H|2122|2527|4625|514|2268
F|35|0|GRAVE02|XA02TEX|0|0|0|0
F|36|0|GRAVE02|XA02TEX|0|0|0|0
F|37|0|GRAVE02|XA02TEX|0|0|0|0
F|39|0|GRAVE02|XA02TEX|0|0|0|0
F|88|1|GRAVE02|XA02TEX|0|0|0|0
F|89|1|GRAVE02|XA02TEX|0|0|0|0
F|90|1|GRAVE02|XA02TEX|0|0|0|0
F|91|1|GRAVE02|XA02TEX|0|0|0|0
F|92|1|GRAVE02|XA02TEX|0|0|0|0
F|93|1|GRAVE02|XA02TEX|0|0|0|0
F|94|1|GRAVE02|XA02TEX|0|0|0|0
F|99|1|GRAVE02|XA02TEX|0|0|0|0
F|100|1|GRAVE02|XA02TEX|0|0|0|0
F|104|0|GRAVE02|XA02TEX|0|0|0|0
F|105|0|GRAVE02|XA02TEX|0|0|0|0
F|106|0|GRAVE02|XA02TEX|0|0|0|0
F|107|0|GRAVE02|XA02TEX|0|0|0|0
F|108|0|GRAVE02|XA02TEX|0|0|0|0
F|109|0|GRAVE02|XA02TEX|0|0|0|0
F|110|0|RROCK19|XA35TEX|0|0|0|0
F|111|0|RROCK19|XA35TEX|0|0|0|0
F|113|0|RROCK19|XA35TEX|0|0|0|0
F|114|0|RROCK19|XA35TEX|0|0|0|0
F|115|0|RROCK19|XA35TEX|0|0|0|0
F|116|0|GRAVE02|XA02TEX|0|0|0|0
F|123|0|RROCK19|XA35TEX|0|0|0|0
F|124|0|RROCK19|XA35TEX|0|0|0|0
F|125|0|RROCK19|XA35TEX|0|0|0|0
F|126|0|RROCK19|XA35TEX|0|0|0|0
F|127|0|RROCK19|XA35TEX|0|0|0|0
F|128|0|RROCK19|XA35TEX|0|0|0|0
F|129|0|RROCK19|XA35TEX|0|0|0|0
F|130|0|RROCK19|XA35TEX|0|0|0|0
F|146|0|QROCK3|QROCK3X8|0|0|0|0
F|146|1|QROCK3|QROCK3X8|0|0|0|0
F|147|0|QROCK3|QROCK3X8|0|0|0|0
F|147|1|QROCK3|QROCK3X8|0|0|0|0
F|148|0|GRAVE02|XA02TEX|0|0|0|0
F|148|1|QROCK3|QROCK3X8|0|0|0|0
F|149|0|QROCK3|QROCK3X8|0|0|0|0
F|149|1|QROCK3|QROCK3X8|0|0|0|0
F|150|0|QROCK3|QROCK3X8|0|0|0|0
F|150|1|QROCK3|QROCK3X8|0|0|0|0
F|151|0|QROCK3|QROCK3X8|0|0|0|0
F|151|1|QROCK3|QROCK3X8|0|0|0|0
F|152|0|QROCK3|QROCK3X8|0|0|0|0
F|152|1|QROCK3|QROCK3X8|0|0|0|0
F|153|0|ADEL_B01|XA30TEX|0|0|0|0
F|153|1|ADEL_B01|XA30TEX|0|0|0|0
F|154|0|QROCK3|QROCK3X8|0|0|0|0
F|154|1|QROCK3|QROCK3X8|0|0|0|0
F|155|0|QROCK3|QROCK3X8|0|0|0|0
F|155|1|QROCK3|QROCK3X8|0|0|0|0
F|156|0|QROCK3|QROCK3X8|0|0|0|0
F|156|1|QROCK3|QROCK3X8|0|0|0|0
F|157|0|QROCK3|QROCK3X8|0|0|0|0
F|157|1|QROCK3|QROCK3X8|0|0|0|0
F|158|0|QROCK3|QROCK3X8|0|0|0|0
F|158|1|QROCK3|QROCK3X8|0|0|0|0
F|159|0|QROCK3|QROCK3X8|0|0|0|0
F|159|1|QROCK3|QROCK3X8|0|0|0|0
F|160|1|QROCK3|QROCK3X8|0|0|0|0
F|161|0|QROCK3|QROCK3X8|0|0|0|0
F|161|1|QROCK3|QROCK3X8|0|0|0|0
F|162|0|QROCK3|QROCK3X8|0|0|0|0
F|162|1|QROCK3|QROCK3X8|0|0|0|0
F|163|0|QROCK3|QROCK3X8|0|0|0|0
F|163|1|QROCK3|QROCK3X8|0|0|0|0
F|164|0|QROCK3|QROCK3X8|0|0|0|0
F|164|1|QROCK3|QROCK3X8|0|0|0|0
F|165|0|QROCK3|QROCK3X8|0|0|0|0
F|165|1|QROCK3|QROCK3X8|0|0|0|0
F|166|0|ADEL_B01|XA30TEX|0|0|0|0
F|166|1|ADEL_B01|XA30TEX|0|0|0|0
F|167|0|QROCK3|QROCK3X8|0|0|0|0
F|167|1|QROCK3|QROCK3X8|0|0|0|0
F|168|0|ADEL_B01|XA30TEX|0|0|0|0
F|168|1|ADEL_B01|XA30TEX|0|0|0|0
F|169|0|QROCK3|QROCK3X8|0|0|0|0
F|169|1|QROCK3|QROCK3X8|0|0|0|0
F|170|0|QROCK3|QROCK3X8|0|0|0|0
F|170|1|QROCK3|QROCK3X8|0|0|0|0
F|171|0|QROCK3|QROCK3X8|0|0|0|0
F|171|1|QROCK3|QROCK3X8|0|0|0|0
F|172|0|QROCK3|QROCK3X8|0|0|0|0
F|172|1|QROCK3|QROCK3X8|0|0|0|0
F|173|0|QROCK3|QROCK3X8|0|0|0|0
F|173|1|QROCK3|QROCK3X8|0|0|0|0
F|174|0|QROCK3|QROCK3X8|0|0|0|0
F|174|1|QROCK3|QROCK3X8|0|0|0|0
F|175|0|QROCK3|QROCK3X8|0|0|0|0
F|175|1|QROCK3|QROCK3X8|0|0|0|0
F|176|0|QROCK3|QROCK3X8|0|0|0|0
F|176|1|QROCK3|QROCK3X8|0|0|0|0
F|177|0|QROCK3|QROCK3X8|0|0|0|0
F|177|1|QROCK3|QROCK3X8|0|0|0|0
F|178|0|QROCK3|QROCK3X8|0|0|0|0
F|178|1|QROCK3|QROCK3X8|0|0|0|0
F|179|0|QROCK3|QROCK3X8|0|0|0|0
F|179|1|QROCK3|QROCK3X8|0|0|0|0
F|180|0|QROCK3|QROCK3X8|0|0|0|0
F|180|1|QROCK3|QROCK3X8|0|0|0|0
F|181|0|QROCK3|QROCK3X8|0|0|0|0
F|181|1|QROCK3|QROCK3X8|0|0|0|0
F|182|0|GROUND2|XA15TEX|0|0|0|0
F|182|1|GRAVE02|XA02TEX|0|0|0|0
F|183|0|QROCK3|QROCK3X8|0|0|0|0
F|183|1|QROCK3|QROCK3X8|0|0|0|0
F|184|0|QROCK3|QROCK3X8|0|0|0|0
F|184|1|QROCK3|QROCK3X8|0|0|0|0
F|185|0|QROCK3|QROCK3X8|0|0|0|0
F|185|1|QROCK3|QROCK3X8|0|0|0|0
F|186|1|QROCK3|QROCK3X8|0|0|0|0
F|187|0|QROCK3|QROCK3X8|0|0|0|0
F|187|1|QROCK3|QROCK3X8|0|0|0|0
F|188|0|QROCK3|QROCK3X8|0|0|0|0
F|188|1|QROCK3|QROCK3X8|0|0|0|0
F|189|0|QROCK3|QROCK3X8|0|0|0|0
F|189|1|QROCK3|QROCK3X8|0|0|0|0
F|190|0|QROCK3|QROCK3X8|0|0|0|0
F|190|1|QROCK3|QROCK3X8|0|0|0|0
F|191|0|QROCK3|QROCK3X8|0|0|0|0
F|191|1|QROCK3|QROCK3X8|0|0|0|0
F|192|0|QROCK3|QROCK3X8|0|0|0|0
F|192|1|QROCK3|QROCK3X8|0|0|0|0
F|193|0|QROCK3|QROCK3X8|0|0|0|0
F|193|1|QROCK3|QROCK3X8|0|0|0|0
F|194|0|QROCK3|QROCK3X8|0|0|0|0
F|194|1|QROCK3|QROCK3X8|0|0|0|0
F|195|0|QROCK3|QROCK3X8|0|0|0|0
F|195|1|QROCK3|QROCK3X8|0|0|0|0
F|196|0|QROCK3|QROCK3X8|0|0|0|0
F|196|1|QROCK3|QROCK3X8|0|0|0|0
F|197|0|QROCK3|QROCK3X8|0|0|0|0
F|197|1|QROCK3|QROCK3X8|0|0|0|0
F|198|0|QROCK3|QROCK3X8|0|0|0|0
F|198|1|QROCK3|QROCK3X8|0|0|0|0
F|199|0|QROCK3|QROCK3X8|0|0|0|0
F|199|1|QROCK3|QROCK3X8|0|0|0|0
F|200|0|QROCK3|QROCK3X8|0|0|0|0
F|200|1|QROCK3|QROCK3X8|0|0|0|0
F|201|0|QROCK3|QROCK3X8|0|0|0|0
F|201|1|QROCK3|QROCK3X8|0|0|0|0
F|202|0|QROCK3|QROCK3X8|0|0|0|0
F|202|1|QROCK3|QROCK3X8|0|0|0|0
F|203|0|QROCK3|QROCK3X8|0|0|0|0
F|203|1|QROCK3|QROCK3X8|0|0|0|0
F|204|0|QROCK3|QROCK3X8|0|0|0|0
F|204|1|QROCK3|QROCK3X8|0|0|0|0
F|205|0|QROCK3|QROCK3X8|0|0|0|0
F|205|1|QROCK3|QROCK3X8|0|0|0|0
F|206|0|QROCK3|QROCK3X8|0|0|0|0
F|206|1|QROCK3|QROCK3X8|0|0|0|0
F|207|0|QROCK3|QROCK3X8|0|0|0|0
F|208|0|QROCK3|QROCK3X8|0|0|0|0
F|208|1|QROCK3|QROCK3X8|0|0|0|0
F|209|0|QROCK3|QROCK3X8|0|0|0|0
F|209|1|QROCK3|QROCK3X8|0|0|0|0
F|210|0|QROCK3|QROCK3X8|0|0|0|0
F|210|1|QROCK3|QROCK3X8|0|0|0|0
F|211|0|QROCK3|QROCK3X8|0|0|0|0
F|211|1|QROCK3|QROCK3X8|0|0|0|0
F|212|0|QROCK3|QROCK3X8|0|0|0|0
F|212|1|QROCK3|QROCK3X8|0|0|0|0
F|213|0|QROCK3|QROCK3X8|0|0|0|0
F|213|1|QROCK3|QROCK3X8|0|0|0|0
F|214|0|QROCK3|QROCK3X8|0|0|0|0
F|214|1|QROCK3|QROCK3X8|0|0|0|0
F|215|0|QROCK3|QROCK3X8|0|0|0|0
F|215|1|QROCK3|QROCK3X8|0|0|0|0
F|216|0|QROCK3|QROCK3X8|0|0|0|0
F|216|1|QROCK3|QROCK3X8|0|0|0|0
F|217|0|QROCK3|QROCK3X8|0|0|0|0
F|217|1|QROCK3|QROCK3X8|0|0|0|0
F|218|0|QROCK3|QROCK3X8|0|0|0|0
F|218|1|QROCK3|QROCK3X8|0|0|0|0
F|219|0|QROCK3|QROCK3X8|0|0|0|0
F|219|1|QROCK3|QROCK3X8|0|0|0|0
F|220|0|QROCK3|QROCK3X8|0|0|0|0
F|220|1|QROCK3|QROCK3X8|0|0|0|0
F|221|0|QROCK3|QROCK3X8|0|0|0|0
F|221|1|QROCK3|QROCK3X8|0|0|0|0
F|222|0|QROCK3|QROCK3X8|0|0|0|0
F|222|1|QROCK3|QROCK3X8|0|0|0|0
F|223|0|QROCK3|QROCK3X8|0|0|0|0
F|223|1|QROCK3|QROCK3X8|0|0|0|0
F|224|0|QROCK3|QROCK3X8|0|0|0|0
F|224|1|QROCK3|QROCK3X8|0|0|0|0
F|225|0|QROCK3|QROCK3X8|0|0|0|0
F|225|1|QROCK3|QROCK3X8|0|0|0|0
F|226|0|QROCK3|QROCK3X8|0|0|0|0
F|226|1|QROCK3|QROCK3X8|0|0|0|0
F|227|0|QROCK3|QROCK3X8|0|0|0|0
F|227|1|QROCK3|QROCK3X8|0|0|0|0
F|228|0|QROCK3|QROCK3X8|0|0|0|0
F|228|1|QROCK3|QROCK3X8|0|0|0|0
F|229|0|QROCK3|QROCK3X8|0|0|0|0
F|229|1|QROCK3|QROCK3X8|0|0|0|0
F|230|0|QROCK3|QROCK3X8|0|0|0|0
F|230|1|QROCK3|QROCK3X8|0|0|0|0
F|231|0|QROCK3|QROCK3X8|0|0|0|0
F|231|1|QROCK3|QROCK3X8|0|0|0|0
F|232|0|QROCK3|QROCK3X8|0|0|0|0
F|232|1|QROCK3|QROCK3X8|0|0|0|0
F|233|0|QROCK3|QROCK3X8|0|0|0|0
F|233|1|QROCK3|QROCK3X8|0|0|0|0
F|234|0|QROCK3|QROCK3X8|0|0|0|0
F|234|1|QROCK3|QROCK3X8|0|0|0|0
F|235|0|QROCK3|QROCK3X8|0|0|0|0
F|235|1|QROCK3|QROCK3X8|0|0|0|0
F|236|0|QROCK3|QROCK3X8|0|0|0|0
F|236|1|QROCK3|QROCK3X8|0|0|0|0
F|237|0|QROCK3|QROCK3X8|0|0|0|0
F|237|1|QROCK3|QROCK3X8|0|0|0|0
F|238|0|QROCK3|QROCK3X8|0|0|0|0
F|238|1|QROCK3|QROCK3X8|0|0|0|0
F|239|0|QROCK3|QROCK3X8|0|0|0|0
F|239|1|QROCK3|QROCK3X8|0|0|0|0
F|240|0|QROCK3|QROCK3X8|0|0|0|0
F|240|1|QROCK3|QROCK3X8|0|0|0|0
F|241|0|QROCK3|QROCK3X8|0|0|0|0
F|241|1|QROCK3|QROCK3X8|0|0|0|0
F|242|0|QROCK3|QROCK3X8|0|0|0|0
F|242|1|QROCK3|QROCK3X8|0|0|0|0
F|243|0|QROCK3|QROCK3X8|0|0|0|0
F|243|1|QROCK3|QROCK3X8|0|0|0|0
F|244|0|QROCK3|QROCK3X8|0|0|0|0
F|244|1|QROCK3|QROCK3X8|0|0|0|0
F|245|0|QROCK3|QROCK3X8|0|0|0|0
F|245|1|QROCK3|QROCK3X8|0|0|0|0
F|246|0|QROCK3|QROCK3X8|0|0|0|0
F|246|1|QROCK3|QROCK3X8|0|0|0|0
F|247|0|QROCK3|QROCK3X8|0|0|0|0
F|247|1|QROCK3|QROCK3X8|0|0|0|0
F|248|0|QROCK3|QROCK3X8|0|0|0|0
F|248|1|QROCK3|QROCK3X8|0|0|0|0
F|249|0|QROCK3|QROCK3X8|0|0|0|0
F|249|1|QROCK3|QROCK3X8|0|0|0|0
F|250|0|GROUND2|XA15TEX|0|0|0|0
F|250|1|GRAVE02|XA02TEX|0|0|0|0
F|251|0|ADEL_B01|XA30TEX|0|0|0|0
F|251|1|ADEL_B01|XA30TEX|0|0|0|0
F|252|0|QROCK3|QROCK3X8|0|0|0|0
F|252|1|QROCK3|QROCK3X8|0|0|0|0
F|253|1|QROCK3|QROCK3X8|0|0|0|0
F|254|1|QROCK3|QROCK3X8|0|0|0|0
F|255|1|QROCK3|QROCK3X8|0|0|0|0
F|256|1|ADEL_B01|XA30TEX|0|0|0|0
F|257|1|QROCK3|QROCK3X8|0|0|0|0
F|258|1|QROCK3|QROCK3X8|0|0|0|0
F|259|1|ADEL_B01|XA30TEX|0|0|0|0
F|260|1|QROCK3|QROCK3X8|0|0|0|0
F|261|1|ADEL_B01|XA30TEX|0|0|0|0
F|262|1|ADEL_B01|XA30TEX|0|0|0|0
F|264|0|QROCK3|QROCK3X8|0|0|0|0
F|264|1|ADEL_B01|XA30TEX|0|0|0|0
F|269|0|ADEL_B01|XA30TEX|0|0|0|0
F|269|1|ADEL_B01|XA30TEX|0|0|0|0
F|272|0|ADEL_B01|XA30TEX|0|0|0|0
F|272|1|ADEL_B01|XA30TEX|0|0|0|0
F|275|0|ADEL_B01|XA30TEX|0|0|0|0
F|275|1|ADEL_B01|XA30TEX|0|0|0|0
F|285|1|QROCK3|QROCK3X8|0|0|0|0
F|286|1|QROCK3|QROCK3X8|0|0|0|0
F|287|1|QROCK3|QROCK3X8|0|0|0|0
F|288|1|ADEL_B01|XA30TEX|0|0|0|0
F|289|1|QROCK3|QROCK3X8|0|0|0|0
F|290|1|QROCK3|QROCK3X8|0|0|0|0
F|291|1|ADEL_B01|XA30TEX|0|0|0|0
F|292|1|QROCK3|QROCK3X8|0|0|0|0
F|293|1|ADEL_B01|XA30TEX|0|0|0|0
F|294|1|ADEL_B01|XA30TEX|0|0|0|0
F|295|0|QROCK3|QROCK3X8|0|0|0|0
F|295|1|ADEL_B01|XA30TEX|0|0|0|0
F|299|0|ADEL_B01|XA30TEX|0|0|0|0
F|299|1|ADEL_B01|XA30TEX|0|0|0|0
F|302|0|ADEL_B01|XA30TEX|0|0|0|0
F|302|1|ADEL_B01|XA30TEX|0|0|0|0
F|305|0|ADEL_B01|XA30TEX|0|0|0|0
F|305|1|ADEL_B01|XA30TEX|0|0|0|0
F|313|1|QROCK3|QROCK3X8|0|0|0|0
F|314|1|QROCK3|QROCK3X8|0|0|0|0
F|315|1|QROCK3|QROCK3X8|0|0|0|0
F|316|1|QROCK3|QROCK3X8|0|0|0|0
F|317|1|ADEL_B01|XA30TEX|0|0|0|0
F|318|1|QROCK3|QROCK3X8|0|0|0|0
F|319|1|QROCK3|QROCK3X8|0|0|0|0
F|320|1|ADEL_B01|XA30TEX|0|0|0|0
F|321|1|QROCK3|QROCK3X8|0|0|0|0
F|322|1|ADEL_B01|XA30TEX|0|0|0|0
F|323|1|ADEL_B01|XA30TEX|0|0|0|0
F|325|0|QROCK3|QROCK3X8|0|0|0|0
F|325|1|ADEL_B01|XA30TEX|0|0|0|0
F|329|0|ADEL_B01|XA30TEX|0|0|0|0
F|329|1|ADEL_B01|XA30TEX|0|0|0|0
F|332|0|ADEL_B01|XA30TEX|0|0|0|0
F|332|1|ADEL_B01|XA30TEX|0|0|0|0
F|335|0|ADEL_B01|XA30TEX|0|0|0|0
F|335|1|ADEL_B01|XA30TEX|0|0|0|0
F|343|0|GROUND2|XA15TEX|0|0|0|0
F|343|1|GRAVE02|XA02TEX|0|0|0|0
F|344|0|GROUND2|XA15TEX|0|0|0|0
F|344|1|GRAVE02|XA02TEX|0|0|0|0
F|345|0|GROUND2|XA15TEX|0|0|0|0
F|345|1|GRAVE02|XA02TEX|0|0|0|0
F|346|0|GROUND2|XA15TEX|0|0|0|0
F|346|1|GRAVE02|XA02TEX|0|0|0|0
F|347|0|GROUND2|XA15TEX|0|0|0|0
F|347|1|GRAVE02|XA02TEX|0|0|0|0
F|348|0|GROUND2|XA15TEX|0|0|0|0
F|348|1|GRAVE02|XA02TEX|0|0|0|0
F|349|0|GROUND2|XA15TEX|0|0|0|0
F|349|1|GRAVE02|XA02TEX|0|0|0|0
F|350|0|GROUND2|XA15TEX|0|0|0|0
F|350|1|GRAVE02|XA02TEX|0|0|0|0
F|351|0|GROUND2|XA15TEX|0|0|0|0
F|351|1|GRAVE02|XA02TEX|0|0|0|0
F|352|1|QROCK3|QROCK3X8|0|0|0|0
F|353|1|QROCK3|QROCK3X8|0|0|0|0
F|354|1|QROCK3|QROCK3X8|0|0|0|0
F|355|1|QROCK3|QROCK3X8|0|0|0|0
F|356|1|QROCK3|QROCK3X8|0|0|0|0
F|357|1|QROCK3|QROCK3X8|0|0|0|0
F|358|1|QROCK3|QROCK3X8|0|0|0|0
F|359|1|QROCK3|QROCK3X8|0|0|0|0
F|360|1|QROCK3|QROCK3X8|0|0|0|0
F|361|1|QROCK3|QROCK3X8|0|0|0|0
F|362|1|QROCK3|QROCK3X8|0|0|0|0
F|363|1|QROCK3|QROCK3X8|0|0|0|0
F|364|0|QROCK3|QROCK3X8|0|0|0|0
F|364|1|QROCK3|QROCK3X8|0|0|0|0
F|365|0|QROCK3|QROCK3X8|0|0|0|0
F|365|1|QROCK3|QROCK3X8|0|0|0|0
F|366|0|QROCK3|QROCK3X8|0|0|0|0
F|366|1|QROCK3|QROCK3X8|0|0|0|0
F|367|0|QROCK3|QROCK3X8|0|0|0|0
F|367|1|QROCK3|QROCK3X8|0|0|0|0
F|368|0|QROCK3|QROCK3X8|0|0|0|0
F|368|1|QROCK3|QROCK3X8|0|0|0|0
F|369|0|QROCK3|QROCK3X8|0|0|0|0
F|369|1|QROCK3|QROCK3X8|0|0|0|0
F|370|0|QROCK3|QROCK3X8|0|0|0|0
F|370|1|QROCK3|QROCK3X8|0|0|0|0
F|371|0|QROCK3|QROCK3X8|0|0|0|0
F|371|1|QROCK3|QROCK3X8|0|0|0|0
F|372|0|QROCK3|QROCK3X8|0|0|0|0
F|372|1|QROCK3|QROCK3X8|0|0|0|0
F|373|0|QROCK3|QROCK3X8|0|0|0|0
F|373|1|QROCK3|QROCK3X8|0|0|0|0
F|374|0|QROCK3|QROCK3X8|0|0|0|0
F|374|1|QROCK3|QROCK3X8|0|0|0|0
F|375|0|QROCK3|QROCK3X8|0|0|0|0
F|375|1|QROCK3|QROCK3X8|0|0|0|0
F|376|0|QROCK3|QROCK3X8|0|0|0|0
F|376|1|QROCK3|QROCK3X8|0|0|0|0
F|377|0|QROCK3|QROCK3X8|0|0|0|0
F|377|1|QROCK3|QROCK3X8|0|0|0|0
F|378|0|ADEL_B01|XA30TEX|0|0|0|0
F|378|1|ADEL_B01|XA30TEX|0|0|0|0
F|380|0|ADEL_B01|XA30TEX|0|0|0|0
F|380|1|ADEL_B01|XA30TEX|0|0|0|0
F|396|0|QROCK3|QROCK3X8|0|0|0|0
F|396|1|QROCK3|QROCK3X8|0|0|0|0
F|397|0|ADEL_B01|XA30TEX|0|0|0|0
F|397|1|ADEL_B01|XA30TEX|0|0|0|0
F|398|0|QROCK3|QROCK3X8|0|0|0|0
F|398|1|QROCK3|QROCK3X8|0|0|0|0
F|399|0|ADEL_B01|XA30TEX|0|0|0|0
F|399|1|ADEL_B01|XA30TEX|0|0|0|0
F|400|0|QROCK3|QROCK3X8|0|0|0|0
F|400|1|QROCK3|QROCK3X8|0|0|0|0
F|401|0|ADEL_B01|XA30TEX|0|0|0|0
F|401|1|ADEL_B01|XA30TEX|0|0|0|0
F|402|0|ADEL_B01|XA30TEX|0|0|0|0
F|402|1|ADEL_B01|XA30TEX|0|0|0|0
F|403|0|QROCK3|QROCK3X8|0|0|0|0
F|403|1|QROCK3|QROCK3X8|0|0|0|0
F|404|0|QROCK3|QROCK3X8|0|0|0|0
F|404|1|QROCK3|QROCK3X8|0|0|0|0
F|405|0|ADEL_B01|XA30TEX|0|0|0|0
F|405|1|ADEL_B01|XA30TEX|0|0|0|0
F|407|0|ADEL_B01|XA30TEX|0|0|0|0
F|407|1|ADEL_B01|XA30TEX|0|0|0|0
F|423|0|QROCK3|QROCK3X8|0|0|0|0
F|423|1|QROCK3|QROCK3X8|0|0|0|0
F|424|0|ADEL_B01|XA30TEX|0|0|0|0
F|424|1|ADEL_B01|XA30TEX|0|0|0|0
F|425|0|QROCK3|QROCK3X8|0|0|0|0
F|425|1|QROCK3|QROCK3X8|0|0|0|0
F|426|0|ADEL_B01|XA30TEX|0|0|0|0
F|426|1|ADEL_B01|XA30TEX|0|0|0|0
F|427|0|QROCK3|QROCK3X8|0|0|0|0
F|427|1|QROCK3|QROCK3X8|0|0|0|0
F|428|0|ADEL_B01|XA30TEX|0|0|0|0
F|428|1|ADEL_B01|XA30TEX|0|0|0|0
F|429|0|ADEL_B01|XA30TEX|0|0|0|0
F|429|1|ADEL_B01|XA30TEX|0|0|0|0
F|430|0|QROCK3|QROCK3X8|0|0|0|0
F|430|1|QROCK3|QROCK3X8|0|0|0|0
F|431|0|QROCK3|QROCK3X8|0|0|0|0
F|431|1|QROCK3|QROCK3X8|0|0|0|0
F|432|0|ADEL_B01|XA30TEX|0|0|0|0
F|432|1|ADEL_B01|XA30TEX|0|0|0|0
F|434|0|ADEL_B01|XA30TEX|0|0|0|0
F|434|1|ADEL_B01|XA30TEX|0|0|0|0
F|450|0|QROCK3|QROCK3X8|0|0|0|0
F|450|1|QROCK3|QROCK3X8|0|0|0|0
F|451|0|ADEL_B01|XA30TEX|0|0|0|0
F|451|1|ADEL_B01|XA30TEX|0|0|0|0
F|452|0|QROCK3|QROCK3X8|0|0|0|0
F|452|1|QROCK3|QROCK3X8|0|0|0|0
F|453|0|ADEL_B01|XA30TEX|0|0|0|0
F|453|1|ADEL_B01|XA30TEX|0|0|0|0
F|454|0|QROCK3|QROCK3X8|0|0|0|0
F|454|1|QROCK3|QROCK3X8|0|0|0|0
F|455|0|ADEL_B01|XA30TEX|0|0|0|0
F|455|1|ADEL_B01|XA30TEX|0|0|0|0
F|456|0|ADEL_B01|XA30TEX|0|0|0|0
F|456|1|ADEL_B01|XA30TEX|0|0|0|0
F|457|0|QROCK3|QROCK3X8|0|0|0|0
F|457|1|QROCK3|QROCK3X8|0|0|0|0
F|458|0|QROCK3|QROCK3X8|0|0|0|0
F|458|1|QROCK3|QROCK3X8|0|0|0|0
F|459|0|ADEL_B01|XA30TEX|0|0|0|0
F|459|1|ADEL_B01|XA30TEX|0|0|0|0
F|461|0|ADEL_B01|XA30TEX|0|0|0|0
F|461|1|ADEL_B01|XA30TEX|0|0|0|0
F|479|0|QROCK3|QROCK3X8|0|0|0|0
F|481|0|QROCK3|QROCK3X8|0|0|0|0
F|482|0|QROCK3|QROCK3X8|0|0|0|0
F|483|0|QROCK3|QROCK3X8|0|0|0|0
F|484|0|QROCK3|QROCK3X8|0|0|0|0
F|485|0|QROCK3|QROCK3X8|0|0|0|0
F|486|0|QROCK3|QROCK3X8|0|0|0|0
F|487|0|QROCK3|QROCK3X8|0|0|0|0
F|488|0|QROCK3|QROCK3X8|0|0|0|0
F|489|0|QROCK3|QROCK3X8|0|0|0|0
F|490|0|QROCK3|QROCK3X8|0|0|0|0
F|491|0|QROCK3|QROCK3X8|0|0|0|0
F|492|0|QROCK3|QROCK3X8|0|0|0|0
F|493|0|QROCK3|QROCK3X8|0|0|0|0
F|494|0|QROCK3|QROCK3X8|0|0|0|0
F|495|0|QROCK3|QROCK3X8|0|0|0|0
F|496|0|QROCK3|QROCK3X8|0|0|0|0
F|497|0|QROCK3|QROCK3X8|0|0|0|0
F|498|0|QROCK3|QROCK3X8|0|0|0|0
F|499|0|QROCK3|QROCK3X8|0|0|0|0
F|500|0|QROCK3|QROCK3X8|0|0|0|0
P|995|0|0|ADEL_B01|XA30TEX|60|0|0|1|1|60|0|-5312|-1296|-5336|-1272|156|251|1
P|995|0|2|ADEL_B01|XA30TEX|60|0|0|1|1|60|0|-5312|-1296|-5336|-1272|156|251|1
P|998|0|0|ADEL_B01|XA30TEX|-8|0|0|1|1|-8|0|-5264|-1344|-5280|-1328|252|459|1
P|998|0|2|ADEL_B01|XA30TEX|-8|0|0|1|1|-8|0|-5264|-1344|-5280|-1328|252|459|1
P|1001|0|0|ADEL_B01|XA30TEX|30|0|0|1|1|30|0|-5472|-1136|-5504|-1104|151|153|1
P|1001|0|2|ADEL_B01|XA30TEX|30|0|0|1|1|30|0|-5472|-1136|-5504|-1104|151|153|1
P|1004|0|0|ADEL_B01|XA30TEX|34|0|0|1|1|34|0|-5520|-1088|-5536|-1072|458|461|1
P|1004|0|2|ADEL_B01|XA30TEX|34|0|0|1|1|34|0|-5520|-1088|-5536|-1072|458|461|1
P|1006|0|0|ADEL_B01|XA30TEX|60|0|0|1|1|60|0|-5448|-1160|-5472|-1136|156|153|1
P|1006|0|2|ADEL_B01|XA30TEX|60|0|0|1|1|60|0|-5448|-1160|-5472|-1136|156|153|1
P|1009|0|0|ADEL_B01|XA30TEX|30|0|0|1|1|30|0|-5336|-1272|-5392|-1216|156|168|1
P|1009|0|2|ADEL_B01|XA30TEX|30|0|0|1|1|30|0|-5336|-1272|-5392|-1216|156|168|1
P|1013|0|1|ADEL_B01|XA30TEX|-54|0|0|1|1|-54|-48|-5712|-624|-5712|-576|186|-1|1
P|1016|0|1|ADEL_B01|XA30TEX|-6|0|0|1|1|-6|-96|-5712|-576|-5712|-560|254|-1|1
P|1019|0|1|ADEL_B01|XA30TEX|52|0|0|1|1|52|-48|-5712|-288|-5712|-240|253|-1|1
P|1022|0|0|ADEL_B01|XA30TEX|25|0|0|1|1|25|-32|-5712|-352|-5712|-304|255|256|1
P|1025|0|0|ADEL_B01|XA30TEX|57|0|0|1|1|57|-16|-5712|-512|-5712|-496|258|259|1
P|1028|0|0|ADEL_B01|XA30TEX|57|0|0|1|1|57|-64|-5712|-448|-5712|-434|260|261|1
P|1031|0|0|ADEL_B01|XA30TEX|25|0|0|1|1|25|-16|-5712|-416|-5712|-368|257|262|1
P|1033|0|0|ADEL_B01|XA30TEX|9|0|0|1|1|9|-32|-5712|-560|-5712|-512|254|259|1
P|1033|1|2|ADEL_B01|XA30TEX|0|0|0|1|1|0|0|-5712|-512|-5712|-560|259|254|1
P|1034|0|1|ADEL_B01|XA30TEX|-54|0|0|1|1|-54|-64|-5712|-560|-5744|-560|259|-1|1
P|1036|0|1|ADEL_B01|XA30TEX|36|0|0|1|1|36|-96|-5712|-304|-5712|-288|255|-1|1
P|1037|0|1|ADEL_B01|XA30TEX|4|0|0|1|1|4|-64|-5744|-304|-5712|-304|256|-1|1
P|1038|0|0|ADEL_B01|XA30TEX|9|0|0|1|1|9|-16|-5712|-496|-5712|-448|258|261|1
P|1040|0|0|ADEL_B01|XA30TEX|9|0|0|1|1|9|0|-5712|-496|-5744|-496|261|259|1
P|1041|0|0|ADEL_B01|XA30TEX|9|0|0|1|1|9|-16|-5712|-368|-5712|-352|257|256|1
P|1045|0|0|ADEL_B01|XA30TEX|7|0|0|1|1|7|-64|-5712|-434|-5712|-430|260|264|1
P|1048|0|0|ADEL_B01|XA30TEX|11|0|0|1|1|11|-64|-5712|-430|-5712|-416|260|262|1
P|1050|0|1|ADEL_B01|XA30TEX|-22|0|0|1|1|-22|0|-5744|-560|-5745|-561|263|-1|1
P|1051|0|1|ADEL_B01|XA30TEX|0|0|0|1|1|0|0|-5760|-576|-5776|-576|265|-1|1
P|1052|0|1|ADEL_B01|XA30TEX|0|0|0|1|1|0|0|-5952|-576|-5968|-560|265|-1|1
P|1053|0|1|ADEL_B01|XA30TEX|-41|0|0|1|1|-41|0|-5968|-560|-5968|-544|265|-1|1
P|1054|0|1|ADEL_B01|XA30TEX|-41|0|0|1|1|-41|0|-5968|-304|-5952|-288|265|-1|1
P|1055|0|1|ADEL_B01|XA30TEX|-18|0|0|1|1|-18|0|-5952|-288|-5936|-288|265|-1|1
P|1056|0|1|ADEL_B01|XA30TEX|46|0|0|1|1|46|0|-5760|-288|-5745|-303|265|-1|1
P|1061|0|0|ADEL_B01|XA30TEX|-25|0|0|1|1|-25|0|-5968|-544|-5968|-320|265|269|1
P|1061|0|2|ADEL_B01|XA30TEX|-25|0|0|1|1|-25|0|-5968|-544|-5968|-320|265|269|1
P|1062|0|1|ADEL_B01|XA30TEX|7|0|0|1|1|7|-80|-5968|-544|-5976|-544|269|-1|1
P|1064|0|1|ADEL_B01|XA30TEX|-57|0|0|1|1|-57|0|-5968|-320|-5968|-304|265|-1|1
P|1074|0|1|ADEL_B01|XA30TEX|-1|0|0|1|1|-1|-64|-5976|-320|-5968|-320|269|-1|1
P|1076|1|0|ADEL_B01|XA30TEX|-48|0|0|1|1|-48|0|-5776|-576|-5936|-576|265|272|1
P|1076|1|2|ADEL_B01|XA30TEX|-48|0|0|1|1|-48|0|-5776|-576|-5936|-576|265|272|1
P|1077|0|1|ADEL_B01|XA30TEX|23|0|0|1|1|23|-80|-5776|-576|-5776|-584|272|-1|1
P|1088|0|1|ADEL_B01|XA30TEX|-24|0|0|1|1|-24|-64|-5936|-584|-5936|-576|272|-1|1
P|1090|0|1|ADEL_B01|XA30TEX|-16|0|0|1|1|-16|0|-5936|-576|-5952|-576|265|-1|1
P|1091|1|0|ADEL_B01|XA30TEX|-2|0|0|1|1|-2|0|-5936|-288|-5776|-288|265|275|1
P|1091|1|2|ADEL_B01|XA30TEX|-2|0|0|1|1|-2|0|-5936|-288|-5776|-288|265|275|1
P|1092|0|1|ADEL_B01|XA30TEX|30|0|0|1|1|30|-80|-5936|-288|-5936|-280|275|-1|1
P|1103|0|1|ADEL_B01|XA30TEX|-25|0|0|1|1|-25|-64|-5776|-280|-5776|-288|275|-1|1
P|1105|0|1|ADEL_B01|XA30TEX|30|0|0|1|1|30|0|-5776|-288|-5760|-288|265|-1|1
P|1178|0|1|ADEL_B01|XA30TEX|3|0|0|1|1|3|0|-5745|-303|-5744|-304|263|-1|1
P|1179|0|1|ADEL_B01|XA30TEX|-21|0|0|1|1|-21|0|-5745|-561|-5760|-576|265|-1|1
P|1183|0|1|ADEL_B01|XA30TEX|-54|0|0|1|1|-54|-48|-3248|-240|-3248|-288|160|-1|1
P|1186|0|1|ADEL_B01|XA30TEX|-6|0|0|1|1|-6|-96|-3248|-288|-3248|-304|286|-1|1
P|1189|0|1|ADEL_B01|XA30TEX|52|0|0|1|1|52|-48|-3248|-576|-3248|-624|285|-1|1
P|1192|0|0|ADEL_B01|XA30TEX|25|0|0|1|1|25|-32|-3248|-512|-3248|-560|287|288|1
P|1195|0|0|ADEL_B01|XA30TEX|57|0|0|1|1|57|-16|-3248|-352|-3248|-368|290|291|1
P|1198|0|0|ADEL_B01|XA30TEX|57|0|0|1|1|57|-64|-3248|-416|-3248|-430|292|293|1
P|1201|0|0|ADEL_B01|XA30TEX|25|0|0|1|1|25|-16|-3248|-448|-3248|-496|289|294|1
P|1203|0|0|ADEL_B01|XA30TEX|9|0|0|1|1|9|-32|-3248|-304|-3248|-352|286|291|1
P|1203|1|2|ADEL_B01|XA30TEX|0|0|0|1|1|0|0|-3248|-352|-3248|-304|291|286|1
P|1204|0|1|ADEL_B01|XA30TEX|-54|0|0|1|1|-54|-64|-3248|-304|-3216|-304|291|-1|1
P|1206|0|1|ADEL_B01|XA30TEX|36|0|0|1|1|36|-96|-3248|-560|-3248|-576|287|-1|1
P|1207|0|1|ADEL_B01|XA30TEX|4|0|0|1|1|4|-64|-3216|-560|-3248|-560|288|-1|1
P|1208|0|0|ADEL_B01|XA30TEX|9|0|0|1|1|9|-16|-3248|-368|-3248|-416|290|293|1
P|1210|0|0|ADEL_B01|XA30TEX|9|0|0|1|1|9|0|-3248|-368|-3216|-368|293|291|1
P|1211|0|0|ADEL_B01|XA30TEX|9|0|0|1|1|9|-16|-3248|-496|-3248|-512|289|288|1
P|1215|0|0|ADEL_B01|XA30TEX|7|0|0|1|1|7|-64|-3248|-430|-3248|-434|292|295|1
P|1218|0|0|ADEL_B01|XA30TEX|11|0|0|1|1|11|-64|-3248|-434|-3248|-448|292|294|1
P|1220|0|1|ADEL_B01|XA30TEX|-22|0|0|1|1|-22|0|-3216|-304|-3215|-303|284|-1|1
P|1221|0|1|ADEL_B01|XA30TEX|0|0|0|1|1|0|0|-3200|-288|-3184|-288|283|-1|1
P|1222|0|1|ADEL_B01|XA30TEX|0|0|0|1|1|0|0|-3008|-288|-2992|-304|283|-1|1
P|1223|0|1|ADEL_B01|XA30TEX|-41|0|0|1|1|-41|0|-2992|-304|-2992|-320|283|-1|1
P|1224|0|1|ADEL_B01|XA30TEX|-41|0|0|1|1|-41|0|-2992|-560|-3008|-576|283|-1|1
P|1225|0|1|ADEL_B01|XA30TEX|-18|0|0|1|1|-18|0|-3008|-576|-3024|-576|283|-1|1
P|1226|0|1|ADEL_B01|XA30TEX|46|0|0|1|1|46|0|-3200|-576|-3215|-561|283|-1|1
P|1231|0|0|ADEL_B01|XA30TEX|-25|0|0|1|1|-25|0|-2992|-320|-2992|-544|283|299|1
P|1231|0|2|ADEL_B01|XA30TEX|-25|0|0|1|1|-25|0|-2992|-320|-2992|-544|283|299|1
P|1232|0|1|ADEL_B01|XA30TEX|7|0|0|1|1|7|-80|-2992|-320|-2984|-320|299|-1|1
P|1234|0|1|ADEL_B01|XA30TEX|-57|0|0|1|1|-57|0|-2992|-544|-2992|-560|283|-1|1
P|1244|0|1|ADEL_B01|XA30TEX|-1|0|0|1|1|-1|-64|-2984|-544|-2992|-544|299|-1|1
P|1246|1|0|ADEL_B01|XA30TEX|-48|0|0|1|1|-48|0|-3184|-288|-3024|-288|283|302|1
P|1246|1|2|ADEL_B01|XA30TEX|-48|0|0|1|1|-48|0|-3184|-288|-3024|-288|283|302|1
P|1247|0|1|ADEL_B01|XA30TEX|23|0|0|1|1|23|-80|-3184|-288|-3184|-280|302|-1|1
P|1258|0|1|ADEL_B01|XA30TEX|-24|0|0|1|1|-24|-64|-3024|-280|-3024|-288|302|-1|1
P|1260|0|1|ADEL_B01|XA30TEX|-16|0|0|1|1|-16|0|-3024|-288|-3008|-288|283|-1|1
P|1261|1|0|ADEL_B01|XA30TEX|-2|0|0|1|1|-2|0|-3024|-576|-3184|-576|283|305|1
P|1261|1|2|ADEL_B01|XA30TEX|-2|0|0|1|1|-2|0|-3024|-576|-3184|-576|283|305|1
P|1262|0|1|ADEL_B01|XA30TEX|30|0|0|1|1|30|-80|-3024|-576|-3024|-584|305|-1|1
P|1273|0|1|ADEL_B01|XA30TEX|-25|0|0|1|1|-25|-64|-3184|-584|-3184|-576|305|-1|1
P|1275|0|1|ADEL_B01|XA30TEX|30|0|0|1|1|30|0|-3184|-576|-3200|-576|283|-1|1
P|1348|0|1|ADEL_B01|XA30TEX|3|0|0|1|1|3|0|-3215|-561|-3216|-560|284|-1|1
P|1349|0|1|ADEL_B01|XA30TEX|-21|0|0|1|1|-21|0|-3215|-303|-3200|-288|283|-1|1
P|1352|0|1|ADEL_B01|XA30TEX|-54|0|0|1|1|-54|-48|-4672|672|-4624|672|313|-1|1
P|1355|0|1|ADEL_B01|XA30TEX|-6|0|0|1|1|-6|-96|-4624|672|-4608|672|315|-1|1
P|1358|0|1|ADEL_B01|XA30TEX|52|0|0|1|1|52|-48|-4337|672|-4289|672|314|-1|1
P|1361|0|0|ADEL_B01|XA30TEX|25|0|0|1|1|25|-32|-4401|672|-4353|672|316|317|1
P|1364|0|0|ADEL_B01|XA30TEX|57|0|0|1|1|57|-16|-4560|672|-4544|672|319|320|1
P|1367|0|0|ADEL_B01|XA30TEX|57|0|0|1|1|57|-64|-4497|672|-4483|672|321|322|1
P|1370|0|0|ADEL_B01|XA30TEX|25|0|0|1|1|25|-16|-4465|672|-4417|672|318|323|1
P|1372|0|0|ADEL_B01|XA30TEX|9|0|0|1|1|9|-32|-4608|672|-4560|672|315|320|1
P|1372|1|2|ADEL_B01|XA30TEX|0|0|0|1|1|0|0|-4560|672|-4608|672|320|315|1
P|1373|0|1|ADEL_B01|XA30TEX|-54|0|0|1|1|-54|-64|-4608|672|-4608|704|320|-1|1
P|1375|0|1|ADEL_B01|XA30TEX|36|0|0|1|1|36|-96|-4353|672|-4337|672|316|-1|1
P|1376|0|1|ADEL_B01|XA30TEX|4|0|0|1|1|4|-64|-4353|704|-4353|672|317|-1|1
P|1377|0|0|ADEL_B01|XA30TEX|9|0|0|1|1|9|-16|-4544|672|-4497|672|319|322|1
P|1379|0|0|ADEL_B01|XA30TEX|9|0|0|1|1|9|0|-4544|672|-4544|704|322|320|1
P|1380|0|0|ADEL_B01|XA30TEX|9|0|0|1|1|9|-16|-4417|672|-4401|672|318|317|1
P|1384|0|0|ADEL_B01|XA30TEX|7|0|0|1|1|7|-64|-4483|672|-4479|672|321|325|1
P|1387|0|0|ADEL_B01|XA30TEX|11|0|0|1|1|11|-64|-4479|672|-4465|672|321|323|1
P|1389|0|1|ADEL_B01|XA30TEX|-22|0|0|1|1|-22|0|-4608|704|-4609|705|324|-1|1
P|1390|0|1|ADEL_B01|XA30TEX|0|0|0|1|1|0|0|-4624|720|-4624|736|326|-1|1
P|1391|0|1|ADEL_B01|XA30TEX|0|0|0|1|1|0|0|-4624|912|-4608|928|326|-1|1
P|1392|0|1|ADEL_B01|XA30TEX|-41|0|0|1|1|-41|0|-4608|928|-4592|928|326|-1|1
P|1393|0|1|ADEL_B01|XA30TEX|-41|0|0|1|1|-41|0|-4353|928|-4337|912|326|-1|1
P|1394|0|1|ADEL_B01|XA30TEX|-18|0|0|1|1|-18|0|-4337|912|-4337|896|326|-1|1
P|1395|0|1|ADEL_B01|XA30TEX|46|0|0|1|1|46|0|-4337|720|-4352|705|326|-1|1
P|1400|0|0|ADEL_B01|XA30TEX|-25|0|0|1|1|-25|0|-4592|928|-4369|928|326|329|1
P|1400|0|2|ADEL_B01|XA30TEX|-25|0|0|1|1|-25|0|-4592|928|-4369|928|326|329|1
P|1401|0|1|ADEL_B01|XA30TEX|7|0|0|1|1|7|-80|-4592|928|-4592|936|329|-1|1
P|1403|0|1|ADEL_B01|XA30TEX|-57|0|0|1|1|-57|0|-4369|928|-4353|928|326|-1|1
P|1413|0|1|ADEL_B01|XA30TEX|-1|0|0|1|1|-1|-64|-4369|936|-4369|928|329|-1|1
P|1415|1|0|ADEL_B01|XA30TEX|-48|0|0|1|1|-48|0|-4624|736|-4624|896|326|332|1
P|1415|1|2|ADEL_B01|XA30TEX|-48|0|0|1|1|-48|0|-4624|736|-4624|896|326|332|1
P|1416|0|1|ADEL_B01|XA30TEX|23|0|0|1|1|23|-80|-4624|736|-4632|736|332|-1|1
P|1427|0|1|ADEL_B01|XA30TEX|-24|0|0|1|1|-24|-64|-4632|896|-4624|896|332|-1|1
P|1429|0|1|ADEL_B01|XA30TEX|-16|0|0|1|1|-16|0|-4624|896|-4624|912|326|-1|1
P|1430|1|0|ADEL_B01|XA30TEX|-2|0|0|1|1|-2|0|-4337|896|-4337|736|326|335|1
P|1430|1|2|ADEL_B01|XA30TEX|-2|0|0|1|1|-2|0|-4337|896|-4337|736|326|335|1
P|1431|0|1|ADEL_B01|XA30TEX|30|0|0|1|1|30|-80|-4337|896|-4329|896|335|-1|1
P|1442|0|1|ADEL_B01|XA30TEX|-25|0|0|1|1|-25|-64|-4329|736|-4337|736|335|-1|1
P|1444|0|1|ADEL_B01|XA30TEX|30|0|0|1|1|30|0|-4337|736|-4337|720|326|-1|1
P|1517|0|1|ADEL_B01|XA30TEX|3|0|0|1|1|3|0|-4352|705|-4353|704|324|-1|1
P|1518|0|1|ADEL_B01|XA30TEX|-21|0|0|1|1|-21|0|-4609|705|-4624|720|326|-1|1
P|1528|0|0|ADEL_B01|XA30TEX|45|0|0|1|1|45|0|-5392|-1216|-5448|-1160|156|166|1
P|1528|0|2|ADEL_B01|XA30TEX|45|0|0|1|1|45|0|-5392|-1216|-5448|-1160|156|166|1
P|1531|0|0|ADEL_B01|XA30TEX|11|0|0|1|1|11|0|-5504|-1104|-5520|-1088|151|461|1
P|1531|0|2|ADEL_B01|XA30TEX|11|0|0|1|1|11|0|-5504|-1104|-5520|-1088|151|461|1
P|1534|0|0|ADEL_B01|XA30TEX|15|0|0|1|1|15|0|-5280|-1328|-5312|-1296|252|251|1
P|1534|0|2|ADEL_B01|XA30TEX|15|0|0|1|1|15|0|-5280|-1328|-5312|-1296|252|251|1
P|1767|0|1|ADEL_B01|XA30TEX|-12|0|0|1|1|-12|0|-5568|176|-5536|208|376|-1|1
P|1768|0|0|ADEL_B01|XA30TEX|-31|0|0|1|1|-31|0|-5536|208|-5520|224|376|378|1
P|1768|0|2|ADEL_B01|XA30TEX|-31|0|0|1|1|-31|0|-5536|208|-5520|224|376|378|1
P|1769|0|1|ADEL_B01|XA30TEX|45|0|0|1|1|45|8|-5536|208|-5552|224|378|-1|1
P|1771|0|1|ADEL_B01|XA30TEX|57|0|0|1|1|57|0|-5248|496|-5216|528|377|-1|1
P|1772|0|1|ADEL_B01|XA30TEX|34|0|0|1|1|34|8|-5264|512|-5248|496|380|-1|1
P|1888|0|0|ADEL_B01|XA30TEX|15|0|0|1|1|15|0|-5504|240|-5472|272|396|397|1
P|1888|0|2|ADEL_B01|XA30TEX|15|0|0|1|1|15|0|-5504|240|-5472|272|396|397|1
P|1891|0|0|ADEL_B01|XA30TEX|11|0|0|1|1|11|0|-5280|464|-5264|480|398|380|1
P|1891|0|2|ADEL_B01|XA30TEX|11|0|0|1|1|11|0|-5280|464|-5264|480|398|380|1
P|1894|0|0|ADEL_B01|XA30TEX|45|0|0|1|1|45|0|-5392|352|-5336|408|400|401|1
P|1894|0|2|ADEL_B01|XA30TEX|45|0|0|1|1|45|0|-5392|352|-5336|408|400|401|1
P|1898|0|0|ADEL_B01|XA30TEX|30|0|0|1|1|30|0|-5448|296|-5392|352|400|402|1
P|1898|0|2|ADEL_B01|XA30TEX|30|0|0|1|1|30|0|-5448|296|-5392|352|400|402|1
P|1901|0|0|ADEL_B01|XA30TEX|60|0|0|1|1|60|0|-5336|408|-5312|432|400|399|1
P|1901|0|2|ADEL_B01|XA30TEX|60|0|0|1|1|60|0|-5336|408|-5312|432|400|399|1
P|1903|0|0|ADEL_B01|XA30TEX|34|0|0|1|1|34|0|-5264|480|-5248|496|377|380|1
P|1903|0|2|ADEL_B01|XA30TEX|34|0|0|1|1|34|0|-5264|480|-5248|496|377|380|1
P|1906|0|0|ADEL_B01|XA30TEX|30|0|0|1|1|30|0|-5312|432|-5280|464|398|399|1
P|1906|0|2|ADEL_B01|XA30TEX|30|0|0|1|1|30|0|-5312|432|-5280|464|398|399|1
P|1909|0|0|ADEL_B01|XA30TEX|-8|0|0|1|1|-8|0|-5520|224|-5504|240|396|378|1
P|1909|0|2|ADEL_B01|XA30TEX|-8|0|0|1|1|-8|0|-5520|224|-5504|240|396|378|1
P|1912|0|0|ADEL_B01|XA30TEX|60|0|0|1|1|60|0|-5472|272|-5448|296|400|397|1
P|1912|0|2|ADEL_B01|XA30TEX|60|0|0|1|1|60|0|-5472|272|-5448|296|400|397|1
P|1918|0|1|ADEL_B01|XA30TEX|-12|0|0|1|1|-12|0|-3744|528|-3712|496|403|-1|1
P|1919|0|0|ADEL_B01|XA30TEX|-31|0|0|1|1|-31|0|-3712|496|-3696|480|403|405|1
P|1919|0|2|ADEL_B01|XA30TEX|-31|0|0|1|1|-31|0|-3712|496|-3696|480|403|405|1
P|1920|0|1|ADEL_B01|XA30TEX|45|0|0|1|1|45|8|-3712|496|-3696|512|405|-1|1
P|1922|0|1|ADEL_B01|XA30TEX|57|0|0|1|1|57|0|-3424|208|-3392|177|404|-1|1
P|1923|0|1|ADEL_B01|XA30TEX|34|0|0|1|1|34|8|-3408|224|-3424|208|407|-1|1
P|2039|0|0|ADEL_B01|XA30TEX|15|0|0|1|1|15|0|-3680|464|-3648|432|423|424|1
P|2039|0|2|ADEL_B01|XA30TEX|15|0|0|1|1|15|0|-3680|464|-3648|432|423|424|1
P|2042|0|0|ADEL_B01|XA30TEX|11|0|0|1|1|11|0|-3456|240|-3440|224|425|407|1
P|2042|0|2|ADEL_B01|XA30TEX|11|0|0|1|1|11|0|-3456|240|-3440|224|425|407|1
P|2045|0|0|ADEL_B01|XA30TEX|45|0|0|1|1|45|0|-3568|352|-3512|296|427|428|1
P|2045|0|2|ADEL_B01|XA30TEX|45|0|0|1|1|45|0|-3568|352|-3512|296|427|428|1
P|2049|0|0|ADEL_B01|XA30TEX|30|0|0|1|1|30|0|-3624|408|-3568|352|427|429|1
P|2049|0|2|ADEL_B01|XA30TEX|30|0|0|1|1|30|0|-3624|408|-3568|352|427|429|1
P|2052|0|0|ADEL_B01|XA30TEX|60|0|0|1|1|60|0|-3512|296|-3488|272|427|426|1
P|2052|0|2|ADEL_B01|XA30TEX|60|0|0|1|1|60|0|-3512|296|-3488|272|427|426|1
P|2054|0|0|ADEL_B01|XA30TEX|34|0|0|1|1|34|0|-3440|224|-3424|208|404|407|1
P|2054|0|2|ADEL_B01|XA30TEX|34|0|0|1|1|34|0|-3440|224|-3424|208|404|407|1
P|2057|0|0|ADEL_B01|XA30TEX|30|0|0|1|1|30|0|-3488|272|-3456|240|425|426|1
P|2057|0|2|ADEL_B01|XA30TEX|30|0|0|1|1|30|0|-3488|272|-3456|240|425|426|1
P|2060|0|0|ADEL_B01|XA30TEX|-8|0|0|1|1|-8|0|-3696|480|-3680|464|423|405|1
P|2060|0|2|ADEL_B01|XA30TEX|-8|0|0|1|1|-8|0|-3696|480|-3680|464|423|405|1
P|2063|0|0|ADEL_B01|XA30TEX|60|0|0|1|1|60|0|-3648|432|-3624|408|427|424|1
P|2063|0|2|ADEL_B01|XA30TEX|60|0|0|1|1|60|0|-3648|432|-3624|408|427|424|1
P|2070|0|1|ADEL_B01|XA30TEX|-12|0|0|1|1|-12|0|-3392|-1040|-3424|-1072|430|-1|1
P|2071|0|0|ADEL_B01|XA30TEX|-31|0|0|1|1|-31|0|-3424|-1072|-3440|-1088|430|432|1
P|2071|0|2|ADEL_B01|XA30TEX|-31|0|0|1|1|-31|0|-3424|-1072|-3440|-1088|430|432|1
P|2072|0|1|ADEL_B01|XA30TEX|45|0|0|1|1|45|8|-3424|-1072|-3408|-1088|432|-1|1
P|2074|0|1|ADEL_B01|XA30TEX|57|0|0|1|1|57|0|-3712|-1360|-3743|-1392|431|-1|1
P|2075|0|1|ADEL_B01|XA30TEX|34|0|0|1|1|34|8|-3696|-1376|-3712|-1360|434|-1|1
P|2191|0|0|ADEL_B01|XA30TEX|15|0|0|1|1|15|0|-3456|-1104|-3488|-1136|450|451|1
P|2191|0|2|ADEL_B01|XA30TEX|15|0|0|1|1|15|0|-3456|-1104|-3488|-1136|450|451|1
P|2194|0|0|ADEL_B01|XA30TEX|11|0|0|1|1|11|0|-3680|-1328|-3696|-1344|452|434|1
P|2194|0|2|ADEL_B01|XA30TEX|11|0|0|1|1|11|0|-3680|-1328|-3696|-1344|452|434|1
P|2197|0|0|ADEL_B01|XA30TEX|45|0|0|1|1|45|0|-3568|-1216|-3624|-1272|454|455|1
P|2197|0|2|ADEL_B01|XA30TEX|45|0|0|1|1|45|0|-3568|-1216|-3624|-1272|454|455|1
P|2201|0|0|ADEL_B01|XA30TEX|30|0|0|1|1|30|0|-3512|-1160|-3568|-1216|454|456|1
P|2201|0|2|ADEL_B01|XA30TEX|30|0|0|1|1|30|0|-3512|-1160|-3568|-1216|454|456|1
P|2204|0|0|ADEL_B01|XA30TEX|60|0|0|1|1|60|0|-3624|-1272|-3648|-1296|454|453|1
P|2204|0|2|ADEL_B01|XA30TEX|60|0|0|1|1|60|0|-3624|-1272|-3648|-1296|454|453|1
P|2206|0|0|ADEL_B01|XA30TEX|34|0|0|1|1|34|0|-3696|-1344|-3712|-1360|431|434|1
P|2206|0|2|ADEL_B01|XA30TEX|34|0|0|1|1|34|0|-3696|-1344|-3712|-1360|431|434|1
P|2209|0|0|ADEL_B01|XA30TEX|30|0|0|1|1|30|0|-3648|-1296|-3680|-1328|452|453|1
P|2209|0|2|ADEL_B01|XA30TEX|30|0|0|1|1|30|0|-3648|-1296|-3680|-1328|452|453|1
P|2212|0|0|ADEL_B01|XA30TEX|-8|0|0|1|1|-8|0|-3440|-1088|-3456|-1104|450|432|1
P|2212|0|2|ADEL_B01|XA30TEX|-8|0|0|1|1|-8|0|-3440|-1088|-3456|-1104|450|432|1
P|2215|0|0|ADEL_B01|XA30TEX|60|0|0|1|1|60|0|-3488|-1136|-3512|-1160|454|451|1
P|2215|0|2|ADEL_B01|XA30TEX|60|0|0|1|1|60|0|-3488|-1136|-3512|-1160|454|451|1
P|2222|0|1|ADEL_B01|XA30TEX|-12|0|0|1|1|-12|0|-5216|-1392|-5248|-1360|457|-1|1
P|2223|0|0|ADEL_B01|XA30TEX|-31|0|0|1|1|-31|0|-5248|-1360|-5264|-1344|457|459|1
P|2223|0|2|ADEL_B01|XA30TEX|-31|0|0|1|1|-31|0|-5248|-1360|-5264|-1344|457|459|1
P|2224|0|1|ADEL_B01|XA30TEX|45|0|0|1|1|45|8|-5248|-1360|-5264|-1376|459|-1|1
P|2226|0|1|ADEL_B01|XA30TEX|57|0|0|1|1|57|0|-5536|-1072|-5568|-1041|458|-1|1
P|2227|0|1|ADEL_B01|XA30TEX|34|0|0|1|1|34|8|-5552|-1088|-5536|-1072|461|-1|1
W|943|0|2|GRAVE02|XA02TEX|0|3200|0|1|1|0|0|-4608|-1520|-4640|-1424|182|148|1
W|944|0|0|GRAVE02|XA02TEX|0|4224|0|1|1|0|0|-4640|-1424|-4768|-1360|250|148|1
W|944|0|2|GRAVE02|XA02TEX|0|4224|0|1|1|0|0|-4640|-1424|-4768|-1360|250|148|1
W|945|0|0|GRAVE02|XA02TEX|143.10835056|4224|0|1|1|0|0|-4768|-1360|-4928|-1296|250|148|1
W|945|0|2|GRAVE02|XA02TEX|143.10835056|4224|0|1|1|0|0|-4768|-1360|-4928|-1296|250|148|1
W|946|0|0|GRAVE02|XA02TEX|315.433624388|4224|0|1|1|0|0|-4928|-1296|-4960|-1232|250|148|1
W|946|0|2|GRAVE02|XA02TEX|315.433624388|4224|0|1|1|0|0|-4928|-1296|-4960|-1232|250|148|1
W|947|0|0|GRAVE02|XA02TEX|386.987799668|4224|0|1|1|0|0|-4960|-1232|-4896|-1152|250|148|1
W|947|0|2|GRAVE02|XA02TEX|386.987799668|4224|0|1|1|0|0|-4960|-1232|-4896|-1152|250|148|1
W|948|0|0|GRAVE02|XA02TEX|489.437787467|4224|0|1|1|0|0|-4896|-1152|-4720|-1200|250|148|1
W|948|0|2|GRAVE02|XA02TEX|489.437787467|4224|0|1|1|0|0|-4896|-1152|-4720|-1200|250|148|1
W|949|0|0|GRAVE02|XA02TEX|159.865855483|4224|0|1|1|0|0|-4720|-1200|-4640|-1296|250|148|1
W|949|0|2|GRAVE02|XA02TEX|159.865855483|4224|0|1|1|0|0|-4720|-1200|-4640|-1296|250|148|1
W|950|0|0|GRAVE02|XA02TEX|284.829850298|4224|0|1|1|0|0|-4640|-1296|-4512|-1328|250|148|1
W|950|0|2|GRAVE02|XA02TEX|284.829850298|4224|0|1|1|0|0|-4640|-1296|-4512|-1328|250|148|1
W|951|0|0|GRAVE02|XA02TEX|416.769230317|4224|0|1|1|0|0|-4512|-1328|-4416|-1296|250|148|1
W|951|0|2|GRAVE02|XA02TEX|416.769230317|4224|0|1|1|0|0|-4512|-1328|-4416|-1296|250|148|1
W|952|0|0|GRAVE02|XA02TEX|5.962115443|4224|0|1|1|0|0|-4416|-1296|-4256|-1200|250|148|1
W|952|0|2|GRAVE02|XA02TEX|5.962115443|4224|0|1|1|0|0|-4416|-1296|-4256|-1200|250|148|1
W|953|0|0|GRAVE02|XA02TEX|192.552576078|4224|0|1|1|0|0|-4256|-1200|-4096|-1136|250|148|1
W|953|0|2|GRAVE02|XA02TEX|192.552576078|4224|0|1|1|0|0|-4256|-1200|-4096|-1136|250|148|1
W|954|0|0|GRAVE02|XA02TEX|364.877849906|4224|0|1|1|0|0|-4096|-1136|-3936|-1152|250|148|1
W|954|0|2|GRAVE02|XA02TEX|364.877849906|4224|0|1|1|0|0|-4096|-1136|-3936|-1152|250|148|1
W|955|0|0|GRAVE02|XA02TEX|13.675859844|4224|0|1|1|0|0|-3936|-1152|-3936|-1168|250|148|1
W|955|0|2|GRAVE02|XA02TEX|13.675859844|4224|0|1|1|0|0|-3936|-1152|-3936|-1168|250|148|1
W|956|0|0|GRAVE02|XA02TEX|29.675859844|4224|0|1|1|0|0|-3936|-1168|-3968|-1264|250|148|1
W|956|0|2|GRAVE02|XA02TEX|29.675859844|4224|0|1|1|0|0|-3936|-1168|-3968|-1264|250|148|1
W|957|0|0|GRAVE02|XA02TEX|130.868744969|4224|0|1|1|0|0|-3968|-1264|-4096|-1296|250|148|1
W|957|0|2|GRAVE02|XA02TEX|130.868744969|4224|0|1|1|0|0|-3968|-1264|-4096|-1296|250|148|1
W|958|0|0|GRAVE02|XA02TEX|262.808124989|4224|0|1|1|0|0|-4096|-1296|-4240|-1360|250|148|1
W|958|0|2|GRAVE02|XA02TEX|262.808124989|4224|0|1|1|0|0|-4096|-1296|-4240|-1360|250|148|1
W|959|0|0|GRAVE02|XA02TEX|420.389849818|4224|0|1|1|0|0|-4240|-1360|-4320|-1424|250|148|1
W|959|0|2|GRAVE02|XA02TEX|420.389849818|4224|0|1|1|0|0|-4240|-1360|-4320|-1424|250|148|1
W|960|0|2|GRAVE02|XA02TEX|0|3200|0|1|1|0|0|-4320|-1424|-4352|-1520|182|148|1
W|1636|0|0|GRAVE02|XA02TEX|0|4224|0|1|1|0|0|-4640|-1424|-4544|-1456|182|250|1
W|1636|0|2|GRAVE02|XA02TEX|0|4224|0|1|1|0|0|-4640|-1424|-4544|-1456|182|250|1
W|1637|0|0|GRAVE02|XA02TEX|101.192885125|4224|0|1|1|0|0|-4544|-1456|-4384|-1440|182|250|1
W|1637|0|2|GRAVE02|XA02TEX|101.192885125|4224|0|1|1|0|0|-4544|-1456|-4384|-1440|182|250|1
W|1638|0|0|GRAVE02|XA02TEX|261.990895063|4224|0|1|1|0|0|-4384|-1440|-4320|-1424|182|250|1
W|1638|0|2|GRAVE02|XA02TEX|261.990895063|4224|0|1|1|0|0|-4384|-1440|-4320|-1424|182|250|1
W|1638|1|0|GRAVE02|XA02TEX|0|4224|0|1|1|0|0|-4320|-1424|-4384|-1440|250|182|1
W|1638|1|2|GRAVE02|XA02TEX|0|4224|0|1|1|0|0|-4320|-1424|-4384|-1440|250|182|1
W|1637|1|0|GRAVE02|XA02TEX|65.96969001|4224|0|1|1|0|0|-4384|-1440|-4544|-1456|250|182|1
W|1637|1|2|GRAVE02|XA02TEX|65.96969001|4224|0|1|1|0|0|-4384|-1440|-4544|-1456|250|182|1
W|1636|1|0|GRAVE02|XA02TEX|226.767699948|4224|0|1|1|0|0|-4544|-1456|-4640|-1424|250|182|1
W|1636|1|2|GRAVE02|XA02TEX|226.767699948|4224|0|1|1|0|0|-4544|-1456|-4640|-1424|250|182|1
W|1556|0|0|GRAVE02|XA02TEX|0|4224|0|1|1|0|0|-4976|-1120|-5024|-1200|343|148|1
W|1556|0|2|GRAVE02|XA02TEX|0|4224|0|1|1|0|0|-4976|-1120|-5024|-1200|343|148|1
W|1543|0|0|GRAVE02|XA02TEX|93.295230318|4224|0|1|1|0|0|-5024|-1200|-5120|-1216|343|148|1
W|1543|0|2|GRAVE02|XA02TEX|93.295230318|4224|0|1|1|0|0|-5024|-1200|-5120|-1216|343|148|1
W|1544|0|0|GRAVE02|XA02TEX|190.619430802|4224|0|1|1|0|0|-5120|-1216|-5184|-1168|343|148|1
W|1544|0|2|GRAVE02|XA02TEX|190.619430802|4224|0|1|1|0|0|-5120|-1216|-5184|-1168|343|148|1
W|1545|0|0|GRAVE02|XA02TEX|270.619430802|4224|0|1|1|0|0|-5184|-1168|-5184|-1088|343|148|1
W|1545|0|2|GRAVE02|XA02TEX|270.619430802|4224|0|1|1|0|0|-5184|-1168|-5184|-1088|343|148|1
W|1546|0|0|GRAVE02|XA02TEX|350.619430802|4224|0|1|1|0|0|-5184|-1088|-5248|-1024|343|148|1
W|1546|0|2|GRAVE02|XA02TEX|350.619430802|4224|0|1|1|0|0|-5184|-1088|-5248|-1024|343|148|1
W|1547|0|0|GRAVE02|XA02TEX|441.129098794|4224|0|1|1|0|0|-5248|-1024|-5344|-992|343|148|1
W|1547|0|2|GRAVE02|XA02TEX|441.129098794|4224|0|1|1|0|0|-5248|-1024|-5344|-992|343|148|1
W|1548|0|0|GRAVE02|XA02TEX|30.32198392|4224|0|1|1|0|0|-5344|-992|-5408|-912|343|148|1
W|1548|0|2|GRAVE02|XA02TEX|30.32198392|4224|0|1|1|0|0|-5344|-992|-5408|-912|343|148|1
W|1549|0|0|GRAVE02|XA02TEX|132.771971718|4224|0|1|1|0|0|-5408|-912|-5360|-816|343|148|1
W|1549|0|2|GRAVE02|XA02TEX|132.771971718|4224|0|1|1|0|0|-5408|-912|-5360|-816|343|148|1
W|1550|0|0|GRAVE02|XA02TEX|240.103234638|4224|0|1|1|0|0|-5360|-816|-5248|-816|343|148|1
W|1550|0|2|GRAVE02|XA02TEX|240.103234638|4224|0|1|1|0|0|-5360|-816|-5248|-816|343|148|1
W|1551|0|0|GRAVE02|XA02TEX|352.103234638|4224|0|1|1|0|0|-5248|-816|-5200|-880|343|148|1
W|1551|0|2|GRAVE02|XA02TEX|352.103234638|4224|0|1|1|0|0|-5248|-816|-5200|-880|343|148|1
W|1552|0|0|GRAVE02|XA02TEX|432.103234638|4224|0|1|1|0|0|-5200|-880|-5088|-912|343|148|1
W|1552|0|2|GRAVE02|XA02TEX|432.103234638|4224|0|1|1|0|0|-5200|-880|-5088|-912|343|148|1
W|1553|0|0|GRAVE02|XA02TEX|36.584992867|4224|0|1|1|0|0|-5088|-912|-5040|-1024|343|148|1
W|1553|0|2|GRAVE02|XA02TEX|36.584992867|4224|0|1|1|0|0|-5088|-912|-5040|-1024|343|148|1
W|1554|0|0|GRAVE02|XA02TEX|158.437362561|4224|0|1|1|0|0|-5040|-1024|-5056|-1088|343|148|1
W|1554|0|2|GRAVE02|XA02TEX|158.437362561|4224|0|1|1|0|0|-5040|-1024|-5056|-1088|343|148|1
W|1555|0|0|GRAVE02|XA02TEX|224.407052571|4224|0|1|1|0|0|-5056|-1088|-4976|-1120|343|148|1
W|1555|0|2|GRAVE02|XA02TEX|224.407052571|4224|0|1|1|0|0|-5056|-1088|-4976|-1120|343|148|1
W|1558|0|0|GRAVE02|XA02TEX|0|4224|0|1|1|0|0|-5392|-752|-5376|-672|344|148|1
W|1558|0|2|GRAVE02|XA02TEX|0|4224|0|1|1|0|0|-5392|-752|-5376|-672|344|148|1
W|1559|0|0|GRAVE02|XA02TEX|81.584312217|4224|0|1|1|0|0|-5376|-672|-5456|-624|344|148|1
W|1559|0|2|GRAVE02|XA02TEX|81.584312217|4224|0|1|1|0|0|-5376|-672|-5456|-624|344|148|1
W|1560|0|0|GRAVE02|XA02TEX|174.879542535|4224|0|1|1|0|0|-5456|-624|-5392|-512|344|148|1
W|1560|0|2|GRAVE02|XA02TEX|174.879542535|4224|0|1|1|0|0|-5456|-624|-5392|-512|344|148|1
W|1561|0|0|GRAVE02|XA02TEX|303.875666508|4224|0|1|1|0|0|-5392|-512|-5296|-528|344|148|1
W|1561|0|2|GRAVE02|XA02TEX|303.875666508|4224|0|1|1|0|0|-5392|-512|-5296|-528|344|148|1
W|1562|0|0|GRAVE02|XA02TEX|401.199866993|4224|0|1|1|0|0|-5296|-528|-5280|-624|344|148|1
W|1562|0|2|GRAVE02|XA02TEX|401.199866993|4224|0|1|1|0|0|-5296|-528|-5280|-624|344|148|1
W|1563|0|0|GRAVE02|XA02TEX|498.524067477|4224|0|1|1|0|0|-5280|-624|-5248|-672|344|148|1
W|1563|0|2|GRAVE02|XA02TEX|498.524067477|4224|0|1|1|0|0|-5280|-624|-5248|-672|344|148|1
W|1564|0|0|GRAVE02|XA02TEX|44.212887885|4224|0|1|1|0|0|-5248|-672|-5280|-768|344|148|1
W|1564|0|2|GRAVE02|XA02TEX|44.212887885|4224|0|1|1|0|0|-5248|-672|-5280|-768|344|148|1
W|1557|0|0|GRAVE02|XA02TEX|145.40577301|4224|0|1|1|0|0|-5280|-768|-5392|-752|344|148|1
W|1557|0|2|GRAVE02|XA02TEX|145.40577301|4224|0|1|1|0|0|-5280|-768|-5392|-752|344|148|1
W|1581|1|0|GRAVE02|XA02TEX|0|4224|0|1|1|0|0|-5472|-496|-5552|-400|345|148|1
W|1581|1|2|GRAVE02|XA02TEX|0|4224|0|1|1|0|0|-5472|-496|-5552|-400|345|148|1
W|1580|1|0|GRAVE02|XA02TEX|124.963994815|4224|0|1|1|0|0|-5552|-400|-5520|-336|345|148|1
W|1580|1|2|GRAVE02|XA02TEX|124.963994815|4224|0|1|1|0|0|-5552|-400|-5520|-336|345|148|1
W|1579|1|0|GRAVE02|XA02TEX|196.518170094|4224|0|1|1|0|0|-5520|-336|-5488|-240|345|148|1
W|1579|1|2|GRAVE02|XA02TEX|196.518170094|4224|0|1|1|0|0|-5520|-336|-5488|-240|345|148|1
W|1578|1|0|GRAVE02|XA02TEX|297.71105522|4224|0|1|1|0|0|-5488|-240|-5504|-144|345|148|1
W|1578|1|2|GRAVE02|XA02TEX|297.71105522|4224|0|1|1|0|0|-5488|-240|-5504|-144|345|148|1
W|1577|1|0|GRAVE02|XA02TEX|395.035255705|4224|0|1|1|0|0|-5504|-144|-5424|-80|345|148|1
W|1577|1|2|GRAVE02|XA02TEX|395.035255705|4224|0|1|1|0|0|-5504|-144|-5424|-80|345|148|1
W|1576|1|0|GRAVE02|XA02TEX|497.485243504|4224|0|1|1|0|0|-5424|-80|-5424|16|345|148|1
W|1576|1|2|GRAVE02|XA02TEX|497.485243504|4224|0|1|1|0|0|-5424|-80|-5424|16|345|148|1
W|1575|1|0|GRAVE02|XA02TEX|81.485243504|4224|0|1|1|0|0|-5424|16|-5328|112|345|148|1
W|1575|1|2|GRAVE02|XA02TEX|81.485243504|4224|0|1|1|0|0|-5424|16|-5328|112|345|148|1
W|1574|1|0|GRAVE02|XA02TEX|217.249745491|4224|0|1|1|0|0|-5328|112|-5248|176|345|148|1
W|1574|1|2|GRAVE02|XA02TEX|217.249745491|4224|0|1|1|0|0|-5328|112|-5248|176|345|148|1
W|1573|1|0|GRAVE02|XA02TEX|319.69973329|4224|0|1|1|0|0|-5248|176|-5168|32|345|148|1
W|1573|1|2|GRAVE02|XA02TEX|319.69973329|4224|0|1|1|0|0|-5248|176|-5168|32|345|148|1
W|1572|1|0|GRAVE02|XA02TEX|484.429815546|4224|0|1|1|0|0|-5168|32|-5248|-80|345|148|1
W|1572|1|2|GRAVE02|XA02TEX|484.429815546|4224|0|1|1|0|0|-5168|32|-5248|-80|345|148|1
W|1571|1|0|GRAVE02|XA02TEX|110.067019819|4224|0|1|1|0|0|-5248|-80|-5312|-96|345|148|1
W|1571|1|2|GRAVE02|XA02TEX|110.067019819|4224|0|1|1|0|0|-5248|-80|-5312|-96|345|148|1
W|1570|1|0|GRAVE02|XA02TEX|176.036709829|4224|0|1|1|0|0|-5312|-96|-5360|-160|345|148|1
W|1570|1|2|GRAVE02|XA02TEX|176.036709829|4224|0|1|1|0|0|-5312|-96|-5360|-160|345|148|1
W|1569|1|0|GRAVE02|XA02TEX|256.036709829|4224|0|1|1|0|0|-5360|-160|-5328|-272|345|148|1
W|1569|1|2|GRAVE02|XA02TEX|256.036709829|4224|0|1|1|0|0|-5360|-160|-5328|-272|345|148|1
W|1568|1|0|GRAVE02|XA02TEX|372.518468057|4224|0|1|1|0|0|-5328|-272|-5296|-320|345|148|1
W|1568|1|2|GRAVE02|XA02TEX|372.518468057|4224|0|1|1|0|0|-5328|-272|-5296|-320|345|148|1
W|1567|1|0|GRAVE02|XA02TEX|430.207288465|4224|0|1|1|0|0|-5296|-320|-5328|-400|345|148|1
W|1567|1|2|GRAVE02|XA02TEX|430.207288465|4224|0|1|1|0|0|-5296|-320|-5328|-400|345|148|1
W|1566|1|0|GRAVE02|XA02TEX|4.369925379|4224|0|1|1|0|0|-5328|-400|-5408|-416|345|148|1
W|1566|1|2|GRAVE02|XA02TEX|4.369925379|4224|0|1|1|0|0|-5328|-400|-5408|-416|345|148|1
W|1565|1|0|GRAVE02|XA02TEX|85.954237596|4224|0|1|1|0|0|-5408|-416|-5472|-496|345|148|1
W|1565|1|2|GRAVE02|XA02TEX|85.954237596|4224|0|1|1|0|0|-5408|-416|-5472|-496|345|148|1
W|1583|1|0|GRAVE02|XA02TEX|0|4224|0|1|1|0|0|-5152|144|-5184|240|346|148|1
W|1583|1|2|GRAVE02|XA02TEX|0|4224|0|1|1|0|0|-5152|144|-5184|240|346|148|1
W|1582|1|0|GRAVE02|XA02TEX|101.192885125|4224|0|1|1|0|0|-5184|240|-5136|304|346|148|1
W|1582|1|2|GRAVE02|XA02TEX|101.192885125|4224|0|1|1|0|0|-5184|240|-5136|304|346|148|1
W|1588|1|0|GRAVE02|XA02TEX|181.192885125|4224|0|1|1|0|0|-5136|304|-5088|352|346|148|1
W|1588|1|2|GRAVE02|XA02TEX|181.192885125|4224|0|1|1|0|0|-5136|304|-5088|352|346|148|1
W|1587|1|0|GRAVE02|XA02TEX|249.075136119|4224|0|1|1|0|0|-5088|352|-4976|352|346|148|1
W|1587|1|2|GRAVE02|XA02TEX|249.075136119|4224|0|1|1|0|0|-5088|352|-4976|352|346|148|1
W|1586|1|0|GRAVE02|XA02TEX|361.075136119|4224|0|1|1|0|0|-4976|352|-4944|256|346|148|1
W|1586|1|2|GRAVE02|XA02TEX|361.075136119|4224|0|1|1|0|0|-4976|352|-4944|256|346|148|1
W|1585|1|0|GRAVE02|XA02TEX|462.268021245|4224|0|1|1|0|0|-4944|256|-5008|144|346|148|1
W|1585|1|2|GRAVE02|XA02TEX|462.268021245|4224|0|1|1|0|0|-4944|256|-5008|144|346|148|1
W|1584|1|0|GRAVE02|XA02TEX|79.264145217|4224|0|1|1|0|0|-5008|144|-5152|144|346|148|1
W|1584|1|2|GRAVE02|XA02TEX|79.264145217|4224|0|1|1|0|0|-5008|144|-5152|144|346|148|1
W|1594|1|0|GRAVE02|XA02TEX|0|4224|0|1|1|0|0|-4416|416|-4480|352|347|148|1
W|1594|1|2|GRAVE02|XA02TEX|0|4224|0|1|1|0|0|-4416|416|-4480|352|347|148|1
W|1593|1|0|GRAVE02|XA02TEX|90.509667992|4224|0|1|1|0|0|-4480|352|-4608|320|347|148|1
W|1593|1|2|GRAVE02|XA02TEX|90.509667992|4224|0|1|1|0|0|-4480|352|-4608|320|347|148|1
W|1592|1|0|GRAVE02|XA02TEX|222.449048012|4224|0|1|1|0|0|-4608|320|-4736|336|347|148|1
W|1592|1|2|GRAVE02|XA02TEX|222.449048012|4224|0|1|1|0|0|-4608|320|-4736|336|347|148|1
W|1591|1|0|GRAVE02|XA02TEX|351.445171984|4224|0|1|1|0|0|-4736|336|-4864|320|347|148|1
W|1591|1|2|GRAVE02|XA02TEX|351.445171984|4224|0|1|1|0|0|-4736|336|-4864|320|347|148|1
W|1590|1|0|GRAVE02|XA02TEX|480.441295957|4224|0|1|1|0|0|-4864|320|-4912|384|347|148|1
W|1590|1|2|GRAVE02|XA02TEX|480.441295957|4224|0|1|1|0|0|-4864|320|-4912|384|347|148|1
W|1589|1|0|GRAVE02|XA02TEX|48.441295957|4224|0|1|1|0|0|-4912|384|-4896|448|347|148|1
W|1589|1|2|GRAVE02|XA02TEX|48.441295957|4224|0|1|1|0|0|-4912|384|-4896|448|347|148|1
W|1599|1|0|GRAVE02|XA02TEX|114.410985967|4224|0|1|1|0|0|-4896|448|-4864|496|347|148|1
W|1599|1|2|GRAVE02|XA02TEX|114.410985967|4224|0|1|1|0|0|-4896|448|-4864|496|347|148|1
W|1598|1|0|GRAVE02|XA02TEX|172.099806375|4224|0|1|1|0|0|-4864|496|-4800|480|347|148|1
W|1598|1|2|GRAVE02|XA02TEX|172.099806375|4224|0|1|1|0|0|-4864|496|-4800|480|347|148|1
W|1597|1|0|GRAVE02|XA02TEX|238.069496384|4224|0|1|1|0|0|-4800|480|-4672|464|347|148|1
W|1597|1|2|GRAVE02|XA02TEX|238.069496384|4224|0|1|1|0|0|-4800|480|-4672|464|347|148|1
W|1596|1|0|GRAVE02|XA02TEX|367.065620357|4224|0|1|1|0|0|-4672|464|-4496|480|347|148|1
W|1596|1|2|GRAVE02|XA02TEX|367.065620357|4224|0|1|1|0|0|-4672|464|-4496|480|347|148|1
W|1595|1|0|GRAVE02|XA02TEX|31.791396632|4224|0|1|1|0|0|-4496|480|-4416|416|347|148|1
W|1595|1|2|GRAVE02|XA02TEX|31.791396632|4224|0|1|1|0|0|-4496|480|-4416|416|347|148|1
W|1605|1|0|GRAVE02|XA02TEX|0|4224|0|1|1|0|0|-3936|208|-3984|256|348|148|1
W|1605|1|2|GRAVE02|XA02TEX|0|4224|0|1|1|0|0|-3936|208|-3984|256|348|148|1
W|1604|1|0|GRAVE02|XA02TEX|67.882250994|4224|0|1|1|0|0|-3984|256|-4096|304|348|148|1
W|1604|1|2|GRAVE02|XA02TEX|67.882250994|4224|0|1|1|0|0|-3984|256|-4096|304|348|148|1
W|1603|1|0|GRAVE02|XA02TEX|189.734620688|4224|0|1|1|0|0|-4096|304|-4192|320|348|148|1
W|1603|1|2|GRAVE02|XA02TEX|189.734620688|4224|0|1|1|0|0|-4096|304|-4192|320|348|148|1
W|1602|1|0|GRAVE02|XA02TEX|287.058821173|4224|0|1|1|0|0|-4192|320|-4288|336|348|148|1
W|1602|1|2|GRAVE02|XA02TEX|287.058821173|4224|0|1|1|0|0|-4192|320|-4288|336|348|148|1
W|1601|1|0|GRAVE02|XA02TEX|384.383021657|4224|0|1|1|0|0|-4288|336|-4304|416|348|148|1
W|1601|1|2|GRAVE02|XA02TEX|384.383021657|4224|0|1|1|0|0|-4288|336|-4304|416|348|148|1
W|1600|1|0|GRAVE02|XA02TEX|465.967333875|4224|0|1|1|0|0|-4304|416|-4208|464|348|148|1
W|1600|1|2|GRAVE02|XA02TEX|465.967333875|4224|0|1|1|0|0|-4304|416|-4208|464|348|148|1
W|1610|1|0|GRAVE02|XA02TEX|61.298596795|4224|0|1|1|0|0|-4208|464|-4096|480|348|148|1
W|1610|1|2|GRAVE02|XA02TEX|61.298596795|4224|0|1|1|0|0|-4208|464|-4096|480|348|148|1
W|1609|1|0|GRAVE02|XA02TEX|174.435681785|4224|0|1|1|0|0|-4096|480|-4032|400|348|148|1
W|1609|1|2|GRAVE02|XA02TEX|174.435681785|4224|0|1|1|0|0|-4096|480|-4032|400|348|148|1
W|1608|1|0|GRAVE02|XA02TEX|276.885669584|4224|0|1|1|0|0|-4032|400|-3904|368|348|148|1
W|1608|1|2|GRAVE02|XA02TEX|276.885669584|4224|0|1|1|0|0|-4032|400|-3904|368|348|148|1
W|1607|1|0|GRAVE02|XA02TEX|408.825049603|4224|0|1|1|0|0|-3904|368|-3872|256|348|148|1
W|1607|1|2|GRAVE02|XA02TEX|408.825049603|4224|0|1|1|0|0|-3904|368|-3872|256|348|148|1
W|1606|1|0|GRAVE02|XA02TEX|13.306807832|4224|0|1|1|0|0|-3872|256|-3936|208|348|148|1
W|1606|1|2|GRAVE02|XA02TEX|13.306807832|4224|0|1|1|0|0|-3872|256|-3936|208|348|148|1
W|1615|1|0|GRAVE02|XA02TEX|0|4224|0|1|1|0|0|-3664|-784|-3616|-864|349|148|1
W|1615|1|2|GRAVE02|XA02TEX|0|4224|0|1|1|0|0|-3664|-784|-3616|-864|349|148|1
W|1614|1|0|GRAVE02|XA02TEX|93.295230318|4224|0|1|1|0|0|-3616|-864|-3584|-1008|349|148|1
W|1614|1|2|GRAVE02|XA02TEX|93.295230318|4224|0|1|1|0|0|-3616|-864|-3584|-1008|349|148|1
W|1613|1|0|GRAVE02|XA02TEX|240.807941634|4224|0|1|1|0|0|-3584|-1008|-3760|-1120|349|148|1
W|1613|1|2|GRAVE02|XA02TEX|240.807941634|4224|0|1|1|0|0|-3584|-1008|-3760|-1120|349|148|1
W|1612|1|0|GRAVE02|XA02TEX|449.422418601|4224|0|1|1|0|0|-3760|-1120|-3872|-1120|349|148|1
W|1612|1|2|GRAVE02|XA02TEX|449.422418601|4224|0|1|1|0|0|-3760|-1120|-3872|-1120|349|148|1
W|1611|1|0|GRAVE02|XA02TEX|49.422418601|4224|0|1|1|0|0|-3872|-1120|-3888|-1024|349|148|1
W|1611|1|2|GRAVE02|XA02TEX|49.422418601|4224|0|1|1|0|0|-3872|-1120|-3888|-1024|349|148|1
W|1617|1|0|GRAVE02|XA02TEX|146.746619085|4224|0|1|1|0|0|-3888|-1024|-3760|-864|349|148|1
W|1617|1|2|GRAVE02|XA02TEX|146.746619085|4224|0|1|1|0|0|-3888|-1024|-3760|-864|349|148|1
W|1616|1|0|GRAVE02|XA02TEX|351.646594683|4224|0|1|1|0|0|-3760|-864|-3664|-784|349|148|1
W|1616|1|2|GRAVE02|XA02TEX|351.646594683|4224|0|1|1|0|0|-3760|-864|-3664|-784|349|148|1
W|1624|0|0|GRAVE02|XA02TEX|0|4224|0|1|1|0|0|-3648|80|-3520|-16|350|148|1
W|1624|0|2|GRAVE02|XA02TEX|0|4224|0|1|1|0|0|-3648|80|-3520|-16|350|148|1
W|1625|0|0|GRAVE02|XA02TEX|160|4224|0|1|1|0|0|-3520|-16|-3568|-208|350|148|1
W|1625|0|2|GRAVE02|XA02TEX|160|4224|0|1|1|0|0|-3520|-16|-3568|-208|350|148|1
W|1626|0|0|GRAVE02|XA02TEX|357.90907003|4224|0|1|1|0|0|-3568|-208|-3520|-304|350|148|1
W|1626|0|2|GRAVE02|XA02TEX|357.90907003|4224|0|1|1|0|0|-3568|-208|-3520|-304|350|148|1
W|1627|0|0|GRAVE02|XA02TEX|465.24033295|4224|0|1|1|0|0|-3520|-304|-3536|-432|350|148|1
W|1627|0|2|GRAVE02|XA02TEX|465.24033295|4224|0|1|1|0|0|-3520|-304|-3536|-432|350|148|1
W|1628|0|0|GRAVE02|XA02TEX|82.236456922|4224|0|1|1|0|0|-3536|-432|-3472|-512|350|148|1
W|1628|0|2|GRAVE02|XA02TEX|82.236456922|4224|0|1|1|0|0|-3536|-432|-3472|-512|350|148|1
W|1629|0|0|GRAVE02|XA02TEX|184.686444721|4224|0|1|1|0|0|-3472|-512|-3472|-720|350|148|1
W|1629|0|2|GRAVE02|XA02TEX|184.686444721|4224|0|1|1|0|0|-3472|-512|-3472|-720|350|148|1
W|1630|0|0|GRAVE02|XA02TEX|392.686444721|4224|0|1|1|0|0|-3472|-720|-3552|-752|350|148|1
W|1630|0|2|GRAVE02|XA02TEX|392.686444721|4224|0|1|1|0|0|-3472|-720|-3552|-752|350|148|1
W|1618|0|0|GRAVE02|XA02TEX|478.849081635|4224|0|1|1|0|0|-3552|-752|-3680|-704|350|148|1
W|1618|0|2|GRAVE02|XA02TEX|478.849081635|4224|0|1|1|0|0|-3552|-752|-3680|-704|350|148|1
W|1619|0|0|GRAVE02|XA02TEX|103.553141561|4224|0|1|1|0|0|-3680|-704|-3648|-544|350|148|1
W|1619|0|2|GRAVE02|XA02TEX|103.553141561|4224|0|1|1|0|0|-3680|-704|-3648|-544|350|148|1
W|1620|0|0|GRAVE02|XA02TEX|266.721765996|4224|0|1|1|0|0|-3648|-544|-3680|-416|350|148|1
W|1620|0|2|GRAVE02|XA02TEX|266.721765996|4224|0|1|1|0|0|-3648|-544|-3680|-416|350|148|1
W|1621|0|0|GRAVE02|XA02TEX|398.661146015|4224|0|1|1|0|0|-3680|-416|-3664|-224|350|148|1
W|1621|0|2|GRAVE02|XA02TEX|398.661146015|4224|0|1|1|0|0|-3680|-416|-3664|-224|350|148|1
W|1622|0|0|GRAVE02|XA02TEX|79.326659276|4224|0|1|1|0|0|-3664|-224|-3744|-128|350|148|1
W|1622|0|2|GRAVE02|XA02TEX|79.326659276|4224|0|1|1|0|0|-3664|-224|-3744|-128|350|148|1
W|1623|0|0|GRAVE02|XA02TEX|204.29065409|4224|0|1|1|0|0|-3744|-128|-3648|80|350|148|1
W|1623|0|2|GRAVE02|XA02TEX|204.29065409|4224|0|1|1|0|0|-3744|-128|-3648|80|350|148|1
W|1634|1|0|GRAVE02|XA02TEX|0|4224|0|1|1|0|0|-3712|176|-3712|80|351|148|1
W|1634|1|2|GRAVE02|XA02TEX|0|4224|0|1|1|0|0|-3712|176|-3712|80|351|148|1
W|1633|1|0|GRAVE02|XA02TEX|96|4224|0|1|1|0|0|-3712|80|-3808|32|351|148|1
W|1633|1|2|GRAVE02|XA02TEX|96|4224|0|1|1|0|0|-3712|80|-3808|32|351|148|1
W|1632|1|0|GRAVE02|XA02TEX|203.33126292|4224|0|1|1|0|0|-3808|32|-3856|112|351|148|1
W|1632|1|2|GRAVE02|XA02TEX|203.33126292|4224|0|1|1|0|0|-3808|32|-3856|112|351|148|1
W|1631|1|0|GRAVE02|XA02TEX|296.626493238|4224|0|1|1|0|0|-3856|112|-3808|176|351|148|1
W|1631|1|2|GRAVE02|XA02TEX|296.626493238|4224|0|1|1|0|0|-3856|112|-3808|176|351|148|1
W|1635|1|0|GRAVE02|XA02TEX|376.626493238|4224|0|1|1|0|0|-3808|176|-3712|176|351|148|1
W|1635|1|2|GRAVE02|XA02TEX|376.626493238|4224|0|1|1|0|0|-3808|176|-3712|176|351|148|1
W|2338|0|1|ICEY|XA00TEX|0|128|0|1|1|0|0|-7616|-1632|-7616|-992|477|-1|1
W|2335|0|1|ICEY|XA00TEX|128|128|0|1|1|0|0|-7616|-992|-6976|-992|477|-1|1
W|2336|0|1|ICEY|XA00TEX|256|128|0|1|1|0|0|-6976|-992|-6976|-1632|477|-1|1
W|21|1|0|QROCK3|QROCK3X8|0|384|0|1|1|0|0|-660|-528|-740|-528|90|91|1
W|23|1|0|QROCK3|QROCK3X8|112|384|0|1|1|-16|0|-900|-576|-788|-560|92|99|1
W|24|1|0|QROCK3|QROCK3X8|47|384|0|1|1|-81|0|-772|-384|-740|-336|89|99|1
W|7|1|0|QROCK3|QROCK3X8|104.688820407|384|0|1|1|-23|0|-740|-336|-660|-256|89|99|1
W|27|0|0|QROCK3|QROCK3X8|0|384|0|1|1|0|0|-660|-256|-596|-304|89|88|1
W|27|1|0|QROCK3|QROCK3X8|0|384|0|1|1|0|0|-596|-304|-660|-256|88|89|1
W|190|1|0|QROCK3|QROCK3X8|80|384|0|1|1|-38|0|-660|-256|-564|-240|88|99|1
W|40|0|1|QROCK3|QROCK3X8|40|640|0|1|1|-88|0|-468|-208|-404|-208|30|-1|1
W|394|0|1|QROCK3|QROCK3X8|104|640|0|1|1|-24|0|-404|-208|-340|-112|30|-1|1
W|130|0|1|QROCK3|QROCK3X8|219.377640815|640|0|1|1|0|0|-340|-112|-36|-232|30|-1|1
W|115|0|1|QROCK3|QROCK3X8|546.204812268|640|0|1|1|0|0|-36|-232|76|-232|111|-1|1
W|112|0|1|QROCK3|QROCK3X8|658.204812268|640|0|1|1|0|0|76|-232|364|-304|30|-1|1
W|66|0|0|QROCK3|QROCK3X8|24|640|0|1|1|-104|0|-1028|-736|-964|-736|30|94|1
W|94|0|0|QROCK3|QROCK3X8|88|640|0|1|1|-40|0|-964|-736|-884|-640|30|93|1
W|87|0|0|QROCK3|QROCK3X8|212.963994815|640|0|1|1|-43|0|-884|-640|-756|-640|30|92|1
W|10|0|0|QROCK3|QROCK3X8|340.963994815|640|0|1|1|-43|0|-756|-640|-660|-528|30|91|1
W|8|0|0|QROCK3|QROCK3X8|488.476706131|640|0|1|1|-23|0|-660|-528|-692|-416|30|90|1
W|116|0|0|QROCK3|QROCK3X8|604.95846436|640|0|1|1|-35|0|-692|-416|-596|-304|30|89|1
W|1|0|0|QROCK3|QROCK3X8|752.471175676|640|0|1|1|-15|0|-596|-304|-500|-288|30|88|1
W|196|0|0|QROCK3|QROCK3X8|849.795376161|640|0|1|1|-46|0|-500|-288|-468|-208|30|100|1
W|67|0|1|QROCK3|QROCK3X8|42|384|0|1|1|-86|0|-1028|-736|-1068|-680|94|-1|1
W|82|0|0|QROCK3|QROCK3X8|0|384|0|1|1|0|0|-788|-560|-756|-640|92|91|1
W|82|1|0|QROCK3|QROCK3X8|0|384|0|1|1|0|0|-756|-640|-788|-560|91|92|1
W|90|1|0|QROCK3|QROCK3X8|86.162636914|384|0|1|1|-31|0|-788|-560|-740|-528|91|99|1
W|21|0|0|QROCK3|QROCK3X8|143.851457322|384|0|1|1|0|0|-740|-528|-660|-528|91|90|1
W|83|0|0|QROCK3|QROCK3X8|0|384|0|1|1|0|0|-564|-240|-500|-288|88|100|1
W|83|1|0|QROCK3|QROCK3X8|0|384|0|1|1|0|0|-500|-288|-564|-240|100|88|1
W|85|0|0|QROCK3|QROCK3X8|0|384|0|1|1|0|0|-900|-576|-884|-640|93|92|1
W|85|1|0|QROCK3|QROCK3X8|0|384|0|1|1|0|0|-884|-640|-900|-576|92|93|1
W|91|0|0|QROCK3|QROCK3X8|0|384|0|1|1|0|0|-772|-384|-692|-416|90|89|1
W|91|1|0|QROCK3|QROCK3X8|0|384|0|1|1|0|0|-692|-416|-772|-384|89|90|1
W|96|1|0|QROCK3|QROCK3X8|39|384|0|1|1|-89|0|-1068|-680|-996|-656|94|99|1
W|98|0|0|QROCK3|QROCK3X8|114.894663844|384|0|1|1|0|0|-996|-656|-964|-736|94|93|1
W|98|1|0|QROCK3|QROCK3X8|0|384|0|1|1|0|0|-964|-736|-996|-656|93|94|1
W|100|1|0|QROCK3|QROCK3X8|27|384|0|1|1|-101|0|-740|-528|-772|-384|90|99|1
W|120|0|1|QROCK3|QROCK3X8|43|640|0|1|1|-85|0|-756|-1168|-948|-848|35|-1|1
W|121|0|1|QROCK3|QROCK3X8|62|640|0|1|1|-66|0|-404|-1264|-756|-1168|36|-1|1
W|122|0|1|QROCK3|QROCK3X8|34|640|0|1|1|-94|0|-212|-1904|-404|-1264|30|-1|1
W|124|0|1|QROCK3|QROCK3X8|16|640|0|1|1|-112|0|940|-1968|920|-1984|38|-1|1
W|657|0|1|QROCK3|QROCK3X8|41.61249695|640|0|1|1|-86|0|920|-1984|916|-1992|133|-1|1
W|629|0|1|QROCK3|QROCK3X8|50.55676886|640|0|1|1|-77|0|916|-1992|908|-2000|132|-1|1
W|614|0|1|QROCK3|QROCK3X8|61.870477359|640|0|1|1|-66|0|908|-2000|812|-2096|30|-1|1
W|447|0|1|QROCK3|QROCK3X8|197.634979347|640|0|1|1|-58|0|812|-2096|716|-2192|37|-1|1
W|123|0|1|QROCK3|QROCK3X8|333.399481334|640|0|1|1|-50|0|716|-2192|524|-2160|37|-1|1
W|126|0|1|QROCK3|QROCK3X8|33|640|0|1|1|33|0|364|-880|388|-952|30|-1|1
W|71|0|1|QROCK3|QROCK3X8|108.894663844|640|0|1|1|109|0|388|-952|892|-1056|30|-1|1
W|627|0|1|QROCK3|QROCK3X8|623.512968998|640|0|1|1|112|0|892|-1056|908|-1056|132|-1|1
W|642|0|1|QROCK3|QROCK3X8|639.512968998|640|0|1|1|0|0|908|-1056|916|-1060|133|-1|1
W|644|0|1|QROCK3|QROCK3X8|648.457240908|640|0|1|1|9|0|916|-1060|940|-1072|38|-1|1
W|127|0|1|QROCK3|QROCK3X8|26|640|0|1|1|26|0|364|-304|620|-656|39|-1|1
W|136|1|0|QROCK3|QROCK3X8|115|384|0|1|1|-13|0|-996|-656|-900|-576|93|99|1
W|193|1|0|QROCK3|QROCK3X8|59|384|0|1|1|-69|0|-564|-240|-532|-208|100|99|1
W|380|0|1|QROCK3|QROCK3X8|111|384|0|1|1|-17|0|-1068|-680|-1108|-624|99|-1|1
W|396|0|1|QROCK3|QROCK3X8|179.818602136|384|0|1|1|-76|0|-1108|-624|-1068|-544|99|-1|1
W|81|0|1|QROCK3|QROCK3X8|269.261321236|384|0|1|1|-115|0|-1068|-544|-948|-472|99|-1|1
W|79|0|1|QROCK3|QROCK3X8|409.204166713|384|0|1|1|-103|0|-948|-472|-852|-376|99|-1|1
W|77|0|1|QROCK3|QROCK3X8|544.9686687|384|0|1|1|-95|0|-852|-376|-796|-216|99|-1|1
W|395|0|1|QROCK3|QROCK3X8|714.485629504|384|0|1|1|-53|0|-796|-216|-724|-168|99|-1|1
W|398|0|1|QROCK3|QROCK3X8|801.018860115|384|0|1|1|-94|0|-724|-168|-612|-176|99|-1|1
W|399|0|1|QROCK3|QROCK3X8|913.304210896|384|0|1|1|-110|0|-612|-176|-532|-208|99|-1|1
W|397|0|1|QROCK3|QROCK3X8|32|640|0|1|1|-96|0|-948|-848|-1028|-736|30|-1|1
W|400|0|1|QROCK3|QROCK3X8|104|384|0|1|1|-24|0|-532|-208|-468|-208|100|-1|1
W|424|1|2|QROCK3|QROCK3X8|53|128|0|1|1|-75|0|-772|-944|-852|-832|30|35|1
W|423|1|2|QROCK3|QROCK3X8|190.637204273|128|0|1|1|-65|0|-852|-832|-948|-848|30|35|1
W|427|1|2|QROCK3|QROCK3X8|76|128|0|1|1|-52|0|-468|-1168|-420|-1088|30|104|1
W|426|1|2|QROCK3|QROCK3X8|169.295230318|128|0|1|1|-87|0|-420|-1088|-548|-976|30|104|1
W|425|1|2|QROCK3|QROCK3X8|339.377563321|128|0|1|1|-45|0|-548|-976|-772|-944|30|104|1
W|428|1|2|QROCK3|QROCK3X8|104|256|0|1|1|-24|0|-404|-1264|-468|-1168|30|36|1
W|431|1|2|QROCK3|QROCK3X8|15|128|0|1|1|-113|0|-644|-1120|-644|-1040|104|35|1
W|430|1|2|QROCK3|QROCK3X8|95|128|0|1|1|-33|0|-644|-1040|-788|-1008|104|35|1
W|429|1|2|QROCK3|QROCK3X8|242.512711317|128|0|1|1|-13|0|-788|-1008|-772|-944|104|35|1
W|432|0|2|QROCK3|QROCK3X8|49|256|0|1|1|-79|0|-644|-1120|-756|-1168|35|36|1
W|434|1|2|QROCK3|QROCK3X8|91|256|0|1|1|-37|0|-468|-1168|-548|-1088|104|36|1
W|433|1|2|QROCK3|QROCK3X8|204.13708499|256|0|1|1|-52|0|-548|-1088|-644|-1120|104|36|1
W|435|0|1|QROCK3|QROCK3X8|89|640|0|1|1|-39|0|-52|-2192|-212|-1904|105|-1|1
W|436|0|1|QROCK3|QROCK3X8|84|640|0|1|1|-44|0|332|-2128|-52|-2192|106|-1|1
W|438|1|2|QROCK3|QROCK3X8|53|128|0|1|1|-75|0|-20|-1968|-116|-1872|30|105|1
W|437|1|2|QROCK3|QROCK3X8|188.764501988|128|0|1|1|-67|0|-116|-1872|-212|-1904|30|105|1
W|439|1|2|QROCK3|QROCK3X8|57|128|0|1|1|-71|0|108|-2064|-20|-1968|30|107|1
W|441|1|2|QROCK3|QROCK3X8|50|256|0|1|1|-78|0|300|-1968|236|-2000|30|106|1
W|440|1|2|QROCK3|QROCK3X8|121.55417528|256|0|1|1|-6|0|236|-2000|108|-2064|30|106|1
W|444|1|2|QROCK3|QROCK3X8|79|256|0|1|1|-49|0|620|-2032|492|-2064|30|108|1
W|443|1|2|QROCK3|QROCK3X8|210.93938002|256|0|1|1|-45|0|492|-2064|428|-2000|30|108|1
W|442|1|2|QROCK3|QROCK3X8|301.449048012|256|0|1|1|-82|0|428|-2000|300|-1968|30|108|1
W|446|1|2|QROCK3|QROCK3X8|84|128|0|1|1|-44|0|812|-2064|716|-1968|30|37|1
W|445|1|2|QROCK3|QROCK3X8|219.764501988|128|0|1|1|-36|0|716|-1968|620|-2032|30|37|1
W|450|0|1|QROCK3|QROCK3X8|17|640|0|1|1|-111|0|524|-2160|332|-2128|108|-1|1
W|451|1|2|QROCK3|QROCK3X8|44|256|0|1|1|-84|0|524|-2160|556|-2096|37|108|1
W|449|1|2|QROCK3|QROCK3X8|115.55417528|256|0|1|1|-12|0|556|-2096|620|-2032|37|108|1
W|452|0|2|QROCK3|QROCK3X8|114|256|0|1|1|-14|0|332|-2128|268|-2064|108|106|1
W|453|0|2|QROCK3|QROCK3X8|204.509667992|256|0|1|1|-51|0|268|-2064|300|-1968|108|106|1
W|454|0|2|QROCK3|QROCK3X8|9|256|0|1|1|-119|0|108|-2064|44|-2096|107|106|1
W|455|0|2|QROCK3|QROCK3X8|80.55417528|256|0|1|1|-47|0|44|-2096|-52|-2192|107|106|1
W|456|0|2|QROCK3|QROCK3X8|89|128|0|1|1|-39|0|-20|-1968|-84|-2032|105|107|1
W|457|0|2|QROCK3|QROCK3X8|179.509667992|128|0|1|1|-76|0|-84|-2032|-52|-2128|105|107|1
W|458|0|2|QROCK3|QROCK3X8|280.702553117|128|0|1|1|-103|0|-52|-2128|-52|-2192|105|107|1
W|459|0|1|QROCK3|QROCK3X8|77|640|0|1|1|77|0|620|-656|364|-880|109|-1|1
W|460|0|2|QROCK3|QROCK3X8|26|128|0|1|1|26|0|364|-304|268|-432|30|39|1
W|461|0|2|QROCK3|QROCK3X8|186|128|0|1|1|58|0|268|-432|300|-592|30|39|1
W|462|0|2|QROCK3|QROCK3X8|93|128|0|1|1|93|0|300|-592|204|-688|30|109|1
W|463|0|2|QROCK3|QROCK3X8|228.764501988|128|0|1|1|101|0|204|-688|300|-848|30|109|1
W|464|0|2|QROCK3|QROCK3X8|415.354962623|128|0|1|1|32|0|300|-848|364|-880|30|109|1
W|465|0|2|QROCK3|QROCK3X8|93|128|0|1|1|93|0|300|-592|396|-688|109|39|1
W|466|0|2|QROCK3|QROCK3X8|228.764501988|128|0|1|1|101|0|396|-688|620|-656|109|39|1
W|702|0|1|QROCK3|QROCK3X8|97|3584|0|1|1|97|0|-4096|-1520|-4160|-1648|146|-1|1
W|703|0|0|QROCK3|QROCK3X8|0|3712|0|1|1|0|0|-4864|-1520|-4800|-1520|147|148|1
W|703|0|2|QROCK3|QROCK3X8|0|3712|0|1|1|0|0|-4864|-1520|-4800|-1520|147|148|1
W|703|1|0|QROCK3|QROCK3X8|104|4224|0|1|1|104|0|-4800|-1520|-4864|-1520|148|147|1
W|703|1|2|QROCK3|QROCK3X8|104|4224|0|1|1|104|0|-4800|-1520|-4864|-1520|148|147|1
W|704|0|1|QROCK3|QROCK3X8|107|3584|0|1|1|107|0|-4800|-1648|-4864|-1520|147|-1|1
W|705|0|1|QROCK3|QROCK3X8|43|3584|0|1|1|43|0|-4800|-1712|-4800|-1648|149|-1|1
W|706|0|1|QROCK3|QROCK3X8|28|3584|0|1|1|28|0|-4864|-1840|-4800|-1712|150|-1|1
W|707|0|2|QROCK3|QROCK3X8|0|3712|0|1|1|0|0|-4800|-1840|-4864|-1840|150|478|1
W|707|1|0|QROCK3|QROCK3X8|0|5120|0|1|1|0|0|-4864|-1840|-4800|-1840|478|150|1
W|707|1|2|QROCK3|QROCK3X8|0|5120|0|1|1|0|0|-4864|-1840|-4800|-1840|478|150|1
W|708|0|2|QROCK3|QROCK3X8|0|3840|0|1|1|0|0|-4224|-1840|-4352|-1840|152|478|1
W|708|1|0|QROCK3|QROCK3X8|0|5120|0|1|1|0|0|-4352|-1840|-4224|-1840|478|152|1
W|708|1|2|QROCK3|QROCK3X8|0|5120|0|1|1|0|0|-4352|-1840|-4224|-1840|478|152|1
W|709|0|0|QROCK3|QROCK3X8|119|3840|0|1|1|119|0|-4416|-1712|-4352|-1840|154|152|1
W|709|0|2|QROCK3|QROCK3X8|119|3840|0|1|1|119|0|-4416|-1712|-4352|-1840|154|152|1
W|709|1|0|QROCK3|QROCK3X8|0|3840|0|1|1|0|0|-4352|-1840|-4416|-1712|152|154|1
W|709|1|2|QROCK3|QROCK3X8|0|3840|0|1|1|0|0|-4352|-1840|-4416|-1712|152|154|1
W|710|0|2|QROCK3|QROCK3X8|0|3712|0|1|1|0|0|-4160|-1840|-4224|-1840|155|478|1
W|710|1|0|QROCK3|QROCK3X8|0|5120|0|1|1|0|0|-4224|-1840|-4160|-1840|478|155|1
W|710|1|2|QROCK3|QROCK3X8|0|5120|0|1|1|0|0|-4224|-1840|-4160|-1840|478|155|1
W|711|0|0|QROCK3|QROCK3X8|119|3840|0|1|1|119|0|-4288|-1712|-4224|-1840|152|155|1
W|711|0|2|QROCK3|QROCK3X8|119|3840|0|1|1|119|0|-4288|-1712|-4224|-1840|152|155|1
W|711|1|0|QROCK3|QROCK3X8|0|3840|0|1|1|0|0|-4224|-1840|-4288|-1712|155|152|1
W|711|1|2|QROCK3|QROCK3X8|0|3840|0|1|1|0|0|-4224|-1840|-4288|-1712|155|152|1
W|712|0|2|QROCK3|QROCK3X8|0|3712|0|1|1|0|0|-4096|-1840|-4160|-1840|157|478|1
W|712|1|0|QROCK3|QROCK3X8|64|5120|0|1|1|64|0|-4160|-1840|-4096|-1840|478|157|1
W|712|1|2|QROCK3|QROCK3X8|64|5120|0|1|1|64|0|-4160|-1840|-4096|-1840|478|157|1
W|713|0|0|QROCK3|QROCK3X8|55|3712|0|1|1|55|0|-4224|-1712|-4160|-1840|155|157|1
W|713|0|2|QROCK3|QROCK3X8|55|3712|0|1|1|55|0|-4224|-1712|-4160|-1840|155|157|1
W|713|1|0|QROCK3|QROCK3X8|0|3712|0|1|1|0|0|-4160|-1840|-4224|-1712|157|155|1
W|713|1|2|QROCK3|QROCK3X8|0|3712|0|1|1|0|0|-4160|-1840|-4224|-1712|157|155|1
W|715|0|0|QROCK3|QROCK3X8|86|4224|0|1|1|86|0|-3264|-240|-3264|-288|159|160|1
W|1185|1|0|QROCK3|QROCK3X8|134|4224|0|1|1|6|0|-3264|-288|-3264|-352|159|286|1
W|1194|1|0|QROCK3|QROCK3X8|198|4224|0|1|1|70|0|-3264|-352|-3264|-416|159|290|1
W|1197|1|0|QROCK3|QROCK3X8|262|4224|0|1|1|6|0|-3264|-416|-3264|-448|159|292|1
W|1200|1|0|QROCK3|QROCK3X8|294|4224|0|1|1|38|0|-3264|-448|-3264|-512|159|289|1
W|1191|1|0|QROCK3|QROCK3X8|358|4224|0|1|1|102|0|-3264|-512|-3264|-576|159|287|1
W|1188|1|0|QROCK3|QROCK3X8|422|4224|0|1|1|38|0|-3264|-576|-3264|-624|159|285|1
W|716|0|1|QROCK3|QROCK3X8|86|4224|0|1|1|86|0|-3264|-624|-3296|-720|161|-1|1
W|1666|0|1|QROCK3|QROCK3X8|187.192885125|4224|0|1|1|59|0|-3296|-720|-3317|-784|355|-1|1
W|1669|0|1|QROCK3|QROCK3X8|254.550141602|4224|0|1|1|126|0|-3317|-784|-3392|-1008|161|-1|1
W|714|0|1|QROCK3|QROCK3X8|490.772494481|4224|0|1|1|106|0|-3392|-1008|-3408|-1024|158|-1|1
W|717|0|1|QROCK3|QROCK3X8|122|4224|0|1|1|122|0|-4864|-1520|-5024|-1456|162|-1|1
W|1681|0|1|QROCK3|QROCK3X8|294.325273828|4224|0|1|1|38|0|-5024|-1456|-5088|-1431|358|-1|1
W|1684|0|1|QROCK3|QROCK3X8|363.034807374|4224|0|1|1|107|0|-5088|-1431|-5184|-1392|162|-1|1
W|729|0|1|QROCK3|QROCK3X8|466.654303609|4224|0|1|1|83|0|-5184|-1392|-5200|-1376|171|-1|1
W|718|0|1|QROCK3|QROCK3X8|9|4224|0|1|1|9|0|-3776|-1392|-3872|-1430|163|-1|1
W|1689|0|1|QROCK3|QROCK3X8|112.247275993|4224|0|1|1|112|0|-3872|-1430|-3936|-1456|359|-1|1
W|1686|0|1|QROCK3|QROCK3X8|181.32694015|4224|0|1|1|53|0|-3936|-1456|-4096|-1520|163|-1|1
W|719|0|0|QROCK3|QROCK3X8|0|3712|0|1|1|0|0|-4800|-1648|-4736|-1648|149|147|1
W|719|0|2|QROCK3|QROCK3X8|0|3712|0|1|1|0|0|-4800|-1648|-4736|-1648|149|147|1
W|719|1|0|QROCK3|QROCK3X8|0|3712|0|1|1|0|0|-4736|-1648|-4800|-1648|147|149|1
W|719|1|2|QROCK3|QROCK3X8|0|3712|0|1|1|0|0|-4736|-1648|-4800|-1648|147|149|1
W|720|0|0|QROCK3|QROCK3X8|0|3712|0|1|1|0|0|-4800|-1712|-4736|-1712|150|149|1
W|720|0|2|QROCK3|QROCK3X8|0|3712|0|1|1|0|0|-4800|-1712|-4736|-1712|150|149|1
W|720|1|0|QROCK3|QROCK3X8|0|3712|0|1|1|0|0|-4736|-1712|-4800|-1712|149|150|1
W|720|1|2|QROCK3|QROCK3X8|0|3712|0|1|1|0|0|-4736|-1712|-4800|-1712|149|150|1
W|721|0|1|QROCK3|QROCK3X8|48|3584|0|1|1|48|0|-4160|-1712|-4096|-1840|157|-1|1
W|722|0|1|QROCK3|QROCK3X8|112|3584|0|1|1|112|0|-4160|-1648|-4160|-1712|164|-1|1
W|723|0|0|QROCK3|QROCK3X8|117|3840|0|1|1|117|0|-4608|-1840|-4544|-1712|154|165|1
W|723|0|2|QROCK3|QROCK3X8|117|3840|0|1|1|117|0|-4608|-1840|-4544|-1712|154|165|1
W|723|1|0|QROCK3|QROCK3X8|0|3840|0|1|1|0|0|-4544|-1712|-4608|-1840|165|154|1
W|723|1|2|QROCK3|QROCK3X8|0|3840|0|1|1|0|0|-4544|-1712|-4608|-1840|165|154|1
W|724|0|2|QROCK3|QROCK3X8|0|3840|0|1|1|0|0|-4352|-1840|-4608|-1840|154|478|1
W|724|1|0|QROCK3|QROCK3X8|0|5120|0|1|1|0|0|-4608|-1840|-4352|-1840|478|154|1
W|724|1|2|QROCK3|QROCK3X8|0|5120|0|1|1|0|0|-4608|-1840|-4352|-1840|478|154|1
W|725|0|0|QROCK3|QROCK3X8|117|3840|0|1|1|117|0|-4736|-1840|-4672|-1712|165|167|1
W|725|0|2|QROCK3|QROCK3X8|117|3840|0|1|1|117|0|-4736|-1840|-4672|-1712|165|167|1
W|725|1|0|QROCK3|QROCK3X8|0|3840|0|1|1|0|0|-4672|-1712|-4736|-1840|167|165|1
W|725|1|2|QROCK3|QROCK3X8|0|3840|0|1|1|0|0|-4672|-1712|-4736|-1840|167|165|1
W|726|0|2|QROCK3|QROCK3X8|0|3840|0|1|1|0|0|-4608|-1840|-4736|-1840|165|478|1
W|726|1|0|QROCK3|QROCK3X8|0|5120|0|1|1|0|0|-4736|-1840|-4608|-1840|478|165|1
W|726|1|2|QROCK3|QROCK3X8|0|5120|0|1|1|0|0|-4736|-1840|-4608|-1840|478|165|1
W|728|0|1|QROCK3|QROCK3X8|114|4224|0|1|1|114|0|-5568|-1008|-5643|-784|170|-1|1
W|1654|0|1|QROCK3|QROCK3X8|350.22235288|4224|0|1|1|94|0|-5643|-784|-5664|-720|352|-1|1
W|1651|0|1|QROCK3|QROCK3X8|417.579609356|4224|0|1|1|33|0|-5664|-720|-5696|-624|170|-1|1
W|730|0|0|QROCK3|QROCK3X8|0|3712|0|1|1|0|0|-4736|-1712|-4672|-1712|167|172|1
W|730|0|2|QROCK3|QROCK3X8|0|3712|0|1|1|0|0|-4736|-1712|-4672|-1712|167|172|1
W|730|1|0|QROCK3|QROCK3X8|0|3840|0|1|1|0|0|-4672|-1712|-4736|-1712|172|167|1
W|730|1|2|QROCK3|QROCK3X8|0|3840|0|1|1|0|0|-4672|-1712|-4736|-1712|172|167|1
W|731|0|0|QROCK3|QROCK3X8|0|3840|0|1|1|0|0|-4672|-1712|-4544|-1712|165|173|1
W|731|0|2|QROCK3|QROCK3X8|0|3840|0|1|1|0|0|-4672|-1712|-4544|-1712|165|173|1
W|731|1|0|QROCK3|QROCK3X8|0|3840|0|1|1|0|0|-4544|-1712|-4672|-1712|173|165|1
W|731|1|2|QROCK3|QROCK3X8|0|3840|0|1|1|0|0|-4544|-1712|-4672|-1712|173|165|1
W|732|0|0|QROCK3|QROCK3X8|4|3840|0|1|1|4|0|-4672|-1712|-4672|-1648|173|172|1
W|732|0|2|QROCK3|QROCK3X8|4|3840|0|1|1|4|0|-4672|-1712|-4672|-1648|173|172|1
W|732|1|0|QROCK3|QROCK3X8|0|3840|0|1|1|0|0|-4672|-1648|-4672|-1712|172|173|1
W|732|1|2|QROCK3|QROCK3X8|0|3840|0|1|1|0|0|-4672|-1648|-4672|-1712|172|173|1
W|733|0|0|QROCK3|QROCK3X8|68|3712|0|1|1|68|0|-4736|-1712|-4736|-1648|172|149|1
W|733|0|2|QROCK3|QROCK3X8|68|3712|0|1|1|68|0|-4736|-1712|-4736|-1648|172|149|1
W|733|1|0|QROCK3|QROCK3X8|0|3712|0|1|1|0|0|-4736|-1648|-4736|-1712|149|172|1
W|733|1|2|QROCK3|QROCK3X8|0|3712|0|1|1|0|0|-4736|-1648|-4736|-1712|149|172|1
W|734|0|0|QROCK3|QROCK3X8|0|3840|0|1|1|0|0|-4672|-1648|-4544|-1648|173|174|1
W|734|0|2|QROCK3|QROCK3X8|0|3840|0|1|1|0|0|-4672|-1648|-4544|-1648|173|174|1
W|734|1|0|QROCK3|QROCK3X8|0|3840|0|1|1|0|0|-4544|-1648|-4672|-1648|174|173|1
W|734|1|2|QROCK3|QROCK3X8|0|3840|0|1|1|0|0|-4544|-1648|-4672|-1648|174|173|1
W|735|0|0|QROCK3|QROCK3X8|0|3840|0|1|1|0|0|-4736|-1648|-4672|-1648|172|175|1
W|735|0|2|QROCK3|QROCK3X8|0|3840|0|1|1|0|0|-4736|-1648|-4672|-1648|172|175|1
W|735|1|0|QROCK3|QROCK3X8|0|3712|0|1|1|0|0|-4672|-1648|-4736|-1648|175|172|1
W|735|1|2|QROCK3|QROCK3X8|0|3712|0|1|1|0|0|-4672|-1648|-4736|-1648|175|172|1
W|736|0|0|QROCK3|QROCK3X8|0|3840|0|1|1|0|0|-4544|-1648|-4416|-1648|176|177|1
W|736|0|2|QROCK3|QROCK3X8|0|3840|0|1|1|0|0|-4544|-1648|-4416|-1648|176|177|1
W|736|1|0|QROCK3|QROCK3X8|0|3840|0|1|1|0|0|-4416|-1648|-4544|-1648|177|176|1
W|736|1|2|QROCK3|QROCK3X8|0|3840|0|1|1|0|0|-4416|-1648|-4544|-1648|177|176|1
W|737|0|0|QROCK3|QROCK3X8|0|3840|0|1|1|0|0|-4544|-1712|-4416|-1712|154|176|1
W|737|0|2|QROCK3|QROCK3X8|0|3840|0|1|1|0|0|-4544|-1712|-4416|-1712|154|176|1
W|737|1|0|QROCK3|QROCK3X8|0|3840|0|1|1|0|0|-4416|-1712|-4544|-1712|176|154|1
W|737|1|2|QROCK3|QROCK3X8|0|3840|0|1|1|0|0|-4416|-1712|-4544|-1712|176|154|1
W|738|0|0|QROCK3|QROCK3X8|4|3840|0|1|1|4|0|-4544|-1712|-4544|-1648|176|173|1
W|738|0|2|QROCK3|QROCK3X8|4|3840|0|1|1|4|0|-4544|-1712|-4544|-1648|176|173|1
W|738|1|0|QROCK3|QROCK3X8|0|3840|0|1|1|0|0|-4544|-1648|-4544|-1712|173|176|1
W|738|1|2|QROCK3|QROCK3X8|0|3840|0|1|1|0|0|-4544|-1648|-4544|-1712|173|176|1
W|739|0|0|QROCK3|QROCK3X8|0|3840|0|1|1|0|0|-4416|-1648|-4288|-1648|178|179|1
W|739|0|2|QROCK3|QROCK3X8|0|3840|0|1|1|0|0|-4416|-1648|-4288|-1648|178|179|1
W|739|1|0|QROCK3|QROCK3X8|0|3840|0|1|1|0|0|-4288|-1648|-4416|-1648|179|178|1
W|739|1|2|QROCK3|QROCK3X8|0|3840|0|1|1|0|0|-4288|-1648|-4416|-1648|179|178|1
W|740|0|0|QROCK3|QROCK3X8|0|3840|0|1|1|0|0|-4416|-1712|-4288|-1712|152|178|1
W|740|0|2|QROCK3|QROCK3X8|0|3840|0|1|1|0|0|-4416|-1712|-4288|-1712|152|178|1
W|740|1|0|QROCK3|QROCK3X8|0|3840|0|1|1|0|0|-4288|-1712|-4416|-1712|178|152|1
W|740|1|2|QROCK3|QROCK3X8|0|3840|0|1|1|0|0|-4288|-1712|-4416|-1712|178|152|1
W|741|0|0|QROCK3|QROCK3X8|55|3840|0|1|1|55|0|-4416|-1648|-4416|-1712|176|178|1
W|741|0|2|QROCK3|QROCK3X8|55|3840|0|1|1|55|0|-4416|-1648|-4416|-1712|176|178|1
W|741|1|0|QROCK3|QROCK3X8|0|3840|0|1|1|0|0|-4416|-1712|-4416|-1648|178|176|1
W|741|1|2|QROCK3|QROCK3X8|0|3840|0|1|1|0|0|-4416|-1712|-4416|-1648|178|176|1
W|742|0|0|QROCK3|QROCK3X8|0|3712|0|1|1|0|0|-4288|-1648|-4224|-1648|180|181|1
W|742|0|2|QROCK3|QROCK3X8|0|3712|0|1|1|0|0|-4288|-1648|-4224|-1648|180|181|1
W|742|1|0|QROCK3|QROCK3X8|0|3840|0|1|1|0|0|-4224|-1648|-4288|-1648|181|180|1
W|742|1|2|QROCK3|QROCK3X8|0|3840|0|1|1|0|0|-4224|-1648|-4288|-1648|181|180|1
W|743|0|0|QROCK3|QROCK3X8|0|3712|0|1|1|0|0|-4800|-1520|-4736|-1520|175|148|1
W|743|0|2|QROCK3|QROCK3X8|0|3712|0|1|1|0|0|-4800|-1520|-4736|-1520|175|148|1
W|743|1|0|QROCK3|QROCK3X8|40|4224|0|1|1|40|0|-4736|-1520|-4800|-1520|148|175|1
W|743|1|2|QROCK3|QROCK3X8|40|4224|0|1|1|40|0|-4736|-1520|-4800|-1520|148|175|1
W|744|0|0|QROCK3|QROCK3X8|68|3840|0|1|1|68|0|-4672|-1648|-4736|-1520|174|175|1
W|744|0|2|QROCK3|QROCK3X8|68|3840|0|1|1|68|0|-4672|-1648|-4736|-1520|174|175|1
W|744|1|0|QROCK3|QROCK3X8|0|3840|0|1|1|0|0|-4736|-1520|-4672|-1648|175|174|1
W|744|1|2|QROCK3|QROCK3X8|0|3840|0|1|1|0|0|-4736|-1520|-4672|-1648|175|174|1
W|745|0|0|QROCK3|QROCK3X8|0|3840|0|1|1|0|0|-4736|-1520|-4608|-1520|174|148|1
W|745|0|2|QROCK3|QROCK3X8|0|3840|0|1|1|0|0|-4736|-1520|-4608|-1520|174|148|1
W|745|1|0|QROCK3|QROCK3X8|40|4224|0|1|1|40|0|-4608|-1520|-4736|-1520|148|174|1
W|745|1|2|QROCK3|QROCK3X8|40|4224|0|1|1|40|0|-4608|-1520|-4736|-1520|148|174|1
W|746|0|0|QROCK3|QROCK3X8|68|3840|0|1|1|68|0|-4544|-1648|-4608|-1520|177|174|1
W|746|0|2|QROCK3|QROCK3X8|68|3840|0|1|1|68|0|-4544|-1648|-4608|-1520|177|174|1
W|746|1|0|QROCK3|QROCK3X8|0|3840|0|1|1|0|0|-4608|-1520|-4544|-1648|174|177|1
W|746|1|2|QROCK3|QROCK3X8|0|3840|0|1|1|0|0|-4608|-1520|-4544|-1648|174|177|1
W|747|0|0|QROCK3|QROCK3X8|0|3840|0|1|1|0|0|-4608|-1520|-4352|-1520|177|182|1
W|747|0|2|QROCK3|QROCK3X8|0|3840|0|1|1|0|0|-4608|-1520|-4352|-1520|177|182|1
W|747|1|0|QROCK3|QROCK3X8|40|4224|0|1|1|40|0|-4352|-1520|-4608|-1520|182|177|1
W|747|1|2|QROCK3|QROCK3X8|40|4224|0|1|1|40|0|-4352|-1520|-4608|-1520|182|177|1
W|748|0|0|QROCK3|QROCK3X8|0|3840|0|1|1|0|0|-4352|-1520|-4224|-1520|179|148|1
W|748|0|2|QROCK3|QROCK3X8|0|3840|0|1|1|0|0|-4352|-1520|-4224|-1520|179|148|1
W|748|1|0|QROCK3|QROCK3X8|40|4224|0|1|1|40|0|-4224|-1520|-4352|-1520|148|179|1
W|748|1|2|QROCK3|QROCK3X8|40|4224|0|1|1|40|0|-4224|-1520|-4352|-1520|148|179|1
W|749|0|0|QROCK3|QROCK3X8|40|3840|0|1|1|40|0|-4352|-1520|-4416|-1648|177|179|1
W|749|0|2|QROCK3|QROCK3X8|40|3840|0|1|1|40|0|-4352|-1520|-4416|-1648|177|179|1
W|749|1|0|QROCK3|QROCK3X8|0|3840|0|1|1|0|0|-4416|-1648|-4352|-1520|179|177|1
W|749|1|2|QROCK3|QROCK3X8|0|3840|0|1|1|0|0|-4416|-1648|-4352|-1520|179|177|1
W|750|0|0|QROCK3|QROCK3X8|0|3840|0|1|1|0|0|-4224|-1520|-4160|-1520|181|148|1
W|750|0|2|QROCK3|QROCK3X8|0|3840|0|1|1|0|0|-4224|-1520|-4160|-1520|181|148|1
W|750|1|0|QROCK3|QROCK3X8|104|4224|0|1|1|104|0|-4160|-1520|-4224|-1520|148|181|1
W|750|1|2|QROCK3|QROCK3X8|104|4224|0|1|1|104|0|-4160|-1520|-4224|-1520|148|181|1
W|751|0|0|QROCK3|QROCK3X8|104|3712|0|1|1|104|0|-4160|-1520|-4224|-1648|181|146|1
W|751|0|2|QROCK3|QROCK3X8|104|3712|0|1|1|104|0|-4160|-1520|-4224|-1648|181|146|1
W|751|1|0|QROCK3|QROCK3X8|0|3712|0|1|1|0|0|-4224|-1648|-4160|-1520|146|181|1
W|751|1|2|QROCK3|QROCK3X8|0|3712|0|1|1|0|0|-4224|-1648|-4160|-1520|146|181|1
W|752|0|0|QROCK3|QROCK3X8|40|3840|0|1|1|40|0|-4224|-1520|-4288|-1648|179|181|1
W|752|0|2|QROCK3|QROCK3X8|40|3840|0|1|1|40|0|-4224|-1520|-4288|-1648|179|181|1
W|752|1|0|QROCK3|QROCK3X8|0|3840|0|1|1|0|0|-4288|-1648|-4224|-1520|181|179|1
W|752|1|2|QROCK3|QROCK3X8|0|3840|0|1|1|0|0|-4288|-1648|-4224|-1520|181|179|1
W|753|0|0|QROCK3|QROCK3X8|0|3712|0|1|1|0|0|-4160|-1520|-4096|-1520|146|148|1
W|753|0|2|QROCK3|QROCK3X8|0|3712|0|1|1|0|0|-4160|-1520|-4096|-1520|146|148|1
W|753|1|0|QROCK3|QROCK3X8|40|4224|0|1|1|40|0|-4096|-1520|-4160|-1520|148|146|1
W|753|1|2|QROCK3|QROCK3X8|40|4224|0|1|1|40|0|-4096|-1520|-4160|-1520|148|146|1
W|754|0|0|QROCK3|QROCK3X8|119|3712|0|1|1|119|0|-4224|-1648|-4224|-1712|180|164|1
W|754|0|2|QROCK3|QROCK3X8|119|3712|0|1|1|119|0|-4224|-1648|-4224|-1712|180|164|1
W|754|1|0|QROCK3|QROCK3X8|0|3712|0|1|1|0|0|-4224|-1712|-4224|-1648|164|180|1
W|754|1|2|QROCK3|QROCK3X8|0|3712|0|1|1|0|0|-4224|-1712|-4224|-1648|164|180|1
W|755|0|0|QROCK3|QROCK3X8|0|3712|0|1|1|0|0|-4224|-1712|-4160|-1712|157|164|1
W|755|0|2|QROCK3|QROCK3X8|0|3712|0|1|1|0|0|-4224|-1712|-4160|-1712|157|164|1
W|755|1|0|QROCK3|QROCK3X8|0|3712|0|1|1|0|0|-4160|-1712|-4224|-1712|164|157|1
W|755|1|2|QROCK3|QROCK3X8|0|3712|0|1|1|0|0|-4160|-1712|-4224|-1712|164|157|1
W|756|0|0|QROCK3|QROCK3X8|0|3712|0|1|1|0|0|-4224|-1648|-4160|-1648|164|146|1
W|756|0|2|QROCK3|QROCK3X8|0|3712|0|1|1|0|0|-4224|-1648|-4160|-1648|164|146|1
W|756|1|0|QROCK3|QROCK3X8|0|3712|0|1|1|0|0|-4160|-1648|-4224|-1648|146|164|1
W|756|1|2|QROCK3|QROCK3X8|0|3712|0|1|1|0|0|-4160|-1648|-4224|-1648|146|164|1
W|757|0|0|QROCK3|QROCK3X8|55|3840|0|1|1|55|0|-4288|-1648|-4288|-1712|178|180|1
W|757|0|2|QROCK3|QROCK3X8|55|3840|0|1|1|55|0|-4288|-1648|-4288|-1712|178|180|1
W|757|1|0|QROCK3|QROCK3X8|0|3840|0|1|1|0|0|-4288|-1712|-4288|-1648|180|178|1
W|757|1|2|QROCK3|QROCK3X8|0|3840|0|1|1|0|0|-4288|-1712|-4288|-1648|180|178|1
W|758|0|0|QROCK3|QROCK3X8|0|3712|0|1|1|0|0|-4288|-1712|-4224|-1712|155|180|1
W|758|0|2|QROCK3|QROCK3X8|0|3712|0|1|1|0|0|-4288|-1712|-4224|-1712|155|180|1
W|758|1|0|QROCK3|QROCK3X8|0|3712|0|1|1|0|0|-4224|-1712|-4288|-1712|180|155|1
W|758|1|2|QROCK3|QROCK3X8|0|3712|0|1|1|0|0|-4224|-1712|-4288|-1712|180|155|1
W|759|0|1|QROCK3|QROCK3X8|66|4224|0|1|1|66|0|-3392|144|-3317|-80|183|-1|1
W|1664|0|1|QROCK3|QROCK3X8|302.22235288|4224|0|1|1|46|0|-3317|-80|-3296|-144|354|-1|1
W|1661|0|1|QROCK3|QROCK3X8|369.579609356|4224|0|1|1|113|0|-3296|-144|-3264|-240|183|-1|1
W|760|0|1|QROCK3|QROCK3X8|69|4224|0|1|1|69|0|-5696|-240|-5664|-144|184|-1|1
W|1656|0|1|QROCK3|QROCK3X8|170.192885125|4224|0|1|1|42|0|-5664|-144|-5643|-80|353|-1|1
W|1659|0|1|QROCK3|QROCK3X8|237.550141602|4224|0|1|1|109|0|-5643|-80|-5568|144|184|-1|1
W|727|0|1|QROCK3|QROCK3X8|473.772494481|4224|0|1|1|89|0|-5568|144|-5552|160|169|-1|1
W|761|0|0|QROCK3|QROCK3X8|69|4224|0|1|1|-59|0|-5696|-624|-5696|-576|185|186|1
W|1015|0|0|QROCK3|QROCK3X8|117|4224|0|1|1|-11|0|-5696|-576|-5696|-512|185|254|1
W|1024|0|0|QROCK3|QROCK3X8|181|4224|0|1|1|53|0|-5696|-512|-5696|-448|185|258|1
W|1027|0|0|QROCK3|QROCK3X8|245|4224|0|1|1|117|0|-5696|-448|-5696|-416|185|260|1
W|1030|0|0|QROCK3|QROCK3X8|277|4224|0|1|1|21|0|-5696|-416|-5696|-352|185|257|1
W|1021|0|0|QROCK3|QROCK3X8|341|4224|0|1|1|85|0|-5696|-352|-5696|-288|185|255|1
W|1018|0|0|QROCK3|QROCK3X8|405|4224|0|1|1|21|0|-5696|-288|-5696|-240|185|253|1
W|762|0|0|QROCK3|QROCK3X8|53|3712|0|1|1|53|0|-4800|-1840|-4736|-1712|167|150|1
W|762|0|2|QROCK3|QROCK3X8|53|3712|0|1|1|53|0|-4800|-1840|-4736|-1712|167|150|1
W|762|1|0|QROCK3|QROCK3X8|0|3712|0|1|1|0|0|-4736|-1712|-4800|-1840|150|167|1
W|762|1|2|QROCK3|QROCK3X8|0|3712|0|1|1|0|0|-4736|-1712|-4800|-1840|150|167|1
W|763|0|2|QROCK3|QROCK3X8|0|3712|0|1|1|0|0|-4736|-1840|-4800|-1840|167|478|1
W|763|1|0|QROCK3|QROCK3X8|64|5120|0|1|1|-64|0|-4800|-1840|-4736|-1840|478|167|1
W|763|1|2|QROCK3|QROCK3X8|64|5120|0|1|1|-64|0|-4800|-1840|-4736|-1840|478|167|1
W|764|0|0|QROCK3|QROCK3X8|4|3712|0|1|1|4|0|-4736|-1648|-4800|-1520|175|147|1
W|764|0|2|QROCK3|QROCK3X8|4|3712|0|1|1|4|0|-4736|-1648|-4800|-1520|175|147|1
W|764|1|0|QROCK3|QROCK3X8|0|3712|0|1|1|0|0|-4800|-1520|-4736|-1648|147|175|1
W|764|1|2|QROCK3|QROCK3X8|0|3712|0|1|1|0|0|-4800|-1520|-4736|-1648|147|175|1
W|766|0|1|QROCK3|QROCK3X8|14|4224|0|1|1|14|0|-4160|656|-4064|624|188|-1|1
W|1676|0|1|QROCK3|QROCK3X8|115.192885125|4224|0|1|1|115|0|-4064|624|-4000|602|357|-1|1
W|1679|0|1|QROCK3|QROCK3X8|182.868582388|4224|0|1|1|55|0|-4000|602|-3776|528|188|-1|1
W|765|0|1|QROCK3|QROCK3X8|418.775343631|4224|0|1|1|35|0|-3776|528|-3760|512|187|-1|1
W|767|0|1|QROCK3|QROCK3X8|14|4224|0|1|1|14|0|-4800|656|-4672|656|189|-1|1
W|770|1|0|QROCK3|QROCK3X8|30|4224|0|1|1|-98|0|-5152|-176|-5184|-240|148|192|1
W|770|1|2|QROCK3|QROCK3X8|30|4224|0|1|1|-98|0|-5152|-176|-5184|-240|148|192|1
W|771|1|0|QROCK3|QROCK3X8|108|4224|0|1|1|-20|0|-4992|80|-5056|16|148|193|1
W|771|1|2|QROCK3|QROCK3X8|108|4224|0|1|1|-20|0|-4992|80|-5056|16|148|193|1
W|772|1|0|QROCK3|QROCK3X8|73|4224|0|1|1|-55|0|-4864|176|-4928|144|148|194|1
W|772|1|2|QROCK3|QROCK3X8|73|4224|0|1|1|-55|0|-4864|176|-4928|144|148|194|1
W|773|1|0|QROCK3|QROCK3X8|97|4224|0|1|1|-31|0|-4656|272|-4672|272|148|195|1
W|773|1|2|QROCK3|QROCK3X8|97|4224|0|1|1|-31|0|-4656|272|-4672|272|148|195|1
W|774|1|0|QROCK3|QROCK3X8|116|4224|0|1|1|-12|0|-4224|240|-4288|272|148|196|1
W|774|1|2|QROCK3|QROCK3X8|116|4224|0|1|1|-12|0|-4224|240|-4288|272|148|196|1
W|775|1|0|QROCK3|QROCK3X8|21|4224|0|1|1|-107|0|-3936|48|-4032|144|148|197|1
W|775|1|2|QROCK3|QROCK3X8|21|4224|0|1|1|-107|0|-3936|48|-4032|144|148|197|1
W|776|1|0|QROCK3|QROCK3X8|32|4224|0|1|1|-96|0|-3872|-48|-3904|16|148|198|1
W|776|1|2|QROCK3|QROCK3X8|32|4224|0|1|1|-96|0|-3872|-48|-3904|16|148|198|1
W|777|1|0|QROCK3|QROCK3X8|57|4224|0|1|1|-71|0|-3776|-384|-3776|-240|148|199|1
W|777|1|2|QROCK3|QROCK3X8|57|4224|0|1|1|-71|0|-3776|-384|-3776|-240|148|199|1
W|778|1|0|QROCK3|QROCK3X8|1|4224|0|1|1|-127|0|-3808|-688|-3776|-624|148|200|1
W|778|1|2|QROCK3|QROCK3X8|1|4224|0|1|1|-127|0|-3808|-688|-3776|-624|148|200|1
W|779|1|0|QROCK3|QROCK3X8|126|4224|0|1|1|-2|0|-3936|-912|-3904|-880|148|201|1
W|779|1|2|QROCK3|QROCK3X8|126|4224|0|1|1|-2|0|-3936|-912|-3904|-880|148|201|1
W|780|1|0|QROCK3|QROCK3X8|46|4224|0|1|1|-82|0|-4096|-1040|-4032|-1008|148|202|1
W|780|1|2|QROCK3|QROCK3X8|46|4224|0|1|1|-82|0|-4096|-1040|-4032|-1008|148|202|1
W|781|1|0|QROCK3|QROCK3X8|71|4224|0|1|1|-57|0|-4304|-1136|-4288|-1136|148|203|1
W|781|1|2|QROCK3|QROCK3X8|71|4224|0|1|1|-57|0|-4304|-1136|-4288|-1136|148|203|1
W|782|1|0|QROCK3|QROCK3X8|72|4224|0|1|1|-56|0|-4800|-1072|-4672|-1136|148|204|1
W|782|1|2|QROCK3|QROCK3X8|72|4224|0|1|1|-56|0|-4800|-1072|-4672|-1136|148|204|1
W|783|1|0|QROCK3|QROCK3X8|94|4224|0|1|1|-34|0|-4992|-944|-4928|-1008|148|205|1
W|783|1|2|QROCK3|QROCK3X8|94|4224|0|1|1|-34|0|-4992|-944|-4928|-1008|148|205|1
W|784|1|0|QROCK3|QROCK3X8|25|4224|0|1|1|-103|0|-5104|-784|-5056|-880|148|206|1
W|784|1|2|QROCK3|QROCK3X8|25|4224|0|1|1|-103|0|-5104|-784|-5056|-880|148|206|1
W|785|0|0|QROCK3|QROCK3X8|72|8448|0|1|1|-56|0|-5056|-624|-5056|-512|207|191|1
W|785|0|2|QROCK3|QROCK3X8|72|8448|0|1|1|-56|0|-5056|-624|-5056|-512|207|191|1
W|785|1|0|QROCK3|QROCK3X8|0|4096|0|1|1|0|0|-5056|-512|-5056|-624|191|207|1
W|785|1|2|QROCK3|QROCK3X8|0|4096|0|1|1|0|0|-5056|-512|-5056|-624|191|207|1
W|786|0|0|QROCK3|QROCK3X8|72|8448|0|1|1|-56|0|-5056|-240|-5024|-192|207|192|1
W|786|0|2|QROCK3|QROCK3X8|72|8448|0|1|1|-56|0|-5056|-240|-5024|-192|207|192|1
W|786|1|0|QROCK3|QROCK3X8|0|4096|0|1|1|0|0|-5024|-192|-5056|-240|192|207|1
W|786|1|2|QROCK3|QROCK3X8|0|4096|0|1|1|0|0|-5024|-192|-5056|-240|192|207|1
W|787|0|0|QROCK3|QROCK3X8|47|8448|0|1|1|-81|0|-4928|-48|-4896|-16|207|193|1
W|787|0|2|QROCK3|QROCK3X8|47|8448|0|1|1|-81|0|-4928|-48|-4896|-16|207|193|1
W|787|1|0|QROCK3|QROCK3X8|0|4096|0|1|1|0|0|-4896|-16|-4928|-48|193|207|1
W|787|1|2|QROCK3|QROCK3X8|0|4096|0|1|1|0|0|-4896|-16|-4928|-48|193|207|1
W|788|0|0|QROCK3|QROCK3X8|9|8448|0|1|1|-119|0|-4864|16|-4816|48|207|194|1
W|788|0|2|QROCK3|QROCK3X8|9|8448|0|1|1|-119|0|-4864|16|-4816|48|207|194|1
W|788|1|0|QROCK3|QROCK3X8|0|4096|0|1|1|0|0|-4816|48|-4864|16|194|207|1
W|788|1|2|QROCK3|QROCK3X8|0|4096|0|1|1|0|0|-4816|48|-4864|16|194|207|1
W|789|0|0|QROCK3|QROCK3X8|96|8448|0|1|1|-32|0|-4672|144|-4592|144|207|195|1
W|789|0|2|QROCK3|QROCK3X8|96|8448|0|1|1|-32|0|-4672|144|-4592|144|207|195|1
W|789|1|0|QROCK3|QROCK3X8|0|4096|0|1|1|0|0|-4592|144|-4672|144|195|207|1
W|789|1|2|QROCK3|QROCK3X8|0|4096|0|1|1|0|0|-4592|144|-4672|144|195|207|1
W|790|0|0|QROCK3|QROCK3X8|77|8448|0|1|1|-51|0|-4288|144|-4192|80|207|196|1
W|790|0|2|QROCK3|QROCK3X8|77|8448|0|1|1|-51|0|-4288|144|-4192|80|207|196|1
W|790|1|0|QROCK3|QROCK3X8|0|4224|0|1|1|0|0|-4192|80|-4288|144|196|207|1
W|790|1|2|QROCK3|QROCK3X8|0|4224|0|1|1|0|0|-4192|80|-4288|144|196|207|1
W|791|0|0|QROCK3|QROCK3X8|52|8448|0|1|1|-76|0|-4096|16|-4080|0|207|197|1
W|791|0|2|QROCK3|QROCK3X8|52|8448|0|1|1|-76|0|-4096|16|-4080|0|207|197|1
W|791|1|0|QROCK3|QROCK3X8|0|4224|0|1|1|0|0|-4080|0|-4096|16|197|207|1
W|791|1|2|QROCK3|QROCK3X8|0|4224|0|1|1|0|0|-4080|0|-4096|16|197|207|1
W|792|0|0|QROCK3|QROCK3X8|15|8448|0|1|1|-113|0|-4032|-48|-4000|-96|207|198|1
W|792|0|2|QROCK3|QROCK3X8|15|8448|0|1|1|-113|0|-4032|-48|-4000|-96|207|198|1
W|792|1|0|QROCK3|QROCK3X8|0|4096|0|1|1|0|0|-4000|-96|-4032|-48|198|207|1
W|792|1|2|QROCK3|QROCK3X8|0|4096|0|1|1|0|0|-4000|-96|-4032|-48|198|207|1
W|793|0|0|QROCK3|QROCK3X8|118|8448|0|1|1|-10|0|-3904|-240|-3904|-288|207|199|1
W|793|0|2|QROCK3|QROCK3X8|118|8448|0|1|1|-10|0|-3904|-240|-3904|-288|207|199|1
W|793|1|0|QROCK3|QROCK3X8|0|4096|0|1|1|0|0|-3904|-288|-3904|-240|199|207|1
W|793|1|2|QROCK3|QROCK3X8|0|4096|0|1|1|0|0|-3904|-288|-3904|-240|199|207|1
W|794|0|0|QROCK3|QROCK3X8|118|8448|0|1|1|-10|0|-3904|-624|-3968|-720|207|200|1
W|794|0|2|QROCK3|QROCK3X8|118|8448|0|1|1|-10|0|-3904|-624|-3968|-720|207|200|1
W|794|1|0|QROCK3|QROCK3X8|0|4224|0|1|1|0|0|-3968|-720|-3904|-624|200|207|1
W|794|1|2|QROCK3|QROCK3X8|0|4224|0|1|1|0|0|-3968|-720|-3904|-624|200|207|1
W|795|0|0|QROCK3|QROCK3X8|93|8448|0|1|1|-35|0|-4032|-816|-4064|-848|207|201|1
W|795|0|2|QROCK3|QROCK3X8|93|8448|0|1|1|-35|0|-4032|-816|-4064|-848|207|201|1
W|795|1|0|QROCK3|QROCK3X8|0|4096|0|1|1|0|0|-4064|-848|-4032|-816|201|207|1
W|795|1|2|QROCK3|QROCK3X8|0|4096|0|1|1|0|0|-4064|-848|-4032|-816|201|207|1
W|796|0|0|QROCK3|QROCK3X8|55|8448|0|1|1|-73|0|-4096|-880|-4144|-912|207|202|1
W|796|0|2|QROCK3|QROCK3X8|55|8448|0|1|1|-73|0|-4096|-880|-4144|-912|207|202|1
W|796|1|0|QROCK3|QROCK3X8|0|4224|0|1|1|0|0|-4144|-912|-4096|-880|202|207|1
W|796|1|2|QROCK3|QROCK3X8|0|4224|0|1|1|0|0|-4144|-912|-4096|-880|202|207|1
W|797|0|0|QROCK3|QROCK3X8|31|8448|0|1|1|-97|0|-4288|-1008|-4352|-1008|207|203|1
W|797|0|2|QROCK3|QROCK3X8|31|8448|0|1|1|-97|0|-4288|-1008|-4352|-1008|207|203|1
W|797|1|0|QROCK3|QROCK3X8|0|4096|0|1|1|0|0|-4352|-1008|-4288|-1008|203|207|1
W|797|1|2|QROCK3|QROCK3X8|0|4096|0|1|1|0|0|-4352|-1008|-4288|-1008|203|207|1
W|798|0|0|QROCK3|QROCK3X8|31|8448|0|1|1|-97|0|-4672|-1008|-4768|-944|207|204|1
W|798|0|2|QROCK3|QROCK3X8|31|8448|0|1|1|-97|0|-4672|-1008|-4768|-944|207|204|1
W|798|1|0|QROCK3|QROCK3X8|0|4224|0|1|1|0|0|-4768|-944|-4672|-1008|204|207|1
W|798|1|2|QROCK3|QROCK3X8|0|4224|0|1|1|0|0|-4768|-944|-4672|-1008|204|207|1
W|799|0|0|QROCK3|QROCK3X8|6|8448|0|1|1|-122|0|-4864|-880|-4880|-864|207|205|1
W|799|0|2|QROCK3|QROCK3X8|6|8448|0|1|1|-122|0|-4864|-880|-4880|-864|207|205|1
W|799|1|0|QROCK3|QROCK3X8|0|4096|0|1|1|0|0|-4880|-864|-4864|-880|205|207|1
W|799|1|2|QROCK3|QROCK3X8|0|4096|0|1|1|0|0|-4880|-864|-4864|-880|205|207|1
W|800|0|0|QROCK3|QROCK3X8|97|8448|0|1|1|-31|0|-4928|-816|-4960|-768|207|206|1
W|800|0|2|QROCK3|QROCK3X8|97|8448|0|1|1|-31|0|-4928|-816|-4960|-768|207|206|1
W|800|1|0|QROCK3|QROCK3X8|0|4096|0|1|1|0|0|-4960|-768|-4928|-816|206|207|1
W|800|1|2|QROCK3|QROCK3X8|0|4096|0|1|1|0|0|-4960|-768|-4928|-816|206|207|1
W|801|0|0|QROCK3|QROCK3X8|72|4224|0|1|1|-56|0|-5184|-624|-5056|-624|208|191|1
W|801|0|2|QROCK3|QROCK3X8|72|4224|0|1|1|-56|0|-5184|-624|-5056|-624|208|191|1
W|801|1|0|QROCK3|QROCK3X8|0|4224|0|1|1|0|0|-5056|-624|-5184|-624|191|208|1
W|801|1|2|QROCK3|QROCK3X8|0|4224|0|1|1|0|0|-5056|-624|-5184|-624|191|208|1
W|802|0|0|QROCK3|QROCK3X8|72|4224|0|1|1|-56|0|-5184|-240|-5056|-240|209|192|1
W|802|0|2|QROCK3|QROCK3X8|72|4224|0|1|1|-56|0|-5184|-240|-5056|-240|209|192|1
W|802|1|0|QROCK3|QROCK3X8|0|4224|0|1|1|0|0|-5056|-240|-5184|-240|192|209|1
W|802|1|2|QROCK3|QROCK3X8|0|4224|0|1|1|0|0|-5056|-240|-5184|-240|192|209|1
W|803|0|0|QROCK3|QROCK3X8|32|4224|0|1|1|-96|0|-5056|16|-4928|-48|210|193|1
W|803|0|2|QROCK3|QROCK3X8|32|4224|0|1|1|-96|0|-5056|16|-4928|-48|210|193|1
W|803|1|0|QROCK3|QROCK3X8|0|4224|0|1|1|0|0|-4928|-48|-5056|16|193|210|1
W|803|1|2|QROCK3|QROCK3X8|0|4224|0|1|1|0|0|-4928|-48|-5056|16|193|210|1
W|804|0|0|QROCK3|QROCK3X8|122|4224|0|1|1|-6|0|-4928|144|-4864|16|211|194|1
W|804|0|2|QROCK3|QROCK3X8|122|4224|0|1|1|-6|0|-4928|144|-4864|16|211|194|1
W|804|1|0|QROCK3|QROCK3X8|0|4224|0|1|1|0|0|-4864|16|-4928|144|194|211|1
W|804|1|2|QROCK3|QROCK3X8|0|4224|0|1|1|0|0|-4864|16|-4928|144|194|211|1
W|805|0|0|QROCK3|QROCK3X8|0|4224|0|1|1|0|0|-4672|272|-4672|144|212|195|1
W|805|0|2|QROCK3|QROCK3X8|0|4224|0|1|1|0|0|-4672|272|-4672|144|212|195|1
W|805|1|0|QROCK3|QROCK3X8|113|4224|0|1|1|-15|0|-4672|144|-4672|272|195|212|1
W|805|1|2|QROCK3|QROCK3X8|113|4224|0|1|1|-15|0|-4672|144|-4672|272|195|212|1
W|806|0|0|QROCK3|QROCK3X8|0|4224|0|1|1|0|0|-4288|272|-4288|144|213|196|1
W|806|0|2|QROCK3|QROCK3X8|0|4224|0|1|1|0|0|-4288|272|-4288|144|213|196|1
W|806|1|0|QROCK3|QROCK3X8|60|4224|0|1|1|-68|0|-4288|144|-4288|272|196|213|1
W|806|1|2|QROCK3|QROCK3X8|60|4224|0|1|1|-68|0|-4288|144|-4288|272|196|213|1
W|807|0|0|QROCK3|QROCK3X8|14|4224|0|1|1|-114|0|-4096|16|-4032|144|197|214|1
W|807|0|2|QROCK3|QROCK3X8|14|4224|0|1|1|-114|0|-4096|16|-4032|144|197|214|1
W|807|1|0|QROCK3|QROCK3X8|0|4096|0|1|1|0|0|-4032|144|-4096|16|214|197|1
W|807|1|2|QROCK3|QROCK3X8|0|4096|0|1|1|0|0|-4032|144|-4096|16|214|197|1
W|808|0|0|QROCK3|QROCK3X8|0|4224|0|1|1|0|0|-4032|-48|-3904|16|198|215|1
W|808|0|2|QROCK3|QROCK3X8|0|4224|0|1|1|0|0|-4032|-48|-3904|16|198|215|1
W|808|1|0|QROCK3|QROCK3X8|0|4224|0|1|1|0|0|-3904|16|-4032|-48|215|198|1
W|808|1|2|QROCK3|QROCK3X8|0|4224|0|1|1|0|0|-3904|16|-4032|-48|215|198|1
W|809|0|0|QROCK3|QROCK3X8|73|4224|0|1|1|-55|0|-3904|-240|-3776|-240|199|216|1
W|809|0|2|QROCK3|QROCK3X8|73|4224|0|1|1|-55|0|-3904|-240|-3776|-240|199|216|1
W|809|1|0|QROCK3|QROCK3X8|0|4224|0|1|1|0|0|-3776|-240|-3904|-240|216|199|1
W|809|1|2|QROCK3|QROCK3X8|0|4224|0|1|1|0|0|-3776|-240|-3904|-240|216|199|1
W|810|0|0|QROCK3|QROCK3X8|73|4224|0|1|1|-55|0|-3904|-624|-3776|-624|200|217|1
W|810|0|2|QROCK3|QROCK3X8|73|4224|0|1|1|-55|0|-3904|-624|-3776|-624|200|217|1
W|810|1|0|QROCK3|QROCK3X8|0|4224|0|1|1|0|0|-3776|-624|-3904|-624|217|200|1
W|810|1|2|QROCK3|QROCK3X8|0|4224|0|1|1|0|0|-3776|-624|-3904|-624|217|200|1
W|811|0|0|QROCK3|QROCK3X8|0|4224|0|1|1|0|0|-4032|-816|-3904|-880|201|218|1
W|811|0|2|QROCK3|QROCK3X8|0|4224|0|1|1|0|0|-4032|-816|-3904|-880|201|218|1
W|811|1|0|QROCK3|QROCK3X8|78|4224|0|1|1|-50|0|-3904|-880|-4032|-816|218|201|1
W|811|1|2|QROCK3|QROCK3X8|78|4224|0|1|1|-50|0|-3904|-880|-4032|-816|218|201|1
W|812|0|0|QROCK3|QROCK3X8|103|4224|0|1|1|-25|0|-4096|-880|-4032|-1008|202|219|1
W|812|0|2|QROCK3|QROCK3X8|103|4224|0|1|1|-25|0|-4096|-880|-4032|-1008|202|219|1
W|812|1|0|QROCK3|QROCK3X8|0|4224|0|1|1|0|0|-4032|-1008|-4096|-880|219|202|1
W|812|1|2|QROCK3|QROCK3X8|0|4224|0|1|1|0|0|-4032|-1008|-4096|-880|219|202|1
W|813|0|0|QROCK3|QROCK3X8|87|4224|0|1|1|-41|0|-4288|-1008|-4288|-1136|203|220|1
W|813|0|2|QROCK3|QROCK3X8|87|4224|0|1|1|-41|0|-4288|-1008|-4288|-1136|203|220|1
W|813|1|0|QROCK3|QROCK3X8|0|4224|0|1|1|0|0|-4288|-1136|-4288|-1008|220|203|1
W|813|1|2|QROCK3|QROCK3X8|0|4224|0|1|1|0|0|-4288|-1136|-4288|-1008|220|203|1
W|814|0|0|QROCK3|QROCK3X8|87|4224|0|1|1|-41|0|-4672|-1008|-4672|-1136|204|221|1
W|814|0|2|QROCK3|QROCK3X8|87|4224|0|1|1|-41|0|-4672|-1008|-4672|-1136|204|221|1
W|814|1|0|QROCK3|QROCK3X8|0|4224|0|1|1|0|0|-4672|-1136|-4672|-1008|221|204|1
W|814|1|2|QROCK3|QROCK3X8|0|4224|0|1|1|0|0|-4672|-1136|-4672|-1008|221|204|1
W|815|0|0|QROCK3|QROCK3X8|42|4224|0|1|1|-86|0|-4864|-880|-4928|-1008|205|222|1
W|815|0|2|QROCK3|QROCK3X8|42|4224|0|1|1|-86|0|-4864|-880|-4928|-1008|205|222|1
W|815|1|0|QROCK3|QROCK3X8|0|4096|0|1|1|0|0|-4928|-1008|-4864|-880|222|205|1
W|815|1|2|QROCK3|QROCK3X8|0|4096|0|1|1|0|0|-4928|-1008|-4864|-880|222|205|1
W|816|0|0|QROCK3|QROCK3X8|0|4224|0|1|1|0|0|-4928|-816|-5056|-880|206|223|1
W|816|0|2|QROCK3|QROCK3X8|0|4224|0|1|1|0|0|-4928|-816|-5056|-880|206|223|1
W|816|1|0|QROCK3|QROCK3X8|82|4224|0|1|1|-46|0|-5056|-880|-4928|-816|223|206|1
W|816|1|2|QROCK3|QROCK3X8|82|4224|0|1|1|-46|0|-5056|-880|-4928|-816|223|206|1
W|817|0|0|QROCK3|QROCK3X8|64|8448|0|1|1|-64|0|-4576|144|-4480|144|207|224|1
W|817|0|2|QROCK3|QROCK3X8|64|8448|0|1|1|-64|0|-4576|144|-4480|144|207|224|1
W|817|1|0|QROCK3|QROCK3X8|0|4096|0|1|1|0|0|-4480|144|-4576|144|224|207|1
W|817|1|2|QROCK3|QROCK3X8|0|4096|0|1|1|0|0|-4480|144|-4576|144|224|207|1
W|818|1|0|QROCK3|QROCK3X8|124|4224|0|1|1|-4|0|-4480|272|-4544|272|148|224|1
W|818|1|2|QROCK3|QROCK3X8|124|4224|0|1|1|-4|0|-4480|272|-4544|272|148|224|1
W|819|0|0|QROCK3|QROCK3X8|0|4224|0|1|1|0|0|-4576|144|-4544|272|224|225|1
W|819|0|2|QROCK3|QROCK3X8|0|4224|0|1|1|0|0|-4576|144|-4544|272|224|225|1
W|819|1|0|QROCK3|QROCK3X8|60|4224|0|1|1|-68|0|-4544|272|-4576|144|225|224|1
W|819|1|2|QROCK3|QROCK3X8|60|4224|0|1|1|-68|0|-4544|272|-4576|144|225|224|1
W|820|1|0|QROCK3|QROCK3X8|92|4224|0|1|1|-36|0|-4448|272|-4480|272|148|226|1
W|820|1|2|QROCK3|QROCK3X8|92|4224|0|1|1|-36|0|-4448|272|-4480|272|148|226|1
W|821|0|0|QROCK3|QROCK3X8|32|8448|0|1|1|-96|0|-4480|144|-4384|144|207|226|1
W|821|0|2|QROCK3|QROCK3X8|32|8448|0|1|1|-96|0|-4480|144|-4384|144|207|226|1
W|821|1|0|QROCK3|QROCK3X8|0|4096|0|1|1|0|0|-4384|144|-4480|144|226|207|1
W|821|1|2|QROCK3|QROCK3X8|0|4096|0|1|1|0|0|-4384|144|-4480|144|226|207|1
W|822|0|0|QROCK3|QROCK3X8|0|4224|0|1|1|0|0|-4480|272|-4480|144|224|226|1
W|822|0|2|QROCK3|QROCK3X8|0|4224|0|1|1|0|0|-4480|272|-4480|144|224|226|1
W|822|1|0|QROCK3|QROCK3X8|124|4224|0|1|1|-4|0|-4480|144|-4480|272|226|224|1
W|822|1|2|QROCK3|QROCK3X8|124|4224|0|1|1|-4|0|-4480|144|-4480|272|226|224|1
W|823|1|0|QROCK3|QROCK3X8|92|4224|0|1|1|-36|0|-4320|272|-4448|272|148|227|1
W|823|1|2|QROCK3|QROCK3X8|92|4224|0|1|1|-36|0|-4320|272|-4448|272|148|227|1
W|824|0|0|QROCK3|QROCK3X8|0|8448|0|1|1|0|0|-4384|144|-4352|144|207|227|1
W|824|0|2|QROCK3|QROCK3X8|0|8448|0|1|1|0|0|-4384|144|-4352|144|207|227|1
W|824|1|0|QROCK3|QROCK3X8|0|4096|0|1|1|0|0|-4352|144|-4384|144|227|207|1
W|824|1|2|QROCK3|QROCK3X8|0|4096|0|1|1|0|0|-4352|144|-4384|144|227|207|1
W|825|0|0|QROCK3|QROCK3X8|113|4224|0|1|1|-15|0|-4448|272|-4384|144|226|227|1
W|825|0|2|QROCK3|QROCK3X8|113|4224|0|1|1|-15|0|-4448|272|-4384|144|226|227|1
W|825|1|0|QROCK3|QROCK3X8|0|4224|0|1|1|0|0|-4384|144|-4448|272|227|226|1
W|825|1|2|QROCK3|QROCK3X8|0|4224|0|1|1|0|0|-4384|144|-4448|272|227|226|1
W|826|0|0|QROCK3|QROCK3X8|13|8448|0|1|1|-115|0|-4352|144|-4288|144|207|213|1
W|826|0|2|QROCK3|QROCK3X8|13|8448|0|1|1|-115|0|-4352|144|-4288|144|207|213|1
W|826|1|0|QROCK3|QROCK3X8|0|4096|0|1|1|0|0|-4288|144|-4352|144|213|207|1
W|826|1|2|QROCK3|QROCK3X8|0|4096|0|1|1|0|0|-4288|144|-4352|144|213|207|1
W|827|1|0|QROCK3|QROCK3X8|60|4224|0|1|1|-68|0|-4288|272|-4320|272|148|213|1
W|827|1|2|QROCK3|QROCK3X8|60|4224|0|1|1|-68|0|-4288|272|-4320|272|148|213|1
W|828|0|0|QROCK3|QROCK3X8|0|4224|0|1|1|0|0|-4352|144|-4320|272|213|227|1
W|828|0|2|QROCK3|QROCK3X8|0|4224|0|1|1|0|0|-4352|144|-4320|272|213|227|1
W|828|1|0|QROCK3|QROCK3X8|9|4224|0|1|1|-119|0|-4320|272|-4352|144|227|213|1
W|828|1|2|QROCK3|QROCK3X8|9|4224|0|1|1|-119|0|-4320|272|-4352|144|227|213|1
W|829|1|0|QROCK3|QROCK3X8|101|4224|0|1|1|-27|0|-4096|176|-4224|240|148|228|1
W|829|1|2|QROCK3|QROCK3X8|101|4224|0|1|1|-27|0|-4096|176|-4224|240|148|228|1
W|830|0|0|QROCK3|QROCK3X8|64|8448|0|1|1|-64|0|-4192|80|-4144|48|207|228|1
W|830|0|2|QROCK3|QROCK3X8|64|8448|0|1|1|-64|0|-4192|80|-4144|48|207|228|1
W|830|1|0|QROCK3|QROCK3X8|0|4096|0|1|1|0|0|-4144|48|-4192|80|228|207|1
W|830|1|2|QROCK3|QROCK3X8|0|4096|0|1|1|0|0|-4144|48|-4192|80|228|207|1
W|831|0|0|QROCK3|QROCK3X8|29|4224|0|1|1|-99|0|-4224|240|-4192|80|196|228|1
W|831|0|2|QROCK3|QROCK3X8|29|4224|0|1|1|-99|0|-4224|240|-4192|80|196|228|1
W|831|1|0|QROCK3|QROCK3X8|0|4224|0|1|1|0|0|-4192|80|-4224|240|228|196|1
W|831|1|2|QROCK3|QROCK3X8|0|4224|0|1|1|0|0|-4192|80|-4224|240|228|196|1
W|832|0|0|QROCK3|QROCK3X8|122|8448|0|1|1|-6|0|-4144|48|-4096|16|207|214|1
W|832|0|2|QROCK3|QROCK3X8|122|8448|0|1|1|-6|0|-4144|48|-4096|16|207|214|1
W|832|1|0|QROCK3|QROCK3X8|0|4096|0|1|1|0|0|-4096|16|-4144|48|214|207|1
W|832|1|2|QROCK3|QROCK3X8|0|4096|0|1|1|0|0|-4096|16|-4144|48|214|207|1
W|833|1|0|QROCK3|QROCK3X8|29|4224|0|1|1|-99|0|-4032|144|-4096|176|148|214|1
W|833|1|2|QROCK3|QROCK3X8|29|4224|0|1|1|-99|0|-4032|144|-4096|176|148|214|1
W|834|0|0|QROCK3|QROCK3X8|0|4224|0|1|1|0|0|-4144|48|-4096|176|214|228|1
W|834|0|2|QROCK3|QROCK3X8|0|4224|0|1|1|0|0|-4144|48|-4096|176|214|228|1
W|834|1|0|QROCK3|QROCK3X8|113|4224|0|1|1|-15|0|-4096|176|-4144|48|228|214|1
W|834|1|2|QROCK3|QROCK3X8|113|4224|0|1|1|-15|0|-4096|176|-4144|48|228|214|1
W|835|0|0|QROCK3|QROCK3X8|75|8448|0|1|1|-53|0|-4080|0|-4032|-48|207|215|1
W|835|0|2|QROCK3|QROCK3X8|75|8448|0|1|1|-53|0|-4080|0|-4032|-48|207|215|1
W|835|1|0|QROCK3|QROCK3X8|0|4096|0|1|1|0|0|-4032|-48|-4080|0|215|207|1
W|835|1|2|QROCK3|QROCK3X8|0|4096|0|1|1|0|0|-4032|-48|-4080|0|215|207|1
W|836|1|0|QROCK3|QROCK3X8|104|4224|0|1|1|-24|0|-3904|16|-3936|48|148|215|1
W|836|1|2|QROCK3|QROCK3X8|104|4224|0|1|1|-24|0|-3904|16|-3936|48|148|215|1
W|837|0|0|QROCK3|QROCK3X8|0|4224|0|1|1|0|0|-4080|0|-3936|48|215|197|1
W|837|0|2|QROCK3|QROCK3X8|0|4224|0|1|1|0|0|-4080|0|-3936|48|215|197|1
W|837|1|0|QROCK3|QROCK3X8|51|4224|0|1|1|-77|0|-3936|48|-4080|0|197|215|1
W|837|1|2|QROCK3|QROCK3X8|51|4224|0|1|1|-77|0|-3936|48|-4080|0|197|215|1
W|838|0|0|QROCK3|QROCK3X8|73|8448|0|1|1|-55|0|-4000|-96|-3936|-192|207|229|1
W|838|0|2|QROCK3|QROCK3X8|73|8448|0|1|1|-55|0|-4000|-96|-3936|-192|207|229|1
W|838|1|0|QROCK3|QROCK3X8|0|4224|0|1|1|0|0|-3936|-192|-4000|-96|229|207|1
W|838|1|2|QROCK3|QROCK3X8|0|4224|0|1|1|0|0|-3936|-192|-4000|-96|229|207|1
W|839|1|0|QROCK3|QROCK3X8|88|4224|0|1|1|-40|0|-3840|-112|-3872|-48|148|229|1
W|839|1|2|QROCK3|QROCK3X8|88|4224|0|1|1|-40|0|-3840|-112|-3872|-48|148|229|1
W|840|0|0|QROCK3|QROCK3X8|23|4224|0|1|1|-105|0|-4000|-96|-3872|-48|229|198|1
W|840|0|2|QROCK3|QROCK3X8|23|4224|0|1|1|-105|0|-4000|-96|-3872|-48|229|198|1
W|840|1|0|QROCK3|QROCK3X8|0|4224|0|1|1|0|0|-3872|-48|-4000|-96|198|229|1
W|840|1|2|QROCK3|QROCK3X8|0|4224|0|1|1|0|0|-3872|-48|-4000|-96|198|229|1
W|841|0|0|QROCK3|QROCK3X8|60|8448|0|1|1|-68|0|-3936|-192|-3904|-240|207|216|1
W|841|0|2|QROCK3|QROCK3X8|60|8448|0|1|1|-68|0|-3936|-192|-3904|-240|207|216|1
W|841|1|0|QROCK3|QROCK3X8|0|4096|0|1|1|0|0|-3904|-240|-3936|-192|216|207|1
W|841|1|2|QROCK3|QROCK3X8|0|4096|0|1|1|0|0|-3904|-240|-3936|-192|216|207|1
W|842|1|0|QROCK3|QROCK3X8|73|4224|0|1|1|-55|0|-3776|-240|-3840|-112|148|216|1
W|842|1|2|QROCK3|QROCK3X8|73|4224|0|1|1|-55|0|-3776|-240|-3840|-112|148|216|1
W|843|0|0|QROCK3|QROCK3X8|0|4096|0|1|1|0|0|-3936|-192|-3840|-112|216|229|1
W|843|0|2|QROCK3|QROCK3X8|0|4096|0|1|1|0|0|-3936|-192|-3840|-112|216|229|1
W|843|1|0|QROCK3|QROCK3X8|63|4224|0|1|1|-65|0|-3840|-112|-3936|-192|229|216|1
W|843|1|2|QROCK3|QROCK3X8|63|4224|0|1|1|-65|0|-3840|-112|-3936|-192|229|216|1
W|844|0|0|QROCK3|QROCK3X8|38|8448|0|1|1|-90|0|-3904|-288|-3904|-368|207|230|1
W|844|0|2|QROCK3|QROCK3X8|38|8448|0|1|1|-90|0|-3904|-288|-3904|-368|207|230|1
W|844|1|0|QROCK3|QROCK3X8|0|4096|0|1|1|0|0|-3904|-368|-3904|-288|230|207|1
W|844|1|2|QROCK3|QROCK3X8|0|4096|0|1|1|0|0|-3904|-368|-3904|-288|230|207|1
W|845|1|0|QROCK3|QROCK3X8|41|4224|0|1|1|-87|0|-3776|-400|-3776|-384|148|230|1
W|845|1|2|QROCK3|QROCK3X8|41|4224|0|1|1|-87|0|-3776|-400|-3776|-384|148|230|1
W|846|0|0|QROCK3|QROCK3X8|0|4224|0|1|1|0|0|-3904|-288|-3776|-384|230|199|1
W|846|0|2|QROCK3|QROCK3X8|0|4224|0|1|1|0|0|-3904|-288|-3776|-384|230|199|1
W|846|1|0|QROCK3|QROCK3X8|6|4224|0|1|1|-122|0|-3776|-384|-3904|-288|199|230|1
W|846|1|2|QROCK3|QROCK3X8|6|4224|0|1|1|-122|0|-3776|-384|-3904|-288|199|230|1
W|847|1|0|QROCK3|QROCK3X8|105|4224|0|1|1|-23|0|-3776|-464|-3776|-400|148|231|1
W|847|1|2|QROCK3|QROCK3X8|105|4224|0|1|1|-23|0|-3776|-464|-3776|-400|148|231|1
W|848|0|0|QROCK3|QROCK3X8|118|8448|0|1|1|-10|0|-3904|-368|-3904|-496|207|231|1
W|848|0|2|QROCK3|QROCK3X8|118|8448|0|1|1|-10|0|-3904|-368|-3904|-496|207|231|1
W|848|1|0|QROCK3|QROCK3X8|0|4096|0|1|1|0|0|-3904|-496|-3904|-368|231|207|1
W|848|1|2|QROCK3|QROCK3X8|0|4096|0|1|1|0|0|-3904|-496|-3904|-368|231|207|1
W|849|0|0|QROCK3|QROCK3X8|0|4224|0|1|1|0|0|-3776|-400|-3904|-368|230|231|1
W|849|0|2|QROCK3|QROCK3X8|0|4224|0|1|1|0|0|-3776|-400|-3904|-368|230|231|1
W|849|1|0|QROCK3|QROCK3X8|37|4224|0|1|1|-91|0|-3904|-368|-3776|-400|231|230|1
W|849|1|2|QROCK3|QROCK3X8|37|4224|0|1|1|-91|0|-3904|-368|-3776|-400|231|230|1
W|850|0|0|QROCK3|QROCK3X8|118|8448|0|1|1|-10|0|-3904|-496|-3904|-544|207|232|1
W|850|0|2|QROCK3|QROCK3X8|118|8448|0|1|1|-10|0|-3904|-496|-3904|-544|207|232|1
W|850|1|0|QROCK3|QROCK3X8|0|4096|0|1|1|0|0|-3904|-544|-3904|-496|232|207|1
W|850|1|2|QROCK3|QROCK3X8|0|4096|0|1|1|0|0|-3904|-544|-3904|-496|232|207|1
W|851|1|0|QROCK3|QROCK3X8|73|4224|0|1|1|-55|0|-3776|-496|-3776|-464|148|232|1
W|851|1|2|QROCK3|QROCK3X8|73|4224|0|1|1|-55|0|-3776|-496|-3776|-464|148|232|1
W|852|0|0|QROCK3|QROCK3X8|0|4224|0|1|1|0|0|-3904|-496|-3776|-464|232|231|1
W|852|0|2|QROCK3|QROCK3X8|0|4224|0|1|1|0|0|-3904|-496|-3776|-464|232|231|1
W|852|1|0|QROCK3|QROCK3X8|114|4224|0|1|1|-14|0|-3776|-464|-3904|-496|231|232|1
W|852|1|2|QROCK3|QROCK3X8|114|4224|0|1|1|-14|0|-3776|-464|-3904|-496|231|232|1
W|853|1|0|QROCK3|QROCK3X8|121|4224|0|1|1|-7|0|-3776|-576|-3776|-496|148|233|1
W|853|1|2|QROCK3|QROCK3X8|121|4224|0|1|1|-7|0|-3776|-576|-3776|-496|148|233|1
W|854|0|0|QROCK3|QROCK3X8|38|8448|0|1|1|-90|0|-3904|-544|-3904|-576|207|233|1
W|854|0|2|QROCK3|QROCK3X8|38|8448|0|1|1|-90|0|-3904|-544|-3904|-576|207|233|1
W|854|1|0|QROCK3|QROCK3X8|0|4096|0|1|1|0|0|-3904|-576|-3904|-544|233|207|1
W|854|1|2|QROCK3|QROCK3X8|0|4096|0|1|1|0|0|-3904|-576|-3904|-544|233|207|1
W|855|0|0|QROCK3|QROCK3X8|0|4224|0|1|1|0|0|-3776|-496|-3904|-544|232|233|1
W|855|0|2|QROCK3|QROCK3X8|0|4224|0|1|1|0|0|-3776|-496|-3904|-544|232|233|1
W|855|1|0|QROCK3|QROCK3X8|64|4224|0|1|1|-64|0|-3904|-544|-3776|-496|233|232|1
W|855|1|2|QROCK3|QROCK3X8|64|4224|0|1|1|-64|0|-3904|-544|-3776|-496|233|232|1
W|856|0|0|QROCK3|QROCK3X8|70|8448|0|1|1|-58|0|-3904|-576|-3904|-624|207|217|1
W|856|0|2|QROCK3|QROCK3X8|70|8448|0|1|1|-58|0|-3904|-576|-3904|-624|207|217|1
W|856|1|0|QROCK3|QROCK3X8|0|4096|0|1|1|0|0|-3904|-624|-3904|-576|217|207|1
W|856|1|2|QROCK3|QROCK3X8|0|4096|0|1|1|0|0|-3904|-624|-3904|-576|217|207|1
W|857|1|0|QROCK3|QROCK3X8|73|4224|0|1|1|-55|0|-3776|-624|-3776|-576|148|217|1
W|857|1|2|QROCK3|QROCK3X8|73|4224|0|1|1|-55|0|-3776|-624|-3776|-576|148|217|1
W|858|0|0|QROCK3|QROCK3X8|0|4224|0|1|1|0|0|-3904|-576|-3776|-576|217|233|1
W|858|0|2|QROCK3|QROCK3X8|0|4224|0|1|1|0|0|-3904|-576|-3776|-576|217|233|1
W|858|1|0|QROCK3|QROCK3X8|70|4224|0|1|1|-58|0|-3776|-576|-3904|-576|233|217|1
W|858|1|2|QROCK3|QROCK3X8|70|4224|0|1|1|-58|0|-3776|-576|-3904|-576|233|217|1
W|859|0|0|QROCK3|QROCK3X8|105|8448|0|1|1|-23|0|-3968|-720|-4000|-768|207|234|1
W|859|0|2|QROCK3|QROCK3X8|105|8448|0|1|1|-23|0|-3968|-720|-4000|-768|207|234|1
W|859|1|0|QROCK3|QROCK3X8|0|4096|0|1|1|0|0|-4000|-768|-3968|-720|234|207|1
W|859|1|2|QROCK3|QROCK3X8|0|4096|0|1|1|0|0|-4000|-768|-3968|-720|234|207|1
W|860|1|0|QROCK3|QROCK3X8|22|4224|0|1|1|-106|0|-3856|-784|-3808|-688|148|234|1
W|860|1|2|QROCK3|QROCK3X8|22|4224|0|1|1|-106|0|-3856|-784|-3808|-688|148|234|1
W|861|0|0|QROCK3|QROCK3X8|0|4224|0|1|1|0|0|-3968|-720|-3808|-688|234|200|1
W|861|0|2|QROCK3|QROCK3X8|0|4224|0|1|1|0|0|-3968|-720|-3808|-688|234|200|1
W|861|1|0|QROCK3|QROCK3X8|70|4224|0|1|1|-58|0|-3808|-688|-3968|-720|200|234|1
W|861|1|2|QROCK3|QROCK3X8|70|4224|0|1|1|-58|0|-3808|-688|-3968|-720|200|234|1
W|862|0|0|QROCK3|QROCK3X8|35|8448|0|1|1|-93|0|-4000|-768|-4032|-816|207|218|1
W|862|0|2|QROCK3|QROCK3X8|35|8448|0|1|1|-93|0|-4000|-768|-4032|-816|207|218|1
W|862|1|0|QROCK3|QROCK3X8|0|4224|0|1|1|0|0|-4032|-816|-4000|-768|218|207|1
W|862|1|2|QROCK3|QROCK3X8|0|4224|0|1|1|0|0|-4032|-816|-4000|-768|218|207|1
W|863|1|0|QROCK3|QROCK3X8|43|4224|0|1|1|-85|0|-3904|-880|-3856|-784|148|218|1
W|863|1|2|QROCK3|QROCK3X8|43|4224|0|1|1|-85|0|-3904|-880|-3856|-784|148|218|1
W|864|0|0|QROCK3|QROCK3X8|5|4224|0|1|1|-123|0|-4000|-768|-3856|-784|218|234|1
W|864|0|2|QROCK3|QROCK3X8|5|4224|0|1|1|-123|0|-4000|-768|-3856|-784|218|234|1
W|864|1|0|QROCK3|QROCK3X8|0|4224|0|1|1|0|0|-3856|-784|-4000|-768|234|218|1
W|864|1|2|QROCK3|QROCK3X8|0|4224|0|1|1|0|0|-3856|-784|-4000|-768|234|218|1
W|865|0|0|QROCK3|QROCK3X8|10|8448|0|1|1|-118|0|-4064|-848|-4096|-880|207|219|1
W|865|0|2|QROCK3|QROCK3X8|10|8448|0|1|1|-118|0|-4064|-848|-4096|-880|207|219|1
W|865|1|0|QROCK3|QROCK3X8|0|4096|0|1|1|0|0|-4096|-880|-4064|-848|219|207|1
W|865|1|2|QROCK3|QROCK3X8|0|4096|0|1|1|0|0|-4096|-880|-4064|-848|219|207|1
W|866|1|0|QROCK3|QROCK3X8|118|4224|0|1|1|-10|0|-4032|-1008|-3936|-912|148|219|1
W|866|1|2|QROCK3|QROCK3X8|118|4224|0|1|1|-10|0|-4032|-1008|-3936|-912|148|219|1
W|867|0|0|QROCK3|QROCK3X8|0|4224|0|1|1|0|0|-4064|-848|-3936|-912|219|201|1
W|867|0|2|QROCK3|QROCK3X8|0|4224|0|1|1|0|0|-4064|-848|-3936|-912|219|201|1
W|867|1|0|QROCK3|QROCK3X8|123|4224|0|1|1|-5|0|-3936|-912|-4064|-848|201|219|1
W|867|1|2|QROCK3|QROCK3X8|123|4224|0|1|1|-5|0|-3936|-912|-4064|-848|201|219|1
W|868|0|0|QROCK3|QROCK3X8|43|8448|0|1|1|-85|0|-4192|-944|-4240|-976|207|235|1
W|868|0|2|QROCK3|QROCK3X8|43|8448|0|1|1|-85|0|-4192|-944|-4240|-976|207|235|1
W|868|1|0|QROCK3|QROCK3X8|0|4224|0|1|1|0|0|-4240|-976|-4192|-944|235|207|1
W|868|1|2|QROCK3|QROCK3X8|0|4224|0|1|1|0|0|-4240|-976|-4192|-944|235|207|1
W|869|1|0|QROCK3|QROCK3X8|31|4224|0|1|1|-97|0|-4224|-1104|-4192|-1088|148|235|1
W|869|1|2|QROCK3|QROCK3X8|31|4224|0|1|1|-97|0|-4224|-1104|-4192|-1088|148|235|1
W|870|0|0|QROCK3|QROCK3X8|51|4224|0|1|1|-77|0|-4192|-944|-4192|-1088|235|236|1
W|870|0|2|QROCK3|QROCK3X8|51|4224|0|1|1|-77|0|-4192|-944|-4192|-1088|235|236|1
W|870|1|0|QROCK3|QROCK3X8|0|4224|0|1|1|0|0|-4192|-1088|-4192|-944|236|235|1
W|870|1|2|QROCK3|QROCK3X8|0|4224|0|1|1|0|0|-4192|-1088|-4192|-944|236|235|1
W|871|0|0|QROCK3|QROCK3X8|113|8448|0|1|1|-15|0|-4144|-912|-4192|-944|207|236|1
W|871|0|2|QROCK3|QROCK3X8|113|8448|0|1|1|-15|0|-4144|-912|-4192|-944|207|236|1
W|871|1|0|QROCK3|QROCK3X8|0|4096|0|1|1|0|0|-4192|-944|-4144|-912|236|207|1
W|871|1|2|QROCK3|QROCK3X8|0|4096|0|1|1|0|0|-4192|-944|-4144|-912|236|207|1
W|872|1|0|QROCK3|QROCK3X8|67|4224|0|1|1|-61|0|-4192|-1088|-4096|-1040|148|236|1
W|872|1|2|QROCK3|QROCK3X8|67|4224|0|1|1|-61|0|-4192|-1088|-4096|-1040|148|236|1
W|873|0|0|QROCK3|QROCK3X8|0|4224|0|1|1|0|0|-4144|-912|-4096|-1040|236|202|1
W|873|0|2|QROCK3|QROCK3X8|0|4224|0|1|1|0|0|-4144|-912|-4096|-1040|236|202|1
W|873|1|0|QROCK3|QROCK3X8|104|4224|0|1|1|-24|0|-4096|-1040|-4144|-912|202|236|1
W|873|1|2|QROCK3|QROCK3X8|104|4224|0|1|1|-24|0|-4096|-1040|-4144|-912|202|236|1
W|874|0|0|QROCK3|QROCK3X8|101|8448|0|1|1|-27|0|-4240|-976|-4288|-1008|207|220|1
W|874|0|2|QROCK3|QROCK3X8|101|8448|0|1|1|-27|0|-4240|-976|-4288|-1008|207|220|1
W|874|1|0|QROCK3|QROCK3X8|0|4096|0|1|1|0|0|-4288|-1008|-4240|-976|220|207|1
W|874|1|2|QROCK3|QROCK3X8|0|4096|0|1|1|0|0|-4288|-1008|-4240|-976|220|207|1
W|875|1|0|QROCK3|QROCK3X8|87|4224|0|1|1|-41|0|-4288|-1136|-4224|-1104|148|220|1
W|875|1|2|QROCK3|QROCK3X8|87|4224|0|1|1|-41|0|-4288|-1136|-4224|-1104|148|220|1
W|876|0|0|QROCK3|QROCK3X8|0|4224|0|1|1|0|0|-4240|-976|-4224|-1104|220|235|1
W|876|0|2|QROCK3|QROCK3X8|0|4224|0|1|1|0|0|-4240|-976|-4224|-1104|220|235|1
W|876|1|0|QROCK3|QROCK3X8|100|4224|0|1|1|-28|0|-4224|-1104|-4240|-976|235|220|1
W|876|1|2|QROCK3|QROCK3X8|100|4224|0|1|1|-28|0|-4224|-1104|-4240|-976|235|220|1
W|877|0|0|QROCK3|QROCK3X8|15|8448|0|1|1|-113|0|-4656|-1008|-4672|-1008|207|221|1
W|877|0|2|QROCK3|QROCK3X8|15|8448|0|1|1|-113|0|-4656|-1008|-4672|-1008|207|221|1
W|877|1|0|QROCK3|QROCK3X8|0|4096|0|1|1|0|0|-4672|-1008|-4656|-1008|221|207|1
W|877|1|2|QROCK3|QROCK3X8|0|4096|0|1|1|0|0|-4672|-1008|-4656|-1008|221|207|1
W|878|1|0|QROCK3|QROCK3X8|87|4224|0|1|1|-41|0|-4672|-1136|-4592|-1136|148|221|1
W|878|1|2|QROCK3|QROCK3X8|87|4224|0|1|1|-41|0|-4672|-1136|-4592|-1136|148|221|1
W|879|0|0|QROCK3|QROCK3X8|0|4224|0|1|1|0|0|-4656|-1008|-4592|-1136|221|237|1
W|879|0|2|QROCK3|QROCK3X8|0|4224|0|1|1|0|0|-4656|-1008|-4592|-1136|221|237|1
W|879|1|0|QROCK3|QROCK3X8|0|4224|0|1|1|0|0|-4592|-1136|-4656|-1008|237|221|1
W|879|1|2|QROCK3|QROCK3X8|0|4224|0|1|1|0|0|-4592|-1136|-4656|-1008|237|221|1
W|880|1|0|QROCK3|QROCK3X8|39|4224|0|1|1|-89|0|-4592|-1136|-4576|-1136|148|237|1
W|880|1|2|QROCK3|QROCK3X8|39|4224|0|1|1|-89|0|-4592|-1136|-4576|-1136|148|237|1
W|881|0|0|QROCK3|QROCK3X8|63|8448|0|1|1|-65|0|-4448|-1008|-4656|-1008|207|237|1
W|881|0|2|QROCK3|QROCK3X8|63|8448|0|1|1|-65|0|-4448|-1008|-4656|-1008|207|237|1
W|881|1|0|QROCK3|QROCK3X8|0|4096|0|1|1|0|0|-4656|-1008|-4448|-1008|237|207|1
W|881|1|2|QROCK3|QROCK3X8|0|4096|0|1|1|0|0|-4656|-1008|-4448|-1008|237|207|1
W|882|0|0|QROCK3|QROCK3X8|0|4224|0|1|1|0|0|-4576|-1136|-4448|-1008|238|237|1
W|882|0|2|QROCK3|QROCK3X8|0|4224|0|1|1|0|0|-4576|-1136|-4448|-1008|238|237|1
W|882|1|0|QROCK3|QROCK3X8|2|4224|0|1|1|-126|0|-4448|-1008|-4576|-1136|237|238|1
W|882|1|2|QROCK3|QROCK3X8|2|4224|0|1|1|-126|0|-4448|-1008|-4576|-1136|237|238|1
W|883|0|0|QROCK3|QROCK3X8|111|8448|0|1|1|-17|0|-4368|-1008|-4448|-1008|207|238|1
W|883|0|2|QROCK3|QROCK3X8|111|8448|0|1|1|-17|0|-4368|-1008|-4448|-1008|207|238|1
W|883|1|0|QROCK3|QROCK3X8|0|4096|0|1|1|0|0|-4448|-1008|-4368|-1008|238|207|1
W|883|1|2|QROCK3|QROCK3X8|0|4096|0|1|1|0|0|-4448|-1008|-4368|-1008|238|207|1
W|884|1|0|QROCK3|QROCK3X8|55|4224|0|1|1|-73|0|-4576|-1136|-4400|-1136|148|238|1
W|884|1|2|QROCK3|QROCK3X8|55|4224|0|1|1|-73|0|-4576|-1136|-4400|-1136|148|238|1
W|885|0|0|QROCK3|QROCK3X8|99|4224|0|1|1|-29|0|-4368|-1008|-4400|-1136|238|239|1
W|885|0|2|QROCK3|QROCK3X8|99|4224|0|1|1|-29|0|-4368|-1008|-4400|-1136|238|239|1
W|885|1|0|QROCK3|QROCK3X8|0|4224|0|1|1|0|0|-4400|-1136|-4368|-1008|239|238|1
W|885|1|2|QROCK3|QROCK3X8|0|4224|0|1|1|0|0|-4400|-1136|-4368|-1008|239|238|1
W|886|0|0|QROCK3|QROCK3X8|95|8448|0|1|1|-33|0|-4352|-1008|-4368|-1008|207|239|1
W|886|0|2|QROCK3|QROCK3X8|95|8448|0|1|1|-33|0|-4352|-1008|-4368|-1008|207|239|1
W|886|1|0|QROCK3|QROCK3X8|0|4096|0|1|1|0|0|-4368|-1008|-4352|-1008|239|207|1
W|886|1|2|QROCK3|QROCK3X8|0|4096|0|1|1|0|0|-4368|-1008|-4352|-1008|239|207|1
W|887|1|0|QROCK3|QROCK3X8|103|4224|0|1|1|-25|0|-4400|-1136|-4304|-1136|148|239|1
W|887|1|2|QROCK3|QROCK3X8|103|4224|0|1|1|-25|0|-4400|-1136|-4304|-1136|148|239|1
W|888|0|0|QROCK3|QROCK3X8|0|4224|0|1|1|0|0|-4352|-1008|-4304|-1136|239|203|1
W|888|0|2|QROCK3|QROCK3X8|0|4224|0|1|1|0|0|-4352|-1008|-4304|-1136|239|203|1
W|888|1|0|QROCK3|QROCK3X8|86|4224|0|1|1|-42|0|-4304|-1136|-4352|-1008|203|239|1
W|888|1|2|QROCK3|QROCK3X8|86|4224|0|1|1|-42|0|-4304|-1136|-4352|-1008|203|239|1
W|889|1|0|QROCK3|QROCK3X8|93|4224|0|1|1|-35|0|-4896|-1024|-4800|-1072|148|240|1
W|889|1|2|QROCK3|QROCK3X8|93|4224|0|1|1|-35|0|-4896|-1024|-4800|-1072|148|240|1
W|890|0|0|QROCK3|QROCK3X8|18|8448|0|1|1|-110|0|-4768|-944|-4816|-912|207|240|1
W|890|0|2|QROCK3|QROCK3X8|18|8448|0|1|1|-110|0|-4768|-944|-4816|-912|207|240|1
W|890|1|0|QROCK3|QROCK3X8|0|4096|0|1|1|0|0|-4816|-912|-4768|-944|240|207|1
W|890|1|2|QROCK3|QROCK3X8|0|4096|0|1|1|0|0|-4816|-912|-4768|-944|240|207|1
W|891|0|0|QROCK3|QROCK3X8|14|4224|0|1|1|-114|0|-4800|-1072|-4768|-944|204|240|1
W|891|0|2|QROCK3|QROCK3X8|14|4224|0|1|1|-114|0|-4800|-1072|-4768|-944|204|240|1
W|891|1|0|QROCK3|QROCK3X8|0|4224|0|1|1|0|0|-4768|-944|-4800|-1072|240|204|1
W|891|1|2|QROCK3|QROCK3X8|0|4224|0|1|1|0|0|-4768|-944|-4800|-1072|240|204|1
W|892|1|0|QROCK3|QROCK3X8|49|4224|0|1|1|-79|0|-5024|-912|-4992|-944|148|241|1
W|892|1|2|QROCK3|QROCK3X8|49|4224|0|1|1|-79|0|-5024|-912|-4992|-944|148|241|1
W|893|0|0|QROCK3|QROCK3X8|29|8448|0|1|1|-99|0|-4880|-864|-4912|-832|207|241|1
W|893|0|2|QROCK3|QROCK3X8|29|8448|0|1|1|-99|0|-4880|-864|-4912|-832|207|241|1
W|893|1|0|QROCK3|QROCK3X8|0|4096|0|1|1|0|0|-4912|-832|-4880|-864|241|207|1
W|893|1|2|QROCK3|QROCK3X8|0|4096|0|1|1|0|0|-4912|-832|-4880|-864|241|207|1
W|894|0|0|QROCK3|QROCK3X8|19|4224|0|1|1|-109|0|-4992|-944|-4880|-864|205|241|1
W|894|0|2|QROCK3|QROCK3X8|19|4224|0|1|1|-109|0|-4992|-944|-4880|-864|205|241|1
W|894|1|0|QROCK3|QROCK3X8|0|4224|0|1|1|0|0|-4880|-864|-4992|-944|241|205|1
W|894|1|2|QROCK3|QROCK3X8|0|4224|0|1|1|0|0|-4880|-864|-4992|-944|241|205|1
W|895|1|0|QROCK3|QROCK3X8|4|4224|0|1|1|-124|0|-5056|-880|-5024|-912|148|223|1
W|895|1|2|QROCK3|QROCK3X8|4|4224|0|1|1|-124|0|-5056|-880|-5024|-912|148|223|1
W|896|0|0|QROCK3|QROCK3X8|74|8448|0|1|1|-54|0|-4912|-832|-4928|-816|207|223|1
W|896|0|2|QROCK3|QROCK3X8|74|8448|0|1|1|-54|0|-4912|-832|-4928|-816|207|223|1
W|896|1|0|QROCK3|QROCK3X8|0|4096|0|1|1|0|0|-4928|-816|-4912|-832|223|207|1
W|896|1|2|QROCK3|QROCK3X8|0|4096|0|1|1|0|0|-4928|-816|-4912|-832|223|207|1
W|897|0|0|QROCK3|QROCK3X8|0|4224|0|1|1|0|0|-5024|-912|-4912|-832|241|223|1
W|897|0|2|QROCK3|QROCK3X8|0|4224|0|1|1|0|0|-5024|-912|-4912|-832|241|223|1
W|897|1|0|QROCK3|QROCK3X8|39|4224|0|1|1|-89|0|-4912|-832|-5024|-912|223|241|1
W|897|1|2|QROCK3|QROCK3X8|39|4224|0|1|1|-89|0|-4912|-832|-5024|-912|223|241|1
W|898|0|0|QROCK3|QROCK3X8|76|8448|0|1|1|-52|0|-4816|-912|-4864|-880|207|222|1
W|898|0|2|QROCK3|QROCK3X8|76|8448|0|1|1|-52|0|-4816|-912|-4864|-880|207|222|1
W|898|1|0|QROCK3|QROCK3X8|0|4096|0|1|1|0|0|-4864|-880|-4816|-912|222|207|1
W|898|1|2|QROCK3|QROCK3X8|0|4096|0|1|1|0|0|-4864|-880|-4816|-912|222|207|1
W|899|1|0|QROCK3|QROCK3X8|57|4224|0|1|1|-71|0|-4928|-1008|-4896|-1024|148|222|1
W|899|1|2|QROCK3|QROCK3X8|57|4224|0|1|1|-71|0|-4928|-1008|-4896|-1024|148|222|1
W|900|0|0|QROCK3|QROCK3X8|0|4224|0|1|1|0|0|-4816|-912|-4896|-1024|222|240|1
W|900|0|2|QROCK3|QROCK3X8|0|4224|0|1|1|0|0|-4816|-912|-4896|-1024|222|240|1
W|900|1|0|QROCK3|QROCK3X8|66|4224|0|1|1|-62|0|-4896|-1024|-4816|-912|240|222|1
W|900|1|2|QROCK3|QROCK3X8|66|4224|0|1|1|-62|0|-4896|-1024|-4816|-912|240|222|1
W|901|1|0|QROCK3|QROCK3X8|102|4224|0|1|1|-26|0|-5184|-624|-5120|-752|148|208|1
W|901|1|2|QROCK3|QROCK3X8|102|4224|0|1|1|-26|0|-5184|-624|-5120|-752|148|208|1
W|902|0|0|QROCK3|QROCK3X8|14|8448|0|1|1|-114|0|-5024|-672|-5056|-624|207|208|1
W|902|0|2|QROCK3|QROCK3X8|14|8448|0|1|1|-114|0|-5024|-672|-5056|-624|207|208|1
W|902|1|0|QROCK3|QROCK3X8|0|4224|0|1|1|0|0|-5056|-624|-5024|-672|208|207|1
W|902|1|2|QROCK3|QROCK3X8|0|4224|0|1|1|0|0|-5056|-624|-5024|-672|208|207|1
W|903|0|0|QROCK3|QROCK3X8|0|4224|0|1|1|0|0|-5120|-752|-5024|-672|242|208|1
W|903|0|2|QROCK3|QROCK3X8|0|4224|0|1|1|0|0|-5120|-752|-5024|-672|242|208|1
W|903|1|0|QROCK3|QROCK3X8|120|4224|0|1|1|-8|0|-5024|-672|-5120|-752|208|242|1
W|903|1|2|QROCK3|QROCK3X8|120|4224|0|1|1|-8|0|-5024|-672|-5120|-752|208|242|1
W|904|0|0|QROCK3|QROCK3X8|27|8448|0|1|1|-101|0|-4960|-768|-5024|-672|207|242|1
W|904|0|2|QROCK3|QROCK3X8|27|8448|0|1|1|-101|0|-4960|-768|-5024|-672|207|242|1
W|904|1|0|QROCK3|QROCK3X8|0|4096|0|1|1|0|0|-5024|-672|-4960|-768|242|207|1
W|904|1|2|QROCK3|QROCK3X8|0|4096|0|1|1|0|0|-5024|-672|-4960|-768|242|207|1
W|905|1|0|QROCK3|QROCK3X8|117|4224|0|1|1|-11|0|-5120|-752|-5104|-784|148|242|1
W|905|1|2|QROCK3|QROCK3X8|117|4224|0|1|1|-11|0|-5120|-752|-5104|-784|148|242|1
W|906|0|0|QROCK3|QROCK3X8|0|4224|0|1|1|0|0|-4960|-768|-5104|-784|242|206|1
W|906|0|2|QROCK3|QROCK3X8|0|4224|0|1|1|0|0|-4960|-768|-5104|-784|242|206|1
W|906|1|0|QROCK3|QROCK3X8|10|4224|0|1|1|-118|0|-5104|-784|-4960|-768|206|242|1
W|906|1|2|QROCK3|QROCK3X8|10|4224|0|1|1|-118|0|-5104|-784|-4960|-768|206|242|1
W|907|1|0|QROCK3|QROCK3X8|86|4224|0|1|1|-42|0|-5184|-480|-5184|-592|148|243|1
W|907|1|2|QROCK3|QROCK3X8|86|4224|0|1|1|-42|0|-5184|-480|-5184|-592|148|243|1
W|769|1|0|QROCK3|QROCK3X8|198|4224|0|1|1|-58|0|-5184|-592|-5184|-624|148|191|1
W|769|1|2|QROCK3|QROCK3X8|198|4224|0|1|1|-58|0|-5184|-592|-5184|-624|148|191|1
W|908|0|0|QROCK3|QROCK3X8|56|8448|0|1|1|-72|0|-5056|-512|-5056|-496|207|243|1
W|908|0|2|QROCK3|QROCK3X8|56|8448|0|1|1|-72|0|-5056|-512|-5056|-496|207|243|1
W|908|1|0|QROCK3|QROCK3X8|0|4096|0|1|1|0|0|-5056|-496|-5056|-512|243|207|1
W|908|1|2|QROCK3|QROCK3X8|0|4096|0|1|1|0|0|-5056|-496|-5056|-512|243|207|1
W|909|0|0|QROCK3|QROCK3X8|33|4224|0|1|1|-95|0|-5184|-592|-5056|-512|191|243|1
W|909|0|2|QROCK3|QROCK3X8|33|4224|0|1|1|-95|0|-5184|-592|-5056|-512|191|243|1
W|909|1|0|QROCK3|QROCK3X8|0|4224|0|1|1|0|0|-5056|-512|-5184|-592|243|191|1
W|909|1|2|QROCK3|QROCK3X8|0|4224|0|1|1|0|0|-5056|-512|-5184|-592|243|191|1
W|910|0|0|QROCK3|QROCK3X8|72|8448|0|1|1|-56|0|-5056|-496|-5056|-384|207|244|1
W|910|0|2|QROCK3|QROCK3X8|72|8448|0|1|1|-56|0|-5056|-496|-5056|-384|207|244|1
W|910|1|0|QROCK3|QROCK3X8|0|4096|0|1|1|0|0|-5056|-384|-5056|-496|244|207|1
W|910|1|2|QROCK3|QROCK3X8|0|4096|0|1|1|0|0|-5056|-384|-5056|-496|244|207|1
W|911|1|0|QROCK3|QROCK3X8|54|4224|0|1|1|-74|0|-5184|-448|-5184|-480|148|244|1
W|911|1|2|QROCK3|QROCK3X8|54|4224|0|1|1|-74|0|-5184|-448|-5184|-480|148|244|1
W|912|0|0|QROCK3|QROCK3X8|85|4224|0|1|1|-43|0|-5056|-496|-5184|-480|244|243|1
W|912|0|2|QROCK3|QROCK3X8|85|4224|0|1|1|-43|0|-5056|-496|-5184|-480|244|243|1
W|912|1|0|QROCK3|QROCK3X8|0|4224|0|1|1|0|0|-5184|-480|-5056|-496|243|244|1
W|912|1|2|QROCK3|QROCK3X8|0|4224|0|1|1|0|0|-5184|-480|-5056|-496|243|244|1
W|914|0|0|QROCK3|QROCK3X8|56|8448|0|1|1|-72|0|-5056|-384|-5056|-336|207|245|1
W|914|0|2|QROCK3|QROCK3X8|56|8448|0|1|1|-72|0|-5056|-384|-5056|-336|207|245|1
W|914|1|0|QROCK3|QROCK3X8|0|4096|0|1|1|0|0|-5056|-336|-5056|-384|245|207|1
W|914|1|2|QROCK3|QROCK3X8|0|4096|0|1|1|0|0|-5056|-336|-5056|-384|245|207|1
W|915|0|0|QROCK3|QROCK3X8|41|4224|0|1|1|-87|0|-5184|-448|-5056|-384|244|245|1
W|915|0|2|QROCK3|QROCK3X8|41|4224|0|1|1|-87|0|-5184|-448|-5056|-384|244|245|1
W|915|1|0|QROCK3|QROCK3X8|0|4224|0|1|1|0|0|-5056|-384|-5184|-448|245|244|1
W|915|1|2|QROCK3|QROCK3X8|0|4224|0|1|1|0|0|-5056|-384|-5184|-448|245|244|1
W|916|0|0|QROCK3|QROCK3X8|104|8448|0|1|1|-24|0|-5056|-336|-5056|-320|207|246|1
W|916|0|2|QROCK3|QROCK3X8|104|8448|0|1|1|-24|0|-5056|-336|-5056|-320|207|246|1
W|916|1|0|QROCK3|QROCK3X8|0|4096|0|1|1|0|0|-5056|-320|-5056|-336|246|207|1
W|916|1|2|QROCK3|QROCK3X8|0|4096|0|1|1|0|0|-5056|-320|-5056|-336|246|207|1
W|917|1|0|QROCK3|QROCK3X8|22|4224|0|1|1|-106|0|-5184|-288|-5184|-304|148|246|1
W|917|1|2|QROCK3|QROCK3X8|22|4224|0|1|1|-106|0|-5184|-288|-5184|-304|148|246|1
W|913|1|0|QROCK3|QROCK3X8|38|4224|0|1|1|-90|0|-5184|-304|-5184|-448|148|245|1
W|913|1|2|QROCK3|QROCK3X8|38|4224|0|1|1|-90|0|-5184|-304|-5184|-448|148|245|1
W|918|0|0|QROCK3|QROCK3X8|0|4096|0|1|1|0|0|-5056|-336|-5184|-304|246|245|1
W|918|0|2|QROCK3|QROCK3X8|0|4096|0|1|1|0|0|-5056|-336|-5184|-304|246|245|1
W|918|1|0|QROCK3|QROCK3X8|100|4224|0|1|1|-28|0|-5184|-304|-5056|-336|245|246|1
W|918|1|2|QROCK3|QROCK3X8|100|4224|0|1|1|-28|0|-5184|-304|-5056|-336|245|246|1
W|919|1|0|QROCK3|QROCK3X8|102|4224|0|1|1|-26|0|-5184|-240|-5184|-288|148|209|1
W|919|1|2|QROCK3|QROCK3X8|102|4224|0|1|1|-26|0|-5184|-240|-5184|-288|148|209|1
W|920|0|0|QROCK3|QROCK3X8|120|8448|0|1|1|-8|0|-5056|-320|-5056|-240|207|209|1
W|920|0|2|QROCK3|QROCK3X8|120|8448|0|1|1|-8|0|-5056|-320|-5056|-240|207|209|1
W|920|1|0|QROCK3|QROCK3X8|0|4096|0|1|1|0|0|-5056|-240|-5056|-320|209|207|1
W|920|1|2|QROCK3|QROCK3X8|0|4096|0|1|1|0|0|-5056|-240|-5056|-320|209|207|1
W|921|0|0|QROCK3|QROCK3X8|0|4096|0|1|1|0|0|-5184|-288|-5056|-320|246|209|1
W|921|0|2|QROCK3|QROCK3X8|0|4096|0|1|1|0|0|-5184|-288|-5056|-320|246|209|1
W|921|1|0|QROCK3|QROCK3X8|18|4224|0|1|1|-110|0|-5056|-320|-5184|-288|209|246|1
W|921|1|2|QROCK3|QROCK3X8|18|4224|0|1|1|-110|0|-5056|-320|-5184|-288|209|246|1
W|922|1|0|QROCK3|QROCK3X8|17|4224|0|1|1|-111|0|-4928|144|-4992|80|148|211|1
W|922|1|2|QROCK3|QROCK3X8|17|4224|0|1|1|-111|0|-4928|144|-4992|80|148|211|1
W|923|0|0|QROCK3|QROCK3X8|92|8448|0|1|1|-36|0|-4896|-16|-4864|16|207|211|1
W|923|0|2|QROCK3|QROCK3X8|92|8448|0|1|1|-36|0|-4896|-16|-4864|16|207|211|1
W|923|1|0|QROCK3|QROCK3X8|0|4096|0|1|1|0|0|-4864|16|-4896|-16|211|207|1
W|923|1|2|QROCK3|QROCK3X8|0|4096|0|1|1|0|0|-4864|16|-4896|-16|211|207|1
W|924|0|0|QROCK3|QROCK3X8|0|4224|0|1|1|0|0|-4992|80|-4896|-16|193|211|1
W|924|0|2|QROCK3|QROCK3X8|0|4224|0|1|1|0|0|-4992|80|-4896|-16|193|211|1
W|924|1|0|QROCK3|QROCK3X8|100|4224|0|1|1|-28|0|-4896|-16|-4992|80|211|193|1
W|924|1|2|QROCK3|QROCK3X8|100|4224|0|1|1|-28|0|-4896|-16|-4992|80|211|193|1
W|925|1|0|QROCK3|QROCK3X8|71|4224|0|1|1|-57|0|-5056|16|-5120|-112|148|210|1
W|925|1|2|QROCK3|QROCK3X8|71|4224|0|1|1|-57|0|-5056|16|-5120|-112|148|210|1
W|926|0|0|QROCK3|QROCK3X8|117|8448|0|1|1|-11|0|-4960|-96|-4928|-48|207|210|1
W|926|0|2|QROCK3|QROCK3X8|117|8448|0|1|1|-11|0|-4960|-96|-4928|-48|207|210|1
W|926|1|0|QROCK3|QROCK3X8|0|4224|0|1|1|0|0|-4928|-48|-4960|-96|210|207|1
W|926|1|2|QROCK3|QROCK3X8|0|4224|0|1|1|0|0|-4928|-48|-4960|-96|210|207|1
W|927|0|0|QROCK3|QROCK3X8|0|4224|0|1|1|0|0|-5120|-112|-4960|-96|247|210|1
W|927|0|2|QROCK3|QROCK3X8|0|4224|0|1|1|0|0|-5120|-112|-4960|-96|247|210|1
W|927|1|0|QROCK3|QROCK3X8|53|4224|0|1|1|-75|0|-4960|-96|-5120|-112|210|247|1
W|927|1|2|QROCK3|QROCK3X8|53|4224|0|1|1|-75|0|-4960|-96|-5120|-112|210|247|1
W|928|0|0|QROCK3|QROCK3X8|2|8448|0|1|1|-126|0|-5024|-192|-4960|-96|207|247|1
W|928|0|2|QROCK3|QROCK3X8|2|8448|0|1|1|-126|0|-5024|-192|-4960|-96|207|247|1
W|928|1|0|QROCK3|QROCK3X8|0|4096|0|1|1|0|0|-4960|-96|-5024|-192|247|207|1
W|928|1|2|QROCK3|QROCK3X8|0|4096|0|1|1|0|0|-4960|-96|-5024|-192|247|207|1
W|929|1|0|QROCK3|QROCK3X8|86|4224|0|1|1|-42|0|-5120|-112|-5152|-176|148|247|1
W|929|1|2|QROCK3|QROCK3X8|86|4224|0|1|1|-42|0|-5120|-112|-5152|-176|148|247|1
W|930|0|0|QROCK3|QROCK3X8|0|4224|0|1|1|0|0|-5024|-192|-5152|-176|247|192|1
W|930|0|2|QROCK3|QROCK3X8|0|4224|0|1|1|0|0|-5024|-192|-5152|-176|247|192|1
W|930|1|0|QROCK3|QROCK3X8|1|4224|0|1|1|-127|0|-5152|-176|-5024|-192|192|247|1
W|930|1|2|QROCK3|QROCK3X8|1|4224|0|1|1|-127|0|-5152|-176|-5024|-192|192|247|1
W|931|1|0|QROCK3|QROCK3X8|57|4224|0|1|1|-71|0|-4736|240|-4800|208|148|248|1
W|931|1|2|QROCK3|QROCK3X8|57|4224|0|1|1|-71|0|-4736|240|-4800|208|148|248|1
W|932|0|0|QROCK3|QROCK3X8|125|8448|0|1|1|-3|0|-4768|80|-4720|112|207|248|1
W|932|0|2|QROCK3|QROCK3X8|125|8448|0|1|1|-3|0|-4768|80|-4720|112|207|248|1
W|932|1|0|QROCK3|QROCK3X8|0|4224|0|1|1|0|0|-4720|112|-4768|80|248|207|1
W|932|1|2|QROCK3|QROCK3X8|0|4224|0|1|1|0|0|-4720|112|-4768|80|248|207|1
W|933|0|0|QROCK3|QROCK3X8|0|4224|0|1|1|0|0|-4800|208|-4768|80|249|248|1
W|933|0|2|QROCK3|QROCK3X8|0|4224|0|1|1|0|0|-4800|208|-4768|80|249|248|1
W|933|1|0|QROCK3|QROCK3X8|125|4224|0|1|1|-3|0|-4768|80|-4800|208|248|249|1
W|933|1|2|QROCK3|QROCK3X8|125|4224|0|1|1|-3|0|-4768|80|-4800|208|248|249|1
W|934|1|0|QROCK3|QROCK3X8|1|4224|0|1|1|-127|0|-4800|208|-4864|176|148|249|1
W|934|1|2|QROCK3|QROCK3X8|1|4224|0|1|1|-127|0|-4800|208|-4864|176|148|249|1
W|935|0|0|QROCK3|QROCK3X8|67|8448|0|1|1|-61|0|-4816|48|-4768|80|207|249|1
W|935|0|2|QROCK3|QROCK3X8|67|8448|0|1|1|-61|0|-4816|48|-4768|80|207|249|1
W|935|1|0|QROCK3|QROCK3X8|0|4096|0|1|1|0|0|-4768|80|-4816|48|249|207|1
W|935|1|2|QROCK3|QROCK3X8|0|4096|0|1|1|0|0|-4768|80|-4816|48|249|207|1
W|936|0|0|QROCK3|QROCK3X8|58|4224|0|1|1|-70|0|-4864|176|-4816|48|194|249|1
W|936|0|2|QROCK3|QROCK3X8|58|4224|0|1|1|-70|0|-4864|176|-4816|48|194|249|1
W|936|1|0|QROCK3|QROCK3X8|0|4224|0|1|1|0|0|-4816|48|-4864|176|249|194|1
W|936|1|2|QROCK3|QROCK3X8|0|4224|0|1|1|0|0|-4816|48|-4864|176|249|194|1
W|937|1|0|QROCK3|QROCK3X8|113|4224|0|1|1|-15|0|-4672|272|-4736|240|148|212|1
W|937|1|2|QROCK3|QROCK3X8|113|4224|0|1|1|-15|0|-4672|272|-4736|240|148|212|1
W|938|0|0|QROCK3|QROCK3X8|55|8448|0|1|1|-73|0|-4720|112|-4672|144|207|212|1
W|938|0|2|QROCK3|QROCK3X8|55|8448|0|1|1|-73|0|-4720|112|-4672|144|207|212|1
W|938|1|0|QROCK3|QROCK3X8|0|4096|0|1|1|0|0|-4672|144|-4720|112|212|207|1
W|938|1|2|QROCK3|QROCK3X8|0|4096|0|1|1|0|0|-4672|144|-4720|112|212|207|1
W|939|0|0|QROCK3|QROCK3X8|54|4224|0|1|1|-74|0|-4736|240|-4720|112|248|212|1
W|939|0|2|QROCK3|QROCK3X8|54|4224|0|1|1|-74|0|-4736|240|-4720|112|248|212|1
W|939|1|0|QROCK3|QROCK3X8|0|4224|0|1|1|0|0|-4720|112|-4736|240|212|248|1
W|939|1|2|QROCK3|QROCK3X8|0|4224|0|1|1|0|0|-4720|112|-4736|240|212|248|1
W|940|0|0|QROCK3|QROCK3X8|48|8448|0|1|1|-80|0|-4592|144|-4576|144|207|225|1
W|940|0|2|QROCK3|QROCK3X8|48|8448|0|1|1|-80|0|-4592|144|-4576|144|207|225|1
W|940|1|0|QROCK3|QROCK3X8|0|4096|0|1|1|0|0|-4576|144|-4592|144|225|207|1
W|940|1|2|QROCK3|QROCK3X8|0|4096|0|1|1|0|0|-4576|144|-4592|144|225|207|1
W|941|1|0|QROCK3|QROCK3X8|113|4224|0|1|1|-15|0|-4544|272|-4656|272|148|225|1
W|941|1|2|QROCK3|QROCK3X8|113|4224|0|1|1|-15|0|-4544|272|-4656|272|148|225|1
W|942|0|0|QROCK3|QROCK3X8|0|4224|0|1|1|0|0|-4592|144|-4656|272|225|195|1
W|942|0|2|QROCK3|QROCK3X8|0|4224|0|1|1|0|0|-4592|144|-4656|272|225|195|1
W|942|1|0|QROCK3|QROCK3X8|33|4224|0|1|1|-95|0|-4656|272|-4592|144|195|225|1
W|942|1|2|QROCK3|QROCK3X8|33|4224|0|1|1|-95|0|-4656|272|-4592|144|195|225|1
W|961|0|0|QROCK3|QROCK3X8|79|4224|0|1|1|79|0|-3840|-1328|-4032|-1392|148|163|1
W|961|0|2|QROCK3|QROCK3X8|79|4224|0|1|1|79|0|-3840|-1328|-4032|-1392|148|163|1
W|962|0|0|QROCK3|QROCK3X8|281.385770251|4224|0|1|1|25|0|-4032|-1392|-4096|-1520|148|163|1
W|962|0|2|QROCK3|QROCK3X8|281.385770251|4224|0|1|1|25|0|-4032|-1392|-4096|-1520|148|163|1
W|964|0|0|QROCK3|QROCK3X8|0|4224|0|1|1|0|0|-5504|-944|-5568|-1008|170|171|1
W|964|0|2|QROCK3|QROCK3X8|0|4224|0|1|1|0|0|-5504|-944|-5568|-1008|170|171|1
W|964|1|0|QROCK3|QROCK3X8|0|4224|0|1|1|0|0|-5568|-1008|-5504|-944|171|170|1
W|964|1|2|QROCK3|QROCK3X8|0|4224|0|1|1|0|0|-5568|-1008|-5504|-944|171|170|1
W|965|0|0|QROCK3|QROCK3X8|112|4224|0|1|1|112|0|-5632|-624|-5696|-624|185|170|1
W|965|0|2|QROCK3|QROCK3X8|112|4224|0|1|1|112|0|-5632|-624|-5696|-624|185|170|1
W|965|1|0|QROCK3|QROCK3X8|0|4224|0|1|1|0|0|-5696|-624|-5632|-624|170|185|1
W|965|1|2|QROCK3|QROCK3X8|0|4224|0|1|1|0|0|-5696|-624|-5632|-624|170|185|1
W|966|1|0|QROCK3|QROCK3X8|69|4224|0|1|1|69|0|-5696|-240|-5632|-240|185|184|1
W|966|1|2|QROCK3|QROCK3X8|69|4224|0|1|1|69|0|-5696|-240|-5632|-240|185|184|1
W|969|0|0|QROCK3|QROCK3X8|54|4224|0|1|1|54|0|-4800|592|-4800|656|189|190|1
W|969|0|2|QROCK3|QROCK3X8|54|4224|0|1|1|54|0|-4800|592|-4800|656|189|190|1
W|969|1|0|QROCK3|QROCK3X8|0|4224|0|1|1|0|0|-4800|656|-4800|592|190|189|1
W|969|1|2|QROCK3|QROCK3X8|0|4224|0|1|1|0|0|-4800|656|-4800|592|190|189|1
W|970|0|0|QROCK3|QROCK3X8|14|4224|0|1|1|14|0|-4160|656|-4160|592|189|188|1
W|970|0|2|QROCK3|QROCK3X8|14|4224|0|1|1|14|0|-4160|656|-4160|592|189|188|1
W|972|0|0|QROCK3|QROCK3X8|0|4224|0|1|1|0|0|-3456|80|-3392|144|183|187|1
W|972|0|2|QROCK3|QROCK3X8|0|4224|0|1|1|0|0|-3456|80|-3392|144|183|187|1
W|972|1|0|QROCK3|QROCK3X8|0|4224|0|1|1|0|0|-3392|144|-3456|80|187|183|1
W|972|1|2|QROCK3|QROCK3X8|0|4224|0|1|1|0|0|-3392|144|-3456|80|187|183|1
W|973|0|0|QROCK3|QROCK3X8|98|4224|0|1|1|98|0|-3328|-240|-3264|-240|159|183|1
W|973|0|2|QROCK3|QROCK3X8|98|4224|0|1|1|98|0|-3328|-240|-3264|-240|159|183|1
W|973|1|0|QROCK3|QROCK3X8|0|4224|0|1|1|0|0|-3264|-240|-3328|-240|183|159|1
W|973|1|2|QROCK3|QROCK3X8|0|4224|0|1|1|0|0|-3264|-240|-3328|-240|183|159|1
W|974|1|0|QROCK3|QROCK3X8|86|4224|0|1|1|86|0|-3264|-624|-3328|-624|159|161|1
W|974|1|2|QROCK3|QROCK3X8|86|4224|0|1|1|86|0|-3264|-624|-3328|-624|159|161|1
W|976|0|0|QROCK3|QROCK3X8|0|4224|0|1|1|0|0|-3840|-1328|-3776|-1392|163|158|1
W|976|0|2|QROCK3|QROCK3X8|0|4224|0|1|1|0|0|-3840|-1328|-3776|-1392|163|158|1
W|976|1|0|QROCK3|QROCK3X8|0|4224|0|1|1|0|0|-3776|-1392|-3840|-1328|158|163|1
W|976|1|2|QROCK3|QROCK3X8|0|4224|0|1|1|0|0|-3776|-1392|-3840|-1328|158|163|1
W|977|0|0|QROCK3|QROCK3X8|122|4224|0|1|1|122|0|-4864|-1520|-4928|-1392|148|162|1
W|977|0|2|QROCK3|QROCK3X8|122|4224|0|1|1|122|0|-4864|-1520|-4928|-1392|148|162|1
W|978|0|0|QROCK3|QROCK3X8|265.10835056|4224|0|1|1|9|0|-4928|-1392|-5120|-1328|148|162|1
W|978|0|2|QROCK3|QROCK3X8|265.10835056|4224|0|1|1|9|0|-4928|-1392|-5120|-1328|148|162|1
W|979|0|0|QROCK3|QROCK3X8|467.494120811|4224|0|1|1|83|0|-5120|-1328|-5280|-1168|148|171|1
W|979|0|2|QROCK3|QROCK3X8|467.494120811|4224|0|1|1|83|0|-5120|-1328|-5280|-1168|148|171|1
W|1695|0|0|QROCK3|QROCK3X8|693.76829079|4224|0|1|1|53|0|-5280|-1168|-5344|-1168|360|171|1
W|1693|0|0|QROCK3|QROCK3X8|757.76829079|4224|0|1|1|117|0|-5344|-1168|-5344|-1104|360|171|1
W|1691|0|0|QROCK3|QROCK3X8|821.76829079|4224|0|1|1|53|0|-5344|-1104|-5504|-944|148|171|1
W|1691|0|2|QROCK3|QROCK3X8|821.76829079|4224|0|1|1|53|0|-5344|-1104|-5504|-944|148|171|1
W|980|0|0|QROCK3|QROCK3X8|24.04246077|4224|0|1|1|23|0|-5504|-944|-5632|-624|148|170|1
W|980|0|2|QROCK3|QROCK3X8|24.04246077|4224|0|1|1|23|0|-5504|-944|-5632|-624|148|170|1
W|981|0|0|QROCK3|QROCK3X8|368.693008427|4224|0|1|1|112|0|-5632|-624|-5568|-592|148|185|1
W|981|0|2|QROCK3|QROCK3X8|368.693008427|4224|0|1|1|112|0|-5632|-624|-5568|-592|148|185|1
W|1521|0|0|QROCK3|QROCK3X8|440.247183707|4224|0|1|1|56|0|-5568|-592|-5568|-272|148|185|1
W|1521|0|2|QROCK3|QROCK3X8|440.247183707|4224|0|1|1|56|0|-5568|-592|-5568|-272|148|185|1
W|1522|0|0|QROCK3|QROCK3X8|760.247183707|4224|0|1|1|120|0|-5568|-272|-5632|-240|148|185|1
W|1522|0|2|QROCK3|QROCK3X8|760.247183707|4224|0|1|1|120|0|-5568|-272|-5632|-240|148|185|1
W|982|0|0|QROCK3|QROCK3X8|831.801358987|4224|0|1|1|64|0|-5632|-240|-5504|80|148|184|1
W|982|0|2|QROCK3|QROCK3X8|831.801358987|4224|0|1|1|64|0|-5632|-240|-5504|80|148|184|1
W|983|0|0|QROCK3|QROCK3X8|152.451906643|4224|0|1|1|25|0|-5504|80|-5344|240|148|169|1
W|983|0|2|QROCK3|QROCK3X8|152.451906643|4224|0|1|1|25|0|-5504|80|-5344|240|148|169|1
W|1701|1|0|QROCK3|QROCK3X8|378.726076623|4224|0|1|1|123|0|-5344|240|-5344|304|362|169|1
W|1705|1|0|QROCK3|QROCK3X8|442.726076623|4224|0|1|1|59|0|-5344|304|-5280|304|362|169|1
W|1703|0|0|QROCK3|QROCK3X8|506.726076623|4224|0|1|1|123|0|-5280|304|-5120|464|148|169|1
W|1703|0|2|QROCK3|QROCK3X8|506.726076623|4224|0|1|1|123|0|-5280|304|-5120|464|148|169|1
W|984|0|0|QROCK3|QROCK3X8|733.000246603|4224|0|1|1|93|0|-5120|464|-4800|592|148|190|1
W|984|0|2|QROCK3|QROCK3X8|733.000246603|4224|0|1|1|93|0|-5120|464|-4800|592|148|190|1
W|985|0|0|QROCK3|QROCK3X8|54|4224|0|1|1|54|0|-4800|592|-4736|528|148|189|1
W|985|0|2|QROCK3|QROCK3X8|54|4224|0|1|1|54|0|-4800|592|-4736|528|148|189|1
W|1523|0|0|QROCK3|QROCK3X8|144.509667992|4224|0|1|1|17|0|-4736|528|-4224|528|148|189|1
W|1523|0|2|QROCK3|QROCK3X8|144.509667992|4224|0|1|1|17|0|-4736|528|-4224|528|148|189|1
W|1524|0|0|QROCK3|QROCK3X8|656.509667992|4224|0|1|1|17|0|-4224|528|-4160|592|148|189|1
W|1524|0|2|QROCK3|QROCK3X8|656.509667992|4224|0|1|1|17|0|-4224|528|-4160|592|148|189|1
W|986|0|0|QROCK3|QROCK3X8|108|4224|0|1|1|108|0|-4160|592|-3840|464|148|188|1
W|986|0|2|QROCK3|QROCK3X8|108|4224|0|1|1|108|0|-4160|592|-3840|464|148|188|1
W|987|0|0|QROCK3|QROCK3X8|452.650547657|4224|0|1|1|69|0|-3840|464|-3680|304|148|187|1
W|987|0|2|QROCK3|QROCK3X8|452.650547657|4224|0|1|1|69|0|-3840|464|-3680|304|148|187|1
W|1710|0|0|QROCK3|QROCK3X8|678.924717636|4224|0|1|1|39|0|-3680|304|-3616|304|363|187|1
W|1708|0|0|QROCK3|QROCK3X8|742.924717636|4224|0|1|1|103|0|-3616|304|-3616|240|363|187|1
W|1706|0|0|QROCK3|QROCK3X8|806.924717636|4224|0|1|1|39|0|-3616|240|-3456|80|148|187|1
W|1706|0|2|QROCK3|QROCK3X8|806.924717636|4224|0|1|1|39|0|-3616|240|-3456|80|148|187|1
W|988|0|0|QROCK3|QROCK3X8|9|4224|0|1|1|9|0|-3456|80|-3328|-240|148|183|1
W|988|0|2|QROCK3|QROCK3X8|9|4224|0|1|1|9|0|-3456|80|-3328|-240|148|183|1
W|989|0|0|QROCK3|QROCK3X8|98|4224|0|1|1|98|0|-3328|-240|-3392|-272|148|159|1
W|989|0|2|QROCK3|QROCK3X8|98|4224|0|1|1|98|0|-3328|-240|-3392|-272|148|159|1
W|1525|0|0|QROCK3|QROCK3X8|169.55417528|4224|0|1|1|42|0|-3392|-272|-3392|-592|148|159|1
W|1525|0|2|QROCK3|QROCK3X8|169.55417528|4224|0|1|1|42|0|-3392|-272|-3392|-592|148|159|1
W|1526|0|0|QROCK3|QROCK3X8|489.55417528|4224|0|1|1|106|0|-3392|-592|-3328|-624|148|159|1
W|1526|0|2|QROCK3|QROCK3X8|489.55417528|4224|0|1|1|106|0|-3392|-592|-3328|-624|148|159|1
W|990|0|0|QROCK3|QROCK3X8|50|4224|0|1|1|50|0|-3328|-624|-3456|-944|148|161|1
W|990|0|2|QROCK3|QROCK3X8|50|4224|0|1|1|50|0|-3328|-624|-3456|-944|148|161|1
W|991|0|0|QROCK3|QROCK3X8|394.650547657|4224|0|1|1|11|0|-3456|-944|-3616|-1104|148|158|1
W|991|0|2|QROCK3|QROCK3X8|394.650547657|4224|0|1|1|11|0|-3456|-944|-3616|-1104|148|158|1
W|1700|0|0|QROCK3|QROCK3X8|620.924717636|4224|0|1|1|109|0|-3616|-1104|-3616|-1168|361|158|1
W|1698|0|0|QROCK3|QROCK3X8|684.924717636|4224|0|1|1|45|0|-3616|-1168|-3680|-1168|361|158|1
W|1696|0|0|QROCK3|QROCK3X8|748.924717636|4224|0|1|1|109|0|-3680|-1168|-3840|-1328|148|158|1
W|1696|0|2|QROCK3|QROCK3X8|748.924717636|4224|0|1|1|109|0|-3680|-1168|-3840|-1328|148|158|1
W|992|0|1|QROCK3|QROCK3X8|91|4224|0|1|1|91|0|-5552|-1025|-5568|-1008|171|-1|1
W|1012|0|1|QROCK3|QROCK3X8|6|3456|0|1|1|6|0|-5696|-624|-5712|-624|186|-1|1
W|1014|0|1|QROCK3|QROCK3X8|53|3456|0|1|1|-75|0|-5712|-240|-5696|-240|253|-1|1
W|1182|0|1|QROCK3|QROCK3X8|34|3456|0|1|1|34|0|-3264|-240|-3248|-240|160|-1|1
W|1184|0|1|QROCK3|QROCK3X8|108|3456|0|1|1|-20|0|-3248|-624|-3264|-624|285|-1|1
W|1350|1|0|QROCK3|QROCK3X8|14|4224|0|1|1|14|0|-4672|656|-4624|656|189|313|1
W|1354|1|0|QROCK3|QROCK3X8|62|4224|0|1|1|62|0|-4624|656|-4560|656|189|315|1
W|1363|1|0|QROCK3|QROCK3X8|126|4224|0|1|1|126|0|-4560|656|-4497|656|189|319|1
W|1366|1|0|QROCK3|QROCK3X8|189|4224|0|1|1|61|0|-4497|656|-4465|656|189|321|1
W|1369|1|0|QROCK3|QROCK3X8|221|4224|0|1|1|93|0|-4465|656|-4401|656|189|318|1
W|1360|1|0|QROCK3|QROCK3X8|285|4224|0|1|1|29|0|-4401|656|-4337|656|189|316|1
W|1357|1|0|QROCK3|QROCK3X8|349|4224|0|1|1|93|0|-4337|656|-4289|656|189|314|1
W|1351|0|1|QROCK3|QROCK3X8|14|3456|0|1|1|14|0|-4672|656|-4672|672|313|-1|1
W|1353|0|1|QROCK3|QROCK3X8|117|3456|0|1|1|-11|0|-4289|672|-4289|656|314|-1|1
W|1520|0|1|QROCK3|QROCK3X8|13|4224|0|1|1|13|0|-4289|656|-4160|656|189|-1|1
W|1711|0|0|QROCK3|QROCK3X8|0|4224|0|1|1|0|0|-5440|-784|-5424|-768|364|148|1
W|1711|0|2|QROCK3|QROCK3X8|0|4224|0|1|1|0|0|-5440|-784|-5424|-768|364|148|1
W|1712|0|0|QROCK3|QROCK3X8|22.627416998|4224|0|1|1|0|0|-5424|-768|-5392|-784|364|148|1
W|1712|0|2|QROCK3|QROCK3X8|22.627416998|4224|0|1|1|0|0|-5424|-768|-5392|-784|364|148|1
W|1713|0|0|QROCK3|QROCK3X8|58.404504638|4224|0|1|1|0|0|-5392|-784|-5376|-816|364|148|1
W|1713|0|2|QROCK3|QROCK3X8|58.404504638|4224|0|1|1|0|0|-5392|-784|-5376|-816|364|148|1
W|1714|0|0|QROCK3|QROCK3X8|94.181592278|4224|0|1|1|0|0|-5376|-816|-5408|-848|364|148|1
W|1714|0|2|QROCK3|QROCK3X8|94.181592278|4224|0|1|1|0|0|-5376|-816|-5408|-848|364|148|1
W|1715|0|0|QROCK3|QROCK3X8|139.436426274|4224|0|1|1|0|0|-5408|-848|-5440|-848|364|148|1
W|1715|0|2|QROCK3|QROCK3X8|139.436426274|4224|0|1|1|0|0|-5408|-848|-5440|-848|364|148|1
W|1715|1|0|QROCK3|QROCK3X8|77|4224|0|1|1|77|0|-5440|-848|-5408|-848|148|364|1
W|1715|1|2|QROCK3|QROCK3X8|77|4224|0|1|1|77|0|-5440|-848|-5408|-848|148|364|1
W|1714|1|0|QROCK3|QROCK3X8|109|4224|0|1|1|109|0|-5408|-848|-5376|-816|148|364|1
W|1714|1|2|QROCK3|QROCK3X8|109|4224|0|1|1|109|0|-5408|-848|-5376|-816|148|364|1
W|1713|1|0|QROCK3|QROCK3X8|154.254833996|4224|0|1|1|26|0|-5376|-816|-5392|-784|148|364|1
W|1713|1|2|QROCK3|QROCK3X8|154.254833996|4224|0|1|1|26|0|-5376|-816|-5392|-784|148|364|1
W|1712|1|0|QROCK3|QROCK3X8|190.031921636|4224|0|1|1|62|0|-5392|-784|-5424|-768|148|364|1
W|1712|1|2|QROCK3|QROCK3X8|190.031921636|4224|0|1|1|62|0|-5392|-784|-5424|-768|148|364|1
W|1711|1|0|QROCK3|QROCK3X8|225.809009276|4224|0|1|1|98|0|-5424|-768|-5440|-784|148|364|1
W|1711|1|2|QROCK3|QROCK3X8|225.809009276|4224|0|1|1|98|0|-5424|-768|-5440|-784|148|364|1
W|1716|0|0|QROCK3|QROCK3X8|0|4224|0|1|1|0|0|-5456|-848|-5472|-800|365|148|1
W|1716|0|2|QROCK3|QROCK3X8|0|4224|0|1|1|0|0|-5456|-848|-5472|-800|365|148|1
W|1717|0|0|QROCK3|QROCK3X8|50.596442563|4224|0|1|1|0|0|-5472|-800|-5440|-784|365|148|1
W|1717|0|2|QROCK3|QROCK3X8|50.596442563|4224|0|1|1|0|0|-5472|-800|-5440|-784|365|148|1
W|1717|1|0|QROCK3|QROCK3X8|102|4224|0|1|1|-26|0|-5440|-784|-5472|-800|148|365|1
W|1717|1|2|QROCK3|QROCK3X8|102|4224|0|1|1|-26|0|-5440|-784|-5472|-800|148|365|1
W|1716|1|0|QROCK3|QROCK3X8|137.77708764|4224|0|1|1|10|0|-5472|-800|-5456|-848|148|365|1
W|1716|1|2|QROCK3|QROCK3X8|137.77708764|4224|0|1|1|10|0|-5472|-800|-5456|-848|148|365|1
W|1718|0|0|QROCK3|QROCK3X8|0|4224|0|1|1|0|0|-5440|-784|-5408|-800|365|364|1
W|1718|0|2|QROCK3|QROCK3X8|0|4224|0|1|1|0|0|-5440|-784|-5408|-800|365|364|1
W|1718|1|0|QROCK3|QROCK3X8|17|4224|0|1|1|17|0|-5408|-800|-5440|-784|364|365|1
W|1718|1|2|QROCK3|QROCK3X8|17|4224|0|1|1|17|0|-5408|-800|-5440|-784|364|365|1
W|1719|0|0|QROCK3|QROCK3X8|0|4224|0|1|1|0|0|-5408|-800|-5408|-832|366|364|1
W|1719|0|2|QROCK3|QROCK3X8|0|4224|0|1|1|0|0|-5408|-800|-5408|-832|366|364|1
W|1721|0|0|QROCK3|QROCK3X8|32|4224|0|1|1|0|0|-5408|-832|-5440|-848|366|364|1
W|1721|0|2|QROCK3|QROCK3X8|32|4224|0|1|1|0|0|-5408|-832|-5440|-848|366|364|1
W|1720|0|0|QROCK3|QROCK3X8|0|4224|0|1|1|0|0|-5440|-848|-5456|-848|366|148|1
W|1720|0|2|QROCK3|QROCK3X8|0|4224|0|1|1|0|0|-5440|-848|-5456|-848|366|148|1
W|1720|1|0|QROCK3|QROCK3X8|61|4224|0|1|1|61|0|-5456|-848|-5440|-848|148|366|1
W|1720|1|2|QROCK3|QROCK3X8|61|4224|0|1|1|61|0|-5456|-848|-5440|-848|148|366|1
W|1721|1|0|QROCK3|QROCK3X8|77|4224|0|1|1|77|0|-5440|-848|-5408|-832|364|366|1
W|1721|1|2|QROCK3|QROCK3X8|77|4224|0|1|1|77|0|-5440|-848|-5408|-832|364|366|1
W|1719|1|0|QROCK3|QROCK3X8|112.77708764|4224|0|1|1|113|0|-5408|-832|-5408|-800|364|366|1
W|1719|1|2|QROCK3|QROCK3X8|112.77708764|4224|0|1|1|113|0|-5408|-832|-5408|-800|364|366|1
W|1722|0|0|QROCK3|QROCK3X8|17|4224|0|1|1|17|0|-5408|-800|-5440|-800|365|366|1
W|1722|0|2|QROCK3|QROCK3X8|17|4224|0|1|1|17|0|-5408|-800|-5440|-800|365|366|1
W|1723|0|0|QROCK3|QROCK3X8|49|4224|0|1|1|49|0|-5440|-800|-5456|-848|365|366|1
W|1723|0|2|QROCK3|QROCK3X8|49|4224|0|1|1|49|0|-5440|-800|-5456|-848|365|366|1
W|1723|1|0|QROCK3|QROCK3X8|0|4224|0|1|1|0|0|-5456|-848|-5440|-800|366|365|1
W|1723|1|2|QROCK3|QROCK3X8|0|4224|0|1|1|0|0|-5456|-848|-5440|-800|366|365|1
W|1722|1|0|QROCK3|QROCK3X8|50.596442563|4224|0|1|1|0|0|-5440|-800|-5408|-800|366|365|1
W|1722|1|2|QROCK3|QROCK3X8|50.596442563|4224|0|1|1|0|0|-5440|-800|-5408|-800|366|365|1
W|1724|0|0|QROCK3|QROCK3X8|0|4224|0|1|1|0|0|-4992|448|-4976|464|367|148|1
W|1724|0|2|QROCK3|QROCK3X8|0|4224|0|1|1|0|0|-4992|448|-4976|464|367|148|1
W|1725|0|0|QROCK3|QROCK3X8|22.627416998|4224|0|1|1|0|0|-4976|464|-4944|448|367|148|1
W|1725|0|2|QROCK3|QROCK3X8|22.627416998|4224|0|1|1|0|0|-4976|464|-4944|448|367|148|1
W|1726|0|0|QROCK3|QROCK3X8|58.404504638|4224|0|1|1|0|0|-4944|448|-4928|416|367|148|1
W|1726|0|2|QROCK3|QROCK3X8|58.404504638|4224|0|1|1|0|0|-4944|448|-4928|416|367|148|1
W|1727|0|0|QROCK3|QROCK3X8|94.181592278|4224|0|1|1|0|0|-4928|416|-4960|384|367|148|1
W|1727|0|2|QROCK3|QROCK3X8|94.181592278|4224|0|1|1|0|0|-4928|416|-4960|384|367|148|1
W|1728|0|0|QROCK3|QROCK3X8|139.436426274|4224|0|1|1|0|0|-4960|384|-4992|384|367|148|1
W|1728|0|2|QROCK3|QROCK3X8|139.436426274|4224|0|1|1|0|0|-4960|384|-4992|384|367|148|1
W|1728|1|0|QROCK3|QROCK3X8|77|4224|0|1|1|77|0|-4992|384|-4960|384|148|367|1
W|1728|1|2|QROCK3|QROCK3X8|77|4224|0|1|1|77|0|-4992|384|-4960|384|148|367|1
W|1727|1|0|QROCK3|QROCK3X8|109|4224|0|1|1|109|0|-4960|384|-4928|416|148|367|1
W|1727|1|2|QROCK3|QROCK3X8|109|4224|0|1|1|109|0|-4960|384|-4928|416|148|367|1
W|1726|1|0|QROCK3|QROCK3X8|154.254833996|4224|0|1|1|26|0|-4928|416|-4944|448|148|367|1
W|1726|1|2|QROCK3|QROCK3X8|154.254833996|4224|0|1|1|26|0|-4928|416|-4944|448|148|367|1
W|1725|1|0|QROCK3|QROCK3X8|190.031921636|4224|0|1|1|62|0|-4944|448|-4976|464|148|367|1
W|1725|1|2|QROCK3|QROCK3X8|190.031921636|4224|0|1|1|62|0|-4944|448|-4976|464|148|367|1
W|1724|1|0|QROCK3|QROCK3X8|225.809009276|4224|0|1|1|98|0|-4976|464|-4992|448|148|367|1
W|1724|1|2|QROCK3|QROCK3X8|225.809009276|4224|0|1|1|98|0|-4976|464|-4992|448|148|367|1
W|1729|0|0|QROCK3|QROCK3X8|0|4224|0|1|1|0|0|-5008|384|-5024|432|368|148|1
W|1729|0|2|QROCK3|QROCK3X8|0|4224|0|1|1|0|0|-5008|384|-5024|432|368|148|1
W|1730|0|0|QROCK3|QROCK3X8|50.596442563|4224|0|1|1|0|0|-5024|432|-4992|448|368|148|1
W|1730|0|2|QROCK3|QROCK3X8|50.596442563|4224|0|1|1|0|0|-5024|432|-4992|448|368|148|1
W|1730|1|0|QROCK3|QROCK3X8|102|4224|0|1|1|-26|0|-4992|448|-5024|432|148|368|1
W|1730|1|2|QROCK3|QROCK3X8|102|4224|0|1|1|-26|0|-4992|448|-5024|432|148|368|1
W|1729|1|0|QROCK3|QROCK3X8|137.77708764|4224|0|1|1|10|0|-5024|432|-5008|384|148|368|1
W|1729|1|2|QROCK3|QROCK3X8|137.77708764|4224|0|1|1|10|0|-5024|432|-5008|384|148|368|1
W|1731|0|0|QROCK3|QROCK3X8|0|4224|0|1|1|0|0|-4992|448|-4960|432|368|367|1
W|1731|0|2|QROCK3|QROCK3X8|0|4224|0|1|1|0|0|-4992|448|-4960|432|368|367|1
W|1731|1|0|QROCK3|QROCK3X8|17|4224|0|1|1|17|0|-4960|432|-4992|448|367|368|1
W|1731|1|2|QROCK3|QROCK3X8|17|4224|0|1|1|17|0|-4960|432|-4992|448|367|368|1
W|1732|0|0|QROCK3|QROCK3X8|0|4224|0|1|1|0|0|-4960|432|-4960|400|369|367|1
W|1732|0|2|QROCK3|QROCK3X8|0|4224|0|1|1|0|0|-4960|432|-4960|400|369|367|1
W|1734|0|0|QROCK3|QROCK3X8|32|4224|0|1|1|0|0|-4960|400|-4992|384|369|367|1
W|1734|0|2|QROCK3|QROCK3X8|32|4224|0|1|1|0|0|-4960|400|-4992|384|369|367|1
W|1733|0|0|QROCK3|QROCK3X8|0|4224|0|1|1|0|0|-4992|384|-5008|384|369|148|1
W|1733|0|2|QROCK3|QROCK3X8|0|4224|0|1|1|0|0|-4992|384|-5008|384|369|148|1
W|1733|1|0|QROCK3|QROCK3X8|61|4224|0|1|1|61|0|-5008|384|-4992|384|148|369|1
W|1733|1|2|QROCK3|QROCK3X8|61|4224|0|1|1|61|0|-5008|384|-4992|384|148|369|1
W|1734|1|0|QROCK3|QROCK3X8|77|4224|0|1|1|77|0|-4992|384|-4960|400|367|369|1
W|1734|1|2|QROCK3|QROCK3X8|77|4224|0|1|1|77|0|-4992|384|-4960|400|367|369|1
W|1732|1|0|QROCK3|QROCK3X8|112.77708764|4224|0|1|1|113|0|-4960|400|-4960|432|367|369|1
W|1732|1|2|QROCK3|QROCK3X8|112.77708764|4224|0|1|1|113|0|-4960|400|-4960|432|367|369|1
W|1735|0|0|QROCK3|QROCK3X8|17|4224|0|1|1|17|0|-4960|432|-4992|432|368|369|1
W|1735|0|2|QROCK3|QROCK3X8|17|4224|0|1|1|17|0|-4960|432|-4992|432|368|369|1
W|1736|0|0|QROCK3|QROCK3X8|49|4224|0|1|1|49|0|-4992|432|-5008|384|368|369|1
W|1736|0|2|QROCK3|QROCK3X8|49|4224|0|1|1|49|0|-4992|432|-5008|384|368|369|1
W|1736|1|0|QROCK3|QROCK3X8|0|4224|0|1|1|0|0|-5008|384|-4992|432|369|368|1
W|1736|1|2|QROCK3|QROCK3X8|0|4224|0|1|1|0|0|-5008|384|-4992|432|369|368|1
W|1735|1|0|QROCK3|QROCK3X8|50.596442563|4224|0|1|1|0|0|-4992|432|-4960|432|369|368|1
W|1735|1|2|QROCK3|QROCK3X8|50.596442563|4224|0|1|1|0|0|-4992|432|-4960|432|369|368|1
W|1737|0|0|QROCK3|QROCK3X8|0|4224|0|1|1|0|0|-3808|0|-3792|16|370|148|1
W|1737|0|2|QROCK3|QROCK3X8|0|4224|0|1|1|0|0|-3808|0|-3792|16|370|148|1
W|1738|0|0|QROCK3|QROCK3X8|22.627416998|4224|0|1|1|0|0|-3792|16|-3760|0|370|148|1
W|1738|0|2|QROCK3|QROCK3X8|22.627416998|4224|0|1|1|0|0|-3792|16|-3760|0|370|148|1
W|1739|0|0|QROCK3|QROCK3X8|58.404504638|4224|0|1|1|0|0|-3760|0|-3744|-32|370|148|1
W|1739|0|2|QROCK3|QROCK3X8|58.404504638|4224|0|1|1|0|0|-3760|0|-3744|-32|370|148|1
W|1740|0|0|QROCK3|QROCK3X8|94.181592278|4224|0|1|1|0|0|-3744|-32|-3776|-64|370|148|1
W|1740|0|2|QROCK3|QROCK3X8|94.181592278|4224|0|1|1|0|0|-3744|-32|-3776|-64|370|148|1
W|1741|0|0|QROCK3|QROCK3X8|139.436426274|4224|0|1|1|0|0|-3776|-64|-3808|-64|370|148|1
W|1741|0|2|QROCK3|QROCK3X8|139.436426274|4224|0|1|1|0|0|-3776|-64|-3808|-64|370|148|1
W|1741|1|0|QROCK3|QROCK3X8|77|4224|0|1|1|77|0|-3808|-64|-3776|-64|148|370|1
W|1741|1|2|QROCK3|QROCK3X8|77|4224|0|1|1|77|0|-3808|-64|-3776|-64|148|370|1
W|1740|1|0|QROCK3|QROCK3X8|109|4224|0|1|1|109|0|-3776|-64|-3744|-32|148|370|1
W|1740|1|2|QROCK3|QROCK3X8|109|4224|0|1|1|109|0|-3776|-64|-3744|-32|148|370|1
W|1739|1|0|QROCK3|QROCK3X8|154.254833996|4224|0|1|1|26|0|-3744|-32|-3760|0|148|370|1
W|1739|1|2|QROCK3|QROCK3X8|154.254833996|4224|0|1|1|26|0|-3744|-32|-3760|0|148|370|1
W|1738|1|0|QROCK3|QROCK3X8|190.031921636|4224|0|1|1|62|0|-3760|0|-3792|16|148|370|1
W|1738|1|2|QROCK3|QROCK3X8|190.031921636|4224|0|1|1|62|0|-3760|0|-3792|16|148|370|1
W|1737|1|0|QROCK3|QROCK3X8|225.809009276|4224|0|1|1|98|0|-3792|16|-3808|0|148|370|1
W|1737|1|2|QROCK3|QROCK3X8|225.809009276|4224|0|1|1|98|0|-3792|16|-3808|0|148|370|1
W|1742|0|0|QROCK3|QROCK3X8|0|4224|0|1|1|0|0|-3824|-64|-3840|-16|371|148|1
W|1742|0|2|QROCK3|QROCK3X8|0|4224|0|1|1|0|0|-3824|-64|-3840|-16|371|148|1
W|1743|0|0|QROCK3|QROCK3X8|50.596442563|4224|0|1|1|0|0|-3840|-16|-3808|0|371|148|1
W|1743|0|2|QROCK3|QROCK3X8|50.596442563|4224|0|1|1|0|0|-3840|-16|-3808|0|371|148|1
W|1743|1|0|QROCK3|QROCK3X8|102|4224|0|1|1|-26|0|-3808|0|-3840|-16|148|371|1
W|1743|1|2|QROCK3|QROCK3X8|102|4224|0|1|1|-26|0|-3808|0|-3840|-16|148|371|1
W|1742|1|0|QROCK3|QROCK3X8|137.77708764|4224|0|1|1|10|0|-3840|-16|-3824|-64|148|371|1
W|1742|1|2|QROCK3|QROCK3X8|137.77708764|4224|0|1|1|10|0|-3840|-16|-3824|-64|148|371|1
W|1744|0|0|QROCK3|QROCK3X8|0|4224|0|1|1|0|0|-3808|0|-3776|-16|371|370|1
W|1744|0|2|QROCK3|QROCK3X8|0|4224|0|1|1|0|0|-3808|0|-3776|-16|371|370|1
W|1744|1|0|QROCK3|QROCK3X8|17|4224|0|1|1|17|0|-3776|-16|-3808|0|370|371|1
W|1744|1|2|QROCK3|QROCK3X8|17|4224|0|1|1|17|0|-3776|-16|-3808|0|370|371|1
W|1745|0|0|QROCK3|QROCK3X8|0|4224|0|1|1|0|0|-3776|-16|-3776|-48|372|370|1
W|1745|0|2|QROCK3|QROCK3X8|0|4224|0|1|1|0|0|-3776|-16|-3776|-48|372|370|1
W|1747|0|0|QROCK3|QROCK3X8|32|4224|0|1|1|0|0|-3776|-48|-3808|-64|372|370|1
W|1747|0|2|QROCK3|QROCK3X8|32|4224|0|1|1|0|0|-3776|-48|-3808|-64|372|370|1
W|1746|0|0|QROCK3|QROCK3X8|0|4224|0|1|1|0|0|-3808|-64|-3824|-64|372|148|1
W|1746|0|2|QROCK3|QROCK3X8|0|4224|0|1|1|0|0|-3808|-64|-3824|-64|372|148|1
W|1746|1|0|QROCK3|QROCK3X8|61|4224|0|1|1|61|0|-3824|-64|-3808|-64|148|372|1
W|1746|1|2|QROCK3|QROCK3X8|61|4224|0|1|1|61|0|-3824|-64|-3808|-64|148|372|1
W|1747|1|0|QROCK3|QROCK3X8|77|4224|0|1|1|77|0|-3808|-64|-3776|-48|370|372|1
W|1747|1|2|QROCK3|QROCK3X8|77|4224|0|1|1|77|0|-3808|-64|-3776|-48|370|372|1
W|1745|1|0|QROCK3|QROCK3X8|112.77708764|4224|0|1|1|113|0|-3776|-48|-3776|-16|370|372|1
W|1745|1|2|QROCK3|QROCK3X8|112.77708764|4224|0|1|1|113|0|-3776|-48|-3776|-16|370|372|1
W|1748|0|0|QROCK3|QROCK3X8|17|4224|0|1|1|17|0|-3776|-16|-3808|-16|371|372|1
W|1748|0|2|QROCK3|QROCK3X8|17|4224|0|1|1|17|0|-3776|-16|-3808|-16|371|372|1
W|1749|0|0|QROCK3|QROCK3X8|49|4224|0|1|1|49|0|-3808|-16|-3824|-64|371|372|1
W|1749|0|2|QROCK3|QROCK3X8|49|4224|0|1|1|49|0|-3808|-16|-3824|-64|371|372|1
W|1749|1|0|QROCK3|QROCK3X8|0|4224|0|1|1|0|0|-3824|-64|-3808|-16|372|371|1
W|1749|1|2|QROCK3|QROCK3X8|0|4224|0|1|1|0|0|-3824|-64|-3808|-16|372|371|1
W|1748|1|0|QROCK3|QROCK3X8|50.596442563|4224|0|1|1|0|0|-3808|-16|-3776|-16|372|371|1
W|1748|1|2|QROCK3|QROCK3X8|50.596442563|4224|0|1|1|0|0|-3808|-16|-3776|-16|372|371|1
W|1750|0|0|QROCK3|QROCK3X8|0|4224|0|1|1|0|0|-3872|-1168|-3856|-1152|373|148|1
W|1750|0|2|QROCK3|QROCK3X8|0|4224|0|1|1|0|0|-3872|-1168|-3856|-1152|373|148|1
W|1751|0|0|QROCK3|QROCK3X8|22.627416998|4224|0|1|1|0|0|-3856|-1152|-3824|-1168|373|148|1
W|1751|0|2|QROCK3|QROCK3X8|22.627416998|4224|0|1|1|0|0|-3856|-1152|-3824|-1168|373|148|1
W|1752|0|0|QROCK3|QROCK3X8|58.404504638|4224|0|1|1|0|0|-3824|-1168|-3808|-1200|373|148|1
W|1752|0|2|QROCK3|QROCK3X8|58.404504638|4224|0|1|1|0|0|-3824|-1168|-3808|-1200|373|148|1
W|1753|0|0|QROCK3|QROCK3X8|94.181592278|4224|0|1|1|0|0|-3808|-1200|-3840|-1232|373|148|1
W|1753|0|2|QROCK3|QROCK3X8|94.181592278|4224|0|1|1|0|0|-3808|-1200|-3840|-1232|373|148|1
W|1754|0|0|QROCK3|QROCK3X8|139.436426274|4224|0|1|1|0|0|-3840|-1232|-3872|-1232|373|148|1
W|1754|0|2|QROCK3|QROCK3X8|139.436426274|4224|0|1|1|0|0|-3840|-1232|-3872|-1232|373|148|1
W|1754|1|0|QROCK3|QROCK3X8|77|4224|0|1|1|77|0|-3872|-1232|-3840|-1232|148|373|1
W|1754|1|2|QROCK3|QROCK3X8|77|4224|0|1|1|77|0|-3872|-1232|-3840|-1232|148|373|1
W|1753|1|0|QROCK3|QROCK3X8|109|4224|0|1|1|109|0|-3840|-1232|-3808|-1200|148|373|1
W|1753|1|2|QROCK3|QROCK3X8|109|4224|0|1|1|109|0|-3840|-1232|-3808|-1200|148|373|1
W|1752|1|0|QROCK3|QROCK3X8|154.254833996|4224|0|1|1|26|0|-3808|-1200|-3824|-1168|148|373|1
W|1752|1|2|QROCK3|QROCK3X8|154.254833996|4224|0|1|1|26|0|-3808|-1200|-3824|-1168|148|373|1
W|1751|1|0|QROCK3|QROCK3X8|190.031921636|4224|0|1|1|62|0|-3824|-1168|-3856|-1152|148|373|1
W|1751|1|2|QROCK3|QROCK3X8|190.031921636|4224|0|1|1|62|0|-3824|-1168|-3856|-1152|148|373|1
W|1750|1|0|QROCK3|QROCK3X8|225.809009276|4224|0|1|1|98|0|-3856|-1152|-3872|-1168|148|373|1
W|1750|1|2|QROCK3|QROCK3X8|225.809009276|4224|0|1|1|98|0|-3856|-1152|-3872|-1168|148|373|1
W|1755|0|0|QROCK3|QROCK3X8|0|4224|0|1|1|0|0|-3888|-1232|-3904|-1184|374|148|1
W|1755|0|2|QROCK3|QROCK3X8|0|4224|0|1|1|0|0|-3888|-1232|-3904|-1184|374|148|1
W|1756|0|0|QROCK3|QROCK3X8|50.596442563|4224|0|1|1|0|0|-3904|-1184|-3872|-1168|374|148|1
W|1756|0|2|QROCK3|QROCK3X8|50.596442563|4224|0|1|1|0|0|-3904|-1184|-3872|-1168|374|148|1
W|1756|1|0|QROCK3|QROCK3X8|102|4224|0|1|1|-26|0|-3872|-1168|-3904|-1184|148|374|1
W|1756|1|2|QROCK3|QROCK3X8|102|4224|0|1|1|-26|0|-3872|-1168|-3904|-1184|148|374|1
W|1755|1|0|QROCK3|QROCK3X8|137.77708764|4224|0|1|1|10|0|-3904|-1184|-3888|-1232|148|374|1
W|1755|1|2|QROCK3|QROCK3X8|137.77708764|4224|0|1|1|10|0|-3904|-1184|-3888|-1232|148|374|1
W|1757|0|0|QROCK3|QROCK3X8|0|4224|0|1|1|0|0|-3872|-1168|-3840|-1184|374|373|1
W|1757|0|2|QROCK3|QROCK3X8|0|4224|0|1|1|0|0|-3872|-1168|-3840|-1184|374|373|1
W|1757|1|0|QROCK3|QROCK3X8|17|4224|0|1|1|17|0|-3840|-1184|-3872|-1168|373|374|1
W|1757|1|2|QROCK3|QROCK3X8|17|4224|0|1|1|17|0|-3840|-1184|-3872|-1168|373|374|1
W|1758|0|0|QROCK3|QROCK3X8|0|4224|0|1|1|0|0|-3840|-1184|-3840|-1216|375|373|1
W|1758|0|2|QROCK3|QROCK3X8|0|4224|0|1|1|0|0|-3840|-1184|-3840|-1216|375|373|1
W|1760|0|0|QROCK3|QROCK3X8|32|4224|0|1|1|0|0|-3840|-1216|-3872|-1232|375|373|1
W|1760|0|2|QROCK3|QROCK3X8|32|4224|0|1|1|0|0|-3840|-1216|-3872|-1232|375|373|1
W|1759|0|0|QROCK3|QROCK3X8|0|4224|0|1|1|0|0|-3872|-1232|-3888|-1232|375|148|1
W|1759|0|2|QROCK3|QROCK3X8|0|4224|0|1|1|0|0|-3872|-1232|-3888|-1232|375|148|1
W|1759|1|0|QROCK3|QROCK3X8|61|4224|0|1|1|61|0|-3888|-1232|-3872|-1232|148|375|1
W|1759|1|2|QROCK3|QROCK3X8|61|4224|0|1|1|61|0|-3888|-1232|-3872|-1232|148|375|1
W|1760|1|0|QROCK3|QROCK3X8|77|4224|0|1|1|77|0|-3872|-1232|-3840|-1216|373|375|1
W|1760|1|2|QROCK3|QROCK3X8|77|4224|0|1|1|77|0|-3872|-1232|-3840|-1216|373|375|1
W|1758|1|0|QROCK3|QROCK3X8|112.77708764|4224|0|1|1|113|0|-3840|-1216|-3840|-1184|373|375|1
W|1758|1|2|QROCK3|QROCK3X8|112.77708764|4224|0|1|1|113|0|-3840|-1216|-3840|-1184|373|375|1
W|1761|0|0|QROCK3|QROCK3X8|17|4224|0|1|1|17|0|-3840|-1184|-3872|-1184|374|375|1
W|1761|0|2|QROCK3|QROCK3X8|17|4224|0|1|1|17|0|-3840|-1184|-3872|-1184|374|375|1
W|1762|0|0|QROCK3|QROCK3X8|49|4224|0|1|1|49|0|-3872|-1184|-3888|-1232|374|375|1
W|1762|0|2|QROCK3|QROCK3X8|49|4224|0|1|1|49|0|-3872|-1184|-3888|-1232|374|375|1
W|1762|1|0|QROCK3|QROCK3X8|0|4224|0|1|1|0|0|-3888|-1232|-3872|-1184|375|374|1
W|1762|1|2|QROCK3|QROCK3X8|0|4224|0|1|1|0|0|-3888|-1232|-3872|-1184|375|374|1
W|1761|1|0|QROCK3|QROCK3X8|50.596442563|4224|0|1|1|0|0|-3872|-1184|-3840|-1184|375|374|1
W|1761|1|2|QROCK3|QROCK3X8|50.596442563|4224|0|1|1|0|0|-3872|-1184|-3840|-1184|375|374|1
W|1763|0|0|QROCK3|QROCK3X8|112|4224|0|1|1|112|0|-5552|160|-5504|208|169|376|1
W|1763|0|2|QROCK3|QROCK3X8|112|4224|0|1|1|112|0|-5552|160|-5504|208|169|376|1
W|1910|0|0|QROCK3|QROCK3X8|179.882250994|4224|0|1|1|52|0|-5504|208|-5456|256|169|396|1
W|1910|0|2|QROCK3|QROCK3X8|179.882250994|4224|0|1|1|52|0|-5504|208|-5456|256|169|396|1
W|1913|0|0|QROCK3|QROCK3X8|247.764501988|4224|0|1|1|120|0|-5456|256|-5296|416|169|400|1
W|1913|0|2|QROCK3|QROCK3X8|247.764501988|4224|0|1|1|120|0|-5456|256|-5296|416|169|400|1
W|1907|0|0|QROCK3|QROCK3X8|474.038671968|4224|0|1|1|90|0|-5296|416|-5248|464|169|398|1
W|1907|0|2|QROCK3|QROCK3X8|474.038671968|4224|0|1|1|90|0|-5296|416|-5248|464|169|398|1
W|1904|0|0|QROCK3|QROCK3X8|541.920922961|4224|0|1|1|30|0|-5248|464|-5200|512|169|377|1
W|1904|0|2|QROCK3|QROCK3X8|541.920922961|4224|0|1|1|30|0|-5248|464|-5200|512|169|377|1
W|1764|0|1|QROCK3|QROCK3X8|98|4224|0|1|1|98|0|-5200|512|-5184|528|169|-1|1
W|768|0|1|QROCK3|QROCK3X8|120.627416998|4224|0|1|1|121|0|-5184|528|-4960|602|190|-1|1
W|1674|0|1|QROCK3|QROCK3X8|356.534178241|4224|0|1|1|101|0|-4960|602|-4896|624|356|-1|1
W|1671|0|1|QROCK3|QROCK3X8|424.209875503|4224|0|1|1|41|0|-4896|624|-4800|656|190|-1|1
W|1765|0|1|QROCK3|QROCK3X8|112|3968|0|1|1|112|0|-5552|160|-5568|176|376|-1|1
W|1766|0|1|QROCK3|QROCK3X8|67|3968|0|1|1|-61|0|-5216|528|-5200|512|377|-1|1
W|1915|1|0|QROCK3|QROCK3X8|58|4224|0|1|1|58|0|-3760|512|-3712|464|187|403|1
W|1915|1|2|QROCK3|QROCK3X8|58|4224|0|1|1|58|0|-3760|512|-3712|464|187|403|1
W|2061|1|0|QROCK3|QROCK3X8|125.882250994|4224|0|1|1|126|0|-3712|464|-3664|416|187|423|1
W|2061|1|2|QROCK3|QROCK3X8|125.882250994|4224|0|1|1|126|0|-3712|464|-3664|416|187|423|1
W|2064|1|0|QROCK3|QROCK3X8|193.764501988|4224|0|1|1|66|0|-3664|416|-3504|256|187|427|1
W|2064|1|2|QROCK3|QROCK3X8|193.764501988|4224|0|1|1|66|0|-3664|416|-3504|256|187|427|1
W|2058|1|0|QROCK3|QROCK3X8|420.038671968|4224|0|1|1|36|0|-3504|256|-3456|208|187|425|1
W|2058|1|2|QROCK3|QROCK3X8|420.038671968|4224|0|1|1|36|0|-3504|256|-3456|208|187|425|1
W|2055|1|0|QROCK3|QROCK3X8|487.920922961|4224|0|1|1|104|0|-3456|208|-3408|161|187|404|1
W|2055|1|2|QROCK3|QROCK3X8|487.920922961|4224|0|1|1|104|0|-3456|208|-3408|161|187|404|1
W|1916|0|1|QROCK3|QROCK3X8|58|3968|0|1|1|58|0|-3760|512|-3744|528|403|-1|1
W|1917|0|1|QROCK3|QROCK3X8|67|3968|0|1|1|-61|0|-3392|177|-3408|161|404|-1|1
W|2066|0|1|QROCK3|QROCK3X8|43|4224|0|1|1|43|0|-3408|161|-3392|144|187|-1|1
W|2067|1|0|QROCK3|QROCK3X8|1|4224|0|1|1|1|0|-3408|-1024|-3456|-1072|158|430|1
W|2067|1|2|QROCK3|QROCK3X8|1|4224|0|1|1|1|0|-3408|-1024|-3456|-1072|158|430|1
W|2213|1|0|QROCK3|QROCK3X8|68.882250994|4224|0|1|1|69|0|-3456|-1072|-3504|-1120|158|450|1
W|2213|1|2|QROCK3|QROCK3X8|68.882250994|4224|0|1|1|69|0|-3456|-1072|-3504|-1120|158|450|1
W|2216|1|0|QROCK3|QROCK3X8|136.764501988|4224|0|1|1|9|0|-3504|-1120|-3664|-1280|158|454|1
W|2216|1|2|QROCK3|QROCK3X8|136.764501988|4224|0|1|1|9|0|-3504|-1120|-3664|-1280|158|454|1
W|2210|1|0|QROCK3|QROCK3X8|363.038671968|4224|0|1|1|107|0|-3664|-1280|-3712|-1328|158|452|1
W|2210|1|2|QROCK3|QROCK3X8|363.038671968|4224|0|1|1|107|0|-3664|-1280|-3712|-1328|158|452|1
W|2207|1|0|QROCK3|QROCK3X8|430.920922961|4224|0|1|1|47|0|-3712|-1328|-3759|-1376|158|431|1
W|2207|1|2|QROCK3|QROCK3X8|430.920922961|4224|0|1|1|47|0|-3712|-1328|-3759|-1376|158|431|1
W|2068|0|1|QROCK3|QROCK3X8|1|3968|0|1|1|1|0|-3408|-1024|-3392|-1040|430|-1|1
W|2069|0|1|QROCK3|QROCK3X8|67|3968|0|1|1|-61|0|-3743|-1392|-3759|-1376|431|-1|1
W|2218|0|1|QROCK3|QROCK3X8|114|4224|0|1|1|114|0|-3759|-1376|-3776|-1392|158|-1|1
W|2219|1|0|QROCK3|QROCK3X8|106|4224|0|1|1|106|0|-5200|-1376|-5248|-1328|171|457|1
W|2219|1|2|QROCK3|QROCK3X8|106|4224|0|1|1|106|0|-5200|-1376|-5248|-1328|171|457|1
W|997|1|0|QROCK3|QROCK3X8|173.882250994|4224|0|1|1|46|0|-5248|-1328|-5296|-1280|171|252|1
W|997|1|2|QROCK3|QROCK3X8|173.882250994|4224|0|1|1|46|0|-5248|-1328|-5296|-1280|171|252|1
W|994|1|0|QROCK3|QROCK3X8|241.764501988|4224|0|1|1|114|0|-5296|-1280|-5456|-1120|171|156|1
W|994|1|2|QROCK3|QROCK3X8|241.764501988|4224|0|1|1|114|0|-5296|-1280|-5456|-1120|171|156|1
W|1000|1|0|QROCK3|QROCK3X8|468.038671968|4224|0|1|1|84|0|-5456|-1120|-5504|-1072|171|151|1
W|1000|1|2|QROCK3|QROCK3X8|468.038671968|4224|0|1|1|84|0|-5456|-1120|-5504|-1072|171|151|1
W|1003|1|0|QROCK3|QROCK3X8|535.920922961|4224|0|1|1|24|0|-5504|-1072|-5552|-1025|171|458|1
W|1003|1|2|QROCK3|QROCK3X8|535.920922961|4224|0|1|1|24|0|-5504|-1072|-5552|-1025|171|458|1
W|2220|0|1|QROCK3|QROCK3X8|106|3968|0|1|1|106|0|-5200|-1376|-5216|-1392|457|-1|1
W|2221|0|1|QROCK3|QROCK3X8|67|3968|0|1|1|-61|0|-5568|-1041|-5552|-1025|458|-1|1
W|2346|1|2|QROCK3|QROCK3X8|0|512|0|1|1|0|0|-4544|-192|-4672|-256|496|486|1
W|2345|1|2|QROCK3|QROCK3X8|143.10835056|512|0|1|1|0|0|-4672|-256|-4736|-384|496|488|1
W|2348|1|2|QROCK3|QROCK3X8|0|8448|0|1|1|0|0|-4288|-256|-4416|-192|496|489|1
W|2349|1|2|QROCK3|QROCK3X8|0|8448|0|1|1|0|0|-4224|-384|-4288|-256|496|484|1
W|2351|1|2|QROCK3|QROCK3X8|0|8448|0|1|1|0|0|-4288|-640|-4224|-512|496|490|1
W|2354|1|2|QROCK3|QROCK3X8|0|8448|0|1|1|0|0|-4672|-640|-4544|-704|496|491|1
W|2355|1|2|QROCK3|QROCK3X8|0|8448|0|1|1|0|0|-4736|-512|-4672|-640|496|479|1
W|2356|0|2|QROCK3|QROCK3X8|0|512|0|1|1|0|0|-4608|-512|-4608|-480|480|497|1
W|2357|0|0|QROCK3|QROCK3X8|0|8448|0|1|1|0|0|-4608|-384|-4592|-368|512|488|1
W|2357|0|2|QROCK3|QROCK3X8|0|8448|0|1|1|0|0|-4608|-384|-4592|-368|512|488|1
W|2486|0|2|QROCK3|QROCK3X8|22.627416998|8448|0|1|1|0|0|-4592|-368|-4576|-352|511|488|1
W|2357|1|0|QROCK3|QROCK3X8|0|8448|0|1|1|0|0|-4592|-368|-4608|-384|488|512|1
W|2357|1|2|QROCK3|QROCK3X8|0|8448|0|1|1|0|0|-4592|-368|-4608|-384|488|512|1
W|2358|0|2|QROCK3|QROCK3X8|0|512|0|1|1|0|0|-4544|-320|-4528|-320|511|500|1
W|2484|0|2|QROCK3|QROCK3X8|16|512|0|1|1|0|0|-4528|-320|-4448|-320|510|500|1
W|2450|0|2|QROCK3|QROCK3X8|96|512|0|1|1|0|0|-4448|-320|-4432|-320|510|485|1
W|2482|0|2|QROCK3|QROCK3X8|112|512|0|1|1|0|0|-4432|-320|-4416|-320|509|485|1
W|2369|0|2|QROCK3|QROCK3X8|128|512|0|1|1|0|0|-4416|-320|-4416|-192|489|485|1
W|2359|0|2|QROCK3|QROCK3X8|0|512|0|1|1|0|0|-4416|-320|-4384|-352|509|489|1
W|2360|0|2|QROCK3|QROCK3X8|0|512|0|1|1|0|0|-4352|-384|-4352|-432|508|499|1
W|2478|0|2|QROCK3|QROCK3X8|48|512|0|1|1|0|0|-4352|-432|-4352|-448|507|499|1
W|2476|0|2|QROCK3|QROCK3X8|64|512|0|1|1|0|0|-4352|-448|-4352|-480|506|499|1
W|2447|0|2|QROCK3|QROCK3X8|96|512|0|1|1|0|0|-4352|-480|-4352|-512|506|483|1
W|2361|0|2|QROCK3|QROCK3X8|0|512|0|1|1|0|0|-4352|-512|-4368|-528|506|490|1
W|2474|0|2|QROCK3|QROCK3X8|22.627416998|512|0|1|1|0|0|-4368|-528|-4384|-544|505|490|1
W|2362|0|2|QROCK3|QROCK3X8|0|512|0|1|1|0|0|-4416|-576|-4464|-576|505|498|1
W|2472|0|2|QROCK3|QROCK3X8|48|512|0|1|1|0|0|-4464|-576|-4512|-576|504|498|1
W|2444|0|2|QROCK3|QROCK3X8|96|512|0|1|1|0|0|-4512|-576|-4544|-576|503|481|1
W|2363|0|2|QROCK3|QROCK3X8|128|512|0|1|1|0|0|-4544|-576|-4560|-560|503|491|1
W|2469|0|2|QROCK3|QROCK3X8|150.627416998|512|0|1|1|0|0|-4560|-560|-4576|-544|480|491|1
W|2364|0|2|QROCK3|QROCK3X8|0|512|0|1|1|0|0|-4608|-512|-4736|-512|497|479|1
W|2365|1|2|QROCK3|QROCK3X8|0|512|0|1|1|0|0|-4544|-576|-4544|-704|491|481|1
W|2366|0|0|QROCK3|QROCK3X8|0|8448|0|1|1|0|0|-4416|-576|-4416|-704|498|482|1
W|2366|0|2|QROCK3|QROCK3X8|0|8448|0|1|1|0|0|-4416|-576|-4416|-704|498|482|1
W|2366|1|0|QROCK3|QROCK3X8|0|8448|0|1|1|0|0|-4416|-704|-4416|-576|482|498|1
W|2366|1|2|QROCK3|QROCK3X8|0|8448|0|1|1|0|0|-4416|-704|-4416|-576|482|498|1
W|2367|1|2|QROCK3|QROCK3X8|0|512|0|1|1|0|0|-4224|-512|-4352|-512|483|490|1
W|2368|0|0|QROCK3|QROCK3X8|0|8448|0|1|1|0|0|-4352|-384|-4224|-384|499|484|1
W|2368|0|2|QROCK3|QROCK3X8|0|8448|0|1|1|0|0|-4352|-384|-4224|-384|499|484|1
W|2368|1|0|QROCK3|QROCK3X8|0|8448|0|1|1|0|0|-4224|-384|-4352|-384|484|499|1
W|2368|1|2|QROCK3|QROCK3X8|0|8448|0|1|1|0|0|-4224|-384|-4352|-384|484|499|1
W|2370|0|0|QROCK3|QROCK3X8|0|8448|0|1|1|0|0|-4544|-320|-4544|-192|500|486|1
W|2370|0|2|QROCK3|QROCK3X8|0|8448|0|1|1|0|0|-4544|-320|-4544|-192|500|486|1
W|2370|1|0|QROCK3|QROCK3X8|0|8448|0|1|1|0|0|-4544|-192|-4544|-320|486|500|1
W|2370|1|2|QROCK3|QROCK3X8|0|8448|0|1|1|0|0|-4544|-192|-4544|-320|486|500|1
W|2371|0|0|QROCK3|QROCK3X8|0|8448|0|1|1|0|0|-4608|-384|-4736|-384|488|487|1
W|2371|0|2|QROCK3|QROCK3X8|0|8448|0|1|1|0|0|-4608|-384|-4736|-384|488|487|1
W|2371|1|0|QROCK3|QROCK3X8|0|8448|0|1|1|0|0|-4736|-384|-4608|-384|487|488|1
W|2371|1|2|QROCK3|QROCK3X8|0|8448|0|1|1|0|0|-4736|-384|-4608|-384|487|488|1
W|2372|0|2|QROCK3|QROCK3X8|0|512|0|1|1|0|0|-4576|-352|-4544|-320|511|486|1
W|2373|0|0|QROCK3|QROCK3X8|0|8448|0|1|1|0|0|-4576|-352|-4672|-256|486|488|1
W|2373|0|2|QROCK3|QROCK3X8|0|8448|0|1|1|0|0|-4576|-352|-4672|-256|486|488|1
W|2373|1|0|QROCK3|QROCK3X8|0|8448|0|1|1|0|0|-4672|-256|-4576|-352|488|486|1
W|2373|1|2|QROCK3|QROCK3X8|0|8448|0|1|1|0|0|-4672|-256|-4576|-352|488|486|1
W|2374|0|2|QROCK3|QROCK3X8|0|8448|0|1|1|0|0|-4384|-352|-4368|-368|509|484|1
W|2480|0|2|QROCK3|QROCK3X8|22.627416998|8448|0|1|1|0|0|-4368|-368|-4352|-384|508|484|1
W|2375|0|0|QROCK3|QROCK3X8|0|8448|0|1|1|0|0|-4384|-352|-4288|-256|484|489|1
W|2375|0|2|QROCK3|QROCK3X8|0|8448|0|1|1|0|0|-4384|-352|-4288|-256|484|489|1
W|2375|1|0|QROCK3|QROCK3X8|0|8448|0|1|1|0|0|-4288|-256|-4384|-352|489|484|1
W|2375|1|2|QROCK3|QROCK3X8|0|8448|0|1|1|0|0|-4288|-256|-4384|-352|489|484|1
W|2376|0|2|QROCK3|QROCK3X8|0|8448|0|1|1|0|0|-4384|-544|-4416|-576|505|482|1
W|2377|0|0|QROCK3|QROCK3X8|0|8448|0|1|1|0|0|-4384|-544|-4288|-640|482|490|1
W|2377|0|2|QROCK3|QROCK3X8|0|8448|0|1|1|0|0|-4384|-544|-4288|-640|482|490|1
W|2377|1|0|QROCK3|QROCK3X8|0|8448|0|1|1|0|0|-4288|-640|-4384|-544|490|482|1
W|2377|1|2|QROCK3|QROCK3X8|0|8448|0|1|1|0|0|-4288|-640|-4384|-544|490|482|1
W|2378|0|2|QROCK3|QROCK3X8|0|512|0|1|1|0|0|-4576|-544|-4608|-512|480|479|1
W|2379|0|0|QROCK3|QROCK3X8|0|8448|0|1|1|0|0|-4576|-544|-4672|-640|479|491|1
W|2379|0|2|QROCK3|QROCK3X8|0|8448|0|1|1|0|0|-4576|-544|-4672|-640|479|491|1
W|2379|1|0|QROCK3|QROCK3X8|0|8448|0|1|1|0|0|-4672|-640|-4576|-544|491|479|1
W|2379|1|2|QROCK3|QROCK3X8|0|8448|0|1|1|0|0|-4672|-640|-4576|-544|491|479|1
W|2441|1|2|QROCK3|QROCK3X8|0|8448|0|1|1|0|0|-4736|-384|-4736|-416|496|487|1
W|2344|1|2|QROCK3|QROCK3X8|32|8448|0|1|1|0|0|-4736|-416|-4736|-512|496|497|1
W|2445|1|2|QROCK3|QROCK3X8|0|8448|0|1|1|0|0|-4544|-704|-4448|-704|496|481|1
W|2353|1|2|QROCK3|QROCK3X8|96|8448|0|1|1|0|0|-4448|-704|-4416|-704|496|498|1
W|2352|1|2|QROCK3|QROCK3X8|128|8448|0|1|1|0|0|-4416|-704|-4288|-640|496|482|1
W|2448|1|2|QROCK3|QROCK3X8|0|8448|0|1|1|0|0|-4224|-512|-4224|-416|496|483|1
W|2350|1|2|QROCK3|QROCK3X8|96|8448|0|1|1|0|0|-4224|-416|-4224|-384|496|499|1
W|2451|1|2|QROCK3|QROCK3X8|0|8448|0|1|1|0|0|-4416|-192|-4480|-192|496|485|1
W|2347|1|2|QROCK3|QROCK3X8|64|8448|0|1|1|0|0|-4480|-192|-4544|-192|496|500|1
W|2465|0|0|QROCK3|QROCK3X8|0|8448|0|1|1|0|0|-4608|-400|-4608|-384|512|487|1
W|2465|0|2|QROCK3|QROCK3X8|0|8448|0|1|1|0|0|-4608|-400|-4608|-384|512|487|1
W|2465|1|0|QROCK3|QROCK3X8|0|8448|0|1|1|0|0|-4608|-384|-4608|-400|487|512|1
W|2465|1|2|QROCK3|QROCK3X8|0|8448|0|1|1|0|0|-4608|-384|-4608|-400|487|512|1
W|2467|0|2|QROCK3|QROCK3X8|0|8448|0|1|1|0|0|-4608|-480|-4608|-448|502|497|1
W|407|0|2|QROCK3|QROCK3X8|0|128|0|1|1|0|0|-380|-448|-412|-352|30|116|1
W|402|0|2|QROCK3|QROCK3X8|101.192885125|128|0|1|1|0|0|-412|-352|-476|-352|30|116|1
W|408|0|2|QROCK3|QROCK3X8|165.192885125|128|0|1|1|0|0|-476|-352|-540|-416|30|116|1
W|406|0|2|QROCK3|QROCK3X8|255.702553117|128|0|1|1|0|0|-540|-416|-508|-480|30|116|1
W|377|0|2|QROCK3|QROCK3X8|327.256728397|128|0|1|1|0|0|-508|-480|-444|-480|30|116|1
W|393|0|2|QROCK3|QROCK3X8|391.256728397|128|0|1|1|0|0|-444|-480|-380|-448|30|116|1
