H|8742|16357|31197|7955|4468
F|0|0|QFLAT07|XA04TEX|0|0|0|0
F|1|0|QFLAT07|XA04TEX|0|0|0|0
F|2|0|ADEL_B15|XA42TEX|0|0|0|0
F|2|1|ADEL_F48|XA18TEX|0|0|0|0
F|3|0|QFLAT07|XA04TEX|0|0|0|0
F|4|0|QFLAT07|XA04TEX|0|0|0|0
F|5|0|QFLAT07|XA04TEX|0|0|0|0
F|6|0|QFLAT07|XA04TEX|0|0|0|0
F|7|0|QFLAT07|XA04TEX|0|0|0|0
F|9|0|QFLAT07|XA04TEX|0|0|0|0
F|10|0|ADEL_F48|XA18TEX|0|0|0|0
F|11|0|ADEL_F48|XA18TEX|0|0|0|0
F|12|0|ADEL_F48|XA18TEX|0|0|0|0
F|13|0|ADEL_F48|XA18TEX|0|0|0|0
F|14|0|ADEL_F48|XA18TEX|0|0|0|0
F|15|0|ADEL_F48|XA18TEX|0|0|0|0
F|16|0|ADEL_F48|XA18TEX|0|0|0|0
F|17|0|ADEL_F48|XA18TEX|0|0|0|0
F|18|0|ADEL_F48|XA18TEX|0|0|0|0
F|19|0|ADEL_F48|XA18TEX|0|0|0|0
F|20|0|ADEL_F48|XA18TEX|0|0|0|0
F|21|0|ADEL_F48|XA18TEX|0|0|0|0
F|22|0|ADEL_F48|XA18TEX|0|0|0|0
F|23|0|ADEL_F48|XA18TEX|0|0|0|0
F|24|0|ADEL_F48|XA18TEX|0|0|0|0
F|25|0|ADEL_F48|XA18TEX|0|0|0|0
F|26|0|ADEL_F48|XA18TEX|0|0|0|0
F|27|0|ADEL_F48|XA18TEX|0|0|0|0
F|28|0|ADEL_F48|XA18TEX|0|0|0|0
F|29|0|ADEL_F48|XA18TEX|0|0|0|0
F|30|0|ADEL_F48|XA18TEX|0|0|0|0
F|31|0|ADEL_F48|XA18TEX|0|0|0|0
F|32|0|ADEL_F48|XA18TEX|0|0|0|0
F|33|0|ADEL_F48|XA18TEX|0|0|0|0
F|34|0|ADEL_F48|XA18TEX|0|0|0|0
F|35|0|ADEL_F48|XA18TEX|0|0|0|0
F|36|0|ADEL_F48|XA18TEX|0|0|0|0
F|37|0|ADEL_F48|XA18TEX|0|0|0|0
F|38|0|ADEL_F48|XA18TEX|0|0|0|0
F|39|0|ADEL_F48|XA18TEX|0|0|0|0
F|40|0|ADEL_F48|XA18TEX|0|0|0|0
F|41|0|ADEL_F48|XA18TEX|0|0|0|0
F|42|0|ADEL_F48|XA18TEX|0|0|0|0
F|43|0|ADEL_F48|XA18TEX|0|0|0|0
F|44|0|ADEL_F48|XA18TEX|0|0|0|0
F|45|0|ADEL_F48|XA18TEX|0|0|0|0
F|46|0|ADEL_F48|XA18TEX|0|0|0|0
F|47|0|ADEL_F48|XA18TEX|0|0|0|0
F|48|0|ADEL_F48|XA18TEX|0|0|0|0
F|49|0|ADEL_F48|XA18TEX|0|0|0|0
F|50|0|ADEL_F48|XA18TEX|0|0|0|0
F|51|0|ADEL_F48|XA18TEX|0|0|0|0
F|52|0|ADEL_F48|XA18TEX|0|0|0|0
F|53|0|ADEL_F48|XA18TEX|0|0|0|0
F|54|0|ADEL_F48|XA18TEX|0|0|0|0
F|55|0|ADEL_F48|XA18TEX|0|0|0|0
F|56|0|ADEL_F48|XA18TEX|0|0|0|0
F|57|0|ADEL_F48|XA18TEX|0|0|0|0
F|58|0|ADEL_F48|XA18TEX|0|0|0|0
F|59|0|ADEL_F48|XA18TEX|0|0|0|0
F|60|0|ADEL_F48|XA18TEX|0|0|0|0
F|61|0|ADEL_F48|XA18TEX|0|0|0|0
F|62|0|ADEL_F48|XA18TEX|0|0|0|0
F|63|0|ADEL_F48|XA18TEX|0|0|0|0
F|64|0|ADEL_F48|XA18TEX|0|0|0|0
F|65|0|ADEL_F48|XA18TEX|0|0|0|0
F|66|0|ADEL_F48|XA18TEX|0|0|0|0
F|67|0|ADEL_F48|XA18TEX|0|0|0|0
F|68|0|ADEL_F48|XA18TEX|0|0|0|0
F|69|0|ADEL_F48|XA18TEX|0|0|0|0
F|70|0|ADEL_F48|XA18TEX|0|0|0|0
F|71|0|ADEL_F48|XA18TEX|0|0|0|0
F|72|0|ADEL_F48|XA18TEX|0|0|0|0
F|73|0|ADEL_F48|XA18TEX|0|0|0|0
F|74|0|ADEL_F48|XA18TEX|0|0|0|0
F|75|0|ADEL_F48|XA18TEX|0|0|0|0
F|76|0|ADEL_F48|XA18TEX|0|0|0|0
F|77|0|ADEL_F48|XA18TEX|0|0|0|0
F|78|0|ADEL_F48|XA18TEX|0|0|0|0
F|79|0|ADEL_F48|XA18TEX|0|0|0|0
F|80|0|ADEL_F48|XA18TEX|0|0|0|0
F|81|0|ADEL_F48|XA18TEX|0|0|0|0
F|82|0|ADEL_F48|XA18TEX|0|0|0|0
F|83|0|ADEL_F48|XA18TEX|0|0|0|0
F|84|0|ADEL_F48|XA18TEX|0|0|0|0
F|85|0|ADEL_F48|XA18TEX|0|0|0|0
F|86|0|ADEL_F48|XA18TEX|0|0|0|0
F|87|0|ADEL_F48|XA18TEX|0|0|0|0
F|88|0|ADEL_F48|XA18TEX|0|0|0|0
F|89|0|ADEL_F48|XA18TEX|0|0|0|0
F|90|0|ADEL_F48|XA18TEX|0|0|0|0
F|91|0|ADEL_F48|XA18TEX|0|0|0|0
F|92|0|ADEL_F48|XA18TEX|0|0|0|0
F|93|0|ADEL_F48|XA18TEX|0|0|0|0
F|94|0|ADEL_F48|XA18TEX|0|0|0|0
F|95|0|ADEL_F48|XA18TEX|0|0|0|0
F|96|0|QFLAT07|XA04TEX|0|0|0|0
F|97|0|QFLAT04|XA25TEX|0|0|0|0
F|98|0|QFLAT07|XA04TEX|0|0|0|0
F|99|0|QFLAT07|XA04TEX|0|0|0|0
F|108|0|QFLAT07|XA04TEX|0|0|0|0
F|109|0|ADEL_F48|XA18TEX|0|0|0|0
F|110|0|ADEL_F48|XA18TEX|0|0|0|0
F|111|0|QFLAT07|XA04TEX|0|0|0|0
F|112|0|ADEL_F48|XA18TEX|0|0|0|0
F|113|0|ADEL_F48|XA18TEX|0|0|0|0
F|114|0|ADEL_F48|XA18TEX|0|0|0|0
F|115|0|ADEL_F48|XA18TEX|0|0|0|0
F|116|0|ADEL_F48|XA18TEX|0|0|0|0
F|117|0|ADEL_F48|XA18TEX|0|0|0|0
F|118|0|ADEL_F48|XA18TEX|0|0|0|0
F|119|0|ADEL_F48|XA18TEX|0|0|0|0
F|120|0|ADEL_F48|XA18TEX|0|0|0|0
F|121|0|ADEL_F48|XA18TEX|0|0|0|0
F|122|0|ADEL_F48|XA18TEX|0|0|0|0
F|123|0|ADEL_F48|XA18TEX|0|0|0|0
F|124|0|ADEL_F48|XA18TEX|0|0|0|0
F|125|0|ADEL_F48|XA18TEX|0|0|0|0
F|126|0|ADEL_F48|XA18TEX|0|0|0|0
F|127|0|ADEL_F48|XA18TEX|0|0|0|0
F|128|0|ADEL_F48|XA18TEX|0|0|0|0
F|129|0|ADEL_F48|XA18TEX|0|0|0|0
F|130|0|ADEL_F48|XA18TEX|0|0|0|0
F|131|0|ADEL_F48|XA18TEX|0|0|0|0
F|132|0|ADEL_F48|XA18TEX|0|0|0|0
F|133|0|ADEL_F48|XA18TEX|0|0|0|0
F|134|0|ADEL_F48|XA18TEX|0|0|0|0
F|135|0|ADEL_F48|XA18TEX|0|0|0|0
F|136|0|ADEL_F48|XA18TEX|0|0|0|0
F|137|0|ADEL_F48|XA18TEX|0|0|0|0
F|138|0|ADEL_F48|XA18TEX|0|0|0|0
F|139|0|ADEL_F48|XA18TEX|0|0|0|0
F|140|0|ADEL_F48|XA18TEX|0|0|0|0
F|141|0|ADEL_F48|XA18TEX|0|0|0|0
F|142|0|ADEL_F48|XA18TEX|0|0|0|0
F|143|0|ADEL_F48|XA18TEX|0|0|0|0
F|144|0|ADEL_F48|XA18TEX|0|0|0|0
F|145|0|ADEL_F48|XA18TEX|0|0|0|0
F|146|0|ADEL_F48|XA18TEX|0|0|0|0
F|147|0|ADEL_F48|XA18TEX|0|0|0|0
F|148|0|ADEL_F48|XA18TEX|0|0|0|0
F|149|0|ADEL_F48|XA18TEX|0|0|0|0
F|150|0|ADEL_F48|XA18TEX|0|0|0|0
F|151|0|ADEL_F48|XA18TEX|0|0|0|0
F|152|0|ADEL_F48|XA18TEX|0|0|0|0
F|153|0|ADEL_F48|XA18TEX|0|0|0|0
F|154|0|ADEL_F48|XA18TEX|0|0|0|0
F|155|0|ADEL_F48|XA18TEX|0|0|0|0
F|156|0|ADEL_F48|XA18TEX|0|0|0|0
F|157|0|ADEL_F48|XA18TEX|0|0|0|0
F|158|0|ADEL_F48|XA18TEX|0|0|0|0
F|159|0|ADEL_F48|XA18TEX|0|0|0|0
F|160|0|ADEL_F48|XA18TEX|0|0|0|0
F|161|0|ADEL_F48|XA18TEX|0|0|0|0
F|162|0|ADEL_F48|XA18TEX|0|0|0|0
F|163|0|ADEL_F48|XA18TEX|0|0|0|0
F|164|0|ADEL_F48|XA18TEX|0|0|0|0
F|165|0|ADEL_F48|XA18TEX|0|0|0|0
F|166|0|ADEL_F48|XA18TEX|0|0|0|0
F|167|0|ADEL_F48|XA18TEX|0|0|0|0
F|168|0|ADEL_F48|XA18TEX|0|0|0|0
F|169|0|ADEL_F48|XA18TEX|0|0|0|0
F|170|0|ADEL_F48|XA18TEX|0|0|0|0
F|171|0|ADEL_F48|XA18TEX|0|0|0|0
F|172|0|ADEL_F48|XA18TEX|0|0|0|0
F|173|0|ADEL_F48|XA18TEX|0|0|0|0
F|174|0|ADEL_F48|XA18TEX|0|0|0|0
F|175|0|ADEL_F48|XA18TEX|0|0|0|0
F|176|0|ADEL_F48|XA18TEX|0|0|0|0
F|177|0|ADEL_F48|XA18TEX|0|0|0|0
F|178|0|ADEL_F48|XA18TEX|0|0|0|0
F|179|0|ADEL_F48|XA18TEX|0|0|0|0
F|180|0|ADEL_F48|XA18TEX|0|0|0|0
F|181|0|ADEL_F48|XA18TEX|0|0|0|0
F|182|0|ADEL_F48|XA18TEX|0|0|0|0
F|183|0|ADEL_F48|XA18TEX|0|0|0|0
F|184|0|ADEL_F48|XA18TEX|0|0|0|0
F|185|0|ADEL_F48|XA18TEX|0|0|0|0
F|186|0|ADEL_F48|XA18TEX|0|0|0|0
F|187|0|ADEL_F48|XA18TEX|0|0|0|0
F|188|0|ADEL_F48|XA18TEX|0|0|0|0
F|189|0|ADEL_F48|XA18TEX|0|0|0|0
F|190|0|ADEL_F48|XA18TEX|0|0|0|0
F|191|0|ADEL_F48|XA18TEX|0|0|0|0
F|192|0|ADEL_F48|XA18TEX|0|0|0|0
F|193|0|ADEL_F48|XA18TEX|0|0|0|0
F|194|0|ADEL_F48|XA18TEX|0|0|0|0
F|195|0|ADEL_F48|XA18TEX|0|0|0|0
F|196|0|ADEL_F48|XA18TEX|0|0|0|0
F|197|0|ADEL_F48|XA18TEX|0|0|0|0
F|198|0|ADEL_F48|XA18TEX|0|0|0|0
F|199|0|ADEL_F48|XA18TEX|0|0|0|0
F|200|0|ADEL_F48|XA18TEX|0|0|0|0
F|201|0|ADEL_F48|XA18TEX|0|0|0|0
F|202|0|ADEL_F48|XA18TEX|0|0|0|0
F|203|0|ADEL_F48|XA18TEX|0|0|0|0
F|204|0|ADEL_F48|XA18TEX|0|0|0|0
F|205|0|ADEL_F48|XA18TEX|0|0|0|0
F|206|0|ADEL_F48|XA18TEX|0|0|0|0
F|207|0|ADEL_F48|XA18TEX|0|0|0|0
F|208|0|ADEL_F48|XA18TEX|0|0|0|0
F|209|0|ADEL_F48|XA18TEX|0|0|0|0
F|210|0|ADEL_F48|XA18TEX|0|0|0|0
F|211|0|ADEL_F48|XA18TEX|0|0|0|0
F|212|0|ADEL_F48|XA18TEX|0|0|0|0
F|213|0|ADEL_F48|XA18TEX|0|0|0|0
F|214|0|ADEL_F48|XA18TEX|0|0|0|0
F|215|0|ADEL_F48|XA18TEX|0|0|0|0
F|216|0|ADEL_F48|XA18TEX|0|0|0|0
F|217|0|ADEL_F48|XA18TEX|0|0|0|0
F|218|0|ADEL_F48|XA18TEX|0|0|0|0
F|219|0|ADEL_F48|XA18TEX|0|0|0|0
F|220|0|ADEL_F48|XA18TEX|0|0|0|0
F|221|0|ADEL_F48|XA18TEX|0|0|0|0
F|222|0|ADEL_F48|XA18TEX|0|0|0|0
F|223|0|ADEL_F48|XA18TEX|0|0|0|0
F|224|0|ADEL_F48|XA18TEX|0|0|0|0
F|225|0|ADEL_F48|XA18TEX|0|0|0|0
F|226|0|ADEL_F48|XA18TEX|0|0|0|0
F|227|0|ADEL_F48|XA18TEX|0|0|0|0
F|228|0|ADEL_F48|XA18TEX|0|0|0|0
F|229|0|ADEL_F48|XA18TEX|0|0|0|0
F|230|0|ADEL_F48|XA18TEX|0|0|0|0
F|231|0|ADEL_F48|XA18TEX|0|0|0|0
F|232|0|ADEL_F48|XA18TEX|0|0|0|0
F|233|0|ADEL_F48|XA18TEX|0|0|0|0
F|234|0|ADEL_F48|XA18TEX|0|0|0|0
F|235|0|ADEL_F48|XA18TEX|0|0|0|0
F|236|0|ADEL_F48|XA18TEX|0|0|0|0
F|237|0|ADEL_F48|XA18TEX|0|0|0|0
F|238|0|ADEL_F48|XA18TEX|0|0|0|0
F|239|0|ADEL_F48|XA18TEX|0|0|0|0
F|240|0|ADEL_F48|XA18TEX|0|0|0|0
F|241|0|ADEL_F48|XA18TEX|0|0|0|0
F|242|0|ADEL_F48|XA18TEX|0|0|0|0
F|243|0|ADEL_F48|XA18TEX|0|0|0|0
F|244|0|ADEL_F48|XA18TEX|0|0|0|0
F|245|0|ADEL_F48|XA18TEX|0|0|0|0
F|246|0|ADEL_F48|XA18TEX|0|0|0|0
F|247|0|ADEL_F48|XA18TEX|0|0|0|0
F|248|0|ADEL_F48|XA18TEX|0|0|0|0
F|249|0|QFLAT07|XA04TEX|0|0|0|0
F|250|0|ADEL_F48|XA18TEX|0|0|0|0
F|251|0|ADEL_F48|XA18TEX|0|0|0|0
F|252|0|ADEL_F48|XA18TEX|0|0|0|0
F|253|0|ADEL_F48|XA18TEX|0|0|0|0
F|254|0|ADEL_F48|XA18TEX|0|0|0|0
F|255|0|ADEL_F48|XA18TEX|0|0|0|0
F|256|0|ADEL_F48|XA18TEX|0|0|0|0
F|257|0|ADEL_F48|XA18TEX|0|0|0|0
F|258|0|ADEL_F48|XA18TEX|0|0|0|0
F|259|0|ADEL_F48|XA18TEX|0|0|0|0
F|260|0|ADEL_F48|XA18TEX|0|0|0|0
F|261|0|ADEL_F48|XA18TEX|0|0|0|0
F|262|0|ADEL_F48|XA18TEX|0|0|0|0
F|263|0|QFLAT07|XA04TEX|0|0|0|0
F|264|0|ADEL_F48|XA18TEX|0|0|0|0
F|265|0|ADEL_F48|XA18TEX|0|0|0|0
F|266|0|ADEL_F48|XA18TEX|0|0|0|0
F|267|0|ADEL_F48|XA18TEX|0|0|0|0
F|268|0|ADEL_F48|XA18TEX|0|0|0|0
F|269|0|ADEL_F48|XA18TEX|0|0|0|0
F|270|0|ADEL_F48|XA18TEX|0|0|0|0
F|271|0|ADEL_F48|XA18TEX|0|0|0|0
F|272|0|QFLAT07|XA04TEX|0|0|0|0
F|273|0|ADEL_F48|XA18TEX|0|0|0|0
F|274|0|ADEL_F48|XA18TEX|0|0|0|0
F|275|0|ADEL_F48|XA18TEX|0|0|0|0
F|276|0|ADEL_F48|XA18TEX|0|0|0|0
F|277|0|ADEL_F48|XA18TEX|0|0|0|0
F|278|0|ADEL_F48|XA18TEX|0|0|0|0
F|279|0|ADEL_F48|XA18TEX|0|0|0|0
F|280|0|ADEL_F48|XA18TEX|0|0|0|0
F|281|0|QFLAT07|XA04TEX|0|0|0|0
F|282|0|ADEL_F48|XA18TEX|0|0|0|0
F|283|0|ADEL_F48|XA18TEX|0|0|0|0
F|284|0|QFLAT07|XA04TEX|0|0|0|0
F|286|0|QFLAT07|XA04TEX|0|0|0|0
F|301|0|QFLAT07|XA04TEX|0|0|0|0
F|302|0|QFLAT07|XA04TEX|0|0|0|0
F|303|0|ADEL_F48|XA18TEX|0|0|0|0
F|305|0|ADEL_F48|XA18TEX|0|0|0|0
F|305|1|ADEL_F48|XA18TEX|0|0|0|0
F|306|0|QFLAT07|XA04TEX|0|0|0|0
F|306|1|ADEL_F48|XA18TEX|0|0|0|0
F|307|0|ADEL_F48|XA18TEX|0|0|0|0
F|307|1|ADEL_F48|XA18TEX|0|0|0|0
F|308|0|QFLAT07|XA04TEX|0|0|0|0
F|308|1|ADEL_F48|XA18TEX|0|0|0|0
F|311|0|ADEL_F48|XA18TEX|0|0|0|0
F|311|1|ADEL_F48|XA18TEX|0|0|0|0
F|313|0|ADEL_F48|XA18TEX|0|0|0|0
F|313|1|ADEL_F48|XA18TEX|0|0|0|0
F|314|0|ADEL_F48|XA18TEX|0|0|0|0
F|314|1|ADEL_F48|XA18TEX|0|0|0|0
F|315|0|ADEL_F48|XA18TEX|0|0|0|0
F|315|1|ADEL_F48|XA18TEX|0|0|0|0
F|316|0|ADEL_F48|XA18TEX|0|0|0|0
F|316|1|ADEL_F48|XA18TEX|0|0|0|0
F|317|0|ADEL_F48|XA18TEX|0|0|0|0
F|317|1|ADEL_F48|XA18TEX|0|0|0|0
F|319|0|ADEL_F48|XA18TEX|0|0|0|0
F|325|0|QFLAT07|XA04TEX|0|0|0|0
F|325|1|ADEL_F48|XA18TEX|0|0|0|0
F|326|0|QFLAT07|XA04TEX|0|0|0|0
F|326|1|ADEL_F48|XA18TEX|0|0|0|0
F|327|0|ADEL_F48|XA18TEX|0|0|0|0
F|327|1|ADEL_F48|XA18TEX|0|0|0|0
F|328|0|ADEL_F48|XA18TEX|0|0|0|0
F|328|1|ADEL_F48|XA18TEX|0|0|0|0
F|330|0|ADEL_F48|XA18TEX|0|0|0|0
F|330|1|ADEL_F48|XA18TEX|0|0|0|0
F|331|0|ADEL_F48|XA18TEX|0|0|0|0
F|331|1|ADEL_F48|XA18TEX|0|0|0|0
F|332|0|ADEL_F48|XA18TEX|0|0|0|0
F|332|1|ADEL_F48|XA18TEX|0|0|0|0
F|333|0|ADEL_F48|XA18TEX|0|0|0|0
F|333|1|ADEL_F48|XA18TEX|0|0|0|0
F|334|0|ADEL_F48|XA18TEX|0|0|0|0
F|335|0|ADEL_F48|XA18TEX|0|0|0|0
F|335|1|ADEL_F48|XA18TEX|0|0|0|0
F|336|0|ADEL_F48|XA18TEX|0|0|0|0
F|337|0|ADEL_F48|XA18TEX|0|0|0|0
F|337|1|ADEL_F48|XA18TEX|0|0|0|0
F|338|0|ADEL_F48|XA18TEX|0|0|0|0
F|338|1|ADEL_F48|XA18TEX|0|0|0|0
F|339|0|ADEL_F48|XA18TEX|0|0|0|0
F|340|0|ADEL_F48|XA18TEX|0|0|0|0
F|340|1|ADEL_F48|XA18TEX|0|0|0|0
F|341|0|ADEL_F48|XA18TEX|0|0|0|0
F|341|1|ADEL_F48|XA18TEX|0|0|0|0
F|342|0|ADEL_F48|XA18TEX|0|0|0|0
F|342|1|ADEL_F48|XA18TEX|0|0|0|0
F|343|0|ADEL_F48|XA18TEX|0|0|0|0
F|343|1|ADEL_F48|XA18TEX|0|0|0|0
F|359|0|ADEL_B14|XA10TEX|0|0|0|0
F|359|1|ADEL_B14|XA10TEX|0|0|0|0
F|360|0|ADEL_B01|XA30TEX|0|0|0|0
F|360|1|ADEL_B01|XA30TEX|0|0|0|0
F|366|0|ADEL_B14|XA10TEX|0|0|0|0
F|366|1|ADEL_B14|XA10TEX|0|0|0|0
F|387|0|ADEL_B01|XA30TEX|0|0|0|0
F|387|1|ADEL_B01|XA30TEX|0|0|0|0
F|388|0|ADEL_B14|XA10TEX|0|0|0|0
F|388|1|ADEL_B14|XA10TEX|0|0|0|0
F|390|0|ADEL_B01|XA30TEX|0|0|0|0
F|390|1|ADEL_B01|XA30TEX|0|0|0|0
F|406|0|QFLAT04|XA25TEX|0|0|0|0
F|406|1|QFLAT07|XA04TEX|0|0|0|0
F|408|0|QFLAT04|XA25TEX|0|0|0|0
F|408|1|QFLAT07|XA04TEX|0|0|0|0
F|409|1|ADEL_F48|XA18TEX|0|0|0|0
F|412|0|QFLAT04|XA25TEX|0|0|0|0
F|412|1|QFLAT07|XA04TEX|0|0|0|0
F|427|0|QROCK4|QROCK4X8|0|0|0|0
F|428|0|QROCK4|QROCK4X8|0|0|0|0
F|429|0|ADEL_F48|XA18TEX|0|0|0|0
F|430|0|QROCK4|QROCK4X8|0|0|0|0
F|433|0|QROCK4|QROCK4X8|0|0|0|0
F|434|1|ADEL_F48|XA18TEX|0|0|0|0
F|435|1|ADEL_F48|XA18TEX|0|0|0|0
F|436|1|ADEL_F48|XA18TEX|0|0|0|0
F|437|1|ADEL_F48|XA18TEX|0|0|0|0
F|438|1|ADEL_F48|XA18TEX|0|0|0|0
F|439|1|ADEL_F48|XA18TEX|0|0|0|0
F|440|1|ADEL_F48|XA18TEX|0|0|0|0
F|441|1|ADEL_F48|XA18TEX|0|0|0|0
F|442|1|ADEL_F48|XA18TEX|0|0|0|0
F|443|1|ADEL_F48|XA18TEX|0|0|0|0
F|444|1|ADEL_F48|XA18TEX|0|0|0|0
F|445|1|ADEL_F48|XA18TEX|0|0|0|0
F|446|1|ADEL_F48|XA18TEX|0|0|0|0
F|448|0|QFLAT07|XA04TEX|0|0|0|0
F|448|1|ADEL_F48|XA18TEX|0|0|0|0
F|450|0|QFLAT07|XA04TEX|0|0|0|0
F|450|1|ADEL_F48|XA18TEX|0|0|0|0
F|451|0|QFLAT07|XA04TEX|0|0|0|0
F|451|1|ADEL_F48|XA18TEX|0|0|0|0
F|468|0|QFLAT07|XA04TEX|0|0|0|0
F|469|0|QFLAT07|XA04TEX|0|0|0|0
F|469|1|ADEL_F48|XA18TEX|0|0|0|0
F|470|0|QFLAT07|XA04TEX|0|0|0|0
F|471|0|ADEL_B15|XA42TEX|0|0|0|0
F|471|1|ADEL_F48|XA18TEX|0|0|0|0
F|472|0|QFLAT07|XA04TEX|0|0|0|0
F|472|1|QFLAT07|XA04TEX|0|0|0|0
F|498|0|QFLAT07|XA04TEX|0|0|0|0
F|499|0|QFLAT07|XA04TEX|0|0|0|0
F|499|1|QFLAT07|XA04TEX|0|0|0|0
F|500|0|QFLAT07|XA04TEX|0|0|0|0
F|500|1|QFLAT07|XA04TEX|0|0|0|0
F|501|0|QFLAT07|XA04TEX|0|0|0|0
F|501|1|QFLAT07|XA04TEX|0|0|0|0
F|502|0|QFLAT07|XA04TEX|0|0|0|0
F|502|1|QFLAT07|XA04TEX|0|0|0|0
F|503|0|QFLAT07|XA04TEX|0|0|0|0
F|503|1|QFLAT07|XA04TEX|0|0|0|0
F|504|0|QFLAT07|XA04TEX|0|0|0|0
F|504|1|QFLAT07|XA04TEX|0|0|0|0
F|505|0|QFLAT07|XA04TEX|0|0|0|0
F|505|1|QFLAT07|XA04TEX|0|0|0|0
F|506|0|QFLAT07|XA04TEX|0|0|0|0
F|506|1|QFLAT07|XA04TEX|0|0|0|0
F|507|0|QFLAT07|XA04TEX|0|0|0|0
F|507|1|QFLAT07|XA04TEX|0|0|0|0
F|508|0|QFLAT07|XA04TEX|0|0|0|0
F|508|1|QFLAT07|XA04TEX|0|0|0|0
F|509|0|QFLAT07|XA04TEX|0|0|0|0
F|509|1|QFLAT07|XA04TEX|0|0|0|0
F|523|0|QFLAT07|XA04TEX|0|0|0|0
F|523|1|QFLAT07|XA04TEX|0|0|0|0
F|524|0|QFLAT07|XA04TEX|0|0|0|0
F|524|1|QFLAT07|XA04TEX|0|0|0|0
F|525|0|QFLAT07|XA04TEX|0|0|0|0
F|525|1|QFLAT07|XA04TEX|0|0|0|0
F|526|0|QFLAT07|XA04TEX|0|0|0|0
F|526|1|QFLAT07|XA04TEX|0|0|0|0
F|527|0|QFLAT07|XA04TEX|0|0|0|0
F|527|1|QFLAT07|XA04TEX|0|0|0|0
F|528|0|QFLAT07|XA04TEX|0|0|0|0
F|528|1|QFLAT07|XA04TEX|0|0|0|0
F|529|0|QFLAT07|XA04TEX|0|0|0|0
F|529|1|QFLAT07|XA04TEX|0|0|0|0
F|530|0|QFLAT07|XA04TEX|0|0|0|0
F|530|1|QFLAT07|XA04TEX|0|0|0|0
F|531|0|QFLAT07|XA04TEX|0|0|0|0
F|531|1|QFLAT07|XA04TEX|0|0|0|0
F|532|0|QFLAT07|XA04TEX|0|0|0|0
F|532|1|QFLAT07|XA04TEX|0|0|0|0
F|533|0|QFLAT07|XA04TEX|0|0|0|0
F|533|1|QFLAT07|XA04TEX|0|0|0|0
F|534|0|QFLAT07|XA04TEX|0|0|0|0
F|534|1|QFLAT07|XA04TEX|0|0|0|0
F|535|0|QFLAT07|XA04TEX|0|0|0|0
F|535|1|QFLAT07|XA04TEX|0|0|0|0
F|536|0|QFLAT07|XA04TEX|0|0|0|0
F|536|1|QFLAT07|XA04TEX|0|0|0|0
F|537|0|QFLAT07|XA04TEX|0|0|0|0
F|537|1|QFLAT07|XA04TEX|0|0|0|0
F|538|0|QFLAT07|XA04TEX|0|0|0|0
F|538|1|QFLAT07|XA04TEX|0|0|0|0
F|539|0|IKWALL44|XA01TEX|0|0|0|0
F|585|0|QFLAT07|XA04TEX|0|0|0|0
F|585|1|QFLAT07|XA04TEX|0|0|0|0
F|588|0|QFLAT04|XA25TEX|0|0|0|0
F|589|1|ADEL_F48|XA18TEX|0|0|0|0
F|591|0|ADEL_B14|XA10TEX|0|0|0|0
F|591|1|ADEL_B14|XA10TEX|0|0|0|0
F|593|0|ADEL_B01|XA30TEX|0|0|0|0
F|593|1|ADEL_B01|XA30TEX|0|0|0|0
F|600|0|QFLAT04|XA25TEX|0|0|0|0
F|601|0|QFLAT04|XA25TEX|0|0|0|0
F|601|1|QFLAT07|XA04TEX|0|0|0|0
F|602|0|QFLAT07|XA04TEX|0|0|0|0
F|602|1|QFLAT07|XA04TEX|0|0|0|0
F|603|0|QFLAT07|XA04TEX|0|0|0|0
F|603|1|QFLAT07|XA04TEX|0|0|0|0
F|604|0|QFLAT07|XA04TEX|0|0|0|0
F|604|1|QFLAT07|XA04TEX|0|0|0|0
F|605|0|ADEL_B15|XA42TEX|0|0|0|0
F|605|1|ADEL_B15|XA42TEX|0|0|0|0
F|607|0|ADEL_B15|XA42TEX|0|0|0|0
F|607|1|ADEL_B15|XA42TEX|0|0|0|0
F|608|0|ADEL_F48|XA18TEX|0|0|0|0
F|608|1|ADEL_F48|XA18TEX|0|0|0|0
F|610|0|ADEL_B14|XA10TEX|0|0|0|0
F|611|0|ADEL_B14|XA10TEX|0|0|0|0
F|614|0|ADEL_B14|XA10TEX|0|0|0|0
F|620|0|ADEL_F48|XA18TEX|0|0|0|0
F|620|1|ADEL_F48|XA18TEX|0|0|0|0
F|623|0|ADEL_F48|XA18TEX|0|0|0|0
F|623|1|ADEL_F48|XA18TEX|0|0|0|0
F|626|0|ADEL_F48|XA18TEX|0|0|0|0
F|626|1|ADEL_F48|XA18TEX|0|0|0|0
F|629|0|ADEL_F48|XA18TEX|0|0|0|0
F|629|1|ADEL_F48|XA18TEX|0|0|0|0
F|632|0|ADEL_F48|XA18TEX|0|0|0|0
F|632|1|ADEL_F48|XA18TEX|0|0|0|0
F|635|0|ADEL_F48|XA18TEX|0|0|0|0
F|635|1|ADEL_F48|XA18TEX|0|0|0|0
F|637|1|ADEL_F48|XA18TEX|0|0|0|0
F|640|1|ADEL_F48|XA18TEX|0|0|0|0
F|643|1|ADEL_F48|XA18TEX|0|0|0|0
F|646|1|ADEL_F48|XA18TEX|0|0|0|0
F|649|1|ADEL_F48|XA18TEX|0|0|0|0
F|652|1|ADEL_F48|XA18TEX|0|0|0|0
F|655|1|ADEL_F48|XA18TEX|0|0|0|0
F|658|1|ADEL_F48|XA18TEX|0|0|0|0
F|661|1|ADEL_F48|XA18TEX|0|0|0|0
F|664|1|ADEL_F48|XA18TEX|0|0|0|0
F|667|1|ADEL_F48|XA18TEX|0|0|0|0
F|670|1|ADEL_F48|XA18TEX|0|0|0|0
F|675|1|ADEL_F48|XA18TEX|0|0|0|0
F|683|1|ADEL_F48|XA18TEX|0|0|0|0
F|684|1|ADEL_F48|XA18TEX|0|0|0|0
F|685|1|ADEL_F48|XA18TEX|0|0|0|0
F|686|1|ADEL_F48|XA18TEX|0|0|0|0
F|687|1|ADEL_F48|XA18TEX|0|0|0|0
F|688|1|ADEL_F48|XA18TEX|0|0|0|0
F|689|1|ADEL_F48|XA18TEX|0|0|0|0
F|690|1|ADEL_F48|XA18TEX|0|0|0|0
F|691|1|ADEL_F48|XA18TEX|0|0|0|0
F|692|1|ADEL_F48|XA18TEX|0|0|0|0
F|693|1|ADEL_F48|XA18TEX|0|0|0|0
F|694|1|ADEL_F48|XA18TEX|0|0|0|0
F|695|1|ADEL_F48|XA18TEX|0|0|0|0
F|696|1|ADEL_F48|XA18TEX|0|0|0|0
F|697|1|ADEL_F48|XA18TEX|0|0|0|0
F|698|1|ADEL_F48|XA18TEX|0|0|0|0
F|699|1|ADEL_F48|XA18TEX|0|0|0|0
F|700|1|ADEL_F48|XA18TEX|0|0|0|0
F|701|1|ADEL_F48|XA18TEX|0|0|0|0
F|702|1|ADEL_F48|XA18TEX|0|0|0|0
F|703|1|ADEL_F48|XA18TEX|0|0|0|0
F|704|1|ADEL_F48|XA18TEX|0|0|0|0
F|705|1|ADEL_F48|XA18TEX|0|0|0|0
F|706|1|ADEL_F48|XA18TEX|0|0|0|0
F|707|1|ADEL_F48|XA18TEX|0|0|0|0
F|708|1|ADEL_F48|XA18TEX|0|0|0|0
F|709|1|ADEL_F48|XA18TEX|0|0|0|0
F|710|1|ADEL_F48|XA18TEX|0|0|0|0
F|711|1|ADEL_F48|XA18TEX|0|0|0|0
F|712|1|ADEL_F48|XA18TEX|0|0|0|0
F|713|1|ADEL_F48|XA18TEX|0|0|0|0
F|714|1|ADEL_F48|XA18TEX|0|0|0|0
F|715|1|ADEL_F48|XA18TEX|0|0|0|0
F|716|1|ADEL_F48|XA18TEX|0|0|0|0
F|717|1|ADEL_F48|XA18TEX|0|0|0|0
F|718|1|ADEL_F48|XA18TEX|0|0|0|0
F|719|1|ADEL_F48|XA18TEX|0|0|0|0
F|720|1|ADEL_F48|XA18TEX|0|0|0|0
F|721|1|ADEL_F48|XA18TEX|0|0|0|0
F|722|1|ADEL_F48|XA18TEX|0|0|0|0
F|723|1|ADEL_F48|XA18TEX|0|0|0|0
F|724|1|ADEL_F48|XA18TEX|0|0|0|0
F|725|1|ADEL_F48|XA18TEX|0|0|0|0
F|726|1|ADEL_F48|XA18TEX|0|0|0|0
F|727|1|ADEL_F48|XA18TEX|0|0|0|0
F|728|1|ADEL_F48|XA18TEX|0|0|0|0
F|729|1|ADEL_F48|XA18TEX|0|0|0|0
F|730|1|ADEL_F48|XA18TEX|0|0|0|0
F|732|1|ADEL_F48|XA18TEX|0|0|0|0
F|733|1|ADEL_F48|XA18TEX|0|0|0|0
F|734|1|ADEL_F48|XA18TEX|0|0|0|0
F|735|1|ADEL_F48|XA18TEX|0|0|0|0
F|736|1|ADEL_F48|XA18TEX|0|0|0|0
F|737|1|ADEL_F48|XA18TEX|0|0|0|0
F|738|1|ADEL_F48|XA18TEX|0|0|0|0
F|739|1|ADEL_F48|XA18TEX|0|0|0|0
F|740|1|ADEL_F48|XA18TEX|0|0|0|0
F|741|1|ADEL_F48|XA18TEX|0|0|0|0
F|742|1|ADEL_F48|XA18TEX|0|0|0|0
F|743|1|ADEL_F48|XA18TEX|0|0|0|0
F|744|1|ADEL_F48|XA18TEX|0|0|0|0
F|745|1|ADEL_F48|XA18TEX|0|0|0|0
F|746|1|ADEL_F48|XA18TEX|0|0|0|0
F|747|1|ADEL_F48|XA18TEX|0|0|0|0
F|748|1|ADEL_F48|XA18TEX|0|0|0|0
F|749|1|ADEL_F48|XA18TEX|0|0|0|0
F|750|1|ADEL_F48|XA18TEX|0|0|0|0
F|751|1|ADEL_F48|XA18TEX|0|0|0|0
F|752|1|ADEL_F48|XA18TEX|0|0|0|0
F|753|1|ADEL_F48|XA18TEX|0|0|0|0
F|754|1|ADEL_F48|XA18TEX|0|0|0|0
F|755|1|ADEL_F48|XA18TEX|0|0|0|0
F|756|1|ADEL_F48|XA18TEX|0|0|0|0
F|757|1|ADEL_F48|XA18TEX|0|0|0|0
F|758|1|ADEL_F48|XA18TEX|0|0|0|0
F|759|1|ADEL_F48|XA18TEX|0|0|0|0
F|760|1|ADEL_F48|XA18TEX|0|0|0|0
F|761|1|ADEL_F48|XA18TEX|0|0|0|0
F|762|1|ADEL_F48|XA18TEX|0|0|0|0
F|763|1|ADEL_F48|XA18TEX|0|0|0|0
F|764|1|ADEL_F48|XA18TEX|0|0|0|0
F|765|1|ADEL_F48|XA18TEX|0|0|0|0
F|766|1|ADEL_F48|XA18TEX|0|0|0|0
F|767|1|ADEL_F48|XA18TEX|0|0|0|0
F|768|1|ADEL_F48|XA18TEX|0|0|0|0
F|769|1|ADEL_F48|XA18TEX|0|0|0|0
F|770|1|ADEL_F48|XA18TEX|0|0|0|0
F|771|1|ADEL_F48|XA18TEX|0|0|0|0
F|772|1|ADEL_F48|XA18TEX|0|0|0|0
F|773|1|ADEL_F48|XA18TEX|0|0|0|0
F|774|1|ADEL_F48|XA18TEX|0|0|0|0
F|775|1|ADEL_F48|XA18TEX|0|0|0|0
F|776|1|ADEL_F48|XA18TEX|0|0|0|0
F|777|1|ADEL_F48|XA18TEX|0|0|0|0
F|778|1|ADEL_F48|XA18TEX|0|0|0|0
F|779|1|ADEL_F48|XA18TEX|0|0|0|0
F|780|1|ADEL_F48|XA18TEX|0|0|0|0
F|781|1|ADEL_F48|XA18TEX|0|0|0|0
F|782|1|ADEL_F48|XA18TEX|0|0|0|0
F|783|1|ADEL_F48|XA18TEX|0|0|0|0
F|784|1|ADEL_F48|XA18TEX|0|0|0|0
F|785|1|ADEL_F48|XA18TEX|0|0|0|0
F|788|1|ADEL_F48|XA18TEX|0|0|0|0
F|789|1|ADEL_F48|XA18TEX|0|0|0|0
F|790|1|ADEL_F48|XA18TEX|0|0|0|0
F|791|1|ADEL_F48|XA18TEX|0|0|0|0
F|792|1|ADEL_F48|XA18TEX|0|0|0|0
F|793|1|ADEL_F48|XA18TEX|0|0|0|0
F|794|1|ADEL_F48|XA18TEX|0|0|0|0
F|795|1|ADEL_F48|XA18TEX|0|0|0|0
F|796|1|ADEL_F48|XA18TEX|0|0|0|0
F|797|1|ADEL_F48|XA18TEX|0|0|0|0
F|798|1|ADEL_F48|XA18TEX|0|0|0|0
F|799|1|ADEL_F48|XA18TEX|0|0|0|0
F|800|0|ADEL_F48|XA18TEX|0|0|0|0
F|800|1|ADEL_B14|XA10TEX|0|0|0|0
F|802|0|ADEL_F48|XA18TEX|0|0|0|0
F|806|0|QFLAT07|XA04TEX|0|0|0|0
F|828|0|ADEL_F48|XA18TEX|0|0|0|0
F|828|1|ADEL_B14|XA10TEX|0|0|0|0
F|832|1|ADEL_F48|XA18TEX|0|0|0|0
F|833|1|ADEL_F48|XA18TEX|0|0|0|0
F|834|1|ADEL_F48|XA18TEX|0|0|0|0
F|835|1|ADEL_F48|XA18TEX|0|0|0|0
F|836|0|ADEL_F48|XA18TEX|0|0|0|0
F|836|1|ADEL_B14|XA10TEX|0|0|0|0
F|837|0|ADEL_F48|XA18TEX|0|0|0|0
F|837|1|ADEL_B14|XA10TEX|0|0|0|0
F|838|0|ADEL_F48|XA18TEX|0|0|0|0
F|839|0|ADEL_F48|XA18TEX|0|0|0|0
F|840|1|ADEL_F48|XA18TEX|0|0|0|0
F|869|1|ADEL_F48|XA18TEX|0|0|0|0
F|871|1|ADEL_F48|XA18TEX|0|0|0|0
F|876|0|ADEL_F48|XA18TEX|0|0|0|0
F|877|0|ADEL_F48|XA18TEX|0|0|0|0
F|878|0|ADEL_F48|XA18TEX|0|0|0|0
F|878|1|ADEL_F48|XA18TEX|0|0|0|0
F|879|0|ADEL_F48|XA18TEX|0|0|0|0
F|879|1|ADEL_F48|XA18TEX|0|0|0|0
F|880|0|ADEL_F48|XA18TEX|0|0|0|0
F|880|1|ADEL_F48|XA18TEX|0|0|0|0
F|881|0|ADEL_F48|XA18TEX|0|0|0|0
F|881|1|ADEL_F48|XA18TEX|0|0|0|0
F|882|0|ADEL_F48|XA18TEX|0|0|0|0
F|882|1|ADEL_F48|XA18TEX|0|0|0|0
F|883|0|ADEL_F48|XA18TEX|0|0|0|0
F|883|1|ADEL_F48|XA18TEX|0|0|0|0
F|884|0|ADEL_F48|XA18TEX|0|0|0|0
F|884|1|ADEL_F48|XA18TEX|0|0|0|0
F|885|0|ADEL_F48|XA18TEX|0|0|0|0
F|885|1|ADEL_F48|XA18TEX|0|0|0|0
F|886|0|ADEL_F48|XA18TEX|0|0|0|0
F|886|1|ADEL_F48|XA18TEX|0|0|0|0
F|887|1|ADEL_F48|XA18TEX|0|0|0|0
F|888|0|ADEL_F48|XA18TEX|0|0|0|0
F|888|1|ADEL_F48|XA18TEX|0|0|0|0
F|890|0|ADEL_F48|XA18TEX|0|0|0|0
F|902|0|ADEL_B01|XA30TEX|0|0|0|0
F|902|1|ADEL_B01|XA30TEX|0|0|0|0
F|903|1|ADEL_F48|XA18TEX|0|0|0|0
F|919|0|ADEL_B14|XA10TEX|0|0|0|0
F|919|1|ADEL_B14|XA10TEX|0|0|0|0
F|921|0|ADEL_B14|XA10TEX|0|0|0|0
F|921|1|ADEL_B14|XA10TEX|0|0|0|0
F|922|0|ADEL_F48|XA18TEX|0|0|0|0
F|922|1|ADEL_F48|XA18TEX|0|0|0|0
F|927|0|ADEL_B01|XA30TEX|0|0|0|0
F|927|1|ADEL_B01|XA30TEX|0|0|0|0
F|930|0|ADEL_B15|XA42TEX|0|0|0|0
F|930|1|ADEL_F48|XA18TEX|0|0|0|0
F|936|1|ADEL_F48|XA18TEX|0|0|0|0
F|945|1|IKWALL44|XA01TEX|0|0|0|0
F|946|1|IKWALL44|XA01TEX|0|0|0|0
F|948|1|ADEL_F48|XA18TEX|0|0|0|0
F|949|1|ADEL_F48|XA18TEX|0|0|0|0
F|950|0|ADEL_F48|XA18TEX|0|0|0|0
F|950|1|ADEL_F48|XA18TEX|0|0|0|0
F|952|0|ADEL_F48|XA18TEX|0|0|0|0
F|952|1|ADEL_F48|XA18TEX|0|0|0|0
F|954|0|ADEL_B14|XA10TEX|0|0|0|0
F|954|1|ADEL_B14|XA10TEX|0|0|0|0
F|955|0|ADEL_B14|XA10TEX|0|0|0|0
F|955|1|ADEL_B14|XA10TEX|0|0|0|0
F|957|0|ADEL_F48|XA18TEX|0|0|0|0
F|957|1|ADEL_F48|XA18TEX|0|0|0|0
F|961|0|ADEL_F48|XA18TEX|0|0|0|0
F|961|1|ADEL_F48|XA18TEX|0|0|0|0
F|968|1|IKWALL44|XA01TEX|0|0|0|0
F|975|1|ADEL_F48|XA18TEX|0|0|0|0
F|976|1|ADEL_F48|XA18TEX|0|0|0|0
F|980|1|ADEL_F48|XA18TEX|0|0|0|0
F|994|1|ADEL_F48|XA18TEX|0|0|0|0
F|995|1|ADEL_F48|XA18TEX|0|0|0|0
F|1000|1|ADEL_F48|XA18TEX|0|0|0|0
F|1001|1|ADEL_F48|XA18TEX|0|0|0|0
F|1004|1|ADEL_F48|XA18TEX|0|0|0|0
F|1006|1|ADEL_F48|XA18TEX|0|0|0|0
F|1009|1|ADEL_F48|XA18TEX|0|0|0|0
F|1011|1|ADEL_F48|XA18TEX|0|0|0|0
F|1014|1|ADEL_F48|XA18TEX|0|0|0|0
F|1015|1|ADEL_F48|XA18TEX|0|0|0|0
F|1017|1|ADEL_F48|XA18TEX|0|0|0|0
F|1020|1|ADEL_F48|XA18TEX|0|0|0|0
F|1022|1|ADEL_F48|XA18TEX|0|0|0|0
F|1023|1|ADEL_F48|XA18TEX|0|0|0|0
F|1024|1|ADEL_F48|XA18TEX|0|0|0|0
F|1025|1|ADEL_F48|XA18TEX|0|0|0|0
F|1026|1|ADEL_F48|XA18TEX|0|0|0|0
F|1027|1|ADEL_F48|XA18TEX|0|0|0|0
F|1028|1|ADEL_F48|XA18TEX|0|0|0|0
F|1029|1|ADEL_F48|XA18TEX|0|0|0|0
F|1030|1|ADEL_F48|XA18TEX|0|0|0|0
F|1031|1|ADEL_F48|XA18TEX|0|0|0|0
F|1032|1|ADEL_F48|XA18TEX|0|0|0|0
F|1033|1|ADEL_F48|XA18TEX|0|0|0|0
F|1034|1|ADEL_F48|XA18TEX|0|0|0|0
F|1035|1|ADEL_F48|XA18TEX|0|0|0|0
F|1036|1|ADEL_F48|XA18TEX|0|0|0|0
F|1037|1|ADEL_F48|XA18TEX|0|0|0|0
F|1038|1|ADEL_F48|XA18TEX|0|0|0|0
F|1039|1|ADEL_F48|XA18TEX|0|0|0|0
F|1040|0|ADEL_F48|XA18TEX|0|0|0|0
F|1040|1|ADEL_F48|XA18TEX|0|0|0|0
F|1043|0|ADEL_F48|XA18TEX|0|0|0|0
F|1043|1|ADEL_F48|XA18TEX|0|0|0|0
F|1046|0|ADEL_F48|XA18TEX|0|0|0|0
F|1046|1|ADEL_F48|XA18TEX|0|0|0|0
F|1049|0|ADEL_F48|XA18TEX|0|0|0|0
F|1049|1|ADEL_F48|XA18TEX|0|0|0|0
F|1052|0|ADEL_F48|XA18TEX|0|0|0|0
F|1052|1|ADEL_F48|XA18TEX|0|0|0|0
F|1055|0|ADEL_F48|XA18TEX|0|0|0|0
F|1055|1|ADEL_F48|XA18TEX|0|0|0|0
F|1075|1|ADEL_F48|XA18TEX|0|0|0|0
F|1076|1|ADEL_F48|XA18TEX|0|0|0|0
F|1077|1|ADEL_F48|XA18TEX|0|0|0|0
F|1078|1|ADEL_F48|XA18TEX|0|0|0|0
F|1079|1|ADEL_F48|XA18TEX|0|0|0|0
F|1080|1|ADEL_F48|XA18TEX|0|0|0|0
F|1081|1|ADEL_F48|XA18TEX|0|0|0|0
F|1082|1|ADEL_F48|XA18TEX|0|0|0|0
F|1083|1|ADEL_F48|XA18TEX|0|0|0|0
F|1084|1|ADEL_F48|XA18TEX|0|0|0|0
F|1085|1|ADEL_F48|XA18TEX|0|0|0|0
F|1086|1|ADEL_F48|XA18TEX|0|0|0|0
F|1087|1|ADEL_F48|XA18TEX|0|0|0|0
F|1088|1|ADEL_F48|XA18TEX|0|0|0|0
F|1089|1|ADEL_F48|XA18TEX|0|0|0|0
F|1090|1|ADEL_F48|XA18TEX|0|0|0|0
F|1091|1|ADEL_F48|XA18TEX|0|0|0|0
F|1092|1|ADEL_F48|XA18TEX|0|0|0|0
F|1093|1|ADEL_F48|XA18TEX|0|0|0|0
F|1094|1|ADEL_F48|XA18TEX|0|0|0|0
F|1095|1|ADEL_F48|XA18TEX|0|0|0|0
F|1096|1|ADEL_F48|XA18TEX|0|0|0|0
F|1097|1|ADEL_F48|XA18TEX|0|0|0|0
F|1098|1|ADEL_F48|XA18TEX|0|0|0|0
F|1099|1|ADEL_F48|XA18TEX|0|0|0|0
F|1100|0|ADEL_B14|XA10TEX|0|0|0|0
F|1100|1|ADEL_B14|XA10TEX|0|0|0|0
F|1101|0|ADEL_F48|XA18TEX|0|0|0|0
F|1101|1|ADEL_F48|XA18TEX|0|0|0|0
F|1102|0|ADEL_B14|XA10TEX|0|0|0|0
F|1102|1|ADEL_F48|XA18TEX|0|0|0|0
F|1139|0|ADEL_F48|XA18TEX|0|0|0|0
F|1139|1|ADEL_F48|XA18TEX|0|0|0|0
F|1157|0|ADEL_F48|XA18TEX|0|0|0|0
F|1157|1|ADEL_F48|XA18TEX|0|0|0|0
F|1158|0|ADEL_F48|XA18TEX|0|0|0|0
F|1158|1|ADEL_F48|XA18TEX|0|0|0|0
F|1159|0|ADEL_F48|XA18TEX|0|0|0|0
F|1159|1|ADEL_F48|XA18TEX|0|0|0|0
F|1160|0|ADEL_F48|XA18TEX|0|0|0|0
F|1160|1|ADEL_F48|XA18TEX|0|0|0|0
F|1161|0|ADEL_F48|XA18TEX|0|0|0|0
F|1161|1|ADEL_F48|XA18TEX|0|0|0|0
F|1169|0|ADEL_F48|XA18TEX|0|0|0|0
F|1172|0|ADEL_F48|XA18TEX|0|0|0|0
F|1172|1|ADEL_F48|XA18TEX|0|0|0|0
F|1173|0|ADEL_F48|XA18TEX|0|0|0|0
F|1173|1|ADEL_F48|XA18TEX|0|0|0|0
F|1174|0|ADEL_F48|XA18TEX|0|0|0|0
F|1174|1|ADEL_F48|XA18TEX|0|0|0|0
F|1175|0|ADEL_F48|XA18TEX|0|0|0|0
F|1175|1|ADEL_F48|XA18TEX|0|0|0|0
F|1176|0|ADEL_F48|XA18TEX|0|0|0|0
F|1176|1|ADEL_F48|XA18TEX|0|0|0|0
F|1184|0|ADEL_F48|XA18TEX|0|0|0|0
F|1185|0|ADEL_F48|XA18TEX|0|0|0|0
F|1185|1|ADEL_F48|XA18TEX|0|0|0|0
F|1188|0|ADEL_F48|XA18TEX|0|0|0|0
F|1188|1|ADEL_F48|XA18TEX|0|0|0|0
F|1189|0|ADEL_F48|XA18TEX|0|0|0|0
F|1189|1|ADEL_F48|XA18TEX|0|0|0|0
F|1190|0|ADEL_F48|XA18TEX|0|0|0|0
F|1190|1|ADEL_F48|XA18TEX|0|0|0|0
F|1191|0|ADEL_F48|XA18TEX|0|0|0|0
F|1191|1|ADEL_F48|XA18TEX|0|0|0|0
F|1199|0|ADEL_F48|XA18TEX|0|0|0|0
F|1202|0|ADEL_F48|XA18TEX|0|0|0|0
F|1202|1|ADEL_F48|XA18TEX|0|0|0|0
F|1203|0|ADEL_F48|XA18TEX|0|0|0|0
F|1203|1|ADEL_F48|XA18TEX|0|0|0|0
F|1204|0|ADEL_F48|XA18TEX|0|0|0|0
F|1204|1|ADEL_F48|XA18TEX|0|0|0|0
F|1205|0|ADEL_F48|XA18TEX|0|0|0|0
F|1205|1|ADEL_F48|XA18TEX|0|0|0|0
F|1206|0|ADEL_F48|XA18TEX|0|0|0|0
F|1206|1|ADEL_F48|XA18TEX|0|0|0|0
F|1214|0|ADEL_F48|XA18TEX|0|0|0|0
F|1215|0|ADEL_F48|XA18TEX|0|0|0|0
F|1215|1|ADEL_F48|XA18TEX|0|0|0|0
F|1218|0|ADEL_F48|XA18TEX|0|0|0|0
F|1218|1|ADEL_F48|XA18TEX|0|0|0|0
F|1219|0|ADEL_F48|XA18TEX|0|0|0|0
F|1219|1|ADEL_F48|XA18TEX|0|0|0|0
F|1220|0|ADEL_F48|XA18TEX|0|0|0|0
F|1220|1|ADEL_F48|XA18TEX|0|0|0|0
F|1221|0|ADEL_F48|XA18TEX|0|0|0|0
F|1221|1|ADEL_F48|XA18TEX|0|0|0|0
F|1229|0|ADEL_F48|XA18TEX|0|0|0|0
F|1230|0|ADEL_F48|XA18TEX|0|0|0|0
F|1230|1|ADEL_F48|XA18TEX|0|0|0|0
F|1233|0|ADEL_F48|XA18TEX|0|0|0|0
F|1233|1|ADEL_F48|XA18TEX|0|0|0|0
F|1234|0|ADEL_F48|XA18TEX|0|0|0|0
F|1234|1|ADEL_F48|XA18TEX|0|0|0|0
F|1235|0|ADEL_F48|XA18TEX|0|0|0|0
F|1235|1|ADEL_F48|XA18TEX|0|0|0|0
F|1236|0|ADEL_F48|XA18TEX|0|0|0|0
F|1236|1|ADEL_F48|XA18TEX|0|0|0|0
F|1244|0|ADEL_F48|XA18TEX|0|0|0|0
F|1245|0|ADEL_F48|XA18TEX|0|0|0|0
F|1245|1|ADEL_F48|XA18TEX|0|0|0|0
F|1248|0|ADEL_F48|XA18TEX|0|0|0|0
F|1248|1|ADEL_F48|XA18TEX|0|0|0|0
F|1249|0|ADEL_F48|XA18TEX|0|0|0|0
F|1249|1|ADEL_F48|XA18TEX|0|0|0|0
F|1250|0|ADEL_F48|XA18TEX|0|0|0|0
F|1250|1|ADEL_F48|XA18TEX|0|0|0|0
F|1251|0|ADEL_F48|XA18TEX|0|0|0|0
F|1251|1|ADEL_F48|XA18TEX|0|0|0|0
F|1259|0|ADEL_F48|XA18TEX|0|0|0|0
F|1262|0|ADEL_F48|XA18TEX|0|0|0|0
F|1262|1|ADEL_F48|XA18TEX|0|0|0|0
F|1264|0|ADEL_F48|XA18TEX|0|0|0|0
F|1264|1|ADEL_F48|XA18TEX|0|0|0|0
F|1265|0|ADEL_F48|XA18TEX|0|0|0|0
F|1265|1|ADEL_F48|XA18TEX|0|0|0|0
F|1266|1|ADEL_F48|XA18TEX|0|0|0|0
F|1267|0|ADEL_F48|XA18TEX|0|0|0|0
F|1267|1|ADEL_F48|XA18TEX|0|0|0|0
F|1268|0|ADEL_F48|XA18TEX|0|0|0|0
F|1268|1|ADEL_F48|XA18TEX|0|0|0|0
F|1281|1|ADEL_F48|XA18TEX|0|0|0|0
F|1282|0|ADEL_F48|XA18TEX|0|0|0|0
F|1282|1|ADEL_F48|XA18TEX|0|0|0|0
F|1283|0|ADEL_F48|XA18TEX|0|0|0|0
F|1283|1|ADEL_F48|XA18TEX|0|0|0|0
F|1284|0|ADEL_F48|XA18TEX|0|0|0|0
F|1284|1|ADEL_F48|XA18TEX|0|0|0|0
F|1285|1|ADEL_F48|XA18TEX|0|0|0|0
F|1286|0|ADEL_F48|XA18TEX|0|0|0|0
F|1286|1|ADEL_F48|XA18TEX|0|0|0|0
F|1287|1|ADEL_F48|XA18TEX|0|0|0|0
F|1288|0|ADEL_F48|XA18TEX|0|0|0|0
F|1288|1|ADEL_F48|XA18TEX|0|0|0|0
F|1298|1|ADEL_B14|XA10TEX|0|0|0|0
F|1299|1|ADEL_B14|XA10TEX|0|0|0|0
F|1300|1|ADEL_B14|XA10TEX|0|0|0|0
F|1304|1|ADEL_B14|XA10TEX|0|0|0|0
F|1305|1|ADEL_B14|XA10TEX|0|0|0|0
F|1306|1|ADEL_B14|XA10TEX|0|0|0|0
F|1309|0|ADEL_F48|XA18TEX|0|0|0|0
F|1309|1|ADEL_F48|XA18TEX|0|0|0|0
F|1310|0|ADEL_F48|XA18TEX|0|0|0|0
F|1310|1|ADEL_F48|XA18TEX|0|0|0|0
F|1311|0|ADEL_F48|XA18TEX|0|0|0|0
F|1311|1|ADEL_F48|XA18TEX|0|0|0|0
F|1312|0|ADEL_F48|XA18TEX|0|0|0|0
F|1312|1|ADEL_F48|XA18TEX|0|0|0|0
F|1313|0|ADEL_F48|XA18TEX|0|0|0|0
F|1313|1|ADEL_F48|XA18TEX|0|0|0|0
F|1321|0|ADEL_F48|XA18TEX|0|0|0|0
F|1324|0|ADEL_F48|XA18TEX|0|0|0|0
F|1324|1|ADEL_F48|XA18TEX|0|0|0|0
F|1325|0|ADEL_F48|XA18TEX|0|0|0|0
F|1325|1|ADEL_F48|XA18TEX|0|0|0|0
F|1326|0|ADEL_F48|XA18TEX|0|0|0|0
F|1326|1|ADEL_F48|XA18TEX|0|0|0|0
F|1327|0|ADEL_F48|XA18TEX|0|0|0|0
F|1327|1|ADEL_F48|XA18TEX|0|0|0|0
F|1328|0|ADEL_F48|XA18TEX|0|0|0|0
F|1328|1|ADEL_F48|XA18TEX|0|0|0|0
F|1336|0|ADEL_F48|XA18TEX|0|0|0|0
F|1340|0|ADEL_F48|XA18TEX|0|0|0|0
F|1340|1|ADEL_F48|XA18TEX|0|0|0|0
F|1341|0|ADEL_F48|XA18TEX|0|0|0|0
F|1341|1|ADEL_F48|XA18TEX|0|0|0|0
F|1342|0|ADEL_F48|XA18TEX|0|0|0|0
F|1342|1|ADEL_F48|XA18TEX|0|0|0|0
F|1343|0|ADEL_F48|XA18TEX|0|0|0|0
F|1343|1|ADEL_F48|XA18TEX|0|0|0|0
F|1344|0|ADEL_F48|XA18TEX|0|0|0|0
F|1344|1|ADEL_F48|XA18TEX|0|0|0|0
F|1352|0|ADEL_F48|XA18TEX|0|0|0|0
F|1353|0|ADEL_F48|XA18TEX|0|0|0|0
F|1353|1|ADEL_F48|XA18TEX|0|0|0|0
F|1399|0|QROCK4|QROCK4X8|0|0|0|0
F|1400|0|QROCK4|QROCK4X8|0|0|0|0
F|1401|0|QROCK4|QROCK4X8|0|0|0|0
F|1402|0|QFLAT04|XA25TEX|0|0|0|0
F|1402|1|QFLAT07|XA04TEX|0|0|0|0
F|1403|0|ADEL_F48|XA18TEX|0|0|0|0
F|1403|1|ADEL_F48|XA18TEX|0|0|0|0
F|1405|0|ADEL_F48|XA18TEX|0|0|0|0
F|1405|1|ADEL_F48|XA18TEX|0|0|0|0
F|1406|0|QFLAT04|XA25TEX|0|0|0|0
F|1406|1|QFLAT07|XA04TEX|0|0|0|0
F|1407|0|QFLAT04|XA25TEX|0|0|0|0
F|1407|1|QFLAT07|XA04TEX|0|0|0|0
F|1408|0|QFLAT04|XA25TEX|0|0|0|0
F|1409|0|QFLAT04|XA25TEX|0|0|0|0
F|1410|0|QFLAT04|XA25TEX|0|0|0|0
F|1411|0|QFLAT04|XA25TEX|0|0|0|0
F|1412|0|QFLAT07|XA04TEX|0|0|0|0
F|1415|0|QFLAT07|XA04TEX|0|0|0|0
F|1415|1|QFLAT07|XA04TEX|0|0|0|0
F|1416|0|QFLAT07|XA04TEX|0|0|0|0
F|1416|1|QFLAT07|XA04TEX|0|0|0|0
F|1417|0|QFLAT07|XA04TEX|0|0|0|0
F|1418|0|QFLAT07|XA04TEX|0|0|0|0
F|1419|0|IKWALL44|XA01TEX|0|0|0|0
F|1420|0|QFLAT07|XA04TEX|0|0|0|0
W|1279|0|1|ADEL_B01|XA30TEX|9|384|0|1|1|-55|0|-1904|7872|-1872|7872|593|-1|1
W|1327|0|1|ADEL_B01|XA30TEX|41|384|0|1|1|-23|0|-1872|7872|-1856|7856|593|-1|1
W|1708|0|1|ADEL_B01|XA30TEX|63.627416998|384|0|1|1|0|0|-1856|7856|-1856|7824|593|-1|1
W|1541|0|1|ADEL_B01|XA30TEX|95.627416998|384|0|1|1|32|0|-1856|7824|-1872|7808|593|-1|1
W|1560|0|1|ADEL_B01|XA30TEX|118.254833996|384|0|1|1|55|0|-1872|7808|-1904|7808|593|-1|1
W|1280|0|1|ADEL_B01|XA30TEX|9|512|0|1|1|-55|0|-1792|8336|-1792|8368|927|-1|1
W|1450|0|1|ADEL_B01|XA30TEX|41|512|0|1|1|-23|0|-1792|8368|-1776|8384|927|-1|1
W|1602|0|1|ADEL_B01|XA30TEX|63.627416998|512|0|1|1|0|0|-1776|8384|-1744|8384|927|-1|1
W|1475|0|1|ADEL_B01|XA30TEX|95.627416998|512|0|1|1|32|0|-1744|8384|-1728|8368|927|-1|1
W|1537|0|1|ADEL_B01|XA30TEX|118.254833996|512|0|1|1|55|0|-1728|8368|-1728|8336|927|-1|1
W|1511|0|1|ADEL_B01|XA30TEX|9|384|0|1|1|-55|0|-1792|7696|-1792|7728|387|-1|1
W|1701|0|1|ADEL_B01|XA30TEX|41|384|0|1|1|-23|0|-1792|7728|-1776|7744|387|-1|1
W|3433|0|1|ADEL_B01|XA30TEX|63.627416998|384|0|1|1|0|0|-1776|7744|-1744|7744|387|-1|1
W|1361|0|1|ADEL_B01|XA30TEX|95.627416998|384|0|1|1|32|0|-1744|7744|-1728|7728|387|-1|1
W|1664|0|1|ADEL_B01|XA30TEX|118.254833996|384|0|1|1|55|0|-1728|7728|-1728|7696|387|-1|1
W|1631|0|1|ADEL_B01|XA30TEX|9|384|0|1|1|-55|0|-1728|7344|-1728|7312|390|-1|1
W|3445|0|1|ADEL_B01|XA30TEX|41|384|0|1|1|-23|0|-1728|7312|-1744|7296|390|-1|1
W|1651|0|1|ADEL_B01|XA30TEX|63.627416998|384|0|1|1|0|0|-1744|7296|-1776|7296|390|-1|1
W|1297|0|1|ADEL_B01|XA30TEX|95.627416998|384|0|1|1|32|0|-1776|7296|-1792|7312|390|-1|1
W|1408|0|1|ADEL_B01|XA30TEX|118.254833996|384|0|1|1|55|0|-1792|7312|-1792|7344|390|-1|1
W|1663|0|1|ADEL_B01|XA30TEX|9|512|0|1|1|-55|0|-1728|7984|-1728|7952|902|-1|1
W|1674|0|1|ADEL_B01|XA30TEX|41|512|0|1|1|-23|0|-1728|7952|-1744|7936|902|-1|1
W|1710|0|1|ADEL_B01|XA30TEX|63.627416998|512|0|1|1|0|0|-1744|7936|-1776|7936|902|-1|1
W|1356|0|1|ADEL_B01|XA30TEX|95.627416998|512|0|1|1|32|0|-1776|7936|-1792|7952|902|-1|1
W|1362|0|1|ADEL_B01|XA30TEX|118.254833996|512|0|1|1|55|0|-1792|7952|-1792|7984|902|-1|1
W|1718|0|1|ADEL_B01|XA30TEX|9|384|0|1|1|-55|0|-2256|7808|-2288|7808|360|-1|1
W|1825|0|1|ADEL_B01|XA30TEX|41|384|0|1|1|-23|0|-2288|7808|-2304|7824|360|-1|1
W|1677|0|1|ADEL_B01|XA30TEX|63.627416998|384|0|1|1|0|0|-2304|7824|-2304|7856|360|-1|1
W|1320|0|1|ADEL_B01|XA30TEX|95.627416998|384|0|1|1|32|0|-2304|7856|-2288|7872|360|-1|1
W|1330|0|1|ADEL_B01|XA30TEX|118.254833996|384|0|1|1|55|0|-2288|7872|-2256|7872|360|-1|1
W|39|1|2|ADEL_B14|XA10TEX|0|256|0|1|1|0|0|-1536|6592|-1568|6592|470|11|1
W|119|1|2|ADEL_B14|XA10TEX|32|256|0|1|1|0|0|-1568|6592|-1568|6528|1|11|1
W|44|1|2|ADEL_B14|XA10TEX|0|256|0|1|1|0|0|1600|6336|1568|6336|470|77|1
W|363|1|2|ADEL_B14|XA10TEX|32|256|0|1|1|0|0|1568|6336|1568|6272|1|77|1
W|72|1|2|ADEL_B14|XA10TEX|0|256|0|1|1|0|0|-1216|5504|-1184|5504|9|13|1
W|144|1|2|ADEL_B14|XA10TEX|32|256|0|1|1|0|0|-1184|5504|-1184|5568|1|13|1
W|79|0|2|ADEL_B14|XA10TEX|54|384|0|1|1|54|0|-2464|4192|-2464|4128|1|130|1
W|79|1|2|ADEL_B14|XA10TEX|0|768|0|1|1|0|0|-2464|4128|-2464|4192|130|1|1
W|81|1|2|ADEL_B14|XA10TEX|0|256|0|1|1|0|0|-1568|5568|-1568|5504|1|44|1
W|83|1|2|ADEL_B14|XA10TEX|64|256|0|1|1|0|0|-1568|5504|-1536|5504|9|44|1
W|82|1|2|ADEL_B14|XA10TEX|0|256|0|1|1|0|0|-1184|6528|-1184|6592|1|10|1
W|85|1|2|ADEL_B14|XA10TEX|64|256|0|1|1|0|0|-1184|6592|-1216|6592|470|10|1
W|83|0|2|ADEL_B14|XA10TEX|0|768|0|1|1|0|0|-1536|5504|-1568|5504|44|9|1
W|81|0|2|ADEL_B14|XA10TEX|32|768|0|1|1|0|0|-1568|5504|-1568|5568|44|1|1
W|84|0|2|ADEL_B14|XA10TEX|0|128|0|1|1|0|0|-1216|6592|-1536|6592|600|12|1
W|84|1|2|ADEL_B14|XA10TEX|0|768|0|1|1|0|0|-1536|6592|-1216|6592|12|600|1
W|85|0|2|ADEL_B14|XA10TEX|0|768|0|1|1|0|0|-1216|6592|-1184|6592|10|470|1
W|82|0|2|ADEL_B14|XA10TEX|32|768|0|1|1|0|0|-1184|6592|-1184|6528|10|1|1
W|86|0|2|ADEL_B14|XA10TEX|0|128|0|1|1|0|0|-1536|5504|-1216|5504|588|12|1
W|86|1|2|ADEL_B14|XA10TEX|0|768|0|1|1|0|0|-1216|5504|-1536|5504|12|588|1
W|87|0|2|ADEL_B14|XA10TEX|0|768|0|1|1|0|0|-1216|5504|-1216|5568|13|12|1
W|87|1|2|ADEL_B14|XA10TEX|0|256|0|1|1|0|0|-1216|5568|-1216|5504|12|13|1
W|88|0|2|ADEL_B14|XA10TEX|0|768|0|1|1|0|0|-1536|6592|-1536|6528|11|12|1
W|88|1|2|ADEL_B14|XA10TEX|0|256|0|1|1|0|0|-1536|6528|-1536|6592|12|11|1
W|89|0|2|ADEL_B14|XA10TEX|0|768|0|1|1|0|0|-1568|5568|-1568|5632|43|1|1
W|89|1|2|ADEL_B14|XA10TEX|0|128|0|1|1|0|0|-1568|5632|-1568|5568|1|43|1
W|90|0|2|ADEL_B14|XA10TEX|0|768|0|1|1|0|0|-1536|5568|-1536|5504|44|12|1
W|90|1|2|ADEL_B14|XA10TEX|0|256|0|1|1|0|0|-1536|5504|-1536|5568|12|44|1
W|91|0|2|ADEL_B14|XA10TEX|0|768|0|1|1|0|0|-1568|5632|-1568|5696|42|1|1
W|91|1|2|ADEL_B14|XA10TEX|0|256|0|1|1|0|0|-1568|5696|-1568|5632|1|42|1
W|92|0|2|ADEL_B14|XA10TEX|0|768|0|1|1|0|0|-1536|5696|-1536|5632|42|12|1
W|92|1|2|ADEL_B14|XA10TEX|0|256|0|1|1|0|0|-1536|5632|-1536|5696|12|42|1
W|93|0|2|ADEL_B14|XA10TEX|0|768|0|1|1|0|0|-1568|5696|-1568|5760|41|1|1
W|93|1|2|ADEL_B14|XA10TEX|0|128|0|1|1|0|0|-1568|5760|-1568|5696|1|41|1
W|94|0|2|ADEL_B14|XA10TEX|0|768|0|1|1|0|0|-1536|5760|-1536|5696|41|12|1
W|94|1|2|ADEL_B14|XA10TEX|0|128|0|1|1|0|0|-1536|5696|-1536|5760|12|41|1
W|95|0|2|ADEL_B14|XA10TEX|0|768|0|1|1|0|0|-1568|5760|-1568|5824|40|1|1
W|95|1|2|ADEL_B14|XA10TEX|0|256|0|1|1|0|0|-1568|5824|-1568|5760|1|40|1
W|96|0|2|ADEL_B14|XA10TEX|0|768|0|1|1|0|0|-1536|5824|-1536|5760|40|12|1
W|96|1|2|ADEL_B14|XA10TEX|0|256|0|1|1|0|0|-1536|5760|-1536|5824|12|40|1
W|97|0|2|ADEL_B14|XA10TEX|0|768|0|1|1|0|0|-1568|5824|-1568|5888|39|1|1
W|97|1|2|ADEL_B14|XA10TEX|0|128|0|1|1|0|0|-1568|5888|-1568|5824|1|39|1
W|98|0|2|ADEL_B14|XA10TEX|0|768|0|1|1|0|0|-1536|5888|-1536|5824|39|12|1
W|98|1|2|ADEL_B14|XA10TEX|0|128|0|1|1|0|0|-1536|5824|-1536|5888|12|39|1
W|99|0|2|ADEL_B14|XA10TEX|0|768|0|1|1|0|0|-1568|5888|-1568|5952|38|1|1
W|99|1|2|ADEL_B14|XA10TEX|0|256|0|1|1|0|0|-1568|5952|-1568|5888|1|38|1
W|100|0|2|ADEL_B14|XA10TEX|0|768|0|1|1|0|0|-1536|5952|-1536|5888|38|12|1
W|100|1|2|ADEL_B14|XA10TEX|0|256|0|1|1|0|0|-1536|5888|-1536|5952|12|38|1
W|101|0|2|ADEL_B14|XA10TEX|0|768|0|1|1|0|0|-1568|5952|-1568|6016|37|1|1
W|101|1|2|ADEL_B14|XA10TEX|0|128|0|1|1|0|0|-1568|6016|-1568|5952|1|37|1
W|102|0|2|ADEL_B14|XA10TEX|0|768|0|1|1|0|0|-1536|6016|-1536|5952|37|12|1
W|102|1|2|ADEL_B14|XA10TEX|0|128|0|1|1|0|0|-1536|5952|-1536|6016|12|37|1
W|103|0|2|ADEL_B14|XA10TEX|0|768|0|1|1|0|0|-1568|6016|-1568|6080|36|1|1
W|103|1|2|ADEL_B14|XA10TEX|0|256|0|1|1|0|0|-1568|6080|-1568|6016|1|36|1
W|104|0|2|ADEL_B14|XA10TEX|0|768|0|1|1|0|0|-1536|6080|-1536|6016|36|12|1
W|104|1|2|ADEL_B14|XA10TEX|0|256|0|1|1|0|0|-1536|6016|-1536|6080|12|36|1
W|105|0|2|ADEL_B14|XA10TEX|0|768|0|1|1|0|0|-1568|6080|-1568|6144|35|1|1
W|105|1|2|ADEL_B14|XA10TEX|0|128|0|1|1|0|0|-1568|6144|-1568|6080|1|35|1
W|106|0|2|ADEL_B14|XA10TEX|0|768|0|1|1|0|0|-1536|6144|-1536|6080|35|12|1
W|106|1|2|ADEL_B14|XA10TEX|0|128|0|1|1|0|0|-1536|6080|-1536|6144|12|35|1
W|107|0|2|ADEL_B14|XA10TEX|0|768|0|1|1|0|0|-1568|6144|-1568|6208|34|1|1
W|107|1|2|ADEL_B14|XA10TEX|0|256|0|1|1|0|0|-1568|6208|-1568|6144|1|34|1
W|108|0|2|ADEL_B14|XA10TEX|0|768|0|1|1|0|0|-1536|6208|-1536|6144|34|12|1
W|108|1|2|ADEL_B14|XA10TEX|0|256|0|1|1|0|0|-1536|6144|-1536|6208|12|34|1
W|109|0|2|ADEL_B14|XA10TEX|0|768|0|1|1|0|0|-1568|6208|-1568|6272|33|1|1
W|109|1|2|ADEL_B14|XA10TEX|0|128|0|1|1|0|0|-1568|6272|-1568|6208|1|33|1
W|110|0|2|ADEL_B14|XA10TEX|0|768|0|1|1|0|0|-1536|6272|-1536|6208|33|12|1
W|110|1|2|ADEL_B14|XA10TEX|0|128|0|1|1|0|0|-1536|6208|-1536|6272|12|33|1
W|111|0|2|ADEL_B14|XA10TEX|0|768|0|1|1|0|0|-1568|6272|-1568|6336|32|1|1
W|111|1|2|ADEL_B14|XA10TEX|0|256|0|1|1|0|0|-1568|6336|-1568|6272|1|32|1
W|112|0|2|ADEL_B14|XA10TEX|0|768|0|1|1|0|0|-1536|6336|-1536|6272|32|12|1
W|112|1|2|ADEL_B14|XA10TEX|0|256|0|1|1|0|0|-1536|6272|-1536|6336|12|32|1
W|113|0|2|ADEL_B14|XA10TEX|0|768|0|1|1|0|0|-1568|6336|-1568|6400|31|1|1
W|113|1|2|ADEL_B14|XA10TEX|0|128|0|1|1|0|0|-1568|6400|-1568|6336|1|31|1
W|114|0|2|ADEL_B14|XA10TEX|0|768|0|1|1|0|0|-1536|6400|-1536|6336|31|12|1
W|114|1|2|ADEL_B14|XA10TEX|0|128|0|1|1|0|0|-1536|6336|-1536|6400|12|31|1
W|115|0|2|ADEL_B14|XA10TEX|0|768|0|1|1|0|0|-1568|6400|-1568|6464|30|1|1
W|115|1|2|ADEL_B14|XA10TEX|0|256|0|1|1|0|0|-1568|6464|-1568|6400|1|30|1
W|116|0|2|ADEL_B14|XA10TEX|0|768|0|1|1|0|0|-1536|6464|-1536|6400|30|12|1
W|116|1|2|ADEL_B14|XA10TEX|0|256|0|1|1|0|0|-1536|6400|-1536|6464|12|30|1
W|117|0|2|ADEL_B14|XA10TEX|0|768|0|1|1|0|0|-1568|6464|-1568|6528|29|1|1
W|117|1|2|ADEL_B14|XA10TEX|0|128|0|1|1|0|0|-1568|6528|-1568|6464|1|29|1
W|118|0|2|ADEL_B14|XA10TEX|0|768|0|1|1|0|0|-1536|6528|-1536|6464|29|12|1
W|118|1|2|ADEL_B14|XA10TEX|0|128|0|1|1|0|0|-1536|6464|-1536|6528|12|29|1
W|119|0|2|ADEL_B14|XA10TEX|0|768|0|1|1|0|0|-1568|6528|-1568|6592|11|1|1
W|39|0|2|ADEL_B14|XA10TEX|64|768|0|1|1|0|0|-1568|6592|-1536|6592|11|470|1
W|120|0|2|ADEL_B14|XA10TEX|0|768|0|1|1|0|0|-1536|5632|-1536|5568|43|12|1
W|120|1|2|ADEL_B14|XA10TEX|0|128|0|1|1|0|0|-1536|5568|-1536|5632|12|43|1
W|121|0|2|ADEL_B14|XA10TEX|0|768|0|1|1|0|0|-1184|5888|-1184|5824|18|1|1
W|121|1|2|ADEL_B14|XA10TEX|0|128|0|1|1|0|0|-1184|5824|-1184|5888|1|18|1
W|122|0|2|ADEL_B14|XA10TEX|0|768|0|1|1|0|0|-1216|5888|-1216|5952|19|12|1
W|122|1|2|ADEL_B14|XA10TEX|0|256|0|1|1|0|0|-1216|5952|-1216|5888|12|19|1
W|123|0|2|ADEL_B14|XA10TEX|0|768|0|1|1|0|0|-1184|5952|-1184|5888|19|1|1
W|123|1|2|ADEL_B14|XA10TEX|0|256|0|1|1|0|0|-1184|5888|-1184|5952|1|19|1
W|124|0|2|ADEL_B14|XA10TEX|0|768|0|1|1|0|0|-1216|5952|-1216|6016|20|12|1
W|124|1|2|ADEL_B14|XA10TEX|0|128|0|1|1|0|0|-1216|6016|-1216|5952|12|20|1
W|125|0|2|ADEL_B14|XA10TEX|0|768|0|1|1|0|0|-1184|6016|-1184|5952|20|1|1
W|125|1|2|ADEL_B14|XA10TEX|0|128|0|1|1|0|0|-1184|5952|-1184|6016|1|20|1
W|126|0|2|ADEL_B14|XA10TEX|0|768|0|1|1|0|0|-1216|6016|-1216|6080|21|12|1
W|126|1|2|ADEL_B14|XA10TEX|0|256|0|1|1|0|0|-1216|6080|-1216|6016|12|21|1
W|127|0|2|ADEL_B14|XA10TEX|0|768|0|1|1|0|0|-1184|6080|-1184|6016|21|1|1
W|127|1|2|ADEL_B14|XA10TEX|0|256|0|1|1|0|0|-1184|6016|-1184|6080|1|21|1
W|128|0|2|ADEL_B14|XA10TEX|0|768|0|1|1|0|0|-1216|6080|-1216|6144|22|12|1
W|128|1|2|ADEL_B14|XA10TEX|0|128|0|1|1|0|0|-1216|6144|-1216|6080|12|22|1
W|129|0|2|ADEL_B14|XA10TEX|0|768|0|1|1|0|0|-1184|6144|-1184|6080|22|1|1
W|129|1|2|ADEL_B14|XA10TEX|0|128|0|1|1|0|0|-1184|6080|-1184|6144|1|22|1
W|130|0|2|ADEL_B14|XA10TEX|0|768|0|1|1|0|0|-1216|6144|-1216|6208|23|12|1
W|130|1|2|ADEL_B14|XA10TEX|0|256|0|1|1|0|0|-1216|6208|-1216|6144|12|23|1
W|131|0|2|ADEL_B14|XA10TEX|0|768|0|1|1|0|0|-1184|6208|-1184|6144|23|1|1
W|131|1|2|ADEL_B14|XA10TEX|0|256|0|1|1|0|0|-1184|6144|-1184|6208|1|23|1
W|132|0|2|ADEL_B14|XA10TEX|0|768|0|1|1|0|0|-1216|6208|-1216|6272|24|12|1
W|132|1|2|ADEL_B14|XA10TEX|0|128|0|1|1|0|0|-1216|6272|-1216|6208|12|24|1
W|133|0|2|ADEL_B14|XA10TEX|0|768|0|1|1|0|0|-1184|6272|-1184|6208|24|1|1
W|133|1|2|ADEL_B14|XA10TEX|0|128|0|1|1|0|0|-1184|6208|-1184|6272|1|24|1
W|134|0|2|ADEL_B14|XA10TEX|0|768|0|1|1|0|0|-1216|6272|-1216|6336|25|12|1
W|134|1|2|ADEL_B14|XA10TEX|0|256|0|1|1|0|0|-1216|6336|-1216|6272|12|25|1
W|135|0|2|ADEL_B14|XA10TEX|0|768|0|1|1|0|0|-1184|6336|-1184|6272|25|1|1
W|135|1|2|ADEL_B14|XA10TEX|0|256|0|1|1|0|0|-1184|6272|-1184|6336|1|25|1
W|136|0|2|ADEL_B14|XA10TEX|0|768|0|1|1|0|0|-1216|6336|-1216|6400|26|12|1
W|136|1|2|ADEL_B14|XA10TEX|0|128|0|1|1|0|0|-1216|6400|-1216|6336|12|26|1
W|137|0|2|ADEL_B14|XA10TEX|0|768|0|1|1|0|0|-1184|6400|-1184|6336|26|1|1
W|137|1|2|ADEL_B14|XA10TEX|0|128|0|1|1|0|0|-1184|6336|-1184|6400|1|26|1
W|138|0|2|ADEL_B14|XA10TEX|0|768|0|1|1|0|0|-1216|6400|-1216|6464|27|12|1
W|138|1|2|ADEL_B14|XA10TEX|0|256|0|1|1|0|0|-1216|6464|-1216|6400|12|27|1
W|139|0|2|ADEL_B14|XA10TEX|0|768|0|1|1|0|0|-1184|6464|-1184|6400|27|1|1
W|139|1|2|ADEL_B14|XA10TEX|0|256|0|1|1|0|0|-1184|6400|-1184|6464|1|27|1
W|140|0|2|ADEL_B14|XA10TEX|0|768|0|1|1|0|0|-1216|6464|-1216|6528|28|12|1
W|140|1|2|ADEL_B14|XA10TEX|0|128|0|1|1|0|0|-1216|6528|-1216|6464|12|28|1
W|141|0|2|ADEL_B14|XA10TEX|0|768|0|1|1|0|0|-1184|6528|-1184|6464|28|1|1
W|141|1|2|ADEL_B14|XA10TEX|0|128|0|1|1|0|0|-1184|6464|-1184|6528|1|28|1
W|142|0|2|ADEL_B14|XA10TEX|0|768|0|1|1|0|0|-1216|6528|-1216|6592|10|12|1
W|142|1|2|ADEL_B14|XA10TEX|0|256|0|1|1|0|0|-1216|6592|-1216|6528|12|10|1
W|143|0|2|ADEL_B14|XA10TEX|0|768|0|1|1|0|0|-1216|5568|-1216|5632|14|12|1
W|143|1|2|ADEL_B14|XA10TEX|0|128|0|1|1|0|0|-1216|5632|-1216|5568|12|14|1
W|144|0|2|ADEL_B14|XA10TEX|0|768|0|1|1|0|0|-1184|5568|-1184|5504|13|1|1
W|72|0|2|ADEL_B14|XA10TEX|64|768|0|1|1|0|0|-1184|5504|-1216|5504|13|9|1
W|145|0|2|ADEL_B14|XA10TEX|0|768|0|1|1|0|0|-1184|5632|-1184|5568|14|1|1
W|145|1|2|ADEL_B14|XA10TEX|0|128|0|1|1|0|0|-1184|5568|-1184|5632|1|14|1
W|146|0|2|ADEL_B14|XA10TEX|0|768|0|1|1|0|0|-1216|5632|-1216|5696|15|12|1
W|146|1|2|ADEL_B14|XA10TEX|0|256|0|1|1|0|0|-1216|5696|-1216|5632|12|15|1
W|147|0|2|ADEL_B14|XA10TEX|0|768|0|1|1|0|0|-1184|5696|-1184|5632|15|1|1
W|147|1|2|ADEL_B14|XA10TEX|0|256|0|1|1|0|0|-1184|5632|-1184|5696|1|15|1
W|148|0|2|ADEL_B14|XA10TEX|0|768|0|1|1|0|0|-1216|5696|-1216|5760|16|12|1
W|148|1|2|ADEL_B14|XA10TEX|0|128|0|1|1|0|0|-1216|5760|-1216|5696|12|16|1
W|149|0|2|ADEL_B14|XA10TEX|0|768|0|1|1|0|0|-1184|5760|-1184|5696|16|1|1
W|149|1|2|ADEL_B14|XA10TEX|0|128|0|1|1|0|0|-1184|5696|-1184|5760|1|16|1
W|150|0|2|ADEL_B14|XA10TEX|0|768|0|1|1|0|0|-1216|5760|-1216|5824|17|12|1
W|150|1|2|ADEL_B14|XA10TEX|0|256|0|1|1|0|0|-1216|5824|-1216|5760|12|17|1
W|151|0|2|ADEL_B14|XA10TEX|0|768|0|1|1|0|0|-1184|5824|-1184|5760|17|1|1
W|151|1|2|ADEL_B14|XA10TEX|0|256|0|1|1|0|0|-1184|5760|-1184|5824|1|17|1
W|152|0|2|ADEL_B14|XA10TEX|0|768|0|1|1|0|0|-1216|5824|-1216|5888|18|12|1
W|152|1|2|ADEL_B14|XA10TEX|0|128|0|1|1|0|0|-1216|5888|-1216|5824|12|18|1
W|153|0|2|ADEL_B14|XA10TEX|0|256|0|1|1|0|0|-1184|5568|-1216|5568|14|13|1
W|153|1|2|ADEL_B14|XA10TEX|0|768|0|1|1|0|0|-1216|5568|-1184|5568|13|14|1
W|154|0|2|ADEL_B14|XA10TEX|0|768|0|1|1|0|0|-1184|5632|-1216|5632|15|14|1
W|154|1|2|ADEL_B14|XA10TEX|0|256|0|1|1|0|0|-1216|5632|-1184|5632|14|15|1
W|155|0|2|ADEL_B14|XA10TEX|0|256|0|1|1|0|0|-1184|5696|-1216|5696|16|15|1
W|155|1|2|ADEL_B14|XA10TEX|0|768|0|1|1|0|0|-1216|5696|-1184|5696|15|16|1
W|156|0|2|ADEL_B14|XA10TEX|0|768|0|1|1|0|0|-1184|5760|-1216|5760|17|16|1
W|156|1|2|ADEL_B14|XA10TEX|0|256|0|1|1|0|0|-1216|5760|-1184|5760|16|17|1
W|157|0|2|ADEL_B14|XA10TEX|0|256|0|1|1|0|0|-1184|5824|-1216|5824|18|17|1
W|157|1|2|ADEL_B14|XA10TEX|0|768|0|1|1|0|0|-1216|5824|-1184|5824|17|18|1
W|158|0|2|ADEL_B14|XA10TEX|0|768|0|1|1|0|0|-1184|5888|-1216|5888|19|18|1
W|158|1|2|ADEL_B14|XA10TEX|0|256|0|1|1|0|0|-1216|5888|-1184|5888|18|19|1
W|159|0|2|ADEL_B14|XA10TEX|0|256|0|1|1|0|0|-1184|5952|-1216|5952|20|19|1
W|159|1|2|ADEL_B14|XA10TEX|0|768|0|1|1|0|0|-1216|5952|-1184|5952|19|20|1
W|160|0|2|ADEL_B14|XA10TEX|0|768|0|1|1|0|0|-1184|6016|-1216|6016|21|20|1
W|160|1|2|ADEL_B14|XA10TEX|0|256|0|1|1|0|0|-1216|6016|-1184|6016|20|21|1
W|161|0|2|ADEL_B14|XA10TEX|0|256|0|1|1|0|0|-1184|6080|-1216|6080|22|21|1
W|161|1|2|ADEL_B14|XA10TEX|0|768|0|1|1|0|0|-1216|6080|-1184|6080|21|22|1
W|162|0|2|ADEL_B14|XA10TEX|0|768|0|1|1|0|0|-1184|6144|-1216|6144|23|22|1
W|162|1|2|ADEL_B14|XA10TEX|0|256|0|1|1|0|0|-1216|6144|-1184|6144|22|23|1
W|163|0|2|ADEL_B14|XA10TEX|0|256|0|1|1|0|0|-1184|6208|-1216|6208|24|23|1
W|163|1|2|ADEL_B14|XA10TEX|0|768|0|1|1|0|0|-1216|6208|-1184|6208|23|24|1
W|164|0|2|ADEL_B14|XA10TEX|0|768|0|1|1|0|0|-1184|6272|-1216|6272|25|24|1
W|164|1|2|ADEL_B14|XA10TEX|0|256|0|1|1|0|0|-1216|6272|-1184|6272|24|25|1
W|165|0|2|ADEL_B14|XA10TEX|0|256|0|1|1|0|0|-1184|6336|-1216|6336|26|25|1
W|165|1|2|ADEL_B14|XA10TEX|0|768|0|1|1|0|0|-1216|6336|-1184|6336|25|26|1
W|166|0|2|ADEL_B14|XA10TEX|0|768|0|1|1|0|0|-1184|6400|-1216|6400|27|26|1
W|166|1|2|ADEL_B14|XA10TEX|0|256|0|1|1|0|0|-1216|6400|-1184|6400|26|27|1
W|167|0|2|ADEL_B14|XA10TEX|0|256|0|1|1|0|0|-1184|6464|-1216|6464|28|27|1
W|167|1|2|ADEL_B14|XA10TEX|0|768|0|1|1|0|0|-1216|6464|-1184|6464|27|28|1
W|168|0|2|ADEL_B14|XA10TEX|0|768|0|1|1|0|0|-1184|6528|-1216|6528|10|28|1
W|168|1|2|ADEL_B14|XA10TEX|0|256|0|1|1|0|0|-1216|6528|-1184|6528|28|10|1
W|169|0|2|ADEL_B14|XA10TEX|0|768|0|1|1|0|0|-1536|6528|-1568|6528|11|29|1
W|169|1|2|ADEL_B14|XA10TEX|0|256|0|1|1|0|0|-1568|6528|-1536|6528|29|11|1
W|170|0|2|ADEL_B14|XA10TEX|0|256|0|1|1|0|0|-1536|6464|-1568|6464|29|30|1
W|170|1|2|ADEL_B14|XA10TEX|0|768|0|1|1|0|0|-1568|6464|-1536|6464|30|29|1
W|171|0|2|ADEL_B14|XA10TEX|0|768|0|1|1|0|0|-1536|6400|-1568|6400|30|31|1
W|171|1|2|ADEL_B14|XA10TEX|0|256|0|1|1|0|0|-1568|6400|-1536|6400|31|30|1
W|172|0|2|ADEL_B14|XA10TEX|0|256|0|1|1|0|0|-1536|6336|-1568|6336|31|32|1
W|172|1|2|ADEL_B14|XA10TEX|0|768|0|1|1|0|0|-1568|6336|-1536|6336|32|31|1
W|173|0|2|ADEL_B14|XA10TEX|0|768|0|1|1|0|0|-1536|6272|-1568|6272|32|33|1
W|173|1|2|ADEL_B14|XA10TEX|0|256|0|1|1|0|0|-1568|6272|-1536|6272|33|32|1
W|174|0|2|ADEL_B14|XA10TEX|0|256|0|1|1|0|0|-1536|6208|-1568|6208|33|34|1
W|174|1|2|ADEL_B14|XA10TEX|0|768|0|1|1|0|0|-1568|6208|-1536|6208|34|33|1
W|175|0|2|ADEL_B14|XA10TEX|0|768|0|1|1|0|0|-1536|6144|-1568|6144|34|35|1
W|175|1|2|ADEL_B14|XA10TEX|0|256|0|1|1|0|0|-1568|6144|-1536|6144|35|34|1
W|176|0|2|ADEL_B14|XA10TEX|0|256|0|1|1|0|0|-1536|6080|-1568|6080|35|36|1
W|176|1|2|ADEL_B14|XA10TEX|0|768|0|1|1|0|0|-1568|6080|-1536|6080|36|35|1
W|177|0|2|ADEL_B14|XA10TEX|0|768|0|1|1|0|0|-1536|6016|-1568|6016|36|37|1
W|177|1|2|ADEL_B14|XA10TEX|0|256|0|1|1|0|0|-1568|6016|-1536|6016|37|36|1
W|178|0|2|ADEL_B14|XA10TEX|0|256|0|1|1|0|0|-1536|5952|-1568|5952|37|38|1
W|178|1|2|ADEL_B14|XA10TEX|0|768|0|1|1|0|0|-1568|5952|-1536|5952|38|37|1
W|179|0|2|ADEL_B14|XA10TEX|0|768|0|1|1|0|0|-1536|5888|-1568|5888|38|39|1
W|179|1|2|ADEL_B14|XA10TEX|0|256|0|1|1|0|0|-1568|5888|-1536|5888|39|38|1
W|180|0|2|ADEL_B14|XA10TEX|0|256|0|1|1|0|0|-1536|5824|-1568|5824|39|40|1
W|180|1|2|ADEL_B14|XA10TEX|0|768|0|1|1|0|0|-1568|5824|-1536|5824|40|39|1
W|181|0|2|ADEL_B14|XA10TEX|0|768|0|1|1|0|0|-1536|5760|-1568|5760|40|41|1
W|181|1|2|ADEL_B14|XA10TEX|0|256|0|1|1|0|0|-1568|5760|-1536|5760|41|40|1
W|182|0|2|ADEL_B14|XA10TEX|0|256|0|1|1|0|0|-1536|5696|-1568|5696|41|42|1
W|182|1|2|ADEL_B14|XA10TEX|0|768|0|1|1|0|0|-1568|5696|-1536|5696|42|41|1
W|183|0|2|ADEL_B14|XA10TEX|0|768|0|1|1|0|0|-1536|5632|-1568|5632|42|43|1
W|183|1|2|ADEL_B14|XA10TEX|0|256|0|1|1|0|0|-1568|5632|-1536|5632|43|42|1
W|184|0|2|ADEL_B14|XA10TEX|0|256|0|1|1|0|0|-1536|5568|-1568|5568|43|44|1
W|184|1|2|ADEL_B14|XA10TEX|0|768|0|1|1|0|0|-1568|5568|-1536|5568|44|43|1
W|313|1|2|ADEL_B14|XA10TEX|0|256|0|1|1|0|0|1568|5312|1568|5248|1|61|1
W|314|1|2|ADEL_B14|XA10TEX|64|256|0|1|1|0|0|1568|5248|1600|5248|1417|61|1
W|314|0|2|ADEL_B14|XA10TEX|0|768|0|1|1|0|0|1600|5248|1568|5248|61|1417|1
W|313|0|2|ADEL_B14|XA10TEX|32|768|0|1|1|0|0|1568|5248|1568|5312|61|1|1
W|315|0|2|ADEL_B14|XA10TEX|0|768|0|1|1|0|0|1600|5312|1600|5248|61|78|1
W|315|1|2|ADEL_B14|XA10TEX|0|256|0|1|1|0|0|1600|5248|1600|5312|78|61|1
W|316|0|2|ADEL_B14|XA10TEX|0|256|0|1|1|0|0|1600|5312|1568|5312|62|61|1
W|316|1|2|ADEL_B14|XA10TEX|0|768|0|1|1|0|0|1568|5312|1600|5312|61|62|1
W|317|0|2|ADEL_B14|XA10TEX|0|768|0|1|1|0|0|1568|5312|1568|5376|62|1|1
W|317|1|2|ADEL_B14|XA10TEX|0|128|0|1|1|0|0|1568|5376|1568|5312|1|62|1
W|318|0|2|ADEL_B14|XA10TEX|0|768|0|1|1|0|0|1600|5376|1600|5312|62|78|1
W|318|1|2|ADEL_B14|XA10TEX|0|128|0|1|1|0|0|1600|5312|1600|5376|78|62|1
W|319|0|2|ADEL_B14|XA10TEX|0|768|0|1|1|0|0|1600|5376|1568|5376|63|62|1
W|319|1|2|ADEL_B14|XA10TEX|0|256|0|1|1|0|0|1568|5376|1600|5376|62|63|1
W|320|0|2|ADEL_B14|XA10TEX|0|768|0|1|1|0|0|1568|5376|1568|5440|63|1|1
W|320|1|2|ADEL_B14|XA10TEX|0|256|0|1|1|0|0|1568|5440|1568|5376|1|63|1
W|321|0|2|ADEL_B14|XA10TEX|0|768|0|1|1|0|0|1600|5440|1600|5376|63|78|1
W|321|1|2|ADEL_B14|XA10TEX|0|256|0|1|1|0|0|1600|5376|1600|5440|78|63|1
W|322|0|2|ADEL_B14|XA10TEX|0|256|0|1|1|0|0|1600|5440|1568|5440|64|63|1
W|322|1|2|ADEL_B14|XA10TEX|0|768|0|1|1|0|0|1568|5440|1600|5440|63|64|1
W|323|0|2|ADEL_B14|XA10TEX|0|768|0|1|1|0|0|1568|5440|1568|5504|64|1|1
W|323|1|2|ADEL_B14|XA10TEX|0|128|0|1|1|0|0|1568|5504|1568|5440|1|64|1
W|324|0|2|ADEL_B14|XA10TEX|0|768|0|1|1|0|0|1600|5504|1600|5440|64|78|1
W|324|1|2|ADEL_B14|XA10TEX|0|128|0|1|1|0|0|1600|5440|1600|5504|78|64|1
W|325|0|2|ADEL_B14|XA10TEX|0|768|0|1|1|0|0|1600|5504|1568|5504|65|64|1
W|325|1|2|ADEL_B14|XA10TEX|0|256|0|1|1|0|0|1568|5504|1600|5504|64|65|1
W|326|0|2|ADEL_B14|XA10TEX|0|768|0|1|1|0|0|1568|5504|1568|5568|65|1|1
W|326|1|2|ADEL_B14|XA10TEX|0|256|0|1|1|0|0|1568|5568|1568|5504|1|65|1
W|327|0|2|ADEL_B14|XA10TEX|0|768|0|1|1|0|0|1600|5568|1600|5504|65|78|1
W|327|1|2|ADEL_B14|XA10TEX|0|256|0|1|1|0|0|1600|5504|1600|5568|78|65|1
W|328|0|2|ADEL_B14|XA10TEX|0|256|0|1|1|0|0|1600|5568|1568|5568|66|65|1
W|328|1|2|ADEL_B14|XA10TEX|0|768|0|1|1|0|0|1568|5568|1600|5568|65|66|1
W|329|0|2|ADEL_B14|XA10TEX|0|768|0|1|1|0|0|1568|5568|1568|5632|66|1|1
W|329|1|2|ADEL_B14|XA10TEX|0|128|0|1|1|0|0|1568|5632|1568|5568|1|66|1
W|330|0|2|ADEL_B14|XA10TEX|0|768|0|1|1|0|0|1600|5632|1600|5568|66|78|1
W|330|1|2|ADEL_B14|XA10TEX|0|128|0|1|1|0|0|1600|5568|1600|5632|78|66|1
W|331|0|2|ADEL_B14|XA10TEX|0|768|0|1|1|0|0|1600|5632|1568|5632|67|66|1
W|331|1|2|ADEL_B14|XA10TEX|0|256|0|1|1|0|0|1568|5632|1600|5632|66|67|1
W|332|0|2|ADEL_B14|XA10TEX|0|768|0|1|1|0|0|1568|5632|1568|5696|67|1|1
W|332|1|2|ADEL_B14|XA10TEX|0|256|0|1|1|0|0|1568|5696|1568|5632|1|67|1
W|333|0|2|ADEL_B14|XA10TEX|0|768|0|1|1|0|0|1600|5696|1600|5632|67|78|1
W|333|1|2|ADEL_B14|XA10TEX|0|256|0|1|1|0|0|1600|5632|1600|5696|78|67|1
W|334|0|2|ADEL_B14|XA10TEX|0|256|0|1|1|0|0|1600|5696|1568|5696|68|67|1
W|334|1|2|ADEL_B14|XA10TEX|0|768|0|1|1|0|0|1568|5696|1600|5696|67|68|1
W|335|0|2|ADEL_B14|XA10TEX|0|768|0|1|1|0|0|1568|5696|1568|5760|68|1|1
W|335|1|2|ADEL_B14|XA10TEX|0|128|0|1|1|0|0|1568|5760|1568|5696|1|68|1
W|336|0|2|ADEL_B14|XA10TEX|0|768|0|1|1|0|0|1600|5760|1600|5696|68|78|1
W|336|1|2|ADEL_B14|XA10TEX|0|128|0|1|1|0|0|1600|5696|1600|5760|78|68|1
W|337|0|2|ADEL_B14|XA10TEX|0|768|0|1|1|0|0|1600|5760|1568|5760|69|68|1
W|337|1|2|ADEL_B14|XA10TEX|0|256|0|1|1|0|0|1568|5760|1600|5760|68|69|1
W|338|0|2|ADEL_B14|XA10TEX|0|768|0|1|1|0|0|1568|5760|1568|5824|69|1|1
W|338|1|2|ADEL_B14|XA10TEX|0|256|0|1|1|0|0|1568|5824|1568|5760|1|69|1
W|339|0|2|ADEL_B14|XA10TEX|0|768|0|1|1|0|0|1600|5824|1600|5760|69|78|1
W|339|1|2|ADEL_B14|XA10TEX|0|256|0|1|1|0|0|1600|5760|1600|5824|78|69|1
W|340|0|2|ADEL_B14|XA10TEX|0|256|0|1|1|0|0|1600|5824|1568|5824|70|69|1
W|340|1|2|ADEL_B14|XA10TEX|0|768|0|1|1|0|0|1568|5824|1600|5824|69|70|1
W|341|0|2|ADEL_B14|XA10TEX|0|768|0|1|1|0|0|1568|5824|1568|5888|70|1|1
W|341|1|2|ADEL_B14|XA10TEX|0|128|0|1|1|0|0|1568|5888|1568|5824|1|70|1
W|342|0|2|ADEL_B14|XA10TEX|0|768|0|1|1|0|0|1600|5888|1600|5824|70|78|1
W|342|1|2|ADEL_B14|XA10TEX|0|128|0|1|1|0|0|1600|5824|1600|5888|78|70|1
W|343|0|2|ADEL_B14|XA10TEX|0|768|0|1|1|0|0|1600|5888|1568|5888|71|70|1
W|343|1|2|ADEL_B14|XA10TEX|0|256|0|1|1|0|0|1568|5888|1600|5888|70|71|1
W|344|0|2|ADEL_B14|XA10TEX|0|768|0|1|1|0|0|1568|5888|1568|5952|71|1|1
W|344|1|2|ADEL_B14|XA10TEX|0|256|0|1|1|0|0|1568|5952|1568|5888|1|71|1
W|345|0|2|ADEL_B14|XA10TEX|0|768|0|1|1|0|0|1600|5952|1600|5888|71|78|1
W|345|1|2|ADEL_B14|XA10TEX|0|256|0|1|1|0|0|1600|5888|1600|5952|78|71|1
W|346|0|2|ADEL_B14|XA10TEX|0|256|0|1|1|0|0|1600|5952|1568|5952|72|71|1
W|346|1|2|ADEL_B14|XA10TEX|0|768|0|1|1|0|0|1568|5952|1600|5952|71|72|1
W|347|0|2|ADEL_B14|XA10TEX|0|768|0|1|1|0|0|1568|5952|1568|6016|72|1|1
W|347|1|2|ADEL_B14|XA10TEX|0|128|0|1|1|0|0|1568|6016|1568|5952|1|72|1
W|348|0|2|ADEL_B14|XA10TEX|0|768|0|1|1|0|0|1600|6016|1600|5952|72|78|1
W|348|1|2|ADEL_B14|XA10TEX|0|128|0|1|1|0|0|1600|5952|1600|6016|78|72|1
W|349|0|2|ADEL_B14|XA10TEX|0|768|0|1|1|0|0|1600|6016|1568|6016|73|72|1
W|349|1|2|ADEL_B14|XA10TEX|0|256|0|1|1|0|0|1568|6016|1600|6016|72|73|1
W|350|0|2|ADEL_B14|XA10TEX|0|768|0|1|1|0|0|1568|6016|1568|6080|73|1|1
W|350|1|2|ADEL_B14|XA10TEX|0|256|0|1|1|0|0|1568|6080|1568|6016|1|73|1
W|351|0|2|ADEL_B14|XA10TEX|0|768|0|1|1|0|0|1600|6080|1600|6016|73|78|1
W|351|1|2|ADEL_B14|XA10TEX|0|256|0|1|1|0|0|1600|6016|1600|6080|78|73|1
W|352|0|2|ADEL_B14|XA10TEX|0|256|0|1|1|0|0|1600|6080|1568|6080|74|73|1
W|352|1|2|ADEL_B14|XA10TEX|0|768|0|1|1|0|0|1568|6080|1600|6080|73|74|1
W|353|0|2|ADEL_B14|XA10TEX|0|768|0|1|1|0|0|1568|6080|1568|6144|74|1|1
W|353|1|2|ADEL_B14|XA10TEX|0|128|0|1|1|0|0|1568|6144|1568|6080|1|74|1
W|354|0|2|ADEL_B14|XA10TEX|0|768|0|1|1|0|0|1600|6144|1600|6080|74|78|1
W|354|1|2|ADEL_B14|XA10TEX|0|128|0|1|1|0|0|1600|6080|1600|6144|78|74|1
W|355|0|2|ADEL_B14|XA10TEX|0|768|0|1|1|0|0|1600|6144|1568|6144|75|74|1
W|355|1|2|ADEL_B14|XA10TEX|0|256|0|1|1|0|0|1568|6144|1600|6144|74|75|1
W|356|0|2|ADEL_B14|XA10TEX|0|768|0|1|1|0|0|1568|6144|1568|6208|75|1|1
W|356|1|2|ADEL_B14|XA10TEX|0|256|0|1|1|0|0|1568|6208|1568|6144|1|75|1
W|357|0|2|ADEL_B14|XA10TEX|0|768|0|1|1|0|0|1600|6208|1600|6144|75|78|1
W|357|1|2|ADEL_B14|XA10TEX|0|256|0|1|1|0|0|1600|6144|1600|6208|78|75|1
W|358|0|2|ADEL_B14|XA10TEX|0|256|0|1|1|0|0|1600|6208|1568|6208|76|75|1
W|358|1|2|ADEL_B14|XA10TEX|0|768|0|1|1|0|0|1568|6208|1600|6208|75|76|1
W|359|0|2|ADEL_B14|XA10TEX|0|768|0|1|1|0|0|1568|6208|1568|6272|76|1|1
W|359|1|2|ADEL_B14|XA10TEX|0|128|0|1|1|0|0|1568|6272|1568|6208|1|76|1
W|360|0|2|ADEL_B14|XA10TEX|0|768|0|1|1|0|0|1600|6272|1600|6208|76|78|1
W|360|1|2|ADEL_B14|XA10TEX|0|128|0|1|1|0|0|1600|6208|1600|6272|78|76|1
W|361|0|2|ADEL_B14|XA10TEX|0|768|0|1|1|0|0|1600|6272|1568|6272|77|76|1
W|361|1|2|ADEL_B14|XA10TEX|0|256|0|1|1|0|0|1568|6272|1600|6272|76|77|1
W|362|0|2|ADEL_B14|XA10TEX|0|768|0|1|1|0|0|1600|6336|1600|6272|77|78|1
W|362|1|2|ADEL_B14|XA10TEX|0|256|0|1|1|0|0|1600|6272|1600|6336|78|77|1
W|363|0|2|ADEL_B14|XA10TEX|0|768|0|1|1|0|0|1568|6272|1568|6336|77|1|1
W|364|0|2|ADEL_B14|XA10TEX|0|768|0|1|1|0|0|1600|6336|1792|6336|78|600|1
W|364|1|2|ADEL_B14|XA10TEX|0|128|0|1|1|0|0|1792|6336|1600|6336|600|78|1
W|365|0|2|ADEL_B14|XA10TEX|0|768|0|1|1|0|0|1792|5248|1600|5248|78|97|1
W|365|1|2|ADEL_B14|XA10TEX|0|128|0|1|1|0|0|1600|5248|1792|5248|97|78|1
W|366|0|2|ADEL_B14|XA10TEX|0|768|0|1|1|0|0|1792|5248|1792|5312|95|78|1
W|366|1|2|ADEL_B14|XA10TEX|0|256|0|1|1|0|0|1792|5312|1792|5248|78|95|1
W|367|0|2|ADEL_B14|XA10TEX|0|768|0|1|1|0|0|1792|5632|1792|5696|89|78|1
W|367|1|2|ADEL_B14|XA10TEX|0|256|0|1|1|0|0|1792|5696|1792|5632|78|89|1
W|368|0|2|ADEL_B14|XA10TEX|0|768|0|1|1|0|0|1792|5696|1792|5760|87|78|1
W|368|1|2|ADEL_B14|XA10TEX|0|128|0|1|1|0|0|1792|5760|1792|5696|78|87|1
W|369|0|2|ADEL_B14|XA10TEX|0|768|0|1|1|0|0|1792|5760|1792|5824|88|78|1
W|369|1|2|ADEL_B14|XA10TEX|0|256|0|1|1|0|0|1792|5824|1792|5760|78|88|1
W|370|0|2|ADEL_B14|XA10TEX|0|768|0|1|1|0|0|1792|5824|1792|5888|86|78|1
W|370|1|2|ADEL_B14|XA10TEX|0|128|0|1|1|0|0|1792|5888|1792|5824|78|86|1
W|371|0|2|ADEL_B14|XA10TEX|0|768|0|1|1|0|0|1792|5888|1792|5952|85|78|1
W|371|1|2|ADEL_B14|XA10TEX|0|256|0|1|1|0|0|1792|5952|1792|5888|78|85|1
W|372|0|2|ADEL_B14|XA10TEX|0|768|0|1|1|0|0|1792|5952|1792|6016|84|78|1
W|372|1|2|ADEL_B14|XA10TEX|0|128|0|1|1|0|0|1792|6016|1792|5952|78|84|1
W|373|0|2|ADEL_B14|XA10TEX|0|768|0|1|1|0|0|1792|6016|1792|6080|83|78|1
W|373|1|2|ADEL_B14|XA10TEX|0|256|0|1|1|0|0|1792|6080|1792|6016|78|83|1
W|374|0|2|ADEL_B14|XA10TEX|0|768|0|1|1|0|0|1792|6080|1792|6144|82|78|1
W|374|1|2|ADEL_B14|XA10TEX|0|128|0|1|1|0|0|1792|6144|1792|6080|78|82|1
W|375|0|2|ADEL_B14|XA10TEX|0|768|0|1|1|0|0|1792|6144|1792|6208|81|78|1
W|375|1|2|ADEL_B14|XA10TEX|0|256|0|1|1|0|0|1792|6208|1792|6144|78|81|1
W|376|0|2|ADEL_B14|XA10TEX|0|768|0|1|1|0|0|1792|6208|1792|6272|80|78|1
W|376|1|2|ADEL_B14|XA10TEX|0|128|0|1|1|0|0|1792|6272|1792|6208|78|80|1
W|377|0|2|ADEL_B14|XA10TEX|0|768|0|1|1|0|0|1792|6272|1792|6336|79|78|1
W|377|1|2|ADEL_B14|XA10TEX|0|256|0|1|1|0|0|1792|6336|1792|6272|78|79|1
W|378|0|2|ADEL_B14|XA10TEX|0|768|0|1|1|0|0|1792|5312|1792|5376|94|78|1
W|378|1|2|ADEL_B14|XA10TEX|0|128|0|1|1|0|0|1792|5376|1792|5312|78|94|1
W|379|0|2|ADEL_B14|XA10TEX|0|768|0|1|1|0|0|1792|5376|1792|5440|93|78|1
W|379|1|2|ADEL_B14|XA10TEX|0|256|0|1|1|0|0|1792|5440|1792|5376|78|93|1
W|380|0|2|ADEL_B14|XA10TEX|0|768|0|1|1|0|0|1792|5440|1792|5504|92|78|1
W|380|1|2|ADEL_B14|XA10TEX|0|128|0|1|1|0|0|1792|5504|1792|5440|78|92|1
W|381|0|2|ADEL_B14|XA10TEX|0|768|0|1|1|0|0|1792|5504|1792|5568|91|78|1
W|381|1|2|ADEL_B14|XA10TEX|0|256|0|1|1|0|0|1792|5568|1792|5504|78|91|1
W|382|0|2|ADEL_B14|XA10TEX|0|768|0|1|1|0|0|1792|5568|1792|5632|90|78|1
W|382|1|2|ADEL_B14|XA10TEX|0|128|0|1|1|0|0|1792|5632|1792|5568|78|90|1
W|383|1|2|ADEL_B14|XA10TEX|0|256|0|1|1|0|0|1824|6272|1824|6336|1|79|1
W|384|1|2|ADEL_B14|XA10TEX|64|256|0|1|1|0|0|1824|6336|1792|6336|470|79|1
W|384|0|2|ADEL_B14|XA10TEX|0|768|0|1|1|0|0|1792|6336|1824|6336|79|470|1
W|383|0|2|ADEL_B14|XA10TEX|32|768|0|1|1|0|0|1824|6336|1824|6272|79|1|1
W|385|0|2|ADEL_B14|XA10TEX|0|768|0|1|1|0|0|1824|6272|1792|6272|79|80|1
W|385|1|2|ADEL_B14|XA10TEX|0|256|0|1|1|0|0|1792|6272|1824|6272|80|79|1
W|386|0|2|ADEL_B14|XA10TEX|0|768|0|1|1|0|0|1824|6272|1824|6208|80|1|1
W|386|1|2|ADEL_B14|XA10TEX|0|128|0|1|1|0|0|1824|6208|1824|6272|1|80|1
W|387|0|2|ADEL_B14|XA10TEX|0|256|0|1|1|0|0|1824|6208|1792|6208|80|81|1
W|387|1|2|ADEL_B14|XA10TEX|0|768|0|1|1|0|0|1792|6208|1824|6208|81|80|1
W|388|0|2|ADEL_B14|XA10TEX|0|768|0|1|1|0|0|1824|6208|1824|6144|81|1|1
W|388|1|2|ADEL_B14|XA10TEX|0|256|0|1|1|0|0|1824|6144|1824|6208|1|81|1
W|389|0|2|ADEL_B14|XA10TEX|0|768|0|1|1|0|0|1824|6144|1792|6144|81|82|1
W|389|1|2|ADEL_B14|XA10TEX|0|256|0|1|1|0|0|1792|6144|1824|6144|82|81|1
W|390|0|2|ADEL_B14|XA10TEX|0|768|0|1|1|0|0|1824|6144|1824|6080|82|1|1
W|390|1|2|ADEL_B14|XA10TEX|0|128|0|1|1|0|0|1824|6080|1824|6144|1|82|1
W|391|0|2|ADEL_B14|XA10TEX|0|256|0|1|1|0|0|1824|6080|1792|6080|82|83|1
W|391|1|2|ADEL_B14|XA10TEX|0|768|0|1|1|0|0|1792|6080|1824|6080|83|82|1
W|392|0|2|ADEL_B14|XA10TEX|0|768|0|1|1|0|0|1824|6080|1824|6016|83|1|1
W|392|1|2|ADEL_B14|XA10TEX|0|256|0|1|1|0|0|1824|6016|1824|6080|1|83|1
W|393|0|2|ADEL_B14|XA10TEX|0|768|0|1|1|0|0|1824|6016|1792|6016|83|84|1
W|393|1|2|ADEL_B14|XA10TEX|0|256|0|1|1|0|0|1792|6016|1824|6016|84|83|1
W|394|0|2|ADEL_B14|XA10TEX|0|768|0|1|1|0|0|1824|6016|1824|5952|84|1|1
W|394|1|2|ADEL_B14|XA10TEX|0|128|0|1|1|0|0|1824|5952|1824|6016|1|84|1
W|395|0|2|ADEL_B14|XA10TEX|0|256|0|1|1|0|0|1824|5952|1792|5952|84|85|1
W|395|1|2|ADEL_B14|XA10TEX|0|768|0|1|1|0|0|1792|5952|1824|5952|85|84|1
W|396|0|2|ADEL_B14|XA10TEX|0|768|0|1|1|0|0|1824|5952|1824|5888|85|1|1
W|396|1|2|ADEL_B14|XA10TEX|0|256|0|1|1|0|0|1824|5888|1824|5952|1|85|1
W|397|0|2|ADEL_B14|XA10TEX|0|768|0|1|1|0|0|1824|5888|1792|5888|85|86|1
W|397|1|2|ADEL_B14|XA10TEX|0|256|0|1|1|0|0|1792|5888|1824|5888|86|85|1
W|398|0|2|ADEL_B14|XA10TEX|0|768|0|1|1|0|0|1824|5888|1824|5824|86|1|1
W|398|1|2|ADEL_B14|XA10TEX|0|128|0|1|1|0|0|1824|5824|1824|5888|1|86|1
W|399|0|2|ADEL_B14|XA10TEX|0|256|0|1|1|0|0|1824|5824|1792|5824|86|88|1
W|399|1|2|ADEL_B14|XA10TEX|0|768|0|1|1|0|0|1792|5824|1824|5824|88|86|1
W|400|0|2|ADEL_B14|XA10TEX|0|768|0|1|1|0|0|1824|5760|1824|5696|87|1|1
W|400|1|2|ADEL_B14|XA10TEX|0|128|0|1|1|0|0|1824|5696|1824|5760|1|87|1
W|401|0|2|ADEL_B14|XA10TEX|0|256|0|1|1|0|0|1824|5696|1792|5696|87|89|1
W|401|1|2|ADEL_B14|XA10TEX|0|768|0|1|1|0|0|1792|5696|1824|5696|89|87|1
W|402|0|2|ADEL_B14|XA10TEX|0|768|0|1|1|0|0|1824|5760|1792|5760|88|87|1
W|402|1|2|ADEL_B14|XA10TEX|0|256|0|1|1|0|0|1792|5760|1824|5760|87|88|1
W|403|0|2|ADEL_B14|XA10TEX|0|768|0|1|1|0|0|1824|5824|1824|5760|88|1|1
W|403|1|2|ADEL_B14|XA10TEX|0|256|0|1|1|0|0|1824|5760|1824|5824|1|88|1
W|404|0|2|ADEL_B14|XA10TEX|0|768|0|1|1|0|0|1824|5696|1824|5632|89|1|1
W|404|1|2|ADEL_B14|XA10TEX|0|256|0|1|1|0|0|1824|5632|1824|5696|1|89|1
W|405|0|2|ADEL_B14|XA10TEX|0|768|0|1|1|0|0|1824|5632|1792|5632|89|90|1
W|405|1|2|ADEL_B14|XA10TEX|0|256|0|1|1|0|0|1792|5632|1824|5632|90|89|1
W|406|0|2|ADEL_B14|XA10TEX|0|768|0|1|1|0|0|1824|5632|1824|5568|90|1|1
W|406|1|2|ADEL_B14|XA10TEX|0|128|0|1|1|0|0|1824|5568|1824|5632|1|90|1
W|407|0|2|ADEL_B14|XA10TEX|0|256|0|1|1|0|0|1824|5568|1792|5568|90|91|1
W|407|1|2|ADEL_B14|XA10TEX|0|768|0|1|1|0|0|1792|5568|1824|5568|91|90|1
W|408|0|2|ADEL_B14|XA10TEX|0|768|0|1|1|0|0|1824|5568|1824|5504|91|1|1
W|408|1|2|ADEL_B14|XA10TEX|0|256|0|1|1|0|0|1824|5504|1824|5568|1|91|1
W|409|0|2|ADEL_B14|XA10TEX|0|768|0|1|1|0|0|1824|5504|1792|5504|91|92|1
W|409|1|2|ADEL_B14|XA10TEX|0|256|0|1|1|0|0|1792|5504|1824|5504|92|91|1
W|410|0|2|ADEL_B14|XA10TEX|0|768|0|1|1|0|0|1824|5504|1824|5440|92|1|1
W|410|1|2|ADEL_B14|XA10TEX|0|128|0|1|1|0|0|1824|5440|1824|5504|1|92|1
W|411|0|2|ADEL_B14|XA10TEX|0|256|0|1|1|0|0|1824|5440|1792|5440|92|93|1
W|411|1|2|ADEL_B14|XA10TEX|0|768|0|1|1|0|0|1792|5440|1824|5440|93|92|1
W|412|0|2|ADEL_B14|XA10TEX|0|768|0|1|1|0|0|1824|5440|1824|5376|93|1|1
W|412|1|2|ADEL_B14|XA10TEX|0|256|0|1|1|0|0|1824|5376|1824|5440|1|93|1
W|413|0|2|ADEL_B14|XA10TEX|0|768|0|1|1|0|0|1824|5376|1792|5376|93|94|1
W|413|1|2|ADEL_B14|XA10TEX|0|256|0|1|1|0|0|1792|5376|1824|5376|94|93|1
W|414|0|2|ADEL_B14|XA10TEX|0|768|0|1|1|0|0|1824|5376|1824|5312|94|1|1
W|414|1|2|ADEL_B14|XA10TEX|0|128|0|1|1|0|0|1824|5312|1824|5376|1|94|1
W|415|0|2|ADEL_B14|XA10TEX|0|256|0|1|1|0|0|1824|5312|1792|5312|94|95|1
W|415|1|2|ADEL_B14|XA10TEX|0|768|0|1|1|0|0|1792|5312|1824|5312|95|94|1
W|416|1|2|ADEL_B14|XA10TEX|0|256|0|1|1|0|0|1792|5248|1824|5248|96|95|1
W|417|1|2|ADEL_B14|XA10TEX|32|256|0|1|1|0|0|1824|5248|1824|5312|1|95|1
W|417|0|2|ADEL_B14|XA10TEX|0|768|0|1|1|0|0|1824|5312|1824|5248|95|1|1
W|538|0|2|ADEL_B14|XA10TEX|1|384|0|1|1|1|0|-32|3168|-32|3232|1|193|1
W|538|1|2|ADEL_B14|XA10TEX|0|768|0|1|1|0|0|-32|3232|-32|3168|193|1|1
W|539|0|2|ADEL_B14|XA10TEX|22|384|0|1|1|22|0|-1312|3168|-1248|3168|1|212|1
W|539|1|2|ADEL_B14|XA10TEX|0|768|0|1|1|0|0|-1248|3168|-1312|3168|212|1|1
W|543|0|2|ADEL_B14|XA10TEX|22|384|0|1|1|22|0|-2208|3168|-2144|3168|108|152|1
W|543|1|2|ADEL_B14|XA10TEX|0|768|0|1|1|0|0|-2144|3168|-2208|3168|152|108|1
W|544|0|2|ADEL_B14|XA10TEX|33|384|0|1|1|33|0|-2336|3040|-2256|3120|108|150|1
W|544|1|2|ADEL_B14|XA10TEX|0|768|0|1|1|0|0|-2256|3120|-2336|3040|150|108|1
W|545|0|2|ADEL_B14|XA10TEX|54|384|0|1|1|54|0|-160|4064|-160|4128|9|180|1
W|545|1|2|ADEL_B14|XA10TEX|0|768|0|1|1|0|0|-160|4128|-160|4064|180|9|1
W|546|0|2|ADEL_B14|XA10TEX|34|384|0|1|1|34|0|-160|5216|-224|5216|9|161|1
W|546|1|2|ADEL_B14|XA10TEX|0|768|0|1|1|0|0|-224|5216|-160|5216|161|9|1
W|547|0|2|ADEL_B14|XA10TEX|21|384|0|1|1|21|0|-2208|5088|-2272|5152|9|154|1
W|547|1|2|ADEL_B14|XA10TEX|0|768|0|1|1|0|0|-2272|5152|-2208|5088|154|9|1
W|548|0|2|ADEL_B14|XA10TEX|54|384|0|1|1|54|0|-2464|4832|-2464|4768|9|118|1
W|548|1|2|ADEL_B14|XA10TEX|0|768|0|1|1|0|0|-2464|4768|-2464|4832|118|9|1
W|549|0|2|ADEL_B14|XA10TEX|1|384|0|1|1|1|0|-2592|5088|-2592|5024|9|115|1
W|549|1|2|ADEL_B14|XA10TEX|0|768|0|1|1|0|0|-2592|5024|-2592|5088|115|9|1
W|550|0|2|ADEL_B14|XA10TEX|1|384|0|1|1|1|0|-2592|4960|-2512|4880|9|116|1
W|550|1|2|ADEL_B14|XA10TEX|0|768|0|1|1|0|0|-2512|4880|-2592|4960|116|9|1
W|551|0|2|ADEL_B14|XA10TEX|11|384|0|1|1|11|0|-2464|5216|-2528|5152|9|113|1
W|551|1|2|ADEL_B14|XA10TEX|0|768|0|1|1|0|0|-2528|5152|-2464|5216|113|9|1
W|552|0|2|ADEL_B14|XA10TEX|0|768|0|1|1|0|0|-2400|5216|-2336|5216|112|9|1
W|552|1|2|ADEL_B14|XA10TEX|11|384|0|1|1|11|0|-2336|5216|-2400|5216|9|112|1
W|553|0|2|ADEL_B14|XA10TEX|24|384|0|1|1|24|0|-416|5088|-480|5088|9|158|1
W|553|1|2|ADEL_B14|XA10TEX|0|768|0|1|1|0|0|-480|5088|-416|5088|158|9|1
W|554|0|2|ADEL_B14|XA10TEX|34|384|0|1|1|34|0|-288|5216|-352|5152|9|159|1
W|554|1|2|ADEL_B14|XA10TEX|0|768|0|1|1|0|0|-352|5152|-288|5216|159|9|1
W|555|0|2|ADEL_B14|XA10TEX|54|384|0|1|1|54|0|-160|4832|-96|4896|9|167|1
W|555|1|2|ADEL_B14|XA10TEX|0|768|0|1|1|0|0|-96|4896|-160|4832|167|9|1
W|556|0|2|ADEL_B14|XA10TEX|44|384|0|1|1|44|0|-32|5088|-96|5152|9|163|1
W|556|1|2|ADEL_B14|XA10TEX|0|768|0|1|1|0|0|-96|5152|-32|5088|163|9|1
W|557|0|2|ADEL_B14|XA10TEX|44|384|0|1|1|44|0|-32|4960|-32|5024|9|165|1
W|557|1|2|ADEL_B14|XA10TEX|0|768|0|1|1|0|0|-32|5024|-32|4960|165|9|1
W|558|0|2|ADEL_B14|XA10TEX|11|384|0|1|1|11|0|-288|3040|-224|3040|1|196|1
W|558|1|2|ADEL_B14|XA10TEX|0|768|0|1|1|0|0|-224|3040|-288|3040|196|1|1
W|559|0|2|ADEL_B14|XA10TEX|22|384|0|1|1|22|0|-416|3168|-368|3120|1|198|1
W|559|1|2|ADEL_B14|XA10TEX|0|768|0|1|1|0|0|-368|3120|-416|3168|198|1|1
W|560|0|2|ADEL_B14|XA10TEX|1|384|0|1|1|1|0|-32|3296|-112|3376|1|191|1
W|560|1|2|ADEL_B14|XA10TEX|0|768|0|1|1|0|0|-112|3376|-32|3296|191|1|1
W|561|0|2|ADEL_B14|XA10TEX|54|384|0|1|1|54|0|-160|3424|-160|3488|1|189|1
W|561|1|2|ADEL_B14|XA10TEX|0|768|0|1|1|0|0|-160|3488|-160|3424|189|1|1
W|562|0|2|ADEL_B14|XA10TEX|11|384|0|1|1|11|0|-160|3040|-96|3104|1|195|1
W|562|1|2|ADEL_B14|XA10TEX|0|768|0|1|1|0|0|-96|3104|-160|3040|195|1|1
W|563|0|2|ADEL_B14|XA10TEX|54|384|0|1|1|54|0|-2464|3552|-2464|3488|108|140|1
W|563|1|2|ADEL_B14|XA10TEX|0|768|0|1|1|0|0|-2464|3488|-2464|3552|140|108|1
W|564|0|2|ADEL_B14|XA10TEX|54|384|0|1|1|54|0|-2464|3424|-2512|3376|108|142|1
W|564|1|2|ADEL_B14|XA10TEX|0|768|0|1|1|0|0|-2512|3376|-2464|3424|142|108|1
W|566|0|2|ADEL_B14|XA10TEX|43|384|0|1|1|43|0|-2592|3296|-2592|3232|108|144|1
W|566|1|2|ADEL_B14|XA10TEX|0|768|0|1|1|0|0|-2592|3232|-2592|3296|144|108|1
W|567|0|2|ADEL_B14|XA10TEX|43|384|0|1|1|43|0|-2592|3168|-2528|3104|108|146|1
W|567|1|2|ADEL_B14|XA10TEX|0|768|0|1|1|0|0|-2528|3104|-2592|3168|146|108|1
W|568|0|2|ADEL_B14|XA10TEX|33|384|0|1|1|33|0|-2464|3040|-2400|3040|108|148|1
W|568|1|2|ADEL_B14|XA10TEX|0|768|0|1|1|0|0|-2400|3040|-2464|3040|148|108|1
W|569|0|2|ADEL_B14|XA10TEX|0|768|0|1|1|0|0|-2560|3168|-2512|3120|146|110|1
W|569|1|2|ADEL_B14|XA10TEX|57|384|0|1|1|57|0|-2512|3120|-2560|3168|110|146|1
W|570|0|2|ADEL_B14|XA10TEX|0|768|0|1|1|0|0|-2464|3072|-2400|3072|148|110|1
W|570|1|2|ADEL_B14|XA10TEX|53|384|0|1|1|53|0|-2400|3072|-2464|3072|110|148|1
W|571|0|2|ADEL_B14|XA10TEX|0|768|0|1|1|0|0|-2336|3072|-2272|3136|150|110|1
W|571|1|2|ADEL_B14|XA10TEX|26|384|0|1|1|26|0|-2272|3136|-2336|3072|110|150|1
W|572|0|2|ADEL_B14|XA10TEX|0|768|0|1|1|0|0|-2208|3200|-2144|3200|152|110|1
W|572|1|2|ADEL_B14|XA10TEX|63|384|0|1|1|63|0|-2144|3200|-2208|3200|110|152|1
W|573|0|2|ADEL_B14|XA10TEX|0|768|0|1|1|0|0|-2208|5056|-2288|5136|154|110|1
W|573|1|2|ADEL_B14|XA10TEX|53|384|0|1|1|53|0|-2288|5136|-2208|5056|110|154|1
W|574|0|2|ADEL_B14|XA10TEX|0|768|0|1|1|0|0|-2336|5184|-2400|5184|112|110|1
W|574|1|2|ADEL_B14|XA10TEX|49|384|0|1|1|49|0|-2400|5184|-2336|5184|110|112|1
W|575|0|2|ADEL_B14|XA10TEX|0|768|0|1|1|0|0|-2464|5184|-2512|5136|113|110|1
W|575|1|2|ADEL_B14|XA10TEX|45|384|0|1|1|45|0|-2512|5136|-2464|5184|110|113|1
W|576|0|2|ADEL_B14|XA10TEX|0|768|0|1|1|0|0|-2560|5088|-2560|5024|115|110|1
W|576|1|2|ADEL_B14|XA10TEX|41|384|0|1|1|41|0|-2560|5024|-2560|5088|110|115|1
W|577|0|2|ADEL_B14|XA10TEX|0|768|0|1|1|0|0|-2560|4960|-2496|4896|116|110|1
W|577|1|2|ADEL_B14|XA10TEX|14|384|0|1|1|14|0|-2496|4896|-2560|4960|110|116|1
W|578|0|2|ADEL_B14|XA10TEX|0|768|0|1|1|0|0|-2432|4832|-2432|4768|118|110|1
W|578|1|2|ADEL_B14|XA10TEX|51|384|0|1|1|51|0|-2432|4768|-2432|4832|110|118|1
W|579|0|2|ADEL_B14|XA10TEX|0|768|0|1|1|0|0|-2432|3424|-2496|3360|142|110|1
W|579|1|2|ADEL_B14|XA10TEX|24|384|0|1|1|24|0|-2496|3360|-2432|3424|110|142|1
W|580|0|2|ADEL_B14|XA10TEX|0|768|0|1|1|0|0|-2560|3296|-2560|3232|144|110|1
W|580|1|2|ADEL_B14|XA10TEX|61|384|0|1|1|61|0|-2560|3232|-2560|3296|110|144|1
W|581|0|2|ADEL_B14|XA10TEX|0|768|0|1|1|0|0|-288|3072|-224|3072|196|110|1
W|581|1|2|ADEL_B14|XA10TEX|9|384|0|1|1|9|0|-224|3072|-288|3072|110|196|1
W|582|0|2|ADEL_B14|XA10TEX|0|768|0|1|1|0|0|-160|3072|-112|3120|195|110|1
W|582|1|2|ADEL_B14|XA10TEX|5|384|0|1|1|5|0|-112|3120|-160|3072|110|195|1
W|583|0|2|ADEL_B14|XA10TEX|0|768|0|1|1|0|0|-64|3168|-64|3232|193|110|1
W|583|1|2|ADEL_B14|XA10TEX|1|384|0|1|1|1|0|-64|3232|-64|3168|110|193|1
W|584|0|2|ADEL_B14|XA10TEX|0|768|0|1|1|0|0|-416|3200|-352|3136|198|110|1
W|584|1|2|ADEL_B14|XA10TEX|36|384|0|1|1|36|0|-352|3136|-416|3200|110|198|1
W|585|0|2|ADEL_B14|XA10TEX|0|768|0|1|1|0|0|-64|3296|-128|3360|191|110|1
W|585|1|2|ADEL_B14|XA10TEX|38|384|0|1|1|38|0|-128|3360|-64|3296|110|191|1
W|586|0|2|ADEL_B14|XA10TEX|0|768|0|1|1|0|0|-192|3424|-192|3488|189|110|1
W|586|1|2|ADEL_B14|XA10TEX|11|384|0|1|1|11|0|-192|3488|-192|3424|110|189|1
W|587|0|2|ADEL_B14|XA10TEX|0|768|0|1|1|0|0|-160|5184|-224|5184|161|110|1
W|587|1|2|ADEL_B14|XA10TEX|13|384|0|1|1|13|0|-224|5184|-160|5184|110|161|1
W|588|0|2|ADEL_B14|XA10TEX|0|768|0|1|1|0|0|-64|5088|-112|5136|163|110|1
W|588|1|2|ADEL_B14|XA10TEX|17|384|0|1|1|17|0|-112|5136|-64|5088|110|163|1
W|589|0|2|ADEL_B14|XA10TEX|0|768|0|1|1|0|0|-288|5184|-336|5136|159|110|1
W|589|1|2|ADEL_B14|XA10TEX|9|384|0|1|1|9|0|-336|5136|-288|5184|110|159|1
W|590|0|2|ADEL_B14|XA10TEX|0|768|0|1|1|0|0|-416|5056|-480|5056|158|110|1
W|590|1|2|ADEL_B14|XA10TEX|24|384|0|1|1|24|0|-480|5056|-416|5056|110|158|1
W|591|0|2|ADEL_B14|XA10TEX|0|768|0|1|1|0|0|-64|4960|-64|5024|165|110|1
W|591|1|2|ADEL_B14|XA10TEX|21|384|0|1|1|21|0|-64|5024|-64|4960|110|165|1
W|592|0|2|ADEL_B14|XA10TEX|0|768|0|1|1|0|0|-192|4832|-128|4896|167|110|1
W|592|1|2|ADEL_B14|XA10TEX|48|384|0|1|1|48|0|-128|4896|-192|4832|110|167|1
W|601|0|2|ADEL_B14|XA10TEX|0|768|0|1|1|0|0|-128|4896|-64|4960|166|110|1
W|601|1|2|ADEL_B14|XA10TEX|21|256|0|1|1|21|0|-64|4960|-128|4896|110|166|1
W|602|0|2|ADEL_B14|XA10TEX|17|256|0|1|1|17|0|-96|4896|-32|4960|9|166|1
W|602|1|2|ADEL_B14|XA10TEX|0|768|0|1|1|0|0|-32|4960|-96|4896|166|9|1
W|603|0|2|ADEL_B14|XA10TEX|0|768|0|1|1|0|0|-64|5024|-64|5088|164|110|1
W|603|1|2|ADEL_B14|XA10TEX|21|256|0|1|1|21|0|-64|5088|-64|5024|110|164|1
W|604|0|2|ADEL_B14|XA10TEX|44|256|0|1|1|44|0|-32|5024|-32|5088|9|164|1
W|604|1|2|ADEL_B14|XA10TEX|0|768|0|1|1|0|0|-32|5088|-32|5024|164|9|1
W|605|0|2|ADEL_B14|XA10TEX|7|256|0|1|1|7|0|-96|5152|-160|5216|9|162|1
W|605|1|2|ADEL_B14|XA10TEX|0|768|0|1|1|0|0|-160|5216|-96|5152|162|9|1
W|606|0|2|ADEL_B14|XA10TEX|0|768|0|1|1|0|0|-112|5136|-160|5184|162|110|1
W|606|1|2|ADEL_B14|XA10TEX|13|256|0|1|1|13|0|-160|5184|-112|5136|110|162|1
W|607|0|2|ADEL_B14|XA10TEX|0|768|0|1|1|0|0|-224|5184|-288|5184|160|110|1
W|607|1|2|ADEL_B14|XA10TEX|13|256|0|1|1|13|0|-288|5184|-224|5184|110|160|1
W|608|0|2|ADEL_B14|XA10TEX|34|256|0|1|1|34|0|-224|5216|-288|5216|9|160|1
W|608|1|2|ADEL_B14|XA10TEX|0|768|0|1|1|0|0|-288|5216|-224|5216|160|9|1
W|609|0|2|ADEL_B14|XA10TEX|61|256|0|1|1|61|0|-352|5152|-416|5088|9|157|1
W|609|1|2|ADEL_B14|XA10TEX|0|768|0|1|1|0|0|-416|5088|-352|5152|157|9|1
W|610|0|2|ADEL_B14|XA10TEX|0|768|0|1|1|0|0|-336|5136|-416|5056|157|110|1
W|610|1|2|ADEL_B14|XA10TEX|24|256|0|1|1|24|0|-416|5056|-336|5136|110|157|1
W|611|0|2|ADEL_B14|XA10TEX|0|768|0|1|1|0|0|-128|3360|-192|3424|190|110|1
W|611|1|2|ADEL_B14|XA10TEX|11|256|0|1|1|11|0|-192|3424|-128|3360|110|190|1
W|612|0|2|ADEL_B14|XA10TEX|50|256|0|1|1|50|0|-112|3376|-160|3424|1|190|1
W|612|1|2|ADEL_B14|XA10TEX|0|768|0|1|1|0|0|-160|3424|-112|3376|190|1|1
W|613|0|2|ADEL_B14|XA10TEX|0|768|0|1|1|0|0|-64|3232|-64|3296|192|110|1
W|613|1|2|ADEL_B14|XA10TEX|1|256|0|1|1|1|0|-64|3296|-64|3232|110|192|1
W|614|0|2|ADEL_B14|XA10TEX|1|256|0|1|1|1|0|-32|3232|-32|3296|1|192|1
W|614|1|2|ADEL_B14|XA10TEX|0|768|0|1|1|0|0|-32|3296|-32|3232|192|1|1
W|615|0|2|ADEL_B14|XA10TEX|0|768|0|1|1|0|0|-112|3120|-64|3168|194|110|1
W|615|1|2|ADEL_B14|XA10TEX|1|256|0|1|1|1|0|-64|3168|-112|3120|110|194|1
W|616|0|2|ADEL_B14|XA10TEX|38|256|0|1|1|38|0|-96|3104|-32|3168|1|194|1
W|616|1|2|ADEL_B14|XA10TEX|0|768|0|1|1|0|0|-32|3168|-96|3104|194|1|1
W|617|0|2|ADEL_B14|XA10TEX|0|768|0|1|1|0|0|-224|3072|-160|3072|179|110|1
W|617|1|2|ADEL_B14|XA10TEX|9|256|0|1|1|9|0|-160|3072|-224|3072|110|179|1
W|618|0|2|ADEL_B14|XA10TEX|0|768|0|1|1|0|0|-352|3136|-288|3072|197|110|1
W|618|1|2|ADEL_B14|XA10TEX|9|256|0|1|1|9|0|-288|3072|-352|3136|110|197|1
W|619|0|2|ADEL_B14|XA10TEX|26|256|0|1|1|26|0|-368|3120|-288|3040|1|197|1
W|619|1|2|ADEL_B14|XA10TEX|0|768|0|1|1|0|0|-288|3040|-368|3120|197|1|1
W|620|0|2|ADEL_B14|XA10TEX|0|768|0|1|1|0|0|-2496|3360|-2560|3296|143|110|1
W|620|1|2|ADEL_B14|XA10TEX|61|256|0|1|1|61|0|-2560|3296|-2496|3360|110|143|1
W|621|0|2|ADEL_B14|XA10TEX|58|256|0|1|1|58|0|-2512|3376|-2592|3296|108|143|1
W|621|1|2|ADEL_B14|XA10TEX|0|768|0|1|1|0|0|-2592|3296|-2512|3376|143|108|1
W|622|0|2|ADEL_B14|XA10TEX|0|768|0|1|1|0|0|-2560|3232|-2560|3168|145|110|1
W|622|1|2|ADEL_B14|XA10TEX|61|256|0|1|1|61|0|-2560|3168|-2560|3232|110|145|1
W|623|0|2|ADEL_B14|XA10TEX|43|256|0|1|1|43|0|-2592|3232|-2592|3168|108|145|1
W|623|1|2|ADEL_B14|XA10TEX|0|768|0|1|1|0|0|-2592|3168|-2592|3232|145|108|1
W|624|0|2|ADEL_B14|XA10TEX|0|768|0|1|1|0|0|-2512|3120|-2464|3072|147|110|1
W|624|1|2|ADEL_B14|XA10TEX|53|256|0|1|1|53|0|-2464|3072|-2512|3120|110|147|1
W|625|0|2|ADEL_B14|XA10TEX|6|256|0|1|1|6|0|-2528|3104|-2464|3040|108|147|1
W|625|1|2|ADEL_B14|XA10TEX|0|768|0|1|1|0|0|-2464|3040|-2528|3104|147|108|1
W|626|0|2|ADEL_B14|XA10TEX|0|768|0|1|1|0|0|-2400|3072|-2336|3072|149|110|1
W|626|1|2|ADEL_B14|XA10TEX|53|256|0|1|1|53|0|-2336|3072|-2400|3072|110|149|1
W|627|0|2|ADEL_B14|XA10TEX|33|256|0|1|1|33|0|-2400|3040|-2336|3040|108|149|1
W|627|1|2|ADEL_B14|XA10TEX|0|768|0|1|1|0|0|-2336|3040|-2400|3040|149|108|1
W|628|0|2|ADEL_B14|XA10TEX|0|768|0|1|1|0|0|-2272|3136|-2208|3200|151|110|1
W|628|1|2|ADEL_B14|XA10TEX|63|256|0|1|1|63|0|-2208|3200|-2272|3136|110|151|1
W|629|0|2|ADEL_B14|XA10TEX|18|256|0|1|1|18|0|-2256|3120|-2208|3168|108|151|1
W|629|1|2|ADEL_B14|XA10TEX|0|768|0|1|1|0|0|-2208|3168|-2256|3120|151|108|1
W|630|0|2|ADEL_B14|XA10TEX|0|768|0|1|1|0|0|-2496|4896|-2432|4832|119|110|1
W|630|1|2|ADEL_B14|XA10TEX|51|256|0|1|1|51|0|-2432|4832|-2496|4896|110|119|1
W|631|0|2|ADEL_B14|XA10TEX|50|256|0|1|1|50|0|-2512|4880|-2464|4832|9|119|1
W|631|1|2|ADEL_B14|XA10TEX|0|768|0|1|1|0|0|-2464|4832|-2512|4880|119|9|1
W|632|0|2|ADEL_B14|XA10TEX|0|768|0|1|1|0|0|-2560|5024|-2560|4960|117|110|1
W|632|1|2|ADEL_B14|XA10TEX|41|256|0|1|1|41|0|-2560|4960|-2560|5024|110|117|1
W|633|0|2|ADEL_B14|XA10TEX|1|256|0|1|1|1|0|-2592|5024|-2592|4960|9|117|1
W|633|1|2|ADEL_B14|XA10TEX|0|768|0|1|1|0|0|-2592|4960|-2592|5024|117|9|1
W|634|0|2|ADEL_B14|XA10TEX|0|768|0|1|1|0|0|-2512|5136|-2560|5088|114|110|1
W|634|1|2|ADEL_B14|XA10TEX|41|256|0|1|1|41|0|-2560|5088|-2512|5136|110|114|1
W|635|0|2|ADEL_B14|XA10TEX|38|256|0|1|1|38|0|-2528|5152|-2592|5088|9|114|1
W|635|1|2|ADEL_B14|XA10TEX|0|768|0|1|1|0|0|-2592|5088|-2528|5152|114|9|1
W|636|0|2|ADEL_B14|XA10TEX|0|768|0|1|1|0|0|-2400|5184|-2464|5184|109|110|1
W|636|1|2|ADEL_B14|XA10TEX|49|256|0|1|1|49|0|-2464|5184|-2400|5184|110|109|1
W|637|0|2|ADEL_B14|XA10TEX|11|256|0|1|1|11|0|-2400|5216|-2464|5216|9|109|1
W|637|1|2|ADEL_B14|XA10TEX|0|768|0|1|1|0|0|-2464|5216|-2400|5216|109|9|1
W|638|0|2|ADEL_B14|XA10TEX|0|768|0|1|1|0|0|-2288|5136|-2336|5184|153|110|1
W|638|1|2|ADEL_B14|XA10TEX|49|256|0|1|1|49|0|-2336|5184|-2288|5136|110|153|1
W|639|0|2|ADEL_B14|XA10TEX|48|256|0|1|1|48|0|-2272|5152|-2336|5216|9|153|1
W|639|1|2|ADEL_B14|XA10TEX|0|768|0|1|1|0|0|-2336|5216|-2272|5152|153|9|1
W|640|0|2|ADEL_B14|XA10TEX|11|256|0|1|1|11|0|-224|3040|-160|3040|1|179|1
W|640|1|2|ADEL_B14|XA10TEX|0|768|0|1|1|0|0|-160|3040|-224|3040|179|1|1
W|641|0|2|ADEL_B14|XA10TEX|22|256|0|1|1|22|0|-2144|3168|-2080|3168|108|225|1
W|641|1|2|ADEL_B14|XA10TEX|0|768|0|1|1|0|0|-2080|3168|-2144|3168|225|108|1
W|642|0|2|ADEL_B14|XA10TEX|0|768|0|1|1|0|0|-2144|3200|-2080|3200|225|110|1
W|642|1|2|ADEL_B14|XA10TEX|63|256|0|1|1|63|0|-2080|3200|-2144|3200|110|225|1
W|643|0|2|ADEL_B14|XA10TEX|22|384|0|1|1|22|0|-2080|3168|-2016|3168|108|224|1
W|643|1|2|ADEL_B14|XA10TEX|0|768|0|1|1|0|0|-2016|3168|-2080|3168|224|108|1
W|644|0|2|ADEL_B14|XA10TEX|0|768|0|1|1|0|0|-2080|3200|-2016|3200|224|110|1
W|644|1|2|ADEL_B14|XA10TEX|63|384|0|1|1|63|0|-2016|3200|-2080|3200|110|224|1
W|645|0|2|ADEL_B14|XA10TEX|22|256|0|1|1|22|0|-2016|3168|-1952|3168|108|223|1
W|645|1|2|ADEL_B14|XA10TEX|0|768|0|1|1|0|0|-1952|3168|-2016|3168|223|108|1
W|646|0|2|ADEL_B14|XA10TEX|0|768|0|1|1|0|0|-2016|3200|-1952|3200|223|110|1
W|646|1|2|ADEL_B14|XA10TEX|63|256|0|1|1|63|0|-1952|3200|-2016|3200|110|223|1
W|647|0|2|ADEL_B14|XA10TEX|22|384|0|1|1|22|0|-1952|3168|-1888|3168|108|222|1
W|647|1|2|ADEL_B14|XA10TEX|0|768|0|1|1|0|0|-1888|3168|-1952|3168|222|108|1
W|648|0|2|ADEL_B14|XA10TEX|0|768|0|1|1|0|0|-1952|3200|-1888|3200|222|110|1
W|648|1|2|ADEL_B14|XA10TEX|63|384|0|1|1|63|0|-1888|3200|-1952|3200|110|222|1
W|649|0|2|ADEL_B14|XA10TEX|22|256|0|1|1|22|0|-1888|3168|-1824|3168|108|221|1
W|649|1|2|ADEL_B14|XA10TEX|0|768|0|1|1|0|0|-1824|3168|-1888|3168|221|108|1
W|650|0|2|ADEL_B14|XA10TEX|0|768|0|1|1|0|0|-1888|3200|-1824|3200|221|110|1
W|650|1|2|ADEL_B14|XA10TEX|63|256|0|1|1|63|0|-1824|3200|-1888|3200|110|221|1
W|651|0|2|ADEL_B14|XA10TEX|22|384|0|1|1|22|0|-1824|3168|-1760|3168|108|220|1
W|651|1|2|ADEL_B14|XA10TEX|0|768|0|1|1|0|0|-1760|3168|-1824|3168|220|108|1
W|652|0|2|ADEL_B14|XA10TEX|0|768|0|1|1|0|0|-1824|3200|-1760|3200|220|110|1
W|652|1|2|ADEL_B14|XA10TEX|63|384|0|1|1|63|0|-1760|3200|-1824|3200|110|220|1
W|653|0|2|ADEL_B14|XA10TEX|22|256|0|1|1|22|0|-1760|3168|-1696|3168|108|219|1
W|653|1|2|ADEL_B14|XA10TEX|0|768|0|1|1|0|0|-1696|3168|-1760|3168|219|108|1
W|654|0|2|ADEL_B14|XA10TEX|0|768|0|1|1|0|0|-1760|3200|-1696|3200|219|110|1
W|654|1|2|ADEL_B14|XA10TEX|63|256|0|1|1|63|0|-1696|3200|-1760|3200|110|219|1
W|655|0|2|ADEL_B14|XA10TEX|22|384|0|1|1|22|0|-1696|3168|-1632|3168|108|218|1
W|655|1|2|ADEL_B14|XA10TEX|0|768|0|1|1|0|0|-1632|3168|-1696|3168|218|108|1
W|656|0|2|ADEL_B14|XA10TEX|0|768|0|1|1|0|0|-1696|3200|-1632|3200|218|110|1
W|656|1|2|ADEL_B14|XA10TEX|63|384|0|1|1|63|0|-1632|3200|-1696|3200|110|218|1
W|657|0|2|ADEL_B14|XA10TEX|22|256|0|1|1|22|0|-1632|3168|-1568|3168|108|217|1
W|657|1|2|ADEL_B14|XA10TEX|0|768|0|1|1|0|0|-1568|3168|-1632|3168|217|108|1
W|658|0|2|ADEL_B14|XA10TEX|0|768|0|1|1|0|0|-1632|3200|-1568|3200|217|110|1
W|658|1|2|ADEL_B14|XA10TEX|63|256|0|1|1|63|0|-1568|3200|-1632|3200|110|217|1
W|659|0|2|ADEL_B14|XA10TEX|22|384|0|1|1|22|0|-1568|3168|-1504|3168|108|216|1
W|659|1|2|ADEL_B14|XA10TEX|0|768|0|1|1|0|0|-1504|3168|-1568|3168|216|108|1
W|660|0|2|ADEL_B14|XA10TEX|0|768|0|1|1|0|0|-1568|3200|-1504|3200|216|110|1
W|660|1|2|ADEL_B14|XA10TEX|63|384|0|1|1|63|0|-1504|3200|-1568|3200|110|216|1
W|661|0|2|ADEL_B14|XA10TEX|22|256|0|1|1|22|0|-1504|3168|-1440|3168|108|215|1
W|661|1|2|ADEL_B14|XA10TEX|0|768|0|1|1|0|0|-1440|3168|-1504|3168|215|108|1
W|662|0|2|ADEL_B14|XA10TEX|0|768|0|1|1|0|0|-1504|3200|-1440|3200|215|110|1
W|662|1|2|ADEL_B14|XA10TEX|63|256|0|1|1|63|0|-1440|3200|-1504|3200|110|215|1
W|663|0|2|ADEL_B14|XA10TEX|22|384|0|1|1|22|0|-1440|3168|-1376|3168|108|214|1
W|663|1|2|ADEL_B14|XA10TEX|0|768|0|1|1|0|0|-1376|3168|-1440|3168|214|108|1
W|664|0|2|ADEL_B14|XA10TEX|0|768|0|1|1|0|0|-1440|3200|-1376|3200|214|110|1
W|664|1|2|ADEL_B14|XA10TEX|63|384|0|1|1|63|0|-1376|3200|-1440|3200|110|214|1
W|665|0|2|ADEL_B14|XA10TEX|22|256|0|1|1|22|0|-1376|3168|-1312|3168|108|213|1
W|665|1|2|ADEL_B14|XA10TEX|0|768|0|1|1|0|0|-1312|3168|-1376|3168|213|108|1
W|666|0|2|ADEL_B14|XA10TEX|0|768|0|1|1|0|0|-1376|3200|-1312|3200|213|110|1
W|666|1|2|ADEL_B14|XA10TEX|63|256|0|1|1|63|0|-1312|3200|-1376|3200|110|213|1
W|667|0|2|ADEL_B14|XA10TEX|22|256|0|1|1|22|0|-1248|3168|-1184|3168|1|211|1
W|667|1|2|ADEL_B14|XA10TEX|0|768|0|1|1|0|0|-1184|3168|-1248|3168|211|1|1
W|668|0|2|ADEL_B14|XA10TEX|0|768|0|1|1|0|0|-1248|3200|-1184|3200|211|110|1
W|668|1|2|ADEL_B14|XA10TEX|63|256|0|1|1|63|0|-1184|3200|-1248|3200|110|211|1
W|669|0|2|ADEL_B14|XA10TEX|22|384|0|1|1|22|0|-1184|3168|-1120|3168|1|210|1
W|669|1|2|ADEL_B14|XA10TEX|0|768|0|1|1|0|0|-1120|3168|-1184|3168|210|1|1
W|670|0|2|ADEL_B14|XA10TEX|0|768|0|1|1|0|0|-1184|3200|-1120|3200|210|110|1
W|670|1|2|ADEL_B14|XA10TEX|63|384|0|1|1|63|0|-1120|3200|-1184|3200|110|210|1
W|671|0|2|ADEL_B14|XA10TEX|22|256|0|1|1|22|0|-1120|3168|-1056|3168|1|209|1
W|671|1|2|ADEL_B14|XA10TEX|0|768|0|1|1|0|0|-1056|3168|-1120|3168|209|1|1
W|672|0|2|ADEL_B14|XA10TEX|0|768|0|1|1|0|0|-1120|3200|-1056|3200|209|110|1
W|672|1|2|ADEL_B14|XA10TEX|63|256|0|1|1|63|0|-1056|3200|-1120|3200|110|209|1
W|673|0|2|ADEL_B14|XA10TEX|22|384|0|1|1|22|0|-1056|3168|-992|3168|1|208|1
W|673|1|2|ADEL_B14|XA10TEX|0|768|0|1|1|0|0|-992|3168|-1056|3168|208|1|1
W|674|0|2|ADEL_B14|XA10TEX|0|768|0|1|1|0|0|-1056|3200|-992|3200|208|110|1
W|674|1|2|ADEL_B14|XA10TEX|63|384|0|1|1|63|0|-992|3200|-1056|3200|110|208|1
W|675|0|2|ADEL_B14|XA10TEX|22|256|0|1|1|22|0|-992|3168|-928|3168|1|207|1
W|675|1|2|ADEL_B14|XA10TEX|0|768|0|1|1|0|0|-928|3168|-992|3168|207|1|1
W|676|0|2|ADEL_B14|XA10TEX|0|768|0|1|1|0|0|-992|3200|-928|3200|207|110|1
W|676|1|2|ADEL_B14|XA10TEX|63|256|0|1|1|63|0|-928|3200|-992|3200|110|207|1
W|677|0|2|ADEL_B14|XA10TEX|22|384|0|1|1|22|0|-928|3168|-864|3168|1|206|1
W|677|1|2|ADEL_B14|XA10TEX|0|768|0|1|1|0|0|-864|3168|-928|3168|206|1|1
W|678|0|2|ADEL_B14|XA10TEX|0|768|0|1|1|0|0|-928|3200|-864|3200|206|110|1
W|678|1|2|ADEL_B14|XA10TEX|63|384|0|1|1|63|0|-864|3200|-928|3200|110|206|1
W|679|0|2|ADEL_B14|XA10TEX|22|256|0|1|1|22|0|-864|3168|-800|3168|1|205|1
W|679|1|2|ADEL_B14|XA10TEX|0|768|0|1|1|0|0|-800|3168|-864|3168|205|1|1
W|680|0|2|ADEL_B14|XA10TEX|0|768|0|1|1|0|0|-864|3200|-800|3200|205|110|1
W|680|1|2|ADEL_B14|XA10TEX|63|256|0|1|1|63|0|-800|3200|-864|3200|110|205|1
W|681|0|2|ADEL_B14|XA10TEX|22|384|0|1|1|22|0|-800|3168|-736|3168|1|204|1
W|681|1|2|ADEL_B14|XA10TEX|0|768|0|1|1|0|0|-736|3168|-800|3168|204|1|1
W|682|0|2|ADEL_B14|XA10TEX|0|768|0|1|1|0|0|-800|3200|-736|3200|204|110|1
W|682|1|2|ADEL_B14|XA10TEX|63|384|0|1|1|63|0|-736|3200|-800|3200|110|204|1
W|683|0|2|ADEL_B14|XA10TEX|22|256|0|1|1|22|0|-736|3168|-672|3168|1|203|1
W|683|1|2|ADEL_B14|XA10TEX|0|768|0|1|1|0|0|-672|3168|-736|3168|203|1|1
W|684|0|2|ADEL_B14|XA10TEX|0|768|0|1|1|0|0|-736|3200|-672|3200|203|110|1
W|684|1|2|ADEL_B14|XA10TEX|63|256|0|1|1|63|0|-672|3200|-736|3200|110|203|1
W|685|0|2|ADEL_B14|XA10TEX|22|384|0|1|1|22|0|-672|3168|-608|3168|1|202|1
W|685|1|2|ADEL_B14|XA10TEX|0|768|0|1|1|0|0|-608|3168|-672|3168|202|1|1
W|686|0|2|ADEL_B14|XA10TEX|0|768|0|1|1|0|0|-672|3200|-608|3200|202|110|1
W|686|1|2|ADEL_B14|XA10TEX|63|384|0|1|1|63|0|-608|3200|-672|3200|110|202|1
W|687|0|2|ADEL_B14|XA10TEX|22|256|0|1|1|22|0|-608|3168|-544|3168|1|201|1
W|687|1|2|ADEL_B14|XA10TEX|0|768|0|1|1|0|0|-544|3168|-608|3168|201|1|1
W|688|0|2|ADEL_B14|XA10TEX|0|768|0|1|1|0|0|-608|3200|-544|3200|201|110|1
W|688|1|2|ADEL_B14|XA10TEX|63|256|0|1|1|63|0|-544|3200|-608|3200|110|201|1
W|689|0|2|ADEL_B14|XA10TEX|22|384|0|1|1|22|0|-544|3168|-480|3168|1|200|1
W|689|1|2|ADEL_B14|XA10TEX|0|768|0|1|1|0|0|-480|3168|-544|3168|200|1|1
W|690|0|2|ADEL_B14|XA10TEX|0|768|0|1|1|0|0|-544|3200|-480|3200|200|110|1
W|690|1|2|ADEL_B14|XA10TEX|63|384|0|1|1|63|0|-480|3200|-544|3200|110|200|1
W|691|0|2|ADEL_B14|XA10TEX|22|256|0|1|1|22|0|-480|3168|-416|3168|1|199|1
W|691|1|2|ADEL_B14|XA10TEX|0|768|0|1|1|0|0|-416|3168|-480|3168|199|1|1
W|692|0|2|ADEL_B14|XA10TEX|0|768|0|1|1|0|0|-480|3200|-416|3200|199|110|1
W|692|1|2|ADEL_B14|XA10TEX|63|256|0|1|1|63|0|-416|3200|-480|3200|110|199|1
W|693|0|2|ADEL_B14|XA10TEX|0|768|0|1|1|0|0|-2144|5056|-2208|5056|156|110|1
W|693|1|2|ADEL_B14|XA10TEX|38|256|0|1|1|38|0|-2208|5056|-2144|5056|110|156|1
W|694|0|2|ADEL_B14|XA10TEX|21|256|0|1|1|21|0|-2144|5088|-2208|5088|9|156|1
W|694|1|2|ADEL_B14|XA10TEX|0|768|0|1|1|0|0|-2208|5088|-2144|5088|156|9|1
W|695|0|2|ADEL_B14|XA10TEX|0|768|0|1|1|0|0|-2080|5056|-2144|5056|155|110|1
W|695|1|2|ADEL_B14|XA10TEX|38|384|0|1|1|38|0|-2144|5056|-2080|5056|110|155|1
W|696|0|2|ADEL_B14|XA10TEX|21|384|0|1|1|21|0|-2080|5088|-2144|5088|9|155|1
W|696|1|2|ADEL_B14|XA10TEX|0|768|0|1|1|0|0|-2144|5088|-2080|5088|155|9|1
W|697|0|2|ADEL_B14|XA10TEX|0|768|0|1|1|0|0|-2016|5056|-2080|5056|226|110|1
W|697|1|2|ADEL_B14|XA10TEX|38|256|0|1|1|38|0|-2080|5056|-2016|5056|110|226|1
W|698|0|2|ADEL_B14|XA10TEX|21|256|0|1|1|21|0|-2016|5088|-2080|5088|9|226|1
W|698|1|2|ADEL_B14|XA10TEX|0|768|0|1|1|0|0|-2080|5088|-2016|5088|226|9|1
W|699|0|2|ADEL_B14|XA10TEX|0|768|0|1|1|0|0|-1952|5056|-2016|5056|227|110|1
W|699|1|2|ADEL_B14|XA10TEX|38|384|0|1|1|38|0|-2016|5056|-1952|5056|110|227|1
W|700|0|2|ADEL_B14|XA10TEX|21|384|0|1|1|21|0|-1952|5088|-2016|5088|9|227|1
W|700|1|2|ADEL_B14|XA10TEX|0|768|0|1|1|0|0|-2016|5088|-1952|5088|227|9|1
W|701|0|2|ADEL_B14|XA10TEX|0|768|0|1|1|0|0|-1888|5056|-1952|5056|228|110|1
W|701|1|2|ADEL_B14|XA10TEX|38|256|0|1|1|38|0|-1952|5056|-1888|5056|110|228|1
W|702|0|2|ADEL_B14|XA10TEX|21|256|0|1|1|21|0|-1888|5088|-1952|5088|9|228|1
W|702|1|2|ADEL_B14|XA10TEX|0|768|0|1|1|0|0|-1952|5088|-1888|5088|228|9|1
W|703|0|2|ADEL_B14|XA10TEX|0|768|0|1|1|0|0|-1824|5056|-1888|5056|229|110|1
W|703|1|2|ADEL_B14|XA10TEX|38|384|0|1|1|38|0|-1888|5056|-1824|5056|110|229|1
W|704|0|2|ADEL_B14|XA10TEX|21|384|0|1|1|21|0|-1824|5088|-1888|5088|9|229|1
W|704|1|2|ADEL_B14|XA10TEX|0|768|0|1|1|0|0|-1888|5088|-1824|5088|229|9|1
W|705|0|2|ADEL_B14|XA10TEX|0|768|0|1|1|0|0|-1760|5056|-1824|5056|230|110|1
W|705|1|2|ADEL_B14|XA10TEX|38|256|0|1|1|38|0|-1824|5056|-1760|5056|110|230|1
W|706|0|2|ADEL_B14|XA10TEX|21|256|0|1|1|21|0|-1760|5088|-1824|5088|9|230|1
W|706|1|2|ADEL_B14|XA10TEX|0|768|0|1|1|0|0|-1824|5088|-1760|5088|230|9|1
W|707|0|2|ADEL_B14|XA10TEX|0|768|0|1|1|0|0|-1696|5056|-1760|5056|231|110|1
W|707|1|2|ADEL_B14|XA10TEX|38|384|0|1|1|38|0|-1760|5056|-1696|5056|110|231|1
W|708|0|2|ADEL_B14|XA10TEX|21|384|0|1|1|21|0|-1696|5088|-1760|5088|9|231|1
W|708|1|2|ADEL_B14|XA10TEX|0|768|0|1|1|0|0|-1760|5088|-1696|5088|231|9|1
W|709|0|2|ADEL_B14|XA10TEX|0|768|0|1|1|0|0|-1632|5056|-1696|5056|232|110|1
W|709|1|2|ADEL_B14|XA10TEX|38|256|0|1|1|38|0|-1696|5056|-1632|5056|110|232|1
W|710|0|2|ADEL_B14|XA10TEX|21|256|0|1|1|21|0|-1632|5088|-1696|5088|9|232|1
W|710|1|2|ADEL_B14|XA10TEX|0|768|0|1|1|0|0|-1696|5088|-1632|5088|232|9|1
W|711|0|2|ADEL_B14|XA10TEX|0|768|0|1|1|0|0|-1568|5056|-1632|5056|233|110|1
W|711|1|2|ADEL_B14|XA10TEX|38|384|0|1|1|38|0|-1632|5056|-1568|5056|110|233|1
W|712|0|2|ADEL_B14|XA10TEX|21|384|0|1|1|21|0|-1568|5088|-1632|5088|9|233|1
W|712|1|2|ADEL_B14|XA10TEX|0|768|0|1|1|0|0|-1632|5088|-1568|5088|233|9|1
W|713|1|2|ADEL_B14|XA10TEX|38|384|0|1|1|38|0|-1568|5056|-1536|5056|110|234|1
W|1092|1|2|ADEL_B14|XA10TEX|70|384|0|1|1|53|0|-1536|5056|-1536|5072|285|234|1
W|946|1|2|ADEL_B14|XA10TEX|86|384|0|1|1|5|0|-1536|5072|-1536|5104|9|234|1
W|714|0|2|ADEL_B14|XA10TEX|118|384|0|1|1|37|0|-1536|5104|-1568|5104|9|234|1
W|1097|0|2|ADEL_B14|XA10TEX|150|384|0|1|1|5|0|-1568|5104|-1568|5088|9|234|1
W|715|0|2|ADEL_B14|XA10TEX|0|768|0|1|1|0|0|-1248|5056|-1280|5056|235|110|1
W|947|0|2|ADEL_B14|XA10TEX|32|768|0|1|1|0|0|-1280|5056|-1280|5072|235|285|1
W|1093|0|2|ADEL_B14|XA10TEX|48|768|0|1|1|0|0|-1280|5072|-1280|5104|235|9|1
W|1098|1|2|ADEL_B14|XA10TEX|80|768|0|1|1|0|0|-1280|5104|-1248|5104|235|9|1
W|716|1|2|ADEL_B14|XA10TEX|112|768|0|1|1|0|0|-1248|5104|-1248|5088|235|9|1
W|716|0|2|ADEL_B14|XA10TEX|24|384|0|1|1|24|0|-1248|5088|-1248|5104|9|235|1
W|1098|0|2|ADEL_B14|XA10TEX|40|384|0|1|1|40|0|-1248|5104|-1280|5104|9|235|1
W|1093|1|2|ADEL_B14|XA10TEX|72|384|0|1|1|8|0|-1280|5104|-1280|5072|9|235|1
W|947|1|2|ADEL_B14|XA10TEX|104|384|0|1|1|40|0|-1280|5072|-1280|5056|285|235|1
W|715|1|2|ADEL_B14|XA10TEX|120|384|0|1|1|56|0|-1280|5056|-1248|5056|110|235|1
W|717|0|2|ADEL_B14|XA10TEX|0|768|0|1|1|0|0|-1184|5056|-1248|5056|236|110|1
W|717|1|2|ADEL_B14|XA10TEX|24|384|0|1|1|24|0|-1248|5056|-1184|5056|110|236|1
W|718|0|2|ADEL_B14|XA10TEX|24|384|0|1|1|24|0|-1184|5088|-1248|5088|9|236|1
W|718|1|2|ADEL_B14|XA10TEX|0|768|0|1|1|0|0|-1248|5088|-1184|5088|236|9|1
W|719|0|2|ADEL_B14|XA10TEX|0|768|0|1|1|0|0|-1120|5056|-1184|5056|237|110|1
W|719|1|2|ADEL_B14|XA10TEX|24|256|0|1|1|24|0|-1184|5056|-1120|5056|110|237|1
W|720|0|2|ADEL_B14|XA10TEX|24|256|0|1|1|24|0|-1120|5088|-1184|5088|9|237|1
W|720|1|2|ADEL_B14|XA10TEX|0|768|0|1|1|0|0|-1184|5088|-1120|5088|237|9|1
W|721|0|2|ADEL_B14|XA10TEX|0|768|0|1|1|0|0|-1056|5056|-1120|5056|238|110|1
W|721|1|2|ADEL_B14|XA10TEX|24|384|0|1|1|24|0|-1120|5056|-1056|5056|110|238|1
W|722|0|2|ADEL_B14|XA10TEX|24|384|0|1|1|24|0|-1056|5088|-1120|5088|9|238|1
W|722|1|2|ADEL_B14|XA10TEX|0|768|0|1|1|0|0|-1120|5088|-1056|5088|238|9|1
W|723|0|2|ADEL_B14|XA10TEX|0|768|0|1|1|0|0|-992|5056|-1056|5056|239|110|1
W|723|1|2|ADEL_B14|XA10TEX|24|256|0|1|1|24|0|-1056|5056|-992|5056|110|239|1
W|724|0|2|ADEL_B14|XA10TEX|24|256|0|1|1|24|0|-992|5088|-1056|5088|9|239|1
W|724|1|2|ADEL_B14|XA10TEX|0|768|0|1|1|0|0|-1056|5088|-992|5088|239|9|1
W|725|0|2|ADEL_B14|XA10TEX|0|768|0|1|1|0|0|-928|5056|-992|5056|240|110|1
W|725|1|2|ADEL_B14|XA10TEX|24|384|0|1|1|24|0|-992|5056|-928|5056|110|240|1
W|726|0|2|ADEL_B14|XA10TEX|24|384|0|1|1|24|0|-928|5088|-992|5088|9|240|1
W|726|1|2|ADEL_B14|XA10TEX|0|768|0|1|1|0|0|-992|5088|-928|5088|240|9|1
W|727|0|2|ADEL_B14|XA10TEX|0|768|0|1|1|0|0|-864|5056|-928|5056|241|110|1
W|727|1|2|ADEL_B14|XA10TEX|24|256|0|1|1|24|0|-928|5056|-864|5056|110|241|1
W|728|0|2|ADEL_B14|XA10TEX|24|256|0|1|1|24|0|-864|5088|-928|5088|9|241|1
W|728|1|2|ADEL_B14|XA10TEX|0|768|0|1|1|0|0|-928|5088|-864|5088|241|9|1
W|729|0|2|ADEL_B14|XA10TEX|0|768|0|1|1|0|0|-800|5056|-864|5056|242|110|1
W|729|1|2|ADEL_B14|XA10TEX|24|384|0|1|1|24|0|-864|5056|-800|5056|110|242|1
W|730|0|2|ADEL_B14|XA10TEX|24|384|0|1|1|24|0|-800|5088|-864|5088|9|242|1
W|730|1|2|ADEL_B14|XA10TEX|0|768|0|1|1|0|0|-864|5088|-800|5088|242|9|1
W|731|0|2|ADEL_B14|XA10TEX|0|768|0|1|1|0|0|-736|5056|-800|5056|243|110|1
W|731|1|2|ADEL_B14|XA10TEX|24|256|0|1|1|24|0|-800|5056|-736|5056|110|243|1
W|732|0|2|ADEL_B14|XA10TEX|24|256|0|1|1|24|0|-736|5088|-800|5088|9|243|1
W|732|1|2|ADEL_B14|XA10TEX|0|768|0|1|1|0|0|-800|5088|-736|5088|243|9|1
W|733|0|2|ADEL_B14|XA10TEX|0|768|0|1|1|0|0|-672|5056|-736|5056|244|110|1
W|733|1|2|ADEL_B14|XA10TEX|24|384|0|1|1|24|0|-736|5056|-672|5056|110|244|1
W|734|0|2|ADEL_B14|XA10TEX|24|384|0|1|1|24|0|-672|5088|-736|5088|9|244|1
W|734|1|2|ADEL_B14|XA10TEX|0|768|0|1|1|0|0|-736|5088|-672|5088|244|9|1
W|735|0|2|ADEL_B14|XA10TEX|0|768|0|1|1|0|0|-608|5056|-672|5056|245|110|1
W|735|1|2|ADEL_B14|XA10TEX|24|256|0|1|1|24|0|-672|5056|-608|5056|110|245|1
W|736|0|2|ADEL_B14|XA10TEX|24|256|0|1|1|24|0|-608|5088|-672|5088|9|245|1
W|736|1|2|ADEL_B14|XA10TEX|0|768|0|1|1|0|0|-672|5088|-608|5088|245|9|1
W|737|0|2|ADEL_B14|XA10TEX|0|768|0|1|1|0|0|-544|5056|-608|5056|246|110|1
W|737|1|2|ADEL_B14|XA10TEX|24|384|0|1|1|24|0|-608|5056|-544|5056|110|246|1
W|738|0|2|ADEL_B14|XA10TEX|24|384|0|1|1|24|0|-544|5088|-608|5088|9|246|1
W|738|1|2|ADEL_B14|XA10TEX|0|768|0|1|1|0|0|-608|5088|-544|5088|246|9|1
W|739|0|2|ADEL_B14|XA10TEX|24|256|0|1|1|24|0|-480|5088|-544|5088|9|247|1
W|739|1|2|ADEL_B14|XA10TEX|0|768|0|1|1|0|0|-544|5088|-480|5088|247|9|1
W|740|0|2|ADEL_B14|XA10TEX|0|768|0|1|1|0|0|-480|5056|-544|5056|247|110|1
W|740|1|2|ADEL_B14|XA10TEX|24|256|0|1|1|24|0|-544|5056|-480|5056|110|247|1
W|741|0|2|ADEL_B14|XA10TEX|0|768|0|1|1|0|0|-2432|4768|-2432|4704|121|110|1
W|741|1|2|ADEL_B14|XA10TEX|51|256|0|1|1|51|0|-2432|4704|-2432|4768|110|121|1
W|742|0|2|ADEL_B14|XA10TEX|0|768|0|1|1|0|0|-2432|4704|-2432|4640|120|110|1
W|742|1|2|ADEL_B14|XA10TEX|51|384|0|1|1|51|0|-2432|4640|-2432|4704|110|120|1
W|743|0|2|ADEL_B14|XA10TEX|0|768|0|1|1|0|0|-2432|4640|-2432|4576|123|110|1
W|743|1|2|ADEL_B14|XA10TEX|51|256|0|1|1|51|0|-2432|4576|-2432|4640|110|123|1
W|744|0|2|ADEL_B14|XA10TEX|0|768|0|1|1|0|0|-2432|4576|-2432|4512|124|110|1
W|744|1|2|ADEL_B14|XA10TEX|51|384|0|1|1|51|0|-2432|4512|-2432|4576|110|124|1
W|745|0|2|ADEL_B14|XA10TEX|0|768|0|1|1|0|0|-2432|4512|-2432|4448|125|110|1
W|745|1|2|ADEL_B14|XA10TEX|51|256|0|1|1|51|0|-2432|4448|-2432|4512|110|125|1
W|746|0|2|ADEL_B14|XA10TEX|0|768|0|1|1|0|0|-2432|4448|-2432|4384|126|110|1
W|746|1|2|ADEL_B14|XA10TEX|51|384|0|1|1|51|0|-2432|4384|-2432|4448|110|126|1
W|747|0|2|ADEL_B14|XA10TEX|0|768|0|1|1|0|0|-2432|4384|-2432|4320|127|110|1
W|747|1|2|ADEL_B14|XA10TEX|51|256|0|1|1|51|0|-2432|4320|-2432|4384|110|127|1
W|748|0|2|ADEL_B14|XA10TEX|0|768|0|1|1|0|0|-2432|4320|-2432|4256|128|110|1
W|748|1|2|ADEL_B14|XA10TEX|51|384|0|1|1|51|0|-2432|4256|-2432|4320|110|128|1
W|749|0|2|ADEL_B14|XA10TEX|0|768|0|1|1|0|0|-2432|4256|-2432|4192|129|110|1
W|749|1|2|ADEL_B14|XA10TEX|51|256|0|1|1|51|0|-2432|4192|-2432|4256|110|129|1
W|750|0|2|ADEL_B14|XA10TEX|0|768|0|1|1|0|0|-2432|4192|-2432|4128|130|110|1
W|750|1|2|ADEL_B14|XA10TEX|51|384|0|1|1|51|0|-2432|4128|-2432|4192|110|130|1
W|751|0|2|ADEL_B14|XA10TEX|0|768|0|1|1|0|0|-2432|4128|-2432|4064|131|110|1
W|751|1|2|ADEL_B14|XA10TEX|51|256|0|1|1|51|0|-2432|4064|-2432|4128|110|131|1
W|752|0|2|ADEL_B14|XA10TEX|0|768|0|1|1|0|0|-2432|4064|-2432|4000|132|110|1
W|752|1|2|ADEL_B14|XA10TEX|51|384|0|1|1|51|0|-2432|4000|-2432|4064|110|132|1
W|753|0|2|ADEL_B14|XA10TEX|0|768|0|1|1|0|0|-2432|4000|-2432|3936|133|110|1
W|753|1|2|ADEL_B14|XA10TEX|51|256|0|1|1|51|0|-2432|3936|-2432|4000|110|133|1
W|754|0|2|ADEL_B14|XA10TEX|0|768|0|1|1|0|0|-2432|3936|-2432|3872|134|110|1
W|754|1|2|ADEL_B14|XA10TEX|51|384|0|1|1|51|0|-2432|3872|-2432|3936|110|134|1
W|755|0|2|ADEL_B14|XA10TEX|0|768|0|1|1|0|0|-2432|3744|-2432|3680|137|110|1
W|755|1|2|ADEL_B14|XA10TEX|51|256|0|1|1|51|0|-2432|3680|-2432|3744|110|137|1
W|756|0|2|ADEL_B14|XA10TEX|0|768|0|1|1|0|0|-2432|3808|-2432|3744|136|110|1
W|756|1|2|ADEL_B14|XA10TEX|51|384|0|1|1|51|0|-2432|3744|-2432|3808|110|136|1
W|757|0|2|ADEL_B14|XA10TEX|0|768|0|1|1|0|0|-2432|3872|-2432|3808|135|110|1
W|757|1|2|ADEL_B14|XA10TEX|51|256|0|1|1|51|0|-2432|3808|-2432|3872|110|135|1
W|758|0|2|ADEL_B14|XA10TEX|0|768|0|1|1|0|0|-2432|3680|-2432|3616|138|110|1
W|758|1|2|ADEL_B14|XA10TEX|51|384|0|1|1|51|0|-2432|3616|-2432|3680|110|138|1
W|759|0|2|ADEL_B14|XA10TEX|0|768|0|1|1|0|0|-2432|3616|-2432|3552|139|110|1
W|759|1|2|ADEL_B14|XA10TEX|51|256|0|1|1|51|0|-2432|3552|-2432|3616|110|139|1
W|760|0|2|ADEL_B14|XA10TEX|0|768|0|1|1|0|0|-2432|3552|-2432|3488|140|110|1
W|760|1|2|ADEL_B14|XA10TEX|51|384|0|1|1|51|0|-2432|3488|-2432|3552|110|140|1
W|761|0|2|ADEL_B14|XA10TEX|54|256|0|1|1|54|0|-2464|4768|-2464|4704|9|121|1
W|761|1|2|ADEL_B14|XA10TEX|0|768|0|1|1|0|0|-2464|4704|-2464|4768|121|9|1
W|762|0|2|ADEL_B14|XA10TEX|54|384|0|1|1|54|0|-2464|4704|-2464|4640|9|120|1
W|762|1|2|ADEL_B14|XA10TEX|0|768|0|1|1|0|0|-2464|4640|-2464|4704|120|9|1
W|763|0|2|ADEL_B14|XA10TEX|54|256|0|1|1|54|0|-2464|4640|-2464|4576|9|123|1
W|763|1|2|ADEL_B14|XA10TEX|0|768|0|1|1|0|0|-2464|4576|-2464|4640|123|9|1
W|764|0|2|ADEL_B14|XA10TEX|54|384|0|1|1|54|0|-2464|4576|-2464|4512|9|124|1
W|764|1|2|ADEL_B14|XA10TEX|0|768|0|1|1|0|0|-2464|4512|-2464|4576|124|9|1
W|765|0|2|ADEL_B14|XA10TEX|54|256|0|1|1|54|0|-2464|4512|-2464|4448|9|125|1
W|765|1|2|ADEL_B14|XA10TEX|0|768|0|1|1|0|0|-2464|4448|-2464|4512|125|9|1
W|766|0|2|ADEL_B14|XA10TEX|54|384|0|1|1|54|0|-2464|4448|-2464|4384|9|126|1
W|766|1|2|ADEL_B14|XA10TEX|0|768|0|1|1|0|0|-2464|4384|-2464|4448|126|9|1
W|767|0|2|ADEL_B14|XA10TEX|54|256|0|1|1|54|0|-2464|4384|-2464|4320|9|127|1
W|767|1|2|ADEL_B14|XA10TEX|0|768|0|1|1|0|0|-2464|4320|-2464|4384|127|9|1
W|768|0|2|ADEL_B14|XA10TEX|54|384|0|1|1|54|0|-2464|4320|-2464|4256|9|128|1
W|768|1|2|ADEL_B14|XA10TEX|0|768|0|1|1|0|0|-2464|4256|-2464|4320|128|9|1
W|769|0|2|ADEL_B14|XA10TEX|54|256|0|1|1|54|0|-2464|4256|-2464|4192|9|129|1
W|769|1|2|ADEL_B14|XA10TEX|0|768|0|1|1|0|0|-2464|4192|-2464|4256|129|9|1
W|770|0|2|ADEL_B14|XA10TEX|54|256|0|1|1|54|0|-2464|4128|-2464|4064|1|131|1
W|770|1|2|ADEL_B14|XA10TEX|0|768|0|1|1|0|0|-2464|4064|-2464|4128|131|1|1
W|771|0|2|ADEL_B14|XA10TEX|54|384|0|1|1|54|0|-2464|4064|-2464|4000|1|132|1
W|771|1|2|ADEL_B14|XA10TEX|0|768|0|1|1|0|0|-2464|4000|-2464|4064|132|1|1
W|772|0|2|ADEL_B14|XA10TEX|54|256|0|1|1|54|0|-2464|4000|-2464|3936|1|133|1
W|772|1|2|ADEL_B14|XA10TEX|0|768|0|1|1|0|0|-2464|3936|-2464|4000|133|1|1
W|773|0|2|ADEL_B14|XA10TEX|54|384|0|1|1|54|0|-2464|3936|-2464|3872|1|134|1
W|773|1|2|ADEL_B14|XA10TEX|0|768|0|1|1|0|0|-2464|3872|-2464|3936|134|1|1
W|774|0|2|ADEL_B14|XA10TEX|54|256|0|1|1|54|0|-2464|3744|-2464|3680|1|137|1
W|774|1|2|ADEL_B14|XA10TEX|0|768|0|1|1|0|0|-2464|3680|-2464|3744|137|1|1
W|775|0|2|ADEL_B14|XA10TEX|54|384|0|1|1|54|0|-2464|3808|-2464|3744|1|136|1
W|775|1|2|ADEL_B14|XA10TEX|0|768|0|1|1|0|0|-2464|3744|-2464|3808|136|1|1
W|776|0|2|ADEL_B14|XA10TEX|54|256|0|1|1|54|0|-2464|3872|-2464|3808|1|135|1
W|776|1|2|ADEL_B14|XA10TEX|0|768|0|1|1|0|0|-2464|3808|-2464|3872|135|1|1
W|777|0|2|ADEL_B14|XA10TEX|54|384|0|1|1|54|0|-2464|3680|-2464|3616|1|138|1
W|777|1|2|ADEL_B14|XA10TEX|0|768|0|1|1|0|0|-2464|3616|-2464|3680|138|1|1
W|778|0|2|ADEL_B14|XA10TEX|54|256|0|1|1|54|0|-2464|3616|-2464|3552|1|139|1
W|778|1|2|ADEL_B14|XA10TEX|0|768|0|1|1|0|0|-2464|3552|-2464|3616|139|1|1
W|779|0|2|ADEL_B14|XA10TEX|0|768|0|1|1|0|0|-2432|3488|-2432|3424|141|110|1
W|779|1|2|ADEL_B14|XA10TEX|51|256|0|1|1|51|0|-2432|3424|-2432|3488|110|141|1
W|780|0|2|ADEL_B14|XA10TEX|54|256|0|1|1|54|0|-2464|3488|-2464|3424|108|141|1
W|780|1|2|ADEL_B14|XA10TEX|0|768|0|1|1|0|0|-2464|3424|-2464|3488|141|108|1
W|781|0|2|ADEL_B14|XA10TEX|0|768|0|1|1|0|0|-192|4768|-192|4832|168|110|1
W|781|1|2|ADEL_B14|XA10TEX|11|256|0|1|1|11|0|-192|4832|-192|4768|110|168|1
W|782|0|2|ADEL_B14|XA10TEX|54|256|0|1|1|54|0|-160|4768|-160|4832|9|168|1
W|782|1|2|ADEL_B14|XA10TEX|0|768|0|1|1|0|0|-160|4832|-160|4768|168|9|1
W|783|0|2|ADEL_B14|XA10TEX|0|768|0|1|1|0|0|-192|4704|-192|4768|169|110|1
W|783|1|2|ADEL_B14|XA10TEX|11|384|0|1|1|11|0|-192|4768|-192|4704|110|169|1
W|784|0|2|ADEL_B14|XA10TEX|54|384|0|1|1|54|0|-160|4704|-160|4768|9|169|1
W|784|1|2|ADEL_B14|XA10TEX|0|768|0|1|1|0|0|-160|4768|-160|4704|169|9|1
W|785|0|2|ADEL_B14|XA10TEX|0|768|0|1|1|0|0|-192|4640|-192|4704|170|110|1
W|785|1|2|ADEL_B14|XA10TEX|11|256|0|1|1|11|0|-192|4704|-192|4640|110|170|1
W|786|0|2|ADEL_B14|XA10TEX|54|256|0|1|1|54|0|-160|4640|-160|4704|9|170|1
W|786|1|2|ADEL_B14|XA10TEX|0|768|0|1|1|0|0|-160|4704|-160|4640|170|9|1
W|787|0|2|ADEL_B14|XA10TEX|0|768|0|1|1|0|0|-192|4576|-192|4640|171|110|1
W|787|1|2|ADEL_B14|XA10TEX|11|384|0|1|1|11|0|-192|4640|-192|4576|110|171|1
W|788|0|2|ADEL_B14|XA10TEX|54|384|0|1|1|54|0|-160|4576|-160|4640|9|171|1
W|788|1|2|ADEL_B14|XA10TEX|0|768|0|1|1|0|0|-160|4640|-160|4576|171|9|1
W|789|0|2|ADEL_B14|XA10TEX|0|768|0|1|1|0|0|-192|4512|-192|4576|172|110|1
W|789|1|2|ADEL_B14|XA10TEX|11|256|0|1|1|11|0|-192|4576|-192|4512|110|172|1
W|790|0|2|ADEL_B14|XA10TEX|54|256|0|1|1|54|0|-160|4512|-160|4576|9|172|1
W|790|1|2|ADEL_B14|XA10TEX|0|768|0|1|1|0|0|-160|4576|-160|4512|172|9|1
W|791|0|2|ADEL_B14|XA10TEX|0|768|0|1|1|0|0|-192|4448|-192|4512|173|110|1
W|791|1|2|ADEL_B14|XA10TEX|11|384|0|1|1|11|0|-192|4512|-192|4448|110|173|1
W|792|0|2|ADEL_B14|XA10TEX|54|384|0|1|1|54|0|-160|4448|-160|4512|9|173|1
W|792|1|2|ADEL_B14|XA10TEX|0|768|0|1|1|0|0|-160|4512|-160|4448|173|9|1
W|793|0|2|ADEL_B14|XA10TEX|0|768|0|1|1|0|0|-192|4384|-192|4448|174|110|1
W|793|1|2|ADEL_B14|XA10TEX|11|256|0|1|1|11|0|-192|4448|-192|4384|110|174|1
W|794|0|2|ADEL_B14|XA10TEX|54|256|0|1|1|54|0|-160|4384|-160|4448|9|174|1
W|794|1|2|ADEL_B14|XA10TEX|0|768|0|1|1|0|0|-160|4448|-160|4384|174|9|1
W|795|0|2|ADEL_B14|XA10TEX|0|768|0|1|1|0|0|-192|4320|-192|4384|175|110|1
W|795|1|2|ADEL_B14|XA10TEX|11|384|0|1|1|11|0|-192|4384|-192|4320|110|175|1
W|796|0|2|ADEL_B14|XA10TEX|54|384|0|1|1|54|0|-160|4320|-160|4384|9|175|1
W|796|1|2|ADEL_B14|XA10TEX|0|768|0|1|1|0|0|-160|4384|-160|4320|175|9|1
W|797|0|2|ADEL_B14|XA10TEX|0|768|0|1|1|0|0|-192|4256|-192|4320|176|110|1
W|797|1|2|ADEL_B14|XA10TEX|11|256|0|1|1|11|0|-192|4320|-192|4256|110|176|1
W|798|0|2|ADEL_B14|XA10TEX|54|256|0|1|1|54|0|-160|4256|-160|4320|9|176|1
W|798|1|2|ADEL_B14|XA10TEX|0|768|0|1|1|0|0|-160|4320|-160|4256|176|9|1
W|799|0|2|ADEL_B14|XA10TEX|0|768|0|1|1|0|0|-192|4192|-192|4256|177|110|1
W|799|1|2|ADEL_B14|XA10TEX|11|384|0|1|1|11|0|-192|4256|-192|4192|110|177|1
W|800|0|2|ADEL_B14|XA10TEX|54|384|0|1|1|54|0|-160|4192|-160|4256|9|177|1
W|800|1|2|ADEL_B14|XA10TEX|0|768|0|1|1|0|0|-160|4256|-160|4192|177|9|1
W|801|0|2|ADEL_B14|XA10TEX|0|768|0|1|1|0|0|-192|4128|-192|4192|178|110|1
W|801|1|2|ADEL_B14|XA10TEX|11|256|0|1|1|11|0|-192|4192|-192|4128|110|178|1
W|802|0|2|ADEL_B14|XA10TEX|54|256|0|1|1|54|0|-160|4128|-160|4192|9|178|1
W|802|1|2|ADEL_B14|XA10TEX|0|768|0|1|1|0|0|-160|4192|-160|4128|178|9|1
W|803|0|2|ADEL_B14|XA10TEX|0|768|0|1|1|0|0|-192|4064|-192|4128|180|110|1
W|803|1|2|ADEL_B14|XA10TEX|11|384|0|1|1|11|0|-192|4128|-192|4064|110|180|1
W|804|0|2|ADEL_B14|XA10TEX|0|768|0|1|1|0|0|-192|4000|-192|4064|122|110|1
W|804|1|2|ADEL_B14|XA10TEX|11|256|0|1|1|11|0|-192|4064|-192|4000|110|122|1
W|805|0|2|ADEL_B14|XA10TEX|54|256|0|1|1|54|0|-160|4000|-160|4064|1|122|1
W|805|1|2|ADEL_B14|XA10TEX|0|768|0|1|1|0|0|-160|4064|-160|4000|122|1|1
W|806|0|2|ADEL_B14|XA10TEX|0|768|0|1|1|0|0|-192|3936|-192|4000|181|110|1
W|806|1|2|ADEL_B14|XA10TEX|11|384|0|1|1|11|0|-192|4000|-192|3936|110|181|1
W|807|0|2|ADEL_B14|XA10TEX|54|384|0|1|1|54|0|-160|3936|-160|4000|1|181|1
W|807|1|2|ADEL_B14|XA10TEX|0|768|0|1|1|0|0|-160|4000|-160|3936|181|1|1
W|808|0|2|ADEL_B14|XA10TEX|0|768|0|1|1|0|0|-192|3872|-192|3936|182|110|1
W|808|1|2|ADEL_B14|XA10TEX|11|256|0|1|1|11|0|-192|3936|-192|3872|110|182|1
W|809|0|2|ADEL_B14|XA10TEX|54|256|0|1|1|54|0|-160|3872|-160|3936|1|182|1
W|809|1|2|ADEL_B14|XA10TEX|0|768|0|1|1|0|0|-160|3936|-160|3872|182|1|1
W|810|0|2|ADEL_B14|XA10TEX|0|768|0|1|1|0|0|-192|3680|-192|3744|185|110|1
W|810|1|2|ADEL_B14|XA10TEX|11|384|0|1|1|11|0|-192|3744|-192|3680|110|185|1
W|811|0|2|ADEL_B14|XA10TEX|54|384|0|1|1|54|0|-160|3680|-160|3744|1|185|1
W|811|1|2|ADEL_B14|XA10TEX|0|768|0|1|1|0|0|-160|3744|-160|3680|185|1|1
W|812|0|2|ADEL_B14|XA10TEX|0|768|0|1|1|0|0|-192|3744|-192|3808|184|110|1
W|812|1|2|ADEL_B14|XA10TEX|11|256|0|1|1|11|0|-192|3808|-192|3744|110|184|1
W|813|0|2|ADEL_B14|XA10TEX|54|256|0|1|1|54|0|-160|3744|-160|3808|1|184|1
W|813|1|2|ADEL_B14|XA10TEX|0|768|0|1|1|0|0|-160|3808|-160|3744|184|1|1
W|814|0|2|ADEL_B14|XA10TEX|0|768|0|1|1|0|0|-192|3808|-192|3872|183|110|1
W|814|1|2|ADEL_B14|XA10TEX|11|384|0|1|1|11|0|-192|3872|-192|3808|110|183|1
W|815|0|2|ADEL_B14|XA10TEX|54|384|0|1|1|54|0|-160|3808|-160|3872|1|183|1
W|815|1|2|ADEL_B14|XA10TEX|0|768|0|1|1|0|0|-160|3872|-160|3808|183|1|1
W|816|0|2|ADEL_B14|XA10TEX|0|768|0|1|1|0|0|-192|3616|-192|3680|186|110|1
W|816|1|2|ADEL_B14|XA10TEX|11|256|0|1|1|11|0|-192|3680|-192|3616|110|186|1
W|817|0|2|ADEL_B14|XA10TEX|54|256|0|1|1|54|0|-160|3616|-160|3680|1|186|1
W|817|1|2|ADEL_B14|XA10TEX|0|768|0|1|1|0|0|-160|3680|-160|3616|186|1|1
W|818|0|2|ADEL_B14|XA10TEX|0|768|0|1|1|0|0|-192|3552|-192|3616|187|110|1
W|818|1|2|ADEL_B14|XA10TEX|11|384|0|1|1|11|0|-192|3616|-192|3552|110|187|1
W|819|0|2|ADEL_B14|XA10TEX|54|384|0|1|1|54|0|-160|3552|-160|3616|1|187|1
W|819|1|2|ADEL_B14|XA10TEX|0|768|0|1|1|0|0|-160|3616|-160|3552|187|1|1
W|820|0|2|ADEL_B14|XA10TEX|0|768|0|1|1|0|0|-192|3488|-192|3552|188|110|1
W|820|1|2|ADEL_B14|XA10TEX|11|256|0|1|1|11|0|-192|3552|-192|3488|110|188|1
W|821|0|2|ADEL_B14|XA10TEX|54|256|0|1|1|54|0|-160|3488|-160|3552|1|188|1
W|821|1|2|ADEL_B14|XA10TEX|0|768|0|1|1|0|0|-160|3552|-160|3488|188|1|1
W|822|0|2|ADEL_B14|XA10TEX|0|768|0|1|1|0|0|-2400|5184|-2400|5216|112|109|1
W|822|1|2|ADEL_B14|XA10TEX|11|384|0|1|1|11|0|-2400|5216|-2400|5184|109|112|1
W|823|0|2|ADEL_B14|XA10TEX|0|768|0|1|1|0|0|-2336|5216|-2336|5184|112|153|1
W|823|1|2|ADEL_B14|XA10TEX|49|384|0|1|1|49|0|-2336|5184|-2336|5216|153|112|1
W|824|0|2|ADEL_B14|XA10TEX|49|384|0|1|1|49|0|-2464|5184|-2464|5216|109|113|1
W|824|1|2|ADEL_B14|XA10TEX|0|768|0|1|1|0|0|-2464|5216|-2464|5184|113|109|1
W|825|0|2|ADEL_B14|XA10TEX|0|768|0|1|1|0|0|-2512|5136|-2528|5152|113|114|1
W|825|1|2|ADEL_B14|XA10TEX|38|384|0|1|1|38|0|-2528|5152|-2512|5136|114|113|1
W|826|0|2|ADEL_B14|XA10TEX|41|384|0|1|1|41|0|-2560|5088|-2592|5088|114|115|1
W|826|1|2|ADEL_B14|XA10TEX|0|768|0|1|1|0|0|-2592|5088|-2560|5088|115|114|1
W|827|0|2|ADEL_B14|XA10TEX|0|768|0|1|1|0|0|-2560|5024|-2592|5024|115|117|1
W|827|1|2|ADEL_B14|XA10TEX|1|384|0|1|1|1|0|-2592|5024|-2560|5024|117|115|1
W|828|0|2|ADEL_B14|XA10TEX|0|768|0|1|1|0|0|-2592|4960|-2560|4960|116|117|1
W|828|1|2|ADEL_B14|XA10TEX|41|384|0|1|1|41|0|-2560|4960|-2592|4960|117|116|1
W|829|0|2|ADEL_B14|XA10TEX|0|768|0|1|1|0|0|-2496|4896|-2512|4880|116|119|1
W|829|1|2|ADEL_B14|XA10TEX|50|384|0|1|1|50|0|-2512|4880|-2496|4896|119|116|1
W|830|0|2|ADEL_B14|XA10TEX|0|768|0|1|1|0|0|-2464|4832|-2432|4832|118|119|1
W|830|1|2|ADEL_B14|XA10TEX|51|384|0|1|1|51|0|-2432|4832|-2464|4832|119|118|1
W|831|0|2|ADEL_B14|XA10TEX|0|768|0|1|1|0|0|-2432|4768|-2464|4768|118|121|1
W|831|1|2|ADEL_B14|XA10TEX|54|384|0|1|1|54|0|-2464|4768|-2432|4768|121|118|1
W|832|0|2|ADEL_B14|XA10TEX|0|768|0|1|1|0|0|-2464|4704|-2432|4704|120|121|1
W|832|1|2|ADEL_B14|XA10TEX|51|384|0|1|1|51|0|-2432|4704|-2464|4704|121|120|1
W|833|0|2|ADEL_B14|XA10TEX|0|768|0|1|1|0|0|-2432|4640|-2464|4640|120|123|1
W|833|1|2|ADEL_B14|XA10TEX|54|384|0|1|1|54|0|-2464|4640|-2432|4640|123|120|1
W|834|0|2|ADEL_B14|XA10TEX|0|768|0|1|1|0|0|-2464|4576|-2432|4576|124|123|1
W|834|1|2|ADEL_B14|XA10TEX|51|384|0|1|1|51|0|-2432|4576|-2464|4576|123|124|1
W|835|0|2|ADEL_B14|XA10TEX|54|384|0|1|1|54|0|-2464|4512|-2432|4512|125|124|1
W|835|1|2|ADEL_B14|XA10TEX|0|768|0|1|1|0|0|-2432|4512|-2464|4512|124|125|1
W|836|0|2|ADEL_B14|XA10TEX|0|768|0|1|1|0|0|-2464|4448|-2432|4448|126|125|1
W|836|1|2|ADEL_B14|XA10TEX|51|384|0|1|1|51|0|-2432|4448|-2464|4448|125|126|1
W|837|0|2|ADEL_B14|XA10TEX|54|384|0|1|1|54|0|-2464|4384|-2432|4384|127|126|1
W|837|1|2|ADEL_B14|XA10TEX|0|768|0|1|1|0|0|-2432|4384|-2464|4384|126|127|1
W|838|0|2|ADEL_B14|XA10TEX|0|768|0|1|1|0|0|-2464|4320|-2432|4320|128|127|1
W|838|1|2|ADEL_B14|XA10TEX|51|384|0|1|1|51|0|-2432|4320|-2464|4320|127|128|1
W|839|0|2|ADEL_B14|XA10TEX|54|384|0|1|1|54|0|-2464|4256|-2432|4256|129|128|1
W|839|1|2|ADEL_B14|XA10TEX|0|768|0|1|1|0|0|-2432|4256|-2464|4256|128|129|1
W|840|0|2|ADEL_B14|XA10TEX|0|768|0|1|1|0|0|-2464|4192|-2432|4192|130|129|1
W|840|1|2|ADEL_B14|XA10TEX|51|384|0|1|1|51|0|-2432|4192|-2464|4192|129|130|1
W|841|0|2|ADEL_B14|XA10TEX|54|384|0|1|1|54|0|-2464|4128|-2432|4128|131|130|1
W|841|1|2|ADEL_B14|XA10TEX|0|768|0|1|1|0|0|-2432|4128|-2464|4128|130|131|1
W|842|0|2|ADEL_B14|XA10TEX|0|768|0|1|1|0|0|-2464|4064|-2432|4064|132|131|1
W|842|1|2|ADEL_B14|XA10TEX|51|384|0|1|1|51|0|-2432|4064|-2464|4064|131|132|1
W|843|0|2|ADEL_B14|XA10TEX|54|384|0|1|1|54|0|-2464|4000|-2432|4000|133|132|1
W|843|1|2|ADEL_B14|XA10TEX|0|768|0|1|1|0|0|-2432|4000|-2464|4000|132|133|1
W|844|0|2|ADEL_B14|XA10TEX|0|768|0|1|1|0|0|-2464|3936|-2432|3936|134|133|1
W|844|1|2|ADEL_B14|XA10TEX|51|384|0|1|1|51|0|-2432|3936|-2464|3936|133|134|1
W|845|0|2|ADEL_B14|XA10TEX|54|384|0|1|1|54|0|-2464|3872|-2432|3872|135|134|1
W|845|1|2|ADEL_B14|XA10TEX|0|768|0|1|1|0|0|-2432|3872|-2464|3872|134|135|1
W|846|0|2|ADEL_B14|XA10TEX|0|768|0|1|1|0|0|-2464|3808|-2432|3808|136|135|1
W|846|1|2|ADEL_B14|XA10TEX|51|384|0|1|1|51|0|-2432|3808|-2464|3808|135|136|1
W|847|0|2|ADEL_B14|XA10TEX|54|384|0|1|1|54|0|-2464|3744|-2432|3744|137|136|1
W|847|1|2|ADEL_B14|XA10TEX|0|768|0|1|1|0|0|-2432|3744|-2464|3744|136|137|1
W|848|0|2|ADEL_B14|XA10TEX|0|768|0|1|1|0|0|-2464|3680|-2432|3680|138|137|1
W|848|1|2|ADEL_B14|XA10TEX|51|384|0|1|1|51|0|-2432|3680|-2464|3680|137|138|1
W|849|0|2|ADEL_B14|XA10TEX|54|384|0|1|1|54|0|-2464|3616|-2432|3616|139|138|1
W|849|1|2|ADEL_B14|XA10TEX|0|768|0|1|1|0|0|-2432|3616|-2464|3616|138|139|1
W|850|0|2|ADEL_B14|XA10TEX|0|768|0|1|1|0|0|-2464|3552|-2432|3552|140|139|1
W|850|1|2|ADEL_B14|XA10TEX|51|384|0|1|1|51|0|-2432|3552|-2464|3552|139|140|1
W|851|0|2|ADEL_B14|XA10TEX|54|384|0|1|1|54|0|-2464|3488|-2432|3488|141|140|1
W|851|1|2|ADEL_B14|XA10TEX|0|768|0|1|1|0|0|-2432|3488|-2464|3488|140|141|1
W|852|0|2|ADEL_B14|XA10TEX|0|768|0|1|1|0|0|-2464|3424|-2432|3424|142|141|1
W|852|1|2|ADEL_B14|XA10TEX|51|384|0|1|1|51|0|-2432|3424|-2464|3424|141|142|1
W|853|0|2|ADEL_B14|XA10TEX|58|384|0|1|1|58|0|-2512|3376|-2496|3360|143|142|1
W|853|1|2|ADEL_B14|XA10TEX|0|768|0|1|1|0|0|-2496|3360|-2512|3376|142|143|1
W|854|0|2|ADEL_B14|XA10TEX|0|768|0|1|1|0|0|-2592|3296|-2560|3296|144|143|1
W|854|1|2|ADEL_B14|XA10TEX|61|384|0|1|1|61|0|-2560|3296|-2592|3296|143|144|1
W|855|0|2|ADEL_B14|XA10TEX|43|384|0|1|1|43|0|-2592|3232|-2560|3232|145|144|1
W|855|1|2|ADEL_B14|XA10TEX|0|768|0|1|1|0|0|-2560|3232|-2592|3232|144|145|1
W|856|0|2|ADEL_B14|XA10TEX|0|768|0|1|1|0|0|-2592|3168|-2560|3168|146|145|1
W|856|1|2|ADEL_B14|XA10TEX|61|384|0|1|1|61|0|-2560|3168|-2592|3168|145|146|1
W|857|0|2|ADEL_B14|XA10TEX|6|384|0|1|1|6|0|-2528|3104|-2512|3120|147|146|1
W|857|1|2|ADEL_B14|XA10TEX|0|768|0|1|1|0|0|-2512|3120|-2528|3104|146|147|1
W|858|0|2|ADEL_B14|XA10TEX|0|768|0|1|1|0|0|-2464|3040|-2464|3072|148|147|1
W|858|1|2|ADEL_B14|XA10TEX|53|384|0|1|1|53|0|-2464|3072|-2464|3040|147|148|1
W|859|0|2|ADEL_B14|XA10TEX|33|384|0|1|1|33|0|-2400|3040|-2400|3072|149|148|1
W|859|1|2|ADEL_B14|XA10TEX|0|768|0|1|1|0|0|-2400|3072|-2400|3040|148|149|1
W|860|0|2|ADEL_B14|XA10TEX|0|768|0|1|1|0|0|-2336|3040|-2336|3072|150|149|1
W|860|1|2|ADEL_B14|XA10TEX|53|384|0|1|1|53|0|-2336|3072|-2336|3040|149|150|1
W|861|0|2|ADEL_B14|XA10TEX|18|384|0|1|1|18|0|-2256|3120|-2272|3136|151|150|1
W|861|1|2|ADEL_B14|XA10TEX|0|768|0|1|1|0|0|-2272|3136|-2256|3120|150|151|1
W|862|0|2|ADEL_B14|XA10TEX|0|768|0|1|1|0|0|-2208|3168|-2208|3200|152|151|1
W|862|1|2|ADEL_B14|XA10TEX|63|384|0|1|1|63|0|-2208|3200|-2208|3168|151|152|1
W|863|0|2|ADEL_B14|XA10TEX|22|384|0|1|1|22|0|-2144|3168|-2144|3200|225|152|1
W|863|1|2|ADEL_B14|XA10TEX|0|768|0|1|1|0|0|-2144|3200|-2144|3168|152|225|1
W|864|0|2|ADEL_B14|XA10TEX|0|768|0|1|1|0|0|-2288|5136|-2272|5152|154|153|1
W|864|1|2|ADEL_B14|XA10TEX|48|384|0|1|1|48|0|-2272|5152|-2288|5136|153|154|1
W|865|0|2|ADEL_B14|XA10TEX|38|384|0|1|1|38|0|-2208|5056|-2208|5088|156|154|1
W|865|1|2|ADEL_B14|XA10TEX|0|768|0|1|1|0|0|-2208|5088|-2208|5056|154|156|1
W|866|0|2|ADEL_B14|XA10TEX|38|384|0|1|1|38|0|-2080|5056|-2080|5088|226|155|1
W|866|1|2|ADEL_B14|XA10TEX|0|768|0|1|1|0|0|-2080|5088|-2080|5056|155|226|1
W|867|0|2|ADEL_B14|XA10TEX|0|768|0|1|1|0|0|-2144|5056|-2144|5088|155|156|1
W|867|1|2|ADEL_B14|XA10TEX|21|384|0|1|1|21|0|-2144|5088|-2144|5056|156|155|1
W|868|0|2|ADEL_B14|XA10TEX|0|768|0|1|1|0|0|-336|5136|-352|5152|159|157|1
W|868|1|2|ADEL_B14|XA10TEX|61|384|0|1|1|61|0|-352|5152|-336|5136|157|159|1
W|869|0|2|ADEL_B14|XA10TEX|24|384|0|1|1|24|0|-416|5056|-416|5088|157|158|1
W|869|1|2|ADEL_B14|XA10TEX|0|768|0|1|1|0|0|-416|5088|-416|5056|158|157|1
W|870|0|2|ADEL_B14|XA10TEX|13|384|0|1|1|13|0|-288|5184|-288|5216|160|159|1
W|870|1|2|ADEL_B14|XA10TEX|0|768|0|1|1|0|0|-288|5216|-288|5184|159|160|1
W|871|0|2|ADEL_B14|XA10TEX|0|768|0|1|1|0|0|-224|5184|-224|5216|161|160|1
W|871|1|2|ADEL_B14|XA10TEX|34|384|0|1|1|34|0|-224|5216|-224|5184|160|161|1
W|872|0|2|ADEL_B14|XA10TEX|13|384|0|1|1|13|0|-160|5184|-160|5216|162|161|1
W|872|1|2|ADEL_B14|XA10TEX|0|768|0|1|1|0|0|-160|5216|-160|5184|161|162|1
W|873|0|2|ADEL_B14|XA10TEX|0|768|0|1|1|0|0|-112|5136|-96|5152|163|162|1
W|873|1|2|ADEL_B14|XA10TEX|7|384|0|1|1|7|0|-96|5152|-112|5136|162|163|1
W|874|0|2|ADEL_B14|XA10TEX|21|384|0|1|1|21|0|-64|5088|-32|5088|164|163|1
W|874|1|2|ADEL_B14|XA10TEX|0|768|0|1|1|0|0|-32|5088|-64|5088|163|164|1
W|875|0|2|ADEL_B14|XA10TEX|0|768|0|1|1|0|0|-64|5024|-32|5024|165|164|1
W|875|1|2|ADEL_B14|XA10TEX|44|384|0|1|1|44|0|-32|5024|-64|5024|164|165|1
W|876|0|2|ADEL_B14|XA10TEX|21|384|0|1|1|21|0|-64|4960|-32|4960|166|165|1
W|876|1|2|ADEL_B14|XA10TEX|0|768|0|1|1|0|0|-32|4960|-64|4960|165|166|1
W|877|0|2|ADEL_B14|XA10TEX|0|768|0|1|1|0|0|-128|4896|-96|4896|167|166|1
W|877|1|2|ADEL_B14|XA10TEX|17|384|0|1|1|17|0|-96|4896|-128|4896|166|167|1
W|878|0|2|ADEL_B14|XA10TEX|11|384|0|1|1|11|0|-192|4832|-160|4832|168|167|1
W|878|1|2|ADEL_B14|XA10TEX|0|768|0|1|1|0|0|-160|4832|-192|4832|167|168|1
W|879|0|2|ADEL_B14|XA10TEX|0|768|0|1|1|0|0|-192|4768|-160|4768|169|168|1
W|879|1|2|ADEL_B14|XA10TEX|54|384|0|1|1|54|0|-160|4768|-192|4768|168|169|1
W|880|0|2|ADEL_B14|XA10TEX|11|384|0|1|1|11|0|-192|4704|-160|4704|170|169|1
W|880|1|2|ADEL_B14|XA10TEX|0|768|0|1|1|0|0|-160|4704|-192|4704|169|170|1
W|881|0|2|ADEL_B14|XA10TEX|0|768|0|1|1|0|0|-192|4640|-160|4640|171|170|1
W|881|1|2|ADEL_B14|XA10TEX|54|384|0|1|1|54|0|-160|4640|-192|4640|170|171|1
W|882|0|2|ADEL_B14|XA10TEX|11|384|0|1|1|11|0|-192|4576|-160|4576|172|171|1
W|882|1|2|ADEL_B14|XA10TEX|0|768|0|1|1|0|0|-160|4576|-192|4576|171|172|1
W|883|0|2|ADEL_B14|XA10TEX|0|768|0|1|1|0|0|-192|4512|-160|4512|173|172|1
W|883|1|2|ADEL_B14|XA10TEX|54|384|0|1|1|54|0|-160|4512|-192|4512|172|173|1
W|884|0|2|ADEL_B14|XA10TEX|11|384|0|1|1|11|0|-192|4448|-160|4448|174|173|1
W|884|1|2|ADEL_B14|XA10TEX|0|768|0|1|1|0|0|-160|4448|-192|4448|173|174|1
W|885|0|2|ADEL_B14|XA10TEX|0|768|0|1|1|0|0|-192|4384|-160|4384|175|174|1
W|885|1|2|ADEL_B14|XA10TEX|54|384|0|1|1|54|0|-160|4384|-192|4384|174|175|1
W|886|0|2|ADEL_B14|XA10TEX|11|384|0|1|1|11|0|-192|4320|-160|4320|176|175|1
W|886|1|2|ADEL_B14|XA10TEX|0|768|0|1|1|0|0|-160|4320|-192|4320|175|176|1
W|887|0|2|ADEL_B14|XA10TEX|0|768|0|1|1|0|0|-192|4256|-160|4256|177|176|1
W|887|1|2|ADEL_B14|XA10TEX|54|384|0|1|1|54|0|-160|4256|-192|4256|176|177|1
W|888|0|2|ADEL_B14|XA10TEX|11|384|0|1|1|11|0|-192|4192|-160|4192|178|177|1
W|888|1|2|ADEL_B14|XA10TEX|0|768|0|1|1|0|0|-160|4192|-192|4192|177|178|1
W|889|0|2|ADEL_B14|XA10TEX|0|768|0|1|1|0|0|-192|4128|-160|4128|180|178|1
W|889|1|2|ADEL_B14|XA10TEX|54|384|0|1|1|54|0|-160|4128|-192|4128|178|180|1
W|890|0|2|ADEL_B14|XA10TEX|54|384|0|1|1|54|0|-160|4000|-192|4000|122|181|1
W|890|1|2|ADEL_B14|XA10TEX|0|768|0|1|1|0|0|-192|4000|-160|4000|181|122|1
W|891|0|2|ADEL_B14|XA10TEX|11|384|0|1|1|11|0|-192|3936|-160|3936|182|181|1
W|891|1|2|ADEL_B14|XA10TEX|0|768|0|1|1|0|0|-160|3936|-192|3936|181|182|1
W|892|0|2|ADEL_B14|XA10TEX|11|384|0|1|1|11|0|-192|4064|-160|4064|122|180|1
W|892|1|2|ADEL_B14|XA10TEX|0|768|0|1|1|0|0|-160|4064|-192|4064|180|122|1
W|893|0|2|ADEL_B14|XA10TEX|0|768|0|1|1|0|0|-192|3872|-160|3872|183|182|1
W|893|1|2|ADEL_B14|XA10TEX|54|384|0|1|1|54|0|-160|3872|-192|3872|182|183|1
W|894|0|2|ADEL_B14|XA10TEX|11|384|0|1|1|11|0|-192|3808|-160|3808|184|183|1
W|894|1|2|ADEL_B14|XA10TEX|0|768|0|1|1|0|0|-160|3808|-192|3808|183|184|1
W|895|0|2|ADEL_B14|XA10TEX|0|768|0|1|1|0|0|-192|3744|-160|3744|185|184|1
W|895|1|2|ADEL_B14|XA10TEX|54|384|0|1|1|54|0|-160|3744|-192|3744|184|185|1
W|896|0|2|ADEL_B14|XA10TEX|11|384|0|1|1|11|0|-192|3680|-160|3680|186|185|1
W|896|1|2|ADEL_B14|XA10TEX|0|768|0|1|1|0|0|-160|3680|-192|3680|185|186|1
W|897|0|2|ADEL_B14|XA10TEX|0|768|0|1|1|0|0|-192|3616|-160|3616|187|186|1
W|897|1|2|ADEL_B14|XA10TEX|54|384|0|1|1|54|0|-160|3616|-192|3616|186|187|1
W|898|0|2|ADEL_B14|XA10TEX|11|384|0|1|1|11|0|-192|3552|-160|3552|188|187|1
W|898|1|2|ADEL_B14|XA10TEX|0|768|0|1|1|0|0|-160|3552|-192|3552|187|188|1
W|899|0|2|ADEL_B14|XA10TEX|0|768|0|1|1|0|0|-192|3488|-160|3488|189|188|1
W|899|1|2|ADEL_B14|XA10TEX|54|384|0|1|1|54|0|-160|3488|-192|3488|188|189|1
W|900|0|2|ADEL_B14|XA10TEX|11|384|0|1|1|11|0|-192|3424|-160|3424|190|189|1
W|900|1|2|ADEL_B14|XA10TEX|0|768|0|1|1|0|0|-160|3424|-192|3424|189|190|1
W|901|0|2|ADEL_B14|XA10TEX|0|768|0|1|1|0|0|-128|3360|-112|3376|191|190|1
W|901|1|2|ADEL_B14|XA10TEX|50|384|0|1|1|50|0|-112|3376|-128|3360|190|191|1
W|902|0|2|ADEL_B14|XA10TEX|1|384|0|1|1|1|0|-64|3296|-32|3296|192|191|1
W|902|1|2|ADEL_B14|XA10TEX|0|768|0|1|1|0|0|-32|3296|-64|3296|191|192|1
W|903|0|2|ADEL_B14|XA10TEX|0|768|0|1|1|0|0|-64|3232|-32|3232|193|192|1
W|903|1|2|ADEL_B14|XA10TEX|1|384|0|1|1|1|0|-32|3232|-64|3232|192|193|1
W|904|0|2|ADEL_B14|XA10TEX|1|384|0|1|1|1|0|-64|3168|-32|3168|194|193|1
W|904|1|2|ADEL_B14|XA10TEX|0|768|0|1|1|0|0|-32|3168|-64|3168|193|194|1
W|905|0|2|ADEL_B14|XA10TEX|0|768|0|1|1|0|0|-112|3120|-96|3104|195|194|1
W|905|1|2|ADEL_B14|XA10TEX|38|384|0|1|1|38|0|-96|3104|-112|3120|194|195|1
W|906|0|2|ADEL_B14|XA10TEX|9|384|0|1|1|9|0|-160|3072|-160|3040|179|195|1
W|906|1|2|ADEL_B14|XA10TEX|0|768|0|1|1|0|0|-160|3040|-160|3072|195|179|1
W|907|0|2|ADEL_B14|XA10TEX|11|384|0|1|1|11|0|-224|3040|-224|3072|179|196|1
W|907|1|2|ADEL_B14|XA10TEX|0|768|0|1|1|0|0|-224|3072|-224|3040|196|179|1
W|908|0|2|ADEL_B14|XA10TEX|0|768|0|1|1|0|0|-288|3040|-288|3072|196|197|1
W|908|1|2|ADEL_B14|XA10TEX|9|384|0|1|1|9|0|-288|3072|-288|3040|197|196|1
W|909|0|2|ADEL_B14|XA10TEX|26|384|0|1|1|26|0|-368|3120|-352|3136|197|198|1
W|909|1|2|ADEL_B14|XA10TEX|0|768|0|1|1|0|0|-352|3136|-368|3120|198|197|1
W|910|0|2|ADEL_B14|XA10TEX|0|768|0|1|1|0|0|-416|3168|-416|3200|198|199|1
W|910|1|2|ADEL_B14|XA10TEX|63|384|0|1|1|63|0|-416|3200|-416|3168|199|198|1
W|911|0|2|ADEL_B14|XA10TEX|22|384|0|1|1|22|0|-480|3168|-480|3200|199|200|1
W|911|1|2|ADEL_B14|XA10TEX|0|768|0|1|1|0|0|-480|3200|-480|3168|200|199|1
W|912|0|2|ADEL_B14|XA10TEX|0|768|0|1|1|0|0|-544|3168|-544|3200|200|201|1
W|912|1|2|ADEL_B14|XA10TEX|63|384|0|1|1|63|0|-544|3200|-544|3168|201|200|1
W|913|0|2|ADEL_B14|XA10TEX|22|384|0|1|1|22|0|-608|3168|-608|3200|201|202|1
W|913|1|2|ADEL_B14|XA10TEX|0|768|0|1|1|0|0|-608|3200|-608|3168|202|201|1
W|914|0|2|ADEL_B14|XA10TEX|0|768|0|1|1|0|0|-672|3168|-672|3200|202|203|1
W|914|1|2|ADEL_B14|XA10TEX|63|384|0|1|1|63|0|-672|3200|-672|3168|203|202|1
W|915|0|2|ADEL_B14|XA10TEX|22|384|0|1|1|22|0|-736|3168|-736|3200|203|204|1
W|915|1|2|ADEL_B14|XA10TEX|0|768|0|1|1|0|0|-736|3200|-736|3168|204|203|1
W|916|0|2|ADEL_B14|XA10TEX|0|768|0|1|1|0|0|-800|3168|-800|3200|204|205|1
W|916|1|2|ADEL_B14|XA10TEX|63|384|0|1|1|63|0|-800|3200|-800|3168|205|204|1
W|917|0|2|ADEL_B14|XA10TEX|22|384|0|1|1|22|0|-864|3168|-864|3200|205|206|1
W|917|1|2|ADEL_B14|XA10TEX|0|768|0|1|1|0|0|-864|3200|-864|3168|206|205|1
W|918|0|2|ADEL_B14|XA10TEX|0|768|0|1|1|0|0|-928|3168|-928|3200|206|207|1
W|918|1|2|ADEL_B14|XA10TEX|63|384|0|1|1|63|0|-928|3200|-928|3168|207|206|1
W|919|0|2|ADEL_B14|XA10TEX|22|384|0|1|1|22|0|-992|3168|-992|3200|207|208|1
W|919|1|2|ADEL_B14|XA10TEX|0|768|0|1|1|0|0|-992|3200|-992|3168|208|207|1
W|920|0|2|ADEL_B14|XA10TEX|0|768|0|1|1|0|0|-1056|3168|-1056|3200|208|209|1
W|920|1|2|ADEL_B14|XA10TEX|63|384|0|1|1|63|0|-1056|3200|-1056|3168|209|208|1
W|921|0|2|ADEL_B14|XA10TEX|22|384|0|1|1|22|0|-1120|3168|-1120|3200|209|210|1
W|921|1|2|ADEL_B14|XA10TEX|0|768|0|1|1|0|0|-1120|3200|-1120|3168|210|209|1
W|922|0|2|ADEL_B14|XA10TEX|0|768|0|1|1|0|0|-1184|3168|-1184|3200|210|211|1
W|922|1|2|ADEL_B14|XA10TEX|63|384|0|1|1|63|0|-1184|3200|-1184|3168|211|210|1
W|923|0|2|ADEL_B14|XA10TEX|22|384|0|1|1|22|0|-1248|3168|-1248|3200|211|212|1
W|923|1|2|ADEL_B14|XA10TEX|0|768|0|1|1|0|0|-1248|3200|-1248|3168|212|211|1
W|924|0|2|ADEL_B14|XA10TEX|0|768|0|1|1|0|0|-1312|3200|-1248|3200|212|110|1
W|924|1|2|ADEL_B14|XA10TEX|63|384|0|1|1|63|0|-1248|3200|-1312|3200|110|212|1
W|925|0|2|ADEL_B14|XA10TEX|0|768|0|1|1|0|0|-1312|3168|-1312|3200|212|213|1
W|925|1|2|ADEL_B14|XA10TEX|63|384|0|1|1|63|0|-1312|3200|-1312|3168|213|212|1
W|926|0|2|ADEL_B14|XA10TEX|22|384|0|1|1|22|0|-1376|3168|-1376|3200|213|214|1
W|926|1|2|ADEL_B14|XA10TEX|0|768|0|1|1|0|0|-1376|3200|-1376|3168|214|213|1
W|927|0|2|ADEL_B14|XA10TEX|0|768|0|1|1|0|0|-1440|3168|-1440|3200|214|215|1
W|927|1|2|ADEL_B14|XA10TEX|63|384|0|1|1|63|0|-1440|3200|-1440|3168|215|214|1
W|928|0|2|ADEL_B14|XA10TEX|22|384|0|1|1|22|0|-1504|3168|-1504|3200|215|216|1
W|928|1|2|ADEL_B14|XA10TEX|0|768|0|1|1|0|0|-1504|3200|-1504|3168|216|215|1
W|929|0|2|ADEL_B14|XA10TEX|0|768|0|1|1|0|0|-1568|3168|-1568|3200|216|217|1
W|929|1|2|ADEL_B14|XA10TEX|63|384|0|1|1|63|0|-1568|3200|-1568|3168|217|216|1
W|930|0|2|ADEL_B14|XA10TEX|22|384|0|1|1|22|0|-1632|3168|-1632|3200|217|218|1
W|930|1|2|ADEL_B14|XA10TEX|0|768|0|1|1|0|0|-1632|3200|-1632|3168|218|217|1
W|931|0|2|ADEL_B14|XA10TEX|0|768|0|1|1|0|0|-1696|3168|-1696|3200|218|219|1
W|931|1|2|ADEL_B14|XA10TEX|63|384|0|1|1|63|0|-1696|3200|-1696|3168|219|218|1
W|932|0|2|ADEL_B14|XA10TEX|22|384|0|1|1|22|0|-1760|3168|-1760|3200|219|220|1
W|932|1|2|ADEL_B14|XA10TEX|0|768|0|1|1|0|0|-1760|3200|-1760|3168|220|219|1
W|933|0|2|ADEL_B14|XA10TEX|0|768|0|1|1|0|0|-1824|3168|-1824|3200|220|221|1
W|933|1|2|ADEL_B14|XA10TEX|63|384|0|1|1|63|0|-1824|3200|-1824|3168|221|220|1
W|934|0|2|ADEL_B14|XA10TEX|22|384|0|1|1|22|0|-1888|3168|-1888|3200|221|222|1
W|934|1|2|ADEL_B14|XA10TEX|0|768|0|1|1|0|0|-1888|3200|-1888|3168|222|221|1
W|935|0|2|ADEL_B14|XA10TEX|0|768|0|1|1|0|0|-1952|3168|-1952|3200|222|223|1
W|935|1|2|ADEL_B14|XA10TEX|63|384|0|1|1|63|0|-1952|3200|-1952|3168|223|222|1
W|936|0|2|ADEL_B14|XA10TEX|22|384|0|1|1|22|0|-2016|3168|-2016|3200|223|224|1
W|936|1|2|ADEL_B14|XA10TEX|0|768|0|1|1|0|0|-2016|3200|-2016|3168|224|223|1
W|937|0|2|ADEL_B14|XA10TEX|0|768|0|1|1|0|0|-2080|3168|-2080|3200|224|225|1
W|937|1|2|ADEL_B14|XA10TEX|63|384|0|1|1|63|0|-2080|3200|-2080|3168|225|224|1
W|938|0|2|ADEL_B14|XA10TEX|0|768|0|1|1|0|0|-2016|5056|-2016|5088|227|226|1
W|938|1|2|ADEL_B14|XA10TEX|21|384|0|1|1|21|0|-2016|5088|-2016|5056|226|227|1
W|939|0|2|ADEL_B14|XA10TEX|38|384|0|1|1|38|0|-1952|5056|-1952|5088|228|227|1
W|939|1|2|ADEL_B14|XA10TEX|0|768|0|1|1|0|0|-1952|5088|-1952|5056|227|228|1
W|940|0|2|ADEL_B14|XA10TEX|0|768|0|1|1|0|0|-1888|5056|-1888|5088|229|228|1
W|940|1|2|ADEL_B14|XA10TEX|21|384|0|1|1|21|0|-1888|5088|-1888|5056|228|229|1
W|941|0|2|ADEL_B14|XA10TEX|38|384|0|1|1|38|0|-1824|5056|-1824|5088|230|229|1
W|941|1|2|ADEL_B14|XA10TEX|0|768|0|1|1|0|0|-1824|5088|-1824|5056|229|230|1
W|942|0|2|ADEL_B14|XA10TEX|0|768|0|1|1|0|0|-1760|5056|-1760|5088|231|230|1
W|942|1|2|ADEL_B14|XA10TEX|21|384|0|1|1|21|0|-1760|5088|-1760|5056|230|231|1
W|943|0|2|ADEL_B14|XA10TEX|38|384|0|1|1|38|0|-1696|5056|-1696|5088|232|231|1
W|943|1|2|ADEL_B14|XA10TEX|0|768|0|1|1|0|0|-1696|5088|-1696|5056|231|232|1
W|944|0|2|ADEL_B14|XA10TEX|0|768|0|1|1|0|0|-1632|5056|-1632|5088|233|232|1
W|944|1|2|ADEL_B14|XA10TEX|21|384|0|1|1|21|0|-1632|5088|-1632|5056|232|233|1
W|945|0|2|ADEL_B14|XA10TEX|0|768|0|1|1|0|0|-1568|5056|-1568|5088|234|233|1
W|945|1|2|ADEL_B14|XA10TEX|21|384|0|1|1|21|0|-1568|5088|-1568|5056|233|234|1
W|948|0|2|ADEL_B14|XA10TEX|24|384|0|1|1|24|0|-1248|5056|-1248|5088|236|235|1
W|948|1|2|ADEL_B14|XA10TEX|0|768|0|1|1|0|0|-1248|5088|-1248|5056|235|236|1
W|949|0|2|ADEL_B14|XA10TEX|24|384|0|1|1|24|0|-1184|5056|-1184|5088|237|236|1
W|949|1|2|ADEL_B14|XA10TEX|0|768|0|1|1|0|0|-1184|5088|-1184|5056|236|237|1
W|950|0|2|ADEL_B14|XA10TEX|0|768|0|1|1|0|0|-1120|5056|-1120|5088|238|237|1
W|950|1|2|ADEL_B14|XA10TEX|24|384|0|1|1|24|0|-1120|5088|-1120|5056|237|238|1
W|951|0|2|ADEL_B14|XA10TEX|24|384|0|1|1|24|0|-1056|5056|-1056|5088|239|238|1
W|951|1|2|ADEL_B14|XA10TEX|0|768|0|1|1|0|0|-1056|5088|-1056|5056|238|239|1
W|952|0|2|ADEL_B14|XA10TEX|0|768|0|1|1|0|0|-992|5056|-992|5088|240|239|1
W|952|1|2|ADEL_B14|XA10TEX|24|384|0|1|1|24|0|-992|5088|-992|5056|239|240|1
W|953|0|2|ADEL_B14|XA10TEX|24|384|0|1|1|24|0|-928|5056|-928|5088|241|240|1
W|953|1|2|ADEL_B14|XA10TEX|0|768|0|1|1|0|0|-928|5088|-928|5056|240|241|1
W|954|0|2|ADEL_B14|XA10TEX|0|768|0|1|1|0|0|-864|5056|-864|5088|242|241|1
W|954|1|2|ADEL_B14|XA10TEX|24|384|0|1|1|24|0|-864|5088|-864|5056|241|242|1
W|955|0|2|ADEL_B14|XA10TEX|24|384|0|1|1|24|0|-800|5056|-800|5088|243|242|1
W|955|1|2|ADEL_B14|XA10TEX|0|768|0|1|1|0|0|-800|5088|-800|5056|242|243|1
W|956|0|2|ADEL_B14|XA10TEX|0|768|0|1|1|0|0|-736|5056|-736|5088|244|243|1
W|956|1|2|ADEL_B14|XA10TEX|24|384|0|1|1|24|0|-736|5088|-736|5056|243|244|1
W|957|0|2|ADEL_B14|XA10TEX|24|384|0|1|1|24|0|-672|5056|-672|5088|245|244|1
W|957|1|2|ADEL_B14|XA10TEX|0|768|0|1|1|0|0|-672|5088|-672|5056|244|245|1
W|958|0|2|ADEL_B14|XA10TEX|0|768|0|1|1|0|0|-608|5056|-608|5088|246|245|1
W|958|1|2|ADEL_B14|XA10TEX|24|384|0|1|1|24|0|-608|5088|-608|5056|245|246|1
W|959|0|2|ADEL_B14|XA10TEX|24|384|0|1|1|24|0|-544|5056|-544|5088|247|246|1
W|959|1|2|ADEL_B14|XA10TEX|0|768|0|1|1|0|0|-544|5088|-544|5056|246|247|1
W|960|0|2|ADEL_B14|XA10TEX|0|768|0|1|1|0|0|-480|5056|-480|5088|158|247|1
W|960|1|2|ADEL_B14|XA10TEX|24|384|0|1|1|24|0|-480|5088|-480|5056|247|158|1
W|961|0|2|ADEL_B14|XA10TEX|0|768|0|1|1|0|-232|-2352|5120|-2304|5072|253|110|1
W|961|1|2|ADEL_B14|XA10TEX|0|768|0|1|1|0|-232|-2304|5072|-2352|5120|110|253|1
W|962|0|2|ADEL_B14|XA10TEX|0|768|0|1|1|0|-232|-2448|5120|-2352|5120|252|110|1
W|962|1|2|ADEL_B14|XA10TEX|0|640|0|1|1|0|-232|-2352|5120|-2448|5120|110|252|1
W|963|0|2|ADEL_B14|XA10TEX|0|768|0|1|1|0|-232|-2496|5072|-2448|5120|251|110|1
W|963|1|2|ADEL_B14|XA10TEX|0|768|0|1|1|0|-232|-2448|5120|-2496|5072|110|251|1
W|964|0|2|ADEL_B14|XA10TEX|0|768|0|1|1|0|-232|-2496|4976|-2496|5072|250|110|1
W|964|1|2|ADEL_B14|XA10TEX|0|640|0|1|1|0|-232|-2496|5072|-2496|4976|110|250|1
W|965|0|2|ADEL_B14|XA10TEX|0|768|0|1|1|0|-232|-2448|4928|-2496|4976|256|110|1
W|965|1|2|ADEL_B14|XA10TEX|0|768|0|1|1|0|-232|-2496|4976|-2448|4928|110|256|1
W|966|0|2|ADEL_B14|XA10TEX|0|768|0|1|1|0|-232|-2352|4928|-2448|4928|248|110|1
W|966|1|2|ADEL_B14|XA10TEX|0|640|0|1|1|0|-232|-2448|4928|-2352|4928|110|248|1
W|967|0|2|ADEL_B14|XA10TEX|0|768|0|1|1|0|-232|-2304|4976|-2352|4928|255|110|1
W|967|1|2|ADEL_B14|XA10TEX|0|768|0|1|1|0|-232|-2352|4928|-2304|4976|110|255|1
W|968|0|2|ADEL_B14|XA10TEX|0|768|0|1|1|0|-232|-2304|5072|-2304|4976|254|110|1
W|968|1|2|ADEL_B14|XA10TEX|0|640|0|1|1|0|-232|-2304|4976|-2304|5072|110|254|1
W|969|0|2|ADEL_B14|XA10TEX|0|768|0|1|1|0|0|-2336|5056|-2368|5088|253|249|1
W|969|1|2|ADEL_B14|XA10TEX|0|768|0|1|1|0|0|-2368|5088|-2336|5056|249|253|1
W|970|0|2|ADEL_B14|XA10TEX|0|768|0|1|1|0|0|-2368|5088|-2432|5088|252|249|1
W|970|1|2|ADEL_B14|XA10TEX|0|768|0|1|1|0|0|-2432|5088|-2368|5088|249|252|1
W|971|0|2|ADEL_B14|XA10TEX|0|768|0|1|1|0|0|-2432|5088|-2464|5056|251|249|1
W|971|1|2|ADEL_B14|XA10TEX|0|768|0|1|1|0|0|-2464|5056|-2432|5088|249|251|1
W|972|0|2|ADEL_B14|XA10TEX|0|768|0|1|1|0|0|-2464|5056|-2464|4992|250|249|1
W|972|1|2|ADEL_B14|XA10TEX|0|768|0|1|1|0|0|-2464|4992|-2464|5056|249|250|1
W|973|0|2|ADEL_B14|XA10TEX|0|768|0|1|1|0|0|-2464|4992|-2432|4960|256|249|1
W|973|1|2|ADEL_B14|XA10TEX|0|768|0|1|1|0|0|-2432|4960|-2464|4992|249|256|1
W|974|0|2|ADEL_B14|XA10TEX|0|768|0|1|1|0|0|-2432|4960|-2368|4960|248|249|1
W|974|1|2|ADEL_B14|XA10TEX|0|768|0|1|1|0|0|-2368|4960|-2432|4960|249|248|1
W|975|0|2|ADEL_B14|XA10TEX|0|768|0|1|1|0|0|-2368|4960|-2336|4992|255|249|1
W|975|1|2|ADEL_B14|XA10TEX|0|768|0|1|1|0|0|-2336|4992|-2368|4960|249|255|1
W|976|0|2|ADEL_B14|XA10TEX|0|768|0|1|1|0|0|-2336|4992|-2336|5056|254|249|1
W|976|1|2|ADEL_B14|XA10TEX|0|768|0|1|1|0|0|-2336|5056|-2336|4992|249|254|1
W|977|0|2|ADEL_B14|XA10TEX|0|768|0|1|1|0|0|-2464|4992|-2496|4976|250|256|1
W|977|1|2|ADEL_B14|XA10TEX|0|768|0|1|1|0|0|-2496|4976|-2464|4992|256|250|1
W|978|0|2|ADEL_B14|XA10TEX|0|768|0|1|1|0|0|-2496|5072|-2464|5056|250|251|1
W|978|1|2|ADEL_B14|XA10TEX|0|768|0|1|1|0|0|-2464|5056|-2496|5072|251|250|1
W|979|0|2|ADEL_B14|XA10TEX|0|768|0|1|1|0|0|-2432|5088|-2448|5120|252|251|1
W|979|1|2|ADEL_B14|XA10TEX|0|768|0|1|1|0|0|-2448|5120|-2432|5088|251|252|1
W|980|0|2|ADEL_B14|XA10TEX|0|768|0|1|1|0|0|-2368|5088|-2352|5120|253|252|1
W|980|1|2|ADEL_B14|XA10TEX|0|768|0|1|1|0|0|-2352|5120|-2368|5088|252|253|1
W|981|0|2|ADEL_B14|XA10TEX|0|768|0|1|1|0|0|-2336|5056|-2304|5072|254|253|1
W|981|1|2|ADEL_B14|XA10TEX|0|768|0|1|1|0|0|-2304|5072|-2336|5056|253|254|1
W|982|0|2|ADEL_B14|XA10TEX|0|768|0|1|1|0|0|-2336|4992|-2304|4976|255|254|1
W|982|1|2|ADEL_B14|XA10TEX|0|768|0|1|1|0|0|-2304|4976|-2336|4992|254|255|1
W|983|0|2|ADEL_B14|XA10TEX|0|768|0|1|1|0|0|-2368|4960|-2352|4928|248|255|1
W|983|1|2|ADEL_B14|XA10TEX|0|768|0|1|1|0|0|-2352|4928|-2368|4960|255|248|1
W|984|0|2|ADEL_B14|XA10TEX|0|768|0|1|1|0|0|-2448|4928|-2432|4960|248|256|1
W|984|1|2|ADEL_B14|XA10TEX|0|768|0|1|1|0|0|-2432|4960|-2448|4928|256|248|1
W|985|0|2|ADEL_B14|XA10TEX|0|768|0|1|1|0|-232|-176|4928|-272|4928|257|110|1
W|985|1|2|ADEL_B14|XA10TEX|0|640|0|1|1|0|-232|-272|4928|-176|4928|110|257|1
W|986|0|2|ADEL_B14|XA10TEX|0|768|0|1|1|0|0|-256|4960|-192|4960|257|263|1
W|986|1|2|ADEL_B14|XA10TEX|0|768|0|1|1|0|0|-192|4960|-256|4960|263|257|1
W|987|0|2|ADEL_B14|XA10TEX|0|768|0|1|1|0|0|-192|4960|-176|4928|257|265|1
W|987|1|2|ADEL_B14|XA10TEX|0|768|0|1|1|0|0|-176|4928|-192|4960|265|257|1
W|988|0|2|ADEL_B14|XA10TEX|0|768|0|1|1|0|0|-272|4928|-256|4960|257|258|1
W|988|1|2|ADEL_B14|XA10TEX|0|768|0|1|1|0|0|-256|4960|-272|4928|258|257|1
W|989|0|2|ADEL_B14|XA10TEX|0|768|0|1|1|0|-232|-272|4928|-320|4976|258|110|1
W|989|1|2|ADEL_B14|XA10TEX|0|768|0|1|1|0|-232|-320|4976|-272|4928|110|258|1
W|990|0|2|ADEL_B14|XA10TEX|0|768|0|1|1|0|0|-288|4992|-256|4960|258|263|1
W|990|1|2|ADEL_B14|XA10TEX|0|768|0|1|1|0|0|-256|4960|-288|4992|263|258|1
W|991|0|2|ADEL_B14|XA10TEX|0|768|0|1|1|0|0|-288|4992|-320|4976|259|258|1
W|991|1|2|ADEL_B14|XA10TEX|0|768|0|1|1|0|0|-320|4976|-288|4992|258|259|1
W|992|0|2|ADEL_B14|XA10TEX|0|768|0|1|1|0|-232|-320|4976|-320|5072|259|110|1
W|992|1|2|ADEL_B14|XA10TEX|0|640|0|1|1|0|-232|-320|5072|-320|4976|110|259|1
W|993|0|2|ADEL_B14|XA10TEX|0|768|0|1|1|0|0|-288|5056|-288|4992|259|263|1
W|993|1|2|ADEL_B14|XA10TEX|0|768|0|1|1|0|0|-288|4992|-288|5056|263|259|1
W|994|0|2|ADEL_B14|XA10TEX|0|768|0|1|1|0|0|-320|5072|-288|5056|259|260|1
W|994|1|2|ADEL_B14|XA10TEX|0|768|0|1|1|0|0|-288|5056|-320|5072|260|259|1
W|995|0|2|ADEL_B14|XA10TEX|0|768|0|1|1|0|-232|-320|5072|-272|5120|260|110|1
W|995|1|2|ADEL_B14|XA10TEX|0|768|0|1|1|0|-232|-272|5120|-320|5072|110|260|1
W|996|0|2|ADEL_B14|XA10TEX|0|768|0|1|1|0|0|-256|5088|-288|5056|260|263|1
W|996|1|2|ADEL_B14|XA10TEX|0|768|0|1|1|0|0|-288|5056|-256|5088|263|260|1
W|997|0|2|ADEL_B14|XA10TEX|0|768|0|1|1|0|0|-256|5088|-272|5120|261|260|1
W|997|1|2|ADEL_B14|XA10TEX|0|768|0|1|1|0|0|-272|5120|-256|5088|260|261|1
W|998|0|2|ADEL_B14|XA10TEX|0|768|0|1|1|0|-232|-272|5120|-176|5120|261|110|1
W|998|1|2|ADEL_B14|XA10TEX|0|640|0|1|1|0|-232|-176|5120|-272|5120|110|261|1
W|999|0|2|ADEL_B14|XA10TEX|0|768|0|1|1|0|0|-192|5088|-256|5088|261|263|1
W|999|1|2|ADEL_B14|XA10TEX|0|768|0|1|1|0|0|-256|5088|-192|5088|263|261|1
W|1000|0|2|ADEL_B14|XA10TEX|0|768|0|1|1|0|0|-192|5088|-176|5120|262|261|1
W|1000|1|2|ADEL_B14|XA10TEX|0|768|0|1|1|0|0|-176|5120|-192|5088|261|262|1
W|1001|0|2|ADEL_B14|XA10TEX|0|768|0|1|1|0|-232|-176|5120|-128|5072|262|110|1
W|1001|1|2|ADEL_B14|XA10TEX|0|768|0|1|1|0|-232|-128|5072|-176|5120|110|262|1
W|1002|0|2|ADEL_B14|XA10TEX|0|768|0|1|1|0|0|-160|5056|-192|5088|262|263|1
W|1002|1|2|ADEL_B14|XA10TEX|0|768|0|1|1|0|0|-192|5088|-160|5056|263|262|1
W|1003|0|2|ADEL_B14|XA10TEX|0|768|0|1|1|0|0|-160|5056|-128|5072|264|262|1
W|1003|1|2|ADEL_B14|XA10TEX|0|768|0|1|1|0|0|-128|5072|-160|5056|262|264|1
W|1004|0|2|ADEL_B14|XA10TEX|0|768|0|1|1|0|0|-192|4960|-160|4992|265|263|1
W|1004|1|2|ADEL_B14|XA10TEX|0|768|0|1|1|0|0|-160|4992|-192|4960|263|265|1
W|1005|0|2|ADEL_B14|XA10TEX|0|768|0|1|1|0|0|-160|4992|-160|5056|264|263|1
W|1005|1|2|ADEL_B14|XA10TEX|0|768|0|1|1|0|0|-160|5056|-160|4992|263|264|1
W|1006|0|2|ADEL_B14|XA10TEX|0|768|0|1|1|0|-232|-128|5072|-128|4976|264|110|1
W|1006|1|2|ADEL_B14|XA10TEX|0|640|0|1|1|0|-232|-128|4976|-128|5072|110|264|1
W|1007|0|2|ADEL_B14|XA10TEX|0|768|0|1|1|0|0|-160|4992|-128|4976|265|264|1
W|1007|1|2|ADEL_B14|XA10TEX|0|768|0|1|1|0|0|-128|4976|-160|4992|264|265|1
W|1008|0|2|ADEL_B14|XA10TEX|0|768|0|1|1|0|-232|-128|4976|-176|4928|265|110|1
W|1008|1|2|ADEL_B14|XA10TEX|0|768|0|1|1|0|-232|-176|4928|-128|4976|110|265|1
W|1009|0|2|ADEL_B14|XA10TEX|0|768|0|1|1|0|-232|-176|3136|-272|3136|266|110|1
W|1009|1|2|ADEL_B14|XA10TEX|0|640|0|1|1|0|-232|-272|3136|-176|3136|110|266|1
W|1010|0|2|ADEL_B14|XA10TEX|0|768|0|1|1|0|0|-256|3168|-192|3168|266|272|1
W|1010|1|2|ADEL_B14|XA10TEX|0|768|0|1|1|0|0|-192|3168|-256|3168|272|266|1
W|1011|0|2|ADEL_B14|XA10TEX|0|768|0|1|1|0|0|-192|3168|-176|3136|266|274|1
W|1011|1|2|ADEL_B14|XA10TEX|0|768|0|1|1|0|0|-176|3136|-192|3168|274|266|1
W|1012|0|2|ADEL_B14|XA10TEX|0|768|0|1|1|0|0|-272|3136|-256|3168|266|267|1
W|1012|1|2|ADEL_B14|XA10TEX|0|768|0|1|1|0|0|-256|3168|-272|3136|267|266|1
W|1013|0|2|ADEL_B14|XA10TEX|0|768|0|1|1|0|-232|-272|3136|-320|3184|267|110|1
W|1013|1|2|ADEL_B14|XA10TEX|0|768|0|1|1|0|-232|-320|3184|-272|3136|110|267|1
W|1014|0|2|ADEL_B14|XA10TEX|0|768|0|1|1|0|0|-288|3200|-256|3168|267|272|1
W|1014|1|2|ADEL_B14|XA10TEX|0|768|0|1|1|0|0|-256|3168|-288|3200|272|267|1
W|1015|0|2|ADEL_B14|XA10TEX|0|768|0|1|1|0|0|-288|3200|-320|3184|268|267|1
W|1015|1|2|ADEL_B14|XA10TEX|0|768|0|1|1|0|0|-320|3184|-288|3200|267|268|1
W|1016|0|2|ADEL_B14|XA10TEX|0|768|0|1|1|0|-232|-320|3184|-320|3280|268|110|1
W|1016|1|2|ADEL_B14|XA10TEX|0|640|0|1|1|0|-232|-320|3280|-320|3184|110|268|1
W|1017|0|2|ADEL_B14|XA10TEX|0|768|0|1|1|0|0|-288|3264|-288|3200|268|272|1
W|1017|1|2|ADEL_B14|XA10TEX|0|768|0|1|1|0|0|-288|3200|-288|3264|272|268|1
W|1018|0|2|ADEL_B14|XA10TEX|0|768|0|1|1|0|0|-320|3280|-288|3264|268|269|1
W|1018|1|2|ADEL_B14|XA10TEX|0|768|0|1|1|0|0|-288|3264|-320|3280|269|268|1
W|1019|0|2|ADEL_B14|XA10TEX|0|768|0|1|1|0|-232|-320|3280|-272|3328|269|110|1
W|1019|1|2|ADEL_B14|XA10TEX|0|768|0|1|1|0|-232|-272|3328|-320|3280|110|269|1
W|1020|0|2|ADEL_B14|XA10TEX|0|768|0|1|1|0|0|-256|3296|-288|3264|269|272|1
W|1020|1|2|ADEL_B14|XA10TEX|0|768|0|1|1|0|0|-288|3264|-256|3296|272|269|1
W|1021|0|2|ADEL_B14|XA10TEX|0|768|0|1|1|0|0|-256|3296|-272|3328|270|269|1
W|1021|1|2|ADEL_B14|XA10TEX|0|768|0|1|1|0|0|-272|3328|-256|3296|269|270|1
W|1022|0|2|ADEL_B14|XA10TEX|0|768|0|1|1|0|-232|-272|3328|-176|3328|270|110|1
W|1022|1|2|ADEL_B14|XA10TEX|0|640|0|1|1|0|-232|-176|3328|-272|3328|110|270|1
W|1023|0|2|ADEL_B14|XA10TEX|0|768|0|1|1|0|0|-192|3296|-256|3296|270|272|1
W|1023|1|2|ADEL_B14|XA10TEX|0|768|0|1|1|0|0|-256|3296|-192|3296|272|270|1
W|1024|0|2|ADEL_B14|XA10TEX|0|768|0|1|1|0|0|-192|3296|-176|3328|271|270|1
W|1024|1|2|ADEL_B14|XA10TEX|0|768|0|1|1|0|0|-176|3328|-192|3296|270|271|1
W|1025|0|2|ADEL_B14|XA10TEX|0|768|0|1|1|0|-232|-176|3328|-128|3280|271|110|1
W|1025|1|2|ADEL_B14|XA10TEX|0|768|0|1|1|0|-232|-128|3280|-176|3328|110|271|1
W|1026|0|2|ADEL_B14|XA10TEX|0|768|0|1|1|0|0|-160|3264|-192|3296|271|272|1
W|1026|1|2|ADEL_B14|XA10TEX|0|768|0|1|1|0|0|-192|3296|-160|3264|272|271|1
W|1027|0|2|ADEL_B14|XA10TEX|0|768|0|1|1|0|0|-160|3264|-128|3280|273|271|1
W|1027|1|2|ADEL_B14|XA10TEX|0|768|0|1|1|0|0|-128|3280|-160|3264|271|273|1
W|1028|0|2|ADEL_B14|XA10TEX|0|768|0|1|1|0|0|-192|3168|-160|3200|274|272|1
W|1028|1|2|ADEL_B14|XA10TEX|0|768|0|1|1|0|0|-160|3200|-192|3168|272|274|1
W|1029|0|2|ADEL_B14|XA10TEX|0|768|0|1|1|0|0|-160|3200|-160|3264|273|272|1
W|1029|1|2|ADEL_B14|XA10TEX|0|768|0|1|1|0|0|-160|3264|-160|3200|272|273|1
W|1030|0|2|ADEL_B14|XA10TEX|0|768|0|1|1|0|-232|-128|3280|-128|3184|273|110|1
W|1030|1|2|ADEL_B14|XA10TEX|0|640|0|1|1|0|-232|-128|3184|-128|3280|110|273|1
W|1031|0|2|ADEL_B14|XA10TEX|0|768|0|1|1|0|0|-160|3200|-128|3184|274|273|1
W|1031|1|2|ADEL_B14|XA10TEX|0|768|0|1|1|0|0|-128|3184|-160|3200|273|274|1
W|1032|0|2|ADEL_B14|XA10TEX|0|768|0|1|1|0|-232|-128|3184|-176|3136|274|110|1
W|1032|1|2|ADEL_B14|XA10TEX|0|768|0|1|1|0|-232|-176|3136|-128|3184|110|274|1
W|1033|0|2|ADEL_B14|XA10TEX|0|768|0|1|1|0|-232|-2352|3136|-2448|3136|275|110|1
W|1033|1|2|ADEL_B14|XA10TEX|0|640|0|1|1|0|-232|-2448|3136|-2352|3136|110|275|1
W|1034|0|2|ADEL_B14|XA10TEX|0|768|0|1|1|0|0|-2432|3168|-2368|3168|275|281|1
W|1034|1|2|ADEL_B14|XA10TEX|0|768|0|1|1|0|0|-2368|3168|-2432|3168|281|275|1
W|1035|0|2|ADEL_B14|XA10TEX|0|768|0|1|1|0|0|-2368|3168|-2352|3136|275|283|1
W|1035|1|2|ADEL_B14|XA10TEX|0|768|0|1|1|0|0|-2352|3136|-2368|3168|283|275|1
W|1036|0|2|ADEL_B14|XA10TEX|0|768|0|1|1|0|0|-2448|3136|-2432|3168|275|276|1
W|1036|1|2|ADEL_B14|XA10TEX|0|768|0|1|1|0|0|-2432|3168|-2448|3136|276|275|1
W|1037|0|2|ADEL_B14|XA10TEX|0|768|0|1|1|0|-232|-2448|3136|-2496|3184|276|110|1
W|1037|1|2|ADEL_B14|XA10TEX|0|768|0|1|1|0|-232|-2496|3184|-2448|3136|110|276|1
W|1038|0|2|ADEL_B14|XA10TEX|0|768|0|1|1|0|0|-2464|3200|-2432|3168|276|281|1
W|1038|1|2|ADEL_B14|XA10TEX|0|768|0|1|1|0|0|-2432|3168|-2464|3200|281|276|1
W|1039|0|2|ADEL_B14|XA10TEX|0|768|0|1|1|0|0|-2464|3200|-2496|3184|277|276|1
W|1039|1|2|ADEL_B14|XA10TEX|0|768|0|1|1|0|0|-2496|3184|-2464|3200|276|277|1
W|1040|0|2|ADEL_B14|XA10TEX|0|768|0|1|1|0|-232|-2496|3184|-2496|3280|277|110|1
W|1040|1|2|ADEL_B14|XA10TEX|0|640|0|1|1|0|-232|-2496|3280|-2496|3184|110|277|1
W|1041|0|2|ADEL_B14|XA10TEX|0|768|0|1|1|0|0|-2464|3264|-2464|3200|277|281|1
W|1041|1|2|ADEL_B14|XA10TEX|0|768|0|1|1|0|0|-2464|3200|-2464|3264|281|277|1
W|1042|0|2|ADEL_B14|XA10TEX|0|768|0|1|1|0|0|-2496|3280|-2464|3264|277|278|1
W|1042|1|2|ADEL_B14|XA10TEX|0|768|0|1|1|0|0|-2464|3264|-2496|3280|278|277|1
W|1043|0|2|ADEL_B14|XA10TEX|0|768|0|1|1|0|-232|-2496|3280|-2448|3328|278|110|1
W|1043|1|2|ADEL_B14|XA10TEX|0|768|0|1|1|0|-232|-2448|3328|-2496|3280|110|278|1
W|1044|0|2|ADEL_B14|XA10TEX|0|768|0|1|1|0|0|-2432|3296|-2464|3264|278|281|1
W|1044|1|2|ADEL_B14|XA10TEX|0|768|0|1|1|0|0|-2464|3264|-2432|3296|281|278|1
W|1045|0|2|ADEL_B14|XA10TEX|0|768|0|1|1|0|0|-2432|3296|-2448|3328|279|278|1
W|1045|1|2|ADEL_B14|XA10TEX|0|768|0|1|1|0|0|-2448|3328|-2432|3296|278|279|1
W|1046|0|2|ADEL_B14|XA10TEX|0|768|0|1|1|0|-232|-2448|3328|-2352|3328|279|110|1
W|1046|1|2|ADEL_B14|XA10TEX|0|640|0|1|1|0|-232|-2352|3328|-2448|3328|110|279|1
W|1047|0|2|ADEL_B14|XA10TEX|0|768|0|1|1|0|0|-2368|3296|-2432|3296|279|281|1
W|1047|1|2|ADEL_B14|XA10TEX|0|768|0|1|1|0|0|-2432|3296|-2368|3296|281|279|1
W|1048|0|2|ADEL_B14|XA10TEX|0|768|0|1|1|0|0|-2368|3296|-2352|3328|280|279|1
W|1048|1|2|ADEL_B14|XA10TEX|0|768|0|1|1|0|0|-2352|3328|-2368|3296|279|280|1
W|1049|0|2|ADEL_B14|XA10TEX|0|768|0|1|1|0|-232|-2352|3328|-2304|3280|280|110|1
W|1049|1|2|ADEL_B14|XA10TEX|0|768|0|1|1|0|-232|-2304|3280|-2352|3328|110|280|1
W|1050|0|2|ADEL_B14|XA10TEX|0|768|0|1|1|0|0|-2336|3264|-2368|3296|280|281|1
W|1050|1|2|ADEL_B14|XA10TEX|0|768|0|1|1|0|0|-2368|3296|-2336|3264|281|280|1
W|1051|0|2|ADEL_B14|XA10TEX|0|768|0|1|1|0|0|-2336|3264|-2304|3280|282|280|1
W|1051|1|2|ADEL_B14|XA10TEX|0|768|0|1|1|0|0|-2304|3280|-2336|3264|280|282|1
W|1052|0|2|ADEL_B14|XA10TEX|0|768|0|1|1|0|0|-2368|3168|-2336|3200|283|281|1
W|1052|1|2|ADEL_B14|XA10TEX|0|768|0|1|1|0|0|-2336|3200|-2368|3168|281|283|1
W|1053|0|2|ADEL_B14|XA10TEX|0|768|0|1|1|0|0|-2336|3200|-2336|3264|282|281|1
W|1053|1|2|ADEL_B14|XA10TEX|0|768|0|1|1|0|0|-2336|3264|-2336|3200|281|282|1
W|1054|0|2|ADEL_B14|XA10TEX|0|768|0|1|1|0|-232|-2304|3280|-2304|3184|282|110|1
W|1054|1|2|ADEL_B14|XA10TEX|0|640|0|1|1|0|-232|-2304|3184|-2304|3280|110|282|1
W|1055|0|2|ADEL_B14|XA10TEX|0|768|0|1|1|0|0|-2336|3200|-2304|3184|283|282|1
W|1055|1|2|ADEL_B14|XA10TEX|0|768|0|1|1|0|0|-2304|3184|-2336|3200|282|283|1
W|1056|0|2|ADEL_B14|XA10TEX|0|768|0|1|1|0|-232|-2304|3184|-2352|3136|283|110|1
W|1056|1|2|ADEL_B14|XA10TEX|0|768|0|1|1|0|-232|-2352|3136|-2304|3184|110|283|1
W|1089|0|2|ADEL_B14|XA10TEX|0|768|0|1|1|0|0|-1536|4896|-2144|4896|110|111|1
W|600|1|2|ADEL_B14|XA10TEX|96|768|0|1|1|0|0|-2144|4896|-2171|4902|110|111|1
W|1857|1|2|ADEL_B14|XA10TEX|123.658633372|768|0|1|1|0|0|-2171|4902|-2200|4900|110|111|1
W|1858|1|2|ADEL_B14|XA10TEX|152.727517079|768|0|1|1|0|0|-2200|4900|-2226|4890|110|111|1
W|1859|1|2|ADEL_B14|XA10TEX|180.584293634|768|0|1|1|0|0|-2226|4890|-2249|4873|110|111|1
W|1860|1|2|ADEL_B14|XA10TEX|209.184992926|768|0|1|1|0|0|-2249|4873|-2266|4850|110|111|1
W|1861|1|2|ADEL_B14|XA10TEX|237.785692218|768|0|1|1|0|0|-2266|4850|-2276|4824|110|111|1
W|1862|1|2|ADEL_B14|XA10TEX|265.642468772|768|0|1|1|0|0|-2276|4824|-2278|4795|110|111|1
W|1863|1|2|ADEL_B14|XA10TEX|294.71135248|768|0|1|1|0|0|-2278|4795|-2272|4768|110|111|1
W|595|0|2|ADEL_B14|XA10TEX|322.369985852|768|0|1|1|0|0|-2272|4768|-2272|3936|110|111|1
W|3482|0|2|ADEL_B14|XA10TEX|130.369985852|768|0|1|1|0|0|-2272|3936|-2272|3488|110|111|1
W|596|1|2|ADEL_B14|XA10TEX|66.369985852|768|0|1|1|0|0|-2272|3488|-2274|3461|110|111|1
W|1836|1|2|ADEL_B14|XA10TEX|93.443958593|768|0|1|1|0|0|-2274|3461|-2269|3435|110|111|1
W|1837|1|2|ADEL_B14|XA10TEX|119.920363183|768|0|1|1|0|0|-2269|3435|-2258|3410|110|111|1
W|1838|1|2|ADEL_B14|XA10TEX|147.23336375|768|0|1|1|0|0|-2258|3410|-2242|3389|110|111|1
W|1839|1|2|ADEL_B14|XA10TEX|173.634121315|768|0|1|1|0|0|-2242|3389|-2221|3373|110|111|1
W|1840|1|2|ADEL_B14|XA10TEX|200.03487888|768|0|1|1|0|0|-2221|3373|-2196|3362|110|111|1
W|1841|1|2|ADEL_B14|XA10TEX|227.347879448|768|0|1|1|0|0|-2196|3362|-2170|3357|110|111|1
W|1842|1|2|ADEL_B14|XA10TEX|253.824284037|768|0|1|1|0|0|-2170|3357|-2144|3360|110|111|1
W|597|0|2|ADEL_B14|XA10TEX|279.996788694|768|0|1|1|0|0|-2144|3360|-1408|3360|110|111|1
W|1095|0|2|ADEL_B14|XA10TEX|56|256|0|1|1|56|0|-1280|5056|-1280|5024|1412|110|1
W|1144|0|2|ADEL_B14|XA10TEX|88|256|0|1|1|24|0|-1280|5024|-1272|5024|300|110|1
W|1251|0|2|ADEL_B14|XA10TEX|96|256|0|1|1|32|0|-1272|5024|-1248|5024|820|110|1
W|1141|0|2|ADEL_B14|XA10TEX|120|256|0|1|1|56|0|-1248|5024|-1240|5024|819|110|1
W|1271|0|2|ADEL_B14|XA10TEX|128|256|0|1|1|0|0|-1240|5024|-1216|5024|299|110|1
W|1138|0|2|ADEL_B14|XA10TEX|152|256|0|1|1|24|0|-1216|5024|-1208|5024|298|110|1
W|1248|0|2|ADEL_B14|XA10TEX|160|256|0|1|1|32|0|-1208|5024|-1184|5024|818|110|1
W|1135|0|2|ADEL_B14|XA10TEX|184|256|0|1|1|56|0|-1184|5024|-1176|5024|817|110|1
W|1273|0|2|ADEL_B14|XA10TEX|192|256|0|1|1|0|0|-1176|5024|-1152|5024|297|110|1
W|1132|0|2|ADEL_B14|XA10TEX|216|256|0|1|1|24|0|-1152|5024|-1144|5024|296|110|1
W|1241|0|2|ADEL_B14|XA10TEX|224|256|0|1|1|32|0|-1144|5024|-1120|5024|816|110|1
W|1129|0|2|ADEL_B14|XA10TEX|248|256|0|1|1|56|0|-1120|5024|-1112|5024|295|110|1
W|1258|0|2|ADEL_B14|XA10TEX|256|256|0|1|1|0|0|-1112|5024|-1088|5024|815|110|1
W|1127|0|2|ADEL_B14|XA10TEX|280|256|0|1|1|24|0|-1088|5024|-1080|5024|814|110|1
W|1268|0|2|ADEL_B14|XA10TEX|288|256|0|1|1|32|0|-1080|5024|-1056|5024|294|110|1
W|1126|0|2|ADEL_B14|XA10TEX|312|256|0|1|1|56|0|-1056|5024|-1056|4928|294|110|1
W|1125|0|2|ADEL_B14|XA10TEX|408|256|0|1|1|24|0|-1056|4928|-1080|4928|294|110|1
W|1259|0|2|ADEL_B14|XA10TEX|432|256|0|1|1|48|0|-1080|4928|-1088|4928|814|110|1
W|1130|0|2|ADEL_B14|XA10TEX|440|256|0|1|1|56|0|-1088|4928|-1112|4928|815|110|1
W|1275|0|2|ADEL_B14|XA10TEX|464|256|0|1|1|16|0|-1112|4928|-1120|4928|295|110|1
W|1133|0|2|ADEL_B14|XA10TEX|472|256|0|1|1|24|0|-1120|4928|-1144|4928|816|110|1
W|1274|0|2|ADEL_B14|XA10TEX|496|256|0|1|1|48|0|-1144|4928|-1152|4928|296|110|1
W|1136|0|2|ADEL_B14|XA10TEX|504|256|0|1|1|56|0|-1152|4928|-1176|4928|297|110|1
W|1243|0|2|ADEL_B14|XA10TEX|16|256|0|1|1|16|0|-1176|4928|-1184|4928|817|110|1
W|1139|0|2|ADEL_B14|XA10TEX|24|256|0|1|1|24|0|-1184|4928|-1208|4928|818|110|1
W|1245|0|2|ADEL_B14|XA10TEX|48|256|0|1|1|48|0|-1208|4928|-1216|4928|298|110|1
W|1142|0|2|ADEL_B14|XA10TEX|56|256|0|1|1|56|0|-1216|4928|-1240|4928|299|110|1
W|1260|0|2|ADEL_B14|XA10TEX|80|256|0|1|1|16|0|-1240|4928|-1248|4928|819|110|1
W|1146|0|2|ADEL_B14|XA10TEX|88|256|0|1|1|24|0|-1248|4928|-1272|4928|820|110|1
W|1270|0|2|ADEL_B14|XA10TEX|112|256|0|1|1|48|0|-1272|4928|-1280|4928|300|110|1
W|1147|0|2|ADEL_B14|XA10TEX|120|256|0|1|1|56|0|-1280|4928|-1280|4896|284|110|1
W|594|1|2|ADEL_B14|XA10TEX|152|256|0|1|1|24|0|-1280|4896|-480|4896|111|110|1
W|1856|0|2|ADEL_B14|XA10TEX|440|256|0|1|1|56|0|-480|4896|-452|4901|111|110|1
W|1855|0|2|ADEL_B14|XA10TEX|468.442925307|256|0|1|1|20|0|-452|4901|-424|4899|111|110|1
W|1854|0|2|ADEL_B14|XA10TEX|496.514263002|256|0|1|1|48|0|-424|4899|-398|4889|111|110|1
W|1853|0|2|ADEL_B14|XA10TEX|12.371039556|256|0|1|1|12|0|-398|4889|-375|4872|111|110|1
W|1852|0|2|ADEL_B14|XA10TEX|40.971738848|256|0|1|1|41|0|-375|4872|-358|4849|111|110|1
W|1851|0|2|ADEL_B14|XA10TEX|69.572438141|256|0|1|1|6|0|-358|4849|-348|4823|111|110|1
W|1850|0|2|ADEL_B14|XA10TEX|97.429214695|256|0|1|1|34|0|-348|4823|-346|4795|111|110|1
W|599|0|2|ADEL_B14|XA10TEX|125.50055239|256|0|1|1|62|0|-346|4795|-352|4768|111|110|1
W|3480|1|2|ADEL_B14|XA10TEX|153.159185762|256|0|1|1|26|0|-352|4768|-352|3904|111|110|1
W|593|1|2|ADEL_B14|XA10TEX|505.159185762|256|0|1|1|58|0|-352|3904|-352|3488|111|110|1
W|1849|0|2|ADEL_B14|XA10TEX|409.159185762|256|0|1|1|26|0|-352|3488|-346|3460|111|110|1
W|1848|0|2|ADEL_B14|XA10TEX|437.794827889|256|0|1|1|55|0|-346|3460|-348|3432|111|110|1
W|1847|0|2|ADEL_B14|XA10TEX|465.866165584|256|0|1|1|19|0|-348|3432|-358|3406|111|110|1
W|1846|0|2|ADEL_B14|XA10TEX|493.722942138|256|0|1|1|47|0|-358|3406|-375|3383|111|110|1
W|1845|0|2|ADEL_B14|XA10TEX|10.32364143|256|0|1|1|12|0|-375|3383|-398|3366|111|110|1
W|1844|0|2|ADEL_B14|XA10TEX|38.924340723|256|0|1|1|41|0|-398|3366|-424|3356|111|110|1
W|1843|0|2|ADEL_B14|XA10TEX|66.781117277|256|0|1|1|5|0|-424|3356|-452|3354|111|110|1
W|598|0|2|ADEL_B14|XA10TEX|94.852454972|256|0|1|1|33|0|-452|3354|-480|3360|111|110|1
W|1230|1|2|ADEL_B14|XA10TEX|123.488097099|256|0|1|1|62|0|-480|3360|-1216|3360|111|110|1
W|1231|0|2|ADEL_B14|XA10TEX|347.488097099|256|0|1|1|30|0|-1216|3360|-1232|3360|302|110|1
W|3632|0|2|ADEL_B14|XA10TEX|363.488097099|256|0|1|1|30|0|-1232|3360|-1392|3360|806|110|1
W|3649|0|2|ADEL_B14|XA10TEX|11.488097099|256|0|1|1|30|0|-1392|3360|-1408|3360|302|110|1
W|597|1|2|ADEL_B14|XA10TEX|27.488097099|256|0|1|1|30|0|-1408|3360|-2144|3360|111|110|1
W|1842|0|2|ADEL_B14|XA10TEX|251.488097099|256|0|1|1|62|0|-2144|3360|-2170|3357|111|110|1
W|1841|0|2|ADEL_B14|XA10TEX|277.660601755|256|0|1|1|24|0|-2170|3357|-2196|3362|111|110|1
W|1840|0|2|ADEL_B14|XA10TEX|304.137006345|256|0|1|1|50|0|-2196|3362|-2221|3373|111|110|1
W|1839|0|2|ADEL_B14|XA10TEX|331.450006913|256|0|1|1|13|0|-2221|3373|-2242|3389|111|110|1
W|1838|0|2|ADEL_B14|XA10TEX|357.850764477|256|0|1|1|39|0|-2242|3389|-2258|3410|111|110|1
W|1837|0|2|ADEL_B14|XA10TEX|384.251522042|256|0|1|1|1|0|-2258|3410|-2269|3435|111|110|1
W|1836|0|2|ADEL_B14|XA10TEX|411.56452261|256|0|1|1|28|0|-2269|3435|-2274|3461|111|110|1
W|596|0|2|ADEL_B14|XA10TEX|438.0409272|256|0|1|1|54|0|-2274|3461|-2272|3488|111|110|1
W|3482|1|2|ADEL_B14|XA10TEX|465.114899941|256|0|1|1|17|0|-2272|3488|-2272|3936|111|110|1
W|595|1|2|ADEL_B14|XA10TEX|401.114899941|256|0|1|1|17|0|-2272|3936|-2272|4768|111|110|1
W|1863|0|2|ADEL_B14|XA10TEX|209.114899941|256|0|1|1|17|0|-2272|4768|-2278|4795|111|110|1
W|1862|0|2|ADEL_B14|XA10TEX|236.773533313|256|0|1|1|45|0|-2278|4795|-2276|4824|111|110|1
W|1861|0|2|ADEL_B14|XA10TEX|265.84241702|256|0|1|1|10|0|-2276|4824|-2266|4850|111|110|1
W|1860|0|2|ADEL_B14|XA10TEX|293.699193575|256|0|1|1|38|0|-2266|4850|-2249|4873|111|110|1
W|1859|0|2|ADEL_B14|XA10TEX|322.299892867|256|0|1|1|3|0|-2249|4873|-2226|4890|111|110|1
W|1858|0|2|ADEL_B14|XA10TEX|350.900592159|256|0|1|1|32|0|-2226|4890|-2200|4900|111|110|1
W|1857|0|2|ADEL_B14|XA10TEX|378.757368713|256|0|1|1|60|0|-2200|4900|-2171|4902|111|110|1
W|600|0|2|ADEL_B14|XA10TEX|407.826252421|256|0|1|1|25|0|-2171|4902|-2144|4896|111|110|1
W|1089|1|2|ADEL_B14|XA10TEX|435.484885793|256|0|1|1|53|0|-2144|4896|-1536|4896|111|110|1
W|1096|0|2|ADEL_B14|XA10TEX|19.484885793|256|0|1|1|21|0|-1536|4896|-1536|4928|284|110|1
W|1102|0|2|ADEL_B14|XA10TEX|51.484885793|256|0|1|1|53|0|-1536|4928|-1544|4928|827|110|1
W|3901|0|2|ADEL_B14|XA10TEX|59.484885793|256|0|1|1|61|0|-1544|4928|-1568|4928|287|110|1
W|1108|0|2|ADEL_B14|XA10TEX|83.484885793|256|0|1|1|21|0|-1568|4928|-1576|4928|288|110|1
W|1264|0|2|ADEL_B14|XA10TEX|91.484885793|256|0|1|1|29|0|-1576|4928|-1600|4928|826|110|1
W|1110|0|2|ADEL_B14|XA10TEX|115.484885793|256|0|1|1|53|0|-1600|4928|-1608|4928|825|110|1
W|1237|0|2|ADEL_B14|XA10TEX|123.484885793|256|0|1|1|61|0|-1608|4928|-1632|4928|289|110|1
W|1112|0|2|ADEL_B14|XA10TEX|147.484885793|256|0|1|1|21|0|-1632|4928|-1640|4928|290|110|1
W|1242|0|2|ADEL_B14|XA10TEX|155.484885793|256|0|1|1|29|0|-1640|4928|-1664|4928|824|110|1
W|1114|0|2|ADEL_B14|XA10TEX|179.484885793|256|0|1|1|53|0|-1664|4928|-1672|4928|823|110|1
W|1240|0|2|ADEL_B14|XA10TEX|187.484885793|256|0|1|1|61|0|-1672|4928|-1696|4928|293|110|1
W|1116|0|2|ADEL_B14|XA10TEX|211.484885793|256|0|1|1|21|0|-1696|4928|-1704|4928|292|110|1
W|1255|0|2|ADEL_B14|XA10TEX|219.484885793|256|0|1|1|29|0|-1704|4928|-1728|4928|822|110|1
W|1121|0|2|ADEL_B14|XA10TEX|243.484885793|256|0|1|1|53|0|-1728|4928|-1736|4928|821|110|1
W|1253|0|2|ADEL_B14|XA10TEX|251.484885793|256|0|1|1|61|0|-1736|4928|-1760|4928|291|110|1
W|1105|0|2|ADEL_B14|XA10TEX|275.484885793|256|0|1|1|21|0|-1760|4928|-1760|5024|291|110|1
W|1104|0|2|ADEL_B14|XA10TEX|371.484885793|256|0|1|1|53|0|-1760|5024|-1736|5024|291|110|1
W|1250|0|2|ADEL_B14|XA10TEX|395.484885793|256|0|1|1|13|0|-1736|5024|-1728|5024|821|110|1
W|1120|0|2|ADEL_B14|XA10TEX|403.484885793|256|0|1|1|21|0|-1728|5024|-1704|5024|822|110|1
W|1254|0|2|ADEL_B14|XA10TEX|427.484885793|256|0|1|1|45|0|-1704|5024|-1696|5024|292|110|1
W|1115|0|2|ADEL_B14|XA10TEX|435.484885793|256|0|1|1|53|0|-1696|5024|-1672|5024|293|110|1
W|1256|0|2|ADEL_B14|XA10TEX|459.484885793|256|0|1|1|13|0|-1672|5024|-1664|5024|823|110|1
W|1113|0|2|ADEL_B14|XA10TEX|467.484885793|256|0|1|1|21|0|-1664|5024|-1640|5024|824|110|1
W|1261|0|2|ADEL_B14|XA10TEX|491.484885793|256|0|1|1|45|0|-1640|5024|-1632|5024|290|110|1
W|1111|0|2|ADEL_B14|XA10TEX|499.484885793|256|0|1|1|53|0|-1632|5024|-1608|5024|289|110|1
W|1239|0|2|ADEL_B14|XA10TEX|11.484885793|256|0|1|1|13|0|-1608|5024|-1600|5024|825|110|1
W|1109|0|2|ADEL_B14|XA10TEX|19.484885793|256|0|1|1|-43|0|-1600|5024|-1576|5024|826|110|1
W|1265|0|2|ADEL_B14|XA10TEX|43.484885793|256|0|1|1|-19|0|-1576|5024|-1568|5024|288|110|1
W|1107|0|2|ADEL_B14|XA10TEX|51.484885793|256|0|1|1|-11|0|-1568|5024|-1544|5024|287|110|1
W|3902|0|2|ADEL_B14|XA10TEX|75.484885793|256|0|1|1|13|0|-1544|5024|-1536|5024|827|110|1
W|1103|0|2|ADEL_B14|XA10TEX|83.484885793|256|0|1|1|21|0|-1536|5024|-1536|5056|1412|110|1
W|1097|1|2|ADEL_B14|XA10TEX|0|768|0|1|1|0|0|-1568|5088|-1568|5104|234|9|1
W|714|1|2|ADEL_B14|XA10TEX|16|768|0|1|1|0|0|-1568|5104|-1536|5104|234|9|1
W|946|0|2|ADEL_B14|XA10TEX|48|768|0|1|1|0|0|-1536|5104|-1536|5072|234|9|1
W|1092|0|2|ADEL_B14|XA10TEX|80|768|0|1|1|0|0|-1536|5072|-1536|5056|234|285|1
W|713|0|2|ADEL_B14|XA10TEX|96|768|0|1|1|0|0|-1536|5056|-1568|5056|234|110|1
W|1156|0|1|ADEL_B14|XA10TEX|60|640|0|1|1|-4|-120|-1408|4544|-1472|4544|301|-1|1
W|1155|0|1|ADEL_B14|XA10TEX|124|640|0|1|1|-4|-8|-1472|4544|-1536|4544|286|-1|1
W|1154|0|1|ADEL_B14|XA10TEX|188|640|0|1|1|-4|-120|-1536|4544|-1600|4544|301|-1|1
W|1153|0|1|ADEL_B14|XA10TEX|252|640|0|1|1|-4|-8|-1600|4544|-1664|4544|286|-1|1
W|1152|0|1|ADEL_B14|XA10TEX|316|640|0|1|1|-4|-120|-1664|4544|-1728|4544|301|-1|1
W|1151|0|1|ADEL_B14|XA10TEX|380|640|0|1|1|-4|-8|-1728|4544|-1792|4544|286|-1|1
W|1197|0|1|ADEL_B14|XA10TEX|444|640|0|1|1|-4|-120|-1792|4544|-1856|4544|301|-1|1
W|1150|0|1|ADEL_B14|XA10TEX|508|640|0|1|1|-4|-8|-1856|4544|-1868|4542|286|-1|1
W|1375|0|1|ADEL_B14|XA10TEX|8.165525061|640|0|1|1|-56|-8|-1868|4542|-1880|4538|286|-1|1
W|1376|0|1|ADEL_B14|XA10TEX|20.814635701|640|0|1|1|-43|-8|-1880|4538|-1891|4532|286|-1|1
W|1377|0|1|ADEL_B14|XA10TEX|33.344599787|640|0|1|1|-30|-8|-1891|4532|-1901|4525|286|-1|1
W|1378|0|1|ADEL_B14|XA10TEX|45.551155403|640|0|1|1|-18|-8|-1901|4525|-1908|4515|286|-1|1
W|1379|0|1|ADEL_B14|XA10TEX|57.757711019|640|0|1|1|-6|-8|-1908|4515|-1914|4504|286|-1|1
W|1380|0|1|ADEL_B14|XA10TEX|70.287675105|640|0|1|1|-57|-8|-1914|4504|-1918|4492|286|-1|1
W|1381|0|1|ADEL_B14|XA10TEX|82.936785746|640|0|1|1|-44|-8|-1918|4492|-1920|4480|286|-1|1
W|1184|0|1|ADEL_B14|XA10TEX|95.102310806|640|0|1|1|-32|-120|-1920|4480|-1920|4416|301|-1|1
W|1183|0|1|ADEL_B14|XA10TEX|159.102310806|640|0|1|1|-32|-8|-1920|4416|-1920|4352|286|-1|1
W|1182|0|1|ADEL_B14|XA10TEX|223.102310806|640|0|1|1|-32|-120|-1920|4352|-1920|4288|301|-1|1
W|1181|0|1|ADEL_B14|XA10TEX|287.102310806|640|0|1|1|-32|-8|-1920|4288|-1920|4224|286|-1|1
W|1180|0|1|ADEL_B14|XA10TEX|351.102310806|640|0|1|1|-32|-120|-1920|4224|-1920|4160|301|-1|1
W|1179|0|1|ADEL_B14|XA10TEX|415.102310806|640|0|1|1|-32|-8|-1920|4160|-1920|4096|286|-1|1
W|1178|0|1|ADEL_B14|XA10TEX|479.102310806|640|0|1|1|-32|-120|-1920|4096|-1920|4032|301|-1|1
W|1177|0|1|ADEL_B14|XA10TEX|31.102310806|640|0|1|1|-32|-8|-1920|4032|-1920|3968|286|-1|1
W|1176|0|1|ADEL_B14|XA10TEX|95.102310806|640|0|1|1|-32|-120|-1920|3968|-1920|3904|301|-1|1
W|1175|0|1|ADEL_B14|XA10TEX|159.102310806|640|0|1|1|-32|-8|-1920|3904|-1920|3840|286|-1|1
W|1174|0|1|ADEL_B14|XA10TEX|223.102310806|640|0|1|1|-32|-120|-1920|3840|-1920|3776|301|-1|1
W|1173|0|1|ADEL_B14|XA10TEX|287.102310806|640|0|1|1|-32|-8|-1920|3776|-1921|3762|286|-1|1
W|1382|0|1|ADEL_B14|XA10TEX|301.137979654|640|0|1|1|-18|-8|-1921|3762|-1919|3749|286|-1|1
W|1383|0|1|ADEL_B14|XA10TEX|314.290926092|640|0|1|1|-5|-8|-1919|3749|-1913|3736|286|-1|1
W|1384|0|1|ADEL_B14|XA10TEX|328.608747155|640|0|1|1|-55|-8|-1913|3736|-1905|3726|286|-1|1
W|1385|0|1|ADEL_B14|XA10TEX|341.41499563|640|0|1|1|-42|-8|-1905|3726|-1895|3718|286|-1|1
W|1386|0|1|ADEL_B14|XA10TEX|354.221244105|640|0|1|1|-29|-8|-1895|3718|-1882|3712|286|-1|1
W|1387|0|1|ADEL_B14|XA10TEX|368.539065168|640|0|1|1|-15|-8|-1882|3712|-1869|3710|286|-1|1
W|1388|0|1|ADEL_B14|XA10TEX|381.692011606|640|0|1|1|-2|-8|-1869|3710|-1856|3712|286|-1|1
W|1204|0|1|ADEL_B14|XA10TEX|394.844958044|640|0|1|1|-53|-120|-1856|3712|-1792|3712|301|-1|1
W|1170|0|1|ADEL_B14|XA10TEX|458.844958044|640|0|1|1|-53|-8|-1792|3712|-1728|3712|286|-1|1
W|1171|0|1|ADEL_B14|XA10TEX|10.844958044|640|0|1|1|-53|-120|-1728|3712|-1664|3712|301|-1|1
W|1172|0|1|ADEL_B14|XA10TEX|74.844958044|640|0|1|1|-53|-8|-1664|3712|-1600|3712|286|-1|1
W|1203|0|1|ADEL_B14|XA10TEX|138.844958044|640|0|1|1|-53|-120|-1600|3712|-1536|3712|301|-1|1
W|1169|0|1|ADEL_B14|XA10TEX|202.844958044|640|0|1|1|-53|-8|-1536|3712|-1472|3712|286|-1|1
W|1200|0|1|ADEL_B14|XA10TEX|266.844958044|640|0|1|1|-53|-120|-1472|3712|-1408|3712|301|-1|1
W|1157|0|0|ADEL_B14|XA10TEX|60|640|0|1|1|-4|0|-1216|4544|-1248|4544|286|448|1
W|1157|1|0|ADEL_B14|XA10TEX|0|384|0|1|1|0|0|-1248|4544|-1216|4544|448|286|1
W|1168|0|0|ADEL_B14|XA10TEX|11|640|0|1|1|11|-8|-1408|3712|-1376|3712|303|330|1
W|1205|0|1|ADEL_B14|XA10TEX|47|640|0|1|1|-17|-120|-1216|3712|-1152|3712|301|-1|1
W|1167|0|1|ADEL_B14|XA10TEX|111|640|0|1|1|-17|-8|-1152|3712|-1088|3712|286|-1|1
W|1199|0|1|ADEL_B14|XA10TEX|175|640|0|1|1|-17|-120|-1088|3712|-1024|3712|301|-1|1
W|1165|0|1|ADEL_B14|XA10TEX|239|640|0|1|1|-17|-8|-1024|3712|-960|3712|286|-1|1
W|1166|0|1|ADEL_B14|XA10TEX|303|640|0|1|1|-17|-120|-960|3712|-896|3712|301|-1|1
W|1202|0|1|ADEL_B14|XA10TEX|367|640|0|1|1|-17|-8|-896|3712|-832|3712|286|-1|1
W|1163|0|1|ADEL_B14|XA10TEX|431|640|0|1|1|-17|-120|-832|3712|-768|3712|301|-1|1
W|1164|0|1|ADEL_B14|XA10TEX|495|640|0|1|1|-17|-8|-768|3712|-755|3712|286|-1|1
W|1389|0|1|ADEL_B14|XA10TEX|508|640|0|1|1|-4|-8|-755|3712|-743|3716|286|-1|1
W|1390|0|1|ADEL_B14|XA10TEX|8.649110641|640|0|1|1|-55|-8|-743|3716|-731|3721|286|-1|1
W|1391|0|1|ADEL_B14|XA10TEX|21.649110641|640|0|1|1|-42|-8|-731|3721|-721|3729|286|-1|1
W|1392|0|1|ADEL_B14|XA10TEX|34.455359116|640|0|1|1|-29|-8|-721|3729|-713|3739|286|-1|1
W|1393|0|1|ADEL_B14|XA10TEX|47.26160759|640|0|1|1|-16|-8|-713|3739|-708|3751|286|-1|1
W|1394|0|1|ADEL_B14|XA10TEX|60.26160759|640|0|1|1|-3|-8|-708|3751|-704|3763|286|-1|1
W|1395|0|1|ADEL_B14|XA10TEX|72.910718231|640|0|1|1|-54|-8|-704|3763|-704|3776|286|-1|1
W|1194|0|1|ADEL_B14|XA10TEX|85.910718231|640|0|1|1|-41|-120|-704|3776|-704|3840|301|-1|1
W|1195|0|1|ADEL_B14|XA10TEX|149.910718231|640|0|1|1|-41|-8|-704|3840|-704|3904|286|-1|1
W|1196|0|1|ADEL_B14|XA10TEX|213.910718231|640|0|1|1|-41|-120|-704|3904|-704|3968|301|-1|1
W|1191|0|1|ADEL_B14|XA10TEX|277.910718231|640|0|1|1|-41|-8|-704|3968|-704|4032|286|-1|1
W|1192|0|1|ADEL_B14|XA10TEX|341.910718231|640|0|1|1|-41|-120|-704|4032|-704|4096|301|-1|1
W|1193|0|1|ADEL_B14|XA10TEX|405.910718231|640|0|1|1|-41|-8|-704|4096|-704|4160|286|-1|1
W|1188|0|1|ADEL_B14|XA10TEX|469.910718231|640|0|1|1|-41|-120|-704|4160|-704|4224|301|-1|1
W|1189|0|1|ADEL_B14|XA10TEX|21.910718231|640|0|1|1|-41|-8|-704|4224|-704|4288|286|-1|1
W|1190|0|1|ADEL_B14|XA10TEX|85.910718231|640|0|1|1|-41|-120|-704|4288|-704|4352|301|-1|1
W|1185|0|1|ADEL_B14|XA10TEX|149.910718231|640|0|1|1|-41|-8|-704|4352|-704|4416|286|-1|1
W|1186|0|1|ADEL_B14|XA10TEX|213.910718231|640|0|1|1|-41|-120|-704|4416|-704|4480|301|-1|1
W|1187|0|1|ADEL_B14|XA10TEX|277.910718231|640|0|1|1|-41|-8|-704|4480|-705|4492|286|-1|1
W|1368|0|1|ADEL_B14|XA10TEX|289.95231281|640|0|1|1|-29|-8|-705|4492|-708|4504|286|-1|1
W|1369|0|1|ADEL_B14|XA10TEX|302.321629687|640|0|1|1|-17|-8|-708|4504|-714|4515|286|-1|1
W|1370|0|1|ADEL_B14|XA10TEX|314.851593773|640|0|1|1|-4|-8|-714|4515|-722|4525|286|-1|1
W|1371|0|1|ADEL_B14|XA10TEX|327.657842248|640|0|1|1|-55|-8|-722|4525|-732|4533|286|-1|1
W|1372|0|1|ADEL_B14|XA10TEX|340.464090723|640|0|1|1|-42|-8|-732|4533|-743|4539|286|-1|1
W|1373|0|1|ADEL_B14|XA10TEX|352.994054809|640|0|1|1|-29|-8|-743|4539|-755|4542|286|-1|1
W|1374|0|1|ADEL_B14|XA10TEX|365.363371686|640|0|1|1|-17|-8|-755|4542|-768|4544|286|-1|1
W|1201|0|1|ADEL_B14|XA10TEX|378.516318124|640|0|1|1|-4|-120|-768|4544|-832|4544|301|-1|1
W|1198|0|1|ADEL_B14|XA10TEX|442.516318124|640|0|1|1|-4|-8|-832|4544|-896|4544|286|-1|1
W|1162|0|1|ADEL_B14|XA10TEX|506.516318124|640|0|1|1|-4|-120|-896|4544|-960|4544|301|-1|1
W|1161|0|1|ADEL_B14|XA10TEX|58.516318124|640|0|1|1|-4|-8|-960|4544|-1024|4544|286|-1|1
W|1160|0|1|ADEL_B14|XA10TEX|122.516318124|640|0|1|1|-4|-120|-1024|4544|-1088|4544|301|-1|1
W|1159|0|1|ADEL_B14|XA10TEX|186.516318124|640|0|1|1|-4|-8|-1088|4544|-1152|4544|286|-1|1
W|1158|0|1|ADEL_B14|XA10TEX|250.516318124|640|0|1|1|-4|-120|-1152|4544|-1216|4544|301|-1|1
W|1230|0|2|ADEL_B14|XA10TEX|0|768|0|1|1|0|0|-1216|3360|-480|3360|110|111|1
W|598|1|2|ADEL_B14|XA10TEX|224|768|0|1|1|0|0|-480|3360|-452|3354|110|111|1
W|1843|1|2|ADEL_B14|XA10TEX|252.635642127|768|0|1|1|0|0|-452|3354|-424|3356|110|111|1
W|1844|1|2|ADEL_B14|XA10TEX|280.706979822|768|0|1|1|0|0|-424|3356|-398|3366|110|111|1
W|1845|1|2|ADEL_B14|XA10TEX|308.563756376|768|0|1|1|0|0|-398|3366|-375|3383|110|111|1
W|1846|1|2|ADEL_B14|XA10TEX|337.164455668|768|0|1|1|0|0|-375|3383|-358|3406|110|111|1
W|1847|1|2|ADEL_B14|XA10TEX|365.76515496|768|0|1|1|0|0|-358|3406|-348|3432|110|111|1
W|1848|1|2|ADEL_B14|XA10TEX|393.621931515|768|0|1|1|0|0|-348|3432|-346|3460|110|111|1
W|1849|1|2|ADEL_B14|XA10TEX|421.69326921|768|0|1|1|0|0|-346|3460|-352|3488|110|111|1
W|593|0|2|ADEL_B14|XA10TEX|450.328911337|768|0|1|1|0|0|-352|3488|-352|3904|110|111|1
W|3480|0|2|ADEL_B14|XA10TEX|354.328911337|768|0|1|1|0|0|-352|3904|-352|4768|110|111|1
W|599|1|2|ADEL_B14|XA10TEX|194.328911337|768|0|1|1|0|0|-352|4768|-346|4795|110|111|1
W|1850|1|2|ADEL_B14|XA10TEX|221.987544708|768|0|1|1|0|0|-346|4795|-348|4823|110|111|1
W|1851|1|2|ADEL_B14|XA10TEX|250.058882404|768|0|1|1|0|0|-348|4823|-358|4849|110|111|1
W|1852|1|2|ADEL_B14|XA10TEX|277.915658958|768|0|1|1|0|0|-358|4849|-375|4872|110|111|1
W|1853|1|2|ADEL_B14|XA10TEX|306.51635825|768|0|1|1|0|0|-375|4872|-398|4889|110|111|1
W|1854|1|2|ADEL_B14|XA10TEX|335.117057542|768|0|1|1|0|0|-398|4889|-424|4899|110|111|1
W|1855|1|2|ADEL_B14|XA10TEX|362.973834097|768|0|1|1|0|0|-424|4899|-452|4901|110|111|1
W|1856|1|2|ADEL_B14|XA10TEX|391.045171792|768|0|1|1|0|0|-452|4901|-480|4896|110|111|1
W|594|0|2|ADEL_B14|XA10TEX|419.488097099|768|0|1|1|0|0|-480|4896|-1280|4896|110|111|1
W|1234|1|2|ADEL_B14|XA10TEX|0|256|0|1|1|0|0|-1408|3712|-1408|3680|286|303|1
W|3627|1|2|ADEL_B14|XA10TEX|32|256|0|1|1|0|0|-1408|3680|-1392|3680|302|303|1
W|3648|1|2|ADEL_B14|XA10TEX|48|256|0|1|1|0|0|-1392|3680|-1232|3680|806|303|1
W|1228|1|2|ADEL_B14|XA10TEX|208|256|0|1|1|0|0|-1232|3680|-1216|3680|302|303|1
W|1235|1|2|ADEL_B14|XA10TEX|224|256|0|1|1|0|0|-1216|3680|-1216|3712|286|303|1
W|1276|0|1|ADEL_B14|XA10TEX|0|384|0|1|1|0|0|-1216|4544|-1216|4528|448|-1|1
W|1277|0|1|ADEL_B14|XA10TEX|9|384|0|1|1|9|-8|-1408|4480|-1408|4496|328|-1|1
W|1282|1|0|ADEL_B14|XA10TEX|0|512|0|1|1|0|0|-1408|4480|-1376|4480|1104|328|1
W|1283|1|0|ADEL_B14|XA10TEX|0|512|0|1|1|0|0|-1376|4480|-1311|4480|1104|327|1
W|1284|1|0|ADEL_B14|XA10TEX|0|512|0|1|1|0|0|-1248|4480|-1216|4480|1104|305|1
W|1285|0|0|ADEL_B14|XA10TEX|28|640|0|1|1|-36|0|-1248|4544|-1310|4544|286|450|1
W|1285|1|0|ADEL_B14|XA10TEX|0|384|0|1|1|0|0|-1310|4544|-1248|4544|450|286|1
W|1286|0|0|ADEL_B14|XA10TEX|26|640|0|1|1|-38|-8|-1310|4544|-1311|4544|286|308|1
W|1287|1|0|ADEL_B14|XA10TEX|0|512|0|1|1|0|0|-1310|4480|-1248|4480|1104|307|1
W|1288|0|0|ADEL_B14|XA10TEX|28|640|0|1|1|-36|0|-1376|4544|-1408|4544|286|306|1
W|1288|1|0|ADEL_B14|XA10TEX|0|384|0|1|1|0|0|-1408|4544|-1376|4544|306|286|1
W|1289|0|0|ADEL_B14|XA10TEX|41|384|0|1|1|41|-72|-1376|4480|-1376|4496|327|328|1
W|1290|0|0|ADEL_B14|XA10TEX|0|384|0|1|1|0|0|-1248|4544|-1248|4528|450|448|1
W|1290|1|0|ADEL_B14|XA10TEX|0|384|0|1|1|0|0|-1248|4528|-1248|4544|448|450|1
W|1291|0|0|ADEL_B14|XA10TEX|28|512|0|1|1|-36|-8|-1310|4544|-1310|4528|308|450|1
W|1751|0|0|ADEL_B14|XA10TEX|44|512|0|1|1|-20|-120|-1310|4528|-1310|4496|451|449|1
W|1749|0|0|ADEL_B14|XA10TEX|76|512|0|1|1|-52|-8|-1310|4496|-1310|4480|325|307|1
W|1291|1|0|ADEL_B14|XA10TEX|0|512|0|1|1|0|0|-1310|4528|-1310|4544|450|308|1
W|1292|1|0|ADEL_B14|XA10TEX|0|512|0|1|1|0|0|-1311|4480|-1310|4480|1104|325|1
W|1293|0|0|ADEL_B14|XA10TEX|27|640|0|1|1|-37|0|-1311|4544|-1376|4544|286|326|1
W|1293|1|0|ADEL_B14|XA10TEX|0|384|0|1|1|0|0|-1376|4544|-1311|4544|326|286|1
W|1294|0|0|ADEL_B14|XA10TEX|27|512|0|1|1|-37|-8|-1311|4480|-1311|4496|325|327|1
W|1755|0|0|ADEL_B14|XA10TEX|43|512|0|1|1|-21|-120|-1311|4496|-1311|4528|451|309|1
W|1753|0|0|ADEL_B14|XA10TEX|75|512|0|1|1|-53|0|-1311|4528|-1311|4544|308|326|1
W|1296|1|0|ADEL_B14|XA10TEX|34|384|0|1|1|-30|0|-1720|7360|-1800|7360|424|366|1
W|1296|1|2|ADEL_B14|XA10TEX|34|384|0|1|1|-30|0|-1720|7360|-1800|7360|424|366|1
W|1300|1|0|ADEL_B14|XA10TEX|16|512|0|1|1|-48|0|-1856|4416|-1856|4432|1104|317|1
W|1300|1|2|ADEL_B14|XA10TEX|16|512|0|1|1|-48|0|-1856|4416|-1856|4432|1104|317|1
W|1304|0|1|ADEL_B14|XA10TEX|10|512|0|1|1|-54|0|-2240|7776|-2240|7800|418|-1|1
W|1311|0|1|ADEL_B14|XA10TEX|28|384|0|1|1|-36|0|-1860|4432|-1856|4432|317|-1|1
W|1312|0|1|ADEL_B14|XA10TEX|41|384|0|1|1|41|-32|-1216|3744|-1216|3736|342|-1|1
W|1318|0|1|ADEL_B14|XA10TEX|11|384|0|1|1|11|-32|-1408|3712|-1408|3720|330|-1|1
W|1328|0|1|ADEL_B14|XA10TEX|50|512|0|1|1|50|0|-2240|7880|-2240|7904|418|-1|1
W|1396|0|0|ADEL_B14|XA10TEX|43|640|0|1|1|43|-8|-1376|3712|-1313|3712|303|313|1
W|1396|0|2|ADEL_B14|XA10TEX|43|640|0|1|1|43|-8|-1376|3712|-1313|3712|303|313|1
W|1396|1|0|ADEL_B14|XA10TEX|0|512|0|1|1|0|0|-1313|3712|-1376|3712|313|303|1
W|1396|1|2|ADEL_B14|XA10TEX|0|512|0|1|1|0|0|-1313|3712|-1376|3712|313|303|1
W|1399|0|0|ADEL_B14|XA10TEX|14|640|0|1|1|-50|-8|-1313|3712|-1311|3712|303|338|1
W|1399|0|2|ADEL_B14|XA10TEX|14|640|0|1|1|-50|-8|-1313|3712|-1311|3712|303|338|1
W|1399|1|0|ADEL_B14|XA10TEX|0|512|0|1|1|0|0|-1311|3712|-1313|3712|338|303|1
W|1399|1|2|ADEL_B14|XA10TEX|0|512|0|1|1|0|0|-1311|3712|-1313|3712|338|303|1
W|1400|0|0|ADEL_B14|XA10TEX|16|640|0|1|1|-48|-8|-1311|3712|-1248|3712|303|340|1
W|1400|0|2|ADEL_B14|XA10TEX|16|640|0|1|1|-48|-8|-1311|3712|-1248|3712|303|340|1
W|1400|1|0|ADEL_B14|XA10TEX|0|384|0|1|1|0|0|-1248|3712|-1311|3712|340|303|1
W|1400|1|2|ADEL_B14|XA10TEX|0|384|0|1|1|0|0|-1248|3712|-1311|3712|340|303|1
W|1403|1|0|ADEL_B14|XA10TEX|51|512|0|1|1|-13|-32|-1313|3736|-1313|3744|337|332|1
W|1404|0|0|ADEL_B14|XA10TEX|0|512|0|1|1|0|0|-1311|3712|-1311|3720|340|338|1
W|1404|0|2|ADEL_B14|XA10TEX|0|512|0|1|1|0|0|-1311|3712|-1311|3720|340|338|1
W|1404|1|0|ADEL_B14|XA10TEX|8|512|0|1|1|-56|-32|-1311|3720|-1311|3712|338|340|1
W|1404|1|2|ADEL_B14|XA10TEX|8|512|0|1|1|-56|-32|-1311|3720|-1311|3712|338|340|1
W|1405|1|0|ADEL_B14|XA10TEX|50|384|0|1|1|-14|-96|-1376|3736|-1376|3744|332|331|1
W|1406|0|0|ADEL_B14|XA10TEX|15|640|0|1|1|-49|-8|-1248|3712|-1216|3712|303|333|1
W|1406|0|2|ADEL_B14|XA10TEX|15|640|0|1|1|-49|-8|-1248|3712|-1216|3712|303|333|1
W|1406|1|0|ADEL_B14|XA10TEX|0|384|0|1|1|0|0|-1216|3712|-1248|3712|333|303|1
W|1406|1|2|ADEL_B14|XA10TEX|0|384|0|1|1|0|0|-1216|3712|-1248|3712|333|303|1
W|1407|0|0|ADEL_B14|XA10TEX|0|384|0|1|1|0|0|-1248|3712|-1248|3720|333|340|1
W|1407|0|2|ADEL_B14|XA10TEX|0|384|0|1|1|0|0|-1248|3712|-1248|3720|333|340|1
W|1407|1|0|ADEL_B14|XA10TEX|7|384|0|1|1|-57|-96|-1248|3720|-1248|3712|340|333|1
W|1407|1|2|ADEL_B14|XA10TEX|7|384|0|1|1|-57|-96|-1248|3720|-1248|3712|340|333|1
W|1414|0|1|ADEL_B14|XA10TEX|0|512|0|1|1|0|0|-1800|8320|-1800|8328|921|-1|1
W|1420|1|0|ADEL_B14|XA10TEX|30|512|0|1|1|-34|0|-1720|8000|-1800|8000|416|919|1
W|1420|1|2|ADEL_B14|XA10TEX|30|512|0|1|1|-34|0|-1720|8000|-1800|8000|416|919|1
W|1421|0|0|ADEL_B14|XA10TEX|50|512|0|1|1|50|0|-1800|8320|-1720|8320|407|921|1
W|1421|0|2|ADEL_B14|XA10TEX|50|512|0|1|1|50|0|-1800|8320|-1720|8320|407|921|1
W|1431|1|0|ADEL_B14|XA10TEX|16|512|0|1|1|-48|0|-1856|4352|-1856|4368|1104|311|1
W|1431|1|2|ADEL_B14|XA10TEX|16|512|0|1|1|-48|0|-1856|4352|-1856|4368|1104|311|1
W|1424|1|0|ADEL_B14|XA10TEX|32|512|0|1|1|-32|0|-1856|4368|-1856|4391|1104|314|1
W|1424|1|2|ADEL_B14|XA10TEX|32|512|0|1|1|-32|0|-1856|4368|-1856|4391|1104|314|1
W|1436|1|0|ADEL_B14|XA10TEX|55|512|0|1|1|-9|0|-1856|4391|-1856|4393|1104|315|1
W|1436|1|2|ADEL_B14|XA10TEX|55|512|0|1|1|-9|0|-1856|4391|-1856|4393|1104|315|1
W|1354|1|0|ADEL_B14|XA10TEX|57|512|0|1|1|-7|0|-1856|4393|-1856|4416|1104|316|1
W|1354|1|2|ADEL_B14|XA10TEX|57|512|0|1|1|-7|0|-1856|4393|-1856|4416|1104|316|1
W|1473|0|1|ADEL_B14|XA10TEX|0|512|0|1|1|0|0|-1720|8000|-1720|7992|919|-1|1
W|1480|0|1|ADEL_B14|XA10TEX|16|384|0|1|1|16|-40|-1856|4352|-1860|4352|311|-1|1
W|1505|0|1|ADEL_B14|XA10TEX|6|384|0|1|1|-58|0|-1824|7680|-1800|7680|423|-1|1
W|1543|0|1|ADEL_B14|XA10TEX|50|384|0|1|1|50|0|-1856|7360|-1920|7360|424|-1|1
W|4031|0|1|ADEL_B14|XA10TEX|114|384|0|1|1|50|0|-1920|7360|-1936|7360|402|-1|1
W|1546|0|1|ADEL_B14|XA10TEX|6|512|0|1|1|-58|0|-1920|7904|-1920|7880|422|-1|1
W|1562|0|1|ADEL_B14|XA10TEX|6|512|0|1|1|-58|0|-1696|8000|-1720|8000|416|-1|1
W|1591|0|1|ADEL_B14|XA10TEX|46|384|0|1|1|-18|0|-1664|7680|-1600|7680|423|-1|1
W|1593|0|1|ADEL_B14|XA10TEX|10|384|0|1|1|-54|0|-1696|7360|-1720|7360|424|-1|1
W|1596|1|0|ADEL_B14|XA10TEX|14|512|0|1|1|-50|0|-1376|7360|-1408|7360|810|1405|1
W|1507|1|0|ADEL_B14|XA10TEX|46|512|0|1|1|-18|0|-1408|7360|-1472|7360|874|1405|1
W|4069|1|0|ADEL_B14|XA10TEX|110|512|0|1|1|-18|0|-1472|7360|-1504|7360|810|1405|1
W|1604|1|0|ADEL_B14|XA10TEX|34|512|0|1|1|-30|0|-2240|7800|-2240|7880|418|359|1
W|1604|1|2|ADEL_B14|XA10TEX|34|512|0|1|1|-30|0|-2240|7800|-2240|7880|418|359|1
W|1612|0|1|ADEL_B14|XA10TEX|0|384|0|1|1|0|0|-2240|7800|-2248|7800|359|-1|1
W|1624|0|1|ADEL_B14|XA10TEX|46|512|0|1|1|-18|0|-1664|8320|-1600|8320|407|-1|1
W|4006|0|1|ADEL_B14|XA10TEX|110|512|0|1|1|-18|0|-1600|8320|-1584|8320|405|-1|1
W|1655|0|1|ADEL_B14|XA10TEX|46|512|0|1|1|46|0|-1920|7800|-1920|7776|422|-1|1
W|1656|0|1|ADEL_B14|XA10TEX|0|384|0|1|1|0|0|-1720|7360|-1720|7352|366|-1|1
W|1668|1|0|ADEL_B14|XA10TEX|12|384|0|1|1|-52|0|-1860|4416|-1856|4416|316|317|1
W|1703|0|1|ADEL_B14|XA10TEX|0|384|0|1|1|0|0|-1912|7800|-1920|7800|591|-1|1
W|1704|0|1|ADEL_B14|XA10TEX|0|384|0|1|1|0|0|-2248|7880|-2240|7880|359|-1|1
W|1706|0|1|ADEL_B14|XA10TEX|46|512|0|1|1|46|0|-1800|8000|-1824|8000|416|-1|1
W|1711|0|1|ADEL_B14|XA10TEX|50|384|0|1|1|50|0|-1800|7360|-1824|7360|424|-1|1
W|1712|0|1|ADEL_B14|XA10TEX|0|384|0|1|1|0|0|-1800|7680|-1800|7688|388|-1|1
W|1715|0|1|ADEL_B14|XA10TEX|46|384|0|1|1|-18|0|-1720|7680|-1696|7680|423|-1|1
W|1720|1|0|ADEL_B14|XA10TEX|30|384|0|1|1|-34|0|-1800|7680|-1720|7680|423|388|1
W|1720|1|2|ADEL_B14|XA10TEX|30|384|0|1|1|-34|0|-1800|7680|-1720|7680|423|388|1
W|1723|0|1|ADEL_B14|XA10TEX|2|512|0|1|1|2|0|-1720|8320|-1696|8320|407|-1|1
W|1725|0|1|ADEL_B14|XA10TEX|0|384|0|1|1|0|0|-1920|7880|-1912|7880|591|-1|1
W|1729|0|1|ADEL_B14|XA10TEX|0|512|0|1|1|0|0|-1720|8328|-1720|8320|921|-1|1
W|1731|1|0|ADEL_B14|XA10TEX|30|512|0|1|1|-34|0|-1920|7880|-1920|7800|422|591|1
W|1731|1|2|ADEL_B14|XA10TEX|30|512|0|1|1|-34|0|-1920|7880|-1920|7800|422|591|1
W|1737|0|1|ADEL_B14|XA10TEX|50|512|0|1|1|50|0|-2240|7936|-2240|8000|418|-1|1
W|4022|0|1|ADEL_B14|XA10TEX|114|512|0|1|1|50|0|-2240|8000|-2240|8016|410|-1|1
W|1753|1|0|ADEL_B14|XA10TEX|0|512|0|1|1|0|0|-1311|4544|-1311|4528|326|308|1
W|1761|0|0|ADEL_B14|XA10TEX|10|384|0|1|1|-54|0|-1248|4496|-1248|4480|307|305|1
W|1765|0|1|ADEL_B14|XA10TEX|42|384|0|1|1|-22|9|-1216|4496|-1216|4480|305|-1|1
W|1768|0|0|ADEL_B14|XA10TEX|12|384|0|1|1|-52|0|-1376|4528|-1376|4544|326|306|1
W|1768|1|0|ADEL_B14|XA10TEX|0|384|0|1|1|0|0|-1376|4544|-1376|4528|306|326|1
W|1772|0|1|ADEL_B14|XA10TEX|44|384|0|1|1|-20|0|-1408|4528|-1408|4544|306|-1|1
W|1781|0|0|ADEL_B14|XA10TEX|0|512|0|1|1|0|0|-1313|3720|-1313|3712|313|338|1
W|1781|0|2|ADEL_B14|XA10TEX|0|512|0|1|1|0|0|-1313|3720|-1313|3712|313|338|1
W|1781|1|0|ADEL_B14|XA10TEX|42|512|0|1|1|42|-32|-1313|3712|-1313|3720|338|313|1
W|1781|1|2|ADEL_B14|XA10TEX|42|512|0|1|1|42|-32|-1313|3712|-1313|3720|338|313|1
W|1791|0|1|ADEL_B14|XA10TEX|39|384|0|1|1|-25|-32|-1216|3720|-1216|3712|333|-1|1
W|1794|1|0|ADEL_B14|XA10TEX|9|384|0|1|1|9|-96|-1248|3744|-1248|3736|341|342|1
W|1797|0|0|ADEL_B14|XA10TEX|0|384|0|1|1|0|0|-1372|3720|-1376|3720|335|313|1
W|1797|0|2|ADEL_B14|XA10TEX|0|384|0|1|1|0|0|-1372|3720|-1376|3720|335|313|1
W|1798|1|0|ADEL_B14|XA10TEX|43|384|0|1|1|43|-96|-1376|3712|-1376|3720|313|330|1
W|1797|1|2|ADEL_B14|XA10TEX|51|384|0|1|1|51|-96|-1376|3720|-1372|3720|313|335|1
W|1802|0|1|ADEL_B14|XA10TEX|18|384|0|1|1|-46|-32|-1408|3736|-1408|3744|331|-1|1
W|1812|0|1|ADEL_B14|XA10TEX|0|512|0|1|1|0|0|-1800|7992|-1800|8000|919|-1|1
W|1819|0|1|ADEL_B14|XA10TEX|46|384|0|1|1|46|0|-1920|7744|-1920|7680|422|-1|1
W|4046|0|1|ADEL_B14|XA10TEX|110|384|0|1|1|-18|0|-1920|7680|-1856|7680|423|-1|1
W|1918|0|0|ADEL_B14|XA10TEX|0|768|0|1|1|0|-8|1536|4560|1576|4600|1417|469|1
W|1927|0|0|ADEL_B14|XA10TEX|56.568542495|768|0|1|1|0|-8|1576|4600|1608|4632|1417|469|1
W|1919|0|1|ADEL_B14|XA10TEX|0|768|0|1|1|0|0|1608|4632|1624|4680|468|-1|1
W|1925|0|1|ADEL_B14|XA10TEX|50.596442563|768|0|1|1|0|0|1624|4680|1638|4729|1417|-1|1
W|1908|0|1|ADEL_B14|XA10TEX|101.557211788|768|0|1|1|0|0|1638|4729|1624|4776|1417|-1|1
W|1924|0|1|ADEL_B14|XA10TEX|150.598011129|768|0|1|1|0|0|1624|4776|1611|4824|468|-1|1
W|1909|0|1|ADEL_B14|XA10TEX|200.327278165|768|0|1|1|0|0|1611|4824|1576|4860|1417|-1|1
W|1934|0|1|ADEL_B14|XA10TEX|250.536839008|768|0|1|1|0|0|1576|4860|1542|4894|1417|-1|1
W|1910|0|1|ADEL_B14|XA10TEX|298.620100128|768|0|1|1|0|0|1542|4894|1492|4908|468|-1|1
W|1923|0|1|ADEL_B14|XA10TEX|350.543120071|768|0|1|1|0|0|1492|4908|1446|4921|1417|-1|1
W|1911|0|1|ADEL_B14|XA10TEX|398.344793682|768|0|1|1|0|0|1446|4921|1398|4908|1417|-1|1
W|1933|0|1|ADEL_B14|XA10TEX|448.074060719|768|0|1|1|0|0|1398|4908|1351|4894|468|-1|1
W|1912|0|1|ADEL_B14|XA10TEX|497.11486006|768|0|1|1|0|0|1351|4894|1316|4860|1417|-1|1
W|1932|0|1|ADEL_B14|XA10TEX|33.910351655|768|0|1|1|0|0|1316|4860|1281|4825|1417|-1|1
W|1913|0|1|ADEL_B14|XA10TEX|83.407826338|768|0|1|1|0|0|1281|4825|1268|4776|468|-1|1
W|1931|0|1|ADEL_B14|XA10TEX|134.102993761|768|0|1|1|0|0|1268|4776|1254|4729|1417|-1|1
W|1914|0|1|ADEL_B14|XA10TEX|183.143793101|768|0|1|1|0|0|1254|4729|1266|4686|1417|-1|1
W|1930|0|1|ADEL_B14|XA10TEX|227.786821673|768|0|1|1|0|0|1266|4686|1281|4635|468|-1|1
W|1915|0|1|ADEL_B14|XA10TEX|280.946957113|768|0|1|1|0|0|1281|4635|1314|4602|1417|-1|1
W|1929|0|1|ADEL_B14|XA10TEX|327.616004671|768|0|1|1|0|0|1314|4602|1350|4564|1417|-1|1
W|1916|0|1|ADEL_B14|XA10TEX|379.961013984|768|0|1|1|0|0|1350|4564|1392|4552|468|-1|1
W|1928|0|1|ADEL_B14|XA10TEX|423.64167332|768|0|1|1|0|0|1392|4552|1446|4537|1417|-1|1
W|1917|0|1|ADEL_B14|XA10TEX|479.686298397|768|0|1|1|0|0|1446|4537|1494|4550|1417|-1|1
W|1926|0|1|ADEL_B14|XA10TEX|17.415565433|768|0|1|1|0|0|1494|4550|1536|4560|468|-1|1
W|1935|0|1|ADEL_B14|XA10TEX|0|256|0|1|1|0|0|1584|4632|1608|4632|469|-1|1
W|1949|0|1|ADEL_B14|XA10TEX|0|256|0|1|1|0|0|272|7120|272|7136|608|-1|1
W|1950|0|1|ADEL_B14|XA10TEX|0|384|0|1|1|0|0|432|7120|448|7120|472|-1|1
W|1958|0|1|ADEL_B14|XA10TEX|16|384|0|1|1|0|0|448|7120|449|7110|472|-1|1
W|1970|0|1|ADEL_B14|XA10TEX|26.049875621|384|0|1|1|10|0|449|7110|454|7102|472|-1|1
W|1971|0|1|ADEL_B14|XA10TEX|35.483856753|384|0|1|1|20|0|454|7102|462|7097|472|-1|1
W|1972|0|1|ADEL_B14|XA10TEX|44.917837885|384|0|1|1|30|0|462|7097|471|7095|472|-1|1
W|1973|0|1|ADEL_B14|XA10TEX|54.137382343|384|0|1|1|40|0|471|7095|481|7097|472|-1|1
W|1974|0|1|ADEL_B14|XA10TEX|64.33542137|384|0|1|1|50|0|481|7097|489|7102|472|-1|1
W|1975|0|1|ADEL_B14|XA10TEX|73.769402502|384|0|1|1|60|0|489|7102|494|7110|472|-1|1
W|1976|0|1|ADEL_B14|XA10TEX|83.203383634|384|0|1|1|70|0|494|7110|496|7120|472|-1|1
W|1960|0|1|ADEL_B14|XA10TEX|0|384|0|1|1|0|0|208|7120|209|7110|602|-1|1
W|1961|0|1|ADEL_B14|XA10TEX|10.049875621|384|0|1|1|10|0|209|7110|214|7102|602|-1|1
W|1962|0|1|ADEL_B14|XA10TEX|19.483856753|384|0|1|1|20|0|214|7102|222|7097|602|-1|1
W|1963|0|1|ADEL_B14|XA10TEX|28.917837885|384|0|1|1|30|0|222|7097|231|7095|602|-1|1
W|1964|0|1|ADEL_B14|XA10TEX|38.137382343|384|0|1|1|40|0|231|7095|241|7097|602|-1|1
W|1965|0|1|ADEL_B14|XA10TEX|48.33542137|384|0|1|1|50|0|241|7097|249|7102|602|-1|1
W|1966|0|1|ADEL_B14|XA10TEX|57.769402502|384|0|1|1|60|0|249|7102|254|7110|602|-1|1
W|1967|0|1|ADEL_B14|XA10TEX|67.203383634|384|0|1|1|70|0|254|7110|256|7120|602|-1|1
W|1959|0|1|ADEL_B14|XA10TEX|77.401422661|384|0|1|1|0|0|256|7120|272|7120|602|-1|1
W|1977|0|0|ADEL_B14|XA10TEX|0|384|0|1|1|0|0|272|7120|432|7120|601|608|1
W|1977|0|2|ADEL_B14|XA10TEX|0|384|0|1|1|0|0|272|7120|432|7120|601|608|1
W|2552|0|1|ADEL_B14|XA10TEX|0|256|0|1|1|0|0|432|7136|432|7120|608|-1|1
W|2567|0|1|ADEL_B14|XA10TEX|45|256|0|1|1|45|0|-223|8512|-223|8576|598|-1|1
W|2572|0|1|ADEL_B14|XA10TEX|0|256|0|1|1|0|0|1536|4560|1536|4584|469|-1|1
W|2575|0|0|ADEL_B14|XA10TEX|8|512|0|1|1|-56|0|376|9096|376|9088|614|611|1
W|2575|0|2|ADEL_B14|XA10TEX|8|512|0|1|1|-56|0|376|9096|376|9088|614|611|1
W|2585|0|1|ADEL_B14|XA10TEX|60|384|0|1|1|60|0|256|9088|256|9096|610|-1|1
W|2586|0|1|ADEL_B14|XA10TEX|24|384|0|1|1|-40|0|448|9096|448|9088|611|-1|1
W|2588|0|1|ADEL_B14|XA10TEX|26|512|0|1|1|26|0|448|9088|480|9088|929|-1|1
W|4143|0|1|ADEL_B14|XA10TEX|58|512|0|1|1|50|-64|480|9088|480|9087|929|-1|1
W|4131|0|1|ADEL_B14|XA10TEX|59|512|0|1|1|51|-64|480|9087|492|9060|929|-1|1
W|2594|0|0|ADEL_B14|XA10TEX|60|512|0|1|1|60|0|376|9088|384|9088|929|611|1
W|2594|0|2|ADEL_B14|XA10TEX|60|512|0|1|1|60|0|376|9088|384|9088|929|611|1
W|4237|0|0|ADEL_B14|XA10TEX|68|512|0|1|1|18|0|384|9088|448|9088|960|611|1
W|4237|0|2|ADEL_B14|XA10TEX|68|512|0|1|1|18|0|384|9088|448|9088|960|611|1
W|2598|0|0|ADEL_B14|XA10TEX|12|512|0|1|1|12|0|328|9088|328|9096|614|610|1
W|2598|0|2|ADEL_B14|XA10TEX|12|512|0|1|1|12|0|328|9088|328|9096|614|610|1
W|2599|0|0|ADEL_B14|XA10TEX|12|512|0|1|1|12|0|328|9088|376|9088|929|614|1
W|2599|0|2|ADEL_B14|XA10TEX|12|512|0|1|1|12|0|328|9088|376|9088|929|614|1
W|2603|0|1|ADEL_B14|XA10TEX|45|384|0|1|1|45|0|-223|8200|-223|8256|933|-1|1
W|2608|0|1|ADEL_B14|XA10TEX|101|384|0|1|1|45|0|-223|8256|-223|8320|942|-1|1
W|2622|0|1|ADEL_B14|XA10TEX|165|384|0|1|1|53|0|-223|8320|-223|8376|933|-1|1
W|2607|0|1|ADEL_B14|XA10TEX|45|384|0|1|1|45|0|-223|7944|-223|8000|933|-1|1
W|2604|0|1|ADEL_B14|XA10TEX|101|384|0|1|1|45|0|-223|8000|-223|8064|615|-1|1
W|2637|0|1|ADEL_B14|XA10TEX|165|384|0|1|1|53|0|-223|8064|-223|8120|933|-1|1
W|2610|0|1|ADEL_B14|XA10TEX|45|384|0|1|1|45|0|-223|7688|-223|7744|933|-1|1
W|3408|0|1|ADEL_B14|XA10TEX|101|384|0|1|1|45|0|-223|7744|-223|7808|616|-1|1
W|2666|0|1|ADEL_B14|XA10TEX|165|384|0|1|1|53|0|-223|7808|-223|7864|933|-1|1
W|2626|0|1|ADEL_B14|XA10TEX|56|384|0|1|1|-8|0|-223|8120|-231|8120|626|-1|1
W|2634|1|2|ADEL_B14|XA10TEX|37|128|0|1|1|37|0|-223|8632|-223|8712|933|620|1
W|2638|1|0|ADEL_B14|XA10TEX|37|384|0|1|1|37|0|-223|8376|-223|8456|933|623|1
W|2638|1|2|ADEL_B14|XA10TEX|37|384|0|1|1|37|0|-223|8376|-223|8456|933|623|1
W|2639|0|1|ADEL_B14|XA10TEX|37|384|0|1|1|37|0|-231|8456|-223|8456|623|-1|1
W|2642|0|1|ADEL_B14|XA10TEX|56|384|0|1|1|-8|0|-223|8376|-231|8376|623|-1|1
W|2662|0|1|ADEL_B14|XA10TEX|37|384|0|1|1|37|0|-231|7944|-223|7944|629|-1|1
W|2664|0|1|ADEL_B14|XA10TEX|56|384|0|1|1|-8|0|-223|7864|-231|7864|629|-1|1
W|2667|1|0|ADEL_B14|XA10TEX|37|384|0|1|1|37|0|-223|8120|-223|8200|933|626|1
W|2667|1|2|ADEL_B14|XA10TEX|37|384|0|1|1|37|0|-223|8120|-223|8200|933|626|1
W|2668|0|1|ADEL_B14|XA10TEX|37|384|0|1|1|37|0|-231|8200|-223|8200|626|-1|1
W|2671|1|0|ADEL_B14|XA10TEX|37|384|0|1|1|37|0|-223|7608|-223|7688|933|632|1
W|2671|1|2|ADEL_B14|XA10TEX|37|384|0|1|1|37|0|-223|7608|-223|7688|933|632|1
W|2672|0|1|ADEL_B14|XA10TEX|37|384|0|1|1|37|0|-231|7688|-223|7688|632|-1|1
W|2688|0|1|ADEL_B14|XA10TEX|0|384|0|1|1|0|0|-223|8768|-215|8776|933|-1|1
W|2697|1|0|ADEL_B14|XA10TEX|37|384|0|1|1|37|0|-223|7864|-223|7944|933|629|1
W|2697|1|2|ADEL_B14|XA10TEX|37|384|0|1|1|37|0|-223|7864|-223|7944|933|629|1
W|2700|0|1|ADEL_B14|XA10TEX|56|384|0|1|1|-8|0|-223|7608|-231|7608|632|-1|1
W|2703|0|1|ADEL_B14|XA10TEX|56|384|0|1|1|-8|0|-223|7352|-231|7352|635|-1|1
W|2705|0|0|ADEL_B14|XA10TEX|37|384|0|1|1|37|0|-223|7352|-223|7432|933|635|1
W|2705|0|2|ADEL_B14|XA10TEX|37|384|0|1|1|37|0|-223|7352|-223|7432|933|635|1
W|2736|0|1|ADEL_B14|XA10TEX|37|384|0|1|1|37|0|-231|7432|-223|7432|635|-1|1
W|3406|0|1|ADEL_B14|XA10TEX|45|384|0|1|1|45|0|-223|7432|-223|7488|933|-1|1
W|3403|0|1|ADEL_B14|XA10TEX|101|384|0|1|1|45|0|-223|7488|-223|7552|617|-1|1
W|2680|0|1|ADEL_B14|XA10TEX|165|384|0|1|1|53|0|-223|7552|-223|7608|933|-1|1
W|3432|0|1|ADEL_B14|XA10TEX|0|384|0|1|1|0|0|-1720|7688|-1720|7680|388|-1|1
W|3435|0|1|ADEL_B14|XA10TEX|0|384|0|1|1|0|0|-1800|7352|-1800|7360|366|-1|1
W|3490|0|1|ADEL_B14|XA10TEX|6|256|0|1|1|6|0|1528|4592|1516|4588|828|-1|1
W|3503|0|1|ADEL_B14|XA10TEX|39|256|0|1|1|39|0|1352|4872|1360|4880|839|-1|1
W|3497|0|1|ADEL_B14|XA10TEX|50.313708499|256|0|1|1|50|0|1360|4880|1448|4904|839|-1|1
W|3496|0|1|ADEL_B14|XA10TEX|141.527742507|256|0|1|1|13|0|1448|4904|1536|4880|839|-1|1
W|3495|0|1|ADEL_B14|XA10TEX|232.741776515|256|0|1|1|40|0|1536|4880|1600|4816|839|-1|1
W|3493|0|1|ADEL_B14|XA10TEX|323.251444507|256|0|1|1|3|0|1600|4816|1624|4728|839|-1|1
W|3494|0|1|ADEL_B14|XA10TEX|414.465478515|256|0|1|1|30|0|1624|4728|1584|4656|839|-1|1
W|3506|0|0|ADEL_B14|XA10TEX|11|256|0|1|1|11|0|1304|4824|1352|4872|800|836|1
W|3548|0|1|ADEL_B14|XA10TEX|26|512|0|1|1|26|0|-1824|8320|-1800|8320|407|-1|1
W|3551|0|1|ADEL_B14|XA10TEX|46|512|0|1|1|46|0|-1856|8000|-1920|8000|416|-1|1
W|4044|0|1|ADEL_B14|XA10TEX|110|512|0|1|1|46|0|-1920|8000|-1920|7936|422|-1|1
W|3629|0|1|ADEL_B14|XA10TEX|6|256|0|1|1|6|0|1516|4588|1440|4568|839|-1|1
W|3489|0|1|ADEL_B14|XA10TEX|84.587530818|256|0|1|1|33|0|1440|4568|1352|4592|839|-1|1
W|3488|0|1|ADEL_B14|XA10TEX|175.801564825|256|0|1|1|60|0|1352|4592|1288|4648|839|-1|1
W|3500|0|1|ADEL_B14|XA10TEX|260.842731327|256|0|1|1|17|0|1288|4648|1264|4728|839|-1|1
W|3499|0|1|ADEL_B14|XA10TEX|344.365183399|256|0|1|1|34|0|1264|4728|1296|4816|839|-1|1
W|3498|0|1|ADEL_B14|XA10TEX|438.002782684|256|0|1|1|0|0|1296|4816|1304|4824|839|-1|1
W|3632|1|2|ADEL_B14|XA10TEX|0|768|0|1|1|0|0|-1392|3360|-1232|3360|110|806|1
W|3634|0|1|ADEL_B14|XA10TEX|30|256|0|1|1|30|0|1584|4656|1576|4640|828|-1|1
W|3643|1|0|ADEL_B14|XA10TEX|0|256|0|1|1|0|0|1584|4656|1516|4588|839|828|1
W|3722|1|0|ADEL_B14|XA10TEX|0|256|0|1|1|0|0|1308|4820|1356|4868|837|800|1
W|3731|0|0|ADEL_B14|XA10TEX|11|256|0|1|1|11|0|1304|4824|1308|4820|839|800|1
W|3721|0|0|ADEL_B14|XA10TEX|16.656854249|256|0|1|1|17|0|1308|4820|1312|4816|839|837|1
W|3728|0|0|ADEL_B14|XA10TEX|22.313708499|256|0|1|1|23|0|1312|4816|1360|4864|838|837|1
W|3729|0|0|ADEL_B14|XA10TEX|90.195959493|256|0|1|1|27|0|1360|4864|1356|4868|839|837|1
W|3724|0|0|ADEL_B14|XA10TEX|95.852813742|256|0|1|1|33|0|1356|4868|1352|4872|839|800|1
W|3907|1|0|ADEL_B14|XA10TEX|16|384|0|1|1|16|0|-1616|7664|-1616|7632|870|409|1
W|3904|1|0|ADEL_B14|XA10TEX|48|384|0|1|1|16|0|-1616|7632|-1616|7408|889|871|1
W|3960|1|0|ADEL_B14|XA10TEX|272|384|0|1|1|16|0|-1616|7408|-1616|7376|867|869|1
W|3913|0|1|ADEL_B14|XA10TEX|30|512|0|1|1|30|0|-1600|7984|-1600|8000|900|-1|1
W|4030|0|1|ADEL_B14|XA10TEX|46|512|0|1|1|46|0|-1600|8000|-1664|8000|416|-1|1
W|3917|0|2|ADEL_B14|XA10TEX|46|384|0|1|1|-18|0|-1600|7680|-1584|7676|413|876|1
W|3915|0|2|ADEL_B14|XA10TEX|62.492422502|384|0|1|1|0|8|-1584|7676|-1536|7676|392|877|1
W|1681|0|2|ADEL_B14|XA10TEX|110.492422502|384|0|1|1|0|8|-1536|7676|-1472|7676|425|877|1
W|1338|0|2|ADEL_B14|XA10TEX|174.492422502|384|0|1|1|0|8|-1472|7676|-1408|7676|392|877|1
W|1323|0|2|ADEL_B14|XA10TEX|238.492422502|384|0|1|1|0|8|-1408|7676|-1344|7676|382|877|1
W|1669|0|2|ADEL_B14|XA10TEX|302.492422502|384|0|1|1|0|8|-1344|7676|-1296|7676|392|877|1
W|3916|0|2|ADEL_B14|XA10TEX|350.492422502|384|0|1|1|-36|0|-1296|7676|-1280|7680|810|429|1
W|3918|0|0|ADEL_B14|XA10TEX|2|512|0|1|1|2|0|-2224|8320|-1936|8320|410|884|1
W|3918|0|2|ADEL_B14|XA10TEX|2|512|0|1|1|2|0|-2224|8320|-1936|8320|410|884|1
W|3920|0|1|ADEL_B14|XA10TEX|34|512|0|1|1|34|0|-2240|8304|-2240|8320|410|-1|1
W|4042|0|1|ADEL_B14|XA10TEX|50|512|0|1|1|50|0|-2240|8320|-2224|8320|410|-1|1
W|3921|0|1|ADEL_B14|XA10TEX|2|384|0|1|1|2|0|-2240|7376|-2256|7376|881|-1|1
W|3923|0|1|ADEL_B14|XA10TEX|30|512|0|1|1|-34|0|-1296|8320|-1280|8320|405|-1|1
W|4050|0|1|ADEL_B14|XA10TEX|46|512|0|1|1|-18|0|-1280|8320|-1280|8304|405|-1|1
W|3924|0|0|ADEL_B14|XA10TEX|2|512|0|1|1|2|0|-2240|8016|-2240|8304|410|883|1
W|3924|0|2|ADEL_B14|XA10TEX|2|512|0|1|1|2|0|-2240|8016|-2240|8304|410|883|1
W|3925|0|1|ADEL_B14|XA10TEX|14|512|0|1|1|-50|0|-1616|7984|-1600|7984|879|-1|1
W|3926|0|1|ADEL_B14|XA10TEX|34|512|0|1|1|34|0|-1936|8320|-1920|8320|410|-1|1
W|4026|0|1|ADEL_B14|XA10TEX|50|512|0|1|1|50|0|-1920|8320|-1856|8320|407|-1|1
W|3928|1|0|ADEL_B14|XA10TEX|62|512|0|1|1|62|0|-1600|7696|-1600|7984|900|879|1
W|3928|1|2|ADEL_B14|XA10TEX|62|512|0|1|1|62|0|-1600|7696|-1600|7984|900|879|1
W|3929|0|1|ADEL_B14|XA10TEX|34|512|0|1|1|34|0|-1520|7360|-1520|7344|880|-1|1
W|3930|0|1|ADEL_B14|XA10TEX|62|512|0|1|1|-2|0|-1360|7360|-1376|7360|810|-1|1
W|3931|0|1|ADEL_B14|XA10TEX|62|512|0|1|1|62|0|-1600|7696|-1616|7696|879|-1|1
W|3933|0|1|ADEL_B14|XA10TEX|2|512|0|1|1|2|0|-1296|7360|-1296|7344|878|-1|1
W|3934|0|0|ADEL_B14|XA10TEX|62|512|0|1|1|-2|0|-1296|7360|-1360|7360|810|878|1
W|3934|0|2|ADEL_B14|XA10TEX|62|512|0|1|1|-2|0|-1296|7360|-1360|7360|810|878|1
W|3936|0|1|ADEL_B14|XA10TEX|30|512|0|1|1|-34|0|-1584|7360|-1600|7360|810|-1|1
W|3937|0|0|ADEL_B14|XA10TEX|2|384|0|1|1|2|0|-1936|7360|-2224|7360|402|882|1
W|3937|0|2|ADEL_B14|XA10TEX|2|384|0|1|1|2|0|-1936|7360|-2224|7360|402|882|1
W|3938|0|1|ADEL_B14|XA10TEX|14|512|0|1|1|-50|0|-1584|7344|-1584|7360|880|-1|1
W|3939|0|0|ADEL_B14|XA10TEX|30|512|0|1|1|-34|0|-1520|7360|-1584|7360|810|880|1
W|3939|0|2|ADEL_B14|XA10TEX|30|512|0|1|1|-34|0|-1520|7360|-1584|7360|810|880|1
W|3940|0|1|ADEL_B14|XA10TEX|14|384|0|1|1|-50|0|-2224|7344|-2224|7360|882|-1|1
W|3941|0|0|ADEL_B14|XA10TEX|2|384|0|1|1|2|0|-2240|7376|-2240|7664|402|881|1
W|3941|0|2|ADEL_B14|XA10TEX|2|384|0|1|1|2|0|-2240|7376|-2240|7664|402|881|1
W|3942|0|1|ADEL_B14|XA10TEX|2|384|0|1|1|2|0|-1936|7360|-1936|7344|882|-1|1
W|3943|0|1|ADEL_B14|XA10TEX|34|384|0|1|1|34|0|-2224|7360|-2240|7360|402|-1|1
W|4048|0|1|ADEL_B14|XA10TEX|50|384|0|1|1|50|0|-2240|7360|-2240|7376|402|-1|1
W|3944|0|1|ADEL_B14|XA10TEX|2|512|0|1|1|2|0|-2224|8320|-2224|8336|884|-1|1
W|3945|0|1|ADEL_B14|XA10TEX|14|384|0|1|1|-50|0|-2256|7664|-2240|7664|881|-1|1
W|3946|0|1|ADEL_B14|XA10TEX|2|512|0|1|1|2|0|-2240|8016|-2256|8016|883|-1|1
W|3948|0|1|ADEL_B14|XA10TEX|34|384|0|1|1|34|0|-2240|7664|-2240|7680|402|-1|1
W|4037|0|1|ADEL_B14|XA10TEX|50|384|0|1|1|50|0|-2240|7680|-2240|7744|418|-1|1
W|3949|0|1|ADEL_B14|XA10TEX|14|512|0|1|1|-50|0|-2256|8304|-2240|8304|883|-1|1
W|3951|0|1|ADEL_B14|XA10TEX|14|512|0|1|1|-50|0|-1296|8336|-1296|8320|886|-1|1
W|3953|0|0|ADEL_B14|XA10TEX|62|512|0|1|1|-2|0|-1584|8320|-1296|8320|405|886|1
W|3953|0|2|ADEL_B14|XA10TEX|62|512|0|1|1|-2|0|-1584|8320|-1296|8320|405|886|1
W|3954|0|1|ADEL_B14|XA10TEX|2|512|0|1|1|2|0|-1584|8320|-1584|8336|886|-1|1
W|3955|0|1|ADEL_B14|XA10TEX|2|512|0|1|1|2|0|-1280|8304|-1264|8304|885|-1|1
W|3963|0|1|ADEL_B14|XA10TEX|30|512|0|1|1|-34|0|-1280|8016|-1280|8000|405|-1|1
W|4100|0|1|ADEL_B14|XA10TEX|46|512|0|1|1|-18|0|-1280|8000|-1280|7984|415|-1|1
W|3965|0|0|ADEL_B14|XA10TEX|62|512|0|1|1|-2|0|-1280|8304|-1280|8016|405|885|1
W|3965|0|2|ADEL_B14|XA10TEX|62|512|0|1|1|-2|0|-1280|8304|-1280|8016|405|885|1
W|3966|0|1|ADEL_B14|XA10TEX|30|512|0|1|1|-34|0|-1280|7376|-1280|7360|810|-1|1
W|4047|0|1|ADEL_B14|XA10TEX|46|512|0|1|1|-18|0|-1280|7360|-1296|7360|810|-1|1
W|3969|0|1|ADEL_B14|XA10TEX|14|512|0|1|1|-50|0|-1264|8016|-1280|8016|885|-1|1
W|3970|0|0|ADEL_B14|XA10TEX|62|512|0|1|1|-2|0|-1280|7984|-1280|7696|415|888|1
W|3970|0|2|ADEL_B14|XA10TEX|62|512|0|1|1|-2|0|-1280|7984|-1280|7696|415|888|1
W|3971|0|1|ADEL_B14|XA10TEX|30|512|0|1|1|-34|0|-1280|7696|-1280|7680|415|-1|1
W|3972|0|1|ADEL_B14|XA10TEX|14|512|0|1|1|-50|0|-1264|7376|-1280|7376|922|-1|1
W|3973|0|0|ADEL_B14|XA10TEX|62|512|0|1|1|-2|0|-1280|7664|-1280|7376|810|922|1
W|3973|0|2|ADEL_B14|XA10TEX|62|512|0|1|1|-2|0|-1280|7664|-1280|7376|810|922|1
W|3974|0|1|ADEL_B14|XA10TEX|2|512|0|1|1|2|0|-1280|7984|-1264|7984|888|-1|1
W|3977|0|1|ADEL_B14|XA10TEX|2|512|0|1|1|2|0|-1280|7664|-1264|7664|922|-1|1
W|3996|0|1|ADEL_B14|XA10TEX|46|512|0|1|1|46|0|-1600|7680|-1600|7696|900|-1|1
W|4029|0|0|ADEL_B14|XA10TEX|46|512|0|1|1|-18|0|-1600|7360|-1600|7376|810|424|1
W|3964|0|0|ADEL_B14|XA10TEX|62|512|0|1|1|-2|0|-1600|7376|-1600|7408|426|869|1
W|3861|0|0|ADEL_B14|XA10TEX|94|512|0|1|1|-34|0|-1600|7408|-1600|7632|872|871|1
W|3900|0|0|ADEL_B14|XA10TEX|318|512|0|1|1|-2|0|-1600|7632|-1600|7664|873|409|1
W|3985|0|0|ADEL_B14|XA10TEX|350|512|0|1|1|-34|0|-1600|7664|-1600|7680|413|423|1
W|4032|0|1|ADEL_B14|XA10TEX|62|256|0|1|1|-2|0|-1504|7344|-1504|7360|1405|-1|1
W|4033|0|1|ADEL_B14|XA10TEX|50|384|0|1|1|50|0|-1600|7360|-1664|7360|424|-1|1
W|4035|1|0|ADEL_B14|XA10TEX|0|384|0|1|1|0|0|-1504|7312|-1472|7312|1402|1403|1
W|4035|1|2|ADEL_B14|XA10TEX|0|384|0|1|1|0|0|-1504|7312|-1472|7312|1402|1403|1
W|4051|1|0|ADEL_B14|XA10TEX|32|384|0|1|1|0|0|-1472|7312|-1440|7312|412|1403|1
W|4051|1|2|ADEL_B14|XA10TEX|32|384|0|1|1|0|0|-1472|7312|-1440|7312|412|1403|1
W|4056|1|0|ADEL_B14|XA10TEX|64|384|0|1|1|0|0|-1440|7312|-1408|7312|408|1403|1
W|4056|1|2|ADEL_B14|XA10TEX|64|384|0|1|1|0|0|-1440|7312|-1408|7312|408|1403|1
W|4038|1|0|ADEL_B14|XA10TEX|96|384|0|1|1|0|0|-1408|7312|-1376|7312|406|1403|1
W|4038|1|2|ADEL_B14|XA10TEX|96|384|0|1|1|0|0|-1408|7312|-1376|7312|406|1403|1
W|4039|0|1|ADEL_B14|XA10TEX|0|256|0|1|1|0|0|-1536|7312|-1504|7312|1406|-1|1
W|4049|0|1|ADEL_B14|XA10TEX|46|512|0|1|1|-18|0|-1280|7680|-1280|7664|810|-1|1
W|4053|0|1|ADEL_B14|XA10TEX|14|512|0|1|1|-50|0|-1504|7360|-1520|7360|810|-1|1
W|4061|0|1|ADEL_B14|XA10TEX|18|256|0|1|1|18|0|-1376|7360|-1376|7344|1405|-1|1
W|4063|0|1|ADEL_B14|XA10TEX|0|256|0|1|1|0|0|-1376|7328|-1376|7312|1403|-1|1
W|4064|0|1|ADEL_B14|XA10TEX|0|256|0|1|1|0|0|-1504|7312|-1504|7328|1403|-1|1
W|4065|0|1|ADEL_B14|XA10TEX|0|384|0|1|1|0|0|-1376|7312|-1344|7312|1407|-1|1
W|4095|0|1|ADEL_B14|XA10TEX|46|512|0|1|1|-18|0|-1360|7344|-1360|7360|878|-1|1
W|4096|0|1|ADEL_B14|XA10TEX|14|512|0|1|1|-50|0|-1936|8336|-1936|8320|884|-1|1
W|4097|0|1|ADEL_B14|XA10TEX|14|512|0|1|1|-50|0|-1264|7696|-1280|7696|888|-1|1
W|4135|0|1|ADEL_B14|XA10TEX|8|384|0|1|1|8|0|864|7232|800|7232|932|-1|1
W|4186|0|1|ADEL_B14|XA10TEX|8|384|0|1|1|8|0|672|7232|560|7232|932|-1|1
W|4187|0|1|ADEL_B14|XA10TEX|0|384|0|1|1|0|0|-103|8888|-95|8896|933|-1|1
W|4136|0|1|ADEL_B14|XA10TEX|11.313708499|384|0|1|1|53|0|-95|8896|-32|8896|933|-1|1
W|4191|0|1|ADEL_B14|XA10TEX|0|384|0|1|1|0|0|800|7232|800|7224|950|-1|1
W|4197|0|1|ADEL_B14|XA10TEX|53|384|0|1|1|-11|0|-95|7232|-159|7232|933|-1|1
W|4198|0|1|ADEL_B14|XA10TEX|0|384|0|1|1|0|0|672|7224|672|7232|950|-1|1
W|4199|1|0|ADEL_B14|XA10TEX|8|384|0|1|1|8|0|800|7232|672|7232|932|950|1
W|4199|1|2|ADEL_B14|XA10TEX|8|384|0|1|1|8|0|800|7232|672|7232|932|950|1
W|4207|0|1|ADEL_B14|XA10TEX|0|384|0|1|1|0|0|-32|8896|-32|8904|952|-1|1
W|4211|0|1|ADEL_B14|XA10TEX|17|384|0|1|1|17|-32|492|9060|500|9064|954|-1|1
W|4212|0|1|ADEL_B14|XA10TEX|55|384|0|1|1|-9|-32|540|8976|532|8972|954|-1|1
W|4216|0|1|ADEL_B14|XA10TEX|0|384|0|1|1|0|0|96|8904|96|8896|952|-1|1
W|4217|1|0|ADEL_B14|XA10TEX|53|384|0|1|1|53|0|-32|8896|96|8896|933|952|1
W|4217|1|2|ADEL_B14|XA10TEX|53|384|0|1|1|53|0|-32|8896|96|8896|933|952|1
W|4221|0|1|ADEL_B14|XA10TEX|53|384|0|1|1|53|0|96|8896|144|8896|933|-1|1
W|4222|0|1|ADEL_B14|XA10TEX|0|384|0|1|1|0|0|-95|7224|-95|7232|957|-1|1
W|4223|1|0|ADEL_B14|XA10TEX|53|384|0|1|1|-11|0|32|7232|-95|7232|933|957|1
W|4223|1|2|ADEL_B14|XA10TEX|53|384|0|1|1|-11|0|32|7232|-95|7232|933|957|1
W|4237|1|2|ADEL_B14|XA10TEX|0|384|0|1|1|0|0|448|9088|384|9088|611|960|1
W|4253|0|1|ADEL_B14|XA10TEX|8|384|0|1|1|-56|0|736|8896|800|8896|932|-1|1
W|4137|0|1|ADEL_B14|XA10TEX|72|384|0|1|1|56|0|800|8896|808|8888|932|-1|1
W|4254|0|1|ADEL_B14|XA10TEX|0|384|0|1|1|0|0|736|8904|736|8896|961|-1|1
W|4255|0|0|ADEL_B14|XA10TEX|8|384|0|1|1|-56|0|608|8896|736|8896|932|961|1
W|4255|0|2|ADEL_B14|XA10TEX|8|384|0|1|1|-56|0|608|8896|736|8896|932|961|1
W|4257|0|1|ADEL_B14|XA10TEX|0|384|0|1|1|0|0|608|8896|608|8904|961|-1|1
W|4258|0|0|ADEL_B14|XA10TEX|4|512|0|1|1|4|0|256|9088|320|9088|964|610|1
W|4258|0|2|ADEL_B14|XA10TEX|4|512|0|1|1|4|0|256|9088|320|9088|964|610|1
W|4261|0|0|ADEL_B14|XA10TEX|68|512|0|1|1|4|0|320|9088|328|9088|929|610|1
W|4261|0|2|ADEL_B14|XA10TEX|68|512|0|1|1|4|0|320|9088|328|9088|929|610|1
W|4258|1|2|ADEL_B14|XA10TEX|0|384|0|1|1|0|0|320|9088|256|9088|610|964|1
W|4262|0|1|ADEL_B14|XA10TEX|36|384|0|1|1|36|-32|172|8972|164|8976|955|-1|1
W|4264|0|0|ADEL_B14|XA10TEX|17|512|0|1|1|17|-64|492|9060|532|8972|929|954|1
W|4264|0|2|ADEL_B14|XA10TEX|17|512|0|1|1|17|-64|492|9060|532|8972|929|954|1
W|4265|0|1|ADEL_B14|XA10TEX|50|512|0|1|1|50|-64|532|8972|538|8958|929|-1|1
W|4232|0|1|ADEL_B14|XA10TEX|65.231546212|512|0|1|1|1|-64|538|8958|544|8944|959|-1|1
W|4329|0|1|ADEL_B14|XA10TEX|80.463092423|512|0|1|1|16|-64|544|8944|544|8936|971|-1|1
W|4326|0|1|ADEL_B14|XA10TEX|88.463092423|512|0|1|1|24|-64|544|8936|544|8928|972|-1|1
W|4327|0|1|ADEL_B14|XA10TEX|96.463092423|512|0|1|1|32|-64|544|8928|544|8920|973|-1|1
W|4332|0|1|ADEL_B14|XA10TEX|104.463092423|512|0|1|1|40|-64|544|8920|544|8912|974|-1|1
W|4533|1|0|ADEL_B14|XA10TEX|112.463092423|512|0|1|1|48|0|544|8912|480|8848|974|936|1
W|4532|1|0|ADEL_B14|XA10TEX|202.972760415|512|0|1|1|11|0|480|8848|224|8848|974|936|1
W|4531|1|0|ADEL_B14|XA10TEX|458.972760415|512|0|1|1|11|0|224|8848|160|8912|974|936|1
W|4530|0|1|ADEL_B14|XA10TEX|37.482428407|512|0|1|1|38|-64|160|8912|160|8920|974|-1|1
W|4422|0|1|ADEL_B14|XA10TEX|45.482428407|512|0|1|1|46|-64|160|8920|160|8928|973|-1|1
W|4330|0|1|ADEL_B14|XA10TEX|53.482428407|512|0|1|1|54|-64|160|8928|160|8936|972|-1|1
W|4328|0|1|ADEL_B14|XA10TEX|61.482428407|512|0|1|1|62|-64|160|8936|160|8944|971|-1|1
W|4331|0|1|ADEL_B14|XA10TEX|69.482428407|512|0|1|1|6|-64|160|8944|166|8958|959|-1|1
W|4227|0|1|ADEL_B14|XA10TEX|84.713974619|512|0|1|1|21|-64|166|8958|172|8972|929|-1|1
W|4267|0|1|ADEL_B14|XA10TEX|5|512|0|1|1|5|-64|212|9060|224|9087|929|-1|1
W|4313|0|1|ADEL_B14|XA10TEX|34.546573405|512|0|1|1|35|-64|224|9087|224|9088|929|-1|1
W|4147|0|1|ADEL_B14|XA10TEX|35.546573405|512|0|1|1|36|0|224|9088|256|9088|929|-1|1
W|4268|0|0|ADEL_B14|XA10TEX|36|512|0|1|1|36|-64|172|8972|212|9060|929|955|1
W|4268|0|2|ADEL_B14|XA10TEX|36|512|0|1|1|36|-64|172|8972|212|9060|929|955|1
W|4269|0|1|ADEL_B14|XA10TEX|10|384|0|1|1|-54|-96|204|9064|212|9060|955|-1|1
W|4309|0|1|ADEL_B14|XA10TEX|0|384|0|1|1|0|0|32|7232|32|7224|957|-1|1
W|4482|1|0|ADEL_B14|XA10TEX|0|768|0|1|1|0|0|160|8896|192|8864|938|936|1
W|4146|1|0|ADEL_B14|XA10TEX|45.254833996|768|0|1|1|0|0|192|8864|224|8832|941|936|1
W|4494|1|0|ADEL_B14|XA10TEX|90.509667992|768|0|1|1|0|0|224|8832|256|8832|941|936|1
W|4496|1|0|ADEL_B14|XA10TEX|122.509667992|768|0|1|1|0|0|256|8832|320|8832|1008|936|1
W|4508|1|0|ADEL_B14|XA10TEX|186.509667992|768|0|1|1|0|0|320|8832|384|8832|1010|936|1
W|4510|1|0|ADEL_B14|XA10TEX|250.509667992|768|0|1|1|0|0|384|8832|448|8832|1018|936|1
W|4145|1|0|ADEL_B14|XA10TEX|314.509667992|768|0|1|1|0|0|448|8832|480|8832|940|936|1
W|4522|1|0|ADEL_B14|XA10TEX|346.509667992|768|0|1|1|0|0|480|8832|512|8864|940|936|1
W|4144|1|0|ADEL_B14|XA10TEX|391.764501988|768|0|1|1|0|0|512|8864|544|8896|939|936|1
W|4517|1|0|ADEL_B14|XA10TEX|0|768|0|1|1|0|0|544|7232|512|7232|997|930|1
W|4515|1|0|ADEL_B14|XA10TEX|32|768|0|1|1|0|0|512|7232|448|7232|1021|930|1
W|1941|1|0|ADEL_B14|XA10TEX|96|768|0|1|1|0|0|448|7232|400|7232|1013|930|1
W|4503|1|0|ADEL_B14|XA10TEX|144|768|0|1|1|0|0|400|7232|384|7232|1013|2|1
W|4501|1|0|ADEL_B14|XA10TEX|160|768|0|1|1|0|0|384|7232|320|7232|1012|2|1
W|1942|1|0|ADEL_B14|XA10TEX|224|768|0|1|1|0|0|320|7232|304|7232|1003|2|1
W|4489|1|0|ADEL_B14|XA10TEX|240|768|0|1|1|0|0|304|7232|256|7232|1003|471|1
W|4487|1|0|ADEL_B14|XA10TEX|288|768|0|1|1|0|0|256|7232|192|7232|1002|471|1
W|4138|1|0|ADEL_B14|XA10TEX|352|768|0|1|1|0|0|192|7232|160|7232|934|471|1
W|4534|0|1|ADEL_B14|XA10TEX|8|384|0|1|1|-56|0|560|8896|608|8896|932|-1|1
W|4538|0|1|ADEL_B14|XA10TEX|53|384|0|1|1|-11|0|144|7232|32|7232|933|-1|1
W|4609|0|0|ADEL_B14|XA10TEX|37|384|0|1|1|37|0|928|7432|928|7352|932|1040|1
W|4609|0|2|ADEL_B14|XA10TEX|37|384|0|1|1|37|0|928|7432|928|7352|932|1040|1
W|4610|0|1|ADEL_B14|XA10TEX|37|384|0|1|1|37|0|928|7432|936|7432|1040|-1|1
W|4612|0|1|ADEL_B14|XA10TEX|53|384|0|1|1|53|0|928|7352|928|7296|932|-1|1
W|4613|0|1|ADEL_B14|XA10TEX|56|384|0|1|1|-8|0|936|7352|928|7352|1040|-1|1
W|4622|1|0|ADEL_B14|XA10TEX|37|384|0|1|1|37|0|928|7688|928|7608|932|1043|1
W|4622|1|2|ADEL_B14|XA10TEX|37|384|0|1|1|37|0|928|7688|928|7608|932|1043|1
W|4623|0|1|ADEL_B14|XA10TEX|37|384|0|1|1|37|0|928|7688|936|7688|1043|-1|1
W|4625|0|1|ADEL_B14|XA10TEX|56|384|0|1|1|-8|0|936|7608|928|7608|1043|-1|1
W|4634|0|1|ADEL_B14|XA10TEX|53|384|0|1|1|53|0|928|7608|928|7552|932|-1|1
W|3251|0|1|ADEL_B14|XA10TEX|109|384|0|1|1|45|0|928|7552|928|7488|682|-1|1
W|3302|0|1|ADEL_B14|XA10TEX|173|384|0|1|1|45|0|928|7488|928|7432|932|-1|1
W|4635|1|0|ADEL_B14|XA10TEX|37|384|0|1|1|37|0|928|7944|928|7864|932|1046|1
W|4635|1|2|ADEL_B14|XA10TEX|37|384|0|1|1|37|0|928|7944|928|7864|932|1046|1
W|4636|0|1|ADEL_B14|XA10TEX|37|384|0|1|1|37|0|928|7944|936|7944|1046|-1|1
W|4638|0|1|ADEL_B14|XA10TEX|56|384|0|1|1|-8|0|936|7864|928|7864|1046|-1|1
W|4647|0|1|ADEL_B14|XA10TEX|53|384|0|1|1|53|0|928|7864|928|7808|932|-1|1
W|3347|0|1|ADEL_B14|XA10TEX|109|384|0|1|1|45|0|928|7808|928|7744|681|-1|1
W|3412|0|1|ADEL_B14|XA10TEX|173|384|0|1|1|45|0|928|7744|928|7688|932|-1|1
W|4648|1|0|ADEL_B14|XA10TEX|37|384|0|1|1|37|0|928|8200|928|8120|932|1049|1
W|4648|1|2|ADEL_B14|XA10TEX|37|384|0|1|1|37|0|928|8200|928|8120|932|1049|1
W|4649|0|1|ADEL_B14|XA10TEX|37|384|0|1|1|37|0|928|8200|936|8200|1049|-1|1
W|4651|0|1|ADEL_B14|XA10TEX|56|384|0|1|1|-8|0|936|8120|928|8120|1049|-1|1
W|4660|0|1|ADEL_B14|XA10TEX|53|384|0|1|1|53|0|928|8120|928|8064|932|-1|1
W|3413|0|1|ADEL_B14|XA10TEX|109|384|0|1|1|45|0|928|8064|928|8000|680|-1|1
W|3417|0|1|ADEL_B14|XA10TEX|173|384|0|1|1|45|0|928|8000|928|7944|932|-1|1
W|4661|1|0|ADEL_B14|XA10TEX|37|384|0|1|1|37|0|928|8456|928|8376|932|1052|1
W|4661|1|2|ADEL_B14|XA10TEX|37|384|0|1|1|37|0|928|8456|928|8376|932|1052|1
W|4662|0|1|ADEL_B14|XA10TEX|37|384|0|1|1|37|0|928|8456|936|8456|1052|-1|1
W|4664|0|1|ADEL_B14|XA10TEX|56|384|0|1|1|-8|0|936|8376|928|8376|1052|-1|1
W|4673|0|1|ADEL_B14|XA10TEX|53|384|0|1|1|53|0|928|8376|928|8320|932|-1|1
W|3418|0|1|ADEL_B14|XA10TEX|109|384|0|1|1|45|0|928|8320|928|8256|679|-1|1
W|3511|0|1|ADEL_B14|XA10TEX|173|384|0|1|1|45|0|928|8256|928|8200|932|-1|1
W|4674|1|2|ADEL_B14|XA10TEX|37|128|0|1|1|37|0|928|8712|928|8632|932|1055|1
W|4765|0|1|ADEL_B14|XA10TEX|53|384|0|1|1|53|0|-223|7296|-223|7352|933|-1|1
W|5064|0|1|ADEL_B14|XA10TEX|0|512|0|1|1|0|0|-1216|4480|-1168|4480|1104|-1|1
W|5132|0|1|ADEL_B14|XA10TEX|0|512|0|1|1|0|0|-1600|3920|-1600|3904|1104|-1|1
W|5131|0|1|ADEL_B14|XA10TEX|16|512|0|1|1|0|0|-1600|3904|-1648|3904|1104|-1|1
W|5137|0|1|ADEL_B14|XA10TEX|16|512|0|1|1|16|-8|-1088|3920|-1088|3880|1262|-1|1
W|5136|0|1|ADEL_B14|XA10TEX|56|512|0|1|1|16|-8|-1088|3880|-1104|3880|1262|-1|1
W|5140|1|0|ADEL_B14|XA10TEX|48|512|0|1|1|-16|0|-1024|3920|-1024|4256|1112|1102|1
W|5140|1|2|ADEL_B14|XA10TEX|48|512|0|1|1|-16|0|-1024|3920|-1024|4256|1112|1102|1
W|5138|1|0|ADEL_B14|XA10TEX|384|512|0|1|1|0|0|-1024|4256|-1088|4256|1112|1102|1
W|5138|1|2|ADEL_B14|XA10TEX|384|512|0|1|1|0|0|-1024|4256|-1088|4256|1112|1102|1
W|5142|1|0|ADEL_B14|XA10TEX|448|512|0|1|1|0|0|-1088|4256|-1088|4224|1112|1102|1
W|5142|1|2|ADEL_B14|XA10TEX|448|512|0|1|1|0|0|-1088|4256|-1088|4224|1112|1102|1
W|5144|1|0|ADEL_B14|XA10TEX|480|512|0|1|1|32|0|-1088|4224|-1088|4192|1152|1102|1
W|5144|1|2|ADEL_B14|XA10TEX|480|512|0|1|1|32|0|-1088|4224|-1088|4192|1152|1102|1
W|5148|1|0|ADEL_B14|XA10TEX|0|512|0|1|1|0|0|-1088|4192|-1088|4160|1143|1102|1
W|5148|1|2|ADEL_B14|XA10TEX|0|512|0|1|1|0|0|-1088|4192|-1088|4160|1143|1102|1
W|5150|1|0|ADEL_B14|XA10TEX|32|512|0|1|1|32|0|-1088|4160|-1088|4128|1150|1102|1
W|5150|1|2|ADEL_B14|XA10TEX|32|512|0|1|1|32|0|-1088|4160|-1088|4128|1150|1102|1
W|5154|1|0|ADEL_B14|XA10TEX|64|512|0|1|1|0|0|-1088|4128|-1088|4096|1145|1102|1
W|5154|1|2|ADEL_B14|XA10TEX|64|512|0|1|1|0|0|-1088|4128|-1088|4096|1145|1102|1
W|5156|1|0|ADEL_B14|XA10TEX|96|512|0|1|1|32|0|-1088|4096|-1088|4064|1148|1102|1
W|5156|1|2|ADEL_B14|XA10TEX|96|512|0|1|1|32|0|-1088|4096|-1088|4064|1148|1102|1
W|5160|1|0|ADEL_B14|XA10TEX|128|512|0|1|1|0|0|-1088|4064|-1088|4032|1147|1102|1
W|5160|1|2|ADEL_B14|XA10TEX|128|512|0|1|1|0|0|-1088|4064|-1088|4032|1147|1102|1
W|5187|1|0|ADEL_B14|XA10TEX|160|512|0|1|1|32|0|-1088|4032|-1088|3920|1262|1102|1
W|5187|1|2|ADEL_B14|XA10TEX|160|512|0|1|1|32|0|-1088|4032|-1088|3920|1262|1102|1
W|5159|1|0|ADEL_B14|XA10TEX|0|512|0|1|1|0|0|-1536|3920|-1536|4032|1139|1100|1
W|5159|1|2|ADEL_B14|XA10TEX|0|512|0|1|1|0|0|-1536|3920|-1536|4032|1139|1100|1
W|5157|1|0|ADEL_B14|XA10TEX|112|512|0|1|1|0|0|-1536|4032|-1536|4064|1153|1100|1
W|5157|1|2|ADEL_B14|XA10TEX|112|512|0|1|1|0|0|-1536|4032|-1536|4064|1153|1100|1
W|5153|1|0|ADEL_B14|XA10TEX|144|512|0|1|1|0|0|-1536|4064|-1536|4096|1146|1100|1
W|5153|1|2|ADEL_B14|XA10TEX|144|512|0|1|1|0|0|-1536|4064|-1536|4096|1146|1100|1
W|5151|1|0|ADEL_B14|XA10TEX|176|512|0|1|1|0|0|-1536|4096|-1536|4128|1108|1100|1
W|5151|1|2|ADEL_B14|XA10TEX|176|512|0|1|1|0|0|-1536|4096|-1536|4128|1108|1100|1
W|5147|1|0|ADEL_B14|XA10TEX|208|512|0|1|1|0|0|-1536|4128|-1536|4160|1144|1100|1
W|5147|1|2|ADEL_B14|XA10TEX|208|512|0|1|1|0|0|-1536|4128|-1536|4160|1144|1100|1
W|5145|1|0|ADEL_B14|XA10TEX|240|512|0|1|1|0|0|-1536|4160|-1536|4192|1106|1100|1
W|5145|1|2|ADEL_B14|XA10TEX|240|512|0|1|1|0|0|-1536|4160|-1536|4192|1106|1100|1
W|5141|1|0|ADEL_B14|XA10TEX|272|512|0|1|1|0|0|-1536|4192|-1536|4224|1142|1100|1
W|5141|1|2|ADEL_B14|XA10TEX|272|512|0|1|1|0|0|-1536|4192|-1536|4224|1142|1100|1
W|5135|1|0|ADEL_B14|XA10TEX|304|512|0|1|1|0|0|-1536|4224|-1536|4256|1140|1100|1
W|5135|1|2|ADEL_B14|XA10TEX|304|512|0|1|1|0|0|-1536|4224|-1536|4256|1140|1100|1
W|5133|1|0|ADEL_B14|XA10TEX|336|512|0|1|1|0|0|-1536|4256|-1600|4256|1140|1100|1
W|5133|1|2|ADEL_B14|XA10TEX|336|512|0|1|1|0|0|-1536|4256|-1600|4256|1140|1100|1
W|5228|1|0|ADEL_B14|XA10TEX|400|512|0|1|1|0|0|-1600|4256|-1600|3920|1140|1100|1
W|5228|1|2|ADEL_B14|XA10TEX|400|512|0|1|1|0|0|-1600|4256|-1600|3920|1140|1100|1
W|5171|0|1|ADEL_B14|XA10TEX|19|512|0|1|1|-45|0|-1744|3904|-1824|3904|1104|-1|1
W|5071|0|1|ADEL_B14|XA10TEX|99|512|0|1|1|35|0|-1824|3904|-1856|3936|1104|-1|1
W|5066|0|1|ADEL_B14|XA10TEX|144.254833996|512|0|1|1|16|0|-1856|3936|-1856|3952|1104|-1|1
W|5174|0|1|ADEL_B14|XA10TEX|32|512|0|1|1|-32|0|-1856|4240|-1856|4256|1104|-1|1
W|5176|0|1|ADEL_B14|XA10TEX|0|512|0|1|1|0|0|-1648|4480|-1552|4480|1104|-1|1
W|5178|0|1|ADEL_B14|XA10TEX|0|512|0|1|1|0|0|-1456|4480|-1408|4480|1104|-1|1
W|5180|0|1|ADEL_B14|XA10TEX|0|512|0|1|1|0|0|-1072|4480|-976|4480|1104|-1|1
W|5182|0|1|ADEL_B14|XA10TEX|44|512|0|1|1|-20|0|-880|4480|-800|4480|1104|-1|1
W|5069|0|1|ADEL_B14|XA10TEX|124|512|0|1|1|-4|0|-800|4480|-768|4448|1104|-1|1
W|5063|0|1|ADEL_B14|XA10TEX|169.254833996|512|0|1|1|-23|0|-768|4448|-768|4432|1104|-1|1
W|5184|0|1|ADEL_B14|XA10TEX|32|512|0|1|1|-32|0|-768|4144|-768|4128|1104|-1|1
W|5186|0|1|ADEL_B14|XA10TEX|48|512|0|1|1|-16|0|-976|3904|-1024|3904|1104|-1|1
W|5139|0|1|ADEL_B14|XA10TEX|96|512|0|1|1|-32|0|-1024|3904|-1024|3920|1104|-1|1
W|5371|0|1|ADEL_B14|XA10TEX|0|512|0|1|1|0|0|-1536|3920|-1600|3920|1100|-1|1
W|5372|0|1|ADEL_B14|XA10TEX|0|512|0|1|1|0|0|-1024|3920|-1088|3920|1102|-1|1
W|5503|0|1|ADEL_B14|XA10TEX|16|512|0|1|1|16|-8|-1464|3880|-1480|3880|1139|-1|1
W|5544|0|1|ADEL_B14|XA10TEX|32|512|0|1|1|-32|0|-1856|4432|-1856|4448|1104|-1|1
W|5067|0|1|ADEL_B14|XA10TEX|48|512|0|1|1|-16|0|-1856|4448|-1824|4480|1104|-1|1
W|5068|0|1|ADEL_B14|XA10TEX|93.254833996|512|0|1|1|29|0|-1824|4480|-1744|4480|1104|-1|1
W|5548|1|0|ADEL_B14|XA10TEX|48|512|0|1|1|-16|0|-1856|4320|-1856|4336|1104|1157|1
W|5548|1|2|ADEL_B14|XA10TEX|48|512|0|1|1|-16|0|-1856|4320|-1856|4336|1104|1157|1
W|5551|0|1|ADEL_B14|XA10TEX|60|384|0|1|1|-4|0|-1860|4336|-1856|4336|1157|-1|1
W|5566|1|0|ADEL_B14|XA10TEX|48|512|0|1|1|-16|0|-1856|4256|-1856|4272|1104|1158|1
W|5566|1|2|ADEL_B14|XA10TEX|48|512|0|1|1|-16|0|-1856|4256|-1856|4272|1104|1158|1
W|5564|1|0|ADEL_B14|XA10TEX|64|512|0|1|1|0|0|-1856|4272|-1856|4295|1104|1159|1
W|5564|1|2|ADEL_B14|XA10TEX|64|512|0|1|1|0|0|-1856|4272|-1856|4295|1104|1159|1
W|5567|1|0|ADEL_B14|XA10TEX|87|512|0|1|1|-41|0|-1856|4295|-1856|4297|1104|1161|1
W|5567|1|2|ADEL_B14|XA10TEX|87|512|0|1|1|-41|0|-1856|4295|-1856|4297|1104|1161|1
W|5561|1|0|ADEL_B14|XA10TEX|89|512|0|1|1|-39|0|-1856|4297|-1856|4320|1104|1160|1
W|5561|1|2|ADEL_B14|XA10TEX|89|512|0|1|1|-39|0|-1856|4297|-1856|4320|1104|1160|1
W|5570|0|1|ADEL_B14|XA10TEX|1|384|0|1|1|1|-40|-1856|4256|-1860|4256|1158|-1|1
W|5575|1|0|ADEL_B14|XA10TEX|44|384|0|1|1|-20|0|-1860|4320|-1856|4320|1160|1157|1
W|5587|0|1|ADEL_B14|XA10TEX|0|512|0|1|1|0|0|-1856|4336|-1856|4352|1104|-1|1
W|5591|1|0|ADEL_B14|XA10TEX|0|512|0|1|1|0|0|-1856|4112|-1856|4128|1104|1172|1
W|5591|1|2|ADEL_B14|XA10TEX|0|512|0|1|1|0|0|-1856|4112|-1856|4128|1104|1172|1
W|5594|0|1|ADEL_B14|XA10TEX|62|384|0|1|1|-2|0|-1860|4128|-1856|4128|1172|-1|1
W|5609|1|0|ADEL_B14|XA10TEX|0|512|0|1|1|0|0|-1856|4048|-1856|4064|1104|1173|1
W|5609|1|2|ADEL_B14|XA10TEX|0|512|0|1|1|0|0|-1856|4048|-1856|4064|1104|1173|1
W|5607|1|0|ADEL_B14|XA10TEX|16|512|0|1|1|16|0|-1856|4064|-1856|4087|1104|1185|1
W|5607|1|2|ADEL_B14|XA10TEX|16|512|0|1|1|16|0|-1856|4064|-1856|4087|1104|1185|1
W|5610|1|0|ADEL_B14|XA10TEX|39|512|0|1|1|39|0|-1856|4087|-1856|4089|1104|1176|1
W|5610|1|2|ADEL_B14|XA10TEX|39|512|0|1|1|39|0|-1856|4087|-1856|4089|1104|1176|1
W|5604|1|0|ADEL_B14|XA10TEX|41|512|0|1|1|41|0|-1856|4089|-1856|4112|1104|1175|1
W|5604|1|2|ADEL_B14|XA10TEX|41|512|0|1|1|41|0|-1856|4089|-1856|4112|1104|1175|1
W|5613|0|1|ADEL_B14|XA10TEX|0|384|0|1|1|0|-40|-1856|4048|-1860|4048|1173|-1|1
W|5618|1|0|ADEL_B14|XA10TEX|46|384|0|1|1|-18|0|-1860|4112|-1856|4112|1175|1172|1
W|5633|1|0|ADEL_B14|XA10TEX|32|512|0|1|1|32|0|-1856|4016|-1856|4032|1104|1188|1
W|5633|1|2|ADEL_B14|XA10TEX|32|512|0|1|1|32|0|-1856|4016|-1856|4032|1104|1188|1
W|5636|0|1|ADEL_B14|XA10TEX|44|384|0|1|1|-20|0|-1860|4032|-1856|4032|1188|-1|1
W|5651|1|0|ADEL_B14|XA10TEX|32|512|0|1|1|32|0|-1856|3952|-1856|3968|1104|1189|1
W|5651|1|2|ADEL_B14|XA10TEX|32|512|0|1|1|32|0|-1856|3952|-1856|3968|1104|1189|1
W|5649|1|0|ADEL_B14|XA10TEX|48|512|0|1|1|48|0|-1856|3968|-1856|3991|1104|1174|1
W|5649|1|2|ADEL_B14|XA10TEX|48|512|0|1|1|48|0|-1856|3968|-1856|3991|1104|1174|1
W|5652|1|0|ADEL_B14|XA10TEX|71|512|0|1|1|7|0|-1856|3991|-1856|3993|1104|1191|1
W|5652|1|2|ADEL_B14|XA10TEX|71|512|0|1|1|7|0|-1856|3991|-1856|3993|1104|1191|1
W|5646|1|0|ADEL_B14|XA10TEX|73|512|0|1|1|9|0|-1856|3993|-1856|4016|1104|1190|1
W|5646|1|2|ADEL_B14|XA10TEX|73|512|0|1|1|9|0|-1856|3993|-1856|4016|1104|1190|1
W|5655|0|1|ADEL_B14|XA10TEX|32|384|0|1|1|32|-40|-1856|3952|-1860|3952|1189|-1|1
W|5660|1|0|ADEL_B14|XA10TEX|28|384|0|1|1|-36|0|-1860|4016|-1856|4016|1190|1188|1
W|5672|0|1|ADEL_B14|XA10TEX|16|512|0|1|1|16|0|-1856|4128|-1856|4144|1104|-1|1
W|5673|0|1|ADEL_B14|XA10TEX|48|512|0|1|1|48|0|-1856|4032|-1856|4048|1104|-1|1
W|5677|1|0|ADEL_B14|XA10TEX|16|512|0|1|1|16|0|-768|3968|-768|3952|1104|1202|1
W|5677|1|2|ADEL_B14|XA10TEX|16|512|0|1|1|16|0|-768|3968|-768|3952|1104|1202|1
W|5680|0|1|ADEL_B14|XA10TEX|62|384|0|1|1|-2|0|-764|3952|-768|3952|1202|-1|1
W|5695|1|0|ADEL_B14|XA10TEX|16|512|0|1|1|16|0|-768|4032|-768|4016|1104|1203|1
W|5695|1|2|ADEL_B14|XA10TEX|16|512|0|1|1|16|0|-768|4032|-768|4016|1104|1203|1
W|5693|1|0|ADEL_B14|XA10TEX|32|512|0|1|1|32|0|-768|4016|-768|3993|1104|1215|1
W|5693|1|2|ADEL_B14|XA10TEX|32|512|0|1|1|32|0|-768|4016|-768|3993|1104|1215|1
W|5696|1|0|ADEL_B14|XA10TEX|55|512|0|1|1|55|0|-768|3993|-768|3991|1104|1206|1
W|5696|1|2|ADEL_B14|XA10TEX|55|512|0|1|1|55|0|-768|3993|-768|3991|1104|1206|1
W|5690|1|0|ADEL_B14|XA10TEX|57|512|0|1|1|57|0|-768|3991|-768|3968|1104|1205|1
W|5690|1|2|ADEL_B14|XA10TEX|57|512|0|1|1|57|0|-768|3991|-768|3968|1104|1205|1
W|5699|0|1|ADEL_B14|XA10TEX|16|384|0|1|1|16|-40|-768|4032|-764|4032|1203|-1|1
W|5704|1|0|ADEL_B14|XA10TEX|46|384|0|1|1|-18|0|-764|3968|-768|3968|1205|1202|1
W|5719|1|0|ADEL_B14|XA10TEX|48|512|0|1|1|-16|0|-768|4064|-768|4048|1104|1218|1
W|5719|1|2|ADEL_B14|XA10TEX|48|512|0|1|1|-16|0|-768|4064|-768|4048|1104|1218|1
W|5722|0|1|ADEL_B14|XA10TEX|62|384|0|1|1|-2|0|-764|4048|-768|4048|1218|-1|1
W|5737|1|0|ADEL_B14|XA10TEX|48|512|0|1|1|-16|0|-768|4128|-768|4112|1104|1219|1
W|5737|1|2|ADEL_B14|XA10TEX|48|512|0|1|1|-16|0|-768|4128|-768|4112|1104|1219|1
W|5735|1|0|ADEL_B14|XA10TEX|64|512|0|1|1|0|0|-768|4112|-768|4089|1104|1230|1
W|5735|1|2|ADEL_B14|XA10TEX|64|512|0|1|1|0|0|-768|4112|-768|4089|1104|1230|1
W|5738|1|0|ADEL_B14|XA10TEX|87|512|0|1|1|-41|0|-768|4089|-768|4087|1104|1221|1
W|5738|1|2|ADEL_B14|XA10TEX|87|512|0|1|1|-41|0|-768|4089|-768|4087|1104|1221|1
W|5732|1|0|ADEL_B14|XA10TEX|89|512|0|1|1|-39|0|-768|4087|-768|4064|1104|1220|1
W|5732|1|2|ADEL_B14|XA10TEX|89|512|0|1|1|-39|0|-768|4087|-768|4064|1104|1220|1
W|5741|0|1|ADEL_B14|XA10TEX|1|384|0|1|1|1|-40|-768|4128|-764|4128|1219|-1|1
W|5746|1|0|ADEL_B14|XA10TEX|44|384|0|1|1|-20|0|-764|4064|-768|4064|1220|1218|1
W|5761|1|0|ADEL_B14|XA10TEX|25|512|0|1|1|25|0|-768|4272|-768|4256|1104|1233|1
W|5761|1|2|ADEL_B14|XA10TEX|25|512|0|1|1|25|0|-768|4272|-768|4256|1104|1233|1
W|5764|0|1|ADEL_B14|XA10TEX|62|384|0|1|1|-2|0|-764|4256|-768|4256|1233|-1|1
W|5779|1|0|ADEL_B14|XA10TEX|25|512|0|1|1|25|0|-768|4336|-768|4320|1104|1234|1
W|5779|1|2|ADEL_B14|XA10TEX|25|512|0|1|1|25|0|-768|4336|-768|4320|1104|1234|1
W|5777|1|0|ADEL_B14|XA10TEX|41|512|0|1|1|41|0|-768|4320|-768|4297|1104|1245|1
W|5777|1|2|ADEL_B14|XA10TEX|41|512|0|1|1|41|0|-768|4320|-768|4297|1104|1245|1
W|5780|1|0|ADEL_B14|XA10TEX|64|512|0|1|1|0|0|-768|4297|-768|4295|1104|1236|1
W|5780|1|2|ADEL_B14|XA10TEX|64|512|0|1|1|0|0|-768|4297|-768|4295|1104|1236|1
W|5774|1|0|ADEL_B14|XA10TEX|66|512|0|1|1|2|0|-768|4295|-768|4272|1104|1235|1
W|5774|1|2|ADEL_B14|XA10TEX|66|512|0|1|1|2|0|-768|4295|-768|4272|1104|1235|1
W|5783|0|1|ADEL_B14|XA10TEX|25|384|0|1|1|25|-40|-768|4336|-764|4336|1234|-1|1
W|5788|1|0|ADEL_B14|XA10TEX|46|384|0|1|1|-18|0|-764|4272|-768|4272|1235|1233|1
W|5803|1|0|ADEL_B14|XA10TEX|57|512|0|1|1|57|0|-768|4368|-768|4352|1104|1248|1
W|5803|1|2|ADEL_B14|XA10TEX|57|512|0|1|1|57|0|-768|4368|-768|4352|1104|1248|1
W|5806|0|1|ADEL_B14|XA10TEX|5|384|0|1|1|-59|0|-764|4352|-768|4352|1248|-1|1
W|5821|1|0|ADEL_B14|XA10TEX|57|512|0|1|1|-7|0|-768|4432|-768|4416|1104|1249|1
W|5821|1|2|ADEL_B14|XA10TEX|57|512|0|1|1|-7|0|-768|4432|-768|4416|1104|1249|1
W|5819|1|0|ADEL_B14|XA10TEX|73|512|0|1|1|9|0|-768|4416|-768|4393|1104|1204|1
W|5819|1|2|ADEL_B14|XA10TEX|73|512|0|1|1|9|0|-768|4416|-768|4393|1104|1204|1
W|5822|1|0|ADEL_B14|XA10TEX|96|512|0|1|1|32|0|-768|4393|-768|4391|1104|1251|1
W|5822|1|2|ADEL_B14|XA10TEX|96|512|0|1|1|32|0|-768|4393|-768|4391|1104|1251|1
W|5816|1|0|ADEL_B14|XA10TEX|98|512|0|1|1|34|0|-768|4391|-768|4368|1104|1250|1
W|5816|1|2|ADEL_B14|XA10TEX|98|512|0|1|1|34|0|-768|4391|-768|4368|1104|1250|1
W|5825|0|1|ADEL_B14|XA10TEX|57|384|0|1|1|-7|-40|-768|4432|-764|4432|1249|-1|1
W|5830|1|0|ADEL_B14|XA10TEX|53|384|0|1|1|-11|0|-764|4368|-768|4368|1250|1248|1
W|5842|0|1|ADEL_B14|XA10TEX|32|512|0|1|1|32|0|-768|3952|-768|3936|1104|-1|1
W|5070|0|1|ADEL_B14|XA10TEX|48|512|0|1|1|48|0|-768|3936|-800|3904|1104|-1|1
W|5065|0|1|ADEL_B14|XA10TEX|93.254833996|512|0|1|1|29|0|-800|3904|-880|3904|1104|-1|1
W|5843|0|1|ADEL_B14|XA10TEX|9|512|0|1|1|9|0|-768|4352|-768|4336|1104|-1|1
W|5844|0|1|ADEL_B14|XA10TEX|41|512|0|1|1|41|0|-768|4256|-768|4240|1104|-1|1
W|5845|0|1|ADEL_B14|XA10TEX|0|512|0|1|1|0|0|-768|4048|-768|4032|1104|-1|1
W|6026|0|1|ADEL_B14|XA10TEX|44|384|0|1|1|-20|0|-1412|3840|-1408|3840|1309|-1|1
W|6045|0|1|ADEL_B14|XA10TEX|1|384|0|1|1|1|-40|-1408|3760|-1412|3760|1310|-1|1
W|6050|1|0|ADEL_B14|XA10TEX|28|384|0|1|1|-36|0|-1412|3824|-1408|3824|1312|1309|1
W|6069|0|1|ADEL_B14|XA10TEX|44|384|0|1|1|-20|0|-1212|3759|-1216|3759|1324|-1|1
W|6088|0|1|ADEL_B14|XA10TEX|1|384|0|1|1|1|-40|-1216|3839|-1212|3839|1325|-1|1
W|6093|1|0|ADEL_B14|XA10TEX|28|384|0|1|1|-36|0|-1212|3775|-1216|3775|1327|1324|1
W|6116|0|1|ADEL_B14|XA10TEX|44|384|0|1|1|-20|0|-1272|3876|-1272|3872|1340|-1|1
W|6135|0|1|ADEL_B14|XA10TEX|1|384|0|1|1|1|-40|-1352|3872|-1352|3876|1341|-1|1
W|6140|1|0|ADEL_B14|XA10TEX|28|384|0|1|1|-36|0|-1288|3876|-1288|3872|1343|1340|1
W|6153|0|1|ADEL_B14|XA10TEX|16|512|0|1|1|16|-8|-1520|3880|-1536|3880|1139|-1|1
W|5134|0|1|ADEL_B14|XA10TEX|32|512|0|1|1|16|-8|-1536|3880|-1536|3920|1139|-1|1
W|6154|0|0|ADEL_B14|XA10TEX|16|512|0|1|1|16|-8|-1480|3880|-1520|3880|1139|1353|1
W|6154|0|2|ADEL_B14|XA10TEX|16|512|0|1|1|16|-8|-1480|3880|-1520|3880|1139|1353|1
W|6155|0|1|ADEL_B14|XA10TEX|0|384|0|1|1|0|0|-1520|3872|-1520|3880|1353|-1|1
W|6156|0|1|ADEL_B14|XA10TEX|0|384|0|1|1|0|0|-1480|3880|-1480|3872|1353|-1|1
W|6158|1|0|ADEL_B14|XA10TEX|16|512|0|1|1|16|-8|-1104|3880|-1144|3880|1262|1353|1
W|6158|1|2|ADEL_B14|XA10TEX|16|512|0|1|1|16|-8|-1104|3880|-1144|3880|1262|1353|1
W|6159|0|1|ADEL_B14|XA10TEX|0|384|0|1|1|0|0|-1144|3872|-1144|3880|1353|-1|1
W|6160|0|1|ADEL_B14|XA10TEX|0|384|0|1|1|0|0|-1104|3880|-1104|3872|1353|-1|1
W|6162|0|1|ADEL_B14|XA10TEX|16|512|0|1|1|16|-8|-1144|3880|-1160|3880|1262|-1|1
W|192|1|2|ADEL_B14|XA10TEX|8|256|0|1|1|8|-376|-1064|6528|-1072|6544|1|45|1
W|185|1|2|ADEL_B14|XA10TEX|25.88854382|256|0|1|1|26|-376|-1072|6544|-1088|6552|1|45|1
W|189|1|2|ADEL_B14|XA10TEX|43.77708764|256|0|1|1|-4|-376|-1088|6552|-1104|6544|1|45|1
W|187|1|2|ADEL_B14|XA10TEX|61.66563146|256|0|1|1|-18|-376|-1104|6544|-1112|6528|1|45|1
W|191|1|2|ADEL_B14|XA10TEX|79.55417528|256|0|1|1|0|-376|-1112|6528|-1104|6512|1|45|1
W|186|1|2|ADEL_B14|XA10TEX|97.4427191|256|0|1|1|-14|-376|-1104|6512|-1088|6504|1|45|1
W|190|1|2|ADEL_B14|XA10TEX|115.33126292|256|0|1|1|-28|-376|-1088|6504|-1072|6512|1|45|1
W|188|1|2|ADEL_B14|XA10TEX|133.21980674|256|0|1|1|-10|-376|-1072|6512|-1064|6528|1|45|1
W|208|1|2|ADEL_B14|XA10TEX|60|256|0|1|1|-4|-376|-1064|6272|-1072|6288|1|47|1
W|201|1|2|ADEL_B14|XA10TEX|77.88854382|256|0|1|1|-18|-376|-1072|6288|-1088|6296|1|47|1
W|205|1|2|ADEL_B14|XA10TEX|95.77708764|256|0|1|1|-16|-376|-1088|6296|-1104|6288|1|47|1
W|203|1|2|ADEL_B14|XA10TEX|113.66563146|256|0|1|1|-30|-376|-1104|6288|-1112|6272|1|47|1
W|207|1|2|ADEL_B14|XA10TEX|131.55417528|256|0|1|1|-12|-376|-1112|6272|-1104|6256|1|47|1
W|202|1|2|ADEL_B14|XA10TEX|149.4427191|256|0|1|1|-26|-376|-1104|6256|-1088|6248|1|47|1
W|206|1|2|ADEL_B14|XA10TEX|167.33126292|256|0|1|1|-8|-376|-1088|6248|-1072|6256|1|47|1
W|204|1|2|ADEL_B14|XA10TEX|185.21980674|256|0|1|1|-22|-376|-1072|6256|-1064|6272|1|47|1
W|224|1|2|ADEL_B14|XA10TEX|60|256|0|1|1|-4|-376|-1064|6016|-1072|6032|1|49|1
W|217|1|2|ADEL_B14|XA10TEX|77.88854382|256|0|1|1|-18|-376|-1072|6032|-1088|6040|1|49|1
W|221|1|2|ADEL_B14|XA10TEX|95.77708764|256|0|1|1|-16|-376|-1088|6040|-1104|6032|1|49|1
W|219|1|2|ADEL_B14|XA10TEX|113.66563146|256|0|1|1|-30|-376|-1104|6032|-1112|6016|1|49|1
W|223|1|2|ADEL_B14|XA10TEX|131.55417528|256|0|1|1|-12|-376|-1112|6016|-1104|6000|1|49|1
W|218|1|2|ADEL_B14|XA10TEX|149.4427191|256|0|1|1|-26|-376|-1104|6000|-1088|5992|1|49|1
W|222|1|2|ADEL_B14|XA10TEX|167.33126292|256|0|1|1|-8|-376|-1088|5992|-1072|6000|1|49|1
W|220|1|2|ADEL_B14|XA10TEX|185.21980674|256|0|1|1|-22|-376|-1072|6000|-1064|6016|1|49|1
W|240|1|2|ADEL_B14|XA10TEX|0|256|0|1|1|0|-376|-1064|5760|-1072|5776|1|51|1
W|233|1|2|ADEL_B14|XA10TEX|17.88854382|256|0|1|1|0|-376|-1072|5776|-1088|5784|1|51|1
W|237|1|2|ADEL_B14|XA10TEX|35.77708764|256|0|1|1|18|-376|-1088|5784|-1104|5776|1|51|1
W|235|1|2|ADEL_B14|XA10TEX|53.66563146|256|0|1|1|4|-376|-1104|5776|-1112|5760|1|51|1
W|239|1|2|ADEL_B14|XA10TEX|71.55417528|256|0|1|1|22|-376|-1112|5760|-1104|5744|1|51|1
W|234|1|2|ADEL_B14|XA10TEX|89.4427191|256|0|1|1|8|-376|-1104|5744|-1088|5736|1|51|1
W|238|1|2|ADEL_B14|XA10TEX|107.33126292|256|0|1|1|26|-376|-1088|5736|-1072|5744|1|51|1
W|236|1|2|ADEL_B14|XA10TEX|125.21980674|256|0|1|1|12|-376|-1072|5744|-1064|5760|1|51|1
W|256|1|2|ADEL_B14|XA10TEX|48|256|0|1|1|-16|-376|-1640|6016|-1648|6032|1|53|1
W|249|1|2|ADEL_B14|XA10TEX|65.88854382|256|0|1|1|-30|-376|-1648|6032|-1664|6040|1|53|1
W|253|1|2|ADEL_B14|XA10TEX|83.77708764|256|0|1|1|-12|-376|-1664|6040|-1680|6032|1|53|1
W|251|1|2|ADEL_B14|XA10TEX|101.66563146|256|0|1|1|-26|-376|-1680|6032|-1688|6016|1|53|1
W|255|1|2|ADEL_B14|XA10TEX|119.55417528|256|0|1|1|-8|-376|-1688|6016|-1680|6000|1|53|1
W|250|1|2|ADEL_B14|XA10TEX|137.4427191|256|0|1|1|-22|-376|-1680|6000|-1664|5992|1|53|1
W|254|1|2|ADEL_B14|XA10TEX|155.33126292|256|0|1|1|-4|-376|-1664|5992|-1648|6000|1|53|1
W|252|1|2|ADEL_B14|XA10TEX|173.21980674|256|0|1|1|-18|-376|-1648|6000|-1640|6016|1|53|1
W|272|1|2|ADEL_B14|XA10TEX|0|256|0|1|1|0|-376|-1640|5760|-1648|5776|1|55|1
W|265|1|2|ADEL_B14|XA10TEX|17.88854382|256|0|1|1|0|-376|-1648|5776|-1664|5784|1|55|1
W|269|1|2|ADEL_B14|XA10TEX|35.77708764|256|0|1|1|18|-376|-1664|5784|-1680|5776|1|55|1
W|267|1|2|ADEL_B14|XA10TEX|53.66563146|256|0|1|1|4|-376|-1680|5776|-1688|5760|1|55|1
W|271|1|2|ADEL_B14|XA10TEX|71.55417528|256|0|1|1|22|-376|-1688|5760|-1680|5744|1|55|1
W|266|1|2|ADEL_B14|XA10TEX|89.4427191|256|0|1|1|8|-376|-1680|5744|-1664|5736|1|55|1
W|270|1|2|ADEL_B14|XA10TEX|107.33126292|256|0|1|1|26|-376|-1664|5736|-1648|5744|1|55|1
W|268|1|2|ADEL_B14|XA10TEX|125.21980674|256|0|1|1|12|-376|-1648|5744|-1640|5760|1|55|1
W|288|1|2|ADEL_B14|XA10TEX|18|256|0|1|1|18|-376|-1640|6272|-1648|6288|1|57|1
W|281|1|2|ADEL_B14|XA10TEX|35.88854382|256|0|1|1|4|-376|-1648|6288|-1664|6296|1|57|1
W|285|1|2|ADEL_B14|XA10TEX|53.77708764|256|0|1|1|22|-376|-1664|6296|-1680|6288|1|57|1
W|283|1|2|ADEL_B14|XA10TEX|71.66563146|256|0|1|1|8|-376|-1680|6288|-1688|6272|1|57|1
W|287|1|2|ADEL_B14|XA10TEX|89.55417528|256|0|1|1|26|-376|-1688|6272|-1680|6256|1|57|1
W|282|1|2|ADEL_B14|XA10TEX|107.4427191|256|0|1|1|12|-376|-1680|6256|-1664|6248|1|57|1
W|286|1|2|ADEL_B14|XA10TEX|125.33126292|256|0|1|1|0|-376|-1664|6248|-1648|6256|1|57|1
W|284|1|2|ADEL_B14|XA10TEX|143.21980674|256|0|1|1|0|-376|-1648|6256|-1640|6272|1|57|1
W|304|1|2|ADEL_B14|XA10TEX|18|256|0|1|1|18|-376|-1640|6528|-1648|6544|1|59|1
W|297|1|2|ADEL_B14|XA10TEX|35.88854382|256|0|1|1|4|-376|-1648|6544|-1664|6552|1|59|1
W|301|1|2|ADEL_B14|XA10TEX|53.77708764|256|0|1|1|22|-376|-1664|6552|-1680|6544|1|59|1
W|299|1|2|ADEL_B14|XA10TEX|71.66563146|256|0|1|1|8|-376|-1680|6544|-1688|6528|1|59|1
W|303|1|2|ADEL_B14|XA10TEX|89.55417528|256|0|1|1|26|-376|-1688|6528|-1680|6512|1|59|1
W|298|1|2|ADEL_B14|XA10TEX|107.4427191|256|0|1|1|12|-376|-1680|6512|-1664|6504|1|59|1
W|302|1|2|ADEL_B14|XA10TEX|125.33126292|256|0|1|1|0|-376|-1664|6504|-1648|6512|1|59|1
W|300|1|2|ADEL_B14|XA10TEX|143.21980674|256|0|1|1|0|-376|-1648|6512|-1640|6528|1|59|1
W|502|1|2|ADEL_B14|XA10TEX|0|128|0|1|1|0|0|-1408|6400|-1408|6464|100|12|1
W|501|1|2|ADEL_B14|XA10TEX|64|128|0|1|1|0|0|-1408|6464|-1344|6464|100|12|1
W|504|1|2|ADEL_B14|XA10TEX|128|128|0|1|1|0|0|-1344|6464|-1344|6400|100|12|1
W|503|1|2|ADEL_B14|XA10TEX|192|128|0|1|1|0|0|-1344|6400|-1408|6400|100|12|1
W|506|1|2|ADEL_B14|XA10TEX|0|128|0|1|1|0|0|-1408|6144|-1408|6208|101|12|1
W|505|1|2|ADEL_B14|XA10TEX|64|128|0|1|1|0|0|-1408|6208|-1344|6208|101|12|1
W|508|1|2|ADEL_B14|XA10TEX|128|128|0|1|1|0|0|-1344|6208|-1344|6144|101|12|1
W|507|1|2|ADEL_B14|XA10TEX|192|128|0|1|1|0|0|-1344|6144|-1408|6144|101|12|1
W|510|1|2|ADEL_B14|XA10TEX|0|128|0|1|1|0|0|-1408|5888|-1408|5952|102|12|1
W|509|1|2|ADEL_B14|XA10TEX|64|128|0|1|1|0|0|-1408|5952|-1344|5952|102|12|1
W|512|1|2|ADEL_B14|XA10TEX|128|128|0|1|1|0|0|-1344|5952|-1344|5888|102|12|1
W|511|1|2|ADEL_B14|XA10TEX|192|128|0|1|1|0|0|-1344|5888|-1408|5888|102|12|1
W|514|1|2|ADEL_B14|XA10TEX|0|128|0|1|1|0|0|-1408|5632|-1408|5696|103|12|1
W|513|1|2|ADEL_B14|XA10TEX|64|128|0|1|1|0|0|-1408|5696|-1344|5696|103|12|1
W|516|1|2|ADEL_B14|XA10TEX|128|128|0|1|1|0|0|-1344|5696|-1344|5632|103|12|1
W|515|1|2|ADEL_B14|XA10TEX|192|128|0|1|1|0|0|-1344|5632|-1408|5632|103|12|1
W|518|1|2|ADEL_B14|XA10TEX|0|128|0|1|1|0|0|1664|6208|1664|6272|104|78|1
W|517|1|2|ADEL_B14|XA10TEX|64|128|0|1|1|0|0|1664|6272|1728|6272|104|78|1
W|520|1|2|ADEL_B14|XA10TEX|128|128|0|1|1|0|0|1728|6272|1728|6208|104|78|1
W|519|1|2|ADEL_B14|XA10TEX|192|128|0|1|1|0|0|1728|6208|1664|6208|104|78|1
W|522|1|2|ADEL_B14|XA10TEX|0|128|0|1|1|0|0|1664|5888|1664|5952|105|78|1
W|521|1|2|ADEL_B14|XA10TEX|64|128|0|1|1|0|0|1664|5952|1728|5952|105|78|1
W|524|1|2|ADEL_B14|XA10TEX|128|128|0|1|1|0|0|1728|5952|1728|5888|105|78|1
W|523|1|2|ADEL_B14|XA10TEX|192|128|0|1|1|0|0|1728|5888|1664|5888|105|78|1
W|526|1|2|ADEL_B14|XA10TEX|0|128|0|1|1|0|0|1664|5632|1664|5696|106|78|1
W|525|1|2|ADEL_B14|XA10TEX|64|128|0|1|1|0|0|1664|5696|1728|5696|106|78|1
W|528|1|2|ADEL_B14|XA10TEX|128|128|0|1|1|0|0|1728|5696|1728|5632|106|78|1
W|527|1|2|ADEL_B14|XA10TEX|192|128|0|1|1|0|0|1728|5632|1664|5632|106|78|1
W|530|1|2|ADEL_B14|XA10TEX|0|128|0|1|1|0|0|1664|5312|1664|5376|107|78|1
W|529|1|2|ADEL_B14|XA10TEX|64|128|0|1|1|0|0|1664|5376|1728|5376|107|78|1
W|532|1|2|ADEL_B14|XA10TEX|128|128|0|1|1|0|0|1728|5376|1728|5312|107|78|1
W|531|1|2|ADEL_B14|XA10TEX|192|128|0|1|1|0|0|1728|5312|1664|5312|107|78|1
W|1555|1|0|ADEL_B14|XA10TEX|0|512|0|1|1|0|0|-1408|7872|-1472|7872|907|908|1
W|1545|1|0|ADEL_B14|XA10TEX|64|512|0|1|1|0|0|-1472|7872|-1472|7808|907|908|1
W|1548|1|0|ADEL_B14|XA10TEX|128|512|0|1|1|0|0|-1472|7808|-1408|7808|907|908|1
W|1600|1|0|ADEL_B14|XA10TEX|192|512|0|1|1|0|0|-1408|7808|-1408|7872|907|908|1
W|5961|1|0|ADEL_B14|XA10TEX|48|512|0|1|1|-16|0|-1680|3992|-1760|3992|1299|1298|1
W|5960|1|0|ADEL_B14|XA10TEX|128|512|0|1|1|0|0|-1760|3992|-1768|4000|1299|1298|1
W|5967|1|0|ADEL_B14|XA10TEX|139.313708499|512|0|1|1|11|0|-1768|4000|-1768|4368|1299|1298|1
W|5966|1|0|ADEL_B14|XA10TEX|507.313708499|512|0|1|1|59|0|-1768|4368|-1760|4376|1299|1298|1
W|5965|1|0|ADEL_B14|XA10TEX|6.627416998|512|0|1|1|6|0|-1760|4376|-1680|4376|1299|1298|1
W|5964|1|0|ADEL_B14|XA10TEX|86.627416998|512|0|1|1|22|0|-1680|4376|-1672|4368|1299|1298|1
W|5963|1|0|ADEL_B14|XA10TEX|97.941125497|512|0|1|1|33|0|-1672|4368|-1672|4000|1299|1298|1
W|5962|1|0|ADEL_B14|XA10TEX|465.941125497|512|0|1|1|17|0|-1672|4000|-1680|3992|1299|1298|1
W|5969|1|0|ADEL_B14|XA10TEX|11|512|0|1|1|11|0|-1760|4008|-1760|4360|1300|1299|1
W|5968|1|0|ADEL_B14|XA10TEX|363|512|0|1|1|43|0|-1760|4360|-1752|4368|1300|1299|1
W|5975|1|0|ADEL_B14|XA10TEX|374.313708499|512|0|1|1|54|0|-1752|4368|-1688|4368|1300|1299|1
W|5974|1|0|ADEL_B14|XA10TEX|438.313708499|512|0|1|1|54|0|-1688|4368|-1680|4360|1300|1299|1
W|5973|1|0|ADEL_B14|XA10TEX|449.627416998|512|0|1|1|1|0|-1680|4360|-1680|4008|1300|1299|1
W|5972|1|0|ADEL_B14|XA10TEX|289.627416998|512|0|1|1|33|0|-1680|4008|-1688|4000|1300|1299|1
W|5971|1|0|ADEL_B14|XA10TEX|300.941125497|512|0|1|1|0|0|-1688|4000|-1752|4000|1300|1299|1
W|5970|1|0|ADEL_B14|XA10TEX|364.941125497|512|0|1|1|0|0|-1752|4000|-1760|4008|1300|1299|1
W|5977|1|0|ADEL_B14|XA10TEX|11|640|0|1|1|11|0|-1752|4016|-1752|4352|1301|1300|1
W|5976|1|0|ADEL_B14|XA10TEX|347|640|0|1|1|27|0|-1752|4352|-1744|4360|1301|1300|1
W|5983|1|0|ADEL_B14|XA10TEX|358.313708499|640|0|1|1|38|0|-1744|4360|-1696|4360|1301|1300|1
W|5982|1|0|ADEL_B14|XA10TEX|406.313708499|640|0|1|1|22|0|-1696|4360|-1688|4352|1301|1300|1
W|5981|1|0|ADEL_B14|XA10TEX|417.627416998|640|0|1|1|33|0|-1688|4352|-1688|4016|1301|1300|1
W|5980|1|0|ADEL_B14|XA10TEX|241.627416998|640|0|1|1|49|0|-1688|4016|-1696|4008|1301|1300|1
W|5979|1|0|ADEL_B14|XA10TEX|252.941125497|640|0|1|1|-48|0|-1696|4008|-1744|4008|1301|1300|1
W|5978|1|0|ADEL_B14|XA10TEX|300.941125497|640|0|1|1|0|0|-1744|4008|-1752|4016|1301|1300|1
W|5997|1|0|ADEL_B14|XA10TEX|48|512|0|1|1|-16|0|-864|3992|-944|3992|1305|1304|1
W|5996|1|0|ADEL_B14|XA10TEX|128|512|0|1|1|0|0|-944|3992|-952|4000|1305|1304|1
W|6003|1|0|ADEL_B14|XA10TEX|139.313708499|512|0|1|1|11|0|-952|4000|-952|4368|1305|1304|1
W|6002|1|0|ADEL_B14|XA10TEX|507.313708499|512|0|1|1|59|0|-952|4368|-944|4376|1305|1304|1
W|6001|1|0|ADEL_B14|XA10TEX|6.627416998|512|0|1|1|6|0|-944|4376|-864|4376|1305|1304|1
W|6000|1|0|ADEL_B14|XA10TEX|86.627416998|512|0|1|1|22|0|-864|4376|-856|4368|1305|1304|1
W|5999|1|0|ADEL_B14|XA10TEX|97.941125497|512|0|1|1|33|0|-856|4368|-856|4000|1305|1304|1
W|5998|1|0|ADEL_B14|XA10TEX|465.941125497|512|0|1|1|17|0|-856|4000|-864|3992|1305|1304|1
W|6005|1|0|ADEL_B14|XA10TEX|11|512|0|1|1|11|0|-944|4008|-944|4360|1306|1305|1
W|6004|1|0|ADEL_B14|XA10TEX|363|512|0|1|1|43|0|-944|4360|-936|4368|1306|1305|1
W|6011|1|0|ADEL_B14|XA10TEX|374.313708499|512|0|1|1|54|0|-936|4368|-872|4368|1306|1305|1
W|6010|1|0|ADEL_B14|XA10TEX|438.313708499|512|0|1|1|54|0|-872|4368|-864|4360|1306|1305|1
W|6009|1|0|ADEL_B14|XA10TEX|449.627416998|512|0|1|1|1|0|-864|4360|-864|4008|1306|1305|1
W|6008|1|0|ADEL_B14|XA10TEX|289.627416998|512|0|1|1|33|0|-864|4008|-872|4000|1306|1305|1
W|6007|1|0|ADEL_B14|XA10TEX|300.941125497|512|0|1|1|0|0|-872|4000|-936|4000|1306|1305|1
W|6006|1|0|ADEL_B14|XA10TEX|364.941125497|512|0|1|1|0|0|-936|4000|-944|4008|1306|1305|1
W|6013|1|0|ADEL_B14|XA10TEX|11|640|0|1|1|11|0|-936|4016|-936|4352|1302|1306|1
W|6012|1|0|ADEL_B14|XA10TEX|347|640|0|1|1|27|0|-936|4352|-928|4360|1302|1306|1
W|6019|1|0|ADEL_B14|XA10TEX|358.313708499|640|0|1|1|38|0|-928|4360|-880|4360|1302|1306|1
W|6018|1|0|ADEL_B14|XA10TEX|406.313708499|640|0|1|1|22|0|-880|4360|-872|4352|1302|1306|1
W|6017|1|0|ADEL_B14|XA10TEX|417.627416998|640|0|1|1|33|0|-872|4352|-872|4016|1302|1306|1
W|6016|1|0|ADEL_B14|XA10TEX|241.627416998|640|0|1|1|49|0|-872|4016|-880|4008|1302|1306|1
W|6015|1|0|ADEL_B14|XA10TEX|252.941125497|640|0|1|1|-48|0|-880|4008|-928|4008|1302|1306|1
W|6014|1|0|ADEL_B14|XA10TEX|300.941125497|640|0|1|1|0|0|-928|4008|-936|4016|1302|1306|1
W|1944|0|1|ADEL_B15|XA42TEX|0|384|0|1|1|0|0|176|7208|176|7216|607|-1|1
W|1945|0|1|ADEL_B15|XA42TEX|0|384|0|1|1|0|0|528|7216|528|7208|605|-1|1
W|1951|0|1|ADEL_B15|XA42TEX|32|256|0|1|1|32|0|432|7216|432|7208|474|-1|1
W|2566|1|0|ADEL_B15|XA42TEX|32|384|0|1|1|32|0|432|7216|400|7216|930|474|1
W|1992|1|0|ADEL_B15|XA42TEX|64|384|0|1|1|32|0|400|7216|384|7216|2|474|1
W|2015|1|0|ADEL_B15|XA42TEX|80|384|0|1|1|16|0|384|7216|320|7216|2|474|1
W|1939|1|0|ADEL_B15|XA42TEX|144|384|0|1|1|16|0|320|7216|304|7216|2|474|1
W|2016|1|0|ADEL_B15|XA42TEX|160|384|0|1|1|16|0|304|7216|272|7216|471|474|1
W|2576|0|0|ADEL_B15|XA42TEX|16|384|0|1|1|16|0|256|7216|176|7216|471|607|1
W|2576|0|2|ADEL_B15|XA42TEX|16|384|0|1|1|16|0|256|7216|176|7216|471|607|1
W|2578|0|1|ADEL_B15|XA42TEX|16|384|0|1|1|16|0|256|7216|256|7208|607|-1|1
W|2605|0|1|ADEL_B15|XA42TEX|56|256|0|1|1|-8|0|272|7208|272|7216|474|-1|1
W|2722|0|0|ADEL_B15|XA42TEX|0|384|0|1|1|0|0|528|7216|448|7216|930|605|1
W|2722|0|2|ADEL_B15|XA42TEX|0|384|0|1|1|0|0|528|7216|448|7216|930|605|1
W|2723|0|1|ADEL_B15|XA42TEX|32|384|0|1|1|32|0|176|7216|160|7216|471|-1|1
W|3361|0|1|ADEL_B15|XA42TEX|8|384|0|1|1|-56|0|448|7208|448|7216|605|-1|1
W|3364|0|1|ADEL_B15|XA42TEX|16|384|0|1|1|16|0|448|7216|432|7216|930|-1|1
W|4153|0|1|ADEL_B15|XA42TEX|48|384|0|1|1|-16|0|544|7216|528|7216|930|-1|1
W|4689|0|1|ADEL_B15|XA42TEX|0|384|0|1|1|0|0|272|7216|256|7216|471|-1|1
W|1401|1|0|ADEL_F48|XA18TEX|32|512|0|1|1|-32|0|-1311|3744|-1313|3744|1101|337|1
W|1397|1|0|ADEL_F48|XA18TEX|34|512|0|1|1|-30|0|-1313|3744|-1376|3744|1101|332|1
W|1319|1|0|ADEL_F48|XA18TEX|97|512|0|1|1|-31|0|-1376|3744|-1408|3744|1101|331|1
W|5128|0|1|ADEL_F48|XA18TEX|129|512|0|1|1|-63|0|-1408|3744|-1408|3760|1101|-1|1
W|6041|1|0|ADEL_F48|XA18TEX|145|512|0|1|1|-47|0|-1408|3760|-1408|3776|1101|1310|1
W|6041|1|2|ADEL_F48|XA18TEX|145|512|0|1|1|-47|0|-1408|3760|-1408|3776|1101|1310|1
W|6039|1|0|ADEL_F48|XA18TEX|161|512|0|1|1|-31|0|-1408|3776|-1408|3799|1101|1311|1
W|6039|1|2|ADEL_F48|XA18TEX|161|512|0|1|1|-31|0|-1408|3776|-1408|3799|1101|1311|1
W|6042|1|0|ADEL_F48|XA18TEX|184|512|0|1|1|-8|0|-1408|3799|-1408|3801|1101|1313|1
W|6042|1|2|ADEL_F48|XA18TEX|184|512|0|1|1|-8|0|-1408|3799|-1408|3801|1101|1313|1
W|6036|1|0|ADEL_F48|XA18TEX|186|512|0|1|1|-6|0|-1408|3801|-1408|3824|1101|1312|1
W|6036|1|2|ADEL_F48|XA18TEX|186|512|0|1|1|-6|0|-1408|3801|-1408|3824|1101|1312|1
W|6023|1|0|ADEL_F48|XA18TEX|209|512|0|1|1|-47|0|-1408|3824|-1408|3840|1101|1309|1
W|6023|1|2|ADEL_F48|XA18TEX|209|512|0|1|1|-47|0|-1408|3824|-1408|3840|1101|1309|1
W|6062|0|1|ADEL_F48|XA18TEX|225|512|0|1|1|-31|0|-1408|3840|-1408|3856|1101|-1|1
W|5130|0|1|ADEL_F48|XA18TEX|241|512|0|1|1|-15|0|-1408|3856|-1392|3872|1101|-1|1
W|5942|0|1|ADEL_F48|XA18TEX|263.627416998|512|0|1|1|-56|0|-1392|3872|-1352|3872|1101|-1|1
W|6131|1|0|ADEL_F48|XA18TEX|303.627416998|512|0|1|1|-16|0|-1352|3872|-1336|3872|1101|1341|1
W|6131|1|2|ADEL_F48|XA18TEX|303.627416998|512|0|1|1|-16|0|-1352|3872|-1336|3872|1101|1341|1
W|6129|1|0|ADEL_F48|XA18TEX|319.627416998|512|0|1|1|0|0|-1336|3872|-1313|3872|1101|1342|1
W|6129|1|2|ADEL_F48|XA18TEX|319.627416998|512|0|1|1|0|0|-1336|3872|-1313|3872|1101|1342|1
W|6132|1|0|ADEL_F48|XA18TEX|342.627416998|512|0|1|1|-41|0|-1313|3872|-1311|3872|1101|1344|1
W|6132|1|2|ADEL_F48|XA18TEX|342.627416998|512|0|1|1|-41|0|-1313|3872|-1311|3872|1101|1344|1
W|6126|1|0|ADEL_F48|XA18TEX|344.627416998|512|0|1|1|-39|0|-1311|3872|-1288|3872|1101|1343|1
W|6126|1|2|ADEL_F48|XA18TEX|344.627416998|512|0|1|1|-39|0|-1311|3872|-1288|3872|1101|1343|1
W|6113|1|0|ADEL_F48|XA18TEX|367.627416998|512|0|1|1|-16|0|-1288|3872|-1272|3872|1101|1340|1
W|6113|1|2|ADEL_F48|XA18TEX|367.627416998|512|0|1|1|-16|0|-1288|3872|-1272|3872|1101|1340|1
W|6152|0|1|ADEL_F48|XA18TEX|383.627416998|512|0|1|1|0|0|-1272|3872|-1232|3872|1101|-1|1
W|5943|0|1|ADEL_F48|XA18TEX|7.627416998|512|0|1|1|-24|0|-1232|3872|-1216|3856|1101|-1|1
W|5129|0|1|ADEL_F48|XA18TEX|30.254833996|512|0|1|1|-1|0|-1216|3856|-1216|3839|1101|-1|1
W|6084|1|0|ADEL_F48|XA18TEX|47.254833996|512|0|1|1|-48|0|-1216|3839|-1216|3823|1101|1325|1
W|6084|1|2|ADEL_F48|XA18TEX|47.254833996|512|0|1|1|-48|0|-1216|3839|-1216|3823|1101|1325|1
W|6082|1|0|ADEL_F48|XA18TEX|63.254833996|512|0|1|1|-32|0|-1216|3823|-1216|3800|1101|1326|1
W|6082|1|2|ADEL_F48|XA18TEX|63.254833996|512|0|1|1|-32|0|-1216|3823|-1216|3800|1101|1326|1
W|6085|1|0|ADEL_F48|XA18TEX|86.254833996|512|0|1|1|-9|0|-1216|3800|-1216|3798|1101|1328|1
W|6085|1|2|ADEL_F48|XA18TEX|86.254833996|512|0|1|1|-9|0|-1216|3800|-1216|3798|1101|1328|1
W|6079|1|0|ADEL_F48|XA18TEX|88.254833996|512|0|1|1|-7|0|-1216|3798|-1216|3775|1101|1327|1
W|6079|1|2|ADEL_F48|XA18TEX|88.254833996|512|0|1|1|-7|0|-1216|3798|-1216|3775|1101|1327|1
W|6066|1|0|ADEL_F48|XA18TEX|111.254833996|512|0|1|1|16|0|-1216|3775|-1216|3759|1101|1324|1
W|6066|1|2|ADEL_F48|XA18TEX|111.254833996|512|0|1|1|16|0|-1216|3775|-1216|3759|1101|1324|1
W|6105|0|1|ADEL_F48|XA18TEX|127.254833996|512|0|1|1|-14|0|-1216|3759|-1216|3744|1101|-1|1
W|1398|1|0|ADEL_F48|XA18TEX|142.254833996|512|0|1|1|-63|0|-1216|3744|-1248|3744|1101|342|1
W|1402|1|0|ADEL_F48|XA18TEX|174.254833996|512|0|1|1|-31|0|-1248|3744|-1311|3744|1101|341|1
W|1785|1|0|ADEL_F48|XA18TEX|63|512|0|1|1|63|-32|-1311|3744|-1311|3736|337|341|1
W|1946|0|0|ADEL_F48|XA18TEX|0|384|0|1|1|0|0|304|7216|304|7232|2|471|1
W|1979|0|1|ADEL_F48|XA18TEX|0|256|0|1|1|0|0|272|7152|272|7208|608|-1|1
W|2568|0|0|ADEL_F48|XA18TEX|0|384|0|1|1|0|0|400|7232|400|7216|2|930|1
W|2573|0|1|ADEL_F48|XA18TEX|40|256|0|1|1|40|0|432|7208|432|7152|608|-1|1
W|2621|0|1|ADEL_F48|XA18TEX|37|384|0|1|1|37|0|-231|8712|-223|8712|620|-1|1
W|2624|0|1|ADEL_F48|XA18TEX|56|384|0|1|1|-8|0|-223|8632|-231|8632|620|-1|1
W|2634|1|0|ADEL_F48|XA18TEX|37|384|0|1|1|37|0|-223|8632|-223|8712|933|620|1
W|2702|0|1|ADEL_F48|XA18TEX|45|384|0|1|1|45|0|-223|8456|-223|8512|933|-1|1
W|3401|0|1|ADEL_F48|XA18TEX|53|384|0|1|1|53|0|-223|8576|-223|8632|933|-1|1
W|3402|0|1|ADEL_F48|XA18TEX|45|384|0|1|1|45|0|-223|8712|-223|8768|933|-1|1
W|4184|0|1|ADEL_F48|XA18TEX|56|384|0|1|1|56|0|920|8776|928|8768|932|-1|1
W|2686|0|1|ADEL_F48|XA18TEX|67.313708499|384|0|1|1|45|0|928|8768|928|8712|932|-1|1
W|4674|1|0|ADEL_F48|XA18TEX|37|384|0|1|1|37|0|928|8712|928|8632|932|1055|1
W|4675|0|1|ADEL_F48|XA18TEX|37|384|0|1|1|37|0|928|8712|936|8712|1055|-1|1
W|4677|0|1|ADEL_F48|XA18TEX|56|384|0|1|1|-8|0|936|8632|928|8632|1055|-1|1
W|4686|0|1|ADEL_F48|XA18TEX|53|384|0|1|1|53|0|928|8632|928|8576|932|-1|1
W|3512|0|1|ADEL_F48|XA18TEX|109|384|0|1|1|45|0|928|8576|928|8512|678|-1|1
W|3419|0|1|ADEL_F48|XA18TEX|173|384|0|1|1|45|0|928|8512|928|8456|932|-1|1
W|5853|1|2|ADEL_F48|XA18TEX|0|256|0|1|1|0|0|-1088|4032|-1128|4032|1154|1262|1
W|5904|1|2|ADEL_F48|XA18TEX|40|256|0|1|1|0|0|-1128|4032|-1216|4032|1154|1264|1
W|5857|1|2|ADEL_F48|XA18TEX|0|256|0|1|1|0|0|-1408|4032|-1496|4032|1289|1288|1
W|5161|1|2|ADEL_F48|XA18TEX|88|256|0|1|1|0|0|-1496|4032|-1536|4032|1289|1139|1
W|3676|0|0|ADEL_F48|XA18TEX|30|512|0|1|1|-34|0|1560|4728|1504|4648|832|833|1
W|3675|0|0|ADEL_F48|XA18TEX|127.652444926|512|0|1|1|0|0|1504|4648|1440|4632|832|833|1
W|3672|0|0|ADEL_F48|XA18TEX|193.622134936|512|0|1|1|-35|0|1440|4632|1384|4648|832|833|1
W|3673|0|0|ADEL_F48|XA18TEX|251.86301405|512|0|1|1|-41|0|1384|4648|1344|4680|832|833|1
W|3670|0|0|ADEL_F48|XA18TEX|303.088007949|512|0|1|1|-54|0|1344|4680|1328|4728|832|833|1
W|3682|0|0|ADEL_F48|XA18TEX|353.684450512|512|0|1|1|-3|0|1328|4728|1344|4784|832|833|1
W|3679|0|0|ADEL_F48|XA18TEX|411.925329626|512|0|1|1|-9|0|1344|4784|1392|4824|832|833|1
W|3680|0|0|ADEL_F48|XA18TEX|58.407327034|512|0|1|1|-11|0|1392|4824|1448|4840|832|833|1
W|3677|0|0|ADEL_F48|XA18TEX|116.648206148|512|0|1|1|-17|0|1448|4840|1512|4824|832|833|1
W|3678|0|0|ADEL_F48|XA18TEX|182.617896158|512|0|1|1|-15|0|1512|4824|1544|4776|832|833|1
W|3681|0|0|ADEL_F48|XA18TEX|240.306716565|512|0|1|1|-21|0|1544|4776|1560|4728|832|833|1
W|3686|0|0|ADEL_F48|XA18TEX|19|512|0|1|1|-45|0|1568|4728|1536|4680|833|834|1
W|3687|0|0|ADEL_F48|XA18TEX|76.688820407|512|0|1|1|-51|0|1536|4680|1504|4640|833|834|1
W|3684|0|0|ADEL_F48|XA18TEX|127.913814307|512|0|1|1|0|0|1504|4640|1440|4624|833|834|1
W|3685|0|0|ADEL_F48|XA18TEX|193.883504317|512|0|1|1|-24|0|1440|4624|1376|4640|833|834|1
W|3688|0|0|ADEL_F48|XA18TEX|259.853194327|512|0|1|1|-22|0|1376|4640|1336|4680|833|834|1
W|3683|0|0|ADEL_F48|XA18TEX|316.421736822|512|0|1|1|-29|0|1336|4680|1320|4728|833|834|1
W|3694|0|0|ADEL_F48|XA18TEX|367.018179384|512|0|1|1|-42|0|1320|4728|1336|4784|833|834|1
W|3691|0|0|ADEL_F48|XA18TEX|9.259058499|512|0|1|1|-48|0|1336|4784|1384|4832|833|834|1
W|3692|0|0|ADEL_F48|XA18TEX|77.141309492|512|0|1|1|-44|0|1384|4832|1448|4848|833|834|1
W|3695|0|0|ADEL_F48|XA18TEX|143.110999502|512|0|1|1|-42|0|1448|4848|1520|4832|833|834|1
W|3690|0|0|ADEL_F48|XA18TEX|216.867355161|512|0|1|1|-32|0|1520|4832|1552|4776|833|834|1
W|3689|0|0|ADEL_F48|XA18TEX|281.365417147|512|0|1|1|-32|0|1552|4776|1568|4728|833|834|1
W|3698|0|0|ADEL_F48|XA18TEX|7|512|0|1|1|-57|0|1576|4728|1544|4672|834|835|1
W|3699|0|0|ADEL_F48|XA18TEX|71.498061986|512|0|1|1|-57|0|1544|4672|1504|4632|834|835|1
W|3702|0|0|ADEL_F48|XA18TEX|128.066604481|512|0|1|1|0|0|1504|4632|1440|4616|834|835|1
W|3697|0|0|ADEL_F48|XA18TEX|194.036294491|512|0|1|1|-8|0|1440|4616|1368|4632|834|835|1
W|3696|0|0|ADEL_F48|XA18TEX|267.79265015|512|0|1|1|-62|0|1368|4632|1328|4680|834|835|1
W|3693|0|0|ADEL_F48|XA18TEX|330.274647557|512|0|1|1|0|0|1328|4680|1312|4728|834|835|1
W|3706|0|0|ADEL_F48|XA18TEX|380.871090119|512|0|1|1|-13|0|1312|4728|1328|4784|834|835|1
W|3709|0|0|ADEL_F48|XA18TEX|23.111969234|512|0|1|1|-19|0|1328|4784|1384|4840|834|835|1
W|3704|0|0|ADEL_F48|XA18TEX|102.307928727|512|0|1|1|-4|0|1384|4840|1448|4856|834|835|1
W|3703|0|0|ADEL_F48|XA18TEX|168.277618737|512|0|1|1|-2|0|1448|4856|1520|4840|834|835|1
W|3700|0|0|ADEL_F48|XA18TEX|242.033974395|512|0|1|1|-56|0|1520|4840|1560|4784|834|835|1
W|3701|0|0|ADEL_F48|XA18TEX|310.852576531|512|0|1|1|-51|0|1560|4784|1576|4728|834|835|1
W|3716|0|0|ADEL_F48|XA18TEX|60|384|0|1|1|-4|0|1592|4728|1552|4664|835|840|1
W|3711|0|0|ADEL_F48|XA18TEX|135.471849056|384|0|1|1|-57|0|1552|4664|1512|4624|835|840|1
W|3710|0|0|ADEL_F48|XA18TEX|192.040391551|384|0|1|1|0|0|1512|4624|1440|4600|835|840|1
W|3707|0|0|ADEL_F48|XA18TEX|267.935055395|384|0|1|1|-15|0|1440|4600|1360|4624|835|840|1
W|3708|0|0|ADEL_F48|XA18TEX|351.457507467|384|0|1|1|-59|0|1360|4624|1320|4672|835|840|1
W|3705|0|0|ADEL_F48|XA18TEX|413.939504874|384|0|1|1|-61|0|1320|4672|1296|4728|835|840|1
W|3718|0|0|ADEL_F48|XA18TEX|58.865689721|384|0|1|1|0|0|1296|4728|1320|4792|835|840|1
W|3717|0|0|ADEL_F48|XA18TEX|127.217719683|384|0|1|1|-60|0|1320|4792|1376|4848|835|840|1
W|3714|0|0|ADEL_F48|XA18TEX|206.413679176|384|0|1|1|-45|0|1376|4848|1448|4872|835|840|1
W|3715|0|0|ADEL_F48|XA18TEX|282.30834302|384|0|1|1|-33|0|1448|4872|1528|4848|835|840|1
W|3712|0|0|ADEL_F48|XA18TEX|365.830795092|384|0|1|1|-13|0|1528|4848|1568|4792|835|840|1
W|3713|0|0|ADEL_F48|XA18TEX|18.649397228|384|0|1|1|-8|0|1568|4792|1592|4728|835|840|1
W|3753|1|2|ADEL_F48|XA18TEX|0|128|0|1|1|0|0|1608|4728|1568|4656|841|839|1
W|3758|1|2|ADEL_F48|XA18TEX|82.365041128|128|0|1|1|18|0|1568|4656|1520|4608|841|839|1
W|3755|1|2|ADEL_F48|XA18TEX|150.247292122|128|0|1|1|22|0|1520|4608|1440|4584|841|839|1
W|3742|1|2|ADEL_F48|XA18TEX|233.769744193|128|0|1|1|42|0|1440|4584|1352|4608|841|839|1
W|3745|1|2|ADEL_F48|XA18TEX|324.983778201|128|0|1|1|5|0|1352|4608|1304|4656|841|839|1
W|3746|1|2|ADEL_F48|XA18TEX|392.866029195|128|0|1|1|9|0|1304|4656|1280|4728|841|839|1
W|3751|1|2|ADEL_F48|XA18TEX|52.760693039|128|0|1|1|21|0|1280|4728|1304|4800|841|839|1
W|3726|1|2|ADEL_F48|XA18TEX|128.655356883|128|0|1|1|33|0|1304|4800|1316|4812|841|839|1
W|3730|1|2|ADEL_F48|XA18TEX|145.625919631|128|0|1|1|33|0|1316|4812|1364|4860|841|838|1
W|3748|1|2|ADEL_F48|XA18TEX|213.508170625|128|0|1|1|33|0|1364|4860|1368|4864|841|839|1
W|3747|1|2|ADEL_F48|XA18TEX|219.165024875|128|0|1|1|60|0|1368|4864|1448|4888|841|839|1
W|3750|1|2|ADEL_F48|XA18TEX|302.687476946|128|0|1|1|16|0|1448|4888|1536|4864|841|839|1
W|3749|1|2|ADEL_F48|XA18TEX|393.901510954|128|0|1|1|43|0|1536|4864|1584|4808|841|839|1
W|3752|1|2|ADEL_F48|XA18TEX|51.657866612|128|0|1|1|-20|0|1584|4808|1608|4728|841|839|1
W|1528|0|0|ADEL_G04|XA07TEX|0|512|0|1|1|0|0|-2016|7728|-2128|7728|373|386|1
W|1644|0|0|ADEL_G04|XA07TEX|0|512|0|1|1|0|0|-1648|8208|-1648|8096|594|374|1
W|1734|0|0|ADEL_G04|XA07TEX|0|512|0|1|1|0|0|-2128|7936|-2016|7936|373|386|1
W|1811|0|0|ADEL_G04|XA07TEX|0|512|0|1|1|0|0|-1856|8096|-1856|8208|594|374|1
W|2649|1|2|ADEL_G04|XA07TEX|32|128|0|1|1|-32|-32|-95|8592|-95|8624|738|733|1
W|2657|1|2|ADEL_G04|XA07TEX|64|128|0|1|1|0|-32|-95|8624|-95|8632|949|733|1
W|3283|1|2|ADEL_G04|XA07TEX|72|128|0|1|1|8|-32|-95|8632|-95|8640|949|739|1
W|2656|1|2|ADEL_G04|XA07TEX|16|128|0|1|1|-48|-32|-111|8640|-111|8632|949|739|1
W|2654|1|2|ADEL_G04|XA07TEX|24|128|0|1|1|-40|-32|-111|8632|-111|8592|949|733|1
W|2659|1|2|ADEL_G04|XA07TEX|16|128|0|1|1|-48|-32|96|8640|96|8632|949|736|1
W|3281|1|2|ADEL_G04|XA07TEX|24|128|0|1|1|-40|-32|96|8632|96|8624|949|737|1
W|2651|1|2|ADEL_G04|XA07TEX|32|128|0|1|1|-32|-32|96|8624|96|8592|738|737|1
W|2660|1|2|ADEL_G04|XA07TEX|24|128|0|1|1|-40|-32|112|8592|112|8632|949|737|1
W|2616|1|2|ADEL_G04|XA07TEX|64|128|0|1|1|0|-33|112|8632|112|8640|949|736|1
W|3288|1|2|ADEL_G04|XA07TEX|16|128|0|1|1|-48|-32|96|8448|96|8440|949|744|1
W|3271|1|2|ADEL_G04|XA07TEX|24|128|0|1|1|-40|-32|96|8440|96|8432|949|745|1
W|3357|1|2|ADEL_G04|XA07TEX|32|128|0|1|1|-32|-32|96|8432|96|8400|746|745|1
W|3290|1|2|ADEL_G04|XA07TEX|24|128|0|1|1|-40|-32|112|8400|112|8440|949|745|1
W|3306|1|2|ADEL_G04|XA07TEX|64|128|0|1|1|0|-33|112|8440|112|8448|949|744|1
W|3291|1|2|ADEL_G04|XA07TEX|16|128|0|1|1|-48|-32|-111|8448|-111|8440|949|747|1
W|3284|1|2|ADEL_G04|XA07TEX|24|128|0|1|1|-40|-32|-111|8440|-111|8400|949|741|1
W|3299|1|2|ADEL_G04|XA07TEX|16|128|0|1|1|-48|-32|-111|8256|-111|8248|949|755|1
W|3297|1|2|ADEL_G04|XA07TEX|24|128|0|1|1|-40|-32|-111|8248|-111|8208|949|749|1
W|3309|1|2|ADEL_G04|XA07TEX|16|128|0|1|1|-48|-32|96|8256|96|8248|949|752|1
W|3325|1|2|ADEL_G04|XA07TEX|24|128|0|1|1|-40|-32|96|8248|96|8240|949|753|1
W|3316|1|2|ADEL_G04|XA07TEX|32|128|0|1|1|-32|-32|96|8240|96|8208|754|753|1
W|3310|1|2|ADEL_G04|XA07TEX|24|128|0|1|1|-40|-32|112|8208|112|8248|949|753|1
W|3319|1|2|ADEL_G04|XA07TEX|64|128|0|1|1|0|-33|112|8248|112|8256|949|752|1
W|3314|1|2|ADEL_G04|XA07TEX|32|128|0|1|1|-32|-32|-95|8208|-95|8240|754|749|1
W|3304|1|2|ADEL_G04|XA07TEX|64|128|0|1|1|0|-32|-95|8240|-95|8248|949|749|1
W|3323|1|2|ADEL_G04|XA07TEX|72|128|0|1|1|8|-32|-95|8248|-95|8256|949|755|1
W|3331|1|2|ADEL_G04|XA07TEX|16|128|0|1|1|-48|-32|96|8064|96|8056|949|760|1
W|4996|1|2|ADEL_G04|XA07TEX|24|128|0|1|1|-40|-32|96|8056|96|8048|949|761|1
W|3339|1|2|ADEL_G04|XA07TEX|32|128|0|1|1|-32|-32|96|8048|96|8016|762|761|1
W|3332|1|2|ADEL_G04|XA07TEX|24|128|0|1|1|-40|-32|112|8016|112|8056|949|761|1
W|3342|1|2|ADEL_G04|XA07TEX|64|128|0|1|1|0|-33|112|8056|112|8064|949|760|1
W|3336|1|2|ADEL_G04|XA07TEX|16|128|0|1|1|-48|-32|-111|8064|-111|8056|949|763|1
W|3334|1|2|ADEL_G04|XA07TEX|24|128|0|1|1|-40|-32|-111|8056|-111|8016|949|757|1
W|3345|1|2|ADEL_G04|XA07TEX|32|128|0|1|1|-32|-32|-95|8016|-95|8048|762|757|1
W|3337|1|2|ADEL_G04|XA07TEX|64|128|0|1|1|0|-32|-95|8048|-95|8056|949|757|1
W|4994|1|2|ADEL_G04|XA07TEX|72|128|0|1|1|8|-32|-95|8056|-95|8064|949|763|1
W|3346|1|2|ADEL_G04|XA07TEX|32|128|0|1|1|-32|-32|-95|8400|-95|8432|746|741|1
W|3294|1|2|ADEL_G04|XA07TEX|64|128|0|1|1|0|-32|-95|8432|-95|8440|949|741|1
W|3296|1|2|ADEL_G04|XA07TEX|72|128|0|1|1|8|-32|-95|8440|-95|8448|949|747|1
W|3908|1|0|ADEL_G04|XA07TEX|16|512|0|1|1|16|0|-1584|7376|-1584|7408|403|426|1
W|3770|0|0|ADEL_G04|XA07TEX|48|512|0|1|1|0|0|-1584|7408|-1584|7632|875|872|1
W|3979|1|0|ADEL_G04|XA07TEX|272|512|0|1|1|16|0|-1584|7632|-1584|7664|403|873|1
W|3914|1|0|ADEL_G04|XA07TEX|304|512|0|1|1|48|0|-1584|7664|-1584|7676|392|413|1
W|4023|1|0|ADEL_G04|XA07TEX|316|512|0|1|1|48|0|-1584|7676|-1584|7680|877|876|1
W|3982|0|0|ADEL_G04|XA07TEX|320|512|0|1|1|0|0|-1584|7680|-1584|7696|891|900|1
W|3959|0|0|ADEL_G04|XA07TEX|16|512|0|1|1|16|0|-1584|7696|-1584|8000|411|900|1
W|3959|0|2|ADEL_G04|XA07TEX|16|512|0|1|1|16|0|-1584|7696|-1584|8000|411|900|1
W|3981|0|0|ADEL_G04|XA07TEX|320|512|0|1|1|0|0|-1584|8000|-1584|8016|860|890|1
W|3981|0|2|ADEL_G04|XA07TEX|320|512|0|1|1|0|0|-1584|8000|-1584|8016|860|890|1
W|3956|0|0|ADEL_G04|XA07TEX|336|512|0|1|1|16|0|-1584|8016|-1600|8016|860|890|1
W|3956|0|2|ADEL_G04|XA07TEX|336|512|0|1|1|16|0|-1584|8016|-1600|8016|860|890|1
W|3975|1|2|ADEL_G04|XA07TEX|48|384|0|1|1|48|0|-1296|7696|-1584|7696|411|891|1
W|3980|0|2|ADEL_G04|XA07TEX|16|128|0|1|1|16|0|-1616|7664|-1600|7664|409|423|1
W|3983|0|2|ADEL_G04|XA07TEX|32|128|0|1|1|32|0|-1600|7664|-1584|7664|873|413|1
W|3995|0|2|ADEL_G04|XA07TEX|48|128|0|1|1|48|0|-1584|7664|-1296|7664|403|392|1
W|3987|1|0|ADEL_G04|XA07TEX|0|384|0|1|1|0|0|-1936|7680|-1936|7664|809|421|1
W|3987|1|2|ADEL_G04|XA07TEX|0|384|0|1|1|0|0|-1936|7680|-1936|7664|809|421|1
W|3986|1|0|ADEL_G04|XA07TEX|16|384|0|1|1|16|0|-1936|7664|-1920|7664|809|421|1
W|3986|1|2|ADEL_G04|XA07TEX|16|384|0|1|1|16|0|-1936|7664|-1920|7664|809|421|1
W|3992|1|0|ADEL_G04|XA07TEX|32|384|0|1|1|32|0|-1920|7376|-2224|7376|420|402|1
W|3992|1|2|ADEL_G04|XA07TEX|32|384|0|1|1|32|0|-1920|7376|-2224|7376|420|402|1
W|3989|1|0|ADEL_G04|XA07TEX|336|384|0|1|1|16|0|-2224|7376|-2224|7680|420|402|1
W|3989|1|2|ADEL_G04|XA07TEX|336|384|0|1|1|16|0|-2224|7376|-2224|7680|420|402|1
W|3993|1|0|ADEL_G04|XA07TEX|32|512|0|1|1|32|0|-1920|8016|-1936|8016|865|419|1
W|3993|1|2|ADEL_G04|XA07TEX|32|512|0|1|1|32|0|-1920|8016|-1936|8016|865|419|1
W|4005|1|0|ADEL_G04|XA07TEX|48|512|0|1|1|48|0|-1936|8016|-1936|8000|865|419|1
W|4005|1|2|ADEL_G04|XA07TEX|48|512|0|1|1|48|0|-1936|8016|-1936|8000|865|419|1
W|3997|1|0|ADEL_G04|XA07TEX|16|512|0|1|1|16|0|-1296|7664|-1296|7376|403|810|1
W|3997|1|2|ADEL_G04|XA07TEX|16|512|0|1|1|16|0|-1296|7664|-1296|7376|403|810|1
W|4024|1|0|ADEL_G04|XA07TEX|304|512|0|1|1|48|0|-1296|7376|-1584|7376|403|810|1
W|4024|1|2|ADEL_G04|XA07TEX|304|512|0|1|1|48|0|-1296|7376|-1584|7376|403|810|1
W|4002|0|2|ADEL_G04|XA07TEX|16|384|0|1|1|16|0|-1600|7680|-1584|7680|876|900|1
W|4020|0|2|ADEL_G04|XA07TEX|32|384|0|1|1|32|0|-1584|7680|-1296|7680|877|891|1
W|3994|0|2|ADEL_G04|XA07TEX|320|384|0|1|1|0|0|-1296|7680|-1280|7680|429|415|1
W|4010|1|0|ADEL_G04|XA07TEX|0|512|0|1|1|0|0|-2224|8000|-2224|8304|803|410|1
W|4010|1|2|ADEL_G04|XA07TEX|0|512|0|1|1|0|0|-2224|8000|-2224|8304|803|410|1
W|4003|1|0|ADEL_G04|XA07TEX|304|512|0|1|1|48|0|-2224|8304|-1920|8304|803|410|1
W|4003|1|2|ADEL_G04|XA07TEX|304|512|0|1|1|48|0|-2224|8304|-1920|8304|803|410|1
W|4016|1|2|ADEL_G04|XA07TEX|16|128|0|1|1|16|0|-1584|7376|-1600|7376|426|810|1
W|3978|1|2|ADEL_G04|XA07TEX|32|128|0|1|1|32|0|-1600|7376|-1616|7376|869|424|1
W|4018|0|0|ADEL_G04|XA07TEX|32|512|0|1|1|32|0|-1600|8304|-1296|8304|414|405|1
W|4018|0|2|ADEL_G04|XA07TEX|32|512|0|1|1|32|0|-1600|8304|-1296|8304|414|405|1
W|4008|0|0|ADEL_G04|XA07TEX|336|512|0|1|1|16|0|-1296|8304|-1296|8000|414|405|1
W|4008|0|2|ADEL_G04|XA07TEX|336|512|0|1|1|16|0|-1296|8304|-1296|8000|414|405|1
W|4014|0|0|ADEL_G04|XA07TEX|640|512|0|1|1|0|0|-1296|8000|-1296|7696|411|415|1
W|4014|0|2|ADEL_G04|XA07TEX|640|512|0|1|1|0|0|-1296|8000|-1296|7696|411|415|1
W|4098|0|0|ADEL_G04|XA07TEX|48|512|0|1|1|48|0|-1296|7696|-1296|7680|891|415|1
W|3912|1|0|ADEL_G04|XA07TEX|64|512|0|1|1|0|0|-1296|7680|-1296|7676|877|429|1
W|4021|1|0|ADEL_G04|XA07TEX|68|512|0|1|1|0|0|-1296|7676|-1296|7664|392|810|1
W|4465|1|0|ADEL_G04|XA07TEX|0|512|0|1|1|0|0|144|7248|144|8880|994|970|1
W|4471|0|0|ADEL_G04|XA07TEX|0|512|0|1|1|0|0|560|8880|560|7248|995|999|1
W|4550|1|2|ADEL_G04|XA07TEX|32|128|0|1|1|-32|-32|608|7440|608|7472|1023|1028|1
W|4558|1|2|ADEL_G04|XA07TEX|64|128|0|1|1|0|-32|608|7472|608|7480|948|1028|1
W|4543|1|2|ADEL_G04|XA07TEX|72|128|0|1|1|8|-32|608|7480|608|7488|948|1022|1
W|4557|1|2|ADEL_G04|XA07TEX|16|128|0|1|1|-48|-32|592|7488|592|7480|948|1022|1
W|4555|1|2|ADEL_G04|XA07TEX|24|128|0|1|1|-40|-32|592|7480|592|7440|948|1028|1
W|4560|1|2|ADEL_G04|XA07TEX|16|128|0|1|1|-48|-32|800|7488|800|7480|948|1025|1
W|4545|1|2|ADEL_G04|XA07TEX|24|128|0|1|1|-40|-32|800|7480|800|7472|948|1024|1
W|4552|1|2|ADEL_G04|XA07TEX|32|128|0|1|1|-32|-32|800|7472|800|7440|1023|1024|1
W|4561|1|2|ADEL_G04|XA07TEX|24|128|0|1|1|-40|-32|816|7440|816|7480|948|1024|1
W|4547|1|2|ADEL_G04|XA07TEX|64|128|0|1|1|0|-33|816|7480|816|7488|948|1025|1
W|4776|1|2|ADEL_G04|XA07TEX|32|128|0|1|1|-32|-32|608|7632|608|7664|1077|1082|1
W|4784|1|2|ADEL_G04|XA07TEX|64|128|0|1|1|0|-32|608|7664|608|7672|948|1082|1
W|4769|1|2|ADEL_G04|XA07TEX|72|128|0|1|1|8|-32|608|7672|608|7680|948|1076|1
W|4783|1|2|ADEL_G04|XA07TEX|16|128|0|1|1|-48|-32|592|7680|592|7672|948|1076|1
W|4781|1|2|ADEL_G04|XA07TEX|24|128|0|1|1|-40|-32|592|7672|592|7632|948|1082|1
W|4786|1|2|ADEL_G04|XA07TEX|16|128|0|1|1|-48|-32|800|7680|800|7672|948|1079|1
W|4771|1|2|ADEL_G04|XA07TEX|24|128|0|1|1|-40|-32|800|7672|800|7664|948|1078|1
W|4778|1|2|ADEL_G04|XA07TEX|32|128|0|1|1|-32|-32|800|7664|800|7632|1077|1078|1
W|4787|1|2|ADEL_G04|XA07TEX|24|128|0|1|1|-40|-32|816|7632|816|7672|948|1078|1
W|4773|1|2|ADEL_G04|XA07TEX|64|128|0|1|1|0|-33|816|7672|816|7680|948|1079|1
W|4801|1|2|ADEL_G04|XA07TEX|32|128|0|1|1|-32|-32|608|7824|608|7856|1085|1090|1
W|4809|1|2|ADEL_G04|XA07TEX|64|128|0|1|1|0|-32|608|7856|608|7864|948|1090|1
W|4794|1|2|ADEL_G04|XA07TEX|72|128|0|1|1|8|-32|608|7864|608|7872|948|1084|1
W|4808|1|2|ADEL_G04|XA07TEX|16|128|0|1|1|-48|-32|592|7872|592|7864|948|1084|1
W|4806|1|2|ADEL_G04|XA07TEX|24|128|0|1|1|-40|-32|592|7864|592|7824|948|1090|1
W|4811|1|2|ADEL_G04|XA07TEX|16|128|0|1|1|-48|-32|800|7872|800|7864|948|1087|1
W|4796|1|2|ADEL_G04|XA07TEX|24|128|0|1|1|-40|-32|800|7864|800|7856|948|1086|1
W|4803|1|2|ADEL_G04|XA07TEX|32|128|0|1|1|-32|-32|800|7856|800|7824|1085|1086|1
W|4812|1|2|ADEL_G04|XA07TEX|24|128|0|1|1|-40|-32|816|7824|816|7864|948|1086|1
W|4798|1|2|ADEL_G04|XA07TEX|64|128|0|1|1|0|-33|816|7864|816|7872|948|1087|1
W|4826|1|2|ADEL_G04|XA07TEX|32|128|0|1|1|-32|-32|608|8016|608|8048|1093|1098|1
W|4834|1|2|ADEL_G04|XA07TEX|64|128|0|1|1|0|-32|608|8048|608|8056|948|1098|1
W|4819|1|2|ADEL_G04|XA07TEX|72|128|0|1|1|8|-32|608|8056|608|8064|948|1092|1
W|4833|1|2|ADEL_G04|XA07TEX|16|128|0|1|1|-48|-32|592|8064|592|8056|948|1092|1
W|4831|1|2|ADEL_G04|XA07TEX|24|128|0|1|1|-40|-32|592|8056|592|8016|948|1098|1
W|4836|1|2|ADEL_G04|XA07TEX|16|128|0|1|1|-48|-32|800|8064|800|8056|948|1095|1
W|4821|1|2|ADEL_G04|XA07TEX|24|128|0|1|1|-40|-32|800|8056|800|8048|948|1094|1
W|4828|1|2|ADEL_G04|XA07TEX|32|128|0|1|1|-32|-32|800|8048|800|8016|1093|1094|1
W|4837|1|2|ADEL_G04|XA07TEX|24|128|0|1|1|-40|-32|816|8016|816|8056|948|1094|1
W|4823|1|2|ADEL_G04|XA07TEX|64|128|0|1|1|0|-33|816|8056|816|8064|948|1095|1
W|4851|1|2|ADEL_G04|XA07TEX|32|128|0|1|1|-32|-32|608|8208|608|8240|798|793|1
W|4859|1|2|ADEL_G04|XA07TEX|64|128|0|1|1|0|-32|608|8240|608|8248|948|793|1
W|4844|1|2|ADEL_G04|XA07TEX|72|128|0|1|1|8|-32|608|8248|608|8256|948|799|1
W|4858|1|2|ADEL_G04|XA07TEX|16|128|0|1|1|-48|-32|592|8256|592|8248|948|799|1
W|4856|1|2|ADEL_G04|XA07TEX|24|128|0|1|1|-40|-32|592|8248|592|8208|948|793|1
W|4861|1|2|ADEL_G04|XA07TEX|16|128|0|1|1|-48|-32|800|8256|800|8248|948|796|1
W|4846|1|2|ADEL_G04|XA07TEX|24|128|0|1|1|-40|-32|800|8248|800|8240|948|797|1
W|4853|1|2|ADEL_G04|XA07TEX|32|128|0|1|1|-32|-32|800|8240|800|8208|798|797|1
W|4862|1|2|ADEL_G04|XA07TEX|24|128|0|1|1|-40|-32|816|8208|816|8248|948|797|1
W|4848|1|2|ADEL_G04|XA07TEX|64|128|0|1|1|0|-33|816|8248|816|8256|948|796|1
W|4876|1|2|ADEL_G04|XA07TEX|32|128|0|1|1|-32|-32|608|8400|608|8432|790|445|1
W|4884|1|2|ADEL_G04|XA07TEX|64|128|0|1|1|0|-32|608|8432|608|8440|948|445|1
W|4869|1|2|ADEL_G04|XA07TEX|72|128|0|1|1|8|-32|608|8440|608|8448|948|791|1
W|4883|1|2|ADEL_G04|XA07TEX|16|128|0|1|1|-48|-32|592|8448|592|8440|948|791|1
W|4881|1|2|ADEL_G04|XA07TEX|24|128|0|1|1|-40|-32|592|8440|592|8400|948|445|1
W|4886|1|2|ADEL_G04|XA07TEX|16|128|0|1|1|-48|-32|800|8448|800|8440|948|788|1
W|4871|1|2|ADEL_G04|XA07TEX|24|128|0|1|1|-40|-32|800|8440|800|8432|948|789|1
W|4878|1|2|ADEL_G04|XA07TEX|32|128|0|1|1|-32|-32|800|8432|800|8400|790|789|1
W|4887|1|2|ADEL_G04|XA07TEX|24|128|0|1|1|-40|-32|816|8400|816|8440|948|789|1
W|4873|1|2|ADEL_G04|XA07TEX|64|128|0|1|1|0|-33|816|8440|816|8448|948|788|1
W|4901|1|2|ADEL_G04|XA07TEX|32|128|0|1|1|-32|-32|608|8592|608|8624|442|437|1
W|4909|1|2|ADEL_G04|XA07TEX|64|128|0|1|1|0|-32|608|8624|608|8632|948|437|1
W|4894|1|2|ADEL_G04|XA07TEX|72|128|0|1|1|8|-32|608|8632|608|8640|948|443|1
W|4908|1|2|ADEL_G04|XA07TEX|16|128|0|1|1|-48|-32|592|8640|592|8632|948|443|1
W|4906|1|2|ADEL_G04|XA07TEX|24|128|0|1|1|-40|-32|592|8632|592|8592|948|437|1
W|4911|1|2|ADEL_G04|XA07TEX|16|128|0|1|1|-48|-32|800|8640|800|8632|948|440|1
W|4896|1|2|ADEL_G04|XA07TEX|24|128|0|1|1|-40|-32|800|8632|800|8624|948|441|1
W|4903|1|2|ADEL_G04|XA07TEX|32|128|0|1|1|-32|-32|800|8624|800|8592|442|441|1
W|4912|1|2|ADEL_G04|XA07TEX|24|128|0|1|1|-40|-32|816|8592|816|8632|948|441|1
W|4898|1|2|ADEL_G04|XA07TEX|64|128|0|1|1|0|-33|816|8632|816|8640|948|440|1
W|4926|1|2|ADEL_G04|XA07TEX|32|128|0|1|1|-32|-32|-95|7440|-95|7472|434|781|1
W|4934|1|2|ADEL_G04|XA07TEX|64|128|0|1|1|0|-32|-95|7472|-95|7480|949|781|1
W|4919|1|2|ADEL_G04|XA07TEX|72|128|0|1|1|8|-32|-95|7480|-95|7488|949|435|1
W|4933|1|2|ADEL_G04|XA07TEX|16|128|0|1|1|-48|-32|-111|7488|-111|7480|949|435|1
W|4931|1|2|ADEL_G04|XA07TEX|24|128|0|1|1|-40|-32|-111|7480|-111|7440|949|781|1
W|4936|1|2|ADEL_G04|XA07TEX|16|128|0|1|1|-48|-32|96|7488|96|7480|949|784|1
W|4921|1|2|ADEL_G04|XA07TEX|24|128|0|1|1|-40|-32|96|7480|96|7472|949|785|1
W|4928|1|2|ADEL_G04|XA07TEX|32|128|0|1|1|-32|-32|96|7472|96|7440|434|785|1
W|4937|1|2|ADEL_G04|XA07TEX|24|128|0|1|1|-40|-32|112|7440|112|7480|949|785|1
W|4923|1|2|ADEL_G04|XA07TEX|64|128|0|1|1|0|-33|112|7480|112|7488|949|784|1
W|4951|1|2|ADEL_G04|XA07TEX|32|128|0|1|1|-32|-32|-95|7632|-95|7664|778|773|1
W|4959|1|2|ADEL_G04|XA07TEX|64|128|0|1|1|0|-32|-95|7664|-95|7672|949|773|1
W|4944|1|2|ADEL_G04|XA07TEX|72|128|0|1|1|8|-32|-95|7672|-95|7680|949|779|1
W|4958|1|2|ADEL_G04|XA07TEX|16|128|0|1|1|-48|-32|-111|7680|-111|7672|949|779|1
W|4956|1|2|ADEL_G04|XA07TEX|24|128|0|1|1|-40|-32|-111|7672|-111|7632|949|773|1
W|4961|1|2|ADEL_G04|XA07TEX|16|128|0|1|1|-48|-32|96|7680|96|7672|949|776|1
W|4946|1|2|ADEL_G04|XA07TEX|24|128|0|1|1|-40|-32|96|7672|96|7664|949|777|1
W|4953|1|2|ADEL_G04|XA07TEX|32|128|0|1|1|-32|-32|96|7664|96|7632|778|777|1
W|4962|1|2|ADEL_G04|XA07TEX|24|128|0|1|1|-40|-32|112|7632|112|7672|949|777|1
W|4948|1|2|ADEL_G04|XA07TEX|64|128|0|1|1|0|-33|112|7672|112|7680|949|776|1
W|4976|1|2|ADEL_G04|XA07TEX|32|128|0|1|1|-32|-32|-95|7824|-95|7856|770|765|1
W|4984|1|2|ADEL_G04|XA07TEX|64|128|0|1|1|0|-32|-95|7856|-95|7864|949|765|1
W|4969|1|2|ADEL_G04|XA07TEX|72|128|0|1|1|8|-32|-95|7864|-95|7872|949|771|1
W|4983|1|2|ADEL_G04|XA07TEX|16|128|0|1|1|-48|-32|-111|7872|-111|7864|949|771|1
W|4981|1|2|ADEL_G04|XA07TEX|24|128|0|1|1|-40|-32|-111|7864|-111|7824|949|765|1
W|4986|1|2|ADEL_G04|XA07TEX|16|128|0|1|1|-48|-32|96|7872|96|7864|949|768|1
W|4971|1|2|ADEL_G04|XA07TEX|24|128|0|1|1|-40|-32|96|7864|96|7856|949|769|1
W|4978|1|2|ADEL_G04|XA07TEX|32|128|0|1|1|-32|-32|96|7856|96|7824|770|769|1
W|4987|1|2|ADEL_G04|XA07TEX|24|128|0|1|1|-40|-32|112|7824|112|7864|949|769|1
W|4973|1|2|ADEL_G04|XA07TEX|64|128|0|1|1|0|-33|112|7864|112|7872|949|768|1
W|1530|0|0|ADEL_G04|XA07TEX|0|512|0|1|1|0|0|-1880|7576|-1672|7576|385|383|1
W|1412|0|0|ADEL_G04|XA07TEX|208|512|0|1|1|0|0|-1672|7576|-1672|7464|385|383|1
W|1502|0|0|ADEL_G04|XA07TEX|320|512|0|1|1|0|0|-1672|7464|-1880|7464|385|383|1
W|1817|0|0|ADEL_G04|XA07TEX|528|512|0|1|1|0|0|-1880|7464|-1880|7576|385|383|1
W|1581|1|2|ADEL_G04|XA07TEX|0|384|0|1|1|0|0|-1384|7784|-1384|7896|905|925|1
W|1538|1|2|ADEL_G04|XA07TEX|112|384|0|1|1|0|0|-1384|7896|-1496|7896|905|925|1
W|1552|1|2|ADEL_G04|XA07TEX|224|384|0|1|1|0|0|-1496|7896|-1496|7784|905|925|1
W|1585|1|2|ADEL_G04|XA07TEX|336|384|0|1|1|0|0|-1496|7784|-1384|7784|905|925|1
W|6327|1|2|ADEL_G04|XA07TEX|0|256|0|1|1|0|0|-1520|5016|-1528|5016|284|1413|1
W|6326|1|2|ADEL_G04|XA07TEX|8|256|0|1|1|0|0|-1528|5016|-1528|4936|284|1413|1
W|6329|1|2|ADEL_G04|XA07TEX|88|256|0|1|1|0|0|-1528|4936|-1520|4936|284|1413|1
W|6328|1|2|ADEL_G04|XA07TEX|96|256|0|1|1|0|0|-1520|4936|-1520|5016|284|1413|1
W|6331|1|2|ADEL_G04|XA07TEX|0|256|0|1|1|0|0|-1288|5016|-1296|5016|284|1414|1
W|6330|1|2|ADEL_G04|XA07TEX|8|256|0|1|1|0|0|-1296|5016|-1296|4936|284|1414|1
W|6333|1|2|ADEL_G04|XA07TEX|88|256|0|1|1|0|0|-1296|4936|-1288|4936|284|1414|1
W|6332|1|2|ADEL_G04|XA07TEX|96|256|0|1|1|0|0|-1288|4936|-1288|5016|284|1414|1
W|3|0|1|ICEY|XA00TEX|0|128|0|1|1|0|0|-2432|9344|-2432|9984|0|-1|1
W|0|0|1|ICEY|XA00TEX|128|128|0|1|1|0|0|-2432|9984|-1792|9984|0|-1|1
W|1|0|1|ICEY|XA00TEX|256|128|0|1|1|0|0|-1792|9984|-1792|9344|0|-1|1
W|13|0|1|IKWALL44|XA01TEX|45|512|0|1|1|45|-64|-640|7296|-128|7040|470|-1|1
W|12|0|1|IKWALL44|XA01TEX|105.43340224|512|0|1|1|105|-64|-128|7040|144|7120|470|-1|1
W|14|0|1|IKWALL44|XA01TEX|24|512|0|1|1|24|-64|-768|7680|-640|7296|6|-1|1
W|17|0|1|IKWALL44|XA01TEX|79|512|0|1|1|79|-64|-1024|7680|-1080|8016|3|-1|1
W|533|0|1|IKWALL44|XA01TEX|419.634701697|512|0|1|1|36|-64|-1080|8016|-1088|8064|3|-1|1
W|18|0|1|IKWALL44|XA01TEX|49|512|0|1|1|49|-64|-1152|7424|-1024|7680|6|-1|1
W|21|0|1|IKWALL44|XA01TEX|31|512|0|1|1|31|0|-2304|7040|-1920|7040|470|-1|1
W|20|0|1|IKWALL44|XA01TEX|415|512|0|1|1|31|-64|-1920|7040|-1728|7104|470|-1|1
W|1938|0|1|IKWALL44|XA01TEX|105.385770251|512|0|1|1|105|-64|-1728|7104|-1600|7296|470|-1|1
W|19|0|1|IKWALL44|XA01TEX|336.14105188|512|0|1|1|80|-64|-1600|7296|-1584|7296|470|-1|1
W|26|0|1|IKWALL44|XA01TEX|118|768|0|1|1|118|-64|3680|8032|3904|7808|587|-1|1
W|26|0|2|IKWALL44|XA01TEX|118|768|0|1|1|42|-64|3680|8032|3904|7808|587|-1|1
W|32|0|1|IKWALL44|XA01TEX|434.783837972|768|0|1|1|179|-64|3904|7808|3904|7552|587|-1|1
W|32|0|2|IKWALL44|XA01TEX|434.783837972|768|0|1|1|103|-64|3904|7808|3904|7552|587|-1|1
W|465|0|2|IKWALL44|XA01TEX|178.783837972|768|0|1|1|103|-8|3904|7552|3904|2496|8|-1|1
W|25|0|2|IKWALL44|XA01TEX|114.783837972|768|0|1|1|39|-8|3904|2496|-4480|2496|8|-1|1
W|33|0|2|IKWALL44|XA01TEX|306.783837972|768|0|1|1|103|-8|-4480|2496|-4448|8352|8|-1|1
W|24|0|1|IKWALL44|XA01TEX|18.871269013|768|0|1|1|71|-64|-4448|8352|-4256|8352|1424|-1|1
W|29|0|1|IKWALL44|XA01TEX|67|512|0|1|1|195|-64|1792|6784|2048|6912|98|-1|1
W|28|0|1|IKWALL44|XA01TEX|353.21670112|512|0|1|1|97|-64|2048|6912|2304|7296|98|-1|1
W|27|0|1|IKWALL44|XA01TEX|302.727264379|512|0|1|1|175|-64|2304|7296|2880|7680|98|-1|1
W|31|0|1|IKWALL44|XA01TEX|482.993109268|512|0|1|1|99|-64|2880|7680|3360|7744|98|-1|1
W|1989|0|1|IKWALL44|XA01TEX|455.240979682|512|0|1|1|199|-64|3360|7744|3680|8032|98|-1|1
W|34|0|1|IKWALL44|XA01TEX|7|512|0|1|1|7|-64|-4256|8352|-3552|7456|99|-1|1
W|23|0|1|IKWALL44|XA01TEX|122.487604145|512|0|1|1|122|-64|-3552|7456|-2688|7136|99|-1|1
W|22|0|1|IKWALL44|XA01TEX|19.843127274|512|0|1|1|19|-64|-2688|7136|-2304|7040|99|-1|1
W|35|0|2|IKWALL44|XA01TEX|31|128|0|1|1|31|0|-2304|7040|-2240|6912|1|470|1
W|38|0|2|IKWALL44|XA01TEX|174.10835056|128|0|1|1|46|0|-2240|6912|-1984|6720|1|470|1
W|37|0|2|IKWALL44|XA01TEX|494.10835056|128|0|1|1|110|0|-1984|6720|-1568|6592|1|470|1
W|40|0|2|IKWALL44|XA01TEX|38|128|0|1|1|-90|0|-1184|6592|-896|6784|1|470|1
W|41|0|2|IKWALL44|XA01TEX|384.132922445|128|0|1|1|0|0|-896|6784|-448|6720|1|470|1
W|42|0|2|IKWALL44|XA01TEX|324.681262404|128|0|1|1|69|0|-448|6720|-64|6592|1|470|1
W|47|0|2|IKWALL44|XA01TEX|217.452802905|128|0|1|1|90|0|-64|6592|512|6656|1|470|1
W|447|0|2|IKWALL44|XA01TEX|284.997451746|128|0|1|1|30|0|512|6656|1024|6592|1|470|1
W|46|0|2|IKWALL44|XA01TEX|288.981947637|128|0|1|1|34|0|1024|6592|1472|6464|1|470|1
W|45|0|2|IKWALL44|XA01TEX|242.908980551|128|0|1|1|116|0|1472|6464|1568|6336|1|470|1
W|43|0|2|IKWALL44|XA01TEX|75|128|0|1|1|-181|-8|1824|6336|1920|6592|1|470|1
W|36|0|2|IKWALL44|XA01TEX|348.40811985|128|0|1|1|-36|-8|1920|6592|1792|6784|1|470|1
W|44|0|2|IKWALL44|XA01TEX|0|768|0|1|1|0|0|1568|6336|1600|6336|77|470|1
W|48|0|2|IKWALL44|XA01TEX|79|128|0|1|1|79|-64|-1024|7680|-768|7680|6|3|1
W|48|1|2|IKWALL44|XA01TEX|0|512|0|1|1|0|0|-768|7680|-1024|7680|3|6|1
W|49|0|1|IKWALL44|XA01TEX|85|640|0|1|1|85|-64|-1088|8064|-1024|8320|4|-1|1
W|16|0|1|IKWALL44|XA01TEX|348.87876004|640|0|1|1|93|-64|-1024|8320|-896|8576|4|-1|1
W|50|0|1|IKWALL44|XA01TEX|18|512|0|1|1|18|-64|-832|8064|-824|8016|3|-1|1
W|534|0|1|IKWALL44|XA01TEX|66.662100242|512|0|1|1|67|-64|-824|8016|-768|7680|3|-1|1
W|52|0|1|IKWALL44|XA01TEX|123|640|0|1|1|-5|-64|-896|8576|-704|8640|5|-1|1
W|53|0|1|IKWALL44|XA01TEX|325.385770251|640|0|1|1|69|-64|-704|8640|-384|8640|5|-1|1
W|54|0|1|IKWALL44|XA01TEX|133.385770251|640|0|1|1|5|-64|-384|8640|-384|8576|5|-1|1
W|55|0|2|IKWALL44|XA01TEX|0|512|0|1|1|0|0|-1088|8064|-832|8064|3|4|1
W|55|1|2|IKWALL44|XA01TEX|0|256|0|1|1|0|0|-832|8064|-1088|8064|4|3|1
W|56|0|1|IKWALL44|XA01TEX|69|640|0|1|1|69|-64|-384|8576|-384|8384|4|-1|1
W|51|0|1|IKWALL44|XA01TEX|261|640|0|1|1|5|-64|-384|8384|-768|8320|4|-1|1
W|15|0|1|IKWALL44|XA01TEX|138.296801939|640|0|1|1|10|-64|-768|8320|-832|8064|4|-1|1
W|57|0|2|IKWALL44|XA01TEX|15|384|0|1|1|15|-64|-896|8576|-384|8576|4|5|1
W|57|1|2|IKWALL44|XA01TEX|0|640|0|1|1|0|0|-384|8576|-896|8576|5|4|1
W|58|0|2|IKWALL44|XA01TEX|69|512|0|1|1|69|-64|-1152|7424|-640|7296|470|6|1
W|58|1|2|IKWALL44|XA01TEX|0|128|0|1|1|0|0|-640|7296|-1152|7424|6|470|1
W|73|0|2|IKWALL44|XA01TEX|0|128|0|1|1|0|0|-1568|5504|-1792|5504|1|9|1
W|74|0|2|IKWALL44|XA01TEX|224|128|0|1|1|0|0|-1792|5504|-2240|5504|1|9|1
W|75|0|2|IKWALL44|XA01TEX|160|128|0|1|1|0|0|-2240|5504|-2496|5376|1|9|1
W|76|0|2|IKWALL44|XA01TEX|446.21670112|128|0|1|1|0|0|-2496|5376|-2720|4960|1|9|1
W|77|0|2|IKWALL44|XA01TEX|406.691039047|128|0|1|1|0|0|-2720|4960|-2656|4448|1|9|1
W|78|0|2|IKWALL44|XA01TEX|410.675534939|128|0|1|1|0|0|-2656|4448|-2464|4192|1|9|1
W|418|0|2|IKWALL44|XA01TEX|0|128|0|1|1|0|0|2176|4672|2240|4928|1|96|1
W|419|0|2|IKWALL44|XA01TEX|263.87876004|128|0|1|1|0|0|2240|4928|2048|5120|1|96|1
W|420|0|2|IKWALL44|XA01TEX|23.407764015|128|0|1|1|0|0|2048|5120|1824|5248|1|96|1
W|421|0|2|IKWALL44|XA01TEX|0|128|0|1|1|0|0|1568|5248|1280|5184|1|1417|1
W|422|0|2|IKWALL44|XA01TEX|295.025422633|128|0|1|1|0|0|1280|5184|1152|4864|1|1417|1
W|423|0|2|IKWALL44|XA01TEX|127.67597029|128|0|1|1|0|0|1152|4864|1152|4544|1|1417|1
W|424|0|2|IKWALL44|XA01TEX|447.67597029|128|0|1|1|0|0|1152|4544|1280|4288|1|1417|1
W|425|0|2|IKWALL44|XA01TEX|221.89267141|128|0|1|1|0|0|1280|4288|1472|4224|1|1417|1
W|426|0|2|IKWALL44|XA01TEX|424.278441661|128|0|1|1|0|0|1472|4224|1560|4200|1|1419|1
W|6348|0|2|IKWALL44|XA01TEX|3.492475669|128|0|1|1|0|0|1560|4200|1656|4144|1|1419|1
W|6347|0|2|IKWALL44|XA01TEX|114.632027584|128|0|1|1|0|0|1656|4144|1776|4120|1|1419|1
W|6346|0|2|IKWALL44|XA01TEX|237.00849591|128|0|1|1|0|0|1776|4120|1872|4128|1|1419|1
W|2020|0|2|IKWALL44|XA01TEX|333.341252541|128|0|1|1|0|0|1872|4128|1920|4192|1|1419|1
W|6345|0|2|IKWALL44|XA01TEX|413.341252541|128|0|1|1|0|0|1920|4192|1856|4288|1|1419|1
W|427|0|2|IKWALL44|XA01TEX|16.718893356|128|0|1|1|0|0|1856|4288|2048|4480|1|1417|1
W|428|0|2|IKWALL44|XA01TEX|0|128|0|1|1|0|0|2048|4480|2176|4672|1|97|1
W|428|1|2|IKWALL44|XA01TEX|0|768|0|1|1|0|0|2176|4672|2048|4480|97|1|1
W|445|0|2|IKWALL44|XA01TEX|0|128|0|1|1|0|0|-2464|3552|-2592|3296|1|108|1
W|565|0|2|IKWALL44|XA01TEX|286.21670112|128|0|1|1|0|0|-2592|3296|-2656|3168|1|108|1
W|446|0|2|IKWALL44|XA01TEX|429.32505168|128|0|1|1|0|0|-2656|3168|-2464|2784|1|108|1
W|80|0|2|IKWALL44|XA01TEX|346.65010336|128|0|1|1|0|0|-2464|2784|-2080|2656|1|108|1
W|541|0|2|IKWALL44|XA01TEX|239.421643861|128|0|1|1|0|0|-2080|2656|-1568|2912|1|108|1
W|540|0|2|IKWALL44|XA01TEX|299.855046101|128|0|1|1|0|0|-1568|2912|-1312|3168|1|108|1
W|449|0|2|IKWALL44|XA01TEX|0|128|0|1|1|0|0|1792|5248|1808|5168|97|96|1
W|458|0|2|IKWALL44|XA01TEX|81.584312217|128|0|1|1|0|0|1808|5168|1859|5077|97|96|1
W|459|0|2|IKWALL44|XA01TEX|185.901137323|128|0|1|1|0|0|1859|5077|1891|4995|97|96|1
W|460|0|2|IKWALL44|XA01TEX|273.923861661|128|0|1|1|0|0|1891|4995|1932|4918|97|96|1
W|461|0|2|IKWALL44|XA01TEX|361.159175611|128|0|1|1|0|0|1932|4918|1982|4847|97|96|1
W|462|0|2|IKWALL44|XA01TEX|447.998106973|128|0|1|1|0|0|1982|4847|2040|4781|97|96|1
W|463|0|2|IKWALL44|XA01TEX|23.861637519|128|0|1|1|0|0|2040|4781|2104|4722|97|96|1
W|464|0|2|IKWALL44|XA01TEX|110.907602388|128|0|1|1|0|0|2104|4722|2176|4672|97|96|1
W|450|0|2|IKWALL44|XA01TEX|0|128|0|1|1|0|0|2048|4480|1956|4547|97|1417|1
W|451|0|2|IKWALL44|XA01TEX|113.811247247|128|0|1|1|0|0|1956|4547|1874|4626|97|1417|1
W|452|0|2|IKWALL44|XA01TEX|227.675201157|128|0|1|1|0|0|1874|4626|1802|4714|97|1417|1
W|453|0|2|IKWALL44|XA01TEX|341.376564386|128|0|1|1|0|0|1802|4714|1742|4810|97|1417|1
W|454|0|2|IKWALL44|XA01TEX|454.58433797|128|0|1|1|0|0|1742|4810|1694|4914|97|1417|1
W|455|0|2|IKWALL44|XA01TEX|57.126906477|128|0|1|1|0|0|1694|4914|1659|5022|97|1417|1
W|456|0|2|IKWALL44|XA01TEX|170.656638265|128|0|1|1|0|0|1659|5022|1616|5136|97|1417|1
W|457|0|2|IKWALL44|XA01TEX|292.496697359|128|0|1|1|0|0|1616|5136|1600|5248|97|1417|1
W|457|1|2|IKWALL44|XA01TEX|0|768|0|1|1|0|0|1600|5248|1616|5136|1417|97|1
W|456|1|2|IKWALL44|XA01TEX|113.13708499|768|0|1|1|0|0|1616|5136|1659|5022|1417|97|1
W|455|1|2|IKWALL44|XA01TEX|234.977144084|768|0|1|1|0|0|1659|5022|1694|4914|1417|97|1
W|454|1|2|IKWALL44|XA01TEX|348.506875872|768|0|1|1|0|0|1694|4914|1742|4810|1417|97|1
W|453|1|2|IKWALL44|XA01TEX|463.049444379|768|0|1|1|0|0|1742|4810|1802|4714|1417|97|1
W|452|1|2|IKWALL44|XA01TEX|64.257217963|768|0|1|1|0|0|1802|4714|1874|4626|1417|97|1
W|451|1|2|IKWALL44|XA01TEX|177.958581192|768|0|1|1|0|0|1874|4626|1956|4547|1417|97|1
W|450|1|2|IKWALL44|XA01TEX|291.822535102|768|0|1|1|0|0|1956|4547|2048|4480|1417|97|1
W|542|0|2|IKWALL44|XA01TEX|0|128|0|1|1|0|0|-160|4064|-32|4192|1|9|1
W|537|0|2|IKWALL44|XA01TEX|181.019335984|128|0|1|1|0|0|-32|4192|96|4576|1|9|1
W|536|0|2|IKWALL44|XA01TEX|73.790876485|128|0|1|1|0|0|96|4576|-32|5216|1|9|1
W|69|0|2|IKWALL44|XA01TEX|214.465374225|128|0|1|1|0|0|-32|5216|-384|5376|1|9|1
W|70|0|2|IKWALL44|XA01TEX|89.12284538|128|0|1|1|0|0|-384|5376|-768|5504|1|9|1
W|71|0|2|IKWALL44|XA01TEX|493.894385882|128|0|1|1|0|0|-768|5504|-1184|5504|1|9|1
W|970|0|1|IKWALL44|XB01TEX|0|768|1|1|1|0|0|-2368|5088|-2432|5088|252|249|1
W|972|0|1|IKWALL44|XB01TEX|0|768|1|1|1|0|0|-2464|5056|-2464|4992|250|249|1
W|974|0|1|IKWALL44|XB01TEX|0|768|1|1|1|0|0|-2432|4960|-2368|4960|248|249|1
W|976|0|1|IKWALL44|XB01TEX|0|768|1|1|1|0|0|-2336|4992|-2336|5056|254|249|1
W|986|0|1|IKWALL44|XB01TEX|0|768|1|1|1|0|0|-256|4960|-192|4960|257|263|1
W|993|0|1|IKWALL44|XB01TEX|0|768|1|1|1|0|0|-288|5056|-288|4992|259|263|1
W|999|0|1|IKWALL44|XB01TEX|0|768|1|1|1|0|0|-192|5088|-256|5088|261|263|1
W|1005|0|1|IKWALL44|XB01TEX|0|768|1|1|1|0|0|-160|4992|-160|5056|264|263|1
W|1010|0|1|IKWALL44|XB01TEX|0|768|1|1|1|0|0|-256|3168|-192|3168|266|272|1
W|1017|0|1|IKWALL44|XB01TEX|0|768|1|1|1|0|0|-288|3264|-288|3200|268|272|1
W|1023|0|1|IKWALL44|XB01TEX|0|768|1|1|1|0|0|-192|3296|-256|3296|270|272|1
W|1029|0|1|IKWALL44|XB01TEX|0|768|1|1|1|0|0|-160|3200|-160|3264|273|272|1
W|1034|0|1|IKWALL44|XB01TEX|0|768|1|1|1|0|0|-2432|3168|-2368|3168|275|281|1
W|1041|0|1|IKWALL44|XB01TEX|0|768|1|1|1|0|0|-2464|3264|-2464|3200|277|281|1
W|1047|0|1|IKWALL44|XB01TEX|0|768|1|1|1|0|0|-2368|3296|-2432|3296|279|281|1
W|1053|0|1|IKWALL44|XB01TEX|0|768|1|1|1|0|0|-2336|3200|-2336|3264|282|281|1
W|1940|0|1|IKWALL44|XA01TEX|60|512|0|1|1|60|-64|-1344|7296|-1328|7296|470|-1|1
W|1943|0|0|IKWALL44|XA01TEX|16|512|0|1|1|16|-64|-1536|7296|-1504|7296|600|1406|1
W|1953|0|1|IKWALL44|XA01TEX|5|384|0|1|1|5|0|144|7120|208|7120|602|-1|1
W|1954|0|1|IKWALL44|XA01TEX|59|512|0|1|1|187|-64|560|7120|832|7104|470|-1|1
W|448|0|1|IKWALL44|XA01TEX|331.470181855|512|0|1|1|75|-64|832|7104|928|7072|470|-1|1
W|1955|0|0|IKWALL44|XA01TEX|5|512|0|1|1|5|-64|144|7120|192|7088|470|602|1
W|1969|0|0|IKWALL44|XA01TEX|62.688820407|512|0|1|1|191|-64|192|7088|272|7088|470|602|1
W|2543|0|0|IKWALL44|XA01TEX|142.688820407|512|0|1|1|143|-64|272|7088|352|7088|600|601|1
W|1968|0|0|IKWALL44|XA01TEX|222.688820407|512|0|1|1|223|-64|352|7088|464|7072|600|601|1
W|1956|0|0|IKWALL44|XA01TEX|335.825905397|512|0|1|1|208|-64|464|7072|560|7120|470|472|1
W|1956|1|0|IKWALL44|XA01TEX|0|384|0|1|1|0|0|560|7120|464|7072|472|470|1
W|1957|0|1|IKWALL44|XA01TEX|123|384|0|1|1|-5|-96|496|7120|560|7120|472|-1|1
W|1968|1|0|IKWALL44|XA01TEX|0|384|0|1|1|0|0|464|7072|352|7088|601|600|1
W|2543|1|0|IKWALL44|XA01TEX|113.13708499|384|0|1|1|0|0|352|7088|272|7088|601|600|1
W|1969|1|0|IKWALL44|XA01TEX|0|384|0|1|1|0|0|272|7088|192|7088|602|470|1
W|1955|1|0|IKWALL44|XA01TEX|80|384|0|1|1|0|0|192|7088|144|7120|602|470|1
W|2022|0|0|IKWALL44|XA01TEX|0|256|0|1|1|0|0|952|7136|1128|7056|503|501|1
W|2022|1|0|IKWALL44|XA01TEX|4|256|0|1|1|4|-64|1128|7056|952|7136|501|503|1
W|2022|1|2|IKWALL44|XA01TEX|4|256|0|1|1|4|-64|1128|7056|952|7136|501|503|1
W|2023|0|1|IKWALL44|XA01TEX|96|256|0|1|1|96|-56|1112|7216|1104|7160|502|-1|1
W|2024|0|0|IKWALL44|XA01TEX|37|256|0|1|1|37|0|968|7336|1112|7216|502|500|1
W|2024|1|2|IKWALL44|XA01TEX|123|128|0|1|1|123|-40|1112|7216|968|7336|500|502|1
W|2026|0|2|IKWALL44|XA01TEX|121|128|0|1|1|121|-8|1264|7280|1456|7280|499|505|1
W|2026|1|0|IKWALL44|XA01TEX|18|256|0|1|1|18|0|1456|7280|1264|7280|505|499|1
W|2027|0|2|IKWALL44|XA01TEX|107|128|0|1|1|107|-24|1184|7328|1264|7456|504|509|1
W|2027|1|0|IKWALL44|XA01TEX|2|256|0|1|1|2|0|1264|7456|1184|7328|509|504|1
W|2028|0|2|IKWALL44|XA01TEX|59|128|0|1|1|59|-32|1120|7280|1024|7408|509|500|1
W|2028|1|0|IKWALL44|XA01TEX|0|256|0|1|1|0|0|1024|7408|1120|7280|500|509|1
W|2029|0|2|IKWALL44|XA01TEX|25|128|0|1|1|25|-56|1104|7160|960|7184|502|501|1
W|2029|1|0|IKWALL44|XA01TEX|0|256|0|1|1|0|0|960|7184|1104|7160|501|502|1
W|2033|0|0|IKWALL44|XA01TEX|17|256|0|1|1|17|0|1392|7392|1264|7312|504|505|1
W|2033|1|2|IKWALL44|XA01TEX|25|128|0|1|1|25|-16|1264|7312|1392|7392|505|504|1
W|2035|0|1|IKWALL44|XA01TEX|12|256|0|1|1|12|-56|960|7184|952|7248|502|-1|1
W|2034|0|1|IKWALL44|XA01TEX|76.498061986|256|0|1|1|76|-56|952|7248|968|7336|502|-1|1
W|2036|0|1|IKWALL44|XA01TEX|91|256|0|1|1|91|-64|952|7136|960|7184|501|-1|1
W|2037|0|1|IKWALL44|XA01TEX|36|512|0|1|1|164|-64|1152|6976|1280|6912|470|-1|1
W|30|0|1|IKWALL44|XA01TEX|179.10835056|512|0|1|1|179|-64|1280|6912|1792|6784|470|-1|1
W|2039|0|1|IKWALL44|XA01TEX|4|256|0|1|1|4|-80|1128|7056|1152|6992|503|-1|1
W|2032|1|0|IKWALL44|XA01TEX|72.352029963|256|0|1|1|72|-80|1152|6992|1024|7056|503|506|1
W|2032|1|2|IKWALL44|XA01TEX|72.352029963|256|0|1|1|72|-80|1152|6992|1024|7056|503|506|1
W|2031|1|0|IKWALL44|XA01TEX|215.460380523|256|0|1|1|87|-80|1024|7056|928|7088|503|506|1
W|2030|0|1|IKWALL44|XA01TEX|316.653265648|256|0|1|1|37|-80|928|7088|952|7136|503|-1|1
W|2040|0|1|IKWALL44|XA01TEX|72|128|0|1|1|72|-88|1152|6992|1152|6984|506|-1|1
W|2041|0|1|IKWALL44|XA01TEX|32|256|0|1|1|-96|-96|928|7072|928|7080|1415|-1|1
W|6335|1|0|IKWALL44|XA01TEX|40|256|0|1|1|-88|-96|928|7080|952|7072|1415|506|1
W|6335|1|2|IKWALL44|XA01TEX|40|256|0|1|1|29|-96|928|7080|952|7072|1415|506|1
W|2044|1|0|IKWALL44|XA01TEX|65.298221281|256|0|1|1|-63|-96|952|7072|1024|7048|1416|506|1
W|2043|0|0|IKWALL44|XA01TEX|141.192885125|256|0|1|1|-115|-96|1024|7048|1120|7000|1416|506|1
W|6338|0|0|IKWALL44|XA01TEX|248.524148045|256|0|1|1|-8|-96|1120|7000|1152|6984|507|506|1
W|6338|0|2|IKWALL44|XA01TEX|248.524148045|256|0|1|1|2|-96|1120|7000|1152|6984|507|506|1
W|2038|0|1|IKWALL44|XA01TEX|284.301235685|256|0|1|1|156|-96|1152|6984|1152|6976|507|-1|1
W|2042|0|1|IKWALL44|XA01TEX|25|256|0|1|1|25|-64|1104|7160|1128|7056|501|-1|1
W|2045|0|1|IKWALL44|XA01TEX|32|256|0|1|1|32|-40|1120|7280|1112|7216|500|-1|1
W|2046|0|1|IKWALL44|XA01TEX|25|256|0|1|1|25|-32|1184|7328|1120|7280|509|-1|1
W|2047|0|0|IKWALL44|XA01TEX|48|512|0|1|1|48|-64|928|7072|952|7064|470|1415|1
W|2047|0|2|IKWALL44|XA01TEX|48|512|0|1|1|48|-64|928|7072|952|7064|470|1415|1
W|6334|0|0|IKWALL44|XA01TEX|73.298221281|512|0|1|1|73|-64|952|7064|1024|7040|470|1416|1
W|11|0|0|IKWALL44|XA01TEX|149.192885125|512|0|1|1|149|-64|1024|7040|1120|6992|470|1416|1
W|6337|0|0|IKWALL44|XA01TEX|256.524148045|512|0|1|1|128|-64|1120|6992|1152|6976|470|507|1
W|6337|0|2|IKWALL44|XA01TEX|256.524148045|512|0|1|1|128|-64|1120|6992|1152|6976|470|507|1
W|2047|1|0|IKWALL44|XA01TEX|0|256|0|1|1|0|0|952|7064|928|7072|1415|470|1
W|2047|1|2|IKWALL44|XA01TEX|0|256|0|1|1|0|0|952|7064|928|7072|1415|470|1
W|2048|0|1|IKWALL44|XA01TEX|0|256|0|1|1|0|-32|1024|7408|1136|7472|509|-1|1
W|2054|0|1|IKWALL44|XA01TEX|128.996123973|256|0|1|1|1|-32|1136|7472|1264|7456|509|-1|1
W|2049|0|1|IKWALL44|XA01TEX|40|256|0|1|1|40|-24|1264|7312|1184|7328|504|-1|1
W|2050|0|1|IKWALL44|XA01TEX|37|256|0|1|1|37|-40|968|7336|1024|7408|500|-1|1
W|2053|0|1|IKWALL44|XA01TEX|2|256|0|1|1|2|-24|1264|7456|1392|7392|504|-1|1
W|2055|0|2|IKWALL44|XA01TEX|109|128|0|1|1|109|0|1296|7232|1472|7232|523|499|1
W|2055|1|0|IKWALL44|XA01TEX|69|256|0|1|1|69|-8|1472|7232|1296|7232|499|523|1
W|2060|0|1|IKWALL44|XA01TEX|17|256|0|1|1|17|-16|1392|7392|1456|7280|505|-1|1
W|2061|0|1|IKWALL44|XA01TEX|29|128|0|1|1|29|-88|928|7080|928|7088|506|-1|1
W|2122|0|2|IKWALL44|XA01TEX|81|128|0|1|1|81|0|1448|7096|1408|7056|508|524|1
W|2123|0|2|IKWALL44|XA01TEX|137.568542495|128|0|1|1|10|0|1408|7056|1408|7016|508|524|1
W|2124|0|2|IKWALL44|XA01TEX|177.568542495|128|0|1|1|50|0|1408|7016|1344|7000|508|524|1
W|2118|0|2|IKWALL44|XA01TEX|243.538232505|128|0|1|1|116|0|1344|7000|1312|7024|508|524|1
W|2119|0|2|IKWALL44|XA01TEX|283.538232505|128|0|1|1|28|0|1312|7024|1280|7008|508|524|1
W|2120|0|2|IKWALL44|XA01TEX|319.315320145|128|0|1|1|64|0|1280|7008|1256|7008|508|524|1
W|2132|0|0|IKWALL44|XA01TEX|27|128|0|1|1|-101|0|1856|7016|1848|6984|526|527|1
W|2132|0|2|IKWALL44|XA01TEX|27|128|0|1|1|-101|0|1856|7016|1848|6984|526|527|1
W|2133|0|0|IKWALL44|XA01TEX|59.984845005|128|0|1|1|-68|0|1848|6984|1864|6976|526|527|1
W|2133|0|2|IKWALL44|XA01TEX|59.984845005|128|0|1|1|-68|0|1848|6984|1864|6976|526|527|1
W|2128|0|0|IKWALL44|XA01TEX|77.873388825|128|0|1|1|-50|0|1864|6976|1840|6936|526|527|1
W|2128|0|2|IKWALL44|XA01TEX|77.873388825|128|0|1|1|-50|0|1864|6976|1840|6936|526|527|1
W|2134|0|1|IKWALL44|XA01TEX|125|128|0|1|1|-3|0|1840|6936|1784|6936|526|-1|1
W|2135|0|1|IKWALL44|XA01TEX|98|128|0|1|1|-30|-120|1784|6936|1728|6944|529|-1|1
W|2136|0|0|IKWALL44|XA01TEX|53|128|0|1|1|-75|0|1784|6936|1768|6976|526|529|1
W|2137|0|0|IKWALL44|XA01TEX|96.081318457|128|0|1|1|-32|0|1768|6976|1776|7000|526|529|1
W|2138|0|0|IKWALL44|XA01TEX|121.379539738|128|0|1|1|-7|0|1776|7000|1800|7016|526|529|1
W|2138|1|2|IKWALL44|XA01TEX|0|128|0|1|1|0|0|1800|7016|1776|7000|529|526|1
W|2137|1|2|IKWALL44|XA01TEX|28.844410204|128|0|1|1|0|0|1776|7000|1768|6976|529|526|1
W|2136|1|2|IKWALL44|XA01TEX|54.142631485|128|0|1|1|0|0|1768|6976|1784|6936|529|526|1
W|2139|0|1|IKWALL44|XA01TEX|122|128|0|1|1|-6|-120|1728|6944|1632|6920|528|-1|1
W|2141|0|1|IKWALL44|XA01TEX|220.954535015|128|0|1|1|-35|-120|1632|6920|1488|6944|528|-1|1
W|2140|1|2|IKWALL44|XA01TEX|27|128|0|1|1|-101|-120|1728|6944|1664|6976|529|528|1
W|2142|0|2|IKWALL44|XA01TEX|0|128|0|1|1|0|0|1600|7008|1584|7040|585|530|1
W|2178|1|2|IKWALL44|XA01TEX|35.77708764|128|0|1|1|0|0|1584|7040|1544|7056|536|530|1
W|2177|1|2|IKWALL44|XA01TEX|78.858406097|128|0|1|1|0|0|1544|7056|1512|7048|537|530|1
W|2183|1|2|IKWALL44|XA01TEX|111.843251102|128|0|1|1|0|0|1512|7048|1488|7072|537|525|1
W|2125|0|2|IKWALL44|XA01TEX|145.784376599|128|0|1|1|2|0|1488|7072|1456|7040|524|525|1
W|2126|0|2|IKWALL44|XA01TEX|191.039210595|128|0|1|1|47|0|1456|7040|1472|7008|524|525|1
W|2127|0|2|IKWALL44|XA01TEX|226.816298235|128|0|1|1|83|0|1472|7008|1416|6960|524|525|1
W|2121|0|2|IKWALL44|XA01TEX|300.572653893|128|0|1|1|29|0|1416|6960|1408|6936|524|525|1
W|2142|1|0|IKWALL44|XA01TEX|112|128|0|1|1|112|0|1584|7040|1600|7008|530|585|1
W|2144|1|0|IKWALL44|XA01TEX|99|128|0|1|1|-29|-120|1664|6976|1640|7008|585|528|1
W|2144|1|2|IKWALL44|XA01TEX|99|128|0|1|1|-29|-120|1664|6976|1640|7008|585|528|1
W|2143|1|0|IKWALL44|XA01TEX|139|128|0|1|1|-117|-120|1640|7008|1600|7008|585|528|1
W|2143|1|2|IKWALL44|XA01TEX|139|128|0|1|1|-117|-120|1640|7008|1600|7008|585|528|1
W|2145|1|0|IKWALL44|XA01TEX|25|128|0|1|1|-103|-120|1720|7024|1664|6976|585|529|1
W|2145|1|2|IKWALL44|XA01TEX|25|128|0|1|1|-103|-120|1720|7024|1664|6976|585|529|1
W|2148|1|0|IKWALL44|XA01TEX|20|128|0|1|1|20|0|1600|7008|1616|6976|530|528|1
W|2148|1|2|IKWALL44|XA01TEX|20|128|0|1|1|20|0|1600|7008|1616|6976|530|528|1
W|2147|1|0|IKWALL44|XA01TEX|55.77708764|128|0|1|1|56|0|1616|6976|1568|6952|530|528|1
W|2147|1|2|IKWALL44|XA01TEX|55.77708764|128|0|1|1|56|0|1616|6976|1568|6952|530|528|1
W|2146|1|0|IKWALL44|XA01TEX|109.4427191|128|0|1|1|110|0|1568|6952|1536|6976|530|528|1
W|2146|1|2|IKWALL44|XA01TEX|109.4427191|128|0|1|1|110|0|1568|6952|1536|6976|530|528|1
W|2152|1|0|IKWALL44|XA01TEX|149.4427191|128|0|1|1|22|0|1536|6976|1488|6944|525|528|1
W|2152|1|2|IKWALL44|XA01TEX|149.4427191|128|0|1|1|22|0|1536|6976|1488|6944|525|528|1
W|2153|0|0|IKWALL44|XA01TEX|36|128|0|1|1|-92|0|1844|7036|1808|7040|539|532|1
W|2153|0|2|IKWALL44|XA01TEX|36|128|0|1|1|-92|0|1844|7036|1808|7040|539|532|1
W|2150|0|0|IKWALL44|XA01TEX|72.221540553|128|0|1|1|-56|0|1808|7040|1756|7046|539|531|1
W|2150|0|2|IKWALL44|XA01TEX|72.221540553|128|0|1|1|-56|0|1808|7040|1756|7046|539|531|1
W|2154|0|0|IKWALL44|XA01TEX|26|128|0|1|1|-102|-120|1836|7030|1844|7036|538|532|1
W|2154|1|2|IKWALL44|XA01TEX|0|128|0|1|1|0|0|1844|7036|1836|7030|532|538|1
W|2159|1|2|IKWALL44|XA01TEX|10|128|0|1|1|-26|-112|1836|7030|1840|7024|532|538|1
W|2155|0|0|IKWALL44|XA01TEX|22|128|0|1|1|-106|-112|1800|7016|1812|7024|532|531|1
W|2155|0|2|IKWALL44|XA01TEX|22|128|0|1|1|-106|-112|1800|7016|1812|7024|532|531|1
W|2149|0|0|IKWALL44|XA01TEX|36.422205102|128|0|1|1|-92|-112|1812|7024|1794|7034|532|531|1
W|2149|0|2|IKWALL44|XA01TEX|36.422205102|128|0|1|1|-92|-112|1812|7024|1794|7034|532|531|1
W|2151|0|0|IKWALL44|XA01TEX|57.013465384|128|0|1|1|-71|-112|1794|7034|1808|7040|532|531|1
W|2151|0|2|IKWALL44|XA01TEX|57.013465384|128|0|1|1|-71|-112|1794|7034|1808|7040|532|531|1
W|2157|0|0|IKWALL44|XA01TEX|124|128|0|1|1|-4|0|1756|7046|1704|7052|539|533|1
W|2157|0|2|IKWALL44|XA01TEX|124|128|0|1|1|-4|0|1756|7046|1704|7052|539|533|1
W|2158|1|0|IKWALL44|XA01TEX|88|128|0|1|1|-40|-112|1756|7046|1752|7042|533|531|1
W|2158|1|2|IKWALL44|XA01TEX|88|128|0|1|1|-40|-112|1756|7046|1752|7042|533|531|1
W|2156|1|0|IKWALL44|XA01TEX|93.656854249|128|0|1|1|-34|-112|1752|7042|1760|7032|533|531|1
W|2156|1|2|IKWALL44|XA01TEX|93.656854249|128|0|1|1|-34|-112|1752|7042|1760|7032|533|531|1
W|2161|0|0|IKWALL44|XA01TEX|69|128|0|1|1|-59|0|1704|7052|1668|7056|539|534|1
W|2162|1|0|IKWALL44|XA01TEX|48|128|0|1|1|-80|-120|1704|7052|1706|7044|534|533|1
W|2162|1|2|IKWALL44|XA01TEX|48|128|0|1|1|-80|-120|1704|7052|1706|7044|534|533|1
W|2160|1|0|IKWALL44|XA01TEX|56.246211251|128|0|1|1|-72|-120|1706|7044|1696|7040|534|533|1
W|2160|1|2|IKWALL44|XA01TEX|56.246211251|128|0|1|1|-72|-120|1706|7044|1696|7040|534|533|1
W|2163|0|0|IKWALL44|XA01TEX|17|128|0|1|1|17|-112|1616|7048|1596|7064|535|536|1
W|2163|0|2|IKWALL44|XA01TEX|17|128|0|1|1|17|-112|1616|7048|1596|7064|535|536|1
W|2165|0|0|IKWALL44|XA01TEX|92|128|0|1|1|92|0|1668|7056|1596|7064|539|535|1
W|2167|0|0|IKWALL44|XA01TEX|89|128|0|1|1|89|0|1560|7068|1488|7076|539|537|1
W|2167|0|2|IKWALL44|XA01TEX|89|128|0|1|1|89|0|1560|7068|1488|7076|539|537|1
W|2168|0|0|IKWALL44|XA01TEX|69|128|0|1|1|69|-104|1544|7056|1560|7068|536|537|1
W|2169|0|0|IKWALL44|XA01TEX|43|128|0|1|1|43|0|1596|7064|1560|7068|539|536|1
W|2169|0|2|IKWALL44|XA01TEX|43|128|0|1|1|43|0|1596|7064|1560|7068|539|536|1
W|2170|0|0|IKWALL44|XA01TEX|107|128|0|1|1|-21|-120|1760|7032|1800|7016|529|531|1
W|2170|1|0|IKWALL44|XA01TEX|0|128|0|1|1|0|0|1800|7016|1760|7032|531|529|1
W|2171|0|0|IKWALL44|XA01TEX|0|128|0|1|1|0|0|1800|7016|1840|7024|526|532|1
W|2172|0|0|IKWALL44|XA01TEX|40.792156109|128|0|1|1|0|0|1840|7024|1856|7016|526|538|1
W|2171|1|2|IKWALL44|XA01TEX|109|128|0|1|1|-19|-112|1840|7024|1800|7016|532|526|1
W|2172|1|2|IKWALL44|XA01TEX|91|128|0|1|1|-37|-120|1856|7016|1840|7024|538|526|1
W|2173|1|0|IKWALL44|XA01TEX|62|128|0|1|1|-66|-120|1880|7032|1856|7016|538|527|1
W|2173|1|2|IKWALL44|XA01TEX|62|128|0|1|1|-66|-120|1880|7032|1856|7016|538|527|1
W|2174|1|2|IKWALL44|XA01TEX|67|128|0|1|1|-61|-120|1696|7040|1656|7032|534|585|1
W|2180|1|2|IKWALL44|XA01TEX|107.792156109|128|0|1|1|-20|-112|1656|7032|1616|7048|535|585|1
W|2175|0|0|IKWALL44|XA01TEX|37|128|0|1|1|-91|-120|1696|7040|1720|7024|585|533|1
W|2176|0|0|IKWALL44|XA01TEX|66|128|0|1|1|-62|-120|1720|7024|1760|7032|529|533|1
W|2176|1|0|IKWALL44|XA01TEX|0|128|0|1|1|0|0|1760|7032|1720|7024|533|529|1
W|2176|1|2|IKWALL44|XA01TEX|0|128|0|1|1|0|0|1760|7032|1720|7024|533|529|1
W|2178|0|0|IKWALL44|XA01TEX|69|128|0|1|1|69|0|1544|7056|1584|7040|530|536|1
W|2179|0|0|IKWALL44|XA01TEX|112|128|0|1|1|112|-120|1584|7040|1616|7048|585|536|1
W|2180|0|0|IKWALL44|XA01TEX|17|128|0|1|1|17|0|1616|7048|1656|7032|585|535|1
W|2164|0|0|IKWALL44|XA01TEX|60.081318457|128|0|1|1|60|-120|1656|7032|1672|7048|534|535|1
W|2166|0|0|IKWALL44|XA01TEX|82.708735455|128|0|1|1|83|-120|1672|7048|1668|7056|534|535|1
W|2181|0|1|IKWALL44|XA01TEX|54|128|0|1|1|54|0|1408|6936|1256|7008|524|-1|1
W|2182|0|0|IKWALL44|XA01TEX|126|128|0|1|1|126|0|1488|7076|1488|7072|524|537|1
W|2183|0|0|IKWALL44|XA01TEX|130|128|0|1|1|2|0|1488|7072|1512|7048|525|537|1
W|2177|0|0|IKWALL44|XA01TEX|163.941125497|128|0|1|1|36|0|1512|7048|1544|7056|530|537|1
W|2184|0|1|IKWALL44|XA01TEX|88|128|0|1|1|88|0|1256|7008|1296|7080|508|-1|1
W|3590|0|1|IKWALL44|XA01TEX|170.365041128|128|0|1|1|42|0|1296|7080|1288|7120|508|-1|1
W|2256|0|1|IKWALL44|XA01TEX|211.157197237|128|0|1|1|83|0|1288|7120|1296|7168|508|-1|1
W|2056|0|1|IKWALL44|XA01TEX|259.819297479|128|0|1|1|4|0|1296|7168|1296|7232|523|-1|1
W|2185|0|1|IKWALL44|XA01TEX|111|128|0|1|1|-17|-104|1880|7032|1904|6992|527|-1|1
W|2129|0|1|IKWALL44|XA01TEX|157.647615159|128|0|1|1|-98|-104|1904|6992|1880|6944|527|-1|1
W|2186|0|1|IKWALL44|XA01TEX|211.313246619|128|0|1|1|-44|-104|1880|6944|1840|6936|527|-1|1
W|2187|0|1|IKWALL44|XA01TEX|81|128|0|1|1|81|0|1448|7096|1488|7076|524|-1|1
W|2189|0|0|IKWALL44|XA01TEX|0|128|0|1|1|0|0|1880|7032|1844|7036|539|538|1
W|2189|0|2|IKWALL44|XA01TEX|0|128|0|1|1|0|0|1880|7032|1844|7036|539|538|1
W|2190|0|1|IKWALL44|XA01TEX|122|128|0|1|1|-6|0|1876|7036|1880|7032|539|-1|1
W|2395|0|1|IKWALL44|XA01TEX|16|256|0|1|1|16|0|2288|7456|2080|7664|555|-1|1
W|2495|0|2|IKWALL44|XA01TEX|64|128|0|1|1|-192|-64|-1536|6592|-1504|6752|600|470|1
W|2497|0|2|IKWALL44|XA01TEX|227.168624435|128|0|1|1|-157|-64|-1504|6752|-1472|6848|600|470|1
W|2502|0|2|IKWALL44|XA01TEX|328.36150956|128|0|1|1|-184|-64|-1472|6848|-1472|6944|600|470|1
W|2498|0|2|IKWALL44|XA01TEX|424.36150956|128|0|1|1|-216|-64|-1472|6944|-1504|7040|600|470|1
W|2500|0|2|IKWALL44|XA01TEX|13.554394686|128|0|1|1|-115|-64|-1504|7040|-1504|7104|600|470|1
W|2499|0|2|IKWALL44|XA01TEX|77.554394686|128|0|1|1|-51|-64|-1504|7104|-1520|7232|600|470|1
W|2501|0|2|IKWALL44|XA01TEX|206.550518659|128|0|1|1|78|-64|-1520|7232|-1536|7296|600|470|1
W|2496|0|2|IKWALL44|XA01TEX|80|128|0|1|1|80|-64|-1344|7296|-1312|7168|600|470|1
W|2503|0|2|IKWALL44|XA01TEX|211.93938002|128|0|1|1|84|-64|-1312|7168|-1248|7120|600|470|1
W|2504|0|2|IKWALL44|XA01TEX|291.93938002|128|0|1|1|36|-64|-1248|7120|-1104|7104|600|470|1
W|2508|0|2|IKWALL44|XA01TEX|436.82554223|128|0|1|1|53|-64|-1104|7104|-976|7072|600|470|1
W|2546|0|2|IKWALL44|XA01TEX|56.76492225|128|0|1|1|57|-64|-976|7072|-816|7072|600|470|1
W|2547|0|2|IKWALL44|XA01TEX|216.76492225|128|0|1|1|89|-64|-816|7072|-688|7040|600|470|1
W|2548|0|2|IKWALL44|XA01TEX|348.704302269|128|0|1|1|93|-64|-688|7040|-528|7008|600|470|1
W|2516|0|2|IKWALL44|XA01TEX|511.872926704|128|0|1|1|0|-64|-528|7008|-304|6976|600|470|1
W|2513|0|2|IKWALL44|XA01TEX|226.147096684|128|0|1|1|98|-64|-304|6976|-112|6928|600|470|1
W|2545|0|2|IKWALL44|XA01TEX|424.056166714|128|0|1|1|40|-64|-112|6928|80|6928|600|470|1
W|2529|0|2|IKWALL44|XA01TEX|104.056166714|128|0|1|1|104|-64|80|6928|256|6976|600|470|1
W|4688|0|2|IKWALL44|XA01TEX|286.48423473|128|0|1|1|30|-64|256|6976|272|7088|600|470|1
W|2518|0|2|IKWALL44|XA01TEX|0|128|0|1|1|0|0|1600|6336|1600|6464|600|470|1
W|2534|0|2|IKWALL44|XA01TEX|128|128|0|1|1|0|0|1600|6464|1568|6528|600|470|1
W|2532|0|2|IKWALL44|XA01TEX|199.55417528|128|0|1|1|0|0|1568|6528|1440|6592|600|470|1
W|2521|0|2|IKWALL44|XA01TEX|342.66252584|128|0|1|1|0|0|1440|6592|1248|6624|600|470|1
W|2523|0|2|IKWALL44|XA01TEX|25.31092681|128|0|1|1|0|0|1248|6624|1024|6720|600|470|1
W|2535|0|2|IKWALL44|XA01TEX|269.015666197|128|0|1|1|0|0|1024|6720|800|6784|600|470|1
W|2530|0|2|IKWALL44|XA01TEX|501.979182654|128|0|1|1|0|0|800|6784|512|6816|600|470|1
W|2536|0|2|IKWALL44|XA01TEX|279.751507075|128|0|1|1|0|0|512|6816|288|6816|600|470|1
W|2522|0|2|IKWALL44|XA01TEX|503.751507075|128|0|1|1|0|0|288|6816|96|6784|600|470|1
W|2531|0|2|IKWALL44|XA01TEX|186.399908044|128|0|1|1|0|0|96|6784|-128|6784|600|470|1
W|2512|0|2|IKWALL44|XA01TEX|410.399908044|128|0|1|1|0|0|-128|6784|-320|6848|600|470|1
W|2511|0|2|IKWALL44|XA01TEX|100.785678295|128|0|1|1|0|0|-320|6848|-512|6880|600|470|1
W|2510|0|2|IKWALL44|XA01TEX|295.434079264|128|0|1|1|0|0|-512|6880|-672|6880|600|470|1
W|2505|0|2|IKWALL44|XA01TEX|455.434079264|128|0|1|1|0|0|-672|6880|-832|6944|600|470|1
W|2514|0|2|IKWALL44|XA01TEX|115.759353093|128|0|1|1|0|0|-832|6944|-992|6976|600|470|1
W|2515|0|2|IKWALL44|XA01TEX|278.927977528|128|0|1|1|0|0|-992|6976|-1152|6976|600|470|1
W|2517|0|2|IKWALL44|XA01TEX|438.927977528|128|0|1|1|0|0|-1152|6976|-1216|6944|600|470|1
W|2506|0|2|IKWALL44|XA01TEX|510.482152808|128|0|1|1|0|0|-1216|6944|-1248|6880|600|470|1
W|2507|0|2|IKWALL44|XA01TEX|70.036328088|128|0|1|1|0|0|-1248|6880|-1248|6752|600|470|1
W|2509|0|2|IKWALL44|XA01TEX|198.036328088|128|0|1|1|0|0|-1248|6752|-1216|6592|600|470|1
W|2538|0|2|IKWALL44|XA01TEX|80|128|0|1|1|208|0|464|7072|496|6992|600|470|1
W|2540|0|2|IKWALL44|XA01TEX|166.162636914|128|0|1|1|166|0|496|6992|592|6928|600|470|1
W|2539|0|2|IKWALL44|XA01TEX|281.540277729|128|0|1|1|153|0|592|6928|768|6912|600|470|1
W|2541|0|2|IKWALL44|XA01TEX|458.266054004|128|0|1|1|202|0|768|6912|928|6880|600|470|1
W|2520|0|2|IKWALL44|XA01TEX|109.434678439|128|0|1|1|109|0|928|6880|1184|6784|600|470|1
W|2519|0|2|IKWALL44|XA01TEX|382.842798289|128|0|1|1|126|0|1184|6784|1280|6752|600|470|1
W|2527|0|2|IKWALL44|XA01TEX|484.035683415|128|0|1|1|227|0|1280|6752|1408|6752|600|470|1
W|2537|0|2|IKWALL44|XA01TEX|100.035683415|128|0|1|1|227|0|1408|6752|1568|6720|600|470|1
W|2526|0|2|IKWALL44|XA01TEX|263.204307849|128|0|1|1|134|0|1568|6720|1696|6624|600|470|1
W|2525|0|2|IKWALL44|XA01TEX|423.204307849|128|0|1|1|166|0|1696|6624|1760|6496|600|470|1
W|2533|0|2|IKWALL44|XA01TEX|54.312658409|128|0|1|1|181|0|1760|6496|1792|6400|600|470|1
W|2524|0|2|IKWALL44|XA01TEX|155.505543535|128|0|1|1|154|0|1792|6400|1792|6336|600|470|1
W|2542|0|2|IKWALL44|XA01TEX|0|384|0|1|1|0|0|464|7072|432|7120|472|601|1
W|2542|1|2|IKWALL44|XA01TEX|22|128|0|1|1|-106|-96|432|7120|464|7072|601|472|1
W|2544|0|2|IKWALL44|XA01TEX|15|128|0|1|1|143|0|272|7088|272|7120|601|602|1
W|2544|1|2|IKWALL44|XA01TEX|0|384|0|1|1|0|0|272|7120|272|7088|602|601|1
W|2549|0|1|IKWALL44|XA01TEX|33|128|0|1|1|33|0|1488|7076|1492|7080|539|-1|1
W|2553|0|0|IKWALL44|XA01TEX|96|512|0|1|1|96|-64|-1584|7296|-1552|7296|470|604|1
W|2553|0|2|IKWALL44|XA01TEX|96|512|0|1|1|96|-64|-1584|7296|-1552|7296|470|604|1
W|2554|0|1|IKWALL44|XA01TEX|0|512|0|1|1|0|-64|-1552|7296|-1536|7296|470|-1|1
W|2555|0|1|IKWALL44|XA01TEX|76|256|0|1|1|76|0|-1328|7296|-1328|7304|603|-1|1
W|2556|0|1|IKWALL44|XA01TEX|108|512|0|1|1|-20|-64|-1296|7296|-1280|7296|470|-1|1
W|1937|0|1|IKWALL44|XA01TEX|124|512|0|1|1|-4|-64|-1280|7296|-1152|7424|470|-1|1
W|2558|0|0|IKWALL44|XA01TEX|76|512|0|1|1|76|-64|-1328|7296|-1296|7296|470|603|1
W|2558|0|2|IKWALL44|XA01TEX|76|512|0|1|1|76|-64|-1328|7296|-1296|7296|470|603|1
W|2559|0|1|IKWALL44|XA01TEX|100|256|0|1|1|-28|-112|-1296|7304|-1296|7296|603|-1|1
W|2560|0|1|IKWALL44|XA01TEX|96|256|0|1|1|96|0|-1584|7296|-1584|7304|604|-1|1
W|2562|0|1|IKWALL44|XA01TEX|120|256|0|1|1|-8|-112|-1552|7304|-1552|7296|604|-1|1
W|3561|0|2|IKWALL44|XA01TEX|0|128|0|1|1|0|0|-1536|5072|-1504|5152|588|9|1
W|3564|0|2|IKWALL44|XA01TEX|86.162636914|128|0|1|1|0|0|-1504|5152|-1488|5264|588|9|1
W|3563|0|2|IKWALL44|XA01TEX|199.299721904|128|0|1|1|0|0|-1488|5264|-1504|5376|588|9|1
W|3568|0|2|IKWALL44|XA01TEX|312.436806894|128|0|1|1|0|0|-1504|5376|-1536|5504|588|9|1
W|3562|0|2|IKWALL44|XA01TEX|0|128|0|1|1|0|0|-1216|5504|-1216|5440|588|9|1
W|3567|0|2|IKWALL44|XA01TEX|64|128|0|1|1|0|0|-1216|5440|-1280|5312|588|9|1
W|3566|0|2|IKWALL44|XA01TEX|207.10835056|128|0|1|1|0|0|-1280|5312|-1296|5152|588|9|1
W|3565|0|2|IKWALL44|XA01TEX|367.906360498|128|0|1|1|0|0|-1296|5152|-1280|5072|588|9|1
W|3572|1|2|IKWALL44|XA01TEX|22|-128|0|1|1|22|0|3680|8032|3872|7808|98|587|1
W|3573|1|2|IKWALL44|XA01TEX|317.025422633|-128|0|1|1|38|0|3872|7808|3872|7540.148|98|587|1
W|63|1|2|IKWALL44|XA01TEX|72.877422633|-128|0|1|1|50|0|3872|7540.148|3872|2528|1|8|1
W|66|1|2|IKWALL44|XA01TEX|477.025422633|-128|0|1|1|70|0|3872|2528|-4448|2528|1|8|1
W|65|1|2|IKWALL44|XA01TEX|93.025422633|-128|0|1|1|70|0|-4448|2528|-4416|8317.63|1|8|1
W|6369|1|2|IKWALL44|XA01TEX|250.743855934|-128|0|1|1|100|0|-4416|8317.63|-4288|8320|99|1424|1
W|6368|1|2|IKWALL44|XA01TEX|378.765795069|-128|0|1|1|100|0|-4288|8320|-4256|8352|99|1424|1
W|3577|0|1|IKWALL44|XA01TEX|117|256|0|1|1|117|-8|1296|7232|1264|7280|499|-1|1
W|3578|0|1|IKWALL44|XA01TEX|82|256|0|1|1|82|-16|1264|7280|1264|7312|505|-1|1
W|3588|0|1|IKWALL44|XA01TEX|69|128|0|1|1|69|0|1472|7232|1472|7168|523|-1|1
W|2051|0|1|IKWALL44|XA01TEX|133|128|0|1|1|5|0|1472|7168|1448|7096|508|-1|1
W|3589|0|1|IKWALL44|XA01TEX|80|128|0|1|1|80|0|1488|6944|1408|6936|525|-1|1
W|3594|0|1|IKWALL44|XA01TEX|18|256|0|1|1|18|-8|1456|7280|1472|7232|499|-1|1
W|4040|0|0|IKWALL44|XA01TEX|48|384|0|1|1|48|0|-1504|7296|-1504|7312|1402|1406|1
W|4045|0|0|IKWALL44|XA01TEX|112|512|0|1|1|112|-64|-1440|7296|-1408|7296|600|408|1
W|4052|0|0|IKWALL44|XA01TEX|80|512|0|1|1|80|-64|-1472|7296|-1440|7296|600|412|1
W|4054|0|0|IKWALL44|XA01TEX|0|384|0|1|1|128|0|-1408|7312|-1408|7296|408|406|1
W|4055|1|0|IKWALL44|XA01TEX|80|384|0|1|1|80|0|-1472|7296|-1472|7312|412|1402|1
W|4057|0|0|IKWALL44|XA01TEX|48|512|0|1|1|48|-64|-1504|7296|-1472|7296|600|1402|1
W|4059|0|0|IKWALL44|XA01TEX|16|512|0|1|1|16|-64|-1408|7296|-1376|7296|600|406|1
W|4058|0|0|IKWALL44|XA01TEX|48|512|0|1|1|48|-64|-1376|7296|-1344|7296|600|1407|1
W|4067|0|1|IKWALL44|XA01TEX|44|384|0|1|1|-84|0|-1344|7312|-1344|7296|1407|-1|1
W|4072|0|1|IKWALL44|XA01TEX|16|256|0|1|1|16|0|-1536|7296|-1536|7312|1406|-1|1
W|4102|0|0|IKWALL44|XA01TEX|96|384|0|1|1|96|0|-1440|7312|-1440|7296|412|408|1
W|6335|0|0|IKWALL44|XA01TEX|86|128|0|1|1|86|0|952|7072|928|7080|506|1415|1
W|6335|0|2|IKWALL44|XA01TEX|86|128|0|1|1|86|0|952|7072|928|7080|506|1415|1
W|6337|1|0|IKWALL44|XA01TEX|0|256|0|1|1|0|0|1152|6976|1120|6992|507|470|1
W|6337|1|2|IKWALL44|XA01TEX|0|256|0|1|1|0|0|1152|6976|1120|6992|507|470|1
W|6338|1|0|IKWALL44|XA01TEX|80|128|0|1|1|80|0|1152|6984|1120|7000|506|507|1
W|6338|1|2|IKWALL44|XA01TEX|80|128|0|1|1|80|0|1152|6984|1120|7000|506|507|1
W|6370|0|1|IKWALL44|XA01TEX|0|0|0|1|1|0|0|-3295|7542|-3248|7515|1425|-1|1
W|6371|0|1|IKWALL44|XA01TEX|0|0|0|1|1|0|0|-3248|7515|-3296|7488|1425|-1|1
W|6372|0|1|IKWALL44|XA01TEX|0|0|0|1|1|0|0|-3296|7488|-3295|7542|1425|-1|1
W|62|0|1|IKWALL44|XA01TEX|0|128|0|1|1|0|0|-2560|9600|-2560|9664|7|-1|1
W|59|0|1|IKWALL44|XA01TEX|64|128|0|1|1|0|0|-2560|9664|-2496|9664|7|-1|1
W|60|0|1|IKWALL44|XA01TEX|128|128|0|1|1|0|0|-2496|9664|-2496|9600|7|-1|1
W|61|0|1|IKWALL44|XA01TEX|192|128|0|1|1|0|0|-2496|9600|-2560|9600|7|-1|1
W|1920|0|0|IKWALL44|XA01TEX|0|768|0|1|1|0|0|1646|4890|1623|4903|1417|468|1
W|1921|0|0|IKWALL44|XA01TEX|26.419689627|768|0|1|1|0|0|1623|4903|1622|4877|1417|468|1
W|1922|0|0|IKWALL44|XA01TEX|52.43891329|768|0|1|1|0|0|1622|4877|1646|4890|1417|468|1
W|3576|0|1|IKWALL44|XA01TEX|0|-128|0|1|1|0|0|-3456|7520|-3504|7493|586|-1|1
W|3575|0|1|IKWALL44|XA01TEX|55.072679252|-128|0|1|1|0|0|-3504|7493|-3503|7547|586|-1|1
W|3574|0|1|IKWALL44|XA01TEX|109.081937718|-128|0|1|1|0|0|-3503|7547|-3456|7520|586|-1|1
W|6300|0|2|QFLAT04|XA25TEX|0|768|0|1|1|0|0|-1456|5080|-1464|5088|1408|588|1
W|6293|0|2|QFLAT04|XA25TEX|11.313708499|768|0|1|1|0|0|-1464|5088|-1464|5104|1408|588|1
W|6294|0|2|QFLAT04|XA25TEX|27.313708499|768|0|1|1|0|0|-1464|5104|-1456|5112|1408|588|1
W|6295|0|2|QFLAT04|XA25TEX|38.627416998|768|0|1|1|0|0|-1456|5112|-1440|5112|1408|588|1
W|6296|0|2|QFLAT04|XA25TEX|54.627416998|768|0|1|1|0|0|-1440|5112|-1432|5104|1408|588|1
W|6297|0|2|QFLAT04|XA25TEX|65.941125497|768|0|1|1|0|0|-1432|5104|-1432|5088|1408|588|1
W|6298|0|2|QFLAT04|XA25TEX|81.941125497|768|0|1|1|0|0|-1432|5088|-1440|5080|1408|588|1
W|6299|0|2|QFLAT04|XA25TEX|93.254833996|768|0|1|1|0|0|-1440|5080|-1456|5080|1408|588|1
W|6294|1|2|QFLAT04|XA25TEX|0|768|0|1|1|0|0|-1456|5112|-1464|5104|588|1408|1
W|6293|1|2|QFLAT04|XA25TEX|11.313708499|768|0|1|1|0|0|-1464|5104|-1464|5088|588|1408|1
W|6300|1|2|QFLAT04|XA25TEX|27.313708499|768|0|1|1|0|0|-1464|5088|-1456|5080|588|1408|1
W|6299|1|2|QFLAT04|XA25TEX|38.627416998|768|0|1|1|0|0|-1456|5080|-1440|5080|588|1408|1
W|6298|1|2|QFLAT04|XA25TEX|54.627416998|768|0|1|1|0|0|-1440|5080|-1432|5088|588|1408|1
W|6297|1|2|QFLAT04|XA25TEX|65.941125497|768|0|1|1|0|0|-1432|5088|-1432|5104|588|1408|1
W|6296|1|2|QFLAT04|XA25TEX|81.941125497|768|0|1|1|0|0|-1432|5104|-1440|5112|588|1408|1
W|6295|1|2|QFLAT04|XA25TEX|93.254833996|768|0|1|1|0|0|-1440|5112|-1456|5112|588|1408|1
W|6308|0|2|QFLAT04|XA25TEX|0|768|0|1|1|0|0|-1408|5104|-1416|5112|1409|588|1
W|6301|0|2|QFLAT04|XA25TEX|11.313708499|768|0|1|1|0|0|-1416|5112|-1416|5128|1409|588|1
W|6302|0|2|QFLAT04|XA25TEX|27.313708499|768|0|1|1|0|0|-1416|5128|-1408|5136|1409|588|1
W|6303|0|2|QFLAT04|XA25TEX|38.627416998|768|0|1|1|0|0|-1408|5136|-1392|5136|1409|588|1
W|6304|0|2|QFLAT04|XA25TEX|54.627416998|768|0|1|1|0|0|-1392|5136|-1384|5128|1409|588|1
W|6305|0|2|QFLAT04|XA25TEX|65.941125497|768|0|1|1|0|0|-1384|5128|-1384|5112|1409|588|1
W|6306|0|2|QFLAT04|XA25TEX|81.941125497|768|0|1|1|0|0|-1384|5112|-1392|5104|1409|588|1
W|6307|0|2|QFLAT04|XA25TEX|93.254833996|768|0|1|1|0|0|-1392|5104|-1408|5104|1409|588|1
W|6302|1|2|QFLAT04|XA25TEX|0|768|0|1|1|0|0|-1408|5136|-1416|5128|588|1409|1
W|6301|1|2|QFLAT04|XA25TEX|11.313708499|768|0|1|1|0|0|-1416|5128|-1416|5112|588|1409|1
W|6308|1|2|QFLAT04|XA25TEX|27.313708499|768|0|1|1|0|0|-1416|5112|-1408|5104|588|1409|1
W|6307|1|2|QFLAT04|XA25TEX|38.627416998|768|0|1|1|0|0|-1408|5104|-1392|5104|588|1409|1
W|6306|1|2|QFLAT04|XA25TEX|54.627416998|768|0|1|1|0|0|-1392|5104|-1384|5112|588|1409|1
W|6305|1|2|QFLAT04|XA25TEX|65.941125497|768|0|1|1|0|0|-1384|5112|-1384|5128|588|1409|1
W|6304|1|2|QFLAT04|XA25TEX|81.941125497|768|0|1|1|0|0|-1384|5128|-1392|5136|588|1409|1
W|6303|1|2|QFLAT04|XA25TEX|93.254833996|768|0|1|1|0|0|-1392|5136|-1408|5136|588|1409|1
W|6316|0|2|QFLAT04|XA25TEX|0|768|0|1|1|0|0|-1448|5128|-1456|5136|1410|588|1
W|6309|0|2|QFLAT04|XA25TEX|11.313708499|768|0|1|1|0|0|-1456|5136|-1456|5152|1410|588|1
W|6310|0|2|QFLAT04|XA25TEX|27.313708499|768|0|1|1|0|0|-1456|5152|-1448|5160|1410|588|1
W|6311|0|2|QFLAT04|XA25TEX|38.627416998|768|0|1|1|0|0|-1448|5160|-1432|5160|1410|588|1
W|6312|0|2|QFLAT04|XA25TEX|54.627416998|768|0|1|1|0|0|-1432|5160|-1424|5152|1410|588|1
W|6313|0|2|QFLAT04|XA25TEX|65.941125497|768|0|1|1|0|0|-1424|5152|-1424|5136|1410|588|1
W|6314|0|2|QFLAT04|XA25TEX|81.941125497|768|0|1|1|0|0|-1424|5136|-1432|5128|1410|588|1
W|6315|0|2|QFLAT04|XA25TEX|93.254833996|768|0|1|1|0|0|-1432|5128|-1448|5128|1410|588|1
W|6310|1|2|QFLAT04|XA25TEX|0|768|0|1|1|0|0|-1448|5160|-1456|5152|588|1410|1
W|6309|1|2|QFLAT04|XA25TEX|11.313708499|768|0|1|1|0|0|-1456|5152|-1456|5136|588|1410|1
W|6316|1|2|QFLAT04|XA25TEX|27.313708499|768|0|1|1|0|0|-1456|5136|-1448|5128|588|1410|1
W|6315|1|2|QFLAT04|XA25TEX|38.627416998|768|0|1|1|0|0|-1448|5128|-1432|5128|588|1410|1
W|6314|1|2|QFLAT04|XA25TEX|54.627416998|768|0|1|1|0|0|-1432|5128|-1424|5136|588|1410|1
W|6313|1|2|QFLAT04|XA25TEX|65.941125497|768|0|1|1|0|0|-1424|5136|-1424|5152|588|1410|1
W|6312|1|2|QFLAT04|XA25TEX|81.941125497|768|0|1|1|0|0|-1424|5152|-1432|5160|588|1410|1
W|6311|1|2|QFLAT04|XA25TEX|93.254833996|768|0|1|1|0|0|-1432|5160|-1448|5160|588|1410|1
W|6324|0|2|QFLAT04|XA25TEX|0|768|0|1|1|0|0|-1408|5160|-1416|5168|1411|588|1
W|6317|0|2|QFLAT04|XA25TEX|11.313708499|768|0|1|1|0|0|-1416|5168|-1416|5184|1411|588|1
W|6318|0|2|QFLAT04|XA25TEX|27.313708499|768|0|1|1|0|0|-1416|5184|-1408|5192|1411|588|1
W|6319|0|2|QFLAT04|XA25TEX|38.627416998|768|0|1|1|0|0|-1408|5192|-1392|5192|1411|588|1
W|6320|0|2|QFLAT04|XA25TEX|54.627416998|768|0|1|1|0|0|-1392|5192|-1384|5184|1411|588|1
W|6321|0|2|QFLAT04|XA25TEX|65.941125497|768|0|1|1|0|0|-1384|5184|-1384|5168|1411|588|1
W|6322|0|2|QFLAT04|XA25TEX|81.941125497|768|0|1|1|0|0|-1384|5168|-1392|5160|1411|588|1
W|6323|0|2|QFLAT04|XA25TEX|93.254833996|768|0|1|1|0|0|-1392|5160|-1408|5160|1411|588|1
W|6318|1|2|QFLAT04|XA25TEX|0|768|0|1|1|0|0|-1408|5192|-1416|5184|588|1411|1
W|6317|1|2|QFLAT04|XA25TEX|11.313708499|768|0|1|1|0|0|-1416|5184|-1416|5168|588|1411|1
W|6324|1|2|QFLAT04|XA25TEX|27.313708499|768|0|1|1|0|0|-1416|5168|-1408|5160|588|1411|1
W|6323|1|2|QFLAT04|XA25TEX|38.627416998|768|0|1|1|0|0|-1408|5160|-1392|5160|588|1411|1
W|6322|1|2|QFLAT04|XA25TEX|54.627416998|768|0|1|1|0|0|-1392|5160|-1384|5168|588|1411|1
W|6321|1|2|QFLAT04|XA25TEX|65.941125497|768|0|1|1|0|0|-1384|5168|-1384|5184|588|1411|1
W|6320|1|2|QFLAT04|XA25TEX|81.941125497|768|0|1|1|0|0|-1384|5184|-1392|5192|588|1411|1
W|6319|1|2|QFLAT04|XA25TEX|93.254833996|768|0|1|1|0|0|-1392|5192|-1408|5192|588|1411|1
W|6340|0|2|QFLAT07|XA04TEX|0|128|0|1|1|0|0|1472|4224|1536|4296|498|1417|1
W|6341|0|2|QFLAT07|XA04TEX|96.33275663|128|0|1|1|0|0|1536|4296|1608|4336|498|1417|1
W|6342|0|2|QFLAT07|XA04TEX|178.697797758|128|0|1|1|0|0|1608|4336|1664|4336|498|1417|1
W|6343|0|2|QFLAT07|XA04TEX|234.697797758|128|0|1|1|0|0|1664|4336|1776|4312|498|1417|1
W|6344|0|2|QFLAT07|XA04TEX|349.240366264|128|0|1|1|0|0|1776|4312|1856|4288|498|1417|1
W|6349|0|2|QFLAT07|XA04TEX|0|128|0|1|1|0|0|1472|4224|1520|4248|1419|498|1
W|6350|0|2|QFLAT07|XA04TEX|0|128|0|1|1|0|0|1520|4248|1600|4304|1420|498|1
W|6351|0|2|QFLAT07|XA04TEX|97.652444926|128|0|1|1|0|0|1600|4304|1688|4312|1420|498|1
W|6352|0|2|QFLAT07|XA04TEX|186.015333063|128|0|1|1|0|0|1688|4312|1768|4288|1420|498|1
W|6353|0|2|QFLAT07|XA04TEX|0|128|0|1|1|0|0|1792|4256|1856|4288|1419|498|1
W|6354|0|2|QFLAT07|XA04TEX|0|0|0|1|1|0|0|1520|4248|1600|4240|1419|1418|1
W|6355|0|2|QFLAT07|XA04TEX|80.399004969|0|0|1|1|0|0|1600|4240|1688|4256|1419|1418|1
W|6356|0|2|QFLAT07|XA04TEX|169.841724069|0|0|1|1|0|0|1688|4256|1792|4256|1419|1418|1
W|6358|0|2|QFLAT07|XA04TEX|0|128|0|1|1|0|0|1520|4248|1608|4272|1418|1420|1
W|6360|0|2|QFLAT07|XA04TEX|91.214034008|128|0|1|1|0|0|1608|4272|1768|4288|1418|1420|1
W|6359|0|2|QFLAT07|XA04TEX|0|128|0|1|1|0|0|1768|4288|1792|4256|1418|498|1
W|5049|0|2|QFLAT07|XA04TEX|0|128|0|1|1|0|0|-1312|4736|-1408|4640|1399|111|1
W|5054|0|2|QFLAT07|XA04TEX|135.764501988|128|0|1|1|0|0|-1408|4640|-1472|4640|1399|111|1
W|5053|0|2|QFLAT07|XA04TEX|199.764501988|128|0|1|1|0|0|-1472|4640|-1568|4672|1399|111|1
W|5046|0|2|QFLAT07|XA04TEX|300.957387113|128|0|1|1|0|0|-1568|4672|-1600|4704|1399|111|1
W|5047|0|2|QFLAT07|XA04TEX|346.212221109|128|0|1|1|0|0|-1600|4704|-1728|4672|1399|111|1
W|5043|0|2|QFLAT07|XA04TEX|478.151601129|128|0|1|1|0|0|-1728|4672|-1792|4640|1399|111|1
W|5042|0|2|QFLAT07|XA04TEX|37.705776409|128|0|1|1|0|0|-1792|4640|-1856|4672|1399|111|1
W|5041|0|2|QFLAT07|XA04TEX|109.259951689|128|0|1|1|0|0|-1856|4672|-1856|4704|1399|111|1
W|3802|0|2|QFLAT07|XA04TEX|141.259951689|128|0|1|1|0|0|-1856|4704|-1792|4768|1399|111|1
W|5057|0|2|QFLAT07|XA04TEX|231.769619681|128|0|1|1|0|0|-1792|4768|-1728|4800|1399|111|1
W|5058|0|2|QFLAT07|XA04TEX|303.323794961|128|0|1|1|0|0|-1728|4800|-1664|4800|1399|111|1
W|3780|0|2|QFLAT07|XA04TEX|367.323794961|128|0|1|1|0|0|-1664|4800|-1632|4768|1399|111|1
W|5056|0|2|QFLAT07|XA04TEX|412.578628957|128|0|1|1|0|0|-1632|4768|-1568|4768|1399|111|1
W|5055|0|2|QFLAT07|XA04TEX|476.578628957|128|0|1|1|0|0|-1568|4768|-1504|4800|1399|111|1
W|5051|0|2|QFLAT07|XA04TEX|36.132804237|128|0|1|1|0|0|-1504|4800|-1408|4800|1399|111|1
W|5050|0|2|QFLAT07|XA04TEX|132.132804237|128|0|1|1|0|0|-1408|4800|-1344|4768|1399|111|1
W|5048|0|2|QFLAT07|XA04TEX|203.686979517|128|0|1|1|0|0|-1344|4768|-1312|4736|1399|111|1
W|5048|1|2|QFLAT07|XA04TEX|0|768|0|1|1|0|0|-1312|4736|-1344|4768|111|1399|1
W|5050|1|2|QFLAT07|XA04TEX|45.254833996|768|0|1|1|0|0|-1344|4768|-1408|4800|111|1399|1
W|5051|1|2|QFLAT07|XA04TEX|116.809009276|768|0|1|1|0|0|-1408|4800|-1504|4800|111|1399|1
W|5055|1|2|QFLAT07|XA04TEX|212.809009276|768|0|1|1|0|0|-1504|4800|-1568|4768|111|1399|1
W|5056|1|2|QFLAT07|XA04TEX|284.363184556|768|0|1|1|0|0|-1568|4768|-1632|4768|111|1399|1
W|3780|1|2|QFLAT07|XA04TEX|348.363184556|768|0|1|1|0|0|-1632|4768|-1664|4800|111|1399|1
W|5058|1|2|QFLAT07|XA04TEX|393.618018552|768|0|1|1|0|0|-1664|4800|-1728|4800|111|1399|1
W|5057|1|2|QFLAT07|XA04TEX|457.618018552|768|0|1|1|0|0|-1728|4800|-1792|4768|111|1399|1
W|3802|1|2|QFLAT07|XA04TEX|17.172193832|768|0|1|1|0|0|-1792|4768|-1856|4704|111|1399|1
W|5041|1|2|QFLAT07|XA04TEX|107.681861824|768|0|1|1|0|0|-1856|4704|-1856|4672|111|1399|1
W|5042|1|2|QFLAT07|XA04TEX|139.681861824|768|0|1|1|0|0|-1856|4672|-1792|4640|111|1399|1
W|5043|1|2|QFLAT07|XA04TEX|211.236037104|768|0|1|1|0|0|-1792|4640|-1728|4672|111|1399|1
W|5047|1|2|QFLAT07|XA04TEX|282.790212384|768|0|1|1|0|0|-1728|4672|-1600|4704|111|1399|1
W|5046|1|2|QFLAT07|XA04TEX|414.729592403|768|0|1|1|0|0|-1600|4704|-1568|4672|111|1399|1
W|5053|1|2|QFLAT07|XA04TEX|459.984426399|768|0|1|1|0|0|-1568|4672|-1472|4640|111|1399|1
W|5054|1|2|QFLAT07|XA04TEX|49.177311525|768|0|1|1|0|0|-1472|4640|-1408|4640|111|1399|1
W|5049|1|2|QFLAT07|XA04TEX|113.177311525|768|0|1|1|0|0|-1408|4640|-1312|4736|111|1399|1
W|5024|0|2|QFLAT07|XA04TEX|0|768|0|1|1|0|0|-608|4416|-608|4352|111|1401|1
W|5044|0|2|QFLAT07|XA04TEX|64|768|0|1|1|0|0|-608|4352|-512|4320|111|1401|1
W|5052|0|2|QFLAT07|XA04TEX|165.192885125|768|0|1|1|0|0|-512|4320|-448|4352|111|1401|1
W|5022|0|2|QFLAT07|XA04TEX|236.747060405|768|0|1|1|0|0|-448|4352|-448|4416|111|1401|1
W|5018|0|2|QFLAT07|XA04TEX|300.747060405|768|0|1|1|0|0|-448|4416|-416|4512|111|1401|1
W|3792|0|2|QFLAT07|XA04TEX|401.939945531|768|0|1|1|0|0|-416|4512|-416|4608|111|1401|1
W|5017|0|2|QFLAT07|XA04TEX|497.939945531|768|0|1|1|0|0|-416|4608|-480|4608|111|1401|1
W|3812|0|2|QFLAT07|XA04TEX|49.939945531|768|0|1|1|0|0|-480|4608|-544|4608|111|1401|1
W|5021|0|2|QFLAT07|XA04TEX|113.939945531|768|0|1|1|0|0|-544|4608|-576|4576|111|1401|1
W|5016|0|2|QFLAT07|XA04TEX|159.194779527|768|0|1|1|0|0|-576|4576|-576|4544|111|1401|1
W|5030|0|2|QFLAT07|XA04TEX|191.194779527|768|0|1|1|0|0|-576|4544|-480|4544|111|1401|1
W|5031|0|2|QFLAT07|XA04TEX|287.194779527|768|0|1|1|0|0|-480|4544|-480|4480|111|1401|1
W|5039|0|2|QFLAT07|XA04TEX|351.194779527|768|0|1|1|0|0|-480|4480|-544|4416|111|1401|1
W|5045|0|2|QFLAT07|XA04TEX|441.704447519|768|0|1|1|0|0|-544|4416|-608|4416|111|1401|1
W|5016|1|2|QFLAT07|XA04TEX|0|128|0|1|1|0|0|-576|4544|-576|4576|1401|111|1
W|5021|1|2|QFLAT07|XA04TEX|32|128|0|1|1|0|0|-576|4576|-544|4608|1401|111|1
W|3812|1|2|QFLAT07|XA04TEX|77.254833996|128|0|1|1|0|0|-544|4608|-480|4608|1401|111|1
W|5017|1|2|QFLAT07|XA04TEX|141.254833996|128|0|1|1|0|0|-480|4608|-416|4608|1401|111|1
W|3792|1|2|QFLAT07|XA04TEX|205.254833996|128|0|1|1|0|0|-416|4608|-416|4512|1401|111|1
W|5018|1|2|QFLAT07|XA04TEX|301.254833996|128|0|1|1|0|0|-416|4512|-448|4416|1401|111|1
W|5022|1|2|QFLAT07|XA04TEX|402.447719121|128|0|1|1|0|0|-448|4416|-448|4352|1401|111|1
W|5052|1|2|QFLAT07|XA04TEX|466.447719121|128|0|1|1|0|0|-448|4352|-512|4320|1401|111|1
W|5044|1|2|QFLAT07|XA04TEX|26.001894401|128|0|1|1|0|0|-512|4320|-608|4352|1401|111|1
W|5024|1|2|QFLAT07|XA04TEX|127.194779527|128|0|1|1|0|0|-608|4352|-608|4416|1401|111|1
W|5045|1|2|QFLAT07|XA04TEX|191.194779527|128|0|1|1|0|0|-608|4416|-544|4416|1401|111|1
W|5039|1|2|QFLAT07|XA04TEX|255.194779527|128|0|1|1|0|0|-544|4416|-480|4480|1401|111|1
W|5031|1|2|QFLAT07|XA04TEX|345.704447519|128|0|1|1|0|0|-480|4480|-480|4544|1401|111|1
W|5030|1|2|QFLAT07|XA04TEX|409.704447519|128|0|1|1|0|0|-480|4544|-576|4544|1401|111|1
W|4090|0|2|QFLAT07|XA04TEX|0|128|0|1|1|0|0|-704|3520|-704|3456|430|111|1
W|4083|0|2|QFLAT07|XA04TEX|64|128|0|1|1|0|0|-704|3456|-736|3424|430|111|1
W|4086|0|2|QFLAT07|XA04TEX|109.254833996|128|0|1|1|0|0|-736|3424|-800|3424|430|111|1
W|4091|0|2|QFLAT07|XA04TEX|173.254833996|128|0|1|1|0|0|-800|3424|-896|3456|430|111|1
W|4087|0|2|QFLAT07|XA04TEX|274.447719121|128|0|1|1|0|0|-896|3456|-1024|3456|430|111|1
W|4079|0|2|QFLAT07|XA04TEX|402.447719121|128|0|1|1|0|0|-1024|3456|-1056|3520|430|111|1
W|5005|0|2|QFLAT07|XA04TEX|474.001894401|128|0|1|1|0|0|-1056|3520|-960|3584|430|111|1
W|3810|0|2|QFLAT07|XA04TEX|77.379535216|128|0|1|1|0|0|-960|3584|-832|3520|430|111|1
W|5002|0|2|QFLAT07|XA04TEX|220.487885776|128|0|1|1|0|0|-832|3520|-704|3520|430|111|1
W|5002|1|2|QFLAT07|XA04TEX|0|768|0|1|1|0|0|-704|3520|-832|3520|111|430|1
W|3810|1|2|QFLAT07|XA04TEX|128|768|0|1|1|0|0|-832|3520|-960|3584|111|430|1
W|5005|1|2|QFLAT07|XA04TEX|271.10835056|768|0|1|1|0|0|-960|3584|-1056|3520|111|430|1
W|4079|1|2|QFLAT07|XA04TEX|386.485991375|768|0|1|1|0|0|-1056|3520|-1024|3456|111|430|1
W|4087|1|2|QFLAT07|XA04TEX|458.040166655|768|0|1|1|0|0|-1024|3456|-896|3456|111|430|1
W|4091|1|2|QFLAT07|XA04TEX|74.040166655|768|0|1|1|0|0|-896|3456|-800|3424|111|430|1
W|4086|1|2|QFLAT07|XA04TEX|175.23305178|768|0|1|1|0|0|-800|3424|-736|3424|111|430|1
W|4083|1|2|QFLAT07|XA04TEX|239.23305178|768|0|1|1|0|0|-736|3424|-704|3456|111|430|1
W|4090|1|2|QFLAT07|XA04TEX|284.487885776|768|0|1|1|0|0|-704|3456|-704|3520|111|430|1
W|4082|0|2|QFLAT07|XA04TEX|0|128|0|1|1|0|0|-1952|3552|-1920|3584|428|111|1
W|4088|0|2|QFLAT07|XA04TEX|45.254833996|128|0|1|1|0|0|-1920|3584|-1792|3552|428|111|1
W|4084|0|2|QFLAT07|XA04TEX|177.194214016|128|0|1|1|0|0|-1792|3552|-1600|3584|428|111|1
W|4081|0|2|QFLAT07|XA04TEX|371.842614985|128|0|1|1|0|0|-1600|3584|-1504|3520|428|111|1
W|4068|0|2|QFLAT07|XA04TEX|487.2202558|128|0|1|1|0|0|-1504|3520|-1504|3456|428|111|1
W|4036|0|2|QFLAT07|XA04TEX|39.2202558|128|0|1|1|0|0|-1504|3456|-1600|3424|428|111|1
W|4071|0|2|QFLAT07|XA04TEX|140.413140925|128|0|1|1|0|0|-1600|3424|-1664|3424|428|111|1
W|4103|0|2|QFLAT07|XA04TEX|204.413140925|128|0|1|1|0|0|-1664|3424|-1792|3456|428|111|1
W|5006|0|2|QFLAT07|XA04TEX|336.352520945|128|0|1|1|0|0|-1792|3456|-1888|3456|428|111|1
W|5004|0|2|QFLAT07|XA04TEX|432.352520945|128|0|1|1|0|0|-1888|3456|-1952|3552|428|111|1
W|5004|1|2|QFLAT07|XA04TEX|0|768|0|1|1|0|0|-1952|3552|-1888|3456|111|428|1
W|5006|1|2|QFLAT07|XA04TEX|115.377640815|768|0|1|1|0|0|-1888|3456|-1792|3456|111|428|1
W|4103|1|2|QFLAT07|XA04TEX|211.377640815|768|0|1|1|0|0|-1792|3456|-1664|3424|111|428|1
W|4071|1|2|QFLAT07|XA04TEX|343.317020835|768|0|1|1|0|0|-1664|3424|-1600|3424|111|428|1
W|4036|1|2|QFLAT07|XA04TEX|407.317020835|768|0|1|1|0|0|-1600|3424|-1504|3456|111|428|1
W|4068|1|2|QFLAT07|XA04TEX|508.50990596|768|0|1|1|0|0|-1504|3456|-1504|3520|111|428|1
W|4081|1|2|QFLAT07|XA04TEX|60.50990596|768|0|1|1|0|0|-1504|3520|-1600|3584|111|428|1
W|4084|1|2|QFLAT07|XA04TEX|175.887546775|768|0|1|1|0|0|-1600|3584|-1792|3552|111|428|1
W|4088|1|2|QFLAT07|XA04TEX|370.535947744|768|0|1|1|0|0|-1792|3552|-1920|3584|111|428|1
W|4082|1|2|QFLAT07|XA04TEX|502.475327764|768|0|1|1|0|0|-1920|3584|-1952|3552|111|428|1
W|5008|0|2|QFLAT07|XA04TEX|0|128|0|1|1|0|0|-2048|4544|-1984|4448|427|111|1
W|5003|0|2|QFLAT07|XA04TEX|115.377640815|128|0|1|1|0|0|-1984|4448|-2016|4320|427|111|1
W|5011|0|2|QFLAT07|XA04TEX|247.317020835|128|0|1|1|0|0|-2016|4320|-2080|4224|427|111|1
W|5009|0|2|QFLAT07|XA04TEX|362.694661649|128|0|1|1|0|0|-2080|4224|-2048|4128|427|111|1
W|5007|0|2|QFLAT07|XA04TEX|463.887546775|128|0|1|1|0|0|-2048|4128|-2048|4032|427|111|1
W|5026|0|2|QFLAT07|XA04TEX|47.887546775|128|0|1|1|0|0|-2048|4032|-2080|4000|427|111|1
W|5010|0|2|QFLAT07|XA04TEX|93.142380771|128|0|1|1|0|0|-2080|4000|-2144|4064|427|111|1
W|5001|0|2|QFLAT07|XA04TEX|183.652048763|128|0|1|1|0|0|-2144|4064|-2176|4192|427|111|1
W|5000|0|2|QFLAT07|XA04TEX|315.591428782|128|0|1|1|0|0|-2176|4192|-2144|4256|427|111|1
W|4999|0|2|QFLAT07|XA04TEX|387.145604062|128|0|1|1|0|0|-2144|4256|-2080|4384|427|111|1
W|4998|0|2|QFLAT07|XA04TEX|18.253954622|128|0|1|1|0|0|-2080|4384|-2112|4448|427|111|1
W|5012|0|2|QFLAT07|XA04TEX|89.808129902|128|0|1|1|0|0|-2112|4448|-2048|4544|427|111|1
W|5012|1|2|QFLAT07|XA04TEX|0|768|0|1|1|0|0|-2048|4544|-2112|4448|111|427|1
W|4998|1|2|QFLAT07|XA04TEX|115.377640815|768|0|1|1|0|0|-2112|4448|-2080|4384|111|427|1
W|4999|1|2|QFLAT07|XA04TEX|186.931816095|768|0|1|1|0|0|-2080|4384|-2144|4256|111|427|1
W|5000|1|2|QFLAT07|XA04TEX|330.040166655|768|0|1|1|0|0|-2144|4256|-2176|4192|111|427|1
W|5001|1|2|QFLAT07|XA04TEX|401.594341935|768|0|1|1|0|0|-2176|4192|-2144|4064|111|427|1
W|5010|1|2|QFLAT07|XA04TEX|21.533721955|768|0|1|1|0|0|-2144|4064|-2080|4000|111|427|1
W|5026|1|2|QFLAT07|XA04TEX|112.043389946|768|0|1|1|0|0|-2080|4000|-2048|4032|111|427|1
W|5007|1|2|QFLAT07|XA04TEX|157.298223942|768|0|1|1|0|0|-2048|4032|-2048|4128|111|427|1
W|5009|1|2|QFLAT07|XA04TEX|253.298223942|768|0|1|1|0|0|-2048|4128|-2080|4224|111|427|1
W|5011|1|2|QFLAT07|XA04TEX|354.491109068|768|0|1|1|0|0|-2080|4224|-2016|4320|111|427|1
W|5003|1|2|QFLAT07|XA04TEX|469.868749883|768|0|1|1|0|0|-2016|4320|-1984|4448|111|427|1
W|5008|1|2|QFLAT07|XA04TEX|89.808129902|768|0|1|1|0|0|-1984|4448|-2048|4544|111|427|1
W|5019|0|2|QFLAT07|XA04TEX|0|768|0|1|1|0|0|-480|3936|-448|3968|111|433|1
W|5023|0|2|QFLAT07|XA04TEX|45.254833996|768|0|1|1|0|0|-448|3968|-448|4064|111|433|1
W|5013|0|2|QFLAT07|XA04TEX|141.254833996|768|0|1|1|0|0|-448|4064|-512|4128|111|433|1
W|5020|0|2|QFLAT07|XA04TEX|231.764501988|768|0|1|1|0|0|-512|4128|-544|4192|111|433|1
W|5027|0|2|QFLAT07|XA04TEX|303.318677268|768|0|1|1|0|0|-544|4192|-544|4256|111|433|1
W|5025|0|2|QFLAT07|XA04TEX|367.318677268|768|0|1|1|0|0|-544|4256|-576|4256|111|433|1
W|5028|0|2|QFLAT07|XA04TEX|399.318677268|768|0|1|1|0|0|-576|4256|-608|4192|111|433|1
W|5029|0|2|QFLAT07|XA04TEX|470.872852548|768|0|1|1|0|0|-608|4192|-576|4096|111|433|1
W|5014|0|2|QFLAT07|XA04TEX|60.065737673|768|0|1|1|0|0|-576|4096|-544|4000|111|433|1
W|5015|0|2|QFLAT07|XA04TEX|161.258622799|768|0|1|1|0|0|-544|4000|-480|3936|111|433|1
W|5027|1|2|QFLAT07|XA04TEX|0|128|0|1|1|0|0|-544|4256|-544|4192|433|111|1
W|5020|1|2|QFLAT07|XA04TEX|64|128|0|1|1|0|0|-544|4192|-512|4128|433|111|1
W|5013|1|2|QFLAT07|XA04TEX|135.55417528|128|0|1|1|0|0|-512|4128|-448|4064|433|111|1
W|5023|1|2|QFLAT07|XA04TEX|226.063843272|128|0|1|1|0|0|-448|4064|-448|3968|433|111|1
W|5019|1|2|QFLAT07|XA04TEX|322.063843272|128|0|1|1|0|0|-448|3968|-480|3936|433|111|1
W|5015|1|2|QFLAT07|XA04TEX|367.318677268|128|0|1|1|0|0|-480|3936|-544|4000|433|111|1
W|5014|1|2|QFLAT07|XA04TEX|457.82834526|128|0|1|1|0|0|-544|4000|-576|4096|433|111|1
W|5029|1|2|QFLAT07|XA04TEX|47.021230385|128|0|1|1|0|0|-576|4096|-608|4192|433|111|1
W|5028|1|2|QFLAT07|XA04TEX|148.21411551|128|0|1|1|0|0|-608|4192|-576|4256|433|111|1
W|5025|1|2|QFLAT07|XA04TEX|219.76829079|128|0|1|1|0|0|-576|4256|-544|4256|433|111|1
W|5034|0|2|QFLAT07|XA04TEX|0|128|0|1|1|0|0|-928|4672|-992|4640|1400|111|1
W|5036|0|2|QFLAT07|XA04TEX|71.55417528|128|0|1|1|0|0|-992|4640|-1120|4640|1400|111|1
W|5035|0|2|QFLAT07|XA04TEX|199.55417528|128|0|1|1|0|0|-1120|4640|-1248|4672|1400|111|1
W|5032|0|2|QFLAT07|XA04TEX|331.4935553|128|0|1|1|0|0|-1248|4672|-1312|4704|1400|111|1
W|5040|0|2|QFLAT07|XA04TEX|403.04773058|128|0|1|1|0|0|-1312|4704|-1280|4736|1400|111|1
W|5038|0|2|QFLAT07|XA04TEX|448.302564576|128|0|1|1|0|0|-1280|4736|-1184|4704|1400|111|1
W|5037|0|2|QFLAT07|XA04TEX|37.495449701|128|0|1|1|0|0|-1184|4704|-992|4736|1400|111|1
W|5033|0|2|QFLAT07|XA04TEX|232.143850671|128|0|1|1|0|0|-992|4736|-928|4672|1400|111|1
W|5033|1|2|QFLAT07|XA04TEX|0|768|0|1|1|0|0|-928|4672|-992|4736|111|1400|1
W|5037|1|2|QFLAT07|XA04TEX|90.509667992|768|0|1|1|0|0|-992|4736|-1184|4704|111|1400|1
W|5038|1|2|QFLAT07|XA04TEX|285.158068961|768|0|1|1|0|0|-1184|4704|-1280|4736|111|1400|1
W|5040|1|2|QFLAT07|XA04TEX|386.350954087|768|0|1|1|0|0|-1280|4736|-1312|4704|111|1400|1
W|5032|1|2|QFLAT07|XA04TEX|431.605788083|768|0|1|1|0|0|-1312|4704|-1248|4672|111|1400|1
W|5035|1|2|QFLAT07|XA04TEX|503.159963363|768|0|1|1|0|0|-1248|4672|-1120|4640|111|1400|1
W|5036|1|2|QFLAT07|XA04TEX|123.099343383|768|0|1|1|0|0|-1120|4640|-992|4640|111|1400|1
W|5034|1|2|QFLAT07|XA04TEX|251.099343383|768|0|1|1|0|0|-992|4640|-928|4672|111|1400|1
L|25|0|1|IKWALL44|XB01TEX|114.783837972|768|1|1|1|39.0|-8.0|3904|2496|-4480|2496|8|-1|1
L|33|0|1|IKWALL44|XB01TEX|306.783837972|768|1|1|1|103.0|-8.0|-4480|2496|-4448|8352|8|-1|1
L|465|0|1|IKWALL44|XB01TEX|178.783837972|768|1|1|1|103.0|-8.0|3904|7552|3904|2496|8|-1|1
