H|10588|12437|21449|2275|2786
F|0|0|SNOW3|XA16TEX|0|0|0|0
F|44|1|TEKWALL4|XA09TEX|0|0|0|0
F|47|0|QFLAT07|XA04TEX|0|0|0|0
F|52|1|TEKWALL4|XA09TEX|0|0|0|0
F|53|1|TEKWALL4|XA09TEX|0|0|0|0
F|55|1|TEKWALL4|XA09TEX|0|0|0|0
F|57|1|TEKWALL4|XA09TEX|0|0|0|0
F|59|1|TEKWALL4|XA09TEX|0|0|0|0
F|60|1|TEKWALL4|XA09TEX|0|0|0|0
F|61|1|TEKWALL4|XA09TEX|0|0|0|0
F|64|1|TEKWALL4|XA09TEX|0|0|0|0
F|80|0|ICEY|XA00TEX|0|0|0|0
F|80|1|ICEY|XA00TEX|0|0|0|0
F|82|0|ICEY|XA00TEX|0|0|0|0
F|82|1|ICEY|XA00TEX|0|0|0|0
F|88|0|QFLAT07|XA04TEX|0|0|0|0
F|97|0|QFLAT07|XA04TEX|0|0|0|0
F|97|1|QFLAT07|XA04TEX|0|0|0|0
F|100|0|QFLAT07|XA04TEX|0|0|0|0
F|100|1|QFLAT07|XA04TEX|0|0|0|0
F|103|0|ICEY|XA00TEX|0|0|0|0
F|103|1|ICEY|XA00TEX|0|0|0|0
F|104|0|QFLAT07|XA04TEX|0|0|0|0
F|104|1|QFLAT07|XA04TEX|0|0|0|0
F|107|1|QFLAT07|XA04TEX|0|0|0|0
F|108|1|IKWALL44|XA01TEX|0|0|0|0
F|110|0|QFLAT07|XA04TEX|0|0|0|0
F|110|1|QFLAT07|XA04TEX|0|0|0|0
F|111|1|QFLAT07|XA04TEX|0|0|0|0
F|112|0|QFLAT07|XA04TEX|0|0|0|0
F|112|1|QFLAT07|XA04TEX|0|0|0|0
F|113|0|QFLAT07|XA04TEX|0|0|0|0
F|113|1|QFLAT07|XA04TEX|0|0|0|0
F|114|0|QFLAT07|XA04TEX|0|0|0|0
F|114|1|QFLAT07|XA04TEX|0|0|0|0
F|117|0|QFLAT07|XA04TEX|0|0|0|0
F|117|1|ADEL_B01|XA30TEX|0|0|0|0
F|120|0|QFLAT07|XA04TEX|0|0|0|0
F|121|0|ADEL_B01|XA30TEX|0|0|0|0
F|121|1|ADEL_B01|XA30TEX|0|0|0|0
F|122|0|QFLAT07|XA04TEX|0|0|0|0
F|123|0|ADEL_B01|XA30TEX|0|0|0|0
F|123|1|ADEL_B01|XA30TEX|0|0|0|0
F|124|0|QFLAT07|XA04TEX|0|0|0|0
F|124|1|QFLAT07|XA04TEX|0|0|0|0
F|125|0|QFLAT07|XA04TEX|0|0|0|0
F|125|1|QFLAT07|XA04TEX|0|0|0|0
F|127|0|QFLAT07|XA04TEX|0|0|0|0
F|127|1|QFLAT07|XA04TEX|0|0|0|0
F|128|0|QFLAT07|XA04TEX|0|0|0|0
F|128|1|QFLAT07|XA04TEX|0|0|0|0
F|129|0|QFLAT07|XA04TEX|0|0|0|0
F|130|0|QFLAT07|XA04TEX|0|0|0|0
F|130|1|QFLAT07|XA04TEX|0|0|0|0
F|131|0|QFLAT07|XA04TEX|0|0|0|0
F|131|1|QFLAT07|XA04TEX|0|0|0|0
F|137|0|QFLAT07|XA04TEX|0|0|0|0
F|137|1|QFLAT07|XA04TEX|0|0|0|0
F|140|0|IKWALL44|XA01TEX|0|0|0|0
F|140|1|IKWALL44|XA01TEX|0|0|0|0
F|149|0|QFLAT07|XA04TEX|0|0|0|0
F|149|1|QFLAT07|XA04TEX|0|0|0|0
F|151|0|SNOW3|XA16TEX|0|0|0|0
F|152|0|IKWALL44|XA01TEX|0|0|0|0
F|152|1|IKWALL44|XA01TEX|0|0|0|0
F|153|0|IKWALL44|XA01TEX|0|0|0|0
F|153|1|IKWALL44|XA01TEX|0|0|0|0
F|154|0|QFLAT07|XA04TEX|0|0|0|0
F|154|1|QFLAT07|XA04TEX|0|0|0|0
F|157|0|QFLAT07|XA04TEX|0|0|0|0
F|157|1|ADEL_B01|XA30TEX|0|0|0|0
F|158|0|SNOW3|XA16TEX|0|0|0|0
F|159|0|SNOW3|XA16TEX|0|0|0|0
F|164|0|QFLAT07|XA04TEX|0|0|0|0
F|164|1|QFLAT07|XA04TEX|0|0|0|0
F|165|0|ADEL_B01|XA30TEX|0|0|0|0
F|165|1|ADEL_B01|XA30TEX|0|0|0|0
F|170|0|QFLAT07|XA04TEX|0|0|0|0
F|170|1|IKWALL44|XA01TEX|0|0|0|0
F|214|1|TEKWALL4|XA09TEX|0|0|0|0
F|218|0|SNOW3|XA16TEX|0|0|0|0
F|221|0|ADEL_B01|XA30TEX|0|0|0|0
F|221|1|ADEL_B01|XA30TEX|0|0|0|0
F|222|1|IKWALL44|XA01TEX|0|0|0|0
F|223|1|QROCK3|QROCK3X8|0|0|0|0
F|233|0|QFLAT07|XA04TEX|0|0|0|0
F|233|1|QFLAT07|XA04TEX|0|0|0|0
F|240|1|QROCK3|QROCK3X8|0|0|0|0
F|251|0|QFLAT07|XA04TEX|0|0|0|0
F|251|1|ADEL_B01|XA30TEX|0|0|0|0
F|252|0|ICEY|XA00TEX|0|0|0|0
F|254|0|QFLAT07|XA04TEX|0|0|0|0
F|254|1|QFLAT07|XA04TEX|0|0|0|0
F|256|0|QFLAT07|XA04TEX|0|0|0|0
F|256|1|ADEL_B01|XA30TEX|0|0|0|0
F|259|0|ICEY|XA00TEX|0|0|0|0
F|260|0|ICEY|XA00TEX|0|0|0|0
F|261|0|ICEY|XA00TEX|0|0|0|0
F|262|0|ICEY|XA00TEX|0|0|0|0
F|263|0|ICEY|XA00TEX|0|0|0|0
F|264|0|ICEY|XA00TEX|0|0|0|0
F|265|0|ICEY|XA00TEX|0|0|0|0
F|269|0|ICEY|XA00TEX|0|0|0|0
F|269|1|ICEY|XA00TEX|0|0|0|0
F|271|1|TEKWALL4|XA09TEX|0|0|0|0
F|272|0|QFLAT07|XA04TEX|0|0|0|0
F|273|0|QFLAT07|XA04TEX|0|0|0|0
F|273|1|QROCK3|QROCK3X8|0|0|0|0
F|274|0|QFLAT07|XA04TEX|0|0|0|0
F|277|0|ADEL_B01|XA30TEX|0|0|0|0
F|277|1|ADEL_B01|XA30TEX|0|0|0|0
F|280|0|QFLAT07|XA04TEX|0|0|0|0
F|280|1|ADEL_B01|XA30TEX|0|0|0|0
F|281|1|IKWALL44|XA01TEX|0|0|0|0
F|282|0|QFLAT07|XA04TEX|0|0|0|0
F|282|1|ADEL_B01|XA30TEX|0|0|0|0
F|291|0|ICEY|XA00TEX|0|0|0|0
F|291|1|ICEY|XA00TEX|0|0|0|0
F|292|0|TEKWALL4|XA09TEX|0|0|0|0
F|292|1|TEKWALL4|XA09TEX|0|0|0|0
F|304|0|ADEL_B01|XA30TEX|0|0|0|0
F|304|1|ADEL_B01|XA30TEX|0|0|0|0
F|306|0|QFLAT07|XA04TEX|0|0|0|0
F|307|0|ICEY|XA00TEX|0|0|0|0
F|307|1|ICEY|XA00TEX|0|0|0|0
F|315|0|ADEL_B01|XA30TEX|0|0|0|0
F|315|1|ADEL_B01|XA30TEX|0|0|0|0
F|333|0|ICEY|XA00TEX|0|0|0|0
F|333|1|ICEY|XA00TEX|0|0|0|0
F|335|1|TEKWALL4|XA09TEX|0|0|0|0
F|353|1|TEKWALL4|XA09TEX|0|0|0|0
F|374|0|ICEY|XA00TEX|0|0|0|0
F|374|1|ICEY|XA00TEX|0|0|0|0
F|381|0|ICEY|XA00TEX|0|0|0|0
F|404|0|ICEY|XA00TEX|0|0|0|0
F|404|1|ICEY|XA00TEX|0|0|0|0
F|445|1|TEKWALL4|XA09TEX|0|0|0|0
F|446|0|ADEL_B01|XA30TEX|0|0|0|0
F|446|1|QFLAT07|XA04TEX|0|0|0|0
F|448|1|TEKWALL4|XA09TEX|0|0|0|0
F|449|1|TEKWALL4|XA09TEX|0|0|0|0
F|450|1|TEKWALL4|XA09TEX|0|0|0|0
F|474|0|ICEY|XA00TEX|0|0|0|0
F|474|1|ICEY|XA00TEX|0|0|0|0
F|476|0|TEKWALL4|XA09TEX|0|0|0|0
F|476|1|TEKWALL4|XA09TEX|0|0|0|0
F|482|0|ICEY|XA00TEX|0|0|0|0
F|482|1|ICEY|XA00TEX|0|0|0|0
F|485|0|ADEL_B01|XA30TEX|0|0|0|0
F|485|1|QFLAT07|XA04TEX|0|0|0|0
F|487|0|ADEL_B01|XA30TEX|0|0|0|0
F|487|1|QFLAT07|XA04TEX|0|0|0|0
F|488|0|ADEL_B01|XA30TEX|0|0|0|0
F|488|1|QFLAT07|XA04TEX|0|0|0|0
F|489|0|ADEL_B01|XA30TEX|0|0|0|0
F|489|1|QFLAT07|XA04TEX|0|0|0|0
F|490|0|ADEL_B01|XA30TEX|0|0|0|0
F|490|1|QFLAT07|XA04TEX|0|0|0|0
F|491|0|ADEL_B01|XA30TEX|0|0|0|0
F|491|1|QFLAT07|XA04TEX|0|0|0|0
F|492|0|QFLAT07|XA04TEX|0|0|0|0
F|492|1|QROCK3|QROCK3X8|0|0|0|0
F|493|0|QFLAT07|XA04TEX|0|0|0|0
F|493|1|QFLAT07|XA04TEX|0|0|0|0
F|496|0|IKWALL44|XA01TEX|0|0|0|0
F|496|1|QFLAT07|XA04TEX|0|0|0|0
F|498|0|QFLAT07|XA04TEX|0|0|0|0
F|499|0|QFLAT07|XA04TEX|0|0|0|0
F|500|0|QFLAT07|XA04TEX|0|0|0|0
F|501|0|QFLAT07|XA04TEX|0|0|0|0
F|501|1|QFLAT07|XA04TEX|0|0|0|0
F|502|0|QFLAT07|XA04TEX|0|0|0|0
F|503|0|QFLAT07|XA04TEX|0|0|0|0
F|504|0|QFLAT07|XA04TEX|0|0|0|0
F|504|1|QFLAT07|XA04TEX|0|0|0|0
F|505|0|QFLAT07|XA04TEX|0|0|0|0
F|505|1|QFLAT07|XA04TEX|0|0|0|0
F|506|0|QFLAT07|XA04TEX|0|0|0|0
F|506|1|QFLAT07|XA04TEX|0|0|0|0
F|507|0|QFLAT07|XA04TEX|0|0|0|0
F|507|1|IKWALL44|XA01TEX|0|0|0|0
F|511|1|QFLAT07|XA04TEX|0|0|0|0
F|512|0|QFLAT07|XA04TEX|0|0|0|0
F|513|0|QFLAT07|XA04TEX|0|0|0|0
F|513|1|QFLAT07|XA04TEX|0|0|0|0
F|514|0|QFLAT07|XA04TEX|0|0|0|0
F|514|1|QFLAT07|XA04TEX|0|0|0|0
F|515|0|QFLAT07|XA04TEX|0|0|0|0
F|515|1|QFLAT07|XA04TEX|0|0|0|0
F|516|0|QFLAT07|XA04TEX|0|0|0|0
F|516|1|QFLAT07|XA04TEX|0|0|0|0
F|517|0|QFLAT07|XA04TEX|0|0|0|0
F|517|1|QFLAT07|XA04TEX|0|0|0|0
F|518|0|IKWALL44|XA01TEX|0|0|0|0
F|518|1|QFLAT07|XA04TEX|0|0|0|0
F|519|0|QFLAT07|XA04TEX|0|0|0|0
F|519|1|QFLAT07|XA04TEX|0|0|0|0
F|523|0|QFLAT07|XA04TEX|0|0|0|0
F|523|1|IKWALL44|XA01TEX|0|0|0|0
F|525|0|QFLAT07|XA04TEX|0|0|0|0
F|525|1|IKWALL44|XA01TEX|0|0|0|0
F|526|0|IKWALL44|XA01TEX|0|0|0|0
F|526|1|IKWALL44|XA01TEX|0|0|0|0
F|527|0|IKWALL44|XA01TEX|0|0|0|0
F|527|1|IKWALL44|XA01TEX|0|0|0|0
F|534|0|QFLAT07|XA04TEX|0|0|0|0
F|534|1|IKWALL44|XA01TEX|0|0|0|0
F|550|0|ICEY|XA00TEX|0|0|0|0
F|550|1|ICEY|XA00TEX|0|0|0|0
F|583|0|SNOW3|XA16TEX|0|0|0|0
F|589|0|IKWALL44|XA01TEX|0|0|0|0
F|589|1|IKWALL44|XA01TEX|0|0|0|0
F|591|0|IKWALL44|XA01TEX|0|0|0|0
F|591|1|IKWALL44|XA01TEX|0|0|0|0
F|592|0|IKWALL44|XA01TEX|0|0|0|0
F|592|1|IKWALL44|XA01TEX|0|0|0|0
F|593|0|QFLAT07|XA04TEX|0|0|0|0
F|609|0|QFLAT07|XA04TEX|0|0|0|0
F|622|0|ADEL_B01|XA30TEX|0|0|0|0
F|622|1|QFLAT07|XA04TEX|0|0|0|0
F|623|0|ADEL_B01|XA30TEX|0|0|0|0
F|623|1|QFLAT07|XA04TEX|0|0|0|0
F|624|0|ADEL_B01|XA30TEX|0|0|0|0
F|624|1|QFLAT07|XA04TEX|0|0|0|0
F|625|0|ADEL_B01|XA30TEX|0|0|0|0
F|625|1|QFLAT07|XA04TEX|0|0|0|0
F|626|0|ADEL_B01|XA30TEX|0|0|0|0
F|626|1|QFLAT07|XA04TEX|0|0|0|0
F|627|0|ADEL_B01|XA30TEX|0|0|0|0
F|627|1|QFLAT07|XA04TEX|0|0|0|0
F|628|0|ADEL_B01|XA30TEX|0|0|0|0
F|628|1|QFLAT07|XA04TEX|0|0|0|0
F|629|0|ADEL_B01|XA30TEX|0|0|0|0
F|629|1|QFLAT07|XA04TEX|0|0|0|0
F|640|0|ICEY|XA00TEX|0|0|0|0
F|640|1|ICEY|XA00TEX|0|0|0|0
F|641|0|ICEY|XA00TEX|0|0|0|0
F|641|1|ICEY|XA00TEX|0|0|0|0
F|646|0|ICEY|XA00TEX|0|0|0|0
F|646|1|ICEY|XA00TEX|0|0|0|0
F|671|0|ADEL_B01|XA30TEX|0|0|0|0
F|671|1|QFLAT07|XA04TEX|0|0|0|0
F|673|0|ADEL_B01|XA30TEX|0|0|0|0
F|673|1|QFLAT07|XA04TEX|0|0|0|0
F|674|0|ADEL_B01|XA30TEX|0|0|0|0
F|674|1|QFLAT07|XA04TEX|0|0|0|0
F|675|0|ADEL_B01|XA30TEX|0|0|0|0
F|675|1|QFLAT07|XA04TEX|0|0|0|0
F|676|0|ADEL_B01|XA30TEX|0|0|0|0
F|676|1|QFLAT07|XA04TEX|0|0|0|0
F|677|0|ADEL_B01|XA30TEX|0|0|0|0
F|677|1|QFLAT07|XA04TEX|0|0|0|0
F|678|0|ADEL_B01|XA30TEX|0|0|0|0
F|678|1|QFLAT07|XA04TEX|0|0|0|0
F|679|0|ADEL_B01|XA30TEX|0|0|0|0
F|679|1|QFLAT07|XA04TEX|0|0|0|0
F|680|0|ADEL_B01|XA30TEX|0|0|0|0
F|680|1|QFLAT07|XA04TEX|0|0|0|0
F|681|0|ADEL_B01|XA30TEX|0|0|0|0
F|681|1|ADEL_B01|XA30TEX|0|0|0|0
F|682|0|ADEL_B01|XA30TEX|0|0|0|0
F|682|1|ADEL_B01|XA30TEX|0|0|0|0
F|683|0|ADEL_B01|XA30TEX|0|0|0|0
F|683|1|ADEL_B01|XA30TEX|0|0|0|0
F|684|0|ADEL_B01|XA30TEX|0|0|0|0
F|684|1|ADEL_B01|XA30TEX|0|0|0|0
F|694|0|IKWALL44|XA01TEX|0|0|0|0
F|694|1|IKWALL44|XA01TEX|0|0|0|0
F|712|0|ADEL_B01|XA30TEX|0|0|0|0
F|712|1|ADEL_B01|XA30TEX|0|0|0|0
F|713|0|ADEL_B01|XA30TEX|0|0|0|0
F|713|1|ADEL_B01|XA30TEX|0|0|0|0
F|714|0|ADEL_B01|XA30TEX|0|0|0|0
F|714|1|ADEL_B01|XA30TEX|0|0|0|0
F|715|0|ADEL_B01|XA30TEX|0|0|0|0
F|715|1|ADEL_B01|XA30TEX|0|0|0|0
F|716|0|ADEL_B01|XA30TEX|0|0|0|0
F|716|1|ADEL_B01|XA30TEX|0|0|0|0
F|717|0|ADEL_B01|XA30TEX|0|0|0|0
F|717|1|ADEL_B01|XA30TEX|0|0|0|0
F|718|0|ADEL_B01|XA30TEX|0|0|0|0
F|718|1|ADEL_B01|XA30TEX|0|0|0|0
F|719|0|ADEL_B01|XA30TEX|0|0|0|0
F|719|1|ADEL_B01|XA30TEX|0|0|0|0
F|720|0|ADEL_B01|XA30TEX|0|0|0|0
F|720|1|ADEL_B01|XA30TEX|0|0|0|0
F|721|0|ADEL_B01|XA30TEX|0|0|0|0
F|721|1|ADEL_B01|XA30TEX|0|0|0|0
F|727|0|IKWALL44|XA01TEX|0|0|0|0
F|732|0|QFLAT07|XA04TEX|0|0|0|0
F|732|1|IKWALL44|XA01TEX|0|0|0|0
F|749|0|QFLAT07|XA04TEX|0|0|0|0
F|749|1|IKWALL44|XA01TEX|0|0|0|0
F|751|0|QFLAT07|XA04TEX|0|0|0|0
F|753|0|QFLAT07|XA04TEX|0|0|0|0
F|754|0|QFLAT07|XA04TEX|0|0|0|0
F|755|0|QFLAT07|XA04TEX|0|0|0|0
F|756|0|QFLAT07|XA04TEX|0|0|0|0
F|756|1|QFLAT07|XA04TEX|0|0|0|0
F|757|0|QFLAT07|XA04TEX|0|0|0|0
F|757|1|QFLAT07|XA04TEX|0|0|0|0
F|758|0|QFLAT07|XA04TEX|0|0|0|0
F|759|1|QFLAT07|XA04TEX|0|0|0|0
F|762|0|QFLAT07|XA04TEX|0|0|0|0
F|763|0|QFLAT07|XA04TEX|0|0|0|0
F|764|0|QFLAT07|XA04TEX|0|0|0|0
F|765|0|QFLAT07|XA04TEX|0|0|0|0
F|766|0|QFLAT07|XA04TEX|0|0|0|0
F|767|0|QFLAT07|XA04TEX|0|0|0|0
F|769|0|QFLAT07|XA04TEX|0|0|0|0
F|770|0|QFLAT07|XA04TEX|0|0|0|0
F|774|0|QFLAT07|XA04TEX|0|0|0|0
F|774|1|QFLAT07|XA04TEX|0|0|0|0
F|775|0|QFLAT07|XA04TEX|0|0|0|0
F|776|0|QFLAT07|XA04TEX|0|0|0|0
F|780|0|QFLAT07|XA04TEX|0|0|0|0
F|782|0|QFLAT07|XA04TEX|0|0|0|0
F|783|0|QFLAT07|XA04TEX|0|0|0|0
F|784|0|QFLAT07|XA04TEX|0|0|0|0
F|786|0|QFLAT07|XA04TEX|0|0|0|0
F|788|0|QFLAT07|XA04TEX|0|0|0|0
F|788|1|QFLAT07|XA04TEX|0|0|0|0
F|791|0|QFLAT07|XA04TEX|0|0|0|0
F|792|0|QFLAT07|XA04TEX|0|0|0|0
F|793|0|QFLAT07|XA04TEX|0|0|0|0
F|794|0|QFLAT07|XA04TEX|0|0|0|0
F|795|0|QFLAT07|XA04TEX|0|0|0|0
F|797|0|QFLAT07|XA04TEX|0|0|0|0
F|800|0|QFLAT07|XA04TEX|0|0|0|0
F|801|0|QFLAT07|XA04TEX|0|0|0|0
F|802|0|QFLAT07|XA04TEX|0|0|0|0
F|803|0|QFLAT07|XA04TEX|0|0|0|0
F|804|0|QFLAT07|XA04TEX|0|0|0|0
F|805|0|QFLAT07|XA04TEX|0|0|0|0
F|807|0|QFLAT07|XA04TEX|0|0|0|0
F|808|0|QFLAT07|XA04TEX|0|0|0|0
F|809|0|QFLAT07|XA04TEX|0|0|0|0
F|819|0|QFLAT07|XA04TEX|0|0|0|0
F|837|0|QFLAT07|XA04TEX|0|0|0|0
F|839|0|QROCK3|QROCK3X8|0|0|0|0
F|839|1|QROCK3|QROCK3X8|0|0|0|0
F|842|1|QFLAT07|XA04TEX|0|0|0|0
F|869|0|QFLAT07|XA04TEX|0|0|0|0
F|873|0|QFLAT07|XA04TEX|0|0|0|0
F|890|0|QFLAT07|XA04TEX|0|0|0|0
F|913|0|QFLAT07|XA04TEX|0|0|0|0
F|914|0|QFLAT07|XA04TEX|0|0|0|0
F|917|0|QFLAT07|XA04TEX|0|0|0|0
F|924|0|QFLAT07|XA04TEX|0|0|0|0
F|925|0|QFLAT07|XA04TEX|0|0|0|0
F|926|0|QFLAT07|XA04TEX|0|0|0|0
F|927|0|QFLAT07|XA04TEX|0|0|0|0
F|928|0|QFLAT07|XA04TEX|0|0|0|0
F|929|0|QFLAT07|XA04TEX|0|0|0|0
F|1001|0|QROCK3|QROCK3X8|0|0|0|0
F|1001|1|QROCK3|QROCK3X8|0|0|0|0
F|1005|0|QROCK3|QROCK3X8|0|0|0|0
F|1005|1|QROCK3|QROCK3X8|0|0|0|0
F|1010|0|QROCK3|QROCK3X8|0|0|0|0
F|1010|1|QROCK3|QROCK3X8|0|0|0|0
F|1018|1|TEKWALL4|XA09TEX|0|0|0|0
F|1020|1|TEKWALL4|XA09TEX|0|0|0|0
F|1061|0|QFLAT07|XA04TEX|0|0|0|0
F|1090|0|QFLAT07|XA04TEX|0|0|0|0
F|1100|0|QFLAT07|XA04TEX|0|0|0|0
F|1101|0|QFLAT07|XA04TEX|0|0|0|0
F|1283|0|QFLAT07|XA04TEX|0|0|0|0
F|1325|0|QFLAT07|XA04TEX|0|0|0|0
F|1359|0|QFLAT07|XA04TEX|0|0|0|0
F|1359|1|QFLAT07|XA04TEX|0|0|0|0
F|1360|0|QFLAT07|XA04TEX|0|0|0|0
F|1360|1|ADEL_B01|XA30TEX|0|0|0|0
F|1361|0|QFLAT07|XA04TEX|0|0|0|0
F|1362|0|QFLAT07|XA04TEX|0|0|0|0
F|1362|1|ADEL_B01|XA30TEX|0|0|0|0
F|1363|0|QFLAT07|XA04TEX|0|0|0|0
F|1364|0|QFLAT07|XA04TEX|0|0|0|0
F|1364|1|ADEL_B01|XA30TEX|0|0|0|0
F|1365|0|QFLAT07|XA04TEX|0|0|0|0
F|1366|0|QFLAT07|XA04TEX|0|0|0|0
F|1366|1|ADEL_B01|XA30TEX|0|0|0|0
F|1367|0|QFLAT07|XA04TEX|0|0|0|0
F|1368|0|QFLAT07|XA04TEX|0|0|0|0
F|1368|1|ADEL_B01|XA30TEX|0|0|0|0
F|1369|0|QFLAT07|XA04TEX|0|0|0|0
F|1370|0|QFLAT07|XA04TEX|0|0|0|0
F|1370|1|ADEL_B01|XA30TEX|0|0|0|0
F|1371|0|QFLAT07|XA04TEX|0|0|0|0
F|1371|1|ADEL_B01|XA30TEX|0|0|0|0
F|1373|1|QFLAT07|XA04TEX|0|0|0|0
F|1377|1|ADEL_B01|XA30TEX|0|0|0|0
F|1378|1|ADEL_B01|XA30TEX|0|0|0|0
F|1379|1|ADEL_B01|XA30TEX|0|0|0|0
F|1380|1|ADEL_B01|XA30TEX|0|0|0|0
F|1381|1|ADEL_B01|XA30TEX|0|0|0|0
F|1382|1|ADEL_B01|XA30TEX|0|0|0|0
F|1383|1|ADEL_B01|XA30TEX|0|0|0|0
F|1386|1|ADEL_B01|XA30TEX|0|0|0|0
F|1387|1|ADEL_B01|XA30TEX|0|0|0|0
F|1390|1|ADEL_B01|XA30TEX|0|0|0|0
F|1391|1|ADEL_B01|XA30TEX|0|0|0|0
F|1394|1|ADEL_B01|XA30TEX|0|0|0|0
F|1395|1|ADEL_B01|XA30TEX|0|0|0|0
F|1397|0|ADEL_B01|XA30TEX|0|0|0|0
F|1397|1|ADEL_B01|XA30TEX|0|0|0|0
F|1420|0|ADEL_B01|XA30TEX|0|0|0|0
F|1420|1|ADEL_B01|XA30TEX|0|0|0|0
F|1429|1|ADEL_B01|XA30TEX|0|0|0|0
F|1430|1|ADEL_B01|XA30TEX|0|0|0|0
F|1431|1|ADEL_B01|XA30TEX|0|0|0|0
F|1432|1|ADEL_B01|XA30TEX|0|0|0|0
F|1433|1|ADEL_B01|XA30TEX|0|0|0|0
F|1434|1|ADEL_B01|XA30TEX|0|0|0|0
F|1435|0|ADEL_B01|XA30TEX|0|0|0|0
F|1435|1|ADEL_B01|XA30TEX|0|0|0|0
F|1436|0|ADEL_B01|XA30TEX|0|0|0|0
F|1436|1|ADEL_B01|XA30TEX|0|0|0|0
F|1541|0|IKWALL44|XA01TEX|0|0|0|0
F|1541|1|IKWALL44|XA01TEX|0|0|0|0
F|1543|0|IKWALL44|XA01TEX|0|0|0|0
F|1543|1|IKWALL44|XA01TEX|0|0|0|0
F|1545|0|IKWALL44|XA01TEX|0|0|0|0
F|1545|1|IKWALL44|XA01TEX|0|0|0|0
F|1546|0|IKWALL44|XA01TEX|0|0|0|0
F|1546|1|IKWALL44|XA01TEX|0|0|0|0
F|1547|0|IKWALL44|XA01TEX|0|0|0|0
F|1547|1|IKWALL44|XA01TEX|0|0|0|0
F|1548|0|IKWALL44|XA01TEX|0|0|0|0
F|1548|1|IKWALL44|XA01TEX|0|0|0|0
F|1551|0|IKWALL44|XA01TEX|0|0|0|0
F|1551|1|IKWALL44|XA01TEX|0|0|0|0
F|1553|0|IKWALL44|XA01TEX|0|0|0|0
F|1553|1|IKWALL44|XA01TEX|0|0|0|0
F|1554|0|IKWALL44|XA01TEX|0|0|0|0
F|1554|1|IKWALL44|XA01TEX|0|0|0|0
F|1555|0|IKWALL44|XA01TEX|0|0|0|0
F|1555|1|IKWALL44|XA01TEX|0|0|0|0
F|1592|0|QFLAT07|XA04TEX|0|0|0|0
F|1593|0|QFLAT07|XA04TEX|0|0|0|0
F|1594|0|QFLAT07|XA04TEX|0|0|0|0
F|1595|0|QFLAT07|XA04TEX|0|0|0|0
F|1596|0|QFLAT07|XA04TEX|0|0|0|0
F|1597|0|QFLAT07|XA04TEX|0|0|0|0
F|1598|0|QFLAT07|XA04TEX|0|0|0|0
F|1599|0|QFLAT07|XA04TEX|0|0|0|0
F|1600|0|QFLAT07|XA04TEX|0|0|0|0
F|1601|0|QFLAT07|XA04TEX|0|0|0|0
F|1670|1|QROCK3|QROCK3X8|0|0|0|0
F|1672|1|QROCK3|QROCK3X8|0|0|0|0
F|1673|1|QROCK3|QROCK3X8|0|0|0|0
F|1674|1|QROCK3|QROCK3X8|0|0|0|0
F|1685|0|TEKWALL4|XA09TEX|0|0|0|0
F|1685|1|TEKWALL4|XA09TEX|0|0|0|0
F|1689|0|TEKWALL4|XA09TEX|0|0|0|0
F|1689|1|TEKWALL4|XA09TEX|0|0|0|0
F|1690|0|TEKWALL4|XA09TEX|0|0|0|0
F|1690|1|TEKWALL4|XA09TEX|0|0|0|0
F|1691|0|TEKWALL4|XA09TEX|0|0|0|0
F|1691|1|TEKWALL4|XA09TEX|0|0|0|0
F|1692|0|TEKWALL4|XA09TEX|0|0|0|0
F|1692|1|TEKWALL4|XA09TEX|0|0|0|0
F|1699|0|SNOW3|XA16TEX|0|0|0|0
F|1699|1|SNOW3|XA16TEX|0|0|0|0
F|1702|0|SNOW3|XA16TEX|0|0|0|0
F|1703|0|SNOW3|XA16TEX|0|0|0|0
F|1704|0|SNOW3|XA16TEX|0|0|0|0
F|1710|0|SNOW3|XA16TEX|0|0|0|0
F|1792|0|SNOW3|XA16TEX|0|0|0|0
F|1793|0|SNOW3|XA16TEX|0|0|0|0
F|1794|0|SNOW3|XA16TEX|0|0|0|0
F|1795|0|SNOW3|XA16TEX|0|0|0|0
F|1796|0|SNOW3|XA16TEX|0|0|0|0
F|1797|0|SNOW3|XA16TEX|0|0|0|0
F|1798|0|SNOW3|XA16TEX|0|0|0|0
F|1895|1|TEKWALL4|XA09TEX|0|0|0|0
F|1898|1|TEKWALL4|XA09TEX|0|0|0|0
F|1906|1|TEKWALL4|XA09TEX|0|0|0|0
F|1916|1|TEKWALL4|XA09TEX|0|0|0|0
F|1922|1|TEKWALL4|XA09TEX|0|0|0|0
F|1952|1|TEKWALL4|XA09TEX|0|0|0|0
F|1953|1|TEKWALL4|XA09TEX|0|0|0|0
F|1954|1|TEKWALL4|XA09TEX|0|0|0|0
F|1955|1|TEKWALL4|XA09TEX|0|0|0|0
F|1993|0|SNOW3|XA16TEX|0|0|0|0
F|1998|0|SNOW3|XA16TEX|0|0|0|0
F|1999|0|SNOW3|XA16TEX|0|0|0|0
F|2000|0|SNOW3|XA16TEX|0|0|0|0
F|2001|0|SNOW3|XA16TEX|0|0|0|0
F|2002|0|SNOW3|XA16TEX|0|0|0|0
F|2003|0|SNOW3|XA16TEX|0|0|0|0
F|2004|0|SNOW3|XA16TEX|0|0|0|0
F|2005|0|SNOW3|XA16TEX|0|0|0|0
F|2006|0|SNOW3|XA16TEX|0|0|0|0
F|2007|0|SNOW3|XA16TEX|0|0|0|0
F|2008|0|SNOW3|XA16TEX|0|0|0|0
F|2009|0|SNOW3|XA16TEX|0|0|0|0
F|2010|0|SNOW3|XA16TEX|0|0|0|0
F|2011|0|SNOW3|XA16TEX|0|0|0|0
F|2031|0|ICEY|XA00TEX|0|0|0|0
F|2042|0|ICEY|XA00TEX|0|0|0|0
F|2047|0|ICEY|XA00TEX|0|0|0|0
F|2066|0|ICEY|XA00TEX|0|0|0|0
F|2085|0|SNOW3|XA16TEX|0|0|0|0
F|2086|0|SNOW3|XA16TEX|0|0|0|0
F|2087|0|SNOW3|XA16TEX|0|0|0|0
F|2088|0|SNOW3|XA16TEX|0|0|0|0
F|2089|0|SNOW3|XA16TEX|0|0|0|0
F|2090|0|SNOW3|XA16TEX|0|0|0|0
F|2091|0|SNOW3|XA16TEX|0|0|0|0
F|2267|0|SNOW3|XA16TEX|0|0|0|0
F|2267|1|SNOW3|XA16TEX|0|0|0|0
F|2268|0|ICEY|XA00TEX|0|0|0|0
P|188|1|0|ADEL_B01|XA30TEX|0|0|0|1|1|0|0|8200|-7624|8200|-7544|501|157|1
P|269|0|1|ADEL_B01|XA30TEX|-23|0|0|1|1|-23|0|13280|-4528|13296|-4512|165|-1|1
P|273|0|1|ADEL_B01|XA30TEX|127|0|0|1|1|127|0|5777|-7209|5768|-7216|221|-1|1
P|312|0|1|ADEL_B01|XA30TEX|32|0|0|1|1|32|0|12784|-4512|12800|-4528|277|-1|1
P|398|0|1|ADEL_B01|XA30TEX|-9|0|0|1|1|-9|0|6256|-7216|6304|-7272|123|-1|1
P|444|0|1|ADEL_B01|XA30TEX|-48|0|0|1|1|-48|0|8288|-7312|8272|-7312|117|-1|1
P|922|0|2|ADEL_B01|XA30TEX|0|0|0|1|1|0|-8|8168|-7648|8152|-7648|488|501|1
P|922|1|2|ADEL_B01|XA30TEX|40|0|0|1|1|40|-8|8152|-7648|8168|-7648|501|488|1
P|956|0|1|ADEL_B01|XA30TEX|0|0|0|1|1|0|0|13296|-4512|13328|-4512|165|-1|1
P|1052|1|0|ADEL_B01|XA30TEX|0|0|0|1|1|0|0|8200|-7544|8120|-7544|501|157|1
P|1053|1|0|ADEL_B01|XA30TEX|0|0|0|1|1|0|0|7880|-7480|7800|-7480|493|251|1
P|1056|0|1|ADEL_B01|XA30TEX|97|0|0|1|1|97|0|5720|-7144|5740|-7128|221|-1|1
P|1155|0|1|ADEL_B01|XA30TEX|-38|0|0|1|1|-38|0|6232|-7232|6256|-7216|123|-1|1
P|1164|0|2|ADEL_B01|XA30TEX|0|0|0|1|1|0|-8|8136|-7128|8128|-7128|671|501|1
P|1164|1|2|ADEL_B01|XA30TEX|24|0|0|1|1|24|-8|8128|-7128|8136|-7128|501|671|1
P|1166|0|2|ADEL_B01|XA30TEX|0|0|0|1|1|0|-8|7792|-7192|7808|-7192|627|493|1
P|1166|1|2|ADEL_B01|XA30TEX|0|0|0|1|1|0|-8|7808|-7192|7792|-7192|493|627|1
P|1169|1|0|ADEL_B01|XA30TEX|-8|0|0|1|1|-8|0|8888|-7216|9032|-7216|1374|1420|1
P|1169|1|2|ADEL_B01|XA30TEX|-8|0|0|1|1|-8|0|8888|-7216|9032|-7216|1374|1420|1
P|1171|0|2|ADEL_B01|XA30TEX|0|0|0|1|1|0|-8|7720|-7264|7720|-7272|489|493|1
P|1171|1|2|ADEL_B01|XA30TEX|40|0|0|1|1|40|-8|7720|-7272|7720|-7264|493|489|1
P|1173|0|2|ADEL_B01|XA30TEX|0|0|0|1|1|0|-8|7728|-7280|7712|-7280|489|493|1
P|1173|1|2|ADEL_B01|XA30TEX|8|0|0|1|1|8|-8|7712|-7280|7728|-7280|493|489|1
P|1180|0|2|ADEL_B01|XA30TEX|0|0|0|1|1|0|-8|7792|-7200|7792|-7192|627|493|1
P|1180|1|2|ADEL_B01|XA30TEX|16|0|0|1|1|16|-8|7792|-7192|7792|-7200|493|627|1
P|1181|0|2|ADEL_B01|XA30TEX|0|0|0|1|1|0|-8|7728|-7272|7728|-7280|489|493|1
P|1181|1|2|ADEL_B01|XA30TEX|24|0|0|1|1|24|-8|7728|-7280|7728|-7272|493|489|1
P|1183|0|1|ADEL_B01|XA30TEX|-55|0|0|1|1|-55|0|12736|-4560|12736|-4528|277|-1|1
P|1193|0|2|ADEL_B01|XA30TEX|0|0|0|1|1|0|-8|7720|-7232|7712|-7232|490|493|1
P|1193|1|2|ADEL_B01|XA30TEX|-56|0|0|1|1|-56|-8|7712|-7232|7720|-7232|493|490|1
P|1196|0|2|ADEL_B01|XA30TEX|0|0|0|1|1|0|-8|7696|-7264|7696|-7248|628|493|1
P|1196|1|2|ADEL_B01|XA30TEX|16|0|0|1|1|16|-8|7696|-7248|7696|-7264|493|628|1
P|1209|0|1|ADEL_B01|XA30TEX|-32|0|0|1|1|-32|0|8272|-7312|8272|-7328|507|-1|1
P|1220|0|1|ADEL_B01|XA30TEX|0|0|0|1|1|0|48|9032|-7208|9032|-7216|1420|-1|1
P|1236|0|2|ADEL_B01|XA30TEX|0|0|0|1|1|0|-8|8152|-7664|8144|-7664|488|501|1
P|1236|1|2|ADEL_B01|XA30TEX|-16|0|0|1|1|-16|-8|8144|-7664|8152|-7664|501|488|1
P|1239|0|2|ADEL_B01|XA30TEX|0|0|0|1|1|0|-8|8208|-7208|8208|-7192|629|501|1
P|1239|1|2|ADEL_B01|XA30TEX|-24|0|0|1|1|-24|-8|8208|-7192|8208|-7208|501|629|1
P|1241|0|1|ADEL_B01|XA30TEX|32|0|0|1|1|32|0|13328|-4512|13344|-4528|165|-1|1
P|1249|0|2|ADEL_B01|XA30TEX|0|0|0|1|1|0|-8|7712|-7264|7720|-7264|489|493|1
P|1249|1|2|ADEL_B01|XA30TEX|48|0|0|1|1|48|-8|7720|-7264|7712|-7264|493|489|1
P|1251|0|2|ADEL_B01|XA30TEX|0|0|0|1|1|0|-8|8136|-7120|8136|-7128|671|501|1
P|1251|1|2|ADEL_B01|XA30TEX|32|0|0|1|1|32|-8|8136|-7128|8136|-7120|501|671|1
P|1265|0|2|ADEL_B01|XA30TEX|0|0|0|1|1|0|-8|8216|-7208|8208|-7208|629|501|1
P|1265|1|2|ADEL_B01|XA30TEX|-8|0|0|1|1|-8|-8|8208|-7208|8216|-7208|501|629|1
P|1399|0|2|ADEL_B01|XA30TEX|0|0|0|1|1|0|-8|7712|-7280|7712|-7264|489|493|1
P|1399|1|2|ADEL_B01|XA30TEX|56|0|0|1|1|56|-8|7712|-7264|7712|-7280|493|489|1
P|1446|0|2|ADEL_B01|XA30TEX|0|0|0|1|1|0|-8|7720|-7272|7728|-7272|489|493|1
P|1446|1|2|ADEL_B01|XA30TEX|32|0|0|1|1|32|-8|7728|-7272|7720|-7272|493|489|1
P|1492|0|2|ADEL_B01|XA30TEX|0|0|0|1|1|0|-8|8216|-7192|8216|-7208|629|501|1
P|1492|1|2|ADEL_B01|XA30TEX|0|0|0|1|1|0|-8|8216|-7208|8216|-7192|501|629|1
P|1671|0|2|ADEL_B01|XA30TEX|0|0|0|1|1|0|-8|8144|-7664|8144|-7640|488|501|1
P|1671|1|2|ADEL_B01|XA30TEX|-40|0|0|1|1|-40|-8|8144|-7640|8144|-7664|501|488|1
P|1674|0|2|ADEL_B01|XA30TEX|0|0|0|1|1|0|-8|8152|-7648|8152|-7664|488|501|1
P|1674|1|2|ADEL_B01|XA30TEX|24|0|0|1|1|24|-8|8152|-7664|8152|-7648|501|488|1
P|1739|0|2|ADEL_B01|XA30TEX|0|0|0|1|1|0|-8|7720|-7216|7720|-7232|490|493|1
P|1739|1|2|ADEL_B01|XA30TEX|-48|0|0|1|1|-48|-8|7720|-7232|7720|-7216|493|490|1
P|1740|0|2|ADEL_B01|XA30TEX|0|0|0|1|1|0|-8|7712|-7216|7720|-7216|490|493|1
P|1740|1|2|ADEL_B01|XA30TEX|-32|0|0|1|1|-32|-8|7720|-7216|7712|-7216|493|490|1
P|1741|0|2|ADEL_B01|XA30TEX|0|0|0|1|1|0|-8|7712|-7232|7712|-7216|490|493|1
P|1741|1|2|ADEL_B01|XA30TEX|-24|0|0|1|1|-24|-8|7712|-7216|7712|-7232|493|490|1
P|1746|0|2|ADEL_B01|XA30TEX|24|0|0|1|1|24|-8|7752|-7200|7752|-7192|625|491|1
P|1746|1|2|ADEL_B01|XA30TEX|0|0|0|1|1|0|-8|7752|-7192|7752|-7200|491|625|1
P|1747|0|2|ADEL_B01|XA30TEX|0|0|0|1|1|0|-8|7752|-7192|7768|-7192|625|493|1
P|1747|1|2|ADEL_B01|XA30TEX|48|0|0|1|1|48|-8|7768|-7192|7752|-7192|493|625|1
P|1748|0|2|ADEL_B01|XA30TEX|0|0|0|1|1|0|-8|7752|-7200|7736|-7200|491|493|1
P|1748|1|2|ADEL_B01|XA30TEX|8|0|0|1|1|8|-8|7736|-7200|7752|-7200|493|491|1
P|1751|0|2|ADEL_B01|XA30TEX|0|0|0|1|1|0|-8|7736|-7192|7736|-7200|622|491|1
P|1751|1|2|ADEL_B01|XA30TEX|8|0|0|1|1|8|-8|7736|-7200|7736|-7192|491|622|1
P|1757|0|2|ADEL_B01|XA30TEX|0|0|0|1|1|0|-8|7736|-7200|7720|-7200|622|493|1
P|1757|1|2|ADEL_B01|XA30TEX|56|0|0|1|1|56|-8|7720|-7200|7736|-7200|493|622|1
P|1758|0|2|ADEL_B01|XA30TEX|0|0|0|1|1|0|-8|7736|-7192|7752|-7192|491|493|1
P|1758|1|2|ADEL_B01|XA30TEX|0|0|0|1|1|0|-8|7752|-7192|7736|-7192|493|491|1
P|1759|0|2|ADEL_B01|XA30TEX|56|0|0|1|1|56|-8|7720|-7200|7720|-7192|622|626|1
P|1759|1|2|ADEL_B01|XA30TEX|0|0|0|1|1|0|-8|7720|-7192|7720|-7200|626|622|1
P|1760|0|2|ADEL_B01|XA30TEX|0|0|0|1|1|0|-8|7720|-7192|7736|-7192|622|493|1
P|1760|1|2|ADEL_B01|XA30TEX|16|0|0|1|1|16|-8|7736|-7192|7720|-7192|493|622|1
P|1766|0|1|ADEL_B01|XA30TEX|10|0|0|1|1|10|0|5768|-7216|5720|-7144|221|-1|1
P|1767|0|2|ADEL_B01|XA30TEX|0|0|0|1|1|0|-8|8216|-7152|8216|-7168|674|501|1
P|1767|1|2|ADEL_B01|XA30TEX|48|0|0|1|1|48|-8|8216|-7168|8216|-7152|501|674|1
P|1928|0|1|ADEL_B01|XA30TEX|55|0|0|1|1|55|0|12800|-4528|12800|-4560|277|-1|1
P|2032|0|1|ADEL_B01|XA30TEX|-23|0|0|1|1|-23|0|12736|-4528|12752|-4512|277|-1|1
P|2075|0|1|ADEL_B01|XA30TEX|55|0|0|1|1|55|0|13344|-4528|13344|-4560|165|-1|1
P|2078|0|1|ADEL_B01|XA30TEX|0|0|0|1|1|0|0|12752|-4512|12784|-4512|277|-1|1
P|2082|0|1|ADEL_B01|XA30TEX|-55|0|0|1|1|-55|0|13280|-4560|13280|-4528|165|-1|1
P|2092|0|2|ADEL_B01|XA30TEX|0|0|0|1|1|0|-8|8208|-7152|8208|-7136|676|501|1
P|2092|1|2|ADEL_B01|XA30TEX|8|0|0|1|1|8|-8|8208|-7136|8208|-7152|501|676|1
P|2096|0|2|ADEL_B01|XA30TEX|0|0|0|1|1|0|-8|8216|-7136|8208|-7136|675|676|1
P|2096|1|2|ADEL_B01|XA30TEX|8|0|0|1|1|8|-8|8208|-7136|8216|-7136|676|675|1
P|2099|0|2|ADEL_B01|XA30TEX|0|0|0|1|1|0|-8|8208|-7136|8208|-7120|675|501|1
P|2099|1|2|ADEL_B01|XA30TEX|56|0|0|1|1|56|-8|8208|-7120|8208|-7136|501|675|1
P|2104|0|2|ADEL_B01|XA30TEX|0|0|0|1|1|0|-8|8216|-7136|8216|-7152|676|501|1
P|2104|1|2|ADEL_B01|XA30TEX|0|0|0|1|1|0|-8|8216|-7152|8216|-7136|501|676|1
P|2111|0|2|ADEL_B01|XA30TEX|0|0|0|1|1|0|-8|7720|-7200|7704|-7200|626|493|1
P|2111|1|2|ADEL_B01|XA30TEX|40|0|0|1|1|40|-8|7704|-7200|7720|-7200|493|626|1
P|2177|0|1|ADEL_B01|XA30TEX|32|0|0|1|1|32|0|13296|-5024|13280|-5008|304|-1|1
P|2178|0|1|ADEL_B01|XA30TEX|0|0|0|1|1|0|0|13328|-5024|13296|-5024|304|-1|1
P|2180|0|1|ADEL_B01|XA30TEX|-23|0|0|1|1|-23|0|13344|-5008|13328|-5024|304|-1|1
P|2182|0|1|ADEL_B01|XA30TEX|-55|0|0|1|1|-55|0|13344|-4976|13344|-5008|304|-1|1
P|2183|0|1|ADEL_B01|XA30TEX|55|0|0|1|1|55|0|13280|-5008|13280|-4976|304|-1|1
P|2195|0|1|ADEL_B01|XA30TEX|32|0|0|1|1|32|0|12752|-5024|12736|-5008|315|-1|1
P|2224|0|2|ADEL_B01|XA30TEX|56|0|0|1|1|56|-8|8208|-7120|8216|-7120|675|677|1
P|2224|1|2|ADEL_B01|XA30TEX|0|0|0|1|1|0|-8|8216|-7120|8208|-7120|677|675|1
P|2423|0|2|ADEL_B01|XA30TEX|0|0|0|1|1|0|-8|7704|-7216|7696|-7216|626|623|1
P|2423|1|2|ADEL_B01|XA30TEX|-16|0|0|1|1|-16|-8|7696|-7216|7704|-7216|623|626|1
P|2425|0|2|ADEL_B01|XA30TEX|0|0|0|1|1|0|-8|7696|-7216|7696|-7192|626|493|1
P|2425|1|2|ADEL_B01|XA30TEX|-40|0|0|1|1|-40|-8|7696|-7192|7696|-7216|493|626|1
P|2600|0|1|ADEL_B01|XA30TEX|0|0|0|1|1|0|0|8272|-7248|8288|-7248|117|-1|1
P|2602|0|0|ADEL_B01|XA30TEX|-32|0|0|1|1|-32|0|8272|-7248|8272|-7312|507|117|1
P|2602|0|2|ADEL_B01|XA30TEX|-32|0|0|1|1|-32|0|8272|-7248|8272|-7312|507|117|1
P|2603|0|1|ADEL_B01|XA30TEX|-56|0|0|1|1|-56|0|8320|-7184|8288|-7200|507|-1|1
P|2606|0|1|ADEL_B01|XA30TEX|-16|0|0|1|1|-16|0|8288|-7536|8272|-7536|121|-1|1
P|2609|0|1|ADEL_B01|XA30TEX|0|0|0|1|1|0|0|8272|-7536|8272|-7552|507|-1|1
P|2614|0|1|ADEL_B01|XA30TEX|-32|0|0|1|1|-32|0|8272|-7472|8288|-7472|121|-1|1
P|2624|0|0|ADEL_B01|XA30TEX|0|0|0|1|1|0|0|8272|-7472|8272|-7536|507|121|1
P|2624|0|2|ADEL_B01|XA30TEX|0|0|0|1|1|0|0|8272|-7472|8272|-7536|507|121|1
P|2632|0|1|ADEL_B01|XA30TEX|-63|0|0|1|1|-63|0|6304|-7272|6280|-7292|123|-1|1
P|2689|0|2|ADEL_B01|XA30TEX|0|0|0|1|1|0|-8|8216|-7640|8216|-7648|485|501|1
P|2689|1|2|ADEL_B01|XA30TEX|40|0|0|1|1|40|-8|8216|-7648|8216|-7640|501|485|1
P|2690|0|2|ADEL_B01|XA30TEX|0|0|0|1|1|0|-8|7808|-7200|7792|-7200|627|493|1
P|2690|1|2|ADEL_B01|XA30TEX|-24|0|0|1|1|-24|-8|7792|-7200|7808|-7200|493|627|1
P|2695|0|2|ADEL_B01|XA30TEX|0|0|0|1|1|0|-8|8144|-7120|8136|-7120|671|501|1
P|2695|1|2|ADEL_B01|XA30TEX|40|0|0|1|1|40|-8|8136|-7120|8144|-7120|501|671|1
P|2785|0|2|ADEL_B01|XA30TEX|0|0|0|1|1|0|-8|7808|-7192|7808|-7200|627|493|1
P|2785|1|2|ADEL_B01|XA30TEX|-8|0|0|1|1|-8|-8|7808|-7200|7808|-7192|493|627|1
P|2857|0|2|ADEL_B01|XA30TEX|0|0|0|1|1|0|-8|7704|-7232|7704|-7248|624|493|1
P|2857|1|2|ADEL_B01|XA30TEX|56|0|0|1|1|56|-8|7704|-7248|7704|-7232|493|624|1
P|3019|0|2|ADEL_B01|XA30TEX|0|0|0|1|1|0|-8|8176|-7104|8176|-7096|678|679|1
P|3019|1|2|ADEL_B01|XA30TEX|0|0|0|1|1|0|-8|8176|-7096|8176|-7104|679|678|1
P|3020|0|2|ADEL_B01|XA30TEX|0|0|0|1|1|0|-8|8176|-7096|8192|-7096|678|501|1
P|3020|1|2|ADEL_B01|XA30TEX|-16|0|0|1|1|-16|-8|8192|-7096|8176|-7096|501|678|1
P|3024|0|2|ADEL_B01|XA30TEX|0|0|0|1|1|0|-8|8176|-7104|8160|-7104|679|501|1
P|3024|1|2|ADEL_B01|XA30TEX|56|0|0|1|1|56|-8|8160|-7104|8176|-7104|501|679|1
P|3202|1|0|ADEL_B01|XA30TEX|0|0|0|1|1|0|0|7800|-7480|7800|-7560|493|251|1
P|3217|1|0|ADEL_B01|XA30TEX|0|0|0|1|1|0|0|7800|-7560|7880|-7560|493|251|1
P|3239|1|0|ADEL_B01|XA30TEX|0|0|0|1|1|0|0|7880|-7560|7880|-7480|493|251|1
P|3302|0|2|ADEL_B01|XA30TEX|0|0|0|1|1|0|-8|8216|-7648|8200|-7648|485|501|1
P|3302|1|2|ADEL_B01|XA30TEX|24|0|0|1|1|24|-8|8200|-7648|8216|-7648|501|485|1
P|3349|0|2|ADEL_B01|XA30TEX|0|0|0|1|1|0|-8|8144|-7640|8168|-7640|488|501|1
P|3349|1|2|ADEL_B01|XA30TEX|0|0|0|1|1|0|-8|8168|-7640|8144|-7640|501|488|1
P|3431|0|1|ADEL_B01|XA30TEX|-55|0|0|1|1|-55|0|6220|-7244|6232|-7232|123|-1|1
P|3470|0|2|ADEL_B01|XA30TEX|0|0|0|1|1|0|-8|7696|-7192|7720|-7192|626|493|1
P|3470|1|2|ADEL_B01|XA30TEX|0|0|0|1|1|0|-8|7720|-7192|7696|-7192|493|626|1
P|3502|0|2|ADEL_B01|XA30TEX|0|0|0|1|1|0|-8|7704|-7248|7696|-7248|624|628|1
P|3502|1|2|ADEL_B01|XA30TEX|16|0|0|1|1|16|-8|7696|-7248|7704|-7248|628|624|1
P|3503|0|2|ADEL_B01|XA30TEX|0|0|0|1|1|0|-8|7696|-7248|7696|-7232|624|493|1
P|3503|1|2|ADEL_B01|XA30TEX|0|0|0|1|1|0|-8|7696|-7232|7696|-7248|493|624|1
P|3504|0|2|ADEL_B01|XA30TEX|0|0|0|1|1|0|-8|7704|-7248|7704|-7264|628|493|1
P|3504|1|2|ADEL_B01|XA30TEX|40|0|0|1|1|40|-8|7704|-7264|7704|-7248|493|628|1
P|3512|0|2|ADEL_B01|XA30TEX|0|0|0|1|1|0|-8|7704|-7264|7696|-7264|628|493|1
P|3512|1|2|ADEL_B01|XA30TEX|32|0|0|1|1|32|-8|7696|-7264|7704|-7264|493|628|1
P|3562|1|0|ADEL_B01|XA30TEX|0|0|0|1|1|0|0|7928|-7288|7928|-7368|504|256|1
P|3578|0|1|ADEL_B01|XA30TEX|8|0|0|1|1|8|0|9032|-7216|9072|-7216|1374|-1|1
P|3579|0|2|ADEL_B01|XA30TEX|0|0|0|1|1|0|-8|8208|-7192|8216|-7192|629|501|1
P|3579|1|2|ADEL_B01|XA30TEX|16|0|0|1|1|16|-8|8216|-7192|8208|-7192|501|629|1
P|3580|0|2|ADEL_B01|XA30TEX|0|0|0|1|1|0|-8|7704|-7216|7704|-7232|623|493|1
P|3580|1|2|ADEL_B01|XA30TEX|8|0|0|1|1|8|-8|7704|-7232|7704|-7216|493|623|1
P|3591|1|0|ADEL_B01|XA30TEX|0|0|0|1|1|0|0|8200|-7160|8120|-7160|501|282|1
P|3611|0|2|ADEL_B01|XA30TEX|0|0|0|1|1|0|-8|7704|-7200|7704|-7216|626|493|1
P|3611|1|2|ADEL_B01|XA30TEX|24|0|0|1|1|24|-8|7704|-7216|7704|-7200|493|626|1
P|3616|0|2|ADEL_B01|XA30TEX|0|0|0|1|1|0|-8|7704|-7232|7696|-7232|623|624|1
P|3616|1|2|ADEL_B01|XA30TEX|0|0|0|1|1|0|-8|7696|-7232|7704|-7232|624|623|1
P|3619|0|2|ADEL_B01|XA30TEX|0|0|0|1|1|0|-8|7696|-7232|7696|-7216|623|493|1
P|3619|1|2|ADEL_B01|XA30TEX|-16|0|0|1|1|-16|-8|7696|-7216|7696|-7232|493|623|1
P|3650|1|0|ADEL_B01|XA30TEX|0|0|0|1|1|0|0|8120|-7544|8120|-7624|501|157|1
P|3945|0|1|ADEL_B01|XA30TEX|0|0|0|1|1|0|32|8888|-7568|8848|-7568|1374|-1|1
P|3947|0|1|ADEL_B01|XA30TEX|-8|0|0|1|1|-8|48|8888|-7216|8888|-7208|1420|-1|1
P|3949|0|2|ADEL_B01|XA30TEX|0|0|0|1|1|0|-8|8160|-7104|8160|-7096|679|680|1
P|3949|1|2|ADEL_B01|XA30TEX|16|0|0|1|1|16|-8|8160|-7096|8160|-7104|680|679|1
P|3959|0|1|ADEL_B01|XA30TEX|-16|0|0|1|1|-16|48|9032|-7568|9032|-7576|1397|-1|1
P|3967|0|2|ADEL_B01|XA30TEX|0|0|0|1|1|0|-8|8160|-7096|8176|-7096|679|501|1
P|3967|1|2|ADEL_B01|XA30TEX|0|0|0|1|1|0|-8|8176|-7096|8160|-7096|501|679|1
P|3978|0|0|ADEL_B01|XA30TEX|-32|0|0|1|1|-32|0|9264|-7456|9232|-7456|1379|1386|1
P|3980|0|0|ADEL_B01|XA30TEX|-32|0|0|1|1|-32|0|9232|-7456|8688|-7456|1379|1377|1
P|3986|0|0|ADEL_B01|XA30TEX|-32|0|0|1|1|-32|0|8688|-7456|8656|-7456|1379|1383|1
P|3988|0|0|ADEL_B01|XA30TEX|-32|0|0|1|1|-32|0|8656|-7456|8448|-7456|1379|1394|1
P|3994|0|1|ADEL_B01|XA30TEX|-8|0|0|1|1|-8|48|8888|-7576|8888|-7568|1397|-1|1
P|3995|0|0|ADEL_B01|XA30TEX|-19|0|0|1|1|-19|32|9032|-7568|8888|-7568|1374|1397|1
P|3995|0|2|ADEL_B01|XA30TEX|-19|0|0|1|1|-19|32|9032|-7568|8888|-7568|1374|1397|1
P|4002|0|2|ADEL_B01|XA30TEX|0|0|0|1|1|0|-8|8160|-7104|8144|-7104|680|501|1
P|4002|1|2|ADEL_B01|XA30TEX|40|0|0|1|1|40|-8|8144|-7104|8160|-7104|501|680|1
P|4005|0|2|ADEL_B01|XA30TEX|0|0|0|1|1|0|-8|8144|-7104|8144|-7096|680|501|1
P|4005|1|2|ADEL_B01|XA30TEX|32|0|0|1|1|32|-8|8144|-7096|8144|-7104|501|680|1
P|4006|0|2|ADEL_B01|XA30TEX|0|0|0|1|1|0|-8|8208|-7104|8192|-7104|677|501|1
P|4006|1|2|ADEL_B01|XA30TEX|24|0|0|1|1|24|-8|8192|-7104|8208|-7104|501|677|1
P|4010|0|2|ADEL_B01|XA30TEX|0|0|0|1|1|0|-8|8208|-7168|8208|-7152|674|501|1
P|4010|1|2|ADEL_B01|XA30TEX|24|0|0|1|1|24|-8|8208|-7152|8208|-7168|501|674|1
P|4011|0|2|ADEL_B01|XA30TEX|0|0|0|1|1|0|-8|8216|-7168|8208|-7168|674|501|1
P|4011|1|2|ADEL_B01|XA30TEX|40|0|0|1|1|40|-8|8208|-7168|8216|-7168|501|674|1
P|4013|0|2|ADEL_B01|XA30TEX|0|0|0|1|1|0|-8|8216|-7096|8216|-7120|677|501|1
P|4013|1|2|ADEL_B01|XA30TEX|0|0|0|1|1|0|-8|8216|-7120|8216|-7096|501|677|1
P|4014|0|2|ADEL_B01|XA30TEX|0|0|0|1|1|0|-8|8144|-7096|8160|-7096|680|501|1
P|4014|1|2|ADEL_B01|XA30TEX|16|0|0|1|1|16|-8|8160|-7096|8144|-7096|501|680|1
P|4025|0|1|ADEL_B01|XA30TEX|16|0|0|1|1|16|0|9600|-7336|9600|-7360|1374|-1|1
P|4033|0|1|ADEL_B01|XA30TEX|0|0|0|1|1|0|0|9600|-7496|9600|-7520|1374|-1|1
P|4036|0|1|ADEL_B01|XA30TEX|8|0|0|1|1|8|0|9456|-7568|9424|-7568|1374|-1|1
P|4038|0|1|ADEL_B01|XA30TEX|48|0|0|1|1|48|64|9456|-7576|9456|-7568|682|-1|1
P|4039|0|1|ADEL_B01|XA30TEX|16|0|0|1|1|16|64|9520|-7576|9520|-7584|681|-1|1
P|4044|0|1|ADEL_B01|XA30TEX|40|0|0|1|1|40|64|9456|-7584|9456|-7576|681|-1|1
P|4048|0|1|ADEL_B01|XA30TEX|8|0|0|1|1|8|64|9520|-7568|9520|-7576|682|-1|1
P|4050|1|0|ADEL_B01|XA30TEX|8|0|0|1|1|8|0|9520|-7568|9456|-7568|1374|682|1
P|4050|1|2|ADEL_B01|XA30TEX|8|0|0|1|1|8|0|9520|-7568|9456|-7568|1374|682|1
P|4052|0|1|ADEL_B01|XA30TEX|24|0|0|1|1|24|0|9216|-7568|9168|-7568|1374|-1|1
P|4054|0|1|ADEL_B01|XA30TEX|48|0|0|1|1|48|64|9216|-7576|9216|-7568|684|-1|1
P|4060|0|1|ADEL_B01|XA30TEX|32|0|0|1|1|32|64|9280|-7576|9280|-7584|683|-1|1
P|4061|0|1|ADEL_B01|XA30TEX|40|0|0|1|1|40|64|9216|-7584|9216|-7576|683|-1|1
P|4065|0|1|ADEL_B01|XA30TEX|24|0|0|1|1|24|64|9280|-7568|9280|-7576|684|-1|1
P|4068|1|0|ADEL_B01|XA30TEX|24|0|0|1|1|24|0|9280|-7568|9216|-7568|1374|684|1
P|4068|1|2|ADEL_B01|XA30TEX|24|0|0|1|1|24|0|9280|-7568|9216|-7568|1374|684|1
P|4077|0|1|ADEL_B01|XA30TEX|40|0|0|1|1|40|0|8640|-7568|8592|-7568|1374|-1|1
P|4079|0|1|ADEL_B01|XA30TEX|48|0|0|1|1|48|64|8640|-7576|8640|-7568|713|-1|1
P|4080|0|1|ADEL_B01|XA30TEX|0|0|0|1|1|0|64|8704|-7576|8704|-7584|712|-1|1
P|4081|0|1|ADEL_B01|XA30TEX|40|0|0|1|1|40|64|8640|-7584|8640|-7576|712|-1|1
P|4083|0|1|ADEL_B01|XA30TEX|-8|0|0|1|1|-8|64|8704|-7568|8704|-7576|713|-1|1
P|4084|1|0|ADEL_B01|XA30TEX|40|0|0|1|1|40|0|8704|-7568|8640|-7568|1374|713|1
P|4084|1|2|ADEL_B01|XA30TEX|40|0|0|1|1|40|0|8704|-7568|8640|-7568|1374|713|1
P|4085|0|1|ADEL_B01|XA30TEX|40|0|0|1|1|40|0|8400|-7568|8368|-7568|1374|-1|1
P|4087|0|1|ADEL_B01|XA30TEX|48|0|0|1|1|48|64|8400|-7576|8400|-7568|714|-1|1
P|4088|0|1|ADEL_B01|XA30TEX|0|0|0|1|1|0|64|8464|-7576|8464|-7584|715|-1|1
P|4089|0|1|ADEL_B01|XA30TEX|40|0|0|1|1|40|64|8400|-7584|8400|-7576|715|-1|1
P|4091|0|1|ADEL_B01|XA30TEX|-8|0|0|1|1|-8|64|8464|-7568|8464|-7576|714|-1|1
P|4092|1|0|ADEL_B01|XA30TEX|40|0|0|1|1|40|0|8464|-7568|8400|-7568|1374|714|1
P|4092|1|2|ADEL_B01|XA30TEX|40|0|0|1|1|40|0|8464|-7568|8400|-7568|1374|714|1
P|4093|0|1|ADEL_B01|XA30TEX|8|0|0|1|1|8|0|8464|-7216|8496|-7216|1374|-1|1
P|4097|0|1|ADEL_B01|XA30TEX|48|0|0|1|1|48|64|8464|-7208|8464|-7216|716|-1|1
P|4098|0|1|ADEL_B01|XA30TEX|0|0|0|1|1|0|64|8400|-7208|8400|-7200|717|-1|1
P|4099|0|1|ADEL_B01|XA30TEX|40|0|0|1|1|40|64|8464|-7200|8464|-7208|717|-1|1
P|4101|0|1|ADEL_B01|XA30TEX|-8|0|0|1|1|-8|64|8400|-7216|8400|-7208|716|-1|1
P|4102|1|0|ADEL_B01|XA30TEX|8|0|0|1|1|8|0|8400|-7216|8464|-7216|1374|716|1
P|4102|1|2|ADEL_B01|XA30TEX|8|0|0|1|1|8|0|8400|-7216|8464|-7216|1374|716|1
P|4103|0|1|ADEL_B01|XA30TEX|-24|0|0|1|1|-24|0|9520|-7216|9552|-7216|1374|-1|1
P|4105|0|1|ADEL_B01|XA30TEX|-32|0|0|1|1|-32|64|9520|-7208|9520|-7216|718|-1|1
P|4106|0|1|ADEL_B01|XA30TEX|0|0|0|1|1|0|64|9456|-7208|9456|-7200|719|-1|1
P|4107|0|1|ADEL_B01|XA30TEX|-40|0|0|1|1|-40|64|9520|-7200|9520|-7208|719|-1|1
P|4109|0|1|ADEL_B01|XA30TEX|-8|0|0|1|1|-8|64|9456|-7216|9456|-7208|718|-1|1
P|4110|1|0|ADEL_B01|XA30TEX|-24|0|0|1|1|-24|0|9456|-7216|9520|-7216|1374|718|1
P|4110|1|2|ADEL_B01|XA30TEX|-24|0|0|1|1|-24|0|9456|-7216|9520|-7216|1374|718|1
P|4111|0|1|ADEL_B01|XA30TEX|8|0|0|1|1|8|0|9280|-7216|9328|-7216|1374|-1|1
P|4113|0|1|ADEL_B01|XA30TEX|48|0|0|1|1|48|64|9280|-7208|9280|-7216|720|-1|1
P|4114|0|1|ADEL_B01|XA30TEX|0|0|0|1|1|0|64|9216|-7208|9216|-7200|721|-1|1
P|4115|0|1|ADEL_B01|XA30TEX|40|0|0|1|1|40|64|9280|-7200|9280|-7208|721|-1|1
P|4117|0|1|ADEL_B01|XA30TEX|-8|0|0|1|1|-8|64|9216|-7216|9216|-7208|720|-1|1
P|4119|1|0|ADEL_B01|XA30TEX|-56|0|0|1|1|-56|0|9216|-7216|9280|-7216|1374|720|1
P|4119|1|2|ADEL_B01|XA30TEX|-56|0|0|1|1|-56|0|9216|-7216|9280|-7216|1374|720|1
P|4123|0|1|ADEL_B01|XA30TEX|48|0|0|1|1|48|64|8704|-7208|8704|-7216|1436|-1|1
P|4125|0|1|ADEL_B01|XA30TEX|0|0|0|1|1|0|64|8640|-7208|8640|-7200|1435|-1|1
P|4129|0|1|ADEL_B01|XA30TEX|40|0|0|1|1|40|64|8704|-7200|8704|-7208|1435|-1|1
P|4130|0|1|ADEL_B01|XA30TEX|56|0|0|1|1|56|48|8704|-7216|8752|-7216|1374|-1|1
P|4137|0|1|ADEL_B01|XA30TEX|-8|0|0|1|1|-8|64|8640|-7216|8640|-7208|1436|-1|1
P|4213|0|2|ADEL_B01|XA30TEX|0|0|0|1|1|0|-8|7768|-7200|7752|-7200|625|493|1
P|4213|1|2|ADEL_B01|XA30TEX|24|0|0|1|1|24|-8|7752|-7200|7768|-7200|493|625|1
P|4214|0|0|ADEL_B01|XA30TEX|-32|0|0|1|1|-32|0|8688|-7328|9232|-7328|1378|1390|1
P|4216|0|0|ADEL_B01|XA30TEX|-32|0|0|1|1|-32|0|8656|-7328|8688|-7328|1378|1395|1
P|4221|0|0|ADEL_B01|XA30TEX|0|0|0|1|1|0|0|9468|-7424|8456|-7424|1429|1379|1
P|4229|0|2|ADEL_B01|XA30TEX|24|0|0|1|1|24|-8|8200|-7648|8200|-7640|485|446|1
P|4229|1|2|ADEL_B01|XA30TEX|0|0|0|1|1|0|-8|8200|-7640|8200|-7648|446|485|1
P|4238|0|2|ADEL_B01|XA30TEX|0|0|0|1|1|0|-8|7768|-7192|7768|-7200|625|493|1
P|4238|1|2|ADEL_B01|XA30TEX|40|0|0|1|1|40|-8|7768|-7200|7768|-7192|493|625|1
P|4244|0|0|ADEL_B01|XA30TEX|-32|0|0|1|1|-32|0|9264|-7328|9472|-7328|1378|1387|1
P|4246|0|0|ADEL_B01|XA30TEX|-32|0|0|1|1|-32|0|9232|-7328|9264|-7328|1378|1391|1
P|4249|0|0|ADEL_B01|XA30TEX|-34|0|0|1|1|-34|0|9468|-7394|8456|-7394|1433|1429|1
P|4251|0|2|ADEL_B01|XA30TEX|0|0|0|1|1|0|-8|8200|-7640|8216|-7640|485|501|1
P|4251|1|2|ADEL_B01|XA30TEX|48|0|0|1|1|48|-8|8216|-7640|8200|-7640|501|485|1
P|4252|0|0|ADEL_B01|XA30TEX|-34|0|0|1|1|-34|0|9468|-7390|9472|-7390|1430|1382|1
P|4253|0|2|ADEL_B01|XA30TEX|0|0|0|1|1|0|-8|8200|-7648|8184|-7648|446|501|1
P|4253|1|2|ADEL_B01|XA30TEX|8|0|0|1|1|8|-8|8184|-7648|8200|-7648|501|446|1
P|4254|0|2|ADEL_B01|XA30TEX|0|0|0|1|1|0|-8|8184|-7640|8184|-7648|487|446|1
P|4254|1|2|ADEL_B01|XA30TEX|8|0|0|1|1|8|-8|8184|-7648|8184|-7640|446|487|1
P|4255|0|2|ADEL_B01|XA30TEX|0|0|0|1|1|0|-8|8184|-7648|8168|-7648|487|501|1
P|4255|1|2|ADEL_B01|XA30TEX|56|0|0|1|1|56|-8|8168|-7648|8184|-7648|501|487|1
P|4256|0|0|ADEL_B01|XA30TEX|-8|0|0|1|1|-8|48|8640|-7216|8704|-7216|1374|1436|1
P|4256|0|2|ADEL_B01|XA30TEX|-8|0|0|1|1|-8|48|8640|-7216|8704|-7216|1374|1436|1
P|4264|0|2|ADEL_B01|XA30TEX|0|0|0|1|1|0|-8|8176|-7112|8192|-7112|673|501|1
P|4264|1|2|ADEL_B01|XA30TEX|-24|0|0|1|1|-24|-8|8192|-7112|8176|-7112|501|673|1
P|4265|0|2|ADEL_B01|XA30TEX|24|0|0|1|1|24|-8|8208|-7152|8216|-7152|674|676|1
P|4265|1|2|ADEL_B01|XA30TEX|0|0|0|1|1|0|-8|8216|-7152|8208|-7152|676|674|1
P|4267|0|2|ADEL_B01|XA30TEX|0|0|0|1|1|0|-8|8216|-7120|8216|-7136|675|501|1
P|4267|1|2|ADEL_B01|XA30TEX|16|0|0|1|1|16|-8|8216|-7136|8216|-7120|501|675|1
P|4268|0|2|ADEL_B01|XA30TEX|0|0|0|1|1|0|-8|8208|-7120|8208|-7104|677|501|1
P|4268|1|2|ADEL_B01|XA30TEX|40|0|0|1|1|40|-8|8208|-7104|8208|-7120|501|677|1
P|4269|0|2|ADEL_B01|XA30TEX|0|0|0|1|1|0|-8|8192|-7104|8192|-7096|677|678|1
P|4269|1|2|ADEL_B01|XA30TEX|-16|0|0|1|1|-16|-8|8192|-7096|8192|-7104|678|677|1
P|4270|0|2|ADEL_B01|XA30TEX|0|0|0|1|1|0|-8|8192|-7096|8216|-7096|677|501|1
P|4270|1|2|ADEL_B01|XA30TEX|-40|0|0|1|1|-40|-8|8216|-7096|8192|-7096|501|677|1
P|4271|0|2|ADEL_B01|XA30TEX|0|0|0|1|1|0|-8|8192|-7104|8176|-7104|678|501|1
P|4271|1|2|ADEL_B01|XA30TEX|8|0|0|1|1|8|-8|8176|-7104|8192|-7104|501|678|1
P|4272|0|2|ADEL_B01|XA30TEX|0|0|0|1|1|0|-8|8144|-7112|8144|-7120|671|501|1
P|4272|1|2|ADEL_B01|XA30TEX|48|0|0|1|1|48|-8|8144|-7120|8144|-7112|501|671|1
P|4273|0|2|ADEL_B01|XA30TEX|0|0|0|1|1|0|-8|8128|-7112|8144|-7112|671|501|1
P|4273|1|2|ADEL_B01|XA30TEX|56|0|0|1|1|56|-8|8144|-7112|8128|-7112|501|671|1
P|4274|0|2|ADEL_B01|XA30TEX|0|0|0|1|1|0|-8|8128|-7128|8128|-7112|671|501|1
P|4274|1|2|ADEL_B01|XA30TEX|8|0|0|1|1|8|-8|8128|-7112|8128|-7128|501|671|1
P|4275|0|2|ADEL_B01|XA30TEX|0|0|0|1|1|0|-8|8176|-7120|8176|-7112|673|501|1
P|4275|1|2|ADEL_B01|XA30TEX|-56|0|0|1|1|-56|-8|8176|-7112|8176|-7120|501|673|1
P|4276|0|2|ADEL_B01|XA30TEX|0|0|0|1|1|0|-8|8192|-7120|8176|-7120|673|501|1
P|4276|1|2|ADEL_B01|XA30TEX|-48|0|0|1|1|-48|-8|8176|-7120|8192|-7120|501|673|1
P|4277|0|2|ADEL_B01|XA30TEX|0|0|0|1|1|0|-8|8192|-7112|8192|-7120|673|501|1
P|4277|1|2|ADEL_B01|XA30TEX|-32|0|0|1|1|-32|-8|8192|-7120|8192|-7112|501|673|1
P|4279|0|0|ADEL_B01|XA30TEX|-34|0|0|1|1|-34|0|8456|-7394|8448|-7394|1380|1381|1
P|4280|0|0|ADEL_B01|XA30TEX|0|0|0|1|1|0|0|8456|-7424|8448|-7424|1381|1379|1
P|4284|0|0|ADEL_B01|XA30TEX|0|0|0|1|1|0|0|9468|-7360|9472|-7360|1382|1378|1
P|4286|0|2|ADEL_B01|XA30TEX|0|0|0|1|1|0|-8|8184|-7640|8200|-7640|446|501|1
P|4286|1|2|ADEL_B01|XA30TEX|0|0|0|1|1|0|-8|8200|-7640|8184|-7640|501|446|1
P|4288|0|2|ADEL_B01|XA30TEX|56|0|0|1|1|56|-8|8168|-7648|8168|-7640|487|488|1
P|4288|1|2|ADEL_B01|XA30TEX|0|0|0|1|1|0|-8|8168|-7640|8168|-7648|488|487|1
P|4289|0|0|ADEL_B01|XA30TEX|0|0|0|1|1|0|0|8456|-7360|9468|-7360|1432|1378|1
P|4293|0|2|ADEL_B01|XA30TEX|0|0|0|1|1|0|-8|8168|-7640|8184|-7640|487|501|1
P|4293|1|2|ADEL_B01|XA30TEX|16|0|0|1|1|16|-8|8184|-7640|8168|-7640|501|487|1
P|4294|0|0|ADEL_B01|XA30TEX|-34|0|0|1|1|-34|0|8456|-7390|9468|-7390|1433|1432|1
P|4342|0|1|ADEL_B01|XA30TEX|98|0|0|1|1|98|0|5788|-7200|5777|-7209|221|-1|1
P|4433|1|0|ADEL_B01|XA30TEX|0|0|0|1|1|0|0|8120|-7624|8200|-7624|501|157|1
P|4530|1|0|ADEL_B01|XA30TEX|0|0|0|1|1|0|0|8200|-7240|8200|-7160|501|282|1
P|4538|1|0|ADEL_B01|XA30TEX|0|0|0|1|1|0|0|8008|-7368|8008|-7288|504|256|1
P|4539|1|0|ADEL_B01|XA30TEX|0|0|0|1|1|0|0|7736|-7304|7816|-7304|493|280|1
P|4570|1|0|ADEL_B01|XA30TEX|0|0|0|1|1|0|0|8120|-7160|8120|-7240|501|282|1
P|4579|1|0|ADEL_B01|XA30TEX|0|0|0|1|1|0|0|8120|-7240|8200|-7240|501|282|1
P|4595|1|0|ADEL_B01|XA30TEX|0|0|0|1|1|0|0|8008|-7288|7928|-7288|504|256|1
P|4598|1|0|ADEL_B01|XA30TEX|0|0|0|1|1|0|0|7816|-7224|7736|-7224|493|280|1
P|4616|1|0|ADEL_B01|XA30TEX|0|0|0|1|1|0|0|7816|-7304|7816|-7224|493|280|1
P|4618|1|0|ADEL_B01|XA30TEX|0|0|0|1|1|0|0|7736|-7224|7736|-7304|493|280|1
P|4625|1|0|ADEL_B01|XA30TEX|0|0|0|1|1|0|0|7928|-7368|8008|-7368|504|256|1
P|7345|1|0|ADEL_B01|XA30TEX|0|0|0|1|1|0|0|6472|-8136|6472|-8056|513|1360|1
P|7346|1|0|ADEL_B01|XA30TEX|0|0|0|1|1|0|0|6472|-8056|6392|-8056|513|1360|1
P|7347|1|0|ADEL_B01|XA30TEX|0|0|0|1|1|0|0|6392|-8056|6392|-8136|513|1360|1
P|7349|1|0|ADEL_B01|XA30TEX|0|0|0|1|1|0|0|6392|-8136|6472|-8136|513|1360|1
P|7353|1|0|ADEL_B01|XA30TEX|0|0|0|1|1|0|0|6600|-8008|6600|-7928|137|1362|1
P|7354|1|0|ADEL_B01|XA30TEX|0|0|0|1|1|0|0|6600|-7928|6520|-7928|137|1362|1
P|7355|1|0|ADEL_B01|XA30TEX|0|0|0|1|1|0|0|6520|-7928|6520|-8008|137|1362|1
P|7357|1|0|ADEL_B01|XA30TEX|0|0|0|1|1|0|0|6520|-8008|6600|-8008|137|1362|1
P|7362|1|0|ADEL_B01|XA30TEX|0|0|0|1|1|0|0|6472|-7688|6472|-7608|519|1364|1
P|7363|1|0|ADEL_B01|XA30TEX|0|0|0|1|1|0|0|6472|-7608|6392|-7608|519|1364|1
P|7364|1|0|ADEL_B01|XA30TEX|0|0|0|1|1|0|0|6392|-7608|6392|-7688|519|1364|1
P|7366|1|0|ADEL_B01|XA30TEX|0|0|0|1|1|0|0|6392|-7688|6472|-7688|519|1364|1
P|7370|1|0|ADEL_B01|XA30TEX|0|0|0|1|1|0|0|6280|-7752|6280|-7672|519|1366|1
P|7371|1|0|ADEL_B01|XA30TEX|0|0|0|1|1|0|0|6280|-7672|6200|-7672|519|1366|1
P|7372|1|0|ADEL_B01|XA30TEX|0|0|0|1|1|0|0|6200|-7672|6200|-7752|519|1366|1
P|7374|1|0|ADEL_B01|XA30TEX|0|0|0|1|1|0|0|6200|-7752|6280|-7752|519|1366|1
P|7378|1|0|ADEL_B01|XA30TEX|0|0|0|1|1|0|0|6152|-8008|6152|-7928|130|1368|1
P|7379|1|0|ADEL_B01|XA30TEX|0|0|0|1|1|0|0|6152|-7928|6072|-7928|130|1368|1
P|7380|1|0|ADEL_B01|XA30TEX|0|0|0|1|1|0|0|6072|-7928|6072|-8008|130|1368|1
P|7382|1|0|ADEL_B01|XA30TEX|0|0|0|1|1|0|0|6072|-8008|6152|-8008|130|1368|1
P|7386|1|0|ADEL_B01|XA30TEX|0|0|0|1|1|0|0|5832|-6728|5832|-6648|254|1370|1
P|7387|1|0|ADEL_B01|XA30TEX|0|0|0|1|1|0|0|5832|-6648|5752|-6648|254|1370|1
P|7388|1|0|ADEL_B01|XA30TEX|0|0|0|1|1|0|0|5752|-6648|5752|-6728|254|1370|1
P|7390|1|0|ADEL_B01|XA30TEX|0|0|0|1|1|0|0|5752|-6728|5832|-6728|254|1370|1
P|7394|0|1|ADEL_B01|XA30TEX|52|0|0|1|1|52|0|8288|-7584|8320|-7600|507|-1|1
P|7395|0|1|ADEL_B01|XA30TEX|16|0|0|1|1|16|0|8272|-7552|8288|-7584|507|-1|1
P|7396|0|1|ADEL_B01|XA30TEX|-20|0|0|1|1|-20|0|8288|-7200|8272|-7232|507|-1|1
P|7397|0|1|ADEL_B01|XA30TEX|-48|0|0|1|1|-48|0|8272|-7232|8272|-7248|507|-1|1
P|7398|0|0|ADEL_B01|XA30TEX|-16|0|0|1|1|-16|0|8272|-7328|8272|-7456|507|1371|1
P|7399|0|1|ADEL_B01|XA30TEX|0|0|0|1|1|0|16|8272|-7328|8288|-7328|1371|-1|1
P|7401|0|1|ADEL_B01|XA30TEX|-16|0|0|1|1|-16|0|8272|-7456|8272|-7472|507|-1|1
P|7402|0|1|ADEL_B01|XA30TEX|-32|0|0|1|1|-32|16|8288|-7456|8272|-7456|1371|-1|1
P|7406|0|1|ADEL_B01|XA30TEX|-16|0|0|1|1|-16|0|8304|-7328|8320|-7328|1373|-1|1
P|7408|0|1|ADEL_B01|XA30TEX|0|0|0|1|1|0|0|8320|-7456|8304|-7456|1373|-1|1
P|7409|0|1|ADEL_B01|XA30TEX|28|0|0|1|1|28|0|8336|-7552|8320|-7520|1374|-1|1
P|7410|0|1|ADEL_B01|XA30TEX|0|0|0|1|1|0|0|8320|-7328|8320|-7264|1374|-1|1
P|7411|0|1|ADEL_B01|XA30TEX|8|0|0|1|1|8|0|8368|-7216|8400|-7216|1374|-1|1
P|7412|0|1|ADEL_B01|XA30TEX|16|0|0|1|1|16|0|9600|-7264|9600|-7288|1374|-1|1
P|7413|0|1|ADEL_B01|XA30TEX|4|0|0|1|1|4|0|9584|-7552|9552|-7568|1374|-1|1
P|7414|0|1|ADEL_B01|XA30TEX|0|0|0|1|1|0|0|8320|-7264|8336|-7232|1374|-1|1
P|7415|0|1|ADEL_B01|XA30TEX|36|0|0|1|1|36|0|8336|-7232|8368|-7216|1374|-1|1
P|7416|0|1|ADEL_B01|XA30TEX|0|0|0|1|1|0|0|8320|-7520|8320|-7456|1374|-1|1
P|7417|0|1|ADEL_B01|XA30TEX|56|0|0|1|1|56|0|8368|-7568|8336|-7552|1374|-1|1
P|7418|0|1|ADEL_B01|XA30TEX|40|0|0|1|1|40|0|9552|-7568|9520|-7568|1374|-1|1
P|7419|0|1|ADEL_B01|XA30TEX|32|0|0|1|1|32|0|9600|-7520|9584|-7552|1374|-1|1
P|7420|0|1|ADEL_B01|XA30TEX|44|0|0|1|1|44|0|9584|-7232|9600|-7264|1374|-1|1
P|7421|0|1|ADEL_B01|XA30TEX|8|0|0|1|1|8|0|9552|-7216|9584|-7232|1374|-1|1
P|7430|0|1|ADEL_B01|XA30TEX|0|0|0|1|1|0|0|9600|-7424|9600|-7448|1374|-1|1
P|7480|0|1|ADEL_B01|XA30TEX|-56|0|0|1|1|-56|48|8592|-7216|8640|-7216|1374|-1|1
P|7482|0|1|ADEL_B01|XA30TEX|-48|0|0|1|1|-48|0|8848|-7216|8888|-7216|1374|-1|1
P|7484|0|1|ADEL_B01|XA30TEX|-40|0|0|1|1|-40|0|9168|-7216|9216|-7216|1374|-1|1
P|7486|0|1|ADEL_B01|XA30TEX|-56|0|0|1|1|-56|0|9424|-7216|9456|-7216|1374|-1|1
P|7487|0|1|ADEL_B01|XA30TEX|40|0|0|1|1|40|0|9328|-7568|9280|-7568|1374|-1|1
P|7489|0|1|ADEL_B01|XA30TEX|-56|0|0|1|1|-56|32|9072|-7568|9032|-7568|1374|-1|1
P|7491|0|1|ADEL_B01|XA30TEX|40|0|0|1|1|40|0|8752|-7568|8704|-7568|1374|-1|1
P|7493|0|1|ADEL_B01|XA30TEX|40|0|0|1|1|40|0|8496|-7568|8464|-7568|1374|-1|1
P|7511|0|0|ADEL_B01|XA30TEX|-32|0|0|1|1|-32|0|8448|-7456|8448|-7424|1379|1394|1
P|7512|0|0|ADEL_B01|XA30TEX|-32|0|0|1|1|-32|0|8448|-7328|8656|-7328|1378|1394|1
P|7513|0|0|ADEL_B01|XA30TEX|-32|0|0|1|1|-32|0|9472|-7328|9472|-7360|1378|1387|1
P|7514|0|0|ADEL_B01|XA30TEX|-32|0|0|1|1|-32|0|9472|-7456|9264|-7456|1379|1387|1
P|7515|0|0|ADEL_B01|XA30TEX|0|0|0|1|1|0|0|8448|-7360|8448|-7328|1378|1394|1
P|7516|0|0|ADEL_B01|XA30TEX|0|0|0|1|1|0|0|9472|-7360|9472|-7390|1382|1387|1
P|7517|0|0|ADEL_B01|XA30TEX|0|0|0|1|1|0|0|8448|-7360|8456|-7360|1431|1378|1
P|7518|0|0|ADEL_B01|XA30TEX|0|0|0|1|1|0|0|9472|-7424|9472|-7456|1379|1387|1
P|7519|0|0|ADEL_B01|XA30TEX|0|0|0|1|1|0|0|8448|-7424|8448|-7394|1381|1394|1
P|7520|0|0|ADEL_B01|XA30TEX|0|0|0|1|1|0|0|9472|-7424|9468|-7424|1434|1379|1
P|7521|0|0|ADEL_B01|XA30TEX|-34|0|0|1|1|-34|0|8448|-7394|8448|-7390|1380|1394|1
P|7522|0|0|ADEL_B01|XA30TEX|-30|0|0|1|1|-30|0|9472|-7394|9472|-7424|1434|1387|1
P|7523|0|0|ADEL_B01|XA30TEX|-34|0|0|1|1|-34|0|9472|-7394|9468|-7394|1430|1434|1
P|7524|0|0|ADEL_B01|XA30TEX|-34|0|0|1|1|-34|0|9472|-7390|9472|-7394|1430|1387|1
P|7525|0|0|ADEL_B01|XA30TEX|-30|0|0|1|1|-30|0|8448|-7390|8448|-7360|1431|1394|1
P|7526|0|0|ADEL_B01|XA30TEX|-34|0|0|1|1|-34|0|8448|-7390|8456|-7390|1380|1431|1
P|12059|0|1|ADEL_B01|XA30TEX|55|0|0|1|1|55|0|12736|-5008|12736|-4976|315|-1|1
P|12060|0|1|ADEL_B01|XA30TEX|-55|0|0|1|1|-55|0|12800|-4976|12800|-5008|315|-1|1
P|12061|0|1|ADEL_B01|XA30TEX|-23|0|0|1|1|-23|0|12800|-5008|12784|-5024|315|-1|1
P|12062|0|1|ADEL_B01|XA30TEX|0|0|0|1|1|0|0|12784|-5024|12752|-5024|315|-1|1
W|341|0|0|ICEY|XA00TEX|118|512|0|1|1|118|0|13072|-1968|13024|-1936|252|2047|1
W|341|0|2|ICEY|XA00TEX|118|512|0|1|1|118|0|13072|-1968|13024|-1936|252|2047|1
W|341|1|0|ICEY|XA00TEX|0|512|0|1|1|0|0|13024|-1936|13072|-1968|2047|252|1
W|341|1|2|ICEY|XA00TEX|0|512|0|1|1|0|0|13024|-1936|13072|-1968|2047|252|1
W|357|0|1|ICEY|XA00TEX|0|-256|0|1|1|0|0|5952|-7840|5944|-7808|119|-1|1
W|786|0|1|ICEY|XA00TEX|32.984845005|-256|0|1|1|0|0|5944|-7808|5960|-7808|119|-1|1
W|374|0|1|ICEY|XA00TEX|48.984845005|-256|0|1|1|0|0|5960|-7808|5952|-7840|119|-1|1
W|509|0|1|ICEY|XA00TEX|0|-1280|0|1|1|0|0|4528|-6864|4520|-6832|134|-1|1
W|4313|0|1|ICEY|XA00TEX|32.984845005|-1280|0|1|1|0|0|4520|-6832|4536|-6832|134|-1|1
W|818|0|1|ICEY|XA00TEX|48.984845005|-1280|0|1|1|0|0|4536|-6832|4528|-6864|134|-1|1
W|641|0|1|ICEY|XA00TEX|0|640|0|1|1|0|0|5632|-3072|5632|-3040|159|-1|1
W|642|0|1|ICEY|XA00TEX|0|896|0|1|1|0|0|5632|-3040|5632|-2944|158|-1|1
W|436|0|1|ICEY|XA00TEX|96|896|0|1|1|0|0|5632|-2944|6336|-2944|158|-1|1
W|432|0|1|ICEY|XA00TEX|288|896|0|1|1|0|0|6336|-2944|6336|-2991|158|-1|1
W|441|0|1|ICEY|XA00TEX|335|896|0|1|1|0|0|6336|-2991|6336|-3040|158|-1|1
W|647|0|1|ICEY|XA00TEX|0|896|0|1|1|0|0|6336|-3072|6336|-3136|218|-1|1
W|1234|0|1|ICEY|XA00TEX|64|896|0|1|1|0|0|6336|-3136|5632|-3136|218|-1|1
W|4324|0|1|ICEY|XA00TEX|256|896|0|1|1|0|0|5632|-3136|5632|-3072|218|-1|1
W|663|0|1|ICEY|XA00TEX|0|640|0|1|1|0|0|6336|-3040|6336|-3072|159|-1|1
W|879|0|0|ICEY|XA00TEX|0|512|0|1|1|0|0|15280|-4264|15352|-4296|252|146|1
W|879|0|2|ICEY|XA00TEX|0|512|0|1|1|0|0|15280|-4264|15352|-4296|252|146|1
W|878|0|0|ICEY|XA00TEX|78.790862414|512|0|1|1|0|0|15352|-4296|15384|-4144|252|146|1
W|878|0|2|ICEY|XA00TEX|78.790862414|512|0|1|1|0|0|15352|-4296|15384|-4144|252|146|1
W|877|0|0|ICEY|XA00TEX|234.122765126|512|0|1|1|0|0|15384|-4144|15344|-3944|252|146|1
W|877|0|2|ICEY|XA00TEX|234.122765126|512|0|1|1|0|0|15384|-4144|15344|-3944|252|146|1
W|1825|0|0|ICEY|XA00TEX|438.08354567|512|0|1|1|0|0|15344|-3944|15392|-3808|252|146|1
W|1825|0|2|ICEY|XA00TEX|438.08354567|512|0|1|1|0|0|15344|-3944|15392|-3808|252|146|1
W|865|0|0|ICEY|XA00TEX|70.305596688|512|0|1|1|0|0|15392|-3808|15336|-3664|252|146|1
W|865|0|2|ICEY|XA00TEX|70.305596688|512|0|1|1|0|0|15392|-3808|15336|-3664|252|146|1
W|1828|0|0|ICEY|XA00TEX|224.811260015|512|0|1|1|0|0|15336|-3664|15392|-3472|252|146|1
W|1828|0|2|ICEY|XA00TEX|224.811260015|512|0|1|1|0|0|15336|-3664|15392|-3472|252|146|1
W|864|0|0|ICEY|XA00TEX|424.811260015|512|0|1|1|0|0|15392|-3472|15328|-3224|252|146|1
W|864|0|2|ICEY|XA00TEX|424.811260015|512|0|1|1|0|0|15392|-3472|15328|-3224|252|146|1
W|1804|0|0|ICEY|XA00TEX|168.936229512|512|0|1|1|0|0|15328|-3224|15376|-3104|252|146|1
W|1804|0|2|ICEY|XA00TEX|168.936229512|512|0|1|1|0|0|15328|-3224|15376|-3104|252|146|1
W|1645|0|0|ICEY|XA00TEX|298.180184883|512|0|1|1|0|0|15376|-3104|15304|-2720|252|146|1
W|1645|0|2|ICEY|XA00TEX|298.180184883|512|0|1|1|0|0|15376|-3104|15304|-2720|252|146|1
W|1575|0|0|ICEY|XA00TEX|176.87187919|512|0|1|1|0|0|15304|-2720|15368|-2608|252|146|1
W|1575|0|2|ICEY|XA00TEX|176.87187919|512|0|1|1|0|0|15304|-2720|15368|-2608|252|146|1
W|1574|0|0|ICEY|XA00TEX|305.868003163|512|0|1|1|0|0|15368|-2608|15320|-2384|252|146|1
W|1574|0|2|ICEY|XA00TEX|305.868003163|512|0|1|1|0|0|15368|-2608|15320|-2384|252|146|1
W|1484|0|0|ICEY|XA00TEX|22.953140175|512|0|1|1|0|0|15320|-2384|15376|-2184|252|146|1
W|1484|0|2|ICEY|XA00TEX|22.953140175|512|0|1|1|0|0|15320|-2384|15376|-2184|252|146|1
W|1458|0|0|ICEY|XA00TEX|230.645219947|512|0|1|1|0|0|15376|-2184|15376|-1984|252|146|1
W|1458|0|2|ICEY|XA00TEX|230.645219947|512|0|1|1|0|0|15376|-2184|15376|-1984|252|146|1
W|1401|0|0|ICEY|XA00TEX|430.645219947|512|0|1|1|0|0|15376|-1984|15240|-2008|252|146|1
W|1401|0|2|ICEY|XA00TEX|430.645219947|512|0|1|1|0|0|15376|-1984|15240|-2008|252|146|1
W|1388|0|0|ICEY|XA00TEX|56.74663196|512|0|1|1|0|0|15240|-2008|15120|-1968|252|146|1
W|1388|0|2|ICEY|XA00TEX|56.74663196|512|0|1|1|0|0|15240|-2008|15120|-1968|252|146|1
W|1342|0|0|ICEY|XA00TEX|183.237738367|512|0|1|1|0|0|15120|-1968|14912|-1992|252|146|1
W|1342|0|2|ICEY|XA00TEX|183.237738367|512|0|1|1|0|0|15120|-1968|14912|-1992|252|146|1
W|1340|0|0|ICEY|XA00TEX|392.61777562|512|0|1|1|0|0|14912|-1992|14752|-2008|252|146|1
W|1340|0|2|ICEY|XA00TEX|392.61777562|512|0|1|1|0|0|14912|-1992|14752|-2008|252|146|1
W|1338|0|0|ICEY|XA00TEX|41.415785557|512|0|1|1|0|0|14752|-2008|14656|-1984|252|146|1
W|1338|0|2|ICEY|XA00TEX|41.415785557|512|0|1|1|0|0|14752|-2008|14656|-1984|252|146|1
W|1337|0|0|ICEY|XA00TEX|140.370320572|512|0|1|1|0|0|14656|-1984|14568|-1984|252|146|1
W|1337|0|2|ICEY|XA00TEX|140.370320572|512|0|1|1|0|0|14656|-1984|14568|-1984|252|146|1
W|1307|0|0|ICEY|XA00TEX|228.370320572|512|0|1|1|0|0|14568|-1984|14512|-1960|252|146|1
W|1307|0|2|ICEY|XA00TEX|228.370320572|512|0|1|1|0|0|14568|-1984|14512|-1960|252|146|1
W|1291|0|0|ICEY|XA00TEX|289.296505419|512|0|1|1|0|0|14512|-1960|14432|-1992|252|146|1
W|1291|0|2|ICEY|XA00TEX|289.296505419|512|0|1|1|0|0|14512|-1960|14432|-1992|252|146|1
W|1287|0|0|ICEY|XA00TEX|375.459142333|512|0|1|1|0|0|14432|-1992|14248|-1960|252|146|1
W|1287|0|2|ICEY|XA00TEX|375.459142333|512|0|1|1|0|0|14432|-1992|14248|-1960|252|146|1
W|1279|0|0|ICEY|XA00TEX|50.221022812|512|0|1|1|0|0|14248|-1960|14128|-2000|252|146|1
W|1279|0|2|ICEY|XA00TEX|50.221022812|512|0|1|1|0|0|14248|-1960|14128|-2000|252|146|1
W|1276|0|0|ICEY|XA00TEX|176.712129219|512|0|1|1|0|0|14128|-2000|14000|-1960|252|146|1
W|1276|0|2|ICEY|XA00TEX|176.712129219|512|0|1|1|0|0|14128|-2000|14000|-1960|252|146|1
W|1271|0|0|ICEY|XA00TEX|310.816566133|512|0|1|1|0|0|14000|-1960|13792|-1952|252|146|1
W|1271|0|2|ICEY|XA00TEX|310.816566133|512|0|1|1|0|0|14000|-1960|13792|-1952|252|146|1
W|1244|0|0|ICEY|XA00TEX|6.970355433|512|0|1|1|0|0|13792|-1952|13720|-2008|252|146|1
W|1244|0|2|ICEY|XA00TEX|6.970355433|512|0|1|1|0|0|13792|-1952|13720|-2008|252|146|1
W|1242|0|0|ICEY|XA00TEX|98.184389441|512|0|1|1|0|0|13720|-2008|13536|-1976|252|146|1
W|1242|0|2|ICEY|XA00TEX|98.184389441|512|0|1|1|0|0|13720|-2008|13536|-1976|252|146|1
W|1017|0|0|ICEY|XA00TEX|284.94626992|512|0|1|1|0|0|13536|-1976|13400|-1944|252|146|1
W|1017|0|2|ICEY|XA00TEX|284.94626992|512|0|1|1|0|0|13536|-1976|13400|-1944|252|146|1
W|1094|0|0|ICEY|XA00TEX|424.660263492|512|0|1|1|0|0|13400|-1944|13128|-1968|252|146|1
W|1094|0|2|ICEY|XA00TEX|424.660263492|512|0|1|1|0|0|13400|-1944|13128|-1968|252|146|1
W|906|0|0|ICEY|XA00TEX|185.717034146|512|0|1|1|0|0|13128|-1968|13072|-1968|252|146|1
W|906|0|2|ICEY|XA00TEX|185.717034146|512|0|1|1|0|0|13128|-1968|13072|-1968|252|146|1
W|881|1|0|ICEY|XA00TEX|0|512|0|1|1|0|0|15424|-4400|15424|-1936|266|252|1
W|881|1|2|ICEY|XA00TEX|0|512|0|1|1|0|0|15424|-4400|15424|-1936|266|252|1
W|883|1|0|ICEY|XA00TEX|416|512|0|1|1|0|0|15424|-1936|13024|-1936|266|252|1
W|883|1|2|ICEY|XA00TEX|416|512|0|1|1|0|0|15424|-1936|13024|-1936|266|252|1
W|882|0|0|ICEY|XA00TEX|73|512|0|1|1|-55|0|15424|-4400|15280|-4264|252|2047|1
W|882|0|2|ICEY|XA00TEX|73|512|0|1|1|-55|0|15424|-4400|15280|-4264|252|2047|1
W|882|1|0|ICEY|XA00TEX|0|512|0|1|1|0|0|15280|-4264|15424|-4400|2047|252|1
W|882|1|2|ICEY|XA00TEX|0|512|0|1|1|0|0|15280|-4264|15424|-4400|2047|252|1
W|883|0|0|ICEY|XA00TEX|0|512|0|1|1|0|0|13024|-1936|15424|-1936|252|266|1
W|883|0|2|ICEY|XA00TEX|0|512|0|1|1|0|0|13024|-1936|15424|-1936|252|266|1
W|881|0|0|ICEY|XA00TEX|352|512|0|1|1|0|0|15424|-1936|15424|-4400|252|266|1
W|881|0|2|ICEY|XA00TEX|352|512|0|1|1|0|0|15424|-1936|15424|-4400|252|266|1
W|897|0|0|ICEY|XA00TEX|0|512|0|1|1|0|0|14896|-3416|14960|-3352|262|146|1
W|897|0|2|ICEY|XA00TEX|0|512|0|1|1|0|0|14896|-3416|14960|-3352|262|146|1
W|925|0|0|ICEY|XA00TEX|90.509667992|512|0|1|1|0|0|14960|-3352|14992|-3384|262|146|1
W|925|0|2|ICEY|XA00TEX|90.509667992|512|0|1|1|0|0|14960|-3352|14992|-3384|262|146|1
W|924|0|0|ICEY|XA00TEX|135.764501988|512|0|1|1|0|0|14992|-3384|14896|-3416|262|146|1
W|924|0|2|ICEY|XA00TEX|135.764501988|512|0|1|1|0|0|14992|-3384|14896|-3416|262|146|1
W|901|0|0|ICEY|XA00TEX|0|512|0|1|1|0|0|13136|-3672|13264|-3640|259|146|1
W|901|0|2|ICEY|XA00TEX|0|512|0|1|1|0|0|13136|-3672|13264|-3640|259|146|1
W|909|0|0|ICEY|XA00TEX|131.93938002|512|0|1|1|0|0|13264|-3640|13368|-3704|259|146|1
W|909|0|2|ICEY|XA00TEX|131.93938002|512|0|1|1|0|0|13264|-3640|13368|-3704|259|146|1
W|1801|0|0|ICEY|XA00TEX|254.0540802|512|0|1|1|0|0|13368|-3704|13496|-3704|259|146|1
W|1801|0|2|ICEY|XA00TEX|254.0540802|512|0|1|1|0|0|13368|-3704|13496|-3704|259|146|1
W|903|0|0|ICEY|XA00TEX|382.0540802|512|0|1|1|0|0|13496|-3704|13592|-3664|259|146|1
W|903|0|2|ICEY|XA00TEX|382.0540802|512|0|1|1|0|0|13496|-3704|13592|-3664|259|146|1
W|1641|0|0|ICEY|XA00TEX|486.0540802|512|0|1|1|0|0|13592|-3664|13704|-3720|259|146|1
W|1641|0|2|ICEY|XA00TEX|486.0540802|512|0|1|1|0|0|13592|-3664|13704|-3720|259|146|1
W|905|0|0|ICEY|XA00TEX|99.27388694|512|0|1|1|0|0|13704|-3720|13792|-3736|259|146|1
W|905|0|2|ICEY|XA00TEX|99.27388694|512|0|1|1|0|0|13704|-3720|13792|-3736|259|146|1
W|3028|0|0|ICEY|XA00TEX|188.71660604|512|0|1|1|0|0|13792|-3736|13904|-3704|259|146|1
W|3028|0|2|ICEY|XA00TEX|188.71660604|512|0|1|1|0|0|13792|-3736|13904|-3704|259|146|1
W|902|1|0|ICEY|XA00TEX|0|512|0|1|1|0|0|13904|-3704|13904|-3664|2047|146|1
W|902|1|2|ICEY|XA00TEX|0|512|0|1|1|0|0|13904|-3704|13904|-3664|2047|146|1
W|1362|1|0|ICEY|XA00TEX|40|512|0|1|1|0|0|13904|-3664|13864|-3640|2047|146|1
W|1362|1|2|ICEY|XA00TEX|40|512|0|1|1|0|0|13904|-3664|13864|-3640|2047|146|1
W|1357|1|0|ICEY|XA00TEX|86.647615159|512|0|1|1|0|0|13864|-3640|13872|-3608|2047|146|1
W|1357|1|2|ICEY|XA00TEX|86.647615159|512|0|1|1|0|0|13864|-3640|13872|-3608|2047|146|1
W|1341|1|0|ICEY|XA00TEX|119.632460164|512|0|1|1|0|0|13872|-3608|13800|-3576|2047|146|1
W|1341|1|2|ICEY|XA00TEX|119.632460164|512|0|1|1|0|0|13872|-3608|13800|-3576|2047|146|1
W|1339|1|0|ICEY|XA00TEX|198.423322578|512|0|1|1|0|0|13800|-3576|13792|-3536|2047|146|1
W|1339|1|2|ICEY|XA00TEX|198.423322578|512|0|1|1|0|0|13800|-3576|13792|-3536|2047|146|1
W|1336|1|0|ICEY|XA00TEX|239.215478687|512|0|1|1|0|0|13792|-3536|13792|-3456|2047|146|1
W|1336|1|2|ICEY|XA00TEX|239.215478687|512|0|1|1|0|0|13792|-3536|13792|-3456|2047|146|1
W|1335|1|0|ICEY|XA00TEX|319.215478687|512|0|1|1|0|0|13792|-3456|13776|-3384|2047|146|1
W|1335|1|2|ICEY|XA00TEX|319.215478687|512|0|1|1|0|0|13792|-3456|13776|-3384|2047|146|1
W|1332|1|0|ICEY|XA00TEX|392.971834345|512|0|1|1|0|0|13776|-3384|13792|-3328|2047|146|1
W|1332|1|2|ICEY|XA00TEX|392.971834345|512|0|1|1|0|0|13776|-3384|13792|-3328|2047|146|1
W|1327|1|0|ICEY|XA00TEX|451.212713459|512|0|1|1|0|0|13792|-3328|13808|-3272|2047|146|1
W|1327|1|2|ICEY|XA00TEX|451.212713459|512|0|1|1|0|0|13792|-3328|13808|-3272|2047|146|1
W|1326|1|0|ICEY|XA00TEX|509.453592574|512|0|1|1|0|0|13808|-3272|13856|-3232|2047|146|1
W|1326|1|2|ICEY|XA00TEX|509.453592574|512|0|1|1|0|0|13808|-3272|13856|-3232|2047|146|1
W|1323|1|0|ICEY|XA00TEX|59.935589981|512|0|1|1|0|0|13856|-3232|13904|-3184|2047|146|1
W|1323|1|2|ICEY|XA00TEX|59.935589981|512|0|1|1|0|0|13856|-3232|13904|-3184|2047|146|1
W|1322|1|0|ICEY|XA00TEX|127.817840975|512|0|1|1|0|0|13904|-3184|13976|-3192|2047|146|1
W|1322|1|2|ICEY|XA00TEX|127.817840975|512|0|1|1|0|0|13904|-3184|13976|-3192|2047|146|1
W|1321|1|0|ICEY|XA00TEX|200.26092208|512|0|1|1|0|0|13976|-3192|14016|-3200|2047|146|1
W|1321|1|2|ICEY|XA00TEX|200.26092208|512|0|1|1|0|0|13976|-3192|14016|-3200|2047|146|1
W|1320|1|0|ICEY|XA00TEX|241.053078189|512|0|1|1|0|0|14016|-3200|14080|-3192|2047|146|1
W|1320|1|2|ICEY|XA00TEX|241.053078189|512|0|1|1|0|0|14016|-3200|14080|-3192|2047|146|1
W|1296|1|0|ICEY|XA00TEX|305.551140175|512|0|1|1|0|0|14080|-3192|14160|-3200|2047|146|1
W|1296|1|2|ICEY|XA00TEX|305.551140175|512|0|1|1|0|0|14080|-3192|14160|-3200|2047|146|1
W|1290|1|0|ICEY|XA00TEX|385.950145144|512|0|1|1|0|0|14160|-3200|14224|-3248|2047|146|1
W|1290|1|2|ICEY|XA00TEX|385.950145144|512|0|1|1|0|0|14160|-3200|14224|-3248|2047|146|1
W|1286|1|0|ICEY|XA00TEX|465.950145144|512|0|1|1|0|0|14224|-3248|14272|-3264|2047|146|1
W|1286|1|2|ICEY|XA00TEX|465.950145144|512|0|1|1|0|0|14224|-3248|14272|-3264|2047|146|1
W|1284|1|0|ICEY|XA00TEX|4.546587707|512|0|1|1|0|0|14272|-3264|14288|-3328|2047|146|1
W|1284|1|2|ICEY|XA00TEX|4.546587707|512|0|1|1|0|0|14272|-3264|14288|-3328|2047|146|1
W|1282|1|0|ICEY|XA00TEX|70.516277717|512|0|1|1|0|0|14288|-3328|14280|-3408|2047|146|1
W|1282|1|2|ICEY|XA00TEX|70.516277717|512|0|1|1|0|0|14288|-3328|14280|-3408|2047|146|1
W|1272|1|0|ICEY|XA00TEX|150.915282686|512|0|1|1|0|0|14280|-3408|14288|-3472|2047|146|1
W|1272|1|2|ICEY|XA00TEX|150.915282686|512|0|1|1|0|0|14280|-3408|14288|-3472|2047|146|1
W|1267|1|0|ICEY|XA00TEX|215.413344672|512|0|1|1|0|0|14288|-3472|14256|-3560|2047|146|1
W|1267|1|2|ICEY|XA00TEX|215.413344672|512|0|1|1|0|0|14288|-3472|14256|-3560|2047|146|1
W|1260|1|0|ICEY|XA00TEX|309.050943958|512|0|1|1|0|0|14256|-3560|14232|-3584|2047|146|1
W|1260|1|2|ICEY|XA00TEX|309.050943958|512|0|1|1|0|0|14256|-3560|14232|-3584|2047|146|1
W|1257|1|0|ICEY|XA00TEX|342.992069455|512|0|1|1|0|0|14232|-3584|14160|-3640|2047|146|1
W|1257|1|2|ICEY|XA00TEX|342.992069455|512|0|1|1|0|0|14232|-3584|14160|-3640|2047|146|1
W|893|1|0|ICEY|XA00TEX|434.206103463|512|0|1|1|0|0|14160|-3640|14208|-3688|2047|146|1
W|893|1|2|ICEY|XA00TEX|434.206103463|512|0|1|1|0|0|14160|-3640|14208|-3688|2047|146|1
W|896|1|0|ICEY|XA00TEX|502.088354456|512|0|1|1|0|0|14208|-3688|14208|-3768|2047|146|1
W|896|1|2|ICEY|XA00TEX|502.088354456|512|0|1|1|0|0|14208|-3688|14208|-3768|2047|146|1
W|915|1|0|ICEY|XA00TEX|70.088354456|512|0|1|1|0|0|14208|-3768|14272|-3800|2047|146|1
W|915|1|2|ICEY|XA00TEX|70.088354456|512|0|1|1|0|0|14208|-3768|14272|-3800|2047|146|1
W|889|1|0|ICEY|XA00TEX|141.642529736|512|0|1|1|0|0|14272|-3800|14272|-3920|2047|146|1
W|889|1|2|ICEY|XA00TEX|141.642529736|512|0|1|1|0|0|14272|-3800|14272|-3920|2047|146|1
W|888|1|0|ICEY|XA00TEX|261.642529736|512|0|1|1|0|0|14272|-3920|14232|-3984|2047|146|1
W|888|1|2|ICEY|XA00TEX|261.642529736|512|0|1|1|0|0|14272|-3920|14232|-3984|2047|146|1
W|1690|1|0|ICEY|XA00TEX|337.114378793|512|0|1|1|0|0|14232|-3984|14304|-4096|2047|146|1
W|1690|1|2|ICEY|XA00TEX|337.114378793|512|0|1|1|0|0|14232|-3984|14304|-4096|2047|146|1
W|1836|1|0|ICEY|XA00TEX|470.26091461|512|0|1|1|0|0|14304|-4096|14208|-4160|2047|146|1
W|1836|1|2|ICEY|XA00TEX|470.26091461|512|0|1|1|0|0|14304|-4096|14208|-4160|2047|146|1
W|1072|1|0|ICEY|XA00TEX|73.638555425|512|0|1|1|0|0|14208|-4160|14248|-4200|2047|146|1
W|1072|1|2|ICEY|XA00TEX|73.638555425|512|0|1|1|0|0|14208|-4160|14248|-4200|2047|146|1
W|1070|1|0|ICEY|XA00TEX|130.207097919|512|0|1|1|0|0|14248|-4200|14288|-4200|2047|146|1
W|1070|1|2|ICEY|XA00TEX|130.207097919|512|0|1|1|0|0|14248|-4200|14288|-4200|2047|146|1
W|1060|1|0|ICEY|XA00TEX|170.207097919|512|0|1|1|0|0|14288|-4200|14272|-4248|2047|146|1
W|1060|1|2|ICEY|XA00TEX|170.207097919|512|0|1|1|0|0|14288|-4200|14272|-4248|2047|146|1
W|4318|1|0|ICEY|XA00TEX|220.803540482|512|0|1|1|0|0|14272|-4248|14296|-4280|2047|146|1
W|4318|1|2|ICEY|XA00TEX|220.803540482|512|0|1|1|0|0|14272|-4248|14296|-4280|2047|146|1
W|2335|1|0|ICEY|XA00TEX|260.803540482|512|0|1|1|0|0|14296|-4280|14336|-4264|2047|146|1
W|2335|1|2|ICEY|XA00TEX|260.803540482|512|0|1|1|0|0|14296|-4280|14336|-4264|2047|146|1
W|1849|1|0|ICEY|XA00TEX|303.884858939|512|0|1|1|0|0|14336|-4264|14384|-4304|2047|146|1
W|1849|1|2|ICEY|XA00TEX|303.884858939|512|0|1|1|0|0|14336|-4264|14384|-4304|2047|146|1
W|1830|1|0|ICEY|XA00TEX|366.366856346|512|0|1|1|0|0|14384|-4304|14456|-4288|2047|146|1
W|1830|1|2|ICEY|XA00TEX|366.366856346|512|0|1|1|0|0|14384|-4304|14456|-4288|2047|146|1
W|1028|1|0|ICEY|XA00TEX|440.123212005|512|0|1|1|0|0|14456|-4288|14512|-4304|2047|146|1
W|1028|1|2|ICEY|XA00TEX|440.123212005|512|0|1|1|0|0|14456|-4288|14512|-4304|2047|146|1
W|914|1|0|ICEY|XA00TEX|498.364091119|512|0|1|1|0|0|14512|-4304|14576|-4296|2047|146|1
W|914|1|2|ICEY|XA00TEX|498.364091119|512|0|1|1|0|0|14512|-4304|14576|-4296|2047|146|1
W|892|1|0|ICEY|XA00TEX|50.862153105|512|0|1|1|0|0|14576|-4296|14640|-4312|2047|146|1
W|892|1|2|ICEY|XA00TEX|50.862153105|512|0|1|1|0|0|14576|-4296|14640|-4312|2047|146|1
W|891|1|0|ICEY|XA00TEX|116.831843115|512|0|1|1|0|0|14640|-4312|14696|-4280|2047|146|1
W|891|1|2|ICEY|XA00TEX|116.831843115|512|0|1|1|0|0|14640|-4312|14696|-4280|2047|146|1
W|890|1|0|ICEY|XA00TEX|181.329905102|512|0|1|1|0|0|14696|-4280|14760|-4320|2047|146|1
W|890|1|2|ICEY|XA00TEX|181.329905102|512|0|1|1|0|0|14696|-4280|14760|-4320|2047|146|1
W|887|1|0|ICEY|XA00TEX|256.801754158|512|0|1|1|0|0|14760|-4320|14832|-4408|2047|146|1
W|887|1|2|ICEY|XA00TEX|256.801754158|512|0|1|1|0|0|14760|-4320|14832|-4408|2047|146|1
W|1637|1|0|ICEY|XA00TEX|370.503117387|512|0|1|1|0|0|14832|-4408|14928|-4264|2047|146|1
W|1637|1|2|ICEY|XA00TEX|370.503117387|512|0|1|1|0|0|14832|-4408|14928|-4264|2047|146|1
W|1630|1|0|ICEY|XA00TEX|31.569578609|512|0|1|1|0|0|14928|-4264|15088|-4344|2047|146|1
W|1630|1|2|ICEY|XA00TEX|31.569578609|512|0|1|1|0|0|14928|-4264|15088|-4344|2047|146|1
W|1627|1|0|ICEY|XA00TEX|210.455016809|512|0|1|1|0|0|15088|-4344|15280|-4264|2047|146|1
W|1627|1|2|ICEY|XA00TEX|210.455016809|512|0|1|1|0|0|15088|-4344|15280|-4264|2047|146|1
W|906|1|0|ICEY|XA00TEX|41|512|0|1|1|-87|0|13072|-1968|13128|-1968|146|252|1
W|906|1|2|ICEY|XA00TEX|41|512|0|1|1|-87|0|13072|-1968|13128|-1968|146|252|1
W|1094|1|0|ICEY|XA00TEX|97|512|0|1|1|-31|0|13128|-1968|13400|-1944|146|252|1
W|1094|1|2|ICEY|XA00TEX|97|512|0|1|1|-31|0|13128|-1968|13400|-1944|146|252|1
W|1017|1|0|ICEY|XA00TEX|370.056770654|512|0|1|1|-14|0|13400|-1944|13536|-1976|146|252|1
W|1017|1|2|ICEY|XA00TEX|370.056770654|512|0|1|1|-14|0|13400|-1944|13536|-1976|146|252|1
W|1242|1|0|ICEY|XA00TEX|509.770764227|512|0|1|1|-2|0|13536|-1976|13720|-2008|146|252|1
W|1242|1|2|ICEY|XA00TEX|509.770764227|512|0|1|1|-2|0|13536|-1976|13720|-2008|146|252|1
W|1244|1|0|ICEY|XA00TEX|184.532644705|512|0|1|1|-71|0|13720|-2008|13792|-1952|146|252|1
W|1244|1|2|ICEY|XA00TEX|184.532644705|512|0|1|1|-71|0|13720|-2008|13792|-1952|146|252|1
W|1271|1|0|ICEY|XA00TEX|275.746678713|512|0|1|1|-108|0|13792|-1952|14000|-1960|146|252|1
W|1271|1|2|ICEY|XA00TEX|275.746678713|512|0|1|1|-108|0|13792|-1952|14000|-1960|146|252|1
W|1276|1|0|ICEY|XA00TEX|483.900468014|512|0|1|1|-28|0|14000|-1960|14128|-2000|146|252|1
W|1276|1|2|ICEY|XA00TEX|483.900468014|512|0|1|1|-28|0|14000|-1960|14128|-2000|146|252|1
W|1279|1|0|ICEY|XA00TEX|106.004904927|512|0|1|1|-22|0|14128|-2000|14248|-1960|146|252|1
W|1279|1|2|ICEY|XA00TEX|106.004904927|512|0|1|1|-22|0|14128|-2000|14248|-1960|146|252|1
W|1287|1|0|ICEY|XA00TEX|232.496011334|512|0|1|1|-24|0|14248|-1960|14432|-1992|146|252|1
W|1287|1|2|ICEY|XA00TEX|232.496011334|512|0|1|1|-24|0|14248|-1960|14432|-1992|146|252|1
W|1291|1|0|ICEY|XA00TEX|419.257891813|512|0|1|1|-93|0|14432|-1992|14512|-1960|146|252|1
W|1291|1|2|ICEY|XA00TEX|419.257891813|512|0|1|1|-93|0|14432|-1992|14512|-1960|146|252|1
W|1307|1|0|ICEY|XA00TEX|505.420528727|512|0|1|1|-7|0|14512|-1960|14568|-1984|146|252|1
W|1307|1|2|ICEY|XA00TEX|505.420528727|512|0|1|1|-7|0|14512|-1960|14568|-1984|146|252|1
W|1337|1|0|ICEY|XA00TEX|54.346713574|512|0|1|1|-74|0|14568|-1984|14656|-1984|146|252|1
W|1337|1|2|ICEY|XA00TEX|54.346713574|512|0|1|1|-74|0|14568|-1984|14656|-1984|146|252|1
W|1338|1|0|ICEY|XA00TEX|142.346713574|512|0|1|1|-114|0|14656|-1984|14752|-2008|146|252|1
W|1338|1|2|ICEY|XA00TEX|142.346713574|512|0|1|1|-114|0|14656|-1984|14752|-2008|146|252|1
W|1340|1|0|ICEY|XA00TEX|241.301248589|512|0|1|1|-15|0|14752|-2008|14912|-1992|146|252|1
W|1340|1|2|ICEY|XA00TEX|241.301248589|512|0|1|1|-15|0|14752|-2008|14912|-1992|146|252|1
W|1342|1|0|ICEY|XA00TEX|402.099258527|512|0|1|1|-110|0|14912|-1992|15120|-1968|146|252|1
W|1342|1|2|ICEY|XA00TEX|402.099258527|512|0|1|1|-110|0|14912|-1992|15120|-1968|146|252|1
W|1388|1|0|ICEY|XA00TEX|99.47929578|512|0|1|1|-29|0|15120|-1968|15240|-2008|146|252|1
W|1388|1|2|ICEY|XA00TEX|99.47929578|512|0|1|1|-29|0|15120|-1968|15240|-2008|146|252|1
W|1401|1|0|ICEY|XA00TEX|225.970402186|512|0|1|1|-31|0|15240|-2008|15376|-1984|146|252|1
W|1401|1|2|ICEY|XA00TEX|225.970402186|512|0|1|1|-31|0|15240|-2008|15376|-1984|146|252|1
W|1458|1|0|ICEY|XA00TEX|364.071814199|512|0|1|1|-21|0|15376|-1984|15376|-2184|146|252|1
W|1458|1|2|ICEY|XA00TEX|364.071814199|512|0|1|1|-21|0|15376|-1984|15376|-2184|146|252|1
W|1484|1|0|ICEY|XA00TEX|52.071814199|512|0|1|1|-77|0|15376|-2184|15320|-2384|146|252|1
W|1484|1|2|ICEY|XA00TEX|52.071814199|512|0|1|1|-77|0|15376|-2184|15320|-2384|146|252|1
W|1574|1|0|ICEY|XA00TEX|259.763893971|512|0|1|1|-125|0|15320|-2384|15368|-2608|146|252|1
W|1574|1|2|ICEY|XA00TEX|259.763893971|512|0|1|1|-125|0|15320|-2384|15368|-2608|146|252|1
W|1575|1|0|ICEY|XA00TEX|488.849030984|512|0|1|1|-24|0|15368|-2608|15304|-2720|146|252|1
W|1575|1|2|ICEY|XA00TEX|488.849030984|512|0|1|1|-24|0|15368|-2608|15304|-2720|146|252|1
W|1645|1|0|ICEY|XA00TEX|105.845154957|512|0|1|1|-23|0|15304|-2720|15376|-3104|146|252|1
W|1645|1|2|ICEY|XA00TEX|105.845154957|512|0|1|1|-23|0|15304|-2720|15376|-3104|146|252|1
W|1804|1|0|ICEY|XA00TEX|496.536849263|512|0|1|1|-16|0|15376|-3104|15328|-3224|146|252|1
W|1804|1|2|ICEY|XA00TEX|496.536849263|512|0|1|1|-16|0|15376|-3104|15328|-3224|146|252|1
W|864|1|0|ICEY|XA00TEX|113.780804634|512|0|1|1|-15|0|15328|-3224|15392|-3472|146|252|1
W|864|1|2|ICEY|XA00TEX|113.780804634|512|0|1|1|-15|0|15328|-3224|15392|-3472|146|252|1
W|1828|1|0|ICEY|XA00TEX|369.905774132|512|0|1|1|-15|0|15392|-3472|15336|-3664|146|252|1
W|1828|1|2|ICEY|XA00TEX|369.905774132|512|0|1|1|-15|0|15392|-3472|15336|-3664|146|252|1
W|865|1|0|ICEY|XA00TEX|57.905774132|512|0|1|1|-71|0|15336|-3664|15392|-3808|146|252|1
W|865|1|2|ICEY|XA00TEX|57.905774132|512|0|1|1|-71|0|15336|-3664|15392|-3808|146|252|1
W|1825|1|0|ICEY|XA00TEX|212.411437458|512|0|1|1|-44|0|15392|-3808|15344|-3944|146|252|1
W|1825|1|2|ICEY|XA00TEX|212.411437458|512|0|1|1|-44|0|15392|-3808|15344|-3944|146|252|1
W|877|1|0|ICEY|XA00TEX|356.633488477|512|0|1|1|-28|0|15344|-3944|15384|-4144|146|252|1
W|877|1|2|ICEY|XA00TEX|356.633488477|512|0|1|1|-28|0|15344|-3944|15384|-4144|146|252|1
W|878|1|0|ICEY|XA00TEX|48.59426902|512|0|1|1|-80|0|15384|-4144|15352|-4296|146|252|1
W|878|1|2|ICEY|XA00TEX|48.59426902|512|0|1|1|-80|0|15384|-4144|15352|-4296|146|252|1
W|879|1|0|ICEY|XA00TEX|203.926171732|512|0|1|1|-53|0|15352|-4296|15280|-4264|146|252|1
W|879|1|2|ICEY|XA00TEX|203.926171732|512|0|1|1|-53|0|15352|-4296|15280|-4264|146|252|1
W|910|1|2|ICEY|XA00TEX|49|0|0|1|1|-79|0|13264|-3896|13440|-3920|258|259|1
W|900|1|2|ICEY|XA00TEX|226.628826489|0|0|1|1|-29|0|13440|-3920|13480|-3968|258|259|1
W|899|1|2|ICEY|XA00TEX|289.110823897|0|0|1|1|-95|0|13480|-3968|13576|-3984|258|259|1
W|895|1|2|ICEY|XA00TEX|386.435024381|0|0|1|1|-126|0|13576|-3984|13648|-3976|258|259|1
W|894|1|2|ICEY|XA00TEX|458.878105487|0|0|1|1|-54|0|13648|-3976|13760|-3936|258|259|1
W|923|1|2|ICEY|XA00TEX|65.806655465|0|0|1|1|-63|0|13760|-3936|13864|-3984|258|259|1
W|898|1|2|ICEY|XA00TEX|180.349223971|0|0|1|1|-76|0|13864|-3984|13904|-4072|258|259|1
W|924|1|0|ICEY|XA00TEX|0|512|0|1|1|0|0|14896|-3416|14992|-3384|146|262|1
W|924|1|2|ICEY|XA00TEX|0|512|0|1|1|0|0|14896|-3416|14992|-3384|146|262|1
W|925|1|0|ICEY|XA00TEX|101.192885125|512|0|1|1|0|0|14992|-3384|14960|-3352|146|262|1
W|925|1|2|ICEY|XA00TEX|101.192885125|512|0|1|1|0|0|14992|-3384|14960|-3352|146|262|1
W|897|1|0|ICEY|XA00TEX|146.447719121|512|0|1|1|0|0|14960|-3352|14896|-3416|146|262|1
W|897|1|2|ICEY|XA00TEX|146.447719121|512|0|1|1|0|0|14960|-3352|14896|-3416|146|262|1
W|937|1|0|ICEY|XA00TEX|0|512|0|1|1|0|0|13456|-2744|13520|-2520|265|146|1
W|937|1|2|ICEY|XA00TEX|0|512|0|1|1|0|0|13456|-2744|13520|-2520|265|146|1
W|1013|1|0|ICEY|XA00TEX|232.963516457|512|0|1|1|0|0|13520|-2520|13584|-2424|265|146|1
W|1013|1|2|ICEY|XA00TEX|232.963516457|512|0|1|1|0|0|13520|-2520|13584|-2424|265|146|1
W|938|1|0|ICEY|XA00TEX|348.341157272|512|0|1|1|0|0|13584|-2424|13680|-2456|265|146|1
W|938|1|2|ICEY|XA00TEX|348.341157272|512|0|1|1|0|0|13584|-2424|13680|-2456|265|146|1
W|1010|1|0|ICEY|XA00TEX|449.534042397|512|0|1|1|0|0|13680|-2456|13840|-2328|265|146|1
W|1010|1|2|ICEY|XA00TEX|449.534042397|512|0|1|1|0|0|13680|-2456|13840|-2328|265|146|1
W|936|1|0|ICEY|XA00TEX|142.434017995|512|0|1|1|0|0|13840|-2328|13904|-2168|265|146|1
W|936|1|2|ICEY|XA00TEX|142.434017995|512|0|1|1|0|0|13840|-2328|13904|-2168|265|146|1
W|935|1|0|ICEY|XA00TEX|314.759291823|512|0|1|1|0|0|13904|-2168|14032|-2168|265|146|1
W|935|1|2|ICEY|XA00TEX|314.759291823|512|0|1|1|0|0|13904|-2168|14032|-2168|265|146|1
W|976|1|0|ICEY|XA00TEX|442.759291823|512|0|1|1|0|0|14032|-2168|14128|-2264|265|146|1
W|976|1|2|ICEY|XA00TEX|442.759291823|512|0|1|1|0|0|14032|-2168|14128|-2264|265|146|1
W|939|1|0|ICEY|XA00TEX|66.523793811|512|0|1|1|0|0|14128|-2264|14128|-2392|265|146|1
W|939|1|2|ICEY|XA00TEX|66.523793811|512|0|1|1|0|0|14128|-2264|14128|-2392|265|146|1
W|975|1|0|ICEY|XA00TEX|194.523793811|512|0|1|1|0|0|14128|-2392|14000|-2520|265|146|1
W|975|1|2|ICEY|XA00TEX|194.523793811|512|0|1|1|0|0|14128|-2392|14000|-2520|265|146|1
W|968|1|0|ICEY|XA00TEX|375.543129795|512|0|1|1|0|0|14000|-2520|13936|-2680|265|146|1
W|968|1|2|ICEY|XA00TEX|375.543129795|512|0|1|1|0|0|14000|-2520|13936|-2680|265|146|1
W|965|1|0|ICEY|XA00TEX|35.868403623|512|0|1|1|0|0|13936|-2680|13776|-2712|265|146|1
W|965|1|2|ICEY|XA00TEX|35.868403623|512|0|1|1|0|0|13936|-2680|13776|-2712|265|146|1
W|964|1|0|ICEY|XA00TEX|199.037028058|512|0|1|1|0|0|13776|-2712|13712|-2744|265|146|1
W|964|1|2|ICEY|XA00TEX|199.037028058|512|0|1|1|0|0|13776|-2712|13712|-2744|265|146|1
W|942|1|0|ICEY|XA00TEX|270.591203338|512|0|1|1|0|0|13712|-2744|13648|-2904|265|146|1
W|942|1|2|ICEY|XA00TEX|270.591203338|512|0|1|1|0|0|13712|-2744|13648|-2904|265|146|1
W|957|1|0|ICEY|XA00TEX|442.916477167|512|0|1|1|0|0|13648|-2904|13552|-3000|265|146|1
W|957|1|2|ICEY|XA00TEX|442.916477167|512|0|1|1|0|0|13648|-2904|13552|-3000|265|146|1
W|962|1|0|ICEY|XA00TEX|66.680979154|512|0|1|1|0|0|13552|-3000|13392|-2968|265|146|1
W|962|1|2|ICEY|XA00TEX|66.680979154|512|0|1|1|0|0|13552|-3000|13392|-2968|265|146|1
W|941|1|0|ICEY|XA00TEX|0|512|0|1|1|0|0|13392|-2968|13240|-3080|2047|146|1
W|941|1|2|ICEY|XA00TEX|0|512|0|1|1|0|0|13392|-2968|13240|-3080|2047|146|1
W|1557|1|0|ICEY|XA00TEX|188.806779539|512|0|1|1|0|0|13240|-3080|13360|-3320|2047|146|1
W|1557|1|2|ICEY|XA00TEX|188.806779539|512|0|1|1|0|0|13240|-3080|13360|-3320|2047|146|1
W|1556|1|0|ICEY|XA00TEX|457.134936839|512|0|1|1|0|0|13360|-3320|13264|-3448|2047|146|1
W|1556|1|2|ICEY|XA00TEX|457.134936839|512|0|1|1|0|0|13360|-3320|13264|-3448|2047|146|1
W|1553|1|0|ICEY|XA00TEX|105.134936839|512|0|1|1|0|0|13264|-3448|13136|-3672|2047|146|1
W|1553|1|2|ICEY|XA00TEX|105.134936839|512|0|1|1|0|0|13264|-3448|13136|-3672|2047|146|1
W|962|0|0|ICEY|XA00TEX|64|512|0|1|1|-64|0|13392|-2968|13552|-3000|146|265|1
W|962|0|2|ICEY|XA00TEX|64|512|0|1|1|-64|0|13392|-2968|13552|-3000|146|265|1
W|957|0|0|ICEY|XA00TEX|227.168624435|512|0|1|1|-29|0|13552|-3000|13648|-2904|146|265|1
W|957|0|2|ICEY|XA00TEX|227.168624435|512|0|1|1|-29|0|13552|-3000|13648|-2904|146|265|1
W|942|0|0|ICEY|XA00TEX|362.933126423|512|0|1|1|-21|0|13648|-2904|13712|-2744|146|265|1
W|942|0|2|ICEY|XA00TEX|362.933126423|512|0|1|1|-21|0|13648|-2904|13712|-2744|146|265|1
W|964|0|0|ICEY|XA00TEX|23.258400251|512|0|1|1|-105|0|13712|-2744|13776|-2712|146|265|1
W|964|0|2|ICEY|XA00TEX|23.258400251|512|0|1|1|-105|0|13712|-2744|13776|-2712|146|265|1
W|965|0|0|ICEY|XA00TEX|94.812575531|512|0|1|1|-33|0|13776|-2712|13936|-2680|146|265|1
W|965|0|2|ICEY|XA00TEX|94.812575531|512|0|1|1|-33|0|13776|-2712|13936|-2680|146|265|1
W|968|0|0|ICEY|XA00TEX|257.981199966|512|0|1|1|-126|0|13936|-2680|14000|-2520|146|265|1
W|968|0|2|ICEY|XA00TEX|257.981199966|512|0|1|1|-126|0|13936|-2680|14000|-2520|146|265|1
W|975|0|0|ICEY|XA00TEX|430.306473794|512|0|1|1|-82|0|14000|-2520|14128|-2392|146|265|1
W|975|0|2|ICEY|XA00TEX|430.306473794|512|0|1|1|-82|0|14000|-2520|14128|-2392|146|265|1
W|939|0|0|ICEY|XA00TEX|99.325809778|512|0|1|1|-29|0|14128|-2392|14128|-2264|146|265|1
W|939|0|2|ICEY|XA00TEX|99.325809778|512|0|1|1|-29|0|14128|-2392|14128|-2264|146|265|1
W|976|0|0|ICEY|XA00TEX|227.325809778|512|0|1|1|-29|0|14128|-2264|14032|-2168|146|265|1
W|976|0|2|ICEY|XA00TEX|227.325809778|512|0|1|1|-29|0|14128|-2264|14032|-2168|146|265|1
W|935|0|0|ICEY|XA00TEX|363.090311766|512|0|1|1|-21|0|14032|-2168|13904|-2168|146|265|1
W|935|0|2|ICEY|XA00TEX|363.090311766|512|0|1|1|-21|0|14032|-2168|13904|-2168|146|265|1
W|936|0|0|ICEY|XA00TEX|491.090311766|512|0|1|1|-21|0|13904|-2168|13840|-2328|146|265|1
W|936|0|2|ICEY|XA00TEX|491.090311766|512|0|1|1|-21|0|13904|-2168|13840|-2328|146|265|1
W|1010|0|0|ICEY|XA00TEX|151.415585594|512|0|1|1|-105|0|13840|-2328|13680|-2456|146|265|1
W|1010|0|2|ICEY|XA00TEX|151.415585594|512|0|1|1|-105|0|13840|-2328|13680|-2456|146|265|1
W|938|0|0|ICEY|XA00TEX|356.315561192|512|0|1|1|-28|0|13680|-2456|13584|-2424|146|265|1
W|938|0|2|ICEY|XA00TEX|356.315561192|512|0|1|1|-28|0|13680|-2456|13584|-2424|146|265|1
W|1013|0|0|ICEY|XA00TEX|457.508446317|512|0|1|1|-55|0|13584|-2424|13520|-2520|146|265|1
W|1013|0|2|ICEY|XA00TEX|457.508446317|512|0|1|1|-55|0|13584|-2424|13520|-2520|146|265|1
W|937|0|0|ICEY|XA00TEX|60.886087132|512|0|1|1|-68|0|13520|-2520|13456|-2744|146|265|1
W|937|0|2|ICEY|XA00TEX|60.886087132|512|0|1|1|-68|0|13520|-2520|13456|-2744|146|265|1
W|1016|0|0|ICEY|XA00TEX|0|512|0|1|1|0|0|13024|-1936|13024|-4416|266|2047|1
W|1016|0|2|ICEY|XA00TEX|0|512|0|1|1|0|0|13024|-1936|13024|-4416|266|2047|1
W|1016|1|0|ICEY|XA00TEX|0|512|0|1|1|0|0|13024|-4416|13024|-1936|2047|266|1
W|1016|1|2|ICEY|XA00TEX|0|512|0|1|1|0|0|13024|-4416|13024|-1936|2047|266|1
W|1109|1|0|ICEY|XA00TEX|95|384|0|1|1|-33|0|11104|-4312|11048|-4296|2268|374|1
W|1109|1|2|ICEY|XA00TEX|95|384|0|1|1|-33|0|11104|-4312|11048|-4296|2268|374|1
W|1129|1|0|ICEY|XA00TEX|153.240879114|384|0|1|1|-103|0|11048|-4296|10976|-4312|2268|374|1
W|1129|1|2|ICEY|XA00TEX|153.240879114|384|0|1|1|-103|0|11048|-4296|10976|-4312|2268|374|1
W|1304|1|0|ICEY|XA00TEX|8|256|0|1|1|-120|0|10800|-4168|10776|-4128|404|307|1
W|1304|1|2|ICEY|XA00TEX|8|256|0|1|1|-120|0|10800|-4168|10776|-4128|404|307|1
W|1308|1|0|ICEY|XA00TEX|54.647615159|256|0|1|1|-73|0|10776|-4128|10752|-4128|404|307|1
W|1308|1|2|ICEY|XA00TEX|54.647615159|256|0|1|1|-73|0|10776|-4128|10752|-4128|404|307|1
W|1311|1|0|ICEY|XA00TEX|78.647615159|256|0|1|1|-49|0|10752|-4128|10752|-3648|404|307|1
W|1311|1|2|ICEY|XA00TEX|78.647615159|256|0|1|1|-49|0|10752|-4128|10752|-3648|404|307|1
W|1312|1|0|ICEY|XA00TEX|47|384|0|1|1|-81|0|10752|-3648|10824|-3592|2268|307|1
W|1312|1|2|ICEY|XA00TEX|47|384|0|1|1|-81|0|10752|-3648|10824|-3592|2268|307|1
W|1313|1|0|ICEY|XA00TEX|138.214034008|384|0|1|1|-118|0|10824|-3592|10848|-3568|2268|307|1
W|1313|1|2|ICEY|XA00TEX|138.214034008|384|0|1|1|-118|0|10824|-3592|10848|-3568|2268|307|1
W|1480|1|0|ICEY|XA00TEX|172.155159505|384|0|1|1|-84|0|10848|-3568|10848|-3464|2268|307|1
W|1480|1|2|ICEY|XA00TEX|172.155159505|384|0|1|1|-84|0|10848|-3568|10848|-3464|2268|307|1
W|1569|1|0|ICEY|XA00TEX|276.155159505|384|0|1|1|-108|0|10848|-3464|10872|-3416|2268|307|1
W|1569|1|2|ICEY|XA00TEX|276.155159505|384|0|1|1|-108|0|10848|-3464|10872|-3416|2268|307|1
W|1587|1|0|ICEY|XA00TEX|329.820790965|384|0|1|1|-54|0|10872|-3416|10832|-3336|2268|307|1
W|1587|1|2|ICEY|XA00TEX|329.820790965|384|0|1|1|-54|0|10872|-3416|10832|-3336|2268|307|1
W|1333|1|0|ICEY|XA00TEX|419.263510065|384|0|1|1|-93|0|10832|-3336|10840|-3304|2268|307|1
W|1333|1|2|ICEY|XA00TEX|419.263510065|384|0|1|1|-93|0|10832|-3336|10840|-3304|2268|307|1
W|1353|1|0|ICEY|XA00TEX|452.24835507|384|0|1|1|-60|0|10840|-3304|10784|-3264|2268|307|1
W|1353|1|2|ICEY|XA00TEX|452.24835507|384|0|1|1|-60|0|10840|-3304|10784|-3264|2268|307|1
W|1354|1|0|ICEY|XA00TEX|9.066957206|384|0|1|1|-119|0|10784|-3264|10752|-3208|2268|307|1
W|1354|1|2|ICEY|XA00TEX|9.066957206|384|0|1|1|-119|0|10784|-3264|10752|-3208|2268|307|1
W|1356|1|0|ICEY|XA00TEX|73.565019193|384|0|1|1|-55|0|10752|-3208|10672|-3200|2268|307|1
W|1356|1|2|ICEY|XA00TEX|73.565019193|384|0|1|1|-55|0|10752|-3208|10672|-3200|2268|307|1
W|1387|1|0|ICEY|XA00TEX|153.964024162|384|0|1|1|-103|0|10672|-3200|10616|-3224|2268|307|1
W|1387|1|2|ICEY|XA00TEX|153.964024162|384|0|1|1|-103|0|10672|-3200|10616|-3224|2268|307|1
W|1507|1|0|ICEY|XA00TEX|214.890209008|384|0|1|1|-42|0|10616|-3224|10568|-3200|2268|307|1
W|1507|1|2|ICEY|XA00TEX|214.890209008|384|0|1|1|-42|0|10616|-3224|10568|-3200|2268|307|1
W|1701|1|0|ICEY|XA00TEX|268.555840468|384|0|1|1|-116|0|10568|-3200|10520|-3216|2268|307|1
W|1701|1|2|ICEY|XA00TEX|268.555840468|384|0|1|1|-116|0|10568|-3200|10520|-3216|2268|307|1
W|1717|1|0|ICEY|XA00TEX|319.152283031|384|0|1|1|-65|0|10520|-3216|10456|-3272|2268|307|1
W|1717|1|2|ICEY|XA00TEX|319.152283031|384|0|1|1|-65|0|10520|-3216|10456|-3272|2268|307|1
W|1722|1|0|ICEY|XA00TEX|404.193449533|384|0|1|1|-108|0|10456|-3272|10400|-3280|2268|307|1
W|1722|1|2|ICEY|XA00TEX|404.193449533|384|0|1|1|-108|0|10456|-3272|10400|-3280|2268|307|1
W|1764|1|0|ICEY|XA00TEX|460.761992028|384|0|1|1|-51|0|10400|-3280|10400|-3336|2268|307|1
W|1764|1|2|ICEY|XA00TEX|460.761992028|384|0|1|1|-51|0|10400|-3280|10400|-3336|2268|307|1
W|1334|1|0|ICEY|XA00TEX|4.761992028|384|0|1|1|-123|0|10400|-3336|10368|-3392|2268|307|1
W|1334|1|2|ICEY|XA00TEX|4.761992028|384|0|1|1|-123|0|10400|-3336|10368|-3392|2268|307|1
W|1361|1|0|ICEY|XA00TEX|69.260054014|384|0|1|1|-59|0|10368|-3392|10400|-3472|2268|307|1
W|1361|1|2|ICEY|XA00TEX|69.260054014|384|0|1|1|-59|0|10368|-3392|10400|-3472|2268|307|1
W|1365|1|0|ICEY|XA00TEX|155.422690928|384|0|1|1|-101|0|10400|-3472|10384|-3544|2268|307|1
W|1365|1|2|ICEY|XA00TEX|155.422690928|384|0|1|1|-101|0|10400|-3472|10384|-3544|2268|307|1
W|1376|1|0|ICEY|XA00TEX|229.179046587|384|0|1|1|-27|0|10384|-3544|10392|-3584|2268|307|1
W|1376|1|2|ICEY|XA00TEX|229.179046587|384|0|1|1|-27|0|10384|-3544|10392|-3584|2268|307|1
W|1431|1|0|ICEY|XA00TEX|269.971202696|384|0|1|1|-114|0|10392|-3584|10464|-3616|2268|307|1
W|1431|1|2|ICEY|XA00TEX|269.971202696|384|0|1|1|-114|0|10392|-3584|10464|-3616|2268|307|1
W|1631|1|0|ICEY|XA00TEX|348.76206511|384|0|1|1|-35|0|10464|-3616|10456|-3648|2268|307|1
W|1631|1|2|ICEY|XA00TEX|348.76206511|384|0|1|1|-35|0|10464|-3616|10456|-3648|2268|307|1
W|1754|1|0|ICEY|XA00TEX|381.746910115|384|0|1|1|-2|0|10456|-3648|10496|-3672|2268|307|1
W|1754|1|2|ICEY|XA00TEX|381.746910115|384|0|1|1|-2|0|10456|-3648|10496|-3672|2268|307|1
W|3669|1|0|ICEY|XA00TEX|428.394525274|384|0|1|1|-83|0|10496|-3672|10496|-3712|2268|307|1
W|3669|1|2|ICEY|XA00TEX|428.394525274|384|0|1|1|-83|0|10496|-3672|10496|-3712|2268|307|1
W|1345|0|1|ICEY|XA00TEX|115|256|0|1|1|-13|0|9984|-4368|9980|-4364|82|-1|1
W|1369|0|2|ICEY|XA00TEX|21|128|0|1|1|-107|0|13904|-4072|13904|-4112|258|2047|1
W|1370|0|2|ICEY|XA00TEX|61|128|0|1|1|-67|0|13904|-4112|13880|-4128|258|2047|1
W|1383|0|2|ICEY|XA00TEX|89.844410204|128|0|1|1|-38|0|13880|-4128|13864|-4176|258|2047|1
W|1389|0|2|ICEY|XA00TEX|140.440852766|128|0|1|1|-115|0|13864|-4176|13808|-4232|258|2047|1
W|1452|0|2|ICEY|XA00TEX|219.636812259|128|0|1|1|-41|0|13808|-4232|13784|-4280|258|2047|1
W|1501|0|2|ICEY|XA00TEX|273.302443719|128|0|1|1|-111|0|13784|-4280|13712|-4296|258|2047|1
W|1519|0|2|ICEY|XA00TEX|347.058799378|128|0|1|1|-37|0|13712|-4296|13664|-4312|258|2047|1
W|1527|0|2|ICEY|XA00TEX|397.65524194|128|0|1|1|-114|0|13664|-4312|13584|-4304|258|2047|1
W|1535|0|2|ICEY|XA00TEX|478.054246909|128|0|1|1|-34|0|13584|-4304|13472|-4312|258|2047|1
W|1536|0|2|ICEY|XA00TEX|78.33959769|128|0|1|1|-50|0|13472|-4312|13424|-4296|258|2047|1
W|1537|0|2|ICEY|XA00TEX|128.936040253|128|0|1|1|-127|0|13424|-4296|13400|-4320|258|2047|1
W|1538|0|2|ICEY|XA00TEX|162.87716575|128|0|1|1|-93|0|13400|-4320|13388|-4356|258|2047|1
W|1544|0|2|ICEY|XA00TEX|200.824497672|128|0|1|1|-55|0|13388|-4356|13232|-4184|258|2047|1
W|1548|0|2|ICEY|XA00TEX|433.031302051|128|0|1|1|-79|0|13232|-4184|13264|-3896|258|2047|1
W|1374|1|0|ICEY|XA00TEX|11|384|0|1|1|-117|0|10304|-4304|10256|-4320|381|103|1
W|1374|1|2|ICEY|XA00TEX|11|384|0|1|1|-117|0|10304|-4304|10256|-4320|381|103|1
W|1375|1|0|ICEY|XA00TEX|61.596442563|384|0|1|1|-66|0|10256|-4320|10176|-4312|381|103|1
W|1375|1|2|ICEY|XA00TEX|61.596442563|384|0|1|1|-66|0|10256|-4320|10176|-4312|381|103|1
W|1453|1|0|ICEY|XA00TEX|141.995447532|384|0|1|1|-114|0|10176|-4312|10064|-4320|381|482|1
W|1453|1|2|ICEY|XA00TEX|141.995447532|384|0|1|1|-114|0|10176|-4312|10064|-4320|381|482|1
W|1528|1|0|ICEY|XA00TEX|254.280798313|384|0|1|1|-2|0|10064|-4320|10016|-4304|381|482|1
W|1528|1|2|ICEY|XA00TEX|254.280798313|384|0|1|1|-2|0|10064|-4320|10016|-4304|381|482|1
W|1382|0|1|ICEY|XA00TEX|73|384|0|1|1|-55|0|12064|-4400|11872|-4272|2268|-1|1
W|1455|0|1|ICEY|XA00TEX|303.75528163|384|0|1|1|-80|0|11872|-4272|11680|-4352|2268|-1|1
W|1464|0|1|ICEY|XA00TEX|511.75528163|384|0|1|1|0|0|11680|-4352|11520|-4272|2268|-1|1
W|1494|0|1|ICEY|XA00TEX|178.64071983|384|0|1|1|-77|0|11520|-4272|11424|-4416|2268|-1|1
W|1424|1|0|ICEY|XA00TEX|96|384|0|1|1|-32|0|11424|-4416|11352|-4328|2268|550|1
W|1424|1|2|ICEY|XA00TEX|96|384|0|1|1|-32|0|11424|-4416|11352|-4328|2268|550|1
W|1526|1|0|ICEY|XA00TEX|209.701363228|384|0|1|1|-46|0|11352|-4328|11288|-4288|2268|550|1
W|1526|1|2|ICEY|XA00TEX|209.701363228|384|0|1|1|-46|0|11352|-4328|11288|-4288|2268|550|1
W|1554|1|0|ICEY|XA00TEX|285.173212285|384|0|1|1|-99|0|11288|-4288|11232|-4320|2268|550|1
W|1554|1|2|ICEY|XA00TEX|285.173212285|384|0|1|1|-99|0|11288|-4288|11232|-4320|2268|550|1
W|1442|0|1|ICEY|XA00TEX|3|256|0|1|1|-125|0|9856|-3904|9728|-3680|333|-1|1
W|1449|0|1|ICEY|XA00TEX|5|384|0|1|1|-123|0|9728|-3680|9856|-3456|2268|-1|1
W|1450|0|1|ICEY|XA00TEX|262.992247946|384|0|1|1|-121|0|9856|-3456|9952|-3328|2268|-1|1
W|1451|0|1|ICEY|XA00TEX|422.992247946|384|0|1|1|-89|0|9952|-3328|9824|-3072|2268|-1|1
W|1550|0|0|ICEY|XA00TEX|83|512|0|1|1|-45|0|13264|-3896|13136|-3672|259|2047|1
W|1550|0|2|ICEY|XA00TEX|83|512|0|1|1|-45|0|13264|-3896|13136|-3672|259|2047|1
W|1550|1|0|ICEY|XA00TEX|0|512|0|1|1|0|0|13136|-3672|13264|-3896|2047|259|1
W|1550|1|2|ICEY|XA00TEX|0|512|0|1|1|0|0|13136|-3672|13264|-3896|2047|259|1
W|1553|0|0|ICEY|XA00TEX|85|512|0|1|1|-43|0|13136|-3672|13264|-3448|146|2047|1
W|1553|0|2|ICEY|XA00TEX|85|512|0|1|1|-43|0|13136|-3672|13264|-3448|146|2047|1
W|1556|0|0|ICEY|XA00TEX|342.992247946|512|0|1|1|-41|0|13264|-3448|13360|-3320|146|2047|1
W|1556|0|2|ICEY|XA00TEX|342.992247946|512|0|1|1|-41|0|13264|-3448|13360|-3320|146|2047|1
W|1557|0|0|ICEY|XA00TEX|502.992247946|512|0|1|1|-9|0|13360|-3320|13240|-3080|146|2047|1
W|1557|0|2|ICEY|XA00TEX|502.992247946|512|0|1|1|-9|0|13360|-3320|13240|-3080|146|2047|1
W|941|0|0|ICEY|XA00TEX|259.320405246|512|0|1|1|-125|0|13240|-3080|13392|-2968|146|2047|1
W|941|0|2|ICEY|XA00TEX|259.320405246|512|0|1|1|-125|0|13240|-3080|13392|-2968|146|2047|1
W|1576|0|0|ICEY|XA00TEX|69|512|0|1|1|-59|0|13392|-2968|13328|-2872|265|2047|1
W|1576|0|2|ICEY|XA00TEX|69|512|0|1|1|-59|0|13392|-2968|13328|-2872|265|2047|1
W|1583|0|0|ICEY|XA00TEX|184.377640815|512|0|1|1|28|0|13328|-2872|13456|-2744|265|2047|1
W|1583|0|2|ICEY|XA00TEX|184.377640815|512|0|1|1|28|0|13328|-2872|13456|-2744|265|2047|1
W|1577|0|1|ICEY|XA00TEX|69|256|0|1|1|-59|0|9824|-3072|9920|-2880|291|-1|1
W|1625|0|1|ICEY|XA00TEX|283.66252584|256|0|1|1|28|0|9920|-2880|10048|-2752|291|-1|1
W|1583|1|0|ICEY|XA00TEX|24|512|0|1|1|-104|0|13456|-2744|13328|-2872|2047|265|1
W|1583|1|2|ICEY|XA00TEX|24|512|0|1|1|-104|0|13456|-2744|13328|-2872|2047|265|1
W|1576|1|0|ICEY|XA00TEX|205.019335984|512|0|1|1|-51|0|13328|-2872|13392|-2968|2047|265|1
W|1576|1|2|ICEY|XA00TEX|205.019335984|512|0|1|1|-51|0|13328|-2872|13392|-2968|2047|265|1
W|1584|0|0|ICEY|XA00TEX|37|512|0|1|1|-91|0|13456|-2744|13232|-2328|146|2047|1
W|1584|0|2|ICEY|XA00TEX|37|512|0|1|1|-91|0|13456|-2744|13232|-2328|146|2047|1
W|1589|0|0|ICEY|XA00TEX|509.474337927|512|0|1|1|-3|0|13232|-2328|13360|-2168|146|2047|1
W|1589|0|2|ICEY|XA00TEX|509.474337927|512|0|1|1|-3|0|13232|-2328|13360|-2168|146|2047|1
W|1592|0|0|ICEY|XA00TEX|202.374313525|512|0|1|1|-54|0|13360|-2168|13072|-1968|146|2047|1
W|1592|0|2|ICEY|XA00TEX|202.374313525|512|0|1|1|-54|0|13360|-2168|13072|-1968|146|2047|1
W|1592|1|0|ICEY|XA00TEX|0|512|0|1|1|0|0|13072|-1968|13360|-2168|2047|146|1
W|1592|1|2|ICEY|XA00TEX|0|512|0|1|1|0|0|13072|-1968|13360|-2168|2047|146|1
W|1589|1|0|ICEY|XA00TEX|350.633712013|512|0|1|1|0|0|13360|-2168|13232|-2328|2047|146|1
W|1589|1|2|ICEY|XA00TEX|350.633712013|512|0|1|1|0|0|13360|-2168|13232|-2328|2047|146|1
W|1584|1|0|ICEY|XA00TEX|43.533687611|512|0|1|1|0|0|13232|-2328|13456|-2744|2047|146|1
W|1584|1|2|ICEY|XA00TEX|43.533687611|512|0|1|1|0|0|13232|-2328|13456|-2744|2047|146|1
W|1622|0|0|ICEY|XA00TEX|73|512|0|1|1|-55|0|15440|-4416|15424|-4400|266|2047|1
W|1622|0|2|ICEY|XA00TEX|73|512|0|1|1|-55|0|15440|-4416|15424|-4400|266|2047|1
W|1622|1|0|ICEY|XA00TEX|0|512|0|1|1|0|0|15424|-4400|15440|-4416|2047|266|1
W|1622|1|2|ICEY|XA00TEX|0|512|0|1|1|0|0|15424|-4400|15440|-4416|2047|266|1
W|1623|1|0|ICEY|XA00TEX|49|384|0|1|1|-79|0|10016|-4304|9992|-4328|381|82|1
W|1623|1|2|ICEY|XA00TEX|49|384|0|1|1|-79|0|10016|-4304|9992|-4328|381|82|1
W|1708|1|0|ICEY|XA00TEX|82.941125497|384|0|1|1|-45|0|9992|-4328|9980|-4364|381|82|1
W|1708|1|2|ICEY|XA00TEX|82.941125497|384|0|1|1|-45|0|9992|-4328|9980|-4364|381|82|1
W|1624|1|0|ICEY|XA00TEX|93|384|0|1|1|-35|0|11232|-4320|11168|-4304|2268|474|1
W|1624|1|2|ICEY|XA00TEX|93|384|0|1|1|-35|0|11232|-4320|11168|-4304|2268|474|1
W|1629|1|0|ICEY|XA00TEX|158.96969001|384|0|1|1|-97|0|11168|-4304|11104|-4312|2268|474|1
W|1629|1|2|ICEY|XA00TEX|158.96969001|384|0|1|1|-97|0|11168|-4304|11104|-4312|2268|474|1
W|1627|0|0|ICEY|XA00TEX|26|512|0|1|1|-102|0|15280|-4264|15088|-4344|146|2047|1
W|1627|0|2|ICEY|XA00TEX|26|512|0|1|1|-102|0|15280|-4264|15088|-4344|146|2047|1
W|1630|0|0|ICEY|XA00TEX|234|512|0|1|1|-22|0|15088|-4344|14928|-4264|146|2047|1
W|1630|0|2|ICEY|XA00TEX|234|512|0|1|1|-22|0|15088|-4344|14928|-4264|146|2047|1
W|1637|0|0|ICEY|XA00TEX|412.8854382|512|0|1|1|-99|0|14928|-4264|14832|-4408|146|2047|1
W|1637|0|2|ICEY|XA00TEX|412.8854382|512|0|1|1|-99|0|14928|-4264|14832|-4408|146|2047|1
W|887|0|0|ICEY|XA00TEX|73.951899422|512|0|1|1|-54|0|14832|-4408|14760|-4320|146|2047|1
W|887|0|2|ICEY|XA00TEX|73.951899422|512|0|1|1|-54|0|14832|-4408|14760|-4320|146|2047|1
W|890|0|0|ICEY|XA00TEX|187.653262651|512|0|1|1|-68|0|14760|-4320|14696|-4280|146|2047|1
W|890|0|2|ICEY|XA00TEX|187.653262651|512|0|1|1|-68|0|14760|-4320|14696|-4280|146|2047|1
W|891|0|0|ICEY|XA00TEX|263.125111707|512|0|1|1|-121|0|14696|-4280|14640|-4312|146|2047|1
W|891|0|2|ICEY|XA00TEX|263.125111707|512|0|1|1|-121|0|14696|-4280|14640|-4312|146|2047|1
W|892|0|0|ICEY|XA00TEX|327.623173694|512|0|1|1|-57|0|14640|-4312|14576|-4296|146|2047|1
W|892|0|2|ICEY|XA00TEX|327.623173694|512|0|1|1|-57|0|14640|-4312|14576|-4296|146|2047|1
W|914|0|0|ICEY|XA00TEX|393.592863703|512|0|1|1|-119|0|14576|-4296|14512|-4304|146|2047|1
W|914|0|2|ICEY|XA00TEX|393.592863703|512|0|1|1|-119|0|14576|-4296|14512|-4304|146|2047|1
W|1028|0|0|ICEY|XA00TEX|458.09092569|512|0|1|1|-55|0|14512|-4304|14456|-4288|146|2047|1
W|1028|0|2|ICEY|XA00TEX|458.09092569|512|0|1|1|-55|0|14512|-4304|14456|-4288|146|2047|1
W|1830|0|0|ICEY|XA00TEX|4.331804804|512|0|1|1|-125|0|14456|-4288|14384|-4304|146|2047|1
W|1830|0|2|ICEY|XA00TEX|4.331804804|512|0|1|1|-125|0|14456|-4288|14384|-4304|146|2047|1
W|1849|0|0|ICEY|XA00TEX|78.088160462|512|0|1|1|-51|0|14384|-4304|14336|-4264|146|2047|1
W|1849|0|2|ICEY|XA00TEX|78.088160462|512|0|1|1|-51|0|14384|-4304|14336|-4264|146|2047|1
W|2335|0|0|ICEY|XA00TEX|140.57015787|512|0|1|1|-117|0|14336|-4264|14296|-4280|146|2047|1
W|2335|0|2|ICEY|XA00TEX|140.57015787|512|0|1|1|-117|0|14336|-4264|14296|-4280|146|2047|1
W|4318|0|0|ICEY|XA00TEX|183.651476327|512|0|1|1|-74|0|14296|-4280|14272|-4248|146|2047|1
W|4318|0|2|ICEY|XA00TEX|183.651476327|512|0|1|1|-74|0|14296|-4280|14272|-4248|146|2047|1
W|1060|0|0|ICEY|XA00TEX|223.651476327|512|0|1|1|-34|0|14272|-4248|14288|-4200|146|2047|1
W|1060|0|2|ICEY|XA00TEX|223.651476327|512|0|1|1|-34|0|14272|-4248|14288|-4200|146|2047|1
W|1070|0|0|ICEY|XA00TEX|274.247918889|512|0|1|1|-111|0|14288|-4200|14248|-4200|146|2047|1
W|1070|0|2|ICEY|XA00TEX|274.247918889|512|0|1|1|-111|0|14288|-4200|14248|-4200|146|2047|1
W|1072|0|0|ICEY|XA00TEX|314.247918889|512|0|1|1|-71|0|14248|-4200|14208|-4160|146|2047|1
W|1072|0|2|ICEY|XA00TEX|314.247918889|512|0|1|1|-71|0|14248|-4200|14208|-4160|146|2047|1
W|1836|0|0|ICEY|XA00TEX|370.816461384|512|0|1|1|-14|0|14208|-4160|14304|-4096|146|2047|1
W|1836|0|2|ICEY|XA00TEX|370.816461384|512|0|1|1|-14|0|14208|-4160|14304|-4096|146|2047|1
W|1690|0|0|ICEY|XA00TEX|486.194102199|512|0|1|1|-27|0|14304|-4096|14232|-3984|146|2047|1
W|1690|0|2|ICEY|XA00TEX|486.194102199|512|0|1|1|-27|0|14304|-4096|14232|-3984|146|2047|1
W|888|0|0|ICEY|XA00TEX|107.340638016|512|0|1|1|-22|0|14232|-3984|14272|-3920|146|2047|1
W|888|0|2|ICEY|XA00TEX|107.340638016|512|0|1|1|-22|0|14232|-3984|14272|-3920|146|2047|1
W|889|0|0|ICEY|XA00TEX|182.812487072|512|0|1|1|-75|0|14272|-3920|14272|-3800|146|2047|1
W|889|0|2|ICEY|XA00TEX|182.812487072|512|0|1|1|-75|0|14272|-3920|14272|-3800|146|2047|1
W|915|0|0|ICEY|XA00TEX|302.812487072|512|0|1|1|-83|0|14272|-3800|14208|-3768|146|2047|1
W|915|0|2|ICEY|XA00TEX|302.812487072|512|0|1|1|-83|0|14272|-3800|14208|-3768|146|2047|1
W|896|0|0|ICEY|XA00TEX|374.366662352|512|0|1|1|-11|0|14208|-3768|14208|-3688|146|2047|1
W|896|0|2|ICEY|XA00TEX|374.366662352|512|0|1|1|-11|0|14208|-3768|14208|-3688|146|2047|1
W|893|0|0|ICEY|XA00TEX|454.366662352|512|0|1|1|-59|0|14208|-3688|14160|-3640|146|2047|1
W|893|0|2|ICEY|XA00TEX|454.366662352|512|0|1|1|-59|0|14208|-3688|14160|-3640|146|2047|1
W|1257|0|0|ICEY|XA00TEX|10.248913346|512|0|1|1|-119|0|14160|-3640|14232|-3584|146|2047|1
W|1257|0|2|ICEY|XA00TEX|10.248913346|512|0|1|1|-119|0|14160|-3640|14232|-3584|146|2047|1
W|1260|0|0|ICEY|XA00TEX|101.462947354|512|0|1|1|-28|0|14232|-3584|14256|-3560|146|2047|1
W|1260|0|2|ICEY|XA00TEX|101.462947354|512|0|1|1|-28|0|14232|-3584|14256|-3560|146|2047|1
W|1267|0|0|ICEY|XA00TEX|135.404072851|512|0|1|1|-122|0|14256|-3560|14288|-3472|146|2047|1
W|1267|0|2|ICEY|XA00TEX|135.404072851|512|0|1|1|-122|0|14256|-3560|14288|-3472|146|2047|1
W|1272|0|0|ICEY|XA00TEX|229.041672137|512|0|1|1|-28|0|14288|-3472|14280|-3408|146|2047|1
W|1272|0|2|ICEY|XA00TEX|229.041672137|512|0|1|1|-28|0|14288|-3472|14280|-3408|146|2047|1
W|1282|0|0|ICEY|XA00TEX|293.539734123|512|0|1|1|-92|0|14280|-3408|14288|-3328|146|2047|1
W|1282|0|2|ICEY|XA00TEX|293.539734123|512|0|1|1|-92|0|14280|-3408|14288|-3328|146|2047|1
W|1284|0|0|ICEY|XA00TEX|373.938739092|512|0|1|1|-33|0|14288|-3328|14272|-3264|146|2047|1
W|1284|0|2|ICEY|XA00TEX|373.938739092|512|0|1|1|-33|0|14288|-3328|14272|-3264|146|2047|1
W|1286|0|0|ICEY|XA00TEX|439.908429102|512|0|1|1|-95|0|14272|-3264|14224|-3248|146|2047|1
W|1286|0|2|ICEY|XA00TEX|439.908429102|512|0|1|1|-95|0|14272|-3264|14224|-3248|146|2047|1
W|1290|0|0|ICEY|XA00TEX|490.504871665|512|0|1|1|-44|0|14224|-3248|14160|-3200|146|2047|1
W|1290|0|2|ICEY|XA00TEX|490.504871665|512|0|1|1|-44|0|14224|-3248|14160|-3200|146|2047|1
W|1296|0|0|ICEY|XA00TEX|58.504871665|512|0|1|1|-92|0|14160|-3200|14080|-3192|146|2047|1
W|1296|0|2|ICEY|XA00TEX|58.504871665|512|0|1|1|-92|0|14160|-3200|14080|-3192|146|2047|1
W|1320|0|0|ICEY|XA00TEX|138.903876634|512|0|1|1|-12|0|14080|-3192|14016|-3200|146|2047|1
W|1320|0|2|ICEY|XA00TEX|138.903876634|512|0|1|1|-12|0|14080|-3192|14016|-3200|146|2047|1
W|1321|0|0|ICEY|XA00TEX|203.40193862|512|0|1|1|-76|0|14016|-3200|13976|-3192|146|2047|1
W|1321|0|2|ICEY|XA00TEX|203.40193862|512|0|1|1|-76|0|14016|-3200|13976|-3192|146|2047|1
W|1322|0|0|ICEY|XA00TEX|244.194094729|512|0|1|1|-35|0|13976|-3192|13904|-3184|146|2047|1
W|1322|0|2|ICEY|XA00TEX|244.194094729|512|0|1|1|-35|0|13976|-3192|13904|-3184|146|2047|1
W|1323|0|0|ICEY|XA00TEX|316.637175834|512|0|1|1|-91|0|13904|-3184|13856|-3232|146|2047|1
W|1323|0|2|ICEY|XA00TEX|316.637175834|512|0|1|1|-91|0|13904|-3184|13856|-3232|146|2047|1
W|1326|0|0|ICEY|XA00TEX|384.519426828|512|0|1|1|-23|0|13856|-3232|13808|-3272|146|2047|1
W|1326|0|2|ICEY|XA00TEX|384.519426828|512|0|1|1|-23|0|13856|-3232|13808|-3272|146|2047|1
W|1327|0|0|ICEY|XA00TEX|447.001424235|512|0|1|1|-89|0|13808|-3272|13792|-3328|146|2047|1
W|1327|0|2|ICEY|XA00TEX|447.001424235|512|0|1|1|-89|0|13808|-3272|13792|-3328|146|2047|1
W|1332|0|0|ICEY|XA00TEX|505.242303349|512|0|1|1|-31|0|13792|-3328|13776|-3384|146|2047|1
W|1332|0|2|ICEY|XA00TEX|505.242303349|512|0|1|1|-31|0|13792|-3328|13776|-3384|146|2047|1
W|1335|0|0|ICEY|XA00TEX|51.483182464|512|0|1|1|-101|0|13776|-3384|13792|-3456|146|2047|1
W|1335|0|2|ICEY|XA00TEX|51.483182464|512|0|1|1|-101|0|13776|-3384|13792|-3456|146|2047|1
W|1336|0|0|ICEY|XA00TEX|125.239538122|512|0|1|1|-27|0|13792|-3456|13792|-3536|146|2047|1
W|1336|0|2|ICEY|XA00TEX|125.239538122|512|0|1|1|-27|0|13792|-3456|13792|-3536|146|2047|1
W|1339|0|0|ICEY|XA00TEX|205.239538122|512|0|1|1|-75|0|13792|-3536|13800|-3576|146|2047|1
W|1339|0|2|ICEY|XA00TEX|205.239538122|512|0|1|1|-75|0|13792|-3536|13800|-3576|146|2047|1
W|1341|0|0|ICEY|XA00TEX|246.031694231|512|0|1|1|-34|0|13800|-3576|13872|-3608|146|2047|1
W|1341|0|2|ICEY|XA00TEX|246.031694231|512|0|1|1|-34|0|13800|-3576|13872|-3608|146|2047|1
W|1357|0|0|ICEY|XA00TEX|324.822556645|512|0|1|1|-83|0|13872|-3608|13864|-3640|146|2047|1
W|1357|0|2|ICEY|XA00TEX|324.822556645|512|0|1|1|-83|0|13872|-3608|13864|-3640|146|2047|1
W|1362|0|0|ICEY|XA00TEX|357.80740165|512|0|1|1|-50|0|13864|-3640|13904|-3664|146|2047|1
W|1362|0|2|ICEY|XA00TEX|357.80740165|512|0|1|1|-50|0|13864|-3640|13904|-3664|146|2047|1
W|902|0|0|ICEY|XA00TEX|404.455016809|512|0|1|1|-3|0|13904|-3664|13904|-3704|146|2047|1
W|902|0|2|ICEY|XA00TEX|404.455016809|512|0|1|1|-3|0|13904|-3664|13904|-3704|146|2047|1
W|1628|0|1|ICEY|XA00TEX|81|384|0|1|1|81|0|10048|-2752|9824|-2336|2268|-1|1
W|1702|0|1|ICEY|XA00TEX|41.474337927|384|0|1|1|41|0|9824|-2336|9952|-2176|2268|-1|1
W|1351|0|1|ICEY|XA00TEX|246.374313525|384|0|1|1|118|0|9952|-2176|9600|-1920|2268|-1|1
W|1693|0|1|ICEY|XA00TEX|0|256|0|1|1|0|0|11424|-4416|11280|-4432|550|-1|1
W|1755|1|0|ICEY|XA00TEX|69|384|0|1|1|-59|0|10496|-4080|10496|-4120|381|307|1
W|1755|1|2|ICEY|XA00TEX|69|384|0|1|1|-59|0|10496|-4080|10496|-4120|381|307|1
W|2097|1|0|ICEY|XA00TEX|109|384|0|1|1|-19|0|10496|-4120|10472|-4136|381|307|1
W|2097|1|2|ICEY|XA00TEX|109|384|0|1|1|-19|0|10496|-4120|10472|-4136|381|307|1
W|2210|1|0|ICEY|XA00TEX|137.844410204|384|0|1|1|-118|0|10472|-4136|10456|-4184|381|307|1
W|2210|1|2|ICEY|XA00TEX|137.844410204|384|0|1|1|-118|0|10472|-4136|10456|-4184|381|307|1
W|1344|1|0|ICEY|XA00TEX|188.440852766|384|0|1|1|-67|0|10456|-4184|10408|-4240|381|307|1
W|1344|1|2|ICEY|XA00TEX|188.440852766|384|0|1|1|-67|0|10456|-4184|10408|-4240|381|307|1
W|1348|1|0|ICEY|XA00TEX|262.197208425|384|0|1|1|-121|0|10408|-4240|10376|-4288|381|307|1
W|1348|1|2|ICEY|XA00TEX|262.197208425|384|0|1|1|-121|0|10408|-4240|10376|-4288|381|307|1
W|1350|1|0|ICEY|XA00TEX|319.886028832|384|0|1|1|-63|0|10376|-4288|10304|-4304|381|307|1
W|1350|1|2|ICEY|XA00TEX|319.886028832|384|0|1|1|-63|0|10376|-4288|10304|-4304|381|307|1
W|1788|0|2|ICEY|XA00TEX|118|512|0|1|1|118|0|13024|-1936|13008|-1920|266|266|1
W|1808|1|0|ICEY|XA00TEX|99|384|0|1|1|-29|0|10976|-4312|10928|-4272|2268|307|1
W|1808|1|2|ICEY|XA00TEX|99|384|0|1|1|-29|0|10976|-4312|10928|-4272|2268|307|1
W|1275|1|0|ICEY|XA00TEX|161.481997407|384|0|1|1|-95|0|10928|-4272|10888|-4288|2268|307|1
W|1275|1|2|ICEY|XA00TEX|161.481997407|384|0|1|1|-95|0|10928|-4272|10888|-4288|2268|307|1
W|1283|1|0|ICEY|XA00TEX|204.563315864|384|0|1|1|-52|0|10888|-4288|10864|-4256|2268|307|1
W|1283|1|2|ICEY|XA00TEX|204.563315864|384|0|1|1|-52|0|10888|-4288|10864|-4256|2268|307|1
W|1317|1|0|ICEY|XA00TEX|244.563315864|384|0|1|1|-12|0|10864|-4256|10880|-4208|2268|307|1
W|1317|1|2|ICEY|XA00TEX|244.563315864|384|0|1|1|-12|0|10864|-4256|10880|-4208|2268|307|1
W|1392|1|0|ICEY|XA00TEX|295.159758427|384|0|1|1|-89|0|10880|-4208|10840|-4208|2268|307|1
W|1392|1|2|ICEY|XA00TEX|295.159758427|384|0|1|1|-89|0|10880|-4208|10840|-4208|2268|307|1
W|1397|1|0|ICEY|XA00TEX|335.159758427|384|0|1|1|-49|0|10840|-4208|10800|-4168|2268|307|1
W|1397|1|2|ICEY|XA00TEX|335.159758427|384|0|1|1|-49|0|10840|-4208|10800|-4168|2268|307|1
W|2134|0|0|ICEY|XA00TEX|26|384|0|1|1|-102|0|9824|-3072|9984|-2976|2268|291|1
W|2125|0|0|ICEY|XA00TEX|212.590460635|384|0|1|1|-43|0|9984|-2976|10144|-3008|2268|291|1
W|2129|0|0|ICEY|XA00TEX|375.75908507|384|0|1|1|-8|0|10144|-3008|10240|-2912|2268|291|1
W|2132|0|0|ICEY|XA00TEX|511.523587058|384|0|1|1|0|0|10240|-2912|10304|-2752|2268|291|1
W|2123|0|0|ICEY|XA00TEX|171.848860886|384|0|1|1|-84|0|10304|-2752|10368|-2720|2268|291|1
W|2122|0|0|ICEY|XA00TEX|243.403036166|384|0|1|1|-12|0|10368|-2720|10528|-2688|2268|291|1
W|2113|0|0|ICEY|XA00TEX|406.571660601|384|0|1|1|-105|0|10528|-2688|10592|-2528|2268|291|1
W|2110|0|0|ICEY|XA00TEX|66.896934429|384|0|1|1|-61|0|10592|-2528|10720|-2400|2268|291|1
W|2271|0|0|ICEY|XA00TEX|247.916270413|384|0|1|1|-8|0|10720|-2400|10720|-2272|2268|291|1
W|2108|0|0|ICEY|XA00TEX|375.916270413|384|0|1|1|-8|0|10720|-2272|10624|-2176|2268|291|1
W|2893|0|0|ICEY|XA00TEX|511.680772401|384|0|1|1|0|0|10624|-2176|10496|-2176|2268|291|1
W|2353|0|0|ICEY|XA00TEX|127.680772401|384|0|1|1|0|0|10496|-2176|10432|-2336|2268|291|1
W|2100|0|0|ICEY|XA00TEX|300.006046229|384|0|1|1|44|0|10432|-2336|10272|-2464|2268|291|1
W|2304|0|0|ICEY|XA00TEX|504.906021827|384|0|1|1|121|0|10272|-2464|10176|-2432|2268|291|1
W|2090|0|0|ICEY|XA00TEX|94.098906953|384|0|1|1|94|0|10176|-2432|10112|-2528|2268|291|1
W|2329|0|0|ICEY|XA00TEX|209.476547767|384|0|1|1|81|0|10112|-2528|10048|-2752|2268|291|1
W|2228|1|0|ICEY|XA00TEX|107|256|0|1|1|-21|0|10304|-4336|10304|-4304|307|103|1
W|2237|1|0|ICEY|XA00TEX|0|256|0|1|1|0|0|10016|-4304|10016|-4336|82|482|1
W|2239|1|0|ICEY|XA00TEX|71|128|0|1|1|-57|0|11104|-4336|11104|-4312|474|374|1
W|2258|1|0|ICEY|XA00TEX|0|256|0|1|1|0|0|10976|-4312|10976|-4336|307|374|1
W|2313|0|0|ICEY|XA00TEX|37|512|0|1|1|-91|0|13904|-3704|13904|-4072|259|2047|1
W|2313|0|2|ICEY|XA00TEX|37|512|0|1|1|-91|0|13904|-3704|13904|-4072|259|2047|1
W|2313|1|0|ICEY|XA00TEX|0|512|0|1|1|0|0|13904|-4072|13904|-3704|2047|259|1
W|2313|1|2|ICEY|XA00TEX|0|512|0|1|1|0|0|13904|-4072|13904|-3704|2047|259|1
W|2359|0|0|ICEY|XA00TEX|0|128|0|1|1|0|0|10176|-4312|10176|-4336|482|103|1
W|3001|0|1|ICEY|XA00TEX|121|384|0|1|1|-7|0|9980|-4364|9824|-4192|381|-1|1
W|1349|0|1|ICEY|XA00TEX|353.206804379|384|0|1|1|-31|0|9824|-4192|9856|-3904|381|-1|1
W|3028|1|0|ICEY|XA00TEX|37|512|0|1|1|-91|0|13904|-3704|13792|-3736|146|259|1
W|3028|1|2|ICEY|XA00TEX|37|512|0|1|1|-91|0|13904|-3704|13792|-3736|146|259|1
W|905|1|0|ICEY|XA00TEX|153.481758228|512|0|1|1|-103|0|13792|-3736|13704|-3720|146|259|1
W|905|1|2|ICEY|XA00TEX|153.481758228|512|0|1|1|-103|0|13792|-3736|13704|-3720|146|259|1
W|1641|1|0|ICEY|XA00TEX|242.924477328|512|0|1|1|-14|0|13704|-3720|13592|-3664|146|259|1
W|1641|1|2|ICEY|XA00TEX|242.924477328|512|0|1|1|-14|0|13704|-3720|13592|-3664|146|259|1
W|903|1|0|ICEY|XA00TEX|368.144284068|512|0|1|1|-17|0|13592|-3664|13496|-3704|146|259|1
W|903|1|2|ICEY|XA00TEX|368.144284068|512|0|1|1|-17|0|13592|-3664|13496|-3704|146|259|1
W|1801|1|0|ICEY|XA00TEX|472.144284068|512|0|1|1|-41|0|13496|-3704|13368|-3704|146|259|1
W|1801|1|2|ICEY|XA00TEX|472.144284068|512|0|1|1|-41|0|13496|-3704|13368|-3704|146|259|1
W|909|1|0|ICEY|XA00TEX|88.144284068|512|0|1|1|-41|0|13368|-3704|13264|-3640|146|259|1
W|909|1|2|ICEY|XA00TEX|88.144284068|512|0|1|1|-41|0|13368|-3704|13264|-3640|146|259|1
W|901|1|0|ICEY|XA00TEX|210.258984248|512|0|1|1|-47|0|13264|-3640|13136|-3672|146|259|1
W|901|1|2|ICEY|XA00TEX|210.258984248|512|0|1|1|-47|0|13264|-3640|13136|-3672|146|259|1
W|3280|1|0|ICEY|XA00TEX|77|256|0|1|1|-51|0|11232|-4336|11232|-4320|550|474|1
W|3641|1|0|ICEY|XA00TEX|0|384|0|1|1|0|0|11488|-3424|11584|-3392|381|646|1
W|3640|1|0|ICEY|XA00TEX|101.192885125|384|0|1|1|0|0|11584|-3392|11552|-3360|381|646|1
W|3689|1|0|ICEY|XA00TEX|146.447719121|384|0|1|1|0|0|11552|-3360|11488|-3424|381|646|1
W|3687|1|0|ICEY|XA00TEX|97|384|0|1|1|-31|0|9856|-3904|10032|-3928|381|333|1
W|3684|1|0|ICEY|XA00TEX|274.628826489|384|0|1|1|-109|0|10032|-3928|10072|-3976|381|333|1
W|3685|1|0|ICEY|XA00TEX|337.110823897|384|0|1|1|-47|0|10072|-3976|10168|-3992|381|333|1
W|3690|1|0|ICEY|XA00TEX|434.435024381|384|0|1|1|-78|0|10168|-3992|10240|-3984|381|333|1
W|3691|1|0|ICEY|XA00TEX|506.878105487|384|0|1|1|-6|0|10240|-3984|10352|-3944|381|333|1
W|3696|1|0|ICEY|XA00TEX|113.806655465|384|0|1|1|-15|0|10352|-3944|10456|-3992|381|333|1
W|3698|1|0|ICEY|XA00TEX|228.349223971|384|0|1|1|-28|0|10456|-3992|10496|-4080|381|333|1
W|3904|1|0|ICEY|XA00TEX|85|384|0|1|1|-43|0|10496|-3712|10384|-3744|2268|333|1
W|3662|1|0|ICEY|XA00TEX|201.481758228|384|0|1|1|-55|0|10384|-3744|10296|-3728|2268|333|1
W|3928|1|0|ICEY|XA00TEX|290.924477328|384|0|1|1|-94|0|10296|-3728|10184|-3672|2268|333|1
W|3667|1|0|ICEY|XA00TEX|416.144284068|384|0|1|1|-97|0|10184|-3672|10088|-3712|2268|333|1
W|3924|1|0|ICEY|XA00TEX|8.144284068|384|0|1|1|-121|0|10088|-3712|9960|-3712|2268|333|1
W|3681|1|0|ICEY|XA00TEX|136.144284068|384|0|1|1|-121|0|9960|-3712|9856|-3648|2268|333|1
W|3682|1|0|ICEY|XA00TEX|258.258984248|384|0|1|1|-127|0|9856|-3648|9728|-3680|2268|333|1
W|3905|1|0|ICEY|XA00TEX|85|256|0|1|1|-43|0|10496|-3712|10496|-4080|333|307|1
W|3905|1|2|ICEY|XA00TEX|85|256|0|1|1|-43|0|10496|-3712|10496|-4080|333|307|1
W|3908|0|0|ICEY|XA00TEX|24|384|0|1|1|-104|0|10800|-4168|10896|-4104|2268|404|1
W|3908|0|2|ICEY|XA00TEX|24|384|0|1|1|-104|0|10800|-4168|10896|-4104|2268|404|1
W|3925|0|0|ICEY|XA00TEX|139.377640815|384|0|1|1|-117|0|10896|-4104|10824|-3992|2268|404|1
W|3925|0|2|ICEY|XA00TEX|139.377640815|384|0|1|1|-117|0|10896|-4104|10824|-3992|2268|404|1
W|3903|0|0|ICEY|XA00TEX|272.524176632|384|0|1|1|-112|0|10824|-3992|10864|-3928|2268|404|1
W|3903|0|2|ICEY|XA00TEX|272.524176632|384|0|1|1|-112|0|10824|-3992|10864|-3928|2268|404|1
W|3901|0|0|ICEY|XA00TEX|347.996025688|384|0|1|1|-37|0|10864|-3928|10864|-3808|2268|404|1
W|3901|0|2|ICEY|XA00TEX|347.996025688|384|0|1|1|-37|0|10864|-3928|10864|-3808|2268|404|1
W|3900|0|0|ICEY|XA00TEX|467.996025688|384|0|1|1|-45|0|10864|-3808|10800|-3776|2268|404|1
W|3900|0|2|ICEY|XA00TEX|467.996025688|384|0|1|1|-45|0|10864|-3808|10800|-3776|2268|404|1
W|3902|0|0|ICEY|XA00TEX|27.550200968|384|0|1|1|-101|0|10800|-3776|10800|-3696|2268|404|1
W|3902|0|2|ICEY|XA00TEX|27.550200968|384|0|1|1|-101|0|10800|-3776|10800|-3696|2268|404|1
W|3699|0|0|ICEY|XA00TEX|107.550200968|384|0|1|1|-21|0|10800|-3696|10752|-3648|2268|404|1
W|3699|0|2|ICEY|XA00TEX|107.550200968|384|0|1|1|-21|0|10800|-3696|10752|-3648|2268|404|1
W|8676|0|1|ICEY|XA00TEX|53|128|0|1|1|-75|0|9880|-5096|9888|-5216|1702|-1|1
W|8684|1|0|ICEY|XA00TEX|94|128|0|1|1|-34|0|9280|-4672|9408|-4672|1710|1699|1
W|8688|0|1|ICEY|XA00TEX|5|128|0|1|1|-123|0|8848|-4608|9024|-4544|1792|-1|1
W|8699|0|1|ICEY|XA00TEX|192.275198572|128|0|1|1|-64|0|9024|-4544|9152|-4608|1792|-1|1
W|8689|0|1|ICEY|XA00TEX|94|128|0|1|1|-34|0|9408|-4672|9520|-4608|1798|-1|1
W|8743|0|1|ICEY|XA00TEX|222.996123973|128|0|1|1|-33|0|9520|-4608|9584|-4608|1798|-1|1
W|8715|0|1|ICEY|XA00TEX|100|128|0|1|1|-28|0|8832|-4768|8848|-4608|1793|-1|1
W|8727|0|1|ICEY|XA00TEX|70|128|0|1|1|-58|0|9840|-5376|9488|-5440|1796|-1|1
W|8732|0|1|ICEY|XA00TEX|45|128|0|1|1|-83|0|9888|-5216|9840|-5376|1795|-1|1
W|8734|0|1|ICEY|XA00TEX|111|128|0|1|1|111|0|9488|-5440|9360|-5376|1797|-1|1
W|8735|0|1|ICEY|XA00TEX|15|128|0|1|1|15|0|9824|-4608|9864|-4768|1798|-1|1
W|8708|0|1|ICEY|XA00TEX|179.924225025|128|0|1|1|52|0|9864|-4768|9896|-4912|1798|-1|1
W|8741|0|1|ICEY|XA00TEX|90|0|0|1|1|-38|0|9280|-4672|9344|-4656|1699|-1|1
W|8745|0|1|ICEY|XA00TEX|155.96969001|0|0|1|1|-100|0|9344|-4656|9408|-4672|1699|-1|1
W|8744|0|1|ICEY|XA00TEX|70|128|0|1|1|-58|0|8768|-4912|8832|-4768|1704|-1|1
W|9125|0|2|ICEY|XA00TEX|62|-128|0|1|1|-66|0|8832|-4768|8960|-4768|1704|1793|1
W|9126|0|2|ICEY|XA00TEX|190|-128|0|1|1|-66|0|8960|-4768|8992|-4672|1704|1793|1
W|9127|0|1|ICEY|XA00TEX|79|128|0|1|1|-49|0|9152|-4608|9280|-4672|1704|-1|1
W|9128|0|2|ICEY|XA00TEX|35|128|0|1|1|-93|0|8992|-4672|9152|-4608|1704|1792|1
W|9129|1|2|ICEY|XA00TEX|5|128|0|1|1|-123|0|8848|-4608|8992|-4672|1793|1792|1
W|9130|0|1|ICEY|XA00TEX|31|128|0|1|1|-97|0|9584|-4608|9712|-4608|1703|-1|1
W|9131|0|2|ICEY|XA00TEX|3|0|0|1|1|-125|0|9584|-4608|9632|-4688|1798|1703|1
W|9132|0|2|ICEY|XA00TEX|96.295230318|0|0|1|1|-32|0|9632|-4688|9696|-4704|1798|1703|1
W|9133|0|2|ICEY|XA00TEX|9|0|0|1|1|9|0|9552|-5360|9488|-5440|1797|1796|1
W|9134|1|2|ICEY|XA00TEX|84|0|0|1|1|-44|0|9840|-5376|9680|-5312|1795|1796|1
W|9135|0|2|ICEY|XA00TEX|34|0|0|1|1|-94|0|9696|-4704|9744|-4640|1794|1703|1
W|9137|0|2|ICEY|XA00TEX|114|0|0|1|1|-14|0|9744|-4640|9712|-4608|1794|1703|1
W|9136|0|1|ICEY|XA00TEX|31|128|0|1|1|31|0|9712|-4608|9824|-4608|1794|-1|1
W|9138|0|1|ICEY|XA00TEX|126|128|0|1|1|126|0|9360|-5376|9232|-5312|1702|-1|1
W|8695|0|1|ICEY|XA00TEX|269.10835056|128|0|1|1|13|0|9232|-5312|9104|-5312|1702|-1|1
W|8736|0|1|ICEY|XA00TEX|397.10835056|128|0|1|1|13|0|9104|-5312|8992|-5376|1702|-1|1
W|8679|0|1|ICEY|XA00TEX|14.104474533|128|0|1|1|14|0|8992|-5376|8768|-5376|1702|-1|1
W|8683|0|1|ICEY|XA00TEX|238.104474533|128|0|1|1|110|0|8768|-5376|8720|-5216|1702|-1|1
W|8669|0|1|ICEY|XA00TEX|405.149378675|128|0|1|1|21|0|8720|-5216|8768|-5072|1702|-1|1
W|9140|1|2|ICEY|XA00TEX|9|-128|0|1|1|9|0|9552|-5360|9440|-5312|1702|1797|1
W|9139|1|2|ICEY|XA00TEX|130.852369694|-128|0|1|1|3|0|9440|-5312|9360|-5376|1702|1797|1
W|9141|1|2|ICEY|XA00TEX|0|0|0|1|1|0|0|9680|-5312|9552|-5360|1702|1796|1
W|9143|1|2|ICEY|XA00TEX|0|-128|0|1|1|0|0|9888|-5216|9728|-5200|1702|1795|1
W|9142|1|2|ICEY|XA00TEX|160.798009938|-128|0|1|1|0|0|9728|-5200|9680|-5312|1702|1795|1
W|9144|0|2|ICEY|XA00TEX|0|-128|0|1|1|0|0|9696|-4704|9776|-4688|1798|1794|1
W|9145|0|2|ICEY|XA00TEX|81.584312217|-128|0|1|1|0|0|9776|-4688|9824|-4608|1798|1794|1
W|10442|1|2|ICEY|XA00TEX|0|256|0|1|1|0|0|15072|-5248|15072|-5568|1985|2066|1
W|10964|1|2|ICEY|XA00TEX|320|256|0|1|1|0|0|15072|-5568|15088|-5600|1985|2066|1
W|10963|1|2|ICEY|XA00TEX|355.77708764|256|0|1|1|0|0|15088|-5600|15056|-5664|1985|2066|1
W|10962|1|2|ICEY|XA00TEX|427.33126292|256|0|1|1|0|0|15056|-5664|15072|-6016|1985|2066|1
W|10961|1|2|ICEY|XA00TEX|267.694711649|256|0|1|1|0|0|15072|-6016|14944|-6176|1985|2066|1
W|10960|1|2|ICEY|XA00TEX|472.594687247|256|0|1|1|0|0|14944|-6176|14848|-6128|1985|2066|1
W|10959|1|2|ICEY|XA00TEX|67.925950167|256|0|1|1|0|0|14848|-6128|14768|-6208|1985|2066|1
W|10958|1|2|ICEY|XA00TEX|181.063035156|256|0|1|1|0|0|14768|-6208|14656|-6176|1985|2066|1
W|10957|1|2|ICEY|XA00TEX|297.544793385|256|0|1|1|0|0|14656|-6176|14496|-6240|1985|2066|1
W|10956|1|2|ICEY|XA00TEX|469.870067213|256|0|1|1|0|0|14496|-6240|13696|-6240|1985|2066|1
W|10955|1|2|ICEY|XA00TEX|245.870067213|256|0|1|1|0|0|13696|-6240|13568|-6208|1985|2066|1
W|10954|1|2|ICEY|XA00TEX|377.809447233|256|0|1|1|0|0|13568|-6208|13344|-6240|1985|2066|1
W|10953|1|2|ICEY|XA00TEX|92.083617213|256|0|1|1|0|0|13344|-6240|13200|-6160|1985|2066|1
W|10952|1|2|ICEY|XA00TEX|256.813699468|256|0|1|1|0|0|13200|-6160|13088|-6160|1985|2066|1
W|10951|1|2|ICEY|XA00TEX|368.813699468|256|0|1|1|0|0|13088|-6160|13104|-6048|1985|2066|1
W|10950|1|2|ICEY|XA00TEX|481.950784458|256|0|1|1|0|0|13104|-6048|13072|-5760|1985|2066|1
W|10949|1|2|ICEY|XA00TEX|259.723108879|256|0|1|1|0|0|13072|-5760|13088|-5536|1985|2066|1
W|10948|1|2|ICEY|XA00TEX|484.293810441|256|0|1|1|0|0|13088|-5536|13072|-5360|1985|2066|1
W|10947|1|2|ICEY|XA00TEX|149.019586716|256|0|1|1|0|0|13072|-5360|13104|-5248|1985|2066|1
W|12211|0|1|ICEY|XA00TEX|0|-1280|0|1|1|0|0|4616|-6816|4608|-6784|2267|-1|1
W|12212|0|1|ICEY|XA00TEX|0|-1280|0|1|1|0|0|4624|-6784|4616|-6816|2267|-1|1
W|12213|0|1|ICEY|XA00TEX|0|-1280|0|1|1|0|0|4608|-6784|4624|-6784|2267|-1|1
W|2|0|1|ICEY|XA00TEX|0|768|0|1|1|0|0|2688|-4096|1920|-4096|0|-1|1
W|0|0|1|ICEY|XA00TEX|256|768|0|1|1|0|0|1920|-4096|1920|-3328|0|-1|1
W|1|0|1|ICEY|XA00TEX|0|768|0|1|1|0|0|1920|-3328|2688|-3328|0|-1|1
W|3|0|1|ICEY|XA00TEX|256|768|0|1|1|0|0|2688|-3328|2688|-4096|0|-1|1
W|591|0|1|ICEY|XA00TEX|0|512|0|1|1|0|0|4512|-6816|4528|-6784|151|-1|1
W|524|0|1|ICEY|XA00TEX|35.77708764|512|0|1|1|0|0|4528|-6784|4544|-6784|151|-1|1
W|525|0|1|ICEY|XA00TEX|51.77708764|512|0|1|1|0|0|4544|-6784|4544|-6800|583|-1|1
W|3316|0|1|ICEY|XA00TEX|67.77708764|512|0|1|1|0|0|4544|-6800|4512|-6816|583|-1|1
W|913|0|0|ICEY|XA00TEX|0|512|0|1|1|0|0|14896|-3256|14928|-3320|261|146|1
W|913|0|2|ICEY|XA00TEX|0|512|0|1|1|0|0|14896|-3256|14928|-3320|261|146|1
W|1666|0|0|ICEY|XA00TEX|71.55417528|512|0|1|1|0|0|14928|-3320|14864|-3384|261|146|1
W|1666|0|2|ICEY|XA00TEX|71.55417528|512|0|1|1|0|0|14928|-3320|14864|-3384|261|146|1
W|916|0|0|ICEY|XA00TEX|162.063843272|512|0|1|1|0|0|14864|-3384|14800|-3352|261|146|1
W|916|0|2|ICEY|XA00TEX|162.063843272|512|0|1|1|0|0|14864|-3384|14800|-3352|261|146|1
W|904|0|0|ICEY|XA00TEX|233.618018552|512|0|1|1|0|0|14800|-3352|14896|-3256|261|146|1
W|904|0|2|ICEY|XA00TEX|233.618018552|512|0|1|1|0|0|14800|-3352|14896|-3256|261|146|1
W|916|1|0|ICEY|XA00TEX|0|512|0|1|1|0|0|14800|-3352|14864|-3384|146|261|1
W|916|1|2|ICEY|XA00TEX|0|512|0|1|1|0|0|14800|-3352|14864|-3384|146|261|1
W|1666|1|0|ICEY|XA00TEX|71.55417528|512|0|1|1|0|0|14864|-3384|14928|-3320|146|261|1
W|1666|1|2|ICEY|XA00TEX|71.55417528|512|0|1|1|0|0|14864|-3384|14928|-3320|146|261|1
W|913|1|0|ICEY|XA00TEX|162.063843272|512|0|1|1|0|0|14928|-3320|14896|-3256|146|261|1
W|913|1|2|ICEY|XA00TEX|162.063843272|512|0|1|1|0|0|14928|-3320|14896|-3256|146|261|1
W|904|1|0|ICEY|XA00TEX|233.618018552|512|0|1|1|0|0|14896|-3256|14800|-3352|146|261|1
W|904|1|2|ICEY|XA00TEX|233.618018552|512|0|1|1|0|0|14896|-3256|14800|-3352|146|261|1
W|912|0|0|ICEY|XA00TEX|0|512|0|1|1|0|0|14768|-3320|14640|-3224|260|146|1
W|912|0|2|ICEY|XA00TEX|0|512|0|1|1|0|0|14768|-3320|14640|-3224|260|146|1
W|908|0|0|ICEY|XA00TEX|160|512|0|1|1|0|0|14640|-3224|14672|-3128|260|146|1
W|908|0|2|ICEY|XA00TEX|160|512|0|1|1|0|0|14640|-3224|14672|-3128|260|146|1
W|921|0|0|ICEY|XA00TEX|261.192885125|512|0|1|1|0|0|14672|-3128|14800|-3096|260|146|1
W|921|0|2|ICEY|XA00TEX|261.192885125|512|0|1|1|0|0|14672|-3128|14800|-3096|260|146|1
W|911|0|0|ICEY|XA00TEX|393.132265145|512|0|1|1|0|0|14800|-3096|14864|-3224|260|146|1
W|911|0|2|ICEY|XA00TEX|393.132265145|512|0|1|1|0|0|14800|-3096|14864|-3224|260|146|1
W|907|0|0|ICEY|XA00TEX|24.240615705|512|0|1|1|0|0|14864|-3224|14768|-3320|260|146|1
W|907|0|2|ICEY|XA00TEX|24.240615705|512|0|1|1|0|0|14864|-3224|14768|-3320|260|146|1
W|907|1|0|ICEY|XA00TEX|0|512|0|1|1|0|0|14768|-3320|14864|-3224|146|260|1
W|907|1|2|ICEY|XA00TEX|0|512|0|1|1|0|0|14768|-3320|14864|-3224|146|260|1
W|911|1|0|ICEY|XA00TEX|135.764501988|512|0|1|1|0|0|14864|-3224|14800|-3096|146|260|1
W|911|1|2|ICEY|XA00TEX|135.764501988|512|0|1|1|0|0|14864|-3224|14800|-3096|146|260|1
W|921|1|0|ICEY|XA00TEX|278.872852548|512|0|1|1|0|0|14800|-3096|14672|-3128|146|260|1
W|921|1|2|ICEY|XA00TEX|278.872852548|512|0|1|1|0|0|14800|-3096|14672|-3128|146|260|1
W|908|1|0|ICEY|XA00TEX|410.812232568|512|0|1|1|0|0|14672|-3128|14640|-3224|146|260|1
W|908|1|2|ICEY|XA00TEX|410.812232568|512|0|1|1|0|0|14672|-3128|14640|-3224|146|260|1
W|912|1|0|ICEY|XA00TEX|0.005117693|512|0|1|1|0|0|14640|-3224|14768|-3320|146|260|1
W|912|1|2|ICEY|XA00TEX|0.005117693|512|0|1|1|0|0|14640|-3224|14768|-3320|146|260|1
W|929|0|0|ICEY|XA00TEX|0|512|0|1|1|0|0|14992|-3160|14928|-3224|146|263|1
W|929|0|2|ICEY|XA00TEX|0|512|0|1|1|0|0|14992|-3160|14928|-3224|146|263|1
W|917|0|0|ICEY|XA00TEX|90.509667992|512|0|1|1|0|0|14928|-3224|14960|-3288|146|263|1
W|917|0|2|ICEY|XA00TEX|90.509667992|512|0|1|1|0|0|14928|-3224|14960|-3288|146|263|1
W|927|0|0|ICEY|XA00TEX|162.063843272|512|0|1|1|0|0|14960|-3288|15024|-3256|146|263|1
W|927|0|2|ICEY|XA00TEX|162.063843272|512|0|1|1|0|0|14960|-3288|15024|-3256|146|263|1
W|928|0|0|ICEY|XA00TEX|233.618018552|512|0|1|1|0|0|15024|-3256|14992|-3160|146|263|1
W|928|0|2|ICEY|XA00TEX|233.618018552|512|0|1|1|0|0|15024|-3256|14992|-3160|146|263|1
W|928|1|0|ICEY|XA00TEX|0|512|0|1|1|0|0|14992|-3160|15024|-3256|263|146|1
W|928|1|2|ICEY|XA00TEX|0|512|0|1|1|0|0|14992|-3160|15024|-3256|263|146|1
W|927|1|0|ICEY|XA00TEX|101.192885125|512|0|1|1|0|0|15024|-3256|14960|-3288|263|146|1
W|927|1|2|ICEY|XA00TEX|101.192885125|512|0|1|1|0|0|15024|-3256|14960|-3288|263|146|1
W|917|1|0|ICEY|XA00TEX|172.747060405|512|0|1|1|0|0|14960|-3288|14928|-3224|263|146|1
W|917|1|2|ICEY|XA00TEX|172.747060405|512|0|1|1|0|0|14960|-3288|14928|-3224|263|146|1
W|929|1|0|ICEY|XA00TEX|244.301235685|512|0|1|1|0|0|14928|-3224|14992|-3160|263|146|1
W|929|1|2|ICEY|XA00TEX|244.301235685|512|0|1|1|0|0|14928|-3224|14992|-3160|263|146|1
W|933|0|0|ICEY|XA00TEX|0|512|0|1|1|0|0|14896|-2904|14832|-2968|146|264|1
W|933|0|2|ICEY|XA00TEX|0|512|0|1|1|0|0|14896|-2904|14832|-2968|146|264|1
W|918|0|0|ICEY|XA00TEX|90.509667992|512|0|1|1|0|0|14832|-2968|14928|-3032|146|264|1
W|918|0|2|ICEY|XA00TEX|90.509667992|512|0|1|1|0|0|14832|-2968|14928|-3032|146|264|1
W|930|0|0|ICEY|XA00TEX|205.887308807|512|0|1|1|0|0|14928|-3032|14992|-2968|146|264|1
W|930|0|2|ICEY|XA00TEX|205.887308807|512|0|1|1|0|0|14928|-3032|14992|-2968|146|264|1
W|932|0|0|ICEY|XA00TEX|296.396976799|512|0|1|1|0|0|14992|-2968|14896|-2776|146|264|1
W|932|0|2|ICEY|XA00TEX|296.396976799|512|0|1|1|0|0|14992|-2968|14896|-2776|146|264|1
W|920|0|0|ICEY|XA00TEX|511.059502639|512|0|1|1|0|0|14896|-2776|14832|-2904|146|264|1
W|920|0|2|ICEY|XA00TEX|511.059502639|512|0|1|1|0|0|14896|-2776|14832|-2904|146|264|1
W|934|0|0|ICEY|XA00TEX|142.167853199|512|0|1|1|0|0|14832|-2904|14896|-2904|146|264|1
W|934|0|2|ICEY|XA00TEX|142.167853199|512|0|1|1|0|0|14832|-2904|14896|-2904|146|264|1
W|934|1|0|ICEY|XA00TEX|0|512|0|1|1|0|0|14896|-2904|14832|-2904|264|146|1
W|934|1|2|ICEY|XA00TEX|0|512|0|1|1|0|0|14896|-2904|14832|-2904|264|146|1
W|920|1|0|ICEY|XA00TEX|64|512|0|1|1|0|0|14832|-2904|14896|-2776|264|146|1
W|920|1|2|ICEY|XA00TEX|64|512|0|1|1|0|0|14832|-2904|14896|-2776|264|146|1
W|932|1|0|ICEY|XA00TEX|207.10835056|512|0|1|1|0|0|14896|-2776|14992|-2968|264|146|1
W|932|1|2|ICEY|XA00TEX|207.10835056|512|0|1|1|0|0|14896|-2776|14992|-2968|264|146|1
W|930|1|0|ICEY|XA00TEX|421.7708764|512|0|1|1|0|0|14992|-2968|14928|-3032|264|146|1
W|930|1|2|ICEY|XA00TEX|421.7708764|512|0|1|1|0|0|14992|-2968|14928|-3032|264|146|1
W|918|1|0|ICEY|XA00TEX|0.280544392|512|0|1|1|0|0|14928|-3032|14832|-2968|264|146|1
W|918|1|2|ICEY|XA00TEX|0.280544392|512|0|1|1|0|0|14928|-3032|14832|-2968|264|146|1
W|933|1|0|ICEY|XA00TEX|115.658185207|512|0|1|1|0|0|14832|-2968|14896|-2904|264|146|1
W|933|1|2|ICEY|XA00TEX|115.658185207|512|0|1|1|0|0|14832|-2968|14896|-2904|264|146|1
W|10584|0|2|ICEY|XA00TEX|0|128|0|1|1|0|0|14326|-5096|14329|-5088|462|2000|1
W|10445|0|2|ICEY|XA00TEX|8.544003745|128|0|1|1|0|0|14329|-5088|14329|-5080|462|2000|1
W|1514|0|2|ICEY|XA00TEX|16.544003745|128|0|1|1|0|0|14329|-5080|14326|-5072|462|2000|1
W|10469|0|2|ICEY|XA00TEX|25.088007491|128|0|1|1|0|0|14326|-5072|14322|-5068|462|2000|1
W|10447|0|2|ICEY|XA00TEX|30.74486174|128|0|1|1|0|0|14322|-5068|14317|-5068|462|2000|1
W|10443|0|2|ICEY|XA00TEX|35.74486174|128|0|1|1|0|0|14317|-5068|14314|-5076|462|2000|1
W|10470|0|2|ICEY|XA00TEX|44.288865485|128|0|1|1|0|0|14314|-5076|14317|-5080|462|2000|1
W|10523|0|2|ICEY|XA00TEX|49.288865485|128|0|1|1|0|0|14317|-5080|14321|-5084|462|2000|1
W|10637|0|2|ICEY|XA00TEX|54.945719735|128|0|1|1|0|0|14321|-5084|14321|-5093|462|2000|1
W|10680|0|2|ICEY|XA00TEX|63.945719735|128|0|1|1|0|0|14321|-5093|14326|-5096|462|2000|1
W|1785|0|2|ICEY|XA00TEX|0|128|0|1|1|0|0|13814|-4968|13817|-4960|462|2004|1
W|1521|0|2|ICEY|XA00TEX|8.544003745|128|0|1|1|0|0|13817|-4960|13817|-4952|462|2004|1
W|10462|0|2|ICEY|XA00TEX|16.544003745|128|0|1|1|0|0|13817|-4952|13814|-4944|462|2004|1
W|10475|0|2|ICEY|XA00TEX|25.088007491|128|0|1|1|0|0|13814|-4944|13810|-4940|462|2004|1
W|10459|0|2|ICEY|XA00TEX|30.74486174|128|0|1|1|0|0|13810|-4940|13805|-4940|462|2004|1
W|10504|0|2|ICEY|XA00TEX|35.74486174|128|0|1|1|0|0|13805|-4940|13802|-4948|462|2004|1
W|10460|0|2|ICEY|XA00TEX|44.288865485|128|0|1|1|0|0|13802|-4948|13805|-4952|462|2004|1
W|10478|0|2|ICEY|XA00TEX|49.288865485|128|0|1|1|0|0|13805|-4952|13809|-4956|462|2004|1
W|10505|0|2|ICEY|XA00TEX|54.945719735|128|0|1|1|0|0|13809|-4956|13810|-4965|462|2004|1
W|10467|0|2|ICEY|XA00TEX|64.001104873|128|0|1|1|0|0|13810|-4965|13814|-4968|462|2004|1
W|1817|0|2|ICEY|XA00TEX|0|128|0|1|1|0|0|13846|-4584|13849|-4575|462|1999|1
W|10503|0|2|ICEY|XA00TEX|9.486832981|128|0|1|1|0|0|13849|-4575|13849|-4568|462|1999|1
W|10457|0|2|ICEY|XA00TEX|16.486832981|128|0|1|1|0|0|13849|-4568|13846|-4560|462|1999|1
W|10471|0|2|ICEY|XA00TEX|25.030836726|128|0|1|1|0|0|13846|-4560|13842|-4556|462|1999|1
W|1803|0|2|ICEY|XA00TEX|30.687690975|128|0|1|1|0|0|13842|-4556|13837|-4556|462|1999|1
W|10433|0|2|ICEY|XA00TEX|35.687690975|128|0|1|1|0|0|13837|-4556|13833|-4564|462|1999|1
W|1649|0|2|ICEY|XA00TEX|44.631962885|128|0|1|1|0|0|13833|-4564|13837|-4568|462|1999|1
W|1621|0|2|ICEY|XA00TEX|50.288817135|128|0|1|1|0|0|13837|-4568|13841|-4572|462|1999|1
W|10461|0|2|ICEY|XA00TEX|55.945671384|128|0|1|1|0|0|13841|-4572|13842|-4581|462|1999|1
W|10644|0|2|ICEY|XA00TEX|65.001056522|128|0|1|1|0|0|13842|-4581|13846|-4584|462|1999|1
W|10670|0|2|ICEY|XA00TEX|0|128|0|1|1|0|0|14369|-4660|14386|-4654|462|2006|1
W|10542|0|2|ICEY|XA00TEX|18.027756377|128|0|1|1|0|0|14386|-4654|14397|-4643|462|2006|1
W|10502|0|2|ICEY|XA00TEX|33.584105563|128|0|1|1|0|0|14397|-4643|14403|-4626|462|2006|1
W|10619|0|2|ICEY|XA00TEX|51.611861941|128|0|1|1|0|0|14403|-4626|14403|-4615|462|2006|1
W|10507|0|2|ICEY|XA00TEX|62.611861941|128|0|1|1|0|0|14403|-4615|14397|-4609|462|2006|1
W|3077|0|2|ICEY|XA00TEX|71.097143315|128|0|1|1|0|0|14397|-4609|14379|-4615|462|2006|1
W|10473|0|2|ICEY|XA00TEX|90.070809276|128|0|1|1|0|0|14379|-4615|14380|-4626|462|2006|1
W|10468|0|2|ICEY|XA00TEX|101.116170293|128|0|1|1|0|0|14380|-4626|14380|-4637|462|2006|1
W|1779|0|2|ICEY|XA00TEX|112.116170293|128|0|1|1|0|0|14380|-4637|14368|-4650|462|2006|1
W|10500|0|2|ICEY|XA00TEX|129.807976306|128|0|1|1|0|0|14368|-4650|14369|-4660|462|2006|1
W|10524|0|2|ICEY|XA00TEX|0|128|0|1|1|0|0|13825|-5012|13842|-5005|462|2005|1
W|10518|0|2|ICEY|XA00TEX|18.384776311|128|0|1|1|0|0|13842|-5005|13853|-4995|462|2005|1
W|10633|0|2|ICEY|XA00TEX|33.250845058|128|0|1|1|0|0|13853|-4995|13859|-4978|462|2005|1
W|10634|0|2|ICEY|XA00TEX|51.278601435|128|0|1|1|0|0|13859|-4978|13859|-4967|462|2005|1
W|10681|0|2|ICEY|XA00TEX|62.278601435|128|0|1|1|0|0|13859|-4967|13853|-4961|462|2005|1
W|1784|0|2|ICEY|XA00TEX|70.76388281|128|0|1|1|0|0|13853|-4961|13836|-4967|462|2005|1
W|10673|0|2|ICEY|XA00TEX|88.791639187|128|0|1|1|0|0|13836|-4967|13836|-4978|462|2005|1
W|10537|0|2|ICEY|XA00TEX|99.791639187|128|0|1|1|0|0|13836|-4978|13836|-4989|462|2005|1
W|10463|0|2|ICEY|XA00TEX|110.791639187|128|0|1|1|0|0|13836|-4989|13824|-5002|462|2005|1
W|10483|0|2|ICEY|XA00TEX|128.4834452|128|0|1|1|0|0|13824|-5002|13825|-5012|462|2005|1
W|10676|0|2|ICEY|XA00TEX|0|128|0|1|1|0|0|14054|-4776|14057|-4768|1982|1998|1
W|1823|0|2|ICEY|XA00TEX|8.544003745|128|0|1|1|0|0|14057|-4768|14057|-4760|1982|1998|1
W|10453|0|2|ICEY|XA00TEX|16.544003745|128|0|1|1|0|0|14057|-4760|14054|-4752|1982|1998|1
W|10480|0|2|ICEY|XA00TEX|25.088007491|128|0|1|1|0|0|14054|-4752|14050|-4748|1982|1998|1
W|10451|0|2|ICEY|XA00TEX|30.74486174|128|0|1|1|0|0|14050|-4748|14045|-4748|1982|1998|1
W|10568|0|2|ICEY|XA00TEX|35.74486174|128|0|1|1|0|0|14045|-4748|14042|-4756|1982|1998|1
W|1792|0|2|ICEY|XA00TEX|44.288865485|128|0|1|1|0|0|14042|-4756|14045|-4760|1982|1998|1
W|10450|0|2|ICEY|XA00TEX|49.288865485|128|0|1|1|0|0|14045|-4760|14049|-4764|1982|1998|1
W|10432|0|2|ICEY|XA00TEX|54.945719735|128|0|1|1|0|0|14049|-4764|14050|-4773|1982|1998|1
W|2970|0|2|ICEY|XA00TEX|64.001104873|128|0|1|1|0|0|14050|-4773|14054|-4776|1982|1998|1
W|10525|0|2|ICEY|XA00TEX|0|128|0|1|1|0|0|14112|-4768|14108|-4760|1980|2002|1
W|10456|0|2|ICEY|XA00TEX|8.94427191|128|0|1|1|0|0|14108|-4760|14103|-4754|1980|2002|1
W|10669|0|2|ICEY|XA00TEX|16.754521586|128|0|1|1|0|0|14103|-4754|14095|-4751|1980|2002|1
W|10449|0|2|ICEY|XA00TEX|25.298525331|128|0|1|1|0|0|14095|-4751|14089|-4751|1980|2002|1
W|10556|0|2|ICEY|XA00TEX|31.298525331|128|0|1|1|0|0|14089|-4751|14086|-4754|1980|2002|1
W|1805|0|2|ICEY|XA00TEX|35.541166018|128|0|1|1|0|0|14086|-4754|14089|-4762|1980|2002|1
W|10452|0|2|ICEY|XA00TEX|44.085169764|128|0|1|1|0|0|14089|-4762|14094|-4763|1980|2002|1
W|10476|0|2|ICEY|XA00TEX|49.184189277|128|0|1|1|0|0|14094|-4763|14100|-4763|1980|2002|1
W|10534|0|2|ICEY|XA00TEX|55.184189277|128|0|1|1|0|0|14100|-4763|14107|-4769|1980|2002|1
W|10448|0|2|ICEY|XA00TEX|64.403733735|128|0|1|1|0|0|14107|-4769|14112|-4768|1980|2002|1
W|10668|0|2|ICEY|XA00TEX|0|128|0|1|1|0|0|14069|-4966|14035|-4978|462|2010|1
W|10517|0|2|ICEY|XA00TEX|36.055512755|128|0|1|1|0|0|14035|-4978|14012|-5001|462|2010|1
W|10574|0|2|ICEY|XA00TEX|68.582424689|128|0|1|1|0|0|14012|-5001|14000|-5035|462|2010|1
W|2213|0|2|ICEY|XA00TEX|104.637937444|128|0|1|1|0|0|14000|-5035|14001|-5057|462|2010|1
W|10553|0|2|ICEY|XA00TEX|126.660652989|128|0|1|1|0|0|14001|-5057|14012|-5068|462|2010|1
W|10622|0|2|ICEY|XA00TEX|142.217002176|128|0|1|1|0|0|14012|-5068|14046|-5057|462|2010|1
W|10672|0|2|ICEY|XA00TEX|177.952138946|128|0|1|1|0|0|14046|-5057|14046|-5035|462|2010|1
W|10515|0|2|ICEY|XA00TEX|199.952138946|128|0|1|1|0|0|14046|-5035|14046|-5012|462|2010|1
W|10655|0|2|ICEY|XA00TEX|222.952138946|128|0|1|1|0|0|14046|-5012|14069|-4989|462|2010|1
W|10559|0|2|ICEY|XA00TEX|255.479050881|128|0|1|1|0|0|14069|-4989|14069|-4966|462|2010|1
W|3628|0|0|ICEY|XA00TEX|0|384|0|1|1|0|0|11488|-2912|11424|-2976|381|641|1
W|3647|0|0|ICEY|XA00TEX|90.509667992|384|0|1|1|0|0|11424|-2976|11520|-3040|381|641|1
W|3632|0|0|ICEY|XA00TEX|205.887308807|384|0|1|1|0|0|11520|-3040|11584|-2976|381|641|1
W|3631|0|0|ICEY|XA00TEX|296.396976799|384|0|1|1|0|0|11584|-2976|11488|-2784|381|641|1
W|3643|0|0|ICEY|XA00TEX|511.059502639|384|0|1|1|0|0|11488|-2784|11424|-2912|381|641|1
W|3627|0|0|ICEY|XA00TEX|142.167853199|384|0|1|1|0|0|11424|-2912|11488|-2912|381|641|1
W|3633|0|0|ICEY|XA00TEX|0|384|0|1|1|0|0|11584|-3168|11520|-3232|381|640|1
W|3648|0|0|ICEY|XA00TEX|90.509667992|384|0|1|1|0|0|11520|-3232|11552|-3296|381|640|1
W|3637|0|0|ICEY|XA00TEX|162.063843272|384|0|1|1|0|0|11552|-3296|11616|-3264|381|640|1
W|3634|0|0|ICEY|XA00TEX|233.618018552|384|0|1|1|0|0|11616|-3264|11584|-3168|381|640|1
W|3663|1|0|ICEY|XA00TEX|0|384|0|1|1|0|0|11488|-3264|11392|-3360|381|80|1
W|3651|1|0|ICEY|XA00TEX|135.764501988|384|0|1|1|0|0|11392|-3360|11456|-3392|381|80|1
W|3927|1|0|ICEY|XA00TEX|207.318677268|384|0|1|1|0|0|11456|-3392|11520|-3328|381|80|1
W|3653|1|0|ICEY|XA00TEX|297.82834526|384|0|1|1|0|0|11520|-3328|11488|-3264|381|80|1
W|3659|1|0|ICEY|XA00TEX|0|384|0|1|1|0|0|11360|-3328|11456|-3232|381|269|1
W|3657|1|0|ICEY|XA00TEX|135.764501988|384|0|1|1|0|0|11456|-3232|11392|-3104|381|269|1
W|3697|1|0|ICEY|XA00TEX|278.872852548|384|0|1|1|0|0|11392|-3104|11264|-3136|381|269|1
W|3658|1|0|ICEY|XA00TEX|410.812232568|384|0|1|1|0|0|11264|-3136|11232|-3232|381|269|1
W|3656|1|0|ICEY|XA00TEX|0.005117693|384|0|1|1|0|0|11232|-3232|11360|-3328|381|269|1
W|10642|0|2|ICEY|XA00TEX|0|128|0|1|1|0|0|14323|-4545|14339|-4554|462|1993|1
W|10582|0|2|ICEY|XA00TEX|18.357559751|128|0|1|1|0|0|14339|-4554|14355|-4553|462|1993|1
W|10600|0|2|ICEY|XA00TEX|34.388779293|128|0|1|1|0|0|14355|-4553|14372|-4545|462|1993|1
W|10493|0|2|ICEY|XA00TEX|53.177073521|128|0|1|1|0|0|14372|-4545|14379|-4537|462|1993|1
W|10496|0|2|ICEY|XA00TEX|63.807219333|128|0|1|1|0|0|14379|-4537|14379|-4529|462|1993|1
W|10491|0|2|ICEY|XA00TEX|71.807219333|128|0|1|1|0|0|14379|-4529|14363|-4521|462|1993|1
W|10489|0|2|ICEY|XA00TEX|89.695763153|128|0|1|1|0|0|14363|-4521|14355|-4529|462|1993|1
W|10638|0|2|ICEY|XA00TEX|101.009471652|128|0|1|1|0|0|14355|-4529|14347|-4537|462|1993|1
W|10499|0|2|ICEY|XA00TEX|112.323180151|128|0|1|1|0|0|14347|-4537|14330|-4537|462|1993|1
W|10365|0|2|ICEY|XA00TEX|129.323180151|128|0|1|1|0|0|14330|-4537|14323|-4545|462|1993|1
W|10519|0|2|ICEY|XA00TEX|0|128|0|1|1|0|0|14070|-5096|14073|-5088|462|2001|1
W|10446|0|2|ICEY|XA00TEX|8.544003745|128|0|1|1|0|0|14073|-5088|14073|-5080|462|2001|1
W|10520|0|2|ICEY|XA00TEX|16.544003745|128|0|1|1|0|0|14073|-5080|14070|-5072|462|2001|1
W|10444|0|2|ICEY|XA00TEX|25.088007491|128|0|1|1|0|0|14070|-5072|14066|-5068|462|2001|1
W|10639|0|2|ICEY|XA00TEX|30.74486174|128|0|1|1|0|0|14066|-5068|14061|-5068|462|2001|1
W|10677|0|2|ICEY|XA00TEX|35.74486174|128|0|1|1|0|0|14061|-5068|14058|-5076|462|2001|1
W|10641|0|2|ICEY|XA00TEX|44.288865485|128|0|1|1|0|0|14058|-5076|14061|-5080|462|2001|1
W|10513|0|2|ICEY|XA00TEX|49.288865485|128|0|1|1|0|0|14061|-5080|14065|-5084|462|2001|1
W|10521|0|2|ICEY|XA00TEX|54.945719735|128|0|1|1|0|0|14065|-5084|14065|-5093|462|2001|1
W|10618|0|2|ICEY|XA00TEX|63.945719735|128|0|1|1|0|0|14065|-5093|14070|-5096|462|2001|1
W|10455|0|2|ICEY|XA00TEX|0|128|0|1|1|0|0|13889|-4564|13906|-4558|462|2003|1
W|10527|0|2|ICEY|XA00TEX|18.027756377|128|0|1|1|0|0|13906|-4558|13917|-4547|462|2003|1
W|10464|0|2|ICEY|XA00TEX|33.584105563|128|0|1|1|0|0|13917|-4547|13923|-4530|462|2003|1
W|10541|0|2|ICEY|XA00TEX|51.611861941|128|0|1|1|0|0|13923|-4530|13923|-4519|462|2003|1
W|10474|0|2|ICEY|XA00TEX|62.611861941|128|0|1|1|0|0|13923|-4519|13917|-4513|462|2003|1
W|10479|0|2|ICEY|XA00TEX|71.097143315|128|0|1|1|0|0|13917|-4513|13900|-4519|462|2003|1
W|10535|0|2|ICEY|XA00TEX|89.124899692|128|0|1|1|0|0|13900|-4519|13900|-4530|462|2003|1
W|10536|0|2|ICEY|XA00TEX|100.124899692|128|0|1|1|0|0|13900|-4530|13900|-4541|462|2003|1
W|10565|0|2|ICEY|XA00TEX|111.124899692|128|0|1|1|0|0|13900|-4541|13888|-4554|462|2003|1
W|10501|0|2|ICEY|XA00TEX|128.816705705|128|0|1|1|0|0|13888|-4554|13889|-4564|462|2003|1
W|10653|0|2|ICEY|XA00TEX|0|128|0|1|1|0|0|14067|-5025|14083|-5033|462|2007|1
W|10631|0|2|ICEY|XA00TEX|17.88854382|128|0|1|1|0|0|14083|-5033|14099|-5033|462|2007|1
W|10671|0|2|ICEY|XA00TEX|33.88854382|128|0|1|1|0|0|14099|-5033|14115|-5025|462|2007|1
W|10516|0|2|ICEY|XA00TEX|51.77708764|128|0|1|1|0|0|14115|-5025|14123|-5017|462|2007|1
W|10628|0|2|ICEY|XA00TEX|63.090796139|128|0|1|1|0|0|14123|-5017|14123|-5009|462|2007|1
W|10511|0|2|ICEY|XA00TEX|71.090796139|128|0|1|1|0|0|14123|-5009|14106|-5001|462|2007|1
W|10506|0|2|ICEY|XA00TEX|89.879090367|128|0|1|1|0|0|14106|-5001|14099|-5009|462|2007|1
W|10652|0|2|ICEY|XA00TEX|100.50923618|128|0|1|1|0|0|14099|-5009|14091|-5017|462|2007|1
W|10552|0|2|ICEY|XA00TEX|111.822944679|128|0|1|1|0|0|14091|-5017|14074|-5017|462|2007|1
W|10577|0|2|ICEY|XA00TEX|128.822944679|128|0|1|1|0|0|14074|-5017|14067|-5025|462|2007|1
W|10665|0|2|ICEY|XA00TEX|0|128|0|1|1|0|0|13811|-4640|13826|-4649|462|2008|1
W|10538|0|2|ICEY|XA00TEX|17.492855685|128|0|1|1|0|0|13826|-4649|13843|-4649|462|2008|1
W|10510|0|2|ICEY|XA00TEX|34.492855685|128|0|1|1|0|0|13843|-4649|13859|-4640|462|2008|1
W|10532|0|2|ICEY|XA00TEX|52.850415435|128|0|1|1|0|0|13859|-4640|13867|-4633|462|2008|1
W|10539|0|2|ICEY|XA00TEX|63.480561248|128|0|1|1|0|0|13867|-4633|13867|-4625|462|2008|1
W|10550|0|2|ICEY|XA00TEX|71.480561248|128|0|1|1|0|0|13867|-4625|13851|-4617|462|2008|1
W|10514|0|2|ICEY|XA00TEX|89.369105068|128|0|1|1|0|0|13851|-4617|13843|-4625|462|2008|1
W|10557|0|2|ICEY|XA00TEX|100.682813567|128|0|1|1|0|0|13843|-4625|13835|-4633|462|2008|1
W|10529|0|2|ICEY|XA00TEX|111.996522066|128|0|1|1|0|0|13835|-4633|13818|-4633|462|2008|1
W|10526|0|2|ICEY|XA00TEX|128.996522066|128|0|1|1|0|0|13818|-4633|13811|-4640|462|2008|1
W|10564|0|2|ICEY|XA00TEX|0|128|0|1|1|0|0|14269|-4568|14280|-4602|462|2009|1
W|10560|0|2|ICEY|XA00TEX|35.73513677|128|0|1|1|0|0|14280|-4602|14303|-4625|462|2009|1
W|10666|0|2|ICEY|XA00TEX|68.262048705|128|0|1|1|0|0|14303|-4625|14337|-4636|462|2009|1
W|10662|0|2|ICEY|XA00TEX|103.997185475|128|0|1|1|0|0|14337|-4636|14359|-4636|462|2009|1
W|10540|0|2|ICEY|XA00TEX|125.997185475|128|0|1|1|0|0|14359|-4636|14369|-4625|462|2009|1
W|10512|0|2|ICEY|XA00TEX|140.863254223|128|0|1|1|0|0|14369|-4625|14360|-4591|462|2009|1
W|10543|0|2|ICEY|XA00TEX|176.034265013|128|0|1|1|0|0|14360|-4591|14337|-4591|462|2009|1
W|10545|0|2|ICEY|XA00TEX|199.034265013|128|0|1|1|0|0|14337|-4591|14314|-4591|462|2009|1
W|10530|0|2|ICEY|XA00TEX|222.034265013|128|0|1|1|0|0|14314|-4591|14291|-4568|462|2009|1
W|10533|0|2|ICEY|XA00TEX|254.561176947|128|0|1|1|0|0|14291|-4568|14269|-4568|462|2009|1
W|10682|0|2|ICEY|XA00TEX|0|128|0|1|1|0|0|13872|-4528|13840|-4513|462|2011|1
W|10598|0|2|ICEY|XA00TEX|35.341194094|128|0|1|1|0|0|13840|-4513|13808|-4512|462|2011|1
W|10561|0|2|ICEY|XA00TEX|67.356815281|128|0|1|1|0|0|13808|-4512|13776|-4528|462|2011|1
W|10590|0|2|ICEY|XA00TEX|103.133902921|128|0|1|1|0|0|13776|-4528|13760|-4544|462|2011|1
W|10567|0|2|ICEY|XA00TEX|125.761319919|128|0|1|1|0|0|13760|-4544|13760|-4560|462|2011|1
W|10546|0|2|ICEY|XA00TEX|141.761319919|128|0|1|1|0|0|13760|-4560|13792|-4576|462|2011|1
W|10570|0|2|ICEY|XA00TEX|177.538407559|128|0|1|1|0|0|13792|-4576|13808|-4560|462|2011|1
W|10581|0|2|ICEY|XA00TEX|200.165824557|128|0|1|1|0|0|13808|-4560|13824|-4544|462|2011|1
W|10601|0|2|ICEY|XA00TEX|222.793241555|128|0|1|1|0|0|13824|-4544|13856|-4544|462|2011|1
W|10647|0|2|ICEY|XA00TEX|254.793241555|128|0|1|1|0|0|13856|-4544|13872|-4528|462|2011|1
W|11026|0|2|ICEY|XA00TEX|0|256|0|1|1|0|0|14388|-5443|14391|-5434|2068|2086|1
W|11036|0|2|ICEY|XA00TEX|9.486832981|256|0|1|1|0|0|14391|-5434|14391|-5427|2068|2086|1
W|11029|0|2|ICEY|XA00TEX|16.486832981|256|0|1|1|0|0|14391|-5427|14388|-5419|2068|2086|1
W|11032|0|2|ICEY|XA00TEX|25.030836726|256|0|1|1|0|0|14388|-5419|14384|-5415|2068|2086|1
W|11025|0|2|ICEY|XA00TEX|30.687690975|256|0|1|1|0|0|14384|-5415|14379|-5415|2068|2086|1
W|11027|0|2|ICEY|XA00TEX|35.687690975|256|0|1|1|0|0|14379|-5415|14375|-5423|2068|2086|1
W|11024|0|2|ICEY|XA00TEX|44.631962885|256|0|1|1|0|0|14375|-5423|14379|-5427|2068|2086|1
W|11023|0|2|ICEY|XA00TEX|50.288817135|256|0|1|1|0|0|14379|-5427|14383|-5431|2068|2086|1
W|11030|0|2|ICEY|XA00TEX|55.945671384|256|0|1|1|0|0|14383|-5431|14384|-5440|2068|2086|1
W|11059|0|2|ICEY|XA00TEX|65.001056522|256|0|1|1|0|0|14384|-5440|14388|-5443|2068|2086|1
W|11028|0|2|ICEY|XA00TEX|0|256|0|1|1|0|0|14431|-5423|14448|-5417|2068|2087|1
W|11040|0|2|ICEY|XA00TEX|18.027756377|256|0|1|1|0|0|14448|-5417|14459|-5406|2068|2087|1
W|11031|0|2|ICEY|XA00TEX|33.584105563|256|0|1|1|0|0|14459|-5406|14465|-5389|2068|2087|1
W|11047|0|2|ICEY|XA00TEX|51.611861941|256|0|1|1|0|0|14465|-5389|14465|-5378|2068|2087|1
W|11033|0|2|ICEY|XA00TEX|62.611861941|256|0|1|1|0|0|14465|-5378|14459|-5372|2068|2087|1
W|11034|0|2|ICEY|XA00TEX|71.097143315|256|0|1|1|0|0|14459|-5372|14442|-5378|2068|2087|1
W|11043|0|2|ICEY|XA00TEX|89.124899692|256|0|1|1|0|0|14442|-5378|14442|-5389|2068|2087|1
W|11044|0|2|ICEY|XA00TEX|100.124899692|256|0|1|1|0|0|14442|-5389|14442|-5400|2068|2087|1
W|11052|0|2|ICEY|XA00TEX|111.124899692|256|0|1|1|0|0|14442|-5400|14430|-5413|2068|2087|1
W|11035|0|2|ICEY|XA00TEX|128.816705705|256|0|1|1|0|0|14430|-5413|14431|-5423|2068|2087|1
W|11061|0|2|ICEY|XA00TEX|0|256|0|1|1|0|0|14353|-5499|14368|-5508|2068|2088|1
W|11045|0|2|ICEY|XA00TEX|17.492855685|256|0|1|1|0|0|14368|-5508|14385|-5508|2068|2088|1
W|11037|0|2|ICEY|XA00TEX|34.492855685|256|0|1|1|0|0|14385|-5508|14401|-5499|2068|2088|1
W|11042|0|2|ICEY|XA00TEX|52.850415435|256|0|1|1|0|0|14401|-5499|14409|-5492|2068|2088|1
W|11046|0|2|ICEY|XA00TEX|63.480561248|256|0|1|1|0|0|14409|-5492|14409|-5484|2068|2088|1
W|11049|0|2|ICEY|XA00TEX|71.480561248|256|0|1|1|0|0|14409|-5484|14393|-5476|2068|2088|1
W|11038|0|2|ICEY|XA00TEX|89.369105068|256|0|1|1|0|0|14393|-5476|14385|-5484|2068|2088|1
W|11050|0|2|ICEY|XA00TEX|100.682813567|256|0|1|1|0|0|14385|-5484|14377|-5492|2068|2088|1
W|11041|0|2|ICEY|XA00TEX|111.996522066|256|0|1|1|0|0|14377|-5492|14360|-5492|2068|2088|1
W|11039|0|2|ICEY|XA00TEX|128.996522066|256|0|1|1|0|0|14360|-5492|14353|-5499|2068|2088|1
W|11062|0|2|ICEY|XA00TEX|0|256|0|1|1|0|0|14414|-5387|14382|-5372|2068|2085|1
W|11057|0|2|ICEY|XA00TEX|35.341194094|256|0|1|1|0|0|14382|-5372|14350|-5371|2068|2085|1
W|11051|0|2|ICEY|XA00TEX|67.356815281|256|0|1|1|0|0|14350|-5371|14318|-5387|2068|2085|1
W|11056|0|2|ICEY|XA00TEX|103.133902921|256|0|1|1|0|0|14318|-5387|14302|-5403|2068|2085|1
W|11053|0|2|ICEY|XA00TEX|125.761319919|256|0|1|1|0|0|14302|-5403|14302|-5419|2068|2085|1
W|11048|0|2|ICEY|XA00TEX|141.761319919|256|0|1|1|0|0|14302|-5419|14334|-5435|2068|2085|1
W|11054|0|2|ICEY|XA00TEX|177.538407559|256|0|1|1|0|0|14334|-5435|14350|-5419|2068|2085|1
W|11055|0|2|ICEY|XA00TEX|200.165824557|256|0|1|1|0|0|14350|-5419|14366|-5403|2068|2085|1
W|11058|0|2|ICEY|XA00TEX|222.793241555|256|0|1|1|0|0|14366|-5403|14398|-5403|2068|2085|1
W|11060|0|2|ICEY|XA00TEX|254.793241555|256|0|1|1|0|0|14398|-5403|14414|-5387|2068|2085|1
W|11089|0|2|ICEY|XA00TEX|0|256|0|1|1|0|0|13682|-5317|13648|-5329|2068|2090|1
W|11071|0|2|ICEY|XA00TEX|36.055512755|256|0|1|1|0|0|13648|-5329|13625|-5352|2068|2090|1
W|11078|0|2|ICEY|XA00TEX|68.582424689|256|0|1|1|0|0|13625|-5352|13613|-5386|2068|2090|1
W|11063|0|2|ICEY|XA00TEX|104.637937444|256|0|1|1|0|0|13613|-5386|13614|-5408|2068|2090|1
W|11076|0|2|ICEY|XA00TEX|126.660652989|256|0|1|1|0|0|13614|-5408|13625|-5419|2068|2090|1
W|11081|0|2|ICEY|XA00TEX|142.217002176|256|0|1|1|0|0|13625|-5419|13659|-5408|2068|2090|1
W|11091|0|2|ICEY|XA00TEX|177.952138946|256|0|1|1|0|0|13659|-5408|13659|-5386|2068|2090|1
W|11069|0|2|ICEY|XA00TEX|199.952138946|256|0|1|1|0|0|13659|-5386|13659|-5363|2068|2090|1
W|11088|0|2|ICEY|XA00TEX|222.952138946|256|0|1|1|0|0|13659|-5363|13682|-5340|2068|2090|1
W|11077|0|2|ICEY|XA00TEX|255.479050881|256|0|1|1|0|0|13682|-5340|13682|-5317|2068|2090|1
W|11072|0|2|ICEY|XA00TEX|0|256|0|1|1|0|0|13683|-5447|13686|-5439|2068|2091|1
W|11065|0|2|ICEY|XA00TEX|8.544003745|256|0|1|1|0|0|13686|-5439|13686|-5431|2068|2091|1
W|11073|0|2|ICEY|XA00TEX|16.544003745|256|0|1|1|0|0|13686|-5431|13683|-5423|2068|2091|1
W|11064|0|2|ICEY|XA00TEX|25.088007491|256|0|1|1|0|0|13683|-5423|13679|-5419|2068|2091|1
W|11084|0|2|ICEY|XA00TEX|30.74486174|256|0|1|1|0|0|13679|-5419|13674|-5419|2068|2091|1
W|11092|0|2|ICEY|XA00TEX|35.74486174|256|0|1|1|0|0|13674|-5419|13671|-5427|2068|2091|1
W|11085|0|2|ICEY|XA00TEX|44.288865485|256|0|1|1|0|0|13671|-5427|13674|-5431|2068|2091|1
W|11068|0|2|ICEY|XA00TEX|49.288865485|256|0|1|1|0|0|13674|-5431|13678|-5435|2068|2091|1
W|11074|0|2|ICEY|XA00TEX|54.945719735|256|0|1|1|0|0|13678|-5435|13678|-5444|2068|2091|1
W|11080|0|2|ICEY|XA00TEX|63.945719735|256|0|1|1|0|0|13678|-5444|13683|-5447|2068|2091|1
W|11087|0|2|ICEY|XA00TEX|0|256|0|1|1|0|0|13680|-5376|13696|-5384|2068|2089|1
W|11083|0|2|ICEY|XA00TEX|17.88854382|256|0|1|1|0|0|13696|-5384|13712|-5384|2068|2089|1
W|11090|0|2|ICEY|XA00TEX|33.88854382|256|0|1|1|0|0|13712|-5384|13728|-5376|2068|2089|1
W|11070|0|2|ICEY|XA00TEX|51.77708764|256|0|1|1|0|0|13728|-5376|13736|-5368|2068|2089|1
W|11082|0|2|ICEY|XA00TEX|63.090796139|256|0|1|1|0|0|13736|-5368|13736|-5360|2068|2089|1
W|11067|0|2|ICEY|XA00TEX|71.090796139|256|0|1|1|0|0|13736|-5360|13719|-5352|2068|2089|1
W|11066|0|2|ICEY|XA00TEX|89.879090367|256|0|1|1|0|0|13719|-5352|13712|-5360|2068|2089|1
W|11086|0|2|ICEY|XA00TEX|100.50923618|256|0|1|1|0|0|13712|-5360|13704|-5368|2068|2089|1
W|11075|0|2|ICEY|XA00TEX|111.822944679|256|0|1|1|0|0|13704|-5368|13687|-5368|2068|2089|1
W|11079|0|2|ICEY|XA00TEX|128.822944679|256|0|1|1|0|0|13687|-5368|13680|-5376|2068|2089|1
W|183|0|0|IKWALL44|XA01TEX|0|0|0|1|1|0|0|6144|-7616|6400|-7552|519|97|1
W|183|0|2|IKWALL44|XA01TEX|0|0|0|1|1|0|0|6144|-7616|6400|-7552|519|97|1
W|183|1|0|IKWALL44|XA01TEX|0|0|0|1|1|0|0|6400|-7552|6144|-7616|97|519|1
W|183|1|2|IKWALL44|XA01TEX|0|0|0|1|1|0|0|6400|-7552|6144|-7616|97|519|1
W|189|0|0|IKWALL44|XA01TEX|0|-128|0|1|1|0|0|7392|-8000|7168|-7936|154|164|1
W|189|0|2|IKWALL44|XA01TEX|0|-128|0|1|1|0|0|7392|-8000|7168|-7936|154|164|1
W|189|1|0|IKWALL44|XA01TEX|33|-128|0|1|1|33|0|7168|-7936|7392|-8000|164|154|1
W|189|1|2|IKWALL44|XA01TEX|33|-128|0|1|1|33|0|7168|-7936|7392|-8000|164|154|1
W|190|0|1|IKWALL44|XA01TEX|88|0|0|1|1|-40|0|6240|-7992|6272|-8004|127|-1|1
W|372|0|1|IKWALL44|XA01TEX|122.176014981|0|0|1|1|-6|0|6272|-8004|6304|-8016|125|-1|1
W|438|0|1|IKWALL44|XA01TEX|156.352029963|0|0|1|1|28|0|6304|-8016|6334|-8028|124|-1|1
W|1119|0|1|IKWALL44|XA01TEX|188.663018805|0|0|1|1|60|0|6334|-8028|6424|-7990|513|-1|1
W|278|0|0|IKWALL44|XA01TEX|286.35641674|0|0|1|1|-119|0|6424|-7990|6464|-7896|137|111|1
W|192|0|0|IKWALL44|XA01TEX|57|0|0|1|1|-71|0|6240|-7992|6048|-8064|130|127|1
W|192|0|2|IKWALL44|XA01TEX|57|0|0|1|1|-71|0|6240|-7992|6048|-8064|130|127|1
W|192|1|0|IKWALL44|XA01TEX|0|0|0|1|1|0|0|6048|-8064|6240|-7992|127|130|1
W|192|1|2|IKWALL44|XA01TEX|0|0|0|1|1|0|0|6048|-8064|6240|-7992|127|130|1
W|199|0|1|IKWALL44|XA01TEX|60|-128|0|1|1|-68|0|7680|-7520|7520|-7488|110|-1|1
W|220|0|1|IKWALL44|XA01TEX|72|128|0|1|1|72|0|5728|-6784|5688|-6728|254|-1|1
W|7142|0|1|IKWALL44|XA01TEX|140.818602136|128|0|1|1|13|0|5688|-6728|5696|-6624|254|-1|1
W|236|0|0|IKWALL44|XA01TEX|0|0|0|1|1|0|0|6206|-7900|5984|-7872|514|130|1
W|236|0|2|IKWALL44|XA01TEX|0|0|0|1|1|0|0|6206|-7900|5984|-7872|514|130|1
W|236|1|0|IKWALL44|XA01TEX|22|0|0|1|1|-106|0|5984|-7872|6206|-7900|130|514|1
W|236|1|2|IKWALL44|XA01TEX|22|0|0|1|1|-106|0|5984|-7872|6206|-7900|130|514|1
W|258|0|1|IKWALL44|XA01TEX|58|0|0|1|1|-70|0|6176|-7456|6112|-7360|112|-1|1
W|272|0|1|IKWALL44|XA01TEX|80|0|0|1|1|-48|0|6176|-7232|6204|-7248|505|-1|1
W|274|0|0|IKWALL44|XA01TEX|111|0|0|1|1|-17|0|6464|-7896|6624|-7872|137|128|1
W|274|0|2|IKWALL44|XA01TEX|111|0|0|1|1|-17|0|6464|-7896|6624|-7872|137|128|1
W|274|1|0|IKWALL44|XA01TEX|0|0|0|1|1|0|0|6624|-7872|6464|-7896|128|137|1
W|274|1|2|IKWALL44|XA01TEX|0|0|0|1|1|0|0|6624|-7872|6464|-7896|128|137|1
W|278|1|0|IKWALL44|XA01TEX|0|-128|0|1|1|0|0|6464|-7896|6424|-7990|111|137|1
W|278|1|2|IKWALL44|XA01TEX|0|-128|0|1|1|0|0|6464|-7896|6424|-7990|111|137|1
W|279|0|1|IKWALL44|XA01TEX|11|0|0|1|1|-117|0|6112|-7360|5952|-7296|113|-1|1
W|292|0|0|IKWALL44|XA01TEX|42|0|0|1|1|-86|0|5808|-7200|5748|-7112|233|152|1
W|292|0|2|IKWALL44|XA01TEX|42|0|0|1|1|-86|0|5808|-7200|5748|-7112|233|152|1
W|294|0|1|IKWALL44|XA01TEX|91|-128|0|1|1|91|0|7264|-7776|7264|-7616|149|-1|1
W|302|0|1|IKWALL44|XA01TEX|122|0|0|1|1|-6|0|6528|-8256|6240|-8192|513|-1|1
W|2929|0|1|IKWALL44|XA01TEX|417.025422633|0|0|1|1|-95|0|6240|-8192|6192|-8160|124|-1|1
W|412|0|1|IKWALL44|XA01TEX|474.714243041|0|0|1|1|-37|0|6192|-8160|6120|-8112|125|-1|1
W|2548|0|1|IKWALL44|XA01TEX|49.247473652|0|0|1|1|-78|0|6120|-8112|6048|-8064|127|-1|1
W|303|0|1|IKWALL44|XA01TEX|0|-128|0|1|1|0|0|7296|-7528|7312|-7472|170|-1|1
W|307|0|1|IKWALL44|XA01TEX|0|-128|0|1|1|0|0|8096|-7744|7904|-7680|517|-1|1
W|316|0|1|IKWALL44|XA01TEX|112|0|0|1|1|-16|0|6304|-7328|6400|-7392|112|-1|1
W|293|0|1|IKWALL44|XA01TEX|227.377640815|0|0|1|1|-29|0|6400|-7392|6336|-7456|112|-1|1
W|319|0|1|IKWALL44|XA01TEX|24|0|0|1|1|-104|0|6752|-8224|6528|-8256|104|-1|1
W|325|0|0|IKWALL44|XA01TEX|0|-128|0|1|1|0|0|7680|-7520|7648|-7200|493|110|1
W|326|0|0|IKWALL44|XA01TEX|45|0|0|1|1|-83|0|6112|-7360|6304|-7328|112|505|1
W|326|0|2|IKWALL44|XA01TEX|45|0|0|1|1|-83|0|6112|-7360|6304|-7328|112|505|1
W|326|1|0|IKWALL44|XA01TEX|17|0|0|1|1|17|0|6304|-7328|6112|-7360|505|112|1
W|326|1|2|IKWALL44|XA01TEX|17|0|0|1|1|17|0|6304|-7328|6112|-7360|505|112|1
W|333|0|0|IKWALL44|XA01TEX|66|128|0|1|1|-62|0|5728|-7072|5856|-7008|233|114|1
W|333|0|2|IKWALL44|XA01TEX|66|128|0|1|1|-62|0|5728|-7072|5856|-7008|233|114|1
W|333|1|0|IKWALL44|XA01TEX|49|128|0|1|1|49|0|5856|-7008|5728|-7072|114|233|1
W|333|1|2|IKWALL44|XA01TEX|49|128|0|1|1|49|0|5856|-7008|5728|-7072|114|233|1
W|335|0|0|IKWALL44|XA01TEX|0|-128|0|1|1|0|0|7456|-7808|7264|-7776|149|154|1
W|335|0|2|IKWALL44|XA01TEX|0|-128|0|1|1|0|0|7456|-7808|7264|-7776|149|154|1
W|335|1|0|IKWALL44|XA01TEX|91|-128|0|1|1|91|0|7264|-7776|7456|-7808|154|149|1
W|335|1|2|IKWALL44|XA01TEX|91|-128|0|1|1|91|0|7264|-7776|7456|-7808|154|149|1
W|346|0|0|IKWALL44|XA01TEX|104|128|0|1|1|-24|0|5728|-6784|5856|-6784|114|254|1
W|346|0|2|IKWALL44|XA01TEX|104|128|0|1|1|-24|0|5728|-6784|5856|-6784|114|254|1
W|346|1|0|IKWALL44|XA01TEX|0|128|0|1|1|0|0|5856|-6784|5728|-6784|254|114|1
W|346|1|2|IKWALL44|XA01TEX|0|128|0|1|1|0|0|5856|-6784|5728|-6784|254|114|1
W|380|0|0|IKWALL44|XA01TEX|55|0|0|1|1|-73|0|5952|-7296|6016|-7136|113|233|1
W|380|0|2|IKWALL44|XA01TEX|55|0|0|1|1|-73|0|5952|-7296|6016|-7136|113|233|1
W|380|1|0|IKWALL44|XA01TEX|67|0|0|1|1|67|0|6016|-7136|5952|-7296|233|113|1
W|380|1|2|IKWALL44|XA01TEX|67|0|0|1|1|67|0|6016|-7136|5952|-7296|233|113|1
W|397|0|0|IKWALL44|XA01TEX|0|-128|0|1|1|0|0|7464|-7648|7264|-7616|170|149|1
W|397|0|2|IKWALL44|XA01TEX|0|-128|0|1|1|0|0|7464|-7648|7264|-7616|170|149|1
W|397|1|0|IKWALL44|XA01TEX|0|-128|0|1|1|0|0|7264|-7616|7464|-7648|149|170|1
W|397|1|2|IKWALL44|XA01TEX|0|-128|0|1|1|0|0|7264|-7616|7464|-7648|149|170|1
W|437|0|1|IKWALL44|XA01TEX|0|-128|0|1|1|0|0|7328|-7456|7384|-7400|170|-1|1
W|862|0|0|IKWALL44|XA01TEX|0|0|0|1|1|0|0|6752|-8224|6848|-8064|100|104|1
W|862|0|2|IKWALL44|XA01TEX|0|0|0|1|1|0|0|6752|-8224|6848|-8064|100|104|1
W|862|1|0|IKWALL44|XA01TEX|93|0|0|1|1|-35|0|6848|-8064|6752|-8224|104|100|1
W|862|1|2|IKWALL44|XA01TEX|93|0|0|1|1|-35|0|6848|-8064|6752|-8224|104|100|1
W|868|0|1|IKWALL44|XA01TEX|109|-128|0|1|1|-19|0|6206|-7900|6352|-7904|108|-1|1
W|997|0|1|IKWALL44|XA01TEX|255.054784242|-128|0|1|1|-1|0|6352|-7904|6464|-7896|111|-1|1
W|871|0|1|IKWALL44|XA01TEX|81|0|0|1|1|-47|0|5856|-7008|6048|-7072|233|-1|1
W|4317|0|1|IKWALL44|XA01TEX|283.385770251|0|0|1|1|-101|0|6048|-7072|6016|-7136|233|-1|1
W|874|0|1|IKWALL44|XA01TEX|64|128|0|1|1|-64|0|5728|-7072|5760|-6976|114|-1|1
W|562|0|1|IKWALL44|XA01TEX|165.192885125|128|0|1|1|-91|0|5760|-6976|5728|-6784|114|-1|1
W|989|0|1|IKWALL44|XA01TEX|104|128|0|1|1|-24|0|5856|-6784|5888|-6880|114|-1|1
W|2726|0|1|IKWALL44|XA01TEX|205.192885125|128|0|1|1|-51|0|5888|-6880|5856|-7008|114|-1|1
W|992|0|0|IKWALL44|XA01TEX|95|-128|0|1|1|-33|0|7520|-7488|7456|-7328|110|170|1
W|992|0|2|IKWALL44|XA01TEX|95|-128|0|1|1|-33|0|7520|-7488|7456|-7328|110|170|1
W|992|1|0|IKWALL44|XA01TEX|0|-128|0|1|1|0|0|7456|-7328|7520|-7488|170|110|1
W|992|1|2|IKWALL44|XA01TEX|0|-128|0|1|1|0|0|7456|-7328|7520|-7488|170|110|1
W|993|0|0|IKWALL44|XA01TEX|118|0|0|1|1|-10|0|6206|-7900|6240|-7992|130|108|1
W|993|1|0|IKWALL44|XA01TEX|0|-128|0|1|1|0|0|6240|-7992|6206|-7900|108|130|1
W|993|1|2|IKWALL44|XA01TEX|0|-128|0|1|1|0|0|6240|-7992|6206|-7900|108|130|1
W|994|0|1|IKWALL44|XA01TEX|54|-128|0|1|1|-74|0|6848|-8064|7024|-8024|100|-1|1
W|1019|0|1|IKWALL44|XA01TEX|123|-128|0|1|1|123|0|7264|-7616|7280|-7544|170|-1|1
W|1031|0|1|IKWALL44|XA01TEX|126|-128|0|1|1|-2|0|6424|-7990|6312|-7976|111|-1|1
W|1103|0|1|IKWALL44|XA01TEX|238.871608476|-128|0|1|1|-17|0|6312|-7976|6240|-7992|108|-1|1
W|1057|0|1|IKWALL44|XA01TEX|95|-128|0|1|1|95|0|7520|-7488|7504|-7560|170|-1|1
W|1102|0|1|IKWALL44|XA01TEX|33|-128|0|1|1|33|0|7168|-7936|7216|-7856|154|-1|1
W|2595|0|1|IKWALL44|XA01TEX|126.295230318|-128|0|1|1|126|0|7216|-7856|7264|-7776|154|-1|1
W|1105|0|1|IKWALL44|XA01TEX|26|0|0|1|1|-102|0|6656|-8032|6848|-8064|104|-1|1
W|1120|0|1|IKWALL44|XA01TEX|30|-128|0|1|1|30|0|7456|-7808|7424|-7904|154|-1|1
W|722|0|1|IKWALL44|XA01TEX|131.192885125|-128|0|1|1|3|0|7424|-7904|7392|-8000|154|-1|1
W|1124|0|1|IKWALL44|XA01TEX|62|0|0|1|1|-66|0|6336|-7456|6400|-7552|97|-1|1
W|1130|0|1|IKWALL44|XA01TEX|49|128|0|1|1|-79|0|5824|-6624|5864|-6648|254|-1|1
W|7141|0|1|IKWALL44|XA01TEX|95.647615159|128|0|1|1|-32|0|5864|-6648|5856|-6784|254|-1|1
W|1140|0|1|IKWALL44|XA01TEX|49|0|0|1|1|-79|0|6400|-7552|6496|-7552|519|-1|1
W|1222|0|1|IKWALL44|XA01TEX|145|0|0|1|1|-111|0|6496|-7552|6592|-7648|519|-1|1
W|321|0|1|IKWALL44|XA01TEX|280.764501988|0|0|1|1|-103|0|6592|-7648|6624|-7696|516|-1|1
W|1669|0|1|IKWALL44|XA01TEX|338.453322395|0|0|1|1|-45|0|6624|-7696|6656|-7744|131|-1|1
W|1096|0|1|IKWALL44|XA01TEX|396.142142803|0|0|1|1|-115|0|6656|-7744|6624|-7872|128|-1|1
W|1145|0|0|IKWALL44|XA01TEX|55|-128|0|1|1|55|0|7024|-8024|7096|-8056|164|153|1
W|1145|0|2|IKWALL44|XA01TEX|55|-128|0|1|1|55|0|7024|-8024|7096|-8056|164|153|1
W|375|0|0|IKWALL44|XA01TEX|133.790862414|-128|0|1|1|6|0|7096|-8056|7160|-8016|164|153|1
W|375|0|2|IKWALL44|XA01TEX|133.790862414|-128|0|1|1|6|0|7096|-8056|7160|-8016|164|153|1
W|1128|0|0|IKWALL44|XA01TEX|209.262711471|-128|0|1|1|81|0|7160|-8016|7168|-7936|164|153|1
W|1128|0|2|IKWALL44|XA01TEX|209.262711471|-128|0|1|1|81|0|7160|-8016|7168|-7936|164|153|1
W|1149|0|1|IKWALL44|XA01TEX|34|0|0|1|1|34|0|5808|-7200|5800|-7204|152|-1|1
W|1153|0|0|IKWALL44|XA01TEX|0|-128|0|1|1|0|0|6976|-8224|7024|-8024|164|100|1
W|1153|0|2|IKWALL44|XA01TEX|0|-128|0|1|1|0|0|6976|-8224|7024|-8024|164|100|1
W|1153|1|0|IKWALL44|XA01TEX|106|-128|0|1|1|-22|0|7024|-8024|6976|-8224|100|164|1
W|1153|1|2|IKWALL44|XA01TEX|106|-128|0|1|1|-22|0|7024|-8024|6976|-8224|100|164|1
W|1172|0|1|IKWALL44|XA01TEX|17|-128|0|1|1|-111|0|6624|-7872|6856|-7872|107|-1|1
W|298|0|1|IKWALL44|XA01TEX|249|-128|0|1|1|-7|0|6856|-7872|6920|-8000|107|-1|1
W|309|0|1|IKWALL44|XA01TEX|392.10835056|-128|0|1|1|-120|0|6920|-8000|6656|-8032|107|-1|1
W|1182|0|1|IKWALL44|XA01TEX|105|0|0|1|1|-23|0|6464|-7896|6444|-7852|128|-1|1
W|345|0|1|IKWALL44|XA01TEX|153.332183894|0|0|1|1|-103|0|6444|-7852|6436|-7836|131|-1|1
W|1003|0|1|IKWALL44|XA01TEX|171.220727714|0|0|1|1|-85|0|6436|-7836|6424|-7810|516|-1|1
W|434|0|1|IKWALL44|XA01TEX|199.856369841|0|0|1|1|-56|0|6424|-7810|6334|-7772|519|-1|1
W|2791|0|1|IKWALL44|XA01TEX|297.549767775|0|0|1|1|-86|0|6334|-7772|6244|-7810|519|-1|1
W|3480|0|1|IKWALL44|XA01TEX|395.24316571|0|0|1|1|-116|0|6244|-7810|6232|-7840|515|-1|1
W|210|0|1|IKWALL44|XA01TEX|427.554154553|0|0|1|1|-84|0|6232|-7840|6220|-7868|506|-1|1
W|4380|0|1|IKWALL44|XA01TEX|458.017246976|0|0|1|1|-54|0|6220|-7868|6206|-7900|514|-1|1
W|1190|0|1|IKWALL44|XA01TEX|30|0|0|1|1|30|0|6204|-7248|6208|-7244|140|-1|1
W|1207|0|1|IKWALL44|XA01TEX|10|-128|0|1|1|10|0|7392|-8000|7312|-8048|164|-1|1
W|1210|0|1|IKWALL44|XA01TEX|102|-128|0|1|1|102|0|8256|-7680|8112|-7728|501|-1|1
W|2347|0|1|IKWALL44|XA01TEX|83|0|0|1|1|-45|0|5984|-7872|6000|-7796|514|-1|1
W|4645|0|1|IKWALL44|XA01TEX|160.665951356|0|0|1|1|-95|0|6000|-7796|6008|-7760|506|-1|1
W|4389|0|1|IKWALL44|XA01TEX|197.544129185|0|0|1|1|-58|0|6008|-7760|6016|-7712|515|-1|1
W|178|0|1|IKWALL44|XA01TEX|246.206229427|0|0|1|1|-9|0|6016|-7712|6144|-7616|519|-1|1
W|2553|0|0|IKWALL44|XA01TEX|9|0|0|1|1|-119|0|6048|-8064|5984|-7872|130|511|1
W|2553|1|0|IKWALL44|XA01TEX|0|-128|0|1|1|0|0|5984|-7872|6048|-8064|511|130|1
W|2553|1|2|IKWALL44|XA01TEX|0|-128|0|1|1|0|0|5984|-7872|6048|-8064|511|130|1
W|2663|0|1|IKWALL44|XA01TEX|60|-128|0|1|1|-68|0|7400|-7384|7456|-7328|170|-1|1
W|2664|0|1|IKWALL44|XA01TEX|56|-128|0|1|1|-72|0|6976|-8224|6752|-8224|100|-1|1
W|2665|0|1|IKWALL44|XA01TEX|0|-128|0|1|1|0|0|8320|-7600|8256|-7680|507|-1|1
W|2696|0|1|IKWALL44|XA01TEX|114|-128|0|1|1|114|0|7648|-7200|7888|-7104|493|-1|1
W|2730|0|1|IKWALL44|XA01TEX|55|-128|0|1|1|55|0|7024|-8024|7168|-7936|153|-1|1
W|2760|0|1|IKWALL44|XA01TEX|30|-128|0|1|1|30|0|8256|-7104|8320|-7184|507|-1|1
W|2801|0|1|IKWALL44|XA01TEX|15|0|0|1|1|-113|0|5744|-7116|5748|-7112|152|-1|1
W|2815|1|0|IKWALL44|XA01TEX|32|0|0|1|1|32|0|6656|-8032|6648|-8064|1359|104|1
W|2815|1|2|IKWALL44|XA01TEX|32|0|0|1|1|32|0|6656|-8032|6648|-8064|1359|104|1
W|3458|1|0|IKWALL44|XA01TEX|64.984845005|0|0|1|1|65|0|6648|-8064|6528|-8256|513|104|1
W|3458|1|2|IKWALL44|XA01TEX|64.984845005|0|0|1|1|65|0|6648|-8064|6528|-8256|513|104|1
W|3082|0|1|IKWALL44|XA01TEX|57|-1024|0|1|1|-71|0|4536|-6880|4536|-6872|1543|-1|1
W|3200|0|1|IKWALL44|XA01TEX|0|-128|0|1|1|0|0|7296|-8064|7232|-8112|164|-1|1
W|3201|0|1|IKWALL44|XA01TEX|0|-128|0|1|1|0|0|7464|-7664|7456|-7808|149|-1|1
W|3229|0|1|IKWALL44|XA01TEX|75|0|0|1|1|-53|0|6284|-7304|6280|-7308|140|-1|1
W|3235|0|1|IKWALL44|XA01TEX|0|-128|0|1|1|0|0|7216|-8128|7168|-8176|164|-1|1
W|3237|0|1|IKWALL44|XA01TEX|0|-128|0|1|1|0|0|7488|-7576|7480|-7648|170|-1|1
W|3415|0|1|IKWALL44|XA01TEX|4|-128|0|1|1|-124|0|7152|-8192|7088|-8192|164|-1|1
W|280|0|1|IKWALL44|XA01TEX|68|-128|0|1|1|-60|0|7088|-8192|6976|-8224|164|-1|1
W|3458|0|0|IKWALL44|XA01TEX|23|0|0|1|1|-105|0|6528|-8256|6648|-8064|104|513|1
W|3458|0|2|IKWALL44|XA01TEX|23|0|0|1|1|-105|0|6528|-8256|6648|-8064|104|513|1
W|2815|0|0|IKWALL44|XA01TEX|249.415547169|0|0|1|1|-7|0|6648|-8064|6656|-8032|104|1359|1
W|2815|0|2|IKWALL44|XA01TEX|249.415547169|0|0|1|1|-7|0|6648|-8064|6656|-8032|104|1359|1
W|3463|0|0|IKWALL44|XA01TEX|112|0|0|1|1|-16|0|6204|-7248|6280|-7308|505|140|1
W|3463|0|2|IKWALL44|XA01TEX|112|0|0|1|1|-16|0|6204|-7248|6280|-7308|505|140|1
W|3551|0|0|IKWALL44|XA01TEX|29|0|0|1|1|29|0|6176|-7456|6336|-7456|97|112|1
W|3551|0|2|IKWALL44|XA01TEX|29|0|0|1|1|29|0|6176|-7456|6336|-7456|97|112|1
W|3551|1|0|IKWALL44|XA01TEX|26|0|0|1|1|-102|0|6336|-7456|6176|-7456|112|97|1
W|3551|1|2|IKWALL44|XA01TEX|26|0|0|1|1|-102|0|6336|-7456|6176|-7456|112|97|1
W|3571|0|1|IKWALL44|XA01TEX|21|0|0|1|1|-107|0|5748|-7112|5728|-7072|233|-1|1
W|3630|0|0|IKWALL44|XA01TEX|119|0|0|1|1|-9|0|6624|-7872|6656|-8032|137|107|1
W|3630|1|0|IKWALL44|XA01TEX|0|-128|0|1|1|0|0|6656|-8032|6624|-7872|107|137|1
W|3630|1|2|IKWALL44|XA01TEX|0|-128|0|1|1|0|0|6656|-8032|6624|-7872|107|137|1
W|3639|0|1|IKWALL44|XA01TEX|81|0|0|1|1|-47|0|6280|-7308|6304|-7328|505|-1|1
W|3670|0|1|IKWALL44|XA01TEX|0|-1024|0|1|1|0|0|4648|-6872|4648|-6880|1543|-1|1
W|3836|0|1|IKWALL44|XA01TEX|23|0|0|1|1|-105|0|6144|-7616|6176|-7456|97|-1|1
W|4226|1|0|IKWALL44|XA01TEX|30|-128|0|1|1|30|0|8256|-7104|8200|-7312|501|507|1
W|3203|1|0|IKWALL44|XA01TEX|245.406592285|-128|0|1|1|30|0|8200|-7312|8136|-7352|501|507|1
W|306|1|0|IKWALL44|XA01TEX|320.878441342|-128|0|1|1|34|0|8136|-7352|8136|-7400|501|507|1
W|4134|1|0|IKWALL44|XA01TEX|368.878441342|-128|0|1|1|98|0|8136|-7400|8208|-7480|501|507|1
W|268|1|0|IKWALL44|XA01TEX|476.507433718|-128|0|1|1|98|0|8208|-7480|8256|-7680|501|507|1
W|4326|0|1|IKWALL44|XA01TEX|11|-128|0|1|1|11|0|7456|-7328|7648|-7200|110|-1|1
W|4334|0|0|IKWALL44|XA01TEX|16|0|0|1|1|16|0|6112|-7360|6176|-7232|505|113|1
W|4334|0|2|IKWALL44|XA01TEX|16|0|0|1|1|16|0|6112|-7360|6176|-7232|505|113|1
W|4334|1|0|IKWALL44|XA01TEX|30|0|0|1|1|-98|0|6176|-7232|6112|-7360|113|505|1
W|4334|1|2|IKWALL44|XA01TEX|30|0|0|1|1|-98|0|6176|-7232|6112|-7360|113|505|1
W|4365|0|1|IKWALL44|XA01TEX|99|0|0|1|1|-29|0|6016|-7136|6176|-7232|113|-1|1
W|4377|0|1|IKWALL44|XA01TEX|119|0|0|1|1|-9|0|5952|-7296|5824|-7232|233|-1|1
W|987|0|1|IKWALL44|XA01TEX|262.10835056|0|0|1|1|-122|0|5824|-7232|5808|-7200|233|-1|1
W|4516|0|1|IKWALL44|XA01TEX|6|-128|0|1|1|-122|0|6048|-8064|5816|-8064|511|-1|1
W|290|0|1|IKWALL44|XA01TEX|238|-128|0|1|1|-50|0|5816|-8064|5816|-7872|511|-1|1
W|1035|0|1|IKWALL44|XA01TEX|430|-128|0|1|1|-114|0|5816|-7872|5984|-7872|511|-1|1
W|4520|0|1|IKWALL44|XA01TEX|18|-128|0|1|1|-110|0|7820|-7616|7680|-7520|496|-1|1
W|4541|0|2|IKWALL44|XA01TEX|100|-128|0|1|1|-28|0|7904|-7088|7920|-7100|504|518|1
W|4611|0|2|IKWALL44|XA01TEX|120|-128|0|1|1|-8|0|7920|-7100|7928|-7128|504|518|1
W|4545|0|2|IKWALL44|XA01TEX|149.120439557|-128|0|1|1|-107|0|7928|-7128|7944|-7160|504|518|1
W|4515|0|2|IKWALL44|XA01TEX|184.897527197|-128|0|1|1|-71|0|7944|-7160|7976|-7176|504|518|1
W|4561|0|2|IKWALL44|XA01TEX|220.674614837|-128|0|1|1|-35|0|7976|-7176|8024|-7212|504|518|1
W|4596|0|2|IKWALL44|XA01TEX|280.674614837|-128|0|1|1|-103|0|8024|-7212|8024|-7224|504|518|1
W|4341|0|2|IKWALL44|XA01TEX|292.674614837|-128|0|1|1|-91|0|8024|-7224|8044|-7236|504|518|1
W|4624|0|2|IKWALL44|XA01TEX|315.998422416|-128|0|1|1|-68|0|8044|-7236|8068|-7232|504|518|1
W|4404|0|2|IKWALL44|XA01TEX|340.329472538|-128|0|1|1|-44|0|8068|-7232|8072|-7224|504|518|1
W|4574|0|2|IKWALL44|XA01TEX|349.273744448|-128|0|1|1|-35|0|8072|-7224|8080|-7184|504|518|1
W|4621|0|2|IKWALL44|XA01TEX|390.065900556|-128|0|1|1|-122|0|8080|-7184|8048|-7152|504|518|1
W|241|0|2|IKWALL44|XA01TEX|435.320734552|-128|0|1|1|-77|0|8048|-7152|8036|-7116|504|518|1
W|4622|0|2|IKWALL44|XA01TEX|473.268066474|-128|0|1|1|-39|0|8036|-7116|8052|-7080|504|518|1
W|4623|0|2|IKWALL44|XA01TEX|0.663497682|-128|0|1|1|0|0|8052|-7080|8096|-7040|504|518|1
W|4551|1|2|IKWALL44|XA01TEX|96|-256|0|1|1|-32|0|7820|-7616|7824|-7584|493|496|1
W|4161|1|2|IKWALL44|XA01TEX|128.249030993|-256|0|1|1|0|0|7824|-7584|7776|-7568|493|496|1
W|4553|1|2|IKWALL44|XA01TEX|178.845473556|-256|0|1|1|-77|0|7776|-7568|7760|-7520|493|496|1
W|1111|1|2|IKWALL44|XA01TEX|229.441916119|-256|0|1|1|-26|0|7760|-7520|7776|-7488|493|496|1
W|4609|1|2|IKWALL44|XA01TEX|265.219003759|-256|0|1|1|-118|0|7776|-7488|7764|-7452|493|496|1
W|4617|1|2|IKWALL44|XA01TEX|303.166335681|-256|0|1|1|-80|0|7764|-7452|7744|-7444|493|496|1
W|3240|1|2|IKWALL44|XA01TEX|324.706994909|-256|0|1|1|-58|0|7744|-7444|7712|-7456|493|496|1
W|4550|1|2|IKWALL44|XA01TEX|358.88300989|-256|0|1|1|-24|0|7712|-7456|7712|-7504|493|496|1
W|4526|1|2|IKWALL44|XA01TEX|406.88300989|-256|0|1|1|-104|0|7712|-7504|7680|-7520|493|496|1
W|4626|0|1|IKWALL44|XA01TEX|0|-128|0|1|1|0|0|7904|-7088|8096|-7040|518|-1|1
W|4628|0|1|IKWALL44|XA01TEX|0|-128|0|1|1|0|0|8112|-7040|8256|-7104|501|-1|1
W|4630|0|1|IKWALL44|XA01TEX|13|-128|0|1|1|-115|0|7888|-7664|7820|-7616|493|-1|1
W|4659|0|1|IKWALL44|XA01TEX|116|128|0|1|1|-12|0|7608|-5136|7600|-5136|756|-1|1
W|4660|0|1|IKWALL44|XA01TEX|58|128|0|1|1|58|0|7600|-4848|7608|-4848|757|-1|1
W|4727|0|1|IKWALL44|XA01TEX|126|128|0|1|1|-2|0|7608|-4880|7600|-4880|757|-1|1
W|4834|0|1|IKWALL44|XA01TEX|33|128|0|1|1|33|0|5648|-6552|5648|-6544|774|-1|1
W|4890|0|1|IKWALL44|XA01TEX|80|128|0|1|1|80|0|7600|-5104|7608|-5104|756|-1|1
W|4893|0|1|IKWALL44|XA01TEX|9|128|0|1|1|9|0|5680|-6544|5680|-6552|774|-1|1
W|4906|0|1|IKWALL44|XA01TEX|97|128|0|1|1|-31|0|5840|-6552|5840|-6544|788|-1|1
W|4926|0|1|IKWALL44|XA01TEX|73|128|0|1|1|73|0|5872|-6544|5872|-6552|788|-1|1
W|7344|0|2|IKWALL44|XA01TEX|0|-128|0|1|1|0|0|6656|-8032|6520|-8008|137|1359|1
W|7361|0|2|IKWALL44|XA01TEX|138.101412013|-128|0|1|1|0|0|6520|-8008|6424|-7990|137|1359|1
W|7983|0|1|IKWALL44|XA01TEX|40|-1024|0|1|1|-88|0|4512|-7008|4520|-6976|1541|-1|1
W|7984|0|1|IKWALL44|XA01TEX|72.984845005|-1024|0|1|1|-55|0|4520|-6976|4512|-6952|1541|-1|1
W|7985|0|1|IKWALL44|XA01TEX|98.283066286|-1024|0|1|1|-30|0|4512|-6952|4520|-6928|1541|-1|1
W|7986|0|1|IKWALL44|XA01TEX|123.581287568|-1024|0|1|1|-5|0|4520|-6928|4512|-6896|1541|-1|1
W|7987|0|1|IKWALL44|XA01TEX|156.566132573|-1024|0|1|1|-100|0|4512|-6896|4536|-6880|1541|-1|1
W|7988|0|0|IKWALL44|XA01TEX|57|-1024|0|1|1|-71|0|4536|-6880|4648|-6880|1541|1543|1
W|7988|0|2|IKWALL44|XA01TEX|57|-1024|0|1|1|-71|0|4536|-6880|4648|-6880|1541|1543|1
W|7989|0|1|IKWALL44|XA01TEX|41|-1024|0|1|1|41|0|4648|-6880|4672|-6896|1541|-1|1
W|7990|0|1|IKWALL44|XA01TEX|69.844410204|-1024|0|1|1|70|0|4672|-6896|4664|-6928|1541|-1|1
W|3111|0|1|IKWALL44|XA01TEX|102.829255209|-1024|0|1|1|103|0|4664|-6928|4672|-6952|1541|-1|1
W|2949|0|1|IKWALL44|XA01TEX|128.12747649|-1024|0|1|1|0|0|4672|-6952|4664|-6976|1541|-1|1
W|636|0|1|IKWALL44|XA01TEX|153.425697771|-1024|0|1|1|25|0|4664|-6976|4672|-7008|1541|-1|1
W|8001|0|1|IKWALL44|XA01TEX|57|-1024|0|1|1|-71|0|5048|-6880|5048|-6872|1553|-1|1
W|8047|0|1|IKWALL44|XA01TEX|0|-1024|0|1|1|0|0|5160|-6872|5160|-6880|1553|-1|1
W|8059|0|1|IKWALL44|XA01TEX|40|-1024|0|1|1|-88|0|5024|-7008|5032|-6976|1545|-1|1
W|8060|0|1|IKWALL44|XA01TEX|72.984845005|-1024|0|1|1|-55|0|5032|-6976|5024|-6952|1545|-1|1
W|8061|0|1|IKWALL44|XA01TEX|98.283066286|-1024|0|1|1|-30|0|5024|-6952|5032|-6928|1545|-1|1
W|8062|0|1|IKWALL44|XA01TEX|123.581287568|-1024|0|1|1|-5|0|5032|-6928|5024|-6896|1545|-1|1
W|8063|0|1|IKWALL44|XA01TEX|156.566132573|-1024|0|1|1|-100|0|5024|-6896|5048|-6880|1545|-1|1
W|8064|0|0|IKWALL44|XA01TEX|57|-1024|0|1|1|-71|0|5048|-6880|5160|-6880|1545|1553|1
W|8064|0|2|IKWALL44|XA01TEX|57|-1024|0|1|1|-71|0|5048|-6880|5160|-6880|1545|1553|1
W|8065|0|1|IKWALL44|XA01TEX|41|-1024|0|1|1|41|0|5160|-6880|5184|-6896|1545|-1|1
W|7994|0|1|IKWALL44|XA01TEX|69.844410204|-1024|0|1|1|70|0|5184|-6896|5176|-6928|1545|-1|1
W|8011|0|1|IKWALL44|XA01TEX|102.829255209|-1024|0|1|1|103|0|5176|-6928|5184|-6952|1545|-1|1
W|7998|0|1|IKWALL44|XA01TEX|128.12747649|-1024|0|1|1|0|0|5184|-6952|5176|-6976|1545|-1|1
W|7991|0|1|IKWALL44|XA01TEX|153.425697771|-1024|0|1|1|25|0|5176|-6976|5184|-7008|1545|-1|1
W|2580|0|1|IKWALL44|XA01TEX|34|0|0|1|1|-94|0|6422|-8175|6438|-8202|513|-1|1
W|4349|0|1|IKWALL44|XA01TEX|65.384709653|0|0|1|1|-63|0|6438|-8202|6469|-8202|513|-1|1
W|209|0|1|IKWALL44|XA01TEX|96.384709653|0|0|1|1|-32|0|6469|-8202|6486|-8175|513|-1|1
W|2940|0|1|IKWALL44|XA01TEX|128.29082192|0|0|1|1|0|0|6486|-8175|6470|-8148|513|-1|1
W|2640|0|1|IKWALL44|XA01TEX|159.675531573|0|0|1|1|-29|0|6470|-8148|6439|-8148|513|-1|1
W|3215|0|1|IKWALL44|XA01TEX|190.675531573|0|0|1|1|-126|0|6439|-8148|6422|-8175|513|-1|1
W|2634|0|1|IKWALL44|XA01TEX|126|0|0|1|1|126|0|6358|-7679|6342|-7652|519|-1|1
W|4367|0|1|IKWALL44|XA01TEX|157.384709653|0|0|1|1|29|0|6342|-7652|6311|-7652|519|-1|1
W|2714|0|1|IKWALL44|XA01TEX|188.384709653|0|0|1|1|0|0|6311|-7652|6294|-7679|519|-1|1
W|1007|0|1|IKWALL44|XA01TEX|220.29082192|0|0|1|1|32|0|6294|-7679|6310|-7706|519|-1|1
W|2633|0|1|IKWALL44|XA01TEX|251.675531573|0|0|1|1|63|0|6310|-7706|6341|-7706|519|-1|1
W|2715|0|1|IKWALL44|XA01TEX|282.675531573|0|0|1|1|94|0|6341|-7706|6358|-7679|519|-1|1
W|325|0|2|QFLAT07|XA04TEX|0|-384|0|1|1|0|0|7680|-7520|7648|-7200|493|110|1
W|4226|1|2|QFLAT07|XA04TEX|30|-384|0|1|1|30|0|8256|-7104|8200|-7312|501|507|1
W|3203|1|2|QFLAT07|XA04TEX|245.406592285|-384|0|1|1|30|0|8200|-7312|8136|-7352|501|507|1
W|306|1|2|QFLAT07|XA04TEX|320.878441342|-384|0|1|1|34|0|8136|-7352|8136|-7400|501|507|1
W|4134|1|2|QFLAT07|XA04TEX|368.878441342|-384|0|1|1|98|0|8136|-7400|8208|-7480|501|507|1
W|268|1|2|QFLAT07|XA04TEX|476.507433718|-384|0|1|1|98|0|8208|-7480|8256|-7680|501|507|1
W|4794|0|2|QFLAT07|XA04TEX|0|256|0|1|1|0|0|6128|-4912|6216|-4896|783|873|1
W|5192|0|2|QFLAT07|XA04TEX|89.4427191|256|0|1|1|0|0|6216|-4896|6160|-4784|771|873|1
W|4794|1|2|QFLAT07|XA04TEX|13|0|0|1|1|13|0|6216|-4896|6128|-4912|873|783|1
W|4854|0|2|QFLAT07|XA04TEX|0|640|0|1|1|0|0|6120|-4312|6088|-4152|877|784|1
W|4913|0|2|QFLAT07|XA04TEX|0|640|0|1|1|0|0|3856|-5168|3936|-5184|770|837|1
W|5185|0|2|QFLAT07|XA04TEX|81.584312217|640|0|1|1|0|0|3936|-5184|3984|-5176|770|837|1
W|5131|0|2|QFLAT07|XA04TEX|130.24641246|640|0|1|1|0|0|3984|-5176|4024|-5160|1060|765|1
W|5184|0|2|QFLAT07|XA04TEX|173.327730917|640|0|1|1|0|0|4024|-5160|4048|-5104|1060|765|1
W|5183|0|2|QFLAT07|XA04TEX|234.253915764|640|0|1|1|0|0|4048|-5104|4024|-5048|1060|765|1
W|5132|0|2|QFLAT07|XA04TEX|0|640|0|1|1|0|0|5576|-4368|5536|-4584|860|800|1
W|5137|0|2|QFLAT07|XA04TEX|12|-128|0|1|1|-116|0|4080|-4640|4000|-4640|801|807|1
W|5137|1|2|QFLAT07|XA04TEX|0|256|0|1|1|0|0|4000|-4640|4080|-4640|807|801|1
W|5138|1|2|QFLAT07|XA04TEX|32|640|0|1|1|-96|0|5536|-4768|5448|-4728|786|754|1
W|5141|0|2|QFLAT07|XA04TEX|56|-128|0|1|1|56|0|4080|-4424|4016|-4432|869|801|1
W|5141|1|2|QFLAT07|XA04TEX|0|640|0|1|1|0|0|4016|-4432|4080|-4424|801|869|1
W|5142|0|2|QFLAT07|XA04TEX|39|-128|0|1|1|39|0|4080|-4176|4016|-4192|808|869|1
W|5142|1|2|QFLAT07|XA04TEX|0|640|0|1|1|0|0|4016|-4192|4080|-4176|869|808|1
W|5144|0|2|QFLAT07|XA04TEX|24|-256|0|1|1|88|0|4048|-3984|3984|-3984|782|808|1
W|5144|1|2|QFLAT07|XA04TEX|0|640|0|1|1|0|0|3984|-3984|4048|-3984|808|782|1
W|5148|0|2|QFLAT07|XA04TEX|0|640|0|1|1|0|0|5536|-4584|5616|-4624|786|800|1
W|5148|1|2|QFLAT07|XA04TEX|18|-128|0|1|1|82|0|5616|-4624|5536|-4584|800|786|1
W|5149|0|2|QFLAT07|XA04TEX|41|-256|0|1|1|41|0|4024|-3744|3952|-3680|753|782|1
W|5149|1|2|QFLAT07|XA04TEX|0|640|0|1|1|0|0|3952|-3680|4024|-3744|782|753|1
W|5150|0|2|QFLAT07|XA04TEX|35|-256|0|1|1|99|0|4040|-3552|3984|-3504|766|753|1
W|5150|1|2|QFLAT07|XA04TEX|20|640|0|1|1|-44|0|3984|-3504|4040|-3552|753|766|1
W|5151|0|2|QFLAT07|XA04TEX|0|640|0|1|1|0|0|5536|-4584|5448|-4728|859|786|1
W|5138|0|2|QFLAT07|XA04TEX|168.760184878|640|0|1|1|0|0|5448|-4728|5536|-4768|754|786|1
W|5153|0|2|QFLAT07|XA04TEX|0|640|0|1|1|0|0|5560|-4168|5576|-4368|857|775|1
W|5154|0|2|QFLAT07|XA04TEX|50|640|0|1|1|-78|0|4464|-3456|4464|-3376|797|802|1
W|5154|1|2|QFLAT07|XA04TEX|29|256|0|1|1|29|0|4464|-3376|4464|-3456|802|797|1
W|5155|0|2|QFLAT07|XA04TEX|0|640|0|1|1|0|0|5576|-4368|5660|-4368|800|775|1
W|5155|1|2|QFLAT07|XA04TEX|12|-128|0|1|1|76|0|5660|-4368|5576|-4368|775|800|1
W|5157|0|2|QFLAT07|XA04TEX|0|640|0|1|1|0|0|4960|-3456|4960|-3376|780|797|1
W|5157|1|2|QFLAT07|XA04TEX|0|-384|0|1|1|0|0|4960|-3376|4960|-3456|797|780|1
W|5159|0|2|QFLAT07|XA04TEX|0|640|0|1|1|0|0|5232|-3552|5280|-3488|793|780|1
W|5159|1|2|QFLAT07|XA04TEX|0|-256|0|1|1|64|0|5280|-3488|5232|-3552|780|793|1
W|5160|0|2|QFLAT07|XA04TEX|0|640|0|1|1|0|0|5568|-3872|5560|-4168|856|809|1
W|5163|0|2|QFLAT07|XA04TEX|0|640|0|1|1|0|0|5560|-4168|5648|-4176|775|809|1
W|5163|1|2|QFLAT07|XA04TEX|18|-128|0|1|1|82|0|5648|-4176|5560|-4168|809|775|1
W|5164|0|2|QFLAT07|XA04TEX|0|640|0|1|1|0|0|5448|-3680|5520|-3632|803|793|1
W|5164|1|2|QFLAT07|XA04TEX|24|-256|0|1|1|88|0|5520|-3632|5448|-3680|793|803|1
W|5165|0|2|QFLAT07|XA04TEX|0|640|0|1|1|0|0|5568|-3872|5648|-3872|809|803|1
W|5165|1|2|QFLAT07|XA04TEX|1|-128|0|1|1|65|0|5648|-3872|5568|-3872|803|809|1
W|5166|0|2|QFLAT07|XA04TEX|0|640|0|1|1|0|0|5448|-3680|5568|-3872|855|803|1
W|5168|0|2|QFLAT07|XA04TEX|0|640|0|1|1|0|0|5232|-3552|5448|-3680|861|793|1
W|5169|0|2|QFLAT07|XA04TEX|0|640|0|1|1|0|0|4960|-3456|5232|-3552|862|780|1
W|5170|0|2|QFLAT07|XA04TEX|0|640|0|1|1|0|0|4464|-3456|4960|-3456|895|797|1
W|5172|0|2|QFLAT07|XA04TEX|0|256|0|1|1|0|0|4040|-3552|4288|-3456|865|766|1
W|5152|0|2|QFLAT07|XA04TEX|265.932322218|256|0|1|1|43|0|4288|-3456|4288|-3376|1100|766|1
W|5173|0|2|QFLAT07|XA04TEX|0|640|0|1|1|0|0|4024|-3744|4040|-3552|866|753|1
W|5174|0|2|QFLAT07|XA04TEX|0|640|0|1|1|0|0|4048|-3984|4024|-3744|867|782|1
W|5175|0|2|QFLAT07|XA04TEX|0|640|0|1|1|0|0|4080|-4176|4048|-3984|868|808|1
W|5176|0|2|QFLAT07|XA04TEX|0|640|0|1|1|0|0|4080|-4424|4080|-4176|853|869|1
W|5177|0|2|QFLAT07|XA04TEX|0|640|0|1|1|0|0|4080|-4640|4080|-4424|870|801|1
W|5178|0|2|QFLAT07|XA04TEX|0|256|0|1|1|0|0|4032|-4768|4080|-4640|871|807|1
W|5191|0|2|QFLAT07|XA04TEX|46|0|0|1|1|-18|0|6160|-4784|6080|-4784|758|873|1
W|5191|1|2|QFLAT07|XA04TEX|0|256|0|1|1|0|0|6080|-4784|6160|-4784|873|758|1
W|5193|0|2|QFLAT07|XA04TEX|48|-128|0|1|1|112|0|6144|-4648|6048|-4624|794|758|1
W|5193|1|2|QFLAT07|XA04TEX|0|640|0|1|1|0|0|6048|-4624|6144|-4648|758|794|1
W|5194|0|2|QFLAT07|XA04TEX|0|640|0|1|1|0|0|6160|-4784|6144|-4648|874|758|1
W|5195|0|2|QFLAT07|XA04TEX|18|-128|0|1|1|82|0|6128|-4464|6032|-4464|763|794|1
W|5195|1|2|QFLAT07|XA04TEX|0|640|0|1|1|0|0|6032|-4464|6128|-4464|794|763|1
W|5196|0|2|QFLAT07|XA04TEX|0|640|0|1|1|0|0|6144|-4648|6128|-4464|875|794|1
W|5197|0|2|QFLAT07|XA04TEX|35|640|0|1|1|99|0|6120|-4312|6032|-4320|784|763|1
W|5197|1|2|QFLAT07|XA04TEX|0|-128|0|1|1|0|0|6032|-4320|6120|-4312|763|784|1
W|5198|0|2|QFLAT07|XA04TEX|0|640|0|1|1|0|0|6128|-4464|6120|-4312|876|763|1
W|5199|0|2|QFLAT07|XA04TEX|27|-256|0|1|1|91|0|6088|-4152|6000|-4160|776|784|1
W|5199|1|2|QFLAT07|XA04TEX|0|640|0|1|1|0|0|6000|-4160|6088|-4152|784|776|1
W|5201|0|2|QFLAT07|XA04TEX|25|-256|0|1|1|25|0|6088|-3824|6000|-3808|805|776|1
W|5201|1|2|QFLAT07|XA04TEX|0|640|0|1|1|0|0|6000|-3808|6088|-3824|776|805|1
W|5202|0|2|QFLAT07|XA04TEX|0|640|0|1|1|0|0|6088|-4152|6088|-3824|878|776|1
W|5203|0|2|QFLAT07|XA04TEX|29|-256|0|1|1|29|0|6184|-3624|6112|-3584|769|805|1
W|5203|1|2|QFLAT07|XA04TEX|0|640|0|1|1|0|0|6112|-3584|6184|-3624|805|769|1
W|5204|0|2|QFLAT07|XA04TEX|0|640|0|1|1|0|0|6088|-3824|6184|-3624|879|805|1
W|5205|0|2|QFLAT07|XA04TEX|7|640|0|1|1|71|0|6352|-3488|6320|-3424|755|769|1
W|5205|1|2|QFLAT07|XA04TEX|0|-256|0|1|1|0|0|6320|-3424|6352|-3488|769|755|1
W|5206|0|2|QFLAT07|XA04TEX|0|640|0|1|1|0|0|6184|-3624|6352|-3488|880|769|1
W|5207|0|2|QFLAT07|XA04TEX|0|-256|0|1|1|0|0|6584|-3432|6560|-3360|795|755|1
W|5207|1|2|QFLAT07|XA04TEX|23|640|0|1|1|23|0|6560|-3360|6584|-3432|755|795|1
W|5208|0|2|QFLAT07|XA04TEX|0|640|0|1|1|0|0|6352|-3488|6584|-3432|881|755|1
W|5209|0|2|QFLAT07|XA04TEX|0|640|0|1|1|0|0|6976|-3440|6976|-3360|792|795|1
W|5209|1|2|QFLAT07|XA04TEX|0|-256|0|1|1|0|0|6976|-3360|6976|-3440|795|792|1
W|5210|0|2|QFLAT07|XA04TEX|0|640|0|1|1|0|0|6584|-3432|6976|-3440|882|795|1
W|5211|0|2|QFLAT07|XA04TEX|0|640|0|1|1|0|0|7312|-3456|7312|-3360|791|792|1
W|5211|1|2|QFLAT07|XA04TEX|24|-256|0|1|1|24|0|7312|-3360|7312|-3456|792|791|1
W|5212|0|2|QFLAT07|XA04TEX|0|640|0|1|1|0|0|6976|-3440|7312|-3456|883|792|1
W|5213|0|2|QFLAT07|XA04TEX|0|640|0|1|1|0|0|7648|-3528|7712|-3472|767|791|1
W|5213|1|2|QFLAT07|XA04TEX|29|-128|0|1|1|29|0|7712|-3472|7648|-3528|791|767|1
W|5214|0|2|QFLAT07|XA04TEX|0|640|0|1|1|0|0|7312|-3456|7648|-3528|884|791|1
W|5215|0|2|QFLAT07|XA04TEX|0|640|0|1|1|0|0|7728|-3912|7808|-3920|764|767|1
W|5215|1|2|QFLAT07|XA04TEX|39|-128|0|1|1|103|0|7808|-3920|7728|-3912|767|764|1
W|5216|0|2|QFLAT07|XA04TEX|0|-128|0|1|1|0|0|7648|-3528|7728|-3912|885|767|1
W|5217|0|2|QFLAT07|XA04TEX|0|640|0|1|1|0|0|7608|-4256|7696|-4256|804|764|1
W|5217|1|2|QFLAT07|XA04TEX|9|-128|0|1|1|73|0|7696|-4256|7608|-4256|764|804|1
W|5218|0|2|QFLAT07|XA04TEX|0|640|0|1|1|0|0|7728|-3912|7608|-4256|886|764|1
W|5219|0|2|QFLAT07|XA04TEX|0|640|0|1|1|0|0|7664|-4592|7760|-4624|751|804|1
W|5219|1|2|QFLAT07|XA04TEX|63|0|0|1|1|63|0|7760|-4624|7664|-4592|804|751|1
W|5220|0|2|QFLAT07|XA04TEX|0|640|0|1|1|0|0|7608|-4256|7664|-4592|887|804|1
W|5221|0|2|QFLAT07|XA04TEX|0|256|0|1|1|0|0|7504|-4736|7584|-4752|762|751|1
W|5221|1|2|QFLAT07|XA04TEX|36|0|0|1|1|-92|0|7584|-4752|7504|-4736|751|762|1
W|5222|0|2|QFLAT07|XA04TEX|0|640|0|1|1|0|0|7664|-4592|7504|-4736|888|751|1
W|5223|1|2|QFLAT07|XA04TEX|10|0|0|1|1|-118|0|7600|-4832|7504|-4832|762|88|1
W|5224|0|2|QFLAT07|XA04TEX|0|256|0|1|1|0|0|7504|-4736|7504|-4832|889|762|1
W|5225|0|2|QFLAT07|XA04TEX|0|640|0|1|1|0|0|5712|-5216|5696|-5256|1157|890|1
W|5226|0|2|QFLAT07|XA04TEX|43.081318457|640|0|1|1|0|0|5696|-5256|5696|-5304|1157|890|1
W|5227|0|2|QFLAT07|XA04TEX|91.081318457|640|0|1|1|0|0|5696|-5304|5720|-5336|1157|890|1
W|5228|0|2|QFLAT07|XA04TEX|131.081318457|640|0|1|1|0|0|5720|-5336|5768|-5360|1157|890|1
W|5229|0|2|QFLAT07|XA04TEX|184.746949917|640|0|1|1|0|0|5768|-5360|5800|-5352|1157|890|1
W|5230|0|2|QFLAT07|XA04TEX|217.731794922|640|0|1|1|0|0|5800|-5352|5832|-5328|1157|890|1
W|5231|0|2|QFLAT07|XA04TEX|257.731794922|640|0|1|1|0|0|5832|-5328|5856|-5264|1157|890|1
W|5232|0|2|QFLAT07|XA04TEX|326.083824885|640|0|1|1|0|0|5856|-5264|5856|-5232|1157|890|1
W|6155|0|2|QFLAT07|XA04TEX|0|256|0|1|1|0|0|4416|-3456|4464|-3456|864|802|1
W|6217|0|2|QFLAT07|XA04TEX|0|256|0|1|1|0|0|4400|-3456|4400|-3384|1090|1101|1
W|6198|1|2|QFLAT07|XA04TEX|72|256|0|1|1|0|0|4400|-3384|4400|-3376|1090|1100|1
W|3418|0|0|QFLAT07|XA04TEX|0|0|0|1|1|0|0|7952|-7648|8000|-7584|273|517|1
W|3423|0|0|QFLAT07|XA04TEX|80|0|0|1|1|0|0|8000|-7584|7968|-7536|273|517|1
W|4590|0|0|QFLAT07|XA04TEX|137.688820407|0|0|1|1|0|0|7968|-7536|7920|-7504|273|517|1
W|277|0|0|QFLAT07|XA04TEX|195.377640815|0|0|1|1|0|0|7920|-7504|7936|-7456|273|517|1
W|2670|0|0|QFLAT07|XA04TEX|245.974083378|0|0|1|1|0|0|7936|-7456|8000|-7456|273|517|1
W|1051|0|0|QFLAT07|XA04TEX|309.974083378|0|0|1|1|0|0|8000|-7456|8048|-7488|273|517|1
W|2642|0|0|QFLAT07|XA04TEX|367.662903785|0|0|1|1|0|0|8048|-7488|8064|-7552|273|517|1
W|2780|0|0|QFLAT07|XA04TEX|433.632593795|0|0|1|1|0|0|8064|-7552|8064|-7632|273|517|1
W|196|0|0|QFLAT07|XA04TEX|1.632593795|0|0|1|1|0|0|8064|-7632|8016|-7696|273|517|1
W|270|0|0|QFLAT07|XA04TEX|81.632593795|0|0|1|1|0|0|8016|-7696|7952|-7648|273|517|1
W|3680|0|0|QFLAT07|XA04TEX|0|0|0|1|1|0|0|7696|-7360|7728|-7328|492|493|1
W|4620|0|0|QFLAT07|XA04TEX|45.254833996|0|0|1|1|0|0|7728|-7328|7760|-7344|492|493|1
W|4562|0|0|QFLAT07|XA04TEX|81.031921636|0|0|1|1|0|0|7760|-7344|7792|-7360|492|493|1
W|3198|0|0|QFLAT07|XA04TEX|116.809009276|0|0|1|1|0|0|7792|-7360|7856|-7344|492|493|1
W|3293|0|0|QFLAT07|XA04TEX|182.778699286|0|0|1|1|0|0|7856|-7344|7872|-7360|492|493|1
W|3233|0|0|QFLAT07|XA04TEX|205.406116284|0|0|1|1|0|0|7872|-7360|7856|-7392|492|493|1
W|3232|0|0|QFLAT07|XA04TEX|241.183203924|0|0|1|1|0|0|7856|-7392|7824|-7408|492|493|1
W|3228|0|0|QFLAT07|XA04TEX|276.960291564|0|0|1|1|0|0|7824|-7408|7744|-7408|492|493|1
W|1071|0|0|QFLAT07|XA04TEX|356.960291564|0|0|1|1|0|0|7744|-7408|7712|-7376|492|493|1
W|2496|0|0|QFLAT07|XA04TEX|402.21512556|0|0|1|1|0|0|7712|-7376|7696|-7360|492|493|1
W|4544|0|2|QFLAT07|XA04TEX|0|128|0|1|1|0|0|7024|-5824|7040|-5808|279|1325|1
W|4588|0|2|QFLAT07|XA04TEX|22.627416998|128|0|1|1|0|0|7040|-5808|7088|-5808|279|1325|1
W|4580|0|2|QFLAT07|XA04TEX|70.627416998|128|0|1|1|0|0|7088|-5808|7136|-5824|279|1325|1
W|4564|0|2|QFLAT07|XA04TEX|121.223859561|128|0|1|1|0|0|7136|-5824|7168|-5808|279|1325|1
W|4560|0|2|QFLAT07|XA04TEX|157.000947201|128|0|1|1|0|0|7168|-5808|7200|-5808|279|1325|1
W|4568|0|2|QFLAT07|XA04TEX|189.000947201|128|0|1|1|0|0|7200|-5808|7200|-5856|279|1325|1
W|4540|0|2|QFLAT07|XA04TEX|237.000947201|128|0|1|1|0|0|7200|-5856|7168|-5872|279|1325|1
W|4599|0|2|QFLAT07|XA04TEX|272.778034841|128|0|1|1|0|0|7168|-5872|7120|-5904|279|1325|1
W|2774|0|2|QFLAT07|XA04TEX|330.466855248|128|0|1|1|0|0|7120|-5904|7120|-5936|279|1325|1
W|4565|0|2|QFLAT07|XA04TEX|362.466855248|128|0|1|1|0|0|7120|-5936|7088|-5936|279|1325|1
W|4597|0|2|QFLAT07|XA04TEX|394.466855248|128|0|1|1|0|0|7088|-5936|7072|-5920|279|1325|1
W|2802|0|2|QFLAT07|XA04TEX|417.094272246|128|0|1|1|0|0|7072|-5920|7088|-5872|279|1325|1
W|4575|0|2|QFLAT07|XA04TEX|467.690714809|128|0|1|1|0|0|7088|-5872|7056|-5840|279|1325|1
W|4600|0|2|QFLAT07|XA04TEX|0.945548805|128|0|1|1|0|0|7056|-5840|7024|-5824|279|1325|1
W|4600|1|2|QFLAT07|XA04TEX|0|640|0|1|1|0|0|7024|-5824|7056|-5840|1325|279|1
W|4575|1|2|QFLAT07|XA04TEX|35.77708764|640|0|1|1|0|0|7056|-5840|7088|-5872|1325|279|1
W|2802|1|2|QFLAT07|XA04TEX|81.031921636|640|0|1|1|0|0|7088|-5872|7072|-5920|1325|279|1
W|4597|1|2|QFLAT07|XA04TEX|131.628364199|640|0|1|1|0|0|7072|-5920|7088|-5936|1325|279|1
W|4565|1|2|QFLAT07|XA04TEX|154.255781197|640|0|1|1|0|0|7088|-5936|7120|-5936|1325|279|1
W|2774|1|2|QFLAT07|XA04TEX|186.255781197|640|0|1|1|0|0|7120|-5936|7120|-5904|1325|279|1
W|4599|1|2|QFLAT07|XA04TEX|218.255781197|640|0|1|1|0|0|7120|-5904|7168|-5872|1325|279|1
W|4540|1|2|QFLAT07|XA04TEX|275.944601604|640|0|1|1|0|0|7168|-5872|7200|-5856|1325|279|1
W|4568|1|2|QFLAT07|XA04TEX|311.721689244|640|0|1|1|0|0|7200|-5856|7200|-5808|1325|279|1
W|4560|1|2|QFLAT07|XA04TEX|359.721689244|640|0|1|1|0|0|7200|-5808|7168|-5808|1325|279|1
W|4564|1|2|QFLAT07|XA04TEX|391.721689244|640|0|1|1|0|0|7168|-5808|7136|-5824|1325|279|1
W|4580|1|2|QFLAT07|XA04TEX|427.498776884|640|0|1|1|0|0|7136|-5824|7088|-5808|1325|279|1
W|4588|1|2|QFLAT07|XA04TEX|478.095219447|640|0|1|1|0|0|7088|-5808|7040|-5808|1325|279|1
W|4544|1|2|QFLAT07|XA04TEX|14.095219447|640|0|1|1|0|0|7040|-5808|7024|-5824|1325|279|1
W|7340|0|2|QFLAT07|XA04TEX|0|128|0|1|1|0|0|7584|-6064|7552|-6016|509|1283|1
W|7341|0|2|QFLAT07|XA04TEX|57.688820407|128|0|1|1|0|0|7552|-6016|7520|-6000|509|1283|1
W|7342|0|2|QFLAT07|XA04TEX|93.465908047|128|0|1|1|0|0|7520|-6000|7456|-6000|509|1283|1
W|7343|0|2|QFLAT07|XA04TEX|157.465908047|128|0|1|1|0|0|7456|-6000|7440|-5968|509|1283|1
W|4602|0|2|QFLAT07|XA04TEX|193.242995687|128|0|1|1|0|0|7440|-5968|7456|-5920|509|1283|1
W|7334|0|2|QFLAT07|XA04TEX|243.83943825|128|0|1|1|0|0|7456|-5920|7536|-5920|509|1283|1
W|7335|0|2|QFLAT07|XA04TEX|323.83943825|128|0|1|1|0|0|7536|-5920|7584|-5904|509|1283|1
W|7336|0|2|QFLAT07|XA04TEX|374.435880813|128|0|1|1|0|0|7584|-5904|7632|-5936|509|1283|1
W|7337|0|2|QFLAT07|XA04TEX|432.12470122|128|0|1|1|0|0|7632|-5936|7664|-6000|509|1283|1
W|7338|0|2|QFLAT07|XA04TEX|503.6788765|128|0|1|1|0|0|7664|-6000|7648|-6032|509|1283|1
W|7339|0|2|QFLAT07|XA04TEX|27.45596414|128|0|1|1|0|0|7648|-6032|7584|-6064|509|1283|1
W|7339|1|2|QFLAT07|XA04TEX|0|512|0|1|1|0|0|7584|-6064|7648|-6032|1283|509|1
W|7338|1|2|QFLAT07|XA04TEX|71.55417528|512|0|1|1|0|0|7648|-6032|7664|-6000|1283|509|1
W|7337|1|2|QFLAT07|XA04TEX|107.33126292|512|0|1|1|0|0|7664|-6000|7632|-5936|1283|509|1
W|7336|1|2|QFLAT07|XA04TEX|178.8854382|512|0|1|1|0|0|7632|-5936|7584|-5904|1283|509|1
W|7335|1|2|QFLAT07|XA04TEX|236.574258607|512|0|1|1|0|0|7584|-5904|7536|-5920|1283|509|1
W|7334|1|2|QFLAT07|XA04TEX|287.17070117|512|0|1|1|0|0|7536|-5920|7456|-5920|1283|509|1
W|4602|1|2|QFLAT07|XA04TEX|367.17070117|512|0|1|1|0|0|7456|-5920|7440|-5968|1283|509|1
W|7343|1|2|QFLAT07|XA04TEX|417.767143733|512|0|1|1|0|0|7440|-5968|7456|-6000|1283|509|1
W|7342|1|2|QFLAT07|XA04TEX|453.544231373|512|0|1|1|0|0|7456|-6000|7520|-6000|1283|509|1
W|7341|1|2|QFLAT07|XA04TEX|5.544231373|512|0|1|1|0|0|7520|-6000|7552|-6016|1283|509|1
W|7340|1|2|QFLAT07|XA04TEX|41.321319013|512|0|1|1|0|0|7552|-6016|7584|-6064|1283|509|1
W|7303|0|2|QFLAT07|XA04TEX|0|128|0|1|1|0|0|6848|-6208|6880|-6144|508|1325|1
W|7304|0|2|QFLAT07|XA04TEX|71.55417528|128|0|1|1|0|0|6880|-6144|6848|-6096|508|1325|1
W|7305|0|2|QFLAT07|XA04TEX|129.242995687|128|0|1|1|0|0|6848|-6096|6848|-6048|508|1325|1
W|7306|0|2|QFLAT07|XA04TEX|177.242995687|128|0|1|1|0|0|6848|-6048|6864|-6032|508|1325|1
W|7307|0|2|QFLAT07|XA04TEX|199.870412685|128|0|1|1|0|0|6864|-6032|6880|-5984|508|1325|1
W|7296|0|2|QFLAT07|XA04TEX|250.466855248|128|0|1|1|0|0|6880|-5984|6928|-6000|508|1325|1
W|7297|0|2|QFLAT07|XA04TEX|301.063297811|128|0|1|1|0|0|6928|-6000|6928|-6048|508|1325|1
W|7298|0|2|QFLAT07|XA04TEX|349.063297811|128|0|1|1|0|0|6928|-6048|6960|-6112|508|1325|1
W|7299|0|2|QFLAT07|XA04TEX|420.617473091|128|0|1|1|0|0|6960|-6112|6992|-6176|508|1325|1
W|7300|0|2|QFLAT07|XA04TEX|492.171648371|128|0|1|1|0|0|6992|-6176|6944|-6224|508|1325|1
W|7301|0|2|QFLAT07|XA04TEX|48.053899365|128|0|1|1|0|0|6944|-6224|6880|-6224|508|1325|1
W|7302|0|2|QFLAT07|XA04TEX|112.053899365|128|0|1|1|0|0|6880|-6224|6848|-6208|508|1325|1
W|7302|1|2|QFLAT07|XA04TEX|0|640|0|1|1|0|0|6848|-6208|6880|-6224|1325|508|1
W|7301|1|2|QFLAT07|XA04TEX|35.77708764|640|0|1|1|0|0|6880|-6224|6944|-6224|1325|508|1
W|7300|1|2|QFLAT07|XA04TEX|99.77708764|640|0|1|1|0|0|6944|-6224|6992|-6176|1325|508|1
W|7299|1|2|QFLAT07|XA04TEX|167.659338634|640|0|1|1|0|0|6992|-6176|6960|-6112|1325|508|1
W|7298|1|2|QFLAT07|XA04TEX|239.213513914|640|0|1|1|0|0|6960|-6112|6928|-6048|1325|508|1
W|7297|1|2|QFLAT07|XA04TEX|310.767689194|640|0|1|1|0|0|6928|-6048|6928|-6000|1325|508|1
W|7296|1|2|QFLAT07|XA04TEX|358.767689194|640|0|1|1|0|0|6928|-6000|6880|-5984|1325|508|1
W|7307|1|2|QFLAT07|XA04TEX|409.364131757|640|0|1|1|0|0|6880|-5984|6864|-6032|1325|508|1
W|7306|1|2|QFLAT07|XA04TEX|459.960574319|640|0|1|1|0|0|6864|-6032|6848|-6048|1325|508|1
W|7305|1|2|QFLAT07|XA04TEX|482.587991317|640|0|1|1|0|0|6848|-6048|6848|-6096|1325|508|1
W|7304|1|2|QFLAT07|XA04TEX|18.587991317|640|0|1|1|0|0|6848|-6096|6880|-6144|1325|508|1
W|7303|1|2|QFLAT07|XA04TEX|76.276811725|640|0|1|1|0|0|6880|-6144|6848|-6208|1325|508|1
W|7315|0|2|QFLAT07|XA04TEX|0|128|0|1|1|0|0|7216|-6128|7184|-6112|156|1283|1
W|7308|0|2|QFLAT07|XA04TEX|35.77708764|128|0|1|1|0|0|7184|-6112|7216|-6080|156|1283|1
W|7309|0|2|QFLAT07|XA04TEX|81.031921636|128|0|1|1|0|0|7216|-6080|7280|-6096|156|1283|1
W|7310|0|2|QFLAT07|XA04TEX|147.001611646|128|0|1|1|0|0|7280|-6096|7280|-6144|156|1283|1
W|7311|0|2|QFLAT07|XA04TEX|195.001611646|128|0|1|1|0|0|7280|-6144|7264|-6192|156|1283|1
W|7312|0|2|QFLAT07|XA04TEX|245.598054209|128|0|1|1|0|0|7264|-6192|7200|-6192|156|1283|1
W|7313|0|2|QFLAT07|XA04TEX|309.598054209|128|0|1|1|0|0|7200|-6192|7184|-6160|156|1283|1
W|7314|0|2|QFLAT07|XA04TEX|345.375141849|128|0|1|1|0|0|7184|-6160|7216|-6128|156|1283|1
W|7314|1|2|QFLAT07|XA04TEX|0|512|0|1|1|0|0|7216|-6128|7184|-6160|1283|156|1
W|7313|1|2|QFLAT07|XA04TEX|45.254833996|512|0|1|1|0|0|7184|-6160|7200|-6192|1283|156|1
W|7312|1|2|QFLAT07|XA04TEX|81.031921636|512|0|1|1|0|0|7200|-6192|7264|-6192|1283|156|1
W|7311|1|2|QFLAT07|XA04TEX|145.031921636|512|0|1|1|0|0|7264|-6192|7280|-6144|1283|156|1
W|7310|1|2|QFLAT07|XA04TEX|195.628364199|512|0|1|1|0|0|7280|-6144|7280|-6096|1283|156|1
W|7309|1|2|QFLAT07|XA04TEX|243.628364199|512|0|1|1|0|0|7280|-6096|7216|-6080|1283|156|1
W|7308|1|2|QFLAT07|XA04TEX|309.598054209|512|0|1|1|0|0|7216|-6080|7184|-6112|1283|156|1
W|7315|1|2|QFLAT07|XA04TEX|354.852888204|512|0|1|1|0|0|7184|-6112|7216|-6128|1283|156|1
W|7333|0|2|QFLAT07|XA04TEX|0|128|0|1|1|0|0|7312|-6592|7344|-6560|278|1283|1
W|7316|0|2|QFLAT07|XA04TEX|45.254833996|128|0|1|1|0|0|7344|-6560|7424|-6544|278|1283|1
W|7317|0|2|QFLAT07|XA04TEX|126.839146213|128|0|1|1|0|0|7424|-6544|7424|-6512|278|1283|1
W|7318|0|2|QFLAT07|XA04TEX|158.839146213|128|0|1|1|0|0|7424|-6512|7456|-6480|278|1283|1
W|7319|0|2|QFLAT07|XA04TEX|204.093980209|128|0|1|1|0|0|7456|-6480|7504|-6464|278|1283|1
W|7320|0|2|QFLAT07|XA04TEX|254.690422772|128|0|1|1|0|0|7504|-6464|7552|-6432|278|1283|1
W|7321|0|2|QFLAT07|XA04TEX|312.379243179|128|0|1|1|0|0|7552|-6432|7568|-6400|278|1283|1
W|7322|0|2|QFLAT07|XA04TEX|348.156330819|128|0|1|1|0|0|7568|-6400|7584|-6384|278|1283|1
W|7323|0|2|QFLAT07|XA04TEX|370.783747817|128|0|1|1|0|0|7584|-6384|7600|-6400|278|1283|1
W|7324|0|2|QFLAT07|XA04TEX|393.411164815|128|0|1|1|0|0|7600|-6400|7600|-6448|278|1283|1
W|7325|0|2|QFLAT07|XA04TEX|441.411164815|128|0|1|1|0|0|7600|-6448|7552|-6480|278|1283|1
W|7326|0|2|QFLAT07|XA04TEX|499.099985223|128|0|1|1|0|0|7552|-6480|7504|-6512|278|1283|1
W|7327|0|2|QFLAT07|XA04TEX|44.78880563|128|0|1|1|0|0|7504|-6512|7504|-6560|278|1283|1
W|7328|0|2|QFLAT07|XA04TEX|92.78880563|128|0|1|1|0|0|7504|-6560|7472|-6576|278|1283|1
W|7329|0|2|QFLAT07|XA04TEX|128.56589327|128|0|1|1|0|0|7472|-6576|7456|-6592|278|1283|1
W|7330|0|2|QFLAT07|XA04TEX|151.193310268|128|0|1|1|0|0|7456|-6592|7424|-6608|278|1283|1
W|7331|0|2|QFLAT07|XA04TEX|186.970397908|128|0|1|1|0|0|7424|-6608|7328|-6608|278|1283|1
W|7332|0|2|QFLAT07|XA04TEX|282.970397908|128|0|1|1|0|0|7328|-6608|7312|-6592|278|1283|1
W|7322|1|2|QFLAT07|XA04TEX|0|512|0|1|1|0|0|7584|-6384|7568|-6400|1283|278|1
W|7321|1|2|QFLAT07|XA04TEX|22.627416998|512|0|1|1|0|0|7568|-6400|7552|-6432|1283|278|1
W|7320|1|2|QFLAT07|XA04TEX|58.404504638|512|0|1|1|0|0|7552|-6432|7504|-6464|1283|278|1
W|7319|1|2|QFLAT07|XA04TEX|116.093325045|512|0|1|1|0|0|7504|-6464|7456|-6480|1283|278|1
W|7318|1|2|QFLAT07|XA04TEX|166.689767608|512|0|1|1|0|0|7456|-6480|7424|-6512|1283|278|1
W|7317|1|2|QFLAT07|XA04TEX|211.944601604|512|0|1|1|0|0|7424|-6512|7424|-6544|1283|278|1
W|7316|1|2|QFLAT07|XA04TEX|243.944601604|512|0|1|1|0|0|7424|-6544|7344|-6560|1283|278|1
W|7333|1|2|QFLAT07|XA04TEX|325.528913822|512|0|1|1|0|0|7344|-6560|7312|-6592|1283|278|1
W|7332|1|2|QFLAT07|XA04TEX|370.783747817|512|0|1|1|0|0|7312|-6592|7328|-6608|1283|278|1
W|7331|1|2|QFLAT07|XA04TEX|393.411164815|512|0|1|1|0|0|7328|-6608|7424|-6608|1283|278|1
W|7330|1|2|QFLAT07|XA04TEX|489.411164815|512|0|1|1|0|0|7424|-6608|7456|-6592|1283|278|1
W|7329|1|2|QFLAT07|XA04TEX|13.188252455|512|0|1|1|0|0|7456|-6592|7472|-6576|1283|278|1
W|7328|1|2|QFLAT07|XA04TEX|35.815669453|512|0|1|1|0|0|7472|-6576|7504|-6560|1283|278|1
W|7327|1|2|QFLAT07|XA04TEX|71.592757093|512|0|1|1|0|0|7504|-6560|7504|-6512|1283|278|1
W|7326|1|2|QFLAT07|XA04TEX|119.592757093|512|0|1|1|0|0|7504|-6512|7552|-6480|1283|278|1
W|7325|1|2|QFLAT07|XA04TEX|177.281577501|512|0|1|1|0|0|7552|-6480|7600|-6448|1283|278|1
W|7324|1|2|QFLAT07|XA04TEX|234.970397908|512|0|1|1|0|0|7600|-6448|7600|-6400|1283|278|1
W|7323|1|2|QFLAT07|XA04TEX|282.970397908|512|0|1|1|0|0|7600|-6400|7584|-6384|1283|278|1
W|12169|0|2|QFLAT07|XA04TEX|0|-640|0|1|1|0|0|7520|-3776|7488|-3760|2255|789|1
W|12162|0|2|QFLAT07|XA04TEX|35.77708764|-640|0|1|1|0|0|7488|-3760|7520|-3728|2255|789|1
W|12163|0|2|QFLAT07|XA04TEX|81.031921636|-640|0|1|1|0|0|7520|-3728|7584|-3744|2255|789|1
W|12164|0|2|QFLAT07|XA04TEX|147.001611646|-640|0|1|1|0|0|7584|-3744|7584|-3792|2255|789|1
W|12165|0|2|QFLAT07|XA04TEX|195.001611646|-640|0|1|1|0|0|7584|-3792|7568|-3840|2255|789|1
W|12166|0|2|QFLAT07|XA04TEX|245.598054209|-640|0|1|1|0|0|7568|-3840|7504|-3840|2255|789|1
W|12167|0|2|QFLAT07|XA04TEX|309.598054209|-640|0|1|1|0|0|7504|-3840|7488|-3808|2255|789|1
W|12168|0|2|QFLAT07|XA04TEX|345.375141849|-640|0|1|1|0|0|7488|-3808|7520|-3776|2255|789|1
W|12168|1|2|QFLAT07|XA04TEX|0|640|0|1|1|0|0|7520|-3776|7488|-3808|789|2255|1
W|12167|1|2|QFLAT07|XA04TEX|45.254833996|640|0|1|1|0|0|7488|-3808|7504|-3840|789|2255|1
W|12166|1|2|QFLAT07|XA04TEX|81.031921636|640|0|1|1|0|0|7504|-3840|7568|-3840|789|2255|1
W|12165|1|2|QFLAT07|XA04TEX|145.031921636|640|0|1|1|0|0|7568|-3840|7584|-3792|789|2255|1
W|12164|1|2|QFLAT07|XA04TEX|195.628364199|640|0|1|1|0|0|7584|-3792|7584|-3744|789|2255|1
W|12163|1|2|QFLAT07|XA04TEX|243.628364199|640|0|1|1|0|0|7584|-3744|7520|-3728|789|2255|1
W|12162|1|2|QFLAT07|XA04TEX|309.598054209|640|0|1|1|0|0|7520|-3728|7488|-3760|789|2255|1
W|12169|1|2|QFLAT07|XA04TEX|354.852888204|640|0|1|1|0|0|7488|-3760|7520|-3776|789|2255|1
W|12177|0|2|QFLAT07|XA04TEX|0|-640|0|1|1|0|0|7456|-3728|7424|-3680|2256|789|1
W|12178|0|2|QFLAT07|XA04TEX|57.688820407|-640|0|1|1|0|0|7424|-3680|7392|-3664|2256|789|1
W|12179|0|2|QFLAT07|XA04TEX|93.465908047|-640|0|1|1|0|0|7392|-3664|7328|-3664|2256|789|1
W|12180|0|2|QFLAT07|XA04TEX|157.465908047|-640|0|1|1|0|0|7328|-3664|7312|-3632|2256|789|1
W|12170|0|2|QFLAT07|XA04TEX|193.242995687|-640|0|1|1|0|0|7312|-3632|7328|-3584|2256|789|1
W|12171|0|2|QFLAT07|XA04TEX|243.83943825|-640|0|1|1|0|0|7328|-3584|7408|-3584|2256|789|1
W|12172|0|2|QFLAT07|XA04TEX|323.83943825|-640|0|1|1|0|0|7408|-3584|7456|-3568|2256|789|1
W|12173|0|2|QFLAT07|XA04TEX|374.435880813|-640|0|1|1|0|0|7456|-3568|7504|-3600|2256|789|1
W|12174|0|2|QFLAT07|XA04TEX|432.12470122|-640|0|1|1|0|0|7504|-3600|7536|-3664|2256|789|1
W|12175|0|2|QFLAT07|XA04TEX|503.6788765|-640|0|1|1|0|0|7536|-3664|7520|-3696|2256|789|1
W|12176|0|2|QFLAT07|XA04TEX|27.45596414|-640|0|1|1|0|0|7520|-3696|7456|-3728|2256|789|1
W|12176|1|2|QFLAT07|XA04TEX|0|640|0|1|1|0|0|7456|-3728|7520|-3696|789|2256|1
W|12175|1|2|QFLAT07|XA04TEX|71.55417528|640|0|1|1|0|0|7520|-3696|7536|-3664|789|2256|1
W|12174|1|2|QFLAT07|XA04TEX|107.33126292|640|0|1|1|0|0|7536|-3664|7504|-3600|789|2256|1
W|12173|1|2|QFLAT07|XA04TEX|178.8854382|640|0|1|1|0|0|7504|-3600|7456|-3568|789|2256|1
W|12172|1|2|QFLAT07|XA04TEX|236.574258607|640|0|1|1|0|0|7456|-3568|7408|-3584|789|2256|1
W|12171|1|2|QFLAT07|XA04TEX|287.17070117|640|0|1|1|0|0|7408|-3584|7328|-3584|789|2256|1
W|12170|1|2|QFLAT07|XA04TEX|367.17070117|640|0|1|1|0|0|7328|-3584|7312|-3632|789|2256|1
W|12180|1|2|QFLAT07|XA04TEX|417.767143733|640|0|1|1|0|0|7312|-3632|7328|-3664|789|2256|1
W|12179|1|2|QFLAT07|XA04TEX|453.544231373|640|0|1|1|0|0|7328|-3664|7392|-3664|789|2256|1
W|12178|1|2|QFLAT07|XA04TEX|5.544231373|640|0|1|1|0|0|7392|-3664|7424|-3680|789|2256|1
W|12177|1|2|QFLAT07|XA04TEX|41.321319013|640|0|1|1|0|0|7424|-3680|7456|-3728|789|2256|1
W|3608|0|0|QROCK3|QROCK3X8|89|0|0|1|1|89|0|7728|-7360|7760|-7376|272|492|1
W|4637|0|0|QROCK3|QROCK3X8|124.77708764|0|0|1|1|0|0|7760|-7376|7776|-7376|272|492|1
W|3258|0|0|QROCK3|QROCK3X8|140.77708764|0|0|1|1|16|0|7776|-7376|7840|-7360|272|492|1
W|3196|0|0|QROCK3|QROCK3X8|206.74677765|0|0|1|1|82|0|7840|-7360|7808|-7392|272|492|1
W|4577|0|0|QROCK3|QROCK3X8|252.001611646|0|0|1|1|127|0|7808|-7392|7776|-7392|272|492|1
W|4591|0|0|QROCK3|QROCK3X8|284.001611646|0|0|1|1|31|0|7776|-7392|7728|-7360|272|492|1
W|4619|0|0|QROCK3|QROCK3X8|104|0|0|1|1|-24|0|7936|-7488|8000|-7488|499|273|1
W|3216|0|0|QROCK3|QROCK3X8|168|0|0|1|1|-88|0|8000|-7488|8032|-7520|499|273|1
W|3206|0|0|QROCK3|QROCK3X8|213.254833996|0|0|1|1|-43|0|8032|-7520|8032|-7568|499|273|1
W|3045|0|0|QROCK3|QROCK3X8|261.254833996|0|0|1|1|-123|0|8032|-7568|8048|-7616|499|273|1
W|3212|0|0|QROCK3|QROCK3X8|311.851276559|0|0|1|1|-72|0|8048|-7616|8016|-7648|499|273|1
W|197|0|0|QROCK3|QROCK3X8|357.106110555|0|0|1|1|-27|0|8016|-7648|7984|-7648|499|273|1
W|1608|0|0|QROCK3|QROCK3X8|389.106110555|0|0|1|1|-123|0|7984|-7648|8000|-7616|499|273|1
W|3214|0|0|QROCK3|QROCK3X8|424.883198195|0|0|1|1|-87|0|8000|-7616|8016|-7584|499|273|1
W|4610|0|0|QROCK3|QROCK3X8|460.660285835|0|0|1|1|-51|0|8016|-7584|8000|-7536|499|273|1
W|1041|0|0|QROCK3|QROCK3X8|511.256728397|0|0|1|1|0|0|8000|-7536|7936|-7488|499|273|1
W|5081|0|1|QROCK3X8|QROCK3X8|0|640|0|1|1|0|8|4520|-3216|4560|-3200|839|-1|1
W|5078|0|1|QROCK3X8|QROCK3X8|43.081318457|640|0|1|1|43.081318457|8|4560|-3200|4624|-3200|839|-1|1
W|5079|0|1|QROCK3X8|QROCK3X8|107.081318457|640|0|1|1|107.081318457|8|4624|-3200|4664|-3216|839|-1|1
W|5080|0|1|QROCK3X8|QROCK3X8|150.162636914|640|0|1|1|150.162636914|8|4664|-3216|4680|-3256|839|-1|1
W|5720|0|1|QROCK3X8|QROCK3X8|193.243955371|640|0|1|1|193.243955371|8|4680|-3256|4680|-3320|839|-1|1
W|5719|0|1|QROCK3X8|QROCK3X8|257.243955371|640|0|1|1|257.243955371|8|4680|-3320|4664|-3360|839|-1|1
W|5712|1|0|QROCK3X8|QROCK3X8|300.325273828|640|0|1|1|300.325273828|-660|4664|-3360|4624|-3376|839|1000|1
W|5712|1|2|QROCK3X8|QROCK3X8|300.325273828|640|0|1|1|300.325273828|988|4664|-3360|4624|-3376|839|1000|1
W|5713|1|0|QROCK3X8|QROCK3X8|343.406592285|640|0|1|1|343.406592285|-660|4624|-3376|4560|-3376|839|1000|1
W|5713|1|2|QROCK3X8|QROCK3X8|343.406592285|640|0|1|1|343.406592285|988|4624|-3376|4560|-3376|839|1000|1
W|5714|1|0|QROCK3X8|QROCK3X8|407.406592285|640|0|1|1|407.406592285|-660|4560|-3376|4520|-3360|839|1000|1
W|5714|1|2|QROCK3X8|QROCK3X8|407.406592285|640|0|1|1|407.406592285|988|4560|-3376|4520|-3360|839|1000|1
W|5718|0|1|QROCK3X8|QROCK3X8|450.487910742|640|0|1|1|450.487910742|8|4520|-3360|4504|-3320|839|-1|1
W|5717|0|1|QROCK3X8|QROCK3X8|493.5692292|640|0|1|1|493.5692292|8|4504|-3320|4504|-3256|839|-1|1
W|5716|0|1|QROCK3X8|QROCK3X8|557.5692292|640|0|1|1|557.5692292|8|4504|-3256|4520|-3216|839|-1|1
W|5724|0|1|QROCK3X8|QROCK3X8|0|640|0|1|1|0|8|4744|-3216|4784|-3200|1001|-1|1
W|5721|0|1|QROCK3X8|QROCK3X8|43.081318457|640|0|1|1|43.081318457|8|4784|-3200|4848|-3200|1001|-1|1
W|5722|0|1|QROCK3X8|QROCK3X8|107.081318457|640|0|1|1|107.081318457|8|4848|-3200|4888|-3216|1001|-1|1
W|5723|0|1|QROCK3X8|QROCK3X8|150.162636914|640|0|1|1|150.162636914|8|4888|-3216|4904|-3256|1001|-1|1
W|5727|0|1|QROCK3X8|QROCK3X8|193.243955371|640|0|1|1|193.243955371|8|4904|-3256|4904|-3320|1001|-1|1
W|5726|0|1|QROCK3X8|QROCK3X8|257.243955371|640|0|1|1|257.243955371|8|4904|-3320|4888|-3360|1001|-1|1
W|5736|1|0|QROCK3X8|QROCK3X8|300.325273828|640|0|1|1|300.325273828|-660|4888|-3360|4848|-3376|1001|1002|1
W|5736|1|2|QROCK3X8|QROCK3X8|300.325273828|640|0|1|1|300.325273828|988|4888|-3360|4848|-3376|1001|1002|1
W|5737|1|0|QROCK3X8|QROCK3X8|343.406592285|640|0|1|1|343.406592285|-660|4848|-3376|4784|-3376|1001|1002|1
W|5737|1|2|QROCK3X8|QROCK3X8|343.406592285|640|0|1|1|343.406592285|988|4848|-3376|4784|-3376|1001|1002|1
W|5738|1|0|QROCK3X8|QROCK3X8|407.406592285|640|0|1|1|407.406592285|-660|4784|-3376|4744|-3360|1001|1002|1
W|5738|1|2|QROCK3X8|QROCK3X8|407.406592285|640|0|1|1|407.406592285|988|4784|-3376|4744|-3360|1001|1002|1
W|5725|0|1|QROCK3X8|QROCK3X8|450.487910742|640|0|1|1|450.487910742|8|4744|-3360|4728|-3320|1001|-1|1
W|5741|0|1|QROCK3X8|QROCK3X8|493.5692292|640|0|1|1|493.5692292|8|4728|-3320|4728|-3256|1001|-1|1
W|5740|0|1|QROCK3X8|QROCK3X8|557.5692292|640|0|1|1|557.5692292|8|4728|-3256|4744|-3216|1001|-1|1
W|5821|0|1|QROCK3X8|QROCK3X8|0|768|0|1|1|0|72|7160|-3200|7176|-3240|1010|-1|1
W|5761|0|1|QROCK3X8|QROCK3X8|43.081318457|768|0|1|1|43.081318457|72|7176|-3240|7176|-3304|1010|-1|1
W|5762|0|1|QROCK3X8|QROCK3X8|107.081318457|768|0|1|1|107.081318457|72|7176|-3304|7160|-3344|1010|-1|1
W|5796|1|0|QROCK3X8|QROCK3X8|150.162636914|768|0|1|1|150.162636914|-596|7160|-3344|7120|-3360|1010|1006|1
W|5796|1|2|QROCK3X8|QROCK3X8|150.162636914|768|0|1|1|150.162636914|988|7160|-3344|7120|-3360|1010|1006|1
W|5797|1|0|QROCK3X8|QROCK3X8|193.243955371|768|0|1|1|193.243955371|-596|7120|-3360|7056|-3360|1010|1006|1
W|5797|1|2|QROCK3X8|QROCK3X8|193.243955371|768|0|1|1|193.243955371|988|7120|-3360|7056|-3360|1010|1006|1
W|5798|1|0|QROCK3X8|QROCK3X8|257.243955371|768|0|1|1|257.243955371|-596|7056|-3360|7016|-3344|1010|1006|1
W|5798|1|2|QROCK3X8|QROCK3X8|257.243955371|768|0|1|1|257.243955371|988|7056|-3360|7016|-3344|1010|1006|1
W|5782|0|1|QROCK3X8|QROCK3X8|300.325273828|768|0|1|1|300.325273828|72|7016|-3344|7000|-3304|1010|-1|1
W|5801|0|1|QROCK3X8|QROCK3X8|343.406592285|768|0|1|1|343.406592285|72|7000|-3304|7000|-3240|1010|-1|1
W|5800|0|1|QROCK3X8|QROCK3X8|407.406592285|768|0|1|1|407.406592285|72|7000|-3240|7016|-3200|1010|-1|1
W|5764|0|1|QROCK3X8|QROCK3X8|450.487910742|768|0|1|1|450.487910742|72|7016|-3200|7056|-3184|1010|-1|1
W|5819|0|1|QROCK3X8|QROCK3X8|493.5692292|768|0|1|1|493.5692292|72|7056|-3184|7120|-3184|1010|-1|1
W|5820|0|1|QROCK3X8|QROCK3X8|557.5692292|768|0|1|1|557.5692292|72|7120|-3184|7160|-3200|1010|-1|1
W|5795|0|1|QROCK3X8|QROCK3X8|0|768|0|1|1|0|72|6792|-3200|6832|-3184|1005|-1|1
W|5792|0|1|QROCK3X8|QROCK3X8|43.081318457|768|0|1|1|43.081318457|72|6832|-3184|6896|-3184|1005|-1|1
W|5793|0|1|QROCK3X8|QROCK3X8|107.081318457|768|0|1|1|107.081318457|72|6896|-3184|6936|-3200|1005|-1|1
W|5794|0|1|QROCK3X8|QROCK3X8|150.162636914|768|0|1|1|150.162636914|72|6936|-3200|6952|-3240|1005|-1|1
W|5818|0|1|QROCK3X8|QROCK3X8|193.243955371|768|0|1|1|193.243955371|72|6952|-3240|6952|-3304|1005|-1|1
W|5817|0|1|QROCK3X8|QROCK3X8|257.243955371|768|0|1|1|257.243955371|72|6952|-3304|6936|-3344|1005|-1|1
W|5810|1|0|QROCK3X8|QROCK3X8|300.325273828|768|0|1|1|300.325273828|-596|6936|-3344|6896|-3360|1005|1009|1
W|5810|1|2|QROCK3X8|QROCK3X8|300.325273828|768|0|1|1|300.325273828|988|6936|-3344|6896|-3360|1005|1009|1
W|5811|1|0|QROCK3X8|QROCK3X8|343.406592285|768|0|1|1|343.406592285|-596|6896|-3360|6832|-3360|1005|1009|1
W|5811|1|2|QROCK3X8|QROCK3X8|343.406592285|768|0|1|1|343.406592285|988|6896|-3360|6832|-3360|1005|1009|1
W|5812|1|0|QROCK3X8|QROCK3X8|407.406592285|768|0|1|1|407.406592285|-596|6832|-3360|6792|-3344|1005|1009|1
W|5812|1|2|QROCK3X8|QROCK3X8|407.406592285|768|0|1|1|407.406592285|988|6832|-3360|6792|-3344|1005|1009|1
W|5816|0|1|QROCK3X8|QROCK3X8|450.487910742|768|0|1|1|450.487910742|72|6792|-3344|6776|-3304|1005|-1|1
W|5815|0|1|QROCK3X8|QROCK3X8|493.5692292|768|0|1|1|493.5692292|72|6776|-3304|6776|-3240|1005|-1|1
W|5814|0|1|QROCK3X8|QROCK3X8|557.5692292|768|0|1|1|557.5692292|72|6776|-3240|6792|-3200|1005|-1|1
W|320|0|1|TEKWALL4|XA09TEX|8|256|0|1|1|8|0|7824|-4536|7824|-4424|168|-1|1
W|475|0|1|TEKWALL4|XB09TEX|0|256|1|1|1|0|0|7828|-5448|7828|-5560|244|246|1
W|475|1|1|TEKWALL4|XB09TEX|110|256|1|1|1|-18|0|7828|-5560|7828|-5448|246|244|1
W|492|0|1|TEKWALL4|XA09TEX|8|256|0|1|1|8|0|8408|-5648|8296|-5648|172|-1|1
W|502|0|1|TEKWALL4|XB09TEX|0|256|1|1|1|0|0|7828|-4424|7828|-4536|168|155|1
W|502|1|1|TEKWALL4|XB09TEX|110|256|1|1|1|-18|0|7828|-4536|7828|-4424|155|168|1
W|503|0|1|TEKWALL4|XA09TEX|8|256|0|1|1|8|0|7824|-5560|7824|-5448|244|-1|1
W|532|0|1|TEKWALL4|XA09TEX|8|256|0|1|1|8|0|8088|-5648|7976|-5648|245|-1|1
W|539|0|1|TEKWALL4|XA09TEX|64|128|0|1|1|64|0|8568|-4880|8560|-4880|178|-1|1
W|551|0|1|TEKWALL4|XA09TEX|80|128|0|1|1|-48|0|8560|-4816|8568|-4816|178|-1|1
W|720|0|1|TEKWALL4|XB09TEX|0|256|1|1|1|0|0|8296|-5644|8408|-5644|172|169|1
W|720|1|1|TEKWALL4|XB09TEX|25|256|1|1|1|25|0|8408|-5644|8296|-5644|169|172|1
W|836|0|1|TEKWALL4|XB09TEX|0|256|1|1|1|0|0|7976|-5644|8088|-5644|245|603|1
W|836|1|1|TEKWALL4|XB09TEX|25|256|1|1|1|25|0|8088|-5644|7976|-5644|603|245|1
W|2052|0|1|TEKWALL4|XA09TEX|0|128|0|1|1|0|0|10936|-5636|10936|-5632|479|-1|1
W|2054|0|1|TEKWALL4|XA09TEX|4|128|0|1|1|0|0|10936|-5632|10944|-5624|479|-1|1
W|2057|0|0|TEKWALL4|XA09TEX|56|128|0|1|1|-72|0|10936|-5636|10960|-5612|476|479|1
W|2057|0|2|TEKWALL4|XA09TEX|56|128|0|1|1|-72|0|10936|-5636|10960|-5612|476|479|1
W|2143|0|0|TEKWALL4|XA09TEX|89.941125497|128|0|1|1|-38|0|10960|-5612|10992|-5596|476|479|1
W|2143|0|2|TEKWALL4|XA09TEX|89.941125497|128|0|1|1|-38|0|10960|-5612|10992|-5596|476|479|1
W|2071|0|0|TEKWALL4|XA09TEX|125.718213137|128|0|1|1|-2|0|10992|-5596|11024|-5596|476|479|1
W|2071|0|2|TEKWALL4|XA09TEX|125.718213137|128|0|1|1|-2|0|10992|-5596|11024|-5596|476|479|1
W|2051|0|0|TEKWALL4|XA09TEX|157.718213137|128|0|1|1|-98|0|11024|-5596|11056|-5612|476|479|1
W|2051|0|2|TEKWALL4|XA09TEX|157.718213137|128|0|1|1|-98|0|11024|-5596|11056|-5612|476|479|1
W|2128|0|0|TEKWALL4|XA09TEX|193.495300777|128|0|1|1|-62|0|11056|-5612|11080|-5636|476|479|1
W|2128|0|2|TEKWALL4|XA09TEX|193.495300777|128|0|1|1|-62|0|11056|-5612|11080|-5636|476|479|1
W|2147|0|1|TEKWALL4|XA09TEX|227.436426274|128|0|1|1|-28|0|11080|-5636|11080|-5652|476|-1|1
W|2149|0|1|TEKWALL4|XA09TEX|243.436426274|128|0|1|1|-12|0|11080|-5652|11080|-5664|476|-1|1
W|2067|0|1|TEKWALL4|XA09TEX|255.436426274|128|0|1|1|-116|0|11080|-5664|10936|-5664|476|-1|1
W|2069|0|1|TEKWALL4|XA09TEX|399.436426274|128|0|1|1|-100|0|10936|-5664|10936|-5652|476|-1|1
W|2059|0|1|TEKWALL4|XA09TEX|411.436426274|128|0|1|1|-88|0|10936|-5652|10936|-5636|476|-1|1
W|2068|0|1|TEKWALL4|XA09TEX|0|128|0|1|1|0|0|10304|-5624|10312|-5632|309|-1|1
W|2124|0|1|TEKWALL4|XA09TEX|0|128|0|1|1|0|0|11072|-5624|11080|-5632|479|-1|1
W|2144|0|1|TEKWALL4|XA09TEX|44|128|0|1|1|44|0|10168|-5636|10168|-5632|309|-1|1
W|2077|0|1|TEKWALL4|XA09TEX|48|128|0|1|1|48|0|10168|-5632|10176|-5624|309|-1|1
W|2520|0|1|TEKWALL4|XB09TEX|0|256|1|1|1|0|0|8556|-4536|8556|-4424|133|99|1
W|2520|1|1|TEKWALL4|XB09TEX|110|256|1|1|1|-18|0|8556|-4424|8556|-4536|99|133|1
W|2554|0|1|TEKWALL4|XA09TEX|8|256|0|1|1|8|0|8560|-4424|8560|-4536|133|-1|1
W|2565|0|1|TEKWALL4|XA09TEX|8|256|0|1|1|8|0|8560|-5448|8560|-5560|58|-1|1
W|2568|0|1|TEKWALL4|XA09TEX|8|256|0|1|1|8|0|8296|-4336|8408|-4336|572|-1|1
W|2578|0|1|TEKWALL4|XB09TEX|0|256|1|1|1|0|0|8408|-4340|8296|-4340|572|564|1
W|2578|1|1|TEKWALL4|XB09TEX|25|256|1|1|1|25|0|8296|-4340|8408|-4340|564|572|1
W|2599|0|0|TEKWALL4|XA09TEX|44|128|0|1|1|44|0|10168|-5636|10192|-5612|292|309|1
W|2599|0|2|TEKWALL4|XA09TEX|44|128|0|1|1|44|0|10168|-5636|10192|-5612|292|309|1
W|2066|0|0|TEKWALL4|XA09TEX|77.941125497|128|0|1|1|78|0|10192|-5612|10224|-5596|292|309|1
W|2066|0|2|TEKWALL4|XA09TEX|77.941125497|128|0|1|1|78|0|10192|-5612|10224|-5596|292|309|1
W|2073|0|0|TEKWALL4|XA09TEX|113.718213137|128|0|1|1|114|0|10224|-5596|10256|-5596|292|309|1
W|2073|0|2|TEKWALL4|XA09TEX|113.718213137|128|0|1|1|114|0|10224|-5596|10256|-5596|292|309|1
W|2079|0|0|TEKWALL4|XA09TEX|145.718213137|128|0|1|1|18|0|10256|-5596|10288|-5612|292|309|1
W|2079|0|2|TEKWALL4|XA09TEX|145.718213137|128|0|1|1|18|0|10256|-5596|10288|-5612|292|309|1
W|2621|0|0|TEKWALL4|XA09TEX|181.495300777|128|0|1|1|54|0|10288|-5612|10312|-5636|292|309|1
W|2621|0|2|TEKWALL4|XA09TEX|181.495300777|128|0|1|1|54|0|10288|-5612|10312|-5636|292|309|1
W|2135|0|1|TEKWALL4|XA09TEX|215.436426274|128|0|1|1|-28|0|10312|-5636|10312|-5652|292|-1|1
W|2081|0|1|TEKWALL4|XA09TEX|231.436426274|128|0|1|1|-12|0|10312|-5652|10312|-5664|292|-1|1
W|2139|0|1|TEKWALL4|XA09TEX|243.436426274|128|0|1|1|0|0|10312|-5664|10168|-5664|292|-1|1
W|2150|0|1|TEKWALL4|XA09TEX|387.436426274|128|0|1|1|16|0|10168|-5664|10168|-5652|292|-1|1
W|2064|0|1|TEKWALL4|XA09TEX|399.436426274|128|0|1|1|28|0|10168|-5652|10168|-5636|292|-1|1
W|2758|0|1|TEKWALL4|XA09TEX|80|128|0|1|1|-48|0|8560|-5104|8568|-5104|173|-1|1
W|2806|0|1|TEKWALL4|XA09TEX|8|256|0|1|1|8|0|7976|-4336|8088|-4336|563|-1|1
W|2810|0|1|TEKWALL4|XB09TEX|0|256|1|1|1|0|0|8088|-4340|7976|-4340|563|56|1
W|2810|1|1|TEKWALL4|XB09TEX|25|256|1|1|1|25|0|7976|-4340|8088|-4340|56|563|1
W|2819|0|1|TEKWALL4|XB09TEX|0|256|1|1|1|0|0|8556|-5560|8556|-5448|58|84|1
W|2819|1|1|TEKWALL4|XB09TEX|110|256|1|1|1|-18|0|8556|-5448|8556|-5560|84|58|1
W|3171|0|1|TEKWALL4|XA09TEX|112|128|0|1|1|-16|0|3392|-4560|3392|-4544|55|-1|1
W|3353|0|1|TEKWALL4|XA09TEX|128|128|0|1|1|0|0|3392|-4544|3456|-4544|55|-1|1
W|3352|0|1|TEKWALL4|XA09TEX|192|128|0|1|1|64|0|3456|-4544|3456|-4560|55|-1|1
W|3174|1|0|TEKWALL4|XA09TEX|96|128|0|1|1|-32|0|3456|-5408|3456|-5376|51|64|1
W|3175|1|0|TEKWALL4|XA09TEX|128|128|0|1|1|0|0|3456|-5376|3392|-5376|51|64|1
W|3178|1|0|TEKWALL4|XA09TEX|192|128|0|1|1|0|0|3392|-5376|3392|-5408|51|64|1
W|3222|0|1|TEKWALL4|XA09TEX|112|128|0|1|1|-16|0|3456|-5424|3456|-5440|52|-1|1
W|3241|0|1|TEKWALL4|XA09TEX|128|128|0|1|1|0|0|3456|-5440|3392|-5440|52|-1|1
W|3245|0|1|TEKWALL4|XA09TEX|192|128|0|1|1|64|0|3392|-5440|3392|-5424|52|-1|1
W|3259|0|0|TEKWALL4|XA09TEX|96|128|0|1|1|-32|0|3392|-4576|3392|-4608|51|53|1
W|3257|0|0|TEKWALL4|XA09TEX|128|128|0|1|1|0|0|3392|-4608|3456|-4608|51|53|1
W|3256|0|0|TEKWALL4|XA09TEX|192|128|0|1|1|0|0|3456|-4608|3456|-4576|51|53|1
W|3359|1|0|TEKWALL4|XA09TEX|96|128|0|1|1|-32|0|3456|-4768|3456|-4736|62|57|1
W|3360|1|0|TEKWALL4|XA09TEX|128|128|0|1|1|0|0|3456|-4736|3392|-4736|62|57|1
W|3362|1|0|TEKWALL4|XA09TEX|192|128|0|1|1|0|0|3392|-4736|3392|-4768|62|57|1
W|3387|0|1|TEKWALL4|XA09TEX|112|128|0|1|1|-16|0|3456|-4784|3456|-4800|59|-1|1
W|3389|0|1|TEKWALL4|XA09TEX|128|128|0|1|1|0|0|3456|-4800|3392|-4800|59|-1|1
W|3409|0|1|TEKWALL4|XA09TEX|192|128|0|1|1|64|0|3392|-4800|3392|-4784|59|-1|1
W|3422|0|1|TEKWALL4|XA09TEX|112|128|0|1|1|-16|0|3392|-5200|3392|-5184|61|-1|1
W|3490|0|1|TEKWALL4|XA09TEX|128|128|0|1|1|0|0|3392|-5184|3456|-5184|61|-1|1
W|3485|0|1|TEKWALL4|XA09TEX|192|128|0|1|1|64|0|3456|-5184|3456|-5200|61|-1|1
W|3442|0|0|TEKWALL4|XA09TEX|96|128|0|1|1|-32|0|3392|-5216|3392|-5248|62|60|1
W|3441|0|0|TEKWALL4|XA09TEX|128|128|0|1|1|0|0|3392|-5248|3456|-5248|62|60|1
W|3435|0|0|TEKWALL4|XA09TEX|192|128|0|1|1|0|0|3456|-5248|3456|-5216|62|60|1
W|3706|0|1|TEKWALL4|XA09TEX|8|-1024|0|1|1|8|0|5540|-8032|5388|-8032|65|-1|1
W|3714|0|1|TEKWALL4|XB09TEX|0|-1024|1|1|1|0|0|5388|-8028|5540|-8028|65|486|1
W|3714|1|1|TEKWALL4|XB09TEX|25|-1024|1|1|1|25|0|5540|-8028|5388|-8028|486|65|1
W|3733|0|1|TEKWALL4|XB09TEX|0|-1024|1|1|1|0|0|4156|-8028|4308|-8028|648|647|1
W|3733|1|1|TEKWALL4|XB09TEX|25|-1024|1|1|1|25|0|4308|-8028|4156|-8028|647|648|1
W|3741|0|1|TEKWALL4|XA09TEX|8|-1024|0|1|1|8|0|4308|-8032|4156|-8032|648|-1|1
W|3790|1|0|TEKWALL4|XA09TEX|0|-1024|0|1|1|0|0|4856|-8072|4856|-8016|707|1690|1
W|3790|1|2|TEKWALL4|XA09TEX|0|-1024|0|1|1|0|0|4856|-8072|4856|-8016|707|1690|1
W|3794|1|0|TEKWALL4|XA09TEX|56|-1024|0|1|1|0|0|4856|-8016|4840|-8016|707|1690|1
W|3794|1|2|TEKWALL4|XA09TEX|56|-1024|0|1|1|0|0|4856|-8016|4840|-8016|707|1690|1
W|3797|1|0|TEKWALL4|XA09TEX|72|-1024|0|1|1|0|0|4840|-8016|4840|-8072|707|1690|1
W|3797|1|2|TEKWALL4|XA09TEX|72|-1024|0|1|1|0|0|4840|-8016|4840|-8072|707|1690|1
W|3791|0|2|TEKWALL4|XA09TEX|0|-1024|0|1|1|0|0|4840|-8152|4856|-8152|1692|1685|1
W|3793|0|2|TEKWALL4|XA09TEX|0|-1152|0|1|1|0|0|4856|-8072|4840|-8072|1690|1685|1
W|3795|1|0|TEKWALL4|XA09TEX|0|-1024|0|1|1|0|0|4808|-8104|4752|-8104|707|1689|1
W|3795|1|2|TEKWALL4|XA09TEX|0|-1024|0|1|1|0|0|4808|-8104|4752|-8104|707|1689|1
W|3798|1|0|TEKWALL4|XA09TEX|56|-1024|0|1|1|0|0|4752|-8104|4752|-8120|707|1689|1
W|3798|1|2|TEKWALL4|XA09TEX|56|-1024|0|1|1|0|0|4752|-8104|4752|-8120|707|1689|1
W|3801|1|0|TEKWALL4|XA09TEX|72|-1024|0|1|1|0|0|4752|-8120|4808|-8120|707|1689|1
W|3801|1|2|TEKWALL4|XA09TEX|72|-1024|0|1|1|0|0|4752|-8120|4808|-8120|707|1689|1
W|3796|0|0|TEKWALL4|XA09TEX|0|-1024|0|1|1|0|0|4808|-8104|4808|-8120|1689|1685|1
W|3796|0|2|TEKWALL4|XA09TEX|0|-1024|0|1|1|0|0|4808|-8104|4808|-8120|1689|1685|1
W|3802|0|0|TEKWALL4|XA09TEX|0|-1024|0|1|1|0|0|4808|-8120|4808|-8144|707|1685|1
W|3802|0|2|TEKWALL4|XA09TEX|0|-1024|0|1|1|0|0|4808|-8120|4808|-8144|707|1685|1
W|3814|0|0|TEKWALL4|XA09TEX|24|-1024|0|1|1|0|0|4808|-8144|4816|-8152|707|1685|1
W|3814|0|2|TEKWALL4|XA09TEX|24|-1024|0|1|1|0|0|4808|-8144|4816|-8152|707|1685|1
W|3815|0|0|TEKWALL4|XA09TEX|35.313708499|-1024|0|1|1|0|0|4816|-8152|4840|-8152|707|1685|1
W|3815|0|2|TEKWALL4|XA09TEX|35.313708499|-1024|0|1|1|0|0|4816|-8152|4840|-8152|707|1685|1
W|3786|0|0|TEKWALL4|XA09TEX|59.313708499|-1024|0|1|1|0|0|4840|-8152|4840|-8208|707|1692|1
W|3786|0|2|TEKWALL4|XA09TEX|59.313708499|-1024|0|1|1|0|0|4840|-8152|4840|-8208|707|1692|1
W|3894|1|0|TEKWALL4|XA09TEX|115.313708499|-1024|0|1|1|0|0|4840|-8208|4856|-8208|707|1692|1
W|3894|1|2|TEKWALL4|XA09TEX|115.313708499|-1024|0|1|1|0|0|4840|-8208|4856|-8208|707|1692|1
W|3732|0|0|TEKWALL4|XA09TEX|131.313708499|-1024|0|1|1|0|0|4856|-8208|4856|-8152|707|1692|1
W|3732|0|2|TEKWALL4|XA09TEX|131.313708499|-1024|0|1|1|0|0|4856|-8208|4856|-8152|707|1692|1
W|3743|0|0|TEKWALL4|XA09TEX|187.313708499|-1024|0|1|1|0|0|4856|-8152|4880|-8152|707|1685|1
W|3743|0|2|TEKWALL4|XA09TEX|187.313708499|-1024|0|1|1|0|0|4856|-8152|4880|-8152|707|1685|1
W|3844|0|0|TEKWALL4|XA09TEX|211.313708499|-1024|0|1|1|0|0|4880|-8152|4888|-8144|707|1685|1
W|3844|0|2|TEKWALL4|XA09TEX|211.313708499|-1024|0|1|1|0|0|4880|-8152|4888|-8144|707|1685|1
W|3816|0|0|TEKWALL4|XA09TEX|222.627416998|-1024|0|1|1|0|0|4888|-8144|4888|-8120|707|1685|1
W|3816|0|2|TEKWALL4|XA09TEX|222.627416998|-1024|0|1|1|0|0|4888|-8144|4888|-8120|707|1685|1
W|3792|1|0|TEKWALL4|XA09TEX|246.627416998|-1024|0|1|1|0|0|4888|-8120|4944|-8120|707|1691|1
W|3792|1|2|TEKWALL4|XA09TEX|246.627416998|-1024|0|1|1|0|0|4888|-8120|4944|-8120|707|1691|1
W|3787|1|0|TEKWALL4|XA09TEX|302.627416998|-1024|0|1|1|0|0|4944|-8120|4944|-8104|707|1691|1
W|3787|1|2|TEKWALL4|XA09TEX|302.627416998|-1024|0|1|1|0|0|4944|-8120|4944|-8104|707|1691|1
W|3788|1|0|TEKWALL4|XA09TEX|318.627416998|-1024|0|1|1|0|0|4944|-8104|4888|-8104|707|1691|1
W|3788|1|2|TEKWALL4|XA09TEX|318.627416998|-1024|0|1|1|0|0|4944|-8104|4888|-8104|707|1691|1
W|3789|0|0|TEKWALL4|XA09TEX|374.627416998|-1024|0|1|1|0|0|4888|-8104|4888|-8080|707|1685|1
W|3789|0|2|TEKWALL4|XA09TEX|374.627416998|-1024|0|1|1|0|0|4888|-8104|4888|-8080|707|1685|1
W|3820|0|0|TEKWALL4|XA09TEX|398.627416998|-1024|0|1|1|0|0|4888|-8080|4880|-8072|707|1685|1
W|3820|0|2|TEKWALL4|XA09TEX|398.627416998|-1024|0|1|1|0|0|4888|-8080|4880|-8072|707|1685|1
W|3821|0|0|TEKWALL4|XA09TEX|409.941125497|-1024|0|1|1|0|0|4880|-8072|4856|-8072|707|1685|1
W|3821|0|2|TEKWALL4|XA09TEX|409.941125497|-1024|0|1|1|0|0|4880|-8072|4856|-8072|707|1685|1
W|3842|0|0|TEKWALL4|XA09TEX|0|-1024|0|1|1|0|0|4840|-8072|4816|-8072|707|1685|1
W|3842|0|2|TEKWALL4|XA09TEX|0|-1024|0|1|1|0|0|4840|-8072|4816|-8072|707|1685|1
W|3845|0|0|TEKWALL4|XA09TEX|24|-1024|0|1|1|0|0|4816|-8072|4808|-8080|707|1685|1
W|3819|0|0|TEKWALL4|XA09TEX|35.313708499|-1024|0|1|1|0|0|4808|-8080|4808|-8104|707|1685|1
W|3819|0|2|TEKWALL4|XA09TEX|35.313708499|-1024|0|1|1|0|0|4808|-8080|4808|-8104|707|1685|1
W|3872|0|0|TEKWALL4|XA09TEX|0|-1024|0|1|1|0|0|4888|-8120|4888|-8104|1691|1685|1
W|3872|0|2|TEKWALL4|XA09TEX|0|-1024|0|1|1|0|0|4888|-8120|4888|-8104|1691|1685|1
W|4366|0|1|TEKWALL4|XA09TEX|64|128|0|1|1|64|0|8568|-5168|8560|-5168|173|-1|1
W|8400|0|1|TEKWALL4|XA09TEX|8|-1024|0|1|1|8|0|4568|-7840|4456|-7840|1620|-1|1
W|8408|0|1|TEKWALL4|XB09TEX|0|-1024|1|1|1|0|0|4456|-7836|4568|-7836|1620|1621|1
W|8408|1|1|TEKWALL4|XB09TEX|25|-1024|1|1|1|25|0|4568|-7836|4456|-7836|1621|1620|1
W|8413|0|1|TEKWALL4|XA09TEX|8|-1024|0|1|1|8|0|5240|-7840|5128|-7840|1623|-1|1
W|8421|0|1|TEKWALL4|XB09TEX|0|-1024|1|1|1|0|0|5128|-7836|5240|-7836|1623|1624|1
W|8421|1|1|TEKWALL4|XB09TEX|25|-1024|1|1|1|25|0|5240|-7836|5128|-7836|1624|1623|1
W|2622|1|0|TEKWALL4|XA09TEX|54|256|0|1|1|54|0|10592|-3552|10656|-3552|142|445|1
W|1962|1|0|TEKWALL4|XA09TEX|118|256|0|1|1|118|0|10656|-3552|10720|-3488|142|448|1
W|2367|1|0|TEKWALL4|XA09TEX|208.509667992|256|0|1|1|81|0|10720|-3488|10720|-3424|142|214|1
W|1996|1|0|TEKWALL4|XA09TEX|272.509667992|256|0|1|1|-91|0|10720|-3424|10656|-3360|142|449|1
W|2529|1|0|TEKWALL4|XA09TEX|363.019335984|256|0|1|1|0|0|10656|-3360|10592|-3360|142|450|1
W|2009|1|0|TEKWALL4|XA09TEX|427.019335984|256|0|1|1|64|0|10592|-3360|10528|-3424|142|44|1
W|1967|1|0|TEKWALL4|XA09TEX|5.529003976|256|0|1|1|27|0|10528|-3424|10528|-3488|142|335|1
W|2540|1|0|TEKWALL4|XA09TEX|69.529003976|256|0|1|1|91|0|10528|-3488|10592|-3552|142|353|1
