H|6724|13940|27044|7422|3450
F|0|0|QFLAT07|XA04TEX|0|0|0|0
F|1|0|QFLAT07|XA04TEX|0|0|0|0
F|2|0|ADEL_F48|XA18TEX|0|0|0|0
F|2|1|ADEL_F48|XA18TEX|0|0|0|0
F|3|0|QFLAT07|XA04TEX|0|0|0|0
F|4|0|QFLAT07|XA04TEX|0|0|0|0
F|5|0|QFLAT07|XA04TEX|0|0|0|0
F|6|0|QFLAT07|XA04TEX|0|0|0|0
F|7|0|QFLAT07|XA04TEX|0|0|0|0
F|8|0|QFLAT07|XA04TEX|0|0|0|0
F|9|0|QFLAT07|XA04TEX|0|0|0|0
F|10|0|ADEL_F48|XA18TEX|0|0|0|0
F|11|0|ADEL_F48|XA18TEX|0|0|0|0
F|12|0|ADEL_F48|XA18TEX|0|0|0|0
F|13|0|ADEL_F48|XA18TEX|0|0|0|0
F|14|0|ADEL_F48|XA18TEX|0|0|0|0
F|15|0|ADEL_F48|XA18TEX|0|0|0|0
F|16|0|ADEL_F48|XA18TEX|0|0|0|0
F|17|0|ADEL_F48|XA18TEX|0|0|0|0
F|18|0|ADEL_F48|XA18TEX|0|0|0|0
F|19|0|ADEL_F48|XA18TEX|0|0|0|0
F|20|0|ADEL_F48|XA18TEX|0|0|0|0
F|21|0|ADEL_F48|XA18TEX|0|0|0|0
F|22|0|ADEL_F48|XA18TEX|0|0|0|0
F|23|0|ADEL_F48|XA18TEX|0|0|0|0
F|24|0|ADEL_F48|XA18TEX|0|0|0|0
F|25|0|ADEL_F48|XA18TEX|0|0|0|0
F|26|0|ADEL_F48|XA18TEX|0|0|0|0
F|27|0|ADEL_F48|XA18TEX|0|0|0|0
F|28|0|ADEL_F48|XA18TEX|0|0|0|0
F|29|0|ADEL_F48|XA18TEX|0|0|0|0
F|30|0|ADEL_F48|XA18TEX|0|0|0|0
F|31|0|ADEL_F48|XA18TEX|0|0|0|0
F|32|0|ADEL_F48|XA18TEX|0|0|0|0
F|33|0|ADEL_F48|XA18TEX|0|0|0|0
F|34|0|ADEL_F48|XA18TEX|0|0|0|0
F|35|0|ADEL_F48|XA18TEX|0|0|0|0
F|36|0|ADEL_F48|XA18TEX|0|0|0|0
F|37|0|ADEL_F48|XA18TEX|0|0|0|0
F|38|0|ADEL_F48|XA18TEX|0|0|0|0
F|39|0|ADEL_F48|XA18TEX|0|0|0|0
F|40|0|ADEL_F48|XA18TEX|0|0|0|0
F|41|0|ADEL_F48|XA18TEX|0|0|0|0
F|42|0|ADEL_F48|XA18TEX|0|0|0|0
F|43|0|ADEL_F48|XA18TEX|0|0|0|0
F|44|0|ADEL_F48|XA18TEX|0|0|0|0
F|45|0|ADEL_F48|XA18TEX|0|0|0|0
F|46|0|ADEL_F48|XA18TEX|0|0|0|0
F|47|0|ADEL_F48|XA18TEX|0|0|0|0
F|48|0|ADEL_F48|XA18TEX|0|0|0|0
F|49|0|ADEL_F48|XA18TEX|0|0|0|0
F|50|0|ADEL_F48|XA18TEX|0|0|0|0
F|51|0|ADEL_F48|XA18TEX|0|0|0|0
F|52|0|ADEL_F48|XA18TEX|0|0|0|0
F|53|0|ADEL_F48|XA18TEX|0|0|0|0
F|54|0|ADEL_F48|XA18TEX|0|0|0|0
F|55|0|ADEL_F48|XA18TEX|0|0|0|0
F|56|0|ADEL_F48|XA18TEX|0|0|0|0
F|57|0|ADEL_F48|XA18TEX|0|0|0|0
F|58|0|ADEL_F48|XA18TEX|0|0|0|0
F|59|0|ADEL_F48|XA18TEX|0|0|0|0
F|60|0|ADEL_F48|XA18TEX|0|0|0|0
F|61|0|ADEL_F48|XA18TEX|0|0|0|0
F|62|0|ADEL_F48|XA18TEX|0|0|0|0
F|63|0|ADEL_F48|XA18TEX|0|0|0|0
F|64|0|ADEL_F48|XA18TEX|0|0|0|0
F|65|0|ADEL_F48|XA18TEX|0|0|0|0
F|66|0|ADEL_F48|XA18TEX|0|0|0|0
F|67|0|ADEL_F48|XA18TEX|0|0|0|0
F|68|0|ADEL_F48|XA18TEX|0|0|0|0
F|69|0|ADEL_F48|XA18TEX|0|0|0|0
F|70|0|ADEL_F48|XA18TEX|0|0|0|0
F|71|0|ADEL_F48|XA18TEX|0|0|0|0
F|72|0|ADEL_F48|XA18TEX|0|0|0|0
F|73|0|ADEL_F48|XA18TEX|0|0|0|0
F|74|0|ADEL_F48|XA18TEX|0|0|0|0
F|75|0|ADEL_F48|XA18TEX|0|0|0|0
F|76|0|ADEL_F48|XA18TEX|0|0|0|0
F|77|0|ADEL_F48|XA18TEX|0|0|0|0
F|78|0|ADEL_F48|XA18TEX|0|0|0|0
F|79|0|ADEL_F48|XA18TEX|0|0|0|0
F|80|0|ADEL_F48|XA18TEX|0|0|0|0
F|81|0|ADEL_F48|XA18TEX|0|0|0|0
F|82|0|ADEL_F48|XA18TEX|0|0|0|0
F|83|0|ADEL_F48|XA18TEX|0|0|0|0
F|84|0|ADEL_F48|XA18TEX|0|0|0|0
F|85|0|ADEL_F48|XA18TEX|0|0|0|0
F|86|0|ADEL_F48|XA18TEX|0|0|0|0
F|87|0|ADEL_F48|XA18TEX|0|0|0|0
F|88|0|ADEL_F48|XA18TEX|0|0|0|0
F|89|0|ADEL_F48|XA18TEX|0|0|0|0
F|90|0|ADEL_F48|XA18TEX|0|0|0|0
F|91|0|ADEL_F48|XA18TEX|0|0|0|0
F|92|0|ADEL_F48|XA18TEX|0|0|0|0
F|93|0|ADEL_F48|XA18TEX|0|0|0|0
F|94|0|ADEL_F48|XA18TEX|0|0|0|0
F|95|0|ADEL_F48|XA18TEX|0|0|0|0
F|96|0|QFLAT07|XA04TEX|0|0|0|0
F|97|0|QFLAT04|XA25TEX|0|0|0|0
F|98|0|QFLAT07|XA04TEX|0|0|0|0
F|99|0|QFLAT07|XA04TEX|0|0|0|0
F|105|0|ADEL_F48|XA18TEX|0|0|0|0
F|108|0|QFLAT07|XA04TEX|0|0|0|0
F|109|0|ADEL_F48|XA18TEX|0|0|0|0
F|110|0|ADEL_F48|XA18TEX|0|0|0|0
F|112|0|ADEL_F48|XA18TEX|0|0|0|0
F|113|0|ADEL_F48|XA18TEX|0|0|0|0
F|114|0|ADEL_F48|XA18TEX|0|0|0|0
F|115|0|ADEL_F48|XA18TEX|0|0|0|0
F|116|0|ADEL_F48|XA18TEX|0|0|0|0
F|117|0|ADEL_F48|XA18TEX|0|0|0|0
F|118|0|ADEL_F48|XA18TEX|0|0|0|0
F|119|0|ADEL_F48|XA18TEX|0|0|0|0
F|120|0|ADEL_F48|XA18TEX|0|0|0|0
F|121|0|ADEL_F48|XA18TEX|0|0|0|0
F|122|0|ADEL_F48|XA18TEX|0|0|0|0
F|123|0|ADEL_F48|XA18TEX|0|0|0|0
F|124|0|ADEL_F48|XA18TEX|0|0|0|0
F|125|0|ADEL_F48|XA18TEX|0|0|0|0
F|126|0|ADEL_F48|XA18TEX|0|0|0|0
F|127|0|ADEL_F48|XA18TEX|0|0|0|0
F|128|0|ADEL_F48|XA18TEX|0|0|0|0
F|129|0|ADEL_F48|XA18TEX|0|0|0|0
F|130|0|ADEL_F48|XA18TEX|0|0|0|0
F|134|0|ADEL_F48|XA18TEX|0|0|0|0
F|135|0|ADEL_F48|XA18TEX|0|0|0|0
F|136|0|ADEL_F48|XA18TEX|0|0|0|0
F|137|0|ADEL_F48|XA18TEX|0|0|0|0
F|138|0|ADEL_F48|XA18TEX|0|0|0|0
F|139|0|ADEL_F48|XA18TEX|0|0|0|0
F|140|0|ADEL_F48|XA18TEX|0|0|0|0
F|141|0|ADEL_F48|XA18TEX|0|0|0|0
F|142|0|ADEL_F48|XA18TEX|0|0|0|0
F|143|0|ADEL_F48|XA18TEX|0|0|0|0
F|144|0|ADEL_F48|XA18TEX|0|0|0|0
F|145|0|ADEL_F48|XA18TEX|0|0|0|0
F|146|0|ADEL_F48|XA18TEX|0|0|0|0
F|147|0|ADEL_F48|XA18TEX|0|0|0|0
F|148|0|ADEL_F48|XA18TEX|0|0|0|0
F|149|0|ADEL_F48|XA18TEX|0|0|0|0
F|150|0|ADEL_F48|XA18TEX|0|0|0|0
F|151|0|ADEL_F48|XA18TEX|0|0|0|0
F|152|0|ADEL_F48|XA18TEX|0|0|0|0
F|153|0|ADEL_F48|XA18TEX|0|0|0|0
F|154|0|ADEL_F48|XA18TEX|0|0|0|0
F|155|0|ADEL_F48|XA18TEX|0|0|0|0
F|156|0|ADEL_F48|XA18TEX|0|0|0|0
F|157|0|ADEL_F48|XA18TEX|0|0|0|0
F|158|0|ADEL_F48|XA18TEX|0|0|0|0
F|159|0|ADEL_F48|XA18TEX|0|0|0|0
F|160|0|ADEL_F48|XA18TEX|0|0|0|0
F|161|0|ADEL_F48|XA18TEX|0|0|0|0
F|162|0|ADEL_F48|XA18TEX|0|0|0|0
F|163|0|ADEL_F48|XA18TEX|0|0|0|0
F|164|0|ADEL_F48|XA18TEX|0|0|0|0
F|165|0|ADEL_F48|XA18TEX|0|0|0|0
F|166|0|ADEL_F48|XA18TEX|0|0|0|0
F|167|0|ADEL_F48|XA18TEX|0|0|0|0
F|168|0|ADEL_F48|XA18TEX|0|0|0|0
F|169|0|ADEL_F48|XA18TEX|0|0|0|0
F|170|0|ADEL_F48|XA18TEX|0|0|0|0
F|171|0|ADEL_F48|XA18TEX|0|0|0|0
F|172|0|ADEL_F48|XA18TEX|0|0|0|0
F|173|0|ADEL_F48|XA18TEX|0|0|0|0
F|174|0|ADEL_F48|XA18TEX|0|0|0|0
F|175|0|ADEL_F48|XA18TEX|0|0|0|0
F|176|0|ADEL_F48|XA18TEX|0|0|0|0
F|177|0|ADEL_F48|XA18TEX|0|0|0|0
F|178|0|ADEL_F48|XA18TEX|0|0|0|0
F|179|0|ADEL_F48|XA18TEX|0|0|0|0
F|180|0|ADEL_F48|XA18TEX|0|0|0|0
F|181|0|ADEL_F48|XA18TEX|0|0|0|0
F|182|0|ADEL_F48|XA18TEX|0|0|0|0
F|183|0|ADEL_F48|XA18TEX|0|0|0|0
F|184|0|ADEL_F48|XA18TEX|0|0|0|0
F|185|0|ADEL_F48|XA18TEX|0|0|0|0
F|186|0|ADEL_F48|XA18TEX|0|0|0|0
F|187|0|ADEL_F48|XA18TEX|0|0|0|0
F|188|0|ADEL_F48|XA18TEX|0|0|0|0
F|189|0|ADEL_F48|XA18TEX|0|0|0|0
F|190|0|ADEL_F48|XA18TEX|0|0|0|0
F|191|0|ADEL_F48|XA18TEX|0|0|0|0
F|192|0|ADEL_F48|XA18TEX|0|0|0|0
F|193|0|ADEL_F48|XA18TEX|0|0|0|0
F|194|0|ADEL_F48|XA18TEX|0|0|0|0
F|195|0|ADEL_F48|XA18TEX|0|0|0|0
F|196|0|ADEL_F48|XA18TEX|0|0|0|0
F|197|0|ADEL_F48|XA18TEX|0|0|0|0
F|198|0|ADEL_F48|XA18TEX|0|0|0|0
F|199|0|ADEL_F48|XA18TEX|0|0|0|0
F|200|0|ADEL_F48|XA18TEX|0|0|0|0
F|201|0|ADEL_F48|XA18TEX|0|0|0|0
F|202|0|ADEL_F48|XA18TEX|0|0|0|0
F|203|0|ADEL_F48|XA18TEX|0|0|0|0
F|204|0|ADEL_F48|XA18TEX|0|0|0|0
F|205|0|ADEL_F48|XA18TEX|0|0|0|0
F|206|0|ADEL_F48|XA18TEX|0|0|0|0
F|207|0|ADEL_F48|XA18TEX|0|0|0|0
F|208|0|ADEL_F48|XA18TEX|0|0|0|0
F|209|0|ADEL_F48|XA18TEX|0|0|0|0
F|210|0|ADEL_F48|XA18TEX|0|0|0|0
F|211|0|ADEL_F48|XA18TEX|0|0|0|0
F|212|0|ADEL_F48|XA18TEX|0|0|0|0
F|213|0|ADEL_F48|XA18TEX|0|0|0|0
F|214|0|ADEL_F48|XA18TEX|0|0|0|0
F|215|0|ADEL_F48|XA18TEX|0|0|0|0
F|216|0|ADEL_F48|XA18TEX|0|0|0|0
F|217|0|ADEL_F48|XA18TEX|0|0|0|0
F|218|0|ADEL_F48|XA18TEX|0|0|0|0
F|219|0|ADEL_F48|XA18TEX|0|0|0|0
F|220|0|ADEL_F48|XA18TEX|0|0|0|0
F|221|0|ADEL_F48|XA18TEX|0|0|0|0
F|222|0|ADEL_F48|XA18TEX|0|0|0|0
F|223|0|ADEL_F48|XA18TEX|0|0|0|0
F|224|0|ADEL_F48|XA18TEX|0|0|0|0
F|225|0|ADEL_F48|XA18TEX|0|0|0|0
F|226|0|ADEL_F48|XA18TEX|0|0|0|0
F|227|0|ADEL_F48|XA18TEX|0|0|0|0
F|228|0|ADEL_F48|XA18TEX|0|0|0|0
F|230|0|ADEL_F48|XA18TEX|0|0|0|0
F|231|0|ADEL_F48|XA18TEX|0|0|0|0
F|232|0|ADEL_F48|XA18TEX|0|0|0|0
F|233|0|ADEL_F48|XA18TEX|0|0|0|0
F|234|0|ADEL_F48|XA18TEX|0|0|0|0
F|235|0|ADEL_F48|XA18TEX|0|0|0|0
F|236|0|ADEL_F48|XA18TEX|0|0|0|0
F|237|0|ADEL_F48|XA18TEX|0|0|0|0
F|238|0|ADEL_F48|XA18TEX|0|0|0|0
F|239|0|ADEL_F48|XA18TEX|0|0|0|0
F|240|0|ADEL_F48|XA18TEX|0|0|0|0
F|241|0|ADEL_F48|XA18TEX|0|0|0|0
F|242|0|ADEL_F48|XA18TEX|0|0|0|0
F|243|0|ADEL_F48|XA18TEX|0|0|0|0
F|244|0|ADEL_F48|XA18TEX|0|0|0|0
F|245|0|ADEL_F48|XA18TEX|0|0|0|0
F|246|0|ADEL_F48|XA18TEX|0|0|0|0
F|247|0|ADEL_F48|XA18TEX|0|0|0|0
F|248|0|ADEL_F48|XA18TEX|0|0|0|0
F|249|0|ADEL_F48|XA18TEX|0|0|0|0
F|250|0|ADEL_F48|XA18TEX|0|0|0|0
F|251|0|ADEL_F48|XA18TEX|0|0|0|0
F|252|0|ADEL_F48|XA18TEX|0|0|0|0
F|253|0|ADEL_F48|XA18TEX|0|0|0|0
F|254|0|ADEL_F48|XA18TEX|0|0|0|0
F|255|0|ADEL_F48|XA18TEX|0|0|0|0
F|256|0|ADEL_F48|XA18TEX|0|0|0|0
F|257|0|ADEL_F48|XA18TEX|0|0|0|0
F|258|0|ADEL_F48|XA18TEX|0|0|0|0
F|259|0|ADEL_F48|XA18TEX|0|0|0|0
F|260|0|ADEL_F48|XA18TEX|0|0|0|0
F|261|0|ADEL_F48|XA18TEX|0|0|0|0
F|262|0|ADEL_F48|XA18TEX|0|0|0|0
F|263|0|QFLAT07|XA04TEX|0|0|0|0
F|264|0|ADEL_F48|XA18TEX|0|0|0|0
F|265|0|ADEL_F48|XA18TEX|0|0|0|0
F|267|0|QFLAT07|XA04TEX|0|0|0|0
F|268|0|QFLAT07|XA04TEX|0|0|0|0
F|269|0|QFLAT07|XA04TEX|0|0|0|0
F|270|0|QFLAT07|XA04TEX|0|0|0|0
F|271|0|QFLAT07|XA04TEX|0|0|0|0
F|272|0|QFLAT07|XA04TEX|0|0|0|0
F|273|0|QFLAT07|XA04TEX|0|0|0|0
F|274|0|QFLAT07|XA04TEX|0|0|0|0
F|275|0|ADEL_F48|XA18TEX|0|0|0|0
F|276|0|ADEL_F48|XA18TEX|0|0|0|0
F|277|0|ADEL_F48|XA18TEX|0|0|0|0
F|278|0|ADEL_F48|XA18TEX|0|0|0|0
F|279|0|ADEL_F48|XA18TEX|0|0|0|0
F|280|0|ADEL_F48|XA18TEX|0|0|0|0
F|281|0|QFLAT07|XA04TEX|0|0|0|0
F|282|0|ADEL_F48|XA18TEX|0|0|0|0
F|283|0|ADEL_F48|XA18TEX|0|0|0|0
F|284|0|QFLAT07|XA04TEX|0|0|0|0
F|286|0|QFLAT07|XA04TEX|0|0|0|0
F|301|0|QFLAT07|XA04TEX|0|0|0|0
F|302|0|QFLAT07|XA04TEX|0|0|0|0
F|303|0|ADEL_F48|XA18TEX|0|0|0|0
F|305|0|QFLAT07|XA04TEX|0|0|0|0
F|305|1|QFLAT07|XA04TEX|0|0|0|0
F|306|0|QFLAT07|XA04TEX|0|0|0|0
F|306|1|QFLAT07|XA04TEX|0|0|0|0
F|307|0|QFLAT07|XA04TEX|0|0|0|0
F|307|1|QFLAT07|XA04TEX|0|0|0|0
F|313|0|QFLAT04|XA25TEX|0|0|0|0
F|318|0|QFLAT07|XA04TEX|0|0|0|0
F|319|0|QFLAT07|XA04TEX|0|0|0|0
F|320|0|QFLAT07|XA04TEX|0|0|0|0
F|323|0|QFLAT07|XA04TEX|0|0|0|0
F|335|0|QFLAT04|XA25TEX|0|0|0|0
F|336|0|QFLAT04|XA25TEX|0|0|0|0
F|336|1|QFLAT07|XA04TEX|0|0|0|0
F|354|0|ADEL_F48|XA18TEX|0|0|0|0
F|355|0|ADEL_F48|XA18TEX|0|0|0|0
F|356|0|ADEL_F48|XA18TEX|0|0|0|0
F|357|0|ADEL_F48|XA18TEX|0|0|0|0
F|359|0|QFLAT07|XA04TEX|0|0|0|0
F|360|0|QFLAT07|XA04TEX|0|0|0|0
F|361|0|QFLAT07|XA04TEX|0|0|0|0
F|362|0|QFLAT07|XA04TEX|0|0|0|0
F|363|0|QFLAT07|XA04TEX|0|0|0|0
F|364|0|QFLAT07|XA04TEX|0|0|0|0
F|366|0|ADEL_F48|XA18TEX|0|0|0|0
F|367|0|ADEL_F48|XA18TEX|0|0|0|0
F|368|0|ADEL_F48|XA18TEX|0|0|0|0
F|370|0|QFLAT07|XA04TEX|0|0|0|0
F|371|0|QFLAT07|XA04TEX|0|0|0|0
F|372|0|QFLAT07|XA04TEX|0|0|0|0
F|373|0|QFLAT07|XA04TEX|0|0|0|0
F|374|0|QFLAT07|XA04TEX|0|0|0|0
F|375|0|QFLAT07|XA04TEX|0|0|0|0
F|376|0|QFLAT07|XA04TEX|0|0|0|0
F|385|0|ADEL_F48|XA18TEX|0|0|0|0
F|386|0|ADEL_F48|XA18TEX|0|0|0|0
F|388|0|ADEL_F48|XA18TEX|0|0|0|0
F|417|0|QFLAT07|XA04TEX|0|0|0|0
F|434|0|QFLAT07|XA04TEX|0|0|0|0
F|434|1|QFLAT07|XA04TEX|0|0|0|0
F|435|0|QFLAT07|XA04TEX|0|0|0|0
F|436|0|QFLAT07|XA04TEX|0|0|0|0
F|438|0|ADEL_F48|XA18TEX|0|0|0|0
F|439|0|ADEL_F48|XA18TEX|0|0|0|0
F|440|0|ADEL_F48|XA18TEX|0|0|0|0
F|441|0|ADEL_F48|XA18TEX|0|0|0|0
F|442|0|ADEL_F48|XA18TEX|0|0|0|0
F|443|0|QFLAT07|XA04TEX|0|0|0|0
F|444|0|QFLAT07|XA04TEX|0|0|0|0
F|445|0|QFLAT04|XA25TEX|0|0|0|0
F|446|0|QFLAT07|XA04TEX|0|0|0|0
F|447|0|QFLAT07|XA04TEX|0|0|0|0
F|447|1|QFLAT07|XA04TEX|0|0|0|0
F|448|0|QFLAT07|XA04TEX|0|0|0|0
F|448|1|QFLAT07|XA04TEX|0|0|0|0
F|449|0|QFLAT07|XA04TEX|0|0|0|0
F|449|1|QFLAT07|XA04TEX|0|0|0|0
F|450|0|QFLAT07|XA04TEX|0|0|0|0
F|450|1|QFLAT07|XA04TEX|0|0|0|0
F|451|0|ADEL_F48|XA18TEX|0|0|0|0
F|468|0|ADEL_F48|XA18TEX|0|0|0|0
F|469|0|ADEL_F48|XA18TEX|0|0|0|0
F|470|0|QFLAT07|XA04TEX|0|0|0|0
F|471|0|QFLAT04|XA25TEX|0|0|0|0
F|471|1|QFLAT07|XA04TEX|0|0|0|0
F|472|0|QFLAT07|XA04TEX|0|0|0|0
F|472|1|QFLAT07|XA04TEX|0|0|0|0
F|474|0|ADEL_F48|XA18TEX|0|0|0|0
F|474|1|ADEL_F48|XA18TEX|0|0|0|0
F|477|0|ADEL_F48|XA18TEX|0|0|0|0
F|481|0|ADEL_F48|XA18TEX|0|0|0|0
F|482|0|ADEL_F48|XA18TEX|0|0|0|0
F|483|0|ADEL_F48|XA18TEX|0|0|0|0
F|484|0|ADEL_F48|XA18TEX|0|0|0|0
F|485|0|ADEL_F48|XA18TEX|0|0|0|0
F|486|0|ADEL_F48|XA18TEX|0|0|0|0
F|487|0|ADEL_F48|XA18TEX|0|0|0|0
F|488|0|ADEL_F48|XA18TEX|0|0|0|0
F|489|0|QFLAT07|XA04TEX|0|0|0|0
F|491|0|ADEL_F48|XA18TEX|0|0|0|0
F|493|0|QFLAT07|XA04TEX|0|0|0|0
F|509|0|QROCK4|QROCK4X8|0|0|0|0
F|510|0|QROCK4|QROCK4X8|0|0|0|0
F|511|0|QROCK4|QROCK4X8|0|0|0|0
F|512|0|QROCK4|QROCK4X8|0|0|0|0
F|513|0|QROCK4|QROCK4X8|0|0|0|0
F|514|0|QROCK4|QROCK4X8|0|0|0|0
F|515|0|QROCK4|QROCK4X8|0|0|0|0
F|516|0|QFLAT04|XA25TEX|0|0|0|0
F|516|1|QFLAT07|XA04TEX|0|0|0|0
F|517|0|QFLAT04|XA25TEX|0|0|0|0
F|517|1|QFLAT07|XA04TEX|0|0|0|0
F|518|0|QFLAT04|XA25TEX|0|0|0|0
F|518|1|QFLAT07|XA04TEX|0|0|0|0
F|519|0|QFLAT04|XA25TEX|0|0|0|0
F|519|1|QFLAT07|XA04TEX|0|0|0|0
F|520|0|QFLAT04|XA25TEX|0|0|0|0
F|520|1|QFLAT07|XA04TEX|0|0|0|0
F|521|0|ADEL_F48|XA18TEX|0|0|0|0
F|521|1|ADEL_F48|XA18TEX|0|0|0|0
F|522|0|ADEL_F48|XA18TEX|0|0|0|0
F|522|1|ADEL_F48|XA18TEX|0|0|0|0
F|523|0|ADEL_F48|XA18TEX|0|0|0|0
F|523|1|ADEL_F48|XA18TEX|0|0|0|0
F|524|0|ADEL_F48|XA18TEX|0|0|0|0
F|524|1|ADEL_F48|XA18TEX|0|0|0|0
F|525|0|ADEL_F48|XA18TEX|0|0|0|0
F|525|1|ADEL_F48|XA18TEX|0|0|0|0
F|526|0|ADEL_F48|XA18TEX|0|0|0|0
F|526|1|ADEL_F48|XA18TEX|0|0|0|0
F|527|0|ADEL_F48|XA18TEX|0|0|0|0
F|527|1|ADEL_F48|XA18TEX|0|0|0|0
F|528|0|ADEL_F48|XA18TEX|0|0|0|0
F|528|1|ADEL_F48|XA18TEX|0|0|0|0
F|529|0|ADEL_F48|XA18TEX|0|0|0|0
F|529|1|ADEL_F48|XA18TEX|0|0|0|0
F|530|0|ADEL_F48|XA18TEX|0|0|0|0
F|530|1|ADEL_F48|XA18TEX|0|0|0|0
F|531|0|ADEL_F48|XA18TEX|0|0|0|0
F|531|1|ADEL_F48|XA18TEX|0|0|0|0
F|532|0|ADEL_F48|XA18TEX|0|0|0|0
F|532|1|ADEL_F48|XA18TEX|0|0|0|0
F|533|0|ADEL_F48|XA18TEX|0|0|0|0
F|533|1|ADEL_F48|XA18TEX|0|0|0|0
F|534|0|ADEL_F48|XA18TEX|0|0|0|0
F|535|0|ADEL_F48|XA18TEX|0|0|0|0
F|536|0|ADEL_F48|XA18TEX|0|0|0|0
F|537|0|ADEL_F48|XA18TEX|0|0|0|0
F|537|1|ADEL_F48|XA18TEX|0|0|0|0
F|542|0|ADEL_F48|XA18TEX|0|0|0|0
F|542|1|ADEL_F48|XA18TEX|0|0|0|0
F|543|0|ADEL_F48|XA18TEX|0|0|0|0
F|543|1|ADEL_F48|XA18TEX|0|0|0|0
F|544|0|ADEL_F48|XA18TEX|0|0|0|0
F|544|1|ADEL_F48|XA18TEX|0|0|0|0
F|545|0|ADEL_F48|XA18TEX|0|0|0|0
F|545|1|ADEL_F48|XA18TEX|0|0|0|0
F|553|0|ADEL_F48|XA18TEX|0|0|0|0
F|554|0|ADEL_F48|XA18TEX|0|0|0|0
F|554|1|ADEL_F48|XA18TEX|0|0|0|0
F|557|0|ADEL_F48|XA18TEX|0|0|0|0
F|557|1|ADEL_F48|XA18TEX|0|0|0|0
F|558|0|ADEL_F48|XA18TEX|0|0|0|0
F|558|1|ADEL_F48|XA18TEX|0|0|0|0
F|559|0|ADEL_F48|XA18TEX|0|0|0|0
F|559|1|ADEL_F48|XA18TEX|0|0|0|0
F|560|0|ADEL_F48|XA18TEX|0|0|0|0
F|560|1|ADEL_F48|XA18TEX|0|0|0|0
F|568|0|ADEL_F48|XA18TEX|0|0|0|0
F|569|0|ADEL_F48|XA18TEX|0|0|0|0
F|569|1|ADEL_F48|XA18TEX|0|0|0|0
F|572|0|ADEL_F48|XA18TEX|0|0|0|0
F|572|1|ADEL_F48|XA18TEX|0|0|0|0
F|573|0|ADEL_F48|XA18TEX|0|0|0|0
F|573|1|ADEL_F48|XA18TEX|0|0|0|0
F|574|0|ADEL_F48|XA18TEX|0|0|0|0
F|574|1|ADEL_F48|XA18TEX|0|0|0|0
F|575|0|ADEL_F48|XA18TEX|0|0|0|0
F|575|1|ADEL_F48|XA18TEX|0|0|0|0
F|591|0|QFLAT07|XA04TEX|0|0|0|0
F|591|1|ADEL_F48|XA18TEX|0|0|0|0
F|592|0|ADEL_F48|XA18TEX|0|0|0|0
F|592|1|ADEL_F48|XA18TEX|0|0|0|0
F|596|0|ADEL_F48|XA18TEX|0|0|0|0
F|596|1|ADEL_F48|XA18TEX|0|0|0|0
F|597|0|ADEL_F48|XA18TEX|0|0|0|0
F|597|1|ADEL_F48|XA18TEX|0|0|0|0
F|598|0|QFLAT07|XA04TEX|0|0|0|0
F|598|1|ADEL_F48|XA18TEX|0|0|0|0
F|599|0|QFLAT07|XA04TEX|0|0|0|0
F|599|1|ADEL_F48|XA18TEX|0|0|0|0
F|600|0|ADEL_F48|XA18TEX|0|0|0|0
F|600|1|ADEL_F48|XA18TEX|0|0|0|0
F|601|0|QFLAT07|XA04TEX|0|0|0|0
F|601|1|ADEL_F48|XA18TEX|0|0|0|0
F|602|0|QFLAT07|XA04TEX|0|0|0|0
F|602|1|ADEL_F48|XA18TEX|0|0|0|0
F|603|0|QFLAT07|XA04TEX|0|0|0|0
F|603|1|ADEL_F48|XA18TEX|0|0|0|0
F|604|0|ADEL_F48|XA18TEX|0|0|0|0
F|604|1|ADEL_F48|XA18TEX|0|0|0|0
F|605|0|ADEL_F48|XA18TEX|0|0|0|0
F|605|1|ADEL_F48|XA18TEX|0|0|0|0
F|606|0|ADEL_F48|XA18TEX|0|0|0|0
F|606|1|ADEL_F48|XA18TEX|0|0|0|0
F|607|0|ADEL_F48|XA18TEX|0|0|0|0
F|607|1|ADEL_F48|XA18TEX|0|0|0|0
F|615|0|ADEL_F48|XA18TEX|0|0|0|0
F|616|0|ADEL_F48|XA18TEX|0|0|0|0
F|616|1|ADEL_F48|XA18TEX|0|0|0|0
F|619|0|QFLAT07|XA04TEX|0|0|0|0
F|619|1|ADEL_F48|XA18TEX|0|0|0|0
F|622|0|ADEL_B14|XA10TEX|0|0|0|0
F|622|1|ADEL_B14|XA10TEX|0|0|0|0
F|624|0|ADEL_F48|XA18TEX|0|0|0|0
F|624|1|ADEL_F48|XA18TEX|0|0|0|0
F|625|0|ADEL_F48|XA18TEX|0|0|0|0
F|625|1|ADEL_F48|XA18TEX|0|0|0|0
F|626|0|ADEL_B14|XA10TEX|0|0|0|0
F|626|1|ADEL_F48|XA18TEX|0|0|0|0
F|688|0|ADEL_F48|XA18TEX|0|0|0|0
F|688|1|ADEL_F48|XA18TEX|0|0|0|0
F|689|0|ADEL_F48|XA18TEX|0|0|0|0
F|689|1|ADEL_F48|XA18TEX|0|0|0|0
F|690|0|ADEL_F48|XA18TEX|0|0|0|0
F|690|1|ADEL_F48|XA18TEX|0|0|0|0
F|691|0|ADEL_F48|XA18TEX|0|0|0|0
F|691|1|ADEL_F48|XA18TEX|0|0|0|0
F|699|0|ADEL_F48|XA18TEX|0|0|0|0
F|700|0|ADEL_F48|XA18TEX|0|0|0|0
F|700|1|ADEL_F48|XA18TEX|0|0|0|0
F|703|0|ADEL_F48|XA18TEX|0|0|0|0
F|703|1|ADEL_F48|XA18TEX|0|0|0|0
F|704|0|ADEL_F48|XA18TEX|0|0|0|0
F|704|1|ADEL_F48|XA18TEX|0|0|0|0
F|705|0|ADEL_F48|XA18TEX|0|0|0|0
F|705|1|ADEL_F48|XA18TEX|0|0|0|0
F|706|0|ADEL_F48|XA18TEX|0|0|0|0
F|706|1|ADEL_F48|XA18TEX|0|0|0|0
F|714|0|ADEL_F48|XA18TEX|0|0|0|0
F|715|0|ADEL_F48|XA18TEX|0|0|0|0
F|715|1|ADEL_F48|XA18TEX|0|0|0|0
F|718|0|ADEL_F48|XA18TEX|0|0|0|0
F|718|1|ADEL_F48|XA18TEX|0|0|0|0
F|719|0|ADEL_F48|XA18TEX|0|0|0|0
F|719|1|ADEL_F48|XA18TEX|0|0|0|0
F|720|0|ADEL_F48|XA18TEX|0|0|0|0
F|720|1|ADEL_F48|XA18TEX|0|0|0|0
F|721|0|ADEL_F48|XA18TEX|0|0|0|0
F|721|1|ADEL_F48|XA18TEX|0|0|0|0
F|729|0|ADEL_F48|XA18TEX|0|0|0|0
F|730|0|ADEL_F48|XA18TEX|0|0|0|0
F|730|1|ADEL_F48|XA18TEX|0|0|0|0
F|733|0|ADEL_F48|XA18TEX|0|0|0|0
F|733|1|ADEL_F48|XA18TEX|0|0|0|0
F|734|0|ADEL_F48|XA18TEX|0|0|0|0
F|734|1|ADEL_F48|XA18TEX|0|0|0|0
F|735|0|ADEL_F48|XA18TEX|0|0|0|0
F|735|1|ADEL_F48|XA18TEX|0|0|0|0
F|736|0|ADEL_F48|XA18TEX|0|0|0|0
F|736|1|ADEL_F48|XA18TEX|0|0|0|0
F|744|0|ADEL_F48|XA18TEX|0|0|0|0
F|745|0|ADEL_F48|XA18TEX|0|0|0|0
F|745|1|ADEL_F48|XA18TEX|0|0|0|0
F|748|0|ADEL_F48|XA18TEX|0|0|0|0
F|748|1|ADEL_F48|XA18TEX|0|0|0|0
F|749|0|ADEL_F48|XA18TEX|0|0|0|0
F|749|1|ADEL_F48|XA18TEX|0|0|0|0
F|750|0|ADEL_F48|XA18TEX|0|0|0|0
F|750|1|ADEL_F48|XA18TEX|0|0|0|0
F|751|0|ADEL_F48|XA18TEX|0|0|0|0
F|751|1|ADEL_F48|XA18TEX|0|0|0|0
F|759|0|ADEL_F48|XA18TEX|0|0|0|0
F|760|0|ADEL_F48|XA18TEX|0|0|0|0
F|760|1|ADEL_F48|XA18TEX|0|0|0|0
F|778|0|ADEL_F48|XA18TEX|0|0|0|0
F|778|1|ADEL_F48|XA18TEX|0|0|0|0
F|779|0|ADEL_F48|XA18TEX|0|0|0|0
F|779|1|ADEL_F48|XA18TEX|0|0|0|0
F|780|0|ADEL_F48|XA18TEX|0|0|0|0
F|780|1|ADEL_F48|XA18TEX|0|0|0|0
F|781|0|ADEL_F48|XA18TEX|0|0|0|0
F|781|1|ADEL_F48|XA18TEX|0|0|0|0
F|789|0|ADEL_F48|XA18TEX|0|0|0|0
F|790|0|ADEL_F48|XA18TEX|0|0|0|0
F|790|1|ADEL_F48|XA18TEX|0|0|0|0
F|793|0|ADEL_F48|XA18TEX|0|0|0|0
F|793|1|ADEL_F48|XA18TEX|0|0|0|0
F|794|0|ADEL_F48|XA18TEX|0|0|0|0
F|794|1|ADEL_F48|XA18TEX|0|0|0|0
F|795|0|ADEL_F48|XA18TEX|0|0|0|0
F|795|1|ADEL_F48|XA18TEX|0|0|0|0
F|796|0|ADEL_F48|XA18TEX|0|0|0|0
F|796|1|ADEL_F48|XA18TEX|0|0|0|0
F|797|0|ADEL_F48|XA18TEX|0|0|0|0
F|797|1|ADEL_F48|XA18TEX|0|0|0|0
F|798|0|ADEL_F48|XA18TEX|0|0|0|0
F|798|1|ADEL_F48|XA18TEX|0|0|0|0
F|799|0|ADEL_F48|XA18TEX|0|0|0|0
F|799|1|ADEL_F48|XA18TEX|0|0|0|0
F|800|0|ADEL_F48|XA18TEX|0|0|0|0
F|800|1|ADEL_F48|XA18TEX|0|0|0|0
F|801|0|ADEL_F48|XA18TEX|0|0|0|0
F|801|1|ADEL_F48|XA18TEX|0|0|0|0
F|815|1|ADEL_F48|XA18TEX|0|0|0|0
F|816|1|ADEL_F48|XA18TEX|0|0|0|0
F|817|1|ADEL_F48|XA18TEX|0|0|0|0
F|818|1|ADEL_F48|XA18TEX|0|0|0|0
F|823|1|ADEL_B14|XA10TEX|0|0|0|0
F|824|1|ADEL_B14|XA10TEX|0|0|0|0
F|825|1|ADEL_B14|XA10TEX|0|0|0|0
F|828|1|ADEL_B14|XA10TEX|0|0|0|0
F|829|1|ADEL_B14|XA10TEX|0|0|0|0
F|830|1|ADEL_B14|XA10TEX|0|0|0|0
F|832|0|ADEL_F48|XA18TEX|0|0|0|0
F|832|1|ADEL_F48|XA18TEX|0|0|0|0
F|856|0|ADEL_B14|XA10TEX|0|0|0|0
F|856|1|ADEL_B14|XA10TEX|0|0|0|0
F|857|0|ADEL_B14|XA10TEX|0|0|0|0
F|857|1|ADEL_B14|XA10TEX|0|0|0|0
F|858|0|ADEL_B14|XA10TEX|0|0|0|0
F|858|1|ADEL_B14|XA10TEX|0|0|0|0
F|860|0|ADEL_B14|XA10TEX|0|0|0|0
F|860|1|ADEL_B14|XA10TEX|0|0|0|0
F|861|0|ADEL_B14|XA10TEX|0|0|0|0
F|861|1|ADEL_B14|XA10TEX|0|0|0|0
F|862|0|ADEL_B14|XA10TEX|0|0|0|0
F|862|1|ADEL_B14|XA10TEX|0|0|0|0
F|863|0|ADEL_B14|XA10TEX|0|0|0|0
F|863|1|ADEL_B14|XA10TEX|0|0|0|0
F|864|0|ADEL_B14|XA10TEX|0|0|0|0
F|864|1|ADEL_B14|XA10TEX|0|0|0|0
F|865|0|ADEL_B14|XA10TEX|0|0|0|0
F|865|1|ADEL_B14|XA10TEX|0|0|0|0
F|866|0|ADEL_B14|XA10TEX|0|0|0|0
F|866|1|ADEL_B14|XA10TEX|0|0|0|0
F|867|0|ADEL_B14|XA10TEX|0|0|0|0
F|867|1|ADEL_B14|XA10TEX|0|0|0|0
F|868|0|ADEL_B14|XA10TEX|0|0|0|0
F|868|1|ADEL_B14|XA10TEX|0|0|0|0
F|869|0|ADEL_B14|XA10TEX|0|0|0|0
F|869|1|ADEL_B14|XA10TEX|0|0|0|0
F|870|0|ADEL_B14|XA10TEX|0|0|0|0
F|870|1|ADEL_B14|XA10TEX|0|0|0|0
F|871|0|ADEL_B14|XA10TEX|0|0|0|0
F|871|1|ADEL_B14|XA10TEX|0|0|0|0
F|872|0|ADEL_B14|XA10TEX|0|0|0|0
F|872|1|ADEL_B14|XA10TEX|0|0|0|0
F|873|0|ADEL_B14|XA10TEX|0|0|0|0
F|873|1|ADEL_B14|XA10TEX|0|0|0|0
F|874|0|ADEL_B14|XA10TEX|0|0|0|0
F|874|1|ADEL_B14|XA10TEX|0|0|0|0
F|875|0|ADEL_B14|XA10TEX|0|0|0|0
F|875|1|ADEL_B14|XA10TEX|0|0|0|0
F|876|0|ADEL_B14|XA10TEX|0|0|0|0
F|876|1|ADEL_B14|XA10TEX|0|0|0|0
F|877|0|ADEL_B14|XA10TEX|0|0|0|0
F|877|1|ADEL_B14|XA10TEX|0|0|0|0
F|878|0|ADEL_B14|XA10TEX|0|0|0|0
F|878|1|ADEL_B14|XA10TEX|0|0|0|0
F|879|0|ADEL_B14|XA10TEX|0|0|0|0
F|879|1|ADEL_B14|XA10TEX|0|0|0|0
F|880|0|ADEL_B14|XA10TEX|0|0|0|0
F|880|1|ADEL_B14|XA10TEX|0|0|0|0
F|882|0|ADEL_B14|XA10TEX|0|0|0|0
F|882|1|ADEL_B14|XA10TEX|0|0|0|0
F|884|0|ADEL_B14|XA10TEX|0|0|0|0
F|884|1|ADEL_B14|XA10TEX|0|0|0|0
F|886|0|ADEL_B14|XA10TEX|0|0|0|0
F|886|1|ADEL_B14|XA10TEX|0|0|0|0
F|887|0|ADEL_B14|XA10TEX|0|0|0|0
F|887|1|ADEL_B14|XA10TEX|0|0|0|0
F|888|0|ADEL_B14|XA10TEX|0|0|0|0
F|888|1|ADEL_B14|XA10TEX|0|0|0|0
F|889|0|ADEL_B14|XA10TEX|0|0|0|0
F|889|1|ADEL_B14|XA10TEX|0|0|0|0
W|39|1|2|ADEL_B14|XA10TEX|0|256|0|1|1|0|0|-1536|6592|-1568|6592|470|11|1
W|119|1|2|ADEL_B14|XA10TEX|32|256|0|1|1|0|0|-1568|6592|-1568|6528|1|11|1
W|44|1|2|ADEL_B14|XA10TEX|7|256|0|1|1|7|0|1600|6336|1568|6336|470|77|1
W|363|1|2|ADEL_B14|XA10TEX|39|256|0|1|1|39|0|1568|6336|1568|6272|1|77|1
W|72|1|2|ADEL_B14|XA10TEX|0|256|0|1|1|0|0|-1216|5504|-1184|5504|9|13|1
W|144|1|2|ADEL_B14|XA10TEX|32|256|0|1|1|0|0|-1184|5504|-1184|5568|1|13|1
W|79|0|2|ADEL_B14|XA10TEX|0|384|0|1|1|0|0|-2464|4192|-2464|4160|1|488|1
W|81|1|2|ADEL_B14|XA10TEX|0|256|0|1|1|0|0|-1568|5568|-1568|5504|1|44|1
W|83|1|2|ADEL_B14|XA10TEX|64|256|0|1|1|0|0|-1568|5504|-1536|5504|9|44|1
W|82|1|2|ADEL_B14|XA10TEX|0|256|0|1|1|0|0|-1184|6528|-1184|6592|1|10|1
W|85|1|2|ADEL_B14|XA10TEX|64|256|0|1|1|0|0|-1184|6592|-1216|6592|470|10|1
W|83|0|2|ADEL_B14|XA10TEX|0|768|0|1|1|0|0|-1536|5504|-1568|5504|44|9|1
W|81|0|2|ADEL_B14|XA10TEX|32|768|0|1|1|0|0|-1568|5504|-1568|5568|44|1|1
W|84|0|2|ADEL_B14|XA10TEX|0|128|0|1|1|0|0|-1216|6592|-1536|6592|313|12|1
W|84|1|2|ADEL_B14|XA10TEX|0|768|0|1|1|0|0|-1536|6592|-1216|6592|12|313|1
W|85|0|2|ADEL_B14|XA10TEX|0|768|0|1|1|0|0|-1216|6592|-1184|6592|10|470|1
W|82|0|2|ADEL_B14|XA10TEX|32|768|0|1|1|0|0|-1184|6592|-1184|6528|10|1|1
W|86|0|2|ADEL_B14|XA10TEX|0|128|0|1|1|0|0|-1536|5504|-1216|5504|335|12|1
W|86|1|2|ADEL_B14|XA10TEX|0|768|0|1|1|0|0|-1216|5504|-1536|5504|12|335|1
W|87|0|2|ADEL_B14|XA10TEX|0|768|0|1|1|0|0|-1216|5504|-1216|5568|13|12|1
W|87|1|2|ADEL_B14|XA10TEX|0|256|0|1|1|0|0|-1216|5568|-1216|5504|12|13|1
W|88|0|2|ADEL_B14|XA10TEX|0|768|0|1|1|0|0|-1536|6592|-1536|6528|11|12|1
W|88|1|2|ADEL_B14|XA10TEX|0|256|0|1|1|0|0|-1536|6528|-1536|6592|12|11|1
W|89|0|2|ADEL_B14|XA10TEX|0|768|0|1|1|0|0|-1568|5568|-1568|5632|43|1|1
W|89|1|2|ADEL_B14|XA10TEX|0|128|0|1|1|0|0|-1568|5632|-1568|5568|1|43|1
W|90|0|2|ADEL_B14|XA10TEX|0|768|0|1|1|0|0|-1536|5568|-1536|5504|44|12|1
W|90|1|2|ADEL_B14|XA10TEX|0|256|0|1|1|0|0|-1536|5504|-1536|5568|12|44|1
W|91|0|2|ADEL_B14|XA10TEX|0|768|0|1|1|0|0|-1568|5632|-1568|5696|42|1|1
W|91|1|2|ADEL_B14|XA10TEX|0|256|0|1|1|0|0|-1568|5696|-1568|5632|1|42|1
W|92|0|2|ADEL_B14|XA10TEX|0|768|0|1|1|0|0|-1536|5696|-1536|5632|42|12|1
W|92|1|2|ADEL_B14|XA10TEX|0|256|0|1|1|0|0|-1536|5632|-1536|5696|12|42|1
W|93|0|2|ADEL_B14|XA10TEX|0|768|0|1|1|0|0|-1568|5696|-1568|5760|41|1|1
W|93|1|2|ADEL_B14|XA10TEX|0|128|0|1|1|0|0|-1568|5760|-1568|5696|1|41|1
W|94|0|2|ADEL_B14|XA10TEX|0|768|0|1|1|0|0|-1536|5760|-1536|5696|41|12|1
W|94|1|2|ADEL_B14|XA10TEX|0|128|0|1|1|0|0|-1536|5696|-1536|5760|12|41|1
W|95|0|2|ADEL_B14|XA10TEX|0|768|0|1|1|0|0|-1568|5760|-1568|5824|40|1|1
W|95|1|2|ADEL_B14|XA10TEX|0|256|0|1|1|0|0|-1568|5824|-1568|5760|1|40|1
W|96|0|2|ADEL_B14|XA10TEX|0|768|0|1|1|0|0|-1536|5824|-1536|5760|40|12|1
W|96|1|2|ADEL_B14|XA10TEX|0|256|0|1|1|0|0|-1536|5760|-1536|5824|12|40|1
W|97|0|2|ADEL_B14|XA10TEX|0|768|0|1|1|0|0|-1568|5824|-1568|5888|39|1|1
W|97|1|2|ADEL_B14|XA10TEX|0|128|0|1|1|0|0|-1568|5888|-1568|5824|1|39|1
W|98|0|2|ADEL_B14|XA10TEX|0|768|0|1|1|0|0|-1536|5888|-1536|5824|39|12|1
W|98|1|2|ADEL_B14|XA10TEX|0|128|0|1|1|0|0|-1536|5824|-1536|5888|12|39|1
W|99|0|2|ADEL_B14|XA10TEX|0|768|0|1|1|0|0|-1568|5888|-1568|5952|38|1|1
W|99|1|2|ADEL_B14|XA10TEX|0|256|0|1|1|0|0|-1568|5952|-1568|5888|1|38|1
W|100|0|2|ADEL_B14|XA10TEX|0|768|0|1|1|0|0|-1536|5952|-1536|5888|38|12|1
W|100|1|2|ADEL_B14|XA10TEX|0|256|0|1|1|0|0|-1536|5888|-1536|5952|12|38|1
W|101|0|2|ADEL_B14|XA10TEX|0|768|0|1|1|0|0|-1568|5952|-1568|6016|37|1|1
W|101|1|2|ADEL_B14|XA10TEX|0|128|0|1|1|0|0|-1568|6016|-1568|5952|1|37|1
W|102|0|2|ADEL_B14|XA10TEX|0|768|0|1|1|0|0|-1536|6016|-1536|5952|37|12|1
W|102|1|2|ADEL_B14|XA10TEX|0|128|0|1|1|0|0|-1536|5952|-1536|6016|12|37|1
W|103|0|2|ADEL_B14|XA10TEX|0|768|0|1|1|0|0|-1568|6016|-1568|6080|36|1|1
W|103|1|2|ADEL_B14|XA10TEX|0|256|0|1|1|0|0|-1568|6080|-1568|6016|1|36|1
W|104|0|2|ADEL_B14|XA10TEX|0|768|0|1|1|0|0|-1536|6080|-1536|6016|36|12|1
W|104|1|2|ADEL_B14|XA10TEX|0|256|0|1|1|0|0|-1536|6016|-1536|6080|12|36|1
W|105|0|2|ADEL_B14|XA10TEX|0|768|0|1|1|0|0|-1568|6080|-1568|6144|35|1|1
W|105|1|2|ADEL_B14|XA10TEX|0|128|0|1|1|0|0|-1568|6144|-1568|6080|1|35|1
W|106|0|2|ADEL_B14|XA10TEX|0|768|0|1|1|0|0|-1536|6144|-1536|6080|35|12|1
W|106|1|2|ADEL_B14|XA10TEX|0|128|0|1|1|0|0|-1536|6080|-1536|6144|12|35|1
W|107|0|2|ADEL_B14|XA10TEX|0|768|0|1|1|0|0|-1568|6144|-1568|6208|34|1|1
W|107|1|2|ADEL_B14|XA10TEX|0|256|0|1|1|0|0|-1568|6208|-1568|6144|1|34|1
W|108|0|2|ADEL_B14|XA10TEX|0|768|0|1|1|0|0|-1536|6208|-1536|6144|34|12|1
W|108|1|2|ADEL_B14|XA10TEX|0|256|0|1|1|0|0|-1536|6144|-1536|6208|12|34|1
W|109|0|2|ADEL_B14|XA10TEX|0|768|0|1|1|0|0|-1568|6208|-1568|6272|33|1|1
W|109|1|2|ADEL_B14|XA10TEX|0|128|0|1|1|0|0|-1568|6272|-1568|6208|1|33|1
W|110|0|2|ADEL_B14|XA10TEX|0|768|0|1|1|0|0|-1536|6272|-1536|6208|33|12|1
W|110|1|2|ADEL_B14|XA10TEX|0|128|0|1|1|0|0|-1536|6208|-1536|6272|12|33|1
W|111|0|2|ADEL_B14|XA10TEX|0|768|0|1|1|0|0|-1568|6272|-1568|6336|32|1|1
W|111|1|2|ADEL_B14|XA10TEX|0|256|0|1|1|0|0|-1568|6336|-1568|6272|1|32|1
W|112|0|2|ADEL_B14|XA10TEX|0|768|0|1|1|0|0|-1536|6336|-1536|6272|32|12|1
W|112|1|2|ADEL_B14|XA10TEX|0|256|0|1|1|0|0|-1536|6272|-1536|6336|12|32|1
W|113|0|2|ADEL_B14|XA10TEX|0|768|0|1|1|0|0|-1568|6336|-1568|6400|31|1|1
W|113|1|2|ADEL_B14|XA10TEX|0|128|0|1|1|0|0|-1568|6400|-1568|6336|1|31|1
W|114|0|2|ADEL_B14|XA10TEX|0|768|0|1|1|0|0|-1536|6400|-1536|6336|31|12|1
W|114|1|2|ADEL_B14|XA10TEX|0|128|0|1|1|0|0|-1536|6336|-1536|6400|12|31|1
W|115|0|2|ADEL_B14|XA10TEX|0|768|0|1|1|0|0|-1568|6400|-1568|6464|30|1|1
W|115|1|2|ADEL_B14|XA10TEX|0|256|0|1|1|0|0|-1568|6464|-1568|6400|1|30|1
W|116|0|2|ADEL_B14|XA10TEX|0|768|0|1|1|0|0|-1536|6464|-1536|6400|30|12|1
W|116|1|2|ADEL_B14|XA10TEX|0|256|0|1|1|0|0|-1536|6400|-1536|6464|12|30|1
W|117|0|2|ADEL_B14|XA10TEX|0|768|0|1|1|0|0|-1568|6464|-1568|6528|29|1|1
W|117|1|2|ADEL_B14|XA10TEX|0|128|0|1|1|0|0|-1568|6528|-1568|6464|1|29|1
W|118|0|2|ADEL_B14|XA10TEX|0|768|0|1|1|0|0|-1536|6528|-1536|6464|29|12|1
W|118|1|2|ADEL_B14|XA10TEX|0|128|0|1|1|0|0|-1536|6464|-1536|6528|12|29|1
W|119|0|2|ADEL_B14|XA10TEX|0|768|0|1|1|0|0|-1568|6528|-1568|6592|11|1|1
W|39|0|2|ADEL_B14|XA10TEX|64|768|0|1|1|0|0|-1568|6592|-1536|6592|11|470|1
W|120|0|2|ADEL_B14|XA10TEX|0|768|0|1|1|0|0|-1536|5632|-1536|5568|43|12|1
W|120|1|2|ADEL_B14|XA10TEX|0|128|0|1|1|0|0|-1536|5568|-1536|5632|12|43|1
W|121|0|2|ADEL_B14|XA10TEX|0|768|0|1|1|0|0|-1184|5888|-1184|5824|18|1|1
W|121|1|2|ADEL_B14|XA10TEX|0|128|0|1|1|0|0|-1184|5824|-1184|5888|1|18|1
W|122|0|2|ADEL_B14|XA10TEX|0|768|0|1|1|0|0|-1216|5888|-1216|5952|19|12|1
W|122|1|2|ADEL_B14|XA10TEX|0|256|0|1|1|0|0|-1216|5952|-1216|5888|12|19|1
W|123|0|2|ADEL_B14|XA10TEX|0|768|0|1|1|0|0|-1184|5952|-1184|5888|19|1|1
W|123|1|2|ADEL_B14|XA10TEX|0|256|0|1|1|0|0|-1184|5888|-1184|5952|1|19|1
W|124|0|2|ADEL_B14|XA10TEX|0|768|0|1|1|0|0|-1216|5952|-1216|6016|20|12|1
W|124|1|2|ADEL_B14|XA10TEX|0|128|0|1|1|0|0|-1216|6016|-1216|5952|12|20|1
W|125|0|2|ADEL_B14|XA10TEX|0|768|0|1|1|0|0|-1184|6016|-1184|5952|20|1|1
W|125|1|2|ADEL_B14|XA10TEX|0|128|0|1|1|0|0|-1184|5952|-1184|6016|1|20|1
W|126|0|2|ADEL_B14|XA10TEX|0|768|0|1|1|0|0|-1216|6016|-1216|6080|21|12|1
W|126|1|2|ADEL_B14|XA10TEX|0|256|0|1|1|0|0|-1216|6080|-1216|6016|12|21|1
W|127|0|2|ADEL_B14|XA10TEX|0|768|0|1|1|0|0|-1184|6080|-1184|6016|21|1|1
W|127|1|2|ADEL_B14|XA10TEX|0|256|0|1|1|0|0|-1184|6016|-1184|6080|1|21|1
W|128|0|2|ADEL_B14|XA10TEX|0|768|0|1|1|0|0|-1216|6080|-1216|6144|22|12|1
W|128|1|2|ADEL_B14|XA10TEX|0|128|0|1|1|0|0|-1216|6144|-1216|6080|12|22|1
W|129|0|2|ADEL_B14|XA10TEX|0|768|0|1|1|0|0|-1184|6144|-1184|6080|22|1|1
W|129|1|2|ADEL_B14|XA10TEX|0|128|0|1|1|0|0|-1184|6080|-1184|6144|1|22|1
W|130|0|2|ADEL_B14|XA10TEX|0|768|0|1|1|0|0|-1216|6144|-1216|6208|23|12|1
W|130|1|2|ADEL_B14|XA10TEX|0|256|0|1|1|0|0|-1216|6208|-1216|6144|12|23|1
W|131|0|2|ADEL_B14|XA10TEX|0|768|0|1|1|0|0|-1184|6208|-1184|6144|23|1|1
W|131|1|2|ADEL_B14|XA10TEX|0|256|0|1|1|0|0|-1184|6144|-1184|6208|1|23|1
W|132|0|2|ADEL_B14|XA10TEX|0|768|0|1|1|0|0|-1216|6208|-1216|6272|24|12|1
W|132|1|2|ADEL_B14|XA10TEX|0|128|0|1|1|0|0|-1216|6272|-1216|6208|12|24|1
W|133|0|2|ADEL_B14|XA10TEX|0|768|0|1|1|0|0|-1184|6272|-1184|6208|24|1|1
W|133|1|2|ADEL_B14|XA10TEX|0|128|0|1|1|0|0|-1184|6208|-1184|6272|1|24|1
W|134|0|2|ADEL_B14|XA10TEX|0|768|0|1|1|0|0|-1216|6272|-1216|6336|25|12|1
W|134|1|2|ADEL_B14|XA10TEX|0|256|0|1|1|0|0|-1216|6336|-1216|6272|12|25|1
W|135|0|2|ADEL_B14|XA10TEX|0|768|0|1|1|0|0|-1184|6336|-1184|6272|25|1|1
W|135|1|2|ADEL_B14|XA10TEX|0|256|0|1|1|0|0|-1184|6272|-1184|6336|1|25|1
W|136|0|2|ADEL_B14|XA10TEX|0|768|0|1|1|0|0|-1216|6336|-1216|6400|26|12|1
W|136|1|2|ADEL_B14|XA10TEX|0|128|0|1|1|0|0|-1216|6400|-1216|6336|12|26|1
W|137|0|2|ADEL_B14|XA10TEX|0|768|0|1|1|0|0|-1184|6400|-1184|6336|26|1|1
W|137|1|2|ADEL_B14|XA10TEX|0|128|0|1|1|0|0|-1184|6336|-1184|6400|1|26|1
W|138|0|2|ADEL_B14|XA10TEX|0|768|0|1|1|0|0|-1216|6400|-1216|6464|27|12|1
W|138|1|2|ADEL_B14|XA10TEX|0|256|0|1|1|0|0|-1216|6464|-1216|6400|12|27|1
W|139|0|2|ADEL_B14|XA10TEX|0|768|0|1|1|0|0|-1184|6464|-1184|6400|27|1|1
W|139|1|2|ADEL_B14|XA10TEX|0|256|0|1|1|0|0|-1184|6400|-1184|6464|1|27|1
W|140|0|2|ADEL_B14|XA10TEX|0|768|0|1|1|0|0|-1216|6464|-1216|6528|28|12|1
W|140|1|2|ADEL_B14|XA10TEX|0|128|0|1|1|0|0|-1216|6528|-1216|6464|12|28|1
W|141|0|2|ADEL_B14|XA10TEX|0|768|0|1|1|0|0|-1184|6528|-1184|6464|28|1|1
W|141|1|2|ADEL_B14|XA10TEX|0|128|0|1|1|0|0|-1184|6464|-1184|6528|1|28|1
W|142|0|2|ADEL_B14|XA10TEX|0|768|0|1|1|0|0|-1216|6528|-1216|6592|10|12|1
W|142|1|2|ADEL_B14|XA10TEX|0|256|0|1|1|0|0|-1216|6592|-1216|6528|12|10|1
W|143|0|2|ADEL_B14|XA10TEX|0|768|0|1|1|0|0|-1216|5568|-1216|5632|14|12|1
W|143|1|2|ADEL_B14|XA10TEX|0|128|0|1|1|0|0|-1216|5632|-1216|5568|12|14|1
W|144|0|2|ADEL_B14|XA10TEX|0|768|0|1|1|0|0|-1184|5568|-1184|5504|13|1|1
W|72|0|2|ADEL_B14|XA10TEX|64|768|0|1|1|0|0|-1184|5504|-1216|5504|13|9|1
W|145|0|2|ADEL_B14|XA10TEX|0|768|0|1|1|0|0|-1184|5632|-1184|5568|14|1|1
W|145|1|2|ADEL_B14|XA10TEX|0|128|0|1|1|0|0|-1184|5568|-1184|5632|1|14|1
W|146|0|2|ADEL_B14|XA10TEX|0|768|0|1|1|0|0|-1216|5632|-1216|5696|15|12|1
W|146|1|2|ADEL_B14|XA10TEX|0|256|0|1|1|0|0|-1216|5696|-1216|5632|12|15|1
W|147|0|2|ADEL_B14|XA10TEX|0|768|0|1|1|0|0|-1184|5696|-1184|5632|15|1|1
W|147|1|2|ADEL_B14|XA10TEX|0|256|0|1|1|0|0|-1184|5632|-1184|5696|1|15|1
W|148|0|2|ADEL_B14|XA10TEX|0|768|0|1|1|0|0|-1216|5696|-1216|5760|16|12|1
W|148|1|2|ADEL_B14|XA10TEX|0|128|0|1|1|0|0|-1216|5760|-1216|5696|12|16|1
W|149|0|2|ADEL_B14|XA10TEX|0|768|0|1|1|0|0|-1184|5760|-1184|5696|16|1|1
W|149|1|2|ADEL_B14|XA10TEX|0|128|0|1|1|0|0|-1184|5696|-1184|5760|1|16|1
W|150|0|2|ADEL_B14|XA10TEX|0|768|0|1|1|0|0|-1216|5760|-1216|5824|17|12|1
W|150|1|2|ADEL_B14|XA10TEX|0|256|0|1|1|0|0|-1216|5824|-1216|5760|12|17|1
W|151|0|2|ADEL_B14|XA10TEX|0|768|0|1|1|0|0|-1184|5824|-1184|5760|17|1|1
W|151|1|2|ADEL_B14|XA10TEX|0|256|0|1|1|0|0|-1184|5760|-1184|5824|1|17|1
W|152|0|2|ADEL_B14|XA10TEX|0|768|0|1|1|0|0|-1216|5824|-1216|5888|18|12|1
W|152|1|2|ADEL_B14|XA10TEX|0|128|0|1|1|0|0|-1216|5888|-1216|5824|12|18|1
W|153|0|2|ADEL_B14|XA10TEX|0|256|0|1|1|0|0|-1184|5568|-1216|5568|14|13|1
W|153|1|2|ADEL_B14|XA10TEX|0|768|0|1|1|0|0|-1216|5568|-1184|5568|13|14|1
W|154|0|2|ADEL_B14|XA10TEX|0|768|0|1|1|0|0|-1184|5632|-1216|5632|15|14|1
W|154|1|2|ADEL_B14|XA10TEX|0|256|0|1|1|0|0|-1216|5632|-1184|5632|14|15|1
W|155|0|2|ADEL_B14|XA10TEX|0|256|0|1|1|0|0|-1184|5696|-1216|5696|16|15|1
W|155|1|2|ADEL_B14|XA10TEX|0|768|0|1|1|0|0|-1216|5696|-1184|5696|15|16|1
W|156|0|2|ADEL_B14|XA10TEX|0|768|0|1|1|0|0|-1184|5760|-1216|5760|17|16|1
W|156|1|2|ADEL_B14|XA10TEX|0|256|0|1|1|0|0|-1216|5760|-1184|5760|16|17|1
W|157|0|2|ADEL_B14|XA10TEX|0|256|0|1|1|0|0|-1184|5824|-1216|5824|18|17|1
W|157|1|2|ADEL_B14|XA10TEX|0|768|0|1|1|0|0|-1216|5824|-1184|5824|17|18|1
W|158|0|2|ADEL_B14|XA10TEX|0|768|0|1|1|0|0|-1184|5888|-1216|5888|19|18|1
W|158|1|2|ADEL_B14|XA10TEX|0|256|0|1|1|0|0|-1216|5888|-1184|5888|18|19|1
W|159|0|2|ADEL_B14|XA10TEX|0|256|0|1|1|0|0|-1184|5952|-1216|5952|20|19|1
W|159|1|2|ADEL_B14|XA10TEX|0|768|0|1|1|0|0|-1216|5952|-1184|5952|19|20|1
W|160|0|2|ADEL_B14|XA10TEX|0|768|0|1|1|0|0|-1184|6016|-1216|6016|21|20|1
W|160|1|2|ADEL_B14|XA10TEX|0|256|0|1|1|0|0|-1216|6016|-1184|6016|20|21|1
W|161|0|2|ADEL_B14|XA10TEX|0|256|0|1|1|0|0|-1184|6080|-1216|6080|22|21|1
W|161|1|2|ADEL_B14|XA10TEX|0|768|0|1|1|0|0|-1216|6080|-1184|6080|21|22|1
W|162|0|2|ADEL_B14|XA10TEX|0|768|0|1|1|0|0|-1184|6144|-1216|6144|23|22|1
W|162|1|2|ADEL_B14|XA10TEX|0|256|0|1|1|0|0|-1216|6144|-1184|6144|22|23|1
W|163|0|2|ADEL_B14|XA10TEX|0|256|0|1|1|0|0|-1184|6208|-1216|6208|24|23|1
W|163|1|2|ADEL_B14|XA10TEX|0|768|0|1|1|0|0|-1216|6208|-1184|6208|23|24|1
W|164|0|2|ADEL_B14|XA10TEX|0|768|0|1|1|0|0|-1184|6272|-1216|6272|25|24|1
W|164|1|2|ADEL_B14|XA10TEX|0|256|0|1|1|0|0|-1216|6272|-1184|6272|24|25|1
W|165|0|2|ADEL_B14|XA10TEX|0|256|0|1|1|0|0|-1184|6336|-1216|6336|26|25|1
W|165|1|2|ADEL_B14|XA10TEX|0|768|0|1|1|0|0|-1216|6336|-1184|6336|25|26|1
W|166|0|2|ADEL_B14|XA10TEX|0|768|0|1|1|0|0|-1184|6400|-1216|6400|27|26|1
W|166|1|2|ADEL_B14|XA10TEX|0|256|0|1|1|0|0|-1216|6400|-1184|6400|26|27|1
W|167|0|2|ADEL_B14|XA10TEX|0|256|0|1|1|0|0|-1184|6464|-1216|6464|28|27|1
W|167|1|2|ADEL_B14|XA10TEX|0|768|0|1|1|0|0|-1216|6464|-1184|6464|27|28|1
W|168|0|2|ADEL_B14|XA10TEX|0|768|0|1|1|0|0|-1184|6528|-1216|6528|10|28|1
W|168|1|2|ADEL_B14|XA10TEX|0|256|0|1|1|0|0|-1216|6528|-1184|6528|28|10|1
W|169|0|2|ADEL_B14|XA10TEX|0|768|0|1|1|0|0|-1536|6528|-1568|6528|11|29|1
W|169|1|2|ADEL_B14|XA10TEX|0|256|0|1|1|0|0|-1568|6528|-1536|6528|29|11|1
W|170|0|2|ADEL_B14|XA10TEX|0|256|0|1|1|0|0|-1536|6464|-1568|6464|29|30|1
W|170|1|2|ADEL_B14|XA10TEX|0|768|0|1|1|0|0|-1568|6464|-1536|6464|30|29|1
W|171|0|2|ADEL_B14|XA10TEX|0|768|0|1|1|0|0|-1536|6400|-1568|6400|30|31|1
W|171|1|2|ADEL_B14|XA10TEX|0|256|0|1|1|0|0|-1568|6400|-1536|6400|31|30|1
W|172|0|2|ADEL_B14|XA10TEX|0|256|0|1|1|0|0|-1536|6336|-1568|6336|31|32|1
W|172|1|2|ADEL_B14|XA10TEX|0|768|0|1|1|0|0|-1568|6336|-1536|6336|32|31|1
W|173|0|2|ADEL_B14|XA10TEX|0|768|0|1|1|0|0|-1536|6272|-1568|6272|32|33|1
W|173|1|2|ADEL_B14|XA10TEX|0|256|0|1|1|0|0|-1568|6272|-1536|6272|33|32|1
W|174|0|2|ADEL_B14|XA10TEX|0|256|0|1|1|0|0|-1536|6208|-1568|6208|33|34|1
W|174|1|2|ADEL_B14|XA10TEX|0|768|0|1|1|0|0|-1568|6208|-1536|6208|34|33|1
W|175|0|2|ADEL_B14|XA10TEX|0|768|0|1|1|0|0|-1536|6144|-1568|6144|34|35|1
W|175|1|2|ADEL_B14|XA10TEX|0|256|0|1|1|0|0|-1568|6144|-1536|6144|35|34|1
W|176|0|2|ADEL_B14|XA10TEX|0|256|0|1|1|0|0|-1536|6080|-1568|6080|35|36|1
W|176|1|2|ADEL_B14|XA10TEX|0|768|0|1|1|0|0|-1568|6080|-1536|6080|36|35|1
W|177|0|2|ADEL_B14|XA10TEX|0|768|0|1|1|0|0|-1536|6016|-1568|6016|36|37|1
W|177|1|2|ADEL_B14|XA10TEX|0|256|0|1|1|0|0|-1568|6016|-1536|6016|37|36|1
W|178|0|2|ADEL_B14|XA10TEX|0|256|0|1|1|0|0|-1536|5952|-1568|5952|37|38|1
W|178|1|2|ADEL_B14|XA10TEX|0|768|0|1|1|0|0|-1568|5952|-1536|5952|38|37|1
W|179|0|2|ADEL_B14|XA10TEX|0|768|0|1|1|0|0|-1536|5888|-1568|5888|38|39|1
W|179|1|2|ADEL_B14|XA10TEX|0|256|0|1|1|0|0|-1568|5888|-1536|5888|39|38|1
W|180|0|2|ADEL_B14|XA10TEX|0|256|0|1|1|0|0|-1536|5824|-1568|5824|39|40|1
W|180|1|2|ADEL_B14|XA10TEX|0|768|0|1|1|0|0|-1568|5824|-1536|5824|40|39|1
W|181|0|2|ADEL_B14|XA10TEX|0|768|0|1|1|0|0|-1536|5760|-1568|5760|40|41|1
W|181|1|2|ADEL_B14|XA10TEX|0|256|0|1|1|0|0|-1568|5760|-1536|5760|41|40|1
W|182|0|2|ADEL_B14|XA10TEX|0|256|0|1|1|0|0|-1536|5696|-1568|5696|41|42|1
W|182|1|2|ADEL_B14|XA10TEX|0|768|0|1|1|0|0|-1568|5696|-1536|5696|42|41|1
W|183|0|2|ADEL_B14|XA10TEX|0|768|0|1|1|0|0|-1536|5632|-1568|5632|42|43|1
W|183|1|2|ADEL_B14|XA10TEX|0|256|0|1|1|0|0|-1568|5632|-1536|5632|43|42|1
W|184|0|2|ADEL_B14|XA10TEX|0|256|0|1|1|0|0|-1536|5568|-1568|5568|43|44|1
W|184|1|2|ADEL_B14|XA10TEX|0|768|0|1|1|0|0|-1568|5568|-1536|5568|44|43|1
W|273|0|2|ADEL_B14|XA10TEX|24|128|0|1|1|-40|-360|-1648|5760|-1653|5771|55|56|1
W|274|0|2|ADEL_B14|XA10TEX|36.083045974|128|0|1|1|-28|-360|-1653|5771|-1664|5776|55|56|1
W|275|0|2|ADEL_B14|XA10TEX|48.166091947|128|0|1|1|-16|-360|-1664|5776|-1675|5771|55|56|1
W|276|0|2|ADEL_B14|XA10TEX|60.249137921|128|0|1|1|-4|-360|-1675|5771|-1680|5760|55|56|1
W|277|0|2|ADEL_B14|XA10TEX|72.332183894|128|0|1|1|8|-360|-1680|5760|-1675|5749|55|56|1
W|278|0|2|ADEL_B14|XA10TEX|84.415229868|128|0|1|1|84|-360|-1675|5749|-1664|5744|55|56|1
W|279|0|2|ADEL_B14|XA10TEX|96.498275842|128|0|1|1|32|-360|-1664|5744|-1653|5749|55|56|1
W|313|1|2|ADEL_B14|XA10TEX|0|256|0|1|1|0|0|1568|5312|1568|5248|1|61|1
W|314|1|2|ADEL_B14|XA10TEX|64|256|0|1|1|0|0|1568|5248|1600|5248|446|61|1
W|314|0|2|ADEL_B14|XA10TEX|0|768|0|1|1|0|0|1600|5248|1568|5248|61|446|1
W|313|0|2|ADEL_B14|XA10TEX|32|768|0|1|1|0|0|1568|5248|1568|5312|61|1|1
W|315|1|2|ADEL_B14|XA10TEX|32|256|0|1|1|32|0|1600|5248|1600|5312|78|61|1
W|316|0|2|ADEL_B14|XA10TEX|32|256|0|1|1|32|0|1600|5312|1568|5312|62|61|1
W|316|1|2|ADEL_B14|XA10TEX|0|768|0|1|1|0|0|1568|5312|1600|5312|61|62|1
W|317|0|2|ADEL_B14|XA10TEX|0|768|0|1|1|0|0|1568|5312|1568|5376|62|1|1
W|317|1|2|ADEL_B14|XA10TEX|0|128|0|1|1|0|0|1568|5376|1568|5312|1|62|1
W|318|1|2|ADEL_B14|XA10TEX|32|128|0|1|1|32|0|1600|5312|1600|5376|78|62|1
W|319|0|2|ADEL_B14|XA10TEX|0|768|0|1|1|0|0|1600|5376|1568|5376|63|62|1
W|319|1|2|ADEL_B14|XA10TEX|0|256|0|1|1|0|0|1568|5376|1600|5376|62|63|1
W|320|0|2|ADEL_B14|XA10TEX|0|768|0|1|1|0|0|1568|5376|1568|5440|63|1|1
W|320|1|2|ADEL_B14|XA10TEX|0|256|0|1|1|0|0|1568|5440|1568|5376|1|63|1
W|321|1|2|ADEL_B14|XA10TEX|32|256|0|1|1|32|0|1600|5376|1600|5440|78|63|1
W|322|0|2|ADEL_B14|XA10TEX|32|256|0|1|1|32|0|1600|5440|1568|5440|64|63|1
W|322|1|2|ADEL_B14|XA10TEX|0|768|0|1|1|0|0|1568|5440|1600|5440|63|64|1
W|323|0|2|ADEL_B14|XA10TEX|0|768|0|1|1|0|0|1568|5440|1568|5504|64|1|1
W|323|1|2|ADEL_B14|XA10TEX|0|128|0|1|1|0|0|1568|5504|1568|5440|1|64|1
W|324|1|2|ADEL_B14|XA10TEX|32|128|0|1|1|32|0|1600|5440|1600|5504|78|64|1
W|325|0|2|ADEL_B14|XA10TEX|0|768|0|1|1|0|0|1600|5504|1568|5504|65|64|1
W|325|1|2|ADEL_B14|XA10TEX|0|256|0|1|1|0|0|1568|5504|1600|5504|64|65|1
W|326|0|2|ADEL_B14|XA10TEX|0|768|0|1|1|0|0|1568|5504|1568|5568|65|1|1
W|326|1|2|ADEL_B14|XA10TEX|0|256|0|1|1|0|0|1568|5568|1568|5504|1|65|1
W|327|1|2|ADEL_B14|XA10TEX|32|256|0|1|1|32|0|1600|5504|1600|5568|78|65|1
W|328|0|2|ADEL_B14|XA10TEX|32|256|0|1|1|32|0|1600|5568|1568|5568|66|65|1
W|328|1|2|ADEL_B14|XA10TEX|0|768|0|1|1|0|0|1568|5568|1600|5568|65|66|1
W|329|0|2|ADEL_B14|XA10TEX|0|768|0|1|1|0|0|1568|5568|1568|5632|66|1|1
W|329|1|2|ADEL_B14|XA10TEX|0|128|0|1|1|0|0|1568|5632|1568|5568|1|66|1
W|330|1|2|ADEL_B14|XA10TEX|32|128|0|1|1|32|0|1600|5568|1600|5632|78|66|1
W|331|0|2|ADEL_B14|XA10TEX|0|768|0|1|1|0|0|1600|5632|1568|5632|67|66|1
W|331|1|2|ADEL_B14|XA10TEX|0|256|0|1|1|0|0|1568|5632|1600|5632|66|67|1
W|332|0|2|ADEL_B14|XA10TEX|0|768|0|1|1|0|0|1568|5632|1568|5696|67|1|1
W|332|1|2|ADEL_B14|XA10TEX|0|256|0|1|1|0|0|1568|5696|1568|5632|1|67|1
W|333|1|2|ADEL_B14|XA10TEX|32|256|0|1|1|32|0|1600|5632|1600|5696|78|67|1
W|334|0|2|ADEL_B14|XA10TEX|32|256|0|1|1|32|0|1600|5696|1568|5696|86|67|1
W|334|1|2|ADEL_B14|XA10TEX|0|768|0|1|1|0|0|1568|5696|1600|5696|67|86|1
W|335|0|2|ADEL_B14|XA10TEX|0|768|0|1|1|0|0|1568|5696|1568|5744|86|1|1
W|336|1|2|ADEL_B14|XA10TEX|16|128|0|1|1|16|0|1600|5776|1600|5792|1|85|1
W|337|1|2|ADEL_B14|XA10TEX|32|128|0|1|1|32|0|1600|5792|1568|5792|1|85|1
W|347|1|2|ADEL_B14|XA10TEX|64|128|0|1|1|0|0|1568|5792|1568|5760|1|85|1
W|2133|1|2|ADEL_B14|XA10TEX|96|128|0|1|1|32|0|1568|5760|1568|5744|1|68|1
W|335|1|2|ADEL_B14|XA10TEX|112|128|0|1|1|48|0|1568|5744|1568|5696|1|86|1
W|338|0|2|ADEL_B14|XA10TEX|30|128|0|1|1|30|0|1600|6000|1616|5984|69|441|1
W|524|0|2|ADEL_B14|XA10TEX|52.627416998|128|0|1|1|53|0|1616|5984|1680|6000|69|441|1
W|523|0|2|ADEL_B14|XA10TEX|118.597107008|128|0|1|1|55|0|1680|6000|1712|6016|69|441|1
W|522|0|2|ADEL_B14|XA10TEX|154.374194648|128|0|1|1|27|0|1712|6016|1744|6000|69|441|1
W|399|0|2|ADEL_B14|XA10TEX|190.151282288|128|0|1|1|63|0|1744|6000|1792|5984|69|441|1
W|340|1|2|ADEL_B14|XA10TEX|23|128|0|1|1|23|0|1792|5952|1824|5952|1|70|1
W|397|1|2|ADEL_B14|XA10TEX|55|128|0|1|1|55|0|1824|5952|1824|5968|1|70|1
W|342|1|2|ADEL_B14|XA10TEX|50|128|0|1|1|50|0|1792|5984|1792|5952|69|70|1
W|343|0|2|ADEL_B14|XA10TEX|0|768|0|1|1|0|0|1568|5984|1568|6000|72|1|1
W|343|1|2|ADEL_B14|XA10TEX|39|128|0|1|1|39|0|1568|6000|1568|5984|1|72|1
W|344|0|2|ADEL_B14|XA10TEX|55|128|0|1|1|55|0|1568|5984|1584|5984|71|72|1
W|341|0|2|ADEL_B14|XA10TEX|71|128|0|1|1|7|0|1584|5984|1600|6000|71|72|1
W|346|1|2|ADEL_B14|XA10TEX|59|128|0|1|1|59|0|1600|5968|1632|5968|1|69|1
W|395|1|2|ADEL_B14|XA10TEX|91|128|0|1|1|27|0|1632|5968|1680|5984|1|69|1
W|371|1|2|ADEL_B14|XA10TEX|141.596442563|128|0|1|1|14|0|1680|5984|1696|5968|1|69|1
W|372|1|2|ADEL_B14|XA10TEX|164.223859561|128|0|1|1|37|0|1696|5968|1728|5984|1|69|1
W|345|1|2|ADEL_B14|XA10TEX|200.000947201|128|0|1|1|-51|0|1728|5984|1776|5968|1|69|1
W|339|1|2|ADEL_B14|XA10TEX|250.597389763|128|0|1|1|0|0|1776|5968|1792|5952|1|69|1
W|348|1|2|ADEL_B14|XA10TEX|59|128|0|1|1|59|0|1600|5968|1600|6000|69|71|1
W|349|1|2|ADEL_B14|XA10TEX|39|256|0|1|1|39|0|1568|6000|1600|6000|72|73|1
W|350|0|2|ADEL_B14|XA10TEX|0|768|0|1|1|0|0|1568|6000|1568|6080|73|1|1
W|350|1|2|ADEL_B14|XA10TEX|39|256|0|1|1|39|0|1568|6080|1568|6000|1|73|1
W|351|0|2|ADEL_B14|XA10TEX|0|768|0|1|1|0|0|1824|6080|1824|6000|83|1|1
W|351|1|2|ADEL_B14|XA10TEX|39|256|0|1|1|39|0|1824|6000|1824|6080|1|83|1
W|352|0|2|ADEL_B14|XA10TEX|30|256|0|1|1|30|0|1600|6080|1568|6080|74|73|1
W|352|1|2|ADEL_B14|XA10TEX|0|768|0|1|1|0|0|1568|6080|1600|6080|73|74|1
W|353|0|2|ADEL_B14|XA10TEX|0|768|0|1|1|0|0|1568|6080|1568|6144|74|1|1
W|353|1|2|ADEL_B14|XA10TEX|39|128|0|1|1|39|0|1568|6144|1568|6080|1|74|1
W|354|0|2|ADEL_B14|XA10TEX|0|768|0|1|1|0|0|1600|6144|1600|6080|74|441|1
W|354|1|2|ADEL_B14|XA10TEX|30|128|0|1|1|30|0|1600|6080|1600|6144|441|74|1
W|355|0|2|ADEL_B14|XA10TEX|0|768|0|1|1|0|0|1600|6144|1568|6144|75|74|1
W|355|1|2|ADEL_B14|XA10TEX|39|256|0|1|1|39|0|1568|6144|1600|6144|74|75|1
W|356|0|2|ADEL_B14|XA10TEX|0|768|0|1|1|0|0|1568|6144|1568|6208|75|1|1
W|356|1|2|ADEL_B14|XA10TEX|39|256|0|1|1|39|0|1568|6208|1568|6144|1|75|1
W|357|0|2|ADEL_B14|XA10TEX|0|768|0|1|1|0|0|1600|6208|1600|6144|75|441|1
W|357|1|2|ADEL_B14|XA10TEX|30|256|0|1|1|30|0|1600|6144|1600|6208|441|75|1
W|358|0|2|ADEL_B14|XA10TEX|30|256|0|1|1|30|0|1600|6208|1568|6208|76|75|1
W|358|1|2|ADEL_B14|XA10TEX|0|768|0|1|1|0|0|1568|6208|1600|6208|75|76|1
W|359|0|2|ADEL_B14|XA10TEX|0|768|0|1|1|0|0|1568|6208|1568|6272|76|1|1
W|359|1|2|ADEL_B14|XA10TEX|39|128|0|1|1|39|0|1568|6272|1568|6208|1|76|1
W|360|0|2|ADEL_B14|XA10TEX|0|768|0|1|1|0|0|1600|6272|1600|6208|76|441|1
W|360|1|2|ADEL_B14|XA10TEX|30|128|0|1|1|30|0|1600|6208|1600|6272|441|76|1
W|361|0|2|ADEL_B14|XA10TEX|0|768|0|1|1|0|0|1600|6272|1568|6272|77|76|1
W|361|1|2|ADEL_B14|XA10TEX|39|256|0|1|1|39|0|1568|6272|1600|6272|76|77|1
W|362|0|2|ADEL_B14|XA10TEX|0|768|0|1|1|0|0|1600|6336|1600|6272|77|441|1
W|362|1|2|ADEL_B14|XA10TEX|30|256|0|1|1|30|0|1600|6272|1600|6336|441|77|1
W|363|0|2|ADEL_B14|XA10TEX|0|768|0|1|1|0|0|1568|6272|1568|6336|77|1|1
W|364|0|2|ADEL_B14|XA10TEX|0|768|0|1|1|0|0|1600|6336|1792|6336|441|313|1
W|364|1|2|ADEL_B14|XA10TEX|7|128|0|1|1|7|0|1792|6336|1600|6336|313|441|1
W|365|1|2|ADEL_B14|XA10TEX|32|128|0|1|1|32|0|1600|5248|1792|5248|97|78|1
W|366|1|2|ADEL_B14|XA10TEX|32|256|0|1|1|32|0|1792|5312|1792|5248|78|95|1
W|367|1|2|ADEL_B14|XA10TEX|32|256|0|1|1|32|0|1792|5696|1792|5632|78|89|1
W|368|1|2|ADEL_B14|XA10TEX|0|128|0|1|1|0|0|1792|5760|1792|5696|78|88|1
W|369|0|2|ADEL_B14|XA10TEX|50|128|0|1|1|50|0|1792|5984|1808|5984|70|84|1
W|370|0|2|ADEL_B14|XA10TEX|66|128|0|1|1|2|0|1808|5984|1824|5968|70|84|1
W|373|0|2|ADEL_B14|XA10TEX|0|768|0|1|1|0|0|1792|6000|1792|6080|83|441|1
W|373|1|2|ADEL_B14|XA10TEX|7|256|0|1|1|7|0|1792|6080|1792|6000|441|83|1
W|374|0|2|ADEL_B14|XA10TEX|0|768|0|1|1|0|0|1792|6080|1792|6144|82|441|1
W|374|1|2|ADEL_B14|XA10TEX|7|128|0|1|1|7|0|1792|6144|1792|6080|441|82|1
W|375|0|2|ADEL_B14|XA10TEX|0|768|0|1|1|0|0|1792|6144|1792|6208|81|441|1
W|375|1|2|ADEL_B14|XA10TEX|7|256|0|1|1|7|0|1792|6208|1792|6144|441|81|1
W|376|0|2|ADEL_B14|XA10TEX|0|768|0|1|1|0|0|1792|6208|1792|6272|80|441|1
W|376|1|2|ADEL_B14|XA10TEX|7|128|0|1|1|7|0|1792|6272|1792|6208|441|80|1
W|377|0|2|ADEL_B14|XA10TEX|0|768|0|1|1|0|0|1792|6272|1792|6336|79|441|1
W|377|1|2|ADEL_B14|XA10TEX|7|256|0|1|1|7|0|1792|6336|1792|6272|441|79|1
W|378|1|2|ADEL_B14|XA10TEX|32|128|0|1|1|32|0|1792|5376|1792|5312|78|94|1
W|379|1|2|ADEL_B14|XA10TEX|32|256|0|1|1|32|0|1792|5440|1792|5376|78|93|1
W|380|1|2|ADEL_B14|XA10TEX|32|128|0|1|1|32|0|1792|5504|1792|5440|78|92|1
W|381|1|2|ADEL_B14|XA10TEX|32|256|0|1|1|32|0|1792|5568|1792|5504|78|91|1
W|382|1|2|ADEL_B14|XA10TEX|32|128|0|1|1|32|0|1792|5632|1792|5568|78|90|1
W|383|1|2|ADEL_B14|XA10TEX|39|256|0|1|1|39|0|1824|6272|1824|6336|1|79|1
W|384|1|2|ADEL_B14|XA10TEX|103|256|0|1|1|39|0|1824|6336|1792|6336|470|79|1
W|384|0|2|ADEL_B14|XA10TEX|0|768|0|1|1|0|0|1792|6336|1824|6336|79|470|1
W|383|0|2|ADEL_B14|XA10TEX|32|768|0|1|1|0|0|1824|6336|1824|6272|79|1|1
W|385|0|2|ADEL_B14|XA10TEX|0|768|0|1|1|0|0|1824|6272|1792|6272|79|80|1
W|385|1|2|ADEL_B14|XA10TEX|7|256|0|1|1|7|0|1792|6272|1824|6272|80|79|1
W|386|0|2|ADEL_B14|XA10TEX|0|768|0|1|1|0|0|1824|6272|1824|6208|80|1|1
W|386|1|2|ADEL_B14|XA10TEX|39|128|0|1|1|39|0|1824|6208|1824|6272|1|80|1
W|387|0|2|ADEL_B14|XA10TEX|39|256|0|1|1|39|0|1824|6208|1792|6208|80|81|1
W|387|1|2|ADEL_B14|XA10TEX|0|768|0|1|1|0|0|1792|6208|1824|6208|81|80|1
W|388|0|2|ADEL_B14|XA10TEX|0|768|0|1|1|0|0|1824|6208|1824|6144|81|1|1
W|388|1|2|ADEL_B14|XA10TEX|39|256|0|1|1|39|0|1824|6144|1824|6208|1|81|1
W|389|0|2|ADEL_B14|XA10TEX|0|768|0|1|1|0|0|1824|6144|1792|6144|81|82|1
W|389|1|2|ADEL_B14|XA10TEX|7|256|0|1|1|7|0|1792|6144|1824|6144|82|81|1
W|390|0|2|ADEL_B14|XA10TEX|0|768|0|1|1|0|0|1824|6144|1824|6080|82|1|1
W|390|1|2|ADEL_B14|XA10TEX|39|128|0|1|1|39|0|1824|6080|1824|6144|1|82|1
W|391|0|2|ADEL_B14|XA10TEX|39|256|0|1|1|39|0|1824|6080|1792|6080|82|83|1
W|391|1|2|ADEL_B14|XA10TEX|0|768|0|1|1|0|0|1792|6080|1824|6080|83|82|1
W|392|0|2|ADEL_B14|XA10TEX|0|768|0|1|1|0|0|1600|6080|1600|6000|73|441|1
W|349|0|2|ADEL_B14|XA10TEX|80|768|0|1|1|0|0|1600|6000|1568|6000|73|72|1
W|392|1|2|ADEL_B14|XA10TEX|30|256|0|1|1|30|0|1600|6000|1600|6080|441|73|1
W|393|0|2|ADEL_B14|XA10TEX|0|768|0|1|1|0|0|1824|6000|1792|6000|83|84|1
W|393|1|2|ADEL_B14|XA10TEX|7|256|0|1|1|7|0|1792|6000|1824|6000|84|83|1
W|394|0|2|ADEL_B14|XA10TEX|0|768|0|1|1|0|0|1824|6000|1824|5968|84|1|1
W|394|1|2|ADEL_B14|XA10TEX|7|128|0|1|1|7|0|1824|5968|1824|6000|1|84|1
W|400|0|2|ADEL_B14|XA10TEX|0|768|0|1|1|0|0|1824|5792|1824|5760|87|1|1
W|400|1|2|ADEL_B14|XA10TEX|32|128|0|1|1|32|0|1824|5760|1824|5792|1|87|1
W|402|1|2|ADEL_B14|XA10TEX|64|128|0|1|1|0|0|1824|5792|1792|5792|1|87|1
W|2181|1|2|ADEL_B14|XA10TEX|96|128|0|1|1|32|0|1792|5792|1792|5776|1|87|1
W|401|0|2|ADEL_B14|XA10TEX|0|256|0|1|1|0|0|1824|5696|1792|5696|88|89|1
W|404|0|2|ADEL_B14|XA10TEX|0|768|0|1|1|0|0|1824|5696|1824|5632|89|1|1
W|404|1|2|ADEL_B14|XA10TEX|0|256|0|1|1|0|0|1824|5632|1824|5696|1|89|1
W|405|0|2|ADEL_B14|XA10TEX|0|768|0|1|1|0|0|1824|5632|1792|5632|89|90|1
W|405|1|2|ADEL_B14|XA10TEX|32|256|0|1|1|32|0|1792|5632|1824|5632|90|89|1
W|406|0|2|ADEL_B14|XA10TEX|0|768|0|1|1|0|0|1824|5632|1824|5568|90|1|1
W|406|1|2|ADEL_B14|XA10TEX|0|128|0|1|1|0|0|1824|5568|1824|5632|1|90|1
W|407|0|2|ADEL_B14|XA10TEX|0|256|0|1|1|0|0|1824|5568|1792|5568|90|91|1
W|407|1|2|ADEL_B14|XA10TEX|0|768|0|1|1|0|0|1792|5568|1824|5568|91|90|1
W|408|0|2|ADEL_B14|XA10TEX|0|768|0|1|1|0|0|1824|5568|1824|5504|91|1|1
W|408|1|2|ADEL_B14|XA10TEX|0|256|0|1|1|0|0|1824|5504|1824|5568|1|91|1
W|409|0|2|ADEL_B14|XA10TEX|0|768|0|1|1|0|0|1824|5504|1792|5504|91|92|1
W|409|1|2|ADEL_B14|XA10TEX|32|256|0|1|1|32|0|1792|5504|1824|5504|92|91|1
W|410|0|2|ADEL_B14|XA10TEX|0|768|0|1|1|0|0|1824|5504|1824|5440|92|1|1
W|410|1|2|ADEL_B14|XA10TEX|0|128|0|1|1|0|0|1824|5440|1824|5504|1|92|1
W|411|0|2|ADEL_B14|XA10TEX|0|256|0|1|1|0|0|1824|5440|1792|5440|92|93|1
W|411|1|2|ADEL_B14|XA10TEX|0|768|0|1|1|0|0|1792|5440|1824|5440|93|92|1
W|412|0|2|ADEL_B14|XA10TEX|0|768|0|1|1|0|0|1824|5440|1824|5376|93|1|1
W|412|1|2|ADEL_B14|XA10TEX|0|256|0|1|1|0|0|1824|5376|1824|5440|1|93|1
W|413|0|2|ADEL_B14|XA10TEX|0|768|0|1|1|0|0|1824|5376|1792|5376|93|94|1
W|413|1|2|ADEL_B14|XA10TEX|32|256|0|1|1|32|0|1792|5376|1824|5376|94|93|1
W|414|0|2|ADEL_B14|XA10TEX|0|768|0|1|1|0|0|1824|5376|1824|5312|94|1|1
W|414|1|2|ADEL_B14|XA10TEX|0|128|0|1|1|0|0|1824|5312|1824|5376|1|94|1
W|415|0|2|ADEL_B14|XA10TEX|0|256|0|1|1|0|0|1824|5312|1792|5312|94|95|1
W|415|1|2|ADEL_B14|XA10TEX|0|768|0|1|1|0|0|1792|5312|1824|5312|95|94|1
W|416|1|2|ADEL_B14|XA10TEX|32|256|0|1|1|32|0|1792|5248|1824|5248|444|95|1
W|417|1|2|ADEL_B14|XA10TEX|64|256|0|1|1|0|0|1824|5248|1824|5312|1|95|1
W|417|0|2|ADEL_B14|XA10TEX|0|768|0|1|1|0|0|1824|5312|1824|5248|95|1|1
W|438|1|2|ADEL_B14|XA10TEX|55|128|0|1|1|55|0|1568|5984|1568|5968|1|71|1
W|396|1|2|ADEL_B14|XA10TEX|71|128|0|1|1|7|0|1568|5968|1600|5952|1|71|1
W|398|1|2|ADEL_B14|XA10TEX|106.77708764|128|0|1|1|43|0|1600|5952|1600|5968|1|71|1
W|521|0|2|ADEL_B14|XA10TEX|0|768|0|1|1|0|0|1792|5984|1792|6000|84|441|1
W|521|1|2|ADEL_B14|XA10TEX|7|128|0|1|1|7|0|1792|6000|1792|5984|441|84|1
W|538|0|2|ADEL_B14|XA10TEX|40|384|0|1|1|-24|0|-32|3168|-32|3232|1|193|1
W|538|1|2|ADEL_B14|XA10TEX|0|768|0|1|1|0|0|-32|3232|-32|3168|193|1|1
W|539|0|2|ADEL_B14|XA10TEX|61|384|0|1|1|-3|0|-1312|3168|-1248|3168|1|212|1
W|539|1|2|ADEL_B14|XA10TEX|0|768|0|1|1|0|0|-1248|3168|-1312|3168|212|1|1
W|543|0|2|ADEL_B14|XA10TEX|61|384|0|1|1|-3|0|-2208|3168|-2144|3168|108|152|1
W|543|1|2|ADEL_B14|XA10TEX|0|768|0|1|1|0|0|-2144|3168|-2208|3168|152|108|1
W|544|0|2|ADEL_B14|XA10TEX|8|384|0|1|1|-56|0|-2336|3040|-2256|3120|108|150|1
W|544|1|2|ADEL_B14|XA10TEX|0|768|0|1|1|0|0|-2256|3120|-2336|3040|150|108|1
W|545|0|2|ADEL_B14|XA10TEX|29|384|0|1|1|-35|0|-160|4064|-160|4128|9|180|1
W|545|1|2|ADEL_B14|XA10TEX|0|768|0|1|1|0|0|-160|4128|-160|4064|180|9|1
W|546|0|2|ADEL_B14|XA10TEX|9|384|0|1|1|-55|0|-160|5216|-224|5216|9|161|1
W|546|1|2|ADEL_B14|XA10TEX|0|768|0|1|1|0|0|-224|5216|-160|5216|161|9|1
W|547|0|2|ADEL_B14|XA10TEX|31|384|0|1|1|-33|0|-2208|5088|-2272|5152|9|154|1
W|547|1|2|ADEL_B14|XA10TEX|0|768|0|1|1|0|0|-2272|5152|-2208|5088|154|9|1
W|548|0|2|ADEL_B14|XA10TEX|0|384|0|1|1|0|0|-2464|4832|-2464|4768|9|118|1
W|548|1|2|ADEL_B14|XA10TEX|0|768|0|1|1|0|0|-2464|4768|-2464|4832|118|9|1
W|549|0|2|ADEL_B14|XA10TEX|11|384|0|1|1|-53|0|-2592|5088|-2592|5024|9|115|1
W|549|1|2|ADEL_B14|XA10TEX|0|768|0|1|1|0|0|-2592|5024|-2592|5088|115|9|1
W|550|0|2|ADEL_B14|XA10TEX|11|384|0|1|1|-53|0|-2592|4960|-2512|4880|9|116|1
W|550|1|2|ADEL_B14|XA10TEX|0|768|0|1|1|0|0|-2512|4880|-2592|4960|116|9|1
W|551|0|2|ADEL_B14|XA10TEX|21|384|0|1|1|-43|0|-2464|5216|-2528|5152|9|113|1
W|551|1|2|ADEL_B14|XA10TEX|0|768|0|1|1|0|0|-2528|5152|-2464|5216|113|9|1
W|552|0|2|ADEL_B14|XA10TEX|0|768|0|1|1|0|0|-2400|5216|-2336|5216|112|9|1
W|552|1|2|ADEL_B14|XA10TEX|21|384|0|1|1|-43|0|-2336|5216|-2400|5216|9|112|1
W|553|0|2|ADEL_B14|XA10TEX|63|384|0|1|1|-1|0|-416|5088|-480|5088|9|158|1
W|553|1|2|ADEL_B14|XA10TEX|0|768|0|1|1|0|0|-480|5088|-416|5088|158|9|1
W|554|0|2|ADEL_B14|XA10TEX|9|384|0|1|1|-55|0|-288|5216|-352|5152|9|159|1
W|554|1|2|ADEL_B14|XA10TEX|0|768|0|1|1|0|0|-352|5152|-288|5216|159|9|1
W|555|0|2|ADEL_B14|XA10TEX|29|384|0|1|1|-35|0|-160|4832|-96|4896|9|167|1
W|555|1|2|ADEL_B14|XA10TEX|0|768|0|1|1|0|0|-96|4896|-160|4832|167|9|1
W|556|0|2|ADEL_B14|XA10TEX|19|384|0|1|1|-45|0|-32|5088|-96|5152|9|163|1
W|556|1|2|ADEL_B14|XA10TEX|0|768|0|1|1|0|0|-96|5152|-32|5088|163|9|1
W|557|0|2|ADEL_B14|XA10TEX|19|384|0|1|1|-45|0|-32|4960|-32|5024|9|165|1
W|557|1|2|ADEL_B14|XA10TEX|0|768|0|1|1|0|0|-32|5024|-32|4960|165|9|1
W|558|0|2|ADEL_B14|XA10TEX|50|384|0|1|1|-14|0|-288|3040|-224|3040|1|196|1
W|558|1|2|ADEL_B14|XA10TEX|0|768|0|1|1|0|0|-224|3040|-288|3040|196|1|1
W|559|0|2|ADEL_B14|XA10TEX|61|384|0|1|1|-3|0|-416|3168|-368|3120|1|198|1
W|559|1|2|ADEL_B14|XA10TEX|0|768|0|1|1|0|0|-368|3120|-416|3168|198|1|1
W|560|0|2|ADEL_B14|XA10TEX|40|384|0|1|1|-24|0|-32|3296|-112|3376|1|191|1
W|560|1|2|ADEL_B14|XA10TEX|0|768|0|1|1|0|0|-112|3376|-32|3296|191|1|1
W|561|0|2|ADEL_B14|XA10TEX|29|384|0|1|1|-35|0|-160|3424|-160|3488|1|189|1
W|561|1|2|ADEL_B14|XA10TEX|0|768|0|1|1|0|0|-160|3488|-160|3424|189|1|1
W|562|0|2|ADEL_B14|XA10TEX|50|384|0|1|1|-14|0|-160|3040|-96|3104|1|195|1
W|562|1|2|ADEL_B14|XA10TEX|0|768|0|1|1|0|0|-96|3104|-160|3040|195|1|1
W|563|0|2|ADEL_B14|XA10TEX|29|384|0|1|1|-35|0|-2464|3552|-2464|3488|108|140|1
W|563|1|2|ADEL_B14|XA10TEX|0|768|0|1|1|0|0|-2464|3488|-2464|3552|140|108|1
W|564|0|2|ADEL_B14|XA10TEX|29|384|0|1|1|-35|0|-2464|3424|-2512|3376|108|142|1
W|564|1|2|ADEL_B14|XA10TEX|0|768|0|1|1|0|0|-2512|3376|-2464|3424|142|108|1
W|566|0|2|ADEL_B14|XA10TEX|18|384|0|1|1|-46|0|-2592|3296|-2592|3232|108|144|1
W|566|1|2|ADEL_B14|XA10TEX|0|768|0|1|1|0|0|-2592|3232|-2592|3296|144|108|1
W|567|0|2|ADEL_B14|XA10TEX|18|384|0|1|1|-46|0|-2592|3168|-2528|3104|108|146|1
W|567|1|2|ADEL_B14|XA10TEX|0|768|0|1|1|0|0|-2528|3104|-2592|3168|146|108|1
W|568|0|2|ADEL_B14|XA10TEX|8|384|0|1|1|-56|0|-2464|3040|-2400|3040|108|148|1
W|568|1|2|ADEL_B14|XA10TEX|0|768|0|1|1|0|0|-2400|3040|-2464|3040|148|108|1
W|569|1|2|ADEL_B14|XA10TEX|47|384|0|1|1|-17|0|-2512|3120|-2560|3168|355|146|1
W|570|1|2|ADEL_B14|XA10TEX|43|384|0|1|1|-21|0|-2400|3072|-2464|3072|355|148|1
W|571|1|2|ADEL_B14|XA10TEX|16|384|0|1|1|-48|0|-2272|3136|-2336|3072|355|150|1
W|572|1|2|ADEL_B14|XA10TEX|53|384|0|1|1|-11|0|-2144|3200|-2208|3200|355|152|1
W|573|0|2|ADEL_B14|XA10TEX|0|768|0|1|1|0|0|-2208|5056|-2288|5136|154|356|1
W|573|1|2|ADEL_B14|XA10TEX|14|384|0|1|1|-50|0|-2288|5136|-2208|5056|356|154|1
W|574|0|2|ADEL_B14|XA10TEX|0|768|0|1|1|0|0|-2336|5184|-2400|5184|112|356|1
W|574|1|2|ADEL_B14|XA10TEX|10|384|0|1|1|-54|0|-2400|5184|-2336|5184|356|112|1
W|575|0|2|ADEL_B14|XA10TEX|0|768|0|1|1|0|0|-2464|5184|-2512|5136|113|356|1
W|575|1|2|ADEL_B14|XA10TEX|6|384|0|1|1|-58|0|-2512|5136|-2464|5184|356|113|1
W|576|0|2|ADEL_B14|XA10TEX|0|768|0|1|1|0|0|-2560|5088|-2560|5024|115|356|1
W|576|1|2|ADEL_B14|XA10TEX|2|384|0|1|1|-62|0|-2560|5024|-2560|5088|356|115|1
W|577|0|2|ADEL_B14|XA10TEX|0|768|0|1|1|0|0|-2560|4960|-2496|4896|116|356|1
W|577|1|2|ADEL_B14|XA10TEX|39|384|0|1|1|-25|0|-2496|4896|-2560|4960|356|116|1
W|578|0|2|ADEL_B14|XA10TEX|0|768|0|1|1|0|0|-2432|4832|-2432|4768|118|356|1
W|578|1|2|ADEL_B14|XA10TEX|12|384|0|1|1|-52|0|-2432|4768|-2432|4832|356|118|1
W|579|1|2|ADEL_B14|XA10TEX|14|384|0|1|1|-50|0|-2496|3360|-2432|3424|355|142|1
W|580|1|2|ADEL_B14|XA10TEX|51|384|0|1|1|-13|0|-2560|3232|-2560|3296|355|144|1
W|581|1|2|ADEL_B14|XA10TEX|63|384|0|1|1|-1|0|-224|3072|-288|3072|357|196|1
W|582|1|2|ADEL_B14|XA10TEX|59|384|0|1|1|-5|0|-112|3120|-160|3072|357|195|1
W|583|1|2|ADEL_B14|XA10TEX|55|384|0|1|1|-9|0|-64|3232|-64|3168|357|193|1
W|584|1|2|ADEL_B14|XA10TEX|26|384|0|1|1|-38|0|-352|3136|-416|3200|357|198|1
W|585|1|2|ADEL_B14|XA10TEX|28|384|0|1|1|-36|0|-128|3360|-64|3296|357|191|1
W|586|1|2|ADEL_B14|XA10TEX|1|384|0|1|1|-63|0|-192|3488|-192|3424|357|189|1
W|587|1|2|ADEL_B14|XA10TEX|3|384|0|1|1|-61|0|-224|5184|-160|5184|256|161|1
W|588|1|2|ADEL_B14|XA10TEX|7|384|0|1|1|-57|0|-112|5136|-64|5088|256|163|1
W|589|1|2|ADEL_B14|XA10TEX|63|384|0|1|1|-1|0|-336|5136|-288|5184|256|159|1
W|590|1|2|ADEL_B14|XA10TEX|14|384|0|1|1|-50|0|-480|5056|-416|5056|256|158|1
W|591|1|2|ADEL_B14|XA10TEX|11|384|0|1|1|-53|0|-64|5024|-64|4960|256|165|1
W|592|1|2|ADEL_B14|XA10TEX|38|384|0|1|1|-26|0|-128|4896|-192|4832|256|167|1
W|593|0|2|ADEL_B14|XA10TEX|38|256|0|1|1|38|0|-2384|4128|-2336|4128|490|385|1
W|2107|0|2|ADEL_B14|XA10TEX|86|256|0|1|1|22|0|-2336|4128|-2288|4096|490|385|1
W|2174|0|2|ADEL_B14|XA10TEX|143.688820407|256|0|1|1|16|0|-2288|4096|-2272|4096|490|385|1
W|1592|1|2|ADEL_B14|XA10TEX|159.688820407|256|0|1|1|32|0|-2272|4096|-2272|4144|489|385|1
W|594|1|2|ADEL_B14|XA10TEX|63|256|0|1|1|-1|0|-1280|4896|-480|4896|359|256|1
W|1856|0|2|ADEL_B14|XA10TEX|351|256|0|1|1|-33|0|-480|4896|-452|4901|359|256|1
W|1855|0|2|ADEL_B14|XA10TEX|379.442925307|256|0|1|1|-5|0|-452|4901|-424|4899|359|256|1
W|1854|0|2|ADEL_B14|XA10TEX|407.514263002|256|0|1|1|-41|0|-424|4899|-398|4889|359|256|1
W|1853|0|2|ADEL_B14|XA10TEX|435.371039556|256|0|1|1|-13|0|-398|4889|-375|4872|359|256|1
W|1852|0|2|ADEL_B14|XA10TEX|463.971738848|256|0|1|1|-48|0|-375|4872|-358|4849|359|256|1
W|1851|0|2|ADEL_B14|XA10TEX|492.572438141|256|0|1|1|-19|0|-358|4849|-348|4823|359|256|1
W|1850|0|2|ADEL_B14|XA10TEX|8.429214695|256|0|1|1|-55|0|-348|4823|-346|4795|359|256|1
W|599|0|2|ADEL_B14|XA10TEX|36.50055239|256|0|1|1|-27|0|-346|4795|-352|4768|359|256|1
W|2072|1|2|ADEL_B14|XA10TEX|64.159185762|256|0|1|1|-63|0|-352|4768|-352|4224|359|256|1
W|2184|1|2|ADEL_B14|XA10TEX|96.159185762|256|0|1|1|-63|0|-352|4224|-352|3488|489|357|1
W|1849|0|2|ADEL_B14|XA10TEX|320.159185762|256|0|1|1|-63|0|-352|3488|-346|3460|489|357|1
W|1848|0|2|ADEL_B14|XA10TEX|348.794827889|256|0|1|1|-34|0|-346|3460|-348|3432|489|357|1
W|1847|0|2|ADEL_B14|XA10TEX|376.866165584|256|0|1|1|-6|0|-348|3432|-358|3406|489|357|1
W|1846|0|2|ADEL_B14|XA10TEX|404.722942138|256|0|1|1|-42|0|-358|3406|-375|3383|489|357|1
W|1845|0|2|ADEL_B14|XA10TEX|433.32364143|256|0|1|1|-13|0|-375|3383|-398|3366|489|357|1
W|1844|0|2|ADEL_B14|XA10TEX|461.924340723|256|0|1|1|-48|0|-398|3366|-424|3356|489|357|1
W|1843|0|2|ADEL_B14|XA10TEX|489.781117277|256|0|1|1|-20|0|-424|3356|-452|3354|489|357|1
W|598|0|2|ADEL_B14|XA10TEX|5.852454972|256|0|1|1|-56|0|-452|3354|-480|3360|489|357|1
W|1480|1|2|ADEL_B14|XA10TEX|34.488097099|256|0|1|1|-27|0|-480|3360|-576|3360|489|357|1
W|1230|1|2|ADEL_B14|XA10TEX|130.488097099|256|0|1|1|-27|0|-576|3360|-1216|3360|489|354|1
W|1231|0|2|ADEL_B14|XA10TEX|258.488097099|256|0|1|1|-59|0|-1216|3360|-1232|3360|318|354|1
W|1455|0|2|ADEL_B14|XA10TEX|274.488097099|256|0|1|1|-59|0|-1232|3360|-1392|3360|323|354|1
W|1435|0|2|ADEL_B14|XA10TEX|434.488097099|256|0|1|1|-59|0|-1392|3360|-1408|3360|320|354|1
W|1483|1|2|ADEL_B14|XA10TEX|450.488097099|256|0|1|1|-59|0|-1408|3360|-2112|3360|489|354|1
W|597|1|2|ADEL_B14|XA10TEX|130.488097099|256|0|1|1|-59|0|-2112|3360|-2144|3360|489|355|1
W|1842|0|2|ADEL_B14|XA10TEX|162.488097099|256|0|1|1|-27|0|-2144|3360|-2170|3357|489|355|1
W|1841|0|2|ADEL_B14|XA10TEX|188.660601755|256|0|1|1|-1|0|-2170|3357|-2196|3362|489|355|1
W|1840|0|2|ADEL_B14|XA10TEX|215.137006345|256|0|1|1|-39|0|-2196|3362|-2221|3373|489|355|1
W|1839|0|2|ADEL_B14|XA10TEX|242.450006913|256|0|1|1|-12|0|-2221|3373|-2242|3389|489|355|1
W|1838|0|2|ADEL_B14|XA10TEX|268.850764477|256|0|1|1|-50|0|-2242|3389|-2258|3410|489|355|1
W|1837|0|2|ADEL_B14|XA10TEX|295.251522042|256|0|1|1|-24|0|-2258|3410|-2269|3435|489|355|1
W|1836|0|2|ADEL_B14|XA10TEX|322.56452261|256|0|1|1|-61|0|-2269|3435|-2274|3461|489|355|1
W|596|0|2|ADEL_B14|XA10TEX|349.0409272|256|0|1|1|-35|0|-2274|3461|-2272|3488|489|355|1
W|1588|1|2|ADEL_B14|XA10TEX|376.114899941|256|0|1|1|-8|0|-2272|3488|-2272|3904|489|355|1
W|601|1|2|ADEL_B14|XA10TEX|11|256|0|1|1|-53|0|-64|4960|-128|4896|256|166|1
W|602|0|2|ADEL_B14|XA10TEX|56|256|0|1|1|-8|0|-96|4896|-32|4960|9|166|1
W|602|1|2|ADEL_B14|XA10TEX|0|768|0|1|1|0|0|-32|4960|-96|4896|166|9|1
W|603|1|2|ADEL_B14|XA10TEX|11|256|0|1|1|-53|0|-64|5088|-64|5024|256|164|1
W|604|0|2|ADEL_B14|XA10TEX|19|256|0|1|1|-45|0|-32|5024|-32|5088|9|164|1
W|604|1|2|ADEL_B14|XA10TEX|0|768|0|1|1|0|0|-32|5088|-32|5024|164|9|1
W|605|0|2|ADEL_B14|XA10TEX|46|256|0|1|1|-18|0|-96|5152|-160|5216|9|162|1
W|605|1|2|ADEL_B14|XA10TEX|0|768|0|1|1|0|0|-160|5216|-96|5152|162|9|1
W|606|1|2|ADEL_B14|XA10TEX|3|256|0|1|1|-61|0|-160|5184|-112|5136|256|162|1
W|607|1|2|ADEL_B14|XA10TEX|3|256|0|1|1|-61|0|-288|5184|-224|5184|256|160|1
W|608|0|2|ADEL_B14|XA10TEX|9|256|0|1|1|-55|0|-224|5216|-288|5216|9|160|1
W|608|1|2|ADEL_B14|XA10TEX|0|768|0|1|1|0|0|-288|5216|-224|5216|160|9|1
W|609|0|2|ADEL_B14|XA10TEX|36|256|0|1|1|-28|0|-352|5152|-416|5088|9|157|1
W|609|1|2|ADEL_B14|XA10TEX|0|768|0|1|1|0|0|-416|5088|-352|5152|157|9|1
W|610|1|2|ADEL_B14|XA10TEX|14|256|0|1|1|-50|0|-416|5056|-336|5136|256|157|1
W|611|1|2|ADEL_B14|XA10TEX|1|256|0|1|1|-63|0|-192|3424|-128|3360|357|190|1
W|612|0|2|ADEL_B14|XA10TEX|25|256|0|1|1|-39|0|-112|3376|-160|3424|1|190|1
W|612|1|2|ADEL_B14|XA10TEX|0|768|0|1|1|0|0|-160|3424|-112|3376|190|1|1
W|613|1|2|ADEL_B14|XA10TEX|55|256|0|1|1|-9|0|-64|3296|-64|3232|357|192|1
W|614|0|2|ADEL_B14|XA10TEX|40|256|0|1|1|-24|0|-32|3232|-32|3296|1|192|1
W|614|1|2|ADEL_B14|XA10TEX|0|768|0|1|1|0|0|-32|3296|-32|3232|192|1|1
W|615|1|2|ADEL_B14|XA10TEX|55|256|0|1|1|-9|0|-64|3168|-112|3120|357|194|1
W|616|0|2|ADEL_B14|XA10TEX|13|256|0|1|1|-51|0|-96|3104|-32|3168|1|194|1
W|616|1|2|ADEL_B14|XA10TEX|0|768|0|1|1|0|0|-32|3168|-96|3104|194|1|1
W|617|1|2|ADEL_B14|XA10TEX|63|256|0|1|1|-1|0|-160|3072|-224|3072|357|179|1
W|618|1|2|ADEL_B14|XA10TEX|63|256|0|1|1|-1|0|-288|3072|-352|3136|357|197|1
W|619|0|2|ADEL_B14|XA10TEX|1|256|0|1|1|-63|0|-368|3120|-288|3040|1|197|1
W|619|1|2|ADEL_B14|XA10TEX|0|768|0|1|1|0|0|-288|3040|-368|3120|197|1|1
W|620|1|2|ADEL_B14|XA10TEX|51|256|0|1|1|-13|0|-2560|3296|-2496|3360|355|143|1
W|621|0|2|ADEL_B14|XA10TEX|33|256|0|1|1|-31|0|-2512|3376|-2592|3296|108|143|1
W|621|1|2|ADEL_B14|XA10TEX|0|768|0|1|1|0|0|-2592|3296|-2512|3376|143|108|1
W|622|1|2|ADEL_B14|XA10TEX|51|256|0|1|1|-13|0|-2560|3168|-2560|3232|355|145|1
W|623|0|2|ADEL_B14|XA10TEX|18|256|0|1|1|-46|0|-2592|3232|-2592|3168|108|145|1
W|623|1|2|ADEL_B14|XA10TEX|0|768|0|1|1|0|0|-2592|3168|-2592|3232|145|108|1
W|624|1|2|ADEL_B14|XA10TEX|43|256|0|1|1|-21|0|-2464|3072|-2512|3120|355|147|1
W|625|0|2|ADEL_B14|XA10TEX|45|256|0|1|1|-19|0|-2528|3104|-2464|3040|108|147|1
W|625|1|2|ADEL_B14|XA10TEX|0|768|0|1|1|0|0|-2464|3040|-2528|3104|147|108|1
W|626|1|2|ADEL_B14|XA10TEX|43|256|0|1|1|-21|0|-2336|3072|-2400|3072|355|149|1
W|627|0|2|ADEL_B14|XA10TEX|8|256|0|1|1|-56|0|-2400|3040|-2336|3040|108|149|1
W|627|1|2|ADEL_B14|XA10TEX|0|768|0|1|1|0|0|-2336|3040|-2400|3040|149|108|1
W|628|1|2|ADEL_B14|XA10TEX|53|256|0|1|1|-11|0|-2208|3200|-2272|3136|355|151|1
W|629|0|2|ADEL_B14|XA10TEX|57|256|0|1|1|-7|0|-2256|3120|-2208|3168|108|151|1
W|629|1|2|ADEL_B14|XA10TEX|0|768|0|1|1|0|0|-2208|3168|-2256|3120|151|108|1
W|630|0|2|ADEL_B14|XA10TEX|0|768|0|1|1|0|0|-2496|4896|-2432|4832|119|356|1
W|630|1|2|ADEL_B14|XA10TEX|12|256|0|1|1|-52|0|-2432|4832|-2496|4896|356|119|1
W|631|0|2|ADEL_B14|XA10TEX|60|256|0|1|1|-4|0|-2512|4880|-2464|4832|9|119|1
W|631|1|2|ADEL_B14|XA10TEX|0|768|0|1|1|0|0|-2464|4832|-2512|4880|119|9|1
W|632|0|2|ADEL_B14|XA10TEX|0|768|0|1|1|0|0|-2560|5024|-2560|4960|117|356|1
W|632|1|2|ADEL_B14|XA10TEX|2|256|0|1|1|-62|0|-2560|4960|-2560|5024|356|117|1
W|633|0|2|ADEL_B14|XA10TEX|11|256|0|1|1|-53|0|-2592|5024|-2592|4960|9|117|1
W|633|1|2|ADEL_B14|XA10TEX|0|768|0|1|1|0|0|-2592|4960|-2592|5024|117|9|1
W|634|0|2|ADEL_B14|XA10TEX|0|768|0|1|1|0|0|-2512|5136|-2560|5088|114|356|1
W|634|1|2|ADEL_B14|XA10TEX|2|256|0|1|1|-62|0|-2560|5088|-2512|5136|356|114|1
W|635|0|2|ADEL_B14|XA10TEX|48|256|0|1|1|-16|0|-2528|5152|-2592|5088|9|114|1
W|635|1|2|ADEL_B14|XA10TEX|0|768|0|1|1|0|0|-2592|5088|-2528|5152|114|9|1
W|636|0|2|ADEL_B14|XA10TEX|0|768|0|1|1|0|0|-2400|5184|-2464|5184|109|356|1
W|636|1|2|ADEL_B14|XA10TEX|10|256|0|1|1|-54|0|-2464|5184|-2400|5184|356|109|1
W|637|0|2|ADEL_B14|XA10TEX|21|256|0|1|1|-43|0|-2400|5216|-2464|5216|9|109|1
W|637|1|2|ADEL_B14|XA10TEX|0|768|0|1|1|0|0|-2464|5216|-2400|5216|109|9|1
W|638|0|2|ADEL_B14|XA10TEX|0|768|0|1|1|0|0|-2288|5136|-2336|5184|153|356|1
W|638|1|2|ADEL_B14|XA10TEX|10|256|0|1|1|-54|0|-2336|5184|-2288|5136|356|153|1
W|639|0|2|ADEL_B14|XA10TEX|58|256|0|1|1|-6|0|-2272|5152|-2336|5216|9|153|1
W|639|1|2|ADEL_B14|XA10TEX|0|768|0|1|1|0|0|-2336|5216|-2272|5152|153|9|1
W|640|0|2|ADEL_B14|XA10TEX|50|256|0|1|1|-14|0|-224|3040|-160|3040|1|179|1
W|640|1|2|ADEL_B14|XA10TEX|0|768|0|1|1|0|0|-160|3040|-224|3040|179|1|1
W|641|0|2|ADEL_B14|XA10TEX|61|256|0|1|1|-3|0|-2144|3168|-2080|3168|108|225|1
W|641|1|2|ADEL_B14|XA10TEX|0|768|0|1|1|0|0|-2080|3168|-2144|3168|225|108|1
W|643|0|2|ADEL_B14|XA10TEX|61|384|0|1|1|-3|0|-2080|3168|-2016|3168|108|224|1
W|643|1|2|ADEL_B14|XA10TEX|0|768|0|1|1|0|0|-2016|3168|-2080|3168|224|108|1
W|644|1|2|ADEL_B14|XA10TEX|53|384|0|1|1|-11|0|-2016|3200|-2080|3200|354|224|1
W|645|0|2|ADEL_B14|XA10TEX|61|256|0|1|1|-3|0|-2016|3168|-1952|3168|108|223|1
W|645|1|2|ADEL_B14|XA10TEX|0|768|0|1|1|0|0|-1952|3168|-2016|3168|223|108|1
W|646|1|2|ADEL_B14|XA10TEX|53|256|0|1|1|-11|0|-1952|3200|-2016|3200|354|223|1
W|647|0|2|ADEL_B14|XA10TEX|61|384|0|1|1|-3|0|-1952|3168|-1888|3168|108|222|1
W|647|1|2|ADEL_B14|XA10TEX|0|768|0|1|1|0|0|-1888|3168|-1952|3168|222|108|1
W|648|1|2|ADEL_B14|XA10TEX|53|384|0|1|1|-11|0|-1888|3200|-1952|3200|354|222|1
W|649|0|2|ADEL_B14|XA10TEX|61|256|0|1|1|-3|0|-1888|3168|-1824|3168|108|221|1
W|649|1|2|ADEL_B14|XA10TEX|0|768|0|1|1|0|0|-1824|3168|-1888|3168|221|108|1
W|650|1|2|ADEL_B14|XA10TEX|53|256|0|1|1|-11|0|-1824|3200|-1888|3200|354|221|1
W|651|0|2|ADEL_B14|XA10TEX|61|384|0|1|1|-3|0|-1824|3168|-1760|3168|108|220|1
W|651|1|2|ADEL_B14|XA10TEX|0|768|0|1|1|0|0|-1760|3168|-1824|3168|220|108|1
W|652|1|2|ADEL_B14|XA10TEX|53|384|0|1|1|-11|0|-1760|3200|-1824|3200|354|220|1
W|653|0|2|ADEL_B14|XA10TEX|61|256|0|1|1|-3|0|-1760|3168|-1696|3168|108|219|1
W|653|1|2|ADEL_B14|XA10TEX|0|768|0|1|1|0|0|-1696|3168|-1760|3168|219|108|1
W|654|1|2|ADEL_B14|XA10TEX|53|256|0|1|1|-11|0|-1696|3200|-1760|3200|354|219|1
W|655|0|2|ADEL_B14|XA10TEX|61|384|0|1|1|-3|0|-1696|3168|-1632|3168|108|218|1
W|655|1|2|ADEL_B14|XA10TEX|0|768|0|1|1|0|0|-1632|3168|-1696|3168|218|108|1
W|656|1|2|ADEL_B14|XA10TEX|53|384|0|1|1|-11|0|-1632|3200|-1696|3200|354|218|1
W|657|0|2|ADEL_B14|XA10TEX|61|256|0|1|1|-3|0|-1632|3168|-1568|3168|108|217|1
W|657|1|2|ADEL_B14|XA10TEX|0|768|0|1|1|0|0|-1568|3168|-1632|3168|217|108|1
W|658|1|2|ADEL_B14|XA10TEX|53|256|0|1|1|-11|0|-1568|3200|-1632|3200|354|217|1
W|659|0|2|ADEL_B14|XA10TEX|61|384|0|1|1|-3|0|-1568|3168|-1504|3168|108|216|1
W|659|1|2|ADEL_B14|XA10TEX|0|768|0|1|1|0|0|-1504|3168|-1568|3168|216|108|1
W|660|1|2|ADEL_B14|XA10TEX|53|384|0|1|1|-11|0|-1504|3200|-1568|3200|354|216|1
W|661|0|2|ADEL_B14|XA10TEX|61|256|0|1|1|-3|0|-1504|3168|-1440|3168|108|215|1
W|661|1|2|ADEL_B14|XA10TEX|0|768|0|1|1|0|0|-1440|3168|-1504|3168|215|108|1
W|662|1|2|ADEL_B14|XA10TEX|53|256|0|1|1|-11|0|-1440|3200|-1504|3200|354|215|1
W|663|0|2|ADEL_B14|XA10TEX|61|384|0|1|1|-3|0|-1440|3168|-1376|3168|108|214|1
W|663|1|2|ADEL_B14|XA10TEX|0|768|0|1|1|0|0|-1376|3168|-1440|3168|214|108|1
W|664|1|2|ADEL_B14|XA10TEX|53|384|0|1|1|-11|0|-1376|3200|-1440|3200|354|214|1
W|665|0|2|ADEL_B14|XA10TEX|61|256|0|1|1|-3|0|-1376|3168|-1312|3168|108|213|1
W|665|1|2|ADEL_B14|XA10TEX|0|768|0|1|1|0|0|-1312|3168|-1376|3168|213|108|1
W|666|1|2|ADEL_B14|XA10TEX|53|256|0|1|1|-11|0|-1312|3200|-1376|3200|354|213|1
W|667|0|2|ADEL_B14|XA10TEX|61|256|0|1|1|-3|0|-1248|3168|-1184|3168|1|211|1
W|667|1|2|ADEL_B14|XA10TEX|0|768|0|1|1|0|0|-1184|3168|-1248|3168|211|1|1
W|668|1|2|ADEL_B14|XA10TEX|53|256|0|1|1|-11|0|-1184|3200|-1248|3200|354|211|1
W|669|0|2|ADEL_B14|XA10TEX|61|384|0|1|1|-3|0|-1184|3168|-1120|3168|1|210|1
W|669|1|2|ADEL_B14|XA10TEX|0|768|0|1|1|0|0|-1120|3168|-1184|3168|210|1|1
W|670|1|2|ADEL_B14|XA10TEX|53|384|0|1|1|-11|0|-1120|3200|-1184|3200|354|210|1
W|671|0|2|ADEL_B14|XA10TEX|61|256|0|1|1|-3|0|-1120|3168|-1056|3168|1|209|1
W|671|1|2|ADEL_B14|XA10TEX|0|768|0|1|1|0|0|-1056|3168|-1120|3168|209|1|1
W|672|1|2|ADEL_B14|XA10TEX|53|256|0|1|1|-11|0|-1056|3200|-1120|3200|354|209|1
W|673|0|2|ADEL_B14|XA10TEX|61|384|0|1|1|-3|0|-1056|3168|-992|3168|1|208|1
W|673|1|2|ADEL_B14|XA10TEX|0|768|0|1|1|0|0|-992|3168|-1056|3168|208|1|1
W|674|1|2|ADEL_B14|XA10TEX|53|384|0|1|1|-11|0|-992|3200|-1056|3200|354|208|1
W|675|0|2|ADEL_B14|XA10TEX|61|256|0|1|1|-3|0|-992|3168|-928|3168|1|207|1
W|675|1|2|ADEL_B14|XA10TEX|0|768|0|1|1|0|0|-928|3168|-992|3168|207|1|1
W|676|1|2|ADEL_B14|XA10TEX|53|256|0|1|1|-11|0|-928|3200|-992|3200|354|207|1
W|677|0|2|ADEL_B14|XA10TEX|61|384|0|1|1|-3|0|-928|3168|-864|3168|1|206|1
W|677|1|2|ADEL_B14|XA10TEX|0|768|0|1|1|0|0|-864|3168|-928|3168|206|1|1
W|678|1|2|ADEL_B14|XA10TEX|53|384|0|1|1|-11|0|-864|3200|-928|3200|354|206|1
W|679|0|2|ADEL_B14|XA10TEX|61|256|0|1|1|-3|0|-864|3168|-800|3168|1|205|1
W|679|1|2|ADEL_B14|XA10TEX|0|768|0|1|1|0|0|-800|3168|-864|3168|205|1|1
W|680|1|2|ADEL_B14|XA10TEX|53|256|0|1|1|-11|0|-800|3200|-864|3200|354|205|1
W|681|0|2|ADEL_B14|XA10TEX|61|384|0|1|1|-3|0|-800|3168|-736|3168|1|204|1
W|681|1|2|ADEL_B14|XA10TEX|0|768|0|1|1|0|0|-736|3168|-800|3168|204|1|1
W|682|1|2|ADEL_B14|XA10TEX|53|384|0|1|1|-11|0|-736|3200|-800|3200|354|204|1
W|683|0|2|ADEL_B14|XA10TEX|61|256|0|1|1|-3|0|-736|3168|-672|3168|1|203|1
W|683|1|2|ADEL_B14|XA10TEX|0|768|0|1|1|0|0|-672|3168|-736|3168|203|1|1
W|684|1|2|ADEL_B14|XA10TEX|53|256|0|1|1|-11|0|-672|3200|-736|3200|354|203|1
W|685|0|2|ADEL_B14|XA10TEX|61|384|0|1|1|-3|0|-672|3168|-608|3168|1|202|1
W|685|1|2|ADEL_B14|XA10TEX|0|768|0|1|1|0|0|-608|3168|-672|3168|202|1|1
W|686|1|2|ADEL_B14|XA10TEX|53|384|0|1|1|-11|0|-608|3200|-672|3200|354|202|1
W|687|0|2|ADEL_B14|XA10TEX|61|256|0|1|1|-3|0|-608|3168|-544|3168|1|201|1
W|687|1|2|ADEL_B14|XA10TEX|0|768|0|1|1|0|0|-544|3168|-608|3168|201|1|1
W|689|0|2|ADEL_B14|XA10TEX|61|384|0|1|1|-3|0|-544|3168|-480|3168|1|200|1
W|689|1|2|ADEL_B14|XA10TEX|0|768|0|1|1|0|0|-480|3168|-544|3168|200|1|1
W|690|1|2|ADEL_B14|XA10TEX|53|384|0|1|1|-11|0|-480|3200|-544|3200|357|200|1
W|691|0|2|ADEL_B14|XA10TEX|61|256|0|1|1|-3|0|-480|3168|-416|3168|1|199|1
W|691|1|2|ADEL_B14|XA10TEX|0|768|0|1|1|0|0|-416|3168|-480|3168|199|1|1
W|692|1|2|ADEL_B14|XA10TEX|53|256|0|1|1|-11|0|-416|3200|-480|3200|357|199|1
W|693|0|2|ADEL_B14|XA10TEX|0|768|0|1|1|0|0|-2144|5056|-2208|5056|156|356|1
W|693|1|2|ADEL_B14|XA10TEX|63|256|0|1|1|-1|0|-2208|5056|-2144|5056|356|156|1
W|694|0|2|ADEL_B14|XA10TEX|31|256|0|1|1|-33|0|-2144|5088|-2208|5088|9|156|1
W|694|1|2|ADEL_B14|XA10TEX|0|768|0|1|1|0|0|-2208|5088|-2144|5088|156|9|1
W|695|0|2|ADEL_B14|XA10TEX|0|768|0|1|1|0|0|-2080|5056|-2144|5056|155|356|1
W|695|1|2|ADEL_B14|XA10TEX|63|384|0|1|1|-1|0|-2144|5056|-2080|5056|356|155|1
W|696|0|2|ADEL_B14|XA10TEX|31|384|0|1|1|-33|0|-2080|5088|-2144|5088|9|155|1
W|696|1|2|ADEL_B14|XA10TEX|0|768|0|1|1|0|0|-2144|5088|-2080|5088|155|9|1
W|697|1|2|ADEL_B14|XA10TEX|63|256|0|1|1|-1|0|-2080|5056|-2016|5056|356|226|1
W|698|0|2|ADEL_B14|XA10TEX|31|256|0|1|1|-33|0|-2016|5088|-2080|5088|9|226|1
W|698|1|2|ADEL_B14|XA10TEX|0|768|0|1|1|0|0|-2080|5088|-2016|5088|226|9|1
W|699|1|2|ADEL_B14|XA10TEX|63|256|0|1|1|-1|0|-2016|5056|-1984|5056|492|227|1
W|700|0|2|ADEL_B14|XA10TEX|63|256|0|1|1|-1|0|-1984|5088|-2016|5088|9|227|1
W|700|1|2|ADEL_B14|XA10TEX|0|768|0|1|1|0|0|-2016|5088|-1984|5088|227|9|1
W|701|1|2|ADEL_B14|XA10TEX|0|256|0|1|1|0|0|-1808|5024|-1824|4992|492|485|1
W|2225|1|2|ADEL_B14|XA10TEX|35.77708764|256|0|1|1|0|0|-1824|4992|-1824|4944|492|485|1
W|702|0|2|ADEL_B14|XA10TEX|31|768|0|1|1|-33|0|-1824|5088|-1984|5088|9|229|1
W|703|1|2|ADEL_B14|XA10TEX|31|768|0|1|1|-33|0|-1984|5056|-1824|5056|492|229|1
W|704|1|2|ADEL_B14|XA10TEX|31|256|0|1|1|-33|0|-1824|5056|-1792|5056|492|230|1
W|705|1|2|ADEL_B14|XA10TEX|31|256|0|1|1|-33|0|-1792|5056|-1760|5056|484|230|1
W|706|0|2|ADEL_B14|XA10TEX|31|256|0|1|1|-33|0|-1760|5088|-1824|5088|9|230|1
W|706|1|2|ADEL_B14|XA10TEX|0|768|0|1|1|0|0|-1824|5088|-1760|5088|230|9|1
W|707|1|2|ADEL_B14|XA10TEX|31|384|0|1|1|-33|0|-1760|5056|-1696|5056|484|231|1
W|708|0|2|ADEL_B14|XA10TEX|31|384|0|1|1|-33|0|-1696|5088|-1760|5088|9|231|1
W|708|1|2|ADEL_B14|XA10TEX|0|768|0|1|1|0|0|-1760|5088|-1696|5088|231|9|1
W|709|1|2|ADEL_B14|XA10TEX|31|256|0|1|1|-33|0|-1696|5056|-1632|5056|484|232|1
W|710|0|2|ADEL_B14|XA10TEX|31|256|0|1|1|-33|0|-1632|5088|-1696|5088|9|232|1
W|710|1|2|ADEL_B14|XA10TEX|0|768|0|1|1|0|0|-1696|5088|-1632|5088|232|9|1
W|711|1|2|ADEL_B14|XA10TEX|31|384|0|1|1|-33|0|-1632|5056|-1568|5056|484|233|1
W|712|0|2|ADEL_B14|XA10TEX|31|384|0|1|1|-33|0|-1568|5088|-1632|5088|9|233|1
W|712|1|2|ADEL_B14|XA10TEX|0|768|0|1|1|0|0|-1632|5088|-1568|5088|233|9|1
W|713|1|2|ADEL_B14|XA10TEX|31|384|0|1|1|-33|0|-1568|5056|-1536|5056|484|234|1
W|715|1|2|ADEL_B14|XA10TEX|46|384|0|1|1|-18|0|-1280|5056|-1248|5056|256|235|1
W|716|0|2|ADEL_B14|XA10TEX|63|384|0|1|1|-1|0|-1248|5088|-1248|5104|9|235|1
W|1098|0|2|ADEL_B14|XA10TEX|79|384|0|1|1|-49|0|-1248|5104|-1280|5104|9|235|1
W|1093|1|2|ADEL_B14|XA10TEX|111|384|0|1|1|-17|0|-1280|5104|-1280|5072|9|235|1
W|947|1|2|ADEL_B14|XA10TEX|143|384|0|1|1|-49|0|-1280|5072|-1280|5056|285|235|1
W|717|1|2|ADEL_B14|XA10TEX|14|384|0|1|1|-50|0|-1248|5056|-1184|5056|256|236|1
W|718|0|2|ADEL_B14|XA10TEX|63|384|0|1|1|-1|0|-1184|5088|-1248|5088|9|236|1
W|718|1|2|ADEL_B14|XA10TEX|0|768|0|1|1|0|0|-1248|5088|-1184|5088|236|9|1
W|719|1|2|ADEL_B14|XA10TEX|14|256|0|1|1|-50|0|-1184|5056|-1120|5056|256|237|1
W|720|0|2|ADEL_B14|XA10TEX|63|256|0|1|1|-1|0|-1120|5088|-1184|5088|9|237|1
W|720|1|2|ADEL_B14|XA10TEX|0|768|0|1|1|0|0|-1184|5088|-1120|5088|237|9|1
W|721|1|2|ADEL_B14|XA10TEX|14|384|0|1|1|-50|0|-1120|5056|-1056|5056|256|238|1
W|722|0|2|ADEL_B14|XA10TEX|63|384|0|1|1|-1|0|-1056|5088|-1120|5088|9|238|1
W|722|1|2|ADEL_B14|XA10TEX|0|768|0|1|1|0|0|-1120|5088|-1056|5088|238|9|1
W|723|1|2|ADEL_B14|XA10TEX|14|256|0|1|1|-50|0|-1056|5056|-992|5056|256|239|1
W|724|0|2|ADEL_B14|XA10TEX|63|256|0|1|1|-1|0|-992|5088|-1056|5088|9|239|1
W|724|1|2|ADEL_B14|XA10TEX|0|768|0|1|1|0|0|-1056|5088|-992|5088|239|9|1
W|725|1|2|ADEL_B14|XA10TEX|14|384|0|1|1|-50|0|-992|5056|-928|5056|256|240|1
W|726|0|2|ADEL_B14|XA10TEX|63|384|0|1|1|-1|0|-928|5088|-992|5088|9|240|1
W|726|1|2|ADEL_B14|XA10TEX|0|768|0|1|1|0|0|-992|5088|-928|5088|240|9|1
W|727|1|2|ADEL_B14|XA10TEX|14|256|0|1|1|-50|0|-928|5056|-864|5056|256|241|1
W|728|0|2|ADEL_B14|XA10TEX|63|256|0|1|1|-1|0|-864|5088|-928|5088|9|241|1
W|728|1|2|ADEL_B14|XA10TEX|0|768|0|1|1|0|0|-928|5088|-864|5088|241|9|1
W|729|1|2|ADEL_B14|XA10TEX|14|384|0|1|1|-50|0|-864|5056|-800|5056|256|242|1
W|730|0|2|ADEL_B14|XA10TEX|63|384|0|1|1|-1|0|-800|5088|-864|5088|9|242|1
W|730|1|2|ADEL_B14|XA10TEX|0|768|0|1|1|0|0|-864|5088|-800|5088|242|9|1
W|731|1|2|ADEL_B14|XA10TEX|14|256|0|1|1|-50|0|-800|5056|-736|5056|256|243|1
W|732|0|2|ADEL_B14|XA10TEX|63|256|0|1|1|-1|0|-736|5088|-800|5088|9|243|1
W|732|1|2|ADEL_B14|XA10TEX|0|768|0|1|1|0|0|-800|5088|-736|5088|243|9|1
W|733|1|2|ADEL_B14|XA10TEX|14|384|0|1|1|-50|0|-736|5056|-672|5056|256|244|1
W|734|0|2|ADEL_B14|XA10TEX|63|384|0|1|1|-1|0|-672|5088|-736|5088|9|244|1
W|734|1|2|ADEL_B14|XA10TEX|0|768|0|1|1|0|0|-736|5088|-672|5088|244|9|1
W|735|1|2|ADEL_B14|XA10TEX|14|256|0|1|1|-50|0|-672|5056|-608|5056|256|245|1
W|736|0|2|ADEL_B14|XA10TEX|63|256|0|1|1|-1|0|-608|5088|-672|5088|9|245|1
W|736|1|2|ADEL_B14|XA10TEX|0|768|0|1|1|0|0|-672|5088|-608|5088|245|9|1
W|737|1|2|ADEL_B14|XA10TEX|14|384|0|1|1|-50|0|-608|5056|-544|5056|256|246|1
W|738|0|2|ADEL_B14|XA10TEX|63|384|0|1|1|-1|0|-544|5088|-608|5088|9|246|1
W|738|1|2|ADEL_B14|XA10TEX|0|768|0|1|1|0|0|-608|5088|-544|5088|246|9|1
W|739|0|2|ADEL_B14|XA10TEX|63|256|0|1|1|-1|0|-480|5088|-544|5088|9|247|1
W|739|1|2|ADEL_B14|XA10TEX|0|768|0|1|1|0|0|-544|5088|-480|5088|247|9|1
W|740|1|2|ADEL_B14|XA10TEX|14|256|0|1|1|-50|0|-544|5056|-480|5056|256|247|1
W|741|0|2|ADEL_B14|XA10TEX|0|768|0|1|1|0|0|-2432|4768|-2432|4704|121|356|1
W|741|1|2|ADEL_B14|XA10TEX|12|256|0|1|1|-52|0|-2432|4704|-2432|4768|356|121|1
W|742|0|2|ADEL_B14|XA10TEX|0|768|0|1|1|0|0|-2432|4704|-2432|4640|120|356|1
W|742|1|2|ADEL_B14|XA10TEX|12|384|0|1|1|-52|0|-2432|4640|-2432|4704|356|120|1
W|743|0|2|ADEL_B14|XA10TEX|0|768|0|1|1|0|0|-2432|4640|-2432|4576|123|356|1
W|743|1|2|ADEL_B14|XA10TEX|12|256|0|1|1|-52|0|-2432|4576|-2432|4640|356|123|1
W|744|0|2|ADEL_B14|XA10TEX|0|768|0|1|1|0|0|-2432|4576|-2432|4512|124|356|1
W|744|1|2|ADEL_B14|XA10TEX|12|384|0|1|1|-52|0|-2432|4512|-2432|4576|356|124|1
W|745|0|2|ADEL_B14|XA10TEX|0|768|0|1|1|0|0|-2432|4512|-2432|4448|125|356|1
W|745|1|2|ADEL_B14|XA10TEX|12|256|0|1|1|-52|0|-2432|4448|-2432|4512|356|125|1
W|746|0|2|ADEL_B14|XA10TEX|0|768|0|1|1|0|0|-2432|4448|-2432|4384|126|356|1
W|746|1|2|ADEL_B14|XA10TEX|12|384|0|1|1|-52|0|-2432|4384|-2432|4448|356|126|1
W|747|0|2|ADEL_B14|XA10TEX|0|768|0|1|1|0|0|-2432|4384|-2432|4320|127|356|1
W|747|1|2|ADEL_B14|XA10TEX|12|256|0|1|1|-52|0|-2432|4320|-2432|4384|356|127|1
W|748|0|2|ADEL_B14|XA10TEX|0|768|0|1|1|0|0|-2432|4320|-2432|4256|128|356|1
W|748|1|2|ADEL_B14|XA10TEX|12|384|0|1|1|-52|0|-2432|4256|-2432|4320|356|128|1
W|749|0|2|ADEL_B14|XA10TEX|0|768|0|1|1|0|0|-2432|4256|-2432|4224|129|356|1
W|750|1|2|ADEL_B14|XA10TEX|44|384|0|1|1|-20|0|-2432|4160|-2432|4192|451|488|1
W|751|1|2|ADEL_B14|XA10TEX|41|0|0|1|1|-23|0|-2432|4064|-2432|4128|490|131|1
W|752|1|2|ADEL_B14|XA10TEX|41|0|0|1|1|-23|0|-2432|4000|-2432|4064|490|132|1
W|753|1|2|ADEL_B14|XA10TEX|41|0|0|1|1|-23|0|-2432|3936|-2432|4000|490|133|1
W|754|1|2|ADEL_B14|XA10TEX|41|256|0|1|1|-23|0|-2432|3904|-2432|3936|490|491|1
W|755|1|2|ADEL_B14|XA10TEX|41|256|0|1|1|-23|0|-2432|3680|-2432|3744|355|137|1
W|756|1|2|ADEL_B14|XA10TEX|41|384|0|1|1|-23|0|-2432|3744|-2432|3808|355|136|1
W|757|1|2|ADEL_B14|XA10TEX|41|256|0|1|1|-23|0|-2432|3808|-2432|3872|355|135|1
W|758|1|2|ADEL_B14|XA10TEX|41|384|0|1|1|-23|0|-2432|3616|-2432|3680|355|138|1
W|759|1|2|ADEL_B14|XA10TEX|41|256|0|1|1|-23|0|-2432|3552|-2432|3616|355|139|1
W|760|1|2|ADEL_B14|XA10TEX|41|384|0|1|1|-23|0|-2432|3488|-2432|3552|355|140|1
W|761|0|2|ADEL_B14|XA10TEX|0|256|0|1|1|0|0|-2464|4768|-2464|4704|9|121|1
W|761|1|2|ADEL_B14|XA10TEX|0|768|0|1|1|0|0|-2464|4704|-2464|4768|121|9|1
W|762|0|2|ADEL_B14|XA10TEX|0|384|0|1|1|0|0|-2464|4704|-2464|4640|9|120|1
W|762|1|2|ADEL_B14|XA10TEX|0|768|0|1|1|0|0|-2464|4640|-2464|4704|120|9|1
W|763|0|2|ADEL_B14|XA10TEX|0|256|0|1|1|0|0|-2464|4640|-2464|4576|9|123|1
W|763|1|2|ADEL_B14|XA10TEX|0|768|0|1|1|0|0|-2464|4576|-2464|4640|123|9|1
W|764|0|2|ADEL_B14|XA10TEX|0|384|0|1|1|0|0|-2464|4576|-2464|4512|9|124|1
W|764|1|2|ADEL_B14|XA10TEX|0|768|0|1|1|0|0|-2464|4512|-2464|4576|124|9|1
W|765|0|2|ADEL_B14|XA10TEX|0|256|0|1|1|0|0|-2464|4512|-2464|4448|9|125|1
W|765|1|2|ADEL_B14|XA10TEX|0|768|0|1|1|0|0|-2464|4448|-2464|4512|125|9|1
W|766|0|2|ADEL_B14|XA10TEX|0|384|0|1|1|0|0|-2464|4448|-2464|4384|9|126|1
W|766|1|2|ADEL_B14|XA10TEX|0|768|0|1|1|0|0|-2464|4384|-2464|4448|126|9|1
W|767|0|2|ADEL_B14|XA10TEX|0|256|0|1|1|0|0|-2464|4384|-2464|4320|9|127|1
W|767|1|2|ADEL_B14|XA10TEX|0|768|0|1|1|0|0|-2464|4320|-2464|4384|127|9|1
W|768|0|2|ADEL_B14|XA10TEX|0|384|0|1|1|0|0|-2464|4320|-2464|4256|9|128|1
W|768|1|2|ADEL_B14|XA10TEX|0|768|0|1|1|0|0|-2464|4256|-2464|4320|128|9|1
W|769|0|2|ADEL_B14|XA10TEX|0|256|0|1|1|0|0|-2464|4256|-2464|4192|9|129|1
W|769|1|2|ADEL_B14|XA10TEX|0|768|0|1|1|0|0|-2464|4192|-2464|4256|129|9|1
W|771|1|2|ADEL_B14|XA10TEX|0|768|0|1|1|0|0|-2480|4000|-2480|4064|132|1|1
W|773|0|2|ADEL_B14|XA10TEX|29|256|0|1|1|-35|0|-2464|3936|-2464|3904|1|491|1
W|774|0|2|ADEL_B14|XA10TEX|29|256|0|1|1|-35|0|-2464|3744|-2464|3680|1|137|1
W|774|1|2|ADEL_B14|XA10TEX|0|768|0|1|1|0|0|-2464|3680|-2464|3744|137|1|1
W|775|0|2|ADEL_B14|XA10TEX|29|384|0|1|1|-35|0|-2464|3808|-2464|3744|1|136|1
W|775|1|2|ADEL_B14|XA10TEX|0|768|0|1|1|0|0|-2464|3744|-2464|3808|136|1|1
W|776|0|2|ADEL_B14|XA10TEX|29|256|0|1|1|-35|0|-2464|3872|-2464|3808|1|135|1
W|776|1|2|ADEL_B14|XA10TEX|0|768|0|1|1|0|0|-2464|3808|-2464|3872|135|1|1
W|777|0|2|ADEL_B14|XA10TEX|29|384|0|1|1|-35|0|-2464|3680|-2464|3616|1|138|1
W|777|1|2|ADEL_B14|XA10TEX|0|768|0|1|1|0|0|-2464|3616|-2464|3680|138|1|1
W|778|0|2|ADEL_B14|XA10TEX|29|256|0|1|1|-35|0|-2464|3616|-2464|3552|1|139|1
W|778|1|2|ADEL_B14|XA10TEX|0|768|0|1|1|0|0|-2464|3552|-2464|3616|139|1|1
W|779|1|2|ADEL_B14|XA10TEX|41|256|0|1|1|-23|0|-2432|3424|-2432|3488|355|141|1
W|780|0|2|ADEL_B14|XA10TEX|29|256|0|1|1|-35|0|-2464|3488|-2464|3424|108|141|1
W|780|1|2|ADEL_B14|XA10TEX|0|768|0|1|1|0|0|-2464|3424|-2464|3488|141|108|1
W|781|1|2|ADEL_B14|XA10TEX|1|256|0|1|1|-63|0|-192|4832|-192|4768|256|168|1
W|782|0|2|ADEL_B14|XA10TEX|29|256|0|1|1|-35|0|-160|4768|-160|4832|9|168|1
W|782|1|2|ADEL_B14|XA10TEX|0|768|0|1|1|0|0|-160|4832|-160|4768|168|9|1
W|783|1|2|ADEL_B14|XA10TEX|1|384|0|1|1|-63|0|-192|4768|-192|4704|256|169|1
W|784|0|2|ADEL_B14|XA10TEX|29|384|0|1|1|-35|0|-160|4704|-160|4768|9|169|1
W|784|1|2|ADEL_B14|XA10TEX|0|768|0|1|1|0|0|-160|4768|-160|4704|169|9|1
W|785|1|2|ADEL_B14|XA10TEX|1|256|0|1|1|-63|0|-192|4704|-192|4640|256|170|1
W|786|0|2|ADEL_B14|XA10TEX|29|256|0|1|1|-35|0|-160|4640|-160|4704|9|170|1
W|786|1|2|ADEL_B14|XA10TEX|0|768|0|1|1|0|0|-160|4704|-160|4640|170|9|1
W|787|1|2|ADEL_B14|XA10TEX|1|384|0|1|1|-63|0|-192|4640|-192|4576|256|171|1
W|788|0|2|ADEL_B14|XA10TEX|29|384|0|1|1|-35|0|-160|4576|-160|4640|9|171|1
W|788|1|2|ADEL_B14|XA10TEX|0|768|0|1|1|0|0|-160|4640|-160|4576|171|9|1
W|789|1|2|ADEL_B14|XA10TEX|1|256|0|1|1|-63|0|-192|4576|-192|4512|256|172|1
W|790|0|2|ADEL_B14|XA10TEX|29|256|0|1|1|-35|0|-160|4512|-160|4576|9|172|1
W|790|1|2|ADEL_B14|XA10TEX|0|768|0|1|1|0|0|-160|4576|-160|4512|172|9|1
W|791|1|2|ADEL_B14|XA10TEX|1|384|0|1|1|-63|0|-192|4512|-192|4448|256|173|1
W|792|0|2|ADEL_B14|XA10TEX|29|384|0|1|1|-35|0|-160|4448|-160|4512|9|173|1
W|792|1|2|ADEL_B14|XA10TEX|0|768|0|1|1|0|0|-160|4512|-160|4448|173|9|1
W|793|1|2|ADEL_B14|XA10TEX|1|256|0|1|1|-63|0|-192|4448|-192|4384|256|174|1
W|794|0|2|ADEL_B14|XA10TEX|29|256|0|1|1|-35|0|-160|4384|-160|4448|9|174|1
W|794|1|2|ADEL_B14|XA10TEX|0|768|0|1|1|0|0|-160|4448|-160|4384|174|9|1
W|795|1|2|ADEL_B14|XA10TEX|1|384|0|1|1|-63|0|-192|4384|-192|4320|256|175|1
W|796|0|2|ADEL_B14|XA10TEX|29|384|0|1|1|-35|0|-160|4320|-160|4384|9|175|1
W|796|1|2|ADEL_B14|XA10TEX|0|768|0|1|1|0|0|-160|4384|-160|4320|175|9|1
W|797|1|2|ADEL_B14|XA10TEX|1|256|0|1|1|-63|0|-192|4320|-192|4256|256|176|1
W|798|0|2|ADEL_B14|XA10TEX|29|256|0|1|1|-35|0|-160|4256|-160|4320|9|176|1
W|798|1|2|ADEL_B14|XA10TEX|0|768|0|1|1|0|0|-160|4320|-160|4256|176|9|1
W|800|0|2|ADEL_B14|XA10TEX|29|384|0|1|1|-35|0|-160|4192|-160|4256|9|177|1
W|800|1|2|ADEL_B14|XA10TEX|0|768|0|1|1|0|0|-160|4256|-160|4192|177|9|1
W|801|1|2|ADEL_B14|XA10TEX|1|256|0|1|1|-63|0|-192|4192|-192|4128|357|178|1
W|802|0|2|ADEL_B14|XA10TEX|29|256|0|1|1|-35|0|-160|4128|-160|4192|9|178|1
W|802|1|2|ADEL_B14|XA10TEX|0|768|0|1|1|0|0|-160|4192|-160|4128|178|9|1
W|803|1|2|ADEL_B14|XA10TEX|1|384|0|1|1|-63|0|-192|4128|-192|4064|357|180|1
W|804|1|2|ADEL_B14|XA10TEX|1|256|0|1|1|-63|0|-192|4064|-192|4000|357|122|1
W|805|0|2|ADEL_B14|XA10TEX|29|256|0|1|1|-35|0|-160|4000|-160|4064|1|122|1
W|805|1|2|ADEL_B14|XA10TEX|0|768|0|1|1|0|0|-160|4064|-160|4000|122|1|1
W|806|1|2|ADEL_B14|XA10TEX|1|384|0|1|1|-63|0|-192|4000|-192|3936|357|181|1
W|807|0|2|ADEL_B14|XA10TEX|29|384|0|1|1|-35|0|-160|3936|-160|4000|1|181|1
W|807|1|2|ADEL_B14|XA10TEX|0|768|0|1|1|0|0|-160|4000|-160|3936|181|1|1
W|808|1|2|ADEL_B14|XA10TEX|1|256|0|1|1|-63|0|-192|3936|-192|3872|357|182|1
W|809|0|2|ADEL_B14|XA10TEX|29|256|0|1|1|-35|0|-160|3872|-160|3936|1|182|1
W|809|1|2|ADEL_B14|XA10TEX|0|768|0|1|1|0|0|-160|3936|-160|3872|182|1|1
W|810|1|2|ADEL_B14|XA10TEX|1|384|0|1|1|-63|0|-192|3744|-192|3680|357|185|1
W|811|0|2|ADEL_B14|XA10TEX|29|384|0|1|1|-35|0|-160|3680|-160|3744|1|185|1
W|811|1|2|ADEL_B14|XA10TEX|0|768|0|1|1|0|0|-160|3744|-160|3680|185|1|1
W|812|1|2|ADEL_B14|XA10TEX|1|256|0|1|1|-63|0|-192|3808|-192|3744|357|184|1
W|813|0|2|ADEL_B14|XA10TEX|29|256|0|1|1|-35|0|-160|3744|-160|3808|1|184|1
W|813|1|2|ADEL_B14|XA10TEX|0|768|0|1|1|0|0|-160|3808|-160|3744|184|1|1
W|814|1|2|ADEL_B14|XA10TEX|1|384|0|1|1|-63|0|-192|3872|-192|3808|357|183|1
W|815|0|2|ADEL_B14|XA10TEX|29|384|0|1|1|-35|0|-160|3808|-160|3872|1|183|1
W|815|1|2|ADEL_B14|XA10TEX|0|768|0|1|1|0|0|-160|3872|-160|3808|183|1|1
W|816|1|2|ADEL_B14|XA10TEX|1|256|0|1|1|-63|0|-192|3680|-192|3616|357|186|1
W|817|0|2|ADEL_B14|XA10TEX|29|256|0|1|1|-35|0|-160|3616|-160|3680|1|186|1
W|817|1|2|ADEL_B14|XA10TEX|0|768|0|1|1|0|0|-160|3680|-160|3616|186|1|1
W|818|1|2|ADEL_B14|XA10TEX|1|384|0|1|1|-63|0|-192|3616|-192|3552|357|187|1
W|819|0|2|ADEL_B14|XA10TEX|29|384|0|1|1|-35|0|-160|3552|-160|3616|1|187|1
W|819|1|2|ADEL_B14|XA10TEX|0|768|0|1|1|0|0|-160|3616|-160|3552|187|1|1
W|820|1|2|ADEL_B14|XA10TEX|1|256|0|1|1|-63|0|-192|3552|-192|3488|357|188|1
W|821|0|2|ADEL_B14|XA10TEX|29|256|0|1|1|-35|0|-160|3488|-160|3552|1|188|1
W|821|1|2|ADEL_B14|XA10TEX|0|768|0|1|1|0|0|-160|3552|-160|3488|188|1|1
W|822|0|2|ADEL_B14|XA10TEX|0|768|0|1|1|0|0|-2400|5184|-2400|5216|112|109|1
W|822|1|2|ADEL_B14|XA10TEX|42|384|0|1|1|-22|0|-2400|5216|-2400|5184|109|112|1
W|823|0|2|ADEL_B14|XA10TEX|0|768|0|1|1|0|0|-2336|5216|-2336|5184|112|153|1
W|823|1|2|ADEL_B14|XA10TEX|53|384|0|1|1|-11|0|-2336|5184|-2336|5216|153|112|1
W|824|0|2|ADEL_B14|XA10TEX|53|384|0|1|1|-11|0|-2464|5184|-2464|5216|109|113|1
W|824|1|2|ADEL_B14|XA10TEX|0|768|0|1|1|0|0|-2464|5216|-2464|5184|113|109|1
W|825|0|2|ADEL_B14|XA10TEX|0|768|0|1|1|0|0|-2512|5136|-2528|5152|113|114|1
W|825|1|2|ADEL_B14|XA10TEX|47|384|0|1|1|-17|0|-2528|5152|-2512|5136|114|113|1
W|826|0|2|ADEL_B14|XA10TEX|43|384|0|1|1|-21|0|-2560|5088|-2592|5088|114|115|1
W|826|1|2|ADEL_B14|XA10TEX|0|768|0|1|1|0|0|-2592|5088|-2560|5088|115|114|1
W|827|0|2|ADEL_B14|XA10TEX|0|768|0|1|1|0|0|-2560|5024|-2592|5024|115|117|1
W|827|1|2|ADEL_B14|XA10TEX|34|384|0|1|1|-30|0|-2592|5024|-2560|5024|117|115|1
W|828|0|2|ADEL_B14|XA10TEX|0|768|0|1|1|0|0|-2592|4960|-2560|4960|116|117|1
W|828|1|2|ADEL_B14|XA10TEX|43|384|0|1|1|-21|0|-2560|4960|-2592|4960|117|116|1
W|829|0|2|ADEL_B14|XA10TEX|0|768|0|1|1|0|0|-2496|4896|-2512|4880|116|119|1
W|829|1|2|ADEL_B14|XA10TEX|16|384|0|1|1|-48|0|-2512|4880|-2496|4896|119|116|1
W|830|0|2|ADEL_B14|XA10TEX|0|768|0|1|1|0|0|-2464|4832|-2432|4832|118|119|1
W|830|1|2|ADEL_B14|XA10TEX|32|384|0|1|1|-32|0|-2432|4832|-2464|4832|119|118|1
W|831|0|2|ADEL_B14|XA10TEX|0|768|0|1|1|0|0|-2432|4768|-2464|4768|118|121|1
W|831|1|2|ADEL_B14|XA10TEX|44|384|0|1|1|-20|0|-2464|4768|-2432|4768|121|118|1
W|832|0|2|ADEL_B14|XA10TEX|0|768|0|1|1|0|0|-2464|4704|-2432|4704|120|121|1
W|832|1|2|ADEL_B14|XA10TEX|32|384|0|1|1|-32|0|-2432|4704|-2464|4704|121|120|1
W|833|0|2|ADEL_B14|XA10TEX|0|768|0|1|1|0|0|-2432|4640|-2464|4640|120|123|1
W|833|1|2|ADEL_B14|XA10TEX|44|384|0|1|1|-20|0|-2464|4640|-2432|4640|123|120|1
W|834|0|2|ADEL_B14|XA10TEX|0|768|0|1|1|0|0|-2464|4576|-2432|4576|124|123|1
W|834|1|2|ADEL_B14|XA10TEX|32|384|0|1|1|-32|0|-2432|4576|-2464|4576|123|124|1
W|835|0|2|ADEL_B14|XA10TEX|44|384|0|1|1|-20|0|-2464|4512|-2432|4512|125|124|1
W|835|1|2|ADEL_B14|XA10TEX|0|768|0|1|1|0|0|-2432|4512|-2464|4512|124|125|1
W|836|0|2|ADEL_B14|XA10TEX|0|768|0|1|1|0|0|-2464|4448|-2432|4448|126|125|1
W|836|1|2|ADEL_B14|XA10TEX|32|384|0|1|1|-32|0|-2432|4448|-2464|4448|125|126|1
W|837|0|2|ADEL_B14|XA10TEX|44|384|0|1|1|-20|0|-2464|4384|-2432|4384|127|126|1
W|837|1|2|ADEL_B14|XA10TEX|0|768|0|1|1|0|0|-2432|4384|-2464|4384|126|127|1
W|838|0|2|ADEL_B14|XA10TEX|0|768|0|1|1|0|0|-2464|4320|-2432|4320|128|127|1
W|838|1|2|ADEL_B14|XA10TEX|32|384|0|1|1|-32|0|-2432|4320|-2464|4320|127|128|1
W|839|0|2|ADEL_B14|XA10TEX|44|384|0|1|1|-20|0|-2464|4256|-2432|4256|129|128|1
W|839|1|2|ADEL_B14|XA10TEX|0|768|0|1|1|0|0|-2432|4256|-2464|4256|128|129|1
W|840|1|2|ADEL_B14|XA10TEX|32|384|0|1|1|-32|0|-2432|4192|-2464|4192|129|488|1
W|841|0|2|ADEL_B14|XA10TEX|0|256|0|1|1|0|0|-2464|4128|-2432|4128|131|130|1
W|841|1|2|ADEL_B14|XA10TEX|0|768|0|1|1|0|0|-2432|4128|-2464|4128|130|131|1
W|842|0|2|ADEL_B14|XA10TEX|0|768|0|1|1|0|0|-2480|4064|-2432|4064|132|131|1
W|843|1|2|ADEL_B14|XA10TEX|0|768|0|1|1|0|0|-2432|4000|-2480|4000|132|133|1
W|844|1|2|ADEL_B14|XA10TEX|61|256|0|1|1|-3|0|-2432|3936|-2464|3936|133|491|1
W|845|0|2|ADEL_B14|XA10TEX|9|384|0|1|1|-55|0|-2464|3872|-2432|3872|135|134|1
W|845|1|2|ADEL_B14|XA10TEX|0|768|0|1|1|0|0|-2432|3872|-2464|3872|134|135|1
W|846|0|2|ADEL_B14|XA10TEX|0|768|0|1|1|0|0|-2464|3808|-2432|3808|136|135|1
W|846|1|2|ADEL_B14|XA10TEX|61|384|0|1|1|-3|0|-2432|3808|-2464|3808|135|136|1
W|847|0|2|ADEL_B14|XA10TEX|9|384|0|1|1|-55|0|-2464|3744|-2432|3744|137|136|1
W|847|1|2|ADEL_B14|XA10TEX|0|768|0|1|1|0|0|-2432|3744|-2464|3744|136|137|1
W|848|0|2|ADEL_B14|XA10TEX|0|768|0|1|1|0|0|-2464|3680|-2432|3680|138|137|1
W|848|1|2|ADEL_B14|XA10TEX|61|384|0|1|1|-3|0|-2432|3680|-2464|3680|137|138|1
W|849|0|2|ADEL_B14|XA10TEX|9|384|0|1|1|-55|0|-2464|3616|-2432|3616|139|138|1
W|849|1|2|ADEL_B14|XA10TEX|0|768|0|1|1|0|0|-2432|3616|-2464|3616|138|139|1
W|850|0|2|ADEL_B14|XA10TEX|0|768|0|1|1|0|0|-2464|3552|-2432|3552|140|139|1
W|850|1|2|ADEL_B14|XA10TEX|61|384|0|1|1|-3|0|-2432|3552|-2464|3552|139|140|1
W|851|0|2|ADEL_B14|XA10TEX|9|384|0|1|1|-55|0|-2464|3488|-2432|3488|141|140|1
W|851|1|2|ADEL_B14|XA10TEX|0|768|0|1|1|0|0|-2432|3488|-2464|3488|140|141|1
W|852|0|2|ADEL_B14|XA10TEX|0|768|0|1|1|0|0|-2464|3424|-2432|3424|142|141|1
W|852|1|2|ADEL_B14|XA10TEX|61|384|0|1|1|-3|0|-2432|3424|-2464|3424|141|142|1
W|853|0|2|ADEL_B14|XA10TEX|55|384|0|1|1|-9|0|-2512|3376|-2496|3360|143|142|1
W|853|1|2|ADEL_B14|XA10TEX|0|768|0|1|1|0|0|-2496|3360|-2512|3376|142|143|1
W|854|0|2|ADEL_B14|XA10TEX|0|768|0|1|1|0|0|-2592|3296|-2560|3296|144|143|1
W|854|1|2|ADEL_B14|XA10TEX|50|384|0|1|1|-14|0|-2560|3296|-2592|3296|143|144|1
W|855|0|2|ADEL_B14|XA10TEX|19|384|0|1|1|-45|0|-2592|3232|-2560|3232|145|144|1
W|855|1|2|ADEL_B14|XA10TEX|0|768|0|1|1|0|0|-2560|3232|-2592|3232|144|145|1
W|856|0|2|ADEL_B14|XA10TEX|0|768|0|1|1|0|0|-2592|3168|-2560|3168|146|145|1
W|856|1|2|ADEL_B14|XA10TEX|50|384|0|1|1|-14|0|-2560|3168|-2592|3168|145|146|1
W|857|0|2|ADEL_B14|XA10TEX|24|384|0|1|1|-40|0|-2528|3104|-2512|3120|147|146|1
W|857|1|2|ADEL_B14|XA10TEX|0|768|0|1|1|0|0|-2512|3120|-2528|3104|146|147|1
W|858|0|2|ADEL_B14|XA10TEX|0|768|0|1|1|0|0|-2464|3040|-2464|3072|148|147|1
W|858|1|2|ADEL_B14|XA10TEX|40|384|0|1|1|-24|0|-2464|3072|-2464|3040|147|148|1
W|859|0|2|ADEL_B14|XA10TEX|11|384|0|1|1|-53|0|-2400|3040|-2400|3072|149|148|1
W|859|1|2|ADEL_B14|XA10TEX|0|768|0|1|1|0|0|-2400|3072|-2400|3040|148|149|1
W|860|0|2|ADEL_B14|XA10TEX|0|768|0|1|1|0|0|-2336|3040|-2336|3072|150|149|1
W|860|1|2|ADEL_B14|XA10TEX|40|384|0|1|1|-24|0|-2336|3072|-2336|3040|149|150|1
W|861|0|2|ADEL_B14|XA10TEX|57|384|0|1|1|-7|0|-2256|3120|-2272|3136|151|150|1
W|861|1|2|ADEL_B14|XA10TEX|0|768|0|1|1|0|0|-2272|3136|-2256|3120|150|151|1
W|862|0|2|ADEL_B14|XA10TEX|0|768|0|1|1|0|0|-2208|3168|-2208|3200|152|151|1
W|862|1|2|ADEL_B14|XA10TEX|29|384|0|1|1|-35|0|-2208|3200|-2208|3168|151|152|1
W|863|0|2|ADEL_B14|XA10TEX|21|384|0|1|1|-43|0|-2144|3168|-2144|3200|225|152|1
W|863|1|2|ADEL_B14|XA10TEX|0|768|0|1|1|0|0|-2144|3200|-2144|3168|152|225|1
W|864|0|2|ADEL_B14|XA10TEX|0|768|0|1|1|0|0|-2288|5136|-2272|5152|154|153|1
W|864|1|2|ADEL_B14|XA10TEX|55|384|0|1|1|-9|0|-2272|5152|-2288|5136|153|154|1
W|865|0|2|ADEL_B14|XA10TEX|63|384|0|1|1|-1|0|-2208|5056|-2208|5088|156|154|1
W|865|1|2|ADEL_B14|XA10TEX|0|768|0|1|1|0|0|-2208|5088|-2208|5056|154|156|1
W|866|0|2|ADEL_B14|XA10TEX|63|384|0|1|1|-1|0|-2080|5056|-2080|5088|226|155|1
W|866|1|2|ADEL_B14|XA10TEX|0|768|0|1|1|0|0|-2080|5088|-2080|5056|155|226|1
W|867|0|2|ADEL_B14|XA10TEX|0|768|0|1|1|0|0|-2144|5056|-2144|5088|155|156|1
W|867|1|2|ADEL_B14|XA10TEX|31|384|0|1|1|-33|0|-2144|5088|-2144|5056|156|155|1
W|868|0|2|ADEL_B14|XA10TEX|0|768|0|1|1|0|0|-336|5136|-352|5152|159|157|1
W|868|1|2|ADEL_B14|XA10TEX|40|384|0|1|1|-24|0|-352|5152|-336|5136|157|159|1
W|869|0|2|ADEL_B14|XA10TEX|31|384|0|1|1|-33|0|-416|5056|-416|5088|157|158|1
W|869|1|2|ADEL_B14|XA10TEX|0|768|0|1|1|0|0|-416|5088|-416|5056|158|157|1
W|870|0|2|ADEL_B14|XA10TEX|41|384|0|1|1|-23|0|-288|5184|-288|5216|160|159|1
W|870|1|2|ADEL_B14|XA10TEX|0|768|0|1|1|0|0|-288|5216|-288|5184|159|160|1
W|871|0|2|ADEL_B14|XA10TEX|0|768|0|1|1|0|0|-224|5184|-224|5216|161|160|1
W|871|1|2|ADEL_B14|XA10TEX|35|384|0|1|1|-29|0|-224|5216|-224|5184|160|161|1
W|872|0|2|ADEL_B14|XA10TEX|41|384|0|1|1|-23|0|-160|5184|-160|5216|162|161|1
W|872|1|2|ADEL_B14|XA10TEX|0|768|0|1|1|0|0|-160|5216|-160|5184|161|162|1
W|873|0|2|ADEL_B14|XA10TEX|0|768|0|1|1|0|0|-112|5136|-96|5152|163|162|1
W|873|1|2|ADEL_B14|XA10TEX|48|384|0|1|1|-16|0|-96|5152|-112|5136|162|163|1
W|874|0|2|ADEL_B14|XA10TEX|51|384|0|1|1|-13|0|-64|5088|-32|5088|164|163|1
W|874|1|2|ADEL_B14|XA10TEX|0|768|0|1|1|0|0|-32|5088|-64|5088|163|164|1
W|875|0|2|ADEL_B14|XA10TEX|0|768|0|1|1|0|0|-64|5024|-32|5024|165|164|1
W|875|1|2|ADEL_B14|XA10TEX|43|384|0|1|1|-21|0|-32|5024|-64|5024|164|165|1
W|876|0|2|ADEL_B14|XA10TEX|51|384|0|1|1|-13|0|-64|4960|-32|4960|166|165|1
W|876|1|2|ADEL_B14|XA10TEX|0|768|0|1|1|0|0|-32|4960|-64|4960|165|166|1
W|877|0|2|ADEL_B14|XA10TEX|0|768|0|1|1|0|0|-128|4896|-96|4896|167|166|1
W|877|1|2|ADEL_B14|XA10TEX|6|384|0|1|1|-58|0|-96|4896|-128|4896|166|167|1
W|878|0|2|ADEL_B14|XA10TEX|61|384|0|1|1|-3|0|-192|4832|-160|4832|168|167|1
W|878|1|2|ADEL_B14|XA10TEX|0|768|0|1|1|0|0|-160|4832|-192|4832|167|168|1
W|879|0|2|ADEL_B14|XA10TEX|0|768|0|1|1|0|0|-192|4768|-160|4768|169|168|1
W|879|1|2|ADEL_B14|XA10TEX|33|384|0|1|1|-31|0|-160|4768|-192|4768|168|169|1
W|880|0|2|ADEL_B14|XA10TEX|61|384|0|1|1|-3|0|-192|4704|-160|4704|170|169|1
W|880|1|2|ADEL_B14|XA10TEX|0|768|0|1|1|0|0|-160|4704|-192|4704|169|170|1
W|881|0|2|ADEL_B14|XA10TEX|0|768|0|1|1|0|0|-192|4640|-160|4640|171|170|1
W|881|1|2|ADEL_B14|XA10TEX|33|384|0|1|1|-31|0|-160|4640|-192|4640|170|171|1
W|882|0|2|ADEL_B14|XA10TEX|61|384|0|1|1|-3|0|-192|4576|-160|4576|172|171|1
W|882|1|2|ADEL_B14|XA10TEX|0|768|0|1|1|0|0|-160|4576|-192|4576|171|172|1
W|883|0|2|ADEL_B14|XA10TEX|0|768|0|1|1|0|0|-192|4512|-160|4512|173|172|1
W|883|1|2|ADEL_B14|XA10TEX|33|384|0|1|1|-31|0|-160|4512|-192|4512|172|173|1
W|884|0|2|ADEL_B14|XA10TEX|61|384|0|1|1|-3|0|-192|4448|-160|4448|174|173|1
W|884|1|2|ADEL_B14|XA10TEX|0|768|0|1|1|0|0|-160|4448|-192|4448|173|174|1
W|885|0|2|ADEL_B14|XA10TEX|0|768|0|1|1|0|0|-192|4384|-160|4384|175|174|1
W|885|1|2|ADEL_B14|XA10TEX|33|384|0|1|1|-31|0|-160|4384|-192|4384|174|175|1
W|886|0|2|ADEL_B14|XA10TEX|61|384|0|1|1|-3|0|-192|4320|-160|4320|176|175|1
W|886|1|2|ADEL_B14|XA10TEX|0|768|0|1|1|0|0|-160|4320|-192|4320|175|176|1
W|887|0|2|ADEL_B14|XA10TEX|0|768|0|1|1|0|0|-192|4256|-160|4256|177|176|1
W|887|1|2|ADEL_B14|XA10TEX|33|384|0|1|1|-31|0|-160|4256|-192|4256|176|177|1
W|888|0|2|ADEL_B14|XA10TEX|61|384|0|1|1|-3|0|-192|4192|-160|4192|178|177|1
W|888|1|2|ADEL_B14|XA10TEX|0|768|0|1|1|0|0|-160|4192|-192|4192|177|178|1
W|889|0|2|ADEL_B14|XA10TEX|0|768|0|1|1|0|0|-192|4128|-160|4128|180|178|1
W|889|1|2|ADEL_B14|XA10TEX|33|384|0|1|1|-31|0|-160|4128|-192|4128|178|180|1
W|890|0|2|ADEL_B14|XA10TEX|33|384|0|1|1|-31|0|-160|4000|-192|4000|122|181|1
W|890|1|2|ADEL_B14|XA10TEX|0|768|0|1|1|0|0|-192|4000|-160|4000|181|122|1
W|891|0|2|ADEL_B14|XA10TEX|61|384|0|1|1|-3|0|-192|3936|-160|3936|182|181|1
W|891|1|2|ADEL_B14|XA10TEX|0|768|0|1|1|0|0|-160|3936|-192|3936|181|182|1
W|892|0|2|ADEL_B14|XA10TEX|61|384|0|1|1|-3|0|-192|4064|-160|4064|122|180|1
W|892|1|2|ADEL_B14|XA10TEX|0|768|0|1|1|0|0|-160|4064|-192|4064|180|122|1
W|893|0|2|ADEL_B14|XA10TEX|0|768|0|1|1|0|0|-192|3872|-160|3872|183|182|1
W|893|1|2|ADEL_B14|XA10TEX|33|384|0|1|1|-31|0|-160|3872|-192|3872|182|183|1
W|894|0|2|ADEL_B14|XA10TEX|61|384|0|1|1|-3|0|-192|3808|-160|3808|184|183|1
W|894|1|2|ADEL_B14|XA10TEX|0|768|0|1|1|0|0|-160|3808|-192|3808|183|184|1
W|895|0|2|ADEL_B14|XA10TEX|0|768|0|1|1|0|0|-192|3744|-160|3744|185|184|1
W|895|1|2|ADEL_B14|XA10TEX|33|384|0|1|1|-31|0|-160|3744|-192|3744|184|185|1
W|896|0|2|ADEL_B14|XA10TEX|61|384|0|1|1|-3|0|-192|3680|-160|3680|186|185|1
W|896|1|2|ADEL_B14|XA10TEX|0|768|0|1|1|0|0|-160|3680|-192|3680|185|186|1
W|897|0|2|ADEL_B14|XA10TEX|0|768|0|1|1|0|0|-192|3616|-160|3616|187|186|1
W|897|1|2|ADEL_B14|XA10TEX|33|384|0|1|1|-31|0|-160|3616|-192|3616|186|187|1
W|898|0|2|ADEL_B14|XA10TEX|61|384|0|1|1|-3|0|-192|3552|-160|3552|188|187|1
W|898|1|2|ADEL_B14|XA10TEX|0|768|0|1|1|0|0|-160|3552|-192|3552|187|188|1
W|899|0|2|ADEL_B14|XA10TEX|0|768|0|1|1|0|0|-192|3488|-160|3488|189|188|1
W|899|1|2|ADEL_B14|XA10TEX|33|384|0|1|1|-31|0|-160|3488|-192|3488|188|189|1
W|900|0|2|ADEL_B14|XA10TEX|61|384|0|1|1|-3|0|-192|3424|-160|3424|190|189|1
W|900|1|2|ADEL_B14|XA10TEX|0|768|0|1|1|0|0|-160|3424|-192|3424|189|190|1
W|901|0|2|ADEL_B14|XA10TEX|0|768|0|1|1|0|0|-128|3360|-112|3376|191|190|1
W|901|1|2|ADEL_B14|XA10TEX|5|384|0|1|1|-59|0|-112|3376|-128|3360|190|191|1
W|902|0|2|ADEL_B14|XA10TEX|8|384|0|1|1|-56|0|-64|3296|-32|3296|192|191|1
W|902|1|2|ADEL_B14|XA10TEX|0|768|0|1|1|0|0|-32|3296|-64|3296|191|192|1
W|903|0|2|ADEL_B14|XA10TEX|0|768|0|1|1|0|0|-64|3232|-32|3232|193|192|1
W|903|1|2|ADEL_B14|XA10TEX|23|384|0|1|1|-41|0|-32|3232|-64|3232|192|193|1
W|904|0|2|ADEL_B14|XA10TEX|8|384|0|1|1|-56|0|-64|3168|-32|3168|194|193|1
W|904|1|2|ADEL_B14|XA10TEX|0|768|0|1|1|0|0|-32|3168|-64|3168|193|194|1
W|905|0|2|ADEL_B14|XA10TEX|0|768|0|1|1|0|0|-112|3120|-96|3104|195|194|1
W|905|1|2|ADEL_B14|XA10TEX|36|384|0|1|1|-28|0|-96|3104|-112|3120|194|195|1
W|906|0|2|ADEL_B14|XA10TEX|18|384|0|1|1|-46|0|-160|3072|-160|3040|179|195|1
W|906|1|2|ADEL_B14|XA10TEX|0|768|0|1|1|0|0|-160|3040|-160|3072|195|179|1
W|907|0|2|ADEL_B14|XA10TEX|31|384|0|1|1|-33|0|-224|3040|-224|3072|179|196|1
W|907|1|2|ADEL_B14|XA10TEX|0|768|0|1|1|0|0|-224|3072|-224|3040|196|179|1
W|908|0|2|ADEL_B14|XA10TEX|0|768|0|1|1|0|0|-288|3040|-288|3072|196|197|1
W|908|1|2|ADEL_B14|XA10TEX|18|384|0|1|1|-46|0|-288|3072|-288|3040|197|196|1
W|909|0|2|ADEL_B14|XA10TEX|3|384|0|1|1|-61|0|-368|3120|-352|3136|197|198|1
W|909|1|2|ADEL_B14|XA10TEX|0|768|0|1|1|0|0|-352|3136|-368|3120|198|197|1
W|910|0|2|ADEL_B14|XA10TEX|0|768|0|1|1|0|0|-416|3168|-416|3200|198|199|1
W|910|1|2|ADEL_B14|XA10TEX|29|384|0|1|1|-35|0|-416|3200|-416|3168|199|198|1
W|911|0|2|ADEL_B14|XA10TEX|21|384|0|1|1|-43|0|-480|3168|-480|3200|199|200|1
W|911|1|2|ADEL_B14|XA10TEX|0|768|0|1|1|0|0|-480|3200|-480|3168|200|199|1
W|912|0|2|ADEL_B14|XA10TEX|0|768|0|1|1|0|0|-544|3168|-544|3200|200|201|1
W|912|1|2|ADEL_B14|XA10TEX|29|384|0|1|1|-35|0|-544|3200|-544|3168|201|200|1
W|913|0|2|ADEL_B14|XA10TEX|21|384|0|1|1|-43|0|-608|3168|-608|3200|201|202|1
W|913|1|2|ADEL_B14|XA10TEX|0|768|0|1|1|0|0|-608|3200|-608|3168|202|201|1
W|914|0|2|ADEL_B14|XA10TEX|0|768|0|1|1|0|0|-672|3168|-672|3200|202|203|1
W|914|1|2|ADEL_B14|XA10TEX|29|384|0|1|1|-35|0|-672|3200|-672|3168|203|202|1
W|915|0|2|ADEL_B14|XA10TEX|21|384|0|1|1|-43|0|-736|3168|-736|3200|203|204|1
W|915|1|2|ADEL_B14|XA10TEX|0|768|0|1|1|0|0|-736|3200|-736|3168|204|203|1
W|916|0|2|ADEL_B14|XA10TEX|0|768|0|1|1|0|0|-800|3168|-800|3200|204|205|1
W|916|1|2|ADEL_B14|XA10TEX|29|384|0|1|1|-35|0|-800|3200|-800|3168|205|204|1
W|917|0|2|ADEL_B14|XA10TEX|21|384|0|1|1|-43|0|-864|3168|-864|3200|205|206|1
W|917|1|2|ADEL_B14|XA10TEX|0|768|0|1|1|0|0|-864|3200|-864|3168|206|205|1
W|918|0|2|ADEL_B14|XA10TEX|0|768|0|1|1|0|0|-928|3168|-928|3200|206|207|1
W|918|1|2|ADEL_B14|XA10TEX|29|384|0|1|1|-35|0|-928|3200|-928|3168|207|206|1
W|919|0|2|ADEL_B14|XA10TEX|21|384|0|1|1|-43|0|-992|3168|-992|3200|207|208|1
W|919|1|2|ADEL_B14|XA10TEX|0|768|0|1|1|0|0|-992|3200|-992|3168|208|207|1
W|920|0|2|ADEL_B14|XA10TEX|0|768|0|1|1|0|0|-1056|3168|-1056|3200|208|209|1
W|920|1|2|ADEL_B14|XA10TEX|29|384|0|1|1|-35|0|-1056|3200|-1056|3168|209|208|1
W|921|0|2|ADEL_B14|XA10TEX|21|384|0|1|1|-43|0|-1120|3168|-1120|3200|209|210|1
W|921|1|2|ADEL_B14|XA10TEX|0|768|0|1|1|0|0|-1120|3200|-1120|3168|210|209|1
W|922|0|2|ADEL_B14|XA10TEX|0|768|0|1|1|0|0|-1184|3168|-1184|3200|210|211|1
W|922|1|2|ADEL_B14|XA10TEX|29|384|0|1|1|-35|0|-1184|3200|-1184|3168|211|210|1
W|923|0|2|ADEL_B14|XA10TEX|21|384|0|1|1|-43|0|-1248|3168|-1248|3200|211|212|1
W|923|1|2|ADEL_B14|XA10TEX|0|768|0|1|1|0|0|-1248|3200|-1248|3168|212|211|1
W|924|1|2|ADEL_B14|XA10TEX|53|384|0|1|1|-11|0|-1248|3200|-1312|3200|354|212|1
W|925|0|2|ADEL_B14|XA10TEX|0|768|0|1|1|0|0|-1312|3168|-1312|3200|212|213|1
W|925|1|2|ADEL_B14|XA10TEX|29|384|0|1|1|-35|0|-1312|3200|-1312|3168|213|212|1
W|926|0|2|ADEL_B14|XA10TEX|21|384|0|1|1|-43|0|-1376|3168|-1376|3200|213|214|1
W|926|1|2|ADEL_B14|XA10TEX|0|768|0|1|1|0|0|-1376|3200|-1376|3168|214|213|1
W|927|0|2|ADEL_B14|XA10TEX|0|768|0|1|1|0|0|-1440|3168|-1440|3200|214|215|1
W|927|1|2|ADEL_B14|XA10TEX|29|384|0|1|1|-35|0|-1440|3200|-1440|3168|215|214|1
W|928|0|2|ADEL_B14|XA10TEX|21|384|0|1|1|-43|0|-1504|3168|-1504|3200|215|216|1
W|928|1|2|ADEL_B14|XA10TEX|0|768|0|1|1|0|0|-1504|3200|-1504|3168|216|215|1
W|929|0|2|ADEL_B14|XA10TEX|0|768|0|1|1|0|0|-1568|3168|-1568|3200|216|217|1
W|929|1|2|ADEL_B14|XA10TEX|29|384|0|1|1|-35|0|-1568|3200|-1568|3168|217|216|1
W|930|0|2|ADEL_B14|XA10TEX|21|384|0|1|1|-43|0|-1632|3168|-1632|3200|217|218|1
W|930|1|2|ADEL_B14|XA10TEX|0|768|0|1|1|0|0|-1632|3200|-1632|3168|218|217|1
W|931|0|2|ADEL_B14|XA10TEX|0|768|0|1|1|0|0|-1696|3168|-1696|3200|218|219|1
W|931|1|2|ADEL_B14|XA10TEX|29|384|0|1|1|-35|0|-1696|3200|-1696|3168|219|218|1
W|932|0|2|ADEL_B14|XA10TEX|21|384|0|1|1|-43|0|-1760|3168|-1760|3200|219|220|1
W|932|1|2|ADEL_B14|XA10TEX|0|768|0|1|1|0|0|-1760|3200|-1760|3168|220|219|1
W|933|0|2|ADEL_B14|XA10TEX|0|768|0|1|1|0|0|-1824|3168|-1824|3200|220|221|1
W|933|1|2|ADEL_B14|XA10TEX|29|384|0|1|1|-35|0|-1824|3200|-1824|3168|221|220|1
W|934|0|2|ADEL_B14|XA10TEX|21|384|0|1|1|-43|0|-1888|3168|-1888|3200|221|222|1
W|934|1|2|ADEL_B14|XA10TEX|0|768|0|1|1|0|0|-1888|3200|-1888|3168|222|221|1
W|935|0|2|ADEL_B14|XA10TEX|0|768|0|1|1|0|0|-1952|3168|-1952|3200|222|223|1
W|935|1|2|ADEL_B14|XA10TEX|29|384|0|1|1|-35|0|-1952|3200|-1952|3168|223|222|1
W|936|0|2|ADEL_B14|XA10TEX|21|384|0|1|1|-43|0|-2016|3168|-2016|3200|223|224|1
W|936|1|2|ADEL_B14|XA10TEX|0|768|0|1|1|0|0|-2016|3200|-2016|3168|224|223|1
W|937|0|2|ADEL_B14|XA10TEX|0|768|0|1|1|0|0|-2080|3168|-2080|3200|224|225|1
W|937|1|2|ADEL_B14|XA10TEX|29|384|0|1|1|-35|0|-2080|3200|-2080|3168|225|224|1
W|938|0|2|ADEL_B14|XA10TEX|26|256|0|1|1|26|0|-2016|5056|-2016|5088|227|226|1
W|938|1|2|ADEL_B14|XA10TEX|63|768|0|1|1|-1|0|-2016|5088|-2016|5056|226|227|1
W|697|0|2|ADEL_B14|XA10TEX|95|768|0|1|1|0|0|-2016|5056|-2080|5056|226|356|1
W|939|0|2|ADEL_B14|XA10TEX|31|256|0|1|1|-33|0|-1984|5056|-1984|5088|229|227|1
W|940|1|2|ADEL_B14|XA10TEX|0|256|0|1|1|0|0|-1824|4944|-1824|4928|492|228|1
W|2212|1|2|ADEL_B14|XA10TEX|16|256|0|1|1|0|0|-1824|4928|-1792|4896|492|228|1
W|941|0|2|ADEL_B14|XA10TEX|63|768|0|1|1|-1|0|-1824|5056|-1824|5088|230|229|1
W|941|1|2|ADEL_B14|XA10TEX|0|256|0|1|1|0|0|-1824|5088|-1824|5056|229|230|1
W|942|0|2|ADEL_B14|XA10TEX|0|768|0|1|1|0|0|-1760|5056|-1760|5088|231|230|1
W|942|1|2|ADEL_B14|XA10TEX|63|384|0|1|1|-1|0|-1760|5088|-1760|5056|230|231|1
W|943|0|2|ADEL_B14|XA10TEX|63|384|0|1|1|-1|0|-1696|5056|-1696|5088|232|231|1
W|943|1|2|ADEL_B14|XA10TEX|0|768|0|1|1|0|0|-1696|5088|-1696|5056|231|232|1
W|944|0|2|ADEL_B14|XA10TEX|0|768|0|1|1|0|0|-1632|5056|-1632|5088|233|232|1
W|944|1|2|ADEL_B14|XA10TEX|63|384|0|1|1|-1|0|-1632|5088|-1632|5056|232|233|1
W|945|0|2|ADEL_B14|XA10TEX|0|768|0|1|1|0|0|-1568|5056|-1568|5088|234|233|1
W|945|1|2|ADEL_B14|XA10TEX|63|384|0|1|1|-1|0|-1568|5088|-1568|5056|233|234|1
W|948|0|2|ADEL_B14|XA10TEX|31|384|0|1|1|-33|0|-1248|5056|-1248|5088|236|235|1
W|948|1|2|ADEL_B14|XA10TEX|0|768|0|1|1|0|0|-1248|5088|-1248|5056|235|236|1
W|949|0|2|ADEL_B14|XA10TEX|31|384|0|1|1|-33|0|-1184|5056|-1184|5088|237|236|1
W|949|1|2|ADEL_B14|XA10TEX|0|768|0|1|1|0|0|-1184|5088|-1184|5056|236|237|1
W|950|0|2|ADEL_B14|XA10TEX|0|768|0|1|1|0|0|-1120|5056|-1120|5088|238|237|1
W|950|1|2|ADEL_B14|XA10TEX|46|384|0|1|1|-18|0|-1120|5088|-1120|5056|237|238|1
W|951|0|2|ADEL_B14|XA10TEX|31|384|0|1|1|-33|0|-1056|5056|-1056|5088|239|238|1
W|951|1|2|ADEL_B14|XA10TEX|0|768|0|1|1|0|0|-1056|5088|-1056|5056|238|239|1
W|952|0|2|ADEL_B14|XA10TEX|0|768|0|1|1|0|0|-992|5056|-992|5088|240|239|1
W|952|1|2|ADEL_B14|XA10TEX|46|384|0|1|1|-18|0|-992|5088|-992|5056|239|240|1
W|953|0|2|ADEL_B14|XA10TEX|31|384|0|1|1|-33|0|-928|5056|-928|5088|241|240|1
W|953|1|2|ADEL_B14|XA10TEX|0|768|0|1|1|0|0|-928|5088|-928|5056|240|241|1
W|954|0|2|ADEL_B14|XA10TEX|0|768|0|1|1|0|0|-864|5056|-864|5088|242|241|1
W|954|1|2|ADEL_B14|XA10TEX|46|384|0|1|1|-18|0|-864|5088|-864|5056|241|242|1
W|955|0|2|ADEL_B14|XA10TEX|31|384|0|1|1|-33|0|-800|5056|-800|5088|243|242|1
W|955|1|2|ADEL_B14|XA10TEX|0|768|0|1|1|0|0|-800|5088|-800|5056|242|243|1
W|956|0|2|ADEL_B14|XA10TEX|0|768|0|1|1|0|0|-736|5056|-736|5088|244|243|1
W|956|1|2|ADEL_B14|XA10TEX|46|384|0|1|1|-18|0|-736|5088|-736|5056|243|244|1
W|957|0|2|ADEL_B14|XA10TEX|31|384|0|1|1|-33|0|-672|5056|-672|5088|245|244|1
W|957|1|2|ADEL_B14|XA10TEX|0|768|0|1|1|0|0|-672|5088|-672|5056|244|245|1
W|958|0|2|ADEL_B14|XA10TEX|0|768|0|1|1|0|0|-608|5056|-608|5088|246|245|1
W|958|1|2|ADEL_B14|XA10TEX|46|384|0|1|1|-18|0|-608|5088|-608|5056|245|246|1
W|959|0|2|ADEL_B14|XA10TEX|31|384|0|1|1|-33|0|-544|5056|-544|5088|247|246|1
W|959|1|2|ADEL_B14|XA10TEX|0|768|0|1|1|0|0|-544|5088|-544|5056|246|247|1
W|960|0|2|ADEL_B14|XA10TEX|0|768|0|1|1|0|0|-480|5056|-480|5088|158|247|1
W|960|1|2|ADEL_B14|XA10TEX|46|384|0|1|1|-18|0|-480|5088|-480|5056|247|158|1
W|985|1|2|ADEL_B14|XA10TEX|0|640|0|1|1|0|-232|-272|4928|-176|4928|256|257|1
W|986|0|2|ADEL_B14|XA10TEX|0|768|0|1|1|0|0|-256|4960|-192|4960|257|263|1
W|986|1|2|ADEL_B14|XA10TEX|0|640|0|1|1|0|0|-192|4960|-256|4960|263|257|1
W|987|0|2|ADEL_B14|XA10TEX|0|768|0|1|1|0|0|-192|4960|-176|4928|257|265|1
W|987|1|2|ADEL_B14|XA10TEX|0|768|0|1|1|0|0|-176|4928|-192|4960|265|257|1
W|988|0|2|ADEL_B14|XA10TEX|0|768|0|1|1|0|0|-272|4928|-256|4960|257|258|1
W|988|1|2|ADEL_B14|XA10TEX|0|768|0|1|1|0|0|-256|4960|-272|4928|258|257|1
W|989|1|2|ADEL_B14|XA10TEX|0|768|0|1|1|0|-232|-320|4976|-272|4928|256|258|1
W|990|0|2|ADEL_B14|XA10TEX|0|768|0|1|1|0|0|-288|4992|-256|4960|258|263|1
W|990|1|2|ADEL_B14|XA10TEX|0|768|0|1|1|0|0|-256|4960|-288|4992|263|258|1
W|991|0|2|ADEL_B14|XA10TEX|0|768|0|1|1|0|0|-288|4992|-320|4976|259|258|1
W|991|1|2|ADEL_B14|XA10TEX|0|768|0|1|1|0|0|-320|4976|-288|4992|258|259|1
W|992|1|2|ADEL_B14|XA10TEX|0|640|0|1|1|0|-232|-320|5072|-320|4976|256|259|1
W|993|0|2|ADEL_B14|XA10TEX|0|768|0|1|1|0|0|-288|5056|-288|4992|259|263|1
W|993|1|2|ADEL_B14|XA10TEX|0|640|0|1|1|0|0|-288|4992|-288|5056|263|259|1
W|994|0|2|ADEL_B14|XA10TEX|0|768|0|1|1|0|0|-320|5072|-288|5056|259|260|1
W|994|1|2|ADEL_B14|XA10TEX|0|768|0|1|1|0|0|-288|5056|-320|5072|260|259|1
W|995|1|2|ADEL_B14|XA10TEX|0|768|0|1|1|0|-232|-272|5120|-320|5072|256|260|1
W|996|0|2|ADEL_B14|XA10TEX|0|768|0|1|1|0|0|-256|5088|-288|5056|260|263|1
W|996|1|2|ADEL_B14|XA10TEX|0|768|0|1|1|0|0|-288|5056|-256|5088|263|260|1
W|997|0|2|ADEL_B14|XA10TEX|0|768|0|1|1|0|0|-256|5088|-272|5120|261|260|1
W|997|1|2|ADEL_B14|XA10TEX|0|768|0|1|1|0|0|-272|5120|-256|5088|260|261|1
W|998|1|2|ADEL_B14|XA10TEX|0|640|0|1|1|0|-232|-176|5120|-272|5120|256|261|1
W|999|0|2|ADEL_B14|XA10TEX|0|768|0|1|1|0|0|-192|5088|-256|5088|261|263|1
W|999|1|2|ADEL_B14|XA10TEX|0|640|0|1|1|0|0|-256|5088|-192|5088|263|261|1
W|1000|0|2|ADEL_B14|XA10TEX|0|768|0|1|1|0|0|-192|5088|-176|5120|262|261|1
W|1000|1|2|ADEL_B14|XA10TEX|0|768|0|1|1|0|0|-176|5120|-192|5088|261|262|1
W|1001|1|2|ADEL_B14|XA10TEX|0|768|0|1|1|0|-232|-128|5072|-176|5120|256|262|1
W|1002|0|2|ADEL_B14|XA10TEX|0|768|0|1|1|0|0|-160|5056|-192|5088|262|263|1
W|1002|1|2|ADEL_B14|XA10TEX|0|768|0|1|1|0|0|-192|5088|-160|5056|263|262|1
W|1003|0|2|ADEL_B14|XA10TEX|0|768|0|1|1|0|0|-160|5056|-128|5072|264|262|1
W|1003|1|2|ADEL_B14|XA10TEX|0|768|0|1|1|0|0|-128|5072|-160|5056|262|264|1
W|1004|0|2|ADEL_B14|XA10TEX|0|768|0|1|1|0|0|-192|4960|-160|4992|265|263|1
W|1004|1|2|ADEL_B14|XA10TEX|0|768|0|1|1|0|0|-160|4992|-192|4960|263|265|1
W|1005|0|2|ADEL_B14|XA10TEX|0|768|0|1|1|0|0|-160|4992|-160|5056|264|263|1
W|1005|1|2|ADEL_B14|XA10TEX|0|640|0|1|1|0|0|-160|5056|-160|4992|263|264|1
W|1006|1|2|ADEL_B14|XA10TEX|0|640|0|1|1|0|-232|-128|4976|-128|5072|256|264|1
W|1007|0|2|ADEL_B14|XA10TEX|0|768|0|1|1|0|0|-160|4992|-128|4976|265|264|1
W|1007|1|2|ADEL_B14|XA10TEX|0|768|0|1|1|0|0|-128|4976|-160|4992|264|265|1
W|1008|1|2|ADEL_B14|XA10TEX|0|768|0|1|1|0|-232|-176|4928|-128|4976|256|265|1
W|1033|1|2|ADEL_B14|XA10TEX|0|640|0|1|1|0|-232|-2448|3136|-2352|3136|355|275|1
W|1034|0|2|ADEL_B14|XA10TEX|0|768|0|1|1|0|0|-2432|3168|-2368|3168|275|281|1
W|1034|1|2|ADEL_B14|XA10TEX|0|640|0|1|1|0|0|-2368|3168|-2432|3168|281|275|1
W|1035|0|2|ADEL_B14|XA10TEX|0|768|0|1|1|0|0|-2368|3168|-2352|3136|275|283|1
W|1035|1|2|ADEL_B14|XA10TEX|0|768|0|1|1|0|0|-2352|3136|-2368|3168|283|275|1
W|1036|0|2|ADEL_B14|XA10TEX|0|768|0|1|1|0|0|-2448|3136|-2432|3168|275|276|1
W|1036|1|2|ADEL_B14|XA10TEX|0|768|0|1|1|0|0|-2432|3168|-2448|3136|276|275|1
W|1037|1|2|ADEL_B14|XA10TEX|0|768|0|1|1|0|-232|-2496|3184|-2448|3136|355|276|1
W|1038|0|2|ADEL_B14|XA10TEX|0|768|0|1|1|0|0|-2464|3200|-2432|3168|276|281|1
W|1038|1|2|ADEL_B14|XA10TEX|0|768|0|1|1|0|0|-2432|3168|-2464|3200|281|276|1
W|1039|0|2|ADEL_B14|XA10TEX|0|768|0|1|1|0|0|-2464|3200|-2496|3184|277|276|1
W|1039|1|2|ADEL_B14|XA10TEX|0|768|0|1|1|0|0|-2496|3184|-2464|3200|276|277|1
W|1040|1|2|ADEL_B14|XA10TEX|0|640|0|1|1|0|-232|-2496|3280|-2496|3184|355|277|1
W|1041|0|2|ADEL_B14|XA10TEX|0|768|0|1|1|0|0|-2464|3264|-2464|3200|277|281|1
W|1041|1|2|ADEL_B14|XA10TEX|0|640|0|1|1|0|0|-2464|3200|-2464|3264|281|277|1
W|1042|0|2|ADEL_B14|XA10TEX|0|768|0|1|1|0|0|-2496|3280|-2464|3264|277|278|1
W|1042|1|2|ADEL_B14|XA10TEX|0|768|0|1|1|0|0|-2464|3264|-2496|3280|278|277|1
W|1043|1|2|ADEL_B14|XA10TEX|0|768|0|1|1|0|-232|-2448|3328|-2496|3280|355|278|1
W|1044|0|2|ADEL_B14|XA10TEX|0|768|0|1|1|0|0|-2432|3296|-2464|3264|278|281|1
W|1044|1|2|ADEL_B14|XA10TEX|0|768|0|1|1|0|0|-2464|3264|-2432|3296|281|278|1
W|1045|0|2|ADEL_B14|XA10TEX|0|768|0|1|1|0|0|-2432|3296|-2448|3328|279|278|1
W|1045|1|2|ADEL_B14|XA10TEX|0|768|0|1|1|0|0|-2448|3328|-2432|3296|278|279|1
W|1046|1|2|ADEL_B14|XA10TEX|0|640|0|1|1|0|-232|-2352|3328|-2448|3328|355|279|1
W|1047|0|2|ADEL_B14|XA10TEX|0|768|0|1|1|0|0|-2368|3296|-2432|3296|279|281|1
W|1047|1|2|ADEL_B14|XA10TEX|0|640|0|1|1|0|0|-2432|3296|-2368|3296|281|279|1
W|1048|0|2|ADEL_B14|XA10TEX|0|768|0|1|1|0|0|-2368|3296|-2352|3328|280|279|1
W|1048|1|2|ADEL_B14|XA10TEX|0|768|0|1|1|0|0|-2352|3328|-2368|3296|279|280|1
W|1049|1|2|ADEL_B14|XA10TEX|0|768|0|1|1|0|-232|-2304|3280|-2352|3328|355|280|1
W|1050|0|2|ADEL_B14|XA10TEX|0|768|0|1|1|0|0|-2336|3264|-2368|3296|280|281|1
W|1050|1|2|ADEL_B14|XA10TEX|0|768|0|1|1|0|0|-2368|3296|-2336|3264|281|280|1
W|1051|0|2|ADEL_B14|XA10TEX|0|768|0|1|1|0|0|-2336|3264|-2304|3280|282|280|1
W|1051|1|2|ADEL_B14|XA10TEX|0|768|0|1|1|0|0|-2304|3280|-2336|3264|280|282|1
W|1052|0|2|ADEL_B14|XA10TEX|0|768|0|1|1|0|0|-2368|3168|-2336|3200|283|281|1
W|1052|1|2|ADEL_B14|XA10TEX|0|768|0|1|1|0|0|-2336|3200|-2368|3168|281|283|1
W|1053|0|2|ADEL_B14|XA10TEX|0|768|0|1|1|0|0|-2336|3200|-2336|3264|282|281|1
W|1053|1|2|ADEL_B14|XA10TEX|0|640|0|1|1|0|0|-2336|3264|-2336|3200|281|282|1
W|1054|1|2|ADEL_B14|XA10TEX|0|640|0|1|1|0|-232|-2304|3184|-2304|3280|355|282|1
W|1055|0|2|ADEL_B14|XA10TEX|0|768|0|1|1|0|0|-2336|3200|-2304|3184|283|282|1
W|1055|1|2|ADEL_B14|XA10TEX|0|768|0|1|1|0|0|-2304|3184|-2336|3200|282|283|1
W|1056|1|2|ADEL_B14|XA10TEX|0|768|0|1|1|0|-232|-2352|3136|-2304|3184|355|283|1
W|1089|1|2|ADEL_B14|XA10TEX|63|256|0|1|1|-1|0|-1792|4896|-1536|4896|359|484|1
W|1090|0|2|ADEL_B14|XA10TEX|0|768|0|1|1|0|0|-1280|4896|-1536|4896|284|359|1
W|1090|1|2|ADEL_B14|XA10TEX|0|768|0|1|1|0|0|-1536|4896|-1280|4896|359|284|1
W|1092|1|2|ADEL_B14|XA10TEX|63|384|0|1|1|-1|0|-1536|5056|-1536|5072|308|234|1
W|946|1|2|ADEL_B14|XA10TEX|79|384|0|1|1|-49|0|-1536|5072|-1536|5104|9|234|1
W|714|0|2|ADEL_B14|XA10TEX|111|384|0|1|1|-17|0|-1536|5104|-1568|5104|9|234|1
W|1097|0|2|ADEL_B14|XA10TEX|143|384|0|1|1|-49|0|-1568|5104|-1568|5088|9|234|1
W|1093|0|2|ADEL_B14|XA10TEX|0|768|0|1|1|0|0|-1280|5072|-1280|5104|235|9|1
W|1098|1|2|ADEL_B14|XA10TEX|32|768|0|1|1|0|0|-1280|5104|-1248|5104|235|9|1
W|716|1|2|ADEL_B14|XA10TEX|64|768|0|1|1|0|0|-1248|5104|-1248|5088|235|9|1
W|1095|0|2|ADEL_B14|XA10TEX|31|256|0|1|1|-33|0|-1280|5056|-1280|5024|284|256|1
W|1144|0|2|ADEL_B14|XA10TEX|63|256|0|1|1|-1|0|-1280|5024|-1272|5024|300|256|1
W|2348|0|2|ADEL_B14|XA10TEX|71|256|0|1|1|-1|0|-1272|5024|-1248|5024|502|256|1
W|1141|0|2|ADEL_B14|XA10TEX|95|256|0|1|1|-33|0|-1248|5024|-1240|5024|503|256|1
W|2350|0|2|ADEL_B14|XA10TEX|103|256|0|1|1|-33|0|-1240|5024|-1216|5024|299|256|1
W|1138|0|2|ADEL_B14|XA10TEX|127|256|0|1|1|-1|0|-1216|5024|-1208|5024|298|256|1
W|2354|0|2|ADEL_B14|XA10TEX|135|256|0|1|1|-1|0|-1208|5024|-1184|5024|504|256|1
W|1135|0|2|ADEL_B14|XA10TEX|159|256|0|1|1|-33|0|-1184|5024|-1176|5024|505|256|1
W|2356|0|2|ADEL_B14|XA10TEX|167|256|0|1|1|-33|0|-1176|5024|-1152|5024|297|256|1
W|1132|0|2|ADEL_B14|XA10TEX|191|256|0|1|1|-1|0|-1152|5024|-1144|5024|296|256|1
W|2360|0|2|ADEL_B14|XA10TEX|199|256|0|1|1|-1|0|-1144|5024|-1120|5024|506|256|1
W|1129|0|2|ADEL_B14|XA10TEX|223|256|0|1|1|-33|0|-1120|5024|-1112|5024|507|256|1
W|2362|0|2|ADEL_B14|XA10TEX|231|256|0|1|1|-33|0|-1112|5024|-1088|5024|295|256|1
W|1127|0|2|ADEL_B14|XA10TEX|255|256|0|1|1|-1|0|-1088|5024|-1080|5024|294|256|1
W|2366|0|2|ADEL_B14|XA10TEX|263|256|0|1|1|-1|0|-1080|5024|-1056|5024|508|256|1
W|1126|0|2|ADEL_B14|XA10TEX|287|256|0|1|1|-33|0|-1056|5024|-1056|4928|508|256|1
W|1125|0|2|ADEL_B14|XA10TEX|383|256|0|1|1|-1|0|-1056|4928|-1080|4928|508|256|1
W|2365|0|2|ADEL_B14|XA10TEX|407|256|0|1|1|-1|0|-1080|4928|-1088|4928|294|256|1
W|1130|0|2|ADEL_B14|XA10TEX|415|256|0|1|1|-33|0|-1088|4928|-1112|4928|295|256|1
W|2363|0|2|ADEL_B14|XA10TEX|439|256|0|1|1|-33|0|-1112|4928|-1120|4928|507|256|1
W|1133|0|2|ADEL_B14|XA10TEX|447|256|0|1|1|-1|0|-1120|4928|-1144|4928|506|256|1
W|2359|0|2|ADEL_B14|XA10TEX|471|256|0|1|1|-1|0|-1144|4928|-1152|4928|296|256|1
W|1136|0|2|ADEL_B14|XA10TEX|479|256|0|1|1|-33|0|-1152|4928|-1176|4928|297|256|1
W|2357|0|2|ADEL_B14|XA10TEX|503|256|0|1|1|-33|0|-1176|4928|-1184|4928|505|256|1
W|1139|0|2|ADEL_B14|XA10TEX|511|256|0|1|1|-1|0|-1184|4928|-1208|4928|504|256|1
W|2353|0|2|ADEL_B14|XA10TEX|23|256|0|1|1|-1|0|-1208|4928|-1216|4928|298|256|1
W|1142|0|2|ADEL_B14|XA10TEX|31|256|0|1|1|-33|0|-1216|4928|-1240|4928|299|256|1
W|2351|0|2|ADEL_B14|XA10TEX|55|256|0|1|1|-33|0|-1240|4928|-1248|4928|503|256|1
W|1146|0|2|ADEL_B14|XA10TEX|63|256|0|1|1|-1|0|-1248|4928|-1272|4928|502|256|1
W|2347|0|2|ADEL_B14|XA10TEX|87|256|0|1|1|-1|0|-1272|4928|-1280|4928|300|256|1
W|1147|0|2|ADEL_B14|XA10TEX|95|256|0|1|1|-33|0|-1280|4928|-1280|4896|284|256|1
W|1096|0|2|ADEL_B14|XA10TEX|31|256|0|1|1|-33|0|-1536|4896|-1536|4928|284|484|1
W|1102|0|2|ADEL_B14|XA10TEX|63|256|0|1|1|-1|0|-1536|4928|-1544|4928|495|484|1
W|2326|0|2|ADEL_B14|XA10TEX|71|256|0|1|1|-1|0|-1544|4928|-1568|4928|287|484|1
W|1108|0|2|ADEL_B14|XA10TEX|95|256|0|1|1|-33|0|-1568|4928|-1576|4928|288|484|1
W|2330|0|2|ADEL_B14|XA10TEX|103|256|0|1|1|-33|0|-1576|4928|-1600|4928|496|484|1
W|1110|0|2|ADEL_B14|XA10TEX|127|256|0|1|1|-1|0|-1600|4928|-1608|4928|497|484|1
W|2332|0|2|ADEL_B14|XA10TEX|135|256|0|1|1|-1|0|-1608|4928|-1632|4928|289|484|1
W|1112|0|2|ADEL_B14|XA10TEX|159|256|0|1|1|-33|0|-1632|4928|-1640|4928|290|484|1
W|2336|0|2|ADEL_B14|XA10TEX|167|256|0|1|1|-33|0|-1640|4928|-1664|4928|498|484|1
W|1114|0|2|ADEL_B14|XA10TEX|191|256|0|1|1|-1|0|-1664|4928|-1672|4928|499|484|1
W|2338|0|2|ADEL_B14|XA10TEX|199|256|0|1|1|-1|0|-1672|4928|-1696|4928|293|484|1
W|1116|0|2|ADEL_B14|XA10TEX|223|256|0|1|1|-33|0|-1696|4928|-1704|4928|292|484|1
W|2342|0|2|ADEL_B14|XA10TEX|231|256|0|1|1|-33|0|-1704|4928|-1728|4928|500|484|1
W|1121|0|2|ADEL_B14|XA10TEX|255|256|0|1|1|-1|0|-1728|4928|-1736|4928|501|484|1
W|2344|0|2|ADEL_B14|XA10TEX|263|256|0|1|1|-1|0|-1736|4928|-1760|4928|291|484|1
W|1105|0|2|ADEL_B14|XA10TEX|287|256|0|1|1|-33|0|-1760|4928|-1760|5024|291|484|1
W|1104|0|2|ADEL_B14|XA10TEX|383|256|0|1|1|-1|0|-1760|5024|-1736|5024|291|484|1
W|2345|0|2|ADEL_B14|XA10TEX|407|256|0|1|1|-1|0|-1736|5024|-1728|5024|501|484|1
W|1120|0|2|ADEL_B14|XA10TEX|415|256|0|1|1|-33|0|-1728|5024|-1704|5024|500|484|1
W|2341|0|2|ADEL_B14|XA10TEX|439|256|0|1|1|-33|0|-1704|5024|-1696|5024|292|484|1
W|1115|0|2|ADEL_B14|XA10TEX|447|256|0|1|1|-1|0|-1696|5024|-1672|5024|293|484|1
W|2339|0|2|ADEL_B14|XA10TEX|471|256|0|1|1|-1|0|-1672|5024|-1664|5024|499|484|1
W|1113|0|2|ADEL_B14|XA10TEX|479|256|0|1|1|-33|0|-1664|5024|-1640|5024|498|484|1
W|2335|0|2|ADEL_B14|XA10TEX|503|256|0|1|1|-33|0|-1640|5024|-1632|5024|290|484|1
W|1111|0|2|ADEL_B14|XA10TEX|511|256|0|1|1|-1|0|-1632|5024|-1608|5024|289|484|1
W|2333|0|2|ADEL_B14|XA10TEX|23|256|0|1|1|-1|0|-1608|5024|-1600|5024|497|484|1
W|1109|0|2|ADEL_B14|XA10TEX|31|256|0|1|1|-33|0|-1600|5024|-1576|5024|496|484|1
W|2329|0|2|ADEL_B14|XA10TEX|55|256|0|1|1|-33|0|-1576|5024|-1568|5024|288|484|1
W|1107|0|2|ADEL_B14|XA10TEX|63|256|0|1|1|-1|0|-1568|5024|-1544|5024|287|484|1
W|2327|0|2|ADEL_B14|XA10TEX|87|256|0|1|1|-1|0|-1544|5024|-1536|5024|495|484|1
W|1103|0|2|ADEL_B14|XA10TEX|95|256|0|1|1|-33|0|-1536|5024|-1536|5056|284|484|1
W|1097|1|2|ADEL_B14|XA10TEX|0|768|0|1|1|0|0|-1568|5088|-1568|5104|234|9|1
W|714|1|2|ADEL_B14|XA10TEX|16|768|0|1|1|0|0|-1568|5104|-1536|5104|234|9|1
W|946|0|2|ADEL_B14|XA10TEX|48|768|0|1|1|0|0|-1536|5104|-1536|5072|234|9|1
W|1092|0|2|ADEL_B14|XA10TEX|80|768|0|1|1|0|0|-1536|5072|-1536|5056|234|308|1
W|1153|0|0|ADEL_B14|XA10TEX|28|640|0|1|1|28|0|-1600|4544|-1632|4544|286|877|1
W|1153|0|2|ADEL_B14|XA10TEX|28|640|0|1|1|28|0|-1600|4544|-1632|4544|286|877|1
W|1154|0|0|ADEL_B14|XA10TEX|28|512|0|1|1|28|0|-1536|4544|-1552|4544|301|876|1
W|1154|0|2|ADEL_B14|XA10TEX|28|512|0|1|1|28|0|-1536|4544|-1552|4544|301|876|1
W|1155|0|0|ADEL_B14|XA10TEX|28|640|0|1|1|28|0|-1472|4544|-1488|4544|286|874|1
W|1155|0|2|ADEL_B14|XA10TEX|28|640|0|1|1|28|0|-1472|4544|-1488|4544|286|874|1
W|1156|0|1|ADEL_B14|XA10TEX|28|512|0|1|1|28|0|-1408|4544|-1440|4544|301|-1|1
W|1157|0|0|ADEL_B14|XA10TEX|56|640|0|1|1|56|0|-1216|4544|-1248|4544|286|591|1
W|1168|0|0|ADEL_B14|XA10TEX|43|640|0|1|1|43|-8|-1408|3712|-1376|3712|303|522|1
W|1188|0|0|ADEL_B14|XA10TEX|19|512|0|1|1|19|0|-704|4160|-704|4176|301|871|1
W|1188|0|2|ADEL_B14|XA10TEX|19|512|0|1|1|19|0|-704|4160|-704|4176|301|871|1
W|1189|0|0|ADEL_B14|XA10TEX|19|640|0|1|1|19|0|-704|4224|-704|4240|286|866|1
W|1189|0|2|ADEL_B14|XA10TEX|19|640|0|1|1|19|0|-704|4224|-704|4240|286|866|1
W|1190|0|0|ADEL_B14|XA10TEX|19|512|0|1|1|19|0|-704|4288|-704|4320|301|868|1
W|1190|0|2|ADEL_B14|XA10TEX|19|512|0|1|1|19|0|-704|4288|-704|4320|301|868|1
W|1205|0|1|ADEL_B14|XA10TEX|43|640|0|1|1|43|-120|-1216|3712|-1152|3712|301|-1|1
W|1167|0|1|ADEL_B14|XA10TEX|107|640|0|1|1|43|-8|-1152|3712|-1088|3712|286|-1|1
W|1199|0|1|ADEL_B14|XA10TEX|171|640|0|1|1|43|-120|-1088|3712|-1024|3712|301|-1|1
W|1165|0|1|ADEL_B14|XA10TEX|235|640|0|1|1|43|-8|-1024|3712|-960|3712|286|-1|1
W|1166|0|1|ADEL_B14|XA10TEX|299|640|0|1|1|43|-120|-960|3712|-896|3712|301|-1|1
W|1202|0|1|ADEL_B14|XA10TEX|363|640|0|1|1|43|-8|-896|3712|-832|3712|286|-1|1
W|1163|0|1|ADEL_B14|XA10TEX|427|640|0|1|1|43|-120|-832|3712|-768|3712|301|-1|1
W|1164|0|1|ADEL_B14|XA10TEX|491|640|0|1|1|43|-8|-768|3712|-755|3712|286|-1|1
W|1389|0|1|ADEL_B14|XA10TEX|504|640|0|1|1|56|-8|-755|3712|-743|3716|286|-1|1
W|1390|0|1|ADEL_B14|XA10TEX|4.649110641|640|0|1|1|5|-8|-743|3716|-731|3721|286|-1|1
W|1391|0|1|ADEL_B14|XA10TEX|17.649110641|640|0|1|1|18|-8|-731|3721|-721|3729|286|-1|1
W|1392|0|1|ADEL_B14|XA10TEX|30.455359116|640|0|1|1|31|-8|-721|3729|-713|3739|286|-1|1
W|1393|0|1|ADEL_B14|XA10TEX|43.26160759|640|0|1|1|44|-8|-713|3739|-708|3751|286|-1|1
W|1394|0|1|ADEL_B14|XA10TEX|56.26160759|640|0|1|1|57|-8|-708|3751|-704|3763|286|-1|1
W|1395|0|1|ADEL_B14|XA10TEX|68.910718231|640|0|1|1|6|-8|-704|3763|-704|3776|286|-1|1
W|1194|0|1|ADEL_B14|XA10TEX|81.910718231|640|0|1|1|19|-120|-704|3776|-704|3840|301|-1|1
W|1195|0|1|ADEL_B14|XA10TEX|145.910718231|640|0|1|1|19|-8|-704|3840|-704|3904|286|-1|1
W|1196|0|1|ADEL_B14|XA10TEX|209.910718231|640|0|1|1|19|-120|-704|3904|-704|3968|301|-1|1
W|1191|0|1|ADEL_B14|XA10TEX|273.910718231|640|0|1|1|19|-8|-704|3968|-704|4032|286|-1|1
W|1192|0|1|ADEL_B14|XA10TEX|337.910718231|640|0|1|1|19|-120|-704|4032|-704|4064|301|-1|1
W|1292|0|1|ADEL_B14|XA10TEX|369.910718231|640|0|1|1|51|-120|-704|4064|-704|4096|301|-1|1
W|1193|0|1|ADEL_B14|XA10TEX|401.910718231|640|0|1|1|19|-8|-704|4096|-704|4128|286|-1|1
W|1234|1|2|ADEL_B14|XA10TEX|43|256|0|1|1|43|-8|-1408|3712|-1408|3680|286|303|1
W|1446|1|2|ADEL_B14|XA10TEX|75|256|0|1|1|11|-8|-1408|3680|-1392|3680|302|303|1
W|1447|1|2|ADEL_B14|XA10TEX|91|256|0|1|1|27|-8|-1392|3680|-1232|3680|319|303|1
W|1228|1|2|ADEL_B14|XA10TEX|251|256|0|1|1|59|-8|-1232|3680|-1216|3680|302|303|1
W|1235|1|2|ADEL_B14|XA10TEX|267|256|0|1|1|11|-8|-1216|3680|-1216|3712|286|303|1
W|1276|0|0|ADEL_B14|XA10TEX|35|512|0|1|1|35|0|-704|4176|-704|4208|301|857|1
W|1276|0|2|ADEL_B14|XA10TEX|35|512|0|1|1|35|0|-704|4176|-704|4208|301|857|1
W|1285|0|0|ADEL_B14|XA10TEX|24|640|0|1|1|24|0|-1248|4544|-1310|4544|286|598|1
W|1286|0|0|ADEL_B14|XA10TEX|22|640|0|1|1|22|-8|-1310|4544|-1311|4544|286|599|1
W|1288|0|0|ADEL_B14|XA10TEX|60|640|0|1|1|60|0|-1376|4544|-1408|4544|286|601|1
W|1293|0|0|ADEL_B14|XA10TEX|23|640|0|1|1|23|0|-1311|4544|-1376|4544|286|603|1
W|1396|0|0|ADEL_B14|XA10TEX|11|640|0|1|1|11|-8|-1376|3712|-1313|3712|303|526|1
W|1399|0|0|ADEL_B14|XA10TEX|10|640|0|1|1|10|-8|-1313|3712|-1311|3712|303|528|1
W|1400|0|0|ADEL_B14|XA10TEX|12|640|0|1|1|12|-8|-1311|3712|-1248|3712|303|529|1
W|1406|0|0|ADEL_B14|XA10TEX|11|640|0|1|1|11|-8|-1248|3712|-1216|3712|303|532|1
W|1456|1|2|ADEL_B14|XA10TEX|53|256|0|1|1|-11|0|-544|3200|-576|3200|357|201|1
W|688|1|2|ADEL_B14|XA10TEX|85|256|0|1|1|-11|0|-576|3200|-608|3200|354|201|1
W|1482|1|2|ADEL_B14|XA10TEX|53|256|0|1|1|-11|0|-2080|3200|-2112|3200|354|225|1
W|642|1|2|ADEL_B14|XA10TEX|85|256|0|1|1|-11|0|-2112|3200|-2144|3200|355|225|1
W|1485|1|2|ADEL_B14|XA10TEX|12|256|0|1|1|-52|0|-2432|4192|-2432|4224|451|129|1
W|749|1|2|ADEL_B14|XA10TEX|44|256|0|1|1|-52|0|-2432|4224|-2432|4256|356|129|1
W|1487|1|2|ADEL_B14|XA10TEX|1|384|0|1|1|-63|0|-192|4256|-192|4224|256|177|1
W|799|1|2|ADEL_B14|XA10TEX|33|384|0|1|1|-63|0|-192|4224|-192|4192|357|177|1
W|1496|1|2|ADEL_B14|XA10TEX|32|256|0|1|1|32|0|-2272|4144|-2272|4224|489|451|1
W|595|1|2|ADEL_B14|XA10TEX|112|256|0|1|1|32|0|-2272|4224|-2272|4768|359|356|1
W|1863|0|2|ADEL_B14|XA10TEX|144|256|0|1|1|0|0|-2272|4768|-2278|4795|359|356|1
W|1862|0|2|ADEL_B14|XA10TEX|171.658633372|256|0|1|1|28|0|-2278|4795|-2276|4824|359|356|1
W|1861|0|2|ADEL_B14|XA10TEX|200.727517079|256|0|1|1|57|0|-2276|4824|-2266|4850|359|356|1
W|1860|0|2|ADEL_B14|XA10TEX|228.584293634|256|0|1|1|21|0|-2266|4850|-2249|4873|359|356|1
W|1859|0|2|ADEL_B14|XA10TEX|257.184992926|256|0|1|1|50|0|-2249|4873|-2226|4890|359|356|1
W|1858|0|2|ADEL_B14|XA10TEX|285.785692218|256|0|1|1|15|0|-2226|4890|-2200|4900|359|356|1
W|1857|0|2|ADEL_B14|XA10TEX|313.642468772|256|0|1|1|43|0|-2200|4900|-2171|4902|359|356|1
W|600|0|2|ADEL_B14|XA10TEX|342.71135248|256|0|1|1|8|0|-2171|4902|-2144|4896|359|356|1
W|2207|1|2|ADEL_B14|XA10TEX|370.369985852|256|0|1|1|36|0|-2144|4896|-2016|4896|359|356|1
W|1583|0|2|ADEL_B14|XA10TEX|0|256|0|1|1|0|0|-2384|4128|-2336|4144|385|451|1
W|1580|0|2|ADEL_B14|XA10TEX|50.596442563|256|0|1|1|0|0|-2336|4144|-2304|4128|385|451|1
W|1590|0|2|ADEL_B14|XA10TEX|86.373530203|256|0|1|1|0|0|-2304|4128|-2272|4144|385|451|1
W|1586|1|2|ADEL_B14|XA10TEX|0|256|0|1|1|0|0|-2272|3904|-2304|3904|386|355|1
W|1591|1|2|ADEL_B14|XA10TEX|32|256|0|1|1|0|0|-2304|3904|-2336|3888|386|355|1
W|1625|1|2|ADEL_B14|XA10TEX|67.77708764|256|0|1|1|0|0|-2336|3888|-2384|3920|386|355|1
W|1815|1|2|ADEL_B14|XA10TEX|0|0|0|1|1|0|0|1696|5824|1728|5824|1|439|1
W|1816|1|2|ADEL_B14|XA10TEX|32|0|0|1|1|32|0|1728|5824|1776|5872|1|439|1
W|1817|1|2|ADEL_B14|XA10TEX|99.882250994|0|0|1|1|36|0|1776|5872|1728|5904|1|439|1
W|1818|1|2|ADEL_B14|XA10TEX|157.571071401|0|0|1|1|30|0|1728|5904|1696|5920|1|439|1
W|1819|1|2|ADEL_B14|XA10TEX|193.348159041|0|0|1|1|2|0|1696|5920|1664|5888|1|439|1
W|1822|1|2|ADEL_B14|XA10TEX|0|0|0|1|1|0|0|1696|5824|1712|5872|439|440|1
W|1823|1|2|ADEL_B14|XA10TEX|50.596442563|0|0|1|1|51|0|1712|5872|1664|5888|439|440|1
W|1918|0|0|ADEL_B14|XA10TEX|0|768|0|1|1|0|0|1536|4560|1576|4600|96|469|1
W|1918|0|2|ADEL_B14|XA10TEX|0|768|0|1|1|0|0|1536|4560|1576|4600|96|469|1
W|1927|0|0|ADEL_B14|XA10TEX|56.568542495|768|0|1|1|57|0|1576|4600|1608|4632|96|469|1
W|1927|0|2|ADEL_B14|XA10TEX|56.568542495|768|0|1|1|57|0|1576|4600|1608|4632|96|469|1
W|1919|0|2|ADEL_B14|XA10TEX|38|512|0|1|1|38|0|1608|4632|1624|4680|96|468|1
W|1925|0|2|ADEL_B14|XA10TEX|88.596442563|512|0|1|1|25|0|1624|4680|1638|4729|96|468|1
W|1908|0|2|ADEL_B14|XA10TEX|139.557211788|512|0|1|1|12|0|1638|4729|1624|4776|96|468|1
W|1924|0|2|ADEL_B14|XA10TEX|188.598011129|512|0|1|1|61|0|1624|4776|1611|4824|96|468|1
W|1909|0|2|ADEL_B14|XA10TEX|238.327278165|512|0|1|1|47|0|1611|4824|1576|4860|96|468|1
W|1934|0|2|ADEL_B14|XA10TEX|288.536839008|512|0|1|1|33|0|1576|4860|1542|4894|96|468|1
W|1910|0|2|ADEL_B14|XA10TEX|336.620100128|512|0|1|1|17|0|1542|4894|1492|4908|96|468|1
W|1923|0|2|ADEL_B14|XA10TEX|388.543120071|512|0|1|1|5|0|1492|4908|1446|4921|96|468|1
W|1911|0|2|ADEL_B14|XA10TEX|436.344793682|512|0|1|1|53|0|1446|4921|1398|4908|96|468|1
W|1933|0|2|ADEL_B14|XA10TEX|486.074060719|512|0|1|1|39|0|1398|4908|1351|4894|96|468|1
W|1912|0|2|ADEL_B14|XA10TEX|23.11486006|512|0|1|1|24|0|1351|4894|1316|4860|96|468|1
W|1932|0|2|ADEL_B14|XA10TEX|71.910351655|512|0|1|1|9|0|1316|4860|1281|4825|96|468|1
W|1913|0|2|ADEL_B14|XA10TEX|121.407826338|512|0|1|1|58|0|1281|4825|1268|4776|96|468|1
W|1931|0|2|ADEL_B14|XA10TEX|172.102993761|512|0|1|1|45|0|1268|4776|1254|4729|96|468|1
W|1914|0|2|ADEL_B14|XA10TEX|221.143793101|512|0|1|1|30|0|1254|4729|1266|4686|96|468|1
W|1930|0|2|ADEL_B14|XA10TEX|265.786821673|512|0|1|1|11|0|1266|4686|1281|4635|96|468|1
W|1915|0|2|ADEL_B14|XA10TEX|318.946957113|512|0|1|1|0|0|1281|4635|1314|4602|96|468|1
W|1929|0|2|ADEL_B14|XA10TEX|365.616004671|512|0|1|1|47|0|1314|4602|1350|4564|96|468|1
W|1916|0|2|ADEL_B14|XA10TEX|417.961013984|512|0|1|1|35|0|1350|4564|1392|4552|96|468|1
W|1928|0|2|ADEL_B14|XA10TEX|461.64167332|512|0|1|1|15|0|1392|4552|1446|4537|96|468|1
W|1917|0|2|ADEL_B14|XA10TEX|5.686298397|512|0|1|1|7|0|1446|4537|1494|4550|96|468|1
W|1926|0|2|ADEL_B14|XA10TEX|55.415565433|512|0|1|1|57|0|1494|4550|1536|4560|96|468|1
W|1935|1|0|ADEL_B14|XA10TEX|0|768|0|1|1|0|0|1608|4632|1584|4632|468|469|1
W|1935|1|2|ADEL_B14|XA10TEX|0|768|0|1|1|0|0|1608|4632|1584|4632|468|469|1
W|1942|0|1|ADEL_B14|XA10TEX|0|256|0|1|1|0|0|-1536|7312|-1504|7312|516|-1|1
W|1945|0|1|ADEL_B14|XA10TEX|0|256|0|1|1|0|0|-1504|7312|-1504|7328|2|-1|1
W|1946|0|1|ADEL_B14|XA10TEX|0|256|0|1|1|0|0|-1376|7312|-1344|7312|520|-1|1
W|1949|0|1|ADEL_B14|XA10TEX|0|256|0|1|1|0|-8|304|7104|304|7120|474|-1|1
W|1950|0|1|ADEL_B14|XA10TEX|0|384|0|1|1|0|0|432|7104|464|7104|472|-1|1
W|1958|0|1|ADEL_B14|XA10TEX|32|384|0|1|1|32|0|464|7104|465|7094|472|-1|1
W|1970|0|1|ADEL_B14|XA10TEX|42.049875621|384|0|1|1|42|0|465|7094|470|7086|472|-1|1
W|1971|0|1|ADEL_B14|XA10TEX|51.483856753|384|0|1|1|51|0|470|7086|478|7081|472|-1|1
W|1972|0|1|ADEL_B14|XA10TEX|60.917837885|384|0|1|1|60|0|478|7081|487|7079|472|-1|1
W|1973|0|1|ADEL_B14|XA10TEX|70.137382343|384|0|1|1|5|0|487|7079|497|7081|472|-1|1
W|1974|0|1|ADEL_B14|XA10TEX|80.33542137|384|0|1|1|15|0|497|7081|505|7086|472|-1|1
W|1975|0|1|ADEL_B14|XA10TEX|89.769402502|384|0|1|1|24|0|505|7086|510|7094|472|-1|1
W|1976|0|1|ADEL_B14|XA10TEX|99.203383634|384|0|1|1|33|0|510|7094|512|7104|472|-1|1
W|1952|1|2|ADEL_B14|XA10TEX|0|768|0|1|1|0|0|-2464|3936|-2480|3968|133|1|1
W|772|1|2|ADEL_B14|XA10TEX|35.77708764|768|0|1|1|0|0|-2480|3968|-2480|4000|133|1|1
W|1960|0|1|ADEL_B14|XA10TEX|21|384|0|1|1|-43|0|224|7104|225|7094|305|-1|1
W|1961|0|1|ADEL_B14|XA10TEX|31.049875621|384|0|1|1|-33|0|225|7094|230|7086|305|-1|1
W|1962|0|1|ADEL_B14|XA10TEX|40.483856753|384|0|1|1|-24|0|230|7086|238|7081|305|-1|1
W|1963|0|1|ADEL_B14|XA10TEX|49.917837885|384|0|1|1|-15|0|238|7081|247|7079|305|-1|1
W|1964|0|1|ADEL_B14|XA10TEX|59.137382343|384|0|1|1|-6|0|247|7079|257|7081|305|-1|1
W|1965|0|1|ADEL_B14|XA10TEX|69.33542137|384|0|1|1|-60|0|257|7081|265|7086|305|-1|1
W|1966|0|1|ADEL_B14|XA10TEX|78.769402502|384|0|1|1|-51|0|265|7086|270|7094|305|-1|1
W|1967|0|1|ADEL_B14|XA10TEX|88.203383634|384|0|1|1|-42|0|270|7094|272|7104|305|-1|1
W|1959|0|1|ADEL_B14|XA10TEX|98.401422661|384|0|1|1|-32|0|272|7104|304|7104|305|-1|1
W|1977|0|0|ADEL_B14|XA10TEX|0|384|0|1|1|0|0|304|7104|432|7104|336|474|1
W|1977|0|2|ADEL_B14|XA10TEX|0|384|0|1|1|0|0|304|7104|432|7104|336|474|1
W|1990|1|2|ADEL_B14|XA10TEX|48|128|0|1|1|48|0|1792|5776|1744|5776|1|442|1
W|2173|1|2|ADEL_B14|XA10TEX|96|128|0|1|1|32|0|1744|5776|1728|5792|1|442|1
W|2182|1|2|ADEL_B14|XA10TEX|118.627416998|128|0|1|1|55|0|1728|5792|1680|5760|1|442|1
W|1996|1|2|ADEL_B14|XA10TEX|176.316237405|128|0|1|1|49|0|1680|5760|1648|5776|1|442|1
W|2051|1|2|ADEL_B14|XA10TEX|212.093325045|128|0|1|1|21|0|1648|5776|1600|5776|1|442|1
W|1991|1|2|ADEL_B14|XA10TEX|0|128|0|1|1|0|0|1792|5760|1776|5744|442|78|1
W|2175|1|2|ADEL_B14|XA10TEX|22.627416998|128|0|1|1|23|0|1776|5744|1728|5760|442|78|1
W|2050|1|2|ADEL_B14|XA10TEX|73.223859561|128|0|1|1|10|0|1728|5760|1680|5744|442|78|1
W|2168|1|2|ADEL_B14|XA10TEX|123.820302123|128|0|1|1|61|0|1680|5744|1632|5760|442|78|1
W|2049|1|2|ADEL_B14|XA10TEX|174.416744686|128|0|1|1|48|0|1632|5760|1600|5744|442|78|1
W|1993|0|2|ADEL_B14|XA10TEX|29|384|0|1|1|-35|0|-2464|3904|-2464|3872|1|134|1
W|1993|1|2|ADEL_B14|XA10TEX|0|768|0|1|1|0|0|-2464|3872|-2464|3904|134|1|1
W|1997|0|2|ADEL_B14|XA10TEX|0|256|0|1|1|0|0|-2384|3920|-2432|3904|490|355|1
W|2014|1|2|ADEL_B14|XA10TEX|56|256|0|1|1|-8|0|-2272|3904|-2272|3968|489|386|1
W|2193|0|2|ADEL_B14|XA10TEX|120|256|0|1|1|0|0|-2272|3968|-2304|3952|490|386|1
W|2169|0|2|ADEL_B14|XA10TEX|155.77708764|256|0|1|1|0|0|-2304|3952|-2352|3952|490|386|1
W|1992|0|2|ADEL_B14|XA10TEX|203.77708764|256|0|1|1|0|0|-2352|3952|-2384|3920|490|386|1
W|2017|1|2|ADEL_B14|XA10TEX|32|256|0|1|1|-32|0|-2432|4128|-2432|4160|490|130|1
W|2041|1|2|ADEL_B14|XA10TEX|12|384|0|1|1|-52|0|-2464|4160|-2432|4160|130|488|1
W|2042|0|2|ADEL_B14|XA10TEX|0|384|0|1|1|0|0|-2432|3904|-2464|3904|491|134|1
W|2044|1|2|ADEL_B14|XA10TEX|0|768|0|1|1|0|0|-2480|4064|-2480|4096|131|1|1
W|770|1|2|ADEL_B14|XA10TEX|32|768|0|1|1|0|0|-2480|4096|-2464|4128|131|1|1
W|2045|0|2|ADEL_B14|XA10TEX|32|256|0|1|1|-32|0|-2464|4160|-2464|4128|1|130|1
W|2045|1|2|ADEL_B14|XA10TEX|0|768|0|1|1|0|0|-2464|4128|-2464|4160|130|1|1
W|2052|1|2|ADEL_B14|XA10TEX|48|128|0|1|1|48|0|1600|5744|1600|5776|442|68|1
W|2088|1|0|ADEL_B14|XA10TEX|28|384|0|1|1|-36|0|-1288|3876|-1288|3872|574|572|1
W|2103|1|2|ADEL_B14|XA10TEX|38|0|0|1|1|38|0|1664|5888|1648|5920|1|440|1
W|2053|1|2|ADEL_B14|XA10TEX|73.77708764|0|0|1|1|10|0|1648|5920|1600|5856|1|440|1
W|1820|1|2|ADEL_B14|XA10TEX|153.77708764|0|0|1|1|-45|0|1600|5856|1632|5824|1|440|1
W|1821|1|2|ADEL_B14|XA10TEX|199.031921636|0|0|1|1|0|0|1632|5824|1696|5824|1|440|1
W|2105|1|2|ADEL_B14|XA10TEX|48|128|0|1|1|48|0|1792|5776|1792|5760|442|105|1
W|2134|0|2|ADEL_B14|XA10TEX|0|512|0|1|1|0|0|1536|4560|1536|4584|469|468|1
W|1936|1|2|ADEL_B14|XA10TEX|24|512|0|1|1|0|0|1536|4584|1584|4632|469|468|1
W|1935|0|2|ADEL_B14|XA10TEX|91.882250994|512|0|1|1|0|0|1584|4632|1608|4632|469|468|1
W|2134|1|0|ADEL_B14|XA10TEX|0|768|0|1|1|0|0|1536|4584|1536|4560|468|469|1
W|2134|1|2|ADEL_B14|XA10TEX|0|768|0|1|1|0|0|1536|4584|1536|4560|468|469|1
W|2136|1|2|ADEL_B14|XA10TEX|32|128|0|1|1|32|0|1824|5760|1792|5776|87|105|1
W|2139|0|1|ADEL_B14|XA10TEX|0|256|0|1|1|0|0|-1376|7328|-1376|7312|2|-1|1
W|2154|0|1|ADEL_B14|XA10TEX|48|256|0|1|1|-16|-72|432|7120|432|7104|474|-1|1
W|2155|1|2|ADEL_B14|XA10TEX|41|384|0|1|1|-23|0|-2432|3872|-2432|3904|355|134|1
W|2170|1|2|ADEL_B14|XA10TEX|0|128|0|1|1|0|0|1824|5696|1824|5744|1|88|1
W|2116|1|2|ADEL_B14|XA10TEX|48|128|0|1|1|16|0|1824|5744|1824|5760|1|105|1
W|2171|0|2|ADEL_B14|XA10TEX|44|256|0|1|1|-20|0|-2432|4160|-2384|4128|490|451|1
W|2172|0|1|ADEL_B14|XA10TEX|1|384|0|1|1|1|-40|-1352|3872|-1352|3876|573|-1|1
W|2179|1|2|ADEL_B14|XA10TEX|32|128|0|1|1|32|0|1600|5696|1600|5744|78|86|1
W|2207|0|2|ADEL_B14|XA10TEX|0|768|0|1|1|0|0|-2016|4896|-2144|4896|356|359|1
W|600|1|2|ADEL_B14|XA10TEX|128|768|0|1|1|0|0|-2144|4896|-2171|4902|356|359|1
W|1857|1|2|ADEL_B14|XA10TEX|155.658633372|768|0|1|1|0|0|-2171|4902|-2200|4900|356|359|1
W|1858|1|2|ADEL_B14|XA10TEX|184.727517079|768|0|1|1|0|0|-2200|4900|-2226|4890|356|359|1
W|1859|1|2|ADEL_B14|XA10TEX|212.584293634|768|0|1|1|0|0|-2226|4890|-2249|4873|356|359|1
W|1860|1|2|ADEL_B14|XA10TEX|241.184992926|768|0|1|1|0|0|-2249|4873|-2266|4850|356|359|1
W|1861|1|2|ADEL_B14|XA10TEX|269.785692218|768|0|1|1|0|0|-2266|4850|-2276|4824|356|359|1
W|1862|1|2|ADEL_B14|XA10TEX|297.642468772|768|0|1|1|0|0|-2276|4824|-2278|4795|356|359|1
W|1863|1|2|ADEL_B14|XA10TEX|326.71135248|768|0|1|1|0|0|-2278|4795|-2272|4768|356|359|1
W|595|0|2|ADEL_B14|XA10TEX|354.369985852|768|0|1|1|0|0|-2272|4768|-2272|4224|356|359|1
W|2208|0|2|ADEL_B14|XA10TEX|36|256|0|1|1|36|0|-2016|4896|-2000|4928|492|356|1
W|2210|0|2|ADEL_B14|XA10TEX|44|256|0|1|1|44|0|-1984|5024|-2000|5040|492|487|1
W|2211|1|2|ADEL_B14|XA10TEX|63|768|0|1|1|-1|0|-2016|4896|-1792|4896|359|492|1
W|2213|0|2|ADEL_B14|XA10TEX|8|256|0|1|1|8|0|-2000|4928|-1984|4960|492|110|1
W|2209|0|2|ADEL_B14|XA10TEX|43.77708764|256|0|1|1|44|0|-1984|4960|-1984|5024|492|110|1
W|2214|0|2|ADEL_B14|XA10TEX|8|256|0|1|1|8|0|-2000|4928|-2016|4960|110|356|1
W|2215|0|2|ADEL_B14|XA10TEX|44|256|0|1|1|44|0|-2016|4960|-2000|5008|110|487|1
W|2216|0|2|ADEL_B14|XA10TEX|94.596442563|256|0|1|1|31|0|-2000|5008|-1984|5024|110|487|1
W|2222|1|2|ADEL_B14|XA10TEX|0|256|0|1|1|0|0|-1792|5056|-1808|5024|492|484|1
W|2223|0|2|ADEL_B14|XA10TEX|0|256|0|1|1|0|0|-1808|5024|-1792|4992|485|484|1
W|2224|0|2|ADEL_B14|XA10TEX|35.77708764|256|0|1|1|0|0|-1792|4992|-1808|4960|485|484|1
W|2226|0|2|ADEL_B14|XA10TEX|0|256|0|1|1|0|0|-1808|4960|-1824|4944|485|228|1
W|2227|0|2|ADEL_B14|XA10TEX|0|256|0|1|1|0|0|-1808|4960|-1776|4928|228|484|1
W|2228|0|2|ADEL_B14|XA10TEX|45.254833996|256|0|1|1|0|0|-1776|4928|-1792|4896|228|484|1
W|2229|0|2|ADEL_B14|XA10TEX|44|256|0|1|1|44|0|-2016|4960|-2032|4992|487|356|1
W|2230|0|2|ADEL_B14|XA10TEX|79.77708764|256|0|1|1|16|0|-2032|4992|-2016|5024|487|356|1
W|2232|0|2|ADEL_B14|XA10TEX|115.55417528|256|0|1|1|52|0|-2016|5024|-2000|5040|487|356|1
W|2231|0|2|ADEL_B14|XA10TEX|3|256|0|1|1|3|0|-2000|5040|-2016|5056|492|356|1
W|2325|0|0|ADEL_B14|XA10TEX|3|512|0|1|1|3|0|-704|4208|-704|4224|301|869|1
W|2325|0|2|ADEL_B14|XA10TEX|3|512|0|1|1|3|0|-704|4208|-704|4224|301|869|1
W|2451|1|0|ADEL_B14|XA10TEX|0|384|0|1|1|0|0|-1504|7312|-1472|7312|471|2|1
W|2451|1|2|ADEL_B14|XA10TEX|0|384|0|1|1|0|0|-1504|7312|-1472|7312|471|2|1
W|2454|1|0|ADEL_B14|XA10TEX|32|384|0|1|1|0|0|-1472|7312|-1440|7312|517|2|1
W|2454|1|2|ADEL_B14|XA10TEX|32|384|0|1|1|0|0|-1472|7312|-1440|7312|517|2|1
W|2457|1|0|ADEL_B14|XA10TEX|64|384|0|1|1|0|0|-1440|7312|-1408|7312|518|2|1
W|2457|1|2|ADEL_B14|XA10TEX|64|384|0|1|1|0|0|-1440|7312|-1408|7312|518|2|1
W|1948|1|0|ADEL_B14|XA10TEX|96|384|0|1|1|0|0|-1408|7312|-1376|7312|519|2|1
W|1948|1|2|ADEL_B14|XA10TEX|96|384|0|1|1|0|0|-1408|7312|-1376|7312|519|2|1
W|2463|0|1|ADEL_B14|XA10TEX|41|384|0|1|1|41|-32|-1216|3744|-1216|3736|523|-1|1
W|2464|0|1|ADEL_B14|XA10TEX|43|384|0|1|1|43|-32|-1408|3712|-1408|3720|522|-1|1
W|2473|1|0|ADEL_B14|XA10TEX|51|512|0|1|1|-13|-32|-1313|3736|-1313|3744|530|527|1
W|2474|0|0|ADEL_B14|XA10TEX|0|512|0|1|1|0|0|-1311|3712|-1311|3720|529|528|1
W|2474|0|2|ADEL_B14|XA10TEX|0|512|0|1|1|0|0|-1311|3712|-1311|3720|529|528|1
W|2474|1|0|ADEL_B14|XA10TEX|13|512|0|1|1|-51|-32|-1311|3720|-1311|3712|528|529|1
W|2474|1|2|ADEL_B14|XA10TEX|13|512|0|1|1|-51|-32|-1311|3720|-1311|3712|528|529|1
W|2475|1|0|ADEL_B14|XA10TEX|50|384|0|1|1|-14|-96|-1376|3736|-1376|3744|527|524|1
W|2477|0|0|ADEL_B14|XA10TEX|0|384|0|1|1|0|0|-1248|3712|-1248|3720|532|529|1
W|2477|0|2|ADEL_B14|XA10TEX|0|384|0|1|1|0|0|-1248|3712|-1248|3720|532|529|1
W|2477|1|0|ADEL_B14|XA10TEX|12|384|0|1|1|-52|-96|-1248|3720|-1248|3712|529|532|1
W|2477|1|2|ADEL_B14|XA10TEX|12|384|0|1|1|-52|-96|-1248|3720|-1248|3712|529|532|1
W|2485|0|0|ADEL_B14|XA10TEX|0|512|0|1|1|0|0|-1313|3720|-1313|3712|526|528|1
W|2485|0|2|ADEL_B14|XA10TEX|0|512|0|1|1|0|0|-1313|3720|-1313|3712|526|528|1
W|2485|1|0|ADEL_B14|XA10TEX|10|512|0|1|1|10|-32|-1313|3712|-1313|3720|528|526|1
W|2485|1|2|ADEL_B14|XA10TEX|10|512|0|1|1|10|-32|-1313|3712|-1313|3720|528|526|1
W|2495|0|1|ADEL_B14|XA10TEX|44|384|0|1|1|-20|-32|-1216|3720|-1216|3712|532|-1|1
W|2498|1|0|ADEL_B14|XA10TEX|9|384|0|1|1|9|-96|-1248|3744|-1248|3736|531|523|1
W|2501|0|0|ADEL_B14|XA10TEX|0|384|0|1|1|0|0|-1372|3720|-1376|3720|533|526|1
W|2501|0|2|ADEL_B14|XA10TEX|0|384|0|1|1|0|0|-1372|3720|-1376|3720|533|526|1
W|2502|1|0|ADEL_B14|XA10TEX|11|384|0|1|1|11|-96|-1376|3712|-1376|3720|526|522|1
W|2501|1|2|ADEL_B14|XA10TEX|19|384|0|1|1|51|-96|-1376|3720|-1372|3720|526|533|1
W|2506|0|1|ADEL_B14|XA10TEX|18|384|0|1|1|-46|-32|-1408|3736|-1408|3744|524|-1|1
W|2523|0|1|ADEL_B14|XA10TEX|44|384|0|1|1|-20|0|-1412|3840|-1408|3840|542|-1|1
W|2542|0|1|ADEL_B14|XA10TEX|1|384|0|1|1|1|-40|-1408|3760|-1412|3760|543|-1|1
W|2547|1|0|ADEL_B14|XA10TEX|28|384|0|1|1|-36|0|-1412|3824|-1408|3824|544|542|1
W|2566|0|1|ADEL_B14|XA10TEX|44|384|0|1|1|-20|0|-1212|3759|-1216|3759|557|-1|1
W|2585|0|1|ADEL_B14|XA10TEX|1|384|0|1|1|1|-40|-1216|3839|-1212|3839|558|-1|1
W|2590|1|0|ADEL_B14|XA10TEX|28|384|0|1|1|-36|0|-1212|3775|-1216|3775|559|557|1
W|2613|0|1|ADEL_B14|XA10TEX|44|384|0|1|1|-20|0|-1272|3876|-1272|3872|572|-1|1
W|2670|0|1|ADEL_B14|XA10TEX|56|384|0|1|1|56|-8|-1216|4544|-1216|4528|591|-1|1
W|2671|0|1|ADEL_B14|XA10TEX|9|384|0|1|1|9|-8|-1408|4480|-1408|4496|592|-1|1
W|2673|1|0|ADEL_B14|XA10TEX|35|512|0|1|1|-29|0|-1408|4480|-1376|4480|595|592|1
W|2674|1|0|ADEL_B14|XA10TEX|3|512|0|1|1|-61|0|-1376|4480|-1311|4480|595|596|1
W|2675|1|0|ADEL_B14|XA10TEX|20|512|0|1|1|20|-80|-1248|4480|-1216|4480|595|597|1
W|2678|1|0|ADEL_B14|XA10TEX|22|512|0|1|1|22|-80|-1310|4480|-1248|4480|595|600|1
W|2680|0|0|ADEL_B14|XA10TEX|41|384|0|1|1|41|-72|-1376|4480|-1376|4496|596|592|1
W|2681|0|0|ADEL_B14|XA10TEX|24|384|0|1|1|24|-72|-1248|4544|-1248|4528|598|591|1
W|2681|1|0|ADEL_B14|XA10TEX|0|384|0|1|1|0|0|-1248|4528|-1248|4544|591|598|1
W|2682|0|0|ADEL_B14|XA10TEX|22|512|0|1|1|22|-8|-1310|4544|-1310|4528|599|598|1
W|2729|0|0|ADEL_B14|XA10TEX|38|512|0|1|1|38|-120|-1310|4528|-1310|4496|619|618|1
W|2727|0|0|ADEL_B14|XA10TEX|70|512|0|1|1|6|-8|-1310|4496|-1310|4480|602|600|1
W|2682|1|0|ADEL_B14|XA10TEX|0|512|0|1|1|0|0|-1310|4528|-1310|4544|598|599|1
W|2683|1|0|ADEL_B14|XA10TEX|0|512|0|1|1|0|0|-1311|4480|-1310|4480|595|602|1
W|2685|0|0|ADEL_B14|XA10TEX|4|512|0|1|1|-60|-8|-1311|4480|-1311|4496|602|596|1
W|2733|0|0|ADEL_B14|XA10TEX|20|512|0|1|1|-44|-120|-1311|4496|-1311|4528|619|620|1
W|2731|0|0|ADEL_B14|XA10TEX|52|512|0|1|1|-12|0|-1311|4528|-1311|4544|599|603|1
W|2688|1|0|ADEL_B14|XA10TEX|16|512|0|1|1|-48|0|-1856|4416|-1856|4432|595|604|1
W|2688|1|2|ADEL_B14|XA10TEX|16|512|0|1|1|-48|0|-1856|4416|-1856|4432|595|604|1
W|2691|0|1|ADEL_B14|XA10TEX|28|384|0|1|1|-36|0|-1860|4432|-1856|4432|604|-1|1
W|2706|1|0|ADEL_B14|XA10TEX|16|512|0|1|1|-48|0|-1856|4352|-1856|4368|595|605|1
W|2706|1|2|ADEL_B14|XA10TEX|16|512|0|1|1|-48|0|-1856|4352|-1856|4368|595|605|1
W|2704|1|0|ADEL_B14|XA10TEX|32|512|0|1|1|-32|0|-1856|4368|-1856|4391|595|616|1
W|2704|1|2|ADEL_B14|XA10TEX|32|512|0|1|1|-32|0|-1856|4368|-1856|4391|595|616|1
W|2707|1|0|ADEL_B14|XA10TEX|55|512|0|1|1|-9|0|-1856|4391|-1856|4393|595|607|1
W|2707|1|2|ADEL_B14|XA10TEX|55|512|0|1|1|-9|0|-1856|4391|-1856|4393|595|607|1
W|2701|1|0|ADEL_B14|XA10TEX|57|512|0|1|1|-7|0|-1856|4393|-1856|4416|595|606|1
W|2701|1|2|ADEL_B14|XA10TEX|57|512|0|1|1|-7|0|-1856|4393|-1856|4416|595|606|1
W|2710|0|1|ADEL_B14|XA10TEX|16|384|0|1|1|16|-40|-1856|4352|-1860|4352|605|-1|1
W|2715|1|0|ADEL_B14|XA10TEX|12|384|0|1|1|-52|0|-1860|4416|-1856|4416|606|604|1
W|2731|1|0|ADEL_B14|XA10TEX|0|512|0|1|1|0|0|-1311|4544|-1311|4528|603|599|1
W|2739|0|0|ADEL_B14|XA10TEX|10|384|0|1|1|-54|0|-1248|4496|-1248|4480|600|597|1
W|2743|0|1|ADEL_B14|XA10TEX|42|384|0|1|1|-22|9|-1216|4496|-1216|4480|597|-1|1
W|2746|0|0|ADEL_B14|XA10TEX|44|384|0|1|1|44|0|-1376|4528|-1376|4544|603|601|1
W|2746|1|0|ADEL_B14|XA10TEX|0|384|0|1|1|0|0|-1376|4544|-1376|4528|601|603|1
W|2750|0|1|ADEL_B14|XA10TEX|21|384|0|1|1|-43|0|-1408|4528|-1408|4544|601|-1|1
W|2758|0|1|ADEL_B14|XA10TEX|52|512|0|1|1|52|-80|-1216|4480|-1168|4480|595|-1|1
W|2798|0|0|ADEL_B14|XA10TEX|0|512|0|1|1|0|0|-768|4160|-768|4152|595|856|1
W|2798|0|2|ADEL_B14|XA10TEX|0|512|0|1|1|0|0|-768|4160|-768|4152|595|856|1
W|2798|1|0|ADEL_B14|XA10TEX|0|512|0|1|1|0|0|-768|4152|-768|4160|856|595|1
W|2823|0|1|ADEL_B14|XA10TEX|0|512|0|1|1|0|0|-1600|3920|-1600|3904|595|-1|1
W|2822|0|1|ADEL_B14|XA10TEX|16|512|0|1|1|0|0|-1600|3904|-1648|3904|595|-1|1
W|2828|0|1|ADEL_B14|XA10TEX|16|512|0|1|1|16|-8|-1088|3920|-1088|3880|625|-1|1
W|2827|0|1|ADEL_B14|XA10TEX|56|512|0|1|1|16|-8|-1088|3880|-1104|3880|625|-1|1
W|2831|1|0|ADEL_B14|XA10TEX|48|512|0|1|1|-16|0|-1024|3920|-1024|4256|627|626|1
W|2831|1|2|ADEL_B14|XA10TEX|48|512|0|1|1|-16|0|-1024|3920|-1024|4256|627|626|1
W|2829|1|0|ADEL_B14|XA10TEX|384|512|0|1|1|0|0|-1024|4256|-1088|4256|627|626|1
W|2829|1|2|ADEL_B14|XA10TEX|384|512|0|1|1|0|0|-1024|4256|-1088|4256|627|626|1
W|2833|1|0|ADEL_B14|XA10TEX|448|512|0|1|1|0|0|-1088|4256|-1088|4224|627|626|1
W|2833|1|2|ADEL_B14|XA10TEX|448|512|0|1|1|0|0|-1088|4256|-1088|4224|627|626|1
W|2835|1|0|ADEL_B14|XA10TEX|480|512|0|1|1|32|0|-1088|4224|-1088|4192|629|626|1
W|2835|1|2|ADEL_B14|XA10TEX|480|512|0|1|1|32|0|-1088|4224|-1088|4192|629|626|1
W|2839|1|0|ADEL_B14|XA10TEX|0|512|0|1|1|0|0|-1088|4192|-1088|4160|631|626|1
W|2839|1|2|ADEL_B14|XA10TEX|0|512|0|1|1|0|0|-1088|4192|-1088|4160|631|626|1
W|2841|1|0|ADEL_B14|XA10TEX|32|512|0|1|1|32|0|-1088|4160|-1088|4128|633|626|1
W|2841|1|2|ADEL_B14|XA10TEX|32|512|0|1|1|32|0|-1088|4160|-1088|4128|633|626|1
W|2845|1|0|ADEL_B14|XA10TEX|64|512|0|1|1|0|0|-1088|4128|-1088|4096|635|626|1
W|2845|1|2|ADEL_B14|XA10TEX|64|512|0|1|1|0|0|-1088|4128|-1088|4096|635|626|1
W|2847|1|0|ADEL_B14|XA10TEX|96|512|0|1|1|32|0|-1088|4096|-1088|4064|637|626|1
W|2847|1|2|ADEL_B14|XA10TEX|96|512|0|1|1|32|0|-1088|4096|-1088|4064|637|626|1
W|2851|1|0|ADEL_B14|XA10TEX|128|512|0|1|1|0|0|-1088|4064|-1088|4032|639|626|1
W|2851|1|2|ADEL_B14|XA10TEX|128|512|0|1|1|0|0|-1088|4064|-1088|4032|639|626|1
W|2878|1|0|ADEL_B14|XA10TEX|160|512|0|1|1|32|0|-1088|4032|-1088|3920|625|626|1
W|2878|1|2|ADEL_B14|XA10TEX|160|512|0|1|1|32|0|-1088|4032|-1088|3920|625|626|1
W|2850|1|0|ADEL_B14|XA10TEX|0|512|0|1|1|0|0|-1536|3920|-1536|4032|624|622|1
W|2850|1|2|ADEL_B14|XA10TEX|0|512|0|1|1|0|0|-1536|3920|-1536|4032|624|622|1
W|2848|1|0|ADEL_B14|XA10TEX|112|512|0|1|1|0|0|-1536|4032|-1536|4064|638|622|1
W|2848|1|2|ADEL_B14|XA10TEX|112|512|0|1|1|0|0|-1536|4032|-1536|4064|638|622|1
W|2844|1|0|ADEL_B14|XA10TEX|144|512|0|1|1|0|0|-1536|4064|-1536|4096|636|622|1
W|2844|1|2|ADEL_B14|XA10TEX|144|512|0|1|1|0|0|-1536|4064|-1536|4096|636|622|1
W|2842|1|0|ADEL_B14|XA10TEX|176|512|0|1|1|0|0|-1536|4096|-1536|4128|634|622|1
W|2842|1|2|ADEL_B14|XA10TEX|176|512|0|1|1|0|0|-1536|4096|-1536|4128|634|622|1
W|2838|1|0|ADEL_B14|XA10TEX|208|512|0|1|1|0|0|-1536|4128|-1536|4160|632|622|1
W|2838|1|2|ADEL_B14|XA10TEX|208|512|0|1|1|0|0|-1536|4128|-1536|4160|632|622|1
W|2836|1|0|ADEL_B14|XA10TEX|240|512|0|1|1|0|0|-1536|4160|-1536|4192|630|622|1
W|2836|1|2|ADEL_B14|XA10TEX|240|512|0|1|1|0|0|-1536|4160|-1536|4192|630|622|1
W|2832|1|0|ADEL_B14|XA10TEX|272|512|0|1|1|0|0|-1536|4192|-1536|4224|628|622|1
W|2832|1|2|ADEL_B14|XA10TEX|272|512|0|1|1|0|0|-1536|4192|-1536|4224|628|622|1
W|2826|1|0|ADEL_B14|XA10TEX|304|512|0|1|1|0|0|-1536|4224|-1536|4256|623|622|1
W|2826|1|2|ADEL_B14|XA10TEX|304|512|0|1|1|0|0|-1536|4224|-1536|4256|623|622|1
W|2824|1|0|ADEL_B14|XA10TEX|336|512|0|1|1|0|0|-1536|4256|-1600|4256|623|622|1
W|2824|1|2|ADEL_B14|XA10TEX|336|512|0|1|1|0|0|-1536|4256|-1600|4256|623|622|1
W|2919|1|0|ADEL_B14|XA10TEX|400|512|0|1|1|0|0|-1600|4256|-1600|3920|623|622|1
W|2919|1|2|ADEL_B14|XA10TEX|400|512|0|1|1|0|0|-1600|4256|-1600|3920|623|622|1
W|2862|0|1|ADEL_B14|XA10TEX|19|512|0|1|1|-45|0|-1744|3904|-1824|3904|595|-1|1
W|2765|0|1|ADEL_B14|XA10TEX|99|512|0|1|1|35|0|-1824|3904|-1856|3936|595|-1|1
W|2760|0|1|ADEL_B14|XA10TEX|144.254833996|512|0|1|1|16|0|-1856|3936|-1856|3952|595|-1|1
W|2865|0|1|ADEL_B14|XA10TEX|32|512|0|1|1|-32|0|-1856|4240|-1856|4256|595|-1|1
W|2867|0|0|ADEL_B14|XA10TEX|0|512|0|1|1|0|0|-1648|4480|-1632|4480|595|882|1
W|2867|0|2|ADEL_B14|XA10TEX|0|512|0|1|1|0|0|-1648|4480|-1632|4480|595|882|1
W|2869|0|1|ADEL_B14|XA10TEX|51|512|0|1|1|-13|0|-1456|4480|-1408|4480|595|-1|1
W|2871|0|1|ADEL_B14|XA10TEX|0|512|0|1|1|0|0|-1072|4480|-976|4480|595|-1|1
W|2873|0|1|ADEL_B14|XA10TEX|44|512|0|1|1|-20|0|-880|4480|-800|4480|595|-1|1
W|2763|0|1|ADEL_B14|XA10TEX|124|512|0|1|1|-4|0|-800|4480|-768|4448|595|-1|1
W|2757|0|1|ADEL_B14|XA10TEX|169.254833996|512|0|1|1|-23|0|-768|4448|-768|4432|595|-1|1
W|2877|0|1|ADEL_B14|XA10TEX|48|512|0|1|1|-16|0|-976|3904|-1024|3904|595|-1|1
W|2830|0|1|ADEL_B14|XA10TEX|96|512|0|1|1|-32|0|-1024|3904|-1024|3920|595|-1|1
W|3062|0|1|ADEL_B14|XA10TEX|0|512|0|1|1|0|0|-1536|3920|-1600|3920|622|-1|1
W|3063|0|1|ADEL_B14|XA10TEX|0|512|0|1|1|0|0|-1024|3920|-1088|3920|626|-1|1
W|3194|0|1|ADEL_B14|XA10TEX|16|512|0|1|1|16|-8|-1464|3880|-1480|3880|624|-1|1
W|3235|0|1|ADEL_B14|XA10TEX|32|512|0|1|1|-32|0|-1856|4432|-1856|4448|595|-1|1
W|2761|0|1|ADEL_B14|XA10TEX|48|512|0|1|1|-16|0|-1856|4448|-1824|4480|595|-1|1
W|2762|0|1|ADEL_B14|XA10TEX|93.254833996|512|0|1|1|29|0|-1824|4480|-1744|4480|595|-1|1
W|3239|1|0|ADEL_B14|XA10TEX|48|512|0|1|1|-16|0|-1856|4320|-1856|4336|595|688|1
W|3239|1|2|ADEL_B14|XA10TEX|48|512|0|1|1|-16|0|-1856|4320|-1856|4336|595|688|1
W|3242|0|1|ADEL_B14|XA10TEX|60|384|0|1|1|-4|0|-1860|4336|-1856|4336|688|-1|1
W|3257|1|0|ADEL_B14|XA10TEX|48|512|0|1|1|-16|0|-1856|4256|-1856|4272|595|689|1
W|3257|1|2|ADEL_B14|XA10TEX|48|512|0|1|1|-16|0|-1856|4256|-1856|4272|595|689|1
W|3255|1|0|ADEL_B14|XA10TEX|64|512|0|1|1|0|0|-1856|4272|-1856|4295|595|700|1
W|3255|1|2|ADEL_B14|XA10TEX|64|512|0|1|1|0|0|-1856|4272|-1856|4295|595|700|1
W|3258|1|0|ADEL_B14|XA10TEX|87|512|0|1|1|-41|0|-1856|4295|-1856|4297|595|691|1
W|3258|1|2|ADEL_B14|XA10TEX|87|512|0|1|1|-41|0|-1856|4295|-1856|4297|595|691|1
W|3252|1|0|ADEL_B14|XA10TEX|89|512|0|1|1|-39|0|-1856|4297|-1856|4320|595|690|1
W|3252|1|2|ADEL_B14|XA10TEX|89|512|0|1|1|-39|0|-1856|4297|-1856|4320|595|690|1
W|3261|0|1|ADEL_B14|XA10TEX|1|384|0|1|1|1|-40|-1856|4256|-1860|4256|689|-1|1
W|3266|1|0|ADEL_B14|XA10TEX|44|384|0|1|1|-20|0|-1860|4320|-1856|4320|690|688|1
W|3278|0|1|ADEL_B14|XA10TEX|0|512|0|1|1|0|0|-1856|4336|-1856|4352|595|-1|1
W|3282|1|0|ADEL_B14|XA10TEX|0|512|0|1|1|0|0|-1856|4112|-1856|4128|595|703|1
W|3282|1|2|ADEL_B14|XA10TEX|0|512|0|1|1|0|0|-1856|4112|-1856|4128|595|703|1
W|3285|0|1|ADEL_B14|XA10TEX|62|384|0|1|1|-2|0|-1860|4128|-1856|4128|703|-1|1
W|3300|1|0|ADEL_B14|XA10TEX|0|512|0|1|1|0|0|-1856|4048|-1856|4064|595|704|1
W|3300|1|2|ADEL_B14|XA10TEX|0|512|0|1|1|0|0|-1856|4048|-1856|4064|595|704|1
W|3298|1|0|ADEL_B14|XA10TEX|16|512|0|1|1|16|0|-1856|4064|-1856|4087|595|715|1
W|3298|1|2|ADEL_B14|XA10TEX|16|512|0|1|1|16|0|-1856|4064|-1856|4087|595|715|1
W|3301|1|0|ADEL_B14|XA10TEX|39|512|0|1|1|39|0|-1856|4087|-1856|4089|595|706|1
W|3301|1|2|ADEL_B14|XA10TEX|39|512|0|1|1|39|0|-1856|4087|-1856|4089|595|706|1
W|3295|1|0|ADEL_B14|XA10TEX|41|512|0|1|1|41|0|-1856|4089|-1856|4112|595|705|1
W|3295|1|2|ADEL_B14|XA10TEX|41|512|0|1|1|41|0|-1856|4089|-1856|4112|595|705|1
W|3304|0|1|ADEL_B14|XA10TEX|0|384|0|1|1|0|-40|-1856|4048|-1860|4048|704|-1|1
W|3309|1|0|ADEL_B14|XA10TEX|46|384|0|1|1|-18|0|-1860|4112|-1856|4112|705|703|1
W|3324|1|0|ADEL_B14|XA10TEX|32|512|0|1|1|32|0|-1856|4016|-1856|4032|595|718|1
W|3324|1|2|ADEL_B14|XA10TEX|32|512|0|1|1|32|0|-1856|4016|-1856|4032|595|718|1
W|3327|0|1|ADEL_B14|XA10TEX|44|384|0|1|1|-20|0|-1860|4032|-1856|4032|718|-1|1
W|3342|1|0|ADEL_B14|XA10TEX|32|512|0|1|1|32|0|-1856|3952|-1856|3968|595|719|1
W|3342|1|2|ADEL_B14|XA10TEX|32|512|0|1|1|32|0|-1856|3952|-1856|3968|595|719|1
W|3340|1|0|ADEL_B14|XA10TEX|48|512|0|1|1|48|0|-1856|3968|-1856|3991|595|730|1
W|3340|1|2|ADEL_B14|XA10TEX|48|512|0|1|1|48|0|-1856|3968|-1856|3991|595|730|1
W|3343|1|0|ADEL_B14|XA10TEX|71|512|0|1|1|7|0|-1856|3991|-1856|3993|595|721|1
W|3343|1|2|ADEL_B14|XA10TEX|71|512|0|1|1|7|0|-1856|3991|-1856|3993|595|721|1
W|3337|1|0|ADEL_B14|XA10TEX|73|512|0|1|1|9|0|-1856|3993|-1856|4016|595|720|1
W|3337|1|2|ADEL_B14|XA10TEX|73|512|0|1|1|9|0|-1856|3993|-1856|4016|595|720|1
W|3346|0|1|ADEL_B14|XA10TEX|32|384|0|1|1|32|-40|-1856|3952|-1860|3952|719|-1|1
W|3351|1|0|ADEL_B14|XA10TEX|28|384|0|1|1|-36|0|-1860|4016|-1856|4016|720|718|1
W|3363|0|1|ADEL_B14|XA10TEX|16|512|0|1|1|16|0|-1856|4128|-1856|4144|595|-1|1
W|3364|0|1|ADEL_B14|XA10TEX|48|512|0|1|1|48|0|-1856|4032|-1856|4048|595|-1|1
W|3368|1|0|ADEL_B14|XA10TEX|12|512|0|1|1|12|-80|-768|3968|-768|3952|595|733|1
W|3368|1|2|ADEL_B14|XA10TEX|12|512|0|1|1|12|-80|-768|3968|-768|3952|595|733|1
W|3371|0|1|ADEL_B14|XA10TEX|62|384|0|1|1|-2|0|-764|3952|-768|3952|733|-1|1
W|3386|1|0|ADEL_B14|XA10TEX|12|512|0|1|1|12|-80|-768|4032|-768|4016|595|734|1
W|3386|1|2|ADEL_B14|XA10TEX|12|512|0|1|1|12|-80|-768|4032|-768|4016|595|734|1
W|3384|1|0|ADEL_B14|XA10TEX|28|512|0|1|1|28|-80|-768|4016|-768|3993|595|745|1
W|3384|1|2|ADEL_B14|XA10TEX|28|512|0|1|1|28|-80|-768|4016|-768|3993|595|745|1
W|3387|1|0|ADEL_B14|XA10TEX|51|512|0|1|1|51|-80|-768|3993|-768|3991|595|736|1
W|3387|1|2|ADEL_B14|XA10TEX|51|512|0|1|1|51|-80|-768|3993|-768|3991|595|736|1
W|3381|1|0|ADEL_B14|XA10TEX|53|512|0|1|1|53|-80|-768|3991|-768|3968|595|735|1
W|3381|1|2|ADEL_B14|XA10TEX|53|512|0|1|1|53|-80|-768|3991|-768|3968|595|735|1
W|3390|0|1|ADEL_B14|XA10TEX|12|384|0|1|1|12|-40|-768|4032|-764|4032|734|-1|1
W|3395|1|0|ADEL_B14|XA10TEX|46|384|0|1|1|-18|0|-764|3968|-768|3968|735|733|1
W|3410|1|0|ADEL_B14|XA10TEX|44|512|0|1|1|44|-80|-768|4064|-768|4048|595|748|1
W|3410|1|2|ADEL_B14|XA10TEX|44|512|0|1|1|44|-80|-768|4064|-768|4048|595|748|1
W|3413|0|1|ADEL_B14|XA10TEX|62|384|0|1|1|-2|0|-764|4048|-768|4048|748|-1|1
W|3428|1|0|ADEL_B14|XA10TEX|44|512|0|1|1|44|-80|-768|4128|-768|4112|595|749|1
W|3428|1|2|ADEL_B14|XA10TEX|44|512|0|1|1|44|-80|-768|4128|-768|4112|595|749|1
W|3426|1|0|ADEL_B14|XA10TEX|60|512|0|1|1|60|-80|-768|4112|-768|4089|595|760|1
W|3426|1|2|ADEL_B14|XA10TEX|60|512|0|1|1|60|-80|-768|4112|-768|4089|595|760|1
W|3429|1|0|ADEL_B14|XA10TEX|83|512|0|1|1|19|-80|-768|4089|-768|4087|595|751|1
W|3429|1|2|ADEL_B14|XA10TEX|83|512|0|1|1|19|-80|-768|4089|-768|4087|595|751|1
W|3423|1|0|ADEL_B14|XA10TEX|85|512|0|1|1|21|-80|-768|4087|-768|4064|595|750|1
W|3423|1|2|ADEL_B14|XA10TEX|85|512|0|1|1|21|-80|-768|4087|-768|4064|595|750|1
W|3432|0|1|ADEL_B14|XA10TEX|44|384|0|1|1|44|-40|-768|4128|-764|4128|749|-1|1
W|3437|1|0|ADEL_B14|XA10TEX|44|384|0|1|1|-20|0|-764|4064|-768|4064|750|748|1
W|3494|1|0|ADEL_B14|XA10TEX|57|512|0|1|1|-7|0|-768|4368|-768|4352|595|778|1
W|3494|1|2|ADEL_B14|XA10TEX|57|512|0|1|1|-7|0|-768|4368|-768|4352|595|778|1
W|3497|0|1|ADEL_B14|XA10TEX|5|384|0|1|1|-59|0|-764|4352|-768|4352|778|-1|1
W|3512|1|0|ADEL_B14|XA10TEX|57|512|0|1|1|-7|0|-768|4432|-768|4416|595|779|1
W|3512|1|2|ADEL_B14|XA10TEX|57|512|0|1|1|-7|0|-768|4432|-768|4416|595|779|1
W|3510|1|0|ADEL_B14|XA10TEX|73|512|0|1|1|-55|0|-768|4416|-768|4393|595|790|1
W|3510|1|2|ADEL_B14|XA10TEX|73|512|0|1|1|-55|0|-768|4416|-768|4393|595|790|1
W|3513|1|0|ADEL_B14|XA10TEX|96|512|0|1|1|-32|0|-768|4393|-768|4391|595|781|1
W|3513|1|2|ADEL_B14|XA10TEX|96|512|0|1|1|-32|0|-768|4393|-768|4391|595|781|1
W|3507|1|0|ADEL_B14|XA10TEX|98|512|0|1|1|-30|0|-768|4391|-768|4368|595|780|1
W|3507|1|2|ADEL_B14|XA10TEX|98|512|0|1|1|-30|0|-768|4391|-768|4368|595|780|1
W|3516|0|1|ADEL_B14|XA10TEX|57|384|0|1|1|-7|-40|-768|4432|-764|4432|779|-1|1
W|3521|1|0|ADEL_B14|XA10TEX|53|384|0|1|1|-11|0|-764|4368|-768|4368|780|778|1
W|3533|0|1|ADEL_B14|XA10TEX|28|512|0|1|1|28|-80|-768|3952|-768|3936|595|-1|1
W|2764|0|1|ADEL_B14|XA10TEX|44|512|0|1|1|44|-80|-768|3936|-800|3904|595|-1|1
W|2759|0|1|ADEL_B14|XA10TEX|89.254833996|512|0|1|1|25|-80|-800|3904|-880|3904|595|-1|1
W|3534|0|1|ADEL_B14|XA10TEX|9|512|0|1|1|-55|0|-768|4352|-768|4336|595|-1|1
W|3536|0|1|ADEL_B14|XA10TEX|60|512|0|1|1|60|-80|-768|4048|-768|4032|595|-1|1
W|3705|0|1|ADEL_B14|XA10TEX|16|512|0|1|1|16|-8|-1520|3880|-1536|3880|624|-1|1
W|2825|0|1|ADEL_B14|XA10TEX|32|512|0|1|1|16|-8|-1536|3880|-1536|3920|624|-1|1
W|3706|0|0|ADEL_B14|XA10TEX|16|512|0|1|1|16|-8|-1480|3880|-1520|3880|624|832|1
W|3706|0|2|ADEL_B14|XA10TEX|16|512|0|1|1|16|-8|-1480|3880|-1520|3880|624|832|1
W|3707|0|1|ADEL_B14|XA10TEX|0|384|0|1|1|0|0|-1520|3872|-1520|3880|832|-1|1
W|3708|0|1|ADEL_B14|XA10TEX|0|384|0|1|1|0|0|-1480|3880|-1480|3872|832|-1|1
W|3710|1|0|ADEL_B14|XA10TEX|16|512|0|1|1|16|-8|-1104|3880|-1144|3880|625|832|1
W|3710|1|2|ADEL_B14|XA10TEX|16|512|0|1|1|16|-8|-1104|3880|-1144|3880|625|832|1
W|3711|0|1|ADEL_B14|XA10TEX|0|384|0|1|1|0|0|-1144|3872|-1144|3880|832|-1|1
W|3712|0|1|ADEL_B14|XA10TEX|0|384|0|1|1|0|0|-1104|3880|-1104|3872|832|-1|1
W|3714|0|1|ADEL_B14|XA10TEX|16|512|0|1|1|16|-8|-1144|3880|-1160|3880|625|-1|1
W|3834|0|0|ADEL_B14|XA10TEX|25|512|0|1|1|-39|0|-768|4336|-768|4320|595|860|1
W|3834|0|2|ADEL_B14|XA10TEX|25|512|0|1|1|-39|0|-768|4336|-768|4320|595|860|1
W|3834|1|0|ADEL_B14|XA10TEX|0|384|0|1|1|0|0|-768|4320|-768|4336|860|595|1
W|3835|0|1|ADEL_B14|XA10TEX|25|384|0|1|1|25|0|-768|4336|-752|4336|860|-1|1
W|3836|0|1|ADEL_B14|XA10TEX|32|512|0|1|1|32|0|-752|4336|-752|4344|859|-1|1
W|3838|0|1|ADEL_B14|XA10TEX|16|512|0|1|1|-48|0|-720|4352|-720|4344|859|-1|1
W|3839|0|1|ADEL_B14|XA10TEX|11|640|0|1|1|11|-120|-704|4344|-704|4352|301|-1|1
W|1185|0|1|ADEL_B14|XA10TEX|19|640|0|1|1|19|-8|-704|4352|-704|4416|286|-1|1
W|1186|0|1|ADEL_B14|XA10TEX|83|640|0|1|1|19|-120|-704|4416|-704|4480|301|-1|1
W|1187|0|1|ADEL_B14|XA10TEX|147|640|0|1|1|19|-8|-704|4480|-705|4492|286|-1|1
W|1368|0|1|ADEL_B14|XA10TEX|159.041594579|640|0|1|1|31|-8|-705|4492|-708|4504|286|-1|1
W|1369|0|1|ADEL_B14|XA10TEX|171.410911456|640|0|1|1|43|-8|-708|4504|-714|4515|286|-1|1
W|1370|0|1|ADEL_B14|XA10TEX|183.940875542|640|0|1|1|56|-8|-714|4515|-722|4525|286|-1|1
W|1371|0|1|ADEL_B14|XA10TEX|196.747124017|640|0|1|1|5|-8|-722|4525|-732|4533|286|-1|1
W|1372|0|1|ADEL_B14|XA10TEX|209.553372492|640|0|1|1|18|-8|-732|4533|-743|4539|286|-1|1
W|1373|0|1|ADEL_B14|XA10TEX|222.083336578|640|0|1|1|31|-8|-743|4539|-755|4542|286|-1|1
W|1374|0|1|ADEL_B14|XA10TEX|234.452653455|640|0|1|1|43|-8|-755|4542|-768|4544|286|-1|1
W|1201|0|1|ADEL_B14|XA10TEX|247.605599892|640|0|1|1|56|-120|-768|4544|-832|4544|301|-1|1
W|1198|0|1|ADEL_B14|XA10TEX|311.605599892|640|0|1|1|56|-8|-832|4544|-896|4544|286|-1|1
W|1162|0|1|ADEL_B14|XA10TEX|375.605599892|640|0|1|1|56|-120|-896|4544|-960|4544|301|-1|1
W|1161|0|1|ADEL_B14|XA10TEX|439.605599892|640|0|1|1|56|-8|-960|4544|-1024|4544|286|-1|1
W|1160|0|1|ADEL_B14|XA10TEX|503.605599892|640|0|1|1|56|-120|-1024|4544|-1088|4544|301|-1|1
W|1159|0|1|ADEL_B14|XA10TEX|55.605599892|640|0|1|1|56|-8|-1088|4544|-1152|4544|286|-1|1
W|1158|0|1|ADEL_B14|XA10TEX|119.605599892|640|0|1|1|56|-120|-1152|4544|-1216|4544|301|-1|1
W|3840|0|1|ADEL_B14|XA10TEX|40|384|0|1|1|-24|0|-720|4344|-704|4344|861|-1|1
W|3846|0|0|ADEL_B14|XA10TEX|51|640|0|1|1|51|0|-704|4128|-704|4144|286|870|1
W|3846|0|2|ADEL_B14|XA10TEX|51|640|0|1|1|51|0|-704|4128|-704|4144|286|870|1
W|3848|0|1|ADEL_B14|XA10TEX|51|384|0|1|1|51|-16|-704|4128|-720|4128|870|-1|1
W|3849|0|1|ADEL_B14|XA10TEX|35|512|0|1|1|35|-112|-720|4128|-720|4120|859|-1|1
W|3851|0|1|ADEL_B14|XA10TEX|60|512|0|1|1|60|-112|-752|4144|-752|4152|859|-1|1
W|3852|0|1|ADEL_B14|XA10TEX|20|512|0|1|1|20|-80|-768|4152|-768|4144|595|-1|1
W|2875|0|1|ADEL_B14|XA10TEX|28|512|0|1|1|28|-80|-768|4144|-768|4128|595|-1|1
W|3853|0|1|ADEL_B14|XA10TEX|4|512|0|1|1|4|-48|-752|4152|-768|4152|856|-1|1
W|3854|0|0|ADEL_B14|XA10TEX|4|512|0|1|1|4|-112|-752|4152|-752|4164|859|856|1
W|3854|0|2|ADEL_B14|XA10TEX|4|512|0|1|1|4|-112|-752|4152|-752|4164|859|856|1
W|3855|0|0|ADEL_B14|XA10TEX|44|512|0|1|1|-20|0|-752|4220|-752|4240|859|864|1
W|3855|0|2|ADEL_B14|XA10TEX|44|512|0|1|1|-20|0|-752|4220|-752|4240|859|864|1
W|3856|0|0|ADEL_B14|XA10TEX|24|512|0|1|1|-40|0|-720|4344|-720|4320|859|861|1
W|3856|0|2|ADEL_B14|XA10TEX|24|512|0|1|1|-40|0|-720|4344|-720|4320|859|861|1
W|3857|0|0|ADEL_B14|XA10TEX|41|512|0|1|1|-23|0|-768|4320|-768|4304|595|862|1
W|3857|0|2|ADEL_B14|XA10TEX|41|512|0|1|1|-23|0|-768|4320|-768|4304|595|862|1
W|3858|0|0|ADEL_B14|XA10TEX|16|512|0|1|1|16|0|-752|4320|-752|4336|859|860|1
W|3858|0|2|ADEL_B14|XA10TEX|16|512|0|1|1|16|0|-752|4320|-752|4336|859|860|1
W|3859|0|0|ADEL_B14|XA10TEX|0|512|0|1|1|0|0|-768|4320|-752|4320|862|860|1
W|3859|0|2|ADEL_B14|XA10TEX|0|512|0|1|1|0|0|-768|4320|-752|4320|862|860|1
W|3860|0|0|ADEL_B14|XA10TEX|48|512|0|1|1|-16|0|-720|4320|-720|4288|859|868|1
W|3860|0|2|ADEL_B14|XA10TEX|48|512|0|1|1|-16|0|-720|4320|-720|4288|859|868|1
W|3861|0|0|ADEL_B14|XA10TEX|51|512|0|1|1|51|0|-704|4320|-704|4344|301|861|1
W|3861|0|2|ADEL_B14|XA10TEX|51|512|0|1|1|51|0|-704|4320|-704|4344|301|861|1
W|3862|0|0|ADEL_B14|XA10TEX|16|512|0|1|1|-48|0|-720|4320|-704|4320|868|861|1
W|3862|0|2|ADEL_B14|XA10TEX|16|512|0|1|1|-48|0|-720|4320|-704|4320|868|861|1
W|3863|0|0|ADEL_B14|XA10TEX|57|512|0|1|1|-7|0|-768|4304|-768|4288|595|863|1
W|3863|0|2|ADEL_B14|XA10TEX|57|512|0|1|1|-7|0|-768|4304|-768|4288|595|863|1
W|3864|0|0|ADEL_B14|XA10TEX|0|512|0|1|1|0|0|-768|4304|-752|4304|863|862|1
W|3864|0|2|ADEL_B14|XA10TEX|0|512|0|1|1|0|0|-768|4304|-752|4304|863|862|1
W|3865|0|0|ADEL_B14|XA10TEX|0|512|0|1|1|0|0|-752|4304|-752|4320|859|862|1
W|3865|0|2|ADEL_B14|XA10TEX|0|512|0|1|1|0|0|-752|4304|-752|4320|859|862|1
W|3866|0|0|ADEL_B14|XA10TEX|9|512|0|1|1|9|0|-768|4288|-768|4256|595|858|1
W|3866|0|2|ADEL_B14|XA10TEX|9|512|0|1|1|9|0|-768|4288|-768|4256|595|858|1
W|3867|0|0|ADEL_B14|XA10TEX|48|512|0|1|1|48|0|-752|4288|-752|4304|859|863|1
W|3867|0|2|ADEL_B14|XA10TEX|48|512|0|1|1|48|0|-752|4288|-752|4304|859|863|1
W|3868|0|0|ADEL_B14|XA10TEX|0|512|0|1|1|0|0|-768|4288|-752|4288|858|863|1
W|3868|0|2|ADEL_B14|XA10TEX|0|512|0|1|1|0|0|-768|4288|-752|4288|858|863|1
W|3869|0|0|ADEL_B14|XA10TEX|0|512|0|1|1|0|0|-752|4240|-752|4256|859|865|1
W|3869|0|2|ADEL_B14|XA10TEX|0|512|0|1|1|0|0|-752|4240|-752|4256|859|865|1
W|3870|0|0|ADEL_B14|XA10TEX|48|512|0|1|1|48|0|-768|4240|-768|4224|595|864|1
W|3870|0|2|ADEL_B14|XA10TEX|48|512|0|1|1|48|0|-768|4240|-768|4224|595|864|1
W|3871|0|0|ADEL_B14|XA10TEX|0|512|0|1|1|0|0|-752|4240|-768|4240|865|864|1
W|3871|0|2|ADEL_B14|XA10TEX|0|512|0|1|1|0|0|-752|4240|-768|4240|865|864|1
W|3872|0|0|ADEL_B14|XA10TEX|16|512|0|1|1|16|0|-752|4256|-752|4288|859|858|1
W|3872|0|2|ADEL_B14|XA10TEX|16|512|0|1|1|16|0|-752|4256|-752|4288|859|858|1
W|3873|0|0|ADEL_B14|XA10TEX|32|512|0|1|1|32|0|-768|4256|-768|4240|595|865|1
W|3873|0|2|ADEL_B14|XA10TEX|32|512|0|1|1|32|0|-768|4256|-768|4240|595|865|1
W|3874|0|0|ADEL_B14|XA10TEX|16|512|0|1|1|16|0|-752|4256|-768|4256|858|865|1
W|3874|0|2|ADEL_B14|XA10TEX|16|512|0|1|1|16|0|-752|4256|-768|4256|858|865|1
W|3875|0|0|ADEL_B14|XA10TEX|3|512|0|1|1|3|0|-720|4224|-720|4208|859|869|1
W|3875|0|2|ADEL_B14|XA10TEX|3|512|0|1|1|3|0|-720|4224|-720|4208|859|869|1
W|3876|1|0|ADEL_B14|XA10TEX|19|512|0|1|1|19|0|-704|4224|-720|4224|866|869|1
W|3876|1|2|ADEL_B14|XA10TEX|19|512|0|1|1|19|0|-704|4224|-720|4224|866|869|1
W|3877|0|0|ADEL_B14|XA10TEX|51|512|0|1|1|51|0|-720|4240|-720|4224|859|866|1
W|3877|0|2|ADEL_B14|XA10TEX|51|512|0|1|1|51|0|-720|4240|-720|4224|859|866|1
W|3878|0|0|ADEL_B14|XA10TEX|35|640|0|1|1|35|0|-704|4240|-704|4288|286|867|1
W|3878|0|2|ADEL_B14|XA10TEX|35|640|0|1|1|35|0|-704|4240|-704|4288|286|867|1
W|3879|1|0|ADEL_B14|XA10TEX|35|512|0|1|1|35|0|-704|4240|-720|4240|867|866|1
W|3879|1|2|ADEL_B14|XA10TEX|35|512|0|1|1|35|0|-704|4240|-720|4240|867|866|1
W|3880|0|0|ADEL_B14|XA10TEX|16|512|0|1|1|16|0|-720|4288|-720|4240|859|867|1
W|3880|0|2|ADEL_B14|XA10TEX|16|512|0|1|1|16|0|-720|4288|-720|4240|859|867|1
W|3881|0|0|ADEL_B14|XA10TEX|16|512|0|1|1|16|0|-720|4288|-704|4288|867|868|1
W|3881|0|2|ADEL_B14|XA10TEX|16|512|0|1|1|16|0|-720|4288|-704|4288|867|868|1
W|3882|0|0|ADEL_B14|XA10TEX|19|512|0|1|1|19|0|-720|4208|-720|4176|859|857|1
W|3882|0|2|ADEL_B14|XA10TEX|19|512|0|1|1|19|0|-720|4208|-720|4176|859|857|1
W|3883|0|0|ADEL_B14|XA10TEX|19|512|0|1|1|19|0|-720|4208|-704|4208|857|869|1
W|3883|0|2|ADEL_B14|XA10TEX|19|512|0|1|1|19|0|-720|4208|-704|4208|857|869|1
W|3884|0|0|ADEL_B14|XA10TEX|51|512|0|1|1|51|0|-720|4176|-720|4160|859|871|1
W|3884|0|2|ADEL_B14|XA10TEX|51|512|0|1|1|51|0|-720|4176|-720|4160|859|871|1
W|3885|0|0|ADEL_B14|XA10TEX|35|512|0|1|1|35|0|-704|4176|-720|4176|857|871|1
W|3885|0|2|ADEL_B14|XA10TEX|35|512|0|1|1|35|0|-704|4176|-720|4176|857|871|1
W|3886|0|0|ADEL_B14|XA10TEX|3|512|0|1|1|3|0|-720|4160|-720|4144|859|872|1
W|3886|0|2|ADEL_B14|XA10TEX|3|512|0|1|1|3|0|-720|4160|-720|4144|859|872|1
W|3887|0|0|ADEL_B14|XA10TEX|19|512|0|1|1|19|0|-704|4160|-720|4160|871|872|1
W|3887|0|2|ADEL_B14|XA10TEX|19|512|0|1|1|19|0|-704|4160|-720|4160|871|872|1
W|3888|0|0|ADEL_B14|XA10TEX|19|512|0|1|1|19|0|-720|4144|-720|4128|859|870|1
W|3888|0|2|ADEL_B14|XA10TEX|19|512|0|1|1|19|0|-720|4144|-720|4128|859|870|1
W|3889|0|0|ADEL_B14|XA10TEX|3|640|0|1|1|3|0|-704|4144|-704|4160|286|872|1
W|3889|0|2|ADEL_B14|XA10TEX|3|640|0|1|1|3|0|-704|4144|-704|4160|286|872|1
W|3890|1|0|ADEL_B14|XA10TEX|3|384|0|1|1|3|0|-704|4144|-720|4144|872|870|1
W|3890|1|2|ADEL_B14|XA10TEX|3|384|0|1|1|3|0|-704|4144|-720|4144|872|870|1
W|3891|0|0|ADEL_B14|XA10TEX|28|512|0|1|1|28|0|-1472|4544|-1472|4528|874|880|1
W|3891|0|2|ADEL_B14|XA10TEX|28|512|0|1|1|28|0|-1472|4544|-1472|4528|874|880|1
W|3892|0|0|ADEL_B14|XA10TEX|28|512|0|1|1|28|0|-1456|4528|-1440|4528|883|886|1
W|3892|0|2|ADEL_B14|XA10TEX|28|512|0|1|1|28|0|-1456|4528|-1440|4528|883|886|1
W|3893|1|0|ADEL_B14|XA10TEX|12|512|0|1|1|12|0|-1456|4544|-1472|4544|301|880|1
W|3893|1|2|ADEL_B14|XA10TEX|12|512|0|1|1|12|0|-1456|4544|-1472|4544|301|880|1
W|3894|1|0|ADEL_B14|XA10TEX|44|640|0|1|1|44|0|-1488|4544|-1520|4544|286|878|1
W|3894|1|2|ADEL_B14|XA10TEX|44|640|0|1|1|44|0|-1488|4544|-1520|4544|286|878|1
W|3895|1|0|ADEL_B14|XA10TEX|12|640|0|1|1|12|0|-1520|4544|-1536|4544|286|879|1
W|3895|1|2|ADEL_B14|XA10TEX|12|640|0|1|1|12|0|-1520|4544|-1536|4544|286|879|1
W|3896|1|0|ADEL_B14|XA10TEX|12|384|0|1|1|12|0|-1456|4544|-1456|4528|880|886|1
W|3896|1|2|ADEL_B14|XA10TEX|12|384|0|1|1|12|0|-1456|4544|-1456|4528|880|886|1
W|3901|0|1|ADEL_B14|XA10TEX|16|512|0|1|1|-48|0|-1664|4528|-1656|4528|883|-1|1
W|3902|0|1|ADEL_B14|XA10TEX|40|384|0|1|1|-24|0|-1656|4528|-1656|4544|884|-1|1
W|3908|1|0|ADEL_B14|XA10TEX|60|512|0|1|1|60|0|-1440|4544|-1456|4544|301|886|1
W|3908|1|2|ADEL_B14|XA10TEX|60|512|0|1|1|60|0|-1440|4544|-1456|4544|301|886|1
W|3910|0|1|ADEL_B14|XA10TEX|60|384|0|1|1|60|-16|-1440|4544|-1440|4528|886|-1|1
W|3911|0|1|ADEL_B14|XA10TEX|44|512|0|1|1|44|-112|-1440|4528|-1432|4528|883|-1|1
W|3915|0|0|ADEL_B14|XA10TEX|4|512|0|1|1|4|-112|-1464|4496|-1476|4496|883|881|1
W|3915|0|2|ADEL_B14|XA10TEX|4|512|0|1|1|4|-112|-1464|4496|-1476|4496|883|881|1
W|3917|0|0|ADEL_B14|XA10TEX|24|512|0|1|1|-40|0|-1656|4528|-1632|4528|883|884|1
W|3917|0|2|ADEL_B14|XA10TEX|24|512|0|1|1|-40|0|-1656|4528|-1632|4528|883|884|1
W|3918|1|0|ADEL_B14|XA10TEX|16|512|0|1|1|16|0|-1632|4480|-1616|4480|595|887|1
W|3918|1|2|ADEL_B14|XA10TEX|16|512|0|1|1|16|0|-1632|4480|-1616|4480|595|887|1
W|3919|0|0|ADEL_B14|XA10TEX|32|512|0|1|1|32|0|-1632|4496|-1648|4496|883|882|1
W|3919|0|2|ADEL_B14|XA10TEX|32|512|0|1|1|32|0|-1632|4496|-1648|4496|883|882|1
W|3920|0|0|ADEL_B14|XA10TEX|16|512|0|1|1|16|0|-1632|4480|-1632|4496|887|882|1
W|3920|0|2|ADEL_B14|XA10TEX|16|512|0|1|1|16|0|-1632|4480|-1632|4496|887|882|1
W|3921|0|0|ADEL_B14|XA10TEX|48|512|0|1|1|-16|0|-1632|4528|-1600|4528|883|877|1
W|3921|0|2|ADEL_B14|XA10TEX|48|512|0|1|1|-16|0|-1632|4528|-1600|4528|883|877|1
W|3922|1|0|ADEL_B14|XA10TEX|60|640|0|1|1|60|0|-1632|4544|-1656|4544|286|884|1
W|3922|1|2|ADEL_B14|XA10TEX|60|640|0|1|1|60|0|-1632|4544|-1656|4544|286|884|1
W|3923|0|0|ADEL_B14|XA10TEX|16|512|0|1|1|-48|0|-1632|4528|-1632|4544|877|884|1
W|3923|0|2|ADEL_B14|XA10TEX|16|512|0|1|1|-48|0|-1632|4528|-1632|4544|877|884|1
W|3924|1|0|ADEL_B14|XA10TEX|32|512|0|1|1|32|0|-1616|4480|-1600|4480|595|888|1
W|3924|1|2|ADEL_B14|XA10TEX|32|512|0|1|1|32|0|-1616|4480|-1600|4480|595|888|1
W|3925|0|0|ADEL_B14|XA10TEX|32|512|0|1|1|32|0|-1616|4480|-1616|4496|888|887|1
W|3925|0|2|ADEL_B14|XA10TEX|32|512|0|1|1|32|0|-1616|4480|-1616|4496|888|887|1
W|3926|0|0|ADEL_B14|XA10TEX|16|512|0|1|1|16|0|-1616|4496|-1632|4496|883|887|1
W|3926|0|2|ADEL_B14|XA10TEX|16|512|0|1|1|16|0|-1616|4496|-1632|4496|883|887|1
W|3927|1|0|ADEL_B14|XA10TEX|48|512|0|1|1|48|0|-1600|4480|-1568|4480|595|889|1
W|3927|1|2|ADEL_B14|XA10TEX|48|512|0|1|1|48|0|-1600|4480|-1568|4480|595|889|1
W|3928|0|0|ADEL_B14|XA10TEX|0|512|0|1|1|0|0|-1600|4496|-1616|4496|883|888|1
W|3928|0|2|ADEL_B14|XA10TEX|0|512|0|1|1|0|0|-1600|4496|-1616|4496|883|888|1
W|3929|0|0|ADEL_B14|XA10TEX|48|512|0|1|1|48|0|-1600|4480|-1600|4496|889|888|1
W|3929|0|2|ADEL_B14|XA10TEX|48|512|0|1|1|48|0|-1600|4480|-1600|4496|889|888|1
W|3930|0|0|ADEL_B14|XA10TEX|0|512|0|1|1|0|0|-1552|4496|-1568|4496|883|873|1
W|3930|0|2|ADEL_B14|XA10TEX|0|512|0|1|1|0|0|-1552|4496|-1568|4496|883|873|1
W|3931|0|1|ADEL_B14|XA10TEX|20|640|0|1|1|20|-8|-1656|4544|-1664|4544|286|-1|1
W|1152|0|1|ADEL_B14|XA10TEX|28|640|0|1|1|28|-120|-1664|4544|-1728|4544|301|-1|1
W|1151|0|1|ADEL_B14|XA10TEX|92|640|0|1|1|28|-8|-1728|4544|-1792|4544|286|-1|1
W|1197|0|1|ADEL_B14|XA10TEX|156|640|0|1|1|28|-120|-1792|4544|-1856|4544|301|-1|1
W|1150|0|1|ADEL_B14|XA10TEX|220|640|0|1|1|28|-8|-1856|4544|-1868|4542|286|-1|1
W|1375|0|1|ADEL_B14|XA10TEX|232.165525061|640|0|1|1|40|-8|-1868|4542|-1880|4538|286|-1|1
W|1376|0|1|ADEL_B14|XA10TEX|244.814635701|640|0|1|1|53|-8|-1880|4538|-1891|4532|286|-1|1
W|1377|0|1|ADEL_B14|XA10TEX|257.344599787|640|0|1|1|2|-8|-1891|4532|-1901|4525|286|-1|1
W|1378|0|1|ADEL_B14|XA10TEX|269.551155403|640|0|1|1|14|-8|-1901|4525|-1908|4515|286|-1|1
W|1379|0|1|ADEL_B14|XA10TEX|281.757711019|640|0|1|1|26|-8|-1908|4515|-1914|4504|286|-1|1
W|1380|0|1|ADEL_B14|XA10TEX|294.287675105|640|0|1|1|39|-8|-1914|4504|-1918|4492|286|-1|1
W|1381|0|1|ADEL_B14|XA10TEX|306.936785746|640|0|1|1|52|-8|-1918|4492|-1920|4480|286|-1|1
W|1184|0|1|ADEL_B14|XA10TEX|319.102310806|640|0|1|1|0|-120|-1920|4480|-1920|4416|301|-1|1
W|1183|0|1|ADEL_B14|XA10TEX|383.102310806|640|0|1|1|0|-8|-1920|4416|-1920|4352|286|-1|1
W|1182|0|1|ADEL_B14|XA10TEX|447.102310806|640|0|1|1|0|-120|-1920|4352|-1920|4288|301|-1|1
W|1181|0|1|ADEL_B14|XA10TEX|511.102310806|640|0|1|1|0|-8|-1920|4288|-1920|4224|286|-1|1
W|1180|0|1|ADEL_B14|XA10TEX|63.102310806|640|0|1|1|0|-120|-1920|4224|-1920|4160|301|-1|1
W|1179|0|1|ADEL_B14|XA10TEX|127.102310806|640|0|1|1|0|-8|-1920|4160|-1920|4096|286|-1|1
W|1178|0|1|ADEL_B14|XA10TEX|191.102310806|640|0|1|1|0|-120|-1920|4096|-1920|4032|301|-1|1
W|1177|0|1|ADEL_B14|XA10TEX|255.102310806|640|0|1|1|0|-8|-1920|4032|-1920|3968|286|-1|1
W|1176|0|1|ADEL_B14|XA10TEX|319.102310806|640|0|1|1|0|-120|-1920|3968|-1920|3904|301|-1|1
W|1175|0|1|ADEL_B14|XA10TEX|383.102310806|640|0|1|1|0|-8|-1920|3904|-1920|3840|286|-1|1
W|1174|0|1|ADEL_B14|XA10TEX|447.102310806|640|0|1|1|0|-120|-1920|3840|-1920|3776|301|-1|1
W|1173|0|1|ADEL_B14|XA10TEX|511.102310806|640|0|1|1|0|-8|-1920|3776|-1921|3762|286|-1|1
W|1382|0|1|ADEL_B14|XA10TEX|13.137979654|640|0|1|1|14|-8|-1921|3762|-1919|3749|286|-1|1
W|1383|0|1|ADEL_B14|XA10TEX|26.290926092|640|0|1|1|27|-8|-1919|3749|-1913|3736|286|-1|1
W|1384|0|1|ADEL_B14|XA10TEX|40.608747155|640|0|1|1|41|-8|-1913|3736|-1905|3726|286|-1|1
W|1385|0|1|ADEL_B14|XA10TEX|53.41499563|640|0|1|1|54|-8|-1905|3726|-1895|3718|286|-1|1
W|1386|0|1|ADEL_B14|XA10TEX|66.221244105|640|0|1|1|3|-8|-1895|3718|-1882|3712|286|-1|1
W|1387|0|1|ADEL_B14|XA10TEX|80.539065168|640|0|1|1|17|-8|-1882|3712|-1869|3710|286|-1|1
W|1388|0|1|ADEL_B14|XA10TEX|93.692011606|640|0|1|1|30|-8|-1869|3710|-1856|3712|286|-1|1
W|1204|0|1|ADEL_B14|XA10TEX|106.844958044|640|0|1|1|43|-120|-1856|3712|-1792|3712|301|-1|1
W|1170|0|1|ADEL_B14|XA10TEX|170.844958044|640|0|1|1|43|-8|-1792|3712|-1728|3712|286|-1|1
W|1171|0|1|ADEL_B14|XA10TEX|234.844958044|640|0|1|1|43|-120|-1728|3712|-1664|3712|301|-1|1
W|1172|0|1|ADEL_B14|XA10TEX|298.844958044|640|0|1|1|43|-8|-1664|3712|-1600|3712|286|-1|1
W|1203|0|1|ADEL_B14|XA10TEX|362.844958044|640|0|1|1|43|-120|-1600|3712|-1536|3712|301|-1|1
W|1169|0|1|ADEL_B14|XA10TEX|426.844958044|640|0|1|1|43|-8|-1536|3712|-1472|3712|286|-1|1
W|1200|0|1|ADEL_B14|XA10TEX|490.844958044|640|0|1|1|43|-120|-1472|3712|-1408|3712|301|-1|1
W|3933|0|0|ADEL_B14|XA10TEX|16|512|0|1|1|16|0|-1568|4496|-1600|4496|883|889|1
W|3933|0|2|ADEL_B14|XA10TEX|16|512|0|1|1|16|0|-1568|4496|-1600|4496|883|889|1
W|3934|1|0|ADEL_B14|XA10TEX|16|512|0|1|1|16|0|-1568|4480|-1552|4480|595|873|1
W|3934|1|2|ADEL_B14|XA10TEX|16|512|0|1|1|16|0|-1568|4480|-1552|4480|595|873|1
W|3935|0|0|ADEL_B14|XA10TEX|16|512|0|1|1|16|0|-1568|4496|-1568|4480|889|873|1
W|3935|0|2|ADEL_B14|XA10TEX|16|512|0|1|1|16|0|-1568|4496|-1568|4480|889|873|1
W|3936|0|0|ADEL_B14|XA10TEX|12|512|0|1|1|12|0|-1536|4528|-1520|4528|883|879|1
W|3936|0|2|ADEL_B14|XA10TEX|12|512|0|1|1|12|0|-1536|4528|-1520|4528|883|879|1
W|3937|1|0|ADEL_B14|XA10TEX|28|512|0|1|1|28|0|-1536|4544|-1536|4528|876|879|1
W|3937|1|2|ADEL_B14|XA10TEX|28|512|0|1|1|28|0|-1536|4544|-1536|4528|876|879|1
W|3938|0|0|ADEL_B14|XA10TEX|60|512|0|1|1|60|0|-1552|4528|-1536|4528|883|876|1
W|3938|0|2|ADEL_B14|XA10TEX|60|512|0|1|1|60|0|-1552|4528|-1536|4528|883|876|1
W|3939|1|0|ADEL_B14|XA10TEX|44|512|0|1|1|44|0|-1552|4544|-1600|4544|301|875|1
W|3939|1|2|ADEL_B14|XA10TEX|44|512|0|1|1|44|0|-1552|4544|-1600|4544|301|875|1
W|3940|1|0|ADEL_B14|XA10TEX|44|512|0|1|1|44|0|-1552|4544|-1552|4528|875|876|1
W|3940|1|2|ADEL_B14|XA10TEX|44|512|0|1|1|44|0|-1552|4544|-1552|4528|875|876|1
W|3941|0|0|ADEL_B14|XA10TEX|16|512|0|1|1|16|0|-1600|4528|-1552|4528|883|875|1
W|3941|0|2|ADEL_B14|XA10TEX|16|512|0|1|1|16|0|-1600|4528|-1552|4528|883|875|1
W|3942|0|0|ADEL_B14|XA10TEX|16|512|0|1|1|16|0|-1600|4528|-1600|4544|875|877|1
W|3942|0|2|ADEL_B14|XA10TEX|16|512|0|1|1|16|0|-1600|4528|-1600|4544|875|877|1
W|3943|0|0|ADEL_B14|XA10TEX|28|512|0|1|1|28|0|-1520|4528|-1488|4528|883|878|1
W|3943|0|2|ADEL_B14|XA10TEX|28|512|0|1|1|28|0|-1520|4528|-1488|4528|883|878|1
W|3944|0|0|ADEL_B14|XA10TEX|28|512|0|1|1|28|0|-1520|4528|-1520|4544|878|879|1
W|3944|0|2|ADEL_B14|XA10TEX|28|512|0|1|1|28|0|-1520|4528|-1520|4544|878|879|1
W|3945|0|0|ADEL_B14|XA10TEX|60|512|0|1|1|60|0|-1488|4528|-1472|4528|883|874|1
W|3945|0|2|ADEL_B14|XA10TEX|60|512|0|1|1|60|0|-1488|4528|-1472|4528|883|874|1
W|3946|0|0|ADEL_B14|XA10TEX|44|512|0|1|1|44|0|-1488|4544|-1488|4528|878|874|1
W|3946|0|2|ADEL_B14|XA10TEX|44|512|0|1|1|44|0|-1488|4544|-1488|4528|878|874|1
W|3947|0|0|ADEL_B14|XA10TEX|12|512|0|1|1|12|0|-1472|4528|-1456|4528|883|880|1
W|3947|0|2|ADEL_B14|XA10TEX|12|512|0|1|1|12|0|-1472|4528|-1456|4528|883|880|1
W|192|1|2|ADEL_B14|XA10TEX|0|128|0|1|1|0|-376|-1064|6528|-1072|6544|1|45|1
W|185|1|2|ADEL_B14|XA10TEX|17.88854382|128|0|1|1|0|-376|-1072|6544|-1088|6552|1|45|1
W|189|1|2|ADEL_B14|XA10TEX|35.77708764|128|0|1|1|0|-376|-1088|6552|-1104|6544|1|45|1
W|187|1|2|ADEL_B14|XA10TEX|53.66563146|128|0|1|1|0|-376|-1104|6544|-1112|6528|1|45|1
W|191|1|2|ADEL_B14|XA10TEX|71.55417528|128|0|1|1|0|-376|-1112|6528|-1104|6512|1|45|1
W|186|1|2|ADEL_B14|XA10TEX|89.4427191|128|0|1|1|0|-376|-1104|6512|-1088|6504|1|45|1
W|190|1|2|ADEL_B14|XA10TEX|107.33126292|128|0|1|1|0|-376|-1088|6504|-1072|6512|1|45|1
W|188|1|2|ADEL_B14|XA10TEX|125.21980674|128|0|1|1|0|-376|-1072|6512|-1064|6528|1|45|1
W|199|0|2|ADEL_B14|XA10TEX|0|128|0|1|1|0|-360|-1088|6512|-1077|6517|45|46|1
W|200|0|2|ADEL_B14|XA10TEX|12.083045974|128|0|1|1|12|-360|-1077|6517|-1072|6528|45|46|1
W|193|0|2|ADEL_B14|XA10TEX|24.166091947|128|0|1|1|24|-360|-1072|6528|-1077|6539|45|46|1
W|194|0|2|ADEL_B14|XA10TEX|36.249137921|128|0|1|1|36|-360|-1077|6539|-1088|6544|45|46|1
W|195|0|2|ADEL_B14|XA10TEX|48.332183894|128|0|1|1|48|-360|-1088|6544|-1099|6539|45|46|1
W|196|0|2|ADEL_B14|XA10TEX|60.415229868|128|0|1|1|60|-360|-1099|6539|-1104|6528|45|46|1
W|197|0|2|ADEL_B14|XA10TEX|72.498275842|128|0|1|1|72|-360|-1104|6528|-1099|6517|45|46|1
W|198|0|2|ADEL_B14|XA10TEX|84.581321815|128|0|1|1|84|-360|-1099|6517|-1088|6512|45|46|1
W|208|1|2|ADEL_B14|XA10TEX|0|256|0|1|1|0|-376|-1064|6272|-1072|6288|1|47|1
W|201|1|2|ADEL_B14|XA10TEX|17.88854382|256|0|1|1|0|-376|-1072|6288|-1088|6296|1|47|1
W|205|1|2|ADEL_B14|XA10TEX|35.77708764|256|0|1|1|0|-376|-1088|6296|-1104|6288|1|47|1
W|203|1|2|ADEL_B14|XA10TEX|53.66563146|256|0|1|1|0|-376|-1104|6288|-1112|6272|1|47|1
W|207|1|2|ADEL_B14|XA10TEX|71.55417528|256|0|1|1|0|-376|-1112|6272|-1104|6256|1|47|1
W|202|1|2|ADEL_B14|XA10TEX|89.4427191|256|0|1|1|0|-376|-1104|6256|-1088|6248|1|47|1
W|206|1|2|ADEL_B14|XA10TEX|107.33126292|256|0|1|1|0|-376|-1088|6248|-1072|6256|1|47|1
W|204|1|2|ADEL_B14|XA10TEX|125.21980674|256|0|1|1|0|-376|-1072|6256|-1064|6272|1|47|1
W|224|1|2|ADEL_B14|XA10TEX|0|256|0|1|1|0|-376|-1064|6016|-1072|6032|1|49|1
W|217|1|2|ADEL_B14|XA10TEX|17.88854382|256|0|1|1|0|-376|-1072|6032|-1088|6040|1|49|1
W|221|1|2|ADEL_B14|XA10TEX|35.77708764|256|0|1|1|0|-376|-1088|6040|-1104|6032|1|49|1
W|219|1|2|ADEL_B14|XA10TEX|53.66563146|256|0|1|1|0|-376|-1104|6032|-1112|6016|1|49|1
W|223|1|2|ADEL_B14|XA10TEX|71.55417528|256|0|1|1|0|-376|-1112|6016|-1104|6000|1|49|1
W|218|1|2|ADEL_B14|XA10TEX|89.4427191|256|0|1|1|0|-376|-1104|6000|-1088|5992|1|49|1
W|222|1|2|ADEL_B14|XA10TEX|107.33126292|256|0|1|1|0|-376|-1088|5992|-1072|6000|1|49|1
W|220|1|2|ADEL_B14|XA10TEX|125.21980674|256|0|1|1|0|-376|-1072|6000|-1064|6016|1|49|1
W|240|1|2|ADEL_B14|XA10TEX|0|256|0|1|1|0|-376|-1064|5760|-1072|5776|1|51|1
W|233|1|2|ADEL_B14|XA10TEX|17.88854382|256|0|1|1|0|-376|-1072|5776|-1088|5784|1|51|1
W|237|1|2|ADEL_B14|XA10TEX|35.77708764|256|0|1|1|0|-376|-1088|5784|-1104|5776|1|51|1
W|235|1|2|ADEL_B14|XA10TEX|53.66563146|256|0|1|1|0|-376|-1104|5776|-1112|5760|1|51|1
W|239|1|2|ADEL_B14|XA10TEX|71.55417528|256|0|1|1|0|-376|-1112|5760|-1104|5744|1|51|1
W|234|1|2|ADEL_B14|XA10TEX|89.4427191|256|0|1|1|0|-376|-1104|5744|-1088|5736|1|51|1
W|238|1|2|ADEL_B14|XA10TEX|107.33126292|256|0|1|1|0|-376|-1088|5736|-1072|5744|1|51|1
W|236|1|2|ADEL_B14|XA10TEX|125.21980674|256|0|1|1|0|-376|-1072|5744|-1064|5760|1|51|1
W|256|1|2|ADEL_B14|XA10TEX|0|256|0|1|1|0|-376|-1640|6016|-1648|6032|1|53|1
W|249|1|2|ADEL_B14|XA10TEX|17.88854382|256|0|1|1|0|-376|-1648|6032|-1664|6040|1|53|1
W|253|1|2|ADEL_B14|XA10TEX|35.77708764|256|0|1|1|0|-376|-1664|6040|-1680|6032|1|53|1
W|251|1|2|ADEL_B14|XA10TEX|53.66563146|256|0|1|1|0|-376|-1680|6032|-1688|6016|1|53|1
W|255|1|2|ADEL_B14|XA10TEX|71.55417528|256|0|1|1|0|-376|-1688|6016|-1680|6000|1|53|1
W|250|1|2|ADEL_B14|XA10TEX|89.4427191|256|0|1|1|0|-376|-1680|6000|-1664|5992|1|53|1
W|254|1|2|ADEL_B14|XA10TEX|107.33126292|256|0|1|1|0|-376|-1664|5992|-1648|6000|1|53|1
W|252|1|2|ADEL_B14|XA10TEX|125.21980674|256|0|1|1|0|-376|-1648|6000|-1640|6016|1|53|1
W|272|1|2|ADEL_B14|XA10TEX|0|128|0|1|1|0|-376|-1640|5760|-1648|5776|1|55|1
W|265|1|2|ADEL_B14|XA10TEX|17.88854382|128|0|1|1|0|-376|-1648|5776|-1664|5784|1|55|1
W|269|1|2|ADEL_B14|XA10TEX|35.77708764|128|0|1|1|0|-376|-1664|5784|-1680|5776|1|55|1
W|267|1|2|ADEL_B14|XA10TEX|53.66563146|128|0|1|1|0|-376|-1680|5776|-1688|5760|1|55|1
W|271|1|2|ADEL_B14|XA10TEX|71.55417528|128|0|1|1|0|-376|-1688|5760|-1680|5744|1|55|1
W|266|1|2|ADEL_B14|XA10TEX|89.4427191|128|0|1|1|0|-376|-1680|5744|-1664|5736|1|55|1
W|270|1|2|ADEL_B14|XA10TEX|107.33126292|128|0|1|1|0|-376|-1664|5736|-1648|5744|1|55|1
W|268|1|2|ADEL_B14|XA10TEX|125.21980674|128|0|1|1|0|-376|-1648|5744|-1640|5760|1|55|1
W|288|1|2|ADEL_B14|XA10TEX|26|256|0|1|1|26|-376|-1640|6272|-1648|6288|1|57|1
W|281|1|2|ADEL_B14|XA10TEX|43.88854382|256|0|1|1|44|-376|-1648|6288|-1664|6296|1|57|1
W|285|1|2|ADEL_B14|XA10TEX|61.77708764|256|0|1|1|-18|-376|-1664|6296|-1680|6288|1|57|1
W|283|1|2|ADEL_B14|XA10TEX|79.66563146|256|0|1|1|0|-376|-1680|6288|-1688|6272|1|57|1
W|287|1|2|ADEL_B14|XA10TEX|97.55417528|256|0|1|1|18|-376|-1688|6272|-1680|6256|1|57|1
W|282|1|2|ADEL_B14|XA10TEX|115.4427191|256|0|1|1|36|-376|-1680|6256|-1664|6248|1|57|1
W|286|1|2|ADEL_B14|XA10TEX|133.33126292|256|0|1|1|54|-376|-1664|6248|-1648|6256|1|57|1
W|284|1|2|ADEL_B14|XA10TEX|151.21980674|256|0|1|1|8|-376|-1648|6256|-1640|6272|1|57|1
W|304|1|2|ADEL_B14|XA10TEX|0|256|0|1|1|0|-376|-1640|6528|-1648|6544|1|59|1
W|297|1|2|ADEL_B14|XA10TEX|17.88854382|256|0|1|1|0|-376|-1648|6544|-1664|6552|1|59|1
W|301|1|2|ADEL_B14|XA10TEX|35.77708764|256|0|1|1|0|-376|-1664|6552|-1680|6544|1|59|1
W|299|1|2|ADEL_B14|XA10TEX|53.66563146|256|0|1|1|0|-376|-1680|6544|-1688|6528|1|59|1
W|303|1|2|ADEL_B14|XA10TEX|71.55417528|256|0|1|1|0|-376|-1688|6528|-1680|6512|1|59|1
W|298|1|2|ADEL_B14|XA10TEX|89.4427191|256|0|1|1|0|-376|-1680|6512|-1664|6504|1|59|1
W|302|1|2|ADEL_B14|XA10TEX|107.33126292|256|0|1|1|0|-376|-1664|6504|-1648|6512|1|59|1
W|300|1|2|ADEL_B14|XA10TEX|125.21980674|256|0|1|1|0|-376|-1648|6512|-1640|6528|1|59|1
W|502|1|2|ADEL_B14|XA10TEX|0|128|0|1|1|0|0|-1408|6400|-1408|6464|100|12|1
W|501|1|2|ADEL_B14|XA10TEX|64|128|0|1|1|0|0|-1408|6464|-1344|6464|100|12|1
W|504|1|2|ADEL_B14|XA10TEX|128|128|0|1|1|0|0|-1344|6464|-1344|6400|100|12|1
W|503|1|2|ADEL_B14|XA10TEX|192|128|0|1|1|0|0|-1344|6400|-1408|6400|100|12|1
W|506|1|2|ADEL_B14|XA10TEX|0|128|0|1|1|0|0|-1408|6144|-1408|6208|101|12|1
W|505|1|2|ADEL_B14|XA10TEX|64|128|0|1|1|0|0|-1408|6208|-1344|6208|101|12|1
W|508|1|2|ADEL_B14|XA10TEX|128|128|0|1|1|0|0|-1344|6208|-1344|6144|101|12|1
W|507|1|2|ADEL_B14|XA10TEX|192|128|0|1|1|0|0|-1344|6144|-1408|6144|101|12|1
W|510|1|2|ADEL_B14|XA10TEX|0|128|0|1|1|0|0|-1408|5888|-1408|5952|102|12|1
W|509|1|2|ADEL_B14|XA10TEX|64|128|0|1|1|0|0|-1408|5952|-1344|5952|102|12|1
W|512|1|2|ADEL_B14|XA10TEX|128|128|0|1|1|0|0|-1344|5952|-1344|5888|102|12|1
W|511|1|2|ADEL_B14|XA10TEX|192|128|0|1|1|0|0|-1344|5888|-1408|5888|102|12|1
W|514|1|2|ADEL_B14|XA10TEX|0|128|0|1|1|0|0|-1408|5632|-1408|5696|103|12|1
W|513|1|2|ADEL_B14|XA10TEX|64|128|0|1|1|0|0|-1408|5696|-1344|5696|103|12|1
W|516|1|2|ADEL_B14|XA10TEX|128|128|0|1|1|0|0|-1344|5696|-1344|5632|103|12|1
W|515|1|2|ADEL_B14|XA10TEX|192|128|0|1|1|0|0|-1344|5632|-1408|5632|103|12|1
W|518|1|2|ADEL_B14|XA10TEX|0|128|0|1|1|0|0|1664|6208|1664|6272|104|441|1
W|517|1|2|ADEL_B14|XA10TEX|64|128|0|1|1|0|0|1664|6272|1728|6272|104|441|1
W|520|1|2|ADEL_B14|XA10TEX|128|128|0|1|1|0|0|1728|6272|1728|6208|104|441|1
W|519|1|2|ADEL_B14|XA10TEX|192|128|0|1|1|0|0|1728|6208|1664|6208|104|441|1
W|526|1|2|ADEL_B14|XA10TEX|0|128|0|1|1|0|0|1664|5632|1664|5696|106|78|1
W|525|1|2|ADEL_B14|XA10TEX|64|128|0|1|1|0|0|1664|5696|1728|5696|106|78|1
W|528|1|2|ADEL_B14|XA10TEX|128|128|0|1|1|0|0|1728|5696|1728|5632|106|78|1
W|527|1|2|ADEL_B14|XA10TEX|192|128|0|1|1|0|0|1728|5632|1664|5632|106|78|1
W|530|1|2|ADEL_B14|XA10TEX|0|128|0|1|1|0|0|1664|5312|1664|5376|107|78|1
W|529|1|2|ADEL_B14|XA10TEX|64|128|0|1|1|0|0|1664|5376|1728|5376|107|78|1
W|532|1|2|ADEL_B14|XA10TEX|128|128|0|1|1|0|0|1728|5376|1728|5312|107|78|1
W|531|1|2|ADEL_B14|XA10TEX|192|128|0|1|1|0|0|1728|5312|1664|5312|107|78|1
W|968|0|2|ADEL_B14|XA10TEX|20|640|0|1|1|-44|-232|-2304|4976|-2304|5072|356|483|1
W|961|0|2|ADEL_B14|XA10TEX|116|640|0|1|1|-12|-232|-2304|5072|-2352|5120|356|481|1
W|962|0|2|ADEL_B14|XA10TEX|183.882250994|640|0|1|1|-8|-232|-2352|5120|-2448|5120|356|482|1
W|963|0|2|ADEL_B14|XA10TEX|279.882250994|640|0|1|1|-40|-232|-2448|5120|-2496|5072|356|482|1
W|964|0|2|ADEL_B14|XA10TEX|347.764501988|640|0|1|1|-36|-232|-2496|5072|-2496|4976|356|482|1
W|965|0|2|ADEL_B14|XA10TEX|443.764501988|640|0|1|1|-4|-232|-2496|4976|-2448|4928|356|481|1
W|966|0|2|ADEL_B14|XA10TEX|511.646752982|640|0|1|1|0|-232|-2448|4928|-2352|4928|356|483|1
W|967|0|2|ADEL_B14|XA10TEX|95.646752982|640|0|1|1|-48|-232|-2352|4928|-2304|4976|356|483|1
W|976|0|2|ADEL_B14|XA10TEX|0|128|0|1|1|0|0|-1797|4836|-1763|4825|359|248|1
W|980|0|2|ADEL_B14|XA10TEX|35.73513677|128|0|1|1|0|0|-1763|4825|-1752|4836|359|248|1
W|969|0|2|ADEL_B14|XA10TEX|51.291485957|128|0|1|1|0|0|-1752|4836|-1763|4848|359|248|1
W|979|0|2|ADEL_B14|XA10TEX|67.570306553|128|0|1|1|0|0|-1763|4848|-1786|4848|359|248|1
W|981|0|2|ADEL_B14|XA10TEX|90.570306553|128|0|1|1|0|0|-1786|4848|-1797|4836|359|248|1
W|978|0|2|ADEL_B14|XA10TEX|0|128|0|1|1|0|0|-2000|4816|-1966|4805|359|250|1
W|971|0|2|ADEL_B14|XA10TEX|35.73513677|128|0|1|1|0|0|-1966|4805|-1954|4816|359|250|1
W|972|0|2|ADEL_B14|XA10TEX|52.013957367|128|0|1|1|0|0|-1954|4816|-1966|4827|359|250|1
W|974|0|2|ADEL_B14|XA10TEX|68.292777963|128|0|1|1|0|0|-1966|4827|-1988|4827|359|250|1
W|970|0|2|ADEL_B14|XA10TEX|90.292777963|128|0|1|1|0|0|-1988|4827|-2000|4816|359|250|1
W|977|0|2|ADEL_B14|XA10TEX|0|128|0|1|1|0|0|-1854|4848|-1854|4825|359|249|1
W|973|0|2|ADEL_B14|XA10TEX|23|128|0|1|1|0|0|-1854|4825|-1831|4802|359|249|1
W|983|0|2|ADEL_B14|XA10TEX|55.526911935|128|0|1|1|0|0|-1831|4802|-1797|4814|359|249|1
W|982|0|2|ADEL_B14|XA10TEX|91.582424689|128|0|1|1|0|0|-1797|4814|-1808|4848|359|249|1
W|975|0|2|ADEL_B14|XA10TEX|127.31756146|128|0|1|1|0|0|-1808|4848|-1854|4848|359|249|1
W|2254|0|2|ADEL_B14|XA10TEX|0|128|0|1|1|0|0|-2048|5168|-2016|5184|9|253|1
W|2255|0|2|ADEL_B14|XA10TEX|35.77708764|128|0|1|1|0|0|-2016|5184|-2016|5200|9|253|1
W|2256|0|2|ADEL_B14|XA10TEX|51.77708764|128|0|1|1|0|0|-2016|5200|-2032|5200|9|253|1
W|984|0|2|ADEL_B14|XA10TEX|67.77708764|128|0|1|1|0|0|-2032|5200|-2048|5184|9|253|1
W|2253|0|2|ADEL_B14|XA10TEX|90.404504638|128|0|1|1|0|0|-2048|5184|-2048|5168|9|253|1
W|1529|1|2|ADEL_B14|XA10TEX|0|640|0|1|1|0|0|-192|3152|-256|3152|369|366|1
W|1528|1|2|ADEL_B14|XA10TEX|64|640|0|1|1|0|0|-256|3152|-304|3200|369|368|1
W|1533|0|2|ADEL_B14|XA10TEX|131.882250994|640|0|1|1|0|0|-304|3200|-304|3264|369|367|1
W|1532|0|2|ADEL_B14|XA10TEX|195.882250994|640|0|1|1|0|0|-304|3264|-256|3312|369|367|1
W|1530|0|2|ADEL_B14|XA10TEX|263.764501988|640|0|1|1|0|0|-256|3312|-192|3312|369|367|1
W|1539|1|2|ADEL_B14|XA10TEX|327.764501988|640|0|1|1|0|0|-192|3312|-144|3264|369|368|1
W|1537|1|2|ADEL_B14|XA10TEX|395.646752982|640|0|1|1|0|0|-144|3264|-144|3200|369|366|1
W|1538|1|2|ADEL_B14|XA10TEX|459.646752982|640|0|1|1|0|0|-144|3200|-192|3152|369|366|1
W|1549|0|2|ADEL_B14|XA10TEX|16|640|0|1|1|-48|-232|-176|3136|-128|3184|357|366|1
W|1548|0|2|ADEL_B14|XA10TEX|83.882250994|640|0|1|1|-44|-232|-128|3184|-128|3280|357|366|1
W|1555|0|2|ADEL_B14|XA10TEX|179.882250994|640|0|1|1|-12|-232|-128|3280|-176|3328|357|368|1
W|1554|0|2|ADEL_B14|XA10TEX|247.764501988|640|0|1|1|-8|-232|-176|3328|-272|3328|357|367|1
W|1553|0|2|ADEL_B14|XA10TEX|343.764501988|640|0|1|1|-40|-232|-272|3328|-320|3280|357|367|1
W|1552|0|2|ADEL_B14|XA10TEX|411.646752982|640|0|1|1|-36|-232|-320|3280|-320|3184|357|367|1
W|1551|0|2|ADEL_B14|XA10TEX|507.646752982|640|0|1|1|-4|-232|-320|3184|-272|3136|357|368|1
W|1550|0|2|ADEL_B14|XA10TEX|63.529003976|640|0|1|1|0|-232|-272|3136|-176|3136|357|366|1
W|1813|1|2|ADEL_B14|XA10TEX|0|0|0|1|1|0|0|1680|5840|1648|5872|440|438|1
W|1814|1|2|ADEL_B14|XA10TEX|45.254833996|0|0|1|1|0|0|1648|5872|1632|5856|440|438|1
W|1811|1|2|ADEL_B14|XA10TEX|67.882250994|0|0|1|1|0|0|1632|5856|1648|5840|440|438|1
W|1812|1|2|ADEL_B14|XA10TEX|90.509667992|0|0|1|1|0|0|1648|5840|1680|5840|440|438|1
W|2263|0|2|ADEL_B14|XA10TEX|0|640|0|1|1|0|0|-2432|5104|-2368|5104|480|482|1
W|1951|1|2|ADEL_B14|XA10TEX|64|640|0|1|1|0|0|-2368|5104|-2320|5056|480|481|1
W|2167|1|2|ADEL_B14|XA10TEX|131.882250994|640|0|1|1|0|0|-2320|5056|-2320|4992|480|483|1
W|1998|1|2|ADEL_B14|XA10TEX|195.882250994|640|0|1|1|0|0|-2320|4992|-2368|4944|480|483|1
W|2264|1|2|ADEL_B14|XA10TEX|263.764501988|640|0|1|1|0|0|-2368|4944|-2432|4944|480|483|1
W|2265|1|2|ADEL_B14|XA10TEX|327.764501988|640|0|1|1|0|0|-2432|4944|-2480|4992|480|481|1
W|2260|0|2|ADEL_B14|XA10TEX|395.646752982|640|0|1|1|0|0|-2480|4992|-2480|5056|480|482|1
W|2261|0|2|ADEL_B14|XA10TEX|459.646752982|640|0|1|1|0|0|-2480|5056|-2432|5104|480|482|1
W|2220|0|2|ADEL_B14|XA10TEX|0|128|0|1|1|0|0|-1888|4976|-1920|4992|492|486|1
W|2221|0|2|ADEL_B14|XA10TEX|35.77708764|128|0|1|1|0|0|-1920|4992|-1952|4960|492|486|1
W|2217|0|2|ADEL_B14|XA10TEX|81.031921636|128|0|1|1|0|0|-1952|4960|-1936|4944|492|486|1
W|2218|0|2|ADEL_B14|XA10TEX|103.659338634|128|0|1|1|0|0|-1936|4944|-1904|4944|492|486|1
W|2219|0|2|ADEL_B14|XA10TEX|135.659338634|128|0|1|1|0|0|-1904|4944|-1888|4976|492|486|1
W|2234|0|2|ADEL_B14|XA10TEX|0|128|0|1|1|0|0|-1904|4992|-1872|5008|492|255|1
W|2235|0|2|ADEL_B14|XA10TEX|35.77708764|128|0|1|1|0|0|-1872|5008|-1872|5024|492|255|1
W|2236|0|2|ADEL_B14|XA10TEX|51.77708764|128|0|1|1|0|0|-1872|5024|-1888|5024|492|255|1
W|2237|0|2|ADEL_B14|XA10TEX|67.77708764|128|0|1|1|0|0|-1888|5024|-1904|5008|492|255|1
W|2233|0|2|ADEL_B14|XA10TEX|90.404504638|128|0|1|1|0|0|-1904|5008|-1904|4992|492|255|1
W|2239|0|2|ADEL_B14|XA10TEX|0|128|0|1|1|0|0|-1968|4976|-1936|4992|492|254|1
W|2240|0|2|ADEL_B14|XA10TEX|35.77708764|128|0|1|1|0|0|-1936|4992|-1936|5008|492|254|1
W|2241|0|2|ADEL_B14|XA10TEX|51.77708764|128|0|1|1|0|0|-1936|5008|-1952|5008|492|254|1
W|2242|0|2|ADEL_B14|XA10TEX|67.77708764|128|0|1|1|0|0|-1952|5008|-1968|4992|492|254|1
W|2238|0|2|ADEL_B14|XA10TEX|90.404504638|128|0|1|1|0|0|-1968|4992|-1968|4976|492|254|1
W|2246|0|2|ADEL_B14|XA10TEX|0|128|0|1|1|0|0|-1968|5168|-2000|5184|9|252|1
W|2247|0|2|ADEL_B14|XA10TEX|35.77708764|128|0|1|1|0|0|-2000|5184|-2032|5152|9|252|1
W|2243|0|2|ADEL_B14|XA10TEX|81.031921636|128|0|1|1|0|0|-2032|5152|-2016|5136|9|252|1
W|2244|0|2|ADEL_B14|XA10TEX|103.659338634|128|0|1|1|0|0|-2016|5136|-1984|5136|9|252|1
W|2245|0|2|ADEL_B14|XA10TEX|135.659338634|128|0|1|1|0|0|-1984|5136|-1968|5168|9|252|1
W|2249|0|2|ADEL_B14|XA10TEX|0|128|0|1|1|0|0|-1920|5200|-1888|5216|9|251|1
W|2250|0|2|ADEL_B14|XA10TEX|35.77708764|128|0|1|1|0|0|-1888|5216|-1888|5232|9|251|1
W|2251|0|2|ADEL_B14|XA10TEX|51.77708764|128|0|1|1|0|0|-1888|5232|-1904|5232|9|251|1
W|2252|0|2|ADEL_B14|XA10TEX|67.77708764|128|0|1|1|0|0|-1904|5232|-1920|5216|9|251|1
W|2248|0|2|ADEL_B14|XA10TEX|90.404504638|128|0|1|1|0|0|-1920|5216|-1920|5200|9|251|1
W|2290|1|2|ADEL_B14|XA10TEX|0|512|0|1|1|0|0|1448|4552|1360|4584|388|468|1
W|2289|1|2|ADEL_B14|XA10TEX|93.637599286|512|0|1|1|0|0|1360|4584|1296|4648|388|468|1
W|2288|1|2|ADEL_B14|XA10TEX|184.147267278|512|0|1|1|0|0|1296|4648|1272|4728|388|468|1
W|2287|1|2|ADEL_B14|XA10TEX|267.669719349|512|0|1|1|0|0|1272|4728|1296|4816|388|468|1
W|2286|1|2|ADEL_B14|XA10TEX|358.883753357|512|0|1|1|0|0|1296|4816|1360|4880|388|468|1
W|2285|1|2|ADEL_B14|XA10TEX|449.393421349|512|0|1|1|0|0|1360|4880|1448|4904|388|468|1
W|2284|1|2|ADEL_B14|XA10TEX|28.607455357|512|0|1|1|0|0|1448|4904|1536|4880|388|468|1
W|2283|1|2|ADEL_B14|XA10TEX|119.821489365|512|0|1|1|0|0|1536|4880|1592|4816|388|468|1
W|2282|1|2|ADEL_B14|XA10TEX|204.862655866|512|0|1|1|0|0|1592|4816|1616|4728|388|468|1
W|2281|1|2|ADEL_B14|XA10TEX|296.076689874|512|0|1|1|0|0|1616|4728|1576|4632|388|468|1
W|2292|1|2|ADEL_B14|XA10TEX|400.076689874|512|0|1|1|0|0|1576|4632|1528|4584|388|468|1
W|2291|1|2|ADEL_B14|XA10TEX|467.958940868|512|0|1|1|0|0|1528|4584|1448|4552|388|468|1
W|3646|1|0|ADEL_B14|XA10TEX|48|512|0|1|1|-16|0|-1680|3992|-1760|3992|824|823|1
W|3645|1|0|ADEL_B14|XA10TEX|128|512|0|1|1|0|0|-1760|3992|-1768|4000|824|823|1
W|3652|1|0|ADEL_B14|XA10TEX|139.313708499|512|0|1|1|11|0|-1768|4000|-1768|4368|824|823|1
W|3651|1|0|ADEL_B14|XA10TEX|507.313708499|512|0|1|1|59|0|-1768|4368|-1760|4376|824|823|1
W|3650|1|0|ADEL_B14|XA10TEX|6.627416998|512|0|1|1|6|0|-1760|4376|-1680|4376|824|823|1
W|3649|1|0|ADEL_B14|XA10TEX|86.627416998|512|0|1|1|22|0|-1680|4376|-1672|4368|824|823|1
W|3648|1|0|ADEL_B14|XA10TEX|97.941125497|512|0|1|1|33|0|-1672|4368|-1672|4000|824|823|1
W|3647|1|0|ADEL_B14|XA10TEX|465.941125497|512|0|1|1|17|0|-1672|4000|-1680|3992|824|823|1
W|3654|1|0|ADEL_B14|XA10TEX|11|512|0|1|1|11|0|-1760|4008|-1760|4360|825|824|1
W|3653|1|0|ADEL_B14|XA10TEX|363|512|0|1|1|43|0|-1760|4360|-1752|4368|825|824|1
W|3660|1|0|ADEL_B14|XA10TEX|374.313708499|512|0|1|1|54|0|-1752|4368|-1688|4368|825|824|1
W|3659|1|0|ADEL_B14|XA10TEX|438.313708499|512|0|1|1|54|0|-1688|4368|-1680|4360|825|824|1
W|3658|1|0|ADEL_B14|XA10TEX|449.627416998|512|0|1|1|1|0|-1680|4360|-1680|4008|825|824|1
W|3657|1|0|ADEL_B14|XA10TEX|289.627416998|512|0|1|1|33|0|-1680|4008|-1688|4000|825|824|1
W|3656|1|0|ADEL_B14|XA10TEX|300.941125497|512|0|1|1|0|0|-1688|4000|-1752|4000|825|824|1
W|3655|1|0|ADEL_B14|XA10TEX|364.941125497|512|0|1|1|0|0|-1752|4000|-1760|4008|825|824|1
W|3662|1|0|ADEL_B14|XA10TEX|11|640|0|1|1|11|0|-1752|4016|-1752|4352|826|825|1
W|3661|1|0|ADEL_B14|XA10TEX|347|640|0|1|1|27|0|-1752|4352|-1744|4360|826|825|1
W|3668|1|0|ADEL_B14|XA10TEX|358.313708499|640|0|1|1|38|0|-1744|4360|-1696|4360|826|825|1
W|3667|1|0|ADEL_B14|XA10TEX|406.313708499|640|0|1|1|22|0|-1696|4360|-1688|4352|826|825|1
W|3666|1|0|ADEL_B14|XA10TEX|417.627416998|640|0|1|1|33|0|-1688|4352|-1688|4016|826|825|1
W|3665|1|0|ADEL_B14|XA10TEX|241.627416998|640|0|1|1|49|0|-1688|4016|-1696|4008|826|825|1
W|3664|1|0|ADEL_B14|XA10TEX|252.941125497|640|0|1|1|-48|0|-1696|4008|-1744|4008|826|825|1
W|3663|1|0|ADEL_B14|XA10TEX|300.941125497|640|0|1|1|0|0|-1744|4008|-1752|4016|826|825|1
W|3682|1|0|ADEL_B14|XA10TEX|48|512|0|1|1|-16|0|-864|3992|-944|3992|829|828|1
W|3681|1|0|ADEL_B14|XA10TEX|128|512|0|1|1|0|0|-944|3992|-952|4000|829|828|1
W|3688|1|0|ADEL_B14|XA10TEX|139.313708499|512|0|1|1|11|0|-952|4000|-952|4368|829|828|1
W|3687|1|0|ADEL_B14|XA10TEX|507.313708499|512|0|1|1|59|0|-952|4368|-944|4376|829|828|1
W|3686|1|0|ADEL_B14|XA10TEX|6.627416998|512|0|1|1|6|0|-944|4376|-864|4376|829|828|1
W|3685|1|0|ADEL_B14|XA10TEX|86.627416998|512|0|1|1|22|0|-864|4376|-856|4368|829|828|1
W|3684|1|0|ADEL_B14|XA10TEX|97.941125497|512|0|1|1|33|0|-856|4368|-856|4000|829|828|1
W|3683|1|0|ADEL_B14|XA10TEX|465.941125497|512|0|1|1|17|0|-856|4000|-864|3992|829|828|1
W|3690|1|0|ADEL_B14|XA10TEX|11|512|0|1|1|11|0|-944|4008|-944|4360|830|829|1
W|3689|1|0|ADEL_B14|XA10TEX|363|512|0|1|1|43|0|-944|4360|-936|4368|830|829|1
W|3696|1|0|ADEL_B14|XA10TEX|374.313708499|512|0|1|1|54|0|-936|4368|-872|4368|830|829|1
W|3695|1|0|ADEL_B14|XA10TEX|438.313708499|512|0|1|1|54|0|-872|4368|-864|4360|830|829|1
W|3694|1|0|ADEL_B14|XA10TEX|449.627416998|512|0|1|1|1|0|-864|4360|-864|4008|830|829|1
W|3693|1|0|ADEL_B14|XA10TEX|289.627416998|512|0|1|1|33|0|-864|4008|-872|4000|830|829|1
W|3692|1|0|ADEL_B14|XA10TEX|300.941125497|512|0|1|1|0|0|-872|4000|-936|4000|830|829|1
W|3691|1|0|ADEL_B14|XA10TEX|364.941125497|512|0|1|1|0|0|-936|4000|-944|4008|830|829|1
W|3698|1|0|ADEL_B14|XA10TEX|11|640|0|1|1|11|0|-936|4016|-936|4352|831|830|1
W|3697|1|0|ADEL_B14|XA10TEX|347|640|0|1|1|27|0|-936|4352|-928|4360|831|830|1
W|3704|1|0|ADEL_B14|XA10TEX|358.313708499|640|0|1|1|38|0|-928|4360|-880|4360|831|830|1
W|3703|1|0|ADEL_B14|XA10TEX|406.313708499|640|0|1|1|22|0|-880|4360|-872|4352|831|830|1
W|3702|1|0|ADEL_B14|XA10TEX|417.627416998|640|0|1|1|33|0|-872|4352|-872|4016|831|830|1
W|3701|1|0|ADEL_B14|XA10TEX|241.627416998|640|0|1|1|49|0|-872|4016|-880|4008|831|830|1
W|3700|1|0|ADEL_B14|XA10TEX|252.941125497|640|0|1|1|-48|0|-880|4008|-928|4008|831|830|1
W|3699|1|0|ADEL_B14|XA10TEX|300.941125497|640|0|1|1|0|0|-928|4008|-936|4016|831|830|1
W|443|0|2|ADEL_F48|XA18TEX|0|768|0|1|1|0|0|1600|5776|1568|5760|85|68|1
W|2471|1|0|ADEL_F48|XA18TEX|32|512|0|1|1|-32|0|-1311|3744|-1313|3744|525|530|1
W|2467|1|0|ADEL_F48|XA18TEX|34|512|0|1|1|-30|0|-1313|3744|-1376|3744|525|527|1
W|2465|1|0|ADEL_F48|XA18TEX|97|512|0|1|1|-31|0|-1376|3744|-1408|3744|525|524|1
W|2508|0|1|ADEL_F48|XA18TEX|129|512|0|1|1|-63|0|-1408|3744|-1408|3760|525|-1|1
W|2538|1|0|ADEL_F48|XA18TEX|145|512|0|1|1|-47|0|-1408|3760|-1408|3776|525|543|1
W|2538|1|2|ADEL_F48|XA18TEX|145|512|0|1|1|-47|0|-1408|3760|-1408|3776|525|543|1
W|2536|1|0|ADEL_F48|XA18TEX|161|512|0|1|1|-31|0|-1408|3776|-1408|3799|525|554|1
W|2536|1|2|ADEL_F48|XA18TEX|161|512|0|1|1|-31|0|-1408|3776|-1408|3799|525|554|1
W|2539|1|0|ADEL_F48|XA18TEX|184|512|0|1|1|-8|0|-1408|3799|-1408|3801|525|545|1
W|2539|1|2|ADEL_F48|XA18TEX|184|512|0|1|1|-8|0|-1408|3799|-1408|3801|525|545|1
W|2533|1|0|ADEL_F48|XA18TEX|186|512|0|1|1|-6|0|-1408|3801|-1408|3824|525|544|1
W|2533|1|2|ADEL_F48|XA18TEX|186|512|0|1|1|-6|0|-1408|3801|-1408|3824|525|544|1
W|2520|1|0|ADEL_F48|XA18TEX|209|512|0|1|1|-47|0|-1408|3824|-1408|3840|525|542|1
W|2520|1|2|ADEL_F48|XA18TEX|209|512|0|1|1|-47|0|-1408|3824|-1408|3840|525|542|1
W|2559|0|1|ADEL_F48|XA18TEX|225|512|0|1|1|-31|0|-1408|3840|-1408|3856|525|-1|1
W|2510|0|1|ADEL_F48|XA18TEX|241|512|0|1|1|-15|0|-1408|3856|-1392|3872|525|-1|1
W|2511|0|1|ADEL_F48|XA18TEX|263.627416998|512|0|1|1|-56|0|-1392|3872|-1352|3872|525|-1|1
W|2091|1|0|ADEL_F48|XA18TEX|303.627416998|512|0|1|1|-16|0|-1352|3872|-1336|3872|525|573|1
W|2091|1|2|ADEL_F48|XA18TEX|303.627416998|512|0|1|1|-16|0|-1352|3872|-1336|3872|525|573|1
W|2120|1|0|ADEL_F48|XA18TEX|319.627416998|512|0|1|1|0|0|-1336|3872|-1313|3872|525|521|1
W|2120|1|2|ADEL_F48|XA18TEX|319.627416998|512|0|1|1|0|0|-1336|3872|-1313|3872|525|521|1
W|2130|1|0|ADEL_F48|XA18TEX|342.627416998|512|0|1|1|-41|0|-1313|3872|-1311|3872|525|575|1
W|2130|1|2|ADEL_F48|XA18TEX|342.627416998|512|0|1|1|-41|0|-1313|3872|-1311|3872|525|575|1
W|2122|1|0|ADEL_F48|XA18TEX|344.627416998|512|0|1|1|-39|0|-1311|3872|-1288|3872|525|574|1
W|2122|1|2|ADEL_F48|XA18TEX|344.627416998|512|0|1|1|-39|0|-1311|3872|-1288|3872|525|574|1
W|2610|1|0|ADEL_F48|XA18TEX|367.627416998|512|0|1|1|-16|0|-1288|3872|-1272|3872|525|572|1
W|2610|1|2|ADEL_F48|XA18TEX|367.627416998|512|0|1|1|-16|0|-1288|3872|-1272|3872|525|572|1
W|2476|0|1|ADEL_F48|XA18TEX|383.627416998|512|0|1|1|0|0|-1272|3872|-1232|3872|525|-1|1
W|2512|0|1|ADEL_F48|XA18TEX|7.627416998|512|0|1|1|-24|0|-1232|3872|-1216|3856|525|-1|1
W|2509|0|1|ADEL_F48|XA18TEX|30.254833996|512|0|1|1|-1|0|-1216|3856|-1216|3839|525|-1|1
W|2581|1|0|ADEL_F48|XA18TEX|47.254833996|512|0|1|1|-48|0|-1216|3839|-1216|3823|525|558|1
W|2581|1|2|ADEL_F48|XA18TEX|47.254833996|512|0|1|1|-48|0|-1216|3839|-1216|3823|525|558|1
W|2579|1|0|ADEL_F48|XA18TEX|63.254833996|512|0|1|1|-32|0|-1216|3823|-1216|3800|525|569|1
W|2579|1|2|ADEL_F48|XA18TEX|63.254833996|512|0|1|1|-32|0|-1216|3823|-1216|3800|525|569|1
W|2582|1|0|ADEL_F48|XA18TEX|86.254833996|512|0|1|1|-9|0|-1216|3800|-1216|3798|525|560|1
W|2582|1|2|ADEL_F48|XA18TEX|86.254833996|512|0|1|1|-9|0|-1216|3800|-1216|3798|525|560|1
W|2576|1|0|ADEL_F48|XA18TEX|88.254833996|512|0|1|1|-7|0|-1216|3798|-1216|3775|525|559|1
W|2576|1|2|ADEL_F48|XA18TEX|88.254833996|512|0|1|1|-7|0|-1216|3798|-1216|3775|525|559|1
W|2563|1|0|ADEL_F48|XA18TEX|111.254833996|512|0|1|1|16|0|-1216|3775|-1216|3759|525|557|1
W|2563|1|2|ADEL_F48|XA18TEX|111.254833996|512|0|1|1|16|0|-1216|3775|-1216|3759|525|557|1
W|2602|0|1|ADEL_F48|XA18TEX|127.254833996|512|0|1|1|-14|0|-1216|3759|-1216|3744|525|-1|1
W|2468|1|0|ADEL_F48|XA18TEX|142.254833996|512|0|1|1|-63|0|-1216|3744|-1248|3744|525|523|1
W|2472|1|0|ADEL_F48|XA18TEX|174.254833996|512|0|1|1|-31|0|-1248|3744|-1311|3744|525|531|1
W|2489|1|0|ADEL_F48|XA18TEX|63|512|0|1|1|63|-32|-1311|3744|-1311|3736|530|531|1
W|3544|1|2|ADEL_F48|XA18TEX|0|256|0|1|1|0|0|-1088|4032|-1128|4032|685|625|1
W|3595|1|2|ADEL_F48|XA18TEX|40|256|0|1|1|0|0|-1128|4032|-1216|4032|685|795|1
W|3548|1|2|ADEL_F48|XA18TEX|0|256|0|1|1|0|0|-1408|4032|-1496|4032|640|794|1
W|2852|1|2|ADEL_F48|XA18TEX|88|256|0|1|1|0|0|-1496|4032|-1536|4032|640|624|1
W|1778|0|1|ADEL_M02|XA14TEX|56|384|0|1|1|-8|0|-640|7528|-632|7528|437|-1|1
W|1777|0|1|ADEL_M02|XA14TEX|64|384|0|1|1|0|8|-632|7528|-624|7528|427|-1|1
W|1803|0|1|ADEL_M02|XA14TEX|58|384|0|1|1|-6|8|-496|7528|-488|7528|433|-1|1
W|1772|0|1|ADEL_M02|XA14TEX|66|384|0|1|1|-62|0|-488|7528|-448|7528|437|-1|1
W|1291|0|0|ADEL_M02|XA14TEX|106|384|0|1|1|-62|0|-448|7528|-344|7528|437|422|1
W|1291|0|2|ADEL_M02|XA14TEX|106|384|0|1|1|-62|0|-448|7528|-344|7528|437|422|1
W|1802|0|0|ADEL_M02|XA14TEX|210|384|0|1|1|18|0|-344|7528|-344|7424|437|422|1
W|1802|0|2|ADEL_M02|XA14TEX|210|384|0|1|1|18|0|-344|7528|-344|7424|437|422|1
W|1284|0|1|ADEL_M02|XA14TEX|314|384|0|1|1|18|0|-344|7424|-344|7384|437|-1|1
W|1762|0|1|ADEL_M02|XA14TEX|354|384|0|1|1|34|8|-344|7384|-344|7376|431|-1|1
W|26|0|1|ICEY|XA00TEX|0|768|0|1|1|0|0|3680|8032|3904|7808|334|-1|1
W|32|0|1|ICEY|XA00TEX|316.783837972|768|0|1|1|0|0|3904|7808|3904|7552|334|-1|1
W|465|0|1|ICEY|XA00TEX|60.783837972|768|0|1|1|0|0|3904|7552|3904|2496|333|-1|1
W|25|0|1|ICEY|XA00TEX|508.783837972|768|0|1|1|0|0|3904|2496|-4480|2496|333|-1|1
W|33|0|1|ICEY|XA00TEX|188.783837972|768|0|1|1|0|0|-4480|2496|-4480|7936|333|-1|1
W|3|0|1|ICEY|XA00TEX|0|128|0|1|1|0|0|-2432|9344|-2432|9984|0|-1|1
W|0|0|1|ICEY|XA00TEX|128|128|0|1|1|0|0|-2432|9984|-1792|9984|0|-1|1
W|1|0|1|ICEY|XA00TEX|256|128|0|1|1|0|0|-1792|9984|-1792|9344|0|-1|1
W|2|0|1|ICEY|XA00TEX|384|128|0|1|1|0|0|-1792|9344|-2432|9344|0|-1|1
W|26|0|2|IKWALL44|XA01TEX|0|768|0|1|1|0|0|3680|8032|3904|7808|334|-1|1
W|32|0|2|IKWALL44|XA01TEX|316.783837972|768|0|1|1|0|0|3904|7808|3904|7552|334|-1|1
W|465|0|2|IKWALL44|XA01TEX|60.783837972|768|0|1|1|0|0|3904|7552|3904|2496|333|-1|1
W|25|0|2|IKWALL44|XA01TEX|508.783837972|768|0|1|1|0|0|3904|2496|-4480|2496|333|-1|1
W|33|0|2|IKWALL44|XA01TEX|188.783837972|768|0|1|1|0|0|-4480|2496|-4480|7936|333|-1|1
W|44|0|2|IKWALL44|XA01TEX|0|768|0|1|1|0|0|1568|6336|1600|6336|77|470|1
W|48|1|2|IKWALL44|XA01TEX|0|512|0|1|1|0|0|-768|7680|-1024|7680|3|6|1
W|55|0|2|IKWALL44|XA01TEX|0|512|0|1|1|0|0|-1088|8064|-832|8064|3|4|1
W|55|1|2|IKWALL44|XA01TEX|0|256|0|1|1|0|0|-832|8064|-1088|8064|4|3|1
W|57|1|2|IKWALL44|XA01TEX|0|640|0|1|1|0|0|-384|8576|-896|8576|5|4|1
W|457|1|2|IKWALL44|XA01TEX|0|768|0|1|1|0|0|1600|5248|1616|5136|446|97|1
W|498|1|2|IKWALL44|XA01TEX|113.13708499|768|0|1|1|0|0|1616|5136|1632|5088|446|97|1
W|986|0|1|IKWALL44|XB01TEX|0|768|1|1|1|0|0|-256|4960|-192|4960|257|263|1
W|993|0|1|IKWALL44|XB01TEX|0|768|1|1|1|0|0|-288|5056|-288|4992|259|263|1
W|999|0|1|IKWALL44|XB01TEX|0|768|1|1|1|0|0|-192|5088|-256|5088|261|263|1
W|1005|0|1|IKWALL44|XB01TEX|0|768|1|1|1|0|0|-160|4992|-160|5056|264|263|1
W|1034|0|1|IKWALL44|XB01TEX|0|768|1|1|1|0|0|-2432|3168|-2368|3168|275|281|1
W|1041|0|1|IKWALL44|XB01TEX|0|768|1|1|1|0|0|-2464|3264|-2464|3200|277|281|1
W|1047|0|1|IKWALL44|XB01TEX|0|768|1|1|1|0|0|-2368|3296|-2432|3296|279|281|1
W|1053|0|1|IKWALL44|XB01TEX|0|768|1|1|1|0|0|-2336|3200|-2336|3264|282|281|1
W|1523|0|1|IKWALL44|XA01TEX|0|0|0|1|1|0|0|-2655|7510|-2608|7483|365|-1|1
W|1526|0|1|IKWALL44|XA01TEX|0|0|0|1|1|0|0|-2608|7483|-2656|7456|365|-1|1
W|1527|0|1|IKWALL44|XA01TEX|0|0|0|1|1|0|0|-2656|7456|-2655|7510|365|-1|1
W|1956|1|0|IKWALL44|XA01TEX|0|384|0|1|1|0|0|576|7104|480|7056|472|470|1
W|1968|1|0|IKWALL44|XA01TEX|0|384|0|1|1|0|0|480|7056|368|7072|336|313|1
W|2163|1|0|IKWALL44|XA01TEX|113.13708499|384|0|1|1|0|0|368|7072|288|7072|336|313|1
W|2162|1|2|IKWALL44|XA01TEX|0|384|0|1|1|0|0|304|7104|288|7072|305|336|1
W|2164|0|2|IKWALL44|XA01TEX|0|384|0|1|1|0|0|480|7056|432|7104|472|336|1
W|1525|0|1|IKWALL44|XA01TEX|0|-128|0|1|1|0|0|-2704|7483|-2752|7456|892|-1|1
W|1524|0|1|IKWALL44|XA01TEX|55.072679252|-128|0|1|1|0|0|-2752|7456|-2751|7510|892|-1|1
W|3955|0|1|IKWALL44|XA01TEX|109.081937718|-128|0|1|1|0|0|-2751|7510|-2704|7483|892|-1|1
W|2377|0|2|QFLAT07|XA04TEX|0|128|0|1|1|0|0|-1216|4736|-1312|4640|509|359|1
W|2378|0|2|QFLAT07|XA04TEX|135.764501988|128|0|1|1|0|0|-1312|4640|-1376|4640|509|359|1
W|2379|0|2|QFLAT07|XA04TEX|199.764501988|128|0|1|1|0|0|-1376|4640|-1472|4672|509|359|1
W|2380|0|2|QFLAT07|XA04TEX|300.957387113|128|0|1|1|0|0|-1472|4672|-1504|4704|509|359|1
W|2381|0|2|QFLAT07|XA04TEX|346.212221109|128|0|1|1|0|0|-1504|4704|-1632|4672|509|359|1
W|2382|0|2|QFLAT07|XA04TEX|478.151601129|128|0|1|1|0|0|-1632|4672|-1696|4640|509|359|1
W|2383|0|2|QFLAT07|XA04TEX|37.705776409|128|0|1|1|0|0|-1696|4640|-1760|4672|509|359|1
W|2384|0|2|QFLAT07|XA04TEX|109.259951689|128|0|1|1|0|0|-1760|4672|-1760|4704|509|359|1
W|2368|0|2|QFLAT07|XA04TEX|141.259951689|128|0|1|1|0|0|-1760|4704|-1696|4768|509|359|1
W|2369|0|2|QFLAT07|XA04TEX|231.769619681|128|0|1|1|0|0|-1696|4768|-1632|4800|509|359|1
W|2370|0|2|QFLAT07|XA04TEX|303.323794961|128|0|1|1|0|0|-1632|4800|-1568|4800|509|359|1
W|2371|0|2|QFLAT07|XA04TEX|367.323794961|128|0|1|1|0|0|-1568|4800|-1536|4768|509|359|1
W|2372|0|2|QFLAT07|XA04TEX|412.578628957|128|0|1|1|0|0|-1536|4768|-1472|4768|509|359|1
W|2373|0|2|QFLAT07|XA04TEX|476.578628957|128|0|1|1|0|0|-1472|4768|-1408|4800|509|359|1
W|2374|0|2|QFLAT07|XA04TEX|36.132804237|128|0|1|1|0|0|-1408|4800|-1312|4800|509|359|1
W|2375|0|2|QFLAT07|XA04TEX|132.132804237|128|0|1|1|0|0|-1312|4800|-1248|4768|509|359|1
W|2376|0|2|QFLAT07|XA04TEX|203.686979517|128|0|1|1|0|0|-1248|4768|-1216|4736|509|359|1
W|2376|1|2|QFLAT07|XA04TEX|0|768|0|1|1|0|0|-1216|4736|-1248|4768|359|509|1
W|2375|1|2|QFLAT07|XA04TEX|45.254833996|768|0|1|1|0|0|-1248|4768|-1312|4800|359|509|1
W|2374|1|2|QFLAT07|XA04TEX|116.809009276|768|0|1|1|0|0|-1312|4800|-1408|4800|359|509|1
W|2373|1|2|QFLAT07|XA04TEX|212.809009276|768|0|1|1|0|0|-1408|4800|-1472|4768|359|509|1
W|2372|1|2|QFLAT07|XA04TEX|284.363184556|768|0|1|1|0|0|-1472|4768|-1536|4768|359|509|1
W|2371|1|2|QFLAT07|XA04TEX|348.363184556|768|0|1|1|0|0|-1536|4768|-1568|4800|359|509|1
W|2370|1|2|QFLAT07|XA04TEX|393.618018552|768|0|1|1|0|0|-1568|4800|-1632|4800|359|509|1
W|2369|1|2|QFLAT07|XA04TEX|457.618018552|768|0|1|1|0|0|-1632|4800|-1696|4768|359|509|1
W|2368|1|2|QFLAT07|XA04TEX|17.172193832|768|0|1|1|0|0|-1696|4768|-1760|4704|359|509|1
W|2384|1|2|QFLAT07|XA04TEX|107.681861824|768|0|1|1|0|0|-1760|4704|-1760|4672|359|509|1
W|2383|1|2|QFLAT07|XA04TEX|139.681861824|768|0|1|1|0|0|-1760|4672|-1696|4640|359|509|1
W|2382|1|2|QFLAT07|XA04TEX|211.236037104|768|0|1|1|0|0|-1696|4640|-1632|4672|359|509|1
W|2381|1|2|QFLAT07|XA04TEX|282.790212384|768|0|1|1|0|0|-1632|4672|-1504|4704|359|509|1
W|2380|1|2|QFLAT07|XA04TEX|414.729592403|768|0|1|1|0|0|-1504|4704|-1472|4672|359|509|1
W|2379|1|2|QFLAT07|XA04TEX|459.984426399|768|0|1|1|0|0|-1472|4672|-1376|4640|359|509|1
W|2378|1|2|QFLAT07|XA04TEX|49.177311525|768|0|1|1|0|0|-1376|4640|-1312|4640|359|509|1
W|2377|1|2|QFLAT07|XA04TEX|113.177311525|768|0|1|1|0|0|-1312|4640|-1216|4736|359|509|1
W|2389|0|2|QFLAT07|XA04TEX|0|128|0|1|1|0|0|-832|4672|-896|4640|510|359|1
W|2390|0|2|QFLAT07|XA04TEX|71.55417528|128|0|1|1|0|0|-896|4640|-1024|4640|510|359|1
W|2391|0|2|QFLAT07|XA04TEX|199.55417528|128|0|1|1|0|0|-1024|4640|-1152|4672|510|359|1
W|2392|0|2|QFLAT07|XA04TEX|331.4935553|128|0|1|1|0|0|-1152|4672|-1216|4704|510|359|1
W|2385|0|2|QFLAT07|XA04TEX|403.04773058|128|0|1|1|0|0|-1216|4704|-1184|4736|510|359|1
W|2386|0|2|QFLAT07|XA04TEX|448.302564576|128|0|1|1|0|0|-1184|4736|-1088|4704|510|359|1
W|2387|0|2|QFLAT07|XA04TEX|37.495449701|128|0|1|1|0|0|-1088|4704|-896|4736|510|359|1
W|2388|0|2|QFLAT07|XA04TEX|232.143850671|128|0|1|1|0|0|-896|4736|-832|4672|510|359|1
W|2388|1|2|QFLAT07|XA04TEX|0|768|0|1|1|0|0|-832|4672|-896|4736|359|510|1
W|2387|1|2|QFLAT07|XA04TEX|90.509667992|768|0|1|1|0|0|-896|4736|-1088|4704|359|510|1
W|2386|1|2|QFLAT07|XA04TEX|285.158068961|768|0|1|1|0|0|-1088|4704|-1184|4736|359|510|1
W|2385|1|2|QFLAT07|XA04TEX|386.350954087|768|0|1|1|0|0|-1184|4736|-1216|4704|359|510|1
W|2392|1|2|QFLAT07|XA04TEX|431.605788083|768|0|1|1|0|0|-1216|4704|-1152|4672|359|510|1
W|2391|1|2|QFLAT07|XA04TEX|503.159963363|768|0|1|1|0|0|-1152|4672|-1024|4640|359|510|1
W|2390|1|2|QFLAT07|XA04TEX|123.099343383|768|0|1|1|0|0|-1024|4640|-896|4640|359|510|1
W|2389|1|2|QFLAT07|XA04TEX|251.099343383|768|0|1|1|0|0|-896|4640|-832|4672|359|510|1
W|2396|0|2|QFLAT07|XA04TEX|0|128|0|1|1|0|0|-704|3520|-704|3456|511|489|1
W|2397|0|2|QFLAT07|XA04TEX|64|128|0|1|1|0|0|-704|3456|-736|3424|511|489|1
W|2398|0|2|QFLAT07|XA04TEX|109.254833996|128|0|1|1|0|0|-736|3424|-800|3424|511|489|1
W|2399|0|2|QFLAT07|XA04TEX|173.254833996|128|0|1|1|0|0|-800|3424|-896|3456|511|489|1
W|2400|0|2|QFLAT07|XA04TEX|274.447719121|128|0|1|1|0|0|-896|3456|-1024|3456|511|489|1
W|2401|0|2|QFLAT07|XA04TEX|402.447719121|128|0|1|1|0|0|-1024|3456|-1056|3520|511|489|1
W|2393|0|2|QFLAT07|XA04TEX|474.001894401|128|0|1|1|0|0|-1056|3520|-960|3584|511|489|1
W|2394|0|2|QFLAT07|XA04TEX|77.379535216|128|0|1|1|0|0|-960|3584|-832|3520|511|489|1
W|2395|0|2|QFLAT07|XA04TEX|220.487885776|128|0|1|1|0|0|-832|3520|-704|3520|511|489|1
W|2395|1|2|QFLAT07|XA04TEX|0|768|0|1|1|0|0|-704|3520|-832|3520|489|511|1
W|2394|1|2|QFLAT07|XA04TEX|128|768|0|1|1|0|0|-832|3520|-960|3584|489|511|1
W|2393|1|2|QFLAT07|XA04TEX|271.10835056|768|0|1|1|0|0|-960|3584|-1056|3520|489|511|1
W|2401|1|2|QFLAT07|XA04TEX|386.485991375|768|0|1|1|0|0|-1056|3520|-1024|3456|489|511|1
W|2400|1|2|QFLAT07|XA04TEX|458.040166655|768|0|1|1|0|0|-1024|3456|-896|3456|489|511|1
W|2399|1|2|QFLAT07|XA04TEX|74.040166655|768|0|1|1|0|0|-896|3456|-800|3424|489|511|1
W|2398|1|2|QFLAT07|XA04TEX|175.23305178|768|0|1|1|0|0|-800|3424|-736|3424|489|511|1
W|2397|1|2|QFLAT07|XA04TEX|239.23305178|768|0|1|1|0|0|-736|3424|-704|3456|489|511|1
W|2396|1|2|QFLAT07|XA04TEX|284.487885776|768|0|1|1|0|0|-704|3456|-704|3520|489|511|1
W|2402|0|2|QFLAT07|XA04TEX|0|128|0|1|1|0|0|-1952|3552|-1920|3584|512|489|1
W|2403|0|2|QFLAT07|XA04TEX|45.254833996|128|0|1|1|0|0|-1920|3584|-1792|3552|512|489|1
W|2404|0|2|QFLAT07|XA04TEX|177.194214016|128|0|1|1|0|0|-1792|3552|-1600|3584|512|489|1
W|2405|0|2|QFLAT07|XA04TEX|371.842614985|128|0|1|1|0|0|-1600|3584|-1504|3520|512|489|1
W|2406|0|2|QFLAT07|XA04TEX|487.2202558|128|0|1|1|0|0|-1504|3520|-1504|3456|512|489|1
W|2407|0|2|QFLAT07|XA04TEX|39.2202558|128|0|1|1|0|0|-1504|3456|-1600|3424|512|489|1
W|2408|0|2|QFLAT07|XA04TEX|140.413140925|128|0|1|1|0|0|-1600|3424|-1664|3424|512|489|1
W|2409|0|2|QFLAT07|XA04TEX|204.413140925|128|0|1|1|0|0|-1664|3424|-1792|3456|512|489|1
W|2410|0|2|QFLAT07|XA04TEX|336.352520945|128|0|1|1|0|0|-1792|3456|-1888|3456|512|489|1
W|2411|0|2|QFLAT07|XA04TEX|432.352520945|128|0|1|1|0|0|-1888|3456|-1952|3552|512|489|1
W|2411|1|2|QFLAT07|XA04TEX|0|768|0|1|1|0|0|-1952|3552|-1888|3456|489|512|1
W|2410|1|2|QFLAT07|XA04TEX|115.377640815|768|0|1|1|0|0|-1888|3456|-1792|3456|489|512|1
W|2409|1|2|QFLAT07|XA04TEX|211.377640815|768|0|1|1|0|0|-1792|3456|-1664|3424|489|512|1
W|2408|1|2|QFLAT07|XA04TEX|343.317020835|768|0|1|1|0|0|-1664|3424|-1600|3424|489|512|1
W|2407|1|2|QFLAT07|XA04TEX|407.317020835|768|0|1|1|0|0|-1600|3424|-1504|3456|489|512|1
W|2406|1|2|QFLAT07|XA04TEX|508.50990596|768|0|1|1|0|0|-1504|3456|-1504|3520|489|512|1
W|2405|1|2|QFLAT07|XA04TEX|60.50990596|768|0|1|1|0|0|-1504|3520|-1600|3584|489|512|1
W|2404|1|2|QFLAT07|XA04TEX|175.887546775|768|0|1|1|0|0|-1600|3584|-1792|3552|489|512|1
W|2403|1|2|QFLAT07|XA04TEX|370.535947744|768|0|1|1|0|0|-1792|3552|-1920|3584|489|512|1
W|2402|1|2|QFLAT07|XA04TEX|502.475327764|768|0|1|1|0|0|-1920|3584|-1952|3552|489|512|1
W|2422|0|2|QFLAT07|XA04TEX|0|768|0|1|1|0|0|-416|4544|-480|4544|359|513|1
W|2423|0|2|QFLAT07|XA04TEX|64|768|0|1|1|0|0|-480|4544|-544|4544|359|513|1
W|2424|0|2|QFLAT07|XA04TEX|128|768|0|1|1|0|0|-544|4544|-576|4512|359|513|1
W|2425|0|2|QFLAT07|XA04TEX|173.254833996|768|0|1|1|0|0|-576|4512|-576|4480|359|513|1
W|2412|0|2|QFLAT07|XA04TEX|205.254833996|768|0|1|1|0|0|-576|4480|-480|4480|359|513|1
W|2413|0|2|QFLAT07|XA04TEX|301.254833996|768|0|1|1|0|0|-480|4480|-480|4416|359|513|1
W|2414|0|2|QFLAT07|XA04TEX|365.254833996|768|0|1|1|0|0|-480|4416|-544|4352|359|513|1
W|2415|0|2|QFLAT07|XA04TEX|455.764501988|768|0|1|1|0|0|-544|4352|-608|4352|359|513|1
W|2416|0|2|QFLAT07|XA04TEX|7.764501988|768|0|1|1|0|0|-608|4352|-608|4288|359|513|1
W|2417|0|2|QFLAT07|XA04TEX|71.764501988|768|0|1|1|0|0|-608|4288|-512|4256|359|513|1
W|2418|0|2|QFLAT07|XA04TEX|172.957387113|768|0|1|1|0|0|-512|4256|-448|4288|359|513|1
W|2419|0|2|QFLAT07|XA04TEX|244.511562393|768|0|1|1|0|0|-448|4288|-448|4352|359|513|1
W|2420|0|2|QFLAT07|XA04TEX|308.511562393|768|0|1|1|0|0|-448|4352|-416|4448|359|513|1
W|2421|0|2|QFLAT07|XA04TEX|409.704447519|768|0|1|1|0|0|-416|4448|-416|4544|359|513|1
W|2415|1|2|QFLAT07|XA04TEX|0|128|0|1|1|0|0|-608|4352|-544|4352|513|359|1
W|2414|1|2|QFLAT07|XA04TEX|64|128|0|1|1|0|0|-544|4352|-480|4416|513|359|1
W|2413|1|2|QFLAT07|XA04TEX|154.509667992|128|0|1|1|0|0|-480|4416|-480|4480|513|359|1
W|2412|1|2|QFLAT07|XA04TEX|218.509667992|128|0|1|1|0|0|-480|4480|-576|4480|513|359|1
W|2425|1|2|QFLAT07|XA04TEX|314.509667992|128|0|1|1|0|0|-576|4480|-576|4512|513|359|1
W|2424|1|2|QFLAT07|XA04TEX|346.509667992|128|0|1|1|0|0|-576|4512|-544|4544|513|359|1
W|2423|1|2|QFLAT07|XA04TEX|391.764501988|128|0|1|1|0|0|-544|4544|-480|4544|513|359|1
W|2422|1|2|QFLAT07|XA04TEX|455.764501988|128|0|1|1|0|0|-480|4544|-416|4544|513|359|1
W|2421|1|2|QFLAT07|XA04TEX|7.764501988|128|0|1|1|0|0|-416|4544|-416|4448|513|359|1
W|2420|1|2|QFLAT07|XA04TEX|103.764501988|128|0|1|1|0|0|-416|4448|-448|4352|513|359|1
W|2419|1|2|QFLAT07|XA04TEX|204.957387113|128|0|1|1|0|0|-448|4352|-448|4288|513|359|1
W|2418|1|2|QFLAT07|XA04TEX|268.957387113|128|0|1|1|0|0|-448|4288|-512|4256|513|359|1
W|2417|1|2|QFLAT07|XA04TEX|340.511562393|128|0|1|1|0|0|-512|4256|-608|4288|513|359|1
W|2416|1|2|QFLAT07|XA04TEX|441.704447519|128|0|1|1|0|0|-608|4288|-608|4352|513|359|1
W|2435|0|2|QFLAT07|XA04TEX|0|768|0|1|1|0|0|-512|4192|-544|4192|489|514|1
W|2426|0|2|QFLAT07|XA04TEX|32|768|0|1|1|0|0|-544|4192|-576|4128|489|514|1
W|2427|0|2|QFLAT07|XA04TEX|103.55417528|768|0|1|1|0|0|-576|4128|-544|4032|489|514|1
W|2428|0|2|QFLAT07|XA04TEX|204.747060405|768|0|1|1|0|0|-544|4032|-512|3936|489|514|1
W|2429|0|2|QFLAT07|XA04TEX|305.939945531|768|0|1|1|0|0|-512|3936|-448|3872|489|514|1
W|2430|0|2|QFLAT07|XA04TEX|396.449613523|768|0|1|1|0|0|-448|3872|-416|3904|489|514|1
W|2431|0|2|QFLAT07|XA04TEX|441.704447519|768|0|1|1|0|0|-416|3904|-416|4000|489|514|1
W|2432|0|2|QFLAT07|XA04TEX|25.704447519|768|0|1|1|0|0|-416|4000|-480|4064|489|514|1
W|2433|0|2|QFLAT07|XA04TEX|116.21411551|768|0|1|1|0|0|-480|4064|-512|4128|489|514|1
W|2434|0|2|QFLAT07|XA04TEX|187.76829079|768|0|1|1|0|0|-512|4128|-512|4192|489|514|1
W|2429|1|2|QFLAT07|XA04TEX|0|128|0|1|1|0|0|-448|3872|-512|3936|514|489|1
W|2428|1|2|QFLAT07|XA04TEX|90.509667992|128|0|1|1|0|0|-512|3936|-544|4032|514|489|1
W|2427|1|2|QFLAT07|XA04TEX|191.702553117|128|0|1|1|0|0|-544|4032|-576|4128|514|489|1
W|2426|1|2|QFLAT07|XA04TEX|292.895438243|128|0|1|1|0|0|-576|4128|-544|4192|514|489|1
W|2435|1|2|QFLAT07|XA04TEX|364.449613523|128|0|1|1|0|0|-544|4192|-512|4192|514|489|1
W|2434|1|2|QFLAT07|XA04TEX|396.449613523|128|0|1|1|0|0|-512|4192|-512|4128|514|489|1
W|2433|1|2|QFLAT07|XA04TEX|460.449613523|128|0|1|1|0|0|-512|4128|-480|4064|514|489|1
W|2432|1|2|QFLAT07|XA04TEX|20.003788803|128|0|1|1|0|0|-480|4064|-416|4000|514|489|1
W|2431|1|2|QFLAT07|XA04TEX|110.513456795|128|0|1|1|0|0|-416|4000|-416|3904|514|489|1
W|2430|1|2|QFLAT07|XA04TEX|206.513456795|128|0|1|1|0|0|-416|3904|-448|3872|514|489|1
W|2441|0|2|QFLAT07|XA04TEX|0|128|0|1|1|0|0|-2048|4608|-1984|4512|515|359|1
W|2442|0|2|QFLAT07|XA04TEX|115.377640815|128|0|1|1|0|0|-1984|4512|-2016|4384|515|359|1
W|2443|0|2|QFLAT07|XA04TEX|247.317020835|128|0|1|1|0|0|-2016|4384|-2080|4288|515|359|1
W|2444|0|2|QFLAT07|XA04TEX|362.694661649|128|0|1|1|0|0|-2080|4288|-2048|4224|515|359|1
W|2445|0|2|QFLAT07|XA04TEX|434.248836929|128|0|1|1|0|0|-2048|4224|-2048|4096|515|489|1
W|2446|0|2|QFLAT07|XA04TEX|50.248836929|128|0|1|1|0|0|-2048|4096|-2080|4064|515|489|1
W|2447|0|2|QFLAT07|XA04TEX|95.503670925|128|0|1|1|0|0|-2080|4064|-2144|4128|515|489|1
W|2436|0|2|QFLAT07|XA04TEX|186.013338917|128|0|1|1|0|0|-2144|4128|-2176|4224|515|489|1
W|2437|0|2|QFLAT07|XA04TEX|287.206224043|128|0|1|1|0|0|-2176|4224|-2144|4320|515|359|1
W|2438|0|2|QFLAT07|XA04TEX|388.399109168|128|0|1|1|0|0|-2144|4320|-2080|4448|515|359|1
W|2439|0|2|QFLAT07|XA04TEX|19.507459728|128|0|1|1|0|0|-2080|4448|-2112|4512|515|359|1
W|2440|0|2|QFLAT07|XA04TEX|91.061635008|128|0|1|1|0|0|-2112|4512|-2048|4608|515|359|1
W|2440|1|2|QFLAT07|XA04TEX|0|768|0|1|1|0|0|-2048|4608|-2112|4512|359|515|1
W|2439|1|2|QFLAT07|XA04TEX|115.377640815|768|0|1|1|0|0|-2112|4512|-2080|4448|359|515|1
W|2438|1|2|QFLAT07|XA04TEX|186.931816095|768|0|1|1|0|0|-2080|4448|-2144|4320|359|515|1
W|2437|1|2|QFLAT07|XA04TEX|330.040166655|768|0|1|1|0|0|-2144|4320|-2176|4224|359|515|1
W|2436|1|2|QFLAT07|XA04TEX|431.23305178|768|0|1|1|0|0|-2176|4224|-2144|4128|489|515|1
W|2447|1|2|QFLAT07|XA04TEX|20.425936906|768|0|1|1|0|0|-2144|4128|-2080|4064|489|515|1
W|2446|1|2|QFLAT07|XA04TEX|110.935604897|768|0|1|1|0|0|-2080|4064|-2048|4096|489|515|1
W|2445|1|2|QFLAT07|XA04TEX|156.190438893|768|0|1|1|0|0|-2048|4096|-2048|4224|489|515|1
W|2444|1|2|QFLAT07|XA04TEX|284.190438893|768|0|1|1|0|0|-2048|4224|-2080|4288|359|515|1
W|2443|1|2|QFLAT07|XA04TEX|355.744614173|768|0|1|1|0|0|-2080|4288|-2016|4384|359|515|1
W|2442|1|2|QFLAT07|XA04TEX|471.122254988|768|0|1|1|0|0|-2016|4384|-1984|4512|359|515|1
W|2441|1|2|QFLAT07|XA04TEX|91.061635008|768|0|1|1|0|0|-1984|4512|-2048|4608|359|515|1
W|14|0|1|QROCK3X8|QROCK3X8|43.486434371|512|0|1|1|171.486434371|192|-768|7680|-712|7512|6|-1|1
W|17|0|1|QROCK3X8|QROCK3X8|99.236037104|640|0|1|1|483.236037104|192|-1024|7680|-1080|8016|3|-1|1
W|533|0|1|QROCK3X8|QROCK3X8|439.870738801|640|0|1|1|823.8707388|192|-1080|8016|-1088|8064|3|-1|1
W|49|0|1|QROCK3X8|QROCK3X8|488.532839043|640|0|1|1|872.532839043|192|-1088|8064|-1024|8320|4|-1|1
W|16|0|1|QROCK3X8|QROCK3X8|752.411599083|640|0|1|1|112.411599082|192|-1024|8320|-896|8576|4|-1|1
W|18|0|1|QROCK3X8|QROCK3X8|69.019335984|512|0|1|1|197.019335984|192|-1152|7424|-1024|7680|6|-1|1
W|21|0|1|QROCK3X8|QROCK3X8|1.228694888|512|0|1|1|385.228694888|64|-2304|7040|-2240|7040|470|-1|1
W|24|0|1|QROCK3|QROCK3X8|23|512|0|1|1|23|0|-4480|7936|-4416|7936|891|-1|1
W|29|0|1|QROCK3X8|QROCK3X8|120.35999145|512|0|1|1|248.35999145|64|1792|6784|2048|6912|98|-1|1
W|28|0|1|QROCK3X8|QROCK3X8|406.57669257|512|0|1|1|534.57669257|64|2048|6912|2304|7296|98|-1|1
W|27|0|1|QROCK3X8|QROCK3X8|868.087255829|512|0|1|1|996.087255829|64|2304|7296|2880|7680|98|-1|1
W|31|0|1|QROCK3X8|QROCK3X8|536.353100718|512|0|1|1|664.353100718|64|2880|7680|3360|7744|98|-1|1
W|1989|0|1|QROCK3X8|QROCK3X8|1020.600971132|512|0|1|1|124.600971132|64|3360|7744|3680|8032|98|-1|1
W|2021|1|2|QROCK3X8|QROCK3X8|427.116940638|512|0|1|1|555.116940638|645|3680|8032|3872|7808|98|334|1
W|2129|1|2|QROCK3X8|QROCK3X8|722.142363272|512|0|1|1|850.142363271|645|3872|7808|3872|7540.148|98|334|1
W|2097|1|2|QROCK3|QROCK3X8|989.994363272|512|0|1|1|3|-8|3872|7540.148|3872|2528|1|333|1
W|2096|1|2|QROCK3|QROCK3X8|882.142363272|512|0|1|1|23|-8|3872|2528|-4448|2528|1|333|1
W|3954|1|2|QROCK3|QROCK3X8|1010.142363272|512|0|1|1|23|-8|-4448|2528|-4448|7904|1|333|1
W|3953|1|2|QROCK3|QROCK3X8|242.142363272|512|0|1|1|23|-8|-4448|7904|-4416|7904|1|333|1
W|3952|1|2|QROCK3X8|QROCK3X8|274.142363272|512|0|1|1|0|645|-4416|7904|-4416|7936|99|891|1
W|34|0|1|QROCK3X8|QROCK3X8|32|512|0|1|1|32|64|-4416|7936|-3264|7744|99|-1|1
W|23|0|1|QROCK3X8|QROCK3X8|175.890405817|512|0|1|1|175.890405817|64|-3264|7744|-2688|7136|99|-1|1
W|22|0|1|QROCK3X8|QROCK3X8|1013.410554829|512|0|1|1|1013.410554829|64|-2688|7136|-2304|7040|99|-1|1
W|35|0|2|QROCK3|QROCK3X8|57|128|0|1|1|57|0|-2304|7040|-2240|6912|1|470|1
W|38|0|2|QROCK3|QROCK3X8|200.10835056|128|0|1|1|72|0|-2240|6912|-1984|6720|1|470|1
W|37|0|2|QROCK3|QROCK3X8|520.10835056|128|0|1|1|8|0|-1984|6720|-1568|6592|1|470|1
W|40|0|2|QROCK3|QROCK3X8|0|128|0|1|1|0|0|-1184|6592|-896|6784|1|470|1
W|41|0|2|QROCK3|QROCK3X8|346.132922445|128|0|1|1|0|0|-896|6784|-448|6720|1|470|1
W|42|0|2|QROCK3|QROCK3X8|798.681262404|128|0|1|1|0|0|-448|6720|-64|6592|1|470|1
W|47|0|2|QROCK3|QROCK3X8|179.452802905|128|0|1|1|0|0|-64|6592|512|6656|1|470|1
W|447|0|2|QROCK3|QROCK3X8|758.997451746|128|0|1|1|0|0|512|6656|1024|6592|1|470|1
W|46|0|2|QROCK3|QROCK3X8|250.981947637|128|0|1|1|0|0|1024|6592|1472|6464|1|470|1
W|45|0|2|QROCK3|QROCK3X8|716.908980551|128|0|1|1|0|0|1472|6464|1568|6336|1|470|1
W|43|0|2|QROCK3|QROCK3X8|73|128|0|1|1|-55|0|1824|6336|1920|6592|1|470|1
W|36|0|2|QROCK3|QROCK3X8|346.40811985|128|0|1|1|90|0|1920|6592|1792|6784|1|470|1
W|48|0|2|QROCK3|QROCK3X8|88|128|0|1|1|-40|0|-1024|7680|-768|7680|6|3|1
W|52|0|1|QROCK3X8|QROCK3X8|14.628300202|640|0|1|1|398.628300202|64|-896|8576|-704|8640|5|-1|1
W|53|0|1|QROCK3X8|QROCK3X8|217.014070453|640|0|1|1|601.014070453|64|-704|8640|-384|8640|5|-1|1
W|54|0|1|QROCK3X8|QROCK3X8|537.014070453|640|0|1|1|921.014070453|64|-384|8640|-384|8576|5|-1|1
W|56|0|1|QROCK3X8|QROCK3X8|89.014070453|640|0|1|1|985.014070453|192|-384|8576|-384|8384|4|-1|1
W|51|0|1|QROCK3X8|QROCK3X8|281.014070453|640|0|1|1|153.014070453|192|-384|8384|-768|8320|4|-1|1
W|15|0|1|QROCK3X8|QROCK3X8|670.310872392|640|0|1|1|542.310872392|192|-768|8320|-832|8064|4|-1|1
W|50|0|1|QROCK3X8|QROCK3X8|934.189632432|640|0|1|1|806.189632432|192|-832|8064|-824|8016|3|-1|1
W|534|0|1|QROCK3X8|QROCK3X8|982.851732674|640|0|1|1|854.851732674|192|-824|8016|-768|7680|3|-1|1
W|57|0|2|QROCK3|QROCK3X8|96|384|0|1|1|96|0|-896|8576|-384|8576|4|5|1
W|58|0|2|QROCK3|QROCK3X8|22|512|0|1|1|22|0|-1152|7424|-640|7296|436|6|1
W|73|0|2|QROCK3|QROCK3X8|0|128|0|1|1|0|0|-1568|5504|-1792|5504|1|9|1
W|74|0|2|QROCK3|QROCK3X8|224|128|0|1|1|0|0|-1792|5504|-2240|5504|1|9|1
W|75|0|2|QROCK3|QROCK3X8|672|128|0|1|1|0|0|-2240|5504|-2496|5376|1|9|1
W|76|0|2|QROCK3|QROCK3X8|958.21670112|128|0|1|1|0|0|-2496|5376|-2720|4960|1|9|1
W|77|0|2|QROCK3|QROCK3X8|406.691039047|128|0|1|1|0|0|-2720|4960|-2656|4448|1|9|1
W|78|0|2|QROCK3|QROCK3X8|922.675534939|128|0|1|1|0|0|-2656|4448|-2464|4192|1|9|1
W|418|0|2|QROCK3|QROCK3X8|36|128|0|1|1|36|0|2176|4672|2240|4928|1|443|1
W|419|0|2|QROCK3|QROCK3X8|299.87876004|128|0|1|1|44|0|2240|4928|2048|5120|1|443|1
W|420|0|2|QROCK3|QROCK3X8|571.407764015|128|0|1|1|60|0|2048|5120|1824|5248|1|444|1
W|421|0|2|QROCK3|QROCK3X8|0|128|0|1|1|0|0|1568|5248|1280|5184|1|446|1
W|422|0|2|QROCK3|QROCK3X8|295.025422633|128|0|1|1|39|0|1280|5184|1216|5024|1|446|1
W|495|0|2|QROCK3|QROCK3X8|467.350696462|128|0|1|1|39|0|1216|5024|1152|4864|1|96|1
W|423|0|2|QROCK3|QROCK3X8|639.67597029|128|0|1|1|0|0|1152|4864|1152|4544|1|96|1
W|424|0|2|QROCK3|QROCK3X8|959.67597029|128|0|1|1|64|0|1152|4544|1280|4288|1|96|1
W|425|0|2|QROCK3|QROCK3X8|221.89267141|128|0|1|1|94|0|1280|4288|1472|4224|1|96|1
W|426|0|2|QROCK3|QROCK3X8|424.278441661|128|0|1|1|40|0|1472|4224|1856|4288|1|96|1
W|427|0|2|QROCK3|QROCK3X8|813.5752436|128|0|1|1|45|0|1856|4288|2048|4480|1|96|1
W|428|0|2|QROCK3|QROCK3X8|61|0|0|1|1|61|0|2048|4480|2176|4672|1|445|1
W|445|0|2|QROCK3|QROCK3X8|0|128|0|1|1|0|0|-2464|3552|-2592|3296|1|108|1
W|565|0|2|QROCK3|QROCK3X8|286.21670112|128|0|1|1|0|0|-2592|3296|-2656|3168|1|108|1
W|446|0|2|QROCK3|QROCK3X8|429.32505168|128|0|1|1|0|0|-2656|3168|-2464|2784|1|108|1
W|80|0|2|QROCK3|QROCK3X8|858.65010336|128|0|1|1|0|0|-2464|2784|-2080|2656|1|108|1
W|541|0|2|QROCK3|QROCK3X8|239.421643861|128|0|1|1|0|0|-2080|2656|-1568|2912|1|108|1
W|540|0|2|QROCK3|QROCK3X8|811.855046101|128|0|1|1|0|0|-1568|2912|-1312|3168|1|108|1
W|449|0|2|QROCK3|QROCK3X8|0|128|0|1|1|0|0|1792|5248|1808|5168|97|444|1
W|458|0|2|QROCK3|QROCK3X8|81.584312217|128|0|1|1|0|0|1808|5168|1856|5088|97|444|1
W|1922|0|2|QROCK3|QROCK3X8|174.879542535|128|0|1|1|0|0|1856|5088|1859|5077|445|443|1
W|450|0|2|QROCK3|QROCK3X8|61|128|0|1|1|61|0|2048|4480|1956|4547|445|96|1
W|451|0|2|QROCK3|QROCK3X8|174.811247247|128|0|1|1|47|0|1956|4547|1874|4626|445|96|1
W|452|0|2|QROCK3|QROCK3X8|288.675201157|128|0|1|1|33|0|1874|4626|1802|4714|445|96|1
W|453|0|2|QROCK3|QROCK3X8|402.376564386|128|0|1|1|19|0|1802|4714|1742|4810|445|96|1
W|454|0|2|QROCK3|QROCK3X8|515.58433797|128|0|1|1|4|0|1742|4810|1694|4914|445|96|1
W|455|0|2|QROCK3|QROCK3X8|119|128|0|1|1|119|0|1694|4914|1659|5022|445|96|1
W|456|0|2|QROCK3|QROCK3X8|105|128|0|1|1|105|0|1659|5022|1632|5088|445|96|1
W|459|0|2|QROCK3|QROCK3X8|0|128|0|1|1|0|0|1859|5077|1891|4995|445|443|1
W|460|0|2|QROCK3|QROCK3X8|0|128|0|1|1|0|0|1891|4995|1892|4992|445|443|1
W|461|0|2|QROCK3|QROCK3X8|0|128|0|1|1|0|0|1932|4918|1982|4847|445|443|1
W|462|0|2|QROCK3|QROCK3X8|0|128|0|1|1|0|0|1982|4847|2040|4781|445|443|1
W|463|0|2|QROCK3|QROCK3X8|0|128|0|1|1|0|0|2040|4781|2104|4722|445|443|1
W|464|0|2|QROCK3|QROCK3X8|87.045964869|128|0|1|1|0|0|2104|4722|2176|4672|445|443|1
W|498|0|2|QROCK3|QROCK3X8|105|128|0|1|1|105|0|1632|5088|1616|5136|97|446|1
W|457|0|2|QROCK3|QROCK3X8|155.596442563|128|0|1|1|99|0|1616|5136|1600|5248|97|446|1
W|542|0|2|QROCK3|QROCK3X8|38|128|0|1|1|-90|0|-160|4064|-32|4192|1|9|1
W|537|0|2|QROCK3|QROCK3X8|219.019335984|128|0|1|1|-37|0|-32|4192|96|4576|1|9|1
W|536|0|2|QROCK3|QROCK3X8|623.790876485|128|0|1|1|-16|0|96|4576|-32|5216|1|9|1
W|69|0|2|QROCK3|QROCK3X8|252.465374225|128|0|1|1|-3|0|-32|5216|-384|5376|1|9|1
W|70|0|2|QROCK3|QROCK3X8|639.12284538|128|0|1|1|0|0|-384|5376|-768|5504|1|9|1
W|71|0|2|QROCK3|QROCK3X8|19.894385882|128|0|1|1|21|0|-768|5504|-1184|5504|1|9|1
W|702|1|2|QROCK3|QROCK3X8|0|128|0|1|1|0|0|-1984|5088|-1824|5088|229|9|1
W|1015|0|2|QROCK3|QROCK3X8|0|128|0|1|1|0|0|-1088|7232|-1088|7216|271|267|1
W|1025|0|2|QROCK3|QROCK3X8|16|128|0|1|1|0|0|-1088|7216|-1120|7232|271|436|1
W|1021|0|2|QROCK3|QROCK3X8|51.77708764|128|0|1|1|0|0|-1120|7232|-1120|7296|271|436|1
W|1029|0|2|QROCK3|QROCK3X8|115.77708764|128|0|1|1|0|0|-1120|7296|-1088|7312|271|436|1
W|1022|0|2|QROCK3|QROCK3X8|151.55417528|128|0|1|1|0|0|-1088|7312|-1088|7296|271|269|1
W|1015|1|2|QROCK3|QROCK3X8|0|512|0|1|1|0|0|-1088|7216|-1088|7232|267|271|1
W|1016|0|2|QROCK3|QROCK3X8|0|512|0|1|1|0|0|-1024|7232|-1024|7296|268|270|1
W|1017|0|2|QROCK3|QROCK3X8|0|128|0|1|1|0|0|-1088|7296|-1088|7232|271|270|1
W|1017|1|2|QROCK3|QROCK3X8|0|512|0|1|1|0|0|-1088|7232|-1088|7296|270|271|1
W|1018|0|2|QROCK3|QROCK3X8|0|128|0|1|1|0|0|-1024|7296|-1024|7312|268|269|1
W|1018|1|2|QROCK3|QROCK3X8|0|512|0|1|1|0|0|-1024|7312|-1024|7296|269|268|1
W|1019|0|2|QROCK3|QROCK3X8|0|512|0|1|1|0|0|-1024|7296|-1088|7296|269|270|1
W|1019|1|2|QROCK3|QROCK3X8|0|128|0|1|1|0|0|-1088|7296|-1024|7296|270|269|1
W|1016|1|2|QROCK3|QROCK3X8|64|128|0|1|1|0|0|-1024|7296|-1024|7232|270|268|1
W|1028|1|2|QROCK3|QROCK3X8|128|128|0|1|1|0|0|-1024|7232|-1088|7232|270|267|1
W|1020|0|2|QROCK3|QROCK3X8|0|128|0|1|1|0|0|-1024|7216|-1024|7232|268|267|1
W|1020|1|2|QROCK3|QROCK3X8|0|512|0|1|1|0|0|-1024|7232|-1024|7216|267|268|1
W|1022|1|2|QROCK3|QROCK3X8|0|512|0|1|1|0|0|-1088|7296|-1088|7312|269|271|1
W|1023|0|2|QROCK3|QROCK3X8|0|128|0|1|1|0|0|-992|7232|-1024|7216|268|436|1
W|1023|1|2|QROCK3|QROCK3X8|0|512|0|1|1|0|0|-1024|7216|-992|7232|436|268|1
W|1026|1|2|QROCK3|QROCK3X8|35.77708764|512|0|1|1|0|0|-992|7232|-992|7296|436|268|1
W|1030|1|2|QROCK3|QROCK3X8|99.77708764|512|0|1|1|0|0|-992|7296|-1024|7312|436|268|1
W|1024|0|2|QROCK3|QROCK3X8|0|512|0|1|1|0|0|-1024|7216|-1088|7216|267|436|1
W|1024|1|2|QROCK3|QROCK3X8|0|128|0|1|1|0|0|-1088|7216|-1024|7216|436|267|1
W|1026|0|2|QROCK3|QROCK3X8|0|512|0|1|1|0|0|-992|7296|-992|7232|268|436|1
W|1027|0|2|QROCK3|QROCK3X8|0|512|0|1|1|0|0|-1088|7312|-1024|7312|269|436|1
W|1027|1|2|QROCK3|QROCK3X8|0|128|0|1|1|0|0|-1024|7312|-1088|7312|436|269|1
W|1028|0|2|QROCK3|QROCK3X8|0|512|0|1|1|0|0|-1088|7232|-1024|7232|267|270|1
W|1029|1|2|QROCK3|QROCK3X8|0|512|0|1|1|0|0|-1088|7312|-1120|7296|436|271|1
W|1021|1|2|QROCK3|QROCK3X8|35.77708764|512|0|1|1|0|0|-1120|7296|-1120|7232|436|271|1
W|1025|1|2|QROCK3|QROCK3X8|99.77708764|512|0|1|1|0|0|-1120|7232|-1088|7216|436|271|1
W|1030|0|2|QROCK3|QROCK3X8|0|128|0|1|1|0|0|-1024|7312|-992|7296|268|436|1
W|1031|0|2|QROCK3|QROCK3X8|0|512|0|1|1|0|0|-896|6848|-832|6848|272|370|1
W|1073|0|2|QROCK3|QROCK3X8|0|512|0|1|1|0|0|-832|6848|-832|6912|274|370|1
W|1074|0|2|QROCK3|QROCK3X8|0|128|0|1|1|0|0|-896|6848|-896|6832|371|272|1
W|1556|0|2|QROCK3|QROCK3X8|16|128|0|1|1|0|0|-896|6832|-928|6848|371|470|1
W|1080|0|2|QROCK3|QROCK3X8|51.77708764|128|0|1|1|0|0|-928|6848|-928|6912|371|470|1
W|1565|0|2|QROCK3|QROCK3X8|115.77708764|128|0|1|1|0|0|-928|6912|-896|6928|371|470|1
W|1079|0|2|QROCK3|QROCK3X8|151.55417528|128|0|1|1|0|0|-896|6928|-896|6912|371|273|1
W|1074|1|2|QROCK3|QROCK3X8|0|512|0|1|1|0|0|-896|6832|-896|6848|272|371|1
W|1075|0|2|QROCK3|QROCK3X8|0|512|0|1|1|0|0|-832|6912|-896|6912|273|370|1
W|1075|1|2|QROCK3|QROCK3X8|0|128|0|1|1|0|0|-896|6912|-832|6912|370|273|1
W|1073|1|2|QROCK3|QROCK3X8|64|128|0|1|1|0|0|-832|6912|-832|6848|370|274|1
W|1031|1|2|QROCK3|QROCK3X8|128|128|0|1|1|0|0|-832|6848|-896|6848|370|272|1
W|1076|0|2|QROCK3|QROCK3X8|0|128|0|1|1|0|0|-832|6912|-832|6928|274|273|1
W|1076|1|2|QROCK3|QROCK3X8|0|512|0|1|1|0|0|-832|6928|-832|6912|273|274|1
W|1077|0|2|QROCK3|QROCK3X8|0|128|0|1|1|0|0|-896|6912|-896|6848|371|370|1
W|1077|1|2|QROCK3|QROCK3X8|0|512|0|1|1|0|0|-896|6848|-896|6912|370|371|1
W|1078|0|2|QROCK3|QROCK3X8|0|128|0|1|1|0|0|-832|6832|-832|6848|274|272|1
W|1078|1|2|QROCK3|QROCK3X8|0|512|0|1|1|0|0|-832|6848|-832|6832|272|274|1
W|1079|1|2|QROCK3|QROCK3X8|0|512|0|1|1|0|0|-896|6912|-896|6928|273|371|1
W|1094|1|2|QROCK3|QROCK3X8|0|128|0|1|1|0|0|-1352|5056|-1472|5056|493|284|1
W|1557|0|2|QROCK3|QROCK3X8|0|512|0|1|1|0|0|-832|6832|-896|6832|272|470|1
W|1557|1|2|QROCK3|QROCK3X8|0|128|0|1|1|0|0|-896|6832|-832|6832|470|272|1
W|1561|0|2|QROCK3|QROCK3X8|0|128|0|1|1|0|0|-800|6848|-832|6832|274|470|1
W|1561|1|2|QROCK3|QROCK3X8|0|512|0|1|1|0|0|-832|6832|-800|6848|470|274|1
W|1562|1|2|QROCK3|QROCK3X8|35.77708764|512|0|1|1|0|0|-800|6848|-800|6912|470|274|1
W|1563|1|2|QROCK3|QROCK3X8|99.77708764|512|0|1|1|0|0|-800|6912|-832|6928|470|274|1
W|1562|0|2|QROCK3|QROCK3X8|0|512|0|1|1|0|0|-800|6912|-800|6848|274|470|1
W|1563|0|2|QROCK3|QROCK3X8|0|128|0|1|1|0|0|-832|6928|-800|6912|274|470|1
W|1564|0|2|QROCK3|QROCK3X8|0|512|0|1|1|0|0|-896|6928|-832|6928|273|470|1
W|1564|1|2|QROCK3|QROCK3X8|0|128|0|1|1|0|0|-832|6928|-896|6928|470|273|1
W|1565|1|2|QROCK3|QROCK3X8|0|512|0|1|1|0|0|-896|6928|-928|6912|470|371|1
W|1080|1|2|QROCK3|QROCK3X8|35.77708764|512|0|1|1|0|0|-928|6912|-928|6848|470|371|1
W|1556|1|2|QROCK3|QROCK3X8|99.77708764|512|0|1|1|0|0|-928|6848|-896|6832|470|371|1
W|1566|0|2|QROCK3|QROCK3X8|0|512|0|1|1|0|0|-1760|6784|-1696|6784|376|372|1
W|1567|0|2|QROCK3|QROCK3X8|0|512|0|1|1|0|0|-1696|6784|-1696|6848|374|372|1
W|1568|0|2|QROCK3|QROCK3X8|0|128|0|1|1|0|0|-1760|6784|-1760|6768|375|376|1
W|1575|0|2|QROCK3|QROCK3X8|16|128|0|1|1|0|0|-1760|6768|-1792|6784|375|470|1
W|1574|0|2|QROCK3|QROCK3X8|51.77708764|128|0|1|1|0|0|-1792|6784|-1792|6848|375|470|1
W|1598|0|2|QROCK3|QROCK3X8|115.77708764|128|0|1|1|0|0|-1792|6848|-1760|6864|375|470|1
W|1573|0|2|QROCK3|QROCK3X8|151.55417528|128|0|1|1|0|0|-1760|6864|-1760|6848|375|373|1
W|1568|1|2|QROCK3|QROCK3X8|0|512|0|1|1|0|0|-1760|6768|-1760|6784|376|375|1
W|1569|0|2|QROCK3|QROCK3X8|0|512|0|1|1|0|0|-1696|6848|-1760|6848|373|372|1
W|1569|1|2|QROCK3|QROCK3X8|0|128|0|1|1|0|0|-1760|6848|-1696|6848|372|373|1
W|1567|1|2|QROCK3|QROCK3X8|64|128|0|1|1|0|0|-1696|6848|-1696|6784|372|374|1
W|1566|1|2|QROCK3|QROCK3X8|128|128|0|1|1|0|0|-1696|6784|-1760|6784|372|376|1
W|1570|0|2|QROCK3|QROCK3X8|0|128|0|1|1|0|0|-1696|6848|-1696|6864|374|373|1
W|1570|1|2|QROCK3|QROCK3X8|0|512|0|1|1|0|0|-1696|6864|-1696|6848|373|374|1
W|1571|0|2|QROCK3|QROCK3X8|0|128|0|1|1|0|0|-1760|6848|-1760|6784|375|372|1
W|1571|1|2|QROCK3|QROCK3X8|0|512|0|1|1|0|0|-1760|6784|-1760|6848|372|375|1
W|1572|0|2|QROCK3|QROCK3X8|0|128|0|1|1|0|0|-1696|6768|-1696|6784|374|376|1
W|1572|1|2|QROCK3|QROCK3X8|0|512|0|1|1|0|0|-1696|6784|-1696|6768|376|374|1
W|1573|1|2|QROCK3|QROCK3X8|0|512|0|1|1|0|0|-1760|6848|-1760|6864|373|375|1
W|1576|0|2|QROCK3|QROCK3X8|0|512|0|1|1|0|0|-1696|6768|-1760|6768|376|470|1
W|1576|1|2|QROCK3|QROCK3X8|0|128|0|1|1|0|0|-1760|6768|-1696|6768|470|376|1
W|1593|0|2|QROCK3|QROCK3X8|0|512|0|1|1|0|0|-1760|6864|-1696|6864|373|470|1
W|1593|1|2|QROCK3|QROCK3X8|0|128|0|1|1|0|0|-1696|6864|-1760|6864|470|373|1
W|1594|0|2|QROCK3|QROCK3X8|0|128|0|1|1|0|0|-1664|6784|-1696|6768|374|470|1
W|1594|1|2|QROCK3|QROCK3X8|0|512|0|1|1|0|0|-1696|6768|-1664|6784|470|374|1
W|1595|1|2|QROCK3|QROCK3X8|35.77708764|512|0|1|1|0|0|-1664|6784|-1664|6848|470|374|1
W|1596|1|2|QROCK3|QROCK3X8|99.77708764|512|0|1|1|0|0|-1664|6848|-1696|6864|470|374|1
W|1595|0|2|QROCK3|QROCK3X8|0|512|0|1|1|0|0|-1664|6848|-1664|6784|374|470|1
W|1596|0|2|QROCK3|QROCK3X8|0|128|0|1|1|0|0|-1696|6864|-1664|6848|374|470|1
W|1598|1|2|QROCK3|QROCK3X8|0|512|0|1|1|0|0|-1760|6864|-1792|6848|470|375|1
W|1574|1|2|QROCK3|QROCK3X8|35.77708764|512|0|1|1|0|0|-1792|6848|-1792|6784|470|375|1
W|1575|1|2|QROCK3|QROCK3X8|99.77708764|512|0|1|1|0|0|-1792|6784|-1760|6768|470|375|1
W|1787|0|0|QROCK3|QROCK3X8|77|512|0|1|1|77|0|-512|7232|-480|7216|435|434|1
W|1787|0|2|QROCK3|QROCK3X8|77|512|0|1|1|77|0|-512|7232|-480|7216|435|434|1
W|1789|0|2|QROCK3|QROCK3X8|30|128|0|1|1|30|0|-608|7280|-624|7248|435|417|1
W|1788|0|2|QROCK3|QROCK3X8|65.77708764|128|0|1|1|66|0|-624|7248|-584|7216|435|417|1
W|1479|0|2|QROCK3|QROCK3X8|117.002081539|128|0|1|1|-11|0|-584|7216|-544|7200|435|417|1
W|1786|0|2|QROCK3|QROCK3X8|160.083399997|128|0|1|1|32|0|-544|7200|-512|7232|435|417|1
W|1790|0|0|QROCK3|QROCK3X8|90|512|0|1|1|-38|0|-608|7280|-544|7272|417|434|1
W|1790|0|2|QROCK3|QROCK3X8|90|512|0|1|1|-38|0|-608|7280|-544|7272|417|434|1
W|1476|0|0|QROCK3|QROCK3X8|154.498061986|512|0|1|1|26|0|-544|7272|-512|7232|417|434|1
W|1476|0|2|QROCK3|QROCK3X8|154.498061986|512|0|1|1|26|0|-544|7272|-512|7232|417|434|1
W|1795|0|2|QROCK3|QROCK3X8|54|128|0|1|1|-74|0|-640|7296|-656|7264|436|435|1
W|1794|0|2|QROCK3|QROCK3X8|89.77708764|128|0|1|1|-38|0|-656|7264|-640|7192|436|435|1
W|1793|0|2|QROCK3|QROCK3X8|163.533443298|128|0|1|1|-92|0|-640|7192|-560|7160|436|435|1
W|1792|0|2|QROCK3|QROCK3X8|249.696080212|128|0|1|1|-6|0|-560|7160|-496|7184|436|435|1
W|1791|0|2|QROCK3|QROCK3X8|318.048110175|128|0|1|1|-66|0|-496|7184|-480|7216|436|435|1
W|1796|0|0|QROCK3|QROCK3X8|54|512|0|1|1|-74|0|-640|7296|-608|7280|435|434|1
W|1796|0|2|QROCK3|QROCK3X8|54|512|0|1|1|-74|0|-640|7296|-608|7280|435|434|1
W|1798|0|1|QROCK3|QROCK3X8|98|512|0|1|1|-30|0|-480|7216|-128|7040|436|-1|1
W|12|0|1|QROCK3|QROCK3X8|491.54796404|512|0|1|1|-20|0|-128|7040|160|7104|436|-1|1
W|1800|0|1|QROCK3|QROCK3X8|80|384|0|1|1|-48|0|-376|7296|-392|7296|266|-1|1
W|1799|0|1|QROCK3|QROCK3X8|96|384|0|1|1|-32|0|-392|7296|-448|7280|434|-1|1
W|1797|0|1|QROCK3|QROCK3X8|154.240879114|384|0|1|1|26|0|-448|7280|-480|7216|434|-1|1
W|1809|0|1|QROCK3X8|QROCK3X8|92.57398334|384|0|1|1|348.57398334|352|-712|7512|-656|7528|434|-1|1
W|1810|0|0|QROCK3|QROCK3X8|82|512|0|1|1|-46|0|-712|7512|-640|7296|6|434|1
W|1810|0|2|QROCK3|QROCK3X8|82|512|0|1|1|-46|0|-712|7512|-640|7296|6|434|1
W|1939|0|1|QROCK3|QROCK3X8|42|256|0|1|1|42|0|-1536|7296|-1536|7312|516|-1|1
W|1940|0|1|QROCK3|QROCK3X8|69|512|0|1|1|-59|0|-1344|7296|-1328|7296|436|-1|1
W|1941|0|1|QROCK3|QROCK3X8|53|256|0|1|1|-75|0|-1344|7312|-1344|7296|520|-1|1
W|1943|0|0|QROCK3|QROCK3X8|42|512|0|1|1|42|0|-1536|7296|-1504|7296|313|516|1
W|1953|0|1|QROCK3|QROCK3X8|19|384|0|1|1|19|0|160|7104|224|7104|305|-1|1
W|1954|0|1|QROCK3X8|QROCK3X8|0|512|0|1|1|0|64|576|7104|832|7104|470|-1|1
W|448|0|1|QROCK3X8|QROCK3X8|256|512|0|1|1|256|64|832|7104|1024|7040|470|-1|1
W|11|0|1|QROCK3X8|QROCK3X8|458.385770251|512|0|1|1|458.385770251|64|1024|7040|1280|6912|470|-1|1
W|30|0|1|QROCK3X8|QROCK3X8|744.602471371|512|0|1|1|744.602471371|64|1280|6912|1792|6784|470|-1|1
W|1955|0|0|QROCK3|QROCK3X8|19|512|0|1|1|19|0|160|7104|208|7072|436|305|1
W|1969|0|0|QROCK3|QROCK3X8|76.688820407|512|0|1|1|77|0|208|7072|288|7072|436|305|1
W|2163|0|0|QROCK3|QROCK3X8|156.688820407|512|0|1|1|157|0|288|7072|368|7072|313|336|1
W|1968|0|0|QROCK3|QROCK3X8|236.688820407|512|0|1|1|109|0|368|7072|480|7056|313|336|1
W|1956|0|0|QROCK3|QROCK3X8|349.825905397|512|0|1|1|94|0|480|7056|576|7104|470|472|1
W|1957|0|1|QROCK3|QROCK3X8|9|384|0|1|1|9|0|512|7104|576|7104|472|-1|1
W|1983|0|2|QROCK3|QROCK3X8|0|128|0|1|1|0|0|-2224|3872|-2208|3904|111|489|1
W|2019|0|2|QROCK3|QROCK3X8|35.77708764|128|0|1|1|0|0|-2208|3904|-2208|3936|111|489|1
W|1981|0|2|QROCK3|QROCK3X8|67.77708764|128|0|1|1|0|0|-2208|3936|-2240|3968|111|489|1
W|1999|0|2|QROCK3|QROCK3X8|113.031921636|128|0|1|1|0|0|-2240|3968|-2272|3968|111|489|1
W|2035|0|2|QROCK3|QROCK3X8|0|128|0|1|1|0|0|-2272|4096|-2224|4064|111|489|1
W|2034|0|2|QROCK3|QROCK3X8|57.688820407|128|0|1|1|0|0|-2224|4064|-2176|4064|111|489|1
W|2032|0|2|QROCK3|QROCK3X8|105.688820407|128|0|1|1|0|0|-2176|4064|-2144|4048|111|489|1
W|2031|0|2|QROCK3|QROCK3X8|141.465908047|128|0|1|1|0|0|-2144|4048|-2096|4048|111|489|1
W|2028|0|2|QROCK3|QROCK3X8|189.465908047|128|0|1|1|0|0|-2096|4048|-2064|4032|111|489|1
W|2188|0|2|QROCK3|QROCK3X8|225.242995687|128|0|1|1|0|0|-2064|4032|-2112|4016|111|489|1
W|1979|0|2|QROCK3|QROCK3X8|275.83943825|128|0|1|1|0|0|-2112|4016|-2160|4032|111|489|1
W|2000|0|2|QROCK3|QROCK3X8|326.435880813|128|0|1|1|0|0|-2160|4032|-2208|4016|111|489|1
W|2033|0|2|QROCK3|QROCK3X8|377.032323375|128|0|1|1|0|0|-2208|4016|-2208|3984|111|489|1
W|2027|0|2|QROCK3|QROCK3X8|409.032323375|128|0|1|1|0|0|-2208|3984|-2176|3952|111|489|1
W|2191|0|2|QROCK3|QROCK3X8|454.287157371|128|0|1|1|0|0|-2176|3952|-2176|3904|111|489|1
W|2043|0|2|QROCK3|QROCK3X8|502.287157371|128|0|1|1|0|0|-2176|3904|-2224|3872|111|489|1
W|2047|0|2|QROCK3|QROCK3X8|0|128|0|1|1|0|0|-1216|5504|-1216|5440|335|9|1
W|2023|0|2|QROCK3|QROCK3X8|64|128|0|1|1|0|0|-1216|5440|-1280|5312|335|9|1
W|2125|0|2|QROCK3|QROCK3X8|207.10835056|128|0|1|1|0|0|-1280|5312|-1296|5152|335|9|1
W|2024|0|2|QROCK3|QROCK3X8|367.906360498|128|0|1|1|0|0|-1296|5152|-1280|5072|335|9|1
W|2048|0|2|QROCK3|QROCK3X8|0|128|0|1|1|0|0|-1536|5072|-1504|5152|335|9|1
W|2106|0|2|QROCK3|QROCK3X8|86.162636914|128|0|1|1|0|0|-1504|5152|-1488|5264|335|9|1
W|2046|0|2|QROCK3|QROCK3X8|199.299721904|128|0|1|1|0|0|-1488|5264|-1504|5376|335|9|1
W|2022|0|2|QROCK3|QROCK3X8|312.436806894|128|0|1|1|0|0|-1504|5376|-1536|5504|335|9|1
W|2118|0|2|QROCK3|QROCK3X8|106|128|0|1|1|106|0|-1344|7296|-1312|7168|313|436|1
W|2092|0|2|QROCK3|QROCK3X8|237.93938002|128|0|1|1|110|0|-1312|7168|-1248|7120|313|436|1
W|1984|0|2|QROCK3|QROCK3X8|317.93938002|128|0|1|1|190|0|-1248|7120|-1104|7104|313|436|1
W|2001|0|2|QROCK3|QROCK3X8|462.82554223|128|0|1|1|79|0|-1104|7104|-976|7072|313|436|1
W|2160|0|2|QROCK3|QROCK3X8|594.76492225|128|0|1|1|83|0|-976|7072|-816|7072|313|436|1
W|2159|0|2|QROCK3|QROCK3X8|754.76492225|128|0|1|1|115|0|-816|7072|-688|7040|313|436|1
W|2158|0|2|QROCK3|QROCK3X8|886.704302269|128|0|1|1|119|0|-688|7040|-528|7008|313|436|1
W|2002|0|2|QROCK3|QROCK3X8|25.872926704|128|0|1|1|154|0|-528|7008|-304|6976|313|436|1
W|2005|0|2|QROCK3|QROCK3X8|252.147096684|128|0|1|1|124|0|-304|6976|-112|6928|313|436|1
W|2161|0|2|QROCK3|QROCK3X8|450.056166714|128|0|1|1|194|0|-112|6928|80|6928|313|436|1
W|2011|0|2|QROCK3|QROCK3X8|642.056166714|128|0|1|1|130|0|80|6928|256|6976|313|436|1
W|2010|0|2|QROCK3|QROCK3X8|824.48423473|128|0|1|1|184|0|256|6976|288|7072|313|436|1
W|2162|0|2|QROCK3|QROCK3X8|925.677119855|128|0|1|1|157|0|288|7072|304|7104|336|305|1
W|2121|0|2|QROCK3|QROCK3X8|90|128|0|1|1|-166|0|-1536|6592|-1504|6752|313|470|1
W|2117|0|2|QROCK3|QROCK3X8|253.168624435|128|0|1|1|-131|0|-1504|6752|-1472|6848|313|470|1
W|2194|0|2|QROCK3|QROCK3X8|354.36150956|128|0|1|1|-158|0|-1472|6848|-1472|6944|313|470|1
W|2111|0|2|QROCK3|QROCK3X8|450.36150956|128|0|1|1|-62|0|-1472|6944|-1504|7040|313|470|1
W|1986|0|2|QROCK3|QROCK3X8|551.554394686|128|0|1|1|-89|0|-1504|7040|-1504|7104|313|470|1
W|1982|0|2|QROCK3|QROCK3X8|615.554394686|128|0|1|1|-25|0|-1504|7104|-1520|7232|313|470|1
W|2109|0|2|QROCK3|QROCK3X8|744.550518659|128|0|1|1|-24|0|-1520|7232|-1536|7296|313|470|1
W|2144|0|1|QROCK3|QROCK3X8|18|256|0|1|1|18|0|-1552|7304|-1552|7296|307|-1|1
W|2146|0|1|QROCK3|QROCK3X8|122|256|0|1|1|-6|0|-1584|7296|-1584|7304|307|-1|1
W|2147|0|1|QROCK3|QROCK3X8|109|256|0|1|1|-19|0|-1296|7304|-1296|7296|306|-1|1
W|2148|0|0|QROCK3|QROCK3X8|85|512|0|1|1|-43|0|-1328|7296|-1296|7296|436|306|1
W|2148|0|2|QROCK3|QROCK3X8|85|512|0|1|1|-43|0|-1328|7296|-1296|7296|436|306|1
W|2150|0|1|QROCK3X8|QROCK3X8|0|512|0|1|1|0|192|-1296|7296|-1280|7296|436|-1|1
W|1937|0|1|QROCK3X8|QROCK3X8|16|512|0|1|1|16|192|-1280|7296|-1152|7424|436|-1|1
W|2151|0|1|QROCK3|QROCK3X8|85|256|0|1|1|-43|0|-1328|7296|-1328|7304|306|-1|1
W|2152|0|1|QROCK3|QROCK3X8|26|512|0|1|1|26|0|-1552|7296|-1536|7296|470|-1|1
W|2153|0|0|QROCK3|QROCK3X8|122|512|0|1|1|-6|0|-1584|7296|-1552|7296|470|307|1
W|2153|0|2|QROCK3|QROCK3X8|122|512|0|1|1|-6|0|-1584|7296|-1552|7296|470|307|1
W|2164|1|2|QROCK3|QROCK3X8|26|128|0|1|1|26|0|432|7104|480|7056|336|472|1
W|2108|0|2|QROCK3|QROCK3X8|93.882250994|128|0|1|1|94|0|480|7056|496|6992|313|470|1
W|2166|0|2|QROCK3|QROCK3X8|159.851941004|128|0|1|1|160|0|496|6992|592|6928|313|470|1
W|2119|0|2|QROCK3|QROCK3X8|275.229581819|128|0|1|1|147|0|592|6928|768|6912|313|470|1
W|2165|0|2|QROCK3|QROCK3X8|451.955358094|128|0|1|1|68|0|768|6912|928|6880|313|470|1
W|1980|0|2|QROCK3|QROCK3X8|615.123982529|128|0|1|1|103|0|928|6880|1184|6784|313|470|1
W|1987|0|2|QROCK3|QROCK3X8|888.532102379|128|0|1|1|120|0|1184|6784|1280|6752|313|470|1
W|1944|0|2|QROCK3|QROCK3X8|989.724987504|128|0|1|1|93|0|1280|6752|1408|6752|313|470|1
W|2110|0|2|QROCK3|QROCK3X8|93.724987504|128|0|1|1|93|0|1408|6752|1568|6720|313|470|1
W|2016|0|2|QROCK3|QROCK3X8|256.893611939|128|0|1|1|128|0|1568|6720|1696|6624|313|470|1
W|2013|0|2|QROCK3|QROCK3X8|416.893611939|128|0|1|1|160|0|1696|6624|1760|6496|313|470|1
W|2112|0|2|QROCK3|QROCK3X8|560.001962499|128|0|1|1|47|0|1760|6496|1792|6400|313|470|1
W|2190|0|2|QROCK3|QROCK3X8|661.194847624|128|0|1|1|148|0|1792|6400|1792|6336|313|470|1
W|2177|0|2|QROCK3|QROCK3X8|0|128|0|1|1|0|0|1600|6336|1600|6464|313|470|1
W|2115|0|2|QROCK3|QROCK3X8|128|128|0|1|1|0|0|1600|6464|1568|6528|313|470|1
W|1995|0|2|QROCK3|QROCK3X8|199.55417528|128|0|1|1|0|0|1568|6528|1440|6592|313|470|1
W|2180|0|2|QROCK3|QROCK3X8|342.66252584|128|0|1|1|0|0|1440|6592|1248|6624|313|470|1
W|1978|0|2|QROCK3|QROCK3X8|537.31092681|128|0|1|1|0|0|1248|6624|1024|6720|313|470|1
W|2113|0|2|QROCK3|QROCK3X8|781.015666197|128|0|1|1|0|0|1024|6720|800|6784|313|470|1
W|2098|0|2|QROCK3|QROCK3X8|1013.979182654|128|0|1|1|0|0|800|6784|512|6816|313|470|1
W|2114|0|2|QROCK3|QROCK3X8|279.751507075|128|0|1|1|0|0|512|6816|288|6816|313|470|1
W|1985|0|2|QROCK3|QROCK3X8|503.751507075|128|0|1|1|0|0|288|6816|96|6784|313|470|1
W|2009|0|2|QROCK3|QROCK3X8|698.399908044|128|0|1|1|0|0|96|6784|-128|6784|313|470|1
W|2102|0|2|QROCK3|QROCK3X8|922.399908044|128|0|1|1|0|0|-128|6784|-320|6848|313|470|1
W|2189|0|2|QROCK3|QROCK3X8|100.785678295|128|0|1|1|0|0|-320|6848|-512|6880|313|470|1
W|2018|0|2|QROCK3|QROCK3X8|295.434079264|128|0|1|1|0|0|-512|6880|-672|6880|313|470|1
W|2004|0|2|QROCK3|QROCK3X8|455.434079264|128|0|1|1|0|0|-672|6880|-832|6944|313|470|1
W|2006|0|2|QROCK3|QROCK3X8|627.759353093|128|0|1|1|0|0|-832|6944|-992|6976|313|470|1
W|2093|0|2|QROCK3|QROCK3X8|790.927977528|128|0|1|1|0|0|-992|6976|-1152|6976|313|470|1
W|2003|0|2|QROCK3|QROCK3X8|950.927977528|128|0|1|1|0|0|-1152|6976|-1216|6944|313|470|1
W|2187|0|2|QROCK3|QROCK3X8|1022.482152808|128|0|1|1|0|0|-1216|6944|-1248|6880|313|470|1
W|2186|0|2|QROCK3|QROCK3X8|70.036328088|128|0|1|1|0|0|-1248|6880|-1248|6752|313|470|1
W|2008|0|2|QROCK3|QROCK3X8|198.036328088|128|0|1|1|0|0|-1248|6752|-1216|6592|313|470|1
W|2205|0|2|QROCK3|QROCK3X8|0|128|0|1|1|0|0|-1344|5072|-1472|5072|335|493|1
W|2211|0|2|QROCK3|QROCK3X8|0|128|0|1|1|0|0|-1792|4896|-2016|4896|492|359|1
W|2266|0|0|QROCK3|QROCK3X8|121|512|0|1|1|-7|0|-2240|7040|-2176|7040|470|449|1
W|2266|0|2|QROCK3|QROCK3X8|121|512|0|1|1|-7|0|-2240|7040|-2176|7040|470|449|1
W|2267|0|1|QROCK3|QROCK3X8|121|384|0|1|1|121|0|-2240|7040|-2224|7072|449|-1|1
W|2269|0|1|QROCK3|QROCK3X8|121|512|0|1|1|-7|0|-1984|7040|-1920|7040|470|-1|1
W|20|0|1|QROCK3|QROCK3X8|185|512|0|1|1|57|0|-1920|7040|-1728|7104|470|-1|1
W|1938|0|1|QROCK3|QROCK3X8|387.385770251|512|0|1|1|3|0|-1728|7104|-1600|7296|470|-1|1
W|19|0|1|QROCK3|QROCK3X8|618.14105188|512|0|1|1|-22|0|-1600|7296|-1584|7296|470|-1|1
W|2270|0|1|QROCK3|QROCK3X8|85|384|0|1|1|-43|0|-2000|7072|-1984|7040|450|-1|1
W|2271|0|0|QROCK3|QROCK3X8|57|512|0|1|1|57|0|-2176|7040|-2112|7040|470|447|1
W|2271|0|2|QROCK3|QROCK3X8|57|512|0|1|1|57|0|-2176|7040|-2112|7040|470|447|1
W|2273|0|0|QROCK3|QROCK3X8|57|512|0|1|1|57|0|-2176|7040|-2176|7072|447|449|1
W|2273|0|2|QROCK3|QROCK3X8|57|512|0|1|1|57|0|-2176|7040|-2176|7072|447|449|1
W|2274|0|0|QROCK3|QROCK3X8|57|512|0|1|1|57|0|-2048|7040|-1984|7040|470|450|1
W|2274|0|2|QROCK3|QROCK3X8|57|512|0|1|1|57|0|-2048|7040|-1984|7040|470|450|1
W|2276|1|0|QROCK3|QROCK3X8|25|384|0|1|1|25|0|-2048|7072|-2048|7040|448|450|1
W|2276|1|2|QROCK3|QROCK3X8|25|384|0|1|1|25|0|-2048|7072|-2048|7040|448|450|1
W|2277|0|0|QROCK3|QROCK3X8|121|512|0|1|1|-7|0|-2112|7040|-2048|7040|470|448|1
W|2277|0|2|QROCK3|QROCK3X8|121|512|0|1|1|-7|0|-2112|7040|-2048|7040|470|448|1
W|2279|1|0|QROCK3|QROCK3X8|89|512|0|1|1|-39|0|-2112|7072|-2112|7040|447|448|1
W|2279|1|2|QROCK3|QROCK3X8|89|512|0|1|1|-39|0|-2112|7072|-2112|7040|447|448|1
W|2280|0|2|QROCK3|QROCK3X8|0|128|0|1|1|0|0|1892|4992|1932|4918|445|443|1
W|2449|0|0|QROCK3|QROCK3X8|74|512|0|1|1|74|0|-1504|7296|-1472|7296|313|471|1
W|2450|0|0|QROCK3|QROCK3X8|74|384|0|1|1|74|0|-1504|7296|-1504|7312|471|516|1
W|2452|0|0|QROCK3|QROCK3X8|106|512|0|1|1|106|0|-1472|7296|-1440|7296|313|517|1
W|2453|1|0|QROCK3|QROCK3X8|106|384|0|1|1|106|0|-1472|7296|-1472|7312|517|471|1
W|2455|0|0|QROCK3|QROCK3X8|10|512|0|1|1|138|0|-1440|7296|-1408|7296|313|518|1
W|2456|0|0|QROCK3|QROCK3X8|122|384|0|1|1|122|0|-1440|7312|-1440|7296|517|518|1
W|2458|0|0|QROCK3|QROCK3X8|42|512|0|1|1|170|0|-1408|7296|-1376|7296|313|519|1
W|2459|0|0|QROCK3|QROCK3X8|26|384|0|1|1|26|0|-1408|7312|-1408|7296|518|519|1
W|2460|0|0|QROCK3|QROCK3X8|74|512|0|1|1|74|0|-1376|7296|-1344|7296|313|520|1
W|2461|0|0|QROCK3|QROCK3X8|58|384|0|1|1|58|0|-1376|7312|-1376|7296|519|520|1
W|62|0|1|QROCK3|QROCK3X8|0|128|0|1|1|0|0|-2560|9600|-2560|9664|7|-1|1
W|59|0|1|QROCK3|QROCK3X8|64|128|0|1|1|0|0|-2560|9664|-2496|9664|7|-1|1
W|60|0|1|QROCK3|QROCK3X8|128|128|0|1|1|0|0|-2496|9664|-2496|9600|7|-1|1
W|61|0|1|QROCK3|QROCK3X8|192|128|0|1|1|0|0|-2496|9600|-2560|9600|7|-1|1
W|66|0|1|QROCK3|QROCK3X8|0|128|0|1|1|0|0|-2560|9712|-2560|9776|8|-1|1
W|63|0|1|QROCK3|QROCK3X8|64|128|0|1|1|0|0|-2560|9776|-2496|9776|8|-1|1
W|64|0|1|QROCK3|QROCK3X8|128|128|0|1|1|0|0|-2496|9776|-2496|9712|8|-1|1
W|65|0|1|QROCK3|QROCK3X8|192|128|0|1|1|0|0|-2496|9712|-2560|9712|8|-1|1
W|2145|0|1|QROCK4|QROCK4X8|0|256|0|1|1|0|0|-1584|7304|-1552|7304|307|-1|1
W|2149|0|1|QROCK4|QROCK4X8|0|256|0|1|1|0|0|-1328|7304|-1296|7304|306|-1|1
