H|15566|18285|30993|3278|4449
F|0|0|SNOW3|XA16TEX|0|0|0|0
F|1|0|SNOW3|XA16TEX|0|0|0|0
F|2|0|SLIME05B|XA24TEX|0|0|0|0
F|3|0|SNOW3|XA16TEX|0|0|0|0
F|4|0|SNOW3|XA16TEX|0|0|0|0
F|5|0|SNOW3|XA16TEX|0|0|0|0
F|5|1|SNOW3|XA16TEX|0|0|0|0
F|6|0|SNOW3|XA16TEX|0|0|0|0
F|7|0|SNOW3|XA16TEX|0|0|0|0
F|8|0|SNOW3|XA16TEX|0|0|0|0
F|9|0|SNOW3|XA16TEX|0|0|0|0
F|10|0|SNOW3|XA16TEX|0|0|0|0
F|11|0|SNOW3|XA16TEX|0|0|0|0
F|12|0|SNOW3|XA16TEX|0|0|0|0
F|13|0|SNOW3|XA16TEX|0|0|0|0
F|14|0|SNOW3|XA16TEX|0|0|0|0
F|15|0|SNOW3|XA16TEX|0|0|0|0
F|16|0|SNOW3|XA16TEX|0|0|0|0
F|16|1|SNOW3|XA16TEX|0|0|0|0
F|17|0|SLIME05B|XA24TEX|0|0|0|0
F|18|0|SLIME05B|XA24TEX|0|0|0|0
F|19|0|SLIME05B|XA24TEX|0|0|0|0
F|20|0|SLIME05B|XA24TEX|0|0|0|0
F|21|0|SNOW3|XA16TEX|0|0|0|0
F|22|0|OSNOW|XA23TEX|0|0|0|0
F|23|0|OSNOW|XA23TEX|0|0|0|0
F|25|0|OSNOW|XA23TEX|0|0|0|0
F|26|0|SNOW3|XA16TEX|0|0|0|0
F|27|0|SNOW3|XA16TEX|0|0|0|0
F|28|0|SNOW3|XA16TEX|0|0|0|0
F|29|0|OSNOW|XA23TEX|0|0|0|0
F|30|0|SNOW3|XA16TEX|0|0|0|0
F|35|0|QFLAT07|XA04TEX|0|0|0|0
F|35|1|QFLAT07|XA04TEX|0|0|0|0
F|52|0|SNOW3|XA16TEX|0|0|0|0
F|56|0|SNOW3|XA16TEX|0|0|0|0
F|63|0|SNOW3|XA16TEX|0|0|0|0
F|63|1|SNOW3|XA16TEX|0|0|0|0
F|64|0|SNOW3|XA16TEX|0|0|0|0
F|66|0|SNOW3|XA16TEX|0|0|0|0
F|67|0|SNOW3|XA16TEX|0|0|0|0
F|67|1|SNOW3|XA16TEX|0|0|0|0
F|68|0|SNOW3|XA16TEX|0|0|0|0
F|68|1|SNOW3|XA16TEX|0|0|0|0
F|69|0|SNOW3|XA16TEX|0|0|0|0
F|70|0|SNOW3|XA16TEX|0|0|0|0
F|71|0|SNOW3|XA16TEX|0|0|0|0
F|72|0|SNOW3|XA16TEX|0|0|0|0
F|73|1|QFLAT07|XA04TEX|0|0|0|0
F|74|1|QFLAT07|XA04TEX|0|0|0|0
F|75|1|QFLAT07|XA04TEX|0|0|0|0
F|76|1|QFLAT07|XA04TEX|0|0|0|0
F|77|1|QFLAT07|XA04TEX|0|0|0|0
F|78|1|QFLAT07|XA04TEX|0|0|0|0
F|79|1|QFLAT07|XA04TEX|0|0|0|0
F|80|1|QFLAT07|XA04TEX|0|0|0|0
F|81|1|QFLAT07|XA04TEX|0|0|0|0
F|83|0|SNOW3|XA16TEX|0|0|0|0
F|84|0|SNOW3|XA16TEX|0|0|0|0
F|84|1|SNOW3|XA16TEX|0|0|0|0
F|85|0|SNOW3|XA16TEX|0|0|0|0
F|85|1|SNOW3|XA16TEX|0|0|0|0
F|86|0|SNOW3|XA16TEX|0|0|0|0
F|86|1|SNOW3|XA16TEX|0|0|0|0
F|93|0|QROCK1|QROCK1X8|0|0|0|0
F|93|1|QROCK1|QROCK1X8|0|0|0|0
F|111|0|QFLAT07|XA04TEX|0|0|0|0
F|111|1|QFLAT07|XA04TEX|0|0|0|0
F|112|0|QFLAT07|XA04TEX|0|0|0|0
F|112|1|QFLAT07|XA04TEX|0|0|0|0
F|116|0|QFLAT07|XA04TEX|0|0|0|0
F|136|1|QFLAT07|XA04TEX|0|0|0|0
F|138|1|QFLAT07|XA04TEX|0|0|0|0
F|139|1|QFLAT07|XA04TEX|0|0|0|0
F|163|0|SNOW3|XA16TEX|0|0|0|0
F|168|0|OSNOW|XA23TEX|0|0|0|0
F|168|1|SNOW3|XA16TEX|0|0|0|0
F|169|0|OSNOW|XA23TEX|0|0|0|0
F|170|0|OSNOW|XA23TEX|0|0|0|0
F|171|0|OSNOW|XA23TEX|0|0|0|0
F|172|0|SNOW3|XA16TEX|0|0|0|0
F|173|0|OSNOW|XA23TEX|0|0|0|0
F|174|0|OSNOW|XA23TEX|0|0|0|0
F|188|0|SNOW3|XA16TEX|0|0|0|0
F|189|0|SNOW3|XA16TEX|0|0|0|0
F|190|1|SNOW3|XA16TEX|0|0|0|0
F|191|1|SNOW3|XA16TEX|0|0|0|0
F|192|0|SNOW3|XA16TEX|0|0|0|0
F|193|0|SNOW3|XA16TEX|0|0|0|0
F|194|0|SNOW3|XA16TEX|0|0|0|0
F|195|0|SNOW3|XA16TEX|0|0|0|0
F|200|0|SNOW3|XA16TEX|0|0|0|0
F|201|0|SNOW3|XA16TEX|0|0|0|0
F|203|0|OSNOW|XA23TEX|0|0|0|0
F|204|0|SNOW3|XA16TEX|0|0|0|0
F|205|0|SNOW3|XA16TEX|0|0|0|0
F|206|0|SNOW3|XA16TEX|0|0|0|0
F|207|0|SNOW3|XA16TEX|0|0|0|0
F|208|0|SNOW3|XA16TEX|0|0|0|0
F|221|0|SNOW3|XA16TEX|0|0|0|0
F|222|0|SNOW3|XA16TEX|0|0|0|0
F|223|0|OSNOW|XA23TEX|0|0|0|0
F|224|0|SNOW3|XA16TEX|0|0|0|0
F|225|0|SNOW3|XA16TEX|0|0|0|0
F|226|0|SNOW3|XA16TEX|0|0|0|0
F|227|0|OSNOW|XA23TEX|0|0|0|0
F|228|0|SNOW3|XA16TEX|0|0|0|0
F|229|0|SNOW3|XA16TEX|0|0|0|0
F|230|0|SNOW3|XA16TEX|0|0|0|0
F|231|0|SNOW3|XA16TEX|0|0|0|0
F|232|0|OSNOW|XA23TEX|0|0|0|0
F|233|0|SNOW3|XA16TEX|0|0|0|0
F|234|0|SNOW3|XA16TEX|0|0|0|0
F|235|0|OSNOW|XA23TEX|0|0|0|0
F|236|0|OSNOW|XA23TEX|0|0|0|0
F|237|0|OSNOW|XA23TEX|0|0|0|0
F|238|0|SNOW3|XA16TEX|0|0|0|0
F|239|0|SNOW3|XA16TEX|0|0|0|0
F|240|0|SNOW3|XA16TEX|0|0|0|0
F|241|0|SNOW3|XA16TEX|0|0|0|0
F|242|0|SNOW3|XA16TEX|0|0|0|0
F|243|0|SNOW3|XA16TEX|0|0|0|0
F|244|0|SNOW3|XA16TEX|0|0|0|0
F|245|0|SNOW3|XA16TEX|0|0|0|0
F|246|0|SNOW3|XA16TEX|0|0|0|0
F|247|0|SNOW3|XA16TEX|0|0|0|0
F|248|0|SNOW3|XA16TEX|0|0|0|0
F|249|0|SNOW3|XA16TEX|0|0|0|0
F|250|0|SNOW3|XA16TEX|0|0|0|0
F|251|0|SNOW3|XA16TEX|0|0|0|0
F|252|0|OSNOW|XA23TEX|0|0|0|0
F|253|0|SNOW3|XA16TEX|0|0|0|0
F|254|0|SNOW3|XA16TEX|0|0|0|0
F|255|0|SNOW3|XA16TEX|0|0|0|0
F|257|0|SNOW3|XA16TEX|0|0|0|0
F|258|0|SNOW3|XA16TEX|0|0|0|0
F|259|0|SNOW3|XA16TEX|0|0|0|0
F|260|0|SNOW3|XA16TEX|0|0|0|0
F|261|0|SNOW3|XA16TEX|0|0|0|0
F|262|0|SNOW3|XA16TEX|0|0|0|0
F|263|0|SNOW3|XA16TEX|0|0|0|0
F|264|0|OSNOW|XA23TEX|0|0|0|0
F|265|0|OSNOW|XA23TEX|0|0|0|0
F|266|0|OSNOW|XA23TEX|0|0|0|0
F|267|0|OSNOW|XA23TEX|0|0|0|0
F|268|0|OSNOW|XA23TEX|0|0|0|0
F|269|0|OSNOW|XA23TEX|0|0|0|0
F|270|0|OSNOW|XA23TEX|0|0|0|0
F|271|0|OSNOW|XA23TEX|0|0|0|0
F|272|0|OSNOW|XA23TEX|0|0|0|0
F|273|0|SNOW3|XA16TEX|0|0|0|0
F|274|0|OSNOW|XA23TEX|0|0|0|0
F|275|0|SNOW3|XA16TEX|0|0|0|0
F|276|0|SNOW3|XA16TEX|0|0|0|0
F|276|1|ICEY|XA00TEX|0|0|0|0
F|277|0|OSNOW|XA23TEX|0|0|0|0
F|277|1|ICEY|XA00TEX|0|0|0|0
F|282|0|QFLAT07|XA04TEX|0|0|0|0
F|282|1|QFLAT07|XA04TEX|0|0|0|0
F|284|0|QFLAT07|XA04TEX|0|0|0|0
F|284|1|QFLAT07|XA04TEX|0|0|0|0
F|366|1|QFLAT07|XA04TEX|0|0|0|0
F|367|1|QFLAT07|XA04TEX|0|0|0|0
F|368|1|QFLAT07|XA04TEX|0|0|0|0
F|371|1|QFLAT07|XA04TEX|0|0|0|0
F|372|1|QFLAT07|XA04TEX|0|0|0|0
F|373|0|QFLAT07|XA04TEX|0|0|0|0
F|395|0|SNOW3|XA16TEX|0|0|0|0
F|396|0|SNOW3|XA16TEX|0|0|0|0
F|397|0|SNOW3|XA16TEX|0|0|0|0
F|398|0|OSNOW|XA23TEX|0|0|0|0
F|399|0|SNOW3|XA16TEX|0|0|0|0
F|400|0|SNOW3|XA16TEX|0|0|0|0
F|429|1|QFLAT07|XA04TEX|0|0|0|0
F|430|1|QFLAT07|XA04TEX|0|0|0|0
F|431|1|QFLAT07|XA04TEX|0|0|0|0
F|432|1|QFLAT07|XA04TEX|0|0|0|0
F|433|1|QFLAT07|XA04TEX|0|0|0|0
F|434|1|QFLAT07|XA04TEX|0|0|0|0
F|435|1|QFLAT07|XA04TEX|0|0|0|0
F|436|1|QFLAT07|XA04TEX|0|0|0|0
F|437|1|QFLAT07|XA04TEX|0|0|0|0
F|438|1|QFLAT07|XA04TEX|0|0|0|0
F|439|1|QFLAT07|XA04TEX|0|0|0|0
F|440|1|QFLAT07|XA04TEX|0|0|0|0
F|441|1|QFLAT07|XA04TEX|0|0|0|0
F|442|1|QFLAT07|XA04TEX|0|0|0|0
F|443|1|QFLAT07|XA04TEX|0|0|0|0
F|444|1|QFLAT07|XA04TEX|0|0|0|0
F|445|1|QFLAT07|XA04TEX|0|0|0|0
F|494|1|QFLAT07|XA04TEX|0|0|0|0
F|495|1|QFLAT07|XA04TEX|0|0|0|0
F|496|1|QFLAT07|XA04TEX|0|0|0|0
F|497|1|QFLAT07|XA04TEX|0|0|0|0
F|498|1|QFLAT07|XA04TEX|0|0|0|0
F|499|1|QFLAT07|XA04TEX|0|0|0|0
F|500|1|QFLAT07|XA04TEX|0|0|0|0
F|501|1|QFLAT07|XA04TEX|0|0|0|0
F|502|1|QFLAT07|XA04TEX|0|0|0|0
F|503|1|QFLAT07|XA04TEX|0|0|0|0
F|504|1|QFLAT07|XA04TEX|0|0|0|0
F|505|1|QFLAT07|XA04TEX|0|0|0|0
F|506|1|QFLAT07|XA04TEX|0|0|0|0
F|507|1|QFLAT07|XA04TEX|0|0|0|0
F|508|1|QFLAT07|XA04TEX|0|0|0|0
F|509|1|QFLAT07|XA04TEX|0|0|0|0
F|510|0|SNOW3|XA16TEX|0|0|0|0
F|510|1|TEKWALL4|XA09TEX|0|0|0|0
F|528|0|SNOW3|XA16TEX|0|0|0|0
F|528|1|SNOW3|XA16TEX|0|0|0|0
F|530|0|SNOW3|XA16TEX|0|0|0|0
F|530|1|SNOW3|XA16TEX|0|0|0|0
F|562|0|OSNOW|XA23TEX|0|0|0|0
F|562|1|ICEY|XA00TEX|0|0|0|0
F|563|0|SNOW3|XA16TEX|0|0|0|0
F|563|1|ICEY|XA00TEX|0|0|0|0
F|571|0|ICEY|XA00TEX|0|0|0|0
F|571|1|ICEY|XA00TEX|0|0|0|0
F|572|0|ICEY|XA00TEX|0|0|0|0
F|572|1|ICEY|XA00TEX|0|0|0|0
F|573|0|OSNOW|XA23TEX|0|0|0|0
F|573|1|ICEY|XA00TEX|0|0|0|0
F|575|1|RROCK01|XA36TEX|0|0|0|0
F|578|0|QROCK3|QROCK3X8|0|0|0|0
F|578|1|RROCK01|XA36TEX|0|0|0|0
F|600|1|RROCK01|XA36TEX|0|0|0|0
F|627|0|SNOW3|XA16TEX|0|0|0|0
F|627|1|TEKWALL4|XA09TEX|0|0|0|0
F|628|0|SNOW3|XA16TEX|0|0|0|0
F|628|1|TEKWALL4|XA09TEX|0|0|0|0
F|629|0|SNOW3|XA16TEX|0|0|0|0
F|629|1|TEKWALL4|XA09TEX|0|0|0|0
F|630|1|QFLAT07|XA04TEX|0|0|0|0
F|631|0|SNOW3|XA16TEX|0|0|0|0
F|631|1|TEKWALL4|XA09TEX|0|0|0|0
F|632|0|SNOW3|XA16TEX|0|0|0|0
F|632|1|TEKWALL4|XA09TEX|0|0|0|0
F|655|0|SNOW3|XA16TEX|0|0|0|0
F|655|1|TEKWALL4|XA09TEX|0|0|0|0
F|656|0|SNOW3|XA16TEX|0|0|0|0
F|656|1|TEKWALL4|XA09TEX|0|0|0|0
F|657|0|SNOW3|XA16TEX|0|0|0|0
F|657|1|TEKWALL4|XA09TEX|0|0|0|0
F|658|0|SNOW3|XA16TEX|0|0|0|0
F|658|1|TEKWALL4|XA09TEX|0|0|0|0
F|659|0|SNOW3|XA16TEX|0|0|0|0
F|659|1|TEKWALL4|XA09TEX|0|0|0|0
F|701|0|SNOW3|XA16TEX|0|0|0|0
F|702|0|SNOW3|XA16TEX|0|0|0|0
F|703|0|SNOW3|XA16TEX|0|0|0|0
F|704|0|SNOW3|XA16TEX|0|0|0|0
F|706|0|SNOW3|XA16TEX|0|0|0|0
F|707|0|SNOW3|XA16TEX|0|0|0|0
F|708|0|SNOW3|XA16TEX|0|0|0|0
F|709|0|SNOW3|XA16TEX|0|0|0|0
F|711|0|SNOW3|XA16TEX|0|0|0|0
F|712|0|SNOW3|XA16TEX|0|0|0|0
F|713|0|SNOW3|XA16TEX|0|0|0|0
F|714|0|SNOW3|XA16TEX|0|0|0|0
F|716|0|SNOW3|XA16TEX|0|0|0|0
F|717|0|SNOW3|XA16TEX|0|0|0|0
F|718|0|SNOW3|XA16TEX|0|0|0|0
F|719|0|SNOW3|XA16TEX|0|0|0|0
F|721|0|SNOW3|XA16TEX|0|0|0|0
F|722|1|TEKWALL4|XA09TEX|0|0|0|0
F|723|0|SNOW3|XA16TEX|0|0|0|0
F|724|0|SNOW3|XA16TEX|0|0|0|0
F|725|0|SNOW3|XA16TEX|0|0|0|0
F|726|0|SNOW3|XA16TEX|0|0|0|0
F|727|0|SNOW3|XA16TEX|0|0|0|0
F|728|0|SNOW3|XA16TEX|0|0|0|0
F|729|0|SNOW3|XA16TEX|0|0|0|0
F|730|0|SNOW3|XA16TEX|0|0|0|0
F|731|0|SNOW3|XA16TEX|0|0|0|0
F|732|0|QFLAT07|XA04TEX|0|0|0|0
F|732|1|QROCK3|QROCK3X8|0|0|0|0
F|733|0|SNOW3|XA16TEX|0|0|0|0
F|734|0|SNOW3|XA16TEX|0|0|0|0
F|735|0|SNOW3|XA16TEX|0|0|0|0
F|736|0|SNOW3|XA16TEX|0|0|0|0
F|737|0|SNOW3|XA16TEX|0|0|0|0
F|738|0|SNOW3|XA16TEX|0|0|0|0
F|739|0|SNOW3|XA16TEX|0|0|0|0
F|739|1|SNOW3|XA16TEX|0|0|0|0
F|740|0|SNOW3|XA16TEX|0|0|0|0
F|798|0|SNOW3|XA16TEX|0|0|0|0
F|802|0|QFLAT07|XA04TEX|0|0|0|0
F|802|1|QFLAT07|XA04TEX|0|0|0|0
F|803|0|QFLAT07|XA04TEX|0|0|0|0
F|803|1|QFLAT07|XA04TEX|0|0|0|0
F|809|0|QFLAT07|XA04TEX|0|0|0|0
F|809|1|QROCK3|QROCK3X8|0|0|0|0
F|810|0|QFLAT07|XA04TEX|0|0|0|0
F|810|1|QROCK3|QROCK3X8|0|0|0|0
F|811|1|QFLAT07|XA04TEX|0|0|0|0
F|814|1|QFLAT07|XA04TEX|0|0|0|0
F|819|1|QROCK3|QROCK3X8|0|0|0|0
F|825|0|QFLAT07|XA04TEX|0|0|0|0
F|825|1|QROCK3|QROCK3X8|0|0|0|0
F|844|1|QFLAT07|XA04TEX|0|0|0|0
F|848|1|QFLAT07|XA04TEX|0|0|0|0
F|850|1|QFLAT07|XA04TEX|0|0|0|0
F|851|1|QFLAT07|XA04TEX|0|0|0|0
F|852|1|QFLAT07|XA04TEX|0|0|0|0
F|853|1|QFLAT07|XA04TEX|0|0|0|0
F|855|1|QFLAT07|XA04TEX|0|0|0|0
F|867|1|QFLAT07|XA04TEX|0|0|0|0
F|868|1|QFLAT07|XA04TEX|0|0|0|0
F|870|1|QFLAT07|XA04TEX|0|0|0|0
F|871|1|QFLAT07|XA04TEX|0|0|0|0
F|872|0|TEKWALL4|XA09TEX|0|0|0|0
F|872|1|TEKWALL4|XA09TEX|0|0|0|0
F|874|1|QFLAT07|XA04TEX|0|0|0|0
F|887|1|QROCK3|QROCK3X8|0|0|0|0
F|900|0|QFLAT07|XA04TEX|0|0|0|0
F|900|1|QFLAT07|XA04TEX|0|0|0|0
F|903|0|RROCK01|XA36TEX|0|0|0|0
F|904|0|QFLAT07|XA04TEX|0|0|0|0
F|905|0|QROCK3|QROCK3X8|0|0|0|0
F|905|1|QFLAT07|XA04TEX|0|0|0|0
F|906|0|QROCK3|QROCK3X8|0|0|0|0
F|906|1|QFLAT07|XA04TEX|0|0|0|0
F|907|0|QROCK3|QROCK3X8|0|0|0|0
F|907|1|QFLAT07|XA04TEX|0|0|0|0
F|908|0|QROCK3|QROCK3X8|0|0|0|0
F|908|1|QFLAT07|XA04TEX|0|0|0|0
F|909|0|QFLAT07|XA04TEX|0|0|0|0
F|909|1|RROCK01|XA36TEX|0|0|0|0
F|910|0|QFLAT07|XA04TEX|0|0|0|0
F|963|1|QROCK3|QROCK3X8|0|0|0|0
F|967|1|QROCK3|QROCK3X8|0|0|0|0
F|970|1|QROCK3|QROCK3X8|0|0|0|0
F|972|1|QROCK3|QROCK3X8|0|0|0|0
F|973|1|QROCK3|QROCK3X8|0|0|0|0
F|975|1|QROCK3|QROCK3X8|0|0|0|0
F|977|1|QROCK3|QROCK3X8|0|0|0|0
F|980|1|QROCK3|QROCK3X8|0|0|0|0
F|981|1|QROCK3|QROCK3X8|0|0|0|0
F|982|1|QROCK3|QROCK3X8|0|0|0|0
F|985|1|QROCK3|QROCK3X8|0|0|0|0
F|987|1|QROCK3|QROCK3X8|0|0|0|0
F|989|1|QROCK3|QROCK3X8|0|0|0|0
F|990|1|QROCK3|QROCK3X8|0|0|0|0
F|991|1|QROCK3|QROCK3X8|0|0|0|0
F|992|1|QROCK3|QROCK3X8|0|0|0|0
F|993|1|QROCK3|QROCK3X8|0|0|0|0
F|994|1|QROCK3|QROCK3X8|0|0|0|0
F|995|1|QROCK3|QROCK3X8|0|0|0|0
F|998|1|QROCK3|QROCK3X8|0|0|0|0
F|999|1|QROCK3|QROCK3X8|0|0|0|0
F|1000|1|QROCK3|QROCK3X8|0|0|0|0
F|1002|1|QROCK3|QROCK3X8|0|0|0|0
F|1004|1|QROCK3|QROCK3X8|0|0|0|0
F|1005|1|QROCK3|QROCK3X8|0|0|0|0
F|1006|1|QROCK3|QROCK3X8|0|0|0|0
F|1007|1|QROCK3|QROCK3X8|0|0|0|0
F|1009|1|QROCK3|QROCK3X8|0|0|0|0
F|1011|1|QROCK3|QROCK3X8|0|0|0|0
F|1013|1|QROCK3|QROCK3X8|0|0|0|0
F|1014|1|QROCK3|QROCK3X8|0|0|0|0
F|1016|1|QROCK3|QROCK3X8|0|0|0|0
F|1018|1|QROCK3|QROCK3X8|0|0|0|0
F|1019|1|QROCK3|QROCK3X8|0|0|0|0
F|1020|1|QROCK3|QROCK3X8|0|0|0|0
F|1021|1|QROCK3|QROCK3X8|0|0|0|0
F|1023|1|QROCK3|QROCK3X8|0|0|0|0
F|1024|1|QROCK3|QROCK3X8|0|0|0|0
F|1025|1|QROCK3|QROCK3X8|0|0|0|0
F|1026|1|QROCK3|QROCK3X8|0|0|0|0
F|1027|1|QROCK3|QROCK3X8|0|0|0|0
F|1029|1|QROCK3|QROCK3X8|0|0|0|0
F|1030|1|QROCK3|QROCK3X8|0|0|0|0
F|1032|1|QROCK3|QROCK3X8|0|0|0|0
F|1033|1|QROCK3|QROCK3X8|0|0|0|0
F|1035|1|QROCK3|QROCK3X8|0|0|0|0
F|1054|1|QFLAT07|XA04TEX|0|0|0|0
F|1056|0|QFLAT07|XA04TEX|0|0|0|0
F|1056|1|QFLAT07|XA04TEX|0|0|0|0
F|1058|1|QFLAT07|XA04TEX|0|0|0|0
F|1060|1|QFLAT07|XA04TEX|0|0|0|0
F|1061|0|QFLAT07|XA04TEX|0|0|0|0
F|1061|1|QFLAT07|XA04TEX|0|0|0|0
F|1062|1|TEKWALL4|XA09TEX|0|0|0|0
F|1064|0|QFLAT07|XA04TEX|0|0|0|0
F|1064|1|QFLAT07|XA04TEX|0|0|0|0
F|1067|0|QFLAT07|XA04TEX|0|0|0|0
F|1067|1|QFLAT07|XA04TEX|0|0|0|0
F|1068|0|QFLAT07|XA04TEX|0|0|0|0
F|1068|1|QFLAT07|XA04TEX|0|0|0|0
F|1070|0|QFLAT07|XA04TEX|0|0|0|0
F|1070|1|QFLAT07|XA04TEX|0|0|0|0
F|1071|0|QFLAT07|XA04TEX|0|0|0|0
F|1071|1|QFLAT07|XA04TEX|0|0|0|0
F|1072|0|QFLAT07|XA04TEX|0|0|0|0
F|1072|1|QFLAT07|XA04TEX|0|0|0|0
F|1073|0|QFLAT07|XA04TEX|0|0|0|0
F|1073|1|QFLAT07|XA04TEX|0|0|0|0
F|1076|0|QROCK3|QROCK3X8|0|0|0|0
F|1076|1|QROCK3|QROCK3X8|0|0|0|0
F|1083|0|QROCK3|QROCK3X8|0|0|0|0
F|1083|1|QROCK3|QROCK3X8|0|0|0|0
F|1084|0|QROCK3|QROCK3X8|0|0|0|0
F|1084|1|QFLAT07|XA04TEX|0|0|0|0
F|1085|0|QROCK3|QROCK3X8|0|0|0|0
F|1085|1|QFLAT07|XA04TEX|0|0|0|0
F|1086|0|QROCK3|QROCK3X8|0|0|0|0
F|1086|1|QROCK3|QROCK3X8|0|0|0|0
F|1087|0|QROCK3|QROCK3X8|0|0|0|0
F|1087|1|QFLAT07|XA04TEX|0|0|0|0
F|1088|0|QROCK3|QROCK3X8|0|0|0|0
F|1088|1|QROCK3|QROCK3X8|0|0|0|0
F|1089|0|QROCK3|QROCK3X8|0|0|0|0
F|1089|1|QROCK3|QROCK3X8|0|0|0|0
F|1090|0|QROCK3|QROCK3X8|0|0|0|0
F|1090|1|QFLAT07|XA04TEX|0|0|0|0
F|1091|0|QROCK3|QROCK3X8|0|0|0|0
F|1091|1|QROCK3|QROCK3X8|0|0|0|0
F|1094|1|QFLAT07|XA04TEX|0|0|0|0
F|1095|0|QFLAT07|XA04TEX|0|0|0|0
F|1095|1|QFLAT07|XA04TEX|0|0|0|0
F|1096|1|QFLAT07|XA04TEX|0|0|0|0
F|1097|0|QFLAT07|XA04TEX|0|0|0|0
F|1097|1|QFLAT07|XA04TEX|0|0|0|0
F|1256|1|TEKWALL4|XA09TEX|0|0|0|0
F|1259|1|TEKWALL4|XA09TEX|0|0|0|0
F|1313|0|ICEY|XA00TEX|0|0|0|0
F|1318|0|ICEY|XA00TEX|0|0|0|0
F|1322|1|ICEY|XA00TEX|0|0|0|0
F|1323|0|ICEY|XA00TEX|0|0|0|0
F|1325|1|QROCK3|QROCK3X8|0|0|0|0
F|1335|0|ICEY|XA00TEX|0|0|0|0
F|1348|0|QFLAT07|XA04TEX|0|0|0|0
F|1348|1|QFLAT07|XA04TEX|0|0|0|0
F|1349|0|QFLAT07|XA04TEX|0|0|0|0
F|1349|1|QFLAT07|XA04TEX|0|0|0|0
F|1351|0|QFLAT07|XA04TEX|0|0|0|0
F|1351|1|QFLAT07|XA04TEX|0|0|0|0
F|1352|0|QFLAT07|XA04TEX|0|0|0|0
F|1352|1|QFLAT07|XA04TEX|0|0|0|0
F|1353|0|QFLAT07|XA04TEX|0|0|0|0
F|1353|1|QFLAT07|XA04TEX|0|0|0|0
F|1354|0|QFLAT07|XA04TEX|0|0|0|0
F|1354|1|QFLAT07|XA04TEX|0|0|0|0
F|1355|0|QFLAT07|XA04TEX|0|0|0|0
F|1355|1|QFLAT07|XA04TEX|0|0|0|0
F|1359|0|QFLAT07|XA04TEX|0|0|0|0
F|1359|1|QFLAT07|XA04TEX|0|0|0|0
F|1412|0|QFLAT07|XA04TEX|0|0|0|0
F|1412|1|QFLAT07|XA04TEX|0|0|0|0
F|1414|0|QFLAT07|XA04TEX|0|0|0|0
F|1414|1|QFLAT07|XA04TEX|0|0|0|0
F|1473|1|TEKWALL4|XA09TEX|0|0|0|0
F|1585|1|TEKWALL4|XA09TEX|0|0|0|0
F|1776|0|QFLAT07|XA04TEX|0|0|0|0
F|1776|1|QFLAT07|XA04TEX|0|0|0|0
F|1812|0|OSNOW|XA23TEX|0|0|0|0
F|1813|0|OSNOW|XA23TEX|0|0|0|0
F|1816|0|SNOW3|XA16TEX|0|0|0|0
F|1818|0|SNOW3|XA16TEX|0|0|0|0
F|1819|0|SNOW3|XA16TEX|0|0|0|0
F|1820|0|SNOW3|XA16TEX|0|0|0|0
F|1821|0|SNOW3|XA16TEX|0|0|0|0
F|1825|1|TEKWALL4|XA09TEX|0|0|0|0
F|1833|0|SNOW3|XA16TEX|0|0|0|0
F|1834|0|SNOW3|XA16TEX|0|0|0|0
F|1835|0|SNOW3|XA16TEX|0|0|0|0
F|1836|0|SNOW3|XA16TEX|0|0|0|0
F|1837|0|SNOW3|XA16TEX|0|0|0|0
F|1838|0|SNOW3|XA16TEX|0|0|0|0
F|1839|0|SNOW3|XA16TEX|0|0|0|0
F|1840|1|TEKWALL4|XA09TEX|0|0|0|0
F|1903|0|IKWALL44|XA01TEX|0|0|0|0
F|1903|1|ICEY|XA00TEX|0|0|0|0
F|1921|0|IKWALL44|XA01TEX|0|0|0|0
F|1921|1|ICEY|XA00TEX|0|0|0|0
F|1949|0|QFLAT07|XA04TEX|0|0|0|0
F|1949|1|QFLAT07|XA04TEX|0|0|0|0
F|1950|0|QFLAT07|XA04TEX|0|0|0|0
F|1950|1|QFLAT07|XA04TEX|0|0|0|0
F|1951|0|QFLAT07|XA04TEX|0|0|0|0
F|1951|1|QFLAT07|XA04TEX|0|0|0|0
F|1952|0|QFLAT07|XA04TEX|0|0|0|0
F|1952|1|QFLAT07|XA04TEX|0|0|0|0
F|1953|0|QFLAT07|XA04TEX|0|0|0|0
F|1953|1|QFLAT07|XA04TEX|0|0|0|0
F|1954|0|QFLAT07|XA04TEX|0|0|0|0
F|1954|1|QFLAT07|XA04TEX|0|0|0|0
F|1955|0|QFLAT07|XA04TEX|0|0|0|0
F|1955|1|QFLAT07|XA04TEX|0|0|0|0
F|1956|0|QFLAT07|XA04TEX|0|0|0|0
F|1956|1|QFLAT07|XA04TEX|0|0|0|0
F|1962|0|SNOW3|XA16TEX|0|0|0|0
F|1990|0|QROCK3|QROCK3X8|0|0|0|0
F|1990|1|QROCK3|QROCK3X8|0|0|0|0
F|1991|0|QROCK3|QROCK3X8|0|0|0|0
F|1991|1|QROCK3|QROCK3X8|0|0|0|0
F|1993|0|QROCK3|QROCK3X8|0|0|0|0
F|1993|1|QROCK3|QROCK3X8|0|0|0|0
F|1995|0|QROCK3|QROCK3X8|0|0|0|0
F|1995|1|QROCK3|QROCK3X8|0|0|0|0
F|2000|0|QROCK3|QROCK3X8|0|0|0|0
F|2000|1|QROCK3|QROCK3X8|0|0|0|0
F|2001|0|QROCK3|QROCK3X8|0|0|0|0
F|2001|1|QROCK3|QROCK3X8|0|0|0|0
F|2003|0|QROCK3|QROCK3X8|0|0|0|0
F|2003|1|QROCK3|QROCK3X8|0|0|0|0
F|2005|0|QROCK3|QROCK3X8|0|0|0|0
F|2005|1|QROCK3|QROCK3X8|0|0|0|0
F|2225|0|OSNOW|XA23TEX|0|0|0|0
F|2226|0|SNOW3|XA16TEX|0|0|0|0
F|2227|0|SNOW3|XA16TEX|0|0|0|0
F|2228|0|SNOW3|XA16TEX|0|0|0|0
F|2229|0|SNOW3|XA16TEX|0|0|0|0
F|2230|0|SNOW3|XA16TEX|0|0|0|0
F|2231|0|SNOW3|XA16TEX|0|0|0|0
F|2232|0|SNOW3|XA16TEX|0|0|0|0
F|2233|0|SNOW3|XA16TEX|0|0|0|0
F|2234|0|SNOW3|XA16TEX|0|0|0|0
F|2235|0|SNOW3|XA16TEX|0|0|0|0
F|2236|0|SNOW3|XA16TEX|0|0|0|0
F|2237|0|SNOW3|XA16TEX|0|0|0|0
F|2238|0|SNOW3|XA16TEX|0|0|0|0
F|2239|0|SNOW3|XA16TEX|0|0|0|0
F|2240|0|SNOW3|XA16TEX|0|0|0|0
F|2241|0|SNOW3|XA16TEX|0|0|0|0
F|2242|0|SNOW3|XA16TEX|0|0|0|0
F|2243|0|OSNOW|XA23TEX|0|0|0|0
F|2244|0|SNOW3|XA16TEX|0|0|0|0
F|2245|0|OSNOW|XA23TEX|0|0|0|0
F|2246|0|SNOW3|XA16TEX|0|0|0|0
F|2247|0|SNOW3|XA16TEX|0|0|0|0
F|2248|0|SNOW3|XA16TEX|0|0|0|0
F|2249|0|OSNOW|XA23TEX|0|0|0|0
F|2250|0|SNOW3|XA16TEX|0|0|0|0
F|2251|0|SNOW3|XA16TEX|0|0|0|0
F|2252|0|SNOW3|XA16TEX|0|0|0|0
F|2253|0|OSNOW|XA23TEX|0|0|0|0
F|2254|0|SNOW3|XA16TEX|0|0|0|0
F|2255|0|SNOW3|XA16TEX|0|0|0|0
F|2256|0|SNOW3|XA16TEX|0|0|0|0
F|2257|0|OSNOW|XA23TEX|0|0|0|0
F|2258|0|SNOW3|XA16TEX|0|0|0|0
F|2259|0|SNOW3|XA16TEX|0|0|0|0
F|2260|0|SNOW3|XA16TEX|0|0|0|0
F|2261|0|SNOW3|XA16TEX|0|0|0|0
F|2261|1|SNOW3|XA16TEX|0|0|0|0
F|2262|0|SNOW3|XA16TEX|0|0|0|0
F|2262|1|SNOW3|XA16TEX|0|0|0|0
F|2263|0|SNOW3|XA16TEX|0|0|0|0
F|2263|1|SNOW3|XA16TEX|0|0|0|0
F|2264|0|SNOW3|XA16TEX|0|0|0|0
F|2264|1|SNOW3|XA16TEX|0|0|0|0
F|2265|0|SNOW3|XA16TEX|0|0|0|0
F|2265|1|SNOW3|XA16TEX|0|0|0|0
F|2266|0|SNOW3|XA16TEX|0|0|0|0
F|2266|1|SNOW3|XA16TEX|0|0|0|0
F|2267|0|SNOW3|XA16TEX|0|0|0|0
F|2267|1|SNOW3|XA16TEX|0|0|0|0
F|2268|0|SNOW3|XA16TEX|0|0|0|0
F|2268|1|SNOW3|XA16TEX|0|0|0|0
F|2269|0|OSNOW|XA23TEX|0|0|0|0
F|2269|1|SNOW3|XA16TEX|0|0|0|0
F|2270|0|OSNOW|XA23TEX|0|0|0|0
F|2270|1|SNOW3|XA16TEX|0|0|0|0
F|2271|0|SNOW3|XA16TEX|0|0|0|0
F|2271|1|SNOW3|XA16TEX|0|0|0|0
F|2272|0|SNOW3|XA16TEX|0|0|0|0
F|2272|1|SNOW3|XA16TEX|0|0|0|0
F|2273|0|SNOW3|XA16TEX|0|0|0|0
F|2273|1|SNOW3|XA16TEX|0|0|0|0
F|2274|0|OSNOW|XA23TEX|0|0|0|0
F|2275|0|OSNOW|XA23TEX|0|0|0|0
F|2276|0|OSNOW|XA23TEX|0|0|0|0
F|2277|0|SNOW3|XA16TEX|0|0|0|0
F|2277|1|SNOW3|XA16TEX|0|0|0|0
F|2278|0|SNOW3|XA16TEX|0|0|0|0
F|2278|1|SNOW3|XA16TEX|0|0|0|0
F|2284|0|IKWALL44|XA01TEX|0|0|0|0
F|2285|0|IKWALL44|XA01TEX|0|0|0|0
F|2296|1|TEKWALL4|XA09TEX|0|0|0|0
F|2300|1|TEKWALL4|XA09TEX|0|0|0|0
F|2304|1|TEKWALL4|XA09TEX|0|0|0|0
F|2308|1|TEKWALL4|XA09TEX|0|0|0|0
F|2312|1|TEKWALL4|XA09TEX|0|0|0|0
F|2316|1|TEKWALL4|XA09TEX|0|0|0|0
F|2320|1|TEKWALL4|XA09TEX|0|0|0|0
F|2324|1|TEKWALL4|XA09TEX|0|0|0|0
F|2328|0|QROCK3|QROCK3X8|0|0|0|0
F|2328|1|QFLAT07|XA04TEX|0|0|0|0
F|2329|0|QROCK3|QROCK3X8|0|0|0|0
F|2329|1|QROCK3|QROCK3X8|0|0|0|0
F|2330|0|QROCK3|QROCK3X8|0|0|0|0
F|2330|1|QROCK3|QROCK3X8|0|0|0|0
F|2331|0|QROCK3|QROCK3X8|0|0|0|0
F|2331|1|QROCK3|QROCK3X8|0|0|0|0
F|2364|1|QROCK3|QROCK3X8|0|0|0|0
F|2365|1|QROCK3|QROCK3X8|0|0|0|0
F|2366|1|QROCK3|QROCK3X8|0|0|0|0
F|2367|1|QROCK3|QROCK3X8|0|0|0|0
F|2368|1|QROCK3|QROCK3X8|0|0|0|0
F|2369|1|QROCK3|QROCK3X8|0|0|0|0
F|2372|1|QROCK3|QROCK3X8|0|0|0|0
F|2373|1|QROCK3|QROCK3X8|0|0|0|0
F|2374|1|QROCK3|QROCK3X8|0|0|0|0
F|2375|1|QROCK3|QROCK3X8|0|0|0|0
F|2376|1|QROCK3|QROCK3X8|0|0|0|0
F|2379|1|QROCK3|QROCK3X8|0|0|0|0
F|2380|1|QROCK3|QROCK3X8|0|0|0|0
F|2381|1|QROCK3|QROCK3X8|0|0|0|0
F|2382|1|QROCK3|QROCK3X8|0|0|0|0
F|2383|1|QROCK3|QROCK3X8|0|0|0|0
F|2386|1|QROCK3|QROCK3X8|0|0|0|0
F|2387|1|QROCK3|QROCK3X8|0|0|0|0
F|2388|1|QROCK3|QROCK3X8|0|0|0|0
F|2389|1|QROCK3|QROCK3X8|0|0|0|0
F|2390|1|QROCK3|QROCK3X8|0|0|0|0
F|2393|0|QROCK3|QROCK3X8|0|0|0|0
F|2393|1|QROCK3|QROCK3X8|0|0|0|0
F|2394|1|QROCK3|QROCK3X8|0|0|0|0
F|2400|1|QROCK3|QROCK3X8|0|0|0|0
F|2401|1|QROCK3|QROCK3X8|0|0|0|0
F|2402|1|QROCK3|QROCK3X8|0|0|0|0
F|2403|1|QROCK3|QROCK3X8|0|0|0|0
F|2407|1|QROCK3|QROCK3X8|0|0|0|0
F|2408|1|QROCK3|QROCK3X8|0|0|0|0
F|2409|1|QROCK3|QROCK3X8|0|0|0|0
F|2410|1|QROCK3|QROCK3X8|0|0|0|0
F|2411|1|QROCK3|QROCK3X8|0|0|0|0
F|2437|0|SNOW3|XA16TEX|0|0|0|0
F|2437|1|SNOW3|XA16TEX|0|0|0|0
F|2446|0|SNOW3|XA16TEX|0|0|0|0
F|2446|1|SNOW3|XA16TEX|0|0|0|0
F|2447|0|SNOW3|XA16TEX|0|0|0|0
F|2447|1|SNOW3|XA16TEX|0|0|0|0
F|2451|1|QROCK3|QROCK3X8|0|0|0|0
F|2452|1|QROCK3|QROCK3X8|0|0|0|0
F|2455|1|QROCK3|QROCK3X8|0|0|0|0
F|2456|1|QROCK3|QROCK3X8|0|0|0|0
F|2457|1|QROCK3|QROCK3X8|0|0|0|0
F|2458|1|QROCK3|QROCK3X8|0|0|0|0
F|2460|1|QROCK3|QROCK3X8|0|0|0|0
F|2461|1|QROCK3|QROCK3X8|0|0|0|0
F|2463|1|QROCK3|QROCK3X8|0|0|0|0
F|2464|1|QROCK3|QROCK3X8|0|0|0|0
F|2466|1|QROCK3|QROCK3X8|0|0|0|0
F|2467|1|QROCK3|QROCK3X8|0|0|0|0
F|2469|1|QROCK3|QROCK3X8|0|0|0|0
F|2470|1|QROCK3|QROCK3X8|0|0|0|0
F|2472|1|QROCK3|QROCK3X8|0|0|0|0
F|2473|1|QROCK3|QROCK3X8|0|0|0|0
F|2475|1|QROCK3|QROCK3X8|0|0|0|0
F|2476|1|QROCK3|QROCK3X8|0|0|0|0
F|2478|1|QROCK3|QROCK3X8|0|0|0|0
F|2479|1|QROCK3|QROCK3X8|0|0|0|0
F|2481|1|QROCK3|QROCK3X8|0|0|0|0
F|2482|1|QROCK3|QROCK3X8|0|0|0|0
F|2484|1|QROCK3|QROCK3X8|0|0|0|0
F|2485|1|QROCK3|QROCK3X8|0|0|0|0
F|2487|1|QROCK3|QROCK3X8|0|0|0|0
F|2488|1|QROCK3|QROCK3X8|0|0|0|0
F|2490|1|QROCK3|QROCK3X8|0|0|0|0
F|2491|1|QROCK3|QROCK3X8|0|0|0|0
F|2493|1|QROCK3|QROCK3X8|0|0|0|0
F|2494|1|QROCK3|QROCK3X8|0|0|0|0
F|2496|1|QROCK3|QROCK3X8|0|0|0|0
F|2497|1|QROCK3|QROCK3X8|0|0|0|0
F|2499|1|QROCK3|QROCK3X8|0|0|0|0
F|2503|0|QROCK3|QROCK3X8|0|0|0|0
F|2507|1|QROCK3|QROCK3X8|0|0|0|0
F|2508|1|QROCK3|QROCK3X8|0|0|0|0
F|2510|1|QROCK3|QROCK3X8|0|0|0|0
F|2511|1|QROCK3|QROCK3X8|0|0|0|0
F|2513|1|QROCK3|QROCK3X8|0|0|0|0
F|2516|1|QROCK3|QROCK3X8|0|0|0|0
F|2517|1|QROCK3|QROCK3X8|0|0|0|0
F|2518|1|QROCK3|QROCK3X8|0|0|0|0
F|2519|1|QROCK3|QROCK3X8|0|0|0|0
F|2520|1|QROCK3|QROCK3X8|0|0|0|0
F|2522|1|QROCK3|QROCK3X8|0|0|0|0
F|2523|1|QROCK3|QROCK3X8|0|0|0|0
F|2525|1|QROCK3|QROCK3X8|0|0|0|0
F|2528|1|QROCK3|QROCK3X8|0|0|0|0
F|2529|1|QROCK3|QROCK3X8|0|0|0|0
F|2530|1|QROCK3|QROCK3X8|0|0|0|0
F|2531|1|QROCK3|QROCK3X8|0|0|0|0
F|2532|1|QROCK3|QROCK3X8|0|0|0|0
F|2534|1|QROCK3|QROCK3X8|0|0|0|0
F|2535|1|QROCK3|QROCK3X8|0|0|0|0
F|2537|1|QROCK3|QROCK3X8|0|0|0|0
F|2540|1|QROCK3|QROCK3X8|0|0|0|0
F|2541|1|QROCK3|QROCK3X8|0|0|0|0
F|2542|1|QROCK3|QROCK3X8|0|0|0|0
F|2543|1|QROCK3|QROCK3X8|0|0|0|0
F|2548|1|QROCK3|QROCK3X8|0|0|0|0
F|2558|1|ICEY|XA00TEX|0|0|0|0
F|2560|0|SNOW3|XA16TEX|0|0|0|0
F|2561|0|SNOW3|XA16TEX|0|0|0|0
F|2562|0|SNOW3|XA16TEX|0|0|0|0
F|2563|0|OSNOW|XA23TEX|0|0|0|0
F|2564|0|SNOW3|XA16TEX|0|0|0|0
F|2565|0|SNOW3|XA16TEX|0|0|0|0
F|2566|0|SNOW3|XA16TEX|0|0|0|0
F|2567|0|SNOW3|XA16TEX|0|0|0|0
F|2568|0|SNOW3|XA16TEX|0|0|0|0
F|2569|0|SNOW3|XA16TEX|0|0|0|0
F|2570|0|SNOW3|XA16TEX|0|0|0|0
F|2571|0|OSNOW|XA23TEX|0|0|0|0
F|2572|0|OSNOW|XA23TEX|0|0|0|0
F|2573|0|SNOW3|XA16TEX|0|0|0|0
F|2574|0|SNOW3|XA16TEX|0|0|0|0
F|2575|0|SNOW3|XA16TEX|0|0|0|0
F|2576|0|SNOW3|XA16TEX|0|0|0|0
F|2577|0|SNOW3|XA16TEX|0|0|0|0
F|2578|0|SNOW3|XA16TEX|0|0|0|0
F|2579|0|OSNOW|XA23TEX|0|0|0|0
F|2579|1|SNOW3|XA16TEX|0|0|0|0
F|2580|0|SNOW3|XA16TEX|0|0|0|0
F|2580|1|SNOW3|XA16TEX|0|0|0|0
F|2581|0|SNOW3|XA16TEX|0|0|0|0
F|2581|1|SNOW3|XA16TEX|0|0|0|0
F|2582|0|OSNOW|XA23TEX|0|0|0|0
F|2582|1|SNOW3|XA16TEX|0|0|0|0
F|2583|0|OSNOW|XA23TEX|0|0|0|0
F|2583|1|SNOW3|XA16TEX|0|0|0|0
F|2584|0|OSNOW|XA23TEX|0|0|0|0
F|2584|1|SNOW3|XA16TEX|0|0|0|0
F|2585|0|SNOW3|XA16TEX|0|0|0|0
F|2585|1|SNOW3|XA16TEX|0|0|0|0
F|2586|0|OSNOW|XA23TEX|0|0|0|0
F|2586|1|SNOW3|XA16TEX|0|0|0|0
F|2587|0|OSNOW|XA23TEX|0|0|0|0
F|2587|1|SNOW3|XA16TEX|0|0|0|0
F|2588|0|SNOW3|XA16TEX|0|0|0|0
F|2588|1|SNOW3|XA16TEX|0|0|0|0
F|2589|0|OSNOW|XA23TEX|0|0|0|0
F|2589|1|SNOW3|XA16TEX|0|0|0|0
F|2590|0|OSNOW|XA23TEX|0|0|0|0
F|2590|1|SNOW3|XA16TEX|0|0|0|0
F|2591|0|OSNOW|XA23TEX|0|0|0|0
F|2591|1|SNOW3|XA16TEX|0|0|0|0
F|2592|0|OSNOW|XA23TEX|0|0|0|0
F|2592|1|SNOW3|XA16TEX|0|0|0|0
F|2635|0|QROCK3|QROCK3X8|0|0|0|0
F|2635|1|QROCK3|QROCK3X8|0|0|0|0
F|2641|0|QROCK3|QROCK3X8|0|0|0|0
F|2641|1|QROCK3|QROCK3X8|0|0|0|0
F|2642|0|QROCK3|QROCK3X8|0|0|0|0
F|2642|1|QROCK3|QROCK3X8|0|0|0|0
F|2643|0|QROCK3|QROCK3X8|0|0|0|0
F|2643|1|QROCK3|QROCK3X8|0|0|0|0
F|2644|0|QROCK3|QROCK3X8|0|0|0|0
F|2644|1|QROCK3|QROCK3X8|0|0|0|0
F|2645|0|QROCK3|QROCK3X8|0|0|0|0
F|2645|1|QROCK3|QROCK3X8|0|0|0|0
F|2650|0|QROCK3|QROCK3X8|0|0|0|0
F|2651|0|QROCK3|QROCK3X8|0|0|0|0
F|2651|1|QROCK3|QROCK3X8|0|0|0|0
F|2652|0|QROCK3|QROCK3X8|0|0|0|0
F|2652|1|QROCK3|QROCK3X8|0|0|0|0
F|2655|0|QROCK3|QROCK3X8|0|0|0|0
F|2656|0|QROCK3|QROCK3X8|0|0|0|0
F|2660|0|QROCK3|QROCK3X8|0|0|0|0
F|2660|1|QROCK3|QROCK3X8|0|0|0|0
F|2665|1|QROCK3|QROCK3X8|0|0|0|0
F|2672|1|QROCK3|QROCK3X8|0|0|0|0
F|2673|1|QROCK3|QROCK3X8|0|0|0|0
F|2675|1|QROCK3|QROCK3X8|0|0|0|0
F|2676|1|QROCK3|QROCK3X8|0|0|0|0
F|2677|1|QROCK3|QROCK3X8|0|0|0|0
F|2678|1|QROCK3|QROCK3X8|0|0|0|0
F|2679|1|QROCK3|QROCK3X8|0|0|0|0
F|2680|1|QROCK3|QROCK3X8|0|0|0|0
F|2681|1|QROCK3|QROCK3X8|0|0|0|0
F|2758|1|TEKWALL4|XA09TEX|0|0|0|0
F|2759|0|TEKWALL4|XA09TEX|0|0|0|0
F|2760|0|TEKWALL4|XA09TEX|0|0|0|0
F|2761|0|TEKWALL4|XA09TEX|0|0|0|0
F|2762|0|TEKWALL4|XA09TEX|0|0|0|0
F|2763|0|TEKWALL4|XA09TEX|0|0|0|0
F|2764|1|TEKWALL4|XA09TEX|0|0|0|0
F|2765|1|TEKWALL4|XA09TEX|0|0|0|0
F|2766|1|TEKWALL4|XA09TEX|0|0|0|0
F|2767|1|TEKWALL4|XA09TEX|0|0|0|0
F|2768|0|OSNOW|XA23TEX|0|0|0|0
F|2769|0|OSNOW|XA23TEX|0|0|0|0
F|2771|0|SNOW3|XA16TEX|0|0|0|0
F|2771|1|ICEY|XA00TEX|0|0|0|0
F|2854|1|TEKWALL4|XA09TEX|0|0|0|0
F|2857|0|TEKWALL4|XA09TEX|0|0|0|0
F|2857|1|TEKWALL4|XA09TEX|0|0|0|0
F|2861|1|TEKWALL4|XA09TEX|0|0|0|0
F|2863|0|TEKWALL4|XA09TEX|0|0|0|0
F|2863|1|TEKWALL4|XA09TEX|0|0|0|0
F|2884|1|TEKWALL4|XA09TEX|0|0|0|0
F|2893|0|TEKWALL4|XA09TEX|0|0|0|0
F|2893|1|TEKWALL4|XA09TEX|0|0|0|0
F|2901|1|TEKWALL4|XA09TEX|0|0|0|0
F|2906|0|TEKWALL4|XA09TEX|0|0|0|0
F|2906|1|TEKWALL4|XA09TEX|0|0|0|0
F|3054|1|TEKWALL4|XA09TEX|0|0|0|0
F|3055|1|TEKWALL4|XA09TEX|0|0|0|0
F|3056|1|TEKWALL4|XA09TEX|0|0|0|0
F|3057|1|TEKWALL4|XA09TEX|0|0|0|0
F|3060|1|TEKWALL4|XA09TEX|0|0|0|0
F|3061|1|TEKWALL4|XA09TEX|0|0|0|0
F|3062|1|TEKWALL4|XA09TEX|0|0|0|0
F|3063|1|TEKWALL4|XA09TEX|0|0|0|0
F|3064|1|TEKWALL4|XA09TEX|0|0|0|0
F|3065|1|TEKWALL4|XA09TEX|0|0|0|0
F|3066|1|TEKWALL4|XA09TEX|0|0|0|0
F|3067|1|TEKWALL4|XA09TEX|0|0|0|0
F|3068|1|TEKWALL4|XA09TEX|0|0|0|0
F|3069|1|TEKWALL4|XA09TEX|0|0|0|0
F|3070|1|TEKWALL4|XA09TEX|0|0|0|0
F|3071|1|TEKWALL4|XA09TEX|0|0|0|0
F|3072|1|TEKWALL4|XA09TEX|0|0|0|0
F|3073|1|TEKWALL4|XA09TEX|0|0|0|0
F|3074|1|TEKWALL4|XA09TEX|0|0|0|0
F|3075|1|TEKWALL4|XA09TEX|0|0|0|0
F|3084|1|TEKWALL4|XA09TEX|0|0|0|0
F|3147|1|TEKWALL4|XA09TEX|0|0|0|0
F|3148|1|TEKWALL4|XA09TEX|0|0|0|0
F|3149|1|TEKWALL4|XA09TEX|0|0|0|0
F|3150|1|TEKWALL4|XA09TEX|0|0|0|0
F|3153|1|TEKWALL4|XA09TEX|0|0|0|0
F|3154|1|TEKWALL4|XA09TEX|0|0|0|0
F|3155|1|TEKWALL4|XA09TEX|0|0|0|0
F|3156|1|TEKWALL4|XA09TEX|0|0|0|0
F|3157|1|TEKWALL4|XA09TEX|0|0|0|0
F|3158|1|TEKWALL4|XA09TEX|0|0|0|0
F|3159|1|TEKWALL4|XA09TEX|0|0|0|0
F|3160|1|TEKWALL4|XA09TEX|0|0|0|0
F|3161|1|TEKWALL4|XA09TEX|0|0|0|0
F|3162|1|TEKWALL4|XA09TEX|0|0|0|0
F|3163|1|TEKWALL4|XA09TEX|0|0|0|0
F|3164|1|TEKWALL4|XA09TEX|0|0|0|0
F|3165|1|TEKWALL4|XA09TEX|0|0|0|0
F|3166|1|TEKWALL4|XA09TEX|0|0|0|0
F|3167|1|TEKWALL4|XA09TEX|0|0|0|0
F|3205|0|OSNOW|XA23TEX|0|0|0|0
F|3206|0|SNOW3|XA16TEX|0|0|0|0
F|3207|0|SNOW3|XA16TEX|0|0|0|0
F|3208|0|SNOW3|XA16TEX|0|0|0|0
F|3209|0|SNOW3|XA16TEX|0|0|0|0
F|3209|1|SNOW3|XA16TEX|0|0|0|0
F|3210|0|SNOW3|XA16TEX|0|0|0|0
F|3210|1|SNOW3|XA16TEX|0|0|0|0
F|3211|0|SNOW3|XA16TEX|0|0|0|0
F|3211|1|SNOW3|XA16TEX|0|0|0|0
F|3212|0|SNOW3|XA16TEX|0|0|0|0
F|3212|1|SNOW3|XA16TEX|0|0|0|0
F|3213|0|SNOW3|XA16TEX|0|0|0|0
F|3213|1|SNOW3|XA16TEX|0|0|0|0
F|3276|1|QFLAT07|XA04TEX|0|0|0|0
F|3277|0|SNOW3|XA16TEX|0|0|0|0
W|16|0|1|ICEY|XA00TEX|58|256|0|1|1|-70|-64|-576|0|-560|-48|10|-1|1
W|13368|0|1|ICEY|XA00TEX|108.596442563|256|0|1|1|-19|-64|-560|-48|-512|-104|10|-1|1
W|13367|0|1|ICEY|XA00TEX|182.352798221|256|0|1|1|-73|-64|-512|-104|-512|-192|10|-1|1
W|55|0|1|ICEY|XA00TEX|270.352798221|256|0|1|1|-113|-64|-512|-192|-544|-232|10|-1|1
W|13370|0|1|ICEY|XA00TEX|321.57779212|256|0|1|1|-62|-64|-544|-232|-536|-320|10|-1|1
W|13369|0|1|ICEY|XA00TEX|409.940680258|256|0|1|1|-102|-64|-536|-320|-576|-384|10|-1|1
W|54|0|1|ICEY|XA00TEX|485.412529314|256|0|1|1|-27|-64|-576|-384|-616|-416|11|-1|1
W|13366|0|1|ICEY|XA00TEX|24.637523214|256|0|1|1|-104|-64|-616|-416|-672|-400|11|-1|1
W|13364|0|1|ICEY|XA00TEX|82.878402328|256|0|1|1|-46|-64|-672|-400|-712|-448|11|-1|1
W|13365|0|1|ICEY|XA00TEX|145.360399735|256|0|1|1|-112|-64|-712|-448|-768|-448|11|-1|1
W|53|0|1|ICEY|XA00TEX|201.360399735|256|0|1|1|-56|-64|-768|-448|-848|-424|1|-1|1
W|13363|0|1|ICEY|XA00TEX|284.882851807|256|0|1|1|-100|-64|-848|-424|-928|-376|1|-1|1
W|13361|0|1|ICEY|XA00TEX|378.178082124|256|0|1|1|-7|-64|-928|-376|-1024|-376|3277|-1|1
W|13362|0|1|ICEY|XA00TEX|474.178082124|256|0|1|1|-39|-64|-1024|-376|-1088|-320|3277|-1|1
W|52|0|1|ICEY|XA00TEX|47.219248626|256|0|1|1|-82|-64|-1088|-320|-1152|-192|3277|-1|1
W|17|0|1|ICEY|XA00TEX|42|256|0|1|1|-86|-64|-768|192|-576|0|9|-1|1
W|18|0|1|ICEY|XA00TEX|37|256|0|1|1|-91|-64|-960|576|-880|488|8|-1|1
W|13372|0|1|ICEY|XA00TEX|155.928549979|256|0|1|1|28|-64|-880|488|-864|384|8|-1|1
W|13371|0|1|ICEY|XA00TEX|261.152121482|256|0|1|1|-59|-64|-864|384|-792|328|8|-1|1
W|13373|0|1|ICEY|XA00TEX|352.36615549|256|0|1|1|-96|-64|-792|328|-768|192|8|-1|1
W|19|0|1|ICEY|XA00TEX|112|256|0|1|1|-16|-64|-1088|960|-1008|880|7|-1|1
W|13375|0|1|ICEY|XA00TEX|225.13708499|256|0|1|1|-31|-64|-1008|880|-1024|768|7|-1|1
W|13374|0|1|ICEY|XA00TEX|338.27416998|256|0|1|1|-46|-64|-1024|768|-968|696|7|-1|1
W|13376|0|1|ICEY|XA00TEX|429.488203988|256|0|1|1|-83|-64|-968|696|-960|576|7|-1|1
W|21|0|1|ICEY|XA00TEX|1|256|0|1|1|-127|-64|-1152|1408|-1024|1216|27|-1|1
W|20|0|1|ICEY|XA00TEX|231.75528163|256|0|1|1|-24|-64|-1024|1216|-1088|960|27|-1|1
W|22|0|1|ICEY|XA00TEX|18|256|0|1|1|-110|-40|-1216|1664|-1192|1568|2268|-1|1
W|23|0|1|ICEY|XA00TEX|76|256|0|1|1|-52|-64|-1152|1984|-1216|1664|4|-1|1
W|25|0|1|ICEY|XA00TEX|110|256|0|1|1|-18|-64|-1472|2240|-1280|2240|3|-1|1
W|24|0|1|ICEY|XA00TEX|302|256|0|1|1|-82|-64|-1280|2240|-1152|1984|3|-1|1
W|28|0|1|ICEY|XA00TEX|127|256|0|1|1|-1|-64|-1792|2048|-1728|2240|26|-1|1
W|27|0|1|ICEY|XA00TEX|329.385770251|256|0|1|1|-55|-64|-1728|2240|-1536|2304|26|-1|1
W|26|0|1|ICEY|XA00TEX|19.771540502|256|0|1|1|-109|-64|-1536|2304|-1472|2240|26|-1|1
W|30|0|1|ICEY|XA00TEX|45|256|0|1|1|-83|-64|-1792|1600|-1728|1792|4|-1|1
W|29|0|1|ICEY|XA00TEX|247.385770251|256|0|1|1|-9|-64|-1728|1792|-1792|2048|4|-1|1
W|32|0|1|ICEY|XA00TEX|56|256|0|1|1|-72|-40|-1664|1280|-1664|1360|2264|-1|1
W|33|0|1|ICEY|XA00TEX|110|256|0|1|1|-18|-64|-1792|1088|-1664|1280|6|-1|1
W|34|0|1|ICEY|XA00TEX|66|256|0|1|1|-62|-64|-2112|896|-2176|1024|2|-1|1
W|68|0|1|ICEY|XA00TEX|209.10835056|256|0|1|1|-47|-64|-2176|1024|-2432|1152|20|-1|1
W|69|0|1|ICEY|XA00TEX|495.32505168|256|0|1|1|-17|-64|-2432|1152|-2688|1280|17|-1|1
W|70|0|1|ICEY|XA00TEX|269.5417528|256|0|1|1|-115|-64|-2688|1280|-2816|1472|18|-1|1
W|71|0|1|ICEY|XA00TEX|500.29703443|256|0|1|1|-12|-64|-2816|1472|-2816|1728|19|-1|1
W|72|0|1|ICEY|XA00TEX|244.29703443|256|0|1|1|-12|-64|-2816|1728|-2560|1728|19|-1|1
W|74|0|1|ICEY|XA00TEX|500.29703443|256|0|1|1|-12|-64|-2560|1728|-2432|1472|18|-1|1
W|75|0|1|ICEY|XA00TEX|274.51373555|256|0|1|1|-110|-64|-2432|1472|-2176|1280|17|-1|1
W|73|0|1|ICEY|XA00TEX|82.51373555|256|0|1|1|-46|-64|-2176|1280|-1984|1152|20|-1|1
W|94|0|1|ICEY|XA00TEX|313.269017179|256|0|1|1|-71|-64|-1984|1152|-1792|1088|2|-1|1
W|35|0|1|ICEY|XA00TEX|29|256|0|1|1|-99|-64|-2240|816|-2136|844|30|-1|1
W|13430|0|1|ICEY|XA00TEX|136.703296143|256|0|1|1|-119|-64|-2136|844|-2112|896|30|-1|1
W|37|0|1|ICEY|XA00TEX|50|256|0|1|1|-78|-64|-2752|832|-2696|864|28|-1|1
W|13349|0|1|ICEY|XA00TEX|114.498061986|256|0|1|1|-14|-64|-2696|864|-2680|912|28|-1|1
W|13347|0|1|ICEY|XA00TEX|165.094504549|256|0|1|1|-91|-64|-2680|912|-2624|920|28|-1|1
W|13348|0|1|ICEY|XA00TEX|221.663047044|256|0|1|1|-34|-64|-2624|920|-2592|952|28|-1|1
W|36|0|1|ICEY|XA00TEX|266.91788104|256|0|1|1|-117|-64|-2592|952|-2544|936|28|-1|1
W|13350|0|1|ICEY|XA00TEX|317.514323603|256|0|1|1|-66|-64|-2544|936|-2520|888|28|-1|1
W|13351|0|1|ICEY|XA00TEX|371.179955063|256|0|1|1|-12|-64|-2520|888|-2472|888|28|-1|1
W|13352|0|1|ICEY|XA00TEX|419.179955063|256|0|1|1|-92|-64|-2472|888|-2440|864|28|-1|1
W|38|0|1|ICEY|XA00TEX|23|128|0|1|1|-105|-76|-3168|864|-3120|864|68|-1|1
W|45|0|1|ICEY|XA00TEX|33|128|0|1|1|33|-120|-3136|448|-3228|468|2277|-1|1
W|13444|0|1|ICEY|XA00TEX|127.148818368|128|0|1|1|127|-32|-3228|468|-3264|488|63|-1|1
W|280|0|1|ICEY|XA00TEX|168.331338931|128|0|1|1|40|-24|-3264|488|-3268|492|33|-1|1
W|282|0|1|ICEY|XA00TEX|173.988193181|128|0|1|1|46|-16|-3268|492|-3272|496|1823|-1|1
W|10896|0|1|ICEY|XA00TEX|179.64504743|128|0|1|1|52|-16|-3272|496|-3296|512|31|-1|1
W|46|0|1|ICEY|XA00TEX|76|256|0|1|1|-52|-64|-2880|384|-2936|432|69|-1|1
W|13356|0|1|ICEY|XA00TEX|149.756355658|256|0|1|1|-106|-64|-2936|432|-3016|408|69|-1|1
W|13357|0|1|ICEY|XA00TEX|233.27880773|256|0|1|1|-22|-64|-3016|408|-3072|448|69|-1|1
W|48|0|1|ICEY|XA00TEX|5|256|0|1|1|-123|-64|-2224|416|-2336|448|52|-1|1
W|245|0|1|ICEY|XA00TEX|121.481758228|256|0|1|1|-7|-64|-2336|448|-2344|448|54|-1|1
W|249|0|1|ICEY|XA00TEX|129.481758228|256|0|1|1|-127|-64|-2344|448|-2376|448|53|-1|1
W|248|0|1|ICEY|XA00TEX|161.481758228|256|0|1|1|-95|-64|-2376|448|-2384|448|55|-1|1
W|244|0|1|ICEY|XA00TEX|169.481758228|256|0|1|1|-87|-64|-2384|448|-2496|512|15|-1|1
W|47|0|1|ICEY|XA00TEX|298.477882201|256|0|1|1|-86|-64|-2496|512|-2568|488|15|-1|1
W|13355|0|1|ICEY|XA00TEX|374.372546045|256|0|1|1|-10|-64|-2568|488|-2656|416|15|-1|1
W|13353|0|1|ICEY|XA00TEX|488.073909274|256|0|1|1|-24|-64|-2656|416|-2744|416|15|-1|1
W|13354|0|1|ICEY|XA00TEX|64.073909274|256|0|1|1|-64|-64|-2744|416|-2880|384|15|-1|1
W|49|0|2|ICEY|XA00TEX|84|0|0|1|1|-44|-64|-1792|384|-1888|400|56|71|1
W|49|1|2|ICEY|XA00TEX|0|256|0|1|1|0|0|-1888|400|-1792|384|71|56|1
W|51|0|1|ICEY|XA00TEX|61|256|0|1|1|-67|-64|-1152|-192|-1208|-144|12|-1|1
W|13360|0|1|ICEY|XA00TEX|134.756355658|256|0|1|1|-121|-64|-1208|-144|-1216|-64|12|-1|1
W|13358|0|1|ICEY|XA00TEX|215.155360627|256|0|1|1|-41|-64|-1216|-64|-1264|-16|12|-1|1
W|13359|0|1|ICEY|XA00TEX|283.037611621|256|0|1|1|-101|-64|-1264|-16|-1280|64|12|-1|1
W|56|0|2|ICEY|XA00TEX|0|256|0|1|1|0|0|-1088|448|-1216|768|7|2|1
W|57|0|2|ICEY|XA00TEX|344.650547657|256|0|1|1|0|0|-1216|768|-1408|896|7|2|1
W|57|1|2|ICEY|XA00TEX|48|128|0|1|1|-80|-64|-1408|896|-1216|768|2|7|1
W|56|1|2|ICEY|XA00TEX|278.75528163|128|0|1|1|-105|-64|-1216|768|-1088|448|2|7|1
W|58|0|2|ICEY|XA00TEX|0|256|0|1|1|0|0|-1408|896|-1792|1088|6|2|1
W|58|1|2|ICEY|XA00TEX|3|128|0|1|1|-125|-64|-1792|1088|-1408|896|2|6|1
W|59|0|2|ICEY|XA00TEX|0|256|0|1|1|0|0|-2112|896|-1920|768|30|2|1
W|59|1|2|ICEY|XA00TEX|91|0|0|1|1|-37|0|-1920|768|-2112|896|2|30|1
W|61|0|2|ICEY|XA00TEX|0|256|0|1|1|0|0|-1536|512|-1370|346|13|2|1
W|61|1|2|ICEY|XA00TEX|100|0|0|1|1|-28|0|-1370|346|-1536|512|2|13|1
W|63|0|2|ICEY|XA00TEX|0|256|0|1|1|0|0|-704|-64|-896|192|9|2|1
W|63|1|2|ICEY|XA00TEX|50|128|0|1|1|-78|-64|-896|192|-704|-64|2|9|1
W|65|1|2|ICEY|XA00TEX|370|128|0|1|1|-14|-64|-704|-64|-704|-192|2|10|1
W|62|1|2|ICEY|XA00TEX|498|128|0|1|1|-14|-64|-704|-192|-832|-256|2|11|1
W|64|0|2|ICEY|XA00TEX|0|256|0|1|1|0|0|-896|192|-1088|448|8|2|1
W|64|1|2|ICEY|XA00TEX|114|128|0|1|1|-14|-64|-1088|448|-896|192|2|8|1
W|65|0|2|ICEY|XA00TEX|0|256|0|1|1|0|0|-704|-192|-704|-64|10|2|1
W|66|0|2|ICEY|XA00TEX|0|256|0|1|1|0|0|-1216|192|-960|-192|12|2|1
W|66|1|2|ICEY|XA00TEX|16|0|0|1|1|-112|-64|-960|-192|-1216|192|2|12|1
W|67|0|2|ICEY|XA00TEX|0|256|0|1|1|0|0|-960|-192|-832|-256|3277|2|1
W|67|1|2|ICEY|XA00TEX|1|0|0|1|1|-127|-64|-832|-256|-960|-192|2|3277|1
W|76|0|2|ICEY|XA00TEX|73|128|0|1|1|-55|-64|-1792|2048|-1152|1984|4|3|1
W|76|1|2|ICEY|XA00TEX|0|256|0|1|1|0|0|-1152|1984|-1792|2048|3|4|1
W|78|0|0|ICEY|XA00TEX|85|256|0|1|1|-43|-64|-1664|1280|-1536|1312|6|2264|1
W|78|0|2|ICEY|XA00TEX|85|256|0|1|1|-43|-64|-1664|1280|-1536|1312|6|2264|1
W|129|0|0|ICEY|XA00TEX|216.93938002|256|0|1|1|-39|-64|-1536|1312|-1408|1280|6|2264|1
W|129|0|2|ICEY|XA00TEX|216.93938002|256|0|1|1|-39|-64|-1536|1312|-1408|1280|6|2264|1
W|125|0|0|ICEY|XA00TEX|348.87876004|256|0|1|1|-35|-64|-1408|1280|-1280|1376|6|2264|1
W|125|0|2|ICEY|XA00TEX|348.87876004|256|0|1|1|-35|-64|-1408|1280|-1280|1376|6|2264|1
W|130|0|0|ICEY|XA00TEX|508.87876004|256|0|1|1|-3|-64|-1280|1376|-1152|1408|6|2264|1
W|130|0|2|ICEY|XA00TEX|508.87876004|256|0|1|1|-3|-64|-1280|1376|-1152|1408|6|2264|1
W|79|0|2|ICEY|XA00TEX|42|128|0|1|1|-86|-64|-1408|896|-1088|960|7|6|1
W|79|1|2|ICEY|XA00TEX|0|256|0|1|1|0|0|-1088|960|-1408|896|6|7|1
W|80|0|2|ICEY|XA00TEX|112|128|0|1|1|-16|-64|-1088|448|-960|576|8|7|1
W|80|1|2|ICEY|XA00TEX|0|256|0|1|1|0|0|-960|576|-1088|448|7|8|1
W|81|0|2|ICEY|XA00TEX|42|128|0|1|1|-86|-64|-896|192|-768|192|9|8|1
W|81|1|2|ICEY|XA00TEX|0|256|0|1|1|0|0|-768|192|-896|192|8|9|1
W|82|0|2|ICEY|XA00TEX|0|256|0|1|1|0|0|-704|-64|-576|0|10|9|1
W|82|1|2|ICEY|XA00TEX|0|256|0|1|1|0|0|-576|0|-704|-64|9|10|1
W|85|0|1|ICEY|XA00TEX|109|256|0|1|1|-19|-64|-1280|64|-1432|216|13|-1|1
W|263|0|1|ICEY|XA00TEX|323.960461481|256|0|1|1|-60|-64|-1432|216|-1438|222|57|-1|1
W|265|0|1|ICEY|XA00TEX|332.445742855|256|0|1|1|-52|-64|-1438|222|-1460|244|58|-1|1
W|266|0|1|ICEY|XA00TEX|363.558441227|256|0|1|1|-21|-64|-1460|244|-1466|250|60|-1|1
W|264|0|1|ICEY|XA00TEX|372.043722601|256|0|1|1|-13|-64|-1466|250|-1472|256|13|-1|1
W|50|0|1|ICEY|XA00TEX|380.529003976|256|0|1|1|-5|-64|-1472|256|-1704|348|13|-1|1
W|86|0|2|ICEY|XA00TEX|0|256|0|1|1|0|0|-1152|-192|-960|-192|3277|12|1
W|86|1|2|ICEY|XA00TEX|125|0|0|1|1|-3|-64|-960|-192|-1152|-192|12|3277|1
W|87|0|2|ICEY|XA00TEX|0|256|0|1|1|0|0|-1280|64|-1216|192|12|13|1
W|87|1|2|ICEY|XA00TEX|94|0|0|1|1|-34|-64|-1216|192|-1280|64|13|12|1
W|88|0|2|ICEY|XA00TEX|0|0|0|1|1|0|0|-1792|384|-1536|512|13|56|1
W|88|1|2|ICEY|XA00TEX|54|256|0|1|1|-74|0|-1536|512|-1792|384|56|13|1
W|89|1|2|ICEY|XA00TEX|117|0|0|1|1|-11|-64|-2240|816|-2224|416|52|14|1
W|90|0|2|ICEY|XA00TEX|0|256|0|1|1|0|0|-2880|384|-2752|832|15|69|1
W|90|1|2|ICEY|XA00TEX|122|0|0|1|1|-6|-64|-2752|832|-2880|384|69|15|1
W|99|1|2|ICEY|XA00TEX|0|256|0|1|1|0|0|-1372|1812|-1432|1764|4|2247|1
W|100|0|2|ICEY|XA00TEX|0|256|0|1|1|0|0|-1372|1812|-1296|1788|2246|4|1
W|100|1|2|ICEY|XA00TEX|0|128|0|1|1|0|0|-1296|1788|-1372|1812|4|2246|1
W|108|0|2|ICEY|XA00TEX|0|256|0|1|1|0|0|-2000|692|-1920|676|2242|14|1
W|110|0|2|ICEY|XA00TEX|0|0|0|1|1|0|0|-1920|676|-1936|664|2242|2241|1
W|110|1|2|ICEY|XA00TEX|0|256|0|1|1|0|0|-1936|664|-1920|676|2241|2242|1
W|111|0|2|ICEY|XA00TEX|0|256|0|1|1|0|0|-1920|676|-1904|608|2241|14|1
W|111|1|2|ICEY|XA00TEX|94|0|0|1|1|-34|0|-1904|608|-1920|676|14|2241|1
W|108|1|2|ICEY|XA00TEX|163.856996786|0|0|1|1|-92|0|-1920|676|-2000|692|14|2242|1
W|13250|1|2|ICEY|XA00TEX|245.441309004|0|0|1|1|-10|0|-2000|692|-2056|644|14|2237|1
W|13254|1|2|ICEY|XA00TEX|319.197664662|0|0|1|1|-64|0|-2056|644|-2056|580|14|2238|1
W|13256|1|2|ICEY|XA00TEX|383.197664662|0|0|1|1|-87|0|-2056|580|-1940|556|14|2239|1
W|112|0|2|ICEY|XA00TEX|0|0|0|1|1|0|0|-1904|608|-1940|556|2240|14|1
W|112|1|2|ICEY|XA00TEX|31|256|0|1|1|-97|0|-1940|556|-1904|608|14|2240|1
W|114|1|0|ICEY|XA00TEX|111|128|0|1|1|-17|-76|-3136|448|-3056|576|67|63|1
W|117|1|0|ICEY|XA00TEX|261.943698113|128|0|1|1|-122|-76|-3056|576|-3136|640|16|63|1
W|115|1|0|ICEY|XA00TEX|121|128|0|1|1|-7|-76|-3056|752|-3168|864|68|63|1
W|116|1|0|ICEY|XA00TEX|124|128|0|1|1|-4|-76|-3136|656|-3056|752|16|63|1
W|126|1|0|ICEY|XA00TEX|69|256|0|1|1|-59|-64|-1216|1664|-1344|1600|4|2268|1
W|128|1|0|ICEY|XA00TEX|212.10835056|256|0|1|1|-44|-64|-1344|1600|-1504|1632|4|2268|1
W|127|1|0|ICEY|XA00TEX|375.276974995|256|0|1|1|-9|-64|-1504|1632|-1600|1568|4|2268|1
W|77|1|0|ICEY|XA00TEX|490.65461581|256|0|1|1|-22|-64|-1600|1568|-1792|1600|4|2268|1
W|132|0|0|ICEY|XA00TEX|40|256|0|1|1|-88|-24|-1552|1472|-1520|1384|86|2261|1
W|132|0|2|ICEY|XA00TEX|40|256|0|1|1|-88|-24|-1552|1472|-1520|1384|86|2261|1
W|132|1|0|ICEY|XA00TEX|0|256|0|1|1|0|0|-1520|1384|-1552|1472|2261|86|1
W|132|1|2|ICEY|XA00TEX|0|256|0|1|1|0|0|-1520|1384|-1552|1472|2261|86|1
W|139|0|2|ICEY|XA00TEX|121|128|0|1|1|-7|-64|-1792|2048|-1472|2240|3|26|1
W|140|0|2|ICEY|XA00TEX|43|256|0|1|1|-85|-64|-1152|1408|-1088|960|6|27|1
W|141|0|2|ICEY|XA00TEX|4|256|0|1|1|-124|-64|-2752|832|-2672|848|15|28|1
W|13346|0|2|ICEY|XA00TEX|85.584312217|256|0|1|1|-42|-64|-2672|848|-2600|824|15|28|1
W|13343|0|2|ICEY|XA00TEX|161.478976062|256|0|1|1|-94|-64|-2600|824|-2576|824|15|28|1
W|13344|0|2|ICEY|XA00TEX|185.478976062|256|0|1|1|-70|-64|-2576|824|-2528|856|15|28|1
W|13345|0|2|ICEY|XA00TEX|243.167796469|256|0|1|1|-12|-64|-2528|856|-2440|864|15|28|1
W|146|1|2|ICEY|XA00TEX|89|0|0|1|1|-39|0|-1920|768|-2240|816|30|14|1
W|161|0|1|ICEY|XA00TEX|108|128|0|1|1|-20|0|-3296|768|-3280|792|31|-1|1
W|10899|0|1|ICEY|XA00TEX|136.844410204|128|0|1|1|-119|0|-3280|792|-3276|796|1823|-1|1
W|276|0|1|ICEY|XA00TEX|142.501264453|128|0|1|1|-113|0|-3276|796|-3272|800|33|-1|1
W|277|0|1|ICEY|XA00TEX|148.158118703|128|0|1|1|-107|0|-3272|800|-3224|816|63|-1|1
W|13455|0|1|ICEY|XA00TEX|198.754561265|128|0|1|1|-56|0|-3224|816|-3204|852|63|-1|1
W|13454|0|1|ICEY|XA00TEX|239.937081829|128|0|1|1|-15|0|-3204|852|-3168|864|63|-1|1
W|241|0|1|ICEY|XA00TEX|76|256|0|1|1|-52|-64|-2440|864|-2384|832|15|-1|1
W|242|0|1|ICEY|XA00TEX|140.498061986|256|0|1|1|-116|-64|-2384|832|-2376|832|55|-1|1
W|250|0|1|ICEY|XA00TEX|148.498061986|256|0|1|1|-108|-64|-2376|832|-2344|832|53|-1|1
W|251|0|1|ICEY|XA00TEX|180.498061986|256|0|1|1|-76|-64|-2344|832|-2336|832|54|-1|1
W|243|0|1|ICEY|XA00TEX|188.498061986|256|0|1|1|-68|-64|-2336|832|-2240|816|52|-1|1
W|254|0|2|ICEY|XA00TEX|0|256|0|1|1|0|0|-1840|752|-1672|728|56|2|1
W|60|0|2|ICEY|XA00TEX|169.705627485|256|0|1|1|0|0|-1672|728|-1552|624|56|2|1
W|13377|0|2|ICEY|XA00TEX|328.501093415|256|0|1|1|0|0|-1552|624|-1536|512|56|2|1
W|255|0|2|ICEY|XA00TEX|53|0|0|1|1|-75|-64|-1888|400|-2048|408|14|72|1
W|270|0|2|ICEY|XA00TEX|0|256|0|1|1|0|0|-1336|312|-1216|192|13|2|1
W|270|1|2|ICEY|XA00TEX|18|0|0|1|1|18|-64|-1216|192|-1336|312|2|13|1
W|292|0|1|ICEY|XA00TEX|47|128|0|1|1|-81|-76|-3072|448|-3136|448|67|-1|1
W|293|1|0|ICEY|XA00TEX|126|256|0|1|1|-2|-64|-3072|448|-3056|576|69|67|1
W|296|1|0|ICEY|XA00TEX|254.996123973|256|0|1|1|-1|-64|-3056|576|-3056|752|69|16|1
W|295|1|0|ICEY|XA00TEX|430.996123973|256|0|1|1|-81|-64|-3056|752|-3088|864|69|68|1
W|294|0|0|ICEY|XA00TEX|35|256|0|1|1|-93|-64|-3088|864|-2984|856|69|2271|1
W|13339|0|0|ICEY|XA00TEX|139.307238483|256|0|1|1|-117|-64|-2984|856|-2924|860|69|2271|1
W|13340|0|0|ICEY|XA00TEX|199.440423997|256|0|1|1|-57|-64|-2924|860|-2864|844|69|2271|1
W|13341|0|0|ICEY|XA00TEX|261.537122782|256|0|1|1|-123|-64|-2864|844|-2804|852|69|2271|1
W|13342|0|0|ICEY|XA00TEX|322.068106583|256|0|1|1|-62|-64|-2804|852|-2752|832|69|2271|1
W|297|1|0|ICEY|XA00TEX|108|128|0|1|1|-20|-76|-3136|640|-3136|656|16|63|1
W|298|0|1|ICEY|XA00TEX|46|256|0|1|1|-82|-64|-1704|348|-1748|308|70|-1|1
W|13429|0|1|ICEY|XA00TEX|105.464274989|256|0|1|1|-23|-64|-1748|308|-1788|316|70|-1|1
W|13428|0|1|ICEY|XA00TEX|146.256431098|256|0|1|1|-110|-64|-1788|316|-1832|288|70|-1|1
W|299|0|1|ICEY|XA00TEX|10|256|0|1|1|-118|-64|-1936|304|-1996|308|72|-1|1
W|13424|0|1|ICEY|XA00TEX|70.133185513|256|0|1|1|-58|-64|-1996|308|-1984|356|72|-1|1
W|13425|0|1|ICEY|XA00TEX|119.610453021|256|0|1|1|-9|-64|-1984|356|-2048|384|72|-1|1
W|13426|0|1|ICEY|XA00TEX|189.467449807|256|0|1|1|-67|-64|-2048|384|-2048|408|72|-1|1
W|300|0|1|ICEY|XA00TEX|70|256|0|1|1|-58|-64|-1832|288|-1876|312|71|-1|1
W|13427|0|1|ICEY|XA00TEX|120.119856345|256|0|1|1|-8|-64|-1876|312|-1936|304|71|-1|1
W|301|0|1|ICEY|XA00TEX|85|256|0|1|1|-43|-64|-2048|408|-2224|416|14|-1|1
W|302|0|2|ICEY|XA00TEX|117|128|0|1|1|-11|-64|-1704|348|-1792|384|13|70|1
W|302|1|2|ICEY|XA00TEX|0|256|0|1|1|0|0|-1792|384|-1704|348|70|13|1
W|303|0|2|ICEY|XA00TEX|0|256|0|1|1|0|0|-1832|288|-1832|312|70|71|1
W|13423|0|2|ICEY|XA00TEX|24|256|0|1|1|0|0|-1832|312|-1800|344|70|71|1
W|13422|0|2|ICEY|XA00TEX|69.254833996|256|0|1|1|0|0|-1800|344|-1792|384|70|71|1
W|304|0|2|ICEY|XA00TEX|53|0|0|1|1|-75|-64|-1936|304|-1912|352|71|72|1
W|13420|0|2|ICEY|XA00TEX|106.66563146|0|0|1|1|-21|-64|-1912|352|-1880|360|71|72|1
W|13421|0|2|ICEY|XA00TEX|139.650476465|0|0|1|1|-116|-64|-1880|360|-1888|400|71|72|1
W|417|0|1|ICEY|XA00TEX|50|256|0|1|1|-78|-40|-1172|1484|-1152|1408|2264|-1|1
W|420|0|0|ICEY|XA00TEX|0|256|0|1|1|0|0|-1328|1466|-1304|1460|2263|2265|1
W|420|0|2|ICEY|XA00TEX|0|256|0|1|1|0|0|-1328|1466|-1304|1460|2263|2265|1
W|420|1|0|ICEY|XA00TEX|0|256|0|1|1|0|0|-1304|1460|-1328|1466|2265|2263|1
W|420|1|2|ICEY|XA00TEX|0|256|0|1|1|0|0|-1304|1460|-1328|1466|2265|2263|1
W|421|1|0|ICEY|XA00TEX|117|256|0|1|1|-11|-40|-1192|1568|-1204|1562|2268|84|1
W|423|1|0|ICEY|XA00TEX|130.416407865|256|0|1|1|-126|-40|-1204|1562|-1260|1576|2268|84|1
W|13308|1|0|ICEY|XA00TEX|188.139886624|256|0|1|1|-68|-40|-1260|1576|-1340|1544|2268|84|1
W|422|0|1|ICEY|XA00TEX|92|256|0|1|1|-36|-24|-1192|1568|-1172|1484|84|-1|1
W|424|0|0|ICEY|XA00TEX|0|256|0|1|1|0|0|-1360|1536|-1340|1544|2265|2266|1
W|424|0|2|ICEY|XA00TEX|0|256|0|1|1|0|0|-1360|1536|-1340|1544|2265|2266|1
W|424|1|0|ICEY|XA00TEX|0|256|0|1|1|0|0|-1340|1544|-1360|1536|2266|2265|1
W|424|1|2|ICEY|XA00TEX|0|256|0|1|1|0|0|-1340|1544|-1360|1536|2266|2265|1
W|426|0|0|ICEY|XA00TEX|0|256|0|1|1|0|0|-1552|1472|-1520|1466|2261|2267|1
W|426|0|2|ICEY|XA00TEX|0|256|0|1|1|0|0|-1552|1472|-1520|1466|2261|2267|1
W|426|1|0|ICEY|XA00TEX|0|256|0|1|1|0|0|-1520|1466|-1552|1472|2267|2261|1
W|426|1|2|ICEY|XA00TEX|0|256|0|1|1|0|0|-1520|1466|-1552|1472|2267|2261|1
W|427|1|0|ICEY|XA00TEX|127|256|0|1|1|-1|-40|-1552|1472|-1600|1464|2268|86|1
W|428|1|0|ICEY|XA00TEX|175.662100242|256|0|1|1|-80|-40|-1600|1464|-1664|1464|2268|86|1
W|429|0|1|ICEY|XA00TEX|112|256|0|1|1|-16|-40|-1664|1464|-1664|1472|2268|-1|1
W|31|0|1|ICEY|XA00TEX|120|256|0|1|1|-8|-40|-1664|1472|-1792|1600|2268|-1|1
W|430|1|0|ICEY|XA00TEX|112|256|0|1|1|-16|-40|-1664|1360|-1568|1360|2264|86|1
W|13301|1|0|ICEY|XA00TEX|208|256|0|1|1|-48|-40|-1568|1360|-1520|1384|2264|86|1
W|431|0|1|ICEY|XA00TEX|8|256|0|1|1|-120|-24|-1664|1360|-1664|1464|86|-1|1
W|432|0|0|ICEY|XA00TEX|0|256|0|1|1|0|0|-1492|1398|-1520|1384|2261|2262|1
W|432|0|2|ICEY|XA00TEX|0|256|0|1|1|0|0|-1492|1398|-1520|1384|2261|2262|1
W|432|1|0|ICEY|XA00TEX|0|256|0|1|1|0|0|-1520|1384|-1492|1398|2262|2261|1
W|432|1|2|ICEY|XA00TEX|0|256|0|1|1|0|0|-1520|1384|-1492|1398|2262|2261|1
W|492|0|1|ICEY|XA00TEX|113|256|0|1|1|-15|0|-4736|-1280|-4688|-1232|172|-1|1
W|1079|0|1|ICEY|XA00TEX|180.882250994|256|0|1|1|-75|0|-4688|-1232|-4688|-1168|172|-1|1
W|1077|0|1|ICEY|XA00TEX|244.882250994|256|0|1|1|-19|0|-4688|-1168|-4720|-1096|172|-1|1
W|1080|0|1|ICEY|XA00TEX|323.673113408|256|0|1|1|-68|0|-4720|-1096|-4736|-1024|172|-1|1
W|1023|0|1|ICEY|XA00TEX|397.429469067|256|0|1|1|-122|0|-4736|-1024|-4720|-960|172|-1|1
W|1076|0|1|ICEY|XA00TEX|463.399159077|256|0|1|1|-56|0|-4720|-960|-4672|-896|172|-1|1
W|1038|0|1|ICEY|XA00TEX|31.399159077|256|0|1|1|-104|0|-4672|-896|-4640|-856|192|-1|1
W|499|0|1|ICEY|XA00TEX|13|256|0|1|1|-115|0|-4096|-448|-4096|-528|193|-1|1
W|500|0|1|ICEY|XA00TEX|25|128|0|1|1|-103|0|-4128|-336|-4096|-448|2437|-1|1
W|501|0|1|ICEY|XA00TEX|104|128|0|1|1|104|0|-4608|-448|-4576|-336|2437|-1|1
W|502|0|1|ICEY|XA00TEX|35|256|0|1|1|-93|0|-4096|-640|-4120|-712|192|-1|1
W|517|0|0|ICEY|XA00TEX|126|256|0|1|1|-2|0|-4608|-448|-4496|-488|193|2437|1
W|518|0|0|ICEY|XA00TEX|244.928549979|256|0|1|1|-11|0|-4496|-488|-4352|-480|193|2437|1
W|519|0|0|ICEY|XA00TEX|389.150600997|256|0|1|1|-123|0|-4352|-480|-4240|-488|193|2437|1
W|520|0|0|ICEY|XA00TEX|501.435951778|256|0|1|1|-11|0|-4240|-488|-4160|-480|193|2437|1
W|521|0|0|ICEY|XA00TEX|69.834956747|256|0|1|1|-59|0|-4160|-480|-4096|-448|193|2437|1
W|919|1|2|ICEY|XA00TEX|37|-256|0|1|1|-91|0|-4352|-1920|-4384|-1952|168|2446|1
W|921|1|2|ICEY|XA00TEX|82.254833996|-256|0|1|1|-46|0|-4384|-1952|-4368|-1984|168|2446|1
W|922|1|2|ICEY|XA00TEX|118.031921636|-256|0|1|1|-10|0|-4368|-1984|-4464|-2000|168|2446|1
W|917|1|2|ICEY|XA00TEX|215.356122121|-256|0|1|1|-41|0|-4464|-2000|-4512|-1968|168|2446|1
W|923|1|2|ICEY|XA00TEX|273.044942528|-256|0|1|1|-111|0|-4512|-1968|-4512|-1936|168|2446|1
W|924|1|2|ICEY|XA00TEX|305.044942528|-256|0|1|1|-79|0|-4512|-1936|-4480|-1920|168|2446|1
W|925|1|2|ICEY|XA00TEX|340.822030168|-256|0|1|1|-43|0|-4480|-1920|-4480|-1856|168|2446|1
W|926|0|0|ICEY|XA00TEX|0|0|0|1|1|0|0|-4464|-1488|-4608|-1536|188|195|1
W|926|0|2|ICEY|XA00TEX|0|0|0|1|1|0|0|-4464|-1488|-4608|-1536|188|195|1
W|926|1|0|ICEY|XA00TEX|75|0|0|1|1|-53|0|-4608|-1536|-4464|-1488|195|188|1
W|926|1|2|ICEY|XA00TEX|75|0|0|1|1|-53|0|-4608|-1536|-4464|-1488|195|188|1
W|932|1|2|ICEY|XA00TEX|99|-256|0|1|1|-29|0|-4464|-1488|-4528|-1440|170|188|1
W|918|1|2|ICEY|XA00TEX|179|-256|0|1|1|-77|0|-4528|-1440|-4480|-1392|170|188|1
W|920|1|2|ICEY|XA00TEX|246.882250994|-256|0|1|1|-9|0|-4480|-1392|-4528|-1344|170|188|1
W|11709|1|2|ICEY|XA00TEX|314.764501988|-256|0|1|1|-69|0|-4528|-1344|-4512|-1280|170|188|1
W|933|0|0|ICEY|XA00TEX|16|0|0|1|1|-112|0|-4352|-1920|-4392|-1868|169|168|1
W|15282|0|0|ICEY|XA00TEX|81.604877867|0|0|1|1|-46|0|-4392|-1868|-4480|-1856|169|168|1
W|935|0|2|ICEY|XA00TEX|0|0|0|1|1|0|0|-4352|-1920|-4288|-1888|195|169|1
W|934|0|2|ICEY|XA00TEX|71.55417528|0|0|1|1|0|0|-4288|-1888|-4304|-1840|195|169|1
W|931|0|2|ICEY|XA00TEX|122.150617843|0|0|1|1|0|0|-4304|-1840|-4368|-1792|195|169|1
W|930|0|2|ICEY|XA00TEX|202.150617843|0|0|1|1|0|0|-4368|-1792|-4336|-1744|195|169|1
W|929|0|2|ICEY|XA00TEX|259.83943825|0|0|1|1|0|0|-4336|-1744|-4320|-1664|195|169|1
W|928|0|2|ICEY|XA00TEX|341.423750468|0|0|1|1|0|0|-4320|-1664|-4352|-1536|195|169|1
W|927|0|2|ICEY|XA00TEX|473.363130487|0|0|1|1|0|0|-4352|-1536|-4304|-1504|195|169|1
W|936|0|2|ICEY|XA00TEX|19.051950895|0|0|1|1|0|0|-4304|-1504|-4320|-1440|195|169|1
W|936|1|2|ICEY|XA00TEX|78|-256|0|1|1|-50|0|-4320|-1440|-4304|-1504|169|195|1
W|927|1|2|ICEY|XA00TEX|143.96969001|-256|0|1|1|-112|0|-4304|-1504|-4352|-1536|169|195|1
W|928|1|2|ICEY|XA00TEX|201.658510417|-256|0|1|1|-54|0|-4352|-1536|-4320|-1664|169|195|1
W|929|1|2|ICEY|XA00TEX|333.597890437|-256|0|1|1|-50|0|-4320|-1664|-4336|-1744|169|195|1
W|930|1|2|ICEY|XA00TEX|415.182202655|-256|0|1|1|-96|0|-4336|-1744|-4368|-1792|169|195|1
W|931|1|2|ICEY|XA00TEX|472.871023062|-256|0|1|1|-38|0|-4368|-1792|-4304|-1840|169|195|1
W|934|1|2|ICEY|XA00TEX|40.871023062|-256|0|1|1|-86|0|-4304|-1840|-4288|-1888|169|195|1
W|935|1|2|ICEY|XA00TEX|91.467465625|-256|0|1|1|-35|0|-4288|-1888|-4352|-1920|169|195|1
W|15283|1|2|ICEY|XA00TEX|163.021640905|-256|0|1|1|0|0|-4352|-1920|-4308|-1932|2446|195|1
W|1031|1|2|ICEY|XA00TEX|208.628657909|-256|0|1|1|0|0|-4308|-1932|-4272|-1888|2446|195|1
W|1030|1|2|ICEY|XA00TEX|265.479339523|-256|0|1|1|0|0|-4272|-1888|-4096|-1920|2446|195|1
W|938|0|2|ICEY|XA00TEX|0|0|0|1|1|0|0|-4320|-1440|-4336|-1424|188|170|1
W|946|0|2|ICEY|XA00TEX|22.627416998|0|0|1|1|0|0|-4336|-1424|-4320|-1376|188|170|1
W|945|0|2|ICEY|XA00TEX|73.223859561|0|0|1|1|0|0|-4320|-1376|-4336|-1328|188|170|1
W|947|0|2|ICEY|XA00TEX|123.820302123|0|0|1|1|0|0|-4336|-1328|-4304|-1280|188|170|1
W|944|0|2|ICEY|XA00TEX|0|0|0|1|1|0|0|-4464|-1488|-4512|-1568|195|169|1
W|943|0|2|ICEY|XA00TEX|93.295230318|0|0|1|1|0|0|-4512|-1568|-4464|-1600|195|169|1
W|942|0|2|ICEY|XA00TEX|150.984050725|0|0|1|1|0|0|-4464|-1600|-4512|-1664|195|169|1
W|940|0|2|ICEY|XA00TEX|230.984050725|0|0|1|1|0|0|-4512|-1664|-4528|-1712|195|169|1
W|939|0|2|ICEY|XA00TEX|281.580493288|0|0|1|1|0|0|-4528|-1712|-4512|-1824|195|169|1
W|937|0|2|ICEY|XA00TEX|394.717578277|0|0|1|1|0|0|-4512|-1824|-4480|-1856|195|169|1
W|947|1|2|ICEY|XA00TEX|23|-256|0|1|1|-105|0|-4304|-1280|-4336|-1328|170|188|1
W|945|1|2|ICEY|XA00TEX|80.688820407|-256|0|1|1|-47|0|-4336|-1328|-4320|-1376|170|188|1
W|946|1|2|ICEY|XA00TEX|131.28526297|-256|0|1|1|-124|0|-4320|-1376|-4336|-1424|170|188|1
W|938|1|2|ICEY|XA00TEX|181.881705533|-256|0|1|1|-73|0|-4336|-1424|-4320|-1440|170|188|1
W|1009|0|1|ICEY|XA00TEX|78|0|0|1|1|-50|0|-4224|-1408|-4136|-1536|195|-1|1
W|1086|0|1|ICEY|XA00TEX|233.331902712|0|0|1|1|-23|0|-4136|-1536|-4160|-1664|195|-1|1
W|1014|0|1|ICEY|XA00TEX|45|0|0|1|1|-83|0|-4608|-1920|-4600|-1848|195|-1|1
W|1084|0|1|ICEY|XA00TEX|117.443081105|0|0|1|1|-11|0|-4600|-1848|-4640|-1776|195|-1|1
W|1085|0|1|ICEY|XA00TEX|199.808122233|0|0|1|1|-57|0|-4640|-1776|-4592|-1632|195|-1|1
W|1015|0|0|ICEY|XA00TEX|64|0|0|1|1|-64|0|-4608|-1536|-4656|-1488|188|2588|1
W|1015|0|2|ICEY|XA00TEX|64|0|0|1|1|-64|0|-4608|-1536|-4656|-1488|188|2588|1
W|1083|0|0|ICEY|XA00TEX|131.882250994|0|0|1|1|-124|0|-4656|-1488|-4672|-1408|188|2588|1
W|1083|0|2|ICEY|XA00TEX|131.882250994|0|0|1|1|-124|0|-4656|-1488|-4672|-1408|188|2588|1
W|1081|0|0|ICEY|XA00TEX|213.466563211|0|0|1|1|-42|0|-4672|-1408|-4736|-1344|188|2588|1
W|1081|0|2|ICEY|XA00TEX|213.466563211|0|0|1|1|-42|0|-4672|-1408|-4736|-1344|188|2588|1
W|1020|0|1|ICEY|XA00TEX|10|-128|0|1|1|10|0|-4096|-1920|-4112|-1992|2446|-1|1
W|1089|0|1|ICEY|XA00TEX|83.756355658|-128|0|1|1|84|0|-4112|-1992|-4160|-2048|2446|-1|1
W|1024|0|0|ICEY|XA00TEX|46|256|0|1|1|-82|0|-4672|-640|-4664|-536|193|2583|1
W|1024|1|2|ICEY|XA00TEX|118|128|0|1|1|118|0|-4664|-536|-4672|-640|2583|193|1
W|1029|0|1|ICEY|XA00TEX|98|0|0|1|1|98|0|-2816|-3072|-2736|-3120|201|-1|1
W|1262|0|1|ICEY|XA00TEX|191.295230318|0|0|1|1|63|0|-2736|-3120|-2624|-3136|201|-1|1
W|1099|0|1|ICEY|XA00TEX|304.432315307|0|0|1|1|48|0|-2624|-3136|-2544|-3120|201|-1|1
W|1263|0|1|ICEY|XA00TEX|386.016627525|0|0|1|1|2|0|-2544|-3120|-2496|-3072|201|-1|1
W|1098|0|1|ICEY|XA00TEX|453.898878519|0|0|1|1|70|0|-2496|-3072|-2480|-3008|201|-1|1
W|1264|0|1|ICEY|XA00TEX|7.868568529|0|0|1|1|8|0|-2480|-3008|-2496|-2944|201|-1|1
W|1097|0|1|ICEY|XA00TEX|73.838258539|0|0|1|1|74|0|-2496|-2944|-2560|-2912|201|-1|1
W|1145|0|1|ICEY|XA00TEX|145.392433819|0|0|1|1|18|0|-2560|-2912|-2640|-2816|201|-1|1
W|1140|0|1|ICEY|XA00TEX|270.356428633|0|0|1|1|15|0|-2640|-2816|-2624|-2752|201|-1|1
W|1146|0|1|ICEY|XA00TEX|336.326118643|0|0|1|1|81|0|-2624|-2752|-2576|-2688|201|-1|1
W|1288|0|1|ICEY|XA00TEX|416.326118643|0|0|1|1|33|0|-2576|-2688|-2480|-2704|201|-1|1
W|1142|0|1|ICEY|XA00TEX|1.650319128|0|0|1|1|2|0|-2480|-2704|-2432|-2752|201|-1|1
W|1141|0|1|ICEY|XA00TEX|69.532570122|0|0|1|1|70|0|-2432|-2752|-2400|-2832|201|-1|1
W|1135|0|1|ICEY|XA00TEX|155.695207036|0|0|1|1|28|0|-2400|-2832|-2320|-2816|201|-1|1
W|1138|0|1|ICEY|XA00TEX|237.279519253|0|0|1|1|110|0|-2320|-2816|-2256|-2768|201|-1|1
W|1096|0|1|ICEY|XA00TEX|317.279519253|0|0|1|1|62|0|-2256|-2768|-2160|-2768|201|-1|1
W|1294|0|1|ICEY|XA00TEX|413.279519253|0|0|1|1|30|0|-2160|-2768|-2048|-2816|201|-1|1
W|1100|0|1|ICEY|XA00TEX|23.131888947|0|0|1|1|24|0|-2048|-2816|-1936|-2788|262|-1|1
W|1332|0|1|ICEY|XA00TEX|138.578846464|0|0|1|1|11|0|-1936|-2788|-1920|-2784|275|-1|1
W|1235|0|1|ICEY|XA00TEX|155.071268967|0|0|1|1|27|0|-1920|-2784|-1792|-2752|272|-1|1
W|1101|0|1|ICEY|XA00TEX|287.010648987|0|0|1|1|31|0|-1792|-2752|-1600|-2752|252|-1|1
W|1102|0|1|ICEY|XA00TEX|479.010648987|0|0|1|1|95|0|-1600|-2752|-1560|-2768|252|-1|1
W|1351|0|1|ICEY|XA00TEX|10.091967444|0|0|1|1|10|0|-1560|-2768|-1540|-2776|254|-1|1
W|1319|0|1|ICEY|XA00TEX|31.632626672|0|0|1|1|32|0|-1540|-2776|-1280|-2832|253|-1|1
W|1027|0|1|ICEY|XA00TEX|297.59503003|0|0|1|1|42|0|-1280|-2832|-1168|-2896|253|-1|1
W|1284|0|1|ICEY|XA00TEX|426.591154003|0|0|1|1|43|0|-1168|-2896|-1168|-2944|253|-1|1
W|1030|0|0|ICEY|XA00TEX|118|0|0|1|1|-10|0|-4096|-1920|-4272|-1888|195|2446|1
W|1031|0|0|ICEY|XA00TEX|296.8854382|0|0|1|1|-87|0|-4272|-1888|-4308|-1932|195|2446|1
W|15283|0|0|ICEY|XA00TEX|353.736119814|0|0|1|1|-30|0|-4308|-1932|-4352|-1920|195|2446|1
W|1032|0|0|ICEY|XA00TEX|21|0|0|1|1|-107|0|-4480|-1856|-4560|-1868|195|2446|1
W|15284|0|0|ICEY|XA00TEX|101.894993665|0|0|1|1|-26|0|-4560|-1868|-4608|-1920|195|2446|1
W|1033|0|1|ICEY|XA00TEX|75|0|0|1|1|75|0|-3200|-3136|-3072|-3072|200|-1|1
W|1018|0|1|ICEY|XA00TEX|218.10835056|0|0|1|1|90|0|-3072|-3072|-3056|-3072|200|-1|1
W|1034|0|1|ICEY|XA00TEX|51|-128|0|1|1|51|0|-3200|-3520|-3328|-3520|2447|-1|1
W|1035|0|0|ICEY|XA00TEX|51|0|0|1|1|51|0|-3200|-3520|-3176|-3484|200|2447|1
W|1035|0|2|ICEY|XA00TEX|51|0|0|1|1|51|0|-3200|-3520|-3176|-3484|200|2447|1
W|15280|0|0|ICEY|XA00TEX|94.266615306|0|0|1|1|94|0|-3176|-3484|-3152|-3424|200|2447|1
W|15280|0|2|ICEY|XA00TEX|94.266615306|0|0|1|1|94|0|-3176|-3484|-3152|-3424|200|2447|1
W|15281|0|0|ICEY|XA00TEX|158.888592991|0|0|1|1|31|0|-3152|-3424|-3188|-3324|200|2447|1
W|15281|0|2|ICEY|XA00TEX|158.888592991|0|0|1|1|31|0|-3152|-3424|-3188|-3324|200|2447|1
W|1037|0|0|ICEY|XA00TEX|265.171235036|0|0|1|1|9|0|-3188|-3324|-3172|-3220|200|2447|1
W|1037|0|2|ICEY|XA00TEX|265.171235036|0|0|1|1|9|0|-3188|-3324|-3172|-3220|200|2447|1
W|1036|0|0|ICEY|XA00TEX|370.39480654|0|0|1|1|114|0|-3172|-3220|-3200|-3136|200|2447|1
W|1036|0|2|ICEY|XA00TEX|370.39480654|0|0|1|1|114|0|-3172|-3220|-3200|-3136|200|2447|1
W|1040|0|0|ICEY|XA00TEX|22|256|0|1|1|-106|0|-4672|-640|-4480|-576|192|193|1
W|1040|0|2|ICEY|XA00TEX|22|256|0|1|1|-106|0|-4672|-640|-4480|-576|192|193|1
W|1040|1|0|ICEY|XA00TEX|0|256|0|1|1|0|0|-4480|-576|-4672|-640|193|192|1
W|1040|1|2|ICEY|XA00TEX|0|256|0|1|1|0|0|-4480|-576|-4672|-640|193|192|1
W|1042|1|0|ICEY|XA00TEX|0|256|0|1|1|0|0|-4096|-640|-4288|-704|193|192|1
W|1042|1|2|ICEY|XA00TEX|0|256|0|1|1|0|0|-4096|-640|-4288|-704|193|192|1
W|11676|1|0|ICEY|XA00TEX|202.385770251|256|0|1|1|0|0|-4288|-704|-4384|-640|193|192|1
W|11676|1|2|ICEY|XA00TEX|202.385770251|256|0|1|1|0|0|-4288|-704|-4384|-640|193|192|1
W|1043|0|2|ICEY|XA00TEX|29|-256|0|1|1|-99|0|-4736|-1280|-4512|-1280|188|172|1
W|1044|0|0|ICEY|XA00TEX|0|0|0|1|1|0|0|-4224|-1408|-4320|-1440|188|195|1
W|1044|0|2|ICEY|XA00TEX|0|0|0|1|1|0|0|-4224|-1408|-4320|-1440|188|195|1
W|1044|1|0|ICEY|XA00TEX|105|0|0|1|1|-23|0|-4320|-1440|-4224|-1408|195|188|1
W|1044|1|2|ICEY|XA00TEX|105|0|0|1|1|-23|0|-4320|-1440|-4224|-1408|195|188|1
W|1051|0|1|ICEY|XA00TEX|23|-128|0|1|1|-105|0|-4544|-2048|-4592|-2000|2446|-1|1
W|1088|0|1|ICEY|XA00TEX|90.882250994|-128|0|1|1|-37|0|-4592|-2000|-4608|-1920|2446|-1|1
W|1054|0|1|ICEY|XA00TEX|75|-128|0|1|1|-53|0|-3328|-3136|-3200|-3136|2447|-1|1
W|1057|0|0|ICEY|XA00TEX|111|256|0|1|1|-17|0|-4120|-712|-4184|-768|192|2581|1
W|1057|0|2|ICEY|XA00TEX|111|256|0|1|1|-17|0|-4120|-712|-4184|-768|192|2581|1
W|1078|0|0|ICEY|XA00TEX|196.041166502|256|0|1|1|-60|0|-4184|-768|-4192|-832|192|2581|1
W|1078|0|2|ICEY|XA00TEX|196.041166502|256|0|1|1|-60|0|-4184|-768|-4192|-832|192|2581|1
W|1019|0|0|ICEY|XA00TEX|260.539228488|256|0|1|1|-124|0|-4192|-832|-4208|-864|192|2581|1
W|1019|0|2|ICEY|XA00TEX|260.539228488|256|0|1|1|-124|0|-4192|-832|-4208|-864|192|2581|1
W|1073|0|1|ICEY|XA00TEX|22|256|0|1|1|-106|0|-4664|-536|-4608|-448|193|-1|1
W|1075|0|0|ICEY|XA00TEX|75|256|0|1|1|-53|0|-4640|-856|-4624|-792|192|2585|1
W|498|0|0|ICEY|XA00TEX|140.96969001|256|0|1|1|-115|0|-4624|-792|-4656|-720|192|2585|1
W|1074|0|0|ICEY|XA00TEX|219.760552424|256|0|1|1|-36|0|-4656|-720|-4672|-640|192|2585|1
W|1081|1|2|ICEY|XA00TEX|56|-128|0|1|1|56|0|-4736|-1344|-4672|-1408|2588|188|1
W|1083|1|2|ICEY|XA00TEX|146.509667992|-128|0|1|1|19|0|-4672|-1408|-4656|-1488|2588|188|1
W|1015|1|2|ICEY|XA00TEX|228.093980209|-128|0|1|1|101|0|-4656|-1488|-4608|-1536|2588|188|1
W|1082|0|1|ICEY|XA00TEX|49|0|0|1|1|-79|0|-4736|-1344|-4736|-1280|188|-1|1
W|1087|0|0|ICEY|XA00TEX|95|0|0|1|1|-33|0|-4592|-1632|-4608|-1536|195|2588|1
W|1087|0|2|ICEY|XA00TEX|95|0|0|1|1|-33|0|-4592|-1632|-4608|-1536|195|2588|1
W|1094|0|0|ICEY|XA00TEX|107|0|0|1|1|-21|0|-4160|-1664|-4152|-1784|195|2580|1
W|1094|0|2|ICEY|XA00TEX|107|0|0|1|1|-21|0|-4160|-1664|-4152|-1784|195|2580|1
W|1092|0|0|ICEY|XA00TEX|227.266371027|0|0|1|1|-29|0|-4152|-1784|-4096|-1920|195|2580|1
W|1092|0|2|ICEY|XA00TEX|227.266371027|0|0|1|1|-29|0|-4152|-1784|-4096|-1920|195|2580|1
W|1104|0|1|ICEY|XA00TEX|103|-128|0|1|1|-25|0|-1184|-3776|-1192|-3848|189|-1|1
W|1251|0|1|ICEY|XA00TEX|175.443081105|-128|0|1|1|-81|0|-1192|-3848|-1344|-3856|189|-1|1
W|1105|0|1|ICEY|XA00TEX|327.653461829|-128|0|1|1|-57|0|-1344|-3856|-1544|-3816|189|-1|1
W|1185|0|2|ICEY|XA00TEX|0|-384|0|1|1|0|0|-2096|-3360|-2048|-3344|236|201|1
W|1495|0|2|ICEY|XA00TEX|50.596442563|-384|0|1|1|0|0|-2048|-3344|-2000|-3296|235|221|1
W|1497|0|2|ICEY|XA00TEX|118.478693557|-384|0|1|1|0|0|-2000|-3296|-1920|-3312|235|221|1
W|1500|0|2|ICEY|XA00TEX|200.063005774|-384|0|1|1|0|0|-1920|-3312|-1856|-3280|235|221|1
W|1287|0|2|ICEY|XA00TEX|271.617181054|-384|0|1|1|0|0|-1856|-3280|-1824|-3216|235|221|1
W|1292|0|2|ICEY|XA00TEX|343.171356334|-384|0|1|1|0|0|-1824|-3216|-1776|-3184|235|221|1
W|1293|0|2|ICEY|XA00TEX|400.860176741|-384|0|1|1|0|0|-1776|-3184|-1728|-3200|235|221|1
W|1219|0|2|ICEY|XA00TEX|451.456619304|-384|0|1|1|0|0|-1728|-3200|-1680|-3216|235|221|1
W|1289|0|2|ICEY|XA00TEX|502.053061867|-384|0|1|1|0|0|-1680|-3216|-1632|-3264|235|221|1
W|1205|0|2|ICEY|XA00TEX|57.935312861|-384|0|1|1|0|0|-1632|-3264|-1536|-3264|235|221|1
W|1234|0|2|ICEY|XA00TEX|153.935312861|-384|0|1|1|0|0|-1536|-3264|-1472|-3296|235|221|1
W|1187|0|2|ICEY|XA00TEX|0|-256|0|1|1|0|0|-2752|-3472|-2816|-3488|236|201|1
W|1220|0|2|ICEY|XA00TEX|0|-384|0|1|1|0|0|-2096|-3504|-2128|-3488|236|201|1
W|1221|0|2|ICEY|XA00TEX|0|-384|0|1|1|0|0|-1472|-3328|-1504|-3368|235|221|1
W|1290|0|2|ICEY|XA00TEX|51.224993899|-384|0|1|1|0|0|-1504|-3368|-1504|-3424|235|221|1
W|1226|0|2|ICEY|XA00TEX|107.224993899|-384|0|1|1|0|0|-1504|-3424|-1488|-3488|235|221|1
W|1291|0|2|ICEY|XA00TEX|173.194683909|-384|0|1|1|0|0|-1488|-3488|-1536|-3536|235|221|1
W|1238|0|2|ICEY|XA00TEX|241.076934903|-384|0|1|1|0|0|-1536|-3536|-1584|-3520|235|221|1
W|1286|0|2|ICEY|XA00TEX|291.673377466|-384|0|1|1|0|0|-1584|-3520|-1584|-3440|235|221|1
W|1182|0|2|ICEY|XA00TEX|371.673377466|-384|0|1|1|0|0|-1584|-3440|-1648|-3376|235|221|1
W|1247|0|2|ICEY|XA00TEX|462.183045458|-384|0|1|1|0|0|-1648|-3376|-1728|-3408|235|221|1
W|1285|0|2|ICEY|XA00TEX|36.345682372|-384|0|1|1|0|0|-1728|-3408|-1744|-3424|235|221|1
W|1282|0|2|ICEY|XA00TEX|58.97309937|-384|0|1|1|0|0|-1744|-3424|-1840|-3408|235|221|1
W|1278|0|2|ICEY|XA00TEX|156.297299855|-384|0|1|1|0|0|-1840|-3408|-1920|-3408|235|221|1
W|1279|0|2|ICEY|XA00TEX|236.297299855|-384|0|1|1|0|0|-1920|-3408|-1984|-3440|235|221|1
W|1280|0|2|ICEY|XA00TEX|307.851475135|-384|0|1|1|0|0|-1984|-3440|-2048|-3472|235|221|1
W|1188|0|2|ICEY|XA00TEX|379.405650415|-384|0|1|1|0|0|-2048|-3472|-2096|-3504|236|201|1
W|1305|1|2|ICEY|XA00TEX|0|0|0|1|1|0|0|-2816|-3296|-2864|-3264|200|237|1
W|1303|1|2|ICEY|XA00TEX|57.688820407|0|0|1|1|0|0|-2864|-3264|-2928|-3280|200|237|1
W|1302|1|2|ICEY|XA00TEX|123.658510417|0|0|1|1|0|0|-2928|-3280|-2976|-3280|200|237|1
W|1301|1|2|ICEY|XA00TEX|171.658510417|0|0|1|1|0|0|-2976|-3280|-3008|-3248|200|237|1
W|1299|1|2|ICEY|XA00TEX|216.913344413|0|0|1|1|0|0|-3008|-3248|-3040|-3216|200|237|1
W|1298|1|2|ICEY|XA00TEX|262.168178409|0|0|1|1|0|0|-3040|-3216|-3088|-3216|200|237|1
W|1297|1|2|ICEY|XA00TEX|310.168178409|0|0|1|1|0|0|-3088|-3216|-3120|-3264|200|237|1
W|1502|1|2|ICEY|XA00TEX|367.856998817|0|0|1|1|0|0|-3120|-3264|-3072|-3344|200|237|1
W|1508|1|2|ICEY|XA00TEX|461.152229134|0|0|1|1|0|0|-3072|-3344|-3040|-3376|200|237|1
W|1507|1|2|ICEY|XA00TEX|506.40706313|0|0|1|1|0|0|-3040|-3376|-2992|-3392|200|237|1
W|1506|1|2|ICEY|XA00TEX|45.003505693|0|0|1|1|0|0|-2992|-3392|-2944|-3392|200|237|1
W|1505|1|2|ICEY|XA00TEX|93.003505693|0|0|1|1|0|0|-2944|-3392|-2912|-3424|200|237|1
W|1504|1|2|ICEY|XA00TEX|138.258339689|0|0|1|1|0|0|-2912|-3424|-2880|-3488|200|237|1
W|1503|1|2|ICEY|XA00TEX|209.812514969|0|0|1|1|0|0|-2880|-3488|-2816|-3488|200|237|1
W|1325|0|0|ICEY|XA00TEX|106|0|0|1|1|106|0|-3056|-3072|-2984|-3096|200|572|1
W|1325|0|2|ICEY|XA00TEX|106|0|0|1|1|106|0|-3056|-3072|-2984|-3096|200|572|1
W|1528|0|0|ICEY|XA00TEX|181.894663844|0|0|1|1|54|0|-2984|-3096|-2880|-3096|200|572|1
W|1528|0|2|ICEY|XA00TEX|181.894663844|0|0|1|1|54|0|-2984|-3096|-2880|-3096|200|572|1
W|1527|0|0|ICEY|XA00TEX|285.894663844|0|0|1|1|30|0|-2880|-3096|-2816|-3072|200|572|1
W|1527|0|2|ICEY|XA00TEX|285.894663844|0|0|1|1|30|0|-2880|-3096|-2816|-3072|200|572|1
W|1346|0|1|ICEY|XA00TEX|106|0|0|1|1|106|0|-3056|-3072|-3008|-3040|572|-1|1
W|1347|0|1|ICEY|XA00TEX|163.688820407|0|0|1|1|36|0|-3008|-3040|-2960|-3056|572|-1|1
W|1348|0|1|ICEY|XA00TEX|214.28526297|0|0|1|1|87|0|-2960|-3056|-2928|-3024|573|-1|1
W|1372|0|1|ICEY|XA00TEX|259.540096966|0|0|1|1|4|0|-2928|-3024|-2912|-3008|2771|-1|1
W|1349|0|1|ICEY|XA00TEX|282.167513964|0|0|1|1|27|0|-2912|-3008|-2880|-3024|2771|-1|1
W|1350|0|1|ICEY|XA00TEX|317.944601604|0|0|1|1|63|0|-2880|-3024|-2816|-3072|572|-1|1
W|1489|0|2|ICEY|XA00TEX|0|-384|0|1|1|0|0|-2128|-3488|-2192|-3504|236|201|1
W|1490|0|2|ICEY|XA00TEX|0|-384|0|1|1|0|0|-2192|-3504|-2256|-3552|236|201|1
W|1491|0|2|ICEY|XA00TEX|0|-384|0|1|1|0|0|-2256|-3552|-2336|-3552|236|201|1
W|1492|0|2|ICEY|XA00TEX|0|-384|0|1|1|0|0|-2336|-3552|-2448|-3520|236|201|1
W|1493|0|2|ICEY|XA00TEX|0|-384|0|1|1|0|0|-2448|-3520|-2464|-3536|236|201|1
W|1494|0|2|ICEY|XA00TEX|0|-384|0|1|1|0|0|-2464|-3536|-2560|-3504|236|201|1
W|1496|0|2|ICEY|XA00TEX|0|-256|0|1|1|0|0|-2560|-3504|-2624|-3456|236|201|1
W|1498|0|2|ICEY|XA00TEX|0|-256|0|1|1|0|0|-2624|-3456|-2720|-3456|236|201|1
W|1499|0|2|ICEY|XA00TEX|0|-256|0|1|1|0|0|-2720|-3456|-2752|-3472|236|201|1
W|1503|0|2|ICEY|XA00TEX|0|-256|0|1|1|0|0|-2816|-3488|-2880|-3488|237|200|1
W|1504|0|2|ICEY|XA00TEX|64|-256|0|1|1|0|0|-2880|-3488|-2912|-3424|237|200|1
W|1505|0|2|ICEY|XA00TEX|135.55417528|-256|0|1|1|0|0|-2912|-3424|-2944|-3392|237|200|1
W|1506|0|2|ICEY|XA00TEX|180.809009276|-256|0|1|1|0|0|-2944|-3392|-2992|-3392|237|200|1
W|1507|0|2|ICEY|XA00TEX|228.809009276|-256|0|1|1|0|0|-2992|-3392|-3040|-3376|237|200|1
W|1508|0|2|ICEY|XA00TEX|279.405451839|-256|0|1|1|0|0|-3040|-3376|-3072|-3344|237|200|1
W|1502|0|2|ICEY|XA00TEX|324.660285835|-256|0|1|1|0|0|-3072|-3344|-3120|-3264|237|200|1
W|1297|0|2|ICEY|XA00TEX|417.955516152|-256|0|1|1|0|0|-3120|-3264|-3088|-3216|237|200|1
W|1298|0|2|ICEY|XA00TEX|475.64433656|-256|0|1|1|0|0|-3088|-3216|-3040|-3216|237|200|1
W|1299|0|2|ICEY|XA00TEX|11.64433656|-256|0|1|1|0|0|-3040|-3216|-3008|-3248|237|200|1
W|1301|0|2|ICEY|XA00TEX|56.899170555|-256|0|1|1|0|0|-3008|-3248|-2976|-3280|237|200|1
W|1302|0|2|ICEY|XA00TEX|102.154004551|-256|0|1|1|0|0|-2976|-3280|-2928|-3280|237|200|1
W|1303|0|2|ICEY|XA00TEX|150.154004551|-256|0|1|1|0|0|-2928|-3280|-2864|-3264|237|200|1
W|1305|0|2|ICEY|XA00TEX|216.123694561|-256|0|1|1|0|0|-2864|-3264|-2816|-3296|237|200|1
W|1509|1|2|ICEY|XA00TEX|273.812514969|-256|0|1|1|0|0|-2816|-3296|-2816|-3328|237|201|1
W|1510|0|2|ICEY|XA00TEX|305.812514969|-256|0|1|1|0|0|-2816|-3328|-2784|-3360|236|201|1
W|1511|0|2|ICEY|XA00TEX|0|-256|0|1|1|0|0|-2784|-3360|-2704|-3376|236|201|1
W|1512|0|2|ICEY|XA00TEX|0|-256|0|1|1|0|0|-2704|-3376|-2656|-3344|236|201|1
W|1513|0|2|ICEY|XA00TEX|0|-256|0|1|1|0|0|-2656|-3344|-2592|-3360|236|201|1
W|1514|0|2|ICEY|XA00TEX|0|-256|0|1|1|0|0|-2592|-3360|-2560|-3408|236|201|1
W|1515|0|2|ICEY|XA00TEX|0|-256|0|1|1|0|0|-2560|-3408|-2512|-3440|236|201|1
W|1516|0|2|ICEY|XA00TEX|0|-384|0|1|1|0|0|-2512|-3440|-2464|-3456|236|201|1
W|1517|0|2|ICEY|XA00TEX|0|-384|0|1|1|0|0|-2464|-3456|-2416|-3456|236|201|1
W|1518|0|2|ICEY|XA00TEX|0|-384|0|1|1|0|0|-2416|-3456|-2368|-3424|236|201|1
W|1519|0|2|ICEY|XA00TEX|0|-384|0|1|1|0|0|-2368|-3424|-2304|-3440|236|201|1
W|1520|0|2|ICEY|XA00TEX|0|-384|0|1|1|0|0|-2304|-3440|-2256|-3440|236|201|1
W|1521|0|2|ICEY|XA00TEX|0|-384|0|1|1|0|0|-2256|-3440|-2240|-3408|236|201|1
W|1522|0|2|ICEY|XA00TEX|0|-384|0|1|1|0|0|-2240|-3408|-2192|-3360|236|201|1
W|1523|0|2|ICEY|XA00TEX|0|-384|0|1|1|0|0|-2192|-3360|-2160|-3360|236|201|1
W|1524|0|2|ICEY|XA00TEX|0|-384|0|1|1|0|0|-2160|-3360|-2096|-3360|236|201|1
W|1529|0|1|ICEY|XA00TEX|15|0|0|1|1|-113|0|-1892|-3684|-1964|-3600|189|-1|1
W|1295|0|1|ICEY|XA00TEX|125.634533488|0|0|1|1|-2|0|-1964|-3600|-2048|-3584|189|-1|1
W|1106|0|1|ICEY|XA00TEX|211.144766793|0|0|1|1|84|0|-2048|-3584|-2128|-3600|201|-1|1
W|1296|0|1|ICEY|XA00TEX|292.729079011|0|0|1|1|38|0|-2128|-3600|-2192|-3648|201|-1|1
W|1258|0|1|ICEY|XA00TEX|372.729079011|0|0|1|1|118|0|-2192|-3648|-2272|-3664|201|-1|1
W|1259|0|1|ICEY|XA00TEX|454.313391228|0|0|1|1|72|0|-2272|-3664|-2368|-3648|201|-1|1
W|1107|0|1|ICEY|XA00TEX|39.637591713|0|0|1|1|41|0|-2368|-3648|-2480|-3552|201|-1|1
W|1257|0|1|ICEY|XA00TEX|187.15030303|0|0|1|1|61|0|-2480|-3552|-2624|-3520|201|-1|1
W|1108|0|1|ICEY|XA00TEX|334.663014346|0|0|1|1|81|0|-2624|-3520|-2816|-3584|201|-1|1
W|1028|0|1|ICEY|XA00TEX|25.048784597|0|0|1|1|27|0|-2816|-3584|-2912|-3568|200|-1|1
W|1260|0|1|ICEY|XA00TEX|122.372985082|0|0|1|1|124|0|-2912|-3568|-2992|-3600|200|-1|1
W|1261|0|1|ICEY|XA00TEX|208.535621996|0|0|1|1|82|0|-2992|-3600|-3072|-3584|200|-1|1
W|1012|0|1|ICEY|XA00TEX|290.119934214|0|0|1|1|36|0|-3072|-3584|-3200|-3520|200|-1|1
W|1531|0|0|ICEY|XA00TEX|19|-128|0|1|1|-109|0|-1544|-3816|-1736|-3784|189|571|1
W|1531|0|2|ICEY|XA00TEX|19|-128|0|1|1|-109|0|-1544|-3816|-1736|-3784|189|571|1
W|1095|0|0|ICEY|XA00TEX|213.64840097|-128|0|1|1|-42|0|-1736|-3784|-1892|-3684|189|571|1
W|1095|0|2|ICEY|XA00TEX|213.64840097|-128|0|1|1|-42|0|-1736|-3784|-1892|-3684|189|571|1
W|1533|0|1|ICEY|XA00TEX|1|-128|0|1|1|-127|0|-1544|-3816|-1576|-3848|571|-1|1
W|1534|0|1|ICEY|XA00TEX|46.254833996|-128|0|1|1|-82|0|-1576|-3848|-1656|-3840|571|-1|1
W|1535|0|1|ICEY|XA00TEX|126.653838965|-128|0|1|1|-2|0|-1656|-3840|-1696|-3864|562|-1|1
W|1557|0|1|ICEY|XA00TEX|173.301454124|-128|0|1|1|-83|0|-1696|-3864|-1752|-3840|562|-1|1
W|1558|0|1|ICEY|XA00TEX|234.227638971|-128|0|1|1|-22|0|-1752|-3840|-1780|-3840|563|-1|1
W|1366|0|1|ICEY|XA00TEX|262.227638971|-128|0|1|1|-122|0|-1780|-3840|-1816|-3840|276|-1|1
W|1559|0|1|ICEY|XA00TEX|298.227638971|-128|0|1|1|-86|0|-1816|-3840|-1840|-3800|276|-1|1
W|1560|0|1|ICEY|XA00TEX|344.875254129|-128|0|1|1|-39|0|-1840|-3800|-1880|-3788|277|-1|1
W|1561|0|1|ICEY|XA00TEX|386.636480165|-128|0|1|1|-125|0|-1880|-3788|-1920|-3776|571|-1|1
W|1530|0|1|ICEY|XA00TEX|428.397706201|-128|0|1|1|-83|0|-1920|-3776|-1896|-3728|571|-1|1
W|1532|0|1|ICEY|XA00TEX|482.063337661|-128|0|1|1|-29|0|-1896|-3728|-1892|-3684|571|-1|1
W|2797|0|1|ICEY|XA00TEX|0|-384|0|1|1|0|0|512|-6400|672|-6304|530|-1|1
W|2802|0|1|ICEY|XA00TEX|0|-256|0|1|1|0|0|1280|-6400|1440|-6432|798|-1|1
W|2803|0|1|ICEY|XA00TEX|0|-384|0|1|1|0|0|1120|-6304|1280|-6400|530|-1|1
W|2805|0|0|ICEY|XA00TEX|0|-256|0|1|1|0|0|512|-6400|704|-6432|798|530|1
W|2806|0|0|ICEY|XA00TEX|194.64840097|-256|0|1|1|0|0|704|-6432|928|-6368|798|530|1
W|2807|0|0|ICEY|XA00TEX|427.611917427|-256|0|1|1|0|0|928|-6368|1120|-6432|798|530|1
W|2808|0|0|ICEY|XA00TEX|117.997687677|-256|0|1|1|0|0|1120|-6432|1280|-6400|798|530|1
W|4185|0|1|ICEY|XA00TEX|0|-256|0|1|1|0|0|2944|-6464|3072|-6784|798|-1|1
W|2801|0|1|ICEY|XA00TEX|344.650547657|-256|0|1|1|0|0|3072|-6784|3008|-6976|798|-1|1
W|3305|0|1|ICEY|XA00TEX|35.036317907|-256|0|1|1|0|0|3008|-6976|3184|-7424|3207|-1|1
W|10810|0|1|ICEY|XA00TEX|4.367804515|-256|0|1|1|0|0|3184|-7424|3136|-7904|3207|-1|1
W|10815|0|1|ICEY|XA00TEX|486.761834329|-256|0|1|1|0|0|3136|-7904|2976|-8320|3206|-1|1
W|10816|0|1|ICEY|XA00TEX|420.470259199|-256|0|1|1|0|0|2976|-8320|2400|-8480|3206|-1|1
W|10811|0|1|ICEY|XA00TEX|506.279593351|-256|0|1|1|0|0|2400|-8480|1888|-8416|3206|-1|1
W|10813|0|1|ICEY|XA00TEX|510.264089243|-256|0|1|1|0|0|1888|-8416|1888|-8000|3206|-1|1
W|10814|0|1|ICEY|XA00TEX|414.264089243|-256|0|1|1|0|0|1888|-8000|2512|-7904|3206|-1|1
W|10809|0|1|ICEY|XA00TEX|21.605518265|-256|0|1|1|0|0|2512|-7904|2592|-7424|3208|-1|1
W|10812|0|1|ICEY|XA00TEX|508.226520689|-256|0|1|1|0|0|2592|-7424|2496|-6976|3208|-1|1
W|10808|0|1|ICEY|XA00TEX|454.396794714|-256|0|1|1|0|0|2496|-6976|1920|-7040|798|-1|1
W|2811|0|1|ICEY|XA00TEX|9.941443554|-256|0|1|1|0|0|1920|-7040|1280|-6976|798|-1|1
W|2800|0|1|ICEY|XA00TEX|141.133483306|-256|0|1|1|0|0|1280|-6976|960|-7040|798|-1|1
W|2810|0|1|ICEY|XA00TEX|467.470732176|-256|0|1|1|0|0|960|-7040|832|-6784|798|-1|1
W|2799|0|1|ICEY|XA00TEX|241.687433296|-256|0|1|1|0|0|832|-6784|448|-6848|798|-1|1
W|2798|0|1|ICEY|XA00TEX|118.984235235|-256|0|1|1|0|0|448|-6848|576|-6656|798|-1|1
W|2809|0|1|ICEY|XA00TEX|349.739516865|-256|0|1|1|0|0|576|-6656|512|-6400|798|-1|1
W|4186|1|0|ICEY|XA00TEX|0|-256|0|1|1|0|0|2688|-6496|2944|-6464|798|528|1
W|4186|1|2|ICEY|XA00TEX|0|-256|0|1|1|0|0|2688|-6496|2944|-6464|798|528|1
W|4187|1|0|ICEY|XA00TEX|0|-256|0|1|1|0|0|1440|-6432|1568|-6464|798|3209|1
W|4187|1|2|ICEY|XA00TEX|0|-256|0|1|1|0|0|1440|-6432|1568|-6464|798|3209|1
W|4188|1|0|ICEY|XA00TEX|131.93938002|-256|0|1|1|0|0|1568|-6464|1728|-6432|798|3209|1
W|4188|1|2|ICEY|XA00TEX|131.93938002|-256|0|1|1|0|0|1568|-6464|1728|-6432|798|3209|1
W|4189|1|0|ICEY|XA00TEX|0|-256|0|1|1|0|0|1728|-6432|1792|-6464|798|3213|1
W|4189|1|2|ICEY|XA00TEX|0|-256|0|1|1|0|0|1728|-6432|1792|-6464|798|3213|1
W|4190|1|0|ICEY|XA00TEX|71.55417528|-256|0|1|1|0|0|1792|-6464|1984|-6432|798|3213|1
W|4190|1|2|ICEY|XA00TEX|71.55417528|-256|0|1|1|0|0|1792|-6464|1984|-6432|798|3213|1
W|4191|1|0|ICEY|XA00TEX|0|-256|0|1|1|0|0|1984|-6432|2048|-6464|798|3210|1
W|4191|1|2|ICEY|XA00TEX|0|-256|0|1|1|0|0|1984|-6432|2048|-6464|798|3210|1
W|4192|1|0|ICEY|XA00TEX|0|-256|0|1|1|0|0|2048|-6464|2272|-6496|798|3211|1
W|4192|1|2|ICEY|XA00TEX|0|-256|0|1|1|0|0|2048|-6464|2272|-6496|798|3211|1
W|4193|0|1|ICEY|XA00TEX|0|-256|0|1|1|0|0|1440|-6432|1504|-6400|3209|-1|1
W|4195|1|0|ICEY|XA00TEX|0|-256|0|1|1|0|0|2272|-6496|2432|-6432|798|3212|1
W|4195|1|2|ICEY|XA00TEX|0|-256|0|1|1|0|0|2272|-6496|2432|-6432|798|3212|1
W|4196|1|0|ICEY|XA00TEX|172.325273828|-256|0|1|1|0|0|2432|-6432|2688|-6496|798|3212|1
W|4196|1|2|ICEY|XA00TEX|172.325273828|-256|0|1|1|0|0|2432|-6432|2688|-6496|798|3212|1
W|4197|0|1|ICEY|XA00TEX|0|-256|0|1|1|0|0|2888|-6400|2944|-6464|528|-1|1
W|7243|0|1|ICEY|XA00TEX|0|-256|0|1|1|0|0|1760|-3576|1760|-3688|1328|-1|1
W|7316|0|1|ICEY|XA00TEX|0|-256|0|1|1|0|0|1968|-3232|1968|-3424|1347|-1|1
W|7411|0|1|ICEY|XA00TEX|0|-256|0|1|1|0|0|1760|-2968|1760|-3080|1326|-1|1
W|10835|1|2|ICEY|XA00TEX|0|128|0|1|1|0|0|-756|-328|-704|-328|1819|1818|1
W|10836|1|2|ICEY|XA00TEX|52|128|0|1|1|0|0|-704|-328|-696|-320|1819|1818|1
W|10836|0|2|ICEY|XA00TEX|0|256|0|1|1|0|0|-696|-320|-704|-328|1818|1819|1
W|10835|0|2|ICEY|XA00TEX|11.313708499|256|0|1|1|0|0|-704|-328|-756|-328|1818|1819|1
W|10846|0|2|ICEY|XA00TEX|0|256|0|1|1|0|0|-752|-320|-704|-320|1818|1816|1
W|10846|1|2|ICEY|XA00TEX|0|256|0|1|1|0|0|-704|-320|-752|-320|1816|1818|1
W|10847|0|2|ICEY|XA00TEX|0|256|0|1|1|0|0|-752|-320|-744|-312|1816|1817|1
W|10848|0|2|ICEY|XA00TEX|11.313708499|256|0|1|1|0|0|-744|-312|-744|-304|1816|1817|1
W|10849|0|2|ICEY|XA00TEX|19.313708499|256|0|1|1|0|0|-744|-304|-736|-296|1816|1817|1
W|10850|0|2|ICEY|XA00TEX|30.627416998|256|0|1|1|0|0|-736|-296|-720|-300|1816|1817|1
W|10851|0|2|ICEY|XA00TEX|47.1198395|256|0|1|1|0|0|-720|-300|-716|-312|1816|1817|1
W|10852|0|2|ICEY|XA00TEX|59.768950141|256|0|1|1|0|0|-716|-312|-704|-320|1816|1817|1
W|10853|0|2|ICEY|XA00TEX|0|256|0|1|1|0|0|-704|-320|-696|-320|1818|1815|1
W|10853|1|2|ICEY|XA00TEX|0|128|0|1|1|0|0|-696|-320|-704|-320|1815|1818|1
W|10852|1|2|ICEY|XA00TEX|8|128|0|1|1|0|0|-704|-320|-716|-312|1817|1816|1
W|10851|1|2|ICEY|XA00TEX|22.422205102|128|0|1|1|0|0|-716|-312|-720|-300|1817|1816|1
W|10850|1|2|ICEY|XA00TEX|35.071315743|128|0|1|1|0|0|-720|-300|-736|-296|1817|1816|1
W|10849|1|2|ICEY|XA00TEX|51.563738245|128|0|1|1|0|0|-736|-296|-744|-304|1817|1816|1
W|10848|1|2|ICEY|XA00TEX|62.877446744|128|0|1|1|0|0|-744|-304|-744|-312|1817|1816|1
W|10847|1|2|ICEY|XA00TEX|70.877446744|128|0|1|1|0|0|-744|-312|-752|-320|1817|1816|1
W|10855|0|2|ICEY|XA00TEX|82.191155243|128|0|1|1|0|0|-752|-320|-756|-328|1815|1818|1
W|10855|1|2|ICEY|XA00TEX|0|256|0|1|1|0|0|-756|-328|-752|-320|1818|1815|1
W|10856|0|2|ICEY|XA00TEX|0|128|0|1|1|0|0|-756|-328|-756|-340|11|1819|1
W|10857|0|2|ICEY|XA00TEX|12|128|0|1|1|0|0|-756|-340|-748|-352|11|1819|1
W|10858|0|2|ICEY|XA00TEX|26.422205102|128|0|1|1|0|0|-748|-352|-740|-368|11|1819|1
W|10859|0|2|ICEY|XA00TEX|44.310748922|128|0|1|1|0|0|-740|-368|-724|-368|11|1819|1
W|10860|0|2|ICEY|XA00TEX|60.310748922|128|0|1|1|0|0|-724|-368|-712|-376|11|1819|1
W|10861|0|2|ICEY|XA00TEX|74.732954024|128|0|1|1|0|0|-712|-376|-688|-376|11|1819|1
W|10862|0|2|ICEY|XA00TEX|98.732954024|128|0|1|1|0|0|-688|-376|-676|-348|11|1819|1
W|10863|0|2|ICEY|XA00TEX|129.196046447|128|0|1|1|0|0|-676|-348|-688|-336|11|1819|1
W|10864|0|2|ICEY|XA00TEX|146.166609196|128|0|1|1|0|0|-688|-336|-696|-320|11|1819|1
W|10864|1|2|ICEY|XA00TEX|0|256|0|1|1|0|0|-696|-320|-688|-336|1819|11|1
W|10863|1|2|ICEY|XA00TEX|17.88854382|256|0|1|1|0|0|-688|-336|-676|-348|1819|11|1
W|10862|1|2|ICEY|XA00TEX|34.859106568|256|0|1|1|0|0|-676|-348|-688|-376|1819|11|1
W|10861|1|2|ICEY|XA00TEX|65.322198992|256|0|1|1|0|0|-688|-376|-712|-376|1819|11|1
W|10860|1|2|ICEY|XA00TEX|89.322198992|256|0|1|1|0|0|-712|-376|-724|-368|1819|11|1
W|10859|1|2|ICEY|XA00TEX|103.744404094|256|0|1|1|0|0|-724|-368|-740|-368|1819|11|1
W|10858|1|2|ICEY|XA00TEX|119.744404094|256|0|1|1|0|0|-740|-368|-748|-352|1819|11|1
W|10857|1|2|ICEY|XA00TEX|137.632947914|256|0|1|1|0|0|-748|-352|-756|-340|1819|11|1
W|10856|1|2|ICEY|XA00TEX|152.055153016|256|0|1|1|0|0|-756|-340|-756|-328|1819|11|1
W|10871|0|2|ICEY|XA00TEX|0|256|0|1|1|0|0|-1508|1920|-1492|1924|1821|65|1
W|10873|0|2|ICEY|XA00TEX|16.492422502|256|0|1|1|0|0|-1492|1924|-1480|1920|1821|65|1
W|10872|0|2|ICEY|XA00TEX|0|256|0|1|1|0|0|-1480|1920|-1508|1920|1821|66|1
W|10872|1|2|ICEY|XA00TEX|0|256|0|1|1|0|0|-1508|1920|-1480|1920|66|1821|1
W|10874|0|2|ICEY|XA00TEX|0|256|0|1|1|0|0|-1480|1920|-1476|1908|66|1822|1
W|10875|0|2|ICEY|XA00TEX|12.649110641|256|0|1|1|0|0|-1476|1908|-1480|1904|66|1822|1
W|10876|0|2|ICEY|XA00TEX|18.30596489|256|0|1|1|0|0|-1480|1904|-1496|1904|66|1822|1
W|10877|0|2|ICEY|XA00TEX|34.30596489|256|0|1|1|0|0|-1496|1904|-1504|1908|66|1822|1
W|10878|0|2|ICEY|XA00TEX|43.2502368|256|0|1|1|0|0|-1504|1908|-1508|1920|66|1822|1
W|11654|0|2|ICEY|XA00TEX|96|-128|0|1|1|-32|0|-4480|-576|-4448|-560|174|193|1
W|11655|0|2|ICEY|XA00TEX|131.77708764|-128|0|1|1|-124|0|-4448|-560|-4464|-528|174|193|1
W|11656|0|2|ICEY|XA00TEX|167.55417528|-128|0|1|1|-88|0|-4464|-528|-4432|-512|174|193|1
W|11657|0|2|ICEY|XA00TEX|203.33126292|-128|0|1|1|-52|0|-4432|-512|-4416|-496|174|193|1
W|11658|0|2|ICEY|XA00TEX|225.958679918|-128|0|1|1|-29|0|-4416|-496|-4384|-512|174|193|1
W|11659|0|2|ICEY|XA00TEX|261.735767558|-128|0|1|1|-121|0|-4384|-512|-4352|-512|174|193|1
W|11660|0|2|ICEY|XA00TEX|293.735767558|-128|0|1|1|-89|0|-4352|-512|-4336|-496|174|193|1
W|11661|0|2|ICEY|XA00TEX|316.363184556|-128|0|1|1|-66|0|-4336|-496|-4272|-496|174|193|1
W|11662|0|2|ICEY|XA00TEX|380.363184556|-128|0|1|1|-2|0|-4272|-496|-4256|-528|174|193|1
W|11663|0|2|ICEY|XA00TEX|416.140272196|-128|0|1|1|-94|0|-4256|-528|-4224|-512|174|193|1
W|11664|0|2|ICEY|XA00TEX|451.917359836|-128|0|1|1|-58|0|-4224|-512|-4160|-512|174|193|1
W|11665|0|2|ICEY|XA00TEX|3.917359836|-128|0|1|1|-122|0|-4160|-512|-4144|-544|174|193|1
W|11667|0|2|ICEY|XA00TEX|39.694447476|-128|0|1|1|-86|0|-4144|-544|-4096|-528|174|193|1
W|11666|0|1|ICEY|XA00TEX|93|256|0|1|1|-35|0|-4096|-528|-4096|-608|174|-1|1
W|11667|1|2|ICEY|XA00TEX|0|256|0|1|1|0|0|-4096|-528|-4144|-544|193|174|1
W|11665|1|2|ICEY|XA00TEX|50.596442563|256|0|1|1|0|0|-4144|-544|-4160|-512|193|174|1
W|11664|1|2|ICEY|XA00TEX|86.373530203|256|0|1|1|0|0|-4160|-512|-4224|-512|193|174|1
W|11663|1|2|ICEY|XA00TEX|150.373530203|256|0|1|1|0|0|-4224|-512|-4256|-528|193|174|1
W|11662|1|2|ICEY|XA00TEX|186.150617843|256|0|1|1|0|0|-4256|-528|-4272|-496|193|174|1
W|11661|1|2|ICEY|XA00TEX|221.927705483|256|0|1|1|0|0|-4272|-496|-4336|-496|193|174|1
W|11660|1|2|ICEY|XA00TEX|285.927705483|256|0|1|1|0|0|-4336|-496|-4352|-512|193|174|1
W|11659|1|2|ICEY|XA00TEX|308.555122481|256|0|1|1|0|0|-4352|-512|-4384|-512|193|174|1
W|11658|1|2|ICEY|XA00TEX|340.555122481|256|0|1|1|0|0|-4384|-512|-4416|-496|193|174|1
W|11657|1|2|ICEY|XA00TEX|376.332210121|256|0|1|1|0|0|-4416|-496|-4432|-512|193|174|1
W|11656|1|2|ICEY|XA00TEX|398.959627119|256|0|1|1|0|0|-4432|-512|-4464|-528|193|174|1
W|11655|1|2|ICEY|XA00TEX|434.736714759|256|0|1|1|0|0|-4464|-528|-4448|-560|193|174|1
W|11654|1|2|ICEY|XA00TEX|470.513802399|256|0|1|1|0|0|-4448|-560|-4480|-576|193|174|1
W|11668|0|1|ICEY|XA00TEX|3|256|0|1|1|-125|0|-4096|-608|-4096|-640|193|-1|1
W|11669|1|2|ICEY|XA00TEX|0|256|0|1|1|0|0|-4384|-640|-4368|-640|193|174|1
W|11675|1|2|ICEY|XA00TEX|16|256|0|1|1|0|0|-4368|-640|-4336|-608|193|174|1
W|11674|1|2|ICEY|XA00TEX|61.254833996|256|0|1|1|0|0|-4336|-608|-4256|-624|193|174|1
W|11673|1|2|ICEY|XA00TEX|142.839146213|256|0|1|1|0|0|-4256|-624|-4240|-608|193|174|1
W|11672|1|2|ICEY|XA00TEX|165.466563211|256|0|1|1|0|0|-4240|-608|-4208|-592|193|174|1
W|11671|1|2|ICEY|XA00TEX|201.243650851|256|0|1|1|0|0|-4208|-592|-4144|-624|193|174|1
W|11670|1|2|ICEY|XA00TEX|272.797826131|256|0|1|1|0|0|-4144|-624|-4096|-608|193|174|1
W|11670|0|2|ICEY|XA00TEX|45|-128|0|1|1|-83|0|-4096|-608|-4144|-624|174|193|1
W|11671|0|2|ICEY|XA00TEX|95.596442563|-128|0|1|1|-32|0|-4144|-624|-4208|-592|174|193|1
W|11672|0|2|ICEY|XA00TEX|167.150617843|-128|0|1|1|-88|0|-4208|-592|-4240|-608|174|193|1
W|11673|0|2|ICEY|XA00TEX|202.927705483|-128|0|1|1|-52|0|-4240|-608|-4256|-624|174|193|1
W|11674|0|2|ICEY|XA00TEX|225.555122481|-128|0|1|1|-29|0|-4256|-624|-4336|-608|174|193|1
W|11675|0|2|ICEY|XA00TEX|307.139434698|-128|0|1|1|-75|0|-4336|-608|-4368|-640|174|193|1
W|11669|0|2|ICEY|XA00TEX|352.394268694|-128|0|1|1|-30|0|-4368|-640|-4384|-640|174|193|1
W|11676|0|0|ICEY|XA00TEX|102|256|0|1|1|-26|0|-4384|-640|-4288|-704|192|193|1
W|11676|0|2|ICEY|XA00TEX|102|256|0|1|1|-26|0|-4384|-640|-4288|-704|192|193|1
W|1042|0|0|ICEY|XA00TEX|217.377640815|256|0|1|1|-39|0|-4288|-704|-4096|-640|192|193|1
W|1042|0|2|ICEY|XA00TEX|217.377640815|256|0|1|1|-39|0|-4288|-704|-4096|-640|192|193|1
W|11677|0|2|ICEY|XA00TEX|114|-128|0|1|1|-14|0|-4384|-640|-4384|-720|173|192|1
W|11678|0|2|ICEY|XA00TEX|194|-128|0|1|1|-62|0|-4384|-720|-4336|-752|173|192|1
W|11679|0|2|ICEY|XA00TEX|251.688820407|-128|0|1|1|-4|0|-4336|-752|-4336|-784|173|192|1
W|11680|0|2|ICEY|XA00TEX|283.688820407|-128|0|1|1|-100|0|-4336|-784|-4352|-800|173|192|1
W|11681|0|2|ICEY|XA00TEX|306.316237405|-128|0|1|1|-77|0|-4352|-800|-4320|-832|173|192|1
W|11683|0|2|ICEY|XA00TEX|351.571071401|-128|0|1|1|-32|0|-4320|-832|-4320|-896|173|192|1
W|11685|1|2|ICEY|XA00TEX|0|256|0|1|1|0|0|-4480|-576|-4512|-624|192|173|1
W|11691|1|2|ICEY|XA00TEX|57.688820407|256|0|1|1|0|0|-4512|-624|-4528|-672|192|173|1
W|11690|1|2|ICEY|XA00TEX|108.28526297|256|0|1|1|0|0|-4528|-672|-4512|-688|192|173|1
W|11689|1|2|ICEY|XA00TEX|130.912679968|256|0|1|1|0|0|-4512|-688|-4512|-752|192|173|1
W|11688|1|2|ICEY|XA00TEX|194.912679968|256|0|1|1|0|0|-4512|-752|-4528|-816|192|173|1
W|11687|1|2|ICEY|XA00TEX|260.882369978|256|0|1|1|0|0|-4528|-816|-4496|-848|192|173|1
W|11686|1|2|ICEY|XA00TEX|306.137203974|256|0|1|1|0|0|-4496|-848|-4544|-896|192|173|1
W|11692|0|2|ICEY|XA00TEX|374.019454968|256|0|1|1|0|0|-4544|-896|-4496|-976|172|171|1
W|11693|0|2|ICEY|XA00TEX|467.314685285|256|0|1|1|0|0|-4496|-976|-4528|-1024|172|171|1
W|11694|0|2|ICEY|XA00TEX|13.003505693|256|0|1|1|0|0|-4528|-1024|-4592|-1088|172|171|1
W|11695|0|2|ICEY|XA00TEX|103.513173685|256|0|1|1|0|0|-4592|-1088|-4544|-1152|172|171|1
W|11696|0|2|ICEY|XA00TEX|183.513173685|256|0|1|1|0|0|-4544|-1152|-4480|-1200|172|171|1
W|11697|0|2|ICEY|XA00TEX|263.513173685|256|0|1|1|0|0|-4480|-1200|-4512|-1248|172|171|1
W|11699|0|2|ICEY|XA00TEX|321.201994092|256|0|1|1|0|0|-4512|-1248|-4512|-1280|172|171|1
W|11686|0|2|ICEY|XA00TEX|105|-128|0|1|1|-23|0|-4544|-896|-4496|-848|173|192|1
W|11687|0|2|ICEY|XA00TEX|172.882250994|-128|0|1|1|-83|0|-4496|-848|-4528|-816|173|192|1
W|11688|0|2|ICEY|XA00TEX|218.13708499|-128|0|1|1|-38|0|-4528|-816|-4512|-752|173|192|1
W|11689|0|2|ICEY|XA00TEX|284.106775|-128|0|1|1|-100|0|-4512|-752|-4512|-688|173|192|1
W|11690|0|2|ICEY|XA00TEX|348.106775|-128|0|1|1|-36|0|-4512|-688|-4528|-672|173|192|1
W|11691|0|2|ICEY|XA00TEX|370.734191998|-128|0|1|1|-13|0|-4528|-672|-4512|-624|173|192|1
W|11685|0|2|ICEY|XA00TEX|421.33063456|-128|0|1|1|-90|0|-4512|-624|-4480|-576|173|192|1
W|11692|1|2|ICEY|XA00TEX|12|-128|0|1|1|-116|0|-4496|-976|-4544|-896|171|172|1
W|11693|1|2|ICEY|XA00TEX|82|-128|0|1|1|-46|0|-4528|-1024|-4496|-976|171|172|1
W|11694|1|2|ICEY|XA00TEX|119|-128|0|1|1|-9|0|-4592|-1088|-4528|-1024|171|172|1
W|11695|1|2|ICEY|XA00TEX|39|-128|0|1|1|-89|0|-4544|-1152|-4592|-1088|171|172|1
W|11696|1|2|ICEY|XA00TEX|87|-128|0|1|1|-41|0|-4480|-1200|-4544|-1152|171|172|1
W|11697|1|2|ICEY|XA00TEX|29|-256|0|1|1|-99|0|-4512|-1248|-4480|-1200|171|172|1
W|11699|1|2|ICEY|XA00TEX|125|-256|0|1|1|-3|0|-4512|-1280|-4512|-1248|171|172|1
W|11700|0|2|ICEY|XA00TEX|56|-256|0|1|1|-72|0|-4304|-1280|-4096|-1280|188|194|1
W|11701|0|2|ICEY|XA00TEX|0|256|0|1|1|0|0|-4304|-1280|-4352|-1232|194|171|1
W|11702|0|2|ICEY|XA00TEX|67.882250994|256|0|1|1|0|0|-4352|-1232|-4304|-1200|194|171|1
W|11703|0|2|ICEY|XA00TEX|125.571071401|256|0|1|1|0|0|-4304|-1200|-4320|-1120|194|171|1
W|11704|0|2|ICEY|XA00TEX|207.155383619|256|0|1|1|0|0|-4320|-1120|-4384|-1088|194|171|1
W|11705|0|2|ICEY|XA00TEX|278.709558899|256|0|1|1|0|0|-4384|-1088|-4384|-1056|194|171|1
W|11706|0|2|ICEY|XA00TEX|310.709558899|256|0|1|1|0|0|-4384|-1056|-4336|-1008|194|171|1
W|11707|0|2|ICEY|XA00TEX|378.591809893|256|0|1|1|0|0|-4336|-1008|-4352|-960|194|171|1
W|11708|0|2|ICEY|XA00TEX|429.188252455|256|0|1|1|0|0|-4352|-960|-4320|-896|194|171|1
W|11683|1|2|ICEY|XA00TEX|500.742427735|256|0|1|1|0|0|-4320|-896|-4320|-832|192|173|1
W|11681|1|2|ICEY|XA00TEX|52.742427735|256|0|1|1|0|0|-4320|-832|-4352|-800|192|173|1
W|11680|1|2|ICEY|XA00TEX|97.997261731|256|0|1|1|0|0|-4352|-800|-4336|-784|192|173|1
W|11679|1|2|ICEY|XA00TEX|120.624678729|256|0|1|1|0|0|-4336|-784|-4336|-752|192|173|1
W|11678|1|2|ICEY|XA00TEX|152.624678729|256|0|1|1|0|0|-4336|-752|-4384|-720|192|173|1
W|11677|1|2|ICEY|XA00TEX|210.313499137|256|0|1|1|0|0|-4384|-720|-4384|-640|192|173|1
W|11701|1|2|ICEY|XA00TEX|83|-256|0|1|1|-45|0|-4352|-1232|-4304|-1280|171|194|1
W|11702|1|2|ICEY|XA00TEX|25|-256|0|1|1|-103|0|-4304|-1200|-4352|-1232|171|194|1
W|11703|1|2|ICEY|XA00TEX|71|-128|0|1|1|-57|0|-4320|-1120|-4304|-1200|171|194|1
W|11704|1|2|ICEY|XA00TEX|127|-128|0|1|1|-1|0|-4384|-1088|-4320|-1120|171|194|1
W|11705|1|2|ICEY|XA00TEX|95|-128|0|1|1|-33|0|-4384|-1056|-4384|-1088|171|194|1
W|11706|1|2|ICEY|XA00TEX|27|-128|0|1|1|-101|0|-4336|-1008|-4384|-1056|171|194|1
W|11707|1|2|ICEY|XA00TEX|104|-128|0|1|1|-24|0|-4352|-960|-4336|-1008|171|194|1
W|11708|1|2|ICEY|XA00TEX|32|-128|0|1|1|-96|0|-4320|-896|-4352|-960|171|194|1
W|11709|0|2|ICEY|XA00TEX|0|0|0|1|1|0|0|-4512|-1280|-4528|-1344|188|170|1
W|920|0|2|ICEY|XA00TEX|65.96969001|0|0|1|1|0|0|-4528|-1344|-4480|-1392|188|170|1
W|918|0|2|ICEY|XA00TEX|133.851941004|0|0|1|1|0|0|-4480|-1392|-4528|-1440|188|170|1
W|932|0|2|ICEY|XA00TEX|201.734191998|0|0|1|1|0|0|-4528|-1440|-4464|-1488|188|170|1
W|13228|0|2|ICEY|XA00TEX|0|0|0|1|1|0|0|-2672|560|-2680|576|2226|2236|1
W|13228|1|2|ICEY|XA00TEX|0|256|0|1|1|0|0|-2680|576|-2672|560|2236|2226|1
W|13229|0|2|ICEY|XA00TEX|0|0|0|1|1|0|0|-2680|576|-2656|624|2226|15|1
W|13229|1|2|ICEY|XA00TEX|70|256|0|1|1|70|0|-2656|624|-2680|576|15|2226|1
W|13230|0|2|ICEY|XA00TEX|0|0|0|1|1|0|0|-2656|624|-2652|612|2226|2227|1
W|13230|1|2|ICEY|XA00TEX|0|256|0|1|1|0|0|-2652|612|-2656|624|2227|2226|1
W|13231|0|2|ICEY|XA00TEX|0|256|0|1|1|0|0|-2656|624|-2588|608|2227|15|1
W|13232|0|2|ICEY|XA00TEX|0|256|0|1|1|0|0|-2588|608|-2596|596|2227|2228|1
W|13232|1|2|ICEY|XA00TEX|0|0|0|1|1|0|0|-2596|596|-2588|608|2228|2227|1
W|13233|0|2|ICEY|XA00TEX|0|256|0|1|1|0|0|-2588|608|-2548|556|2228|15|1
W|13233|1|2|ICEY|XA00TEX|62|0|0|1|1|-66|0|-2548|556|-2588|608|15|2228|1
W|13231|1|2|ICEY|XA00TEX|127.604877867|0|0|1|1|0|0|-2588|608|-2656|624|15|2227|1
W|13234|0|2|ICEY|XA00TEX|0|0|0|1|1|0|0|-2548|556|-2560|556|2228|2229|1
W|13234|1|2|ICEY|XA00TEX|0|256|0|1|1|0|0|-2560|556|-2548|556|2229|2228|1
W|13235|0|2|ICEY|XA00TEX|0|0|0|1|1|0|0|-2548|556|-2600|504|2229|15|1
W|13235|1|2|ICEY|XA00TEX|15|256|0|1|1|15|0|-2600|504|-2548|556|15|2229|1
W|13236|0|2|ICEY|XA00TEX|0|256|0|1|1|0|0|-2600|504|-2604|512|2229|2230|1
W|13236|1|2|ICEY|XA00TEX|0|0|0|1|1|0|0|-2604|512|-2600|504|2230|2229|1
W|13237|0|2|ICEY|XA00TEX|0|256|0|1|1|0|0|-2600|504|-2648|492|2230|15|1
W|13238|0|2|ICEY|XA00TEX|0|0|0|1|1|0|0|-2648|492|-2656|500|2230|2231|1
W|13238|1|2|ICEY|XA00TEX|0|256|0|1|1|0|0|-2656|500|-2648|492|2231|2230|1
W|13239|0|2|ICEY|XA00TEX|0|256|0|1|1|0|0|-2648|492|-2656|480|2231|15|1
W|13239|1|2|ICEY|XA00TEX|80|0|0|1|1|80|0|-2656|480|-2648|492|15|2231|1
W|13237|1|2|ICEY|XA00TEX|94.422205102|0|0|1|1|94|0|-2648|492|-2600|504|15|2230|1
W|13240|0|2|ICEY|XA00TEX|0|256|0|1|1|0|0|-2656|480|-2664|488|2231|2232|1
W|13240|1|2|ICEY|XA00TEX|0|0|0|1|1|0|0|-2664|488|-2656|480|2232|2231|1
W|13241|0|2|ICEY|XA00TEX|0|0|0|1|1|0|0|-2656|480|-2696|472|2232|15|1
W|13241|1|2|ICEY|XA00TEX|39|256|0|1|1|39|0|-2696|472|-2656|480|15|2232|1
W|13242|0|2|ICEY|XA00TEX|0|0|0|1|1|0|0|-2696|472|-2696|480|2232|2233|1
W|13242|1|2|ICEY|XA00TEX|0|256|0|1|1|0|0|-2696|480|-2696|472|2233|2232|1
W|13243|0|2|ICEY|XA00TEX|0|256|0|1|1|0|0|-2696|472|-2736|500|2233|15|1
W|13243|1|2|ICEY|XA00TEX|118|0|0|1|1|118|0|-2736|500|-2696|472|15|2233|1
W|13244|0|2|ICEY|XA00TEX|0|256|0|1|1|0|0|-2736|500|-2728|504|2233|2234|1
W|13244|1|2|ICEY|XA00TEX|0|0|0|1|1|0|0|-2728|504|-2736|500|2234|2233|1
W|13245|0|2|ICEY|XA00TEX|0|0|0|1|1|0|0|-2736|500|-2744|540|2234|15|1
W|13245|1|2|ICEY|XA00TEX|77|256|0|1|1|77|0|-2744|540|-2736|500|15|2234|1
W|13246|0|2|ICEY|XA00TEX|0|0|0|1|1|0|0|-2744|540|-2736|536|2234|2235|1
W|13246|1|2|ICEY|XA00TEX|0|256|0|1|1|0|0|-2736|536|-2744|540|2235|2234|1
W|13247|0|2|ICEY|XA00TEX|0|256|0|1|1|0|0|-2744|540|-2704|580|2235|15|1
W|13248|0|2|ICEY|XA00TEX|0|256|0|1|1|0|0|-2704|580|-2704|568|2235|2236|1
W|13248|1|2|ICEY|XA00TEX|0|0|0|1|1|0|0|-2704|568|-2704|580|2236|2235|1
W|13249|0|2|ICEY|XA00TEX|0|256|0|1|1|0|0|-2704|580|-2680|576|2236|15|1
W|13249|1|2|ICEY|XA00TEX|124|0|0|1|1|124|0|-2680|576|-2704|580|15|2236|1
W|13247|1|2|ICEY|XA00TEX|148.331050121|0|0|1|1|20|0|-2704|580|-2744|540|15|2235|1
W|13250|0|2|ICEY|XA00TEX|0|256|0|1|1|0|0|-2056|644|-2000|692|2237|14|1
W|13251|0|2|ICEY|XA00TEX|0|256|0|1|1|0|0|-2000|692|-2000|680|2237|2242|1
W|13251|1|2|ICEY|XA00TEX|0|0|0|1|1|0|0|-2000|680|-2000|692|2242|2237|1
W|13252|0|2|ICEY|XA00TEX|0|0|0|1|1|0|0|-2048|640|-2056|644|2237|2238|1
W|13252|1|2|ICEY|XA00TEX|0|256|0|1|1|0|0|-2056|644|-2048|640|2238|2237|1
W|13253|0|2|ICEY|XA00TEX|0|256|0|1|1|0|0|-2048|584|-2056|580|2238|2239|1
W|13253|1|2|ICEY|XA00TEX|0|0|0|1|1|0|0|-2056|580|-2048|584|2239|2238|1
W|13254|0|2|ICEY|XA00TEX|0|256|0|1|1|0|0|-2056|580|-2056|644|2238|14|1
W|13255|0|2|ICEY|XA00TEX|0|256|0|1|1|0|0|-1944|568|-1940|556|2239|2240|1
W|13255|1|2|ICEY|XA00TEX|0|0|0|1|1|0|0|-1940|556|-1944|568|2240|2239|1
W|13256|0|2|ICEY|XA00TEX|0|256|0|1|1|0|0|-1940|556|-2056|580|2239|14|1
W|13257|0|2|ICEY|XA00TEX|0|256|0|1|1|0|0|-1920|608|-1904|608|2240|2241|1
W|13257|1|2|ICEY|XA00TEX|0|0|0|1|1|0|0|-1904|608|-1920|608|2241|2240|1
W|13265|1|2|ICEY|XA00TEX|0|256|0|1|1|0|0|-1432|1764|-1432|1688|4|2248|1
W|13266|0|2|ICEY|XA00TEX|0|256|0|1|1|0|0|-1432|1764|-1420|1756|2248|2247|1
W|13266|1|2|ICEY|XA00TEX|0|128|0|1|1|0|0|-1420|1756|-1432|1764|2247|2248|1
W|13267|0|2|ICEY|XA00TEX|0|256|0|1|1|0|0|-1420|1692|-1432|1688|2248|2250|1
W|13267|1|2|ICEY|XA00TEX|0|128|0|1|1|0|0|-1432|1688|-1420|1692|2250|2248|1
W|13268|0|2|ICEY|XA00TEX|0|256|0|1|1|0|0|-1372|1652|-1376|1640|2250|2251|1
W|13268|1|2|ICEY|XA00TEX|0|128|0|1|1|0|0|-1376|1640|-1372|1652|2251|2250|1
W|13269|0|2|ICEY|XA00TEX|0|128|0|1|1|0|0|-1376|1640|-1432|1688|2250|4|1
W|13265|0|2|ICEY|XA00TEX|73.756355658|128|0|1|1|0|0|-1432|1688|-1432|1764|2248|4|1
W|99|0|2|ICEY|XA00TEX|149.756355658|128|0|1|1|0|0|-1432|1764|-1372|1812|2247|4|1
W|13269|1|2|ICEY|XA00TEX|0|256|0|1|1|0|0|-1432|1688|-1376|1640|4|2250|1
W|13270|0|2|ICEY|XA00TEX|0|256|0|1|1|0|0|-1308|1668|-1300|1652|2251|21|1
W|13270|1|2|ICEY|XA00TEX|0|128|0|1|1|0|0|-1300|1652|-1308|1668|21|2251|1
W|13271|0|2|ICEY|XA00TEX|0|256|0|1|1|0|0|-1300|1652|-1376|1640|2251|4|1
W|13271|1|2|ICEY|XA00TEX|0|128|0|1|1|0|0|-1376|1640|-1300|1652|4|2251|1
W|13272|0|2|ICEY|XA00TEX|0|256|0|1|1|0|0|-1284|1724|-1268|1724|21|2244|1
W|13272|1|2|ICEY|XA00TEX|0|128|0|1|1|0|0|-1268|1724|-1284|1724|2244|21|1
W|13273|1|2|ICEY|XA00TEX|0|256|0|1|1|0|0|-1300|1652|-1268|1724|4|21|1
W|13274|0|2|ICEY|XA00TEX|0|256|0|1|1|0|0|-1308|1780|-1296|1788|2244|2246|1
W|13274|1|2|ICEY|XA00TEX|0|128|0|1|1|0|0|-1296|1788|-1308|1780|2246|2244|1
W|13275|0|2|ICEY|XA00TEX|0|128|0|1|1|0|0|-1296|1788|-1268|1724|2244|4|1
W|13273|0|2|ICEY|XA00TEX|69.856996786|128|0|1|1|0|0|-1268|1724|-1300|1652|21|4|1
W|13275|1|2|ICEY|XA00TEX|0|256|0|1|1|0|0|-1268|1724|-1296|1788|4|2244|1
W|13276|0|2|ICEY|XA00TEX|0|256|0|1|1|0|0|-1372|1796|-1372|1812|2246|2247|1
W|13276|1|2|ICEY|XA00TEX|0|128|0|1|1|0|0|-1372|1812|-1372|1796|2247|2246|1
W|13284|0|2|ICEY|XA00TEX|0|128|0|1|1|0|0|-1691|1915|-1691|1953|2256|4|1
W|13297|0|2|ICEY|XA00TEX|38|128|0|1|1|0|0|-1691|1953|-1661|1977|2255|4|1
W|13284|1|2|ICEY|XA00TEX|0|256|0|1|1|0|0|-1691|1953|-1691|1915|4|2256|1
W|13285|0|2|ICEY|XA00TEX|0|256|0|1|1|0|0|-1691|1953|-1685|1949|2256|2255|1
W|13285|1|2|ICEY|XA00TEX|0|128|0|1|1|0|0|-1685|1949|-1691|1953|2255|2256|1
W|13286|0|2|ICEY|XA00TEX|0|256|0|1|1|0|0|-1685|1917|-1691|1915|2256|2258|1
W|13286|1|2|ICEY|XA00TEX|0|128|0|1|1|0|0|-1691|1915|-1685|1917|2258|2256|1
W|13287|0|2|ICEY|XA00TEX|0|256|0|1|1|0|0|-1661|1897|-1663|1891|2258|2259|1
W|13287|1|2|ICEY|XA00TEX|0|128|0|1|1|0|0|-1663|1891|-1661|1897|2259|2258|1
W|13288|0|2|ICEY|XA00TEX|0|256|0|1|1|0|0|-1663|1891|-1691|1915|2258|4|1
W|13288|1|2|ICEY|XA00TEX|0|128|0|1|1|0|0|-1691|1915|-1663|1891|4|2258|1
W|13289|0|2|ICEY|XA00TEX|0|256|0|1|1|0|0|-1629|1905|-1625|1897|2259|2260|1
W|13289|1|2|ICEY|XA00TEX|0|128|0|1|1|0|0|-1625|1897|-1629|1905|2260|2259|1
W|13290|1|2|ICEY|XA00TEX|0|256|0|1|1|0|0|-1663|1891|-1625|1897|4|2259|1
W|13291|0|2|ICEY|XA00TEX|0|128|0|1|1|0|0|-1617|1933|-1609|1933|2260|2252|1
W|13291|1|2|ICEY|XA00TEX|0|256|0|1|1|0|0|-1609|1933|-1617|1933|2252|2260|1
W|13292|1|2|ICEY|XA00TEX|0|256|0|1|1|0|0|-1625|1897|-1609|1933|4|2260|1
W|13293|0|2|ICEY|XA00TEX|0|256|0|1|1|0|0|-1629|1961|-1623|1965|2252|2254|1
W|13293|1|2|ICEY|XA00TEX|0|128|0|1|1|0|0|-1623|1965|-1629|1961|2254|2252|1
W|13294|0|2|ICEY|XA00TEX|0|128|0|1|1|0|0|-1623|1965|-1609|1933|2252|4|1
W|13292|0|2|ICEY|XA00TEX|34.928498393|128|0|1|1|0|0|-1609|1933|-1625|1897|2260|4|1
W|13290|0|2|ICEY|XA00TEX|74.3239296|128|0|1|1|0|0|-1625|1897|-1663|1891|2259|4|1
W|13294|1|2|ICEY|XA00TEX|0|256|0|1|1|0|0|-1609|1933|-1623|1965|4|2252|1
W|13295|0|2|ICEY|XA00TEX|0|256|0|1|1|0|0|-1661|1969|-1661|1977|2254|2255|1
W|13295|1|2|ICEY|XA00TEX|0|128|0|1|1|0|0|-1661|1977|-1661|1969|2255|2254|1
W|13296|0|2|ICEY|XA00TEX|0|256|0|1|1|0|0|-1661|1977|-1623|1965|2254|4|1
W|13296|1|2|ICEY|XA00TEX|0|128|0|1|1|0|0|-1623|1965|-1661|1977|4|2254|1
W|13297|1|2|ICEY|XA00TEX|0|256|0|1|1|0|0|-1661|1977|-1691|1953|4|2255|1
W|13302|0|0|ICEY|XA00TEX|6|256|0|1|1|-122|-40|-1520|1384|-1424|1344|2264|2262|1
W|13302|0|2|ICEY|XA00TEX|6|256|0|1|1|-122|-40|-1520|1384|-1424|1344|2264|2262|1
W|13302|1|0|ICEY|XA00TEX|0|256|0|1|1|0|0|-1424|1344|-1520|1384|2262|2264|1
W|13302|1|2|ICEY|XA00TEX|0|256|0|1|1|0|0|-1424|1344|-1520|1384|2262|2264|1
W|13303|0|0|ICEY|XA00TEX|0|256|0|1|1|0|0|-1424|1344|-1424|1368|85|2262|1
W|13303|0|2|ICEY|XA00TEX|0|256|0|1|1|0|0|-1424|1344|-1424|1368|85|2262|1
W|13303|1|0|ICEY|XA00TEX|0|256|0|1|1|0|0|-1424|1368|-1424|1344|2262|85|1
W|13303|1|2|ICEY|XA00TEX|0|256|0|1|1|0|0|-1424|1368|-1424|1344|2262|85|1
W|13304|0|0|ICEY|XA00TEX|110|256|0|1|1|-18|-40|-1424|1344|-1344|1384|2264|85|1
W|13304|0|2|ICEY|XA00TEX|110|256|0|1|1|-18|-40|-1424|1344|-1344|1384|2264|85|1
W|13304|1|0|ICEY|XA00TEX|0|256|0|1|1|0|0|-1344|1384|-1424|1344|85|2264|1
W|13304|1|2|ICEY|XA00TEX|0|256|0|1|1|0|0|-1344|1384|-1424|1344|85|2264|1
W|13305|0|0|ICEY|XA00TEX|0|256|0|1|1|0|0|-1344|1384|-1360|1400|2263|85|1
W|13305|0|2|ICEY|XA00TEX|0|256|0|1|1|0|0|-1344|1384|-1360|1400|2263|85|1
W|13305|1|0|ICEY|XA00TEX|0|256|0|1|1|0|0|-1360|1400|-1344|1384|85|2263|1
W|13305|1|2|ICEY|XA00TEX|0|256|0|1|1|0|0|-1360|1400|-1344|1384|85|2263|1
W|13306|0|0|ICEY|XA00TEX|29|256|0|1|1|-99|-40|-1304|1460|-1280|1456|2264|84|1
W|419|0|0|ICEY|XA00TEX|53.331050121|256|0|1|1|-75|-40|-1280|1456|-1238|1472|2264|84|1
W|418|0|0|ICEY|XA00TEX|98.27546023|256|0|1|1|-30|-40|-1238|1472|-1188|1460|2264|84|1
W|416|0|0|ICEY|XA00TEX|149.695300758|256|0|1|1|-107|-40|-1188|1460|-1172|1484|2264|84|1
W|13307|0|0|ICEY|XA00TEX|71|256|0|1|1|-57|-40|-1344|1384|-1304|1460|2264|2263|1
W|13307|0|2|ICEY|XA00TEX|71|256|0|1|1|-57|-40|-1344|1384|-1304|1460|2264|2263|1
W|13307|1|0|ICEY|XA00TEX|0|256|0|1|1|0|0|-1304|1460|-1344|1384|2263|2264|1
W|13307|1|2|ICEY|XA00TEX|0|256|0|1|1|0|0|-1304|1460|-1344|1384|2263|2264|1
W|13309|0|0|ICEY|XA00TEX|55|256|0|1|1|-73|-24|-1304|1460|-1340|1544|84|2265|1
W|13309|0|2|ICEY|XA00TEX|55|256|0|1|1|-73|-24|-1304|1460|-1340|1544|84|2265|1
W|13309|1|0|ICEY|XA00TEX|0|256|0|1|1|0|0|-1340|1544|-1304|1460|2265|84|1
W|13309|1|2|ICEY|XA00TEX|0|256|0|1|1|0|0|-1340|1544|-1304|1460|2265|84|1
W|13310|0|0|ICEY|XA00TEX|18|256|0|1|1|-110|-40|-1340|1544|-1424|1584|2268|2266|1
W|13310|0|2|ICEY|XA00TEX|18|256|0|1|1|-110|-40|-1340|1544|-1424|1584|2268|2266|1
W|13312|0|0|ICEY|XA00TEX|111.037626797|256|0|1|1|-17|-40|-1424|1584|-1512|1556|2268|5|1
W|13312|0|2|ICEY|XA00TEX|111.037626797|256|0|1|1|-17|-40|-1424|1584|-1512|1556|2268|5|1
W|13310|1|0|ICEY|XA00TEX|0|256|0|1|1|0|0|-1424|1584|-1340|1544|2266|2268|1
W|13310|1|2|ICEY|XA00TEX|0|256|0|1|1|0|0|-1424|1584|-1340|1544|2266|2268|1
W|13311|0|0|ICEY|XA00TEX|0|256|0|1|1|0|0|-1424|1584|-1424|1560|5|2266|1
W|13311|0|2|ICEY|XA00TEX|0|256|0|1|1|0|0|-1424|1584|-1424|1560|5|2266|1
W|13311|1|0|ICEY|XA00TEX|0|256|0|1|1|0|0|-1424|1560|-1424|1584|2266|5|1
W|13311|1|2|ICEY|XA00TEX|0|256|0|1|1|0|0|-1424|1560|-1424|1584|2266|5|1
W|13312|1|0|ICEY|XA00TEX|0|256|0|1|1|0|0|-1512|1556|-1424|1584|5|2268|1
W|13312|1|2|ICEY|XA00TEX|0|256|0|1|1|0|0|-1512|1556|-1424|1584|5|2268|1
W|13313|0|0|ICEY|XA00TEX|0|256|0|1|1|0|0|-1512|1556|-1496|1536|2267|5|1
W|13313|0|2|ICEY|XA00TEX|0|256|0|1|1|0|0|-1512|1556|-1496|1536|2267|5|1
W|13313|1|0|ICEY|XA00TEX|0|256|0|1|1|0|0|-1496|1536|-1512|1556|5|2267|1
W|13313|1|2|ICEY|XA00TEX|0|256|0|1|1|0|0|-1496|1536|-1512|1556|5|2267|1
W|13314|0|0|ICEY|XA00TEX|75|256|0|1|1|-53|-40|-1512|1556|-1552|1472|2268|2267|1
W|13314|0|2|ICEY|XA00TEX|75|256|0|1|1|-53|-40|-1512|1556|-1552|1472|2268|2267|1
W|13314|1|0|ICEY|XA00TEX|0|256|0|1|1|0|0|-1552|1472|-1512|1556|2267|2268|1
W|13314|1|2|ICEY|XA00TEX|0|256|0|1|1|0|0|-1552|1472|-1512|1556|2267|2268|1
W|13315|1|0|ICEY|XA00TEX|39|256|0|1|1|-89|0|-3088|864|-3120|864|2271|68|1
W|13316|0|1|ICEY|XA00TEX|71|256|0|1|1|-57|0|-3120|864|-3104|888|2271|-1|1
W|13317|0|1|ICEY|XA00TEX|100|256|0|1|1|-28|-104|-3104|888|-3064|912|2272|-1|1
W|13318|0|1|ICEY|XA00TEX|146.647615159|256|0|1|1|-109|-104|-3064|912|-3016|888|2272|-1|1
W|13319|0|1|ICEY|XA00TEX|73|256|0|1|1|-55|-96|-3016|888|-2992|912|2273|-1|1
W|13322|0|1|ICEY|XA00TEX|123|256|0|1|1|-5|-104|-2872|896|-2808|872|2270|-1|1
W|13323|0|1|ICEY|XA00TEX|63|256|0|1|1|-65|0|-2808|872|-2752|832|2271|-1|1
W|13324|0|1|ICEY|XA00TEX|107|128|0|1|1|-21|-72|-2992|912|-2976|928|2269|-1|1
W|13320|0|1|ICEY|XA00TEX|129.627416998|128|0|1|1|-126|-72|-2976|928|-2912|936|2269|-1|1
W|13321|0|1|ICEY|XA00TEX|194.125478984|128|0|1|1|-62|-72|-2912|936|-2872|896|2269|-1|1
W|13325|0|0|ICEY|XA00TEX|95|256|0|1|1|-33|-96|-2992|912|-2976|888|2273|2269|1
W|13326|0|0|ICEY|XA00TEX|123.844410204|256|0|1|1|-4|-96|-2976|888|-2944|888|2273|2269|1
W|13328|0|0|ICEY|XA00TEX|78|256|0|1|1|-50|-104|-2904|864|-2872|896|2270|2269|1
W|13329|0|0|ICEY|XA00TEX|76|256|0|1|1|-52|0|-2904|864|-2864|848|2271|2270|1
W|13330|0|0|ICEY|XA00TEX|119.081318457|256|0|1|1|-9|0|-2864|848|-2840|864|2271|2270|1
W|13331|0|0|ICEY|XA00TEX|147.925728661|256|0|1|1|-108|0|-2840|864|-2816|856|2271|2270|1
W|13332|0|0|ICEY|XA00TEX|173.223949942|256|0|1|1|-83|0|-2816|856|-2808|872|2271|2270|1
W|13334|1|0|ICEY|XA00TEX|107|256|0|1|1|-21|0|-3104|888|-3048|872|2271|2272|1
W|13334|1|2|ICEY|XA00TEX|107|256|0|1|1|-21|0|-3104|888|-3048|872|2271|2272|1
W|13333|1|0|ICEY|XA00TEX|165.240879114|256|0|1|1|-91|0|-3048|872|-3016|888|2271|2272|1
W|13333|1|2|ICEY|XA00TEX|165.240879114|256|0|1|1|-91|0|-3048|872|-3016|888|2271|2272|1
W|13335|0|0|ICEY|XA00TEX|65|256|0|1|1|-63|0|-3016|888|-2984|864|2271|2273|1
W|13335|0|2|ICEY|XA00TEX|65|256|0|1|1|-63|0|-3016|888|-2984|864|2271|2273|1
W|13336|0|0|ICEY|XA00TEX|105|256|0|1|1|-23|0|-2984|864|-2952|872|2271|2273|1
W|13336|0|2|ICEY|XA00TEX|105|256|0|1|1|-23|0|-2984|864|-2952|872|2271|2273|1
W|13338|0|0|ICEY|XA00TEX|137.984845005|256|0|1|1|-118|0|-2952|872|-2944|888|2271|2273|1
W|13338|0|2|ICEY|XA00TEX|137.984845005|256|0|1|1|-118|0|-2952|872|-2944|888|2271|2273|1
W|13337|0|0|ICEY|XA00TEX|28|256|0|1|1|-100|0|-2944|888|-2928|888|2271|2269|1
W|13327|0|0|ICEY|XA00TEX|44|256|0|1|1|-84|0|-2928|888|-2904|864|2271|2269|1
W|13377|1|2|ICEY|XA00TEX|79|0|0|1|1|-49|0|-1536|512|-1552|624|2|56|1
W|60|1|2|ICEY|XA00TEX|192.13708499|0|0|1|1|-64|0|-1552|624|-1672|728|2|56|1
W|254|1|2|ICEY|XA00TEX|350.93255092|0|0|1|1|-33|0|-1672|728|-1840|752|2|56|1
W|145|1|2|ICEY|XA00TEX|8.638178405|0|0|1|1|-119|0|-1840|752|-1920|768|2|14|1
W|13421|1|2|ICEY|XA00TEX|0|256|0|1|1|0|0|-1888|400|-1880|360|72|71|1
W|13420|1|2|ICEY|XA00TEX|40.792156109|256|0|1|1|0|0|-1880|360|-1912|352|72|71|1
W|304|1|2|ICEY|XA00TEX|73.777001114|256|0|1|1|0|0|-1912|352|-1936|304|72|71|1
W|13422|1|2|ICEY|XA00TEX|88|128|0|1|1|-40|-64|-1792|384|-1800|344|71|70|1
W|13423|1|2|ICEY|XA00TEX|128.792156109|128|0|1|1|-127|-64|-1800|344|-1832|312|71|70|1
W|303|1|2|ICEY|XA00TEX|174.046990105|128|0|1|1|-82|-64|-1832|312|-1832|288|71|70|1
W|15210|0|0|ICEY|XA00TEX|30|0|0|1|1|-98|0|-4392|-3256|-4368|-3264|2559|2558|1
W|15227|0|0|ICEY|XA00TEX|55.298221281|0|0|1|1|-73|0|-4368|-3264|-4344|-3256|2559|2558|1
W|15228|0|0|ICEY|XA00TEX|80.596442563|0|0|1|1|-48|0|-4344|-3256|-4312|-3256|2559|2558|1
W|15211|0|0|ICEY|XA00TEX|112.596442563|0|0|1|1|-16|0|-4312|-3256|-4320|-3272|2559|2558|1
W|15212|0|0|ICEY|XA00TEX|130.484986383|0|0|1|1|-126|0|-4320|-3272|-4304|-3280|2559|2558|1
W|15230|0|0|ICEY|XA00TEX|148.373530203|0|0|1|1|-108|0|-4304|-3280|-4288|-3288|2559|2558|1
W|15213|0|0|ICEY|XA00TEX|166.262074023|0|0|1|1|-90|0|-4288|-3288|-4280|-3288|2559|2558|1
W|15214|0|0|ICEY|XA00TEX|174.262074023|0|0|1|1|-82|0|-4280|-3288|-4288|-3304|2559|2558|1
W|15229|0|0|ICEY|XA00TEX|192.150617843|0|0|1|1|-64|0|-4288|-3304|-4280|-3328|2559|2558|1
W|15231|0|0|ICEY|XA00TEX|217.448839124|0|0|1|1|-39|0|-4280|-3328|-4288|-3352|2559|2558|1
W|15232|0|0|ICEY|XA00TEX|242.747060405|0|0|1|1|-14|0|-4288|-3352|-4280|-3368|2559|2558|1
W|15215|0|0|ICEY|XA00TEX|260.635604225|0|0|1|1|-124|0|-4280|-3368|-4288|-3368|2559|2558|1
W|15216|0|0|ICEY|XA00TEX|268.635604225|0|0|1|1|-116|0|-4288|-3368|-4304|-3376|2559|2558|1
W|15233|0|0|ICEY|XA00TEX|286.524148045|0|0|1|1|-98|0|-4304|-3376|-4312|-3392|2559|2558|1
W|15217|0|0|ICEY|XA00TEX|304.412691865|0|0|1|1|-80|0|-4312|-3392|-4320|-3416|2559|2558|1
W|15234|0|0|ICEY|XA00TEX|329.710913147|0|0|1|1|-55|0|-4320|-3416|-4312|-3424|2559|2558|1
W|15235|0|0|ICEY|XA00TEX|341.024621646|0|0|1|1|-44|0|-4312|-3424|-4320|-3432|2559|2558|1
W|15218|0|0|ICEY|XA00TEX|352.338330145|0|0|1|1|-33|0|-4320|-3432|-4352|-3424|2559|2558|1
W|15236|0|0|ICEY|XA00TEX|385.32317515|0|0|1|1|0|0|-4352|-3424|-4376|-3432|2559|2558|1
W|15237|0|0|ICEY|XA00TEX|410.621396431|0|0|1|1|-28|0|-4376|-3432|-4392|-3432|2559|2558|1
W|15219|0|0|ICEY|XA00TEX|426.621396431|0|0|1|1|-12|0|-4392|-3432|-4384|-3416|2559|2558|1
W|15238|0|0|ICEY|XA00TEX|444.509940251|0|0|1|1|-122|0|-4384|-3416|-4392|-3392|2559|2558|1
W|15220|0|0|ICEY|XA00TEX|469.808161532|0|0|1|1|-97|0|-4392|-3392|-4400|-3376|2559|2558|1
W|15239|0|0|ICEY|XA00TEX|487.696705352|0|0|1|1|-79|0|-4400|-3376|-4416|-3368|2559|2558|1
W|15221|0|0|ICEY|XA00TEX|505.585249172|0|0|1|1|-61|0|-4416|-3368|-4440|-3360|2559|2558|1
W|15223|0|0|ICEY|XA00TEX|18.883470454|0|0|1|1|-36|0|-4440|-3360|-4456|-3368|2559|2558|1
W|15222|0|0|ICEY|XA00TEX|36.772014274|0|0|1|1|-18|0|-4456|-3368|-4448|-3328|2559|2558|1
W|15224|0|0|ICEY|XA00TEX|77.564170382|0|0|1|1|-105|0|-4448|-3328|-4456|-3288|2559|2558|1
W|15207|0|0|ICEY|XA00TEX|118.356326491|0|0|1|1|-64|0|-4456|-3288|-4432|-3296|2559|2558|1
W|15225|0|0|ICEY|XA00TEX|143.654547773|0|0|1|1|-39|0|-4432|-3296|-4416|-3288|2559|2558|1
W|15208|0|0|ICEY|XA00TEX|161.543091592|0|0|1|1|-21|0|-4416|-3288|-4392|-3272|2559|2558|1
W|15226|0|0|ICEY|XA00TEX|190.387501796|0|0|1|1|-120|0|-4392|-3272|-4384|-3264|2559|2558|1
W|15209|0|0|ICEY|XA00TEX|201.701210295|0|0|1|1|-109|0|-4384|-3264|-4392|-3256|2559|2558|1
W|15284|1|2|ICEY|XA00TEX|0|-256|0|1|1|0|0|-4608|-1920|-4560|-1868|2446|195|1
W|1032|1|2|ICEY|XA00TEX|70.767224052|-256|0|1|1|0|0|-4560|-1868|-4480|-1856|2446|195|1
W|937|1|2|ICEY|XA00TEX|151.662217716|-256|0|1|1|-85|0|-4480|-1856|-4512|-1824|169|195|1
W|939|1|2|ICEY|XA00TEX|196.917051712|-256|0|1|1|-40|0|-4512|-1824|-4528|-1712|169|195|1
W|940|1|2|ICEY|XA00TEX|310.054136702|-256|0|1|1|-55|0|-4528|-1712|-4512|-1664|169|195|1
W|942|1|2|ICEY|XA00TEX|360.650579265|-256|0|1|1|-4|0|-4512|-1664|-4464|-1600|169|195|1
W|943|1|2|ICEY|XA00TEX|440.650579265|-256|0|1|1|-52|0|-4464|-1600|-4512|-1568|169|195|1
W|944|1|2|ICEY|XA00TEX|498.339399672|-256|0|1|1|-122|0|-4512|-1568|-4464|-1488|169|195|1
W|15364|0|1|ICEY|XA00TEX|22|-128|0|1|1|-106|0|-4592|-1632|-4616|-1632|2588|-1|1
W|15403|0|1|ICEY|XA00TEX|46|-128|0|1|1|-82|0|-4616|-1632|-4640|-1632|2579|-1|1
W|15363|0|1|ICEY|XA00TEX|70|-128|0|1|1|-58|0|-4640|-1632|-4656|-1584|2579|-1|1
W|15362|0|1|ICEY|XA00TEX|120.596442563|-128|0|1|1|-7|0|-4656|-1584|-4704|-1568|2587|-1|1
W|15361|0|1|ICEY|XA00TEX|171.192885125|-128|0|1|1|-84|0|-4704|-1568|-4720|-1520|2587|-1|1
W|15360|0|1|ICEY|XA00TEX|221.789327688|-128|0|1|1|-33|0|-4720|-1520|-4752|-1472|2589|-1|1
W|15359|0|1|ICEY|XA00TEX|279.478148096|-128|0|1|1|-103|0|-4752|-1472|-4736|-1440|2589|-1|1
W|15358|0|1|ICEY|XA00TEX|315.255235736|-128|0|1|1|-67|0|-4736|-1440|-4768|-1392|2590|-1|1
W|15357|0|1|ICEY|XA00TEX|372.944056143|-128|0|1|1|-9|0|-4768|-1392|-4752|-1368|2590|-1|1
W|15396|0|1|ICEY|XA00TEX|401.788466347|-128|0|1|1|-108|0|-4752|-1368|-4736|-1344|2588|-1|1
W|15365|0|1|ICEY|XA00TEX|60|-128|0|1|1|-68|0|-4160|-1664|-4128|-1696|2580|-1|1
W|15366|0|1|ICEY|XA00TEX|105.254833996|-128|0|1|1|-23|0|-4128|-1696|-4128|-1744|2580|-1|1
W|15367|0|1|ICEY|XA00TEX|153.254833996|-128|0|1|1|-103|0|-4128|-1744|-4080|-1792|2591|-1|1
W|15368|0|1|ICEY|XA00TEX|221.13708499|-128|0|1|1|-35|0|-4080|-1792|-4096|-1824|2591|-1|1
W|15369|0|1|ICEY|XA00TEX|256.91417263|-128|0|1|1|-127|0|-4096|-1824|-4064|-1856|2592|-1|1
W|15370|0|1|ICEY|XA00TEX|302.169006626|-128|0|1|1|-82|0|-4064|-1856|-4096|-1920|2580|-1|1
W|15371|0|1|ICEY|XA00TEX|40|256|0|1|1|-88|0|-4208|-864|-4224|-896|192|-1|1
W|1022|0|1|ICEY|XA00TEX|75.77708764|256|0|1|1|-52|0|-4224|-896|-4200|-960|194|-1|1
W|1058|0|1|ICEY|XA00TEX|144.129117603|256|0|1|1|-112|0|-4200|-960|-4224|-1024|194|-1|1
W|1008|0|1|ICEY|XA00TEX|212.481147565|256|0|1|1|-44|0|-4224|-1024|-4160|-1080|194|-1|1
W|1091|0|1|ICEY|XA00TEX|297.522314067|256|0|1|1|-87|0|-4160|-1080|-4152|-1224|194|-1|1
W|1093|0|1|ICEY|XA00TEX|441.744365086|256|0|1|1|-71|0|-4152|-1224|-4096|-1280|194|-1|1
W|1021|0|1|ICEY|XA00TEX|8.940324578|256|0|1|1|-120|0|-4096|-1280|-4192|-1320|188|-1|1
W|1090|0|1|ICEY|XA00TEX|112.940324578|256|0|1|1|-16|0|-4192|-1320|-4224|-1408|188|-1|1
W|15375|0|1|ICEY|XA00TEX|57|128|0|1|1|-71|0|-4120|-712|-4096|-744|2581|-1|1
W|15376|0|1|ICEY|XA00TEX|97|128|0|1|1|-31|0|-4096|-744|-4112|-784|2586|-1|1
W|15372|0|1|ICEY|XA00TEX|140.081318457|128|0|1|1|-116|0|-4112|-784|-4104|-824|2586|-1|1
W|15373|0|1|ICEY|XA00TEX|180.873474566|128|0|1|1|-75|0|-4104|-824|-4152|-856|2586|-1|1
W|15374|0|1|ICEY|XA00TEX|238.562294973|128|0|1|1|-17|0|-4152|-856|-4208|-864|2581|-1|1
W|15384|0|1|ICEY|XA00TEX|122|128|0|1|1|-6|0|-4640|-856|-4656|-824|2585|-1|1
W|15391|0|1|ICEY|XA00TEX|157.77708764|128|0|1|1|-98|0|-4656|-824|-4672|-792|2582|-1|1
W|15383|0|1|ICEY|XA00TEX|193.55417528|128|0|1|1|-62|0|-4672|-792|-4720|-776|2582|-1|1
W|15382|0|1|ICEY|XA00TEX|244.150617843|128|0|1|1|-11|0|-4720|-776|-4744|-736|2584|-1|1
W|15381|0|1|ICEY|XA00TEX|290.798233001|128|0|1|1|-92|0|-4744|-736|-4720|-688|2584|-1|1
W|15380|0|1|ICEY|XA00TEX|344.463864461|128|0|1|1|-38|0|-4720|-688|-4736|-648|2584|-1|1
W|15379|0|1|ICEY|XA00TEX|387.545182919|128|0|1|1|-123|0|-4736|-648|-4704|-616|2583|-1|1
W|15378|0|1|ICEY|XA00TEX|432.800016914|128|0|1|1|-78|0|-4704|-616|-4696|-552|2583|-1|1
W|15377|0|1|ICEY|XA00TEX|497.298078901|128|0|1|1|-14|0|-4696|-552|-4664|-536|2583|-1|1
W|17878|0|2|ICEY|XA00TEX|0|-256|0|1|1|0|0|1728|-6400|1728|-6432|3209|3213|1
W|17878|1|2|ICEY|XA00TEX|0|-512|0|1|1|0|0|1728|-6432|1728|-6400|3213|3209|1
W|17880|0|0|ICEY|XA00TEX|0|-256|0|1|1|0|0|2048|-6400|2048|-6464|3210|3211|1
W|17880|1|2|ICEY|XA00TEX|0|-512|0|1|1|0|0|2048|-6464|2048|-6400|3211|3210|1
W|17882|0|0|ICEY|XA00TEX|0|-256|0|1|1|0|0|2272|-6496|2304|-6400|3212|3211|1
W|17882|1|2|ICEY|XA00TEX|0|-512|0|1|1|0|0|2304|-6400|2272|-6496|3211|3212|1
W|17884|1|2|ICEY|XA00TEX|0|-512|0|1|1|0|0|2640|-6400|2688|-6496|3212|528|1
W|17886|0|0|ICEY|XA00TEX|0|-256|0|1|1|0|0|1984|-6400|1984|-6432|3213|3210|1
W|17886|1|2|ICEY|XA00TEX|0|-512|0|1|1|0|0|1984|-6432|1984|-6400|3210|3213|1
W|18284|0|2|ICEY|XA00TEX|0|128|0|1|1|0|0|-832|-256|-928|-376|3277|1|1
W|1|0|1|ICEY|XA00TEX|0|128|0|1|1|0|0|-2880|1856|-2880|2752|0|-1|1
W|0|0|1|ICEY|XA00TEX|384|128|0|1|1|0|0|-2880|2752|-1984|2752|0|-1|1
W|3|0|1|ICEY|XA00TEX|256|128|0|1|1|0|0|-1984|2752|-1984|1856|0|-1|1
W|2|0|1|ICEY|XA00TEX|128|128|0|1|1|0|0|-1984|1856|-2880|1856|0|-1|1
W|7578|1|2|ICEY|XA00TEX|0|-384|0|1|1|0|0|1900|-3336|1896|-3332|1324|1313|1
W|7183|1|2|ICEY|XA00TEX|5.656854249|-384|0|1|1|0|0|1896|-3332|1892|-3336|1324|1313|1
W|7864|1|2|ICEY|XA00TEX|11.313708499|-384|0|1|1|0|0|1892|-3336|1896|-3340|1324|1313|1
W|7579|1|2|ICEY|XA00TEX|16.970562748|-384|0|1|1|0|0|1896|-3340|1900|-3336|1324|1313|1
W|7603|1|2|ICEY|XA00TEX|0|-384|0|1|1|0|0|1904|-3328|1904|-3320|1324|1318|1
W|7602|1|2|ICEY|XA00TEX|8|-384|0|1|1|0|0|1904|-3320|1900|-3312|1324|1318|1
W|7185|1|2|ICEY|XA00TEX|16.94427191|-384|0|1|1|0|0|1900|-3312|1892|-3312|1324|1318|1
W|7662|1|2|ICEY|XA00TEX|24.94427191|-384|0|1|1|0|0|1892|-3312|1888|-3320|1324|1318|1
W|7184|1|2|ICEY|XA00TEX|33.88854382|-384|0|1|1|0|0|1888|-3320|1896|-3328|1324|1318|1
W|7652|1|2|ICEY|XA00TEX|45.202252319|-384|0|1|1|0|0|1896|-3328|1904|-3328|1324|1318|1
W|7186|1|2|ICEY|XA00TEX|0|-384|0|1|1|0|0|1844|-3344|1856|-3336|1324|1335|1
W|7898|1|2|ICEY|XA00TEX|14.422205102|-384|0|1|1|0|0|1856|-3336|1852|-3328|1324|1335|1
W|7897|1|2|ICEY|XA00TEX|23.366477012|-384|0|1|1|0|0|1852|-3328|1844|-3324|1324|1335|1
W|7529|1|2|ICEY|XA00TEX|32.310748922|-384|0|1|1|0|0|1844|-3324|1840|-3332|1324|1335|1
W|7468|1|2|ICEY|XA00TEX|41.255020832|-384|0|1|1|0|0|1840|-3332|1840|-3336|1324|1335|1
W|7466|1|2|ICEY|XA00TEX|45.255020832|-384|0|1|1|0|0|1840|-3336|1844|-3344|1324|1335|1
W|7225|1|2|ICEY|XA00TEX|0|-384|0|1|1|0|0|1808|-3312|1800|-3320|1324|1323|1
W|7191|1|2|ICEY|XA00TEX|11.313708499|-384|0|1|1|0|0|1800|-3320|1804|-3328|1324|1323|1
W|7187|1|2|ICEY|XA00TEX|20.257980409|-384|0|1|1|0|0|1804|-3328|1816|-3336|1324|1323|1
W|7188|1|2|ICEY|XA00TEX|34.680185511|-384|0|1|1|0|0|1816|-3336|1820|-3332|1324|1323|1
W|7208|1|2|ICEY|XA00TEX|40.33703976|-384|0|1|1|0|0|1820|-3332|1832|-3332|1324|1323|1
W|7189|1|2|ICEY|XA00TEX|52.33703976|-384|0|1|1|0|0|1832|-3332|1832|-3320|1324|1323|1
W|7190|1|2|ICEY|XA00TEX|64.33703976|-384|0|1|1|0|0|1832|-3320|1824|-3316|1324|1323|1
W|7893|1|2|ICEY|XA00TEX|73.28131167|-384|0|1|1|0|0|1824|-3316|1816|-3320|1324|1323|1
W|7892|1|2|ICEY|XA00TEX|82.22558358|-384|0|1|1|0|0|1816|-3320|1808|-3312|1324|1323|1
W|7881|0|0|ICEY|XA00TEX|40|-128|0|1|1|-88|0|1780|-3292|1788|-3296|1324|1322|1
W|7201|0|0|ICEY|XA00TEX|48.94427191|-128|0|1|1|-79|0|1788|-3296|1796|-3296|1324|1322|1
W|7831|0|0|ICEY|XA00TEX|56.94427191|-128|0|1|1|-71|0|1796|-3296|1804|-3300|1324|1322|1
W|7200|0|0|ICEY|XA00TEX|65.88854382|-128|0|1|1|-62|0|1804|-3300|1814|-3296|1324|1322|1
W|7830|0|0|ICEY|XA00TEX|76.658873434|-128|0|1|1|-51|0|1814|-3296|1820|-3294|1324|1322|1
W|7979|0|0|ICEY|XA00TEX|82.983428755|-128|0|1|1|-45|0|1820|-3294|1828|-3298|1324|1322|1
W|7925|0|0|ICEY|XA00TEX|91.927700665|-128|0|1|1|-36|0|1828|-3298|1840|-3298|1324|1322|1
W|7957|0|0|ICEY|XA00TEX|103.927700665|-128|0|1|1|-24|0|1840|-3298|1844|-3296|1324|1322|1
W|7958|0|0|ICEY|XA00TEX|108.39983662|-128|0|1|1|-20|0|1844|-3296|1856|-3298|1324|1322|1
W|7199|0|0|ICEY|XA00TEX|120.56536168|-128|0|1|1|-8|0|1856|-3298|1864|-3300|1324|1322|1
W|7920|0|0|ICEY|XA00TEX|128.811572931|-128|0|1|1|0|0|1864|-3300|1882|-3300|1324|1322|1
W|7921|0|0|ICEY|XA00TEX|146.811572931|-128|0|1|1|-24|0|1882|-3300|1896|-3296|1324|1322|1
W|7955|0|0|ICEY|XA00TEX|161.37179271|-128|0|1|1|-9|0|1896|-3296|1908|-3296|1324|1322|1
W|7198|0|0|ICEY|XA00TEX|173.37179271|-128|0|1|1|-125|0|1908|-3296|1918|-3294|1324|1322|1
W|7817|0|0|ICEY|XA00TEX|183.569831737|-128|0|1|1|-115|0|1918|-3294|1920|-3300|1324|1322|1
W|7933|0|0|ICEY|XA00TEX|189.894387058|-128|0|1|1|-109|0|1920|-3300|1922|-3310|1324|1322|1
W|7934|0|0|ICEY|XA00TEX|200.092426085|-128|0|1|1|-99|0|1922|-3310|1918|-3316|1324|1322|1
W|7197|0|0|ICEY|XA00TEX|207.303528636|-128|0|1|1|-92|0|1918|-3316|1918|-3332|1324|1322|1
W|7808|0|0|ICEY|XA00TEX|223.303528636|-128|0|1|1|-76|0|1918|-3332|1922|-3344|1324|1322|1
W|7196|0|0|ICEY|XA00TEX|235.952639276|-128|0|1|1|-63|0|1922|-3344|1920|-3360|1324|1322|1
W|7794|0|0|ICEY|XA00TEX|252.077154773|-128|0|1|1|-47|0|1920|-3360|1908|-3364|1324|1322|1
W|7795|0|0|ICEY|XA00TEX|264.726265414|-128|0|1|1|-34|0|1908|-3364|1900|-3360|1324|1322|1
W|7806|0|0|ICEY|XA00TEX|273.670537324|-128|0|1|1|-25|0|1900|-3360|1892|-3364|1324|1322|1
W|7195|0|0|ICEY|XA00TEX|282.614809234|-128|0|1|1|-16|0|1892|-3364|1880|-3360|1324|1322|1
W|7640|0|0|ICEY|XA00TEX|295.263919874|-128|0|1|1|-3|0|1880|-3360|1868|-3356|1324|1322|1
W|7773|0|0|ICEY|XA00TEX|307.913030515|-128|0|1|1|-118|0|1868|-3356|1858|-3358|1324|1322|1
W|7774|0|0|ICEY|XA00TEX|318.111069542|-128|0|1|1|-108|0|1858|-3358|1850|-3356|1324|1322|1
W|7194|0|0|ICEY|XA00TEX|326.357280793|-128|0|1|1|-100|0|1850|-3356|1840|-3356|1324|1322|1
W|7554|0|0|ICEY|XA00TEX|336.357280793|-128|0|1|1|-90|0|1840|-3356|1832|-3360|1324|1322|1
W|7555|0|0|ICEY|XA00TEX|345.301552703|-128|0|1|1|-81|0|1832|-3360|1824|-3358|1324|1322|1
W|7628|0|0|ICEY|XA00TEX|353.547763955|-128|0|1|1|-73|0|1824|-3358|1792|-3364|1324|1322|1
W|7192|0|0|ICEY|XA00TEX|386.105405147|-128|0|1|1|-40|0|1792|-3364|1784|-3356|1324|1322|1
W|7423|0|0|ICEY|XA00TEX|397.419113646|-128|0|1|1|-29|0|1784|-3356|1790|-3350|1324|1322|1
W|7424|0|0|ICEY|XA00TEX|405.90439502|-128|0|1|1|-21|0|1790|-3350|1788|-3336|1324|1322|1
W|7890|0|0|ICEY|XA00TEX|420.046530644|-128|0|1|1|-7|0|1788|-3336|1790|-3328|1324|1322|1
W|7193|0|0|ICEY|XA00TEX|428.292741895|-128|0|1|1|-127|0|1790|-3328|1788|-3320|1324|1322|1
W|7532|0|0|ICEY|XA00TEX|436.538953146|-128|0|1|1|-119|0|1788|-3320|1784|-3316|1324|1322|1
W|7512|0|0|ICEY|XA00TEX|442.195807396|-128|0|1|1|-113|0|1784|-3316|1784|-3300|1324|1322|1
W|7878|0|0|ICEY|XA00TEX|458.195807396|-128|0|1|1|-97|0|1784|-3300|1780|-3292|1324|1322|1
W|10865|0|2|ICEY|XA00TEX|0|256|0|1|1|0|0|-1524|1864|-1512|1876|1820|1822|1
W|10866|0|2|ICEY|XA00TEX|16.970562748|256|0|1|1|0|0|-1512|1876|-1508|1872|1820|1822|1
W|10867|0|2|ICEY|XA00TEX|22.627416998|256|0|1|1|0|0|-1508|1872|-1504|1864|1820|1822|1
W|10868|0|2|ICEY|XA00TEX|31.571688908|256|0|1|1|0|0|-1504|1864|-1516|1860|1820|1822|1
W|10869|0|2|ICEY|XA00TEX|44.220799549|256|0|1|1|0|0|-1516|1860|-1524|1864|1820|1822|1
W|10869|1|2|ICEY|XA00TEX|0|128|0|1|1|0|0|-1524|1864|-1516|1860|1822|1820|1
W|10868|1|2|ICEY|XA00TEX|8.94427191|128|0|1|1|0|0|-1516|1860|-1504|1864|1822|1820|1
W|10867|1|2|ICEY|XA00TEX|21.593382551|128|0|1|1|0|0|-1504|1864|-1508|1872|1822|1820|1
W|10866|1|2|ICEY|XA00TEX|30.537654461|128|0|1|1|0|0|-1508|1872|-1512|1876|1822|1820|1
W|10865|1|2|ICEY|XA00TEX|36.19450871|128|0|1|1|0|0|-1512|1876|-1524|1864|1822|1820|1
W|10878|1|2|ICEY|XA00TEX|0|128|0|1|1|0|0|-1508|1920|-1504|1908|1822|66|1
W|10877|1|2|ICEY|XA00TEX|12.649110641|128|0|1|1|0|0|-1504|1908|-1496|1904|1822|66|1
W|10876|1|2|ICEY|XA00TEX|21.593382551|128|0|1|1|0|0|-1496|1904|-1480|1904|1822|66|1
W|10875|1|2|ICEY|XA00TEX|37.593382551|128|0|1|1|0|0|-1480|1904|-1476|1908|1822|66|1
W|10874|1|2|ICEY|XA00TEX|43.2502368|128|0|1|1|0|0|-1476|1908|-1480|1920|1822|66|1
W|10873|1|2|ICEY|XA00TEX|55.899347441|128|0|1|1|0|0|-1480|1920|-1492|1924|65|1821|1
W|10871|1|2|ICEY|XA00TEX|68.548458082|128|0|1|1|0|0|-1492|1924|-1508|1920|65|1821|1
W|10891|1|2|ICEY|XA00TEX|0|0|0|1|1|0|0|-2928|716|-2916|712|34|64|1
W|10890|1|2|ICEY|XA00TEX|12.649110641|0|0|1|1|0|0|-2916|712|-2896|720|34|64|1
W|10889|1|2|ICEY|XA00TEX|34.189769869|0|0|1|1|0|0|-2896|720|-2888|728|34|64|1
W|10888|1|2|ICEY|XA00TEX|45.503478368|0|0|1|1|0|0|-2888|728|-2892|736|34|64|1
W|10887|1|2|ICEY|XA00TEX|54.447750278|0|0|1|1|0|0|-2892|736|-2888|748|34|64|1
W|10886|1|2|ICEY|XA00TEX|67.096860919|0|0|1|1|0|0|-2888|748|-2892|756|34|64|1
W|10885|1|2|ICEY|XA00TEX|76.041132829|0|0|1|1|0|0|-2892|756|-2904|756|34|64|1
W|10884|1|2|ICEY|XA00TEX|88.041132829|0|0|1|1|0|0|-2904|756|-2920|752|34|64|1
W|10883|1|2|ICEY|XA00TEX|104.533555331|0|0|1|1|0|0|-2920|752|-2928|756|34|64|1
W|10882|1|2|ICEY|XA00TEX|113.477827241|0|0|1|1|0|0|-2928|756|-2936|744|34|64|1
W|10894|1|2|ICEY|XA00TEX|127.900032343|0|0|1|1|0|0|-2936|744|-2928|740|34|64|1
W|10893|1|2|ICEY|XA00TEX|136.844304253|0|0|1|1|0|0|-2928|740|-2920|732|34|64|1
W|10892|1|2|ICEY|XA00TEX|148.158012752|0|0|1|1|0|0|-2920|732|-2928|716|34|64|1
W|10954|0|2|ICEY|XA00TEX|0|256|0|1|1|0|0|-1400|292|-1388|288|1833|58|1
W|10955|0|2|ICEY|XA00TEX|12.649110641|256|0|1|1|0|0|-1388|288|-1392|276|1833|58|1
W|10956|0|2|ICEY|XA00TEX|25.298221281|256|0|1|1|0|0|-1392|276|-1404|264|1833|58|1
W|10957|0|2|ICEY|XA00TEX|42.26878403|256|0|1|1|0|0|-1404|264|-1416|260|1833|58|1
W|10958|0|2|ICEY|XA00TEX|54.91789467|256|0|1|1|0|0|-1416|260|-1416|252|1833|58|1
W|10959|0|2|ICEY|XA00TEX|62.91789467|256|0|1|1|0|0|-1416|252|-1424|244|1833|58|1
W|10960|0|2|ICEY|XA00TEX|74.231603169|256|0|1|1|0|0|-1424|244|-1432|248|1833|58|1
W|10949|0|2|ICEY|XA00TEX|83.175875079|256|0|1|1|0|0|-1432|248|-1430|256|1833|58|1
W|10950|0|2|ICEY|XA00TEX|91.422086331|256|0|1|1|0|0|-1430|256|-1420|270|1833|58|1
W|10951|0|2|ICEY|XA00TEX|108.626736865|256|0|1|1|0|0|-1420|270|-1408|268|1833|58|1
W|10952|0|2|ICEY|XA00TEX|120.792261925|256|0|1|1|0|0|-1408|268|-1402|280|1833|58|1
W|10953|0|2|ICEY|XA00TEX|134.20866979|256|0|1|1|0|0|-1402|280|-1400|292|1833|58|1
W|10953|1|2|ICEY|XA00TEX|0|0|0|1|1|0|0|-1400|292|-1402|280|58|1833|1
W|10952|1|2|ICEY|XA00TEX|12.165525061|0|0|1|1|0|0|-1402|280|-1408|268|58|1833|1
W|10951|1|2|ICEY|XA00TEX|25.581932926|0|0|1|1|0|0|-1408|268|-1420|270|58|1833|1
W|10950|1|2|ICEY|XA00TEX|37.747457986|0|0|1|1|0|0|-1420|270|-1430|256|58|1833|1
W|10949|1|2|ICEY|XA00TEX|54.95210852|0|0|1|1|0|0|-1430|256|-1432|248|58|1833|1
W|10960|1|2|ICEY|XA00TEX|63.198319772|0|0|1|1|0|0|-1432|248|-1424|244|58|1833|1
W|10959|1|2|ICEY|XA00TEX|72.142591682|0|0|1|1|0|0|-1424|244|-1416|252|58|1833|1
W|10958|1|2|ICEY|XA00TEX|83.45630018|0|0|1|1|0|0|-1416|252|-1416|260|58|1833|1
W|10957|1|2|ICEY|XA00TEX|91.45630018|0|0|1|1|0|0|-1416|260|-1404|264|58|1833|1
W|10956|1|2|ICEY|XA00TEX|104.105410821|0|0|1|1|0|0|-1404|264|-1392|276|58|1833|1
W|10955|1|2|ICEY|XA00TEX|121.07597357|0|0|1|1|0|0|-1392|276|-1388|288|58|1833|1
W|10954|1|2|ICEY|XA00TEX|133.72508421|0|0|1|1|0|0|-1388|288|-1400|292|58|1833|1
W|10962|0|2|ICEY|XA00TEX|0|256|0|1|1|0|0|-1352|332|-1350|320|1834|58|1
W|10963|0|2|ICEY|XA00TEX|12.165525061|256|0|1|1|0|0|-1350|320|-1362|312|1834|58|1
W|10964|0|2|ICEY|XA00TEX|26.587730162|256|0|1|1|0|0|-1362|312|-1368|324|1834|58|1
W|10961|0|2|ICEY|XA00TEX|40.004138027|256|0|1|1|0|0|-1368|324|-1352|332|1834|58|1
W|10961|1|2|ICEY|XA00TEX|0|0|0|1|1|0|0|-1352|332|-1368|324|58|1834|1
W|10964|1|2|ICEY|XA00TEX|17.88854382|0|0|1|1|0|0|-1368|324|-1362|312|58|1834|1
W|10963|1|2|ICEY|XA00TEX|31.304951685|0|0|1|1|0|0|-1362|312|-1350|320|58|1834|1
W|10962|1|2|ICEY|XA00TEX|45.727156787|0|0|1|1|0|0|-1350|320|-1352|332|58|1834|1
W|10967|0|2|ICEY|XA00TEX|0|256|0|1|1|0|0|-2362|526|-2352|520|1835|53|1
W|10968|0|2|ICEY|XA00TEX|11.66190379|256|0|1|1|0|0|-2352|520|-2352|504|1835|53|1
W|10969|0|2|ICEY|XA00TEX|27.66190379|256|0|1|1|0|0|-2352|504|-2360|500|1835|53|1
W|10970|0|2|ICEY|XA00TEX|36.6061757|256|0|1|1|0|0|-2360|500|-2362|500|1835|53|1
W|10965|0|2|ICEY|XA00TEX|38.6061757|256|0|1|1|0|0|-2362|500|-2370|510|1835|53|1
W|10966|0|2|ICEY|XA00TEX|51.412424175|256|0|1|1|0|0|-2370|510|-2362|526|1835|53|1
W|10966|1|2|ICEY|XA00TEX|0|0|0|1|1|0|0|-2362|526|-2370|510|53|1835|1
W|10965|1|2|ICEY|XA00TEX|17.88854382|0|0|1|1|0|0|-2370|510|-2362|500|53|1835|1
W|10970|1|2|ICEY|XA00TEX|30.694792295|0|0|1|1|0|0|-2362|500|-2360|500|53|1835|1
W|10969|1|2|ICEY|XA00TEX|32.694792295|0|0|1|1|0|0|-2360|500|-2352|504|53|1835|1
W|10968|1|2|ICEY|XA00TEX|41.639064205|0|0|1|1|0|0|-2352|504|-2352|520|53|1835|1
W|10967|1|2|ICEY|XA00TEX|57.639064205|0|0|1|1|0|0|-2352|520|-2362|526|53|1835|1
W|10972|0|2|ICEY|XA00TEX|0|256|0|1|1|0|0|-2356|540|-2352|536|1836|53|1
W|10973|0|2|ICEY|XA00TEX|5.656854249|256|0|1|1|0|0|-2352|536|-2352|534|1836|53|1
W|10974|0|2|ICEY|XA00TEX|7.656854249|256|0|1|1|0|0|-2352|534|-2356|530|1836|53|1
W|10975|0|2|ICEY|XA00TEX|13.313708499|256|0|1|1|0|0|-2356|530|-2360|530|1836|53|1
W|10971|0|2|ICEY|XA00TEX|17.313708499|256|0|1|1|0|0|-2360|530|-2356|540|1836|53|1
W|10971|1|2|ICEY|XA00TEX|0|0|0|1|1|0|0|-2356|540|-2360|530|53|1836|1
W|10975|1|2|ICEY|XA00TEX|10.770329614|0|0|1|1|0|0|-2360|530|-2356|530|53|1836|1
W|10974|1|2|ICEY|XA00TEX|14.770329614|0|0|1|1|0|0|-2356|530|-2352|534|53|1836|1
W|10973|1|2|ICEY|XA00TEX|20.427183864|0|0|1|1|0|0|-2352|534|-2352|536|53|1836|1
W|10972|1|2|ICEY|XA00TEX|22.427183864|0|0|1|1|0|0|-2352|536|-2356|540|53|1836|1
W|10977|0|2|ICEY|XA00TEX|0|256|0|1|1|0|0|-2352|634|-2352|614|1837|53|1
W|10978|0|2|ICEY|XA00TEX|20|256|0|1|1|0|0|-2352|614|-2364|608|1837|53|1
W|10979|0|2|ICEY|XA00TEX|33.416407865|256|0|1|1|0|0|-2364|608|-2368|612|1837|53|1
W|10980|0|2|ICEY|XA00TEX|39.073262114|256|0|1|1|0|0|-2368|612|-2366|632|1837|53|1
W|10976|0|2|ICEY|XA00TEX|59.173013357|256|0|1|1|0|0|-2366|632|-2352|634|1837|53|1
W|10976|1|2|ICEY|XA00TEX|0|0|0|1|1|0|0|-2352|634|-2366|632|53|1837|1
W|10980|1|2|ICEY|XA00TEX|14.142135624|0|0|1|1|0|0|-2366|632|-2368|612|53|1837|1
W|10979|1|2|ICEY|XA00TEX|34.241886866|0|0|1|1|0|0|-2368|612|-2364|608|53|1837|1
W|10978|1|2|ICEY|XA00TEX|39.898741115|0|0|1|1|0|0|-2364|608|-2352|614|53|1837|1
W|10977|1|2|ICEY|XA00TEX|53.31514898|0|0|1|1|0|0|-2352|614|-2352|634|53|1837|1
W|10981|0|2|ICEY|XA00TEX|0|0|0|1|1|0|0|-2360|804|-2368|796|53|1838|1
W|10982|0|2|ICEY|XA00TEX|11.313708499|0|0|1|1|0|0|-2368|796|-2360|784|53|1838|1
W|10983|0|2|ICEY|XA00TEX|25.735913601|0|0|1|1|0|0|-2360|784|-2366|772|53|1838|1
W|10984|0|2|ICEY|XA00TEX|39.152321466|0|0|1|1|0|0|-2366|772|-2364|762|53|1838|1
W|10985|0|2|ICEY|XA00TEX|49.350360493|0|0|1|1|0|0|-2364|762|-2356|756|53|1838|1
W|10986|0|2|ICEY|XA00TEX|59.350360493|0|0|1|1|0|0|-2356|756|-2352|772|53|1838|1
W|10987|0|2|ICEY|XA00TEX|75.842782995|0|0|1|1|0|0|-2352|772|-2352|784|53|1838|1
W|10988|0|2|ICEY|XA00TEX|87.842782995|0|0|1|1|0|0|-2352|784|-2360|804|53|1838|1
W|10988|1|2|ICEY|XA00TEX|0|256|0|1|1|0|0|-2360|804|-2352|784|1838|53|1
W|10987|1|2|ICEY|XA00TEX|21.540659229|256|0|1|1|0|0|-2352|784|-2352|772|1838|53|1
W|10986|1|2|ICEY|XA00TEX|33.540659229|256|0|1|1|0|0|-2352|772|-2356|756|1838|53|1
W|10985|1|2|ICEY|XA00TEX|50.033081731|256|0|1|1|0|0|-2356|756|-2364|762|1838|53|1
W|10984|1|2|ICEY|XA00TEX|60.033081731|256|0|1|1|0|0|-2364|762|-2366|772|1838|53|1
W|10983|1|2|ICEY|XA00TEX|70.231120758|256|0|1|1|0|0|-2366|772|-2360|784|1838|53|1
W|10982|1|2|ICEY|XA00TEX|83.647528623|256|0|1|1|0|0|-2360|784|-2368|796|1838|53|1
W|10981|1|2|ICEY|XA00TEX|98.069733725|256|0|1|1|0|0|-2368|796|-2360|804|1838|53|1
W|10990|0|2|ICEY|XA00TEX|0|0|0|1|1|0|0|-2352|814|-2350|824|53|1839|1
W|10991|0|2|ICEY|XA00TEX|10.198039027|0|0|1|1|0|0|-2350|824|-2356|824|53|1839|1
W|10992|0|2|ICEY|XA00TEX|16.198039027|0|0|1|1|0|0|-2356|824|-2360|820|53|1839|1
W|10993|0|2|ICEY|XA00TEX|21.854893277|0|0|1|1|0|0|-2360|820|-2360|818|53|1839|1
W|10989|0|2|ICEY|XA00TEX|23.854893277|0|0|1|1|0|0|-2360|818|-2352|814|53|1839|1
W|10989|1|2|ICEY|XA00TEX|0|256|0|1|1|0|0|-2352|814|-2360|818|1839|53|1
W|10993|1|2|ICEY|XA00TEX|8.94427191|256|0|1|1|0|0|-2360|818|-2360|820|1839|53|1
W|10992|1|2|ICEY|XA00TEX|10.94427191|256|0|1|1|0|0|-2360|820|-2356|824|1839|53|1
W|10991|1|2|ICEY|XA00TEX|16.601126159|256|0|1|1|0|0|-2356|824|-2350|824|1839|53|1
W|10990|1|2|ICEY|XA00TEX|22.601126159|256|0|1|1|0|0|-2350|824|-2352|814|1839|53|1
W|13399|0|2|ICEY|XA00TEX|0|128|0|1|1|0|0|-1624|1192|-1576|1232|2274|6|1
W|13400|0|2|ICEY|XA00TEX|62.481997407|128|0|1|1|0|0|-1576|1232|-1504|1192|2274|6|1
W|13401|0|2|ICEY|XA00TEX|144.847038535|128|0|1|1|0|0|-1504|1192|-1512|1128|2274|6|1
W|13402|0|2|ICEY|XA00TEX|209.345100522|128|0|1|1|0|0|-1512|1128|-1488|1096|2274|6|1
W|13378|0|2|ICEY|XA00TEX|249.345100522|128|0|1|1|0|0|-1488|1096|-1440|1104|2274|6|1
W|13379|0|2|ICEY|XA00TEX|298.007200764|128|0|1|1|0|0|-1440|1104|-1400|1144|2274|6|1
W|13380|0|2|ICEY|XA00TEX|354.575743259|128|0|1|1|0|0|-1400|1144|-1432|1200|2274|6|1
W|13381|0|2|ICEY|XA00TEX|419.073805245|128|0|1|1|0|0|-1432|1200|-1392|1232|2274|6|1
W|13382|0|2|ICEY|XA00TEX|470.298799145|128|0|1|1|0|0|-1392|1232|-1344|1224|2274|6|1
W|13383|0|2|ICEY|XA00TEX|6.960899387|128|0|1|1|0|0|-1344|1224|-1288|1288|2274|6|1
W|13384|0|2|ICEY|XA00TEX|92.002065889|128|0|1|1|0|0|-1288|1288|-1208|1296|2274|6|1
W|13385|0|2|ICEY|XA00TEX|172.401070858|128|0|1|1|0|0|-1208|1296|-1168|1248|2274|6|1
W|13386|0|2|ICEY|XA00TEX|234.883068265|128|0|1|1|0|0|-1168|1248|-1256|1184|2274|6|1
W|13387|0|2|ICEY|XA00TEX|343.694832335|128|0|1|1|0|0|-1256|1184|-1216|1120|2274|6|1
W|13388|0|2|ICEY|XA00TEX|419.166681392|128|0|1|1|0|0|-1216|1120|-1160|1072|2274|6|1
W|13389|0|2|ICEY|XA00TEX|492.92303705|128|0|1|1|0|0|-1160|1072|-1184|1032|2274|6|1
W|13390|0|2|ICEY|XA00TEX|27.570652209|128|0|1|1|0|0|-1184|1032|-1296|1016|2274|6|1
W|13391|0|2|ICEY|XA00TEX|140.707737198|128|0|1|1|0|0|-1296|1016|-1368|1104|2274|6|1
W|13392|0|2|ICEY|XA00TEX|254.409100427|128|0|1|1|0|0|-1368|1104|-1408|1064|2274|6|1
W|13393|0|2|ICEY|XA00TEX|310.977642922|128|0|1|1|0|0|-1408|1064|-1520|1040|2274|6|1
W|13394|0|2|ICEY|XA00TEX|425.520211428|128|0|1|1|0|0|-1520|1040|-1576|1056|2274|6|1
W|13395|0|2|ICEY|XA00TEX|483.761090542|128|0|1|1|0|0|-1576|1056|-1576|1104|2274|6|1
W|13396|0|2|ICEY|XA00TEX|19.761090542|128|0|1|1|0|0|-1576|1104|-1544|1128|2274|6|1
W|13397|0|2|ICEY|XA00TEX|59.761090542|128|0|1|1|0|0|-1544|1128|-1576|1168|2274|6|1
W|13398|0|2|ICEY|XA00TEX|110.986084442|128|0|1|1|0|0|-1576|1168|-1624|1192|2274|6|1
W|13398|1|2|ICEY|XA00TEX|0|256|0|1|1|0|0|-1624|1192|-1576|1168|6|2274|1
W|13397|1|2|ICEY|XA00TEX|53.66563146|256|0|1|1|0|0|-1576|1168|-1544|1128|6|2274|1
W|13396|1|2|ICEY|XA00TEX|104.890625359|256|0|1|1|0|0|-1544|1128|-1576|1104|6|2274|1
W|13395|1|2|ICEY|XA00TEX|144.890625359|256|0|1|1|0|0|-1576|1104|-1576|1056|6|2274|1
W|13394|1|2|ICEY|XA00TEX|192.890625359|256|0|1|1|0|0|-1576|1056|-1520|1040|6|2274|1
W|13393|1|2|ICEY|XA00TEX|251.131504474|256|0|1|1|0|0|-1520|1040|-1408|1064|6|2274|1
W|13392|1|2|ICEY|XA00TEX|365.67407298|256|0|1|1|0|0|-1408|1064|-1368|1104|6|2274|1
W|13391|1|2|ICEY|XA00TEX|422.242615475|256|0|1|1|0|0|-1368|1104|-1296|1016|6|2274|1
W|13390|1|2|ICEY|XA00TEX|23.943978703|256|0|1|1|0|0|-1296|1016|-1184|1032|6|2274|1
W|13389|1|2|ICEY|XA00TEX|137.081063693|256|0|1|1|0|0|-1184|1032|-1160|1072|6|2274|1
W|13388|1|2|ICEY|XA00TEX|183.728678852|256|0|1|1|0|0|-1160|1072|-1216|1120|6|2274|1
W|13387|1|2|ICEY|XA00TEX|257.48503451|256|0|1|1|0|0|-1216|1120|-1256|1184|6|2274|1
W|13386|1|2|ICEY|XA00TEX|332.956883567|256|0|1|1|0|0|-1256|1184|-1168|1248|6|2274|1
W|13385|1|2|ICEY|XA00TEX|441.768647637|256|0|1|1|0|0|-1168|1248|-1208|1296|6|2274|1
W|13384|1|2|ICEY|XA00TEX|504.250645044|256|0|1|1|0|0|-1208|1296|-1288|1288|6|2274|1
W|13383|1|2|ICEY|XA00TEX|72.649650013|256|0|1|1|0|0|-1288|1288|-1344|1224|6|2274|1
W|13382|1|2|ICEY|XA00TEX|157.690816515|256|0|1|1|0|0|-1344|1224|-1392|1232|6|2274|1
W|13381|1|2|ICEY|XA00TEX|206.352916757|256|0|1|1|0|0|-1392|1232|-1432|1200|6|2274|1
W|13380|1|2|ICEY|XA00TEX|257.577910656|256|0|1|1|0|0|-1432|1200|-1400|1144|6|2274|1
W|13379|1|2|ICEY|XA00TEX|322.075972643|256|0|1|1|0|0|-1400|1144|-1440|1104|6|2274|1
W|13378|1|2|ICEY|XA00TEX|378.644515138|256|0|1|1|0|0|-1440|1104|-1488|1096|6|2274|1
W|13402|1|2|ICEY|XA00TEX|427.30661538|256|0|1|1|0|0|-1488|1096|-1512|1128|6|2274|1
W|13401|1|2|ICEY|XA00TEX|467.30661538|256|0|1|1|0|0|-1512|1128|-1504|1192|6|2274|1
W|13400|1|2|ICEY|XA00TEX|19.804677367|256|0|1|1|0|0|-1504|1192|-1576|1232|6|2274|1
W|13399|1|2|ICEY|XA00TEX|102.169718494|256|0|1|1|0|0|-1576|1232|-1624|1192|6|2274|1
W|13507|0|2|ICEY|XA00TEX|0|256|0|1|1|0|0|-4088|904|-4080|888|1903|2284|1
W|13508|0|2|ICEY|XA00TEX|17.88854382|256|0|1|1|0|0|-4080|888|-4096|872|1903|2284|1
W|13509|0|2|ICEY|XA00TEX|40.515960818|256|0|1|1|0|0|-4096|872|-4104|848|1903|2284|1
W|13510|0|2|ICEY|XA00TEX|65.814182099|256|0|1|1|0|0|-4104|848|-4088|832|1903|2284|1
W|13511|0|2|ICEY|XA00TEX|88.441599097|256|0|1|1|0|0|-4088|832|-4088|816|1903|2284|1
W|13512|0|2|ICEY|XA00TEX|104.441599097|256|0|1|1|0|0|-4088|816|-4104|784|1903|2284|1
W|13513|0|2|ICEY|XA00TEX|140.218686737|256|0|1|1|0|0|-4104|784|-4096|768|1903|2284|1
W|13514|0|2|ICEY|XA00TEX|158.107230557|256|0|1|1|0|0|-4096|768|-4080|768|1903|2284|1
W|13515|0|2|ICEY|XA00TEX|174.107230557|256|0|1|1|0|0|-4080|768|-4064|760|1903|2284|1
W|13516|0|2|ICEY|XA00TEX|191.995774377|256|0|1|1|0|0|-4064|760|-4056|768|1903|2284|1
W|13505|0|2|ICEY|XA00TEX|203.309482876|256|0|1|1|0|0|-4056|768|-4056|904|1903|2284|1
W|13506|0|2|ICEY|XA00TEX|339.309482876|256|0|1|1|0|0|-4056|904|-4088|904|1903|2284|1
W|13506|1|0|ICEY|XA00TEX|41|256|0|1|1|41|0|-4088|904|-4056|904|2284|1903|1
W|13505|1|0|ICEY|XA00TEX|73|256|0|1|1|73|0|-4056|904|-4056|768|2284|1903|1
W|13516|1|0|ICEY|XA00TEX|209|256|0|1|1|81|0|-4056|768|-4064|760|2284|1903|1
W|13515|1|0|ICEY|XA00TEX|220.313708499|256|0|1|1|92|0|-4064|760|-4080|768|2284|1903|1
W|13514|1|0|ICEY|XA00TEX|238.202252319|256|0|1|1|110|0|-4080|768|-4096|768|2284|1903|1
W|13513|1|0|ICEY|XA00TEX|254.202252319|256|0|1|1|126|0|-4096|768|-4104|784|2284|1903|1
W|13512|1|0|ICEY|XA00TEX|272.090796139|256|0|1|1|16|0|-4104|784|-4088|816|2284|1903|1
W|13511|1|0|ICEY|XA00TEX|307.867883779|256|0|1|1|52|0|-4088|816|-4088|832|2284|1903|1
W|13510|1|0|ICEY|XA00TEX|323.867883779|256|0|1|1|68|0|-4088|832|-4104|848|2284|1903|1
W|13509|1|0|ICEY|XA00TEX|346.495300777|256|0|1|1|-25|0|-4104|848|-4096|872|2284|1903|1
W|13508|1|0|ICEY|XA00TEX|371.793522058|256|0|1|1|0|0|-4096|872|-4080|888|2284|1903|1
W|13507|1|0|ICEY|XA00TEX|394.420939056|256|0|1|1|23|0|-4080|888|-4088|904|2284|1903|1
W|13519|0|2|ICEY|XA00TEX|0|256|0|1|1|0|0|-4088|520|-4080|504|1921|2285|1
W|13520|0|2|ICEY|XA00TEX|17.88854382|256|0|1|1|0|0|-4080|504|-4096|488|1921|2285|1
W|13521|0|2|ICEY|XA00TEX|40.515960818|256|0|1|1|0|0|-4096|488|-4104|464|1921|2285|1
W|13522|0|2|ICEY|XA00TEX|65.814182099|256|0|1|1|0|0|-4104|464|-4088|448|1921|2285|1
W|13523|0|2|ICEY|XA00TEX|88.441599097|256|0|1|1|0|0|-4088|448|-4088|432|1921|2285|1
W|13524|0|2|ICEY|XA00TEX|104.441599097|256|0|1|1|0|0|-4088|432|-4104|400|1921|2285|1
W|13525|0|2|ICEY|XA00TEX|140.218686737|256|0|1|1|0|0|-4104|400|-4096|384|1921|2285|1
W|13526|0|2|ICEY|XA00TEX|158.107230557|256|0|1|1|0|0|-4096|384|-4080|384|1921|2285|1
W|13527|0|2|ICEY|XA00TEX|174.107230557|256|0|1|1|0|0|-4080|384|-4064|376|1921|2285|1
W|13528|0|2|ICEY|XA00TEX|191.995774377|256|0|1|1|0|0|-4064|376|-4056|384|1921|2285|1
W|13517|0|2|ICEY|XA00TEX|203.309482876|256|0|1|1|0|0|-4056|384|-4056|520|1921|2285|1
W|13518|0|2|ICEY|XA00TEX|339.309482876|256|0|1|1|0|0|-4056|520|-4088|520|1921|2285|1
W|13518|1|0|ICEY|XA00TEX|25|256|0|1|1|-103|0|-4088|520|-4056|520|2285|1921|1
W|13517|1|0|ICEY|XA00TEX|57|256|0|1|1|-71|0|-4056|520|-4056|384|2285|1921|1
W|13528|1|0|ICEY|XA00TEX|193|256|0|1|1|-63|0|-4056|384|-4064|376|2285|1921|1
W|13527|1|0|ICEY|XA00TEX|204.313708499|256|0|1|1|-52|0|-4064|376|-4080|384|2285|1921|1
W|13526|1|0|ICEY|XA00TEX|222.202252319|256|0|1|1|-34|0|-4080|384|-4096|384|2285|1921|1
W|13525|1|0|ICEY|XA00TEX|238.202252319|256|0|1|1|-18|0|-4096|384|-4104|400|2285|1921|1
W|13524|1|0|ICEY|XA00TEX|256.090796139|256|0|1|1|0|0|-4104|400|-4088|432|2285|1921|1
W|13523|1|0|ICEY|XA00TEX|291.867883779|256|0|1|1|-80|0|-4088|432|-4088|448|2285|1921|1
W|13522|1|0|ICEY|XA00TEX|307.867883779|256|0|1|1|-64|0|-4088|448|-4104|464|2285|1921|1
W|13521|1|0|ICEY|XA00TEX|330.495300777|256|0|1|1|-41|0|-4104|464|-4096|488|2285|1921|1
W|13520|1|0|ICEY|XA00TEX|355.793522058|256|0|1|1|-16|0|-4096|488|-4080|504|2285|1921|1
W|13519|1|0|ICEY|XA00TEX|378.420939056|256|0|1|1|-121|0|-4080|504|-4088|520|2285|1921|1
W|11409|0|1|IKWALL44|XA01TEX|105|256|0|1|1|-23|0|-4096|904|-4088|912|1903|-1|1
W|11410|0|1|IKWALL44|XA01TEX|116.313708499|256|0|1|1|-12|0|-4088|912|-4056|912|1903|-1|1
W|11411|0|1|IKWALL44|XA01TEX|148.313708499|256|0|1|1|-108|0|-4056|912|-4048|904|1903|-1|1
W|11412|0|1|IKWALL44|XA01TEX|159.627416998|256|0|1|1|-97|0|-4048|904|-4048|896|1903|-1|1
W|11396|1|0|IKWALL44|XA01TEX|167.627416998|256|0|1|1|-89|0|-4048|896|-4048|768|1903|1902|1
W|11396|1|2|IKWALL44|XA01TEX|167.627416998|256|0|1|1|-89|0|-4048|896|-4048|768|1903|1902|1
W|11398|0|1|IKWALL44|XA01TEX|295.627416998|256|0|1|1|-89|0|-4048|768|-4048|760|1903|-1|1
W|11399|0|1|IKWALL44|XA01TEX|303.627416998|256|0|1|1|-81|0|-4048|760|-4064|752|1903|-1|1
W|11400|0|1|IKWALL44|XA01TEX|321.515960818|256|0|1|1|-63|0|-4064|752|-4080|760|1903|-1|1
W|11401|0|1|IKWALL44|XA01TEX|339.404504638|256|0|1|1|-45|0|-4080|760|-4096|760|1903|-1|1
W|11402|0|1|IKWALL44|XA01TEX|355.404504638|256|0|1|1|-29|0|-4096|760|-4112|784|1903|-1|1
W|11403|0|1|IKWALL44|XA01TEX|384.248914842|256|0|1|1|0|0|-4112|784|-4096|816|1903|-1|1
W|11404|0|1|IKWALL44|XA01TEX|420.026002482|256|0|1|1|0|0|-4096|816|-4096|832|1903|-1|1
W|11405|0|1|IKWALL44|XA01TEX|436.026002482|256|0|1|1|-112|0|-4096|832|-4112|848|1903|-1|1
W|11406|0|1|IKWALL44|XA01TEX|458.65341948|256|0|1|1|-89|0|-4112|848|-4104|872|1903|-1|1
W|11407|0|1|IKWALL44|XA01TEX|483.951640761|256|0|1|1|-64|0|-4104|872|-4088|888|1903|-1|1
W|11408|0|1|IKWALL44|XA01TEX|506.579057759|256|0|1|1|-41|0|-4088|888|-4096|904|1903|-1|1
W|11477|0|1|IKWALL44|XA01TEX|105|256|0|1|1|-23|0|-4096|520|-4088|528|1921|-1|1
W|11478|0|1|IKWALL44|XA01TEX|116.313708499|256|0|1|1|-12|0|-4088|528|-4056|528|1921|-1|1
W|11479|0|1|IKWALL44|XA01TEX|148.313708499|256|0|1|1|-108|0|-4056|528|-4048|520|1921|-1|1
W|11480|0|1|IKWALL44|XA01TEX|159.627416998|256|0|1|1|-97|0|-4048|520|-4048|512|1921|-1|1
W|11464|1|0|IKWALL44|XA01TEX|167.627416998|256|0|1|1|-89|0|-4048|512|-4048|384|1921|1920|1
W|11464|1|2|IKWALL44|XA01TEX|167.627416998|256|0|1|1|-89|0|-4048|512|-4048|384|1921|1920|1
W|11466|0|1|IKWALL44|XA01TEX|295.627416998|256|0|1|1|-89|0|-4048|384|-4048|376|1921|-1|1
W|11467|0|1|IKWALL44|XA01TEX|303.627416998|256|0|1|1|-81|0|-4048|376|-4064|368|1921|-1|1
W|11468|0|1|IKWALL44|XA01TEX|321.515960818|256|0|1|1|-63|0|-4064|368|-4080|376|1921|-1|1
W|11469|0|1|IKWALL44|XA01TEX|339.404504638|256|0|1|1|-45|0|-4080|376|-4096|376|1921|-1|1
W|11470|0|1|IKWALL44|XA01TEX|355.404504638|256|0|1|1|-29|0|-4096|376|-4112|400|1921|-1|1
W|11471|0|1|IKWALL44|XA01TEX|384.248914842|256|0|1|1|0|0|-4112|400|-4096|432|1921|-1|1
W|11472|0|1|IKWALL44|XA01TEX|420.026002482|256|0|1|1|0|0|-4096|432|-4096|448|1921|-1|1
W|11473|0|1|IKWALL44|XA01TEX|436.026002482|256|0|1|1|-112|0|-4096|448|-4112|464|1921|-1|1
W|11474|0|1|IKWALL44|XA01TEX|458.65341948|256|0|1|1|-89|0|-4112|464|-4104|488|1921|-1|1
W|11475|0|1|IKWALL44|XA01TEX|483.951640761|256|0|1|1|-64|0|-4104|488|-4088|504|1921|-1|1
W|11476|0|1|IKWALL44|XA01TEX|506.579057759|256|0|1|1|-41|0|-4088|504|-4096|520|1921|-1|1
W|96|1|2|OSNOW|XA23TEX|91|256|0|1|1|91|0|-1396|1776|-1420|1748|2249|2245|1
W|97|0|2|OSNOW|XA23TEX|91|128|0|1|1|91|0|-1396|1776|-1420|1756|2247|2249|1
W|13261|0|2|OSNOW|XA23TEX|122.240998704|128|0|1|1|122|0|-1420|1756|-1420|1748|2248|2249|1
W|98|0|2|OSNOW|XA23TEX|0|256|0|1|1|0|0|-1420|1748|-1420|1692|2248|2245|1
W|13262|0|2|OSNOW|XA23TEX|56|256|0|1|1|56|0|-1420|1692|-1372|1652|2250|2245|1
W|13263|0|2|OSNOW|XA23TEX|118.481997407|256|0|1|1|118|0|-1372|1652|-1308|1668|2251|2245|1
W|13264|0|2|OSNOW|XA23TEX|184.451687417|256|0|1|1|56|0|-1308|1668|-1284|1724|21|2245|1
W|13258|0|2|OSNOW|XA23TEX|245.377872264|256|0|1|1|-67|0|-1284|1724|-1308|1780|2244|2245|1
W|13259|0|2|OSNOW|XA23TEX|306.304057111|256|0|1|1|-6|0|-1308|1780|-1372|1796|2246|2245|1
W|13260|0|2|OSNOW|XA23TEX|372.273747121|256|0|1|1|60|0|-1372|1796|-1396|1776|2247|2245|1
W|101|1|2|OSNOW|XA23TEX|88|0|0|1|1|-40|0|-2688|564|-2712|560|23|2225|1
W|102|0|2|OSNOW|XA23TEX|112|0|0|1|1|-16|0|-2712|560|-2736|536|2235|2225|1
W|13225|0|2|OSNOW|XA23TEX|145.941125497|0|0|1|1|-110|0|-2736|536|-2728|504|2234|2225|1
W|13226|0|2|OSNOW|XA23TEX|178.925970502|0|0|1|1|-77|0|-2728|504|-2696|480|2233|2225|1
W|13227|0|2|OSNOW|XA23TEX|218.925970502|0|0|1|1|-37|0|-2696|480|-2664|488|2232|2225|1
W|122|0|2|OSNOW|XA23TEX|251.910815507|0|0|1|1|-4|0|-2664|488|-2656|500|2231|2225|1
W|103|1|2|OSNOW|XA23TEX|31|256|0|1|1|-97|0|-2564|552|-2571|568|29|22|1
W|104|0|2|OSNOW|XA23TEX|48|0|0|1|1|-80|0|-2571|568|-2596|596|2228|22|1
W|10879|0|2|OSNOW|XA23TEX|85.536648758|0|0|1|1|-42|0|-2596|596|-2652|612|2227|22|1
W|143|0|2|OSNOW|XA23TEX|143.777527872|0|0|1|1|-112|0|-2652|612|-2672|560|2226|22|1
W|105|0|2|OSNOW|XA23TEX|26|0|0|1|1|-102|0|-2564|552|-2560|556|2229|29|1
W|142|0|2|OSNOW|XA23TEX|31.656854249|0|0|1|1|-96|0|-2560|556|-2571|568|2228|29|1
W|106|1|2|OSNOW|XA23TEX|120|128|0|1|1|-8|0|-2024|660|-2048|632|2243|25|1
W|107|0|2|OSNOW|XA23TEX|118|0|0|1|1|-10|0|-2024|660|-2048|640|2237|2243|1
W|121|0|2|OSNOW|XA23TEX|149.240998704|0|0|1|1|-107|0|-2048|640|-2048|632|2238|2243|1
W|109|0|2|OSNOW|XA23TEX|85|0|0|1|1|-43|0|-2688|564|-2704|568|2236|23|1
W|13224|0|2|OSNOW|XA23TEX|101.492422502|0|0|1|1|-27|0|-2704|568|-2712|560|2235|23|1
W|113|0|2|OSNOW|XA23TEX|29|128|0|1|1|-99|0|-2048|632|-2048|584|2238|25|1
W|123|0|2|OSNOW|XA23TEX|77|128|0|1|1|-51|0|-2048|584|-1944|568|2239|25|1
W|124|0|2|OSNOW|XA23TEX|182.223571504|128|0|1|1|-74|0|-1944|568|-1920|608|2240|25|1
W|118|0|2|OSNOW|XA23TEX|228.871186662|128|0|1|1|-27|0|-1920|608|-1936|664|2241|25|1
W|119|0|2|OSNOW|XA23TEX|287.112065777|128|0|1|1|-97|0|-1936|664|-2000|680|2242|25|1
W|120|0|2|OSNOW|XA23TEX|353.081755787|128|0|1|1|-31|0|-2000|680|-2024|660|2237|25|1
W|143|1|2|OSNOW|XA23TEX|0|256|0|1|1|0|0|-2672|560|-2652|612|22|2226|1
W|10879|1|2|OSNOW|XA23TEX|55.713553109|256|0|1|1|0|0|-2652|612|-2596|596|22|2227|1
W|104|1|2|OSNOW|XA23TEX|113.954432223|256|0|1|1|0|0|-2596|596|-2571|568|22|2228|1
W|144|0|2|OSNOW|XA23TEX|10|0|0|1|1|10|0|-2656|500|-2604|512|2230|22|1
W|10881|0|2|OSNOW|XA23TEX|63.366656257|0|0|1|1|-26|0|-2604|512|-2564|552|2229|22|1
W|941|0|2|OSNOW|XA23TEX|0|0|0|1|1|0|0|-4320|-1440|-4464|-1488|170|169|1
W|941|1|2|OSNOW|XA23TEX|0|-256|0|1|1|0|0|-4464|-1488|-4320|-1440|169|170|1
W|1041|0|2|OSNOW|XA23TEX|0|-128|0|1|1|0|0|-4480|-576|-4384|-640|173|174|1
W|1041|1|2|OSNOW|XA23TEX|0|256|0|1|1|0|0|-4384|-640|-4480|-576|174|173|1
W|1120|1|2|OSNOW|XA23TEX|94|-256|0|1|1|-34|0|-1856|-2832|-1792|-2816|268|270|1
W|1548|1|2|OSNOW|XA23TEX|159.96969001|-256|0|1|1|32|0|-1792|-2816|-1768|-2816|268|270|1
W|1124|1|2|OSNOW|XA23TEX|96|-256|0|1|1|96|0|-2336|-3296|-2304|-3328|203|2769|1
W|1380|1|2|OSNOW|XA23TEX|141.254833996|-256|0|1|1|13|0|-2304|-3328|-2304|-3344|203|2769|1
W|1125|1|2|OSNOW|XA23TEX|6|-256|0|1|1|6|0|-2400|-3296|-2368|-3264|203|2768|1
W|1385|1|2|OSNOW|XA23TEX|51.254833996|-256|0|1|1|51|0|-2368|-3264|-2336|-3296|203|2768|1
W|1328|1|2|OSNOW|XA23TEX|0|0|0|1|1|0|0|-1672|-2856|-1728|-2840|274|259|1
W|1342|0|2|OSNOW|XA23TEX|0|-128|0|1|1|0|0|-1608|-2816|-1656|-2816|271|269|1
W|1342|1|2|OSNOW|XA23TEX|40|-128|0|1|1|40|0|-1656|-2816|-1608|-2816|269|271|1
W|1343|1|2|OSNOW|XA23TEX|0|0|0|1|1|0|0|-1608|-2816|-1616|-2832|269|257|1
W|1341|1|2|OSNOW|XA23TEX|17.88854382|0|0|1|1|0|0|-1616|-2832|-1672|-2856|269|258|1
W|1344|0|2|OSNOW|XA23TEX|88|-128|0|1|1|88|0|-1608|-2816|-1600|-2792|273|271|1
W|1344|1|2|OSNOW|XA23TEX|0|-128|0|1|1|0|0|-1600|-2792|-1608|-2816|271|273|1
W|1345|0|2|OSNOW|XA23TEX|113|-256|0|1|1|113|0|-1600|-2792|-1560|-2784|255|252|1
W|1352|0|2|OSNOW|XA23TEX|153.792156109|-256|0|1|1|26|0|-1560|-2784|-1560|-2768|254|252|1
W|1352|1|2|OSNOW|XA23TEX|0|-128|0|1|1|0|0|-1560|-2768|-1560|-2784|252|254|1
W|1345|1|2|OSNOW|XA23TEX|16|-128|0|1|1|0|0|-1560|-2784|-1600|-2792|252|255|1
W|1353|0|2|OSNOW|XA23TEX|43|-256|0|1|1|-85|0|-1904|-2816|-1856|-2824|270|272|1
W|1354|0|2|OSNOW|XA23TEX|91.662100242|-256|0|1|1|-36|0|-1856|-2824|-1840|-2792|270|272|1
W|1355|0|2|OSNOW|XA23TEX|127.439187882|-256|0|1|1|0|0|-1840|-2792|-1792|-2784|270|272|1
W|1355|1|2|OSNOW|XA23TEX|0|-128|0|1|1|0|0|-1792|-2784|-1840|-2792|272|270|1
W|1354|1|2|OSNOW|XA23TEX|48.662100242|-128|0|1|1|0|0|-1840|-2792|-1856|-2824|272|270|1
W|1353|1|2|OSNOW|XA23TEX|84.439187882|-128|0|1|1|0|0|-1856|-2824|-1904|-2816|272|270|1
W|1357|1|2|OSNOW|XA23TEX|0|0|0|1|1|0|0|-1728|-2840|-1768|-2864|268|260|1
W|1356|1|2|OSNOW|XA23TEX|46.647615159|0|0|1|1|0|0|-1768|-2864|-1832|-2856|268|205|1
W|1360|1|2|OSNOW|XA23TEX|111.145677145|0|0|1|1|0|0|-1832|-2856|-1856|-2832|268|261|1
W|1358|0|2|OSNOW|XA23TEX|43|-256|0|1|1|-85|0|-1904|-2816|-1856|-2832|263|270|1
W|1358|1|2|OSNOW|XA23TEX|0|-128|0|1|1|0|0|-1856|-2832|-1904|-2816|270|263|1
W|1360|0|2|OSNOW|XA23TEX|94|-256|0|1|1|-34|0|-1856|-2832|-1832|-2856|261|268|1
W|1356|0|2|OSNOW|XA23TEX|127.941125497|-256|0|1|1|0|0|-1832|-2856|-1768|-2864|205|268|1
W|1357|0|2|OSNOW|XA23TEX|192.439187483|-256|0|1|1|64|0|-1768|-2864|-1728|-2840|260|268|1
W|1328|0|2|OSNOW|XA23TEX|239.086802642|-256|0|1|1|111|0|-1728|-2840|-1672|-2856|259|274|1
W|1341|0|2|OSNOW|XA23TEX|297.327681756|-256|0|1|1|41|0|-1672|-2856|-1616|-2832|258|269|1
W|1343|0|2|OSNOW|XA23TEX|358.253866603|-256|0|1|1|102|0|-1616|-2832|-1608|-2816|257|269|1
W|1361|0|2|OSNOW|XA23TEX|7|-256|0|1|1|-121|0|-1920|-2784|-1904|-2816|275|272|1
W|1361|1|2|OSNOW|XA23TEX|0|-128|0|1|1|0|0|-1904|-2816|-1920|-2784|272|275|1
W|1365|1|2|OSNOW|XA23TEX|23|-384|0|1|1|23|0|-1832|-3784|-1840|-3792|277|276|1
W|1211|1|2|OSNOW|XA23TEX|34.313708499|-384|0|1|1|34|0|-1840|-3792|-1840|-3800|277|276|1
W|1369|1|2|OSNOW|XA23TEX|0|-256|0|1|1|0|0|-1752|-3840|-1712|-3828|562|563|1
W|1371|0|2|OSNOW|XA23TEX|92|-256|0|1|1|92|0|-1780|-3792|-1792|-3820|276|563|1
W|1368|0|2|OSNOW|XA23TEX|122.463092423|-256|0|1|1|122|0|-1792|-3820|-1780|-3840|276|563|1
W|1374|0|2|OSNOW|XA23TEX|53|-128|0|1|1|-75|0|-2928|-3024|-2928|-3040|573|2771|1
W|1375|0|2|OSNOW|XA23TEX|69|-128|0|1|1|-59|0|-2928|-3040|-2896|-3056|573|2771|1
W|1376|0|2|OSNOW|XA23TEX|105|-128|0|1|1|-23|0|-2896|-3056|-2880|-3040|572|2771|1
W|1377|0|2|OSNOW|XA23TEX|127.627416998|-128|0|1|1|0|0|-2880|-3040|-2880|-3024|572|2771|1
W|1378|0|2|OSNOW|XA23TEX|37|-128|0|1|1|-91|0|-2960|-3056|-2944|-3064|572|573|1
W|1525|0|2|OSNOW|XA23TEX|54.88854382|-128|0|1|1|-73|0|-2944|-3064|-2912|-3064|572|573|1
W|1526|0|2|OSNOW|XA23TEX|86.88854382|-128|0|1|1|-41|0|-2912|-3064|-2896|-3056|572|573|1
W|1383|1|2|OSNOW|XA23TEX|4|-256|0|1|1|4|0|-2304|-3344|-2256|-3312|201|2769|1
W|1387|1|2|OSNOW|XA23TEX|61.688820407|-256|0|1|1|62|0|-2256|-3312|-2272|-3248|201|2769|1
W|1389|1|2|OSNOW|XA23TEX|127.658510417|-256|0|1|1|0|0|-2272|-3248|-2304|-3232|201|2769|1
W|1388|1|2|OSNOW|XA23TEX|36|-256|0|1|1|36|0|-2304|-3232|-2336|-3200|201|2768|1
W|1391|1|2|OSNOW|XA23TEX|81.254833996|-256|0|1|1|81|0|-2336|-3200|-2400|-3200|201|2768|1
W|1392|1|2|OSNOW|XA23TEX|145.254833996|-256|0|1|1|17|0|-2400|-3200|-2432|-3264|201|2768|1
W|1393|1|2|OSNOW|XA23TEX|216.809009276|-256|0|1|1|89|0|-2432|-3264|-2400|-3296|201|2768|1
W|1390|1|2|OSNOW|XA23TEX|96|-256|0|1|1|96|0|-2336|-3296|-2304|-3232|2769|2768|1
W|1394|0|2|OSNOW|XA23TEX|6|-256|0|1|1|6|0|-2400|-3296|-2432|-3328|201|203|1
W|1126|0|2|OSNOW|XA23TEX|51.254833996|-256|0|1|1|69|0|-2432|-3328|-2304|-3392|201|203|1
W|1127|0|2|OSNOW|XA23TEX|194.363184556|-256|0|1|1|84|0|-2304|-3392|-2304|-3344|201|203|1
W|1536|0|2|OSNOW|XA23TEX|0|-128|0|1|1|0|0|-1792|-2784|-1792|-2752|252|272|1
W|1536|1|2|OSNOW|XA23TEX|17|-256|0|1|1|17|0|-1792|-2752|-1792|-2784|272|252|1
W|1538|0|2|OSNOW|XA23TEX|49|-256|0|1|1|49|0|-1792|-2784|-1768|-2800|270|252|1
W|1538|1|2|OSNOW|XA23TEX|0|-128|0|1|1|0|0|-1768|-2800|-1792|-2784|252|270|1
W|1539|0|2|OSNOW|XA23TEX|78|-256|0|1|1|78|0|-1768|-2800|-1728|-2776|267|252|1
W|1540|0|2|OSNOW|XA23TEX|124.647615159|-256|0|1|1|125|0|-1728|-2776|-1696|-2800|267|252|1
W|1541|0|2|OSNOW|XA23TEX|164.647615159|-256|0|1|1|37|0|-1696|-2800|-1672|-2808|267|252|1
W|1541|1|2|OSNOW|XA23TEX|0|-128|0|1|1|0|0|-1672|-2808|-1696|-2800|252|267|1
W|1540|1|2|OSNOW|XA23TEX|25.298221281|-128|0|1|1|0|0|-1696|-2800|-1728|-2776|252|267|1
W|1539|1|2|OSNOW|XA23TEX|65.298221281|-128|0|1|1|0|0|-1728|-2776|-1768|-2800|252|267|1
W|1542|0|2|OSNOW|XA23TEX|25|-128|0|1|1|25|0|-1672|-2808|-1632|-2776|271|252|1
W|1543|0|2|OSNOW|XA23TEX|76.224993899|-128|0|1|1|76|0|-1632|-2776|-1600|-2792|271|252|1
W|1543|1|2|OSNOW|XA23TEX|113|-128|0|1|1|113|0|-1600|-2792|-1632|-2776|252|271|1
W|1542|1|2|OSNOW|XA23TEX|148.77708764|-128|0|1|1|21|0|-1632|-2776|-1672|-2808|252|271|1
W|1544|0|2|OSNOW|XA23TEX|0|-128|0|1|1|0|0|-1656|-2816|-1768|-2816|267|274|1
W|1544|1|2|OSNOW|XA23TEX|56|-256|0|1|1|56|0|-1768|-2816|-1656|-2816|274|267|1
W|1545|0|2|OSNOW|XA23TEX|72|-128|0|1|1|72|0|-1672|-2808|-1656|-2816|267|271|1
W|1545|1|2|OSNOW|XA23TEX|0|-128|0|1|1|0|0|-1656|-2816|-1672|-2808|271|267|1
W|1546|0|2|OSNOW|XA23TEX|0|0|0|1|1|0|0|-1656|-2816|-1672|-2856|274|269|1
W|1546|1|2|OSNOW|XA23TEX|0|0|0|1|1|0|0|-1672|-2856|-1656|-2816|269|274|1
W|1548|0|2|OSNOW|XA23TEX|0|-128|0|1|1|0|0|-1768|-2816|-1792|-2816|270|268|1
W|1120|0|2|OSNOW|XA23TEX|24|-128|0|1|1|0|0|-1792|-2816|-1856|-2832|270|268|1
W|1549|0|2|OSNOW|XA23TEX|0|0|0|1|1|0|0|-1728|-2840|-1768|-2816|274|268|1
W|1549|1|2|OSNOW|XA23TEX|0|0|0|1|1|0|0|-1768|-2816|-1728|-2840|268|274|1
W|1550|0|2|OSNOW|XA23TEX|0|-128|0|1|1|0|0|-1768|-2816|-1768|-2800|267|270|1
W|1550|1|2|OSNOW|XA23TEX|78|-256|0|1|1|78|0|-1768|-2800|-1768|-2816|270|267|1
W|1564|1|2|OSNOW|XA23TEX|23|-384|0|1|1|23|0|-1832|-3784|-1864|-3764|571|277|1
W|1562|1|2|OSNOW|XA23TEX|60.735924528|-384|0|1|1|61|0|-1864|-3764|-1880|-3788|571|277|1
W|1570|1|2|OSNOW|XA23TEX|92|-384|0|1|1|92|0|-1780|-3792|-1800|-3776|571|276|1
W|1569|1|2|OSNOW|XA23TEX|117.61249695|-384|0|1|1|118|0|-1800|-3776|-1832|-3784|571|276|1
W|1571|1|2|OSNOW|XA23TEX|0|-256|0|1|1|0|0|-1712|-3828|-1712|-3808|571|563|1
W|1565|1|2|OSNOW|XA23TEX|20|-256|0|1|1|20|0|-1712|-3808|-1728|-3796|571|563|1
W|1563|1|2|OSNOW|XA23TEX|40|-256|0|1|1|40|0|-1728|-3796|-1780|-3792|571|563|1
W|1572|1|2|OSNOW|XA23TEX|71|-384|0|1|1|-57|0|-1656|-3840|-1712|-3828|571|562|1
W|10880|0|2|OSNOW|XA23TEX|76|0|0|1|1|-52|0|-2672|560|-2656|500|2225|22|1
W|10881|1|2|OSNOW|XA23TEX|0|256|0|1|1|0|0|-2564|552|-2604|512|22|2229|1
W|144|1|2|OSNOW|XA23TEX|56.568542495|256|0|1|1|0|0|-2604|512|-2656|500|22|2230|1
W|11684|0|2|OSNOW|XA23TEX|0|-128|0|1|1|0|0|-4320|-896|-4544|-896|173|171|1
W|11684|1|2|OSNOW|XA23TEX|0|256|0|1|1|0|0|-4544|-896|-4320|-896|171|173|1
W|11698|0|2|OSNOW|XA23TEX|0|-256|0|1|1|0|0|-4512|-1280|-4304|-1280|170|171|1
W|11698|1|2|OSNOW|XA23TEX|0|0|0|1|1|0|0|-4304|-1280|-4512|-1280|171|170|1
W|13223|0|2|OSNOW|XA23TEX|72|0|0|1|1|-56|0|-2672|560|-2688|564|2236|2225|1
W|13224|1|2|OSNOW|XA23TEX|0|256|0|1|1|0|0|-2712|560|-2704|568|23|2235|1
W|109|1|2|OSNOW|XA23TEX|11.313708499|256|0|1|1|0|0|-2704|568|-2688|564|23|2236|1
W|13298|0|2|OSNOW|XA23TEX|1|128|0|1|1|1|0|-1685|1945|-1685|1917|2256|2253|1
W|13281|0|2|OSNOW|XA23TEX|29|128|0|1|1|29|0|-1685|1917|-1661|1897|2258|2253|1
W|13282|0|2|OSNOW|XA23TEX|60.240998704|128|0|1|1|60|0|-1661|1897|-1629|1905|2259|2253|1
W|13283|0|2|OSNOW|XA23TEX|93.225843709|128|0|1|1|93|0|-1629|1905|-1617|1933|2260|2253|1
W|13277|0|2|OSNOW|XA23TEX|123.688936132|128|0|1|1|123|0|-1617|1933|-1629|1961|2252|2253|1
W|13278|0|2|OSNOW|XA23TEX|154.152028555|128|0|1|1|25|0|-1629|1961|-1661|1969|2254|2253|1
W|13279|0|2|OSNOW|XA23TEX|187.13687356|128|0|1|1|58|0|-1661|1969|-1673|1959|2255|2253|1
W|13299|0|2|OSNOW|XA23TEX|74|128|0|1|1|74|0|-1673|1959|-1685|1949|2255|2257|1
W|13280|0|2|OSNOW|XA23TEX|89.620499352|128|0|1|1|-3|0|-1685|1949|-1685|1945|2256|2257|1
W|13300|1|2|OSNOW|XA23TEX|74|128|0|1|1|74|0|-1673|1959|-1685|1945|2257|2253|1
W|13325|0|2|OSNOW|XA23TEX|95|128|0|1|1|-33|-96|-2992|912|-2976|888|2273|2269|1
W|13326|0|2|OSNOW|XA23TEX|123.844410204|128|0|1|1|-4|-96|-2976|888|-2944|888|2273|2269|1
W|13337|0|2|OSNOW|XA23TEX|155.844410204|128|0|1|1|-100|0|-2944|888|-2928|888|2271|2269|1
W|13327|0|2|OSNOW|XA23TEX|171.844410204|128|0|1|1|-84|0|-2928|888|-2904|864|2271|2269|1
W|13328|0|2|OSNOW|XA23TEX|78|128|0|1|1|-50|-104|-2904|864|-2872|896|2270|2269|1
W|13329|0|2|OSNOW|XA23TEX|76|0|0|1|1|-52|0|-2904|864|-2864|848|2271|2270|1
W|13330|0|2|OSNOW|XA23TEX|119.081318457|0|0|1|1|-9|0|-2864|848|-2840|864|2271|2270|1
W|13331|0|2|OSNOW|XA23TEX|147.925728661|0|0|1|1|-108|0|-2840|864|-2816|856|2271|2270|1
W|13332|0|2|OSNOW|XA23TEX|173.223949942|0|0|1|1|-83|0|-2816|856|-2808|872|2271|2270|1
W|15282|1|2|OSNOW|XA23TEX|0|-256|0|1|1|0|0|-4480|-1856|-4392|-1868|168|169|1
W|933|1|2|OSNOW|XA23TEX|88.814413245|-256|0|1|1|0|0|-4392|-1868|-4352|-1920|168|169|1
W|15385|0|2|OSNOW|XA23TEX|0|0|0|1|1|0|0|-4736|-648|-4688|-664|2584|2583|1
W|15386|0|2|OSNOW|XA23TEX|23|0|0|1|1|23|0|-4688|-664|-4672|-640|2585|2583|1
W|1024|0|2|OSNOW|XA23TEX|51.844410204|0|0|1|1|-82|0|-4672|-640|-4664|-536|193|2583|1
W|15388|1|2|OSNOW|XA23TEX|36|0|0|1|1|36|0|-4688|-760|-4720|-720|2585|2584|1
W|15387|1|2|OSNOW|XA23TEX|87.224993899|0|0|1|1|87|0|-4720|-720|-4688|-664|2585|2584|1
W|15389|1|2|OSNOW|XA23TEX|0|0|0|1|1|0|0|-4720|-776|-4688|-760|2582|2584|1
W|15392|1|2|OSNOW|XA23TEX|80|-128|0|1|1|-48|0|-4656|-824|-4656|-776|2585|2582|1
W|15390|1|2|OSNOW|XA23TEX|128|-128|0|1|1|0|0|-4656|-776|-4688|-760|2585|2582|1
W|15395|1|2|OSNOW|XA23TEX|70|0|0|1|1|-58|0|-4096|-744|-4144|-776|2581|2586|1
W|15394|1|2|OSNOW|XA23TEX|127.688820407|0|0|1|1|0|0|-4144|-776|-4168|-824|2581|2586|1
W|15393|1|2|OSNOW|XA23TEX|181.354451867|0|0|1|1|54|0|-4168|-824|-4152|-856|2581|2586|1
W|15398|1|2|OSNOW|XA23TEX|93|-128|0|1|1|93|0|-4712|-1440|-4704|-1400|2588|2590|1
W|15397|1|2|OSNOW|XA23TEX|133.792156109|-128|0|1|1|6|0|-4704|-1400|-4752|-1368|2588|2590|1
W|15400|1|2|OSNOW|XA23TEX|13|-128|0|1|1|13|0|-4696|-1512|-4688|-1480|2588|2589|1
W|15399|1|2|OSNOW|XA23TEX|45.984845005|-128|0|1|1|46|0|-4688|-1480|-4712|-1440|2588|2589|1
W|15401|1|2|OSNOW|XA23TEX|80|-128|0|1|1|80|0|-4640|-1536|-4696|-1512|2588|2587|1
W|15402|1|2|OSNOW|XA23TEX|0|-128|0|1|1|0|0|-4656|-1584|-4640|-1536|2579|2587|1
W|15404|0|2|OSNOW|XA23TEX|95|-256|0|1|1|-33|0|-4616|-1632|-4624|-1600|2588|2579|1
W|15405|0|2|OSNOW|XA23TEX|127.984845005|-256|0|1|1|0|0|-4624|-1600|-4608|-1576|2588|2579|1
W|15406|0|2|OSNOW|XA23TEX|156.829255209|-256|0|1|1|29|0|-4608|-1576|-4640|-1536|2588|2579|1
W|15407|0|2|OSNOW|XA23TEX|13|-128|0|1|1|13|0|-4696|-1512|-4720|-1520|2589|2587|1
W|15408|0|2|OSNOW|XA23TEX|0|-128|0|1|1|0|0|-4736|-1440|-4712|-1440|2589|2590|1
W|15408|1|2|OSNOW|XA23TEX|93|-128|0|1|1|93|0|-4712|-1440|-4736|-1440|2590|2589|1
W|15409|1|2|OSNOW|XA23TEX|69|-128|0|1|1|69|0|-4120|-1824|-4096|-1824|2592|2591|1
W|15412|1|2|OSNOW|XA23TEX|105|-128|0|1|1|-23|0|-4128|-1744|-4144|-1760|2580|2591|1
W|15411|1|2|OSNOW|XA23TEX|127.627416998|-128|0|1|1|0|0|-4144|-1760|-4136|-1792|2580|2591|1
W|15410|1|2|OSNOW|XA23TEX|160.612262003|-128|0|1|1|33|0|-4136|-1792|-4120|-1824|2580|2591|1
W|15413|0|2|OSNOW|XA23TEX|69|-128|0|1|1|69|0|-4120|-1824|-4112|-1856|2580|2592|1
W|15414|0|2|OSNOW|XA23TEX|101.984845005|-128|0|1|1|102|0|-4112|-1856|-4088|-1864|2580|2592|1
W|15415|0|2|OSNOW|XA23TEX|127.283066286|-128|0|1|1|127|0|-4088|-1864|-4064|-1856|2580|2592|1
W|134|0|1|OSNOW|XA23TEX|24|256|0|1|1|24|0|-1496|1536|-1520|1466|2267|-1|1
W|135|0|1|OSNOW|XA23TEX|98|256|0|1|1|98|0|-1520|1466|-1492|1398|2261|-1|1
W|136|0|1|OSNOW|XA23TEX|171.539105243|256|0|1|1|44|0|-1492|1398|-1424|1368|2262|-1|1
W|137|0|1|OSNOW|XA23TEX|245.862721948|256|0|1|1|118|0|-1424|1368|-1360|1400|85|-1|1
W|138|0|1|OSNOW|XA23TEX|317.416897228|256|0|1|1|62|0|-1360|1400|-1328|1466|2263|-1|1
W|131|0|1|OSNOW|XA23TEX|390.765380511|256|0|1|1|59|0|-1328|1466|-1360|1536|2265|-1|1
W|425|0|1|OSNOW|XA23TEX|467.732906131|256|0|1|1|8|0|-1360|1536|-1424|1560|2266|-1|1
W|133|0|1|OSNOW|XA23TEX|24.084936093|256|0|1|1|76|0|-1424|1560|-1496|1536|5|-1|1
W|1255|1|2|OSNOW|XA23TEX|121|-384|0|1|1|-7|0|-1640|-3464|-1648|-3432|222|223|1
W|1165|1|2|OSNOW|XA23TEX|153.984845005|-384|0|1|1|26|0|-1648|-3432|-1656|-3424|222|223|1
W|1166|1|2|OSNOW|XA23TEX|165.298553504|-384|0|1|1|37|0|-1656|-3424|-1688|-3432|204|223|1
W|1250|1|2|OSNOW|XA23TEX|198.283398509|-384|0|1|1|70|0|-1688|-3432|-1688|-3464|206|223|1
W|1249|1|2|OSNOW|XA23TEX|230.283398509|-384|0|1|1|102|0|-1688|-3464|-1664|-3472|207|223|1
W|1256|1|2|OSNOW|XA23TEX|255.58161979|-384|0|1|1|-32|0|-1664|-3472|-1640|-3464|208|223|1
W|1175|1|2|OSNOW|XA23TEX|54|-384|0|1|1|-74|0|-1688|-3488|-1712|-3496|231|232|1
W|1176|1|2|OSNOW|XA23TEX|79.298221281|-384|0|1|1|-49|0|-1712|-3496|-1712|-3512|228|232|1
W|1177|1|2|OSNOW|XA23TEX|95.298221281|-384|0|1|1|-33|0|-1712|-3512|-1696|-3520|229|232|1
W|1167|1|2|OSNOW|XA23TEX|113.186765101|-384|0|1|1|-15|0|-1696|-3520|-1688|-3488|230|232|1
W|1254|1|2|OSNOW|XA23TEX|72|-384|0|1|1|72|0|-1632|-3488|-1672|-3504|233|227|1
W|1253|1|2|OSNOW|XA23TEX|115.081318457|-384|0|1|1|115|0|-1672|-3504|-1664|-3552|234|227|1
W|1268|1|2|OSNOW|XA23TEX|163.743418699|-384|0|1|1|36|0|-1664|-3552|-1640|-3560|224|227|1
W|1267|1|2|OSNOW|XA23TEX|189.041639981|-384|0|1|1|-20|0|-1640|-3560|-1608|-3528|225|227|1
W|1266|1|2|OSNOW|XA23TEX|234.296473977|-384|0|1|1|25|0|-1608|-3528|-1632|-3488|226|227|1
W|1339|1|2|OSNOW|XA23TEX|54|-384|0|1|1|-74|0|-1624|-2960|-1616|-2984|238|264|1
W|1338|1|2|OSNOW|XA23TEX|79.298221281|-384|0|1|1|-49|0|-1616|-2984|-1600|-2984|239|264|1
W|1337|1|2|OSNOW|XA23TEX|95.298221281|-384|0|1|1|-33|0|-1600|-2984|-1592|-2968|240|264|1
W|1336|1|2|OSNOW|XA23TEX|113.186765101|-384|0|1|1|-15|0|-1592|-2968|-1624|-2960|241|264|1
W|1554|1|2|OSNOW|XA23TEX|121|-384|0|1|1|-7|0|-1648|-2912|-1680|-2920|247|265|1
W|1547|1|2|OSNOW|XA23TEX|153.984845005|-384|0|1|1|26|0|-1680|-2920|-1688|-2928|247|265|1
W|1568|1|2|OSNOW|XA23TEX|165.298553504|-384|0|1|1|37|0|-1688|-2928|-1680|-2960|251|265|1
W|1537|1|2|OSNOW|XA23TEX|198.283398509|-384|0|1|1|70|0|-1680|-2960|-1648|-2960|250|265|1
W|1556|1|2|OSNOW|XA23TEX|230.283398509|-384|0|1|1|102|0|-1648|-2960|-1640|-2936|249|265|1
W|1552|1|2|OSNOW|XA23TEX|255.58161979|-384|0|1|1|-32|0|-1640|-2936|-1648|-2912|248|265|1
W|1567|1|2|OSNOW|XA23TEX|72|-384|0|1|1|72|0|-1624|-2904|-1608|-2944|242|266|1
W|1566|1|2|OSNOW|XA23TEX|115.081318457|-384|0|1|1|115|0|-1608|-2944|-1560|-2936|243|266|1
W|1555|1|2|OSNOW|XA23TEX|163.743418699|-384|0|1|1|36|0|-1560|-2936|-1552|-2912|244|266|1
W|1553|1|2|OSNOW|XA23TEX|189.041639981|-384|0|1|1|-20|0|-1552|-2912|-1584|-2880|245|266|1
W|1551|1|2|OSNOW|XA23TEX|234.296473977|-384|0|1|1|25|0|-1584|-2880|-1624|-2904|246|266|1
W|5282|0|1|QFLAT07|XA04TEX|27|-128|0|1|1|27|0|1132|-4384|1132|-4408|1011|-1|1
W|5291|0|1|QFLAT07|XA04TEX|4|-128|0|1|1|-60|0|1132|-4440|1132|-4464|1011|-1|1
W|5295|0|1|QFLAT07|XA04TEX|27|0|0|1|1|27|0|1132|-3872|1132|-3896|987|-1|1
W|5307|0|1|QFLAT07|XA04TEX|4|0|0|1|1|-60|0|1132|-3928|1132|-3952|987|-1|1
W|5470|0|1|QFLAT07|XA04TEX|27|-128|0|1|1|27|0|660|-4152|660|-4128|1016|-1|1
W|5477|0|1|QFLAT07|XA04TEX|4|-128|0|1|1|-60|0|660|-4208|660|-4184|1016|-1|1
W|5968|1|0|QFLAT07|XA04TEX|0|-128|0|1|1|0|0|1088|-3312|1168|-3368|1076|1084|1
W|5987|1|0|QFLAT07|XA04TEX|0|-128|0|1|1|0|0|648|-3360|600|-3304|1091|1085|1
W|5988|1|0|QFLAT07|XA04TEX|0|-128|0|1|1|0|0|416|-3360|440|-3400|1086|1085|1
W|5989|0|0|QFLAT07|XA04TEX|0|-128|0|1|1|0|0|1152|-3000|1224|-2976|1083|1087|1
W|6005|0|2|QFLAT07|XA04TEX|0|-384|0|1|1|0|0|1152|-3000|1144|-2928|1087|282|1
W|6009|0|2|QFLAT07|XA04TEX|72.443081105|-384|0|1|1|0|0|1144|-2928|1144|-2880|1087|282|1
W|6001|0|2|QFLAT07|XA04TEX|120.443081105|-384|0|1|1|0|0|1144|-2880|1184|-2848|1087|282|1
W|6000|0|2|QFLAT07|XA04TEX|171.668075005|-384|0|1|1|0|0|1184|-2848|1208|-2800|1087|282|1
W|6002|0|2|QFLAT07|XA04TEX|225.333706465|-384|0|1|1|0|0|1208|-2800|1232|-2824|1087|282|1
W|5999|0|2|QFLAT07|XA04TEX|259.274831962|-384|0|1|1|0|0|1232|-2824|1256|-2888|1087|282|1
W|6003|0|2|QFLAT07|XA04TEX|327.626861924|-384|0|1|1|0|0|1256|-2888|1216|-2912|1087|282|1
W|5998|0|2|QFLAT07|XA04TEX|374.274477083|-384|0|1|1|0|0|1216|-2912|1224|-2976|1087|282|1
W|6029|0|0|QFLAT07|XA04TEX|0|-128|0|1|1|0|0|1168|-3368|1136|-3408|1076|282|1
W|6029|0|2|QFLAT07|XA04TEX|0|-128|0|1|1|0|0|1168|-3368|1136|-3408|1076|282|1
W|6028|0|0|QFLAT07|XA04TEX|51.224993899|-128|0|1|1|0|0|1136|-3408|1064|-3408|1076|282|1
W|6028|0|2|QFLAT07|XA04TEX|51.224993899|-128|0|1|1|0|0|1136|-3408|1064|-3408|1076|282|1
W|6027|0|0|QFLAT07|XA04TEX|123.224993899|-128|0|1|1|0|0|1064|-3408|1048|-3376|1076|282|1
W|6027|0|2|QFLAT07|XA04TEX|123.224993899|-128|0|1|1|0|0|1064|-3408|1048|-3376|1076|282|1
W|6026|0|0|QFLAT07|XA04TEX|159.002081539|-128|0|1|1|0|0|1048|-3376|1032|-3368|1076|282|1
W|6026|0|2|QFLAT07|XA04TEX|159.002081539|-128|0|1|1|0|0|1048|-3376|1032|-3368|1076|282|1
W|6025|0|0|QFLAT07|XA04TEX|176.890625359|-128|0|1|1|0|0|1032|-3368|1040|-3328|1076|282|1
W|6025|0|2|QFLAT07|XA04TEX|176.890625359|-128|0|1|1|0|0|1032|-3368|1040|-3328|1076|282|1
W|6024|0|0|QFLAT07|XA04TEX|217.682781468|-128|0|1|1|0|0|1040|-3328|1016|-3264|1076|282|1
W|6024|0|2|QFLAT07|XA04TEX|217.682781468|-128|0|1|1|0|0|1040|-3328|1016|-3264|1076|282|1
W|6023|0|0|QFLAT07|XA04TEX|286.034811431|-128|0|1|1|0|0|1016|-3264|1064|-3248|1076|282|1
W|6023|0|2|QFLAT07|XA04TEX|286.034811431|-128|0|1|1|0|0|1016|-3264|1064|-3248|1076|282|1
W|6022|0|0|QFLAT07|XA04TEX|336.631253993|-128|0|1|1|0|0|1064|-3248|1080|-3280|1076|282|1
W|6022|0|2|QFLAT07|XA04TEX|336.631253993|-128|0|1|1|0|0|1064|-3248|1080|-3280|1076|282|1
W|6021|0|0|QFLAT07|XA04TEX|372.408341633|-128|0|1|1|0|0|1080|-3280|1072|-3288|1076|282|1
W|6021|0|2|QFLAT07|XA04TEX|372.408341633|-128|0|1|1|0|0|1080|-3280|1072|-3288|1076|282|1
W|6020|0|0|QFLAT07|XA04TEX|383.722050132|-128|0|1|1|0|0|1072|-3288|1088|-3312|1076|282|1
W|6020|0|2|QFLAT07|XA04TEX|383.722050132|-128|0|1|1|0|0|1072|-3288|1088|-3312|1076|282|1
W|6035|0|2|QFLAT07|XA04TEX|0|-384|0|1|1|0|0|1088|-3312|1112|-3280|1084|282|1
W|6034|0|2|QFLAT07|XA04TEX|40|-384|0|1|1|0|0|1112|-3280|1184|-3304|1084|282|1
W|6033|0|2|QFLAT07|XA04TEX|115.894663844|-384|0|1|1|0|0|1184|-3304|1240|-3280|1084|282|1
W|6032|0|2|QFLAT07|XA04TEX|176.820848691|-384|0|1|1|0|0|1240|-3280|1288|-3336|1084|282|1
W|6031|0|2|QFLAT07|XA04TEX|250.577204349|-384|0|1|1|0|0|1288|-3336|1248|-3400|1084|282|1
W|6030|0|2|QFLAT07|XA04TEX|326.049053406|-384|0|1|1|0|0|1248|-3400|1168|-3368|1084|282|1
W|6038|0|0|QFLAT07|XA04TEX|0|-128|0|1|1|0|0|1224|-2976|1184|-3040|1083|282|1
W|6038|0|2|QFLAT07|XA04TEX|0|-128|0|1|1|0|0|1224|-2976|1184|-3040|1083|282|1
W|5981|0|0|QFLAT07|XA04TEX|75.471849056|-128|0|1|1|0|0|1184|-3040|1144|-3080|1083|282|1
W|5981|0|2|QFLAT07|XA04TEX|75.471849056|-128|0|1|1|0|0|1184|-3040|1144|-3080|1083|282|1
W|5979|0|0|QFLAT07|XA04TEX|132.040391551|-128|0|1|1|0|0|1144|-3080|1144|-3112|1083|282|1
W|5979|0|2|QFLAT07|XA04TEX|132.040391551|-128|0|1|1|0|0|1144|-3080|1144|-3112|1083|282|1
W|5980|0|0|QFLAT07|XA04TEX|164.040391551|-128|0|1|1|0|0|1144|-3112|1112|-3128|1083|282|1
W|5980|0|2|QFLAT07|XA04TEX|164.040391551|-128|0|1|1|0|0|1144|-3112|1112|-3128|1083|282|1
W|5978|0|0|QFLAT07|XA04TEX|199.817479191|-128|0|1|1|0|0|1112|-3128|1056|-3104|1083|282|1
W|5978|0|2|QFLAT07|XA04TEX|199.817479191|-128|0|1|1|0|0|1112|-3128|1056|-3104|1083|282|1
W|5977|0|0|QFLAT07|XA04TEX|260.743664038|-128|0|1|1|0|0|1056|-3104|1056|-3048|1083|282|1
W|5977|0|2|QFLAT07|XA04TEX|260.743664038|-128|0|1|1|0|0|1056|-3104|1056|-3048|1083|282|1
W|6006|0|0|QFLAT07|XA04TEX|316.743664038|-128|0|1|1|0|0|1056|-3048|1112|-3008|1083|282|1
W|6006|0|2|QFLAT07|XA04TEX|316.743664038|-128|0|1|1|0|0|1056|-3048|1112|-3008|1083|282|1
W|6008|0|0|QFLAT07|XA04TEX|385.562266175|-128|0|1|1|0|0|1112|-3008|1152|-3000|1083|282|1
W|6008|0|2|QFLAT07|XA04TEX|385.562266175|-128|0|1|1|0|0|1112|-3008|1152|-3000|1083|282|1
W|6070|0|2|QFLAT07|XA04TEX|0|-384|0|1|1|0|0|648|-3360|584|-3384|1085|282|1
W|6067|0|2|QFLAT07|XA04TEX|68.352029963|-384|0|1|1|0|0|584|-3384|544|-3392|1085|282|1
W|6063|0|2|QFLAT07|XA04TEX|109.144186071|-384|0|1|1|0|0|544|-3392|488|-3384|1085|282|1
W|6066|0|2|QFLAT07|XA04TEX|165.712728566|-384|0|1|1|0|0|488|-3384|440|-3400|1085|282|1
W|6071|0|0|QFLAT07|XA04TEX|0|-128|0|1|1|0|0|440|-3400|432|-3440|1086|282|1
W|6071|0|2|QFLAT07|XA04TEX|0|-128|0|1|1|0|0|440|-3400|432|-3440|1086|282|1
W|8252|0|0|QFLAT07|XA04TEX|40.792156109|-128|0|1|1|0|0|432|-3440|408|-3480|1086|282|1
W|8252|0|2|QFLAT07|XA04TEX|40.792156109|-128|0|1|1|0|0|432|-3440|408|-3480|1086|282|1
W|6062|0|0|QFLAT07|XA04TEX|87.439771268|-128|0|1|1|0|0|408|-3480|368|-3472|1086|282|1
W|6062|0|2|QFLAT07|XA04TEX|87.439771268|-128|0|1|1|0|0|408|-3480|368|-3472|1086|282|1
W|7164|0|0|QFLAT07|XA04TEX|128.231927376|-128|0|1|1|0|0|368|-3472|336|-3528|1086|282|1
W|7164|0|2|QFLAT07|XA04TEX|128.231927376|-128|0|1|1|0|0|368|-3472|336|-3528|1086|282|1
W|7165|0|0|QFLAT07|XA04TEX|192.729989363|-128|0|1|1|0|0|336|-3528|288|-3520|1086|282|1
W|7165|0|2|QFLAT07|XA04TEX|192.729989363|-128|0|1|1|0|0|336|-3528|288|-3520|1086|282|1
W|6117|0|0|QFLAT07|XA04TEX|241.392089605|-128|0|1|1|0|0|288|-3520|288|-3464|1086|282|1
W|6117|0|2|QFLAT07|XA04TEX|241.392089605|-128|0|1|1|0|0|288|-3520|288|-3464|1086|282|1
W|6057|0|0|QFLAT07|XA04TEX|297.392089605|-128|0|1|1|0|0|288|-3464|328|-3424|1086|282|1
W|6057|0|2|QFLAT07|XA04TEX|297.392089605|-128|0|1|1|0|0|288|-3464|328|-3424|1086|282|1
W|6114|0|0|QFLAT07|XA04TEX|353.9606321|-128|0|1|1|0|0|328|-3424|304|-3408|1086|282|1
W|6114|0|2|QFLAT07|XA04TEX|353.9606321|-128|0|1|1|0|0|328|-3424|304|-3408|1086|282|1
W|6115|0|0|QFLAT07|XA04TEX|382.805042304|-128|0|1|1|0|0|304|-3408|320|-3368|1086|282|1
W|6115|0|2|QFLAT07|XA04TEX|382.805042304|-128|0|1|1|0|0|304|-3408|320|-3368|1086|282|1
W|6077|0|0|QFLAT07|XA04TEX|425.886360761|-128|0|1|1|0|0|320|-3368|320|-3344|1086|282|1
W|6077|0|2|QFLAT07|XA04TEX|425.886360761|-128|0|1|1|0|0|320|-3368|320|-3344|1086|282|1
W|6078|0|0|QFLAT07|XA04TEX|449.886360761|-128|0|1|1|0|0|320|-3344|352|-3336|1086|282|1
W|6078|0|2|QFLAT07|XA04TEX|449.886360761|-128|0|1|1|0|0|320|-3344|352|-3336|1086|282|1
W|6087|0|0|QFLAT07|XA04TEX|482.871205766|-128|0|1|1|0|0|352|-3336|416|-3360|1086|282|1
W|6087|0|2|QFLAT07|XA04TEX|482.871205766|-128|0|1|1|0|0|352|-3336|416|-3360|1086|282|1
W|6073|0|0|QFLAT07|XA04TEX|0|-128|0|1|1|0|0|600|-3304|616|-3264|1091|282|1
W|6073|0|2|QFLAT07|XA04TEX|0|-128|0|1|1|0|0|600|-3304|616|-3264|1091|282|1
W|6075|0|0|QFLAT07|XA04TEX|43.081318457|-128|0|1|1|0|0|616|-3264|672|-3256|1091|282|1
W|6075|0|2|QFLAT07|XA04TEX|43.081318457|-128|0|1|1|0|0|616|-3264|672|-3256|1091|282|1
W|8581|0|0|QFLAT07|XA04TEX|99.649860952|-128|0|1|1|0|0|672|-3256|728|-3224|1091|282|1
W|8581|0|2|QFLAT07|XA04TEX|99.649860952|-128|0|1|1|0|0|672|-3256|728|-3224|1091|282|1
W|8295|0|0|QFLAT07|XA04TEX|164.147922938|-128|0|1|1|0|0|728|-3224|776|-3240|1091|282|1
W|8295|0|2|QFLAT07|XA04TEX|164.147922938|-128|0|1|1|0|0|728|-3224|776|-3240|1091|282|1
W|8582|0|0|QFLAT07|XA04TEX|214.744365501|-128|0|1|1|0|0|776|-3240|784|-3296|1091|282|1
W|8582|0|2|QFLAT07|XA04TEX|214.744365501|-128|0|1|1|0|0|776|-3240|784|-3296|1091|282|1
W|8583|0|0|QFLAT07|XA04TEX|271.312907996|-128|0|1|1|0|0|784|-3296|744|-3328|1091|282|1
W|8583|0|2|QFLAT07|XA04TEX|271.312907996|-128|0|1|1|0|0|784|-3296|744|-3328|1091|282|1
W|6065|0|0|QFLAT07|XA04TEX|322.537901895|-128|0|1|1|0|0|744|-3328|728|-3360|1091|282|1
W|6065|0|2|QFLAT07|XA04TEX|322.537901895|-128|0|1|1|0|0|744|-3328|728|-3360|1091|282|1
W|6064|0|0|QFLAT07|XA04TEX|358.314989535|-128|0|1|1|0|0|728|-3360|680|-3376|1091|282|1
W|6064|0|2|QFLAT07|XA04TEX|358.314989535|-128|0|1|1|0|0|728|-3360|680|-3376|1091|282|1
W|6068|0|0|QFLAT07|XA04TEX|408.911432098|-128|0|1|1|0|0|680|-3376|648|-3360|1091|282|1
W|6068|0|2|QFLAT07|XA04TEX|408.911432098|-128|0|1|1|0|0|680|-3376|648|-3360|1091|282|1
W|6085|0|2|QFLAT07|XA04TEX|0|-384|0|1|1|0|0|416|-3360|448|-3336|1085|282|1
W|6076|0|2|QFLAT07|XA04TEX|40|-384|0|1|1|0|0|448|-3336|480|-3312|1085|282|1
W|6079|0|2|QFLAT07|XA04TEX|80|-384|0|1|1|0|0|480|-3312|512|-3320|1085|282|1
W|6091|0|2|QFLAT07|XA04TEX|112.984845005|-384|0|1|1|0|0|512|-3320|544|-3328|1085|282|1
W|6072|0|2|QFLAT07|XA04TEX|145.96969001|-384|0|1|1|0|0|544|-3328|600|-3304|1085|282|1
W|13757|1|0|QFLAT07|XA04TEX|0|256|0|1|1|0|0|-4312|640|-4296|624|111|2329|1
W|13757|1|2|QFLAT07|XA04TEX|0|256|0|1|1|0|0|-4312|640|-4296|624|111|2329|1
W|13756|1|0|QFLAT07|XA04TEX|22.627416998|256|0|1|1|0|0|-4296|624|-4288|600|111|2329|1
W|13756|1|2|QFLAT07|XA04TEX|22.627416998|256|0|1|1|0|0|-4296|624|-4288|600|111|2329|1
W|13755|1|0|QFLAT07|XA04TEX|47.925638279|256|0|1|1|0|0|-4288|600|-4320|576|111|2329|1
W|13755|1|2|QFLAT07|XA04TEX|47.925638279|256|0|1|1|0|0|-4288|600|-4320|576|111|2329|1
W|13754|1|0|QFLAT07|XA04TEX|87.925638279|256|0|1|1|0|0|-4320|576|-4336|592|111|2329|1
W|13754|1|2|QFLAT07|XA04TEX|87.925638279|256|0|1|1|0|0|-4320|576|-4336|592|111|2329|1
W|13753|1|0|QFLAT07|XA04TEX|110.553055277|256|0|1|1|0|0|-4336|592|-4360|576|111|2329|1
W|13753|1|2|QFLAT07|XA04TEX|110.553055277|256|0|1|1|0|0|-4336|592|-4360|576|111|2329|1
W|13752|1|0|QFLAT07|XA04TEX|139.397465481|256|0|1|1|0|0|-4360|576|-4368|560|111|2329|1
W|13752|1|2|QFLAT07|XA04TEX|139.397465481|256|0|1|1|0|0|-4360|576|-4368|560|111|2329|1
W|13751|1|0|QFLAT07|XA04TEX|157.286009301|256|0|1|1|0|0|-4368|560|-4400|560|111|2329|1
W|13751|1|2|QFLAT07|XA04TEX|157.286009301|256|0|1|1|0|0|-4368|560|-4400|560|111|2329|1
W|13750|1|0|QFLAT07|XA04TEX|189.286009301|256|0|1|1|0|0|-4400|560|-4408|584|111|2329|1
W|13750|1|2|QFLAT07|XA04TEX|189.286009301|256|0|1|1|0|0|-4400|560|-4408|584|111|2329|1
W|13749|1|0|QFLAT07|XA04TEX|214.584230582|256|0|1|1|0|0|-4408|584|-4448|592|111|2329|1
W|13749|1|2|QFLAT07|XA04TEX|214.584230582|256|0|1|1|0|0|-4408|584|-4448|592|111|2329|1
W|13748|1|0|QFLAT07|XA04TEX|255.376386691|256|0|1|1|0|0|-4448|592|-4456|568|111|2329|1
W|13748|1|2|QFLAT07|XA04TEX|255.376386691|256|0|1|1|0|0|-4448|592|-4456|568|111|2329|1
W|13747|1|0|QFLAT07|XA04TEX|280.674607972|256|0|1|1|0|0|-4456|568|-4448|552|111|2329|1
W|13747|1|2|QFLAT07|XA04TEX|280.674607972|256|0|1|1|0|0|-4456|568|-4448|552|111|2329|1
W|13746|1|0|QFLAT07|XA04TEX|298.563151792|256|0|1|1|0|0|-4448|552|-4432|544|111|2329|1
W|13746|1|2|QFLAT07|XA04TEX|298.563151792|256|0|1|1|0|0|-4448|552|-4432|544|111|2329|1
W|13745|1|0|QFLAT07|XA04TEX|316.451695612|256|0|1|1|0|0|-4432|544|-4416|528|111|2329|1
W|13745|1|2|QFLAT07|XA04TEX|316.451695612|256|0|1|1|0|0|-4432|544|-4416|528|111|2329|1
W|13744|1|0|QFLAT07|XA04TEX|339.07911261|256|0|1|1|0|0|-4416|528|-4392|528|111|2329|1
W|13744|1|2|QFLAT07|XA04TEX|339.07911261|256|0|1|1|0|0|-4416|528|-4392|528|111|2329|1
W|13776|1|0|QFLAT07|XA04TEX|363.07911261|256|0|1|1|0|0|-4392|528|-4376|544|111|2329|1
W|13776|1|2|QFLAT07|XA04TEX|363.07911261|256|0|1|1|0|0|-4392|528|-4376|544|111|2329|1
W|13775|1|0|QFLAT07|XA04TEX|385.706529608|256|0|1|1|0|0|-4376|544|-4368|528|111|2329|1
W|13775|1|2|QFLAT07|XA04TEX|385.706529608|256|0|1|1|0|0|-4376|544|-4368|528|111|2329|1
W|13774|1|0|QFLAT07|XA04TEX|403.595073428|256|0|1|1|0|0|-4368|528|-4336|536|111|2329|1
W|13774|1|2|QFLAT07|XA04TEX|403.595073428|256|0|1|1|0|0|-4368|528|-4336|536|111|2329|1
W|13773|1|0|QFLAT07|XA04TEX|436.579918433|256|0|1|1|0|0|-4336|536|-4320|560|111|2329|1
W|13773|1|2|QFLAT07|XA04TEX|436.579918433|256|0|1|1|0|0|-4336|536|-4320|560|111|2329|1
W|13772|1|0|QFLAT07|XA04TEX|465.424328637|256|0|1|1|0|0|-4320|560|-4296|528|111|2329|1
W|13772|1|2|QFLAT07|XA04TEX|465.424328637|256|0|1|1|0|0|-4320|560|-4296|528|111|2329|1
W|13771|1|0|QFLAT07|XA04TEX|505.424328637|256|0|1|1|0|0|-4296|528|-4248|536|111|2329|1
W|13771|1|2|QFLAT07|XA04TEX|505.424328637|256|0|1|1|0|0|-4296|528|-4248|536|111|2329|1
W|13770|1|0|QFLAT07|XA04TEX|42.086428879|256|0|1|1|0|0|-4248|536|-4264|560|111|2329|1
W|13770|1|2|QFLAT07|XA04TEX|42.086428879|256|0|1|1|0|0|-4248|536|-4264|560|111|2329|1
W|13769|1|0|QFLAT07|XA04TEX|70.930839083|256|0|1|1|0|0|-4264|560|-4248|600|111|2329|1
W|13769|1|2|QFLAT07|XA04TEX|70.930839083|256|0|1|1|0|0|-4264|560|-4248|600|111|2329|1
W|13768|1|0|QFLAT07|XA04TEX|114.01215754|256|0|1|1|0|0|-4248|600|-4248|632|111|2329|1
W|13768|1|2|QFLAT07|XA04TEX|114.01215754|256|0|1|1|0|0|-4248|600|-4248|632|111|2329|1
W|13778|1|0|QFLAT07|XA04TEX|146.01215754|256|0|1|1|0|0|-4248|632|-4268|648|111|2329|1
W|13778|1|2|QFLAT07|XA04TEX|146.01215754|256|0|1|1|0|0|-4248|632|-4268|648|111|2329|1
W|13758|0|0|QFLAT07|XA04TEX|0|256|0|1|1|0|0|-4312|640|-4328|656|2328|111|1
W|13758|0|2|QFLAT07|XA04TEX|0|256|0|1|1|0|0|-4312|640|-4328|656|2328|111|1
W|13759|0|0|QFLAT07|XA04TEX|22.627416998|256|0|1|1|0|0|-4328|656|-4336|680|2328|111|1
W|13759|0|2|QFLAT07|XA04TEX|22.627416998|256|0|1|1|0|0|-4328|656|-4336|680|2328|111|1
W|13760|0|0|QFLAT07|XA04TEX|47.925638279|256|0|1|1|0|0|-4336|680|-4304|688|2328|111|1
W|13760|0|2|QFLAT07|XA04TEX|47.925638279|256|0|1|1|0|0|-4336|680|-4304|688|2328|111|1
W|13761|0|0|QFLAT07|XA04TEX|80.910483284|256|0|1|1|0|0|-4304|688|-4320|720|2328|111|1
W|13761|0|2|QFLAT07|XA04TEX|80.910483284|256|0|1|1|0|0|-4304|688|-4320|720|2328|111|1
W|13762|0|0|QFLAT07|XA04TEX|116.687570924|256|0|1|1|0|0|-4320|720|-4280|736|2328|111|1
W|13762|0|2|QFLAT07|XA04TEX|116.687570924|256|0|1|1|0|0|-4320|720|-4280|736|2328|111|1
W|13763|0|0|QFLAT07|XA04TEX|159.768889381|256|0|1|1|0|0|-4280|736|-4256|720|2328|111|1
W|13763|0|2|QFLAT07|XA04TEX|159.768889381|256|0|1|1|0|0|-4280|736|-4256|720|2328|111|1
W|13764|0|0|QFLAT07|XA04TEX|188.613299585|256|0|1|1|0|0|-4256|720|-4256|696|2328|111|1
W|13764|0|2|QFLAT07|XA04TEX|188.613299585|256|0|1|1|0|0|-4256|720|-4256|696|2328|111|1
W|13765|0|0|QFLAT07|XA04TEX|212.613299585|256|0|1|1|0|0|-4256|696|-4280|680|2328|111|1
W|13765|0|2|QFLAT07|XA04TEX|212.613299585|256|0|1|1|0|0|-4256|696|-4280|680|2328|111|1
W|13766|0|0|QFLAT07|XA04TEX|241.457709789|256|0|1|1|0|0|-4280|680|-4280|656|2328|111|1
W|13766|0|2|QFLAT07|XA04TEX|241.457709789|256|0|1|1|0|0|-4280|680|-4280|656|2328|111|1
W|13767|0|0|QFLAT07|XA04TEX|265.457709789|256|0|1|1|0|0|-4280|656|-4268|648|2328|111|1
W|13767|0|2|QFLAT07|XA04TEX|265.457709789|256|0|1|1|0|0|-4280|656|-4268|648|2328|111|1
W|13767|1|0|QFLAT07|XA04TEX|0|256|0|1|1|0|0|-4268|648|-4280|656|111|2328|1
W|13767|1|2|QFLAT07|XA04TEX|0|256|0|1|1|0|0|-4268|648|-4280|656|111|2328|1
W|13766|1|0|QFLAT07|XA04TEX|14.422205102|256|0|1|1|0|0|-4280|656|-4280|680|111|2328|1
W|13766|1|2|QFLAT07|XA04TEX|14.422205102|256|0|1|1|0|0|-4280|656|-4280|680|111|2328|1
W|13765|1|0|QFLAT07|XA04TEX|38.422205102|256|0|1|1|0|0|-4280|680|-4256|696|111|2328|1
W|13765|1|2|QFLAT07|XA04TEX|38.422205102|256|0|1|1|0|0|-4280|680|-4256|696|111|2328|1
W|13764|1|0|QFLAT07|XA04TEX|67.266615306|256|0|1|1|0|0|-4256|696|-4256|720|111|2328|1
W|13764|1|2|QFLAT07|XA04TEX|67.266615306|256|0|1|1|0|0|-4256|696|-4256|720|111|2328|1
W|13763|1|0|QFLAT07|XA04TEX|91.266615306|256|0|1|1|0|0|-4256|720|-4280|736|111|2328|1
W|13763|1|2|QFLAT07|XA04TEX|91.266615306|256|0|1|1|0|0|-4256|720|-4280|736|111|2328|1
W|13762|1|0|QFLAT07|XA04TEX|120.111025509|256|0|1|1|0|0|-4280|736|-4320|720|111|2328|1
W|13762|1|2|QFLAT07|XA04TEX|120.111025509|256|0|1|1|0|0|-4280|736|-4320|720|111|2328|1
W|13761|1|0|QFLAT07|XA04TEX|163.192343966|256|0|1|1|0|0|-4320|720|-4304|688|111|2328|1
W|13761|1|2|QFLAT07|XA04TEX|163.192343966|256|0|1|1|0|0|-4320|720|-4304|688|111|2328|1
W|13760|1|0|QFLAT07|XA04TEX|198.969431606|256|0|1|1|0|0|-4304|688|-4336|680|111|2328|1
W|13760|1|2|QFLAT07|XA04TEX|198.969431606|256|0|1|1|0|0|-4304|688|-4336|680|111|2328|1
W|13759|1|0|QFLAT07|XA04TEX|231.954276611|256|0|1|1|0|0|-4336|680|-4328|656|111|2328|1
W|13759|1|2|QFLAT07|XA04TEX|231.954276611|256|0|1|1|0|0|-4336|680|-4328|656|111|2328|1
W|13758|1|0|QFLAT07|XA04TEX|257.252497893|256|0|1|1|0|0|-4328|656|-4312|640|111|2328|1
W|13758|1|2|QFLAT07|XA04TEX|257.252497893|256|0|1|1|0|0|-4328|656|-4312|640|111|2328|1
W|13777|0|0|QFLAT07|XA04TEX|0|256|0|1|1|0|0|-4312|640|-4280|640|2329|2328|1
W|13777|0|2|QFLAT07|XA04TEX|0|256|0|1|1|0|0|-4312|640|-4280|640|2329|2328|1
W|13779|0|0|QFLAT07|XA04TEX|32|256|0|1|1|0|0|-4280|640|-4268|648|2329|2328|1
W|13779|0|2|QFLAT07|XA04TEX|32|256|0|1|1|0|0|-4280|640|-4268|648|2329|2328|1
W|13778|0|0|QFLAT07|XA04TEX|0|256|0|1|1|0|0|-4268|648|-4248|632|2329|111|1
W|13778|0|2|QFLAT07|XA04TEX|0|256|0|1|1|0|0|-4268|648|-4248|632|2329|111|1
W|13768|0|0|QFLAT07|XA04TEX|25.61249695|256|0|1|1|0|0|-4248|632|-4248|600|2329|111|1
W|13768|0|2|QFLAT07|XA04TEX|25.61249695|256|0|1|1|0|0|-4248|632|-4248|600|2329|111|1
W|13769|0|0|QFLAT07|XA04TEX|57.61249695|256|0|1|1|0|0|-4248|600|-4264|560|2329|111|1
W|13769|0|2|QFLAT07|XA04TEX|57.61249695|256|0|1|1|0|0|-4248|600|-4264|560|2329|111|1
W|13770|0|0|QFLAT07|XA04TEX|100.693815407|256|0|1|1|0|0|-4264|560|-4248|536|2329|111|1
W|13770|0|2|QFLAT07|XA04TEX|100.693815407|256|0|1|1|0|0|-4264|560|-4248|536|2329|111|1
W|13771|0|0|QFLAT07|XA04TEX|129.538225611|256|0|1|1|0|0|-4248|536|-4296|528|2329|111|1
W|13771|0|2|QFLAT07|XA04TEX|129.538225611|256|0|1|1|0|0|-4248|536|-4296|528|2329|111|1
W|13772|0|0|QFLAT07|XA04TEX|178.200325853|256|0|1|1|0|0|-4296|528|-4320|560|2329|111|1
W|13772|0|2|QFLAT07|XA04TEX|178.200325853|256|0|1|1|0|0|-4296|528|-4320|560|2329|111|1
W|13773|0|0|QFLAT07|XA04TEX|218.200325853|256|0|1|1|0|0|-4320|560|-4336|536|2329|111|1
W|13773|0|2|QFLAT07|XA04TEX|218.200325853|256|0|1|1|0|0|-4320|560|-4336|536|2329|111|1
W|13774|0|0|QFLAT07|XA04TEX|247.044736057|256|0|1|1|0|0|-4336|536|-4368|528|2329|111|1
W|13774|0|2|QFLAT07|XA04TEX|247.044736057|256|0|1|1|0|0|-4336|536|-4368|528|2329|111|1
W|13775|0|0|QFLAT07|XA04TEX|280.029581062|256|0|1|1|0|0|-4368|528|-4376|544|2329|111|1
W|13775|0|2|QFLAT07|XA04TEX|280.029581062|256|0|1|1|0|0|-4368|528|-4376|544|2329|111|1
W|13776|0|0|QFLAT07|XA04TEX|297.918124882|256|0|1|1|0|0|-4376|544|-4392|528|2329|111|1
W|13776|0|2|QFLAT07|XA04TEX|297.918124882|256|0|1|1|0|0|-4376|544|-4392|528|2329|111|1
W|13744|0|0|QFLAT07|XA04TEX|320.54554188|256|0|1|1|0|0|-4392|528|-4416|528|2329|111|1
W|13744|0|2|QFLAT07|XA04TEX|320.54554188|256|0|1|1|0|0|-4392|528|-4416|528|2329|111|1
W|13745|0|0|QFLAT07|XA04TEX|344.54554188|256|0|1|1|0|0|-4416|528|-4432|544|2329|111|1
W|13745|0|2|QFLAT07|XA04TEX|344.54554188|256|0|1|1|0|0|-4416|528|-4432|544|2329|111|1
W|13746|0|0|QFLAT07|XA04TEX|367.172958877|256|0|1|1|0|0|-4432|544|-4448|552|2329|111|1
W|13746|0|2|QFLAT07|XA04TEX|367.172958877|256|0|1|1|0|0|-4432|544|-4448|552|2329|111|1
W|13747|0|0|QFLAT07|XA04TEX|385.061502697|256|0|1|1|0|0|-4448|552|-4456|568|2329|111|1
W|13747|0|2|QFLAT07|XA04TEX|385.061502697|256|0|1|1|0|0|-4448|552|-4456|568|2329|111|1
W|13748|0|0|QFLAT07|XA04TEX|402.950046517|256|0|1|1|0|0|-4456|568|-4448|592|2329|111|1
W|13748|0|2|QFLAT07|XA04TEX|402.950046517|256|0|1|1|0|0|-4456|568|-4448|592|2329|111|1
W|13749|0|0|QFLAT07|XA04TEX|428.248267799|256|0|1|1|0|0|-4448|592|-4408|584|2329|111|1
W|13749|0|2|QFLAT07|XA04TEX|428.248267799|256|0|1|1|0|0|-4448|592|-4408|584|2329|111|1
W|13750|0|0|QFLAT07|XA04TEX|469.040423908|256|0|1|1|0|0|-4408|584|-4400|560|2329|111|1
W|13750|0|2|QFLAT07|XA04TEX|469.040423908|256|0|1|1|0|0|-4408|584|-4400|560|2329|111|1
W|13751|0|0|QFLAT07|XA04TEX|494.338645189|256|0|1|1|0|0|-4400|560|-4368|560|2329|111|1
W|13751|0|2|QFLAT07|XA04TEX|494.338645189|256|0|1|1|0|0|-4400|560|-4368|560|2329|111|1
W|13752|0|0|QFLAT07|XA04TEX|14.338645189|256|0|1|1|0|0|-4368|560|-4360|576|2329|111|1
W|13752|0|2|QFLAT07|XA04TEX|14.338645189|256|0|1|1|0|0|-4368|560|-4360|576|2329|111|1
W|13753|0|0|QFLAT07|XA04TEX|32.227189009|256|0|1|1|0|0|-4360|576|-4336|592|2329|111|1
W|13753|0|2|QFLAT07|XA04TEX|32.227189009|256|0|1|1|0|0|-4360|576|-4336|592|2329|111|1
W|13754|0|0|QFLAT07|XA04TEX|61.071599213|256|0|1|1|0|0|-4336|592|-4320|576|2329|111|1
W|13754|0|2|QFLAT07|XA04TEX|61.071599213|256|0|1|1|0|0|-4336|592|-4320|576|2329|111|1
W|13755|0|0|QFLAT07|XA04TEX|83.699016211|256|0|1|1|0|0|-4320|576|-4288|600|2329|111|1
W|13755|0|2|QFLAT07|XA04TEX|83.699016211|256|0|1|1|0|0|-4320|576|-4288|600|2329|111|1
W|13756|0|0|QFLAT07|XA04TEX|123.699016211|256|0|1|1|0|0|-4288|600|-4296|624|2329|111|1
W|13756|0|2|QFLAT07|XA04TEX|123.699016211|256|0|1|1|0|0|-4288|600|-4296|624|2329|111|1
W|13757|0|0|QFLAT07|XA04TEX|148.997237492|256|0|1|1|0|0|-4296|624|-4312|640|2329|111|1
W|13757|0|2|QFLAT07|XA04TEX|148.997237492|256|0|1|1|0|0|-4296|624|-4312|640|2329|111|1
W|13779|1|0|QFLAT07|XA04TEX|0|256|0|1|1|0|0|-4268|648|-4280|640|2328|2329|1
W|13779|1|2|QFLAT07|XA04TEX|0|256|0|1|1|0|0|-4268|648|-4280|640|2328|2329|1
W|13777|1|0|QFLAT07|XA04TEX|14.422205102|256|0|1|1|0|0|-4280|640|-4312|640|2328|2329|1
W|13777|1|2|QFLAT07|XA04TEX|14.422205102|256|0|1|1|0|0|-4280|640|-4312|640|2328|2329|1
W|14118|0|1|QFLAT07|XA04TEX|4|384|0|1|1|-60|0|-4160|176|-4160|152|2393|-1|1
W|14126|0|1|QFLAT07|XA04TEX|27|384|0|1|1|27|0|-4160|120|-4160|96|2393|-1|1
W|14243|0|1|QFLAT07|XA04TEX|4|256|0|1|1|-60|0|-4544|-32|-4544|-8|2394|-1|1
W|14251|0|1|QFLAT07|XA04TEX|27|256|0|1|1|27|0|-4544|24|-4544|48|2394|-1|1
W|1072|0|0|QFLAT07|XA04TEX|0|128|0|1|1|0|0|-4240|-256|-4256|-272|93|112|1
W|1072|0|2|QFLAT07|XA04TEX|0|128|0|1|1|0|0|-4240|-256|-4256|-272|93|112|1
W|1010|0|0|QFLAT07|XA04TEX|22.627416998|128|0|1|1|0|0|-4256|-272|-4304|-272|93|112|1
W|1010|0|2|QFLAT07|XA04TEX|22.627416998|128|0|1|1|0|0|-4256|-272|-4304|-272|93|112|1
W|1013|0|0|QFLAT07|XA04TEX|70.627416998|128|0|1|1|0|0|-4304|-272|-4352|-256|93|112|1
W|1013|0|2|QFLAT07|XA04TEX|70.627416998|128|0|1|1|0|0|-4304|-272|-4352|-256|93|112|1
W|1017|0|0|QFLAT07|XA04TEX|121.223859561|128|0|1|1|0|0|-4352|-256|-4352|-228|93|112|1
W|1017|0|2|QFLAT07|XA04TEX|121.223859561|128|0|1|1|0|0|-4352|-256|-4352|-228|93|112|1
W|1055|0|0|QFLAT07|XA04TEX|149.223859561|128|0|1|1|0|0|-4352|-228|-4384|-208|93|112|1
W|1055|0|2|QFLAT07|XA04TEX|149.223859561|128|0|1|1|0|0|-4352|-228|-4384|-208|93|112|1
W|1056|0|0|QFLAT07|XA04TEX|186.959784089|128|0|1|1|0|0|-4384|-208|-4408|-200|93|112|1
W|1056|0|2|QFLAT07|XA04TEX|186.959784089|128|0|1|1|0|0|-4384|-208|-4408|-200|93|112|1
W|1071|0|0|QFLAT07|XA04TEX|212.25800537|128|0|1|1|0|0|-4408|-200|-4416|-176|93|112|1
W|1071|0|2|QFLAT07|XA04TEX|212.25800537|128|0|1|1|0|0|-4408|-200|-4416|-176|93|112|1
W|1061|0|0|QFLAT07|XA04TEX|237.556226652|128|0|1|1|0|0|-4416|-176|-4416|-160|93|112|1
W|1061|0|2|QFLAT07|XA04TEX|237.556226652|128|0|1|1|0|0|-4416|-176|-4416|-160|93|112|1
W|1062|0|0|QFLAT07|XA04TEX|253.556226652|128|0|1|1|0|0|-4416|-160|-4384|-144|93|112|1
W|1062|0|2|QFLAT07|XA04TEX|253.556226652|128|0|1|1|0|0|-4416|-160|-4384|-144|93|112|1
W|1045|0|0|QFLAT07|XA04TEX|289.333314292|128|0|1|1|0|0|-4384|-144|-4336|-160|93|112|1
W|1045|0|2|QFLAT07|XA04TEX|289.333314292|128|0|1|1|0|0|-4384|-144|-4336|-160|93|112|1
W|1046|0|0|QFLAT07|XA04TEX|339.929756854|128|0|1|1|0|0|-4336|-160|-4336|-192|93|112|1
W|1046|0|2|QFLAT07|XA04TEX|339.929756854|128|0|1|1|0|0|-4336|-160|-4336|-192|93|112|1
W|1047|0|0|QFLAT07|XA04TEX|371.929756854|128|0|1|1|0|0|-4336|-192|-4304|-224|93|112|1
W|1047|0|2|QFLAT07|XA04TEX|371.929756854|128|0|1|1|0|0|-4336|-192|-4304|-224|93|112|1
W|1048|0|0|QFLAT07|XA04TEX|417.18459085|128|0|1|1|0|0|-4304|-224|-4272|-240|93|112|1
W|1048|0|2|QFLAT07|XA04TEX|417.18459085|128|0|1|1|0|0|-4304|-224|-4272|-240|93|112|1
W|1049|0|0|QFLAT07|XA04TEX|452.96167849|128|0|1|1|0|0|-4272|-240|-4256|-240|93|112|1
W|1049|0|2|QFLAT07|XA04TEX|452.96167849|128|0|1|1|0|0|-4272|-240|-4256|-240|93|112|1
W|1050|0|0|QFLAT07|XA04TEX|468.96167849|128|0|1|1|0|0|-4256|-240|-4240|-256|93|112|1
W|1050|0|2|QFLAT07|XA04TEX|468.96167849|128|0|1|1|0|0|-4256|-240|-4240|-256|93|112|1
W|1050|1|0|QFLAT07|XA04TEX|0|128|0|1|1|0|0|-4240|-256|-4256|-240|112|93|1
W|1050|1|2|QFLAT07|XA04TEX|0|128|0|1|1|0|0|-4240|-256|-4256|-240|112|93|1
W|1049|1|0|QFLAT07|XA04TEX|22.627416998|128|0|1|1|0|0|-4256|-240|-4272|-240|112|93|1
W|1049|1|2|QFLAT07|XA04TEX|22.627416998|128|0|1|1|0|0|-4256|-240|-4272|-240|112|93|1
W|1048|1|0|QFLAT07|XA04TEX|38.627416998|128|0|1|1|0|0|-4272|-240|-4304|-224|112|93|1
W|1048|1|2|QFLAT07|XA04TEX|38.627416998|128|0|1|1|0|0|-4272|-240|-4304|-224|112|93|1
W|1047|1|0|QFLAT07|XA04TEX|74.404504638|128|0|1|1|0|0|-4304|-224|-4336|-192|112|93|1
W|1047|1|2|QFLAT07|XA04TEX|74.404504638|128|0|1|1|0|0|-4304|-224|-4336|-192|112|93|1
W|1046|1|0|QFLAT07|XA04TEX|119.659338634|128|0|1|1|0|0|-4336|-192|-4336|-160|112|93|1
W|1046|1|2|QFLAT07|XA04TEX|119.659338634|128|0|1|1|0|0|-4336|-192|-4336|-160|112|93|1
W|1045|1|0|QFLAT07|XA04TEX|151.659338634|128|0|1|1|0|0|-4336|-160|-4384|-144|112|93|1
W|1045|1|2|QFLAT07|XA04TEX|151.659338634|128|0|1|1|0|0|-4336|-160|-4384|-144|112|93|1
W|1062|1|0|QFLAT07|XA04TEX|202.255781197|128|0|1|1|0|0|-4384|-144|-4416|-160|112|93|1
W|1062|1|2|QFLAT07|XA04TEX|202.255781197|128|0|1|1|0|0|-4384|-144|-4416|-160|112|93|1
W|1061|1|0|QFLAT07|XA04TEX|238.032868837|128|0|1|1|0|0|-4416|-160|-4416|-176|112|93|1
W|1061|1|2|QFLAT07|XA04TEX|238.032868837|128|0|1|1|0|0|-4416|-160|-4416|-176|112|93|1
W|1071|1|0|QFLAT07|XA04TEX|254.032868837|128|0|1|1|0|0|-4416|-176|-4408|-200|112|93|1
W|1071|1|2|QFLAT07|XA04TEX|254.032868837|128|0|1|1|0|0|-4416|-176|-4408|-200|112|93|1
W|1056|1|0|QFLAT07|XA04TEX|279.331090118|128|0|1|1|0|0|-4408|-200|-4384|-208|112|93|1
W|1056|1|2|QFLAT07|XA04TEX|279.331090118|128|0|1|1|0|0|-4408|-200|-4384|-208|112|93|1
W|1055|1|0|QFLAT07|XA04TEX|304.629311399|128|0|1|1|0|0|-4384|-208|-4352|-228|112|93|1
W|1055|1|2|QFLAT07|XA04TEX|304.629311399|128|0|1|1|0|0|-4384|-208|-4352|-228|112|93|1
W|1017|1|0|QFLAT07|XA04TEX|342.365235928|128|0|1|1|0|0|-4352|-228|-4352|-256|112|93|1
W|1017|1|2|QFLAT07|XA04TEX|342.365235928|128|0|1|1|0|0|-4352|-228|-4352|-256|112|93|1
W|1013|1|0|QFLAT07|XA04TEX|370.365235928|128|0|1|1|0|0|-4352|-256|-4304|-272|112|93|1
W|1013|1|2|QFLAT07|XA04TEX|370.365235928|128|0|1|1|0|0|-4352|-256|-4304|-272|112|93|1
W|1010|1|0|QFLAT07|XA04TEX|420.96167849|128|0|1|1|0|0|-4304|-272|-4256|-272|112|93|1
W|1010|1|2|QFLAT07|XA04TEX|420.96167849|128|0|1|1|0|0|-4304|-272|-4256|-272|112|93|1
W|1072|1|0|QFLAT07|XA04TEX|468.96167849|128|0|1|1|0|0|-4256|-272|-4240|-256|112|93|1
W|1072|1|2|QFLAT07|XA04TEX|468.96167849|128|0|1|1|0|0|-4256|-272|-4240|-256|112|93|1
W|3086|0|2|QFLAT07|XA04TEX|0|-512|0|1|1|0|0|800|-4720|832|-4704|578|909|1
W|3067|0|2|QFLAT07|XA04TEX|35.77708764|-512|0|1|1|0|0|832|-4704|864|-4720|578|909|1
W|3052|0|2|QFLAT07|XA04TEX|71.55417528|-512|0|1|1|0|0|864|-4720|928|-4704|578|909|1
W|3053|0|2|QFLAT07|XA04TEX|137.52386529|-512|0|1|1|0|0|928|-4704|960|-4688|578|909|1
W|3084|0|2|QFLAT07|XA04TEX|173.30095293|-512|0|1|1|0|0|960|-4688|992|-4736|578|909|1
W|3051|0|2|QFLAT07|XA04TEX|230.989773337|-512|0|1|1|0|0|992|-4736|960|-4800|578|909|1
W|3050|0|2|QFLAT07|XA04TEX|302.543948617|-512|0|1|1|0|0|960|-4800|912|-4848|578|909|1
W|3152|0|2|QFLAT07|XA04TEX|370.426199611|-512|0|1|1|0|0|912|-4848|944|-4912|578|909|1
W|3166|0|2|QFLAT07|XA04TEX|441.980374891|-512|0|1|1|0|0|944|-4912|896|-4960|578|909|1
W|3048|0|2|QFLAT07|XA04TEX|509.862625885|-512|0|1|1|0|0|896|-4960|864|-5024|578|909|1
W|3119|0|2|QFLAT07|XA04TEX|69.416801165|-512|0|1|1|0|0|864|-5024|864|-5104|578|909|1
W|3047|0|2|QFLAT07|XA04TEX|149.416801165|-512|0|1|1|0|0|864|-5104|896|-5168|578|909|1
W|3122|0|2|QFLAT07|XA04TEX|220.970976445|-512|0|1|1|0|0|896|-5168|896|-5248|578|909|1
W|3043|0|2|QFLAT07|XA04TEX|300.970976445|-512|0|1|1|0|0|896|-5248|848|-5280|578|909|1
W|3161|0|2|QFLAT07|XA04TEX|358.659796853|-512|0|1|1|0|0|848|-5280|816|-5280|578|909|1
W|3042|0|2|QFLAT07|XA04TEX|390.659796853|-512|0|1|1|0|0|816|-5280|784|-5216|578|909|1
W|3049|0|2|QFLAT07|XA04TEX|462.213972133|-512|0|1|1|0|0|784|-5216|784|-5152|578|909|1
W|3041|0|2|QFLAT07|XA04TEX|14.213972133|-512|0|1|1|0|0|784|-5152|768|-5088|578|909|1
W|3039|0|2|QFLAT07|XA04TEX|80.183662142|-512|0|1|1|0|0|768|-5088|816|-5008|578|909|1
W|3118|0|2|QFLAT07|XA04TEX|173.47889246|-512|0|1|1|0|0|816|-5008|800|-4928|578|909|1
W|3038|0|2|QFLAT07|XA04TEX|255.063204677|-512|0|1|1|0|0|800|-4928|832|-4896|578|909|1
W|3040|0|2|QFLAT07|XA04TEX|300.318038673|-512|0|1|1|0|0|832|-4896|800|-4832|578|909|1
W|3117|0|2|QFLAT07|XA04TEX|371.872213953|-512|0|1|1|0|0|800|-4832|832|-4752|578|909|1
W|3087|0|2|QFLAT07|XA04TEX|458.034850867|-512|0|1|1|0|0|832|-4752|800|-4720|578|909|1
W|4295|0|0|QFLAT07|XA04TEX|0|128|0|1|1|0|0|9280|2256|9280|2336|825|900|1
W|4306|0|0|QFLAT07|XA04TEX|80|128|0|1|1|0|0|9280|2336|9336|2344|825|900|1
W|4621|0|0|QFLAT07|XA04TEX|136.568542495|128|0|1|1|0|0|9336|2344|9344|2376|825|900|1
W|4622|0|0|QFLAT07|XA04TEX|169.5533875|128|0|1|1|0|0|9344|2376|9296|2400|825|900|1
W|4243|0|0|QFLAT07|XA04TEX|223.21901896|128|0|1|1|0|0|9296|2400|9280|2408|825|900|1
W|4849|0|0|QFLAT07|XA04TEX|241.10756278|128|0|1|1|0|0|9280|2408|9312|2448|825|900|1
W|4245|0|0|QFLAT07|XA04TEX|292.332556679|128|0|1|1|0|0|9312|2448|9344|2424|825|900|1
W|4647|0|0|QFLAT07|XA04TEX|332.332556679|128|0|1|1|0|0|9344|2424|9416|2432|825|900|1
W|4851|0|0|QFLAT07|XA04TEX|404.775637784|128|0|1|1|0|0|9416|2432|9440|2376|825|900|1
W|10689|0|0|QFLAT07|XA04TEX|465.701822631|128|0|1|1|0|0|9440|2376|9408|2320|825|900|1
W|4244|0|0|QFLAT07|XA04TEX|18.199884618|128|0|1|1|0|0|9408|2320|9376|2312|825|900|1
W|4315|0|0|QFLAT07|XA04TEX|51.184729623|128|0|1|1|0|0|9376|2312|9336|2296|825|900|1
W|4645|0|0|QFLAT07|XA04TEX|94.26604808|128|0|1|1|0|0|9336|2296|9280|2256|825|900|1
W|4309|0|0|QFLAT07|XA04TEX|0|128|0|1|1|0|0|9104|1968|9176|1976|732|900|1
W|4848|0|0|QFLAT07|XA04TEX|72.443081105|128|0|1|1|0|0|9176|1976|9200|1936|732|900|1
W|4247|0|0|QFLAT07|XA04TEX|119.090696264|128|0|1|1|0|0|9200|1936|9264|1920|732|900|1
W|4646|0|0|QFLAT07|XA04TEX|185.060386274|128|0|1|1|0|0|9264|1920|9280|1856|732|900|1
W|4847|0|0|QFLAT07|XA04TEX|251.030076284|128|0|1|1|0|0|9280|1856|9240|1824|732|900|1
W|4856|0|0|QFLAT07|XA04TEX|302.255070183|128|0|1|1|0|0|9240|1824|9168|1856|732|900|1
W|4246|0|0|QFLAT07|XA04TEX|381.045932597|128|0|1|1|0|0|9168|1856|9136|1904|732|900|1
W|4649|0|0|QFLAT07|XA04TEX|438.734753005|128|0|1|1|0|0|9136|1904|9096|1928|732|900|1
W|4857|0|0|QFLAT07|XA04TEX|485.382368164|128|0|1|1|0|0|9096|1928|9104|1968|732|900|1
W|4266|0|0|QFLAT07|XA04TEX|0|128|0|1|1|0|0|8992|2840|8944|2824|809|900|1
W|4250|0|0|QFLAT07|XA04TEX|50.596442563|128|0|1|1|0|0|8944|2824|8888|2864|809|900|1
W|4296|0|0|QFLAT07|XA04TEX|119.415044699|128|0|1|1|0|0|8888|2864|8896|2888|809|900|1
W|4252|0|0|QFLAT07|XA04TEX|144.71326598|128|0|1|1|0|0|8896|2888|8944|2904|809|900|1
W|4256|0|0|QFLAT07|XA04TEX|195.309708543|128|0|1|1|0|0|8944|2904|9040|2848|809|900|1
W|4281|0|0|QFLAT07|XA04TEX|306.449260459|128|0|1|1|0|0|9040|2848|9104|2816|809|900|1
W|5747|0|0|QFLAT07|XA04TEX|378.003435739|128|0|1|1|0|0|9104|2816|9096|2776|809|900|1
W|4608|0|0|QFLAT07|XA04TEX|418.795591847|128|0|1|1|0|0|9096|2776|9024|2776|809|900|1
W|4251|0|0|QFLAT07|XA04TEX|490.795591847|128|0|1|1|0|0|9024|2776|8992|2840|809|900|1
W|4254|0|0|QFLAT07|XA04TEX|0|128|0|1|1|0|0|8752|2288|8720|2352|810|900|1
W|4284|0|0|QFLAT07|XA04TEX|71.55417528|128|0|1|1|0|0|8720|2352|8768|2368|810|900|1
W|5749|0|0|QFLAT07|XA04TEX|122.150617843|128|0|1|1|0|0|8768|2368|8752|2432|810|900|1
W|4258|0|0|QFLAT07|XA04TEX|188.120307853|128|0|1|1|0|0|8752|2432|8784|2464|810|900|1
W|5750|0|0|QFLAT07|XA04TEX|233.375141849|128|0|1|1|0|0|8784|2464|8832|2432|810|900|1
W|4283|0|0|QFLAT07|XA04TEX|291.063962256|128|0|1|1|0|0|8832|2432|8864|2400|810|900|1
W|4286|0|0|QFLAT07|XA04TEX|336.318796252|128|0|1|1|0|0|8864|2400|8880|2368|810|900|1
W|4255|0|0|QFLAT07|XA04TEX|372.095883892|128|0|1|1|0|0|8880|2368|8832|2304|810|900|1
W|4271|0|0|QFLAT07|XA04TEX|452.095883892|128|0|1|1|0|0|8832|2304|8784|2336|810|900|1
W|4253|0|0|QFLAT07|XA04TEX|509.784704299|128|0|1|1|0|0|8784|2336|8752|2288|810|900|1
W|4710|0|2|QFLAT07|XA04TEX|0|-512|0|1|1|0|0|1384|-5272|1432|-5312|905|284|1
W|4708|0|2|QFLAT07|XA04TEX|62.481997407|-512|0|1|1|0|0|1432|-5312|1472|-5312|905|284|1
W|4753|0|2|QFLAT07|XA04TEX|102.481997407|-512|0|1|1|0|0|1472|-5312|1480|-5336|905|284|1
W|4754|0|2|QFLAT07|XA04TEX|127.780218689|-512|0|1|1|0|0|1480|-5336|1448|-5384|905|284|1
W|4705|0|2|QFLAT07|XA04TEX|185.469039096|-512|0|1|1|0|0|1448|-5384|1376|-5408|905|284|1
W|4706|0|2|QFLAT07|XA04TEX|261.36370294|-512|0|1|1|0|0|1376|-5408|1336|-5368|905|284|1
W|4707|0|2|QFLAT07|XA04TEX|317.932245435|-512|0|1|1|0|0|1336|-5368|1336|-5344|905|284|1
W|4709|0|2|QFLAT07|XA04TEX|341.932245435|-512|0|1|1|0|0|1336|-5344|1384|-5272|905|284|1
W|4718|0|2|QFLAT07|XA04TEX|0|-512|0|1|1|0|0|1368|-4648|1392|-4616|906|284|1
W|4720|0|2|QFLAT07|XA04TEX|40|-512|0|1|1|0|0|1392|-4616|1480|-4632|906|284|1
W|4716|0|2|QFLAT07|XA04TEX|129.4427191|-512|0|1|1|0|0|1480|-4632|1488|-4696|906|284|1
W|4717|0|2|QFLAT07|XA04TEX|193.940781086|-512|0|1|1|0|0|1488|-4696|1464|-4728|906|284|1
W|4757|0|2|QFLAT07|XA04TEX|233.940781086|-512|0|1|1|0|0|1464|-4728|1488|-4784|906|284|1
W|4715|0|2|QFLAT07|XA04TEX|294.866965933|-512|0|1|1|0|0|1488|-4784|1464|-4840|906|284|1
W|4714|0|2|QFLAT07|XA04TEX|355.79315078|-512|0|1|1|0|0|1464|-4840|1480|-4904|906|284|1
W|4755|0|2|QFLAT07|XA04TEX|421.76284079|-512|0|1|1|0|0|1480|-4904|1464|-4944|906|284|1
W|4713|0|2|QFLAT07|XA04TEX|464.844159247|-512|0|1|1|0|0|1464|-4944|1408|-4944|906|284|1
W|4711|0|2|QFLAT07|XA04TEX|8.844159247|-512|0|1|1|0|0|1408|-4944|1376|-4896|906|284|1
W|4767|0|2|QFLAT07|XA04TEX|66.532979655|-512|0|1|1|0|0|1376|-4896|1376|-4848|906|284|1
W|4783|0|2|QFLAT07|XA04TEX|114.532979655|-512|0|1|1|0|0|1376|-4848|1424|-4800|906|284|1
W|4722|0|2|QFLAT07|XA04TEX|182.415230648|-512|0|1|1|0|0|1424|-4800|1408|-4760|906|284|1
W|4724|0|2|QFLAT07|XA04TEX|225.496549106|-512|0|1|1|0|0|1408|-4760|1384|-4720|906|284|1
W|4721|0|2|QFLAT07|XA04TEX|272.144164264|-512|0|1|1|0|0|1384|-4720|1392|-4680|906|284|1
W|4719|0|2|QFLAT07|XA04TEX|312.936320373|-512|0|1|1|0|0|1392|-4680|1368|-4648|906|284|1
W|4728|0|2|QFLAT07|XA04TEX|0|-512|0|1|1|0|0|336|-4616|400|-4656|907|284|1
W|4759|0|2|QFLAT07|XA04TEX|75.471849056|-512|0|1|1|0|0|400|-4656|464|-4672|907|284|1
W|4725|0|2|QFLAT07|XA04TEX|141.441539066|-512|0|1|1|0|0|464|-4672|472|-4728|907|284|1
W|4756|0|2|QFLAT07|XA04TEX|198.010081561|-512|0|1|1|0|0|472|-4728|424|-4776|907|284|1
W|4758|0|2|QFLAT07|XA04TEX|265.892332555|-512|0|1|1|0|0|424|-4776|376|-4760|907|284|1
W|4726|0|2|QFLAT07|XA04TEX|316.488775118|-512|0|1|1|0|0|376|-4760|336|-4736|907|284|1
W|4727|0|2|QFLAT07|XA04TEX|363.136390277|-512|0|1|1|0|0|336|-4736|312|-4728|907|284|1
W|4723|0|2|QFLAT07|XA04TEX|388.434611558|-512|0|1|1|0|0|312|-4728|296|-4664|907|284|1
W|4733|0|2|QFLAT07|XA04TEX|454.404301568|-512|0|1|1|0|0|296|-4664|304|-4648|907|284|1
W|4731|0|2|QFLAT07|XA04TEX|472.292845388|-512|0|1|1|0|0|304|-4648|336|-4616|907|284|1
W|4739|0|2|QFLAT07|XA04TEX|0|-512|0|1|1|0|0|584|-5360|592|-5400|908|284|1
W|4735|0|2|QFLAT07|XA04TEX|40.792156109|-512|0|1|1|0|0|592|-5400|576|-5424|908|284|1
W|4736|0|2|QFLAT07|XA04TEX|69.636566312|-512|0|1|1|0|0|576|-5424|520|-5424|908|284|1
W|4763|0|2|QFLAT07|XA04TEX|125.636566312|-512|0|1|1|0|0|520|-5424|480|-5384|908|284|1
W|4762|0|2|QFLAT07|XA04TEX|182.205108807|-512|0|1|1|0|0|480|-5384|456|-5384|908|284|1
W|4734|0|2|QFLAT07|XA04TEX|206.205108807|-512|0|1|1|0|0|456|-5384|424|-5336|908|284|1
W|4761|0|2|QFLAT07|XA04TEX|263.893929215|-512|0|1|1|0|0|424|-5336|368|-5360|908|284|1
W|4730|0|2|QFLAT07|XA04TEX|324.820114062|-512|0|1|1|0|0|368|-5360|304|-5384|908|284|1
W|4732|0|2|QFLAT07|XA04TEX|393.172144024|-512|0|1|1|0|0|304|-5384|296|-5344|908|284|1
W|4760|0|2|QFLAT07|XA04TEX|433.964300133|-512|0|1|1|0|0|296|-5344|336|-5296|908|284|1
W|4729|0|2|QFLAT07|XA04TEX|496.44629754|-512|0|1|1|0|0|336|-5296|336|-5264|908|284|1
W|4785|0|2|QFLAT07|XA04TEX|16.44629754|-512|0|1|1|0|0|336|-5264|328|-5216|908|284|1
W|4742|0|2|QFLAT07|XA04TEX|65.108397783|-512|0|1|1|0|0|328|-5216|360|-5200|908|284|1
W|4768|0|2|QFLAT07|XA04TEX|100.885485423|-512|0|1|1|0|0|360|-5200|408|-5160|908|284|1
W|4784|0|2|QFLAT07|XA04TEX|163.36748283|-512|0|1|1|0|0|408|-5160|440|-5192|908|284|1
W|4793|0|2|QFLAT07|XA04TEX|208.622316826|-512|0|1|1|0|0|440|-5192|440|-5240|908|284|1
W|4741|0|2|QFLAT07|XA04TEX|256.622316826|-512|0|1|1|0|0|440|-5240|480|-5272|908|284|1
W|4743|0|2|QFLAT07|XA04TEX|307.847310725|-512|0|1|1|0|0|480|-5272|496|-5312|908|284|1
W|4740|0|2|QFLAT07|XA04TEX|350.928629182|-512|0|1|1|0|0|496|-5312|504|-5368|908|284|1
W|4738|0|2|QFLAT07|XA04TEX|407.497171677|-512|0|1|1|0|0|504|-5368|528|-5384|908|284|1
W|4737|0|2|QFLAT07|XA04TEX|436.341581881|-512|0|1|1|0|0|528|-5384|584|-5360|908|284|1
W|6018|0|0|QFLAT07|XA04TEX|0|-128|0|1|1|0|0|864|-2824|888|-2880|1088|282|1
W|6018|0|2|QFLAT07|XA04TEX|0|-128|0|1|1|0|0|864|-2824|888|-2880|1088|282|1
W|6017|0|0|QFLAT07|XA04TEX|60.926184847|-128|0|1|1|0|0|888|-2880|944|-2912|1088|282|1
W|6017|0|2|QFLAT07|XA04TEX|60.926184847|-128|0|1|1|0|0|888|-2880|944|-2912|1088|282|1
W|6016|0|0|QFLAT07|XA04TEX|125.424246833|-128|0|1|1|0|0|944|-2912|928|-2960|1088|282|1
W|6016|0|2|QFLAT07|XA04TEX|125.424246833|-128|0|1|1|0|0|944|-2912|928|-2960|1088|282|1
W|6015|0|0|QFLAT07|XA04TEX|176.020689396|-128|0|1|1|0|0|928|-2960|848|-2992|1088|282|1
W|6015|0|2|QFLAT07|XA04TEX|176.020689396|-128|0|1|1|0|0|928|-2960|848|-2992|1088|282|1
W|6014|0|0|QFLAT07|XA04TEX|262.18332631|-128|0|1|1|0|0|848|-2992|816|-2928|1088|282|1
W|6014|0|2|QFLAT07|XA04TEX|262.18332631|-128|0|1|1|0|0|848|-2992|816|-2928|1088|282|1
W|6013|0|0|QFLAT07|XA04TEX|333.73750159|-128|0|1|1|0|0|816|-2928|776|-2912|1088|282|1
W|6013|0|2|QFLAT07|XA04TEX|333.73750159|-128|0|1|1|0|0|816|-2928|776|-2912|1088|282|1
W|6012|0|0|QFLAT07|XA04TEX|376.818820047|-128|0|1|1|0|0|776|-2912|800|-2864|1088|282|1
W|6012|0|2|QFLAT07|XA04TEX|376.818820047|-128|0|1|1|0|0|776|-2912|800|-2864|1088|282|1
W|6019|0|0|QFLAT07|XA04TEX|430.484451507|-128|0|1|1|0|0|800|-2864|864|-2824|1088|282|1
W|6019|0|2|QFLAT07|XA04TEX|430.484451507|-128|0|1|1|0|0|800|-2864|864|-2824|1088|282|1
W|6042|1|0|QFLAT07|XA04TEX|0|-128|0|1|1|0|0|896|-3520|960|-3544|1089|282|1
W|6042|1|2|QFLAT07|XA04TEX|0|-128|0|1|1|0|0|896|-3520|960|-3544|1089|282|1
W|9976|1|0|QFLAT07|XA04TEX|68.352029963|-128|0|1|1|0|0|960|-3544|968|-3576|1089|282|1
W|9976|1|2|QFLAT07|XA04TEX|68.352029963|-128|0|1|1|0|0|960|-3544|968|-3576|1089|282|1
W|6044|1|0|QFLAT07|XA04TEX|101.336874967|-128|0|1|1|0|0|968|-3576|920|-3592|1089|282|1
W|6044|1|2|QFLAT07|XA04TEX|101.336874967|-128|0|1|1|0|0|968|-3576|920|-3592|1089|282|1
W|6053|1|0|QFLAT07|XA04TEX|151.93331753|-128|0|1|1|0|0|920|-3592|864|-3584|1089|282|1
W|6053|1|2|QFLAT07|XA04TEX|151.93331753|-128|0|1|1|0|0|920|-3592|864|-3584|1089|282|1
W|6052|1|0|QFLAT07|XA04TEX|208.501860025|-128|0|1|1|0|0|864|-3584|856|-3536|1089|282|1
W|6052|1|2|QFLAT07|XA04TEX|208.501860025|-128|0|1|1|0|0|864|-3584|856|-3536|1089|282|1
W|6037|1|0|QFLAT07|XA04TEX|257.163960267|-128|0|1|1|0|0|856|-3536|832|-3488|1089|282|1
W|6037|1|2|QFLAT07|XA04TEX|257.163960267|-128|0|1|1|0|0|856|-3536|832|-3488|1089|282|1
W|6060|1|0|QFLAT07|XA04TEX|310.829591727|-128|0|1|1|0|0|832|-3488|864|-3448|1089|282|1
W|6060|1|2|QFLAT07|XA04TEX|310.829591727|-128|0|1|1|0|0|832|-3488|864|-3448|1089|282|1
W|6040|1|0|QFLAT07|XA04TEX|362.054585627|-128|0|1|1|0|0|864|-3448|912|-3488|1089|282|1
W|6040|1|2|QFLAT07|XA04TEX|362.054585627|-128|0|1|1|0|0|864|-3448|912|-3488|1089|282|1
W|6043|1|0|QFLAT07|XA04TEX|424.536583034|-128|0|1|1|0|0|912|-3488|896|-3520|1089|282|1
W|6043|1|2|QFLAT07|XA04TEX|424.536583034|-128|0|1|1|0|0|912|-3488|896|-3520|1089|282|1
W|6109|0|2|QFLAT07|XA04TEX|0|-384|0|1|1|0|0|512|-3600|496|-3616|1090|282|1
W|6059|0|2|QFLAT07|XA04TEX|22.627416998|-384|0|1|1|0|0|496|-3616|448|-3632|1090|282|1
W|6048|0|2|QFLAT07|XA04TEX|73.223859561|-384|0|1|1|0|0|448|-3632|424|-3608|1090|282|1
W|6046|0|2|QFLAT07|XA04TEX|107.164985058|-384|0|1|1|0|0|424|-3608|368|-3616|1090|282|1
W|6047|0|2|QFLAT07|XA04TEX|163.733527553|-384|0|1|1|0|0|368|-3616|336|-3592|1090|282|1
W|6045|0|2|QFLAT07|XA04TEX|203.733527553|-384|0|1|1|0|0|336|-3592|352|-3576|1090|282|1
W|6051|0|2|QFLAT07|XA04TEX|226.360944551|-384|0|1|1|0|0|352|-3576|360|-3552|1090|282|1
W|6116|0|2|QFLAT07|XA04TEX|251.659165832|-384|0|1|1|0|0|360|-3552|408|-3536|1090|282|1
W|6118|0|2|QFLAT07|XA04TEX|302.255608395|-384|0|1|1|0|0|408|-3536|464|-3584|1090|282|1
W|6050|0|2|QFLAT07|XA04TEX|376.011964053|-384|0|1|1|0|0|464|-3584|512|-3600|1090|282|1
W|13787|0|0|QFLAT07|XA04TEX|0|256|0|1|1|0|0|-3760|444|-3840|424|2330|35|1
W|13787|0|2|QFLAT07|XA04TEX|0|256|0|1|1|0|0|-3760|444|-3840|424|2330|35|1
W|13788|0|0|QFLAT07|XA04TEX|82.462112512|256|0|1|1|0|0|-3840|424|-3884|440|2330|35|1
W|13788|0|2|QFLAT07|XA04TEX|82.462112512|256|0|1|1|0|0|-3840|424|-3884|440|2330|35|1
W|13789|0|0|QFLAT07|XA04TEX|129.280912155|256|0|1|1|0|0|-3884|440|-3895|461|2330|35|1
W|13789|0|2|QFLAT07|XA04TEX|129.280912155|256|0|1|1|0|0|-3884|440|-3895|461|2330|35|1
W|13791|1|0|QFLAT07|XA04TEX|152.987451337|256|0|1|1|0|0|-3895|461|-3903|473|2330|35|1
W|13791|1|2|QFLAT07|XA04TEX|152.987451337|256|0|1|1|0|0|-3895|461|-3903|473|2330|35|1
W|13790|1|0|QFLAT07|XA04TEX|167.409656439|256|0|1|1|0|0|-3903|473|-3928|488|2330|35|1
W|13790|1|2|QFLAT07|XA04TEX|167.409656439|256|0|1|1|0|0|-3903|473|-3928|488|2330|35|1
W|13780|0|0|QFLAT07|XA04TEX|196.564415914|256|0|1|1|0|0|-3928|488|-3928|520|2330|35|1
W|13780|0|2|QFLAT07|XA04TEX|196.564415914|256|0|1|1|0|0|-3928|488|-3928|520|2330|35|1
W|13781|0|0|QFLAT07|XA04TEX|228.564415914|256|0|1|1|0|0|-3928|520|-3896|548|2330|35|1
W|13781|0|2|QFLAT07|XA04TEX|228.564415914|256|0|1|1|0|0|-3928|520|-3896|548|2330|35|1
W|13782|0|0|QFLAT07|XA04TEX|271.084999165|256|0|1|1|0|0|-3896|548|-3836|564|2330|35|1
W|13782|0|2|QFLAT07|XA04TEX|271.084999165|256|0|1|1|0|0|-3896|548|-3836|564|2330|35|1
W|13783|0|0|QFLAT07|XA04TEX|333.18169795|256|0|1|1|0|0|-3836|564|-3808|540|2330|35|1
W|13783|0|2|QFLAT07|XA04TEX|333.18169795|256|0|1|1|0|0|-3836|564|-3808|540|2330|35|1
W|13784|0|0|QFLAT07|XA04TEX|370.059875779|256|0|1|1|0|0|-3808|540|-3772|520|2330|35|1
W|13784|0|2|QFLAT07|XA04TEX|370.059875779|256|0|1|1|0|0|-3808|540|-3772|520|2330|35|1
W|13785|0|0|QFLAT07|XA04TEX|411.242396343|256|0|1|1|0|0|-3772|520|-3748|488|2330|35|1
W|13785|0|2|QFLAT07|XA04TEX|411.242396343|256|0|1|1|0|0|-3772|520|-3748|488|2330|35|1
W|13786|0|0|QFLAT07|XA04TEX|451.242396343|256|0|1|1|0|0|-3748|488|-3760|444|2330|35|1
W|13786|0|2|QFLAT07|XA04TEX|451.242396343|256|0|1|1|0|0|-3748|488|-3760|444|2330|35|1
W|13786|1|0|QFLAT07|XA04TEX|0|256|0|1|1|0|0|-3760|444|-3748|488|35|2330|1
W|13786|1|2|QFLAT07|XA04TEX|0|256|0|1|1|0|0|-3760|444|-3748|488|35|2330|1
W|13785|1|0|QFLAT07|XA04TEX|45.607017004|256|0|1|1|0|0|-3748|488|-3772|520|35|2330|1
W|13785|1|2|QFLAT07|XA04TEX|45.607017004|256|0|1|1|0|0|-3748|488|-3772|520|35|2330|1
W|13784|1|0|QFLAT07|XA04TEX|85.607017004|256|0|1|1|0|0|-3772|520|-3808|540|35|2330|1
W|13784|1|2|QFLAT07|XA04TEX|85.607017004|256|0|1|1|0|0|-3772|520|-3808|540|35|2330|1
W|13783|1|0|QFLAT07|XA04TEX|126.789537568|256|0|1|1|0|0|-3808|540|-3836|564|35|2330|1
W|13783|1|2|QFLAT07|XA04TEX|126.789537568|256|0|1|1|0|0|-3808|540|-3836|564|35|2330|1
W|13782|1|0|QFLAT07|XA04TEX|163.667715397|256|0|1|1|0|0|-3836|564|-3896|548|35|2330|1
W|13782|1|2|QFLAT07|XA04TEX|163.667715397|256|0|1|1|0|0|-3836|564|-3896|548|35|2330|1
W|13781|1|0|QFLAT07|XA04TEX|225.764414182|256|0|1|1|0|0|-3896|548|-3928|520|35|2330|1
W|13781|1|2|QFLAT07|XA04TEX|225.764414182|256|0|1|1|0|0|-3896|548|-3928|520|35|2330|1
W|13780|1|0|QFLAT07|XA04TEX|268.284997433|256|0|1|1|0|0|-3928|520|-3928|488|35|2330|1
W|13780|1|2|QFLAT07|XA04TEX|268.284997433|256|0|1|1|0|0|-3928|520|-3928|488|35|2330|1
W|13790|0|0|QFLAT07|XA04TEX|300.284997433|256|0|1|1|0|0|-3928|488|-3903|473|35|2330|1
W|13790|0|2|QFLAT07|XA04TEX|300.284997433|256|0|1|1|0|0|-3928|488|-3903|473|35|2330|1
W|13791|0|0|QFLAT07|XA04TEX|329.439756907|256|0|1|1|0|0|-3903|473|-3895|461|35|2330|1
W|13791|0|2|QFLAT07|XA04TEX|329.439756907|256|0|1|1|0|0|-3903|473|-3895|461|35|2330|1
W|13789|1|0|QFLAT07|XA04TEX|343.861962009|256|0|1|1|0|0|-3895|461|-3884|440|35|2330|1
W|13789|1|2|QFLAT07|XA04TEX|343.861962009|256|0|1|1|0|0|-3895|461|-3884|440|35|2330|1
W|13788|1|0|QFLAT07|XA04TEX|367.568501191|256|0|1|1|0|0|-3884|440|-3840|424|35|2330|1
W|13788|1|2|QFLAT07|XA04TEX|367.568501191|256|0|1|1|0|0|-3884|440|-3840|424|35|2330|1
W|13787|1|0|QFLAT07|XA04TEX|414.387300834|256|0|1|1|0|0|-3840|424|-3760|444|35|2330|1
W|13787|1|2|QFLAT07|XA04TEX|414.387300834|256|0|1|1|0|0|-3840|424|-3760|444|35|2330|1
W|13800|0|0|QFLAT07|XA04TEX|0|256|0|1|1|0|0|-3524|796|-3496|772|2331|35|1
W|13800|0|2|QFLAT07|XA04TEX|0|256|0|1|1|0|0|-3524|796|-3496|772|2331|35|1
W|13801|0|0|QFLAT07|XA04TEX|36.878177829|256|0|1|1|0|0|-3496|772|-3496|740|2331|35|1
W|13801|0|2|QFLAT07|XA04TEX|36.878177829|256|0|1|1|0|0|-3496|772|-3496|740|2331|35|1
W|13803|1|0|QFLAT07|XA04TEX|68.878177829|256|0|1|1|0|0|-3496|740|-3548|732|2331|35|1
W|13803|1|2|QFLAT07|XA04TEX|68.878177829|256|0|1|1|0|0|-3496|740|-3548|732|2331|35|1
W|13802|1|0|QFLAT07|XA04TEX|121.489963581|256|0|1|1|0|0|-3548|732|-3580|732|2331|35|1
W|13802|1|2|QFLAT07|XA04TEX|121.489963581|256|0|1|1|0|0|-3548|732|-3580|732|2331|35|1
W|13792|0|0|QFLAT07|XA04TEX|153.489963581|256|0|1|1|0|0|-3580|732|-3596|760|2331|35|1
W|13792|0|2|QFLAT07|XA04TEX|153.489963581|256|0|1|1|0|0|-3580|732|-3596|760|2331|35|1
W|13793|0|0|QFLAT07|XA04TEX|185.738994574|256|0|1|1|0|0|-3596|760|-3580|796|2331|35|1
W|13793|0|2|QFLAT07|XA04TEX|185.738994574|256|0|1|1|0|0|-3596|760|-3580|796|2331|35|1
W|13794|0|0|QFLAT07|XA04TEX|225.134425781|256|0|1|1|0|0|-3580|796|-3564|816|2331|35|1
W|13794|0|2|QFLAT07|XA04TEX|225.134425781|256|0|1|1|0|0|-3580|796|-3564|816|2331|35|1
W|13795|0|0|QFLAT07|XA04TEX|250.746922731|256|0|1|1|0|0|-3564|816|-3564|836|2331|35|1
W|13795|0|2|QFLAT07|XA04TEX|250.746922731|256|0|1|1|0|0|-3564|816|-3564|836|2331|35|1
W|13796|0|0|QFLAT07|XA04TEX|270.746922731|256|0|1|1|0|0|-3564|836|-3524|852|2331|35|1
W|13796|0|2|QFLAT07|XA04TEX|270.746922731|256|0|1|1|0|0|-3564|836|-3524|852|2331|35|1
W|13797|0|0|QFLAT07|XA04TEX|313.828241188|256|0|1|1|0|0|-3524|852|-3500|836|2331|35|1
W|13797|0|2|QFLAT07|XA04TEX|313.828241188|256|0|1|1|0|0|-3524|852|-3500|836|2331|35|1
W|13798|0|0|QFLAT07|XA04TEX|342.672651392|256|0|1|1|0|0|-3500|836|-3500|812|2331|35|1
W|13798|0|2|QFLAT07|XA04TEX|342.672651392|256|0|1|1|0|0|-3500|836|-3500|812|2331|35|1
W|13799|0|0|QFLAT07|XA04TEX|366.672651392|256|0|1|1|0|0|-3500|812|-3524|796|2331|35|1
W|13799|0|2|QFLAT07|XA04TEX|366.672651392|256|0|1|1|0|0|-3500|812|-3524|796|2331|35|1
W|13799|1|0|QFLAT07|XA04TEX|0|256|0|1|1|0|0|-3524|796|-3500|812|35|2331|1
W|13799|1|2|QFLAT07|XA04TEX|0|256|0|1|1|0|0|-3524|796|-3500|812|35|2331|1
W|13798|1|0|QFLAT07|XA04TEX|28.844410204|256|0|1|1|0|0|-3500|812|-3500|836|35|2331|1
W|13798|1|2|QFLAT07|XA04TEX|28.844410204|256|0|1|1|0|0|-3500|812|-3500|836|35|2331|1
W|13797|1|0|QFLAT07|XA04TEX|52.844410204|256|0|1|1|0|0|-3500|836|-3524|852|35|2331|1
W|13797|1|2|QFLAT07|XA04TEX|52.844410204|256|0|1|1|0|0|-3500|836|-3524|852|35|2331|1
W|13796|1|0|QFLAT07|XA04TEX|81.688820407|256|0|1|1|0|0|-3524|852|-3564|836|35|2331|1
W|13796|1|2|QFLAT07|XA04TEX|81.688820407|256|0|1|1|0|0|-3524|852|-3564|836|35|2331|1
W|13795|1|0|QFLAT07|XA04TEX|124.770138864|256|0|1|1|0|0|-3564|836|-3564|816|35|2331|1
W|13795|1|2|QFLAT07|XA04TEX|124.770138864|256|0|1|1|0|0|-3564|836|-3564|816|35|2331|1
W|13794|1|0|QFLAT07|XA04TEX|144.770138864|256|0|1|1|0|0|-3564|816|-3580|796|35|2331|1
W|13794|1|2|QFLAT07|XA04TEX|144.770138864|256|0|1|1|0|0|-3564|816|-3580|796|35|2331|1
W|13793|1|0|QFLAT07|XA04TEX|170.382635814|256|0|1|1|0|0|-3580|796|-3596|760|35|2331|1
W|13793|1|2|QFLAT07|XA04TEX|170.382635814|256|0|1|1|0|0|-3580|796|-3596|760|35|2331|1
W|13792|1|0|QFLAT07|XA04TEX|209.778067021|256|0|1|1|0|0|-3596|760|-3580|732|35|2331|1
W|13792|1|2|QFLAT07|XA04TEX|209.778067021|256|0|1|1|0|0|-3596|760|-3580|732|35|2331|1
W|13802|0|0|QFLAT07|XA04TEX|242.027098015|256|0|1|1|0|0|-3580|732|-3548|732|35|2331|1
W|13802|0|2|QFLAT07|XA04TEX|242.027098015|256|0|1|1|0|0|-3580|732|-3548|732|35|2331|1
W|13803|0|0|QFLAT07|XA04TEX|274.027098015|256|0|1|1|0|0|-3548|732|-3496|740|35|2331|1
W|13803|0|2|QFLAT07|XA04TEX|274.027098015|256|0|1|1|0|0|-3548|732|-3496|740|35|2331|1
W|13801|1|0|QFLAT07|XA04TEX|326.638883766|256|0|1|1|0|0|-3496|740|-3496|772|35|2331|1
W|13801|1|2|QFLAT07|XA04TEX|326.638883766|256|0|1|1|0|0|-3496|740|-3496|772|35|2331|1
W|13800|1|0|QFLAT07|XA04TEX|358.638883766|256|0|1|1|0|0|-3496|772|-3524|796|35|2331|1
W|13800|1|2|QFLAT07|XA04TEX|358.638883766|256|0|1|1|0|0|-3496|772|-3524|796|35|2331|1
W|1674|0|1|QROCK1|QROCK1X8|32|-128|0|1|1|-96|0|-992|-3728|-1064|-3728|285|-1|1
W|1681|0|1|QROCK1|QROCK1X8|32|-128|0|1|1|-96|0|-992|-3184|-1064|-3184|1165|-1|1
W|2158|0|1|QROCK1|QROCK1X8|47|-128|0|1|1|-81|0|-1360|-3168|-1360|-3072|304|-1|1
W|2159|0|1|QROCK1|QROCK1X8|143|-128|0|1|1|-113|0|-1360|-3072|-1280|-2992|304|-1|1
W|2160|0|1|QROCK1|QROCK1X8|256.13708499|-128|0|1|1|0|0|-1280|-2992|-1184|-2992|304|-1|1
W|2176|0|1|QROCK1|QROCK1X8|32|-128|0|1|1|-96|0|-1184|-3728|-1280|-3728|311|-1|1
W|2169|0|1|QROCK1|QROCK1X8|128|-128|0|1|1|0|0|-1280|-3728|-1360|-3648|311|-1|1
W|2171|0|1|QROCK1|QROCK1X8|241.13708499|-128|0|1|1|113|0|-1360|-3648|-1360|-3552|311|-1|1
W|2833|0|1|QROCK1|QROCK1X8|32|-128|0|1|1|-96|0|-1064|-3536|-992|-3536|598|-1|1
W|7110|0|1|QROCK1|QROCK1X8|32|-128|0|1|1|-96|0|-1064|-2992|-992|-2992|596|-1|1
W|3155|1|0|QROCK3|QROCK3X8|0|-128|0|1|1|0|0|-4328|-3552|-4344|-3552|2654|2660|1
W|3155|1|2|QROCK3|QROCK3X8|0|-128|0|1|1|0|0|-4328|-3552|-4344|-3552|2654|2660|1
W|3156|1|0|QROCK3|QROCK3X8|16|-128|0|1|1|0|0|-4344|-3552|-4352|-3560|2654|2660|1
W|3156|1|2|QROCK3|QROCK3X8|16|-128|0|1|1|0|0|-4344|-3552|-4352|-3560|2654|2660|1
W|3200|1|2|QROCK3|QROCK3X8|0|-256|0|1|1|0|0|-4328|-3520|-4320|-3520|2654|2655|1
W|3199|1|2|QROCK3|QROCK3X8|8|-256|0|1|1|0|0|-4320|-3520|-4304|-3512|2653|2655|1
W|3201|1|2|QROCK3|QROCK3X8|25.88854382|-256|0|1|1|0|0|-4304|-3512|-4320|-3496|2653|2655|1
W|3202|1|2|QROCK3|QROCK3X8|48.515960818|-256|0|1|1|0|0|-4320|-3496|-4336|-3512|2653|2655|1
W|3202|0|2|QROCK3|QROCK3X8|0|-128|0|1|1|0|0|-4336|-3512|-4320|-3496|2655|2653|1
W|3201|0|2|QROCK3|QROCK3X8|22.627416998|-128|0|1|1|0|0|-4320|-3496|-4304|-3512|2655|2653|1
W|3199|0|2|QROCK3|QROCK3X8|45.254833996|-128|0|1|1|0|0|-4304|-3512|-4320|-3520|2655|2653|1
W|3200|0|2|QROCK3|QROCK3X8|63.143377816|-128|0|1|1|0|0|-4320|-3520|-4328|-3520|2655|2654|1
W|3205|0|2|QROCK3|QROCK3X8|0|-128|0|1|1|0|0|-4328|-3520|-4344|-3536|2650|2654|1
W|3204|0|2|QROCK3|QROCK3X8|22.627416998|-128|0|1|1|0|0|-4344|-3536|-4376|-3528|2650|2654|1
W|3203|0|2|QROCK3|QROCK3X8|55.612262003|-128|0|1|1|0|0|-4376|-3528|-4384|-3520|2650|2654|1
W|3206|0|2|QROCK3|QROCK3X8|0|-128|0|1|1|0|0|-4336|-3512|-4328|-3520|2503|2655|1
W|3206|1|2|QROCK3|QROCK3X8|0|-256|0|1|1|0|0|-4328|-3520|-4336|-3512|2655|2503|1
W|3207|0|2|QROCK3|QROCK3X8|0|-128|0|1|1|0|0|-4328|-3520|-4384|-3520|2503|2650|1
W|3207|1|2|QROCK3|QROCK3X8|0|-128|0|1|1|0|0|-4384|-3520|-4328|-3520|2650|2503|1
W|3208|1|2|QROCK3|QROCK3X8|0|-256|0|1|1|0|0|-4336|-3512|-4368|-3504|2653|2503|1
W|3209|1|2|QROCK3|QROCK3X8|32.984845005|-256|0|1|1|0|0|-4368|-3504|-4384|-3520|2653|2503|1
W|3203|1|2|QROCK3|QROCK3X8|55.612262003|-256|0|1|1|0|0|-4384|-3520|-4376|-3528|2654|2650|1
W|3204|1|2|QROCK3|QROCK3X8|66.925970502|-256|0|1|1|0|0|-4376|-3528|-4344|-3536|2654|2650|1
W|3205|1|2|QROCK3|QROCK3X8|99.910815507|-256|0|1|1|0|0|-4344|-3536|-4328|-3520|2654|2650|1
W|3209|0|2|QROCK3|QROCK3X8|0|-128|0|1|1|0|0|-4384|-3520|-4368|-3504|2503|2653|1
W|3208|0|2|QROCK3|QROCK3X8|22.627416998|-128|0|1|1|0|0|-4368|-3504|-4336|-3512|2503|2653|1
W|3212|1|0|QROCK3|QROCK3X8|0|-128|0|1|1|0|0|-4296|-3544|-4320|-3544|2654|2652|1
W|3212|1|2|QROCK3|QROCK3X8|0|-128|0|1|1|0|0|-4296|-3544|-4320|-3544|2654|2652|1
W|3154|1|0|QROCK3|QROCK3X8|24|-128|0|1|1|0|0|-4320|-3544|-4328|-3552|2654|2652|1
W|3154|1|2|QROCK3|QROCK3X8|24|-128|0|1|1|0|0|-4320|-3544|-4328|-3552|2654|2652|1
W|3213|1|0|QROCK3|QROCK3X8|0|-128|0|1|1|0|0|-4328|-3552|-4336|-3560|2660|2652|1
W|3213|1|2|QROCK3|QROCK3X8|0|-128|0|1|1|0|0|-4328|-3552|-4336|-3560|2660|2652|1
W|3214|1|0|QROCK3|QROCK3X8|11.313708499|-128|0|1|1|0|0|-4336|-3560|-4328|-3576|2660|2652|1
W|3214|1|2|QROCK3|QROCK3X8|11.313708499|-128|0|1|1|0|0|-4336|-3560|-4328|-3576|2660|2652|1
W|3214|0|2|QROCK3|QROCK3X8|0|-256|0|1|1|0|0|-4328|-3576|-4336|-3560|2652|2660|1
W|3213|0|2|QROCK3|QROCK3X8|17.88854382|-256|0|1|1|0|0|-4336|-3560|-4328|-3552|2652|2660|1
W|3219|1|0|QROCK3|QROCK3X8|62|-128|0|1|1|-66|16|-4280|-3560|-4288|-3560|2654|2651|1
W|3219|1|2|QROCK3|QROCK3X8|62|-128|0|1|1|-66|16|-4280|-3560|-4288|-3560|2654|2651|1
W|3211|1|0|QROCK3|QROCK3X8|70|-128|0|1|1|-58|16|-4288|-3560|-4296|-3544|2654|2651|1
W|3211|1|2|QROCK3|QROCK3X8|70|-128|0|1|1|-58|16|-4288|-3560|-4296|-3544|2654|2651|1
W|3221|0|1|QROCK3|QROCK3X8|18|-128|0|1|1|18|16|-4328|-3576|-4328|-3584|2660|-1|1
W|3222|0|1|QROCK3|QROCK3X8|0|-128|0|1|1|0|24|-4320|-3560|-4328|-3576|2652|-1|1
W|3224|0|0|QROCK3|QROCK3X8|99|-128|0|1|1|-29|24|-4296|-3544|-4320|-3560|2652|2651|1
W|3224|0|2|QROCK3|QROCK3X8|99|-128|0|1|1|-29|24|-4296|-3544|-4320|-3560|2652|2651|1
W|3225|0|1|QROCK3|QROCK3X8|49|-128|0|1|1|-79|48|-4264|-3568|-4296|-3568|2651|-1|1
W|3223|0|1|QROCK3|QROCK3X8|81|-128|0|1|1|-29|48|-4296|-3568|-4304|-3560|2651|-1|1
W|3215|0|1|QROCK3|QROCK3X8|92.313708499|-128|0|1|1|-18|48|-4304|-3560|-4320|-3560|2651|-1|1
W|3258|0|0|QROCK3|QROCK3X8|0|-128|0|1|1|0|0|-3776|-3104|-3772|-3112|2643|2642|1
W|3258|0|2|QROCK3|QROCK3X8|0|-128|0|1|1|0|0|-3776|-3104|-3772|-3112|2643|2642|1
W|3255|0|0|QROCK3|QROCK3X8|8.94427191|-128|0|1|1|0|0|-3772|-3112|-3780|-3128|2645|2635|1
W|3255|0|2|QROCK3|QROCK3X8|8.94427191|-128|0|1|1|0|0|-3772|-3112|-3780|-3128|2645|2635|1
W|3254|0|0|QROCK3|QROCK3X8|26.83281573|-128|0|1|1|0|0|-3780|-3128|-3780|-3160|2645|2635|1
W|3254|0|2|QROCK3|QROCK3X8|26.83281573|-128|0|1|1|0|0|-3780|-3128|-3780|-3160|2645|2635|1
W|3253|0|0|QROCK3|QROCK3X8|58.83281573|-128|0|1|1|0|0|-3780|-3160|-3764|-3216|2645|2635|1
W|3253|0|2|QROCK3|QROCK3X8|58.83281573|-128|0|1|1|0|0|-3780|-3160|-3764|-3216|2645|2635|1
W|3252|0|0|QROCK3|QROCK3X8|117.073694844|-128|0|1|1|0|0|-3764|-3216|-3744|-3236|2645|2635|1
W|3252|0|2|QROCK3|QROCK3X8|117.073694844|-128|0|1|1|0|0|-3764|-3216|-3744|-3236|2645|2635|1
W|3251|0|0|QROCK3|QROCK3X8|145.357966092|-128|0|1|1|0|0|-3744|-3236|-3724|-3216|2645|2635|1
W|3251|0|2|QROCK3|QROCK3X8|145.357966092|-128|0|1|1|0|0|-3744|-3236|-3724|-3216|2645|2635|1
W|3250|0|0|QROCK3|QROCK3X8|173.642237339|-128|0|1|1|0|0|-3724|-3216|-3708|-3160|2645|2635|1
W|3250|0|2|QROCK3|QROCK3X8|173.642237339|-128|0|1|1|0|0|-3724|-3216|-3708|-3160|2645|2635|1
W|3249|0|0|QROCK3|QROCK3X8|231.883116453|-128|0|1|1|0|0|-3708|-3160|-3708|-3128|2645|2635|1
W|3249|0|2|QROCK3|QROCK3X8|231.883116453|-128|0|1|1|0|0|-3708|-3160|-3708|-3128|2645|2635|1
W|3248|0|0|QROCK3|QROCK3X8|263.883116453|-128|0|1|1|0|0|-3708|-3128|-3716|-3112|2645|2635|1
W|3248|0|2|QROCK3|QROCK3X8|263.883116453|-128|0|1|1|0|0|-3708|-3128|-3716|-3112|2645|2635|1
W|3256|1|0|QROCK3|QROCK3X8|281.771660273|-128|0|1|1|0|0|-3716|-3112|-3712|-3104|2644|2642|1
W|3256|1|2|QROCK3|QROCK3X8|281.771660273|-128|0|1|1|0|0|-3716|-3112|-3712|-3104|2644|2642|1
W|5174|0|1|QROCK3|QROCK3X8|22|-128|0|1|1|22|0|1132|-4280|1128|-4284|977|-1|1
W|5183|0|1|QROCK3|QROCK3X8|27.656854249|-128|0|1|1|16|0|1128|-4284|1124|-4288|1014|-1|1
W|5160|0|1|QROCK3|QROCK3X8|33.313708499|-128|0|1|1|12|0|1124|-4288|1124|-4292|1013|-1|1
W|5169|0|1|QROCK3|QROCK3X8|37.313708499|-128|0|1|1|4|0|1124|-4292|1124|-4300|980|-1|1
W|5182|0|1|QROCK3|QROCK3X8|45.313708499|-128|0|1|1|0|0|1124|-4300|1124|-4304|1013|-1|1
W|5173|0|1|QROCK3|QROCK3X8|49.313708499|-128|0|1|1|-6|0|1124|-4304|1128|-4308|1014|-1|1
W|5181|0|1|QROCK3|QROCK3X8|54.970562748|-128|0|1|1|-12|0|1128|-4308|1132|-4312|977|-1|1
W|5180|0|1|QROCK3|QROCK3X8|88|-128|0|1|1|-40|0|1132|-4336|1128|-4340|977|-1|1
W|5170|0|1|QROCK3|QROCK3X8|93.656854249|-128|0|1|1|-46|0|1128|-4340|1124|-4344|1014|-1|1
W|5166|0|1|QROCK3|QROCK3X8|99.313708499|-128|0|1|1|-52|0|1124|-4344|1120|-4348|1013|-1|1
W|5187|0|1|QROCK3|QROCK3X8|104.970562748|-128|0|1|1|-58|0|1120|-4348|1116|-4348|980|-1|1
W|5188|0|1|QROCK3|QROCK3X8|108.970562748|-128|0|1|1|-97|0|1116|-4348|1104|-4336|981|-1|1
W|5198|1|0|QROCK3|QROCK3X8|121|-128|0|1|1|121|-32|1104|-4328|1104|-4264|981|988|1
W|5198|1|2|QROCK3|QROCK3X8|121|-128|0|1|1|121|-32|1104|-4328|1104|-4264|981|988|1
W|5185|0|1|QROCK3|QROCK3X8|185|-128|0|1|1|113|0|1104|-4264|1104|-4256|981|-1|1
W|5459|0|1|QROCK3|QROCK3X8|193|-128|0|1|1|90|0|1104|-4256|1116|-4244|981|-1|1
W|5469|0|1|QROCK3|QROCK3X8|209.970562748|-128|0|1|1|68|0|1116|-4244|1120|-4244|980|-1|1
W|5162|0|1|QROCK3|QROCK3X8|213.970562748|-128|0|1|1|62|0|1120|-4244|1124|-4248|1013|-1|1
W|5164|0|1|QROCK3|QROCK3X8|219.627416998|-128|0|1|1|56|0|1124|-4248|1128|-4252|1014|-1|1
W|5189|0|1|QROCK3|QROCK3X8|225.284271247|-128|0|1|1|50|0|1128|-4252|1132|-4256|977|-1|1
W|5206|0|1|QROCK3|QROCK3X8|22|-128|0|1|1|22|0|1132|-4152|1128|-4156|967|-1|1
W|5215|0|1|QROCK3|QROCK3X8|27.656854249|-128|0|1|1|16|0|1128|-4156|1124|-4160|982|-1|1
W|5205|0|1|QROCK3|QROCK3X8|33.313708499|-128|0|1|1|12|0|1124|-4160|1124|-4164|975|-1|1
W|5263|0|1|QROCK3|QROCK3X8|37.313708499|-128|0|1|1|4|0|1124|-4164|1124|-4172|963|-1|1
W|5275|0|1|QROCK3|QROCK3X8|45.313708499|-128|0|1|1|0|0|1124|-4172|1124|-4176|975|-1|1
W|5273|0|1|QROCK3|QROCK3X8|49.313708499|-128|0|1|1|-6|0|1124|-4176|1128|-4180|982|-1|1
W|5212|0|1|QROCK3|QROCK3X8|54.970562748|-128|0|1|1|-12|0|1128|-4180|1132|-4184|967|-1|1
W|5214|0|1|QROCK3|QROCK3X8|88|-128|0|1|1|-40|0|1132|-4208|1128|-4212|967|-1|1
W|5209|0|1|QROCK3|QROCK3X8|93.656854249|-128|0|1|1|-46|0|1128|-4212|1124|-4216|982|-1|1
W|5217|0|1|QROCK3|QROCK3X8|99.313708499|-128|0|1|1|-52|0|1124|-4216|1120|-4220|975|-1|1
W|5260|0|1|QROCK3|QROCK3X8|104.970562748|-128|0|1|1|-58|0|1120|-4220|1116|-4220|963|-1|1
W|5253|0|1|QROCK3|QROCK3X8|108.970562748|-128|0|1|1|-97|0|1116|-4220|1104|-4208|970|-1|1
W|5221|1|0|QROCK3|QROCK3X8|121|-128|0|1|1|121|-32|1104|-4200|1104|-4136|970|971|1
W|5221|1|2|QROCK3|QROCK3X8|121|-128|0|1|1|121|-32|1104|-4200|1104|-4136|970|971|1
W|5219|0|1|QROCK3|QROCK3X8|185|-128|0|1|1|113|0|1104|-4136|1104|-4128|970|-1|1
W|5246|0|1|QROCK3|QROCK3X8|193|-128|0|1|1|90|0|1104|-4128|1116|-4116|970|-1|1
W|5233|0|1|QROCK3|QROCK3X8|209.970562748|-128|0|1|1|68|0|1116|-4116|1120|-4116|963|-1|1
W|5251|0|1|QROCK3|QROCK3X8|213.970562748|-128|0|1|1|62|0|1120|-4116|1124|-4120|975|-1|1
W|5208|0|1|QROCK3|QROCK3X8|219.627416998|-128|0|1|1|56|0|1124|-4120|1128|-4124|982|-1|1
W|5216|0|1|QROCK3|QROCK3X8|225.284271247|-128|0|1|1|50|0|1128|-4124|1132|-4128|967|-1|1
W|5237|0|1|QROCK3|QROCK3X8|22|0|0|1|1|22|0|1132|-3768|1128|-3772|973|-1|1
W|5308|0|1|QROCK3|QROCK3X8|27.656854249|0|0|1|1|16|0|1128|-3772|1124|-3776|972|-1|1
W|5355|0|1|QROCK3|QROCK3X8|33.313708499|0|0|1|1|12|0|1124|-3776|1124|-3780|994|-1|1
W|5239|0|1|QROCK3|QROCK3X8|37.313708499|0|0|1|1|4|0|1124|-3780|1124|-3788|990|-1|1
W|5313|0|1|QROCK3|QROCK3X8|45.313708499|0|0|1|1|0|0|1124|-3788|1124|-3792|994|-1|1
W|5323|0|1|QROCK3|QROCK3X8|49.313708499|0|0|1|1|-6|0|1124|-3792|1128|-3796|972|-1|1
W|5241|0|1|QROCK3|QROCK3X8|54.970562748|0|0|1|1|-12|0|1128|-3796|1132|-3800|973|-1|1
W|5248|1|0|QROCK3|QROCK3X8|121|0|0|1|1|121|-32|1104|-3816|1104|-3752|991|979|1
W|5248|1|2|QROCK3|QROCK3X8|121|0|0|1|1|121|-32|1104|-3816|1104|-3752|991|979|1
W|5301|0|1|QROCK3|QROCK3X8|185|0|0|1|1|113|0|1104|-3752|1104|-3744|991|-1|1
W|5351|0|1|QROCK3|QROCK3X8|193|0|0|1|1|90|0|1104|-3744|1116|-3732|991|-1|1
W|5286|0|1|QROCK3|QROCK3X8|209.970562748|0|0|1|1|68|0|1116|-3732|1120|-3732|990|-1|1
W|5230|0|1|QROCK3|QROCK3X8|213.970562748|0|0|1|1|62|0|1120|-3732|1124|-3736|994|-1|1
W|5236|0|1|QROCK3|QROCK3X8|219.627416998|0|0|1|1|56|0|1124|-3736|1128|-3740|972|-1|1
W|5325|0|1|QROCK3|QROCK3X8|225.284271247|0|0|1|1|50|0|1128|-3740|1132|-3744|973|-1|1
W|5270|0|1|QROCK3|QROCK3X8|22|0|0|1|1|22|0|1132|-3896|1128|-3900|987|-1|1
W|5284|0|1|QROCK3|QROCK3X8|27.656854249|0|0|1|1|16|0|1128|-3900|1124|-3904|987|-1|1
W|5267|0|1|QROCK3|QROCK3X8|33.313708499|0|0|1|1|12|0|1124|-3904|1124|-3920|987|-1|1
W|5290|0|1|QROCK3|QROCK3X8|49.313708499|0|0|1|1|-6|0|1124|-3920|1132|-3928|987|-1|1
W|5272|0|1|QROCK3|QROCK3X8|88|-128|0|1|1|-40|0|1132|-4464|1120|-4476|1011|-1|1
W|5451|0|1|QROCK3|QROCK3X8|104.970562748|-128|0|1|1|-58|0|1120|-4476|1116|-4476|1011|-1|1
W|5461|0|1|QROCK3|QROCK3X8|108.970562748|-128|0|1|1|-97|0|1116|-4476|1104|-4464|1011|-1|1
W|5294|0|1|QROCK3|QROCK3X8|22|-128|0|1|1|22|0|1132|-4408|1124|-4416|1011|-1|1
W|5276|0|1|QROCK3|QROCK3X8|33.313708499|-128|0|1|1|12|0|1124|-4416|1124|-4432|1011|-1|1
W|5280|0|1|QROCK3|QROCK3X8|49.313708499|-128|0|1|1|-6|0|1124|-4432|1132|-4440|1011|-1|1
W|5297|0|1|QROCK3|QROCK3X8|88|0|0|1|1|-40|0|1132|-3952|1120|-3964|987|-1|1
W|5288|0|1|QROCK3|QROCK3X8|104.970562748|0|0|1|1|-58|0|1120|-3964|1116|-3964|987|-1|1
W|5309|0|1|QROCK3|QROCK3X8|108.970562748|0|0|1|1|-97|0|1116|-3964|1104|-3952|987|-1|1
W|5299|0|1|QROCK3|QROCK3X8|88|0|0|1|1|-40|0|1132|-3824|1128|-3828|973|-1|1
W|5240|0|1|QROCK3|QROCK3X8|93.656854249|0|0|1|1|-46|0|1128|-3828|1124|-3832|972|-1|1
W|5316|0|1|QROCK3|QROCK3X8|99.313708499|0|0|1|1|-52|0|1124|-3832|1120|-3836|994|-1|1
W|5317|0|1|QROCK3|QROCK3X8|104.970562748|0|0|1|1|-58|0|1120|-3836|1116|-3836|990|-1|1
W|5243|0|1|QROCK3|QROCK3X8|108.970562748|0|0|1|1|-97|0|1116|-3836|1104|-3824|991|-1|1
W|5303|1|0|QROCK3|QROCK3X8|121|0|0|1|1|121|-32|1104|-3944|1104|-3880|987|984|1
W|5303|1|2|QROCK3|QROCK3X8|121|0|0|1|1|121|-32|1104|-3944|1104|-3880|987|984|1
W|5305|0|1|QROCK3|QROCK3X8|185|0|0|1|1|113|0|1104|-3880|1104|-3872|987|-1|1
W|5292|0|1|QROCK3|QROCK3X8|193|0|0|1|1|90|0|1104|-3872|1116|-3860|987|-1|1
W|5281|0|1|QROCK3|QROCK3X8|209.970562748|0|0|1|1|68|0|1116|-3860|1120|-3860|987|-1|1
W|5268|0|1|QROCK3|QROCK3X8|213.970562748|0|0|1|1|62|0|1120|-3860|1132|-3872|987|-1|1
W|5333|0|1|QROCK3|QROCK3X8|22|0|0|1|1|22|0|1132|-4024|1128|-4028|992|-1|1
W|5348|0|1|QROCK3|QROCK3X8|27.656854249|0|0|1|1|16|0|1128|-4028|1124|-4032|985|-1|1
W|5327|0|1|QROCK3|QROCK3X8|33.313708499|0|0|1|1|12|0|1124|-4032|1124|-4036|989|-1|1
W|5339|0|1|QROCK3|QROCK3X8|37.313708499|0|0|1|1|4|0|1124|-4036|1124|-4044|993|-1|1
W|5347|0|1|QROCK3|QROCK3X8|45.313708499|0|0|1|1|0|0|1124|-4044|1124|-4048|989|-1|1
W|5343|0|1|QROCK3|QROCK3X8|49.313708499|0|0|1|1|-6|0|1124|-4048|1128|-4052|985|-1|1
W|5346|0|1|QROCK3|QROCK3X8|54.970562748|0|0|1|1|-12|0|1128|-4052|1132|-4056|992|-1|1
W|5344|0|1|QROCK3|QROCK3X8|88|0|0|1|1|-40|0|1132|-4080|1128|-4084|992|-1|1
W|5341|0|1|QROCK3|QROCK3X8|93.656854249|0|0|1|1|-46|0|1128|-4084|1124|-4088|985|-1|1
W|5335|0|1|QROCK3|QROCK3X8|99.313708499|0|0|1|1|-52|0|1124|-4088|1120|-4092|989|-1|1
W|5354|0|1|QROCK3|QROCK3X8|104.970562748|0|0|1|1|-58|0|1120|-4092|1116|-4092|993|-1|1
W|5356|0|1|QROCK3|QROCK3X8|108.970562748|0|0|1|1|-97|0|1116|-4092|1104|-4080|995|-1|1
W|5360|1|0|QROCK3|QROCK3X8|121|0|0|1|1|121|-32|1104|-4072|1104|-4008|995|824|1
W|5360|1|2|QROCK3|QROCK3X8|121|0|0|1|1|121|-32|1104|-4072|1104|-4008|995|824|1
W|5349|0|1|QROCK3|QROCK3X8|185|0|0|1|1|113|0|1104|-4008|1104|-4000|995|-1|1
W|5287|0|1|QROCK3|QROCK3X8|193|0|0|1|1|90|0|1104|-4000|1116|-3988|995|-1|1
W|5326|0|1|QROCK3|QROCK3X8|209.970562748|0|0|1|1|68|0|1116|-3988|1120|-3988|993|-1|1
W|5329|0|1|QROCK3|QROCK3X8|213.970562748|0|0|1|1|62|0|1120|-3988|1124|-3992|989|-1|1
W|5336|0|1|QROCK3|QROCK3X8|219.627416998|0|0|1|1|56|0|1124|-3992|1128|-3996|985|-1|1
W|5352|0|1|QROCK3|QROCK3X8|225.284271247|0|0|1|1|50|0|1128|-3996|1132|-4000|992|-1|1
W|5389|0|1|QROCK3|QROCK3X8|116|-128|0|1|1|-12|0|660|-4440|664|-4436|999|-1|1
W|5386|0|1|QROCK3|QROCK3X8|121.656854249|-128|0|1|1|-6|0|664|-4436|668|-4432|998|-1|1
W|5390|0|1|QROCK3|QROCK3X8|127.313708499|-128|0|1|1|0|0|668|-4432|668|-4428|1002|-1|1
W|5382|0|1|QROCK3|QROCK3X8|131.313708499|-128|0|1|1|4|0|668|-4428|668|-4420|1000|-1|1
W|5373|0|1|QROCK3|QROCK3X8|139.313708499|-128|0|1|1|12|0|668|-4420|668|-4416|1002|-1|1
W|5391|0|1|QROCK3|QROCK3X8|143.313708499|-128|0|1|1|16|0|668|-4416|664|-4412|998|-1|1
W|5378|0|1|QROCK3|QROCK3X8|148.970562748|-128|0|1|1|22|0|664|-4412|660|-4408|999|-1|1
W|5393|0|1|QROCK3|QROCK3X8|50|-128|0|1|1|50|0|660|-4384|664|-4380|999|-1|1
W|5377|0|1|QROCK3|QROCK3X8|55.656854249|-128|0|1|1|56|0|664|-4380|668|-4376|998|-1|1
W|5375|0|1|QROCK3|QROCK3X8|61.313708499|-128|0|1|1|62|0|668|-4376|672|-4372|1002|-1|1
W|5371|0|1|QROCK3|QROCK3X8|66.970562748|-128|0|1|1|68|0|672|-4372|676|-4372|1000|-1|1
W|5368|0|1|QROCK3|QROCK3X8|70.970562748|-128|0|1|1|90|0|676|-4372|688|-4384|887|-1|1
W|5392|0|1|QROCK3|QROCK3X8|87.941125497|-128|0|1|1|113|0|688|-4384|688|-4392|887|-1|1
W|5400|1|0|QROCK3|QROCK3X8|95.941125497|-128|0|1|1|121|-32|688|-4392|688|-4456|887|1001|1
W|5400|1|2|QROCK3|QROCK3X8|95.941125497|-128|0|1|1|121|-32|688|-4392|688|-4456|887|1001|1
W|5396|0|1|QROCK3|QROCK3X8|31|-128|0|1|1|-97|0|688|-4464|676|-4476|887|-1|1
W|5395|0|1|QROCK3|QROCK3X8|47.970562748|-128|0|1|1|-58|0|676|-4476|672|-4476|1000|-1|1
W|5380|0|1|QROCK3|QROCK3X8|51.970562748|-128|0|1|1|-52|0|672|-4476|668|-4472|1002|-1|1
W|5384|0|1|QROCK3|QROCK3X8|57.627416998|-128|0|1|1|-46|0|668|-4472|664|-4468|998|-1|1
W|5387|0|1|QROCK3|QROCK3X8|63.284271247|-128|0|1|1|-40|0|664|-4468|660|-4464|999|-1|1
W|5431|0|1|QROCK3|QROCK3X8|116|-128|0|1|1|-12|0|660|-4312|664|-4308|1005|-1|1
W|5428|0|1|QROCK3|QROCK3X8|121.656854249|-128|0|1|1|-6|0|664|-4308|668|-4304|1004|-1|1
W|5432|0|1|QROCK3|QROCK3X8|127.313708499|-128|0|1|1|0|0|668|-4304|668|-4300|1009|-1|1
W|5424|0|1|QROCK3|QROCK3X8|131.313708499|-128|0|1|1|4|0|668|-4300|668|-4292|1006|-1|1
W|5413|0|1|QROCK3|QROCK3X8|139.313708499|-128|0|1|1|12|0|668|-4292|668|-4288|1009|-1|1
W|5433|0|1|QROCK3|QROCK3X8|143.313708499|-128|0|1|1|16|0|668|-4288|664|-4284|1004|-1|1
W|5418|0|1|QROCK3|QROCK3X8|148.970562748|-128|0|1|1|22|0|664|-4284|660|-4280|1005|-1|1
W|5435|0|1|QROCK3|QROCK3X8|50|-128|0|1|1|50|0|660|-4256|664|-4252|1005|-1|1
W|5417|0|1|QROCK3|QROCK3X8|55.656854249|-128|0|1|1|56|0|664|-4252|668|-4248|1004|-1|1
W|5415|0|1|QROCK3|QROCK3X8|61.313708499|-128|0|1|1|62|0|668|-4248|672|-4244|1009|-1|1
W|5411|0|1|QROCK3|QROCK3X8|66.970562748|-128|0|1|1|68|0|672|-4244|676|-4244|1006|-1|1
W|5408|0|1|QROCK3|QROCK3X8|70.970562748|-128|0|1|1|90|0|676|-4244|688|-4256|1007|-1|1
W|5434|0|1|QROCK3|QROCK3X8|87.941125497|-128|0|1|1|113|0|688|-4256|688|-4264|1007|-1|1
W|5442|1|0|QROCK3|QROCK3X8|95.941125497|-128|0|1|1|121|-32|688|-4264|688|-4328|1007|1008|1
W|5442|1|2|QROCK3|QROCK3X8|95.941125497|-128|0|1|1|121|-32|688|-4264|688|-4328|1007|1008|1
W|5438|0|1|QROCK3|QROCK3X8|31|-128|0|1|1|-97|0|688|-4336|676|-4348|1007|-1|1
W|5437|0|1|QROCK3|QROCK3X8|47.970562748|-128|0|1|1|-58|0|676|-4348|672|-4348|1006|-1|1
W|5420|0|1|QROCK3|QROCK3X8|51.970562748|-128|0|1|1|-52|0|672|-4348|668|-4344|1009|-1|1
W|5426|0|1|QROCK3|QROCK3X8|57.627416998|-128|0|1|1|-46|0|668|-4344|664|-4340|1004|-1|1
W|5429|0|1|QROCK3|QROCK3X8|63.284271247|-128|0|1|1|-40|0|664|-4340|660|-4336|1005|-1|1
W|5456|1|0|QROCK3|QROCK3X8|121|-128|0|1|1|121|-32|1104|-4456|1104|-4392|1011|996|1
W|5456|1|2|QROCK3|QROCK3X8|121|-128|0|1|1|121|-32|1104|-4456|1104|-4392|1011|996|1
W|5283|0|1|QROCK3|QROCK3X8|185|-128|0|1|1|113|0|1104|-4392|1104|-4384|1011|-1|1
W|5269|0|1|QROCK3|QROCK3X8|193|-128|0|1|1|90|0|1104|-4384|1116|-4372|1011|-1|1
W|5274|0|1|QROCK3|QROCK3X8|209.970562748|-128|0|1|1|68|0|1116|-4372|1120|-4372|1011|-1|1
W|5289|0|1|QROCK3|QROCK3X8|213.970562748|-128|0|1|1|62|0|1120|-4372|1132|-4384|1011|-1|1
W|5471|0|1|QROCK3|QROCK3X8|116|-128|0|1|1|-12|0|660|-4184|668|-4176|1016|-1|1
W|5472|0|1|QROCK3|QROCK3X8|127.313708499|-128|0|1|1|0|0|668|-4176|668|-4160|1016|-1|1
W|5473|0|1|QROCK3|QROCK3X8|143.313708499|-128|0|1|1|16|0|668|-4160|660|-4152|1016|-1|1
W|5475|0|1|QROCK3|QROCK3X8|50|-128|0|1|1|50|0|660|-4128|672|-4116|1016|-1|1
W|5453|0|1|QROCK3|QROCK3X8|66.970562748|-128|0|1|1|68|0|672|-4116|676|-4116|1016|-1|1
W|5450|0|1|QROCK3|QROCK3X8|70.970562748|-128|0|1|1|90|0|676|-4116|688|-4128|1016|-1|1
W|5474|0|1|QROCK3|QROCK3X8|87.941125497|-128|0|1|1|113|0|688|-4128|688|-4136|1016|-1|1
W|5487|1|0|QROCK3|QROCK3X8|95.941125497|-128|0|1|1|121|-32|688|-4136|688|-4200|1016|1015|1
W|5487|1|2|QROCK3|QROCK3X8|95.941125497|-128|0|1|1|121|-32|688|-4136|688|-4200|1016|1015|1
W|5483|0|1|QROCK3|QROCK3X8|31|-128|0|1|1|-97|0|688|-4208|676|-4220|1016|-1|1
W|5482|0|1|QROCK3|QROCK3X8|47.970562748|-128|0|1|1|-58|0|676|-4220|672|-4220|1016|-1|1
W|5462|0|1|QROCK3|QROCK3X8|51.970562748|-128|0|1|1|-52|0|672|-4220|660|-4208|1016|-1|1
W|5508|0|1|QROCK3|QROCK3X8|116|0|0|1|1|-12|0|660|-3800|664|-3796|1019|-1|1
W|5505|0|1|QROCK3|QROCK3X8|121.656854249|0|0|1|1|-6|0|664|-3796|668|-3792|1018|-1|1
W|5509|0|1|QROCK3|QROCK3X8|127.313708499|0|0|1|1|0|0|668|-3792|668|-3788|1023|-1|1
W|5500|0|1|QROCK3|QROCK3X8|131.313708499|0|0|1|1|4|0|668|-3788|668|-3780|1020|-1|1
W|5609|0|1|QROCK3|QROCK3X8|139.313708499|0|0|1|1|12|0|668|-3780|668|-3776|1023|-1|1
W|5510|0|1|QROCK3|QROCK3X8|143.313708499|0|0|1|1|16|0|668|-3776|664|-3772|1018|-1|1
W|5498|0|1|QROCK3|QROCK3X8|148.970562748|0|0|1|1|22|0|664|-3772|660|-3768|1019|-1|1
W|5514|0|1|QROCK3|QROCK3X8|50|0|0|1|1|50|0|660|-3744|664|-3740|1019|-1|1
W|5497|0|1|QROCK3|QROCK3X8|55.656854249|0|0|1|1|56|0|664|-3740|668|-3736|1018|-1|1
W|5495|0|1|QROCK3|QROCK3X8|61.313708499|0|0|1|1|62|0|668|-3736|672|-3732|1023|-1|1
W|5560|0|1|QROCK3|QROCK3X8|66.970562748|0|0|1|1|68|0|672|-3732|676|-3732|1020|-1|1
W|6205|0|1|QROCK3|QROCK3X8|70.970562748|0|0|1|1|90|0|676|-3732|688|-3744|1021|-1|1
W|5511|0|1|QROCK3|QROCK3X8|87.941125497|0|0|1|1|113|0|688|-3744|688|-3752|1021|-1|1
W|5522|1|0|QROCK3|QROCK3X8|95.941125497|0|0|1|1|121|-32|688|-3752|688|-3816|1021|1022|1
W|5522|1|2|QROCK3|QROCK3X8|95.941125497|0|0|1|1|121|-32|688|-3752|688|-3816|1021|1022|1
W|5518|0|1|QROCK3|QROCK3X8|31|0|0|1|1|-97|0|688|-3824|676|-3836|1021|-1|1
W|5516|0|1|QROCK3|QROCK3X8|47.970562748|0|0|1|1|-58|0|676|-3836|672|-3836|1020|-1|1
W|5501|0|1|QROCK3|QROCK3X8|51.970562748|0|0|1|1|-52|0|672|-3836|668|-3832|1023|-1|1
W|5503|0|1|QROCK3|QROCK3X8|57.627416998|0|0|1|1|-46|0|668|-3832|664|-3828|1018|-1|1
W|5506|0|1|QROCK3|QROCK3X8|63.284271247|0|0|1|1|-40|0|664|-3828|660|-3824|1019|-1|1
W|5550|0|1|QROCK3|QROCK3X8|116|0|0|1|1|-12|0|660|-3928|664|-3924|819|-1|1
W|5547|0|1|QROCK3|QROCK3X8|121.656854249|0|0|1|1|-6|0|664|-3924|668|-3920|1024|-1|1
W|5551|0|1|QROCK3|QROCK3X8|127.313708499|0|0|1|1|0|0|668|-3920|668|-3916|1029|-1|1
W|5543|0|1|QROCK3|QROCK3X8|131.313708499|0|0|1|1|4|0|668|-3916|668|-3908|1025|-1|1
W|5534|0|1|QROCK3|QROCK3X8|139.313708499|0|0|1|1|12|0|668|-3908|668|-3904|1029|-1|1
W|5552|0|1|QROCK3|QROCK3X8|143.313708499|0|0|1|1|16|0|668|-3904|664|-3900|1024|-1|1
W|5539|0|1|QROCK3|QROCK3X8|148.970562748|0|0|1|1|22|0|664|-3900|660|-3896|819|-1|1
W|5558|0|1|QROCK3|QROCK3X8|50|0|0|1|1|50|0|660|-3872|664|-3868|819|-1|1
W|5538|0|1|QROCK3|QROCK3X8|55.656854249|0|0|1|1|56|0|664|-3868|668|-3864|1024|-1|1
W|5536|0|1|QROCK3|QROCK3X8|61.313708499|0|0|1|1|62|0|668|-3864|672|-3860|1029|-1|1
W|5532|0|1|QROCK3|QROCK3X8|66.970562748|0|0|1|1|68|0|672|-3860|676|-3860|1025|-1|1
W|5563|0|1|QROCK3|QROCK3X8|70.970562748|0|0|1|1|90|0|676|-3860|688|-3872|1026|-1|1
W|5553|0|1|QROCK3|QROCK3X8|87.941125497|0|0|1|1|113|0|688|-3872|688|-3880|1026|-1|1
W|5567|1|0|QROCK3|QROCK3X8|95.941125497|0|0|1|1|121|-32|688|-3880|688|-3944|1026|1028|1
W|5567|1|2|QROCK3|QROCK3X8|95.941125497|0|0|1|1|121|-32|688|-3880|688|-3944|1026|1028|1
W|5561|0|1|QROCK3|QROCK3X8|31|0|0|1|1|-97|0|688|-3952|676|-3964|1026|-1|1
W|5566|0|1|QROCK3|QROCK3X8|47.970562748|0|0|1|1|-58|0|676|-3964|672|-3964|1025|-1|1
W|5541|0|1|QROCK3|QROCK3X8|51.970562748|0|0|1|1|-52|0|672|-3964|668|-3960|1029|-1|1
W|5545|0|1|QROCK3|QROCK3X8|57.627416998|0|0|1|1|-46|0|668|-3960|664|-3956|1024|-1|1
W|5548|0|1|QROCK3|QROCK3X8|63.284271247|0|0|1|1|-40|0|664|-3956|660|-3952|819|-1|1
W|5594|0|1|QROCK3|QROCK3X8|116|0|0|1|1|-12|0|660|-4056|664|-4052|1033|-1|1
W|5600|0|1|QROCK3|QROCK3X8|121.656854249|0|0|1|1|-6|0|664|-4052|668|-4048|1030|-1|1
W|6203|0|1|QROCK3|QROCK3X8|127.313708499|0|0|1|1|0|0|668|-4048|668|-4044|1027|-1|1
W|5597|0|1|QROCK3|QROCK3X8|131.313708499|0|0|1|1|4|0|668|-4044|668|-4036|1032|-1|1
W|5586|0|1|QROCK3|QROCK3X8|139.313708499|0|0|1|1|12|0|668|-4036|668|-4032|1027|-1|1
W|5605|0|1|QROCK3|QROCK3X8|143.313708499|0|0|1|1|16|0|668|-4032|664|-4028|1030|-1|1
W|5587|0|1|QROCK3|QROCK3X8|148.970562748|0|0|1|1|22|0|664|-4028|660|-4024|1033|-1|1
W|5599|0|1|QROCK3|QROCK3X8|50|0|0|1|1|50|0|660|-4000|664|-3996|1033|-1|1
W|5596|0|1|QROCK3|QROCK3X8|55.656854249|0|0|1|1|56|0|664|-3996|668|-3992|1030|-1|1
W|5604|0|1|QROCK3|QROCK3X8|61.313708499|0|0|1|1|62|0|668|-3992|672|-3988|1027|-1|1
W|5581|0|1|QROCK3|QROCK3X8|66.970562748|0|0|1|1|68|0|672|-3988|676|-3988|1032|-1|1
W|5564|0|1|QROCK3|QROCK3X8|70.970562748|0|0|1|1|90|0|676|-3988|688|-4000|1035|-1|1
W|5595|0|1|QROCK3|QROCK3X8|87.941125497|0|0|1|1|113|0|688|-4000|688|-4008|1035|-1|1
W|5612|1|0|QROCK3|QROCK3X8|95.941125497|0|0|1|1|121|-32|688|-4008|688|-4072|1035|1034|1
W|5612|1|2|QROCK3|QROCK3X8|95.941125497|0|0|1|1|121|-32|688|-4008|688|-4072|1035|1034|1
W|5608|0|1|QROCK3|QROCK3X8|31|0|0|1|1|-97|0|688|-4080|676|-4092|1035|-1|1
W|5610|0|1|QROCK3|QROCK3X8|47.970562748|0|0|1|1|-58|0|676|-4092|672|-4092|1032|-1|1
W|5589|0|1|QROCK3|QROCK3X8|51.970562748|0|0|1|1|-52|0|672|-4092|668|-4088|1027|-1|1
W|5591|0|1|QROCK3|QROCK3X8|57.627416998|0|0|1|1|-46|0|668|-4088|664|-4084|1030|-1|1
W|5598|0|1|QROCK3|QROCK3X8|63.284271247|0|0|1|1|-40|0|664|-4084|660|-4080|1033|-1|1
W|11921|0|1|QROCK3|QROCK3X8|0|128|0|1|1|0|0|-4648|1288|-4648|1328|1991|-1|1
W|11925|0|1|QROCK3|QROCK3X8|0|128|0|1|1|0|0|-4648|1344|-4648|1408|1993|-1|1
W|11929|0|1|QROCK3|QROCK3X8|0|128|0|1|1|0|0|-4648|1424|-4648|1488|1995|-1|1
W|11933|0|1|QROCK3|QROCK3X8|0|128|0|1|1|0|0|-4648|1504|-4648|1544|1990|-1|1
W|11935|0|1|QROCK3|QROCK3X8|0|128|0|1|1|0|0|-4520|1544|-4520|1504|1990|-1|1
W|11939|0|1|QROCK3|QROCK3X8|0|128|0|1|1|0|0|-4520|1488|-4520|1424|1995|-1|1
W|11943|0|1|QROCK3|QROCK3X8|0|128|0|1|1|0|0|-4520|1408|-4520|1344|1993|-1|1
W|11947|0|1|QROCK3|QROCK3X8|0|128|0|1|1|0|0|-4520|1328|-4520|1288|1991|-1|1
W|11982|0|1|QROCK3|QROCK3X8|0|128|0|1|1|0|0|-4376|1288|-4376|1328|2001|-1|1
W|11986|0|1|QROCK3|QROCK3X8|0|128|0|1|1|0|0|-4376|1344|-4376|1408|2003|-1|1
W|11990|0|1|QROCK3|QROCK3X8|0|128|0|1|1|0|0|-4376|1424|-4376|1488|2005|-1|1
W|11994|0|1|QROCK3|QROCK3X8|0|128|0|1|1|0|0|-4376|1504|-4376|1544|2000|-1|1
W|11996|0|1|QROCK3|QROCK3X8|0|128|0|1|1|0|0|-4248|1544|-4248|1504|2000|-1|1
W|12000|0|1|QROCK3|QROCK3X8|0|128|0|1|1|0|0|-4248|1488|-4248|1424|2005|-1|1
W|12004|0|1|QROCK3|QROCK3X8|0|128|0|1|1|0|0|-4248|1408|-4248|1344|2003|-1|1
W|12008|0|1|QROCK3|QROCK3X8|0|128|0|1|1|0|0|-4248|1328|-4248|1288|2001|-1|1
W|13948|0|1|QROCK3|QROCK3X8|31|384|0|1|1|-97|0|-4208|424|-4192|436|2366|-1|1
W|13949|0|1|QROCK3|QROCK3X8|51|384|0|1|1|-74|0|-4192|436|-4176|436|2366|-1|1
W|13950|0|1|QROCK3|QROCK3X8|67|384|0|1|1|-58|0|-4176|436|-4172|436|2365|-1|1
W|13967|0|1|QROCK3|QROCK3X8|71|384|0|1|1|-52|0|-4172|436|-4168|432|2367|-1|1
W|13963|0|1|QROCK3|QROCK3X8|76.656854249|384|0|1|1|-46|0|-4168|432|-4164|428|2368|-1|1
W|13960|0|1|QROCK3|QROCK3X8|82.313708499|384|0|1|1|-40|0|-4164|428|-4160|424|2364|-1|1
W|13952|0|1|QROCK3|QROCK3X8|50|384|0|1|1|50|0|-4160|344|-4164|340|2364|-1|1
W|13970|0|1|QROCK3|QROCK3X8|55.656854249|384|0|1|1|56|0|-4164|340|-4168|336|2368|-1|1
W|13972|0|1|QROCK3|QROCK3X8|61.313708499|384|0|1|1|62|0|-4168|336|-4172|332|2367|-1|1
W|13976|0|1|QROCK3|QROCK3X8|66.970562748|384|0|1|1|68|0|-4172|332|-4176|332|2365|-1|1
W|13953|0|1|QROCK3|QROCK3X8|70.970562748|384|0|1|1|74|0|-4176|332|-4192|332|2366|-1|1
W|13954|0|1|QROCK3|QROCK3X8|86.970562748|384|0|1|1|90|0|-4192|332|-4208|344|2366|-1|1
W|13955|0|1|QROCK3|QROCK3X8|106.970562748|384|0|1|1|113|0|-4208|344|-4208|352|2366|-1|1
W|13944|1|0|QROCK3|QROCK3X8|114.970562748|384|0|1|1|121|-32|-4208|352|-4208|416|2366|2363|1
W|13944|1|2|QROCK3|QROCK3X8|114.970562748|384|0|1|1|121|-32|-4208|352|-4208|416|2366|2363|1
W|13958|0|1|QROCK3|QROCK3X8|116|384|0|1|1|-12|0|-4160|400|-4164|396|2364|-1|1
W|13961|0|1|QROCK3|QROCK3X8|121.656854249|384|0|1|1|-6|0|-4164|396|-4168|392|2368|-1|1
W|13957|0|1|QROCK3|QROCK3X8|127.313708499|384|0|1|1|0|0|-4168|392|-4168|388|2367|-1|1
W|13965|0|1|QROCK3|QROCK3X8|131.313708499|384|0|1|1|4|0|-4168|388|-4168|380|2365|-1|1
W|13974|0|1|QROCK3|QROCK3X8|139.313708499|384|0|1|1|12|0|-4168|380|-4168|376|2367|-1|1
W|13956|0|1|QROCK3|QROCK3X8|143.313708499|384|0|1|1|16|0|-4168|376|-4164|372|2368|-1|1
W|13969|0|1|QROCK3|QROCK3X8|148.970562748|384|0|1|1|22|0|-4164|372|-4160|368|2364|-1|1
W|13989|0|1|QROCK3|QROCK3X8|31|384|0|1|1|-97|0|-4496|344|-4512|332|2372|-1|1
W|13990|0|1|QROCK3|QROCK3X8|51|384|0|1|1|-74|0|-4512|332|-4528|332|2372|-1|1
W|13991|0|1|QROCK3|QROCK3X8|67|384|0|1|1|-58|0|-4528|332|-4532|332|2373|-1|1
W|14008|0|1|QROCK3|QROCK3X8|71|384|0|1|1|-52|0|-4532|332|-4536|336|2369|-1|1
W|14004|0|1|QROCK3|QROCK3X8|76.656854249|384|0|1|1|-46|0|-4536|336|-4540|340|2375|-1|1
W|14001|0|1|QROCK3|QROCK3X8|82.313708499|384|0|1|1|-40|0|-4540|340|-4544|344|2374|-1|1
W|13993|0|1|QROCK3|QROCK3X8|50|384|0|1|1|50|0|-4544|424|-4540|428|2374|-1|1
W|14011|0|1|QROCK3|QROCK3X8|55.656854249|384|0|1|1|56|0|-4540|428|-4536|432|2375|-1|1
W|14013|0|1|QROCK3|QROCK3X8|61.313708499|384|0|1|1|62|0|-4536|432|-4532|436|2369|-1|1
W|14017|0|1|QROCK3|QROCK3X8|66.970562748|384|0|1|1|68|0|-4532|436|-4528|436|2373|-1|1
W|13994|0|1|QROCK3|QROCK3X8|70.970562748|384|0|1|1|74|0|-4528|436|-4512|436|2372|-1|1
W|13995|0|1|QROCK3|QROCK3X8|86.970562748|384|0|1|1|90|0|-4512|436|-4496|424|2372|-1|1
W|13996|0|1|QROCK3|QROCK3X8|106.970562748|384|0|1|1|113|0|-4496|424|-4496|416|2372|-1|1
W|13985|1|0|QROCK3|QROCK3X8|114.970562748|384|0|1|1|121|-32|-4496|416|-4496|352|2372|2371|1
W|13985|1|2|QROCK3|QROCK3X8|114.970562748|384|0|1|1|121|-32|-4496|416|-4496|352|2372|2371|1
W|13999|0|1|QROCK3|QROCK3X8|116|384|0|1|1|-12|0|-4544|368|-4540|372|2374|-1|1
W|14002|0|1|QROCK3|QROCK3X8|121.656854249|384|0|1|1|-6|0|-4540|372|-4536|376|2375|-1|1
W|13998|0|1|QROCK3|QROCK3X8|127.313708499|384|0|1|1|0|0|-4536|376|-4536|380|2369|-1|1
W|14006|0|1|QROCK3|QROCK3X8|131.313708499|384|0|1|1|4|0|-4536|380|-4536|388|2373|-1|1
W|14015|0|1|QROCK3|QROCK3X8|139.313708499|384|0|1|1|12|0|-4536|388|-4536|392|2369|-1|1
W|13997|0|1|QROCK3|QROCK3X8|143.313708499|384|0|1|1|16|0|-4536|392|-4540|396|2375|-1|1
W|14010|0|1|QROCK3|QROCK3X8|148.970562748|384|0|1|1|22|0|-4540|396|-4544|400|2374|-1|1
W|14031|0|1|QROCK3|QROCK3X8|31|384|0|1|1|-97|0|-4208|304|-4192|316|2379|-1|1
W|14032|0|1|QROCK3|QROCK3X8|51|384|0|1|1|-74|0|-4192|316|-4176|316|2379|-1|1
W|14033|0|1|QROCK3|QROCK3X8|67|384|0|1|1|-58|0|-4176|316|-4172|316|2380|-1|1
W|14050|0|1|QROCK3|QROCK3X8|71|384|0|1|1|-52|0|-4172|316|-4168|312|2383|-1|1
W|14046|0|1|QROCK3|QROCK3X8|76.656854249|384|0|1|1|-46|0|-4168|312|-4164|308|2382|-1|1
W|14043|0|1|QROCK3|QROCK3X8|82.313708499|384|0|1|1|-40|0|-4164|308|-4160|304|2381|-1|1
W|14035|0|1|QROCK3|QROCK3X8|50|384|0|1|1|50|0|-4160|224|-4164|220|2381|-1|1
W|14053|0|1|QROCK3|QROCK3X8|55.656854249|384|0|1|1|56|0|-4164|220|-4168|216|2382|-1|1
W|14055|0|1|QROCK3|QROCK3X8|61.313708499|384|0|1|1|62|0|-4168|216|-4172|212|2383|-1|1
W|14059|0|1|QROCK3|QROCK3X8|66.970562748|384|0|1|1|68|0|-4172|212|-4176|212|2380|-1|1
W|14036|0|1|QROCK3|QROCK3X8|70.970562748|384|0|1|1|74|0|-4176|212|-4192|212|2379|-1|1
W|14037|0|1|QROCK3|QROCK3X8|86.970562748|384|0|1|1|90|0|-4192|212|-4208|224|2379|-1|1
W|14038|0|1|QROCK3|QROCK3X8|106.970562748|384|0|1|1|113|0|-4208|224|-4208|232|2379|-1|1
W|14027|1|0|QROCK3|QROCK3X8|114.970562748|384|0|1|1|121|-32|-4208|232|-4208|296|2379|2378|1
W|14027|1|2|QROCK3|QROCK3X8|114.970562748|384|0|1|1|121|-32|-4208|232|-4208|296|2379|2378|1
W|14041|0|1|QROCK3|QROCK3X8|116|384|0|1|1|-12|0|-4160|280|-4164|276|2381|-1|1
W|14044|0|1|QROCK3|QROCK3X8|121.656854249|384|0|1|1|-6|0|-4164|276|-4168|272|2382|-1|1
W|14040|0|1|QROCK3|QROCK3X8|127.313708499|384|0|1|1|0|0|-4168|272|-4168|268|2383|-1|1
W|14048|0|1|QROCK3|QROCK3X8|131.313708499|384|0|1|1|4|0|-4168|268|-4168|260|2380|-1|1
W|14057|0|1|QROCK3|QROCK3X8|139.313708499|384|0|1|1|12|0|-4168|260|-4168|256|2383|-1|1
W|14039|0|1|QROCK3|QROCK3X8|143.313708499|384|0|1|1|16|0|-4168|256|-4164|252|2382|-1|1
W|14052|0|1|QROCK3|QROCK3X8|148.970562748|384|0|1|1|22|0|-4164|252|-4160|248|2381|-1|1
W|14072|0|1|QROCK3|QROCK3X8|31|384|0|1|1|-97|0|-4496|224|-4512|212|2386|-1|1
W|14073|0|1|QROCK3|QROCK3X8|51|384|0|1|1|-74|0|-4512|212|-4528|212|2386|-1|1
W|14074|0|1|QROCK3|QROCK3X8|67|384|0|1|1|-58|0|-4528|212|-4532|212|2387|-1|1
W|14091|0|1|QROCK3|QROCK3X8|71|384|0|1|1|-52|0|-4532|212|-4536|216|2376|-1|1
W|14087|0|1|QROCK3|QROCK3X8|76.656854249|384|0|1|1|-46|0|-4536|216|-4540|220|2389|-1|1
W|14084|0|1|QROCK3|QROCK3X8|82.313708499|384|0|1|1|-40|0|-4540|220|-4544|224|2388|-1|1
W|14076|0|1|QROCK3|QROCK3X8|50|384|0|1|1|50|0|-4544|304|-4540|308|2388|-1|1
W|14094|0|1|QROCK3|QROCK3X8|55.656854249|384|0|1|1|56|0|-4540|308|-4536|312|2389|-1|1
W|14096|0|1|QROCK3|QROCK3X8|61.313708499|384|0|1|1|62|0|-4536|312|-4532|316|2376|-1|1
W|14100|0|1|QROCK3|QROCK3X8|66.970562748|384|0|1|1|68|0|-4532|316|-4528|316|2387|-1|1
W|14077|0|1|QROCK3|QROCK3X8|70.970562748|384|0|1|1|74|0|-4528|316|-4512|316|2386|-1|1
W|14078|0|1|QROCK3|QROCK3X8|86.970562748|384|0|1|1|90|0|-4512|316|-4496|304|2386|-1|1
W|14079|0|1|QROCK3|QROCK3X8|106.970562748|384|0|1|1|113|0|-4496|304|-4496|296|2386|-1|1
W|14068|1|0|QROCK3|QROCK3X8|114.970562748|384|0|1|1|121|-32|-4496|296|-4496|232|2386|2385|1
W|14068|1|2|QROCK3|QROCK3X8|114.970562748|384|0|1|1|121|-32|-4496|296|-4496|232|2386|2385|1
W|14082|0|1|QROCK3|QROCK3X8|116|384|0|1|1|-12|0|-4544|248|-4540|252|2388|-1|1
W|14085|0|1|QROCK3|QROCK3X8|121.656854249|384|0|1|1|-6|0|-4540|252|-4536|256|2389|-1|1
W|14081|0|1|QROCK3|QROCK3X8|127.313708499|384|0|1|1|0|0|-4536|256|-4536|260|2376|-1|1
W|14089|0|1|QROCK3|QROCK3X8|131.313708499|384|0|1|1|4|0|-4536|260|-4536|268|2387|-1|1
W|14098|0|1|QROCK3|QROCK3X8|139.313708499|384|0|1|1|12|0|-4536|268|-4536|272|2376|-1|1
W|14080|0|1|QROCK3|QROCK3X8|143.313708499|384|0|1|1|16|0|-4536|272|-4540|276|2389|-1|1
W|14093|0|1|QROCK3|QROCK3X8|148.970562748|384|0|1|1|22|0|-4540|276|-4544|280|2388|-1|1
W|14115|0|1|QROCK3|QROCK3X8|31|384|0|1|1|-97|0|-4208|176|-4192|188|2393|-1|1
W|14116|0|1|QROCK3|QROCK3X8|51|384|0|1|1|-74|0|-4192|188|-4176|188|2393|-1|1
W|14117|0|1|QROCK3|QROCK3X8|67|384|0|1|1|-58|0|-4176|188|-4172|188|2393|-1|1
W|14134|0|1|QROCK3|QROCK3X8|71|384|0|1|1|-52|0|-4172|188|-4168|184|2393|-1|1
W|14130|0|1|QROCK3|QROCK3X8|76.656854249|384|0|1|1|-46|0|-4168|184|-4164|180|2393|-1|1
W|14127|0|1|QROCK3|QROCK3X8|82.313708499|384|0|1|1|-40|0|-4164|180|-4160|176|2393|-1|1
W|14119|0|1|QROCK3|QROCK3X8|50|384|0|1|1|50|0|-4160|96|-4164|92|2393|-1|1
W|14137|0|1|QROCK3|QROCK3X8|55.656854249|384|0|1|1|56|0|-4164|92|-4168|88|2393|-1|1
W|14139|0|1|QROCK3|QROCK3X8|61.313708499|384|0|1|1|62|0|-4168|88|-4172|84|2393|-1|1
W|14143|0|1|QROCK3|QROCK3X8|66.970562748|384|0|1|1|68|0|-4172|84|-4176|84|2393|-1|1
W|14120|0|1|QROCK3|QROCK3X8|70.970562748|384|0|1|1|74|0|-4176|84|-4192|84|2393|-1|1
W|14121|0|1|QROCK3|QROCK3X8|86.970562748|384|0|1|1|90|0|-4192|84|-4208|96|2393|-1|1
W|14122|0|1|QROCK3|QROCK3X8|106.970562748|384|0|1|1|113|0|-4208|96|-4208|104|2393|-1|1
W|14111|1|0|QROCK3|QROCK3X8|114.970562748|384|0|1|1|121|-32|-4208|104|-4208|168|2393|2392|1
W|14111|1|2|QROCK3|QROCK3X8|114.970562748|384|0|1|1|121|-32|-4208|104|-4208|168|2393|2392|1
W|14125|0|1|QROCK3|QROCK3X8|116|384|0|1|1|-12|0|-4160|152|-4164|148|2393|-1|1
W|14128|0|1|QROCK3|QROCK3X8|121.656854249|384|0|1|1|-6|0|-4164|148|-4168|144|2393|-1|1
W|14124|0|1|QROCK3|QROCK3X8|127.313708499|384|0|1|1|0|0|-4168|144|-4168|140|2393|-1|1
W|14132|0|1|QROCK3|QROCK3X8|131.313708499|384|0|1|1|4|0|-4168|140|-4168|132|2393|-1|1
W|14141|0|1|QROCK3|QROCK3X8|139.313708499|384|0|1|1|12|0|-4168|132|-4168|128|2393|-1|1
W|14123|0|1|QROCK3|QROCK3X8|143.313708499|384|0|1|1|16|0|-4168|128|-4164|124|2393|-1|1
W|14136|0|1|QROCK3|QROCK3X8|148.970562748|384|0|1|1|22|0|-4164|124|-4160|120|2393|-1|1
W|14156|0|1|QROCK3|QROCK3X8|31|384|0|1|1|-97|0|-4496|96|-4512|84|2400|-1|1
W|14157|0|1|QROCK3|QROCK3X8|51|384|0|1|1|-74|0|-4512|84|-4528|84|2400|-1|1
W|14158|0|1|QROCK3|QROCK3X8|67|384|0|1|1|-58|0|-4528|84|-4532|84|2401|-1|1
W|14175|0|1|QROCK3|QROCK3X8|71|384|0|1|1|-52|0|-4532|84|-4536|88|2390|-1|1
W|14171|0|1|QROCK3|QROCK3X8|76.656854249|384|0|1|1|-46|0|-4536|88|-4540|92|2403|-1|1
W|14168|0|1|QROCK3|QROCK3X8|82.313708499|384|0|1|1|-40|0|-4540|92|-4544|96|2402|-1|1
W|14160|0|1|QROCK3|QROCK3X8|50|384|0|1|1|50|0|-4544|176|-4540|180|2402|-1|1
W|14178|0|1|QROCK3|QROCK3X8|55.656854249|384|0|1|1|56|0|-4540|180|-4536|184|2403|-1|1
W|14180|0|1|QROCK3|QROCK3X8|61.313708499|384|0|1|1|62|0|-4536|184|-4532|188|2390|-1|1
W|14184|0|1|QROCK3|QROCK3X8|66.970562748|384|0|1|1|68|0|-4532|188|-4528|188|2401|-1|1
W|14161|0|1|QROCK3|QROCK3X8|70.970562748|384|0|1|1|74|0|-4528|188|-4512|188|2400|-1|1
W|14162|0|1|QROCK3|QROCK3X8|86.970562748|384|0|1|1|90|0|-4512|188|-4496|176|2400|-1|1
W|14163|0|1|QROCK3|QROCK3X8|106.970562748|384|0|1|1|113|0|-4496|176|-4496|168|2400|-1|1
W|14152|1|0|QROCK3|QROCK3X8|114.970562748|384|0|1|1|121|-32|-4496|168|-4496|104|2400|2399|1
W|14152|1|2|QROCK3|QROCK3X8|114.970562748|384|0|1|1|121|-32|-4496|168|-4496|104|2400|2399|1
W|14166|0|1|QROCK3|QROCK3X8|116|384|0|1|1|-12|0|-4544|120|-4540|124|2402|-1|1
W|14169|0|1|QROCK3|QROCK3X8|121.656854249|384|0|1|1|-6|0|-4540|124|-4536|128|2403|-1|1
W|14165|0|1|QROCK3|QROCK3X8|127.313708499|384|0|1|1|0|0|-4536|128|-4536|132|2390|-1|1
W|14173|0|1|QROCK3|QROCK3X8|131.313708499|384|0|1|1|4|0|-4536|132|-4536|140|2401|-1|1
W|14182|0|1|QROCK3|QROCK3X8|139.313708499|384|0|1|1|12|0|-4536|140|-4536|144|2390|-1|1
W|14164|0|1|QROCK3|QROCK3X8|143.313708499|384|0|1|1|16|0|-4536|144|-4540|148|2403|-1|1
W|14177|0|1|QROCK3|QROCK3X8|148.970562748|384|0|1|1|22|0|-4540|148|-4544|152|2402|-1|1
W|14199|0|1|QROCK3|QROCK3X8|31|256|0|1|1|-97|0|-4208|48|-4192|60|2407|-1|1
W|14200|0|1|QROCK3|QROCK3X8|51|256|0|1|1|-74|0|-4192|60|-4176|60|2407|-1|1
W|14201|0|1|QROCK3|QROCK3X8|67|256|0|1|1|-58|0|-4176|60|-4172|60|2408|-1|1
W|14218|0|1|QROCK3|QROCK3X8|71|256|0|1|1|-52|0|-4172|60|-4168|56|2411|-1|1
W|14214|0|1|QROCK3|QROCK3X8|76.656854249|256|0|1|1|-46|0|-4168|56|-4164|52|2410|-1|1
W|14211|0|1|QROCK3|QROCK3X8|82.313708499|256|0|1|1|-40|0|-4164|52|-4160|48|2409|-1|1
W|14203|0|1|QROCK3|QROCK3X8|50|256|0|1|1|50|0|-4160|-32|-4164|-36|2409|-1|1
W|14221|0|1|QROCK3|QROCK3X8|55.656854249|256|0|1|1|56|0|-4164|-36|-4168|-40|2410|-1|1
W|14223|0|1|QROCK3|QROCK3X8|61.313708499|256|0|1|1|62|0|-4168|-40|-4172|-44|2411|-1|1
W|14227|0|1|QROCK3|QROCK3X8|66.970562748|256|0|1|1|68|0|-4172|-44|-4176|-44|2408|-1|1
W|14204|0|1|QROCK3|QROCK3X8|70.970562748|256|0|1|1|74|0|-4176|-44|-4192|-44|2407|-1|1
W|14205|0|1|QROCK3|QROCK3X8|86.970562748|256|0|1|1|90|0|-4192|-44|-4208|-32|2407|-1|1
W|14206|0|1|QROCK3|QROCK3X8|106.970562748|256|0|1|1|113|0|-4208|-32|-4208|-24|2407|-1|1
W|14195|1|0|QROCK3|QROCK3X8|114.970562748|256|0|1|1|121|-32|-4208|-24|-4208|40|2407|2406|1
W|14195|1|2|QROCK3|QROCK3X8|114.970562748|256|0|1|1|121|-32|-4208|-24|-4208|40|2407|2406|1
W|14209|0|1|QROCK3|QROCK3X8|116|256|0|1|1|-12|0|-4160|24|-4164|20|2409|-1|1
W|14212|0|1|QROCK3|QROCK3X8|121.656854249|256|0|1|1|-6|0|-4164|20|-4168|16|2410|-1|1
W|14208|0|1|QROCK3|QROCK3X8|127.313708499|256|0|1|1|0|0|-4168|16|-4168|12|2411|-1|1
W|14216|0|1|QROCK3|QROCK3X8|131.313708499|256|0|1|1|4|0|-4168|12|-4168|4|2408|-1|1
W|14225|0|1|QROCK3|QROCK3X8|139.313708499|256|0|1|1|12|0|-4168|4|-4168|0|2411|-1|1
W|14207|0|1|QROCK3|QROCK3X8|143.313708499|256|0|1|1|16|0|-4168|0|-4164|-4|2410|-1|1
W|14220|0|1|QROCK3|QROCK3X8|148.970562748|256|0|1|1|22|0|-4164|-4|-4160|-8|2409|-1|1
W|14240|0|1|QROCK3|QROCK3X8|31|256|0|1|1|-97|0|-4496|-32|-4512|-44|2394|-1|1
W|14241|0|1|QROCK3|QROCK3X8|51|256|0|1|1|-74|0|-4512|-44|-4528|-44|2394|-1|1
W|14242|0|1|QROCK3|QROCK3X8|67|256|0|1|1|-58|0|-4528|-44|-4532|-44|2394|-1|1
W|14259|0|1|QROCK3|QROCK3X8|71|256|0|1|1|-52|0|-4532|-44|-4536|-40|2394|-1|1
W|14255|0|1|QROCK3|QROCK3X8|76.656854249|256|0|1|1|-46|0|-4536|-40|-4540|-36|2394|-1|1
W|14252|0|1|QROCK3|QROCK3X8|82.313708499|256|0|1|1|-40|0|-4540|-36|-4544|-32|2394|-1|1
W|14244|0|1|QROCK3|QROCK3X8|50|256|0|1|1|50|0|-4544|48|-4540|52|2394|-1|1
W|14262|0|1|QROCK3|QROCK3X8|55.656854249|256|0|1|1|56|0|-4540|52|-4536|56|2394|-1|1
W|14129|0|1|QROCK3|QROCK3X8|61.313708499|256|0|1|1|62|0|-4536|56|-4532|60|2394|-1|1
W|14142|0|1|QROCK3|QROCK3X8|66.970562748|256|0|1|1|68|0|-4532|60|-4528|60|2394|-1|1
W|14245|0|1|QROCK3|QROCK3X8|70.970562748|256|0|1|1|74|0|-4528|60|-4512|60|2394|-1|1
W|14246|0|1|QROCK3|QROCK3X8|86.970562748|256|0|1|1|90|0|-4512|60|-4496|48|2394|-1|1
W|14247|0|1|QROCK3|QROCK3X8|106.970562748|256|0|1|1|113|0|-4496|48|-4496|40|2394|-1|1
W|14236|1|0|QROCK3|QROCK3X8|114.970562748|256|0|1|1|121|-32|-4496|40|-4496|-24|2394|2413|1
W|14236|1|2|QROCK3|QROCK3X8|114.970562748|256|0|1|1|121|-32|-4496|40|-4496|-24|2394|2413|1
W|14250|0|1|QROCK3|QROCK3X8|116|256|0|1|1|-12|0|-4544|-8|-4540|-4|2394|-1|1
W|14253|0|1|QROCK3|QROCK3X8|121.656854249|256|0|1|1|-6|0|-4540|-4|-4536|0|2394|-1|1
W|14249|0|1|QROCK3|QROCK3X8|127.313708499|256|0|1|1|0|0|-4536|0|-4536|4|2394|-1|1
W|14257|0|1|QROCK3|QROCK3X8|131.313708499|256|0|1|1|4|0|-4536|4|-4536|12|2394|-1|1
W|14135|0|1|QROCK3|QROCK3X8|139.313708499|256|0|1|1|12|0|-4536|12|-4536|16|2394|-1|1
W|14248|0|1|QROCK3|QROCK3X8|143.313708499|256|0|1|1|16|0|-4536|16|-4540|20|2394|-1|1
W|14261|0|1|QROCK3|QROCK3X8|148.970562748|256|0|1|1|22|0|-4540|20|-4544|24|2394|-1|1
W|3197|0|2|QROCK3|QROCK3X8|0|-128|0|1|1|0|0|-4384|-3536|-4392|-3552|2656|2654|1
W|3196|0|2|QROCK3|QROCK3X8|17.88854382|-128|0|1|1|0|0|-4392|-3552|-4400|-3552|2656|2654|1
W|3195|0|2|QROCK3|QROCK3X8|25.88854382|-128|0|1|1|0|0|-4400|-3552|-4408|-3536|2656|2654|1
W|3198|0|2|QROCK3|QROCK3X8|43.77708764|-128|0|1|1|0|0|-4408|-3536|-4384|-3536|2656|2654|1
W|3198|1|2|QROCK3|QROCK3X8|0|-256|0|1|1|0|0|-4384|-3536|-4408|-3536|2654|2656|1
W|3195|1|2|QROCK3|QROCK3X8|24|-256|0|1|1|0|0|-4408|-3536|-4400|-3552|2654|2656|1
W|3196|1|2|QROCK3|QROCK3X8|41.88854382|-256|0|1|1|0|0|-4400|-3552|-4392|-3552|2654|2656|1
W|3197|1|2|QROCK3|QROCK3X8|49.88854382|-256|0|1|1|0|0|-4392|-3552|-4384|-3536|2654|2656|1
W|3252|1|0|QROCK3X8|QROCK3X8|0|896|0|1|1|0|8|-3744|-3236|-3764|-3216|2635|2645|1
W|3252|1|2|QROCK3X8|QROCK3X8|0|896|0|1|1|0|1208|-3744|-3236|-3764|-3216|2635|2645|1
W|3253|1|0|QROCK3X8|QROCK3X8|28.284271247|896|0|1|1|28.284271247|8|-3764|-3216|-3780|-3160|2635|2645|1
W|3253|1|2|QROCK3X8|QROCK3X8|28.284271247|896|0|1|1|28.284271247|1208|-3764|-3216|-3780|-3160|2635|2645|1
W|3254|1|0|QROCK3X8|QROCK3X8|86.525150362|896|0|1|1|86.525150362|8|-3780|-3160|-3780|-3128|2635|2645|1
W|3254|1|2|QROCK3X8|QROCK3X8|86.525150362|896|0|1|1|86.525150362|1208|-3780|-3160|-3780|-3128|2635|2645|1
W|3255|1|0|QROCK3X8|QROCK3X8|118.525150362|896|0|1|1|118.525150362|8|-3780|-3128|-3772|-3112|2635|2645|1
W|3255|1|2|QROCK3X8|QROCK3X8|118.525150362|896|0|1|1|118.525150362|1208|-3780|-3128|-3772|-3112|2635|2645|1
W|3258|1|0|QROCK3X8|QROCK3X8|136.413694182|896|0|1|1|136.413694182|8|-3772|-3112|-3776|-3104|2642|2643|1
W|3258|1|2|QROCK3X8|QROCK3X8|136.413694182|896|0|1|1|136.413694182|1208|-3772|-3112|-3776|-3104|2642|2643|1
W|3304|0|1|QROCK3X8|QROCK3X8|145.357966092|896|0|1|1|145.357966092|16|-3776|-3104|-3792|-3088|2641|-1|1
W|3284|0|1|QROCK3X8|QROCK3X8|167.98538309|896|0|1|1|167.98538309|16|-3792|-3088|-3776|-3040|2641|-1|1
W|3283|0|1|QROCK3X8|QROCK3X8|218.581825652|896|0|1|1|218.581825652|16|-3776|-3040|-3792|-3000|2641|-1|1
W|3301|0|1|QROCK3X8|QROCK3X8|261.663144109|896|0|1|1|261.663144109|16|-3792|-3000|-3768|-2944|2641|-1|1
W|3302|0|1|QROCK3X8|QROCK3X8|322.589328956|896|0|1|1|322.589328956|16|-3768|-2944|-3784|-2856|2641|-1|1
W|3278|0|1|QROCK3X8|QROCK3X8|412.032048056|896|0|1|1|412.032048056|16|-3784|-2856|-3776|-2768|2641|-1|1
W|3276|0|1|QROCK3X8|QROCK3X8|500.394936194|896|0|1|1|500.394936194|16|-3776|-2768|-3800|-2648|2641|-1|1
W|3279|0|1|QROCK3X8|QROCK3X8|622.77140452|896|0|1|1|622.77140452|16|-3800|-2648|-3776|-2512|2641|-1|1
W|3273|0|1|QROCK3X8|QROCK3X8|760.872816533|896|0|1|1|760.872816533|16|-3776|-2512|-3808|-2352|2641|-1|1
W|3270|0|1|QROCK3X8|QROCK3X8|924.041440968|896|0|1|1|924.041440968|16|-3808|-2352|-3792|-2144|2641|-1|1
W|3274|0|1|QROCK3X8|QROCK3X8|108.655917935|896|0|1|1|108.655917935|16|-3792|-2144|-3680|-2144|2641|-1|1
W|3268|0|1|QROCK3X8|QROCK3X8|220.655917935|896|0|1|1|220.655917935|16|-3680|-2144|-3672|-2336|2641|-1|1
W|3271|0|1|QROCK3X8|QROCK3X8|412.822512326|896|0|1|1|412.822512326|16|-3672|-2336|-3664|-2504|2641|-1|1
W|3290|0|1|QROCK3X8|QROCK3X8|581.012880659|896|0|1|1|581.012880659|16|-3664|-2504|-3688|-2672|2641|-1|1
W|3267|0|1|QROCK3X8|QROCK3X8|750.718508144|896|0|1|1|750.718508144|16|-3688|-2672|-3672|-2776|2641|-1|1
W|3266|0|1|QROCK3X8|QROCK3X8|855.942079648|896|0|1|1|855.942079648|16|-3672|-2776|-3680|-2872|2641|-1|1
W|3265|0|1|QROCK3X8|QROCK3X8|952.274836278|896|0|1|1|952.274836278|16|-3680|-2872|-3672|-2952|2641|-1|1
W|3264|0|1|QROCK3X8|QROCK3X8|8.673841247|896|0|1|1|8.673841247|16|-3672|-2952|-3712|-3016|2641|-1|1
W|3263|0|1|QROCK3X8|QROCK3X8|84.145690303|896|0|1|1|84.145690303|16|-3712|-3016|-3704|-3072|2641|-1|1
W|3262|0|1|QROCK3X8|QROCK3X8|140.714232798|896|0|1|1|140.714232798|16|-3704|-3072|-3712|-3104|2641|-1|1
W|3256|0|0|QROCK3X8|QROCK3X8|173.699077803|896|0|1|1|173.699077803|8|-3712|-3104|-3716|-3112|2642|2644|1
W|3256|0|2|QROCK3X8|QROCK3X8|173.699077803|896|0|1|1|173.699077803|1208|-3712|-3104|-3716|-3112|2642|2644|1
W|3248|1|0|QROCK3X8|QROCK3X8|182.643349713|896|0|1|1|182.643349713|8|-3716|-3112|-3708|-3128|2635|2645|1
W|3248|1|2|QROCK3X8|QROCK3X8|182.643349713|896|0|1|1|182.643349713|1208|-3716|-3112|-3708|-3128|2635|2645|1
W|3249|1|0|QROCK3X8|QROCK3X8|200.531893533|896|0|1|1|200.531893533|8|-3708|-3128|-3708|-3160|2635|2645|1
W|3249|1|2|QROCK3X8|QROCK3X8|200.531893533|896|0|1|1|200.531893533|1208|-3708|-3128|-3708|-3160|2635|2645|1
W|3250|1|0|QROCK3X8|QROCK3X8|232.531893533|896|0|1|1|232.531893533|8|-3708|-3160|-3724|-3216|2635|2645|1
W|3250|1|2|QROCK3X8|QROCK3X8|232.531893533|896|0|1|1|232.531893533|1208|-3708|-3160|-3724|-3216|2635|2645|1
W|3251|1|0|QROCK3X8|QROCK3X8|290.772772647|896|0|1|1|290.772772647|8|-3724|-3216|-3744|-3236|2635|2645|1
W|3251|1|2|QROCK3X8|QROCK3X8|290.772772647|896|0|1|1|290.772772647|1208|-3724|-3216|-3744|-3236|2635|2645|1
W|7906|0|0|QROCK3|QROCK3X8|0|-128|0|1|1|0|0|1776|-3288|1796|-3292|1322|1325|1
W|7990|0|0|QROCK3|QROCK3X8|20.396078054|-128|0|1|1|-108|0|1796|-3292|1840|-3288|1322|1325|1
W|7991|0|0|QROCK3|QROCK3X8|64.577522123|-128|0|1|1|-64|0|1840|-3288|1876|-3296|1322|1325|1
W|7205|0|0|QROCK3|QROCK3X8|101.455699952|-128|0|1|1|-27|0|1876|-3296|1928|-3288|1322|1325|1
W|7204|0|0|QROCK3|QROCK3X8|154.067485704|-128|0|1|1|-102|0|1928|-3288|1924|-3324|1322|1325|1
W|7206|0|0|QROCK3|QROCK3X8|190.289026257|-128|0|1|1|-66|0|1924|-3324|1928|-3364|1322|1325|1
W|7207|0|0|QROCK3|QROCK3X8|230.488528741|-128|0|1|1|-26|0|1928|-3364|1888|-3368|1322|1325|1
W|7203|0|0|QROCK3|QROCK3X8|270.688031226|-128|0|1|1|-114|0|1888|-3368|1848|-3360|1322|1325|1
W|7860|0|0|QROCK3|QROCK3X8|311.480187334|-128|0|1|1|-73|0|1848|-3360|1796|-3368|1322|1325|1
W|7202|0|0|QROCK3|QROCK3X8|364.091973086|-128|0|1|1|-20|0|1796|-3368|1776|-3368|1322|1325|1
W|7533|0|0|QROCK3|QROCK3X8|384.091973086|-128|0|1|1|0|0|1776|-3368|1784|-3332|1322|1325|1
W|7880|0|0|QROCK3|QROCK3X8|420.970150915|-128|0|1|1|-45|0|1784|-3332|1776|-3288|1322|1325|1
W|10538|1|0|QROCK3|QROCK3X8|27|256|0|1|1|27|0|-4992|-3200|-4992|-3264|2674|2679|1
W|10479|1|0|QROCK3|QROCK3X8|91|256|0|1|1|91|0|-4992|-3264|-4928|-3328|2674|2680|1
W|10487|1|0|QROCK3|QROCK3X8|181.509667992|256|0|1|1|54|0|-4928|-3328|-4864|-3328|2674|2681|1
W|10543|1|0|QROCK3|QROCK3X8|245.509667992|256|0|1|1|118|0|-4864|-3328|-4800|-3264|2674|2673|1
W|10542|1|0|QROCK3|QROCK3X8|336.019335984|256|0|1|1|81|0|-4800|-3264|-4800|-3200|2674|2675|1
W|10541|1|0|QROCK3|QROCK3X8|400.019335984|256|0|1|1|-91|0|-4800|-3200|-4864|-3136|2674|2676|1
W|10540|1|0|QROCK3|QROCK3X8|490.529003976|256|0|1|1|0|0|-4864|-3136|-4928|-3136|2674|2677|1
W|10539|1|0|QROCK3|QROCK3X8|554.529003976|256|0|1|1|64|0|-4928|-3136|-4992|-3200|2674|2678|1
W|15202|0|0|QROCK3|QROCK3X8|80|0|0|1|1|-48|0|-4400|-3440|-4400|-3392|2558|2548|1
W|15203|0|0|QROCK3|QROCK3X8|128|0|0|1|1|0|0|-4400|-3392|-4416|-3376|2558|2548|1
W|15204|0|0|QROCK3|QROCK3X8|150.627416998|0|0|1|1|-69|0|-4416|-3376|-4464|-3376|2558|2548|1
W|15191|0|0|QROCK3|QROCK3X8|198.627416998|0|0|1|1|-21|0|-4464|-3376|-4464|-3280|2558|2548|1
W|15192|0|0|QROCK3|QROCK3X8|294.627416998|0|0|1|1|-53|0|-4464|-3280|-4416|-3280|2558|2548|1
W|15193|0|0|QROCK3|QROCK3X8|342.627416998|0|0|1|1|-5|0|-4416|-3280|-4400|-3264|2558|2548|1
W|15194|0|0|QROCK3|QROCK3X8|365.254833996|0|0|1|1|-110|0|-4400|-3264|-4400|-3248|2558|2548|1
W|15195|0|0|QROCK3|QROCK3X8|381.254833996|0|0|1|1|-94|0|-4400|-3248|-4304|-3248|2558|2548|1
W|15196|0|0|QROCK3|QROCK3X8|477.254833996|0|0|1|1|-126|0|-4304|-3248|-4304|-3264|2558|2548|1
W|15197|0|0|QROCK3|QROCK3X8|493.254833996|0|0|1|1|-110|0|-4304|-3264|-4288|-3280|2558|2548|1
W|15198|0|0|QROCK3|QROCK3X8|515.882250994|0|0|1|1|-87|0|-4288|-3280|-4272|-3280|2558|2548|1
W|15205|0|0|QROCK3|QROCK3X8|531.882250994|0|0|1|1|-71|0|-4272|-3280|-4272|-3376|2558|2548|1
W|15206|0|0|QROCK3|QROCK3X8|627.882250994|0|0|1|1|-103|0|-4272|-3376|-4288|-3376|2558|2548|1
W|15199|0|0|QROCK3|QROCK3X8|643.882250994|0|0|1|1|-87|0|-4288|-3376|-4304|-3392|2558|2548|1
W|15200|0|0|QROCK3|QROCK3X8|666.509667992|0|0|1|1|-64|0|-4304|-3392|-4304|-3440|2558|2548|1
W|15201|0|0|QROCK3|QROCK3X8|714.509667992|0|0|1|1|-16|0|-4304|-3440|-4400|-3440|2558|2548|1
W|1111|0|2|SNOW3|XA16TEX|0|0|0|1|1|0|0|-1612|-2956|-1608|-2944|243|242|1
W|1111|1|2|SNOW3|XA16TEX|0|-384|0|1|1|0|0|-1608|-2944|-1612|-2956|242|243|1
W|1122|0|2|SNOW3|XA16TEX|0|0|0|1|1|0|0|-1628|-2956|-1620|-2992|221|238|1
W|1136|0|2|SNOW3|XA16TEX|0|0|0|1|1|0|0|-1632|-3468|-1644|-3424|221|222|1
W|1139|0|2|SNOW3|XA16TEX|45.607017004|0|0|1|1|0|0|-1644|-3424|-1652|-3416|221|222|1
W|1143|0|2|SNOW3|XA16TEX|0|-384|0|1|1|0|0|-1632|-3468|-1640|-3464|222|208|1
W|1143|1|2|SNOW3|XA16TEX|0|0|0|1|1|0|0|-1640|-3464|-1632|-3468|208|222|1
W|1144|0|2|SNOW3|XA16TEX|0|0|0|1|1|0|0|-1684|-3500|-1672|-3560|221|234|1
W|1147|0|2|SNOW3|XA16TEX|0|0|0|1|1|0|0|-1592|-3528|-1628|-3476|221|226|1
W|1148|0|2|SNOW3|XA16TEX|0|0|0|1|1|0|0|-1636|-3576|-1640|-3560|225|224|1
W|1148|1|2|SNOW3|XA16TEX|0|-384|0|1|1|0|0|-1640|-3560|-1636|-3576|224|225|1
W|1149|0|2|SNOW3|XA16TEX|0|-384|0|1|1|0|0|-1672|-3560|-1664|-3552|224|234|1
W|1149|1|2|SNOW3|XA16TEX|0|0|0|1|1|0|0|-1664|-3552|-1672|-3560|234|224|1
W|1150|0|2|SNOW3|XA16TEX|0|0|0|1|1|0|0|-1672|-3560|-1636|-3576|221|224|1
W|1151|0|2|SNOW3|XA16TEX|0|0|0|1|1|0|0|-1636|-3576|-1592|-3528|221|225|1
W|1152|0|2|SNOW3|XA16TEX|0|-384|0|1|1|0|0|-1632|-3488|-1628|-3476|226|233|1
W|1152|1|2|SNOW3|XA16TEX|0|0|0|1|1|0|0|-1628|-3476|-1632|-3488|233|226|1
W|1153|0|2|SNOW3|XA16TEX|0|0|0|1|1|0|0|-1592|-3528|-1608|-3528|226|225|1
W|1153|1|2|SNOW3|XA16TEX|0|-384|0|1|1|0|0|-1608|-3528|-1592|-3528|225|226|1
W|1154|0|2|SNOW3|XA16TEX|0|0|0|1|1|0|0|-1664|-3484|-1632|-3468|221|208|1
W|1156|0|2|SNOW3|XA16TEX|0|-384|0|1|1|0|0|-1636|-2900|-1612|-2956|221|242|1
W|1189|0|2|SNOW3|XA16TEX|60.926184847|-384|0|1|1|0|0|-1612|-2956|-1552|-2944|221|243|1
W|1307|0|2|SNOW3|XA16TEX|122.11441901|-384|0|1|1|0|0|-1552|-2944|-1536|-2908|221|244|1
W|1157|0|2|SNOW3|XA16TEX|0|0|0|1|1|0|0|-1584|-2964|-1592|-2968|241|240|1
W|1157|1|2|SNOW3|XA16TEX|0|-384|0|1|1|0|0|-1592|-2968|-1584|-2964|240|241|1
W|1158|0|2|SNOW3|XA16TEX|0|0|0|1|1|0|0|-1584|-2964|-1628|-2956|221|241|1
W|1159|0|2|SNOW3|XA16TEX|0|0|0|1|1|0|0|-1624|-2960|-1628|-2956|241|238|1
W|1159|1|2|SNOW3|XA16TEX|0|-384|0|1|1|0|0|-1628|-2956|-1624|-2960|238|241|1
W|1160|0|2|SNOW3|XA16TEX|0|0|0|1|1|0|0|-1620|-2992|-1596|-2992|221|239|1
W|1161|0|2|SNOW3|XA16TEX|0|0|0|1|1|0|0|-1596|-2992|-1600|-2984|240|239|1
W|1161|1|2|SNOW3|XA16TEX|0|-384|0|1|1|0|0|-1600|-2984|-1596|-2992|239|240|1
W|1162|0|2|SNOW3|XA16TEX|0|0|0|1|1|0|0|-1620|-2992|-1616|-2984|239|238|1
W|1162|1|2|SNOW3|XA16TEX|0|-384|0|1|1|0|0|-1616|-2984|-1620|-2992|238|239|1
W|1163|0|2|SNOW3|XA16TEX|0|-384|0|1|1|0|0|-1596|-2992|-1584|-2964|221|240|1
W|1168|0|2|SNOW3|XA16TEX|0|0|0|1|1|0|0|-1700|-3472|-1664|-3484|221|207|1
W|1169|0|2|SNOW3|XA16TEX|0|0|0|1|1|0|0|-1664|-3484|-1664|-3472|208|207|1
W|1169|1|2|SNOW3|XA16TEX|0|-384|0|1|1|0|0|-1664|-3472|-1664|-3484|207|208|1
W|1170|0|2|SNOW3|XA16TEX|0|0|0|1|1|0|0|-1700|-3424|-1700|-3472|221|206|1
W|1171|0|2|SNOW3|XA16TEX|0|-384|0|1|1|0|0|-1700|-3472|-1688|-3464|207|206|1
W|1171|1|2|SNOW3|XA16TEX|0|0|0|1|1|0|0|-1688|-3464|-1700|-3472|206|207|1
W|1172|0|2|SNOW3|XA16TEX|0|0|0|1|1|0|0|-1700|-3424|-1688|-3432|206|204|1
W|1172|1|2|SNOW3|XA16TEX|0|-384|0|1|1|0|0|-1688|-3432|-1700|-3424|204|206|1
W|1173|0|2|SNOW3|XA16TEX|0|0|0|1|1|0|0|-1652|-3416|-1700|-3424|221|204|1
W|1174|0|2|SNOW3|XA16TEX|0|0|0|1|1|0|0|-1656|-3424|-1652|-3416|222|204|1
W|1174|1|2|SNOW3|XA16TEX|0|-384|0|1|1|0|0|-1652|-3416|-1656|-3424|204|222|1
W|1202|0|2|SNOW3|XA16TEX|0|0|0|1|1|0|0|-1536|-2908|-1584|-2864|221|245|1
W|1208|0|2|SNOW3|XA16TEX|0|-384|0|1|1|0|0|-1624|-2904|-1636|-2900|246|242|1
W|1208|1|2|SNOW3|XA16TEX|0|0|0|1|1|0|0|-1636|-2900|-1624|-2904|242|246|1
W|1217|0|2|SNOW3|XA16TEX|0|-384|0|1|1|0|0|-1644|-2904|-1688|-2916|221|247|1
W|1245|0|2|SNOW3|XA16TEX|45.607017004|-384|0|1|1|0|0|-1688|-2916|-1696|-2924|221|247|1
W|1218|0|2|SNOW3|XA16TEX|0|0|0|1|1|0|0|-1584|-2864|-1636|-2900|221|246|1
W|1230|0|2|SNOW3|XA16TEX|0|0|0|1|1|0|0|-1688|-2972|-1680|-2960|250|251|1
W|1230|1|2|SNOW3|XA16TEX|0|-384|0|1|1|0|0|-1680|-2960|-1688|-2972|251|250|1
W|1232|0|2|SNOW3|XA16TEX|0|-384|0|1|1|0|0|-1644|-2904|-1648|-2912|247|248|1
W|1232|1|2|SNOW3|XA16TEX|0|0|0|1|1|0|0|-1648|-2912|-1644|-2904|248|247|1
W|1244|0|2|SNOW3|XA16TEX|0|0|0|1|1|0|0|-1688|-2972|-1640|-2972|221|250|1
W|1248|0|2|SNOW3|XA16TEX|0|-384|0|1|1|0|0|-1640|-2972|-1648|-2960|249|250|1
W|1248|1|2|SNOW3|XA16TEX|0|0|0|1|1|0|0|-1648|-2960|-1640|-2972|250|249|1
W|1265|0|2|SNOW3|XA16TEX|0|-384|0|1|1|0|0|-1720|-3516|-1692|-3528|221|229|1
W|1270|0|2|SNOW3|XA16TEX|0|0|0|1|1|0|0|-1688|-3488|-1684|-3484|230|231|1
W|1270|1|2|SNOW3|XA16TEX|0|-384|0|1|1|0|0|-1684|-3484|-1688|-3488|231|230|1
W|1271|0|2|SNOW3|XA16TEX|0|0|0|1|1|0|0|-1720|-3492|-1720|-3516|221|228|1
W|1272|0|2|SNOW3|XA16TEX|0|0|0|1|1|0|0|-1720|-3516|-1712|-3512|229|228|1
W|1272|1|2|SNOW3|XA16TEX|0|-384|0|1|1|0|0|-1712|-3512|-1720|-3516|228|229|1
W|1273|0|2|SNOW3|XA16TEX|0|-384|0|1|1|0|0|-1720|-3492|-1712|-3496|228|231|1
W|1273|1|2|SNOW3|XA16TEX|0|0|0|1|1|0|0|-1712|-3496|-1720|-3492|231|228|1
W|1274|0|2|SNOW3|XA16TEX|0|-384|0|1|1|0|0|-1684|-3484|-1720|-3492|221|231|1
W|1275|0|2|SNOW3|XA16TEX|0|-384|0|1|1|0|0|-1628|-3476|-1684|-3500|221|233|1
W|1276|0|2|SNOW3|XA16TEX|0|0|0|1|1|0|0|-1692|-3528|-1696|-3520|230|229|1
W|1276|1|2|SNOW3|XA16TEX|0|-384|0|1|1|0|0|-1696|-3520|-1692|-3528|229|230|1
W|1277|0|2|SNOW3|XA16TEX|0|0|0|1|1|0|0|-1692|-3528|-1684|-3484|221|230|1
W|1281|0|2|SNOW3|XA16TEX|0|0|0|1|1|0|0|-1684|-3500|-1672|-3504|234|233|1
W|1281|1|2|SNOW3|XA16TEX|0|-384|0|1|1|0|0|-1672|-3504|-1684|-3500|233|234|1
W|1300|0|2|SNOW3|XA16TEX|0|-384|0|1|1|0|0|-1536|-2908|-1552|-2912|245|244|1
W|1300|1|2|SNOW3|XA16TEX|0|0|0|1|1|0|0|-1552|-2912|-1536|-2908|244|245|1
W|1306|0|2|SNOW3|XA16TEX|0|0|0|1|1|0|0|-1640|-2972|-1628|-2936|221|249|1
W|1308|0|2|SNOW3|XA16TEX|0|-384|0|1|1|0|0|-1552|-2944|-1560|-2936|244|243|1
W|1308|1|2|SNOW3|XA16TEX|0|0|0|1|1|0|0|-1560|-2936|-1552|-2944|243|244|1
W|1309|0|2|SNOW3|XA16TEX|0|0|0|1|1|0|0|-1584|-2864|-1584|-2880|246|245|1
W|1309|1|2|SNOW3|XA16TEX|0|-384|0|1|1|0|0|-1584|-2880|-1584|-2864|245|246|1
W|1310|0|2|SNOW3|XA16TEX|0|0|0|1|1|0|0|-1628|-2936|-1640|-2936|248|249|1
W|1310|1|2|SNOW3|XA16TEX|0|-384|0|1|1|0|0|-1640|-2936|-1628|-2936|249|248|1
W|1311|0|2|SNOW3|XA16TEX|0|0|0|1|1|0|0|-1628|-2936|-1644|-2904|221|248|1
W|1312|0|2|SNOW3|XA16TEX|0|0|0|1|1|0|0|-1696|-2924|-1688|-2972|221|251|1
W|1315|0|2|SNOW3|XA16TEX|0|0|0|1|1|0|0|-1688|-2928|-1696|-2924|247|251|1
W|1315|1|2|SNOW3|XA16TEX|0|-384|0|1|1|0|0|-1696|-2924|-1688|-2928|251|247|1
W|11625|1|2|SNOW3|XA16TEX|20|0|0|1|1|-44|0|-2384|672|-2392|664|1957|15|1
W|11623|1|2|SNOW3|XA16TEX|31.313708499|0|0|1|1|-33|0|-2392|664|-2408|672|1957|15|1
W|11622|1|2|SNOW3|XA16TEX|49.202252319|0|0|1|1|-15|0|-2408|672|-2424|688|1957|15|1
W|11621|1|2|SNOW3|XA16TEX|71.829669317|0|0|1|1|-56|0|-2424|688|-2424|700|1957|15|1
W|11620|1|2|SNOW3|XA16TEX|83.829669317|0|0|1|1|-44|0|-2424|700|-2436|708|1957|15|1
W|11619|1|2|SNOW3|XA16TEX|98.251874419|0|0|1|1|-30|0|-2436|708|-2428|720|1957|15|1
W|11618|1|2|SNOW3|XA16TEX|112.674079521|0|0|1|1|-16|0|-2428|720|-2412|724|1957|15|1
W|11617|1|2|SNOW3|XA16TEX|129.166502023|0|0|1|1|0|0|-2412|724|-2400|740|1957|15|1
W|11616|1|2|SNOW3|XA16TEX|149.166502023|0|0|1|1|20|0|-2400|740|-2384|744|1957|15|1
W|11634|1|2|SNOW3|XA16TEX|12|0|0|1|1|12|0|-2244|640|-2256|648|1958|52|1
W|11633|1|2|SNOW3|XA16TEX|26.422205102|0|0|1|1|26|0|-2256|648|-2280|652|1958|52|1
W|11632|1|2|SNOW3|XA16TEX|50.753255223|0|0|1|1|50|0|-2280|652|-2292|660|1958|52|1
W|11631|1|2|SNOW3|XA16TEX|65.175460325|0|0|1|1|0|0|-2292|660|-2296|668|1958|52|1
W|11630|1|2|SNOW3|XA16TEX|74.119732235|0|0|1|1|9|0|-2296|668|-2312|668|1958|52|1
W|11629|1|2|SNOW3|XA16TEX|90.119732235|0|0|1|1|25|0|-2312|668|-2320|672|1958|52|1
W|11628|1|2|SNOW3|XA16TEX|99.064004145|0|0|1|1|34|0|-2320|672|-2324|680|1958|52|1
W|11627|1|2|SNOW3|XA16TEX|108.008276055|0|0|1|1|43|0|-2324|680|-2336|680|1958|52|1
W|11649|1|2|SNOW3|XA16TEX|61|0|0|1|1|-3|0|-2336|752|-2332|744|1958|52|1
W|11647|1|2|SNOW3|XA16TEX|69.94427191|0|0|1|1|-58|0|-2332|744|-2316|732|1958|52|1
W|11646|1|2|SNOW3|XA16TEX|89.94427191|0|0|1|1|-38|0|-2316|732|-2300|736|1958|52|1
W|11645|1|2|SNOW3|XA16TEX|106.436694412|0|0|1|1|-22|0|-2300|736|-2280|728|1958|52|1
W|11644|1|2|SNOW3|XA16TEX|127.977353641|0|0|1|1|0|0|-2280|728|-2276|716|1958|52|1
W|11643|1|2|SNOW3|XA16TEX|140.626464282|0|0|1|1|13|0|-2276|716|-2284|704|1958|52|1
W|11642|1|2|SNOW3|XA16TEX|155.048669384|0|0|1|1|27|0|-2284|704|-2276|700|1958|52|1
W|11641|1|2|SNOW3|XA16TEX|163.992941294|0|0|1|1|36|0|-2276|700|-2272|692|1958|52|1
W|11640|1|2|SNOW3|XA16TEX|172.937213204|0|0|1|1|45|0|-2272|692|-2288|688|1958|52|1
W|11639|1|2|SNOW3|XA16TEX|189.429635706|0|0|1|1|61|0|-2288|688|-2296|680|1958|52|1
W|11638|1|2|SNOW3|XA16TEX|200.743344205|0|0|1|1|8|0|-2296|680|-2284|668|1958|52|1
W|11637|1|2|SNOW3|XA16TEX|217.713906953|0|0|1|1|25|0|-2284|668|-2272|656|1958|52|1
W|11636|1|2|SNOW3|XA16TEX|234.684469702|0|0|1|1|42|0|-2272|656|-2252|652|1958|52|1
W|11635|1|2|SNOW3|XA16TEX|255.080547756|0|0|1|1|62|0|-2252|652|-2244|640|1958|52|1
W|13448|1|0|SNOW3|XA16TEX|50|128|0|1|1|-14|0|-3136|448|-3140|476|63|2277|1
W|13448|1|2|SNOW3|XA16TEX|50|128|0|1|1|-14|0|-3136|448|-3140|476|63|2277|1
W|13447|1|0|SNOW3|XA16TEX|78.284271247|128|0|1|1|-50|0|-3140|476|-3176|496|63|2277|1
W|13447|1|2|SNOW3|XA16TEX|78.284271247|128|0|1|1|-50|0|-3140|476|-3176|496|63|2277|1
W|13446|1|0|SNOW3|XA16TEX|119.466791811|128|0|1|1|-9|0|-3176|496|-3208|492|63|2277|1
W|13446|1|2|SNOW3|XA16TEX|119.466791811|128|0|1|1|-9|0|-3176|496|-3208|492|63|2277|1
W|13445|1|0|SNOW3|XA16TEX|151.715822805|128|0|1|1|-41|0|-3208|492|-3228|468|63|2277|1
W|13445|1|2|SNOW3|XA16TEX|151.715822805|128|0|1|1|-41|0|-3208|492|-3228|468|63|2277|1
W|17821|1|2|SNOW3|XA16TEX|0|-640|0|1|1|0|0|2656|-6976|2656|-6880|3205|798|1
W|17819|1|2|SNOW3|XA16TEX|96|-640|0|1|1|0|0|2656|-6880|2560|-6784|3205|798|1
W|17818|1|2|SNOW3|XA16TEX|231.764501988|-640|0|1|1|0|0|2560|-6784|2400|-6784|3205|798|1
W|17817|1|2|SNOW3|XA16TEX|391.764501988|-640|0|1|1|0|0|2400|-6784|2176|-6848|3205|798|1
W|17816|1|2|SNOW3|XA16TEX|112.728018445|-640|0|1|1|0|0|2176|-6848|2144|-6784|3205|798|1
W|17815|1|2|SNOW3|XA16TEX|184.282193725|-640|0|1|1|0|0|2144|-6784|1984|-6752|3205|798|1
W|17814|1|2|SNOW3|XA16TEX|347.45081816|-640|0|1|1|0|0|1984|-6752|1856|-6784|3205|798|1
W|17813|1|2|SNOW3|XA16TEX|479.39019818|-640|0|1|1|0|0|1856|-6784|1632|-6848|3205|798|1
W|17812|1|2|SNOW3|XA16TEX|200.353714636|-640|0|1|1|0|0|1632|-6848|1472|-6752|3205|798|1
W|17811|1|2|SNOW3|XA16TEX|386.944175272|-640|0|1|1|0|0|1472|-6752|1344|-6752|3205|798|1
W|17810|1|2|SNOW3|XA16TEX|2.944175272|-640|0|1|1|0|0|1344|-6752|1248|-6816|3205|798|1
W|17809|1|2|SNOW3|XA16TEX|118.321816086|-640|0|1|1|0|0|1248|-6816|1056|-6816|3205|798|1
W|17808|1|2|SNOW3|XA16TEX|310.321816086|-640|0|1|1|0|0|1056|-6816|960|-6720|3205|798|1
W|17807|1|2|SNOW3|XA16TEX|446.086318074|-640|0|1|1|0|0|960|-6720|928|-6656|3205|798|1
W|17806|1|2|SNOW3|XA16TEX|5.640493354|-640|0|1|1|0|0|928|-6656|800|-6656|3205|798|1
W|17823|1|2|SNOW3|XA16TEX|133.640493354|-640|0|1|1|0|0|800|-6656|672|-6592|3205|798|1
W|17840|1|2|SNOW3|XA16TEX|276.748843914|-640|0|1|1|0|0|672|-6592|736|-6496|3205|798|1
W|17839|1|2|SNOW3|XA16TEX|392.126484729|-640|0|1|1|0|0|736|-6496|896|-6528|3205|798|1
W|17838|1|2|SNOW3|XA16TEX|43.295109164|-640|0|1|1|0|0|896|-6528|1024|-6464|3205|798|1
W|17837|1|2|SNOW3|XA16TEX|186.403459724|-640|0|1|1|0|0|1024|-6464|1152|-6496|3205|798|1
W|17836|1|2|SNOW3|XA16TEX|318.342839744|-640|0|1|1|0|0|1152|-6496|1312|-6592|3205|798|1
W|17835|1|2|SNOW3|XA16TEX|504.933300379|-640|0|1|1|0|0|1312|-6592|1408|-6560|3205|798|1
W|17834|1|2|SNOW3|XA16TEX|94.126185504|-640|0|1|1|0|0|1408|-6560|1536|-6656|3205|798|1
W|17833|1|2|SNOW3|XA16TEX|254.126185504|-640|0|1|1|0|0|1536|-6656|1792|-6656|3205|798|1
W|17832|1|2|SNOW3|XA16TEX|510.126185504|-640|0|1|1|0|0|1792|-6656|1984|-6560|3205|798|1
W|17831|1|2|SNOW3|XA16TEX|212.788711344|-640|0|1|1|0|0|1984|-6560|2080|-6560|3205|798|1
W|17830|1|2|SNOW3|XA16TEX|308.788711344|-640|0|1|1|0|0|2080|-6560|2304|-6624|3205|798|1
W|17829|1|2|SNOW3|XA16TEX|29.752227801|-640|0|1|1|0|0|2304|-6624|2528|-6624|3205|798|1
W|17828|1|2|SNOW3|XA16TEX|253.752227801|-640|0|1|1|0|0|2528|-6624|2688|-6560|3205|798|1
W|17827|1|2|SNOW3|XA16TEX|426.077501629|-640|0|1|1|0|0|2688|-6560|2880|-6592|3205|798|1
W|17826|1|2|SNOW3|XA16TEX|108.725902599|-640|0|1|1|0|0|2880|-6592|2912|-6816|3205|798|1
W|17825|1|2|SNOW3|XA16TEX|335.000072579|-640|0|1|1|0|0|2912|-6816|2880|-6880|3205|798|1
W|17824|1|2|SNOW3|XA16TEX|406.554247859|-640|0|1|1|0|0|2880|-6880|2912|-6976|3205|798|1
W|17822|0|2|SNOW3|XA16TEX|0|-640|0|1|1|0|0|2912|-6976|2656|-6976|3205|1813|1
W|17822|1|2|SNOW3|XA16TEX|0|-256|0|1|1|0|0|2656|-6976|2912|-6976|1813|3205|1
W|17824|0|2|SNOW3|XA16TEX|0|-256|0|1|1|0|0|2912|-6976|2880|-6880|798|3205|1
W|17825|0|2|SNOW3|XA16TEX|101.192885125|-256|0|1|1|0|0|2880|-6880|2912|-6816|798|3205|1
W|17826|0|2|SNOW3|XA16TEX|172.747060405|-256|0|1|1|0|0|2912|-6816|2880|-6592|798|3205|1
W|17827|0|2|SNOW3|XA16TEX|399.021230385|-256|0|1|1|0|0|2880|-6592|2688|-6560|798|3205|1
W|17828|0|2|SNOW3|XA16TEX|81.669631355|-256|0|1|1|0|0|2688|-6560|2528|-6624|798|3205|1
W|17829|0|2|SNOW3|XA16TEX|253.994905183|-256|0|1|1|0|0|2528|-6624|2304|-6624|798|3205|1
W|17830|0|2|SNOW3|XA16TEX|477.994905183|-256|0|1|1|0|0|2304|-6624|2080|-6560|798|3205|1
W|17831|0|2|SNOW3|XA16TEX|198.95842164|-256|0|1|1|0|0|2080|-6560|1984|-6560|798|3205|1
W|17832|0|2|SNOW3|XA16TEX|294.95842164|-256|0|1|1|0|0|1984|-6560|1792|-6656|798|3205|1
W|17833|0|2|SNOW3|XA16TEX|509.62094748|-256|0|1|1|0|0|1792|-6656|1536|-6656|798|3205|1
W|17834|0|2|SNOW3|XA16TEX|253.62094748|-256|0|1|1|0|0|1536|-6656|1408|-6560|798|3205|1
W|17835|0|2|SNOW3|XA16TEX|413.62094748|-256|0|1|1|0|0|1408|-6560|1312|-6592|798|3205|1
W|17836|0|2|SNOW3|XA16TEX|2.813832605|-256|0|1|1|0|0|1312|-6592|1152|-6496|798|3205|1
W|17837|0|2|SNOW3|XA16TEX|189.40429324|-256|0|1|1|0|0|1152|-6496|1024|-6464|798|3205|1
W|17838|0|2|SNOW3|XA16TEX|321.34367326|-256|0|1|1|0|0|1024|-6464|896|-6528|798|3205|1
W|17839|0|2|SNOW3|XA16TEX|464.45202382|-256|0|1|1|0|0|896|-6528|736|-6496|798|3205|1
W|17840|0|2|SNOW3|XA16TEX|115.620648255|-256|0|1|1|0|0|736|-6496|672|-6592|798|3205|1
W|17823|0|2|SNOW3|XA16TEX|230.99828907|-256|0|1|1|0|0|672|-6592|800|-6656|798|3205|1
W|17806|0|2|SNOW3|XA16TEX|374.10663963|-256|0|1|1|0|0|800|-6656|928|-6656|798|3205|1
W|17807|0|2|SNOW3|XA16TEX|502.10663963|-256|0|1|1|0|0|928|-6656|960|-6720|798|3205|1
W|17808|0|2|SNOW3|XA16TEX|61.66081491|-256|0|1|1|0|0|960|-6720|1056|-6816|798|3205|1
W|17809|0|2|SNOW3|XA16TEX|197.425316898|-256|0|1|1|0|0|1056|-6816|1248|-6816|798|3205|1
W|17810|0|2|SNOW3|XA16TEX|389.425316898|-256|0|1|1|0|0|1248|-6816|1344|-6752|798|3205|1
W|17811|0|2|SNOW3|XA16TEX|504.802957713|-256|0|1|1|0|0|1344|-6752|1472|-6752|798|3205|1
W|17812|0|2|SNOW3|XA16TEX|120.802957713|-256|0|1|1|0|0|1472|-6752|1632|-6848|798|3205|1
W|17813|0|2|SNOW3|XA16TEX|307.393418348|-256|0|1|1|0|0|1632|-6848|1856|-6784|798|3205|1
W|17814|0|2|SNOW3|XA16TEX|28.356934805|-256|0|1|1|0|0|1856|-6784|1984|-6752|798|3205|1
W|17815|0|2|SNOW3|XA16TEX|160.296314824|-256|0|1|1|0|0|1984|-6752|2144|-6784|798|3205|1
W|17816|0|2|SNOW3|XA16TEX|323.464939259|-256|0|1|1|0|0|2144|-6784|2176|-6848|798|3205|1
W|17817|0|2|SNOW3|XA16TEX|395.019114539|-256|0|1|1|0|0|2176|-6848|2400|-6784|798|3205|1
W|17818|0|2|SNOW3|XA16TEX|115.982630996|-256|0|1|1|0|0|2400|-6784|2560|-6784|798|3205|1
W|17819|0|2|SNOW3|XA16TEX|275.982630996|-256|0|1|1|0|0|2560|-6784|2656|-6880|798|3205|1
W|17821|0|2|SNOW3|XA16TEX|411.747132984|-256|0|1|1|0|0|2656|-6880|2656|-6976|798|3205|1
W|17841|0|2|SNOW3|XA16TEX|0|-256|0|1|1|0|0|2656|-6976|2752|-7104|3208|1813|1
W|17842|0|2|SNOW3|XA16TEX|160|-256|0|1|1|0|0|2752|-7104|2720|-7264|3208|1813|1
W|17844|0|2|SNOW3|XA16TEX|323.168624435|-256|0|1|1|0|0|2720|-7264|2736|-7424|3208|1813|1
W|17841|1|2|SNOW3|XA16TEX|0|-640|0|1|1|0|0|2752|-7104|2656|-6976|1813|3208|1
W|17842|1|2|SNOW3|XA16TEX|0|-640|0|1|1|0|0|2720|-7264|2752|-7104|1813|3208|1
W|17844|1|2|SNOW3|XA16TEX|0|-640|0|1|1|0|0|2736|-7424|2720|-7264|1813|3208|1
W|17845|0|2|SNOW3|XA16TEX|0|-256|0|1|1|0|0|2960|-7424|2736|-7424|1813|1813|1
W|17845|1|2|SNOW3|XA16TEX|0|-256|0|1|1|0|0|2736|-7424|2960|-7424|1813|1813|1
W|17846|0|2|SNOW3|XA16TEX|0|-256|0|1|1|0|0|2960|-7424|2928|-7360|3207|1813|1
W|17847|0|2|SNOW3|XA16TEX|71.55417528|-256|0|1|1|0|0|2928|-7360|2928|-7296|3207|1813|1
W|17848|0|2|SNOW3|XA16TEX|135.55417528|-256|0|1|1|0|0|2928|-7296|2944|-7168|3207|1813|1
W|17849|0|2|SNOW3|XA16TEX|264.550299253|-256|0|1|1|0|0|2944|-7168|2880|-7040|3207|1813|1
W|17850|0|2|SNOW3|XA16TEX|407.658649813|-256|0|1|1|0|0|2880|-7040|2912|-6976|3207|1813|1
W|17846|1|2|SNOW3|XA16TEX|0|-640|0|1|1|0|0|2928|-7360|2960|-7424|1813|3207|1
W|17847|1|2|SNOW3|XA16TEX|0|-640|0|1|1|0|0|2928|-7296|2928|-7360|1813|3207|1
W|17848|1|2|SNOW3|XA16TEX|0|-640|0|1|1|0|0|2944|-7168|2928|-7296|1813|3207|1
W|17849|1|2|SNOW3|XA16TEX|0|-640|0|1|1|0|0|2880|-7040|2944|-7168|1813|3207|1
W|17850|1|2|SNOW3|XA16TEX|0|-640|0|1|1|0|0|2912|-6976|2880|-7040|1813|3207|1
W|17851|0|2|SNOW3|XA16TEX|0|-384|0|1|1|0|0|2736|-7424|2672|-7504|3208|1813|1
W|17852|0|2|SNOW3|XA16TEX|102.449987799|-384|0|1|1|0|0|2672|-7504|2704|-7568|3208|1813|1
W|17853|0|2|SNOW3|XA16TEX|174.004163079|-384|0|1|1|0|0|2704|-7568|2720|-7632|3208|1813|1
W|17854|0|2|SNOW3|XA16TEX|239.973853089|-384|0|1|1|0|0|2720|-7632|2672|-7728|3208|1813|1
W|17855|0|2|SNOW3|XA16TEX|347.305116009|-384|0|1|1|0|0|2672|-7728|2656|-7776|3208|1813|1
W|17857|0|2|SNOW3|XA16TEX|397.901558571|-384|0|1|1|0|0|2656|-7776|2688|-7904|3208|1813|1
W|17851|1|2|SNOW3|XA16TEX|0|-640|0|1|1|0|0|2672|-7504|2736|-7424|1813|3208|1
W|17852|1|2|SNOW3|XA16TEX|0|-640|0|1|1|0|0|2704|-7568|2672|-7504|1813|3208|1
W|17853|1|2|SNOW3|XA16TEX|0|-640|0|1|1|0|0|2720|-7632|2704|-7568|1813|3208|1
W|17854|1|2|SNOW3|XA16TEX|0|-640|0|1|1|0|0|2672|-7728|2720|-7632|1813|3208|1
W|17855|1|2|SNOW3|XA16TEX|0|-640|0|1|1|0|0|2656|-7776|2672|-7728|1813|3208|1
W|17856|1|2|SNOW3|XA16TEX|0|-384|0|1|1|0|0|2944|-7904|2688|-7904|1813|1812|1
W|17857|1|2|SNOW3|XA16TEX|0|-768|0|1|1|0|0|2688|-7904|2656|-7776|1813|3208|1
W|17858|0|2|SNOW3|XA16TEX|0|-640|0|1|1|0|0|2960|-7424|3008|-7552|1813|3207|1
W|17859|0|2|SNOW3|XA16TEX|0|-640|0|1|1|0|0|3008|-7552|2912|-7664|1813|3207|1
W|17860|0|2|SNOW3|XA16TEX|0|-640|0|1|1|0|0|2912|-7664|2912|-7776|1813|3207|1
W|17862|0|2|SNOW3|XA16TEX|0|-768|0|1|1|0|0|2912|-7776|2944|-7904|1813|3207|1
W|17862|1|2|SNOW3|XA16TEX|0|-384|0|1|1|0|0|2944|-7904|2912|-7776|3207|1813|1
W|17860|1|2|SNOW3|XA16TEX|131.93938002|-384|0|1|1|0|0|2912|-7776|2912|-7664|3207|1813|1
W|17859|1|2|SNOW3|XA16TEX|243.93938002|-384|0|1|1|0|0|2912|-7664|3008|-7552|3207|1813|1
W|17858|1|2|SNOW3|XA16TEX|391.452091336|-384|0|1|1|0|0|3008|-7552|2960|-7424|3207|1813|1
W|17863|0|2|SNOW3|XA16TEX|0|-384|0|1|1|0|0|2688|-7904|2640|-7984|3206|1812|1
W|17864|0|2|SNOW3|XA16TEX|93.295230318|-384|0|1|1|0|0|2640|-7984|2576|-8096|3206|1812|1
W|17865|0|2|SNOW3|XA16TEX|222.29135429|-384|0|1|1|0|0|2576|-8096|2400|-8096|3206|1812|1
W|17866|0|2|SNOW3|XA16TEX|398.29135429|-384|0|1|1|0|0|2400|-8096|2336|-8048|3206|1812|1
W|17867|0|2|SNOW3|XA16TEX|478.29135429|-384|0|1|1|0|0|2336|-8048|2112|-8080|3206|1812|1
W|17868|0|2|SNOW3|XA16TEX|192.56552427|-384|0|1|1|0|0|2112|-8080|2016|-8176|3206|1812|1
W|17869|0|2|SNOW3|XA16TEX|328.330026258|-384|0|1|1|0|0|2016|-8176|1936|-8272|3206|1812|1
W|17870|0|2|SNOW3|XA16TEX|453.294021072|-384|0|1|1|0|0|1936|-8272|2096|-8352|3206|1812|1
W|17871|0|2|SNOW3|XA16TEX|120.179459272|-384|0|1|1|0|0|2096|-8352|2400|-8352|3206|1812|1
W|17872|0|2|SNOW3|XA16TEX|424.179459272|-384|0|1|1|0|0|2400|-8352|2464|-8288|3206|1812|1
W|17873|0|2|SNOW3|XA16TEX|2.689127264|-384|0|1|1|0|0|2464|-8288|2688|-8256|3206|1812|1
W|17874|0|2|SNOW3|XA16TEX|228.963297244|-384|0|1|1|0|0|2688|-8256|2848|-8208|3206|1812|1
W|17875|0|2|SNOW3|XA16TEX|396.008201386|-384|0|1|1|0|0|2848|-8208|2912|-8160|3206|1812|1
W|17876|0|2|SNOW3|XA16TEX|476.008201386|-384|0|1|1|0|0|2912|-8160|2944|-7904|3206|1812|1
W|3321|1|2|SNOW3|XA16TEX|0|-256|0|1|1|0|0|-1264|-4660|-1260|-4652|722|657|1
W|3311|1|2|SNOW3|XA16TEX|8.94427191|-256|0|1|1|0|0|-1260|-4652|-1264|-4644|722|657|1
W|3307|1|2|SNOW3|XA16TEX|17.88854382|-256|0|1|1|0|0|-1264|-4644|-1280|-4644|722|657|1
W|3335|1|2|SNOW3|XA16TEX|33.88854382|-256|0|1|1|0|0|-1280|-4644|-1292|-4652|722|657|1
W|3324|1|2|SNOW3|XA16TEX|48.310748922|-256|0|1|1|0|0|-1292|-4652|-1288|-4660|722|657|1
W|3313|1|2|SNOW3|XA16TEX|57.255020832|-256|0|1|1|0|0|-1288|-4660|-1276|-4652|722|657|1
W|3322|1|2|SNOW3|XA16TEX|71.677225934|-256|0|1|1|0|0|-1276|-4652|-1264|-4660|722|657|1
W|3417|1|2|SNOW3|XA16TEX|0|-256|0|1|1|0|0|-1324|-5304|-1328|-5296|722|628|1
W|3416|1|2|SNOW3|XA16TEX|8.94427191|-256|0|1|1|0|0|-1328|-5296|-1344|-5296|722|628|1
W|3415|1|2|SNOW3|XA16TEX|24.94427191|-256|0|1|1|0|0|-1344|-5296|-1352|-5280|722|628|1
W|3414|1|2|SNOW3|XA16TEX|42.83281573|-256|0|1|1|0|0|-1352|-5280|-1368|-5280|722|628|1
W|3443|1|2|SNOW3|XA16TEX|58.83281573|-256|0|1|1|0|0|-1368|-5280|-1368|-5292|722|628|1
W|3341|1|2|SNOW3|XA16TEX|70.83281573|-256|0|1|1|0|0|-1368|-5292|-1360|-5296|722|628|1
W|3308|1|2|SNOW3|XA16TEX|79.77708764|-256|0|1|1|0|0|-1360|-5296|-1348|-5312|722|628|1
W|3340|1|2|SNOW3|XA16TEX|99.77708764|-256|0|1|1|0|0|-1348|-5312|-1324|-5304|722|628|1
W|3312|1|2|SNOW3|XA16TEX|0|-256|0|1|1|0|0|-1548|-5060|-1556|-5052|722|659|1
W|10694|1|2|SNOW3|XA16TEX|11.313708499|-256|0|1|1|0|0|-1556|-5052|-1564|-5052|722|659|1
W|10695|1|2|SNOW3|XA16TEX|19.313708499|-256|0|1|1|0|0|-1564|-5052|-1568|-5056|722|659|1
W|3316|1|2|SNOW3|XA16TEX|24.970562748|-256|0|1|1|0|0|-1568|-5056|-1568|-5064|722|659|1
W|3315|1|2|SNOW3|XA16TEX|32.970562748|-256|0|1|1|0|0|-1568|-5064|-1560|-5068|722|659|1
W|3314|1|2|SNOW3|XA16TEX|41.914834658|-256|0|1|1|0|0|-1560|-5068|-1548|-5060|722|659|1
W|3319|1|2|SNOW3|XA16TEX|0|-256|0|1|1|0|0|-1552|-5020|-1548|-5012|722|658|1
W|3318|1|2|SNOW3|XA16TEX|8.94427191|-256|0|1|1|0|0|-1548|-5012|-1552|-5004|722|658|1
W|3317|1|2|SNOW3|XA16TEX|17.88854382|-256|0|1|1|0|0|-1552|-5004|-1568|-5004|722|658|1
W|3475|1|2|SNOW3|XA16TEX|33.88854382|-256|0|1|1|0|0|-1568|-5004|-1580|-5012|722|658|1
W|3476|1|2|SNOW3|XA16TEX|48.310748922|-256|0|1|1|0|0|-1580|-5012|-1576|-5020|722|658|1
W|3474|1|2|SNOW3|XA16TEX|57.255020832|-256|0|1|1|0|0|-1576|-5020|-1564|-5012|722|658|1
W|3320|1|2|SNOW3|XA16TEX|71.677225934|-256|0|1|1|0|0|-1564|-5012|-1552|-5020|722|658|1
W|3468|1|2|SNOW3|XA16TEX|0|-256|0|1|1|0|0|-1252|-4648|-1240|-4648|722|656|1
W|3465|1|2|SNOW3|XA16TEX|12|-256|0|1|1|0|0|-1240|-4648|-1236|-4640|722|656|1
W|3323|1|2|SNOW3|XA16TEX|20.94427191|-256|0|1|1|0|0|-1236|-4640|-1244|-4636|722|656|1
W|3461|1|2|SNOW3|XA16TEX|29.88854382|-256|0|1|1|0|0|-1244|-4636|-1252|-4640|722|656|1
W|3466|1|2|SNOW3|XA16TEX|38.83281573|-256|0|1|1|0|0|-1252|-4640|-1252|-4648|722|656|1
W|3522|1|2|SNOW3|XA16TEX|0|-256|0|1|1|0|0|-1532|-5080|-1540|-5072|722|510|1
W|3516|1|2|SNOW3|XA16TEX|11.313708499|-256|0|1|1|0|0|-1540|-5072|-1548|-5072|722|510|1
W|3336|1|2|SNOW3|XA16TEX|19.313708499|-256|0|1|1|0|0|-1548|-5072|-1552|-5076|722|510|1
W|10693|1|2|SNOW3|XA16TEX|24.970562748|-256|0|1|1|0|0|-1552|-5076|-1552|-5084|722|510|1
W|3791|1|2|SNOW3|XA16TEX|32.970562748|-256|0|1|1|0|0|-1552|-5084|-1544|-5088|722|510|1
W|3523|1|2|SNOW3|XA16TEX|41.914834658|-256|0|1|1|0|0|-1544|-5088|-1532|-5080|722|510|1
W|3361|1|2|SNOW3|XA16TEX|0|-256|0|1|1|0|0|-1104|-5312|-1100|-5304|722|632|1
W|3401|1|2|SNOW3|XA16TEX|8.94427191|-256|0|1|1|0|0|-1100|-5304|-1104|-5296|722|632|1
W|3400|1|2|SNOW3|XA16TEX|17.88854382|-256|0|1|1|0|0|-1104|-5296|-1120|-5296|722|632|1
W|3402|1|2|SNOW3|XA16TEX|33.88854382|-256|0|1|1|0|0|-1120|-5296|-1132|-5304|722|632|1
W|3359|1|2|SNOW3|XA16TEX|48.310748922|-256|0|1|1|0|0|-1132|-5304|-1128|-5312|722|632|1
W|3347|1|2|SNOW3|XA16TEX|57.255020832|-256|0|1|1|0|0|-1128|-5312|-1116|-5304|722|632|1
W|3360|1|2|SNOW3|XA16TEX|71.677225934|-256|0|1|1|0|0|-1116|-5304|-1104|-5312|722|632|1
W|3405|1|2|SNOW3|XA16TEX|0|-256|0|1|1|0|0|-1156|-5328|-1144|-5328|722|631|1
W|3404|1|2|SNOW3|XA16TEX|12|-256|0|1|1|0|0|-1144|-5328|-1140|-5320|722|631|1
W|3403|1|2|SNOW3|XA16TEX|20.94427191|-256|0|1|1|0|0|-1140|-5320|-1148|-5316|722|631|1
W|3407|1|2|SNOW3|XA16TEX|29.88854382|-256|0|1|1|0|0|-1148|-5316|-1156|-5320|722|631|1
W|3406|1|2|SNOW3|XA16TEX|38.83281573|-256|0|1|1|0|0|-1156|-5320|-1156|-5328|722|631|1
W|3410|1|2|SNOW3|XA16TEX|0|-256|0|1|1|0|0|-1280|-5320|-1288|-5312|722|629|1
W|3409|1|2|SNOW3|XA16TEX|11.313708499|-256|0|1|1|0|0|-1288|-5312|-1296|-5312|722|629|1
W|3408|1|2|SNOW3|XA16TEX|19.313708499|-256|0|1|1|0|0|-1296|-5312|-1300|-5316|722|629|1
W|3413|1|2|SNOW3|XA16TEX|24.970562748|-256|0|1|1|0|0|-1300|-5316|-1300|-5324|722|629|1
W|3412|1|2|SNOW3|XA16TEX|32.970562748|-256|0|1|1|0|0|-1300|-5324|-1292|-5328|722|629|1
W|3411|1|2|SNOW3|XA16TEX|41.914834658|-256|0|1|1|0|0|-1292|-5328|-1280|-5320|722|629|1
W|3452|1|2|SNOW3|XA16TEX|0|-256|0|1|1|0|0|-920|-4816|-924|-4808|722|627|1
W|3449|1|2|SNOW3|XA16TEX|8.94427191|-256|0|1|1|0|0|-924|-4808|-940|-4808|722|627|1
W|3454|1|2|SNOW3|XA16TEX|24.94427191|-256|0|1|1|0|0|-940|-4808|-948|-4792|722|627|1
W|3456|1|2|SNOW3|XA16TEX|42.83281573|-256|0|1|1|0|0|-948|-4792|-964|-4792|722|627|1
W|3446|1|2|SNOW3|XA16TEX|58.83281573|-256|0|1|1|0|0|-964|-4792|-964|-4804|722|627|1
W|3448|1|2|SNOW3|XA16TEX|70.83281573|-256|0|1|1|0|0|-964|-4804|-956|-4808|722|627|1
W|3444|1|2|SNOW3|XA16TEX|79.77708764|-256|0|1|1|0|0|-956|-4808|-944|-4824|722|627|1
W|3450|1|2|SNOW3|XA16TEX|99.77708764|-256|0|1|1|0|0|-944|-4824|-920|-4816|722|627|1
W|3457|1|2|SNOW3|XA16TEX|0|-256|0|1|1|0|0|-964|-4776|-972|-4768|722|655|1
W|3462|1|2|SNOW3|XA16TEX|11.313708499|-256|0|1|1|0|0|-972|-4768|-980|-4768|722|655|1
W|3464|1|2|SNOW3|XA16TEX|19.313708499|-256|0|1|1|0|0|-980|-4768|-984|-4772|722|655|1
W|3453|1|2|SNOW3|XA16TEX|24.970562748|-256|0|1|1|0|0|-984|-4772|-984|-4780|722|655|1
W|3458|1|2|SNOW3|XA16TEX|32.970562748|-256|0|1|1|0|0|-984|-4780|-976|-4784|722|655|1
W|3460|1|2|SNOW3|XA16TEX|41.914834658|-256|0|1|1|0|0|-976|-4784|-964|-4776|722|655|1
W|4038|1|2|SNOW3|XA16TEX|12|-256|0|1|1|12|0|-1248|-5312|-1184|-5312|697|725|1
W|3594|1|2|SNOW3|XA16TEX|76|-256|0|1|1|12|0|-1184|-5312|-1056|-5248|697|726|1
W|3634|1|2|SNOW3|XA16TEX|219.10835056|-256|0|1|1|27|0|-1056|-5248|-960|-5152|697|727|1
W|3671|1|2|SNOW3|XA16TEX|354.872852548|-256|0|1|1|35|0|-960|-5152|-896|-5024|697|728|1
W|4037|1|2|SNOW3|XA16TEX|497.981203108|-256|0|1|1|50|0|-896|-5024|-896|-4960|697|729|1
W|4024|1|2|SNOW3|XA16TEX|49.981203108|-256|0|1|1|50|0|-896|-4960|-960|-4832|697|731|1
W|4016|1|2|SNOW3|XA16TEX|193.089553668|-256|0|1|1|1|0|-960|-4832|-1056|-4736|697|740|1
W|4015|1|2|SNOW3|XA16TEX|328.854055656|-256|0|1|1|9|0|-1056|-4736|-1184|-4672|697|733|1
W|4014|1|2|SNOW3|XA16TEX|471.962406216|-256|0|1|1|0|0|-1184|-4672|-1248|-4672|697|734|1
W|4028|1|2|SNOW3|XA16TEX|23.962406216|-256|0|1|1|0|0|-1248|-4672|-1376|-4736|697|735|1
W|4023|1|2|SNOW3|XA16TEX|167.070756776|-256|0|1|1|15|0|-1376|-4736|-1472|-4832|697|736|1
W|4022|1|2|SNOW3|XA16TEX|302.835258763|-256|0|1|1|23|0|-1472|-4832|-1536|-4960|697|737|1
W|3990|1|2|SNOW3|XA16TEX|445.943609323|-256|0|1|1|38|0|-1536|-4960|-1536|-5024|697|738|1
W|3991|1|2|SNOW3|XA16TEX|509.943609323|-256|0|1|1|38|0|-1536|-5024|-1472|-5152|697|730|1
W|4030|1|2|SNOW3|XA16TEX|141.051959883|-256|0|1|1|53|0|-1472|-5152|-1376|-5248|697|723|1
W|3989|1|2|SNOW3|XA16TEX|276.816461871|-256|0|1|1|61|0|-1376|-5248|-1248|-5312|697|724|1
W|3891|0|0|SNOW3|XA16TEX|0|0|0|1|1|0|0|-1456|-5056|-1488|-5040|721|739|1
W|3891|0|2|SNOW3|XA16TEX|0|0|0|1|1|0|0|-1456|-5056|-1488|-5040|721|739|1
W|3884|0|0|SNOW3|XA16TEX|35.77708764|0|0|1|1|0|0|-1488|-5040|-1488|-5000|721|739|1
W|3884|0|2|SNOW3|XA16TEX|35.77708764|0|0|1|1|0|0|-1488|-5040|-1488|-5000|721|739|1
W|3885|0|0|SNOW3|XA16TEX|75.77708764|0|0|1|1|0|0|-1488|-5000|-1472|-4984|721|739|1
W|3885|0|2|SNOW3|XA16TEX|75.77708764|0|0|1|1|0|0|-1488|-5000|-1472|-4984|721|739|1
W|3886|0|0|SNOW3|XA16TEX|98.404504638|0|0|1|1|0|0|-1472|-4984|-1480|-4952|721|739|1
W|3886|0|2|SNOW3|XA16TEX|98.404504638|0|0|1|1|0|0|-1472|-4984|-1480|-4952|721|739|1
W|3887|0|0|SNOW3|XA16TEX|131.389349643|0|0|1|1|0|0|-1480|-4952|-1456|-4904|721|739|1
W|3887|0|2|SNOW3|XA16TEX|131.389349643|0|0|1|1|0|0|-1480|-4952|-1456|-4904|721|739|1
W|3880|0|0|SNOW3|XA16TEX|185.054981103|0|0|1|1|0|0|-1456|-4904|-1456|-4872|721|739|1
W|3880|0|2|SNOW3|XA16TEX|185.054981103|0|0|1|1|0|0|-1456|-4904|-1456|-4872|721|739|1
W|3881|0|0|SNOW3|XA16TEX|217.054981103|0|0|1|1|0|0|-1456|-4872|-1424|-4856|721|739|1
W|3881|0|2|SNOW3|XA16TEX|217.054981103|0|0|1|1|0|0|-1456|-4872|-1424|-4856|721|739|1
W|3882|0|0|SNOW3|XA16TEX|252.832068743|0|0|1|1|0|0|-1424|-4856|-1416|-4832|721|739|1
W|3882|0|2|SNOW3|XA16TEX|252.832068743|0|0|1|1|0|0|-1424|-4856|-1416|-4832|721|739|1
W|3883|0|0|SNOW3|XA16TEX|278.130290024|0|0|1|1|0|0|-1416|-4832|-1384|-4824|721|739|1
W|3883|0|2|SNOW3|XA16TEX|278.130290024|0|0|1|1|0|0|-1416|-4832|-1384|-4824|721|739|1
W|3876|0|0|SNOW3|XA16TEX|311.115135029|0|0|1|1|0|0|-1384|-4824|-1376|-4792|721|739|1
W|3876|0|2|SNOW3|XA16TEX|311.115135029|0|0|1|1|0|0|-1384|-4824|-1376|-4792|721|739|1
W|3877|0|0|SNOW3|XA16TEX|344.099980034|0|0|1|1|0|0|-1376|-4792|-1336|-4784|721|739|1
W|3877|0|2|SNOW3|XA16TEX|344.099980034|0|0|1|1|0|0|-1376|-4792|-1336|-4784|721|739|1
W|3878|0|0|SNOW3|XA16TEX|384.892136143|0|0|1|1|0|0|-1336|-4784|-1328|-4760|721|739|1
W|3878|0|2|SNOW3|XA16TEX|384.892136143|0|0|1|1|0|0|-1336|-4784|-1328|-4760|721|739|1
W|3879|0|0|SNOW3|XA16TEX|410.190357424|0|0|1|1|0|0|-1328|-4760|-1272|-4744|721|739|1
W|3879|0|2|SNOW3|XA16TEX|410.190357424|0|0|1|1|0|0|-1328|-4760|-1272|-4744|721|739|1
W|3873|0|0|SNOW3|XA16TEX|468.431236538|0|0|1|1|0|0|-1272|-4744|-1232|-4720|721|739|1
W|3873|0|2|SNOW3|XA16TEX|468.431236538|0|0|1|1|0|0|-1272|-4744|-1232|-4720|721|739|1
W|3943|0|0|SNOW3|XA16TEX|3.078851697|0|0|1|1|0|0|-1232|-4720|-1192|-4712|721|739|1
W|3943|0|2|SNOW3|XA16TEX|3.078851697|0|0|1|1|0|0|-1232|-4720|-1192|-4712|721|739|1
W|3936|0|0|SNOW3|XA16TEX|43.871007806|0|0|1|1|0|0|-1192|-4712|-1160|-4736|721|739|1
W|3936|0|2|SNOW3|XA16TEX|43.871007806|0|0|1|1|0|0|-1192|-4712|-1160|-4736|721|739|1
W|3935|0|0|SNOW3|XA16TEX|83.871007806|0|0|1|1|0|0|-1160|-4736|-1120|-4744|721|739|1
W|3935|0|2|SNOW3|XA16TEX|83.871007806|0|0|1|1|0|0|-1160|-4736|-1120|-4744|721|739|1
W|3915|0|0|SNOW3|XA16TEX|124.663163915|0|0|1|1|0|0|-1120|-4744|-1080|-4784|721|739|1
W|3915|0|2|SNOW3|XA16TEX|124.663163915|0|0|1|1|0|0|-1120|-4744|-1080|-4784|721|739|1
W|3918|0|0|SNOW3|XA16TEX|181.23170641|0|0|1|1|0|0|-1080|-4784|-1040|-4800|721|739|1
W|3918|0|2|SNOW3|XA16TEX|181.23170641|0|0|1|1|0|0|-1080|-4784|-1040|-4800|721|739|1
W|3923|0|0|SNOW3|XA16TEX|224.313024867|0|0|1|1|0|0|-1040|-4800|-1016|-4840|721|739|1
W|3923|0|2|SNOW3|XA16TEX|224.313024867|0|0|1|1|0|0|-1040|-4800|-1016|-4840|721|739|1
W|3924|0|0|SNOW3|XA16TEX|270.960640025|0|0|1|1|0|0|-1016|-4840|-992|-4856|721|739|1
W|3924|0|2|SNOW3|XA16TEX|270.960640025|0|0|1|1|0|0|-1016|-4840|-992|-4856|721|739|1
W|3925|0|0|SNOW3|XA16TEX|299.805050229|0|0|1|1|0|0|-992|-4856|-984|-4896|721|739|1
W|3925|0|2|SNOW3|XA16TEX|299.805050229|0|0|1|1|0|0|-992|-4856|-984|-4896|721|739|1
W|3926|0|0|SNOW3|XA16TEX|340.597206338|0|0|1|1|0|0|-984|-4896|-960|-4928|721|739|1
W|3926|0|2|SNOW3|XA16TEX|340.597206338|0|0|1|1|0|0|-984|-4896|-960|-4928|721|739|1
W|3927|0|0|SNOW3|XA16TEX|380.597206338|0|0|1|1|0|0|-960|-4928|-968|-4960|721|739|1
W|3927|0|2|SNOW3|XA16TEX|380.597206338|0|0|1|1|0|0|-960|-4928|-968|-4960|721|739|1
W|3928|0|0|SNOW3|XA16TEX|413.582051343|0|0|1|1|0|0|-968|-4960|-944|-4984|721|739|1
W|3928|0|2|SNOW3|XA16TEX|413.582051343|0|0|1|1|0|0|-968|-4960|-944|-4984|721|739|1
W|3929|0|0|SNOW3|XA16TEX|447.52317684|0|0|1|1|0|0|-944|-4984|-968|-5024|721|739|1
W|3929|0|2|SNOW3|XA16TEX|447.52317684|0|0|1|1|0|0|-944|-4984|-968|-5024|721|739|1
W|3930|0|0|SNOW3|XA16TEX|494.170791999|0|0|1|1|0|0|-968|-5024|-960|-5048|721|739|1
W|3930|0|2|SNOW3|XA16TEX|494.170791999|0|0|1|1|0|0|-968|-5024|-960|-5048|721|739|1
W|3931|0|0|SNOW3|XA16TEX|7.46901328|0|0|1|1|0|0|-960|-5048|-984|-5088|721|739|1
W|3931|0|2|SNOW3|XA16TEX|7.46901328|0|0|1|1|0|0|-960|-5048|-984|-5088|721|739|1
W|3933|0|0|SNOW3|XA16TEX|54.116628439|0|0|1|1|0|0|-984|-5088|-984|-5112|721|739|1
W|3933|0|2|SNOW3|XA16TEX|54.116628439|0|0|1|1|0|0|-984|-5088|-984|-5112|721|739|1
W|3932|0|0|SNOW3|XA16TEX|78.116628439|0|0|1|1|0|0|-984|-5112|-1016|-5168|721|739|1
W|3932|0|2|SNOW3|XA16TEX|78.116628439|0|0|1|1|0|0|-984|-5112|-1016|-5168|721|739|1
W|3922|0|0|SNOW3|XA16TEX|142.614690425|0|0|1|1|0|0|-1016|-5168|-1048|-5184|721|739|1
W|3922|0|2|SNOW3|XA16TEX|142.614690425|0|0|1|1|0|0|-1016|-5168|-1048|-5184|721|739|1
W|3905|0|0|SNOW3|XA16TEX|178.391778065|0|0|1|1|0|0|-1048|-5184|-1056|-5200|721|739|1
W|3905|0|2|SNOW3|XA16TEX|178.391778065|0|0|1|1|0|0|-1048|-5184|-1056|-5200|721|739|1
W|3908|0|0|SNOW3|XA16TEX|196.280321885|0|0|1|1|0|0|-1056|-5200|-1096|-5216|721|739|1
W|3908|0|2|SNOW3|XA16TEX|196.280321885|0|0|1|1|0|0|-1056|-5200|-1096|-5216|721|739|1
W|3921|0|0|SNOW3|XA16TEX|239.361640342|0|0|1|1|0|0|-1096|-5216|-1128|-5248|721|739|1
W|3921|0|2|SNOW3|XA16TEX|239.361640342|0|0|1|1|0|0|-1096|-5216|-1128|-5248|721|739|1
W|3920|0|0|SNOW3|XA16TEX|284.616474338|0|0|1|1|0|0|-1128|-5248|-1176|-5248|721|739|1
W|3920|0|2|SNOW3|XA16TEX|284.616474338|0|0|1|1|0|0|-1128|-5248|-1176|-5248|721|739|1
W|3911|0|0|SNOW3|XA16TEX|332.616474338|0|0|1|1|0|0|-1176|-5248|-1184|-5264|721|739|1
W|3911|0|2|SNOW3|XA16TEX|332.616474338|0|0|1|1|0|0|-1176|-5248|-1184|-5264|721|739|1
W|3912|0|0|SNOW3|XA16TEX|350.505018158|0|0|1|1|0|0|-1184|-5264|-1232|-5272|721|739|1
W|3912|0|2|SNOW3|XA16TEX|350.505018158|0|0|1|1|0|0|-1184|-5264|-1232|-5272|721|739|1
W|3914|0|0|SNOW3|XA16TEX|399.1671184|0|0|1|1|0|0|-1232|-5272|-1264|-5248|721|739|1
W|3914|0|2|SNOW3|XA16TEX|399.1671184|0|0|1|1|0|0|-1232|-5272|-1264|-5248|721|739|1
W|3913|0|0|SNOW3|XA16TEX|439.1671184|0|0|1|1|0|0|-1264|-5248|-1280|-5248|721|739|1
W|3913|0|2|SNOW3|XA16TEX|439.1671184|0|0|1|1|0|0|-1264|-5248|-1280|-5248|721|739|1
W|3919|0|0|SNOW3|XA16TEX|455.1671184|0|0|1|1|0|0|-1280|-5248|-1344|-5224|721|739|1
W|3919|0|2|SNOW3|XA16TEX|455.1671184|0|0|1|1|0|0|-1280|-5248|-1344|-5224|721|739|1
W|3892|0|0|SNOW3|XA16TEX|11.519148363|0|0|1|1|0|0|-1344|-5224|-1368|-5192|721|739|1
W|3892|0|2|SNOW3|XA16TEX|11.519148363|0|0|1|1|0|0|-1344|-5224|-1368|-5192|721|739|1
W|3893|0|0|SNOW3|XA16TEX|51.519148363|0|0|1|1|0|0|-1368|-5192|-1384|-5192|721|739|1
W|3893|0|2|SNOW3|XA16TEX|51.519148363|0|0|1|1|0|0|-1368|-5192|-1384|-5192|721|739|1
W|3894|0|0|SNOW3|XA16TEX|67.519148363|0|0|1|1|0|0|-1384|-5192|-1400|-5152|721|739|1
W|3894|0|2|SNOW3|XA16TEX|67.519148363|0|0|1|1|0|0|-1384|-5192|-1400|-5152|721|739|1
W|3895|0|0|SNOW3|XA16TEX|110.60046682|0|0|1|1|0|0|-1400|-5152|-1440|-5136|721|739|1
W|3895|0|2|SNOW3|XA16TEX|110.60046682|0|0|1|1|0|0|-1400|-5152|-1440|-5136|721|739|1
W|3888|0|0|SNOW3|XA16TEX|153.681785277|0|0|1|1|0|0|-1440|-5136|-1440|-5104|721|739|1
W|3888|0|2|SNOW3|XA16TEX|153.681785277|0|0|1|1|0|0|-1440|-5136|-1440|-5104|721|739|1
W|3889|0|0|SNOW3|XA16TEX|185.681785277|0|0|1|1|0|0|-1440|-5104|-1472|-5080|721|739|1
W|3889|0|2|SNOW3|XA16TEX|185.681785277|0|0|1|1|0|0|-1440|-5104|-1472|-5080|721|739|1
W|3890|0|0|SNOW3|XA16TEX|225.681785277|0|0|1|1|0|0|-1472|-5080|-1456|-5056|721|739|1
W|3890|0|2|SNOW3|XA16TEX|225.681785277|0|0|1|1|0|0|-1472|-5080|-1456|-5056|721|739|1
W|3890|1|0|SNOW3|XA16TEX|0|-128|0|1|1|0|0|-1456|-5056|-1472|-5080|739|721|1
W|3890|1|2|SNOW3|XA16TEX|0|-128|0|1|1|0|0|-1456|-5056|-1472|-5080|739|721|1
W|3889|1|0|SNOW3|XA16TEX|28.844410204|-128|0|1|1|0|0|-1472|-5080|-1440|-5104|739|721|1
W|3889|1|2|SNOW3|XA16TEX|28.844410204|-128|0|1|1|0|0|-1472|-5080|-1440|-5104|739|721|1
W|3888|1|0|SNOW3|XA16TEX|68.844410204|-128|0|1|1|0|0|-1440|-5104|-1440|-5136|739|721|1
W|3888|1|2|SNOW3|XA16TEX|68.844410204|-128|0|1|1|0|0|-1440|-5104|-1440|-5136|739|721|1
W|3895|1|0|SNOW3|XA16TEX|100.844410204|-128|0|1|1|0|0|-1440|-5136|-1400|-5152|739|721|1
W|3895|1|2|SNOW3|XA16TEX|100.844410204|-128|0|1|1|0|0|-1440|-5136|-1400|-5152|739|721|1
W|3894|1|0|SNOW3|XA16TEX|143.925728661|-128|0|1|1|0|0|-1400|-5152|-1384|-5192|739|721|1
W|3894|1|2|SNOW3|XA16TEX|143.925728661|-128|0|1|1|0|0|-1400|-5152|-1384|-5192|739|721|1
W|3893|1|0|SNOW3|XA16TEX|187.007047118|-128|0|1|1|0|0|-1384|-5192|-1368|-5192|739|721|1
W|3893|1|2|SNOW3|XA16TEX|187.007047118|-128|0|1|1|0|0|-1384|-5192|-1368|-5192|739|721|1
W|3892|1|0|SNOW3|XA16TEX|203.007047118|-128|0|1|1|0|0|-1368|-5192|-1344|-5224|739|721|1
W|3892|1|2|SNOW3|XA16TEX|203.007047118|-128|0|1|1|0|0|-1368|-5192|-1344|-5224|739|721|1
W|3919|1|0|SNOW3|XA16TEX|243.007047118|-128|0|1|1|0|0|-1344|-5224|-1280|-5248|739|721|1
W|3919|1|2|SNOW3|XA16TEX|243.007047118|-128|0|1|1|0|0|-1344|-5224|-1280|-5248|739|721|1
W|3913|1|0|SNOW3|XA16TEX|311.35907708|-128|0|1|1|0|0|-1280|-5248|-1264|-5248|739|721|1
W|3913|1|2|SNOW3|XA16TEX|311.35907708|-128|0|1|1|0|0|-1280|-5248|-1264|-5248|739|721|1
W|3914|1|0|SNOW3|XA16TEX|327.35907708|-128|0|1|1|0|0|-1264|-5248|-1232|-5272|739|721|1
W|3914|1|2|SNOW3|XA16TEX|327.35907708|-128|0|1|1|0|0|-1264|-5248|-1232|-5272|739|721|1
W|3912|1|0|SNOW3|XA16TEX|367.35907708|-128|0|1|1|0|0|-1232|-5272|-1184|-5264|739|721|1
W|3912|1|2|SNOW3|XA16TEX|367.35907708|-128|0|1|1|0|0|-1232|-5272|-1184|-5264|739|721|1
W|3911|1|0|SNOW3|XA16TEX|416.021177323|-128|0|1|1|0|0|-1184|-5264|-1176|-5248|739|721|1
W|3911|1|2|SNOW3|XA16TEX|416.021177323|-128|0|1|1|0|0|-1184|-5264|-1176|-5248|739|721|1
W|3920|1|0|SNOW3|XA16TEX|433.909721143|-128|0|1|1|0|0|-1176|-5248|-1128|-5248|739|721|1
W|3920|1|2|SNOW3|XA16TEX|433.909721143|-128|0|1|1|0|0|-1176|-5248|-1128|-5248|739|721|1
W|3921|1|0|SNOW3|XA16TEX|481.909721143|-128|0|1|1|0|0|-1128|-5248|-1096|-5216|739|721|1
W|3921|1|2|SNOW3|XA16TEX|481.909721143|-128|0|1|1|0|0|-1128|-5248|-1096|-5216|739|721|1
W|3908|1|0|SNOW3|XA16TEX|15.164555139|-128|0|1|1|0|0|-1096|-5216|-1056|-5200|739|721|1
W|3908|1|2|SNOW3|XA16TEX|15.164555139|-128|0|1|1|0|0|-1096|-5216|-1056|-5200|739|721|1
W|3905|1|0|SNOW3|XA16TEX|58.245873596|-128|0|1|1|0|0|-1056|-5200|-1048|-5184|739|721|1
W|3905|1|2|SNOW3|XA16TEX|58.245873596|-128|0|1|1|0|0|-1056|-5200|-1048|-5184|739|721|1
W|3922|1|0|SNOW3|XA16TEX|76.134417416|-128|0|1|1|0|0|-1048|-5184|-1016|-5168|739|721|1
W|3922|1|2|SNOW3|XA16TEX|76.134417416|-128|0|1|1|0|0|-1048|-5184|-1016|-5168|739|721|1
W|3932|1|0|SNOW3|XA16TEX|111.911505056|-128|0|1|1|0|0|-1016|-5168|-984|-5112|739|721|1
W|3932|1|2|SNOW3|XA16TEX|111.911505056|-128|0|1|1|0|0|-1016|-5168|-984|-5112|739|721|1
W|3933|1|0|SNOW3|XA16TEX|176.409567042|-128|0|1|1|0|0|-984|-5112|-984|-5088|739|721|1
W|3933|1|2|SNOW3|XA16TEX|176.409567042|-128|0|1|1|0|0|-984|-5112|-984|-5088|739|721|1
W|3931|1|0|SNOW3|XA16TEX|200.409567042|-128|0|1|1|0|0|-984|-5088|-960|-5048|739|721|1
W|3931|1|2|SNOW3|XA16TEX|200.409567042|-128|0|1|1|0|0|-984|-5088|-960|-5048|739|721|1
W|3930|1|0|SNOW3|XA16TEX|247.057182201|-128|0|1|1|0|0|-960|-5048|-968|-5024|739|721|1
W|3930|1|2|SNOW3|XA16TEX|247.057182201|-128|0|1|1|0|0|-960|-5048|-968|-5024|739|721|1
W|3929|1|0|SNOW3|XA16TEX|272.355403482|-128|0|1|1|0|0|-968|-5024|-944|-4984|739|721|1
W|3929|1|2|SNOW3|XA16TEX|272.355403482|-128|0|1|1|0|0|-968|-5024|-944|-4984|739|721|1
W|3928|1|0|SNOW3|XA16TEX|319.003018641|-128|0|1|1|0|0|-944|-4984|-968|-4960|739|721|1
W|3928|1|2|SNOW3|XA16TEX|319.003018641|-128|0|1|1|0|0|-944|-4984|-968|-4960|739|721|1
W|3927|1|0|SNOW3|XA16TEX|352.944144138|-128|0|1|1|0|0|-968|-4960|-960|-4928|739|721|1
W|3927|1|2|SNOW3|XA16TEX|352.944144138|-128|0|1|1|0|0|-968|-4960|-960|-4928|739|721|1
W|3926|1|0|SNOW3|XA16TEX|385.928989143|-128|0|1|1|0|0|-960|-4928|-984|-4896|739|721|1
W|3926|1|2|SNOW3|XA16TEX|385.928989143|-128|0|1|1|0|0|-960|-4928|-984|-4896|739|721|1
W|3925|1|0|SNOW3|XA16TEX|425.928989143|-128|0|1|1|0|0|-984|-4896|-992|-4856|739|721|1
W|3925|1|2|SNOW3|XA16TEX|425.928989143|-128|0|1|1|0|0|-984|-4896|-992|-4856|739|721|1
W|3924|1|0|SNOW3|XA16TEX|466.721145252|-128|0|1|1|0|0|-992|-4856|-1016|-4840|739|721|1
W|3924|1|2|SNOW3|XA16TEX|466.721145252|-128|0|1|1|0|0|-992|-4856|-1016|-4840|739|721|1
W|3923|1|0|SNOW3|XA16TEX|495.565555455|-128|0|1|1|0|0|-1016|-4840|-1040|-4800|739|721|1
W|3923|1|2|SNOW3|XA16TEX|495.565555455|-128|0|1|1|0|0|-1016|-4840|-1040|-4800|739|721|1
W|3918|1|0|SNOW3|XA16TEX|30.213170614|-128|0|1|1|0|0|-1040|-4800|-1080|-4784|739|721|1
W|3918|1|2|SNOW3|XA16TEX|30.213170614|-128|0|1|1|0|0|-1040|-4800|-1080|-4784|739|721|1
W|3915|1|0|SNOW3|XA16TEX|73.294489071|-128|0|1|1|0|0|-1080|-4784|-1120|-4744|739|721|1
W|3915|1|2|SNOW3|XA16TEX|73.294489071|-128|0|1|1|0|0|-1080|-4784|-1120|-4744|739|721|1
W|3935|1|0|SNOW3|XA16TEX|129.863031566|-128|0|1|1|0|0|-1120|-4744|-1160|-4736|739|721|1
W|3935|1|2|SNOW3|XA16TEX|129.863031566|-128|0|1|1|0|0|-1120|-4744|-1160|-4736|739|721|1
W|3936|1|0|SNOW3|XA16TEX|170.655187675|-128|0|1|1|0|0|-1160|-4736|-1192|-4712|739|721|1
W|3936|1|2|SNOW3|XA16TEX|170.655187675|-128|0|1|1|0|0|-1160|-4736|-1192|-4712|739|721|1
W|3943|1|0|SNOW3|XA16TEX|210.655187675|-128|0|1|1|0|0|-1192|-4712|-1232|-4720|739|721|1
W|3943|1|2|SNOW3|XA16TEX|210.655187675|-128|0|1|1|0|0|-1192|-4712|-1232|-4720|739|721|1
W|3873|1|0|SNOW3|XA16TEX|251.447343784|-128|0|1|1|0|0|-1232|-4720|-1272|-4744|739|721|1
W|3873|1|2|SNOW3|XA16TEX|251.447343784|-128|0|1|1|0|0|-1232|-4720|-1272|-4744|739|721|1
W|3879|1|0|SNOW3|XA16TEX|298.094958942|-128|0|1|1|0|0|-1272|-4744|-1328|-4760|739|721|1
W|3879|1|2|SNOW3|XA16TEX|298.094958942|-128|0|1|1|0|0|-1272|-4744|-1328|-4760|739|721|1
W|3878|1|0|SNOW3|XA16TEX|356.335838057|-128|0|1|1|0|0|-1328|-4760|-1336|-4784|739|721|1
W|3878|1|2|SNOW3|XA16TEX|356.335838057|-128|0|1|1|0|0|-1328|-4760|-1336|-4784|739|721|1
W|3877|1|0|SNOW3|XA16TEX|381.634059338|-128|0|1|1|0|0|-1336|-4784|-1376|-4792|739|721|1
W|3877|1|2|SNOW3|XA16TEX|381.634059338|-128|0|1|1|0|0|-1336|-4784|-1376|-4792|739|721|1
W|3876|1|0|SNOW3|XA16TEX|422.426215447|-128|0|1|1|0|0|-1376|-4792|-1384|-4824|739|721|1
W|3876|1|2|SNOW3|XA16TEX|422.426215447|-128|0|1|1|0|0|-1376|-4792|-1384|-4824|739|721|1
W|3883|1|0|SNOW3|XA16TEX|455.411060452|-128|0|1|1|0|0|-1384|-4824|-1416|-4832|739|721|1
W|3883|1|2|SNOW3|XA16TEX|455.411060452|-128|0|1|1|0|0|-1384|-4824|-1416|-4832|739|721|1
W|3882|1|0|SNOW3|XA16TEX|488.395905457|-128|0|1|1|0|0|-1416|-4832|-1424|-4856|739|721|1
W|3882|1|2|SNOW3|XA16TEX|488.395905457|-128|0|1|1|0|0|-1416|-4832|-1424|-4856|739|721|1
W|3881|1|0|SNOW3|XA16TEX|1.694126738|-128|0|1|1|0|0|-1424|-4856|-1456|-4872|739|721|1
W|3881|1|2|SNOW3|XA16TEX|1.694126738|-128|0|1|1|0|0|-1424|-4856|-1456|-4872|739|721|1
W|3880|1|0|SNOW3|XA16TEX|37.471214378|-128|0|1|1|0|0|-1456|-4872|-1456|-4904|739|721|1
W|3880|1|2|SNOW3|XA16TEX|37.471214378|-128|0|1|1|0|0|-1456|-4872|-1456|-4904|739|721|1
W|3887|1|0|SNOW3|XA16TEX|69.471214378|-128|0|1|1|0|0|-1456|-4904|-1480|-4952|739|721|1
W|3887|1|2|SNOW3|XA16TEX|69.471214378|-128|0|1|1|0|0|-1456|-4904|-1480|-4952|739|721|1
W|3886|1|0|SNOW3|XA16TEX|123.136845838|-128|0|1|1|0|0|-1480|-4952|-1472|-4984|739|721|1
W|3886|1|2|SNOW3|XA16TEX|123.136845838|-128|0|1|1|0|0|-1480|-4952|-1472|-4984|739|721|1
W|3885|1|0|SNOW3|XA16TEX|156.121690843|-128|0|1|1|0|0|-1472|-4984|-1488|-5000|739|721|1
W|3885|1|2|SNOW3|XA16TEX|156.121690843|-128|0|1|1|0|0|-1472|-4984|-1488|-5000|739|721|1
W|3884|1|0|SNOW3|XA16TEX|178.749107841|-128|0|1|1|0|0|-1488|-5000|-1488|-5040|739|721|1
W|3884|1|2|SNOW3|XA16TEX|178.749107841|-128|0|1|1|0|0|-1488|-5000|-1488|-5040|739|721|1
W|3891|1|0|SNOW3|XA16TEX|218.749107841|-128|0|1|1|0|0|-1488|-5040|-1456|-5056|739|721|1
W|3891|1|2|SNOW3|XA16TEX|218.749107841|-128|0|1|1|0|0|-1488|-5040|-1456|-5056|739|721|1
W|13413|0|2|SNOW3|XA16TEX|0|0|0|1|1|0|0|-1696|512|-1696|472|2275|56|1
W|13414|0|2|SNOW3|XA16TEX|40|0|0|1|1|0|0|-1696|472|-1744|448|2275|56|1
W|13415|0|2|SNOW3|XA16TEX|93.66563146|0|0|1|1|0|0|-1744|448|-1792|432|2275|56|1
W|13416|0|2|SNOW3|XA16TEX|144.262074023|0|0|1|1|0|0|-1792|432|-1848|416|2275|56|1
W|13417|0|2|SNOW3|XA16TEX|202.502953137|0|0|1|1|0|0|-1848|416|-1864|448|2275|56|1
W|13418|0|2|SNOW3|XA16TEX|238.280040777|0|0|1|1|0|0|-1864|448|-1824|488|2275|56|1
W|13419|0|2|SNOW3|XA16TEX|294.848583272|0|0|1|1|0|0|-1824|488|-1800|528|2275|56|1
W|13403|0|2|SNOW3|XA16TEX|341.496198431|0|0|1|1|0|0|-1800|528|-1832|568|2275|56|1
W|13404|0|2|SNOW3|XA16TEX|392.72119233|0|0|1|1|0|0|-1832|568|-1792|616|2275|56|1
W|13405|0|2|SNOW3|XA16TEX|455.203189737|0|0|1|1|0|0|-1792|616|-1792|672|2275|56|1
W|13406|0|2|SNOW3|XA16TEX|511.203189737|0|0|1|1|0|0|-1792|672|-1752|688|2275|56|1
W|13407|0|2|SNOW3|XA16TEX|42.284508194|0|0|1|1|0|0|-1752|688|-1704|656|2275|56|1
W|13408|0|2|SNOW3|XA16TEX|99.973328602|0|0|1|1|0|0|-1704|656|-1672|616|2275|56|1
W|13409|0|2|SNOW3|XA16TEX|151.198322501|0|0|1|1|0|0|-1672|616|-1600|608|2275|56|1
W|13410|0|2|SNOW3|XA16TEX|223.641403606|0|0|1|1|0|0|-1600|608|-1584|552|2275|56|1
W|13411|0|2|SNOW3|XA16TEX|281.882282721|0|0|1|1|0|0|-1584|552|-1616|520|2275|56|1
W|13412|0|2|SNOW3|XA16TEX|327.137116717|0|0|1|1|0|0|-1616|520|-1696|512|2275|56|1
W|13439|0|2|SNOW3|XA16TEX|0|0|0|1|1|0|0|-2936|544|-2924|512|2276|69|1
W|13440|0|2|SNOW3|XA16TEX|34.176014981|0|0|1|1|0|0|-2924|512|-2912|488|2276|69|1
W|13441|0|2|SNOW3|XA16TEX|61.008830711|0|0|1|1|0|0|-2912|488|-2944|468|2276|69|1
W|13442|0|2|SNOW3|XA16TEX|98.744755239|0|0|1|1|0|0|-2944|468|-2968|484|2276|69|1
W|13443|0|2|SNOW3|XA16TEX|127.589165443|0|0|1|1|0|0|-2968|484|-2968|500|2276|69|1
W|13431|0|2|SNOW3|XA16TEX|143.589165443|0|0|1|1|0|0|-2968|500|-2992|512|2276|69|1
W|13432|0|2|SNOW3|XA16TEX|170.421981173|0|0|1|1|0|0|-2992|512|-2988|552|2276|69|1
W|13433|0|2|SNOW3|XA16TEX|210.621483658|0|0|1|1|0|0|-2988|552|-2948|576|2276|69|1
W|13434|0|2|SNOW3|XA16TEX|257.269098816|0|0|1|1|0|0|-2948|576|-2932|628|2276|69|1
W|13435|0|2|SNOW3|XA16TEX|311.674980851|0|0|1|1|0|0|-2932|628|-2884|648|2276|69|1
W|13436|0|2|SNOW3|XA16TEX|363.674980851|0|0|1|1|0|0|-2884|648|-2836|608|2276|69|1
W|13437|0|2|SNOW3|XA16TEX|426.156978259|0|0|1|1|0|0|-2836|608|-2880|552|2276|69|1
W|13438|0|2|SNOW3|XA16TEX|497.374953518|0|0|1|1|0|0|-2880|552|-2936|544|2276|69|1
W|13451|1|0|SNOW3|XA16TEX|15|128|0|1|1|15|0|-3180|472|-3188|480|2277|2278|1
W|13451|1|2|SNOW3|XA16TEX|15|128|0|1|1|15|0|-3180|472|-3188|480|2277|2278|1
W|13450|1|0|SNOW3|XA16TEX|26.313708499|128|0|1|1|26|0|-3188|480|-3200|484|2277|2278|1
W|13450|1|2|SNOW3|XA16TEX|26.313708499|128|0|1|1|26|0|-3188|480|-3200|484|2277|2278|1
W|13449|1|0|SNOW3|XA16TEX|38.96281914|128|0|1|1|39|0|-3200|484|-3208|472|2277|2278|1
W|13449|1|2|SNOW3|XA16TEX|38.96281914|128|0|1|1|39|0|-3200|484|-3208|472|2277|2278|1
W|13453|1|0|SNOW3|XA16TEX|53.385024242|128|0|1|1|-17|0|-3208|472|-3192|464|2277|2278|1
W|13453|1|2|SNOW3|XA16TEX|53.385024242|128|0|1|1|-17|0|-3208|472|-3192|464|2277|2278|1
W|13452|1|0|SNOW3|XA16TEX|71.273568062|128|0|1|1|1|0|-3192|464|-3180|472|2277|2278|1
W|13452|1|2|SNOW3|XA16TEX|71.273568062|128|0|1|1|1|0|-3192|464|-3180|472|2277|2278|1
W|13469|0|2|SNOW3|XA16TEX|0|128|0|1|1|0|0|-1464|1808|-1488|1820|2279|4|1
W|13470|0|2|SNOW3|XA16TEX|26.83281573|128|0|1|1|0|0|-1488|1820|-1512|1812|2279|4|1
W|13471|0|2|SNOW3|XA16TEX|52.131037011|128|0|1|1|0|0|-1512|1812|-1552|1828|2279|4|1
W|13472|0|2|SNOW3|XA16TEX|95.212355468|128|0|1|1|0|0|-1552|1828|-1568|1848|2279|4|1
W|13473|0|2|SNOW3|XA16TEX|120.824852418|128|0|1|1|0|0|-1568|1848|-1564|1880|2279|4|1
W|13456|0|2|SNOW3|XA16TEX|153.073883411|128|0|1|1|0|0|-1564|1880|-1560|1900|2279|4|1
W|13457|0|2|SNOW3|XA16TEX|173.469961466|128|0|1|1|0|0|-1560|1900|-1572|1928|2279|4|1
W|13458|0|2|SNOW3|XA16TEX|203.933053889|128|0|1|1|0|0|-1572|1928|-1564|1944|2279|4|1
W|13459|0|2|SNOW3|XA16TEX|221.821597709|128|0|1|1|0|0|-1564|1944|-1536|1960|2279|4|1
W|13460|0|2|SNOW3|XA16TEX|254.070628702|128|0|1|1|0|0|-1536|1960|-1512|1948|2279|4|1
W|13461|0|2|SNOW3|XA16TEX|280.903444432|128|0|1|1|0|0|-1512|1948|-1480|1952|2279|4|1
W|13462|0|2|SNOW3|XA16TEX|313.152475426|128|0|1|1|0|0|-1480|1952|-1452|1940|2279|4|1
W|13463|0|2|SNOW3|XA16TEX|343.615567849|128|0|1|1|0|0|-1452|1940|-1440|1916|2279|4|1
W|13464|0|2|SNOW3|XA16TEX|370.448383579|128|0|1|1|0|0|-1440|1916|-1448|1900|2279|4|1
W|13465|0|2|SNOW3|XA16TEX|388.336927399|128|0|1|1|0|0|-1448|1900|-1440|1880|2279|4|1
W|13466|0|2|SNOW3|XA16TEX|409.877586628|128|0|1|1|0|0|-1440|1880|-1448|1856|2279|4|1
W|13467|0|2|SNOW3|XA16TEX|435.175807909|128|0|1|1|0|0|-1448|1856|-1440|1840|2279|4|1
W|13468|0|2|SNOW3|XA16TEX|453.064351729|128|0|1|1|0|0|-1440|1840|-1464|1808|2279|4|1
W|15249|0|2|SNOW3|XA16TEX|0|0|0|1|1|0|0|-4416|-3360|-4416|-3352|2560|2559|1
W|15250|0|2|SNOW3|XA16TEX|8|0|0|1|1|0|0|-4416|-3352|-4420|-3336|2560|2559|1
W|15251|0|2|SNOW3|XA16TEX|24.492422502|0|0|1|1|0|0|-4420|-3336|-4432|-3332|2560|2559|1
W|15252|0|2|SNOW3|XA16TEX|37.141533143|0|0|1|1|0|0|-4432|-3332|-4432|-3328|2560|2559|1
W|15240|0|2|SNOW3|XA16TEX|41.141533143|0|0|1|1|0|0|-4432|-3328|-4428|-3320|2560|2559|1
W|15241|0|2|SNOW3|XA16TEX|50.085805053|0|0|1|1|0|0|-4428|-3320|-4416|-3312|2560|2559|1
W|15242|0|2|SNOW3|XA16TEX|64.508010155|0|0|1|1|0|0|-4416|-3312|-4396|-3312|2560|2559|1
W|15243|0|2|SNOW3|XA16TEX|84.508010155|0|0|1|1|0|0|-4396|-3312|-4392|-3328|2560|2559|1
W|15244|0|2|SNOW3|XA16TEX|101.000432657|0|0|1|1|0|0|-4392|-3328|-4396|-3340|2560|2559|1
W|15245|0|2|SNOW3|XA16TEX|113.649543298|0|0|1|1|0|0|-4396|-3340|-4400|-3348|2560|2559|1
W|15246|0|2|SNOW3|XA16TEX|122.593815208|0|0|1|1|0|0|-4400|-3348|-4396|-3356|2560|2559|1
W|15247|0|2|SNOW3|XA16TEX|131.538087118|0|0|1|1|0|0|-4396|-3356|-4404|-3360|2560|2559|1
W|15248|0|2|SNOW3|XA16TEX|140.482359028|0|0|1|1|0|0|-4404|-3360|-4416|-3360|2560|2559|1
W|15246|1|2|SNOW3|XA16TEX|0|-256|0|1|1|0|0|-4396|-3356|-4400|-3348|2559|2560|1
W|15245|1|2|SNOW3|XA16TEX|8.94427191|-256|0|1|1|0|0|-4400|-3348|-4396|-3340|2559|2560|1
W|15244|1|2|SNOW3|XA16TEX|17.88854382|-256|0|1|1|0|0|-4396|-3340|-4392|-3328|2559|2560|1
W|15243|1|2|SNOW3|XA16TEX|30.537654461|-256|0|1|1|0|0|-4392|-3328|-4396|-3312|2559|2560|1
W|15242|1|2|SNOW3|XA16TEX|47.030076963|-256|0|1|1|0|0|-4396|-3312|-4416|-3312|2559|2560|1
W|15241|1|2|SNOW3|XA16TEX|67.030076963|-256|0|1|1|0|0|-4416|-3312|-4428|-3320|2559|2560|1
W|15240|1|2|SNOW3|XA16TEX|81.452282065|-256|0|1|1|0|0|-4428|-3320|-4432|-3328|2559|2560|1
W|15252|1|2|SNOW3|XA16TEX|90.396553975|-256|0|1|1|0|0|-4432|-3328|-4432|-3332|2559|2560|1
W|15251|1|2|SNOW3|XA16TEX|94.396553975|-256|0|1|1|0|0|-4432|-3332|-4420|-3336|2559|2560|1
W|15250|1|2|SNOW3|XA16TEX|107.045664616|-256|0|1|1|0|0|-4420|-3336|-4416|-3352|2559|2560|1
W|15249|1|2|SNOW3|XA16TEX|123.538087118|-256|0|1|1|0|0|-4416|-3352|-4416|-3360|2559|2560|1
W|15248|1|2|SNOW3|XA16TEX|131.538087118|-256|0|1|1|0|0|-4416|-3360|-4404|-3360|2559|2560|1
W|15247|1|2|SNOW3|XA16TEX|143.538087118|-256|0|1|1|0|0|-4404|-3360|-4396|-3356|2559|2560|1
W|15259|0|2|SNOW3|XA16TEX|0|0|0|1|1|0|0|-4368|-3344|-4372|-3352|2560|2559|1
W|15256|0|2|SNOW3|XA16TEX|8.94427191|0|0|1|1|0|0|-4372|-3352|-4376|-3352|2560|2559|1
W|15257|0|2|SNOW3|XA16TEX|12.94427191|0|0|1|1|0|0|-4376|-3352|-4384|-3348|2560|2559|1
W|15258|0|2|SNOW3|XA16TEX|21.88854382|0|0|1|1|0|0|-4384|-3348|-4388|-3344|2560|2559|1
W|15253|0|2|SNOW3|XA16TEX|27.545398069|0|0|1|1|0|0|-4388|-3344|-4384|-3336|2560|2559|1
W|15254|0|2|SNOW3|XA16TEX|36.489669979|0|0|1|1|0|0|-4384|-3336|-4376|-3336|2560|2559|1
W|15255|0|2|SNOW3|XA16TEX|44.489669979|0|0|1|1|0|0|-4376|-3336|-4368|-3344|2560|2559|1
W|15255|1|2|SNOW3|XA16TEX|0|-256|0|1|1|0|0|-4368|-3344|-4376|-3336|2559|2560|1
W|15254|1|2|SNOW3|XA16TEX|11.313708499|-256|0|1|1|0|0|-4376|-3336|-4384|-3336|2559|2560|1
W|15253|1|2|SNOW3|XA16TEX|19.313708499|-256|0|1|1|0|0|-4384|-3336|-4388|-3344|2559|2560|1
W|15258|1|2|SNOW3|XA16TEX|28.257980409|-256|0|1|1|0|0|-4388|-3344|-4384|-3348|2559|2560|1
W|15257|1|2|SNOW3|XA16TEX|33.914834658|-256|0|1|1|0|0|-4384|-3348|-4376|-3352|2559|2560|1
W|15256|1|2|SNOW3|XA16TEX|42.859106568|-256|0|1|1|0|0|-4376|-3352|-4372|-3352|2559|2560|1
W|15259|1|2|SNOW3|XA16TEX|46.859106568|-256|0|1|1|0|0|-4372|-3352|-4368|-3344|2559|2560|1
W|15265|0|2|SNOW3|XA16TEX|0|0|0|1|1|0|0|-4340|-3404|-4344|-3392|2560|2559|1
W|15260|0|2|SNOW3|XA16TEX|12.649110641|0|0|1|1|0|0|-4344|-3392|-4336|-3384|2560|2559|1
W|15261|0|2|SNOW3|XA16TEX|23.96281914|0|0|1|1|0|0|-4336|-3384|-4324|-3388|2560|2559|1
W|15262|0|2|SNOW3|XA16TEX|36.61192978|0|0|1|1|0|0|-4324|-3388|-4324|-3392|2560|2559|1
W|15263|0|2|SNOW3|XA16TEX|40.61192978|0|0|1|1|0|0|-4324|-3392|-4328|-3400|2560|2559|1
W|15264|0|2|SNOW3|XA16TEX|49.55620169|0|0|1|1|0|0|-4328|-3400|-4340|-3404|2560|2559|1
W|15264|1|2|SNOW3|XA16TEX|0|-256|0|1|1|0|0|-4340|-3404|-4328|-3400|2559|2560|1
W|15263|1|2|SNOW3|XA16TEX|12.649110641|-256|0|1|1|0|0|-4328|-3400|-4324|-3392|2559|2560|1
W|15262|1|2|SNOW3|XA16TEX|21.593382551|-256|0|1|1|0|0|-4324|-3392|-4324|-3388|2559|2560|1
W|15261|1|2|SNOW3|XA16TEX|25.593382551|-256|0|1|1|0|0|-4324|-3388|-4336|-3384|2559|2560|1
W|15260|1|2|SNOW3|XA16TEX|38.242493191|-256|0|1|1|0|0|-4336|-3384|-4344|-3392|2559|2560|1
W|15265|1|2|SNOW3|XA16TEX|49.55620169|-256|0|1|1|0|0|-4344|-3392|-4340|-3404|2559|2560|1
W|15272|0|2|SNOW3|XA16TEX|0|0|0|1|1|0|0|-4304|-3316|-4316|-3312|2560|2559|1
W|15273|0|2|SNOW3|XA16TEX|12.649110641|0|0|1|1|0|0|-4316|-3312|-4328|-3304|2560|2559|1
W|15274|0|2|SNOW3|XA16TEX|27.071315743|0|0|1|1|0|0|-4328|-3304|-4340|-3308|2560|2559|1
W|15275|0|2|SNOW3|XA16TEX|39.720426383|0|0|1|1|0|0|-4340|-3308|-4356|-3304|2560|2559|1
W|15276|0|2|SNOW3|XA16TEX|56.212848886|0|0|1|1|0|0|-4356|-3304|-4360|-3296|2560|2559|1
W|15277|0|2|SNOW3|XA16TEX|65.157120796|0|0|1|1|0|0|-4360|-3296|-4360|-3284|2560|2559|1
W|15278|0|2|SNOW3|XA16TEX|77.157120796|0|0|1|1|0|0|-4360|-3284|-4352|-3280|2560|2559|1
W|15279|0|2|SNOW3|XA16TEX|86.101392706|0|0|1|1|0|0|-4352|-3280|-4344|-3280|2560|2559|1
W|15266|0|2|SNOW3|XA16TEX|94.101392706|0|0|1|1|0|0|-4344|-3280|-4328|-3284|2560|2559|1
W|15267|0|2|SNOW3|XA16TEX|110.593815208|0|0|1|1|0|0|-4328|-3284|-4320|-3292|2560|2559|1
W|15268|0|2|SNOW3|XA16TEX|121.907523707|0|0|1|1|0|0|-4320|-3292|-4312|-3296|2560|2559|1
W|15269|0|2|SNOW3|XA16TEX|130.851795617|0|0|1|1|0|0|-4312|-3296|-4304|-3300|2560|2559|1
W|15270|0|2|SNOW3|XA16TEX|139.796067527|0|0|1|1|0|0|-4304|-3300|-4300|-3308|2560|2559|1
W|15271|0|2|SNOW3|XA16TEX|148.740339437|0|0|1|1|0|0|-4300|-3308|-4304|-3316|2560|2559|1
W|15271|1|2|SNOW3|XA16TEX|0|-256|0|1|1|0|0|-4304|-3316|-4300|-3308|2559|2560|1
W|15270|1|2|SNOW3|XA16TEX|8.94427191|-256|0|1|1|0|0|-4300|-3308|-4304|-3300|2559|2560|1
W|15269|1|2|SNOW3|XA16TEX|17.88854382|-256|0|1|1|0|0|-4304|-3300|-4312|-3296|2559|2560|1
W|15268|1|2|SNOW3|XA16TEX|26.83281573|-256|0|1|1|0|0|-4312|-3296|-4320|-3292|2559|2560|1
W|15267|1|2|SNOW3|XA16TEX|35.77708764|-256|0|1|1|0|0|-4320|-3292|-4328|-3284|2559|2560|1
W|15266|1|2|SNOW3|XA16TEX|47.090796139|-256|0|1|1|0|0|-4328|-3284|-4344|-3280|2559|2560|1
W|15279|1|2|SNOW3|XA16TEX|63.583218641|-256|0|1|1|0|0|-4344|-3280|-4352|-3280|2559|2560|1
W|15278|1|2|SNOW3|XA16TEX|71.583218641|-256|0|1|1|0|0|-4352|-3280|-4360|-3284|2559|2560|1
W|15277|1|2|SNOW3|XA16TEX|80.527490551|-256|0|1|1|0|0|-4360|-3284|-4360|-3296|2559|2560|1
W|15276|1|2|SNOW3|XA16TEX|92.527490551|-256|0|1|1|0|0|-4360|-3296|-4356|-3304|2559|2560|1
W|15275|1|2|SNOW3|XA16TEX|101.471762461|-256|0|1|1|0|0|-4356|-3304|-4340|-3308|2559|2560|1
W|15274|1|2|SNOW3|XA16TEX|117.964184964|-256|0|1|1|0|0|-4340|-3308|-4328|-3304|2559|2560|1
W|15273|1|2|SNOW3|XA16TEX|130.613295605|-256|0|1|1|0|0|-4328|-3304|-4316|-3312|2559|2560|1
W|15272|1|2|SNOW3|XA16TEX|145.035500706|-256|0|1|1|0|0|-4316|-3312|-4304|-3316|2559|2560|1
W|17869|1|2|SNOW3|XA16TEX|0|-768|0|1|1|0|0|1936|-8272|2016|-8176|1812|3206|1
W|17868|1|2|SNOW3|XA16TEX|124.963994815|-768|0|1|1|0|0|2016|-8176|2112|-8080|1812|3206|1
W|17867|1|2|SNOW3|XA16TEX|260.728496802|-768|0|1|1|0|0|2112|-8080|2336|-8048|1812|3206|1
W|17866|1|2|SNOW3|XA16TEX|487.002666782|-768|0|1|1|0|0|2336|-8048|2400|-8096|1812|3206|1
W|17865|1|2|SNOW3|XA16TEX|55.002666782|-768|0|1|1|0|0|2400|-8096|2576|-8096|1812|3206|1
W|17864|1|2|SNOW3|XA16TEX|231.002666782|-768|0|1|1|0|0|2576|-8096|2640|-7984|1812|3206|1
W|17863|1|2|SNOW3|XA16TEX|359.998790755|-768|0|1|1|0|0|2640|-7984|2688|-7904|1812|3206|1
W|17856|0|2|SNOW3|XA16TEX|453.294021072|-768|0|1|1|0|0|2688|-7904|2944|-7904|1812|1813|1
W|17876|1|2|SNOW3|XA16TEX|197.294021072|-768|0|1|1|0|0|2944|-7904|2912|-8160|1812|3206|1
W|17875|1|2|SNOW3|XA16TEX|455.286269018|-768|0|1|1|0|0|2912|-8160|2848|-8208|1812|3206|1
W|17874|1|2|SNOW3|XA16TEX|23.286269018|-768|0|1|1|0|0|2848|-8208|2688|-8256|1812|3206|1
W|17873|1|2|SNOW3|XA16TEX|190.33117316|-768|0|1|1|0|0|2688|-8256|2464|-8288|1812|3206|1
W|17872|1|2|SNOW3|XA16TEX|416.60534314|-768|0|1|1|0|0|2464|-8288|2400|-8352|1812|3206|1
W|17871|1|2|SNOW3|XA16TEX|507.115011132|-768|0|1|1|0|0|2400|-8352|2096|-8352|1812|3206|1
W|17870|1|2|SNOW3|XA16TEX|299.115011132|-768|0|1|1|0|0|2096|-8352|1936|-8272|1812|3206|1
W|3069|0|1|TEKWALL4|XA09TEX|26|-384|0|1|1|26|23|176|-5376|176|-5312|582|-1|1
W|3078|0|1|TEKWALL4|XA09TEX|83|-384|0|1|1|-45|23|176|-5184|176|-5120|585|-1|1
W|3090|0|1|TEKWALL4|XA09TEX|113|-384|0|1|1|-15|23|176|-5472|176|-5408|579|-1|1
W|3096|0|1|TEKWALL4|XA09TEX|113|-384|0|1|1|-15|23|176|-5280|176|-5216|586|-1|1
W|3104|0|1|TEKWALL4|XA09TEX|73|-384|0|1|1|-55|23|176|-4768|176|-4704|588|-1|1
W|3114|0|1|TEKWALL4|XA09TEX|13|-384|0|1|1|13|23|176|-4864|176|-4800|590|-1|1
W|3147|0|1|TEKWALL4|XA09TEX|113|-384|0|1|1|-15|23|176|-4672|176|-4608|577|-1|1
W|4376|0|1|TEKWALL4|XA09TEX|0|0|0|1|1|0|-44|8768|1712|8704|1712|849|-1|1
W|4385|0|1|TEKWALL4|XA09TEX|0|0|0|1|1|0|0|8896|1712|8832|1712|834|-1|1
W|4394|0|1|TEKWALL4|XA09TEX|112|0|0|1|1|-16|0|9024|1712|8960|1712|776|-1|1
W|4403|0|1|TEKWALL4|XA09TEX|109|0|0|1|1|-19|16|9216|1712|9152|1712|837|-1|1
W|4412|0|1|TEKWALL4|XA09TEX|0|0|0|1|1|0|0|9344|1712|9280|1712|838|-1|1
W|4423|0|1|TEKWALL4|XA09TEX|0|0|0|1|1|0|0|9408|3024|9472|3024|859|-1|1
W|4442|0|1|TEKWALL4|XA09TEX|109|0|0|1|1|-19|0|9280|3024|9344|3024|856|-1|1
W|4443|0|1|TEKWALL4|XA09TEX|0|0|0|1|1|0|39|9152|3024|9216|3024|858|-1|1
W|4457|0|1|TEKWALL4|XA09TEX|92|0|0|1|1|-36|0|8832|3024|8896|3024|863|-1|1
W|4463|0|1|TEKWALL4|XA09TEX|0|0|0|1|1|0|0|8704|3024|8768|3024|842|-1|1
W|4510|0|1|TEKWALL4|XA09TEX|64|0|0|1|1|-64|0|-4664|-3728|-4600|-3728|872|-1|1
W|1382|0|1|TEKWALL4|XA09TEX|128|0|0|1|1|0|0|-4600|-3728|-4600|-3792|872|-1|1
W|1381|0|1|TEKWALL4|XA09TEX|192|0|0|1|1|64|0|-4600|-3792|-4664|-3792|872|-1|1
W|4529|0|1|TEKWALL4|XA09TEX|11|0|0|1|1|11|-26|9472|1712|9408|1712|1775|-1|1
W|4537|0|1|TEKWALL4|XA09TEX|0|0|0|1|1|0|0|8960|3024|9024|3024|861|-1|1
W|6107|0|0|TEKWALL4|XA09TEX|0|-128|0|1|1|0|0|200|-3400|208|-3400|1092|1062|1
W|6105|0|0|TEKWALL4|XA09TEX|8|-128|0|1|1|0|0|208|-3400|208|-3320|1092|1062|1
W|6113|0|0|TEKWALL4|XA09TEX|88|-128|0|1|1|0|0|208|-3320|200|-3320|1092|1062|1
W|6125|0|1|TEKWALL4|XA09TEX|113|-128|0|1|1|-15|23|176|-3696|176|-3632|1065|-1|1
W|6139|0|1|TEKWALL4|XA09TEX|108|-128|0|1|1|-20|0|176|-3584|176|-3560|1099|-1|1
W|6141|0|1|TEKWALL4|XA09TEX|0|-128|0|1|1|0|0|176|-3512|176|-3448|1104|-1|1
W|6151|0|1|TEKWALL4|XA09TEX|98|-128|0|1|1|-30|-30|176|-3160|176|-3096|1109|-1|1
W|9148|0|1|TEKWALL4|XA09TEX|56|384|0|1|1|-72|0|-721|-3232|-714|-3247|1680|-1|1
W|9144|0|1|TEKWALL4|XA09TEX|72.552945357|384|0|1|1|-55|0|-714|-3247|-702|-3259|1680|-1|1
W|9933|0|1|TEKWALL4|XA09TEX|89.523508106|384|0|1|1|-38|0|-702|-3259|-686|-3267|1680|-1|1
W|9929|0|1|TEKWALL4|XA09TEX|107.412051926|384|0|1|1|-20|0|-686|-3267|-667|-3272|1680|-1|1
W|9174|0|1|TEKWALL4|XA09TEX|127.05893463|384|0|1|1|0|0|-667|-3272|-648|-3272|1680|-1|1
W|9145|0|1|TEKWALL4|XA09TEX|146.05893463|384|0|1|1|19|0|-648|-3272|-629|-3267|1680|-1|1
W|9173|0|1|TEKWALL4|XA09TEX|165.705817334|384|0|1|1|39|0|-629|-3267|-613|-3259|1680|-1|1
W|9176|0|1|TEKWALL4|XA09TEX|183.594361154|384|0|1|1|57|0|-613|-3259|-601|-3247|1680|-1|1
W|9161|0|1|TEKWALL4|XA09TEX|200.564923903|384|0|1|1|74|0|-601|-3247|-593|-3232|1680|-1|1
W|9237|0|1|TEKWALL4|XA09TEX|56|384|0|1|1|-72|0|-1080|-3232|-1073|-3247|1664|-1|1
W|9925|0|1|TEKWALL4|XA09TEX|72.552945357|384|0|1|1|-55|0|-1073|-3247|-1061|-3259|1664|-1|1
W|9221|0|1|TEKWALL4|XA09TEX|89.523508106|384|0|1|1|-38|0|-1061|-3259|-1045|-3267|1664|-1|1
W|9202|0|1|TEKWALL4|XA09TEX|107.412051926|384|0|1|1|-20|0|-1045|-3267|-1026|-3272|1664|-1|1
W|9211|0|1|TEKWALL4|XA09TEX|127.05893463|384|0|1|1|0|0|-1026|-3272|-1007|-3272|1664|-1|1
W|9210|0|1|TEKWALL4|XA09TEX|146.05893463|384|0|1|1|19|0|-1007|-3272|-988|-3267|1664|-1|1
W|9209|0|1|TEKWALL4|XA09TEX|165.705817334|384|0|1|1|39|0|-988|-3267|-972|-3259|1664|-1|1
W|9206|0|1|TEKWALL4|XA09TEX|183.594361154|384|0|1|1|57|0|-972|-3259|-960|-3247|1664|-1|1
W|9918|0|1|TEKWALL4|XA09TEX|200.564923903|384|0|1|1|74|0|-960|-3247|-952|-3232|1664|-1|1
W|9262|0|1|TEKWALL4|XA09TEX|56|384|0|1|1|-72|0|-360|-3232|-353|-3247|1672|-1|1
W|9245|0|1|TEKWALL4|XA09TEX|72.552945357|384|0|1|1|-55|0|-353|-3247|-341|-3259|1672|-1|1
W|9248|0|1|TEKWALL4|XA09TEX|89.523508106|384|0|1|1|-38|0|-341|-3259|-325|-3267|1672|-1|1
W|9234|0|1|TEKWALL4|XA09TEX|107.412051926|384|0|1|1|-20|0|-325|-3267|-306|-3272|1672|-1|1
W|9250|0|1|TEKWALL4|XA09TEX|127.05893463|384|0|1|1|0|0|-306|-3272|-287|-3272|1672|-1|1
W|9252|0|1|TEKWALL4|XA09TEX|146.05893463|384|0|1|1|19|0|-287|-3272|-268|-3267|1672|-1|1
W|9254|0|1|TEKWALL4|XA09TEX|165.705817334|384|0|1|1|39|0|-268|-3267|-252|-3259|1672|-1|1
W|9257|0|1|TEKWALL4|XA09TEX|183.594361154|384|0|1|1|57|0|-252|-3259|-240|-3247|1672|-1|1
W|9259|0|1|TEKWALL4|XA09TEX|200.564923903|384|0|1|1|74|0|-240|-3247|-232|-3232|1672|-1|1
W|9292|0|1|TEKWALL4|XA09TEX|56|384|0|1|1|-72|0|-591|-3488|-598|-3473|1652|-1|1
W|9297|0|1|TEKWALL4|XA09TEX|72.552945357|384|0|1|1|-55|0|-598|-3473|-610|-3461|1652|-1|1
W|9295|0|1|TEKWALL4|XA09TEX|89.523508106|384|0|1|1|-38|0|-610|-3461|-626|-3453|1652|-1|1
W|9287|0|1|TEKWALL4|XA09TEX|107.412051926|384|0|1|1|-20|0|-626|-3453|-645|-3448|1652|-1|1
W|9290|0|1|TEKWALL4|XA09TEX|127.05893463|384|0|1|1|0|0|-645|-3448|-664|-3448|1652|-1|1
W|9293|0|1|TEKWALL4|XA09TEX|146.05893463|384|0|1|1|19|0|-664|-3448|-683|-3453|1652|-1|1
W|9291|0|1|TEKWALL4|XA09TEX|165.705817334|384|0|1|1|39|0|-683|-3453|-699|-3461|1652|-1|1
W|9289|0|1|TEKWALL4|XA09TEX|183.594361154|384|0|1|1|57|0|-699|-3461|-711|-3473|1652|-1|1
W|9988|0|1|TEKWALL4|XA09TEX|200.564923903|384|0|1|1|74|0|-711|-3473|-719|-3488|1652|-1|1
W|9378|0|1|TEKWALL4|XA09TEX|56|384|0|1|1|-72|0|-952|-3488|-959|-3473|1691|-1|1
W|9370|0|1|TEKWALL4|XA09TEX|72.552945357|384|0|1|1|-55|0|-959|-3473|-971|-3461|1691|-1|1
W|9371|0|1|TEKWALL4|XA09TEX|89.523508106|384|0|1|1|-38|0|-971|-3461|-987|-3453|1691|-1|1
W|9372|0|1|TEKWALL4|XA09TEX|107.412051926|384|0|1|1|-20|0|-987|-3453|-1006|-3448|1691|-1|1
W|9373|0|1|TEKWALL4|XA09TEX|127.05893463|384|0|1|1|0|0|-1006|-3448|-1025|-3448|1691|-1|1
W|9375|0|1|TEKWALL4|XA09TEX|146.05893463|384|0|1|1|19|0|-1025|-3448|-1044|-3453|1691|-1|1
W|9374|0|1|TEKWALL4|XA09TEX|165.705817334|384|0|1|1|39|0|-1044|-3453|-1060|-3461|1691|-1|1
W|9376|0|1|TEKWALL4|XA09TEX|183.594361154|384|0|1|1|57|0|-1060|-3461|-1072|-3473|1691|-1|1
W|9377|0|1|TEKWALL4|XA09TEX|200.564923903|384|0|1|1|74|0|-1072|-3473|-1080|-3488|1691|-1|1
W|9431|0|1|TEKWALL4|XA09TEX|56|384|0|1|1|-72|0|-232|-3488|-239|-3473|1690|-1|1
W|9401|0|1|TEKWALL4|XA09TEX|72.552945357|384|0|1|1|-55|0|-239|-3473|-251|-3461|1690|-1|1
W|9343|0|1|TEKWALL4|XA09TEX|89.523508106|384|0|1|1|-38|0|-251|-3461|-267|-3453|1690|-1|1
W|9333|0|1|TEKWALL4|XA09TEX|107.412051926|384|0|1|1|-20|0|-267|-3453|-286|-3448|1690|-1|1
W|9408|0|1|TEKWALL4|XA09TEX|127.05893463|384|0|1|1|0|0|-286|-3448|-305|-3448|1690|-1|1
W|9334|0|1|TEKWALL4|XA09TEX|146.05893463|384|0|1|1|19|0|-305|-3448|-324|-3453|1690|-1|1
W|9337|0|1|TEKWALL4|XA09TEX|165.705817334|384|0|1|1|39|0|-324|-3453|-340|-3461|1690|-1|1
W|9619|0|1|TEKWALL4|XA09TEX|183.594361154|384|0|1|1|57|0|-340|-3461|-352|-3473|1690|-1|1
W|9338|0|1|TEKWALL4|XA09TEX|200.564923903|384|0|1|1|74|0|-352|-3473|-360|-3488|1690|-1|1
W|10196|0|1|TEKWALL4|XA09TEX|0|128|0|1|1|0|28|-4720|-3056|-4688|-3056|2738|-1|1
W|10206|0|1|TEKWALL4|XA09TEX|96|128|0|1|1|-32|-27|-4784|-3056|-4752|-3056|2736|-1|1
W|10216|0|1|TEKWALL4|XA09TEX|106|128|0|1|1|-22|0|-4656|-3152|-4656|-3184|2734|-1|1
W|10421|0|1|TEKWALL4|XA09TEX|0|128|0|1|1|0|0|-4656|-3216|-4656|-3248|2685|-1|1
W|10504|0|1|TEKWALL4|XA09TEX|27|128|0|1|1|27|0|-4656|-3088|-4656|-3120|2732|-1|1
W|10686|0|1|TEKWALL4|XA09TEX|0|-128|0|1|1|0|0|176|-3272|176|-3208|1107|-1|1
W|15932|0|1|TEKWALL4|XA09TEX|64|-256|0|1|1|64|0|2576|-6144|2592|-6144|2854|-1|1
W|15910|0|1|TEKWALL4|XA09TEX|80|-256|0|1|1|48|0|2592|-6144|2608|-6144|2861|-1|1
W|15936|1|0|TEKWALL4|XA09TEX|32|-256|0|1|1|32|0|2576|-5856|2576|-5920|2874|2857|1
W|15936|1|2|TEKWALL4|XA09TEX|32|-256|0|1|1|32|0|2576|-5856|2576|-5920|2874|2857|1
W|16084|0|0|TEKWALL4|XA09TEX|96|-256|0|1|1|16|0|2576|-5920|2592|-5920|2854|2857|1
W|16084|0|2|TEKWALL4|XA09TEX|96|-256|0|1|1|16|0|2576|-5920|2592|-5920|2854|2857|1
W|15943|0|0|TEKWALL4|XA09TEX|112|-256|0|1|1|0|0|2592|-5920|2608|-5920|2861|2857|1
W|15943|0|2|TEKWALL4|XA09TEX|112|-256|0|1|1|0|0|2592|-5920|2608|-5920|2861|2857|1
W|15938|0|0|TEKWALL4|XA09TEX|128|-256|0|1|1|-64|0|2608|-5920|2608|-5856|2868|2857|1
W|15938|0|2|TEKWALL4|XA09TEX|128|-256|0|1|1|-64|0|2608|-5920|2608|-5856|2868|2857|1
W|15944|0|1|TEKWALL4|XA09TEX|0|-384|0|1|1|0|0|2608|-6368|2576|-6368|2863|-1|1
W|15946|0|0|TEKWALL4|XA09TEX|80|-256|0|1|1|-48|0|2608|-6368|2608|-6304|2871|2863|1
W|15946|0|2|TEKWALL4|XA09TEX|80|-256|0|1|1|-48|0|2608|-6368|2608|-6304|2871|2863|1
W|15948|1|0|TEKWALL4|XA09TEX|144|-256|0|1|1|-64|0|2608|-6304|2592|-6304|2861|2863|1
W|15948|1|2|TEKWALL4|XA09TEX|144|-256|0|1|1|-64|0|2608|-6304|2592|-6304|2861|2863|1
W|15941|1|0|TEKWALL4|XA09TEX|160|-256|0|1|1|-80|0|2592|-6304|2576|-6304|2854|2863|1
W|15941|1|2|TEKWALL4|XA09TEX|160|-256|0|1|1|-80|0|2592|-6304|2576|-6304|2854|2863|1
W|16013|1|0|TEKWALL4|XA09TEX|176|-256|0|1|1|-16|0|2576|-6304|2576|-6368|2872|2863|1
W|16013|1|2|TEKWALL4|XA09TEX|176|-256|0|1|1|-16|0|2576|-6304|2576|-6368|2872|2863|1
W|16034|0|1|TEKWALL4|XA09TEX|0|-384|0|1|1|0|0|2576|-5856|2608|-5856|2857|-1|1
W|16042|0|1|TEKWALL4|XA09TEX|64|-256|0|1|1|64|0|2608|-6080|2592|-6080|2861|-1|1
W|15919|0|1|TEKWALL4|XA09TEX|80|-256|0|1|1|48|0|2592|-6080|2576|-6080|2854|-1|1
W|16137|0|1|TEKWALL4|XA09TEX|48|-256|0|1|1|48|0|1744|-6144|1760|-6144|2901|-1|1
W|16175|0|1|TEKWALL4|XA09TEX|64|-256|0|1|1|64|0|1760|-6144|1776|-6144|2884|-1|1
W|16163|0|0|TEKWALL4|XA09TEX|64|-256|0|1|1|-64|0|1744|-5856|1744|-5920|2894|2893|1
W|16163|0|2|TEKWALL4|XA09TEX|64|-256|0|1|1|-64|0|1744|-5856|1744|-5920|2894|2893|1
W|16164|0|0|TEKWALL4|XA09TEX|128|-256|0|1|1|0|0|1744|-5920|1760|-5920|2901|2893|1
W|16164|0|2|TEKWALL4|XA09TEX|128|-256|0|1|1|0|0|1744|-5920|1760|-5920|2901|2893|1
W|16146|0|0|TEKWALL4|XA09TEX|144|-256|0|1|1|16|0|1760|-5920|1776|-5920|2884|2893|1
W|16146|0|2|TEKWALL4|XA09TEX|144|-256|0|1|1|16|0|1760|-5920|1776|-5920|2884|2893|1
W|16160|1|0|TEKWALL4|XA09TEX|160|-256|0|1|1|32|0|1776|-5920|1776|-5856|2889|2893|1
W|16160|1|2|TEKWALL4|XA09TEX|160|-256|0|1|1|32|0|1776|-5920|1776|-5856|2889|2893|1
W|16165|0|1|TEKWALL4|XA09TEX|0|-384|0|1|1|0|0|1744|-5856|1776|-5856|2893|-1|1
W|16172|1|0|TEKWALL4|XA09TEX|112|-256|0|1|1|-16|0|1776|-6368|1776|-6304|2891|2906|1
W|16172|1|2|TEKWALL4|XA09TEX|112|-256|0|1|1|-16|0|1776|-6368|1776|-6304|2891|2906|1
W|16167|1|0|TEKWALL4|XA09TEX|176|-256|0|1|1|-80|0|1776|-6304|1760|-6304|2884|2906|1
W|16167|1|2|TEKWALL4|XA09TEX|176|-256|0|1|1|-80|0|1776|-6304|1760|-6304|2884|2906|1
W|16182|1|0|TEKWALL4|XA09TEX|192|-256|0|1|1|-64|0|1760|-6304|1744|-6304|2901|2906|1
W|16182|1|2|TEKWALL4|XA09TEX|192|-256|0|1|1|-64|0|1760|-6304|1744|-6304|2901|2906|1
W|16178|0|0|TEKWALL4|XA09TEX|208|-256|0|1|1|-48|0|1744|-6304|1744|-6368|2907|2906|1
W|16178|0|2|TEKWALL4|XA09TEX|208|-256|0|1|1|-48|0|1744|-6304|1744|-6368|2907|2906|1
W|16173|0|1|TEKWALL4|XA09TEX|0|-384|0|1|1|0|0|1776|-6368|1744|-6368|2906|-1|1
W|16192|0|1|TEKWALL4|XA09TEX|48|-256|0|1|1|48|0|1776|-6080|1760|-6080|2884|-1|1
W|16147|0|1|TEKWALL4|XA09TEX|64|-256|0|1|1|64|0|1760|-6080|1744|-6080|2901|-1|1
W|401|0|1|TEKWALL4|XA09TEX|76|512|0|1|1|-52|0|-3824|1232|-3808|1232|83|-1|1
W|402|0|1|TEKWALL4|XA09TEX|92|512|0|1|1|-36|0|-3808|1232|-3776|1248|83|-1|1
W|403|0|1|TEKWALL4|XA09TEX|127.77708764|512|0|1|1|-96|0|-3776|1248|-3648|1248|83|-1|1
W|411|0|1|TEKWALL4|XA09TEX|255.77708764|512|0|1|1|-96|0|-3648|1248|-3616|1232|83|-1|1
W|410|0|1|TEKWALL4|XA09TEX|291.55417528|512|0|1|1|-60|0|-3616|1232|-3600|1232|83|-1|1
W|396|0|1|TEKWALL4|XA09TEX|307.55417528|512|0|1|1|-44|0|-3600|1232|-3600|1296|83|-1|1
W|412|0|1|TEKWALL4|XA09TEX|371.55417528|512|0|1|1|-108|0|-3600|1296|-3616|1328|83|-1|1
W|414|0|1|TEKWALL4|XA09TEX|407.33126292|512|0|1|1|-72|0|-3616|1328|-3616|1456|83|-1|1
W|415|0|1|TEKWALL4|XA09TEX|23.33126292|512|0|1|1|-72|0|-3616|1456|-3600|1488|83|-1|1
W|413|0|1|TEKWALL4|XA09TEX|59.10835056|512|0|1|1|-36|0|-3600|1488|-3600|1552|83|-1|1
W|397|0|1|TEKWALL4|XA09TEX|123.10835056|512|0|1|1|-100|0|-3600|1552|-3664|1552|83|-1|1
W|406|0|1|TEKWALL4|XA09TEX|187.10835056|512|0|1|1|-36|0|-3664|1552|-3696|1536|83|-1|1
W|405|0|1|TEKWALL4|XA09TEX|222.8854382|512|0|1|1|0|0|-3696|1536|-3728|1536|83|-1|1
W|404|0|1|TEKWALL4|XA09TEX|254.8854382|512|0|1|1|-96|0|-3728|1536|-3760|1552|83|-1|1
W|398|0|1|TEKWALL4|XA09TEX|290.66252584|512|0|1|1|-60|0|-3760|1552|-3824|1552|83|-1|1
W|409|0|1|TEKWALL4|XA09TEX|354.66252584|512|0|1|1|-124|0|-3824|1552|-3824|1488|83|-1|1
W|408|0|1|TEKWALL4|XA09TEX|418.66252584|512|0|1|1|-60|0|-3824|1488|-3808|1456|83|-1|1
W|407|0|1|TEKWALL4|XA09TEX|454.43961348|512|0|1|1|-24|0|-3808|1456|-3808|1328|83|-1|1
W|399|0|1|TEKWALL4|XA09TEX|70.43961348|512|0|1|1|-24|0|-3808|1328|-3824|1296|83|-1|1
W|400|0|1|TEKWALL4|XA09TEX|106.21670112|512|0|1|1|-116|0|-3824|1296|-3824|1232|83|-1|1
W|852|0|1|TEKWALL4|XA09TEX|76|512|0|1|1|76|0|-3600|48|-3616|48|163|-1|1
W|853|0|1|TEKWALL4|XA09TEX|92|512|0|1|1|92|0|-3616|48|-3648|32|163|-1|1
W|854|0|1|TEKWALL4|XA09TEX|127.77708764|512|0|1|1|0|0|-3648|32|-3776|32|163|-1|1
W|862|0|1|TEKWALL4|XA09TEX|255.77708764|512|0|1|1|0|0|-3776|32|-3808|48|163|-1|1
W|861|0|1|TEKWALL4|XA09TEX|291.55417528|512|0|1|1|36|0|-3808|48|-3824|48|163|-1|1
W|847|0|1|TEKWALL4|XA09TEX|307.55417528|512|0|1|1|52|0|-3824|48|-3824|-16|163|-1|1
W|863|0|1|TEKWALL4|XA09TEX|371.55417528|512|0|1|1|116|0|-3824|-16|-3808|-48|163|-1|1
W|865|0|1|TEKWALL4|XA09TEX|407.33126292|512|0|1|1|24|0|-3808|-48|-3808|-176|163|-1|1
W|866|0|1|TEKWALL4|XA09TEX|23.33126292|512|0|1|1|24|0|-3808|-176|-3824|-208|163|-1|1
W|864|0|1|TEKWALL4|XA09TEX|59.10835056|512|0|1|1|60|0|-3824|-208|-3824|-272|163|-1|1
W|848|0|1|TEKWALL4|XA09TEX|123.10835056|512|0|1|1|124|0|-3824|-272|-3760|-272|163|-1|1
W|857|0|1|TEKWALL4|XA09TEX|187.10835056|512|0|1|1|60|0|-3760|-272|-3728|-256|163|-1|1
W|856|0|1|TEKWALL4|XA09TEX|222.8854382|512|0|1|1|0|0|-3728|-256|-3696|-256|163|-1|1
W|855|0|1|TEKWALL4|XA09TEX|254.8854382|512|0|1|1|32|0|-3696|-256|-3664|-272|163|-1|1
W|849|0|1|TEKWALL4|XA09TEX|290.66252584|512|0|1|1|68|0|-3664|-272|-3600|-272|163|-1|1
W|860|0|1|TEKWALL4|XA09TEX|354.66252584|512|0|1|1|4|0|-3600|-272|-3600|-208|163|-1|1
W|859|0|1|TEKWALL4|XA09TEX|418.66252584|512|0|1|1|68|0|-3600|-208|-3616|-176|163|-1|1
W|858|0|1|TEKWALL4|XA09TEX|454.43961348|512|0|1|1|104|0|-3616|-176|-3616|-48|163|-1|1
W|850|0|1|TEKWALL4|XA09TEX|70.43961348|512|0|1|1|104|0|-3616|-48|-3600|-16|163|-1|1
W|851|0|1|TEKWALL4|XA09TEX|106.21670112|512|0|1|1|12|0|-3600|-16|-3600|48|163|-1|1
W|6759|0|1|TEKWALL4|XA09TEX|0|768|0|1|1|0|0|480|-1728|448|-1760|1240|-1|1
W|6736|0|1|TEKWALL4|XA09TEX|45.254833996|768|0|1|1|0|0|448|-1760|448|-2080|1240|-1|1
W|6764|0|1|TEKWALL4|XA09TEX|365.254833996|768|0|1|1|0|0|448|-2080|480|-2112|1240|-1|1
W|6763|0|1|TEKWALL4|XA09TEX|410.509667992|768|0|1|1|0|0|480|-2112|1312|-2112|1240|-1|1
W|6761|0|1|TEKWALL4|XA09TEX|218.509667992|768|0|1|1|0|0|1312|-2112|1344|-2080|1240|-1|1
W|6762|0|1|TEKWALL4|XA09TEX|263.764501988|768|0|1|1|0|0|1344|-2080|1344|-1760|1240|-1|1
W|6758|0|1|TEKWALL4|XA09TEX|71.764501988|768|0|1|1|0|0|1344|-1760|1312|-1728|1240|-1|1
W|6878|0|1|TEKWALL4|XA09TEX|117.019335984|768|0|1|1|0|0|1312|-1728|480|-1728|1240|-1|1
W|11759|0|1|TEKWALL4|XA09TEX|84|384|0|1|1|-44|0|-4560|1008|-4544|1008|1962|-1|1
W|11775|0|1|TEKWALL4|XA09TEX|100|384|0|1|1|-108|0|-4544|1008|-4512|1024|1962|-1|1
W|11777|0|1|TEKWALL4|XA09TEX|135.77708764|384|0|1|1|-72|0|-4512|1024|-4384|1024|1962|-1|1
W|11755|0|1|TEKWALL4|XA09TEX|263.77708764|384|0|1|1|-72|0|-4384|1024|-4352|1008|1962|-1|1
W|11776|0|1|TEKWALL4|XA09TEX|299.55417528|384|0|1|1|-36|0|-4352|1008|-4336|1008|1962|-1|1
W|11760|0|1|TEKWALL4|XA09TEX|315.55417528|384|0|1|1|-100|0|-4336|1008|-4336|1024|1962|-1|1
W|11769|0|1|TEKWALL4|XA09TEX|331.55417528|384|0|1|1|-36|0|-4336|1024|-4352|1056|1962|-1|1
W|11768|0|1|TEKWALL4|XA09TEX|367.33126292|384|0|1|1|0|0|-4352|1056|-4352|1088|1962|-1|1
W|11767|0|1|TEKWALL4|XA09TEX|399.33126292|384|0|1|1|-96|0|-4352|1088|-4336|1120|1962|-1|1
W|11761|0|1|TEKWALL4|XA09TEX|435.10835056|384|0|1|1|-60|0|-4336|1120|-4336|1136|1962|-1|1
W|11772|0|1|TEKWALL4|XA09TEX|451.10835056|384|0|1|1|-124|0|-4336|1136|-4352|1136|1962|-1|1
W|11771|0|1|TEKWALL4|XA09TEX|467.10835056|384|0|1|1|-60|0|-4352|1136|-4384|1120|1962|-1|1
W|11770|0|1|TEKWALL4|XA09TEX|502.8854382|384|0|1|1|-24|0|-4384|1120|-4512|1120|1962|-1|1
W|11762|0|1|TEKWALL4|XA09TEX|118.8854382|384|0|1|1|-24|0|-4512|1120|-4544|1136|1962|-1|1
W|11763|0|1|TEKWALL4|XA09TEX|154.66252584|384|0|1|1|-116|0|-4544|1136|-4560|1136|1962|-1|1
W|11764|0|1|TEKWALL4|XA09TEX|170.66252584|384|0|1|1|-52|0|-4560|1136|-4560|1120|1962|-1|1
W|11765|0|1|TEKWALL4|XA09TEX|186.66252584|384|0|1|1|-36|0|-4560|1120|-4544|1088|1962|-1|1
W|11766|0|1|TEKWALL4|XA09TEX|222.43961348|384|0|1|1|-96|0|-4544|1088|-4544|1056|1962|-1|1
W|11774|0|1|TEKWALL4|XA09TEX|254.43961348|384|0|1|1|-96|0|-4544|1056|-4560|1024|1962|-1|1
W|11773|0|1|TEKWALL4|XA09TEX|290.21670112|384|0|1|1|-60|0|-4560|1024|-4560|1008|1962|-1|1
