0|6|0|XA11TEX|EV000000|0|832.0|128.0|-140.0|1|0|0|640.0|384.0|10|6|-1
1|8|1|QROCK3X8|EV000001|60|832.0|384.0|-140.0|0.9796027006414902|0.20094414372133132|0|636.9929355966202|268.0|10|5|-1
1|185|0|QROCK3X8|EV000002|110|1440.0|416.0|112.0|0.31622776601683794|-0.9486832980505138|0|101.19288512538814|16.0|2|1|-1
1|185|2|QROCK3X8|EV000003|112|1440.0|416.0|-140.0|0.31622776601683794|-0.9486832980505138|0|101.19288512538814|70.0|2|2|-1
1|422|0|QROCK3X8|EV000004|116|1456.0|512.0|112.0|-0.1643989873053573|-0.9863939238321437|0|97.32420048477151|16.0|2|1|-1
1|422|2|QROCK3X8|EV000005|118|1456.0|512.0|-140.0|-0.1643989873053573|-0.9863939238321437|0|97.32420048477151|70.0|2|2|-1
0|7|0|XA11TEX|EV000006|122|576.0|-128.0|-180.0|1|0|0|256.0|512.0|4|8|-1
1|9|1|QROCK3X8|EV000007|154|576.0|64.0|-180.0|0.6246950475544243|0.7808688094430304|0|409.7999511957023|308.0|7|5|-1
1|183|2|QROCK3X8|EV000008|189|832.0|384.0|-180.0|0.0|-1.0|0|256.0|40.0|4|1|-1
0|8|0|XA11TEX|EV000009|193|448.0|-320.0|-220.0|1|0|0|256.0|384.0|4|6|-1
1|10|1|QROCK3X8|EV000010|217|448.0|-320.0|-220.0|0.31622776601683794|0.9486832980505138|0|404.7715405015526|348.0|7|6|-1
1|181|2|QROCK3X8|EV000011|259|576.0|64.0|-220.0|0.5547001962252291|-0.8320502943378437|0|230.7552816296953|40.0|4|1|-1
0|9|0|XA11TEX|EV000012|263|-960.0|-64.0|-326.0|1|0|0|384.0|128.0|6|2|-1
1|11|0|QROCK3X8|EV000013|275|-768.0|64.0|-138.0|0.8320502943378437|-0.5547001962252291|0|230.7552816296953|10.0|4|1|-1
1|11|2|QROCK3X8|EV000014|279|-768.0|64.0|-326.0|0.8320502943378437|-0.5547001962252291|0|230.7552816296953|188.0|4|3|-1
1|50|0|QROCK3X8|EV000015|291|-960.0|0.0|-192.0|0.9486832980505138|0.31622776601683794|0|202.3857702507763|64.0|4|1|-1
1|50|2|QROCK3X8|EV000016|295|-960.0|0.0|-326.0|0.9486832980505138|0.31622776601683794|0|202.3857702507763|134.0|4|3|-1
0|10|0|XA11TEX|EV000017|307|-800.0|-64.0|-138.0|1|0|0|224.0|160.0|4|3|-1
1|162|0|QROCK3X8|EV000018|319|-768.0|64.0|-192.0|-0.7071067811865475|0.7071067811865475|0|45.254833995939045|54.0|1|1|-1
0|11|0|XA11TEX|EV000019|320|-64.0|-768.0|-296.0|1|0|0|384.0|320.0|6|5|-1
1|13|1|QROCK3X8|EV000020|350|320.0|-768.0|-296.0|-0.9863939238321437|0.1643989873053573|0|389.29680193908604|130.0|7|3|-1
1|100|0|QROCK3X8|EV000021|371|-64.0|-704.0|-176.0|0.7808688094430304|0.6246950475544243|0|409.7999511957023|10.0|7|1|-1
1|103|2|QROCK3X8|EV000022|378|256.0|-448.0|-296.0|0.19611613513818404|-0.9805806756909202|0|326.3372488699382|40.0|6|1|-1
0|12|0|XA11TEX|EV000023|384|2048.0|0.0|-120.0|1|0|0|512.0|448.0|8|7|-1
1|14|1|QROCK3X8|EV000024|440|2048.0|448.0|-120.0|0.8944271909999159|-0.4472135954999579|0|572.4334022399462|248.0|9|4|-1
1|191|2|QROCK3X8|EV000025|476|2560.0|192.0|-120.0|-0.31622776601683794|-0.9486832980505138|0|202.3857702507763|20.0|4|1|-1
0|13|0|XA11TEX|EV000026|480|1792.0|192.0|-140.0|1|0|0|320.0|320.0|5|5|-1
1|15|1|QROCK3X8|EV000027|505|1792.0|512.0|-140.0|0.9701425001453319|-0.24253562503633297|0|263.8787600395303|268.0|5|5|-1
1|186|0|QROCK3X8|EV000028|530|1792.0|320.0|112.0|0.6|0.8|0|80.0|16.0|2|1|-1
1|186|2|QROCK3X8|EV000029|532|1792.0|320.0|-140.0|0.6|0.8|0|80.0|70.0|2|2|-1
1|189|2|QROCK3X8|EV000030|536|2048.0|448.0|-140.0|0.24253562503633297|-0.9701425001453319|0|263.8787600395303|20.0|5|1|-1
1|419|0|QROCK3X8|EV000031|541|1840.0|384.0|112.0|-0.3511234415883917|0.9363291775690445|0|136.7040599250805|16.0|3|1|-1
1|419|2|QROCK3X8|EV000032|544|1840.0|384.0|-140.0|-0.3511234415883917|0.9363291775690445|0|136.7040599250805|70.0|3|2|-1
0|14|0|XA11TEX|EV000033|550|1440.0|320.0|-70.0|1|0|0|64.0|192.0|1|3|-1
1|16|1|QROCK3X8|EV000034|553|1456.0|512.0|-70.0|1.0|0.0|0|48.0|182.0|1|3|-1
1|424|0|QROCK3X8|EV000035|556|1472.0|432.0|96.0|0.0|-1.0|0|112.0|16.0|2|1|-1
1|430|0|QROCK3X8|EV000036|558|1504.0|512.0|96.0|-0.3713906763541037|-0.9284766908852594|0|86.16263691415206|16.0|2|1|-1
0|15|0|XA02TEX|EV000037|560|-448.0|-1536.0|0.0|1|0|0|704.0|704.0|11|11|-1
0|16|0|XA02TEX|EV000038|681|-256.0|-1344.0|0.0|1|0|0|320.0|320.0|5|5|-1
0|17|0|XA11TEX|EV000039|706|256.0|-768.0|-256.0|1|0|0|384.0|448.0|6|7|-1
1|45|1|QROCK3X8|EV000040|748|256.0|-448.0|-256.0|0.8320502943378437|0.5547001962252291|0|230.7552816296953|384.0|4|6|-1
1|62|1|QROCK3X8|EV000041|772|448.0|-768.0|-256.0|-1.0|0.0|0|128.0|384.0|2|6|-1
1|63|1|QROCK3X8|EV000042|784|640.0|-768.0|-256.0|-1.0|0.0|0|192.0|384.0|3|6|-1
1|102|0|QROCK3X8|EV000043|802|320.0|-768.0|-166.0|-0.19611613513818404|0.9805806756909202|0|326.3372488699382|294.0|6|5|-1
0|18|0|XA11TEX|EV000044|832|-256.0|-704.0|-322.0|1|0|0|512.0|256.0|8|4|-1
1|46|1|QROCK3X8|EV000045|864|-64.0|-448.0|-322.0|1.0|0.0|0|32.0|146.0|1|3|-1
1|61|1|QROCK3X8|EV000046|867|-64.0|-704.0|-322.0|-0.8320502943378437|0.5547001962252291|0|230.7552816296953|146.0|4|3|-1
1|101|2|QROCK3X8|EV000047|879|256.0|-448.0|-322.0|-0.7808688094430304|-0.6246950475544243|0|409.7999511957023|26.0|7|1|-1
1|1162|1|QROCK3X8|EV000048|886|160.0|-448.0|-322.0|1.0|0.0|0|96.0|146.0|2|3|-1
1|1164|0|QROCK3X8|EV000049|892|-32.0|-448.0|-208.0|1.0|0.0|0|192.0|32.0|3|1|-1
1|1164|2|QROCK3X8|EV000050|895|-32.0|-448.0|-322.0|1.0|0.0|0|192.0|64.0|3|1|-1
0|19|0|XA11TEX|EV000051|898|-448.0|-576.0|-346.0|1|0|0|384.0|256.0|6|4|-1
1|47|1|QROCK3X8|EV000052|922|-320.0|-320.0|-346.0|0.8944271909999159|-0.4472135954999579|0|286.2167011199731|218.0|5|4|-1
1|60|1|QROCK3X8|EV000053|942|-256.0|-576.0|-346.0|-1.0|0.0|0|192.0|218.0|3|4|-1
1|90|0|QROCK3X8|EV000054|954|-64.0|-448.0|-176.0|-0.8320502943378437|-0.5547001962252291|0|230.7552816296953|48.0|4|1|-1
1|90|2|QROCK3X8|EV000055|958|-64.0|-448.0|-346.0|-0.8320502943378437|-0.5547001962252291|0|230.7552816296953|24.0|4|1|-1
0|20|0|XA11TEX|EV000056|962|-640.0|-704.0|-384.0|1|0|0|320.0|640.0|5|10|-1
1|48|2|QROCK3X8|EV000057|1012|-576.0|-64.0|-384.0|0.7071067811865475|-0.7071067811865475|0|362.03867196751236|257.0|6|5|-1
1|59|1|QROCK3X8|EV000058|1042|-448.0|-576.0|-384.0|-0.8320502943378437|-0.5547001962252291|0|230.7552816296953|256.0|4|4|-1
1|89|2|QROCK3X8|EV000059|1058|-320.0|-320.0|-384.0|-0.4472135954999579|-0.8944271909999159|0|286.2167011199731|38.0|5|1|-1
0|21|0|XA11TEX|EV000060|1063|-640.0|-320.0|-127.0|1|0|0|320.0|384.0|5|6|-1
1|164|0|QROCK3X8|EV000061|1093|-576.0|-64.0|-138.0|-0.4472135954999579|0.8944271909999159|0|143.10835055998655|11.0|3|1|-1
0|22|0|XA11TEX|EV000062|1096|-1024.0|0.0|-192.0|1|0|0|256.0|96.0|4|2|-1
1|160|2|QROCK3X8|EV000063|1104|-960.0|0.0|-192.0|-1.0|0.0|0|64.0|32.0|1|1|-1
0|23|0|XA11TEX|EV000064|1105|-1080.0|-704.0|-384.0|1|0|0|504.0|704.0|8|11|-1
1|52|0|QROCK3X8|EV000065|1193|-1080.0|-152.0|-160.0|0.6196442885790207|0.7848827655334262|0|193.65949499056327|32.0|4|1|-1
1|52|2|QROCK3X8|EV000066|1197|-1080.0|-152.0|-384.0|0.6196442885790207|0.7848827655334262|0|193.65949499056327|224.0|4|4|-1
1|96|2|QROCK3X8|EV000067|1213|-960.0|0.0|-384.0|0.9863939238321437|-0.1643989873053573|0|389.29680193908604|58.0|7|1|-1
1|16863|2|CFLOOR3|EV000068|1220|-608.0|-224.0|-384.0|0.0|1.0|0|128.0|4.0|2|1|-1
1|16865|2|CFLOOR3|EV000069|1222|-608.0|-96.0|-384.0|-1.0|0.0|0|32.0|4.0|1|1|-1
1|16867|2|CFLOOR3|EV000070|1223|-640.0|-96.0|-384.0|0.0|1.0|0|32.0|4.0|1|1|-1
1|16869|2|CFLOOR3|EV000071|1224|-640.0|-64.0|-384.0|-1.0|0.0|0|32.0|4.0|1|1|-1
1|16871|2|CFLOOR3|EV000072|1225|-672.0|-64.0|-384.0|0.0|-1.0|0|32.0|4.0|1|1|-1
1|16873|2|CFLOOR3|EV000073|1226|-672.0|-96.0|-384.0|-1.0|0.0|0|64.0|4.0|1|1|-1
1|16875|2|CFLOOR3|EV000074|1227|-736.0|-96.0|-384.0|0.0|-1.0|0|32.0|4.0|1|1|-1
1|16877|2|CFLOOR3|EV000075|1228|-736.0|-128.0|-384.0|-1.0|0.0|0|32.0|4.0|1|1|-1
1|16879|2|CFLOOR3|EV000076|1229|-768.0|-128.0|-384.0|0.0|-1.0|0|32.0|4.0|1|1|-1
1|16881|2|CFLOOR3|EV000077|1230|-768.0|-160.0|-384.0|1.0|0.0|0|32.0|4.0|1|1|-1
1|16883|2|CFLOOR3|EV000078|1231|-736.0|-160.0|-384.0|0.0|-1.0|0|32.0|4.0|1|1|-1
1|16885|2|CFLOOR3|EV000079|1232|-736.0|-192.0|-384.0|-1.0|0.0|0|32.0|4.0|1|1|-1
1|16887|2|CFLOOR3|EV000080|1233|-768.0|-192.0|-384.0|0.0|-1.0|0|32.0|4.0|1|1|-1
1|16889|2|CFLOOR3|EV000081|1234|-768.0|-224.0|-384.0|1.0|0.0|0|32.0|4.0|1|1|-1
1|16891|2|CFLOOR3|EV000082|1235|-736.0|-224.0|-384.0|0.0|-1.0|0|32.0|4.0|1|1|-1
1|16893|2|CFLOOR3|EV000083|1236|-736.0|-256.0|-384.0|1.0|0.0|0|32.0|4.0|1|1|-1
1|16895|2|CFLOOR3|EV000084|1237|-704.0|-256.0|-384.0|0.0|1.0|0|32.0|4.0|1|1|-1
1|16897|2|CFLOOR3|EV000085|1238|-704.0|-224.0|-384.0|1.0|0.0|0|32.0|4.0|1|1|-1
1|16899|2|CFLOOR3|EV000086|1239|-672.0|-224.0|-384.0|0.0|-1.0|0|32.0|4.0|1|1|-1
1|16901|2|CFLOOR3|EV000087|1240|-672.0|-256.0|-384.0|1.0|0.0|0|32.0|4.0|1|1|-1
1|16903|2|CFLOOR3|EV000088|1241|-640.0|-256.0|-384.0|0.0|1.0|0|32.0|4.0|1|1|-1
1|16905|2|CFLOOR3|EV000089|1242|-640.0|-224.0|-384.0|1.0|0.0|0|32.0|4.0|1|1|-1
0|24|0|XA11TEX|EV000090|1243|-1120.0|-160.0|-160.0|1|0|0|160.0|160.0|3|3|-1
0|25|0|XA11TEX|EV000091|1252|-1088.0|-832.0|-384.0|1|0|0|448.0|680.0|7|11|-1
1|55|2|QROCK3X8|EV000092|1329|-1088.0|-512.0|-384.0|0.022216737285146886|0.9997531778316099|0|360.0888779176608|16.0|6|1|-1
1|58|1|QROCK3X8|EV000093|1335|-640.0|-704.0|-384.0|-0.8320502943378437|-0.5547001962252291|0|230.7552816296953|256.0|4|4|-1
1|95|2|QROCK3X8|EV000094|1351|-832.0|-832.0|-384.0|-0.6246950475544243|0.7808688094430304|0|409.7999511957023|98.0|7|2|-1
1|166|2|QROCK3X8|EV000095|1365|-864.0|-512.0|-384.0|-0.7071067811865475|0.7071067811865475|0|45.254833995939045|24.0|1|1|-1
1|168|2|QROCK3X8|EV000096|1366|-896.0|-480.0|-384.0|-0.7071067811865475|-0.7071067811865475|0|45.254833995939045|24.0|1|1|-1
1|170|2|QROCK3X8|EV000097|1367|-928.0|-512.0|-384.0|-0.7625091353727915|-0.6469774481950958|0|43.278170016764804|24.0|1|1|-1
1|172|2|QROCK3X8|EV000098|1368|-961.0|-540.0|-384.0|0.5098023903017329|-0.8602915336341743|0|31.38470965295043|24.0|1|1|-1
1|174|2|QROCK3X8|EV000099|1369|-945.0|-567.0|-384.0|0.9835471662320329|-0.18065152032833257|0|49.8196748283246|24.0|1|1|-1
1|176|2|QROCK3X8|EV000100|1370|-896.0|-576.0|-384.0|0.4472135954999579|0.8944271909999159|0|71.55417527999327|24.0|2|1|-1
0|26|0|XA11TEX|EV000101|1372|-1152.0|-512.0|-368.0|1|0|0|72.0|360.0|2|6|-1
1|153|1|QROCK3X8|EV000102|1384|-1088.0|-512.0|-368.0|-0.7071067811865475|0.7071067811865475|0|90.50966799187809|240.0|2|4|-1
1|155|1|QROCK3X8|EV000103|1392|-1152.0|-448.0|-368.0|0.0|1.0|0|64.0|240.0|1|4|-1
1|159|0|QROCK3X8|EV000104|1396|-1120.0|-160.0|-160.0|0.9805806756909202|0.19611613513818404|0|40.792156108742276|32.0|1|1|-1
1|159|2|QROCK3X8|EV000105|1397|-1120.0|-160.0|-368.0|0.9805806756909202|0.19611613513818404|0|40.792156108742276|208.0|1|4|-1
1|16952|1|QROCK3X8|EV000106|1401|-1152.0|-208.0|-368.0|0.5547001962252291|0.8320502943378437|0|57.688820407423826|240.0|1|4|-1
1|16953|0|QROCK3X8|EV000107|1405|-1152.0|-384.0|-280.0|0.0|1.0|0|24.0|152.0|1|3|-1
1|16953|2|QROCK3X8|EV000108|1408|-1152.0|-384.0|-368.0|0.0|1.0|0|24.0|64.0|1|1|-1
1|17014|0|QROCK3X8|EV000109|1409|-1152.0|-360.0|-232.0|0.0|1.0|0|16.0|104.0|1|2|-1
1|17014|2|QROCK3X8|EV000110|1411|-1152.0|-360.0|-368.0|0.0|1.0|0|16.0|16.0|1|1|-1
1|17020|0|QROCK3X8|EV000111|1412|-1152.0|-232.0|-280.0|0.0|1.0|0|24.0|152.0|1|3|-1
1|17020|2|QROCK3X8|EV000112|1415|-1152.0|-232.0|-368.0|0.0|1.0|0|24.0|64.0|1|1|-1
1|17026|0|QROCK3X8|EV000113|1416|-1152.0|-248.0|-232.0|0.0|1.0|0|16.0|104.0|1|2|-1
1|17026|2|QROCK3X8|EV000114|1418|-1152.0|-248.0|-368.0|0.0|1.0|0|16.0|16.0|1|1|-1
1|17030|0|QROCK3X8|EV000115|1419|-1152.0|-344.0|-216.0|0.0|1.0|0|96.0|88.0|2|2|-1
0|27|0|XA11TEX|EV000116|1423|-1088.0|-832.0|-286.0|1|0|0|256.0|320.0|4|5|-1
1|56|1|QROCK3X8|EV000117|1443|-1024.0|-768.0|-286.0|-0.24253562503633297|0.9701425001453319|0|263.8787600395303|158.0|5|3|-1
1|57|1|QROCK3X8|EV000118|1458|-832.0|-832.0|-286.0|-0.9486832980505138|0.31622776601683794|0|202.3857702507763|158.0|4|3|-1
1|64|1|QROCK3X8|EV000119|1470|832.0|-1024.0|-512.0|-0.6|0.8|0|320.0|512.0|5|8|-1
1|65|1|QROCK3X8|EV000120|1510|1280.0|-1088.0|-512.0|-0.9899494936611665|0.1414213562373095|0|452.54833995939043|512.0|8|8|-1
1|66|1|QROCK3X8|EV000121|1574|1920.0|-1088.0|-512.0|-1.0|0.0|0|48.0|512.0|1|8|-1
1|67|1|QROCK3X8|EV000122|1582|1984.0|-1024.0|-512.0|-0.7071067811865475|-0.7071067811865475|0|90.50966799187809|512.0|2|8|-1
1|69|1|QROCK3X8|EV000123|1598|2176.0|-1024.0|-512.0|-1.0|0.0|0|192.0|512.0|3|8|-1
1|108|2|QROCK3X8|EV000124|1622|768.0|-704.0|-512.0|0.31622776601683794|0.9486832980505138|0|202.3857702507763|256.0|4|4|-1
1|110|2|QROCK3X8|EV000125|1638|832.0|-512.0|-512.0|-0.5547001962252291|0.8320502943378437|0|230.7552816296953|256.0|4|4|-1
1|112|2|QROCK3X8|EV000126|1654|704.0|-320.0|-512.0|0.0|1.0|0|192.0|292.0|3|5|-1
1|114|2|QROCK3X8|EV000127|1669|704.0|-128.0|-512.0|0.45002403451816314|0.8930164434969801|0|284.42925306655786|332.0|5|6|-1
1|116|2|QROCK3X8|EV000128|1699|832.0|128.0|-512.0|0.9284766908852594|0.3713906763541037|0|344.65054765660824|372.0|6|6|-1
1|118|2|QROCK3X8|EV000129|1735|1152.0|256.0|-512.0|0.9805806756909202|0.19611613513818404|0|326.3372488699382|372.0|6|6|-1
1|120|0|QROCK3X8|EV000130|1771|1472.0|320.0|96.0|1.0|0.0|0|320.0|32.0|5|1|-1
1|120|2|QROCK3X8|EV000131|1776|1472.0|320.0|-512.0|1.0|0.0|0|320.0|442.0|5|7|-1
1|122|2|QROCK3X8|EV000132|1811|1792.0|320.0|-512.0|0.9284766908852594|-0.3713906763541037|0|344.65054765660824|372.0|6|6|-1
1|124|2|QROCK3X8|EV000133|1847|2496.0|0.0|-512.0|0.5780173407803391|-0.8160244811016552|0|235.28705871764387|412.0|4|7|-1
1|130|2|QROCK3X8|EV000134|1875|2112.0|192.0|-512.0|0.9486832980505138|-0.31622776601683794|0|202.3857702507763|392.0|4|7|-1
1|132|2|QROCK3X8|EV000135|1903|2304.0|128.0|-512.0|0.8320502943378437|-0.5547001962252291|0|230.7552816296953|392.0|4|7|-1
1|135|2|QROCK3X8|EV000136|1931|2180.0|-912.0|-512.0|0.0|-1.0|0|112.0|128.0|2|2|-1
1|259|1|QTECH17|EV000137|1935|1456.0|-1072.0|-512.0|0.0|-1.0|0|16.0|512.0|1|8|-1
1|261|0|ORUST01|EV000138|1943|1456.0|-1008.0|0.0|0.0|-1.0|0|64.0|128.0|1|2|-1
1|261|2|ORUST01|EV000139|1945|1456.0|-1008.0|-512.0|0.0|-1.0|0|64.0|128.0|1|2|-1
1|263|0|ORUST01|EV000140|1947|1744.0|-1072.0|0.0|0.0|1.0|0|64.0|128.0|1|2|-1
1|263|2|ORUST01|EV000141|1949|1744.0|-1072.0|-512.0|0.0|1.0|0|64.0|128.0|1|2|-1
1|265|0|ORDEMON1|EV000142|1951|1520.0|-1008.0|0.0|-1.0|0.0|0|64.0|128.0|1|2|-1
1|265|2|ORUST01|EV000143|1953|1520.0|-1008.0|-512.0|-1.0|0.0|0|64.0|128.0|1|2|-1
1|267|0|ORUST01|EV000144|1955|1520.0|-1072.0|0.0|0.0|1.0|0|64.0|128.0|1|2|-1
1|267|2|ORUST01|EV000145|1957|1520.0|-1072.0|-512.0|0.0|1.0|0|64.0|128.0|1|2|-1
1|269|0|ORUST06|EV000146|1959|1536.0|-1072.0|0.0|-1.0|0.0|0|16.0|128.0|1|2|-1
1|269|2|ORUST06|EV000147|1961|1536.0|-1072.0|-512.0|-1.0|0.0|0|16.0|128.0|1|2|-1
1|271|0|ORUST01|EV000148|1963|1680.0|-1008.0|0.0|0.0|-1.0|0|64.0|128.0|1|2|-1
1|271|2|ORUST01|EV000149|1965|1680.0|-1008.0|-512.0|0.0|-1.0|0|64.0|128.0|1|2|-1
1|273|0|ORDEMON1|EV000150|1967|1744.0|-1008.0|0.0|-1.0|0.0|0|64.0|128.0|1|2|-1
1|273|2|ORUST01|EV000151|1969|1744.0|-1008.0|-512.0|-1.0|0.0|0|64.0|128.0|1|2|-1
1|275|1|QROCK3X8|EV000152|1971|1456.0|-1088.0|-512.0|-1.0|0.0|0|64.0|512.0|1|8|-1
1|279|1|QTECH17|EV000153|1979|1744.0|-1088.0|-512.0|0.0|1.0|0|16.0|512.0|1|8|-1
1|298|0|ORUST06|EV000154|1987|1680.0|-1072.0|0.0|-1.0|0.0|0|16.0|128.0|1|2|-1
1|298|2|ORUST06|EV000155|1989|1680.0|-1072.0|-512.0|-1.0|0.0|0|16.0|128.0|1|2|-1
1|390|2|QROCK3X8|EV000156|1991|2632.0|-192.0|-512.0|-0.6246950475544243|-0.7808688094430304|0|204.89997559785115|412.0|4|7|-1
1|392|2|QROCK3X8|EV000157|2019|2504.0|-352.0|-512.0|-0.6114475010757654|-0.7912850013921671|0|222.4230203913255|312.0|4|5|-1
1|394|2|QROCK3X8|EV000158|2039|2368.0|-528.0|-512.0|-0.6139406135149205|-0.7893522173763263|0|182.42806801586207|212.0|3|4|-1
1|396|2|QROCK3X8|EV000159|2051|2256.0|-672.0|-512.0|-0.19611613513818404|-0.9805806756909202|0|163.1686244349691|112.0|3|2|-1
1|398|2|QROCK3X8|EV000160|2057|2224.0|-832.0|-512.0|-0.4819187497721559|-0.8762159086766471|0|91.30169768410661|128.0|2|2|-1
1|1145|1|QROCK3X8|EV000161|2061|1328.0|-1088.0|-512.0|-1.0|0.0|0|48.0|512.0|1|8|-1
1|1159|1|QROCK3X8|EV000162|2069|1808.0|-1088.0|-512.0|-1.0|0.0|0|64.0|512.0|1|8|-1
1|1426|2|QROCK3X8|EV000163|2077|1780.0|-394.0|-512.0|-0.1691679585937264|0.9855872370243192|0|135.95955280891445|256.0|3|4|-1
1|1428|2|QROCK3X8|EV000164|2089|1757.0|-260.0|-512.0|-0.5133685146598567|0.8581682633119991|0|130.51053597315428|320.0|3|5|-1
1|1430|2|QROCK3X8|EV000165|2104|1690.0|-148.0|-512.0|-0.976868300875968|-0.21384181710717706|0|205.75956842878534|384.0|4|6|-1
1|1432|2|QROCK3X8|EV000166|2128|1489.0|-192.0|-512.0|-0.44985786095039476|-0.8931001651221072|0|151.15885683611134|320.0|3|5|-1
1|1434|2|QROCK3X8|EV000167|2143|1421.0|-327.0|-512.0|0.0|-1.0|0|120.0|320.0|2|5|-1
1|1436|2|QROCK3X8|EV000168|2153|1421.0|-447.0|-512.0|0.924890782270962|-0.3802328771558399|0|97.30878685915265|320.0|2|5|-1
1|1438|2|QROCK3X8|EV000169|2163|1511.0|-484.0|-512.0|0.8330054358699549|-0.5532648044210895|0|160.86329600005092|128.0|3|2|-1
1|1440|2|QROCK3X8|EV000170|2169|1645.0|-573.0|-512.0|0.8382576281228264|0.5452743794585375|0|122.87391912037315|68.0|2|2|-1
1|1442|2|QROCK3X8|EV000171|2173|1748.0|-506.0|-512.0|0.27472112789737807|0.9615239476408232|0|116.48175822848829|68.0|2|2|-1
1|32980|2|QROCK3X8|EV000172|2177|642.0|-768.0|-512.0|0.891578868092577|0.45286545680892804|0|141.3223266154361|256.0|3|4|-1
0|29|0|XA11TEX|EV000173|2189|2496.0|-192.0|-100.0|1|0|0|320.0|384.0|5|6|-1
1|68|1|QROCK3X8|EV000174|2219|2560.0|192.0|-100.0|0.8|-0.6|0|320.0|228.0|5|4|-1
0|30|0|XA11TEX|EV000175|2239|3584.0|-320.0|16.0|1|0|0|320.0|640.0|5|10|-1
1|71|1|QROCK3X8|EV000176|2289|3584.0|128.0|16.0|0.8574929257125441|0.5144957554275265|0|373.18092127009925|112.0|6|2|-1
1|142|0|QROCK3X8|EV000177|2301|3840.0|-320.0|90.0|-0.49613893835683387|0.8682431421244593|0|515.9844958911071|38.0|9|1|-1
1|236|0|QROCK3X8|EV000178|2310|3840.0|-63.0|90.0|-0.6|0.8|0|75.0|38.0|2|1|-1
1|236|2|QROCK3X8|EV000179|2312|3840.0|-63.0|16.0|-0.6|0.8|0|75.0|54.0|2|1|-1
1|238|0|QROCK3X8|EV000180|2314|3795.0|-3.0|75.0|-0.95003174904049|-0.31215328897044675|0|73.68174807915459|53.0|2|1|-1
1|238|2|QROCK3X8|EV000181|2316|3795.0|-3.0|16.0|-0.95003174904049|-0.31215328897044675|0|73.68174807915459|34.0|2|1|-1
1|240|0|QROCK3X8|EV000182|2318|3725.0|-26.0|64.0|0.0|-1.0|0|74.0|64.0|2|1|-1
1|240|2|QROCK3X8|EV000183|2320|3725.0|-26.0|16.0|0.0|-1.0|0|74.0|14.0|2|1|-1
1|242|0|QROCK3X8|EV000184|2322|3725.0|-100.0|64.0|0.95003174904049|-0.31215328897044675|0|73.68174807915459|64.0|2|1|-1
1|242|2|QROCK3X8|EV000185|2324|3725.0|-100.0|16.0|0.95003174904049|-0.31215328897044675|0|73.68174807915459|14.0|2|1|-1
1|244|0|QROCK3X8|EV000186|2326|3795.0|-123.0|90.0|0.6|0.8|0|75.0|38.0|2|1|-1
1|244|2|QROCK3X8|EV000187|2328|3795.0|-123.0|16.0|0.6|0.8|0|75.0|54.0|2|1|-1
0|31|0|XA11TEX|EV000188|2330|3872.0|0.0|0.0|1|0|0|224.0|384.0|4|6|-1
1|72|1|QROCK3X8|EV000189|2354|3904.0|320.0|0.0|0.9486832980505138|0.31622776601683794|0|202.3857702507763|256.0|4|4|-1
1|232|0|QROCK3X8|EV000190|2370|3872.0|0.0|128.0|0.09950371902099892|0.9950371902099892|0|321.5960198758685|128.0|6|2|-1
1|232|2|QROCK3X8|EV000191|2382|3872.0|0.0|0.0|0.09950371902099892|0.9950371902099892|0|321.5960198758685|16.0|6|1|-1
0|32|0|XA11TEX|EV000192|2388|3840.0|-384.0|0.0|1|0|0|1088.0|768.0|12|12|-1
1|73|1|QROCK3X8|EV000193|2532|4800.0|-384.0|0.0|-1.0|0.0|0|128.0|320.0|2|5|-1
1|74|1|QROCK3X8|EV000194|2542|4032.0|-384.0|0.0|-0.9486832980505138|0.31622776601683794|0|202.3857702507763|320.0|4|5|-1
1|85|2|QROCK3X8|EV000195|2562|4928.0|64.0|0.0|0.0|-1.0|0|192.0|192.0|3|3|-1
1|87|1|QROCK3X8|EV000196|2571|4928.0|-128.0|0.0|-0.4472135954999579|-0.8944271909999159|0|286.2167011199731|320.0|5|5|-1
1|144|0|QROCK3X8|EV000197|2596|3840.0|-320.0|128.0|0.09950371902099892|0.9950371902099892|0|321.5960198758685|192.0|6|3|-1
1|144|2|QROCK3X8|EV000198|2614|3840.0|-320.0|0.0|0.09950371902099892|0.9950371902099892|0|321.5960198758685|16.0|6|1|-1
1|234|0|QROCK3X8|EV000199|2620|3872.0|0.0|256.0|0.5038710255240862|0.8637789008984335|0|444.5582076623937|64.0|7|1|-1
1|449|0|QROCK3X8|EV000200|2627|4672.0|-384.0|288.0|0.242535625036333|0.970142500145332|0|98.95453501482385|32.0|2|1|-1
1|451|0|QROCK3X8|EV000201|2629|4288.0|-64.0|288.0|-0.5547001962252291|-0.8320502943378437|0|230.7552816296953|32.0|4|1|-1
1|454|0|QROCK3X8|EV000202|2633|4096.0|384.0|288.0|0.6|-0.8|0|320.0|32.0|5|1|-1
1|456|0|QROCK3X8|EV000203|2638|4288.0|128.0|288.0|0.0|-1.0|0|192.0|32.0|3|1|-1
1|458|0|QROCK3X8|EV000204|2641|4672.0|-192.0|288.0|-0.5449883505954141|0.838443616300637|0|381.65953414005|32.0|6|1|-1
1|460|0|QROCK3X8|EV000205|2647|4384.0|288.0|288.0|0.31622776601683794|0.9486832980505138|0|101.19288512538814|32.0|2|1|-1
1|462|0|QROCK3X8|EV000206|2649|4160.0|-256.0|288.0|0.12403473458920847|-0.9922778767136677|0|64.4980619863884|32.0|2|1|-1
1|479|0|QROCK3X8|EV000207|2651|4424.0|56.0|288.0|0.8944271909999159|-0.4472135954999579|0|53.665631459994955|32.0|1|1|-1
1|481|0|QROCK3X8|EV000208|2652|4464.0|128.0|288.0|-0.4472135954999579|0.8944271909999159|0|178.88543819998318|32.0|3|1|-1
1|483|0|QROCK3X8|EV000209|2655|4368.0|48.0|288.0|0.9899494936611665|0.1414213562373095|0|56.568542494923804|32.0|1|1|-1
1|485|0|QROCK3X8|EV000210|2656|4328.0|0.0|288.0|0.6401843996644799|0.7682212795973759|0|62.48199740725323|32.0|1|1|-1
1|487|0|QROCK3X8|EV000211|2657|4368.0|-32.0|288.0|-0.7808688094430304|0.6246950475544243|0|51.22499389946279|32.0|1|1|-1
1|489|0|QROCK3X8|EV000212|2658|4400.0|-112.0|288.0|-0.3713906763541037|0.9284766908852594|0|86.16263691415206|32.0|2|1|-1
1|491|0|QROCK3X8|EV000213|2660|4464.0|-80.0|288.0|-0.8944271909999159|-0.4472135954999579|0|71.55417527999327|32.0|2|1|-1
1|493|0|QROCK3X8|EV000214|2662|4480.0|-24.0|288.0|-0.27472112789737807|-0.9615239476408232|0|58.240879114244144|32.0|1|1|-1
1|495|0|QROCK3X8|EV000215|2663|4472.0|32.0|288.0|0.1414213562373095|-0.9899494936611665|0|56.568542494923804|32.0|1|1|-1
1|17660|1|QROCK3X8|EV000216|2664|4160.0|-384.0|0.0|-1.0|0.0|0|128.0|320.0|2|5|-1
1|17662|0|QROCK3X8|EV000217|2674|4696.0|-288.0|288.0|-0.242535625036333|0.970142500145332|0|98.95453501482385|32.0|2|1|-1
1|17664|0|QROCK3X8|EV000218|2676|4168.0|-320.0|288.0|-0.12403473458920847|-0.9922778767136677|0|64.4980619863884|32.0|2|1|-1
0|33|0|XA11TEX|EV000219|2678|3392.0|-320.0|-30.0|1|0|0|448.0|448.0|7|7|-1
1|75|1|QROCK3X8|EV000220|2727|3840.0|-320.0|-30.0|-0.9805806756909202|0.19611613513818404|0|326.3372488699382|120.0|6|2|-1
1|79|1|QROCK3X8|EV000221|2739|3392.0|-64.0|-30.0|0.7071067811865476|0.7071067811865476|0|271.5290039756342|120.0|5|2|-1
1|136|0|QROCK3X8|EV000222|2749|3520.0|-256.0|70.0|-0.5547001962252291|0.8320502943378437|0|230.7552816296953|20.0|4|1|-1
1|143|2|QROCK3X8|EV000223|2753|3584.0|128.0|-30.0|0.49613893835683387|-0.8682431421244593|0|515.9844958911071|46.0|9|1|-1
0|35|0|XA11TEX|EV000224|2762|2504.0|-512.0|-100.0|1|0|0|312.0|320.0|5|5|-1
1|77|1|QROCK3X8|EV000225|2787|2816.0|-384.0|-100.0|-0.8682431421244593|-0.49613893835683387|0|257.9922479455536|228.0|5|4|-1
0|36|0|XA11TEX|EV000226|2807|2800.0|-384.0|-80.0|1|0|0|400.0|384.0|7|6|-1
1|78|1|QROCK3X8|EV000227|2849|3200.0|-256.0|-80.0|-0.9486832980505138|-0.31622776601683794|0|404.7715405015526|170.0|7|3|-1
1|81|1|QROCK3X8|EV000228|2870|2816.0|0.0|-80.0|0.9284766908852594|-0.3713906763541037|0|344.65054765660824|170.0|6|3|-1
1|139|0|QROCK3X8|EV000229|2888|3136.0|-128.0|70.0|0.4472135954999579|-0.8944271909999159|0|143.10835055998655|20.0|3|1|-1
1|139|2|QROCK3X8|EV000230|2891|3136.0|-128.0|-80.0|0.4472135954999579|-0.8944271909999159|0|143.10835055998655|20.0|3|1|-1
0|37|0|XA11TEX|EV000231|2894|4096.0|-384.0|0.0|1|0|0|600.0|768.0|10|12|-1
1|82|1|QROCK3X8|EV000232|3014|4096.0|384.0|0.0|1.0|0.0|0|80.0|288.0|2|5|-1
1|17661|1|QROCK3X8|EV000233|3024|4672.0|-384.0|0.0|-1.0|0.0|0|40.0|288.0|1|5|-1
1|17666|1|QROCK3X8|EV000234|3029|4200.0|-384.0|0.0|-1.0|0.0|0|40.0|288.0|1|5|-1
1|17668|0|QMET01|EV000235|3034|4200.0|-304.0|280.0|0.0|-1.0|0|80.0|8.0|2|1|-1
1|17668|2|QMET01|EV000236|3036|4200.0|-304.0|0.0|0.0|-1.0|0|80.0|8.0|2|1|-1
1|17670|0|QMET01|EV000237|3038|4208.0|-296.0|280.0|-0.7071067811865475|-0.7071067811865475|0|11.313708498984761|8.0|1|1|-1
1|17670|2|QMET01|EV000238|3039|4208.0|-296.0|0.0|-0.7071067811865475|-0.7071067811865475|0|11.313708498984761|8.0|1|1|-1
1|17672|0|QMET01|EV000239|3040|4296.0|-296.0|280.0|-1.0|0.0|0|88.0|8.0|2|1|-1
1|17672|2|QMET01|EV000240|3042|4296.0|-296.0|0.0|-1.0|0.0|0|88.0|8.0|2|1|-1
1|17674|0|QMET01|EV000241|3044|4296.0|-240.0|280.0|0.0|-1.0|0|56.0|8.0|1|1|-1
1|17674|2|QMET01|EV000242|3045|4296.0|-240.0|0.0|0.0|-1.0|0|56.0|8.0|1|1|-1
1|17676|0|QMET01|EV000243|3046|4304.0|-232.0|280.0|-0.7071067811865475|-0.7071067811865475|0|11.313708498984761|8.0|1|1|-1
1|17676|2|QMET01|EV000244|3047|4304.0|-232.0|0.0|-0.7071067811865475|-0.7071067811865475|0|11.313708498984761|8.0|1|1|-1
1|17678|0|QMET01|EV000245|3048|4528.0|-232.0|280.0|-1.0|0.0|0|224.0|8.0|4|1|-1
1|17678|2|QMET01|EV000246|3052|4528.0|-232.0|0.0|-1.0|0.0|0|224.0|8.0|4|1|-1
1|17680|0|QMET01|EV000247|3056|4536.0|-240.0|280.0|-0.7071067811865475|0.7071067811865475|0|11.313708498984761|8.0|1|1|-1
1|17680|2|QMET01|EV000248|3057|4536.0|-240.0|0.0|-0.7071067811865475|0.7071067811865475|0|11.313708498984761|8.0|1|1|-1
1|17682|0|QMET01|EV000249|3058|4536.0|-296.0|280.0|0.0|1.0|0|56.0|8.0|1|1|-1
1|17682|2|QMET01|EV000250|3059|4536.0|-296.0|0.0|0.0|1.0|0|56.0|8.0|1|1|-1
1|17684|0|QMET01|EV000251|3060|4624.0|-296.0|280.0|-1.0|0.0|0|88.0|8.0|2|1|-1
1|17684|2|QMET01|EV000252|3062|4624.0|-296.0|0.0|-1.0|0.0|0|88.0|8.0|2|1|-1
1|17686|0|QMET01|EV000253|3064|4632.0|-304.0|280.0|-0.7071067811865475|0.7071067811865475|0|11.313708498984761|8.0|1|1|-1
1|17686|2|QMET01|EV000254|3065|4632.0|-304.0|0.0|-0.7071067811865475|0.7071067811865475|0|11.313708498984761|8.0|1|1|-1
1|17689|0|QMET01|EV000255|3066|4632.0|-384.0|280.0|0.0|1.0|0|80.0|8.0|2|1|-1
1|17689|2|QMET01|EV000256|3068|4632.0|-384.0|0.0|0.0|1.0|0|80.0|8.0|2|1|-1
1|17741|2|QMET01|EV000257|3070|4232.0|-264.0|0.0|0.0|-1.0|0|16.0|8.0|1|1|-1
1|17743|2|QMET01|EV000258|3071|4240.0|-256.0|0.0|-0.7071067811865475|-0.7071067811865475|0|11.313708498984761|8.0|1|1|-1
1|17745|2|QMET01|EV000259|3072|4272.0|-256.0|0.0|-1.0|0.0|0|32.0|8.0|1|1|-1
1|17747|2|QMET01|EV000260|3073|4280.0|-264.0|0.0|-0.7071067811865475|0.7071067811865475|0|11.313708498984761|8.0|1|1|-1
1|17749|2|QMET01|EV000261|3074|4280.0|-280.0|0.0|0.0|1.0|0|16.0|8.0|1|1|-1
1|17751|2|QMET01|EV000262|3075|4272.0|-288.0|0.0|0.7071067811865475|0.7071067811865475|0|11.313708498984761|8.0|1|1|-1
1|17753|2|QMET01|EV000263|3076|4240.0|-288.0|0.0|1.0|0.0|0|32.0|8.0|1|1|-1
1|17755|2|QMET01|EV000264|3077|4232.0|-280.0|0.0|0.7071067811865475|-0.7071067811865475|0|11.313708498984761|8.0|1|1|-1
1|17839|0|QROCK3X8|EV000265|3078|4352.0|-48.0|256.0|-0.9701425001453319|-0.24253562503633297|0|32.984845004941285|32.0|1|1|-1
1|17841|0|QROCK3X8|EV000266|3079|4384.0|-120.0|256.0|-0.40613846605344767|0.9138115486202573|0|78.79086241436883|32.0|2|1|-1
1|17843|0|QROCK3X8|EV000267|3081|4352.0|-160.0|256.0|0.6246950475544243|0.7808688094430304|0|51.22499389946279|32.0|1|1|-1
1|17845|0|QROCK3X8|EV000268|3082|4304.0|-160.0|256.0|1.0|0.0|0|48.0|32.0|1|1|-1
1|17847|0|QROCK3X8|EV000269|3083|4280.0|-136.0|256.0|0.7071067811865476|-0.7071067811865476|0|33.94112549695428|32.0|1|1|-1
1|17849|0|QROCK3X8|EV000270|3084|4296.0|-96.0|256.0|-0.3713906763541037|-0.9284766908852594|0|43.08131845707603|32.0|1|1|-1
1|17851|0|QROCK3X8|EV000271|3085|4320.0|-56.0|256.0|-0.5144957554275265|-0.8574929257125441|0|46.647615158762406|32.0|1|1|-1
1|17866|0|QROCK3X8|EV000272|3086|4176.0|336.0|256.0|0.7071067811865475|-0.7071067811865475|0|90.50966799187809|32.0|2|1|-1
1|17868|0|QROCK3X8|EV000273|3088|4240.0|272.0|256.0|0.9191450300180578|0.39391929857916763|0|60.92618484691127|32.0|1|1|-1
1|17870|0|QROCK3X8|EV000274|3089|4296.0|296.0|256.0|0.6|0.8|0|40.0|32.0|1|1|-1
1|17872|0|QROCK3X8|EV000275|3090|4320.0|328.0|256.0|-0.9578262852211513|0.2873478855663454|0|83.5224520712844|32.0|2|1|-1
1|17874|0|QROCK3X8|EV000276|3092|4240.0|352.0|256.0|-0.8944271909999159|-0.4472135954999579|0|35.77708763999664|32.0|1|1|-1
1|17876|0|QROCK3X8|EV000277|3093|4208.0|336.0|256.0|-1.0|0.0|0|32.0|32.0|1|1|-1
1|17888|0|QROCK3X8|EV000278|3094|4552.0|-176.0|256.0|0.49613893835683387|-0.8682431421244593|0|64.4980619863884|32.0|2|1|-1
1|17890|0|QROCK3X8|EV000279|3096|4584.0|-232.0|256.0|0.9805806756909202|-0.19611613513818404|0|40.792156108742276|32.0|1|1|-1
1|17892|0|QROCK3X8|EV000280|3097|4624.0|-240.0|256.0|0.19611613513818404|0.9805806756909202|0|40.792156108742276|32.0|1|1|-1
1|17894|0|QROCK3X8|EV000281|3098|4632.0|-200.0|256.0|-0.6246950475544243|0.7808688094430304|0|51.22499389946279|32.0|1|1|-1
1|17896|0|QROCK3X8|EV000282|3099|4600.0|-160.0|256.0|-0.9805806756909202|-0.19611613513818404|0|40.792156108742276|32.0|1|1|-1
1|17898|0|QROCK3X8|EV000283|3100|4560.0|-168.0|256.0|-0.7071067811865475|-0.7071067811865475|0|11.313708498984761|32.0|1|1|-1
1|22563|0|QROCK3X8|EV000284|3101|4176.0|384.0|160.0|1.0|0.0|0|160.0|128.0|3|2|-1
1|22568|1|QROCK3X8|EV000285|3107|4336.0|384.0|0.0|1.0|0.0|0|80.0|288.0|2|5|-1
0|38|0|XA11TEX|EV000286|3117|4416.0|224.0|0.0|1|0|0|384.0|160.0|6|3|-1
1|83|1|QROCK3X8|EV000287|3135|4416.0|384.0|0.0|0.9863939238321437|-0.1643989873053573|0|389.29680193908604|320.0|7|5|-1
0|39|0|XA11TEX|EV000288|3170|4704.0|64.0|0.0|1|0|0|224.0|256.0|4|4|-1
1|84|1|QROCK3X8|EV000289|3186|4800.0|320.0|0.0|0.4472135954999579|-0.8944271909999159|0|286.2167011199731|320.0|5|5|-1
0|40|0|XA11TEX|EV000290|3211|448.0|-768.0|-256.0|1|0|0|384.0|448.0|6|7|-1
1|178|2|QROCK3X8|EV000291|3253|448.0|-320.0|-256.0|1.0|0.0|0|256.0|36.0|4|1|-1
1|325|2|QROCK3X8|EV000292|3257|768.0|-512.0|-256.0|-0.1643989873053573|0.9863939238321437|0|97.32420048477151|32.0|2|1|-1
1|327|2|QROCK3X8|EV000293|3259|752.0|-416.0|-256.0|-0.8320502943378437|-0.5547001962252291|0|57.688820407423826|32.0|1|1|-1
1|329|2|QROCK3X8|EV000294|3260|704.0|-448.0|-256.0|0.0|-1.0|0|48.0|32.0|1|1|-1
1|331|2|QROCK3X8|EV000295|3261|704.0|-496.0|-256.0|0.9701425001453319|-0.24253562503633297|0|65.96969000988257|32.0|2|1|-1
0|41|0|XA11TEX|EV000296|3263|1472.0|320.0|-70.0|1|0|0|336.0|192.0|6|3|-1
1|333|0|OBR04|EV000297|3281|1504.0|512.0|80.0|0.0|-1.0|0|160.0|16.0|3|1|-1
1|335|0|OBR04|EV000298|3284|1520.0|352.0|80.0|0.0|1.0|0|160.0|16.0|3|1|-1
1|338|1|QROCK3X8|EV000299|3287|1520.0|512.0|-70.0|1.0|0.0|0|16.0|166.0|1|3|-1
1|339|1|OBR04|EV000300|3290|1504.0|336.0|-70.0|1.0|0.0|0|16.0|166.0|1|3|-1
1|340|1|OBR04|EV000301|3293|1520.0|336.0|-70.0|0.0|1.0|0|16.0|166.0|1|3|-1
1|341|1|OBR04|EV000302|3296|1504.0|352.0|-70.0|0.0|-1.0|0|16.0|166.0|1|3|-1
1|343|0|QROCK3X8|EV000303|3299|1584.0|512.0|64.0|1.0|0.0|0|48.0|32.0|1|1|-1
1|345|0|QROCK3X8|EV000304|3300|1648.0|512.0|64.0|1.0|0.0|0|48.0|32.0|1|1|-1
1|347|0|QROCK3X8|EV000305|3301|1712.0|512.0|64.0|1.0|0.0|0|32.0|32.0|1|1|-1
1|349|1|QROCK3X8|EV000306|3302|1776.0|512.0|-70.0|1.0|0.0|0|16.0|166.0|1|3|-1
1|350|0|OBR04|EV000307|3305|1584.0|352.0|80.0|0.0|1.0|0|160.0|16.0|3|1|-1
1|352|0|OBR04|EV000308|3308|1568.0|512.0|80.0|0.0|-1.0|0|160.0|16.0|3|1|-1
1|355|1|OBR04|EV000309|3311|1568.0|352.0|-70.0|0.0|-1.0|0|16.0|166.0|1|3|-1
1|356|1|OBR04|EV000310|3314|1568.0|336.0|-70.0|1.0|0.0|0|16.0|166.0|1|3|-1
1|357|1|OBR04|EV000311|3317|1584.0|336.0|-70.0|0.0|1.0|0|16.0|166.0|1|3|-1
1|358|0|OBR04|EV000312|3320|1648.0|352.0|80.0|0.0|1.0|0|160.0|16.0|3|1|-1
1|360|0|OBR04|EV000313|3323|1632.0|512.0|80.0|0.0|-1.0|0|160.0|16.0|3|1|-1
1|363|1|OBR04|EV000314|3326|1632.0|352.0|-70.0|0.0|-1.0|0|16.0|166.0|1|3|-1
1|364|1|OBR04|EV000315|3329|1632.0|336.0|-70.0|1.0|0.0|0|16.0|166.0|1|3|-1
1|365|1|OBR04|EV000316|3332|1648.0|336.0|-70.0|0.0|1.0|0|16.0|166.0|1|3|-1
1|366|0|OBR04|EV000317|3335|1712.0|352.0|80.0|0.0|1.0|0|160.0|16.0|3|1|-1
1|368|0|OBR04|EV000318|3338|1696.0|512.0|80.0|0.0|-1.0|0|160.0|16.0|3|1|-1
1|371|1|OBR04|EV000319|3341|1696.0|352.0|-70.0|0.0|-1.0|0|16.0|166.0|1|3|-1
1|372|1|OBR04|EV000320|3344|1696.0|336.0|-70.0|1.0|0.0|0|16.0|166.0|1|3|-1
1|373|1|OBR04|EV000321|3347|1712.0|336.0|-70.0|0.0|1.0|0|16.0|166.0|1|3|-1
1|374|0|OBR04|EV000322|3350|1776.0|352.0|80.0|0.0|1.0|0|160.0|16.0|3|1|-1
1|376|0|OBR04|EV000323|3353|1760.0|512.0|80.0|0.0|-1.0|0|160.0|16.0|3|1|-1
1|379|1|OBR04|EV000324|3356|1760.0|352.0|-70.0|0.0|-1.0|0|16.0|166.0|1|3|-1
1|380|1|OBR04|EV000325|3359|1760.0|336.0|-70.0|1.0|0.0|0|16.0|166.0|1|3|-1
1|381|1|OBR04|EV000326|3362|1776.0|336.0|-70.0|0.0|1.0|0|16.0|166.0|1|3|-1
1|1175|0|QROCK3X8|EV000327|3365|1536.0|512.0|64.0|1.0|0.0|0|32.0|32.0|1|1|-1
1|1177|1|QROCK3X8|EV000328|3366|1744.0|512.0|-70.0|1.0|0.0|0|16.0|166.0|1|3|-1
0|42|0|XA11TEX|EV000329|3369|2632.0|-384.0|-100.0|1|0|0|184.0|384.0|3|6|-1
1|140|0|QROCK3X8|EV000330|3387|2816.0|0.0|90.0|-0.086629616364842|-0.996240588195683|0|184.69434208984313|38.0|3|1|-1
1|140|2|QROCK3X8|EV000331|3390|2816.0|0.0|-100.0|-0.086629616364842|-0.996240588195683|0|184.69434208984313|20.0|3|1|-1
1|417|0|QROCK3X8|EV000332|3393|2800.0|-184.0|90.0|0.07974522228289|-0.996815278536125|0|200.63897926375125|38.0|4|1|-1
1|417|2|QROCK3X8|EV000333|3397|2800.0|-184.0|-100.0|0.07974522228289|-0.996815278536125|0|200.63897926375125|20.0|4|1|-1
0|43|0|XA11TEX|EV000334|3401|2180.0|-1024.0|-384.0|1|0|0|156.0|192.0|3|3|-1
1|406|1|QROCK3X8|EV000335|3410|2336.0|-880.0|-384.0|-0.5547001962252291|-0.8320502943378437|0|115.37764081484765|512.0|2|8|-1
1|407|1|QROCK3X8|EV000336|3426|2272.0|-976.0|-384.0|0.0|-1.0|0|48.0|512.0|1|8|-1
1|408|1|QROCK3X8|EV000337|3434|2272.0|-1024.0|-384.0|-1.0|0.0|0|16.0|512.0|1|8|-1
1|1982|1|QROCK3X8|EV000338|3442|2192.0|-1024.0|-384.0|-1.0|0.0|0|12.0|512.0|1|8|-1
1|1986|0|QROCK3X8|EV000339|3450|2256.0|-1024.0|-320.0|-1.0|0.0|0|64.0|448.0|1|7|-1
0|44|0|XA11TEX|EV000340|3457|-961.0|-576.0|-360.0|1|0|0|97.0|96.0|2|2|-1
0|45|0|XA11TEX|EV000341|3461|1792.0|320.0|-70.0|1|0|0|48.0|192.0|1|3|-1
1|425|0|QROCK3X8|EV000342|3464|1792.0|320.0|96.0|0.19611613513818404|0.9805806756909202|0|81.58431221748455|16.0|2|1|-1
1|427|0|QROCK3X8|EV000343|3466|1808.0|400.0|96.0|-0.1414213562373095|0.9899494936611665|0|113.13708498984761|16.0|2|1|-1
0|46|0|XA02TEX|EV000344|3468|642.0|-1085.0|-700.0|1|0|0|1982.0|1403.0|12|12|-1
1|192|2|QROCK3X8|EV000345|3612|834.0|-1022.0|-700.0|-0.603010792753132|0.7977330279129975|0|318.4022612985027|188.0|5|3|-1
1|194|2|QROCK3X8|EV000346|3627|1280.0|-1084.0|-700.0|-0.9904754542981734|0.13768941292934248|0|450.2887962186046|188.0|8|3|-1
1|196|2|QROCK3X8|EV000347|3651|1920.0|-1085.0|-700.0|-1.0|0.0|0|174.0|188.0|3|3|-1
1|198|2|QROCK3X8|EV000348|3660|1984.0|-1022.0|-700.0|-0.7126524591891511|-0.7015172645143206|0|89.80534505250787|188.0|2|3|-1
1|200|2|QROCK3X8|EV000349|3666|2176.0|-1022.0|-700.0|-1.0|0.0|0|192.0|188.0|3|3|-1
1|202|2|QROCK3X8|EV000350|3675|2176.0|-912.0|-700.0|0.0|-1.0|0|110.0|188.0|2|3|-1
1|204|2|QROCK3X8|EV000351|3681|2272.0|-640.0|-700.0|-0.7071067811865475|-0.7071067811865475|0|22.627416997969522|188.0|1|3|-1
1|206|2|QROCK3X8|EV000352|3684|642.0|-768.0|-700.0|0.8999813238235361|0.4359284537270253|0|142.22517358048822|188.0|3|3|-1
1|208|2|QROCK3X8|EV000353|3693|770.0|-706.0|-700.0|0.31328916457833816|0.9496577801280875|0|204.2841158778626|188.0|4|3|-1
1|210|2|QROCK3X8|EV000354|3705|834.0|-512.0|-700.0|-0.5547001962252291|0.8320502943378437|0|230.7552816296953|188.0|4|3|-1
1|212|2|QROCK3X8|EV000355|3717|706.0|-320.0|-700.0|0.0|1.0|0|192.0|188.0|3|3|-1
1|214|2|QROCK3X8|EV000356|3726|706.0|-128.0|-700.0|0.44438984748855437|0.8958335020801016|0|283.53483031190365|188.0|5|3|-1
1|216|2|QROCK3X8|EV000357|3741|832.0|126.0|-700.0|0.9284766908852594|0.3713906763541037|0|344.65054765660824|188.0|6|3|-1
1|218|2|QROCK3X8|EV000358|3759|1152.0|254.0|-700.0|0.9805806756909202|0.19611613513818404|0|326.3372488699382|188.0|6|3|-1
1|220|2|QROCK3X8|EV000359|3777|1472.0|318.0|-700.0|1.0|0.0|0|320.0|188.0|5|3|-1
1|222|2|QROCK3X8|EV000360|3792|1792.0|318.0|-700.0|0.9284766908852594|-0.3713906763541037|0|344.65054765660824|188.0|6|3|-1
1|224|2|QROCK3X8|EV000361|3810|2496.0|-2.0|-700.0|0.5587229442262481|-0.829354370335837|0|229.09386722476881|188.0|4|3|-1
1|226|2|QROCK3X8|EV000362|3822|2112.0|190.0|-700.0|0.9486832980505138|-0.31622776601683794|0|202.3857702507763|188.0|4|3|-1
1|228|2|QROCK3X8|EV000363|3834|2304.0|126.0|-700.0|0.8320502943378437|-0.5547001962252291|0|230.7552816296953|188.0|4|3|-1
1|231|2|QROCK3X8|EV000364|3846|2624.0|-192.0|-700.0|-0.6178215519319035|-0.7863183388224225|0|569.7438020724754|188.0|9|3|-1
1|250|2|QROCK3X8|EV000365|3873|1746.0|-1085.0|-700.0|0.0|1.0|0|79.0|188.0|2|3|-1
1|252|2|QROCK3X8|EV000366|3879|1455.0|-1084.0|-700.0|-1.0|0.0|0|175.0|188.0|3|3|-1
1|256|2|QROCK3X8|EV000367|3888|1454.0|-1006.0|-700.0|0.01281945932506583|-0.9999178273551348|0|78.00640999302557|188.0|2|3|-1
1|287|2|QROCK3X8|EV000368|3894|1522.0|-1006.0|-700.0|-1.0|0.0|0|68.0|188.0|2|3|-1
1|289|2|QROCK3X8|EV000369|3900|1522.0|-1070.0|-700.0|0.0|1.0|0|64.0|188.0|1|3|-1
1|291|2|QROCK3X8|EV000370|3903|1746.0|-1006.0|-700.0|-1.0|0.0|0|68.0|188.0|2|3|-1
1|293|2|QROCK3X8|EV000371|3909|1678.0|-1006.0|-700.0|0.0|-1.0|0|64.0|188.0|1|3|-1
1|307|2|QROCK3X8|EV000372|3912|1536.0|-1070.0|-700.0|-1.0|0.0|0|14.0|188.0|1|3|-1
1|313|2|QROCK3X8|EV000373|3915|1678.0|-1070.0|-700.0|-1.0|0.0|0|14.0|188.0|1|3|-1
1|399|2|QROCK3X8|EV000374|3918|2256.0|-656.0|-700.0|-0.19611613513818404|-0.9805806756909202|0|163.1686244349691|188.0|3|3|-1
1|401|2|QROCK3X8|EV000375|3927|2224.0|-816.0|-700.0|-0.4472135954999579|-0.8944271909999159|0|107.33126291998991|188.0|2|3|-1
1|1460|2|QROCK3X8|EV000376|3933|1645.0|-576.0|-700.0|0.8406528164418242|0.541574410592329|0|123.71337841963576|188.0|2|3|-1
1|1462|2|QROCK3X8|EV000377|3939|1511.0|-486.0|-700.0|0.8301392065438942|-0.5575561834996304|0|161.4187101918486|188.0|3|3|-1
1|1464|2|QROCK3X8|EV000378|3948|1417.0|-449.0|-700.0|0.930510652004256|-0.3662648311080582|0|101.01980003939822|188.0|2|3|-1
1|1466|2|QROCK3X8|EV000379|3954|1417.0|-328.0|-700.0|0.0|-1.0|0|121.0|188.0|2|3|-1
1|1468|2|QROCK3X8|EV000380|3960|1486.0|-190.0|-700.0|-0.4472135954999579|-0.8944271909999159|0|154.2886904474855|188.0|3|3|-1
1|1470|2|QROCK3X8|EV000381|3969|1692.0|-145.0|-700.0|-0.976961854788365|-0.21341399740522538|0|210.85777196963835|188.0|4|3|-1
1|1472|2|QROCK3X8|EV000382|3981|1760.0|-257.0|-700.0|-0.5189781342417641|0.854787515221729|0|131.0267148332736|188.0|3|3|-1
1|1474|2|QROCK3X8|EV000383|3990|1783.0|-394.0|-700.0|-0.16556620145411458|0.9861986782266824|0|138.91724155050014|188.0|3|3|-1
1|1476|2|QROCK3X8|EV000384|3999|1749.0|-509.0|-700.0|0.2835204398074502|0.9589661934663756|0|119.9208072020865|188.0|2|3|-1
0|47|0|XA11TEX|EV000385|4005|3795.0|-123.0|70.0|1|0|0|45.0|120.0|1|2|-1
1|246|0|QROCK3X8|EV000386|4007|3795.0|-123.0|75.0|0.0|1.0|0|120.0|15.0|2|1|-1
0|48|0|XA11TEX|EV000387|4009|3725.0|-123.0|50.0|1|0|0|70.0|120.0|2|2|-1
1|247|2|QROCK3X8|EV000388|4013|3795.0|-3.0|50.0|0.0|-1.0|0|120.0|20.0|2|1|-1
1|248|0|QROCK3X8|EV000389|4015|3795.0|-123.0|64.0|-0.5851852867542648|0.8108996116451955|0|119.6202324023825|11.0|2|1|-1
0|49|0|XA11TEX|EV000390|4017|3725.0|-123.0|30.0|1|0|0|70.0|97.0|2|2|-1
1|249|2|QROCK3X8|EV000391|4021|3725.0|-26.0|30.0|0.5851852867542648|-0.8108996116451955|0|119.6202324023825|20.0|2|1|-1
1|315|0|ORUST05|EV000392|4023|1664.0|-1072.0|0.0|-1.0|0.0|0|128.0|128.0|2|2|-1
0|51|0|METALF15|EV000393|4027|1664.0|-1088.0|-384.0|1|0|0|80.0|80.0|2|2|-1
1|258|1|ORUST06|EV000394|4031|1728.0|-1088.0|-384.0|-1.0|0.0|0|64.0|384.0|1|6|-1
1|277|1|QTECH17|EV000395|4037|1744.0|-1072.0|-384.0|-1.0|0.0|0|16.0|384.0|1|6|-1
1|278|1|QTECH17|EV000396|4043|1728.0|-1072.0|-384.0|0.0|-1.0|0|16.0|384.0|1|6|-1
0|52|0|METALF15|EV000397|4049|1456.0|-1088.0|-384.0|1|0|0|80.0|80.0|2|2|-1
1|274|1|QTECH17|EV000398|4053|1472.0|-1088.0|-384.0|0.0|1.0|0|16.0|384.0|1|6|-1
1|276|1|QTECH17|EV000399|4059|1472.0|-1072.0|-384.0|-1.0|0.0|0|16.0|384.0|1|6|-1
1|285|1|ORUST06|EV000400|4065|1536.0|-1088.0|-384.0|-1.0|0.0|0|64.0|384.0|1|6|-1
1|280|1|ORUST06|EV000401|4071|1536.0|-1096.0|-392.0|0.0|1.0|0|8.0|392.0|1|7|-1
1|286|1|ORUST06|EV000402|4078|1664.0|-1088.0|-392.0|0.0|-1.0|0|8.0|392.0|1|7|-1
1|303|2|ORUST06|EV000403|4085|1536.0|-1088.0|-392.0|0.0|1.0|0|8.0|8.0|1|1|-1
1|306|2|ORUST06|EV000404|4086|1664.0|-1080.0|-392.0|0.0|-1.0|0|8.0|8.0|1|1|-1
1|281|1|ORUST06|EV000405|4087|1664.0|-1096.0|-32.0|0.0|-1.0|0|104.0|32.0|2|1|-1
1|1144|1|ORUST06|EV000406|4089|1536.0|-1200.0|-32.0|0.0|1.0|0|104.0|32.0|2|1|-1
1|300|2|ORUST06|EV000407|4091|1664.0|-1072.0|-512.0|0.0|-1.0|0|8.0|128.0|1|2|-1
1|302|2|ORUST06|EV000408|4093|1536.0|-1080.0|-512.0|0.0|1.0|0|8.0|128.0|1|2|-1
0|57|0|XA11TEX|EV000409|4095|704.0|-512.0|-224.0|1|0|0|64.0|96.0|1|2|-1
1|317|2|QMET22|EV000410|4097|752.0|-480.0|-224.0|0.0|1.0|0|32.0|64.0|1|1|-1
1|319|2|QMET22|EV000411|4098|752.0|-448.0|-224.0|-1.0|0.0|0|16.0|64.0|1|1|-1
1|323|2|QMET22|EV000412|4099|736.0|-480.0|-224.0|1.0|0.0|0|16.0|64.0|1|1|-1
0|58|0|BRFLR4B|EV000413|4100|736.0|-480.0|-160.0|1|0|0|16.0|32.0|1|1|-1
0|59|0|XA11TEX|EV000414|4101|1504.0|352.0|-70.0|1|0|0|16.0|160.0|1|3|-1
1|337|1|QROCK3X8|EV000415|4104|1504.0|512.0|-70.0|1.0|0.0|0|16.0|150.0|1|3|-1
0|60|0|XA11TEX|EV000416|4107|1504.0|352.0|-70.0|1|0|0|272.0|136.0|5|3|-1
1|342|1|OBR04|EV000417|4122|1520.0|352.0|-70.0|-1.0|0.0|0|16.0|150.0|1|3|-1
1|354|1|OBR04|EV000418|4125|1584.0|352.0|-70.0|-1.0|0.0|0|16.0|150.0|1|3|-1
1|362|1|OBR04|EV000419|4128|1648.0|352.0|-70.0|-1.0|0.0|0|16.0|150.0|1|3|-1
1|370|1|OBR04|EV000420|4131|1712.0|352.0|-70.0|-1.0|0.0|0|16.0|150.0|1|3|-1
1|378|1|OBR04|EV000421|4134|1776.0|352.0|-70.0|-1.0|0.0|0|16.0|150.0|1|3|-1
0|61|0|XA11TEX|EV000422|4137|1536.0|512.0|-70.0|1|0|0|208.0|60.0|4|1|-1
1|1174|1|QROCK3X8|EV000423|4141|1536.0|512.0|-70.0|0.0|1.0|0|52.0|134.0|1|3|-1
1|1182|1|QROCK3X8|EV000424|4144|1740.0|572.0|-70.0|0.06651901052377393|-0.9977851578566089|0|60.13318551349163|134.0|1|3|-1
1|8665|2|QMET22|EV000425|4147|1584.0|544.0|-70.0|-1.0|0.0|0|32.0|64.0|1|1|-1
1|8667|2|QMET22|EV000426|4148|1552.0|544.0|-70.0|0.0|-1.0|0|16.0|64.0|1|1|-1
1|8671|2|QMET22|EV000427|4149|1584.0|528.0|-70.0|0.0|1.0|0|16.0|64.0|1|1|-1
0|62|0|XA11TEX|EV000428|4150|1568.0|352.0|-70.0|1|0|0|16.0|160.0|1|3|-1
1|382|0|QROCK3X8|EV000429|4153|1568.0|512.0|64.0|1.0|0.0|0|16.0|16.0|1|1|-1
0|63|0|XA11TEX|EV000430|4154|1632.0|352.0|-70.0|1|0|0|16.0|160.0|1|3|-1
1|384|0|QROCK3X8|EV000431|4157|1632.0|512.0|64.0|1.0|0.0|0|16.0|16.0|1|1|-1
0|64|0|XA11TEX|EV000432|4158|1696.0|352.0|-70.0|1|0|0|16.0|160.0|1|3|-1
1|386|0|QROCK3X8|EV000433|4161|1696.0|512.0|64.0|1.0|0.0|0|16.0|16.0|1|1|-1
0|65|0|XA11TEX|EV000434|4162|1760.0|352.0|-70.0|1|0|0|16.0|160.0|1|3|-1
1|388|1|QROCK3X8|EV000435|4165|1760.0|512.0|-70.0|1.0|0.0|0|16.0|150.0|1|3|-1
0|66|0|XA11TEX|EV000436|4168|2368.0|-624.0|-200.0|1|0|0|224.0|272.0|4|5|-1
1|405|1|QROCK3X8|EV000437|4188|2592.0|-512.0|-200.0|-0.7071067811865476|-0.7071067811865476|0|158.39191898578665|328.0|3|6|-1
1|410|2|QROCK3X8|EV000438|4206|2504.0|-352.0|-200.0|0.4819187497721559|-0.8762159086766471|0|182.60339536821323|100.0|3|2|-1
0|67|0|XA11TEX|EV000439|4212|2256.0|-752.0|-300.0|1|0|0|224.0|224.0|4|4|-1
1|404|1|QROCK3X8|EV000440|4228|2480.0|-624.0|-300.0|-0.6|-0.8|0|160.0|428.0|3|7|-1
1|412|2|QROCK3X8|EV000441|4249|2368.0|-528.0|-300.0|0.7592566023652966|-0.6507913734559685|0|147.5127113166862|100.0|3|2|-1
0|68|0|XA11TEX|EV000442|4255|2224.0|-880.0|-400.0|1|0|0|160.0|208.0|3|4|-1
1|403|1|QROCK3X8|EV000443|4267|2384.0|-752.0|-400.0|-0.3511234415883917|-0.9363291775690445|0|136.7040599250805|512.0|3|8|-1
1|414|2|QROCK3X8|EV000444|4291|2256.0|-672.0|-400.0|0.847998304005088|-0.52999894000318|0|150.94369811290565|100.0|3|2|-1
1|416|2|QROCK3X8|EV000445|4297|2336.0|-880.0|-400.0|-0.9191450300180578|0.39391929857916763|0|121.85236969382254|16.0|2|1|-1
0|76|0|FLOOR4|EV000446|4299|4216.0|-384.0|96.0|1|0|0|80.0|72.0|2|2|-1
1|439|1|ORDEMON1|EV000447|4303|4288.0|-320.0|96.0|-1.0|0.0|0|64.0|128.0|1|2|-1
1|440|1|ORDEMON1|EV000448|4305|4288.0|-384.0|96.0|0.0|1.0|0|64.0|128.0|1|2|-1
1|441|1|QROCK3X8|EV000449|4307|4224.0|-384.0|96.0|-1.0|0.0|0|8.0|128.0|1|2|-1
1|442|1|ORDEMON1|EV000450|4309|4224.0|-320.0|96.0|0.0|-1.0|0|64.0|128.0|1|2|-1
1|17698|1|ORUST06|EV000451|4311|4296.0|-384.0|96.0|-1.0|0.0|0|8.0|128.0|1|2|-1
0|77|0|FLOOR4|EV000452|4313|4536.0|-384.0|96.0|1|0|0|80.0|72.0|2|2|-1
1|443|1|ORDEMON1|EV000453|4317|4608.0|-384.0|96.0|0.0|1.0|0|64.0|128.0|1|2|-1
1|444|1|ORUST06|EV000454|4319|4544.0|-384.0|96.0|-1.0|0.0|0|8.0|128.0|1|2|-1
1|445|1|ORDEMON1|EV000455|4321|4544.0|-320.0|96.0|0.0|-1.0|0|64.0|128.0|1|2|-1
1|453|1|ORDEMON1|EV000456|4323|4608.0|-320.0|96.0|-1.0|0.0|0|64.0|128.0|1|2|-1
1|17690|1|QROCK3X8|EV000457|4325|4616.0|-384.0|96.0|-1.0|0.0|0|8.0|128.0|1|2|-1
0|78|0|METALF24|EV000458|4327|4200.0|-384.0|8.0|1|0|0|432.0|152.0|7|3|-1
1|446|1|QROCK3X8|EV000459|4348|4208.0|-384.0|8.0|-1.0|0.0|0|8.0|272.0|1|5|-1
1|466|0|ORUST05|EV000460|4353|4208.0|-304.0|256.0|0.0|-1.0|0|80.0|24.0|2|1|-1
1|466|2|ORUST05|EV000461|4355|4208.0|-304.0|8.0|0.0|-1.0|0|80.0|56.0|2|1|-1
1|468|0|ORUST05|EV000462|4357|4304.0|-304.0|256.0|-1.0|0.0|0|96.0|24.0|2|1|-1
1|468|2|ORUST05|EV000463|4359|4304.0|-304.0|8.0|-1.0|0.0|0|96.0|56.0|2|1|-1
1|476|0|ORUST05|EV000464|4361|4624.0|-304.0|256.0|-1.0|0.0|0|96.0|24.0|2|1|-1
1|476|2|ORUST05|EV000465|4363|4624.0|-304.0|8.0|-1.0|0.0|0|96.0|56.0|2|1|-1
1|478|0|ORUST05|EV000466|4365|4624.0|-384.0|256.0|0.0|1.0|0|80.0|24.0|2|1|-1
1|478|2|ORUST05|EV000467|4367|4624.0|-384.0|8.0|0.0|1.0|0|80.0|56.0|2|1|-1
1|498|2|OBRL11|EV000468|4369|4304.0|-288.0|8.0|0.0|-1.0|0|16.0|16.0|1|1|-1
1|500|2|OBRL11|EV000469|4370|4528.0|-304.0|8.0|0.0|1.0|0|16.0|16.0|1|1|-1
1|502|2|OBRL11|EV000470|4371|4528.0|-288.0|8.0|0.0|1.0|0|16.0|16.0|1|1|-1
1|522|2|OBRL11|EV000471|4372|4304.0|-272.0|8.0|0.0|-1.0|0|16.0|16.0|1|1|-1
1|17655|2|OBRL11|EV000472|4373|4304.0|-240.0|8.0|0.0|-1.0|0|32.0|8.0|1|1|-1
1|17657|2|OBRL11|EV000473|4374|4528.0|-240.0|8.0|-1.0|0.0|0|224.0|8.0|4|1|-1
1|17659|2|OBRL11|EV000474|4378|4528.0|-272.0|8.0|0.0|1.0|0|32.0|8.0|1|1|-1
1|17687|1|QROCK3X8|EV000475|4379|4632.0|-384.0|8.0|-1.0|0.0|0|8.0|272.0|1|5|-1
0|79|0|XA11TEX|EV000476|4384|4152.0|400.0|0.0|1|0|0|208.0|72.0|4|2|-1
1|22572|0|QROCK3X8|EV000477|4392|4336.0|400.0|0.0|-1.0|0.0|0|160.0|160.0|3|3|-1
1|22574|1|QROCK3X8|EV000478|4401|4176.0|400.0|0.0|-0.5144957554275265|0.8574929257125441|0|46.647615158762406|160.0|1|3|-1
1|22581|1|QROCK3X8|EV000479|4404|4360.0|472.0|0.0|-0.31622776601683794|-0.9486832980505138|0|75.8946638440411|160.0|2|3|-1
1|22575|1|QROCK3X8|EV000480|4410|4152.0|440.0|4.0|-0.12403473458920847|0.9922778767136677|0|64.4980619863884|156.0|2|3|-1
1|22576|1|QROCK3X8|EV000481|4416|4144.0|504.0|4.0|0.39391929857916763|0.9191450300180578|0|60.92618484691127|156.0|1|3|-1
1|22577|1|QROCK3X8|EV000482|4419|4168.0|560.0|4.0|0.8944271909999159|0.4472135954999579|0|71.55417527999327|156.0|2|3|-1
1|22578|1|QROCK3X8|EV000483|4425|4232.0|592.0|4.0|0.9938837346736188|-0.11043152607484653|0|72.44308110509934|156.0|2|3|-1
1|22579|1|QROCK3X8|EV000484|4431|4304.0|584.0|4.0|0.7592566023652966|-0.6507913734559685|0|73.7563556583431|156.0|2|3|-1
1|22580|1|QROCK3X8|EV000485|4437|4360.0|536.0|4.0|0.0|-1.0|0|64.0|156.0|1|3|-1
0|81|0|ECOPF1|EV000486|4440|4208.0|-384.0|64.0|1|0|0|416.0|80.0|7|2|-1
1|464|1|QROCK3X8|EV000487|4454|4624.0|-384.0|64.0|-1.0|0.0|0|8.0|192.0|1|3|-1
1|523|1|ORUST06|EV000488|4457|4352.0|-384.0|64.0|-1.0|0.0|0|16.0|192.0|1|3|-1
1|526|0|ORUST06|EV000489|4460|4480.0|-384.0|192.0|-1.0|0.0|0|128.0|64.0|2|1|-1
1|536|1|ORUST06|EV000490|4462|4304.0|-384.0|64.0|-1.0|0.0|0|8.0|192.0|1|3|-1
1|541|0|ORUST06|EV000491|4465|4336.0|-384.0|128.0|-1.0|0.0|0|32.0|128.0|1|2|-1
1|541|2|ORUST06|EV000492|4467|4336.0|-384.0|64.0|-1.0|0.0|0|32.0|32.0|1|1|-1
1|17691|0|OMARBLE|EV000493|4468|4616.0|-384.0|224.0|0.0|1.0|0|72.0|32.0|2|1|-1
1|17691|2|OMARBLE|EV000494|4470|4616.0|-384.0|64.0|0.0|1.0|0|72.0|32.0|2|1|-1
1|17693|0|OMARBLE|EV000495|4472|4616.0|-312.0|224.0|-1.0|0.0|0|80.0|32.0|2|1|-1
1|17693|2|OMARBLE|EV000496|4474|4616.0|-312.0|64.0|-1.0|0.0|0|80.0|32.0|2|1|-1
1|17695|1|ORUST06|EV000497|4476|4536.0|-384.0|64.0|-1.0|0.0|0|56.0|192.0|1|3|-1
1|17696|0|OMARBLE|EV000498|4479|4536.0|-312.0|224.0|0.0|-1.0|0|72.0|32.0|2|1|-1
1|17696|2|OMARBLE|EV000499|4481|4536.0|-312.0|64.0|0.0|-1.0|0|72.0|32.0|2|1|-1
1|17699|0|OMARBLE|EV000500|4483|4296.0|-384.0|224.0|0.0|1.0|0|72.0|32.0|2|1|-1
1|17699|2|OMARBLE|EV000501|4485|4296.0|-384.0|64.0|0.0|1.0|0|72.0|32.0|2|1|-1
1|17701|0|OMARBLE|EV000502|4487|4296.0|-312.0|224.0|-1.0|0.0|0|80.0|32.0|2|1|-1
1|17701|2|OMARBLE|EV000503|4489|4296.0|-312.0|64.0|-1.0|0.0|0|80.0|32.0|2|1|-1
1|17703|1|QROCK3X8|EV000504|4491|4216.0|-384.0|64.0|-1.0|0.0|0|8.0|192.0|1|3|-1
1|17704|0|OMARBLE|EV000505|4494|4216.0|-312.0|224.0|0.0|-1.0|0|72.0|32.0|2|1|-1
1|17704|2|OMARBLE|EV000506|4496|4216.0|-312.0|64.0|0.0|-1.0|0|72.0|32.0|2|1|-1
0|82|0|METALF15|EV000507|4498|4304.0|-336.0|33.0|1|0|0|16.0|32.0|1|1|-1
1|470|0|ORUST05|EV000508|4499|4304.0|-320.0|256.0|0.0|1.0|0|16.0|24.0|1|1|-1
1|470|2|ORUST05|EV000509|4500|4304.0|-320.0|33.0|0.0|1.0|0|16.0|31.0|1|1|-1
1|504|0|ORUST05|EV000510|4501|4304.0|-336.0|256.0|0.0|1.0|0|16.0|24.0|1|1|-1
1|504|2|ORUST05|EV000511|4502|4304.0|-336.0|33.0|0.0|1.0|0|16.0|31.0|1|1|-1
1|520|2|OBRL11|EV000512|4503|4320.0|-336.0|33.0|-1.0|0.0|0|16.0|10.0|1|1|-1
0|83|0|METALF15|EV000513|4504|4304.0|-368.0|43.0|1|0|0|16.0|32.0|1|1|-1
1|472|0|ORUST05|EV000514|4505|4320.0|-368.0|256.0|-1.0|0.0|0|16.0|24.0|1|1|-1
1|472|2|ORUST05|EV000515|4506|4320.0|-368.0|43.0|-1.0|0.0|0|16.0|21.0|1|1|-1
1|506|0|ORUST05|EV000516|4507|4304.0|-352.0|256.0|0.0|1.0|0|16.0|24.0|1|1|-1
1|506|2|ORUST05|EV000517|4508|4304.0|-352.0|43.0|0.0|1.0|0|16.0|21.0|1|1|-1
1|508|0|ORUST05|EV000518|4509|4304.0|-368.0|256.0|0.0|1.0|0|16.0|24.0|1|1|-1
1|508|2|ORUST05|EV000519|4510|4304.0|-368.0|43.0|0.0|1.0|0|16.0|21.0|1|1|-1
0|84|0|METALF15|EV000520|4511|4512.0|-368.0|43.0|1|0|0|16.0|32.0|1|1|-1
1|474|0|ORUST05|EV000521|4512|4528.0|-352.0|256.0|0.0|-1.0|0|16.0|24.0|1|1|-1
1|474|2|ORUST05|EV000522|4513|4528.0|-352.0|43.0|0.0|-1.0|0|16.0|21.0|1|1|-1
1|510|0|ORUST05|EV000523|4514|4528.0|-336.0|256.0|0.0|-1.0|0|16.0|24.0|1|1|-1
1|510|2|ORUST05|EV000524|4515|4528.0|-336.0|43.0|0.0|-1.0|0|16.0|21.0|1|1|-1
1|17725|0|ORUST05|EV000525|4516|4528.0|-368.0|256.0|-1.0|0.0|0|16.0|24.0|1|1|-1
1|17725|2|ORUST05|EV000526|4517|4528.0|-368.0|43.0|-1.0|0.0|0|16.0|21.0|1|1|-1
0|85|0|METALF15|EV000527|4518|4304.0|-304.0|24.0|1|0|0|16.0|32.0|1|1|-1
1|516|2|OBRL11|EV000528|4519|4320.0|-304.0|24.0|-1.0|0.0|0|16.0|9.0|1|1|-1
0|86|0|METALF15|EV000529|4520|4512.0|-304.0|24.0|1|0|0|16.0|32.0|1|1|-1
1|17717|2|OBRL11|EV000530|4521|4528.0|-304.0|24.0|-1.0|0.0|0|16.0|9.0|1|1|-1
0|87|0|METALF15|EV000531|4522|4512.0|-336.0|33.0|1|0|0|16.0|32.0|1|1|-1
1|512|0|ORUST05|EV000532|4523|4528.0|-320.0|256.0|0.0|-1.0|0|16.0|24.0|1|1|-1
1|512|2|ORUST05|EV000533|4524|4528.0|-320.0|33.0|0.0|-1.0|0|16.0|31.0|1|1|-1
1|514|0|ORUST05|EV000534|4525|4528.0|-304.0|256.0|0.0|-1.0|0|16.0|24.0|1|1|-1
1|514|2|ORUST05|EV000535|4526|4528.0|-304.0|33.0|0.0|-1.0|0|16.0|31.0|1|1|-1
1|17721|2|OBRL11|EV000536|4527|4528.0|-336.0|33.0|-1.0|0.0|0|16.0|10.0|1|1|-1
0|88|0|METALF15|EV000537|4528|4304.0|-272.0|16.0|1|0|0|224.0|32.0|4|1|-1
1|518|2|OBRL11|EV000538|4532|4320.0|-272.0|16.0|-1.0|0.0|0|16.0|8.0|1|1|-1
1|17713|2|OBRL11|EV000539|4533|4528.0|-272.0|16.0|-1.0|0.0|0|16.0|8.0|1|1|-1
0|91|0|ECOPF1|EV000540|4534|4304.0|-392.0|96.0|1|0|0|32.0|8.0|1|1|-1
1|537|1|ORUST06|EV000541|4535|4336.0|-384.0|96.0|0.0|-1.0|0|8.0|32.0|1|1|-1
1|538|1|ORUST06|EV000542|4536|4304.0|-392.0|96.0|0.0|1.0|0|8.0|32.0|1|1|-1
1|539|1|QBASEB1|EV000543|4537|4336.0|-392.0|96.0|-1.0|0.0|0|32.0|32.0|1|1|-1
1|635|1|QROCK3X8|EV000544|4538|-448.0|-640.0|-704.0|1.0|0.0|0|64.0|192.0|1|3|-1
1|636|1|QROCK3X8|EV000545|4541|-384.0|-640.0|-704.0|0.0|-1.0|0|64.0|192.0|1|3|-1
1|637|1|QROCK3X8|EV000546|4544|-384.0|-704.0|-704.0|-1.0|0.0|0|64.0|192.0|1|3|-1
1|638|1|QROCK3X8|EV000547|4547|-448.0|-704.0|-704.0|0.0|1.0|0|40.0|192.0|1|3|-1
1|15622|1|QROCK3X8|EV000548|4550|-448.0|-664.0|-704.0|0.0|1.0|0|24.0|192.0|1|3|-1
0|181|0|XA11TEX|EV000549|4553|1508.0|564.0|-86.0|1|0|0|292.0|56.0|5|1|-1
1|1179|1|QROCK3X8|EV000550|4558|1536.0|564.0|-86.0|-0.4472135954999579|0.8944271909999159|0|62.609903369994115|166.0|1|3|-1
1|1181|1|QROCK3X8|EV000551|4561|1800.0|616.0|-86.0|-0.8064049958557055|-0.5913636636275174|0|74.4043009509531|166.0|2|3|-1
1|1187|0|QROCK3X8|EV000552|4567|1740.0|572.0|64.0|-0.9992319507315425|-0.039185566695354605|0|204.15680248279753|16.0|4|1|-1
1|1187|2|QROCK3X8|EV000553|4571|1740.0|572.0|-86.0|-0.9992319507315425|-0.039185566695354605|0|204.15680248279753|16.0|4|1|-1
1|1190|0|QROCK3X8|EV000554|4575|1508.0|620.0|66.0|0.9999061869691637|-0.013697345026974844|0|292.0273959751037|14.0|5|1|-1
1|1190|2|QROCK3X8|EV000555|4580|1508.0|620.0|-86.0|0.9999061869691637|-0.013697345026974844|0|292.0273959751037|8.0|5|1|-1
0|185|0|XA11TEX|EV000556|4585|-1224.0|-344.0|-368.0|1|0|0|72.0|96.0|2|2|-1
1|4800|0|QROCK3X8|EV000557|4589|-1152.0|-344.0|-232.0|-1.0|0.0|0|72.0|16.0|2|1|-1
1|4800|2|QROCK3X8|EV000558|4591|-1152.0|-344.0|-368.0|-1.0|0.0|0|72.0|16.0|2|1|-1
1|17028|0|QROCK3X8|EV000559|4593|-1224.0|-248.0|-232.0|1.0|0.0|0|72.0|16.0|2|1|-1
1|17028|2|QROCK3X8|EV000560|4595|-1224.0|-248.0|-368.0|1.0|0.0|0|72.0|16.0|2|1|-1
0|186|0|XA11TEX|EV000561|4597|-1432.0|-472.0|-368.0|1|0|0|208.0|264.0|4|5|-1
1|1186|0|QROCK3X8|EV000562|4617|-1224.0|-248.0|-216.0|0.0|-1.0|0|96.0|16.0|2|1|-1
1|16957|1|QROCK3X8|EV000563|4619|-1224.0|-384.0|-368.0|-0.8087360843031884|-0.5881716976750462|0|108.81176406988355|168.0|2|3|-1
1|16958|1|QROCK3X8|EV000564|4625|-1312.0|-448.0|-368.0|-0.9805806756909201|-0.19611613513818402|0|122.37646832622684|168.0|2|3|-1
1|16977|1|QROCK3X8|EV000565|4631|-1320.0|-216.0|-368.0|0.9965457582448796|0.08304547985373997|0|96.33275663033837|168.0|2|3|-1
1|16979|0|QROCK3X8|EV000566|4637|-1224.0|-360.0|-280.0|0.0|-1.0|0|24.0|80.0|1|2|-1
1|16979|2|QROCK3X8|EV000567|4639|-1224.0|-360.0|-368.0|0.0|-1.0|0|24.0|64.0|1|1|-1
1|16984|0|QROCK3X8|EV000568|4640|-1336.0|-248.0|-232.0|0.4472135954999579|0.8944271909999159|0|35.77708763999664|32.0|1|1|-1
1|16984|2|QROCK3X8|EV000569|4641|-1336.0|-248.0|-368.0|0.4472135954999579|0.8944271909999159|0|35.77708763999664|32.0|1|1|-1
1|17013|0|QROCK3X8|EV000570|4642|-1224.0|-344.0|-232.0|0.0|-1.0|0|16.0|32.0|1|1|-1
1|17013|2|QROCK3X8|EV000571|4643|-1224.0|-344.0|-368.0|0.0|-1.0|0|16.0|16.0|1|1|-1
1|17019|0|QROCK3X8|EV000572|4644|-1224.0|-208.0|-280.0|0.0|-1.0|0|24.0|80.0|1|2|-1
1|17019|2|QROCK3X8|EV000573|4646|-1224.0|-208.0|-368.0|0.0|-1.0|0|24.0|64.0|1|1|-1
1|17025|0|QROCK3X8|EV000574|4647|-1224.0|-232.0|-232.0|0.0|-1.0|0|16.0|32.0|1|1|-1
1|17025|2|QROCK3X8|EV000575|4648|-1224.0|-232.0|-368.0|0.0|-1.0|0|16.0|16.0|1|1|-1
0|187|0|ECOPF1|EV000576|4649|1936.0|608.0|170.0|1|0|0|400.0|208.0|7|4|-1
1|1195|1|XA19TEX|EV000577|4677|1952.0|608.0|170.0|-0.4472135954999579|0.8944271909999159|0|35.77708763999664|86.0|1|2|-1
1|4837|1|XA19TEX|EV000578|4679|2336.0|784.0|170.0|-0.9090648228942843|-0.4166547104932136|0|422.4121210382107|86.0|7|2|-1
0|202|0|XA11TEX|EV000579|4693|1556.0|-484.0|-256.0|1|0|0|224.0|224.0|4|4|-1
1|1453|2|QROCK3X8|EV000580|4709|1556.0|-394.0|-256.0|0.9479734811876243|0.31834930338390366|0|141.35416513141735|128.0|3|2|-1
1|1457|2|QROCK3X8|EV000581|4715|1690.0|-349.0|-256.0|0.6014352964315569|0.798921513170277|0|111.40017953306898|64.0|2|1|-1
0|203|0|XA11TEX|EV000582|4717|1690.0|-349.0|-192.0|1|0|0|67.0|201.0|2|4|-1
1|1459|2|QROCK3X8|EV000583|4725|1690.0|-349.0|-192.0|0.0|1.0|0|201.0|64.0|4|1|-1
0|204|0|XA11TEX|EV000584|4729|1489.0|-394.0|-128.0|1|0|0|201.0|246.0|4|4|-1
0|205|0|XA11TEX|EV000585|4745|1421.0|-484.0|-192.0|1|0|0|135.0|292.0|3|5|-1
1|1451|2|QROCK3X8|EV000586|4760|1489.0|-192.0|-192.0|0.31481778505206504|-0.9491521280674199|0|212.82152146810716|64.0|4|1|-1
0|206|0|XA11TEX|EV000587|4764|1511.0|-573.0|-384.0|1|0|0|157.0|179.0|3|3|-1
1|1447|2|QROCK3X8|EV000588|4773|1511.0|-484.0|-384.0|0.4472135954999579|0.8944271909999159|0|100.62305898749054|192.0|2|3|-1
1|1449|2|QROCK3X8|EV000589|4779|1556.0|-394.0|-384.0|0.7795089347933047|-0.6263911083160484|0|143.68020044529447|128.0|3|2|-1
0|207|0|XA11TEX|EV000590|4785|1645.0|-573.0|-444.0|1|0|0|135.0|179.0|3|3|-1
1|1445|2|QROCK3X8|EV000591|4794|1668.0|-484.0|-444.0|0.7795089347933047|0.6263911083160484|0|143.68020044529447|188.0|3|3|-1
1|1455|2|QROCK3X8|EV000592|4803|1645.0|-573.0|-444.0|0.25020701488139374|0.9681923619323497|0|91.92388155425118|60.0|2|1|-1
0|284|0|XA11TEX|EV000593|4805|2192.0|-1032.0|-384.0|1|0|0|64.0|8.0|1|1|-1
1|1983|1|QROCK3X8|EV000594|4806|2256.0|-1024.0|-384.0|0.0|-1.0|0|8.0|64.0|1|1|-1
1|1989|1|QROCK3X8|EV000595|4807|2192.0|-1032.0|-384.0|0.0|1.0|0|8.0|64.0|1|1|-1
1|1994|0|OBR09|EV000596|4808|2256.0|-1032.0|-384.0|-1.0|0.0|0|64.0|64.0|1|1|-1
0|287|0|XA11TEX|EV000597|4809|2192.0|-1040.0|-384.0|1|0|0|64.0|8.0|1|1|-1
0|297|0|XA11TEX|EV000598|4810|2176.0|-1192.0|-384.0|1|0|0|120.0|152.0|2|3|-1
1|2053|0|OBR09|EV000599|4816|2192.0|-1040.0|-384.0|1.0|0.0|0|64.0|96.0|1|2|-1
1|2074|1|QROCK3X8|EV000600|4818|2272.0|-1192.0|-384.0|-0.5547001962252291|0.8320502943378437|0|28.844410203711913|96.0|1|2|-1
1|2152|1|QROCK3X8|EV000601|4820|2256.0|-1040.0|-384.0|0.8574929257125441|-0.5144957554275265|0|46.647615158762406|96.0|1|2|-1
1|2515|1|QROCK3X8|EV000602|4822|2208.0|-1184.0|-384.0|-1.0|0.0|0|32.0|96.0|1|2|-1
1|2529|1|QROCK3X8|EV000603|4824|2256.0|-1168.0|-384.0|-0.9486832980505138|-0.31622776601683794|0|50.59644256269407|96.0|1|2|-1
1|1160|1|QROCK3X8|EV000604|4826|1872.0|-1088.0|-512.0|-1.0|0.0|0|64.0|512.0|1|8|-1
0|307|0|OTECH2|EV000605|4834|1168.0|-1200.0|-128.0|1|0|0|64.0|64.0|1|1|-1
1|2176|1|ODEMON13|EV000606|4835|1168.0|-1200.0|-128.0|0.0|1.0|0|64.0|128.0|1|2|-1
1|2177|1|QROCK3X8|EV000607|4837|1168.0|-1136.0|-128.0|1.0|0.0|0|64.0|128.0|1|2|-1
1|2178|1|QROCK3X8|EV000608|4839|1232.0|-1136.0|-128.0|-0.7071067811865475|-0.7071067811865475|0|90.50966799187809|128.0|2|2|-1
1|1146|1|QROCK3X8|EV000609|4843|1392.0|-1088.0|-512.0|-1.0|0.0|0|64.0|512.0|1|8|-1
0|327|0|METALF17|EV000610|4851|2464.0|-1056.0|64.0|1|0|0|192.0|240.0|3|4|-1
1|2320|1|ORUST05|EV000611|4863|2464.0|-976.0|64.0|0.0|1.0|0|96.0|128.0|2|2|-1
1|2383|1|QSLIP1|EV000612|4867|2624.0|-1040.0|64.0|-1.0|0.0|0|128.0|128.0|2|2|-1
1|2444|1|QSLIP1|EV000613|4871|2496.0|-816.0|64.0|1.0|0.0|0|128.0|128.0|2|2|-1
1|2448|1|ORUST05|EV000614|4875|2656.0|-1056.0|64.0|-1.0|0.0|0|32.0|128.0|1|2|-1
1|2454|1|QMET01|EV000615|4877|2640.0|-848.0|64.0|0.0|-1.0|0|16.0|128.0|1|2|-1
1|2455|0|QMET01|EV000616|4879|2640.0|-864.0|176.0|0.0|-1.0|0|128.0|16.0|2|1|-1
1|2455|2|QMET01|EV000617|4881|2640.0|-864.0|64.0|0.0|-1.0|0|128.0|16.0|2|1|-1
1|2459|1|ORUST05|EV000618|4883|2656.0|-1008.0|64.0|0.0|-1.0|0|48.0|128.0|1|2|-1
1|2463|1|QMET01|EV000619|4885|2640.0|-992.0|64.0|0.0|-1.0|0|16.0|128.0|1|2|-1
1|2472|1|QMET01|EV000620|4887|2640.0|-1008.0|64.0|1.0|0.0|0|16.0|128.0|1|2|-1
0|330|0|METALF17|EV000621|4889|2464.0|-832.0|64.0|1|0|0|32.0|32.0|1|1|-1
1|2363|1|ORUST05|EV000622|4890|2464.0|-832.0|64.0|0.0|1.0|0|32.0|128.0|1|2|-1
1|2452|1|ORUST05|EV000623|4892|2464.0|-800.0|64.0|1.0|0.0|0|32.0|128.0|1|2|-1
0|332|0|METALF17|EV000624|4894|2464.0|-880.0|64.0|1|0|0|32.0|64.0|1|1|-1
1|2326|1|ORUST05|EV000625|4895|2464.0|-880.0|64.0|0.0|1.0|0|48.0|128.0|1|2|-1
0|354|0|XA02TEX|EV000626|4897|3776.0|4480.0|-700.0|1|0|0|128.0|136.0|2|3|-1
1|15966|0|ADEL_W53|EV000627|4903|3904.0|4480.0|96.0|-1.0|0.0|0|128.0|32.0|2|1|-1
0|356|0|XA11TEX|EV000628|4905|2048.0|-1216.0|-384.0|1|0|0|144.0|176.0|3|3|-1
1|2054|1|QROCK3X8|EV000629|4914|2144.0|-1072.0|-384.0|0.8320502943378437|0.5547001962252291|0|57.688820407423826|96.0|1|2|-1
1|2153|1|QROCK3X8|EV000630|4916|2080.0|-1088.0|-384.0|0.9701425001453319|0.24253562503633297|0|65.96969000988257|96.0|2|2|-1
1|2477|0|QROCK3X8|EV000631|4920|2144.0|-1216.0|-304.0|-0.8320502943378437|0.5547001962252291|0|115.37764081484765|16.0|2|1|-1
1|2477|2|QROCK3X8|EV000632|4922|2144.0|-1216.0|-384.0|-0.8320502943378437|0.5547001962252291|0|115.37764081484765|16.0|2|1|-1
1|2514|1|QROCK3X8|EV000633|4924|2176.0|-1184.0|-384.0|-0.7071067811865475|-0.7071067811865475|0|45.254833995939045|96.0|1|2|-1
1|2535|1|QROCK3X8|EV000634|4926|2048.0|-1152.0|-384.0|0.4472135954999579|0.8944271909999159|0|71.55417527999327|96.0|2|2|-1
0|361|0|XA02TEX|EV000635|4930|3776.0|4448.0|-700.0|1|0|0|128.0|32.0|2|1|-1
1|15807|0|ADEL_W53|EV000636|4932|3776.0|4448.0|-170.0|0.0|1.0|0|32.0|266.0|1|5|-1
0|362|0|XA02TEX|EV000637|4937|3792.0|3784.0|-700.0|1|0|0|208.0|152.0|4|3|-1
1|15683|0|ADEL_W53|EV000638|4949|3792.0|3936.0|96.0|1.0|0.0|0|160.0|32.0|3|1|-1
0|394|0|METALF15|EV000639|4952|5408.0|5712.0|216.0|1|0|0|224.0|64.0|4|1|-1
0|395|0|IKFLAT4|EV000640|4956|5428.0|5712.0|224.0|1|0|0|184.0|44.0|3|1|-1
1|2814|0|ADEL_Y00|EV000641|4959|5612.0|5712.0|384.0|-1.0|0.0|0|12.0|8.0|1|1|-1
1|40809|2|IKWALL76|EV000642|4960|5600.0|5712.0|224.0|-0.7071067811865475|0.7071067811865475|0|45.254833995939045|8.0|1|1|-1
1|40811|2|IKWALL76|EV000643|4961|5568.0|5744.0|224.0|-1.0|0.0|0|96.0|8.0|2|1|-1
1|40813|2|IKWALL76|EV000644|4963|5472.0|5744.0|224.0|-0.7071067811865475|-0.7071067811865475|0|45.254833995939045|8.0|1|1|-1
1|41040|0|ADEL_Y00|EV000645|4964|5440.0|5712.0|384.0|-1.0|0.0|0|12.0|8.0|1|1|-1
0|396|0|ECOPF1|EV000646|4965|5440.0|5712.0|232.0|1|0|0|160.0|32.0|3|1|-1
0|397|0|ECOPF1|EV000647|4968|5596.0|5696.0|232.0|1|0|0|4.0|16.0|1|1|-1
0|398|0|METALF15|EV000648|4969|5408.0|5696.0|216.0|1|0|0|4.0|16.0|1|1|-1
0|399|0|IKFLAT4|EV000649|4970|5428.0|5696.0|224.0|1|0|0|12.0|16.0|1|1|-1
1|40815|1|OBR01|EV000650|4971|5440.0|5696.0|224.0|-1.0|0.0|0|12.0|160.0|1|3|-1
1|40816|2|IKWALL76|EV000651|4974|5440.0|5712.0|224.0|0.0|-1.0|0|16.0|8.0|1|1|-1
0|400|0|ECOPF1|EV000652|4975|5612.0|5696.0|224.0|1|0|0|4.0|16.0|1|1|-1
0|401|0|METALF15|EV000653|4976|5628.0|5696.0|216.0|1|0|0|4.0|16.0|1|1|-1
0|402|0|IKFLAT4|EV000654|4977|5444.0|5696.0|232.0|1|0|0|12.0|16.0|1|1|-1
1|40709|1|ADEL_RR5|EV000655|4978|5456.0|5696.0|232.0|-1.0|0.0|0|12.0|152.0|1|3|-1
1|40797|2|IKWALL76|EV000656|4981|5456.0|5712.0|232.0|0.0|-1.0|0|16.0|8.0|1|1|-1
0|481|0|METALF02|EV000657|4982|4096.0|4544.0|-170.0|1|0|0|64.0|64.0|1|1|-1
1|26042|1|HY_ADL03|EV000658|4983|4096.0|4544.0|-170.0|0.0|1.0|0|64.0|33.0|1|1|-1
1|26047|1|QROCK3X8|EV000659|4984|4096.0|4608.0|-170.0|1.0|0.0|0|64.0|33.0|1|1|-1
1|26121|1|QROCK3X8|EV000660|4985|4160.0|4608.0|-170.0|-0.7071067811865475|-0.7071067811865475|0|90.50966799187809|33.0|2|1|-1
0|482|0|XA02TEX|EV000661|4987|3776.0|3968.0|-700.0|1|0|0|160.0|480.0|3|8|-1
1|15626|0|ADEL_W53|EV000662|5011|3776.0|4448.0|96.0|1.0|0.0|0|128.0|32.0|2|1|-1
1|15732|0|ADEL_W53|EV000663|5013|3936.0|3968.0|96.0|-1.0|0.0|0|160.0|32.0|3|1|-1
0|717|0|QROCK3X8|EV000664|5016|-1224.0|-360.0|-352.0|1|0|0|72.0|16.0|2|1|-1
1|17016|0|QROCK3X8|EV000665|5018|-1152.0|-360.0|-280.0|-1.0|0.0|0|72.0|48.0|2|1|-1
1|17016|2|QROCK3X8|EV000666|5020|-1152.0|-360.0|-352.0|-1.0|0.0|0|72.0|48.0|2|1|-1
0|719|0|QFLAT06|EV000667|5022|1600.0|896.0|-70.0|1|0|0|128.0|80.0|2|2|-1
1|5004|1|XA19TEX|EV000668|5026|1728.0|976.0|-70.0|0.0|-1.0|0|80.0|126.0|2|2|-1
1|5008|1|XA19TEX|EV000669|5030|1608.0|896.0|-70.0|-1.0|0.0|0|8.0|126.0|1|2|-1
1|5012|1|XA19TEX|EV000670|5032|1600.0|896.0|-70.0|0.0|1.0|0|80.0|126.0|2|2|-1
1|5014|1|XA19TEX|EV000671|5036|1728.0|896.0|-70.0|-1.0|0.0|0|8.0|126.0|1|2|-1
0|720|0|ECOPF1|EV000672|5038|624.0|800.0|170.0|1|0|0|384.0|384.0|6|6|-1
1|4811|1|XA19TEX|EV000673|5074|992.0|800.0|170.0|-0.7071067811865476|0.7071067811865476|0|520.430590953299|86.0|9|2|-1
0|721|0|XA11TEX|EV000674|5092|800.0|1728.0|-70.0|1|0|0|288.0|404.0|5|7|-1
1|4812|1|QROCK3X8|EV000675|5127|800.0|1748.0|-70.0|0.0|1.0|0|132.0|326.0|3|6|-1
1|5799|1|QROCK3X8|EV000676|5145|800.0|1960.0|-70.0|0.0|1.0|0|172.0|326.0|3|6|-1
1|5802|0|QROCK3X8|EV000677|5163|800.0|1880.0|86.0|0.0|1.0|0|80.0|170.0|2|3|-1
1|5802|2|QROCK3X8|EV000678|5169|800.0|1880.0|-70.0|0.0|1.0|0|80.0|76.0|2|2|-1
0|722|0|XA11TEX|EV000679|5173|800.0|2112.0|-70.0|1|0|0|352.0|404.0|6|7|-1
1|4813|1|QROCK3X8|EV000680|5215|800.0|2132.0|-70.0|0.4472135954999579|0.8944271909999159|0|429.32505167995964|326.0|7|6|-1
0|723|0|XA11TEX|EV000681|5257|1184.0|2496.0|-70.0|1|0|0|384.0|416.0|6|7|-1
1|4814|1|QROCK3X8|EV000682|5299|1184.0|2708.0|-70.0|0.8831157194574105|0.46915522596174936|0|434.82410236784256|326.0|7|6|-1
0|724|0|XA11TEX|EV000683|5341|2048.0|2432.0|-70.0|1|0|0|287.0|276.0|5|5|-1
1|4815|1|QROCK3X8|EV000684|5366|2143.0|2708.0|-70.0|0.7559461625460399|-0.6546337902460552|0|128.3160161476345|326.0|3|6|-1
1|5098|1|OBROWN2|EV000685|5384|2240.0|2624.0|-70.0|0.0|-1.0|0|64.0|326.0|1|6|-1
1|5099|1|QROCK3X8|EV000686|5390|2304.0|2560.0|-70.0|0.5759535324331855|-0.8174824331309729|0|53.823786563191554|326.0|1|6|-1
1|5100|1|OBROWN2|EV000687|5396|2240.0|2560.0|-70.0|1.0|0.0|0|64.0|326.0|1|6|-1
0|725|0|XA11TEX|EV000688|5402|2112.0|2112.0|-70.0|1|0|0|416.0|404.0|7|7|-1
1|4816|1|QROCK3X8|EV000689|5451|2335.0|2516.0|-70.0|0.44536656391042756|-0.8953483253743311|0|433.350897079953|326.0|7|6|-1
0|726|0|XA11TEX|EV000690|5493|2304.0|1616.0|-70.0|1|0|0|224.0|512.0|4|8|-1
1|4817|1|QROCK3X8|EV000691|5525|2528.0|2128.0|-70.0|0.0|-1.0|0|168.0|326.0|3|6|-1
1|4818|1|QROCK3X8|EV000692|5543|2528.0|1744.0|-70.0|-0.24253562503633297|-0.9701425001453319|0|131.93938001976514|326.0|3|6|-1
1|4881|1|XA19TEX|EV000693|5561|2496.0|1616.0|-70.0|-1.0|0.0|0|64.0|326.0|1|6|-1
1|5818|0|QROCK3X8|EV000694|5567|2528.0|1960.0|86.0|0.0|-1.0|0|80.0|170.0|2|3|-1
1|5818|2|QROCK3X8|EV000695|5573|2528.0|1960.0|-70.0|0.0|-1.0|0|80.0|76.0|2|2|-1
1|5821|1|QROCK3X8|EV000696|5577|2528.0|1880.0|-70.0|0.0|-1.0|0|136.0|326.0|3|6|-1
0|727|0|XA11TEX|EV000697|5595|992.0|2304.0|-70.0|1|0|0|352.0|404.0|6|7|-1
1|4819|1|QROCK3X8|EV000698|5637|992.0|2516.0|-70.0|0.5339929913879817|0.8454889030309711|0|89.88882021697692|326.0|2|6|-1
1|5095|1|OBROWN2|EV000699|5649|1040.0|2592.0|-70.0|1.0|0.0|0|64.0|326.0|1|6|-1
1|5096|1|QROCK3X8|EV000700|5655|1104.0|2656.0|-70.0|0.838443616300637|0.5449883505954141|0|95.4148835350125|326.0|2|6|-1
1|5097|1|OBROWN2|EV000701|5667|1104.0|2592.0|-70.0|0.0|1.0|0|64.0|326.0|1|6|-1
0|728|0|XA11TEX|EV000702|5673|1536.0|2624.0|-70.0|1|0|0|256.0|288.0|4|5|-1
1|4820|1|QROCK3X8|EV000703|5693|1568.0|2912.0|-70.0|1.0|0.0|0|32.0|326.0|1|6|-1
1|5174|1|QROCK3X8|EV000704|5699|1728.0|2912.0|-70.0|1.0|0.0|0|32.0|326.0|1|6|-1
1|5176|0|QROCK3X8|EV000705|5705|1600.0|2912.0|58.0|1.0|0.0|0|128.0|198.0|2|4|-1
0|729|0|XA11TEX|EV000706|5713|1760.0|2496.0|-70.0|1|0|0|383.0|416.0|6|7|-1
1|4821|1|QROCK3X8|EV000707|5755|1760.0|2912.0|-70.0|0.8826079765289919|-0.4701097316237972|0|433.94124026185847|326.0|7|6|-1
0|730|0|XA11TEX|EV000708|5797|800.0|1360.0|-70.0|1|0|0|416.0|388.0|7|7|-1
1|4822|1|XA19TEX|EV000709|5846|896.0|1552.0|-70.0|0.0|1.0|0|64.0|326.0|1|6|-1
1|4826|2|XA19TEX|EV000710|5852|1008.0|1360.0|-70.0|-0.5038710255240862|0.8637789008984335|0|222.27910383119686|96.0|4|2|-1
1|4879|1|QROCK3X8|EV000711|5860|832.0|1616.0|-70.0|-0.23560002562150417|0.9718501056887047|0|135.82341477079717|326.0|3|6|-1
1|4880|1|XA19TEX|EV000712|5878|896.0|1616.0|-70.0|-1.0|0.0|0|64.0|326.0|1|6|-1
0|731|0|ECOPF1|EV000713|5884|2336.0|1344.0|26.0|1|0|0|128.0|208.0|2|4|-1
1|4823|1|XA19TEX|EV000714|5892|2432.0|1552.0|26.0|1.0|0.0|0|32.0|230.0|1|4|-1
0|733|0|ECOPF1|EV000715|5896|864.0|1344.0|26.0|1|0|0|144.0|208.0|3|4|-1
1|4854|1|XA19TEX|EV000716|5908|864.0|1552.0|26.0|1.0|0.0|0|32.0|230.0|1|4|-1
0|734|0|ECOPF1|EV000717|5912|976.0|1152.0|26.0|1|0|0|208.0|208.0|4|4|-1
0|735|0|XA11TEX|EV000718|5928|1008.0|1184.0|-70.0|1|0|0|336.0|288.0|6|5|-1
1|4828|2|OBSUP1|EV000719|5958|1020.0|1348.0|-70.0|-0.7071067811865476|0.7071067811865476|0|16.97056274847714|96.0|1|2|-1
1|5088|2|XA19TEX|EV000720|5960|1172.0|1196.0|-70.0|-0.7071067811865475|0.7071067811865475|0|214.96046148071045|96.0|4|2|-1
1|5090|2|OBSUP1|EV000721|5968|1184.0|1184.0|-70.0|-0.7071067811865476|0.7071067811865476|0|16.97056274847714|96.0|1|2|-1
0|736|0|ECOPF1|EV000722|5970|1168.0|960.0|26.0|1|0|0|400.0|224.0|7|4|-1
1|4878|1|XA19TEX|EV000723|5998|1568.0|992.0|26.0|-0.4472135954999579|-0.8944271909999159|0|35.77708763999664|230.0|1|4|-1
0|737|0|XA11TEX|EV000724|6002|1184.0|992.0|-70.0|1|0|0|416.0|352.0|7|6|-1
1|4830|2|XA19TEX|EV000725|6044|1568.0|992.0|-70.0|-0.8944271909999159|0.4472135954999579|0|429.32505167995964|96.0|7|2|-1
0|738|0|XA11TEX|EV000726|6058|2176.0|1360.0|-70.0|1|0|0|256.0|368.0|4|6|-1
1|4832|2|XA19TEX|EV000727|6082|2432.0|1552.0|-70.0|-0.4472135954999579|-0.8944271909999159|0|214.66252583997982|96.0|4|2|-1
1|4882|1|XA19TEX|EV000728|6090|2432.0|1616.0|-70.0|0.0|-1.0|0|64.0|326.0|1|6|-1
0|739|0|ECOPF1|EV000729|6096|2144.0|1136.0|26.0|1|0|0|224.0|224.0|4|4|-1
0|740|0|XA11TEX|EV000730|6112|2080.0|1168.0|-70.0|1|0|0|256.0|272.0|4|5|-1
1|4834|2|XA19TEX|EV000731|6132|2336.0|1360.0|-70.0|-0.7071067811865476|-0.7071067811865476|0|271.5290039756342|96.0|5|2|-1
0|741|0|ECOPF1|EV000732|6142|992.0|608.0|170.0|1|0|0|400.0|224.0|7|4|-1
1|4836|1|XA19TEX|EV000733|6170|1376.0|608.0|170.0|-0.8944271909999159|0.4472135954999579|0|429.32505167995964|86.0|7|2|-1
1|4912|1|XA19TEX|EV000734|6184|1392.0|640.0|170.0|-0.4472135954999579|-0.8944271909999159|0|35.77708763999664|86.0|1|2|-1
0|742|0|ECOPF1|EV000735|6186|2320.0|784.0|170.0|1|0|0|400.0|400.0|7|7|-1
1|4838|1|XA19TEX|EV000736|6235|2720.0|1168.0|170.0|-0.7071067811865476|-0.7071067811865476|0|543.0580079512685|86.0|9|2|-1
0|743|0|XA11TEX|EV000737|6253|1568.0|992.0|-70.0|1|0|0|224.0|224.0|4|4|-1
1|4848|0|XA19TEX|EV000738|6269|1728.0|992.0|56.0|-1.0|0.0|0|128.0|200.0|2|4|-1
1|4852|1|XA19TEX|EV000739|6277|1600.0|992.0|-70.0|-1.0|0.0|0|32.0|326.0|1|6|-1
1|4853|1|XA19TEX|EV000740|6283|1760.0|992.0|-70.0|-1.0|0.0|0|32.0|326.0|1|6|-1
0|744|0|METALF24|EV000741|6289|1600.0|976.0|-70.0|1|0|0|128.0|16.0|2|1|-1
1|4849|1|XA19TEX|EV000742|6291|1728.0|992.0|-70.0|0.0|-1.0|0|16.0|126.0|1|2|-1
1|5003|1|XA19TEX|EV000743|6293|1600.0|976.0|-70.0|0.0|1.0|0|16.0|126.0|1|2|-1
0|745|0|ECOPF1|EV000744|6295|1760.0|960.0|26.0|1|0|0|400.0|208.0|7|4|-1
1|4865|1|XA19TEX|EV000745|6323|1776.0|960.0|26.0|-0.4472135954999579|0.8944271909999159|0|35.77708763999664|230.0|1|4|-1
0|746|0|XA11TEX|EV000746|6327|1760.0|992.0|-70.0|1|0|0|384.0|352.0|6|6|-1
1|4851|2|XA19TEX|EV000747|6363|2144.0|1168.0|-70.0|-0.9090648228942843|-0.4166547104932136|0|422.4121210382107|96.0|7|2|-1
0|747|0|ECOPF1|EV000748|6377|1136.0|896.0|10.0|1|0|0|416.0|256.0|7|4|-1
1|4860|2|XA19TEX|EV000749|6405|1168.0|1152.0|10.0|0.8944271909999159|-0.4472135954999579|0|429.32505167995964|16.0|7|1|-1
1|4877|1|XA19TEX|EV000750|6412|1552.0|960.0|10.0|-0.4472135954999579|-0.8944271909999159|0|71.55417527999327|246.0|2|4|-1
1|4964|2|XA19TEX|EV000751|6420|1520.0|896.0|10.0|-0.8944271909999159|0.4472135954999579|0|429.32505167995964|32.0|7|1|-1
0|748|0|ECOPF1|EV000752|6427|912.0|1088.0|10.0|1|0|0|256.0|256.0|4|4|-1
1|4862|2|XA19TEX|EV000753|6443|976.0|1344.0|10.0|0.7071067811865476|-0.7071067811865476|0|271.5290039756342|16.0|5|1|-1
1|4954|2|XA19TEX|EV000754|6448|1136.0|1088.0|10.0|-0.7071067811865476|0.7071067811865476|0|316.7838379715733|32.0|5|1|-1
0|749|0|ECOPF1|EV000755|6453|800.0|1312.0|10.0|1|0|0|176.0|240.0|3|4|-1
1|4863|2|XA19TEX|EV000756|6465|864.0|1552.0|10.0|0.47409982303501746|-0.8804710999221753|0|236.2371689637344|16.0|4|1|-1
1|4883|1|XA19TEX|EV000757|6469|800.0|1520.0|10.0|0.8944271909999159|0.4472135954999579|0|71.55417527999327|246.0|2|4|-1
1|4944|2|XA19TEX|EV000758|6477|912.0|1312.0|10.0|-0.47409982303501746|0.8804710999221753|0|236.2371689637344|32.0|4|1|-1
0|750|0|ECOPF1|EV000759|6481|1776.0|896.0|10.0|1|0|0|416.0|240.0|7|4|-1
1|4869|2|XA19TEX|EV000760|6509|1776.0|960.0|10.0|0.9090648228942843|0.4166547104932136|0|422.4121210382107|16.0|7|1|-1
1|4913|1|XA19TEX|EV000761|6516|1808.0|896.0|10.0|-0.4472135954999579|0.8944271909999159|0|71.55417527999327|246.0|2|4|-1
1|4974|2|XA19TEX|EV000762|6524|2192.0|1072.0|10.0|-0.9090648228942843|-0.4166547104932136|0|422.4121210382107|32.0|7|1|-1
0|751|0|ECOPF1|EV000763|6531|2160.0|1072.0|10.0|1|0|0|272.0|272.0|5|5|-1
1|4873|2|XA19TEX|EV000764|6556|2356.0|1332.0|10.0|0.7071067811865476|0.7071067811865476|0|16.97056274847714|16.0|1|1|-1
1|4988|2|XA19TEX|EV000765|6557|2432.0|1312.0|10.0|-0.7071067811865475|-0.7071067811865475|0|339.4112549695428|32.0|6|1|-1
1|5092|2|XA19TEX|EV000766|6563|2160.0|1136.0|10.0|0.7071067811865476|0.7071067811865476|0|16.97056274847714|16.0|1|1|-1
1|5094|2|XA19TEX|EV000767|6564|2172.0|1148.0|10.0|0.7071067811865476|0.7071067811865476|0|260.2152954766495|16.0|5|1|-1
0|752|0|ECOPF1|EV000768|6569|2368.0|1312.0|10.0|1|0|0|160.0|240.0|3|4|-1
1|4874|1|XA19TEX|EV000769|6581|2464.0|1552.0|10.0|0.8944271909999159|-0.4472135954999579|0|71.55417527999327|246.0|2|4|-1
1|4876|2|XA19TEX|EV000770|6589|2368.0|1344.0|10.0|0.4190581774617469|0.9079593845004517|0|229.08513701242165|16.0|4|1|-1
1|4992|2|XA19TEX|EV000771|6593|2528.0|1520.0|10.0|-0.4190581774617469|-0.9079593845004517|0|229.08513701242165|32.0|4|1|-1
0|753|0|ECOPF1|EV000772|6597|736.0|1280.0|42.0|1|0|0|176.0|240.0|3|4|-1
1|4884|1|XA19TEX|EV000773|6609|736.0|1488.0|42.0|0.8944271909999159|0.4472135954999579|0|71.55417527999327|214.0|2|4|-1
1|4946|2|XA19TEX|EV000774|6617|848.0|1280.0|42.0|-0.47409982303501746|0.8804710999221753|0|236.2371689637344|32.0|4|1|-1
0|754|0|ECOPF1|EV000775|6621|672.0|1248.0|74.0|1|0|0|176.0|240.0|3|4|-1
1|4885|1|XA19TEX|EV000776|6633|672.0|1456.0|74.0|0.8944271909999159|0.4472135954999579|0|71.55417527999327|182.0|2|3|-1
1|4948|2|XA19TEX|EV000777|6639|784.0|1248.0|74.0|-0.47409982303501746|0.8804710999221753|0|236.2371689637344|32.0|4|1|-1
0|757|0|ECOPF1|EV000778|6643|848.0|1024.0|42.0|1|0|0|288.0|288.0|5|5|-1
1|4956|2|XA19TEX|EV000779|6668|1104.0|1024.0|42.0|-0.7071067811865475|0.7071067811865475|0|362.03867196751236|32.0|6|1|-1
0|758|0|ECOPF1|EV000780|6674|784.0|960.0|74.0|1|0|0|320.0|320.0|5|5|-1
1|4958|2|XA19TEX|EV000781|6699|1072.0|960.0|74.0|-0.7071067811865476|0.7071067811865476|0|407.29350596345137|32.0|7|1|-1
0|759|0|ECOPF1|EV000782|6706|720.0|896.0|106.0|1|0|0|352.0|352.0|6|6|-1
1|4960|2|XA19TEX|EV000783|6742|1040.0|896.0|106.0|-0.7071067811865475|0.7071067811865475|0|452.54833995939043|32.0|8|1|-1
0|760|0|ECOPF1|EV000784|6750|656.0|832.0|138.0|1|0|0|384.0|384.0|6|6|-1
1|4962|2|XA19TEX|EV000785|6786|1008.0|832.0|138.0|-0.7071067811865476|0.7071067811865476|0|497.80317395532944|32.0|8|1|-1
0|761|0|ECOPF1|EV000786|6794|1104.0|832.0|42.0|1|0|0|416.0|256.0|7|4|-1
1|4908|1|XA19TEX|EV000787|6822|1520.0|896.0|42.0|-0.4472135954999579|-0.8944271909999159|0|71.55417527999327|214.0|2|4|-1
1|4966|2|XA19TEX|EV000788|6830|1488.0|832.0|42.0|-0.8944271909999159|0.4472135954999579|0|429.32505167995964|32.0|7|1|-1
0|762|0|ECOPF1|EV000789|6837|1072.0|768.0|74.0|1|0|0|416.0|256.0|7|4|-1
1|4909|1|XA19TEX|EV000790|6865|1488.0|832.0|74.0|-0.4472135954999579|-0.8944271909999159|0|71.55417527999327|182.0|2|3|-1
1|4968|2|XA19TEX|EV000791|6871|1456.0|768.0|74.0|-0.8944271909999159|0.4472135954999579|0|429.32505167995964|32.0|7|1|-1
0|763|0|ECOPF1|EV000792|6878|1040.0|704.0|106.0|1|0|0|416.0|256.0|7|4|-1
1|4910|1|XA19TEX|EV000793|6906|1456.0|768.0|106.0|-0.4472135954999579|-0.8944271909999159|0|71.55417527999327|150.0|2|3|-1
1|4970|2|XA19TEX|EV000794|6912|1424.0|704.0|106.0|-0.8944271909999159|0.4472135954999579|0|429.32505167995964|32.0|7|1|-1
0|764|0|ECOPF1|EV000795|6919|1008.0|640.0|138.0|1|0|0|416.0|256.0|7|4|-1
1|4911|1|XA19TEX|EV000796|6947|1424.0|704.0|138.0|-0.4472135954999579|-0.8944271909999159|0|71.55417527999327|118.0|2|2|-1
1|4972|2|XA19TEX|EV000797|6951|1392.0|640.0|138.0|-0.8944271909999159|0.4472135954999579|0|429.32505167995964|32.0|7|1|-1
0|765|0|ECOPF1|EV000798|6958|1808.0|832.0|42.0|1|0|0|416.0|240.0|7|4|-1
1|4914|1|XA19TEX|EV000799|6986|1840.0|832.0|42.0|-0.4472135954999579|0.8944271909999159|0|71.55417527999327|214.0|2|4|-1
1|4976|2|XA19TEX|EV000800|6994|2224.0|1008.0|42.0|-0.9090648228942843|-0.4166547104932136|0|422.4121210382107|32.0|7|1|-1
0|766|0|ECOPF1|EV000801|7001|1840.0|768.0|74.0|1|0|0|416.0|240.0|7|4|-1
1|4915|1|XA19TEX|EV000802|7029|1872.0|768.0|74.0|-0.4472135954999579|0.8944271909999159|0|71.55417527999327|182.0|2|3|-1
1|4978|2|XA19TEX|EV000803|7035|2256.0|944.0|74.0|-0.9090648228942843|-0.4166547104932136|0|422.4121210382107|32.0|7|1|-1
0|767|0|ECOPF1|EV000804|7042|1872.0|704.0|106.0|1|0|0|416.0|240.0|7|4|-1
1|4916|1|XA19TEX|EV000805|7070|1904.0|704.0|106.0|-0.4472135954999579|0.8944271909999159|0|71.55417527999327|150.0|2|3|-1
1|4980|2|XA19TEX|EV000806|7076|2288.0|880.0|106.0|-0.9090648228942843|-0.4166547104932136|0|422.4121210382107|32.0|7|1|-1
0|768|0|ECOPF1|EV000807|7083|1904.0|640.0|138.0|1|0|0|416.0|240.0|7|4|-1
1|4917|1|XA19TEX|EV000808|7111|1936.0|640.0|138.0|-0.4472135954999579|0.8944271909999159|0|71.55417527999327|118.0|2|2|-1
1|4982|2|XA19TEX|EV000809|7115|2320.0|816.0|138.0|-0.9090648228942843|-0.4166547104932136|0|422.4121210382107|32.0|7|1|-1
0|769|0|ECOPF1|EV000810|7122|2192.0|1008.0|42.0|1|0|0|304.0|304.0|5|5|-1
1|4996|2|XA19TEX|EV000811|7147|2496.0|1280.0|42.0|-0.7071067811865476|-0.7071067811865476|0|384.66608896548183|32.0|7|1|-1
0|770|0|ECOPF1|EV000812|7154|2224.0|944.0|74.0|1|0|0|336.0|336.0|6|6|-1
1|4994|2|XA19TEX|EV000813|7190|2560.0|1248.0|74.0|-0.7071067811865475|-0.7071067811865475|0|429.9209229614209|32.0|7|1|-1
0|771|0|ECOPF1|EV000814|7197|2256.0|880.0|106.0|1|0|0|368.0|368.0|6|6|-1
1|4998|2|XA19TEX|EV000815|7233|2624.0|1216.0|106.0|-0.7071067811865476|-0.7071067811865476|0|475.1757569573599|32.0|8|1|-1
0|772|0|ECOPF1|EV000816|7241|2288.0|816.0|138.0|1|0|0|400.0|400.0|7|7|-1
1|4984|2|XA19TEX|EV000817|7290|2688.0|1184.0|138.0|-0.7071067811865476|-0.7071067811865476|0|520.430590953299|32.0|9|1|-1
0|773|0|ECOPF1|EV000818|7299|2432.0|1280.0|42.0|1|0|0|160.0|240.0|3|4|-1
1|4938|1|XA19TEX|EV000819|7311|2528.0|1520.0|42.0|0.8944271909999159|-0.4472135954999579|0|71.55417527999327|214.0|2|4|-1
1|4990|2|XA19TEX|EV000820|7319|2592.0|1488.0|42.0|-0.4190581774617469|-0.9079593845004517|0|229.08513701242165|32.0|4|1|-1
0|774|0|ECOPF1|EV000821|7323|2496.0|1248.0|74.0|1|0|0|160.0|240.0|3|4|-1
1|4939|1|XA19TEX|EV000822|7335|2592.0|1488.0|74.0|0.8944271909999159|-0.4472135954999579|0|71.55417527999327|182.0|2|3|-1
1|4999|2|XA19TEX|EV000823|7341|2656.0|1456.0|74.0|-0.4190581774617469|-0.9079593845004517|0|229.08513701242165|32.0|4|1|-1
0|777|0|XA11TEX|EV000824|7345|1088.0|1216.0|-134.0|1|0|0|1216.0|1408.0|12|12|-1
1|5015|2|QMET22|EV000825|7489|1680.0|1280.0|-134.0|-1.0|0.0|0|32.0|64.0|1|1|-1
1|5017|2|QMET22|EV000826|7490|1648.0|1280.0|-134.0|0.0|-1.0|0|16.0|64.0|1|1|-1
1|5021|2|QMET22|EV000827|7491|1680.0|1264.0|-134.0|0.0|1.0|0|16.0|64.0|1|1|-1
1|5024|2|QROCK3X8|EV000828|7492|1344.0|2496.0|-134.0|0.8320502943378437|0.5547001962252291|0|230.7552816296953|64.0|4|1|-1
1|5026|2|QROCK3X8|EV000829|7496|1152.0|2304.0|-134.0|0.7071067811865476|0.7071067811865476|0|271.5290039756342|64.0|5|1|-1
1|5028|2|QROCK3X8|EV000830|7501|2080.0|1344.0|-134.0|-0.9138115486202573|-0.40613846605344767|0|315.1634496574753|64.0|5|1|-1
1|5030|2|QROCK3X8|EV000831|7506|1536.0|2624.0|-134.0|1.0|0.0|0|256.0|64.0|4|1|-1
1|5032|2|QROCK3X8|EV000832|7510|2176.0|1440.0|-134.0|-0.7071067811865476|-0.7071067811865476|0|135.7645019878171|64.0|3|1|-1
1|5034|2|QROCK3X8|EV000833|7513|2304.0|2112.0|-134.0|0.0|-1.0|0|384.0|64.0|6|1|-1
1|5036|2|QROCK3X8|EV000834|7519|2112.0|2432.0|-134.0|0.5144957554275265|-0.8574929257125441|0|373.18092127009925|64.0|6|1|-1
1|5038|2|QROCK3X8|EV000835|7525|2048.0|2496.0|-134.0|0.7071067811865475|-0.7071067811865475|0|90.50966799187809|64.0|2|1|-1
1|5040|2|QROCK3X8|EV000836|7527|1792.0|2624.0|-134.0|0.8944271909999159|-0.4472135954999579|0|286.2167011199731|64.0|5|1|-1
1|5042|2|QROCK3X8|EV000837|7532|1600.0|1216.0|-134.0|-0.8944271909999159|0.4472135954999579|0|286.2167011199731|64.0|5|1|-1
1|5044|2|QROCK3X8|EV000838|7537|1344.0|1344.0|-134.0|-0.7071067811865475|0.7071067811865475|0|181.01933598375618|64.0|3|1|-1
1|5046|2|QROCK3X8|EV000839|7540|1088.0|1728.0|-134.0|0.0|1.0|0|384.0|64.0|6|1|-1
1|5048|2|QROCK3X8|EV000840|7546|1088.0|2112.0|-134.0|0.31622776601683794|0.9486832980505138|0|202.3857702507763|64.0|4|1|-1
1|5050|2|QROCK3X8|EV000841|7550|1792.0|1216.0|-134.0|-1.0|0.0|0|192.0|64.0|3|1|-1
1|5052|2|QROCK3X8|EV000842|7553|1216.0|1472.0|-134.0|-0.4472135954999579|0.8944271909999159|0|286.2167011199731|64.0|5|1|-1
1|5070|2|QROCK3X8|EV000843|7558|2304.0|1728.0|-134.0|-0.40613846605344767|-0.9138115486202573|0|315.1634496574753|64.0|5|1|-1
1|5101|2|QROCK3X8|EV000844|7563|1440.0|1472.0|-134.0|-0.8944271909999159|0.4472135954999579|0|71.55417527999327|80.0|2|2|-1
1|5103|2|QROCK3X8|EV000845|7567|1376.0|1504.0|-134.0|-0.7071067811865475|-0.7071067811865475|0|45.254833995939045|80.0|1|2|-1
1|5105|2|QROCK3X8|EV000846|7569|1344.0|1472.0|-134.0|0.0|-1.0|0|32.0|80.0|1|2|-1
1|5107|2|QROCK3X8|EV000847|7571|1408.0|1408.0|-134.0|0.4472135954999579|0.8944271909999159|0|71.55417527999327|80.0|2|2|-1
1|5109|2|QROCK3X8|EV000848|7575|1344.0|1440.0|-134.0|0.8944271909999159|-0.4472135954999579|0|71.55417527999327|80.0|2|2|-1
1|5111|2|QROCK3X8|EV000849|7579|2080.0|1472.0|-134.0|-0.8944271909999159|0.4472135954999579|0|71.55417527999327|72.0|2|2|-1
1|5113|2|QROCK3X8|EV000850|7583|2016.0|1504.0|-134.0|-0.4472135954999579|-0.8944271909999159|0|71.55417527999327|72.0|2|2|-1
1|5115|2|QROCK3X8|EV000851|7587|1984.0|1440.0|-134.0|0.7071067811865475|-0.7071067811865475|0|45.254833995939045|72.0|1|2|-1
1|5117|2|QROCK3X8|EV000852|7589|2032.0|1456.0|-134.0|0.9486832980505138|0.31622776601683794|0|50.59644256269407|72.0|1|2|-1
1|5119|2|QROCK3X8|EV000853|7591|2016.0|1408.0|-134.0|0.31622776601683794|0.9486832980505138|0|50.59644256269407|72.0|1|2|-1
1|5121|2|QROCK3X8|EV000854|7593|2048.0|2400.0|-134.0|-0.8944271909999159|0.4472135954999579|0|71.55417527999327|96.0|2|2|-1
1|5123|2|QROCK3X8|EV000855|7597|1984.0|2432.0|-134.0|-0.7071067811865475|-0.7071067811865475|0|45.254833995939045|96.0|1|2|-1
1|5125|2|QROCK3X8|EV000856|7599|1952.0|2400.0|-134.0|0.0|-1.0|0|32.0|96.0|1|2|-1
1|5127|2|QROCK3X8|EV000857|7601|2016.0|2336.0|-134.0|0.4472135954999579|0.8944271909999159|0|71.55417527999327|96.0|2|2|-1
1|5129|2|QROCK3X8|EV000858|7605|1952.0|2368.0|-134.0|0.8944271909999159|-0.4472135954999579|0|71.55417527999327|96.0|2|2|-1
1|5131|2|QROCK3X8|EV000859|7609|1332.0|2368.0|-134.0|0.8944271909999159|-0.4472135954999579|0|71.55417527999327|64.0|2|1|-1
1|5133|2|QROCK3X8|EV000860|7611|1396.0|2336.0|-134.0|0.4472135954999579|0.8944271909999159|0|71.55417527999327|64.0|2|1|-1
1|5135|2|QROCK3X8|EV000861|7613|1428.0|2400.0|-134.0|-0.7071067811865475|0.7071067811865475|0|45.254833995939045|64.0|1|1|-1
1|5137|2|QROCK3X8|EV000862|7614|1380.0|2384.0|-134.0|-0.9486832980505138|-0.31622776601683794|0|50.59644256269407|64.0|1|1|-1
1|5139|2|QROCK3X8|EV000863|7615|1396.0|2432.0|-134.0|-0.31622776601683794|-0.9486832980505138|0|50.59644256269407|64.0|1|1|-1
1|17147|2|IKWALL10|EV000864|7616|1144.0|1936.0|-134.0|-1.0|0.0|0|8.0|64.0|1|1|-1
1|17151|2|IKWALL10|EV000865|7617|1136.0|1936.0|-134.0|0.0|-1.0|0|32.0|64.0|1|1|-1
1|17157|2|QMET01|EV000866|7618|1144.0|1992.0|-134.0|0.0|-1.0|0|56.0|8.0|1|1|-1
1|17161|2|QMET01|EV000867|7619|1184.0|1992.0|-134.0|-1.0|0.0|0|40.0|8.0|1|1|-1
1|17165|2|QMET01|EV000868|7620|1288.0|1992.0|-134.0|-1.0|0.0|0|40.0|8.0|1|1|-1
1|17169|2|QMET01|EV000869|7621|1288.0|1952.0|-134.0|0.0|1.0|0|40.0|8.0|1|1|-1
1|17173|2|QMET01|EV000870|7622|1288.0|1848.0|-134.0|0.0|1.0|0|40.0|8.0|1|1|-1
1|17177|2|QMET01|EV000871|7623|1248.0|1848.0|-134.0|1.0|0.0|0|40.0|8.0|1|1|-1
1|17181|2|QMET01|EV000872|7624|1144.0|1848.0|-134.0|1.0|0.0|0|40.0|8.0|1|1|-1
1|17183|2|IKWALL10|EV000873|7625|1136.0|1904.0|-134.0|1.0|0.0|0|8.0|64.0|1|1|-1
1|17185|2|QMET01|EV000874|7626|1144.0|1904.0|-134.0|0.0|-1.0|0|56.0|8.0|1|1|-1
1|17425|2|IKWALL10|EV000875|7627|2248.0|1904.0|-134.0|1.0|0.0|0|8.0|64.0|1|1|-1
1|17429|2|IKWALL10|EV000876|7628|2256.0|1904.0|-134.0|0.0|1.0|0|32.0|64.0|1|1|-1
1|17435|2|QMET01|EV000877|7629|2248.0|1848.0|-134.0|0.0|1.0|0|56.0|8.0|1|1|-1
1|17439|2|QMET01|EV000878|7630|2208.0|1848.0|-134.0|1.0|0.0|0|40.0|8.0|1|1|-1
1|17443|2|QMET01|EV000879|7631|2104.0|1848.0|-134.0|1.0|0.0|0|40.0|8.0|1|1|-1
1|17447|2|QMET01|EV000880|7632|2104.0|1888.0|-134.0|0.0|-1.0|0|40.0|8.0|1|1|-1
1|17451|2|QMET01|EV000881|7633|2104.0|1992.0|-134.0|0.0|-1.0|0|40.0|8.0|1|1|-1
1|17455|2|QMET01|EV000882|7634|2144.0|1992.0|-134.0|-1.0|0.0|0|40.0|8.0|1|1|-1
1|17459|2|QMET01|EV000883|7635|2248.0|1992.0|-134.0|-1.0|0.0|0|40.0|8.0|1|1|-1
1|17461|2|IKWALL10|EV000884|7636|2256.0|1936.0|-134.0|-1.0|0.0|0|8.0|64.0|1|1|-1
1|17463|2|QMET01|EV000885|7637|2248.0|1936.0|-134.0|0.0|1.0|0|56.0|8.0|1|1|-1
1|45901|2|OBR04|EV000886|7638|1600.0|2152.0|-134.0|0.0|-1.0|0|16.0|16.0|1|1|-1
1|45903|2|OBR01|EV000887|7639|1624.0|2176.0|-134.0|-0.7071067811865476|-0.7071067811865476|0|33.94112549695428|16.0|1|1|-1
1|45905|2|OBR04|EV000888|7640|1640.0|2176.0|-134.0|-1.0|0.0|0|16.0|16.0|1|1|-1
1|45907|2|OBR01|EV000889|7641|1664.0|2152.0|-134.0|-0.7071067811865476|0.7071067811865476|0|33.94112549695428|16.0|1|1|-1
1|45909|2|OBR04|EV000890|7642|1664.0|2136.0|-134.0|0.0|1.0|0|16.0|16.0|1|1|-1
1|45911|2|OBR01|EV000891|7643|1640.0|2112.0|-134.0|0.7071067811865476|0.7071067811865476|0|33.94112549695428|16.0|1|1|-1
1|45913|2|OBR04|EV000892|7644|1624.0|2112.0|-134.0|1.0|0.0|0|16.0|16.0|1|1|-1
1|45915|2|OBR01|EV000893|7645|1600.0|2136.0|-134.0|0.7071067811865476|-0.7071067811865476|0|33.94112549695428|16.0|1|1|-1
1|45933|2|OBR04|EV000894|7646|1728.0|2152.0|-134.0|0.0|-1.0|0|16.0|16.0|1|1|-1
1|45935|2|OBR01|EV000895|7647|1752.0|2176.0|-134.0|-0.7071067811865476|-0.7071067811865476|0|33.94112549695428|16.0|1|1|-1
1|45937|2|OBR04|EV000896|7648|1768.0|2176.0|-134.0|-1.0|0.0|0|16.0|16.0|1|1|-1
1|45939|2|OBR01|EV000897|7649|1792.0|2152.0|-134.0|-0.7071067811865476|0.7071067811865476|0|33.94112549695428|16.0|1|1|-1
1|45941|2|OBR04|EV000898|7650|1792.0|2136.0|-134.0|0.0|1.0|0|16.0|16.0|1|1|-1
1|45943|2|OBR01|EV000899|7651|1768.0|2112.0|-134.0|0.7071067811865476|0.7071067811865476|0|33.94112549695428|16.0|1|1|-1
1|45945|2|OBR04|EV000900|7652|1752.0|2112.0|-134.0|1.0|0.0|0|16.0|16.0|1|1|-1
1|45947|2|OBR01|EV000901|7653|1728.0|2136.0|-134.0|0.7071067811865476|-0.7071067811865476|0|33.94112549695428|16.0|1|1|-1
0|778|0|METALF15|EV000902|7654|1648.0|1264.0|-70.0|1|0|0|32.0|16.0|1|1|-1
0|779|0|XA11TEX|EV000903|7655|1344.0|1408.0|-54.0|1|0|0|96.0|96.0|2|2|-1
0|780|0|XA11TEX|EV000904|7659|1984.0|1408.0|-62.0|1|0|0|96.0|96.0|2|2|-1
0|781|0|XA11TEX|EV000905|7663|1952.0|2336.0|-38.0|1|0|0|96.0|96.0|2|2|-1
0|782|0|XA11TEX|EV000906|7667|1332.0|2336.0|-70.0|1|0|0|96.0|96.0|2|2|-1
0|783|0|METALF24|EV000907|7671|1144.0|1848.0|-126.0|1|0|0|144.0|144.0|3|3|-1
1|5141|2|OBR09|EV000908|7680|1280.0|1984.0|-126.0|-1.0|0.0|0|32.0|64.0|1|1|-1
1|5143|2|OBR09|EV000909|7681|1152.0|1984.0|-126.0|0.0|-1.0|0|48.0|64.0|1|1|-1
1|5145|2|OBR09|EV000910|7682|1280.0|1856.0|-126.0|0.0|1.0|0|32.0|64.0|1|1|-1
1|5147|2|OBR09|EV000911|7683|1152.0|1856.0|-126.0|1.0|0.0|0|32.0|64.0|1|1|-1
1|17116|2|OBR09|EV000912|7684|1248.0|1856.0|-126.0|1.0|0.0|0|32.0|64.0|1|1|-1
1|17124|2|OBR09|EV000913|7685|1280.0|1952.0|-126.0|0.0|1.0|0|32.0|64.0|1|1|-1
1|17134|2|OBR09|EV000914|7686|1184.0|1984.0|-126.0|-1.0|0.0|0|32.0|64.0|1|1|-1
1|17148|2|OBR09|EV000915|7687|1152.0|1904.0|-126.0|0.0|-1.0|0|48.0|64.0|1|1|-1
1|17153|2|IKWALL10|EV000916|7688|1144.0|1904.0|-126.0|1.0|0.0|0|8.0|56.0|1|1|-1
1|17155|2|IKWALL10|EV000917|7689|1152.0|1936.0|-126.0|-1.0|0.0|0|8.0|56.0|1|1|-1
0|784|0|METALF18|EV000918|7690|1152.0|1856.0|-62.0|1|0|0|128.0|128.0|2|2|-1
0|785|0|XA11TEX|EV000919|7694|1184.0|2000.0|-134.0|1|0|0|64.0|40.0|1|1|-1
0|786|0|XA11TEX|EV000920|7695|1188.0|2000.0|-134.0|1|0|0|56.0|36.0|1|1|-1
0|787|0|IKTKPN2|EV000921|7696|1136.0|1840.0|-70.0|1|0|0|160.0|160.0|3|3|-1
1|17114|2|OBR09|EV000922|7705|1184.0|1856.0|-70.0|1.0|0.0|0|64.0|8.0|1|1|-1
1|17130|2|OBR09|EV000923|7706|1280.0|1888.0|-70.0|0.0|1.0|0|64.0|8.0|1|1|-1
1|17140|2|OBR09|EV000924|7707|1248.0|1984.0|-70.0|-1.0|0.0|0|64.0|8.0|1|1|-1
1|17144|2|OBR09|EV000925|7708|1152.0|1936.0|-70.0|0.0|-1.0|0|32.0|8.0|1|1|-1
0|788|0|XA11TEX|EV000926|7709|1616.0|1840.0|-134.0|1|0|0|160.0|160.0|3|3|-1
1|5157|2|CFLOOR3|EV000927|7718|1632.0|1856.0|-134.0|1.0|0.0|0|128.0|8.0|2|1|-1
1|5159|2|CFLOOR3|EV000928|7720|1760.0|1856.0|-134.0|0.0|1.0|0|128.0|8.0|2|1|-1
1|5161|2|CFLOOR3|EV000929|7722|1760.0|1984.0|-134.0|-1.0|0.0|0|128.0|8.0|2|1|-1
1|5163|2|CFLOOR3|EV000930|7724|1632.0|1984.0|-134.0|0.0|-1.0|0|128.0|8.0|2|1|-1
0|789|0|CFLOOR3|EV000931|7726|1632.0|1856.0|-126.0|1|0|0|128.0|128.0|2|2|-1
1|5165|2|QSLIP4|EV000932|7730|1664.0|1888.0|-126.0|1.0|0.0|0|64.0|8.0|1|1|-1
1|5167|2|QSLIP4|EV000933|7731|1728.0|1888.0|-126.0|0.0|1.0|0|64.0|8.0|1|1|-1
1|5169|2|QSLIP4|EV000934|7732|1728.0|1952.0|-126.0|-1.0|0.0|0|64.0|8.0|1|1|-1
1|5171|2|QSLIP4|EV000935|7733|1664.0|1952.0|-126.0|0.0|-1.0|0|64.0|8.0|1|1|-1
0|790|0|COPF12|EV000936|7734|1664.0|1888.0|-118.0|1|0|0|64.0|64.0|1|1|-1
0|791|0|XA11TEX|EV000937|7735|1600.0|2912.0|-70.0|1|0|0|128.0|16.0|2|1|-1
1|5173|1|QROCK3X8|EV000938|7737|1600.0|2912.0|-70.0|0.0|1.0|0|16.0|128.0|1|2|-1
1|5175|1|QROCK3X8|EV000939|7739|1728.0|2928.0|-70.0|0.0|-1.0|0|16.0|128.0|1|2|-1
1|5180|0|OIDOOR2|EV000940|7741|1600.0|2928.0|-70.0|1.0|0.0|0|128.0|128.0|2|2|-1
0|792|0|XA11TEX|EV000941|7745|1600.0|2928.0|-70.0|1|0|0|128.0|16.0|2|1|-1
0|793|0|XA11TEX|EV000942|7747|1600.0|2944.0|-70.0|1|0|0|128.0|32.0|2|1|-1
1|5179|1|QROCK3X8|EV000943|7749|1728.0|2976.0|-70.0|0.0|-1.0|0|32.0|128.0|1|2|-1
1|5183|1|QROCK3X8|EV000944|7751|1600.0|2944.0|-70.0|0.0|1.0|0|32.0|128.0|1|2|-1
1|5186|0|OIDOOR2|EV000945|7753|1728.0|2944.0|-70.0|-1.0|0.0|0|128.0|128.0|2|2|-1
0|794|0|XA11TEX|EV000946|7757|1408.0|2976.0|-78.0|1|0|0|320.0|192.0|5|3|-1
1|5182|1|QROCK3X8|EV000947|7772|1600.0|2976.0|-78.0|-0.9701425001453319|0.24253562503633297|0|131.93938001976514|206.0|3|4|-1
1|5189|0|QROCK3X8|EV000948|7784|1728.0|2976.0|58.0|-1.0|0.0|0|128.0|70.0|2|2|-1
1|5206|1|QROCK3X8|EV000949|7788|1472.0|3008.0|-78.0|-0.3713906763541037|0.9284766908852594|0|172.32527382830412|206.0|3|4|-1
0|795|0|XA11TEX|EV000950|7800|3520.0|4624.0|-138.0|1|0|0|296.0|240.0|5|4|-1
1|5187|1|QROCK3X8|EV000951|7820|3648.0|4864.0|-138.0|0.9615239476408232|-0.27472112789737807|0|174.72263734273244|266.0|3|5|-1
0|796|0|XA11TEX|EV000952|7835|1664.0|2976.0|-78.0|1|0|0|192.0|224.0|3|4|-1
1|5188|1|QROCK3X8|EV000953|7847|1856.0|3072.0|-78.0|-0.8|-0.6|0|160.0|206.0|3|4|-1
0|797|0|XA11TEX|EV000954|7859|3392.0|4736.0|-198.0|1|0|0|256.0|160.0|4|3|-1
1|5191|1|QROCK3X8|EV000955|7871|3392.0|4896.0|-198.0|0.9922778767136677|-0.12403473458920847|0|257.9922479455536|326.0|5|6|-1
1|5276|2|QROCK3X8|EV000956|7901|3648.0|4864.0|-198.0|-0.7071067811865475|-0.7071067811865475|0|181.01933598375618|60.0|3|1|-1
0|798|0|XA02TEX|EV000957|7904|1280.0|3136.0|-512.0|1|0|0|2752.0|1312.0|12|12|-1
1|5196|1|QROCK3X8|EV000958|8048|1408.0|3168.0|-512.0|-0.38805700005813276|0.9216353751380653|0|329.84845004941286|512.0|6|8|-1
1|5200|1|QROCK3X8|EV000959|8096|3616.0|3456.0|-512.0|-0.9585363562790536|-0.2849702680829619|0|308.8041450499005|512.0|5|8|-1
1|5201|1|QROCK3X8|EV000960|8136|4032.0|3840.0|-512.0|-0.24253562503633297|-0.9701425001453319|0|65.96969000988257|512.0|2|8|-1
1|5202|2|QROCK3X8|EV000961|8152|3008.0|3200.0|-512.0|-0.24253562503633297|0.9701425001453319|0|131.93938001976514|6.0|3|1|-1
1|5204|2|QROCK3X8|EV000962|8155|2976.0|3328.0|-512.0|-1.0|0.0|0|160.0|6.0|3|1|-1
1|5207|2|QROCK3X8|EV000963|8158|2176.0|3232.0|-512.0|-0.9701425001453319|-0.24253562503633297|0|131.93938001976514|306.0|3|5|-1
1|5209|2|QROCK3X8|EV000964|8173|2304.0|3264.0|-512.0|-0.9701425001453319|-0.24253562503633297|0|131.93938001976514|246.0|3|4|-1
1|5211|2|QROCK3X8|EV000965|8185|2496.0|3328.0|-512.0|-0.9486832980505138|-0.31622776601683794|0|202.3857702507763|186.0|4|3|-1
1|5213|2|QROCK3X8|EV000966|8197|2656.0|3296.0|-512.0|-0.9805806756909202|0.19611613513818404|0|163.1686244349691|126.0|3|2|-1
1|5215|2|QROCK3X8|EV000967|8203|2816.0|3328.0|-512.0|-0.9805806756909202|-0.19611613513818404|0|163.1686244349691|58.0|3|1|-1
1|5222|2|QROCK3X8|EV000968|8206|1664.0|3136.0|-512.0|-0.9922778767136677|0.12403473458920847|0|257.9922479455536|434.0|5|7|-1
1|5224|2|QROCK3X8|EV000969|8241|1824.0|3200.0|-512.0|-0.9284766908852594|-0.3713906763541037|0|172.32527382830412|434.0|3|7|-1
1|5226|2|QROCK3X8|EV000970|8262|2048.0|3200.0|-512.0|-1.0|0.0|0|224.0|374.0|4|6|-1
1|5250|1|QROCK3X8|EV000971|8286|1280.0|3472.0|-512.0|0.0|1.0|0|336.0|512.0|6|8|-1
1|5253|1|QROCK3X8|EV000972|8334|3840.0|3664.0|-512.0|-0.7327934916262993|-0.6804510993672779|0|305.6795707926848|512.0|5|8|-1
1|5254|1|QROCK3X8|EV000973|8374|3320.0|3368.0|-512.0|-0.8804710999221752|-0.4740998230350174|0|354.35575344560164|512.0|6|8|-1
1|5392|0|ORUST01|EV000974|8422|1344.0|3808.0|0.0|1.0|0.0|0|64.0|128.0|1|2|-1
1|5392|2|ORUST01|EV000975|8424|1344.0|3808.0|-512.0|1.0|0.0|0|64.0|128.0|1|2|-1
1|5394|0|ORUST01|EV000976|8426|1408.0|3872.0|0.0|-1.0|0.0|0|64.0|128.0|1|2|-1
1|5394|2|ORUST01|EV000977|8428|1408.0|3872.0|-512.0|-1.0|0.0|0|64.0|128.0|1|2|-1
1|5396|0|ORDEMON1|EV000978|8430|1408.0|3808.0|0.0|0.0|1.0|0|64.0|128.0|1|2|-1
1|5396|2|ORUST01|EV000979|8432|1408.0|3808.0|-512.0|0.0|1.0|0|64.0|128.0|1|2|-1
1|5400|0|ORUST06|EV000980|8434|1344.0|3872.0|0.0|0.0|1.0|0|16.0|128.0|1|2|-1
1|5400|2|ORUST06|EV000981|8436|1344.0|3872.0|-512.0|0.0|1.0|0|16.0|128.0|1|2|-1
1|5458|0|ORUST01|EV000982|8438|4032.0|4336.0|0.0|-1.0|0.0|0|64.0|128.0|1|2|-1
1|5458|2|ORUST01|EV000983|8440|4032.0|4336.0|-512.0|-1.0|0.0|0|64.0|128.0|1|2|-1
1|5460|0|ORUST01|EV000984|8442|3968.0|4272.0|0.0|1.0|0.0|0|64.0|128.0|1|2|-1
1|5460|2|ORUST01|EV000985|8444|3968.0|4272.0|-512.0|1.0|0.0|0|64.0|128.0|1|2|-1
1|5462|0|ORDEMON1|EV000986|8446|3968.0|4336.0|0.0|0.0|-1.0|0|64.0|128.0|1|2|-1
1|5462|2|ORUST01|EV000987|8448|3968.0|4336.0|-512.0|0.0|-1.0|0|64.0|128.0|1|2|-1
1|5466|0|ORUST06|EV000988|8450|4032.0|4272.0|0.0|0.0|-1.0|0|16.0|128.0|1|2|-1
1|5466|2|ORUST06|EV000989|8452|4032.0|4272.0|-512.0|0.0|-1.0|0|16.0|128.0|1|2|-1
1|5484|2|QROCK3X8|EV000990|8454|2288.0|3976.0|-512.0|0.8320502943378437|-0.5547001962252291|0|115.37764081484765|64.0|2|1|-1
1|5492|2|QROCK3X8|EV000991|8456|2288.0|4168.0|-512.0|-0.5083797263647388|-0.8611330058831291|0|96.38464608017192|256.0|2|4|-1
1|5494|2|QROCK3X8|EV000992|8464|2239.0|4085.0|-512.0|0.0|-1.0|0|86.0|256.0|2|4|-1
1|5496|2|QROCK3X8|EV000993|8472|2239.0|3999.0|-512.0|0.9052369440730288|-0.4249071370138707|0|54.12947441089743|256.0|1|4|-1
1|5500|2|QROCK3X8|EV000994|8476|2400.0|4200.0|-512.0|-0.9615239476408232|-0.27472112789737807|0|116.48175822848829|320.0|2|5|-1
1|5506|2|QROCK3X8|EV000995|8486|2448.0|4120.0|-512.0|-0.5144957554275265|0.8574929257125441|0|93.29523031752481|256.0|2|4|-1
1|5510|2|QROCK3X8|EV000996|8494|2480.0|4040.0|-512.0|-0.3713906763541037|0.9284766908852594|0|86.16263691415206|192.0|2|3|-1
1|5514|2|QROCK3X8|EV000997|8500|2384.0|3912.0|-512.0|0.8285889686914202|0.5598574112779866|0|89.30845424706443|4.0|2|1|-1
1|5516|2|QROCK3X8|EV000998|8502|2458.0|3962.0|-512.0|0.2714601650218062|0.9624496759864037|0|81.04319835741924|4.0|2|1|-1
1|5552|1|ORUST01|EV000999|8504|1280.0|3808.0|-512.0|1.0|0.0|0|64.0|512.0|1|8|-1
1|8709|2|QROCK3X8|EV001000|8512|4016.0|3776.0|-512.0|-1.0|0.0|0|160.0|374.0|3|6|-1
1|8711|2|QROCK3X8|EV001001|8530|3856.0|3776.0|-512.0|-0.1414213562373095|-0.9899494936611665|0|113.13708498984761|374.0|2|6|-1
1|9318|2|QROCK3X8|EV001002|8542|2868.0|4152.0|-512.0|0.27472112789737807|-0.9615239476408232|0|116.48175822848829|320.0|2|5|-1
1|9326|2|QROCK3X8|EV001003|8552|2900.0|4040.0|-512.0|0.8611330058831291|-0.5083797263647388|0|96.38464608017192|256.0|2|4|-1
1|9328|2|QROCK3X8|EV001004|8560|2983.0|3991.0|-512.0|1.0|0.0|0|86.0|256.0|2|4|-1
1|9330|2|QROCK3X8|EV001005|8568|3069.0|3991.0|-512.0|0.4249071370138707|0.9052369440730288|0|54.12947441089743|256.0|1|4|-1
1|9332|2|QROCK3X8|EV001006|8572|3092.0|4040.0|-512.0|0.5547001962252291|0.8320502943378437|0|115.37764081484765|64.0|2|1|-1
1|9340|2|QROCK3X8|EV001007|8574|3156.0|4136.0|-512.0|-0.5598574112779866|0.8285889686914202|0|89.30845424706443|4.0|2|1|-1
1|9342|2|QROCK3X8|EV001008|8576|3106.0|4210.0|-512.0|-0.9624496759864037|0.2714601650218062|0|81.04319835741924|4.0|2|1|-1
1|9346|2|QROCK3X8|EV001009|8578|3028.0|4232.0|-512.0|-0.9284766908852594|-0.3713906763541037|0|86.16263691415206|192.0|2|3|-1
1|9348|2|QROCK3X8|EV001010|8584|2948.0|4200.0|-512.0|-0.8574929257125441|-0.5144957554275265|0|93.29523031752481|256.0|2|4|-1
1|15632|1|QROCK3X8|EV001011|8592|4032.0|3936.0|-512.0|0.0|-1.0|0|96.0|512.0|2|8|-1
1|15645|1|QROCK3X8|EV001012|8608|4004.0|4448.0|-512.0|0.24253562503633297|-0.9701425001453319|0|115.44695751729449|512.0|2|8|-1
0|799|0|XA11TEX|EV001013|8624|2032.0|3072.0|-206.0|1|0|0|208.0|160.0|4|3|-1
1|5197|1|QROCK3X8|EV001014|8636|2240.0|3072.0|-206.0|-1.0|0.0|0|112.0|334.0|2|6|-1
1|5220|1|QROCK3X8|EV001015|8648|2128.0|3072.0|-206.0|-0.9863939238321437|0.1643989873053573|0|97.32420048477151|334.0|2|6|-1
1|5257|2|QROCK3X8|EV001016|8660|2032.0|3088.0|-206.0|0.1414213562373095|0.9899494936611665|0|113.13708498984761|68.0|2|2|-1
0|800|0|XA11TEX|EV001017|8664|2304.0|3152.0|-326.0|1|0|0|192.0|176.0|3|3|-1
1|5198|1|QROCK3X8|EV001018|8673|2496.0|3200.0|-326.0|-0.9363291775690445|-0.3511234415883917|0|136.7040599250805|454.0|3|8|-1
1|5261|2|QROCK3X8|EV001019|8697|2368.0|3152.0|-326.0|-0.49613893835683387|0.8682431421244593|0|128.9961239727768|60.0|3|1|-1
0|801|0|XA11TEX|EV001020|8700|2816.0|3200.0|-506.0|1|0|0|192.0|128.0|3|2|-1
1|5199|1|QROCK3X8|EV001021|8706|3008.0|3200.0|-506.0|-0.9958932064677039|0.09053574604251853|0|176.72577627499618|512.0|3|8|-1
1|5267|2|QROCK3X8|EV001022|8730|2832.0|3216.0|-506.0|-0.1414213562373095|0.9899494936611665|0|113.13708498984761|52.0|2|1|-1
0|802|0|XA11TEX|EV001023|8732|2176.0|3072.0|-266.0|1|0|0|192.0|192.0|3|3|-1
1|5219|1|QROCK3X8|EV001024|8741|2368.0|3152.0|-266.0|-0.847998304005088|-0.52999894000318|0|150.94369811290565|394.0|3|7|-1
1|5259|2|QROCK3X8|EV001025|8762|2240.0|3072.0|-266.0|-0.3713906763541037|0.9284766908852594|0|172.32527382830412|60.0|3|1|-1
0|803|0|XA11TEX|EV001026|8765|2496.0|3168.0|-386.0|1|0|0|160.0|160.0|3|3|-1
1|5218|1|QROCK3X8|EV001027|8774|2656.0|3168.0|-386.0|-0.9805806756909202|0.19611613513818404|0|163.1686244349691|512.0|3|8|-1
1|5263|2|QROCK3X8|EV001028|8798|2496.0|3200.0|-386.0|0.0|1.0|0|128.0|60.0|2|1|-1
0|804|0|XA11TEX|EV001029|8800|2656.0|3168.0|-454.0|1|0|0|176.0|160.0|3|3|-1
1|5217|1|QROCK3X8|EV001030|8809|2832.0|3216.0|-454.0|-0.9647638212377322|-0.2631174057921088|0|182.42806801586207|512.0|3|8|-1
1|5265|2|QROCK3X8|EV001031|8833|2656.0|3168.0|-454.0|0.0|1.0|0|128.0|68.0|2|2|-1
0|805|0|XA11TEX|EV001032|8837|1824.0|3072.0|-138.0|1|0|0|224.0|128.0|4|2|-1
1|5221|1|QROCK3X8|EV001033|8845|2032.0|3088.0|-138.0|-0.9958932064677039|-0.09053574604251853|0|176.72577627499618|266.0|3|5|-1
1|5255|2|QROCK3X8|EV001034|8860|1856.0|3072.0|-138.0|-0.24253562503633297|0.9701425001453319|0|131.93938001976514|60.0|3|1|-1
0|806|0|XA11TEX|EV001035|8863|2224.0|4720.0|-498.0|1|0|0|240.0|224.0|4|4|-1
1|5229|1|QROCK3X8|EV001036|8879|2224.0|4896.0|-498.0|0.9743911956946198|0.22485950669875843|0|213.46662502602135|512.0|4|8|-1
0|807|0|XA11TEX|EV001037|8911|3768.0|4624.0|-138.0|1|0|0|192.0|192.0|3|3|-1
1|5243|1|QROCK3X8|EV001038|8920|3896.0|4784.0|-138.0|0.3713906763541037|-0.9284766908852594|0|172.32527382830412|266.0|3|5|-1
1|5288|1|QROCK3X8|EV001039|8935|3816.0|4816.0|-138.0|0.9284766908852594|-0.3713906763541037|0|86.16263691415206|266.0|2|5|-1
0|808|0|XA11TEX|EV001040|8945|2784.0|4736.0|-378.0|1|0|0|288.0|256.0|5|4|-1
1|5241|1|QROCK3X8|EV001041|8965|2816.0|4992.0|-378.0|0.8944271909999159|-0.4472135954999579|0|286.2167011199731|506.0|5|8|-1
1|5272|2|QROCK3X8|EV001042|9005|3072.0|4864.0|-378.0|-0.24253562503633297|-0.9701425001453319|0|131.93938001976514|60.0|3|1|-1
0|809|0|XA11TEX|EV001043|9008|3040.0|4736.0|-318.0|1|0|0|192.0|144.0|3|3|-1
1|5242|1|QROCK3X8|EV001044|9017|3072.0|4864.0|-318.0|0.9950371902099892|0.09950371902099892|0|160.79800993793424|446.0|3|7|-1
1|5281|2|QROCK3X8|EV001045|9038|3232.0|4880.0|-318.0|-0.12403473458920847|-0.9922778767136677|0|128.9961239727768|60.0|3|1|-1
0|810|0|XA11TEX|EV001046|9041|2592.0|4816.0|-438.0|1|0|0|224.0|176.0|4|3|-1
1|5240|1|QROCK3X8|EV001047|9053|2592.0|4992.0|-438.0|1.0|0.0|0|224.0|512.0|4|8|-1
1|5270|2|QROCK3X8|EV001048|9085|2816.0|4992.0|-438.0|-0.19611613513818404|-0.9805806756909202|0|163.1686244349691|60.0|3|1|-1
0|811|0|XA11TEX|EV001049|9088|3216.0|4752.0|-258.0|1|0|0|176.0|144.0|3|3|-1
1|5274|2|QROCK3X8|EV001050|9097|3392.0|4896.0|-258.0|0.0|-1.0|0|128.0|60.0|2|1|-1
1|5277|1|QROCK3X8|EV001051|9099|3232.0|4880.0|-258.0|0.9950371902099892|0.09950371902099892|0|160.79800993793424|386.0|3|7|-1
0|812|0|XA11TEX|EV001052|9120|2432.0|4768.0|-498.0|1|0|0|240.0|224.0|4|4|-1
1|5285|2|QROCK3X8|EV001053|9136|2592.0|4992.0|-498.0|0.413802944301184|-0.9103664774626047|0|193.32873557751316|60.0|4|1|-1
1|5291|1|QROCK3X8|EV001054|9140|2432.0|4944.0|-498.0|0.9578262852211513|0.2873478855663454|0|167.0449041425688|512.0|3|8|-1
0|813|0|XA11TEX|EV001055|9164|3936.0|3664.0|-138.0|1|0|0|80.0|112.0|2|2|-1
1|5296|1|QROCK3X8|EV001056|9168|4016.0|3776.0|-138.0|-0.1414213562373095|-0.9899494936611665|0|113.13708498984761|160.0|2|3|-1
1|8719|0|QROCK3X8|EV001057|9174|4000.0|3664.0|-10.0|-0.8944271909999159|0.4472135954999579|0|71.55417527999327|32.0|2|1|-1
0|814|0|XA02TEX|EV001058|9176|1282.0|3140.0|-700.0|1|0|0|2748.0|1752.0|12|12|-1
1|5298|2|QROCK3X8|EV001059|9320|1412.0|3172.0|-700.0|-0.3924386850477835|0.9197781680807425|0|326.165602110339|188.0|6|3|-1
1|5300|2|QROCK3X8|EV001060|9338|1664.0|3140.0|-700.0|-0.9920337292203004|0.12597253704384767|0|254.02362094891885|188.0|4|3|-1
1|5302|2|QROCK3X8|EV001061|9350|3612.0|3460.0|-700.0|-0.9589342558112417|-0.283628441859663|0|296.1621177666043|188.0|5|3|-1
1|5304|2|QROCK3X8|EV001062|9365|3836.0|3668.0|-700.0|-0.7327934916262993|-0.6804510993672779|0|305.6795707926848|188.0|5|3|-1
1|5306|2|QROCK3X8|EV001063|9380|3852.0|3780.0|-700.0|-0.1414213562373095|-0.9899494936611665|0|113.13708498984761|188.0|2|3|-1
1|5308|2|QROCK3X8|EV001064|9386|4012.0|3780.0|-700.0|-1.0|0.0|0|160.0|188.0|3|3|-1
1|5310|2|QROCK3X8|EV001065|9395|4000.0|4448.0|-700.0|0.24667928063493072|-0.9690971739229421|0|113.50770898930169|188.0|2|3|-1
1|5312|2|QROCK3X8|EV001066|9401|1346.0|4098.0|-700.0|0.13267490817172234|0.9911596081063964|0|256.2654873368632|188.0|5|3|-1
1|5314|2|QROCK3X8|EV001067|9416|1380.0|4352.0|-700.0|0.657657648835018|0.7533169432110206|0|334.5205524328812|188.0|6|3|-1
1|5316|2|QROCK3X8|EV001068|9434|1600.0|4604.0|-700.0|0.9578262852211513|0.2873478855663454|0|334.0898082851376|188.0|6|3|-1
1|5318|2|QROCK3X8|EV001069|9452|1920.0|4700.0|-700.0|0.7682212795973759|0.6401843996644799|0|249.92798962901293|188.0|4|3|-1
1|5320|2|QROCK3X8|EV001070|9464|2220.0|4892.0|-700.0|0.36039927920216236|-0.9327981344055968|0|188.67962264113208|188.0|3|3|-1
1|5322|2|QROCK3X8|EV001071|9473|2672.0|4812.0|-700.0|0.9899494936611665|0.1414213562373095|0|113.13708498984761|188.0|2|3|-1
1|5324|2|QROCK3X8|EV001072|9479|2784.0|4828.0|-700.0|0.9363291775690445|-0.3511234415883917|0|273.408119850161|188.0|5|3|-1
1|5326|2|QROCK3X8|EV001073|9494|3040.0|4732.0|-700.0|0.9958932064677039|0.09053574604251853|0|176.72577627499618|188.0|3|3|-1
1|5328|2|QROCK3X8|EV001074|9503|3520.0|4732.0|-700.0|0.9061831399952655|-0.42288546533112387|0|264.8471257159496|188.0|5|3|-1
1|5330|2|QROCK3X8|EV001075|9518|3216.0|4748.0|-700.0|0.9958932064677039|0.09053574604251853|0|176.72577627499618|188.0|3|3|-1
1|5332|2|QROCK3X8|EV001076|9527|3392.0|4764.0|-700.0|0.9701425001453319|-0.24253562503633297|0|131.93938001976514|188.0|3|3|-1
1|5334|2|QROCK3X8|EV001077|9536|3760.0|4620.0|-700.0|1.0|0.0|0|198.0|188.0|4|3|-1
1|5336|2|QROCK3X8|EV001078|9548|3328.0|3376.0|-700.0|-0.8853979028379435|-0.46483389898992034|0|361.4194239384486|188.0|6|3|-1
1|5338|2|QROCK3X8|EV001079|9566|1824.0|3204.0|-700.0|-0.9284766908852594|-0.3713906763541037|0|172.32527382830412|188.0|3|3|-1
1|5340|2|QROCK3X8|EV001080|9575|2048.0|3204.0|-700.0|-1.0|0.0|0|224.0|188.0|4|3|-1
1|5342|2|QROCK3X8|EV001081|9587|2176.0|3236.0|-700.0|-0.9701425001453319|-0.24253562503633297|0|131.93938001976514|188.0|3|3|-1
1|5344|2|QROCK3X8|EV001082|9596|2304.0|3268.0|-700.0|-0.9701425001453319|-0.24253562503633297|0|131.93938001976514|188.0|3|3|-1
1|5348|2|QROCK3X8|EV001083|9605|2976.0|3332.0|-700.0|-1.0|0.0|0|160.0|188.0|3|3|-1
1|5350|2|QROCK3X8|EV001084|9614|2496.0|3332.0|-700.0|-0.9486832980505138|-0.31622776601683794|0|202.3857702507763|188.0|4|3|-1
1|5352|2|QROCK3X8|EV001085|9626|2656.0|3300.0|-700.0|-0.9805806756909202|0.19611613513818404|0|163.1686244349691|188.0|3|3|-1
1|5354|2|QROCK3X8|EV001086|9635|2816.0|3332.0|-700.0|-0.9805806756909202|-0.19611613513818404|0|163.1686244349691|188.0|3|3|-1
1|5356|2|QROCK3X8|EV001087|9644|4028.0|3936.0|-700.0|0.0|-1.0|0|96.0|188.0|2|3|-1
1|5358|2|QROCK3X8|EV001088|9650|4028.0|3840.0|-700.0|-0.25766265056033233|-0.9662349396012463|0|62.0966987850401|188.0|1|3|-1
1|5360|2|QROCK3X8|EV001089|9653|2464.0|4764.0|-700.0|0.9743911956946198|0.22485950669875843|0|213.46662502602135|188.0|4|3|-1
1|5361|2|QROCK3X8|EV001090|9665|2288.0|4716.0|-700.0|0.9647638212377322|0.2631174057921088|0|182.42806801586207|188.0|3|3|-1
1|5364|2|QROCK3X8|EV001091|9674|2112.0|4860.0|-700.0|0.9587981127083872|0.284088329691374|0|112.64102272262978|188.0|2|3|-1
1|5366|2|QROCK3X8|EV001092|9680|1346.0|3874.0|-700.0|0.0|1.0|0|14.0|188.0|1|3|-1
1|5410|2|QROCK3X8|EV001093|9683|1282.0|3806.0|-700.0|1.0|0.0|0|128.0|188.0|2|3|-1
1|5412|2|QROCK3X8|EV001094|9689|1410.0|3806.0|-700.0|0.0|1.0|0|68.0|188.0|2|3|-1
1|5414|2|QROCK3X8|EV001095|9695|1410.0|3874.0|-700.0|-1.0|0.0|0|64.0|188.0|1|3|-1
1|5416|2|QROCK3X8|EV001096|9698|1410.0|4098.0|-700.0|-1.0|0.0|0|64.0|188.0|1|3|-1
1|5418|2|QROCK3X8|EV001097|9701|1346.0|4016.0|-700.0|0.0|1.0|0|14.0|188.0|1|3|-1
1|5420|2|QROCK3X8|EV001098|9704|1346.0|4030.0|-700.0|1.0|0.0|0|64.0|188.0|1|3|-1
1|5422|2|QROCK3X8|EV001099|9707|1410.0|4030.0|-700.0|0.0|1.0|0|68.0|188.0|2|3|-1
1|5469|2|QROCK3X8|EV001100|9713|3966.0|4046.0|-700.0|1.0|0.0|0|62.0|188.0|1|3|-1
1|5471|2|QROCK3X8|EV001101|9716|3966.0|4114.0|-700.0|0.0|-1.0|0|68.0|188.0|2|3|-1
1|5473|2|QROCK3X8|EV001102|9722|4030.0|4114.0|-700.0|-1.0|0.0|0|64.0|188.0|1|3|-1
1|5475|2|QROCK3X8|EV001103|9725|4030.0|4128.0|-700.0|0.0|-1.0|0|14.0|188.0|1|3|-1
1|5477|2|QROCK3X8|EV001104|9728|4030.0|4270.0|-700.0|0.0|-1.0|0|14.0|188.0|1|3|-1
1|5479|2|QROCK3X8|EV001105|9731|3966.0|4270.0|-700.0|1.0|0.0|0|64.0|188.0|1|3|-1
1|5481|2|QROCK3X8|EV001106|9734|3966.0|4338.0|-700.0|0.0|-1.0|0|68.0|188.0|2|3|-1
1|5483|2|QROCK3X8|EV001107|9740|4028.0|4338.0|-700.0|-1.0|0.0|0|62.0|188.0|1|3|-1
1|5518|2|QROCK3X8|EV001108|9743|3040.0|3584.0|-700.0|0.0|1.0|0|32.0|204.0|1|4|-1
1|5520|2|QROCK3X8|EV001109|9747|2944.0|3680.0|-700.0|-0.8944271909999159|-0.4472135954999579|0|71.55417527999327|204.0|2|4|-1
1|5522|2|QROCK3X8|EV001110|9755|2848.0|3584.0|-700.0|0.31622776601683794|-0.9486832980505138|0|101.19288512538814|204.0|2|4|-1
1|5524|2|QROCK3X8|EV001111|9763|2976.0|3456.0|-700.0|0.7071067811865475|0.7071067811865475|0|90.50966799187809|204.0|2|4|-1
1|5526|2|QROCK3X8|EV001112|9771|2880.0|3488.0|-700.0|0.9486832980505138|-0.31622776601683794|0|101.19288512538814|204.0|2|4|-1
1|5528|2|QROCK3X8|EV001113|9779|2880.0|3648.0|-700.0|-0.4472135954999579|-0.8944271909999159|0|71.55417527999327|204.0|2|4|-1
1|5530|2|QROCK3X8|EV001114|9787|3040.0|3616.0|-700.0|-0.8320502943378437|0.5547001962252291|0|115.37764081484765|204.0|2|4|-1
1|5532|2|QROCK3X8|EV001115|9795|3040.0|3520.0|-700.0|0.0|1.0|0|64.0|204.0|1|4|-1
1|5535|2|QROCK3X8|EV001116|9799|2460.0|3960.0|-700.0|0.26515648302104233|0.9642053928037904|0|82.96987405076617|188.0|2|3|-1
1|5537|2|QROCK3X8|EV001117|9805|2384.0|3910.0|-700.0|0.8354170822439401|0.5496165014762764|0|90.97252332435328|188.0|2|3|-1
1|5539|2|QROCK3X8|EV001118|9811|2288.0|3974.0|-700.0|0.8320502943378437|-0.5547001962252291|0|115.37764081484765|188.0|2|3|-1
1|5541|2|QROCK3X8|EV001119|9817|2236.0|3998.0|-700.0|0.9079593845004517|-0.4190581774617469|0|57.271284253105414|188.0|1|3|-1
1|5543|2|QROCK3X8|EV001120|9820|2236.0|4086.0|-700.0|0.0|-1.0|0|88.0|188.0|2|3|-1
1|5545|2|QROCK3X8|EV001121|9826|2450.0|4120.0|-700.0|-0.5206074242646561|0.853796175794036|0|96.04165762834376|188.0|2|3|-1
1|5547|2|QROCK3X8|EV001122|9832|2400.0|4202.0|-700.0|-0.9615239476408232|-0.27472112789737807|0|116.48175822848829|188.0|2|3|-1
1|5549|2|QROCK3X8|EV001123|9838|2288.0|4170.0|-700.0|-0.5263546146162954|-0.8502651466878618|0|98.79271228182775|188.0|2|3|-1
1|5551|2|QROCK3X8|EV001124|9844|2482.0|4040.0|-700.0|-0.3713906763541037|0.9284766908852594|0|86.16263691415206|188.0|2|3|-1
1|5554|2|QROCK3X8|EV001125|9850|1284.0|3472.0|-700.0|-0.00598791660039935|0.9999820722666914|0|334.0059879702758|188.0|6|3|-1
1|5555|2|QROCK3X8|EV001126|9868|3296.0|3840.0|-700.0|0.0|1.0|0|32.0|204.0|1|4|-1
1|5557|2|QROCK3X8|EV001127|9872|3200.0|3936.0|-700.0|-0.8944271909999159|-0.4472135954999579|0|71.55417527999327|204.0|2|4|-1
1|5559|2|QROCK3X8|EV001128|9880|3104.0|3840.0|-700.0|0.31622776601683794|-0.9486832980505138|0|101.19288512538814|204.0|2|4|-1
1|5561|2|QROCK3X8|EV001129|9888|3232.0|3712.0|-700.0|0.7071067811865475|0.7071067811865475|0|90.50966799187809|204.0|2|4|-1
1|5563|2|QROCK3X8|EV001130|9896|3136.0|3744.0|-700.0|0.9486832980505138|-0.31622776601683794|0|101.19288512538814|204.0|2|4|-1
1|5565|2|QROCK3X8|EV001131|9904|3136.0|3904.0|-700.0|-0.4472135954999579|-0.8944271909999159|0|71.55417527999327|204.0|2|4|-1
1|5567|2|QROCK3X8|EV001132|9912|3296.0|3872.0|-700.0|-0.8320502943378437|0.5547001962252291|0|115.37764081484765|204.0|2|4|-1
1|5569|2|QROCK3X8|EV001133|9920|3296.0|3776.0|-700.0|0.0|1.0|0|64.0|204.0|1|4|-1
1|5571|2|QROCK3X8|EV001134|9924|3488.0|4096.0|-700.0|0.0|1.0|0|32.0|204.0|1|4|-1
1|5573|2|QROCK3X8|EV001135|9928|3392.0|4192.0|-700.0|-0.8944271909999159|-0.4472135954999579|0|71.55417527999327|204.0|2|4|-1
1|5575|2|QROCK3X8|EV001136|9936|3296.0|4096.0|-700.0|0.31622776601683794|-0.9486832980505138|0|101.19288512538814|204.0|2|4|-1
1|5577|2|QROCK3X8|EV001137|9944|3424.0|3968.0|-700.0|0.7071067811865475|0.7071067811865475|0|90.50966799187809|204.0|2|4|-1
1|5579|2|QROCK3X8|EV001138|9952|3328.0|4000.0|-700.0|0.9486832980505138|-0.31622776601683794|0|101.19288512538814|204.0|2|4|-1
1|5581|2|QROCK3X8|EV001139|9960|3328.0|4160.0|-700.0|-0.4472135954999579|-0.8944271909999159|0|71.55417527999327|204.0|2|4|-1
1|5583|2|QROCK3X8|EV001140|9968|3488.0|4128.0|-700.0|-0.8320502943378437|0.5547001962252291|0|115.37764081484765|204.0|2|4|-1
1|5585|2|QROCK3X8|EV001141|9976|3488.0|4032.0|-700.0|0.0|1.0|0|64.0|204.0|1|4|-1
1|5587|2|QROCK3X8|EV001142|9980|3762.0|4230.0|-700.0|0.0|1.0|0|32.0|204.0|1|4|-1
1|5589|2|QROCK3X8|EV001143|9984|3666.0|4326.0|-700.0|-0.8944271909999159|-0.4472135954999579|0|71.55417527999327|204.0|2|4|-1
1|5591|2|QROCK3X8|EV001144|9992|3570.0|4230.0|-700.0|0.31622776601683794|-0.9486832980505138|0|101.19288512538814|204.0|2|4|-1
1|5593|2|QROCK3X8|EV001145|10000|3698.0|4102.0|-700.0|0.7071067811865475|0.7071067811865475|0|90.50966799187809|204.0|2|4|-1
1|5595|2|QROCK3X8|EV001146|10008|3602.0|4134.0|-700.0|0.9486832980505138|-0.31622776601683794|0|101.19288512538814|204.0|2|4|-1
1|5597|2|QROCK3X8|EV001147|10016|3602.0|4294.0|-700.0|-0.4472135954999579|-0.8944271909999159|0|71.55417527999327|204.0|2|4|-1
1|5599|2|QROCK3X8|EV001148|10024|3762.0|4262.0|-700.0|-0.8320502943378437|0.5547001962252291|0|115.37764081484765|204.0|2|4|-1
1|5601|2|QROCK3X8|EV001149|10032|3762.0|4166.0|-700.0|0.0|1.0|0|64.0|204.0|1|4|-1
1|5603|2|QROCK3X8|EV001150|10036|2720.0|3712.0|-700.0|0.0|1.0|0|32.0|204.0|1|4|-1
1|5605|2|QROCK3X8|EV001151|10040|2624.0|3808.0|-700.0|-0.8944271909999159|-0.4472135954999579|0|71.55417527999327|204.0|2|4|-1
1|5607|2|QROCK3X8|EV001152|10048|2528.0|3712.0|-700.0|0.31622776601683794|-0.9486832980505138|0|101.19288512538814|204.0|2|4|-1
1|5609|2|QROCK3X8|EV001153|10056|2656.0|3584.0|-700.0|0.7071067811865475|0.7071067811865475|0|90.50966799187809|204.0|2|4|-1
1|5611|2|QROCK3X8|EV001154|10064|2560.0|3616.0|-700.0|0.9486832980505138|-0.31622776601683794|0|101.19288512538814|204.0|2|4|-1
1|5613|2|QROCK3X8|EV001155|10072|2560.0|3776.0|-700.0|-0.4472135954999579|-0.8944271909999159|0|71.55417527999327|204.0|2|4|-1
1|5615|2|QROCK3X8|EV001156|10080|2720.0|3744.0|-700.0|-0.8320502943378437|0.5547001962252291|0|115.37764081484765|204.0|2|4|-1
1|5617|2|QROCK3X8|EV001157|10088|2720.0|3648.0|-700.0|0.0|1.0|0|64.0|204.0|1|4|-1
1|5619|2|QROCK3X8|EV001158|10092|2400.0|3712.0|-700.0|0.0|1.0|0|32.0|204.0|1|4|-1
1|5621|2|QROCK3X8|EV001159|10096|2304.0|3808.0|-700.0|-0.8944271909999159|-0.4472135954999579|0|71.55417527999327|204.0|2|4|-1
1|5623|2|QROCK3X8|EV001160|10104|2208.0|3712.0|-700.0|0.31622776601683794|-0.9486832980505138|0|101.19288512538814|204.0|2|4|-1
1|5625|2|QROCK3X8|EV001161|10112|2336.0|3584.0|-700.0|0.7071067811865475|0.7071067811865475|0|90.50966799187809|204.0|2|4|-1
1|5627|2|QROCK3X8|EV001162|10120|2240.0|3616.0|-700.0|0.9486832980505138|-0.31622776601683794|0|101.19288512538814|204.0|2|4|-1
1|5629|2|QROCK3X8|EV001163|10128|2240.0|3776.0|-700.0|-0.4472135954999579|-0.8944271909999159|0|71.55417527999327|204.0|2|4|-1
1|5631|2|QROCK3X8|EV001164|10136|2400.0|3744.0|-700.0|-0.8320502943378437|0.5547001962252291|0|115.37764081484765|204.0|2|4|-1
1|5633|2|QROCK3X8|EV001165|10144|2400.0|3648.0|-700.0|0.0|1.0|0|64.0|204.0|1|4|-1
1|5635|2|QROCK3X8|EV001166|10148|2144.0|3968.0|-700.0|0.0|1.0|0|32.0|204.0|1|4|-1
1|5637|2|QROCK3X8|EV001167|10152|2048.0|4064.0|-700.0|-0.8944271909999159|-0.4472135954999579|0|71.55417527999327|204.0|2|4|-1
1|5639|2|QROCK3X8|EV001168|10160|1952.0|3968.0|-700.0|0.31622776601683794|-0.9486832980505138|0|101.19288512538814|204.0|2|4|-1
1|5641|2|QROCK3X8|EV001169|10168|2080.0|3840.0|-700.0|0.7071067811865475|0.7071067811865475|0|90.50966799187809|204.0|2|4|-1
1|5643|2|QROCK3X8|EV001170|10176|1984.0|3872.0|-700.0|0.9486832980505138|-0.31622776601683794|0|101.19288512538814|204.0|2|4|-1
1|5645|2|QROCK3X8|EV001171|10184|1984.0|4032.0|-700.0|-0.4472135954999579|-0.8944271909999159|0|71.55417527999327|204.0|2|4|-1
1|5647|2|QROCK3X8|EV001172|10192|2144.0|4000.0|-700.0|-0.8320502943378437|0.5547001962252291|0|115.37764081484765|204.0|2|4|-1
1|5649|2|QROCK3X8|EV001173|10200|2144.0|3904.0|-700.0|0.0|1.0|0|64.0|204.0|1|4|-1
1|5651|2|QROCK3X8|EV001174|10204|2272.0|4288.0|-700.0|0.0|1.0|0|32.0|204.0|1|4|-1
1|5653|2|QROCK3X8|EV001175|10208|2176.0|4384.0|-700.0|-0.8944271909999159|-0.4472135954999579|0|71.55417527999327|204.0|2|4|-1
1|5655|2|QROCK3X8|EV001176|10216|2080.0|4288.0|-700.0|0.31622776601683794|-0.9486832980505138|0|101.19288512538814|204.0|2|4|-1
1|5657|2|QROCK3X8|EV001177|10224|2208.0|4160.0|-700.0|0.7071067811865475|0.7071067811865475|0|90.50966799187809|204.0|2|4|-1
1|5659|2|QROCK3X8|EV001178|10232|2112.0|4192.0|-700.0|0.9486832980505138|-0.31622776601683794|0|101.19288512538814|204.0|2|4|-1
1|5661|2|QROCK3X8|EV001179|10240|2112.0|4352.0|-700.0|-0.4472135954999579|-0.8944271909999159|0|71.55417527999327|204.0|2|4|-1
1|5663|2|QROCK3X8|EV001180|10248|2272.0|4320.0|-700.0|-0.8320502943378437|0.5547001962252291|0|115.37764081484765|204.0|2|4|-1
1|5665|2|QROCK3X8|EV001181|10256|2272.0|4224.0|-700.0|0.0|1.0|0|64.0|204.0|1|4|-1
1|5667|2|QROCK3X8|EV001182|10260|2528.0|4544.0|-700.0|0.0|1.0|0|32.0|204.0|1|4|-1
1|5669|2|QROCK3X8|EV001183|10264|2432.0|4640.0|-700.0|-0.8944271909999159|-0.4472135954999579|0|71.55417527999327|204.0|2|4|-1
1|5671|2|QROCK3X8|EV001184|10272|2336.0|4544.0|-700.0|0.31622776601683794|-0.9486832980505138|0|101.19288512538814|204.0|2|4|-1
1|5673|2|QROCK3X8|EV001185|10280|2464.0|4416.0|-700.0|0.7071067811865475|0.7071067811865475|0|90.50966799187809|204.0|2|4|-1
1|5675|2|QROCK3X8|EV001186|10288|2368.0|4448.0|-700.0|0.9486832980505138|-0.31622776601683794|0|101.19288512538814|204.0|2|4|-1
1|5677|2|QROCK3X8|EV001187|10296|2368.0|4608.0|-700.0|-0.4472135954999579|-0.8944271909999159|0|71.55417527999327|204.0|2|4|-1
1|5679|2|QROCK3X8|EV001188|10304|2528.0|4576.0|-700.0|-0.8320502943378437|0.5547001962252291|0|115.37764081484765|204.0|2|4|-1
1|5681|2|QROCK3X8|EV001189|10312|2528.0|4480.0|-700.0|0.0|1.0|0|64.0|204.0|1|4|-1
1|9299|2|QROCK3X8|EV001190|10316|3108.0|4212.0|-700.0|-0.9642053928037904|0.26515648302104233|0|82.96987405076617|188.0|2|3|-1
1|9301|2|QROCK3X8|EV001191|10322|3158.0|4136.0|-700.0|-0.5496165014762764|0.8354170822439401|0|90.97252332435328|188.0|2|3|-1
1|9303|2|QROCK3X8|EV001192|10328|3094.0|4040.0|-700.0|0.5547001962252291|0.8320502943378437|0|115.37764081484765|188.0|2|3|-1
1|9305|2|QROCK3X8|EV001193|10334|3070.0|3988.0|-700.0|0.4190581774617469|0.9079593845004517|0|57.271284253105414|188.0|1|3|-1
1|9307|2|QROCK3X8|EV001194|10337|2982.0|3988.0|-700.0|1.0|0.0|0|88.0|188.0|2|3|-1
1|9309|2|QROCK3X8|EV001195|10343|2948.0|4202.0|-700.0|-0.853796175794036|-0.5206074242646561|0|96.04165762834376|188.0|2|3|-1
1|9311|2|QROCK3X8|EV001196|10349|2866.0|4152.0|-700.0|0.27472112789737807|-0.9615239476408232|0|116.48175822848829|188.0|2|3|-1
1|9313|2|QROCK3X8|EV001197|10355|2898.0|4040.0|-700.0|0.8502651466878618|-0.5263546146162954|0|98.79271228182775|188.0|2|3|-1
1|9315|2|QROCK3X8|EV001198|10361|3028.0|4234.0|-700.0|-0.9284766908852594|-0.3713906763541037|0|86.16263691415206|188.0|2|3|-1
1|15607|0|ADEL_W53|EV001199|10367|3776.0|3936.0|96.0|1.0|0.0|0|16.0|32.0|1|1|-1
1|15609|0|ADEL_W53|EV001200|10368|3744.0|3968.0|-170.0|0.0|-1.0|0|32.0|298.0|1|5|-1
1|15624|0|ADEL_W53|EV001201|10373|3904.0|4448.0|96.0|1.0|0.0|0|96.0|32.0|2|1|-1
1|15627|0|ADEL_W53|EV001202|10375|4028.0|3968.0|96.0|-1.0|0.0|0|92.0|32.0|2|1|-1
1|15635|2|QROCK3X8|EV001203|10377|4028.0|4046.0|-700.0|0.0|-1.0|0|78.0|188.0|2|3|-1
1|15648|0|ADEL_W53|EV001204|10383|3952.0|3936.0|96.0|1.0|0.0|0|76.0|32.0|2|1|-1
1|15654|0|ADEL_W53|EV001205|10385|3992.0|4480.0|96.0|-1.0|0.0|0|88.0|32.0|2|1|-1
1|15833|0|ADEL_W53|EV001206|10387|3776.0|4480.0|-170.0|-1.0|0.0|0|32.0|298.0|1|5|-1
1|16011|0|ADEL_W53|EV001207|10392|3744.0|4448.0|-170.0|1.0|0.0|0|32.0|298.0|1|5|-1
1|16019|0|ADEL_W53|EV001208|10397|3744.0|4480.0|-170.0|0.0|-1.0|0|32.0|298.0|1|5|-1
1|16113|0|ADEL_W53|EV001209|10402|3776.0|3968.0|-170.0|-1.0|0.0|0|32.0|298.0|1|5|-1
1|16117|0|ADEL_W53|EV001210|10407|3744.0|3936.0|-170.0|1.0|0.0|0|32.0|298.0|1|5|-1
1|16119|2|QROCK3X8|EV001211|10412|3958.0|4620.0|-700.0|0.23599732810073928|-0.9717537039442206|0|144.06942770761603|188.0|3|3|-1
1|32985|2|QROCK3X8|EV001212|10421|3008.0|3208.0|-700.0|-0.25766265056033233|0.9662349396012463|0|124.1933975700802|188.0|2|3|-1
1|5374|0|ORUST05|EV001213|10427|1344.0|3888.0|0.0|0.0|1.0|0|128.0|128.0|2|2|-1
1|5387|2|ORUST06|EV001214|10431|1336.0|4016.0|-520.0|1.0|0.0|0|8.0|136.0|1|3|-1
1|5402|2|ORUST06|EV001215|10434|1344.0|3888.0|-520.0|-1.0|0.0|0|8.0|136.0|1|3|-1
0|817|0|METALF15|EV001216|10437|1328.0|4016.0|-384.0|1|0|0|80.0|80.0|2|2|-1
1|5383|1|QTECH17|EV001217|10441|1328.0|4080.0|-384.0|1.0|0.0|0|16.0|384.0|1|6|-1
1|5384|1|QTECH17|EV001218|10447|1344.0|4080.0|-384.0|0.0|1.0|0|16.0|384.0|1|6|-1
1|5385|1|ORUST06|EV001219|10453|1328.0|4016.0|-384.0|0.0|1.0|0|64.0|384.0|1|6|-1
1|5388|2|ORUST06|EV001220|10459|1328.0|4016.0|-392.0|1.0|0.0|0|8.0|8.0|1|1|-1
1|5404|2|ORUST06|EV001221|10460|1336.0|3888.0|-392.0|-1.0|0.0|0|8.0|8.0|1|1|-1
1|5408|1|ORUST06|EV001222|10461|1328.0|3888.0|-392.0|-1.0|0.0|0|8.0|392.0|1|7|-1
1|5423|1|ORUST06|EV001223|10468|1320.0|4016.0|-392.0|1.0|0.0|0|8.0|392.0|1|7|-1
0|819|0|METALF15|EV001224|10475|1328.0|3808.0|-384.0|1|0|0|80.0|80.0|2|2|-1
1|5390|1|ORUST06|EV001225|10479|1328.0|3824.0|-384.0|0.0|1.0|0|64.0|384.0|1|6|-1
1|5397|1|QTECH17|EV001226|10485|1344.0|3808.0|-384.0|0.0|1.0|0|16.0|384.0|1|6|-1
1|5398|1|QTECH17|EV001227|10491|1344.0|3824.0|-384.0|-1.0|0.0|0|16.0|384.0|1|6|-1
1|5431|1|ORUST06|EV001228|10497|4048.0|4256.0|-392.0|1.0|0.0|0|12.0|392.0|1|7|-1
1|5432|1|ORUST06|EV001229|10504|4060.0|4128.0|-392.0|-1.0|0.0|0|12.0|392.0|1|7|-1
0|821|0|METALF15|EV001230|10511|3968.0|4048.0|-384.0|1|0|0|80.0|80.0|2|2|-1
1|5447|1|ADEL_RR5|EV001231|10515|4048.0|4064.0|-384.0|-1.0|0.0|0|16.0|384.0|1|6|-1
1|5448|1|ADEL_RR5|EV001232|10521|4032.0|4064.0|-384.0|0.0|-1.0|0|16.0|384.0|1|6|-1
1|5449|1|ORUST06|EV001233|10527|4048.0|4128.0|-384.0|0.0|-1.0|0|64.0|384.0|1|6|-1
0|822|0|METALF15|EV001234|10533|3968.0|4256.0|-384.0|1|0|0|80.0|80.0|2|2|-1
1|5456|1|ORUST06|EV001235|10537|4048.0|4320.0|-384.0|0.0|-1.0|0|64.0|384.0|1|6|-1
1|5463|1|ADEL_RR5|EV001236|10543|4032.0|4336.0|-384.0|0.0|-1.0|0|16.0|384.0|1|6|-1
1|5464|1|ADEL_RR5|EV001237|10549|4032.0|4320.0|-384.0|1.0|0.0|0|16.0|384.0|1|6|-1
1|5434|0|ORUST05|EV001238|10555|4032.0|4160.0|0.0|0.0|-1.0|0|32.0|128.0|1|2|-1
1|15601|0|ORUST05|EV001239|10557|4032.0|4256.0|0.0|0.0|-1.0|0|32.0|128.0|1|2|-1
1|15829|0|ORUST05|EV001240|10559|4032.0|4224.0|0.0|0.0|-1.0|0|64.0|128.0|1|2|-1
0|825|0|XA11TEX|EV001241|10561|2288.0|3912.0|-448.0|1|0|0|112.0|144.0|2|3|-1
1|5487|2|QROCK3X8|EV001242|10567|2288.0|3976.0|-448.0|0.5144957554275265|0.8574929257125441|0|93.29523031752481|192.0|2|3|-1
1|5489|2|QROCK3X8|EV001243|10573|2336.0|4056.0|-448.0|0.6246950475544243|-0.7808688094430304|0|102.44998779892558|128.0|2|2|-1
0|826|0|XA11TEX|EV001244|10577|2239.0|3976.0|-256.0|1|0|0|97.0|192.0|2|3|-1
1|5499|2|QROCK3X8|EV001245|10583|2288.0|4168.0|-256.0|0.39391929857916763|-0.9191450300180578|0|121.85236969382254|64.0|2|1|-1
0|827|0|XA11TEX|EV001246|10585|2336.0|3976.0|-320.0|1|0|0|144.0|144.0|3|3|-1
1|5503|2|QROCK3X8|EV001247|10594|2336.0|4056.0|-320.0|0.9284766908852594|0.3713906763541037|0|86.16263691415206|128.0|2|2|-1
1|5509|2|QROCK3X8|EV001248|10598|2416.0|4088.0|-320.0|0.7071067811865475|0.7071067811865475|0|45.254833995939045|64.0|1|1|-1
0|828|0|XA11TEX|EV001249|10599|2384.0|3912.0|-508.0|1|0|0|96.0|128.0|2|2|-1
1|5491|2|QROCK3X8|EV001250|10603|2384.0|3912.0|-508.0|0.24253562503633297|0.9701425001453319|0|65.96969000988257|60.0|2|1|-1
1|5513|2|QROCK3X8|EV001251|10605|2400.0|3976.0|-508.0|0.7808688094430304|0.6246950475544243|0|102.44998779892558|188.0|2|3|-1
0|829|0|XA11TEX|EV001252|10611|2288.0|4056.0|-192.0|1|0|0|128.0|144.0|2|3|-1
0|830|0|XA11TEX|EV001253|10617|2400.0|4088.0|-256.0|1|0|0|48.0|112.0|1|2|-1
1|5505|2|QROCK3X8|EV001254|10619|2416.0|4088.0|-256.0|-0.1414213562373095|0.9899494936611665|0|113.13708498984761|64.0|2|1|-1
0|831|0|XA02TEX|EV001255|10621|2848.0|3456.0|-496.0|1|0|0|192.0|224.0|3|4|-1
0|832|0|XA02TEX|EV001256|10633|3104.0|3712.0|-496.0|1|0|0|192.0|224.0|3|4|-1
0|833|0|XA02TEX|EV001257|10645|3296.0|3968.0|-496.0|1|0|0|192.0|224.0|3|4|-1
0|834|0|XA02TEX|EV001258|10657|3570.0|4102.0|-496.0|1|0|0|192.0|224.0|3|4|-1
0|835|0|XA02TEX|EV001259|10669|2528.0|3584.0|-496.0|1|0|0|192.0|224.0|3|4|-1
0|836|0|XA02TEX|EV001260|10681|2208.0|3584.0|-496.0|1|0|0|192.0|224.0|3|4|-1
0|837|0|XA02TEX|EV001261|10693|1952.0|3840.0|-496.0|1|0|0|192.0|224.0|3|4|-1
0|838|0|XA02TEX|EV001262|10705|2080.0|4160.0|-496.0|1|0|0|192.0|224.0|3|4|-1
0|839|0|XA02TEX|EV001263|10717|2336.0|4416.0|-496.0|1|0|0|192.0|224.0|3|4|-1
0|840|0|SFLOOR2|EV001264|10729|1680.0|2136.0|-134.0|1|0|0|32.0|16.0|1|1|-1
0|841|0|XA11TEX|EV001265|10730|784.0|1880.0|6.0|1|0|0|16.0|80.0|1|2|-1
1|5798|1|QROCK3X8|EV001266|10732|800.0|1880.0|6.0|-1.0|0.0|0|16.0|80.0|1|2|-1
1|5800|1|QROCK3X8|EV001267|10734|784.0|1960.0|6.0|1.0|0.0|0|16.0|80.0|1|2|-1
1|5801|1|OBR04|EV001268|10736|784.0|1880.0|6.0|0.0|1.0|0|16.0|80.0|1|2|-1
1|5805|1|OBR04|EV001269|10738|784.0|1944.0|6.0|0.0|1.0|0|16.0|80.0|1|2|-1
1|5808|0|OBR04|EV001270|10740|784.0|1896.0|70.0|0.0|1.0|0|48.0|16.0|1|1|-1
1|5808|2|OBR04|EV001271|10741|784.0|1896.0|6.0|0.0|1.0|0|48.0|16.0|1|1|-1
0|842|0|OBR04|EV001272|10742|544.0|1896.0|22.0|1|0|0|240.0|48.0|4|1|-1
1|5804|1|OBR04|EV001273|10746|784.0|1896.0|22.0|-1.0|0.0|0|240.0|48.0|4|1|-1
1|5806|1|OBR04|EV001274|10750|544.0|1944.0|22.0|1.0|0.0|0|240.0|48.0|4|1|-1
1|5807|1|OBR04|EV001275|10754|544.0|1896.0|22.0|0.0|1.0|0|48.0|48.0|1|1|-1
0|843|0|OBR04|EV001276|10755|2544.0|1896.0|22.0|1|0|0|240.0|48.0|4|1|-1
1|5810|1|OBR04|EV001277|10759|2544.0|1944.0|22.0|1.0|0.0|0|240.0|48.0|4|1|-1
1|5811|1|OBR04|EV001278|10763|2784.0|1896.0|22.0|-1.0|0.0|0|240.0|48.0|4|1|-1
1|5812|1|OBR04|EV001279|10767|2784.0|1944.0|22.0|0.0|-1.0|0|48.0|48.0|1|1|-1
0|844|0|XA11TEX|EV001280|10768|2528.0|1880.0|6.0|1|0|0|16.0|80.0|1|2|-1
1|5813|0|OBR04|EV001281|10770|2544.0|1944.0|70.0|0.0|-1.0|0|48.0|16.0|1|1|-1
1|5813|2|OBR04|EV001282|10771|2544.0|1944.0|6.0|0.0|-1.0|0|48.0|16.0|1|1|-1
1|5815|1|QROCK3X8|EV001283|10772|2528.0|1960.0|6.0|1.0|0.0|0|16.0|80.0|1|2|-1
1|5816|1|QROCK3X8|EV001284|10774|2544.0|1880.0|6.0|-1.0|0.0|0|16.0|80.0|1|2|-1
1|5817|1|OBR04|EV001285|10776|2544.0|1960.0|6.0|0.0|-1.0|0|16.0|80.0|1|2|-1
1|5820|1|OBR04|EV001286|10778|2544.0|1896.0|6.0|0.0|-1.0|0|16.0|80.0|1|2|-1
1|6849|1|QROCK3X8|EV001287|10780|-576.0|-736.0|-840.0|1.0|0.0|0|64.0|512.0|1|8|-1
1|6850|1|QROCK3X8|EV001288|10788|-512.0|-736.0|-840.0|0.0|-1.0|0|64.0|512.0|1|8|-1
1|6851|1|QROCK3X8|EV001289|10796|-512.0|-800.0|-840.0|-1.0|0.0|0|64.0|512.0|1|8|-1
1|6852|1|QROCK3X8|EV001290|10804|-576.0|-800.0|-840.0|0.0|1.0|0|64.0|512.0|1|8|-1
0|1098|0|BRFLR4B|EV001291|10812|1552.0|528.0|-6.0|1|0|0|32.0|16.0|1|1|-1
0|1099|0|METALF24|EV001292|10813|4232.0|-288.0|8.0|1|0|0|48.0|32.0|1|1|-1
1|8673|2|QMET22|EV001293|10814|4240.0|-280.0|8.0|1.0|0.0|0|32.0|64.0|1|1|-1
1|8675|2|QMET22|EV001294|10815|4272.0|-280.0|8.0|0.0|1.0|0|16.0|64.0|1|1|-1
1|8679|2|QMET22|EV001295|10816|4240.0|-264.0|8.0|0.0|-1.0|0|16.0|64.0|1|1|-1
0|1100|0|BRFLR4B|EV001296|10817|4240.0|-280.0|72.0|1|0|0|32.0|16.0|1|1|-1
0|1111|0|XA11TEX|EV001297|10818|3872.0|3648.0|-138.0|1|0|0|128.0|48.0|2|1|-1
1|8723|0|OIDOOR2|EV001298|10820|4000.0|3648.0|-138.0|-1.0|0.0|0|128.0|128.0|2|2|-1
0|1112|0|XA11TEX|EV001299|10824|3840.0|3664.0|-138.0|1|0|0|176.0|112.0|3|2|-1
1|8713|1|QROCK3X8|EV001300|10830|3872.0|3664.0|-138.0|-1.0|0.0|0|32.0|266.0|1|5|-1
1|8717|0|QROCK3X8|EV001301|10835|3936.0|3696.0|-10.0|-0.8944271909999159|-0.4472135954999579|0|71.55417527999327|138.0|2|3|-1
1|8721|0|QROCK3X8|EV001302|10841|4016.0|3776.0|22.0|-0.7071067811865475|-0.7071067811865475|0|113.13708498984761|106.0|2|2|-1
0|1113|0|METALF17|EV001303|10845|3872.0|3632.0|-138.0|1|0|0|128.0|16.0|2|1|-1
0|1114|0|SFLOOR2|EV001304|10847|3872.0|3616.0|-138.0|1|0|0|128.0|16.0|2|1|-1
1|8722|1|ORUST06|EV001305|10849|4000.0|3632.0|-138.0|0.0|-1.0|0|16.0|128.0|1|2|-1
1|8728|0|OIDOOR2|EV001306|10851|3872.0|3632.0|-138.0|1.0|0.0|0|128.0|128.0|2|2|-1
1|8738|1|QMET01|EV001307|10855|3888.0|3616.0|-138.0|-1.0|0.0|0|16.0|128.0|1|2|-1
1|8739|1|ORUST06|EV001308|10857|3872.0|3616.0|-138.0|0.0|1.0|0|16.0|128.0|1|2|-1
1|8742|1|QMET01|EV001309|10859|4000.0|3616.0|-138.0|-1.0|0.0|0|16.0|128.0|1|2|-1
1|16206|0|QMET01|EV001310|10861|3984.0|3616.0|-26.0|-1.0|0.0|0|96.0|16.0|2|1|-1
1|16206|2|QMET01|EV001311|10863|3984.0|3616.0|-138.0|-1.0|0.0|0|96.0|16.0|2|1|-1
0|1116|0|SFLOOR2|EV001312|10865|3856.0|3584.0|-138.0|1|0|0|160.0|16.0|3|1|-1
1|8731|1|QMET01|EV001313|10868|3984.0|3600.0|-138.0|1.0|0.0|0|16.0|128.0|1|2|-1
1|8732|0|QMET01|EV001314|10870|3888.0|3600.0|-26.0|1.0|0.0|0|96.0|16.0|2|1|-1
1|8732|2|QMET01|EV001315|10872|3888.0|3600.0|-138.0|1.0|0.0|0|96.0|16.0|2|1|-1
1|8740|1|QMET01|EV001316|10874|3872.0|3600.0|-138.0|1.0|0.0|0|16.0|128.0|1|2|-1
1|8743|1|ORUST06|EV001317|10876|4000.0|3600.0|-138.0|0.7071067811865475|-0.7071067811865475|0|22.627416997969522|128.0|1|2|-1
1|16202|1|ORUST06|EV001318|10878|3856.0|3584.0|-138.0|0.7071067811865475|0.7071067811865475|0|22.627416997969522|128.0|1|2|-1
0|1179|0|XA11TEX|EV001319|10880|2868.0|4040.0|-192.0|1|0|0|144.0|128.0|3|2|-1
0|1180|0|XA11TEX|EV001320|10886|2900.0|3991.0|-256.0|1|0|0|192.0|97.0|3|2|-1
1|9317|2|QROCK3X8|EV001321|10892|2900.0|4040.0|-256.0|0.9191450300180578|0.39391929857916763|0|121.85236969382254|64.0|2|1|-1
0|1181|0|XA11TEX|EV001322|10894|2948.0|4088.0|-320.0|1|0|0|144.0|144.0|3|3|-1
1|9321|2|QROCK3X8|EV001323|10903|3012.0|4088.0|-320.0|-0.3713906763541037|0.9284766908852594|0|86.16263691415206|128.0|2|2|-1
1|9345|2|QROCK3X8|EV001324|10907|2980.0|4168.0|-320.0|-0.7071067811865475|0.7071067811865475|0|45.254833995939045|64.0|1|1|-1
0|1182|0|XA11TEX|EV001325|10908|2868.0|4152.0|-256.0|1|0|0|112.0|48.0|2|1|-1
1|9323|2|QROCK3X8|EV001326|10910|2980.0|4168.0|-256.0|-0.9899494936611665|-0.1414213562373095|0|113.13708498984761|64.0|2|1|-1
0|1183|0|XA11TEX|EV001327|10912|3012.0|4040.0|-448.0|1|0|0|144.0|112.0|3|2|-1
1|9325|2|QROCK3X8|EV001328|10918|3092.0|4040.0|-448.0|-0.8574929257125441|0.5144957554275265|0|93.29523031752481|192.0|2|3|-1
1|9335|2|QROCK3X8|EV001329|10924|3012.0|4088.0|-448.0|0.7808688094430304|0.6246950475544243|0|102.44998779892558|128.0|2|2|-1
0|1184|0|XA11TEX|EV001330|10928|3028.0|4136.0|-508.0|1|0|0|128.0|96.0|2|2|-1
1|9337|2|QROCK3X8|EV001331|10932|3156.0|4136.0|-508.0|-0.9701425001453319|0.24253562503633297|0|65.96969000988257|60.0|2|1|-1
1|9339|2|QROCK3X8|EV001332|10934|3092.0|4152.0|-508.0|-0.6246950475544243|0.7808688094430304|0|102.44998779892558|188.0|2|3|-1
0|1734|0|XA02TEX|EV001333|10940|1584.0|4608.0|-160.0|1|0|0|336.0|128.0|6|2|-1
1|5732|2|QROCK3X8|EV001334|10952|1584.0|4632.0|-160.0|0.9552858906913457|0.2956837280711308|0|351.7271669916897|32.0|6|1|-1
0|1820|0|XA02TEX|EV001335|10958|1344.0|4352.0|-160.0|1|0|0|256.0|280.0|4|5|-1
1|5694|1|QROCK3X8|EV001336|10978|1376.0|4352.0|-160.0|-0.9701425001453319|0.24253562503633297|0|32.984845004941285|288.0|1|5|-1
1|5738|2|QROCK3X8|EV001337|10983|1344.0|4360.0|-160.0|0.6616216370868463|0.7498378553650925|0|362.7450895601483|32.0|6|1|-1
0|1821|0|XA02TEX|EV001338|10989|3744.0|3936.0|-700.0|1|0|0|32.0|544.0|1|9|-1
0|1825|0|XA02TEX|EV001339|10998|1600.0|4768.0|-2.0|1|0|0|288.0|128.0|5|2|-1
1|5697|1|QROCK3X8|EV001340|11008|1600.0|4832.0|-2.0|0.9761870601839528|0.21693045781865616|0|295.0254226333724|130.0|5|3|-1
0|1826|0|METALF17|EV001341|11023|3856.0|3232.0|0.0|1|0|0|160.0|352.0|3|6|-1
1|5701|1|ORUST06|EV001342|11041|4016.0|3312.0|0.0|0.0|-1.0|0|80.0|128.0|2|2|-1
1|5720|1|ADEL_RR5|EV001343|11045|4008.0|3328.0|0.0|0.0|-1.0|0|16.0|128.0|1|2|-1
1|5723|1|ADEL_RR5|EV001344|11047|4008.0|3496.0|0.0|0.0|-1.0|0|16.0|128.0|1|2|-1
1|5726|1|ADEL_RR5|EV001345|11049|3864.0|3496.0|0.0|-1.0|0.0|0|8.0|128.0|1|2|-1
1|5727|1|ADEL_RR5|EV001346|11051|3864.0|3312.0|0.0|0.0|1.0|0|16.0|128.0|1|2|-1
1|5752|1|ADEL_RR5|EV001347|11053|4016.0|3496.0|0.0|-1.0|0.0|0|8.0|128.0|1|2|-1
1|5753|1|ORUST06|EV001348|11055|3856.0|3496.0|0.0|0.0|1.0|0|88.0|128.0|2|2|-1
1|5754|1|ADEL_RR5|EV001349|11059|3856.0|3312.0|0.0|1.0|0.0|0|8.0|128.0|1|2|-1
1|5776|1|ADEL_RR5|EV001350|11061|4008.0|3312.0|0.0|1.0|0.0|0|8.0|128.0|1|2|-1
1|5778|1|ADEL_RR5|EV001351|11063|3864.0|3480.0|0.0|0.0|1.0|0|16.0|128.0|1|2|-1
1|15976|1|ORUST06|EV001352|11065|3856.0|3232.0|0.0|0.0|1.0|0|80.0|128.0|2|2|-1
1|16203|1|ORUST06|EV001353|11069|4016.0|3584.0|0.0|0.0|-1.0|0|88.0|128.0|2|2|-1
0|1832|0|XA02TEX|EV001354|11073|3904.0|4448.0|-700.0|1|0|0|96.0|32.0|2|1|-1
1|15639|2|QROCK3X8|EV001355|11075|3992.0|4480.0|-700.0|0.24253562503633297|-0.9701425001453319|0|32.984845004941285|188.0|1|3|-1
0|1833|0|XA02TEX|EV001356|11078|4028.0|3936.0|-512.0|1|0|0|4.0|32.0|1|1|-1
1|15659|1|QROCK3X8|EV001357|11079|4032.0|3968.0|-512.0|0.0|-1.0|0|32.0|512.0|1|8|-1
0|1834|0|XA02TEX|EV001358|11087|3936.0|3936.0|-700.0|1|0|0|92.0|32.0|2|1|-1
1|16030|2|QROCK3X8|EV001359|11089|4028.0|3968.0|-700.0|0.0|-1.0|0|32.0|188.0|1|3|-1
0|1835|0|XA02TEX|EV001360|11092|3966.0|3968.0|-512.0|1|0|0|66.0|160.0|2|3|-1
1|5440|0|ORUST01|EV001361|11098|3968.0|4048.0|0.0|1.0|0.0|0|64.0|128.0|1|2|-1
1|5440|2|ORUST01|EV001362|11100|3968.0|4048.0|-512.0|1.0|0.0|0|64.0|128.0|1|2|-1
1|5442|0|ORDEMON1|EV001363|11102|3968.0|4112.0|0.0|0.0|-1.0|0|64.0|128.0|1|2|-1
1|5442|2|ORUST01|EV001364|11104|3968.0|4112.0|-512.0|0.0|-1.0|0|64.0|128.0|1|2|-1
1|5444|0|ORUST01|EV001365|11106|4032.0|4112.0|0.0|-1.0|0.0|0|64.0|128.0|1|2|-1
1|5444|2|ORUST01|EV001366|11108|4032.0|4112.0|-512.0|-1.0|0.0|0|64.0|128.0|1|2|-1
1|5446|0|ORUST06|EV001367|11110|4032.0|4128.0|0.0|0.0|-1.0|0|16.0|128.0|1|2|-1
1|5446|2|ORUST06|EV001368|11112|4032.0|4128.0|-512.0|0.0|-1.0|0|16.0|128.0|1|2|-1
1|5467|1|QROCK3X8|EV001369|11114|4032.0|4048.0|-512.0|0.0|-1.0|0|80.0|512.0|2|8|-1
0|1836|0|XA02TEX|EV001370|11130|3992.0|4448.0|-512.0|1|0|0|12.0|32.0|1|1|-1
1|15644|1|QROCK3X8|EV001371|11131|3995.0|4480.0|-512.0|0.2707455769182841|-0.962650940153899|0|33.24154027718932|512.0|1|8|-1
0|1837|0|XA02TEX|EV001372|11139|1344.0|4016.0|-512.0|1|0|0|2651.0|880.0|12|12|-1
1|5192|1|QROCK3X8|EV001373|11283|2112.0|4864.0|-512.0|0.9615239476408232|0.27472112789737807|0|116.48175822848829|512.0|2|8|-1
1|5193|2|QROCK3X8|EV001374|11299|1600.0|4608.0|-512.0|0.9578262852211513|0.2873478855663454|0|334.0898082851376|352.0|6|6|-1
1|5195|1|QROCK3X8|EV001375|11335|1344.0|4096.0|-512.0|0.12403473458920847|0.9922778767136677|0|257.9922479455536|512.0|5|8|-1
1|5228|1|QROCK3X8|EV001376|11375|3960.0|4624.0|-512.0|0.23617938553950496|-0.9717094719339633|0|148.1924424523734|512.0|3|8|-1
1|5230|2|QROCK3X8|EV001377|11399|2224.0|4896.0|-512.0|0.3417430630867044|-0.939793423488437|0|187.275198571514|14.0|3|1|-1
1|5232|2|QROCK3X8|EV001378|11402|3768.0|4624.0|-512.0|1.0|0.0|0|192.0|374.0|3|6|-1
1|5234|2|QROCK3X8|EV001379|11420|2784.0|4832.0|-512.0|0.9363291775690445|-0.3511234415883917|0|273.408119850161|134.0|5|3|-1
1|5236|2|QROCK3X8|EV001380|11435|3040.0|4736.0|-512.0|0.9958932064677039|0.09053574604251853|0|176.72577627499618|194.0|3|4|-1
1|5238|2|QROCK3X8|EV001381|11447|3520.0|4736.0|-512.0|0.9113705996586747|-0.4115867224264983|0|272.1176216271192|374.0|5|6|-1
1|5244|2|QROCK3X8|EV001382|11477|3392.0|4768.0|-512.0|0.9701425001453319|-0.24253562503633297|0|131.93938001976514|314.0|3|5|-1
1|5246|2|QROCK3X8|EV001383|11492|2288.0|4720.0|-512.0|0.9647638212377322|0.2631174057921088|0|182.42806801586207|14.0|3|1|-1
1|5248|2|QROCK3X8|EV001384|11495|1376.0|4352.0|-512.0|0.658504607868518|0.7525766947068778|0|340.1646660075088|352.0|6|6|-1
1|5251|2|QROCK3X8|EV001385|11531|1920.0|4704.0|-512.0|0.7682212795973759|0.6401843996644799|0|249.92798962901293|352.0|4|6|-1
1|5278|2|QROCK3X8|EV001386|11555|3216.0|4752.0|-512.0|0.9958932064677039|0.09053574604251853|0|176.72577627499618|254.0|3|4|-1
1|5282|2|QROCK3X8|EV001387|11567|2672.0|4816.0|-512.0|0.9899494936611665|0.1414213562373095|0|113.13708498984761|74.0|2|2|-1
1|5292|2|QROCK3X8|EV001388|11571|2464.0|4768.0|-512.0|0.9743911956946198|0.22485950669875843|0|213.46662502602135|14.0|4|1|-1
1|5376|0|ORUST01|EV001389|11575|1408.0|4096.0|0.0|-1.0|0.0|0|64.0|128.0|1|2|-1
1|5376|2|ORUST01|EV001390|11577|1408.0|4096.0|-512.0|-1.0|0.0|0|64.0|128.0|1|2|-1
1|5378|0|ORDEMON1|EV001391|11579|1408.0|4032.0|0.0|0.0|1.0|0|64.0|128.0|1|2|-1
1|5378|2|ORUST01|EV001392|11581|1408.0|4032.0|-512.0|0.0|1.0|0|64.0|128.0|1|2|-1
1|5380|0|ORUST01|EV001393|11583|1344.0|4032.0|0.0|1.0|0.0|0|64.0|128.0|1|2|-1
1|5380|2|ORUST01|EV001394|11585|1344.0|4032.0|-512.0|1.0|0.0|0|64.0|128.0|1|2|-1
1|5382|0|ORUST06|EV001395|11587|1344.0|4016.0|0.0|0.0|1.0|0|16.0|128.0|1|2|-1
1|5382|2|ORUST06|EV001396|11589|1344.0|4016.0|-512.0|0.0|1.0|0|16.0|128.0|1|2|-1
0|1838|0|METALF17|EV001397|11591|3848.0|3328.0|0.0|1|0|0|16.0|152.0|1|3|-1
1|5699|1|QROCK3X8|EV001398|11594|3848.0|3456.0|0.0|0.31622776601683794|0.9486832980505138|0|25.298221281347036|128.0|1|2|-1
1|5700|1|QROCK3X8|EV001399|11596|3848.0|3352.0|0.0|0.31622776601683794|0.9486832980505138|0|25.298221281347036|128.0|1|2|-1
1|5703|1|ADEL_RR5|EV001400|11598|3856.0|3480.0|0.0|1.0|0.0|0|8.0|128.0|1|2|-1
1|5704|1|ADEL_RR5|EV001401|11600|3864.0|3328.0|0.0|-1.0|0.0|0|8.0|128.0|1|2|-1
1|5719|1|QROCK3X8|EV001402|11602|3856.0|3376.0|0.0|-0.31622776601683794|0.9486832980505138|0|25.298221281347036|128.0|1|2|-1
1|5748|1|QROCK3X8|EV001403|11604|3848.0|3400.0|0.0|0.31622776601683794|0.9486832980505138|0|25.298221281347036|128.0|1|2|-1
1|5773|1|QROCK3X8|EV001404|11606|3856.0|3424.0|0.0|-0.24253562503633297|0.9701425001453319|0|32.984845004941285|128.0|1|2|-1
1|5779|1|QROCK3X8|EV001405|11608|3856.0|3328.0|0.0|-0.31622776601683794|0.9486832980505138|0|25.298221281347036|128.0|1|2|-1
0|1840|0|METALF24|EV001406|11610|3888.0|3600.0|-122.0|1|0|0|96.0|16.0|2|1|-1
1|8730|1|QMET01|EV001407|11612|3888.0|3600.0|-122.0|0.0|1.0|0|16.0|96.0|1|2|-1
1|8741|1|QMET01|EV001408|11614|3984.0|3616.0|-122.0|0.0|-1.0|0|16.0|96.0|1|2|-1
0|1841|0|XA02TEX|EV001409|11616|1920.0|4704.0|-160.0|1|0|0|192.0|168.0|3|3|-1
1|5693|1|QROCK3X8|EV001410|11625|2072.0|4872.0|-160.0|0.9805806756909202|-0.19611613513818404|0|40.792156108742276|288.0|1|5|-1
1|5705|2|QROCK3X8|EV001411|11630|1920.0|4736.0|-160.0|0.7452413135250994|0.6667948594698258|0|203.9607805437114|32.0|4|1|-1
0|1842|0|XA02TEX|EV001412|11634|1216.0|4360.0|-128.0|1|0|0|856.0|524.0|12|9|-1
1|5683|2|QROCK3X8|EV001413|11742|1920.0|4816.0|-128.0|0.685364699004991|0.7281999926928029|0|93.38094023943002|62.0|2|1|-1
1|5685|2|QROCK3X8|EV001414|11744|1488.0|4704.0|-128.0|-0.24253562503633297|0.9701425001453319|0|65.96969000988257|126.0|2|2|-1
1|5687|2|QROCK3X8|EV001415|11748|1696.0|4768.0|-128.0|0.9486832980505138|0.31622776601683794|0|101.19288512538814|126.0|2|2|-1
1|5691|2|QROCK3X8|EV001416|11752|1280.0|4544.0|-128.0|0.7808688094430304|0.6246950475544243|0|102.44998779892558|62.0|2|1|-1
1|5695|1|QROCK3X8|EV001417|11754|1344.0|4360.0|-128.0|-0.970142500145332|0.242535625036333|0|98.95453501482385|256.0|2|4|-1
1|5714|2|QROCK3X8|EV001418|11762|1792.0|4800.0|-128.0|0.7071067811865476|0.7071067811865476|0|67.88225099390856|126.0|2|2|-1
1|5728|2|QROCK3X8|EV001419|11766|1216.0|4544.0|-128.0|1.0|0.0|0|64.0|62.0|1|1|-1
1|5745|2|QROCK3X8|EV001420|11767|1600.0|4832.0|-128.0|0.8320502943378437|-0.5547001962252291|0|115.37764081484765|126.0|2|2|-1
1|5757|2|QROCK3X8|EV001421|11771|1840.0|4848.0|-128.0|0.9284766908852594|-0.3713906763541037|0|86.16263691415206|62.0|2|1|-1
1|5759|1|QROCK3X8|EV001422|11773|1984.0|4884.0|-128.0|0.9908301680442989|-0.13511320473331348|0|88.81441324469807|256.0|2|4|-1
1|5768|1|QROCK3X8|EV001423|11781|1248.0|4384.0|-128.0|-0.19611613513818404|0.9805806756909202|0|163.1686244349691|256.0|3|4|-1
1|5770|2|QROCK3X8|EV001424|11793|1360.0|4608.0|-128.0|0.8|0.6|0|160.0|126.0|3|2|-1
1|5772|1|QROCK3X8|EV001425|11799|1472.0|4768.0|-128.0|0.8944271909999159|0.4472135954999579|0|143.10835055998655|256.0|3|4|-1
0|1843|0|XA02TEX|EV001426|11811|1840.0|4816.0|-66.0|1|0|0|144.0|80.0|3|2|-1
1|5696|1|QROCK3X8|EV001427|11817|1888.0|4896.0|-66.0|0.9922778767136677|-0.12403473458920847|0|96.74709297958259|194.0|2|4|-1
1|5755|2|QROCK3X8|EV001428|11825|1840.0|4848.0|-66.0|0.7071067811865476|0.7071067811865476|0|67.88225099390856|64.0|2|1|-1
0|1846|0|METALF17|EV001429|11827|3888.0|3440.0|0.0|1|0|0|96.0|96.0|2|2|-1
0|1847|0|METALF17|EV001430|11831|3896.0|3448.0|0.0|1|0|0|80.0|80.0|2|2|-1
0|1906|0|METALF24|EV001431|11835|-712.0|-200.0|-372.0|1|0|0|80.0|80.0|2|2|-1
1|16757|2|QSLIP4|EV001432|11839|-640.0|-128.0|-372.0|-1.0|0.0|0|64.0|7.0|1|1|-1
1|16759|2|QSLIP4|EV001433|11840|-704.0|-128.0|-372.0|0.0|-1.0|0|64.0|7.0|1|1|-1
1|16761|2|QSLIP4|EV001434|11841|-704.0|-192.0|-372.0|1.0|0.0|0|64.0|7.0|1|1|-1
1|16763|2|QSLIP4|EV001435|11842|-640.0|-192.0|-372.0|0.0|1.0|0|64.0|7.0|1|1|-1
0|1907|0|QSLIP1|EV001436|11843|-704.0|-192.0|-365.0|1|0|0|64.0|64.0|1|1|-1
0|1922|0|CFLOOR3|EV001437|11844|-768.0|-256.0|-380.0|1|0|0|160.0|192.0|3|3|-1
1|16848|2|QMET01|EV001438|11853|-712.0|-128.0|-380.0|0.0|-1.0|0|64.0|8.0|1|1|-1
1|16850|2|QMET01|EV001439|11854|-704.0|-120.0|-380.0|-0.7071067811865475|-0.7071067811865475|0|11.313708498984761|8.0|1|1|-1
1|16852|2|QMET01|EV001440|11855|-640.0|-120.0|-380.0|-1.0|0.0|0|64.0|8.0|1|1|-1
1|16854|2|QMET01|EV001441|11856|-632.0|-128.0|-380.0|-0.7071067811865475|0.7071067811865475|0|11.313708498984761|8.0|1|1|-1
1|16856|2|QMET01|EV001442|11857|-632.0|-192.0|-380.0|0.0|1.0|0|64.0|8.0|1|1|-1
1|16858|2|QMET01|EV001443|11858|-640.0|-200.0|-380.0|0.7071067811865475|0.7071067811865475|0|11.313708498984761|8.0|1|1|-1
1|16860|2|QMET01|EV001444|11859|-704.0|-200.0|-380.0|1.0|0.0|0|64.0|8.0|1|1|-1
1|16862|2|QMET01|EV001445|11860|-712.0|-192.0|-380.0|0.7071067811865475|-0.7071067811865475|0|11.313708498984761|8.0|1|1|-1
0|1931|0|QROCK3X8|EV001446|11861|-1224.0|-384.0|-304.0|1|0|0|72.0|24.0|2|1|-1
1|16956|1|QROCK3X8|EV001447|11863|-1152.0|-384.0|-304.0|-1.0|0.0|0|72.0|24.0|2|1|-1
0|1932|0|QROCK3X8|EV001448|11865|-1224.0|-232.0|-304.0|1|0|0|72.0|24.0|2|1|-1
1|16955|1|QROCK3X8|EV001449|11867|-1224.0|-208.0|-304.0|1.0|0.0|0|72.0|24.0|2|1|-1
0|1942|0|QROCK3X8|EV001450|11869|-1224.0|-248.0|-352.0|1|0|0|72.0|16.0|2|1|-1
1|17022|0|QROCK3X8|EV001451|11871|-1224.0|-232.0|-280.0|1.0|0.0|0|72.0|48.0|2|1|-1
1|17022|2|QROCK3X8|EV001452|11873|-1224.0|-232.0|-352.0|1.0|0.0|0|72.0|48.0|2|1|-1
0|1943|0|XA11TEX|EV001453|11875|1608.0|1832.0|-134.0|1|0|0|176.0|176.0|3|3|-1
0|1944|0|XA11TEX|EV001454|11884|1600.0|1824.0|-134.0|1|0|0|192.0|192.0|3|3|-1
0|1945|0|XA11TEX|EV001455|11893|1592.0|1816.0|-134.0|1|0|0|208.0|208.0|4|4|-1
0|1946|0|XA11TEX|EV001456|11909|1584.0|1808.0|-134.0|1|0|0|224.0|224.0|4|4|-1
0|1947|0|XA11TEX|EV001457|11925|1184.0|1800.0|-134.0|1|0|0|64.0|40.0|1|1|-1
0|1948|0|XA11TEX|EV001458|11926|1296.0|1888.0|-134.0|1|0|0|40.0|64.0|1|1|-1
0|1949|0|XA11TEX|EV001459|11927|1204.0|1820.0|-134.0|1|0|0|24.0|20.0|1|1|-1
0|1950|0|XA11TEX|EV001460|11928|1208.0|1824.0|-134.0|1|0|0|16.0|16.0|1|1|-1
0|1951|0|XA11TEX|EV001461|11929|1200.0|1816.0|-134.0|1|0|0|32.0|24.0|1|1|-1
0|1952|0|XA11TEX|EV001462|11930|1196.0|1812.0|-134.0|1|0|0|40.0|28.0|1|1|-1
0|1953|0|XA11TEX|EV001463|11931|1192.0|1808.0|-134.0|1|0|0|48.0|32.0|1|1|-1
0|1954|0|XA11TEX|EV001464|11932|1188.0|1804.0|-134.0|1|0|0|56.0|36.0|1|1|-1
0|1955|0|XA11TEX|EV001465|11933|1296.0|1908.0|-134.0|1|0|0|20.0|24.0|1|1|-1
0|1956|0|XA11TEX|EV001466|11934|1296.0|1912.0|-134.0|1|0|0|16.0|16.0|1|1|-1
0|1957|0|XA11TEX|EV001467|11935|1296.0|1904.0|-134.0|1|0|0|24.0|32.0|1|1|-1
0|1958|0|XA11TEX|EV001468|11936|1296.0|1900.0|-134.0|1|0|0|28.0|40.0|1|1|-1
0|1959|0|XA11TEX|EV001469|11937|1296.0|1896.0|-134.0|1|0|0|32.0|48.0|1|1|-1
0|1960|0|XA11TEX|EV001470|11938|1296.0|1892.0|-134.0|1|0|0|36.0|56.0|1|1|-1
0|1961|0|XA11TEX|EV001471|11939|1204.0|2000.0|-134.0|1|0|0|24.0|20.0|1|1|-1
0|1962|0|XA11TEX|EV001472|11940|1208.0|2000.0|-134.0|1|0|0|16.0|16.0|1|1|-1
0|1963|0|XA11TEX|EV001473|11941|1200.0|2000.0|-134.0|1|0|0|32.0|24.0|1|1|-1
0|1964|0|XA11TEX|EV001474|11942|1196.0|2000.0|-134.0|1|0|0|40.0|28.0|1|1|-1
0|1965|0|XA11TEX|EV001475|11943|1192.0|2000.0|-134.0|1|0|0|48.0|32.0|1|1|-1
0|1966|0|METALF24|EV001476|11944|2104.0|1848.0|-126.0|1|0|0|144.0|144.0|3|3|-1
1|17376|2|OBR09|EV001477|11953|2112.0|1856.0|-126.0|1.0|0.0|0|32.0|64.0|1|1|-1
1|17378|2|OBR09|EV001478|11954|2240.0|1856.0|-126.0|0.0|1.0|0|48.0|64.0|1|1|-1
1|17380|2|OBR09|EV001479|11955|2112.0|1984.0|-126.0|0.0|-1.0|0|32.0|64.0|1|1|-1
1|17382|2|OBR09|EV001480|11956|2240.0|1984.0|-126.0|-1.0|0.0|0|32.0|64.0|1|1|-1
1|17394|2|OBR09|EV001481|11957|2144.0|1984.0|-126.0|-1.0|0.0|0|32.0|64.0|1|1|-1
1|17402|2|OBR09|EV001482|11958|2112.0|1888.0|-126.0|0.0|-1.0|0|32.0|64.0|1|1|-1
1|17412|2|OBR09|EV001483|11959|2208.0|1856.0|-126.0|1.0|0.0|0|32.0|64.0|1|1|-1
1|17426|2|OBR09|EV001484|11960|2240.0|1936.0|-126.0|0.0|1.0|0|48.0|64.0|1|1|-1
1|17431|2|IKWALL10|EV001485|11961|2248.0|1936.0|-126.0|-1.0|0.0|0|8.0|56.0|1|1|-1
1|17433|2|IKWALL10|EV001486|11962|2240.0|1904.0|-126.0|1.0|0.0|0|8.0|56.0|1|1|-1
0|1967|0|METALF18|EV001487|11963|2112.0|1856.0|-62.0|1|0|0|128.0|128.0|2|2|-1
0|1968|0|XA11TEX|EV001488|11967|2144.0|1800.0|-134.0|1|0|0|64.0|40.0|1|1|-1
0|1969|0|XA11TEX|EV001489|11968|2148.0|1804.0|-134.0|1|0|0|56.0|36.0|1|1|-1
0|1970|0|IKTKPN2|EV001490|11969|2096.0|1840.0|-70.0|1|0|0|160.0|160.0|3|3|-1
1|17392|2|OBR09|EV001491|11978|2208.0|1984.0|-70.0|-1.0|0.0|0|64.0|8.0|1|1|-1
1|17408|2|OBR09|EV001492|11979|2112.0|1952.0|-70.0|0.0|-1.0|0|64.0|8.0|1|1|-1
1|17418|2|OBR09|EV001493|11980|2144.0|1856.0|-70.0|1.0|0.0|0|64.0|8.0|1|1|-1
1|17422|2|OBR09|EV001494|11981|2240.0|1904.0|-70.0|0.0|1.0|0|32.0|8.0|1|1|-1
0|1971|0|XA11TEX|EV001495|11982|2144.0|2000.0|-134.0|1|0|0|64.0|40.0|1|1|-1
0|1972|0|XA11TEX|EV001496|11983|2056.0|1888.0|-134.0|1|0|0|40.0|64.0|1|1|-1
0|1973|0|XA11TEX|EV001497|11984|2164.0|2000.0|-134.0|1|0|0|24.0|20.0|1|1|-1
0|1974|0|XA11TEX|EV001498|11985|2168.0|2000.0|-134.0|1|0|0|16.0|16.0|1|1|-1
0|1975|0|XA11TEX|EV001499|11986|2160.0|2000.0|-134.0|1|0|0|32.0|24.0|1|1|-1
0|1976|0|XA11TEX|EV001500|11987|2156.0|2000.0|-134.0|1|0|0|40.0|28.0|1|1|-1
0|1977|0|XA11TEX|EV001501|11988|2152.0|2000.0|-134.0|1|0|0|48.0|32.0|1|1|-1
0|1978|0|XA11TEX|EV001502|11989|2148.0|2000.0|-134.0|1|0|0|56.0|36.0|1|1|-1
0|1979|0|XA11TEX|EV001503|11990|2076.0|1908.0|-134.0|1|0|0|20.0|24.0|1|1|-1
0|1980|0|XA11TEX|EV001504|11991|2080.0|1912.0|-134.0|1|0|0|16.0|16.0|1|1|-1
0|1981|0|XA11TEX|EV001505|11992|2072.0|1904.0|-134.0|1|0|0|24.0|32.0|1|1|-1
0|1982|0|XA11TEX|EV001506|11993|2068.0|1900.0|-134.0|1|0|0|28.0|40.0|1|1|-1
0|1983|0|XA11TEX|EV001507|11994|2064.0|1896.0|-134.0|1|0|0|32.0|48.0|1|1|-1
0|1984|0|XA11TEX|EV001508|11995|2060.0|1892.0|-134.0|1|0|0|36.0|56.0|1|1|-1
0|1985|0|XA11TEX|EV001509|11996|2164.0|1820.0|-134.0|1|0|0|24.0|20.0|1|1|-1
0|1986|0|XA11TEX|EV001510|11997|2168.0|1824.0|-134.0|1|0|0|16.0|16.0|1|1|-1
0|1987|0|XA11TEX|EV001511|11998|2160.0|1816.0|-134.0|1|0|0|32.0|24.0|1|1|-1
0|1988|0|XA11TEX|EV001512|11999|2156.0|1812.0|-134.0|1|0|0|40.0|28.0|1|1|-1
0|1989|0|XA11TEX|EV001513|12000|2152.0|1808.0|-134.0|1|0|0|48.0|32.0|1|1|-1
0|1990|0|SFLOOR6|EV001514|12001|4320.0|-304.0|24.0|1|0|0|192.0|32.0|3|1|-1
1|17706|0|ADEL_Y00|EV001515|12004|4320.0|-272.0|280.0|1.0|0.0|0|192.0|8.0|3|1|-1
1|17718|0|ADEL_Y00|EV001516|12007|4512.0|-272.0|280.0|0.0|-1.0|0|32.0|8.0|1|1|-1
1|17735|0|ADEL_Y00|EV001517|12008|4512.0|-304.0|280.0|-1.0|0.0|0|192.0|8.0|3|1|-1
1|17735|2|ORUST06|EV001518|12011|4512.0|-304.0|24.0|-1.0|0.0|0|192.0|9.0|3|1|-1
1|17738|0|ADEL_Y00|EV001519|12014|4320.0|-304.0|280.0|0.0|1.0|0|32.0|8.0|1|1|-1
0|1991|0|SFLOOR6|EV001520|12015|4320.0|-272.0|16.0|1|0|0|192.0|24.0|3|1|-1
1|17707|2|ORUST06|EV001521|12018|4512.0|-272.0|16.0|-1.0|0.0|0|192.0|8.0|3|1|-1
0|1992|0|SFLOOR6|EV001522|12021|4320.0|-336.0|33.0|1|0|0|192.0|32.0|3|1|-1
1|17731|2|ORUST06|EV001523|12024|4344.0|-336.0|33.0|-1.0|0.0|0|24.0|10.0|1|1|-1
1|17791|0|QMET01|EV001524|12025|4344.0|-320.0|272.0|0.0|-1.0|0|16.0|8.0|1|1|-1
1|17793|0|QMET01|EV001525|12026|4352.0|-312.0|272.0|-0.7071067811865475|-0.7071067811865475|0|11.313708498984761|8.0|1|1|-1
1|17795|0|QMET01|EV001526|12027|4384.0|-312.0|272.0|-1.0|0.0|0|32.0|8.0|1|1|-1
1|17797|0|QMET01|EV001527|12028|4392.0|-320.0|272.0|-0.7071067811865475|0.7071067811865475|0|11.313708498984761|8.0|1|1|-1
1|17799|2|ORUST06|EV001528|12029|4440.0|-336.0|33.0|-1.0|0.0|0|48.0|10.0|1|1|-1
1|17801|0|QMET01|EV001529|12030|4392.0|-336.0|272.0|0.0|1.0|0|16.0|8.0|1|1|-1
1|17815|0|QMET01|EV001530|12031|4440.0|-320.0|272.0|0.0|-1.0|0|16.0|8.0|1|1|-1
1|17817|0|QMET01|EV001531|12032|4448.0|-312.0|272.0|-0.7071067811865475|-0.7071067811865475|0|11.313708498984761|8.0|1|1|-1
1|17819|0|QMET01|EV001532|12033|4480.0|-312.0|272.0|-1.0|0.0|0|32.0|8.0|1|1|-1
1|17821|0|QMET01|EV001533|12034|4488.0|-320.0|272.0|-0.7071067811865475|0.7071067811865475|0|11.313708498984761|8.0|1|1|-1
1|17823|2|ORUST06|EV001534|12035|4512.0|-336.0|33.0|-1.0|0.0|0|24.0|10.0|1|1|-1
1|17825|0|QMET01|EV001535|12036|4488.0|-336.0|272.0|0.0|1.0|0|16.0|8.0|1|1|-1
0|1993|0|SFLOOR6|EV001536|12037|4320.0|-368.0|43.0|1|0|0|192.0|32.0|3|1|-1
1|17729|0|ORUST05|EV001537|12040|4512.0|-368.0|256.0|-1.0|0.0|0|192.0|24.0|3|1|-1
1|17729|2|ORUST05|EV001538|12043|4512.0|-368.0|43.0|-1.0|0.0|0|192.0|21.0|3|1|-1
1|17803|0|QMET01|EV001539|12046|4392.0|-352.0|272.0|0.0|1.0|0|16.0|8.0|1|1|-1
1|17805|0|QMET01|EV001540|12047|4384.0|-360.0|272.0|0.7071067811865475|0.7071067811865475|0|11.313708498984761|8.0|1|1|-1
1|17807|0|QMET01|EV001541|12048|4352.0|-360.0|272.0|1.0|0.0|0|32.0|8.0|1|1|-1
1|17809|0|QMET01|EV001542|12049|4344.0|-352.0|272.0|0.7071067811865475|-0.7071067811865475|0|11.313708498984761|8.0|1|1|-1
1|17811|0|QMET01|EV001543|12050|4344.0|-336.0|272.0|0.0|-1.0|0|16.0|8.0|1|1|-1
1|17827|0|QMET01|EV001544|12051|4488.0|-352.0|272.0|0.0|1.0|0|16.0|8.0|1|1|-1
1|17829|0|QMET01|EV001545|12052|4480.0|-360.0|272.0|0.7071067811865475|0.7071067811865475|0|11.313708498984761|8.0|1|1|-1
1|17831|0|QMET01|EV001546|12053|4448.0|-360.0|272.0|1.0|0.0|0|32.0|8.0|1|1|-1
1|17833|0|QMET01|EV001547|12054|4440.0|-352.0|272.0|0.7071067811865475|-0.7071067811865475|0|11.313708498984761|8.0|1|1|-1
1|17835|0|QMET01|EV001548|12055|4440.0|-336.0|272.0|0.0|-1.0|0|16.0|8.0|1|1|-1
0|1998|0|XA11TEX|EV001549|12056|4280.0|-160.0|0.0|1|0|0|104.0|112.0|2|2|-1
1|17853|0|QROCK3X8|EV001550|12060|4336.0|-72.0|224.0|-0.7071067811865475|-0.7071067811865475|0|22.627416997969522|32.0|1|1|-1
1|17855|0|QROCK3X8|EV001551|12061|4352.0|-80.0|224.0|-0.8944271909999159|0.4472135954999579|0|17.88854381999832|32.0|1|1|-1
1|17857|0|QROCK3X8|EV001552|12062|4368.0|-120.0|224.0|-0.3713906763541037|0.9284766908852594|0|43.08131845707603|32.0|1|1|-1
1|17859|0|QROCK3X8|EV001553|12063|4336.0|-136.0|224.0|0.8944271909999159|0.4472135954999579|0|35.77708763999664|32.0|1|1|-1
1|17861|0|QROCK3X8|EV001554|12064|4312.0|-144.0|224.0|0.9486832980505138|0.31622776601683794|0|25.298221281347036|32.0|1|1|-1
1|17863|0|QROCK3X8|EV001555|12065|4304.0|-128.0|224.0|0.4472135954999579|-0.8944271909999159|0|17.88854381999832|32.0|1|1|-1
1|17865|0|QROCK3X8|EV001556|12066|4320.0|-88.0|224.0|-0.3713906763541037|-0.9284766908852594|0|43.08131845707603|32.0|1|1|-1
0|1999|0|XA11TEX|EV001557|12067|4304.0|-144.0|0.0|1|0|0|64.0|72.0|1|2|-1
0|2000|0|XA11TEX|EV001558|12069|4176.0|272.0|0.0|1|0|0|144.0|80.0|3|2|-1
1|17879|0|QROCK3X8|EV001559|12075|4248.0|336.0|224.0|-0.9805806756909202|-0.19611613513818404|0|40.792156108742276|32.0|1|1|-1
1|17881|0|QROCK3X8|EV001560|12076|4272.0|320.0|224.0|-0.8320502943378437|0.5547001962252291|0|28.844410203711913|32.0|1|1|-1
1|17883|0|QROCK3X8|EV001561|12077|4256.0|304.0|224.0|0.7071067811865475|0.7071067811865475|0|22.627416997969522|32.0|1|1|-1
1|17885|0|QROCK3X8|EV001562|12078|4224.0|312.0|224.0|0.9701425001453319|-0.24253562503633297|0|32.984845004941285|32.0|1|1|-1
1|17887|0|QROCK3X8|EV001563|12079|4208.0|328.0|224.0|0.7071067811865475|-0.7071067811865475|0|22.627416997969522|32.0|1|1|-1
0|2001|0|XA11TEX|EV001564|12080|4208.0|304.0|0.0|1|0|0|64.0|32.0|1|1|-1
0|2002|0|XA11TEX|EV001565|12081|4552.0|-240.0|0.0|1|0|0|80.0|80.0|2|2|-1
1|17901|0|QROCK3X8|EV001566|12085|4608.0|-192.0|224.0|-0.9701425001453319|0.24253562503633297|0|32.984845004941285|32.0|1|1|-1
1|17903|0|QROCK3X8|EV001567|12086|4608.0|-208.0|224.0|0.0|1.0|0|16.0|32.0|1|1|-1
1|17905|0|QROCK3X8|EV001568|12087|4592.0|-216.0|224.0|0.8944271909999159|0.4472135954999579|0|17.88854381999832|32.0|1|1|-1
1|17907|0|QROCK3X8|EV001569|12088|4576.0|-184.0|224.0|0.4472135954999579|-0.8944271909999159|0|35.77708763999664|32.0|1|1|-1
0|2003|0|XA11TEX|EV001570|12089|4576.0|-216.0|0.0|1|0|0|32.0|32.0|1|1|-1
0|2133|0|QFLAT06|EV001571|12090|1600.0|736.0|-70.0|1|0|0|128.0|160.0|2|3|-1
1|4807|1|XA19TEX|EV001572|12096|1600.0|736.0|-70.0|0.0|1.0|0|96.0|126.0|2|2|-1
1|4809|0|OIDOOR2|EV001573|12100|1728.0|736.0|-70.0|-1.0|0.0|0|128.0|126.0|2|2|-1
1|5007|1|OBRL02|EV001574|12104|1608.0|832.0|-70.0|0.0|1.0|0|64.0|126.0|1|2|-1
1|5009|1|OBRL02|EV001575|12106|1720.0|896.0|-70.0|0.0|-1.0|0|64.0|126.0|1|2|-1
1|5010|1|XA19TEX|EV001576|12108|1720.0|832.0|-70.0|1.0|0.0|0|8.0|126.0|1|2|-1
1|5011|1|XA19TEX|EV001577|12110|1600.0|832.0|-70.0|1.0|0.0|0|8.0|126.0|1|2|-1
1|5013|1|XA19TEX|EV001578|12112|1728.0|832.0|-70.0|0.0|-1.0|0|96.0|126.0|2|2|-1
0|2514|0|XA11TEX|EV001579|12116|4176.0|384.0|0.0|1|0|0|160.0|8.0|3|1|-1
1|22565|1|QROCK3X8|EV001580|12119|4176.0|384.0|0.0|0.0|1.0|0|8.0|160.0|1|3|-1
1|22566|0|QROCK3X8|EV001581|12122|4176.0|392.0|0.0|1.0|0.0|0|160.0|160.0|3|3|-1
1|22569|1|QROCK3X8|EV001582|12131|4336.0|392.0|0.0|0.0|-1.0|0|8.0|160.0|1|3|-1
0|2515|0|XA11TEX|EV001583|12134|4176.0|392.0|0.0|1|0|0|160.0|8.0|3|1|-1
0|3671|0|METALF15|EV001584|12137|5120.0|3360.0|256.0|1|0|0|1136.0|544.0|12|9|-1
1|35575|1|ORUST05|EV001585|12245|6240.0|3360.0|256.0|-1.0|0.0|0|96.0|128.0|2|2|-1
1|35589|1|ORUST05|EV001586|12249|6240.0|3904.0|256.0|0.0|-1.0|0|32.0|128.0|1|2|-1
1|35661|2|QFLAT06|EV001587|12251|6080.0|3520.0|256.0|0.0|1.0|0|384.0|8.0|6|1|-1
1|35663|2|QFLAT06|EV001588|12257|5760.0|3520.0|256.0|1.0|0.0|0|320.0|8.0|5|1|-1
1|35667|2|QFLAT06|EV001589|12262|5760.0|3904.0|256.0|0.0|-1.0|0|384.0|8.0|6|1|-1
1|36211|1|ORUST05|EV001590|12268|6256.0|3520.0|256.0|-0.7071067811865475|-0.7071067811865475|0|22.627416997969522|128.0|1|2|-1
1|36285|1|ORUST05|EV001591|12270|6240.0|3664.0|256.0|0.7071067811865475|-0.7071067811865475|0|22.627416997969522|128.0|1|2|-1
1|36286|1|ORUST05|EV001592|12272|6240.0|3504.0|256.0|0.0|-1.0|0|48.0|128.0|1|2|-1
1|38240|0|ORUST05|EV001593|12274|6144.0|3360.0|360.0|-1.0|0.0|0|192.0|24.0|3|1|-1
1|38240|2|ORUST05|EV001594|12277|6144.0|3360.0|256.0|-1.0|0.0|0|192.0|24.0|3|1|-1
1|38250|1|ORUST05|EV001595|12280|5952.0|3360.0|256.0|-1.0|0.0|0|64.0|128.0|1|2|-1
1|38252|0|ORUST05|EV001596|12282|5760.0|3360.0|360.0|-1.0|0.0|0|192.0|24.0|3|1|-1
1|38252|2|ORUST05|EV001597|12285|5760.0|3360.0|256.0|-1.0|0.0|0|192.0|24.0|3|1|-1
1|38262|1|ORUST05|EV001598|12288|5568.0|3360.0|256.0|-1.0|0.0|0|64.0|128.0|1|2|-1
1|38264|0|ORUST05|EV001599|12290|5376.0|3360.0|360.0|-1.0|0.0|0|192.0|24.0|3|1|-1
1|38264|2|ORUST05|EV001600|12293|5376.0|3360.0|256.0|-1.0|0.0|0|192.0|24.0|3|1|-1
1|38274|1|ORUST05|EV001601|12296|5184.0|3360.0|256.0|-1.0|0.0|0|64.0|128.0|1|2|-1
1|40377|1|ORUST05|EV001602|12298|5824.0|3360.0|256.0|-1.0|0.0|0|64.0|128.0|1|2|-1
1|40381|1|ORUST05|EV001603|12300|5440.0|3360.0|256.0|-1.0|0.0|0|64.0|128.0|1|2|-1
1|40386|1|ORUST05|EV001604|12302|6240.0|3808.0|256.0|0.0|-1.0|0|48.0|128.0|1|2|-1
1|40389|1|ORUST05|EV001605|12304|6240.0|3696.0|256.0|0.0|-1.0|0|32.0|128.0|1|2|-1
1|40393|1|ORUST05|EV001606|12306|6240.0|3392.0|256.0|0.0|-1.0|0|32.0|128.0|1|2|-1
0|3676|0|METALF10|EV001607|12308|5136.0|3376.0|248.0|1|0|0|1104.0|512.0|12|8|-1
1|35668|0|QMET01|EV001608|12404|5136.0|3888.0|384.0|1.0|0.0|0|608.0|8.0|10|1|-1
1|35668|2|ADEL_G04|EV001609|12414|5136.0|3888.0|248.0|1.0|0.0|0|608.0|8.0|10|1|-1
1|35670|0|QMET01|EV001610|12424|5744.0|3888.0|384.0|0.0|-1.0|0|384.0|8.0|6|1|-1
1|35670|2|ADEL_G04|EV001611|12430|5744.0|3888.0|248.0|0.0|-1.0|0|384.0|8.0|6|1|-1
1|35672|0|QMET01|EV001612|12436|5744.0|3504.0|384.0|1.0|0.0|0|352.0|8.0|6|1|-1
1|35672|2|ADEL_G04|EV001613|12442|5744.0|3504.0|248.0|1.0|0.0|0|352.0|8.0|6|1|-1
1|35674|0|QMET01|EV001614|12448|6096.0|3504.0|384.0|0.0|1.0|0|384.0|8.0|6|1|-1
1|35674|2|ADEL_G04|EV001615|12454|6096.0|3504.0|248.0|0.0|1.0|0|384.0|8.0|6|1|-1
1|35676|0|QMET01|EV001616|12460|6096.0|3888.0|384.0|1.0|0.0|0|128.0|8.0|2|1|-1
1|35676|2|ADEL_G04|EV001617|12462|6096.0|3888.0|248.0|1.0|0.0|0|128.0|8.0|2|1|-1
1|35678|0|QMET01|EV001618|12464|6224.0|3888.0|384.0|0.0|-1.0|0|240.0|8.0|4|1|-1
1|35678|2|ADEL_G04|EV001619|12468|6224.0|3888.0|248.0|0.0|-1.0|0|240.0|8.0|4|1|-1
1|35680|0|QMET01|EV001620|12472|6224.0|3376.0|384.0|-1.0|0.0|0|1088.0|8.0|12|1|-1
1|35680|2|ADEL_G04|EV001621|12484|6224.0|3376.0|248.0|-1.0|0.0|0|1088.0|8.0|12|1|-1
1|35682|0|QMET01|EV001622|12496|5136.0|3376.0|384.0|0.0|1.0|0|512.0|8.0|8|1|-1
1|35682|2|ADEL_G04|EV001623|12504|5136.0|3376.0|248.0|0.0|1.0|0|512.0|8.0|8|1|-1
1|36287|0|QMET01|EV001624|12512|6224.0|3520.0|384.0|0.0|-1.0|0|144.0|8.0|3|1|-1
1|36287|2|ADEL_G04|EV001625|12515|6224.0|3520.0|248.0|0.0|-1.0|0|144.0|8.0|3|1|-1
1|36289|0|QMET01|EV001626|12518|6240.0|3536.0|384.0|-0.7071067811865475|-0.7071067811865475|0|22.627416997969522|8.0|1|1|-1
1|36289|2|ADEL_G04|EV001627|12519|6240.0|3536.0|248.0|-0.7071067811865475|-0.7071067811865475|0|22.627416997969522|8.0|1|1|-1
1|36291|0|QMET01|EV001628|12520|6224.0|3648.0|384.0|0.7071067811865475|-0.7071067811865475|0|22.627416997969522|8.0|1|1|-1
1|36291|2|ADEL_G04|EV001629|12521|6224.0|3648.0|248.0|0.7071067811865475|-0.7071067811865475|0|22.627416997969522|8.0|1|1|-1
1|36293|0|QMET01|EV001630|12522|6240.0|3632.0|384.0|0.0|-1.0|0|96.0|8.0|2|1|-1
1|36293|2|ADEL_G04|EV001631|12524|6240.0|3632.0|248.0|0.0|-1.0|0|96.0|8.0|2|1|-1
1|39658|2|IKCRATE3|EV001632|12526|5184.0|3840.0|248.0|0.0|-1.0|0|64.0|64.0|1|1|-1
1|39660|2|IKCRATE3|EV001633|12527|5248.0|3840.0|248.0|-1.0|0.0|0|64.0|64.0|1|1|-1
1|39662|2|IKCRATE3|EV001634|12528|5248.0|3776.0|248.0|0.0|1.0|0|64.0|64.0|1|1|-1
1|39664|2|IKCRATE3|EV001635|12529|5184.0|3776.0|248.0|1.0|0.0|0|64.0|64.0|1|1|-1
1|39666|2|IKCRATE3|EV001636|12530|5312.0|3712.0|248.0|0.0|-1.0|0|64.0|64.0|1|1|-1
1|39668|2|IKCRATE3|EV001637|12531|5376.0|3712.0|248.0|-1.0|0.0|0|64.0|64.0|1|1|-1
1|39670|2|IKCRATE3|EV001638|12532|5376.0|3648.0|248.0|0.0|1.0|0|64.0|64.0|1|1|-1
1|39672|2|IKCRATE3|EV001639|12533|5312.0|3648.0|248.0|1.0|0.0|0|64.0|64.0|1|1|-1
1|39674|2|IKCRATE2|EV001640|12534|5453.0|3731.0|248.0|-0.7071067811865475|0.7071067811865475|0|63.63961030678928|128.0|1|2|-1
1|39676|2|IKCRATE2|EV001641|12536|5408.0|3686.0|248.0|0.7071067811865475|0.7071067811865475|0|63.63961030678928|128.0|1|2|-1
1|39678|2|IKCRATE2|EV001642|12538|5363.0|3731.0|248.0|0.7071067811865475|-0.7071067811865475|0|63.63961030678928|128.0|1|2|-1
1|39680|2|IKCRATE2|EV001643|12540|5408.0|3776.0|248.0|-0.7071067811865475|-0.7071067811865475|0|63.63961030678928|128.0|1|2|-1
1|39682|2|IKCRATE2|EV001644|12542|5325.0|3603.0|248.0|-0.7071067811865475|0.7071067811865475|0|63.63961030678928|64.0|1|1|-1
1|39684|2|IKCRATE2|EV001645|12543|5280.0|3558.0|248.0|0.7071067811865475|0.7071067811865475|0|63.63961030678928|64.0|1|1|-1
1|39686|2|IKCRATE2|EV001646|12544|5235.0|3603.0|248.0|0.7071067811865475|-0.7071067811865475|0|63.63961030678928|64.0|1|1|-1
1|39688|2|IKCRATE2|EV001647|12545|5280.0|3648.0|248.0|-0.7071067811865475|-0.7071067811865475|0|63.63961030678928|64.0|1|1|-1
1|39690|2|IKCRATE2|EV001648|12546|5373.0|3437.0|248.0|-0.7071067811865475|0.7071067811865475|0|63.63961030678928|64.0|1|1|-1
1|39692|2|IKCRATE2|EV001649|12547|5328.0|3392.0|248.0|0.7071067811865475|0.7071067811865475|0|63.63961030678928|64.0|1|1|-1
1|39694|2|IKCRATE2|EV001650|12548|5283.0|3437.0|248.0|0.7071067811865475|-0.7071067811865475|0|63.63961030678928|64.0|1|1|-1
1|39696|2|IKCRATE2|EV001651|12549|5328.0|3482.0|248.0|-0.7071067811865475|-0.7071067811865475|0|63.63961030678928|64.0|1|1|-1
1|39698|2|IKCRATE3|EV001652|12550|5376.0|3520.0|248.0|0.0|-1.0|0|64.0|128.0|1|2|-1
1|39700|2|IKCRATE3|EV001653|12552|5440.0|3520.0|248.0|-1.0|0.0|0|64.0|128.0|1|2|-1
1|39702|2|IKCRATE3|EV001654|12554|5440.0|3456.0|248.0|0.0|1.0|0|64.0|128.0|1|2|-1
1|39704|2|IKCRATE3|EV001655|12556|5376.0|3456.0|248.0|1.0|0.0|0|64.0|128.0|1|2|-1
1|39706|2|IKCRATE6|EV001656|12558|5216.0|3744.0|248.0|0.0|-1.0|0|64.0|128.0|1|2|-1
1|39708|2|IKCRATE6|EV001657|12560|5280.0|3744.0|248.0|-1.0|0.0|0|64.0|128.0|1|2|-1
1|39710|2|IKCRATE6|EV001658|12562|5280.0|3680.0|248.0|0.0|1.0|0|64.0|128.0|1|2|-1
1|39712|2|IKCRATE6|EV001659|12564|5216.0|3680.0|248.0|1.0|0.0|0|64.0|128.0|1|2|-1
1|39722|2|IKCRATE3|EV001660|12566|5440.0|3840.0|248.0|0.0|-1.0|0|64.0|64.0|1|1|-1
1|39724|2|IKCRATE3|EV001661|12567|5504.0|3840.0|248.0|-1.0|0.0|0|64.0|64.0|1|1|-1
1|39726|2|IKCRATE3|EV001662|12568|5504.0|3776.0|248.0|0.0|1.0|0|64.0|64.0|1|1|-1
1|39728|2|IKCRATE3|EV001663|12569|5440.0|3776.0|248.0|1.0|0.0|0|64.0|64.0|1|1|-1
1|40010|0|QMET01|EV001664|12570|5560.0|3656.0|384.0|0.0|-1.0|0|64.0|8.0|1|1|-1
1|40012|0|QMET01|EV001665|12571|5640.0|3656.0|384.0|-1.0|0.0|0|80.0|8.0|2|1|-1
1|40014|0|QMET01|EV001666|12573|5640.0|3592.0|384.0|0.0|1.0|0|64.0|8.0|1|1|-1
1|40016|0|QMET01|EV001667|12574|5704.0|3592.0|384.0|-1.0|0.0|0|64.0|8.0|1|1|-1
1|40018|0|QMET01|EV001668|12575|5704.0|3512.0|384.0|0.0|1.0|0|80.0|8.0|2|1|-1
1|40020|0|QMET01|EV001669|12577|5640.0|3512.0|384.0|1.0|0.0|0|64.0|8.0|1|1|-1
1|40022|0|QMET01|EV001670|12578|5640.0|3448.0|384.0|0.0|1.0|0|64.0|8.0|1|1|-1
1|40024|0|QMET01|EV001671|12579|5560.0|3448.0|384.0|1.0|0.0|0|80.0|8.0|2|1|-1
1|40026|0|QMET01|EV001672|12581|5560.0|3512.0|384.0|0.0|-1.0|0|64.0|8.0|1|1|-1
1|40028|0|QMET01|EV001673|12582|5496.0|3512.0|384.0|1.0|0.0|0|64.0|8.0|1|1|-1
1|40030|0|QMET01|EV001674|12583|5496.0|3592.0|384.0|0.0|-1.0|0|80.0|8.0|2|1|-1
1|40032|0|QMET01|EV001675|12585|5560.0|3592.0|384.0|-1.0|0.0|0|64.0|8.0|1|1|-1
1|40190|0|OTECH2|EV001676|12586|5184.0|3520.0|384.0|0.0|-1.0|0|64.0|8.0|1|1|-1
1|40192|0|OTECH2|EV001677|12587|5248.0|3520.0|384.0|-1.0|0.0|0|64.0|8.0|1|1|-1
1|40194|0|OTECH2|EV001678|12588|5248.0|3456.0|384.0|0.0|1.0|0|64.0|8.0|1|1|-1
1|40196|0|OTECH2|EV001679|12589|5184.0|3456.0|384.0|1.0|0.0|0|64.0|8.0|1|1|-1
1|40198|0|ORUST05|EV001680|12590|5760.0|3456.0|384.0|0.0|-1.0|0|64.0|8.0|1|1|-1
1|40200|0|ORUST05|EV001681|12591|5824.0|3456.0|384.0|-1.0|0.0|0|64.0|8.0|1|1|-1
1|40202|0|ORUST05|EV001682|12592|5824.0|3392.0|384.0|0.0|1.0|0|64.0|8.0|1|1|-1
1|40204|0|ORUST05|EV001683|12593|5760.0|3392.0|384.0|1.0|0.0|0|64.0|8.0|1|1|-1
1|40206|0|ORUST05|EV001684|12594|6144.0|3584.0|384.0|0.0|-1.0|0|64.0|8.0|1|1|-1
1|40208|0|ORUST05|EV001685|12595|6208.0|3584.0|384.0|-1.0|0.0|0|64.0|8.0|1|1|-1
1|40210|0|ORUST05|EV001686|12596|6208.0|3520.0|384.0|0.0|1.0|0|64.0|8.0|1|1|-1
1|40212|0|ORUST05|EV001687|12597|6144.0|3520.0|384.0|1.0|0.0|0|64.0|8.0|1|1|-1
1|40642|0|QMET01|EV001688|12598|6072.0|3456.0|384.0|0.0|-1.0|0|64.0|8.0|1|1|-1
1|40644|0|QMET01|EV001689|12599|6080.0|3464.0|384.0|-0.7071067811865475|-0.7071067811865475|0|11.313708498984761|8.0|1|1|-1
1|40646|0|QMET01|EV001690|12600|6144.0|3464.0|384.0|-1.0|0.0|0|64.0|8.0|1|1|-1
1|40648|0|QMET01|EV001691|12601|6152.0|3456.0|384.0|-0.7071067811865475|0.7071067811865475|0|11.313708498984761|8.0|1|1|-1
1|40650|0|QMET01|EV001692|12602|6152.0|3392.0|384.0|0.0|1.0|0|64.0|8.0|1|1|-1
1|40652|0|QMET01|EV001693|12603|6144.0|3384.0|384.0|0.7071067811865475|0.7071067811865475|0|11.313708498984761|8.0|1|1|-1
1|40654|0|QMET01|EV001694|12604|6080.0|3384.0|384.0|1.0|0.0|0|64.0|8.0|1|1|-1
1|40656|0|QMET01|EV001695|12605|6072.0|3392.0|384.0|0.7071067811865475|-0.7071067811865475|0|11.313708498984761|8.0|1|1|-1
1|40666|0|QMET01|EV001696|12606|5304.0|3840.0|384.0|0.0|-1.0|0|64.0|8.0|1|1|-1
1|40668|0|QMET01|EV001697|12607|5312.0|3848.0|384.0|-0.7071067811865475|-0.7071067811865475|0|11.313708498984761|8.0|1|1|-1
1|40670|0|QMET01|EV001698|12608|5376.0|3848.0|384.0|-1.0|0.0|0|64.0|8.0|1|1|-1
1|40672|0|QMET01|EV001699|12609|5384.0|3840.0|384.0|-0.7071067811865475|0.7071067811865475|0|11.313708498984761|8.0|1|1|-1
1|40674|0|QMET01|EV001700|12610|5384.0|3776.0|384.0|0.0|1.0|0|64.0|8.0|1|1|-1
1|40676|0|QMET01|EV001701|12611|5376.0|3768.0|384.0|0.7071067811865475|0.7071067811865475|0|11.313708498984761|8.0|1|1|-1
1|40678|0|QMET01|EV001702|12612|5312.0|3768.0|384.0|1.0|0.0|0|64.0|8.0|1|1|-1
1|40680|0|QMET01|EV001703|12613|5304.0|3776.0|384.0|0.7071067811865475|-0.7071067811865475|0|11.313708498984761|8.0|1|1|-1
0|3747|0|QROCK3X8|EV001704|12614|6608.0|3496.0|240.0|1|0|0|32.0|8.0|1|1|-1
1|37909|0|IKWALL75|EV001705|12615|6640.0|3496.0|392.0|-1.0|0.0|0|32.0|32.0|1|1|-1
1|37909|2|QMET01|EV001706|12616|6640.0|3496.0|240.0|-1.0|0.0|0|32.0|8.0|1|1|-1
0|3752|0|METALF15|EV001707|12617|6256.0|3520.0|256.0|1|0|0|16.0|128.0|1|2|-1
1|36208|1|OBSUP1|EV001708|12619|6256.0|3648.0|256.0|1.0|0.0|0|16.0|128.0|1|2|-1
1|36209|0|OIDOOR2|EV001709|12621|6272.0|3648.0|256.0|0.0|-1.0|0|128.0|128.0|2|2|-1
1|36212|1|OBSUP1|EV001710|12625|6272.0|3520.0|256.0|-1.0|0.0|0|16.0|128.0|1|2|-1
0|3753|0|METALF15|EV001711|12627|6272.0|3520.0|256.0|1|0|0|16.0|128.0|1|2|-1
0|3754|0|CFLOOR3|EV001712|12629|6288.0|3520.0|256.0|1|0|0|16.0|128.0|1|2|-1
1|36214|0|OIDOOR2|EV001713|12631|6288.0|3520.0|256.0|0.0|1.0|0|128.0|128.0|2|2|-1
1|36217|1|OBSUP1|EV001714|12635|6288.0|3648.0|256.0|1.0|0.0|0|16.0|128.0|1|2|-1
1|36220|1|OBSUP1|EV001715|12637|6304.0|3520.0|256.0|-1.0|0.0|0|16.0|128.0|1|2|-1
0|3755|0|CFLOOR3|EV001716|12639|6708.0|4364.0|256.0|1|0|0|28.0|40.0|1|1|-1
1|37447|0|METALF18|EV001717|12640|6736.0|4400.0|344.0|-1.0|0.0|0|24.0|32.0|1|1|-1
1|37450|0|METALF18|EV001718|12641|6712.0|4400.0|344.0|0.0|-1.0|0|32.0|32.0|1|1|-1
1|37452|0|METALF18|EV001719|12642|6712.0|4368.0|344.0|1.0|0.0|0|24.0|32.0|1|1|-1
0|3756|0|METALF24|EV001720|12643|5424.0|3488.0|248.0|1|0|0|1280.0|2144.0|12|12|-1
1|36246|0|ADEL_G04|EV001721|12787|6336.0|3488.0|384.0|0.0|1.0|0|192.0|8.0|3|1|-1
1|36246|2|CFLOOR3|EV001722|12790|6336.0|3488.0|248.0|0.0|1.0|0|192.0|8.0|3|1|-1
1|36248|0|ADEL_G04|EV001723|12793|6704.0|3488.0|384.0|-1.0|0.0|0|368.0|8.0|6|1|-1
1|36248|2|CFLOOR3|EV001724|12799|6704.0|3488.0|248.0|-1.0|0.0|0|368.0|8.0|6|1|-1
1|36250|0|ADEL_G04|EV001725|12805|6704.0|4960.0|384.0|0.0|-1.0|0|1472.0|8.0|12|1|-1
1|36250|2|CFLOOR3|EV001726|12817|6704.0|4960.0|248.0|0.0|-1.0|0|1472.0|8.0|12|1|-1
1|36252|0|ADEL_G04|EV001727|12829|5616.0|4960.0|384.0|1.0|0.0|0|1088.0|8.0|12|1|-1
1|36252|2|CFLOOR3|EV001728|12841|5616.0|4960.0|248.0|1.0|0.0|0|1088.0|8.0|12|1|-1
1|36254|0|ADEL_G04|EV001729|12853|5616.0|5632.0|384.0|0.0|-1.0|0|672.0|8.0|11|1|-1
1|36254|2|CFLOOR3|EV001730|12864|5616.0|5632.0|248.0|0.0|-1.0|0|672.0|8.0|11|1|-1
1|36256|0|ADEL_G04|EV001731|12875|5424.0|5632.0|384.0|1.0|0.0|0|192.0|8.0|3|1|-1
1|36256|2|CFLOOR3|EV001732|12878|5424.0|5632.0|248.0|1.0|0.0|0|192.0|8.0|3|1|-1
1|36258|0|ADEL_G04|EV001733|12881|5424.0|4768.0|384.0|0.0|1.0|0|864.0|8.0|12|1|-1
1|36258|2|CFLOOR3|EV001734|12893|5424.0|4768.0|248.0|0.0|1.0|0|864.0|8.0|12|1|-1
1|36260|0|ADEL_G04|EV001735|12905|6512.0|4768.0|384.0|-1.0|0.0|0|1088.0|8.0|12|1|-1
1|36260|2|CFLOOR3|EV001736|12917|6512.0|4768.0|248.0|-1.0|0.0|0|1088.0|8.0|12|1|-1
1|36262|0|ADEL_G04|EV001737|12929|6512.0|3680.0|384.0|0.0|1.0|0|1088.0|8.0|12|1|-1
1|36262|2|CFLOOR3|EV001738|12941|6512.0|3680.0|248.0|0.0|1.0|0|1088.0|8.0|12|1|-1
1|36264|0|ADEL_G04|EV001739|12953|6336.0|3680.0|384.0|1.0|0.0|0|176.0|8.0|3|1|-1
1|36264|2|CFLOOR3|EV001740|12956|6336.0|3680.0|248.0|1.0|0.0|0|176.0|8.0|3|1|-1
0|3757|0|QROCK3X8|EV001741|12959|6568.0|3760.0|240.0|1|0|0|80.0|64.0|2|1|-1
1|36299|0|METALF18|EV001742|12961|6576.0|3784.0|440.0|0.7071067811865475|-0.7071067811865475|0|22.627416997969522|16.0|1|1|-1
1|36301|0|METALF18|EV001743|12962|6592.0|3768.0|440.0|1.0|0.0|0|32.0|16.0|1|1|-1
1|36303|0|METALF18|EV001744|12963|6624.0|3768.0|440.0|0.7071067811865475|0.7071067811865475|0|22.627416997969522|16.0|1|1|-1
1|36307|0|METALF18|EV001745|12964|6640.0|3784.0|440.0|1.0|0.0|0|8.0|16.0|1|1|-1
1|36311|0|METALF18|EV001746|12965|6576.0|3800.0|440.0|-1.0|0.0|0|8.0|16.0|1|1|-1
1|36315|0|METALF18|EV001747|12966|6640.0|3800.0|440.0|-0.7071067811865475|0.7071067811865475|0|22.627416997969522|16.0|1|1|-1
1|36317|0|METALF18|EV001748|12967|6624.0|3816.0|440.0|-1.0|0.0|0|32.0|16.0|1|1|-1
1|36319|0|METALF18|EV001749|12968|6592.0|3816.0|440.0|-0.7071067811865475|-0.7071067811865475|0|22.627416997969522|16.0|1|1|-1
1|36335|0|METALF18|EV001750|12969|6568.0|3784.0|440.0|1.0|0.0|0|8.0|16.0|1|1|-1
1|36345|0|METALF18|EV001751|12970|6648.0|3800.0|440.0|-1.0|0.0|0|8.0|16.0|1|1|-1
0|3758|0|QROCK3X8|EV001752|12971|6592.0|3776.0|240.0|1|0|0|32.0|32.0|1|1|-1
1|36323|0|METALF18|EV001753|12972|6592.0|3776.0|440.0|0.0|1.0|0|32.0|8.0|1|1|-1
1|36325|0|METALF18|EV001754|12973|6592.0|3808.0|440.0|1.0|0.0|0|32.0|8.0|1|1|-1
1|36327|0|METALF18|EV001755|12974|6624.0|3808.0|440.0|0.0|-1.0|0|32.0|8.0|1|1|-1
1|36329|0|METALF18|EV001756|12975|6624.0|3776.0|440.0|-1.0|0.0|0|32.0|8.0|1|1|-1
0|3759|0|QROCK3X8|EV001757|12976|6576.0|3768.0|240.0|1|0|0|64.0|48.0|1|1|-1
0|3760|0|QROCK3X8|EV001758|12977|6344.0|3496.0|240.0|1|0|0|352.0|288.0|6|5|-1
1|36184|0|IKWALL75|EV001759|13007|6608.0|3496.0|392.0|-1.0|0.0|0|120.0|64.0|2|1|-1
1|36184|2|QMET01|EV001760|13009|6608.0|3496.0|240.0|-1.0|0.0|0|120.0|8.0|2|1|-1
1|36265|0|IKWALL75|EV001761|13011|6344.0|3496.0|392.0|0.0|1.0|0|24.0|64.0|1|1|-1
1|36265|2|QMET01|EV001762|13012|6344.0|3496.0|240.0|0.0|1.0|0|24.0|8.0|1|1|-1
1|36267|0|IKWALL75|EV001763|13013|6344.0|3672.0|392.0|1.0|0.0|0|48.0|64.0|1|1|-1
1|36267|2|QMET01|EV001764|13014|6344.0|3672.0|240.0|1.0|0.0|0|48.0|8.0|1|1|-1
1|36269|0|IKWALL75|EV001765|13015|6520.0|3672.0|392.0|0.0|1.0|0|40.0|64.0|1|1|-1
1|36269|2|QMET01|EV001766|13016|6520.0|3672.0|240.0|0.0|1.0|0|40.0|8.0|1|1|-1
1|36279|0|IKWALL75|EV001767|13017|6696.0|3496.0|392.0|-1.0|0.0|0|56.0|64.0|1|1|-1
1|36279|2|QMET01|EV001768|13018|6696.0|3496.0|240.0|-1.0|0.0|0|56.0|8.0|1|1|-1
1|36297|0|METALF18|EV001769|13019|6520.0|3784.0|440.0|1.0|0.0|0|48.0|16.0|1|1|-1
1|36305|0|IKWALL75|EV001770|13020|6696.0|3784.0|392.0|0.0|-1.0|0|72.0|64.0|2|1|-1
1|36305|2|QMET01|EV001771|13022|6696.0|3784.0|240.0|0.0|-1.0|0|72.0|8.0|2|1|-1
1|36341|0|METALF18|EV001772|13024|6648.0|3784.0|440.0|1.0|0.0|0|48.0|16.0|1|1|-1
1|36937|0|METALF18|EV001773|13025|6472.0|3672.0|440.0|0.0|-1.0|0|48.0|16.0|1|1|-1
1|36951|0|METALF18|EV001774|13026|6488.0|3496.0|440.0|0.0|1.0|0|48.0|16.0|1|1|-1
1|36977|0|METALF18|EV001775|13027|6472.0|3544.0|440.0|0.0|-1.0|0|48.0|16.0|1|1|-1
1|36989|0|METALF18|EV001776|13028|6488.0|3624.0|440.0|0.0|1.0|0|48.0|16.0|1|1|-1
1|37011|0|IKWALL75|EV001777|13029|6472.0|3496.0|392.0|-1.0|0.0|0|32.0|64.0|1|1|-1
1|37011|2|QMET01|EV001778|13030|6472.0|3496.0|240.0|-1.0|0.0|0|32.0|8.0|1|1|-1
1|37013|0|IKWALL75|EV001779|13031|6488.0|3672.0|392.0|1.0|0.0|0|32.0|64.0|1|1|-1
1|37013|2|QMET01|EV001780|13032|6488.0|3672.0|240.0|1.0|0.0|0|32.0|8.0|1|1|-1
1|37545|0|IKWALL75|EV001781|13033|6520.0|3744.0|392.0|0.0|1.0|0|40.0|64.0|1|1|-1
1|37545|2|QMET01|EV001782|13034|6520.0|3744.0|240.0|0.0|1.0|0|40.0|8.0|1|1|-1
1|37693|0|IKWALL75|EV001783|13035|6424.0|3672.0|392.0|1.0|0.0|0|48.0|64.0|1|1|-1
1|37693|2|QMET01|EV001784|13036|6424.0|3672.0|240.0|1.0|0.0|0|48.0|8.0|1|1|-1
1|37703|0|IKWALL75|EV001785|13037|6344.0|3552.0|392.0|0.0|1.0|0|120.0|64.0|2|1|-1
1|37703|2|QMET01|EV001786|13039|6344.0|3552.0|240.0|0.0|1.0|0|120.0|8.0|2|1|-1
1|37713|0|IKWALL75|EV001787|13041|6696.0|3552.0|392.0|0.0|-1.0|0|56.0|64.0|1|1|-1
1|37713|2|QMET01|EV001788|13042|6696.0|3552.0|240.0|0.0|-1.0|0|56.0|8.0|1|1|-1
1|37723|0|IKWALL75|EV001789|13043|6696.0|3680.0|392.0|0.0|-1.0|0|96.0|64.0|2|1|-1
1|37723|2|QMET01|EV001790|13045|6696.0|3680.0|240.0|0.0|-1.0|0|96.0|8.0|2|1|-1
1|37903|0|IKWALL75|EV001791|13047|6408.0|3496.0|392.0|-1.0|0.0|0|64.0|64.0|1|1|-1
1|37903|2|QMET01|EV001792|13048|6408.0|3496.0|240.0|-1.0|0.0|0|64.0|8.0|1|1|-1
0|3761|0|QROCK3X8|EV001793|13049|6640.0|3784.0|240.0|1|0|0|8.0|16.0|1|1|-1
0|3762|0|QROCK3X8|EV001794|13050|5432.0|3800.0|240.0|1|0|0|1264.0|1824.0|12|12|-1
1|36271|0|IKWALL75|EV001795|13194|6520.0|4776.0|392.0|-1.0|0.0|0|8.0|64.0|1|1|-1
1|36271|2|QMET01|EV001796|13195|6520.0|4776.0|240.0|-1.0|0.0|0|8.0|8.0|1|1|-1
1|36273|0|IKWALL75|EV001797|13196|5432.0|4776.0|392.0|0.0|1.0|0|80.0|64.0|2|1|-1
1|36273|2|QMET01|EV001798|13198|5432.0|4776.0|240.0|0.0|1.0|0|80.0|8.0|2|1|-1
1|36275|0|IKWALL75|EV001799|13200|5432.0|5624.0|392.0|1.0|0.0|0|48.0|64.0|1|1|-1
1|36275|2|QMET01|EV001800|13201|5432.0|5624.0|240.0|1.0|0.0|0|48.0|8.0|1|1|-1
1|36277|0|IKWALL75|EV001801|13202|5608.0|5624.0|392.0|0.0|-1.0|0|96.0|64.0|2|1|-1
1|36277|2|QMET01|EV001802|13204|5608.0|5624.0|240.0|0.0|-1.0|0|96.0|8.0|2|1|-1
1|36281|0|IKWALL75|EV001803|13206|5608.0|4952.0|392.0|1.0|0.0|0|24.0|64.0|1|1|-1
1|36281|2|QMET01|EV001804|13207|5608.0|4952.0|240.0|1.0|0.0|0|24.0|8.0|1|1|-1
1|36283|0|IKWALL75|EV001805|13208|6696.0|4952.0|392.0|0.0|-1.0|0|64.0|64.0|1|1|-1
1|36283|2|QMET01|EV001806|13209|6696.0|4952.0|240.0|0.0|-1.0|0|64.0|8.0|1|1|-1
1|36313|0|METALF18|EV001807|13210|6696.0|3800.0|440.0|-1.0|0.0|0|48.0|16.0|1|1|-1
1|36321|0|IKWALL75|EV001808|13211|6520.0|3800.0|392.0|0.0|1.0|0|104.0|64.0|2|1|-1
1|36321|2|QMET01|EV001809|13213|6520.0|3800.0|240.0|0.0|1.0|0|104.0|8.0|2|1|-1
1|36353|0|METALF18|EV001810|13215|6568.0|3800.0|440.0|-1.0|0.0|0|48.0|16.0|1|1|-1
1|36377|0|METALF18|EV001811|13216|6520.0|4168.0|440.0|1.0|0.0|0|48.0|16.0|1|1|-1
1|36391|0|METALF18|EV001812|13217|6696.0|4184.0|440.0|-1.0|0.0|0|48.0|16.0|1|1|-1
1|36417|0|METALF18|EV001813|13218|6648.0|4168.0|440.0|1.0|0.0|0|48.0|16.0|1|1|-1
1|36429|0|METALF18|EV001814|13219|6568.0|4184.0|440.0|-1.0|0.0|0|48.0|16.0|1|1|-1
1|36451|0|IKWALL75|EV001815|13220|6696.0|4168.0|392.0|0.0|-1.0|0|152.0|64.0|3|1|-1
1|36451|2|QMET01|EV001816|13223|6696.0|4168.0|240.0|0.0|-1.0|0|152.0|8.0|3|1|-1
1|36453|0|IKWALL75|EV001817|13226|6520.0|4184.0|392.0|0.0|1.0|0|104.0|64.0|2|1|-1
1|36453|2|QMET01|EV001818|13228|6520.0|4184.0|240.0|0.0|1.0|0|104.0|8.0|2|1|-1
1|36457|0|METALF18|EV001819|13230|6520.0|4552.0|440.0|1.0|0.0|0|48.0|16.0|1|1|-1
1|36471|0|METALF18|EV001820|13231|6696.0|4568.0|440.0|-1.0|0.0|0|48.0|16.0|1|1|-1
1|36497|0|METALF18|EV001821|13232|6648.0|4552.0|440.0|1.0|0.0|0|48.0|16.0|1|1|-1
1|36509|0|METALF18|EV001822|13233|6568.0|4568.0|440.0|-1.0|0.0|0|48.0|16.0|1|1|-1
1|36531|0|IKWALL75|EV001823|13234|6696.0|4552.0|392.0|0.0|-1.0|0|120.0|64.0|2|1|-1
1|36531|2|QMET01|EV001824|13236|6696.0|4552.0|240.0|0.0|-1.0|0|120.0|8.0|2|1|-1
1|36533|0|IKWALL75|EV001825|13238|6520.0|4568.0|392.0|0.0|1.0|0|40.0|64.0|1|1|-1
1|36533|2|QMET01|EV001826|13239|6520.0|4568.0|240.0|0.0|1.0|0|40.0|8.0|1|1|-1
1|36537|0|METALF18|EV001827|13240|5432.0|5000.0|440.0|1.0|0.0|0|48.0|16.0|1|1|-1
1|36551|0|METALF18|EV001828|13241|5608.0|5016.0|440.0|-1.0|0.0|0|48.0|16.0|1|1|-1
1|36577|0|METALF18|EV001829|13242|5560.0|5000.0|440.0|1.0|0.0|0|48.0|16.0|1|1|-1
1|36589|0|METALF18|EV001830|13243|5480.0|5016.0|440.0|-1.0|0.0|0|48.0|16.0|1|1|-1
1|36611|0|IKWALL75|EV001831|13244|5608.0|5000.0|392.0|0.0|-1.0|0|48.0|64.0|1|1|-1
1|36611|2|QMET01|EV001832|13245|5608.0|5000.0|240.0|0.0|-1.0|0|48.0|8.0|1|1|-1
1|36613|0|IKWALL75|EV001833|13246|5432.0|5016.0|392.0|0.0|1.0|0|88.0|64.0|2|1|-1
1|36613|2|QMET01|EV001834|13248|5432.0|5016.0|240.0|0.0|1.0|0|88.0|8.0|2|1|-1
1|36617|0|METALF18|EV001835|13250|5432.0|5384.0|440.0|1.0|0.0|0|48.0|16.0|1|1|-1
1|36631|0|METALF18|EV001836|13251|5608.0|5400.0|440.0|-1.0|0.0|0|48.0|16.0|1|1|-1
1|36657|0|METALF18|EV001837|13252|5560.0|5384.0|440.0|1.0|0.0|0|48.0|16.0|1|1|-1
1|36669|0|METALF18|EV001838|13253|5480.0|5400.0|440.0|-1.0|0.0|0|48.0|16.0|1|1|-1
1|36691|0|IKWALL75|EV001839|13254|5608.0|5384.0|392.0|0.0|-1.0|0|48.0|64.0|1|1|-1
1|36691|2|QMET01|EV001840|13255|5608.0|5384.0|240.0|0.0|-1.0|0|48.0|8.0|1|1|-1
1|36693|0|IKWALL75|EV001841|13256|5432.0|5400.0|392.0|0.0|1.0|0|136.0|64.0|3|1|-1
1|36693|2|QMET01|EV001842|13259|5432.0|5400.0|240.0|0.0|1.0|0|136.0|8.0|3|1|-1
1|36697|0|METALF18|EV001843|13262|5704.0|4952.0|440.0|0.0|-1.0|0|48.0|16.0|1|1|-1
1|36711|0|METALF18|EV001844|13263|5720.0|4776.0|440.0|0.0|1.0|0|48.0|16.0|1|1|-1
1|36737|0|METALF18|EV001845|13264|5704.0|4824.0|440.0|0.0|-1.0|0|48.0|16.0|1|1|-1
1|36749|0|METALF18|EV001846|13265|5720.0|4904.0|440.0|0.0|1.0|0|48.0|16.0|1|1|-1
1|36773|0|METALF18|EV001847|13266|6056.0|4952.0|440.0|0.0|-1.0|0|48.0|16.0|1|1|-1
1|36787|0|METALF18|EV001848|13267|6072.0|4776.0|440.0|0.0|1.0|0|48.0|16.0|1|1|-1
1|36813|0|METALF18|EV001849|13268|6056.0|4824.0|440.0|0.0|-1.0|0|48.0|16.0|1|1|-1
1|36825|0|METALF18|EV001850|13269|6072.0|4904.0|440.0|0.0|1.0|0|48.0|16.0|1|1|-1
1|36847|0|IKWALL75|EV001851|13270|6056.0|4776.0|392.0|-1.0|0.0|0|112.0|64.0|2|1|-1
1|36847|2|QMET01|EV001852|13272|6056.0|4776.0|240.0|-1.0|0.0|0|112.0|8.0|2|1|-1
1|36849|0|IKWALL75|EV001853|13274|6072.0|4952.0|392.0|1.0|0.0|0|48.0|64.0|1|1|-1
1|36849|2|QMET01|EV001854|13275|6072.0|4952.0|240.0|1.0|0.0|0|48.0|8.0|1|1|-1
1|36851|0|IKWALL75|EV001855|13276|5704.0|4776.0|392.0|-1.0|0.0|0|136.0|64.0|3|1|-1
1|36851|2|QMET01|EV001856|13279|5704.0|4776.0|240.0|-1.0|0.0|0|136.0|8.0|3|1|-1
1|36853|0|IKWALL75|EV001857|13282|5720.0|4952.0|392.0|1.0|0.0|0|56.0|64.0|1|1|-1
1|36853|2|QMET01|EV001858|13283|5720.0|4952.0|240.0|1.0|0.0|0|56.0|8.0|1|1|-1
1|36857|0|METALF18|EV001859|13284|6440.0|4952.0|440.0|0.0|-1.0|0|48.0|16.0|1|1|-1
1|36871|0|METALF18|EV001860|13285|6456.0|4776.0|440.0|0.0|1.0|0|48.0|16.0|1|1|-1
1|36897|0|METALF18|EV001861|13286|6440.0|4824.0|440.0|0.0|-1.0|0|48.0|16.0|1|1|-1
1|36909|0|METALF18|EV001862|13287|6456.0|4904.0|440.0|0.0|1.0|0|48.0|16.0|1|1|-1
1|36931|0|IKWALL75|EV001863|13288|6440.0|4776.0|392.0|-1.0|0.0|0|176.0|64.0|3|1|-1
1|36931|2|QMET01|EV001864|13291|6440.0|4776.0|240.0|-1.0|0.0|0|176.0|8.0|3|1|-1
1|36933|0|IKWALL75|EV001865|13294|6456.0|4952.0|392.0|1.0|0.0|0|168.0|64.0|3|1|-1
1|36933|2|QMET01|EV001866|13297|6456.0|4952.0|240.0|1.0|0.0|0|168.0|8.0|3|1|-1
1|37563|0|IKWALL75|EV001867|13300|6520.0|3936.0|392.0|0.0|1.0|0|160.0|64.0|3|1|-1
1|37563|2|QMET01|EV001868|13303|6520.0|3936.0|240.0|0.0|1.0|0|160.0|8.0|3|1|-1
1|37573|0|IKWALL75|EV001869|13306|6520.0|4128.0|392.0|0.0|1.0|0|40.0|64.0|1|1|-1
1|37573|2|QMET01|EV001870|13307|6520.0|4128.0|240.0|0.0|1.0|0|40.0|8.0|1|1|-1
1|37583|0|IKWALL75|EV001871|13308|6520.0|4320.0|392.0|0.0|1.0|0|160.0|64.0|3|1|-1
1|37583|2|QMET01|EV001872|13311|6520.0|4320.0|240.0|0.0|1.0|0|160.0|8.0|3|1|-1
1|37593|0|IKWALL75|EV001873|13314|6520.0|4512.0|392.0|0.0|1.0|0|40.0|64.0|1|1|-1
1|37593|2|QMET01|EV001874|13315|6520.0|4512.0|240.0|0.0|1.0|0|40.0|8.0|1|1|-1
1|37603|0|IKWALL75|EV001875|13316|6520.0|4640.0|392.0|0.0|1.0|0|96.0|64.0|2|1|-1
1|37603|2|QMET01|EV001876|13318|6520.0|4640.0|240.0|0.0|1.0|0|96.0|8.0|2|1|-1
1|37613|0|IKWALL75|EV001877|13320|6520.0|4768.0|392.0|0.0|1.0|0|8.0|64.0|1|1|-1
1|37613|2|QMET01|EV001878|13321|6520.0|4768.0|240.0|0.0|1.0|0|8.0|8.0|1|1|-1
1|37623|0|IKWALL75|EV001879|13322|6656.0|4952.0|392.0|1.0|0.0|0|40.0|64.0|1|1|-1
1|37623|2|QMET01|EV001880|13323|6656.0|4952.0|240.0|1.0|0.0|0|40.0|8.0|1|1|-1
1|37633|0|IKWALL75|EV001881|13324|6376.0|4952.0|392.0|1.0|0.0|0|64.0|64.0|1|1|-1
1|37633|2|QMET01|EV001882|13325|6376.0|4952.0|240.0|1.0|0.0|0|64.0|8.0|1|1|-1
1|37643|0|IKWALL75|EV001883|13326|6152.0|4952.0|392.0|1.0|0.0|0|192.0|64.0|3|1|-1
1|37643|2|QMET01|EV001884|13329|6152.0|4952.0|240.0|1.0|0.0|0|192.0|8.0|3|1|-1
1|37653|0|IKWALL75|EV001885|13332|6008.0|4952.0|392.0|1.0|0.0|0|48.0|64.0|1|1|-1
1|37653|2|QMET01|EV001886|13333|6008.0|4952.0|240.0|1.0|0.0|0|48.0|8.0|1|1|-1
1|37663|0|IKWALL75|EV001887|13334|5808.0|4952.0|392.0|1.0|0.0|0|168.0|64.0|3|1|-1
1|37663|2|QMET01|EV001888|13337|5808.0|4952.0|240.0|1.0|0.0|0|168.0|8.0|3|1|-1
1|37673|0|IKWALL75|EV001889|13340|5664.0|4952.0|392.0|1.0|0.0|0|40.0|64.0|1|1|-1
1|37673|2|QMET01|EV001890|13341|5664.0|4952.0|240.0|1.0|0.0|0|40.0|8.0|1|1|-1
1|37683|0|IKWALL75|EV001891|13342|5512.0|5624.0|392.0|1.0|0.0|0|96.0|64.0|2|1|-1
1|37683|2|QMET01|EV001892|13344|5512.0|5624.0|240.0|1.0|0.0|0|96.0|8.0|2|1|-1
1|37733|0|IKWALL75|EV001893|13346|6696.0|3984.0|392.0|0.0|-1.0|0|184.0|64.0|3|1|-1
1|37733|2|QMET01|EV001894|13349|6696.0|3984.0|240.0|0.0|-1.0|0|184.0|8.0|3|1|-1
1|37743|0|IKWALL75|EV001895|13352|6696.0|4208.0|392.0|0.0|-1.0|0|24.0|64.0|1|1|-1
1|37743|2|QMET01|EV001896|13353|6696.0|4208.0|240.0|0.0|-1.0|0|24.0|8.0|1|1|-1
1|37753|0|IKWALL75|EV001897|13354|6696.0|4400.0|392.0|0.0|-1.0|0|160.0|64.0|3|1|-1
1|37753|2|QMET01|EV001898|13357|6696.0|4400.0|240.0|0.0|-1.0|0|160.0|8.0|3|1|-1
1|37763|0|IKWALL75|EV001899|13360|6696.0|4712.0|392.0|0.0|-1.0|0|144.0|64.0|3|1|-1
1|37763|2|QMET01|EV001900|13363|6696.0|4712.0|240.0|0.0|-1.0|0|144.0|8.0|3|1|-1
1|37773|0|IKWALL75|EV001901|13366|6696.0|4856.0|392.0|0.0|-1.0|0|112.0|64.0|2|1|-1
1|37773|2|QMET01|EV001902|13368|6696.0|4856.0|240.0|0.0|-1.0|0|112.0|8.0|2|1|-1
1|37783|0|IKWALL75|EV001903|13370|5608.0|5496.0|392.0|0.0|-1.0|0|96.0|64.0|2|1|-1
1|37783|2|QMET01|EV001904|13372|5608.0|5496.0|240.0|0.0|-1.0|0|96.0|8.0|2|1|-1
1|37793|0|IKWALL75|EV001905|13374|5608.0|5304.0|392.0|0.0|-1.0|0|200.0|64.0|4|1|-1
1|37793|2|QMET01|EV001906|13378|5608.0|5304.0|240.0|0.0|-1.0|0|200.0|8.0|4|1|-1
1|37803|0|IKWALL75|EV001907|13382|5608.0|5072.0|392.0|0.0|-1.0|0|56.0|64.0|1|1|-1
1|37803|2|QMET01|EV001908|13383|5608.0|5072.0|240.0|0.0|-1.0|0|56.0|8.0|1|1|-1
1|37813|0|IKWALL75|EV001909|13384|5432.0|4888.0|392.0|0.0|1.0|0|112.0|64.0|2|1|-1
1|37813|2|QMET01|EV001910|13386|5432.0|4888.0|240.0|0.0|1.0|0|112.0|8.0|2|1|-1
1|37823|0|IKWALL75|EV001911|13388|5432.0|5136.0|392.0|0.0|1.0|0|168.0|64.0|3|1|-1
1|37823|2|QMET01|EV001912|13391|5432.0|5136.0|240.0|0.0|1.0|0|168.0|8.0|3|1|-1
1|37833|0|IKWALL75|EV001913|13394|5432.0|5336.0|392.0|0.0|1.0|0|48.0|64.0|1|1|-1
1|37833|2|QMET01|EV001914|13395|5432.0|5336.0|240.0|0.0|1.0|0|48.0|8.0|1|1|-1
1|37843|0|IKWALL75|EV001915|13396|5432.0|5568.0|392.0|0.0|1.0|0|56.0|64.0|1|1|-1
1|37843|2|QMET01|EV001916|13397|5432.0|5568.0|240.0|0.0|1.0|0|56.0|8.0|1|1|-1
1|37853|0|IKWALL75|EV001917|13398|5536.0|4776.0|392.0|-1.0|0.0|0|104.0|64.0|2|1|-1
1|37853|2|QMET01|EV001918|13400|5536.0|4776.0|240.0|-1.0|0.0|0|104.0|8.0|2|1|-1
1|37863|0|IKWALL75|EV001919|13402|5856.0|4776.0|392.0|-1.0|0.0|0|136.0|64.0|3|1|-1
1|37863|2|QMET01|EV001920|13405|5856.0|4776.0|240.0|-1.0|0.0|0|136.0|8.0|3|1|-1
1|37873|0|IKWALL75|EV001921|13408|5912.0|4776.0|392.0|-1.0|0.0|0|24.0|64.0|1|1|-1
1|37873|2|QMET01|EV001922|13409|5912.0|4776.0|240.0|-1.0|0.0|0|24.0|8.0|1|1|-1
1|37883|0|IKWALL75|EV001923|13410|6232.0|4776.0|392.0|-1.0|0.0|0|160.0|64.0|3|1|-1
1|37883|2|QMET01|EV001924|13413|6232.0|4776.0|240.0|-1.0|0.0|0|160.0|8.0|3|1|-1
1|37893|0|IKWALL75|EV001925|13416|6480.0|4776.0|392.0|-1.0|0.0|0|24.0|64.0|1|1|-1
1|37893|2|QMET01|EV001926|13417|6480.0|4776.0|240.0|-1.0|0.0|0|24.0|8.0|1|1|-1
0|3763|0|QROCK3X8|EV001927|13418|6568.0|3784.0|240.0|1|0|0|8.0|16.0|1|1|-1
0|3764|0|QROCK3X8|EV001928|13419|6520.0|3784.0|240.0|1|0|0|48.0|16.0|1|1|-1
1|36295|0|IKWALL75|EV001929|13420|6520.0|3784.0|392.0|0.0|1.0|0|16.0|48.0|1|1|-1
1|36295|2|QMET01|EV001930|13421|6520.0|3784.0|240.0|0.0|1.0|0|16.0|8.0|1|1|-1
0|3765|0|QROCK3X8|EV001931|13422|6648.0|3784.0|240.0|1|0|0|48.0|16.0|1|1|-1
1|36309|0|IKWALL75|EV001932|13423|6696.0|3800.0|392.0|0.0|-1.0|0|16.0|48.0|1|1|-1
1|36309|2|QMET01|EV001933|13424|6696.0|3800.0|240.0|0.0|-1.0|0|16.0|8.0|1|1|-1
0|3766|0|QROCK3X8|EV001934|13425|6600.0|3784.0|240.0|1|0|0|16.0|16.0|1|1|-1
0|3767|0|QROCK3X8|EV001935|13426|6520.0|4168.0|240.0|1|0|0|48.0|16.0|1|1|-1
1|36375|0|IKWALL75|EV001936|13427|6520.0|4168.0|392.0|0.0|1.0|0|16.0|48.0|1|1|-1
1|36375|2|QMET01|EV001937|13428|6520.0|4168.0|240.0|0.0|1.0|0|16.0|8.0|1|1|-1
0|3768|0|QROCK3X8|EV001938|13429|6600.0|4168.0|240.0|1|0|0|16.0|16.0|1|1|-1
0|3769|0|QROCK3X8|EV001939|13430|6592.0|4160.0|240.0|1|0|0|32.0|32.0|1|1|-1
1|36399|0|METALF18|EV001940|13431|6592.0|4160.0|440.0|0.0|1.0|0|32.0|8.0|1|1|-1
1|36401|0|METALF18|EV001941|13432|6592.0|4192.0|440.0|1.0|0.0|0|32.0|8.0|1|1|-1
1|36403|0|METALF18|EV001942|13433|6624.0|4192.0|440.0|0.0|-1.0|0|32.0|8.0|1|1|-1
1|36405|0|METALF18|EV001943|13434|6624.0|4160.0|440.0|-1.0|0.0|0|32.0|8.0|1|1|-1
0|3770|0|QROCK3X8|EV001944|13435|6568.0|4144.0|240.0|1|0|0|80.0|64.0|2|1|-1
1|36379|0|METALF18|EV001945|13437|6576.0|4168.0|440.0|0.7071067811865475|-0.7071067811865475|0|22.627416997969522|16.0|1|1|-1
1|36381|0|METALF18|EV001946|13438|6592.0|4152.0|440.0|1.0|0.0|0|32.0|16.0|1|1|-1
1|36383|0|METALF18|EV001947|13439|6624.0|4152.0|440.0|0.7071067811865475|0.7071067811865475|0|22.627416997969522|16.0|1|1|-1
1|36385|0|METALF18|EV001948|13440|6640.0|4168.0|440.0|1.0|0.0|0|8.0|16.0|1|1|-1
1|36389|0|METALF18|EV001949|13441|6576.0|4184.0|440.0|-1.0|0.0|0|8.0|16.0|1|1|-1
1|36393|0|METALF18|EV001950|13442|6640.0|4184.0|440.0|-0.7071067811865475|0.7071067811865475|0|22.627416997969522|16.0|1|1|-1
1|36395|0|METALF18|EV001951|13443|6624.0|4200.0|440.0|-1.0|0.0|0|32.0|16.0|1|1|-1
1|36397|0|METALF18|EV001952|13444|6592.0|4200.0|440.0|-0.7071067811865475|-0.7071067811865475|0|22.627416997969522|16.0|1|1|-1
1|36411|0|METALF18|EV001953|13445|6568.0|4168.0|440.0|1.0|0.0|0|8.0|16.0|1|1|-1
1|36421|0|METALF18|EV001954|13446|6648.0|4184.0|440.0|-1.0|0.0|0|8.0|16.0|1|1|-1
0|3771|0|QROCK3X8|EV001955|13447|6576.0|4152.0|240.0|1|0|0|64.0|48.0|1|1|-1
0|3772|0|QROCK3X8|EV001956|13448|6640.0|4168.0|240.0|1|0|0|8.0|16.0|1|1|-1
0|3773|0|QROCK3X8|EV001957|13449|6648.0|4168.0|240.0|1|0|0|48.0|16.0|1|1|-1
1|36387|0|IKWALL75|EV001958|13450|6696.0|4184.0|392.0|0.0|-1.0|0|16.0|48.0|1|1|-1
1|36387|2|QMET01|EV001959|13451|6696.0|4184.0|240.0|0.0|-1.0|0|16.0|8.0|1|1|-1
0|3774|0|QROCK3X8|EV001960|13452|6568.0|4168.0|240.0|1|0|0|8.0|16.0|1|1|-1
0|3775|0|QROCK3X8|EV001961|13453|6520.0|4552.0|240.0|1|0|0|48.0|16.0|1|1|-1
1|36455|0|IKWALL75|EV001962|13454|6520.0|4552.0|392.0|0.0|1.0|0|16.0|48.0|1|1|-1
1|36455|2|QMET01|EV001963|13455|6520.0|4552.0|240.0|0.0|1.0|0|16.0|8.0|1|1|-1
0|3776|0|QROCK3X8|EV001964|13456|6600.0|4552.0|240.0|1|0|0|16.0|16.0|1|1|-1
0|3777|0|QROCK3X8|EV001965|13457|6592.0|4544.0|240.0|1|0|0|32.0|32.0|1|1|-1
1|36479|0|METALF18|EV001966|13458|6592.0|4544.0|440.0|0.0|1.0|0|32.0|8.0|1|1|-1
1|36481|0|METALF18|EV001967|13459|6592.0|4576.0|440.0|1.0|0.0|0|32.0|8.0|1|1|-1
1|36483|0|METALF18|EV001968|13460|6624.0|4576.0|440.0|0.0|-1.0|0|32.0|8.0|1|1|-1
1|36485|0|METALF18|EV001969|13461|6624.0|4544.0|440.0|-1.0|0.0|0|32.0|8.0|1|1|-1
0|3778|0|QROCK3X8|EV001970|13462|6568.0|4528.0|240.0|1|0|0|80.0|64.0|2|1|-1
1|36459|0|METALF18|EV001971|13464|6576.0|4552.0|440.0|0.7071067811865475|-0.7071067811865475|0|22.627416997969522|16.0|1|1|-1
1|36461|0|METALF18|EV001972|13465|6592.0|4536.0|440.0|1.0|0.0|0|32.0|16.0|1|1|-1
1|36463|0|METALF18|EV001973|13466|6624.0|4536.0|440.0|0.7071067811865475|0.7071067811865475|0|22.627416997969522|16.0|1|1|-1
1|36465|0|METALF18|EV001974|13467|6640.0|4552.0|440.0|1.0|0.0|0|8.0|16.0|1|1|-1
1|36469|0|METALF18|EV001975|13468|6576.0|4568.0|440.0|-1.0|0.0|0|8.0|16.0|1|1|-1
1|36473|0|METALF18|EV001976|13469|6640.0|4568.0|440.0|-0.7071067811865475|0.7071067811865475|0|22.627416997969522|16.0|1|1|-1
1|36475|0|METALF18|EV001977|13470|6624.0|4584.0|440.0|-1.0|0.0|0|32.0|16.0|1|1|-1
1|36477|0|METALF18|EV001978|13471|6592.0|4584.0|440.0|-0.7071067811865475|-0.7071067811865475|0|22.627416997969522|16.0|1|1|-1
1|36491|0|METALF18|EV001979|13472|6568.0|4552.0|440.0|1.0|0.0|0|8.0|16.0|1|1|-1
1|36501|0|METALF18|EV001980|13473|6648.0|4568.0|440.0|-1.0|0.0|0|8.0|16.0|1|1|-1
0|3779|0|QROCK3X8|EV001981|13474|6576.0|4536.0|240.0|1|0|0|64.0|48.0|1|1|-1
0|3780|0|QROCK3X8|EV001982|13475|6640.0|4552.0|240.0|1|0|0|8.0|16.0|1|1|-1
0|3781|0|QROCK3X8|EV001983|13476|6648.0|4552.0|240.0|1|0|0|48.0|16.0|1|1|-1
1|36467|0|IKWALL75|EV001984|13477|6696.0|4568.0|392.0|0.0|-1.0|0|16.0|48.0|1|1|-1
1|36467|2|QMET01|EV001985|13478|6696.0|4568.0|240.0|0.0|-1.0|0|16.0|8.0|1|1|-1
0|3782|0|QROCK3X8|EV001986|13479|6568.0|4552.0|240.0|1|0|0|8.0|16.0|1|1|-1
0|3783|0|QROCK3X8|EV001987|13480|5432.0|5000.0|240.0|1|0|0|48.0|16.0|1|1|-1
1|36535|0|IKWALL75|EV001988|13481|5432.0|5000.0|392.0|0.0|1.0|0|16.0|48.0|1|1|-1
1|36535|2|QMET01|EV001989|13482|5432.0|5000.0|240.0|0.0|1.0|0|16.0|8.0|1|1|-1
0|3784|0|QROCK3X8|EV001990|13483|5512.0|5000.0|240.0|1|0|0|16.0|16.0|1|1|-1
0|3785|0|QROCK3X8|EV001991|13484|5504.0|4992.0|240.0|1|0|0|32.0|32.0|1|1|-1
1|36559|0|METALF18|EV001992|13485|5504.0|4992.0|440.0|0.0|1.0|0|32.0|8.0|1|1|-1
1|36561|0|METALF18|EV001993|13486|5504.0|5024.0|440.0|1.0|0.0|0|32.0|8.0|1|1|-1
1|36563|0|METALF18|EV001994|13487|5536.0|5024.0|440.0|0.0|-1.0|0|32.0|8.0|1|1|-1
1|36565|0|METALF18|EV001995|13488|5536.0|4992.0|440.0|-1.0|0.0|0|32.0|8.0|1|1|-1
0|3786|0|QROCK3X8|EV001996|13489|5480.0|4976.0|240.0|1|0|0|80.0|64.0|2|1|-1
1|36539|0|METALF18|EV001997|13491|5488.0|5000.0|440.0|0.7071067811865475|-0.7071067811865475|0|22.627416997969522|16.0|1|1|-1
1|36541|0|METALF18|EV001998|13492|5504.0|4984.0|440.0|1.0|0.0|0|32.0|16.0|1|1|-1
1|36543|0|METALF18|EV001999|13493|5536.0|4984.0|440.0|0.7071067811865475|0.7071067811865475|0|22.627416997969522|16.0|1|1|-1
1|36545|0|METALF18|EV002000|13494|5552.0|5000.0|440.0|1.0|0.0|0|8.0|16.0|1|1|-1
1|36549|0|METALF18|EV002001|13495|5488.0|5016.0|440.0|-1.0|0.0|0|8.0|16.0|1|1|-1
1|36553|0|METALF18|EV002002|13496|5552.0|5016.0|440.0|-0.7071067811865475|0.7071067811865475|0|22.627416997969522|16.0|1|1|-1
1|36555|0|METALF18|EV002003|13497|5536.0|5032.0|440.0|-1.0|0.0|0|32.0|16.0|1|1|-1
1|36557|0|METALF18|EV002004|13498|5504.0|5032.0|440.0|-0.7071067811865475|-0.7071067811865475|0|22.627416997969522|16.0|1|1|-1
1|36571|0|METALF18|EV002005|13499|5480.0|5000.0|440.0|1.0|0.0|0|8.0|16.0|1|1|-1
1|36581|0|METALF18|EV002006|13500|5560.0|5016.0|440.0|-1.0|0.0|0|8.0|16.0|1|1|-1
0|3787|0|QROCK3X8|EV002007|13501|5488.0|4984.0|240.0|1|0|0|64.0|48.0|1|1|-1
0|3788|0|QROCK3X8|EV002008|13502|5552.0|5000.0|240.0|1|0|0|8.0|16.0|1|1|-1
0|3789|0|QROCK3X8|EV002009|13503|5560.0|5000.0|240.0|1|0|0|48.0|16.0|1|1|-1
1|36547|0|IKWALL75|EV002010|13504|5608.0|5016.0|392.0|0.0|-1.0|0|16.0|48.0|1|1|-1
1|36547|2|QMET01|EV002011|13505|5608.0|5016.0|240.0|0.0|-1.0|0|16.0|8.0|1|1|-1
0|3790|0|QROCK3X8|EV002012|13506|5480.0|5000.0|240.0|1|0|0|8.0|16.0|1|1|-1
0|3791|0|QROCK3X8|EV002013|13507|5432.0|5384.0|240.0|1|0|0|48.0|16.0|1|1|-1
1|36615|0|IKWALL75|EV002014|13508|5432.0|5384.0|392.0|0.0|1.0|0|16.0|48.0|1|1|-1
1|36615|2|QMET01|EV002015|13509|5432.0|5384.0|240.0|0.0|1.0|0|16.0|8.0|1|1|-1
0|3792|0|QROCK3X8|EV002016|13510|5512.0|5384.0|240.0|1|0|0|16.0|16.0|1|1|-1
0|3793|0|QROCK3X8|EV002017|13511|5504.0|5376.0|240.0|1|0|0|32.0|32.0|1|1|-1
1|36639|0|METALF18|EV002018|13512|5504.0|5376.0|440.0|0.0|1.0|0|32.0|8.0|1|1|-1
1|36641|0|METALF18|EV002019|13513|5504.0|5408.0|440.0|1.0|0.0|0|32.0|8.0|1|1|-1
1|36643|0|METALF18|EV002020|13514|5536.0|5408.0|440.0|0.0|-1.0|0|32.0|8.0|1|1|-1
1|36645|0|METALF18|EV002021|13515|5536.0|5376.0|440.0|-1.0|0.0|0|32.0|8.0|1|1|-1
0|3794|0|QROCK3X8|EV002022|13516|5480.0|5360.0|240.0|1|0|0|80.0|64.0|2|1|-1
1|36619|0|METALF18|EV002023|13518|5488.0|5384.0|440.0|0.7071067811865475|-0.7071067811865475|0|22.627416997969522|16.0|1|1|-1
1|36621|0|METALF18|EV002024|13519|5504.0|5368.0|440.0|1.0|0.0|0|32.0|16.0|1|1|-1
1|36623|0|METALF18|EV002025|13520|5536.0|5368.0|440.0|0.7071067811865475|0.7071067811865475|0|22.627416997969522|16.0|1|1|-1
1|36625|0|METALF18|EV002026|13521|5552.0|5384.0|440.0|1.0|0.0|0|8.0|16.0|1|1|-1
1|36629|0|METALF18|EV002027|13522|5488.0|5400.0|440.0|-1.0|0.0|0|8.0|16.0|1|1|-1
1|36633|0|METALF18|EV002028|13523|5552.0|5400.0|440.0|-0.7071067811865475|0.7071067811865475|0|22.627416997969522|16.0|1|1|-1
1|36635|0|METALF18|EV002029|13524|5536.0|5416.0|440.0|-1.0|0.0|0|32.0|16.0|1|1|-1
1|36637|0|METALF18|EV002030|13525|5504.0|5416.0|440.0|-0.7071067811865475|-0.7071067811865475|0|22.627416997969522|16.0|1|1|-1
1|36651|0|METALF18|EV002031|13526|5480.0|5384.0|440.0|1.0|0.0|0|8.0|16.0|1|1|-1
1|36661|0|METALF18|EV002032|13527|5560.0|5400.0|440.0|-1.0|0.0|0|8.0|16.0|1|1|-1
0|3795|0|QROCK3X8|EV002033|13528|5488.0|5368.0|240.0|1|0|0|64.0|48.0|1|1|-1
0|3796|0|QROCK3X8|EV002034|13529|5552.0|5384.0|240.0|1|0|0|8.0|16.0|1|1|-1
0|3797|0|QROCK3X8|EV002035|13530|5560.0|5384.0|240.0|1|0|0|48.0|16.0|1|1|-1
1|36627|0|IKWALL75|EV002036|13531|5608.0|5400.0|392.0|0.0|-1.0|0|16.0|48.0|1|1|-1
1|36627|2|QMET01|EV002037|13532|5608.0|5400.0|240.0|0.0|-1.0|0|16.0|8.0|1|1|-1
0|3798|0|QROCK3X8|EV002038|13533|5480.0|5384.0|240.0|1|0|0|8.0|16.0|1|1|-1
0|3799|0|QROCK3X8|EV002039|13534|5704.0|4904.0|240.0|1|0|0|16.0|48.0|1|1|-1
1|36695|0|IKWALL75|EV002040|13535|5704.0|4952.0|392.0|1.0|0.0|0|16.0|48.0|1|1|-1
1|36695|2|QMET01|EV002041|13536|5704.0|4952.0|240.0|1.0|0.0|0|16.0|8.0|1|1|-1
0|3800|0|QROCK3X8|EV002042|13537|5704.0|4856.0|240.0|1|0|0|16.0|16.0|1|1|-1
0|3801|0|QROCK3X8|EV002043|13538|5696.0|4848.0|240.0|1|0|0|32.0|32.0|1|1|-1
1|36719|0|METALF18|EV002044|13539|5696.0|4880.0|440.0|1.0|0.0|0|32.0|8.0|1|1|-1
1|36721|0|METALF18|EV002045|13540|5728.0|4880.0|440.0|0.0|-1.0|0|32.0|8.0|1|1|-1
1|36723|0|METALF18|EV002046|13541|5728.0|4848.0|440.0|-1.0|0.0|0|32.0|8.0|1|1|-1
1|36725|0|METALF18|EV002047|13542|5696.0|4848.0|440.0|0.0|1.0|0|32.0|8.0|1|1|-1
0|3802|0|QROCK3X8|EV002048|13543|5680.0|4824.0|240.0|1|0|0|64.0|80.0|1|2|-1
1|36699|0|METALF18|EV002049|13545|5704.0|4896.0|440.0|-0.7071067811865475|-0.7071067811865475|0|22.627416997969522|16.0|1|1|-1
1|36701|0|METALF18|EV002050|13546|5688.0|4880.0|440.0|0.0|-1.0|0|32.0|16.0|1|1|-1
1|36703|0|METALF18|EV002051|13547|5688.0|4848.0|440.0|0.7071067811865475|-0.7071067811865475|0|22.627416997969522|16.0|1|1|-1
1|36705|0|METALF18|EV002052|13548|5704.0|4832.0|440.0|0.0|-1.0|0|8.0|16.0|1|1|-1
1|36709|0|METALF18|EV002053|13549|5720.0|4896.0|440.0|0.0|1.0|0|8.0|16.0|1|1|-1
1|36713|0|METALF18|EV002054|13550|5720.0|4832.0|440.0|0.7071067811865475|0.7071067811865475|0|22.627416997969522|16.0|1|1|-1
1|36715|0|METALF18|EV002055|13551|5736.0|4848.0|440.0|0.0|1.0|0|32.0|16.0|1|1|-1
1|36717|0|METALF18|EV002056|13552|5736.0|4880.0|440.0|-0.7071067811865475|0.7071067811865475|0|22.627416997969522|16.0|1|1|-1
1|36731|0|METALF18|EV002057|13553|5704.0|4904.0|440.0|0.0|-1.0|0|8.0|16.0|1|1|-1
1|36741|0|METALF18|EV002058|13554|5720.0|4824.0|440.0|0.0|1.0|0|8.0|16.0|1|1|-1
0|3803|0|QROCK3X8|EV002059|13555|5688.0|4832.0|240.0|1|0|0|48.0|64.0|1|1|-1
0|3804|0|QROCK3X8|EV002060|13556|5704.0|4824.0|240.0|1|0|0|16.0|8.0|1|1|-1
0|3805|0|QROCK3X8|EV002061|13557|5704.0|4776.0|240.0|1|0|0|16.0|48.0|1|1|-1
1|36707|0|IKWALL75|EV002062|13558|5720.0|4776.0|392.0|-1.0|0.0|0|16.0|48.0|1|1|-1
1|36707|2|QMET01|EV002063|13559|5720.0|4776.0|240.0|-1.0|0.0|0|16.0|8.0|1|1|-1
0|3806|0|QROCK3X8|EV002064|13560|5704.0|4896.0|240.0|1|0|0|16.0|8.0|1|1|-1
0|3807|0|QROCK3X8|EV002065|13561|6056.0|4904.0|240.0|1|0|0|16.0|48.0|1|1|-1
1|36771|0|IKWALL75|EV002066|13562|6056.0|4952.0|392.0|1.0|0.0|0|16.0|48.0|1|1|-1
1|36771|2|QMET01|EV002067|13563|6056.0|4952.0|240.0|1.0|0.0|0|16.0|8.0|1|1|-1
0|3808|0|QROCK3X8|EV002068|13564|6056.0|4856.0|240.0|1|0|0|16.0|16.0|1|1|-1
0|3809|0|QROCK3X8|EV002069|13565|6032.0|4824.0|240.0|1|0|0|64.0|80.0|1|2|-1
1|36775|0|METALF18|EV002070|13567|6056.0|4896.0|440.0|-0.7071067811865475|-0.7071067811865475|0|22.627416997969522|16.0|1|1|-1
1|36777|0|METALF18|EV002071|13568|6040.0|4880.0|440.0|0.0|-1.0|0|32.0|16.0|1|1|-1
1|36779|0|METALF18|EV002072|13569|6040.0|4848.0|440.0|0.7071067811865475|-0.7071067811865475|0|22.627416997969522|16.0|1|1|-1
1|36781|0|METALF18|EV002073|13570|6056.0|4832.0|440.0|0.0|-1.0|0|8.0|16.0|1|1|-1
1|36785|0|METALF18|EV002074|13571|6072.0|4896.0|440.0|0.0|1.0|0|8.0|16.0|1|1|-1
1|36789|0|METALF18|EV002075|13572|6072.0|4832.0|440.0|0.7071067811865475|0.7071067811865475|0|22.627416997969522|16.0|1|1|-1
1|36791|0|METALF18|EV002076|13573|6088.0|4848.0|440.0|0.0|1.0|0|32.0|16.0|1|1|-1
1|36793|0|METALF18|EV002077|13574|6088.0|4880.0|440.0|-0.7071067811865475|0.7071067811865475|0|22.627416997969522|16.0|1|1|-1
1|36807|0|METALF18|EV002078|13575|6056.0|4904.0|440.0|0.0|-1.0|0|8.0|16.0|1|1|-1
1|36817|0|METALF18|EV002079|13576|6072.0|4824.0|440.0|0.0|1.0|0|8.0|16.0|1|1|-1
0|3810|0|QROCK3X8|EV002080|13577|6040.0|4832.0|240.0|1|0|0|48.0|64.0|1|1|-1
0|3811|0|QROCK3X8|EV002081|13578|6056.0|4824.0|240.0|1|0|0|16.0|8.0|1|1|-1
0|3812|0|QROCK3X8|EV002082|13579|6056.0|4776.0|240.0|1|0|0|16.0|48.0|1|1|-1
1|36783|0|IKWALL75|EV002083|13580|6072.0|4776.0|392.0|-1.0|0.0|0|16.0|48.0|1|1|-1
1|36783|2|QMET01|EV002084|13581|6072.0|4776.0|240.0|-1.0|0.0|0|16.0|8.0|1|1|-1
0|3813|0|QROCK3X8|EV002085|13582|6056.0|4896.0|240.0|1|0|0|16.0|8.0|1|1|-1
0|3814|0|QROCK3X8|EV002086|13583|6048.0|4848.0|240.0|1|0|0|32.0|32.0|1|1|-1
1|36795|0|METALF18|EV002087|13584|6048.0|4880.0|440.0|1.0|0.0|0|32.0|8.0|1|1|-1
1|36797|0|METALF18|EV002088|13585|6080.0|4880.0|440.0|0.0|-1.0|0|32.0|8.0|1|1|-1
1|36799|0|METALF18|EV002089|13586|6080.0|4848.0|440.0|-1.0|0.0|0|32.0|8.0|1|1|-1
1|36801|0|METALF18|EV002090|13587|6048.0|4848.0|440.0|0.0|1.0|0|32.0|8.0|1|1|-1
0|3815|0|QROCK3X8|EV002091|13588|6440.0|4904.0|240.0|1|0|0|16.0|48.0|1|1|-1
1|36855|0|IKWALL75|EV002092|13589|6440.0|4952.0|392.0|1.0|0.0|0|16.0|48.0|1|1|-1
1|36855|2|QMET01|EV002093|13590|6440.0|4952.0|240.0|1.0|0.0|0|16.0|8.0|1|1|-1
0|3816|0|QROCK3X8|EV002094|13591|6432.0|4848.0|240.0|1|0|0|32.0|32.0|1|1|-1
1|36879|0|METALF18|EV002095|13592|6432.0|4880.0|440.0|1.0|0.0|0|32.0|8.0|1|1|-1
1|36881|0|METALF18|EV002096|13593|6464.0|4880.0|440.0|0.0|-1.0|0|32.0|8.0|1|1|-1
1|36883|0|METALF18|EV002097|13594|6464.0|4848.0|440.0|-1.0|0.0|0|32.0|8.0|1|1|-1
1|36885|0|METALF18|EV002098|13595|6432.0|4848.0|440.0|0.0|1.0|0|32.0|8.0|1|1|-1
0|3817|0|QROCK3X8|EV002099|13596|6440.0|4856.0|240.0|1|0|0|16.0|16.0|1|1|-1
0|3818|0|QROCK3X8|EV002100|13597|6416.0|4824.0|240.0|1|0|0|64.0|80.0|1|2|-1
1|36859|0|METALF18|EV002101|13599|6440.0|4896.0|440.0|-0.7071067811865475|-0.7071067811865475|0|22.627416997969522|16.0|1|1|-1
1|36861|0|METALF18|EV002102|13600|6424.0|4880.0|440.0|0.0|-1.0|0|32.0|16.0|1|1|-1
1|36863|0|METALF18|EV002103|13601|6424.0|4848.0|440.0|0.7071067811865475|-0.7071067811865475|0|22.627416997969522|16.0|1|1|-1
1|36865|0|METALF18|EV002104|13602|6440.0|4832.0|440.0|0.0|-1.0|0|8.0|16.0|1|1|-1
1|36869|0|METALF18|EV002105|13603|6456.0|4896.0|440.0|0.0|1.0|0|8.0|16.0|1|1|-1
1|36873|0|METALF18|EV002106|13604|6456.0|4832.0|440.0|0.7071067811865475|0.7071067811865475|0|22.627416997969522|16.0|1|1|-1
1|36875|0|METALF18|EV002107|13605|6472.0|4848.0|440.0|0.0|1.0|0|32.0|16.0|1|1|-1
1|36877|0|METALF18|EV002108|13606|6472.0|4880.0|440.0|-0.7071067811865475|0.7071067811865475|0|22.627416997969522|16.0|1|1|-1
1|36891|0|METALF18|EV002109|13607|6440.0|4904.0|440.0|0.0|-1.0|0|8.0|16.0|1|1|-1
1|36901|0|METALF18|EV002110|13608|6456.0|4824.0|440.0|0.0|1.0|0|8.0|16.0|1|1|-1
0|3819|0|QROCK3X8|EV002111|13609|6424.0|4832.0|240.0|1|0|0|48.0|64.0|1|1|-1
0|3820|0|QROCK3X8|EV002112|13610|6440.0|4824.0|240.0|1|0|0|16.0|8.0|1|1|-1
0|3821|0|QROCK3X8|EV002113|13611|6440.0|4776.0|240.0|1|0|0|16.0|48.0|1|1|-1
1|36867|0|IKWALL75|EV002114|13612|6456.0|4776.0|392.0|-1.0|0.0|0|16.0|48.0|1|1|-1
1|36867|2|QMET01|EV002115|13613|6456.0|4776.0|240.0|-1.0|0.0|0|16.0|8.0|1|1|-1
0|3822|0|QROCK3X8|EV002116|13614|6440.0|4896.0|240.0|1|0|0|16.0|8.0|1|1|-1
0|3823|0|QROCK3X8|EV002117|13615|6472.0|3624.0|240.0|1|0|0|16.0|48.0|1|1|-1
1|36935|0|IKWALL75|EV002118|13616|6472.0|3672.0|392.0|1.0|0.0|0|16.0|48.0|1|1|-1
1|36935|2|QMET01|EV002119|13617|6472.0|3672.0|240.0|1.0|0.0|0|16.0|8.0|1|1|-1
0|3824|0|QROCK3X8|EV002120|13618|6464.0|3568.0|240.0|1|0|0|32.0|32.0|1|1|-1
1|36959|0|METALF18|EV002121|13619|6464.0|3600.0|440.0|1.0|0.0|0|32.0|8.0|1|1|-1
1|36961|0|METALF18|EV002122|13620|6496.0|3600.0|440.0|0.0|-1.0|0|32.0|8.0|1|1|-1
1|36963|0|METALF18|EV002123|13621|6496.0|3568.0|440.0|-1.0|0.0|0|32.0|8.0|1|1|-1
1|36965|0|METALF18|EV002124|13622|6464.0|3568.0|440.0|0.0|1.0|0|32.0|8.0|1|1|-1
0|3825|0|QROCK3X8|EV002125|13623|6472.0|3576.0|240.0|1|0|0|16.0|16.0|1|1|-1
0|3826|0|QROCK3X8|EV002126|13624|6448.0|3544.0|240.0|1|0|0|64.0|80.0|1|2|-1
1|36939|0|METALF18|EV002127|13626|6472.0|3616.0|440.0|-0.7071067811865475|-0.7071067811865475|0|22.627416997969522|16.0|1|1|-1
1|36941|0|METALF18|EV002128|13627|6456.0|3600.0|440.0|0.0|-1.0|0|32.0|16.0|1|1|-1
1|36943|0|METALF18|EV002129|13628|6456.0|3568.0|440.0|0.7071067811865475|-0.7071067811865475|0|22.627416997969522|16.0|1|1|-1
1|36945|0|METALF18|EV002130|13629|6472.0|3552.0|440.0|0.0|-1.0|0|8.0|16.0|1|1|-1
1|36949|0|METALF18|EV002131|13630|6488.0|3616.0|440.0|0.0|1.0|0|8.0|16.0|1|1|-1
1|36953|0|METALF18|EV002132|13631|6488.0|3552.0|440.0|0.7071067811865475|0.7071067811865475|0|22.627416997969522|16.0|1|1|-1
1|36955|0|METALF18|EV002133|13632|6504.0|3568.0|440.0|0.0|1.0|0|32.0|16.0|1|1|-1
1|36957|0|METALF18|EV002134|13633|6504.0|3600.0|440.0|-0.7071067811865475|0.7071067811865475|0|22.627416997969522|16.0|1|1|-1
1|36971|0|METALF18|EV002135|13634|6472.0|3624.0|440.0|0.0|-1.0|0|8.0|16.0|1|1|-1
1|36981|0|METALF18|EV002136|13635|6488.0|3544.0|440.0|0.0|1.0|0|8.0|16.0|1|1|-1
0|3827|0|QROCK3X8|EV002137|13636|6456.0|3552.0|240.0|1|0|0|48.0|64.0|1|1|-1
0|3828|0|QROCK3X8|EV002138|13637|6472.0|3544.0|240.0|1|0|0|16.0|8.0|1|1|-1
0|3829|0|QROCK3X8|EV002139|13638|6472.0|3496.0|240.0|1|0|0|16.0|48.0|1|1|-1
1|36947|0|IKWALL75|EV002140|13639|6488.0|3496.0|392.0|-1.0|0.0|0|16.0|48.0|1|1|-1
1|36947|2|QMET01|EV002141|13640|6488.0|3496.0|240.0|-1.0|0.0|0|16.0|8.0|1|1|-1
0|3830|0|QROCK3X8|EV002142|13641|6472.0|3616.0|240.0|1|0|0|16.0|8.0|1|1|-1
0|3831|0|XA17TEX|EV002143|13642|6544.0|3512.0|236.0|1|0|0|112.0|216.0|2|4|-1
1|37015|2|QROCK3X8|EV002144|13650|6552.0|3568.0|236.0|-0.4472135954999579|0.8944271909999159|0|17.88854381999832|4.0|1|1|-1
1|37017|2|QROCK3X8|EV002145|13651|6544.0|3584.0|236.0|0.5547001962252291|0.8320502943378437|0|28.844410203711913|4.0|1|1|-1
1|37019|2|QROCK3X8|EV002146|13652|6560.0|3608.0|236.0|0.6246950475544243|0.7808688094430304|0|51.22499389946279|4.0|1|1|-1
1|37021|2|QROCK3X8|EV002147|13653|6592.0|3648.0|236.0|0.0|1.0|0|32.0|4.0|1|1|-1
1|37023|2|QROCK3X8|EV002148|13654|6592.0|3680.0|236.0|0.5547001962252291|0.8320502943378437|0|57.688820407423826|4.0|1|1|-1
1|37025|2|QROCK3X8|EV002149|13655|6624.0|3728.0|236.0|0.9486832980505138|-0.31622776601683794|0|25.298221281347036|4.0|1|1|-1
1|37027|2|QROCK3X8|EV002150|13656|6648.0|3720.0|236.0|0.24253562503633297|-0.9701425001453319|0|32.984845004941285|4.0|1|1|-1
1|37029|2|QROCK3X8|EV002151|13657|6656.0|3688.0|236.0|-0.8320502943378437|-0.5547001962252291|0|28.844410203711913|4.0|1|1|-1
1|37031|2|QROCK3X8|EV002152|13658|6632.0|3672.0|236.0|-0.19611613513818404|-0.9805806756909202|0|40.792156108742276|4.0|1|1|-1
1|37033|2|QROCK3X8|EV002153|13659|6624.0|3632.0|236.0|0.31622776601683794|-0.9486832980505138|0|25.298221281347036|4.0|1|1|-1
1|37035|2|QROCK3X8|EV002154|13660|6632.0|3608.0|236.0|0.19611613513818404|-0.9805806756909202|0|40.792156108742276|4.0|1|1|-1
1|37037|2|QROCK3X8|EV002155|13661|6640.0|3568.0|236.0|-0.8320502943378437|-0.5547001962252291|0|28.844410203711913|4.0|1|1|-1
1|37039|2|QROCK3X8|EV002156|13662|6616.0|3552.0|236.0|0.5547001962252291|-0.8320502943378437|0|28.844410203711913|4.0|1|1|-1
1|37041|2|QROCK3X8|EV002157|13663|6632.0|3528.0|236.0|-0.8320502943378437|-0.5547001962252291|0|28.844410203711913|4.0|1|1|-1
1|37043|2|QROCK3X8|EV002158|13664|6608.0|3512.0|236.0|-0.9191450300180578|0.39391929857916763|0|60.92618484691127|4.0|1|1|-1
1|37045|2|QROCK3X8|EV002159|13665|6552.0|3536.0|236.0|0.31622776601683794|0.9486832980505138|0|25.298221281347036|4.0|1|1|-1
1|37047|2|QROCK3X8|EV002160|13666|6560.0|3560.0|236.0|-0.7071067811865475|0.7071067811865475|0|11.313708498984761|4.0|1|1|-1
0|3832|0|XA17TEX|EV002161|13667|6536.0|3880.0|236.0|1|0|0|128.0|192.0|2|3|-1
1|37050|2|QROCK3X8|EV002162|13673|6536.0|3984.0|236.0|0.6246950475544243|0.7808688094430304|0|51.22499389946279|4.0|1|1|-1
1|37052|2|QROCK3X8|EV002163|13674|6576.0|3928.0|236.0|-0.5812381937190965|0.813733471206735|0|68.81860213634101|4.0|2|1|-1
1|37054|2|QROCK3X8|EV002164|13676|6624.0|3880.0|236.0|-0.7071067811865476|0.7071067811865476|0|67.88225099390856|4.0|2|1|-1
1|37056|2|QROCK3X8|EV002165|13678|6648.0|3880.0|236.0|-1.0|0.0|0|24.0|4.0|1|1|-1
1|37058|2|QROCK3X8|EV002166|13679|6664.0|3928.0|236.0|-0.31622776601683794|-0.9486832980505138|0|50.59644256269407|4.0|1|1|-1
1|37060|2|QROCK3X8|EV002167|13680|6600.0|3952.0|236.0|0.9363291775690445|-0.3511234415883917|0|68.35202996254024|4.0|2|1|-1
1|37062|2|QROCK3X8|EV002168|13682|6576.0|3976.0|236.0|0.7071067811865476|-0.7071067811865476|0|33.94112549695428|4.0|1|1|-1
1|37064|2|QROCK3X8|EV002169|13683|6640.0|4024.0|236.0|-0.8|-0.6|0|80.0|4.0|2|1|-1
1|37066|2|QROCK3X8|EV002170|13685|6624.0|4048.0|236.0|0.5547001962252291|-0.8320502943378437|0|28.844410203711913|4.0|1|1|-1
1|37068|2|QROCK3X8|EV002171|13686|6608.0|4072.0|236.0|0.5547001962252291|-0.8320502943378437|0|28.844410203711913|4.0|1|1|-1
1|37070|2|QROCK3X8|EV002172|13687|6568.0|4024.0|236.0|0.6401843996644799|0.7682212795973759|0|62.48199740725323|4.0|1|1|-1
0|3833|0|XA17TEX|EV002173|13688|6560.0|4304.0|236.0|1|0|0|96.0|104.0|2|2|-1
1|37071|2|QROCK3X8|EV002174|13692|6560.0|4360.0|236.0|0.4472135954999579|0.8944271909999159|0|53.665631459994955|4.0|1|1|-1
1|37073|2|QROCK3X8|EV002175|13693|6584.0|4408.0|236.0|0.9805806756909202|-0.19611613513818404|0|40.792156108742276|4.0|1|1|-1
1|37075|2|QROCK3X8|EV002176|13694|6624.0|4400.0|236.0|0.49613893835683387|-0.8682431421244593|0|64.4980619863884|4.0|2|1|-1
1|37077|2|QROCK3X8|EV002177|13696|6656.0|4344.0|236.0|-0.31622776601683794|-0.9486832980505138|0|25.298221281347036|4.0|1|1|-1
1|37079|2|QROCK3X8|EV002178|13697|6648.0|4320.0|236.0|-0.8320502943378437|-0.5547001962252291|0|28.844410203711913|4.0|1|1|-1
1|37081|2|QROCK3X8|EV002179|13698|6624.0|4304.0|236.0|-1.0|0.0|0|48.0|4.0|1|1|-1
1|37083|2|QROCK3X8|EV002180|13699|6576.0|4304.0|236.0|-0.27472112789737807|0.9615239476408232|0|58.240879114244144|4.0|1|1|-1
0|3834|0|XA17TEX|EV002181|13700|6512.0|4640.0|236.0|1|0|0|160.0|256.0|3|4|-1
1|37085|2|QROCK3X8|EV002182|13712|6608.0|4640.0|236.0|-0.8944271909999159|0.4472135954999579|0|35.77708763999664|4.0|1|1|-1
1|37087|2|QROCK3X8|EV002183|13713|6576.0|4656.0|236.0|-0.3713906763541037|0.9284766908852594|0|43.08131845707603|4.0|1|1|-1
1|37089|2|QROCK3X8|EV002184|13714|6560.0|4696.0|236.0|0.5144957554275265|0.8574929257125441|0|46.647615158762406|4.0|1|1|-1
1|37091|2|QROCK3X8|EV002185|13715|6584.0|4736.0|236.0|0.7808688094430304|0.6246950475544243|0|51.22499389946279|4.0|1|1|-1
1|37093|2|QROCK3X8|EV002186|13716|6624.0|4768.0|236.0|0.5144957554275265|0.8574929257125441|0|46.647615158762406|4.0|1|1|-1
1|37095|2|QROCK3X8|EV002187|13717|6648.0|4808.0|236.0|-0.19611613513818404|0.9805806756909202|0|40.792156108742276|4.0|1|1|-1
1|37097|2|QROCK3X8|EV002188|13718|6640.0|4848.0|236.0|-0.9284766908852594|0.3713906763541037|0|43.08131845707603|4.0|1|1|-1
1|37099|2|QROCK3X8|EV002189|13719|6600.0|4864.0|236.0|-0.9701425001453319|-0.24253562503633297|0|65.96969000988257|4.0|2|1|-1
1|37101|2|QROCK3X8|EV002190|13721|6536.0|4848.0|236.0|-0.9486832980505138|0.31622776601683794|0|25.298221281347036|4.0|1|1|-1
1|37103|2|QROCK3X8|EV002191|13722|6512.0|4856.0|236.0|0.0|1.0|0|24.0|4.0|1|1|-1
1|37105|2|QROCK3X8|EV002192|13723|6512.0|4880.0|236.0|0.8320502943378437|0.5547001962252291|0|28.844410203711913|4.0|1|1|-1
1|37107|2|QROCK3X8|EV002193|13724|6536.0|4896.0|236.0|1.0|0.0|0|56.0|4.0|1|1|-1
1|37109|2|QROCK3X8|EV002194|13725|6592.0|4896.0|236.0|0.9615239476408232|-0.27472112789737807|0|58.240879114244144|4.0|1|1|-1
1|37111|2|QROCK3X8|EV002195|13726|6648.0|4880.0|236.0|0.5547001962252291|-0.8320502943378437|0|28.844410203711913|4.0|1|1|-1
1|37113|2|QROCK3X8|EV002196|13727|6664.0|4856.0|236.0|0.1414213562373095|-0.9899494936611665|0|56.568542494923804|4.0|1|1|-1
1|37115|2|QROCK3X8|EV002197|13728|6672.0|4800.0|236.0|-0.24253562503633297|-0.9701425001453319|0|32.984845004941285|4.0|1|1|-1
1|37117|2|QROCK3X8|EV002198|13729|6664.0|4768.0|236.0|-0.31622776601683794|-0.9486832980505138|0|25.298221281347036|4.0|1|1|-1
1|37119|2|QROCK3X8|EV002199|13730|6656.0|4744.0|236.0|0.0|-1.0|0|40.0|4.0|1|1|-1
1|37121|2|QROCK3X8|EV002200|13731|6656.0|4704.0|236.0|-0.19611613513818404|-0.9805806756909202|0|40.792156108742276|4.0|1|1|-1
1|37123|2|QROCK3X8|EV002201|13732|6648.0|4664.0|236.0|-0.8574929257125441|-0.5144957554275265|0|46.647615158762406|4.0|1|1|-1
0|3835|0|XA17TEX|EV002202|13733|6152.0|4824.0|236.0|1|0|0|112.0|72.0|2|2|-1
1|37125|2|QROCK3X8|EV002203|13737|6176.0|4832.0|236.0|-0.5144957554275265|0.8574929257125441|0|46.647615158762406|4.0|1|1|-1
1|37127|2|QROCK3X8|EV002204|13738|6152.0|4872.0|236.0|0.9191450300180578|0.39391929857916763|0|60.92618484691127|4.0|1|1|-1
1|37129|2|QROCK3X8|EV002205|13739|6208.0|4896.0|236.0|0.7592566023652966|-0.6507913734559685|0|73.7563556583431|4.0|2|1|-1
1|37131|2|QROCK3X8|EV002206|13741|6264.0|4848.0|236.0|-0.7071067811865476|-0.7071067811865476|0|33.94112549695428|4.0|1|1|-1
1|37133|2|QROCK3X8|EV002207|13742|6240.0|4824.0|236.0|-0.9922778767136677|0.12403473458920847|0|64.4980619863884|4.0|2|1|-1
0|3836|0|XA17TEX|EV002208|13744|5456.0|4816.0|236.0|1|0|0|200.0|128.0|4|2|-1
1|37136|2|QROCK3X8|EV002209|13752|5536.0|4848.0|236.0|-0.813733471206735|0.5812381937190965|0|68.81860213634101|4.0|2|1|-1
1|37138|2|QROCK3X8|EV002210|13754|5552.0|4824.0|236.0|-0.5547001962252291|0.8320502943378437|0|28.844410203711913|4.0|1|1|-1
1|37140|2|QROCK3X8|EV002211|13755|5608.0|4816.0|236.0|-0.9899494936611665|0.1414213562373095|0|56.568542494923804|4.0|1|1|-1
1|37142|2|QROCK3X8|EV002212|13756|5656.0|4872.0|236.0|-0.6507913734559685|-0.7592566023652966|0|73.7563556583431|4.0|2|1|-1
1|37144|2|QROCK3X8|EV002213|13758|5640.0|4896.0|236.0|0.5547001962252291|-0.8320502943378437|0|28.844410203711913|4.0|1|1|-1
1|37146|2|QROCK3X8|EV002214|13759|5584.0|4896.0|236.0|1.0|0.0|0|56.0|4.0|1|1|-1
1|37148|2|QROCK3X8|EV002215|13760|5528.0|4920.0|236.0|0.9191450300180578|-0.39391929857916763|0|60.92618484691127|4.0|1|1|-1
1|37150|2|QROCK3X8|EV002216|13761|5488.0|4944.0|236.0|0.8574929257125441|-0.5144957554275265|0|46.647615158762406|4.0|1|1|-1
1|37152|2|QROCK3X8|EV002217|13762|5464.0|4928.0|236.0|0.8320502943378437|0.5547001962252291|0|28.844410203711913|4.0|1|1|-1
1|37154|2|QROCK3X8|EV002218|13763|5456.0|4888.0|236.0|0.19611613513818404|0.9805806756909202|0|40.792156108742276|4.0|1|1|-1
1|37156|2|QROCK3X8|EV002219|13764|5480.0|4888.0|236.0|-1.0|0.0|0|24.0|4.0|1|1|-1
0|3837|0|XA17TEX|EV002220|13765|5472.0|5160.0|236.0|1|0|0|96.0|120.0|2|2|-1
1|37158|2|QROCK3X8|EV002221|13769|5496.0|5208.0|236.0|-0.3511234415883917|0.9363291775690445|0|68.35202996254024|4.0|2|1|-1
1|37160|2|QROCK3X8|EV002222|13771|5536.0|5160.0|236.0|-0.6401843996644799|0.7682212795973759|0|62.48199740725323|4.0|1|1|-1
1|37162|2|QROCK3X8|EV002223|13772|5568.0|5176.0|236.0|-0.8944271909999159|-0.4472135954999579|0|35.77708763999664|4.0|1|1|-1
1|37164|2|QROCK3X8|EV002224|13773|5560.0|5256.0|236.0|0.09950371902099892|-0.9950371902099892|0|80.39900496896712|4.0|2|1|-1
1|37166|2|QROCK3X8|EV002225|13775|5512.0|5280.0|236.0|0.8944271909999159|-0.4472135954999579|0|53.665631459994955|4.0|1|1|-1
1|37168|2|QROCK3X8|EV002226|13776|5472.0|5272.0|236.0|0.9805806756909202|0.19611613513818404|0|40.792156108742276|4.0|1|1|-1
0|3838|0|XA17TEX|EV002227|13777|5472.0|5464.0|236.0|1|0|0|104.0|104.0|2|2|-1
1|37169|2|QROCK3X8|EV002228|13781|5472.0|5528.0|236.0|0.6246950475544243|0.7808688094430304|0|51.22499389946279|4.0|1|1|-1
1|37171|2|QROCK3X8|EV002229|13782|5504.0|5568.0|236.0|0.9615239476408232|-0.27472112789737807|0|58.240879114244144|4.0|1|1|-1
1|37173|2|QROCK3X8|EV002230|13783|5560.0|5552.0|236.0|0.24253562503633297|-0.9701425001453319|0|65.96969000988257|4.0|2|1|-1
1|37175|2|QROCK3X8|EV002231|13785|5576.0|5488.0|236.0|-0.8944271909999159|-0.4472135954999579|0|53.665631459994955|4.0|1|1|-1
1|37177|2|QROCK3X8|EV002232|13786|5528.0|5464.0|236.0|-1.0|0.0|0|32.0|4.0|1|1|-1
1|37179|2|QROCK3X8|EV002233|13787|5496.0|5464.0|236.0|0.0|1.0|0|32.0|4.0|1|1|-1
1|37181|2|QROCK3X8|EV002234|13788|5496.0|5496.0|236.0|0.9284766908852594|0.3713906763541037|0|43.08131845707603|4.0|1|1|-1
1|37183|2|QROCK3X8|EV002235|13789|5536.0|5512.0|236.0|-0.5547001962252291|0.8320502943378437|0|28.844410203711913|4.0|1|1|-1
1|37185|2|QROCK3X8|EV002236|13790|5520.0|5536.0|236.0|-0.9486832980505138|-0.31622776601683794|0|25.298221281347036|4.0|1|1|-1
1|37187|2|QROCK3X8|EV002237|13791|5496.0|5528.0|236.0|-1.0|0.0|0|24.0|4.0|1|1|-1
0|3839|0|METALF10|EV002238|13792|6472.0|3832.0|280.0|1|0|0|8.0|192.0|1|3|-1
1|37191|1|ORUST05|EV002239|13795|6480.0|3832.0|280.0|-1.0|0.0|0|8.0|80.0|1|2|-1
1|37192|1|QMET01|EV002240|13797|6472.0|3832.0|280.0|0.0|1.0|0|8.0|80.0|1|2|-1
1|37193|1|ORUST05|EV002241|13799|6472.0|4024.0|280.0|1.0|0.0|0|8.0|80.0|1|2|-1
1|37194|0|QMET01|EV002242|13801|6472.0|3840.0|352.0|0.0|1.0|0|176.0|8.0|3|1|-1
1|37194|2|QMET01|EV002243|13804|6472.0|3840.0|280.0|0.0|1.0|0|176.0|8.0|3|1|-1
1|37198|1|QMET01|EV002244|13807|6472.0|4016.0|280.0|0.0|1.0|0|8.0|80.0|1|2|-1
0|3840|0|METALF24|EV002245|13809|6464.0|3840.0|288.0|1|0|0|8.0|176.0|1|3|-1
1|37196|1|QMET01|EV002246|13812|6472.0|3840.0|288.0|-1.0|0.0|0|8.0|64.0|1|1|-1
1|37199|1|QMET01|EV002247|13813|6464.0|4016.0|288.0|1.0|0.0|0|8.0|64.0|1|1|-1
0|3841|0|METALF10|EV002248|13814|6472.0|4352.0|280.0|1|0|0|8.0|192.0|1|3|-1
1|37203|1|ORUST05|EV002249|13817|6480.0|4352.0|280.0|-1.0|0.0|0|8.0|80.0|1|2|-1
1|37204|1|QMET01|EV002250|13819|6472.0|4352.0|280.0|0.0|1.0|0|8.0|80.0|1|2|-1
1|37205|1|ORUST05|EV002251|13821|6472.0|4544.0|280.0|1.0|0.0|0|8.0|80.0|1|2|-1
1|37206|0|QMET01|EV002252|13823|6472.0|4360.0|352.0|0.0|1.0|0|176.0|8.0|3|1|-1
1|37206|2|QMET01|EV002253|13826|6472.0|4360.0|280.0|0.0|1.0|0|176.0|8.0|3|1|-1
1|37210|1|QMET01|EV002254|13829|6472.0|4536.0|280.0|0.0|1.0|0|8.0|80.0|1|2|-1
0|3842|0|METALF24|EV002255|13831|6464.0|4360.0|288.0|1|0|0|8.0|176.0|1|3|-1
1|37208|1|QMET01|EV002256|13834|6472.0|4360.0|288.0|-1.0|0.0|0|8.0|64.0|1|1|-1
1|37211|1|QMET01|EV002257|13835|6464.0|4536.0|288.0|1.0|0.0|0|8.0|64.0|1|1|-1
0|3843|0|METALF10|EV002258|13836|6144.0|4728.0|280.0|1|0|0|192.0|8.0|3|1|-1
1|37215|1|ORUST05|EV002259|13839|6336.0|4736.0|280.0|0.0|-1.0|0|8.0|80.0|1|2|-1
1|37216|1|QMET01|EV002260|13841|6336.0|4728.0|280.0|-1.0|0.0|0|8.0|80.0|1|2|-1
1|37217|1|ORUST05|EV002261|13843|6144.0|4728.0|280.0|0.0|1.0|0|8.0|80.0|1|2|-1
1|37218|0|QMET01|EV002262|13845|6328.0|4728.0|352.0|-1.0|0.0|0|176.0|8.0|3|1|-1
1|37218|2|QMET01|EV002263|13848|6328.0|4728.0|280.0|-1.0|0.0|0|176.0|8.0|3|1|-1
1|37222|1|QMET01|EV002264|13851|6152.0|4728.0|280.0|-1.0|0.0|0|8.0|80.0|1|2|-1
0|3844|0|METALF24|EV002265|13853|6152.0|4720.0|288.0|1|0|0|176.0|8.0|3|1|-1
1|37220|1|QMET01|EV002266|13856|6328.0|4728.0|288.0|0.0|-1.0|0|8.0|64.0|1|1|-1
1|37223|1|QMET01|EV002267|13857|6152.0|4720.0|288.0|0.0|1.0|0|8.0|64.0|1|1|-1
0|3845|0|METALF10|EV002268|13858|5568.0|4728.0|280.0|1|0|0|192.0|8.0|3|1|-1
1|37227|1|ORUST05|EV002269|13861|5760.0|4736.0|280.0|0.0|-1.0|0|8.0|80.0|1|2|-1
1|37228|1|QMET01|EV002270|13863|5760.0|4728.0|280.0|-1.0|0.0|0|8.0|80.0|1|2|-1
1|37229|1|ORUST05|EV002271|13865|5568.0|4728.0|280.0|0.0|1.0|0|8.0|80.0|1|2|-1
1|37230|0|QMET01|EV002272|13867|5752.0|4728.0|352.0|-1.0|0.0|0|176.0|8.0|3|1|-1
1|37230|2|QMET01|EV002273|13870|5752.0|4728.0|280.0|-1.0|0.0|0|176.0|8.0|3|1|-1
1|37234|1|QMET01|EV002274|13873|5576.0|4728.0|280.0|-1.0|0.0|0|8.0|80.0|1|2|-1
0|3846|0|METALF24|EV002275|13875|5576.0|4720.0|288.0|1|0|0|176.0|8.0|3|1|-1
1|37232|1|QMET01|EV002276|13878|5752.0|4728.0|288.0|0.0|-1.0|0|8.0|64.0|1|1|-1
1|37235|1|QMET01|EV002277|13879|5576.0|4720.0|288.0|0.0|1.0|0|8.0|64.0|1|1|-1
0|3847|0|METALF10|EV002278|13880|5384.0|4864.0|280.0|1|0|0|8.0|192.0|1|3|-1
1|37239|1|ORUST05|EV002279|13883|5392.0|4864.0|280.0|-1.0|0.0|0|8.0|80.0|1|2|-1
1|37240|1|QMET01|EV002280|13885|5384.0|4864.0|280.0|0.0|1.0|0|8.0|80.0|1|2|-1
1|37241|1|ORUST05|EV002281|13887|5384.0|5056.0|280.0|1.0|0.0|0|8.0|80.0|1|2|-1
1|37242|0|QMET01|EV002282|13889|5384.0|4872.0|352.0|0.0|1.0|0|176.0|8.0|3|1|-1
1|37242|2|QMET01|EV002283|13892|5384.0|4872.0|280.0|0.0|1.0|0|176.0|8.0|3|1|-1
1|37246|1|QMET01|EV002284|13895|5384.0|5048.0|280.0|0.0|1.0|0|8.0|80.0|1|2|-1
0|3848|0|METALF24|EV002285|13897|5376.0|4872.0|288.0|1|0|0|8.0|176.0|1|3|-1
1|37244|1|QMET01|EV002286|13900|5384.0|4872.0|288.0|-1.0|0.0|0|8.0|64.0|1|1|-1
1|37247|1|QMET01|EV002287|13901|5376.0|5048.0|288.0|1.0|0.0|0|8.0|64.0|1|1|-1
0|3849|0|METALF10|EV002288|13902|5384.0|5312.0|280.0|1|0|0|8.0|192.0|1|3|-1
1|37251|1|ORUST05|EV002289|13905|5392.0|5312.0|280.0|-1.0|0.0|0|8.0|80.0|1|2|-1
1|37252|1|QMET01|EV002290|13907|5384.0|5312.0|280.0|0.0|1.0|0|8.0|80.0|1|2|-1
1|37253|1|ORUST05|EV002291|13909|5384.0|5504.0|280.0|1.0|0.0|0|8.0|80.0|1|2|-1
1|37254|0|QMET01|EV002292|13911|5384.0|5320.0|352.0|0.0|1.0|0|176.0|8.0|3|1|-1
1|37254|2|QMET01|EV002293|13914|5384.0|5320.0|280.0|0.0|1.0|0|176.0|8.0|3|1|-1
1|37258|1|QMET01|EV002294|13917|5384.0|5496.0|280.0|0.0|1.0|0|8.0|80.0|1|2|-1
0|3850|0|METALF24|EV002295|13919|5376.0|5320.0|288.0|1|0|0|8.0|176.0|1|3|-1
1|37256|1|QMET01|EV002296|13922|5384.0|5320.0|288.0|-1.0|0.0|0|8.0|64.0|1|1|-1
1|37259|1|QMET01|EV002297|13923|5376.0|5496.0|288.0|1.0|0.0|0|8.0|64.0|1|1|-1
0|3851|0|XA11TEX|EV002298|13924|6784.0|3520.0|256.0|1|0|0|272.0|1488.0|5|12|-1
1|37285|1|QROCK3X8|EV002299|13984|6784.0|3520.0|256.0|0.0|1.0|0|24.0|128.0|1|2|-1
1|37286|1|QROCK3X8|EV002300|13986|6784.0|4928.0|256.0|0.9284766908852594|0.3713906763541037|0|86.16263691415206|128.0|2|2|-1
1|37287|1|QROCK3X8|EV002301|13990|6864.0|4960.0|256.0|0.7071067811865476|0.7071067811865476|0|67.88225099390856|128.0|2|2|-1
1|37288|1|QROCK3X8|EV002302|13994|6912.0|5008.0|256.0|0.9805806756909202|-0.19611613513818404|0|81.58431221748455|128.0|2|2|-1
1|37289|1|QROCK3X8|EV002303|13998|6992.0|4992.0|256.0|0.31622776601683794|-0.9486832980505138|0|50.59644256269407|128.0|1|2|-1
1|37290|1|QROCK3X8|EV002304|14000|7008.0|4944.0|256.0|0.9486832980505138|-0.31622776601683794|0|50.59644256269407|128.0|1|2|-1
1|37303|1|QROCK3X8|EV002305|14002|6880.0|3568.0|256.0|-0.7071067811865475|-0.7071067811865475|0|45.254833995939045|128.0|1|2|-1
1|37304|1|QROCK3X8|EV002306|14004|6848.0|3536.0|256.0|-0.9701425001453319|-0.24253562503633297|0|65.96969000988257|128.0|2|2|-1
1|37306|1|QROCK3X8|EV002307|14008|6928.0|3568.0|256.0|-1.0|0.0|0|48.0|128.0|1|2|-1
1|37387|1|QROCK3X8|EV002308|14010|6784.0|4624.0|256.0|0.0|1.0|0|112.0|128.0|2|2|-1
1|37406|1|QROCK3X8|EV002309|14014|6784.0|4328.0|256.0|0.0|1.0|0|104.0|128.0|2|2|-1
1|37425|1|QROCK3X8|EV002310|14018|6784.0|4032.0|256.0|0.0|1.0|0|104.0|128.0|2|2|-1
1|37444|1|QROCK3X8|EV002311|14022|6784.0|3736.0|256.0|0.0|1.0|0|104.0|128.0|2|2|-1
1|37291|1|QROCK3X8|EV002312|14026|7056.0|4928.0|128.0|0.9486832980505138|0.31622776601683794|0|101.19288512538814|384.0|2|6|-1
1|37292|1|QROCK3X8|EV002313|14038|7152.0|4960.0|128.0|0.8320502943378437|0.5547001962252291|0|57.688820407423826|384.0|1|6|-1
1|37293|1|QROCK3X8|EV002314|14044|7200.0|4992.0|128.0|0.0|1.0|0|96.0|384.0|2|6|-1
1|37297|1|QROCK3X8|EV002315|14056|7184.0|3536.0|128.0|-0.5547001962252291|0.8320502943378437|0|57.688820407423826|384.0|1|6|-1
1|37298|1|QROCK3X8|EV002316|14062|7152.0|3584.0|128.0|-1.0|0.0|0|80.0|384.0|2|6|-1
1|37299|1|QROCK3X8|EV002317|14074|7072.0|3584.0|128.0|-0.5547001962252291|-0.8320502943378437|0|57.688820407423826|384.0|1|6|-1
1|37300|1|QROCK3X8|EV002318|14080|7040.0|3536.0|128.0|-0.9486832980505138|0.31622776601683794|0|50.59644256269407|384.0|1|6|-1
1|37301|1|QROCK3X8|EV002319|14086|6992.0|3552.0|128.0|-0.7071067811865475|0.7071067811865475|0|22.627416997969522|384.0|1|6|-1
1|37302|1|QROCK3X8|EV002320|14092|6976.0|3568.0|128.0|-1.0|0.0|0|48.0|384.0|1|6|-1
1|37305|1|QROCK3X8|EV002321|14098|7184.0|3488.0|128.0|0.0|1.0|0|48.0|384.0|1|6|-1
1|37307|0|QROCK3X8|EV002322|14104|6928.0|3568.0|384.0|-0.8|0.6|0|80.0|128.0|2|2|-1
1|37307|2|QROCK3X8|EV002323|14108|6928.0|3568.0|128.0|-0.8|0.6|0|80.0|128.0|2|2|-1
1|37309|0|QROCK3X8|EV002324|14112|6864.0|3616.0|384.0|0.0|1.0|0|64.0|128.0|1|2|-1
1|37309|2|QROCK3X8|EV002325|14114|6864.0|3616.0|128.0|0.0|1.0|0|64.0|128.0|1|2|-1
1|37311|0|QROCK3X8|EV002326|14116|6864.0|3680.0|384.0|-0.7071067811865476|0.7071067811865476|0|67.88225099390856|128.0|2|2|-1
1|37311|2|QROCK3X8|EV002327|14120|6864.0|3680.0|128.0|-0.7071067811865476|0.7071067811865476|0|67.88225099390856|128.0|2|2|-1
1|37313|0|QROCK3X8|EV002328|14124|6816.0|3728.0|384.0|0.1643989873053573|0.9863939238321437|0|97.32420048477151|128.0|2|2|-1
1|37313|2|QROCK3X8|EV002329|14128|6816.0|3728.0|128.0|0.1643989873053573|0.9863939238321437|0|97.32420048477151|128.0|2|2|-1
1|37315|0|QROCK3X8|EV002330|14132|6832.0|3824.0|384.0|0.8320502943378437|0.5547001962252291|0|57.688820407423826|128.0|1|2|-1
1|37315|2|QROCK3X8|EV002331|14134|6832.0|3824.0|128.0|0.8320502943378437|0.5547001962252291|0|57.688820407423826|128.0|1|2|-1
1|37317|0|QROCK3X8|EV002332|14136|6880.0|3856.0|384.0|0.0|1.0|0|112.0|128.0|2|2|-1
1|37317|2|QROCK3X8|EV002333|14140|6880.0|3856.0|128.0|0.0|1.0|0|112.0|128.0|2|2|-1
1|37319|0|QROCK3X8|EV002334|14144|6880.0|3968.0|384.0|-0.7071067811865475|0.7071067811865475|0|45.254833995939045|128.0|1|2|-1
1|37319|2|QROCK3X8|EV002335|14146|6880.0|3968.0|128.0|-0.7071067811865475|0.7071067811865475|0|45.254833995939045|128.0|1|2|-1
1|37321|0|QROCK3X8|EV002336|14148|6848.0|4000.0|384.0|0.0|1.0|0|80.0|128.0|2|2|-1
1|37321|2|QROCK3X8|EV002337|14152|6848.0|4000.0|128.0|0.0|1.0|0|80.0|128.0|2|2|-1
1|37323|0|QROCK3X8|EV002338|14156|6848.0|4080.0|384.0|-0.31622776601683794|0.9486832980505138|0|101.19288512538814|128.0|2|2|-1
1|37323|2|QROCK3X8|EV002339|14160|6848.0|4080.0|128.0|-0.31622776601683794|0.9486832980505138|0|101.19288512538814|128.0|2|2|-1
1|37325|0|QROCK3X8|EV002340|14164|6816.0|4176.0|384.0|0.24253562503633297|0.9701425001453319|0|65.96969000988257|128.0|2|2|-1
1|37325|2|QROCK3X8|EV002341|14168|6816.0|4176.0|128.0|0.24253562503633297|0.9701425001453319|0|65.96969000988257|128.0|2|2|-1
1|37327|0|QROCK3X8|EV002342|14172|6832.0|4240.0|384.0|0.4472135954999579|0.8944271909999159|0|71.55417527999327|128.0|2|2|-1
1|37327|2|QROCK3X8|EV002343|14176|6832.0|4240.0|128.0|0.4472135954999579|0.8944271909999159|0|71.55417527999327|128.0|2|2|-1
1|37329|0|QROCK3X8|EV002344|14180|6864.0|4304.0|384.0|0.0|1.0|0|80.0|128.0|2|2|-1
1|37329|2|QROCK3X8|EV002345|14184|6864.0|4304.0|128.0|0.0|1.0|0|80.0|128.0|2|2|-1
1|37331|0|QROCK3X8|EV002346|14188|6864.0|4384.0|384.0|-0.8944271909999159|0.4472135954999579|0|35.77708763999664|128.0|1|2|-1
1|37331|2|QROCK3X8|EV002347|14190|6864.0|4384.0|128.0|-0.8944271909999159|0.4472135954999579|0|35.77708763999664|128.0|1|2|-1
1|37333|0|QROCK3X8|EV002348|14192|6832.0|4400.0|384.0|-0.19611613513818404|0.9805806756909202|0|81.58431221748455|128.0|2|2|-1
1|37333|2|QROCK3X8|EV002349|14196|6832.0|4400.0|128.0|-0.19611613513818404|0.9805806756909202|0|81.58431221748455|128.0|2|2|-1
1|37335|0|QROCK3X8|EV002350|14200|6816.0|4480.0|384.0|0.12403473458920847|0.9922778767136677|0|128.9961239727768|128.0|3|2|-1
1|37335|2|QROCK3X8|EV002351|14206|6816.0|4480.0|128.0|0.12403473458920847|0.9922778767136677|0|128.9961239727768|128.0|3|2|-1
1|37337|0|QROCK3X8|EV002352|14212|6832.0|4608.0|384.0|-0.24253562503633297|0.9701425001453319|0|65.96969000988257|128.0|2|2|-1
1|37337|2|QROCK3X8|EV002353|14216|6832.0|4608.0|128.0|-0.24253562503633297|0.9701425001453319|0|65.96969000988257|128.0|2|2|-1
1|37339|0|QROCK3X8|EV002354|14220|6816.0|4672.0|384.0|0.19611613513818404|0.9805806756909202|0|81.58431221748455|128.0|2|2|-1
1|37339|2|QROCK3X8|EV002355|14224|6816.0|4672.0|128.0|0.19611613513818404|0.9805806756909202|0|81.58431221748455|128.0|2|2|-1
1|37341|0|QROCK3X8|EV002356|14228|6832.0|4752.0|384.0|0.9486832980505138|0.31622776601683794|0|50.59644256269407|128.0|1|2|-1
1|37341|2|QROCK3X8|EV002357|14230|6832.0|4752.0|128.0|0.9486832980505138|0.31622776601683794|0|50.59644256269407|128.0|1|2|-1
1|37343|0|QROCK3X8|EV002358|14232|6880.0|4768.0|384.0|0.0|1.0|0|80.0|128.0|2|2|-1
1|37343|2|QROCK3X8|EV002359|14236|6880.0|4768.0|128.0|0.0|1.0|0|80.0|128.0|2|2|-1
1|37345|0|QROCK3X8|EV002360|14240|6880.0|4848.0|384.0|0.5547001962252291|0.8320502943378437|0|57.688820407423826|128.0|1|2|-1
1|37345|2|QROCK3X8|EV002361|14242|6880.0|4848.0|128.0|0.5547001962252291|0.8320502943378437|0|57.688820407423826|128.0|1|2|-1
1|37347|0|QROCK3X8|EV002362|14244|6912.0|4896.0|384.0|1.0|0.0|0|80.0|128.0|2|2|-1
1|37347|2|QROCK3X8|EV002363|14248|6912.0|4896.0|128.0|1.0|0.0|0|80.0|128.0|2|2|-1
1|37349|0|QROCK3X8|EV002364|14252|6992.0|4896.0|384.0|0.8944271909999159|0.4472135954999579|0|71.55417527999327|128.0|2|2|-1
1|37349|2|QROCK3X8|EV002365|14256|6992.0|4896.0|128.0|0.8944271909999159|0.4472135954999579|0|71.55417527999327|128.0|2|2|-1
0|3853|0|METALF10|EV002366|14260|6736.0|4736.0|280.0|1|0|0|8.0|192.0|1|3|-1
1|37353|1|ORUST05|EV002367|14263|6736.0|4928.0|280.0|1.0|0.0|0|8.0|80.0|1|2|-1
1|37354|1|QMET01|EV002368|14265|6744.0|4928.0|280.0|0.0|-1.0|0|8.0|80.0|1|2|-1
1|37355|1|ORUST05|EV002369|14267|6744.0|4736.0|280.0|-1.0|0.0|0|8.0|80.0|1|2|-1
1|37356|0|QMET01|EV002370|14269|6744.0|4920.0|352.0|0.0|-1.0|0|176.0|8.0|3|1|-1
1|37356|2|QMET01|EV002371|14272|6744.0|4920.0|280.0|0.0|-1.0|0|176.0|8.0|3|1|-1
1|37361|1|QMET01|EV002372|14275|6744.0|4744.0|280.0|0.0|-1.0|0|8.0|80.0|1|2|-1
0|3854|0|METALF24|EV002373|14277|6744.0|4744.0|288.0|1|0|0|8.0|176.0|1|3|-1
1|37358|1|QMET01|EV002374|14280|6744.0|4920.0|288.0|1.0|0.0|0|8.0|64.0|1|1|-1
1|37362|1|QMET01|EV002375|14281|6752.0|4744.0|288.0|-1.0|0.0|0|8.0|64.0|1|1|-1
0|3855|0|XA11TEX|EV002376|14282|6752.0|4736.0|256.0|1|0|0|32.0|192.0|1|3|-1
1|37360|0|QROCK3X8|EV002377|14285|6752.0|4744.0|352.0|0.0|1.0|0|176.0|32.0|3|1|-1
1|37360|2|QROCK3X8|EV002378|14288|6752.0|4744.0|256.0|0.0|1.0|0|176.0|32.0|3|1|-1
1|37364|1|QROCK3X8|EV002379|14291|6752.0|4920.0|256.0|0.9701425001453319|0.24253562503633297|0|32.984845004941285|128.0|1|2|-1
1|37367|1|QROCK3X8|EV002380|14293|6760.0|4744.0|256.0|-1.0|0.0|0|8.0|128.0|1|2|-1
1|37368|1|QROCK3X8|EV002381|14295|6784.0|4736.0|256.0|-0.9486832980505138|0.31622776601683794|0|25.298221281347036|128.0|1|2|-1
0|3856|0|METALF10|EV002382|14297|6736.0|4432.0|280.0|1|0|0|8.0|192.0|1|3|-1
1|37371|1|ORUST05|EV002383|14300|6736.0|4624.0|280.0|1.0|0.0|0|8.0|80.0|1|2|-1
1|37372|1|QMET01|EV002384|14302|6744.0|4624.0|280.0|0.0|-1.0|0|8.0|80.0|1|2|-1
1|37373|1|ORUST05|EV002385|14304|6744.0|4432.0|280.0|-1.0|0.0|0|8.0|80.0|1|2|-1
1|37374|0|QMET01|EV002386|14306|6744.0|4616.0|352.0|0.0|-1.0|0|176.0|8.0|3|1|-1
1|37374|2|QMET01|EV002387|14309|6744.0|4616.0|280.0|0.0|-1.0|0|176.0|8.0|3|1|-1
1|37379|1|QMET01|EV002388|14312|6744.0|4440.0|280.0|0.0|-1.0|0|8.0|80.0|1|2|-1
0|3857|0|XA11TEX|EV002389|14314|6752.0|4432.0|256.0|1|0|0|32.0|192.0|1|3|-1
1|37378|0|QROCK3X8|EV002390|14317|6752.0|4440.0|352.0|0.0|1.0|0|176.0|32.0|3|1|-1
1|37378|2|QROCK3X8|EV002391|14320|6752.0|4440.0|256.0|0.0|1.0|0|176.0|32.0|3|1|-1
1|37381|1|QROCK3X8|EV002392|14323|6752.0|4616.0|256.0|0.9701425001453319|0.24253562503633297|0|32.984845004941285|128.0|1|2|-1
1|37384|1|QROCK3X8|EV002393|14325|6760.0|4440.0|256.0|-1.0|0.0|0|8.0|128.0|1|2|-1
1|37385|1|QROCK3X8|EV002394|14327|6784.0|4432.0|256.0|-0.9486832980505138|0.31622776601683794|0|25.298221281347036|128.0|1|2|-1
0|3858|0|METALF24|EV002395|14329|6744.0|4440.0|288.0|1|0|0|8.0|176.0|1|3|-1
1|37376|1|QMET01|EV002396|14332|6744.0|4616.0|288.0|1.0|0.0|0|8.0|64.0|1|1|-1
1|37380|1|QMET01|EV002397|14333|6752.0|4440.0|288.0|-1.0|0.0|0|8.0|64.0|1|1|-1
0|3859|0|METALF10|EV002398|14334|6736.0|4136.0|280.0|1|0|0|8.0|192.0|1|3|-1
1|37390|1|ORUST05|EV002399|14337|6736.0|4328.0|280.0|1.0|0.0|0|8.0|80.0|1|2|-1
1|37391|1|QMET01|EV002400|14339|6744.0|4328.0|280.0|0.0|-1.0|0|8.0|80.0|1|2|-1
1|37392|1|ORUST05|EV002401|14341|6744.0|4136.0|280.0|-1.0|0.0|0|8.0|80.0|1|2|-1
1|37393|0|QMET01|EV002402|14343|6744.0|4320.0|352.0|0.0|-1.0|0|176.0|8.0|3|1|-1
1|37393|2|QMET01|EV002403|14346|6744.0|4320.0|280.0|0.0|-1.0|0|176.0|8.0|3|1|-1
1|37398|1|QMET01|EV002404|14349|6744.0|4144.0|280.0|0.0|-1.0|0|8.0|80.0|1|2|-1
0|3860|0|XA11TEX|EV002405|14351|6752.0|4136.0|256.0|1|0|0|32.0|192.0|1|3|-1
1|37397|0|QROCK3X8|EV002406|14354|6752.0|4144.0|352.0|0.0|1.0|0|176.0|32.0|3|1|-1
1|37397|2|QROCK3X8|EV002407|14357|6752.0|4144.0|256.0|0.0|1.0|0|176.0|32.0|3|1|-1
1|37400|1|QROCK3X8|EV002408|14360|6752.0|4320.0|256.0|0.9701425001453319|0.24253562503633297|0|32.984845004941285|128.0|1|2|-1
1|37403|1|QROCK3X8|EV002409|14362|6760.0|4144.0|256.0|-1.0|0.0|0|8.0|128.0|1|2|-1
1|37404|1|QROCK3X8|EV002410|14364|6784.0|4136.0|256.0|-0.9486832980505138|0.31622776601683794|0|25.298221281347036|128.0|1|2|-1
0|3861|0|METALF24|EV002411|14366|6744.0|4144.0|288.0|1|0|0|8.0|176.0|1|3|-1
1|37395|1|QMET01|EV002412|14369|6744.0|4320.0|288.0|1.0|0.0|0|8.0|64.0|1|1|-1
1|37399|1|QMET01|EV002413|14370|6752.0|4144.0|288.0|-1.0|0.0|0|8.0|64.0|1|1|-1
0|3862|0|METALF10|EV002414|14371|6736.0|3840.0|280.0|1|0|0|8.0|192.0|1|3|-1
1|37409|1|ORUST05|EV002415|14374|6736.0|4032.0|280.0|1.0|0.0|0|8.0|80.0|1|2|-1
1|37410|1|QMET01|EV002416|14376|6744.0|4032.0|280.0|0.0|-1.0|0|8.0|80.0|1|2|-1
1|37411|1|ORUST05|EV002417|14378|6744.0|3840.0|280.0|-1.0|0.0|0|8.0|80.0|1|2|-1
1|37412|0|QMET01|EV002418|14380|6744.0|4024.0|352.0|0.0|-1.0|0|176.0|8.0|3|1|-1
1|37412|2|QMET01|EV002419|14383|6744.0|4024.0|280.0|0.0|-1.0|0|176.0|8.0|3|1|-1
1|37417|1|QMET01|EV002420|14386|6744.0|3848.0|280.0|0.0|-1.0|0|8.0|80.0|1|2|-1
0|3863|0|XA11TEX|EV002421|14388|6752.0|3840.0|256.0|1|0|0|32.0|192.0|1|3|-1
1|37416|0|QROCK3X8|EV002422|14391|6752.0|3848.0|352.0|0.0|1.0|0|176.0|32.0|3|1|-1
1|37416|2|QROCK3X8|EV002423|14394|6752.0|3848.0|256.0|0.0|1.0|0|176.0|32.0|3|1|-1
1|37419|1|QROCK3X8|EV002424|14397|6752.0|4024.0|256.0|0.9701425001453319|0.24253562503633297|0|32.984845004941285|128.0|1|2|-1
1|37422|1|QROCK3X8|EV002425|14399|6760.0|3848.0|256.0|-1.0|0.0|0|8.0|128.0|1|2|-1
1|37423|1|QROCK3X8|EV002426|14401|6784.0|3840.0|256.0|-0.9486832980505138|0.31622776601683794|0|25.298221281347036|128.0|1|2|-1
0|3864|0|METALF24|EV002427|14403|6744.0|3848.0|288.0|1|0|0|8.0|176.0|1|3|-1
1|37414|1|QMET01|EV002428|14406|6744.0|4024.0|288.0|1.0|0.0|0|8.0|64.0|1|1|-1
1|37418|1|QMET01|EV002429|14407|6752.0|3848.0|288.0|-1.0|0.0|0|8.0|64.0|1|1|-1
0|3865|0|METALF10|EV002430|14408|6736.0|3544.0|280.0|1|0|0|8.0|192.0|1|3|-1
1|37428|1|ORUST05|EV002431|14411|6736.0|3736.0|280.0|1.0|0.0|0|8.0|80.0|1|2|-1
1|37429|1|QMET01|EV002432|14413|6744.0|3736.0|280.0|0.0|-1.0|0|8.0|80.0|1|2|-1
1|37430|1|ORUST05|EV002433|14415|6744.0|3544.0|280.0|-1.0|0.0|0|8.0|80.0|1|2|-1
1|37431|0|QMET01|EV002434|14417|6744.0|3728.0|352.0|0.0|-1.0|0|176.0|8.0|3|1|-1
1|37431|2|QMET01|EV002435|14420|6744.0|3728.0|280.0|0.0|-1.0|0|176.0|8.0|3|1|-1
1|37436|1|QMET01|EV002436|14423|6744.0|3552.0|280.0|0.0|-1.0|0|8.0|80.0|1|2|-1
0|3866|0|XA11TEX|EV002437|14425|6752.0|3544.0|256.0|1|0|0|32.0|192.0|1|3|-1
1|37435|0|QROCK3X8|EV002438|14428|6752.0|3552.0|352.0|0.0|1.0|0|176.0|32.0|3|1|-1
1|37435|2|QROCK3X8|EV002439|14431|6752.0|3552.0|256.0|0.0|1.0|0|176.0|32.0|3|1|-1
1|37438|1|QROCK3X8|EV002440|14434|6752.0|3728.0|256.0|0.9701425001453319|0.24253562503633297|0|32.984845004941285|128.0|1|2|-1
1|37441|1|QROCK3X8|EV002441|14436|6760.0|3552.0|256.0|-1.0|0.0|0|8.0|128.0|1|2|-1
1|37442|1|QROCK3X8|EV002442|14438|6784.0|3544.0|256.0|-0.9486832980505138|0.31622776601683794|0|25.298221281347036|128.0|1|2|-1
0|3867|0|METALF24|EV002443|14440|6744.0|3552.0|288.0|1|0|0|8.0|176.0|1|3|-1
1|37433|1|QMET01|EV002444|14443|6744.0|3728.0|288.0|1.0|0.0|0|8.0|64.0|1|1|-1
1|37437|1|QMET01|EV002445|14444|6752.0|3552.0|288.0|-1.0|0.0|0|8.0|64.0|1|1|-1
0|3868|0|CFLOOR3|EV002446|14445|6712.0|4368.0|256.0|1|0|0|24.0|32.0|1|1|-1
1|37445|1|ORUST05|EV002447|14446|6736.0|4400.0|256.0|0.0|-1.0|0|32.0|88.0|1|2|-1
0|3869|0|CFLOOR3|EV002448|14448|5392.0|3456.0|256.0|1|0|0|1344.0|2208.0|12|12|-1
1|36221|1|ORUST05|EV002449|14592|6304.0|3648.0|256.0|0.0|1.0|0|32.0|128.0|1|2|-1
1|36222|1|ORUST05|EV002450|14594|6304.0|3488.0|256.0|0.0|1.0|0|32.0|128.0|1|2|-1
1|36223|1|ORUST05|EV002451|14596|6336.0|3456.0|256.0|-0.7071067811865475|0.7071067811865475|0|45.254833995939045|128.0|1|2|-1
1|36224|1|ORUST05|EV002452|14598|6704.0|3456.0|256.0|-1.0|0.0|0|368.0|128.0|6|2|-1
1|36225|1|ORUST05|EV002453|14610|6736.0|3488.0|256.0|-0.7071067811865475|-0.7071067811865475|0|45.254833995939045|128.0|1|2|-1
1|36226|1|ORUST05|EV002454|14612|6736.0|4960.0|256.0|0.0|-1.0|0|32.0|128.0|1|2|-1
1|36227|1|ORUST05|EV002455|14614|6704.0|4992.0|256.0|0.7071067811865475|-0.7071067811865475|0|45.254833995939045|128.0|1|2|-1
1|36228|1|ORUST05|EV002456|14616|5680.0|4992.0|256.0|1.0|0.0|0|16.0|128.0|1|2|-1
1|36229|1|ORUST05|EV002457|14618|5648.0|5024.0|256.0|0.7071067811865475|-0.7071067811865475|0|45.254833995939045|128.0|1|2|-1
1|36230|1|ORUST05|EV002458|14620|5648.0|5632.0|256.0|0.0|-1.0|0|16.0|128.0|1|2|-1
1|36231|1|ORUST05|EV002459|14622|5616.0|5664.0|256.0|0.7071067811865475|-0.7071067811865475|0|45.254833995939045|128.0|1|2|-1
1|36235|1|ORUST05|EV002460|14624|5424.0|5664.0|256.0|1.0|0.0|0|32.0|128.0|1|2|-1
1|36236|1|ORUST05|EV002461|14626|5392.0|5632.0|256.0|0.7071067811865475|0.7071067811865475|0|45.254833995939045|128.0|1|2|-1
1|36237|1|ORUST05|EV002462|14628|5392.0|4768.0|256.0|0.0|1.0|0|96.0|128.0|2|2|-1
1|36238|1|ORUST05|EV002463|14632|5424.0|4736.0|256.0|-0.7071067811865475|0.7071067811865475|0|45.254833995939045|128.0|1|2|-1
1|36239|1|ORUST05|EV002464|14634|6448.0|4736.0|256.0|-1.0|0.0|0|112.0|128.0|2|2|-1
1|36240|1|ORUST05|EV002465|14638|6480.0|4704.0|256.0|-0.7071067811865475|0.7071067811865475|0|45.254833995939045|128.0|1|2|-1
1|36241|1|ORUST05|EV002466|14640|6480.0|3744.0|256.0|0.0|1.0|0|88.0|128.0|2|2|-1
1|36242|1|ORUST05|EV002467|14644|6448.0|3712.0|256.0|0.7071067811865475|0.7071067811865475|0|45.254833995939045|128.0|1|2|-1
1|36243|1|ORUST05|EV002468|14646|6336.0|3712.0|256.0|1.0|0.0|0|24.0|128.0|1|2|-1
1|36244|1|ORUST05|EV002469|14648|6304.0|3680.0|256.0|0.7071067811865475|0.7071067811865475|0|45.254833995939045|128.0|1|2|-1
1|37190|0|ORUST05|EV002470|14650|6480.0|3832.0|360.0|0.0|1.0|0|192.0|24.0|3|1|-1
1|37190|2|ORUST05|EV002471|14653|6480.0|3832.0|256.0|0.0|1.0|0|192.0|24.0|3|1|-1
1|37200|1|ORUST05|EV002472|14656|6480.0|4024.0|256.0|0.0|1.0|0|40.0|128.0|1|2|-1
1|37202|0|ORUST05|EV002473|14658|6480.0|4352.0|360.0|0.0|1.0|0|192.0|24.0|3|1|-1
1|37202|2|ORUST05|EV002474|14661|6480.0|4352.0|256.0|0.0|1.0|0|192.0|24.0|3|1|-1
1|37212|1|ORUST05|EV002475|14664|6480.0|4544.0|256.0|0.0|1.0|0|64.0|128.0|1|2|-1
1|37214|0|ORUST05|EV002476|14666|6336.0|4736.0|360.0|-1.0|0.0|0|192.0|24.0|3|1|-1
1|37214|2|ORUST05|EV002477|14669|6336.0|4736.0|256.0|-1.0|0.0|0|192.0|24.0|3|1|-1
1|37224|1|ORUST05|EV002478|14672|6144.0|4736.0|256.0|-1.0|0.0|0|192.0|128.0|3|2|-1
1|37226|0|ORUST05|EV002479|14678|5760.0|4736.0|360.0|-1.0|0.0|0|192.0|24.0|3|1|-1
1|37226|2|ORUST05|EV002480|14681|5760.0|4736.0|256.0|-1.0|0.0|0|192.0|24.0|3|1|-1
1|37236|1|ORUST05|EV002481|14684|5568.0|4736.0|256.0|-1.0|0.0|0|144.0|128.0|3|2|-1
1|37238|0|ORUST05|EV002482|14690|5392.0|4864.0|360.0|0.0|1.0|0|192.0|24.0|3|1|-1
1|37238|2|ORUST05|EV002483|14693|5392.0|4864.0|256.0|0.0|1.0|0|192.0|24.0|3|1|-1
1|37248|1|ORUST05|EV002484|14696|5392.0|5056.0|256.0|0.0|1.0|0|96.0|128.0|2|2|-1
1|37250|0|ORUST05|EV002485|14700|5392.0|5312.0|360.0|0.0|1.0|0|192.0|24.0|3|1|-1
1|37250|2|ORUST05|EV002486|14703|5392.0|5312.0|256.0|0.0|1.0|0|192.0|24.0|3|1|-1
1|37260|1|ORUST05|EV002487|14706|5392.0|5504.0|256.0|0.0|1.0|0|128.0|128.0|2|2|-1
1|37261|1|ORUST05|EV002488|14710|5392.0|5216.0|256.0|0.0|1.0|0|96.0|128.0|2|2|-1
1|37262|1|ORDEMON1|EV002489|14714|5392.0|5152.0|256.0|1.0|0.0|0|8.0|128.0|1|2|-1
1|37263|1|ORDEMON1|EV002490|14716|5400.0|5216.0|256.0|-1.0|0.0|0|8.0|128.0|1|2|-1
1|37264|1|ORDEMON1|EV002491|14718|5400.0|5152.0|256.0|0.0|1.0|0|64.0|128.0|1|2|-1
1|37265|1|ORUST05|EV002492|14720|5888.0|4736.0|256.0|-1.0|0.0|0|128.0|128.0|2|2|-1
1|37266|1|ORDEMON1|EV002493|14724|5952.0|4736.0|256.0|0.0|1.0|0|8.0|128.0|1|2|-1
1|37267|1|ORDEMON1|EV002494|14726|5952.0|4744.0|256.0|-1.0|0.0|0|64.0|128.0|1|2|-1
1|37268|1|ORDEMON1|EV002495|14728|5888.0|4744.0|256.0|0.0|-1.0|0|8.0|128.0|1|2|-1
1|37269|1|ORUST05|EV002496|14730|6480.0|4672.0|256.0|0.0|1.0|0|32.0|128.0|1|2|-1
1|37270|1|ORDEMON1|EV002497|14732|6480.0|4608.0|256.0|1.0|0.0|0|8.0|128.0|1|2|-1
1|37271|1|ORDEMON1|EV002498|14734|6488.0|4608.0|256.0|0.0|1.0|0|64.0|128.0|1|2|-1
1|37272|1|ORDEMON1|EV002499|14736|6488.0|4672.0|256.0|-1.0|0.0|0|8.0|128.0|1|2|-1
1|37273|1|ORUST05|EV002500|14738|6480.0|4288.0|256.0|0.0|1.0|0|64.0|128.0|1|2|-1
1|37274|1|ORDEMON1|EV002501|14740|6488.0|4288.0|256.0|-1.0|0.0|0|8.0|128.0|1|2|-1
1|37275|1|ORDEMON1|EV002502|14742|6480.0|4224.0|256.0|1.0|0.0|0|8.0|128.0|1|2|-1
1|37276|1|ORDEMON1|EV002503|14744|6488.0|4224.0|256.0|0.0|1.0|0|64.0|128.0|1|2|-1
1|37277|1|ORDEMON1|EV002504|14746|6480.0|4064.0|256.0|1.0|0.0|0|8.0|128.0|1|2|-1
1|37278|1|ORUST05|EV002505|14748|6480.0|4128.0|256.0|0.0|1.0|0|96.0|128.0|2|2|-1
1|37279|1|ORDEMON1|EV002506|14752|6488.0|4064.0|256.0|0.0|1.0|0|64.0|128.0|1|2|-1
1|37280|1|ORDEMON1|EV002507|14754|6488.0|4128.0|256.0|-1.0|0.0|0|8.0|128.0|1|2|-1
1|37281|1|ORDEMON1|EV002508|14756|6360.0|3712.0|256.0|0.0|-1.0|0|8.0|128.0|1|2|-1
1|37282|1|ORUST05|EV002509|14758|6424.0|3712.0|256.0|1.0|0.0|0|24.0|128.0|1|2|-1
1|37283|1|ORDEMON1|EV002510|14760|6424.0|3704.0|256.0|0.0|1.0|0|8.0|128.0|1|2|-1
1|37284|1|ORDEMON1|EV002511|14762|6360.0|3704.0|256.0|1.0|0.0|0|64.0|128.0|1|2|-1
1|37352|0|ORUST05|EV002512|14764|6736.0|4928.0|360.0|0.0|-1.0|0|192.0|24.0|3|1|-1
1|37352|2|ORUST05|EV002513|14767|6736.0|4928.0|256.0|0.0|-1.0|0|192.0|24.0|3|1|-1
1|37363|1|ORUST05|EV002514|14770|6736.0|4736.0|256.0|0.0|-1.0|0|36.0|128.0|1|2|-1
1|37370|0|ORUST05|EV002515|14772|6736.0|4624.0|360.0|0.0|-1.0|0|192.0|24.0|3|1|-1
1|37370|2|ORUST05|EV002516|14775|6736.0|4624.0|256.0|0.0|-1.0|0|192.0|24.0|3|1|-1
1|37386|1|ORUST05|EV002517|14778|6736.0|4432.0|256.0|0.0|-1.0|0|28.0|128.0|1|2|-1
1|37389|0|ORUST05|EV002518|14780|6736.0|4328.0|360.0|0.0|-1.0|0|192.0|24.0|3|1|-1
1|37389|2|ORUST05|EV002519|14783|6736.0|4328.0|256.0|0.0|-1.0|0|192.0|24.0|3|1|-1
1|37405|1|ORUST05|EV002520|14786|6736.0|4136.0|256.0|0.0|-1.0|0|36.0|128.0|1|2|-1
1|37408|0|ORUST05|EV002521|14788|6736.0|4032.0|360.0|0.0|-1.0|0|192.0|24.0|3|1|-1
1|37408|2|ORUST05|EV002522|14791|6736.0|4032.0|256.0|0.0|-1.0|0|192.0|24.0|3|1|-1
1|37424|1|ORUST05|EV002523|14794|6736.0|3840.0|256.0|0.0|-1.0|0|36.0|128.0|1|2|-1
1|37427|0|ORUST05|EV002524|14796|6736.0|3736.0|360.0|0.0|-1.0|0|192.0|24.0|3|1|-1
1|37427|2|ORUST05|EV002525|14799|6736.0|3736.0|256.0|0.0|-1.0|0|192.0|24.0|3|1|-1
1|37443|1|ORUST05|EV002526|14802|6736.0|3544.0|256.0|0.0|-1.0|0|8.0|128.0|1|2|-1
1|37454|0|METALF18|EV002527|14804|6736.0|4404.0|376.0|-1.0|0.0|0|24.0|8.0|1|1|-1
1|37458|0|METALF18|EV002528|14805|6708.0|4400.0|376.0|0.0|-1.0|0|32.0|8.0|1|1|-1
1|37462|1|ORUST05|EV002529|14806|6736.0|4364.0|256.0|0.0|-1.0|0|36.0|128.0|1|2|-1
1|37463|0|METALF18|EV002530|14808|6712.0|4364.0|376.0|1.0|0.0|0|24.0|8.0|1|1|-1
1|37474|0|METALF18|EV002531|14809|6736.0|4700.0|376.0|-1.0|0.0|0|24.0|8.0|1|1|-1
1|37478|0|METALF18|EV002532|14810|6708.0|4696.0|376.0|0.0|-1.0|0|32.0|8.0|1|1|-1
1|37482|0|METALF18|EV002533|14811|6712.0|4660.0|376.0|1.0|0.0|0|24.0|8.0|1|1|-1
1|37484|1|ORUST05|EV002534|14812|6736.0|4660.0|256.0|0.0|-1.0|0|36.0|128.0|1|2|-1
1|37494|0|METALF18|EV002535|14814|6736.0|4100.0|376.0|-1.0|0.0|0|24.0|8.0|1|1|-1
1|37498|0|METALF18|EV002536|14815|6708.0|4096.0|376.0|0.0|-1.0|0|32.0|8.0|1|1|-1
1|37502|0|METALF18|EV002537|14816|6712.0|4060.0|376.0|1.0|0.0|0|24.0|8.0|1|1|-1
1|37504|1|ORUST05|EV002538|14817|6736.0|4060.0|256.0|0.0|-1.0|0|28.0|128.0|1|2|-1
1|37514|0|METALF18|EV002539|14819|6736.0|3804.0|376.0|-1.0|0.0|0|24.0|8.0|1|1|-1
1|37518|0|METALF18|EV002540|14820|6708.0|3800.0|376.0|0.0|-1.0|0|32.0|8.0|1|1|-1
1|37522|0|METALF18|EV002541|14821|6712.0|3764.0|376.0|1.0|0.0|0|24.0|8.0|1|1|-1
1|37524|1|ORUST05|EV002542|14822|6736.0|3764.0|256.0|0.0|-1.0|0|28.0|128.0|1|2|-1
1|37534|0|METALF18|EV002543|14824|6736.0|3536.0|376.0|-1.0|0.0|0|24.0|8.0|1|1|-1
1|37538|0|METALF18|EV002544|14825|6708.0|3532.0|376.0|0.0|-1.0|0|32.0|8.0|1|1|-1
1|37542|0|METALF18|EV002545|14826|6712.0|3496.0|376.0|1.0|0.0|0|24.0|8.0|1|1|-1
1|37544|1|ORUST05|EV002546|14827|6736.0|3496.0|256.0|0.0|-1.0|0|8.0|128.0|1|2|-1
1|40406|0|ORUST05|EV002547|14829|6400.0|4992.0|360.0|1.0|0.0|0|192.0|24.0|3|1|-1
1|40406|2|ORUST05|EV002548|14832|6400.0|4992.0|256.0|1.0|0.0|0|192.0|24.0|3|1|-1
1|40416|1|ORUST05|EV002549|14835|6592.0|4992.0|256.0|1.0|0.0|0|32.0|128.0|1|2|-1
1|40418|0|ORUST05|EV002550|14837|6032.0|4992.0|360.0|1.0|0.0|0|192.0|24.0|3|1|-1
1|40418|2|ORUST05|EV002551|14840|6032.0|4992.0|256.0|1.0|0.0|0|192.0|24.0|3|1|-1
1|40428|1|ORUST05|EV002552|14843|6224.0|4992.0|256.0|1.0|0.0|0|48.0|128.0|1|2|-1
1|40430|0|ORUST05|EV002553|14845|5696.0|4992.0|360.0|1.0|0.0|0|192.0|24.0|3|1|-1
1|40430|2|ORUST05|EV002554|14848|5696.0|4992.0|256.0|1.0|0.0|0|192.0|24.0|3|1|-1
1|40440|1|ORUST05|EV002555|14851|5888.0|4992.0|256.0|1.0|0.0|0|32.0|128.0|1|2|-1
1|40442|0|ORUST05|EV002556|14853|5648.0|5616.0|360.0|0.0|-1.0|0|192.0|24.0|3|1|-1
1|40442|2|ORUST05|EV002557|14856|5648.0|5616.0|256.0|0.0|-1.0|0|192.0|24.0|3|1|-1
1|40452|1|ORUST05|EV002558|14859|5648.0|5424.0|256.0|0.0|-1.0|0|48.0|128.0|1|2|-1
1|40454|0|ORUST05|EV002559|14861|5648.0|5256.0|360.0|0.0|-1.0|0|192.0|24.0|3|1|-1
1|40454|2|ORUST05|EV002560|14864|5648.0|5256.0|256.0|0.0|-1.0|0|192.0|24.0|3|1|-1
1|40464|1|ORUST05|EV002561|14867|5648.0|5064.0|256.0|0.0|-1.0|0|40.0|128.0|1|2|-1
1|40681|1|ORDEMON1|EV002562|14869|6624.0|4992.0|256.0|0.0|-1.0|0|8.0|128.0|1|2|-1
1|40682|1|ORUST05|EV002563|14871|6688.0|4992.0|256.0|1.0|0.0|0|16.0|128.0|1|2|-1
1|40683|1|ORDEMON1|EV002564|14873|6688.0|4984.0|256.0|0.0|1.0|0|8.0|128.0|1|2|-1
1|40684|1|ORDEMON1|EV002565|14875|6624.0|4984.0|256.0|1.0|0.0|0|64.0|128.0|1|2|-1
1|40685|1|ORDEMON1|EV002566|14877|6272.0|4992.0|256.0|0.0|-1.0|0|8.0|128.0|1|2|-1
1|40686|1|ORUST05|EV002567|14879|6336.0|4992.0|256.0|1.0|0.0|0|64.0|128.0|1|2|-1
1|40687|1|ORDEMON1|EV002568|14881|6336.0|4984.0|256.0|0.0|1.0|0|8.0|128.0|1|2|-1
1|40688|1|ORDEMON1|EV002569|14883|6272.0|4984.0|256.0|1.0|0.0|0|64.0|128.0|1|2|-1
1|40689|1|ORDEMON1|EV002570|14885|5920.0|4992.0|256.0|0.0|-1.0|0|8.0|128.0|1|2|-1
1|40690|1|ORUST05|EV002571|14887|5984.0|4992.0|256.0|1.0|0.0|0|48.0|128.0|1|2|-1
1|40691|1|ORDEMON1|EV002572|14889|5984.0|4984.0|256.0|0.0|1.0|0|8.0|128.0|1|2|-1
1|40692|1|ORDEMON1|EV002573|14891|5920.0|4984.0|256.0|1.0|0.0|0|64.0|128.0|1|2|-1
1|40693|1|ORDEMON1|EV002574|14893|5648.0|5376.0|256.0|-1.0|0.0|0|8.0|128.0|1|2|-1
1|40694|1|ORUST05|EV002575|14895|5648.0|5312.0|256.0|0.0|-1.0|0|56.0|128.0|1|2|-1
1|40695|1|ORDEMON1|EV002576|14897|5640.0|5376.0|256.0|0.0|-1.0|0|64.0|128.0|1|2|-1
1|40696|1|ORDEMON1|EV002577|14899|5640.0|5312.0|256.0|1.0|0.0|0|8.0|128.0|1|2|-1
1|40697|1|ORUST05|EV002578|14901|5584.0|5664.0|256.0|1.0|0.0|0|32.0|128.0|1|2|-1
0|3870|0|CFLOOR3|EV002579|14903|6712.0|4664.0|256.0|1|0|0|24.0|32.0|1|1|-1
1|37465|1|ORUST05|EV002580|14904|6736.0|4696.0|256.0|0.0|-1.0|0|32.0|88.0|1|2|-1
0|3871|0|CFLOOR3|EV002581|14906|6708.0|4660.0|256.0|1|0|0|28.0|40.0|1|1|-1
1|37467|0|METALF18|EV002582|14907|6736.0|4696.0|344.0|-1.0|0.0|0|24.0|32.0|1|1|-1
1|37470|0|METALF18|EV002583|14908|6712.0|4696.0|344.0|0.0|-1.0|0|32.0|32.0|1|1|-1
1|37472|0|METALF18|EV002584|14909|6712.0|4664.0|344.0|1.0|0.0|0|24.0|32.0|1|1|-1
0|3872|0|CFLOOR3|EV002585|14910|6712.0|4064.0|256.0|1|0|0|24.0|32.0|1|1|-1
1|37485|1|ORUST05|EV002586|14911|6736.0|4096.0|256.0|0.0|-1.0|0|32.0|88.0|1|2|-1
0|3873|0|CFLOOR3|EV002587|14913|6708.0|4060.0|256.0|1|0|0|28.0|40.0|1|1|-1
1|37487|0|METALF18|EV002588|14914|6736.0|4096.0|344.0|-1.0|0.0|0|24.0|32.0|1|1|-1
1|37490|0|METALF18|EV002589|14915|6712.0|4096.0|344.0|0.0|-1.0|0|32.0|32.0|1|1|-1
1|37492|0|METALF18|EV002590|14916|6712.0|4064.0|344.0|1.0|0.0|0|24.0|32.0|1|1|-1
0|3874|0|CFLOOR3|EV002591|14917|6712.0|3768.0|256.0|1|0|0|24.0|32.0|1|1|-1
1|37505|1|ORUST05|EV002592|14918|6736.0|3800.0|256.0|0.0|-1.0|0|32.0|88.0|1|2|-1
0|3875|0|CFLOOR3|EV002593|14920|6708.0|3764.0|256.0|1|0|0|28.0|40.0|1|1|-1
1|37507|0|METALF18|EV002594|14921|6736.0|3800.0|344.0|-1.0|0.0|0|24.0|32.0|1|1|-1
1|37510|0|METALF18|EV002595|14922|6712.0|3800.0|344.0|0.0|-1.0|0|32.0|32.0|1|1|-1
1|37512|0|METALF18|EV002596|14923|6712.0|3768.0|344.0|1.0|0.0|0|24.0|32.0|1|1|-1
0|3876|0|CFLOOR3|EV002597|14924|6712.0|3500.0|256.0|1|0|0|24.0|32.0|1|1|-1
1|37525|1|ORUST05|EV002598|14925|6736.0|3532.0|256.0|0.0|-1.0|0|32.0|88.0|1|2|-1
0|3877|0|CFLOOR3|EV002599|14927|6708.0|3496.0|256.0|1|0|0|28.0|40.0|1|1|-1
1|37527|0|METALF18|EV002600|14928|6736.0|3532.0|344.0|-1.0|0.0|0|24.0|32.0|1|1|-1
1|37530|0|METALF18|EV002601|14929|6712.0|3532.0|344.0|0.0|-1.0|0|32.0|32.0|1|1|-1
1|37532|0|METALF18|EV002602|14930|6712.0|3500.0|344.0|1.0|0.0|0|24.0|32.0|1|1|-1
0|3878|0|QROCK3X8|EV002603|14931|6520.0|3712.0|240.0|1|0|0|8.0|32.0|1|1|-1
1|37551|0|IKWALL75|EV002604|14932|6520.0|3712.0|392.0|0.0|1.0|0|32.0|32.0|1|1|-1
1|37551|2|QMET01|EV002605|14933|6520.0|3712.0|240.0|0.0|1.0|0|32.0|8.0|1|1|-1
0|3879|0|QROCK3X8|EV002606|14934|6520.0|3904.0|240.0|1|0|0|8.0|32.0|1|1|-1
1|37559|0|IKWALL75|EV002607|14935|6520.0|3904.0|392.0|0.0|1.0|0|32.0|32.0|1|1|-1
1|37559|2|QMET01|EV002608|14936|6520.0|3904.0|240.0|0.0|1.0|0|32.0|8.0|1|1|-1
0|3880|0|QROCK3X8|EV002609|14937|6520.0|4096.0|240.0|1|0|0|8.0|32.0|1|1|-1
1|37569|0|IKWALL75|EV002610|14938|6520.0|4096.0|392.0|0.0|1.0|0|32.0|32.0|1|1|-1
1|37569|2|QMET01|EV002611|14939|6520.0|4096.0|240.0|0.0|1.0|0|32.0|8.0|1|1|-1
0|3881|0|QROCK3X8|EV002612|14940|6520.0|4288.0|240.0|1|0|0|8.0|32.0|1|1|-1
1|37579|0|IKWALL75|EV002613|14941|6520.0|4288.0|392.0|0.0|1.0|0|32.0|32.0|1|1|-1
1|37579|2|QMET01|EV002614|14942|6520.0|4288.0|240.0|0.0|1.0|0|32.0|8.0|1|1|-1
0|3882|0|QROCK3X8|EV002615|14943|6520.0|4480.0|240.0|1|0|0|8.0|32.0|1|1|-1
1|37589|0|IKWALL75|EV002616|14944|6520.0|4480.0|392.0|0.0|1.0|0|32.0|32.0|1|1|-1
1|37589|2|QMET01|EV002617|14945|6520.0|4480.0|240.0|0.0|1.0|0|32.0|8.0|1|1|-1
0|3883|0|QROCK3X8|EV002618|14946|6520.0|4608.0|240.0|1|0|0|8.0|32.0|1|1|-1
1|37599|0|IKWALL75|EV002619|14947|6520.0|4608.0|392.0|0.0|1.0|0|32.0|32.0|1|1|-1
1|37599|2|QMET01|EV002620|14948|6520.0|4608.0|240.0|0.0|1.0|0|32.0|8.0|1|1|-1
0|3884|0|QROCK3X8|EV002621|14949|6520.0|4736.0|240.0|1|0|0|8.0|32.0|1|1|-1
1|37609|0|IKWALL75|EV002622|14950|6520.0|4736.0|392.0|0.0|1.0|0|32.0|32.0|1|1|-1
1|37609|2|QMET01|EV002623|14951|6520.0|4736.0|240.0|0.0|1.0|0|32.0|8.0|1|1|-1
0|3885|0|QROCK3X8|EV002624|14952|6624.0|4944.0|240.0|1|0|0|32.0|8.0|1|1|-1
1|37619|0|IKWALL75|EV002625|14953|6624.0|4952.0|392.0|1.0|0.0|0|32.0|32.0|1|1|-1
1|37619|2|QMET01|EV002626|14954|6624.0|4952.0|240.0|1.0|0.0|0|32.0|8.0|1|1|-1
0|3886|0|QROCK3X8|EV002627|14955|6344.0|4944.0|240.0|1|0|0|32.0|8.0|1|1|-1
1|37629|0|IKWALL75|EV002628|14956|6344.0|4952.0|392.0|1.0|0.0|0|32.0|32.0|1|1|-1
1|37629|2|QMET01|EV002629|14957|6344.0|4952.0|240.0|1.0|0.0|0|32.0|8.0|1|1|-1
0|3887|0|QROCK3X8|EV002630|14958|6120.0|4944.0|240.0|1|0|0|32.0|8.0|1|1|-1
1|37639|0|IKWALL75|EV002631|14959|6120.0|4952.0|392.0|1.0|0.0|0|32.0|32.0|1|1|-1
1|37639|2|QMET01|EV002632|14960|6120.0|4952.0|240.0|1.0|0.0|0|32.0|8.0|1|1|-1
0|3888|0|QROCK3X8|EV002633|14961|5976.0|4944.0|240.0|1|0|0|32.0|8.0|1|1|-1
1|37649|0|IKWALL75|EV002634|14962|5976.0|4952.0|392.0|1.0|0.0|0|32.0|32.0|1|1|-1
1|37649|2|QMET01|EV002635|14963|5976.0|4952.0|240.0|1.0|0.0|0|32.0|8.0|1|1|-1
0|3889|0|QROCK3X8|EV002636|14964|5776.0|4944.0|240.0|1|0|0|32.0|8.0|1|1|-1
1|37659|0|IKWALL75|EV002637|14965|5776.0|4952.0|392.0|1.0|0.0|0|32.0|32.0|1|1|-1
1|37659|2|QMET01|EV002638|14966|5776.0|4952.0|240.0|1.0|0.0|0|32.0|8.0|1|1|-1
0|3890|0|QROCK3X8|EV002639|14967|5632.0|4944.0|240.0|1|0|0|32.0|8.0|1|1|-1
1|37669|0|IKWALL75|EV002640|14968|5632.0|4952.0|392.0|1.0|0.0|0|32.0|32.0|1|1|-1
1|37669|2|QMET01|EV002641|14969|5632.0|4952.0|240.0|1.0|0.0|0|32.0|8.0|1|1|-1
0|3891|0|QROCK3X8|EV002642|14970|5480.0|5616.0|240.0|1|0|0|32.0|8.0|1|1|-1
1|37679|0|IKWALL75|EV002643|14971|5480.0|5624.0|392.0|1.0|0.0|0|32.0|32.0|1|1|-1
1|37679|2|QMET01|EV002644|14972|5480.0|5624.0|240.0|1.0|0.0|0|32.0|8.0|1|1|-1
0|3892|0|QROCK3X8|EV002645|14973|6392.0|3664.0|240.0|1|0|0|32.0|8.0|1|1|-1
1|37689|0|IKWALL75|EV002646|14974|6392.0|3672.0|392.0|1.0|0.0|0|32.0|32.0|1|1|-1
1|37689|2|QMET01|EV002647|14975|6392.0|3672.0|240.0|1.0|0.0|0|32.0|8.0|1|1|-1
0|3893|0|QROCK3X8|EV002648|14976|6344.0|3520.0|240.0|1|0|0|8.0|32.0|1|1|-1
1|37699|0|IKWALL75|EV002649|14977|6344.0|3520.0|392.0|0.0|1.0|0|32.0|32.0|1|1|-1
1|37699|2|QMET01|EV002650|14978|6344.0|3520.0|240.0|0.0|1.0|0|32.0|8.0|1|1|-1
0|3894|0|QROCK3X8|EV002651|14979|6688.0|3552.0|240.0|1|0|0|8.0|32.0|1|1|-1
1|37709|0|IKWALL75|EV002652|14980|6696.0|3584.0|392.0|0.0|-1.0|0|32.0|32.0|1|1|-1
1|37709|2|QMET01|EV002653|14981|6696.0|3584.0|240.0|0.0|-1.0|0|32.0|8.0|1|1|-1
0|3895|0|QROCK3X8|EV002654|14982|6688.0|3680.0|240.0|1|0|0|8.0|32.0|1|1|-1
1|37719|0|IKWALL75|EV002655|14983|6696.0|3712.0|392.0|0.0|-1.0|0|32.0|32.0|1|1|-1
1|37719|2|QMET01|EV002656|14984|6696.0|3712.0|240.0|0.0|-1.0|0|32.0|8.0|1|1|-1
0|3896|0|QROCK3X8|EV002657|14985|6688.0|3984.0|240.0|1|0|0|8.0|32.0|1|1|-1
1|37729|0|IKWALL75|EV002658|14986|6696.0|4016.0|392.0|0.0|-1.0|0|32.0|32.0|1|1|-1
1|37729|2|QMET01|EV002659|14987|6696.0|4016.0|240.0|0.0|-1.0|0|32.0|8.0|1|1|-1
0|3897|0|QROCK3X8|EV002660|14988|6688.0|4208.0|240.0|1|0|0|8.0|32.0|1|1|-1
1|37739|0|IKWALL75|EV002661|14989|6696.0|4240.0|392.0|0.0|-1.0|0|32.0|32.0|1|1|-1
1|37739|2|QMET01|EV002662|14990|6696.0|4240.0|240.0|0.0|-1.0|0|32.0|8.0|1|1|-1
0|3898|0|QROCK3X8|EV002663|14991|6688.0|4400.0|240.0|1|0|0|8.0|32.0|1|1|-1
1|37749|0|IKWALL75|EV002664|14992|6696.0|4432.0|392.0|0.0|-1.0|0|32.0|32.0|1|1|-1
1|37749|2|QMET01|EV002665|14993|6696.0|4432.0|240.0|0.0|-1.0|0|32.0|8.0|1|1|-1
0|3899|0|QROCK3X8|EV002666|14994|6688.0|4712.0|240.0|1|0|0|8.0|32.0|1|1|-1
1|37759|0|IKWALL75|EV002667|14995|6696.0|4744.0|392.0|0.0|-1.0|0|32.0|32.0|1|1|-1
1|37759|2|QMET01|EV002668|14996|6696.0|4744.0|240.0|0.0|-1.0|0|32.0|8.0|1|1|-1
0|3900|0|QROCK3X8|EV002669|14997|6688.0|4856.0|240.0|1|0|0|8.0|32.0|1|1|-1
1|37769|0|IKWALL75|EV002670|14998|6696.0|4888.0|392.0|0.0|-1.0|0|32.0|32.0|1|1|-1
1|37769|2|QMET01|EV002671|14999|6696.0|4888.0|240.0|0.0|-1.0|0|32.0|8.0|1|1|-1
0|3901|0|QROCK3X8|EV002672|15000|5600.0|5496.0|240.0|1|0|0|8.0|32.0|1|1|-1
1|37779|0|IKWALL75|EV002673|15001|5608.0|5528.0|392.0|0.0|-1.0|0|32.0|32.0|1|1|-1
1|37779|2|QMET01|EV002674|15002|5608.0|5528.0|240.0|0.0|-1.0|0|32.0|8.0|1|1|-1
0|3902|0|QROCK3X8|EV002675|15003|5600.0|5304.0|240.0|1|0|0|8.0|32.0|1|1|-1
1|37789|0|IKWALL75|EV002676|15004|5608.0|5336.0|392.0|0.0|-1.0|0|32.0|32.0|1|1|-1
1|37789|2|QMET01|EV002677|15005|5608.0|5336.0|240.0|0.0|-1.0|0|32.0|8.0|1|1|-1
0|3903|0|QROCK3X8|EV002678|15006|5600.0|5072.0|240.0|1|0|0|8.0|32.0|1|1|-1
1|37799|0|IKWALL75|EV002679|15007|5608.0|5104.0|392.0|0.0|-1.0|0|32.0|32.0|1|1|-1
1|37799|2|QMET01|EV002680|15008|5608.0|5104.0|240.0|0.0|-1.0|0|32.0|8.0|1|1|-1
0|3904|0|QROCK3X8|EV002681|15009|5432.0|4856.0|240.0|1|0|0|8.0|32.0|1|1|-1
1|37809|0|IKWALL75|EV002682|15010|5432.0|4856.0|392.0|0.0|1.0|0|32.0|32.0|1|1|-1
1|37809|2|QMET01|EV002683|15011|5432.0|4856.0|240.0|0.0|1.0|0|32.0|8.0|1|1|-1
0|3905|0|QROCK3X8|EV002684|15012|5432.0|5104.0|240.0|1|0|0|8.0|32.0|1|1|-1
1|37819|0|IKWALL75|EV002685|15013|5432.0|5104.0|392.0|0.0|1.0|0|32.0|32.0|1|1|-1
1|37819|2|QMET01|EV002686|15014|5432.0|5104.0|240.0|0.0|1.0|0|32.0|8.0|1|1|-1
0|3906|0|QROCK3X8|EV002687|15015|5432.0|5304.0|240.0|1|0|0|8.0|32.0|1|1|-1
1|37829|0|IKWALL75|EV002688|15016|5432.0|5304.0|392.0|0.0|1.0|0|32.0|32.0|1|1|-1
1|37829|2|QMET01|EV002689|15017|5432.0|5304.0|240.0|0.0|1.0|0|32.0|8.0|1|1|-1
0|3907|0|QROCK3X8|EV002690|15018|5432.0|5536.0|240.0|1|0|0|8.0|32.0|1|1|-1
1|37839|0|IKWALL75|EV002691|15019|5432.0|5536.0|392.0|0.0|1.0|0|32.0|32.0|1|1|-1
1|37839|2|QMET01|EV002692|15020|5432.0|5536.0|240.0|0.0|1.0|0|32.0|8.0|1|1|-1
0|3908|0|QROCK3X8|EV002693|15021|5536.0|4776.0|240.0|1|0|0|32.0|8.0|1|1|-1
1|37849|0|IKWALL75|EV002694|15022|5568.0|4776.0|392.0|-1.0|0.0|0|32.0|32.0|1|1|-1
1|37849|2|QMET01|EV002695|15023|5568.0|4776.0|240.0|-1.0|0.0|0|32.0|8.0|1|1|-1
0|3909|0|QROCK3X8|EV002696|15024|5856.0|4776.0|240.0|1|0|0|32.0|8.0|1|1|-1
1|37859|0|IKWALL75|EV002697|15025|5888.0|4776.0|392.0|-1.0|0.0|0|32.0|32.0|1|1|-1
1|37859|2|QMET01|EV002698|15026|5888.0|4776.0|240.0|-1.0|0.0|0|32.0|8.0|1|1|-1
0|3910|0|QROCK3X8|EV002699|15027|5912.0|4776.0|240.0|1|0|0|32.0|8.0|1|1|-1
1|37869|0|IKWALL75|EV002700|15028|5944.0|4776.0|392.0|-1.0|0.0|0|32.0|32.0|1|1|-1
1|37869|2|QMET01|EV002701|15029|5944.0|4776.0|240.0|-1.0|0.0|0|32.0|8.0|1|1|-1
0|3911|0|QROCK3X8|EV002702|15030|6232.0|4776.0|240.0|1|0|0|32.0|8.0|1|1|-1
1|37879|0|IKWALL75|EV002703|15031|6264.0|4776.0|392.0|-1.0|0.0|0|32.0|32.0|1|1|-1
1|37879|2|QMET01|EV002704|15032|6264.0|4776.0|240.0|-1.0|0.0|0|32.0|8.0|1|1|-1
0|3912|0|QROCK3X8|EV002705|15033|6480.0|4776.0|240.0|1|0|0|32.0|8.0|1|1|-1
1|37889|0|IKWALL75|EV002706|15034|6512.0|4776.0|392.0|-1.0|0.0|0|32.0|32.0|1|1|-1
1|37889|2|QMET01|EV002707|15035|6512.0|4776.0|240.0|-1.0|0.0|0|32.0|8.0|1|1|-1
0|3913|0|QROCK3X8|EV002708|15036|6408.0|3496.0|240.0|1|0|0|32.0|8.0|1|1|-1
1|37899|0|IKWALL75|EV002709|15037|6440.0|3496.0|392.0|-1.0|0.0|0|32.0|32.0|1|1|-1
1|37899|2|QMET01|EV002710|15038|6440.0|3496.0|240.0|-1.0|0.0|0|32.0|8.0|1|1|-1
0|4170|0|IKTKPN3|EV002711|15039|6144.0|3520.0|248.0|1|0|0|64.0|64.0|1|1|-1
0|4178|0|METALF15|EV002712|15040|4128.0|3728.0|0.0|1|0|0|592.0|776.0|10|12|-1
1|35577|1|ORUST05|EV002713|15160|4416.0|3904.0|0.0|0.0|1.0|0|88.0|384.0|2|6|-1
1|35585|1|ORUST05|EV002714|15172|4128.0|3904.0|0.0|1.0|0.0|0|96.0|384.0|2|6|-1
1|35586|1|ORUST05|EV002715|15184|4416.0|4448.0|0.0|1.0|0.0|0|8.0|384.0|1|6|-1
1|36167|1|ORUST05|EV002716|15190|4128.0|3728.0|0.0|0.0|1.0|0|48.0|384.0|1|6|-1
1|37915|0|ORUST05|EV002717|15196|4224.0|3904.0|328.0|1.0|0.0|0|128.0|56.0|2|1|-1
1|37920|1|ORUST05|EV002718|15198|4352.0|3904.0|0.0|1.0|0.0|0|64.0|384.0|1|6|-1
1|37965|1|ORUST05|EV002719|15204|4416.0|4416.0|0.0|0.0|1.0|0|32.0|384.0|1|6|-1
1|38122|0|ORUST05|EV002720|15210|4416.0|4208.0|304.0|0.0|1.0|0|64.0|80.0|1|2|-1
1|38122|2|ORUST05|EV002721|15212|4416.0|4208.0|0.0|0.0|1.0|0|64.0|224.0|1|4|-1
1|38125|1|ORUST05|EV002722|15216|4416.0|4272.0|0.0|0.0|1.0|0|8.0|384.0|1|6|-1
1|38142|0|ORUST05|EV002723|15222|4416.0|4136.0|304.0|0.0|1.0|0|64.0|80.0|1|2|-1
1|38142|2|ORUST05|EV002724|15224|4416.0|4136.0|0.0|0.0|1.0|0|64.0|224.0|1|4|-1
1|38145|1|ORUST05|EV002725|15228|4416.0|4200.0|0.0|0.0|1.0|0|8.0|384.0|1|6|-1
1|38162|0|ORUST05|EV002726|15234|4416.0|4096.0|304.0|0.0|1.0|0|32.0|80.0|1|2|-1
1|38162|2|ORUST05|EV002727|15236|4416.0|4096.0|0.0|0.0|1.0|0|32.0|224.0|1|4|-1
1|38165|1|ORUST05|EV002728|15240|4416.0|4128.0|0.0|0.0|1.0|0|8.0|384.0|1|6|-1
1|38607|1|QTWALL10|EV002729|15246|4512.0|4448.0|0.0|0.3656523724229935|0.9307514934403471|0|30.083217912982647|384.0|1|6|-1
1|38608|1|IKSUP5|EV002730|15252|4640.0|4448.0|0.0|1.0|0.0|0|16.0|384.0|1|6|-1
1|38662|1|QTWALL10|EV002731|15258|4628.0|4476.0|0.0|0.39391929857916763|-0.9191450300180578|0|30.463092423455635|384.0|1|6|-1
1|38663|1|QTWALL10|EV002732|15264|4605.0|4496.0|0.0|0.7546055221635046|-0.6561787149247866|0|30.479501308256342|384.0|1|6|-1
1|38664|1|QTWALL10|EV002733|15270|4576.0|4504.0|0.0|0.9639926182060737|-0.26592899812581344|0|30.083217912982647|384.0|1|6|-1
1|38665|1|QTWALL10|EV002734|15276|4546.0|4496.0|0.0|0.9662349396012463|0.25766265056033233|0|31.04834939252005|384.0|1|6|-1
1|38666|1|QTWALL10|EV002735|15282|4523.0|4476.0|0.0|0.7546055221635046|0.6561787149247866|0|30.479501308256342|384.0|1|6|-1
1|38713|0|QMET01|EV002736|15288|4528.0|4456.0|376.0|0.0|-1.0|0|32.0|8.0|1|1|-1
1|38713|2|QMET01|EV002737|15289|4528.0|4456.0|0.0|0.0|-1.0|0|32.0|8.0|1|1|-1
1|38715|0|QMET01|EV002738|15290|4560.0|4488.0|376.0|-0.7071067811865475|-0.7071067811865475|0|45.254833995939045|8.0|1|1|-1
1|38715|2|QMET01|EV002739|15291|4560.0|4488.0|0.0|-0.7071067811865475|-0.7071067811865475|0|45.254833995939045|8.0|1|1|-1
1|38717|0|QMET01|EV002740|15292|4592.0|4488.0|376.0|-1.0|0.0|0|32.0|8.0|1|1|-1
1|38717|2|QMET01|EV002741|15293|4592.0|4488.0|0.0|-1.0|0.0|0|32.0|8.0|1|1|-1
1|38719|0|QMET01|EV002742|15294|4624.0|4456.0|376.0|-0.7071067811865475|0.7071067811865475|0|45.254833995939045|8.0|1|1|-1
1|38719|2|QMET01|EV002743|15295|4624.0|4456.0|0.0|-0.7071067811865475|0.7071067811865475|0|45.254833995939045|8.0|1|1|-1
1|38721|0|QMET01|EV002744|15296|4624.0|4424.0|376.0|0.0|1.0|0|32.0|8.0|1|1|-1
1|38721|2|QMET01|EV002745|15297|4624.0|4424.0|0.0|0.0|1.0|0|32.0|8.0|1|1|-1
1|38723|0|QMET01|EV002746|15298|4592.0|4392.0|376.0|0.7071067811865475|0.7071067811865475|0|45.254833995939045|8.0|1|1|-1
1|38723|2|QMET01|EV002747|15299|4592.0|4392.0|0.0|0.7071067811865475|0.7071067811865475|0|45.254833995939045|8.0|1|1|-1
1|38725|0|QMET01|EV002748|15300|4560.0|4392.0|376.0|1.0|0.0|0|32.0|8.0|1|1|-1
1|38725|2|QMET01|EV002749|15301|4560.0|4392.0|0.0|1.0|0.0|0|32.0|8.0|1|1|-1
1|38727|0|QMET01|EV002750|15302|4528.0|4424.0|376.0|0.7071067811865475|-0.7071067811865475|0|45.254833995939045|8.0|1|1|-1
1|38727|2|QMET01|EV002751|15303|4528.0|4424.0|0.0|0.7071067811865475|-0.7071067811865475|0|45.254833995939045|8.0|1|1|-1
1|38864|1|IKSUP5|EV002752|15304|4496.0|4448.0|0.0|1.0|0.0|0|16.0|384.0|1|6|-1
1|38865|1|ORUST05|EV002753|15310|4656.0|4448.0|0.0|1.0|0.0|0|64.0|384.0|1|6|-1
1|40137|1|ORUST05|EV002754|15316|4128.0|3840.0|0.0|0.0|1.0|0|64.0|384.0|1|6|-1
1|40139|0|ORUST05|EV002755|15322|4128.0|3776.0|256.0|0.0|1.0|0|64.0|128.0|1|2|-1
1|40139|2|ORUST05|EV002756|15324|4128.0|3776.0|0.0|0.0|1.0|0|64.0|128.0|1|2|-1
1|40280|2|IKWALL10|EV002757|15326|4424.0|4096.0|0.0|-1.0|0.0|0|8.0|128.0|1|2|-1
1|40282|2|IKWALL10|EV002758|15328|4424.0|4032.0|0.0|0.0|1.0|0|64.0|128.0|1|2|-1
1|40284|0|ORUST05|EV002759|15330|4416.0|3992.0|304.0|0.0|1.0|0|40.0|80.0|1|2|-1
1|40284|2|ORUST05|EV002760|15332|4416.0|3992.0|0.0|0.0|1.0|0|40.0|224.0|1|4|-1
1|40286|2|IKWALL10|EV002761|15336|4416.0|4032.0|0.0|1.0|0.0|0|8.0|128.0|1|2|-1
1|40287|0|ORUST05|EV002762|15338|4416.0|4384.0|304.0|0.0|1.0|0|32.0|80.0|1|2|-1
1|40287|2|ORUST05|EV002763|15340|4416.0|4384.0|0.0|0.0|1.0|0|32.0|224.0|1|4|-1
1|40290|2|IKWALL10|EV002764|15344|4424.0|4384.0|0.0|-1.0|0.0|0|8.0|128.0|1|2|-1
1|40292|2|IKWALL10|EV002765|15346|4424.0|4320.0|0.0|0.0|1.0|0|64.0|128.0|1|2|-1
1|40294|0|ORUST05|EV002766|15348|4416.0|4280.0|304.0|0.0|1.0|0|40.0|80.0|1|2|-1
1|40294|2|ORUST05|EV002767|15350|4416.0|4280.0|0.0|0.0|1.0|0|40.0|224.0|1|4|-1
1|40296|2|IKWALL10|EV002768|15354|4416.0|4320.0|0.0|1.0|0.0|0|8.0|128.0|1|2|-1
1|40402|1|ORUST05|EV002769|15356|4488.0|4448.0|0.0|1.0|0.0|0|8.0|384.0|1|6|-1
0|4185|0|METALF15|EV002770|15362|4071.0|3360.0|0.0|1|0|0|1049.0|1144.0|12|12|-1
1|35578|1|ORUST05|EV002771|15506|4128.0|3360.0|0.0|0.0|1.0|0|32.0|384.0|1|6|-1
1|35581|1|ORUST05|EV002772|15512|5120.0|3360.0|0.0|-1.0|0.0|0|64.0|384.0|1|6|-1
1|35584|2|ORUST05|EV002773|15518|5120.0|3456.0|0.0|0.0|-1.0|0|96.0|256.0|2|4|-1
1|35588|2|ORUST05|EV002774|15526|5120.0|3936.0|0.0|0.0|-1.0|0|32.0|128.0|1|2|-1
1|35593|2|QFLAT06|EV002775|15528|5120.0|4352.0|0.0|0.0|-1.0|0|64.0|136.0|1|3|-1
1|35649|2|ORUST05|EV002776|15531|5120.0|4448.0|0.0|0.0|-1.0|0|96.0|128.0|2|2|-1
1|35655|2|QFLAT06|EV002777|15535|5120.0|4096.0|0.0|0.0|-1.0|0|64.0|136.0|1|3|-1
1|36145|1|ORUST05|EV002778|15538|4880.0|4448.0|0.0|1.0|0.0|0|32.0|384.0|1|6|-1
1|36194|1|ORUST05|EV002779|15544|4776.0|3360.0|0.0|-1.0|0.0|0|24.0|384.0|1|6|-1
1|36196|0|ORUST05|EV002780|15550|4776.0|3376.0|128.0|0.0|-1.0|0|16.0|256.0|1|4|-1
1|36198|0|ORUST05|EV002781|15554|4784.0|3384.0|128.0|-0.7071067811865475|-0.7071067811865475|0|11.313708498984761|256.0|1|4|-1
1|36200|0|ORUST05|EV002782|15558|4944.0|3384.0|128.0|-1.0|0.0|0|160.0|256.0|3|4|-1
1|36202|0|ORUST05|EV002783|15570|4952.0|3376.0|128.0|-0.7071067811865475|0.7071067811865475|0|11.313708498984761|256.0|1|4|-1
1|36205|0|ORUST05|EV002784|15574|4952.0|3360.0|128.0|0.0|1.0|0|16.0|256.0|1|4|-1
1|38613|1|QTWALL10|EV002785|15578|4928.0|4448.0|0.0|0.3656523724229935|0.9307514934403471|0|30.083217912982647|384.0|1|6|-1
1|38614|1|IKSUP5|EV002786|15584|5056.0|4448.0|0.0|1.0|0.0|0|16.0|384.0|1|6|-1
1|38631|1|IKSUP5|EV002787|15590|4128.0|3536.0|0.0|0.0|1.0|0|16.0|384.0|1|6|-1
1|38636|1|QTWALL10|EV002788|15596|4128.0|3408.0|0.0|-0.9349975263177834|0.35465423412053854|0|31.016124838541646|384.0|1|6|-1
1|38647|1|QTWALL10|EV002789|15602|4099.0|3524.0|0.0|0.9240168324218909|0.3823517927262997|0|31.38470965295043|384.0|1|6|-1
1|38648|1|QTWALL10|EV002790|15608|4079.0|3501.0|0.0|0.6561787149247866|0.7546055221635046|0|30.479501308256342|384.0|1|6|-1
1|38649|1|QTWALL10|EV002791|15614|4071.0|3472.0|0.0|0.26592899812581344|0.9639926182060737|0|30.083217912982647|384.0|1|6|-1
1|38650|1|QTWALL10|EV002792|15620|4079.0|3442.0|0.0|-0.25766265056033233|0.9662349396012463|0|31.04834939252005|384.0|1|6|-1
1|38651|1|QTWALL10|EV002793|15626|4099.0|3419.0|0.0|-0.6561787149247866|0.7546055221635046|0|30.479501308256342|384.0|1|6|-1
1|38677|1|QTWALL10|EV002794|15632|5044.0|4476.0|0.0|0.39391929857916763|-0.9191450300180578|0|30.463092423455635|384.0|1|6|-1
1|38678|1|QTWALL10|EV002795|15638|5021.0|4496.0|0.0|0.7546055221635046|-0.6561787149247866|0|30.479501308256342|384.0|1|6|-1
1|38679|1|QTWALL10|EV002796|15644|4992.0|4504.0|0.0|0.9639926182060737|-0.26592899812581344|0|30.083217912982647|384.0|1|6|-1
1|38680|1|QTWALL10|EV002797|15650|4962.0|4496.0|0.0|0.9662349396012463|0.25766265056033233|0|31.04834939252005|384.0|1|6|-1
1|38681|1|QTWALL10|EV002798|15656|4939.0|4476.0|0.0|0.7546055221635046|0.6561787149247866|0|30.479501308256342|384.0|1|6|-1
1|38866|1|IKSUP5|EV002799|15662|4912.0|4448.0|0.0|1.0|0.0|0|16.0|384.0|1|6|-1
1|38867|1|ORUST05|EV002800|15668|5072.0|4448.0|0.0|1.0|0.0|0|48.0|384.0|1|6|-1
1|38868|1|IKSUP5|EV002801|15674|4128.0|3392.0|0.0|0.0|1.0|0|16.0|384.0|1|6|-1
1|38869|1|ORUST05|EV002802|15680|4128.0|3552.0|0.0|0.0|1.0|0|16.0|384.0|1|6|-1
1|38875|0|QMET01|EV002803|15686|4944.0|4456.0|376.0|0.0|-1.0|0|32.0|8.0|1|1|-1
1|38875|2|QMET01|EV002804|15687|4944.0|4456.0|0.0|0.0|-1.0|0|32.0|8.0|1|1|-1
1|38877|0|QMET01|EV002805|15688|4976.0|4488.0|376.0|-0.7071067811865475|-0.7071067811865475|0|45.254833995939045|8.0|1|1|-1
1|38877|2|QMET01|EV002806|15689|4976.0|4488.0|0.0|-0.7071067811865475|-0.7071067811865475|0|45.254833995939045|8.0|1|1|-1
1|38879|0|QMET01|EV002807|15690|5008.0|4488.0|376.0|-1.0|0.0|0|32.0|8.0|1|1|-1
1|38879|2|QMET01|EV002808|15691|5008.0|4488.0|0.0|-1.0|0.0|0|32.0|8.0|1|1|-1
1|38881|0|QMET01|EV002809|15692|5040.0|4456.0|376.0|-0.7071067811865475|0.7071067811865475|0|45.254833995939045|8.0|1|1|-1
1|38881|2|QMET01|EV002810|15693|5040.0|4456.0|0.0|-0.7071067811865475|0.7071067811865475|0|45.254833995939045|8.0|1|1|-1
1|38883|0|QMET01|EV002811|15694|5040.0|4424.0|376.0|0.0|1.0|0|32.0|8.0|1|1|-1
1|38883|2|QMET01|EV002812|15695|5040.0|4424.0|0.0|0.0|1.0|0|32.0|8.0|1|1|-1
1|38885|0|QMET01|EV002813|15696|5008.0|4392.0|376.0|0.7071067811865475|0.7071067811865475|0|45.254833995939045|8.0|1|1|-1
1|38885|2|QMET01|EV002814|15697|5008.0|4392.0|0.0|0.7071067811865475|0.7071067811865475|0|45.254833995939045|8.0|1|1|-1
1|38887|0|QMET01|EV002815|15698|4976.0|4392.0|376.0|1.0|0.0|0|32.0|8.0|1|1|-1
1|38887|2|QMET01|EV002816|15699|4976.0|4392.0|0.0|1.0|0.0|0|32.0|8.0|1|1|-1
1|38889|0|QMET01|EV002817|15700|4944.0|4424.0|376.0|0.7071067811865475|-0.7071067811865475|0|45.254833995939045|8.0|1|1|-1
1|38889|2|QMET01|EV002818|15701|4944.0|4424.0|0.0|0.7071067811865475|-0.7071067811865475|0|45.254833995939045|8.0|1|1|-1
1|39027|0|QMET01|EV002819|15702|4088.0|3488.0|376.0|0.0|-1.0|0|32.0|8.0|1|1|-1
1|39027|2|QMET01|EV002820|15703|4088.0|3488.0|0.0|0.0|-1.0|0|32.0|8.0|1|1|-1
1|39029|0|QMET01|EV002821|15704|4120.0|3520.0|376.0|-0.7071067811865475|-0.7071067811865475|0|45.254833995939045|8.0|1|1|-1
1|39029|2|QMET01|EV002822|15705|4120.0|3520.0|0.0|-0.7071067811865475|-0.7071067811865475|0|45.254833995939045|8.0|1|1|-1
1|39031|0|QMET01|EV002823|15706|4152.0|3520.0|376.0|-1.0|0.0|0|32.0|8.0|1|1|-1
1|39031|2|QMET01|EV002824|15707|4152.0|3520.0|0.0|-1.0|0.0|0|32.0|8.0|1|1|-1
1|39033|0|QMET01|EV002825|15708|4184.0|3488.0|376.0|-0.7071067811865475|0.7071067811865475|0|45.254833995939045|8.0|1|1|-1
1|39033|2|QMET01|EV002826|15709|4184.0|3488.0|0.0|-0.7071067811865475|0.7071067811865475|0|45.254833995939045|8.0|1|1|-1
1|39035|0|QMET01|EV002827|15710|4184.0|3456.0|376.0|0.0|1.0|0|32.0|8.0|1|1|-1
1|39035|2|QMET01|EV002828|15711|4184.0|3456.0|0.0|0.0|1.0|0|32.0|8.0|1|1|-1
1|39037|0|QMET01|EV002829|15712|4152.0|3424.0|376.0|0.7071067811865475|0.7071067811865475|0|45.254833995939045|8.0|1|1|-1
1|39037|2|QMET01|EV002830|15713|4152.0|3424.0|0.0|0.7071067811865475|0.7071067811865475|0|45.254833995939045|8.0|1|1|-1
1|39039|0|QMET01|EV002831|15714|4120.0|3424.0|376.0|1.0|0.0|0|32.0|8.0|1|1|-1
1|39039|2|QMET01|EV002832|15715|4120.0|3424.0|0.0|1.0|0.0|0|32.0|8.0|1|1|-1
1|39041|0|QMET01|EV002833|15716|4088.0|3456.0|376.0|0.7071067811865475|-0.7071067811865475|0|45.254833995939045|8.0|1|1|-1
1|39041|2|QMET01|EV002834|15717|4088.0|3456.0|0.0|0.7071067811865475|-0.7071067811865475|0|45.254833995939045|8.0|1|1|-1
1|40143|1|ORUST05|EV002835|15718|4224.0|3360.0|0.0|-1.0|0.0|0|96.0|384.0|2|6|-1
1|40144|0|ORUST05|EV002836|15730|4288.0|3360.0|256.0|-1.0|0.0|0|64.0|128.0|1|2|-1
1|40144|2|ORUST05|EV002837|15732|4288.0|3360.0|0.0|-1.0|0.0|0|64.0|128.0|1|2|-1
1|40149|1|ORUST05|EV002838|15734|4608.0|3360.0|0.0|-1.0|0.0|0|88.0|384.0|2|6|-1
1|40150|0|ORUST05|EV002839|15746|4672.0|3360.0|256.0|-1.0|0.0|0|64.0|128.0|1|2|-1
1|40150|2|ORUST05|EV002840|15748|4672.0|3360.0|0.0|-1.0|0.0|0|64.0|128.0|1|2|-1
1|40165|0|ORUST05|EV002841|15750|4520.0|3360.0|264.0|-1.0|0.0|0|144.0|120.0|3|2|-1
1|40165|2|ORUST05|EV002842|15756|4520.0|3360.0|0.0|-1.0|0.0|0|144.0|80.0|3|2|-1
1|40166|1|ORUST05|EV002843|15762|4376.0|3360.0|0.0|-1.0|0.0|0|88.0|384.0|2|6|-1
1|40168|0|ORUST05|EV002844|15774|5056.0|3360.0|256.0|-1.0|0.0|0|64.0|128.0|1|2|-1
1|40168|2|ORUST05|EV002845|15776|5056.0|3360.0|0.0|-1.0|0.0|0|64.0|128.0|1|2|-1
1|40172|1|ORUST05|EV002846|15778|4992.0|3360.0|0.0|-1.0|0.0|0|40.0|384.0|1|6|-1
1|40300|2|IKWALL10|EV002847|15784|5112.0|3456.0|0.0|1.0|0.0|0|8.0|64.0|1|1|-1
1|40302|2|IKWALL10|EV002848|15785|5112.0|3520.0|0.0|0.0|-1.0|0|64.0|64.0|1|1|-1
1|40304|2|ORUST05|EV002849|15786|5120.0|3712.0|0.0|0.0|-1.0|0|192.0|256.0|3|4|-1
1|40306|2|IKWALL10|EV002850|15798|5120.0|3520.0|0.0|-1.0|0.0|0|8.0|64.0|1|1|-1
1|40310|2|IKWALL10|EV002851|15799|5112.0|3712.0|0.0|1.0|0.0|0|8.0|64.0|1|1|-1
1|40312|2|IKWALL10|EV002852|15800|5112.0|3776.0|0.0|0.0|-1.0|0|64.0|64.0|1|1|-1
1|40314|2|ORUST05|EV002853|15801|5120.0|3904.0|0.0|0.0|-1.0|0|128.0|256.0|2|4|-1
1|40316|2|IKWALL10|EV002854|15809|5120.0|3776.0|0.0|-1.0|0.0|0|8.0|64.0|1|1|-1
1|40348|2|ORUST05|EV002855|15810|5120.0|4032.0|0.0|0.0|-1.0|0|32.0|128.0|1|2|-1
1|40349|2|IKWALL10|EV002856|15812|5120.0|4000.0|0.0|-1.0|0.0|0|8.0|64.0|1|1|-1
1|40351|2|IKWALL10|EV002857|15813|5112.0|4000.0|0.0|0.0|-1.0|0|64.0|64.0|1|1|-1
1|40355|2|IKWALL10|EV002858|15814|5112.0|3936.0|0.0|1.0|0.0|0|8.0|64.0|1|1|-1
1|40397|1|ORUST05|EV002859|15815|4688.0|3360.0|0.0|-1.0|0.0|0|16.0|384.0|1|6|-1
0|4189|0|METALF10|EV002860|15821|6400.0|4992.0|280.0|1|0|0|192.0|8.0|3|1|-1
1|40407|1|ORUST05|EV002861|15824|6400.0|4992.0|280.0|0.0|1.0|0|8.0|80.0|1|2|-1
1|40408|1|QMET01|EV002862|15826|6400.0|5000.0|280.0|1.0|0.0|0|8.0|80.0|1|2|-1
1|40409|1|ORUST05|EV002863|15828|6592.0|5000.0|280.0|0.0|-1.0|0|8.0|80.0|1|2|-1
1|40410|0|QMET01|EV002864|15830|6408.0|5000.0|352.0|1.0|0.0|0|176.0|8.0|3|1|-1
1|40410|2|QMET01|EV002865|15833|6408.0|5000.0|280.0|1.0|0.0|0|176.0|8.0|3|1|-1
1|40414|1|QMET01|EV002866|15836|6584.0|5000.0|280.0|1.0|0.0|0|8.0|80.0|1|2|-1
0|4190|0|METALF24|EV002867|15838|6408.0|5000.0|288.0|1|0|0|176.0|8.0|3|1|-1
1|40412|1|QMET01|EV002868|15841|6408.0|5000.0|288.0|0.0|1.0|0|8.0|64.0|1|1|-1
1|40413|1|XA09TEX|EV002869|15842|6408.0|5008.0|288.0|1.0|0.0|0|176.0|64.0|3|1|-1
1|40415|1|QMET01|EV002870|15845|6584.0|5008.0|288.0|0.0|-1.0|0|8.0|64.0|1|1|-1
0|4191|0|METALF10|EV002871|15846|6032.0|4992.0|280.0|1|0|0|192.0|8.0|3|1|-1
1|40419|1|ORUST05|EV002872|15849|6032.0|4992.0|280.0|0.0|1.0|0|8.0|80.0|1|2|-1
1|40420|1|QMET01|EV002873|15851|6032.0|5000.0|280.0|1.0|0.0|0|8.0|80.0|1|2|-1
1|40421|1|ORUST05|EV002874|15853|6224.0|5000.0|280.0|0.0|-1.0|0|8.0|80.0|1|2|-1
1|40422|0|QMET01|EV002875|15855|6040.0|5000.0|352.0|1.0|0.0|0|176.0|8.0|3|1|-1
1|40422|2|QMET01|EV002876|15858|6040.0|5000.0|280.0|1.0|0.0|0|176.0|8.0|3|1|-1
1|40426|1|QMET01|EV002877|15861|6216.0|5000.0|280.0|1.0|0.0|0|8.0|80.0|1|2|-1
0|4192|0|METALF24|EV002878|15863|6040.0|5000.0|288.0|1|0|0|176.0|8.0|3|1|-1
1|40424|1|QMET01|EV002879|15866|6040.0|5000.0|288.0|0.0|1.0|0|8.0|64.0|1|1|-1
1|40425|1|XA09TEX|EV002880|15867|6040.0|5008.0|288.0|1.0|0.0|0|176.0|64.0|3|1|-1
1|40427|1|QMET01|EV002881|15870|6216.0|5008.0|288.0|0.0|-1.0|0|8.0|64.0|1|1|-1
0|4193|0|METALF10|EV002882|15871|5696.0|4992.0|280.0|1|0|0|192.0|8.0|3|1|-1
1|40431|1|ORUST05|EV002883|15874|5696.0|4992.0|280.0|0.0|1.0|0|8.0|80.0|1|2|-1
1|40432|1|QMET01|EV002884|15876|5696.0|5000.0|280.0|1.0|0.0|0|8.0|80.0|1|2|-1
1|40433|1|ORUST05|EV002885|15878|5888.0|5000.0|280.0|0.0|-1.0|0|8.0|80.0|1|2|-1
1|40434|0|QMET01|EV002886|15880|5704.0|5000.0|352.0|1.0|0.0|0|176.0|8.0|3|1|-1
1|40434|2|QMET01|EV002887|15883|5704.0|5000.0|280.0|1.0|0.0|0|176.0|8.0|3|1|-1
1|40438|1|QMET01|EV002888|15886|5880.0|5000.0|280.0|1.0|0.0|0|8.0|80.0|1|2|-1
0|4194|0|METALF24|EV002889|15888|5704.0|5000.0|288.0|1|0|0|176.0|8.0|3|1|-1
1|40436|1|QMET01|EV002890|15891|5704.0|5000.0|288.0|0.0|1.0|0|8.0|64.0|1|1|-1
1|40437|1|XA09TEX|EV002891|15892|5704.0|5008.0|288.0|1.0|0.0|0|176.0|64.0|3|1|-1
1|40439|1|QMET01|EV002892|15895|5880.0|5008.0|288.0|0.0|-1.0|0|8.0|64.0|1|1|-1
0|4195|0|METALF10|EV002893|15896|5648.0|5424.0|280.0|1|0|0|8.0|192.0|1|3|-1
1|40443|1|ORUST05|EV002894|15899|5648.0|5616.0|280.0|1.0|0.0|0|8.0|80.0|1|2|-1
1|40444|1|QMET01|EV002895|15901|5656.0|5616.0|280.0|0.0|-1.0|0|8.0|80.0|1|2|-1
1|40445|1|ORUST05|EV002896|15903|5656.0|5424.0|280.0|-1.0|0.0|0|8.0|80.0|1|2|-1
1|40446|0|QMET01|EV002897|15905|5656.0|5608.0|352.0|0.0|-1.0|0|176.0|8.0|3|1|-1
1|40446|2|QMET01|EV002898|15908|5656.0|5608.0|280.0|0.0|-1.0|0|176.0|8.0|3|1|-1
1|40450|1|QMET01|EV002899|15911|5656.0|5432.0|280.0|0.0|-1.0|0|8.0|80.0|1|2|-1
0|4196|0|METALF24|EV002900|15913|5656.0|5432.0|288.0|1|0|0|8.0|176.0|1|3|-1
1|40448|1|QMET01|EV002901|15916|5656.0|5608.0|288.0|1.0|0.0|0|8.0|64.0|1|1|-1
1|40449|1|XA09TEX|EV002902|15917|5664.0|5608.0|288.0|0.0|-1.0|0|176.0|64.0|3|1|-1
1|40451|1|QMET01|EV002903|15920|5664.0|5432.0|288.0|-1.0|0.0|0|8.0|64.0|1|1|-1
0|4197|0|METALF10|EV002904|15921|5648.0|5064.0|280.0|1|0|0|8.0|192.0|1|3|-1
1|40455|1|ORUST05|EV002905|15924|5648.0|5256.0|280.0|1.0|0.0|0|8.0|80.0|1|2|-1
1|40456|1|QMET01|EV002906|15926|5656.0|5256.0|280.0|0.0|-1.0|0|8.0|80.0|1|2|-1
1|40457|1|ORUST05|EV002907|15928|5656.0|5064.0|280.0|-1.0|0.0|0|8.0|80.0|1|2|-1
1|40458|0|QMET01|EV002908|15930|5656.0|5248.0|352.0|0.0|-1.0|0|176.0|8.0|3|1|-1
1|40458|2|QMET01|EV002909|15933|5656.0|5248.0|280.0|0.0|-1.0|0|176.0|8.0|3|1|-1
1|40462|1|QMET01|EV002910|15936|5656.0|5072.0|280.0|0.0|-1.0|0|8.0|80.0|1|2|-1
0|4198|0|METALF24|EV002911|15938|5656.0|5072.0|288.0|1|0|0|8.0|176.0|1|3|-1
1|40460|1|QMET01|EV002912|15941|5656.0|5248.0|288.0|1.0|0.0|0|8.0|64.0|1|1|-1
1|40461|1|XA09TEX|EV002913|15942|5664.0|5248.0|288.0|0.0|-1.0|0|176.0|64.0|3|1|-1
1|40463|1|QMET01|EV002914|15945|5664.0|5072.0|288.0|-1.0|0.0|0|8.0|64.0|1|1|-1
0|4217|0|CFLOOR3|EV002915|15946|5456.0|5664.0|256.0|1|0|0|128.0|8.0|2|1|-1
1|36234|1|ADEL_S00|EV002916|15948|5584.0|5672.0|256.0|0.0|-1.0|0|8.0|128.0|1|2|-1
1|40698|1|ADEL_S00|EV002917|15950|5456.0|5664.0|256.0|0.0|1.0|0|8.0|128.0|1|2|-1
1|40699|0|OIDOOR2|EV002918|15952|5456.0|5672.0|256.0|1.0|0.0|0|128.0|128.0|2|2|-1
0|4218|0|METALF15|EV002919|15956|5456.0|5672.0|256.0|1|0|0|128.0|16.0|2|1|-1
0|4219|0|METALF15|EV002920|15958|5456.0|5688.0|256.0|1|0|0|128.0|8.0|2|1|-1
1|40702|0|OIDOOR2|EV002921|15960|5584.0|5688.0|256.0|-1.0|0.0|0|128.0|128.0|2|2|-1
1|40705|1|ADEL_RR5|EV002922|15964|5456.0|5688.0|256.0|0.0|1.0|0|8.0|128.0|1|2|-1
1|40708|1|ADEL_RR5|EV002923|15966|5584.0|5696.0|256.0|0.0|-1.0|0|8.0|128.0|1|2|-1
0|4220|0|IKFLAT4|EV002924|15968|5444.0|5712.0|232.0|1|0|0|152.0|28.0|3|1|-1
1|2793|0|ADEL_Y00|EV002925|15971|5596.0|5712.0|384.0|-1.0|0.0|0|12.0|8.0|1|1|-1
1|40799|2|IKWALL76|EV002926|15972|5472.0|5728.0|232.0|-0.7071067811865475|-0.7071067811865475|0|22.627416997969522|8.0|1|1|-1
1|40801|2|IKWALL76|EV002927|15973|5568.0|5728.0|232.0|-1.0|0.0|0|96.0|8.0|2|1|-1
1|40803|2|IKWALL76|EV002928|15975|5584.0|5712.0|232.0|-0.7071067811865475|0.7071067811865475|0|22.627416997969522|8.0|1|1|-1
1|41038|0|ADEL_Y00|EV002929|15976|5456.0|5712.0|384.0|-1.0|0.0|0|12.0|8.0|1|1|-1
1|40711|2|ADEL_Y00|EV002930|15977|5664.0|5696.0|208.0|1.0|0.0|0|32.0|8.0|1|1|-1
1|40713|2|ADEL_Y00|EV002931|15978|5696.0|5696.0|208.0|0.7071067811865475|0.7071067811865475|0|45.254833995939045|8.0|1|1|-1
1|40715|2|ADEL_Y00|EV002932|15979|5728.0|5728.0|208.0|1.0|0.0|0|64.0|8.0|1|1|-1
1|40717|2|ADEL_Y00|EV002933|15980|5792.0|5728.0|208.0|0.7071067811865475|0.7071067811865475|0|45.254833995939045|8.0|1|1|-1
1|40773|2|ADEL_Y00|EV002934|15981|5824.0|5760.0|208.0|0.0|1.0|0|32.0|8.0|1|1|-1
1|40776|1|ADEL_RR5|EV002935|15982|5664.0|5680.0|208.0|0.0|1.0|0|16.0|48.0|1|1|-1
1|40782|1|ADEL_RR5|EV002936|15983|5824.0|5792.0|208.0|1.0|0.0|0|16.0|48.0|1|1|-1
0|4225|0|IKFLAT4|EV002937|15984|5456.0|5696.0|240.0|1|0|0|128.0|16.0|2|1|-1
1|40707|2|ADEL_Y00|EV002938|15986|5584.0|5696.0|240.0|-1.0|0.0|0|128.0|16.0|2|1|-1
0|4227|0|IKFLAT4|EV002939|15988|5600.0|5696.0|224.0|1|0|0|12.0|16.0|1|1|-1
1|2813|1|OBR01|EV002940|15989|5612.0|5696.0|224.0|-1.0|0.0|0|12.0|160.0|1|3|-1
1|40807|2|IKWALL76|EV002941|15992|5600.0|5696.0|224.0|0.0|1.0|0|16.0|8.0|1|1|-1
0|4228|0|METALF15|EV002942|15993|5412.0|5712.0|216.0|1|0|0|216.0|60.0|4|1|-1
1|2824|0|ADEL_Y00|EV002943|15997|5628.0|5712.0|384.0|-1.0|0.0|0|12.0|8.0|1|1|-1
1|40822|2|IKWALL76|EV002944|15998|5472.0|5760.0|216.0|-0.7071067811865476|-0.7071067811865476|0|67.88225099390856|8.0|2|1|-1
1|40824|2|IKWALL76|EV002945|16000|5568.0|5760.0|216.0|-1.0|0.0|0|96.0|8.0|2|1|-1
1|40826|2|IKWALL76|EV002946|16002|5616.0|5712.0|216.0|-0.7071067811865476|0.7071067811865476|0|67.88225099390856|8.0|2|1|-1
1|41042|0|ADEL_Y00|EV002947|16004|5424.0|5712.0|384.0|-1.0|0.0|0|12.0|8.0|1|1|-1
0|4233|0|METALF15|EV002948|16005|5632.0|5696.0|216.0|1|0|0|192.0|384.0|3|6|-1
1|2753|1|OBR01|EV002949|16023|5824.0|5840.0|216.0|0.0|-1.0|0|16.0|168.0|1|3|-1
1|2756|0|OBR05|EV002950|16026|5824.0|5872.0|368.0|0.0|-1.0|0|32.0|16.0|1|1|-1
1|2756|2|OBR05|EV002951|16027|5824.0|5872.0|216.0|0.0|-1.0|0|32.0|24.0|1|1|-1
1|40710|0|IKWALL21|EV002952|16028|5696.0|5696.0|256.0|-1.0|0.0|0|32.0|128.0|1|2|-1
1|40712|0|IKWALL21|EV002953|16030|5728.0|5728.0|256.0|-0.7071067811865475|-0.7071067811865475|0|45.254833995939045|128.0|1|2|-1
1|40714|0|IKWALL21|EV002954|16032|5792.0|5728.0|256.0|-1.0|0.0|0|64.0|128.0|1|2|-1
1|40716|0|IKWALL21|EV002955|16034|5824.0|5760.0|256.0|-0.7071067811865475|-0.7071067811865475|0|45.254833995939045|128.0|1|2|-1
1|40718|0|IKWALL21|EV002956|16036|5824.0|5952.0|256.0|0.0|-1.0|0|32.0|128.0|1|2|-1
1|40720|0|IKWALL21|EV002957|16038|5792.0|5984.0|256.0|0.7071067811865475|-0.7071067811865475|0|45.254833995939045|128.0|1|2|-1
1|40722|0|IKWALL21|EV002958|16040|5728.0|5984.0|256.0|1.0|0.0|0|64.0|128.0|1|2|-1
1|40724|0|IKWALL21|EV002959|16042|5696.0|6016.0|256.0|0.7071067811865475|-0.7071067811865475|0|45.254833995939045|128.0|1|2|-1
1|40770|0|OBR01|EV002960|16044|5824.0|5904.0|336.0|0.0|-1.0|0|16.0|48.0|1|1|-1
1|40770|2|OBR01|EV002961|16045|5824.0|5904.0|216.0|0.0|-1.0|0|16.0|56.0|1|1|-1
1|40772|0|IKWALL21|EV002962|16046|5824.0|5792.0|256.0|0.0|-1.0|0|32.0|128.0|1|2|-1
1|40774|1|OBR01|EV002963|16048|5648.0|5696.0|216.0|-1.0|0.0|0|16.0|168.0|1|3|-1
1|40775|1|ADEL_RR5|EV002964|16051|5664.0|5696.0|216.0|-1.0|0.0|0|16.0|168.0|1|3|-1
1|40783|1|ADEL_RR5|EV002965|16054|5824.0|5808.0|216.0|0.0|-1.0|0|16.0|168.0|1|3|-1
1|40784|1|ADEL_RR5|EV002966|16057|5824.0|5920.0|216.0|0.0|-1.0|0|16.0|168.0|1|3|-1
1|40791|0|IKWALL21|EV002967|16060|5696.0|6048.0|256.0|0.0|-1.0|0|32.0|128.0|1|2|-1
1|40795|1|ADEL_RR5|EV002968|16062|5696.0|6064.0|216.0|0.0|-1.0|0|16.0|168.0|1|3|-1
1|40843|1|OBR04|EV002969|16065|5696.0|6080.0|216.0|0.0|-1.0|0|16.0|168.0|1|3|-1
1|41008|2|IKWALL76|EV002970|16068|5680.0|6080.0|216.0|1.0|0.0|0|16.0|32.0|1|1|-1
1|41101|1|OBR01|EV002971|16069|5824.0|5888.0|216.0|0.0|-1.0|0|16.0|168.0|1|3|-1
1|41103|0|OBR01|EV002972|16072|5824.0|5824.0|336.0|0.0|-1.0|0|16.0|48.0|1|1|-1
1|41103|2|OBR01|EV002973|16073|5824.0|5824.0|216.0|0.0|-1.0|0|16.0|56.0|1|1|-1
0|4239|0|METALF15|EV002974|16074|5616.0|5696.0|216.0|1|0|0|12.0|16.0|1|1|-1
1|2835|1|OBR01|EV002975|16075|5628.0|5696.0|216.0|-1.0|0.0|0|12.0|168.0|1|3|-1
1|40829|2|IKWALL76|EV002976|16078|5616.0|5696.0|216.0|0.0|1.0|0|16.0|8.0|1|1|-1
0|4240|0|ECOPF1|EV002977|16079|5424.0|5696.0|224.0|1|0|0|4.0|16.0|1|1|-1
0|4241|0|IKFLAT4|EV002978|16080|5584.0|5696.0|232.0|1|0|0|12.0|16.0|1|1|-1
1|2799|1|ADEL_RR5|EV002979|16081|5596.0|5696.0|232.0|-1.0|0.0|0|12.0|152.0|1|3|-1
1|40805|2|IKWALL76|EV002980|16084|5584.0|5696.0|232.0|0.0|1.0|0|16.0|8.0|1|1|-1
0|4242|0|IKFLAT4|EV002981|16085|5456.0|5712.0|240.0|1|0|0|128.0|16.0|2|1|-1
1|41036|0|QMET01|EV002982|16087|5584.0|5712.0|384.0|-1.0|0.0|0|128.0|8.0|2|1|-1
0|4243|0|ECOPF1|EV002983|16089|5440.0|5696.0|232.0|1|0|0|4.0|16.0|1|1|-1
0|4244|0|ECOPF1|EV002984|16090|5424.0|5712.0|224.0|1|0|0|192.0|48.0|3|1|-1
0|4245|0|METALF15|EV002985|16093|5412.0|5696.0|216.0|1|0|0|12.0|16.0|1|1|-1
1|40818|1|OBR01|EV002986|16094|5424.0|5696.0|216.0|-1.0|0.0|0|12.0|168.0|1|3|-1
1|40820|2|IKWALL76|EV002987|16097|5424.0|5712.0|216.0|0.0|-1.0|0|16.0|8.0|1|1|-1
0|4248|0|FLOOR4|EV002988|16098|5232.0|5712.0|208.0|1|0|0|576.0|352.0|9|6|-1
1|40833|2|ADEL_Y00|EV002989|16152|5632.0|5712.0|208.0|-0.7071067811865475|0.7071067811865475|0|90.50966799187809|8.0|2|1|-1
1|40835|2|ADEL_Y00|EV002990|16154|5568.0|5776.0|208.0|-1.0|0.0|0|96.0|8.0|2|1|-1
1|40841|2|ADEL_Y00|EV002991|16156|5472.0|5776.0|208.0|-0.7071067811865475|-0.7071067811865475|0|90.50966799187809|8.0|2|1|-1
1|40892|2|ADEL_Y00|EV002992|16158|5408.0|6064.0|208.0|0.7071067811865475|-0.7071067811865475|0|90.50966799187809|8.0|2|1|-1
1|40894|2|ADEL_Y00|EV002993|16160|5472.0|6000.0|208.0|1.0|0.0|0|96.0|8.0|2|1|-1
1|40898|2|ADEL_Y00|EV002994|16162|5568.0|6000.0|208.0|0.7071067811865475|0.7071067811865475|0|90.50966799187809|8.0|2|1|-1
1|41014|0|ADEL_Y00|EV002995|16164|5680.0|6016.0|384.0|0.7071067811865476|-0.7071067811865476|0|67.88225099390856|8.0|2|1|-1
1|41014|2|ADEL_Y00|EV002996|16166|5680.0|6016.0|208.0|0.7071067811865476|-0.7071067811865476|0|67.88225099390856|8.0|2|1|-1
1|41016|0|ADEL_Y00|EV002997|16168|5728.0|5968.0|384.0|1.0|0.0|0|64.0|8.0|1|1|-1
1|41016|2|ADEL_Y00|EV002998|16169|5728.0|5968.0|208.0|1.0|0.0|0|64.0|8.0|1|1|-1
1|41018|0|ADEL_Y00|EV002999|16170|5792.0|5968.0|384.0|0.7071067811865475|-0.7071067811865475|0|22.627416997969522|8.0|1|1|-1
1|41018|2|ADEL_Y00|EV003000|16171|5792.0|5968.0|208.0|0.7071067811865475|-0.7071067811865475|0|22.627416997969522|8.0|1|1|-1
1|41020|0|ADEL_Y00|EV003001|16172|5808.0|5952.0|384.0|0.0|-1.0|0|192.0|8.0|3|1|-1
1|41020|2|ADEL_Y00|EV003002|16175|5808.0|5952.0|208.0|0.0|-1.0|0|192.0|8.0|3|1|-1
1|41022|0|ADEL_Y00|EV003003|16178|5808.0|5760.0|384.0|-0.7071067811865475|-0.7071067811865475|0|22.627416997969522|8.0|1|1|-1
1|41022|2|ADEL_Y00|EV003004|16179|5808.0|5760.0|208.0|-0.7071067811865475|-0.7071067811865475|0|22.627416997969522|8.0|1|1|-1
1|41024|0|ADEL_Y00|EV003005|16180|5792.0|5744.0|384.0|-1.0|0.0|0|64.0|8.0|1|1|-1
1|41024|2|ADEL_Y00|EV003006|16181|5792.0|5744.0|208.0|-1.0|0.0|0|64.0|8.0|1|1|-1
1|41026|0|ADEL_Y00|EV003007|16182|5728.0|5744.0|384.0|-0.7071067811865475|-0.7071067811865475|0|45.254833995939045|8.0|1|1|-1
1|41026|2|ADEL_Y00|EV003008|16183|5728.0|5744.0|208.0|-0.7071067811865475|-0.7071067811865475|0|45.254833995939045|8.0|1|1|-1
1|41028|0|ADEL_Y00|EV003009|16184|5696.0|5712.0|384.0|-1.0|0.0|0|64.0|8.0|1|1|-1
1|41028|2|ADEL_Y00|EV003010|16185|5696.0|5712.0|208.0|-1.0|0.0|0|64.0|8.0|1|1|-1
1|41044|0|ADEL_Y00|EV003011|16186|5408.0|5712.0|384.0|-1.0|0.0|0|64.0|8.0|1|1|-1
1|41044|2|ADEL_Y00|EV003012|16187|5408.0|5712.0|208.0|-1.0|0.0|0|64.0|8.0|1|1|-1
1|41046|0|ADEL_Y00|EV003013|16188|5312.0|5968.0|384.0|0.7071067811865476|0.7071067811865476|0|67.88225099390856|8.0|2|1|-1
1|41046|2|ADEL_Y00|EV003014|16190|5312.0|5968.0|208.0|0.7071067811865476|0.7071067811865476|0|67.88225099390856|8.0|2|1|-1
1|41048|0|ADEL_Y00|EV003015|16192|5344.0|5712.0|384.0|-0.7071067811865475|0.7071067811865475|0|45.254833995939045|8.0|1|1|-1
1|41048|2|ADEL_Y00|EV003016|16193|5344.0|5712.0|208.0|-0.7071067811865475|0.7071067811865475|0|45.254833995939045|8.0|1|1|-1
1|41050|0|ADEL_Y00|EV003017|16194|5360.0|6016.0|384.0|0.0|1.0|0|48.0|8.0|1|1|-1
1|41050|2|ADEL_Y00|EV003018|16195|5360.0|6016.0|208.0|0.0|1.0|0|48.0|8.0|1|1|-1
1|41052|0|ADEL_Y00|EV003019|16196|5312.0|5744.0|384.0|-1.0|0.0|0|64.0|8.0|1|1|-1
1|41052|2|ADEL_Y00|EV003020|16197|5312.0|5744.0|208.0|-1.0|0.0|0|64.0|8.0|1|1|-1
1|41054|0|ADEL_Y00|EV003021|16198|5248.0|5744.0|384.0|-0.7071067811865475|0.7071067811865475|0|22.627416997969522|8.0|1|1|-1
1|41054|2|ADEL_Y00|EV003022|16199|5248.0|5744.0|208.0|-0.7071067811865475|0.7071067811865475|0|22.627416997969522|8.0|1|1|-1
1|41056|0|ADEL_Y00|EV003023|16200|5232.0|5760.0|384.0|0.0|1.0|0|192.0|8.0|3|1|-1
1|41056|2|ADEL_Y00|EV003024|16203|5232.0|5760.0|208.0|0.0|1.0|0|192.0|8.0|3|1|-1
1|41058|0|ADEL_Y00|EV003025|16206|5232.0|5952.0|384.0|0.7071067811865475|0.7071067811865475|0|22.627416997969522|8.0|1|1|-1
1|41058|2|ADEL_Y00|EV003026|16207|5232.0|5952.0|208.0|0.7071067811865475|0.7071067811865475|0|22.627416997969522|8.0|1|1|-1
1|41060|0|ADEL_Y00|EV003027|16208|5248.0|5968.0|384.0|1.0|0.0|0|64.0|8.0|1|1|-1
1|41060|2|ADEL_Y00|EV003028|16209|5248.0|5968.0|208.0|1.0|0.0|0|64.0|8.0|1|1|-1
1|41070|2|ADEL_Y00|EV003029|16210|5360.0|6064.0|208.0|1.0|0.0|0|48.0|8.0|1|1|-1
1|41086|0|ADEL_Y00|EV003030|16211|5680.0|6064.0|384.0|0.0|-1.0|0|48.0|8.0|1|1|-1
1|41086|2|ADEL_Y00|EV003031|16212|5680.0|6064.0|208.0|0.0|-1.0|0|48.0|8.0|1|1|-1
1|41088|2|ADEL_Y00|EV003032|16213|5632.0|6064.0|208.0|1.0|0.0|0|48.0|8.0|1|1|-1
0|4754|0|QMET01|EV003033|16214|4968.0|-88.0|192.0|1|0|0|112.0|112.0|2|2|-1
0|4755|0|XA09TEX|EV003034|16218|4976.0|-80.0|184.0|1|0|0|96.0|96.0|2|2|-1
1|45692|2|QMET01|EV003035|16222|5072.0|-80.0|184.0|-1.0|0.0|0|96.0|8.0|2|1|-1
1|45694|2|QMET01|EV003036|16224|5072.0|16.0|184.0|0.0|-1.0|0|96.0|8.0|2|1|-1
1|45696|2|QMET01|EV003037|16226|4976.0|16.0|184.0|1.0|0.0|0|96.0|8.0|2|1|-1
1|45698|2|QMET01|EV003038|16228|4976.0|-80.0|184.0|0.0|1.0|0|96.0|8.0|2|1|-1
1|45701|2|GRIDR|EV003039|16230|4992.0|-64.0|184.0|1.0|0.0|0|64.0|16.0|1|1|-1
1|45703|2|GRIDR|EV003040|16231|5056.0|-64.0|184.0|0.0|1.0|0|64.0|16.0|1|1|-1
1|45705|2|GRIDR|EV003041|16232|5056.0|0.0|184.0|-1.0|0.0|0|64.0|16.0|1|1|-1
1|45707|2|GRIDR|EV003042|16233|4992.0|0.0|184.0|0.0|-1.0|0|64.0|16.0|1|1|-1
0|4756|0|GRIDR|EV003043|16234|4992.0|-64.0|200.0|1|0|0|64.0|64.0|1|1|-1
0|4770|0|GRIDR|EV003044|16235|1608.0|2120.0|-126.0|1|0|0|48.0|48.0|1|1|-1
1|45884|2|OBR04|EV003045|16236|1608.0|2136.0|-126.0|0.0|1.0|0|16.0|8.0|1|1|-1
1|45886|2|OBR01|EV003046|16237|1608.0|2152.0|-126.0|0.7071067811865475|0.7071067811865475|0|22.627416997969522|8.0|1|1|-1
1|45888|2|OBR04|EV003047|16238|1624.0|2168.0|-126.0|1.0|0.0|0|16.0|8.0|1|1|-1
1|45890|2|OBR01|EV003048|16239|1640.0|2168.0|-126.0|0.7071067811865475|-0.7071067811865475|0|22.627416997969522|8.0|1|1|-1
1|45892|2|OBR04|EV003049|16240|1656.0|2152.0|-126.0|0.0|-1.0|0|16.0|8.0|1|1|-1
1|45894|2|OBR01|EV003050|16241|1656.0|2136.0|-126.0|-0.7071067811865475|-0.7071067811865475|0|22.627416997969522|8.0|1|1|-1
1|45896|2|OBR04|EV003051|16242|1640.0|2120.0|-126.0|-1.0|0.0|0|16.0|8.0|1|1|-1
1|45898|2|OBR01|EV003052|16243|1624.0|2120.0|-126.0|-0.7071067811865475|0.7071067811865475|0|22.627416997969522|8.0|1|1|-1
0|4771|0|XA19TEX|EV003053|16244|1600.0|2112.0|-118.0|1|0|0|64.0|64.0|1|1|-1
0|4772|0|GRIDR|EV003054|16245|1736.0|2120.0|-126.0|1|0|0|48.0|48.0|1|1|-1
1|45916|2|OBR04|EV003055|16246|1736.0|2136.0|-126.0|0.0|1.0|0|16.0|8.0|1|1|-1
1|45918|2|OBR01|EV003056|16247|1736.0|2152.0|-126.0|0.7071067811865475|0.7071067811865475|0|22.627416997969522|8.0|1|1|-1
1|45920|2|OBR04|EV003057|16248|1752.0|2168.0|-126.0|1.0|0.0|0|16.0|8.0|1|1|-1
1|45922|2|OBR01|EV003058|16249|1768.0|2168.0|-126.0|0.7071067811865475|-0.7071067811865475|0|22.627416997969522|8.0|1|1|-1
1|45924|2|OBR04|EV003059|16250|1784.0|2152.0|-126.0|0.0|-1.0|0|16.0|8.0|1|1|-1
1|45926|2|OBR01|EV003060|16251|1784.0|2136.0|-126.0|-0.7071067811865475|-0.7071067811865475|0|22.627416997969522|8.0|1|1|-1
1|45928|2|OBR04|EV003061|16252|1768.0|2120.0|-126.0|-1.0|0.0|0|16.0|8.0|1|1|-1
1|45930|2|OBR01|EV003062|16253|1752.0|2120.0|-126.0|-0.7071067811865475|0.7071067811865475|0|22.627416997969522|8.0|1|1|-1
0|4773|0|XA19TEX|EV003063|16254|1728.0|2112.0|-118.0|1|0|0|64.0|64.0|1|1|-1
0|4839|0|XA11TEX|EV003064|16255|4928.0|-176.0|192.0|1|0|0|336.0|528.0|6|9|-1
1|26007|1|QROCK3X8|EV003065|16309|4992.0|-128.0|192.0|-1.0|0.0|0|64.0|128.0|1|2|-1
1|26031|1|QROCK3X8|EV003066|16311|5184.0|-16.0|192.0|0.1414213562373095|-0.9899494936611665|0|113.13708498984761|128.0|2|2|-1
1|26032|1|QROCK3X8|EV003067|16315|4928.0|64.0|192.0|1.0|0.0|0|48.0|128.0|1|2|-1
1|26033|1|QROCK3X8|EV003068|16317|5200.0|-128.0|192.0|-0.8574929257125441|-0.5144957554275265|0|93.29523031752481|128.0|2|2|-1
1|26050|1|QROCK3X8|EV003069|16321|4976.0|64.0|192.0|0.6|0.8|0|80.0|128.0|2|2|-1
1|26053|1|QROCK3X8|EV003070|16325|5232.0|320.0|192.0|0.3713906763541037|-0.9284766908852594|0|86.16263691415206|128.0|2|2|-1
1|26110|1|QROCK3X8|EV003071|16329|5120.0|-176.0|192.0|-0.9363291775690445|0.3511234415883917|0|136.7040599250805|128.0|3|2|-1
1|26124|1|QROCK3X8|EV003072|16335|5264.0|240.0|192.0|-0.21693045781865616|-0.9761870601839528|0|147.5127113166862|128.0|3|2|-1
1|26128|1|QROCK3X8|EV003073|16341|5024.0|128.0|192.0|-0.24253562503633297|0.9701425001453319|0|65.96969000988257|128.0|2|2|-1
1|26129|1|QROCK3X8|EV003074|16345|5008.0|192.0|192.0|0.0|1.0|0|128.0|128.0|2|2|-1
1|26132|1|QROCK3X8|EV003075|16349|5008.0|320.0|192.0|0.9284766908852594|0.3713906763541037|0|86.16263691415206|128.0|2|2|-1
1|26133|1|QROCK3X8|EV003076|16353|5088.0|352.0|192.0|0.9761870601839528|-0.21693045781865616|0|147.5127113166862|128.0|3|2|-1
1|26269|1|QROCK3X8|EV003077|16359|5232.0|96.0|192.0|-0.39391929857916763|-0.9191450300180578|0|121.85236969382254|128.0|2|2|-1
0|4930|0|XA02TEX|EV003078|16363|3776.0|3936.0|-700.0|1|0|0|176.0|32.0|3|1|-1
1|15615|0|ADEL_W53|EV003079|16366|3776.0|3936.0|-170.0|0.0|1.0|0|32.0|266.0|1|5|-1
