1|684|2|LAVA|-3276.58|-4692.916|58.667|59.33|91.516|64.533
1|684|2|LAVA|-3276.58|-4692.916|176.0|59.33|91.516|64.533
1|684|2|LAVA|-3276.58|-4692.916|293.333|59.33|91.516|64.533
1|1721|2|LAVA|-3327.0|-3481.5|58.667|24.3|31.5|64.533
1|1721|2|LAVA|-3327.0|-3481.5|176.0|24.3|31.5|64.533
1|1721|2|LAVA|-3327.0|-3481.5|293.333|24.3|31.5|64.533
1|1723|2|LAVA|-3225.0|-3610.25|58.667|27.85|45.05|64.533
1|1723|2|LAVA|-3225.0|-3610.25|176.0|27.85|45.05|64.533
1|1723|2|LAVA|-3225.0|-3610.25|293.333|27.85|45.05|64.533
1|1725|2|LAVA|-3250.5|-3867.25|58.667|59.35|69.35|64.533
1|1725|2|LAVA|-3250.5|-3867.25|176.0|59.35|69.35|64.533
1|1725|2|LAVA|-3250.5|-3867.25|293.333|59.35|69.35|64.533
1|1727|2|LAVA|-3362.968|-4290.079|58.667|35.868|89.171|64.533
1|1727|2|LAVA|-3362.968|-4290.079|176.0|35.868|89.171|64.533
1|1727|2|LAVA|-3362.968|-4290.079|293.333|35.868|89.171|64.533
1|1729|2|LAVA|-3219.145|-4820.226|58.667|71.045|94.526|64.533
1|1729|2|LAVA|-3219.145|-4820.226|176.0|71.045|94.526|64.533
1|1729|2|LAVA|-3219.145|-4820.226|293.333|71.045|94.526|64.533
1|1731|2|LAVA|-2762.24|-5169.637|58.667|91.14|55.337|64.533
1|1731|2|LAVA|-2762.24|-5169.637|176.0|91.14|55.337|64.533
1|1731|2|LAVA|-2762.24|-5169.637|293.333|91.14|55.337|64.533
1|1733|2|LAVA|-2273.927|-5162.406|58.667|60.202|45.931|64.533
1|1733|2|LAVA|-2273.927|-5162.406|176.0|60.202|45.931|64.533
1|1733|2|LAVA|-2273.927|-5162.406|293.333|60.202|45.931|64.533
1|1733|2|LAVA|-2195.427|-5185.906|58.667|60.202|45.931|64.533
1|1733|2|LAVA|-2195.427|-5185.906|176.0|60.202|45.931|64.533
1|1733|2|LAVA|-2195.427|-5185.906|293.333|60.202|45.931|64.533
1|1735|2|LAVA|-1600.75|-5089.75|58.667|74.8|83.6|64.533
1|1735|2|LAVA|-1600.75|-5089.75|176.0|74.8|83.6|64.533
1|1735|2|LAVA|-1600.75|-5089.75|293.333|74.8|83.6|64.533
1|1737|2|LAVA|-1376.328|-4629.828|58.667|69.097|51.203|64.533
1|1737|2|LAVA|-1376.328|-4629.828|176.0|69.097|51.203|64.533
1|1737|2|LAVA|-1376.328|-4629.828|293.333|69.097|51.203|64.533
1|1737|2|LAVA|-1286.828|-4597.328|58.667|69.097|51.203|64.533
1|1737|2|LAVA|-1286.828|-4597.328|176.0|69.097|51.203|64.533
1|1737|2|LAVA|-1286.828|-4597.328|293.333|69.097|51.203|64.533
1|1739|2|LAVA|-881.5|-4262.5|58.667|47.6|46.0|64.533
1|1739|2|LAVA|-881.5|-4262.5|176.0|47.6|46.0|64.533
1|1739|2|LAVA|-881.5|-4262.5|293.333|47.6|46.0|64.533
1|1741|2|LAVA|-650.75|-4417.25|58.667|51.0|82.2|64.533
1|1741|2|LAVA|-650.75|-4417.25|176.0|51.0|82.2|64.533
1|1741|2|LAVA|-650.75|-4417.25|293.333|51.0|82.2|64.533
1|1743|2|LAVA|-318.25|-4747.0|58.667|82.85|51.25|64.533
1|1743|2|LAVA|-318.25|-4747.0|176.0|82.85|51.25|64.533
1|1743|2|LAVA|-318.25|-4747.0|293.333|82.85|51.25|64.533
1|1745|2|LAVA|50.75|-4452.25|58.667|59.6|70.0|64.533
1|1745|2|LAVA|50.75|-4452.25|176.0|59.6|70.0|64.533
1|1745|2|LAVA|50.75|-4452.25|293.333|59.6|70.0|64.533
1|1747|2|LAVA|181.193|-4145.617|58.667|90.557|55.317|64.533
1|1747|2|LAVA|181.193|-4145.617|176.0|90.557|55.317|64.533
1|1747|2|LAVA|181.193|-4145.617|293.333|90.557|55.317|64.533
1|1749|2|LAVA|667.25|-4146.5|58.667|69.35|59.35|64.533
1|1749|2|LAVA|667.25|-4146.5|176.0|69.35|59.35|64.533
1|1749|2|LAVA|667.25|-4146.5|293.333|69.35|59.35|64.533
1|1751|2|LAVA|1045.751|-4271.767|58.667|62.774|53.617|64.533
1|1751|2|LAVA|1045.751|-4271.767|176.0|62.774|53.617|64.533
1|1751|2|LAVA|1045.751|-4271.767|293.333|62.774|53.617|64.533
1|1751|2|LAVA|1119.251|-4310.767|58.667|62.774|53.617|64.533
1|1751|2|LAVA|1119.251|-4310.767|176.0|62.774|53.617|64.533
1|1751|2|LAVA|1119.251|-4310.767|293.333|62.774|53.617|64.533
1|1753|2|LAVA|1741.474|-4371.028|58.667|99.074|47.778|64.533
1|1753|2|LAVA|1741.474|-4371.028|176.0|99.074|47.778|64.533
1|1753|2|LAVA|1741.474|-4371.028|293.333|99.074|47.778|64.533
1|1755|2|LAVA|2213.715|-4140.873|58.667|70.385|49.148|64.533
1|1755|2|LAVA|2213.715|-4140.873|176.0|70.385|49.148|64.533
1|1755|2|LAVA|2213.715|-4140.873|293.333|70.385|49.148|64.533
1|1755|2|LAVA|2307.715|-4169.373|58.667|70.385|49.148|64.533
1|1755|2|LAVA|2307.715|-4169.373|176.0|70.385|49.148|64.533
1|1755|2|LAVA|2307.715|-4169.373|293.333|70.385|49.148|64.533
1|1757|2|LAVA|2945.25|-4147.25|58.667|48.2|63.4|64.533
1|1757|2|LAVA|2945.25|-4147.25|176.0|48.2|63.4|64.533
1|1757|2|LAVA|2945.25|-4147.25|293.333|48.2|63.4|64.533
1|1759|2|LAVA|3164.543|-4417.843|58.667|36.507|89.407|64.533
1|1759|2|LAVA|3164.543|-4417.843|176.0|36.507|89.407|64.533
1|1759|2|LAVA|3164.543|-4417.843|293.333|36.507|89.407|64.533
1|1761|2|LAVA|3355.25|-4914.5|58.667|69.35|59.35|64.533
1|1761|2|LAVA|3355.25|-4914.5|176.0|69.35|59.35|64.533
1|1761|2|LAVA|3355.25|-4914.5|293.333|69.35|59.35|64.533
1|1763|2|LAVA|3776.5|-4976.75|58.667|78.15|72.15|64.533
1|1763|2|LAVA|3776.5|-4976.75|176.0|78.15|72.15|64.533
1|1763|2|LAVA|3776.5|-4976.75|293.333|78.15|72.15|64.533
1|1765|2|LAVA|3987.035|-4530.063|58.667|47.785|99.687|64.533
1|1765|2|LAVA|3987.035|-4530.063|176.0|47.785|99.687|64.533
1|1765|2|LAVA|3987.035|-4530.063|293.333|47.785|99.687|64.533
1|1767|2|LAVA|3723.75|-4056.25|58.667|26.7|50.7|64.533
1|1767|2|LAVA|3723.75|-4056.25|176.0|26.7|50.7|64.533
1|1767|2|LAVA|3723.75|-4056.25|293.333|26.7|50.7|64.533
1|1769|2|LAVA|3634.75|-3812.25|58.667|59.6|70.0|64.533
1|1769|2|LAVA|3634.75|-3812.25|176.0|59.6|70.0|64.533
1|1769|2|LAVA|3634.75|-3812.25|293.333|59.6|70.0|64.533
1|1771|2|LAVA|3789.474|-3475.028|58.667|99.074|47.778|64.533
1|1771|2|LAVA|3789.474|-3475.028|176.0|99.074|47.778|64.533
1|1771|2|LAVA|3789.474|-3475.028|293.333|99.074|47.778|64.533
1|1773|2|LAVA|4251.25|-3250.5|58.667|69.35|59.35|64.533
1|1773|2|LAVA|4251.25|-3250.5|176.0|69.35|59.35|64.533
1|1773|2|LAVA|4251.25|-3250.5|293.333|69.35|59.35|64.533
1|1775|2|LAVA|4684.226|-3323.145|58.667|94.526|71.045|64.533
1|1775|2|LAVA|4684.226|-3323.145|176.0|94.526|71.045|64.533
1|1775|2|LAVA|4684.226|-3323.145|293.333|94.526|71.045|64.533
1|1777|2|LAVA|5007.784|-2894.205|58.667|48.559|61.42|64.533
1|1777|2|LAVA|5007.784|-2894.205|176.0|48.559|61.42|64.533
1|1777|2|LAVA|5007.784|-2894.205|293.333|48.559|61.42|64.533
1|1777|2|LAVA|4979.284|-2816.705|58.667|48.559|61.42|64.533
1|1777|2|LAVA|4979.284|-2816.705|176.0|48.559|61.42|64.533
1|1777|2|LAVA|4979.284|-2816.705|293.333|48.559|61.42|64.533
1|1779|2|LAVA|4619.0|-2366.25|58.667|51.25|82.85|64.533
1|1779|2|LAVA|4619.0|-2366.25|176.0|51.25|82.85|64.533
1|1779|2|LAVA|4619.0|-2366.25|293.333|51.25|82.85|64.533
1|1781|2|LAVA|4402.717|-2017.368|58.667|57.317|72.293|64.533
1|1781|2|LAVA|4402.717|-2017.368|176.0|57.317|72.293|64.533
1|1781|2|LAVA|4402.717|-2017.368|293.333|57.317|72.293|64.533
1|1781|2|LAVA|4446.717|-1927.868|58.667|57.317|72.293|64.533
1|1781|2|LAVA|4446.717|-1927.868|176.0|57.317|72.293|64.533
1|1781|2|LAVA|4446.717|-1927.868|293.333|57.317|72.293|64.533
1|1783|2|LAVA|4532.523|-1265.446|58.667|60.773|64.796|64.533
1|1783|2|LAVA|4532.523|-1265.446|176.0|60.773|64.796|64.533
1|1783|2|LAVA|4532.523|-1265.446|293.333|60.773|64.796|64.533
1|1783|2|LAVA|4587.523|-1196.446|58.667|60.773|64.796|64.533
1|1783|2|LAVA|4587.523|-1196.446|176.0|60.773|64.796|64.533
1|1783|2|LAVA|4587.523|-1196.446|293.333|60.773|64.796|64.533
1|1785|2|LAVA|4770.969|-573.41|58.667|35.869|89.81|64.533
1|1785|2|LAVA|4770.969|-573.41|176.0|35.869|89.81|64.533
1|1785|2|LAVA|4770.969|-573.41|293.333|35.869|89.81|64.533
1|1787|2|LAVA|4630.016|-68.456|58.667|43.866|75.744|64.533
1|1787|2|LAVA|4630.016|-68.456|176.0|43.866|75.744|64.533
1|1787|2|LAVA|4630.016|-68.456|293.333|43.866|75.744|64.533
1|1787|2|LAVA|4611.016|39.544|58.667|43.866|75.744|64.533
1|1787|2|LAVA|4611.016|39.544|176.0|43.866|75.744|64.533
1|1787|2|LAVA|4611.016|39.544|293.333|43.866|75.744|64.533
1|1789|2|LAVA|4266.39|669.769|58.667|45.915|59.931|64.533
1|1789|2|LAVA|4266.39|669.769|176.0|45.915|59.931|64.533
1|1789|2|LAVA|4266.39|669.769|293.333|45.915|59.931|64.533
1|1789|2|LAVA|4289.89|747.769|58.667|45.915|59.931|64.533
1|1789|2|LAVA|4289.89|747.769|176.0|45.915|59.931|64.533
1|1789|2|LAVA|4289.89|747.769|293.333|45.915|59.931|64.533
1|1791|2|LAVA|4262.25|1294.0|58.667|45.75|46.95|64.533
1|1791|2|LAVA|4262.25|1294.0|176.0|45.75|46.95|64.533
1|1791|2|LAVA|4262.25|1294.0|293.333|45.75|46.95|64.533
1|1793|2|LAVA|4403.821|1534.12|58.667|61.721|57.08|64.533
1|1793|2|LAVA|4403.821|1534.12|176.0|61.721|57.08|64.533
1|1793|2|LAVA|4403.821|1534.12|293.333|61.721|57.08|64.533
1|1793|2|LAVA|4469.821|1582.12|58.667|61.721|57.08|64.533
1|1793|2|LAVA|4469.821|1582.12|176.0|61.721|57.08|64.533
1|1793|2|LAVA|4469.821|1582.12|293.333|61.721|57.08|64.533
1|1795|2|LAVA|4760.25|2100.25|58.667|27.7|67.7|64.533
1|1795|2|LAVA|4760.25|2100.25|176.0|27.7|67.7|64.533
1|1795|2|LAVA|4760.25|2100.25|293.333|27.7|67.7|64.533
1|1797|2|LAVA|4580.25|2482.75|58.667|70.0|59.6|64.533
1|1797|2|LAVA|4580.25|2482.75|176.0|70.0|59.6|64.533
1|1797|2|LAVA|4580.25|2482.75|293.333|70.0|59.6|64.533
1|1799|2|LAVA|4158.25|2571.0|58.667|82.85|51.25|64.533
1|1799|2|LAVA|4158.25|2571.0|176.0|82.85|51.25|64.533
1|1799|2|LAVA|4158.25|2571.0|293.333|82.85|51.25|64.533
1|1801|2|LAVA|3775.0|2289.0|58.667|78.8|72.4|64.533
1|1801|2|LAVA|3775.0|2289.0|176.0|78.8|72.4|64.533
1|1801|2|LAVA|3775.0|2289.0|293.333|78.8|72.4|64.533
1|1803|2|LAVA|3570.25|1932.5|58.667|23.05|13.85|64.533
1|1803|2|LAVA|3570.25|1932.5|176.0|23.05|13.85|64.533
1|1803|2|LAVA|3570.25|1932.5|293.333|23.05|13.85|64.533
1|1805|2|LAVA|3475.028|1997.474|58.667|47.778|99.074|64.533
1|1805|2|LAVA|3475.028|1997.474|176.0|47.778|99.074|64.533
1|1805|2|LAVA|3475.028|1997.474|293.333|47.778|99.074|64.533
1|1807|2|LAVA|3198.25|2483.5|58.667|48.85|63.65|64.533
1|1807|2|LAVA|3198.25|2483.5|176.0|48.85|63.65|64.533
1|1807|2|LAVA|3198.25|2483.5|293.333|48.85|63.65|64.533
1|1809|2|LAVA|2877.41|2722.969|58.667|89.81|35.869|64.533
1|1809|2|LAVA|2877.41|2722.969|176.0|89.81|35.869|64.533
1|1809|2|LAVA|2877.41|2722.969|293.333|89.81|35.869|64.533
1|1811|2|LAVA|2417.446|2612.523|58.667|64.796|60.773|64.533
1|1811|2|LAVA|2417.446|2612.523|176.0|64.796|60.773|64.533
1|1811|2|LAVA|2417.446|2612.523|293.333|64.796|60.773|64.533
1|1811|2|LAVA|2348.446|2667.523|58.667|64.796|60.773|64.533
1|1811|2|LAVA|2348.446|2667.523|176.0|64.796|60.773|64.533
1|1811|2|LAVA|2348.446|2667.523|293.333|64.796|60.773|64.533
1|1813|2|LAVA|1744.108|2857.912|58.667|76.308|45.062|64.533
1|1813|2|LAVA|1744.108|2857.912|176.0|76.308|45.062|64.533
1|1813|2|LAVA|1744.108|2857.912|293.333|76.308|45.062|64.533
1|1813|2|LAVA|1636.108|2878.912|58.667|76.308|45.062|64.533
1|1813|2|LAVA|1636.108|2878.912|176.0|76.308|45.062|64.533
1|1813|2|LAVA|1636.108|2878.912|293.333|76.308|45.062|64.533
1|1813|2|LAVA|1528.108|2899.912|58.667|76.308|45.062|64.533
1|1813|2|LAVA|1528.108|2899.912|176.0|76.308|45.062|64.533
1|1813|2|LAVA|1528.108|2899.912|293.333|76.308|45.062|64.533
1|1815|2|LAVA|462.592|2741.928|58.667|91.275|61.178|64.533
1|1815|2|LAVA|462.592|2741.928|176.0|91.275|61.178|64.533
1|1815|2|LAVA|462.592|2741.928|293.333|91.275|61.178|64.533
1|1815|2|LAVA|340.259|2790.261|58.667|91.275|61.178|64.533
1|1815|2|LAVA|340.259|2790.261|176.0|91.275|61.178|64.533
1|1815|2|LAVA|340.259|2790.261|293.333|91.275|61.178|64.533
1|1815|2|LAVA|217.925|2838.595|58.667|91.275|61.178|64.533
1|1815|2|LAVA|217.925|2838.595|176.0|91.275|61.178|64.533
1|1815|2|LAVA|217.925|2838.595|293.333|91.275|61.178|64.533
1|1817|2|LAVA|-1076.677|2846.487|58.667|68.202|33.937|64.533
1|1817|2|LAVA|-1076.677|2846.487|176.0|68.202|33.937|64.533
1|1817|2|LAVA|-1076.677|2846.487|293.333|68.202|33.937|64.533
1|1817|2|LAVA|-1180.177|2843.487|58.667|68.202|33.937|64.533
1|1817|2|LAVA|-1180.177|2843.487|176.0|68.202|33.937|64.533
1|1817|2|LAVA|-1180.177|2843.487|293.333|68.202|33.937|64.533
1|1819|2|LAVA|-1813.751|2607.767|58.667|62.774|53.617|64.533
1|1819|2|LAVA|-1813.751|2607.767|176.0|62.774|53.617|64.533
1|1819|2|LAVA|-1813.751|2607.767|293.333|62.774|53.617|64.533
1|1819|2|LAVA|-1887.251|2646.767|58.667|62.774|53.617|64.533
1|1819|2|LAVA|-1887.251|2646.767|176.0|62.774|53.617|64.533
1|1819|2|LAVA|-1887.251|2646.767|293.333|62.774|53.617|64.533
1|1821|2|LAVA|-2472.0|2725.5|58.667|68.1|41.7|64.533
1|1821|2|LAVA|-2472.0|2725.5|176.0|68.1|41.7|64.533
1|1821|2|LAVA|-2472.0|2725.5|293.333|68.1|41.7|64.533
1|1823|2|LAVA|-2868.25|2712.25|58.667|67.7|27.7|64.533
1|1823|2|LAVA|-2868.25|2712.25|176.0|67.7|27.7|64.533
1|1823|2|LAVA|-2868.25|2712.25|293.333|67.7|27.7|64.533
1|1825|2|LAVA|-3249.637|2506.24|58.667|55.337|91.14|64.533
1|1825|2|LAVA|-3249.637|2506.24|176.0|55.337|91.14|64.533
1|1825|2|LAVA|-3249.637|2506.24|293.333|55.337|91.14|64.533
1|1827|2|LAVA|-3238.5|2033.5|58.667|46.0|47.6|64.533
1|1827|2|LAVA|-3238.5|2033.5|176.0|46.0|47.6|64.533
1|1827|2|LAVA|-3238.5|2033.5|293.333|46.0|47.6|64.533
1|1829|2|LAVA|-3355.25|1842.5|58.667|69.35|59.35|64.533
1|1829|2|LAVA|-3355.25|1842.5|176.0|69.35|59.35|64.533
1|1829|2|LAVA|-3355.25|1842.5|293.333|69.35|59.35|64.533
1|1831|2|LAVA|-3726.0|1958.25|58.667|46.95|45.75|64.533
1|1831|2|LAVA|-3726.0|1958.25|176.0|46.95|45.75|64.533
1|1831|2|LAVA|-3726.0|1958.25|293.333|46.95|45.75|64.533
1|1833|2|LAVA|-4032.5|2032.75|58.667|78.15|72.15|64.533
1|1833|2|LAVA|-4032.5|2032.75|176.0|78.15|72.15|64.533
1|1833|2|LAVA|-4032.5|2032.75|293.333|78.15|72.15|64.533
1|1835|2|LAVA|-4243.035|1586.063|58.667|47.785|99.687|64.533
1|1835|2|LAVA|-4243.035|1586.063|176.0|47.785|99.687|64.533
1|1835|2|LAVA|-4243.035|1586.063|293.333|47.785|99.687|64.533
1|1837|2|LAVA|-3953.75|1113.0|58.667|47.85|46.65|64.533
1|1837|2|LAVA|-3953.75|1113.0|176.0|47.85|46.65|64.533
1|1837|2|LAVA|-3953.75|1113.0|293.333|47.85|46.65|64.533
1|1839|2|LAVA|-3764.523|1009.446|58.667|60.773|64.796|64.533
1|1839|2|LAVA|-3764.523|1009.446|176.0|60.773|64.796|64.533
1|1839|2|LAVA|-3764.523|1009.446|293.333|60.773|64.796|64.533
1|1839|2|LAVA|-3819.523|940.446|58.667|60.773|64.796|64.533
1|1839|2|LAVA|-3819.523|940.446|176.0|60.773|64.796|64.533
1|1839|2|LAVA|-3819.523|940.446|293.333|60.773|64.796|64.533
1|1841|2|LAVA|-4017.637|330.24|58.667|55.337|91.14|64.533
1|1841|2|LAVA|-4017.637|330.24|176.0|55.337|91.14|64.533
1|1841|2|LAVA|-4017.637|330.24|293.333|55.337|91.14|64.533
1|1843|2|LAVA|-4008.383|-180.415|58.667|43.008|79.26|64.533
1|1843|2|LAVA|-4008.383|-180.415|176.0|43.008|79.26|64.533
1|1843|2|LAVA|-4008.383|-180.415|293.333|43.008|79.26|64.533
1|1843|2|LAVA|-4025.883|-294.915|58.667|43.008|79.26|64.533
1|1843|2|LAVA|-4025.883|-294.915|176.0|43.008|79.26|64.533
1|1843|2|LAVA|-4025.883|-294.915|293.333|43.008|79.26|64.533
1|1845|2|LAVA|-3891.25|-1025.25|58.667|63.4|48.2|64.533
1|1845|2|LAVA|-3891.25|-1025.25|176.0|63.4|48.2|64.533
1|1845|2|LAVA|-3891.25|-1025.25|293.333|63.4|48.2|64.533
1|1847|2|LAVA|-4133.5|-1320.0|58.667|41.7|68.1|64.533
1|1847|2|LAVA|-4133.5|-1320.0|176.0|41.7|68.1|64.533
1|1847|2|LAVA|-4133.5|-1320.0|293.333|41.7|68.1|64.533
1|1849|2|LAVA|-4069.25|-1689.25|58.667|45.7|28.1|64.533
1|1849|2|LAVA|-4069.25|-1689.25|176.0|45.7|28.1|64.533
1|1849|2|LAVA|-4069.25|-1689.25|293.333|45.7|28.1|64.533
1|1851|2|LAVA|-3851.5|-1703.25|58.667|26.45|50.05|64.533
1|1851|2|LAVA|-3851.5|-1703.25|176.0|26.45|50.05|64.533
1|1851|2|LAVA|-3851.5|-1703.25|293.333|26.45|50.05|64.533
1|1853|2|LAVA|-3736.25|-1972.25|58.667|27.7|67.7|64.533
1|1853|2|LAVA|-3736.25|-1972.25|176.0|27.7|67.7|64.533
1|1853|2|LAVA|-3736.25|-1972.25|293.333|27.7|67.7|64.533
1|1855|2|LAVA|-3623.0|-2292.0|58.667|49.8|25.8|64.533
1|1855|2|LAVA|-3623.0|-2292.0|176.0|49.8|25.8|64.533
1|1855|2|LAVA|-3623.0|-2292.0|293.333|49.8|25.8|64.533
1|1857|2|LAVA|-3916.047|-2436.258|58.667|94.347|70.492|64.533
1|1857|2|LAVA|-3916.047|-2436.258|176.0|94.347|70.492|64.533
1|1857|2|LAVA|-3916.047|-2436.258|293.333|94.347|70.492|64.533
1|1859|2|LAVA|-4219.145|-2892.226|58.667|71.045|94.526|64.533
1|1859|2|LAVA|-4219.145|-2892.226|176.0|71.045|94.526|64.533
1|1859|2|LAVA|-4219.145|-2892.226|293.333|71.045|94.526|64.533
1|1861|2|LAVA|-3798.359|-3262.002|58.667|91.759|72.352|64.533
1|1861|2|LAVA|-3798.359|-3262.002|176.0|91.759|72.352|64.533
1|1861|2|LAVA|-3798.359|-3262.002|293.333|91.759|72.352|64.533
1|1863|2|LAVA|-3340.25|-3341.25|58.667|13.6|22.4|64.533
1|1863|2|LAVA|-3340.25|-3341.25|176.0|13.6|22.4|64.533
1|1863|2|LAVA|-3340.25|-3341.25|293.333|13.6|22.4|64.533
1|1953|2|LAVA|-309.319|2934.996|58.667|86.069|33.296|64.533
1|1953|2|LAVA|-309.319|2934.996|176.0|86.069|33.296|64.533
1|1953|2|LAVA|-309.319|2934.996|293.333|86.069|33.296|64.533
1|1953|2|LAVA|-440.986|2932.996|58.667|86.069|33.296|64.533
1|1953|2|LAVA|-440.986|2932.996|176.0|86.069|33.296|64.533
1|1953|2|LAVA|-440.986|2932.996|293.333|86.069|33.296|64.533
1|1953|2|LAVA|-572.653|2930.996|58.667|86.069|33.296|64.533
1|1953|2|LAVA|-572.653|2930.996|176.0|86.069|33.296|64.533
1|1953|2|LAVA|-572.653|2930.996|293.333|86.069|33.296|64.533
1|1955|2|LAVA|-708.983|2915.635|58.667|90.283|49.068|64.533
1|1955|2|LAVA|-708.983|2915.635|176.0|90.283|49.068|64.533
1|1955|2|LAVA|-708.983|2915.635|293.333|90.283|49.068|64.533
1|1955|2|LAVA|-837.65|2888.301|58.667|90.283|49.068|64.533
1|1955|2|LAVA|-837.65|2888.301|176.0|90.283|49.068|64.533
1|1955|2|LAVA|-837.65|2888.301|293.333|90.283|49.068|64.533
1|1955|2|LAVA|-966.316|2860.968|58.667|90.283|49.068|64.533
1|1955|2|LAVA|-966.316|2860.968|176.0|90.283|49.068|64.533
1|1955|2|LAVA|-966.316|2860.968|293.333|90.283|49.068|64.533
1|1957|2|LAVA|1413.167|2911.0|58.667|71.283|32.0|64.533
1|1957|2|LAVA|1413.167|2911.0|176.0|71.283|32.0|64.533
1|1957|2|LAVA|1413.167|2911.0|293.333|71.283|32.0|64.533
1|1957|2|LAVA|1303.5|2911.0|58.667|71.283|32.0|64.533
1|1957|2|LAVA|1303.5|2911.0|176.0|71.283|32.0|64.533
1|1957|2|LAVA|1303.5|2911.0|293.333|71.283|32.0|64.533
1|1957|2|LAVA|1193.833|2911.0|58.667|71.283|32.0|64.533
1|1957|2|LAVA|1193.833|2911.0|176.0|71.283|32.0|64.533
1|1957|2|LAVA|1193.833|2911.0|293.333|71.283|32.0|64.533
1|1959|2|LAVA|1078.854|2899.538|58.667|76.296|45.454|64.533
1|1959|2|LAVA|1078.854|2899.538|176.0|76.296|45.454|64.533
1|1959|2|LAVA|1078.854|2899.538|293.333|76.296|45.454|64.533
1|1959|2|LAVA|971.187|2877.871|58.667|76.296|45.454|64.533
1|1959|2|LAVA|971.187|2877.871|176.0|76.296|45.454|64.533
1|1959|2|LAVA|971.187|2877.871|293.333|76.296|45.454|64.533
1|1959|2|LAVA|863.52|2856.204|58.667|76.296|45.454|64.533
1|1959|2|LAVA|863.52|2856.204|176.0|76.296|45.454|64.533
1|1959|2|LAVA|863.52|2856.204|293.333|76.296|45.454|64.533
1|1961|2|LAVA|753.081|2822.561|58.667|78.119|56.861|64.533
1|1961|2|LAVA|753.081|2822.561|176.0|78.119|56.861|64.533
1|1961|2|LAVA|753.081|2822.561|293.333|78.119|56.861|64.533
1|1961|2|LAVA|651.748|2780.561|58.667|78.119|56.861|64.533
1|1961|2|LAVA|651.748|2780.561|176.0|78.119|56.861|64.533
1|1961|2|LAVA|651.748|2780.561|293.333|78.119|56.861|64.533
1|1961|2|LAVA|550.414|2738.561|58.667|78.119|56.861|64.533
1|1961|2|LAVA|550.414|2738.561|176.0|78.119|56.861|64.533
1|1961|2|LAVA|550.414|2738.561|293.333|78.119|56.861|64.533
1|1963|2|LAVA|2269.422|2718.688|58.667|65.697|54.763|64.533
1|1963|2|LAVA|2269.422|2718.688|176.0|65.697|54.763|64.533
1|1963|2|LAVA|2269.422|2718.688|293.333|65.697|54.763|64.533
1|1963|2|LAVA|2190.922|2759.188|58.667|65.697|54.763|64.533
1|1963|2|LAVA|2190.922|2759.188|176.0|65.697|54.763|64.533
1|1963|2|LAVA|2190.922|2759.188|293.333|65.697|54.763|64.533
1|1965|2|LAVA|2103.363|2793.998|58.667|64.113|46.673|64.533
1|1965|2|LAVA|2103.363|2793.998|176.0|64.113|46.673|64.533
1|1965|2|LAVA|2103.363|2793.998|293.333|64.113|46.673|64.533
1|1965|2|LAVA|2018.363|2818.498|58.667|64.113|46.673|64.533
1|1965|2|LAVA|2018.363|2818.498|176.0|64.113|46.673|64.533
1|1965|2|LAVA|2018.363|2818.498|293.333|64.113|46.673|64.533
1|1967|2|LAVA|1926.164|2835.867|58.667|59.789|37.067|64.533
1|1967|2|LAVA|1926.164|2835.867|176.0|59.789|37.067|64.533
1|1967|2|LAVA|1926.164|2835.867|293.333|59.789|37.067|64.533
1|1967|2|LAVA|1838.664|2843.867|58.667|59.789|37.067|64.533
1|1967|2|LAVA|1838.664|2843.867|176.0|59.789|37.067|64.533
1|1967|2|LAVA|1838.664|2843.867|293.333|59.789|37.067|64.533
1|1969|2|LAVA|86.093|2876.311|58.667|89.827|46.861|64.533
1|1969|2|LAVA|86.093|2876.311|176.0|89.827|46.861|64.533
1|1969|2|LAVA|86.093|2876.311|293.333|89.827|46.861|64.533
1|1969|2|LAVA|-43.24|2899.977|58.667|89.827|46.861|64.533
1|1969|2|LAVA|-43.24|2899.977|176.0|89.827|46.861|64.533
1|1969|2|LAVA|-43.24|2899.977|293.333|89.827|46.861|64.533
1|1969|2|LAVA|-172.573|2923.644|58.667|89.827|46.861|64.533
1|1969|2|LAVA|-172.573|2923.644|176.0|89.827|46.861|64.533
1|1969|2|LAVA|-172.573|2923.644|293.333|89.827|46.861|64.533
1|1971|2|LAVA|3687.75|2201.25|58.667|71.5|77.9|64.533
1|1971|2|LAVA|3687.75|2201.25|176.0|71.5|77.9|64.533
1|1971|2|LAVA|3687.75|2201.25|293.333|71.5|77.9|64.533
1|1973|2|LAVA|3572.75|1985.0|58.667|50.35|81.95|64.533
1|1973|2|LAVA|3572.75|1985.0|176.0|50.35|81.95|64.533
1|1973|2|LAVA|3572.75|1985.0|293.333|50.35|81.95|64.533
1|1975|2|LAVA|3536.75|1938.5|58.667|21.55|12|64.533
1|1975|2|LAVA|3536.75|1938.5|176.0|21.55|12|64.533
1|1975|2|LAVA|3536.75|1938.5|293.333|21.55|12|64.533
1|1977|2|LAVA|3502.75|1938.75|58.667|22.2|12|64.533
1|1977|2|LAVA|3502.75|1938.75|176.0|22.2|12|64.533
1|1977|2|LAVA|3502.75|1938.75|293.333|22.2|12|64.533
1|1979|2|LAVA|3469.25|1932.25|58.667|22.4|13.6|64.533
1|1979|2|LAVA|3469.25|1932.25|176.0|22.4|13.6|64.533
1|1979|2|LAVA|3469.25|1932.25|293.333|22.4|13.6|64.533
1|1981|2|LAVA|3434.345|2144.046|58.667|64.295|100.596|64.533
1|1981|2|LAVA|3434.345|2144.046|176.0|64.295|100.596|64.533
1|1981|2|LAVA|3434.345|2144.046|293.333|64.295|100.596|64.533
1|1983|2|LAVA|3366.087|2280.038|58.667|77.787|97.638|64.533
1|1983|2|LAVA|3366.087|2280.038|176.0|77.787|97.638|64.533
1|1983|2|LAVA|3366.087|2280.038|293.333|77.787|97.638|64.533
1|1985|2|LAVA|3273.379|2400.35|58.667|88.379|91.4|64.533
1|1985|2|LAVA|3273.379|2400.35|176.0|88.379|91.4|64.533
1|1985|2|LAVA|3273.379|2400.35|293.333|88.379|91.4|64.533
1|1987|2|LAVA|3619.5|2098.75|58.667|61.75|81.35|64.533
1|1987|2|LAVA|3619.5|2098.75|176.0|61.75|81.35|64.533
1|1987|2|LAVA|3619.5|2098.75|293.333|61.75|81.35|64.533
1|1989|2|LAVA|-3346.75|-3374.75|58.667|12|22.2|64.533
1|1989|2|LAVA|-3346.75|-3374.75|176.0|12|22.2|64.533
1|1989|2|LAVA|-3346.75|-3374.75|293.333|12|22.2|64.533
1|1991|2|LAVA|-3340.5|-3442.25|58.667|13.85|23.05|64.533
1|1991|2|LAVA|-3340.5|-3442.25|176.0|13.85|23.05|64.533
1|1991|2|LAVA|-3340.5|-3442.25|293.333|13.85|23.05|64.533
1|1993|2|LAVA|-3670.613|-3321.689|58.667|93.813|59.439|64.533
1|1993|2|LAVA|-3670.613|-3321.689|176.0|93.813|59.439|64.533
1|1993|2|LAVA|-3670.613|-3321.689|293.333|93.813|59.439|64.533
1|1995|2|LAVA|-3534.259|-3355.644|58.667|91.209|44.644|64.533
1|1995|2|LAVA|-3534.259|-3355.644|176.0|91.209|44.644|64.533
1|1995|2|LAVA|-3534.259|-3355.644|293.333|91.209|44.644|64.533
1|1997|2|LAVA|-3394.079|-3362.968|58.667|89.171|35.868|64.533
1|1997|2|LAVA|-3394.079|-3362.968|176.0|89.171|35.868|64.533
1|1997|2|LAVA|-3394.079|-3362.968|293.333|89.171|35.868|64.533
1|1999|2|LAVA|-4138.808|-3012.214|58.667|82.008|90.414|64.533
1|1999|2|LAVA|-4138.808|-3012.214|176.0|82.008|90.414|64.533
1|1999|2|LAVA|-4138.808|-3012.214|293.333|82.008|90.414|64.533
1|2001|2|LAVA|-4036.214|-3114.808|58.667|90.414|82.008|64.533
1|2001|2|LAVA|-4036.214|-3114.808|176.0|90.414|82.008|64.533
1|2001|2|LAVA|-4036.214|-3114.808|293.333|90.414|82.008|64.533
1|2003|2|LAVA|-3916.226|-3195.145|58.667|94.526|71.045|64.533
1|2003|2|LAVA|-3916.226|-3195.145|176.0|94.526|71.045|64.533
1|2003|2|LAVA|-3916.226|-3195.145|293.333|94.526|71.045|64.533
1|2005|2|LAVA|-3346.5|-3408.75|58.667|12|21.55|64.533
1|2005|2|LAVA|-3346.5|-3408.75|176.0|12|21.55|64.533
1|2005|2|LAVA|-3346.5|-3408.75|293.333|12|21.55|64.533
1|2007|2|LAVA|-4036.214|-2516.192|58.667|90.414|82.008|64.533
1|2007|2|LAVA|-4036.214|-2516.192|176.0|90.414|82.008|64.533
1|2007|2|LAVA|-4036.214|-2516.192|293.333|90.414|82.008|64.533
1|2009|2|LAVA|-4219.197|-2739.37|58.667|71.097|95.08|64.533
1|2009|2|LAVA|-4219.197|-2739.37|176.0|71.097|95.08|64.533
1|2009|2|LAVA|-4219.197|-2739.37|293.333|71.097|95.08|64.533
1|2011|2|LAVA|-3696.5|-2312.0|58.667|50.7|33.9|64.533
1|2011|2|LAVA|-3696.5|-2312.0|176.0|50.7|33.9|64.533
1|2011|2|LAVA|-3696.5|-2312.0|293.333|50.7|33.9|64.533
1|2013|2|LAVA|-3764.75|-2346.0|58.667|50.05|40.85|64.533
1|2013|2|LAVA|-3764.75|-2346.0|176.0|50.05|40.85|64.533
1|2013|2|LAVA|-3764.75|-2346.0|293.333|50.05|40.85|64.533
1|2015|2|LAVA|-3825.75|-2393.0|58.667|47.85|46.65|64.533
1|2015|2|LAVA|-3825.75|-2393.0|176.0|47.85|46.65|64.533
1|2015|2|LAVA|-3825.75|-2393.0|293.333|47.85|46.65|64.533
1|2017|2|LAVA|-3722.75|-2079.25|58.667|40.2|71.4|64.533
1|2017|2|LAVA|-3722.75|-2079.25|176.0|40.2|71.4|64.533
1|2017|2|LAVA|-3722.75|-2079.25|293.333|40.2|71.4|64.533
1|2019|2|LAVA|-3688.25|-2182.25|58.667|51.7|72.5|64.533
1|2019|2|LAVA|-3688.25|-2182.25|176.0|51.7|72.5|64.533
1|2019|2|LAVA|-3688.25|-2182.25|293.333|51.7|72.5|64.533
1|2021|2|LAVA|-3634.75|-2276.25|58.667|59.6|70.0|64.533
1|2021|2|LAVA|-3634.75|-2276.25|176.0|59.6|70.0|64.533
1|2021|2|LAVA|-3634.75|-2276.25|293.333|59.6|70.0|64.533
1|2023|2|LAVA|-4138.808|-2618.786|58.667|82.008|90.414|64.533
1|2023|2|LAVA|-4138.808|-2618.786|176.0|82.008|90.414|64.533
1|2023|2|LAVA|-4138.808|-2618.786|293.333|82.008|90.414|64.533
1|2025|2|LAVA|-4132.5|2823.0|58.667|46.1|27.7|64.533
1|2025|2|LAVA|-4132.5|2823.0|176.0|46.1|27.7|64.533
1|2025|2|LAVA|-4132.5|2823.0|293.333|46.1|27.7|64.533
1|2027|2|LAVA|-3832.5|2852.25|58.667|27.05|45.85|64.533
1|2027|2|LAVA|-3832.5|2852.25|176.0|27.05|45.85|64.533
1|2027|2|LAVA|-3832.5|2852.25|293.333|27.05|45.85|64.533
1|2029|2|LAVA|-4094.5|-1228.0|58.667|49.1|64.3|64.533
1|2029|2|LAVA|-4094.5|-1228.0|176.0|49.1|64.3|64.533
1|2029|2|LAVA|-4094.5|-1228.0|293.333|49.1|64.3|64.533
1|2031|2|LAVA|-3971.75|-1078.5|58.667|61.55|56.35|64.533
1|2031|2|LAVA|-3971.75|-1078.5|176.0|61.55|56.35|64.533
1|2031|2|LAVA|-3971.75|-1078.5|293.333|61.55|56.35|64.533
1|2033|2|LAVA|-4040.5|-1147.25|58.667|56.35|61.55|64.533
1|2033|2|LAVA|-4040.5|-1147.25|176.0|56.35|61.55|64.533
1|2033|2|LAVA|-4040.5|-1147.25|293.333|56.35|61.55|64.533
1|2035|2|LAVA|-3803.75|2552.5|58.667|45.85|27.05|64.533
1|2035|2|LAVA|-3803.75|2552.5|176.0|45.85|27.05|64.533
1|2035|2|LAVA|-3803.75|2552.5|293.333|45.85|27.05|64.533
1|2037|2|LAVA|-4103.0|2523.5|58.667|27.7|46.1|64.533
1|2037|2|LAVA|-4103.0|2523.5|176.0|27.7|46.1|64.533
1|2037|2|LAVA|-4103.0|2523.5|293.333|27.7|46.1|64.533
1|2039|2|LAVA|-4032.47|-416.134|58.667|35.22|76.459|64.533
1|2039|2|LAVA|-4032.47|-416.134|176.0|35.22|76.459|64.533
1|2039|2|LAVA|-4032.47|-416.134|293.333|35.22|76.459|64.533
1|2039|2|LAVA|-4027.47|-531.634|58.667|35.22|76.459|64.533
1|2039|2|LAVA|-4027.47|-531.634|176.0|35.22|76.459|64.533
1|2039|2|LAVA|-4027.47|-531.634|293.333|35.22|76.459|64.533
1|2041|2|LAVA|-4010.053|-651.979|58.667|49.253|80.854|64.533
1|2041|2|LAVA|-4010.053|-651.979|176.0|49.253|80.854|64.533
1|2041|2|LAVA|-4010.053|-651.979|293.333|49.253|80.854|64.533
1|2041|2|LAVA|-3982.053|-764.479|58.667|49.253|80.854|64.533
1|2041|2|LAVA|-3982.053|-764.479|176.0|49.253|80.854|64.533
1|2041|2|LAVA|-3982.053|-764.479|293.333|49.253|80.854|64.533
1|2045|2|LAVA|-3831.0|-1776.5|58.667|33.9|50.7|64.533
1|2045|2|LAVA|-3831.0|-1776.5|176.0|33.9|50.7|64.533
1|2045|2|LAVA|-3831.0|-1776.5|293.333|33.9|50.7|64.533
1|2047|2|LAVA|-3750.5|-1905.5|58.667|46.0|47.6|64.533
1|2047|2|LAVA|-3750.5|-1905.5|176.0|46.0|47.6|64.533
1|2047|2|LAVA|-3750.5|-1905.5|293.333|46.0|47.6|64.533
1|2049|2|LAVA|-4002.0|-1702.25|58.667|43.75|20.15|64.533
1|2049|2|LAVA|-4002.0|-1702.25|176.0|43.75|20.15|64.533
1|2049|2|LAVA|-4002.0|-1702.25|293.333|43.75|20.15|64.533
1|2051|2|LAVA|-3933.5|-1702.5|58.667|44.4|20.4|64.533
1|2051|2|LAVA|-3933.5|-1702.5|176.0|44.4|20.4|64.533
1|2051|2|LAVA|-3933.5|-1702.5|293.333|44.4|20.4|64.533
1|2053|2|LAVA|-3866.25|-1689.0|58.667|45.05|27.85|64.533
1|2053|2|LAVA|-3866.25|-1689.0|176.0|45.05|27.85|64.533
1|2053|2|LAVA|-3866.25|-1689.0|293.333|45.05|27.85|64.533
1|2055|2|LAVA|-4153.5|-1420.5|58.667|31.0|66.2|64.533
1|2055|2|LAVA|-4153.5|-1420.5|176.0|31.0|66.2|64.533
1|2055|2|LAVA|-4153.5|-1420.5|293.333|31.0|66.2|64.533
1|2057|2|LAVA|-4153.25|-1523.0|58.667|30.75|65.55|64.533
1|2057|2|LAVA|-4153.25|-1523.0|176.0|30.75|65.55|64.533
1|2057|2|LAVA|-4153.25|-1523.0|293.333|30.75|65.55|64.533
1|2059|2|LAVA|-4133.75|-1623.5|58.667|41.95|68.75|64.533
1|2059|2|LAVA|-4133.75|-1623.5|176.0|41.95|68.75|64.533
1|2059|2|LAVA|-4133.75|-1623.5|293.333|41.95|68.75|64.533
1|2061|2|LAVA|-3797.0|-1844.75|58.667|40.85|50.05|64.533
1|2061|2|LAVA|-3797.0|-1844.75|176.0|40.85|50.05|64.533
1|2061|2|LAVA|-3797.0|-1844.75|293.333|40.85|50.05|64.533
1|2063|2|LAVA|-3225.5|-3583.0|58.667|31.5|24.3|64.533
1|2063|2|LAVA|-3225.5|-3583.0|176.0|31.5|24.3|64.533
1|2063|2|LAVA|-3225.5|-3583.0|293.333|31.5|24.3|64.533
1|2065|2|LAVA|-3265.5|-3556.0|58.667|30.9|28.5|64.533
1|2065|2|LAVA|-3265.5|-3556.0|176.0|30.9|28.5|64.533
1|2065|2|LAVA|-3265.5|-3556.0|293.333|30.9|28.5|64.533
1|2067|2|LAVA|-3300.0|-3521.5|58.667|28.5|30.9|64.533
1|2067|2|LAVA|-3300.0|-3521.5|176.0|28.5|30.9|64.533
1|2067|2|LAVA|-3300.0|-3521.5|293.333|28.5|30.9|64.533
1|2069|2|LAVA|-3225.25|-3813.25|58.667|28.1|45.7|64.533
1|2069|2|LAVA|-3225.25|-3813.25|176.0|28.1|45.7|64.533
1|2069|2|LAVA|-3225.25|-3813.25|293.333|28.1|45.7|64.533
1|2071|2|LAVA|-3238.25|-3746.0|58.667|20.15|43.75|64.533
1|2071|2|LAVA|-3238.25|-3746.0|176.0|20.15|43.75|64.533
1|2071|2|LAVA|-3238.25|-3746.0|293.333|20.15|43.75|64.533
1|2073|2|LAVA|-3238.5|-3677.5|58.667|20.4|44.4|64.533
1|2073|2|LAVA|-3238.5|-3677.5|176.0|20.4|44.4|64.533
1|2073|2|LAVA|-3238.5|-3677.5|293.333|20.4|44.4|64.533
1|2075|2|LAVA|-3352.5|-4171.25|58.667|27.95|68.35|64.533
1|2075|2|LAVA|-3352.5|-4171.25|176.0|27.95|68.35|64.533
1|2075|2|LAVA|-3352.5|-4171.25|293.333|27.95|68.35|64.533
1|2077|2|LAVA|-3338.75|-4063.75|58.667|40.2|71.4|64.533
1|2077|2|LAVA|-3338.75|-4063.75|176.0|40.2|71.4|64.533
1|2077|2|LAVA|-3338.75|-4063.75|293.333|40.2|71.4|64.533
1|2079|2|LAVA|-3304.25|-3960.75|58.667|51.7|72.5|64.533
1|2079|2|LAVA|-3304.25|-3960.75|176.0|51.7|72.5|64.533
1|2079|2|LAVA|-3304.25|-3960.75|293.333|51.7|72.5|64.533
1|2083|2|LAVA|-3321.689|-4566.613|58.667|59.439|93.813|64.533
1|2083|2|LAVA|-3321.689|-4566.613|176.0|59.439|93.813|64.533
1|2083|2|LAVA|-3321.689|-4566.613|293.333|59.439|93.813|64.533
1|2085|2|LAVA|-3355.644|-4430.259|58.667|44.644|91.209|64.533
1|2085|2|LAVA|-3355.644|-4430.259|176.0|44.644|91.209|64.533
1|2085|2|LAVA|-3355.644|-4430.259|293.333|44.644|91.209|64.533
1|2087|2|LAVA|-2892.226|-5115.145|58.667|94.526|71.045|64.533
1|2087|2|LAVA|-2892.226|-5115.145|176.0|94.526|71.045|64.533
1|2087|2|LAVA|-2892.226|-5115.145|293.333|94.526|71.045|64.533
1|2089|2|LAVA|-3020.586|-5041.366|58.667|102.386|79.366|64.533
1|2089|2|LAVA|-3020.586|-5041.366|176.0|102.386|79.366|64.533
1|2089|2|LAVA|-3020.586|-5041.366|293.333|102.386|79.366|64.533
1|2091|2|LAVA|-3138.808|-4940.214|58.667|82.008|90.414|64.533
1|2091|2|LAVA|-3138.808|-4940.214|176.0|82.008|90.414|64.533
1|2091|2|LAVA|-3138.808|-4940.214|293.333|82.008|90.414|64.533
1|2093|2|LAVA|-2357.193|-5169.617|58.667|90.557|55.317|64.533
1|2093|2|LAVA|-2357.193|-5169.617|176.0|90.557|55.317|64.533
1|2093|2|LAVA|-2357.193|-5169.617|293.333|90.557|55.317|64.533
1|2095|2|LAVA|-2491.581|-5195.867|58.667|88.069|39.667|64.533
1|2095|2|LAVA|-2491.581|-5195.867|176.0|88.069|39.667|64.533
1|2095|2|LAVA|-2491.581|-5195.867|293.333|88.069|39.667|64.533
1|2097|2|LAVA|-2627.941|-5195.865|58.667|87.441|39.665|64.533
1|2097|2|LAVA|-2627.941|-5195.865|176.0|87.441|39.665|64.533
1|2097|2|LAVA|-2627.941|-5195.865|293.333|87.441|39.665|64.533
1|2099|2|LAVA|-1771.769|-5185.89|58.667|59.931|45.915|64.533
1|2099|2|LAVA|-1771.769|-5185.89|176.0|59.931|45.915|64.533
1|2099|2|LAVA|-1771.769|-5185.89|293.333|59.931|45.915|64.533
1|2099|2|LAVA|-1693.769|-5162.39|58.667|59.931|45.915|64.533
1|2099|2|LAVA|-1693.769|-5162.39|176.0|59.931|45.915|64.533
1|2099|2|LAVA|-1693.769|-5162.39|293.333|59.931|45.915|64.533
1|2101|2|LAVA|-1939.893|-5210.849|58.667|56.407|37.049|64.533
1|2101|2|LAVA|-1939.893|-5210.849|176.0|56.407|37.049|64.533
1|2101|2|LAVA|-1939.893|-5210.849|293.333|56.407|37.049|64.533
1|2101|2|LAVA|-1857.893|-5202.849|58.667|56.407|37.049|64.533
1|2101|2|LAVA|-1857.893|-5202.849|176.0|56.407|37.049|64.533
1|2101|2|LAVA|-1857.893|-5202.849|293.333|56.407|37.049|64.533
1|2103|2|LAVA|-2109.376|-5202.847|58.667|56.101|37.047|64.533
1|2103|2|LAVA|-2109.376|-5202.847|176.0|56.101|37.047|64.533
1|2103|2|LAVA|-2109.376|-5202.847|293.333|56.101|37.047|64.533
1|2103|2|LAVA|-2027.876|-5210.847|58.667|56.101|37.047|64.533
1|2103|2|LAVA|-2027.876|-5210.847|176.0|56.101|37.047|64.533
1|2103|2|LAVA|-2027.876|-5210.847|293.333|56.101|37.047|64.533
1|2105|2|LAVA|-1412.435|-4693.261|58.667|47.165|98.861|64.533
1|2105|2|LAVA|-1412.435|-4693.261|176.0|47.165|98.861|64.533
1|2105|2|LAVA|-1412.435|-4693.261|293.333|47.165|98.861|64.533
1|2107|2|LAVA|-1452.655|-4840.046|58.667|64.295|100.596|64.533
1|2107|2|LAVA|-1452.655|-4840.046|176.0|64.295|100.596|64.533
1|2107|2|LAVA|-1452.655|-4840.046|293.333|64.295|100.596|64.533
1|2109|2|LAVA|-1520.913|-4976.038|58.667|77.787|97.638|64.533
1|2109|2|LAVA|-1520.913|-4976.038|176.0|77.787|97.638|64.533
1|2109|2|LAVA|-1520.913|-4976.038|293.333|77.787|97.638|64.533
1|2111|2|LAVA|-942.12|-4341.821|58.667|57.08|61.721|64.533
1|2111|2|LAVA|-942.12|-4341.821|176.0|57.08|61.721|64.533
1|2111|2|LAVA|-942.12|-4341.821|293.333|57.08|61.721|64.533
1|2111|2|LAVA|-894.12|-4275.821|58.667|57.08|61.721|64.533
1|2111|2|LAVA|-894.12|-4275.821|176.0|57.08|61.721|64.533
1|2111|2|LAVA|-894.12|-4275.821|293.333|57.08|61.721|64.533
1|2113|2|LAVA|-1061.224|-4462.178|58.667|60.851|59.428|64.533
1|2113|2|LAVA|-1061.224|-4462.178|176.0|60.851|59.428|64.533
1|2113|2|LAVA|-1061.224|-4462.178|293.333|60.851|59.428|64.533
1|2113|2|LAVA|-1000.724|-4407.178|58.667|60.851|59.428|64.533
1|2113|2|LAVA|-1000.724|-4407.178|176.0|60.851|59.428|64.533
1|2113|2|LAVA|-1000.724|-4407.178|293.333|60.851|59.428|64.533
1|2115|2|LAVA|-1201.393|-4557.103|58.667|62.107|54.978|64.533
1|2115|2|LAVA|-1201.393|-4557.103|176.0|62.107|54.978|64.533
1|2115|2|LAVA|-1201.393|-4557.103|293.333|62.107|54.978|64.533
1|2115|2|LAVA|-1131.393|-4514.603|58.667|62.107|54.978|64.533
1|2115|2|LAVA|-1131.393|-4514.603|176.0|62.107|54.978|64.533
1|2115|2|LAVA|-1131.393|-4514.603|293.333|62.107|54.978|64.533
1|2117|2|LAVA|-679.25|-4363.5|58.667|50.05|26.45|64.533
1|2117|2|LAVA|-679.25|-4363.5|176.0|50.05|26.45|64.533
1|2117|2|LAVA|-679.25|-4363.5|293.333|50.05|26.45|64.533
1|2119|2|LAVA|-752.5|-4343.0|58.667|50.7|33.9|64.533
1|2119|2|LAVA|-752.5|-4343.0|176.0|50.7|33.9|64.533
1|2119|2|LAVA|-752.5|-4343.0|293.333|50.7|33.9|64.533
1|2121|2|LAVA|-820.75|-4309.0|58.667|50.05|40.85|64.533
1|2121|2|LAVA|-820.75|-4309.0|176.0|50.05|40.85|64.533
1|2121|2|LAVA|-820.75|-4309.0|293.333|50.05|40.85|64.533
1|2123|2|LAVA|-448.5|-4720.75|58.667|78.15|72.15|64.533
1|2123|2|LAVA|-448.5|-4720.75|176.0|78.15|72.15|64.533
1|2123|2|LAVA|-448.5|-4720.75|293.333|78.15|72.15|64.533
1|2125|2|LAVA|-535.25|-4633.25|58.667|71.5|77.9|64.533
1|2125|2|LAVA|-535.25|-4633.25|176.0|71.5|77.9|64.533
1|2125|2|LAVA|-535.25|-4633.25|293.333|71.5|77.9|64.533
1|2127|2|LAVA|-603.5|-4530.75|58.667|61.75|81.35|64.533
1|2127|2|LAVA|-603.5|-4530.75|176.0|61.75|81.35|64.533
1|2127|2|LAVA|-603.5|-4530.75|293.333|61.75|81.35|64.533
1|2129|2|LAVA|-14.75|-4544.25|58.667|71.5|77.9|64.533
1|2129|2|LAVA|-14.75|-4544.25|176.0|71.5|77.9|64.533
1|2129|2|LAVA|-14.75|-4544.25|293.333|71.5|77.9|64.533
1|2131|2|LAVA|-101.75|-4631.25|58.667|77.9|71.5|64.533
1|2131|2|LAVA|-101.75|-4631.25|176.0|77.9|71.5|64.533
1|2131|2|LAVA|-101.75|-4631.25|293.333|77.9|71.5|64.533
1|2133|2|LAVA|-204.25|-4699.5|58.667|81.35|61.75|64.533
1|2133|2|LAVA|-204.25|-4699.5|176.0|81.35|61.75|64.533
1|2133|2|LAVA|-204.25|-4699.5|293.333|81.35|61.75|64.533
1|2135|2|LAVA|152.25|-4148.25|58.667|27.7|67.7|64.533
1|2135|2|LAVA|152.25|-4148.25|176.0|27.7|67.7|64.533
1|2135|2|LAVA|152.25|-4148.25|293.333|27.7|67.7|64.533
1|2137|2|LAVA|138.75|-4255.25|58.667|40.2|71.4|64.533
1|2137|2|LAVA|138.75|-4255.25|176.0|40.2|71.4|64.533
1|2137|2|LAVA|138.75|-4255.25|293.333|40.2|71.4|64.533
1|2139|2|LAVA|104.25|-4358.25|58.667|51.7|72.5|64.533
1|2139|2|LAVA|104.25|-4358.25|176.0|51.7|72.5|64.533
1|2139|2|LAVA|104.25|-4358.25|293.333|51.7|72.5|64.533
1|2141|2|LAVA|586.24|-4145.637|58.667|91.14|55.337|64.533
1|2141|2|LAVA|586.24|-4145.637|176.0|91.14|55.337|64.533
1|2141|2|LAVA|586.24|-4145.637|293.333|91.14|55.337|64.533
1|2143|2|LAVA|451.419|-4171.867|58.667|88.069|39.667|64.533
1|2143|2|LAVA|451.419|-4171.867|176.0|88.069|39.667|64.533
1|2143|2|LAVA|451.419|-4171.867|293.333|88.069|39.667|64.533
1|2145|2|LAVA|315.059|-4171.865|58.667|87.441|39.665|64.533
1|2145|2|LAVA|315.059|-4171.865|176.0|87.441|39.665|64.533
1|2145|2|LAVA|315.059|-4171.865|293.333|87.441|39.665|64.533
1|2147|2|LAVA|971.25|-4248.5|58.667|68.35|27.95|64.533
1|2147|2|LAVA|971.25|-4248.5|176.0|68.35|27.95|64.533
1|2147|2|LAVA|971.25|-4248.5|293.333|68.35|27.95|64.533
1|2149|2|LAVA|863.75|-4234.75|58.667|71.4|40.2|64.533
1|2149|2|LAVA|863.75|-4234.75|176.0|71.4|40.2|64.533
1|2149|2|LAVA|863.75|-4234.75|293.333|71.4|40.2|64.533
1|2151|2|LAVA|760.75|-4200.25|58.667|72.5|51.7|64.533
1|2151|2|LAVA|760.75|-4200.25|176.0|72.5|51.7|64.533
1|2151|2|LAVA|760.75|-4200.25|293.333|72.5|51.7|64.533
1|2153|2|LAVA|1541.802|-4395.854|58.667|57.327|37.054|64.533
1|2153|2|LAVA|1541.802|-4395.854|176.0|57.327|37.054|64.533
1|2153|2|LAVA|1541.802|-4395.854|293.333|57.327|37.054|64.533
1|2153|2|LAVA|1625.302|-4387.854|58.667|57.327|37.054|64.533
1|2153|2|LAVA|1625.302|-4387.854|176.0|57.327|37.054|64.533
1|2153|2|LAVA|1625.302|-4387.854|293.333|57.327|37.054|64.533
1|2155|2|LAVA|1369.24|-4387.084|58.667|57.21|37.359|64.533
1|2155|2|LAVA|1369.24|-4387.084|176.0|57.21|37.359|64.533
1|2155|2|LAVA|1369.24|-4387.084|293.333|57.21|37.359|64.533
1|2155|2|LAVA|1452.24|-4395.584|58.667|57.21|37.359|64.533
1|2155|2|LAVA|1452.24|-4395.584|176.0|57.21|37.359|64.533
1|2155|2|LAVA|1452.24|-4395.584|293.333|57.21|37.359|64.533
1|2157|2|LAVA|1201.63|-4344.847|58.667|61.37|46.522|64.533
1|2157|2|LAVA|1201.63|-4344.847|176.0|61.37|46.522|64.533
1|2157|2|LAVA|1201.63|-4344.847|293.333|61.37|46.522|64.533
1|2157|2|LAVA|1281.63|-4369.347|58.667|61.37|46.522|64.533
1|2157|2|LAVA|1281.63|-4369.347|176.0|61.37|46.522|64.533
1|2157|2|LAVA|1281.63|-4369.347|293.333|61.37|46.522|64.533
1|2159|2|LAVA|2144.35|-4169.379|58.667|91.4|88.379|64.533
1|2159|2|LAVA|2144.35|-4169.379|176.0|91.4|88.379|64.533
1|2159|2|LAVA|2144.35|-4169.379|293.333|91.4|88.379|64.533
1|2161|2|LAVA|2024.038|-4262.087|58.667|97.638|77.787|64.533
1|2161|2|LAVA|2024.038|-4262.087|176.0|97.638|77.787|64.533
1|2161|2|LAVA|2024.038|-4262.087|293.333|97.638|77.787|64.533
1|2163|2|LAVA|1888.046|-4330.345|58.667|100.596|64.295|64.533
1|2163|2|LAVA|1888.046|-4330.345|176.0|100.596|64.295|64.533
1|2163|2|LAVA|1888.046|-4330.345|293.333|100.596|64.295|64.533
1|2165|2|LAVA|2811.49|-4169.387|58.667|70.665|49.162|64.533
1|2165|2|LAVA|2811.49|-4169.387|176.0|70.665|49.162|64.533
1|2165|2|LAVA|2811.49|-4169.387|293.333|70.665|49.162|64.533
1|2165|2|LAVA|2905.99|-4140.887|58.667|70.665|49.162|64.533
1|2165|2|LAVA|2905.99|-4140.887|176.0|70.665|49.162|64.533
1|2165|2|LAVA|2905.99|-4140.887|293.333|70.665|49.162|64.533
1|2167|2|LAVA|2611.853|-4199.099|58.667|66.478|38.024|64.533
1|2167|2|LAVA|2611.853|-4199.099|176.0|66.478|38.024|64.533
1|2167|2|LAVA|2611.853|-4199.099|293.333|66.478|38.024|64.533
1|2167|2|LAVA|2709.353|-4189.599|58.667|66.478|38.024|64.533
1|2167|2|LAVA|2709.353|-4189.599|176.0|66.478|38.024|64.533
1|2167|2|LAVA|2709.353|-4189.599|293.333|66.478|38.024|64.533
1|2169|2|LAVA|2409.912|-4189.601|58.667|66.788|38.026|64.533
1|2169|2|LAVA|2409.912|-4189.601|176.0|66.788|38.026|64.533
1|2169|2|LAVA|2409.912|-4189.601|293.333|66.788|38.026|64.533
1|2169|2|LAVA|2507.912|-4199.101|58.667|66.788|38.026|64.533
1|2169|2|LAVA|2507.912|-4199.101|176.0|66.788|38.026|64.533
1|2169|2|LAVA|2507.912|-4199.101|293.333|66.788|38.026|64.533
1|2171|2|LAVA|3148.0|-4350.5|58.667|64.3|49.1|64.533
1|2171|2|LAVA|3148.0|-4350.5|176.0|64.3|49.1|64.533
1|2171|2|LAVA|3148.0|-4350.5|293.333|64.3|49.1|64.533
1|2173|2|LAVA|3067.25|-4296.5|58.667|61.55|56.35|64.533
1|2173|2|LAVA|3067.25|-4296.5|176.0|61.55|56.35|64.533
1|2173|2|LAVA|3067.25|-4296.5|293.333|61.55|56.35|64.533
1|2175|2|LAVA|2998.5|-4227.75|58.667|56.35|61.55|64.533
1|2175|2|LAVA|2998.5|-4227.75|176.0|56.35|61.55|64.533
1|2175|2|LAVA|2998.5|-4227.75|293.333|56.35|61.55|64.533
1|2177|2|LAVA|3265.602|-4822.533|58.667|72.898|91.933|64.533
1|2177|2|LAVA|3265.602|-4822.533|176.0|72.898|91.933|64.533
1|2177|2|LAVA|3265.602|-4822.533|293.333|72.898|91.933|64.533
1|2179|2|LAVA|3205.311|-4694.613|58.667|59.439|93.813|64.533
1|2179|2|LAVA|3205.311|-4694.613|176.0|59.439|93.813|64.533
1|2179|2|LAVA|3205.311|-4694.613|293.333|59.439|93.813|64.533
1|2181|2|LAVA|3171.356|-4558.259|58.667|44.644|91.209|64.533
1|2181|2|LAVA|3171.356|-4558.259|176.0|44.644|91.209|64.533
1|2181|2|LAVA|3171.356|-4558.259|293.333|44.644|91.209|64.533
1|2183|2|LAVA|3659.25|-5016.5|58.667|68.35|27.95|64.533
1|2183|2|LAVA|3659.25|-5016.5|176.0|68.35|27.95|64.533
1|2183|2|LAVA|3659.25|-5016.5|293.333|68.35|27.95|64.533
1|2185|2|LAVA|3551.75|-5002.75|58.667|71.4|40.2|64.533
1|2185|2|LAVA|3551.75|-5002.75|176.0|71.4|40.2|64.533
1|2185|2|LAVA|3551.75|-5002.75|293.333|71.4|40.2|64.533
1|2187|2|LAVA|3448.75|-4968.25|58.667|72.5|51.7|64.533
1|2187|2|LAVA|3448.75|-4968.25|176.0|72.5|51.7|64.533
1|2187|2|LAVA|3448.75|-4968.25|293.333|72.5|51.7|64.533
1|2189|2|LAVA|3978.75|-4673.25|58.667|51.0|82.2|64.533
1|2189|2|LAVA|3978.75|-4673.25|176.0|51.0|82.2|64.533
1|2189|2|LAVA|3978.75|-4673.25|293.333|51.0|82.2|64.533
1|2191|2|LAVA|3931.5|-4786.75|58.667|61.75|81.35|64.533
1|2191|2|LAVA|3931.5|-4786.75|176.0|61.75|81.35|64.533
1|2191|2|LAVA|3931.5|-4786.75|293.333|61.75|81.35|64.533
1|2193|2|LAVA|3863.25|-4889.25|58.667|71.5|77.9|64.533
1|2193|2|LAVA|3863.25|-4889.25|176.0|71.5|77.9|64.533
1|2193|2|LAVA|3863.25|-4889.25|293.333|71.5|77.9|64.533
1|2195|2|LAVA|3785.277|-4127.041|58.667|88.277|90.859|64.533
1|2195|2|LAVA|3785.277|-4127.041|176.0|88.277|90.859|64.533
1|2195|2|LAVA|3785.277|-4127.041|293.333|88.277|90.859|64.533
1|2197|2|LAVA|3878.087|-4246.962|58.667|77.787|97.638|64.533
1|2197|2|LAVA|3878.087|-4246.962|176.0|77.787|97.638|64.533
1|2197|2|LAVA|3878.087|-4246.962|293.333|77.787|97.638|64.533
1|2199|2|LAVA|3946.345|-4382.954|58.667|64.295|100.596|64.533
1|2199|2|LAVA|3946.345|-4382.954|176.0|64.295|100.596|64.533
1|2199|2|LAVA|3946.345|-4382.954|293.333|64.295|100.596|64.533
1|2201|2|LAVA|3622.25|-3854.0|58.667|45.75|46.95|64.533
1|2201|2|LAVA|3622.25|-3854.0|176.0|45.75|46.95|64.533
1|2201|2|LAVA|3622.25|-3854.0|293.333|45.75|46.95|64.533
1|2203|2|LAVA|3669.0|-3914.25|58.667|40.85|50.05|64.533
1|2203|2|LAVA|3669.0|-3914.25|176.0|40.85|50.05|64.533
1|2203|2|LAVA|3669.0|-3914.25|293.333|40.85|50.05|64.533
1|2205|2|LAVA|3703.0|-3982.5|58.667|33.9|50.7|64.533
1|2205|2|LAVA|3703.0|-3982.5|176.0|33.9|50.7|64.533
1|2205|2|LAVA|3703.0|-3982.5|293.333|33.9|50.7|64.533
1|2207|2|LAVA|3736.25|-3508.25|58.667|27.7|67.7|64.533
1|2207|2|LAVA|3736.25|-3508.25|176.0|27.7|67.7|64.533
1|2207|2|LAVA|3736.25|-3508.25|293.333|27.7|67.7|64.533
1|2209|2|LAVA|3722.75|-3615.25|58.667|40.2|71.4|64.533
1|2209|2|LAVA|3722.75|-3615.25|176.0|40.2|71.4|64.533
1|2209|2|LAVA|3722.75|-3615.25|293.333|40.2|71.4|64.533
1|2211|2|LAVA|3688.25|-3718.25|58.667|51.7|72.5|64.533
1|2211|2|LAVA|3688.25|-3718.25|176.0|51.7|72.5|64.533
1|2211|2|LAVA|3688.25|-3718.25|293.333|51.7|72.5|64.533
1|2213|2|LAVA|4192.35|-3273.379|58.667|91.4|88.379|64.533
1|2213|2|LAVA|4192.35|-3273.379|176.0|91.4|88.379|64.533
1|2213|2|LAVA|4192.35|-3273.379|293.333|91.4|88.379|64.533
1|2215|2|LAVA|4072.038|-3366.087|58.667|97.638|77.787|64.533
1|2215|2|LAVA|4072.038|-3366.087|176.0|97.638|77.787|64.533
1|2215|2|LAVA|4072.038|-3366.087|293.333|97.638|77.787|64.533
1|2217|2|LAVA|3936.046|-3434.345|58.667|100.596|64.295|64.533
1|2217|2|LAVA|3936.046|-3434.345|176.0|100.596|64.295|64.533
1|2217|2|LAVA|3936.046|-3434.345|293.333|100.596|64.295|64.533
1|2219|2|LAVA|4555.25|-3352.5|58.667|68.35|27.95|64.533
1|2219|2|LAVA|4555.25|-3352.5|176.0|68.35|27.95|64.533
1|2219|2|LAVA|4555.25|-3352.5|293.333|68.35|27.95|64.533
1|2221|2|LAVA|4447.75|-3338.75|58.667|71.4|40.2|64.533
1|2221|2|LAVA|4447.75|-3338.75|176.0|71.4|40.2|64.533
1|2221|2|LAVA|4447.75|-3338.75|293.333|71.4|40.2|64.533
1|2223|2|LAVA|4344.75|-3304.25|58.667|72.5|51.7|64.533
1|2223|2|LAVA|4344.75|-3304.25|176.0|72.5|51.7|64.533
1|2223|2|LAVA|4344.75|-3304.25|293.333|72.5|51.7|64.533
1|2225|2|LAVA|4987.145|-3020.226|58.667|71.045|94.526|64.533
1|2225|2|LAVA|4987.145|-3020.226|176.0|71.045|94.526|64.533
1|2225|2|LAVA|4987.145|-3020.226|293.333|71.045|94.526|64.533
1|2227|2|LAVA|4906.808|-3140.214|58.667|82.008|90.414|64.533
1|2227|2|LAVA|4906.808|-3140.214|176.0|82.008|90.414|64.533
1|2227|2|LAVA|4906.808|-3140.214|293.333|82.008|90.414|64.533
1|2229|2|LAVA|4804.214|-3242.808|58.667|90.414|82.008|64.533
1|2229|2|LAVA|4804.214|-3242.808|176.0|90.414|82.008|64.533
1|2229|2|LAVA|4804.214|-3242.808|293.333|90.414|82.008|64.533
1|2231|2|LAVA|4725.821|-2478.12|58.667|61.721|57.08|64.533
1|2231|2|LAVA|4725.821|-2478.12|176.0|61.721|57.08|64.533
1|2231|2|LAVA|4725.821|-2478.12|293.333|61.721|57.08|64.533
1|2231|2|LAVA|4659.821|-2430.12|58.667|61.721|57.08|64.533
1|2231|2|LAVA|4659.821|-2430.12|176.0|61.721|57.08|64.533
1|2231|2|LAVA|4659.821|-2430.12|293.333|61.721|57.08|64.533
1|2233|2|LAVA|4846.178|-2597.224|58.667|59.428|60.851|64.533
1|2233|2|LAVA|4846.178|-2597.224|176.0|59.428|60.851|64.533
1|2233|2|LAVA|4846.178|-2597.224|293.333|59.428|60.851|64.533
1|2233|2|LAVA|4791.178|-2536.724|58.667|59.428|60.851|64.533
1|2233|2|LAVA|4791.178|-2536.724|176.0|59.428|60.851|64.533
1|2233|2|LAVA|4791.178|-2536.724|293.333|59.428|60.851|64.533
1|2235|2|LAVA|4941.103|-2737.393|58.667|54.978|62.107|64.533
1|2235|2|LAVA|4941.103|-2737.393|176.0|54.978|62.107|64.533
1|2235|2|LAVA|4941.103|-2737.393|293.333|54.978|62.107|64.533
1|2235|2|LAVA|4898.603|-2667.393|58.667|54.978|62.107|64.533
1|2235|2|LAVA|4898.603|-2667.393|176.0|54.978|62.107|64.533
1|2235|2|LAVA|4898.603|-2667.393|293.333|54.978|62.107|64.533
1|2237|2|LAVA|4416.25|-2062.75|58.667|77.9|71.5|64.533
1|2237|2|LAVA|4416.25|-2062.75|176.0|77.9|71.5|64.533
1|2237|2|LAVA|4416.25|-2062.75|293.333|77.9|71.5|64.533
1|2239|2|LAVA|4503.25|-2149.75|58.667|71.5|77.9|64.533
1|2239|2|LAVA|4503.25|-2149.75|176.0|71.5|77.9|64.533
1|2239|2|LAVA|4503.25|-2149.75|293.333|71.5|77.9|64.533
1|2241|2|LAVA|4571.5|-2252.25|58.667|61.75|81.35|64.533
1|2241|2|LAVA|4571.5|-2252.25|176.0|61.75|81.35|64.533
1|2241|2|LAVA|4571.5|-2252.25|293.333|61.75|81.35|64.533
1|2243|2|LAVA|4530.495|-1423.721|58.667|39.87|68.054|64.533
1|2243|2|LAVA|4530.495|-1423.721|176.0|39.87|68.054|64.533
1|2243|2|LAVA|4530.495|-1423.721|293.333|39.87|68.054|64.533
1|2243|2|LAVA|4517.995|-1325.221|58.667|39.87|68.054|64.533
1|2243|2|LAVA|4517.995|-1325.221|176.0|39.87|68.054|64.533
1|2243|2|LAVA|4517.995|-1325.221|293.333|39.87|68.054|64.533
1|2245|2|LAVA|4527.182|-1628.336|58.667|36.157|66.761|64.533
1|2245|2|LAVA|4527.182|-1628.336|176.0|36.157|66.761|64.533
1|2245|2|LAVA|4527.182|-1628.336|293.333|36.157|66.761|64.533
1|2245|2|LAVA|4533.682|-1528.836|58.667|36.157|66.761|64.533
1|2245|2|LAVA|4533.682|-1528.836|176.0|36.157|66.761|64.533
1|2245|2|LAVA|4533.682|-1528.836|293.333|36.157|66.761|64.533
1|2247|2|LAVA|4483.898|-1829.075|58.667|47.798|71.05|64.533
1|2247|2|LAVA|4483.898|-1829.075|176.0|47.798|71.05|64.533
1|2247|2|LAVA|4483.898|-1829.075|293.333|47.798|71.05|64.533
1|2247|2|LAVA|4509.898|-1732.575|58.667|47.798|71.05|64.533
1|2247|2|LAVA|4509.898|-1732.575|176.0|47.798|71.05|64.533
1|2247|2|LAVA|4509.898|-1732.575|293.333|47.798|71.05|64.533
1|2249|2|LAVA|4755.867|-774.164|58.667|37.067|59.789|64.533
1|2249|2|LAVA|4755.867|-774.164|176.0|37.067|59.789|64.533
1|2249|2|LAVA|4755.867|-774.164|293.333|37.067|59.789|64.533
1|2249|2|LAVA|4763.867|-686.664|58.667|37.067|59.789|64.533
1|2249|2|LAVA|4763.867|-686.664|176.0|37.067|59.789|64.533
1|2249|2|LAVA|4763.867|-686.664|293.333|37.067|59.789|64.533
1|2251|2|LAVA|4713.998|-951.363|58.667|46.673|64.113|64.533
1|2251|2|LAVA|4713.998|-951.363|176.0|46.673|64.113|64.533
1|2251|2|LAVA|4713.998|-951.363|293.333|46.673|64.113|64.533
1|2251|2|LAVA|4738.498|-866.363|58.667|46.673|64.113|64.533
1|2251|2|LAVA|4738.498|-866.363|176.0|46.673|64.113|64.533
1|2251|2|LAVA|4738.498|-866.363|293.333|46.673|64.113|64.533
1|2253|2|LAVA|4638.688|-1117.422|58.667|54.763|65.697|64.533
1|2253|2|LAVA|4638.688|-1117.422|176.0|54.763|65.697|64.533
1|2253|2|LAVA|4638.688|-1117.422|293.333|54.763|65.697|64.533
1|2253|2|LAVA|4679.188|-1038.922|58.667|54.763|65.697|64.533
1|2253|2|LAVA|4679.188|-1038.922|176.0|54.763|65.697|64.533
1|2253|2|LAVA|4679.188|-1038.922|293.333|54.763|65.697|64.533
1|2255|2|LAVA|4669.94|-169.036|58.667|72.29|91.214|64.533
1|2255|2|LAVA|4669.94|-169.036|176.0|72.29|91.214|64.533
1|2255|2|LAVA|4669.94|-169.036|293.333|72.29|91.214|64.533
1|2257|2|LAVA|4729.689|-296.387|58.667|59.439|93.813|64.533
1|2257|2|LAVA|4729.689|-296.387|176.0|59.439|93.813|64.533
1|2257|2|LAVA|4729.689|-296.387|293.333|59.439|93.813|64.533
1|2259|2|LAVA|4763.644|-432.741|58.667|44.644|91.209|64.533
1|2259|2|LAVA|4763.644|-432.741|176.0|44.644|91.209|64.533
1|2259|2|LAVA|4763.644|-432.741|293.333|44.644|91.209|64.533
1|2261|2|LAVA|4360.522|541.963|58.667|72.347|73.963|64.533
1|2261|2|LAVA|4360.522|541.963|176.0|72.347|73.963|64.533
1|2261|2|LAVA|4360.522|541.963|293.333|72.347|73.963|64.533
1|2261|2|LAVA|4285.022|621.963|58.667|72.347|73.963|64.533
1|2261|2|LAVA|4285.022|621.963|176.0|72.347|73.963|64.533
1|2261|2|LAVA|4285.022|621.963|293.333|72.347|73.963|64.533
1|2263|2|LAVA|4489.837|357.538|58.667|65.112|77.488|64.533
1|2263|2|LAVA|4489.837|357.538|176.0|65.112|77.488|64.533
1|2263|2|LAVA|4489.837|357.538|293.333|65.112|77.488|64.533
1|2263|2|LAVA|4431.337|450.538|58.667|65.112|77.488|64.533
1|2263|2|LAVA|4431.337|450.538|176.0|65.112|77.488|64.533
1|2263|2|LAVA|4431.337|450.538|293.333|65.112|77.488|64.533
1|2265|2|LAVA|4580.427|150.831|58.667|55.277|78.281|64.533
1|2265|2|LAVA|4580.427|150.831|176.0|55.277|78.281|64.533
1|2265|2|LAVA|4580.427|150.831|293.333|55.277|78.281|64.533
1|2265|2|LAVA|4541.427|253.831|58.667|55.277|78.281|64.533
1|2265|2|LAVA|4541.427|253.831|176.0|55.277|78.281|64.533
1|2265|2|LAVA|4541.427|253.831|293.333|55.277|78.281|64.533
1|2267|2|LAVA|4289.906|1171.427|58.667|45.931|60.202|64.533
1|2267|2|LAVA|4289.906|1171.427|176.0|45.931|60.202|64.533
1|2267|2|LAVA|4289.906|1171.427|293.333|45.931|60.202|64.533
1|2267|2|LAVA|4266.406|1249.927|58.667|45.931|60.202|64.533
1|2267|2|LAVA|4266.406|1249.927|176.0|45.931|60.202|64.533
1|2267|2|LAVA|4266.406|1249.927|293.333|45.931|60.202|64.533
1|2269|2|LAVA|4314.847|1003.876|58.667|37.047|56.101|64.533
1|2269|2|LAVA|4314.847|1003.876|176.0|37.047|56.101|64.533
1|2269|2|LAVA|4314.847|1003.876|293.333|37.047|56.101|64.533
1|2269|2|LAVA|4306.847|1085.376|58.667|37.047|56.101|64.533
1|2269|2|LAVA|4306.847|1085.376|176.0|37.047|56.101|64.533
1|2269|2|LAVA|4306.847|1085.376|293.333|37.047|56.101|64.533
1|2271|2|LAVA|4306.849|833.893|58.667|37.049|56.407|64.533
1|2271|2|LAVA|4306.849|833.893|176.0|37.049|56.407|64.533
1|2271|2|LAVA|4306.849|833.893|293.333|37.049|56.407|64.533
1|2271|2|LAVA|4314.849|915.893|58.667|37.049|56.407|64.533
1|2271|2|LAVA|4314.849|915.893|176.0|37.049|56.407|64.533
1|2271|2|LAVA|4314.849|915.893|293.333|37.049|56.407|64.533
1|2273|2|LAVA|4363.75|1496.25|58.667|26.7|50.7|64.533
1|2273|2|LAVA|4363.75|1496.25|176.0|26.7|50.7|64.533
1|2273|2|LAVA|4363.75|1496.25|293.333|26.7|50.7|64.533
1|2275|2|LAVA|4343.0|1422.5|58.667|33.9|50.7|64.533
1|2275|2|LAVA|4343.0|1422.5|176.0|33.9|50.7|64.533
1|2275|2|LAVA|4343.0|1422.5|293.333|33.9|50.7|64.533
1|2277|2|LAVA|4309.0|1354.25|58.667|40.85|50.05|64.533
1|2277|2|LAVA|4309.0|1354.25|176.0|40.85|50.05|64.533
1|2277|2|LAVA|4309.0|1354.25|293.333|40.85|50.05|64.533
1|2279|2|LAVA|4723.284|1920.705|58.667|48.559|61.42|64.533
1|2279|2|LAVA|4723.284|1920.705|176.0|48.559|61.42|64.533
1|2279|2|LAVA|4723.284|1920.705|293.333|48.559|61.42|64.533
1|2279|2|LAVA|4751.784|1998.205|58.667|48.559|61.42|64.533
1|2279|2|LAVA|4751.784|1998.205|176.0|48.559|61.42|64.533
1|2279|2|LAVA|4751.784|1998.205|293.333|48.559|61.42|64.533
1|2281|2|LAVA|4642.603|1771.393|58.667|54.978|62.107|64.533
1|2281|2|LAVA|4642.603|1771.393|176.0|54.978|62.107|64.533
1|2281|2|LAVA|4642.603|1771.393|293.333|54.978|62.107|64.533
1|2281|2|LAVA|4685.103|1841.393|58.667|54.978|62.107|64.533
1|2281|2|LAVA|4685.103|1841.393|176.0|54.978|62.107|64.533
1|2281|2|LAVA|4685.103|1841.393|293.333|54.978|62.107|64.533
1|2283|2|LAVA|4535.178|1640.724|58.667|59.428|60.851|64.533
1|2283|2|LAVA|4535.178|1640.724|176.0|59.428|60.851|64.533
1|2283|2|LAVA|4535.178|1640.724|293.333|59.428|60.851|64.533
1|2283|2|LAVA|4590.178|1701.224|58.667|59.428|60.851|64.533
1|2283|2|LAVA|4590.178|1701.224|176.0|59.428|60.851|64.533
1|2283|2|LAVA|4590.178|1701.224|293.333|59.428|60.851|64.533
1|2285|2|LAVA|4658.75|2404.25|58.667|59.6|70.0|64.533
1|2285|2|LAVA|4658.75|2404.25|176.0|59.6|70.0|64.533
1|2285|2|LAVA|4658.75|2404.25|293.333|59.6|70.0|64.533
1|2287|2|LAVA|4712.25|2310.25|58.667|51.7|72.5|64.533
1|2287|2|LAVA|4712.25|2310.25|176.0|51.7|72.5|64.533
1|2287|2|LAVA|4712.25|2310.25|293.333|51.7|72.5|64.533
1|2289|2|LAVA|4746.75|2207.25|58.667|40.2|71.4|64.533
1|2289|2|LAVA|4746.75|2207.25|176.0|40.2|71.4|64.533
1|2289|2|LAVA|4746.75|2207.25|293.333|40.2|71.4|64.533
1|2291|2|LAVA|4276.25|2584.25|58.667|67.7|27.7|64.533
1|2291|2|LAVA|4276.25|2584.25|176.0|67.7|27.7|64.533
1|2291|2|LAVA|4276.25|2584.25|293.333|67.7|27.7|64.533
1|2293|2|LAVA|4383.25|2570.75|58.667|71.4|40.2|64.533
1|2293|2|LAVA|4383.25|2570.75|176.0|71.4|40.2|64.533
1|2293|2|LAVA|4383.25|2570.75|293.333|71.4|40.2|64.533
1|2295|2|LAVA|4486.25|2536.25|58.667|72.5|51.7|64.533
1|2295|2|LAVA|4486.25|2536.25|176.0|72.5|51.7|64.533
1|2295|2|LAVA|4486.25|2536.25|293.333|72.5|51.7|64.533
1|2297|2|LAVA|3854.75|2368.25|58.667|71.5|77.9|64.533
1|2297|2|LAVA|3854.75|2368.25|176.0|71.5|77.9|64.533
1|2297|2|LAVA|3854.75|2368.25|293.333|71.5|77.9|64.533
1|2299|2|LAVA|3941.75|2455.25|58.667|77.9|71.5|64.533
1|2299|2|LAVA|3941.75|2455.25|176.0|77.9|71.5|64.533
1|2299|2|LAVA|3941.75|2455.25|293.333|77.9|71.5|64.533
1|2301|2|LAVA|4044.25|2523.5|58.667|81.35|61.75|64.533
1|2301|2|LAVA|4044.25|2523.5|176.0|81.35|61.75|64.533
1|2301|2|LAVA|4044.25|2523.5|293.333|81.35|61.75|64.533
1|2303|2|LAVA|2995.5|2686.25|58.667|63.65|48.85|64.533
1|2303|2|LAVA|2995.5|2686.25|176.0|63.65|48.85|64.533
1|2303|2|LAVA|2995.5|2686.25|293.333|63.65|48.85|64.533
1|2305|2|LAVA|3075.75|2632.5|58.667|61.55|56.35|64.533
1|2305|2|LAVA|3075.75|2632.5|176.0|61.55|56.35|64.533
1|2305|2|LAVA|3075.75|2632.5|293.333|61.55|56.35|64.533
1|2307|2|LAVA|3144.5|2563.75|58.667|56.35|61.55|64.533
1|2307|2|LAVA|3144.5|2563.75|176.0|56.35|61.55|64.533
1|2307|2|LAVA|3144.5|2563.75|293.333|56.35|61.55|64.533
1|2309|2|LAVA|2473.036|2621.94|58.667|91.214|72.29|64.533
1|2309|2|LAVA|2473.036|2621.94|176.0|91.214|72.29|64.533
1|2309|2|LAVA|2473.036|2621.94|293.333|91.214|72.29|64.533
1|2311|2|LAVA|2600.387|2681.689|58.667|93.813|59.439|64.533
1|2311|2|LAVA|2600.387|2681.689|176.0|93.813|59.439|64.533
1|2311|2|LAVA|2600.387|2681.689|293.333|93.813|59.439|64.533
1|2313|2|LAVA|2736.741|2715.644|58.667|91.209|44.644|64.533
1|2313|2|LAVA|2736.741|2715.644|176.0|91.209|44.644|64.533
1|2313|2|LAVA|2736.741|2715.644|293.333|91.209|44.644|64.533
1|2315|2|LAVA|-1682.851|2675.465|58.667|73.601|64.89|64.533
1|2315|2|LAVA|-1682.851|2675.465|176.0|73.601|64.89|64.533
1|2315|2|LAVA|-1682.851|2675.465|293.333|73.601|64.89|64.533
1|2315|2|LAVA|-1767.851|2615.965|58.667|73.601|64.89|64.533
1|2315|2|LAVA|-1767.851|2615.965|176.0|73.601|64.89|64.533
1|2315|2|LAVA|-1767.851|2615.965|293.333|73.601|64.89|64.533
1|2317|2|LAVA|-1493.375|2771.934|58.667|74.55|56.809|64.533
1|2317|2|LAVA|-1493.375|2771.934|176.0|74.55|56.809|64.533
1|2317|2|LAVA|-1493.375|2771.934|293.333|74.55|56.809|64.533
1|2317|2|LAVA|-1587.875|2729.434|58.667|74.55|56.809|64.533
1|2317|2|LAVA|-1587.875|2729.434|176.0|74.55|56.809|64.533
1|2317|2|LAVA|-1587.875|2729.434|293.333|74.55|56.809|64.533
1|2319|2|LAVA|-1288.605|2829.701|58.667|72.755|46.151|64.533
1|2319|2|LAVA|-1288.605|2829.701|176.0|72.755|46.151|64.533
1|2319|2|LAVA|-1288.605|2829.701|293.333|72.755|46.151|64.533
1|2319|2|LAVA|-1389.605|2806.701|58.667|72.755|46.151|64.533
1|2319|2|LAVA|-1389.605|2806.701|176.0|72.755|46.151|64.533
1|2319|2|LAVA|-1389.605|2806.701|293.333|72.755|46.151|64.533
1|2321|2|LAVA|-2309.802|2731.854|58.667|57.327|37.054|64.533
1|2321|2|LAVA|-2309.802|2731.854|176.0|57.327|37.054|64.533
1|2321|2|LAVA|-2309.802|2731.854|293.333|57.327|37.054|64.533
1|2321|2|LAVA|-2393.302|2723.854|58.667|57.327|37.054|64.533
1|2321|2|LAVA|-2393.302|2723.854|176.0|57.327|37.054|64.533
1|2321|2|LAVA|-2393.302|2723.854|293.333|57.327|37.054|64.533
1|2323|2|LAVA|-2137.24|2723.084|58.667|57.21|37.359|64.533
1|2323|2|LAVA|-2137.24|2723.084|176.0|57.21|37.359|64.533
1|2323|2|LAVA|-2137.24|2723.084|293.333|57.21|37.359|64.533
1|2323|2|LAVA|-2220.24|2731.584|58.667|57.21|37.359|64.533
1|2323|2|LAVA|-2220.24|2731.584|176.0|57.21|37.359|64.533
1|2323|2|LAVA|-2220.24|2731.584|293.333|57.21|37.359|64.533
1|2325|2|LAVA|-1969.63|2680.847|58.667|61.37|46.522|64.533
1|2325|2|LAVA|-1969.63|2680.847|176.0|61.37|46.522|64.533
1|2325|2|LAVA|-1969.63|2680.847|293.333|61.37|46.522|64.533
1|2325|2|LAVA|-2049.63|2705.347|58.667|61.37|46.522|64.533
1|2325|2|LAVA|-2049.63|2705.347|176.0|61.37|46.522|64.533
1|2325|2|LAVA|-2049.63|2705.347|293.333|61.37|46.522|64.533
1|2327|2|LAVA|-2775.5|2725.75|58.667|68.75|41.95|64.533
1|2327|2|LAVA|-2775.5|2725.75|176.0|68.75|41.95|64.533
1|2327|2|LAVA|-2775.5|2725.75|293.333|68.75|41.95|64.533
1|2329|2|LAVA|-2675.0|2745.25|58.667|65.55|30.75|64.533
1|2329|2|LAVA|-2675.0|2745.25|176.0|65.55|30.75|64.533
1|2329|2|LAVA|-2675.0|2745.25|293.333|65.55|30.75|64.533
1|2331|2|LAVA|-2572.5|2745.5|58.667|66.2|31.0|64.533
1|2331|2|LAVA|-2572.5|2745.5|176.0|66.2|31.0|64.533
1|2331|2|LAVA|-2572.5|2745.5|293.333|66.2|31.0|64.533
1|2333|2|LAVA|-3172.25|2610.75|58.667|70.0|59.6|64.533
1|2333|2|LAVA|-3172.25|2610.75|176.0|70.0|59.6|64.533
1|2333|2|LAVA|-3172.25|2610.75|293.333|70.0|59.6|64.533
1|2335|2|LAVA|-3078.25|2664.25|58.667|72.5|51.7|64.533
1|2335|2|LAVA|-3078.25|2664.25|176.0|72.5|51.7|64.533
1|2335|2|LAVA|-3078.25|2664.25|293.333|72.5|51.7|64.533
1|2337|2|LAVA|-2975.25|2698.75|58.667|71.4|40.2|64.533
1|2337|2|LAVA|-2975.25|2698.75|176.0|71.4|40.2|64.533
1|2337|2|LAVA|-2975.25|2698.75|293.333|71.4|40.2|64.533
1|2339|2|LAVA|-3249.617|2101.193|58.667|55.317|90.557|64.533
1|2339|2|LAVA|-3249.617|2101.193|176.0|55.317|90.557|64.533
1|2339|2|LAVA|-3249.617|2101.193|293.333|55.317|90.557|64.533
1|2341|2|LAVA|-3275.867|2235.581|58.667|39.667|88.069|64.533
1|2341|2|LAVA|-3275.867|2235.581|176.0|39.667|88.069|64.533
1|2341|2|LAVA|-3275.867|2235.581|293.333|39.667|88.069|64.533
1|2343|2|LAVA|-3275.865|2371.941|58.667|39.665|87.441|64.533
1|2343|2|LAVA|-3275.865|2371.941|176.0|39.665|87.441|64.533
1|2343|2|LAVA|-3275.865|2371.941|293.333|39.665|87.441|64.533
1|2345|2|LAVA|-3339.5|1831.25|58.667|26.45|50.05|64.533
1|2345|2|LAVA|-3339.5|1831.25|176.0|26.45|50.05|64.533
1|2345|2|LAVA|-3339.5|1831.25|293.333|26.45|50.05|64.533
1|2347|2|LAVA|-3319.0|1904.5|58.667|33.9|50.7|64.533
1|2347|2|LAVA|-3319.0|1904.5|176.0|33.9|50.7|64.533
1|2347|2|LAVA|-3319.0|1904.5|293.333|33.9|50.7|64.533
1|2349|2|LAVA|-3285.0|1972.75|58.667|40.85|50.05|64.533
1|2349|2|LAVA|-3285.0|1972.75|176.0|40.85|50.05|64.533
1|2349|2|LAVA|-3285.0|1972.75|293.333|40.85|50.05|64.533
1|2351|2|LAVA|-3659.25|1944.5|58.667|68.35|27.95|64.533
1|2351|2|LAVA|-3659.25|1944.5|176.0|68.35|27.95|64.533
1|2351|2|LAVA|-3659.25|1944.5|293.333|68.35|27.95|64.533
1|2353|2|LAVA|-3551.75|1930.75|58.667|71.4|40.2|64.533
1|2353|2|LAVA|-3551.75|1930.75|176.0|71.4|40.2|64.533
1|2353|2|LAVA|-3551.75|1930.75|293.333|71.4|40.2|64.533
1|2355|2|LAVA|-3448.75|1896.25|58.667|72.5|51.7|64.533
1|2355|2|LAVA|-3448.75|1896.25|176.0|72.5|51.7|64.533
1|2355|2|LAVA|-3448.75|1896.25|293.333|72.5|51.7|64.533
1|2357|2|LAVA|-3928.25|2059.75|58.667|50.7|26.7|64.533
1|2357|2|LAVA|-3928.25|2059.75|176.0|50.7|26.7|64.533
1|2357|2|LAVA|-3928.25|2059.75|293.333|50.7|26.7|64.533
1|2359|2|LAVA|-3854.5|2039.0|58.667|50.7|33.9|64.533
1|2359|2|LAVA|-3854.5|2039.0|176.0|50.7|33.9|64.533
1|2359|2|LAVA|-3854.5|2039.0|293.333|50.7|33.9|64.533
1|2361|2|LAVA|-3786.25|2005.0|58.667|50.05|40.85|64.533
1|2361|2|LAVA|-3786.25|2005.0|176.0|50.05|40.85|64.533
1|2361|2|LAVA|-3786.25|2005.0|293.333|50.05|40.85|64.533
1|2363|2|LAVA|-4234.75|1729.25|58.667|51.0|82.2|64.533
1|2363|2|LAVA|-4234.75|1729.25|176.0|51.0|82.2|64.533
1|2363|2|LAVA|-4234.75|1729.25|293.333|51.0|82.2|64.533
1|2365|2|LAVA|-4187.5|1842.75|58.667|61.75|81.35|64.533
1|2365|2|LAVA|-4187.5|1842.75|176.0|61.75|81.35|64.533
1|2365|2|LAVA|-4187.5|1842.75|293.333|61.75|81.35|64.533
1|2367|2|LAVA|-4119.25|1945.25|58.667|71.5|77.9|64.533
1|2367|2|LAVA|-4119.25|1945.25|176.0|71.5|77.9|64.533
1|2367|2|LAVA|-4119.25|1945.25|293.333|71.5|77.9|64.533
1|2369|2|LAVA|-4041.277|1183.041|58.667|88.277|90.859|64.533
1|2369|2|LAVA|-4041.277|1183.041|176.0|88.277|90.859|64.533
1|2369|2|LAVA|-4041.277|1183.041|293.333|88.277|90.859|64.533
1|2371|2|LAVA|-4134.087|1302.962|58.667|77.787|97.638|64.533
1|2371|2|LAVA|-4134.087|1302.962|176.0|77.787|97.638|64.533
1|2371|2|LAVA|-4134.087|1302.962|293.333|77.787|97.638|64.533
1|2373|2|LAVA|-4202.345|1438.954|58.667|64.295|100.596|64.533
1|2373|2|LAVA|-4202.345|1438.954|176.0|64.295|100.596|64.533
1|2373|2|LAVA|-4202.345|1438.954|293.333|64.295|100.596|64.533
1|2375|2|LAVA|-3751.0|1012.0|58.667|49.8|25.8|64.533
1|2375|2|LAVA|-3751.0|1012.0|176.0|49.8|25.8|64.533
1|2375|2|LAVA|-3751.0|1012.0|293.333|49.8|25.8|64.533
1|2377|2|LAVA|-3824.5|1032.0|58.667|50.7|33.9|64.533
1|2377|2|LAVA|-3824.5|1032.0|176.0|50.7|33.9|64.533
1|2377|2|LAVA|-3824.5|1032.0|293.333|50.7|33.9|64.533
1|2379|2|LAVA|-3892.75|1066.0|58.667|50.05|40.85|64.533
1|2379|2|LAVA|-3892.75|1066.0|176.0|50.05|40.85|64.533
1|2379|2|LAVA|-3892.75|1066.0|293.333|50.05|40.85|64.533
1|2381|2|LAVA|-3987.867|518.164|58.667|37.067|59.789|64.533
1|2381|2|LAVA|-3987.867|518.164|176.0|37.067|59.789|64.533
1|2381|2|LAVA|-3987.867|518.164|293.333|37.067|59.789|64.533
1|2381|2|LAVA|-3995.867|430.664|58.667|37.067|59.789|64.533
1|2381|2|LAVA|-3995.867|430.664|176.0|37.067|59.789|64.533
1|2381|2|LAVA|-3995.867|430.664|293.333|37.067|59.789|64.533
1|2383|2|LAVA|-3945.998|695.363|58.667|46.673|64.113|64.533
1|2383|2|LAVA|-3945.998|695.363|176.0|46.673|64.113|64.533
1|2383|2|LAVA|-3945.998|695.363|293.333|46.673|64.113|64.533
1|2383|2|LAVA|-3970.498|610.363|58.667|46.673|64.113|64.533
1|2383|2|LAVA|-3970.498|610.363|176.0|46.673|64.113|64.533
1|2383|2|LAVA|-3970.498|610.363|293.333|46.673|64.113|64.533
1|2385|2|LAVA|-3870.688|861.422|58.667|54.763|65.697|64.533
1|2385|2|LAVA|-3870.688|861.422|176.0|54.763|65.697|64.533
1|2385|2|LAVA|-3870.688|861.422|293.333|54.763|65.697|64.533
1|2385|2|LAVA|-3911.188|782.922|58.667|54.763|65.697|64.533
1|2385|2|LAVA|-3911.188|782.922|176.0|54.763|65.697|64.533
1|2385|2|LAVA|-3911.188|782.922|293.333|54.763|65.697|64.533
1|2387|2|LAVA|-4017.637|-74.24|58.667|55.337|91.14|64.533
1|2387|2|LAVA|-4017.637|-74.24|176.0|55.337|91.14|64.533
1|2387|2|LAVA|-4017.637|-74.24|293.333|55.337|91.14|64.533
1|2389|2|LAVA|-4043.865|60.059|58.667|39.665|87.441|64.533
1|2389|2|LAVA|-4043.865|60.059|176.0|39.665|87.441|64.533
1|2389|2|LAVA|-4043.865|60.059|293.333|39.665|87.441|64.533
1|2391|2|LAVA|-4043.865|195.941|58.667|39.665|87.441|64.533
1|2391|2|LAVA|-4043.865|195.941|176.0|39.665|87.441|64.533
1|2391|2|LAVA|-4043.865|195.941|293.333|39.665|87.441|64.533
1|2393|2|LAVA|-3941.825|-879.116|58.667|60.6|81.941|64.533
1|2393|2|LAVA|-3941.825|-879.116|176.0|60.6|81.941|64.533
1|2393|2|LAVA|-3941.825|-879.116|293.333|60.6|81.941|64.533
1|2393|2|LAVA|-3893.325|-984.616|58.667|60.6|81.941|64.533
1|2393|2|LAVA|-3893.325|-984.616|176.0|60.6|81.941|64.533
1|2393|2|LAVA|-3893.325|-984.616|293.333|60.6|81.941|64.533
1|2395|2|LAVA|-3832.5|2523.75|58.667|27.05|45.85|64.533
1|2395|2|LAVA|-3832.5|2523.75|176.0|27.05|45.85|64.533
1|2395|2|LAVA|-3832.5|2523.75|293.333|27.05|45.85|64.533
1|2397|2|LAVA|-3868.75|2460.75|58.667|42.3|42.3|64.533
1|2397|2|LAVA|-3868.75|2460.75|176.0|42.3|42.3|64.533
1|2397|2|LAVA|-3868.75|2460.75|293.333|42.3|42.3|64.533
1|2399|2|LAVA|-3931.75|2424.5|58.667|45.85|27.05|64.533
1|2399|2|LAVA|-3931.75|2424.5|176.0|45.85|27.05|64.533
1|2399|2|LAVA|-3931.75|2424.5|293.333|45.85|27.05|64.533
1|2401|2|LAVA|-4004.25|2424.5|58.667|45.85|27.05|64.533
1|2401|2|LAVA|-4004.25|2424.5|176.0|45.85|27.05|64.533
1|2401|2|LAVA|-4004.25|2424.5|293.333|45.85|27.05|64.533
1|2403|2|LAVA|-4066.75|2461.0|58.667|41.65|42.05|64.533
1|2403|2|LAVA|-4066.75|2461.0|176.0|41.65|42.05|64.533
1|2403|2|LAVA|-4066.75|2461.0|293.333|41.65|42.05|64.533
1|2405|2|LAVA|-4132.25|2552.5|58.667|45.85|27.05|64.533
1|2405|2|LAVA|-4132.25|2552.5|176.0|45.85|27.05|64.533
1|2405|2|LAVA|-4132.25|2552.5|293.333|45.85|27.05|64.533
1|2407|2|LAVA|-4194.75|2589.0|58.667|41.65|42.05|64.533
1|2407|2|LAVA|-4194.75|2589.0|176.0|41.65|42.05|64.533
1|2407|2|LAVA|-4194.75|2589.0|293.333|41.65|42.05|64.533
1|2409|2|LAVA|-4231.0|2651.5|58.667|27.7|46.1|64.533
1|2409|2|LAVA|-4231.0|2651.5|176.0|27.7|46.1|64.533
1|2409|2|LAVA|-4231.0|2651.5|293.333|27.7|46.1|64.533
1|2411|2|LAVA|-4231.0|2724.5|58.667|27.7|46.1|64.533
1|2411|2|LAVA|-4231.0|2724.5|176.0|27.7|46.1|64.533
1|2411|2|LAVA|-4231.0|2724.5|293.333|27.7|46.1|64.533
1|2413|2|LAVA|-4194.5|2786.5|58.667|41.4|41.4|64.533
1|2413|2|LAVA|-4194.5|2786.5|176.0|41.4|41.4|64.533
1|2413|2|LAVA|-4194.5|2786.5|293.333|41.4|41.4|64.533
1|2415|2|LAVA|-4103.0|2852.5|58.667|27.7|46.1|64.533
1|2415|2|LAVA|-4103.0|2852.5|176.0|27.7|46.1|64.533
1|2415|2|LAVA|-4103.0|2852.5|293.333|27.7|46.1|64.533
1|2417|2|LAVA|-4066.5|2914.5|58.667|41.4|41.4|64.533
1|2417|2|LAVA|-4066.5|2914.5|176.0|41.4|41.4|64.533
1|2417|2|LAVA|-4066.5|2914.5|293.333|41.4|41.4|64.533
1|2419|2|LAVA|-4004.5|2951.0|58.667|46.1|27.7|64.533
1|2419|2|LAVA|-4004.5|2951.0|176.0|46.1|27.7|64.533
1|2419|2|LAVA|-4004.5|2951.0|293.333|46.1|27.7|64.533
1|2421|2|LAVA|-3931.5|2951.0|58.667|46.1|27.7|64.533
1|2421|2|LAVA|-3931.5|2951.0|176.0|46.1|27.7|64.533
1|2421|2|LAVA|-3931.5|2951.0|293.333|46.1|27.7|64.533
1|2423|2|LAVA|-3869.0|2914.75|58.667|42.05|41.65|64.533
1|2423|2|LAVA|-3869.0|2914.75|176.0|42.05|41.65|64.533
1|2423|2|LAVA|-3869.0|2914.75|293.333|42.05|41.65|64.533
1|2425|2|LAVA|-3803.5|2823.0|58.667|46.1|27.7|64.533
1|2425|2|LAVA|-3803.5|2823.0|176.0|46.1|27.7|64.533
1|2425|2|LAVA|-3803.5|2823.0|293.333|46.1|27.7|64.533
1|2427|2|LAVA|-3741.0|2786.75|58.667|42.05|41.65|64.533
1|2427|2|LAVA|-3741.0|2786.75|176.0|42.05|41.65|64.533
1|2427|2|LAVA|-3741.0|2786.75|293.333|42.05|41.65|64.533
1|2429|2|LAVA|-3704.5|2724.25|58.667|27.05|45.85|64.533
1|2429|2|LAVA|-3704.5|2724.25|176.0|27.05|45.85|64.533
1|2429|2|LAVA|-3704.5|2724.25|293.333|27.05|45.85|64.533
1|2431|2|LAVA|-3704.5|2651.75|58.667|27.05|45.85|64.533
1|2431|2|LAVA|-3704.5|2651.75|176.0|27.05|45.85|64.533
1|2431|2|LAVA|-3704.5|2651.75|293.333|27.05|45.85|64.533
1|2433|2|LAVA|-3740.75|2588.75|58.667|42.3|42.3|64.533
1|2433|2|LAVA|-3740.75|2588.75|176.0|42.3|42.3|64.533
1|2433|2|LAVA|-3740.75|2588.75|293.333|42.3|42.3|64.533
1|2435|2|LAVA|-4388.5|-3833.0|58.667|46.1|27.7|64.533
1|2435|2|LAVA|-4388.5|-3833.0|176.0|46.1|27.7|64.533
1|2435|2|LAVA|-4388.5|-3833.0|293.333|46.1|27.7|64.533
1|2437|2|LAVA|-4088.5|-3803.75|58.667|27.05|45.85|64.533
1|2437|2|LAVA|-4088.5|-3803.75|176.0|27.05|45.85|64.533
1|2437|2|LAVA|-4088.5|-3803.75|293.333|27.05|45.85|64.533
1|2439|2|LAVA|-4059.75|-4103.5|58.667|45.85|27.05|64.533
1|2439|2|LAVA|-4059.75|-4103.5|176.0|45.85|27.05|64.533
1|2439|2|LAVA|-4059.75|-4103.5|293.333|45.85|27.05|64.533
1|2441|2|LAVA|-4359.0|-4132.5|58.667|27.7|46.1|64.533
1|2441|2|LAVA|-4359.0|-4132.5|176.0|27.7|46.1|64.533
1|2441|2|LAVA|-4359.0|-4132.5|293.333|27.7|46.1|64.533
1|2443|2|LAVA|-4088.5|-4132.25|58.667|27.05|45.85|64.533
1|2443|2|LAVA|-4088.5|-4132.25|176.0|27.05|45.85|64.533
1|2443|2|LAVA|-4088.5|-4132.25|293.333|27.05|45.85|64.533
1|2445|2|LAVA|-4124.75|-4195.25|58.667|42.3|42.3|64.533
1|2445|2|LAVA|-4124.75|-4195.25|176.0|42.3|42.3|64.533
1|2445|2|LAVA|-4124.75|-4195.25|293.333|42.3|42.3|64.533
1|2447|2|LAVA|-4187.75|-4231.5|58.667|45.85|27.05|64.533
1|2447|2|LAVA|-4187.75|-4231.5|176.0|45.85|27.05|64.533
1|2447|2|LAVA|-4187.75|-4231.5|293.333|45.85|27.05|64.533
1|2449|2|LAVA|-4260.25|-4231.5|58.667|45.85|27.05|64.533
1|2449|2|LAVA|-4260.25|-4231.5|176.0|45.85|27.05|64.533
1|2449|2|LAVA|-4260.25|-4231.5|293.333|45.85|27.05|64.533
1|2451|2|LAVA|-4322.75|-4195.0|58.667|41.65|42.05|64.533
1|2451|2|LAVA|-4322.75|-4195.0|176.0|41.65|42.05|64.533
1|2451|2|LAVA|-4322.75|-4195.0|293.333|41.65|42.05|64.533
1|2453|2|LAVA|-4388.25|-4103.5|58.667|45.85|27.05|64.533
1|2453|2|LAVA|-4388.25|-4103.5|176.0|45.85|27.05|64.533
1|2453|2|LAVA|-4388.25|-4103.5|293.333|45.85|27.05|64.533
1|2455|2|LAVA|-4450.75|-4067.0|58.667|41.65|42.05|64.533
1|2455|2|LAVA|-4450.75|-4067.0|176.0|41.65|42.05|64.533
1|2455|2|LAVA|-4450.75|-4067.0|293.333|41.65|42.05|64.533
1|2457|2|LAVA|-4487.0|-4004.5|58.667|27.7|46.1|64.533
1|2457|2|LAVA|-4487.0|-4004.5|176.0|27.7|46.1|64.533
1|2457|2|LAVA|-4487.0|-4004.5|293.333|27.7|46.1|64.533
1|2459|2|LAVA|-4487.0|-3931.5|58.667|27.7|46.1|64.533
1|2459|2|LAVA|-4487.0|-3931.5|176.0|27.7|46.1|64.533
1|2459|2|LAVA|-4487.0|-3931.5|293.333|27.7|46.1|64.533
1|2461|2|LAVA|-4450.5|-3869.5|58.667|41.4|41.4|64.533
1|2461|2|LAVA|-4450.5|-3869.5|176.0|41.4|41.4|64.533
1|2461|2|LAVA|-4450.5|-3869.5|293.333|41.4|41.4|64.533
1|2463|2|LAVA|-4359.0|-3803.5|58.667|27.7|46.1|64.533
1|2463|2|LAVA|-4359.0|-3803.5|176.0|27.7|46.1|64.533
1|2463|2|LAVA|-4359.0|-3803.5|293.333|27.7|46.1|64.533
1|2465|2|LAVA|-4322.5|-3741.5|58.667|41.4|41.4|64.533
1|2465|2|LAVA|-4322.5|-3741.5|176.0|41.4|41.4|64.533
1|2465|2|LAVA|-4322.5|-3741.5|293.333|41.4|41.4|64.533
1|2467|2|LAVA|-4260.5|-3705.0|58.667|46.1|27.7|64.533
1|2467|2|LAVA|-4260.5|-3705.0|176.0|46.1|27.7|64.533
1|2467|2|LAVA|-4260.5|-3705.0|293.333|46.1|27.7|64.533
1|2469|2|LAVA|-4187.5|-3705.0|58.667|46.1|27.7|64.533
1|2469|2|LAVA|-4187.5|-3705.0|176.0|46.1|27.7|64.533
1|2469|2|LAVA|-4187.5|-3705.0|293.333|46.1|27.7|64.533
1|2471|2|LAVA|-4125.0|-3741.25|58.667|42.05|41.65|64.533
1|2471|2|LAVA|-4125.0|-3741.25|176.0|42.05|41.65|64.533
1|2471|2|LAVA|-4125.0|-3741.25|293.333|42.05|41.65|64.533
1|2473|2|LAVA|-4059.5|-3833.0|58.667|46.1|27.7|64.533
1|2473|2|LAVA|-4059.5|-3833.0|176.0|46.1|27.7|64.533
1|2473|2|LAVA|-4059.5|-3833.0|293.333|46.1|27.7|64.533
1|2475|2|LAVA|-3997.0|-3869.25|58.667|42.05|41.65|64.533
1|2475|2|LAVA|-3997.0|-3869.25|176.0|42.05|41.65|64.533
1|2475|2|LAVA|-3997.0|-3869.25|293.333|42.05|41.65|64.533
1|2477|2|LAVA|-3960.5|-3931.75|58.667|27.05|45.85|64.533
1|2477|2|LAVA|-3960.5|-3931.75|176.0|27.05|45.85|64.533
1|2477|2|LAVA|-3960.5|-3931.75|293.333|27.05|45.85|64.533
1|2479|2|LAVA|-3960.5|-4004.25|58.667|27.05|45.85|64.533
1|2479|2|LAVA|-3960.5|-4004.25|176.0|27.05|45.85|64.533
1|2479|2|LAVA|-3960.5|-4004.25|293.333|27.05|45.85|64.533
1|2481|2|LAVA|-3996.75|-4067.25|58.667|42.3|42.3|64.533
1|2481|2|LAVA|-3996.75|-4067.25|176.0|42.3|42.3|64.533
1|2481|2|LAVA|-3996.75|-4067.25|293.333|42.3|42.3|64.533
1|2483|2|LAVA|-804.5|-5369.0|58.667|46.1|27.7|64.533
1|2483|2|LAVA|-804.5|-5369.0|176.0|46.1|27.7|64.533
1|2483|2|LAVA|-804.5|-5369.0|293.333|46.1|27.7|64.533
1|2485|2|LAVA|-504.5|-5339.75|58.667|27.05|45.85|64.533
1|2485|2|LAVA|-504.5|-5339.75|176.0|27.05|45.85|64.533
1|2485|2|LAVA|-504.5|-5339.75|293.333|27.05|45.85|64.533
1|2487|2|LAVA|-475.75|-5639.5|58.667|45.85|27.05|64.533
1|2487|2|LAVA|-475.75|-5639.5|176.0|45.85|27.05|64.533
1|2487|2|LAVA|-475.75|-5639.5|293.333|45.85|27.05|64.533
1|2489|2|LAVA|-775.0|-5668.5|58.667|27.7|46.1|64.533
1|2489|2|LAVA|-775.0|-5668.5|176.0|27.7|46.1|64.533
1|2489|2|LAVA|-775.0|-5668.5|293.333|27.7|46.1|64.533
1|2491|2|LAVA|-504.5|-5668.25|58.667|27.05|45.85|64.533
1|2491|2|LAVA|-504.5|-5668.25|176.0|27.05|45.85|64.533
1|2491|2|LAVA|-504.5|-5668.25|293.333|27.05|45.85|64.533
1|2493|2|LAVA|-540.75|-5731.25|58.667|42.3|42.3|64.533
1|2493|2|LAVA|-540.75|-5731.25|176.0|42.3|42.3|64.533
1|2493|2|LAVA|-540.75|-5731.25|293.333|42.3|42.3|64.533
1|2495|2|LAVA|-603.75|-5767.5|58.667|45.85|27.05|64.533
1|2495|2|LAVA|-603.75|-5767.5|176.0|45.85|27.05|64.533
1|2495|2|LAVA|-603.75|-5767.5|293.333|45.85|27.05|64.533
1|2497|2|LAVA|-676.25|-5767.5|58.667|45.85|27.05|64.533
1|2497|2|LAVA|-676.25|-5767.5|176.0|45.85|27.05|64.533
1|2497|2|LAVA|-676.25|-5767.5|293.333|45.85|27.05|64.533
1|2499|2|LAVA|-738.75|-5731.0|58.667|41.65|42.05|64.533
1|2499|2|LAVA|-738.75|-5731.0|176.0|41.65|42.05|64.533
1|2499|2|LAVA|-738.75|-5731.0|293.333|41.65|42.05|64.533
1|2501|2|LAVA|-804.25|-5639.5|58.667|45.85|27.05|64.533
1|2501|2|LAVA|-804.25|-5639.5|176.0|45.85|27.05|64.533
1|2501|2|LAVA|-804.25|-5639.5|293.333|45.85|27.05|64.533
1|2503|2|LAVA|-866.75|-5603.0|58.667|41.65|42.05|64.533
1|2503|2|LAVA|-866.75|-5603.0|176.0|41.65|42.05|64.533
1|2503|2|LAVA|-866.75|-5603.0|293.333|41.65|42.05|64.533
1|2505|2|LAVA|-903.0|-5540.5|58.667|27.7|46.1|64.533
1|2505|2|LAVA|-903.0|-5540.5|176.0|27.7|46.1|64.533
1|2505|2|LAVA|-903.0|-5540.5|293.333|27.7|46.1|64.533
1|2507|2|LAVA|-903.0|-5467.5|58.667|27.7|46.1|64.533
1|2507|2|LAVA|-903.0|-5467.5|176.0|27.7|46.1|64.533
1|2507|2|LAVA|-903.0|-5467.5|293.333|27.7|46.1|64.533
1|2509|2|LAVA|-866.5|-5405.5|58.667|41.4|41.4|64.533
1|2509|2|LAVA|-866.5|-5405.5|176.0|41.4|41.4|64.533
1|2509|2|LAVA|-866.5|-5405.5|293.333|41.4|41.4|64.533
1|2511|2|LAVA|-775.0|-5339.5|58.667|27.7|46.1|64.533
1|2511|2|LAVA|-775.0|-5339.5|176.0|27.7|46.1|64.533
1|2511|2|LAVA|-775.0|-5339.5|293.333|27.7|46.1|64.533
1|2513|2|LAVA|-738.5|-5277.5|58.667|41.4|41.4|64.533
1|2513|2|LAVA|-738.5|-5277.5|176.0|41.4|41.4|64.533
1|2513|2|LAVA|-738.5|-5277.5|293.333|41.4|41.4|64.533
1|2515|2|LAVA|-676.5|-5241.0|58.667|46.1|27.7|64.533
1|2515|2|LAVA|-676.5|-5241.0|176.0|46.1|27.7|64.533
1|2515|2|LAVA|-676.5|-5241.0|293.333|46.1|27.7|64.533
1|2517|2|LAVA|-603.5|-5241.0|58.667|46.1|27.7|64.533
1|2517|2|LAVA|-603.5|-5241.0|176.0|46.1|27.7|64.533
1|2517|2|LAVA|-603.5|-5241.0|293.333|46.1|27.7|64.533
1|2519|2|LAVA|-541.0|-5277.25|58.667|42.05|41.65|64.533
1|2519|2|LAVA|-541.0|-5277.25|176.0|42.05|41.65|64.533
1|2519|2|LAVA|-541.0|-5277.25|293.333|42.05|41.65|64.533
1|2521|2|LAVA|-475.5|-5369.0|58.667|46.1|27.7|64.533
1|2521|2|LAVA|-475.5|-5369.0|176.0|46.1|27.7|64.533
1|2521|2|LAVA|-475.5|-5369.0|293.333|46.1|27.7|64.533
1|2523|2|LAVA|-413.0|-5405.25|58.667|42.05|41.65|64.533
1|2523|2|LAVA|-413.0|-5405.25|176.0|42.05|41.65|64.533
1|2523|2|LAVA|-413.0|-5405.25|293.333|42.05|41.65|64.533
1|2525|2|LAVA|-376.5|-5467.75|58.667|27.05|45.85|64.533
1|2525|2|LAVA|-376.5|-5467.75|176.0|27.05|45.85|64.533
1|2525|2|LAVA|-376.5|-5467.75|293.333|27.05|45.85|64.533
1|2527|2|LAVA|-376.5|-5540.25|58.667|27.05|45.85|64.533
1|2527|2|LAVA|-376.5|-5540.25|176.0|27.05|45.85|64.533
1|2527|2|LAVA|-376.5|-5540.25|293.333|27.05|45.85|64.533
1|2529|2|LAVA|-412.75|-5603.25|58.667|42.3|42.3|64.533
1|2529|2|LAVA|-412.75|-5603.25|176.0|42.3|42.3|64.533
1|2529|2|LAVA|-412.75|-5603.25|293.333|42.3|42.3|64.533
1|2531|2|LAVA|4571.5|-4089.0|58.667|46.1|27.7|64.533
1|2531|2|LAVA|4571.5|-4089.0|176.0|46.1|27.7|64.533
1|2531|2|LAVA|4571.5|-4089.0|293.333|46.1|27.7|64.533
1|2533|2|LAVA|4871.5|-4059.75|58.667|27.05|45.85|64.533
1|2533|2|LAVA|4871.5|-4059.75|176.0|27.05|45.85|64.533
1|2533|2|LAVA|4871.5|-4059.75|293.333|27.05|45.85|64.533
1|2535|2|LAVA|4900.25|-4359.5|58.667|45.85|27.05|64.533
1|2535|2|LAVA|4900.25|-4359.5|176.0|45.85|27.05|64.533
1|2535|2|LAVA|4900.25|-4359.5|293.333|45.85|27.05|64.533
1|2537|2|LAVA|4601.0|-4388.5|58.667|27.7|46.1|64.533
1|2537|2|LAVA|4601.0|-4388.5|176.0|27.7|46.1|64.533
1|2537|2|LAVA|4601.0|-4388.5|293.333|27.7|46.1|64.533
1|2539|2|LAVA|4871.5|-4388.25|58.667|27.05|45.85|64.533
1|2539|2|LAVA|4871.5|-4388.25|176.0|27.05|45.85|64.533
1|2539|2|LAVA|4871.5|-4388.25|293.333|27.05|45.85|64.533
1|2541|2|LAVA|4835.25|-4451.25|58.667|42.3|42.3|64.533
1|2541|2|LAVA|4835.25|-4451.25|176.0|42.3|42.3|64.533
1|2541|2|LAVA|4835.25|-4451.25|293.333|42.3|42.3|64.533
1|2543|2|LAVA|4772.25|-4487.5|58.667|45.85|27.05|64.533
1|2543|2|LAVA|4772.25|-4487.5|176.0|45.85|27.05|64.533
1|2543|2|LAVA|4772.25|-4487.5|293.333|45.85|27.05|64.533
1|2545|2|LAVA|4699.75|-4487.5|58.667|45.85|27.05|64.533
1|2545|2|LAVA|4699.75|-4487.5|176.0|45.85|27.05|64.533
1|2545|2|LAVA|4699.75|-4487.5|293.333|45.85|27.05|64.533
1|2547|2|LAVA|4637.25|-4451.0|58.667|41.65|42.05|64.533
1|2547|2|LAVA|4637.25|-4451.0|176.0|41.65|42.05|64.533
1|2547|2|LAVA|4637.25|-4451.0|293.333|41.65|42.05|64.533
1|2549|2|LAVA|4571.75|-4359.5|58.667|45.85|27.05|64.533
1|2549|2|LAVA|4571.75|-4359.5|176.0|45.85|27.05|64.533
1|2549|2|LAVA|4571.75|-4359.5|293.333|45.85|27.05|64.533
1|2551|2|LAVA|4509.25|-4323.0|58.667|41.65|42.05|64.533
1|2551|2|LAVA|4509.25|-4323.0|176.0|41.65|42.05|64.533
1|2551|2|LAVA|4509.25|-4323.0|293.333|41.65|42.05|64.533
1|2553|2|LAVA|4473.0|-4260.5|58.667|27.7|46.1|64.533
1|2553|2|LAVA|4473.0|-4260.5|176.0|27.7|46.1|64.533
1|2553|2|LAVA|4473.0|-4260.5|293.333|27.7|46.1|64.533
1|2555|2|LAVA|4473.0|-4187.5|58.667|27.7|46.1|64.533
1|2555|2|LAVA|4473.0|-4187.5|176.0|27.7|46.1|64.533
1|2555|2|LAVA|4473.0|-4187.5|293.333|27.7|46.1|64.533
1|2557|2|LAVA|4509.5|-4125.5|58.667|41.4|41.4|64.533
1|2557|2|LAVA|4509.5|-4125.5|176.0|41.4|41.4|64.533
1|2557|2|LAVA|4509.5|-4125.5|293.333|41.4|41.4|64.533
1|2559|2|LAVA|4601.0|-4059.5|58.667|27.7|46.1|64.533
1|2559|2|LAVA|4601.0|-4059.5|176.0|27.7|46.1|64.533
1|2559|2|LAVA|4601.0|-4059.5|293.333|27.7|46.1|64.533
1|2561|2|LAVA|4637.5|-3997.5|58.667|41.4|41.4|64.533
1|2561|2|LAVA|4637.5|-3997.5|176.0|41.4|41.4|64.533
1|2561|2|LAVA|4637.5|-3997.5|293.333|41.4|41.4|64.533
1|2563|2|LAVA|4699.5|-3961.0|58.667|46.1|27.7|64.533
1|2563|2|LAVA|4699.5|-3961.0|176.0|46.1|27.7|64.533
1|2563|2|LAVA|4699.5|-3961.0|293.333|46.1|27.7|64.533
1|2565|2|LAVA|4772.5|-3961.0|58.667|46.1|27.7|64.533
1|2565|2|LAVA|4772.5|-3961.0|176.0|46.1|27.7|64.533
1|2565|2|LAVA|4772.5|-3961.0|293.333|46.1|27.7|64.533
1|2567|2|LAVA|4835.0|-3997.25|58.667|42.05|41.65|64.533
1|2567|2|LAVA|4835.0|-3997.25|176.0|42.05|41.65|64.533
1|2567|2|LAVA|4835.0|-3997.25|293.333|42.05|41.65|64.533
1|2569|2|LAVA|4900.5|-4089.0|58.667|46.1|27.7|64.533
1|2569|2|LAVA|4900.5|-4089.0|176.0|46.1|27.7|64.533
1|2569|2|LAVA|4900.5|-4089.0|293.333|46.1|27.7|64.533
1|2571|2|LAVA|4963.0|-4125.25|58.667|42.05|41.65|64.533
1|2571|2|LAVA|4963.0|-4125.25|176.0|42.05|41.65|64.533
1|2571|2|LAVA|4963.0|-4125.25|293.333|42.05|41.65|64.533
1|2573|2|LAVA|4999.5|-4187.75|58.667|27.05|45.85|64.533
1|2573|2|LAVA|4999.5|-4187.75|176.0|27.05|45.85|64.533
1|2573|2|LAVA|4999.5|-4187.75|293.333|27.05|45.85|64.533
1|2575|2|LAVA|4999.5|-4260.25|58.667|27.05|45.85|64.533
1|2575|2|LAVA|4999.5|-4260.25|176.0|27.05|45.85|64.533
1|2575|2|LAVA|4999.5|-4260.25|293.333|27.05|45.85|64.533
1|2577|2|LAVA|4963.25|-4323.25|58.667|42.3|42.3|64.533
1|2577|2|LAVA|4963.25|-4323.25|176.0|42.3|42.3|64.533
1|2577|2|LAVA|4963.25|-4323.25|293.333|42.3|42.3|64.533
1|2579|2|LAVA|5083.5|1287.0|58.667|46.1|27.7|64.533
1|2579|2|LAVA|5083.5|1287.0|176.0|46.1|27.7|64.533
1|2579|2|LAVA|5083.5|1287.0|293.333|46.1|27.7|64.533
1|2581|2|LAVA|5383.5|1316.25|58.667|27.05|45.85|64.533
1|2581|2|LAVA|5383.5|1316.25|176.0|27.05|45.85|64.533
1|2581|2|LAVA|5383.5|1316.25|293.333|27.05|45.85|64.533
1|2583|2|LAVA|5412.25|1016.5|58.667|45.85|27.05|64.533
1|2583|2|LAVA|5412.25|1016.5|176.0|45.85|27.05|64.533
1|2583|2|LAVA|5412.25|1016.5|293.333|45.85|27.05|64.533
1|2585|2|LAVA|5113.0|987.5|58.667|27.7|46.1|64.533
1|2585|2|LAVA|5113.0|987.5|176.0|27.7|46.1|64.533
1|2585|2|LAVA|5113.0|987.5|293.333|27.7|46.1|64.533
1|2587|2|LAVA|5383.5|987.75|58.667|27.05|45.85|64.533
1|2587|2|LAVA|5383.5|987.75|176.0|27.05|45.85|64.533
1|2587|2|LAVA|5383.5|987.75|293.333|27.05|45.85|64.533
1|2589|2|LAVA|5347.25|924.75|58.667|42.3|42.3|64.533
1|2589|2|LAVA|5347.25|924.75|176.0|42.3|42.3|64.533
1|2589|2|LAVA|5347.25|924.75|293.333|42.3|42.3|64.533
1|2591|2|LAVA|5284.25|888.5|58.667|45.85|27.05|64.533
1|2591|2|LAVA|5284.25|888.5|176.0|45.85|27.05|64.533
1|2591|2|LAVA|5284.25|888.5|293.333|45.85|27.05|64.533
1|2593|2|LAVA|5211.75|888.5|58.667|45.85|27.05|64.533
1|2593|2|LAVA|5211.75|888.5|176.0|45.85|27.05|64.533
1|2593|2|LAVA|5211.75|888.5|293.333|45.85|27.05|64.533
1|2595|2|LAVA|5149.25|925.0|58.667|41.65|42.05|64.533
1|2595|2|LAVA|5149.25|925.0|176.0|41.65|42.05|64.533
1|2595|2|LAVA|5149.25|925.0|293.333|41.65|42.05|64.533
1|2597|2|LAVA|5083.75|1016.5|58.667|45.85|27.05|64.533
1|2597|2|LAVA|5083.75|1016.5|176.0|45.85|27.05|64.533
1|2597|2|LAVA|5083.75|1016.5|293.333|45.85|27.05|64.533
1|2599|2|LAVA|5021.25|1053.0|58.667|41.65|42.05|64.533
1|2599|2|LAVA|5021.25|1053.0|176.0|41.65|42.05|64.533
1|2599|2|LAVA|5021.25|1053.0|293.333|41.65|42.05|64.533
1|2601|2|LAVA|4985.0|1115.5|58.667|27.7|46.1|64.533
1|2601|2|LAVA|4985.0|1115.5|176.0|27.7|46.1|64.533
1|2601|2|LAVA|4985.0|1115.5|293.333|27.7|46.1|64.533
1|2603|2|LAVA|4985.0|1188.5|58.667|27.7|46.1|64.533
1|2603|2|LAVA|4985.0|1188.5|176.0|27.7|46.1|64.533
1|2603|2|LAVA|4985.0|1188.5|293.333|27.7|46.1|64.533
1|2605|2|LAVA|5021.5|1250.5|58.667|41.4|41.4|64.533
1|2605|2|LAVA|5021.5|1250.5|176.0|41.4|41.4|64.533
1|2605|2|LAVA|5021.5|1250.5|293.333|41.4|41.4|64.533
1|2607|2|LAVA|5113.0|1316.5|58.667|27.7|46.1|64.533
1|2607|2|LAVA|5113.0|1316.5|176.0|27.7|46.1|64.533
1|2607|2|LAVA|5113.0|1316.5|293.333|27.7|46.1|64.533
1|2609|2|LAVA|5149.5|1378.5|58.667|41.4|41.4|64.533
1|2609|2|LAVA|5149.5|1378.5|176.0|41.4|41.4|64.533
1|2609|2|LAVA|5149.5|1378.5|293.333|41.4|41.4|64.533
1|2611|2|LAVA|5211.5|1415.0|58.667|46.1|27.7|64.533
1|2611|2|LAVA|5211.5|1415.0|176.0|46.1|27.7|64.533
1|2611|2|LAVA|5211.5|1415.0|293.333|46.1|27.7|64.533
1|2613|2|LAVA|5284.5|1415.0|58.667|46.1|27.7|64.533
1|2613|2|LAVA|5284.5|1415.0|176.0|46.1|27.7|64.533
1|2613|2|LAVA|5284.5|1415.0|293.333|46.1|27.7|64.533
1|2615|2|LAVA|5347.0|1378.75|58.667|42.05|41.65|64.533
1|2615|2|LAVA|5347.0|1378.75|176.0|42.05|41.65|64.533
1|2615|2|LAVA|5347.0|1378.75|293.333|42.05|41.65|64.533
1|2617|2|LAVA|5412.5|1287.0|58.667|46.1|27.7|64.533
1|2617|2|LAVA|5412.5|1287.0|176.0|46.1|27.7|64.533
1|2617|2|LAVA|5412.5|1287.0|293.333|46.1|27.7|64.533
1|2619|2|LAVA|5475.0|1250.75|58.667|42.05|41.65|64.533
1|2619|2|LAVA|5475.0|1250.75|176.0|42.05|41.65|64.533
1|2619|2|LAVA|5475.0|1250.75|293.333|42.05|41.65|64.533
1|2621|2|LAVA|5511.5|1188.25|58.667|27.05|45.85|64.533
1|2621|2|LAVA|5511.5|1188.25|176.0|27.05|45.85|64.533
1|2621|2|LAVA|5511.5|1188.25|293.333|27.05|45.85|64.533
1|2623|2|LAVA|5511.5|1115.75|58.667|27.05|45.85|64.533
1|2623|2|LAVA|5511.5|1115.75|176.0|27.05|45.85|64.533
1|2623|2|LAVA|5511.5|1115.75|293.333|27.05|45.85|64.533
1|2625|2|LAVA|5475.25|1052.75|58.667|42.3|42.3|64.533
1|2625|2|LAVA|5475.25|1052.75|176.0|42.3|42.3|64.533
1|2625|2|LAVA|5475.25|1052.75|293.333|42.3|42.3|64.533
1|2627|2|LAVA|1755.5|3591.0|58.667|46.1|27.7|64.533
1|2627|2|LAVA|1755.5|3591.0|176.0|46.1|27.7|64.533
1|2627|2|LAVA|1755.5|3591.0|293.333|46.1|27.7|64.533
1|2629|2|LAVA|2055.5|3620.25|58.667|27.05|45.85|64.533
1|2629|2|LAVA|2055.5|3620.25|176.0|27.05|45.85|64.533
1|2629|2|LAVA|2055.5|3620.25|293.333|27.05|45.85|64.533
1|2631|2|LAVA|2084.25|3320.5|58.667|45.85|27.05|64.533
1|2631|2|LAVA|2084.25|3320.5|176.0|45.85|27.05|64.533
1|2631|2|LAVA|2084.25|3320.5|293.333|45.85|27.05|64.533
1|2633|2|LAVA|1785.0|3291.5|58.667|27.7|46.1|64.533
1|2633|2|LAVA|1785.0|3291.5|176.0|27.7|46.1|64.533
1|2633|2|LAVA|1785.0|3291.5|293.333|27.7|46.1|64.533
1|2635|2|LAVA|2055.5|3291.75|58.667|27.05|45.85|64.533
1|2635|2|LAVA|2055.5|3291.75|176.0|27.05|45.85|64.533
1|2635|2|LAVA|2055.5|3291.75|293.333|27.05|45.85|64.533
1|2637|2|LAVA|2019.25|3228.75|58.667|42.3|42.3|64.533
1|2637|2|LAVA|2019.25|3228.75|176.0|42.3|42.3|64.533
1|2637|2|LAVA|2019.25|3228.75|293.333|42.3|42.3|64.533
1|2639|2|LAVA|1956.25|3192.5|58.667|45.85|27.05|64.533
1|2639|2|LAVA|1956.25|3192.5|176.0|45.85|27.05|64.533
1|2639|2|LAVA|1956.25|3192.5|293.333|45.85|27.05|64.533
1|2641|2|LAVA|1883.75|3192.5|58.667|45.85|27.05|64.533
1|2641|2|LAVA|1883.75|3192.5|176.0|45.85|27.05|64.533
1|2641|2|LAVA|1883.75|3192.5|293.333|45.85|27.05|64.533
1|2643|2|LAVA|1821.25|3229.0|58.667|41.65|42.05|64.533
1|2643|2|LAVA|1821.25|3229.0|176.0|41.65|42.05|64.533
1|2643|2|LAVA|1821.25|3229.0|293.333|41.65|42.05|64.533
1|2645|2|LAVA|1755.75|3320.5|58.667|45.85|27.05|64.533
1|2645|2|LAVA|1755.75|3320.5|176.0|45.85|27.05|64.533
1|2645|2|LAVA|1755.75|3320.5|293.333|45.85|27.05|64.533
1|2647|2|LAVA|1693.25|3357.0|58.667|41.65|42.05|64.533
1|2647|2|LAVA|1693.25|3357.0|176.0|41.65|42.05|64.533
1|2647|2|LAVA|1693.25|3357.0|293.333|41.65|42.05|64.533
1|2649|2|LAVA|1657.0|3419.5|58.667|27.7|46.1|64.533
1|2649|2|LAVA|1657.0|3419.5|176.0|27.7|46.1|64.533
1|2649|2|LAVA|1657.0|3419.5|293.333|27.7|46.1|64.533
1|2651|2|LAVA|1657.0|3492.5|58.667|27.7|46.1|64.533
1|2651|2|LAVA|1657.0|3492.5|176.0|27.7|46.1|64.533
1|2651|2|LAVA|1657.0|3492.5|293.333|27.7|46.1|64.533
1|2653|2|LAVA|1693.5|3554.5|58.667|41.4|41.4|64.533
1|2653|2|LAVA|1693.5|3554.5|176.0|41.4|41.4|64.533
1|2653|2|LAVA|1693.5|3554.5|293.333|41.4|41.4|64.533
1|2655|2|LAVA|1785.0|3620.5|58.667|27.7|46.1|64.533
1|2655|2|LAVA|1785.0|3620.5|176.0|27.7|46.1|64.533
1|2655|2|LAVA|1785.0|3620.5|293.333|27.7|46.1|64.533
1|2657|2|LAVA|1821.5|3682.5|58.667|41.4|41.4|64.533
1|2657|2|LAVA|1821.5|3682.5|176.0|41.4|41.4|64.533
1|2657|2|LAVA|1821.5|3682.5|293.333|41.4|41.4|64.533
1|2659|2|LAVA|1883.5|3719.0|58.667|46.1|27.7|64.533
1|2659|2|LAVA|1883.5|3719.0|176.0|46.1|27.7|64.533
1|2659|2|LAVA|1883.5|3719.0|293.333|46.1|27.7|64.533
1|2661|2|LAVA|1956.5|3719.0|58.667|46.1|27.7|64.533
1|2661|2|LAVA|1956.5|3719.0|176.0|46.1|27.7|64.533
1|2661|2|LAVA|1956.5|3719.0|293.333|46.1|27.7|64.533
1|2663|2|LAVA|2019.0|3682.75|58.667|42.05|41.65|64.533
1|2663|2|LAVA|2019.0|3682.75|176.0|42.05|41.65|64.533
1|2663|2|LAVA|2019.0|3682.75|293.333|42.05|41.65|64.533
1|2665|2|LAVA|2084.5|3591.0|58.667|46.1|27.7|64.533
1|2665|2|LAVA|2084.5|3591.0|176.0|46.1|27.7|64.533
1|2665|2|LAVA|2084.5|3591.0|293.333|46.1|27.7|64.533
1|2667|2|LAVA|2147.0|3554.75|58.667|42.05|41.65|64.533
1|2667|2|LAVA|2147.0|3554.75|176.0|42.05|41.65|64.533
1|2667|2|LAVA|2147.0|3554.75|293.333|42.05|41.65|64.533
1|2669|2|LAVA|2183.5|3492.25|58.667|27.05|45.85|64.533
1|2669|2|LAVA|2183.5|3492.25|176.0|27.05|45.85|64.533
1|2669|2|LAVA|2183.5|3492.25|293.333|27.05|45.85|64.533
1|2671|2|LAVA|2183.5|3419.75|58.667|27.05|45.85|64.533
1|2671|2|LAVA|2183.5|3419.75|176.0|27.05|45.85|64.533
1|2671|2|LAVA|2183.5|3419.75|293.333|27.05|45.85|64.533
1|2673|2|LAVA|2147.25|3356.75|58.667|42.3|42.3|64.533
1|2673|2|LAVA|2147.25|3356.75|176.0|42.3|42.3|64.533
1|2673|2|LAVA|2147.25|3356.75|293.333|42.3|42.3|64.533
0|152|0|QLAVA2|632.0|-168.0|30|46.595|46.595|30
0|152|0|QLAVA2|632.0|-600.0|30|46.595|46.595|30
0|152|0|QLAVA2|344.0|120.0|30|46.595|46.595|30
0|152|0|QLAVA2|344.0|-888.0|30|46.595|46.595|30
0|152|0|QLAVA2|-88.0|120.0|30|46.595|46.595|30
0|152|0|QLAVA2|-88.0|-888.0|30|46.595|46.595|30
0|152|0|QLAVA2|-376.0|-600.0|30|46.595|46.595|30
0|152|0|QLAVA2|-376.0|-168.0|30|46.595|46.595|30
0|152|0|QLAVA2|488.0|-24.0|30|45.255|45.255|30
0|152|0|QLAVA2|488.0|-744.0|30|45.255|45.255|30
0|152|0|QLAVA2|-232.0|-24.0|30|45.255|45.255|30
0|152|0|QLAVA2|-232.0|-744.0|30|45.255|45.255|30
0|152|0|QLAVA2|200.0|120.0|30|40.0|40.0|30
0|152|0|QLAVA2|200.0|-888.0|30|40.0|40.0|30
0|152|0|QLAVA2|56.0|120.0|30|40.0|40.0|30
0|152|0|QLAVA2|56.0|-888.0|30|40.0|40.0|30
0|152|0|QLAVA2|-237.657|-685.657|30|8.0|8.0|30
0|193|0|QLAVA|4276.966|2031.873|96|384|384|96
0|193|0|QLAVA|4276.966|-2725.186|96|384|384|96
0|193|0|QLAVA|3959.172|1714.735|96|384|384|96
0|193|0|QLAVA|3959.172|-2883.755|96|384|384|96
0|193|0|QLAVA|3164.69|-3676.598|96|384|384|96
0|193|0|QLAVA|-1920.0|2190.441|96|384|384|96
0|193|0|QLAVA|-2078.897|1873.304|96|384|384|96
0|193|0|QLAVA|-2237.793|2190.441|96|384|384|96
0|193|0|QLAVA|-2396.69|1873.304|96|384|384|96
0|193|0|QLAVA|-2555.586|2190.441|96|384|384|96
0|193|0|QLAVA|-2555.586|1556.167|96|384|384|96
0|193|0|QLAVA|-2714.483|1873.304|96|384|384|96
0|193|0|QLAVA|-3508.966|-2883.755|96|384|384|96
0|193|0|QLAVA|-2873.379|1556.167|96|380.98|380.98|96
0|193|0|QLAVA|-3826.759|1556.167|96|360.578|360.578|96
0|193|0|QLAVA|-2873.379|2190.441|96|353.93|353.93|96
0|193|0|QLAVA|2846.897|2349.01|96|341.055|341.055|96
0|193|0|QLAVA|4594.759|-2883.755|96|340.01|340.01|96
0|193|0|QLAVA|-331.034|-4152.304|96|324.588|324.588|96
0|193|0|QLAVA|2688.0|-3835.167|96|322.833|322.833|96
0|193|0|QLAVA|1734.621|-3993.735|95.727|319.089|319.089|95.727
0|193|0|QLAVA|3800.276|1397.598|93.683|312.276|312.276|93.683
0|193|0|QLAVA|3959.172|1080.461|93.279|310.929|310.929|93.279
0|193|0|QLAVA|-2714.483|1239.029|91.844|306.148|306.148|91.844
0|193|0|QLAVA|3323.586|-3993.735|90.722|302.407|302.407|90.722
0|193|0|QLAVA|3641.379|-4628.01|90.379|301.264|301.264|90.379
0|193|0|QLAVA|2370.207|-3835.167|89.238|297.46|297.46|89.238
0|193|0|QLAVA|-3191.172|-3042.324|86.867|289.557|289.557|86.867
0|193|0|QLAVA|-3032.276|-3200.892|86.798|289.325|289.325|86.798
0|193|0|QLAVA|2052.414|-3835.167|86.589|288.631|288.631|86.589
0|193|0|QLAVA|3482.483|-4469.441|86.456|288.185|288.185|86.456
0|193|0|QLAVA|4118.069|287.618|86.026|286.752|286.752|86.026
0|193|0|QLAVA|3959.172|2031.873|85.71|285.699|285.699|85.71
0|193|0|QLAVA|4276.966|-2408.049|84.063|280.21|280.21|84.063
0|193|0|QLAVA|-2237.793|1556.167|83.912|279.708|279.708|83.912
0|193|0|QLAVA|-3826.759|-2883.755|83.828|279.427|279.427|83.828
0|193|0|QLAVA|-3508.966|-2566.618|80.737|269.124|269.124|80.737
0|193|0|QLAVA|3323.586|-3359.461|79.52|265.068|265.068|79.52
0|193|0|QLAVA|3641.379|-3200.892|79.411|264.702|264.702|79.411
0|193|0|QLAVA|4276.966|129.049|77.853|259.512|259.512|77.853
0|193|0|QLAVA|3164.69|287.618|76.685|255.618|255.618|76.685
0|193|0|QLAVA|4435.862|-346.657|76.365|254.549|254.549|76.365
0|193|0|QLAVA|-1761.103|1873.304|76.34|254.465|254.465|76.34
0|193|0|QLAVA|-3508.966|1556.167|72.557|241.857|241.857|72.557
0|193|0|QLAVA|-3032.276|1873.304|72.528|241.759|241.759|72.528
0|193|0|QLAVA|3959.172|763.324|71.466|238.22|238.22|71.466
0|193|0|QLAVA|3482.483|-4152.304|70.897|236.322|236.322|70.897
0|193|0|QLAVA|3164.69|2031.873|70.252|234.173|234.173|70.252
0|193|0|QLAVA|-331.034|-4469.441|69.688|232.292|232.292|69.688
0|193|0|QLAVA|3482.483|-3518.029|68.284|227.614|227.614|68.284
0|193|0|QLAVA|1416.828|-3993.735|68.024|226.746|226.746|68.024
0|193|0|QLAVA|-2873.379|-3518.029|67.58|225.267|225.267|67.58
0|193|0|QLAVA|-1602.207|2349.01|66.736|222.455|222.455|66.736
0|193|0|QLAVA|4435.862|-822.363|66.288|220.96|220.96|66.288
0|193|0|QLAVA|-1125.517|-4152.304|66.122|220.407|220.407|66.122
0|193|0|QLAVA|3641.379|1714.735|63.94|213.134|213.134|63.94
0|193|0|QLAVA|-3191.172|1556.167|63.705|212.35|212.35|63.705
0|193|0|QLAVA|4276.966|2349.01|62.808|209.359|209.359|62.808
0|193|0|QLAVA|-2555.586|2507.578|62.458|208.194|208.194|62.458
0|193|0|QLAVA|-2714.483|2507.578|60.528|201.761|201.761|60.528
0|193|0|QLAVA|2529.103|2349.01|60.286|200.953|200.953|60.286
0|193|0|QLAVA|2211.31|-3676.598|59.839|199.463|199.463|59.839
0|193|0|QLAVA|3641.379|-4310.873|59.646|198.819|198.819|59.646
0|193|0|QLAVA|-648.828|-4152.304|58.485|194.95|194.95|58.485
0|193|0|QLAVA|-2237.793|2507.578|57.788|192.628|192.628|57.788
0|193|0|QLAVA|4118.069|-1932.343|56.84|189.466|189.466|56.84
0|193|0|QLAVA|2846.897|2031.873|56.828|189.426|189.426|56.828
0|193|0|QLAVA|4276.966|1714.735|56.605|188.683|188.683|56.605
0|193|0|QLAVA|-3032.276|-3676.598|56.248|187.494|187.494|56.248
0|193|0|QLAVA|-1761.103|-4945.147|55.199|183.998|183.998|55.199
0|193|0|QLAVA|-2396.69|2507.578|54.89|182.967|182.967|54.89
0|193|0|QLAVA|3641.379|-2883.755|54.854|182.845|182.845|54.854
0|193|0|QLAVA|4276.966|-1773.775|54.658|182.194|182.194|54.658
0|193|0|QLAVA|3482.483|1714.735|54.212|180.708|180.708|54.212
0|193|0|QLAVA|-2873.379|2507.578|53.602|178.675|178.675|53.602
0|193|0|QLAVA|2211.31|2507.578|53.565|178.551|178.551|53.565
0|193|0|QLAVA|-966.621|-3993.735|52.694|175.648|175.648|52.694
0|193|0|QLAVA|1099.034|-3993.735|52.35|174.501|174.501|52.35
0|193|0|QLAVA|4276.966|-1615.206|52.193|173.976|173.976|52.193
0|193|0|QLAVA|1257.931|-4152.304|50.577|168.59|168.59|50.577
0|193|0|QLAVA|3959.172|-3200.892|50.378|167.926|167.926|50.378
0|193|0|QLAVA|-3032.276|-3835.167|50.338|167.794|167.794|50.338
0|193|0|QLAVA|4276.966|-3042.324|49.9|166.335|166.335|49.9
0|193|0|QLAVA|3005.793|446.186|49.832|166.107|166.107|49.832
0|193|0|QLAVA|-2078.897|2507.578|49.701|165.67|165.67|49.701
0|193|0|QLAVA|4435.862|2349.01|49.586|165.288|165.288|49.586
0|193|0|QLAVA|-1284.414|-4310.873|49.335|164.45|164.45|49.335
0|193|0|QLAVA|4118.069|921.892|49.33|164.433|164.433|49.33
0|193|0|QLAVA|1893.517|-3676.598|48.859|162.862|162.862|48.859
0|193|0|QLAVA|-3826.759|1239.029|48.075|160.251|160.251|48.075
0|193|0|QLAVA|4118.069|2349.01|47.804|159.347|159.347|47.804
0|193|0|QLAVA|4118.069|1397.598|47.326|157.752|157.752|47.326
0|193|0|QLAVA|-3826.759|-346.657|47.252|157.508|157.508|47.252
0|193|0|QLAVA|-3191.172|1714.735|47.141|157.136|157.136|47.141
0|193|0|QLAVA|3800.276|921.892|46.523|155.078|155.078|46.523
0|193|0|QLAVA|-3826.759|-1298.069|46.195|153.985|153.985|46.195
0|193|0|QLAVA|-3985.655|-2725.186|46.182|153.939|153.939|46.182
0|193|0|QLAVA|940.138|-3993.735|46.121|153.735|153.735|46.121
0|193|0|QLAVA|781.241|-3993.735|46.121|153.735|153.735|46.121
0|193|0|QLAVA|-13.241|-3993.735|46.121|153.735|153.735|46.121
0|193|0|QLAVA|4435.862|-29.52|45.741|152.471|152.471|45.741
0|193|0|QLAVA|3482.483|-4786.578|45.644|152.147|152.147|45.644
0|193|0|QLAVA|-1443.31|2507.578|45.374|151.247|151.247|45.374
0|193|0|QLAVA|3164.69|-4152.304|45.006|150.021|150.021|45.006
0|193|0|QLAVA|-3985.655|-1456.637|43.806|146.019|146.019|43.806
0|193|0|QLAVA|4594.759|-505.225|43.736|145.787|145.787|43.736
0|193|0|QLAVA|-1602.207|2031.873|43.33|144.433|144.433|43.33
0|193|0|QLAVA|304.552|-3993.735|43.323|144.409|144.409|43.323
0|193|0|QLAVA|463.448|-3993.735|43.287|144.291|144.291|43.287
0|193|0|QLAVA|-1443.31|-4469.441|42.485|141.618|141.618|42.485
0|193|0|QLAVA|-3191.172|-4310.873|42.165|140.55|140.55|42.165
0|193|0|QLAVA|3323.586|1873.304|42.122|140.406|140.406|42.122
0|193|0|QLAVA|-3191.172|-3359.461|42.119|140.398|140.398|42.119
0|193|0|QLAVA|1893.517|2666.147|41.996|139.987|139.987|41.996
0|193|0|QLAVA|-13.241|-4152.304|41.863|139.542|139.542|41.863
0|193|0|QLAVA|-1602.207|-4628.01|41.805|139.35|139.35|41.805
0|193|0|QLAVA|4594.759|-663.794|41.546|138.488|138.488|41.546
0|193|0|QLAVA|3164.69|604.755|40.739|135.798|135.798|40.739
0|193|0|QLAVA|-3032.276|2507.578|40.686|135.619|135.619|40.686
0|193|0|QLAVA|3800.276|-4469.441|40.63|135.435|135.435|40.63
0|193|0|QLAVA|-3191.172|-4152.304|40.411|134.703|134.703|40.411
0|193|0|QLAVA|3482.483|-3042.324|40.086|133.621|133.621|40.086
0|193|0|QLAVA|4118.069|-2090.912|39.752|132.506|132.506|39.752
0|193|0|QLAVA|3323.586|-4310.873|39.075|130.25|130.25|39.075
0|193|0|QLAVA|-1284.414|2666.147|38.521|128.402|128.402|38.521
0|193|0|QLAVA|-3350.069|-3200.892|38.389|127.962|127.962|38.389
0|193|0|QLAVA|4594.759|2031.873|38.099|126.996|126.996|38.099
0|193|0|QLAVA|-1602.207|-4786.578|38.031|126.769|126.769|38.031
0|193|0|QLAVA|4594.759|2190.441|37.81|126.033|126.033|37.81
0|193|0|QLAVA|-2873.379|-4945.147|37.688|125.626|125.626|37.688
0|193|0|QLAVA|2370.207|2349.01|37.572|125.239|125.239|37.572
0|193|0|QLAVA|-3826.759|-2566.618|37.51|125.033|125.033|37.51
0|193|0|QLAVA|-3508.966|-3200.892|37.438|124.793|124.793|37.438
0|193|0|QLAVA|-3826.759|-1456.637|37.244|124.146|124.146|37.244
0|193|0|QLAVA|-3191.172|-4469.441|37.007|123.357|123.357|37.007
0|193|0|QLAVA|-2873.379|1080.461|36.945|123.151|123.151|36.945
0|193|0|QLAVA|4435.862|-1139.5|36.627|122.09|122.09|36.627
0|193|0|QLAVA|3959.172|446.186|36.363|121.209|121.209|36.363
0|193|0|QLAVA|-3032.276|-3993.735|36.143|120.477|120.477|36.143
0|193|0|QLAVA|3005.793|-3993.735|35.845|119.484|119.484|35.845
0|193|0|QLAVA|-3985.655|1873.304|35.811|119.37|119.37|35.811
0|193|0|QLAVA|4118.069|-1773.775|35.792|119.306|119.306|35.792
0|193|0|QLAVA|-2396.69|1239.029|35.651|118.837|118.837|35.651
0|193|0|QLAVA|4276.966|-1932.343|35.509|118.363|118.363|35.509
0|193|0|QLAVA|4594.759|-3200.892|35.429|118.097|118.097|35.429
0|193|0|QLAVA|-3032.276|-4786.578|35.237|117.455|117.455|35.237
0|193|0|QLAVA|4594.759|-2566.618|34.998|116.658|116.658|34.998
0|193|0|QLAVA|4276.966|-188.088|34.964|116.547|116.547|34.964
0|193|0|QLAVA|3959.172|-2566.618|34.953|116.509|116.509|34.953
0|193|0|QLAVA|4276.966|-1456.637|34.586|115.286|115.286|34.586
0|193|0|QLAVA|-3826.759|446.186|34.428|114.759|114.759|34.428
0|193|0|QLAVA|-3826.759|-505.225|34.387|114.624|114.624|34.387
0|193|0|QLAVA|4118.069|1239.029|33.969|113.231|113.231|33.969
0|193|0|QLAVA|2052.414|2507.578|33.966|113.22|113.22|33.966
0|193|0|QLAVA|-3826.759|1873.304|33.815|112.716|112.716|33.815
0|193|0|QLAVA|-807.724|-4152.304|33.775|112.583|112.583|33.775
0|193|0|QLAVA|4118.069|604.755|33.492|111.64|111.64|33.492
0|193|0|QLAVA|3959.172|129.049|33.352|111.172|111.172|33.352
0|193|0|QLAVA|-3826.759|-1139.5|32.467|108.225|108.225|32.467
0|193|0|QLAVA|2211.31|-3993.735|32.433|108.111|108.111|32.433
0|193|0|QLAVA|-3826.759|604.755|32.301|107.67|107.67|32.301
0|193|0|QLAVA|-1920.0|2507.578|31.891|106.302|106.302|31.891
0|193|0|QLAVA|-3985.655|-1298.069|31.732|105.775|105.775|31.732
0|193|0|QLAVA|4435.862|-3200.892|31.699|105.662|105.662|31.699
0|193|0|QLAVA|1734.621|-3676.598|31.581|105.27|105.27|31.581
0|193|0|QLAVA|-3826.759|287.618|31.522|105.074|105.074|31.522
0|193|0|QLAVA|2052.414|2666.147|31.488|104.961|104.961|31.488
0|193|0|QLAVA|-2714.483|921.892|31.475|104.917|104.917|31.475
0|193|0|QLAVA|-2555.586|1080.461|31.406|104.685|104.685|31.406
0|193|0|QLAVA|622.345|-3993.735|31.133|103.778|103.778|31.133
0|193|0|QLAVA|145.655|-3993.735|31.133|103.778|103.778|31.133
0|193|0|QLAVA|-2873.379|921.892|30.841|102.802|102.802|30.841
0|193|0|QLAVA|3800.276|-2566.618|30.785|102.618|102.618|30.785
0|193|0|QLAVA|-2873.379|-3835.167|30.773|102.578|102.578|30.773
0|193|0|QLAVA|4118.069|-29.52|30.756|102.519|102.519|30.756
0|193|0|QLAVA|4276.966|-1298.069|30.635|102.117|102.117|30.635
0|193|0|QLAVA|3323.586|-4628.01|30.501|101.67|101.67|30.501
0|193|0|QLAVA|3482.483|-3835.167|30.49|101.632|101.632|30.49
0|193|0|QLAVA|3641.379|-2725.186|30.379|101.262|101.262|30.379
0|193|0|QLAVA|1734.621|2666.147|30.36|101.201|101.201|30.36
0|193|0|QLAVA|-966.621|-4152.304|30.191|100.636|100.636|30.191
0|193|0|QLAVA|-13.241|-4310.873|30.151|100.504|100.504|30.151
0|193|0|QLAVA|-1920.0|-4945.147|30|98.518|98.518|30
0|193|0|QLAVA|1099.034|-4152.304|30|98.503|98.503|30
0|193|0|QLAVA|3641.379|-29.52|30|98.48|98.48|30
0|193|0|QLAVA|-1920.0|1556.167|30|96.442|96.442|30
0|193|0|QLAVA|2529.103|2507.578|30|94.91|94.91|30
0|193|0|QLAVA|3005.793|604.755|30|94.656|94.656|30
0|193|0|QLAVA|4276.966|446.186|30|94.505|94.505|30
0|193|0|QLAVA|3800.276|604.755|30|94.386|94.386|30
0|193|0|QLAVA|3641.379|921.892|30|93.324|93.324|30
0|193|0|QLAVA|-3508.966|-2249.48|30|92.728|92.728|30
0|193|0|QLAVA|-807.724|-3993.735|30|92.225|92.225|30
0|193|0|QLAVA|4435.862|1714.735|30|91.273|91.273|30
0|193|0|QLAVA|-3191.172|-3993.735|30|90.548|90.548|30
0|193|0|QLAVA|-3667.862|1239.029|30|89.248|89.248|30
0|193|0|QLAVA|4118.069|-2249.48|30|88.966|88.966|30
0|193|0|QLAVA|4276.966|-1139.5|30|88.949|88.949|30
0|193|0|QLAVA|3323.586|1080.461|30|87.886|87.886|30
0|193|0|QLAVA|-2714.483|-4945.147|30|87.088|87.088|30
0|193|0|QLAVA|4276.966|-2090.912|30|86.438|86.438|30
0|193|0|QLAVA|-3191.172|-2725.186|30|86.146|86.146|30
0|193|0|QLAVA|-1284.414|-4469.441|30|86.019|86.019|30
0|193|0|QLAVA|4435.862|-2249.48|30|85.95|85.95|30
0|193|0|QLAVA|-1443.31|2666.147|30|85.014|85.014|30
0|193|0|QLAVA|3800.276|-4786.578|30|84.415|84.415|30
0|193|0|QLAVA|-3667.862|-3200.892|30|82.872|82.872|30
0|193|0|QLAVA|3164.69|2349.01|30|82.464|82.464|30
0|193|0|QLAVA|-3667.862|-2408.049|30|81.742|81.742|30
0|193|0|QLAVA|-3350.069|1714.735|30|80.355|80.355|30
0|193|0|QLAVA|3641.379|1080.461|30|80.239|80.239|30
0|193|0|QLAVA|3800.276|-3359.461|30|80.017|80.017|30
0|193|0|QLAVA|2370.207|2507.578|30|79.509|79.509|30
0|193|0|QLAVA|-331.034|2824.716|30|77.938|77.938|30
0|193|0|QLAVA|4276.966|1556.167|30|77.697|77.697|30
0|193|0|QLAVA|3323.586|1714.735|30|77.299|77.299|30
0|193|0|QLAVA|4276.966|-505.225|30|77.211|77.211|30
0|193|0|QLAVA|4276.966|-980.931|30|75.78|75.78|30
0|193|0|QLAVA|-489.931|2824.716|30|75.525|75.525|30
0|193|0|QLAVA|-648.828|-3993.735|30|74.428|74.428|30
0|193|0|QLAVA|3800.276|287.618|30|74.19|74.19|30
0|193|0|QLAVA|3641.379|1873.304|30|73.979|73.979|30
0|193|0|QLAVA|-3032.276|-4628.01|30|73.893|73.893|30
0|193|0|QLAVA|-1920.0|-5103.716|30|72.695|72.695|30
0|193|0|QLAVA|-1284.414|-4152.304|30|72.258|72.258|30
0|193|0|QLAVA|-2714.483|-3359.461|30|71.926|71.926|30
0|193|0|QLAVA|-3985.655|-1615.206|30|71.859|71.859|30
0|193|0|QLAVA|4118.069|-3200.892|30|71.678|71.678|30
0|193|0|QLAVA|3005.793|129.049|30|71.132|71.132|30
0|193|0|QLAVA|-3191.172|-4628.01|30|70.427|70.427|30
0|193|0|QLAVA|-2078.897|-5103.716|30|69.635|69.635|30
0|193|0|QLAVA|4594.759|-980.931|30|69.621|69.621|30
0|193|0|QLAVA|-1761.103|-4786.578|30|69.473|69.473|30
0|193|0|QLAVA|-648.828|2824.716|30|69.435|69.435|30
0|193|0|QLAVA|2846.897|-3518.029|30|69.298|69.298|30
0|193|0|QLAVA|940.138|-4152.304|30|69.248|69.248|30
0|193|0|QLAVA|-1443.31|-4310.873|30|69.112|69.112|30
0|193|0|QLAVA|-1602.207|-4469.441|30|68.436|68.436|30
0|193|0|QLAVA|-3350.069|1397.598|30|68.264|68.264|30
0|193|0|QLAVA|3800.276|-4310.873|30|67.893|67.893|30
0|193|0|QLAVA|4435.862|-1456.637|30|66.024|66.024|30
0|193|0|QLAVA|3323.586|446.186|30|65.631|65.631|30
0|193|0|QLAVA|-2555.586|-5103.716|30|65.605|65.605|30
0|193|0|QLAVA|-172.138|2824.716|30|65.234|65.234|30
0|193|0|QLAVA|-3032.276|-2883.755|30|65.076|65.076|30
0|193|0|QLAVA|-2873.379|-3042.324|30|64.844|64.844|30
0|193|0|QLAVA|2846.897|1873.304|30|64.797|64.797|30
0|193|0|QLAVA|3959.172|2349.01|30|63.337|63.337|30
0|193|0|QLAVA|3800.276|2190.441|30|62.25|62.25|30
0|193|0|QLAVA|-3191.172|-3518.029|30|62.059|62.059|30
0|193|0|QLAVA|4594.759|1873.304|30|61.787|61.787|30
0|193|0|QLAVA|2529.103|2190.441|30|61.543|61.543|30
0|193|0|QLAVA|-4144.552|1714.735|30|60.88|60.88|30
0|193|0|QLAVA|-1761.103|2507.578|30|60.849|60.849|30
0|193|0|QLAVA|3482.483|1556.167|30|60.314|60.314|30
0|193|0|QLAVA|4435.862|-1615.206|30|59.982|59.982|30
0|193|0|QLAVA|-4144.552|1556.167|30|59.971|59.971|30
0|193|0|QLAVA|3482.483|763.324|30|59.841|59.841|30
0|193|0|QLAVA|-2873.379|763.324|30|59.324|59.324|30
0|193|0|QLAVA|-966.621|-3835.167|30|59.167|59.167|30
0|193|0|QLAVA|-1125.517|-3835.167|30|59.167|59.167|30
0|193|0|QLAVA|-3667.862|-188.088|30|58.735|58.735|30
0|193|0|QLAVA|-2078.897|1397.598|30|58.53|58.53|30
0|193|0|QLAVA|4594.759|2349.01|30|58.2|58.2|30
0|193|0|QLAVA|2211.31|-3518.029|30|57.584|57.584|30
0|193|0|QLAVA|4276.966|-663.794|30|57.543|57.543|30
0|193|0|QLAVA|3323.586|921.892|30|56.841|56.841|30
0|193|0|QLAVA|-3985.655|-3042.324|30|56.128|56.128|30
0|193|0|QLAVA|-1125.517|2666.147|30|55.879|55.879|30
0|193|0|QLAVA|-3826.759|-822.363|30|55.401|55.401|30
0|193|0|QLAVA|3959.172|-1932.343|30|54.868|54.868|30
0|193|0|QLAVA|-3191.172|2349.01|30|54.441|54.441|30
0|193|0|QLAVA|-3191.172|1397.598|30|54.32|54.32|30
0|193|0|QLAVA|3005.793|-3359.461|30|53.937|53.937|30
0|193|0|QLAVA|4912.552|-2883.755|30|53.773|53.773|30
0|193|0|QLAVA|3005.793|1873.304|30|53.611|53.611|30
0|193|0|QLAVA|-1602.207|-4945.147|30|53.26|53.26|30
0|193|0|QLAVA|-2555.586|2666.147|30|52.599|52.599|30
0|193|0|QLAVA|3482.483|1873.304|30|52.228|52.228|30
0|193|0|QLAVA|3323.586|604.755|30|52.055|52.055|30
0|193|0|QLAVA|-3826.759|763.324|30|52.018|52.018|30
0|193|0|QLAVA|-3667.862|1080.461|30|51.862|51.862|30
0|193|0|QLAVA|-3667.862|921.892|30|51.862|51.862|30
0|193|0|QLAVA|3323.586|2190.441|30|51.681|51.681|30
0|193|0|QLAVA|4435.862|287.618|30|50.917|50.917|30
0|193|0|QLAVA|4276.966|2507.578|30|50.857|50.857|30
0|193|0|QLAVA|-3032.276|-4152.304|30|50.641|50.641|30
0|193|0|QLAVA|-3826.759|-1615.206|30|50.559|50.559|30
0|193|0|QLAVA|-3350.069|-2408.049|30|49.937|49.937|30
0|193|0|QLAVA|-2714.483|2666.147|30|49.662|49.662|30
0|193|0|QLAVA|2211.31|2349.01|30|49.525|49.525|30
0|193|0|QLAVA|1575.724|-4310.873|30|49.359|49.359|30
0|193|0|QLAVA|3641.379|129.049|30|48.959|48.959|30
0|193|0|QLAVA|1416.828|-4310.873|30|48.663|48.663|30
0|193|0|QLAVA|-2555.586|-4945.147|30|48.549|48.549|30
0|193|0|QLAVA|-3191.172|2190.441|30|48.223|48.223|30
0|193|0|QLAVA|3323.586|129.049|30|47.697|47.697|30
0|193|0|QLAVA|3641.379|287.618|30|47.645|47.645|30
0|193|0|QLAVA|-3985.655|1239.029|30|46.879|46.879|30
0|193|0|QLAVA|3482.483|-2883.755|30|46.592|46.592|30
0|193|0|QLAVA|4435.862|-1298.069|30|46.061|46.061|30
0|193|0|QLAVA|-3667.862|1873.304|30|45.404|45.404|30
0|193|0|QLAVA|-2714.483|-5103.716|30|44.903|44.903|30
0|193|0|QLAVA|3641.379|-4945.147|30|44.797|44.797|30
0|193|0|QLAVA|-3032.276|1239.029|30|44.373|44.373|30
0|193|0|QLAVA|-3032.276|-4945.147|30|44.227|44.227|30
0|193|0|QLAVA|3164.69|763.324|30|44.216|44.216|30
0|193|0|QLAVA|1257.931|-3835.167|30|44.212|44.212|30
0|193|0|QLAVA|2688.0|1873.304|30|43.82|43.82|30
0|193|0|QLAVA|-3667.862|-1932.343|30|43.76|43.76|30
0|193|0|QLAVA|-1761.103|-5103.716|30|43.604|43.604|30
0|193|0|QLAVA|3641.379|-3993.735|30|43.369|43.369|30
0|193|0|QLAVA|2052.414|-4152.304|30|43.25|43.25|30
0|193|0|QLAVA|-2396.69|-5103.716|30|42.54|42.54|30
0|193|0|QLAVA|-2714.483|-3676.598|30|42.464|42.464|30
0|193|0|QLAVA|4594.759|-188.088|30|42.27|42.27|30
0|193|0|QLAVA|781.241|2666.147|30|42.147|42.147|30
0|193|0|QLAVA|-966.621|2666.147|30|42.147|42.147|30
0|193|0|QLAVA|2211.31|2666.147|30|41.337|41.337|30
0|193|0|QLAVA|3164.69|-3200.892|30|40.987|40.987|30
0|193|0|QLAVA|-3667.862|763.324|30|40.384|40.384|30
0|193|0|QLAVA|3800.276|-29.52|30|40.368|40.368|30
0|193|0|QLAVA|-3985.655|-2566.618|30|39.028|39.028|30
0|193|0|QLAVA|-648.828|-4310.873|30|38.905|38.905|30
0|193|0|QLAVA|2846.897|287.618|30|37.89|37.89|30
0|193|0|QLAVA|4118.069|-1615.206|30|37.723|37.723|30
0|193|0|QLAVA|-4144.552|-2883.755|30|37.639|37.639|30
0|193|0|QLAVA|1893.517|2507.578|30|37.506|37.506|30
0|193|0|QLAVA|1099.034|2824.716|30|36.824|36.824|30
0|193|0|QLAVA|-13.241|2824.716|30|36.633|36.633|30
0|193|0|QLAVA|-807.724|2824.716|30|36.416|36.416|30
0|193|0|QLAVA|3323.586|-4786.578|30|36.222|36.222|30
0|193|0|QLAVA|2052.414|-3518.029|30|36.115|36.115|30
0|193|0|QLAVA|3482.483|1239.029|30|35.886|35.886|30
0|193|0|QLAVA|-3826.759|-663.794|30|35.711|35.711|30
0|193|0|QLAVA|-2237.793|2666.147|30|34.884|34.884|30
0|193|0|QLAVA|-2237.793|-5103.716|30|34.588|34.588|30
0|193|0|QLAVA|-3667.862|-1773.775|30|34.173|34.173|30
0|193|0|QLAVA|2688.0|2031.873|30|34.057|34.057|30
0|193|0|QLAVA|2846.897|446.186|30|33.831|33.831|30
0|193|0|QLAVA|3641.379|-3676.598|30|33.806|33.806|30
0|193|0|QLAVA|1575.724|2824.716|30|32.725|32.725|30
0|193|0|QLAVA|4753.655|-3200.892|30|32.431|32.431|30
0|193|0|QLAVA|-1602.207|1714.735|30|32.207|32.207|30
0|193|0|QLAVA|-3985.655|129.049|30|32.111|32.111|30
0|193|0|QLAVA|4276.966|1397.598|30|31.885|31.885|30
0|193|0|QLAVA|622.345|2666.147|30|31.662|31.662|30
0|193|0|QLAVA|-3191.172|-3676.598|30|30.484|30.484|30
0|193|0|QLAVA|-3032.276|-4469.441|30|30.331|30.331|30
0|193|0|QLAVA|-3826.759|-980.931|30|30.02|30.02|30
0|193|0|QLAVA|4276.966|-3200.892|30|29.713|29.713|30
0|193|0|QLAVA|3959.172|-3359.461|30|29.496|29.496|30
0|193|0|QLAVA|4435.862|-1773.775|30|28.769|28.769|30
0|193|0|QLAVA|1416.828|2824.716|30|28.656|28.656|30
0|193|0|QLAVA|1734.621|-4310.873|30|28.441|28.441|30
0|193|0|QLAVA|3005.793|-4152.304|30|28.179|28.179|30
0|193|0|QLAVA|3323.586|-3042.324|30|28.036|28.036|30
0|193|0|QLAVA|-807.724|2666.147|30|27.75|27.75|30
0|193|0|QLAVA|-4144.552|-2725.186|30|27.068|27.068|30
0|193|0|QLAVA|-3826.759|1080.461|30|26.258|26.258|30
0|193|0|QLAVA|2688.0|-3518.029|30|26.165|26.165|30
0|193|0|QLAVA|2846.897|2666.147|30|26.112|26.112|30
0|193|0|QLAVA|781.241|-4152.304|30|26.06|26.06|30
0|193|0|QLAVA|-2396.69|2666.147|30|25.121|25.121|30
0|193|0|QLAVA|-3667.862|-2090.912|30|25.032|25.032|30
0|193|0|QLAVA|-489.931|-3835.167|30|24.836|24.836|30
0|193|0|QLAVA|-172.138|2666.147|30|24.647|24.647|30
0|193|0|QLAVA|-1443.31|2190.441|30|23.719|23.719|30
0|193|0|QLAVA|-3191.172|2507.578|30|23.588|23.588|30
0|193|0|QLAVA|-2237.793|1239.029|30|23.499|23.499|30
0|193|0|QLAVA|4912.552|-3042.324|30|23.094|23.094|30
0|193|0|QLAVA|-3826.759|-188.088|30|22.811|22.811|30
0|193|0|QLAVA|3641.379|604.755|30|21.739|21.739|30
0|193|0|QLAVA|3641.379|2031.873|30|21.194|21.194|30
0|193|0|QLAVA|4435.862|2507.578|30|20.829|20.829|30
0|193|0|QLAVA|463.448|2666.147|30|20.342|20.342|30
0|193|0|QLAVA|-2873.379|2666.147|30|20.173|20.173|30
0|193|0|QLAVA|-1602.207|2666.147|30|19.84|19.84|30
0|193|0|QLAVA|-3508.966|1873.304|30|19.665|19.665|30
0|193|0|QLAVA|3164.69|-4310.873|30|19.545|19.545|30
0|193|0|QLAVA|4118.069|2507.578|30|19.023|19.023|30
0|193|0|QLAVA|1099.034|-3835.167|30|18.09|18.09|30
0|193|0|QLAVA|-172.138|-4628.01|30|17.787|17.787|30
0|193|0|QLAVA|-3191.172|2031.873|30|17.434|17.434|30
0|193|0|QLAVA|1257.931|-4310.873|30|16.972|16.972|30
0|193|0|QLAVA|-13.241|-4469.441|30|16.899|16.899|30
0|193|0|QLAVA|2529.103|-4152.304|30|16.623|16.623|30
0|193|0|QLAVA|4753.655|-2566.618|30|15.873|15.873|30
0|193|0|QLAVA|-3985.655|-346.657|30|15.583|15.583|30
0|193|0|QLAVA|-3508.966|-29.52|30|15.012|15.012|30
0|193|0|QLAVA|-1284.414|-3993.735|30|14.931|14.931|30
0|193|0|QLAVA|3959.172|-2408.049|30|14.87|14.87|30
0|193|0|QLAVA|1893.517|-3518.029|30|14.646|14.646|30
0|193|0|QLAVA|-3985.655|-1139.5|30|14.238|14.238|30
0|193|0|QLAVA|-2078.897|2666.147|30|14.052|14.052|30
0|193|0|QLAVA|940.138|2824.716|30|13.985|13.985|30
0|193|0|QLAVA|3641.379|446.186|30|13.981|13.981|30
0|193|0|QLAVA|-3508.966|-2090.912|30|13.729|13.729|30
0|193|0|QLAVA|-2714.483|-3200.892|30|13.035|13.035|30
0|193|0|QLAVA|-648.828|2666.147|30|12.918|12.918|30
0|193|0|QLAVA|1257.931|2824.716|30|12.845|12.845|30
0|193|0|QLAVA|-3032.276|763.324|30|12.708|12.708|30
0|193|0|QLAVA|-3032.276|-4310.873|30|12.183|12.183|30
0|193|0|QLAVA|-1284.414|2507.578|30|12.082|12.082|30
0|193|0|QLAVA|-3985.655|-29.52|30|11.532|11.532|30
0|193|0|QLAVA|3482.483|604.755|30|11.294|11.294|30
0|193|0|QLAVA|-3985.655|287.618|30|10.926|10.926|30
0|193|0|QLAVA|-3985.655|-505.225|30|10.918|10.918|30
0|193|0|QLAVA|-3667.862|129.049|30|10.681|10.681|30
0|193|0|QLAVA|-2396.69|-4945.147|30|10.011|10.011|30
0|193|0|QLAVA|-3191.172|-3835.167|30|9.847|9.847|30
0|193|0|QLAVA|2688.0|2666.147|30|9.699|9.699|30
0|193|0|QLAVA|-1443.31|-4628.01|30|9.182|9.182|30
0|193|0|QLAVA|-3667.862|-1456.637|30|9.151|9.151|30
0|193|0|QLAVA|-2078.897|-4945.147|30|9.147|9.147|30
0|193|0|QLAVA|-2237.793|-4945.147|30|9.147|9.147|30
0|193|0|QLAVA|-331.034|-3835.167|30|9.025|9.025|30
0|193|0|QLAVA|304.552|2666.147|30|9.021|9.021|30
0|193|0|QLAVA|3482.483|-4945.147|30|8.888|8.888|30
0|193|0|QLAVA|-489.931|-4628.01|30|8.824|8.824|30
0|193|0|QLAVA|-3191.172|-4786.578|30|8.614|8.614|30
0|193|0|QLAVA|2127.812|2347.033|30|8.0|8.0|30
0|216|0|QLAVA|-3968.0|2688.0|54.306|181.019|181.019|54.306
0|216|0|QLAVA|-3776.0|2624.0|30|33.234|33.234|30
0|216|0|QLAVA|-3904.0|2496.0|30|33.234|33.234|30
0|216|0|QLAVA|-3776.0|2752.0|30|32.875|32.875|30
0|216|0|QLAVA|-3904.0|2880.0|30|32.875|32.875|30
0|216|0|QLAVA|-4032.0|2496.0|30|32.875|32.875|30
0|216|0|QLAVA|-4160.0|2624.0|30|32.875|32.875|30
0|216|0|QLAVA|-4032.0|2880.0|30|32.527|32.527|30
0|216|0|QLAVA|-4160.0|2752.0|30|32.527|32.527|30
0|217|0|QLAVA|-4224.0|-3968.0|54.306|181.019|181.019|54.306
0|217|0|QLAVA|-4032.0|-4032.0|30|33.234|33.234|30
0|217|0|QLAVA|-4160.0|-4160.0|30|33.234|33.234|30
0|217|0|QLAVA|-4032.0|-3904.0|30|32.875|32.875|30
0|217|0|QLAVA|-4160.0|-3776.0|30|32.875|32.875|30
0|217|0|QLAVA|-4288.0|-4160.0|30|32.875|32.875|30
0|217|0|QLAVA|-4416.0|-4032.0|30|32.875|32.875|30
0|217|0|QLAVA|-4288.0|-3776.0|30|32.527|32.527|30
0|217|0|QLAVA|-4416.0|-3904.0|30|32.527|32.527|30
0|218|0|QLAVA|-640.0|-5504.0|54.306|181.019|181.019|54.306
0|218|0|QLAVA|-448.0|-5568.0|30|33.234|33.234|30
0|218|0|QLAVA|-576.0|-5696.0|30|33.234|33.234|30
0|218|0|QLAVA|-448.0|-5440.0|30|32.875|32.875|30
0|218|0|QLAVA|-576.0|-5312.0|30|32.875|32.875|30
0|218|0|QLAVA|-704.0|-5696.0|30|32.875|32.875|30
0|218|0|QLAVA|-832.0|-5568.0|30|32.875|32.875|30
0|218|0|QLAVA|-704.0|-5312.0|30|32.527|32.527|30
0|218|0|QLAVA|-832.0|-5440.0|30|32.527|32.527|30
0|219|0|QLAVA|4736.0|-4224.0|54.306|181.019|181.019|54.306
0|219|0|QLAVA|4928.0|-4288.0|30|33.234|33.234|30
0|219|0|QLAVA|4800.0|-4416.0|30|33.234|33.234|30
0|219|0|QLAVA|4928.0|-4160.0|30|32.875|32.875|30
0|219|0|QLAVA|4800.0|-4032.0|30|32.875|32.875|30
0|219|0|QLAVA|4672.0|-4416.0|30|32.875|32.875|30
0|219|0|QLAVA|4544.0|-4288.0|30|32.875|32.875|30
0|219|0|QLAVA|4672.0|-4032.0|30|32.527|32.527|30
0|219|0|QLAVA|4544.0|-4160.0|30|32.527|32.527|30
0|220|0|QLAVA|5248.0|1152.0|54.306|181.019|181.019|54.306
0|220|0|QLAVA|5440.0|1088.0|30|33.234|33.234|30
0|220|0|QLAVA|5312.0|960.0|30|33.234|33.234|30
0|220|0|QLAVA|5440.0|1216.0|30|32.875|32.875|30
0|220|0|QLAVA|5312.0|1344.0|30|32.875|32.875|30
0|220|0|QLAVA|5184.0|960.0|30|32.875|32.875|30
0|220|0|QLAVA|5056.0|1088.0|30|32.875|32.875|30
0|220|0|QLAVA|5184.0|1344.0|30|32.527|32.527|30
0|220|0|QLAVA|5056.0|1216.0|30|32.527|32.527|30
0|221|0|QLAVA|1920.0|3456.0|54.306|181.019|181.019|54.306
0|221|0|QLAVA|2112.0|3392.0|30|33.234|33.234|30
0|221|0|QLAVA|1984.0|3264.0|30|33.234|33.234|30
0|221|0|QLAVA|2112.0|3520.0|30|32.875|32.875|30
0|221|0|QLAVA|1984.0|3648.0|30|32.875|32.875|30
0|221|0|QLAVA|1856.0|3264.0|30|32.875|32.875|30
0|221|0|QLAVA|1728.0|3392.0|30|32.875|32.875|30
0|221|0|QLAVA|1856.0|3648.0|30|32.527|32.527|30
0|221|0|QLAVA|1728.0|3520.0|30|32.527|32.527|30
0|490|0|QLAVA|1792.0|-2972.0|30|65.108|65.108|30
0|490|0|QLAVA|1866.667|-3018.0|30|42.388|42.388|30
0|490|0|QLAVA|2016.0|-2926.0|30|37.869|37.869|30
0|490|0|QLAVA|1717.333|-3018.0|30|30.934|30.934|30
0|490|0|QLAVA|2016.0|-3018.0|30|27.841|27.841|30
0|490|0|QLAVA|1866.667|-2926.0|30|25.467|25.467|30
0|490|0|QLAVA|1717.333|-2926.0|30|13.066|13.066|30
0|490|0|QLAVA|1568.0|-3018.0|30|9.363|9.363|30
0|1195|0|QLAVA3|10984.0|168.0|30|56.569|56.569|30
0|1195|0|QLAVA3|10984.0|-552.0|30|56.569|56.569|30
0|1195|0|QLAVA3|10264.0|168.0|30|56.569|56.569|30
0|1195|0|QLAVA3|10264.0|-552.0|30|56.569|56.569|30
0|1195|0|QLAVA3|10696.0|312.0|30|56.0|56.0|30
0|1195|0|QLAVA3|10696.0|-696.0|30|56.0|56.0|30
0|1195|0|QLAVA3|10552.0|312.0|30|56.0|56.0|30
0|1195|0|QLAVA3|10552.0|-696.0|30|56.0|56.0|30
0|1195|0|QLAVA3|11128.0|24.0|30|46.595|46.595|30
0|1195|0|QLAVA3|11128.0|-408.0|30|46.595|46.595|30
0|1195|0|QLAVA3|10840.0|312.0|30|46.595|46.595|30
0|1195|0|QLAVA3|10840.0|-696.0|30|46.595|46.595|30
0|1195|0|QLAVA3|10408.0|312.0|30|46.595|46.595|30
0|1195|0|QLAVA3|10408.0|-696.0|30|46.595|46.595|30
0|1195|0|QLAVA3|10120.0|24.0|30|46.595|46.595|30
0|1195|0|QLAVA3|10120.0|-408.0|30|46.595|46.595|30
0|1195|0|QLAVA3|10624.0|376.0|30|8.0|8.0|30
0|1245|0|QLAVA3|10916.571|-266.667|30|74.667|74.667|30
0|1245|0|QLAVA3|10331.429|-266.667|30|74.667|74.667|30
0|1245|0|QLAVA3|10916.571|-117.333|30|74.667|74.667|30
0|1245|0|QLAVA3|10331.429|-117.333|30|74.667|74.667|30
0|1245|0|QLAVA3|11062.857|-117.333|30|60.651|60.651|30
0|1245|0|QLAVA3|10185.143|-117.333|30|60.651|60.651|30
0|1245|0|QLAVA3|11062.857|-266.667|30|60.651|60.651|30
0|1245|0|QLAVA3|10185.143|-266.667|30|60.651|60.651|30
0|1245|0|QLAVA3|10770.286|181.333|30|58.606|58.606|30
0|1245|0|QLAVA3|10770.286|-565.333|30|58.606|58.606|30
0|1245|0|QLAVA3|10477.714|181.333|30|58.606|58.606|30
0|1245|0|QLAVA3|10477.714|-565.333|30|58.606|58.606|30
0|1245|0|QLAVA3|10477.714|32.0|30|56.961|56.961|30
0|1245|0|QLAVA3|10770.286|32.0|30|54.952|54.952|30
0|1245|0|QLAVA3|10477.714|-416.0|30|54.952|54.952|30
0|1245|0|QLAVA3|10770.286|-416.0|30|53.426|53.426|30
0|1245|0|QLAVA3|10770.286|-266.667|30|52.266|52.266|30
0|1245|0|QLAVA3|10770.286|-117.333|30|50.642|50.642|30
0|1245|0|QLAVA3|10477.714|-266.667|30|50.642|50.642|30
0|1245|0|QLAVA3|10916.571|-416.0|30|49.918|49.918|30
0|1245|0|QLAVA3|10477.714|-117.333|30|48.731|48.731|30
0|1245|0|QLAVA3|10916.571|32.0|30|48.487|48.487|30
0|1245|0|QLAVA3|10331.429|-416.0|30|48.487|48.487|30
0|1245|0|QLAVA3|10331.429|32.0|30|46.383|46.383|30
0|1263|0|QLAVA2|422.571|-456.667|30|74.667|74.667|30
0|1263|0|QLAVA2|-162.571|-456.667|30|74.667|74.667|30
0|1263|0|QLAVA2|422.571|-307.333|30|74.667|74.667|30
0|1263|0|QLAVA2|-162.571|-307.333|30|74.667|74.667|30
0|1263|0|QLAVA2|-308.857|-307.333|30|60.651|60.651|30
0|1263|0|QLAVA2|568.857|-307.333|30|60.651|60.651|30
0|1263|0|QLAVA2|-308.857|-456.667|30|60.651|60.651|30
0|1263|0|QLAVA2|568.857|-456.667|30|60.651|60.651|30
0|1263|0|QLAVA2|-16.286|-8.667|30|58.606|58.606|30
0|1263|0|QLAVA2|-16.286|-755.333|30|58.606|58.606|30
0|1263|0|QLAVA2|276.286|-8.667|30|58.606|58.606|30
0|1263|0|QLAVA2|276.286|-755.333|30|58.606|58.606|30
0|1263|0|QLAVA2|-16.286|-158.0|30|56.961|56.961|30
0|1263|0|QLAVA2|-16.286|-606.0|30|54.952|54.952|30
0|1263|0|QLAVA2|276.286|-158.0|30|54.952|54.952|30
0|1263|0|QLAVA2|276.286|-606.0|30|53.426|53.426|30
0|1263|0|QLAVA2|276.286|-456.667|30|52.266|52.266|30
0|1263|0|QLAVA2|276.286|-307.333|30|50.642|50.642|30
0|1263|0|QLAVA2|-16.286|-456.667|30|50.642|50.642|30
0|1263|0|QLAVA2|422.571|-606.0|30|49.918|49.918|30
0|1263|0|QLAVA2|-16.286|-307.333|30|48.731|48.731|30
0|1263|0|QLAVA2|422.571|-158.0|30|48.487|48.487|30
0|1263|0|QLAVA2|-162.571|-606.0|30|48.487|48.487|30
0|1263|0|QLAVA2|-162.571|-158.0|30|46.383|46.383|30
0|1289|0|QLAVA|-1248.0|-384.0|30|62.0|62.0|30
0|1321|0|QLAVA|1504.0|-384.0|30|62.0|62.0|30
0|1350|0|QLAVA|127.5|864.0|30|61.5|61.5|30
