# Generated sky cornice; visual geometry only.
s 1
v 30.842966 25.288829 -240.827204
v 31.095385 28.293008 -240.862089
v 31.497123 33.148068 -240.91761
v 31.685549 38.863953 -240.943651
v 31.298032 44.415369 -240.890096
v 30.199474 49.596757 -240.738272
v 28.596077 54.70333 -240.516679
v 26.637161 59.428477 -240.245952
v 24.472042 63.460961 -239.946727
v 22.008286 66.590492 -239.60623
v 19.210341 68.753696 -239.219547
v 16.312851 69.880389 -238.819107
v 13.550458 69.930397 -238.437338
v 10.818284 68.714067 -238.059745
v 8.047003 66.234002 -237.676747
v 5.524587 62.794282 -237.328143
v 3.539006 58.737562 -237.053731
v 2.138256 54.206066 -236.860144
v 1.178351 49.183129 -236.727483
v 0.659291 43.815584 -236.655747
v 0.581077 38.263888 -236.644938
v 0.981037 32.546212 -236.700214
v 1.846729 26.870704 -236.819854
v 3.103493 21.675014 -236.993542
v 4.676671 17.373629 -237.210959
v 6.719135 14.242626 -237.493233
v 9.21311 12.143522 -237.837906
v 11.827962 10.430586 -238.199285
v 14.233057 8.543216 -238.531675
v 16.46928 6.509321 -238.840726
v 18.66995 4.44054 -239.144864
v 20.643088 2.190349 -239.417557
v 22.196712 -0.387778 -239.632271
v 23.218833 -3.736901 -239.773531
v 23.832105 -7.64421 -239.858286
v 24.196514 -11.272427 -239.908649
v 24.472042 -13.784269 -239.946727
v 30.2035 24.017847 -232.940155
v 30.46176 27.096337 -232.974313
v 30.872793 32.075405 -233.028677
v 31.065578 37.940971 -233.054175
v 30.669095 43.642571 -233.001735
v 29.54512 48.968692 -232.853076
v 27.904625 54.220296 -232.636101
v 25.900385 59.082098 -232.371016
v 23.685172 63.234043 -232.078028
v 21.164412 66.459459 -231.744628
v 18.301731 68.692208 -231.366004
v 15.337201 69.859377 -230.973909
v 12.510895 69.919036 -230.600097
v 9.715507 68.676532 -230.230373
v 6.880107 66.134369 -229.855358
v 4.299329 62.604039 -229.514019
v 2.267808 58.436856 -229.245326
v 0.834649 53.779247 -229.055774
v -0.147466 48.615231 -228.925877
v -0.678535 43.096402 -228.855637
v -0.758559 37.388419 -228.845053
v -0.349345 31.511313 -228.899176
v 0.536377 25.679557 -229.016324
v 1.822219 20.342449 -229.186392
v 3.431795 15.925375 -229.399277
v 5.521516 12.71176 -229.675668
v 8.073194 10.560296 -230.013158
v 10.748546 8.806671 -230.367005
v 13.209287 6.874469 -230.692467
v 15.49725 4.792263 -230.995078
v 17.748837 2.674342 -231.292877
v 19.767628 0.370701 -231.559886
v 21.357198 -2.268665 -231.770126
v 22.402967 -5.69734 -231.908441
v 23.030429 -9.697462 -231.991431
v 23.403269 -13.41186 -232.040743
v 23.685172 -15.983367 -232.078028
v 29.548567 22.765636 -225.049353
v 29.812054 25.909921 -225.082635
v 30.231407 30.997511 -225.135605
v 30.428094 36.992901 -225.160449
v 30.023586 42.823283 -225.109354
v 28.876861 48.272155 -224.964506
v 27.203161 53.646071 -224.753094
v 25.158353 58.622425 -224.494806
v 22.898302 62.873718 -224.209329
v 20.32652 66.178013 -223.884476
v 17.405895 68.467113 -223.51556
v 14.381361 69.666012 -223.133518
v 11.497847 69.731475 -222.769289
v 8.645878 68.46452 -222.409044
v 5.753087 65.867622 -222.043643
v 3.120072 62.258866 -221.711056
v 1.047431 57.997175 -221.449252
v -0.414737 53.232474 -221.264559
v -1.41673 47.94903 -221.137993
v -1.958549 42.302286 -221.069554
v -2.040192 36.462104 -221.059241
v -1.622695 30.449703 -221.111977
v -0.719046 24.484771 -221.22612
v 0.592823 19.026654 -221.391828
v 2.234978 14.510175 -221.599256
v 4.366997 11.225098 -221.86856
v 6.970323 9.027416 -222.197398
v 9.699826 7.237218 -222.542173
v 12.210376 5.264719 -222.859291
v 14.544649 3.139086 -223.154143
v 16.84181 0.976994 -223.444308
v 18.901463 -1.374692 -223.704471
v 20.523207 -4.069104 -223.909321
v 21.590144 -7.569287 -224.04409
v 22.230307 -11.652835 -224.124952
v 22.610693 -15.4447 -224.173
v 22.898302 -18.069838 -224.209329
v 28.874891 21.536256 -217.154676
v 29.142862 24.735859 -217.186929
v 29.569353 29.912781 -217.238261
v 29.769388 36.013282 -217.262337
v 29.357995 41.94567 -217.212822
v 28.191751 47.489674 -217.072454
v 26.489564 52.957309 -216.86758
v 24.409951 58.020341 -216.617278
v 22.111432 62.345557 -216.34063
v 19.495876 65.707171 -216.025823
v 16.52554 68.035837 -215.668315
v 13.449525 69.255273 -215.298087
v 10.516932 69.321517 -214.945122
v 7.61642 68.032101 -214.596018
v 4.674391 65.389548 -214.241917
v 1.996559 61.717548 -213.919614
v -0.11136 57.381327 -213.665906
v -1.598415 52.533418 -213.486925
v -2.617463 47.157765 -213.364273
v -3.168504 41.412494 -213.29795
v -3.251537 35.470401 -213.287956
v -2.826934 29.353017 -213.339061
v -1.907904 23.283844 -213.449675
v -0.573706 17.730271 -213.610259
v 1.0964 13.134744 -213.811272
v 3.264708 9.7921 -214.072248
v 5.912345 7.555773 -214.390916
v 8.688307 5.734006 -214.72503
v 11.241588 3.726724 -215.032341
v 13.615592 1.563608 -215.318075
v 15.951854 -0.636612 -215.599266
v 18.046563 -3.029768 -215.851384
v 19.695911 -5.771694 -216.049899
v 20.781008 -9.3336 -216.180501
v 21.432067 -13.489158 -216.258862
v 21.818928 -17.34789 -216.305424
v 22.111432 -20.01932 -216.34063
v 28.179432 20.333486 -209.256111
v 28.451025 23.576088 -209.28718
v 28.88328 28.819672 -209.336629
v 29.086019 34.995986 -209.359822
v 28.669065 40.998525 -209.312123
v 27.487059 46.604703 -209.176905
v 25.761866 52.131887 -208.979547
v 23.654147 57.248243 -208.738429
v 21.324562 61.616912 -208.471931
v 18.673656 65.009952 -208.168674
v 15.663174 67.357975 -207.824282
v 12.545586 68.584416 -207.467638
v 9.573357 68.645287 -207.127623
v 6.633643 67.33563 -206.791327
v 3.651852 64.658122 -206.450218
v 0.937828 60.940886 -206.13974
v -1.198581 56.553919 -205.89534
v -2.705734 51.651297 -205.722926
v -3.738555 46.215929 -205.604774
v -4.297043 40.407226 -205.540884
v -4.381199 34.39939 -205.531257
v -3.950857 28.21319 -205.580487
v -3.019405 22.074258 -205.687043
v -1.667175 16.45565 -205.841734
v 0.025503 11.805278 -206.035372
v 2.223116 8.421555 -206.286774
v 4.906538 6.1555 -206.59375
v 7.720018 4.307997 -206.915605
v 10.307808 2.272357 -207.211642
v 12.713897 0.078683 -207.486893
v 15.081735 -2.152619 -207.757767
v 17.204755 -4.579583 -208.000635
v 18.876394 -7.360245 -208.191867
v 19.976157 -10.97247 -208.317677
v 20.636015 -15.186734 -208.393163
v 21.028104 -19.099978 -208.438017
v 21.324562 -21.809148 -208.471931
v 27.459464 19.160727 -201.353747
v 27.733708 22.432374 -201.383483
v 28.170182 27.716859 -201.430809
v 28.374899 33.935643 -201.453006
v 27.953876 39.972007 -201.407356
v 26.760334 45.602719 -201.277942
v 25.018303 51.150402 -201.089057
v 22.890013 56.281933 -200.85829
v 20.537692 60.659177 -200.603232
v 17.860913 64.053972 -200.312993
v 14.821051 66.39817 -199.983386
v 11.673035 67.616055 -199.642052
v 8.671798 67.664429 -199.316633
v 5.703393 66.336977 -198.994775
v 2.6925 63.636648 -198.668309
v -0.048012 59.894681 -198.37116
v -2.205272 55.4841 -198.137252
v -3.727134 50.5593 -197.972239
v -4.770035 45.101337 -197.859159
v -5.333974 39.269301 -197.798012
v -5.418951 33.237041 -197.788798
v -4.984409 27.023329 -197.835915
v -4.043867 20.853993 -197.937896
v -2.67844 15.20505 -198.085947
v -0.969241 10.527424 -198.271272
v 1.24982 7.121396 -198.511881
v 3.959431 4.835722 -198.80568
v 6.80037 2.969062 -199.113718
v 9.413416 0.912313 -199.397046
v 11.842989 -1.304108 -199.66048
v 14.233936 -3.558548 -199.919726
v 16.377677 -6.010678 -200.152168
v 18.065631 -8.820174 -200.33519
v 19.176127 -12.469857 -200.4556
v 19.842425 -16.72782 -200.527845
v 20.238341 -20.681643 -200.570774
v 20.537692 -23.418905 -200.603232
v 26.712642 18.020921 -193.447784
v 26.988473 21.306294 -193.476043
v 27.427472 26.603411 -193.52102
v 27.633374 32.828075 -193.542115
v 27.209915 38.858407 -193.49873
v 26.009467 44.472359 -193.375742
v 24.257358 49.997701 -193.196236
v 22.116753 55.10256 -192.976927
v 19.750822 59.450118 -192.734533
v 17.058556 62.814127 -192.458705
v 14.001105 65.12907 -192.145464
v 10.834876 66.321337 -191.821077
v 7.816274 66.349407 -191.511816
v 4.830694 65.006848 -191.205938
v 1.80238 62.297019 -190.895682
v -0.953987 58.552819 -190.613287
v -3.123729 54.148392 -190.390993
v -4.654397 49.237109 -190.234173
v -5.703332 43.797275 -190.126708
v -6.270534 37.985895 -190.068597
v -6.356002 31.974543 -190.05984
v -5.918946 25.778632 -190.104618
v -4.972962 19.622069 -190.201535
v -3.599634 13.980863 -190.342235
v -1.880547 9.306256 -190.518359
v 0.351354 5.898525 -190.747021
v 3.076642 3.604329 -191.026232
v 5.934018 1.725734 -191.318976
v 8.562183 -0.344164 -191.588236
v 11.005813 -2.574757 -191.83859
v 13.410594 -4.84361 -192.084965
v 15.566738 -7.311418 -192.305865
v 17.264458 -10.138876 -192.4798
v 18.38138 -13.811894 -192.594231
v 19.051532 -18.09708 -192.662889
v 19.449739 -22.076182 -192.703686
v 19.750822 -24.830945 -192.734533
v 25.937067 16.916468 -185.538517
v 26.213345 20.199232 -185.565169
v 26.653056 25.478944 -185.607588
v 26.859292 31.670701 -185.627483
v 26.435147 37.652859 -185.586566
v 25.232751 43.206477 -185.470573
v 23.477799 48.664315 -185.301276
v 21.333722 53.698428 -185.094441
v 18.963952 57.97605 -184.865834
v 16.267318 61.275083 -184.605694
v 13.204907 63.534104 -184.310269
v 10.033541 64.682908 -184.004333
v 7.010042 64.68258 -183.712661
v 4.019619 63.327892 -183.424181
v 0.986392 60.622745 -183.131571
v -1.774448 56.900152 -182.865237
v -3.947709 52.53334 -182.655587
v -5.480861 47.673248 -182.507687
v -6.531497 42.2945 -182.406334
v -7.099619 36.55017 -182.351528
v -7.185227 30.607536 -182.343269
v -6.747462 24.477245 -182.3855
v -5.799943 18.379058 -182.476905
v -4.424387 12.785829 -182.609603
v -2.70251 8.146266 -182.775709
v -0.466989 4.758655 -182.991366
v 2.262721 2.467758 -183.254696
v 5.124733 0.584977 -183.530789
v 7.757161 -1.489533 -183.784735
v 10.204756 -3.725095 -184.02085
v 12.613437 -5.999003 -184.253211
v 14.77308 -8.472309 -184.461548
v 16.473554 -11.306066 -184.625589
v 17.592288 -14.987267 -184.733512
v 18.263528 -19.282 -184.798265
v 18.662381 -23.269967 -184.836742
v 18.963952 -26.030867 -184.865834
v 25.131338 15.849158 -177.626337
v 25.406869 19.112366 -177.651266
v 25.845391 24.343753 -177.690942
v 26.05107 30.462871 -177.709552
v 25.628071 36.353919 -177.67128
v 24.428927 41.80301 -177.562785
v 22.678721 47.147635 -177.404431
v 20.540443 52.066486 -177.210965
v 18.177083 56.233616 -176.997134
v 15.487742 59.433333 -176.75381
v 12.433613 61.609743 -176.477481
v 9.270823 62.697342 -176.19132
v 6.255501 62.660733 -175.918502
v 3.273166 61.297242 -175.648668
v 0.248142 58.611443 -175.374972
v -2.505231 54.934851 -175.125854
v -4.672614 50.637675 -174.929755
v -6.201619 45.867003 -174.791415
v -7.249415 40.592878 -174.696613
v -7.816 34.962598 -174.64535
v -7.901376 29.137126 -174.637626
v -7.464795 23.120965 -174.677126
v -6.519839 17.127494 -174.762623
v -5.148003 11.623201 -174.886743
v -3.430783 7.051335 -175.042113
v -1.201308 3.706169 -175.24383
v 1.521019 1.430807 -175.490139
v 4.375291 -0.448017 -175.748386
v 7.0006 -2.518168 -175.985916
v 9.441575 -4.749033 -176.206769
v 11.843743 -7.018163 -176.424111
v 13.997544 -9.486272 -176.618981
v 15.69342 -12.314075 -176.772419
v 16.809128 -15.98754 -176.873366
v 17.478552 -20.27325 -176.933933
v 17.876327 -24.252837 -176.969923
v 18.177083 -27.007936 -176.997134
v 24.294602 14.82011 -169.711713
v 24.568158 18.046655 -169.734822
v 25.003535 23.19889 -169.771603
v 25.207739 29.206083 -169.788854
v 24.787773 34.963959 -169.753375
v 23.597228 40.265559 -169.652799
v 21.859572 45.452687 -169.506003
v 19.736626 50.213303 -169.326659
v 17.390213 54.230967 -169.128435
v 14.720156 57.298539 -168.902871
v 11.687926 59.366991 -168.646711
v 8.547816 60.376727 -168.381437
v 5.554116 60.296718 -168.128532
v 2.593165 58.928173 -167.878393
v -0.410167 56.276455 -167.624674
v -3.143797 52.669939 -167.393739
v -5.295639 48.473718 -167.211953
v -6.813681 43.829661 -167.08371
v -7.853962 38.702437 -166.995828
v -8.416485 33.231811 -166.948307
v -8.501249 27.570518 -166.941146
v -8.067798 21.715667 -166.977764
v -7.129618 15.872116 -167.05702
v -5.767619 10.496822 -167.172081
v -4.062713 6.024696 -167.31611
v -1.849224 2.744 -167.503104
v 0.853583 0.496482 -167.731435
v 3.687388 -1.37 -167.970832
v 6.293872 -3.42655 -168.191026
v 8.717344 -5.642759 -168.395759
v 11.102286 -7.896982 -168.597237
v 13.240644 -10.348877 -168.777883
v 14.924359 -13.158102 -168.920122
v 16.032067 -16.807434 -169.0137
v 16.696691 -21.064988 -169.069847
v 17.091613 -25.018431 -169.10321
v 17.390213 -27.75543 -169.128435
v 23.426588 13.829729 -161.795182
v 23.696928 17.002813 -161.816397
v 24.127189 22.046184 -161.850161
v 24.328992 27.904059 -161.865997
v 23.913962 33.489293 -161.833428
v 22.737409 38.603575 -161.7411
v 21.020175 43.592393 -161.606342
v 18.92218 48.1554 -161.441704
v 16.603343 51.988134 -161.259736
v 13.964666 54.89396 -161.052669
v 10.968073 56.831854 -160.817515
v 7.864868 57.74917 -160.573995
v 4.906351 57.61997 -160.341829
v 1.9802 56.25061 -160.112203
v -0.987836 53.647331 -159.87929
v -3.689338 50.133746 -159.667293
v -5.815891 46.067791 -159.500414
v -7.316091 41.584873 -159.382688
v -8.344147 36.643662 -159.302013
v -8.900058 31.374832 -159.258388
v -8.983826 25.921181 -159.251815
v -8.555469 20.271403 -159.285429
v -7.628315 14.619896 -159.358187
v -6.282323 9.411103 -159.463812
v -4.597454 5.068854 -159.59603
v -2.40998 1.873518 -159.767689
v 0.261062 -0.334132 -159.977296
v 3.061562 -2.179794 -160.197062
v 5.637413 -4.213406 -160.399198
v 8.032403 -6.404895 -160.587142
v 10.389316 -8.633974 -160.772098
v 12.502542 -11.05852 -160.937931
v 14.16647 -13.836411 -161.068506
v 15.261159 -17.445038 -161.15441
v 15.917972 -21.655102 -161.205953
v 16.308253 -25.564448 -161.236579
v 16.603343 -28.270918 -161.259736
v 22.527627 12.877675 -153.877335
v 22.793527 15.981276 -153.896602
v 23.216719 20.888184 -153.927267
v 23.415207 26.562642 -153.94165
v 23.006995 31.940018 -153.91207
v 21.849771 36.832124 -153.828217
v 20.160747 41.587237 -153.705828
v 18.097217 45.91881 -153.556302
v 15.816473 49.536512 -153.391037
v 13.221144 52.255846 -153.202977
v 10.273778 54.044651 -152.989408
v 7.221551 54.85804 -152.76824
v 4.311637 54.675713 -152.557384
v 1.433555 53.310317 -152.348835
v -1.485722 50.769032 -152.137301
v -4.142845 47.369131 -151.944763
v -6.234463 43.459488 -151.793202
v -7.710018 39.167992 -151.686282
v -8.721185 34.446922 -151.613012
v -9.267965 29.416587 -151.573391
v -9.350356 24.208455 -151.567421
v -8.929036 18.80209 -151.597951
v -8.017113 13.379813 -151.66403
v -6.693233 8.370855 -151.759959
v -5.036043 4.185473 -151.880041
v -2.884503 1.094447 -152.035944
v -0.257341 -1.061948 -152.226311
v 2.497153 -2.87839 -152.425905
v 5.030689 -4.879807 -152.609488
v 7.386334 -7.036601 -152.78018
v 9.704529 -9.23039 -152.948159
v 11.783039 -11.616551 -153.09877
v 13.419632 -14.350463 -153.21736
v 14.496338 -17.90196 -153.295379
v 15.142361 -22.045372 -153.34219
v 15.52623 -25.892826 -153.370006
v 15.816473 -28.556449 -153.391037
v 21.598671 11.962843 -145.958794
v 21.858941 14.98216 -145.976087
v 22.273174 19.728032 -146.003609
v 22.46746 25.189529 -146.016518
v 22.06789 30.329551 -145.98997
v 20.935166 34.971193 -145.91471
v 19.281901 39.464322 -145.804866
v 17.26206 43.537886 -145.670665
v 15.029603 46.917402 -145.522338
v 12.489221 49.431745 -145.353552
v 9.604256 51.058132 -145.161872
v 6.61665 51.759942 -144.963372
v 3.768343 51.522839 -144.774127
v 0.951195 50.166749 -144.586953
v -1.906276 47.699801 -144.397099
v -4.507143 44.431452 -144.224295
v -6.554478 40.699795 -144.088268
v -7.998793 36.624383 -143.992306
v -8.988553 32.151008 -143.926545
v -9.523756 27.388699 -143.890986
v -9.604403 22.456598 -143.885627
v -9.192003 17.324817 -143.913028
v -8.299387 12.162374 -143.972334
v -7.003536 7.380999 -144.058432
v -5.38143 3.375227 -144.166206
v -3.275443 0.404796 -144.30613
v -0.703902 -1.689929 -144.476986
v 1.992275 -3.468992 -144.656124
v 4.472172 -5.429223 -144.820891
v 6.777944 -7.541635 -144.974089
v 9.047059 -9.690279 -145.124851
v 11.081564 -12.027338 -145.260026
v 12.683507 -14.704992 -145.366461
v 13.737417 -18.183405 -145.436484
v 14.369763 -22.241554 -145.478498
v 14.745505 -26.009835 -145.503462
v 15.029603 -28.618645 -145.522338
v 20.641284 11.083366 -138.0402
v 20.894799 14.00521 -138.055516
v 21.298279 18.569268 -138.079892
v 21.487521 23.793843 -138.091325
v 21.098324 28.673898 -138.067812
v 19.995002 33.044592 -138.001156
v 18.384652 37.255874 -137.903868
v 16.417241 41.053386 -137.785009
v 14.242733 44.179706 -137.653639
v 11.768293 46.477844 -137.504149
v 8.958215 47.934505 -137.334381
v 6.04816 48.521512 -137.158573
v 3.273788 48.230563 -136.990963
v 0.529766 46.889652 -136.825186
v -2.253533 44.507827 -136.657036
v -4.786888 41.385375 -136.503987
v -6.781079 37.848131 -136.38351
v -8.187903 34.006783 -136.298518
v -9.151971 29.800854 -136.240275
v -9.673281 25.327605 -136.208781
v -9.751835 20.693318 -136.204035
v -9.35014 15.858764 -136.228303
v -8.480694 10.978905 -136.28083
v -7.21848 6.446161 -136.357085
v -5.638481 2.637612 -136.452539
v -3.587159 -0.199182 -136.576467
v -1.082369 -2.223083 -136.727791
v 1.543822 -3.957018 -136.886449
v 3.959347 -5.867524 -137.03238
v 6.205267 -7.926351 -137.168065
v 8.415481 -10.020492 -137.301592
v 10.397175 -12.298268 -137.421314
v 11.957536 -14.907999 -137.515582
v 12.984089 -18.298177 -137.5776
v 13.600021 -22.253385 -137.61481
v 13.96601 -25.926078 -137.636921
v 14.242733 -28.468711 -137.653639
v 19.657633 10.236629 -130.122188
v 19.903351 13.049749 -130.135549
v 20.294422 17.415579 -130.156816
v 20.477845 22.385577 -130.16679
v 20.100617 26.990692 -130.146277
v 19.031227 31.078525 -130.088124
v 17.470402 34.9973 -130.003248
v 15.563496 38.510007 -129.899551
v 13.455863 41.376945 -129.78494
v 11.057522 43.455511 -129.65452
v 8.333865 44.741599 -129.50641
v 5.513306 45.215284 -129.35303
v 2.824257 44.874107 -129.206801
v 0.164625 43.5547 -129.062172
v -2.533076 41.266946 -128.915474
v -4.98852 38.300775 -128.781948
v -6.921382 34.968563 -128.676841
v -8.284941 31.371906 -128.602691
v -9.21936 27.444623 -128.551879
v -9.724638 23.272164 -128.524402
v -9.800776 18.947908 -128.520262
v -9.411435 14.423854 -128.541434
v -8.568728 9.840662 -128.587259
v -7.345331 5.570174 -128.653787
v -5.813923 1.970756 -128.737064
v -3.825688 -0.723011 -128.845182
v -1.397931 -2.668423 -128.977202
v 1.147495 -4.350053 -129.11562
v 3.488732 -6.202928 -129.242935
v 5.665581 -8.199649 -129.36131
v 7.807822 -10.23062 -129.477804
v 9.728571 -12.439685 -129.582253
v 11.240945 -14.970692 -129.664494
v 12.235928 -18.258603 -129.718601
v 12.832917 -22.0945 -129.751065
v 13.18765 -25.656404 -129.770355
v 13.455863 -28.122338 -129.78494
v 18.650457 9.419302 -122.205369
v 18.887446 12.114626 -122.216824
v 19.264625 16.270527 -122.235056
v 19.441532 20.974959 -122.243607
v 19.077704 25.298103 -122.226021
v 18.046303 29.099964 -122.176166
v 16.540923 32.72497 -122.1034
v 14.701756 35.953565 -122.014499
v 12.668993 38.563859 -121.916241
v 10.355849 40.42738 -121.80443
v 7.728945 41.548495 -121.677452
v 5.00858 41.914993 -121.545957
v 2.415055 41.529803 -121.420593
v -0.150098 40.238534 -121.2966
v -2.751968 38.051773 -121.170833
v -5.120188 35.248091 -121.05636
v -6.984388 32.125506 -120.966249
v -8.299509 28.776617 -120.90268
v -9.200734 25.130412 -120.859117
v -9.688063 21.260946 -120.835561
v -9.761496 17.24914 -120.832011
v -9.385986 13.039236 -120.850162
v -8.573215 8.75785 -120.88945
v -7.393277 4.755551 -120.946485
v -5.91627 1.371224 -121.017879
v -3.998663 -1.173967 -121.110571
v -1.657147 -3.034884 -121.223754
v 0.797857 -4.657762 -121.342422
v 3.055926 -6.445903 -121.451571
v 5.155447 -8.372864 -121.553056
v 7.221589 -10.332878 -121.652928
v 9.074107 -12.464765 -121.742474
v 10.532756 -14.907345 -121.812981
v 11.492394 -18.080386 -121.859367
v 12.068176 -21.782267 -121.887199
v 12.410308 -25.219728 -121.903737
v 12.668993 -27.599509 -121.916241
v 17.623027 8.627384 -114.290313
v 17.850485 11.198172 -114.299932
v 18.212495 15.137264 -114.315241
v 18.382288 19.571808 -114.322421
v 18.033092 23.613717 -114.307654
v 17.04317 27.134969 -114.265792
v 15.598334 30.473941 -114.204693
v 13.833134 33.4281 -114.130046
v 11.882123 35.792916 -114.047542
v 9.662008 37.453316 -113.953657
v 7.140752 38.421049 -113.847038
v 4.529794 38.690761 -113.736626
v 2.040573 38.270073 -113.631362
v -0.421416 37.013683 -113.527249
v -2.918645 34.932712 -113.421646
v -5.19162 32.29357 -113.325527
v -6.980847 29.379341 -113.249864
v -8.243077 26.274007 -113.196487
v -9.108057 22.902891 -113.159908
v -9.575787 19.329476 -113.140129
v -9.646267 15.623134 -113.137148
v -9.285859 11.721752 -113.152389
v -8.505775 7.738644 -113.185378
v -7.373292 4.002965 -113.233268
v -5.955686 0.833855 -113.293216
v -4.115201 -1.56103 -113.371046
v -1.867855 -3.33319 -113.466082
v 0.488415 -4.891747 -113.565724
v 2.65567 -6.609017 -113.657373
v 4.670753 -8.459604 -113.742587
v 6.6538 -10.341935 -113.826446
v 8.431814 -12.389326 -113.901635
v 9.8318 -14.735097 -113.960838
v 10.752844 -17.782377 -113.999787
v 11.30547 -21.337538 -114.023156
v 11.633842 -24.638758 -114.037042
v 11.882123 -26.924218 -114.047542
v 16.579097 7.856273 -106.37753
v 16.79637 10.298178 -106.385402
v 17.14217 14.018279 -106.397931
v 17.30436 18.184925 -106.403807
v 16.9708 21.953483 -106.391722
v 16.025204 25.207129 -106.357462
v 14.645063 28.275832 -106.307457
v 12.958903 30.973185 -106.246365
v 11.095253 33.111081 -106.178843
v 8.974548 34.586687 -106.102007
v 6.566186 35.41775 -106.014748
v 4.072139 35.604642 -105.924385
v 1.694379 35.158794 -105.838236
v -0.65737 33.943883 -105.753029
v -3.04278 31.971361 -105.666602
v -5.213979 29.4949 -105.587936
v -6.923089 26.78238 -105.526013
v -8.1288 23.909808 -105.482328
v -8.955049 20.800223 -105.452392
v -9.401835 17.507721 -105.436204
v -9.469159 14.091416 -105.433765
v -9.124889 10.48456 -105.446239
v -8.379735 6.788319 -105.473237
v -7.297961 3.31082 -105.512431
v -5.943832 0.351655 -105.561493
v -4.185758 -1.894783 -105.62519
v -2.039041 -3.575691 -105.702969
v 0.211721 -5.065366 -105.784517
v 2.281934 -6.706739 -105.859524
v 4.206787 -8.475538 -105.929264
v 6.101039 -10.274677 -105.997895
v 7.799439 -12.231582 -106.059431
v 9.136738 -14.473679 -106.107883
v 10.01654 -17.386282 -106.139759
v 10.544421 -20.784318 -106.158885
v 10.858089 -23.939637 -106.17025
v 11.095253 -26.124089 -106.178843
v 15.522835 7.100836 -98.46745
v 15.729434 9.411892 -98.473683
v 16.058247 12.915201 -98.483602
v 16.212469 16.821603 -98.488255
v 15.895296 20.33086 -98.478686
v 14.996152 23.336281 -98.451561
v 13.68381 26.157097 -98.411971
v 12.080482 28.621733 -98.363603
v 10.308383 30.557165 -98.310144
v 8.291857 31.871323 -98.24931
v 6.001805 32.586343 -98.180225
v 3.630277 32.707008 -98.108683
v 1.369324 32.247532 -98.040475
v -0.866896 31.080276 -97.973015
v -3.135124 29.216795 -97.904588
v -5.199663 26.897672 -97.842306
v -6.824814 24.375612 -97.79328
v -7.971295 21.719495 -97.758693
v -8.756955 18.851592 -97.734992
v -9.181793 15.818069 -97.722176
v -9.245809 12.669374 -97.720244
v -8.918451 9.336047 -97.73012
v -8.209903 5.908589 -97.751495
v -7.181271 2.674943 -97.782526
v -5.893662 -0.08423 -97.82137
v -4.221953 -2.187268 -97.871801
v -2.180693 -3.776153 -97.933381
v -0.040499 -5.19351 -97.997945
v 1.928015 -6.755201 -98.05733
v 3.758311 -8.438132 -98.112545
v 5.559508 -10.14993 -98.166882
v 7.174475 -12.011835 -98.215602
v 8.446079 -14.145087 -98.253963
v 9.282661 -16.916295 -98.2792
v 9.78461 -20.14937 -98.294343
v 10.08287 -23.151511 -98.30334
v 10.308383 -25.229917 -98.310144
v 14.458755 6.355502 -90.560412
v 14.654371 8.536038 -90.565126
v 14.965704 11.828675 -90.572628
v 15.111727 15.487298 -90.576146
v 14.811415 18.756225 -90.56891
v 13.960071 21.537639 -90.548396
v 12.717496 24.13784 -90.518455
v 11.199404 26.398505 -90.481875
v 9.521514 28.160054 -90.441445
v 7.61219 29.339477 -90.395437
v 5.443881 29.961583 -90.34319
v 3.198429 30.034136 -90.289083
v 1.057672 29.573048 -90.2375
v -1.059666 28.458897 -90.18648
v -3.207311 26.703115 -90.134731
v -5.162095 24.533066 -90.087628
v -6.70085 22.18658 -90.05055
v -7.786382 19.726404 -90.024393
v -8.530274 17.075607 -90.006469
v -8.932527 14.27405 -89.996776
v -8.993141 11.365291 -89.995315
v -8.683185 8.279176 -90.002784
v -8.012305 5.097239 -90.01895
v -7.038357 2.088466 -90.042418
v -5.8192 -0.484448 -90.071795
v -4.236362 -2.451801 -90.109935
v -2.30362 -3.949517 -90.156506
v -0.277202 -5.292342 -90.205335
v 1.586662 -6.771911 -90.250246
v 3.319655 -8.366344 -90.292005
v 5.025098 -9.988127 -90.333099
v 6.55421 -11.752123 -90.369944
v 7.758213 -13.773198 -90.398956
v 8.550321 -16.39868 -90.418043
v 9.025585 -19.461743 -90.429495
v 9.307989 -22.306016 -90.436299
v 9.521514 -24.275128 -90.441445
v 13.39163 5.614361 -82.656651
v 13.576143 7.666879 -82.659976
v 13.869803 10.758336 -82.665267
v 14.007538 14.185486 -82.667748
v 13.724272 17.236623 -82.662645
v 12.921254 19.821422 -82.648177
v 11.749211 22.231329 -82.62706
v 10.317291 24.3195 -82.60126
v 8.734644 25.937984 -82.572745
v 6.9337 27.01101 -82.540297
v 4.888472 27.56434 -82.503448
v 2.770478 27.60728 -82.465288
v 0.751238 27.156342 -82.428907
v -1.245913 26.099733 -82.392924
v -3.27165 24.448542 -82.356425
v -5.115474 22.417007 -82.323205
v -6.566884 20.228628 -82.297054
v -7.590798 17.941089 -82.278606
v -8.292464 15.47977 -82.265964
v -8.671884 12.879923 -82.259128
v -8.729057 10.180068 -82.258098
v -8.436696 7.311334 -82.263366
v -7.803896 4.348104 -82.274767
v -6.885233 1.541913 -82.291319
v -5.73528 -0.861262 -82.312038
v -4.242289 -2.702728 -82.338937
v -2.419256 -4.111633 -82.371783
v -0.507864 -5.379007 -82.406221
v 1.250201 -6.775441 -82.437897
v 2.884824 -8.280285 -82.467348
v 4.493459 -9.810942 -82.496331
v 5.935774 -11.475822 -82.522318
v 7.071434 -13.383335 -82.542779
v 7.818579 -15.861295 -82.556241
v 8.266866 -18.752249 -82.564317
v 8.533239 -21.436706 -82.569117
v 8.734644 -23.295177 -82.572745
v 12.326409 4.871277 -74.756288
v 12.499893 6.800294 -74.758358
v 12.776001 9.702874 -74.761652
v 12.905503 12.917742 -74.763197
v 12.639168 15.775874 -74.760019
v 11.884147 18.193016 -74.751011
v 10.782158 20.444218 -74.737863
v 9.435825 22.392267 -74.7218
v 7.947774 23.898933 -74.704046
v 6.254473 24.89387 -74.683844
v 4.33149 25.402166 -74.6609
v 2.340091 25.433294 -74.637141
v 0.441542 25.003328 -74.614489
v -1.436237 24.007431 -74.592086
v -3.340895 22.456141 -74.569361
v -5.074512 20.550888 -74.548677
v -6.43917 18.50159 -74.532396
v -7.401883 16.361958 -74.520909
v -8.06161 14.06106 -74.513038
v -8.418352 11.631199 -74.508782
v -8.472107 9.107675 -74.508141
v -8.197221 6.42473 -74.51142
v -7.602245 3.651408 -74.518519
v -6.738491 1.023507 -74.528824
v -5.657271 -1.228267 -74.541724
v -4.253517 -2.955152 -74.558473
v -2.539448 -4.278963 -74.578923
v -0.742302 -5.471311 -74.600365
v 0.910682 -6.785079 -74.620087
v 2.447602 -8.200841 -74.638424
v 3.960088 -9.640887 -74.656469
v 5.316195 -11.20721 -74.672649
v 6.383976 -13.001803 -74.685389
v 7.086463 -15.333074 -74.69377
v 7.507955 -18.052891 -74.698799
v 7.758408 -20.578435 -74.701787
v 7.947774 -22.326888 -74.704046
v 11.268114 4.12 -66.859323
v 11.430844 5.931899 -66.860273
v 11.689836 8.660198 -66.861784
v 11.811311 11.684004 -66.862494
v 11.561486 14.375007 -66.861035
v 10.853267 16.653636 -66.856901
v 9.819589 18.777469 -66.850867
v 8.556713 20.617081 -66.843495
v 7.160904 22.042079 -66.835347
v 5.572569 22.985799 -66.826076
v 3.768788 23.471212 -66.815546
v 1.900833 23.50672 -66.804642
v 0.119972 23.107045 -66.794247
v -1.641406 22.173559 -66.783965
v -3.427997 20.716081 -66.773536
v -5.054149 18.923755 -66.764043
v -6.334215 16.993846 -66.756571
v -7.237251 14.977144 -66.7513
v -7.856083 12.807569 -66.747687
v -8.19071 10.516025 -66.745734
v -8.241134 8.136282 -66.74544
v -7.983287 5.607276 -66.746945
v -7.425192 2.994443 -66.750203
v -6.614981 0.519678 -66.754932
v -5.600784 -1.600005 -66.760852
v -4.284048 -3.224612 -66.768539
v -2.676231 -4.468267 -66.777924
v -0.990487 -5.587385 -66.787764
v 0.560031 -6.820467 -66.796815
v 2.00168 -8.149278 -66.805231
v 3.420409 -9.500882 -66.813513
v 4.692452 -10.971007 -66.820938
v 5.694043 -12.655383 -66.826785
v 6.352984 -14.843476 -66.830631
v 6.748349 -17.396252 -66.832939
v 6.983276 -19.766686 -66.83431
v 7.160904 -21.407757 -66.835347
v 10.22175 3.35429 -58.965634
v 10.374198 5.057173 -58.965593
v 10.616828 7.62767 -58.965529
v 10.730627 10.483 -58.965499
v 10.496587 13.032972 -58.965561
v 9.833113 15.201393 -58.965736
v 8.864743 17.227814 -58.965991
v 7.681656 18.988837 -58.966303
v 6.374034 20.360091 -58.966648
v 4.88605 21.277014 -58.967041
v 3.196233 21.759248 -58.967486
v 1.446295 21.81308 -58.967948
v -0.222051 21.451107 -58.968387
v -1.872145 20.580136 -58.968823
v -3.545859 19.209133 -58.969264
v -5.069271 17.515679 -58.969666
v -6.268461 15.685468 -58.969982
v -7.114444 13.767346 -58.970205
v -7.694178 11.70099 -58.970358
v -8.007663 9.517276 -58.97044
v -8.054901 7.249943 -58.970453
v -7.813345 4.843888 -58.970389
v -7.290511 2.362522 -58.970251
v -6.531489 0.015723 -58.970051
v -5.581369 -1.991502 -58.969801
v -4.347824 -3.526742 -58.969475
v -2.841589 -4.69628 -58.969078
v -1.262351 -5.745333 -58.968662
v 0.190205 -6.901213 -58.968279
v 1.54077 -8.14683 -58.967923
v 2.869864 -9.413812 -58.967572
v 4.061539 -10.791895 -58.967258
v 4.99985 -12.370815 -58.967011
v 5.617159 -14.421916 -58.966848
v 5.987545 -16.814867 -58.96675
v 6.207629 -19.036893 -58.966692
v 6.374034 -20.575219 -58.966648
v 9.192202 2.568042 -51.074977
v 9.335036 4.171612 -51.074067
v 9.562362 6.602384 -51.072618
v 9.668984 9.312777 -51.071939
v 9.449705 11.747526 -51.073336
v 8.828077 13.832617 -51.077297
v 7.920782 15.789579 -51.083079
v 6.812314 17.499383 -51.090142
v 5.587164 18.841988 -51.097949
v 4.193028 19.753532 -51.106833
v 2.609789 20.249393 -51.116922
v 0.970221 20.332907 -51.127369
v -0.592901 20.01395 -51.13733
v -2.138923 19.203961 -51.147181
v -3.707075 17.910962 -51.157174
v -5.134404 16.301887 -51.166269
v -6.257961 14.552077 -51.173429
v -7.050587 12.709315 -51.178479
v -7.593756 10.719648 -51.181941
v -7.887471 8.615091 -51.183812
v -7.931729 6.430627 -51.184094
v -7.705408 4.118037 -51.182652
v -7.215549 1.740096 -51.179531
v -6.504399 -0.503415 -51.174999
v -5.614204 -2.417764 -51.169327
v -4.45846 -3.876911 -51.161962
v -3.047224 -4.979381 -51.152969
v -1.567589 -5.96287 -51.143541
v -0.206647 -7.04651 -51.134868
v 1.058737 -8.214277 -51.126805
v 2.304004 -9.402075 -51.11887
v 3.42052 -10.69403 -51.111755
v 4.29965 -12.174271 -51.106153
v 4.878026 -14.097181 -51.102468
v 5.225051 -16.340577 -51.100257
v 5.431254 -18.42373 -51.098943
v 5.587164 -19.865913 -51.097949
v 8.184138 1.755405 -43.186992
v 8.318208 3.270876 -43.185318
v 8.531586 5.581464 -43.182653
v 8.631666 8.171258 -43.181403
v 8.425841 10.516165 -43.183973
v 7.842355 12.543267 -43.19126
v 6.990729 14.45661 -43.201895
v 5.950272 16.139993 -43.214889
v 4.800294 17.476141 -43.22925
v 3.491698 18.400678 -43.245592
v 2.005602 18.924049 -43.264151
v 0.466632 19.046015 -43.28337
v -1.000581 18.773307 -43.301692
v -2.451744 18.021177 -43.319815
v -3.923678 16.796654 -43.338197
v -5.263431 15.257117 -43.354928
v -6.31805 13.568902 -43.368098
v -7.062042 11.779506 -43.377389
v -7.571885 9.841683 -43.383756
v -7.847578 7.789544 -43.387199
v -7.88912 5.660359 -43.387718
v -7.676686 3.413372 -43.385065
v -7.216884 1.111927 -43.379323
v -6.549367 -1.052361 -43.370987
v -5.713792 -2.893254 -43.360552
v -4.628961 -4.289865 -43.347004
v -3.304314 -5.333261 -43.330462
v -1.915465 -6.25697 -43.313118
v -0.638026 -7.274743 -43.297165
v 0.549718 -8.37153 -43.282332
v 1.718579 -9.487129 -43.267735
v 2.766589 -10.700555 -43.254647
v 3.591778 -12.090822 -43.244342
v 4.134666 -13.896852 -43.237563
v 4.460399 -16.003886 -43.233495
v 4.65395 -17.960418 -43.231078
v 4.800294 -19.314941 -43.22925
v 7.201912 0.910905 -35.301208
v 7.328241 2.350933 -35.298857
v 7.529301 4.562331 -35.295115
v 7.623603 7.056753 -35.293359
v 7.429661 9.33698 -35.296969
v 6.87986 11.33021 -35.307202
v 6.077401 13.224031 -35.322137
v 5.097012 14.903629 -35.340384
v 4.013424 16.253029 -35.360551
v 2.780376 17.206294 -35.3835
v 1.380075 17.768502 -35.409562
v -0.070046 17.935407 -35.436551
v -1.452555 17.71032 -35.462282
v -2.819939 17.011464 -35.487731
v -4.206895 15.844865 -35.513545
v -5.469302 14.359611 -35.53704
v -6.463035 12.714505 -35.555535
v -7.164075 10.957447 -35.568583
v -7.644484 9.047985 -35.577524
v -7.90426 7.023094 -35.582359
v -7.943404 4.923182 -35.583087
v -7.743234 2.715227 -35.579362
v -7.309977 0.464177 -35.571298
v -6.680998 -1.644557 -35.559592
v -5.893662 -3.431398 -35.544938
v -4.87146 -4.779377 -35.525913
v -3.623288 -5.772603 -35.502683
v -2.314621 -6.643517 -35.478326
v -1.110931 -7.603118 -35.455924
v 0.008243 -8.637217 -35.435094
v 1.109623 -9.689054 -35.414596
v 2.097129 -10.833126 -35.396216
v 2.874679 -12.143931 -35.381745
v 3.386224 -13.846735 -35.372224
v 3.693152 -15.833341 -35.366512
v 3.875529 -17.678046 -35.363117
v 4.013424 -18.955149 -35.360551
v 6.249474 0.029557 -27.417057
v 6.369244 1.408185 -27.414093
v 6.559863 3.542924 -27.409377
v 6.649268 5.968347 -27.407165
v 6.465397 8.209309 -27.411714
v 5.944146 10.192197 -27.424612
v 5.183355 12.089586 -27.443435
v 4.253875 13.786665 -27.466433
v 3.226554 15.167346 -27.491852
v 2.057535 16.163199 -27.520776
v 0.729947 16.773688 -27.553625
v -0.644875 16.990273 -27.587641
v -1.955594 16.812692 -27.620072
v -3.251974 16.161261 -27.652148
v -4.56691 15.041025 -27.684683
v -5.763764 13.594207 -27.714296
v -6.705896 11.973666 -27.737607
v -7.370533 10.228349 -27.754052
v -7.825996 8.324468 -27.765321
v -8.072283 6.302507 -27.771415
v -8.109394 4.206706 -27.772333
v -7.919618 2.011804 -27.767638
v -7.508859 -0.214719 -27.757474
v -6.912541 -2.29165 -27.74272
v -6.166089 -4.044159 -27.724251
v -5.196966 -5.357926 -27.700272
v -4.013608 -6.310776 -27.670993
v -2.772895 -7.136971 -27.640294
v -1.631709 -8.0473 -27.612058
v -0.570651 -9.028302 -27.585805
v 0.473538 -10.02613 -27.559969
v 1.409766 -11.111458 -27.536804
v 2.14694 -12.354957 -27.518564
v 2.631923 -13.970328 -27.506565
v 2.922913 -15.854928 -27.499365
v 3.09582 -17.604914 -27.495087
v 3.226554 -18.816442 -27.491852
v 5.330286 -0.893026 -19.533888
v 5.444814 0.439567 -19.530351
v 5.627089 2.521829 -19.524722
v 5.712581 4.906112 -19.522082
v 5.536758 7.134072 -19.527512
v 5.038323 9.130376 -19.542904
v 4.310833 11.054354 -19.56537
v 3.422037 12.789807 -19.592817
v 2.439684 14.219132 -19.623153
v 1.321834 15.270522 -19.657673
v 0.052357 15.937702 -19.696876
v -1.262286 16.207646 -19.737474
v -2.515633 16.076433 -19.776178
v -3.755269 15.465561 -19.81446
v -5.012649 14.379128 -19.853289
v -6.157115 12.954068 -19.888631
v -7.058008 11.339021 -19.916452
v -7.693553 9.584589 -19.936078
v -8.129079 7.663385 -19.949528
v -8.364586 5.619964 -19.956801
v -8.400073 3.503019 -19.957896
v -8.218604 1.294906 -19.952293
v -7.825824 -0.933493 -19.940163
v -7.255608 -3.003057 -19.922554
v -6.541829 -4.741696 -19.900512
v -5.615127 -6.036409 -19.871894
v -4.483566 -6.959545 -19.83695
v -3.297161 -7.750061 -19.800313
v -2.205926 -8.621076 -19.766614
v -1.191312 -9.559712 -19.735282
v -0.192828 -10.514449 -19.704448
v 0.70242 -11.552905 -19.676801
v 1.407326 -12.742703 -19.655033
v 1.871081 -14.288313 -19.640712
v 2.149334 -16.091525 -19.632119
v 2.314672 -17.765936 -19.627013
v 2.439684 -18.925143 -19.623153
v 4.447248 -1.860538 -11.650984
v 4.557965 -0.557391 -11.646884
v 4.734176 1.498303 -11.64036
v 4.816824 3.871097 -11.6373
v 4.64685 6.113743 -11.643593
v 4.164998 8.148251 -11.661435
v 3.461711 10.122697 -11.687475
v 2.602485 11.918053 -11.71929
v 1.652814 13.413739 -11.754454
v 0.572155 14.533683 -11.794467
v -0.655088 15.265799 -11.839909
v -1.925994 15.592412 -11.886967
v -3.137643 15.505902 -11.93183
v -4.336037 14.927968 -11.976204
v -5.551584 13.861815 -12.021212
v -6.657974 12.440793 -12.062178
v -7.528896 10.811172 -12.094426
v -8.143297 9.025838 -12.117175
v -8.564333 7.063458 -12.132765
v -8.792005 4.973212 -12.141195
v -8.826311 2.808841 -12.142465
v -8.650879 0.560097 -12.13597
v -8.271167 -1.697858 -12.12191
v -7.719921 -3.785772 -12.101499
v -7.02989 -5.532149 -12.075949
v -6.134018 -6.823907 -12.042778
v -5.040103 -7.728821 -12.002273
v -3.893169 -8.493504 -11.959805
v -2.838239 -9.336058 -11.920744
v -1.857381 -10.244022 -11.884426
v -0.892116 -11.16756 -11.848685
v -0.026653 -12.172083 -11.816639
v 0.654802 -13.323002 -11.791407
v 1.103128 -14.818106 -11.774807
v 1.372124 -16.562394 -11.764847
v 1.531961 -18.18209 -11.758929
v 1.652814 -19.303418 -11.754454
v 3.602628 -2.875896 -3.767583
v 3.711057 -1.584525 -3.762901
v 3.883627 0.4722 -3.755449
v 3.964567 2.865096 -3.751954
v 3.798106 5.151929 -3.759142
v 3.326211 7.25106 -3.779519
v 2.637459 9.301429 -3.80926
v 1.795989 11.179637 -3.845595
v 0.865945 12.760575 -3.885755
v -0.192382 13.962957 -3.931454
v -1.394263 14.768803 -3.983352
v -2.638904 15.155626 -4.037096
v -3.825513 15.112052 -4.088335
v -4.999141 14.558942 -4.139013
v -6.189568 13.498666 -4.190416
v -7.273093 12.062803 -4.237203
v -8.126016 10.397223 -4.274033
v -8.72772 8.557768 -4.300015
v -9.140055 6.52879 -4.31782
v -9.363021 4.364679 -4.327448
v -9.396619 2.124871 -4.328899
v -9.224813 -0.193726 -4.32148
v -8.852948 -2.510737 -4.305423
v -8.313094 -4.644402 -4.282111
v -7.637322 -6.421542 -4.252931
v -6.759965 -7.727498 -4.215046
v -5.688657 -8.626429 -4.168786
v -4.565426 -9.375768 -4.120285
v -3.532297 -10.201415 -4.075673
v -2.571709 -11.091161 -4.034195
v -1.626392 -11.996168 -3.993375
v -0.778815 -12.980534 -3.956776
v -0.111442 -14.108359 -3.927959
v 0.327618 -15.573463 -3.909
v 0.591054 -17.282751 -3.897625
v 0.747589 -18.869947 -3.890865
v 0.865945 -19.968774 -3.885755
v 2.798014 -3.941174 4.117102
v 2.90574 -2.643044 4.122417
v 3.077191 -0.55621 4.130877
v 3.157606 1.890201 4.134845
v 2.992224 4.252603 4.126684
v 2.523389 6.44463 4.103551
v 1.839103 8.598254 4.069787
v 1.003089 10.584059 4.028537
v 0.079075 12.270734 3.982944
v -0.97239 13.570743 3.931063
v -2.166478 14.460093 3.872145
v -3.40305 14.911267 3.81113
v -4.581965 14.909063 3.752961
v -5.747984 14.372404 3.695427
v -6.930692 13.302871 3.637071
v -8.007192 11.832178 3.583954
v -8.854585 10.107868 3.542142
v -9.452387 8.18946 3.512646
v -9.862049 6.066647 3.492432
v -10.08357 3.799684 3.481502
v -10.11695 1.454415 3.479855
v -9.946257 -0.965299 3.488277
v -9.576803 -3.372844 3.506507
v -9.04045 -5.58144 3.532972
v -8.36906 -7.413809 3.566099
v -7.497391 -8.752127 3.609109
v -6.433029 -9.657926 3.661626
v -5.31708 -10.402864 3.716689
v -4.29065 -11.223661 3.767335
v -3.33629 -12.10818 3.814425
v -2.397103 -13.007871 3.860766
v -1.55502 -13.986455 3.902315
v -0.891975 -15.107655 3.935031
v -0.455761 -16.564152 3.956555
v -0.194033 -18.263399 3.969469
v -0.038513 -19.841272 3.977142
v 0.079075 -20.933645 3.982944
v 2.034271 -5.057543 12.003857
v 2.142913 -3.733565 12.009887
v 2.315823 -1.586496 12.019486
v 2.396922 0.948212 12.023988
v 2.230133 3.419066 12.014729
v 1.75731 5.733832 11.988482
v 1.067203 8.019679 11.950174
v 0.224079 10.139427 11.903372
v -0.707795 11.953794 11.851644
v -1.768204 13.36788 11.79278
v -2.972448 14.351494 11.725932
v -4.219538 14.871831 11.656705
v -5.408481 14.909749 11.590707
v -6.584417 14.381081 11.52543
v -7.777185 13.286671 11.459219
v -8.862842 11.760318 11.398954
v -9.717442 9.953381 11.351515
v -10.320329 7.929833 11.318048
v -10.733476 5.684399 11.295114
v -10.956881 3.28392 11.282713
v -10.990544 0.801439 11.280844
v -10.8184 -1.752376 11.2904
v -10.445803 -4.28357 11.311083
v -9.904888 -6.597714 11.34111
v -9.227787 -8.510918 11.378696
v -8.348704 -9.900533 11.427494
v -7.275289 -10.82646 11.48708
v -6.149848 -11.578195 11.549553
v -5.114688 -12.406482 11.607015
v -4.15221 -13.299072 11.660443
v -3.205034 -14.206972 11.713021
v -2.355789 -15.194486 11.760163
v -1.687105 -16.325916 11.797282
v -1.247181 -17.795704 11.821702
v -0.983226 -19.510456 11.836354
v -0.826384 -21.102726 11.845061
v -0.707795 -22.205067 11.851644
v 1.311513 -6.225243 19.893446
v 1.422695 -4.856157 19.900305
v 1.599648 -2.618358 19.91122
v 1.682643 0.039956 19.91634
v 1.511954 2.652782 19.905811
v 1.028077 5.120841 19.875962
v 0.321834 7.568639 19.832396
v -0.541003 9.849443 19.779171
v -1.494665 11.814186 19.720343
v -2.579867 13.359441 19.6534
v -3.812268 14.44861 19.577378
v -5.088515 15.043309 19.49865
v -6.305257 15.120316 19.423594
v -7.508687 14.591214 19.349358
v -8.729344 13.456148 19.27406
v -9.840383 11.852972 19.205524
v -10.714965 9.939028 19.151574
v -11.331949 7.783544 19.113514
v -11.754755 5.385994 19.087433
v -11.983383 2.820565 19.073329
v -12.017834 0.168329 19.071204
v -11.841665 -2.553348 19.082072
v -11.460356 -5.242027 19.105593
v -10.906794 -7.692952 19.139741
v -10.213862 -9.713073 19.182485
v -9.314225 -11.173228 19.237981
v -8.215713 -12.132668 19.305744
v -7.063958 -12.902452 19.376792
v -6.004595 -13.750625 19.442141
v -5.019613 -14.664646 19.502901
v -4.050292 -15.594344 19.562695
v -3.181191 -16.605567 19.616307
v -2.496872 -17.764163 19.65852
v -2.046662 -19.269239 19.686292
v -1.776536 -21.025162 19.702955
v -1.616026 -22.655662 19.712856
v -1.494665 -23.784469 19.720343
v 0.629094 -7.443557 27.786587
v 0.744414 -6.010413 27.794414
v 0.927953 -3.651929 27.806871
v 1.014037 -0.835376 27.812714
v 0.836996 1.952234 27.800698
v 0.335107 4.603427 27.766634
v -0.397423 7.242176 27.716917
v -1.292376 9.710449 27.656176
v -2.281535 11.84762 27.589042
v -3.40713 13.540615 27.512647
v -4.685403 14.746232 27.42589
v -6.009154 15.420235 27.336047
v -7.271184 15.535203 27.250392
v -8.519409 14.997322 27.165675
v -9.7855 13.806084 27.079745
v -10.937895 12.105335 27.001531
v -11.84503 10.06053 26.939964
v -12.484978 7.746932 26.89653
v -12.923522 5.16847 26.866766
v -13.16066 2.407409 26.850671
v -13.196393 -0.446348 26.848246
v -13.013667 -3.368866 26.860648
v -12.618165 -6.248108 26.887491
v -12.043998 -8.866377 26.926459
v -11.325275 -11.018953 26.97524
v -10.392152 -12.568513 27.038571
v -9.252751 -13.574632 27.115903
v -8.058126 -14.373559 27.196982
v -6.959331 -15.253844 27.271558
v -5.937688 -16.202468 27.340897
v -4.932286 -17.167364 27.409134
v -4.030836 -18.216871 27.470316
v -3.321045 -19.41933 27.51849
v -2.854078 -20.981387 27.550183
v -2.573897 -22.803788 27.569199
v -2.407413 -24.496016 27.580498
v -2.281535 -25.667559 27.589042
v -0.014392 -8.710819 35.683927
v 0.106609 -7.19551 35.692888
v 0.299189 -4.688026 35.707151
v 0.389515 -1.680783 35.713841
v 0.203752 1.311968 35.700083
v -0.322861 4.173528 35.661081
v -1.091477 7.029495 35.604156
v -2.030518 9.708948 35.534609
v -3.068405 12.038099 35.457741
v -4.249449 13.893243 35.370271
v -5.590692 15.224479 35.270936
v -6.979655 15.981538 35.168067
v -8.303855 16.132742 35.069994
v -9.61357 15.577808 34.972994
v -10.942032 14.315633 34.874606
v -12.151196 12.497912 34.785053
v -13.103018 10.300234 34.714559
v -13.774492 7.804593 34.664829
v -14.234639 5.019002 34.630749
v -14.483459 2.034423 34.612321
v -14.520953 -1.049745 34.609544
v -14.329225 -4.203225 34.623744
v -13.91424 -7.303413 34.654479
v -13.311789 -10.117231 34.699097
v -12.557659 -12.425947 34.754949
v -11.578568 -14.082536 34.827463
v -10.383038 -15.14788 34.916006
v -9.129564 -15.98668 35.00884
v -7.97664 -16.910897 35.094228
v -6.904668 -17.906865 35.17362
v -5.849738 -18.919916 35.25175
v -4.90388 -20.021802 35.321802
v -4.159124 -21.284272 35.37696
v -3.669152 -22.924288 35.413248
v -3.37517 -24.837639 35.435021
v -3.200484 -26.614323 35.447959
v -3.068405 -27.844335 35.457741
v -0.62109 -10.024428 43.586018
v -0.49295 -8.41027 43.596303
v -0.289009 -5.728316 43.612671
v -0.193355 -2.501813 43.620349
v -0.390077 0.721984 43.60456
v -0.947757 3.816343 43.5598
v -1.761718 6.910722 43.494471
v -2.756157 9.820023 43.414656
v -3.855275 12.355999 43.32644
v -5.105995 14.383597 43.226056
v -6.526365 15.846324 43.112056
v -7.997269 16.687868 42.994
v -9.399591 16.872359 42.881448
v -10.786573 16.292118 42.770128
v -12.193407 14.945518 42.657214
v -13.473906 12.993837 42.55444
v -14.481881 10.62463 42.473539
v -15.192969 7.927147 42.416467
v -15.680262 4.912978 42.377356
v -15.943762 1.68216 42.356208
v -15.983467 -1.65599 42.353021
v -15.780428 -5.065294 42.369317
v -15.340962 -8.411876 42.404589
v -14.702968 -11.44516 42.455795
v -13.904348 -13.930348 42.519893
v -12.867496 -15.709379 42.603111
v -11.601436 -16.845439 42.704726
v -10.274012 -17.734271 42.811267
v -9.053072 -18.713614 42.90926
v -7.917858 -19.768989 43.000373
v -6.800693 -20.842465 43.090038
v -5.799034 -22.010075 43.170432
v -5.010341 -23.347847 43.233733
v -4.491464 -25.085685 43.275379
v -4.180137 -27.113161 43.300366
v -3.995146 -28.995818 43.315214
v -3.855275 -30.299196 43.32644
v -1.193853 -11.380892 51.493304
v -1.05723 -9.653188 51.505118
v -0.839788 -6.775373 51.523919
v -0.737801 -3.306646 51.532738
v -0.947547 0.167601 51.514602
v -1.542146 3.510122 51.463188
v -2.409992 6.856615 51.388148
v -3.470265 10.006962 51.296469
v -4.642145 12.757611 51.195139
v -5.975664 14.961838 51.079833
v -7.490064 16.556975 50.948886
v -9.058344 17.480918 50.813281
v -10.553502 17.693873 50.683999
v -12.032303 17.080017 50.55613
v -13.532271 15.637312 50.426432
v -14.89754 13.538174 50.30838
v -15.972245 10.98369 50.215453
v -16.730407 8.070647 50.149897
v -17.24996 4.813472 50.104972
v -17.530904 1.321314 50.08068
v -17.573238 -2.28655 50.077019
v -17.356757 -5.968803 50.095738
v -16.888198 -9.579985 50.136253
v -16.207968 -12.850378 50.195071
v -15.356479 -15.527482 50.268697
v -14.250986 -17.441159 50.364286
v -12.901111 -18.65794 50.481007
v -11.48581 -19.606197 50.603384
v -10.184042 -20.651017 50.715945
v -8.973676 -21.776951 50.820602
v -7.782553 -22.922198 50.923596
v -6.714583 -24.167871 51.01594
v -5.873677 -25.595084 51.088651
v -5.32045 -27.449109 51.136488
v -4.988513 -29.612138 51.165189
v -4.791276 -31.620665 51.182244
v -4.642145 -33.011184 51.195139
v -1.736194 -12.775879 59.406096
v -1.589883 -10.922453 59.419656
v -1.357021 -7.83259 59.441238
v -1.247802 -4.105867 59.451361
v -1.472421 -0.370144 59.430542
v -2.109186 3.226761 59.371526
v -3.038573 6.829373 59.285389
v -4.174033 10.222281 59.180152
v -5.429015 13.186362 59.063838
v -6.857098 15.563426 58.931481
v -8.478889 17.285436 58.78117
v -10.15838 18.285101 58.625512
v -11.759564 18.519218 58.477111
v -13.343232 17.863327 58.330334
v -14.949567 16.315134 58.181456
v -16.411652 14.059525 58.045947
v -17.562567 11.312344 57.939278
v -18.374493 8.177883 57.864027
v -18.930889 4.672356 57.812459
v -19.231755 0.913615 57.784574
v -19.277091 -2.969553 57.780373
v -19.045259 -6.931875 57.801859
v -18.543473 -10.816515 57.848366
v -17.815006 -14.333573 57.915881
v -16.903135 -17.211739 58.000395
v -15.719248 -19.268148 58.11012
v -14.273649 -20.573767 58.244101
v -12.757985 -21.589893 58.384575
v -11.363905 -22.709494 58.513781
v -10.067708 -23.916014 58.633915
v -8.792119 -25.143229 58.752139
v -7.648416 -26.478059 58.85814
v -6.747879 -28.007422 58.941603
v -6.155421 -29.994144 58.996513
v -5.799945 -32.311988 59.02946
v -5.588721 -34.464271 59.049036
v -5.429015 -35.954313 59.063838
v -2.252225 -14.204296 67.324558
v -2.095183 -12.215934 67.34009
v -1.845242 -8.903952 67.36481
v -1.728014 -4.911915 67.376405
v -1.969107 -0.913534 67.35256
v -2.652573 2.933238 67.284962
v -3.650123 6.784579 67.186301
v -4.86886 10.410179 67.065763
v -6.215885 13.575779 66.932537
v -7.748706 16.112521 66.780935
v -9.489443 17.948283 66.60877
v -11.292111 19.011597 66.430479
v -13.010729 19.256664 66.260501
v -14.710546 18.550188 66.092383
v -16.434694 16.889824 65.921858
v -18.004011 14.474 65.766646
v -19.239337 11.534141 65.644468
v -20.110811 8.181637 65.558276
v -20.708014 4.433085 65.49921
v -21.030946 0.414103 65.467271
v -21.079607 -3.738041 65.462458
v -20.830772 -7.975799 65.487069
v -20.292184 -12.131768 65.540337
v -19.51029 -15.895539 65.617669
v -18.53154 -18.976518 65.714472
v -17.260825 -21.178901 65.84015
v -15.709203 -22.579256 65.993612
v -14.082377 -23.67058 66.154511
v -12.586051 -24.873035 66.302503
v -11.194789 -26.168843 66.440104
v -9.825646 -27.486877 66.575518
v -8.598062 -28.920488 66.696931
v -7.631477 -30.56303 66.79253
v -6.995566 -32.696778 66.855424
v -6.61402 -35.18615 66.89316
v -6.387304 -37.49771 66.915583
v -6.215885 -39.098021 66.932537
v -2.746584 -15.660375 75.248702
v -2.577953 -13.531143 75.266431
v -2.309567 -9.993681 75.294648
v -2.183687 -5.738239 75.307882
v -2.442572 -1.486715 75.280664
v -3.176476 2.593786 75.203506
v -4.247644 6.674149 75.090891
v -5.556322 10.510297 74.953305
v -7.002755 13.853997 74.801236
v -8.648695 16.527189 74.628193
v -10.517895 18.455449 74.431677
v -12.453598 19.564568 74.22817
v -14.299046 19.80729 74.034152
v -16.124307 19.041597 73.842256
v -17.975693 17.265357 73.647613
v -19.660823 14.69132 73.470449
v -20.987314 11.566874 73.330991
v -21.923101 8.009697 73.232608
v -22.564377 4.034995 73.165188
v -22.911141 -0.225361 73.128732
v -22.963393 -4.627263 73.123238
v -22.696195 -9.123099 73.15133
v -22.117859 -13.536361 73.212132
v -21.278263 -17.536577 73.300402
v -20.227283 -20.814076 73.410895
v -18.862791 -23.160399 73.554349
v -17.196662 -24.65894 73.729515
v -15.44978 -25.831524 73.913171
v -13.843028 -27.123515 74.082094
v -12.349093 -28.515809 74.239157
v -10.87891 -29.931984 74.393723
v -9.560732 -31.472344 74.532307
v -8.522815 -33.23719 74.641427
v -7.839976 -35.529818 74.713216
v -7.430272 -38.20455 74.75629
v -7.186824 -40.688231 74.781884
v -7.002755 -42.407702 74.801236
v -3.224351 -17.137779 83.178374
v -3.043473 -14.865187 83.198518
v -2.755596 -11.105789 83.230579
v -2.620574 -6.598239 83.245617
v -2.89826 -2.113846 83.214691
v -3.685464 2.172641 83.127019
v -4.834425 6.450073 82.999058
v -6.238145 10.462446 82.842725
v -7.789624 13.949471 82.669935
v -9.555101 16.725987 82.473313
v -11.560051 18.717528 82.25002
v -13.636333 19.84901 82.018782
v -15.615807 20.07316 81.798327
v -17.573626 19.239678 81.580283
v -19.559469 17.346957 81.359118
v -21.366981 14.622538 81.157814
v -22.789808 11.329705 80.999352
v -23.793556 7.591214 80.887564
v -24.481404 3.418744 80.810958
v -24.853352 -1.051636 80.769533
v -24.909399 -5.671236 80.763291
v -24.622795 -10.395087 80.795211
v -24.002458 -15.039679 80.864298
v -23.101887 -19.255706 80.964596
v -21.97458 -22.715327 81.090145
v -20.510992 -25.198199 81.253146
v -18.723861 -26.795819 81.45218
v -16.850112 -28.054338 81.660861
v -15.126671 -29.441015 81.852802
v -13.524239 -30.935346 82.031266
v -11.947284 -32.455308 82.206893
v -10.533374 -34.108555 82.364362
v -9.420079 -36.002741 82.48835
v -8.687648 -38.463388 82.569922
v -8.24819 -41.334143 82.618865
v -7.987062 -43.999844 82.647947
v -7.789624 -45.84533 82.669935
v -3.690955 -18.629716 91.113252
v -3.497387 -16.214713 91.136018
v -3.189314 -12.243576 91.172253
v -3.04482 -7.504079 91.189247
v -3.341987 -2.81705 91.154296
v -4.184416 1.637109 91.055213
v -5.41398 6.068566 90.910596
v -6.916174 10.211894 90.733914
v -8.576494 13.797328 90.538634
v -10.465824 16.635282 90.316419
v -12.611427 18.653918 90.064062
v -14.833366 19.779499 89.802727
v -16.951705 19.966435 89.553576
v -19.046871 19.056886 89.307152
v -21.172027 17.050128 89.057199
v -23.10634 14.188647 88.829693
v -24.628982 10.751102 88.650606
v -25.703147 6.863771 88.524268
v -26.439249 2.532383 88.43769
v -26.83729 -2.105343 88.390874
v -26.897269 -6.898912 88.38382
v -26.590559 -11.809127 88.419894
v -25.926704 -16.648147 88.497974
v -24.962955 -21.049792 88.611326
v -23.756564 -24.669609 88.753217
v -22.190302 -27.276612 88.937434
v -20.277798 -28.971678 89.162375
v -18.2726 -30.319317 89.398218
v -16.428255 -31.80419 89.615142
v -14.713408 -33.40434 89.816836
v -13.025825 -35.031936 90.015322
v -11.512726 -36.802256 90.193287
v -10.32133 -38.830576 90.333414
v -9.537517 -41.465471 90.425603
v -9.067229 -44.539515 90.480916
v -8.787783 -47.393984 90.513784
v -8.576494 -49.370155 90.538634
v -4.15207 -20.129066 99.05285
v -3.945596 -17.575859 99.078425
v -3.616982 -13.409132 99.11913
v -3.462853 -8.465508 99.138222
v -3.779835 -3.614359 99.098958
v -4.678434 0.960622 98.98765
v -5.989982 5.494227 98.82519
v -7.592338 9.714634 98.626708
v -9.363364 13.345719 98.407334
v -11.37867 16.196577 98.1577
v -13.667335 18.200954 97.874206
v -16.037427 19.288929 97.580626
v -18.297012 19.418473 97.300734
v -20.531878 18.425209 97.023904
v -22.798733 16.309679 96.743112
v -24.862021 13.329155 96.487535
v -26.486189 9.776755 96.286352
v -27.631976 5.780441 96.144425
v -28.41716 1.337394 96.047165
v -28.84174 -3.415919 95.994573
v -28.905718 -8.330371 95.986648
v -28.578558 -13.375932 96.027173
v -27.870439 -18.36353 96.114887
v -26.84243 -22.912695 96.242225
v -25.555601 -26.664484 96.401623
v -23.884904 -29.378893 96.60857
v -21.84488 -31.16742 96.861265
v -19.705981 -32.605804 97.126207
v -17.738659 -34.190663 97.369897
v -15.909471 -35.898561 97.596476
v -14.109365 -37.635755 97.819453
v -12.495375 -39.525282 98.019375
v -11.224541 -41.690182 98.176792
v -10.388465 -44.502501 98.280356
v -9.88682 -47.783541 98.342494
v -9.588741 -50.83022 98.379416
v -9.363364 -52.93946 98.407334
v -4.613514 -21.628514 106.996522
v -4.394146 -18.944223 107.025068
v -4.045011 -14.602903 107.0705
v -3.881258 -9.488802 107.091809
v -4.218034 -4.517882 107.047985
v -5.172747 0.125469 106.923749
v -6.566196 4.703746 106.742421
v -8.268614 8.942086 106.520886
v -10.150234 12.561469 106.276033
v -12.291388 15.373022 105.997406
v -14.722972 17.31913 105.680986
v -17.241068 18.336264 105.353308
v -19.641755 18.387897 105.040909
v -22.01618 17.304314 104.731927
v -24.424592 15.087709 104.418522
v -26.616725 12.009691 104.133261
v -28.342316 8.376579 103.908712
v -29.559653 4.316021 103.750301
v -30.393869 -0.18597 103.641745
v -30.844963 -4.997263 103.583044
v -30.912936 -9.973469 103.574199
v -30.565346 -15.097185 103.619431
v -29.813007 -20.181457 103.717332
v -28.720803 -24.834557 103.85946
v -27.353616 -28.685599 104.03737
v -25.57859 -31.487474 104.268353
v -23.411174 -33.363424 104.550397
v -21.138709 -34.892575 104.846111
v -19.048535 -36.577445 105.118104
v -17.105121 -38.393117 105.370999
v -15.192605 -40.239933 105.619873
v -13.477828 -42.248695 105.843016
v -12.127634 -44.550208 106.018715
v -11.239349 -47.539994 106.134307
v -10.706378 -51.028078 106.203662
v -10.389685 -54.267013 106.244873
v -10.150234 -56.509352 106.276033
v -5.081134 -23.120687 114.943471
v -4.849117 -20.314872 114.975118
v -4.479851 -15.823368 115.025485
v -4.306655 -10.57597 115.049108
v -4.66285 -5.532407 115.000524
v -5.672613 -0.875117 114.862795
v -7.146409 3.688718 114.661773
v -8.946989 7.884665 114.416178
v -10.937104 11.434362 114.144732
v -13.201718 14.15434 113.835844
v -15.773508 15.998566 113.485058
v -18.436799 16.912399 113.121793
v -20.975911 16.866691 112.775464
v -23.487246 15.687698 112.432924
v -26.034528 13.379627 112.085482
v -28.353061 10.227714 111.76924
v -30.17815 6.549968 111.520302
v -31.465679 2.4717 111.344686
v -32.347996 -2.034701 111.224341
v -32.825101 -6.844493 111.159265
v -32.896994 -11.821361 111.149459
v -32.529362 -16.963818 111.199603
v -31.733642 -22.090381 111.308137
v -30.578461 -26.801343 111.465701
v -29.132441 -30.716674 111.662934
v -27.255067 -33.584227 111.919003
v -24.962676 -35.539919 112.231679
v -22.55918 -37.158242 112.55951
v -20.348485 -38.941364 112.861043
v -18.293014 -40.862917 113.141404
v -16.27022 -42.81743 113.417308
v -14.456569 -44.943334 113.664686
v -13.028522 -47.379059 113.859468
v -12.089018 -50.543194 113.987614
v -11.525315 -54.234685 114.064501
v -11.190362 -57.662499 114.110188
v -10.937104 -60.0356 114.144732
v -5.560697 -24.598298 122.892767
v -5.316505 -21.682384 122.927607
v -4.927861 -17.066891 122.983056
v -4.745576 -11.724305 123.009063
v -5.120463 -6.654612 122.955577
v -6.183215 -2.035801 122.80395
v -7.734353 2.457222 122.582644
v -9.629423 6.553762 122.312268
v -11.723974 9.979518 122.013431
v -14.107429 12.559546 121.673375
v -16.81418 14.262002 121.287193
v -19.617233 15.043361 120.887272
v -22.289592 14.883511 120.505997
v -24.932716 13.606012 120.128894
v -27.613672 11.217388 119.746392
v -30.053876 8.015572 119.39824
v -31.974741 4.328593 119.124184
v -33.329837 0.277536 118.930847
v -34.258455 -4.18094 118.798358
v -34.760597 -8.932267 118.726716
v -34.836263 -13.851249 118.71592
v -34.449338 -18.955165 118.771124
v -33.611862 -24.071121 118.89061
v -32.396059 -28.794721 119.064073
v -30.874156 -32.73964 119.281208
v -28.898262 -35.650767 119.563116
v -26.485573 -37.677352 119.907342
v -23.955946 -39.381655 120.268253
v -21.629241 -41.259513 120.600212
v -19.465903 -43.283156 120.908863
v -17.336958 -45.341511 121.212607
v -15.428131 -47.580361 121.484946
v -13.925144 -50.145494 121.699382
v -12.936337 -53.477737 121.840459
v -12.343053 -57.365354 121.925105
v -11.990522 -60.975284 121.975401
v -11.723974 -63.474467 122.013431
v -6.057781 -26.054277 130.84336
v -5.802108 -23.040948 130.881445
v -5.39519 -18.327749 130.942058
v -5.204335 -12.926371 130.970487
v -5.596848 -7.873011 130.91202
v -6.709569 -3.339059 130.746272
v -8.333638 1.033914 130.504355
v -10.317811 4.981851 130.208798
v -12.510844 8.237482 129.88213
v -15.006364 10.637024 129.510404
v -17.840382 12.164858 129.088256
v -20.775229 12.79034 128.65109
v -23.573237 12.503693 128.234306
v -26.340636 11.127034 127.822082
v -29.147646 8.669437 127.403957
v -31.702583 5.440412 127.023381
v -33.713764 1.776289 126.723801
v -35.132573 -2.207687 126.512459
v -36.104854 -6.572138 126.367631
v -36.630606 -11.214957 126.289316
v -36.709828 -16.024571 126.277515
v -36.304711 -21.039188 126.337861
v -35.427858 -26.09712 126.468474
v -34.154891 -30.792346 126.658092
v -32.561431 -34.734952 126.895449
v -30.492634 -37.668799 127.203612
v -27.966505 -39.756767 127.579897
v -25.31794 -41.542309 127.97442
v -22.881837 -43.509678 128.337295
v -20.616783 -45.629782 128.674691
v -18.38774 -47.786252 129.006723
v -16.389163 -50.131821 129.304426
v -14.815509 -52.819226 129.538833
v -13.78021 -56.310306 129.693049
v -13.159031 -60.383233 129.785578
v -12.789924 -64.165237 129.840559
v -12.510844 -66.783547 129.88213
v -6.577667 -27.481915 138.794108
v -6.311415 -24.384505 138.835444
v -5.887662 -19.598381 138.901231
v -5.688911 -14.170429 138.932087
v -6.097664 -9.168669 138.868628
v -7.256422 -4.756257 138.688733
v -8.947683 -0.541459 138.426166
v -11.013948 3.220568 138.105381
v -13.297714 6.271895 137.750829
v -15.896482 8.461801 137.347373
v -18.847752 9.792165 136.889192
v -21.904024 10.246356 136.414709
v -24.817794 9.82574 135.96235
v -27.699689 8.352088 135.514939
v -30.622835 5.837145 135.061124
v -33.283478 2.600741 134.648062
v -35.377868 -1.014164 134.322911
v -36.855378 -4.899364 134.093529
v -37.867885 -9.133591 133.936338
v -38.415389 -13.628789 133.851339
v -38.497889 -18.288732 133.838531
v -38.076012 -23.173806 133.904027
v -37.16288 -28.135423 134.045789
v -35.837246 -32.768562 134.251593
v -34.177859 -36.682091 134.50921
v -32.023469 -39.620495 134.843677
v -29.392826 -41.760168 135.252081
v -26.634682 -43.620737 135.68028
v -24.097789 -45.670772 136.07413
v -21.739023 -47.879961 136.440325
v -19.417756 -50.127042 136.800699
v -17.336492 -52.57117 137.123813
v -15.697731 -55.371496 137.378229
v -14.619598 -59.009268 137.545608
v -13.972719 -63.253334 137.646035
v -13.588341 -67.194254 137.705709
v -13.297714 -69.922582 137.750829
v -7.125236 -28.87499 146.743798
v -6.849503 -25.70694 146.788343
v -6.41066 -20.86982 146.859237
v -6.204831 -15.441303 146.892488
v -6.62814 -10.516654 146.824103
v -7.828161 -6.249832 146.630242
v -9.579649 -2.217036 146.347292
v -11.719493 1.336905 146.001604
v -14.084584 4.164852 145.619528
v -16.775894 6.130153 145.184752
v -19.832259 7.252529 144.691001
v -22.997365 7.529729 144.179684
v -26.014894 6.97448 143.692207
v -28.999414 5.409073 143.210064
v -32.026653 2.84792 142.721018
v -34.782042 -0.380185 142.27589
v -36.951013 -3.927191 141.925497
v -38.481137 -7.692606 141.678308
v -39.5297 -11.773254 141.508914
v -40.0967 -16.095845 141.417317
v -40.182138 -20.580286 141.403514
v -39.745237 -25.309291 141.474095
v -38.799589 -30.148369 141.626862
v -37.426749 -34.695498 141.848642
v -35.708272 -38.560218 142.126259
v -33.477164 -41.488901 142.486691
v -30.752843 -43.670864 142.9268
v -27.896482 -45.598883 143.38824
v -25.26925 -47.723237 143.812665
v -22.826488 -50.012514 144.207289
v -20.422561 -52.341058 144.595639
v -18.267183 -54.873791 144.943837
v -16.570065 -57.775636 145.218003
v -15.45354 -61.545285 145.398376
v -14.783625 -65.94321 145.506599
v -14.38556 -70.026997 145.570906
v -14.084584 -72.854234 145.619528
v -7.704877 -30.227884 154.691176
v -7.420934 -27.002307 154.738837
v -6.969024 -22.132287 154.814693
v -6.757066 -16.721596 154.850271
v -7.192979 -11.888116 154.777101
v -8.428734 -7.776401 154.569673
v -10.232375 -3.933098 154.266922
v -12.435938 -0.592232 153.897042
v -14.871454 2.010324 153.488227
v -17.642903 3.751967 153.023024
v -20.790278 4.669593 152.49472
v -24.04963 4.774851 151.94762
v -27.157013 4.091403 151.426029
v -30.230402 2.442644 150.910144
v -33.347783 -0.154488 150.386875
v -36.185219 -3.363647 149.910596
v -38.418775 -6.833048 149.535681
v -39.994462 -10.469986 149.271193
v -41.074248 -14.388442 149.089945
v -41.658132 -18.529635 148.991937
v -41.746114 -22.829334 148.977169
v -41.296204 -27.391547 149.052689
v -40.322397 -32.095854 149.216148
v -38.908678 -36.544494 149.453448
v -37.13903 -40.348976 149.750493
v -34.841486 -43.258354 150.136148
v -32.036043 -45.473792 150.607057
v -29.094628 -47.460454 151.10079
v -26.389165 -49.649423 151.554916
v -23.873665 -52.00833 151.977157
v -21.398157 -54.4077 152.392684
v -19.178598 -57.017469 152.765249
v -17.430945 -60.007577 153.058603
v -16.281174 -63.891884 153.251598
v -15.591311 -68.423577 153.367395
v -15.181392 -72.631577 153.436202
v -14.871454 -75.544807 153.488227
v -8.320405 -31.5357 162.634975
v -8.029672 -28.265077 162.685612
v -7.566958 -23.375902 162.766203
v -7.349932 -17.993172 162.804003
v -7.796268 -13.252804 162.726264
v -9.061567 -9.290517 162.505886
v -10.908331 -5.627195 162.184235
v -13.164578 -2.486564 161.791263
v -15.658324 -0.093786 161.356926
v -18.496034 1.441531 160.862681
v -21.718658 2.171753 160.301395
v -25.055937 2.121089 159.720139
v -28.237613 1.32305 159.165985
v -31.384483 -0.397584 158.617893
v -34.576395 -3.021622 158.061956
v -37.481671 -6.206616 157.555943
v -39.768628 -9.598167 157.157623
v -41.381988 -13.110826 156.876623
v -42.487589 -16.873858 156.68406
v -43.085433 -20.841751 156.579933
v -43.175519 -24.964775 156.564243
v -42.714852 -29.365992 156.644477
v -41.717763 -33.93799 156.818141
v -40.270244 -38.287731 157.070256
v -38.458286 -42.029358 157.385846
v -36.105811 -44.914901 157.795577
v -33.233294 -47.155811 158.295885
v -30.221554 -49.191234 158.820441
v -27.451407 -51.43393 159.302919
v -24.875765 -53.850736 159.75152
v -22.341071 -56.308997 160.192989
v -20.068445 -58.982821 160.588813
v -18.279009 -62.04632 160.90048
v -17.101748 -66.025966 161.105524
v -16.395391 -70.668886 161.228551
v -15.975672 -74.98017 161.301653
v -15.658324 -77.964904 161.356926
v -8.97498 -32.794347 170.573949
v -8.679006 -29.490386 170.627371
v -8.207949 -24.591442 170.712393
v -7.987011 -19.238741 170.752271
v -8.441393 -14.58177 170.670258
v -9.729505 -10.748731 170.437763
v -11.609564 -7.239685 170.098424
v -13.906488 -4.269516 169.683845
v -16.445193 -2.054191 169.225625
v -19.334065 -0.692378 168.704203
v -22.61479 -0.118913 168.112054
v -26.012236 -0.29917 167.498837
v -29.251274 -1.191492 166.914212
v -32.454878 -2.969727 166.335983
v -35.704338 -5.612833 165.749477
v -38.661992 -8.773723 165.21564
v -40.990181 -12.096266 164.795417
v -42.632628 -15.501156 164.498967
v -43.758162 -19.130205 164.295815
v -44.366784 -22.948994 164.185963
v -44.458495 -26.919911 164.16941
v -43.989522 -31.181709 164.254056
v -42.974457 -35.637926 164.437269
v -41.50084 -39.89995 164.703247
v -39.656214 -43.584598 165.03619
v -37.261327 -46.446686 165.468451
v -34.337022 -48.705955 165.996269
v -31.270983 -50.779362 166.549668
v -28.450894 -53.063911 167.058676
v -25.828816 -55.525818 167.531944
v -23.248424 -58.029954 167.997687
v -20.934825 -60.753676 168.415276
v -19.113127 -63.874345 168.744081
v -17.914641 -67.928257 168.9604
v -17.19555 -72.657822 169.090191
v -16.768264 -77.049561 169.167313
v -16.445193 -80.089995 169.225625
v -9.671053 -34.00063 178.506904
v -9.371482 -30.674273 178.562871
v -8.8947 -25.771066 178.651945
v -8.671076 -20.44341 178.693723
v -9.130981 -15.850023 178.607802
v -10.434749 -12.113546 178.364227
v -12.33766 -8.719137 178.008717
v -14.662501 -5.8751 177.574381
v -17.232063 -3.790569 177.094324
v -20.156048 -2.556168 176.548054
v -23.476647 -2.097431 175.927685
v -26.915388 -2.372155 175.285246
v -30.193795 -3.332758 174.67276
v -33.436337 -5.151986 174.066975
v -36.725292 -7.807461 173.452519
v -39.718895 -10.948911 172.893241
v -42.075382 -14.219152 172.452993
v -43.737791 -17.543406 172.142414
v -44.877006 -21.072558 171.929582
v -45.493026 -24.780302 171.814494
v -45.585851 -28.637896 171.797152
v -45.111178 -32.795459 171.885833
v -44.083775 -37.164578 172.077776
v -42.592248 -41.360096 172.35643
v -40.725201 -45.001007 172.705239
v -38.301206 -47.844305 173.1581
v -35.341357 -50.115649 173.711071
v -32.238052 -52.215563 174.290843
v -29.383686 -54.529317 174.824108
v -26.729738 -57.022697 175.319929
v -24.117983 -59.558845 175.807868
v -21.776264 -62.317387 176.245358
v -19.932424 -65.47795 176.589832
v -18.719371 -69.583687 176.816459
v -17.99154 -74.373714 176.952436
v -17.55906 -78.821596 177.033233
v -17.232063 -81.900899 177.094324
v -10.410318 -35.152306 186.432725
v -10.10886 -31.813879 186.490955
v -9.629076 -26.908959 186.583632
v -9.404044 -21.596042 186.627099
v -9.866845 -17.038845 186.537703
v -11.178822 -13.356885 186.284278
v -13.093713 -10.027055 185.914393
v -15.433193 -7.253951 185.462492
v -18.018933 -5.242856 184.963023
v -20.961327 -4.079882 184.394662
v -24.302834 -3.685374 183.749208
v -27.763226 -4.012892 183.080789
v -31.062274 -5.011552 182.443535
v -34.325232 -6.853457 181.813253
v -37.634895 -9.515486 181.17395
v -40.647346 -12.645633 180.592056
v -43.01867 -15.886174 180.134005
v -44.691546 -19.164874 179.810867
v -45.837933 -22.637672 179.589428
v -46.457832 -26.282804 179.469687
v -46.551241 -30.076489 179.451644
v -46.07358 -34.175186 179.54391
v -45.039708 -38.494994 179.743615
v -43.53879 -42.652742 180.033537
v -41.659988 -46.268692 180.396452
v -39.220731 -49.101091 180.867625
v -36.242247 -51.378878 181.442958
v -33.119402 -53.493328 182.046175
v -30.247065 -55.823099 182.601003
v -27.576407 -58.333739 183.116875
v -24.948208 -60.887443 183.624545
v -22.591745 -63.665081 184.079726
v -20.736296 -66.847522 184.43813
v -19.515606 -70.98168 184.673922
v -18.783191 -75.804865 184.815397
v -18.347989 -80.283537 184.899462
v -18.018933 -83.384156 184.963023
v -11.193674 -36.248128 194.350413
v -10.892077 -32.907597 194.410584
v -10.412072 -28.001817 194.50635
v -10.186936 -22.69028 194.551267
v -10.649951 -18.137549 194.458891
v -11.962533 -14.462719 194.197019
v -13.878309 -11.141466 193.814804
v -16.218869 -8.377896 193.34784
v -18.805803 -6.376779 192.831723
v -21.749556 -5.223611 192.244416
v -25.092606 -4.838003 191.577447
v -28.554596 -5.17292 190.886748
v -31.855167 -6.177009 190.228253
v -35.119632 -8.022308 189.576962
v -38.430823 -10.685588 188.916348
v -41.444666 -13.814556 188.315059
v -43.817084 -17.051369 187.841739
v -45.490733 -20.324137 187.507831
v -46.63765 -23.789521 187.27901
v -47.257835 -27.42639 187.155277
v -47.351287 -31.21165 187.136633
v -46.873405 -35.302663 187.231975
v -45.839056 -39.616147 187.438337
v -44.337445 -43.769159 187.737922
v -42.457776 -47.382089 188.112934
v -40.017392 -50.213329 188.599813
v -37.037532 -52.492302 189.194323
v -33.913246 -54.609045 189.817647
v -31.039582 -56.941343 190.39097
v -28.367691 -59.454706 190.924037
v -25.738278 -62.01118 191.448629
v -23.380727 -64.791831 191.918983
v -21.524421 -67.977724 192.289333
v -20.303167 -72.116367 192.532985
v -19.570414 -76.944784 192.679175
v -19.135011 -81.428314 192.766043
v -18.805803 -84.532296 192.831723
v -12.021215 -37.287875 202.25911
v -11.72123 -33.955157 202.320866
v -11.243789 -29.049118 202.419154
v -11.019856 -23.725144 202.465254
v -11.480397 -19.144492 202.370445
v -12.785966 -15.428583 202.101676
v -14.691506 -12.058988 201.709394
v -17.01956 -9.242592 201.230132
v -19.592673 -7.187051 200.700422
v -22.520698 -5.981192 200.097647
v -25.845886 -5.548404 199.413112
v -29.289378 -5.844741 198.704222
v -32.572315 -6.821256 198.028384
v -35.819338 -8.650508 197.35994
v -39.112838 -11.309807 196.681927
v -42.110577 -14.448023 196.064801
v -44.47032 -17.707596 195.579016
v -46.135027 -21.01475 195.236313
v -47.275815 -24.522495 195.001466
v -47.892686 -28.206363 194.874475
v -47.98564 -32.039616 194.855339
v -47.510311 -36.175023 194.953192
v -46.481488 -40.525968 195.164989
v -44.9879 -44.707936 195.472465
v -43.118274 -48.340269 195.857353
v -40.690929 -51.180367 196.357056
v -37.72699 -53.455323 196.967223
v -34.619397 -55.562069 197.606964
v -31.761087 -57.88335 198.195386
v -29.103472 -60.384842 198.742493
v -26.488108 -62.929242 199.280902
v -24.143153 -65.696759 199.763643
v -22.296765 -68.867604 200.143747
v -21.082036 -72.986699 200.393816
v -20.353199 -77.79231 200.543857
v -19.920122 -82.254662 200.633012
v -19.592673 -85.343984 200.700422
v -12.892225 -38.272352 210.158125
v -12.595573 -34.957643 210.221082
v -12.123438 -30.053177 210.321282
v -11.901994 -24.70513 210.368278
v -12.357417 -20.067246 210.271625
v -13.648478 -16.265831 209.997629
v -15.532842 -12.795176 209.597717
v -17.835025 -9.867973 209.109134
v -20.379543 -7.697906 208.569121
v -23.275029 -6.380828 207.954623
v -26.563265 -5.848177 207.256773
v -29.968491 -6.062571 206.534096
v -33.214945 -6.980188 205.845113
v -36.425885 -8.77462 205.163668
v -39.682785 -11.424328 204.472469
v -42.647211 -14.580796 203.84334
v -44.980731 -17.887225 203.348106
v -46.626938 -21.265874 202.998738
v -47.755049 -24.861932 202.759324
v -48.365065 -28.643875 202.629862
v -48.456985 -32.577249 202.610354
v -47.986939 -36.805012 202.710111
v -46.969549 -41.233518 202.926027
v -45.492559 -45.475082 203.239483
v -43.643709 -49.146992 203.631857
v -41.243339 -52.004649 204.141279
v -38.312338 -54.270102 204.763313
v -35.239279 -56.354734 205.415497
v -32.412733 -58.651651 206.015364
v -29.784651 -61.126887 206.573111
v -27.19835 -63.644579 207.121992
v -24.879454 -66.383048 207.614122
v -23.053585 -69.520611 208.001619
v -21.852355 -73.59647 208.256552
v -21.131617 -78.35164 208.409511
v -20.703353 -82.767155 208.5004
v -20.379543 -85.82405 208.569121
v -13.805192 -39.203376 218.046956
v -13.513536 -35.917434 218.110711
v -13.049352 -31.01895 218.21218
v -12.831638 -25.639802 218.259772
v -13.27939 -20.921906 218.161895
v -14.548708 -16.998597 217.884426
v -16.401337 -13.383107 217.479448
v -18.664748 -10.29644 216.984675
v -21.166413 -7.960914 216.43782
v -24.013135 -6.482562 215.815537
v -27.245993 -5.804612 215.108846
v -30.593869 -5.899292 214.377012
v -33.785649 -6.730288 213.6793
v -36.942512 -8.472569 212.989221
v -40.144561 -11.106292 212.289265
v -43.059062 -14.287018 211.652165
v -45.353282 -17.659323 211.150657
v -46.971764 -21.139738 210.796863
v -48.080877 -24.861942 210.554415
v -48.680619 -28.78413 210.423313
v -48.770991 -32.860621 210.403558
v -48.308861 -37.219949 210.504578
v -47.308606 -41.758285 210.72323
v -45.85649 -46.08361 211.040658
v -44.038778 -49.8105 211.438003
v -41.678833 -52.691627 211.953878
v -38.797194 -54.941512 212.583794
v -35.77589 -56.992315 213.244241
v -32.996947 -59.251957 213.851708
v -30.413125 -61.687024 214.416522
v -27.870382 -64.16386 214.972356
v -25.59054 -66.857888 215.470722
v -23.79542 -69.944534 215.863128
v -22.614421 -73.95425 216.12129
v -21.905821 -78.632252 216.276188
v -21.484769 -82.976112 216.368228
v -21.166413 -85.983399 216.43782
v -14.75784 -40.083742 225.925311
v -14.472752 -36.83808 225.989449
v -14.019022 -31.953629 226.091527
v -13.80621 -26.542925 226.139404
v -14.24388 -21.731597 226.040939
v -15.484612 -17.66157 225.761806
v -17.295518 -13.870346 225.354398
v -19.507956 -10.588994 224.856655
v -21.953283 -8.050299 224.306519
v -24.735896 -6.372844 223.680502
v -27.895948 -5.514638 222.96957
v -31.168429 -5.459925 222.233345
v -34.288328 -6.181802 221.531446
v -37.374097 -7.856719 220.837227
v -40.504034 -10.466976 220.13307
v -43.3529 -13.673677 219.492147
v -45.595453 -17.123594 218.98763
v -47.177487 -20.726226 218.631712
v -48.261621 -24.600718 218.387809
v -48.847857 -28.692507 218.255921
v -48.936194 -32.941971 218.236048
v -48.484471 -37.459491 218.337674
v -47.506742 -42.128677 218.557638
v -46.087329 -46.552634 218.87697
v -44.310552 -50.343074 219.2767
v -42.003754 -53.249597 219.795671
v -39.187011 -55.477051 220.429367
v -36.233748 -57.48292 221.093776
v -33.517388 -59.693052 221.704888
v -30.991755 -62.074767 222.273092
v -28.506276 -64.497334 222.832262
v -26.277776 -67.132335 223.333617
v -24.523084 -70.151351 223.728379
v -23.368681 -74.073214 223.98809
v -22.676039 -78.648719 224.143917
v -22.26447 -82.897403 224.23651
v -21.953283 -85.8388 224.306519
v -15.747172 -40.917169 233.79312
v -15.470106 -37.724118 233.857222
v -15.029143 -32.866057 233.959244
v -14.822319 -27.431212 234.007095
v -15.247673 -22.524346 233.908685
v -16.453494 -18.296807 233.629705
v -18.213446 -14.314593 233.222521
v -20.363632 -10.819682 232.725052
v -22.740153 -8.056223 232.175218
v -25.44447 -6.15676 231.549545
v -28.515606 -5.096143 230.839004
v -31.696007 -4.872266 230.103184
v -34.72812 -5.468946 229.401671
v -37.727063 -7.063935 228.707833
v -40.768932 -9.641997 228.004064
v -43.537637 -12.871247 227.363494
v -45.71709 -16.4017 226.859254
v -47.254609 -20.135084 226.503532
v -48.308239 -24.173818 226.259763
v -48.87798 -28.449002 226.127947
v -48.963831 -32.885343 226.108085
v -48.524819 -37.572415 226.209655
v -47.5746 -42.379846 226.429498
v -46.195126 -46.906067 226.748655
v -44.468343 -50.760379 227.148165
v -42.226453 -53.689437 227.66685
v -39.488966 -55.886691 228.300198
v -36.6188 -57.837337 228.964242
v -33.978872 -59.986624 229.575018
v -31.524304 -62.302768 230.142909
v -29.10876 -64.65864 230.701771
v -26.942965 -67.221099 231.202852
v -25.237646 -70.157 231.597396
v -24.115725 -73.970891 231.856964
v -23.442573 -78.420431 232.012705
v -23.042584 -82.552146 232.105247
v -22.740153 -85.412564 232.175218
v -16.76953 -41.708226 241.650545
v -16.501794 -38.58085 241.714201
v -16.07568 -33.766016 241.815512
v -15.875821 -28.322828 241.863029
v -16.286852 -23.330512 241.765304
v -17.452067 -18.949896 241.488269
v -19.152753 -14.778456 241.083922
v -21.230531 -11.068935 240.58992
v -23.527023 -8.076713 240.043917
v -26.140272 -5.948674 239.422604
v -29.107988 -4.677535 238.717014
v -32.181289 -4.275624 237.986321
v -35.111296 -4.738135 237.289697
v -38.00925 -6.243633 236.600694
v -40.948684 -8.779536 235.901829
v -43.624153 -12.022412 235.265722
v -45.730214 -15.62681 234.764996
v -47.215957 -19.486557 234.411753
v -48.234106 -23.686078 234.169683
v -48.784661 -28.141537 234.038785
v -48.867621 -32.761323 234.019061
v -48.443392 -37.612743 234.119924
v -47.525173 -42.551062 234.338235
v -46.192152 -47.171042 234.655168
v -44.523518 -51.080668 235.051894
v -42.357123 -54.024287 235.566965
v -39.711821 -56.182692 236.195899
v -36.938308 -58.068828 236.855316
v -34.387279 -60.147036 237.461836
v -32.015369 -62.386583 238.02577
v -29.681168 -64.664544 238.580738
v -27.588306 -67.142259 239.078326
v -25.940413 -69.981067 239.470121
v -24.856273 -73.668829 239.727881
v -24.205789 -77.971218 239.882537
v -23.819269 -81.966294 239.974434
v -23.527023 -84.732115 240.043917
vt 0.00853087 0.95342057
vt 0.00853087 0.94753313
vt 0.00853087 0.93801938
vt 0.00853087 0.9268497
vt 0.00853087 0.91598168
vt 0.00853087 0.90564508
vt 0.00853087 0.89520862
vt 0.00853087 0.88524537
vt 0.00853087 0.87634314
vt 0.00853087 0.86861928
vt 0.00853087 0.86179237
vt 0.00853087 0.855819
vt 0.00853087 0.85052377
vt 0.00853087 0.84477366
vt 0.00853087 0.83758522
vt 0.00853087 0.82930841
vt 0.00853087 0.82051862
vt 0.00853087 0.81126984
vt 0.00853087 0.8012884
vt 0.00853087 0.79075782
vt 0.00853087 0.77991363
vt 0.00853087 0.76872002
vt 0.00853087 0.75751156
vt 0.00853087 0.74708178
vt 0.00853087 0.73815597
vt 0.00853087 0.73089514
vt 0.00853087 0.72459785
vt 0.00853087 0.71857219
vt 0.00853087 0.71266995
vt 0.00853087 0.70682622
vt 0.00853087 0.70098536
vt 0.00853087 0.69518741
vt 0.00853087 0.68933749
vt 0.00853087 0.6825092
vt 0.00853087 0.67478775
vt 0.00853087 0.66766705
vt 0.00853087 0.66273277
vt 0.02397637 0.95672668
vt 0.02397637 0.95069363
vt 0.02397637 0.940937
vt 0.02397637 0.92947485
vt 0.02397637 0.91831299
vt 0.02397637 0.90768944
vt 0.02397637 0.89696077
vt 0.02397637 0.88671667
vt 0.02397637 0.87756204
vt 0.02397637 0.86962137
vt 0.02397637 0.86261029
vt 0.02397637 0.85648511
vt 0.02397637 0.85106377
vt 0.02397637 0.84517928
vt 0.02397637 0.83781589
vt 0.02397637 0.82932835
vt 0.02397637 0.82030494
vt 0.02397637 0.81080193
vt 0.02397637 0.80054161
vt 0.02397637 0.78971465
vt 0.02397637 0.77856518
vt 0.02397637 0.76705967
vt 0.02397637 0.75554356
vt 0.02397637 0.74483183
vt 0.02397637 0.73566915
vt 0.02397637 0.72822229
vt 0.02397637 0.72177224
vt 0.02397637 0.71560345
vt 0.02397637 0.70956101
vt 0.02397637 0.70357848
vt 0.02397637 0.69759887
vt 0.02397637 0.6916632
vt 0.02397637 0.68567432
vt 0.02397637 0.67868384
vt 0.02397637 0.67077898
vt 0.02397637 0.66348914
vt 0.02397637 0.65843766
vt 0.03942188 0.95924803
vt 0.03942188 0.95308607
vt 0.03942188 0.94311685
vt 0.03942188 0.93140102
vt 0.03942188 0.91998713
vt 0.03942188 0.9091197
vt 0.03942188 0.8981434
vt 0.03942188 0.88766183
vt 0.03942188 0.8782942
vt 0.03942188 0.87016991
vt 0.03942188 0.86300071
vt 0.03942188 0.8567424
vt 0.03942188 0.8512078
vt 0.03942188 0.84520175
vt 0.03942188 0.83768253
vt 0.03942188 0.82901036
vt 0.03942188 0.81978538
vt 0.03942188 0.81006556
vt 0.03942188 0.79956874
vt 0.03942188 0.78849105
vt 0.03942188 0.77708337
vt 0.03942188 0.7653131
vt 0.03942188 0.75353451
vt 0.03942188 0.74258094
vt 0.03942188 0.73321377
vt 0.03942188 0.72560428
vt 0.03942188 0.719018
vt 0.03942188 0.71272056
vt 0.03942188 0.7065521
vt 0.03942188 0.70044479
vt 0.03942188 0.69434047
vt 0.03942188 0.68828101
vt 0.03942188 0.68216723
vt 0.03942188 0.67503095
vt 0.03942188 0.66696123
vt 0.03942188 0.65951936
vt 0.03942188 0.65436252
vt 0.05486738 0.96078614
vt 0.05486738 0.95451578
vt 0.05486738 0.94437149
vt 0.05486738 0.93245026
vt 0.05486738 0.92083668
vt 0.05486738 0.90977943
vt 0.05486738 0.89861153
vt 0.05486738 0.88794707
vt 0.05486738 0.87841606
vt 0.05486738 0.87014998
vt 0.05486738 0.86285533
vt 0.05486738 0.8564871
vt 0.05486738 0.85085492
vt 0.05486738 0.84474286
vt 0.05486738 0.83709123
vt 0.05486738 0.82826676
vt 0.05486738 0.81888019
vt 0.05486738 0.8089905
vt 0.05486738 0.79831042
vt 0.05486738 0.78703942
vt 0.05486738 0.77543267
vt 0.05486738 0.76345688
vt 0.05486738 0.7514724
vt 0.05486738 0.74032718
vt 0.05486738 0.73079593
vt 0.05486738 0.72305285
vt 0.05486738 0.71635057
vt 0.05486738 0.70994207
vt 0.05486738 0.70366484
vt 0.05486738 0.69744983
vt 0.05486738 0.69123787
vt 0.05486738 0.68507156
vt 0.05486738 0.67884996
vt 0.05486738 0.67158784
vt 0.05486738 0.66337582
vt 0.05486738 0.65580271
vt 0.05486738 0.65055494
vt 0.07031289 0.96115363
vt 0.07031289 0.95479896
vt 0.07031289 0.94452397
vt 0.07031289 0.93245457
vt 0.07031289 0.92070353
vt 0.07031289 0.90952096
vt 0.07031289 0.89822832
vt 0.07031289 0.88744617
vt 0.07031289 0.87781105
vt 0.07031289 0.8694531
vt 0.07031289 0.86207185
vt 0.07031289 0.8556211
vt 0.07031289 0.84990962
vt 0.07031289 0.84370959
vt 0.07031289 0.83595299
vt 0.07031289 0.82701439
vt 0.07031289 0.81751374
vt 0.07031289 0.80751009
vt 0.07031289 0.79671029
vt 0.07031289 0.78531454
vt 0.07031289 0.77357937
vt 0.07031289 0.76146869
vt 0.07031289 0.74934579
vt 0.07031289 0.73806863
vt 0.07031289 0.72842125
vt 0.07031289 0.72057891
vt 0.07031289 0.71378431
vt 0.07031289 0.70728528
vt 0.07031289 0.70091937
vt 0.07031289 0.69461656
vt 0.07031289 0.68831684
vt 0.07031289 0.68206342
vt 0.07031289 0.67575393
vt 0.07031289 0.66838922
vt 0.07031289 0.66006118
vt 0.07031289 0.65238109
vt 0.07031289 0.64705918
vt 0.0857584 0.96018663
vt 0.0857584 0.95377498
vt 0.0857584 0.94341967
vt 0.0857584 0.93126723
vt 0.0857584 0.91944971
vt 0.0857584 0.90821543
vt 0.0857584 0.89687442
vt 0.0857584 0.88604898
vt 0.0857584 0.87637742
vt 0.0857584 0.86798447
vt 0.0857584 0.86056075
vt 0.0857584 0.85405842
vt 0.0857584 0.84828819
vt 0.0857584 0.84202047
vt 0.0857584 0.83418995
vt 0.0857584 0.82518056
vt 0.0857584 0.81561991
vt 0.0857584 0.80556609
vt 0.0857584 0.79471912
vt 0.0857584 0.78327696
vt 0.0857584 0.77149407
vt 0.0857584 0.7593292
vt 0.0857584 0.74714481
vt 0.0857584 0.73580378
vt 0.0857584 0.72609492
vt 0.0857584 0.71819228
vt 0.0857584 0.71133216
vt 0.0857584 0.70476574
vt 0.0857584 0.69833381
vt 0.0857584 0.69196565
vt 0.0857584 0.68560061
vt 0.0857584 0.67928234
vt 0.0857584 0.67290742
vt 0.0857584 0.66546634
vt 0.0857584 0.65705195
vt 0.0857584 0.64929222
vt 0.0857584 0.64391512
vt 0.1012039 0.95775747
vt 0.1012039 0.95131882
vt 0.1012039 0.94093849
vt 0.1012039 0.92877449
vt 0.1012039 0.91696837
vt 0.1012039 0.90576312
vt 0.1012039 0.89445742
vt 0.1012039 0.88367024
vt 0.1012039 0.87403627
vt 0.1012039 0.86567042
vt 0.1012039 0.85825221
vt 0.1012039 0.8517319
vt 0.1012039 0.8459253
vt 0.1012039 0.83961214
vt 0.1012039 0.83174176
vt 0.1012039 0.82270911
vt 0.1012039 0.81314774
vt 0.1012039 0.8031137
vt 0.1012039 0.79229915
vt 0.1012039 0.78089648
vt 0.1012039 0.76915441
vt 0.1012039 0.75702385
vt 0.1012039 0.74486242
vt 0.1012039 0.73353219
vt 0.1012039 0.72382174
vt 0.1012039 0.71590155
vt 0.1012039 0.7090053
vt 0.1012039 0.7023969
vt 0.1012039 0.69592385
vt 0.1012039 0.68951497
vt 0.1012039 0.68310923
vt 0.1012039 0.67675057
vt 0.1012039 0.6703349
vt 0.1012039 0.66284624
vt 0.1012039 0.65437805
vt 0.1012039 0.64656871
vt 0.1012039 0.64115723
vt 0.11664941 0.95378641
vt 0.11664941 0.94735275
vt 0.11664941 0.93700614
vt 0.11664941 0.92490635
vt 0.11664941 0.91319397
vt 0.11664941 0.90210293
vt 0.11664941 0.89092074
vt 0.11664941 0.8802576
vt 0.11664941 0.87073895
vt 0.11664941 0.86246516
vt 0.11664941 0.85510253
vt 0.11664941 0.84859931
vt 0.11664941 0.84278003
vt 0.11664941 0.83644538
vt 0.11664941 0.82857153
vt 0.11664941 0.81956604
vt 0.11664941 0.81006663
vt 0.11664941 0.80012619
vt 0.11664941 0.78942797
vt 0.11664941 0.77815542
vt 0.11664941 0.76654754
vt 0.11664941 0.75454471
vt 0.11664941 0.74249538
vt 0.11664941 0.73125487
vt 0.11664941 0.72160622
vt 0.11664941 0.71371381
vt 0.11664941 0.70681286
vt 0.11664941 0.70018974
vt 0.11664941 0.69370227
vt 0.11664941 0.68727911
vt 0.11664941 0.6808591
vt 0.11664941 0.67448627
vt 0.11664941 0.6680563
vt 0.11664941 0.66055096
vt 0.11664941 0.6520639
vt 0.11664941 0.64423717
vt 0.11664941 0.63881363
vt 0.13209491 0.94825112
vt 0.13209491 0.94185561
vt 0.13209491 0.93160322
vt 0.13209491 0.91964525
vt 0.13209491 0.9081105
vt 0.13209491 0.89722007
vt 0.13209491 0.88625065
vt 0.13209491 0.87579815
vt 0.13209491 0.86647302
vt 0.13209491 0.85835635
vt 0.13209491 0.8510993
vt 0.13209491 0.84464847
vt 0.13209491 0.83884098
vt 0.13209491 0.8325101
vt 0.13209491 0.82467067
vt 0.13209491 0.8157442
vt 0.13209491 0.80637063
vt 0.13209491 0.79659869
vt 0.13209491 0.78610188
vt 0.13209491 0.77505124
vt 0.13209491 0.76367218
vt 0.13209491 0.75189182
vt 0.13209491 0.74004521
vt 0.13209491 0.72897476
vt 0.13209491 0.7194526
vt 0.13209491 0.71163453
vt 0.13209491 0.70476164
vt 0.13209491 0.69815243
vt 0.13209491 0.6916786
vt 0.13209491 0.68526894
vt 0.13209491 0.67886242
vt 0.13209491 0.67250297
vt 0.13209491 0.66608652
vt 0.13209491 0.65859695
vt 0.13209491 0.65012772
vt 0.13209491 0.64231743
vt 0.13209491 0.6369053
vt 0.14754042 0.94119265
vt 0.14754042 0.9348688
vt 0.14754042 0.92477092
vt 0.14754042 0.91303153
vt 0.14754042 0.90175659
vt 0.14754042 0.8911508
vt 0.14754042 0.88048067
vt 0.14754042 0.87032241
vt 0.14754042 0.86126592
vt 0.14754042 0.85336847
vt 0.14754042 0.8462647
vt 0.14754042 0.8399004
vt 0.14754042 0.83412938
vt 0.14754042 0.82782853
vt 0.14754042 0.82006205
vt 0.14754042 0.81126621
vt 0.14754042 0.80208119
vt 0.14754042 0.79255071
vt 0.14754042 0.78233793
vt 0.14754042 0.77159827
vt 0.14754042 0.76053985
vt 0.14754042 0.74907413
vt 0.14754042 0.73751864
vt 0.14754042 0.72669693
vt 0.14754042 0.71736487
vt 0.14754042 0.70966738
vt 0.14754042 0.70285591
vt 0.14754042 0.69629011
vt 0.14754042 0.68985881
vt 0.14754042 0.68349126
vt 0.14754042 0.67712682
vt 0.14754042 0.67080916
vt 0.14754042 0.66443486
vt 0.14754042 0.65699449
vt 0.14754042 0.64858091
vt 0.14754042 0.64082193
vt 0.14754042 0.63544535
vt 0.16298592 0.93271697
vt 0.16298592 0.92649765
vt 0.16298592 0.91661245
vt 0.16298592 0.90516467
vt 0.16298592 0.8942267
vt 0.16298592 0.88398349
vt 0.16298592 0.87369247
vt 0.16298592 0.86390521
vt 0.16298592 0.85518578
vt 0.16298592 0.84756365
vt 0.16298592 0.84065635
vt 0.16298592 0.83441034
vt 0.16298592 0.8287002
vt 0.16298592 0.82245625
vt 0.16298592 0.81480091
vt 0.16298592 0.8061854
vt 0.16298592 0.79724797
vt 0.16298592 0.78802681
vt 0.16298592 0.77817453
vt 0.16298592 0.76782818
vt 0.16298592 0.75717529
vt 0.16298592 0.7461097
vt 0.16298592 0.73492777
vt 0.16298592 0.72442852
vt 0.16298592 0.71534662
vt 0.16298592 0.70781409
vt 0.16298592 0.70109719
vt 0.16298592 0.69460463
vt 0.16298592 0.68824506
vt 0.16298592 0.68194853
vt 0.16298592 0.67565509
vt 0.16298592 0.6694079
vt 0.16298592 0.6631047
vt 0.16298592 0.65574732
vt 0.16298592 0.64742758
vt 0.16298592 0.63975514
vt 0.16298592 0.63443853
vt 0.17843143 0.92299133
vt 0.17843143 0.91690794
vt 0.17843143 0.90728941
vt 0.17843143 0.89619987
vt 0.17843143 0.8856677
vt 0.17843143 0.87585541
vt 0.17843143 0.86601297
vt 0.17843143 0.85666289
vt 0.17843143 0.8483389
vt 0.17843143 0.84103945
vt 0.17843143 0.83436543
vt 0.17843143 0.82826609
vt 0.17843143 0.82264056
vt 0.17843143 0.81648056
vt 0.17843143 0.80897332
vt 0.17843143 0.80058424
vt 0.17843143 0.79194748
vt 0.17843143 0.78309538
vt 0.17843143 0.77367042
vt 0.17843143 0.76378907
vt 0.17843143 0.75361569
vt 0.17843143 0.74302515
vt 0.17843143 0.73228961
vt 0.17843143 0.72217855
vt 0.17843143 0.71340094
vt 0.17843143 0.70607436
vt 0.17843143 0.69948419
vt 0.17843143 0.69309443
vt 0.17843143 0.68683554
vt 0.17843143 0.6806387
vt 0.17843143 0.67444489
vt 0.17843143 0.6682966
vt 0.17843143 0.66209319
vt 0.17843143 0.65485229
vt 0.17843143 0.64666426
vt 0.17843143 0.6391133
vt 0.17843143 0.63388086
vt 0.19387693 0.91223559
vt 0.19387693 0.90631712
vt 0.19387693 0.89701341
vt 0.19387693 0.88633983
vt 0.19387693 0.87627114
vt 0.19387693 0.86694542
vt 0.19387693 0.85760741
vt 0.19387693 0.84874706
vt 0.19387693 0.84086401
vt 0.19387693 0.83392369
vt 0.19387693 0.82751203
vt 0.19387693 0.82158375
vt 0.19387693 0.81606557
vt 0.19387693 0.81001635
vt 0.19387693 0.80269198
vt 0.19387693 0.79457043
vt 0.19387693 0.78627933
vt 0.19387693 0.77784531
vt 0.19387693 0.76890175
vt 0.19387693 0.75954315
vt 0.19387693 0.74990889
vt 0.19387693 0.73985431
vt 0.19387693 0.72962522
vt 0.19387693 0.71995732
vt 0.19387693 0.71153012
vt 0.19387693 0.70444575
vt 0.19387693 0.69801272
vt 0.19387693 0.69175445
vt 0.19387693 0.68562435
vt 0.19387693 0.67955503
vt 0.19387693 0.67348868
vt 0.19387693 0.66746691
vt 0.19387693 0.66139115
vt 0.19387693 0.65429926
vt 0.19387693 0.64627973
vt 0.19387693 0.63888415
vt 0.19387693 0.63375938
vt 0.20932244 0.90070898
vt 0.20932244 0.89498129
vt 0.20932244 0.8860331
vt 0.20932244 0.87582231
vt 0.20932244 0.86626134
vt 0.20932244 0.8574628
vt 0.20932244 0.84866907
vt 0.20932244 0.84033508
vt 0.20932244 0.83292371
vt 0.20932244 0.82636672
vt 0.20932244 0.82023813
vt 0.20932244 0.81450108
vt 0.20932244 0.80911181
vt 0.20932244 0.8031995
vt 0.20932244 0.79608982
vt 0.20932244 0.78827061
vt 0.20932244 0.78036055
vt 0.20932244 0.77238091
vt 0.20932244 0.76395776
vt 0.20932244 0.7551631
vt 0.20932244 0.74611049
vt 0.20932244 0.73663617
vt 0.20932244 0.72695835
vt 0.20932244 0.71777572
vt 0.20932244 0.70973535
vt 0.20932244 0.7029236
vt 0.20932244 0.69667568
vt 0.20932244 0.69057615
vt 0.20932244 0.68460156
vt 0.20932244 0.67868619
vt 0.20932244 0.67277373
vt 0.20932244 0.66690471
vt 0.20932244 0.66098307
vt 0.20932244 0.65407107
vt 0.20932244 0.64625497
vt 0.20932244 0.63904699
vt 0.20932244 0.63405222
vt 0.22476795 0.88869344
vt 0.22476795 0.88317858
vt 0.22476795 0.87461813
vt 0.22476795 0.86490463
vt 0.22476795 0.85588076
vt 0.22476795 0.84763349
vt 0.22476795 0.83940652
vt 0.22476795 0.83161839
vt 0.22476795 0.82469381
vt 0.22476795 0.81853178
vt 0.22476795 0.81269876
vt 0.22476795 0.80716906
vt 0.22476795 0.80192895
vt 0.22476795 0.79617851
vt 0.22476795 0.78931162
vt 0.22476795 0.78182247
vt 0.22476795 0.77431818
vt 0.22476795 0.76681532
vt 0.22476795 0.75893508
vt 0.22476795 0.75072743
vt 0.22476795 0.74228034
vt 0.22476795 0.73341231
vt 0.22476795 0.72431377
vt 0.22476795 0.71564426
vt 0.22476795 0.70801641
vt 0.22476795 0.70150108
vt 0.22476795 0.69546312
vt 0.22476795 0.68954759
vt 0.22476795 0.68375322
vt 0.22476795 0.6780163
vt 0.22476795 0.67228218
vt 0.22476795 0.6665902
vt 0.22476795 0.6608472
vt 0.22476795 0.6541437
vt 0.22476795 0.64656338
vt 0.22476795 0.63957283
vt 0.22476795 0.63472873
vt 0.24021345 0.87647538
vt 0.24021345 0.87119116
vt 0.24021345 0.86304145
vt 0.24021345 0.85384674
vt 0.24021345 0.84537383
vt 0.24021345 0.83768506
vt 0.24021345 0.83002971
vt 0.24021345 0.82278981
vt 0.24021345 0.81635179
vt 0.24021345 0.81058452
vt 0.24021345 0.8050522
vt 0.24021345 0.79974244
vt 0.24021345 0.79467036
vt 0.24021345 0.78910502
vt 0.24021345 0.78250473
vt 0.24021345 0.77536579
vt 0.24021345 0.76828099
vt 0.24021345 0.76126305
vt 0.24021345 0.75393136
vt 0.24021345 0.74631526
vt 0.24021345 0.73847842
vt 0.24021345 0.73022394
vt 0.24021345 0.72171539
vt 0.24021345 0.71357211
vt 0.24021345 0.70637125
vt 0.24021345 0.70016913
vt 0.24021345 0.69436238
vt 0.24021345 0.68865352
vt 0.24021345 0.68306159
vt 0.24021345 0.6775251
vt 0.24021345 0.67199132
vt 0.24021345 0.6664982
vt 0.24021345 0.66095584
vt 0.24021345 0.65448655
vt 0.24021345 0.64717106
vt 0.24021345 0.64042474
vt 0.24021345 0.63574988
vt 0.25565896 0.86432781
vt 0.25565896 0.85928749
vt 0.25565896 0.85156212
vt 0.25565896 0.84289467
vt 0.25565896 0.83497145
vt 0.25565896 0.82783217
vt 0.25565896 0.82073661
vt 0.25565896 0.81403136
vt 0.25565896 0.80806575
vt 0.25565896 0.80268283
vt 0.25565896 0.79745035
vt 0.25565896 0.7923702
vt 0.25565896 0.78748346
vt 0.25565896 0.78212419
vt 0.25565896 0.7758096
vt 0.25565896 0.76903331
vt 0.25565896 0.762371
vt 0.25565896 0.75583248
vt 0.25565896 0.74903882
vt 0.25565896 0.74200104
vt 0.25565896 0.73476081
vt 0.25565896 0.72710907
vt 0.25565896 0.71918444
vt 0.25565896 0.71156615
vt 0.25565896 0.70479577
vt 0.25565896 0.69891657
vt 0.25565896 0.69335825
vt 0.25565896 0.68787566
vt 0.25565896 0.68250536
vt 0.25565896 0.6771883
vt 0.25565896 0.67187385
vt 0.25565896 0.66659845
vt 0.25565896 0.66127575
vt 0.25565896 0.65506287
vt 0.25565896 0.64803732
vt 0.25565896 0.64155838
vt 0.25565896 0.63706881
vt 0.27110446 0.85249494
vt 0.27110446 0.84770707
vt 0.27110446 0.84041046
vt 0.27110446 0.83226642
vt 0.27110446 0.82487767
vt 0.27110446 0.81826435
vt 0.27110446 0.81170196
vt 0.27110446 0.80550396
vt 0.27110446 0.79998503
vt 0.27110446 0.7949681
vt 0.27110446 0.79003016
vt 0.27110446 0.78518694
vt 0.27110446 0.78050104
vt 0.27110446 0.77536601
vt 0.27110446 0.76935116
vt 0.27110446 0.76294249
vt 0.27110446 0.75669586
vt 0.27110446 0.75061897
vt 0.27110446 0.74433836
vt 0.27110446 0.73784975
vt 0.27110446 0.73117601
vt 0.27110446 0.7240999
vt 0.27110446 0.71673789
vt 0.27110446 0.70963021
vt 0.27110446 0.7032836
vt 0.27110446 0.6977302
vt 0.27110446 0.69243323
vt 0.27110446 0.68719295
vt 0.27110446 0.68206
vt 0.27110446 0.67697793
vt 0.27110446 0.67189835
vt 0.27110446 0.6668561
vt 0.27110446 0.66176865
vt 0.27110446 0.65583035
vt 0.27110446 0.64911531
vt 0.27110446 0.64292271
vt 0.27110446 0.63863156
vt 0.28654997 0.84118095
vt 0.28654997 0.83664946
vt 0.28654997 0.82977746
vt 0.28654997 0.82214192
vt 0.28654997 0.81526041
vt 0.28654997 0.80913737
vt 0.28654997 0.80306949
vt 0.28654997 0.79734037
vt 0.28654997 0.79223363
vt 0.28654997 0.78755881
vt 0.28654997 0.7829071
vt 0.28654997 0.77830606
vt 0.28654997 0.77383433
vt 0.28654997 0.76893832
vt 0.28654997 0.76323206
vt 0.28654997 0.75718903
vt 0.28654997 0.75134269
vt 0.28654997 0.74569937
vt 0.28654997 0.73989483
vt 0.28654997 0.73391307
vt 0.28654997 0.72776202
vt 0.28654997 0.72122079
vt 0.28654997 0.71438722
vt 0.28654997 0.70776449
vt 0.28654997 0.70182601
vt 0.28654997 0.69659504
vt 0.28654997 0.69156781
vt 0.28654997 0.68658192
vt 0.28654997 0.68169815
vt 0.28654997 0.6768628
vt 0.28654997 0.67202982
vt 0.28654997 0.66723235
vt 0.28654997 0.66239187
vt 0.28654997 0.65674185
vt 0.28654997 0.65035279
vt 0.28654997 0.64446083
vt 0.28654997 0.64037799
vt 0.30199547 0.83054425
vt 0.30199547 0.82626854
vt 0.30199547 0.81980934
vt 0.30199547 0.81265799
vt 0.30199547 0.80624687
vt 0.30199547 0.80056921
vt 0.30199547 0.79494829
vt 0.30199547 0.78964189
vt 0.30199547 0.78490699
vt 0.30199547 0.78054706
vt 0.30199547 0.77617118
vt 0.30199547 0.77181551
vt 0.30199547 0.76756854
vt 0.30199547 0.76292244
vt 0.30199547 0.75752831
vt 0.30199547 0.75184265
vt 0.30199547 0.74637424
vt 0.30199547 0.74112852
vt 0.30199547 0.73575406
vt 0.30199547 0.73022697
vt 0.30199547 0.72454459
vt 0.30199547 0.71848714
vt 0.30199547 0.71213777
vt 0.30199547 0.70596535
vt 0.30199547 0.700412
vt 0.30199547 0.6954945
vt 0.30199547 0.6907408
vt 0.30199547 0.68601709
vt 0.30199547 0.68139014
vt 0.30199547 0.67680906
vt 0.30199547 0.67223022
vt 0.30199547 0.66768502
vt 0.30199547 0.66309909
vt 0.30199547 0.65774617
vt 0.30199547 0.65169309
vt 0.30199547 0.64611095
vt 0.30199547 0.64224281
vt 0.31744098 0.82069709
vt 0.31744098 0.81667232
vt 0.31744098 0.8106075
vt 0.31744098 0.80390852
vt 0.31744098 0.79792398
vt 0.31744098 0.79264067
vt 0.31744098 0.78741342
vt 0.31744098 0.78247884
vt 0.31744098 0.77807215
vt 0.31744098 0.77399807
vt 0.31744098 0.76988591
vt 0.31744098 0.7657763
vt 0.31744098 0.76176132
vt 0.31744098 0.75737164
vt 0.31744098 0.75228797
vt 0.31744098 0.74694588
vt 0.31744098 0.74182764
vt 0.31744098 0.73693814
vt 0.31744098 0.73194188
vt 0.31744098 0.72681099
vt 0.31744098 0.72153667
vt 0.31744098 0.71590504
vt 0.31744098 0.70998872
vt 0.31744098 0.70422542
vt 0.31744098 0.69902855
vt 0.31744098 0.69441074
vt 0.31744098 0.68992973
vt 0.31744098 0.68547144
vt 0.31744098 0.68110447
vt 0.31744098 0.6767808
vt 0.31744098 0.67245923
vt 0.31744098 0.66816943
vt 0.31744098 0.66384117
vt 0.31744098 0.65878903
vt 0.31744098 0.65307606
vt 0.31744098 0.64780757
vt 0.31744098 0.64415678
vt 0.33288649 0.81171022
vt 0.33288649 0.80792759
vt 0.33288649 0.80223321
vt 0.33288649 0.79594914
vt 0.33288649 0.79034296
vt 0.33288649 0.78539973
vt 0.33288649 0.78051012
vt 0.33288649 0.77589426
vt 0.33288649 0.77177082
vt 0.33288649 0.76795247
vt 0.33288649 0.76408997
vt 0.33288649 0.76022396
vt 0.33288649 0.7564442
vt 0.33288649 0.75231269
vt 0.33288649 0.74753262
vt 0.33288649 0.7425155
vt 0.33288649 0.73771579
vt 0.33288649 0.73313802
vt 0.33288649 0.72846517
vt 0.33288649 0.7236691
vt 0.33288649 0.71873924
vt 0.33288649 0.71347201
vt 0.33288649 0.70793361
vt 0.33288649 0.70253408
vt 0.33288649 0.69766097
vt 0.33288649 0.69332499
vt 0.33288649 0.68911127
vt 0.33288649 0.68491691
vt 0.33288649 0.68080845
vt 0.33288649 0.67674072
vt 0.33288649 0.67267499
vt 0.33288649 0.66863913
vt 0.33288649 0.66456709
vt 0.33288649 0.65981402
vt 0.33288649 0.65443925
vt 0.33288649 0.64948264
vt 0.33288649 0.64604797
vt 0.34833199 0.80362102
vt 0.34833199 0.80006807
vt 0.34833199 0.79471567
vt 0.34833199 0.78880509
vt 0.34833199 0.78352687
vt 0.34833199 0.77886869
vt 0.34833199 0.77426025
vt 0.34833199 0.76990982
vt 0.34833199 0.76602444
vt 0.34833199 0.76243073
vt 0.34833199 0.75880124
vt 0.34833199 0.75517246
vt 0.34833199 0.7516265
vt 0.34833199 0.74774988
vt 0.34833199 0.74326158
vt 0.34833199 0.73854667
vt 0.34833199 0.73403119
vt 0.34833199 0.72971945
vt 0.34833199 0.72531483
vt 0.34833199 0.72079221
vt 0.34833199 0.71614324
vt 0.34833199 0.71117845
vt 0.34833199 0.70596141
vt 0.34833199 0.70087816
vt 0.34833199 0.6962934
vt 0.34833199 0.69221797
vt 0.34833199 0.68826167
vt 0.34833199 0.6843249
vt 0.34833199 0.68046877
vt 0.34833199 0.67665087
vt 0.34833199 0.67283484
vt 0.34833199 0.66904684
vt 0.34833199 0.66522489
vt 0.34833199 0.66076374
vt 0.34833199 0.65571906
vt 0.34833199 0.65106688
vt 0.34833199 0.64784315
vt 0.3637775 0.79644361
vt 0.3637775 0.7931045
vt 0.3637775 0.7880619
vt 0.3637775 0.7824807
vt 0.3637775 0.77747956
vt 0.3637775 0.77305242
vt 0.3637775 0.76866989
vt 0.3637775 0.76453262
vt 0.3637775 0.76084056
vt 0.3637775 0.75743907
vt 0.3637775 0.75402255
vt 0.3637775 0.75061995
vt 0.3637775 0.74730136
vt 0.3637775 0.74367118
vt 0.3637775 0.73945796
vt 0.3637775 0.73501886
vt 0.3637775 0.73075158
vt 0.3637775 0.72666034
vt 0.3637775 0.72247016
vt 0.3637775 0.7181618
vt 0.3637775 0.71373246
vt 0.3637775 0.70900975
vt 0.3637775 0.70405795
vt 0.3637775 0.69924284
vt 0.3637775 0.69490937
vt 0.3637775 0.69107029
vt 0.3637775 0.68735719
vt 0.3637775 0.6836669
vt 0.3637775 0.68005219
vt 0.3637775 0.67647332
vt 0.3637775 0.6728962
vt 0.3637775 0.66934537
vt 0.3637775 0.66576271
vt 0.3637775 0.66158086
vt 0.3637775 0.65685202
vt 0.3637775 0.6524911
vt 0.3637775 0.6494692
vt 0.379223 0.79017955
vt 0.379223 0.78703528
vt 0.379223 0.78226714
vt 0.379223 0.77696935
vt 0.379223 0.7721949
vt 0.379223 0.76794682
vt 0.379223 0.76373705
vt 0.379223 0.7597623
vt 0.379223 0.75621932
vt 0.379223 0.75297588
vt 0.379223 0.74974827
vt 0.379223 0.74655568
vt 0.379223 0.74345274
vt 0.379223 0.74005542
vt 0.379223 0.73609597
vt 0.379223 0.73190298
vt 0.379223 0.72784663
vt 0.379223 0.72393131
vt 0.379223 0.71990424
vt 0.379223 0.71575428
vt 0.379223 0.71148689
vt 0.379223 0.70694871
vt 0.379223 0.70220761
vt 0.379223 0.6976127
vt 0.379223 0.69349242
vt 0.379223 0.68986291
vt 0.379223 0.68637461
vt 0.379223 0.68291496
vt 0.379223 0.67952617
vt 0.379223 0.67617097
vt 0.379223 0.67281742
vt 0.379223 0.66948851
vt 0.379223 0.66612975
vt 0.379223 0.66220926
vt 0.379223 0.65777597
vt 0.379223 0.6536876
vt 0.379223 0.65085456
vt 0.39466851 0.78482804
vt 0.39466851 0.78185666
vt 0.39466851 0.77732473
vt 0.39466851 0.77226279
vt 0.39466851 0.76766542
vt 0.39466851 0.76354665
vt 0.39466851 0.75945871
vt 0.39466851 0.7555975
vt 0.39466851 0.75215982
vt 0.39466851 0.7490382
vt 0.39466851 0.74597111
vt 0.39466851 0.74296703
vt 0.39466851 0.74006278
vt 0.39466851 0.73687977
vt 0.39466851 0.73314835
vt 0.39466851 0.72916868
vt 0.39466851 0.72528494
vt 0.39466851 0.72150204
vt 0.39466851 0.71758937
vt 0.39466851 0.71354554
vt 0.39466851 0.70938619
vt 0.39466851 0.70497812
vt 0.39466851 0.70039493
vt 0.39466851 0.69597275
vt 0.39466851 0.69202672
vt 0.39466851 0.68857756
vt 0.39466851 0.68529171
vt 0.39466851 0.68204234
vt 0.39466851 0.67885953
vt 0.39466851 0.67570827
vt 0.39466851 0.67255856
vt 0.39466851 0.66943199
vt 0.39466851 0.66627739
vt 0.39466851 0.6625952
vt 0.39466851 0.65843138
vt 0.39466851 0.65459151
vt 0.39466851 0.65193068
vt 0.41011401 0.78039481
vt 0.41011401 0.77757152
vt 0.41011401 0.77323468
vt 0.41011401 0.7683593
vt 0.41011401 0.76388976
vt 0.41011401 0.75985223
vt 0.41011401 0.75583691
vt 0.41011401 0.75204149
vt 0.41011401 0.74866549
vt 0.41011401 0.74562734
vt 0.41011401 0.74268808
vt 0.41011401 0.73984586
vt 0.41011401 0.73711839
vt 0.41011401 0.73412652
vt 0.41011401 0.73059322
vt 0.41011401 0.72679102
vt 0.41011401 0.72304034
vt 0.41011401 0.71934709
vt 0.41011401 0.71550216
vt 0.41011401 0.71151508
vt 0.41011401 0.70741299
vt 0.41011401 0.703083
vt 0.41011401 0.69860622
vt 0.41011401 0.69430938
vt 0.41011401 0.69049761
vt 0.41011401 0.6871972
vt 0.41011401 0.68408765
vt 0.41011401 0.681024
vt 0.41011401 0.67802311
vt 0.41011401 0.67505196
vt 0.41011401 0.67208227
vt 0.41011401 0.66913441
vt 0.41011401 0.66616011
vt 0.41011401 0.66268838
vt 0.41011401 0.65876254
vt 0.41011401 0.65514215
vt 0.41011401 0.6526334
vt 0.42555952 0.77689892
vt 0.42555952 0.7741962
vt 0.42555952 0.77001028
vt 0.42555952 0.76526993
vt 0.42555952 0.76087841
vt 0.42555952 0.75687465
vt 0.42555952 0.75288339
vt 0.42555952 0.74910638
vt 0.42555952 0.74574815
vt 0.42555952 0.7427531
vt 0.42555952 0.73990503
vt 0.42555952 0.73719335
vt 0.42555952 0.73461631
vt 0.42555952 0.73178828
vt 0.42555952 0.72841929
vt 0.42555952 0.72475564
vt 0.42555952 0.72109681
vt 0.42555952 0.71745034
vt 0.42555952 0.71362741
vt 0.42555952 0.70964923
vt 0.42555952 0.70555523
vt 0.42555952 0.70125239
vt 0.42555952 0.6968307
vt 0.42555952 0.69261111
vt 0.42555952 0.68889211
vt 0.42555952 0.68570637
vt 0.42555952 0.68274349
vt 0.42555952 0.67983715
vt 0.42555952 0.67699034
vt 0.42555952 0.67417176
vt 0.42555952 0.67135455
vt 0.42555952 0.66855805
vt 0.42555952 0.66573647
vt 0.42555952 0.66244301
vt 0.42555952 0.65871874
vt 0.42555952 0.65528424
vt 0.42555952 0.65290431
vt 0.44100502 0.77437645
vt 0.44100502 0.77176417
vt 0.44100502 0.76768176
vt 0.44100502 0.76302198
vt 0.44100502 0.75865701
vt 0.44100502 0.75463873
vt 0.44100502 0.75062225
vt 0.44100502 0.74681553
vt 0.44100502 0.74343017
vt 0.44100502 0.7404359
vt 0.44100502 0.73763903
vt 0.44100502 0.73502255
vt 0.44100502 0.73256583
vt 0.44100502 0.72987076
vt 0.44100502 0.7266287
vt 0.44100502 0.72306156
vt 0.44100502 0.71945123
vt 0.44100502 0.7158075
vt 0.44100502 0.71196029
vt 0.44100502 0.70794292
vt 0.44100502 0.70380768
vt 0.44100502 0.69948048
vt 0.44100502 0.69506129
vt 0.44100502 0.69086911
vt 0.44100502 0.68719931
vt 0.44100502 0.68409156
vt 0.44100502 0.68124255
vt 0.44100502 0.67846173
vt 0.44100502 0.67573786
vt 0.44100502 0.673041
vt 0.44100502 0.67034545
vt 0.44100502 0.66766972
vt 0.44100502 0.66497
vt 0.44100502 0.66181876
vt 0.44100502 0.65825534
vt 0.44100502 0.65496916
vt 0.44100502 0.652692
vt 0.45645053 0.77288004
vt 0.45645053 0.77032568
vt 0.45645053 0.76629597
vt 0.45645053 0.7616588
vt 0.45645053 0.7572661
vt 0.45645053 0.75318281
vt 0.45645053 0.74908972
vt 0.45645053 0.74520321
vt 0.45645053 0.74174411
vt 0.45645053 0.73870631
vt 0.45645053 0.73591788
vt 0.45645053 0.73335805
vt 0.45645053 0.73098854
vt 0.45645053 0.72839266
vt 0.45645053 0.72523701
vt 0.45645053 0.72172124
vt 0.45645053 0.71811338
vt 0.45645053 0.71442619
vt 0.45645053 0.71050642
vt 0.45645053 0.70639982
vt 0.45645053 0.702172
vt 0.45645053 0.69776661
vt 0.45645053 0.69329478
vt 0.45645053 0.68907744
vt 0.45645053 0.68541058
vt 0.45645053 0.68234151
vt 0.45645053 0.67957079
vt 0.45645053 0.67688083
vt 0.45645053 0.67424597
vt 0.45645053 0.67163723
vt 0.45645053 0.66902977
vt 0.45645053 0.66644147
vt 0.45645053 0.66382997
vt 0.45645053 0.66078171
vt 0.45645053 0.65733472
vt 0.45645053 0.65415593
vt 0.45645053 0.65195318
vt 0.47189604 0.77247347
vt 0.47189604 0.76994239
vt 0.47189604 0.76591126
vt 0.47189604 0.76123496
vt 0.47189604 0.75675669
vt 0.47189604 0.75255464
vt 0.47189604 0.74833039
vt 0.47189604 0.74431113
vt 0.47189604 0.74072929
vt 0.47189604 0.73760168
vt 0.47189604 0.73477674
vt 0.47189604 0.73223265
vt 0.47189604 0.72991503
vt 0.47189604 0.72738237
vt 0.47189604 0.72426996
vt 0.47189604 0.7207575
vt 0.47189604 0.71710319
vt 0.47189604 0.71332342
vt 0.47189604 0.70927968
vt 0.47189604 0.70503055
vt 0.47189604 0.70065544
vt 0.47189604 0.69611453
vt 0.47189604 0.69153128
vt 0.47189604 0.68723281
vt 0.47189604 0.68351967
vt 0.47189604 0.68044746
vt 0.47189604 0.6777171
vt 0.47189604 0.67508112
vt 0.47189604 0.67249913
vt 0.47189604 0.66994274
vt 0.47189604 0.6673876
vt 0.47189604 0.66485123
vt 0.47189604 0.66229213
vt 0.47189604 0.65930503
vt 0.47189604 0.65592722
vt 0.47189604 0.6528122
vt 0.47189604 0.65065366
vt 0.48734154 0.77322102
vt 0.48734154 0.7706769
vt 0.48734154 0.76658732
vt 0.48734154 0.76180659
vt 0.48734154 0.75718124
vt 0.48734154 0.75280311
vt 0.48734154 0.74838961
vt 0.48734154 0.74418143
vt 0.48734154 0.74042524
vt 0.48734154 0.73715967
vt 0.48734154 0.73425178
vt 0.48734154 0.73168099
vt 0.48734154 0.72937854
vt 0.48734154 0.72687164
vt 0.48734154 0.7237573
vt 0.48734154 0.72019765
vt 0.48734154 0.71644519
vt 0.48734154 0.71252061
vt 0.48734154 0.708298
vt 0.48734154 0.70384925
vt 0.48734154 0.69926819
vt 0.48734154 0.69453044
vt 0.48734154 0.68977316
vt 0.48734154 0.68533414
vt 0.48734154 0.68152264
vt 0.48734154 0.67840325
vt 0.48734154 0.67567361
vt 0.48734154 0.67305311
vt 0.48734154 0.67048629
vt 0.48734154 0.66794492
vt 0.48734154 0.66540479
vt 0.48734154 0.66288332
vt 0.48734154 0.66033925
vt 0.48734154 0.6573697
vt 0.48734154 0.65401173
vt 0.48734154 0.65091501
vt 0.48734154 0.64876915
vt 0.50278705 0.77517244
vt 0.50278705 0.77257784
vt 0.50278705 0.76837075
vt 0.50278705 0.76341762
vt 0.50278705 0.75858074
vt 0.50278705 0.75396625
vt 0.50278705 0.74930246
vt 0.50278705 0.74484652
vt 0.50278705 0.74086229
vt 0.50278705 0.73740942
vt 0.50278705 0.73437149
vt 0.50278705 0.73173099
vt 0.50278705 0.72940636
vt 0.50278705 0.726887
vt 0.50278705 0.72372437
vt 0.50278705 0.72006533
vt 0.50278705 0.71616095
vt 0.50278705 0.71203684
vt 0.50278705 0.70757752
vt 0.50278705 0.70286881
vt 0.50278705 0.69801976
vt 0.50278705 0.69302051
vt 0.50278705 0.68802344
vt 0.50278705 0.68338166
vt 0.50278705 0.67941757
vt 0.50278705 0.67620548
vt 0.50278705 0.67343586
vt 0.50278705 0.67079145
vt 0.50278705 0.66820121
vt 0.50278705 0.66563664
vt 0.50278705 0.66307334
vt 0.50278705 0.66052886
vt 0.50278705 0.65796158
vt 0.50278705 0.65496493
vt 0.50278705 0.65157632
vt 0.50278705 0.64845135
vt 0.50278705 0.6462859
vt 0.51823255 0.77834511
vt 0.51823255 0.77566229
vt 0.51823255 0.77127791
vt 0.51823255 0.76608336
vt 0.51823255 0.76096928
vt 0.51823255 0.75605686
vt 0.51823255 0.75108055
vt 0.51823255 0.74631704
vt 0.51823255 0.74205054
vt 0.51823255 0.73836112
vt 0.51823255 0.73514666
vt 0.51823255 0.732394
vt 0.51823255 0.73001001
vt 0.51823255 0.72743988
vt 0.51823255 0.72418227
vt 0.51823255 0.72037118
vt 0.51823255 0.71626039
vt 0.51823255 0.711881
vt 0.51823255 0.70712586
vt 0.51823255 0.70209535
vt 0.51823255 0.69691476
vt 0.51823255 0.69158784
vt 0.51823255 0.68628384
vt 0.51823255 0.68137602
vt 0.51823255 0.67720429
vt 0.51823255 0.6738535
vt 0.51823255 0.67100295
vt 0.51823255 0.66829505
vt 0.51823255 0.66564261
vt 0.51823255 0.66301648
vt 0.51823255 0.66039162
vt 0.51823255 0.65778606
vt 0.51823255 0.65515714
vt 0.51823255 0.65208854
vt 0.51823255 0.64861857
vt 0.51823255 0.64541857
vt 0.51823255 0.64320113
vt 0.53367806 0.78270612
vt 0.53367806 0.77989793
vt 0.53367806 0.77527755
vt 0.53367806 0.76977389
vt 0.53367806 0.76431833
vt 0.53367806 0.75904792
vt 0.53367806 0.75369853
vt 0.53367806 0.74856951
vt 0.53367806 0.74396848
vt 0.53367806 0.73999554
vt 0.53367806 0.7365604
vt 0.53367806 0.73365498
vt 0.53367806 0.73117548
vt 0.53367806 0.72851681
vt 0.53367806 0.72511828
vt 0.53367806 0.72110351
vt 0.53367806 0.7167331
vt 0.53367806 0.71204409
vt 0.53367806 0.70693545
vt 0.53367806 0.70152283
vt 0.53367806 0.69594865
vt 0.53367806 0.69022942
vt 0.53367806 0.6845529
vt 0.53367806 0.67931715
vt 0.53367806 0.67488394
vt 0.53367806 0.67134939
vt 0.53367806 0.66837759
vt 0.53367806 0.66556717
vt 0.53367806 0.66281432
vt 0.53367806 0.66008876
vt 0.53367806 0.65736453
vt 0.53367806 0.65466032
vt 0.53367806 0.65193187
vt 0.53367806 0.6487471
vt 0.53367806 0.64514576
vt 0.53367806 0.64182461
vt 0.53367806 0.63952322
vt 0.54912356 0.788157
vt 0.54912356 0.78518795
vt 0.54912356 0.78027603
vt 0.54912356 0.77439984
vt 0.54912356 0.76854332
vt 0.54912356 0.76286004
vt 0.54912356 0.75708256
vt 0.54912356 0.75153572
vt 0.54912356 0.74655339
vt 0.54912356 0.74225512
vt 0.54912356 0.73855974
vt 0.54912356 0.73546439
vt 0.54912356 0.73285507
vt 0.54912356 0.73007122
vt 0.54912356 0.72648768
vt 0.54912356 0.72222054
vt 0.54912356 0.71754114
vt 0.54912356 0.71249267
vt 0.54912356 0.70697798
vt 0.54912356 0.7011284
vt 0.54912356 0.69510419
vt 0.54912356 0.68893362
vt 0.54912356 0.6828243
vt 0.54912356 0.67720342
vt 0.54912356 0.67245864
vt 0.54912356 0.66869791
vt 0.54912356 0.66556612
vt 0.54912356 0.66261544
vt 0.54912356 0.6597252
vt 0.54912356 0.65686362
vt 0.54912356 0.65400343
vt 0.54912356 0.65116426
vt 0.54912356 0.64829964
vt 0.54912356 0.64495593
vt 0.54912356 0.64117485
vt 0.54912356 0.63768795
vt 0.54912356 0.63527171
vt 0.56456907 0.79452389
vt 0.56456907 0.79136125
vt 0.56456907 0.78610785
vt 0.56456907 0.7798033
vt 0.56456907 0.77349504
vt 0.56456907 0.76735342
vt 0.56456907 0.76110289
vt 0.56456907 0.75509598
vt 0.56456907 0.74969512
vt 0.56456907 0.74503827
vt 0.56456907 0.74105024
vt 0.56456907 0.73773288
vt 0.56456907 0.73496216
vt 0.56456907 0.73201815
vt 0.56456907 0.72820856
vt 0.56456907 0.72364532
vt 0.56456907 0.71861424
vt 0.56456907 0.71316467
vt 0.56456907 0.70720072
vt 0.56456907 0.70086945
vt 0.56456907 0.69434916
vt 0.56456907 0.6876785
vt 0.56456907 0.68108575
vt 0.56456907 0.67503096
vt 0.56456907 0.66993117
vt 0.56456907 0.66590635
vt 0.56456907 0.66257843
vt 0.56456907 0.65945176
vt 0.56456907 0.65638912
vt 0.56456907 0.65335685
vt 0.56456907 0.65032606
vt 0.56456907 0.64731755
vt 0.56456907 0.64428206
vt 0.56456907 0.64073891
vt 0.56456907 0.6367323
vt 0.56456907 0.63303742
vt 0.56456907 0.63047705
vt 0.58001457 0.80155563
vt 0.58001457 0.7981706
vt 0.58001457 0.79253373
vt 0.58001457 0.78575592
vt 0.58001457 0.77895784
vt 0.58001457 0.77232625
vt 0.58001457 0.76557237
vt 0.58001457 0.7590778
vt 0.58001457 0.75323493
vt 0.58001457 0.74819834
vt 0.58001457 0.74389499
vt 0.58001457 0.74033027
vt 0.58001457 0.73737004
vt 0.58001457 0.73423309
vt 0.58001457 0.73016059
vt 0.58001457 0.72526454
vt 0.58001457 0.71984878
vt 0.58001457 0.71396834
vt 0.58001457 0.70752566
vt 0.58001457 0.70068285
vt 0.58001457 0.69363575
vt 0.58001457 0.68643134
vt 0.58001457 0.6793187
vt 0.58001457 0.67279352
vt 0.58001457 0.66730485
vt 0.58001457 0.66298443
vt 0.58001457 0.6594278
vt 0.58001457 0.65609209
vt 0.58001457 0.65282469
vt 0.58001457 0.64958969
vt 0.58001457 0.64635627
vt 0.58001457 0.64314661
vt 0.58001457 0.63990818
vt 0.58001457 0.63612814
vt 0.58001457 0.63185366
vt 0.58001457 0.62791175
vt 0.58001457 0.6251802
vt 0.59546008 0.80893112
vt 0.59546008 0.80529979
vt 0.59546008 0.79924764
vt 0.59546008 0.79196574
vt 0.59546008 0.78465611
vt 0.59546008 0.77752075
vt 0.59546008 0.77025209
vt 0.59546008 0.76326108
vt 0.59546008 0.75697025
vt 0.59546008 0.751548
vt 0.59546008 0.74691865
vt 0.59546008 0.74308927
vt 0.59546008 0.73991553
vt 0.59546008 0.73655547
vt 0.59546008 0.73218848
vt 0.59546008 0.72693181
vt 0.59546008 0.72111067
vt 0.59546008 0.71478493
vt 0.59546008 0.70785177
vt 0.59546008 0.70048679
vt 0.59546008 0.69290196
vt 0.59546008 0.6851497
vt 0.59546008 0.67749894
vt 0.59546008 0.67048266
vt 0.59546008 0.66458356
vt 0.59546008 0.65994417
vt 0.59546008 0.6561307
vt 0.59546008 0.65255624
vt 0.59546008 0.64905499
vt 0.59546008 0.64558845
vt 0.59546008 0.6421236
vt 0.59546008 0.63868422
vt 0.59546008 0.63521401
vt 0.59546008 0.63116342
vt 0.59546008 0.626583
vt 0.59546008 0.62235895
vt 0.59546008 0.6194319
vt 0.61090559 0.81627614
vt 0.61090559 0.81238041
vt 0.61090559 0.80589312
vt 0.61090559 0.79809278
vt 0.61090559 0.79026912
vt 0.61090559 0.78263709
vt 0.61090559 0.77486432
vt 0.61090559 0.76738999
vt 0.61090559 0.76066567
vt 0.61090559 0.75486927
vt 0.61090559 0.74991671
vt 0.61090559 0.7458142
vt 0.61090559 0.74240736
vt 0.61090559 0.73879712
vt 0.61090559 0.7341102
vt 0.61090559 0.72847549
vt 0.61090559 0.72224269
vt 0.61090559 0.71547513
vt 0.61090559 0.70806051
vt 0.61090559 0.70018539
vt 0.61090559 0.69207517
vt 0.61090559 0.6837839
vt 0.61090559 0.67559824
vt 0.61090559 0.66808865
vt 0.61090559 0.66177194
vt 0.61090559 0.65679971
vt 0.61090559 0.6527065
vt 0.61090559 0.64886751
vt 0.61090559 0.64510715
vt 0.61090559 0.64138407
vt 0.61090559 0.63766282
vt 0.61090559 0.63396891
vt 0.61090559 0.63024189
vt 0.61090559 0.62589154
vt 0.61090559 0.62097215
vt 0.61090559 0.61643551
vt 0.61090559 0.61329185
vt 0.62635109 0.82318887
vt 0.62635109 0.81901705
vt 0.62635109 0.81208787
vt 0.62635109 0.80377278
vt 0.62635109 0.79545347
vt 0.62635109 0.78735447
vt 0.62635109 0.77911205
vt 0.62635109 0.77119103
vt 0.62635109 0.76406934
vt 0.62635109 0.75792865
vt 0.62635109 0.75266947
vt 0.62635109 0.74829412
vt 0.62635109 0.74463904
vt 0.62635109 0.74075502
vt 0.62635109 0.73572958
vt 0.62635109 0.72971071
vt 0.62635109 0.7230755
vt 0.62635109 0.71588894
vt 0.62635109 0.70802436
vt 0.62635109 0.69967553
vt 0.62635109 0.69107745
vt 0.62635109 0.68228086
vt 0.62635109 0.6735867
vt 0.62635109 0.66560169
vt 0.62635109 0.6588758
vt 0.62635109 0.65356718
vt 0.62635109 0.64917711
vt 0.62635109 0.64505227
vt 0.62635109 0.64101192
vt 0.62635109 0.63701162
vt 0.62635109 0.63301328
vt 0.62635109 0.62904432
vt 0.62635109 0.62503978
vt 0.62635109 0.6203655
vt 0.62635109 0.61507981
vt 0.62635109 0.61020537
vt 0.62635109 0.60682763
vt 0.6417966 0.82927177
vt 0.6417966 0.82481891
vt 0.6417966 0.81745457
vt 0.6417966 0.80864677
vt 0.6417966 0.7998712
vt 0.6417966 0.79135744
vt 0.6417966 0.78270337
vt 0.6417966 0.77439541
vt 0.6417966 0.76693356
vt 0.6417966 0.76049589
vt 0.6417966 0.7549594
vt 0.6417966 0.7503193
vt 0.6417966 0.74640492
vt 0.6417966 0.74222742
vt 0.6417966 0.73685211
vt 0.6417966 0.73045443
vt 0.6417966 0.72344164
vt 0.6417966 0.71587818
vt 0.6417966 0.70761748
vt 0.6417966 0.69885573
vt 0.6417966 0.68983241
vt 0.6417966 0.68058896
vt 0.6417966 0.67143595
vt 0.6417966 0.66301351
vt 0.6417966 0.65590258
vt 0.6417966 0.65026449
vt 0.6417966 0.64556665
vt 0.6417966 0.64113952
vt 0.6417966 0.63680306
vt 0.6417966 0.63250959
vt 0.6417966 0.62821822
vt 0.6417966 0.62395839
vt 0.6417966 0.61966037
vt 0.6417966 0.61464353
vt 0.6417966 0.60897047
vt 0.6417966 0.6037388
vt 0.6417966 0.60011351
vt 0.6572421 0.83416676
vt 0.6572421 0.82943463
vt 0.6572421 0.82165488
vt 0.6572421 0.81239369
vt 0.6572421 0.80322071
vt 0.6572421 0.79436488
vt 0.6572421 0.78537837
vt 0.6572421 0.77676372
vt 0.6572421 0.76903731
vt 0.6572421 0.76236465
vt 0.6572421 0.75659027
vt 0.6572421 0.75169937
vt 0.6572421 0.74751813
vt 0.6572421 0.74303173
vt 0.6572421 0.73730256
vt 0.6572421 0.73054231
vt 0.6572421 0.72319105
vt 0.6572421 0.7153103
vt 0.6572421 0.70672763
vt 0.6572421 0.69763582
vt 0.6572421 0.68827264
vt 0.6572421 0.67866343
vt 0.6572421 0.66912251
vt 0.6572421 0.66031916
vt 0.6572421 0.65286187
vt 0.6572421 0.64691114
vt 0.6572421 0.64190093
vt 0.6572421 0.63716029
vt 0.6572421 0.63251675
vt 0.6572421 0.62791925
vt 0.6572421 0.62332399
vt 0.6572421 0.61876251
vt 0.6572421 0.61416013
vt 0.6572421 0.60878803
vt 0.6572421 0.60271324
vt 0.6572421 0.59711109
vt 0.6572421 0.59322909
vt 0.67268761 0.83758965
vt 0.67268761 0.83258639
vt 0.67268761 0.82442261
vt 0.67268761 0.81476234
vt 0.67268761 0.80526693
vt 0.67268761 0.79615819
vt 0.67268761 0.78693515
vt 0.67268761 0.77810985
vt 0.67268761 0.77020809
vt 0.67268761 0.76337247
vt 0.67268761 0.75740571
vt 0.67268761 0.7522812
vt 0.67268761 0.74782826
vt 0.67268761 0.74302222
vt 0.67268761 0.73694237
vt 0.67268761 0.72984534
vt 0.67268761 0.72220654
vt 0.67268761 0.71408221
vt 0.67268761 0.70526794
vt 0.67268761 0.69594662
vt 0.67268761 0.68634726
vt 0.67268761 0.67647165
vt 0.67268761 0.66663112
vt 0.67268761 0.65751872
vt 0.67268761 0.64976594
vt 0.67268761 0.64352801
vt 0.67268761 0.63820703
vt 0.67268761 0.63314717
vt 0.67268761 0.62819095
vt 0.67268761 0.62328387
vt 0.67268761 0.61837918
vt 0.67268761 0.61351054
vt 0.67268761 0.60859826
vt 0.67268761 0.60286441
vt 0.67268761 0.59638057
vt 0.67268761 0.5904012
vt 0.67268761 0.58625779
vt 0.68813311 0.83935965
vt 0.68813311 0.83409913
vt 0.68813311 0.82559218
vt 0.68813311 0.8155985
vt 0.68813311 0.80586706
vt 0.68813311 0.79660529
vt 0.68813311 0.78725199
vt 0.68813311 0.77832123
vt 0.68813311 0.77034033
vt 0.68813311 0.76341764
vt 0.68813311 0.75730503
vt 0.68813311 0.75196437
vt 0.68813311 0.74723701
vt 0.68813311 0.74210566
vt 0.68813311 0.73568502
vt 0.68813311 0.72828458
vt 0.68813311 0.72041736
vt 0.68813311 0.71213238
vt 0.68813311 0.70318737
vt 0.68813311 0.69374844
vt 0.68813311 0.68402837
vt 0.68813311 0.67399774
vt 0.68813311 0.66395767
vt 0.68813311 0.65461867
vt 0.68813311 0.64663001
vt 0.68813311 0.64013701
vt 0.68813311 0.63451275
vt 0.68813311 0.6291336
vt 0.68813311 0.62386463
vt 0.68813311 0.61864789
vt 0.68813311 0.6134337
vt 0.68813311 0.60825783
vt 0.68813311 0.60303557
vt 0.68813311 0.5969399
vt 0.68813311 0.59004691
vt 0.68813311 0.58369021
vt 0.68813311 0.57928534
vt 0.70357862 0.83941992
vt 0.70357862 0.83392078
vt 0.70357862 0.82511821
vt 0.70357862 0.8148637
vt 0.70357862 0.80498804
vt 0.70357862 0.79567681
vt 0.70357862 0.78630217
vt 0.70357862 0.77737228
vt 0.70357862 0.7694076
vt 0.70357862 0.76247045
vt 0.70357862 0.75625422
vt 0.70357862 0.75071241
vt 0.70357862 0.74570972
vt 0.70357862 0.74025288
vt 0.70357862 0.73350737
vt 0.70357862 0.72584198
vt 0.70357862 0.71780935
vt 0.70357862 0.70944991
vt 0.70357862 0.70047837
vt 0.70357862 0.69103734
vt 0.70357862 0.68131587
vt 0.70357862 0.67124593
vt 0.70357862 0.66111116
vt 0.70357862 0.65163283
vt 0.70357862 0.64347238
vt 0.70357862 0.6367608
vt 0.70357862 0.63084613
vt 0.70357862 0.6251533
vt 0.70357862 0.61957706
vt 0.70357862 0.61405611
vt 0.70357862 0.60853786
vt 0.70357862 0.60306016
vt 0.70357862 0.59753336
vt 0.70357862 0.59108222
vt 0.70357862 0.58378726
vt 0.70357862 0.57705988
vt 0.70357862 0.57239814
vt 0.71902412 0.83784574
vt 0.71902412 0.83213029
vt 0.71902412 0.82308316
vt 0.71902412 0.81264224
vt 0.71902412 0.80271296
vt 0.71902412 0.79345181
vt 0.71902412 0.78415897
vt 0.71902412 0.77532887
vt 0.71902412 0.76746664
vt 0.71902412 0.76057712
vt 0.71902412 0.75429036
vt 0.71902412 0.74855822
vt 0.71902412 0.74328133
vt 0.71902412 0.73750466
vt 0.71902412 0.73045542
vt 0.71902412 0.72256598
vt 0.71902412 0.7144301
vt 0.71902412 0.70607916
vt 0.71902412 0.6971809
vt 0.71902412 0.68784832
vt 0.71902412 0.67823978
vt 0.71902412 0.66824206
vt 0.71902412 0.65811451
vt 0.71902412 0.64858254
vt 0.71902412 0.64031421
vt 0.71902412 0.63342235
vt 0.71902412 0.62723489
vt 0.71902412 0.6212396
vt 0.71902412 0.6153671
vt 0.71902412 0.60955282
vt 0.71902412 0.60374139
vt 0.71902412 0.59797267
vt 0.71902412 0.59215223
vt 0.71902412 0.58535835
vt 0.71902412 0.57767582
vt 0.71902412 0.57059102
vt 0.71902412 0.5656816
vt 0.73446963 0.83483828
vt 0.73446963 0.8289313
vt 0.73446963 0.81969091
vt 0.73446963 0.80913463
vt 0.73446963 0.79923447
vt 0.73446963 0.79011118
vt 0.73446963 0.78098928
vt 0.73446963 0.77234217
vt 0.73446963 0.76465176
vt 0.73446963 0.75785533
vt 0.73446963 0.75151893
vt 0.73446963 0.74560279
vt 0.73446963 0.74005573
vt 0.73446963 0.73397105
vt 0.73446963 0.72664352
vt 0.73446963 0.71857079
vt 0.73446963 0.71038843
vt 0.73446963 0.70211931
vt 0.73446963 0.69338194
vt 0.73446963 0.68425483
vt 0.73446963 0.67485976
vt 0.73446963 0.66503304
vt 0.73446963 0.65500402
vt 0.73446963 0.64549615
vt 0.73446963 0.63717906
vt 0.73446963 0.6301445
vt 0.73446963 0.62370588
vt 0.73446963 0.61742482
vt 0.73446963 0.6112724
vt 0.73446963 0.60518098
vt 0.73446963 0.59909253
vt 0.73446963 0.59304883
vt 0.73446963 0.58695095
vt 0.73446963 0.57983323
vt 0.73446963 0.5717845
vt 0.73446963 0.56436198
vt 0.73446963 0.55921856
vt 0.74991514 0.83070374
vt 0.74991514 0.82463133
vt 0.74991514 0.8152461
vt 0.74991514 0.80463738
vt 0.74991514 0.79483506
vt 0.74991514 0.78591879
vt 0.74991514 0.77703579
vt 0.74991514 0.76863229
vt 0.74991514 0.76116018
vt 0.74991514 0.75448185
vt 0.74991514 0.74810393
vt 0.74991514 0.74200718
vt 0.74991514 0.73619817
vt 0.74991514 0.72982366
vt 0.74991514 0.72224668
vt 0.74991514 0.71402903
vt 0.74991514 0.70584768
vt 0.74991514 0.6977184
vt 0.74991514 0.68921042
vt 0.74991514 0.68036449
vt 0.74991514 0.67126159
vt 0.74991514 0.66168417
vt 0.74991514 0.65182736
vt 0.74991514 0.64240764
vt 0.74991514 0.63409198
vt 0.74991514 0.62694945
vt 0.74991514 0.62028464
vt 0.74991514 0.61373965
vt 0.74991514 0.60732871
vt 0.74991514 0.60098134
vt 0.74991514 0.59463706
vt 0.74991514 0.58833942
vt 0.74991514 0.58198531
vt 0.74991514 0.57456851
vt 0.74991514 0.56618158
vt 0.74991514 0.55844718
vt 0.74991514 0.55308763
vt 0.76536064 0.82582004
vt 0.76536064 0.81960853
vt 0.76536064 0.81012136
vt 0.76536064 0.799511
vt 0.76536064 0.78985629
vt 0.76536064 0.78119225
vt 0.76536064 0.77258969
vt 0.76536064 0.76446324
vt 0.76536064 0.75722984
vt 0.76536064 0.75067379
vt 0.76536064 0.74425224
vt 0.76536064 0.73797829
vt 0.76536064 0.73192132
vt 0.76536064 0.72528158
vt 0.76536064 0.71748656
vt 0.76536064 0.70915826
vt 0.76536064 0.70101327
vt 0.76536064 0.69306236
vt 0.76536064 0.68482774
vt 0.76536064 0.67631125
vt 0.76536064 0.66755095
vt 0.76536064 0.6582744
vt 0.76536064 0.64864034
vt 0.76536064 0.63935463
vt 0.76536064 0.63107854
vt 0.76536064 0.62385825
vt 0.76536064 0.61699481
vt 0.76536064 0.61021255
vt 0.76536064 0.6035692
vt 0.76536064 0.59699172
vt 0.76536064 0.59041745
vt 0.76536064 0.5838915
vt 0.76536064 0.57730704
vt 0.76536064 0.56962136
vt 0.76536064 0.56093038
vt 0.76536064 0.55291559
vt 0.76536064 0.54736175
vt 0.78080615 0.82059551
vt 0.78080615 0.81427062
vt 0.78080615 0.80471704
vt 0.78080615 0.79414098
vt 0.78080615 0.78466138
vt 0.78080615 0.77626763
vt 0.78080615 0.76795802
vt 0.78080615 0.76011342
vt 0.78080615 0.7531134
vt 0.78080615 0.74666642
vt 0.78080615 0.74019395
vt 0.78080615 0.73375002
vt 0.78080615 0.72746625
vt 0.78080615 0.72059213
vt 0.78080615 0.71261232
vt 0.78080615 0.70420256
vt 0.78080615 0.69611574
vt 0.78080615 0.6883599
vt 0.78080615 0.6804148
vt 0.78080615 0.67224465
vt 0.78080615 0.663845
vt 0.78080615 0.65489019
vt 0.78080615 0.64550274
vt 0.78080615 0.63637594
vt 0.78080615 0.62816359
vt 0.78080615 0.62089024
vt 0.78080615 0.61385775
vt 0.78080615 0.6068692
vt 0.78080615 0.60002379
vt 0.78080615 0.59324624
vt 0.78080615 0.58647201
vt 0.78080615 0.57974756
vt 0.78080615 0.57296283
vt 0.78080615 0.56504339
vt 0.78080615 0.55608806
vt 0.78080615 0.54782949
vt 0.78080615 0.54210672
vt 0.79625165 0.8154265
vt 0.79625165 0.80901275
vt 0.79625165 0.79941985
vt 0.79625165 0.78889795
vt 0.79625165 0.77959746
vt 0.79625165 0.77146426
vt 0.79625165 0.76343139
vt 0.79625165 0.7558466
vt 0.79625165 0.74905294
vt 0.79625165 0.74269096
vt 0.79625165 0.73616127
vt 0.79625165 0.72956179
vt 0.79625165 0.72308051
vt 0.79625165 0.71600873
vt 0.79625165 0.7078786
vt 0.79625165 0.69941121
vt 0.79625165 0.69139079
vt 0.79625165 0.68382473
vt 0.79625165 0.67615684
vt 0.79625165 0.66831741
vt 0.79625165 0.66026266
vt 0.79625165 0.65161841
vt 0.79625165 0.64247367
vt 0.79625165 0.63350891
vt 0.79625165 0.62537005
vt 0.79625165 0.61806259
vt 0.79625165 0.6108921
vt 0.79625165 0.60373201
vt 0.79625165 0.59671859
vt 0.79625165 0.58977469
vt 0.79625165 0.58283418
vt 0.79625165 0.57594469
vt 0.79625165 0.56899343
vt 0.79625165 0.5608796
vt 0.79625165 0.55170448
vt 0.79625165 0.5432432
vt 0.79625165 0.53737997
vt 0.81169716 0.81066092
vt 0.81169716 0.80418136
vt 0.81169716 0.79456783
vt 0.81169716 0.7841042
vt 0.81169716 0.77496423
vt 0.81169716 0.76705592
vt 0.81169716 0.75925796
vt 0.81169716 0.75188875
vt 0.81169716 0.74525925
vt 0.81169716 0.73895503
vt 0.81169716 0.73236815
vt 0.81169716 0.72563706
vt 0.81169716 0.71899583
vt 0.81169716 0.71176829
vt 0.81169716 0.70352313
vt 0.81169716 0.69501687
vt 0.81169716 0.68705886
vt 0.81169716 0.67965719
vt 0.81169716 0.67222762
vt 0.81169716 0.66467247
vt 0.81169716 0.65691465
vt 0.81169716 0.64853927
vt 0.81169716 0.63960702
vt 0.81169716 0.63078693
vt 0.81169716 0.62271783
vt 0.81169716 0.61538981
vt 0.81169716 0.60811338
vt 0.81169716 0.60081968
vt 0.81169716 0.59367537
vt 0.81169716 0.58660189
vt 0.81169716 0.57953186
vt 0.81169716 0.5725138
vt 0.81169716 0.56543282
vt 0.81169716 0.55716758
vt 0.81169716 0.54782123
vt 0.81169716 0.53920205
vt 0.81169716 0.5332294
vt 0.82714266 0.80657337
vt 0.82714266 0.80004957
vt 0.82714266 0.79042659
vt 0.82714266 0.78001159
vt 0.82714266 0.77099405
vt 0.82714266 0.76325324
vt 0.82714266 0.75562793
vt 0.82714266 0.74841412
vt 0.82714266 0.74189844
vt 0.82714266 0.73562771
vt 0.82714266 0.72899301
vt 0.82714266 0.72216409
vt 0.82714266 0.71540796
vt 0.82714266 0.70807082
vt 0.82714266 0.69974638
vt 0.82714266 0.69121584
vt 0.82714266 0.68330631
vt 0.82714266 0.67602713
vt 0.82714266 0.66877466
vt 0.82714266 0.66143099
vt 0.82714266 0.65389439
vt 0.82714266 0.64571996
vt 0.82714266 0.63694746
vt 0.82714266 0.6282373
vt 0.82714266 0.62022288
vt 0.82714266 0.61288336
vt 0.82714266 0.60553377
vt 0.82714266 0.59814682
vt 0.82714266 0.59091118
vt 0.82714266 0.58374727
vt 0.82714266 0.57658687
vt 0.82714266 0.56947908
vt 0.82714266 0.56230758
vt 0.82714266 0.55393668
vt 0.82714266 0.54447084
vt 0.82714266 0.53574148
vt 0.82714266 0.52969248
vt 0.84258817 0.80335315
vt 0.84258817 0.7968055
vt 0.84258817 0.78717854
vt 0.84258817 0.77679218
vt 0.84258817 0.76784431
vt 0.84258817 0.76019775
vt 0.84258817 0.75266874
vt 0.84258817 0.74554039
vt 0.84258817 0.73908544
vt 0.84258817 0.7328297
vt 0.84258817 0.72616557
vt 0.84258817 0.71928085
vt 0.84258817 0.71246067
vt 0.84258817 0.70506318
vt 0.84258817 0.69669549
vt 0.84258817 0.6881522
vt 0.84258817 0.68027024
vt 0.84258817 0.67305986
vt 0.84258817 0.66590698
vt 0.84258817 0.65868245
vt 0.84258817 0.6512706
vt 0.84258817 0.6432096
vt 0.84258817 0.63452746
vt 0.84258817 0.62587965
vt 0.84258817 0.61789656
vt 0.84258817 0.61055132
vt 0.84258817 0.60316178
vt 0.84258817 0.5957237
vt 0.84258817 0.58843797
vt 0.84258817 0.58122447
vt 0.84258817 0.5740145
vt 0.84258817 0.56685751
vt 0.84258817 0.55963637
vt 0.84258817 0.55120752
vt 0.84258817 0.54167616
vt 0.84258817 0.53288637
vt 0.84258817 0.52679549
vt 0.85803367 0.80110199
vt 0.85803367 0.79455019
vt 0.85803367 0.78492146
vt 0.85803367 0.77453777
vt 0.85803367 0.76559848
vt 0.85803367 0.75796405
vt 0.85803367 0.75044743
vt 0.85803367 0.74332994
vt 0.85803367 0.73688241
vt 0.85803367 0.7306277
vt 0.85803367 0.72395843
vt 0.85803367 0.71706495
vt 0.85803367 0.71023493
vt 0.85803367 0.70282809
vt 0.85803367 0.69445332
vt 0.85803367 0.68590715
vt 0.85803367 0.678028
vt 0.85803367 0.67082625
vt 0.85803367 0.66368631
vt 0.85803367 0.65647746
vt 0.85803367 0.64908205
vt 0.85803367 0.64103584
vt 0.85803367 0.63236517
vt 0.85803367 0.62372494
vt 0.85803367 0.61574518
vt 0.85803367 0.6083982
vt 0.85803367 0.60100215
vt 0.85803367 0.59355601
vt 0.85803367 0.58626238
vt 0.85803367 0.57904105
vt 0.85803367 0.57182326
vt 0.85803367 0.56465851
vt 0.85803367 0.55742953
vt 0.85803367 0.54899154
vt 0.85803367 0.53944984
vt 0.85803367 0.53065052
vt 0.85803367 0.52455303
vt 0.87347918 0.79983552
vt 0.87347918 0.79329917
vt 0.87347918 0.78367038
vt 0.87347918 0.77326251
vt 0.87347918 0.76426942
vt 0.87347918 0.75656365
vt 0.87347918 0.74897435
vt 0.87347918 0.7417924
vt 0.87347918 0.73529895
vt 0.87347918 0.72903199
vt 0.87347918 0.72238273
vt 0.87347918 0.71552829
vt 0.87347918 0.70874321
vt 0.87347918 0.70137831
vt 0.87347918 0.69303264
vt 0.87347918 0.68449323
vt 0.87347918 0.67659154
vt 0.87347918 0.66933726
vt 0.87347918 0.66212222
vt 0.87347918 0.65482388
vt 0.87347918 0.64733478
vt 0.87347918 0.63920298
vt 0.87347918 0.63046347
vt 0.87347918 0.62177493
vt 0.87347918 0.61376981
vt 0.87347918 0.60642479
vt 0.87347918 0.59905574
vt 0.87347918 0.59164476
vt 0.87347918 0.58438558
vt 0.87347918 0.57719836
vt 0.87347918 0.57001466
vt 0.87347918 0.56288375
vt 0.87347918 0.55568892
vt 0.87347918 0.54729078
vt 0.87347918 0.53779415
vt 0.87347918 0.52903639
vt 0.87347918 0.5229677
vt 0.88892469 0.79948337
vt 0.88892469 0.79298261
vt 0.88892469 0.78335786
vt 0.88892469 0.77290321
vt 0.88892469 0.76379986
vt 0.88892469 0.75594551
vt 0.88892469 0.74820366
vt 0.88892469 0.74088499
vt 0.88892469 0.73429203
vt 0.88892469 0.72799594
vt 0.88892469 0.72138745
vt 0.88892469 0.71461622
vt 0.88892469 0.70792844
vt 0.88892469 0.7006556
vt 0.88892469 0.69237522
vt 0.88892469 0.68385338
vt 0.88892469 0.6759065
vt 0.88892469 0.66854306
vt 0.88892469 0.66117128
vt 0.88892469 0.65368612
vt 0.88892469 0.64600158
vt 0.88892469 0.6376917
vt 0.88892469 0.62880971
vt 0.88892469 0.62002208
vt 0.88892469 0.61196618
vt 0.88892469 0.60462813
vt 0.88892469 0.59731947
vt 0.88892469 0.58998628
vt 0.88892469 0.58280329
vt 0.88892469 0.57569151
vt 0.88892469 0.56858321
vt 0.88892469 0.56152715
vt 0.88892469 0.55440784
vt 0.88892469 0.54609785
vt 0.88892469 0.5367009
vt 0.88892469 0.52803506
vt 0.88892469 0.52203008
vt 0.90437019 0.7998872
vt 0.90437019 0.79344326
vt 0.90437019 0.7838316
vt 0.90437019 0.77331656
vt 0.90437019 0.76405911
vt 0.90437019 0.75599243
vt 0.90437019 0.74802995
vt 0.90437019 0.74051004
vt 0.90437019 0.73376542
vt 0.90437019 0.72741739
vt 0.90437019 0.72086209
vt 0.90437019 0.71421092
vt 0.90437019 0.70766782
vt 0.90437019 0.70053457
vt 0.90437019 0.69235548
vt 0.90437019 0.68386468
vt 0.90437019 0.67585589
vt 0.90437019 0.66833662
vt 0.90437019 0.66074035
vt 0.90437019 0.65298779
vt 0.90437019 0.64502387
vt 0.90437019 0.63646024
vt 0.90437019 0.62737644
vt 0.90437019 0.6184499
vt 0.90437019 0.61032489
vt 0.90437019 0.60300163
vt 0.90437019 0.59578643
vt 0.90437019 0.58857225
vt 0.90437019 0.58150582
vt 0.90437019 0.57450946
vt 0.90437019 0.56751651
vt 0.90437019 0.56057496
vt 0.90437019 0.55357118
vt 0.90437019 0.54539605
vt 0.90437019 0.53615159
vt 0.90437019 0.52762638
vt 0.90437019 0.52171885
vt 0.9198157 0.80080043
vt 0.9198157 0.79443599
vt 0.9198157 0.78485353
vt 0.9198157 0.77427729
vt 0.9198157 0.76484001
vt 0.9198157 0.75651716
vt 0.9198157 0.74828432
vt 0.9198157 0.7405124
vt 0.9198157 0.73356994
vt 0.9198157 0.72714272
vt 0.9198157 0.72064334
vt 0.9198157 0.71413954
vt 0.9198157 0.70778152
vt 0.9198157 0.70083158
vt 0.9198157 0.69278947
vt 0.9198157 0.68434703
vt 0.9198157 0.67626861
vt 0.9198157 0.66856187
vt 0.9198157 0.66069382
vt 0.9198157 0.65261758
vt 0.9198157 0.64431599
vt 0.9198157 0.63544717
vt 0.9198157 0.62612299
vt 0.9198157 0.61703373
vt 0.9198157 0.60883169
vt 0.9198157 0.6015352
vt 0.9198157 0.59444601
vt 0.9198157 0.58738989
vt 0.9198157 0.58047829
vt 0.9198157 0.57363522
vt 0.9198157 0.56679549
vt 0.9198157 0.56000603
vt 0.9198157 0.5531557
vt 0.9198157 0.54515969
vt 0.9198157 0.53611778
vt 0.9198157 0.52777937
vt 0.9198157 0.52200127
vt 0.9352612 0.80189601
vt 0.9352612 0.7956353
vt 0.9352612 0.78610647
vt 0.9352612 0.77548358
vt 0.9352612 0.76586261
vt 0.9352612 0.75726463
vt 0.9352612 0.74873585
vt 0.9352612 0.74068145
vt 0.9352612 0.73350777
vt 0.9352612 0.72697492
vt 0.9352612 0.7205265
vt 0.9352612 0.7141875
vt 0.9352612 0.70804686
vt 0.9352612 0.70131909
vt 0.9352612 0.69344904
vt 0.9352612 0.68507719
vt 0.9352612 0.67693305
vt 0.9352612 0.66902632
vt 0.9352612 0.6608647
vt 0.9352612 0.65243823
vt 0.9352612 0.64377182
vt 0.9352612 0.63457586
vt 0.9352612 0.62499813
vt 0.9352612 0.6157421
vt 0.9352612 0.60746809
vt 0.9352612 0.60021555
vt 0.9352612 0.59328405
vt 0.9352612 0.58642219
vt 0.9352612 0.57970088
vt 0.9352612 0.5730462
vt 0.9352612 0.56639477
vt 0.9352612 0.55979223
vt 0.9352612 0.55313049
vt 0.9352612 0.54535462
vt 0.9352612 0.53656164
vt 0.9352612 0.52845278
vt 0.9352612 0.52283376
vt 0.95070671 0.80278665
vt 0.95070671 0.79665531
vt 0.95070671 0.7872132
vt 0.95070671 0.77657454
vt 0.95070671 0.76678968
vt 0.95070671 0.75792526
vt 0.95070671 0.74910319
vt 0.95070671 0.74076157
vt 0.95070671 0.73334322
vt 0.95070671 0.72668672
vt 0.95070671 0.72028133
vt 0.95070671 0.71411639
vt 0.95070671 0.70821716
vt 0.95070671 0.7017448
vt 0.95070671 0.6940809
vt 0.95070671 0.68580727
vt 0.95070671 0.67761471
vt 0.95070671 0.66951727
vt 0.95070671 0.66106863
vt 0.95070671 0.65229789
vt 0.95070671 0.64327336
vt 0.95070671 0.63376041
vt 0.95070671 0.62394376
vt 0.95070671 0.61453865
vt 0.95070671 0.60621216
vt 0.95070671 0.59902655
vt 0.95070671 0.5922832
vt 0.95070671 0.58564826
vt 0.95070671 0.57914923
vt 0.95070671 0.57271463
vt 0.95070671 0.56628317
vt 0.95070671 0.55989898
vt 0.95070671 0.55345755
vt 0.95070671 0.54593883
vt 0.95070671 0.53743665
vt 0.95070671 0.52959596
vt 0.95070671 0.52416276
vn 0.987235 -0.082171 -0.136438
vn 0.987297 -0.081405 -0.136447
vn 0.989102 -0.054702 -0.136696
vn 0.990436 0.017337 -0.136881
vn 0.981566 0.134633 -0.135655
vn 0.959241 0.249563 -0.132569
vn 0.933346 0.335003 -0.128991
vn 0.89922 0.419475 -0.124274
vn 0.836532 0.535583 -0.115611
vn 0.70907 0.698295 -0.097995
vn 0.502512 0.861777 -0.069448
vn 0.205315 0.978285 -0.028375
vn -0.209436 0.977394 0.028945
vn -0.559506 0.825212 0.077325
vn -0.744567 0.659569 0.102901
vn -0.853124 0.508211 0.117904
vn -0.923842 0.360851 0.127677
vn -0.962694 0.235624 0.133047
vn -0.981061 0.138332 0.135585
vn -0.989161 0.053598 0.136704
vn -0.990196 -0.028005 0.136848
vn -0.984751 -0.108368 0.136095
vn -0.972891 -0.188161 0.134456
vn -0.950773 -0.280652 0.131399
vn -0.893951 -0.430799 0.123546
vn -0.754342 -0.648151 0.104252
vn -0.599585 -0.79601 0.082864
vn -0.584518 -0.807349 0.080782
vn -0.64632 -0.757821 0.089323
vn -0.679344 -0.727789 0.093887
vn -0.718782 -0.688102 0.099337
vn -0.805127 -0.582571 0.111271
vn -0.911197 -0.392252 0.12593
vn -0.967214 -0.215936 0.133671
vn -0.982653 -0.126295 0.135805
vn -0.985444 -0.101742 0.136191
vn -0.990585 0 0.136901
vn 0.98802 -0.082093 -0.130677
vn 0.988086 -0.081289 -0.130686
vn 0.989888 -0.054588 -0.130925
vn 0.991218 0.017288 -0.1311
vn 0.982405 0.134153 -0.129935
vn 0.960254 0.248558 -0.127005
vn 0.934581 0.333586 -0.123609
vn 0.900774 0.417628 -0.119138
vn 0.838664 0.533235 -0.110923
vn 0.712152 0.695678 -0.094191
vn 0.50643 0.859676 -0.066981
vn 0.209093 0.977505 -0.027655
vn -0.207725 0.977801 0.027474
vn -0.559995 0.825179 0.074066
vn -0.7458 0.658826 0.098641
vn -0.854456 0.507083 0.113012
vn -0.925016 0.359692 0.122344
vn -0.963673 0.234712 0.127457
vn -0.981915 0.137753 0.12987
vn -0.989954 0.053369 0.130933
vn -0.990981 -0.027889 0.131069
vn -0.985573 -0.107956 0.130354
vn -0.97378 -0.18752 0.128794
vn -0.951765 -0.279816 0.125882
vn -0.89513 -0.429798 0.118392
vn -0.755572 -0.647398 0.099933
vn -0.600302 -0.795823 0.079397
vn -0.58498 -0.807349 0.077371
vn -0.64683 -0.757821 0.085551
vn -0.67988 -0.727789 0.089922
vn -0.719349 -0.688102 0.095143
vn -0.805763 -0.582571 0.106572
vn -0.911916 -0.392252 0.120612
vn -0.967978 -0.215936 0.128027
vn -0.983428 -0.126295 0.13007
vn -0.986222 -0.101742 0.13044
vn -0.991366 0 0.13112
vn 0.988771 -0.082052 -0.124896
vn 0.988838 -0.081227 -0.124904
vn 0.99064 -0.054529 -0.125132
vn 0.991969 0.017263 -0.1253
vn 0.983182 0.133902 -0.12419
vn 0.961115 0.248031 -0.121403
vn 0.935548 0.332843 -0.118173
vn 0.901896 0.416659 -0.113922
vn 0.840067 0.532003 -0.106113
vn 0.714011 0.694301 -0.09019
vn 0.508663 0.858565 -0.064251
vn 0.211157 0.977088 -0.026672
vn -0.20689 0.978015 0.026133
vn -0.560443 0.825162 0.070792
vn -0.746704 0.658435 0.094319
vn -0.855449 0.50649 0.108055
vn -0.925948 0.359083 0.11696
vn -0.964516 0.234233 0.121832
vn -0.9827 0.13745 0.124129
vn -0.990709 0.053249 0.125141
vn -0.991732 -0.027828 0.12527
vn -0.986342 -0.107739 0.124589
vn -0.974581 -0.187183 0.123103
vn -0.952612 -0.279377 0.120329
vn -0.896056 -0.429271 0.113185
vn -0.756478 -0.647001 0.095554
vn -0.600885 -0.795724 0.0759
vn -0.585422 -0.807349 0.073947
vn -0.647319 -0.757821 0.081766
vn -0.680395 -0.727789 0.085944
vn -0.719893 -0.688102 0.090933
vn -0.806373 -0.582571 0.101856
vn -0.912606 -0.392252 0.115275
vn -0.96871 -0.215936 0.122362
vn -0.984172 -0.126295 0.124315
vn -0.986968 -0.101742 0.124668
vn -0.992117 0 0.125318
vn 0.989486 -0.082055 -0.119094
vn 0.989553 -0.081232 -0.119102
vn 0.991357 -0.054533 -0.119319
vn 0.992687 0.017265 -0.119479
vn 0.983891 0.133922 -0.118421
vn 0.9618 0.248074 -0.115762
vn 0.936205 0.332902 -0.112681
vn 0.902514 0.416737 -0.108626
vn 0.840614 0.532102 -0.101176
vn 0.714422 0.694412 -0.085987
vn 0.508882 0.858654 -0.061249
vn 0.211156 0.977122 -0.025415
vn -0.20712 0.977998 0.024929
vn -0.560847 0.825163 0.067503
vn -0.747217 0.658466 0.089935
vn -0.85604 0.506537 0.103032
vn -0.9266 0.359131 0.111525
vn -0.965205 0.234272 0.116172
vn -0.983408 0.137474 0.118362
vn -0.991425 0.053258 0.119327
vn -0.99245 -0.027833 0.119451
vn -0.987054 -0.107757 0.118801
vn -0.975281 -0.18721 0.117384
vn -0.953291 -0.279412 0.114738
vn -0.896684 -0.429313 0.107924
vn -0.756999 -0.647033 0.091112
vn -0.601309 -0.795732 0.072373
vn -0.585846 -0.807349 0.070512
vn -0.647788 -0.757821 0.077967
vn -0.680887 -0.727789 0.081951
vn -0.720414 -0.688102 0.086709
vn -0.806956 -0.582571 0.097125
vn -0.913266 -0.392252 0.10992
vn -0.969411 -0.215936 0.116678
vn -0.984885 -0.126295 0.11854
vn -0.987683 -0.101742 0.118877
vn -0.992835 0 0.119497
vn 0.990165 -0.082111 -0.113272
vn 0.99023 -0.081315 -0.11328
vn 0.992037 -0.054614 -0.113487
vn 0.993371 0.017299 -0.113639
vn 0.984525 0.13426 -0.112627
vn 0.962284 0.248781 -0.110083
vn 0.9365 0.3339 -0.107133
vn 0.902544 0.418037 -0.103249
vn 0.840159 0.533755 -0.096112
vn 0.713139 0.696259 -0.081581
vn 0.506748 0.860143 -0.057971
vn 0.208742 0.977679 -0.02388
vn -0.208594 0.977711 0.023863
vn -0.561201 0.825186 0.0642
vn -0.747277 0.658992 0.085487
vn -0.856166 0.507334 0.097943
vn -0.926927 0.359949 0.106038
vn -0.965718 0.234914 0.110476
vn -0.984031 0.137881 0.112571
vn -0.992102 0.05342 0.113494
vn -0.993133 -0.027915 0.113612
vn -0.987704 -0.108047 0.112991
vn -0.975869 -0.187662 0.111637
vn -0.953779 -0.280002 0.10911
vn -0.896969 -0.43002 0.102611
vn -0.757072 -0.647565 0.086607
vn -0.601552 -0.795864 0.068816
vn -0.58625 -0.807349 0.067066
vn -0.648235 -0.757821 0.074156
vn -0.681357 -0.727789 0.077946
vn -0.720912 -0.688102 0.08247
vn -0.807513 -0.582571 0.092377
vn -0.913897 -0.392252 0.104548
vn -0.97008 -0.215936 0.110975
vn -0.985565 -0.126295 0.112746
vn -0.988365 -0.101742 0.113066
vn -0.99352 0 0.113656
vn 0.990807 -0.082225 -0.107431
vn 0.990867 -0.081485 -0.107438
vn 0.99268 -0.05478 -0.107635
vn 0.994023 0.01737 -0.10778
vn 0.985077 0.13496 -0.10681
vn 0.96254 0.25025 -0.104366
vn 0.936383 0.335973 -0.10153
vn 0.901896 0.420738 -0.097791
vn 0.838548 0.537187 -0.090922
vn 0.709904 0.70008 -0.076974
vn 0.501917 0.863202 -0.054422
vn 0.203589 0.978807 -0.022075
vn -0.211472 0.977115 0.022929
vn -0.5615 0.825234 0.060882
vn -0.746822 0.660075 0.080977
vn -0.855762 0.50898 0.092789
vn -0.926884 0.361643 0.1005
vn -0.966031 0.236248 0.104745
vn -0.98456 0.138728 0.106754
vn -0.992736 0.053755 0.107641
vn -0.993781 -0.028085 0.107754
vn -0.988288 -0.108649 0.107158
vn -0.976332 -0.188599 0.105862
vn -0.954051 -0.281223 0.103446
vn -0.896865 -0.431482 0.097246
vn -0.75664 -0.648664 0.082041
vn -0.601591 -0.796137 0.065229
vn -0.586636 -0.807349 0.063608
vn -0.648661 -0.757821 0.070333
vn -0.681805 -0.727789 0.073927
vn -0.721386 -0.688102 0.078219
vn -0.808044 -0.582571 0.087615
vn -0.914498 -0.392252 0.099157
vn -0.970718 -0.215936 0.105253
vn -0.986212 -0.126295 0.106933
vn -0.989014 -0.101742 0.107237
vn -0.994173 0 0.107796
vn 0.99141 -0.082404 -0.101572
vn 0.991463 -0.081752 -0.101577
vn 0.993285 -0.05504 -0.101764
vn 0.994641 0.017481 -0.101903
vn 0.985541 0.136068 -0.10097
vn 0.962539 0.252577 -0.098614
vn 0.935796 0.339255 -0.095874
vn 0.900473 0.425015 -0.092255
vn 0.835609 0.542613 -0.08561
vn 0.70444 0.706085 -0.072171
vn 0.494057 0.867955 -0.050617
vn 0.195421 0.980515 -0.020021
vn -0.215871 0.976171 0.022116
vn -0.561742 0.825308 0.057552
vn -0.745803 0.66177 0.076409
vn -0.854769 0.511567 0.087573
vn -0.926426 0.364316 0.094914
vn -0.96612 0.238359 0.098981
vn -0.984986 0.140069 0.100914
vn -0.993326 0.054288 0.101768
vn -0.994393 -0.028354 0.101877
vn -0.9888 -0.109603 0.101304
vn -0.976656 -0.19008 0.10006
vn -0.954082 -0.283149 0.097747
vn -0.896327 -0.43378 0.09183
vn -0.755651 -0.650383 0.077418
vn -0.601409 -0.796562 0.061615
vn -0.587001 -0.807349 0.060139
vn -0.649065 -0.757821 0.066498
vn -0.68223 -0.727789 0.069896
vn -0.721835 -0.688102 0.073953
vn -0.808548 -0.582571 0.082837
vn -0.915068 -0.392252 0.09375
vn -0.971323 -0.215936 0.099514
vn -0.986827 -0.126295 0.101102
vn -0.989631 -0.101742 0.101389
vn -0.994793 0 0.101918
vn 0.991974 -0.082651 -0.095694
vn 0.992017 -0.082123 -0.095698
vn 0.99385 -0.055404 -0.095875
vn 0.995224 0.017636 -0.096007
vn 0.985908 0.137624 -0.095109
vn 0.962249 0.25585 -0.092826
vn 0.934676 0.343876 -0.090167
vn 0.898165 0.431036 -0.086644
vn 0.831154 0.550231 -0.08018
vn 0.696463 0.714441 -0.067186
vn 0.482862 0.874456 -0.046581
vn 0.184033 0.98276 -0.017753
vn -0.221861 0.974843 0.021403
vn -0.561924 0.825411 0.054208
vn -0.744177 0.664114 0.071789
vn -0.85313 0.515166 0.0823
vn -0.925506 0.368059 0.089282
vn -0.96596 0.241327 0.093184
vn -0.985298 0.14196 0.09505
vn -0.99387 0.055039 0.095877
vn -0.994968 -0.028733 0.095983
vn -0.989234 -0.110945 0.09543
vn -0.97683 -0.192157 0.094233
vn -0.953848 -0.285843 0.092016
vn -0.895314 -0.436982 0.086369
vn -0.754064 -0.652761 0.072743
vn -0.600995 -0.797147 0.057977
vn -0.587347 -0.807349 0.05666
vn -0.649448 -0.757821 0.062651
vn -0.682632 -0.727789 0.065852
vn -0.722261 -0.688102 0.069675
vn -0.809024 -0.582571 0.078045
vn -0.915607 -0.392252 0.088327
vn -0.971896 -0.215936 0.093757
vn -0.987409 -0.126295 0.095254
vn -0.990214 -0.101742 0.095524
vn -0.995379 0 0.096022
vn 0.992498 -0.082969 -0.089799
vn 0.992528 -0.082602 -0.089801
vn 0.994376 -0.055875 -0.089968
vn 0.995773 0.017839 -0.090095
vn 0.986171 0.139664 -0.089226
vn 0.961639 0.260154 -0.087007
vn 0.932956 0.349953 -0.084411
vn 0.894856 0.43895 -0.080964
vn 0.824982 0.560208 -0.074642
vn 0.685681 0.725253 -0.062039
vn 0.468074 0.882674 -0.04235
vn 0.169321 0.985442 -0.01532
vn -0.229442 0.973101 0.020759
vn -0.562046 0.825541 0.050852
vn -0.741918 0.667122 0.067127
vn -0.850798 0.519825 0.076978
vn -0.924079 0.372945 0.083608
vn -0.965522 0.245225 0.087358
vn -0.985487 0.14445 0.089164
vn -0.994367 0.056028 0.089968
vn -0.995506 -0.029232 0.090071
vn -0.989586 -0.112706 0.089535
vn -0.976838 -0.194876 0.088382
vn -0.953327 -0.289358 0.086254
vn -0.893791 -0.441133 0.080868
vn -0.751851 -0.655814 0.068025
vn -0.600344 -0.797895 0.054317
vn -0.587673 -0.807349 0.053171
vn -0.649809 -0.757821 0.058793
vn -0.683011 -0.727789 0.061797
vn -0.722662 -0.688102 0.065385
vn -0.809474 -0.582571 0.073239
vn -0.916116 -0.392252 0.082888
vn -0.972435 -0.215936 0.087983
vn -0.987957 -0.126295 0.089388
vn -0.990764 -0.101742 0.089642
vn -0.995932 0 0.090109
vn 0.992983 -0.083358 -0.083886
vn 0.992997 -0.08319 -0.083888
vn 0.994861 -0.056457 -0.084045
vn 0.996288 0.018091 -0.084166
vn 0.986322 0.142216 -0.083324
vn 0.960674 0.265554 -0.081157
vn 0.930567 0.357583 -0.078614
vn 0.89042 0.44888 -0.075222
vn 0.816879 0.572665 -0.069009
vn 0.671819 0.738538 -0.056755
vn 0.44951 0.892468 -0.037974
vn 0.151308 0.988404 -0.012782
vn -0.238542 0.970923 0.020152
vn -0.562107 0.8257 0.047486
vn -0.739018 0.670787 0.062432
vn -0.847738 0.525558 0.071616
vn -0.922103 0.379022 0.077898
vn -0.964781 0.25011 0.081504
vn -0.985539 0.147583 0.083258
vn -0.994815 0.057275 0.084041
vn -0.996006 -0.02986 0.084142
vn -0.989849 -0.114916 0.083622
vn -0.976668 -0.198271 0.082508
vn -0.952497 -0.293725 0.080466
vn -0.891731 -0.446253 0.075333
vn -0.749006 -0.659535 0.063275
vn -0.59946 -0.798801 0.050642
vn -0.58798 -0.807349 0.049672
vn -0.650147 -0.757821 0.054924
vn -0.683367 -0.727789 0.05773
vn -0.723038 -0.688102 0.061082
vn -0.809895 -0.582571 0.068419
vn -0.916593 -0.392252 0.077433
vn -0.972942 -0.215936 0.082193
vn -0.988472 -0.126295 0.083505
vn -0.99128 -0.101742 0.083743
vn -0.996451 0 0.084179
vn 0.993427 -0.083814 -0.077958
vn 0.993422 -0.083882 -0.077958
vn 0.995306 -0.057147 -0.078105
vn 0.996766 0.018393 -0.07822
vn 0.986356 0.145295 -0.077403
vn 0.95932 0.272099 -0.075281
vn 0.927435 0.366833 -0.072779
vn 0.884729 0.460907 -0.069428
vn 0.806631 0.587656 -0.063299
vn 0.654634 0.754198 -0.051372
vn 0.427108 0.903579 -0.033517
vn 0.13017 0.991439 -0.010215
vn -0.249008 0.968304 0.019541
vn -0.562112 0.825884 0.044111
vn -0.735493 0.675069 0.057717
vn -0.843936 0.532341 0.066227
vn -0.919543 0.386307 0.07216
vn -0.963708 0.256021 0.075626
vn -0.985444 0.151392 0.077332
vn -0.995211 0.058794 0.078098
vn -0.996468 -0.030624 0.078197
vn -0.990019 -0.11759 0.07769
vn -0.97631 -0.20236 0.076615
vn -0.951343 -0.298953 0.074655
vn -0.889119 -0.452327 0.069773
vn -0.745542 -0.663885 0.058506
vn -0.598356 -0.799853 0.046955
vn -0.588265 -0.807349 0.046163
vn -0.650463 -0.757821 0.051044
vn -0.683699 -0.727789 0.053652
vn -0.72339 -0.688102 0.056767
vn -0.810289 -0.582571 0.063586
vn -0.917038 -0.392252 0.071963
vn -0.973415 -0.215936 0.076388
vn -0.988952 -0.126295 0.077607
vn -0.991762 -0.101742 0.077827
vn -0.996935 0 0.078233
vn 0.993832 -0.08433 -0.072014
vn 0.993803 -0.084671 -0.072012
vn 0.995709 -0.05794 -0.07215
vn 0.99721 0.018742 -0.072259
vn 0.986266 0.148902 -0.071466
vn 0.957547 0.279801 -0.069385
vn 0.923497 0.377724 -0.066918
vn 0.877661 0.475045 -0.063596
vn 0.794046 0.605129 -0.057537
vn 0.633972 0.77199 -0.045938
vn 0.400976 0.915628 -0.029055
vn 0.106261 0.994308 -0.0077
vn -0.26061 0.965259 0.018884
vn -0.562065 0.826089 0.040728
vn -0.731386 0.679901 0.052997
vn -0.839399 0.540101 0.060824
vn -0.916378 0.394769 0.066402
vn -0.962282 0.262966 0.069728
vn -0.985191 0.155892 0.071388
vn -0.995552 0.060592 0.072139
vn -0.996889 -0.031526 0.072236
vn -0.990089 -0.120733 0.071743
vn -0.975754 -0.207136 0.070704
vn -0.949856 -0.305019 0.068828
vn -0.885959 -0.459298 0.064198
vn -0.741501 -0.668797 0.05373
vn -0.597057 -0.801031 0.043263
vn -0.588531 -0.807349 0.042646
vn -0.650757 -0.757821 0.047155
vn -0.684008 -0.727789 0.049564
vn -0.723716 -0.688102 0.052441
vn -0.810655 -0.582571 0.058741
vn -0.917452 -0.392252 0.06648
vn -0.973854 -0.215936 0.070567
vn -0.989399 -0.126295 0.071693
vn -0.992209 -0.101742 0.071897
vn -0.997385 0 0.072272
vn 0.994198 -0.084896 -0.066056
vn 0.994143 -0.085542 -0.066052
vn 0.996072 -0.058824 -0.06618
vn 0.997617 0.019136 -0.066283
vn 0.98605 0.153013 -0.065514
vn 0.955335 0.288628 -0.063474
vn 0.918701 0.390207 -0.06104
vn 0.869123 0.491213 -0.057746
vn 0.778989 0.624898 -0.051757
vn 0.60982 0.791504 -0.040517
vn 0.371448 0.928126 -0.024679
vn 0.080125 0.996771 -0.005324
vn -0.273043 0.961831 0.018141
vn -0.561973 0.826312 0.037338
vn -0.726773 0.685179 0.048288
vn -0.834173 0.548711 0.055423
vn -0.912605 0.404321 0.060635
vn -0.960488 0.270908 0.063816
vn -0.984771 0.161074 0.065429
vn -0.995839 0.062668 0.066165
vn -0.997271 -0.032566 0.06626
vn -0.990058 -0.124332 0.065781
vn -0.974997 -0.212565 0.06478
vn -0.948038 -0.311858 0.062989
vn -0.882279 -0.467062 0.05862
vn -0.736956 -0.674165 0.048964
vn -0.595598 -0.802307 0.039572
vn -0.588776 -0.807349 0.039119
vn -0.651028 -0.757821 0.043255
vn -0.684292 -0.727789 0.045465
vn -0.724017 -0.688102 0.048105
vn -0.810992 -0.582571 0.053883
vn -0.917834 -0.392252 0.060982
vn -0.974259 -0.215936 0.064731
vn -0.98981 -0.126295 0.065764
vn -0.992622 -0.101742 0.065951
vn -0.9978 0 0.066295
vn 0.994525 -0.085499 -0.060083
vn 0.994441 -0.086476 -0.060078
vn 0.996395 -0.059781 -0.060196
vn 0.997989 0.019568 -0.060292
vn 0.98571 0.157576 -0.059551
vn 0.952679 0.29848 -0.057555
vn 0.913033 0.404138 -0.05516
vn 0.859082 0.5092 -0.0519
vn 0.761443 0.646598 -0.046002
vn 0.582393 0.812145 -0.035185
vn 0.339134 0.940515 -0.020488
vn 0.052492 0.998616 -0.003171
vn -0.285942 0.958091 0.017275
vn -0.561844 0.826546 0.033943
vn -0.721762 0.690766 0.043604
vn -0.828344 0.55798 0.050043
vn -0.908255 0.414803 0.054871
vn -0.958325 0.279753 0.057896
vn -0.984181 0.166891 0.059458
vn -0.996069 0.065004 0.060176
vn -0.997612 -0.033733 0.06027
vn -0.989925 -0.128345 0.059805
vn -0.974046 -0.218568 0.058846
vn -0.945911 -0.319354 0.057146
vn -0.878139 -0.475455 0.053052
vn -0.732015 -0.679852 0.044224
vn -0.594024 -0.803647 0.035887
vn -0.589 -0.807349 0.035584
vn -0.651276 -0.757821 0.039346
vn -0.684553 -0.727789 0.041356
vn -0.724293 -0.688102 0.043757
vn -0.811301 -0.582571 0.049014
vn -0.918184 -0.392252 0.055471
vn -0.97463 -0.215936 0.058881
vn -0.990187 -0.126295 0.059821
vn -0.993 -0.101742 0.059991
vn -0.99818 0 0.060304
vn 0.994815 -0.08612 -0.054097
vn 0.9947 -0.087446 -0.054091
vn 0.996678 -0.060786 -0.054199
vn 0.998324 0.020027 -0.054288
vn 0.985253 0.162498 -0.053577
vn 0.949604 0.30917 -0.051639
vn 0.906534 0.419244 -0.049297
vn 0.847605 0.528622 -0.046092
vn 0.74158 0.669651 -0.040327
vn 0.552223 0.833155 -0.030029
vn 0.304959 0.952221 -0.016583
vn 0.024259 0.999705 -0.001319
vn -0.298894 0.954148 0.016254
vn -0.56169 0.826784 0.030544
vn -0.716502 0.696496 0.038963
vn -0.822055 0.567651 0.044703
vn -0.903404 0.425966 0.049126
vn -0.955818 0.289326 0.051977
vn -0.983426 0.173242 0.053478
vn -0.996243 0.067564 0.054175
vn -0.997913 -0.035008 0.054266
vn -0.989695 -0.132695 0.053819
vn -0.972917 -0.225018 0.052907
vn -0.943517 -0.327328 0.051308
vn -0.873638 -0.484252 0.047508
vn -0.726821 -0.685689 0.039524
vn -0.592388 -0.805009 0.032214
vn -0.589203 -0.807349 0.03204
vn -0.6515 -0.757821 0.035428
vn -0.684789 -0.727789 0.037238
vn -0.724543 -0.688102 0.0394
vn -0.811581 -0.582571 0.044133
vn -0.918501 -0.392252 0.049947
vn -0.974967 -0.215936 0.053018
vn -0.990529 -0.126295 0.053864
vn -0.993343 -0.101742 0.054017
vn -0.998525 0 0.054299
vn 0.995069 -0.086738 -0.048099
vn 0.994922 -0.08842 -0.048092
vn 0.996924 -0.061806 -0.048189
vn 0.998624 0.020499 -0.048271
vn 0.984699 0.167636 -0.047598
vn 0.946178 0.3204 -0.045736
vn 0.899336 0.435093 -0.043471
vn 0.834921 0.548889 -0.040358
vn 0.719856 0.69325 -0.034796
vn 0.520235 0.853653 -0.025147
vn 0.270159 0.962727 -0.013059
vn -0.003548 0.999994 0.000172
vn -0.311459 0.95014 0.015055
vn -0.561521 0.827017 0.027142
vn -0.711176 0.702173 0.034376
vn -0.815508 0.577401 0.039419
vn -0.898188 0.437462 0.043416
vn -0.953028 0.299358 0.046067
vn -0.982526 0.179962 0.047493
vn -0.996364 0.070282 0.048162
vn -0.998173 -0.036358 0.048249
vn -0.98938 -0.137262 0.047824
vn -0.971647 -0.231724 0.046967
vn -0.94093 -0.335533 0.045482
vn -0.868921 -0.493166 0.042001
vn -0.721557 -0.691476 0.034878
vn -0.590754 -0.806347 0.028555
vn -0.589386 -0.807349 0.028489
vn -0.651702 -0.757821 0.031502
vn -0.685001 -0.727789 0.033111
vn -0.724768 -0.688102 0.035033
vn -0.811832 -0.582571 0.039242
vn -0.918785 -0.392252 0.044412
vn -0.975269 -0.215936 0.047142
vn -0.990836 -0.126295 0.047894
vn -0.993651 -0.101742 0.04803
vn -0.998834 0 0.048281
vn 0.99529 -0.087331 -0.042089
vn 0.99511 -0.08936 -0.042081
vn 0.997135 -0.062803 -0.042167
vn 0.998887 0.020966 -0.042241
vn 0.984078 0.172795 -0.041615
vn 0.942528 0.331741 -0.039858
vn 0.891691 0.451071 -0.037708
vn 0.821475 0.569185 -0.034739
vn 0.697092 0.716376 -0.029479
vn 0.487788 0.872719 -0.020628
vn 0.236234 0.971645 -0.00999
vn -0.029836 0.999554 0.001262
vn -0.323188 0.946236 0.013667
vn -0.56135 0.827238 0.023738
vn -0.706001 0.707582 0.029855
vn -0.808974 0.586849 0.03421
vn -0.892815 0.448839 0.037755
vn -0.950062 0.309465 0.040176
vn -0.981521 0.186801 0.041507
vn -0.996437 0.073059 0.042137
vn -0.998396 -0.037733 0.04222
vn -0.989001 -0.141874 0.041823
vn -0.970293 -0.238428 0.041032
vn -0.93826 -0.343649 0.039677
vn -0.864185 -0.501845 0.036545
vn -0.716436 -0.696994 0.030297
vn -0.589188 -0.807611 0.024916
vn -0.589547 -0.807349 0.024931
vn -0.65188 -0.757821 0.027567
vn -0.685189 -0.727789 0.028975
vn -0.724966 -0.688102 0.030657
vn -0.812054 -0.582571 0.03434
vn -0.919036 -0.392252 0.038864
vn -0.975536 -0.215936 0.041253
vn -0.991107 -0.126295 0.041912
vn -0.993923 -0.101742 0.042031
vn -0.999107 0 0.04225
vn 0.995478 -0.087873 -0.036068
vn 0.995268 -0.090226 -0.03606
vn 0.997313 -0.063729 -0.036134
vn 0.999115 0.021406 -0.036199
vn 0.983435 0.177723 -0.035631
vn 0.938854 0.342632 -0.034016
vn 0.884005 0.466379 -0.032029
vn 0.807979 0.588483 -0.029274
vn 0.674517 0.737854 -0.024439
vn 0.45664 0.889498 -0.016545
vn 0.204856 0.978764 -0.007422
vn -0.053501 0.998566 0.001938
vn -0.333642 0.942622 0.012088
vn -0.56119 0.827437 0.020333
vn -0.701218 0.712495 0.025406
vn -0.802781 0.595565 0.029086
vn -0.88757 0.459549 0.032158
vn -0.947083 0.319149 0.034314
vn -0.980473 0.19342 0.035524
vn -0.996472 0.075757 0.036104
vn -0.998581 -0.039066 0.03618
vn -0.988591 -0.146303 0.035818
vn -0.968937 -0.244804 0.035106
vn -0.935654 -0.351287 0.0339
vn -0.859674 -0.509892 0.031147
vn -0.7117 -0.70201 0.025786
vn -0.587764 -0.808752 0.021296
vn -0.589687 -0.807349 0.021365
vn -0.652035 -0.757821 0.023624
vn -0.685351 -0.727789 0.024831
vn -0.725138 -0.688102 0.026273
vn -0.812247 -0.582571 0.029429
vn -0.919254 -0.392252 0.033306
vn -0.975767 -0.215936 0.035353
vn -0.991342 -0.126295 0.035918
vn -0.994159 -0.101742 0.03602
vn -0.999344 0 0.036208
vn 0.995638 -0.088337 -0.030036
vn 0.995401 -0.090972 -0.030029
vn 0.997462 -0.064535 -0.030091
vn 0.999308 0.021794 -0.030147
vn 0.982829 0.18212 -0.029649
vn 0.935426 0.352395 -0.028219
vn 0.876835 0.480064 -0.026452
vn 0.795409 0.605598 -0.023995
vn 0.653744 0.756459 -0.019722
vn 0.428835 0.90329 -0.012937
vn 0.177749 0.984061 -0.005362
vn -0.073492 0.997293 0.002217
vn -0.342409 0.939494 0.01033
vn -0.561055 0.827606 0.016926
vn -0.697082 0.716683 0.021029
vn -0.797305 0.603097 0.024053
vn -0.882809 0.468976 0.026632
vn -0.944314 0.327812 0.028487
vn -0.979473 0.199399 0.029548
vn -0.996484 0.078204 0.030061
vn -0.998734 -0.04027 0.030129
vn -0.988194 -0.150276 0.029811
vn -0.967684 -0.250471 0.029193
vn -0.933293 -0.35801 0.028155
vn -0.855669 -0.516879 0.025813
vn -0.707602 -0.706289 0.021347
vn -0.586551 -0.809719 0.017695
vn -0.589806 -0.807349 0.017793
vn -0.652166 -0.757821 0.019674
vn -0.685489 -0.727789 0.020679
vn -0.725284 -0.688102 0.02188
vn -0.81241 -0.582571 0.024508
vn -0.919439 -0.392252 0.027737
vn -0.975963 -0.215936 0.029442
vn -0.991542 -0.126295 0.029912
vn -0.994358 -0.101742 0.029997
vn -0.999545 0 0.030154
vn 0.995769 -0.088699 -0.023994
vn 0.995511 -0.091556 -0.023988
vn 0.997585 -0.065172 -0.024038
vn 0.999466 0.022102 -0.024083
vn 0.982329 0.18566 -0.02367
vn 0.932571 0.360286 -0.022471
vn 0.870854 0.491093 -0.020984
vn 0.784937 0.619287 -0.018914
vn 0.636624 0.771022 -0.01534
vn 0.406508 0.913595 -0.009795
vn 0.15655 0.987663 -0.003772
vn -0.088859 0.996042 0.002141
vn -0.349118 0.937041 0.008412
vn -0.560956 0.827736 0.013517
vn -0.693846 0.71993 0.016719
vn -0.792939 0.609001 0.019107
vn -0.878932 0.476476 0.021179
vn -0.942015 0.334801 0.022699
vn -0.978632 0.204264 0.023581
vn -0.996489 0.080202 0.024011
vn -0.998859 -0.041251 0.024069
vn -0.987864 -0.153489 0.023804
vn -0.966656 -0.255017 0.023293
vn -0.931378 -0.36336 0.022443
vn -0.852469 -0.522375 0.020541
vn -0.704393 -0.709607 0.016973
vn -0.585618 -0.810464 0.014111
vn -0.589903 -0.807349 0.014214
vn -0.652274 -0.757821 0.015717
vn -0.685602 -0.727789 0.01652
vn -0.725403 -0.688102 0.017479
vn -0.812544 -0.582571 0.019579
vn -0.919591 -0.392252 0.022158
vn -0.976124 -0.215936 0.023521
vn -0.991705 -0.126295 0.023896
vn -0.994522 -0.101742 0.023964
vn -0.99971 0 0.024089
vn 0.995876 -0.088935 -0.017943
vn 0.995603 -0.091939 -0.017938
vn 0.997685 -0.06559 -0.017976
vn 0.999589 0.022307 -0.01801
vn 0.982005 0.188026 -0.017693
vn 0.930631 0.365574 -0.016767
vn 0.866768 0.498468 -0.015617
vn 0.777777 0.628384 -0.014013
vn 0.625007 0.780538 -0.011261
vn 0.391643 0.92009 -0.007056
vn 0.142698 0.989763 -0.002571
vn -0.098785 0.995107 0.00178
vn -0.353445 0.935434 0.006368
vn -0.560903 0.82782 0.010106
vn -0.691739 0.72204 0.012463
vn -0.790057 0.612869 0.014235
vn -0.876334 0.481445 0.015789
vn -0.940461 0.339479 0.016944
vn -0.978067 0.207542 0.017622
vn -0.996507 0.081551 0.017954
vn -0.998959 -0.041913 0.017998
vn -0.987653 -0.155644 0.017795
vn -0.965975 -0.258049 0.017404
vn -0.930107 -0.366906 0.016758
vn -0.850355 -0.525986 0.015321
vn -0.702304 -0.711765 0.012654
vn -0.585024 -0.810948 0.010541
vn -0.589978 -0.807349 0.01063
vn -0.652357 -0.757821 0.011754
vn -0.68569 -0.727789 0.012354
vn -0.725496 -0.688102 0.013071
vn -0.812648 -0.582571 0.014642
vn -0.919708 -0.392252 0.016571
vn -0.976249 -0.215936 0.017589
vn -0.991832 -0.126295 0.01787
vn -0.994649 -0.101742 0.017921
vn -0.999838 0 0.018014
vn 0.995958 -0.089026 -0.011883
vn 0.99568 -0.092087 -0.011879
vn 0.997765 -0.065753 -0.011904
vn 0.999678 0.022387 -0.011927
vn 0.981916 0.188955 -0.011715
vn 0.929897 0.367653 -0.011095
vn 0.865175 0.501363 -0.010322
vn 0.77496 0.631942 -0.009246
vn 0.620433 0.784224 -0.007402
vn 0.385837 0.922555 -0.004603
vn 0.137334 0.990523 -0.001639
vn -0.102613 0.994721 0.001224
vn -0.355123 0.93481 0.004237
vn -0.560906 0.827852 0.006692
vn -0.69095 0.722856 0.008244
vn -0.788961 0.614371 0.009413
vn -0.875345 0.483386 0.010444
vn -0.939881 0.341318 0.011214
vn -0.977882 0.208834 0.011667
vn -0.996554 0.082084 0.01189
vn -0.999039 -0.042174 0.01192
vn -0.987609 -0.156492 0.011783
vn -0.965745 -0.259237 0.011522
vn -0.929644 -0.368291 0.011092
vn -0.849563 -0.52739 0.010136
vn -0.701521 -0.712599 0.00837
vn -0.584819 -0.811134 0.006977
vn -0.590032 -0.807349 0.00704
vn -0.652417 -0.757821 0.007784
vn -0.685752 -0.727789 0.008182
vn -0.725562 -0.688102 0.008657
vn -0.812722 -0.582571 0.009697
vn -0.919792 -0.392252 0.010974
vn -0.976338 -0.215936 0.011649
vn -0.991922 -0.126295 0.011835
vn -0.99474 -0.101742 0.011868
vn -0.999929 0 0.01193
vn 0.996018 -0.08896 -0.005814
vn 0.995744 -0.09198 -0.005813
vn 0.997827 -0.065635 -0.005825
vn 0.999734 0.022329 -0.005836
vn 0.982098 0.188282 -0.005733
vn 0.930541 0.366147 -0.005432
vn 0.866434 0.499266 -0.005058
vn 0.777096 0.629366 -0.004536
vn 0.623823 0.781557 -0.003641
vn 0.390088 0.920775 -0.002277
vn 0.141232 0.989976 -0.000824
vn -0.099857 0.995002 0.000583
vn -0.353952 0.935261 0.002066
vn -0.560971 0.827829 0.003275
vn -0.691604 0.722266 0.004037
vn -0.789849 0.613284 0.004611
vn -0.876167 0.481981 0.005115
vn -0.940414 0.339986 0.00549
vn -0.978134 0.207898 0.00571
vn -0.99664 0.081698 0.005818
vn -0.999101 -0.041985 0.005832
vn -0.987759 -0.155878 0.005766
vn -0.966028 -0.258377 0.005639
vn -0.930091 -0.367288 0.005429
vn -0.850239 -0.526374 0.004963
vn -0.702172 -0.711996 0.004099
vn -0.585037 -0.810999 0.003415
vn -0.590064 -0.807349 0.003444
vn -0.652452 -0.757821 0.003809
vn -0.685789 -0.727789 0.004003
vn -0.725601 -0.688102 0.004236
vn -0.812766 -0.582571 0.004744
vn -0.919842 -0.392252 0.005369
vn -0.976391 -0.215936 0.0057
vn -0.991976 -0.126295 0.005791
vn -0.994794 -0.101742 0.005807
vn -0.999983 0 0.005837
vn 0.996056 -0.088731 0.000263
vn 0.995795 -0.091608 0.000263
vn 0.99787 -0.065228 0.000263
vn 0.999755 0.02213 0.000264
vn 0.982554 0.185975 0.000259
vn 0.93257 0.36099 0.000246
vn 0.870552 0.492076 0.00023
vn 0.784205 0.620502 0.000207
vn 0.635257 0.772301 0.000168
vn 0.404634 0.914479 0.000107
vn 0.154731 0.987957 0.000041
vn -0.090223 0.995922 -0.000024
vn -0.349798 0.936825 -0.000092
vn -0.561102 0.827747 -0.000148
vn -0.693752 0.720214 -0.000183
vn -0.792771 0.60952 -0.000209
vn -0.878827 0.47714 -0.000232
vn -0.942067 0.335424 -0.000248
vn -0.978825 0.2047 -0.000258
vn -0.996764 0.080381 -0.000263
vn -0.999145 -0.041339 -0.000263
vn -0.988106 -0.153776 -0.000261
vn -0.96683 -0.255422 -0.000255
vn -0.931464 -0.363835 -0.000246
vn -0.852419 -0.522859 -0.000225
vn -0.704305 -0.709897 -0.000186
vn -0.585698 -0.81053 -0.000154
vn -0.590074 -0.807349 -0.000156
vn -0.652463 -0.757821 -0.000172
vn -0.685801 -0.727789 -0.000181
vn -0.725614 -0.688102 -0.000191
vn -0.81278 -0.582571 -0.000214
vn -0.919858 -0.392252 -0.000243
vn -0.976407 -0.215936 -0.000257
vn -0.991993 -0.126295 -0.000262
vn -0.994811 -0.101742 -0.000262
vn -1 0 -0.000264
vn 0.99607 -0.08834 0.006347
vn 0.995833 -0.090976 0.006346
vn 0.997895 -0.06454 0.006359
vn 0.999742 0.021796 0.006371
vn 0.983252 0.182144 0.006265
vn 0.935812 0.352449 0.005963
vn 0.877174 0.480139 0.00559
vn 0.795683 0.605692 0.00507
vn 0.653911 0.75656 0.004167
vn 0.428868 0.903363 0.002733
vn 0.177678 0.984088 0.001132
vn -0.073632 0.997285 -0.000469
vn -0.342605 0.939477 -0.002183
vn -0.561297 0.827606 -0.003577
vn -0.697362 0.716706 -0.004444
vn -0.79762 0.603138 -0.005083
vn -0.883166 0.469027 -0.005628
vn -0.944707 0.32786 -0.00602
vn -0.979892 0.199433 -0.006244
vn -0.996916 0.078218 -0.006353
vn -0.999168 -0.040277 -0.006367
vn -0.988621 -0.150298 -0.0063
vn -0.968096 -0.250502 -0.006169
vn -0.933685 -0.358047 -0.00595
vn -0.856018 -0.516917 -0.005455
vn -0.707886 -0.706312 -0.004511
vn -0.586799 -0.809724 -0.003739
vn -0.590062 -0.807349 -0.00376
vn -0.65245 -0.757821 -0.004158
vn -0.685787 -0.727789 -0.00437
vn -0.725599 -0.688102 -0.004624
vn -0.812764 -0.582571 -0.005179
vn -0.919839 -0.392252 -0.005861
vn -0.976388 -0.215936 -0.006222
vn -0.991973 -0.126295 -0.006321
vn -0.994791 -0.101742 -0.006339
vn -0.99998 0 -0.006372
vn 0.996061 -0.087798 0.012439
vn 0.995855 -0.090105 0.012436
vn 0.997898 -0.063599 0.012462
vn 0.999694 0.021344 0.012484
vn 0.98413 0.177025 0.01229
vn 0.939959 0.341086 0.011738
vn 0.885657 0.464209 0.01106
vn 0.810423 0.585758 0.010121
vn 0.678175 0.734852 0.008469
vn 0.461335 0.887207 0.005761
vn 0.209364 0.977834 0.002615
vn -0.050264 0.998736 -0.000628
vn -0.332406 0.943127 -0.004151
vn -0.561555 0.82741 -0.007013
vn -0.702314 0.711813 -0.008771
vn -0.804145 0.594348 -0.010042
vn -0.888861 0.458042 -0.0111
vn -0.948092 0.317776 -0.01184
vn -0.981225 0.192478 -0.012254
vn -0.997078 0.075372 -0.012452
vn -0.999166 -0.038876 -0.012478
vn -0.989255 -0.145675 -0.012354
vn -0.969724 -0.243903 -0.01211
vn -0.936597 -0.350212 -0.011696
vn -0.860837 -0.508767 -0.01075
vn -0.712797 -0.701314 -0.008902
vn -0.588321 -0.808594 -0.007347
vn -0.590028 -0.807349 -0.007368
vn -0.652412 -0.757821 -0.008147
vn -0.685748 -0.727789 -0.008564
vn -0.725557 -0.688102 -0.009061
vn -0.812717 -0.582571 -0.010149
vn -0.919786 -0.392252 -0.011486
vn -0.976331 -0.215936 -0.012193
vn -0.991915 -0.126295 -0.012387
vn -0.994733 -0.101742 -0.012422
vn -0.999922 0 -0.012487
vn 0.996025 -0.087122 0.018538
vn 0.995857 -0.089027 0.018535
vn 0.997875 -0.062448 0.018572
vn 0.999611 0.020799 0.018604
vn 0.98511 0.170943 0.018335
vn 0.944632 0.327661 0.017581
vn 0.895213 0.445327 0.016661
vn 0.827058 0.561906 0.015393
vn 0.705947 0.708143 0.013139
vn 0.499873 0.866049 0.009303
vn 0.248495 0.968622 0.004625
vn -0.020596 0.999788 -0.000383
vn -0.319333 0.947624 -0.005943
vn -0.561869 0.82716 -0.010457
vn -0.708416 0.705672 -0.013185
vn -0.811976 0.583495 -0.015112
vn -0.895488 0.444773 -0.016667
vn -0.951921 0.305832 -0.017717
vn -0.982693 0.184335 -0.01829
vn -0.997228 0.072056 -0.01856
vn -0.999133 -0.037237 -0.018596
vn -0.98995 -0.140215 -0.018425
vn -0.971579 -0.236024 -0.018083
vn -0.939992 -0.340749 -0.017495
vn -0.86659 -0.498759 -0.016129
vn -0.718841 -0.695045 -0.013379
vn -0.590223 -0.807166 -0.010985
vn -0.589972 -0.807349 -0.01098
vn -0.65235 -0.757821 -0.012141
vn -0.685682 -0.727789 -0.012762
vn -0.725488 -0.688102 -0.013503
vn -0.812639 -0.582571 -0.015125
vn -0.919698 -0.392252 -0.017117
vn -0.976238 -0.215936 -0.018169
vn -0.991821 -0.126295 -0.018459
vn -0.994639 -0.101742 -0.018512
vn -0.999827 0 -0.018608
vn 0.995961 -0.086335 0.024643
vn 0.995835 -0.087784 0.02464
vn 0.997824 -0.061139 0.024689
vn 0.99949 0.020189 0.02473
vn 0.986115 0.164259 0.024399
vn 0.949459 0.313012 0.023492
vn 0.905072 0.424669 0.022394
vn 0.844231 0.535573 0.020888
vn 0.735022 0.677799 0.018186
vn 0.541879 0.84035 0.013408
vn 0.293233 0.956014 0.007255
vn 0.014554 0.999894 0.00036
vn -0.303628 0.952761 -0.007513
vn -0.562227 0.826866 -0.013911
vn -0.715415 0.698476 -0.017701
vn -0.820676 0.571032 -0.020306
vn -0.902588 0.429925 -0.022332
vn -0.955893 0.292761 -0.023651
vn -0.984172 0.175536 -0.024351
vn -0.997347 0.06849 -0.024677
vn -0.999065 -0.035469 -0.024719
vn -0.990643 -0.134258 -0.024511
vn -0.973522 -0.22732 -0.024088
vn -0.943638 -0.330155 -0.023348
vn -0.872946 -0.487339 -0.021599
vn -0.725766 -0.687707 -0.017957
vn -0.592446 -0.805476 -0.014659
vn -0.589893 -0.807349 -0.014596
vn -0.652263 -0.757821 -0.016139
vn -0.685591 -0.727789 -0.016963
vn -0.725392 -0.688102 -0.017948
vn -0.812531 -0.582571 -0.020104
vn -0.919576 -0.392252 -0.022753
vn -0.976109 -0.215936 -0.024151
vn -0.991689 -0.126295 -0.024537
vn -0.994506 -0.101742 -0.024607
vn -0.999694 0 -0.024735
vn 0.995866 -0.085467 0.030753
vn 0.995784 -0.086426 0.030751
vn 0.997739 -0.05973 0.030811
vn 0.999333 0.019544 0.03086
vn 0.987076 0.15733 0.030482
vn 0.954128 0.297947 0.029465
vn 0.914595 0.403384 0.028244
vn 0.860812 0.508228 0.026583
vn 0.763452 0.645434 0.023576
vn 0.584686 0.811059 0.018056
vn 0.341329 0.939885 0.010541
vn 0.054021 0.998538 0.001668
vn -0.285658 0.958291 -0.008821
vn -0.562619 0.826534 -0.017374
vn -0.723015 0.690471 -0.022328
vn -0.82979 0.557487 -0.025625
vn -0.909734 0.41424 -0.028094
vn -0.959754 0.279274 -0.029638
vn -0.985559 0.166575 -0.030435
vn -0.997418 0.064877 -0.030801
vn -0.998957 -0.03367 -0.030849
vn -0.991285 -0.128128 -0.030612
vn -0.975429 -0.218244 -0.030122
vn -0.947319 -0.318952 -0.029254
vn -0.879562 -0.475008 -0.027162
vn -0.733278 -0.679552 -0.022644
vn -0.594918 -0.803576 -0.018372
vn -0.589793 -0.807349 -0.018213
vn -0.652152 -0.757821 -0.020139
vn -0.685474 -0.727789 -0.021168
vn -0.725268 -0.688102 -0.022397
vn -0.812393 -0.582571 -0.025088
vn -0.919419 -0.392252 -0.028393
vn -0.975942 -0.215936 -0.030138
vn -0.99152 -0.126295 -0.030619
vn -0.994337 -0.101742 -0.030706
vn -0.999524 0 -0.030866
vn 0.995737 -0.084549 0.036869
vn 0.995698 -0.085007 0.036868
vn 0.997617 -0.058279 0.036939
vn 0.999137 0.018893 0.036995
vn 0.987938 0.15047 0.03658
vn 0.958416 0.283161 0.035487
vn 0.923332 0.382477 0.034188
vn 0.876008 0.481205 0.032436
vn 0.789783 0.612689 0.029243
vn 0.625935 0.779531 0.023177
vn 0.390365 0.920547 0.014454
vn 0.096323 0.995344 0.003567
vn -0.265916 0.963946 -0.009846
vn -0.563026 0.826176 -0.020847
vn -0.730906 0.681942 -0.027063
vn -0.83889 0.543414 -0.031062
vn -0.916573 0.398424 -0.033938
vn -0.963315 0.265992 -0.035669
vn -0.986785 0.157862 -0.036538
vn -0.997431 0.06138 -0.036932
vn -0.998806 -0.031921 -0.036983
vn -0.991838 -0.122104 -0.036725
vn -0.977201 -0.209209 -0.036183
vn -0.950852 -0.307637 -0.035207
vn -0.886126 -0.462282 -0.032811
vn -0.741065 -0.670872 -0.02744
vn -0.597551 -0.801526 -0.022126
vn -0.58967 -0.807349 -0.021834
vn -0.652016 -0.757821 -0.024142
vn -0.685332 -0.727789 -0.025376
vn -0.725117 -0.688102 -0.026849
vn -0.812223 -0.582571 -0.030074
vn -0.919228 -0.392252 -0.034036
vn -0.975739 -0.215936 -0.036129
vn -0.991313 -0.126295 -0.036705
vn -0.99413 -0.101742 -0.03681
vn -0.999315 0 -0.037002
vn 0.99557 -0.083614 0.042989
vn 0.995573 -0.083579 0.042989
vn 0.997454 -0.056843 0.043071
vn 0.998902 0.01826 0.043133
vn 0.988666 0.143934 0.042691
vn 0.962187 0.269202 0.041548
vn 0.931023 0.362739 0.040202
vn 0.889363 0.455586 0.038403
vn 0.813119 0.581037 0.035111
vn 0.663836 0.747328 0.028665
vn 0.438027 0.898763 0.018914
vn 0.139757 0.990167 0.006035
vn -0.245021 0.96946 -0.01058
vn -0.563433 0.825803 -0.024329
vn -0.738777 0.673195 -0.031901
vn -0.847607 0.529361 -0.0366
vn -0.922849 0.383094 -0.039849
vn -0.966459 0.253407 -0.041732
vn -0.98781 0.149704 -0.042654
vn -0.99738 0.058121 -0.043068
vn -0.998611 -0.030285 -0.043121
vn -0.992277 -0.116407 -0.042847
vn -0.978771 -0.200554 -0.042264
vn -0.954098 -0.296648 -0.041199
vn -0.89237 -0.449656 -0.038533
vn -0.748823 -0.661981 -0.032335
vn -0.600248 -0.799394 -0.025919
vn -0.589525 -0.807349 -0.025456
vn -0.651856 -0.757821 -0.028148
vn -0.685163 -0.727789 -0.029586
vn -0.724938 -0.688102 -0.031303
vn -0.812023 -0.582571 -0.035064
vn -0.919001 -0.392252 -0.039683
vn -0.975498 -0.215936 -0.042123
vn -0.991069 -0.126295 -0.042795
vn -0.993885 -0.101742 -0.042917
vn -0.999069 0 -0.04314
vn 0.995364 -0.082697 0.049113
vn 0.995406 -0.082192 0.049115
vn 0.997247 -0.055471 0.049206
vn 0.998629 0.017665 0.049274
vn 0.989241 0.137915 0.048811
vn 0.96538 0.256462 0.047633
vn 0.937558 0.34474 0.046261
vn 0.900701 0.432161 0.044442
vn 0.833061 0.551652 0.041105
vn 0.697262 0.71599 0.034404
vn 0.482364 0.875648 0.023801
vn 0.182529 0.983159 0.009006
vn -0.223701 0.974595 -0.011038
vn -0.563819 0.825429 -0.02782
vn -0.746339 0.664546 -0.036826
vn -0.855648 0.515834 -0.042219
vn -0.928397 0.368756 -0.045809
vn -0.969127 0.241881 -0.047818
vn -0.988619 0.142314 -0.04878
vn -0.997263 0.055179 -0.049207
vn -0.998371 -0.028804 -0.049261
vn -0.992591 -0.111195 -0.048976
vn -0.980096 -0.192544 -0.04836
vn -0.956962 -0.286345 -0.047218
vn -0.898089 -0.437576 -0.044313
vn -0.756266 -0.6532 -0.037315
vn -0.602909 -0.797255 -0.029749
vn -0.589357 -0.807349 -0.02908
vn -0.65167 -0.757821 -0.032155
vn -0.684968 -0.727789 -0.033797
vn -0.724732 -0.688102 -0.03576
vn -0.811792 -0.582571 -0.040055
vn -0.91874 -0.392252 -0.045332
vn -0.975221 -0.215936 -0.048119
vn -0.990787 -0.126295 -0.048887
vn -0.993602 -0.101742 -0.049026
vn -0.998785 0 -0.049282
vn 0.995114 -0.081828 0.055239
vn 0.995191 -0.080894 0.055243
vn 0.996995 -0.054205 0.055344
vn 0.998316 0.017126 0.055417
vn 0.989653 0.132548 0.054936
vn 0.967983 0.245198 0.053733
vn 0.942931 0.328848 0.052342
vn 0.910031 0.411451 0.050516
vn 0.849566 0.52537 0.04716
vn 0.72568 0.686852 0.040283
vn 0.52193 0.852496 0.028973
vn 0.222913 0.97476 0.012374
vn -0.202766 0.979163 -0.011256
vn -0.564166 0.825068 -0.031317
vn -0.753335 0.656306 -0.041818
vn -0.862797 0.503276 -0.047894
vn -0.933126 0.355798 -0.051798
vn -0.971302 0.231659 -0.053917
vn -0.989211 0.13582 -0.054911
vn -0.997081 0.052603 -0.055348
vn -0.998085 -0.027502 -0.055404
vn -0.992776 -0.106576 -0.055109
vn -0.981158 -0.185371 -0.054464
vn -0.959391 -0.277008 -0.053256
vn -0.903134 -0.426422 -0.050133
vn -0.76314 -0.644843 -0.042362
vn -0.605432 -0.795187 -0.033608
vn -0.589167 -0.807349 -0.032705
vn -0.65146 -0.757821 -0.036163
vn -0.684747 -0.727789 -0.038011
vn -0.724498 -0.688102 -0.040217
vn -0.811531 -0.582571 -0.045048
vn -0.918444 -0.392252 -0.050983
vn -0.974907 -0.215936 -0.054117
vn -0.990468 -0.126295 -0.054981
vn -0.993282 -0.101742 -0.055137
vn -0.998463 0 -0.055425
vn 0.99482 -0.081037 0.061367
vn 0.994926 -0.079724 0.061374
vn 0.996696 -0.05308 0.061483
vn 0.997964 0.016654 0.061561
vn 0.989903 0.127921 0.061064
vn 0.970016 0.235562 0.059837
vn 0.9472 0.315274 0.05843
vn 0.917471 0.393757 0.056596
vn 0.862807 0.502724 0.053224
vn 0.749003 0.660954 0.046203
vn 0.55581 0.830602 0.034286
vn 0.259382 0.965642 0.016
vn -0.18307 0.983035 -0.011293
vn -0.564452 0.824731 -0.034819
vn -0.759544 0.648766 -0.046854
vn -0.868909 0.492061 -0.0536
vn -0.937006 0.344498 -0.057801
vn -0.972994 0.222889 -0.060021
vn -0.989595 0.130293 -0.061045
vn -0.996834 0.050416 -0.061491
vn -0.997755 -0.026393 -0.061548
vn -0.992834 -0.102615 -0.061245
vn -0.981953 -0.179163 -0.060573
vn -0.961356 -0.268844 -0.059303
vn -0.907408 -0.416507 -0.055975
vn -0.769233 -0.637204 -0.047451
vn -0.607718 -0.793268 -0.037488
vn -0.588954 -0.807349 -0.036331
vn -0.651225 -0.757821 -0.040172
vn -0.6845 -0.727789 -0.042224
vn -0.724237 -0.688102 -0.044676
vn -0.811238 -0.582571 -0.050043
vn -0.918112 -0.392252 -0.056635
vn -0.974555 -0.215936 -0.060117
vn -0.990111 -0.126295 -0.061077
vn -0.992923 -0.101742 -0.06125
vn -0.998103 0 -0.06157
vn 0.994479 -0.08035 0.067496
vn 0.994609 -0.078717 0.067505
vn 0.996349 -0.052123 0.067623
vn 0.997573 0.016257 0.067706
vn 0.989994 0.124088 0.067191
vn 0.971512 0.227633 0.065937
vn 0.950446 0.304124 0.064507
vn 0.923181 0.379225 0.062657
vn 0.873052 0.484013 0.059254
vn 0.767413 0.639034 0.052085
vn 0.583537 0.81112 0.039605
vn 0.290691 0.956614 0.019729
vn -0.165463 0.986152 -0.01123
vn -0.564659 0.824434 -0.038324
vn -0.764787 0.642189 -0.051906
vn -0.873893 0.482486 -0.059311
vn -0.940038 0.335048 -0.063801
vn -0.974228 0.215656 -0.066121
vn -0.989783 0.125764 -0.067177
vn -0.996524 0.048628 -0.067635
vn -0.997381 -0.025485 -0.067693
vn -0.992769 -0.099349 -0.06738
vn -0.982485 -0.174003 -0.066682
vn -0.962853 -0.262 -0.065349
vn -0.910853 -0.408075 -0.06182
vn -0.77437 -0.630546 -0.052557
vn -0.609674 -0.791571 -0.041379
vn -0.58872 -0.807349 -0.039957
vn -0.650965 -0.757821 -0.044181
vn -0.684227 -0.727789 -0.046439
vn -0.723948 -0.688102 -0.049135
vn -0.810915 -0.582571 -0.055037
vn -0.917746 -0.392252 -0.062288
vn -0.974166 -0.215936 -0.066117
vn -0.989716 -0.126295 -0.067172
vn -0.992527 -0.101742 -0.067363
vn -0.997705 0 -0.067715
vn 0.994089 -0.07979 0.073624
vn 0.994238 -0.077901 0.073635
vn 0.995953 -0.051356 0.073762
vn 0.997142 0.015943 0.07385
vn 0.989932 0.121079 0.073316
vn 0.97251 0.221444 0.072026
vn 0.952753 0.295435 0.070563
vn 0.927323 0.367906 0.068679
vn 0.880585 0.46938 0.065218
vn 0.781211 0.62158 0.057858
vn 0.604962 0.794993 0.044805
vn 0.315896 0.948505 0.023396
vn -0.150744 0.98851 -0.011164
vn -0.56477 0.824188 -0.041828
vn -0.768921 0.636803 -0.056948
vn -0.877696 0.474788 -0.065004
vn -0.942244 0.327577 -0.069784
vn -0.975031 0.209998 -0.072213
vn -0.98979 0.12224 -0.073306
vn -0.996155 0.047239 -0.073777
vn -0.996962 -0.024778 -0.073837
vn -0.992586 -0.096794 -0.073513
vn -0.982762 -0.169944 -0.072785
vn -0.963884 -0.256577 -0.071387
vn -0.913437 -0.401317 -0.067651
vn -0.778414 -0.625098 -0.057651
vn -0.611219 -0.790166 -0.045268
vn -0.588462 -0.807349 -0.043583
vn -0.650681 -0.757821 -0.048191
vn -0.683928 -0.727789 -0.050653
vn -0.723632 -0.688102 -0.053593
vn -0.81056 -0.582571 -0.060032
vn -0.917345 -0.392252 -0.06794
vn -0.973741 -0.215936 -0.072117
vn -0.989283 -0.126295 -0.073268
vn -0.992094 -0.101742 -0.073476
vn -0.997269 0 -0.07386
vn 0.99365 -0.079374 0.079751
vn 0.993812 -0.0773 0.079764
vn 0.995508 -0.050794 0.0799
vn 0.996671 0.015714 0.079994
vn 0.989722 0.118914 0.079436
vn 0.973041 0.217008 0.078097
vn 0.954196 0.289214 0.076585
vn 0.930036 0.359807 0.074645
vn 0.88565 0.458881 0.071083
vn 0.790707 0.608897 0.063463
vn 0.620106 0.782938 0.04977
vn 0.334328 0.942075 0.026833
vn -0.13961 0.990143 -0.011205
vn -0.56477 0.824003 -0.045329
vn -0.771836 0.632797 -0.061948
vn -0.880292 0.469143 -0.070653
vn -0.943648 0.322168 -0.075738
vn -0.975429 0.205937 -0.078289
vn -0.989625 0.119719 -0.079428
vn -0.995728 0.046247 -0.079918
vn -0.996501 -0.024273 -0.07998
vn -0.99229 -0.09496 -0.079642
vn -0.982794 -0.167016 -0.07888
vn -0.964458 -0.252644 -0.077408
vn -0.915147 -0.396373 -0.07345
vn -0.781259 -0.621049 -0.062705
vn -0.612281 -0.789111 -0.049142
vn -0.588182 -0.807349 -0.047208
vn -0.650372 -0.757821 -0.052199
vn -0.683603 -0.727789 -0.054867
vn -0.723288 -0.688102 -0.058052
vn -0.810175 -0.582571 -0.065025
vn -0.916909 -0.392252 -0.073592
vn -0.973278 -0.215936 -0.078116
vn -0.988813 -0.126295 -0.079363
vn -0.991622 -0.101742 -0.079588
vn -0.996795 0 -0.080004
vn 0.99316 -0.079117 0.085876
vn 0.99333 -0.07693 0.085891
vn 0.995014 -0.05045 0.086036
vn 0.996162 0.015575 0.086136
vn 0.989369 0.117603 0.085548
vn 0.97313 0.214331 0.084144
vn 0.954827 0.285464 0.082561
vn 0.931418 0.354927 0.080537
vn 0.888427 0.452545 0.07682
vn 0.796143 0.601179 0.068841
vn 0.629043 0.775466 0.054392
vn 0.345532 0.937931 0.029877
vn -0.132624 0.9911 -0.011468
vn -0.564647 0.823887 -0.048824
vn -0.773451 0.630318 -0.066878
vn -0.881661 0.465684 -0.076235
vn -0.94427 0.318884 -0.081649
vn -0.975439 0.203484 -0.084344
vn -0.989298 0.118201 -0.085542
vn -0.995244 0.04565 -0.086056
vn -0.995996 -0.023968 -0.086121
vn -0.991885 -0.093851 -0.085766
vn -0.982587 -0.165242 -0.084962
vn -0.964581 -0.250253 -0.083405
vn -0.915971 -0.393349 -0.079202
vn -0.782828 -0.618545 -0.067689
vn -0.612807 -0.788454 -0.052988
vn -0.58788 -0.807349 -0.050833
vn -0.650037 -0.757821 -0.056207
vn -0.683252 -0.727789 -0.059079
vn -0.722916 -0.688102 -0.062509
vn -0.809759 -0.582571 -0.070018
vn -0.916438 -0.392252 -0.079242
vn -0.972778 -0.215936 -0.084114
vn -0.988305 -0.126295 -0.085456
vn -0.991113 -0.101742 -0.085699
vn -0.996283 0 -0.086146
vn 0.992618 -0.079029 0.091998
vn 0.992791 -0.076804 0.092014
vn 0.99447 -0.050333 0.092169
vn 0.995612 0.015528 0.092275
vn 0.988875 0.117161 0.091651
vn 0.97279 0.213429 0.09016
vn 0.954673 0.284201 0.088481
vn 0.931524 0.353284 0.086335
vn 0.889012 0.45041 0.082395
vn 0.797653 0.598568 0.073928
vn 0.631803 0.772914 0.058557
vn 0.3492 0.936489 0.032365
vn -0.13018 0.991417 -0.012065
vn -0.564392 0.823848 -0.052309
vn -0.773707 0.629472 -0.071709
vn -0.881789 0.46451 -0.081726
vn -0.94412 0.317773 -0.087503
vn -0.975071 0.202656 -0.090371
vn -0.988813 0.11769 -0.091645
vn -0.994704 0.045449 -0.092191
vn -0.995449 -0.023866 -0.09226
vn -0.991373 -0.093478 -0.091882
vn -0.982144 -0.164642 -0.091027
vn -0.964257 -0.249444 -0.089369
vn -0.915902 -0.392323 -0.084888
vn -0.783065 -0.61769 -0.072576
vn -0.612755 -0.78823 -0.056791
vn -0.587556 -0.807349 -0.054456
vn -0.649679 -0.757821 -0.060213
vn -0.682874 -0.727789 -0.06329
vn -0.722517 -0.688102 -0.066964
vn -0.809312 -0.582571 -0.075008
vn -0.915932 -0.392252 -0.08489
vn -0.972241 -0.215936 -0.090109
vn -0.987759 -0.126295 -0.091547
vn -0.990565 -0.101742 -0.091807
vn -0.995733 0 -0.092286
vn 0.992025 -0.079117 0.098115
vn 0.992195 -0.07693 0.098132
vn 0.993877 -0.05045 0.098298
vn 0.995024 0.015575 0.098412
vn 0.988239 0.117604 0.097741
vn 0.972018 0.214333 0.096136
vn 0.953735 0.285468 0.094328
vn 0.930353 0.354932 0.092015
vn 0.887409 0.452551 0.087768
vn 0.795229 0.601186 0.078651
vn 0.628316 0.775473 0.062143
vn 0.345126 0.937935 0.034134
vn -0.132479 0.991099 -0.013103
vn -0.564001 0.823888 -0.055782
vn -0.772566 0.630321 -0.07641
vn -0.880652 0.465688 -0.0871
vn -0.943191 0.318887 -0.093285
vn -0.974324 0.203486 -0.096364
vn -0.988168 0.118203 -0.097734
vn -0.994107 0.045651 -0.098321
vn -0.994859 -0.023968 -0.098395
vn -0.990752 -0.093853 -0.097989
vn -0.981464 -0.165243 -0.097071
vn -0.963479 -0.250255 -0.095292
vn -0.914924 -0.393352 -0.090489
vn -0.781933 -0.618547 -0.077336
vn -0.612106 -0.788455 -0.06054
vn -0.587209 -0.807349 -0.058077
vn -0.649295 -0.757821 -0.064218
vn -0.682471 -0.727789 -0.067499
vn -0.722091 -0.688102 -0.071418
vn -0.808834 -0.582571 -0.079997
vn -0.915391 -0.392252 -0.090536
vn -0.971667 -0.215936 -0.096102
vn -0.987176 -0.126295 -0.097636
vn -0.989981 -0.101742 -0.097913
vn -0.995145 0 -0.098424
vn 0.99138 -0.079383 0.104227
vn 0.991542 -0.077312 0.104244
vn 0.993235 -0.050805 0.104422
vn 0.994396 0.015719 0.104544
vn 0.987457 0.118958 0.103815
vn 0.970799 0.217098 0.102064
vn 0.951979 0.289341 0.100085
vn 0.927849 0.359973 0.097548
vn 0.883517 0.459096 0.092887
vn 0.788703 0.609157 0.082919
vn 0.618377 0.783188 0.065012
vn 0.333182 0.942212 0.035029
vn -0.139522 0.99011 -0.014668
vn -0.563475 0.824007 -0.05924
vn -0.770006 0.63288 -0.080953
vn -0.87822 0.469259 -0.09233
vn -0.941456 0.322279 -0.098979
vn -0.973184 0.20602 -0.102314
vn -0.98736 0.119771 -0.103805
vn -0.993454 0.046267 -0.104445
vn -0.994226 -0.024283 -0.104526
vn -0.990021 -0.094997 -0.104084
vn -0.98054 -0.167076 -0.103088
vn -0.962235 -0.252725 -0.101163
vn -0.913014 -0.396475 -0.095988
vn -0.779409 -0.621133 -0.081942
vn -0.610855 -0.789133 -0.064221
vn -0.58684 -0.807349 -0.061697
vn -0.648887 -0.757821 -0.06822
vn -0.682042 -0.727789 -0.071705
vn -0.721637 -0.688102 -0.075868
vn -0.808325 -0.582571 -0.084982
vn -0.914816 -0.392252 -0.096178
vn -0.971056 -0.215936 -0.10209
vn -0.986555 -0.126295 -0.10372
vn -0.989358 -0.101742 -0.104015
vn -0.994519 0 -0.104557
vn 0.990684 -0.079823 0.110333
vn 0.990831 -0.077949 0.11035
vn 0.992542 -0.0514 0.11054
vn 0.993729 0.015961 0.110672
vn 0.986522 0.121254 0.10987
vn 0.9691 0.221802 0.10793
vn 0.949338 0.295937 0.105729
vn 0.923892 0.36856 0.102895
vn 0.877123 0.470226 0.097686
vn 0.777735 0.622596 0.086617
vn 0.601647 0.795947 0.067006
vn 0.313336 0.949001 0.034897
vn -0.151096 0.988376 -0.016828
vn -0.562816 0.824202 -0.062681
vn -0.766028 0.63712 -0.085313
vn -0.874451 0.475238 -0.097388
vn -0.938869 0.328011 -0.104563
vn -0.971624 0.210326 -0.108211
vn -0.986377 0.122443 -0.109854
vn -0.992742 0.047319 -0.110563
vn -0.993549 -0.024819 -0.110652
vn -0.989174 -0.096942 -0.110165
vn -0.979358 -0.170179 -0.109072
vn -0.960502 -0.256892 -0.106972
vn -0.910139 -0.401712 -0.101363
vn -0.775494 -0.62542 -0.086367
vn -0.60902 -0.790249 -0.067827
vn -0.586448 -0.807349 -0.065313
vn -0.648454 -0.757821 -0.072219
vn -0.681587 -0.727789 -0.075909
vn -0.721155 -0.688102 -0.080316
vn -0.807786 -0.582571 -0.089964
vn -0.914205 -0.392252 -0.101816
vn -0.970408 -0.215936 -0.108075
vn -0.985897 -0.126295 -0.1098
vn -0.988698 -0.101742 -0.110112
vn -0.993855 0 -0.110687
vn 0.989937 -0.080431 0.116432
vn 0.990063 -0.078835 0.116447
vn 0.991798 -0.052234 0.116651
vn 0.993022 0.016303 0.116795
vn 0.985423 0.124529 0.115901
vn 0.966869 0.228544 0.113719
vn 0.945704 0.305404 0.11123
vn 0.918289 0.380893 0.108005
vn 0.867884 0.486165 0.102077
vn 0.761806 0.641579 0.0896
vn 0.577687 0.813426 0.067945
vn 0.285712 0.957726 0.033604
vn -0.166782 0.985799 -0.019616
vn -0.562032 0.824469 -0.066104
vn -0.760655 0.642962 -0.089465
vn -0.869296 0.483603 -0.102243
vn -0.935364 0.336141 -0.110014
vn -0.969602 0.216487 -0.114041
vn -0.985203 0.126283 -0.115876
vn -0.991969 0.048833 -0.116671
vn -0.992829 -0.025589 -0.116772
vn -0.988203 -0.099724 -0.116228
vn -0.977899 -0.174598 -0.115016
vn -0.958247 -0.262792 -0.112705
vn -0.906262 -0.409057 -0.106591
vn -0.770206 -0.631329 -0.090588
vn -0.606635 -0.791772 -0.07135
vn -0.586034 -0.807349 -0.068927
vn -0.647996 -0.757821 -0.076215
vn -0.681106 -0.727789 -0.080109
vn -0.720646 -0.688102 -0.084759
vn -0.807216 -0.582571 -0.094941
vn -0.91356 -0.392252 -0.107449
vn -0.969723 -0.215936 -0.114055
vn -0.985202 -0.126295 -0.115875
vn -0.988001 -0.101742 -0.116205
vn -0.993154 0 -0.116811
vn 0.989139 -0.081195 0.122523
vn 0.989238 -0.079956 0.122536
vn 0.991005 -0.053303 0.122754
vn 0.992276 0.016747 0.122912
vn 0.984146 0.128826 0.121905
vn 0.964034 0.237441 0.119414
vn 0.940927 0.317919 0.116551
vn 0.91077 0.397205 0.112816
vn 0.855322 0.507149 0.105948
vn 0.740232 0.666069 0.091692
vn 0.546041 0.835024 0.067637
vn 0.250678 0.967572 0.031051
vn -0.18597 0.982285 -0.023036
vn -0.561137 0.824799 -0.069507
vn -0.753938 0.650274 -0.093389
vn -0.862708 0.494283 -0.106863
vn -0.930856 0.346716 -0.115304
vn -0.96706 0.224601 -0.119788
vn -0.983815 0.131368 -0.121864
vn -0.991132 0.050841 -0.12277
vn -0.992064 -0.026609 -0.122886
vn -0.987097 -0.103388 -0.12227
vn -0.976137 -0.180378 -0.120913
vn -0.955432 -0.270449 -0.118348
vn -0.901343 -0.418468 -0.111648
vn -0.763595 -0.638731 -0.094585
vn -0.603756 -0.793654 -0.074786
vn -0.585598 -0.807349 -0.072537
vn -0.647514 -0.757821 -0.080207
vn -0.6806 -0.727789 -0.084305
vn -0.72011 -0.688102 -0.089199
vn -0.806615 -0.582571 -0.099914
vn -0.912881 -0.392252 -0.113077
vn -0.969002 -0.215936 -0.120029
vn -0.984469 -0.126295 -0.121945
vn -0.987266 -0.101742 -0.122291
vn -0.992415 0 -0.122929
vn 0.988292 -0.082097 0.128606
vn 0.988357 -0.081295 0.128614
vn 0.99016 -0.054594 0.128849
vn 0.991491 0.017291 0.129022
vn 0.982672 0.134179 0.127874
vn 0.960505 0.248611 0.12499
vn 0.934812 0.333661 0.121646
vn 0.900977 0.417725 0.117243
vn 0.838817 0.533359 0.109155
vn 0.712215 0.695816 0.09268
vn 0.506384 0.859787 0.065895
vn 0.208959 0.977546 0.027192
vn -0.207881 0.97778 -0.027051
vn -0.560146 0.825181 -0.072891
vn -0.745971 0.658866 -0.097073
vn -0.854656 0.507143 -0.111216
vn -0.925247 0.359753 -0.120402
vn -0.963926 0.23476 -0.125435
vn -0.982181 0.137784 -0.12781
vn -0.990225 0.053381 -0.128857
vn -0.991253 -0.027895 -0.128991
vn -0.985841 -0.107977 -0.128287
vn -0.974042 -0.187554 -0.126751
vn -0.952014 -0.27986 -0.123885
vn -0.895351 -0.42985 -0.116511
vn -0.755746 -0.647438 -0.098345
vn -0.600454 -0.795833 -0.078137
vn -0.58514 -0.807349 -0.076144
vn -0.647008 -0.757821 -0.084195
vn -0.680067 -0.727789 -0.088497
vn -0.719547 -0.688102 -0.093634
vn -0.805985 -0.582571 -0.104882
vn -0.912167 -0.392252 -0.1187
vn -0.968244 -0.215936 -0.125997
vn -0.983699 -0.126295 -0.128008
vn -0.986493 -0.101742 -0.128372
vn -0.991639 0 -0.129041
vn 0.987397 -0.083115 0.134678
vn 0.987422 -0.082822 0.134682
vn 0.989266 -0.056092 0.134933
vn 0.990666 0.017933 0.135124
vn 0.980982 0.140609 0.133803
vn 0.956173 0.262152 0.13042
vn 0.927123 0.352776 0.126457
vn 0.888481 0.442624 0.121186
vn 0.81764 0.564826 0.111524
vn 0.676959 0.730206 0.092335
vn 0.45874 0.886365 0.062571
vn 0.161729 0.986589 0.022059
vn -0.231618 0.972294 -0.031592
vn -0.559078 0.825601 -0.076257
vn -0.736896 0.668492 -0.100511
vn -0.845144 0.521961 -0.115276
vn -0.91844 0.375201 -0.125273
vn -0.960117 0.247033 -0.130958
vn -0.980266 0.145608 -0.133706
vn -0.989244 0.056489 -0.13493
vn -0.990396 -0.029464 -0.135087
vn -0.98442 -0.113524 -0.134272
vn -0.971581 -0.196134 -0.132521
vn -0.947952 -0.290979 -0.129298
vn -0.888278 -0.443039 -0.121159
vn -0.746797 -0.657205 -0.101861
vn -0.59682 -0.798235 -0.081405
vn -0.58466 -0.807349 -0.079746
vn -0.646477 -0.757821 -0.088178
vn -0.679509 -0.727789 -0.092683
vn -0.718957 -0.688102 -0.098064
vn -0.805323 -0.582571 -0.109844
vn -0.911419 -0.392252 -0.124315
vn -0.96745 -0.215936 -0.131958
vn -0.982892 -0.126295 -0.134064
vn -0.985684 -0.101742 -0.134445
vn -0.990826 0 -0.135146
vn 0.986458 -0.084218 0.140741
vn 0.986434 -0.084499 0.140738
vn 0.988322 -0.057766 0.141007
vn 0.989802 0.018665 0.141219
vn 0.979057 0.148105 0.139685
vn 0.950924 0.278096 0.135672
vn 0.917606 0.375313 0.130918
vn 0.872804 0.471917 0.124526
vn 0.79103 0.601278 0.112859
vn 0.633896 0.768113 0.09044
vn 0.403749 0.913054 0.057604
vn 0.110645 0.993735 0.015786
vn -0.256211 0.96593 -0.036554
vn -0.557954 0.826045 -0.079605
vn -0.726916 0.67885 -0.103712
vn -0.834239 0.538403 -0.119024
vn -0.91036 0.392906 -0.129884
vn -0.955546 0.26143 -0.136331
vn -0.978027 0.154894 -0.139539
vn -0.98818 0.060193 -0.140987
vn -0.989489 -0.031326 -0.141174
vn -0.982817 -0.120038 -0.140222
vn -0.968725 -0.206082 -0.138211
vn -0.943221 -0.303685 -0.134573
vn -0.880157 -0.457771 -0.125575
vn -0.736942 -0.667728 -0.105142
vn -0.59296 -0.800776 -0.0846
vn -0.584158 -0.807349 -0.083344
vn -0.645922 -0.757821 -0.092156
vn -0.678926 -0.727789 -0.096865
vn -0.718339 -0.688102 -0.102488
vn -0.804632 -0.582571 -0.1148
vn -0.910636 -0.392252 -0.129924
vn -0.966619 -0.215936 -0.137911
vn -0.982048 -0.126295 -0.140112
vn -0.984838 -0.101742 -0.14051
vn -0.989975 0 -0.141243
vn 0.985476 -0.085371 0.146794
vn 0.985399 -0.086278 0.146782
vn 0.98733 -0.059577 0.14707
vn 0.9889 0.019475 0.147304
vn 0.976885 0.156595 0.145514
vn 0.944655 0.296356 0.140713
vn 0.906023 0.401135 0.134959
vn 0.85351 0.505328 0.127137
vn 0.758376 0.641954 0.112966
vn 0.583028 0.807797 0.086846
vn 0.342913 0.937978 0.051079
vn 0.057789 0.998292 0.008608
vn -0.280684 0.958889 -0.04181
vn -0.556798 0.826497 -0.082939
vn -0.7163 0.689587 -0.106698
vn -0.822105 0.55601 -0.122458
vn -0.90099 0.412559 -0.134209
vn -0.950142 0.277847 -0.141531
vn -0.975425 0.165634 -0.145297
vn -0.987028 0.064498 -0.147025
vn -0.988533 -0.033481 -0.147249
vn -0.981017 -0.12748 -0.14613
vn -0.965458 -0.217278 -0.143812
vn -0.937827 -0.31775 -0.139696
vn -0.871092 -0.473669 -0.129755
vn -0.726445 -0.678652 -0.108209
vn -0.588988 -0.803365 -0.087734
vn -0.583635 -0.807349 -0.086937
vn -0.645343 -0.757821 -0.096128
vn -0.678317 -0.727789 -0.10104
vn -0.717695 -0.688102 -0.106906
vn -0.80391 -0.582571 -0.119748
vn -0.909819 -0.392252 -0.135524
vn -0.965752 -0.215936 -0.143856
vn -0.981167 -0.126295 -0.146152
vn -0.983955 -0.101742 -0.146567
vn -0.989087 0 -0.147332
vn 0.984456 -0.086535 0.152836
vn 0.98432 -0.088099 0.152815
vn 0.986294 -0.061468 0.153121
vn 0.987958 0.020342 0.153379
vn 0.974466 0.165919 0.151285
vn 0.937317 0.31664 0.145517
vn 0.892241 0.429789 0.138519
vn 0.830354 0.542121 0.128911
vn 0.719525 0.685424 0.111705
vn 0.525347 0.84697 0.08156
vn 0.278697 0.959404 0.043267
vn 0.0055 0.999985 0.000854
vn -0.304109 0.951466 -0.047213
vn -0.555633 0.826941 -0.086261
vn -0.705389 0.700309 -0.109511
vn -0.809036 0.574182 -0.125602
vn -0.89042 0.433639 -0.138237
vn -0.94388 0.296002 -0.146536
vn -0.972434 0.177707 -0.150969
vn -0.985782 0.069368 -0.153042
vn -0.987525 -0.035905 -0.153312
vn -0.979017 -0.135733 -0.151991
vn -0.96179 -0.229486 -0.149317
vn -0.931833 -0.332805 -0.144666
vn -0.861282 -0.490218 -0.133713
vn -0.715641 -0.689576 -0.111102
vn -0.585032 -0.805909 -0.090826
vn -0.583089 -0.807349 -0.090524
vn -0.644739 -0.757821 -0.100095
vn -0.677683 -0.727789 -0.105209
vn -0.717024 -0.688102 -0.111317
vn -0.803159 -0.582571 -0.124689
vn -0.908969 -0.392252 -0.141116
vn -0.964849 -0.215936 -0.149792
vn -0.98025 -0.126295 -0.152183
vn -0.983035 -0.101742 -0.152615
vn -0.988162 0 -0.153411
vn 0.9834 -0.087664 0.158867
vn 0.983205 -0.089891 0.158835
vn 0.985217 -0.063369 0.15916
vn 0.986978 0.021235 0.159445
vn 0.971827 0.175794 0.156997
vn 0.928972 0.338362 0.150074
vn 0.876359 0.460382 0.141574
vn 0.803527 0.580943 0.129808
vn 0.675202 0.729523 0.109078
vn 0.463185 0.883097 0.074827
vn 0.214397 0.976132 0.034635
vn -0.043866 0.999012 -0.007086
vn -0.325657 0.944023 -0.052609
vn -0.554483 0.82736 -0.089576
vn -0.694591 0.7106 -0.11221
vn -0.795486 0.592188 -0.128509
vn -0.878905 0.455375 -0.141985
vn -0.936828 0.315355 -0.151343
vn -0.969061 0.190819 -0.15655
vn -0.984443 0.074696 -0.159035
vn -0.986468 -0.038542 -0.159362
vn -0.976831 -0.144567 -0.157805
vn -0.957781 -0.242312 -0.154728
vn -0.925382 -0.348311 -0.149494
vn -0.851047 -0.506771 -0.137485
vn -0.70493 -0.700075 -0.11388
vn -0.581217 -0.808313 -0.093895
vn -0.582522 -0.807349 -0.094105
vn -0.644112 -0.757821 -0.104055
vn -0.677024 -0.727789 -0.109372
vn -0.716327 -0.688102 -0.115721
vn -0.802377 -0.582571 -0.129623
vn -0.908084 -0.392252 -0.146699
vn -0.96391 -0.215936 -0.155718
vn -0.979296 -0.126295 -0.158204
vn -0.982078 -0.101742 -0.158653
vn -0.987201 0 -0.159481
vn 0.982315 -0.088711 0.164887
vn 0.982059 -0.091576 0.164844
vn 0.984105 -0.065193 0.165187
vn 0.985962 0.022113 0.165499
vn 0.969034 0.185781 0.162658
vn 0.919868 0.360557 0.154405
vn 0.858878 0.491472 0.144167
vn 0.773967 0.619755 0.129915
vn 0.627433 0.771515 0.105318
vn 0.400258 0.913936 0.067186
vn 0.153726 0.987777 0.025804
vn -0.088168 0.995996 -0.014799
vn -0.344621 0.936958 -0.057847
vn -0.55337 0.82774 -0.092886
vn -0.684359 0.720039 -0.114873
vn -0.782075 0.609201 -0.131275
vn -0.866921 0.476732 -0.145517
vn -0.929204 0.335041 -0.155972
vn -0.965375 0.204432 -0.162043
vn -0.983021 0.080271 -0.165005
vn -0.985362 -0.041285 -0.165398
vn -0.9745 -0.1536 -0.163575
vn -0.953555 -0.255173 -0.160059
vn -0.918724 -0.363543 -0.154213
vn -0.840838 -0.522561 -0.141139
vn -0.694765 -0.709719 -0.11662
vn -0.577672 -0.81049 -0.096965
vn -0.581933 -0.807349 -0.097681
vn -0.643461 -0.757821 -0.108008
vn -0.676339 -0.727789 -0.113527
vn -0.715603 -0.688102 -0.120118
vn -0.801566 -0.582571 -0.134547
vn -0.907166 -0.392252 -0.152273
vn -0.962936 -0.215936 -0.161634
vn -0.978306 -0.126295 -0.164214
vn -0.981086 -0.101742 -0.164681
vn -0.986203 0 -0.16554
vn 0.981204 -0.089629 0.170897
vn 0.980893 -0.093073 0.170843
vn 0.982966 -0.066843 0.171204
vn 0.98491 0.022926 0.171542
vn 0.966202 0.195279 0.168284
vn 0.910518 0.381848 0.158585
vn 0.840858 0.521065 0.146453
vn 0.743608 0.655952 0.129515
vn 0.579711 0.808542 0.100969
vn 0.341264 0.938086 0.059438
vn 0.100286 0.994805 0.017467
vn -0.125657 0.991832 -0.021886
vn -0.360441 0.930667 -0.062778
vn -0.552317 0.828065 -0.096197
vn -0.675171 0.728228 -0.117595
vn -0.769561 0.624348 -0.134035
vn -0.85519 0.496451 -0.148949
vn -0.921431 0.35385 -0.160486
vn -0.961537 0.217716 -0.167471
vn -0.981539 0.085759 -0.170955
vn -0.984216 -0.043969 -0.171421
vn -0.972109 -0.162285 -0.169313
vn -0.949322 -0.267301 -0.165344
vn -0.912227 -0.377621 -0.158883
vn -0.831226 -0.536753 -0.144775
vn -0.685623 -0.718095 -0.119415
vn -0.574512 -0.812357 -0.100063
vn -0.581322 -0.807349 -0.101249
vn -0.642786 -0.757821 -0.111954
vn -0.67563 -0.727789 -0.117675
vn -0.714852 -0.688102 -0.124506
vn -0.800726 -0.582571 -0.139463
vn -0.906215 -0.392252 -0.157836
vn -0.961926 -0.215936 -0.167539
vn -0.97728 -0.126295 -0.170213
vn -0.980057 -0.101742 -0.170697
vn -0.985169 0 -0.171587
vn 0.980071 -0.090374 0.176896
vn 0.979713 -0.0943 0.176832
vn 0.981806 -0.068219 0.177209
vn 0.983824 0.023618 0.177574
vn 0.963495 0.203555 0.173904
vn 0.901716 0.400524 0.162754
vn 0.82396 0.546784 0.148719
vn 0.715379 0.686703 0.129121
vn 0.536677 0.838209 0.096867
vn 0.291095 0.95525 0.052541
vn 0.057103 0.998315 0.010307
vn -0.155047 0.987511 -0.027985
vn -0.372693 0.925513 -0.067269
vn -0.551339 0.828325 -0.099513
vn -0.667487 0.73481 -0.120477
vn -0.758779 0.636787 -0.136955
vn -0.844644 0.513161 -0.152453
vn -0.914143 0.370295 -0.164997
vn -0.957816 0.229567 -0.172879
vn -0.980043 0.090698 -0.176891
vn -0.98304 -0.04637 -0.177432
vn -0.969786 -0.169931 -0.17504
vn -0.945367 -0.277786 -0.170633
vn -0.906351 -0.389573 -0.16359
vn -0.82285 -0.548506 -0.148519
vn -0.677968 -0.724835 -0.122369
vn -0.571842 -0.813845 -0.103214
vn -0.580691 -0.807349 -0.104811
vn -0.642088 -0.757821 -0.115893
vn -0.674896 -0.727789 -0.121814
vn -0.714075 -0.688102 -0.128886
vn -0.799856 -0.582571 -0.144369
vn -0.905231 -0.392252 -0.163388
vn -0.960881 -0.215936 -0.173433
vn -0.976219 -0.126295 -0.176201
vn -0.978992 -0.101742 -0.176702
vn -0.984099 0 -0.177623
vn 0.978922 -0.090909 0.182886
vn 0.978529 -0.095188 0.182813
vn 0.980634 -0.069227 0.183206
vn 0.982706 0.024134 0.183593
vn 0.961108 0.209836 0.179558
vn 0.894454 0.414761 0.167106
vn 0.810243 0.566209 0.151373
vn 0.69279 0.709429 0.12943
vn 0.503278 0.858994 0.094024
vn 0.254012 0.966036 0.047456
vn 0.026391 0.99964 0.004931
vn -0.175483 0.983936 -0.032785
vn -0.381079 0.921797 -0.071195
vn -0.550453 0.828508 -0.102838
vn -0.661712 0.739496 -0.123624
vn -0.750535 0.645784 -0.140218
vn -0.836294 0.525548 -0.15624
vn -0.908118 0.382802 -0.169658
vn -0.954569 0.238736 -0.178336
vn -0.978589 0.094548 -0.182824
vn -0.981848 -0.048234 -0.183433
vn -0.967686 -0.175782 -0.180787
vn -0.942023 -0.285691 -0.175993
vn -0.901591 -0.39845 -0.168439
vn -0.816344 -0.557066 -0.152513
vn -0.672205 -0.729637 -0.125584
vn -0.569748 -0.814897 -0.106443
vn -0.580038 -0.807349 -0.108365
vn -0.641366 -0.757821 -0.119823
vn -0.674137 -0.727789 -0.125945
vn -0.713273 -0.688102 -0.133257
vn -0.798957 -0.582571 -0.149264
vn -0.904213 -0.392252 -0.168929
vn -0.959801 -0.215936 -0.179314
vn -0.975121 -0.126295 -0.182176
vn -0.977891 -0.101742 -0.182694
vn -0.982992 0 -0.183647
vn 0.977758 -0.091205 0.188866
vn 0.977346 -0.095683 0.188787
vn 0.979456 -0.069792 0.189194
vn 0.981557 0.024426 0.1896
vn 0.959224 0.213444 0.185286
vn 0.889702 0.42296 0.171857
vn 0.801702 0.577315 0.154859
vn 0.679118 0.722212 0.13118
vn 0.483695 0.870235 0.093432
vn 0.233075 0.971416 0.045021
vn 0.009534 0.999953 0.001842
vn -0.186471 0.9818 -0.036019
vn -0.385414 0.919735 -0.074448
vn -0.549667 0.828609 -0.106175
vn -0.65815 0.742076 -0.12713
vn -0.74548 0.650788 -0.143999
vn -0.831038 0.532549 -0.160526
vn -0.904105 0.389994 -0.174639
vn -0.952156 0.244072 -0.183921
vn -0.977239 0.0968 -0.188766
vn -0.980656 -0.049321 -0.189426
vn -0.965964 -0.179162 -0.186588
vn -0.939594 -0.290211 -0.181495
vn -0.898384 -0.403476 -0.173534
vn -0.812226 -0.561849 -0.156892
vn -0.668642 -0.732282 -0.129157
vn -0.568288 -0.815474 -0.109772
vn -0.579364 -0.807349 -0.111912
vn -0.640621 -0.757821 -0.123744
vn -0.673354 -0.727789 -0.130067
vn -0.712444 -0.688102 -0.137618
vn -0.798028 -0.582571 -0.154149
vn -0.903163 -0.392252 -0.174457
vn -0.958686 -0.215936 -0.185182
vn -0.973988 -0.126295 -0.188138
vn -0.976755 -0.101742 -0.188673
vn -0.98185 0 -0.189657
vn 0.976582 -0.091246 0.194837
vn 0.976167 -0.095751 0.194754
vn 0.978276 -0.069871 0.195175
vn 0.98038 0.024467 0.195595
vn 0.957965 0.213952 0.191123
vn 0.888105 0.424117 0.177185
vn 0.799656 0.578876 0.159539
vn 0.676472 0.723996 0.134963
vn 0.480433 0.871778 0.095851
vn 0.229919 0.972128 0.045871
vn 0.007198 0.999973 0.001436
vn -0.187787 0.981495 -0.037465
vn -0.38561 0.919449 -0.076933
vn -0.548988 0.828623 -0.109528
vn -0.656973 0.742433 -0.131072
vn -0.744 0.651483 -0.148435
vn -0.829436 0.533528 -0.16548
vn -0.902599 0.391007 -0.180077
vn -0.950828 0.244828 -0.189699
vn -0.976037 0.09712 -0.194728
vn -0.979472 -0.049475 -0.195414
vn -0.96472 -0.17964 -0.192471
vn -0.938278 -0.290847 -0.187195
vn -0.897002 -0.40418 -0.17896
vn -0.810808 -0.562515 -0.161764
vn -0.667454 -0.732648 -0.133163
vn -0.567497 -0.815554 -0.113221
vn -0.57867 -0.807349 -0.11545
vn -0.639853 -0.757821 -0.127657
vn -0.672547 -0.727789 -0.134179
vn -0.71159 -0.688102 -0.141969
vn -0.797072 -0.582571 -0.159023
vn -0.90208 -0.392252 -0.179973
vn -0.957537 -0.215936 -0.191037
vn -0.972821 -0.126295 -0.194087
vn -0.975584 -0.101742 -0.194638
vn -0.980673 0 -0.195653
vn 0.975394 -0.09103 0.200798
vn 0.974994 -0.09539 0.200716
vn 0.977095 -0.069456 0.201148
vn 0.979173 0.024252 0.201576
vn 0.957347 0.211296 0.197083
vn 0.889753 0.418077 0.183168
vn 0.804288 0.570707 0.165574
vn 0.685139 0.714626 0.141045
vn 0.493815 0.863604 0.101659
vn 0.244727 0.968282 0.05038
vn 0.019439 0.999803 0.004002
vn -0.179423 0.983078 -0.036937
vn -0.381661 0.920957 -0.07857
vn -0.548416 0.828549 -0.112899
vn -0.6582 0.740549 -0.135499
vn -0.746145 0.647822 -0.153604
vn -0.831564 0.52839 -0.171189
vn -0.90367 0.385711 -0.186033
vn -0.950618 0.240889 -0.195698
vn -0.974988 0.095455 -0.200715
vn -0.9783 -0.048672 -0.201396
vn -0.96397 -0.177148 -0.198446
vn -0.938102 -0.287522 -0.193121
vn -0.897481 -0.40049 -0.184759
vn -0.812129 -0.559013 -0.167188
vn -0.668659 -0.730716 -0.137653
vn -0.567376 -0.815133 -0.116802
vn -0.577954 -0.807349 -0.11898
vn -0.639062 -0.757821 -0.13156
vn -0.671715 -0.727789 -0.138282
vn -0.71071 -0.688102 -0.146309
vn -0.796086 -0.582571 -0.163885
vn -0.900964 -0.392252 -0.185476
vn -0.956353 -0.215936 -0.196878
vn -0.971618 -0.126295 -0.200021
vn -0.974378 -0.101742 -0.200589
vn -0.979461 0 -0.201635
vn 0.974193 -0.090568 0.206749
vn 0.973824 -0.09462 0.206671
vn 0.97591 -0.068581 0.207114
vn 0.977936 0.023803 0.207544
vn 0.957276 0.205789 0.203159
vn 0.894145 0.405581 0.189761
vn 0.814572 0.553703 0.172873
vn 0.703487 0.69485 0.149298
vn 0.521915 0.845776 0.110764
vn 0.27624 0.959299 0.058625
vn 0.045722 0.998907 0.009703
vn -0.161579 0.986264 -0.034291
vn -0.373652 0.924173 -0.079299
vn -0.547946 0.828391 -0.116288
vn -0.661694 0.736506 -0.140429
vn -0.751611 0.640029 -0.159511
vn -0.836984 0.517595 -0.17763
vn -0.906931 0.37474 -0.192474
vn -0.951334 0.23281 -0.201898
vn -0.97406 0.092057 -0.206721
vn -0.977131 -0.047029 -0.207373
vn -0.963634 -0.172007 -0.204508
vn -0.938913 -0.280602 -0.199262
vn -0.89961 -0.392749 -0.190921
vn -0.815946 -0.551585 -0.173165
vn -0.672121 -0.726572 -0.142642
vn -0.5679 -0.814226 -0.120523
vn -0.577218 -0.807349 -0.122501
vn -0.638248 -0.757821 -0.135453
vn -0.67086 -0.727789 -0.142374
vn -0.709805 -0.688102 -0.150639
vn -0.795072 -0.582571 -0.168735
vn -0.899817 -0.392252 -0.190965
vn -0.955135 -0.215936 -0.202705
vn -0.97038 -0.126295 -0.20594
vn -0.973137 -0.101742 -0.206525
vn -0.978213 0 -0.207602
vn 0.972977 -0.089883 0.212689
vn 0.972653 -0.09349 0.212618
vn 0.974716 -0.067309 0.213069
vn 0.976669 0.023159 0.213496
vn 0.957582 0.198042 0.209324
vn 0.900369 0.38807 0.196817
vn 0.828642 0.529662 0.181138
vn 0.728474 0.666309 0.159242
vn 0.560939 0.818726 0.122619
vn 0.321763 0.944204 0.070336
vn 0.084837 0.996222 0.018545
vn -0.134701 0.990449 -0.029445
vn -0.361755 0.928913 -0.079078
vn -0.54757 0.828154 -0.119697
vn -0.667181 0.730479 -0.145843
vn -0.759806 0.628577 -0.166091
vn -0.844872 0.502078 -0.184686
vn -0.911681 0.359334 -0.19929
vn -0.952633 0.221643 -0.208242
vn -0.973194 0.087391 -0.212737
vn -0.975952 -0.044764 -0.21334
vn -0.963569 -0.16483 -0.210633
vn -0.940426 -0.27081 -0.205574
vn -0.902987 -0.381643 -0.19739
vn -0.821786 -0.540738 -0.179639
vn -0.67756 -0.7204 -0.148112
vn -0.569013 -0.812867 -0.124384
vn -0.576462 -0.807349 -0.126012
vn -0.637411 -0.757821 -0.139336
vn -0.669981 -0.727789 -0.146455
vn -0.708875 -0.688102 -0.154957
vn -0.79403 -0.582571 -0.173572
vn -0.898638 -0.392252 -0.196439
vn -0.953883 -0.215936 -0.208515
vn -0.969109 -0.126295 -0.211844
vn -0.971862 -0.101742 -0.212446
vn -0.976931 0 -0.213554
vn 0.971742 -0.089012 0.218617
vn 0.971472 -0.092065 0.218556
vn 0.973505 -0.065729 0.219014
vn 0.975371 0.022375 0.219434
vn 0.958066 0.188814 0.215541
vn 0.907407 0.367339 0.204144
vn 0.844385 0.500926 0.189965
vn 0.756544 0.631405 0.170203
vn 0.606031 0.783669 0.136342
vn 0.377316 0.922186 0.084887
vn 0.134785 0.990411 0.030323
vn -0.099557 0.99478 -0.022398
vn -0.346247 0.934904 -0.077897
vn -0.547275 0.827847 -0.123123
vn -0.674274 0.722733 -0.151695
vn -0.769949 0.614144 -0.173219
vn -0.854219 0.483093 -0.192178
vn -0.917126 0.34104 -0.20633
vn -0.954145 0.208639 -0.214658
vn -0.972329 0.082004 -0.218749
vn -0.974749 -0.042134 -0.219294
vn -0.963615 -0.156364 -0.216789
vn -0.942309 -0.259058 -0.211996
vn -0.90712 -0.368082 -0.204079
vn -0.829033 -0.527179 -0.186511
vn -0.684588 -0.712474 -0.154015
vn -0.570637 -0.811106 -0.128379
vn -0.575685 -0.807349 -0.129515
vn -0.636553 -0.757821 -0.143208
vn -0.669078 -0.727789 -0.150526
vn -0.70792 -0.688102 -0.159264
vn -0.79296 -0.582571 -0.178396
vn -0.897427 -0.392252 -0.201898
vn -0.952598 -0.215936 -0.21431
vn -0.967803 -0.126295 -0.217731
vn -0.970552 -0.101742 -0.21835
vn -0.975615 0 -0.219489
vn 0.970485 -0.087996 0.224532
vn 0.970274 -0.090422 0.224483
vn 0.972271 -0.063941 0.224945
vn 0.974039 0.021508 0.225355
vn 0.958553 0.178868 0.221772
vn 0.914387 0.34517 0.211553
vn 0.859982 0.46994 0.198966
vn 0.784516 0.592951 0.181506
vn 0.652335 0.742752 0.150925
vn 0.438095 0.893196 0.101358
vn 0.192744 0.980235 0.044593
vn -0.057328 0.998267 -0.013263
vn -0.327525 0.941799 -0.075776
vn -0.547043 0.827482 -0.126564
vn -0.682522 0.713602 -0.157909
vn -0.781198 0.597548 -0.180739
vn -0.864048 0.462016 -0.199907
vn -0.922573 0.321403 -0.213447
vn -0.955568 0.194971 -0.221081
vn -0.971418 0.076391 -0.224748
vn -0.973509 -0.039378 -0.225232
vn -0.963632 -0.147336 -0.222947
vn -0.944256 -0.246282 -0.218464
vn -0.911528 -0.353046 -0.210892
vn -0.837037 -0.511729 -0.193658
vn -0.692751 -0.703142 -0.160275
vn -0.57267 -0.809008 -0.132493
vn -0.574888 -0.807349 -0.133007
vn -0.635672 -0.757821 -0.14707
vn -0.668152 -0.727789 -0.154584
vn -0.70694 -0.688102 -0.163558
vn -0.791863 -0.582571 -0.183206
vn -0.896185 -0.392252 -0.207342
vn -0.951279 -0.215936 -0.220089
vn -0.966464 -0.126295 -0.223602
vn -0.969209 -0.101742 -0.224237
vn -0.974265 0 -0.225407
vn 0.969202 -0.086881 0.230433
vn 0.969051 -0.088645 0.230397
vn 0.971006 -0.062044 0.230862
vn 0.972674 0.02061 0.231258
vn 0.958911 0.168854 0.227986
vn 0.92071 0.323071 0.218903
vn 0.874188 0.438859 0.207843
vn 0.810143 0.553686 0.192615
vn 0.695953 0.698764 0.165466
vn 0.499246 0.858291 0.118698
vn 0.255229 0.964975 0.060682
vn -0.00964 0.999951 -0.002292
vn -0.306117 0.949208 -0.072781
vn -0.546854 0.827071 -0.130017
vn -0.691446 0.703475 -0.164395
vn -0.792759 0.579662 -0.188482
vn -0.873567 0.440163 -0.207695
vn -0.927535 0.301741 -0.220526
vn -0.95671 0.181568 -0.227463
vn -0.97043 0.070933 -0.230725
vn -0.972226 -0.036681 -0.231152
vn -0.963525 -0.138348 -0.229083
vn -0.946032 -0.233309 -0.224924
vn -0.915811 -0.33746 -0.217739
vn -0.845197 -0.495239 -0.20095
vn -0.701569 -0.692804 -0.166802
vn -0.574998 -0.806652 -0.136709
vn -0.574072 -0.807349 -0.136488
vn -0.634769 -0.757821 -0.150919
vn -0.667203 -0.727789 -0.158631
vn -0.705936 -0.688102 -0.16784
vn -0.790738 -0.582571 -0.188002
vn -0.894912 -0.392252 -0.21277
vn -0.949928 -0.215936 -0.22585
vn -0.965091 -0.126295 -0.229455
vn -0.967832 -0.101742 -0.230107
vn -0.972881 0 -0.231307
f 1/1/1 38/38/38 39/39/39
f 1/1/1 39/39/39 2/2/2
f 2/2/2 39/39/39 40/40/40
f 2/2/2 40/40/40 3/3/3
f 3/3/3 40/40/40 41/41/41
f 3/3/3 41/41/41 4/4/4
f 4/4/4 41/41/41 42/42/42
f 4/4/4 42/42/42 5/5/5
f 5/5/5 42/42/42 43/43/43
f 5/5/5 43/43/43 6/6/6
f 6/6/6 43/43/43 44/44/44
f 6/6/6 44/44/44 7/7/7
f 7/7/7 44/44/44 45/45/45
f 7/7/7 45/45/45 8/8/8
f 8/8/8 45/45/45 46/46/46
f 8/8/8 46/46/46 9/9/9
f 9/9/9 46/46/46 47/47/47
f 9/9/9 47/47/47 10/10/10
f 10/10/10 47/47/47 48/48/48
f 10/10/10 48/48/48 11/11/11
f 11/11/11 48/48/48 49/49/49
f 11/11/11 49/49/49 12/12/12
f 12/12/12 49/49/49 50/50/50
f 12/12/12 50/50/50 13/13/13
f 13/13/13 50/50/50 51/51/51
f 13/13/13 51/51/51 14/14/14
f 14/14/14 51/51/51 52/52/52
f 14/14/14 52/52/52 15/15/15
f 15/15/15 52/52/52 53/53/53
f 15/15/15 53/53/53 16/16/16
f 16/16/16 53/53/53 54/54/54
f 16/16/16 54/54/54 17/17/17
f 17/17/17 54/54/54 55/55/55
f 17/17/17 55/55/55 18/18/18
f 18/18/18 55/55/55 56/56/56
f 18/18/18 56/56/56 19/19/19
f 19/19/19 56/56/56 57/57/57
f 19/19/19 57/57/57 20/20/20
f 20/20/20 57/57/57 58/58/58
f 20/20/20 58/58/58 21/21/21
f 21/21/21 58/58/58 59/59/59
f 21/21/21 59/59/59 22/22/22
f 22/22/22 59/59/59 60/60/60
f 22/22/22 60/60/60 23/23/23
f 23/23/23 60/60/60 61/61/61
f 23/23/23 61/61/61 24/24/24
f 24/24/24 61/61/61 62/62/62
f 24/24/24 62/62/62 25/25/25
f 25/25/25 62/62/62 63/63/63
f 25/25/25 63/63/63 26/26/26
f 26/26/26 63/63/63 64/64/64
f 26/26/26 64/64/64 27/27/27
f 27/27/27 64/64/64 65/65/65
f 27/27/27 65/65/65 28/28/28
f 28/28/28 65/65/65 66/66/66
f 28/28/28 66/66/66 29/29/29
f 29/29/29 66/66/66 67/67/67
f 29/29/29 67/67/67 30/30/30
f 30/30/30 67/67/67 68/68/68
f 30/30/30 68/68/68 31/31/31
f 31/31/31 68/68/68 69/69/69
f 31/31/31 69/69/69 32/32/32
f 32/32/32 69/69/69 70/70/70
f 32/32/32 70/70/70 33/33/33
f 33/33/33 70/70/70 71/71/71
f 33/33/33 71/71/71 34/34/34
f 34/34/34 71/71/71 72/72/72
f 34/34/34 72/72/72 35/35/35
f 35/35/35 72/72/72 73/73/73
f 35/35/35 73/73/73 36/36/36
f 36/36/36 73/73/73 74/74/74
f 36/36/36 74/74/74 37/37/37
f 38/38/38 75/75/75 76/76/76
f 38/38/38 76/76/76 39/39/39
f 39/39/39 76/76/76 77/77/77
f 39/39/39 77/77/77 40/40/40
f 40/40/40 77/77/77 78/78/78
f 40/40/40 78/78/78 41/41/41
f 41/41/41 78/78/78 79/79/79
f 41/41/41 79/79/79 42/42/42
f 42/42/42 79/79/79 80/80/80
f 42/42/42 80/80/80 43/43/43
f 43/43/43 80/80/80 81/81/81
f 43/43/43 81/81/81 44/44/44
f 44/44/44 81/81/81 82/82/82
f 44/44/44 82/82/82 45/45/45
f 45/45/45 82/82/82 83/83/83
f 45/45/45 83/83/83 46/46/46
f 46/46/46 83/83/83 84/84/84
f 46/46/46 84/84/84 47/47/47
f 47/47/47 84/84/84 85/85/85
f 47/47/47 85/85/85 48/48/48
f 48/48/48 85/85/85 86/86/86
f 48/48/48 86/86/86 49/49/49
f 49/49/49 86/86/86 87/87/87
f 49/49/49 87/87/87 50/50/50
f 50/50/50 87/87/87 88/88/88
f 50/50/50 88/88/88 51/51/51
f 51/51/51 88/88/88 89/89/89
f 51/51/51 89/89/89 52/52/52
f 52/52/52 89/89/89 90/90/90
f 52/52/52 90/90/90 53/53/53
f 53/53/53 90/90/90 91/91/91
f 53/53/53 91/91/91 54/54/54
f 54/54/54 91/91/91 92/92/92
f 54/54/54 92/92/92 55/55/55
f 55/55/55 92/92/92 93/93/93
f 55/55/55 93/93/93 56/56/56
f 56/56/56 93/93/93 94/94/94
f 56/56/56 94/94/94 57/57/57
f 57/57/57 94/94/94 95/95/95
f 57/57/57 95/95/95 58/58/58
f 58/58/58 95/95/95 96/96/96
f 58/58/58 96/96/96 59/59/59
f 59/59/59 96/96/96 97/97/97
f 59/59/59 97/97/97 60/60/60
f 60/60/60 97/97/97 98/98/98
f 60/60/60 98/98/98 61/61/61
f 61/61/61 98/98/98 99/99/99
f 61/61/61 99/99/99 62/62/62
f 62/62/62 99/99/99 100/100/100
f 62/62/62 100/100/100 63/63/63
f 63/63/63 100/100/100 101/101/101
f 63/63/63 101/101/101 64/64/64
f 64/64/64 101/101/101 102/102/102
f 64/64/64 102/102/102 65/65/65
f 65/65/65 102/102/102 103/103/103
f 65/65/65 103/103/103 66/66/66
f 66/66/66 103/103/103 104/104/104
f 66/66/66 104/104/104 67/67/67
f 67/67/67 104/104/104 105/105/105
f 67/67/67 105/105/105 68/68/68
f 68/68/68 105/105/105 106/106/106
f 68/68/68 106/106/106 69/69/69
f 69/69/69 106/106/106 107/107/107
f 69/69/69 107/107/107 70/70/70
f 70/70/70 107/107/107 108/108/108
f 70/70/70 108/108/108 71/71/71
f 71/71/71 108/108/108 109/109/109
f 71/71/71 109/109/109 72/72/72
f 72/72/72 109/109/109 110/110/110
f 72/72/72 110/110/110 73/73/73
f 73/73/73 110/110/110 111/111/111
f 73/73/73 111/111/111 74/74/74
f 75/75/75 112/112/112 113/113/113
f 75/75/75 113/113/113 76/76/76
f 76/76/76 113/113/113 114/114/114
f 76/76/76 114/114/114 77/77/77
f 77/77/77 114/114/114 115/115/115
f 77/77/77 115/115/115 78/78/78
f 78/78/78 115/115/115 116/116/116
f 78/78/78 116/116/116 79/79/79
f 79/79/79 116/116/116 117/117/117
f 79/79/79 117/117/117 80/80/80
f 80/80/80 117/117/117 118/118/118
f 80/80/80 118/118/118 81/81/81
f 81/81/81 118/118/118 119/119/119
f 81/81/81 119/119/119 82/82/82
f 82/82/82 119/119/119 120/120/120
f 82/82/82 120/120/120 83/83/83
f 83/83/83 120/120/120 121/121/121
f 83/83/83 121/121/121 84/84/84
f 84/84/84 121/121/121 122/122/122
f 84/84/84 122/122/122 85/85/85
f 85/85/85 122/122/122 123/123/123
f 85/85/85 123/123/123 86/86/86
f 86/86/86 123/123/123 124/124/124
f 86/86/86 124/124/124 87/87/87
f 87/87/87 124/124/124 125/125/125
f 87/87/87 125/125/125 88/88/88
f 88/88/88 125/125/125 126/126/126
f 88/88/88 126/126/126 89/89/89
f 89/89/89 126/126/126 127/127/127
f 89/89/89 127/127/127 90/90/90
f 90/90/90 127/127/127 128/128/128
f 90/90/90 128/128/128 91/91/91
f 91/91/91 128/128/128 129/129/129
f 91/91/91 129/129/129 92/92/92
f 92/92/92 129/129/129 130/130/130
f 92/92/92 130/130/130 93/93/93
f 93/93/93 130/130/130 131/131/131
f 93/93/93 131/131/131 94/94/94
f 94/94/94 131/131/131 132/132/132
f 94/94/94 132/132/132 95/95/95
f 95/95/95 132/132/132 133/133/133
f 95/95/95 133/133/133 96/96/96
f 96/96/96 133/133/133 134/134/134
f 96/96/96 134/134/134 97/97/97
f 97/97/97 134/134/134 135/135/135
f 97/97/97 135/135/135 98/98/98
f 98/98/98 135/135/135 136/136/136
f 98/98/98 136/136/136 99/99/99
f 99/99/99 136/136/136 137/137/137
f 99/99/99 137/137/137 100/100/100
f 100/100/100 137/137/137 138/138/138
f 100/100/100 138/138/138 101/101/101
f 101/101/101 138/138/138 139/139/139
f 101/101/101 139/139/139 102/102/102
f 102/102/102 139/139/139 140/140/140
f 102/102/102 140/140/140 103/103/103
f 103/103/103 140/140/140 141/141/141
f 103/103/103 141/141/141 104/104/104
f 104/104/104 141/141/141 142/142/142
f 104/104/104 142/142/142 105/105/105
f 105/105/105 142/142/142 143/143/143
f 105/105/105 143/143/143 106/106/106
f 106/106/106 143/143/143 144/144/144
f 106/106/106 144/144/144 107/107/107
f 107/107/107 144/144/144 145/145/145
f 107/107/107 145/145/145 108/108/108
f 108/108/108 145/145/145 146/146/146
f 108/108/108 146/146/146 109/109/109
f 109/109/109 146/146/146 147/147/147
f 109/109/109 147/147/147 110/110/110
f 110/110/110 147/147/147 148/148/148
f 110/110/110 148/148/148 111/111/111
f 112/112/112 149/149/149 150/150/150
f 112/112/112 150/150/150 113/113/113
f 113/113/113 150/150/150 151/151/151
f 113/113/113 151/151/151 114/114/114
f 114/114/114 151/151/151 152/152/152
f 114/114/114 152/152/152 115/115/115
f 115/115/115 152/152/152 153/153/153
f 115/115/115 153/153/153 116/116/116
f 116/116/116 153/153/153 154/154/154
f 116/116/116 154/154/154 117/117/117
f 117/117/117 154/154/154 155/155/155
f 117/117/117 155/155/155 118/118/118
f 118/118/118 155/155/155 156/156/156
f 118/118/118 156/156/156 119/119/119
f 119/119/119 156/156/156 157/157/157
f 119/119/119 157/157/157 120/120/120
f 120/120/120 157/157/157 158/158/158
f 120/120/120 158/158/158 121/121/121
f 121/121/121 158/158/158 159/159/159
f 121/121/121 159/159/159 122/122/122
f 122/122/122 159/159/159 160/160/160
f 122/122/122 160/160/160 123/123/123
f 123/123/123 160/160/160 161/161/161
f 123/123/123 161/161/161 124/124/124
f 124/124/124 161/161/161 162/162/162
f 124/124/124 162/162/162 125/125/125
f 125/125/125 162/162/162 163/163/163
f 125/125/125 163/163/163 126/126/126
f 126/126/126 163/163/163 164/164/164
f 126/126/126 164/164/164 127/127/127
f 127/127/127 164/164/164 165/165/165
f 127/127/127 165/165/165 128/128/128
f 128/128/128 165/165/165 166/166/166
f 128/128/128 166/166/166 129/129/129
f 129/129/129 166/166/166 167/167/167
f 129/129/129 167/167/167 130/130/130
f 130/130/130 167/167/167 168/168/168
f 130/130/130 168/168/168 131/131/131
f 131/131/131 168/168/168 169/169/169
f 131/131/131 169/169/169 132/132/132
f 132/132/132 169/169/169 170/170/170
f 132/132/132 170/170/170 133/133/133
f 133/133/133 170/170/170 171/171/171
f 133/133/133 171/171/171 134/134/134
f 134/134/134 171/171/171 172/172/172
f 134/134/134 172/172/172 135/135/135
f 135/135/135 172/172/172 173/173/173
f 135/135/135 173/173/173 136/136/136
f 136/136/136 173/173/173 174/174/174
f 136/136/136 174/174/174 137/137/137
f 137/137/137 174/174/174 175/175/175
f 137/137/137 175/175/175 138/138/138
f 138/138/138 175/175/175 176/176/176
f 138/138/138 176/176/176 139/139/139
f 139/139/139 176/176/176 177/177/177
f 139/139/139 177/177/177 140/140/140
f 140/140/140 177/177/177 178/178/178
f 140/140/140 178/178/178 141/141/141
f 141/141/141 178/178/178 179/179/179
f 141/141/141 179/179/179 142/142/142
f 142/142/142 179/179/179 180/180/180
f 142/142/142 180/180/180 143/143/143
f 143/143/143 180/180/180 181/181/181
f 143/143/143 181/181/181 144/144/144
f 144/144/144 181/181/181 182/182/182
f 144/144/144 182/182/182 145/145/145
f 145/145/145 182/182/182 183/183/183
f 145/145/145 183/183/183 146/146/146
f 146/146/146 183/183/183 184/184/184
f 146/146/146 184/184/184 147/147/147
f 147/147/147 184/184/184 185/185/185
f 147/147/147 185/185/185 148/148/148
f 149/149/149 186/186/186 187/187/187
f 149/149/149 187/187/187 150/150/150
f 150/150/150 187/187/187 188/188/188
f 150/150/150 188/188/188 151/151/151
f 151/151/151 188/188/188 189/189/189
f 151/151/151 189/189/189 152/152/152
f 152/152/152 189/189/189 190/190/190
f 152/152/152 190/190/190 153/153/153
f 153/153/153 190/190/190 191/191/191
f 153/153/153 191/191/191 154/154/154
f 154/154/154 191/191/191 192/192/192
f 154/154/154 192/192/192 155/155/155
f 155/155/155 192/192/192 193/193/193
f 155/155/155 193/193/193 156/156/156
f 156/156/156 193/193/193 194/194/194
f 156/156/156 194/194/194 157/157/157
f 157/157/157 194/194/194 195/195/195
f 157/157/157 195/195/195 158/158/158
f 158/158/158 195/195/195 196/196/196
f 158/158/158 196/196/196 159/159/159
f 159/159/159 196/196/196 197/197/197
f 159/159/159 197/197/197 160/160/160
f 160/160/160 197/197/197 198/198/198
f 160/160/160 198/198/198 161/161/161
f 161/161/161 198/198/198 199/199/199
f 161/161/161 199/199/199 162/162/162
f 162/162/162 199/199/199 200/200/200
f 162/162/162 200/200/200 163/163/163
f 163/163/163 200/200/200 201/201/201
f 163/163/163 201/201/201 164/164/164
f 164/164/164 201/201/201 202/202/202
f 164/164/164 202/202/202 165/165/165
f 165/165/165 202/202/202 203/203/203
f 165/165/165 203/203/203 166/166/166
f 166/166/166 203/203/203 204/204/204
f 166/166/166 204/204/204 167/167/167
f 167/167/167 204/204/204 205/205/205
f 167/167/167 205/205/205 168/168/168
f 168/168/168 205/205/205 206/206/206
f 168/168/168 206/206/206 169/169/169
f 169/169/169 206/206/206 207/207/207
f 169/169/169 207/207/207 170/170/170
f 170/170/170 207/207/207 208/208/208
f 170/170/170 208/208/208 171/171/171
f 171/171/171 208/208/208 209/209/209
f 171/171/171 209/209/209 172/172/172
f 172/172/172 209/209/209 210/210/210
f 172/172/172 210/210/210 173/173/173
f 173/173/173 210/210/210 211/211/211
f 173/173/173 211/211/211 174/174/174
f 174/174/174 211/211/211 212/212/212
f 174/174/174 212/212/212 175/175/175
f 175/175/175 212/212/212 213/213/213
f 175/175/175 213/213/213 176/176/176
f 176/176/176 213/213/213 214/214/214
f 176/176/176 214/214/214 177/177/177
f 177/177/177 214/214/214 215/215/215
f 177/177/177 215/215/215 178/178/178
f 178/178/178 215/215/215 216/216/216
f 178/178/178 216/216/216 179/179/179
f 179/179/179 216/216/216 217/217/217
f 179/179/179 217/217/217 180/180/180
f 180/180/180 217/217/217 218/218/218
f 180/180/180 218/218/218 181/181/181
f 181/181/181 218/218/218 219/219/219
f 181/181/181 219/219/219 182/182/182
f 182/182/182 219/219/219 220/220/220
f 182/182/182 220/220/220 183/183/183
f 183/183/183 220/220/220 221/221/221
f 183/183/183 221/221/221 184/184/184
f 184/184/184 221/221/221 222/222/222
f 184/184/184 222/222/222 185/185/185
f 186/186/186 223/223/223 224/224/224
f 186/186/186 224/224/224 187/187/187
f 187/187/187 224/224/224 225/225/225
f 187/187/187 225/225/225 188/188/188
f 188/188/188 225/225/225 226/226/226
f 188/188/188 226/226/226 189/189/189
f 189/189/189 226/226/226 227/227/227
f 189/189/189 227/227/227 190/190/190
f 190/190/190 227/227/227 228/228/228
f 190/190/190 228/228/228 191/191/191
f 191/191/191 228/228/228 229/229/229
f 191/191/191 229/229/229 192/192/192
f 192/192/192 229/229/229 230/230/230
f 192/192/192 230/230/230 193/193/193
f 193/193/193 230/230/230 231/231/231
f 193/193/193 231/231/231 194/194/194
f 194/194/194 231/231/231 232/232/232
f 194/194/194 232/232/232 195/195/195
f 195/195/195 232/232/232 233/233/233
f 195/195/195 233/233/233 196/196/196
f 196/196/196 233/233/233 234/234/234
f 196/196/196 234/234/234 197/197/197
f 197/197/197 234/234/234 235/235/235
f 197/197/197 235/235/235 198/198/198
f 198/198/198 235/235/235 236/236/236
f 198/198/198 236/236/236 199/199/199
f 199/199/199 236/236/236 237/237/237
f 199/199/199 237/237/237 200/200/200
f 200/200/200 237/237/237 238/238/238
f 200/200/200 238/238/238 201/201/201
f 201/201/201 238/238/238 239/239/239
f 201/201/201 239/239/239 202/202/202
f 202/202/202 239/239/239 240/240/240
f 202/202/202 240/240/240 203/203/203
f 203/203/203 240/240/240 241/241/241
f 203/203/203 241/241/241 204/204/204
f 204/204/204 241/241/241 242/242/242
f 204/204/204 242/242/242 205/205/205
f 205/205/205 242/242/242 243/243/243
f 205/205/205 243/243/243 206/206/206
f 206/206/206 243/243/243 244/244/244
f 206/206/206 244/244/244 207/207/207
f 207/207/207 244/244/244 245/245/245
f 207/207/207 245/245/245 208/208/208
f 208/208/208 245/245/245 246/246/246
f 208/208/208 246/246/246 209/209/209
f 209/209/209 246/246/246 247/247/247
f 209/209/209 247/247/247 210/210/210
f 210/210/210 247/247/247 248/248/248
f 210/210/210 248/248/248 211/211/211
f 211/211/211 248/248/248 249/249/249
f 211/211/211 249/249/249 212/212/212
f 212/212/212 249/249/249 250/250/250
f 212/212/212 250/250/250 213/213/213
f 213/213/213 250/250/250 251/251/251
f 213/213/213 251/251/251 214/214/214
f 214/214/214 251/251/251 252/252/252
f 214/214/214 252/252/252 215/215/215
f 215/215/215 252/252/252 253/253/253
f 215/215/215 253/253/253 216/216/216
f 216/216/216 253/253/253 254/254/254
f 216/216/216 254/254/254 217/217/217
f 217/217/217 254/254/254 255/255/255
f 217/217/217 255/255/255 218/218/218
f 218/218/218 255/255/255 256/256/256
f 218/218/218 256/256/256 219/219/219
f 219/219/219 256/256/256 257/257/257
f 219/219/219 257/257/257 220/220/220
f 220/220/220 257/257/257 258/258/258
f 220/220/220 258/258/258 221/221/221
f 221/221/221 258/258/258 259/259/259
f 221/221/221 259/259/259 222/222/222
f 223/223/223 260/260/260 261/261/261
f 223/223/223 261/261/261 224/224/224
f 224/224/224 261/261/261 262/262/262
f 224/224/224 262/262/262 225/225/225
f 225/225/225 262/262/262 263/263/263
f 225/225/225 263/263/263 226/226/226
f 226/226/226 263/263/263 264/264/264
f 226/226/226 264/264/264 227/227/227
f 227/227/227 264/264/264 265/265/265
f 227/227/227 265/265/265 228/228/228
f 228/228/228 265/265/265 266/266/266
f 228/228/228 266/266/266 229/229/229
f 229/229/229 266/266/266 267/267/267
f 229/229/229 267/267/267 230/230/230
f 230/230/230 267/267/267 268/268/268
f 230/230/230 268/268/268 231/231/231
f 231/231/231 268/268/268 269/269/269
f 231/231/231 269/269/269 232/232/232
f 232/232/232 269/269/269 270/270/270
f 232/232/232 270/270/270 233/233/233
f 233/233/233 270/270/270 271/271/271
f 233/233/233 271/271/271 234/234/234
f 234/234/234 271/271/271 272/272/272
f 234/234/234 272/272/272 235/235/235
f 235/235/235 272/272/272 273/273/273
f 235/235/235 273/273/273 236/236/236
f 236/236/236 273/273/273 274/274/274
f 236/236/236 274/274/274 237/237/237
f 237/237/237 274/274/274 275/275/275
f 237/237/237 275/275/275 238/238/238
f 238/238/238 275/275/275 276/276/276
f 238/238/238 276/276/276 239/239/239
f 239/239/239 276/276/276 277/277/277
f 239/239/239 277/277/277 240/240/240
f 240/240/240 277/277/277 278/278/278
f 240/240/240 278/278/278 241/241/241
f 241/241/241 278/278/278 279/279/279
f 241/241/241 279/279/279 242/242/242
f 242/242/242 279/279/279 280/280/280
f 242/242/242 280/280/280 243/243/243
f 243/243/243 280/280/280 281/281/281
f 243/243/243 281/281/281 244/244/244
f 244/244/244 281/281/281 282/282/282
f 244/244/244 282/282/282 245/245/245
f 245/245/245 282/282/282 283/283/283
f 245/245/245 283/283/283 246/246/246
f 246/246/246 283/283/283 284/284/284
f 246/246/246 284/284/284 247/247/247
f 247/247/247 284/284/284 285/285/285
f 247/247/247 285/285/285 248/248/248
f 248/248/248 285/285/285 286/286/286
f 248/248/248 286/286/286 249/249/249
f 249/249/249 286/286/286 287/287/287
f 249/249/249 287/287/287 250/250/250
f 250/250/250 287/287/287 288/288/288
f 250/250/250 288/288/288 251/251/251
f 251/251/251 288/288/288 289/289/289
f 251/251/251 289/289/289 252/252/252
f 252/252/252 289/289/289 290/290/290
f 252/252/252 290/290/290 253/253/253
f 253/253/253 290/290/290 291/291/291
f 253/253/253 291/291/291 254/254/254
f 254/254/254 291/291/291 292/292/292
f 254/254/254 292/292/292 255/255/255
f 255/255/255 292/292/292 293/293/293
f 255/255/255 293/293/293 256/256/256
f 256/256/256 293/293/293 294/294/294
f 256/256/256 294/294/294 257/257/257
f 257/257/257 294/294/294 295/295/295
f 257/257/257 295/295/295 258/258/258
f 258/258/258 295/295/295 296/296/296
f 258/258/258 296/296/296 259/259/259
f 260/260/260 297/297/297 298/298/298
f 260/260/260 298/298/298 261/261/261
f 261/261/261 298/298/298 299/299/299
f 261/261/261 299/299/299 262/262/262
f 262/262/262 299/299/299 300/300/300
f 262/262/262 300/300/300 263/263/263
f 263/263/263 300/300/300 301/301/301
f 263/263/263 301/301/301 264/264/264
f 264/264/264 301/301/301 302/302/302
f 264/264/264 302/302/302 265/265/265
f 265/265/265 302/302/302 303/303/303
f 265/265/265 303/303/303 266/266/266
f 266/266/266 303/303/303 304/304/304
f 266/266/266 304/304/304 267/267/267
f 267/267/267 304/304/304 305/305/305
f 267/267/267 305/305/305 268/268/268
f 268/268/268 305/305/305 306/306/306
f 268/268/268 306/306/306 269/269/269
f 269/269/269 306/306/306 307/307/307
f 269/269/269 307/307/307 270/270/270
f 270/270/270 307/307/307 308/308/308
f 270/270/270 308/308/308 271/271/271
f 271/271/271 308/308/308 309/309/309
f 271/271/271 309/309/309 272/272/272
f 272/272/272 309/309/309 310/310/310
f 272/272/272 310/310/310 273/273/273
f 273/273/273 310/310/310 311/311/311
f 273/273/273 311/311/311 274/274/274
f 274/274/274 311/311/311 312/312/312
f 274/274/274 312/312/312 275/275/275
f 275/275/275 312/312/312 313/313/313
f 275/275/275 313/313/313 276/276/276
f 276/276/276 313/313/313 314/314/314
f 276/276/276 314/314/314 277/277/277
f 277/277/277 314/314/314 315/315/315
f 277/277/277 315/315/315 278/278/278
f 278/278/278 315/315/315 316/316/316
f 278/278/278 316/316/316 279/279/279
f 279/279/279 316/316/316 317/317/317
f 279/279/279 317/317/317 280/280/280
f 280/280/280 317/317/317 318/318/318
f 280/280/280 318/318/318 281/281/281
f 281/281/281 318/318/318 319/319/319
f 281/281/281 319/319/319 282/282/282
f 282/282/282 319/319/319 320/320/320
f 282/282/282 320/320/320 283/283/283
f 283/283/283 320/320/320 321/321/321
f 283/283/283 321/321/321 284/284/284
f 284/284/284 321/321/321 322/322/322
f 284/284/284 322/322/322 285/285/285
f 285/285/285 322/322/322 323/323/323
f 285/285/285 323/323/323 286/286/286
f 286/286/286 323/323/323 324/324/324
f 286/286/286 324/324/324 287/287/287
f 287/287/287 324/324/324 325/325/325
f 287/287/287 325/325/325 288/288/288
f 288/288/288 325/325/325 326/326/326
f 288/288/288 326/326/326 289/289/289
f 289/289/289 326/326/326 327/327/327
f 289/289/289 327/327/327 290/290/290
f 290/290/290 327/327/327 328/328/328
f 290/290/290 328/328/328 291/291/291
f 291/291/291 328/328/328 329/329/329
f 291/291/291 329/329/329 292/292/292
f 292/292/292 329/329/329 330/330/330
f 292/292/292 330/330/330 293/293/293
f 293/293/293 330/330/330 331/331/331
f 293/293/293 331/331/331 294/294/294
f 294/294/294 331/331/331 332/332/332
f 294/294/294 332/332/332 295/295/295
f 295/295/295 332/332/332 333/333/333
f 295/295/295 333/333/333 296/296/296
f 297/297/297 334/334/334 335/335/335
f 297/297/297 335/335/335 298/298/298
f 298/298/298 335/335/335 336/336/336
f 298/298/298 336/336/336 299/299/299
f 299/299/299 336/336/336 337/337/337
f 299/299/299 337/337/337 300/300/300
f 300/300/300 337/337/337 338/338/338
f 300/300/300 338/338/338 301/301/301
f 301/301/301 338/338/338 339/339/339
f 301/301/301 339/339/339 302/302/302
f 302/302/302 339/339/339 340/340/340
f 302/302/302 340/340/340 303/303/303
f 303/303/303 340/340/340 341/341/341
f 303/303/303 341/341/341 304/304/304
f 304/304/304 341/341/341 342/342/342
f 304/304/304 342/342/342 305/305/305
f 305/305/305 342/342/342 343/343/343
f 305/305/305 343/343/343 306/306/306
f 306/306/306 343/343/343 344/344/344
f 306/306/306 344/344/344 307/307/307
f 307/307/307 344/344/344 345/345/345
f 307/307/307 345/345/345 308/308/308
f 308/308/308 345/345/345 346/346/346
f 308/308/308 346/346/346 309/309/309
f 309/309/309 346/346/346 347/347/347
f 309/309/309 347/347/347 310/310/310
f 310/310/310 347/347/347 348/348/348
f 310/310/310 348/348/348 311/311/311
f 311/311/311 348/348/348 349/349/349
f 311/311/311 349/349/349 312/312/312
f 312/312/312 349/349/349 350/350/350
f 312/312/312 350/350/350 313/313/313
f 313/313/313 350/350/350 351/351/351
f 313/313/313 351/351/351 314/314/314
f 314/314/314 351/351/351 352/352/352
f 314/314/314 352/352/352 315/315/315
f 315/315/315 352/352/352 353/353/353
f 315/315/315 353/353/353 316/316/316
f 316/316/316 353/353/353 354/354/354
f 316/316/316 354/354/354 317/317/317
f 317/317/317 354/354/354 355/355/355
f 317/317/317 355/355/355 318/318/318
f 318/318/318 355/355/355 356/356/356
f 318/318/318 356/356/356 319/319/319
f 319/319/319 356/356/356 357/357/357
f 319/319/319 357/357/357 320/320/320
f 320/320/320 357/357/357 358/358/358
f 320/320/320 358/358/358 321/321/321
f 321/321/321 358/358/358 359/359/359
f 321/321/321 359/359/359 322/322/322
f 322/322/322 359/359/359 360/360/360
f 322/322/322 360/360/360 323/323/323
f 323/323/323 360/360/360 361/361/361
f 323/323/323 361/361/361 324/324/324
f 324/324/324 361/361/361 362/362/362
f 324/324/324 362/362/362 325/325/325
f 325/325/325 362/362/362 363/363/363
f 325/325/325 363/363/363 326/326/326
f 326/326/326 363/363/363 364/364/364
f 326/326/326 364/364/364 327/327/327
f 327/327/327 364/364/364 365/365/365
f 327/327/327 365/365/365 328/328/328
f 328/328/328 365/365/365 366/366/366
f 328/328/328 366/366/366 329/329/329
f 329/329/329 366/366/366 367/367/367
f 329/329/329 367/367/367 330/330/330
f 330/330/330 367/367/367 368/368/368
f 330/330/330 368/368/368 331/331/331
f 331/331/331 368/368/368 369/369/369
f 331/331/331 369/369/369 332/332/332
f 332/332/332 369/369/369 370/370/370
f 332/332/332 370/370/370 333/333/333
f 334/334/334 371/371/371 372/372/372
f 334/334/334 372/372/372 335/335/335
f 335/335/335 372/372/372 373/373/373
f 335/335/335 373/373/373 336/336/336
f 336/336/336 373/373/373 374/374/374
f 336/336/336 374/374/374 337/337/337
f 337/337/337 374/374/374 375/375/375
f 337/337/337 375/375/375 338/338/338
f 338/338/338 375/375/375 376/376/376
f 338/338/338 376/376/376 339/339/339
f 339/339/339 376/376/376 377/377/377
f 339/339/339 377/377/377 340/340/340
f 340/340/340 377/377/377 378/378/378
f 340/340/340 378/378/378 341/341/341
f 341/341/341 378/378/378 379/379/379
f 341/341/341 379/379/379 342/342/342
f 342/342/342 379/379/379 380/380/380
f 342/342/342 380/380/380 343/343/343
f 343/343/343 380/380/380 381/381/381
f 343/343/343 381/381/381 344/344/344
f 344/344/344 381/381/381 382/382/382
f 344/344/344 382/382/382 345/345/345
f 345/345/345 382/382/382 383/383/383
f 345/345/345 383/383/383 346/346/346
f 346/346/346 383/383/383 384/384/384
f 346/346/346 384/384/384 347/347/347
f 347/347/347 384/384/384 385/385/385
f 347/347/347 385/385/385 348/348/348
f 348/348/348 385/385/385 386/386/386
f 348/348/348 386/386/386 349/349/349
f 349/349/349 386/386/386 387/387/387
f 349/349/349 387/387/387 350/350/350
f 350/350/350 387/387/387 388/388/388
f 350/350/350 388/388/388 351/351/351
f 351/351/351 388/388/388 389/389/389
f 351/351/351 389/389/389 352/352/352
f 352/352/352 389/389/389 390/390/390
f 352/352/352 390/390/390 353/353/353
f 353/353/353 390/390/390 391/391/391
f 353/353/353 391/391/391 354/354/354
f 354/354/354 391/391/391 392/392/392
f 354/354/354 392/392/392 355/355/355
f 355/355/355 392/392/392 393/393/393
f 355/355/355 393/393/393 356/356/356
f 356/356/356 393/393/393 394/394/394
f 356/356/356 394/394/394 357/357/357
f 357/357/357 394/394/394 395/395/395
f 357/357/357 395/395/395 358/358/358
f 358/358/358 395/395/395 396/396/396
f 358/358/358 396/396/396 359/359/359
f 359/359/359 396/396/396 397/397/397
f 359/359/359 397/397/397 360/360/360
f 360/360/360 397/397/397 398/398/398
f 360/360/360 398/398/398 361/361/361
f 361/361/361 398/398/398 399/399/399
f 361/361/361 399/399/399 362/362/362
f 362/362/362 399/399/399 400/400/400
f 362/362/362 400/400/400 363/363/363
f 363/363/363 400/400/400 401/401/401
f 363/363/363 401/401/401 364/364/364
f 364/364/364 401/401/401 402/402/402
f 364/364/364 402/402/402 365/365/365
f 365/365/365 402/402/402 403/403/403
f 365/365/365 403/403/403 366/366/366
f 366/366/366 403/403/403 404/404/404
f 366/366/366 404/404/404 367/367/367
f 367/367/367 404/404/404 405/405/405
f 367/367/367 405/405/405 368/368/368
f 368/368/368 405/405/405 406/406/406
f 368/368/368 406/406/406 369/369/369
f 369/369/369 406/406/406 407/407/407
f 369/369/369 407/407/407 370/370/370
f 371/371/371 408/408/408 409/409/409
f 371/371/371 409/409/409 372/372/372
f 372/372/372 409/409/409 410/410/410
f 372/372/372 410/410/410 373/373/373
f 373/373/373 410/410/410 411/411/411
f 373/373/373 411/411/411 374/374/374
f 374/374/374 411/411/411 412/412/412
f 374/374/374 412/412/412 375/375/375
f 375/375/375 412/412/412 413/413/413
f 375/375/375 413/413/413 376/376/376
f 376/376/376 413/413/413 414/414/414
f 376/376/376 414/414/414 377/377/377
f 377/377/377 414/414/414 415/415/415
f 377/377/377 415/415/415 378/378/378
f 378/378/378 415/415/415 416/416/416
f 378/378/378 416/416/416 379/379/379
f 379/379/379 416/416/416 417/417/417
f 379/379/379 417/417/417 380/380/380
f 380/380/380 417/417/417 418/418/418
f 380/380/380 418/418/418 381/381/381
f 381/381/381 418/418/418 419/419/419
f 381/381/381 419/419/419 382/382/382
f 382/382/382 419/419/419 420/420/420
f 382/382/382 420/420/420 383/383/383
f 383/383/383 420/420/420 421/421/421
f 383/383/383 421/421/421 384/384/384
f 384/384/384 421/421/421 422/422/422
f 384/384/384 422/422/422 385/385/385
f 385/385/385 422/422/422 423/423/423
f 385/385/385 423/423/423 386/386/386
f 386/386/386 423/423/423 424/424/424
f 386/386/386 424/424/424 387/387/387
f 387/387/387 424/424/424 425/425/425
f 387/387/387 425/425/425 388/388/388
f 388/388/388 425/425/425 426/426/426
f 388/388/388 426/426/426 389/389/389
f 389/389/389 426/426/426 427/427/427
f 389/389/389 427/427/427 390/390/390
f 390/390/390 427/427/427 428/428/428
f 390/390/390 428/428/428 391/391/391
f 391/391/391 428/428/428 429/429/429
f 391/391/391 429/429/429 392/392/392
f 392/392/392 429/429/429 430/430/430
f 392/392/392 430/430/430 393/393/393
f 393/393/393 430/430/430 431/431/431
f 393/393/393 431/431/431 394/394/394
f 394/394/394 431/431/431 432/432/432
f 394/394/394 432/432/432 395/395/395
f 395/395/395 432/432/432 433/433/433
f 395/395/395 433/433/433 396/396/396
f 396/396/396 433/433/433 434/434/434
f 396/396/396 434/434/434 397/397/397
f 397/397/397 434/434/434 435/435/435
f 397/397/397 435/435/435 398/398/398
f 398/398/398 435/435/435 436/436/436
f 398/398/398 436/436/436 399/399/399
f 399/399/399 436/436/436 437/437/437
f 399/399/399 437/437/437 400/400/400
f 400/400/400 437/437/437 438/438/438
f 400/400/400 438/438/438 401/401/401
f 401/401/401 438/438/438 439/439/439
f 401/401/401 439/439/439 402/402/402
f 402/402/402 439/439/439 440/440/440
f 402/402/402 440/440/440 403/403/403
f 403/403/403 440/440/440 441/441/441
f 403/403/403 441/441/441 404/404/404
f 404/404/404 441/441/441 442/442/442
f 404/404/404 442/442/442 405/405/405
f 405/405/405 442/442/442 443/443/443
f 405/405/405 443/443/443 406/406/406
f 406/406/406 443/443/443 444/444/444
f 406/406/406 444/444/444 407/407/407
f 408/408/408 445/445/445 446/446/446
f 408/408/408 446/446/446 409/409/409
f 409/409/409 446/446/446 447/447/447
f 409/409/409 447/447/447 410/410/410
f 410/410/410 447/447/447 448/448/448
f 410/410/410 448/448/448 411/411/411
f 411/411/411 448/448/448 449/449/449
f 411/411/411 449/449/449 412/412/412
f 412/412/412 449/449/449 450/450/450
f 412/412/412 450/450/450 413/413/413
f 413/413/413 450/450/450 451/451/451
f 413/413/413 451/451/451 414/414/414
f 414/414/414 451/451/451 452/452/452
f 414/414/414 452/452/452 415/415/415
f 415/415/415 452/452/452 453/453/453
f 415/415/415 453/453/453 416/416/416
f 416/416/416 453/453/453 454/454/454
f 416/416/416 454/454/454 417/417/417
f 417/417/417 454/454/454 455/455/455
f 417/417/417 455/455/455 418/418/418
f 418/418/418 455/455/455 456/456/456
f 418/418/418 456/456/456 419/419/419
f 419/419/419 456/456/456 457/457/457
f 419/419/419 457/457/457 420/420/420
f 420/420/420 457/457/457 458/458/458
f 420/420/420 458/458/458 421/421/421
f 421/421/421 458/458/458 459/459/459
f 421/421/421 459/459/459 422/422/422
f 422/422/422 459/459/459 460/460/460
f 422/422/422 460/460/460 423/423/423
f 423/423/423 460/460/460 461/461/461
f 423/423/423 461/461/461 424/424/424
f 424/424/424 461/461/461 462/462/462
f 424/424/424 462/462/462 425/425/425
f 425/425/425 462/462/462 463/463/463
f 425/425/425 463/463/463 426/426/426
f 426/426/426 463/463/463 464/464/464
f 426/426/426 464/464/464 427/427/427
f 427/427/427 464/464/464 465/465/465
f 427/427/427 465/465/465 428/428/428
f 428/428/428 465/465/465 466/466/466
f 428/428/428 466/466/466 429/429/429
f 429/429/429 466/466/466 467/467/467
f 429/429/429 467/467/467 430/430/430
f 430/430/430 467/467/467 468/468/468
f 430/430/430 468/468/468 431/431/431
f 431/431/431 468/468/468 469/469/469
f 431/431/431 469/469/469 432/432/432
f 432/432/432 469/469/469 470/470/470
f 432/432/432 470/470/470 433/433/433
f 433/433/433 470/470/470 471/471/471
f 433/433/433 471/471/471 434/434/434
f 434/434/434 471/471/471 472/472/472
f 434/434/434 472/472/472 435/435/435
f 435/435/435 472/472/472 473/473/473
f 435/435/435 473/473/473 436/436/436
f 436/436/436 473/473/473 474/474/474
f 436/436/436 474/474/474 437/437/437
f 437/437/437 474/474/474 475/475/475
f 437/437/437 475/475/475 438/438/438
f 438/438/438 475/475/475 476/476/476
f 438/438/438 476/476/476 439/439/439
f 439/439/439 476/476/476 477/477/477
f 439/439/439 477/477/477 440/440/440
f 440/440/440 477/477/477 478/478/478
f 440/440/440 478/478/478 441/441/441
f 441/441/441 478/478/478 479/479/479
f 441/441/441 479/479/479 442/442/442
f 442/442/442 479/479/479 480/480/480
f 442/442/442 480/480/480 443/443/443
f 443/443/443 480/480/480 481/481/481
f 443/443/443 481/481/481 444/444/444
f 445/445/445 482/482/482 483/483/483
f 445/445/445 483/483/483 446/446/446
f 446/446/446 483/483/483 484/484/484
f 446/446/446 484/484/484 447/447/447
f 447/447/447 484/484/484 485/485/485
f 447/447/447 485/485/485 448/448/448
f 448/448/448 485/485/485 486/486/486
f 448/448/448 486/486/486 449/449/449
f 449/449/449 486/486/486 487/487/487
f 449/449/449 487/487/487 450/450/450
f 450/450/450 487/487/487 488/488/488
f 450/450/450 488/488/488 451/451/451
f 451/451/451 488/488/488 489/489/489
f 451/451/451 489/489/489 452/452/452
f 452/452/452 489/489/489 490/490/490
f 452/452/452 490/490/490 453/453/453
f 453/453/453 490/490/490 491/491/491
f 453/453/453 491/491/491 454/454/454
f 454/454/454 491/491/491 492/492/492
f 454/454/454 492/492/492 455/455/455
f 455/455/455 492/492/492 493/493/493
f 455/455/455 493/493/493 456/456/456
f 456/456/456 493/493/493 494/494/494
f 456/456/456 494/494/494 457/457/457
f 457/457/457 494/494/494 495/495/495
f 457/457/457 495/495/495 458/458/458
f 458/458/458 495/495/495 496/496/496
f 458/458/458 496/496/496 459/459/459
f 459/459/459 496/496/496 497/497/497
f 459/459/459 497/497/497 460/460/460
f 460/460/460 497/497/497 498/498/498
f 460/460/460 498/498/498 461/461/461
f 461/461/461 498/498/498 499/499/499
f 461/461/461 499/499/499 462/462/462
f 462/462/462 499/499/499 500/500/500
f 462/462/462 500/500/500 463/463/463
f 463/463/463 500/500/500 501/501/501
f 463/463/463 501/501/501 464/464/464
f 464/464/464 501/501/501 502/502/502
f 464/464/464 502/502/502 465/465/465
f 465/465/465 502/502/502 503/503/503
f 465/465/465 503/503/503 466/466/466
f 466/466/466 503/503/503 504/504/504
f 466/466/466 504/504/504 467/467/467
f 467/467/467 504/504/504 505/505/505
f 467/467/467 505/505/505 468/468/468
f 468/468/468 505/505/505 506/506/506
f 468/468/468 506/506/506 469/469/469
f 469/469/469 506/506/506 507/507/507
f 469/469/469 507/507/507 470/470/470
f 470/470/470 507/507/507 508/508/508
f 470/470/470 508/508/508 471/471/471
f 471/471/471 508/508/508 509/509/509
f 471/471/471 509/509/509 472/472/472
f 472/472/472 509/509/509 510/510/510
f 472/472/472 510/510/510 473/473/473
f 473/473/473 510/510/510 511/511/511
f 473/473/473 511/511/511 474/474/474
f 474/474/474 511/511/511 512/512/512
f 474/474/474 512/512/512 475/475/475
f 475/475/475 512/512/512 513/513/513
f 475/475/475 513/513/513 476/476/476
f 476/476/476 513/513/513 514/514/514
f 476/476/476 514/514/514 477/477/477
f 477/477/477 514/514/514 515/515/515
f 477/477/477 515/515/515 478/478/478
f 478/478/478 515/515/515 516/516/516
f 478/478/478 516/516/516 479/479/479
f 479/479/479 516/516/516 517/517/517
f 479/479/479 517/517/517 480/480/480
f 480/480/480 517/517/517 518/518/518
f 480/480/480 518/518/518 481/481/481
f 482/482/482 519/519/519 520/520/520
f 482/482/482 520/520/520 483/483/483
f 483/483/483 520/520/520 521/521/521
f 483/483/483 521/521/521 484/484/484
f 484/484/484 521/521/521 522/522/522
f 484/484/484 522/522/522 485/485/485
f 485/485/485 522/522/522 523/523/523
f 485/485/485 523/523/523 486/486/486
f 486/486/486 523/523/523 524/524/524
f 486/486/486 524/524/524 487/487/487
f 487/487/487 524/524/524 525/525/525
f 487/487/487 525/525/525 488/488/488
f 488/488/488 525/525/525 526/526/526
f 488/488/488 526/526/526 489/489/489
f 489/489/489 526/526/526 527/527/527
f 489/489/489 527/527/527 490/490/490
f 490/490/490 527/527/527 528/528/528
f 490/490/490 528/528/528 491/491/491
f 491/491/491 528/528/528 529/529/529
f 491/491/491 529/529/529 492/492/492
f 492/492/492 529/529/529 530/530/530
f 492/492/492 530/530/530 493/493/493
f 493/493/493 530/530/530 531/531/531
f 493/493/493 531/531/531 494/494/494
f 494/494/494 531/531/531 532/532/532
f 494/494/494 532/532/532 495/495/495
f 495/495/495 532/532/532 533/533/533
f 495/495/495 533/533/533 496/496/496
f 496/496/496 533/533/533 534/534/534
f 496/496/496 534/534/534 497/497/497
f 497/497/497 534/534/534 535/535/535
f 497/497/497 535/535/535 498/498/498
f 498/498/498 535/535/535 536/536/536
f 498/498/498 536/536/536 499/499/499
f 499/499/499 536/536/536 537/537/537
f 499/499/499 537/537/537 500/500/500
f 500/500/500 537/537/537 538/538/538
f 500/500/500 538/538/538 501/501/501
f 501/501/501 538/538/538 539/539/539
f 501/501/501 539/539/539 502/502/502
f 502/502/502 539/539/539 540/540/540
f 502/502/502 540/540/540 503/503/503
f 503/503/503 540/540/540 541/541/541
f 503/503/503 541/541/541 504/504/504
f 504/504/504 541/541/541 542/542/542
f 504/504/504 542/542/542 505/505/505
f 505/505/505 542/542/542 543/543/543
f 505/505/505 543/543/543 506/506/506
f 506/506/506 543/543/543 544/544/544
f 506/506/506 544/544/544 507/507/507
f 507/507/507 544/544/544 545/545/545
f 507/507/507 545/545/545 508/508/508
f 508/508/508 545/545/545 546/546/546
f 508/508/508 546/546/546 509/509/509
f 509/509/509 546/546/546 547/547/547
f 509/509/509 547/547/547 510/510/510
f 510/510/510 547/547/547 548/548/548
f 510/510/510 548/548/548 511/511/511
f 511/511/511 548/548/548 549/549/549
f 511/511/511 549/549/549 512/512/512
f 512/512/512 549/549/549 550/550/550
f 512/512/512 550/550/550 513/513/513
f 513/513/513 550/550/550 551/551/551
f 513/513/513 551/551/551 514/514/514
f 514/514/514 551/551/551 552/552/552
f 514/514/514 552/552/552 515/515/515
f 515/515/515 552/552/552 553/553/553
f 515/515/515 553/553/553 516/516/516
f 516/516/516 553/553/553 554/554/554
f 516/516/516 554/554/554 517/517/517
f 517/517/517 554/554/554 555/555/555
f 517/517/517 555/555/555 518/518/518
f 519/519/519 556/556/556 557/557/557
f 519/519/519 557/557/557 520/520/520
f 520/520/520 557/557/557 558/558/558
f 520/520/520 558/558/558 521/521/521
f 521/521/521 558/558/558 559/559/559
f 521/521/521 559/559/559 522/522/522
f 522/522/522 559/559/559 560/560/560
f 522/522/522 560/560/560 523/523/523
f 523/523/523 560/560/560 561/561/561
f 523/523/523 561/561/561 524/524/524
f 524/524/524 561/561/561 562/562/562
f 524/524/524 562/562/562 525/525/525
f 525/525/525 562/562/562 563/563/563
f 525/525/525 563/563/563 526/526/526
f 526/526/526 563/563/563 564/564/564
f 526/526/526 564/564/564 527/527/527
f 527/527/527 564/564/564 565/565/565
f 527/527/527 565/565/565 528/528/528
f 528/528/528 565/565/565 566/566/566
f 528/528/528 566/566/566 529/529/529
f 529/529/529 566/566/566 567/567/567
f 529/529/529 567/567/567 530/530/530
f 530/530/530 567/567/567 568/568/568
f 530/530/530 568/568/568 531/531/531
f 531/531/531 568/568/568 569/569/569
f 531/531/531 569/569/569 532/532/532
f 532/532/532 569/569/569 570/570/570
f 532/532/532 570/570/570 533/533/533
f 533/533/533 570/570/570 571/571/571
f 533/533/533 571/571/571 534/534/534
f 534/534/534 571/571/571 572/572/572
f 534/534/534 572/572/572 535/535/535
f 535/535/535 572/572/572 573/573/573
f 535/535/535 573/573/573 536/536/536
f 536/536/536 573/573/573 574/574/574
f 536/536/536 574/574/574 537/537/537
f 537/537/537 574/574/574 575/575/575
f 537/537/537 575/575/575 538/538/538
f 538/538/538 575/575/575 576/576/576
f 538/538/538 576/576/576 539/539/539
f 539/539/539 576/576/576 577/577/577
f 539/539/539 577/577/577 540/540/540
f 540/540/540 577/577/577 578/578/578
f 540/540/540 578/578/578 541/541/541
f 541/541/541 578/578/578 579/579/579
f 541/541/541 579/579/579 542/542/542
f 542/542/542 579/579/579 580/580/580
f 542/542/542 580/580/580 543/543/543
f 543/543/543 580/580/580 581/581/581
f 543/543/543 581/581/581 544/544/544
f 544/544/544 581/581/581 582/582/582
f 544/544/544 582/582/582 545/545/545
f 545/545/545 582/582/582 583/583/583
f 545/545/545 583/583/583 546/546/546
f 546/546/546 583/583/583 584/584/584
f 546/546/546 584/584/584 547/547/547
f 547/547/547 584/584/584 585/585/585
f 547/547/547 585/585/585 548/548/548
f 548/548/548 585/585/585 586/586/586
f 548/548/548 586/586/586 549/549/549
f 549/549/549 586/586/586 587/587/587
f 549/549/549 587/587/587 550/550/550
f 550/550/550 587/587/587 588/588/588
f 550/550/550 588/588/588 551/551/551
f 551/551/551 588/588/588 589/589/589
f 551/551/551 589/589/589 552/552/552
f 552/552/552 589/589/589 590/590/590
f 552/552/552 590/590/590 553/553/553
f 553/553/553 590/590/590 591/591/591
f 553/553/553 591/591/591 554/554/554
f 554/554/554 591/591/591 592/592/592
f 554/554/554 592/592/592 555/555/555
f 556/556/556 593/593/593 594/594/594
f 556/556/556 594/594/594 557/557/557
f 557/557/557 594/594/594 595/595/595
f 557/557/557 595/595/595 558/558/558
f 558/558/558 595/595/595 596/596/596
f 558/558/558 596/596/596 559/559/559
f 559/559/559 596/596/596 597/597/597
f 559/559/559 597/597/597 560/560/560
f 560/560/560 597/597/597 598/598/598
f 560/560/560 598/598/598 561/561/561
f 561/561/561 598/598/598 599/599/599
f 561/561/561 599/599/599 562/562/562
f 562/562/562 599/599/599 600/600/600
f 562/562/562 600/600/600 563/563/563
f 563/563/563 600/600/600 601/601/601
f 563/563/563 601/601/601 564/564/564
f 564/564/564 601/601/601 602/602/602
f 564/564/564 602/602/602 565/565/565
f 565/565/565 602/602/602 603/603/603
f 565/565/565 603/603/603 566/566/566
f 566/566/566 603/603/603 604/604/604
f 566/566/566 604/604/604 567/567/567
f 567/567/567 604/604/604 605/605/605
f 567/567/567 605/605/605 568/568/568
f 568/568/568 605/605/605 606/606/606
f 568/568/568 606/606/606 569/569/569
f 569/569/569 606/606/606 607/607/607
f 569/569/569 607/607/607 570/570/570
f 570/570/570 607/607/607 608/608/608
f 570/570/570 608/608/608 571/571/571
f 571/571/571 608/608/608 609/609/609
f 571/571/571 609/609/609 572/572/572
f 572/572/572 609/609/609 610/610/610
f 572/572/572 610/610/610 573/573/573
f 573/573/573 610/610/610 611/611/611
f 573/573/573 611/611/611 574/574/574
f 574/574/574 611/611/611 612/612/612
f 574/574/574 612/612/612 575/575/575
f 575/575/575 612/612/612 613/613/613
f 575/575/575 613/613/613 576/576/576
f 576/576/576 613/613/613 614/614/614
f 576/576/576 614/614/614 577/577/577
f 577/577/577 614/614/614 615/615/615
f 577/577/577 615/615/615 578/578/578
f 578/578/578 615/615/615 616/616/616
f 578/578/578 616/616/616 579/579/579
f 579/579/579 616/616/616 617/617/617
f 579/579/579 617/617/617 580/580/580
f 580/580/580 617/617/617 618/618/618
f 580/580/580 618/618/618 581/581/581
f 581/581/581 618/618/618 619/619/619
f 581/581/581 619/619/619 582/582/582
f 582/582/582 619/619/619 620/620/620
f 582/582/582 620/620/620 583/583/583
f 583/583/583 620/620/620 621/621/621
f 583/583/583 621/621/621 584/584/584
f 584/584/584 621/621/621 622/622/622
f 584/584/584 622/622/622 585/585/585
f 585/585/585 622/622/622 623/623/623
f 585/585/585 623/623/623 586/586/586
f 586/586/586 623/623/623 624/624/624
f 586/586/586 624/624/624 587/587/587
f 587/587/587 624/624/624 625/625/625
f 587/587/587 625/625/625 588/588/588
f 588/588/588 625/625/625 626/626/626
f 588/588/588 626/626/626 589/589/589
f 589/589/589 626/626/626 627/627/627
f 589/589/589 627/627/627 590/590/590
f 590/590/590 627/627/627 628/628/628
f 590/590/590 628/628/628 591/591/591
f 591/591/591 628/628/628 629/629/629
f 591/591/591 629/629/629 592/592/592
f 593/593/593 630/630/630 631/631/631
f 593/593/593 631/631/631 594/594/594
f 594/594/594 631/631/631 632/632/632
f 594/594/594 632/632/632 595/595/595
f 595/595/595 632/632/632 633/633/633
f 595/595/595 633/633/633 596/596/596
f 596/596/596 633/633/633 634/634/634
f 596/596/596 634/634/634 597/597/597
f 597/597/597 634/634/634 635/635/635
f 597/597/597 635/635/635 598/598/598
f 598/598/598 635/635/635 636/636/636
f 598/598/598 636/636/636 599/599/599
f 599/599/599 636/636/636 637/637/637
f 599/599/599 637/637/637 600/600/600
f 600/600/600 637/637/637 638/638/638
f 600/600/600 638/638/638 601/601/601
f 601/601/601 638/638/638 639/639/639
f 601/601/601 639/639/639 602/602/602
f 602/602/602 639/639/639 640/640/640
f 602/602/602 640/640/640 603/603/603
f 603/603/603 640/640/640 641/641/641
f 603/603/603 641/641/641 604/604/604
f 604/604/604 641/641/641 642/642/642
f 604/604/604 642/642/642 605/605/605
f 605/605/605 642/642/642 643/643/643
f 605/605/605 643/643/643 606/606/606
f 606/606/606 643/643/643 644/644/644
f 606/606/606 644/644/644 607/607/607
f 607/607/607 644/644/644 645/645/645
f 607/607/607 645/645/645 608/608/608
f 608/608/608 645/645/645 646/646/646
f 608/608/608 646/646/646 609/609/609
f 609/609/609 646/646/646 647/647/647
f 609/609/609 647/647/647 610/610/610
f 610/610/610 647/647/647 648/648/648
f 610/610/610 648/648/648 611/611/611
f 611/611/611 648/648/648 649/649/649
f 611/611/611 649/649/649 612/612/612
f 612/612/612 649/649/649 650/650/650
f 612/612/612 650/650/650 613/613/613
f 613/613/613 650/650/650 651/651/651
f 613/613/613 651/651/651 614/614/614
f 614/614/614 651/651/651 652/652/652
f 614/614/614 652/652/652 615/615/615
f 615/615/615 652/652/652 653/653/653
f 615/615/615 653/653/653 616/616/616
f 616/616/616 653/653/653 654/654/654
f 616/616/616 654/654/654 617/617/617
f 617/617/617 654/654/654 655/655/655
f 617/617/617 655/655/655 618/618/618
f 618/618/618 655/655/655 656/656/656
f 618/618/618 656/656/656 619/619/619
f 619/619/619 656/656/656 657/657/657
f 619/619/619 657/657/657 620/620/620
f 620/620/620 657/657/657 658/658/658
f 620/620/620 658/658/658 621/621/621
f 621/621/621 658/658/658 659/659/659
f 621/621/621 659/659/659 622/622/622
f 622/622/622 659/659/659 660/660/660
f 622/622/622 660/660/660 623/623/623
f 623/623/623 660/660/660 661/661/661
f 623/623/623 661/661/661 624/624/624
f 624/624/624 661/661/661 662/662/662
f 624/624/624 662/662/662 625/625/625
f 625/625/625 662/662/662 663/663/663
f 625/625/625 663/663/663 626/626/626
f 626/626/626 663/663/663 664/664/664
f 626/626/626 664/664/664 627/627/627
f 627/627/627 664/664/664 665/665/665
f 627/627/627 665/665/665 628/628/628
f 628/628/628 665/665/665 666/666/666
f 628/628/628 666/666/666 629/629/629
f 630/630/630 667/667/667 668/668/668
f 630/630/630 668/668/668 631/631/631
f 631/631/631 668/668/668 669/669/669
f 631/631/631 669/669/669 632/632/632
f 632/632/632 669/669/669 670/670/670
f 632/632/632 670/670/670 633/633/633
f 633/633/633 670/670/670 671/671/671
f 633/633/633 671/671/671 634/634/634
f 634/634/634 671/671/671 672/672/672
f 634/634/634 672/672/672 635/635/635
f 635/635/635 672/672/672 673/673/673
f 635/635/635 673/673/673 636/636/636
f 636/636/636 673/673/673 674/674/674
f 636/636/636 674/674/674 637/637/637
f 637/637/637 674/674/674 675/675/675
f 637/637/637 675/675/675 638/638/638
f 638/638/638 675/675/675 676/676/676
f 638/638/638 676/676/676 639/639/639
f 639/639/639 676/676/676 677/677/677
f 639/639/639 677/677/677 640/640/640
f 640/640/640 677/677/677 678/678/678
f 640/640/640 678/678/678 641/641/641
f 641/641/641 678/678/678 679/679/679
f 641/641/641 679/679/679 642/642/642
f 642/642/642 679/679/679 680/680/680
f 642/642/642 680/680/680 643/643/643
f 643/643/643 680/680/680 681/681/681
f 643/643/643 681/681/681 644/644/644
f 644/644/644 681/681/681 682/682/682
f 644/644/644 682/682/682 645/645/645
f 645/645/645 682/682/682 683/683/683
f 645/645/645 683/683/683 646/646/646
f 646/646/646 683/683/683 684/684/684
f 646/646/646 684/684/684 647/647/647
f 647/647/647 684/684/684 685/685/685
f 647/647/647 685/685/685 648/648/648
f 648/648/648 685/685/685 686/686/686
f 648/648/648 686/686/686 649/649/649
f 649/649/649 686/686/686 687/687/687
f 649/649/649 687/687/687 650/650/650
f 650/650/650 687/687/687 688/688/688
f 650/650/650 688/688/688 651/651/651
f 651/651/651 688/688/688 689/689/689
f 651/651/651 689/689/689 652/652/652
f 652/652/652 689/689/689 690/690/690
f 652/652/652 690/690/690 653/653/653
f 653/653/653 690/690/690 691/691/691
f 653/653/653 691/691/691 654/654/654
f 654/654/654 691/691/691 692/692/692
f 654/654/654 692/692/692 655/655/655
f 655/655/655 692/692/692 693/693/693
f 655/655/655 693/693/693 656/656/656
f 656/656/656 693/693/693 694/694/694
f 656/656/656 694/694/694 657/657/657
f 657/657/657 694/694/694 695/695/695
f 657/657/657 695/695/695 658/658/658
f 658/658/658 695/695/695 696/696/696
f 658/658/658 696/696/696 659/659/659
f 659/659/659 696/696/696 697/697/697
f 659/659/659 697/697/697 660/660/660
f 660/660/660 697/697/697 698/698/698
f 660/660/660 698/698/698 661/661/661
f 661/661/661 698/698/698 699/699/699
f 661/661/661 699/699/699 662/662/662
f 662/662/662 699/699/699 700/700/700
f 662/662/662 700/700/700 663/663/663
f 663/663/663 700/700/700 701/701/701
f 663/663/663 701/701/701 664/664/664
f 664/664/664 701/701/701 702/702/702
f 664/664/664 702/702/702 665/665/665
f 665/665/665 702/702/702 703/703/703
f 665/665/665 703/703/703 666/666/666
f 667/667/667 704/704/704 705/705/705
f 667/667/667 705/705/705 668/668/668
f 668/668/668 705/705/705 706/706/706
f 668/668/668 706/706/706 669/669/669
f 669/669/669 706/706/706 707/707/707
f 669/669/669 707/707/707 670/670/670
f 670/670/670 707/707/707 708/708/708
f 670/670/670 708/708/708 671/671/671
f 671/671/671 708/708/708 709/709/709
f 671/671/671 709/709/709 672/672/672
f 672/672/672 709/709/709 710/710/710
f 672/672/672 710/710/710 673/673/673
f 673/673/673 710/710/710 711/711/711
f 673/673/673 711/711/711 674/674/674
f 674/674/674 711/711/711 712/712/712
f 674/674/674 712/712/712 675/675/675
f 675/675/675 712/712/712 713/713/713
f 675/675/675 713/713/713 676/676/676
f 676/676/676 713/713/713 714/714/714
f 676/676/676 714/714/714 677/677/677
f 677/677/677 714/714/714 715/715/715
f 677/677/677 715/715/715 678/678/678
f 678/678/678 715/715/715 716/716/716
f 678/678/678 716/716/716 679/679/679
f 679/679/679 716/716/716 717/717/717
f 679/679/679 717/717/717 680/680/680
f 680/680/680 717/717/717 718/718/718
f 680/680/680 718/718/718 681/681/681
f 681/681/681 718/718/718 719/719/719
f 681/681/681 719/719/719 682/682/682
f 682/682/682 719/719/719 720/720/720
f 682/682/682 720/720/720 683/683/683
f 683/683/683 720/720/720 721/721/721
f 683/683/683 721/721/721 684/684/684
f 684/684/684 721/721/721 722/722/722
f 684/684/684 722/722/722 685/685/685
f 685/685/685 722/722/722 723/723/723
f 685/685/685 723/723/723 686/686/686
f 686/686/686 723/723/723 724/724/724
f 686/686/686 724/724/724 687/687/687
f 687/687/687 724/724/724 725/725/725
f 687/687/687 725/725/725 688/688/688
f 688/688/688 725/725/725 726/726/726
f 688/688/688 726/726/726 689/689/689
f 689/689/689 726/726/726 727/727/727
f 689/689/689 727/727/727 690/690/690
f 690/690/690 727/727/727 728/728/728
f 690/690/690 728/728/728 691/691/691
f 691/691/691 728/728/728 729/729/729
f 691/691/691 729/729/729 692/692/692
f 692/692/692 729/729/729 730/730/730
f 692/692/692 730/730/730 693/693/693
f 693/693/693 730/730/730 731/731/731
f 693/693/693 731/731/731 694/694/694
f 694/694/694 731/731/731 732/732/732
f 694/694/694 732/732/732 695/695/695
f 695/695/695 732/732/732 733/733/733
f 695/695/695 733/733/733 696/696/696
f 696/696/696 733/733/733 734/734/734
f 696/696/696 734/734/734 697/697/697
f 697/697/697 734/734/734 735/735/735
f 697/697/697 735/735/735 698/698/698
f 698/698/698 735/735/735 736/736/736
f 698/698/698 736/736/736 699/699/699
f 699/699/699 736/736/736 737/737/737
f 699/699/699 737/737/737 700/700/700
f 700/700/700 737/737/737 738/738/738
f 700/700/700 738/738/738 701/701/701
f 701/701/701 738/738/738 739/739/739
f 701/701/701 739/739/739 702/702/702
f 702/702/702 739/739/739 740/740/740
f 702/702/702 740/740/740 703/703/703
f 704/704/704 741/741/741 742/742/742
f 704/704/704 742/742/742 705/705/705
f 705/705/705 742/742/742 743/743/743
f 705/705/705 743/743/743 706/706/706
f 706/706/706 743/743/743 744/744/744
f 706/706/706 744/744/744 707/707/707
f 707/707/707 744/744/744 745/745/745
f 707/707/707 745/745/745 708/708/708
f 708/708/708 745/745/745 746/746/746
f 708/708/708 746/746/746 709/709/709
f 709/709/709 746/746/746 747/747/747
f 709/709/709 747/747/747 710/710/710
f 710/710/710 747/747/747 748/748/748
f 710/710/710 748/748/748 711/711/711
f 711/711/711 748/748/748 749/749/749
f 711/711/711 749/749/749 712/712/712
f 712/712/712 749/749/749 750/750/750
f 712/712/712 750/750/750 713/713/713
f 713/713/713 750/750/750 751/751/751
f 713/713/713 751/751/751 714/714/714
f 714/714/714 751/751/751 752/752/752
f 714/714/714 752/752/752 715/715/715
f 715/715/715 752/752/752 753/753/753
f 715/715/715 753/753/753 716/716/716
f 716/716/716 753/753/753 754/754/754
f 716/716/716 754/754/754 717/717/717
f 717/717/717 754/754/754 755/755/755
f 717/717/717 755/755/755 718/718/718
f 718/718/718 755/755/755 756/756/756
f 718/718/718 756/756/756 719/719/719
f 719/719/719 756/756/756 757/757/757
f 719/719/719 757/757/757 720/720/720
f 720/720/720 757/757/757 758/758/758
f 720/720/720 758/758/758 721/721/721
f 721/721/721 758/758/758 759/759/759
f 721/721/721 759/759/759 722/722/722
f 722/722/722 759/759/759 760/760/760
f 722/722/722 760/760/760 723/723/723
f 723/723/723 760/760/760 761/761/761
f 723/723/723 761/761/761 724/724/724
f 724/724/724 761/761/761 762/762/762
f 724/724/724 762/762/762 725/725/725
f 725/725/725 762/762/762 763/763/763
f 725/725/725 763/763/763 726/726/726
f 726/726/726 763/763/763 764/764/764
f 726/726/726 764/764/764 727/727/727
f 727/727/727 764/764/764 765/765/765
f 727/727/727 765/765/765 728/728/728
f 728/728/728 765/765/765 766/766/766
f 728/728/728 766/766/766 729/729/729
f 729/729/729 766/766/766 767/767/767
f 729/729/729 767/767/767 730/730/730
f 730/730/730 767/767/767 768/768/768
f 730/730/730 768/768/768 731/731/731
f 731/731/731 768/768/768 769/769/769
f 731/731/731 769/769/769 732/732/732
f 732/732/732 769/769/769 770/770/770
f 732/732/732 770/770/770 733/733/733
f 733/733/733 770/770/770 771/771/771
f 733/733/733 771/771/771 734/734/734
f 734/734/734 771/771/771 772/772/772
f 734/734/734 772/772/772 735/735/735
f 735/735/735 772/772/772 773/773/773
f 735/735/735 773/773/773 736/736/736
f 736/736/736 773/773/773 774/774/774
f 736/736/736 774/774/774 737/737/737
f 737/737/737 774/774/774 775/775/775
f 737/737/737 775/775/775 738/738/738
f 738/738/738 775/775/775 776/776/776
f 738/738/738 776/776/776 739/739/739
f 739/739/739 776/776/776 777/777/777
f 739/739/739 777/777/777 740/740/740
f 741/741/741 778/778/778 779/779/779
f 741/741/741 779/779/779 742/742/742
f 742/742/742 779/779/779 780/780/780
f 742/742/742 780/780/780 743/743/743
f 743/743/743 780/780/780 781/781/781
f 743/743/743 781/781/781 744/744/744
f 744/744/744 781/781/781 782/782/782
f 744/744/744 782/782/782 745/745/745
f 745/745/745 782/782/782 783/783/783
f 745/745/745 783/783/783 746/746/746
f 746/746/746 783/783/783 784/784/784
f 746/746/746 784/784/784 747/747/747
f 747/747/747 784/784/784 785/785/785
f 747/747/747 785/785/785 748/748/748
f 748/748/748 785/785/785 786/786/786
f 748/748/748 786/786/786 749/749/749
f 749/749/749 786/786/786 787/787/787
f 749/749/749 787/787/787 750/750/750
f 750/750/750 787/787/787 788/788/788
f 750/750/750 788/788/788 751/751/751
f 751/751/751 788/788/788 789/789/789
f 751/751/751 789/789/789 752/752/752
f 752/752/752 789/789/789 790/790/790
f 752/752/752 790/790/790 753/753/753
f 753/753/753 790/790/790 791/791/791
f 753/753/753 791/791/791 754/754/754
f 754/754/754 791/791/791 792/792/792
f 754/754/754 792/792/792 755/755/755
f 755/755/755 792/792/792 793/793/793
f 755/755/755 793/793/793 756/756/756
f 756/756/756 793/793/793 794/794/794
f 756/756/756 794/794/794 757/757/757
f 757/757/757 794/794/794 795/795/795
f 757/757/757 795/795/795 758/758/758
f 758/758/758 795/795/795 796/796/796
f 758/758/758 796/796/796 759/759/759
f 759/759/759 796/796/796 797/797/797
f 759/759/759 797/797/797 760/760/760
f 760/760/760 797/797/797 798/798/798
f 760/760/760 798/798/798 761/761/761
f 761/761/761 798/798/798 799/799/799
f 761/761/761 799/799/799 762/762/762
f 762/762/762 799/799/799 800/800/800
f 762/762/762 800/800/800 763/763/763
f 763/763/763 800/800/800 801/801/801
f 763/763/763 801/801/801 764/764/764
f 764/764/764 801/801/801 802/802/802
f 764/764/764 802/802/802 765/765/765
f 765/765/765 802/802/802 803/803/803
f 765/765/765 803/803/803 766/766/766
f 766/766/766 803/803/803 804/804/804
f 766/766/766 804/804/804 767/767/767
f 767/767/767 804/804/804 805/805/805
f 767/767/767 805/805/805 768/768/768
f 768/768/768 805/805/805 806/806/806
f 768/768/768 806/806/806 769/769/769
f 769/769/769 806/806/806 807/807/807
f 769/769/769 807/807/807 770/770/770
f 770/770/770 807/807/807 808/808/808
f 770/770/770 808/808/808 771/771/771
f 771/771/771 808/808/808 809/809/809
f 771/771/771 809/809/809 772/772/772
f 772/772/772 809/809/809 810/810/810
f 772/772/772 810/810/810 773/773/773
f 773/773/773 810/810/810 811/811/811
f 773/773/773 811/811/811 774/774/774
f 774/774/774 811/811/811 812/812/812
f 774/774/774 812/812/812 775/775/775
f 775/775/775 812/812/812 813/813/813
f 775/775/775 813/813/813 776/776/776
f 776/776/776 813/813/813 814/814/814
f 776/776/776 814/814/814 777/777/777
f 778/778/778 815/815/815 816/816/816
f 778/778/778 816/816/816 779/779/779
f 779/779/779 816/816/816 817/817/817
f 779/779/779 817/817/817 780/780/780
f 780/780/780 817/817/817 818/818/818
f 780/780/780 818/818/818 781/781/781
f 781/781/781 818/818/818 819/819/819
f 781/781/781 819/819/819 782/782/782
f 782/782/782 819/819/819 820/820/820
f 782/782/782 820/820/820 783/783/783
f 783/783/783 820/820/820 821/821/821
f 783/783/783 821/821/821 784/784/784
f 784/784/784 821/821/821 822/822/822
f 784/784/784 822/822/822 785/785/785
f 785/785/785 822/822/822 823/823/823
f 785/785/785 823/823/823 786/786/786
f 786/786/786 823/823/823 824/824/824
f 786/786/786 824/824/824 787/787/787
f 787/787/787 824/824/824 825/825/825
f 787/787/787 825/825/825 788/788/788
f 788/788/788 825/825/825 826/826/826
f 788/788/788 826/826/826 789/789/789
f 789/789/789 826/826/826 827/827/827
f 789/789/789 827/827/827 790/790/790
f 790/790/790 827/827/827 828/828/828
f 790/790/790 828/828/828 791/791/791
f 791/791/791 828/828/828 829/829/829
f 791/791/791 829/829/829 792/792/792
f 792/792/792 829/829/829 830/830/830
f 792/792/792 830/830/830 793/793/793
f 793/793/793 830/830/830 831/831/831
f 793/793/793 831/831/831 794/794/794
f 794/794/794 831/831/831 832/832/832
f 794/794/794 832/832/832 795/795/795
f 795/795/795 832/832/832 833/833/833
f 795/795/795 833/833/833 796/796/796
f 796/796/796 833/833/833 834/834/834
f 796/796/796 834/834/834 797/797/797
f 797/797/797 834/834/834 835/835/835
f 797/797/797 835/835/835 798/798/798
f 798/798/798 835/835/835 836/836/836
f 798/798/798 836/836/836 799/799/799
f 799/799/799 836/836/836 837/837/837
f 799/799/799 837/837/837 800/800/800
f 800/800/800 837/837/837 838/838/838
f 800/800/800 838/838/838 801/801/801
f 801/801/801 838/838/838 839/839/839
f 801/801/801 839/839/839 802/802/802
f 802/802/802 839/839/839 840/840/840
f 802/802/802 840/840/840 803/803/803
f 803/803/803 840/840/840 841/841/841
f 803/803/803 841/841/841 804/804/804
f 804/804/804 841/841/841 842/842/842
f 804/804/804 842/842/842 805/805/805
f 805/805/805 842/842/842 843/843/843
f 805/805/805 843/843/843 806/806/806
f 806/806/806 843/843/843 844/844/844
f 806/806/806 844/844/844 807/807/807
f 807/807/807 844/844/844 845/845/845
f 807/807/807 845/845/845 808/808/808
f 808/808/808 845/845/845 846/846/846
f 808/808/808 846/846/846 809/809/809
f 809/809/809 846/846/846 847/847/847
f 809/809/809 847/847/847 810/810/810
f 810/810/810 847/847/847 848/848/848
f 810/810/810 848/848/848 811/811/811
f 811/811/811 848/848/848 849/849/849
f 811/811/811 849/849/849 812/812/812
f 812/812/812 849/849/849 850/850/850
f 812/812/812 850/850/850 813/813/813
f 813/813/813 850/850/850 851/851/851
f 813/813/813 851/851/851 814/814/814
f 815/815/815 852/852/852 853/853/853
f 815/815/815 853/853/853 816/816/816
f 816/816/816 853/853/853 854/854/854
f 816/816/816 854/854/854 817/817/817
f 817/817/817 854/854/854 855/855/855
f 817/817/817 855/855/855 818/818/818
f 818/818/818 855/855/855 856/856/856
f 818/818/818 856/856/856 819/819/819
f 819/819/819 856/856/856 857/857/857
f 819/819/819 857/857/857 820/820/820
f 820/820/820 857/857/857 858/858/858
f 820/820/820 858/858/858 821/821/821
f 821/821/821 858/858/858 859/859/859
f 821/821/821 859/859/859 822/822/822
f 822/822/822 859/859/859 860/860/860
f 822/822/822 860/860/860 823/823/823
f 823/823/823 860/860/860 861/861/861
f 823/823/823 861/861/861 824/824/824
f 824/824/824 861/861/861 862/862/862
f 824/824/824 862/862/862 825/825/825
f 825/825/825 862/862/862 863/863/863
f 825/825/825 863/863/863 826/826/826
f 826/826/826 863/863/863 864/864/864
f 826/826/826 864/864/864 827/827/827
f 827/827/827 864/864/864 865/865/865
f 827/827/827 865/865/865 828/828/828
f 828/828/828 865/865/865 866/866/866
f 828/828/828 866/866/866 829/829/829
f 829/829/829 866/866/866 867/867/867
f 829/829/829 867/867/867 830/830/830
f 830/830/830 867/867/867 868/868/868
f 830/830/830 868/868/868 831/831/831
f 831/831/831 868/868/868 869/869/869
f 831/831/831 869/869/869 832/832/832
f 832/832/832 869/869/869 870/870/870
f 832/832/832 870/870/870 833/833/833
f 833/833/833 870/870/870 871/871/871
f 833/833/833 871/871/871 834/834/834
f 834/834/834 871/871/871 872/872/872
f 834/834/834 872/872/872 835/835/835
f 835/835/835 872/872/872 873/873/873
f 835/835/835 873/873/873 836/836/836
f 836/836/836 873/873/873 874/874/874
f 836/836/836 874/874/874 837/837/837
f 837/837/837 874/874/874 875/875/875
f 837/837/837 875/875/875 838/838/838
f 838/838/838 875/875/875 876/876/876
f 838/838/838 876/876/876 839/839/839
f 839/839/839 876/876/876 877/877/877
f 839/839/839 877/877/877 840/840/840
f 840/840/840 877/877/877 878/878/878
f 840/840/840 878/878/878 841/841/841
f 841/841/841 878/878/878 879/879/879
f 841/841/841 879/879/879 842/842/842
f 842/842/842 879/879/879 880/880/880
f 842/842/842 880/880/880 843/843/843
f 843/843/843 880/880/880 881/881/881
f 843/843/843 881/881/881 844/844/844
f 844/844/844 881/881/881 882/882/882
f 844/844/844 882/882/882 845/845/845
f 845/845/845 882/882/882 883/883/883
f 845/845/845 883/883/883 846/846/846
f 846/846/846 883/883/883 884/884/884
f 846/846/846 884/884/884 847/847/847
f 847/847/847 884/884/884 885/885/885
f 847/847/847 885/885/885 848/848/848
f 848/848/848 885/885/885 886/886/886
f 848/848/848 886/886/886 849/849/849
f 849/849/849 886/886/886 887/887/887
f 849/849/849 887/887/887 850/850/850
f 850/850/850 887/887/887 888/888/888
f 850/850/850 888/888/888 851/851/851
f 852/852/852 889/889/889 890/890/890
f 852/852/852 890/890/890 853/853/853
f 853/853/853 890/890/890 891/891/891
f 853/853/853 891/891/891 854/854/854
f 854/854/854 891/891/891 892/892/892
f 854/854/854 892/892/892 855/855/855
f 855/855/855 892/892/892 893/893/893
f 855/855/855 893/893/893 856/856/856
f 856/856/856 893/893/893 894/894/894
f 856/856/856 894/894/894 857/857/857
f 857/857/857 894/894/894 895/895/895
f 857/857/857 895/895/895 858/858/858
f 858/858/858 895/895/895 896/896/896
f 858/858/858 896/896/896 859/859/859
f 859/859/859 896/896/896 897/897/897
f 859/859/859 897/897/897 860/860/860
f 860/860/860 897/897/897 898/898/898
f 860/860/860 898/898/898 861/861/861
f 861/861/861 898/898/898 899/899/899
f 861/861/861 899/899/899 862/862/862
f 862/862/862 899/899/899 900/900/900
f 862/862/862 900/900/900 863/863/863
f 863/863/863 900/900/900 901/901/901
f 863/863/863 901/901/901 864/864/864
f 864/864/864 901/901/901 902/902/902
f 864/864/864 902/902/902 865/865/865
f 865/865/865 902/902/902 903/903/903
f 865/865/865 903/903/903 866/866/866
f 866/866/866 903/903/903 904/904/904
f 866/866/866 904/904/904 867/867/867
f 867/867/867 904/904/904 905/905/905
f 867/867/867 905/905/905 868/868/868
f 868/868/868 905/905/905 906/906/906
f 868/868/868 906/906/906 869/869/869
f 869/869/869 906/906/906 907/907/907
f 869/869/869 907/907/907 870/870/870
f 870/870/870 907/907/907 908/908/908
f 870/870/870 908/908/908 871/871/871
f 871/871/871 908/908/908 909/909/909
f 871/871/871 909/909/909 872/872/872
f 872/872/872 909/909/909 910/910/910
f 872/872/872 910/910/910 873/873/873
f 873/873/873 910/910/910 911/911/911
f 873/873/873 911/911/911 874/874/874
f 874/874/874 911/911/911 912/912/912
f 874/874/874 912/912/912 875/875/875
f 875/875/875 912/912/912 913/913/913
f 875/875/875 913/913/913 876/876/876
f 876/876/876 913/913/913 914/914/914
f 876/876/876 914/914/914 877/877/877
f 877/877/877 914/914/914 915/915/915
f 877/877/877 915/915/915 878/878/878
f 878/878/878 915/915/915 916/916/916
f 878/878/878 916/916/916 879/879/879
f 879/879/879 916/916/916 917/917/917
f 879/879/879 917/917/917 880/880/880
f 880/880/880 917/917/917 918/918/918
f 880/880/880 918/918/918 881/881/881
f 881/881/881 918/918/918 919/919/919
f 881/881/881 919/919/919 882/882/882
f 882/882/882 919/919/919 920/920/920
f 882/882/882 920/920/920 883/883/883
f 883/883/883 920/920/920 921/921/921
f 883/883/883 921/921/921 884/884/884
f 884/884/884 921/921/921 922/922/922
f 884/884/884 922/922/922 885/885/885
f 885/885/885 922/922/922 923/923/923
f 885/885/885 923/923/923 886/886/886
f 886/886/886 923/923/923 924/924/924
f 886/886/886 924/924/924 887/887/887
f 887/887/887 924/924/924 925/925/925
f 887/887/887 925/925/925 888/888/888
f 889/889/889 926/926/926 927/927/927
f 889/889/889 927/927/927 890/890/890
f 890/890/890 927/927/927 928/928/928
f 890/890/890 928/928/928 891/891/891
f 891/891/891 928/928/928 929/929/929
f 891/891/891 929/929/929 892/892/892
f 892/892/892 929/929/929 930/930/930
f 892/892/892 930/930/930 893/893/893
f 893/893/893 930/930/930 931/931/931
f 893/893/893 931/931/931 894/894/894
f 894/894/894 931/931/931 932/932/932
f 894/894/894 932/932/932 895/895/895
f 895/895/895 932/932/932 933/933/933
f 895/895/895 933/933/933 896/896/896
f 896/896/896 933/933/933 934/934/934
f 896/896/896 934/934/934 897/897/897
f 897/897/897 934/934/934 935/935/935
f 897/897/897 935/935/935 898/898/898
f 898/898/898 935/935/935 936/936/936
f 898/898/898 936/936/936 899/899/899
f 899/899/899 936/936/936 937/937/937
f 899/899/899 937/937/937 900/900/900
f 900/900/900 937/937/937 938/938/938
f 900/900/900 938/938/938 901/901/901
f 901/901/901 938/938/938 939/939/939
f 901/901/901 939/939/939 902/902/902
f 902/902/902 939/939/939 940/940/940
f 902/902/902 940/940/940 903/903/903
f 903/903/903 940/940/940 941/941/941
f 903/903/903 941/941/941 904/904/904
f 904/904/904 941/941/941 942/942/942
f 904/904/904 942/942/942 905/905/905
f 905/905/905 942/942/942 943/943/943
f 905/905/905 943/943/943 906/906/906
f 906/906/906 943/943/943 944/944/944
f 906/906/906 944/944/944 907/907/907
f 907/907/907 944/944/944 945/945/945
f 907/907/907 945/945/945 908/908/908
f 908/908/908 945/945/945 946/946/946
f 908/908/908 946/946/946 909/909/909
f 909/909/909 946/946/946 947/947/947
f 909/909/909 947/947/947 910/910/910
f 910/910/910 947/947/947 948/948/948
f 910/910/910 948/948/948 911/911/911
f 911/911/911 948/948/948 949/949/949
f 911/911/911 949/949/949 912/912/912
f 912/912/912 949/949/949 950/950/950
f 912/912/912 950/950/950 913/913/913
f 913/913/913 950/950/950 951/951/951
f 913/913/913 951/951/951 914/914/914
f 914/914/914 951/951/951 952/952/952
f 914/914/914 952/952/952 915/915/915
f 915/915/915 952/952/952 953/953/953
f 915/915/915 953/953/953 916/916/916
f 916/916/916 953/953/953 954/954/954
f 916/916/916 954/954/954 917/917/917
f 917/917/917 954/954/954 955/955/955
f 917/917/917 955/955/955 918/918/918
f 918/918/918 955/955/955 956/956/956
f 918/918/918 956/956/956 919/919/919
f 919/919/919 956/956/956 957/957/957
f 919/919/919 957/957/957 920/920/920
f 920/920/920 957/957/957 958/958/958
f 920/920/920 958/958/958 921/921/921
f 921/921/921 958/958/958 959/959/959
f 921/921/921 959/959/959 922/922/922
f 922/922/922 959/959/959 960/960/960
f 922/922/922 960/960/960 923/923/923
f 923/923/923 960/960/960 961/961/961
f 923/923/923 961/961/961 924/924/924
f 924/924/924 961/961/961 962/962/962
f 924/924/924 962/962/962 925/925/925
f 926/926/926 963/963/963 964/964/964
f 926/926/926 964/964/964 927/927/927
f 927/927/927 964/964/964 965/965/965
f 927/927/927 965/965/965 928/928/928
f 928/928/928 965/965/965 966/966/966
f 928/928/928 966/966/966 929/929/929
f 929/929/929 966/966/966 967/967/967
f 929/929/929 967/967/967 930/930/930
f 930/930/930 967/967/967 968/968/968
f 930/930/930 968/968/968 931/931/931
f 931/931/931 968/968/968 969/969/969
f 931/931/931 969/969/969 932/932/932
f 932/932/932 969/969/969 970/970/970
f 932/932/932 970/970/970 933/933/933
f 933/933/933 970/970/970 971/971/971
f 933/933/933 971/971/971 934/934/934
f 934/934/934 971/971/971 972/972/972
f 934/934/934 972/972/972 935/935/935
f 935/935/935 972/972/972 973/973/973
f 935/935/935 973/973/973 936/936/936
f 936/936/936 973/973/973 974/974/974
f 936/936/936 974/974/974 937/937/937
f 937/937/937 974/974/974 975/975/975
f 937/937/937 975/975/975 938/938/938
f 938/938/938 975/975/975 976/976/976
f 938/938/938 976/976/976 939/939/939
f 939/939/939 976/976/976 977/977/977
f 939/939/939 977/977/977 940/940/940
f 940/940/940 977/977/977 978/978/978
f 940/940/940 978/978/978 941/941/941
f 941/941/941 978/978/978 979/979/979
f 941/941/941 979/979/979 942/942/942
f 942/942/942 979/979/979 980/980/980
f 942/942/942 980/980/980 943/943/943
f 943/943/943 980/980/980 981/981/981
f 943/943/943 981/981/981 944/944/944
f 944/944/944 981/981/981 982/982/982
f 944/944/944 982/982/982 945/945/945
f 945/945/945 982/982/982 983/983/983
f 945/945/945 983/983/983 946/946/946
f 946/946/946 983/983/983 984/984/984
f 946/946/946 984/984/984 947/947/947
f 947/947/947 984/984/984 985/985/985
f 947/947/947 985/985/985 948/948/948
f 948/948/948 985/985/985 986/986/986
f 948/948/948 986/986/986 949/949/949
f 949/949/949 986/986/986 987/987/987
f 949/949/949 987/987/987 950/950/950
f 950/950/950 987/987/987 988/988/988
f 950/950/950 988/988/988 951/951/951
f 951/951/951 988/988/988 989/989/989
f 951/951/951 989/989/989 952/952/952
f 952/952/952 989/989/989 990/990/990
f 952/952/952 990/990/990 953/953/953
f 953/953/953 990/990/990 991/991/991
f 953/953/953 991/991/991 954/954/954
f 954/954/954 991/991/991 992/992/992
f 954/954/954 992/992/992 955/955/955
f 955/955/955 992/992/992 993/993/993
f 955/955/955 993/993/993 956/956/956
f 956/956/956 993/993/993 994/994/994
f 956/956/956 994/994/994 957/957/957
f 957/957/957 994/994/994 995/995/995
f 957/957/957 995/995/995 958/958/958
f 958/958/958 995/995/995 996/996/996
f 958/958/958 996/996/996 959/959/959
f 959/959/959 996/996/996 997/997/997
f 959/959/959 997/997/997 960/960/960
f 960/960/960 997/997/997 998/998/998
f 960/960/960 998/998/998 961/961/961
f 961/961/961 998/998/998 999/999/999
f 961/961/961 999/999/999 962/962/962
f 963/963/963 1000/1000/1000 1001/1001/1001
f 963/963/963 1001/1001/1001 964/964/964
f 964/964/964 1001/1001/1001 1002/1002/1002
f 964/964/964 1002/1002/1002 965/965/965
f 965/965/965 1002/1002/1002 1003/1003/1003
f 965/965/965 1003/1003/1003 966/966/966
f 966/966/966 1003/1003/1003 1004/1004/1004
f 966/966/966 1004/1004/1004 967/967/967
f 967/967/967 1004/1004/1004 1005/1005/1005
f 967/967/967 1005/1005/1005 968/968/968
f 968/968/968 1005/1005/1005 1006/1006/1006
f 968/968/968 1006/1006/1006 969/969/969
f 969/969/969 1006/1006/1006 1007/1007/1007
f 969/969/969 1007/1007/1007 970/970/970
f 970/970/970 1007/1007/1007 1008/1008/1008
f 970/970/970 1008/1008/1008 971/971/971
f 971/971/971 1008/1008/1008 1009/1009/1009
f 971/971/971 1009/1009/1009 972/972/972
f 972/972/972 1009/1009/1009 1010/1010/1010
f 972/972/972 1010/1010/1010 973/973/973
f 973/973/973 1010/1010/1010 1011/1011/1011
f 973/973/973 1011/1011/1011 974/974/974
f 974/974/974 1011/1011/1011 1012/1012/1012
f 974/974/974 1012/1012/1012 975/975/975
f 975/975/975 1012/1012/1012 1013/1013/1013
f 975/975/975 1013/1013/1013 976/976/976
f 976/976/976 1013/1013/1013 1014/1014/1014
f 976/976/976 1014/1014/1014 977/977/977
f 977/977/977 1014/1014/1014 1015/1015/1015
f 977/977/977 1015/1015/1015 978/978/978
f 978/978/978 1015/1015/1015 1016/1016/1016
f 978/978/978 1016/1016/1016 979/979/979
f 979/979/979 1016/1016/1016 1017/1017/1017
f 979/979/979 1017/1017/1017 980/980/980
f 980/980/980 1017/1017/1017 1018/1018/1018
f 980/980/980 1018/1018/1018 981/981/981
f 981/981/981 1018/1018/1018 1019/1019/1019
f 981/981/981 1019/1019/1019 982/982/982
f 982/982/982 1019/1019/1019 1020/1020/1020
f 982/982/982 1020/1020/1020 983/983/983
f 983/983/983 1020/1020/1020 1021/1021/1021
f 983/983/983 1021/1021/1021 984/984/984
f 984/984/984 1021/1021/1021 1022/1022/1022
f 984/984/984 1022/1022/1022 985/985/985
f 985/985/985 1022/1022/1022 1023/1023/1023
f 985/985/985 1023/1023/1023 986/986/986
f 986/986/986 1023/1023/1023 1024/1024/1024
f 986/986/986 1024/1024/1024 987/987/987
f 987/987/987 1024/1024/1024 1025/1025/1025
f 987/987/987 1025/1025/1025 988/988/988
f 988/988/988 1025/1025/1025 1026/1026/1026
f 988/988/988 1026/1026/1026 989/989/989
f 989/989/989 1026/1026/1026 1027/1027/1027
f 989/989/989 1027/1027/1027 990/990/990
f 990/990/990 1027/1027/1027 1028/1028/1028
f 990/990/990 1028/1028/1028 991/991/991
f 991/991/991 1028/1028/1028 1029/1029/1029
f 991/991/991 1029/1029/1029 992/992/992
f 992/992/992 1029/1029/1029 1030/1030/1030
f 992/992/992 1030/1030/1030 993/993/993
f 993/993/993 1030/1030/1030 1031/1031/1031
f 993/993/993 1031/1031/1031 994/994/994
f 994/994/994 1031/1031/1031 1032/1032/1032
f 994/994/994 1032/1032/1032 995/995/995
f 995/995/995 1032/1032/1032 1033/1033/1033
f 995/995/995 1033/1033/1033 996/996/996
f 996/996/996 1033/1033/1033 1034/1034/1034
f 996/996/996 1034/1034/1034 997/997/997
f 997/997/997 1034/1034/1034 1035/1035/1035
f 997/997/997 1035/1035/1035 998/998/998
f 998/998/998 1035/1035/1035 1036/1036/1036
f 998/998/998 1036/1036/1036 999/999/999
f 1000/1000/1000 1037/1037/1037 1038/1038/1038
f 1000/1000/1000 1038/1038/1038 1001/1001/1001
f 1001/1001/1001 1038/1038/1038 1039/1039/1039
f 1001/1001/1001 1039/1039/1039 1002/1002/1002
f 1002/1002/1002 1039/1039/1039 1040/1040/1040
f 1002/1002/1002 1040/1040/1040 1003/1003/1003
f 1003/1003/1003 1040/1040/1040 1041/1041/1041
f 1003/1003/1003 1041/1041/1041 1004/1004/1004
f 1004/1004/1004 1041/1041/1041 1042/1042/1042
f 1004/1004/1004 1042/1042/1042 1005/1005/1005
f 1005/1005/1005 1042/1042/1042 1043/1043/1043
f 1005/1005/1005 1043/1043/1043 1006/1006/1006
f 1006/1006/1006 1043/1043/1043 1044/1044/1044
f 1006/1006/1006 1044/1044/1044 1007/1007/1007
f 1007/1007/1007 1044/1044/1044 1045/1045/1045
f 1007/1007/1007 1045/1045/1045 1008/1008/1008
f 1008/1008/1008 1045/1045/1045 1046/1046/1046
f 1008/1008/1008 1046/1046/1046 1009/1009/1009
f 1009/1009/1009 1046/1046/1046 1047/1047/1047
f 1009/1009/1009 1047/1047/1047 1010/1010/1010
f 1010/1010/1010 1047/1047/1047 1048/1048/1048
f 1010/1010/1010 1048/1048/1048 1011/1011/1011
f 1011/1011/1011 1048/1048/1048 1049/1049/1049
f 1011/1011/1011 1049/1049/1049 1012/1012/1012
f 1012/1012/1012 1049/1049/1049 1050/1050/1050
f 1012/1012/1012 1050/1050/1050 1013/1013/1013
f 1013/1013/1013 1050/1050/1050 1051/1051/1051
f 1013/1013/1013 1051/1051/1051 1014/1014/1014
f 1014/1014/1014 1051/1051/1051 1052/1052/1052
f 1014/1014/1014 1052/1052/1052 1015/1015/1015
f 1015/1015/1015 1052/1052/1052 1053/1053/1053
f 1015/1015/1015 1053/1053/1053 1016/1016/1016
f 1016/1016/1016 1053/1053/1053 1054/1054/1054
f 1016/1016/1016 1054/1054/1054 1017/1017/1017
f 1017/1017/1017 1054/1054/1054 1055/1055/1055
f 1017/1017/1017 1055/1055/1055 1018/1018/1018
f 1018/1018/1018 1055/1055/1055 1056/1056/1056
f 1018/1018/1018 1056/1056/1056 1019/1019/1019
f 1019/1019/1019 1056/1056/1056 1057/1057/1057
f 1019/1019/1019 1057/1057/1057 1020/1020/1020
f 1020/1020/1020 1057/1057/1057 1058/1058/1058
f 1020/1020/1020 1058/1058/1058 1021/1021/1021
f 1021/1021/1021 1058/1058/1058 1059/1059/1059
f 1021/1021/1021 1059/1059/1059 1022/1022/1022
f 1022/1022/1022 1059/1059/1059 1060/1060/1060
f 1022/1022/1022 1060/1060/1060 1023/1023/1023
f 1023/1023/1023 1060/1060/1060 1061/1061/1061
f 1023/1023/1023 1061/1061/1061 1024/1024/1024
f 1024/1024/1024 1061/1061/1061 1062/1062/1062
f 1024/1024/1024 1062/1062/1062 1025/1025/1025
f 1025/1025/1025 1062/1062/1062 1063/1063/1063
f 1025/1025/1025 1063/1063/1063 1026/1026/1026
f 1026/1026/1026 1063/1063/1063 1064/1064/1064
f 1026/1026/1026 1064/1064/1064 1027/1027/1027
f 1027/1027/1027 1064/1064/1064 1065/1065/1065
f 1027/1027/1027 1065/1065/1065 1028/1028/1028
f 1028/1028/1028 1065/1065/1065 1066/1066/1066
f 1028/1028/1028 1066/1066/1066 1029/1029/1029
f 1029/1029/1029 1066/1066/1066 1067/1067/1067
f 1029/1029/1029 1067/1067/1067 1030/1030/1030
f 1030/1030/1030 1067/1067/1067 1068/1068/1068
f 1030/1030/1030 1068/1068/1068 1031/1031/1031
f 1031/1031/1031 1068/1068/1068 1069/1069/1069
f 1031/1031/1031 1069/1069/1069 1032/1032/1032
f 1032/1032/1032 1069/1069/1069 1070/1070/1070
f 1032/1032/1032 1070/1070/1070 1033/1033/1033
f 1033/1033/1033 1070/1070/1070 1071/1071/1071
f 1033/1033/1033 1071/1071/1071 1034/1034/1034
f 1034/1034/1034 1071/1071/1071 1072/1072/1072
f 1034/1034/1034 1072/1072/1072 1035/1035/1035
f 1035/1035/1035 1072/1072/1072 1073/1073/1073
f 1035/1035/1035 1073/1073/1073 1036/1036/1036
f 1037/1037/1037 1074/1074/1074 1075/1075/1075
f 1037/1037/1037 1075/1075/1075 1038/1038/1038
f 1038/1038/1038 1075/1075/1075 1076/1076/1076
f 1038/1038/1038 1076/1076/1076 1039/1039/1039
f 1039/1039/1039 1076/1076/1076 1077/1077/1077
f 1039/1039/1039 1077/1077/1077 1040/1040/1040
f 1040/1040/1040 1077/1077/1077 1078/1078/1078
f 1040/1040/1040 1078/1078/1078 1041/1041/1041
f 1041/1041/1041 1078/1078/1078 1079/1079/1079
f 1041/1041/1041 1079/1079/1079 1042/1042/1042
f 1042/1042/1042 1079/1079/1079 1080/1080/1080
f 1042/1042/1042 1080/1080/1080 1043/1043/1043
f 1043/1043/1043 1080/1080/1080 1081/1081/1081
f 1043/1043/1043 1081/1081/1081 1044/1044/1044
f 1044/1044/1044 1081/1081/1081 1082/1082/1082
f 1044/1044/1044 1082/1082/1082 1045/1045/1045
f 1045/1045/1045 1082/1082/1082 1083/1083/1083
f 1045/1045/1045 1083/1083/1083 1046/1046/1046
f 1046/1046/1046 1083/1083/1083 1084/1084/1084
f 1046/1046/1046 1084/1084/1084 1047/1047/1047
f 1047/1047/1047 1084/1084/1084 1085/1085/1085
f 1047/1047/1047 1085/1085/1085 1048/1048/1048
f 1048/1048/1048 1085/1085/1085 1086/1086/1086
f 1048/1048/1048 1086/1086/1086 1049/1049/1049
f 1049/1049/1049 1086/1086/1086 1087/1087/1087
f 1049/1049/1049 1087/1087/1087 1050/1050/1050
f 1050/1050/1050 1087/1087/1087 1088/1088/1088
f 1050/1050/1050 1088/1088/1088 1051/1051/1051
f 1051/1051/1051 1088/1088/1088 1089/1089/1089
f 1051/1051/1051 1089/1089/1089 1052/1052/1052
f 1052/1052/1052 1089/1089/1089 1090/1090/1090
f 1052/1052/1052 1090/1090/1090 1053/1053/1053
f 1053/1053/1053 1090/1090/1090 1091/1091/1091
f 1053/1053/1053 1091/1091/1091 1054/1054/1054
f 1054/1054/1054 1091/1091/1091 1092/1092/1092
f 1054/1054/1054 1092/1092/1092 1055/1055/1055
f 1055/1055/1055 1092/1092/1092 1093/1093/1093
f 1055/1055/1055 1093/1093/1093 1056/1056/1056
f 1056/1056/1056 1093/1093/1093 1094/1094/1094
f 1056/1056/1056 1094/1094/1094 1057/1057/1057
f 1057/1057/1057 1094/1094/1094 1095/1095/1095
f 1057/1057/1057 1095/1095/1095 1058/1058/1058
f 1058/1058/1058 1095/1095/1095 1096/1096/1096
f 1058/1058/1058 1096/1096/1096 1059/1059/1059
f 1059/1059/1059 1096/1096/1096 1097/1097/1097
f 1059/1059/1059 1097/1097/1097 1060/1060/1060
f 1060/1060/1060 1097/1097/1097 1098/1098/1098
f 1060/1060/1060 1098/1098/1098 1061/1061/1061
f 1061/1061/1061 1098/1098/1098 1099/1099/1099
f 1061/1061/1061 1099/1099/1099 1062/1062/1062
f 1062/1062/1062 1099/1099/1099 1100/1100/1100
f 1062/1062/1062 1100/1100/1100 1063/1063/1063
f 1063/1063/1063 1100/1100/1100 1101/1101/1101
f 1063/1063/1063 1101/1101/1101 1064/1064/1064
f 1064/1064/1064 1101/1101/1101 1102/1102/1102
f 1064/1064/1064 1102/1102/1102 1065/1065/1065
f 1065/1065/1065 1102/1102/1102 1103/1103/1103
f 1065/1065/1065 1103/1103/1103 1066/1066/1066
f 1066/1066/1066 1103/1103/1103 1104/1104/1104
f 1066/1066/1066 1104/1104/1104 1067/1067/1067
f 1067/1067/1067 1104/1104/1104 1105/1105/1105
f 1067/1067/1067 1105/1105/1105 1068/1068/1068
f 1068/1068/1068 1105/1105/1105 1106/1106/1106
f 1068/1068/1068 1106/1106/1106 1069/1069/1069
f 1069/1069/1069 1106/1106/1106 1107/1107/1107
f 1069/1069/1069 1107/1107/1107 1070/1070/1070
f 1070/1070/1070 1107/1107/1107 1108/1108/1108
f 1070/1070/1070 1108/1108/1108 1071/1071/1071
f 1071/1071/1071 1108/1108/1108 1109/1109/1109
f 1071/1071/1071 1109/1109/1109 1072/1072/1072
f 1072/1072/1072 1109/1109/1109 1110/1110/1110
f 1072/1072/1072 1110/1110/1110 1073/1073/1073
f 1074/1074/1074 1111/1111/1111 1112/1112/1112
f 1074/1074/1074 1112/1112/1112 1075/1075/1075
f 1075/1075/1075 1112/1112/1112 1113/1113/1113
f 1075/1075/1075 1113/1113/1113 1076/1076/1076
f 1076/1076/1076 1113/1113/1113 1114/1114/1114
f 1076/1076/1076 1114/1114/1114 1077/1077/1077
f 1077/1077/1077 1114/1114/1114 1115/1115/1115
f 1077/1077/1077 1115/1115/1115 1078/1078/1078
f 1078/1078/1078 1115/1115/1115 1116/1116/1116
f 1078/1078/1078 1116/1116/1116 1079/1079/1079
f 1079/1079/1079 1116/1116/1116 1117/1117/1117
f 1079/1079/1079 1117/1117/1117 1080/1080/1080
f 1080/1080/1080 1117/1117/1117 1118/1118/1118
f 1080/1080/1080 1118/1118/1118 1081/1081/1081
f 1081/1081/1081 1118/1118/1118 1119/1119/1119
f 1081/1081/1081 1119/1119/1119 1082/1082/1082
f 1082/1082/1082 1119/1119/1119 1120/1120/1120
f 1082/1082/1082 1120/1120/1120 1083/1083/1083
f 1083/1083/1083 1120/1120/1120 1121/1121/1121
f 1083/1083/1083 1121/1121/1121 1084/1084/1084
f 1084/1084/1084 1121/1121/1121 1122/1122/1122
f 1084/1084/1084 1122/1122/1122 1085/1085/1085
f 1085/1085/1085 1122/1122/1122 1123/1123/1123
f 1085/1085/1085 1123/1123/1123 1086/1086/1086
f 1086/1086/1086 1123/1123/1123 1124/1124/1124
f 1086/1086/1086 1124/1124/1124 1087/1087/1087
f 1087/1087/1087 1124/1124/1124 1125/1125/1125
f 1087/1087/1087 1125/1125/1125 1088/1088/1088
f 1088/1088/1088 1125/1125/1125 1126/1126/1126
f 1088/1088/1088 1126/1126/1126 1089/1089/1089
f 1089/1089/1089 1126/1126/1126 1127/1127/1127
f 1089/1089/1089 1127/1127/1127 1090/1090/1090
f 1090/1090/1090 1127/1127/1127 1128/1128/1128
f 1090/1090/1090 1128/1128/1128 1091/1091/1091
f 1091/1091/1091 1128/1128/1128 1129/1129/1129
f 1091/1091/1091 1129/1129/1129 1092/1092/1092
f 1092/1092/1092 1129/1129/1129 1130/1130/1130
f 1092/1092/1092 1130/1130/1130 1093/1093/1093
f 1093/1093/1093 1130/1130/1130 1131/1131/1131
f 1093/1093/1093 1131/1131/1131 1094/1094/1094
f 1094/1094/1094 1131/1131/1131 1132/1132/1132
f 1094/1094/1094 1132/1132/1132 1095/1095/1095
f 1095/1095/1095 1132/1132/1132 1133/1133/1133
f 1095/1095/1095 1133/1133/1133 1096/1096/1096
f 1096/1096/1096 1133/1133/1133 1134/1134/1134
f 1096/1096/1096 1134/1134/1134 1097/1097/1097
f 1097/1097/1097 1134/1134/1134 1135/1135/1135
f 1097/1097/1097 1135/1135/1135 1098/1098/1098
f 1098/1098/1098 1135/1135/1135 1136/1136/1136
f 1098/1098/1098 1136/1136/1136 1099/1099/1099
f 1099/1099/1099 1136/1136/1136 1137/1137/1137
f 1099/1099/1099 1137/1137/1137 1100/1100/1100
f 1100/1100/1100 1137/1137/1137 1138/1138/1138
f 1100/1100/1100 1138/1138/1138 1101/1101/1101
f 1101/1101/1101 1138/1138/1138 1139/1139/1139
f 1101/1101/1101 1139/1139/1139 1102/1102/1102
f 1102/1102/1102 1139/1139/1139 1140/1140/1140
f 1102/1102/1102 1140/1140/1140 1103/1103/1103
f 1103/1103/1103 1140/1140/1140 1141/1141/1141
f 1103/1103/1103 1141/1141/1141 1104/1104/1104
f 1104/1104/1104 1141/1141/1141 1142/1142/1142
f 1104/1104/1104 1142/1142/1142 1105/1105/1105
f 1105/1105/1105 1142/1142/1142 1143/1143/1143
f 1105/1105/1105 1143/1143/1143 1106/1106/1106
f 1106/1106/1106 1143/1143/1143 1144/1144/1144
f 1106/1106/1106 1144/1144/1144 1107/1107/1107
f 1107/1107/1107 1144/1144/1144 1145/1145/1145
f 1107/1107/1107 1145/1145/1145 1108/1108/1108
f 1108/1108/1108 1145/1145/1145 1146/1146/1146
f 1108/1108/1108 1146/1146/1146 1109/1109/1109
f 1109/1109/1109 1146/1146/1146 1147/1147/1147
f 1109/1109/1109 1147/1147/1147 1110/1110/1110
f 1111/1111/1111 1148/1148/1148 1149/1149/1149
f 1111/1111/1111 1149/1149/1149 1112/1112/1112
f 1112/1112/1112 1149/1149/1149 1150/1150/1150
f 1112/1112/1112 1150/1150/1150 1113/1113/1113
f 1113/1113/1113 1150/1150/1150 1151/1151/1151
f 1113/1113/1113 1151/1151/1151 1114/1114/1114
f 1114/1114/1114 1151/1151/1151 1152/1152/1152
f 1114/1114/1114 1152/1152/1152 1115/1115/1115
f 1115/1115/1115 1152/1152/1152 1153/1153/1153
f 1115/1115/1115 1153/1153/1153 1116/1116/1116
f 1116/1116/1116 1153/1153/1153 1154/1154/1154
f 1116/1116/1116 1154/1154/1154 1117/1117/1117
f 1117/1117/1117 1154/1154/1154 1155/1155/1155
f 1117/1117/1117 1155/1155/1155 1118/1118/1118
f 1118/1118/1118 1155/1155/1155 1156/1156/1156
f 1118/1118/1118 1156/1156/1156 1119/1119/1119
f 1119/1119/1119 1156/1156/1156 1157/1157/1157
f 1119/1119/1119 1157/1157/1157 1120/1120/1120
f 1120/1120/1120 1157/1157/1157 1158/1158/1158
f 1120/1120/1120 1158/1158/1158 1121/1121/1121
f 1121/1121/1121 1158/1158/1158 1159/1159/1159
f 1121/1121/1121 1159/1159/1159 1122/1122/1122
f 1122/1122/1122 1159/1159/1159 1160/1160/1160
f 1122/1122/1122 1160/1160/1160 1123/1123/1123
f 1123/1123/1123 1160/1160/1160 1161/1161/1161
f 1123/1123/1123 1161/1161/1161 1124/1124/1124
f 1124/1124/1124 1161/1161/1161 1162/1162/1162
f 1124/1124/1124 1162/1162/1162 1125/1125/1125
f 1125/1125/1125 1162/1162/1162 1163/1163/1163
f 1125/1125/1125 1163/1163/1163 1126/1126/1126
f 1126/1126/1126 1163/1163/1163 1164/1164/1164
f 1126/1126/1126 1164/1164/1164 1127/1127/1127
f 1127/1127/1127 1164/1164/1164 1165/1165/1165
f 1127/1127/1127 1165/1165/1165 1128/1128/1128
f 1128/1128/1128 1165/1165/1165 1166/1166/1166
f 1128/1128/1128 1166/1166/1166 1129/1129/1129
f 1129/1129/1129 1166/1166/1166 1167/1167/1167
f 1129/1129/1129 1167/1167/1167 1130/1130/1130
f 1130/1130/1130 1167/1167/1167 1168/1168/1168
f 1130/1130/1130 1168/1168/1168 1131/1131/1131
f 1131/1131/1131 1168/1168/1168 1169/1169/1169
f 1131/1131/1131 1169/1169/1169 1132/1132/1132
f 1132/1132/1132 1169/1169/1169 1170/1170/1170
f 1132/1132/1132 1170/1170/1170 1133/1133/1133
f 1133/1133/1133 1170/1170/1170 1171/1171/1171
f 1133/1133/1133 1171/1171/1171 1134/1134/1134
f 1134/1134/1134 1171/1171/1171 1172/1172/1172
f 1134/1134/1134 1172/1172/1172 1135/1135/1135
f 1135/1135/1135 1172/1172/1172 1173/1173/1173
f 1135/1135/1135 1173/1173/1173 1136/1136/1136
f 1136/1136/1136 1173/1173/1173 1174/1174/1174
f 1136/1136/1136 1174/1174/1174 1137/1137/1137
f 1137/1137/1137 1174/1174/1174 1175/1175/1175
f 1137/1137/1137 1175/1175/1175 1138/1138/1138
f 1138/1138/1138 1175/1175/1175 1176/1176/1176
f 1138/1138/1138 1176/1176/1176 1139/1139/1139
f 1139/1139/1139 1176/1176/1176 1177/1177/1177
f 1139/1139/1139 1177/1177/1177 1140/1140/1140
f 1140/1140/1140 1177/1177/1177 1178/1178/1178
f 1140/1140/1140 1178/1178/1178 1141/1141/1141
f 1141/1141/1141 1178/1178/1178 1179/1179/1179
f 1141/1141/1141 1179/1179/1179 1142/1142/1142
f 1142/1142/1142 1179/1179/1179 1180/1180/1180
f 1142/1142/1142 1180/1180/1180 1143/1143/1143
f 1143/1143/1143 1180/1180/1180 1181/1181/1181
f 1143/1143/1143 1181/1181/1181 1144/1144/1144
f 1144/1144/1144 1181/1181/1181 1182/1182/1182
f 1144/1144/1144 1182/1182/1182 1145/1145/1145
f 1145/1145/1145 1182/1182/1182 1183/1183/1183
f 1145/1145/1145 1183/1183/1183 1146/1146/1146
f 1146/1146/1146 1183/1183/1183 1184/1184/1184
f 1146/1146/1146 1184/1184/1184 1147/1147/1147
f 1148/1148/1148 1185/1185/1185 1186/1186/1186
f 1148/1148/1148 1186/1186/1186 1149/1149/1149
f 1149/1149/1149 1186/1186/1186 1187/1187/1187
f 1149/1149/1149 1187/1187/1187 1150/1150/1150
f 1150/1150/1150 1187/1187/1187 1188/1188/1188
f 1150/1150/1150 1188/1188/1188 1151/1151/1151
f 1151/1151/1151 1188/1188/1188 1189/1189/1189
f 1151/1151/1151 1189/1189/1189 1152/1152/1152
f 1152/1152/1152 1189/1189/1189 1190/1190/1190
f 1152/1152/1152 1190/1190/1190 1153/1153/1153
f 1153/1153/1153 1190/1190/1190 1191/1191/1191
f 1153/1153/1153 1191/1191/1191 1154/1154/1154
f 1154/1154/1154 1191/1191/1191 1192/1192/1192
f 1154/1154/1154 1192/1192/1192 1155/1155/1155
f 1155/1155/1155 1192/1192/1192 1193/1193/1193
f 1155/1155/1155 1193/1193/1193 1156/1156/1156
f 1156/1156/1156 1193/1193/1193 1194/1194/1194
f 1156/1156/1156 1194/1194/1194 1157/1157/1157
f 1157/1157/1157 1194/1194/1194 1195/1195/1195
f 1157/1157/1157 1195/1195/1195 1158/1158/1158
f 1158/1158/1158 1195/1195/1195 1196/1196/1196
f 1158/1158/1158 1196/1196/1196 1159/1159/1159
f 1159/1159/1159 1196/1196/1196 1197/1197/1197
f 1159/1159/1159 1197/1197/1197 1160/1160/1160
f 1160/1160/1160 1197/1197/1197 1198/1198/1198
f 1160/1160/1160 1198/1198/1198 1161/1161/1161
f 1161/1161/1161 1198/1198/1198 1199/1199/1199
f 1161/1161/1161 1199/1199/1199 1162/1162/1162
f 1162/1162/1162 1199/1199/1199 1200/1200/1200
f 1162/1162/1162 1200/1200/1200 1163/1163/1163
f 1163/1163/1163 1200/1200/1200 1201/1201/1201
f 1163/1163/1163 1201/1201/1201 1164/1164/1164
f 1164/1164/1164 1201/1201/1201 1202/1202/1202
f 1164/1164/1164 1202/1202/1202 1165/1165/1165
f 1165/1165/1165 1202/1202/1202 1203/1203/1203
f 1165/1165/1165 1203/1203/1203 1166/1166/1166
f 1166/1166/1166 1203/1203/1203 1204/1204/1204
f 1166/1166/1166 1204/1204/1204 1167/1167/1167
f 1167/1167/1167 1204/1204/1204 1205/1205/1205
f 1167/1167/1167 1205/1205/1205 1168/1168/1168
f 1168/1168/1168 1205/1205/1205 1206/1206/1206
f 1168/1168/1168 1206/1206/1206 1169/1169/1169
f 1169/1169/1169 1206/1206/1206 1207/1207/1207
f 1169/1169/1169 1207/1207/1207 1170/1170/1170
f 1170/1170/1170 1207/1207/1207 1208/1208/1208
f 1170/1170/1170 1208/1208/1208 1171/1171/1171
f 1171/1171/1171 1208/1208/1208 1209/1209/1209
f 1171/1171/1171 1209/1209/1209 1172/1172/1172
f 1172/1172/1172 1209/1209/1209 1210/1210/1210
f 1172/1172/1172 1210/1210/1210 1173/1173/1173
f 1173/1173/1173 1210/1210/1210 1211/1211/1211
f 1173/1173/1173 1211/1211/1211 1174/1174/1174
f 1174/1174/1174 1211/1211/1211 1212/1212/1212
f 1174/1174/1174 1212/1212/1212 1175/1175/1175
f 1175/1175/1175 1212/1212/1212 1213/1213/1213
f 1175/1175/1175 1213/1213/1213 1176/1176/1176
f 1176/1176/1176 1213/1213/1213 1214/1214/1214
f 1176/1176/1176 1214/1214/1214 1177/1177/1177
f 1177/1177/1177 1214/1214/1214 1215/1215/1215
f 1177/1177/1177 1215/1215/1215 1178/1178/1178
f 1178/1178/1178 1215/1215/1215 1216/1216/1216
f 1178/1178/1178 1216/1216/1216 1179/1179/1179
f 1179/1179/1179 1216/1216/1216 1217/1217/1217
f 1179/1179/1179 1217/1217/1217 1180/1180/1180
f 1180/1180/1180 1217/1217/1217 1218/1218/1218
f 1180/1180/1180 1218/1218/1218 1181/1181/1181
f 1181/1181/1181 1218/1218/1218 1219/1219/1219
f 1181/1181/1181 1219/1219/1219 1182/1182/1182
f 1182/1182/1182 1219/1219/1219 1220/1220/1220
f 1182/1182/1182 1220/1220/1220 1183/1183/1183
f 1183/1183/1183 1220/1220/1220 1221/1221/1221
f 1183/1183/1183 1221/1221/1221 1184/1184/1184
f 1185/1185/1185 1222/1222/1222 1223/1223/1223
f 1185/1185/1185 1223/1223/1223 1186/1186/1186
f 1186/1186/1186 1223/1223/1223 1224/1224/1224
f 1186/1186/1186 1224/1224/1224 1187/1187/1187
f 1187/1187/1187 1224/1224/1224 1225/1225/1225
f 1187/1187/1187 1225/1225/1225 1188/1188/1188
f 1188/1188/1188 1225/1225/1225 1226/1226/1226
f 1188/1188/1188 1226/1226/1226 1189/1189/1189
f 1189/1189/1189 1226/1226/1226 1227/1227/1227
f 1189/1189/1189 1227/1227/1227 1190/1190/1190
f 1190/1190/1190 1227/1227/1227 1228/1228/1228
f 1190/1190/1190 1228/1228/1228 1191/1191/1191
f 1191/1191/1191 1228/1228/1228 1229/1229/1229
f 1191/1191/1191 1229/1229/1229 1192/1192/1192
f 1192/1192/1192 1229/1229/1229 1230/1230/1230
f 1192/1192/1192 1230/1230/1230 1193/1193/1193
f 1193/1193/1193 1230/1230/1230 1231/1231/1231
f 1193/1193/1193 1231/1231/1231 1194/1194/1194
f 1194/1194/1194 1231/1231/1231 1232/1232/1232
f 1194/1194/1194 1232/1232/1232 1195/1195/1195
f 1195/1195/1195 1232/1232/1232 1233/1233/1233
f 1195/1195/1195 1233/1233/1233 1196/1196/1196
f 1196/1196/1196 1233/1233/1233 1234/1234/1234
f 1196/1196/1196 1234/1234/1234 1197/1197/1197
f 1197/1197/1197 1234/1234/1234 1235/1235/1235
f 1197/1197/1197 1235/1235/1235 1198/1198/1198
f 1198/1198/1198 1235/1235/1235 1236/1236/1236
f 1198/1198/1198 1236/1236/1236 1199/1199/1199
f 1199/1199/1199 1236/1236/1236 1237/1237/1237
f 1199/1199/1199 1237/1237/1237 1200/1200/1200
f 1200/1200/1200 1237/1237/1237 1238/1238/1238
f 1200/1200/1200 1238/1238/1238 1201/1201/1201
f 1201/1201/1201 1238/1238/1238 1239/1239/1239
f 1201/1201/1201 1239/1239/1239 1202/1202/1202
f 1202/1202/1202 1239/1239/1239 1240/1240/1240
f 1202/1202/1202 1240/1240/1240 1203/1203/1203
f 1203/1203/1203 1240/1240/1240 1241/1241/1241
f 1203/1203/1203 1241/1241/1241 1204/1204/1204
f 1204/1204/1204 1241/1241/1241 1242/1242/1242
f 1204/1204/1204 1242/1242/1242 1205/1205/1205
f 1205/1205/1205 1242/1242/1242 1243/1243/1243
f 1205/1205/1205 1243/1243/1243 1206/1206/1206
f 1206/1206/1206 1243/1243/1243 1244/1244/1244
f 1206/1206/1206 1244/1244/1244 1207/1207/1207
f 1207/1207/1207 1244/1244/1244 1245/1245/1245
f 1207/1207/1207 1245/1245/1245 1208/1208/1208
f 1208/1208/1208 1245/1245/1245 1246/1246/1246
f 1208/1208/1208 1246/1246/1246 1209/1209/1209
f 1209/1209/1209 1246/1246/1246 1247/1247/1247
f 1209/1209/1209 1247/1247/1247 1210/1210/1210
f 1210/1210/1210 1247/1247/1247 1248/1248/1248
f 1210/1210/1210 1248/1248/1248 1211/1211/1211
f 1211/1211/1211 1248/1248/1248 1249/1249/1249
f 1211/1211/1211 1249/1249/1249 1212/1212/1212
f 1212/1212/1212 1249/1249/1249 1250/1250/1250
f 1212/1212/1212 1250/1250/1250 1213/1213/1213
f 1213/1213/1213 1250/1250/1250 1251/1251/1251
f 1213/1213/1213 1251/1251/1251 1214/1214/1214
f 1214/1214/1214 1251/1251/1251 1252/1252/1252
f 1214/1214/1214 1252/1252/1252 1215/1215/1215
f 1215/1215/1215 1252/1252/1252 1253/1253/1253
f 1215/1215/1215 1253/1253/1253 1216/1216/1216
f 1216/1216/1216 1253/1253/1253 1254/1254/1254
f 1216/1216/1216 1254/1254/1254 1217/1217/1217
f 1217/1217/1217 1254/1254/1254 1255/1255/1255
f 1217/1217/1217 1255/1255/1255 1218/1218/1218
f 1218/1218/1218 1255/1255/1255 1256/1256/1256
f 1218/1218/1218 1256/1256/1256 1219/1219/1219
f 1219/1219/1219 1256/1256/1256 1257/1257/1257
f 1219/1219/1219 1257/1257/1257 1220/1220/1220
f 1220/1220/1220 1257/1257/1257 1258/1258/1258
f 1220/1220/1220 1258/1258/1258 1221/1221/1221
f 1222/1222/1222 1259/1259/1259 1260/1260/1260
f 1222/1222/1222 1260/1260/1260 1223/1223/1223
f 1223/1223/1223 1260/1260/1260 1261/1261/1261
f 1223/1223/1223 1261/1261/1261 1224/1224/1224
f 1224/1224/1224 1261/1261/1261 1262/1262/1262
f 1224/1224/1224 1262/1262/1262 1225/1225/1225
f 1225/1225/1225 1262/1262/1262 1263/1263/1263
f 1225/1225/1225 1263/1263/1263 1226/1226/1226
f 1226/1226/1226 1263/1263/1263 1264/1264/1264
f 1226/1226/1226 1264/1264/1264 1227/1227/1227
f 1227/1227/1227 1264/1264/1264 1265/1265/1265
f 1227/1227/1227 1265/1265/1265 1228/1228/1228
f 1228/1228/1228 1265/1265/1265 1266/1266/1266
f 1228/1228/1228 1266/1266/1266 1229/1229/1229
f 1229/1229/1229 1266/1266/1266 1267/1267/1267
f 1229/1229/1229 1267/1267/1267 1230/1230/1230
f 1230/1230/1230 1267/1267/1267 1268/1268/1268
f 1230/1230/1230 1268/1268/1268 1231/1231/1231
f 1231/1231/1231 1268/1268/1268 1269/1269/1269
f 1231/1231/1231 1269/1269/1269 1232/1232/1232
f 1232/1232/1232 1269/1269/1269 1270/1270/1270
f 1232/1232/1232 1270/1270/1270 1233/1233/1233
f 1233/1233/1233 1270/1270/1270 1271/1271/1271
f 1233/1233/1233 1271/1271/1271 1234/1234/1234
f 1234/1234/1234 1271/1271/1271 1272/1272/1272
f 1234/1234/1234 1272/1272/1272 1235/1235/1235
f 1235/1235/1235 1272/1272/1272 1273/1273/1273
f 1235/1235/1235 1273/1273/1273 1236/1236/1236
f 1236/1236/1236 1273/1273/1273 1274/1274/1274
f 1236/1236/1236 1274/1274/1274 1237/1237/1237
f 1237/1237/1237 1274/1274/1274 1275/1275/1275
f 1237/1237/1237 1275/1275/1275 1238/1238/1238
f 1238/1238/1238 1275/1275/1275 1276/1276/1276
f 1238/1238/1238 1276/1276/1276 1239/1239/1239
f 1239/1239/1239 1276/1276/1276 1277/1277/1277
f 1239/1239/1239 1277/1277/1277 1240/1240/1240
f 1240/1240/1240 1277/1277/1277 1278/1278/1278
f 1240/1240/1240 1278/1278/1278 1241/1241/1241
f 1241/1241/1241 1278/1278/1278 1279/1279/1279
f 1241/1241/1241 1279/1279/1279 1242/1242/1242
f 1242/1242/1242 1279/1279/1279 1280/1280/1280
f 1242/1242/1242 1280/1280/1280 1243/1243/1243
f 1243/1243/1243 1280/1280/1280 1281/1281/1281
f 1243/1243/1243 1281/1281/1281 1244/1244/1244
f 1244/1244/1244 1281/1281/1281 1282/1282/1282
f 1244/1244/1244 1282/1282/1282 1245/1245/1245
f 1245/1245/1245 1282/1282/1282 1283/1283/1283
f 1245/1245/1245 1283/1283/1283 1246/1246/1246
f 1246/1246/1246 1283/1283/1283 1284/1284/1284
f 1246/1246/1246 1284/1284/1284 1247/1247/1247
f 1247/1247/1247 1284/1284/1284 1285/1285/1285
f 1247/1247/1247 1285/1285/1285 1248/1248/1248
f 1248/1248/1248 1285/1285/1285 1286/1286/1286
f 1248/1248/1248 1286/1286/1286 1249/1249/1249
f 1249/1249/1249 1286/1286/1286 1287/1287/1287
f 1249/1249/1249 1287/1287/1287 1250/1250/1250
f 1250/1250/1250 1287/1287/1287 1288/1288/1288
f 1250/1250/1250 1288/1288/1288 1251/1251/1251
f 1251/1251/1251 1288/1288/1288 1289/1289/1289
f 1251/1251/1251 1289/1289/1289 1252/1252/1252
f 1252/1252/1252 1289/1289/1289 1290/1290/1290
f 1252/1252/1252 1290/1290/1290 1253/1253/1253
f 1253/1253/1253 1290/1290/1290 1291/1291/1291
f 1253/1253/1253 1291/1291/1291 1254/1254/1254
f 1254/1254/1254 1291/1291/1291 1292/1292/1292
f 1254/1254/1254 1292/1292/1292 1255/1255/1255
f 1255/1255/1255 1292/1292/1292 1293/1293/1293
f 1255/1255/1255 1293/1293/1293 1256/1256/1256
f 1256/1256/1256 1293/1293/1293 1294/1294/1294
f 1256/1256/1256 1294/1294/1294 1257/1257/1257
f 1257/1257/1257 1294/1294/1294 1295/1295/1295
f 1257/1257/1257 1295/1295/1295 1258/1258/1258
f 1259/1259/1259 1296/1296/1296 1297/1297/1297
f 1259/1259/1259 1297/1297/1297 1260/1260/1260
f 1260/1260/1260 1297/1297/1297 1298/1298/1298
f 1260/1260/1260 1298/1298/1298 1261/1261/1261
f 1261/1261/1261 1298/1298/1298 1299/1299/1299
f 1261/1261/1261 1299/1299/1299 1262/1262/1262
f 1262/1262/1262 1299/1299/1299 1300/1300/1300
f 1262/1262/1262 1300/1300/1300 1263/1263/1263
f 1263/1263/1263 1300/1300/1300 1301/1301/1301
f 1263/1263/1263 1301/1301/1301 1264/1264/1264
f 1264/1264/1264 1301/1301/1301 1302/1302/1302
f 1264/1264/1264 1302/1302/1302 1265/1265/1265
f 1265/1265/1265 1302/1302/1302 1303/1303/1303
f 1265/1265/1265 1303/1303/1303 1266/1266/1266
f 1266/1266/1266 1303/1303/1303 1304/1304/1304
f 1266/1266/1266 1304/1304/1304 1267/1267/1267
f 1267/1267/1267 1304/1304/1304 1305/1305/1305
f 1267/1267/1267 1305/1305/1305 1268/1268/1268
f 1268/1268/1268 1305/1305/1305 1306/1306/1306
f 1268/1268/1268 1306/1306/1306 1269/1269/1269
f 1269/1269/1269 1306/1306/1306 1307/1307/1307
f 1269/1269/1269 1307/1307/1307 1270/1270/1270
f 1270/1270/1270 1307/1307/1307 1308/1308/1308
f 1270/1270/1270 1308/1308/1308 1271/1271/1271
f 1271/1271/1271 1308/1308/1308 1309/1309/1309
f 1271/1271/1271 1309/1309/1309 1272/1272/1272
f 1272/1272/1272 1309/1309/1309 1310/1310/1310
f 1272/1272/1272 1310/1310/1310 1273/1273/1273
f 1273/1273/1273 1310/1310/1310 1311/1311/1311
f 1273/1273/1273 1311/1311/1311 1274/1274/1274
f 1274/1274/1274 1311/1311/1311 1312/1312/1312
f 1274/1274/1274 1312/1312/1312 1275/1275/1275
f 1275/1275/1275 1312/1312/1312 1313/1313/1313
f 1275/1275/1275 1313/1313/1313 1276/1276/1276
f 1276/1276/1276 1313/1313/1313 1314/1314/1314
f 1276/1276/1276 1314/1314/1314 1277/1277/1277
f 1277/1277/1277 1314/1314/1314 1315/1315/1315
f 1277/1277/1277 1315/1315/1315 1278/1278/1278
f 1278/1278/1278 1315/1315/1315 1316/1316/1316
f 1278/1278/1278 1316/1316/1316 1279/1279/1279
f 1279/1279/1279 1316/1316/1316 1317/1317/1317
f 1279/1279/1279 1317/1317/1317 1280/1280/1280
f 1280/1280/1280 1317/1317/1317 1318/1318/1318
f 1280/1280/1280 1318/1318/1318 1281/1281/1281
f 1281/1281/1281 1318/1318/1318 1319/1319/1319
f 1281/1281/1281 1319/1319/1319 1282/1282/1282
f 1282/1282/1282 1319/1319/1319 1320/1320/1320
f 1282/1282/1282 1320/1320/1320 1283/1283/1283
f 1283/1283/1283 1320/1320/1320 1321/1321/1321
f 1283/1283/1283 1321/1321/1321 1284/1284/1284
f 1284/1284/1284 1321/1321/1321 1322/1322/1322
f 1284/1284/1284 1322/1322/1322 1285/1285/1285
f 1285/1285/1285 1322/1322/1322 1323/1323/1323
f 1285/1285/1285 1323/1323/1323 1286/1286/1286
f 1286/1286/1286 1323/1323/1323 1324/1324/1324
f 1286/1286/1286 1324/1324/1324 1287/1287/1287
f 1287/1287/1287 1324/1324/1324 1325/1325/1325
f 1287/1287/1287 1325/1325/1325 1288/1288/1288
f 1288/1288/1288 1325/1325/1325 1326/1326/1326
f 1288/1288/1288 1326/1326/1326 1289/1289/1289
f 1289/1289/1289 1326/1326/1326 1327/1327/1327
f 1289/1289/1289 1327/1327/1327 1290/1290/1290
f 1290/1290/1290 1327/1327/1327 1328/1328/1328
f 1290/1290/1290 1328/1328/1328 1291/1291/1291
f 1291/1291/1291 1328/1328/1328 1329/1329/1329
f 1291/1291/1291 1329/1329/1329 1292/1292/1292
f 1292/1292/1292 1329/1329/1329 1330/1330/1330
f 1292/1292/1292 1330/1330/1330 1293/1293/1293
f 1293/1293/1293 1330/1330/1330 1331/1331/1331
f 1293/1293/1293 1331/1331/1331 1294/1294/1294
f 1294/1294/1294 1331/1331/1331 1332/1332/1332
f 1294/1294/1294 1332/1332/1332 1295/1295/1295
f 1296/1296/1296 1333/1333/1333 1334/1334/1334
f 1296/1296/1296 1334/1334/1334 1297/1297/1297
f 1297/1297/1297 1334/1334/1334 1335/1335/1335
f 1297/1297/1297 1335/1335/1335 1298/1298/1298
f 1298/1298/1298 1335/1335/1335 1336/1336/1336
f 1298/1298/1298 1336/1336/1336 1299/1299/1299
f 1299/1299/1299 1336/1336/1336 1337/1337/1337
f 1299/1299/1299 1337/1337/1337 1300/1300/1300
f 1300/1300/1300 1337/1337/1337 1338/1338/1338
f 1300/1300/1300 1338/1338/1338 1301/1301/1301
f 1301/1301/1301 1338/1338/1338 1339/1339/1339
f 1301/1301/1301 1339/1339/1339 1302/1302/1302
f 1302/1302/1302 1339/1339/1339 1340/1340/1340
f 1302/1302/1302 1340/1340/1340 1303/1303/1303
f 1303/1303/1303 1340/1340/1340 1341/1341/1341
f 1303/1303/1303 1341/1341/1341 1304/1304/1304
f 1304/1304/1304 1341/1341/1341 1342/1342/1342
f 1304/1304/1304 1342/1342/1342 1305/1305/1305
f 1305/1305/1305 1342/1342/1342 1343/1343/1343
f 1305/1305/1305 1343/1343/1343 1306/1306/1306
f 1306/1306/1306 1343/1343/1343 1344/1344/1344
f 1306/1306/1306 1344/1344/1344 1307/1307/1307
f 1307/1307/1307 1344/1344/1344 1345/1345/1345
f 1307/1307/1307 1345/1345/1345 1308/1308/1308
f 1308/1308/1308 1345/1345/1345 1346/1346/1346
f 1308/1308/1308 1346/1346/1346 1309/1309/1309
f 1309/1309/1309 1346/1346/1346 1347/1347/1347
f 1309/1309/1309 1347/1347/1347 1310/1310/1310
f 1310/1310/1310 1347/1347/1347 1348/1348/1348
f 1310/1310/1310 1348/1348/1348 1311/1311/1311
f 1311/1311/1311 1348/1348/1348 1349/1349/1349
f 1311/1311/1311 1349/1349/1349 1312/1312/1312
f 1312/1312/1312 1349/1349/1349 1350/1350/1350
f 1312/1312/1312 1350/1350/1350 1313/1313/1313
f 1313/1313/1313 1350/1350/1350 1351/1351/1351
f 1313/1313/1313 1351/1351/1351 1314/1314/1314
f 1314/1314/1314 1351/1351/1351 1352/1352/1352
f 1314/1314/1314 1352/1352/1352 1315/1315/1315
f 1315/1315/1315 1352/1352/1352 1353/1353/1353
f 1315/1315/1315 1353/1353/1353 1316/1316/1316
f 1316/1316/1316 1353/1353/1353 1354/1354/1354
f 1316/1316/1316 1354/1354/1354 1317/1317/1317
f 1317/1317/1317 1354/1354/1354 1355/1355/1355
f 1317/1317/1317 1355/1355/1355 1318/1318/1318
f 1318/1318/1318 1355/1355/1355 1356/1356/1356
f 1318/1318/1318 1356/1356/1356 1319/1319/1319
f 1319/1319/1319 1356/1356/1356 1357/1357/1357
f 1319/1319/1319 1357/1357/1357 1320/1320/1320
f 1320/1320/1320 1357/1357/1357 1358/1358/1358
f 1320/1320/1320 1358/1358/1358 1321/1321/1321
f 1321/1321/1321 1358/1358/1358 1359/1359/1359
f 1321/1321/1321 1359/1359/1359 1322/1322/1322
f 1322/1322/1322 1359/1359/1359 1360/1360/1360
f 1322/1322/1322 1360/1360/1360 1323/1323/1323
f 1323/1323/1323 1360/1360/1360 1361/1361/1361
f 1323/1323/1323 1361/1361/1361 1324/1324/1324
f 1324/1324/1324 1361/1361/1361 1362/1362/1362
f 1324/1324/1324 1362/1362/1362 1325/1325/1325
f 1325/1325/1325 1362/1362/1362 1363/1363/1363
f 1325/1325/1325 1363/1363/1363 1326/1326/1326
f 1326/1326/1326 1363/1363/1363 1364/1364/1364
f 1326/1326/1326 1364/1364/1364 1327/1327/1327
f 1327/1327/1327 1364/1364/1364 1365/1365/1365
f 1327/1327/1327 1365/1365/1365 1328/1328/1328
f 1328/1328/1328 1365/1365/1365 1366/1366/1366
f 1328/1328/1328 1366/1366/1366 1329/1329/1329
f 1329/1329/1329 1366/1366/1366 1367/1367/1367
f 1329/1329/1329 1367/1367/1367 1330/1330/1330
f 1330/1330/1330 1367/1367/1367 1368/1368/1368
f 1330/1330/1330 1368/1368/1368 1331/1331/1331
f 1331/1331/1331 1368/1368/1368 1369/1369/1369
f 1331/1331/1331 1369/1369/1369 1332/1332/1332
f 1333/1333/1333 1370/1370/1370 1371/1371/1371
f 1333/1333/1333 1371/1371/1371 1334/1334/1334
f 1334/1334/1334 1371/1371/1371 1372/1372/1372
f 1334/1334/1334 1372/1372/1372 1335/1335/1335
f 1335/1335/1335 1372/1372/1372 1373/1373/1373
f 1335/1335/1335 1373/1373/1373 1336/1336/1336
f 1336/1336/1336 1373/1373/1373 1374/1374/1374
f 1336/1336/1336 1374/1374/1374 1337/1337/1337
f 1337/1337/1337 1374/1374/1374 1375/1375/1375
f 1337/1337/1337 1375/1375/1375 1338/1338/1338
f 1338/1338/1338 1375/1375/1375 1376/1376/1376
f 1338/1338/1338 1376/1376/1376 1339/1339/1339
f 1339/1339/1339 1376/1376/1376 1377/1377/1377
f 1339/1339/1339 1377/1377/1377 1340/1340/1340
f 1340/1340/1340 1377/1377/1377 1378/1378/1378
f 1340/1340/1340 1378/1378/1378 1341/1341/1341
f 1341/1341/1341 1378/1378/1378 1379/1379/1379
f 1341/1341/1341 1379/1379/1379 1342/1342/1342
f 1342/1342/1342 1379/1379/1379 1380/1380/1380
f 1342/1342/1342 1380/1380/1380 1343/1343/1343
f 1343/1343/1343 1380/1380/1380 1381/1381/1381
f 1343/1343/1343 1381/1381/1381 1344/1344/1344
f 1344/1344/1344 1381/1381/1381 1382/1382/1382
f 1344/1344/1344 1382/1382/1382 1345/1345/1345
f 1345/1345/1345 1382/1382/1382 1383/1383/1383
f 1345/1345/1345 1383/1383/1383 1346/1346/1346
f 1346/1346/1346 1383/1383/1383 1384/1384/1384
f 1346/1346/1346 1384/1384/1384 1347/1347/1347
f 1347/1347/1347 1384/1384/1384 1385/1385/1385
f 1347/1347/1347 1385/1385/1385 1348/1348/1348
f 1348/1348/1348 1385/1385/1385 1386/1386/1386
f 1348/1348/1348 1386/1386/1386 1349/1349/1349
f 1349/1349/1349 1386/1386/1386 1387/1387/1387
f 1349/1349/1349 1387/1387/1387 1350/1350/1350
f 1350/1350/1350 1387/1387/1387 1388/1388/1388
f 1350/1350/1350 1388/1388/1388 1351/1351/1351
f 1351/1351/1351 1388/1388/1388 1389/1389/1389
f 1351/1351/1351 1389/1389/1389 1352/1352/1352
f 1352/1352/1352 1389/1389/1389 1390/1390/1390
f 1352/1352/1352 1390/1390/1390 1353/1353/1353
f 1353/1353/1353 1390/1390/1390 1391/1391/1391
f 1353/1353/1353 1391/1391/1391 1354/1354/1354
f 1354/1354/1354 1391/1391/1391 1392/1392/1392
f 1354/1354/1354 1392/1392/1392 1355/1355/1355
f 1355/1355/1355 1392/1392/1392 1393/1393/1393
f 1355/1355/1355 1393/1393/1393 1356/1356/1356
f 1356/1356/1356 1393/1393/1393 1394/1394/1394
f 1356/1356/1356 1394/1394/1394 1357/1357/1357
f 1357/1357/1357 1394/1394/1394 1395/1395/1395
f 1357/1357/1357 1395/1395/1395 1358/1358/1358
f 1358/1358/1358 1395/1395/1395 1396/1396/1396
f 1358/1358/1358 1396/1396/1396 1359/1359/1359
f 1359/1359/1359 1396/1396/1396 1397/1397/1397
f 1359/1359/1359 1397/1397/1397 1360/1360/1360
f 1360/1360/1360 1397/1397/1397 1398/1398/1398
f 1360/1360/1360 1398/1398/1398 1361/1361/1361
f 1361/1361/1361 1398/1398/1398 1399/1399/1399
f 1361/1361/1361 1399/1399/1399 1362/1362/1362
f 1362/1362/1362 1399/1399/1399 1400/1400/1400
f 1362/1362/1362 1400/1400/1400 1363/1363/1363
f 1363/1363/1363 1400/1400/1400 1401/1401/1401
f 1363/1363/1363 1401/1401/1401 1364/1364/1364
f 1364/1364/1364 1401/1401/1401 1402/1402/1402
f 1364/1364/1364 1402/1402/1402 1365/1365/1365
f 1365/1365/1365 1402/1402/1402 1403/1403/1403
f 1365/1365/1365 1403/1403/1403 1366/1366/1366
f 1366/1366/1366 1403/1403/1403 1404/1404/1404
f 1366/1366/1366 1404/1404/1404 1367/1367/1367
f 1367/1367/1367 1404/1404/1404 1405/1405/1405
f 1367/1367/1367 1405/1405/1405 1368/1368/1368
f 1368/1368/1368 1405/1405/1405 1406/1406/1406
f 1368/1368/1368 1406/1406/1406 1369/1369/1369
f 1370/1370/1370 1407/1407/1407 1408/1408/1408
f 1370/1370/1370 1408/1408/1408 1371/1371/1371
f 1371/1371/1371 1408/1408/1408 1409/1409/1409
f 1371/1371/1371 1409/1409/1409 1372/1372/1372
f 1372/1372/1372 1409/1409/1409 1410/1410/1410
f 1372/1372/1372 1410/1410/1410 1373/1373/1373
f 1373/1373/1373 1410/1410/1410 1411/1411/1411
f 1373/1373/1373 1411/1411/1411 1374/1374/1374
f 1374/1374/1374 1411/1411/1411 1412/1412/1412
f 1374/1374/1374 1412/1412/1412 1375/1375/1375
f 1375/1375/1375 1412/1412/1412 1413/1413/1413
f 1375/1375/1375 1413/1413/1413 1376/1376/1376
f 1376/1376/1376 1413/1413/1413 1414/1414/1414
f 1376/1376/1376 1414/1414/1414 1377/1377/1377
f 1377/1377/1377 1414/1414/1414 1415/1415/1415
f 1377/1377/1377 1415/1415/1415 1378/1378/1378
f 1378/1378/1378 1415/1415/1415 1416/1416/1416
f 1378/1378/1378 1416/1416/1416 1379/1379/1379
f 1379/1379/1379 1416/1416/1416 1417/1417/1417
f 1379/1379/1379 1417/1417/1417 1380/1380/1380
f 1380/1380/1380 1417/1417/1417 1418/1418/1418
f 1380/1380/1380 1418/1418/1418 1381/1381/1381
f 1381/1381/1381 1418/1418/1418 1419/1419/1419
f 1381/1381/1381 1419/1419/1419 1382/1382/1382
f 1382/1382/1382 1419/1419/1419 1420/1420/1420
f 1382/1382/1382 1420/1420/1420 1383/1383/1383
f 1383/1383/1383 1420/1420/1420 1421/1421/1421
f 1383/1383/1383 1421/1421/1421 1384/1384/1384
f 1384/1384/1384 1421/1421/1421 1422/1422/1422
f 1384/1384/1384 1422/1422/1422 1385/1385/1385
f 1385/1385/1385 1422/1422/1422 1423/1423/1423
f 1385/1385/1385 1423/1423/1423 1386/1386/1386
f 1386/1386/1386 1423/1423/1423 1424/1424/1424
f 1386/1386/1386 1424/1424/1424 1387/1387/1387
f 1387/1387/1387 1424/1424/1424 1425/1425/1425
f 1387/1387/1387 1425/1425/1425 1388/1388/1388
f 1388/1388/1388 1425/1425/1425 1426/1426/1426
f 1388/1388/1388 1426/1426/1426 1389/1389/1389
f 1389/1389/1389 1426/1426/1426 1427/1427/1427
f 1389/1389/1389 1427/1427/1427 1390/1390/1390
f 1390/1390/1390 1427/1427/1427 1428/1428/1428
f 1390/1390/1390 1428/1428/1428 1391/1391/1391
f 1391/1391/1391 1428/1428/1428 1429/1429/1429
f 1391/1391/1391 1429/1429/1429 1392/1392/1392
f 1392/1392/1392 1429/1429/1429 1430/1430/1430
f 1392/1392/1392 1430/1430/1430 1393/1393/1393
f 1393/1393/1393 1430/1430/1430 1431/1431/1431
f 1393/1393/1393 1431/1431/1431 1394/1394/1394
f 1394/1394/1394 1431/1431/1431 1432/1432/1432
f 1394/1394/1394 1432/1432/1432 1395/1395/1395
f 1395/1395/1395 1432/1432/1432 1433/1433/1433
f 1395/1395/1395 1433/1433/1433 1396/1396/1396
f 1396/1396/1396 1433/1433/1433 1434/1434/1434
f 1396/1396/1396 1434/1434/1434 1397/1397/1397
f 1397/1397/1397 1434/1434/1434 1435/1435/1435
f 1397/1397/1397 1435/1435/1435 1398/1398/1398
f 1398/1398/1398 1435/1435/1435 1436/1436/1436
f 1398/1398/1398 1436/1436/1436 1399/1399/1399
f 1399/1399/1399 1436/1436/1436 1437/1437/1437
f 1399/1399/1399 1437/1437/1437 1400/1400/1400
f 1400/1400/1400 1437/1437/1437 1438/1438/1438
f 1400/1400/1400 1438/1438/1438 1401/1401/1401
f 1401/1401/1401 1438/1438/1438 1439/1439/1439
f 1401/1401/1401 1439/1439/1439 1402/1402/1402
f 1402/1402/1402 1439/1439/1439 1440/1440/1440
f 1402/1402/1402 1440/1440/1440 1403/1403/1403
f 1403/1403/1403 1440/1440/1440 1441/1441/1441
f 1403/1403/1403 1441/1441/1441 1404/1404/1404
f 1404/1404/1404 1441/1441/1441 1442/1442/1442
f 1404/1404/1404 1442/1442/1442 1405/1405/1405
f 1405/1405/1405 1442/1442/1442 1443/1443/1443
f 1405/1405/1405 1443/1443/1443 1406/1406/1406
f 1407/1407/1407 1444/1444/1444 1445/1445/1445
f 1407/1407/1407 1445/1445/1445 1408/1408/1408
f 1408/1408/1408 1445/1445/1445 1446/1446/1446
f 1408/1408/1408 1446/1446/1446 1409/1409/1409
f 1409/1409/1409 1446/1446/1446 1447/1447/1447
f 1409/1409/1409 1447/1447/1447 1410/1410/1410
f 1410/1410/1410 1447/1447/1447 1448/1448/1448
f 1410/1410/1410 1448/1448/1448 1411/1411/1411
f 1411/1411/1411 1448/1448/1448 1449/1449/1449
f 1411/1411/1411 1449/1449/1449 1412/1412/1412
f 1412/1412/1412 1449/1449/1449 1450/1450/1450
f 1412/1412/1412 1450/1450/1450 1413/1413/1413
f 1413/1413/1413 1450/1450/1450 1451/1451/1451
f 1413/1413/1413 1451/1451/1451 1414/1414/1414
f 1414/1414/1414 1451/1451/1451 1452/1452/1452
f 1414/1414/1414 1452/1452/1452 1415/1415/1415
f 1415/1415/1415 1452/1452/1452 1453/1453/1453
f 1415/1415/1415 1453/1453/1453 1416/1416/1416
f 1416/1416/1416 1453/1453/1453 1454/1454/1454
f 1416/1416/1416 1454/1454/1454 1417/1417/1417
f 1417/1417/1417 1454/1454/1454 1455/1455/1455
f 1417/1417/1417 1455/1455/1455 1418/1418/1418
f 1418/1418/1418 1455/1455/1455 1456/1456/1456
f 1418/1418/1418 1456/1456/1456 1419/1419/1419
f 1419/1419/1419 1456/1456/1456 1457/1457/1457
f 1419/1419/1419 1457/1457/1457 1420/1420/1420
f 1420/1420/1420 1457/1457/1457 1458/1458/1458
f 1420/1420/1420 1458/1458/1458 1421/1421/1421
f 1421/1421/1421 1458/1458/1458 1459/1459/1459
f 1421/1421/1421 1459/1459/1459 1422/1422/1422
f 1422/1422/1422 1459/1459/1459 1460/1460/1460
f 1422/1422/1422 1460/1460/1460 1423/1423/1423
f 1423/1423/1423 1460/1460/1460 1461/1461/1461
f 1423/1423/1423 1461/1461/1461 1424/1424/1424
f 1424/1424/1424 1461/1461/1461 1462/1462/1462
f 1424/1424/1424 1462/1462/1462 1425/1425/1425
f 1425/1425/1425 1462/1462/1462 1463/1463/1463
f 1425/1425/1425 1463/1463/1463 1426/1426/1426
f 1426/1426/1426 1463/1463/1463 1464/1464/1464
f 1426/1426/1426 1464/1464/1464 1427/1427/1427
f 1427/1427/1427 1464/1464/1464 1465/1465/1465
f 1427/1427/1427 1465/1465/1465 1428/1428/1428
f 1428/1428/1428 1465/1465/1465 1466/1466/1466
f 1428/1428/1428 1466/1466/1466 1429/1429/1429
f 1429/1429/1429 1466/1466/1466 1467/1467/1467
f 1429/1429/1429 1467/1467/1467 1430/1430/1430
f 1430/1430/1430 1467/1467/1467 1468/1468/1468
f 1430/1430/1430 1468/1468/1468 1431/1431/1431
f 1431/1431/1431 1468/1468/1468 1469/1469/1469
f 1431/1431/1431 1469/1469/1469 1432/1432/1432
f 1432/1432/1432 1469/1469/1469 1470/1470/1470
f 1432/1432/1432 1470/1470/1470 1433/1433/1433
f 1433/1433/1433 1470/1470/1470 1471/1471/1471
f 1433/1433/1433 1471/1471/1471 1434/1434/1434
f 1434/1434/1434 1471/1471/1471 1472/1472/1472
f 1434/1434/1434 1472/1472/1472 1435/1435/1435
f 1435/1435/1435 1472/1472/1472 1473/1473/1473
f 1435/1435/1435 1473/1473/1473 1436/1436/1436
f 1436/1436/1436 1473/1473/1473 1474/1474/1474
f 1436/1436/1436 1474/1474/1474 1437/1437/1437
f 1437/1437/1437 1474/1474/1474 1475/1475/1475
f 1437/1437/1437 1475/1475/1475 1438/1438/1438
f 1438/1438/1438 1475/1475/1475 1476/1476/1476
f 1438/1438/1438 1476/1476/1476 1439/1439/1439
f 1439/1439/1439 1476/1476/1476 1477/1477/1477
f 1439/1439/1439 1477/1477/1477 1440/1440/1440
f 1440/1440/1440 1477/1477/1477 1478/1478/1478
f 1440/1440/1440 1478/1478/1478 1441/1441/1441
f 1441/1441/1441 1478/1478/1478 1479/1479/1479
f 1441/1441/1441 1479/1479/1479 1442/1442/1442
f 1442/1442/1442 1479/1479/1479 1480/1480/1480
f 1442/1442/1442 1480/1480/1480 1443/1443/1443
f 1444/1444/1444 1481/1481/1481 1482/1482/1482
f 1444/1444/1444 1482/1482/1482 1445/1445/1445
f 1445/1445/1445 1482/1482/1482 1483/1483/1483
f 1445/1445/1445 1483/1483/1483 1446/1446/1446
f 1446/1446/1446 1483/1483/1483 1484/1484/1484
f 1446/1446/1446 1484/1484/1484 1447/1447/1447
f 1447/1447/1447 1484/1484/1484 1485/1485/1485
f 1447/1447/1447 1485/1485/1485 1448/1448/1448
f 1448/1448/1448 1485/1485/1485 1486/1486/1486
f 1448/1448/1448 1486/1486/1486 1449/1449/1449
f 1449/1449/1449 1486/1486/1486 1487/1487/1487
f 1449/1449/1449 1487/1487/1487 1450/1450/1450
f 1450/1450/1450 1487/1487/1487 1488/1488/1488
f 1450/1450/1450 1488/1488/1488 1451/1451/1451
f 1451/1451/1451 1488/1488/1488 1489/1489/1489
f 1451/1451/1451 1489/1489/1489 1452/1452/1452
f 1452/1452/1452 1489/1489/1489 1490/1490/1490
f 1452/1452/1452 1490/1490/1490 1453/1453/1453
f 1453/1453/1453 1490/1490/1490 1491/1491/1491
f 1453/1453/1453 1491/1491/1491 1454/1454/1454
f 1454/1454/1454 1491/1491/1491 1492/1492/1492
f 1454/1454/1454 1492/1492/1492 1455/1455/1455
f 1455/1455/1455 1492/1492/1492 1493/1493/1493
f 1455/1455/1455 1493/1493/1493 1456/1456/1456
f 1456/1456/1456 1493/1493/1493 1494/1494/1494
f 1456/1456/1456 1494/1494/1494 1457/1457/1457
f 1457/1457/1457 1494/1494/1494 1495/1495/1495
f 1457/1457/1457 1495/1495/1495 1458/1458/1458
f 1458/1458/1458 1495/1495/1495 1496/1496/1496
f 1458/1458/1458 1496/1496/1496 1459/1459/1459
f 1459/1459/1459 1496/1496/1496 1497/1497/1497
f 1459/1459/1459 1497/1497/1497 1460/1460/1460
f 1460/1460/1460 1497/1497/1497 1498/1498/1498
f 1460/1460/1460 1498/1498/1498 1461/1461/1461
f 1461/1461/1461 1498/1498/1498 1499/1499/1499
f 1461/1461/1461 1499/1499/1499 1462/1462/1462
f 1462/1462/1462 1499/1499/1499 1500/1500/1500
f 1462/1462/1462 1500/1500/1500 1463/1463/1463
f 1463/1463/1463 1500/1500/1500 1501/1501/1501
f 1463/1463/1463 1501/1501/1501 1464/1464/1464
f 1464/1464/1464 1501/1501/1501 1502/1502/1502
f 1464/1464/1464 1502/1502/1502 1465/1465/1465
f 1465/1465/1465 1502/1502/1502 1503/1503/1503
f 1465/1465/1465 1503/1503/1503 1466/1466/1466
f 1466/1466/1466 1503/1503/1503 1504/1504/1504
f 1466/1466/1466 1504/1504/1504 1467/1467/1467
f 1467/1467/1467 1504/1504/1504 1505/1505/1505
f 1467/1467/1467 1505/1505/1505 1468/1468/1468
f 1468/1468/1468 1505/1505/1505 1506/1506/1506
f 1468/1468/1468 1506/1506/1506 1469/1469/1469
f 1469/1469/1469 1506/1506/1506 1507/1507/1507
f 1469/1469/1469 1507/1507/1507 1470/1470/1470
f 1470/1470/1470 1507/1507/1507 1508/1508/1508
f 1470/1470/1470 1508/1508/1508 1471/1471/1471
f 1471/1471/1471 1508/1508/1508 1509/1509/1509
f 1471/1471/1471 1509/1509/1509 1472/1472/1472
f 1472/1472/1472 1509/1509/1509 1510/1510/1510
f 1472/1472/1472 1510/1510/1510 1473/1473/1473
f 1473/1473/1473 1510/1510/1510 1511/1511/1511
f 1473/1473/1473 1511/1511/1511 1474/1474/1474
f 1474/1474/1474 1511/1511/1511 1512/1512/1512
f 1474/1474/1474 1512/1512/1512 1475/1475/1475
f 1475/1475/1475 1512/1512/1512 1513/1513/1513
f 1475/1475/1475 1513/1513/1513 1476/1476/1476
f 1476/1476/1476 1513/1513/1513 1514/1514/1514
f 1476/1476/1476 1514/1514/1514 1477/1477/1477
f 1477/1477/1477 1514/1514/1514 1515/1515/1515
f 1477/1477/1477 1515/1515/1515 1478/1478/1478
f 1478/1478/1478 1515/1515/1515 1516/1516/1516
f 1478/1478/1478 1516/1516/1516 1479/1479/1479
f 1479/1479/1479 1516/1516/1516 1517/1517/1517
f 1479/1479/1479 1517/1517/1517 1480/1480/1480
f 1481/1481/1481 1518/1518/1518 1519/1519/1519
f 1481/1481/1481 1519/1519/1519 1482/1482/1482
f 1482/1482/1482 1519/1519/1519 1520/1520/1520
f 1482/1482/1482 1520/1520/1520 1483/1483/1483
f 1483/1483/1483 1520/1520/1520 1521/1521/1521
f 1483/1483/1483 1521/1521/1521 1484/1484/1484
f 1484/1484/1484 1521/1521/1521 1522/1522/1522
f 1484/1484/1484 1522/1522/1522 1485/1485/1485
f 1485/1485/1485 1522/1522/1522 1523/1523/1523
f 1485/1485/1485 1523/1523/1523 1486/1486/1486
f 1486/1486/1486 1523/1523/1523 1524/1524/1524
f 1486/1486/1486 1524/1524/1524 1487/1487/1487
f 1487/1487/1487 1524/1524/1524 1525/1525/1525
f 1487/1487/1487 1525/1525/1525 1488/1488/1488
f 1488/1488/1488 1525/1525/1525 1526/1526/1526
f 1488/1488/1488 1526/1526/1526 1489/1489/1489
f 1489/1489/1489 1526/1526/1526 1527/1527/1527
f 1489/1489/1489 1527/1527/1527 1490/1490/1490
f 1490/1490/1490 1527/1527/1527 1528/1528/1528
f 1490/1490/1490 1528/1528/1528 1491/1491/1491
f 1491/1491/1491 1528/1528/1528 1529/1529/1529
f 1491/1491/1491 1529/1529/1529 1492/1492/1492
f 1492/1492/1492 1529/1529/1529 1530/1530/1530
f 1492/1492/1492 1530/1530/1530 1493/1493/1493
f 1493/1493/1493 1530/1530/1530 1531/1531/1531
f 1493/1493/1493 1531/1531/1531 1494/1494/1494
f 1494/1494/1494 1531/1531/1531 1532/1532/1532
f 1494/1494/1494 1532/1532/1532 1495/1495/1495
f 1495/1495/1495 1532/1532/1532 1533/1533/1533
f 1495/1495/1495 1533/1533/1533 1496/1496/1496
f 1496/1496/1496 1533/1533/1533 1534/1534/1534
f 1496/1496/1496 1534/1534/1534 1497/1497/1497
f 1497/1497/1497 1534/1534/1534 1535/1535/1535
f 1497/1497/1497 1535/1535/1535 1498/1498/1498
f 1498/1498/1498 1535/1535/1535 1536/1536/1536
f 1498/1498/1498 1536/1536/1536 1499/1499/1499
f 1499/1499/1499 1536/1536/1536 1537/1537/1537
f 1499/1499/1499 1537/1537/1537 1500/1500/1500
f 1500/1500/1500 1537/1537/1537 1538/1538/1538
f 1500/1500/1500 1538/1538/1538 1501/1501/1501
f 1501/1501/1501 1538/1538/1538 1539/1539/1539
f 1501/1501/1501 1539/1539/1539 1502/1502/1502
f 1502/1502/1502 1539/1539/1539 1540/1540/1540
f 1502/1502/1502 1540/1540/1540 1503/1503/1503
f 1503/1503/1503 1540/1540/1540 1541/1541/1541
f 1503/1503/1503 1541/1541/1541 1504/1504/1504
f 1504/1504/1504 1541/1541/1541 1542/1542/1542
f 1504/1504/1504 1542/1542/1542 1505/1505/1505
f 1505/1505/1505 1542/1542/1542 1543/1543/1543
f 1505/1505/1505 1543/1543/1543 1506/1506/1506
f 1506/1506/1506 1543/1543/1543 1544/1544/1544
f 1506/1506/1506 1544/1544/1544 1507/1507/1507
f 1507/1507/1507 1544/1544/1544 1545/1545/1545
f 1507/1507/1507 1545/1545/1545 1508/1508/1508
f 1508/1508/1508 1545/1545/1545 1546/1546/1546
f 1508/1508/1508 1546/1546/1546 1509/1509/1509
f 1509/1509/1509 1546/1546/1546 1547/1547/1547
f 1509/1509/1509 1547/1547/1547 1510/1510/1510
f 1510/1510/1510 1547/1547/1547 1548/1548/1548
f 1510/1510/1510 1548/1548/1548 1511/1511/1511
f 1511/1511/1511 1548/1548/1548 1549/1549/1549
f 1511/1511/1511 1549/1549/1549 1512/1512/1512
f 1512/1512/1512 1549/1549/1549 1550/1550/1550
f 1512/1512/1512 1550/1550/1550 1513/1513/1513
f 1513/1513/1513 1550/1550/1550 1551/1551/1551
f 1513/1513/1513 1551/1551/1551 1514/1514/1514
f 1514/1514/1514 1551/1551/1551 1552/1552/1552
f 1514/1514/1514 1552/1552/1552 1515/1515/1515
f 1515/1515/1515 1552/1552/1552 1553/1553/1553
f 1515/1515/1515 1553/1553/1553 1516/1516/1516
f 1516/1516/1516 1553/1553/1553 1554/1554/1554
f 1516/1516/1516 1554/1554/1554 1517/1517/1517
f 1518/1518/1518 1555/1555/1555 1556/1556/1556
f 1518/1518/1518 1556/1556/1556 1519/1519/1519
f 1519/1519/1519 1556/1556/1556 1557/1557/1557
f 1519/1519/1519 1557/1557/1557 1520/1520/1520
f 1520/1520/1520 1557/1557/1557 1558/1558/1558
f 1520/1520/1520 1558/1558/1558 1521/1521/1521
f 1521/1521/1521 1558/1558/1558 1559/1559/1559
f 1521/1521/1521 1559/1559/1559 1522/1522/1522
f 1522/1522/1522 1559/1559/1559 1560/1560/1560
f 1522/1522/1522 1560/1560/1560 1523/1523/1523
f 1523/1523/1523 1560/1560/1560 1561/1561/1561
f 1523/1523/1523 1561/1561/1561 1524/1524/1524
f 1524/1524/1524 1561/1561/1561 1562/1562/1562
f 1524/1524/1524 1562/1562/1562 1525/1525/1525
f 1525/1525/1525 1562/1562/1562 1563/1563/1563
f 1525/1525/1525 1563/1563/1563 1526/1526/1526
f 1526/1526/1526 1563/1563/1563 1564/1564/1564
f 1526/1526/1526 1564/1564/1564 1527/1527/1527
f 1527/1527/1527 1564/1564/1564 1565/1565/1565
f 1527/1527/1527 1565/1565/1565 1528/1528/1528
f 1528/1528/1528 1565/1565/1565 1566/1566/1566
f 1528/1528/1528 1566/1566/1566 1529/1529/1529
f 1529/1529/1529 1566/1566/1566 1567/1567/1567
f 1529/1529/1529 1567/1567/1567 1530/1530/1530
f 1530/1530/1530 1567/1567/1567 1568/1568/1568
f 1530/1530/1530 1568/1568/1568 1531/1531/1531
f 1531/1531/1531 1568/1568/1568 1569/1569/1569
f 1531/1531/1531 1569/1569/1569 1532/1532/1532
f 1532/1532/1532 1569/1569/1569 1570/1570/1570
f 1532/1532/1532 1570/1570/1570 1533/1533/1533
f 1533/1533/1533 1570/1570/1570 1571/1571/1571
f 1533/1533/1533 1571/1571/1571 1534/1534/1534
f 1534/1534/1534 1571/1571/1571 1572/1572/1572
f 1534/1534/1534 1572/1572/1572 1535/1535/1535
f 1535/1535/1535 1572/1572/1572 1573/1573/1573
f 1535/1535/1535 1573/1573/1573 1536/1536/1536
f 1536/1536/1536 1573/1573/1573 1574/1574/1574
f 1536/1536/1536 1574/1574/1574 1537/1537/1537
f 1537/1537/1537 1574/1574/1574 1575/1575/1575
f 1537/1537/1537 1575/1575/1575 1538/1538/1538
f 1538/1538/1538 1575/1575/1575 1576/1576/1576
f 1538/1538/1538 1576/1576/1576 1539/1539/1539
f 1539/1539/1539 1576/1576/1576 1577/1577/1577
f 1539/1539/1539 1577/1577/1577 1540/1540/1540
f 1540/1540/1540 1577/1577/1577 1578/1578/1578
f 1540/1540/1540 1578/1578/1578 1541/1541/1541
f 1541/1541/1541 1578/1578/1578 1579/1579/1579
f 1541/1541/1541 1579/1579/1579 1542/1542/1542
f 1542/1542/1542 1579/1579/1579 1580/1580/1580
f 1542/1542/1542 1580/1580/1580 1543/1543/1543
f 1543/1543/1543 1580/1580/1580 1581/1581/1581
f 1543/1543/1543 1581/1581/1581 1544/1544/1544
f 1544/1544/1544 1581/1581/1581 1582/1582/1582
f 1544/1544/1544 1582/1582/1582 1545/1545/1545
f 1545/1545/1545 1582/1582/1582 1583/1583/1583
f 1545/1545/1545 1583/1583/1583 1546/1546/1546
f 1546/1546/1546 1583/1583/1583 1584/1584/1584
f 1546/1546/1546 1584/1584/1584 1547/1547/1547
f 1547/1547/1547 1584/1584/1584 1585/1585/1585
f 1547/1547/1547 1585/1585/1585 1548/1548/1548
f 1548/1548/1548 1585/1585/1585 1586/1586/1586
f 1548/1548/1548 1586/1586/1586 1549/1549/1549
f 1549/1549/1549 1586/1586/1586 1587/1587/1587
f 1549/1549/1549 1587/1587/1587 1550/1550/1550
f 1550/1550/1550 1587/1587/1587 1588/1588/1588
f 1550/1550/1550 1588/1588/1588 1551/1551/1551
f 1551/1551/1551 1588/1588/1588 1589/1589/1589
f 1551/1551/1551 1589/1589/1589 1552/1552/1552
f 1552/1552/1552 1589/1589/1589 1590/1590/1590
f 1552/1552/1552 1590/1590/1590 1553/1553/1553
f 1553/1553/1553 1590/1590/1590 1591/1591/1591
f 1553/1553/1553 1591/1591/1591 1554/1554/1554
f 1555/1555/1555 1592/1592/1592 1593/1593/1593
f 1555/1555/1555 1593/1593/1593 1556/1556/1556
f 1556/1556/1556 1593/1593/1593 1594/1594/1594
f 1556/1556/1556 1594/1594/1594 1557/1557/1557
f 1557/1557/1557 1594/1594/1594 1595/1595/1595
f 1557/1557/1557 1595/1595/1595 1558/1558/1558
f 1558/1558/1558 1595/1595/1595 1596/1596/1596
f 1558/1558/1558 1596/1596/1596 1559/1559/1559
f 1559/1559/1559 1596/1596/1596 1597/1597/1597
f 1559/1559/1559 1597/1597/1597 1560/1560/1560
f 1560/1560/1560 1597/1597/1597 1598/1598/1598
f 1560/1560/1560 1598/1598/1598 1561/1561/1561
f 1561/1561/1561 1598/1598/1598 1599/1599/1599
f 1561/1561/1561 1599/1599/1599 1562/1562/1562
f 1562/1562/1562 1599/1599/1599 1600/1600/1600
f 1562/1562/1562 1600/1600/1600 1563/1563/1563
f 1563/1563/1563 1600/1600/1600 1601/1601/1601
f 1563/1563/1563 1601/1601/1601 1564/1564/1564
f 1564/1564/1564 1601/1601/1601 1602/1602/1602
f 1564/1564/1564 1602/1602/1602 1565/1565/1565
f 1565/1565/1565 1602/1602/1602 1603/1603/1603
f 1565/1565/1565 1603/1603/1603 1566/1566/1566
f 1566/1566/1566 1603/1603/1603 1604/1604/1604
f 1566/1566/1566 1604/1604/1604 1567/1567/1567
f 1567/1567/1567 1604/1604/1604 1605/1605/1605
f 1567/1567/1567 1605/1605/1605 1568/1568/1568
f 1568/1568/1568 1605/1605/1605 1606/1606/1606
f 1568/1568/1568 1606/1606/1606 1569/1569/1569
f 1569/1569/1569 1606/1606/1606 1607/1607/1607
f 1569/1569/1569 1607/1607/1607 1570/1570/1570
f 1570/1570/1570 1607/1607/1607 1608/1608/1608
f 1570/1570/1570 1608/1608/1608 1571/1571/1571
f 1571/1571/1571 1608/1608/1608 1609/1609/1609
f 1571/1571/1571 1609/1609/1609 1572/1572/1572
f 1572/1572/1572 1609/1609/1609 1610/1610/1610
f 1572/1572/1572 1610/1610/1610 1573/1573/1573
f 1573/1573/1573 1610/1610/1610 1611/1611/1611
f 1573/1573/1573 1611/1611/1611 1574/1574/1574
f 1574/1574/1574 1611/1611/1611 1612/1612/1612
f 1574/1574/1574 1612/1612/1612 1575/1575/1575
f 1575/1575/1575 1612/1612/1612 1613/1613/1613
f 1575/1575/1575 1613/1613/1613 1576/1576/1576
f 1576/1576/1576 1613/1613/1613 1614/1614/1614
f 1576/1576/1576 1614/1614/1614 1577/1577/1577
f 1577/1577/1577 1614/1614/1614 1615/1615/1615
f 1577/1577/1577 1615/1615/1615 1578/1578/1578
f 1578/1578/1578 1615/1615/1615 1616/1616/1616
f 1578/1578/1578 1616/1616/1616 1579/1579/1579
f 1579/1579/1579 1616/1616/1616 1617/1617/1617
f 1579/1579/1579 1617/1617/1617 1580/1580/1580
f 1580/1580/1580 1617/1617/1617 1618/1618/1618
f 1580/1580/1580 1618/1618/1618 1581/1581/1581
f 1581/1581/1581 1618/1618/1618 1619/1619/1619
f 1581/1581/1581 1619/1619/1619 1582/1582/1582
f 1582/1582/1582 1619/1619/1619 1620/1620/1620
f 1582/1582/1582 1620/1620/1620 1583/1583/1583
f 1583/1583/1583 1620/1620/1620 1621/1621/1621
f 1583/1583/1583 1621/1621/1621 1584/1584/1584
f 1584/1584/1584 1621/1621/1621 1622/1622/1622
f 1584/1584/1584 1622/1622/1622 1585/1585/1585
f 1585/1585/1585 1622/1622/1622 1623/1623/1623
f 1585/1585/1585 1623/1623/1623 1586/1586/1586
f 1586/1586/1586 1623/1623/1623 1624/1624/1624
f 1586/1586/1586 1624/1624/1624 1587/1587/1587
f 1587/1587/1587 1624/1624/1624 1625/1625/1625
f 1587/1587/1587 1625/1625/1625 1588/1588/1588
f 1588/1588/1588 1625/1625/1625 1626/1626/1626
f 1588/1588/1588 1626/1626/1626 1589/1589/1589
f 1589/1589/1589 1626/1626/1626 1627/1627/1627
f 1589/1589/1589 1627/1627/1627 1590/1590/1590
f 1590/1590/1590 1627/1627/1627 1628/1628/1628
f 1590/1590/1590 1628/1628/1628 1591/1591/1591
f 1592/1592/1592 1629/1629/1629 1630/1630/1630
f 1592/1592/1592 1630/1630/1630 1593/1593/1593
f 1593/1593/1593 1630/1630/1630 1631/1631/1631
f 1593/1593/1593 1631/1631/1631 1594/1594/1594
f 1594/1594/1594 1631/1631/1631 1632/1632/1632
f 1594/1594/1594 1632/1632/1632 1595/1595/1595
f 1595/1595/1595 1632/1632/1632 1633/1633/1633
f 1595/1595/1595 1633/1633/1633 1596/1596/1596
f 1596/1596/1596 1633/1633/1633 1634/1634/1634
f 1596/1596/1596 1634/1634/1634 1597/1597/1597
f 1597/1597/1597 1634/1634/1634 1635/1635/1635
f 1597/1597/1597 1635/1635/1635 1598/1598/1598
f 1598/1598/1598 1635/1635/1635 1636/1636/1636
f 1598/1598/1598 1636/1636/1636 1599/1599/1599
f 1599/1599/1599 1636/1636/1636 1637/1637/1637
f 1599/1599/1599 1637/1637/1637 1600/1600/1600
f 1600/1600/1600 1637/1637/1637 1638/1638/1638
f 1600/1600/1600 1638/1638/1638 1601/1601/1601
f 1601/1601/1601 1638/1638/1638 1639/1639/1639
f 1601/1601/1601 1639/1639/1639 1602/1602/1602
f 1602/1602/1602 1639/1639/1639 1640/1640/1640
f 1602/1602/1602 1640/1640/1640 1603/1603/1603
f 1603/1603/1603 1640/1640/1640 1641/1641/1641
f 1603/1603/1603 1641/1641/1641 1604/1604/1604
f 1604/1604/1604 1641/1641/1641 1642/1642/1642
f 1604/1604/1604 1642/1642/1642 1605/1605/1605
f 1605/1605/1605 1642/1642/1642 1643/1643/1643
f 1605/1605/1605 1643/1643/1643 1606/1606/1606
f 1606/1606/1606 1643/1643/1643 1644/1644/1644
f 1606/1606/1606 1644/1644/1644 1607/1607/1607
f 1607/1607/1607 1644/1644/1644 1645/1645/1645
f 1607/1607/1607 1645/1645/1645 1608/1608/1608
f 1608/1608/1608 1645/1645/1645 1646/1646/1646
f 1608/1608/1608 1646/1646/1646 1609/1609/1609
f 1609/1609/1609 1646/1646/1646 1647/1647/1647
f 1609/1609/1609 1647/1647/1647 1610/1610/1610
f 1610/1610/1610 1647/1647/1647 1648/1648/1648
f 1610/1610/1610 1648/1648/1648 1611/1611/1611
f 1611/1611/1611 1648/1648/1648 1649/1649/1649
f 1611/1611/1611 1649/1649/1649 1612/1612/1612
f 1612/1612/1612 1649/1649/1649 1650/1650/1650
f 1612/1612/1612 1650/1650/1650 1613/1613/1613
f 1613/1613/1613 1650/1650/1650 1651/1651/1651
f 1613/1613/1613 1651/1651/1651 1614/1614/1614
f 1614/1614/1614 1651/1651/1651 1652/1652/1652
f 1614/1614/1614 1652/1652/1652 1615/1615/1615
f 1615/1615/1615 1652/1652/1652 1653/1653/1653
f 1615/1615/1615 1653/1653/1653 1616/1616/1616
f 1616/1616/1616 1653/1653/1653 1654/1654/1654
f 1616/1616/1616 1654/1654/1654 1617/1617/1617
f 1617/1617/1617 1654/1654/1654 1655/1655/1655
f 1617/1617/1617 1655/1655/1655 1618/1618/1618
f 1618/1618/1618 1655/1655/1655 1656/1656/1656
f 1618/1618/1618 1656/1656/1656 1619/1619/1619
f 1619/1619/1619 1656/1656/1656 1657/1657/1657
f 1619/1619/1619 1657/1657/1657 1620/1620/1620
f 1620/1620/1620 1657/1657/1657 1658/1658/1658
f 1620/1620/1620 1658/1658/1658 1621/1621/1621
f 1621/1621/1621 1658/1658/1658 1659/1659/1659
f 1621/1621/1621 1659/1659/1659 1622/1622/1622
f 1622/1622/1622 1659/1659/1659 1660/1660/1660
f 1622/1622/1622 1660/1660/1660 1623/1623/1623
f 1623/1623/1623 1660/1660/1660 1661/1661/1661
f 1623/1623/1623 1661/1661/1661 1624/1624/1624
f 1624/1624/1624 1661/1661/1661 1662/1662/1662
f 1624/1624/1624 1662/1662/1662 1625/1625/1625
f 1625/1625/1625 1662/1662/1662 1663/1663/1663
f 1625/1625/1625 1663/1663/1663 1626/1626/1626
f 1626/1626/1626 1663/1663/1663 1664/1664/1664
f 1626/1626/1626 1664/1664/1664 1627/1627/1627
f 1627/1627/1627 1664/1664/1664 1665/1665/1665
f 1627/1627/1627 1665/1665/1665 1628/1628/1628
f 1629/1629/1629 1666/1666/1666 1667/1667/1667
f 1629/1629/1629 1667/1667/1667 1630/1630/1630
f 1630/1630/1630 1667/1667/1667 1668/1668/1668
f 1630/1630/1630 1668/1668/1668 1631/1631/1631
f 1631/1631/1631 1668/1668/1668 1669/1669/1669
f 1631/1631/1631 1669/1669/1669 1632/1632/1632
f 1632/1632/1632 1669/1669/1669 1670/1670/1670
f 1632/1632/1632 1670/1670/1670 1633/1633/1633
f 1633/1633/1633 1670/1670/1670 1671/1671/1671
f 1633/1633/1633 1671/1671/1671 1634/1634/1634
f 1634/1634/1634 1671/1671/1671 1672/1672/1672
f 1634/1634/1634 1672/1672/1672 1635/1635/1635
f 1635/1635/1635 1672/1672/1672 1673/1673/1673
f 1635/1635/1635 1673/1673/1673 1636/1636/1636
f 1636/1636/1636 1673/1673/1673 1674/1674/1674
f 1636/1636/1636 1674/1674/1674 1637/1637/1637
f 1637/1637/1637 1674/1674/1674 1675/1675/1675
f 1637/1637/1637 1675/1675/1675 1638/1638/1638
f 1638/1638/1638 1675/1675/1675 1676/1676/1676
f 1638/1638/1638 1676/1676/1676 1639/1639/1639
f 1639/1639/1639 1676/1676/1676 1677/1677/1677
f 1639/1639/1639 1677/1677/1677 1640/1640/1640
f 1640/1640/1640 1677/1677/1677 1678/1678/1678
f 1640/1640/1640 1678/1678/1678 1641/1641/1641
f 1641/1641/1641 1678/1678/1678 1679/1679/1679
f 1641/1641/1641 1679/1679/1679 1642/1642/1642
f 1642/1642/1642 1679/1679/1679 1680/1680/1680
f 1642/1642/1642 1680/1680/1680 1643/1643/1643
f 1643/1643/1643 1680/1680/1680 1681/1681/1681
f 1643/1643/1643 1681/1681/1681 1644/1644/1644
f 1644/1644/1644 1681/1681/1681 1682/1682/1682
f 1644/1644/1644 1682/1682/1682 1645/1645/1645
f 1645/1645/1645 1682/1682/1682 1683/1683/1683
f 1645/1645/1645 1683/1683/1683 1646/1646/1646
f 1646/1646/1646 1683/1683/1683 1684/1684/1684
f 1646/1646/1646 1684/1684/1684 1647/1647/1647
f 1647/1647/1647 1684/1684/1684 1685/1685/1685
f 1647/1647/1647 1685/1685/1685 1648/1648/1648
f 1648/1648/1648 1685/1685/1685 1686/1686/1686
f 1648/1648/1648 1686/1686/1686 1649/1649/1649
f 1649/1649/1649 1686/1686/1686 1687/1687/1687
f 1649/1649/1649 1687/1687/1687 1650/1650/1650
f 1650/1650/1650 1687/1687/1687 1688/1688/1688
f 1650/1650/1650 1688/1688/1688 1651/1651/1651
f 1651/1651/1651 1688/1688/1688 1689/1689/1689
f 1651/1651/1651 1689/1689/1689 1652/1652/1652
f 1652/1652/1652 1689/1689/1689 1690/1690/1690
f 1652/1652/1652 1690/1690/1690 1653/1653/1653
f 1653/1653/1653 1690/1690/1690 1691/1691/1691
f 1653/1653/1653 1691/1691/1691 1654/1654/1654
f 1654/1654/1654 1691/1691/1691 1692/1692/1692
f 1654/1654/1654 1692/1692/1692 1655/1655/1655
f 1655/1655/1655 1692/1692/1692 1693/1693/1693
f 1655/1655/1655 1693/1693/1693 1656/1656/1656
f 1656/1656/1656 1693/1693/1693 1694/1694/1694
f 1656/1656/1656 1694/1694/1694 1657/1657/1657
f 1657/1657/1657 1694/1694/1694 1695/1695/1695
f 1657/1657/1657 1695/1695/1695 1658/1658/1658
f 1658/1658/1658 1695/1695/1695 1696/1696/1696
f 1658/1658/1658 1696/1696/1696 1659/1659/1659
f 1659/1659/1659 1696/1696/1696 1697/1697/1697
f 1659/1659/1659 1697/1697/1697 1660/1660/1660
f 1660/1660/1660 1697/1697/1697 1698/1698/1698
f 1660/1660/1660 1698/1698/1698 1661/1661/1661
f 1661/1661/1661 1698/1698/1698 1699/1699/1699
f 1661/1661/1661 1699/1699/1699 1662/1662/1662
f 1662/1662/1662 1699/1699/1699 1700/1700/1700
f 1662/1662/1662 1700/1700/1700 1663/1663/1663
f 1663/1663/1663 1700/1700/1700 1701/1701/1701
f 1663/1663/1663 1701/1701/1701 1664/1664/1664
f 1664/1664/1664 1701/1701/1701 1702/1702/1702
f 1664/1664/1664 1702/1702/1702 1665/1665/1665
f 1666/1666/1666 1703/1703/1703 1704/1704/1704
f 1666/1666/1666 1704/1704/1704 1667/1667/1667
f 1667/1667/1667 1704/1704/1704 1705/1705/1705
f 1667/1667/1667 1705/1705/1705 1668/1668/1668
f 1668/1668/1668 1705/1705/1705 1706/1706/1706
f 1668/1668/1668 1706/1706/1706 1669/1669/1669
f 1669/1669/1669 1706/1706/1706 1707/1707/1707
f 1669/1669/1669 1707/1707/1707 1670/1670/1670
f 1670/1670/1670 1707/1707/1707 1708/1708/1708
f 1670/1670/1670 1708/1708/1708 1671/1671/1671
f 1671/1671/1671 1708/1708/1708 1709/1709/1709
f 1671/1671/1671 1709/1709/1709 1672/1672/1672
f 1672/1672/1672 1709/1709/1709 1710/1710/1710
f 1672/1672/1672 1710/1710/1710 1673/1673/1673
f 1673/1673/1673 1710/1710/1710 1711/1711/1711
f 1673/1673/1673 1711/1711/1711 1674/1674/1674
f 1674/1674/1674 1711/1711/1711 1712/1712/1712
f 1674/1674/1674 1712/1712/1712 1675/1675/1675
f 1675/1675/1675 1712/1712/1712 1713/1713/1713
f 1675/1675/1675 1713/1713/1713 1676/1676/1676
f 1676/1676/1676 1713/1713/1713 1714/1714/1714
f 1676/1676/1676 1714/1714/1714 1677/1677/1677
f 1677/1677/1677 1714/1714/1714 1715/1715/1715
f 1677/1677/1677 1715/1715/1715 1678/1678/1678
f 1678/1678/1678 1715/1715/1715 1716/1716/1716
f 1678/1678/1678 1716/1716/1716 1679/1679/1679
f 1679/1679/1679 1716/1716/1716 1717/1717/1717
f 1679/1679/1679 1717/1717/1717 1680/1680/1680
f 1680/1680/1680 1717/1717/1717 1718/1718/1718
f 1680/1680/1680 1718/1718/1718 1681/1681/1681
f 1681/1681/1681 1718/1718/1718 1719/1719/1719
f 1681/1681/1681 1719/1719/1719 1682/1682/1682
f 1682/1682/1682 1719/1719/1719 1720/1720/1720
f 1682/1682/1682 1720/1720/1720 1683/1683/1683
f 1683/1683/1683 1720/1720/1720 1721/1721/1721
f 1683/1683/1683 1721/1721/1721 1684/1684/1684
f 1684/1684/1684 1721/1721/1721 1722/1722/1722
f 1684/1684/1684 1722/1722/1722 1685/1685/1685
f 1685/1685/1685 1722/1722/1722 1723/1723/1723
f 1685/1685/1685 1723/1723/1723 1686/1686/1686
f 1686/1686/1686 1723/1723/1723 1724/1724/1724
f 1686/1686/1686 1724/1724/1724 1687/1687/1687
f 1687/1687/1687 1724/1724/1724 1725/1725/1725
f 1687/1687/1687 1725/1725/1725 1688/1688/1688
f 1688/1688/1688 1725/1725/1725 1726/1726/1726
f 1688/1688/1688 1726/1726/1726 1689/1689/1689
f 1689/1689/1689 1726/1726/1726 1727/1727/1727
f 1689/1689/1689 1727/1727/1727 1690/1690/1690
f 1690/1690/1690 1727/1727/1727 1728/1728/1728
f 1690/1690/1690 1728/1728/1728 1691/1691/1691
f 1691/1691/1691 1728/1728/1728 1729/1729/1729
f 1691/1691/1691 1729/1729/1729 1692/1692/1692
f 1692/1692/1692 1729/1729/1729 1730/1730/1730
f 1692/1692/1692 1730/1730/1730 1693/1693/1693
f 1693/1693/1693 1730/1730/1730 1731/1731/1731
f 1693/1693/1693 1731/1731/1731 1694/1694/1694
f 1694/1694/1694 1731/1731/1731 1732/1732/1732
f 1694/1694/1694 1732/1732/1732 1695/1695/1695
f 1695/1695/1695 1732/1732/1732 1733/1733/1733
f 1695/1695/1695 1733/1733/1733 1696/1696/1696
f 1696/1696/1696 1733/1733/1733 1734/1734/1734
f 1696/1696/1696 1734/1734/1734 1697/1697/1697
f 1697/1697/1697 1734/1734/1734 1735/1735/1735
f 1697/1697/1697 1735/1735/1735 1698/1698/1698
f 1698/1698/1698 1735/1735/1735 1736/1736/1736
f 1698/1698/1698 1736/1736/1736 1699/1699/1699
f 1699/1699/1699 1736/1736/1736 1737/1737/1737
f 1699/1699/1699 1737/1737/1737 1700/1700/1700
f 1700/1700/1700 1737/1737/1737 1738/1738/1738
f 1700/1700/1700 1738/1738/1738 1701/1701/1701
f 1701/1701/1701 1738/1738/1738 1739/1739/1739
f 1701/1701/1701 1739/1739/1739 1702/1702/1702
f 1703/1703/1703 1740/1740/1740 1741/1741/1741
f 1703/1703/1703 1741/1741/1741 1704/1704/1704
f 1704/1704/1704 1741/1741/1741 1742/1742/1742
f 1704/1704/1704 1742/1742/1742 1705/1705/1705
f 1705/1705/1705 1742/1742/1742 1743/1743/1743
f 1705/1705/1705 1743/1743/1743 1706/1706/1706
f 1706/1706/1706 1743/1743/1743 1744/1744/1744
f 1706/1706/1706 1744/1744/1744 1707/1707/1707
f 1707/1707/1707 1744/1744/1744 1745/1745/1745
f 1707/1707/1707 1745/1745/1745 1708/1708/1708
f 1708/1708/1708 1745/1745/1745 1746/1746/1746
f 1708/1708/1708 1746/1746/1746 1709/1709/1709
f 1709/1709/1709 1746/1746/1746 1747/1747/1747
f 1709/1709/1709 1747/1747/1747 1710/1710/1710
f 1710/1710/1710 1747/1747/1747 1748/1748/1748
f 1710/1710/1710 1748/1748/1748 1711/1711/1711
f 1711/1711/1711 1748/1748/1748 1749/1749/1749
f 1711/1711/1711 1749/1749/1749 1712/1712/1712
f 1712/1712/1712 1749/1749/1749 1750/1750/1750
f 1712/1712/1712 1750/1750/1750 1713/1713/1713
f 1713/1713/1713 1750/1750/1750 1751/1751/1751
f 1713/1713/1713 1751/1751/1751 1714/1714/1714
f 1714/1714/1714 1751/1751/1751 1752/1752/1752
f 1714/1714/1714 1752/1752/1752 1715/1715/1715
f 1715/1715/1715 1752/1752/1752 1753/1753/1753
f 1715/1715/1715 1753/1753/1753 1716/1716/1716
f 1716/1716/1716 1753/1753/1753 1754/1754/1754
f 1716/1716/1716 1754/1754/1754 1717/1717/1717
f 1717/1717/1717 1754/1754/1754 1755/1755/1755
f 1717/1717/1717 1755/1755/1755 1718/1718/1718
f 1718/1718/1718 1755/1755/1755 1756/1756/1756
f 1718/1718/1718 1756/1756/1756 1719/1719/1719
f 1719/1719/1719 1756/1756/1756 1757/1757/1757
f 1719/1719/1719 1757/1757/1757 1720/1720/1720
f 1720/1720/1720 1757/1757/1757 1758/1758/1758
f 1720/1720/1720 1758/1758/1758 1721/1721/1721
f 1721/1721/1721 1758/1758/1758 1759/1759/1759
f 1721/1721/1721 1759/1759/1759 1722/1722/1722
f 1722/1722/1722 1759/1759/1759 1760/1760/1760
f 1722/1722/1722 1760/1760/1760 1723/1723/1723
f 1723/1723/1723 1760/1760/1760 1761/1761/1761
f 1723/1723/1723 1761/1761/1761 1724/1724/1724
f 1724/1724/1724 1761/1761/1761 1762/1762/1762
f 1724/1724/1724 1762/1762/1762 1725/1725/1725
f 1725/1725/1725 1762/1762/1762 1763/1763/1763
f 1725/1725/1725 1763/1763/1763 1726/1726/1726
f 1726/1726/1726 1763/1763/1763 1764/1764/1764
f 1726/1726/1726 1764/1764/1764 1727/1727/1727
f 1727/1727/1727 1764/1764/1764 1765/1765/1765
f 1727/1727/1727 1765/1765/1765 1728/1728/1728
f 1728/1728/1728 1765/1765/1765 1766/1766/1766
f 1728/1728/1728 1766/1766/1766 1729/1729/1729
f 1729/1729/1729 1766/1766/1766 1767/1767/1767
f 1729/1729/1729 1767/1767/1767 1730/1730/1730
f 1730/1730/1730 1767/1767/1767 1768/1768/1768
f 1730/1730/1730 1768/1768/1768 1731/1731/1731
f 1731/1731/1731 1768/1768/1768 1769/1769/1769
f 1731/1731/1731 1769/1769/1769 1732/1732/1732
f 1732/1732/1732 1769/1769/1769 1770/1770/1770
f 1732/1732/1732 1770/1770/1770 1733/1733/1733
f 1733/1733/1733 1770/1770/1770 1771/1771/1771
f 1733/1733/1733 1771/1771/1771 1734/1734/1734
f 1734/1734/1734 1771/1771/1771 1772/1772/1772
f 1734/1734/1734 1772/1772/1772 1735/1735/1735
f 1735/1735/1735 1772/1772/1772 1773/1773/1773
f 1735/1735/1735 1773/1773/1773 1736/1736/1736
f 1736/1736/1736 1773/1773/1773 1774/1774/1774
f 1736/1736/1736 1774/1774/1774 1737/1737/1737
f 1737/1737/1737 1774/1774/1774 1775/1775/1775
f 1737/1737/1737 1775/1775/1775 1738/1738/1738
f 1738/1738/1738 1775/1775/1775 1776/1776/1776
f 1738/1738/1738 1776/1776/1776 1739/1739/1739
f 1740/1740/1740 1777/1777/1777 1778/1778/1778
f 1740/1740/1740 1778/1778/1778 1741/1741/1741
f 1741/1741/1741 1778/1778/1778 1779/1779/1779
f 1741/1741/1741 1779/1779/1779 1742/1742/1742
f 1742/1742/1742 1779/1779/1779 1780/1780/1780
f 1742/1742/1742 1780/1780/1780 1743/1743/1743
f 1743/1743/1743 1780/1780/1780 1781/1781/1781
f 1743/1743/1743 1781/1781/1781 1744/1744/1744
f 1744/1744/1744 1781/1781/1781 1782/1782/1782
f 1744/1744/1744 1782/1782/1782 1745/1745/1745
f 1745/1745/1745 1782/1782/1782 1783/1783/1783
f 1745/1745/1745 1783/1783/1783 1746/1746/1746
f 1746/1746/1746 1783/1783/1783 1784/1784/1784
f 1746/1746/1746 1784/1784/1784 1747/1747/1747
f 1747/1747/1747 1784/1784/1784 1785/1785/1785
f 1747/1747/1747 1785/1785/1785 1748/1748/1748
f 1748/1748/1748 1785/1785/1785 1786/1786/1786
f 1748/1748/1748 1786/1786/1786 1749/1749/1749
f 1749/1749/1749 1786/1786/1786 1787/1787/1787
f 1749/1749/1749 1787/1787/1787 1750/1750/1750
f 1750/1750/1750 1787/1787/1787 1788/1788/1788
f 1750/1750/1750 1788/1788/1788 1751/1751/1751
f 1751/1751/1751 1788/1788/1788 1789/1789/1789
f 1751/1751/1751 1789/1789/1789 1752/1752/1752
f 1752/1752/1752 1789/1789/1789 1790/1790/1790
f 1752/1752/1752 1790/1790/1790 1753/1753/1753
f 1753/1753/1753 1790/1790/1790 1791/1791/1791
f 1753/1753/1753 1791/1791/1791 1754/1754/1754
f 1754/1754/1754 1791/1791/1791 1792/1792/1792
f 1754/1754/1754 1792/1792/1792 1755/1755/1755
f 1755/1755/1755 1792/1792/1792 1793/1793/1793
f 1755/1755/1755 1793/1793/1793 1756/1756/1756
f 1756/1756/1756 1793/1793/1793 1794/1794/1794
f 1756/1756/1756 1794/1794/1794 1757/1757/1757
f 1757/1757/1757 1794/1794/1794 1795/1795/1795
f 1757/1757/1757 1795/1795/1795 1758/1758/1758
f 1758/1758/1758 1795/1795/1795 1796/1796/1796
f 1758/1758/1758 1796/1796/1796 1759/1759/1759
f 1759/1759/1759 1796/1796/1796 1797/1797/1797
f 1759/1759/1759 1797/1797/1797 1760/1760/1760
f 1760/1760/1760 1797/1797/1797 1798/1798/1798
f 1760/1760/1760 1798/1798/1798 1761/1761/1761
f 1761/1761/1761 1798/1798/1798 1799/1799/1799
f 1761/1761/1761 1799/1799/1799 1762/1762/1762
f 1762/1762/1762 1799/1799/1799 1800/1800/1800
f 1762/1762/1762 1800/1800/1800 1763/1763/1763
f 1763/1763/1763 1800/1800/1800 1801/1801/1801
f 1763/1763/1763 1801/1801/1801 1764/1764/1764
f 1764/1764/1764 1801/1801/1801 1802/1802/1802
f 1764/1764/1764 1802/1802/1802 1765/1765/1765
f 1765/1765/1765 1802/1802/1802 1803/1803/1803
f 1765/1765/1765 1803/1803/1803 1766/1766/1766
f 1766/1766/1766 1803/1803/1803 1804/1804/1804
f 1766/1766/1766 1804/1804/1804 1767/1767/1767
f 1767/1767/1767 1804/1804/1804 1805/1805/1805
f 1767/1767/1767 1805/1805/1805 1768/1768/1768
f 1768/1768/1768 1805/1805/1805 1806/1806/1806
f 1768/1768/1768 1806/1806/1806 1769/1769/1769
f 1769/1769/1769 1806/1806/1806 1807/1807/1807
f 1769/1769/1769 1807/1807/1807 1770/1770/1770
f 1770/1770/1770 1807/1807/1807 1808/1808/1808
f 1770/1770/1770 1808/1808/1808 1771/1771/1771
f 1771/1771/1771 1808/1808/1808 1809/1809/1809
f 1771/1771/1771 1809/1809/1809 1772/1772/1772
f 1772/1772/1772 1809/1809/1809 1810/1810/1810
f 1772/1772/1772 1810/1810/1810 1773/1773/1773
f 1773/1773/1773 1810/1810/1810 1811/1811/1811
f 1773/1773/1773 1811/1811/1811 1774/1774/1774
f 1774/1774/1774 1811/1811/1811 1812/1812/1812
f 1774/1774/1774 1812/1812/1812 1775/1775/1775
f 1775/1775/1775 1812/1812/1812 1813/1813/1813
f 1775/1775/1775 1813/1813/1813 1776/1776/1776
f 1777/1777/1777 1814/1814/1814 1815/1815/1815
f 1777/1777/1777 1815/1815/1815 1778/1778/1778
f 1778/1778/1778 1815/1815/1815 1816/1816/1816
f 1778/1778/1778 1816/1816/1816 1779/1779/1779
f 1779/1779/1779 1816/1816/1816 1817/1817/1817
f 1779/1779/1779 1817/1817/1817 1780/1780/1780
f 1780/1780/1780 1817/1817/1817 1818/1818/1818
f 1780/1780/1780 1818/1818/1818 1781/1781/1781
f 1781/1781/1781 1818/1818/1818 1819/1819/1819
f 1781/1781/1781 1819/1819/1819 1782/1782/1782
f 1782/1782/1782 1819/1819/1819 1820/1820/1820
f 1782/1782/1782 1820/1820/1820 1783/1783/1783
f 1783/1783/1783 1820/1820/1820 1821/1821/1821
f 1783/1783/1783 1821/1821/1821 1784/1784/1784
f 1784/1784/1784 1821/1821/1821 1822/1822/1822
f 1784/1784/1784 1822/1822/1822 1785/1785/1785
f 1785/1785/1785 1822/1822/1822 1823/1823/1823
f 1785/1785/1785 1823/1823/1823 1786/1786/1786
f 1786/1786/1786 1823/1823/1823 1824/1824/1824
f 1786/1786/1786 1824/1824/1824 1787/1787/1787
f 1787/1787/1787 1824/1824/1824 1825/1825/1825
f 1787/1787/1787 1825/1825/1825 1788/1788/1788
f 1788/1788/1788 1825/1825/1825 1826/1826/1826
f 1788/1788/1788 1826/1826/1826 1789/1789/1789
f 1789/1789/1789 1826/1826/1826 1827/1827/1827
f 1789/1789/1789 1827/1827/1827 1790/1790/1790
f 1790/1790/1790 1827/1827/1827 1828/1828/1828
f 1790/1790/1790 1828/1828/1828 1791/1791/1791
f 1791/1791/1791 1828/1828/1828 1829/1829/1829
f 1791/1791/1791 1829/1829/1829 1792/1792/1792
f 1792/1792/1792 1829/1829/1829 1830/1830/1830
f 1792/1792/1792 1830/1830/1830 1793/1793/1793
f 1793/1793/1793 1830/1830/1830 1831/1831/1831
f 1793/1793/1793 1831/1831/1831 1794/1794/1794
f 1794/1794/1794 1831/1831/1831 1832/1832/1832
f 1794/1794/1794 1832/1832/1832 1795/1795/1795
f 1795/1795/1795 1832/1832/1832 1833/1833/1833
f 1795/1795/1795 1833/1833/1833 1796/1796/1796
f 1796/1796/1796 1833/1833/1833 1834/1834/1834
f 1796/1796/1796 1834/1834/1834 1797/1797/1797
f 1797/1797/1797 1834/1834/1834 1835/1835/1835
f 1797/1797/1797 1835/1835/1835 1798/1798/1798
f 1798/1798/1798 1835/1835/1835 1836/1836/1836
f 1798/1798/1798 1836/1836/1836 1799/1799/1799
f 1799/1799/1799 1836/1836/1836 1837/1837/1837
f 1799/1799/1799 1837/1837/1837 1800/1800/1800
f 1800/1800/1800 1837/1837/1837 1838/1838/1838
f 1800/1800/1800 1838/1838/1838 1801/1801/1801
f 1801/1801/1801 1838/1838/1838 1839/1839/1839
f 1801/1801/1801 1839/1839/1839 1802/1802/1802
f 1802/1802/1802 1839/1839/1839 1840/1840/1840
f 1802/1802/1802 1840/1840/1840 1803/1803/1803
f 1803/1803/1803 1840/1840/1840 1841/1841/1841
f 1803/1803/1803 1841/1841/1841 1804/1804/1804
f 1804/1804/1804 1841/1841/1841 1842/1842/1842
f 1804/1804/1804 1842/1842/1842 1805/1805/1805
f 1805/1805/1805 1842/1842/1842 1843/1843/1843
f 1805/1805/1805 1843/1843/1843 1806/1806/1806
f 1806/1806/1806 1843/1843/1843 1844/1844/1844
f 1806/1806/1806 1844/1844/1844 1807/1807/1807
f 1807/1807/1807 1844/1844/1844 1845/1845/1845
f 1807/1807/1807 1845/1845/1845 1808/1808/1808
f 1808/1808/1808 1845/1845/1845 1846/1846/1846
f 1808/1808/1808 1846/1846/1846 1809/1809/1809
f 1809/1809/1809 1846/1846/1846 1847/1847/1847
f 1809/1809/1809 1847/1847/1847 1810/1810/1810
f 1810/1810/1810 1847/1847/1847 1848/1848/1848
f 1810/1810/1810 1848/1848/1848 1811/1811/1811
f 1811/1811/1811 1848/1848/1848 1849/1849/1849
f 1811/1811/1811 1849/1849/1849 1812/1812/1812
f 1812/1812/1812 1849/1849/1849 1850/1850/1850
f 1812/1812/1812 1850/1850/1850 1813/1813/1813
f 1814/1814/1814 1851/1851/1851 1852/1852/1852
f 1814/1814/1814 1852/1852/1852 1815/1815/1815
f 1815/1815/1815 1852/1852/1852 1853/1853/1853
f 1815/1815/1815 1853/1853/1853 1816/1816/1816
f 1816/1816/1816 1853/1853/1853 1854/1854/1854
f 1816/1816/1816 1854/1854/1854 1817/1817/1817
f 1817/1817/1817 1854/1854/1854 1855/1855/1855
f 1817/1817/1817 1855/1855/1855 1818/1818/1818
f 1818/1818/1818 1855/1855/1855 1856/1856/1856
f 1818/1818/1818 1856/1856/1856 1819/1819/1819
f 1819/1819/1819 1856/1856/1856 1857/1857/1857
f 1819/1819/1819 1857/1857/1857 1820/1820/1820
f 1820/1820/1820 1857/1857/1857 1858/1858/1858
f 1820/1820/1820 1858/1858/1858 1821/1821/1821
f 1821/1821/1821 1858/1858/1858 1859/1859/1859
f 1821/1821/1821 1859/1859/1859 1822/1822/1822
f 1822/1822/1822 1859/1859/1859 1860/1860/1860
f 1822/1822/1822 1860/1860/1860 1823/1823/1823
f 1823/1823/1823 1860/1860/1860 1861/1861/1861
f 1823/1823/1823 1861/1861/1861 1824/1824/1824
f 1824/1824/1824 1861/1861/1861 1862/1862/1862
f 1824/1824/1824 1862/1862/1862 1825/1825/1825
f 1825/1825/1825 1862/1862/1862 1863/1863/1863
f 1825/1825/1825 1863/1863/1863 1826/1826/1826
f 1826/1826/1826 1863/1863/1863 1864/1864/1864
f 1826/1826/1826 1864/1864/1864 1827/1827/1827
f 1827/1827/1827 1864/1864/1864 1865/1865/1865
f 1827/1827/1827 1865/1865/1865 1828/1828/1828
f 1828/1828/1828 1865/1865/1865 1866/1866/1866
f 1828/1828/1828 1866/1866/1866 1829/1829/1829
f 1829/1829/1829 1866/1866/1866 1867/1867/1867
f 1829/1829/1829 1867/1867/1867 1830/1830/1830
f 1830/1830/1830 1867/1867/1867 1868/1868/1868
f 1830/1830/1830 1868/1868/1868 1831/1831/1831
f 1831/1831/1831 1868/1868/1868 1869/1869/1869
f 1831/1831/1831 1869/1869/1869 1832/1832/1832
f 1832/1832/1832 1869/1869/1869 1870/1870/1870
f 1832/1832/1832 1870/1870/1870 1833/1833/1833
f 1833/1833/1833 1870/1870/1870 1871/1871/1871
f 1833/1833/1833 1871/1871/1871 1834/1834/1834
f 1834/1834/1834 1871/1871/1871 1872/1872/1872
f 1834/1834/1834 1872/1872/1872 1835/1835/1835
f 1835/1835/1835 1872/1872/1872 1873/1873/1873
f 1835/1835/1835 1873/1873/1873 1836/1836/1836
f 1836/1836/1836 1873/1873/1873 1874/1874/1874
f 1836/1836/1836 1874/1874/1874 1837/1837/1837
f 1837/1837/1837 1874/1874/1874 1875/1875/1875
f 1837/1837/1837 1875/1875/1875 1838/1838/1838
f 1838/1838/1838 1875/1875/1875 1876/1876/1876
f 1838/1838/1838 1876/1876/1876 1839/1839/1839
f 1839/1839/1839 1876/1876/1876 1877/1877/1877
f 1839/1839/1839 1877/1877/1877 1840/1840/1840
f 1840/1840/1840 1877/1877/1877 1878/1878/1878
f 1840/1840/1840 1878/1878/1878 1841/1841/1841
f 1841/1841/1841 1878/1878/1878 1879/1879/1879
f 1841/1841/1841 1879/1879/1879 1842/1842/1842
f 1842/1842/1842 1879/1879/1879 1880/1880/1880
f 1842/1842/1842 1880/1880/1880 1843/1843/1843
f 1843/1843/1843 1880/1880/1880 1881/1881/1881
f 1843/1843/1843 1881/1881/1881 1844/1844/1844
f 1844/1844/1844 1881/1881/1881 1882/1882/1882
f 1844/1844/1844 1882/1882/1882 1845/1845/1845
f 1845/1845/1845 1882/1882/1882 1883/1883/1883
f 1845/1845/1845 1883/1883/1883 1846/1846/1846
f 1846/1846/1846 1883/1883/1883 1884/1884/1884
f 1846/1846/1846 1884/1884/1884 1847/1847/1847
f 1847/1847/1847 1884/1884/1884 1885/1885/1885
f 1847/1847/1847 1885/1885/1885 1848/1848/1848
f 1848/1848/1848 1885/1885/1885 1886/1886/1886
f 1848/1848/1848 1886/1886/1886 1849/1849/1849
f 1849/1849/1849 1886/1886/1886 1887/1887/1887
f 1849/1849/1849 1887/1887/1887 1850/1850/1850
f 1851/1851/1851 1888/1888/1888 1889/1889/1889
f 1851/1851/1851 1889/1889/1889 1852/1852/1852
f 1852/1852/1852 1889/1889/1889 1890/1890/1890
f 1852/1852/1852 1890/1890/1890 1853/1853/1853
f 1853/1853/1853 1890/1890/1890 1891/1891/1891
f 1853/1853/1853 1891/1891/1891 1854/1854/1854
f 1854/1854/1854 1891/1891/1891 1892/1892/1892
f 1854/1854/1854 1892/1892/1892 1855/1855/1855
f 1855/1855/1855 1892/1892/1892 1893/1893/1893
f 1855/1855/1855 1893/1893/1893 1856/1856/1856
f 1856/1856/1856 1893/1893/1893 1894/1894/1894
f 1856/1856/1856 1894/1894/1894 1857/1857/1857
f 1857/1857/1857 1894/1894/1894 1895/1895/1895
f 1857/1857/1857 1895/1895/1895 1858/1858/1858
f 1858/1858/1858 1895/1895/1895 1896/1896/1896
f 1858/1858/1858 1896/1896/1896 1859/1859/1859
f 1859/1859/1859 1896/1896/1896 1897/1897/1897
f 1859/1859/1859 1897/1897/1897 1860/1860/1860
f 1860/1860/1860 1897/1897/1897 1898/1898/1898
f 1860/1860/1860 1898/1898/1898 1861/1861/1861
f 1861/1861/1861 1898/1898/1898 1899/1899/1899
f 1861/1861/1861 1899/1899/1899 1862/1862/1862
f 1862/1862/1862 1899/1899/1899 1900/1900/1900
f 1862/1862/1862 1900/1900/1900 1863/1863/1863
f 1863/1863/1863 1900/1900/1900 1901/1901/1901
f 1863/1863/1863 1901/1901/1901 1864/1864/1864
f 1864/1864/1864 1901/1901/1901 1902/1902/1902
f 1864/1864/1864 1902/1902/1902 1865/1865/1865
f 1865/1865/1865 1902/1902/1902 1903/1903/1903
f 1865/1865/1865 1903/1903/1903 1866/1866/1866
f 1866/1866/1866 1903/1903/1903 1904/1904/1904
f 1866/1866/1866 1904/1904/1904 1867/1867/1867
f 1867/1867/1867 1904/1904/1904 1905/1905/1905
f 1867/1867/1867 1905/1905/1905 1868/1868/1868
f 1868/1868/1868 1905/1905/1905 1906/1906/1906
f 1868/1868/1868 1906/1906/1906 1869/1869/1869
f 1869/1869/1869 1906/1906/1906 1907/1907/1907
f 1869/1869/1869 1907/1907/1907 1870/1870/1870
f 1870/1870/1870 1907/1907/1907 1908/1908/1908
f 1870/1870/1870 1908/1908/1908 1871/1871/1871
f 1871/1871/1871 1908/1908/1908 1909/1909/1909
f 1871/1871/1871 1909/1909/1909 1872/1872/1872
f 1872/1872/1872 1909/1909/1909 1910/1910/1910
f 1872/1872/1872 1910/1910/1910 1873/1873/1873
f 1873/1873/1873 1910/1910/1910 1911/1911/1911
f 1873/1873/1873 1911/1911/1911 1874/1874/1874
f 1874/1874/1874 1911/1911/1911 1912/1912/1912
f 1874/1874/1874 1912/1912/1912 1875/1875/1875
f 1875/1875/1875 1912/1912/1912 1913/1913/1913
f 1875/1875/1875 1913/1913/1913 1876/1876/1876
f 1876/1876/1876 1913/1913/1913 1914/1914/1914
f 1876/1876/1876 1914/1914/1914 1877/1877/1877
f 1877/1877/1877 1914/1914/1914 1915/1915/1915
f 1877/1877/1877 1915/1915/1915 1878/1878/1878
f 1878/1878/1878 1915/1915/1915 1916/1916/1916
f 1878/1878/1878 1916/1916/1916 1879/1879/1879
f 1879/1879/1879 1916/1916/1916 1917/1917/1917
f 1879/1879/1879 1917/1917/1917 1880/1880/1880
f 1880/1880/1880 1917/1917/1917 1918/1918/1918
f 1880/1880/1880 1918/1918/1918 1881/1881/1881
f 1881/1881/1881 1918/1918/1918 1919/1919/1919
f 1881/1881/1881 1919/1919/1919 1882/1882/1882
f 1882/1882/1882 1919/1919/1919 1920/1920/1920
f 1882/1882/1882 1920/1920/1920 1883/1883/1883
f 1883/1883/1883 1920/1920/1920 1921/1921/1921
f 1883/1883/1883 1921/1921/1921 1884/1884/1884
f 1884/1884/1884 1921/1921/1921 1922/1922/1922
f 1884/1884/1884 1922/1922/1922 1885/1885/1885
f 1885/1885/1885 1922/1922/1922 1923/1923/1923
f 1885/1885/1885 1923/1923/1923 1886/1886/1886
f 1886/1886/1886 1923/1923/1923 1924/1924/1924
f 1886/1886/1886 1924/1924/1924 1887/1887/1887
f 1888/1888/1888 1925/1925/1925 1926/1926/1926
f 1888/1888/1888 1926/1926/1926 1889/1889/1889
f 1889/1889/1889 1926/1926/1926 1927/1927/1927
f 1889/1889/1889 1927/1927/1927 1890/1890/1890
f 1890/1890/1890 1927/1927/1927 1928/1928/1928
f 1890/1890/1890 1928/1928/1928 1891/1891/1891
f 1891/1891/1891 1928/1928/1928 1929/1929/1929
f 1891/1891/1891 1929/1929/1929 1892/1892/1892
f 1892/1892/1892 1929/1929/1929 1930/1930/1930
f 1892/1892/1892 1930/1930/1930 1893/1893/1893
f 1893/1893/1893 1930/1930/1930 1931/1931/1931
f 1893/1893/1893 1931/1931/1931 1894/1894/1894
f 1894/1894/1894 1931/1931/1931 1932/1932/1932
f 1894/1894/1894 1932/1932/1932 1895/1895/1895
f 1895/1895/1895 1932/1932/1932 1933/1933/1933
f 1895/1895/1895 1933/1933/1933 1896/1896/1896
f 1896/1896/1896 1933/1933/1933 1934/1934/1934
f 1896/1896/1896 1934/1934/1934 1897/1897/1897
f 1897/1897/1897 1934/1934/1934 1935/1935/1935
f 1897/1897/1897 1935/1935/1935 1898/1898/1898
f 1898/1898/1898 1935/1935/1935 1936/1936/1936
f 1898/1898/1898 1936/1936/1936 1899/1899/1899
f 1899/1899/1899 1936/1936/1936 1937/1937/1937
f 1899/1899/1899 1937/1937/1937 1900/1900/1900
f 1900/1900/1900 1937/1937/1937 1938/1938/1938
f 1900/1900/1900 1938/1938/1938 1901/1901/1901
f 1901/1901/1901 1938/1938/1938 1939/1939/1939
f 1901/1901/1901 1939/1939/1939 1902/1902/1902
f 1902/1902/1902 1939/1939/1939 1940/1940/1940
f 1902/1902/1902 1940/1940/1940 1903/1903/1903
f 1903/1903/1903 1940/1940/1940 1941/1941/1941
f 1903/1903/1903 1941/1941/1941 1904/1904/1904
f 1904/1904/1904 1941/1941/1941 1942/1942/1942
f 1904/1904/1904 1942/1942/1942 1905/1905/1905
f 1905/1905/1905 1942/1942/1942 1943/1943/1943
f 1905/1905/1905 1943/1943/1943 1906/1906/1906
f 1906/1906/1906 1943/1943/1943 1944/1944/1944
f 1906/1906/1906 1944/1944/1944 1907/1907/1907
f 1907/1907/1907 1944/1944/1944 1945/1945/1945
f 1907/1907/1907 1945/1945/1945 1908/1908/1908
f 1908/1908/1908 1945/1945/1945 1946/1946/1946
f 1908/1908/1908 1946/1946/1946 1909/1909/1909
f 1909/1909/1909 1946/1946/1946 1947/1947/1947
f 1909/1909/1909 1947/1947/1947 1910/1910/1910
f 1910/1910/1910 1947/1947/1947 1948/1948/1948
f 1910/1910/1910 1948/1948/1948 1911/1911/1911
f 1911/1911/1911 1948/1948/1948 1949/1949/1949
f 1911/1911/1911 1949/1949/1949 1912/1912/1912
f 1912/1912/1912 1949/1949/1949 1950/1950/1950
f 1912/1912/1912 1950/1950/1950 1913/1913/1913
f 1913/1913/1913 1950/1950/1950 1951/1951/1951
f 1913/1913/1913 1951/1951/1951 1914/1914/1914
f 1914/1914/1914 1951/1951/1951 1952/1952/1952
f 1914/1914/1914 1952/1952/1952 1915/1915/1915
f 1915/1915/1915 1952/1952/1952 1953/1953/1953
f 1915/1915/1915 1953/1953/1953 1916/1916/1916
f 1916/1916/1916 1953/1953/1953 1954/1954/1954
f 1916/1916/1916 1954/1954/1954 1917/1917/1917
f 1917/1917/1917 1954/1954/1954 1955/1955/1955
f 1917/1917/1917 1955/1955/1955 1918/1918/1918
f 1918/1918/1918 1955/1955/1955 1956/1956/1956
f 1918/1918/1918 1956/1956/1956 1919/1919/1919
f 1919/1919/1919 1956/1956/1956 1957/1957/1957
f 1919/1919/1919 1957/1957/1957 1920/1920/1920
f 1920/1920/1920 1957/1957/1957 1958/1958/1958
f 1920/1920/1920 1958/1958/1958 1921/1921/1921
f 1921/1921/1921 1958/1958/1958 1959/1959/1959
f 1921/1921/1921 1959/1959/1959 1922/1922/1922
f 1922/1922/1922 1959/1959/1959 1960/1960/1960
f 1922/1922/1922 1960/1960/1960 1923/1923/1923
f 1923/1923/1923 1960/1960/1960 1961/1961/1961
f 1923/1923/1923 1961/1961/1961 1924/1924/1924
f 1925/1925/1925 1962/1962/1962 1963/1963/1963
f 1925/1925/1925 1963/1963/1963 1926/1926/1926
f 1926/1926/1926 1963/1963/1963 1964/1964/1964
f 1926/1926/1926 1964/1964/1964 1927/1927/1927
f 1927/1927/1927 1964/1964/1964 1965/1965/1965
f 1927/1927/1927 1965/1965/1965 1928/1928/1928
f 1928/1928/1928 1965/1965/1965 1966/1966/1966
f 1928/1928/1928 1966/1966/1966 1929/1929/1929
f 1929/1929/1929 1966/1966/1966 1967/1967/1967
f 1929/1929/1929 1967/1967/1967 1930/1930/1930
f 1930/1930/1930 1967/1967/1967 1968/1968/1968
f 1930/1930/1930 1968/1968/1968 1931/1931/1931
f 1931/1931/1931 1968/1968/1968 1969/1969/1969
f 1931/1931/1931 1969/1969/1969 1932/1932/1932
f 1932/1932/1932 1969/1969/1969 1970/1970/1970
f 1932/1932/1932 1970/1970/1970 1933/1933/1933
f 1933/1933/1933 1970/1970/1970 1971/1971/1971
f 1933/1933/1933 1971/1971/1971 1934/1934/1934
f 1934/1934/1934 1971/1971/1971 1972/1972/1972
f 1934/1934/1934 1972/1972/1972 1935/1935/1935
f 1935/1935/1935 1972/1972/1972 1973/1973/1973
f 1935/1935/1935 1973/1973/1973 1936/1936/1936
f 1936/1936/1936 1973/1973/1973 1974/1974/1974
f 1936/1936/1936 1974/1974/1974 1937/1937/1937
f 1937/1937/1937 1974/1974/1974 1975/1975/1975
f 1937/1937/1937 1975/1975/1975 1938/1938/1938
f 1938/1938/1938 1975/1975/1975 1976/1976/1976
f 1938/1938/1938 1976/1976/1976 1939/1939/1939
f 1939/1939/1939 1976/1976/1976 1977/1977/1977
f 1939/1939/1939 1977/1977/1977 1940/1940/1940
f 1940/1940/1940 1977/1977/1977 1978/1978/1978
f 1940/1940/1940 1978/1978/1978 1941/1941/1941
f 1941/1941/1941 1978/1978/1978 1979/1979/1979
f 1941/1941/1941 1979/1979/1979 1942/1942/1942
f 1942/1942/1942 1979/1979/1979 1980/1980/1980
f 1942/1942/1942 1980/1980/1980 1943/1943/1943
f 1943/1943/1943 1980/1980/1980 1981/1981/1981
f 1943/1943/1943 1981/1981/1981 1944/1944/1944
f 1944/1944/1944 1981/1981/1981 1982/1982/1982
f 1944/1944/1944 1982/1982/1982 1945/1945/1945
f 1945/1945/1945 1982/1982/1982 1983/1983/1983
f 1945/1945/1945 1983/1983/1983 1946/1946/1946
f 1946/1946/1946 1983/1983/1983 1984/1984/1984
f 1946/1946/1946 1984/1984/1984 1947/1947/1947
f 1947/1947/1947 1984/1984/1984 1985/1985/1985
f 1947/1947/1947 1985/1985/1985 1948/1948/1948
f 1948/1948/1948 1985/1985/1985 1986/1986/1986
f 1948/1948/1948 1986/1986/1986 1949/1949/1949
f 1949/1949/1949 1986/1986/1986 1987/1987/1987
f 1949/1949/1949 1987/1987/1987 1950/1950/1950
f 1950/1950/1950 1987/1987/1987 1988/1988/1988
f 1950/1950/1950 1988/1988/1988 1951/1951/1951
f 1951/1951/1951 1988/1988/1988 1989/1989/1989
f 1951/1951/1951 1989/1989/1989 1952/1952/1952
f 1952/1952/1952 1989/1989/1989 1990/1990/1990
f 1952/1952/1952 1990/1990/1990 1953/1953/1953
f 1953/1953/1953 1990/1990/1990 1991/1991/1991
f 1953/1953/1953 1991/1991/1991 1954/1954/1954
f 1954/1954/1954 1991/1991/1991 1992/1992/1992
f 1954/1954/1954 1992/1992/1992 1955/1955/1955
f 1955/1955/1955 1992/1992/1992 1993/1993/1993
f 1955/1955/1955 1993/1993/1993 1956/1956/1956
f 1956/1956/1956 1993/1993/1993 1994/1994/1994
f 1956/1956/1956 1994/1994/1994 1957/1957/1957
f 1957/1957/1957 1994/1994/1994 1995/1995/1995
f 1957/1957/1957 1995/1995/1995 1958/1958/1958
f 1958/1958/1958 1995/1995/1995 1996/1996/1996
f 1958/1958/1958 1996/1996/1996 1959/1959/1959
f 1959/1959/1959 1996/1996/1996 1997/1997/1997
f 1959/1959/1959 1997/1997/1997 1960/1960/1960
f 1960/1960/1960 1997/1997/1997 1998/1998/1998
f 1960/1960/1960 1998/1998/1998 1961/1961/1961
f 1962/1962/1962 1999/1999/1999 2000/2000/2000
f 1962/1962/1962 2000/2000/2000 1963/1963/1963
f 1963/1963/1963 2000/2000/2000 2001/2001/2001
f 1963/1963/1963 2001/2001/2001 1964/1964/1964
f 1964/1964/1964 2001/2001/2001 2002/2002/2002
f 1964/1964/1964 2002/2002/2002 1965/1965/1965
f 1965/1965/1965 2002/2002/2002 2003/2003/2003
f 1965/1965/1965 2003/2003/2003 1966/1966/1966
f 1966/1966/1966 2003/2003/2003 2004/2004/2004
f 1966/1966/1966 2004/2004/2004 1967/1967/1967
f 1967/1967/1967 2004/2004/2004 2005/2005/2005
f 1967/1967/1967 2005/2005/2005 1968/1968/1968
f 1968/1968/1968 2005/2005/2005 2006/2006/2006
f 1968/1968/1968 2006/2006/2006 1969/1969/1969
f 1969/1969/1969 2006/2006/2006 2007/2007/2007
f 1969/1969/1969 2007/2007/2007 1970/1970/1970
f 1970/1970/1970 2007/2007/2007 2008/2008/2008
f 1970/1970/1970 2008/2008/2008 1971/1971/1971
f 1971/1971/1971 2008/2008/2008 2009/2009/2009
f 1971/1971/1971 2009/2009/2009 1972/1972/1972
f 1972/1972/1972 2009/2009/2009 2010/2010/2010
f 1972/1972/1972 2010/2010/2010 1973/1973/1973
f 1973/1973/1973 2010/2010/2010 2011/2011/2011
f 1973/1973/1973 2011/2011/2011 1974/1974/1974
f 1974/1974/1974 2011/2011/2011 2012/2012/2012
f 1974/1974/1974 2012/2012/2012 1975/1975/1975
f 1975/1975/1975 2012/2012/2012 2013/2013/2013
f 1975/1975/1975 2013/2013/2013 1976/1976/1976
f 1976/1976/1976 2013/2013/2013 2014/2014/2014
f 1976/1976/1976 2014/2014/2014 1977/1977/1977
f 1977/1977/1977 2014/2014/2014 2015/2015/2015
f 1977/1977/1977 2015/2015/2015 1978/1978/1978
f 1978/1978/1978 2015/2015/2015 2016/2016/2016
f 1978/1978/1978 2016/2016/2016 1979/1979/1979
f 1979/1979/1979 2016/2016/2016 2017/2017/2017
f 1979/1979/1979 2017/2017/2017 1980/1980/1980
f 1980/1980/1980 2017/2017/2017 2018/2018/2018
f 1980/1980/1980 2018/2018/2018 1981/1981/1981
f 1981/1981/1981 2018/2018/2018 2019/2019/2019
f 1981/1981/1981 2019/2019/2019 1982/1982/1982
f 1982/1982/1982 2019/2019/2019 2020/2020/2020
f 1982/1982/1982 2020/2020/2020 1983/1983/1983
f 1983/1983/1983 2020/2020/2020 2021/2021/2021
f 1983/1983/1983 2021/2021/2021 1984/1984/1984
f 1984/1984/1984 2021/2021/2021 2022/2022/2022
f 1984/1984/1984 2022/2022/2022 1985/1985/1985
f 1985/1985/1985 2022/2022/2022 2023/2023/2023
f 1985/1985/1985 2023/2023/2023 1986/1986/1986
f 1986/1986/1986 2023/2023/2023 2024/2024/2024
f 1986/1986/1986 2024/2024/2024 1987/1987/1987
f 1987/1987/1987 2024/2024/2024 2025/2025/2025
f 1987/1987/1987 2025/2025/2025 1988/1988/1988
f 1988/1988/1988 2025/2025/2025 2026/2026/2026
f 1988/1988/1988 2026/2026/2026 1989/1989/1989
f 1989/1989/1989 2026/2026/2026 2027/2027/2027
f 1989/1989/1989 2027/2027/2027 1990/1990/1990
f 1990/1990/1990 2027/2027/2027 2028/2028/2028
f 1990/1990/1990 2028/2028/2028 1991/1991/1991
f 1991/1991/1991 2028/2028/2028 2029/2029/2029
f 1991/1991/1991 2029/2029/2029 1992/1992/1992
f 1992/1992/1992 2029/2029/2029 2030/2030/2030
f 1992/1992/1992 2030/2030/2030 1993/1993/1993
f 1993/1993/1993 2030/2030/2030 2031/2031/2031
f 1993/1993/1993 2031/2031/2031 1994/1994/1994
f 1994/1994/1994 2031/2031/2031 2032/2032/2032
f 1994/1994/1994 2032/2032/2032 1995/1995/1995
f 1995/1995/1995 2032/2032/2032 2033/2033/2033
f 1995/1995/1995 2033/2033/2033 1996/1996/1996
f 1996/1996/1996 2033/2033/2033 2034/2034/2034
f 1996/1996/1996 2034/2034/2034 1997/1997/1997
f 1997/1997/1997 2034/2034/2034 2035/2035/2035
f 1997/1997/1997 2035/2035/2035 1998/1998/1998
f 1999/1999/1999 2036/2036/2036 2037/2037/2037
f 1999/1999/1999 2037/2037/2037 2000/2000/2000
f 2000/2000/2000 2037/2037/2037 2038/2038/2038
f 2000/2000/2000 2038/2038/2038 2001/2001/2001
f 2001/2001/2001 2038/2038/2038 2039/2039/2039
f 2001/2001/2001 2039/2039/2039 2002/2002/2002
f 2002/2002/2002 2039/2039/2039 2040/2040/2040
f 2002/2002/2002 2040/2040/2040 2003/2003/2003
f 2003/2003/2003 2040/2040/2040 2041/2041/2041
f 2003/2003/2003 2041/2041/2041 2004/2004/2004
f 2004/2004/2004 2041/2041/2041 2042/2042/2042
f 2004/2004/2004 2042/2042/2042 2005/2005/2005
f 2005/2005/2005 2042/2042/2042 2043/2043/2043
f 2005/2005/2005 2043/2043/2043 2006/2006/2006
f 2006/2006/2006 2043/2043/2043 2044/2044/2044
f 2006/2006/2006 2044/2044/2044 2007/2007/2007
f 2007/2007/2007 2044/2044/2044 2045/2045/2045
f 2007/2007/2007 2045/2045/2045 2008/2008/2008
f 2008/2008/2008 2045/2045/2045 2046/2046/2046
f 2008/2008/2008 2046/2046/2046 2009/2009/2009
f 2009/2009/2009 2046/2046/2046 2047/2047/2047
f 2009/2009/2009 2047/2047/2047 2010/2010/2010
f 2010/2010/2010 2047/2047/2047 2048/2048/2048
f 2010/2010/2010 2048/2048/2048 2011/2011/2011
f 2011/2011/2011 2048/2048/2048 2049/2049/2049
f 2011/2011/2011 2049/2049/2049 2012/2012/2012
f 2012/2012/2012 2049/2049/2049 2050/2050/2050
f 2012/2012/2012 2050/2050/2050 2013/2013/2013
f 2013/2013/2013 2050/2050/2050 2051/2051/2051
f 2013/2013/2013 2051/2051/2051 2014/2014/2014
f 2014/2014/2014 2051/2051/2051 2052/2052/2052
f 2014/2014/2014 2052/2052/2052 2015/2015/2015
f 2015/2015/2015 2052/2052/2052 2053/2053/2053
f 2015/2015/2015 2053/2053/2053 2016/2016/2016
f 2016/2016/2016 2053/2053/2053 2054/2054/2054
f 2016/2016/2016 2054/2054/2054 2017/2017/2017
f 2017/2017/2017 2054/2054/2054 2055/2055/2055
f 2017/2017/2017 2055/2055/2055 2018/2018/2018
f 2018/2018/2018 2055/2055/2055 2056/2056/2056
f 2018/2018/2018 2056/2056/2056 2019/2019/2019
f 2019/2019/2019 2056/2056/2056 2057/2057/2057
f 2019/2019/2019 2057/2057/2057 2020/2020/2020
f 2020/2020/2020 2057/2057/2057 2058/2058/2058
f 2020/2020/2020 2058/2058/2058 2021/2021/2021
f 2021/2021/2021 2058/2058/2058 2059/2059/2059
f 2021/2021/2021 2059/2059/2059 2022/2022/2022
f 2022/2022/2022 2059/2059/2059 2060/2060/2060
f 2022/2022/2022 2060/2060/2060 2023/2023/2023
f 2023/2023/2023 2060/2060/2060 2061/2061/2061
f 2023/2023/2023 2061/2061/2061 2024/2024/2024
f 2024/2024/2024 2061/2061/2061 2062/2062/2062
f 2024/2024/2024 2062/2062/2062 2025/2025/2025
f 2025/2025/2025 2062/2062/2062 2063/2063/2063
f 2025/2025/2025 2063/2063/2063 2026/2026/2026
f 2026/2026/2026 2063/2063/2063 2064/2064/2064
f 2026/2026/2026 2064/2064/2064 2027/2027/2027
f 2027/2027/2027 2064/2064/2064 2065/2065/2065
f 2027/2027/2027 2065/2065/2065 2028/2028/2028
f 2028/2028/2028 2065/2065/2065 2066/2066/2066
f 2028/2028/2028 2066/2066/2066 2029/2029/2029
f 2029/2029/2029 2066/2066/2066 2067/2067/2067
f 2029/2029/2029 2067/2067/2067 2030/2030/2030
f 2030/2030/2030 2067/2067/2067 2068/2068/2068
f 2030/2030/2030 2068/2068/2068 2031/2031/2031
f 2031/2031/2031 2068/2068/2068 2069/2069/2069
f 2031/2031/2031 2069/2069/2069 2032/2032/2032
f 2032/2032/2032 2069/2069/2069 2070/2070/2070
f 2032/2032/2032 2070/2070/2070 2033/2033/2033
f 2033/2033/2033 2070/2070/2070 2071/2071/2071
f 2033/2033/2033 2071/2071/2071 2034/2034/2034
f 2034/2034/2034 2071/2071/2071 2072/2072/2072
f 2034/2034/2034 2072/2072/2072 2035/2035/2035
f 2036/2036/2036 2073/2073/2073 2074/2074/2074
f 2036/2036/2036 2074/2074/2074 2037/2037/2037
f 2037/2037/2037 2074/2074/2074 2075/2075/2075
f 2037/2037/2037 2075/2075/2075 2038/2038/2038
f 2038/2038/2038 2075/2075/2075 2076/2076/2076
f 2038/2038/2038 2076/2076/2076 2039/2039/2039
f 2039/2039/2039 2076/2076/2076 2077/2077/2077
f 2039/2039/2039 2077/2077/2077 2040/2040/2040
f 2040/2040/2040 2077/2077/2077 2078/2078/2078
f 2040/2040/2040 2078/2078/2078 2041/2041/2041
f 2041/2041/2041 2078/2078/2078 2079/2079/2079
f 2041/2041/2041 2079/2079/2079 2042/2042/2042
f 2042/2042/2042 2079/2079/2079 2080/2080/2080
f 2042/2042/2042 2080/2080/2080 2043/2043/2043
f 2043/2043/2043 2080/2080/2080 2081/2081/2081
f 2043/2043/2043 2081/2081/2081 2044/2044/2044
f 2044/2044/2044 2081/2081/2081 2082/2082/2082
f 2044/2044/2044 2082/2082/2082 2045/2045/2045
f 2045/2045/2045 2082/2082/2082 2083/2083/2083
f 2045/2045/2045 2083/2083/2083 2046/2046/2046
f 2046/2046/2046 2083/2083/2083 2084/2084/2084
f 2046/2046/2046 2084/2084/2084 2047/2047/2047
f 2047/2047/2047 2084/2084/2084 2085/2085/2085
f 2047/2047/2047 2085/2085/2085 2048/2048/2048
f 2048/2048/2048 2085/2085/2085 2086/2086/2086
f 2048/2048/2048 2086/2086/2086 2049/2049/2049
f 2049/2049/2049 2086/2086/2086 2087/2087/2087
f 2049/2049/2049 2087/2087/2087 2050/2050/2050
f 2050/2050/2050 2087/2087/2087 2088/2088/2088
f 2050/2050/2050 2088/2088/2088 2051/2051/2051
f 2051/2051/2051 2088/2088/2088 2089/2089/2089
f 2051/2051/2051 2089/2089/2089 2052/2052/2052
f 2052/2052/2052 2089/2089/2089 2090/2090/2090
f 2052/2052/2052 2090/2090/2090 2053/2053/2053
f 2053/2053/2053 2090/2090/2090 2091/2091/2091
f 2053/2053/2053 2091/2091/2091 2054/2054/2054
f 2054/2054/2054 2091/2091/2091 2092/2092/2092
f 2054/2054/2054 2092/2092/2092 2055/2055/2055
f 2055/2055/2055 2092/2092/2092 2093/2093/2093
f 2055/2055/2055 2093/2093/2093 2056/2056/2056
f 2056/2056/2056 2093/2093/2093 2094/2094/2094
f 2056/2056/2056 2094/2094/2094 2057/2057/2057
f 2057/2057/2057 2094/2094/2094 2095/2095/2095
f 2057/2057/2057 2095/2095/2095 2058/2058/2058
f 2058/2058/2058 2095/2095/2095 2096/2096/2096
f 2058/2058/2058 2096/2096/2096 2059/2059/2059
f 2059/2059/2059 2096/2096/2096 2097/2097/2097
f 2059/2059/2059 2097/2097/2097 2060/2060/2060
f 2060/2060/2060 2097/2097/2097 2098/2098/2098
f 2060/2060/2060 2098/2098/2098 2061/2061/2061
f 2061/2061/2061 2098/2098/2098 2099/2099/2099
f 2061/2061/2061 2099/2099/2099 2062/2062/2062
f 2062/2062/2062 2099/2099/2099 2100/2100/2100
f 2062/2062/2062 2100/2100/2100 2063/2063/2063
f 2063/2063/2063 2100/2100/2100 2101/2101/2101
f 2063/2063/2063 2101/2101/2101 2064/2064/2064
f 2064/2064/2064 2101/2101/2101 2102/2102/2102
f 2064/2064/2064 2102/2102/2102 2065/2065/2065
f 2065/2065/2065 2102/2102/2102 2103/2103/2103
f 2065/2065/2065 2103/2103/2103 2066/2066/2066
f 2066/2066/2066 2103/2103/2103 2104/2104/2104
f 2066/2066/2066 2104/2104/2104 2067/2067/2067
f 2067/2067/2067 2104/2104/2104 2105/2105/2105
f 2067/2067/2067 2105/2105/2105 2068/2068/2068
f 2068/2068/2068 2105/2105/2105 2106/2106/2106
f 2068/2068/2068 2106/2106/2106 2069/2069/2069
f 2069/2069/2069 2106/2106/2106 2107/2107/2107
f 2069/2069/2069 2107/2107/2107 2070/2070/2070
f 2070/2070/2070 2107/2107/2107 2108/2108/2108
f 2070/2070/2070 2108/2108/2108 2071/2071/2071
f 2071/2071/2071 2108/2108/2108 2109/2109/2109
f 2071/2071/2071 2109/2109/2109 2072/2072/2072
f 2073/2073/2073 2110/2110/2110 2111/2111/2111
f 2073/2073/2073 2111/2111/2111 2074/2074/2074
f 2074/2074/2074 2111/2111/2111 2112/2112/2112
f 2074/2074/2074 2112/2112/2112 2075/2075/2075
f 2075/2075/2075 2112/2112/2112 2113/2113/2113
f 2075/2075/2075 2113/2113/2113 2076/2076/2076
f 2076/2076/2076 2113/2113/2113 2114/2114/2114
f 2076/2076/2076 2114/2114/2114 2077/2077/2077
f 2077/2077/2077 2114/2114/2114 2115/2115/2115
f 2077/2077/2077 2115/2115/2115 2078/2078/2078
f 2078/2078/2078 2115/2115/2115 2116/2116/2116
f 2078/2078/2078 2116/2116/2116 2079/2079/2079
f 2079/2079/2079 2116/2116/2116 2117/2117/2117
f 2079/2079/2079 2117/2117/2117 2080/2080/2080
f 2080/2080/2080 2117/2117/2117 2118/2118/2118
f 2080/2080/2080 2118/2118/2118 2081/2081/2081
f 2081/2081/2081 2118/2118/2118 2119/2119/2119
f 2081/2081/2081 2119/2119/2119 2082/2082/2082
f 2082/2082/2082 2119/2119/2119 2120/2120/2120
f 2082/2082/2082 2120/2120/2120 2083/2083/2083
f 2083/2083/2083 2120/2120/2120 2121/2121/2121
f 2083/2083/2083 2121/2121/2121 2084/2084/2084
f 2084/2084/2084 2121/2121/2121 2122/2122/2122
f 2084/2084/2084 2122/2122/2122 2085/2085/2085
f 2085/2085/2085 2122/2122/2122 2123/2123/2123
f 2085/2085/2085 2123/2123/2123 2086/2086/2086
f 2086/2086/2086 2123/2123/2123 2124/2124/2124
f 2086/2086/2086 2124/2124/2124 2087/2087/2087
f 2087/2087/2087 2124/2124/2124 2125/2125/2125
f 2087/2087/2087 2125/2125/2125 2088/2088/2088
f 2088/2088/2088 2125/2125/2125 2126/2126/2126
f 2088/2088/2088 2126/2126/2126 2089/2089/2089
f 2089/2089/2089 2126/2126/2126 2127/2127/2127
f 2089/2089/2089 2127/2127/2127 2090/2090/2090
f 2090/2090/2090 2127/2127/2127 2128/2128/2128
f 2090/2090/2090 2128/2128/2128 2091/2091/2091
f 2091/2091/2091 2128/2128/2128 2129/2129/2129
f 2091/2091/2091 2129/2129/2129 2092/2092/2092
f 2092/2092/2092 2129/2129/2129 2130/2130/2130
f 2092/2092/2092 2130/2130/2130 2093/2093/2093
f 2093/2093/2093 2130/2130/2130 2131/2131/2131
f 2093/2093/2093 2131/2131/2131 2094/2094/2094
f 2094/2094/2094 2131/2131/2131 2132/2132/2132
f 2094/2094/2094 2132/2132/2132 2095/2095/2095
f 2095/2095/2095 2132/2132/2132 2133/2133/2133
f 2095/2095/2095 2133/2133/2133 2096/2096/2096
f 2096/2096/2096 2133/2133/2133 2134/2134/2134
f 2096/2096/2096 2134/2134/2134 2097/2097/2097
f 2097/2097/2097 2134/2134/2134 2135/2135/2135
f 2097/2097/2097 2135/2135/2135 2098/2098/2098
f 2098/2098/2098 2135/2135/2135 2136/2136/2136
f 2098/2098/2098 2136/2136/2136 2099/2099/2099
f 2099/2099/2099 2136/2136/2136 2137/2137/2137
f 2099/2099/2099 2137/2137/2137 2100/2100/2100
f 2100/2100/2100 2137/2137/2137 2138/2138/2138
f 2100/2100/2100 2138/2138/2138 2101/2101/2101
f 2101/2101/2101 2138/2138/2138 2139/2139/2139
f 2101/2101/2101 2139/2139/2139 2102/2102/2102
f 2102/2102/2102 2139/2139/2139 2140/2140/2140
f 2102/2102/2102 2140/2140/2140 2103/2103/2103
f 2103/2103/2103 2140/2140/2140 2141/2141/2141
f 2103/2103/2103 2141/2141/2141 2104/2104/2104
f 2104/2104/2104 2141/2141/2141 2142/2142/2142
f 2104/2104/2104 2142/2142/2142 2105/2105/2105
f 2105/2105/2105 2142/2142/2142 2143/2143/2143
f 2105/2105/2105 2143/2143/2143 2106/2106/2106
f 2106/2106/2106 2143/2143/2143 2144/2144/2144
f 2106/2106/2106 2144/2144/2144 2107/2107/2107
f 2107/2107/2107 2144/2144/2144 2145/2145/2145
f 2107/2107/2107 2145/2145/2145 2108/2108/2108
f 2108/2108/2108 2145/2145/2145 2146/2146/2146
f 2108/2108/2108 2146/2146/2146 2109/2109/2109
f 2110/2110/2110 2147/2147/2147 2148/2148/2148
f 2110/2110/2110 2148/2148/2148 2111/2111/2111
f 2111/2111/2111 2148/2148/2148 2149/2149/2149
f 2111/2111/2111 2149/2149/2149 2112/2112/2112
f 2112/2112/2112 2149/2149/2149 2150/2150/2150
f 2112/2112/2112 2150/2150/2150 2113/2113/2113
f 2113/2113/2113 2150/2150/2150 2151/2151/2151
f 2113/2113/2113 2151/2151/2151 2114/2114/2114
f 2114/2114/2114 2151/2151/2151 2152/2152/2152
f 2114/2114/2114 2152/2152/2152 2115/2115/2115
f 2115/2115/2115 2152/2152/2152 2153/2153/2153
f 2115/2115/2115 2153/2153/2153 2116/2116/2116
f 2116/2116/2116 2153/2153/2153 2154/2154/2154
f 2116/2116/2116 2154/2154/2154 2117/2117/2117
f 2117/2117/2117 2154/2154/2154 2155/2155/2155
f 2117/2117/2117 2155/2155/2155 2118/2118/2118
f 2118/2118/2118 2155/2155/2155 2156/2156/2156
f 2118/2118/2118 2156/2156/2156 2119/2119/2119
f 2119/2119/2119 2156/2156/2156 2157/2157/2157
f 2119/2119/2119 2157/2157/2157 2120/2120/2120
f 2120/2120/2120 2157/2157/2157 2158/2158/2158
f 2120/2120/2120 2158/2158/2158 2121/2121/2121
f 2121/2121/2121 2158/2158/2158 2159/2159/2159
f 2121/2121/2121 2159/2159/2159 2122/2122/2122
f 2122/2122/2122 2159/2159/2159 2160/2160/2160
f 2122/2122/2122 2160/2160/2160 2123/2123/2123
f 2123/2123/2123 2160/2160/2160 2161/2161/2161
f 2123/2123/2123 2161/2161/2161 2124/2124/2124
f 2124/2124/2124 2161/2161/2161 2162/2162/2162
f 2124/2124/2124 2162/2162/2162 2125/2125/2125
f 2125/2125/2125 2162/2162/2162 2163/2163/2163
f 2125/2125/2125 2163/2163/2163 2126/2126/2126
f 2126/2126/2126 2163/2163/2163 2164/2164/2164
f 2126/2126/2126 2164/2164/2164 2127/2127/2127
f 2127/2127/2127 2164/2164/2164 2165/2165/2165
f 2127/2127/2127 2165/2165/2165 2128/2128/2128
f 2128/2128/2128 2165/2165/2165 2166/2166/2166
f 2128/2128/2128 2166/2166/2166 2129/2129/2129
f 2129/2129/2129 2166/2166/2166 2167/2167/2167
f 2129/2129/2129 2167/2167/2167 2130/2130/2130
f 2130/2130/2130 2167/2167/2167 2168/2168/2168
f 2130/2130/2130 2168/2168/2168 2131/2131/2131
f 2131/2131/2131 2168/2168/2168 2169/2169/2169
f 2131/2131/2131 2169/2169/2169 2132/2132/2132
f 2132/2132/2132 2169/2169/2169 2170/2170/2170
f 2132/2132/2132 2170/2170/2170 2133/2133/2133
f 2133/2133/2133 2170/2170/2170 2171/2171/2171
f 2133/2133/2133 2171/2171/2171 2134/2134/2134
f 2134/2134/2134 2171/2171/2171 2172/2172/2172
f 2134/2134/2134 2172/2172/2172 2135/2135/2135
f 2135/2135/2135 2172/2172/2172 2173/2173/2173
f 2135/2135/2135 2173/2173/2173 2136/2136/2136
f 2136/2136/2136 2173/2173/2173 2174/2174/2174
f 2136/2136/2136 2174/2174/2174 2137/2137/2137
f 2137/2137/2137 2174/2174/2174 2175/2175/2175
f 2137/2137/2137 2175/2175/2175 2138/2138/2138
f 2138/2138/2138 2175/2175/2175 2176/2176/2176
f 2138/2138/2138 2176/2176/2176 2139/2139/2139
f 2139/2139/2139 2176/2176/2176 2177/2177/2177
f 2139/2139/2139 2177/2177/2177 2140/2140/2140
f 2140/2140/2140 2177/2177/2177 2178/2178/2178
f 2140/2140/2140 2178/2178/2178 2141/2141/2141
f 2141/2141/2141 2178/2178/2178 2179/2179/2179
f 2141/2141/2141 2179/2179/2179 2142/2142/2142
f 2142/2142/2142 2179/2179/2179 2180/2180/2180
f 2142/2142/2142 2180/2180/2180 2143/2143/2143
f 2143/2143/2143 2180/2180/2180 2181/2181/2181
f 2143/2143/2143 2181/2181/2181 2144/2144/2144
f 2144/2144/2144 2181/2181/2181 2182/2182/2182
f 2144/2144/2144 2182/2182/2182 2145/2145/2145
f 2145/2145/2145 2182/2182/2182 2183/2183/2183
f 2145/2145/2145 2183/2183/2183 2146/2146/2146
f 2147/2147/2147 2184/2184/2184 2185/2185/2185
f 2147/2147/2147 2185/2185/2185 2148/2148/2148
f 2148/2148/2148 2185/2185/2185 2186/2186/2186
f 2148/2148/2148 2186/2186/2186 2149/2149/2149
f 2149/2149/2149 2186/2186/2186 2187/2187/2187
f 2149/2149/2149 2187/2187/2187 2150/2150/2150
f 2150/2150/2150 2187/2187/2187 2188/2188/2188
f 2150/2150/2150 2188/2188/2188 2151/2151/2151
f 2151/2151/2151 2188/2188/2188 2189/2189/2189
f 2151/2151/2151 2189/2189/2189 2152/2152/2152
f 2152/2152/2152 2189/2189/2189 2190/2190/2190
f 2152/2152/2152 2190/2190/2190 2153/2153/2153
f 2153/2153/2153 2190/2190/2190 2191/2191/2191
f 2153/2153/2153 2191/2191/2191 2154/2154/2154
f 2154/2154/2154 2191/2191/2191 2192/2192/2192
f 2154/2154/2154 2192/2192/2192 2155/2155/2155
f 2155/2155/2155 2192/2192/2192 2193/2193/2193
f 2155/2155/2155 2193/2193/2193 2156/2156/2156
f 2156/2156/2156 2193/2193/2193 2194/2194/2194
f 2156/2156/2156 2194/2194/2194 2157/2157/2157
f 2157/2157/2157 2194/2194/2194 2195/2195/2195
f 2157/2157/2157 2195/2195/2195 2158/2158/2158
f 2158/2158/2158 2195/2195/2195 2196/2196/2196
f 2158/2158/2158 2196/2196/2196 2159/2159/2159
f 2159/2159/2159 2196/2196/2196 2197/2197/2197
f 2159/2159/2159 2197/2197/2197 2160/2160/2160
f 2160/2160/2160 2197/2197/2197 2198/2198/2198
f 2160/2160/2160 2198/2198/2198 2161/2161/2161
f 2161/2161/2161 2198/2198/2198 2199/2199/2199
f 2161/2161/2161 2199/2199/2199 2162/2162/2162
f 2162/2162/2162 2199/2199/2199 2200/2200/2200
f 2162/2162/2162 2200/2200/2200 2163/2163/2163
f 2163/2163/2163 2200/2200/2200 2201/2201/2201
f 2163/2163/2163 2201/2201/2201 2164/2164/2164
f 2164/2164/2164 2201/2201/2201 2202/2202/2202
f 2164/2164/2164 2202/2202/2202 2165/2165/2165
f 2165/2165/2165 2202/2202/2202 2203/2203/2203
f 2165/2165/2165 2203/2203/2203 2166/2166/2166
f 2166/2166/2166 2203/2203/2203 2204/2204/2204
f 2166/2166/2166 2204/2204/2204 2167/2167/2167
f 2167/2167/2167 2204/2204/2204 2205/2205/2205
f 2167/2167/2167 2205/2205/2205 2168/2168/2168
f 2168/2168/2168 2205/2205/2205 2206/2206/2206
f 2168/2168/2168 2206/2206/2206 2169/2169/2169
f 2169/2169/2169 2206/2206/2206 2207/2207/2207
f 2169/2169/2169 2207/2207/2207 2170/2170/2170
f 2170/2170/2170 2207/2207/2207 2208/2208/2208
f 2170/2170/2170 2208/2208/2208 2171/2171/2171
f 2171/2171/2171 2208/2208/2208 2209/2209/2209
f 2171/2171/2171 2209/2209/2209 2172/2172/2172
f 2172/2172/2172 2209/2209/2209 2210/2210/2210
f 2172/2172/2172 2210/2210/2210 2173/2173/2173
f 2173/2173/2173 2210/2210/2210 2211/2211/2211
f 2173/2173/2173 2211/2211/2211 2174/2174/2174
f 2174/2174/2174 2211/2211/2211 2212/2212/2212
f 2174/2174/2174 2212/2212/2212 2175/2175/2175
f 2175/2175/2175 2212/2212/2212 2213/2213/2213
f 2175/2175/2175 2213/2213/2213 2176/2176/2176
f 2176/2176/2176 2213/2213/2213 2214/2214/2214
f 2176/2176/2176 2214/2214/2214 2177/2177/2177
f 2177/2177/2177 2214/2214/2214 2215/2215/2215
f 2177/2177/2177 2215/2215/2215 2178/2178/2178
f 2178/2178/2178 2215/2215/2215 2216/2216/2216
f 2178/2178/2178 2216/2216/2216 2179/2179/2179
f 2179/2179/2179 2216/2216/2216 2217/2217/2217
f 2179/2179/2179 2217/2217/2217 2180/2180/2180
f 2180/2180/2180 2217/2217/2217 2218/2218/2218
f 2180/2180/2180 2218/2218/2218 2181/2181/2181
f 2181/2181/2181 2218/2218/2218 2219/2219/2219
f 2181/2181/2181 2219/2219/2219 2182/2182/2182
f 2182/2182/2182 2219/2219/2219 2220/2220/2220
f 2182/2182/2182 2220/2220/2220 2183/2183/2183
f 2184/2184/2184 2221/2221/2221 2222/2222/2222
f 2184/2184/2184 2222/2222/2222 2185/2185/2185
f 2185/2185/2185 2222/2222/2222 2223/2223/2223
f 2185/2185/2185 2223/2223/2223 2186/2186/2186
f 2186/2186/2186 2223/2223/2223 2224/2224/2224
f 2186/2186/2186 2224/2224/2224 2187/2187/2187
f 2187/2187/2187 2224/2224/2224 2225/2225/2225
f 2187/2187/2187 2225/2225/2225 2188/2188/2188
f 2188/2188/2188 2225/2225/2225 2226/2226/2226
f 2188/2188/2188 2226/2226/2226 2189/2189/2189
f 2189/2189/2189 2226/2226/2226 2227/2227/2227
f 2189/2189/2189 2227/2227/2227 2190/2190/2190
f 2190/2190/2190 2227/2227/2227 2228/2228/2228
f 2190/2190/2190 2228/2228/2228 2191/2191/2191
f 2191/2191/2191 2228/2228/2228 2229/2229/2229
f 2191/2191/2191 2229/2229/2229 2192/2192/2192
f 2192/2192/2192 2229/2229/2229 2230/2230/2230
f 2192/2192/2192 2230/2230/2230 2193/2193/2193
f 2193/2193/2193 2230/2230/2230 2231/2231/2231
f 2193/2193/2193 2231/2231/2231 2194/2194/2194
f 2194/2194/2194 2231/2231/2231 2232/2232/2232
f 2194/2194/2194 2232/2232/2232 2195/2195/2195
f 2195/2195/2195 2232/2232/2232 2233/2233/2233
f 2195/2195/2195 2233/2233/2233 2196/2196/2196
f 2196/2196/2196 2233/2233/2233 2234/2234/2234
f 2196/2196/2196 2234/2234/2234 2197/2197/2197
f 2197/2197/2197 2234/2234/2234 2235/2235/2235
f 2197/2197/2197 2235/2235/2235 2198/2198/2198
f 2198/2198/2198 2235/2235/2235 2236/2236/2236
f 2198/2198/2198 2236/2236/2236 2199/2199/2199
f 2199/2199/2199 2236/2236/2236 2237/2237/2237
f 2199/2199/2199 2237/2237/2237 2200/2200/2200
f 2200/2200/2200 2237/2237/2237 2238/2238/2238
f 2200/2200/2200 2238/2238/2238 2201/2201/2201
f 2201/2201/2201 2238/2238/2238 2239/2239/2239
f 2201/2201/2201 2239/2239/2239 2202/2202/2202
f 2202/2202/2202 2239/2239/2239 2240/2240/2240
f 2202/2202/2202 2240/2240/2240 2203/2203/2203
f 2203/2203/2203 2240/2240/2240 2241/2241/2241
f 2203/2203/2203 2241/2241/2241 2204/2204/2204
f 2204/2204/2204 2241/2241/2241 2242/2242/2242
f 2204/2204/2204 2242/2242/2242 2205/2205/2205
f 2205/2205/2205 2242/2242/2242 2243/2243/2243
f 2205/2205/2205 2243/2243/2243 2206/2206/2206
f 2206/2206/2206 2243/2243/2243 2244/2244/2244
f 2206/2206/2206 2244/2244/2244 2207/2207/2207
f 2207/2207/2207 2244/2244/2244 2245/2245/2245
f 2207/2207/2207 2245/2245/2245 2208/2208/2208
f 2208/2208/2208 2245/2245/2245 2246/2246/2246
f 2208/2208/2208 2246/2246/2246 2209/2209/2209
f 2209/2209/2209 2246/2246/2246 2247/2247/2247
f 2209/2209/2209 2247/2247/2247 2210/2210/2210
f 2210/2210/2210 2247/2247/2247 2248/2248/2248
f 2210/2210/2210 2248/2248/2248 2211/2211/2211
f 2211/2211/2211 2248/2248/2248 2249/2249/2249
f 2211/2211/2211 2249/2249/2249 2212/2212/2212
f 2212/2212/2212 2249/2249/2249 2250/2250/2250
f 2212/2212/2212 2250/2250/2250 2213/2213/2213
f 2213/2213/2213 2250/2250/2250 2251/2251/2251
f 2213/2213/2213 2251/2251/2251 2214/2214/2214
f 2214/2214/2214 2251/2251/2251 2252/2252/2252
f 2214/2214/2214 2252/2252/2252 2215/2215/2215
f 2215/2215/2215 2252/2252/2252 2253/2253/2253
f 2215/2215/2215 2253/2253/2253 2216/2216/2216
f 2216/2216/2216 2253/2253/2253 2254/2254/2254
f 2216/2216/2216 2254/2254/2254 2217/2217/2217
f 2217/2217/2217 2254/2254/2254 2255/2255/2255
f 2217/2217/2217 2255/2255/2255 2218/2218/2218
f 2218/2218/2218 2255/2255/2255 2256/2256/2256
f 2218/2218/2218 2256/2256/2256 2219/2219/2219
f 2219/2219/2219 2256/2256/2256 2257/2257/2257
f 2219/2219/2219 2257/2257/2257 2220/2220/2220
f 2221/2221/2221 2258/2258/2258 2259/2259/2259
f 2221/2221/2221 2259/2259/2259 2222/2222/2222
f 2222/2222/2222 2259/2259/2259 2260/2260/2260
f 2222/2222/2222 2260/2260/2260 2223/2223/2223
f 2223/2223/2223 2260/2260/2260 2261/2261/2261
f 2223/2223/2223 2261/2261/2261 2224/2224/2224
f 2224/2224/2224 2261/2261/2261 2262/2262/2262
f 2224/2224/2224 2262/2262/2262 2225/2225/2225
f 2225/2225/2225 2262/2262/2262 2263/2263/2263
f 2225/2225/2225 2263/2263/2263 2226/2226/2226
f 2226/2226/2226 2263/2263/2263 2264/2264/2264
f 2226/2226/2226 2264/2264/2264 2227/2227/2227
f 2227/2227/2227 2264/2264/2264 2265/2265/2265
f 2227/2227/2227 2265/2265/2265 2228/2228/2228
f 2228/2228/2228 2265/2265/2265 2266/2266/2266
f 2228/2228/2228 2266/2266/2266 2229/2229/2229
f 2229/2229/2229 2266/2266/2266 2267/2267/2267
f 2229/2229/2229 2267/2267/2267 2230/2230/2230
f 2230/2230/2230 2267/2267/2267 2268/2268/2268
f 2230/2230/2230 2268/2268/2268 2231/2231/2231
f 2231/2231/2231 2268/2268/2268 2269/2269/2269
f 2231/2231/2231 2269/2269/2269 2232/2232/2232
f 2232/2232/2232 2269/2269/2269 2270/2270/2270
f 2232/2232/2232 2270/2270/2270 2233/2233/2233
f 2233/2233/2233 2270/2270/2270 2271/2271/2271
f 2233/2233/2233 2271/2271/2271 2234/2234/2234
f 2234/2234/2234 2271/2271/2271 2272/2272/2272
f 2234/2234/2234 2272/2272/2272 2235/2235/2235
f 2235/2235/2235 2272/2272/2272 2273/2273/2273
f 2235/2235/2235 2273/2273/2273 2236/2236/2236
f 2236/2236/2236 2273/2273/2273 2274/2274/2274
f 2236/2236/2236 2274/2274/2274 2237/2237/2237
f 2237/2237/2237 2274/2274/2274 2275/2275/2275
f 2237/2237/2237 2275/2275/2275 2238/2238/2238
f 2238/2238/2238 2275/2275/2275 2276/2276/2276
f 2238/2238/2238 2276/2276/2276 2239/2239/2239
f 2239/2239/2239 2276/2276/2276 2277/2277/2277
f 2239/2239/2239 2277/2277/2277 2240/2240/2240
f 2240/2240/2240 2277/2277/2277 2278/2278/2278
f 2240/2240/2240 2278/2278/2278 2241/2241/2241
f 2241/2241/2241 2278/2278/2278 2279/2279/2279
f 2241/2241/2241 2279/2279/2279 2242/2242/2242
f 2242/2242/2242 2279/2279/2279 2280/2280/2280
f 2242/2242/2242 2280/2280/2280 2243/2243/2243
f 2243/2243/2243 2280/2280/2280 2281/2281/2281
f 2243/2243/2243 2281/2281/2281 2244/2244/2244
f 2244/2244/2244 2281/2281/2281 2282/2282/2282
f 2244/2244/2244 2282/2282/2282 2245/2245/2245
f 2245/2245/2245 2282/2282/2282 2283/2283/2283
f 2245/2245/2245 2283/2283/2283 2246/2246/2246
f 2246/2246/2246 2283/2283/2283 2284/2284/2284
f 2246/2246/2246 2284/2284/2284 2247/2247/2247
f 2247/2247/2247 2284/2284/2284 2285/2285/2285
f 2247/2247/2247 2285/2285/2285 2248/2248/2248
f 2248/2248/2248 2285/2285/2285 2286/2286/2286
f 2248/2248/2248 2286/2286/2286 2249/2249/2249
f 2249/2249/2249 2286/2286/2286 2287/2287/2287
f 2249/2249/2249 2287/2287/2287 2250/2250/2250
f 2250/2250/2250 2287/2287/2287 2288/2288/2288
f 2250/2250/2250 2288/2288/2288 2251/2251/2251
f 2251/2251/2251 2288/2288/2288 2289/2289/2289
f 2251/2251/2251 2289/2289/2289 2252/2252/2252
f 2252/2252/2252 2289/2289/2289 2290/2290/2290
f 2252/2252/2252 2290/2290/2290 2253/2253/2253
f 2253/2253/2253 2290/2290/2290 2291/2291/2291
f 2253/2253/2253 2291/2291/2291 2254/2254/2254
f 2254/2254/2254 2291/2291/2291 2292/2292/2292
f 2254/2254/2254 2292/2292/2292 2255/2255/2255
f 2255/2255/2255 2292/2292/2292 2293/2293/2293
f 2255/2255/2255 2293/2293/2293 2256/2256/2256
f 2256/2256/2256 2293/2293/2293 2294/2294/2294
f 2256/2256/2256 2294/2294/2294 2257/2257/2257
