# Generated sky cornice; visual geometry only.
s 1
v 290.614573 -4.151293 -76.786505
v 290.713608 -2.700535 -76.677451
v 290.871225 -0.548314 -76.503887
v 290.945152 1.804393 -76.42248
v 290.793114 3.852904 -76.589901
v 290.362106 5.540681 -77.064515
v 289.733029 7.086802 -77.757237
v 288.964468 8.396606 -78.603556
v 288.115006 9.374942 -79.538961
v 287.148376 9.978153 -80.603387
v 286.050631 10.23451 -81.812195
v 284.91383 10.158937 -83.064009
v 283.830033 9.76951 -84.257457
v 282.758092 8.989803 -85.437849
v 281.670808 7.829011 -86.635136
v 280.681163 6.439507 -87.724906
v 279.902141 4.977718 -88.582745
v 279.352571 3.478662 -89.187916
v 278.975962 1.880382 -89.602628
v 278.772314 0.198311 -89.826879
v 278.741627 -1.550686 -89.860671
v 278.898548 -3.427136 -89.687874
v 279.238193 -5.388347 -89.313866
v 279.731272 -7.263448 -88.770901
v 280.348492 -8.884001 -88.091235
v 281.149832 -10.1422 -87.208821
v 282.128318 -11.134361 -86.131339
v 283.154229 -12.04431 -85.001634
v 284.097844 -13.046921 -83.962551
v 284.975203 -14.12737 -82.996427
v 285.838614 -15.22635 -82.045662
v 286.612754 -16.4217 -81.193199
v 287.222303 -17.791256 -80.521981
v 287.623322 -19.570382 -80.08039
v 287.863933 -21.646029 -79.815435
v 288.006905 -23.573415 -79.657998
v 288.115006 -24.907759 -79.538961
v 282.654743 -3.730984 -74.92442
v 282.742681 -2.423964 -74.826111
v 282.882639 -0.480394 -74.669647
v 282.948283 1.648932 -74.596261
v 282.813279 3.509564 -74.747186
v 282.430562 5.049544 -75.175039
v 281.871969 6.464422 -75.799511
v 281.189519 7.667639 -76.562446
v 280.435232 8.572158 -77.40569
v 279.576905 9.137265 -78.365244
v 278.602154 9.387027 -79.454954
v 277.592722 9.333723 -80.583433
v 276.630356 8.992745 -81.659297
v 275.678518 8.294878 -82.723391
v 274.713056 7.248217 -83.802716
v 273.834293 5.989904 -84.785116
v 273.142553 4.661086 -85.558436
v 272.654558 3.294113 -86.103983
v 272.320145 1.834452 -86.477835
v 272.139315 0.297331 -86.679993
v 272.112066 -1.300611 -86.710455
v 272.251405 -3.012247 -86.554683
v 272.552996 -4.79774 -86.217524
v 272.990829 -6.502182 -85.728054
v 273.538895 -7.973066 -85.115352
v 274.250451 -9.112658 -84.319878
v 275.119305 -10.007031 -83.348555
v 276.030271 -10.82485 -82.330154
v 276.868161 -11.725949 -81.393446
v 277.647219 -12.697004 -80.522509
v 278.413892 -13.684715 -79.665419
v 279.101296 -14.759039 -78.896945
v 279.642549 -15.98993 -78.291858
v 279.998637 -17.588923 -77.893775
v 280.21229 -19.454415 -77.654925
v 280.339243 -21.186657 -77.513
v 280.435232 -22.385902 -77.40569
v 274.759058 -3.409487 -72.99811
v 274.838442 -2.206389 -72.908001
v 274.964785 -0.404694 -72.764587
v 275.024043 1.582151 -72.697323
v 274.902173 3.336458 -72.83566
v 274.556686 4.80759 -73.227826
v 274.052431 6.170511 -73.800211
v 273.436369 7.34203 -74.49951
v 272.755458 8.238402 -75.27242
v 271.980628 8.818339 -76.151938
v 271.100698 9.100121 -77.150756
v 270.189463 9.091837 -78.18511
v 269.320714 8.805188 -79.171236
v 268.461469 8.175467 -80.146575
v 267.589925 7.209599 -81.135874
v 266.796647 6.033463 -82.036333
v 266.172199 4.777574 -82.745151
v 265.731675 3.473928 -83.245194
v 265.429793 2.075876 -83.587864
v 265.266553 0.601084 -83.773159
v 265.241956 -0.93114 -83.80108
v 265.36774 -2.564906 -83.658301
v 265.639992 -4.259738 -83.349264
v 266.035234 -5.870381 -82.900621
v 266.529985 -7.254366 -82.339024
v 267.172322 -8.320053 -81.6099
v 267.956656 -9.14473 -80.719594
v 268.779004 -9.892078 -79.786137
v 269.535385 -10.715529 -78.92756
v 270.238658 -11.602909 -78.129267
v 270.93075 -12.50551 -77.343666
v 271.551285 -13.487259 -76.63929
v 272.039886 -14.612086 -76.084673
v 272.361334 -16.073294 -75.719794
v 272.554203 -17.778038 -75.500866
v 272.668806 -19.361013 -75.370779
v 272.755458 -20.45692 -75.27242
v 266.934973 -3.203334 -70.995919
v 267.008639 -2.059691 -70.911004
v 267.125882 -0.32784 -70.775856
v 267.180872 1.601483 -70.712468
v 267.067779 3.332185 -70.842832
v 266.747176 4.811868 -71.212395
v 266.279241 6.199216 -71.751791
v 265.707551 7.409822 -72.410786
v 265.075684 8.358574 -73.139149
v 264.356662 9.000451 -73.967976
v 263.54011 9.346954 -74.909227
v 262.694507 9.400904 -75.883966
v 261.888331 9.169683 -76.813257
v 261.090974 8.590269 -77.732383
v 260.282204 7.668454 -78.664664
v 259.546063 6.523344 -79.513225
v 258.966591 5.279907 -80.18119
v 258.557797 3.971916 -80.652413
v 258.277658 2.560406 -80.975333
v 258.126176 1.067706 -81.149949
v 258.10335 -0.481783 -81.176261
v 258.220074 -2.123079 -81.041711
v 258.472718 -3.811934 -80.750485
v 258.839491 -5.406233 -80.3277
v 259.298607 -6.767385 -79.79847
v 259.894679 -7.805729 -79.111369
v 260.62252 -8.591801 -78.272376
v 261.385638 -9.29396 -77.392719
v 262.087541 -10.067623 -76.583626
v 262.740159 -10.901348 -75.831342
v 263.382403 -11.749373 -75.091019
v 263.958243 -12.671762 -74.42724
v 264.411652 -13.728576 -73.904588
v 264.709947 -15.101434 -73.560739
v 264.888925 -16.703101 -73.354429
v 264.995274 -18.190364 -73.231839
v 265.075684 -19.220007 -73.139149
v 259.186341 -3.123619 -68.909709
v 259.257279 -1.991257 -68.826657
v 259.37018 -0.251972 -68.694477
v 259.423134 1.710269 -68.632481
v 259.314229 3.504497 -68.759982
v 259.0055 5.073385 -69.121431
v 258.554894 6.5643 -69.648983
v 258.004377 7.886859 -70.293508
v 257.39591 8.949761 -71.005879
v 256.703516 9.701051 -71.816507
v 255.917205 10.14461 -72.73709
v 255.102918 10.27701 -73.690427
v 254.326598 10.100784 -74.599313
v 253.558771 9.551599 -75.498256
v 252.779953 8.634179 -76.410067
v 252.071074 7.465748 -77.239996
v 251.513063 6.171197 -77.893294
v 251.119408 4.788255 -78.354171
v 250.849644 3.285213 -78.67
v 250.703772 1.69125 -78.840782
v 250.681791 0.038254 -78.866516
v 250.794193 -1.699614 -78.73492
v 251.03748 -3.471173 -78.450089
v 251.39067 -5.130551 -78.036587
v 251.832783 -6.53648 -77.518978
v 252.40678 -7.596932 -76.846964
v 253.107666 -8.377993 -76.026393
v 253.842522 -9.062679 -75.166051
v 254.51843 -9.817089 -74.374723
v 255.14688 -10.630066 -73.638958
v 255.765338 -11.456989 -72.914891
v 256.319852 -12.356424 -72.265686
v 256.75647 -13.386939 -71.754511
v 257.043718 -14.725633 -71.418211
v 257.216067 -16.287443 -71.216431
v 257.318478 -17.737694 -71.096533
v 257.39591 -18.741715 -71.005879
v 251.513253 -3.175344 -66.735349
v 251.584455 -2.00363 -66.650669
v 251.697778 -0.174948 -66.515898
v 251.750929 1.916836 -66.452686
v 251.641618 3.868603 -66.582687
v 251.331736 5.614602 -66.951221
v 250.879448 7.295801 -67.489114
v 250.326875 8.810641 -68.146274
v 249.716136 10.056345 -68.872608
v 249.021157 10.970436 -69.699126
v 248.23191 11.54807 -70.637756
v 247.414582 11.778349 -71.609779
v 246.635364 11.658255 -72.536482
v 245.864669 11.118935 -73.453046
v 245.082943 10.164084 -74.38273
v 244.371417 8.914167 -75.228928
v 243.811323 7.499776 -75.895032
v 243.416197 5.96502 -76.364943
v 243.145426 4.285202 -76.686963
v 242.99901 2.498866 -76.861093
v 242.976947 0.648134 -76.887331
v 243.089768 -1.283301 -76.753156
v 243.333963 -3.233772 -76.462742
v 243.688473 -5.046248 -76.041134
v 244.132236 -6.569773 -75.513379
v 244.708377 -7.705282 -74.828192
v 245.41188 -8.516726 -73.991536
v 246.14948 -9.21275 -73.114329
v 246.827912 -9.979653 -72.30749
v 247.458708 -10.806093 -71.557302
v 248.079476 -11.646708 -70.819041
v 248.63606 -12.561037 -70.157111
v 249.074308 -13.608617 -69.635915
v 249.362629 -14.969479 -69.293023
v 249.535622 -16.557151 -69.087288
v 249.638414 -18.031418 -68.96504
v 249.716136 -19.052064 -68.872608
v 243.912074 -3.357111 -64.47299
v 243.986391 -2.09475 -64.383197
v 244.10467 -0.092043 -64.240285
v 244.160146 2.230542 -64.173256
v 244.046054 4.440317 -64.311108
v 243.722619 6.459212 -64.701902
v 243.250551 8.426154 -65.272283
v 242.673811 10.222687 -65.969134
v 242.036362 11.72875 -66.739338
v 241.310988 12.867235 -67.615776
v 240.487224 13.62296 -68.611097
v 239.634151 13.975923 -69.64183
v 238.820854 13.916529 -70.624504
v 238.016454 13.368033 -71.596428
v 237.20054 12.333073 -72.582264
v 236.457896 10.940498 -73.47957
v 235.873306 9.332533 -74.185907
v 235.4609 7.562397 -74.6842
v 235.178287 5.612606 -75.025669
v 235.025467 3.534074 -75.210316
v 235.002439 1.382439 -75.238139
v 235.120194 -0.848136 -75.09586
v 235.375069 -3.081431 -74.787905
v 235.745083 -5.141413 -74.340833
v 236.208254 -6.860082 -73.781202
v 236.809592 -8.12639 -73.05463
v 237.543862 -9.004252 -72.167441
v 238.313721 -9.740119 -71.237252
v 239.021823 -10.550921 -70.381681
v 239.680207 -11.424669 -69.586183
v 240.328123 -12.313405 -68.803332
v 240.90905 -13.280073 -68.101422
v 241.366464 -14.38762 -67.548747
v 241.667395 -15.826382 -67.185145
v 241.847953 -17.504938 -66.966984
v 241.955241 -19.063596 -66.837352
v 242.036362 -20.142668 -66.739338
v 236.375707 -3.661163 -62.127103
v 236.455705 -2.258667 -62.028886
v 236.583027 0.001325 -61.872567
v 236.642744 2.655827 -61.799249
v 236.51993 5.225852 -61.950035
v 236.171767 7.616899 -62.37749
v 235.663607 9.969408 -63.001381
v 235.042773 12.142064 -63.763607
v 234.356588 13.991455 -64.606067
v 233.575756 15.42139 -65.564729
v 232.689012 16.404296 -66.653425
v 231.770718 16.909081 -67.780856
v 230.895241 16.918272 -68.855719
v 230.029341 16.343847 -69.918824
v 229.151046 15.187294 -70.997145
v 228.351624 13.590763 -71.978632
v 227.722339 11.71391 -72.751233
v 227.278403 9.621981 -73.296273
v 226.974184 7.30535 -73.669778
v 226.809679 4.830668 -73.871747
v 226.784891 2.270768 -73.90218
v 226.911649 -0.368238 -73.746554
v 227.186011 -2.991156 -73.409708
v 227.584314 -5.395056 -72.920693
v 228.082896 -7.387521 -72.308561
v 228.730209 -8.840537 -71.513826
v 229.520617 -9.819763 -70.543406
v 230.349335 -10.622277 -69.525952
v 231.111575 -11.506513 -68.590116
v 231.820295 -12.459396 -67.719988
v 232.517747 -13.428624 -66.863695
v 233.143088 -14.482843 -66.095935
v 233.635474 -15.6907 -65.491411
v 233.959412 -17.25977 -65.093698
v 234.153774 -19.090352 -64.85507
v 234.269265 -20.790177 -64.713277
v 234.356588 -21.96698 -64.606067
v 228.894028 -4.073777 -59.70627
v 228.981875 -2.486538 -59.596659
v 229.121688 0.10664 -59.422207
v 229.187264 3.186001 -59.340385
v 229.0524 6.211229 -59.508661
v 228.670079 9.06749 -59.985702
v 228.112064 11.899605 -60.681965
v 227.43032 14.537794 -61.53261
v 226.676814 16.809577 -62.472796
v 225.819375 18.595411 -63.542664
v 224.845632 19.853229 -64.757651
v 223.837245 20.538835 -66.015865
v 222.875875 20.625542 -67.215413
v 221.925022 20.010936 -68.401839
v 220.960559 18.695235 -69.605247
v 220.082705 16.838295 -70.700588
v 219.391682 14.62247 -71.562812
v 218.904191 12.127813 -72.171077
v 218.570125 9.353377 -72.587909
v 218.389481 6.384825 -72.813306
v 218.362261 3.315771 -72.84727
v 218.501455 0.165917 -72.673591
v 218.802734 -2.946334 -72.29767
v 219.240114 -5.783854 -71.75193
v 219.787613 -8.123025 -71.068789
v 220.498433 -9.814266 -70.181864
v 221.366388 -10.926451 -69.098874
v 222.276411 -11.819409 -67.963394
v 223.113434 -12.803299 -66.919
v 223.891686 -13.863572 -65.947936
v 224.657565 -14.942031 -64.992312
v 225.344258 -16.115061 -64.135491
v 225.884951 -17.459044 -63.460842
v 226.240671 -19.204948 -63.016993
v 226.454102 -21.241836 -62.750684
v 226.580924 -23.133233 -62.592443
v 226.676814 -24.442661 -62.472796
v 221.454498 -4.575988 -57.222752
v 221.551864 -2.767655 -57.099264
v 221.706826 0.219986 -56.902727
v 221.779508 3.79873 -56.810545
v 221.630031 7.354648 -57.000126
v 221.206284 10.749526 -57.53756
v 220.587805 14.135134 -58.321972
v 219.832192 17.308811 -59.28031
v 218.99704 20.06452 -60.339526
v 218.046694 22.256059 -61.544841
v 216.967442 23.825328 -62.913647
v 215.849792 24.713536 -64.331153
v 214.784254 24.883801 -65.682566
v 213.730371 24.216823 -67.019196
v 212.661404 22.71148 -68.374957
v 211.688432 20.548938 -69.60897
v 210.922533 17.938517 -70.580353
v 210.382221 14.977237 -71.265626
v 210.011957 11.673338 -71.735229
v 209.81174 8.134004 -71.989162
v 209.78157 4.476365 -72.027426
v 209.935847 0.734846 -71.831758
v 210.269771 -2.945663 -71.408246
v 210.754543 -6.288007 -70.793414
v 211.361365 -9.031938 -70.023786
v 212.149205 -11.002627 -69.024575
v 213.111207 -12.273455 -67.804477
v 214.119835 -13.276495 -66.525243
v 215.047553 -14.381678 -65.348626
v 215.910132 -15.572661 -64.254625
v 216.758997 -16.784072 -63.178016
v 217.520096 -18.101711 -62.212721
v 218.119376 -19.611379 -61.452659
v 218.513639 -21.572517 -60.952619
v 218.750197 -23.860511 -60.652595
v 218.89076 -25.985077 -60.474319
v 218.99704 -27.45593 -60.339526
v 214.042888 -5.144608 -54.691852
v 214.150879 -3.090295 -54.55261
v 214.322751 0.331169 -54.330999
v 214.403364 4.45483 -54.227057
v 214.237575 8.584612 -54.440824
v 213.767588 12.557408 -55.046823
v 213.081619 16.534719 -55.931307
v 212.243551 20.278704 -57.011907
v 211.317266 23.547435 -58.206255
v 210.263216 26.166568 -59.565341
v 209.066194 28.061702 -61.108776
v 207.826583 29.15909 -62.707123
v 206.64477 29.41149 -64.230946
v 205.475886 28.681211 -65.738099
v 204.29027 26.965847 -67.266825
v 203.211125 24.470417 -68.65827
v 202.361649 21.434006 -69.753579
v 201.762377 17.971632 -70.526277
v 201.351709 14.10034 -71.055791
v 201.129644 9.949807 -71.342121
v 201.096182 5.661738 -71.385266
v 201.267294 1.285125 -71.164636
v 201.637656 -3.007189 -70.687092
v 202.175327 -6.894578 -69.993822
v 202.848368 -10.076868 -69.126007
v 203.722179 -12.351812 -67.999319
v 204.789157 -13.798573 -66.623564
v 205.907848 -14.926253 -65.181129
v 206.936801 -16.168767 -63.854403
v 207.893507 -17.507743 -62.620832
v 208.835002 -18.869687 -61.406872
v 209.679154 -20.351058 -60.318427
v 210.343829 -22.048319 -59.461399
v 210.781115 -24.253151 -58.897565
v 211.043487 -26.825455 -58.559265
v 211.199389 -29.214023 -58.358245
v 211.317266 -30.867647 -58.206255
v 206.644079 -5.753462 -52.131102
v 206.763202 -3.442253 -51.974923
v 206.952791 0.424644 -51.726355
v 207.041714 5.101213 -51.60977
v 206.858835 9.805202 -51.849539
v 206.3404 14.349205 -52.52925
v 205.58372 18.907929 -53.52132
v 204.659262 23.208909 -54.733361
v 203.637492 26.974929 -56.072985
v 202.474788 30.004551 -57.597385
v 201.154373 32.208692 -59.328558
v 199.786979 33.499924 -61.121322
v 198.483342 33.82167 -62.830498
v 197.193965 33.017639 -64.520976
v 195.886133 31.084398 -66.235651
v 194.695746 28.252098 -67.796346
v 193.758704 24.790549 -69.024885
v 193.097658 20.832228 -69.891571
v 192.644656 16.401237 -70.485493
v 192.3997 11.648536 -70.806651
v 192.362789 6.739091 -70.855045
v 192.551539 1.734349 -70.607577
v 192.96008 -3.165948 -70.071948
v 193.553176 -7.597381 -69.29435
v 194.295595 -11.219341 -68.320977
v 195.259481 -13.801958 -67.057243
v 196.436446 -15.431606 -65.514146
v 197.670456 -16.692744 -63.896258
v 198.805476 -18.082308 -62.408153
v 199.860802 -19.579749 -61.024535
v 200.899349 -21.102875 -59.662914
v 201.830519 -22.759564 -58.442074
v 202.56371 -24.657693 -57.4808
v 203.046073 -27.123462 -56.848383
v 203.335491 -30.000193 -56.468933
v 203.507463 -32.671443 -56.243462
v 203.637492 -34.52077 -56.072985
v 199.242894 -6.374793 -49.559331
v 199.373055 -3.811032 -49.385778
v 199.580212 0.482169 -49.10956
v 199.677374 5.677715 -48.980006
v 199.47755 10.908066 -49.246447
v 198.911077 15.964501 -50.00177
v 198.084283 21.039325 -51.104199
v 197.074164 25.829258 -52.451069
v 195.957718 30.025715 -53.939714
v 194.687278 33.404116 -55.63369
v 193.244513 35.864496 -57.557441
v 191.750418 37.308918 -59.549635
v 190.325986 37.673895 -61.448942
v 188.917136 36.785758 -63.327471
v 187.488121 34.640546 -65.232888
v 186.187433 31.493451 -66.967197
v 185.163565 27.643943 -68.3324
v 184.441266 23.239631 -69.295498
v 183.94629 18.308303 -69.955489
v 183.678636 13.0185 -70.312373
v 183.638304 7.554394 -70.36615
v 183.844544 1.985501 -70.091153
v 184.29094 -3.465482 -69.49594
v 184.938992 -8.393524 -68.631841
v 185.750204 -12.42018 -67.550189
v 186.803404 -15.289962 -66.145876
v 188.089426 -17.098106 -64.431122
v 189.437778 -18.495438 -62.633258
v 190.677969 -20.035065 -60.979615
v 191.831081 -21.694219 -59.442081
v 192.96586 -23.381831 -57.928991
v 193.983312 -25.21743 -56.572344
v 194.78444 -27.320543 -55.504137
v 195.311498 -30.052597 -54.801369
v 195.627733 -33.239994 -54.379708
v 195.815641 -36.199719 -54.129156
v 195.957718 -38.24876 -53.939714
v 191.824906 -6.98074 -46.995667
v 191.965439 -4.183785 -46.805062
v 192.189103 0.486611 -46.501704
v 192.294008 6.126543 -46.359421
v 192.078261 11.788899 -46.65204
v 191.466647 17.248929 -47.481577
v 190.573968 22.721723 -48.692325
v 189.483357 27.880108 -50.171531
v 188.277944 32.391244 -51.806444
v 186.906267 36.01413 -53.666861
v 185.348533 38.643779 -55.779629
v 183.735377 40.176724 -57.967566
v 182.197436 40.546293 -60.053489
v 180.67632 39.564072 -62.116592
v 179.133431 37.226285 -64.209226
v 177.729095 33.811722 -66.113939
v 176.623638 29.646464 -67.61328
v 175.843781 24.889218 -68.671007
v 175.309362 19.566573 -69.395845
v 175.020379 13.858559 -69.787794
v 174.976834 7.961911 -69.846855
v 175.199509 1.947674 -69.544839
v 175.681476 -3.945199 -68.891143
v 176.38117 -9.277637 -67.942142
v 177.257024 -13.638965 -66.754213
v 178.39415 -16.752221 -65.211919
v 179.782652 -18.723342 -63.328682
v 181.23845 -20.253495 -61.35417
v 182.577468 -21.939468 -59.538048
v 183.822468 -23.75633 -57.849444
v 185.047674 -25.604357 -56.187686
v 186.146203 -27.614436 -54.697742
v 187.011171 -29.917457 -53.524578
v 187.580229 -32.909202 -52.75276
v 187.921664 -36.399572 -52.289669
v 188.124545 -39.64063 -52.014499
v 188.277944 -41.884439 -51.806444
v 184.377173 -7.544797 -44.458521
v 184.526899 -4.547188 -44.251914
v 184.765195 0.42603 -43.923088
v 184.876963 6.402274 -43.76886
v 184.647101 12.364886 -44.086046
v 183.995476 18.080153 -44.985224
v 183.044399 23.791415 -46.297617
v 181.88244 29.15698 -47.901006
v 180.59817 33.829369 -49.673173
v 179.136758 37.559994 -51.689777
v 177.477118 40.246202 -53.979917
v 175.758431 41.785283 -56.351536
v 174.119879 42.112062 -58.612577
v 172.499252 41.027149 -60.848883
v 170.855427 38.527827 -63.117198
v 169.359221 34.913812 -65.181816
v 168.181445 30.533063 -66.80703
v 167.350571 25.550032 -67.953555
v 166.78119 19.984181 -68.739245
v 166.473302 14.01916 -69.1641
v 166.426908 7.85566 -69.228119
v 166.66415 1.558209 -68.900748
v 167.177648 -4.626787 -68.192172
v 167.923115 -10.23554 -67.163501
v 168.856267 -14.83323 -65.875842
v 170.067784 -18.127302 -64.204069
v 171.54712 -20.236224 -62.162731
v 173.098156 -21.890016 -60.022453
v 174.524772 -23.71222 -58.053864
v 175.851219 -25.675888 -56.223498
v 177.156578 -27.673238 -54.422231
v 178.326972 -29.845735 -52.807202
v 179.248526 -32.334845 -51.535549
v 179.854811 -35.568329 -50.698935
v 180.218582 -39.340728 -50.196966
v 180.434736 -42.843669 -49.898695
v 180.59817 -45.268783 -49.673173
v 176.888867 -8.043191 -41.964624
v 177.046179 -4.887444 -41.743728
v 177.296549 0.296991 -41.392162
v 177.413979 6.480146 -41.227268
v 177.172472 12.589188 -41.56639
v 176.487831 18.389435 -42.527752
v 175.488567 24.15741 -43.930905
v 174.267735 29.547591 -45.645179
v 172.918396 34.208834 -47.539903
v 171.38294 37.894829 -49.695967
v 169.639212 40.51316 -52.144485
v 167.833445 41.968679 -54.680117
v 166.111874 42.202736 -57.097523
v 164.409135 41.009454 -59.488484
v 162.682025 38.388082 -61.913668
v 161.110011 34.655619 -64.121067
v 159.872562 30.175974 -65.858675
v 158.99959 25.113325 -67.08449
v 158.40136 19.473827 -67.924515
v 158.077873 13.436069 -68.378751
v 158.029129 7.195212 -68.447197
v 158.278391 0.800761 -68.097187
v 158.817905 -5.503254 -67.339608
v 159.601143 -11.239337 -66.239798
v 160.581574 -15.958165 -64.86309
v 161.854474 -19.358533 -63.075703
v 163.408763 -21.572988 -60.893193
v 165.038384 -23.336027 -58.604902
v 166.537281 -25.278601 -56.500172
v 167.930934 -27.371985 -54.543224
v 169.302431 -29.501276 -52.617388
v 170.532125 -31.817285 -50.89067
v 171.50037 -34.47082 -49.531073
v 172.137374 -37.917902 -48.636602
v 172.519576 -41.939497 -48.099919
v 172.746682 -45.673836 -47.781021
v 172.918396 -48.259148 -47.539903
v 169.35176 -8.456076 -39.528168
v 169.514725 -5.190581 -39.295261
v 169.774091 0.106305 -38.924576
v 169.895741 6.360726 -38.750715
v 169.645555 12.459171 -39.108278
v 168.936315 18.173866 -40.121919
v 167.901144 23.817944 -41.601377
v 166.636446 29.052703 -43.408873
v 165.238622 33.534243 -45.406632
v 163.647994 37.028106 -47.679944
v 161.84161 39.459435 -50.261613
v 159.970958 40.74699 -52.935133
v 158.187527 40.8433 -55.483998
v 156.423606 39.540677 -58.00498
v 154.634437 36.841145 -60.562046
v 153.005937 33.074675 -62.889484
v 151.724024 28.614643 -64.721584
v 150.819685 23.619062 -66.014058
v 150.19996 18.075283 -66.899764
v 149.864849 12.14854 -67.378702
v 149.814353 6.019396 -67.45087
v 150.072572 -0.285368 -67.081826
v 150.631472 -6.533633 -66.28305
v 151.442853 -12.245574 -65.123432
v 152.458513 -16.967433 -63.671858
v 153.77715 -20.396529 -61.787272
v 155.387288 -22.680405 -59.486077
v 157.075465 -24.533947 -57.073348
v 158.628221 -26.57624 -54.854163
v 160.071951 -28.777085 -52.790796
v 161.492728 -31.01568 -50.760233
v 162.766607 -33.450577 -48.939615
v 163.769644 -36.240328 -47.506083
v 164.429536 -39.86436 -46.56297
v 164.825471 -44.092398 -45.997103
v 165.060738 -48.018434 -45.660862
v 165.238622 -50.736459 -45.406632
v 161.760538 -8.768492 -37.1601
v 161.927012 -5.443128 -36.917889
v 162.191962 -0.129323 -36.532399
v 162.316231 6.069847 -36.351594
v 162.060659 12.016473 -36.723439
v 161.336149 17.49642 -37.777567
v 160.278692 22.86046 -39.316116
v 158.986766 27.785948 -41.195808
v 157.558848 31.945669 -43.273361
v 155.933975 35.125006 -45.637474
v 154.088701 37.272273 -48.32226
v 152.177776 38.325091 -51.102566
v 150.355949 38.250745 -53.753238
v 148.554052 36.84406 -56.374913
v 146.726364 34.110404 -59.034113
v 145.062804 30.388105 -61.454514
v 143.753292 26.053612 -63.359791
v 142.829483 21.2538 -64.70389
v 142.196416 15.953314 -65.624973
v 141.85409 10.297289 -66.12304
v 141.802507 4.444325 -66.198091
v 142.066285 -1.607197 -65.814307
v 142.637218 -7.64501 -64.983627
v 143.466067 -13.19737 -63.77769
v 144.503594 -17.815421 -62.268138
v 145.850621 -21.201573 -60.308278
v 147.495423 -23.518348 -57.915168
v 149.219945 -25.44037 -55.40607
v 150.80613 -27.558117 -53.098246
v 152.280942 -29.840274 -50.952464
v 153.732308 -32.161576 -48.840796
v 155.033613 -34.686432 -46.947459
v 156.058244 -37.579251 -45.456669
v 156.732343 -41.337176 -44.475886
v 157.136803 -45.721422 -43.887417
v 157.377134 -49.792508 -43.537746
v 157.558848 -52.610951 -43.273361
v 154.112939 -8.971025 -34.867605
v 154.280688 -5.633133 -34.619086
v 154.547667 -0.385676 -34.223556
v 154.672887 5.65385 -34.038041
v 154.415358 11.33896 -34.419571
v 153.6853 16.473895 -35.501154
v 152.619746 21.445107 -37.079777
v 151.317926 25.952711 -39.008426
v 149.879074 29.693024 -41.140091
v 148.241758 32.476613 -43.565779
v 146.382354 34.278033 -46.320492
v 144.456795 35.056589 -49.173213
v 142.621018 34.796268 -51.892923
v 140.805322 33.29793 -54.582881
v 138.963638 30.570528 -57.311342
v 137.287339 26.956146 -59.794785
v 135.9678 22.82859 -61.749686
v 135.036916 18.320173 -63.128793
v 134.399001 13.371201 -64.073866
v 134.054054 8.10245 -64.584905
v 134.002076 2.645896 -64.661911
v 134.267874 -3.0312 -64.268131
v 134.843179 -8.741736 -63.415815
v 135.678375 -14.030364 -62.178469
v 136.723847 -18.460782 -60.629599
v 138.081189 -21.745733 -58.618694
v 139.738587 -24.061572 -56.163254
v 141.476314 -26.027988 -53.588804
v 143.074646 -28.194651 -51.220871
v 144.560752 -30.529521 -49.019201
v 146.023231 -32.90444 -46.852533
v 147.334501 -35.487614 -44.909883
v 148.366979 -38.447252 -43.380264
v 149.04624 -42.291977 -42.373936
v 149.453797 -46.77749 -41.77014
v 149.695968 -50.942609 -41.411362
v 149.879074 -53.826152 -41.140091
v 146.409708 -9.060148 -32.653821
v 146.576526 -5.751365 -32.402112
v 146.842026 -0.634943 -32.001504
v 146.966553 5.17123 -31.813608
v 146.710451 10.526433 -32.200035
v 145.984438 15.255556 -33.295502
v 144.924787 19.775601 -34.894388
v 143.63018 23.812975 -36.847793
v 142.1993 27.091092 -39.00682
v 140.571056 29.447836 -41.463644
v 138.721954 30.884086 -44.253717
v 136.807064 31.381142 -47.143056
v 134.981457 30.939744 -49.897677
v 133.175822 29.369212 -52.622163
v 131.344341 26.681938 -55.385647
v 129.67733 23.219473 -57.900967
v 128.365102 19.348355 -59.880962
v 127.439376 15.184818 -61.277771
v 126.804995 10.645792 -62.234975
v 126.46196 5.826402 -62.752574
v 126.410269 0.830603 -62.830568
v 126.674595 -4.404783 -62.431733
v 127.246712 -9.719923 -61.568477
v 128.077281 -14.68138 -60.315249
v 129.11696 -18.870723 -58.746497
v 130.466781 -22.014511 -56.70978
v 132.114996 -24.300612 -54.222821
v 133.843096 -26.286564 -51.615326
v 135.432572 -28.474752 -49.216998
v 136.910444 -30.832817 -46.987067
v 138.364821 -33.23133 -44.792588
v 139.668825 -35.840167 -42.825001
v 140.695582 -38.829207 -41.275749
v 141.37108 -42.712128 -40.256504
v 141.776379 -47.242202 -39.644956
v 142.017209 -51.4487 -39.281573
v 142.1993 -54.36089 -39.00682
v 138.654377 -9.038208 -30.517779
v 138.818202 -5.792466 -30.26596
v 139.078937 -0.850302 -29.865177
v 139.201229 4.682567 -29.6772
v 138.949723 9.683343 -30.063795
v 138.236738 13.997306 -31.15974
v 137.196103 18.064055 -32.759323
v 135.924729 21.636525 -34.713581
v 134.519526 24.465412 -36.87355
v 132.920501 26.414797 -39.331445
v 131.104581 27.509044 -42.122735
v 129.224055 27.749293 -45.013334
v 127.431209 27.151228 -47.769157
v 125.657976 25.533853 -50.494832
v 123.859362 22.912494 -53.259521
v 122.222265 19.624399 -55.775938
v 120.933585 16.025513 -57.756797
v 120.024472 12.216419 -59.154215
v 119.401475 8.094111 -60.111837
v 119.064596 3.729761 -60.629662
v 119.013833 -0.798856 -60.70769
v 119.273415 -5.581374 -60.308681
v 119.835265 -10.484086 -59.445048
v 120.650929 -15.097969 -58.191273
v 121.671952 -19.025226 -56.621838
v 122.99755 -22.007812 -54.584231
v 124.616187 -24.241766 -52.096188
v 126.313276 -26.222909 -49.487556
v 127.874229 -28.405797 -47.088181
v 129.32558 -30.758152 -44.857277
v 130.753857 -33.150857 -42.661841
v 132.034461 -35.753376 -40.693396
v 133.042793 -38.735178 -39.143468
v 133.706169 -42.608696 -38.123778
v 134.104194 -47.1278 -37.511964
v 134.340702 -51.324111 -37.148423
v 134.519526 -54.229249 -36.87355
v 130.852905 -8.913084 -28.454592
v 131.011908 -5.755825 -28.20555
v 131.264969 -1.010179 -27.809187
v 131.383662 4.240933 -27.623282
v 131.139558 8.902254 -28.005615
v 130.447558 12.837008 -29.089475
v 129.437551 16.497388 -30.671419
v 128.203596 19.660221 -32.604128
v 126.839751 22.100714 -34.740279
v 125.28779 23.705253 -37.171072
v 123.525317 24.516449 -39.931583
v 121.700139 24.551091 -42.790308
v 119.96006 23.836476 -45.515742
v 118.239018 22.201412 -48.211362
v 116.493341 19.663355 -50.945565
v 114.904428 16.552138 -53.434234
v 113.653677 13.211097 -55.39325
v 112.771321 9.727256 -56.775259
v 112.166661 5.983102 -57.722321
v 111.839696 2.030045 -58.234436
v 111.790427 -2.075731 -58.311604
v 112.042369 -6.443681 -57.916995
v 112.587683 -10.962318 -57.062885
v 113.37934 -15.246771 -55.822935
v 114.370312 -18.920279 -54.270806
v 115.656894 -21.740026 -52.255668
v 117.227892 -23.906166 -49.79506
v 118.875031 -25.859882 -47.215193
v 120.390041 -28.012551 -44.842276
v 121.798676 -30.33234 -42.635972
v 123.184916 -32.69192 -40.464744
v 124.427829 -35.258411 -38.518005
v 125.406483 -38.198933 -36.985167
v 126.050334 -42.018827 -35.976721
v 126.436645 -46.475369 -35.371654
v 126.666192 -50.613587 -35.012121
v 126.839751 -53.478506 -34.740279
v 123.013181 -8.697534 -26.455861
v 123.165847 -5.645946 -26.212149
v 123.408822 -1.101306 -25.82427
v 123.522784 3.884698 -25.642345
v 123.28841 8.251372 -26.016494
v 122.62399 11.875885 -27.077155
v 121.654239 15.212071 -28.625239
v 120.469465 18.055937 -30.51658
v 119.159977 20.202302 -32.607009
v 117.669872 21.554049 -34.985773
v 115.977644 22.165271 -37.687197
v 114.225211 22.062897 -40.484734
v 112.554486 21.281526 -43.151833
v 110.902038 19.659021 -45.789755
v 109.225938 17.213995 -48.465435
v 107.700353 14.26645 -50.900837
v 106.499452 11.146251 -52.817921
v 105.652264 7.930128 -54.17035
v 105.071703 4.49268 -55.097141
v 104.75777 0.871437 -55.598295
v 104.710465 -2.89259 -55.673811
v 104.952365 -6.920386 -55.287648
v 105.475945 -11.116874 -54.45182
v 106.23605 -15.118937 -53.23841
v 107.187524 -18.569379 -51.719502
v 108.422829 -21.239106 -49.747497
v 109.931211 -23.328028 -47.339556
v 111.512702 -25.234496 -44.814908
v 112.967329 -27.335106 -42.492781
v 114.319821 -29.598794 -40.333701
v 115.65081 -31.901311 -38.208946
v 116.844185 -34.405735 -36.303876
v 117.783833 -37.275144 -34.803847
v 118.402023 -41.002659 -33.816986
v 118.772937 -45.351425 -33.224869
v 118.993335 -49.389566 -32.873032
v 119.159977 -52.185202 -32.607009
v 115.144451 -8.40827 -24.510276
v 115.289631 -5.472218 -24.274
v 115.520691 -1.12004 -23.897956
v 115.629064 3.633969 -23.721581
v 115.406183 7.76826 -24.084314
v 114.774346 11.169185 -25.112612
v 113.85215 14.281509 -26.613461
v 112.725475 16.914624 -28.447093
v 111.480203 18.876969 -30.473738
v 110.06317 20.081241 -32.779921
v 108.453927 20.585728 -35.398919
v 106.787431 20.421517 -38.111096
v 105.198636 19.625873 -40.696816
v 103.627221 18.044402 -43.25425
v 102.033314 15.695856 -45.848289
v 100.582542 12.888708 -48.209381
v 99.440532 9.939373 -50.067971
v 98.634888 6.918108 -51.379134
v 98.082797 3.698542 -52.277647
v 97.784259 0.310902 -52.76351
v 97.739274 -3.211784 -52.836722
v 97.969312 -6.993267 -52.462341
v 98.467216 -10.948203 -51.652016
v 99.190046 -14.731516 -50.47563
v 100.094862 -18.002897 -49.003067
v 101.269589 -20.544632 -47.091232
v 102.704003 -22.552182 -44.756763
v 104.207939 -24.395245 -42.309148
v 105.591234 -26.425992 -40.057874
v 106.877401 -28.614395 -37.964672
v 108.143121 -30.840334 -35.904748
v 109.277974 -33.261465 -34.057806
v 110.171544 -36.035444 -32.603546
v 110.759418 -39.638988 -31.646796
v 111.112143 -43.843123 -31.072747
v 111.321733 -47.746963 -30.731644
v 111.480203 -50.449621 -30.473738
v 107.256693 -8.064842 -22.604377
v 107.393632 -5.248086 -22.37711
v 107.611577 -1.071835 -22.015404
v 107.713799 3.490939 -21.845754
v 107.503568 7.46024 -22.194656
v 106.907595 10.726833 -23.183748
v 106.037743 13.717051 -24.627373
v 104.975019 16.247778 -26.391093
v 103.800429 18.134974 -28.340467
v 102.463828 19.294611 -30.558721
v 100.945926 19.78233 -33.077864
v 99.374021 19.627724 -35.686632
v 97.875407 18.866365 -38.173765
v 96.393187 17.350062 -40.63369
v 94.889751 15.096767 -43.128825
v 93.521326 12.402393 -45.399895
v 92.444136 9.570541 -47.187621
v 91.684222 6.668774 -48.448793
v 91.163468 3.57611 -49.313048
v 90.881875 0.321809 -49.780386
v 90.839443 -3.062154 -49.850806
v 91.056424 -6.694175 -49.4907
v 91.526067 -10.492105 -48.71127
v 92.207869 -14.124695 -47.579737
v 93.061326 -17.265315 -46.16332
v 94.169375 -19.704976 -44.324378
v 95.522371 -21.631058 -42.078916
v 96.940943 -23.398842 -39.724622
v 98.245721 -25.346645 -37.559184
v 99.458885 -27.445664 -35.545791
v 100.652761 -29.580687 -33.564407
v 101.7232 -31.90293 -31.787883
v 102.56605 -34.563607 -30.389071
v 103.120556 -38.019968 -29.4688
v 103.45326 -42.052389 -28.916637
v 103.650954 -45.79678 -28.588541
v 103.800429 -48.38905 -28.340467
v 99.359979 -7.688371 -20.723426
v 99.488323 -4.989751 -20.506156
v 99.692589 -0.969174 -20.16036
v 99.788394 3.44351 -19.998172
v 99.59136 7.310372 -20.331728
v 99.032793 10.522433 -21.277311
v 98.217539 13.480398 -22.657434
v 97.221519 16.00342 -24.343572
v 96.120655 17.909595 -26.207197
v 94.867948 19.112554 -28.327874
v 93.445321 19.659645 -30.736204
v 91.972079 19.574275 -33.230219
v 90.567529 18.886729 -35.607948
v 89.178343 17.453497 -37.959666
v 87.769273 15.290972 -40.345045
v 86.48674 12.682098 -42.516214
v 85.477163 9.91866 -44.225303
v 84.764945 7.068794 -45.430998
v 84.276877 4.022052 -46.257236
v 84.012959 0.812086 -46.704016
v 83.973191 -2.524333 -46.771339
v 84.176552 -6.093616 -46.427074
v 84.616717 -9.811203 -45.681929
v 85.255724 -13.355642 -44.60017
v 86.055613 -16.410786 -43.246058
v 87.094113 -18.773829 -41.488007
v 88.362185 -20.62131 -39.341319
v 89.691718 -22.306574 -37.090586
v 90.914599 -24.163453 -35.020401
v 92.051616 -26.164489 -33.095573
v 93.170557 -28.199848 -31.201346
v 94.173807 -30.413687 -29.502968
v 94.963754 -32.950163 -28.165687
v 95.483456 -36.245179 -27.285896
v 95.795277 -40.089365 -26.758022
v 95.980562 -43.658966 -26.444358
v 96.120655 -46.130228 -26.207197
v 91.463886 -7.300248 -18.852322
v 91.583659 -4.714609 -18.645439
v 91.774283 -0.828606 -18.316175
v 91.863691 3.470851 -18.161741
v 91.679814 7.286778 -18.47935
v 91.158549 10.507261 -19.379727
v 90.397737 13.502801 -20.69387
v 89.468231 16.090754 -22.299397
v 88.440881 18.087154 -24.073926
v 87.271829 19.399089 -26.093219
v 85.944204 20.061594 -28.386412
v 84.569344 20.088529 -30.761194
v 83.258589 19.502338 -33.025249
v 81.962172 18.162856 -35.264536
v 80.647199 16.0844 -37.535876
v 79.450312 13.537096 -39.603247
v 78.508153 10.802099 -41.230628
v 77.843497 7.950603 -42.378681
v 77.388022 4.886241 -43.165419
v 77.141729 1.650991 -43.590839
v 77.104616 -1.709279 -43.654944
v 77.294397 -5.284365 -43.327137
v 77.705168 -8.9831 -42.617616
v 78.301503 -12.490387 -41.587573
v 79.047976 -15.497751 -40.298198
v 80.017125 -17.806396 -38.624196
v 81.200517 -19.580307 -36.580136
v 82.441264 -21.180495 -34.437005
v 83.582482 -22.943636 -32.465791
v 84.64357 -24.843655 -30.632985
v 85.687788 -26.776266 -28.829316
v 86.624042 -28.878346 -27.212134
v 87.361237 -31.286776 -25.938785
v 87.846234 -34.415453 -25.101056
v 88.137231 -38.065577 -24.598418
v 88.310143 -41.454978 -24.299749
v 88.440881 -43.801486 -24.073926
v 83.576953 -6.920843 -16.976523
v 83.688518 -4.439666 -16.779842
v 83.86608 -0.66762 -16.466813
v 83.949361 3.549333 -16.319995
v 83.778085 7.352584 -16.621942
v 83.29254 10.625181 -17.477923
v 82.583864 13.705535 -18.727266
v 81.718055 16.406431 -20.253626
v 80.761107 18.538996 -21.940656
v 79.672167 20.001117 -23.860379
v 78.435521 20.813238 -26.040497
v 77.154877 20.97774 -28.298181
v 75.933944 20.507772 -30.450597
v 74.726367 19.26544 -32.579468
v 73.501506 17.262706 -34.73881
v 72.386639 14.757546 -36.704241
v 71.509044 12.021782 -38.251377
v 70.889935 9.13126 -39.342821
v 70.465673 6.005573 -40.090766
v 70.236257 2.697414 -40.495209
v 70.201687 -0.735637 -40.556153
v 70.378463 -4.364243 -40.24451
v 70.761085 -8.08798 -39.569975
v 71.316555 -11.595424 -38.590722
v 72.011874 -14.583465 -37.364925
v 72.91461 -16.85563 -35.773466
v 74.016906 -18.56269 -33.830197
v 75.172629 -20.079714 -31.792741
v 76.235642 -21.751221 -29.918726
v 77.224016 -23.552494 -28.176293
v 78.196677 -25.384663 -26.461562
v 79.068772 -27.377495 -24.924122
v 79.755448 -29.660756 -23.71356
v 80.207209 -32.626831 -22.917138
v 80.478266 -36.087253 -22.439285
v 80.639328 -39.300501 -22.155343
v 80.761107 -41.525058 -21.940656
v 75.706257 -6.568338 -15.082901
v 75.810258 -4.180154 -14.895714
v 75.975781 -0.502037 -14.597798
v 76.053415 3.657397 -14.458067
v 75.893752 7.474076 -14.745438
v 75.441128 10.824891 -15.560095
v 74.780503 14.016698 -16.749125
v 73.973397 16.856125 -18.201799
v 73.081333 19.147775 -19.807385
v 72.066226 20.779082 -21.634432
v 70.913428 21.755201 -23.709303
v 69.719615 22.066384 -25.857994
v 68.581464 21.716042 -27.906501
v 67.455764 20.56771 -29.932598
v 66.313952 18.630944 -31.987696
v 65.274675 16.152689 -33.858244
v 64.456584 13.396808 -35.330691
v 63.879452 10.44461 -36.369445
v 63.483956 7.231996 -37.081281
v 63.270095 3.82337 -37.4662
v 63.237869 0.289105 -37.524202
v 63.402659 -3.421719 -37.227603
v 63.759338 -7.198178 -36.585632
v 64.277146 -10.730538 -35.653654
v 64.92532 -13.719223 -34.487033
v 65.766848 -15.968831 -32.972403
v 66.794407 -17.61722 -31.122947
v 67.871768 -19.056976 -29.183852
v 68.862706 -20.643347 -27.400307
v 69.784066 -22.352874 -25.741991
v 70.690778 -24.091724 -24.110041
v 71.503742 -25.983053 -22.646821
v 72.143861 -28.150018 -21.494701
v 72.564991 -30.96502 -20.736727
v 72.817669 -34.249189 -20.281943
v 72.967811 -37.298774 -20.011709
v 73.081333 -39.410025 -19.807385
v 67.857098 -6.257723 -13.160479
v 67.954388 -3.948494 -12.981647
v 68.109229 -0.344357 -12.697026
v 68.181854 3.778468 -12.563531
v 68.032494 7.625516 -12.838077
v 67.609078 11.067172 -13.616377
v 66.991082 14.381201 -14.752342
v 66.236059 17.367405 -16.140184
v 65.401559 19.823191 -17.674115
v 64.451957 21.625383 -19.419622
v 63.373548 22.764389 -21.401894
v 62.256771 23.218697 -23.454691
v 61.192065 22.982328 -25.411775
v 60.139006 21.919576 -27.34745
v 59.070874 20.037714 -29.310831
v 58.098661 17.574155 -31.097898
v 57.333361 14.786277 -32.504631
v 56.793471 11.761037 -33.497026
v 56.423496 8.449801 -34.177094
v 56.223436 4.928577 -34.544835
v 56.193289 1.28042 -34.600248
v 56.347446 -2.526748 -34.316886
v 56.681109 -6.371355 -33.703566
v 57.165502 -9.943886 -32.81318
v 57.77185 -12.946816 -31.698625
v 58.559075 -15.184886 -30.251592
v 59.520325 -16.784107 -28.484675
v 60.528165 -18.155778 -26.632119
v 61.455158 -19.66713 -24.928172
v 62.317063 -21.295814 -23.343865
v 63.165265 -22.952434 -21.784747
v 63.92577 -24.754323 -20.38683
v 64.524581 -26.818813 -19.286127
v 64.918536 -29.500694 -18.561981
v 65.154909 -32.629556 -18.127493
v 65.295363 -35.534927 -17.869319
v 65.401559 -37.546338 -17.674115
v 60.03282 -6.000042 -11.201019
v 60.124384 -3.753682 -11.029073
v 60.270113 -0.203177 -10.755412
v 60.338464 3.901672 -10.627057
v 60.197894 7.790241 -10.891031
v 59.799395 11.326559 -11.63936
v 59.217767 14.763133 -12.731582
v 58.507176 17.892862 -14.065982
v 57.721785 20.505914 -15.540844
v 56.828065 22.469074 -17.219136
v 55.813119 23.759395 -19.125075
v 54.762062 24.344659 -21.098824
v 53.760012 24.210383 -22.980545
v 52.768924 23.221047 -24.841681
v 51.76365 21.381892 -26.729457
v 50.848651 18.922588 -28.447708
v 50.128387 16.095599 -29.80027
v 49.620269 12.993298 -30.754451
v 49.272066 9.580847 -31.408331
v 49.083779 5.945014 -31.76191
v 49.055406 2.180616 -31.815189
v 49.200491 -1.727526 -31.542739
v 49.514518 -5.647772 -30.953037
v 49.970406 -9.269674 -30.096938
v 50.541071 -12.296468 -29.025302
v 51.281969 -14.53231 -27.63399
v 52.186652 -16.09297 -25.935113
v 53.135182 -17.408158 -24.153896
v 54.007623 -18.857275 -22.515564
v 54.818806 -20.418893 -20.992265
v 55.617093 -22.007297 -19.493185
v 56.332843 -23.734988 -18.149099
v 56.896416 -25.714466 -17.090782
v 57.267187 -28.285913 -16.394521
v 57.48965 -31.285934 -15.976764
v 57.621838 -34.071668 -15.728532
v 57.721785 -36.000252 -15.540844
v 52.234773 -5.801908 -9.199404
v 52.321652 -3.601072 -9.032674
v 52.459923 -0.083524 -8.767315
v 52.524776 4.020768 -8.642855
v 52.391399 7.958734 -8.89882
v 52.013295 11.588495 -9.624448
v 51.461433 15.141929 -10.683535
v 50.787208 18.405303 -11.977453
v 50.042011 21.161857 -13.407574
v 49.194029 23.269339 -15.034952
v 48.231025 24.693329 -16.883071
v 47.233759 25.392365 -18.796943
v 46.282991 25.34466 -20.621579
v 45.342624 24.414367 -22.426254
v 44.388797 22.60501 -24.256761
v 43.520625 20.140485 -25.922886
v 42.837222 17.269972 -27.234417
v 42.355108 14.0908 -28.159651
v 42.024726 10.579764 -28.793694
v 41.846074 6.833122 -29.136547
v 41.819154 2.956058 -29.18821
v 41.956814 -1.052246 -28.924025
v 42.25477 -5.051096 -28.352212
v 42.687326 -8.728128 -27.522085
v 43.228787 -11.786163 -26.482958
v 43.931768 -14.02815 -25.133855
v 44.790151 -15.561545 -23.486516
v 45.690138 -16.833303 -21.759335
v 46.51793 -18.234567 -20.170703
v 47.287599 -19.744617 -18.693617
v 48.045032 -21.280569 -17.240014
v 48.724152 -22.951207 -15.936702
v 49.258882 -24.865319 -14.910491
v 49.610678 -27.351851 -14.235353
v 49.821756 -30.252804 -13.830269
v 49.947179 -32.946547 -13.589568
v 50.042011 -34.811446 -13.407574
v 44.462411 -5.665327 -7.153816
v 44.545621 -3.492495 -6.99056
v 44.678054 0.012273 -6.73073
v 44.740168 4.132097 -6.608863
v 44.612423 8.125077 -6.859495
v 44.250284 11.844038 -7.570003
v 43.721725 15.505185 -8.607023
v 43.075968 18.888628 -9.873981
v 42.362237 21.771195 -11.274303
v 41.550061 24.002822 -12.867773
v 40.627719 25.539738 -14.677384
v 39.672562 26.332894 -16.551378
v 38.76194 26.354549 -18.337996
v 37.861279 25.468065 -20.105068
v 36.947727 23.675602 -21.897434
v 36.116213 21.197288 -23.528844
v 35.461667 18.280635 -24.813047
v 34.99991 15.02733 -25.719002
v 34.683478 11.423427 -26.339835
v 34.51237 7.573179 -26.675544
v 34.486586 3.590512 -26.726131
v 34.618433 -0.513862 -26.46745
v 34.903808 -4.591427 -25.907552
v 35.3181 -8.327065 -25.094721
v 35.836698 -11.422102 -24.077246
v 36.509996 -13.677755 -22.756253
v 37.332134 -15.195217 -21.143238
v 38.194119 -16.437037 -19.452045
v 38.986958 -17.805315 -17.896515
v 39.724129 -19.279817 -16.450205
v 40.449579 -20.779612 -15.02689
v 41.100024 -22.410922 -13.750734
v 41.612175 -24.279975 -12.745906
v 41.949117 -26.707972 -12.084834
v 42.151282 -29.540636 -11.688191
v 42.27141 -32.170966 -11.452505
v 42.362237 -33.991964 -11.274303
v 36.713502 -5.587837 -5.065681
v 36.793972 -3.426589 -4.904213
v 36.922046 0.083587 -4.647229
v 36.982116 4.232498 -4.526697
v 36.858576 8.283396 -4.774584
v 36.508358 12.084538 -5.477309
v 35.997198 15.841391 -6.50297
v 35.372699 19.328551 -7.75605
v 34.682463 22.317125 -9.141032
v 33.897023 24.650599 -10.717047
v 33.005043 26.278059 -12.506836
v 32.081329 27.144605 -14.360303
v 31.200683 27.217949 -16.12735
v 30.329672 26.360281 -17.875066
v 29.446193 24.572757 -19.647799
v 28.642051 22.073638 -21.261338
v 28.009052 19.11025 -22.531474
v 27.562495 15.787954 -23.427506
v 27.25648 12.099631 -24.041538
v 27.091004 8.155927 -24.37357
v 27.06607 4.077754 -24.423602
v 27.193576 -0.115553 -24.167755
v 27.469557 -4.269025 -23.61399
v 27.870211 -8.064156 -22.810063
v 28.371737 -11.19989 -21.803733
v 29.022871 -13.475308 -20.49721
v 29.817945 -14.987376 -18.901864
v 30.651555 -16.21221 -17.229196
v 31.418295 -17.561773 -15.690705
v 32.131198 -19.016107 -14.260238
v 32.832768 -20.495387 -12.852514
v 33.4618 -22.104385 -11.590337
v 33.957093 -23.947872 -10.596515
v 34.282943 -26.342659 -9.942685
v 34.478453 -29.136577 -9.550387
v 34.594625 -31.73093 -9.317282
v 34.682463 -33.527021 -9.141032
v 28.984445 -5.562928 -2.939402
v 29.062963 -3.399261 -2.778211
v 29.187929 0.130722 -2.521669
v 29.246541 4.317922 -2.401343
v 29.125999 8.425554 -2.648805
v 28.784279 12.298177 -3.350324
v 28.285522 16.135174 -4.374225
v 27.676177 19.706477 -5.625155
v 27.002689 22.778388 -7.007762
v 26.236307 25.189435 -8.581073
v 25.365971 26.883789 -10.367791
v 24.464671 27.802458 -12.218078
v 23.605394 27.910025 -13.982093
v 22.755517 27.067273 -15.726811
v 21.893475 25.274705 -17.496502
v 21.108846 22.75037 -19.107273
v 20.491206 19.742616 -20.37523
v 20.055485 16.359703 -21.269725
v 19.756895 12.598954 -21.882703
v 19.595435 8.575717 -22.214165
v 19.571105 4.416044 -22.264112
v 19.695518 0.145012 -22.008704
v 19.964802 -4.077462 -21.455889
v 20.355735 -7.929174 -20.653341
v 20.845091 -11.106114 -19.648738
v 21.480425 -13.40503 -18.344456
v 22.256207 -14.920568 -16.751847
v 23.06959 -16.139942 -15.082049
v 23.817725 -17.483488 -13.546198
v 24.51333 -18.93134 -12.118185
v 25.197876 -20.404025 -10.712875
v 25.811645 -22.005851 -9.452864
v 26.294919 -23.84112 -8.460748
v 26.612863 -26.225232 -7.808039
v 26.803629 -29.006696 -7.416414
v 26.916983 -31.589484 -7.183709
v 27.002689 -33.377568 -7.007762
v 21.270659 -5.58074 -0.781894
v 21.347829 -3.404209 -0.619744
v 21.47065 0.154541 -0.361672
v 21.528256 4.383116 -0.24063
v 21.409783 8.540737 -0.489566
v 21.073928 12.469314 -1.195265
v 20.583731 16.36632 -2.225266
v 19.984844 19.998159 -3.483648
v 19.322915 23.127514 -4.874491
v 18.569686 25.589613 -6.457175
v 17.714288 27.325914 -8.254538
v 16.828456 28.2751 -10.115847
v 15.983927 28.400029 -11.890372
v 15.148636 27.560042 -13.645484
v 14.301389 25.755326 -15.425718
v 13.530227 23.205 -17.046085
v 12.923187 20.159258 -18.321595
v 12.494944 16.728362 -19.221419
v 12.201479 12.9118 -19.838049
v 12.04279 8.827848 -20.171486
v 12.018878 4.60576 -20.22173
v 12.141155 0.273563 -19.9648
v 12.405818 -4.005537 -19.408691
v 12.790041 -7.905784 -18.601363
v 13.270998 -11.120076 -17.590774
v 13.895428 -13.442923 -16.278723
v 14.657896 -14.968342 -14.676626
v 15.457319 -16.19162 -12.99688
v 16.192613 -17.539468 -11.451879
v 16.87628 -18.991956 -10.015359
v 17.549078 -20.469357 -8.601678
v 18.152313 -22.076311 -7.33416
v 18.627293 -23.917457 -6.336133
v 18.939779 -26.309203 -5.679536
v 19.127271 -29.099573 -5.285578
v 19.23868 -31.69063 -5.051487
v 19.322915 -33.48444 -4.874491
v 13.567007 -5.628958 1.398044
v 13.643232 -3.433469 1.562044
v 13.764547 0.156476 1.823058
v 13.821447 4.422304 1.94548
v 13.704426 8.616793 1.693706
v 13.372688 12.58043 0.97996
v 12.888501 16.51233 -0.061786
v 12.296955 20.176808 -1.334518
v 11.643141 23.334423 -2.741221
v 10.899146 25.818906 -4.341952
v 10.054234 27.571145 -6.15981
v 9.179262 28.52924 -8.042344
v 8.345086 28.655684 -9.837103
v 7.520035 27.808581 -11.612229
v 6.683175 25.988106 -13.412763
v 5.921466 23.415287 -15.051606
v 5.321868 20.342502 -16.341662
v 4.898876 16.88101 -17.251746
v 4.609007 13.030349 -17.875407
v 4.452264 8.909885 -18.212646
v 4.428645 4.650058 -18.263463
v 4.549423 0.279212 -18.003604
v 4.810841 -4.037966 -17.441154
v 5.190354 -7.972839 -16.624619
v 5.665416 -11.2156 -15.602507
v 6.282191 -13.558942 -14.275494
v 7.035311 -15.09767 -12.655129
v 7.824934 -16.331517 -10.956229
v 8.551214 -17.691011 -9.39361
v 9.2265 -19.156048 -7.94071
v 9.891049 -20.646214 -6.510908
v 10.486889 -22.267053 -5.228937
v 10.956046 -24.124106 -4.21953
v 11.264702 -26.536517 -3.555446
v 11.449896 -29.350996 -3.156995
v 11.559938 -31.964441 -2.920235
v 11.643141 -33.773749 -2.741221
v 5.868241 -5.693864 3.590481
v 5.943713 -3.47801 3.756825
v 6.06383 0.138767 4.02157
v 6.120169 4.430459 4.145742
v 6.004303 8.642592 3.890369
v 5.67584 12.615612 3.166421
v 5.196433 16.553052 2.109784
v 4.610727 20.218837 0.81886
v 3.963367 23.373159 -0.60795
v 3.226717 25.850154 -2.231562
v 2.390146 27.592141 -4.075404
v 1.523811 28.538287 -5.984847
v 0.69787 28.651998 -7.805261
v -0.119036 27.79057 -9.60576
v -0.947635 25.95445 -11.43203
v -1.701824 23.366897 -13.0943
v -2.295503 20.28233 -14.402795
v -2.71432 16.811906 -15.325888
v -3.001326 12.953346 -15.958464
v -3.156522 8.82526 -16.300524
v -3.179908 4.557257 -16.352067
v -3.060322 0.175616 -16.088493
v -2.801485 -4.155394 -15.518003
v -2.425719 -8.10545 -14.689797
v -1.955347 -11.362936 -13.653075
v -1.34466 -13.71948 -12.307094
v -0.598975 -15.271757 -10.663568
v 0.182853 -16.519831 -8.940383
v 0.901964 -17.895001 -7.355429
v 1.570583 -19.376931 -5.881761
v 2.228572 -20.88428 -4.431521
v 2.81853 -22.523808 -3.131226
v 3.283055 -24.402274 -2.10739
v 3.588664 -26.842502 -1.433813
v 3.77203 -29.689434 -1.029668
v 3.880986 -32.333014 -0.789523
v 3.963367 -34.163184 -0.60795
v -1.830584 -5.761459 5.785166
v -1.755867 -3.528367 5.953944
v -1.636951 0.104672 6.222561
v -1.581176 4.404593 6.34855
v -1.695883 8.610463 6.089441
v -2.021061 12.564123 5.354903
v -2.495673 16.475412 4.28281
v -3.075522 20.109716 2.973002
v -3.716407 23.228765 1.52532
v -4.44569 25.668979 -0.122042
v -5.273894 27.375862 -1.992856
v -6.131564 28.291119 -3.93023
v -6.949245 28.380187 -5.777273
v -7.757981 27.500187 -7.60411
v -8.578293 25.652059 -9.457096
v -9.32494 23.06114 -11.143681
v -9.912681 19.98327 -12.471317
v -10.327309 16.528393 -13.407913
v -10.611445 12.690886 -14.049742
v -10.765089 8.586854 -14.396805
v -10.788241 4.343176 -14.449103
v -10.669851 -0.017944 -14.181674
v -10.413602 -4.334528 -13.602839
v -10.041594 -8.276181 -12.762517
v -9.575927 -11.530821 -11.71063
v -8.971348 -13.890031 -10.34496
v -8.23312 -15.453055 -8.677392
v -7.459112 -16.715946 -6.929
v -6.747193 -18.107441 -5.320861
v -6.085261 -19.606964 -3.825636
v -5.433852 -21.132207 -2.354182
v -4.849794 -22.791199 -1.034866
v -4.389915 -24.691965 0.003947
v -4.087362 -27.161162 0.687376
v -3.905831 -30.041891 1.097434
v -3.797964 -32.716854 1.341091
v -3.716407 -34.568752 1.52532
v -9.533738 -5.818585 7.972362
v -9.459947 -3.575335 8.143276
v -9.342505 0.058479 8.415294
v -9.287421 4.344583 8.542878
v -9.400706 8.5178 8.280489
v -9.721853 12.422752 7.536652
v -10.190581 16.276498 6.450988
v -10.763241 19.84773 5.124599
v -11.396181 22.901611 3.658591
v -12.116422 25.278558 1.990375
v -12.934359 26.928649 0.095878
v -13.781397 27.797323 -1.866022
v -14.58894 27.852926 -3.736446
v -15.38765 26.953172 -5.586409
v -16.197792 25.099655 -7.462851
v -16.935182 22.519191 -9.170787
v -17.515637 19.468042 -10.51523
v -17.925125 16.053896 -11.463682
v -18.205738 12.266688 -12.113636
v -18.357478 8.218511 -12.465093
v -18.380342 4.031853 -12.518052
v -18.26342 -0.276654 -12.247238
v -18.010348 -4.549032 -11.661076
v -17.642952 -8.456697 -10.810117
v -17.183058 -11.688746 -9.744914
v -16.585974 -14.037904 -8.361955
v -15.856898 -15.606275 -6.673277
v -15.092486 -16.881688 -4.902753
v -14.389393 -18.28698 -3.274256
v -13.735667 -19.801371 -1.760103
v -13.092334 -21.341737 -0.270022
v -12.515517 -23.017177 1.065995
v -12.061339 -24.936791 2.117958
v -11.762537 -27.43047 2.810039
v -11.583256 -30.339762 3.225288
v -11.476727 -33.041248 3.47203
v -11.396181 -34.911507 3.658591
v -17.244519 -5.853971 10.143627
v -17.171956 -3.610687 10.316046
v -17.056469 0.005195 10.59046
v -17.002303 4.253252 10.719167
v -17.113702 8.367404 10.454467
v -17.429502 12.196264 9.704079
v -17.890427 15.96405 8.608853
v -18.453553 19.444445 7.270782
v -19.075955 22.407763 5.791861
v -19.784205 24.699835 4.108952
v -20.588525 26.276241 2.197769
v -21.42146 27.086985 0.21859
v -22.21556 27.103917 -1.668308
v -23.000972 26.186166 -3.534565
v -23.797626 24.336068 -5.427534
v -24.52274 21.780961 -7.150513
v -25.093531 18.776263 -8.506797
v -25.496201 15.426516 -9.463602
v -25.772143 11.716615 -10.119281
v -25.921356 7.753466 -10.473834
v -25.94384 3.653893 -10.527259
v -25.828865 -0.571954 -10.25406
v -25.580006 -4.771502 -9.662735
v -25.218727 -8.619945 -8.804281
v -24.766489 -11.809344 -7.729696
v -24.179346 -14.134804 -6.334557
v -23.462408 -15.701186 -4.631006
v -22.710722 -16.984356 -2.844888
v -22.019334 -18.398194 -1.202047
v -21.376492 -19.921795 0.325442
v -20.74387 -21.471529 1.828646
v -20.176656 -23.157159 3.176431
v -19.730039 -25.088447 4.237659
v -19.436212 -27.597291 4.935836
v -19.259916 -30.524277 5.354742
v -19.15516 -33.242192 5.603657
v -19.075955 -35.123825 5.791861
v -24.96505 -5.859129 12.292502
v -24.894102 -3.627882 12.465539
v -24.781185 -0.050035 12.740937
v -24.728224 4.135747 12.870106
v -24.837144 8.166569 12.604457
v -25.145916 11.895995 11.851378
v -25.596584 15.554453 10.752224
v -26.147178 18.922012 9.409355
v -26.755729 21.775564 7.925132
v -27.448218 23.967371 6.236188
v -28.234638 25.458958 4.318153
v -29.049037 26.205325 2.331877
v -29.825464 26.182103 0.438212
v -30.593398 25.250646 -1.434736
v -31.372323 23.414047 -3.334493
v -32.0813 20.898957 -5.06365
v -32.639388 17.958551 -6.424797
v -33.033098 14.693547 -7.385034
v -33.302899 11.083698 -8.043064
v -33.448791 7.229965 -8.398887
v -33.470775 3.24267 -8.452505
v -33.358358 -0.874803 -8.178325
v -33.115037 -4.9763 -7.58488
v -32.761798 -8.742682 -6.723348
v -32.319624 -11.870732 -5.64491
v -31.745548 -14.159129 -4.244768
v -31.044565 -15.715021 -2.535109
v -30.309607 -16.999321 -0.742586
v -29.633606 -18.414406 0.906145
v -29.005069 -19.939349 2.439111
v -28.386526 -21.490448 3.947706
v -27.831935 -23.177564 5.300323
v -27.395257 -25.110553 6.365357
v -27.107969 -27.621608 7.066037
v -26.935596 -30.551173 7.486445
v -26.833172 -33.271483 7.736253
v -26.755729 -35.154774 7.925132
v -32.696173 -5.829039 14.415053
v -32.62726 -3.62266 14.587666
v -32.517581 -0.102629 14.862388
v -32.466139 3.998488 14.991239
v -32.571935 7.925406 14.726242
v -32.871853 11.537309 13.975012
v -33.309597 15.069192 12.878556
v -33.844402 18.308558 11.538983
v -34.435503 21.039926 10.058403
v -35.108134 23.122607 8.373604
v -35.872003 24.524047 6.460276
v -36.663048 25.204298 4.478875
v -37.417211 25.14276 2.589859
v -38.163123 24.203746 0.721508
v -38.919712 22.391054 -1.173587
v -39.608358 19.929326 -2.898499
v -40.150443 17.06807 -4.256306
v -40.532863 13.903743 -5.214185
v -40.794927 10.411296 -5.8706
v -40.936636 6.685388 -6.225551
v -40.957989 2.82946 -6.279036
v -40.848796 -1.159607 -6.00553
v -40.612453 -5.142682 -5.413541
v -40.269343 -8.807956 -4.554124
v -39.839849 -11.858553 -3.478332
v -39.282234 -14.097772 -2.081627
v -38.601353 -15.634317 -0.376164
v -37.88747 -16.912021 1.411959
v -37.230854 -18.319838 3.056643
v -36.620342 -19.83695 4.585847
v -36.019535 -21.380084 6.090739
v -35.480848 -23.058535 7.440036
v -35.056692 -24.981598 8.502456
v -34.777642 -27.479757 9.201416
v -34.610212 -30.394277 9.620793
v -34.510725 -33.100617 9.869987
v -34.435503 -34.974237 10.058403
v -40.43745 -5.762582 16.510229
v -40.370974 -3.593471 16.681332
v -40.265173 -0.149204 16.953652
v -40.21555 3.848089 17.081377
v -40.317605 7.655072 16.818697
v -40.606918 11.136928 16.074035
v -41.029184 14.531171 14.987167
v -41.545078 17.633417 13.659307
v -42.115277 20.236505 12.191673
v -42.764124 22.207027 10.521607
v -43.500982 23.51797 8.625009
v -44.264056 24.1342 6.660934
v -44.991551 24.038642 4.788435
v -45.711088 23.099185 2.93642
v -46.440924 21.320237 1.057897
v -47.10522 18.923113 -0.651933
v -47.628136 16.152341 -1.997867
v -47.997033 13.099894 -2.947371
v -48.249831 9.736576 -3.598046
v -48.386529 6.150745 -3.949893
v -48.407127 2.438955 -4.002911
v -48.301795 -1.407734 -3.731796
v -48.073809 -5.257445 -3.144984
v -47.742831 -8.807065 -2.293081
v -47.328524 -11.767423 -1.226696
v -46.790627 -13.947303 0.157796
v -46.133822 -15.456069 1.848347
v -45.445182 -16.719206 3.620834
v -44.811784 -18.110973 5.251137
v -44.222859 -19.610788 6.766969
v -43.643298 -21.136329 8.258703
v -43.123658 -22.795644 9.596202
v -42.714501 -24.696781 10.649332
v -42.445318 -27.166459 11.34218
v -42.283808 -30.047751 11.75789
v -42.187839 -32.723235 12.004905
v -42.115277 -34.575494 12.191673
v -48.187261 -5.662682 18.580008
v -48.12356 -3.541665 18.748596
v -48.022176 -0.187964 19.016912
v -47.974624 3.690613 19.142759
v -48.072419 7.366507 18.883941
v -48.349655 10.711044 18.150228
v -48.754294 13.96212 17.079338
v -49.248654 16.923826 15.771001
v -49.795051 19.397664 14.324944
v -50.416813 21.257459 12.67943
v -51.122913 22.481144 10.810716
v -51.854134 23.037966 8.875517
v -52.551262 22.913995 7.030547
v -53.240763 21.981171 5.205761
v -53.940134 20.244387 3.354856
v -54.5767 17.920461 1.670164
v -55.077788 15.24783 0.344018
v -55.431287 12.313945 -0.591527
v -55.673532 9.086276 -1.232636
v -55.804524 5.647127 -1.579309
v -55.824262 2.086437 -1.631548
v -55.723327 -1.609654 -1.364419
v -55.504858 -5.316459 -0.786234
v -55.187696 -8.740577 0.053144
v -54.790683 -11.601587 1.103851
v -54.275239 -13.714398 2.467988
v -53.645851 -15.188123 4.133684
v -52.985957 -16.429363 5.880113
v -52.378999 -17.797002 7.486447
v -51.814657 -19.270816 8.979994
v -51.259288 -20.76991 10.449796
v -50.76134 -22.400459 11.767631
v -50.369261 -24.268639 12.805278
v -50.111315 -26.695502 13.48794
v -49.956548 -29.526844 13.897538
v -49.864584 -32.155946 14.140922
v -49.795051 -33.976094 14.324944
v -55.942994 -5.536157 20.629326
v -55.882302 -3.471409 20.794587
v -55.785708 -0.218755 21.057609
v -55.740403 3.531338 21.180974
v -55.833578 7.070014 20.927262
v -56.097716 10.274693 20.208025
v -56.483238 13.381766 19.158264
v -56.954242 16.203874 17.87574
v -57.474825 18.551246 16.458214
v -58.067212 20.304691 14.845167
v -58.739953 21.446422 13.013323
v -59.436628 21.949567 11.116305
v -60.10082 21.80292 9.307738
v -60.757746 20.882767 7.518955
v -61.424075 19.194373 5.704568
v -62.030567 16.94915 4.053115
v -62.507982 14.378641 2.753134
v -62.844779 11.565864 1.836048
v -63.07558 8.475766 1.207588
v -63.200383 5.184987 0.867754
v -63.219189 1.777272 0.816547
v -63.123022 -1.765221 1.078405
v -62.914874 -5.324745 1.645183
v -62.612697 -8.618221 2.467999
v -62.234441 -11.374661 3.497975
v -61.743349 -13.415487 4.835198
v -61.143695 -14.848764 6.46803
v -60.514978 -16.06227 8.180001
v -59.936695 -17.39935 9.754642
v -59.399016 -18.840234 11.218721
v -58.869885 -20.305833 12.659524
v -58.395462 -21.899949 13.951358
v -58.021907 -23.726387 14.968532
v -57.776147 -26.099025 15.637725
v -57.628692 -28.867104 16.039241
v -57.541073 -31.437463 16.277823
v -57.474825 -33.216942 16.458214
v -63.701305 -5.393276 22.665779
v -63.643725 -3.38935 22.827205
v -63.552083 -0.242805 23.084122
v -63.5091 3.375011 23.204623
v -63.597498 6.775608 22.9568
v -63.848094 9.842307 22.254257
v -64.213851 12.808628 21.228863
v -64.660706 15.495589 19.976108
v -65.154599 17.721961 18.591485
v -65.716615 19.375162 17.015879
v -66.354864 20.441078 15.226554
v -67.015821 20.896243 13.373569
v -67.64596 20.731785 11.60698
v -68.269206 19.828447 9.859717
v -68.901372 18.191761 8.087444
v -69.476769 16.027209 6.474324
v -69.929707 13.55903 5.204517
v -70.249237 10.865993 4.308718
v -70.468205 7.911195 3.694846
v -70.586609 4.766048 3.3629
v -70.604451 1.508588 3.312881
v -70.513215 -1.882211 3.568661
v -70.315739 -5.295165 4.122283
v -70.029054 -8.457699 4.926001
v -69.670191 -11.108506 5.93207
v -69.204277 -13.075633 7.238254
v -68.635367 -14.465537 8.833186
v -68.038884 -15.647724 10.50542
v -67.49025 -16.950296 12.043512
v -66.980137 -18.353993 13.473607
v -66.478134 -19.781766 14.880967
v -66.028035 -21.334741 16.142816
v -65.673632 -23.11404 17.13638
v -65.440473 -25.425444 17.79004
v -65.300577 -28.122082 18.182236
v -65.217451 -30.626104 18.415281
v -65.154599 -32.359657 18.591485
v -71.458423 -5.247062 24.699134
v -71.403907 -3.304069 24.856601
v -71.317142 -0.262257 25.107218
v -71.276447 3.226359 25.224764
v -71.360141 6.493778 24.983018
v -71.5974 9.428879 24.297704
v -71.943691 12.261684 23.297456
v -72.366765 14.82117 22.075423
v -72.834373 16.934214 20.724755
v -73.366478 18.494383 19.187789
v -73.97076 19.490767 17.442344
v -74.596541 19.902912 15.6348
v -75.193144 19.723978 13.911534
v -75.783221 18.83905 12.20712
v -76.381744 17.253867 10.47831
v -76.926518 15.167921 8.904748
v -77.355351 12.798207 7.666082
v -77.657876 10.219514 6.792251
v -77.865189 7.393524 6.193432
v -77.977292 4.386863 5.869627
v -77.994185 1.272339 5.820834
v -77.907804 -1.973696 6.070342
v -77.720838 -5.246162 6.610387
v -77.44941 -8.28268 7.394396
v -77.109646 -10.831381 8.375792
v -76.668528 -12.726742 9.649944
v -76.129896 -14.07337 11.205763
v -75.565157 -15.223508 12.836988
v -75.045721 -16.490767 14.337361
v -74.562756 -17.856409 15.732385
v -74.08747 -19.245475 17.105232
v -73.661325 -20.756348 18.336136
v -73.325783 -22.48741 19.305334
v -73.105033 -24.736151 19.942965
v -72.972582 -27.359682 20.325543
v -72.89388 -29.795818 20.552872
v -72.834373 -31.482373 20.724755
v -79.210487 -5.112375 26.740656
v -79.158835 -3.225377 26.894488
v -79.076629 -0.27965 27.139319
v -79.038072 3.090584 27.254151
v -79.117369 6.236153 27.017986
v -79.342163 9.051011 26.348493
v -79.67026 11.7619 25.371335
v -80.071106 14.205066 24.177513
v -80.514147 16.214788 22.858026
v -81.018297 17.690236 21.35654
v -81.59083 18.623392 19.65139
v -82.183733 18.996528 17.885573
v -82.748992 18.804643 16.202089
v -83.308067 17.936798 14.537022
v -83.875145 16.398912 12.848121
v -84.391298 14.384972 11.310886
v -84.7976 12.105323 10.100814
v -85.084231 9.631124 9.247155
v -85.280653 6.9228 8.662161
v -85.386866 4.04263 8.34583
v -85.402871 1.058669 8.298164
v -85.321029 -2.055083 8.541912
v -85.143885 -5.199108 9.06949
v -84.886718 -8.12036 9.8354
v -84.564804 -10.575616 10.79414
v -84.146862 -12.405243 12.038879
v -83.636528 -13.71212 13.558781
v -83.10146 -14.832734 15.152349
v -82.609314 -16.067464 16.618085
v -82.151724 -17.398051 17.980906
v -81.701408 -18.751461 19.322059
v -81.297652 -20.223551 20.524548
v -80.97974 -21.910178 21.471372
v -80.770587 -24.101196 22.094283
v -80.645095 -26.657383 22.46803
v -80.570527 -29.030986 22.690111
v -80.514147 -30.674249 22.858026
v -86.953876 -5.00484 28.802312
v -86.904744 -3.163544 28.953306
v -86.82655 -0.297456 29.193621
v -86.789874 2.973573 29.306336
v -86.865301 6.015685 29.074527
v -87.079126 8.727242 28.417382
v -87.391213 11.332798 27.458248
v -87.772499 13.674866 26.286446
v -88.193921 15.594118 24.991296
v -88.67347 16.994665 23.517505
v -89.218065 17.87122 21.843806
v -89.782037 18.208591 20.11056
v -90.319713 18.003515 18.458127
v -90.851507 17.148393 16.823772
v -91.390913 15.649344 15.166023
v -91.881879 13.695893 13.657141
v -92.268355 11.492903 12.469389
v -92.540999 9.108357 11.631476
v -92.727836 6.501313 11.057272
v -92.828867 3.730148 10.746776
v -92.844091 0.858656 10.699989
v -92.766242 -2.141525 10.939241
v -92.597742 -5.175779 11.457088
v -92.353124 -7.998936 12.20887
v -92.046919 -10.375031 13.149928
v -91.649371 -12.149399 14.371707
v -91.16394 -13.423696 15.863575
v -90.654982 -14.520739 17.42775
v -90.186851 -15.729497 18.86645
v -89.751589 -17.032096 20.204134
v -89.323248 -18.357038 21.52055
v -88.939194 -19.798164 22.700859
v -88.636794 -21.449314 23.63022
v -88.437847 -23.594246 24.241641
v -88.318479 -26.096666 24.608494
v -88.24755 -28.420341 24.826479
v -88.193921 -30.02904 24.991296
v -94.685513 -4.939694 30.895899
v -94.638436 -3.128501 31.045321
v -94.563512 -0.317766 31.283134
v -94.52837 2.881782 31.394674
v -94.600642 5.846226 31.16528
v -94.805524 8.477479 30.514978
v -95.104559 10.999802 29.565831
v -95.469899 13.260641 28.406231
v -95.873695 15.105711 27.124567
v -96.333187 16.443247 25.666122
v -96.855006 17.27065 24.009851
v -97.39539 17.575131 22.294653
v -97.910579 17.355139 20.659427
v -98.420131 16.505501 19.042089
v -98.936977 15.032587 17.401602
v -99.40741 13.12307 15.908432
v -99.777722 10.978061 14.733048
v -100.038963 8.662947 13.90386
v -100.217986 6.135072 13.335635
v -100.314791 3.449411 13.028372
v -100.329378 0.666033 12.982072
v -100.254786 -2.246019 13.218833
v -100.093333 -5.19623 13.731288
v -99.858946 -7.945227 14.475242
v -99.565547 -10.262305 15.4065
v -99.184626 -11.996453 16.615557
v -98.719498 -13.248966 18.09189
v -98.231826 -14.331729 19.639778
v -97.783274 -15.524754 21.063498
v -97.366216 -16.810398 22.387252
v -96.955789 -18.118093 23.689961
v -96.587798 -19.540461 24.85798
v -96.298046 -21.170119 25.777663
v -96.107419 -23.287131 26.382717
v -95.993044 -25.756978 26.74575
v -95.925081 -28.050408 26.961465
v -95.873695 -29.638167 27.124567
v -102.403125 -4.930622 33.032147
v -102.357548 -3.129068 33.181688
v -102.28501 -0.342066 33.419688
v -102.250987 2.821864 33.531317
v -102.320958 5.74169 33.301741
v -102.519315 8.321794 32.650925
v -102.808827 10.788735 31.701029
v -103.162532 12.993207 30.540513
v -103.553469 14.784262 29.257838
v -103.998328 16.073261 27.798241
v -104.50353 16.860307 26.140662
v -105.026705 17.134906 24.424109
v -105.525487 16.897221 22.787592
v -106.018812 16.043333 21.168978
v -106.519199 14.57994 19.527195
v -106.97465 12.692973 18.032847
v -107.33317 10.58206 16.856534
v -107.586091 8.310705 16.026691
v -107.759413 5.83402 15.458017
v -107.853135 3.204156 15.150512
v -107.867258 0.478101 15.104176
v -107.79504 -2.378102 15.341123
v -107.63873 -5.277056 15.853983
v -107.411806 -7.982506 16.598525
v -107.127751 -10.266425 17.530518
v -106.758961 -11.979767 18.74053
v -106.308645 -13.224632 20.218029
v -105.836503 -14.305407 21.767139
v -105.402236 -15.49624 23.191983
v -104.99846 -16.779523 24.516782
v -104.601103 -18.084817 25.82052
v -104.244831 -19.504572 26.989461
v -103.964306 -21.131237 27.90987
v -103.77975 -23.24436 28.515402
v -103.669017 -25.709671 28.878722
v -103.603219 -27.998888 29.094607
v -103.553469 -29.583731 29.257838
v -110.105435 -4.988659 35.219865
v -110.060751 -3.172231 35.371563
v -109.989633 -0.37105 35.612996
v -109.956277 2.800292 35.726235
v -110.024877 5.715195 35.493348
v -110.219349 8.279216 34.833144
v -110.503189 10.724295 33.869545
v -110.849964 12.902345 32.692287
v -111.233243 14.663704 31.391108
v -111.669387 15.921659 29.910456
v -112.164691 16.679016 28.228965
v -112.677618 16.927435 26.48765
v -113.166628 16.668802 24.827525
v -113.650289 15.799036 23.185561
v -114.140873 14.325254 21.520094
v -114.587402 12.435175 20.004188
v -114.938898 10.329662 18.810907
v -115.186864 8.071195 17.969093
v -115.356791 5.612044 17.392215
v -115.448677 3.002242 17.080274
v -115.462523 0.296464 17.033269
v -115.39172 -2.542707 17.273635
v -115.238472 -5.429808 17.793893
v -115.015994 -8.128492 18.549175
v -114.737503 -10.410304 19.494613
v -114.375938 -12.12614 20.72208
v -113.934444 -13.380295 22.220893
v -113.471552 -14.473791 23.79235
v -113.045791 -15.678641 25.237749
v -112.649926 -16.977029 26.58166
v -112.260354 -18.297687 27.904204
v -111.911061 -19.734153 29.090008
v -111.636031 -21.379965 30.023695
v -111.455091 -23.517962 30.637963
v -111.346527 -26.012291 31.006523
v -111.282018 -28.328454 31.225523
v -111.233243 -29.931951 31.391108
v -117.79227 -5.121243 37.46518
v -117.747865 -3.262493 37.621317
v -117.677193 -0.404379 37.869816
v -117.644046 2.823198 37.986369
v -117.712216 5.778627 37.746666
v -117.90547 8.367112 37.067142
v -118.187533 10.829313 36.075344
v -118.532138 13.016006 34.863636
v -118.913017 14.776431 33.524379
v -119.346431 16.024361 32.000397
v -119.838634 16.76522 30.269699
v -120.348349 16.992586 28.477426
v -120.834298 16.710012 26.768719
v -121.31493 15.811651 25.078704
v -121.802443 14.305127 23.364499
v -122.246176 12.382775 21.804232
v -122.595472 10.249743 20.57603
v -122.841886 7.968512 19.709582
v -123.010748 5.487902 19.115822
v -123.102059 2.85671 18.794753
v -123.115818 0.128259 18.746372
v -123.045459 -2.738742 18.993772
v -122.89317 -5.659343 19.529255
v -122.672085 -8.393444 20.30664
v -122.395338 -10.708641 21.279745
v -122.036036 -12.453461 22.543132
v -121.597306 -13.735904 24.085807
v -121.137312 -14.858462 25.703251
v -120.714218 -16.095334 27.190947
v -120.32083 -17.428229 28.574186
v -119.933697 -18.783986 29.935434
v -119.586591 -20.25863 31.155939
v -119.313284 -21.948183 32.11695
v -119.133476 -24.143001 32.749193
v -119.025592 -26.703622 33.128539
v -118.961487 -29.081342 33.353948
v -118.913017 -30.727456 33.524379
v -125.464591 -5.331474 39.770934
v -125.419892 -3.401338 39.933904
v -125.348749 -0.44036 40.19328
v -125.315382 2.896548 40.314934
v -125.384006 5.942788 40.06474
v -125.578545 8.601459 39.355474
v -125.862483 11.12521 38.320266
v -126.209379 13.361001 37.055523
v -126.592791 15.154261 35.657649
v -127.029087 16.417531 34.066965
v -127.524563 17.158553 32.260517
v -128.037667 17.372413 30.389799
v -128.526847 17.064146 28.606304
v -129.010676 16.12438 26.84232
v -129.50143 14.561321 25.053088
v -129.948114 12.574886 23.42453
v -130.299732 10.37778 22.142572
v -130.547785 8.033672 21.2382
v -130.71777 5.487484 20.618453
v -130.809688 2.787896 20.28333
v -130.823539 -0.011896 20.232832
v -130.752712 -2.957256 20.49106
v -130.59941 -5.962048 21.04998
v -130.376855 -8.778402 21.86139
v -130.098268 -11.166128 22.877087
v -129.736577 -12.96885 24.195771
v -129.294929 -14.299774 25.805966
v -128.831877 -15.468414 27.494203
v -128.405969 -16.75606 29.047013
v -128.009966 -18.143672 30.490795
v -127.620258 -19.555084 31.911622
v -127.270844 -21.090263 33.185547
v -126.995719 -22.849173 34.188619
v -126.814716 -25.13409 34.848535
v -126.706115 -27.799827 35.244485
v -126.641583 -30.275154 35.479759
v -126.592791 -31.988842 35.657649
v -133.124435 -5.617635 42.136265
v -133.078945 -3.586849 42.30843
v -133.006547 -0.475613 42.582439
v -132.97259 3.026515 42.710957
v -133.042426 6.21797 42.446647
v -133.240401 8.99772 41.697366
v -133.529356 11.633238 40.603755
v -133.88238 13.964656 39.267658
v -134.272565 15.830532 37.79092
v -134.716568 17.140094 36.110493
v -135.220797 17.902759 34.20213
v -135.742966 18.114407 32.225871
v -136.240788 17.781146 30.341756
v -136.733164 16.788227 28.478253
v -137.232587 15.144454 26.588076
v -137.687162 13.060289 24.86764
v -138.044992 10.759334 23.513356
v -138.297427 8.307852 22.557962
v -138.470415 5.646732 21.903251
v -138.563957 2.825993 21.549222
v -138.578052 -0.099701 21.495875
v -138.505974 -3.179573 21.768671
v -138.349964 -6.324244 22.359124
v -138.123477 -9.273791 23.216311
v -137.839969 -11.776181 24.289311
v -137.471888 -13.667436 25.682392
v -137.022439 -15.0673 27.38343
v -136.551206 -16.298665 29.166913
v -136.117774 -17.655424 30.807329
v -135.714775 -19.117514 32.332565
v -135.318183 -20.604683 33.833552
v -134.962596 -22.222261 35.179348
v -134.682611 -24.075579 36.239011
v -134.498411 -26.483137 36.936157
v -134.38789 -29.291954 37.354445
v -134.322219 -31.900142 37.602993
v -134.272565 -33.70581 37.79092
v -140.774771 -5.973015 44.556427
v -140.728115 -3.813553 44.739959
v -140.65386 -0.504891 45.032059
v -140.619032 3.219754 45.169062
v -140.690659 6.614381 44.887302
v -140.893711 9.571489 44.088551
v -141.190074 12.375386 42.922737
v -141.55215 14.855992 41.498427
v -141.952339 16.841553 39.92419
v -142.407727 18.23546 38.132817
v -142.924884 19.047635 36.098459
v -143.460441 19.273628 33.991722
v -143.971027 18.919872 31.983213
v -144.476027 17.864329 29.996676
v -144.988256 16.116346 27.981704
v -145.454486 13.899714 26.147679
v -145.821491 11.452216 24.703983
v -146.080398 8.844364 23.685511
v -146.257822 6.013382 22.987574
v -146.353762 3.012544 22.61017
v -146.368219 -0.099932 22.553301
v -146.294292 -3.376286 22.844109
v -146.134282 -6.721385 23.473545
v -145.901988 -9.858777 24.387326
v -145.611211 -12.520413 25.531168
v -145.233692 -14.531885 27.016224
v -144.772719 -16.02048 28.829569
v -144.289404 -17.329744 30.730802
v -143.844859 -18.772334 32.479524
v -143.431527 -20.326918 34.10546
v -143.024767 -21.908167 35.705546
v -142.660063 -23.628075 37.140195
v -142.372899 -25.598637 38.26982
v -142.183975 -28.158501 39.012994
v -142.070621 -31.145008 39.458899
v -142.003266 -33.918194 39.723856
v -141.952339 -35.838092 39.92419
v -148.419298 -6.386049 47.022845
v -148.371245 -4.072556 47.219576
v -148.294768 -0.521261 47.532684
v -148.258897 3.483108 47.679539
v -148.332668 7.141667 47.377515
v -148.541797 10.337775 46.521319
v -148.847032 13.37338 45.271661
v -149.219945 16.064432 43.744916
v -149.632113 18.225023 42.057461
v -150.101131 19.749658 40.137254
v -150.633768 20.646938 37.956586
v -151.185356 20.910411 35.698333
v -151.711225 20.545679 33.545374
v -152.231341 19.421475 31.415967
v -152.758902 17.547541 29.25608
v -153.239088 15.163438 27.290153
v -153.617078 12.524222 25.742627
v -153.883734 9.706596 24.650908
v -154.066469 6.645163 23.902775
v -154.165281 3.398911 23.498229
v -154.18017 0.032299 23.43727
v -154.104031 -3.508249 23.748992
v -153.939232 -7.118823 24.423697
v -153.699985 -10.501854 25.403197
v -153.400503 -13.369082 26.629303
v -153.011685 -15.532779 28.221163
v -152.536914 -17.128296 30.164922
v -152.039132 -18.528095 32.202891
v -151.58128 -20.07044 34.077379
v -151.155577 -21.732523 35.820251
v -150.736641 -23.423115 37.535415
v -150.36102 -25.261955 39.073243
v -150.065261 -27.368781 40.284109
v -149.870683 -30.105659 41.080732
v -149.753936 -33.298684 41.558706
v -149.684565 -36.263635 41.842719
v -149.632113 -38.316294 42.057461
v -156.062182 -6.840773 49.523421
v -156.012668 -4.351999 49.734706
v -155.933864 -0.516811 50.070974
v -155.896903 3.822374 50.228694
v -155.972917 7.806881 49.904328
v -156.188408 11.307937 48.984796
v -156.502926 14.644467 47.642696
v -156.887183 17.614359 46.003013
v -157.311887 20.013367 44.190732
v -157.795171 21.723537 42.12848
v -158.344009 22.749584 39.786501
v -158.912374 23.080802 37.361198
v -159.454238 22.720328 35.048977
v -159.990175 21.52578 32.762051
v -160.533783 19.507026 30.44239
v -161.028574 16.921351 28.331038
v -161.418061 14.043833 26.669036
v -161.692828 10.959582 25.496558
v -161.881121 7.602404 24.693084
v -161.982938 4.040032 24.258612
v -161.998281 0.346484 24.193144
v -161.919826 -3.53053 24.527925
v -161.750014 -7.474768 25.25254
v -161.50349 -11.162999 26.304497
v -161.194899 -14.282672 27.621302
v -160.794254 -16.629871 29.330917
v -160.305042 -18.34793 31.418463
v -159.792119 -19.847403 33.607187
v -159.320341 -21.499571 35.620337
v -158.881689 -23.280005 37.492135
v -158.450011 -25.090977 39.334175
v -158.062965 -27.060753 40.985761
v -157.75821 -29.317597 42.286199
v -157.557713 -32.249357 43.141751
v -157.437415 -35.669743 43.655082
v -157.365934 -38.845816 43.960105
v -157.311887 -41.044636 44.190732
v -163.707769 -7.317576 52.043081
v -163.656901 -4.637859 52.269674
v -163.575941 -0.48395 52.630308
v -163.537969 4.240007 52.799455
v -163.616063 8.610675 52.451587
v -163.837448 12.483966 51.465429
v -164.16057 16.193535 50.026084
v -164.555338 19.514968 48.267595
v -164.991661 22.221333 46.324002
v -165.488166 24.178259 44.112327
v -166.052018 25.383331 41.600656
v -166.635931 25.818809 38.999624
v -167.192619 25.483304 36.519867
v -167.743216 24.221579 34.067237
v -168.301695 22.043251 31.579502
v -168.810021 19.224641 29.315168
v -169.210163 16.063081 27.532743
v -169.492447 12.654495 26.275311
v -169.685891 8.93447 25.41362
v -169.790494 4.982995 24.947668
v -169.806256 0.88748 24.877456
v -169.725654 -3.399559 25.236494
v -169.551197 -7.745603 26.013612
v -169.297929 -11.797471 27.14179
v -168.980897 -15.214597 28.554007
v -168.569292 -17.774173 30.387495
v -168.066697 -19.626784 32.626297
v -167.539742 -21.230771 34.973609
v -167.055059 -22.998096 37.132625
v -166.604407 -24.902626 39.140047
v -166.16092 -26.839823 41.115555
v -165.763286 -28.946893 42.88681
v -165.450194 -31.36104 44.281474
v -165.244212 -34.497144 45.199016
v -165.120623 -38.155932 45.749541
v -165.047186 -41.553378 46.076665
v -164.991661 -43.905456 46.324002
v -171.360281 -7.794206 54.56452
v -171.308333 -4.914998 54.806493
v -171.225654 -0.417141 55.191604
v -171.186876 4.73204 55.372231
v -171.266628 9.542194 55.000752
v -171.492714 13.850794 53.947661
v -171.822697 18.002528 52.410625
v -172.225848 21.746638 50.532783
v -172.671435 24.829343 48.457273
v -173.178483 27.095824 46.095485
v -173.754307 28.532861 43.41334
v -174.350619 29.112583 40.63577
v -174.919127 28.826735 37.987705
v -175.481415 27.505789 35.36861
v -176.051753 25.158643 32.712025
v -176.570873 22.081192 30.294005
v -176.979511 18.594536 28.390602
v -177.267789 14.807814 27.047826
v -177.46534 10.661547 26.127649
v -177.572164 6.25169 25.630072
v -177.588261 1.683099 25.555094
v -177.505948 -3.082739 25.938501
v -177.327786 -7.893004 26.768364
v -177.06914 -12.360917 27.973114
v -176.745376 -16.114837 29.481182
v -176.325032 -18.910761 31.439114
v -175.811765 -20.905173 33.829869
v -175.273621 -22.613635 36.336499
v -174.778646 -24.496075 38.642053
v -174.318425 -26.524656 40.785724
v -173.865521 -28.588033 42.895315
v -173.459444 -30.832347 44.78679
v -173.139704 -33.403739 46.276113
v -172.929349 -36.744113 47.255931
v -172.803136 -40.641216 47.843821
v -172.728139 -44.259954 48.193148
v -172.671435 -46.765234 48.457273
v -179.02353 -8.246968 57.069124
v -178.970927 -5.16838 57.325809
v -178.887206 -0.314743 57.734336
v -178.847939 5.284905 57.925946
v -178.928696 10.573829 57.53188
v -179.157632 15.368409 56.414759
v -179.491774 20.01957 54.784268
v -179.900006 24.246887 52.792248
v -180.351209 27.766302 50.590543
v -180.864647 30.398936 48.085154
v -181.44773 32.117088 45.239929
v -182.051557 32.879714 42.293476
v -182.62723 32.669352 39.484404
v -183.196606 31.30124 36.706062
v -183.774131 28.783067 33.887951
v -184.299795 25.429942 31.322911
v -184.713583 21.587285 29.303777
v -185.005494 17.379548 27.879357
v -185.205535 12.755554 26.903231
v -185.313706 7.83068 26.3754
v -185.330005 2.731012 26.295864
v -185.246655 -2.568665 26.702583
v -185.066248 -7.891626 27.582904
v -184.804342 -12.814987 28.860905
v -184.476497 -16.934058 30.460666
v -184.050855 -19.982065 32.537644
v -183.531119 -22.119545 35.073763
v -182.986192 -23.927251 37.732801
v -182.484979 -25.919041 40.178538
v -182.018958 -28.065461 42.452549
v -181.560345 -30.248699 44.690407
v -181.14915 -32.623384 46.696887
v -180.82538 -35.344146 48.276764
v -180.612374 -38.878561 49.316157
v -180.48457 -43.002045 49.939793
v -180.408628 -46.830994 50.310359
v -180.351209 -49.481805 50.590543
v -186.700658 -8.652053 59.537998
v -186.647949 -5.384266 59.80798
v -186.564062 -0.180499 60.237669
v -186.524716 5.873131 60.439204
v -186.605634 11.657521 60.024726
v -186.835026 16.966249 58.849735
v -187.169835 22.151185 57.134781
v -187.57888 26.900278 55.039572
v -188.030983 30.897146 52.723814
v -188.545445 33.936316 50.088641
v -189.129689 35.972514 47.096028
v -189.73472 36.94902 43.996943
v -190.311541 36.837195 41.042355
v -190.882052 35.436839 38.120089
v -191.460728 32.753971 35.155995
v -191.987439 29.121579 32.45808
v -192.402052 24.908747 30.334351
v -192.694546 20.25665 28.836143
v -192.894985 15.125492 27.809452
v -193.003371 9.652696 27.254279
v -193.019703 3.988433 27.170622
v -192.936187 -1.875383 27.59841
v -192.75542 -7.735581 28.524333
v -192.492992 -13.132379 29.868537
v -192.164494 -17.627667 31.551169
v -191.738003 -20.931399 33.735739
v -191.217231 -23.206041 36.403234
v -190.671219 -25.10254 39.200015
v -190.169006 -27.192165 41.772446
v -189.702056 -29.444017 44.164255
v -189.242529 -31.734493 46.518039
v -188.830515 -34.225821 48.628459
v -188.506099 -37.080226 50.290176
v -188.292668 -40.788248 51.383412
v -188.164609 -45.114275 52.039353
v -188.088517 -49.131299 52.429115
v -188.030983 -51.912316 52.723814
v -194.393934 -8.986913 61.953051
v -194.341761 -5.55122 62.234197
v -194.258724 -0.024173 62.681654
v -194.219778 6.458945 62.891524
v -194.299875 12.724308 62.459905
v -194.526939 18.542468 61.236326
v -194.858349 24.261143 59.450455
v -195.263243 29.536725 57.268604
v -195.710757 34.020552 54.857084
v -196.219997 37.479767 52.112941
v -196.798312 39.849663 48.996576
v -197.397202 41.056417 45.769337
v -197.968168 41.059031 42.692571
v -198.532888 39.64261 39.649462
v -199.105692 36.811178 36.562796
v -199.627057 32.913224 33.753316
v -200.037462 28.339425 31.541766
v -200.326987 23.247994 29.981604
v -200.525392 17.612756 28.912457
v -200.632678 11.594315 28.334326
v -200.648844 5.368175 28.24721
v -200.566175 -1.054027 28.692688
v -200.387243 -7.441877 29.6569
v -200.127479 -13.300204 31.05669
v -199.802315 -18.15917 32.808903
v -199.380152 -21.70641 35.08381
v -198.864666 -24.104184 37.861611
v -198.324195 -26.074083 40.774046
v -197.82708 -28.244583 43.452853
v -197.364869 -30.583588 45.943569
v -196.910007 -32.962713 48.394686
v -196.502174 -35.550462 50.592377
v -196.181051 -38.515341 52.322811
v -195.969786 -42.366875 53.461254
v -195.843027 -46.860332 54.14432
v -195.767707 -51.032827 54.5502
v -195.710757 -53.921477 54.857084
v -202.104614 -9.231599 64.298067
v -202.053665 -5.660794 64.587603
v -201.972578 0.139013 65.048412
v -201.934546 6.99448 65.264545
v -202.012763 13.688369 64.820046
v -202.234497 19.969903 63.559955
v -202.558129 26.178433 61.720794
v -202.95352 31.941458 59.473835
v -203.390531 36.880719 56.990355
v -203.887819 40.737527 54.164326
v -204.452561 43.427671 50.954968
v -205.037395 44.860366 47.631427
v -205.59496 44.982205 44.462848
v -206.146426 43.565477 41.328933
v -206.705786 40.612078 38.150159
v -207.214914 36.482608 35.256844
v -207.615687 31.585715 32.979301
v -207.898416 26.095528 31.372583
v -208.092165 20.000372 30.271532
v -208.196933 13.483145 29.676149
v -208.21272 6.743713 29.586434
v -208.131991 -0.185867 30.045205
v -207.957259 -7.049465 31.038189
v -207.703591 -13.320779 32.47975
v -207.386059 -18.502357 34.284249
v -206.973805 -22.2622 36.62704
v -206.470417 -24.760468 39.487732
v -205.942631 -26.784001 42.487075
v -205.457183 -29.013597 45.245817
v -205.005821 -31.416286 47.810857
v -204.561634 -33.860187 50.335117
v -204.163373 -36.518393 52.598387
v -203.849787 -39.563997 54.380458
v -203.643481 -43.520396 55.552872
v -203.519697 -48.136196 56.256321
v -203.446144 -52.422295 56.674313
v -203.390531 -55.389595 56.990355
v -209.832872 -9.369983 66.559704
v -209.783844 -5.707809 66.854325
v -209.705814 0.290251 67.32323
v -209.669216 7.426757 67.543159
v -209.744484 14.455799 67.090852
v -209.957858 21.109112 65.808627
v -210.269288 27.714901 63.937158
v -210.649771 33.877293 61.65073
v -211.070305 39.194057 59.123625
v -211.548844 43.384883 56.247954
v -212.092292 46.348147 52.982221
v -212.655076 47.978088 49.600299
v -213.191619 48.210225 46.376062
v -213.722293 46.807087 43.187097
v -214.260562 43.768563 39.952485
v -214.750495 39.463049 37.008346
v -215.136157 34.311991 34.690796
v -215.408226 28.502698 33.055855
v -215.59467 22.037169 31.935463
v -215.695488 15.117356 31.329622
v -215.710679 7.963951 31.238331
v -215.632995 0.627788 31.705161
v -215.46485 -6.61346 32.715588
v -215.220747 -13.209536 34.18247
v -214.915187 -18.642039 36.018667
v -214.518476 -22.563861 38.402611
v -214.034068 -25.131632 41.313553
v -213.526182 -27.185499 44.365582
v -213.059037 -29.448517 47.172785
v -212.624692 -31.887223 49.782882
v -212.197253 -34.367758 52.351482
v -211.814008 -37.065811 54.654509
v -211.512245 -40.157069 56.467883
v -211.313718 -44.172776 57.660892
v -211.194601 -48.857767 58.376698
v -211.123821 -53.208117 58.802032
v -211.070305 -56.219897 59.123625
v -217.577809 -9.390783 68.728346
v -217.531363 -5.690243 69.024369
v -217.457442 0.410074 69.495504
v -217.422771 7.704869 69.716478
v -217.494076 14.937137 69.262021
v -217.696214 21.827046 67.973696
v -217.991244 28.690558 66.093326
v -218.351691 35.116709 63.796022
v -218.750079 40.687754 61.256896
v -219.203418 45.108579 58.367546
v -219.718248 48.26443 55.086279
v -220.251395 50.038437 51.68827
v -220.759684 50.357761 48.448696
v -221.262413 48.979336 45.244562
v -221.772337 45.901425 41.994564
v -222.236469 41.495149 39.03642
v -222.601822 36.188222 36.707846
v -222.859565 30.176818 35.065128
v -223.03619 23.474 33.939407
v -223.131699 16.295208 33.330684
v -223.14609 8.875866 33.238959
v -223.072497 1.281546 33.708009
v -222.913207 -6.195322 34.723242
v -222.681958 -12.990422 36.197103
v -222.392489 -18.573418 38.042034
v -222.016669 -22.588339 40.437317
v -221.55777 -25.187422 43.362106
v -221.076629 -27.245848 46.428653
v -220.634084 -29.51389 49.249209
v -220.222612 -31.958009 51.871721
v -219.817682 -34.444051 54.45254
v -219.454618 -37.148094 56.766521
v -219.168747 -40.246214 58.588521
v -218.980673 -44.270835 59.787205
v -218.867829 -48.966227 60.506416
v -218.800777 -53.326233 60.933772
v -218.750079 -56.344699 61.256896
v -225.337541 -9.288338 70.798768
v -225.294263 -5.608829 71.092301
v -225.225384 0.481822 71.559473
v -225.193078 7.788139 71.778589
v -225.259519 15.061503 71.327954
v -225.44787 22.01812 70.050466
v -225.722776 28.962206 68.185913
v -226.058638 35.478193 65.907933
v -226.429853 41.14354 63.390167
v -226.852271 45.657285 60.525121
v -227.331986 48.897671 57.271456
v -227.828768 50.742149 53.90203
v -228.302387 51.11342 50.689707
v -228.770826 49.767831 47.512525
v -229.245969 46.70262 44.289866
v -229.678444 42.286082 41.356606
v -230.018877 36.944677 39.047619
v -230.25904 30.877838 37.418719
v -230.423618 24.105563 36.302468
v -230.512612 16.849277 35.698865
v -230.526022 9.35095 35.607911
v -230.457448 1.684787 36.073016
v -230.309023 -5.850926 37.079709
v -230.093547 -12.689818 38.541172
v -229.823822 -18.300445 40.370584
v -229.473636 -22.325541 42.745718
v -229.046037 -24.91265 45.645905
v -228.597714 -26.948621 48.686656
v -228.185354 -29.19192 51.483486
v -227.801948 -31.609376 54.083938
v -227.424637 -34.068298 56.643047
v -227.086337 -36.742842 58.937564
v -226.819964 -39.807164 60.744237
v -226.644719 -43.78788 61.932838
v -226.539572 -48.43205 62.645999
v -226.477093 -52.744492 63.069761
v -226.429853 -55.73003 63.390167
v -233.109348 -9.063067 72.770562
v -233.069716 -5.466521 73.057697
v -233.006641 0.494873 73.514686
v -232.977057 7.653556 73.729027
v -233.037899 14.789461 73.288214
v -233.210381 21.6234 72.03857
v -233.462125 28.449521 70.214656
v -233.769688 34.859382 67.986327
v -234.109627 40.437655 65.523437
v -234.496454 44.887736 62.720838
v -234.935751 48.088142 59.538088
v -235.390677 49.917036 56.242102
v -235.824391 50.297293 53.099794
v -236.253362 48.990115 49.991862
v -236.688472 45.99247 46.839443
v -237.084509 41.664116 43.970115
v -237.396259 36.422278 41.711455
v -237.616186 30.463305 40.118058
v -237.766898 23.809006 39.026137
v -237.848394 16.678142 38.43569
v -237.860674 9.30977 38.346719
v -237.797877 1.779332 38.801686
v -237.661958 -5.619185 39.786438
v -237.464637 -12.330483 41.216046
v -237.217637 -17.833768 43.005585
v -236.896956 -21.77876 45.328951
v -236.505385 -24.308439 48.165926
v -236.094835 -26.295031 51.140401
v -235.717219 -28.483924 53.876272
v -235.366116 -30.842748 56.420045
v -235.020596 -33.242034 58.923377
v -234.710799 -35.851711 61.167883
v -234.46687 -38.841714 62.935178
v -234.30639 -42.725885 64.097873
v -234.210102 -47.257419 64.795489
v -234.152887 -51.465271 65.210015
v -234.109627 -54.3784 65.523437
v -240.889881 -8.721591 74.648297
v -240.854242 -5.267998 74.925308
v -240.79752 0.446894 75.366183
v -240.770916 7.300793 75.572966
v -240.82563 14.121654 75.147696
v -240.980737 20.643507 73.942115
v -241.207123 27.152611 72.182513
v -241.483705 33.259411 70.032756
v -241.789401 38.567826 67.656708
v -242.137262 42.795917 64.952929
v -242.532308 45.829956 61.882404
v -242.941409 47.555374 58.702635
v -243.331435 47.899971 55.671126
v -243.717195 46.635194 52.67278
v -244.108476 43.758528 49.631516
v -244.464619 39.615706 46.863362
v -244.744966 34.606917 44.684342
v -244.94274 28.919037 43.147129
v -245.07827 22.570328 42.093709
v -245.151557 15.768101 41.524082
v -245.1626 8.7389 41.438247
v -245.10613 1.551724 41.877172
v -244.983901 -5.513998 42.827202
v -244.806457 -11.927047 44.206402
v -244.584338 -17.188907 45.932841
v -244.295959 -20.964489 48.174285
v -243.943831 -23.392552 50.911227
v -243.574637 -25.304294 53.780822
v -243.235058 -27.410714 56.420225
v -242.919323 -29.680663 58.874304
v -242.608607 -31.989549 61.289367
v -242.330017 -34.5009 63.454731
v -242.110658 -37.378246 65.159711
v -241.966343 -41.116071 66.281409
v -241.879755 -45.476866 66.954427
v -241.828303 -49.526176 67.354337
v -241.789401 -52.329544 67.656708
v -248.675412 -8.27651 76.441398
v -248.643963 -5.019351 76.704931
v -248.59391 0.344506 77.124356
v -248.570433 6.753517 77.321078
v -248.618715 13.101011 76.916499
v -248.755586 19.141916 75.769575
v -248.955355 25.156543 74.095585
v -249.19942 30.784709 72.050422
v -249.469175 35.66031 69.789978
v -249.776138 39.525263 67.217749
v -250.124738 42.28026 64.296618
v -250.485741 43.823842 61.271558
v -250.829912 44.092978 58.387544
v -251.170317 42.874164 55.53508
v -251.515595 40.166097 52.641786
v -251.829867 36.295593 50.008314
v -252.077254 31.638859 47.935313
v -252.251775 26.367592 46.472891
v -252.371371 20.491737 45.470724
v -252.436042 14.199318 44.928812
v -252.445787 7.695807 44.847154
v -252.395955 1.036918 45.264723
v -252.288097 -5.521623 46.16853
v -252.131515 -11.484281 47.480626
v -251.93551 -16.385178 49.123067
v -251.681037 -19.91173 51.255455
v -251.370308 -22.198782 53.859234
v -251.04452 -24.012963 56.589211
v -250.744866 -26.011888 59.100196
v -250.466251 -28.165998 61.434874
v -250.192066 -30.357056 63.732435
v -249.94623 -32.740248 65.792445
v -249.752662 -35.470757 67.414471
v -249.625314 -39.017833 68.481593
v -249.548906 -43.156088 69.121867
v -249.503504 -46.998753 69.502319
v -249.469175 -49.65906 69.789978
v -256.462096 -7.745832 78.163749
v -256.434882 -4.72803 78.411001
v -256.391571 0.202151 78.804514
v -256.371256 6.056479 78.989083
v -256.413035 11.807647 78.609499
v -256.531471 17.237369 77.53343
v -256.704334 22.62107 75.962858
v -256.915526 27.636005 74.044044
v -257.148949 31.9543 71.923249
v -257.414568 35.348729 69.50993
v -257.716216 37.739373 66.769265
v -258.028597 39.042255 63.931091
v -258.326412 39.206673 61.225249
v -258.620969 38.037925 58.549008
v -258.919743 35.536435 55.83446
v -259.191686 32.006139 53.363682
v -259.405753 27.793738 51.418749
v -259.556768 23.0514 50.046675
v -259.660256 17.777265 49.106421
v -259.716217 12.134148 48.597988
v -259.724649 6.29997 48.521374
v -259.681529 0.312118 48.913147
v -259.588198 -5.604351 49.761117
v -259.452706 -10.998629 50.992153
v -259.2831 -15.445591 52.533124
v -259.062901 -18.660863 54.533776
v -258.794024 -20.775427 56.976695
v -258.512115 -22.473286 59.538016
v -258.25282 -24.344043 61.893874
v -258.011732 -26.360034 64.084317
v -257.774476 -28.410604 66.239936
v -257.561751 -30.640989 68.172681
v -257.394254 -33.196422 69.694499
v -257.284058 -36.516064 70.695695
v -257.217941 -40.38898 71.296413
v -257.178654 -43.985259 71.653361
v -257.148949 -46.474991 71.923249
v -264.24624 -7.152092 79.833035
v -264.223162 -4.402987 80.061903
v -264.186432 0.039345 80.426159
v -264.169204 5.268853 80.597004
v -264.204634 10.34727 80.245643
v -264.305074 15.086602 79.249581
v -264.451669 19.757196 77.795781
v -264.63077 24.078613 76.019632
v -264.828723 27.766188 74.056519
v -265.05398 30.627634 71.822633
v -265.309792 32.605113 69.285737
v -265.574704 33.634527 66.658583
v -265.827265 33.679212 64.153922
v -266.077063 32.565655 61.676661
v -266.330437 30.296259 59.163941
v -266.561057 27.149301 56.876866
v -266.742596 23.438319 55.076541
v -266.870664 19.293373 53.806481
v -266.958427 14.699072 52.936136
v -267.005883 9.789638 52.465504
v -267.013034 4.711746 52.394587
v -266.976467 -0.518156 52.757231
v -266.897318 -5.709744 53.542154
v -266.782414 -10.462635 54.681662
v -266.638581 -14.397614 56.108061
v -266.451842 -17.262113 57.959963
v -266.223822 -19.182933 60.22125
v -265.98475 -20.750646 62.592135
v -265.764856 -22.478004 64.772834
v -265.560402 -24.339464 66.800417
v -265.359199 -26.232853 68.795764
v -265.178798 -28.292272 70.584808
v -265.036753 -30.651824 71.993478
v -264.943302 -33.717007 72.920235
v -264.887231 -37.293053 73.476289
v -264.853914 -40.613667 73.806698
v -264.828723 -42.912554 74.056519
v -272.024553 -6.521215 81.469865
v -272.005379 -4.054928 81.679065
v -271.974862 -0.12306 82.012016
v -271.960549 4.455195 82.168179
v -271.989986 8.835441 81.847014
v -272.073434 12.860899 80.936554
v -272.19523 16.795366 79.607696
v -272.344032 20.402094 77.984191
v -272.508497 23.441028 76.18979
v -272.695647 25.755754 74.147886
v -272.908183 27.310742 71.829013
v -273.12828 28.062055 69.42764
v -273.338115 27.987214 67.138232
v -273.545655 26.934771 64.873869
v -273.756165 24.909087 62.577095
v -273.947771 22.161347 60.486574
v -274.098599 18.970319 58.84097
v -274.205002 15.44333 57.680061
v -274.277917 11.55159 56.884514
v -274.317346 7.400097 56.454329
v -274.323287 3.10359 56.389507
v -274.292906 -1.342432 56.720985
v -274.227147 -5.783295 57.43845
v -274.131681 -9.871052 58.480028
v -274.01218 -13.274319 59.783841
v -273.857032 -15.773599 61.476589
v -273.667586 -17.49083 63.543538
v -273.468959 -18.920257 65.710667
v -273.286264 -20.495247 67.703954
v -273.116398 -22.192509 69.557284
v -272.949232 -23.918885 71.38115
v -272.79935 -25.796645 73.016441
v -272.681334 -27.948064 74.304049
v -272.603693 -30.74287 75.151159
v -272.557108 -34.003478 75.659425
v -272.529427 -37.031185 75.961438
v -272.508497 -39.127289 76.18979
v -279.794356 -5.88117 83.096721
v -279.778748 -3.696466 83.285856
v -279.753909 -0.266755 83.586873
v -279.742259 3.675967 83.728059
v -279.766219 7.381069 83.437696
v -279.834143 10.721497 82.61456
v -279.933281 13.952113 81.413153
v -280.054401 16.87798 79.945359
v -280.188271 19.301718 78.32306
v -280.340606 21.100796 76.476997
v -280.513603 22.260041 74.380529
v -280.692756 22.754042 72.209472
v -280.863555 22.573262 70.139643
v -281.032486 21.587742 68.092457
v -281.203835 19.80354 66.015968
v -281.359796 17.444694 64.12595
v -281.482565 14.755641 62.638177
v -281.569174 11.822135 61.588611
v -281.628525 8.60375 60.869365
v -281.660618 5.17814 60.48044
v -281.665454 1.630164 60.421835
v -281.640725 -2.06335 60.72152
v -281.587199 -5.781393 61.370173
v -281.509493 -9.22695 62.311852
v -281.412223 -12.115252 63.490616
v -281.285937 -14.258926 65.021011
v -281.131734 -15.774139 66.889718
v -280.970057 -17.06327 68.848996
v -280.82135 -18.483678 70.651107
v -280.683084 -20.014358 72.326683
v -280.547016 -21.571292 73.97562
v -280.425016 -23.264754 75.454069
v -280.328955 -25.205015 76.618182
v -280.265757 -27.725517 77.384045
v -280.227839 -30.666102 77.843563
v -280.205307 -33.396645 78.11661
v -280.188271 -35.287022 78.32306
v -287.553742 -5.260516 84.736783
v -287.54129 -3.342005 84.906376
v -287.52147 -0.379064 85.176293
v -287.512175 2.979692 85.302892
v -287.531292 6.072661 85.042529
v -287.585488 8.799129 84.304438
v -287.66459 11.402349 83.227159
v -287.761231 13.724708 81.911016
v -287.868045 15.606889 80.456331
v -287.989592 16.956002 78.801
v -288.127626 17.773684 76.921137
v -288.27057 18.050026 74.974391
v -288.40685 17.786177 73.118414
v -288.541639 16.871863 71.28274
v -288.678357 15.314423 69.420792
v -288.802798 13.312002 67.726048
v -288.900754 11.076955 66.39199
v -288.969859 8.676032 65.450864
v -289.017215 6.060034 64.80593
v -289.042822 3.283057 64.457187
v -289.04668 0.404214 64.404637
v -289.026949 -2.614452 64.67336
v -288.984241 -5.681374 65.254995
v -288.92224 -8.546009 66.099381
v -288.844629 -10.966348 67.156356
v -288.743866 -12.784332 68.528633
v -288.620828 -14.109456 70.204267
v -288.491827 -15.262543 71.961115
v -288.373175 -16.533051 73.577034
v -288.262853 -17.902195 75.079491
v -288.154285 -19.294822 76.558063
v -288.056943 -20.809569 77.88376
v -287.980296 -22.54507 78.927598
v -287.929871 -24.799577 79.614334
v -287.899616 -27.429835 80.026375
v -287.881638 -29.872218 80.271211
v -287.868045 -31.563098 80.456331
vt 0.82123097 0.69826566
vt 0.82123097 0.69542051
vt 0.82123097 0.69119711
vt 0.82123097 0.68659797
vt 0.82123097 0.68257757
vt 0.82123097 0.67909655
vt 0.82123097 0.67566378
vt 0.82123097 0.67241999
vt 0.82123097 0.66950273
vt 0.82123097 0.66673142
vt 0.82123097 0.6638391
vt 0.82123097 0.6608854
vt 0.82123097 0.6579719
vt 0.82123097 0.65480064
vt 0.82123097 0.65118111
vt 0.82123097 0.64744474
vt 0.82123097 0.64394644
vt 0.82123097 0.64068974
vt 0.82123097 0.63741869
vt 0.82123097 0.63409116
vt 0.82123097 0.63067422
vt 0.82123097 0.62698673
vt 0.82123097 0.62305614
vt 0.82123097 0.61917675
vt 0.82123097 0.61562942
vt 0.82123097 0.61241023
vt 0.82123097 0.60921609
vt 0.82123097 0.60601513
vt 0.82123097 0.60287973
vt 0.82123097 0.59977542
vt 0.82123097 0.59667262
vt 0.82123097 0.59359263
vt 0.82123097 0.59048503
vt 0.82123097 0.58685769
vt 0.82123097 0.58275589
vt 0.82123097 0.57897323
vt 0.82123097 0.57635203
vt 0.83679893 0.69150394
vt 0.83679893 0.68894074
vt 0.83679893 0.68512694
vt 0.83679893 0.68096453
vt 0.83679893 0.67731322
vt 0.83679893 0.67414192
vt 0.83679893 0.67101315
vt 0.83679893 0.66805754
vt 0.83679893 0.66540309
vt 0.83679893 0.66289297
vt 0.83679893 0.66028668
vt 0.83679893 0.65763331
vt 0.83679893 0.65501934
vt 0.83679893 0.65217187
vt 0.83679893 0.64891465
vt 0.83679893 0.6455431
vt 0.83679893 0.64237499
vt 0.83679893 0.63941339
vt 0.83679893 0.63643024
vt 0.83679893 0.63339072
vt 0.83679893 0.63026892
vt 0.83679893 0.6269059
vt 0.83679893 0.62332977
vt 0.83679893 0.61980775
vt 0.83679893 0.61659445
vt 0.83679893 0.61368808
vt 0.83679893 0.61081418
vt 0.83679893 0.60793731
vt 0.83679893 0.60511936
vt 0.83679893 0.60232935
vt 0.83679893 0.59954071
vt 0.83679893 0.59677256
vt 0.83679893 0.59397959
vt 0.83679893 0.59071952
vt 0.83679893 0.58703302
vt 0.83679893 0.58363334
vt 0.83679893 0.58127753
vt 0.85236688 0.68760566
vt 0.85236688 0.68524639
vt 0.85236688 0.68171146
vt 0.85236688 0.67782771
vt 0.85236688 0.67438604
vt 0.85236688 0.67136946
vt 0.85236688 0.66838892
vt 0.85236688 0.66557491
vt 0.85236688 0.66305642
vt 0.85236688 0.6607054
vt 0.85236688 0.65830192
vt 0.85236688 0.655879
vt 0.85236688 0.65350223
vt 0.85236688 0.65090757
vt 0.85236688 0.64791948
vt 0.85236688 0.64480087
vt 0.85236688 0.64183887
vt 0.85236688 0.63903619
vt 0.85236688 0.63619009
vt 0.85236688 0.63327712
vt 0.85236688 0.63028379
vt 0.85236688 0.62707536
vt 0.85236688 0.62368691
vt 0.85236688 0.62037023
vt 0.85236688 0.61736404
vt 0.85236688 0.6146716
vt 0.85236688 0.61203656
vt 0.85236688 0.60940759
vt 0.85236688 0.60683247
vt 0.85236688 0.60428287
vt 0.85236688 0.60173452
vt 0.85236688 0.5992049
vt 0.85236688 0.59665261
vt 0.85236688 0.59367345
vt 0.85236688 0.59030461
vt 0.85236688 0.58719788
vt 0.85236688 0.58504508
vt 0.86793483 0.68666714
vt 0.86793483 0.68442467
vt 0.86793483 0.68102746
vt 0.86793483 0.67725634
vt 0.86793483 0.67386238
vt 0.86793483 0.67084626
vt 0.86793483 0.6678581
vt 0.86793483 0.6650369
vt 0.86793483 0.66252153
vt 0.86793483 0.66021539
vt 0.86793483 0.65791541
vt 0.86793483 0.65563661
vt 0.86793483 0.65341989
vt 0.86793483 0.65099336
vt 0.86793483 0.64816816
vt 0.86793483 0.64517997
vt 0.86793483 0.64229355
vt 0.86793483 0.63951193
vt 0.86793483 0.63665379
vt 0.86793483 0.63370998
vt 0.86793483 0.63068301
vt 0.86793483 0.62746199
vt 0.86793483 0.62409406
vt 0.86793483 0.62082741
vt 0.86793483 0.61789566
vt 0.86793483 0.6153096
vt 0.86793483 0.61282039
vt 0.86793483 0.61035037
vt 0.86793483 0.60793095
vt 0.86793483 0.60553552
vt 0.86793483 0.60314125
vt 0.86793483 0.60076459
vt 0.86793483 0.59836661
vt 0.86793483 0.59556759
vt 0.86793483 0.59240245
vt 0.86793483 0.58948356
vt 0.86793483 0.58746092
vt 0.88350278 0.68889373
vt 0.88350278 0.68667365
vt 0.88350278 0.68326269
vt 0.88350278 0.67942747
vt 0.88350278 0.67591057
vt 0.88350278 0.67273287
vt 0.88350278 0.66957245
vt 0.88350278 0.66658505
vt 0.88350278 0.66392782
vt 0.88350278 0.66153709
vt 0.88350278 0.65922518
vt 0.88350278 0.65699045
vt 0.88350278 0.65484642
vt 0.88350278 0.65249451
vt 0.88350278 0.64971639
vt 0.88350278 0.64672607
vt 0.88350278 0.64377536
vt 0.88350278 0.64086894
vt 0.88350278 0.63784261
vt 0.88350278 0.63470411
vt 0.88350278 0.63147505
vt 0.88350278 0.62806697
vt 0.88350278 0.62454391
vt 0.88350278 0.62116296
vt 0.88350278 0.61816417
vt 0.88350278 0.61556838
vt 0.88350278 0.61312348
vt 0.88350278 0.61071493
vt 0.88350278 0.60835572
vt 0.88350278 0.60601989
vt 0.88350278 0.60368521
vt 0.88350278 0.60136769
vt 0.88350278 0.59902939
vt 0.88350278 0.59630002
vt 0.88350278 0.59321364
vt 0.88350278 0.59036739
vt 0.88350278 0.58839509
vt 0.89907073 0.69456723
vt 0.89907073 0.6922703
vt 0.89907073 0.68868498
vt 0.89907073 0.68459683
vt 0.89907073 0.68077286
vt 0.89907073 0.67725703
vt 0.89907073 0.67374403
vt 0.89907073 0.67041521
vt 0.89907073 0.66745504
vt 0.89907073 0.6648342
vt 0.89907073 0.6623805
vt 0.89907073 0.66007964
vt 0.89907073 0.65791563
vt 0.89907073 0.65554143
vt 0.89907073 0.6526891
vt 0.89907073 0.64955566
vt 0.89907073 0.64638985
vt 0.89907073 0.64319996
vt 0.89907073 0.63983498
vt 0.89907073 0.6363227
vt 0.89907073 0.63270748
vt 0.89907073 0.62892231
vt 0.89907073 0.6250536
vt 0.89907073 0.6213808
vt 0.89907073 0.61816282
vt 0.89907073 0.6154336
vt 0.89907073 0.61292681
vt 0.89907073 0.61047838
vt 0.89907073 0.6080801
vt 0.89907073 0.6057056
vt 0.89907073 0.60333225
vt 0.89907073 0.60097635
vt 0.89907073 0.59859933
vt 0.89907073 0.59582477
vt 0.89907073 0.59268728
vt 0.89907073 0.5897939
vt 0.89907073 0.58778894
vt 0.91463868 0.70394631
vt 0.91463868 0.70147202
vt 0.91463868 0.69754652
vt 0.91463868 0.69300757
vt 0.91463868 0.68867983
vt 0.91463868 0.68463426
vt 0.91463868 0.68057208
vt 0.91463868 0.67671029
vt 0.91463868 0.67327075
vt 0.91463868 0.67026088
vt 0.91463868 0.6675249
vt 0.91463868 0.66504165
vt 0.91463868 0.66276428
vt 0.91463868 0.66027269
vt 0.91463868 0.65722435
vt 0.91463868 0.65380223
vt 0.91463868 0.65026164
vt 0.91463868 0.64661706
vt 0.91463868 0.64272772
vt 0.91463868 0.63864566
vt 0.91463868 0.63444275
vt 0.91463868 0.63007373
vt 0.91463868 0.62565398
vt 0.91463868 0.62149964
vt 0.91463868 0.61790164
vt 0.91463868 0.61491082
vt 0.91463868 0.6122357
vt 0.91463868 0.60964712
vt 0.91463868 0.60711155
vt 0.91463868 0.60460112
vt 0.91463868 0.60209192
vt 0.91463868 0.59960116
vt 0.91463868 0.59708807
vt 0.91463868 0.59415468
vt 0.91463868 0.59083759
vt 0.91463868 0.58777859
vt 0.91463868 0.58565885
vt 0.93020663 0.7171139
vt 0.93020663 0.71436529
vt 0.93020663 0.70993653
vt 0.93020663 0.70474919
vt 0.93020663 0.69971757
vt 0.93020663 0.69494451
vt 0.93020663 0.69012949
vt 0.93020663 0.68553592
vt 0.93020663 0.68143388
vt 0.93020663 0.67787101
vt 0.93020663 0.67470918
vt 0.93020663 0.67192693
vt 0.93020663 0.66944646
vt 0.93020663 0.66674883
vt 0.93020663 0.66338808
vt 0.93020663 0.65953409
vt 0.93020663 0.65545779
vt 0.93020663 0.65118278
vt 0.93020663 0.64657674
vt 0.93020663 0.64172096
vt 0.93020663 0.63672066
vt 0.93020663 0.63155386
vt 0.93020663 0.62637233
vt 0.93020663 0.62154351
vt 0.93020663 0.61740353
vt 0.93020663 0.61402459
vt 0.93020663 0.61107964
vt 0.93020663 0.60825661
vt 0.93020663 0.6054914
vt 0.93020663 0.6027536
vt 0.93020663 0.60001715
vt 0.93020663 0.5973008
vt 0.93020663 0.5945601
vt 0.93020663 0.59136103
vt 0.93020663 0.58774352
vt 0.93020663 0.58440746
vt 0.93020663 0.58209574
vt 0.94577459 0.73381081
vt 0.94577459 0.73070049
vt 0.94577459 0.72561981
vt 0.94577459 0.71960249
vt 0.94577459 0.71368117
vt 0.94577459 0.70799559
vt 0.94577459 0.70223681
vt 0.94577459 0.69672491
vt 0.94577459 0.69178861
vt 0.94577459 0.68751951
vt 0.94577459 0.68379797
vt 0.94577459 0.68060835
vt 0.94577459 0.67784321
vt 0.94577459 0.67486118
vt 0.94577459 0.67108363
vt 0.94577459 0.66666716
vt 0.94577459 0.66190635
vt 0.94577459 0.65683697
vt 0.94577459 0.65133393
vt 0.94577459 0.64551283
vt 0.94577459 0.63951807
vt 0.94577459 0.63335305
vt 0.94577459 0.62721321
vt 0.94577459 0.62153071
vt 0.94577459 0.61669921
vt 0.94577459 0.6128165
vt 0.94577459 0.60951082
vt 0.94577459 0.60636963
vt 0.94577459 0.60329278
vt 0.94577459 0.60024643
vt 0.94577459 0.59720158
vt 0.94577459 0.5941791
vt 0.94577459 0.59112952
vt 0.94577459 0.58756992
vt 0.94577459 0.58354471
vt 0.94577459 0.57983268
vt 0.94577459 0.57726043
vt 0.96134254 0.75331069
vt 0.96134254 0.74976745
vt 0.96134254 0.74391482
vt 0.96134254 0.73692189
vt 0.96134254 0.72996313
vt 0.96134254 0.72321886
vt 0.96134254 0.71636587
vt 0.96134254 0.70978897
vt 0.96134254 0.70388364
vt 0.96134254 0.69878788
vt 0.96134254 0.69439992
vt 0.96134254 0.69071431
vt 0.96134254 0.68759634
vt 0.96134254 0.68426481
vt 0.96134254 0.67998493
vt 0.96134254 0.67490029
vt 0.96134254 0.6693361
vt 0.96134254 0.66334251
vt 0.96134254 0.65680028
vt 0.96134254 0.64986302
vt 0.96134254 0.64271865
vt 0.96134254 0.63539722
vt 0.96134254 0.62814337
vt 0.96134254 0.62146472
vt 0.96134254 0.61582215
vt 0.96134254 0.6113423
vt 0.96134254 0.60760133
vt 0.96134254 0.60407289
vt 0.96134254 0.60061673
vt 0.96134254 0.59719483
vt 0.96134254 0.59377461
vt 0.96134254 0.59037952
vt 0.96134254 0.586954
vt 0.96134254 0.58295557
vt 0.96134254 0.57843414
vt 0.96134254 0.57426449
vt 0.96134254 0.57137514
vt 0.97691049 0.77438792
vt 0.97691049 0.77036297
vt 0.97691049 0.76366123
vt 0.97691049 0.75560369
vt 0.97691049 0.7475229
vt 0.97691049 0.73964071
vt 0.97691049 0.73161341
vt 0.97691049 0.72389452
vt 0.97691049 0.71695036
vt 0.97691049 0.7109644
vt 0.97691049 0.70584937
vt 0.97691049 0.70161152
vt 0.97691049 0.69809141
vt 0.97691049 0.6943607
vt 0.97691049 0.68951806
vt 0.97691049 0.68369707
vt 0.97691049 0.67725912
vt 0.97691049 0.67026953
vt 0.97691049 0.66261203
vt 0.97691049 0.65447911
vt 0.97691049 0.64610339
vt 0.97691049 0.63754044
vt 0.97691049 0.62908615
vt 0.97691049 0.62132978
vt 0.97691049 0.61480511
vt 0.97691049 0.6096686
vt 0.97691049 0.60543934
vt 0.97691049 0.60147246
vt 0.97691049 0.59758683
vt 0.97691049 0.59373972
vt 0.97691049 0.5898945
vt 0.97691049 0.58607753
vt 0.97691049 0.58222634
vt 0.97691049 0.57773106
vt 0.97691049 0.57264779
vt 0.97691049 0.56796002
vt 0.97691049 0.56471163
vt 0.99247844 0.79540702
vt 0.99247844 0.79087891
vt 0.99247844 0.78330513
vt 0.99247844 0.77416734
vt 0.99247844 0.76496361
vt 0.99247844 0.75595424
vt 0.99247844 0.74676752
vt 0.99247844 0.73792408
vt 0.99247844 0.72995933
vt 0.99247844 0.7230964
vt 0.99247844 0.71725516
vt 0.99247844 0.71245138
vt 0.99247844 0.70850313
vt 0.99247844 0.7043403
vt 0.99247844 0.69890442
vt 0.99247844 0.69232644
vt 0.99247844 0.68500805
vt 0.99247844 0.67702828
vt 0.99247844 0.66826865
vt 0.99247844 0.65895718
vt 0.99247844 0.64936778
vt 0.99247844 0.63957662
vt 0.99247844 0.62992809
vt 0.99247844 0.62109314
vt 0.99247844 0.61367888
vt 0.99247844 0.60786941
vt 0.99247844 0.60312438
vt 0.99247844 0.59868802
vt 0.99247844 0.59434254
vt 0.99247844 0.59004013
vt 0.99247844 0.58573983
vt 0.99247844 0.58147113
vt 0.99247844 0.57716417
vt 0.99247844 0.57213688
vt 0.99247844 0.56645202
vt 0.99247844 0.56120945
vt 0.99247844 0.55757662
vt 1.00804639 0.81452883
vt 1.00804639 0.80950595
vt 1.00804639 0.80109731
vt 1.00804639 0.79094548
vt 1.00804639 0.780712
vt 1.00804639 0.77068791
vt 1.00804639 0.76046405
vt 1.00804639 0.75062016
vt 1.00804639 0.74175244
vt 1.00804639 0.73411196
vt 1.00804639 0.72761366
vt 1.00804639 0.72227695
vt 1.00804639 0.71789966
vt 1.00804639 0.71328927
vt 1.00804639 0.70726202
vt 1.00804639 0.699959
vt 1.00804639 0.69182476
vt 1.00804639 0.68294819
vt 1.00804639 0.67320047
vt 1.00804639 0.662837
vt 1.00804639 0.65216422
vt 1.00804639 0.64126951
vt 1.00804639 0.63053737
vt 1.00804639 0.62071378
vt 1.00804639 0.61247358
vt 1.00804639 0.60602272
vt 1.00804639 0.60076197
vt 1.00804639 0.59584652
vt 1.00804639 0.59103176
vt 1.00804639 0.58626472
vt 1.00804639 0.58150002
vt 1.00804639 0.57677033
vt 1.00804639 0.57199825
vt 1.00804639 0.56642805
vt 1.00804639 0.56012926
vt 1.00804639 0.55432054
vt 1.00804639 0.55029539
vt 1.02361434 0.82999475
vt 1.02361434 0.82451488
vt 1.02361434 0.81536712
vt 1.02361434 0.8043469
vt 1.02361434 0.79326773
vt 1.02361434 0.78243903
vt 1.02361434 0.77140311
vt 1.02361434 0.76078459
vt 1.02361434 0.75122578
vt 1.02361434 0.74298798
vt 1.02361434 0.73596478
vt 1.02361434 0.7301706
vt 1.02361434 0.72538645
vt 1.02361434 0.72033069
vt 1.02361434 0.7137459
vt 1.02361434 0.7058007
vt 1.02361434 0.69698374
vt 1.02361434 0.68738775
vt 1.02361434 0.67686286
vt 1.02361434 0.66567903
vt 1.02361434 0.65416137
vt 1.02361434 0.64239487
vt 1.02361434 0.63079031
vt 1.02361434 0.62015546
vt 1.02361434 0.61122157
vt 1.02361434 0.60420722
vt 1.02361434 0.59845806
vt 1.02361434 0.59307538
vt 1.02361434 0.58780296
vt 1.02361434 0.5825828
vt 1.02361434 0.57736519
vt 1.02361434 0.57218593
vt 1.02361434 0.56696024
vt 1.02361434 0.56086058
vt 1.02361434 0.55396307
vt 1.02361434 0.54760221
vt 1.02361434 0.54319445
vt 1.03918229 0.84042663
vt 1.03918229 0.83455332
vt 1.03918229 0.8248116
vt 1.03918229 0.81313404
vt 1.03918229 0.80146626
vt 1.03918229 0.79012005
vt 1.03918229 0.77857742
vt 1.03918229 0.76748862
vt 1.03918229 0.75752217
vt 1.03918229 0.74892711
vt 1.03918229 0.7415562
vt 1.03918229 0.73540949
vt 1.03918229 0.73025827
vt 1.03918229 0.72477656
vt 1.03918229 0.71769665
vt 1.03918229 0.70923442
vt 1.03918229 0.69992277
vt 1.03918229 0.68985105
vt 1.03918229 0.6788361
vt 1.03918229 0.66714614
vt 1.03918229 0.65510719
vt 1.03918229 0.64278523
vt 1.03918229 0.63059942
vt 1.03918229 0.6194007
vt 1.03918229 0.60996079
vt 1.03918229 0.60249912
vt 1.03918229 0.59631342
vt 1.03918229 0.59049581
vt 1.03918229 0.58479736
vt 1.03918229 0.57915541
vt 1.03918229 0.57351621
vt 1.03918229 0.56791846
vt 1.03918229 0.56227052
vt 1.03918229 0.55567799
vt 1.03918229 0.54822315
vt 1.03918229 0.54134832
vt 1.03918229 0.53658441
vt 1.05475025 0.84507156
vt 1.05475025 0.83888791
vt 1.05475025 0.8287311
vt 1.05475025 0.8166489
vt 1.05475025 0.80469272
vt 1.05475025 0.7931587
vt 1.05475025 0.78145754
vt 1.05475025 0.77024306
vt 1.05475025 0.76018702
vt 1.05475025 0.75150088
vt 1.05475025 0.74397658
vt 1.05475025 0.73759296
vt 1.05475025 0.73212464
vt 1.05475025 0.72625273
vt 1.05475025 0.71876287
vt 1.05475025 0.70993665
vt 1.05475025 0.70035062
vt 1.05475025 0.69008381
vt 1.05475025 0.67890759
vt 1.05475025 0.66707073
vt 1.05475025 0.65488058
vt 1.05475025 0.64236652
vt 1.05475025 0.62993613
vt 1.05475025 0.61846182
vt 1.05475025 0.60873693
vt 1.05475025 0.60096901
vt 1.05475025 0.59441844
vt 1.05475025 0.58821653
vt 1.05475025 0.58214166
vt 1.05475025 0.576127
vt 1.05475025 0.5701153
vt 1.05475025 0.56414776
vt 1.05475025 0.55812674
vt 1.05475025 0.55109872
vt 1.05475025 0.54315143
vt 1.05475025 0.53582246
vt 1.05475025 0.53074385
vt 1.0703182 0.84393146
vt 1.0703182 0.83753209
vt 1.0703182 0.82715312
vt 1.0703182 0.8149312
vt 1.0703182 0.8029931
vt 1.0703182 0.79160143
vt 1.0703182 0.78008723
vt 1.0703182 0.76908551
vt 1.0703182 0.75924797
vt 1.0703182 0.75072307
vt 1.0703182 0.74322502
vt 1.0703182 0.73671095
vt 1.0703182 0.73097895
vt 1.0703182 0.72476774
vt 1.0703182 0.71696829
vt 1.0703182 0.70794155
vt 1.0703182 0.69830627
vt 1.0703182 0.688126
vt 1.0703182 0.67711682
vt 1.0703182 0.66549121
vt 1.0703182 0.65351912
vt 1.0703182 0.64117722
vt 1.0703182 0.62884223
vt 1.0703182 0.61738567
vt 1.0703182 0.60760319
vt 1.0703182 0.59967865
vt 1.0703182 0.59284858
vt 1.0703182 0.58632831
vt 1.0703182 0.57994159
vt 1.0703182 0.57361818
vt 1.0703182 0.56729787
vt 1.0703182 0.56102401
vt 1.0703182 0.5546939
vt 1.0703182 0.54730511
vt 1.0703182 0.53894985
vt 1.0703182 0.53124466
vt 1.0703182 0.52590535
vt 1.08588615 0.83774344
vt 1.08588615 0.83122594
vt 1.08588615 0.82081152
vt 1.08588615 0.80869699
vt 1.08588615 0.79705262
vt 1.08588615 0.78609197
vt 1.08588615 0.77506248
vt 1.08588615 0.76456044
vt 1.08588615 0.75519635
vt 1.08588615 0.7470335
vt 1.08588615 0.73969912
vt 1.08588615 0.73313749
vt 1.08588615 0.72719515
vt 1.08588615 0.72070895
vt 1.08588615 0.71270741
vt 1.08588615 0.7036366
vt 1.08588615 0.69415488
vt 1.08588615 0.68430816
vt 1.08588615 0.67375184
vt 1.08588615 0.66264867
vt 1.08588615 0.65121586
vt 1.08588615 0.63936523
vt 1.08588615 0.62742657
vt 1.08588615 0.61625041
vt 1.08588615 0.60661716
vt 1.08588615 0.59867788
vt 1.08588615 0.59166073
vt 1.08588615 0.58489956
vt 1.08588615 0.57827688
vt 1.08588615 0.57171985
vt 1.08588615 0.56516603
vt 1.08588615 0.55866037
vt 1.08588615 0.55209639
vt 1.08588615 0.54443462
vt 1.08588615 0.53577067
vt 1.08588615 0.52778081
vt 1.08588615 0.52224424
vt 1.1014541 0.82781305
vt 1.1014541 0.82127012
vt 1.1014541 0.81098313
vt 1.1014541 0.7991799
vt 1.1014541 0.78804349
vt 1.1014541 0.77772717
vt 1.1014541 0.76739675
vt 1.1014541 0.75759446
vt 1.1014541 0.74887323
vt 1.1014541 0.74119586
vt 1.1014541 0.73410534
vt 1.1014541 0.72755147
vt 1.1014541 0.72145246
vt 1.1014541 0.71476668
vt 1.1014541 0.70667014
vt 1.1014541 0.69769047
vt 1.1014541 0.68852122
vt 1.1014541 0.67919197
vt 1.1014541 0.66929797
vt 1.1014541 0.65894426
vt 1.1014541 0.64828554
vt 1.1014541 0.6371626
vt 1.1014541 0.62584774
vt 1.1014541 0.61515469
vt 1.1014541 0.60583494
vt 1.1014541 0.59800179
vt 1.1014541 0.59089066
vt 1.1014541 0.58397332
vt 1.1014541 0.57719767
vt 1.1014541 0.57048919
vt 1.1014541 0.56378399
vt 1.1014541 0.55712806
vt 1.1014541 0.55041247
vt 1.1014541 0.54257373
vt 1.1014541 0.53370966
vt 1.1014541 0.52553525
vt 1.1014541 0.5198708
vt 1.11702205 0.81574087
vt 1.11702205 0.80925411
vt 1.11702205 0.7992213
vt 1.11702205 0.78787339
vt 1.11702205 0.77737863
vt 1.11702205 0.76782494
vt 1.11702205 0.75830491
vt 1.11702205 0.7492978
vt 1.11702205 0.74128915
vt 1.11702205 0.73413662
vt 1.11702205 0.7273159
vt 1.11702205 0.72080477
vt 1.11702205 0.71460636
vt 1.11702205 0.70780442
vt 1.11702205 0.69971322
vt 1.11702205 0.69092981
vt 1.11702205 0.68217586
vt 1.11702205 0.67346864
vt 1.11702205 0.66435037
vt 1.11702205 0.6548671
vt 1.11702205 0.64510814
vt 1.11702205 0.63484422
vt 1.11702205 0.62428637
vt 1.11702205 0.61420167
vt 1.11702205 0.60530392
vt 1.11702205 0.59766849
vt 1.11702205 0.5905518
vt 1.11702205 0.58356574
vt 1.11702205 0.57672278
vt 1.11702205 0.56994765
vt 1.11702205 0.56317584
vt 1.11702205 0.55645379
vt 1.11702205 0.54967148
vt 1.11702205 0.54175486
vt 1.11702205 0.53280274
vt 1.11702205 0.52454711
vt 1.11702205 0.51882639
vt 1.13259 0.80311339
vt 1.13259 0.7967494
vt 1.13259 0.78705575
vt 1.13259 0.77624129
vt 1.13259 0.76643645
vt 1.13259 0.75766591
vt 1.13259 0.7489641
vt 1.13259 0.7407458
vt 1.13259 0.73342725
vt 1.13259 0.72676975
vt 1.13259 0.72020974
vt 1.13259 0.71376986
vt 1.13259 0.70753614
vt 1.13259 0.70070549
vt 1.13259 0.69270867
vt 1.13259 0.68419362
vt 1.13259 0.67590025
vt 1.13259 0.66783867
vt 1.13259 0.65951087
vt 1.13259 0.65090944
vt 1.13259 0.64206279
vt 1.13259 0.63267995
vt 1.13259 0.62291396
vt 1.13259 0.61348169
vt 1.13259 0.60505577
vt 1.13259 0.59767792
vt 1.13259 0.59063522
vt 1.13259 0.58366608
vt 1.13259 0.57683968
vt 1.13259 0.57008096
vt 1.13259 0.56332555
vt 1.13259 0.55661978
vt 1.13259 0.5498539
vt 1.13259 0.54195645
vt 1.13259 0.533026
vt 1.13259 0.52479037
vt 1.13259 0.5190835
vt 1.14815795 0.79124218
vt 1.14815795 0.78505102
vt 1.14815795 0.77574068
vt 1.14815795 0.76547633
vt 1.14815795 0.75633286
vt 1.14815795 0.74828134
vt 1.14815795 0.74031919
vt 1.14815795 0.73280273
vt 1.14815795 0.72608554
vt 1.14815795 0.71985441
vt 1.14815795 0.71353628
vt 1.14815795 0.70720207
vt 1.14815795 0.70100434
vt 1.14815795 0.6942317
vt 1.14815795 0.68640405
vt 1.14815795 0.67819865
vt 1.14815795 0.67036148
vt 1.14815795 0.66289989
vt 1.14815795 0.65529199
vt 1.14815795 0.64748825
vt 1.14815795 0.63946733
vt 1.14815795 0.6308915
vt 1.14815795 0.62186543
vt 1.14815795 0.61305793
vt 1.14815795 0.60510153
vt 1.14815795 0.59801176
vt 1.14815795 0.59111096
vt 1.14815795 0.5842383
vt 1.14815795 0.57750641
vt 1.14815795 0.57084126
vt 1.14815795 0.56417936
vt 1.14815795 0.55756643
vt 1.14815795 0.55089421
vt 1.14815795 0.54310609
vt 1.14815795 0.53429928
vt 1.14815795 0.52617766
vt 1.14815795 0.52054979
vt 1.16372591 0.78101802
vt 1.16372591 0.77503361
vt 1.16372591 0.76611609
vt 1.16372591 0.75636951
vt 1.16372591 0.74780089
vt 1.16372591 0.74034399
vt 1.16372591 0.73298491
vt 1.16372591 0.72603421
vt 1.16372591 0.71979691
vt 1.16372591 0.71391557
vt 1.16372591 0.70782902
vt 1.16372591 0.70164511
vt 1.16372591 0.6955582
vt 1.16372591 0.68892433
vt 1.16372591 0.68132497
vt 1.16372591 0.67344506
vt 1.16372591 0.66602363
vt 1.16372591 0.65906769
vt 1.16372591 0.65204863
vt 1.16372591 0.64488975
vt 1.16372591 0.63753624
vt 1.16372591 0.62962332
vt 1.16372591 0.62122161
vt 1.16372591 0.61295814
vt 1.16372591 0.60542972
vt 1.16372591 0.59863481
vt 1.16372591 0.59193052
vt 1.16372591 0.58522407
vt 1.16372591 0.57865498
vt 1.16372591 0.57215101
vt 1.16372591 0.56565023
vt 1.16372591 0.55919722
vt 1.16372591 0.55268636
vt 1.16372591 0.54508659
vt 1.16372591 0.53649275
vt 1.16372591 0.52856754
vt 1.16372591 0.52307578
vt 1.17929386 0.772898
vt 1.17929386 0.76713995
vt 1.17929386 0.75859932
vt 1.17929386 0.74930602
vt 1.17929386 0.74119179
vt 1.17929386 0.73417367
vt 1.17929386 0.72725384
vt 1.17929386 0.72071419
vt 1.17929386 0.71482994
vt 1.17929386 0.70923122
vt 1.17929386 0.70337786
vt 1.17929386 0.69739414
vt 1.17929386 0.69148946
vt 1.17929386 0.68506412
vt 1.17929386 0.67773608
vt 1.17929386 0.67017849
vt 1.17929386 0.66311108
vt 1.17929386 0.6565411
vt 1.17929386 0.64994868
vt 1.17929386 0.64324618
vt 1.17929386 0.63636404
vt 1.17929386 0.62893242
vt 1.17929386 0.62100433
vt 1.17929386 0.61317374
vt 1.17929386 0.6060079
vt 1.17929386 0.59949755
vt 1.17929386 0.59303035
vt 1.17929386 0.58654694
vt 1.17929386 0.58019633
vt 1.17929386 0.57390867
vt 1.17929386 0.56762409
vt 1.17929386 0.56138569
vt 1.17929386 0.55509137
vt 1.17929386 0.54774435
vt 1.17929386 0.53943633
vt 1.17929386 0.5317747
vt 1.17929386 0.52646558
vt 1.19486181 0.7669868
vt 1.19486181 0.76146272
vt 1.19486181 0.75326736
vt 1.19486181 0.7443479
vt 1.19486181 0.73655756
vt 1.19486181 0.72981764
vt 1.19486181 0.72317183
vt 1.19486181 0.71689137
vt 1.19486181 0.71124109
vt 1.19486181 0.7058673
vt 1.19486181 0.70025174
vt 1.19486181 0.69451273
vt 1.19486181 0.68885014
vt 1.19486181 0.68268777
vt 1.19486181 0.67565822
vt 1.19486181 0.66840664
vt 1.19486181 0.66162315
vt 1.19486181 0.65531467
vt 1.19486181 0.64898294
vt 1.19486181 0.64254451
vt 1.19486181 0.63593339
vt 1.19486181 0.62879563
vt 1.19486181 0.62118273
vt 1.19486181 0.61366496
vt 1.19486181 0.60678684
vt 1.19486181 0.6005398
vt 1.19486181 0.59433612
vt 1.19486181 0.58811752
vt 1.19486181 0.58202629
vt 1.19486181 0.57599545
vt 1.19486181 0.56996756
vt 1.19486181 0.56398396
vt 1.19486181 0.55794673
vt 1.19486181 0.55089979
vt 1.19486181 0.54293111
vt 1.19486181 0.53558241
vt 1.19486181 0.53049014
vt 1.21042976 0.76314695
vt 1.21042976 0.75785476
vt 1.21042976 0.74996561
vt 1.21042976 0.74133977
vt 1.21042976 0.73375204
vt 1.21042976 0.72714534
vt 1.21042976 0.72062478
vt 1.21042976 0.71446631
vt 1.21042976 0.70894108
vt 1.21042976 0.70373506
vt 1.21042976 0.69835211
vt 1.21042976 0.69288603
vt 1.21042976 0.68750691
vt 1.21042976 0.68164371
vt 1.21042976 0.67492464
vt 1.21042976 0.66795427
vt 1.21042976 0.66138548
vt 1.21042976 0.65522445
vt 1.21042976 0.6490046
vt 1.21042976 0.64265919
vt 1.21042976 0.63614108
vt 1.21042976 0.62912915
vt 1.21042976 0.62168701
vt 1.21042976 0.61436991
vt 1.21042976 0.60770616
vt 1.21042976 0.60169503
vt 1.21042976 0.59576753
vt 1.21042976 0.58983921
vt 1.21042976 0.58403232
vt 1.21042976 0.578283
vt 1.21042976 0.5725365
vt 1.21042976 0.56683222
vt 1.21042976 0.5610768
vt 1.21042976 0.55435883
vt 1.21042976 0.54676212
vt 1.21042976 0.53975646
vt 1.21042976 0.5349019
vt 1.22599771 0.76109433
vt 1.22599771 0.75602407
vt 1.22599771 0.74840021
vt 1.22599771 0.73999606
vt 1.22599771 0.73251085
vt 1.22599771 0.7259205
vt 1.22599771 0.71940348
vt 1.22599771 0.71325125
vt 1.22599771 0.70775298
vt 1.22599771 0.7026516
vt 1.22599771 0.69747768
vt 1.22599771 0.69228968
vt 1.22599771 0.68721305
vt 1.22599771 0.68166566
vt 1.22599771 0.67525485
vt 1.22599771 0.66853558
vt 1.22599771 0.66211897
vt 1.22599771 0.65601101
vt 1.22599771 0.64978406
vt 1.22599771 0.64339724
vt 1.22599771 0.63683272
vt 1.22599771 0.6298135
vt 1.22599771 0.62242501
vt 1.22599771 0.61521474
vt 1.22599771 0.60870056
vt 1.22599771 0.60289501
vt 1.22599771 0.59724324
vt 1.22599771 0.5916142
vt 1.22599771 0.58610045
vt 1.22599771 0.58064137
vt 1.22599771 0.57518495
vt 1.22599771 0.56976864
vt 1.22599771 0.56430377
vt 1.22599771 0.55792493
vt 1.22599771 0.55071172
vt 1.22599771 0.54405972
vt 1.22599771 0.53945022
vt 1.24156566 0.76047322
vt 1.24156566 0.75560827
vt 1.24156566 0.7482095
vt 1.24156566 0.73996706
vt 1.24156566 0.73250977
vt 1.24156566 0.72585154
vt 1.24156566 0.71924829
vt 1.24156566 0.71301264
vt 1.24156566 0.70745798
vt 1.24156566 0.70239405
vt 1.24156566 0.69738702
vt 1.24156566 0.69245842
vt 1.24156566 0.68768061
vt 1.24156566 0.68244668
vt 1.24156566 0.67632891
vt 1.24156566 0.66982726
vt 1.24156566 0.66350987
vt 1.24156566 0.65738409
vt 1.24156566 0.65106555
vt 1.24156566 0.64454451
vt 1.24156566 0.63783802
vt 1.24156566 0.63071846
vt 1.24156566 0.62329858
vt 1.24156566 0.61612366
vt 1.24156566 0.60970576
vt 1.24156566 0.60407432
vt 1.24156566 0.5986858
vt 1.24156566 0.59334931
vt 1.24156566 0.58812212
vt 1.24156566 0.58294675
vt 1.24156566 0.57777392
vt 1.24156566 0.5726391
vt 1.24156566 0.56745824
vt 1.24156566 0.56141092
vt 1.24156566 0.55457259
vt 1.24156566 0.54826631
vt 1.24156566 0.54389637
vt 1.25713361 0.76092101
vt 1.25713361 0.7562389
vt 1.25713361 0.74902599
vt 1.25713361 0.74089643
vt 1.25713361 0.73341588
vt 1.25713361 0.72663628
vt 1.25713361 0.71988837
vt 1.25713361 0.71350765
vt 1.25713361 0.70783328
vt 1.25713361 0.70274371
vt 1.25713361 0.69784983
vt 1.25713361 0.69314282
vt 1.25713361 0.68864053
vt 1.25713361 0.68370071
vt 1.25713361 0.67784929
vt 1.25713361 0.67152947
vt 1.25713361 0.66526822
vt 1.25713361 0.6590764
vt 1.25713361 0.65261403
vt 1.25713361 0.64590425
vt 1.25713361 0.63900024
vt 1.25713361 0.63172396
vt 1.25713361 0.62421738
vt 1.25713361 0.61702733
vt 1.25713361 0.61066366
vt 1.25713361 0.6051745
vt 1.25713361 0.60002608
vt 1.25713361 0.5949614
vt 1.25713361 0.59000045
vt 1.25713361 0.58508869
vt 1.25713361 0.58017932
vt 1.25713361 0.57530604
vt 1.25713361 0.57038907
vt 1.25713361 0.56464976
vt 1.25713361 0.55815973
vt 1.25713361 0.55217465
vt 1.25713361 0.54802729
vt 1.27270157 0.7621217
vt 1.27270157 0.75759488
vt 1.27270157 0.7505286
vt 1.27270157 0.74247102
vt 1.27270157 0.73493375
vt 1.27270157 0.72800355
vt 1.27270157 0.72107885
vt 1.27270157 0.71451716
vt 1.27270157 0.70868213
vt 1.27270157 0.70351615
vt 1.27270157 0.69868
vt 1.27270157 0.69414545
vt 1.27270157 0.68988084
vt 1.27270157 0.68520205
vt 1.27270157 0.67958075
vt 1.27270157 0.67340512
vt 1.27270157 0.66716532
vt 1.27270157 0.66087771
vt 1.27270157 0.65424478
vt 1.27270157 0.64732141
vt 1.27270157 0.64019509
vt 1.27270157 0.63273392
vt 1.27270157 0.62510829
vt 1.27270157 0.61786901
vt 1.27270157 0.6115264
vt 1.27270157 0.60614739
vt 1.27270157 0.60120709
vt 1.27270157 0.59638191
vt 1.27270157 0.59165557
vt 1.27270157 0.58697608
vt 1.27270157 0.58229888
vt 1.27270157 0.57765605
vt 1.27270157 0.5729716
vt 1.27270157 0.5675037
vt 1.27270157 0.56132059
vt 1.27270157 0.55561854
vt 1.27270157 0.55166731
vt 1.28826952 0.76383453
vt 1.28826952 0.75943141
vt 1.28826952 0.75247168
vt 1.28826952 0.74444961
vt 1.28826952 0.73683337
vt 1.28826952 0.72973984
vt 1.28826952 0.72262515
vt 1.28826952 0.7158668
vt 1.28826952 0.70985034
vt 1.28826952 0.70457339
vt 1.28826952 0.69974604
vt 1.28826952 0.6953317
vt 1.28826952 0.69125828
vt 1.28826952 0.68679754
vt 1.28826952 0.68136305
vt 1.28826952 0.67529266
vt 1.28826952 0.66904575
vt 1.28826952 0.66264556
vt 1.28826952 0.65583258
vt 1.28826952 0.64869038
vt 1.28826952 0.64133714
vt 1.28826952 0.63368139
vt 1.28826952 0.62591941
vt 1.28826952 0.61860764
vt 1.28826952 0.61225882
vt 1.28826952 0.60695759
vt 1.28826952 0.60218684
vt 1.28826952 0.59756035
vt 1.28826952 0.59302863
vt 1.28826952 0.58854183
vt 1.28826952 0.58405723
vt 1.28826952 0.57960558
vt 1.28826952 0.57511403
vt 1.28826952 0.56987129
vt 1.28826952 0.56394278
vt 1.28826952 0.55847553
vt 1.28826952 0.55468701
vt 1.30383747 0.76588839
vt 1.30383747 0.7615749
vt 1.30383747 0.75468095
vt 1.30383747 0.74666027
vt 1.30383747 0.73894919
vt 1.30383747 0.73168952
vt 1.30383747 0.72438382
vt 1.30383747 0.71742718
vt 1.30383747 0.71122412
vt 1.30383747 0.70581732
vt 1.30383747 0.70096076
vt 1.30383747 0.69661761
vt 1.30383747 0.69268577
vt 1.30383747 0.68839439
vt 1.30383747 0.68309923
vt 1.30383747 0.67709483
vt 1.30383747 0.67081668
vt 1.30383747 0.66429529
vt 1.30383747 0.65730309
vt 1.30383747 0.64994825
vt 1.30383747 0.64237504
vt 1.30383747 0.63452566
vt 1.30383747 0.62661886
vt 1.30383747 0.61921786
vt 1.30383747 0.61283942
vt 1.30383747 0.60758382
vt 1.30383747 0.60294018
vt 1.30383747 0.59846647
vt 1.30383747 0.59408439
vt 1.30383747 0.58974576
vt 1.30383747 0.58540925
vt 1.30383747 0.5811046
vt 1.30383747 0.57676137
vt 1.30383747 0.57169176
vt 1.30383747 0.56595902
vt 1.30383747 0.56067231
vt 1.30383747 0.55700889
vt 1.31940542 0.76814819
vt 1.31940542 0.76388991
vt 1.31940542 0.75702194
vt 1.31940542 0.74897115
vt 1.31940542 0.74115379
vt 1.31940542 0.73373155
vt 1.31940542 0.72624186
vt 1.31940542 0.71909499
vt 1.31940542 0.71271165
vt 1.31940542 0.7071694
vt 1.31940542 0.70225776
vt 1.31940542 0.69794409
vt 1.31940542 0.69410565
vt 1.31940542 0.68993323
vt 1.31940542 0.68472909
vt 1.31940542 0.67875302
vt 1.31940542 0.67242353
vt 1.31940542 0.66577803
vt 1.31940542 0.65861391
vt 1.31940542 0.65105939
vt 1.31940542 0.64327998
vt 1.31940542 0.63524439
vt 1.31940542 0.62719007
vt 1.31940542 0.61968785
vt 1.31940542 0.6132598
vt 1.31940542 0.60801931
vt 1.31940542 0.60345948
vt 1.31940542 0.59909108
vt 1.31940542 0.59481216
vt 1.31940542 0.59057566
vt 1.31940542 0.58634124
vt 1.31940542 0.58213793
vt 1.31940542 0.57789694
vt 1.31940542 0.57294666
vt 1.31940542 0.56734888
vt 1.31940542 0.56218663
vt 1.31940542 0.55860944
vt 1.33497337 0.7704729
vt 1.33497337 0.76623756
vt 1.33497337 0.75935968
vt 1.33497337 0.75125222
vt 1.33497337 0.74332251
vt 1.33497337 0.73574729
vt 1.33497337 0.72808773
vt 1.33497337 0.72076688
vt 1.33497337 0.71421895
vt 1.33497337 0.70854694
vt 1.33497337 0.70356632
vt 1.33497337 0.69924983
vt 1.33497337 0.69546142
vt 1.33497337 0.69135949
vt 1.33497337 0.68620073
vt 1.33497337 0.68021953
vt 1.33497337 0.67382391
vt 1.33497337 0.66705706
vt 1.33497337 0.65973417
vt 1.33497337 0.65199885
vt 1.33497337 0.64403295
vt 1.33497337 0.63582457
vt 1.33497337 0.62762603
vt 1.33497337 0.6200162
vt 1.33497337 0.61352333
vt 1.33497337 0.60827113
vt 1.33497337 0.60375411
vt 1.33497337 0.59944547
vt 1.33497337 0.59522507
vt 1.33497337 0.59104652
vt 1.33497337 0.58687001
vt 1.33497337 0.5827242
vt 1.33497337 0.57854122
vt 1.33497337 0.57365865
vt 1.33497337 0.56813744
vt 1.33497337 0.56304579
vt 1.33497337 0.55951754
vt 1.35054132 0.7726862
vt 1.35054132 0.76844628
vt 1.35054132 0.76153003
vt 1.35054132 0.75334787
vt 1.35054132 0.74530775
vt 1.35054132 0.73759696
vt 1.35054132 0.72979007
vt 1.35054132 0.72232038
vt 1.35054132 0.7156328
vt 1.35054132 0.7098471
vt 1.35054132 0.70479503
vt 1.35054132 0.70045374
vt 1.35054132 0.69667906
vt 1.35054132 0.69260422
vt 1.35054132 0.68745122
vt 1.35054132 0.68143859
vt 1.35054132 0.67496954
vt 1.35054132 0.66809146
vt 1.35054132 0.6606304
vt 1.35054132 0.65274067
vt 1.35054132 0.64461561
vt 1.35054132 0.63625592
vt 1.35054132 0.62792476
vt 1.35054132 0.62020895
vt 1.35054132 0.61364326
vt 1.35054132 0.60835876
vt 1.35054132 0.60384882
vt 1.35054132 0.59955938
vt 1.35054132 0.5953578
vt 1.35054132 0.59119787
vt 1.35054132 0.58703998
vt 1.35054132 0.58291265
vt 1.35054132 0.57874831
vt 1.35054132 0.57388751
vt 1.35054132 0.56839091
vt 1.35054132 0.56332196
vt 1.35054132 0.55980944
vt 1.36610927 0.77457296
vt 1.36610927 0.7703079
vt 1.36610927 0.7633355
vt 1.36610927 0.75507254
vt 1.36610927 0.74693488
vt 1.36610927 0.73911595
vt 1.36610927 0.73119455
vt 1.36610927 0.7236113
vt 1.36610927 0.71681877
vt 1.36610927 0.71094545
vt 1.36610927 0.70583019
vt 1.36610927 0.70145247
vt 1.36610927 0.69766371
vt 1.36610927 0.69358012
vt 1.36610927 0.68840211
vt 1.36610927 0.68234152
vt 1.36610927 0.67580142
vt 1.36610927 0.66883158
vt 1.36610927 0.66126245
vt 1.36610927 0.65325441
vt 1.36610927 0.64500745
vt 1.36610927 0.63652844
vt 1.36610927 0.62808725
vt 1.36610927 0.62027778
vt 1.36610927 0.61364087
vt 1.36610927 0.60831193
vt 1.36610927 0.60378109
vt 1.36610927 0.59947792
vt 1.36610927 0.59526289
vt 1.36610927 0.59108964
vt 1.36610927 0.58691844
vt 1.36610927 0.58277789
vt 1.36610927 0.57860022
vt 1.36610927 0.57372386
vt 1.36610927 0.56820965
vt 1.36610927 0.56312448
vt 1.36610927 0.5596007
vt 1.38167723 0.77590158
vt 1.38167723 0.77159938
vt 1.38167723 0.76456587
vt 1.38167723 0.75623012
vt 1.38167723 0.74802031
vt 1.38167723 0.74013167
vt 1.38167723 0.73213953
vt 1.38167723 0.72448847
vt 1.38167723 0.7176351
vt 1.38167723 0.71170926
vt 1.38167723 0.70654859
vt 1.38167723 0.70213246
vt 1.38167723 0.6983109
vt 1.38167723 0.69419214
vt 1.38167723 0.68896918
vt 1.38167723 0.68285549
vt 1.38167723 0.67625758
vt 1.38167723 0.66922573
vt 1.38167723 0.66158905
vt 1.38167723 0.65350943
vt 1.38167723 0.64518876
vt 1.38167723 0.63663411
vt 1.38167723 0.62811785
vt 1.38167723 0.62023914
vt 1.38167723 0.6135436
vt 1.38167723 0.60816791
vt 1.38167723 0.60359776
vt 1.38167723 0.59925741
vt 1.38167723 0.59500596
vt 1.38167723 0.59079665
vt 1.38167723 0.58658941
vt 1.38167723 0.58241309
vt 1.38167723 0.57819932
vt 1.38167723 0.57328083
vt 1.38167723 0.56771898
vt 1.38167723 0.56258986
vt 1.38167723 0.55903565
vt 1.39724518 0.77646224
vt 1.39724518 0.77212007
vt 1.39724518 0.76503381
vt 1.39724518 0.75664747
vt 1.39724518 0.74840286
vt 1.39724518 0.74049287
vt 1.39724518 0.73248324
vt 1.39724518 0.72481871
vt 1.39724518 0.71795601
vt 1.39724518 0.7120195
vt 1.39724518 0.70683859
vt 1.39724518 0.70239037
vt 1.39724518 0.69852645
vt 1.39724518 0.69435661
vt 1.39724518 0.68908052
vt 1.39724518 0.68292029
vt 1.39724518 0.67628829
vt 1.39724518 0.66923352
vt 1.39724518 0.66157899
vt 1.39724518 0.6534838
vt 1.39724518 0.64514714
vt 1.39724518 0.63657104
vt 1.39724518 0.62802609
vt 1.39724518 0.62011404
vt 1.39724518 0.61338316
vt 1.39724518 0.60796844
vt 1.39724518 0.60335098
vt 1.39724518 0.59896058
vt 1.39724518 0.59466011
vt 1.39724518 0.59040227
vt 1.39724518 0.58614651
vt 1.39724518 0.58192203
vt 1.39724518 0.57765968
vt 1.39724518 0.57268447
vt 1.39724518 0.56705849
vt 1.39724518 0.56187023
vt 1.39724518 0.55827503
vt 1.41281313 0.77610516
vt 1.41281313 0.77172909
vt 1.41281313 0.76461064
vt 1.41281313 0.75620814
vt 1.41281313 0.74797532
vt 1.41281313 0.74009885
vt 1.41281313 0.73213072
vt 1.41281313 0.72451186
vt 1.41281313 0.71769491
vt 1.41281313 0.71179279
vt 1.41281313 0.70662127
vt 1.41281313 0.7021538
vt 1.41281313 0.6982466
vt 1.41281313 0.69402066
vt 1.41281313 0.68869491
vt 1.41281313 0.68250529
vt 1.41281313 0.67587132
vt 1.41281313 0.66883922
vt 1.41281313 0.66122235
vt 1.41281313 0.65317317
vt 1.41281313 0.644884
vt 1.41281313 0.63634746
vt 1.41281313 0.62782836
vt 1.41281313 0.61992765
vt 1.41281313 0.61319346
vt 1.41281313 0.60775642
vt 1.41281313 0.60309397
vt 1.41281313 0.59865145
vt 1.41281313 0.59429993
vt 1.41281313 0.58999154
vt 1.41281313 0.58568526
vt 1.41281313 0.58141063
vt 1.41281313 0.57709768
vt 1.41281313 0.5720634
vt 1.41281313 0.56637064
vt 1.41281313 0.56112079
vt 1.41281313 0.55748291
vt 1.42838108 0.77476555
vt 1.42838108 0.77036942
vt 1.42838108 0.76324901
vt 1.42838108 0.7548734
vt 1.42838108 0.74670385
vt 1.42838108 0.73891754
vt 1.42838108 0.73105059
vt 1.42838108 0.7235362
vt 1.42838108 0.71681885
vt 1.42838108 0.71099528
vt 1.42838108 0.70586412
vt 1.42838108 0.70139474
vt 1.42838108 0.69745121
vt 1.42838108 0.69317457
vt 1.42838108 0.6878131
vt 1.42838108 0.6816197
vt 1.42838108 0.67502109
vt 1.42838108 0.66805967
vt 1.42838108 0.66053702
vt 1.42838108 0.6525958
vt 1.42838108 0.64441797
vt 1.42838108 0.63598358
vt 1.42838108 0.62754815
vt 1.42838108 0.6197081
vt 1.42838108 0.61300819
vt 1.42838108 0.60757249
vt 1.42838108 0.60287677
vt 1.42838108 0.5983902
vt 1.42838108 0.59399553
vt 1.42838108 0.58964442
vt 1.42838108 0.58529545
vt 1.42838108 0.58097843
vt 1.42838108 0.57662272
vt 1.42838108 0.57153853
vt 1.42838108 0.56578932
vt 1.42838108 0.56048741
vt 1.42838108 0.55681346
vt 1.44394903 0.77246785
vt 1.44394903 0.76807148
vt 1.44394903 0.76098569
vt 1.44394903 0.7526843
vt 1.44394903 0.74462961
vt 1.44394903 0.73698685
vt 1.44394903 0.72927624
vt 1.44394903 0.72191975
vt 1.44394903 0.71535008
vt 1.44394903 0.70964456
vt 1.44394903 0.70458329
vt 1.44394903 0.70013214
vt 1.44394903 0.69616599
vt 1.44394903 0.69185323
vt 1.44394903 0.68647849
vt 1.44394903 0.68031249
vt 1.44394903 0.67378818
vt 1.44394903 0.66694359
vt 1.44394903 0.6595678
vt 1.44394903 0.65179148
vt 1.44394903 0.64378372
vt 1.44394903 0.63551016
vt 1.44394903 0.62721428
vt 1.44394903 0.61948425
vt 1.44394903 0.61285813
vt 1.44394903 0.60745184
vt 1.44394903 0.60274222
vt 1.44394903 0.59822837
vt 1.44394903 0.59380697
vt 1.44394903 0.58942941
vt 1.44394903 0.58505398
vt 1.44394903 0.58071071
vt 1.44394903 0.5763285
vt 1.44394903 0.5712134
vt 1.44394903 0.56542922
vt 1.44394903 0.56009507
vt 1.44394903 0.55639878
vt 1.45951698 0.76931079
vt 1.45951698 0.76493781
vt 1.45951698 0.75792603
vt 1.45951698 0.74974619
vt 1.45951698 0.74185382
vt 1.45951698 0.73440069
vt 1.45951698 0.72689298
vt 1.45951698 0.71973866
vt 1.45951698 0.71335572
vt 1.45951698 0.70780054
vt 1.45951698 0.70283544
vt 1.45951698 0.69842399
vt 1.45951698 0.69445423
vt 1.45951698 0.69012713
vt 1.45951698 0.68476748
vt 1.45951698 0.67866267
vt 1.45951698 0.67224996
vt 1.45951698 0.66556287
vt 1.45951698 0.65837872
vt 1.45951698 0.65081503
vt 1.45951698 0.64302654
vt 1.45951698 0.63496409
vt 1.45951698 0.62685734
vt 1.45951698 0.61928269
vt 1.45951698 0.61276839
vt 1.45951698 0.60742135
vt 1.45951698 0.60272261
vt 1.45951698 0.59820478
vt 1.45951698 0.59377949
vt 1.45951698 0.58939806
vt 1.45951698 0.58501878
vt 1.45951698 0.58067169
vt 1.45951698 0.57628562
vt 1.45951698 0.571166
vt 1.45951698 0.56537673
vt 1.45951698 0.56003788
vt 1.45951698 0.55633833
vt 1.47508493 0.7654415
vt 1.47508493 0.76111709
vt 1.47508493 0.75421808
vt 1.47508493 0.74620356
vt 1.47508493 0.73851381
vt 1.47508493 0.73128661
vt 1.47508493 0.72401753
vt 1.47508493 0.71709856
vt 1.47508493 0.71093093
vt 1.47508493 0.7055502
vt 1.47508493 0.70070337
vt 1.47508493 0.69635326
vt 1.47508493 0.69240232
vt 1.47508493 0.68808725
vt 1.47508493 0.68277401
vt 1.47508493 0.67676393
vt 1.47508493 0.67049594
vt 1.47508493 0.66399929
vt 1.47508493 0.65704143
vt 1.47508493 0.64972653
vt 1.47508493 0.6421946
vt 1.47508493 0.6343825
vt 1.47508493 0.62650523
vt 1.47508493 0.61912447
vt 1.47508493 0.61275594
vt 1.47508493 0.60749731
vt 1.47508493 0.60283702
vt 1.47508493 0.59834239
vt 1.47508493 0.59393982
vt 1.47508493 0.5895809
vt 1.47508493 0.58522411
vt 1.47508493 0.58089933
vt 1.47508493 0.57653579
vt 1.47508493 0.57144247
vt 1.47508493 0.56568293
vt 1.47508493 0.5603715
vt 1.47508493 0.55669094
vt 1.49065289 0.76102955
vt 1.49065289 0.75677802
vt 1.49065289 0.75002701
vt 1.49065289 0.74221526
vt 1.49065289 0.7347596
vt 1.49065289 0.72778412
vt 1.49065289 0.72077814
vt 1.49065289 0.71411652
vt 1.49065289 0.70818254
vt 1.49065289 0.70299247
vt 1.49065289 0.69828157
vt 1.49065289 0.69401333
vt 1.49065289 0.69010478
vt 1.49065289 0.68582961
vt 1.49065289 0.68059393
vt 1.49065289 0.67470931
vt 1.49065289 0.66861332
vt 1.49065289 0.66233142
vt 1.49065289 0.65562381
vt 1.49065289 0.64858192
vt 1.49065289 0.64133149
vt 1.49065289 0.63379719
vt 1.49065289 0.62617933
vt 1.49065289 0.61902257
vt 1.49065289 0.61282787
vt 1.49065289 0.60768398
vt 1.49065289 0.6030897
vt 1.49065289 0.59864631
vt 1.49065289 0.59429394
vt 1.49065289 0.58998471
vt 1.49065289 0.58567759
vt 1.49065289 0.58140213
vt 1.49065289 0.57708833
vt 1.49065289 0.57205308
vt 1.49065289 0.5663592
vt 1.49065289 0.56110833
vt 1.49065289 0.55746974
vt 1.50622084 0.7562497
vt 1.50622084 0.75209228
vt 1.50622084 0.74551837
vt 1.50622084 0.7379385
vt 1.50622084 0.73073888
vt 1.50622084 0.72403078
vt 1.50622084 0.71730188
vt 1.50622084 0.71090948
vt 1.50622084 0.70521852
vt 1.50622084 0.70022831
vt 1.50622084 0.69566635
vt 1.50622084 0.69149794
vt 1.50622084 0.6876539
vt 1.50622084 0.68344472
vt 1.50622084 0.67831445
vt 1.50622084 0.67258089
vt 1.50622084 0.66667729
vt 1.50622084 0.66062584
vt 1.50622084 0.65418238
vt 1.50622084 0.64742672
vt 1.50622084 0.6404714
vt 1.50622084 0.63323114
vt 1.50622084 0.62589213
vt 1.50622084 0.61898039
vt 1.50622084 0.61298054
vt 1.50622084 0.60797306
vt 1.50622084 0.60346953
vt 1.50622084 0.59910318
vt 1.50622084 0.59482626
vt 1.50622084 0.59059174
vt 1.50622084 0.58635929
vt 1.50622084 0.58215794
vt 1.50622084 0.57791893
vt 1.50622084 0.57297097
vt 1.50622084 0.5673758
vt 1.50622084 0.56221595
vt 1.50622084 0.55864044
vt 1.52178879 0.75127733
vt 1.52178879 0.74723008
vt 1.52178879 0.74085387
vt 1.52178879 0.733525
vt 1.52178879 0.72659353
vt 1.52178879 0.72015911
vt 1.52178879 0.71371193
vt 1.52178879 0.70759182
vt 1.52178879 0.70214558
vt 1.52178879 0.6973582
vt 1.52178879 0.69295311
vt 1.52178879 0.68889811
vt 1.52178879 0.6851365
vt 1.52178879 0.68101443
vt 1.52178879 0.67601115
vt 1.52178879 0.67044701
vt 1.52178879 0.66474843
vt 1.52178879 0.65893482
vt 1.52178879 0.65276035
vt 1.52178879 0.64629452
vt 1.52178879 0.63963798
vt 1.52178879 0.63269777
vt 1.52178879 0.62564691
vt 1.52178879 0.61899186
vt 1.52178879 0.61319993
vt 1.52178879 0.60834414
vt 1.52178879 0.60395061
vt 1.52178879 0.59968181
vt 1.52178879 0.59550045
vt 1.52178879 0.59136054
vt 1.52178879 0.58722266
vt 1.52178879 0.58311519
vt 1.52178879 0.5789709
vt 1.52178879 0.57413349
vt 1.52178879 0.56866334
vt 1.52178879 0.56361878
vt 1.52178879 0.56012316
vt 1.53735674 0.74629458
vt 1.53735674 0.74236645
vt 1.53735674 0.73619792
vt 1.53735674 0.72912748
vt 1.53735674 0.72246594
vt 1.53735674 0.71630255
vt 1.53735674 0.71013297
vt 1.53735674 0.70428019
vt 1.53735674 0.69907345
vt 1.53735674 0.69448584
vt 1.53735674 0.69023955
vt 1.53735674 0.68630521
vt 1.53735674 0.68263723
vt 1.53735674 0.67861562
vt 1.53735674 0.67375193
vt 1.53735674 0.6683663
vt 1.53735674 0.66287661
vt 1.53735674 0.65729998
vt 1.53735674 0.65139087
vt 1.53735674 0.64520976
vt 1.53735674 0.63884669
vt 1.53735674 0.63220294
vt 1.53735674 0.62543938
vt 1.53735674 0.61904277
vt 1.53735674 0.61346289
vt 1.53735674 0.60876607
vt 1.53735674 0.60449386
vt 1.53735674 0.60033524
vt 1.53735674 0.5962618
vt 1.53735674 0.59222873
vt 1.53735674 0.58819765
vt 1.53735674 0.58419618
vt 1.53735674 0.58015885
vt 1.53735674 0.57544629
vt 1.53735674 0.57011731
vt 1.53735674 0.56520295
vt 1.53735674 0.56179755
vt 1.55292469 0.74150095
vt 1.55292469 0.73769216
vt 1.55292469 0.73172867
vt 1.55292469 0.72491065
vt 1.55292469 0.71850952
vt 1.55292469 0.71260516
vt 1.55292469 0.70670011
vt 1.55292469 0.70110148
vt 1.55292469 0.69612197
vt 1.55292469 0.69172451
vt 1.55292469 0.68763166
vt 1.55292469 0.68381708
vt 1.55292469 0.68024511
vt 1.55292469 0.67632731
vt 1.55292469 0.67160461
vt 1.55292469 0.66639548
vt 1.55292469 0.66110865
vt 1.55292469 0.65575929
vt 1.55292469 0.65010324
vt 1.55292469 0.64419298
vt 1.55292469 0.6381091
vt 1.55292469 0.63174833
vt 1.55292469 0.62526043
vt 1.55292469 0.61911317
vt 1.55292469 0.61373932
vt 1.55292469 0.60919924
vt 1.55292469 0.60504979
vt 1.55292469 0.60100391
vt 1.55292469 0.5970409
vt 1.55292469 0.59311718
vt 1.55292469 0.58919537
vt 1.55292469 0.58530239
vt 1.55292469 0.58137451
vt 1.55292469 0.57678971
vt 1.55292469 0.5716052
vt 1.55292469 0.56682407
vt 1.55292469 0.56351099
vt 1.56849264 0.73712094
vt 1.56849264 0.73342183
vt 1.56849264 0.72764645
vt 1.56849264 0.72105972
vt 1.56849264 0.71489685
vt 1.56849264 0.70922916
vt 1.56849264 0.70356563
vt 1.56849264 0.6981988
vt 1.56849264 0.69342626
vt 1.56849264 0.68920167
vt 1.56849264 0.68524832
vt 1.56849264 0.68154297
vt 1.56849264 0.67805917
vt 1.56849264 0.67423707
vt 1.56849264 0.66964405
vt 1.56849264 0.66459678
vt 1.56849264 0.65949558
vt 1.56849264 0.6543539
vt 1.56849264 0.64892901
vt 1.56849264 0.64326615
vt 1.56849264 0.63743728
vt 1.56849264 0.63133509
vt 1.56849264 0.62509922
vt 1.56849264 0.61918005
vt 1.56849264 0.6139948
vt 1.56849264 0.60959842
vt 1.56849264 0.6055619
vt 1.56849264 0.60161987
vt 1.56849264 0.59775858
vt 1.56849264 0.59393558
vt 1.56849264 0.59011445
vt 1.56849264 0.58632139
vt 1.56849264 0.58249433
vt 1.56849264 0.57802722
vt 1.56849264 0.5729758
vt 1.56849264 0.5683174
vt 1.56849264 0.56508936
vt 1.58406059 0.73340329
vt 1.58406059 0.72979369
vt 1.58406059 0.72417418
vt 1.58406059 0.71778127
vt 1.58406059 0.71182063
vt 1.58406059 0.70635565
vt 1.58406059 0.70089936
vt 1.58406059 0.69573155
vt 1.58406059 0.69113651
vt 1.58406059 0.68705874
vt 1.58406059 0.6832213
vt 1.58406059 0.67960422
vt 1.58406059 0.67618991
vt 1.58406059 0.67244341
vt 1.58406059 0.66795527
vt 1.58406059 0.66304172
vt 1.58406059 0.65809668
vt 1.58406059 0.65313212
vt 1.58406059 0.64790569
vt 1.58406059 0.64245589
vt 1.58406059 0.63684669
vt 1.58406059 0.63096643
vt 1.58406059 0.62494564
vt 1.58406059 0.61921994
vt 1.58406059 0.61419342
vt 1.58406059 0.6099161
vt 1.58406059 0.60597076
vt 1.58406059 0.60211165
vt 1.58406059 0.59833159
vt 1.58406059 0.594589
vt 1.58406059 0.59084824
vt 1.58406059 0.58713497
vt 1.58406059 0.58338841
vt 1.58406059 0.57901526
vt 1.58406059 0.57407009
vt 1.58406059 0.56950967
vt 1.58406059 0.56634953
vt 1.59962855 0.73061026
vt 1.59962855 0.72705958
vt 1.59962855 0.72154833
vt 1.59962855 0.71529504
vt 1.59962855 0.70948611
vt 1.59962855 0.70417741
vt 1.59962855 0.69888187
vt 1.59962855 0.69386884
vt 1.59962855 0.68941165
vt 1.59962855 0.6854451
vt 1.59962855 0.68168993
vt 1.59962855 0.67812964
vt 1.59962855 0.67475558
vt 1.59962855 0.67105291
vt 1.59962855 0.66663162
vt 1.59962855 0.66181004
vt 1.59962855 0.65697909
vt 1.59962855 0.65214943
vt 1.59962855 0.64707707
vt 1.59962855 0.64179407
vt 1.59962855 0.63635696
vt 1.59962855 0.63064876
vt 1.59962855 0.62479196
vt 1.59962855 0.61921112
vt 1.59962855 0.61430063
vt 1.59962855 0.61010605
vt 1.59962855 0.60621846
vt 1.59962855 0.60240958
vt 1.59962855 0.59867872
vt 1.59962855 0.59498484
vt 1.59962855 0.59129277
vt 1.59962855 0.58762784
vt 1.59962855 0.58393005
vt 1.59962855 0.57961382
vt 1.59962855 0.57473302
vt 1.59962855 0.57023196
vt 1.59962855 0.56711296
vt 1.6151965 0.72900032
vt 1.6151965 0.72546845
vt 1.6151965 0.72000345
vt 1.6151965 0.7138197
vt 1.6151965 0.7080977
vt 1.6151965 0.70288627
vt 1.6151965 0.69769253
vt 1.6151965 0.6927783
vt 1.6151965 0.68840886
vt 1.6151965 0.68450828
vt 1.6151965 0.68079202
vt 1.6151965 0.67724739
vt 1.6151965 0.67387484
vt 1.6151965 0.67017387
vt 1.6151965 0.66576935
vt 1.6151965 0.66098533
vt 1.6151965 0.65621424
vt 1.6151965 0.65146562
vt 1.6151965 0.64649102
vt 1.6151965 0.64131636
vt 1.6151965 0.63599119
vt 1.6151965 0.63039175
vt 1.6151965 0.62463376
vt 1.6151965 0.61913547
vt 1.6151965 0.61428598
vt 1.6151965 0.61012684
vt 1.6151965 0.60625295
vt 1.6151965 0.60245107
vt 1.6151965 0.59872706
vt 1.6151965 0.59503997
vt 1.6151965 0.59135468
vt 1.6151965 0.58769648
vt 1.6151965 0.58400548
vt 1.6151965 0.57969718
vt 1.6151965 0.57482534
vt 1.6151965 0.57033255
vt 1.6151965 0.56721927
vt 1.63076445 0.72881071
vt 1.63076445 0.72524959
vt 1.63076445 0.7197565
vt 1.63076445 0.71355818
vt 1.63076445 0.7078453
vt 1.63076445 0.70266021
vt 1.63076445 0.69749744
vt 1.63076445 0.69261473
vt 1.63076445 0.68827285
vt 1.63076445 0.68438401
vt 1.63076445 0.68065483
vt 1.63076445 0.67707672
vt 1.63076445 0.67365941
vt 1.63076445 0.66990973
vt 1.63076445 0.66546203
vt 1.63076445 0.66065037
vt 1.63076445 0.65587408
vt 1.63076445 0.65114178
vt 1.63076445 0.64619725
vt 1.63076445 0.64106057
vt 1.63076445 0.63577498
vt 1.63076445 0.63020818
vt 1.63076445 0.6244707
vt 1.63076445 0.61898013
vt 1.63076445 0.61412558
vt 1.63076445 0.60994521
vt 1.63076445 0.60603229
vt 1.63076445 0.60218565
vt 1.63076445 0.59841781
vt 1.63076445 0.59468732
vt 1.63076445 0.59095865
vt 1.63076445 0.58725739
vt 1.63076445 0.58352295
vt 1.63076445 0.57916393
vt 1.63076445 0.57423475
vt 1.63076445 0.56968908
vt 1.63076445 0.56653916
vt 1.6463324 0.73024628
vt 1.6463324 0.7266021
vt 1.6463324 0.72099708
vt 1.6463324 0.71468878
vt 1.6463324 0.70889598
vt 1.6463324 0.70365543
vt 1.6463324 0.69844179
vt 1.6463324 0.69351288
vt 1.6463324 0.68912913
vt 1.6463324 0.68519001
vt 1.6463324 0.68138952
vt 1.6463324 0.67772325
vt 1.6463324 0.67421004
vt 1.6463324 0.67035585
vt 1.6463324 0.66579805
vt 1.6463324 0.66088538
vt 1.6463324 0.65602989
vt 1.6463324 0.65123957
vt 1.6463324 0.64624688
vt 1.6463324 0.64106664
vt 1.6463324 0.63573673
vt 1.6463324 0.63011463
vt 1.6463324 0.62430763
vt 1.6463324 0.61873917
vt 1.6463324 0.61380444
vt 1.6463324 0.60953894
vt 1.6463324 0.60552818
vt 1.6463324 0.60157931
vt 1.6463324 0.59771133
vt 1.6463324 0.5938817
vt 1.6463324 0.59005393
vt 1.6463324 0.5862543
vt 1.6463324 0.58242061
vt 1.6463324 0.57794574
vt 1.6463324 0.57288556
vt 1.6463324 0.56821908
vt 1.6463324 0.56498544
vt 1.66190035 0.73347811
vt 1.66190035 0.7296939
vt 1.66190035 0.72388693
vt 1.66190035 0.71736487
vt 1.66190035 0.71139365
vt 1.66190035 0.70600591
vt 1.66190035 0.70064937
vt 1.66190035 0.6955868
vt 1.66190035 0.69108324
vt 1.66190035 0.68702541
vt 1.66190035 0.68309103
vt 1.66190035 0.6792794
vt 1.66190035 0.67561754
vt 1.66190035 0.6716011
vt 1.66190035 0.66686289
vt 1.66190035 0.66177065
vt 1.66190035 0.65675514
vt 1.66190035 0.65182404
vt 1.66190035 0.64669507
vt 1.66190035 0.64137893
vt 1.66190035 0.63590963
vt 1.66190035 0.63013325
vt 1.66190035 0.62415635
vt 1.66190035 0.61841544
vt 1.66190035 0.61331839
vt 1.66190035 0.60889917
vt 1.66190035 0.60472885
vt 1.66190035 0.60061788
vt 1.66190035 0.59659111
vt 1.66190035 0.59260426
vt 1.66190035 0.58861937
vt 1.66190035 0.58466376
vt 1.66190035 0.58067269
vt 1.66190035 0.57601413
vt 1.66190035 0.57074622
vt 1.66190035 0.56588817
vt 1.66190035 0.56252179
vt 1.6774683 0.73864988
vt 1.6774683 0.73466828
vt 1.6774683 0.72856649
vt 1.6774683 0.72172147
vt 1.6774683 0.71546534
vt 1.6774683 0.70982911
vt 1.6774683 0.70422762
vt 1.6774683 0.69893433
vt 1.6774683 0.69422486
vt 1.6774683 0.68997465
vt 1.6774683 0.68584199
vt 1.6774683 0.68182862
vt 1.6774683 0.67796747
vt 1.6774683 0.67373302
vt 1.6774683 0.66874449
vt 1.6774683 0.66339215
vt 1.6774683 0.65813095
vt 1.6774683 0.6529686
vt 1.6774683 0.64760548
vt 1.6774683 0.64205
vt 1.6774683 0.63633474
vt 1.6774683 0.63029418
vt 1.6774683 0.62403751
vt 1.6774683 0.61802208
vt 1.6774683 0.61267556
vt 1.6774683 0.60803194
vt 1.6774683 0.60364081
vt 1.6774683 0.59930919
vt 1.6774683 0.59506629
vt 1.6774683 0.59086546
vt 1.6774683 0.58666668
vt 1.6774683 0.58249875
vt 1.6774683 0.57829347
vt 1.6774683 0.57338486
vt 1.6774683 0.56783421
vt 1.6774683 0.56271541
vt 1.6774683 0.55916834
vt 1.69303625 0.74588485
vt 1.69303625 0.74165097
vt 1.69303625 0.735162
vt 1.69303625 0.72788207
vt 1.69303625 0.72122768
vt 1.69303625 0.71523206
vt 1.69303625 0.70927324
vt 1.69303625 0.70364224
vt 1.69303625 0.69863235
vt 1.69303625 0.6941115
vt 1.69303625 0.68971651
vt 1.69303625 0.68544906
vt 1.69303625 0.68134384
vt 1.69303625 0.67684169
vt 1.69303625 0.67153729
vt 1.69303625 0.66584544
vt 1.69303625 0.66024977
vt 1.69303625 0.65475851
vt 1.69303625 0.64905324
vt 1.69303625 0.64314311
vt 1.69303625 0.63706298
vt 1.69303625 0.63063708
vt 1.69303625 0.62398174
vt 1.69303625 0.61758343
vt 1.69303625 0.611897
vt 1.69303625 0.60695872
vt 1.69303625 0.6022896
vt 1.69303625 0.59768395
vt 1.69303625 0.59317264
vt 1.69303625 0.58870605
vt 1.69303625 0.58424165
vt 1.69303625 0.57981006
vt 1.69303625 0.57533874
vt 1.69303625 0.57011961
vt 1.69303625 0.56421781
vt 1.69303625 0.55877519
vt 1.69303625 0.55500373
vt 1.70860421 0.75528328
vt 1.70860421 0.75074748
vt 1.70860421 0.74378287
vt 1.70860421 0.73595627
vt 1.70860421 0.72878492
vt 1.70860421 0.72230975
vt 1.70860421 0.71587092
vt 1.70860421 0.70978502
vt 1.70860421 0.70437146
vt 1.70860421 0.69949731
vt 1.70860421 0.6947777
vt 1.70860421 0.69021054
vt 1.70860421 0.6858258
vt 1.70860421 0.6810162
vt 1.70860421 0.67533862
vt 1.70860421 0.66923206
vt 1.70860421 0.66321191
vt 1.70860421 0.65728755
vt 1.70860421 0.65112208
vt 1.70860421 0.64472984
vt 1.70860421 0.63815329
vt 1.70860421 0.63120984
vt 1.70860421 0.62402878
vt 1.70860421 0.61713434
vt 1.70860421 0.61101621
vt 1.70860421 0.60571602
vt 1.70860421 0.60071917
vt 1.70860421 0.59579505
vt 1.70860421 0.59097178
vt 1.70860421 0.58619633
vt 1.70860421 0.58142322
vt 1.70860421 0.57668518
vt 1.70860421 0.57190466
vt 1.70860421 0.56632463
vt 1.70860421 0.56001472
vt 1.70860421 0.55419575
vt 1.70860421 0.55016349
vt 1.72417216 0.76689997
vt 1.72417216 0.76202067
vt 1.72417216 0.7544998
vt 1.72417216 0.74601894
vt 1.72417216 0.73820959
vt 1.72417216 0.73112755
vt 1.72417216 0.72407749
vt 1.72417216 0.71741057
vt 1.72417216 0.71148187
vt 1.72417216 0.70616747
vt 1.72417216 0.7010634
vt 1.72417216 0.69615933
vt 1.72417216 0.6914716
vt 1.72417216 0.68632815
vt 1.72417216 0.68023193
vt 1.72417216 0.67364305
vt 1.72417216 0.66710979
vt 1.72417216 0.66064368
vt 1.72417216 0.65389181
vt 1.72417216 0.64687977
vt 1.72417216 0.63966462
vt 1.72417216 0.63206265
vt 1.72417216 0.62422334
vt 1.72417216 0.61671752
vt 1.72417216 0.61007732
vt 1.72417216 0.60435379
vt 1.72417216 0.59899024
vt 1.72417216 0.59371549
vt 1.72417216 0.58854877
vt 1.72417216 0.58343328
vt 1.72417216 0.5783203
vt 1.72417216 0.57324488
vt 1.72417216 0.56812397
vt 1.72417216 0.56214661
vt 1.72417216 0.55538739
vt 1.72417216 0.54915407
vt 1.72417216 0.54483469
vt 1.73974011 0.78069601
vt 1.73974011 0.77544262
vt 1.73974011 0.76729754
vt 1.73974011 0.75806487
vt 1.73974011 0.74950012
vt 1.73974011 0.74168242
vt 1.73974011 0.73388664
vt 1.73974011 0.7265081
vt 1.73974011 0.71994769
vt 1.73974011 0.71410309
vt 1.73974011 0.70855745
vt 1.73974011 0.70328831
vt 1.73974011 0.6982876
vt 1.73974011 0.69279983
vt 1.73974011 0.68625481
vt 1.73974011 0.67912747
vt 1.73974011 0.6719981
vt 1.73974011 0.66488188
vt 1.73974011 0.65741477
vt 1.73974011 0.64964103
vt 1.73974011 0.64164075
vt 1.73974011 0.63323691
vt 1.73974011 0.62460754
vt 1.73974011 0.6163786
vt 1.73974011 0.60913191
vt 1.73974011 0.60293288
vt 1.73974011 0.59717735
vt 1.73974011 0.59153495
vt 1.73974011 0.58600812
vt 1.73974011 0.58053607
vt 1.73974011 0.57506671
vt 1.73974011 0.56963754
vt 1.73974011 0.5641597
vt 1.73974011 0.55776571
vt 1.73974011 0.55053538
vt 1.73974011 0.5438676
vt 1.73974011 0.53924716
vt 1.75530806 0.79646645
vt 1.75530806 0.79082233
vt 1.75530806 0.78200395
vt 1.75530806 0.77194051
vt 1.75530806 0.76251652
vt 1.75530806 0.75384323
vt 1.75530806 0.74517445
vt 1.75530806 0.73695874
vt 1.75530806 0.72965253
vt 1.75530806 0.72318905
vt 1.75530806 0.71714888
vt 1.75530806 0.71149559
vt 1.75530806 0.70618566
vt 1.75530806 0.70036044
vt 1.75530806 0.6933548
vt 1.75530806 0.68564914
vt 1.75530806 0.67785293
vt 1.75530806 0.66998721
vt 1.75530806 0.66168375
vt 1.75530806 0.65301378
vt 1.75530806 0.6440895
vt 1.75530806 0.63474988
vt 1.75530806 0.6252102
vt 1.75530806 0.61615916
vt 1.75530806 0.60823453
vt 1.75530806 0.60152157
vt 1.75530806 0.59536513
vt 1.75530806 0.58935521
vt 1.75530806 0.58346838
vt 1.75530806 0.57763992
vt 1.75530806 0.57181431
vt 1.75530806 0.56603151
vt 1.75530806 0.56019687
vt 1.75530806 0.55338641
vt 1.75530806 0.54568513
vt 1.75530806 0.53858304
vt 1.75530806 0.53366165
vt 1.77087601 0.81375723
vt 1.77087601 0.80772273
vt 1.77087601 0.79820821
vt 1.77087601 0.78726476
vt 1.77087601 0.77690514
vt 1.77087601 0.76728072
vt 1.77087601 0.7576349
vt 1.77087601 0.74847696
vt 1.77087601 0.74032668
vt 1.77087601 0.73316629
vt 1.77087601 0.72658699
vt 1.77087601 0.72054018
vt 1.77087601 0.71493785
vt 1.77087601 0.70879961
vt 1.77087601 0.70134251
vt 1.77087601 0.69304075
vt 1.77087601 0.68452861
vt 1.77087601 0.67583572
vt 1.77087601 0.66659815
vt 1.77087601 0.65692213
vt 1.77087601 0.64696059
vt 1.77087601 0.63657809
vt 1.77087601 0.62603526
vt 1.77087601 0.61608902
vt 1.77087601 0.60743757
vt 1.77087601 0.60019147
vt 1.77087601 0.59364365
vt 1.77087601 0.58728462
vt 1.77087601 0.58105583
vt 1.77087601 0.57488879
vt 1.77087601 0.56872478
vt 1.77087601 0.56260606
vt 1.77087601 0.55643248
vt 1.77087601 0.54922641
vt 1.77087601 0.54107777
vt 1.77087601 0.53356312
vt 1.77087601 0.52835585
vt 1.78644396 0.83179674
vt 1.78644396 0.82539191
vt 1.78644396 0.81519261
vt 1.78644396 0.80336236
vt 1.78644396 0.79203483
vt 1.78644396 0.78140741
vt 1.78644396 0.77072432
vt 1.78644396 0.76055993
vt 1.78644396 0.75150194
vt 1.78644396 0.74359205
vt 1.78644396 0.73644603
vt 1.78644396 0.73000866
vt 1.78644396 0.72414291
vt 1.78644396 0.71773258
vt 1.78644396 0.70985615
vt 1.78644396 0.70096903
vt 1.78644396 0.69172483
vt 1.78644396 0.68216489
vt 1.78644396 0.6719382
vt 1.78644396 0.66119255
vt 1.78644396 0.65012829
vt 1.78644396 0.63864412
vt 1.78644396 0.62705195
vt 1.78644396 0.61617921
vt 1.78644396 0.60678615
vt 1.78644396 0.59901313
vt 1.78644396 0.59210345
vt 1.78644396 0.58543206
vt 1.78644396 0.57889732
vt 1.78644396 0.57242737
vt 1.78644396 0.56596058
vt 1.78644396 0.55954131
vt 1.78644396 0.5530645
vt 1.78644396 0.54550447
vt 1.78644396 0.53695557
vt 1.78644396 0.52907181
vt 1.78644396 0.52360876
vt 1.80201191 0.84947374
vt 1.80201191 0.84274038
vt 1.80201191 0.83190911
vt 1.80201191 0.81923996
vt 1.80201191 0.80697315
vt 1.80201191 0.79535446
vt 1.80201191 0.78363942
vt 1.80201191 0.7724675
vt 1.80201191 0.76249422
vt 1.80201191 0.75382614
vt 1.80201191 0.74611539
vt 1.80201191 0.73930803
vt 1.80201191 0.73321948
vt 1.80201191 0.72659249
vt 1.80201191 0.71835284
vt 1.80201191 0.70892575
vt 1.80201191 0.69897815
vt 1.80201191 0.6885657
vt 1.80201191 0.67735788
vt 1.80201191 0.66554757
vt 1.80201191 0.65338591
vt 1.80201191 0.64081161
vt 1.80201191 0.62819028
vt 1.80201191 0.61641771
vt 1.80201191 0.60631394
vt 1.80201191 0.59805162
vt 1.80201191 0.59083025
vt 1.80201191 0.58390067
vt 1.80201191 0.57711301
vt 1.80201191 0.57039265
vt 1.80201191 0.56367558
vt 1.80201191 0.55700787
vt 1.80201191 0.55028038
vt 1.80201191 0.54242775
vt 1.80201191 0.53354799
vt 1.80201191 0.5253591
vt 1.80201191 0.51968461
vt 1.81757987 0.86538936
vt 1.81757987 0.85839176
vt 1.81757987 0.84702755
vt 1.81757987 0.83363117
vt 1.81757987 0.82052776
vt 1.81757987 0.80800956
vt 1.81757987 0.79535178
vt 1.81757987 0.78325359
vt 1.81757987 0.77243257
vt 1.81757987 0.76305923
vt 1.81757987 0.75482902
vt 1.81757987 0.74769697
vt 1.81757987 0.74143812
vt 1.81757987 0.73466155
vt 1.81757987 0.72613849
vt 1.81757987 0.7162559
vt 1.81757987 0.7056878
vt 1.81757987 0.69450562
vt 1.81757987 0.68240427
vt 1.81757987 0.66962117
vt 1.81757987 0.65645703
vt 1.81757987 0.64289243
vt 1.81757987 0.62934444
vt 1.81757987 0.61676962
vt 1.81757987 0.60604085
vt 1.81757987 0.59736268
vt 1.81757987 0.58989992
vt 1.81757987 0.58278166
vt 1.81757987 0.5758092
vt 1.81757987 0.56890586
vt 1.81757987 0.5620059
vt 1.81757987 0.55515665
vt 1.81757987 0.54824599
vt 1.81757987 0.54017956
vt 1.81757987 0.53105803
vt 1.81757987 0.52264618
vt 1.81757987 0.5168172
vt 1.83314782 0.87799385
vt 1.83314782 0.87081768
vt 1.83314782 0.8590664
vt 1.83314782 0.84512119
vt 1.83314782 0.83136374
vt 1.83314782 0.81812603
vt 1.83314782 0.80470826
vt 1.83314782 0.79185804
vt 1.83314782 0.78034328
vt 1.83314782 0.77039072
vt 1.83314782 0.76173979
vt 1.83314782 0.75435937
vt 1.83314782 0.74799513
vt 1.83314782 0.74114447
vt 1.83314782 0.73243945
vt 1.83314782 0.72222596
vt 1.83314782 0.71117891
vt 1.83314782 0.69938486
vt 1.83314782 0.68656565
vt 1.83314782 0.67299786
vt 1.83314782 0.65902521
vt 1.83314782 0.64466732
vt 1.83314782 0.63038502
vt 1.83314782 0.61718231
vt 1.83314782 0.60597296
vt 1.83314782 0.59698947
vt 1.83314782 0.58937376
vt 1.83314782 0.5821488
vt 1.83314782 0.57507182
vt 1.83314782 0.568065
vt 1.83314782 0.5610616
vt 1.83314782 0.55410968
vt 1.83314782 0.54709543
vt 1.83314782 0.53890809
vt 1.83314782 0.52964982
vt 1.83314782 0.52111188
vt 1.83314782 0.51519551
vt 1.84871577 0.88579485
vt 1.84871577 0.87854389
vt 1.84871577 0.86659334
vt 1.84871577 0.85233908
vt 1.84871577 0.83818539
vt 1.84871577 0.82449275
vt 1.84871577 0.81058811
vt 1.84871577 0.79725077
vt 1.84871577 0.78528161
vt 1.84871577 0.77494954
vt 1.84871577 0.76603227
vt 1.84871577 0.75851307
vt 1.84871577 0.75212041
vt 1.84871577 0.7452761
vt 1.84871577 0.73650817
vt 1.84871577 0.72612485
vt 1.84871577 0.71479577
vt 1.84871577 0.70261959
vt 1.84871577 0.68934279
vt 1.84871577 0.67527084
vt 1.84871577 0.66077882
vt 1.84871577 0.64591758
vt 1.84871577 0.63117885
vt 1.84871577 0.6175952
vt 1.84871577 0.6061047
vt 1.84871577 0.59696033
vt 1.84871577 0.58929467
vt 1.84871577 0.58205367
vt 1.84871577 0.57496098
vt 1.84871577 0.56793861
vt 1.84871577 0.56091967
vt 1.84871577 0.55395231
vt 1.84871577 0.54692249
vt 1.84871577 0.53871697
vt 1.84871577 0.52943815
vt 1.84871577 0.52088125
vt 1.84871577 0.51495176
vt 1.86428372 0.88760039
vt 1.86428372 0.88039088
vt 1.86428372 0.86845992
vt 1.86428372 0.85418332
vt 1.86428372 0.83995013
vt 1.86428372 0.82613445
vt 1.86428372 0.81208855
vt 1.86428372 0.79860234
vt 1.86428372 0.78648774
vt 1.86428372 0.77603691
vt 1.86428372 0.76705474
vt 1.86428372 0.75953512
vt 1.86428372 0.75320072
vt 1.86428372 0.74644467
vt 1.86428372 0.73774438
vt 1.86428372 0.72737972
vt 1.86428372 0.71600893
vt 1.86428372 0.70373751
vt 1.86428372 0.69033088
vt 1.86428372 0.67610921
vt 1.86428372 0.66146295
vt 1.86428372 0.64646228
vt 1.86428372 0.63161257
vt 1.86428372 0.61795199
vt 1.86428372 0.60642262
vt 1.86428372 0.59728744
vt 1.86428372 0.58968418
vt 1.86428372 0.58252218
vt 1.86428372 0.57550686
vt 1.86428372 0.56856109
vt 1.86428372 0.56161873
vt 1.86428372 0.55472738
vt 1.86428372 0.54777425
vt 1.86428372 0.53965824
vt 1.86428372 0.53048064
vt 1.86428372 0.5220171
vt 1.86428372 0.51615229
vt 1.87985167 0.88274416
vt 1.87985167 0.87569728
vt 1.87985167 0.86401974
vt 1.87985167 0.85003167
vt 1.87985167 0.83606776
vt 1.87985167 0.8224987
vt 1.87985167 0.8086983
vt 1.87985167 0.79544345
vt 1.87985167 0.78353283
vt 1.87985167 0.77325987
vt 1.87985167 0.76444225
vt 1.87985167 0.75707756
vt 1.87985167 0.75089267
vt 1.87985167 0.74430486
vt 1.87985167 0.73580647
vt 1.87985167 0.72566238
vt 1.87985167 0.71451363
vt 1.87985167 0.70246575
vt 1.87985167 0.6892951
vt 1.87985167 0.67531992
vt 1.87985167 0.66092752
vt 1.87985167 0.64619279
vt 1.87985167 0.63161501
vt 1.87985167 0.61821264
vt 1.87985167 0.60690954
vt 1.87985167 0.59796646
vt 1.87985167 0.59054071
vt 1.87985167 0.5835524
vt 1.87985167 0.57670723
vt 1.87985167 0.56992992
vt 1.87985167 0.56315592
vt 1.87985167 0.55643171
vt 1.87985167 0.54964722
vt 1.87985167 0.54172805
vt 1.87985167 0.53277304
vt 1.87985167 0.52451476
vt 1.87985167 0.51879219
vt 1.89541962 0.87123943
vt 1.89541962 0.86447256
vt 1.89541962 0.85327763
vt 1.89541962 0.83988504
vt 1.89541962 0.82653728
vt 1.89541962 0.81358436
vt 1.89541962 0.80041677
vt 1.89541962 0.78777482
vt 1.89541962 0.77641949
vt 1.89541962 0.7666232
vt 1.89541962 0.75820096
vt 1.89541962 0.75114625
vt 1.89541962 0.74519925
vt 1.89541962 0.73885446
vt 1.89541962 0.73068707
vt 1.89541962 0.7209617
vt 1.89541962 0.71029674
vt 1.89541962 0.69879063
vt 1.89541962 0.68622197
vt 1.89541962 0.67289005
vt 1.89541962 0.65916013
vt 1.89541962 0.64509663
vt 1.89541962 0.63117271
vt 1.89541962 0.618362
vt 1.89541962 0.60754804
vt 1.89541962 0.59897684
vt 1.89541962 0.59183905
vt 1.89541962 0.58511405
vt 1.89541962 0.57852679
vt 1.89541962 0.57200483
vt 1.89541962 0.56548607
vt 1.89541962 0.55901521
vt 1.89541962 0.55248634
vt 1.89541962 0.54486555
vt 1.89541962 0.53624794
vt 1.89541962 0.52830082
vt 1.89541962 0.52279386
vt 1.91098757 0.85382039
vt 1.91098757 0.84743815
vt 1.91098757 0.83693018
vt 1.91098757 0.82440674
vt 1.91098757 0.81198436
vt 1.91098757 0.79997684
vt 1.91098757 0.787787
vt 1.91098757 0.77609741
vt 1.91098757 0.76560952
vt 1.91098757 0.75655446
vt 1.91098757 0.74873082
vt 1.91098757 0.74212166
vt 1.91098757 0.73648982
vt 1.91098757 0.7304546
vt 1.91098757 0.72273323
vt 1.91098757 0.71360289
vt 1.91098757 0.70365469
vt 1.91098757 0.69297383
vt 1.91098757 0.68133332
vt 1.91098757 0.66899836
vt 1.91098757 0.6562952
vt 1.91098757 0.64326424
vt 1.91098757 0.63033463
vt 1.91098757 0.61841268
vt 1.91098757 0.608322
vt 1.91098757 0.60028271
vt 1.91098757 0.59353133
vt 1.91098757 0.58714951
vt 1.91098757 0.58089841
vt 1.91098757 0.57470929
vt 1.91098757 0.56852319
vt 1.91098757 0.56238255
vt 1.91098757 0.55618686
vt 1.91098757 0.54895498
vt 1.91098757 0.54077714
vt 1.91098757 0.53323557
vt 1.91098757 0.52800965
vt 1.92655553 0.83185457
vt 1.92655553 0.82594095
vt 1.92655553 0.81628149
vt 1.92655553 0.80484166
vt 1.92655553 0.79358481
vt 1.92655553 0.78277649
vt 1.92655553 0.77182916
vt 1.92655553 0.76135125
vt 1.92655553 0.75196761
vt 1.92655553 0.74385222
vt 1.92655553 0.73677735
vt 1.92655553 0.73071323
vt 1.92655553 0.72545569
vt 1.92655553 0.71978558
vt 1.92655553 0.71260321
vt 1.92655553 0.70420653
vt 1.92655553 0.69515571
vt 1.92655553 0.68551867
vt 1.92655553 0.67505746
vt 1.92655553 0.66399173
vt 1.92655553 0.65259588
vt 1.92655553 0.6408762
vt 1.92655553 0.62920416
vt 1.92655553 0.61840133
vt 1.92655553 0.60921608
vt 1.92655553 0.60183426
vt 1.92655553 0.59554905
vt 1.92655553 0.58957643
vt 1.92655553 0.58372614
vt 1.92655553 0.57793386
vt 1.92655553 0.5721444
vt 1.92655553 0.56639749
vt 1.92655553 0.56059906
vt 1.92655553 0.55383088
vt 1.92655553 0.54617739
vt 1.92655553 0.53911938
vt 1.92655553 0.53422853
vt 1.94212348 0.80714037
vt 1.94212348 0.8017528
vt 1.94212348 0.79304779
vt 1.94212348 0.78282857
vt 1.94212348 0.77288652
vt 1.94212348 0.76343157
vt 1.94212348 0.75388559
vt 1.94212348 0.74477269
vt 1.94212348 0.73663043
vt 1.94212348 0.72956568
vt 1.94212348 0.72332036
vt 1.94212348 0.71785468
vt 1.94212348 0.71300842
vt 1.94212348 0.70774554
vt 1.94212348 0.70116707
vt 1.94212348 0.69359378
vt 1.94212348 0.68555238
vt 1.94212348 0.67709213
vt 1.94212348 0.66796228
vt 1.94212348 0.65833042
vt 1.94212348 0.64841171
vt 1.94212348 0.63817299
vt 1.94212348 0.6279201
vt 1.94212348 0.61837895
vt 1.94212348 0.61021306
vt 1.94212348 0.60356954
vt 1.94212348 0.59780655
vt 1.94212348 0.59229175
vt 1.94212348 0.5868899
vt 1.94212348 0.58154161
vt 1.94212348 0.57619593
vt 1.94212348 0.57088954
vt 1.94212348 0.56553557
vt 1.94212348 0.55928619
vt 1.94212348 0.55221937
vt 1.94212348 0.54570237
vt 1.94212348 0.54118642
vt 1.95769143 0.78163196
vt 1.95769143 0.77679811
vt 1.95769143 0.76909185
vt 1.95769143 0.76014487
vt 1.95769143 0.75156728
vt 1.95769143 0.74351113
vt 1.95769143 0.73541003
vt 1.95769143 0.72770035
vt 1.95769143 0.72082865
vt 1.95769143 0.71483149
vt 1.95769143 0.70942327
vt 1.95769143 0.70456236
vt 1.95769143 0.70014188
vt 1.95769143 0.69531282
vt 1.95769143 0.68937159
vt 1.95769143 0.68265769
vt 1.95769143 0.6756628
vt 1.95769143 0.66841901
vt 1.95769143 0.66066446
vt 1.95769143 0.65251369
vt 1.95769143 0.64412114
vt 1.95769143 0.63541398
vt 1.95769143 0.6266306
vt 1.95769143 0.61839757
vt 1.95769143 0.6112903
vt 1.95769143 0.60541671
vt 1.95769143 0.60020525
vt 1.95769143 0.5951769
vt 1.95769143 0.59025155
vt 1.95769143 0.58537502
vt 1.95769143 0.58050088
vt 1.95769143 0.57566255
vt 1.95769143 0.57078086
vt 1.95769143 0.56508272
vt 1.95769143 0.55863926
vt 1.95769143 0.55269712
vt 1.95769143 0.54857951
vt 1.97325938 0.75715232
vt 1.97325938 0.75286981
vt 1.97325938 0.74614614
vt 1.97325938 0.73844072
vt 1.97325938 0.73118264
vt 1.97325938 0.7244687
vt 1.97325938 0.71774842
vt 1.97325938 0.71137347
vt 1.97325938 0.7057023
vt 1.97325938 0.70070473
vt 1.97325938 0.69607728
vt 1.97325938 0.69178805
vt 1.97325938 0.687788
vt 1.97325938 0.68340219
vt 1.97325938 0.67809921
vt 1.97325938 0.67222871
vt 1.97325938 0.66624653
vt 1.97325938 0.66017122
vt 1.97325938 0.65373464
vt 1.97325938 0.64700224
vt 1.97325938 0.64007168
vt 1.97325938 0.63283475
vt 1.97325938 0.62546638
vt 1.97325938 0.6184969
vt 1.97325938 0.61241642
vt 1.97325938 0.60729696
vt 1.97325938 0.60263881
vt 1.97325938 0.59810398
vt 1.97325938 0.59366204
vt 1.97325938 0.58926413
vt 1.97325938 0.58486838
vt 1.97325938 0.58050493
vt 1.97325938 0.57610236
vt 1.97325938 0.57096349
vt 1.97325938 0.56515244
vt 1.97325938 0.5597935
vt 1.97325938 0.55608004
vt 1.98882733 0.73515854
vt 1.98882733 0.73139733
vt 1.98882733 0.72558717
vt 1.98882733 0.71902259
vt 1.98882733 0.71296098
vt 1.98882733 0.70745046
vt 1.98882733 0.70196133
vt 1.98882733 0.69676889
vt 1.98882733 0.69215188
vt 1.98882733 0.68802307
vt 1.98882733 0.68407576
vt 1.98882733 0.68029875
vt 1.98882733 0.67669774
vt 1.98882733 0.67274624
vt 1.98882733 0.66805193
vt 1.98882733 0.66296405
vt 1.98882733 0.65790257
vt 1.98882733 0.65287708
vt 1.98882733 0.64761977
vt 1.98882733 0.6421548
vt 1.98882733 0.63653115
vt 1.98882733 0.63061278
vt 1.98882733 0.62451946
vt 1.98882733 0.61869426
vt 1.98882733 0.61354973
vt 1.98882733 0.609128
vt 1.98882733 0.60499864
vt 1.98882733 0.60094238
vt 1.98882733 0.59696921
vt 1.98882733 0.59303542
vt 1.98882733 0.58910357
vt 1.98882733 0.5852006
vt 1.98882733 0.58126265
vt 1.98882733 0.57666609
vt 1.98882733 0.57146829
vt 1.98882733 0.5666749
vt 1.98882733 0.56335332
vn 0.669532 -0.090327 0.737271
vn 0.669289 -0.094223 0.737003
vn 0.670718 -0.068131 0.738577
vn 0.672093 0.023574 0.740091
vn 0.65828 0.203017 0.72488
vn 0.616358 0.399306 0.678717
vn 0.563614 0.545114 0.620636
vn 0.489957 0.684728 0.539527
vn 0.368534 0.836357 0.40582
vn 0.201044 0.954238 0.221384
vn 0.040861 0.998151 0.044995
vn -0.104664 0.987807 -0.115253
vn -0.254066 0.92584 -0.27977
vn -0.37666 0.828309 -0.414768
vn -0.456291 0.734396 -0.502455
vn -0.518792 0.635998 -0.57128
vn -0.577444 0.512088 -0.635866
vn -0.624777 0.369224 -0.687988
vn -0.654449 0.228788 -0.720661
vn -0.669529 0.090372 -0.737268
vn -0.671562 -0.046212 -0.739506
vn -0.66256 -0.169431 -0.729594
vn -0.645953 -0.277106 -0.711306
vn -0.619386 -0.388804 -0.682051
vn -0.562454 -0.547758 -0.619359
vn -0.463449 -0.724411 -0.510337
vn -0.390738 -0.813751 -0.43027
vn -0.396695 -0.807349 -0.43683
vn -0.438638 -0.757821 -0.483016
vn -0.461051 -0.727789 -0.507696
vn -0.487816 -0.688102 -0.53717
vn -0.546416 -0.582571 -0.601698
vn -0.618402 -0.392252 -0.680968
vn -0.656419 -0.215936 -0.722831
vn -0.666897 -0.126295 -0.734369
vn -0.668792 -0.101742 -0.736455
vn -0.67228 0 -0.740297
vn 0.663987 -0.090112 0.742295
vn 0.663756 -0.093866 0.742036
vn 0.665168 -0.06773 0.743615
vn 0.666517 0.023371 0.745123
vn 0.653151 0.200576 0.730181
vn 0.612831 0.393788 0.685105
vn 0.562187 0.537538 0.628489
vn 0.491457 0.675729 0.549418
vn 0.374013 0.827821 0.418123
vn 0.209248 0.94947 0.233926
vn 0.048954 0.997301 0.054728
vn -0.098055 0.989125 -0.109619
vn -0.249501 0.927334 -0.278926
vn -0.373607 0.828234 -0.417668
vn -0.45387 0.732496 -0.507397
vn -0.51646 0.632387 -0.577369
vn -0.574582 0.507196 -0.642346
vn -0.620867 0.36437 -0.694089
vn -0.649563 0.225271 -0.726169
vn -0.664059 0.088903 -0.742376
vn -0.666009 -0.045499 -0.744555
vn -0.657317 -0.16717 -0.734839
vn -0.641181 -0.27402 -0.716799
vn -0.615223 -0.385304 -0.68778
vn -0.559271 -0.544338 -0.625229
vn -0.460961 -0.722465 -0.515325
vn -0.387894 -0.813323 -0.433641
vn -0.393402 -0.807349 -0.439798
vn -0.434997 -0.757821 -0.486298
vn -0.457223 -0.727789 -0.511146
vn -0.483766 -0.688102 -0.540819
vn -0.54188 -0.582571 -0.605787
vn -0.613268 -0.392252 -0.685595
vn -0.65097 -0.215936 -0.727743
vn -0.661361 -0.126295 -0.739359
vn -0.66324 -0.101742 -0.741459
vn -0.666699 0 -0.745327
vn 0.658388 -0.089465 0.747343
vn 0.658186 -0.092804 0.747114
vn 0.659573 -0.066545 0.748689
vn 0.660867 0.022778 0.750157
vn 0.648542 0.193526 0.736167
vn 0.612018 0.377907 0.694709
vn 0.566394 0.515607 0.642921
vn 0.50272 0.649338 0.570643
vn 0.394907 0.801941 0.448263
vn 0.236176 0.933997 0.268086
vn 0.073682 0.993768 0.083637
vn -0.079868 0.992674 -0.090659
vn -0.239944 0.931797 -0.272363
vn -0.370655 0.828008 -0.420735
vn -0.454055 0.72677 -0.515403
vn -0.517801 0.621625 -0.587762
vn -0.575177 0.492856 -0.65289
vn -0.619135 0.350373 -0.702787
vn -0.645545 0.215239 -0.732765
vn -0.658661 0.084732 -0.747654
vn -0.660414 -0.043468 -0.749643
vn -0.65245 -0.160676 -0.740603
vn -0.637392 -0.265071 -0.723511
vn -0.612785 -0.375053 -0.695579
vn -0.558818 -0.534192 -0.63432
vn -0.461062 -0.716603 -0.523356
vn -0.385796 -0.812026 -0.437922
vn -0.390062 -0.807349 -0.442763
vn -0.431303 -0.757821 -0.489577
vn -0.453341 -0.727789 -0.514592
vn -0.479659 -0.688102 -0.544466
vn -0.537279 -0.582571 -0.609871
vn -0.608061 -0.392252 -0.690217
vn -0.645443 -0.215936 -0.732649
vn -0.655745 -0.126295 -0.744344
vn -0.657608 -0.101742 -0.746458
vn -0.661038 0 -0.750352
vn 0.65273 -0.088434 0.752411
vn 0.652571 -0.091127 0.752228
vn 0.653924 -0.064704 0.753788
vn 0.655141 0.021875 0.75519
vn 0.644225 0.183051 0.742608
vn 0.612747 0.354469 0.706323
vn 0.573804 0.482965 0.661433
vn 0.519657 0.609209 0.599017
vn 0.425641 0.760328 0.490643
vn 0.277274 0.906071 0.319617
vn 0.112833 0.985064 0.130065
vn -0.050871 0.996982 -0.058639
vn -0.225649 0.938843 -0.260109
vn -0.367792 0.82764 -0.423959
vn -0.456421 0.717548 -0.526123
vn -0.521931 0.604665 -0.601638
vn -0.578075 0.470957 -0.666355
vn -0.618668 0.32965 -0.713148
vn -0.641967 0.200675 -0.740005
vn -0.653263 0.078728 -0.753026
vn -0.654759 -0.040527 -0.75475
vn -0.647772 -0.151121 -0.746696
vn -0.634206 -0.251669 -0.731058
vn -0.611507 -0.359424 -0.704893
vn -0.560395 -0.518336 -0.645976
vn -0.463322 -0.707173 -0.534078
vn -0.38436 -0.809918 -0.443058
vn -0.386674 -0.807349 -0.445725
vn -0.427557 -0.757821 -0.492852
vn -0.449404 -0.727789 -0.518034
vn -0.475493 -0.688102 -0.548108
vn -0.532613 -0.582571 -0.61395
vn -0.60278 -0.392252 -0.694834
vn -0.639837 -0.215936 -0.73755
vn -0.65005 -0.126295 -0.749322
vn -0.651897 -0.101742 -0.751451
vn -0.655297 0 -0.755371
vn 0.647008 -0.087102 0.757492
vn 0.646899 -0.088996 0.757365
vn 0.64821 -0.062415 0.7589
vn 0.649336 0.020784 0.760218
vn 0.639936 0.170772 0.749212
vn 0.613706 0.327286 0.718504
vn 0.58169 0.444799 0.681021
vn 0.537543 0.561236 0.629335
vn 0.45907 0.707382 0.537462
vn 0.325412 0.865425 0.38098
vn 0.162146 0.968334 0.189835
vn -0.012819 0.999805 -0.015008
vn -0.207187 0.947752 -0.242567
vn -0.36499 0.827153 -0.427317
vn -0.460294 0.705494 -0.538895
vn -0.527595 0.583184 -0.617689
vn -0.58182 0.444398 -0.681173
vn -0.618426 0.305498 -0.72403
vn -0.638374 0.184108 -0.747384
vn -0.647792 0.071964 -0.758411
vn -0.649027 -0.037192 -0.759856
vn -0.643074 -0.140062 -0.752887
vn -0.631161 -0.235803 -0.73894
vn -0.610671 -0.340481 -0.71495
vn -0.563034 -0.498474 -0.659179
vn -0.467065 -0.694864 -0.546822
vn -0.383439 -0.807124 -0.448915
vn -0.383239 -0.807349 -0.448682
vn -0.423759 -0.757821 -0.496121
vn -0.445411 -0.727789 -0.521471
vn -0.471269 -0.688102 -0.551744
vn -0.527881 -0.582571 -0.618023
vn -0.597425 -0.392252 -0.699443
vn -0.634153 -0.215936 -0.742443
vn -0.644275 -0.126295 -0.754293
vn -0.646106 -0.101742 -0.756436
vn -0.649476 0 -0.760382
vn 0.641213 -0.085582 0.762576
vn 0.641156 -0.086606 0.762508
vn 0.642418 -0.059915 0.764009
vn 0.64345 0.019628 0.765236
vn 0.635467 0.158225 0.755743
vn 0.613954 0.299885 0.730158
vn 0.58811 0.406124 0.699422
vn 0.552913 0.511758 0.657564
vn 0.489262 0.649658 0.581866
vn 0.372936 0.814989 0.443522
vn 0.215714 0.942153 0.256543
vn 0.031385 0.99881 0.037325
vn -0.185487 0.957566 -0.220594
vn -0.362217 0.826578 -0.430775
vn -0.464879 0.691538 -0.552867
vn -0.533512 0.559273 -0.634491
vn -0.58516 0.416282 -0.695914
vn -0.617641 0.281012 -0.734542
vn -0.634457 0.167723 -0.754542
vn -0.642199 0.065339 -0.763748
vn -0.643204 -0.0339 -0.764944
vn -0.638204 -0.128917 -0.758997
vn -0.62789 -0.219419 -0.746732
vn -0.609644 -0.320411 -0.725032
vn -0.565769 -0.476629 -0.672853
vn -0.471495 -0.680638 -0.560735
vn -0.382835 -0.803831 -0.455295
vn -0.379756 -0.807349 -0.451633
vn -0.419908 -0.757821 -0.499385
vn -0.441364 -0.727789 -0.524901
vn -0.466986 -0.688102 -0.555373
vn -0.523084 -0.582571 -0.622089
vn -0.591996 -0.392252 -0.704044
vn -0.62839 -0.215936 -0.747327
vn -0.638421 -0.126295 -0.759255
vn -0.640234 -0.101742 -0.761412
vn -0.643574 0 -0.765384
vn 0.635338 -0.083995 0.767653
vn 0.635329 -0.084159 0.767642
vn 0.636539 -0.057424 0.769104
vn 0.637482 0.018514 0.770243
vn 0.630707 0.146547 0.762058
vn 0.61305 0.274768 0.740724
vn 0.592188 0.370607 0.715516
vn 0.564195 0.465809 0.681694
vn 0.513045 0.593733 0.619892
vn 0.414054 0.760443 0.500285
vn 0.2673 0.907878 0.322967
vn 0.077863 0.992515 0.094078
vn -0.161851 0.967244 -0.195558
vn -0.359432 0.825956 -0.434287
vn -0.469392 0.676769 -0.567147
vn -0.538647 0.535057 -0.650825
vn -0.587305 0.389253 -0.709616
vn -0.615932 0.258429 -0.744206
vn -0.630089 0.152949 -0.761311
vn -0.636465 0.059416 -0.769014
vn -0.637286 -0.030936 -0.770006
vn -0.633085 -0.11868 -0.764931
vn -0.62418 -0.204019 -0.754172
vn -0.608009 -0.301066 -0.734632
vn -0.567846 -0.454764 -0.686105
vn -0.475833 -0.665612 -0.574929
vn -0.382326 -0.800269 -0.461949
vn -0.376226 -0.807349 -0.454578
vn -0.416004 -0.757821 -0.502641
vn -0.437261 -0.727789 -0.528324
vn -0.462645 -0.688102 -0.558995
vn -0.518221 -0.582571 -0.626146
vn -0.586493 -0.392252 -0.708635
vn -0.622549 -0.215936 -0.7522
vn -0.632486 -0.126295 -0.764206
vn -0.634282 -0.101742 -0.766377
vn -0.637591 0 -0.770375
vn 0.629376 -0.082461 0.772713
vn 0.629409 -0.081838 0.772753
vn 0.630567 -0.055124 0.774175
vn 0.63143 0.017516 0.775235
vn 0.625622 0.136424 0.768105
vn 0.610927 0.253325 0.750063
vn 0.593833 0.340312 0.729075
vn 0.57124 0.426392 0.701338
vn 0.529759 0.544357 0.650409
vn 0.445989 0.708005 0.547561
vn 0.311976 0.869461 0.383027
vn 0.122379 0.981044 0.150251
vn -0.137902 0.975868 -0.169309
vn -0.35659 0.825332 -0.437802
vn -0.473159 0.66231 -0.580918
vn -0.542324 0.512394 -0.665835
vn -0.587913 0.365174 -0.721807
vn -0.613219 0.239038 -0.752877
vn -0.625262 0.140501 -0.767663
vn -0.63059 0.054459 -0.774203
vn -0.631271 -0.02844 -0.77504
vn -0.627701 -0.10991 -0.770657
vn -0.619955 -0.190555 -0.761147
vn -0.605567 -0.283766 -0.743482
vn -0.568794 -0.434515 -0.698334
vn -0.479415 -0.650931 -0.5886
vn -0.381682 -0.796697 -0.468608
vn -0.372648 -0.807349 -0.457516
vn -0.412048 -0.757821 -0.50589
vn -0.433102 -0.727789 -0.531739
vn -0.458245 -0.688102 -0.562608
vn -0.513292 -0.582571 -0.630192
vn -0.580915 -0.392252 -0.713215
vn -0.616628 -0.215936 -0.757061
vn -0.62647 -0.126295 -0.769146
vn -0.62825 -0.101742 -0.771331
vn -0.631527 0 -0.775354
vn 0.623322 -0.081084 0.77775
vn 0.623388 -0.079792 0.777831
vn 0.624498 -0.053145 0.779216
vn 0.625295 0.016681 0.780211
vn 0.620222 0.128186 0.773882
vn 0.607699 0.236112 0.758256
vn 0.593326 0.316049 0.740322
vn 0.574589 0.394767 0.716943
vn 0.540137 0.50402 0.673955
vn 0.468474 0.662455 0.584538
vn 0.347036 0.831905 0.433014
vn 0.161183 0.966215 0.201116
vn -0.115438 0.982816 -0.144038
vn -0.35365 0.824751 -0.441267
vn -0.475671 0.649209 -0.593518
vn -0.544202 0.492713 -0.679027
vn -0.586951 0.345148 -0.732367
vn -0.609578 0.223391 -0.7606
vn -0.620025 0.130608 -0.773635
vn -0.624582 0.05054 -0.779322
vn -0.625163 -0.026456 -0.780046
vn -0.622066 -0.102842 -0.776182
vn -0.615222 -0.179519 -0.767642
vn -0.602275 -0.269315 -0.751488
vn -0.56839 -0.417082 -0.709208
vn -0.481746 -0.637653 -0.601099
vn -0.380685 -0.793381 -0.475
vn -0.369021 -0.807349 -0.460446
vn -0.408038 -0.757821 -0.509129
vn -0.428887 -0.727789 -0.535144
vn -0.453785 -0.688102 -0.56621
vn -0.508298 -0.582571 -0.634228
vn -0.575262 -0.392252 -0.717782
vn -0.610627 -0.215936 -0.761909
vn -0.620374 -0.126295 -0.774071
vn -0.622136 -0.101742 -0.77627
vn -0.625382 0 -0.780319
vn 0.617173 -0.079951 0.782755
vn 0.617262 -0.078135 0.782868
vn 0.618331 -0.051575 0.784224
vn 0.619075 0.016032 0.785168
vn 0.614535 0.121934 0.779409
vn 0.603535 0.223199 0.765459
vn 0.591044 0.297899 0.749616
vn 0.574939 0.371114 0.729191
vn 0.545337 0.473532 0.691646
vn 0.482553 0.62656 0.612017
vn 0.371782 0.799649 0.471528
vn 0.191618 0.950905 0.243027
vn -0.096225 0.987849 -0.122042
vn -0.350574 0.824259 -0.444629
vn -0.47659 0.638354 -0.604455
vn -0.54418 0.476992 -0.690179
vn -0.584534 0.329704 -0.74136
vn -0.605134 0.211604 -0.767487
vn -0.614435 0.123238 -0.779283
vn -0.618452 0.047632 -0.784378
vn -0.618962 -0.024979 -0.785024
vn -0.616204 -0.097519 -0.781526
vn -0.610025 -0.171098 -0.773689
vn -0.598173 -0.258123 -0.758658
vn -0.566582 -0.40325 -0.718591
vn -0.482499 -0.626667 -0.61195
vn -0.379151 -0.790572 -0.480874
vn -0.365347 -0.807349 -0.463367
vn -0.403976 -0.757821 -0.512359
vn -0.424617 -0.727789 -0.538538
vn -0.449267 -0.688102 -0.569802
vn -0.503237 -0.582571 -0.638251
vn -0.569534 -0.392252 -0.722336
vn -0.604547 -0.215936 -0.766742
vn -0.614197 -0.126295 -0.778981
vn -0.615942 -0.101742 -0.781194
vn -0.619155 0 -0.785269
vn 0.610925 -0.079128 0.787724
vn 0.61103 -0.076946 0.787859
vn 0.612066 -0.050465 0.789195
vn 0.612773 0.015581 0.790106
vn 0.60859 0.11766 0.784713
vn 0.598589 0.214448 0.771818
vn 0.587316 0.285629 0.757282
vn 0.572897 0.355141 0.738691
vn 0.546415 0.452822 0.704544
vn 0.489578 0.601518 0.63126
vn 0.386697 0.775796 0.498604
vn 0.21224 0.938117 0.273661
vn -0.08177 0.991059 -0.105434
vn -0.347329 0.823893 -0.447844
vn -0.475721 0.630428 -0.613392
vn -0.54229 0.465837 -0.699226
vn -0.580823 0.319028 -0.74891
vn -0.600012 0.203591 -0.773652
vn -0.608546 0.118268 -0.784656
vn -0.612207 0.045676 -0.789377
vn -0.612671 -0.023981 -0.789974
vn -0.610139 -0.0939 -0.78671
vn -0.604414 -0.165319 -0.779329
vn -0.59333 -0.250358 -0.765036
vn -0.56341 -0.393482 -0.726458
vn -0.481491 -0.618656 -0.620832
vn -0.376935 -0.788484 -0.486018
vn -0.361625 -0.807349 -0.466277
vn -0.39986 -0.757821 -0.515577
vn -0.420291 -0.727789 -0.541921
vn -0.44469 -0.688102 -0.573381
vn -0.49811 -0.582571 -0.64226
vn -0.563732 -0.392252 -0.726873
vn -0.598388 -0.215936 -0.771559
vn -0.60794 -0.126295 -0.783874
vn -0.609667 -0.101742 -0.786101
vn -0.612847 0 -0.790202
vn 0.604579 -0.07866 0.792652
vn 0.604691 -0.076274 0.7928
vn 0.605704 -0.049844 0.794127
vn 0.606386 0.015332 0.795022
vn 0.602412 0.11532 0.789811
vn 0.592976 0.209681 0.77744
vn 0.582383 0.278958 0.763552
vn 0.568895 0.346465 0.745869
vn 0.544139 0.441541 0.713411
vn 0.490686 0.587668 0.64333
vn 0.39263 0.762137 0.51477
vn 0.222536 0.930243 0.291763
vn -0.073143 0.9927 -0.095896
vn -0.343894 0.82368 -0.450874
vn -0.472979 0.6259 -0.620114
vn -0.538616 0.459582 -0.70617
vn -0.575957 0.313141 -0.755127
vn -0.594301 0.199218 -0.779178
vn -0.602394 0.115568 -0.789788
vn -0.605854 0.044615 -0.794324
vn -0.606291 -0.02344 -0.794897
vn -0.60389 -0.091925 -0.791749
vn -0.598432 -0.162147 -0.784594
vn -0.587811 -0.246067 -0.770668
vn -0.558942 -0.388022 -0.732819
vn -0.478642 -0.614082 -0.627539
vn -0.373943 -0.787275 -0.49027
vn -0.357855 -0.807349 -0.469177
vn -0.395691 -0.757821 -0.518784
vn -0.415909 -0.727789 -0.545291
vn -0.440054 -0.688102 -0.576947
vn -0.492917 -0.582571 -0.646254
vn -0.557855 -0.392252 -0.731393
vn -0.59215 -0.215936 -0.776357
vn -0.601602 -0.126295 -0.788749
vn -0.603311 -0.101742 -0.79099
vn -0.606458 0 -0.795116
vn 0.598132 -0.07857 0.797537
vn 0.598245 -0.076145 0.797687
vn 0.599245 -0.049726 0.79902
vn 0.599917 0.015284 0.799916
vn 0.596015 0.114876 0.794713
vn 0.586765 0.208781 0.782379
vn 0.576389 0.277698 0.768544
vn 0.563188 0.344828 0.750942
vn 0.538961 0.43941 0.718638
vn 0.486594 0.585036 0.648814
vn 0.390293 0.759504 0.520408
vn 0.222526 0.928679 0.296711
vn -0.070866 0.993 -0.094491
vn -0.340261 0.823639 -0.453697
vn -0.468352 0.625026 -0.62449
vn -0.53324 0.458386 -0.711011
vn -0.570033 0.312022 -0.760069
vn -0.588061 0.198391 -0.784108
vn -0.596002 0.115058 -0.794697
vn -0.599395 0.044415 -0.79922
vn -0.599824 -0.023338 -0.799792
vn -0.597467 -0.091551 -0.79665
vn -0.592106 -0.161545 -0.789502
vn -0.581663 -0.245251 -0.775577
vn -0.553241 -0.386979 -0.73768
vn -0.473946 -0.613201 -0.631949
vn -0.370132 -0.787041 -0.493526
vn -0.354037 -0.807349 -0.472065
vn -0.391469 -0.757821 -0.521977
vn -0.411472 -0.727789 -0.548648
vn -0.435359 -0.688102 -0.580498
vn -0.487658 -0.582571 -0.650232
vn -0.551903 -0.392252 -0.735895
vn -0.585832 -0.215936 -0.781135
vn -0.595183 -0.126295 -0.793604
vn -0.596874 -0.101742 -0.795858
vn -0.599987 0 -0.80001
vn 0.591587 -0.078863 0.802375
vn 0.591693 -0.076565 0.802519
vn 0.59269 -0.050112 0.80387
vn 0.593365 0.015439 0.804786
vn 0.589407 0.116325 0.799417
vn 0.579982 0.211727 0.786634
vn 0.569382 0.281819 0.772258
vn 0.555859 0.350185 0.753917
vn 0.531031 0.446381 0.720243
vn 0.477561 0.593628 0.64772
vn 0.380026 0.768055 0.515433
vn 0.212478 0.933703 0.288186
vn -0.074882 0.992007 -0.101564
vn -0.336431 0.823773 -0.456304
vn -0.461886 0.627862 -0.62646
vn -0.526219 0.462282 -0.713715
vn -0.563092 0.315673 -0.763726
vn -0.581313 0.201095 -0.788439
vn -0.589379 0.116726 -0.79938
vn -0.592832 0.04507 -0.804064
vn -0.593269 -0.023672 -0.804656
vn -0.590876 -0.092773 -0.80141
vn -0.585449 -0.16351 -0.794049
vn -0.57491 -0.247913 -0.779755
vn -0.546349 -0.390377 -0.741018
vn -0.467447 -0.616063 -0.634003
vn -0.365515 -0.7878 -0.495751
vn -0.350171 -0.807349 -0.47494
vn -0.387195 -0.757821 -0.525155
vn -0.406979 -0.727789 -0.551989
vn -0.430605 -0.688102 -0.584033
vn -0.482332 -0.582571 -0.654192
vn -0.545876 -0.392252 -0.740376
vn -0.579435 -0.215936 -0.785892
vn -0.588684 -0.126295 -0.798437
vn -0.590356 -0.101742 -0.800705
vn -0.593435 0 -0.804882
vn 0.584944 -0.079525 0.807165
vn 0.585037 -0.077518 0.807293
vn 0.586039 -0.050998 0.808676
vn 0.586729 0.015797 0.809629
vn 0.582584 0.119696 0.803909
vn 0.57261 0.218608 0.790145
vn 0.561326 0.291457 0.774575
vn 0.546839 0.362727 0.754584
vn 0.520219 0.462668 0.717851
vn 0.463401 0.613487 0.639448
vn 0.36178 0.787333 0.499221
vn 0.192846 0.944456 0.266108
vn -0.084569 0.98956 -0.116697
vn -0.332416 0.82407 -0.458702
vn -0.453671 0.634256 -0.626021
vn -0.517578 0.471191 -0.714207
vn -0.555124 0.324124 -0.766016
vn -0.574043 0.207402 -0.792123
vn -0.582518 0.120628 -0.803817
vn -0.586165 0.046605 -0.80885
vn -0.586627 -0.024455 -0.809488
vn -0.584114 -0.095621 -0.80602
vn -0.578455 -0.168074 -0.798211
vn -0.567548 -0.254067 -0.78316
vn -0.538282 -0.398166 -0.742776
vn -0.459232 -0.622524 -0.633695
vn -0.360153 -0.789496 -0.496976
vn -0.346257 -0.807349 -0.477801
vn -0.382867 -0.757821 -0.528319
vn -0.40243 -0.727789 -0.555314
vn -0.425792 -0.688102 -0.587551
vn -0.476942 -0.582571 -0.658132
vn -0.539775 -0.392252 -0.744836
vn -0.572959 -0.215936 -0.790626
vn -0.582104 -0.126295 -0.803246
vn -0.583758 -0.101742 -0.805528
vn -0.586803 0 -0.80973
vn 0.578205 -0.080524 0.811908
vn 0.578278 -0.07897 0.812009
vn 0.579293 -0.052363 0.813435
vn 0.580012 0.016356 0.814444
vn 0.575537 0.12504 0.80816
vn 0.564592 0.229598 0.792793
vn 0.552098 0.306886 0.775248
vn 0.535899 0.382824 0.752501
vn 0.506114 0.488655 0.710679
vn 0.443531 0.644515 0.6228
vn 0.335263 0.816072 0.470771
vn 0.164423 0.958989 0.23088
vn -0.098804 0.985388 -0.138739
vn -0.328242 0.82451 -0.460913
vn -0.443855 0.643852 -0.623255
vn -0.507332 0.484889 -0.712388
vn -0.546073 0.337403 -0.766788
vn -0.566209 0.21745 -0.795062
vn -0.575401 0.126884 -0.807969
vn -0.57939 0.04907 -0.813572
vn -0.579897 -0.02571 -0.814284
vn -0.577172 -0.100159 -0.810457
vn -0.571108 -0.175286 -0.801942
vn -0.559556 -0.263707 -0.78572
vn -0.529042 -0.410189 -0.742873
vn -0.449442 -0.632229 -0.631101
vn -0.354155 -0.792002 -0.4973
vn -0.342296 -0.807349 -0.480646
vn -0.378487 -0.757821 -0.531466
vn -0.397826 -0.727789 -0.558621
vn -0.420921 -0.688102 -0.591051
vn -0.471485 -0.582571 -0.662052
vn -0.533599 -0.392252 -0.749273
vn -0.566403 -0.215936 -0.795336
vn -0.575444 -0.126295 -0.808031
vn -0.577079 -0.101742 -0.810326
vn -0.580089 0 -0.814553
vn 0.571374 -0.081804 0.816603
vn 0.571418 -0.080857 0.816666
vn 0.572453 -0.05417 0.818146
vn 0.573211 0.017111 0.819229
vn 0.568248 0.132401 0.812136
vn 0.555839 0.244891 0.7944
vn 0.541497 0.328415 0.773902
vn 0.522665 0.410888 0.746989
vn 0.488056 0.524651 0.697526
vn 0.417108 0.686041 0.596127
vn 0.300303 0.851829 0.429191
vn 0.128644 0.974499 0.183857
vn -0.11608 0.979287 -0.165901
vn -0.32394 0.825057 -0.462972
vn -0.432664 0.656073 -0.61836
vn -0.495516 0.502926 -0.708187
vn -0.535858 0.355441 -0.765844
vn -0.557738 0.23138 -0.797114
vn -0.567997 0.135643 -0.811776
vn -0.572504 0.052533 -0.818218
vn -0.573079 -0.027466 -0.81904
vn -0.570038 -0.10645 -0.814693
vn -0.563381 -0.185174 -0.805179
vn -0.550903 -0.276751 -0.787347
vn -0.518643 -0.426112 -0.741241
vn -0.438292 -0.644607 -0.626404
vn -0.34767 -0.795128 -0.496887
vn -0.338287 -0.807349 -0.483476
vn -0.374054 -0.757821 -0.534595
vn -0.393167 -0.727789 -0.56191
vn -0.415991 -0.688102 -0.594531
vn -0.465963 -0.582571 -0.66595
vn -0.52735 -0.392252 -0.753684
vn -0.55977 -0.215936 -0.800018
vn -0.568705 -0.126295 -0.812788
vn -0.57032 -0.101742 -0.815097
vn -0.573295 0 -0.819349
vn 0.564453 -0.083288 0.821253
vn 0.564463 -0.083084 0.821267
vn 0.565521 -0.056352 0.822806
vn 0.566329 0.018045 0.823982
vn 0.560702 0.141752 0.815794
vn 0.546237 0.264572 0.794749
vn 0.529271 0.356195 0.770064
vn 0.506662 0.447074 0.737169
vn 0.465238 0.570405 0.676899
vn 0.383367 0.736145 0.557781
vn 0.257458 0.890729 0.37459
vn 0.087858 0.987897 0.127829
vn -0.134685 0.971318 -0.19596
vn -0.319547 0.825671 -0.464926
vn -0.420423 0.670129 -0.611696
vn -0.482248 0.524524 -0.701649
vn -0.524414 0.377921 -0.762998
vn -0.548548 0.249222 -0.798112
vn -0.560267 0.147012 -0.815162
vn -0.565499 0.057048 -0.822774
vn -0.56617 -0.029746 -0.823751
vn -0.562695 -0.114514 -0.818695
vn -0.555247 -0.197655 -0.807858
vn -0.541574 -0.292934 -0.787964
vn -0.507155 -0.445329 -0.737886
vn -0.426096 -0.658867 -0.619949
vn -0.340878 -0.798639 -0.495961
vn -0.33423 -0.807349 -0.486289
vn -0.369569 -0.757821 -0.537705
vn -0.388452 -0.727789 -0.56518
vn -0.411003 -0.688102 -0.59799
vn -0.460376 -0.582571 -0.669825
vn -0.521027 -0.392252 -0.758069
vn -0.553058 -0.215936 -0.804673
vn -0.561886 -0.126295 -0.817517
vn -0.563482 -0.101742 -0.819839
vn -0.566421 0 -0.824116
vn 0.557448 -0.084881 0.825861
vn 0.557418 -0.085518 0.825816
vn 0.558499 -0.058799 0.827418
vn 0.559365 0.019125 0.828701
vn 0.552889 0.152899 0.819107
vn 0.535699 0.288382 0.793639
vn 0.515199 0.389859 0.763269
vn 0.48746 0.490763 0.722173
vn 0.437024 0.624351 0.647453
vn 0.342311 0.790973 0.507134
vn 0.208731 0.927796 0.309235
vn 0.045325 0.996713 0.067149
vn -0.15291 0.961925 -0.226536
vn -0.315104 0.826306 -0.466827
vn -0.407578 0.685035 -0.603827
vn -0.467808 0.548475 -0.693059
vn -0.511764 0.404057 -0.758179
vn -0.538581 0.270687 -0.797909
vn -0.552175 0.160929 -0.818049
vn -0.55837 0.06261 -0.827226
vn -0.559171 -0.032537 -0.828414
vn -0.555133 -0.124232 -0.822432
vn -0.5467 -0.212414 -0.809938
vn -0.531601 -0.311669 -0.787568
vn -0.494758 -0.466849 -0.732985
vn -0.413286 -0.674019 -0.612285
vn -0.333978 -0.802273 -0.49479
vn -0.330127 -0.807349 -0.489084
vn -0.365032 -0.757821 -0.540796
vn -0.383683 -0.727789 -0.568428
vn -0.405957 -0.688102 -0.601427
vn -0.454724 -0.582571 -0.673675
vn -0.51463 -0.392252 -0.762426
vn -0.546268 -0.215936 -0.809298
vn -0.554987 -0.126295 -0.822216
vn -0.556564 -0.101742 -0.824551
vn -0.559467 0 -0.828852
vn 0.550365 -0.086466 0.830435
vn 0.550291 -0.087991 0.830323
vn 0.551393 -0.061355 0.831986
vn 0.55232 0.020289 0.833385
vn 0.54483 0.165347 0.822083
vn 0.524239 0.315389 0.791014
vn 0.499272 0.428025 0.753341
vn 0.465012 0.539866 0.701647
vn 0.403609 0.682804 0.608998
vn 0.295679 0.844707 0.446143
vn 0.157947 0.958256 0.238324
vn 0.004775 0.999963 0.007205
vn -0.169252 0.951911 -0.255381
vn -0.310648 0.826915 -0.468731
vn -0.394689 0.699681 -0.595539
vn -0.452711 0.573101 -0.683087
vn -0.49813 0.432362 -0.751618
vn -0.527869 0.294886 -0.79649
vn -0.543716 0.176958 -0.820402
vn -0.551115 0.069065 -0.831566
vn -0.552081 -0.035755 -0.833024
vn -0.54736 -0.135225 -0.8259
vn -0.537788 -0.22874 -0.811457
vn -0.52112 -0.331894 -0.786308
vn -0.481808 -0.489229 -0.726991
vn -0.400417 -0.688936 -0.604181
vn -0.327174 -0.805761 -0.493667
vn -0.325977 -0.807349 -0.49186
vn -0.360443 -0.757821 -0.543865
vn -0.37886 -0.727789 -0.571654
vn -0.400854 -0.688102 -0.60484
vn -0.449007 -0.582571 -0.677498
vn -0.508161 -0.392252 -0.766753
vn -0.539401 -0.215936 -0.813891
vn -0.548011 -0.126295 -0.826882
vn -0.549567 -0.101742 -0.829231
vn -0.552434 0 -0.833557
vn 0.54321 -0.087921 0.83498
vn 0.543094 -0.090303 0.834802
vn 0.544211 -0.063812 0.836518
vn 0.545197 0.021446 0.838034
vn 0.536597 0.17817 0.824815
vn 0.512116 0.343623 0.787185
vn 0.481983 0.46777 0.740867
vn 0.440203 0.590229 0.676646
vn 0.366924 0.739772 0.564007
vn 0.24763 0.890951 0.380638
vn 0.110258 0.979347 0.16948
vn -0.030329 0.998452 -0.04662
vn -0.182557 0.9423 -0.280613
vn -0.306216 0.827455 -0.470692
vn -0.3824 0.712929 -0.587795
vn -0.437747 0.596341 -0.672871
vn -0.484057 0.460514 -0.744054
vn -0.516642 0.320029 -0.794142
vn -0.534959 0.194025 -0.822297
vn -0.543745 0.076004 -0.835802
vn -0.544903 -0.039187 -0.837583
vn -0.539422 -0.146707 -0.829157
vn -0.52865 -0.245382 -0.812599
vn -0.510427 -0.351975 -0.784588
vn -0.468874 -0.510611 -0.720717
vn -0.388122 -0.702453 -0.596591
vn -0.320656 -0.808853 -0.492887
vn -0.32178 -0.807349 -0.494616
vn -0.355802 -0.757821 -0.546912
vn -0.373983 -0.727789 -0.574857
vn -0.395693 -0.688102 -0.608229
vn -0.443227 -0.582571 -0.681294
vn -0.501619 -0.392252 -0.771049
vn -0.532457 -0.215936 -0.818451
vn -0.540956 -0.126295 -0.831515
vn -0.542492 -0.101742 -0.833877
vn -0.545322 0 -0.838227
vn 0.53599 -0.089124 0.839506
vn 0.535837 -0.092248 0.839267
vn 0.536961 -0.06593 0.841027
vn 0.537996 0.022474 0.842648
vn 0.528333 0.189966 0.827513
vn 0.499959 0.369917 0.783072
vn 0.464625 0.504513 0.727729
vn 0.415357 0.635806 0.650561
vn 0.331175 0.788202 0.51871
vn 0.204232 0.925183 0.319883
vn 0.070785 0.991311 0.110869
vn -0.057434 0.994288 -0.089957
vn -0.192069 0.934135 -0.300833
vn -0.301835 0.827887 -0.472756
vn -0.371353 0.723736 -0.581639
vn -0.423914 0.615994 -0.663964
vn -0.470457 0.485491 -0.736864
vn -0.505424 0.343318 -0.791631
vn -0.526104 0.210244 -0.824022
vn -0.53629 0.082666 -0.839976
vn -0.537647 -0.042458 -0.842101
vn -0.531423 -0.157415 -0.832352
vn -0.519548 -0.260529 -0.813753
vn -0.499986 -0.369794 -0.783113
vn -0.456701 -0.52891 -0.715317
vn -0.377046 -0.713499 -0.590556
vn -0.314582 -0.811335 -0.492721
vn -0.317538 -0.807349 -0.49735
vn -0.351111 -0.757821 -0.549935
vn -0.369051 -0.727789 -0.578035
vn -0.390476 -0.688102 -0.611591
vn -0.437383 -0.582571 -0.68506
vn -0.495005 -0.392252 -0.775312
vn -0.525436 -0.215936 -0.822975
vn -0.533823 -0.126295 -0.836112
vn -0.535339 -0.101742 -0.838487
vn -0.538132 0 -0.842861
vn 0.528711 -0.089974 0.84402
vn 0.528532 -0.093639 0.843733
vn 0.529654 -0.067475 0.845526
vn 0.530721 0.023242 0.847228
vn 0.520243 0.199038 0.830501
vn 0.488756 0.390317 0.780237
vn 0.449253 0.532759 0.717175
vn 0.394082 0.670022 0.629102
vn 0.302068 0.82233 0.482212
vn 0.171602 0.946314 0.27394
vn 0.043282 0.996671 0.069095
vn -0.075132 0.989934 -0.119939
vn -0.197407 0.928289 -0.315134
vn -0.297525 0.828186 -0.47496
vn -0.362092 0.731278 -0.578033
vn -0.412231 0.630082 -0.658074
vn -0.45848 0.504095 -0.731905
vn -0.495001 0.361314 -0.790206
vn -0.517488 0.223066 -0.826104
vn -0.528805 0.087984 -0.84417
vn -0.530325 -0.045052 -0.846596
vn -0.523521 -0.165749 -0.835735
vn -0.510838 -0.272073 -0.815488
vn -0.490366 -0.383086 -0.782807
vn -0.446072 -0.54216 -0.712097
vn -0.367734 -0.721217 -0.587041
vn -0.309068 -0.813048 -0.493387
vn -0.313249 -0.807349 -0.500062
vn -0.346369 -0.757821 -0.552934
vn -0.364067 -0.727789 -0.581187
vn -0.385202 -0.688102 -0.614926
vn -0.431476 -0.582571 -0.688796
vn -0.488319 -0.392252 -0.77954
vn -0.51834 -0.215936 -0.827463
vn -0.526613 -0.126295 -0.840671
vn -0.528109 -0.101742 -0.843059
vn -0.530864 0 -0.847457
vn 0.521376 -0.090401 0.848525
vn 0.521185 -0.094344 0.848213
vn 0.522298 -0.068268 0.850026
vn 0.523373 0.023643 0.851775
vn 0.512526 0.203855 0.834122
vn 0.479538 0.401204 0.780435
vn 0.43801 0.547715 0.71285
vn 0.380022 0.687802 0.618475
vn 0.284671 0.839238 0.463295
vn 0.153909 0.955809 0.250483
vn 0.029577 0.998403 0.048135
vn -0.083024 0.987345 -0.13512
vn -0.198497 0.925332 -0.323048
vn -0.293294 0.828334 -0.477328
vn -0.354959 0.73504 -0.577685
vn -0.403465 0.637226 -0.656628
vn -0.449145 0.513759 -0.730972
vn -0.48618 0.370893 -0.791244
vn -0.509484 0.230002 -0.829171
vn -0.521353 0.09088 -0.848488
vn -0.522954 -0.046459 -0.851094
vn -0.51588 -0.17021 -0.839581
vn -0.502858 -0.278165 -0.818387
vn -0.482064 -0.390001 -0.784546
vn -0.437596 -0.548923 -0.712175
vn -0.360535 -0.725071 -0.58676
vn -0.30417 -0.813896 -0.495028
vn -0.308915 -0.807349 -0.502751
vn -0.341577 -0.757821 -0.555907
vn -0.35903 -0.727789 -0.584312
vn -0.379873 -0.688102 -0.618233
vn -0.425506 -0.582571 -0.6925
vn -0.481563 -0.392252 -0.783731
vn -0.511168 -0.215936 -0.831912
vn -0.519328 -0.126295 -0.845191
vn -0.520803 -0.101742 -0.847592
vn -0.52352 0 -0.852014
vn 0.513987 -0.090381 0.853023
vn 0.513798 -0.094311 0.852711
vn 0.514896 -0.068231 0.854533
vn 0.515955 0.023624 0.85629
vn 0.505286 0.203627 0.838583
vn 0.472857 0.400687 0.784765
vn 0.43204 0.547008 0.717024
vn 0.375043 0.686967 0.62243
vn 0.281257 0.838457 0.466781
vn 0.152437 0.955385 0.252987
vn 0.029757 0.998336 0.049386
vn -0.081441 0.987471 -0.135162
vn -0.195509 0.92547 -0.324472
vn -0.289142 0.828327 -0.479866
vn -0.350025 0.734866 -0.580909
vn -0.397888 0.636893 -0.660343
vn -0.442919 0.513305 -0.735078
vn -0.479382 0.370439 -0.795593
vn -0.502303 0.229672 -0.833632
vn -0.51397 0.090742 -0.852995
vn -0.515543 -0.046392 -0.855607
vn -0.508587 -0.169998 -0.844062
vn -0.495773 -0.277877 -0.822796
vn -0.475302 -0.389676 -0.788822
vn -0.4315 -0.548606 -0.716127
vn -0.355521 -0.724892 -0.590031
vn -0.299887 -0.813857 -0.497699
vn -0.304536 -0.807349 -0.505415
vn -0.336735 -0.757821 -0.558853
vn -0.353941 -0.727789 -0.587409
vn -0.374488 -0.688102 -0.621509
vn -0.419475 -0.582571 -0.69617
vn -0.474737 -0.392252 -0.787885
vn -0.503923 -0.215936 -0.836321
vn -0.511966 -0.126295 -0.849671
vn -0.513421 -0.101742 -0.852084
vn -0.516099 0 -0.856529
vn 0.506542 -0.089937 0.857512
vn 0.506371 -0.093579 0.857223
vn 0.507446 -0.067408 0.859043
vn 0.508466 0.023209 0.860769
vn 0.498468 0.198634 0.843845
vn 0.468457 0.389407 0.793039
vn 0.430815 0.531505 0.729316
vn 0.378245 0.668519 0.640322
vn 0.290468 0.820874 0.491725
vn 0.165664 0.945465 0.280448
vn 0.042558 0.996493 0.072046
vn -0.071233 0.990144 -0.120588
vn -0.188808 0.928542 -0.319628
vn -0.285058 0.828173 -0.482567
vn -0.347084 0.730955 -0.587569
vn -0.395196 0.629474 -0.669017
vn -0.439496 0.503279 -0.744012
vn -0.474402 0.360512 -0.803103
vn -0.495855 0.222489 -0.83942
vn -0.506641 0.087744 -0.85768
vn -0.508089 -0.044935 -0.860132
vn -0.5016 -0.165376 -0.849146
vn -0.48949 -0.271561 -0.828646
vn -0.469926 -0.382502 -0.795526
vn -0.427555 -0.541585 -0.723797
vn -0.352489 -0.720887 -0.596719
vn -0.296159 -0.812975 -0.50136
vn -0.300113 -0.807349 -0.508054
vn -0.331845 -0.757821 -0.561771
vn -0.3488 -0.727789 -0.590476
vn -0.369049 -0.688102 -0.624754
vn -0.413382 -0.582571 -0.699805
vn -0.467842 -0.392252 -0.791999
vn -0.496604 -0.215936 -0.840688
vn -0.50453 -0.126295 -0.854107
vn -0.505964 -0.101742 -0.856533
vn -0.508603 0 -0.861001
vn 0.499038 -0.089135 0.861984
vn 0.498895 -0.092265 0.861737
vn 0.499942 -0.065949 0.863544
vn 0.500906 0.022483 0.86521
vn 0.491899 0.190075 0.849651
vn 0.465443 0.370161 0.803955
vn 0.432494 0.504853 0.747042
vn 0.38655 0.636222 0.667683
vn 0.308069 0.78863 0.532125
vn 0.189809 0.925464 0.327856
vn 0.065593 0.991394 0.113298
vn -0.053695 0.994241 -0.092747
vn -0.178923 0.934063 -0.309052
vn -0.281024 0.827891 -0.485409
vn -0.345702 0.72383 -0.597127
vn -0.39462 0.616168 -0.681624
vn -0.43796 0.485718 -0.756484
vn -0.47054 0.343534 -0.812759
vn -0.489818 0.210396 -0.846057
vn -0.499315 0.082729 -0.862462
vn -0.50058 -0.042489 -0.864647
vn -0.494778 -0.157515 -0.854625
vn -0.483711 -0.260668 -0.835509
vn -0.465484 -0.369956 -0.804026
vn -0.425164 -0.529073 -0.734382
vn -0.351002 -0.713596 -0.606283
vn -0.29288 -0.811356 -0.505888
vn -0.295646 -0.807349 -0.510667
vn -0.326905 -0.757821 -0.56466
vn -0.343609 -0.727789 -0.593512
vn -0.363556 -0.688102 -0.627967
vn -0.407229 -0.582571 -0.703403
vn -0.460879 -0.392252 -0.796071
vn -0.489212 -0.215936 -0.845011
vn -0.497021 -0.126295 -0.858499
vn -0.498433 -0.101742 -0.860938
vn -0.501033 0 -0.865428
vn 0.491472 -0.088069 0.866429
vn 0.491362 -0.090539 0.866236
vn 0.492375 -0.064067 0.868022
vn 0.493274 0.021568 0.869607
vn 0.48537 0.179553 0.855673
vn 0.462789 0.346691 0.815863
vn 0.434952 0.472072 0.766789
vn 0.396322 0.595621 0.698688
vn 0.328755 0.745666 0.579571
vn 0.219714 0.895373 0.38734
vn 0.09551 0.981085 0.168377
vn -0.030582 0.998077 -0.053914
vn -0.166541 0.941309 -0.2936
vn -0.277015 0.827508 -0.488357
vn -0.345313 0.71426 -0.608763
vn -0.395181 0.598728 -0.696676
vn -0.437193 0.463488 -0.77074
vn -0.466984 0.322752 -0.82326
vn -0.483829 0.195901 -0.852955
vn -0.491933 0.076771 -0.867242
vn -0.493002 -0.039565 -0.869128
vn -0.487959 -0.147955 -0.860236
vn -0.478081 -0.247166 -0.842822
vn -0.461422 -0.354096 -0.813453
vn -0.423572 -0.512822 -0.746726
vn -0.350496 -0.703813 -0.6179
vn -0.289909 -0.80916 -0.511089
vn -0.291136 -0.807349 -0.513252
vn -0.321918 -0.757821 -0.567518
vn -0.338367 -0.727789 -0.596516
vn -0.35801 -0.688102 -0.631145
vn -0.401017 -0.582571 -0.706963
vn -0.453847 -0.392252 -0.8001
vn -0.481748 -0.215936 -0.849288
vn -0.489438 -0.126295 -0.862844
vn -0.490828 -0.101742 -0.865295
vn -0.493389 0 -0.869809
vn 0.483838 -0.086847 0.870838
vn 0.483763 -0.088591 0.870704
vn 0.484739 -0.061987 0.87246
vn 0.48557 0.020583 0.873956
vn 0.478723 0.168561 0.861633
vn 0.459735 0.322428 0.827456
vn 0.436619 0.437953 0.785851
vn 0.404804 0.552533 0.728589
vn 0.348054 0.697441 0.626446
vn 0.250127 0.857183 0.450192
vn 0.12836 0.964442 0.23103
vn -0.004074 0.999965 -0.007333
vn -0.152489 0.949431 -0.274458
vn -0.273005 0.827058 -0.491369
vn -0.345327 0.703163 -0.621539
vn -0.395941 0.57912 -0.712637
vn -0.436249 0.439514 -0.785184
vn -0.463123 0.301168 -0.833555
vn -0.477635 0.181181 -0.859673
vn -0.484455 0.070776 -0.871949
vn -0.485347 -0.036603 -0.873555
vn -0.48102 -0.138087 -0.865767
vn -0.472314 -0.232928 -0.850097
vn -0.457264 -0.336997 -0.823008
vn -0.422069 -0.494742 -0.759663
vn -0.350379 -0.692487 -0.630632
vn -0.287094 -0.806579 -0.516728
vn -0.286583 -0.807349 -0.515808
vn -0.316883 -0.757821 -0.570344
vn -0.333075 -0.727789 -0.599487
vn -0.352411 -0.688102 -0.634289
vn -0.394745 -0.582571 -0.710484
vn -0.44675 -0.392252 -0.804085
vn -0.474214 -0.215936 -0.853518
vn -0.481784 -0.126295 -0.867141
vn -0.483152 -0.101742 -0.869605
vn -0.485673 0 -0.874141
vn 0.476132 -0.085578 0.8752
vn 0.47609 -0.0866 0.875122
vn 0.477027 -0.059908 0.876845
vn 0.477793 0.019626 0.878253
vn 0.471868 0.158194 0.867361
vn 0.455901 0.299819 0.838011
vn 0.43672 0.406031 0.802754
vn 0.410599 0.511639 0.754741
vn 0.36336 0.649515 0.667908
vn 0.277012 0.814856 0.509189
vn 0.160281 0.942077 0.294619
vn 0.02339 0.998802 0.042994
vn -0.137694 0.957591 -0.253102
vn -0.268965 0.826577 -0.494397
vn -0.345212 0.691502 -0.63455
vn -0.396179 0.559212 -0.728234
vn -0.434525 0.416213 -0.798721
vn -0.458637 0.280953 -0.843041
vn -0.471119 0.167684 -0.865985
vn -0.476865 0.065323 -0.876546
vn -0.477611 -0.033892 -0.877918
vn -0.473899 -0.12889 -0.871095
vn -0.466244 -0.219379 -0.857024
vn -0.452698 -0.320362 -0.832125
vn -0.420125 -0.476574 -0.772251
vn -0.350124 -0.680602 -0.643579
vn -0.284279 -0.803822 -0.522547
vn -0.281988 -0.807349 -0.518334
vn -0.311802 -0.757821 -0.573138
vn -0.327734 -0.727789 -0.602423
vn -0.34676 -0.688102 -0.637395
vn -0.388416 -0.582571 -0.713964
vn -0.439586 -0.392252 -0.808023
vn -0.466611 -0.215936 -0.857698
vn -0.474059 -0.126295 -0.871388
vn -0.475405 -0.101742 -0.873864
vn -0.477885 0 -0.878422
vn 0.468352 -0.08436 0.879505
vn 0.468338 -0.084716 0.879479
vn 0.469237 -0.057985 0.881167
vn 0.469945 0.018762 0.882496
vn 0.464773 0.149111 0.872784
vn 0.451192 0.28025 0.847281
vn 0.435085 0.378359 0.817034
vn 0.413397 0.475868 0.776307
vn 0.37384 0.606141 0.702024
vn 0.298185 0.773005 0.559954
vn 0.188247 0.916296 0.353503
vn 0.049434 0.994454 0.09283
vn -0.12312 0.965083 -0.231204
vn -0.264871 0.826101 -0.497394
vn -0.344553 0.680176 -0.647027
vn -0.395441 0.540546 -0.742588
vn -0.431753 0.395258 -0.810777
vn -0.453433 0.26337 -0.85149
vn -0.464262 0.156155 -0.871824
vn -0.469161 0.060697 -0.881024
vn -0.469793 -0.031579 -0.882211
vn -0.466579 -0.120917 -0.876175
vn -0.459806 -0.207413 -0.863457
vn -0.447576 -0.30537 -0.840491
vn -0.41742 -0.459699 -0.783861
vn -0.349322 -0.669076 -0.655981
vn -0.281327 -0.801098 -0.528297
vn -0.277351 -0.807349 -0.52083
vn -0.306676 -0.757821 -0.575897
vn -0.322346 -0.727789 -0.605324
vn -0.341059 -0.688102 -0.640464
vn -0.382029 -0.582571 -0.717402
vn -0.432359 -0.392252 -0.811914
vn -0.458939 -0.215936 -0.861828
vn -0.466264 -0.126295 -0.875584
vn -0.467589 -0.101742 -0.878071
vn -0.470028 0 -0.882652
vn 0.460496 -0.083269 0.883747
vn 0.460505 -0.083055 0.883763
vn 0.461368 -0.056322 0.885419
vn 0.462026 0.018033 0.886683
vn 0.457444 0.141623 0.877889
vn 0.445669 0.264298 0.855292
vn 0.431861 0.355808 0.828792
vn 0.413464 0.446571 0.793487
vn 0.379755 0.569775 0.728795
vn 0.313096 0.735478 0.600869
vn 0.210482 0.890241 0.40394
vn 0.072098 0.987754 0.138364
vn -0.109672 0.971428 -0.210473
vn -0.2607 0.825664 -0.500315
vn -0.343069 0.669945 -0.65839
vn -0.393513 0.524236 -0.755198
vn -0.427889 0.377614 -0.821169
vn -0.44755 0.248975 -0.858901
vn -0.457091 0.146853 -0.877212
vn -0.46135 0.056985 -0.885386
vn -0.461897 -0.029714 -0.886436
vn -0.459067 -0.114402 -0.881005
vn -0.453001 -0.197483 -0.869362
vn -0.441861 -0.292714 -0.847984
vn -0.41381 -0.445071 -0.794149
vn -0.347696 -0.65868 -0.667269
vn -0.278125 -0.798594 -0.533755
vn -0.272674 -0.807349 -0.523294
vn -0.301504 -0.757821 -0.578622
vn -0.31691 -0.727789 -0.608187
vn -0.335307 -0.688102 -0.643494
vn -0.375587 -0.582571 -0.720795
vn -0.425067 -0.392252 -0.815755
vn -0.451199 -0.215936 -0.865905
vn -0.458401 -0.126295 -0.879726
vn -0.459703 -0.101742 -0.882225
vn -0.462101 0 -0.886827
vn 0.452564 -0.082363 0.88792
vn 0.45259 -0.081691 0.887969
vn 0.45342 -0.054981 0.889599
vn 0.454038 0.017455 0.890811
vn 0.4499 0.135815 0.882692
vn 0.439447 0.252044 0.862184
vn 0.427299 0.338503 0.83835
vn 0.41126 0.424035 0.806882
vn 0.381806 0.541371 0.749094
vn 0.322185 0.704714 0.63212
vn 0.226384 0.866876 0.444159
vn 0.09007 0.980132 0.176715
vn -0.098099 0.976388 -0.192468
vn -0.256438 0.825291 -0.503124
vn -0.340602 0.661384 -0.668253
vn -0.390348 0.510977 -0.765853
vn -0.423007 0.363705 -0.82993
vn -0.441072 0.237875 -0.865373
vn -0.44965 0.139762 -0.882202
vn -0.453441 0.054166 -0.889639
vn -0.453926 -0.028292 -0.89059
vn -0.451382 -0.109385 -0.885601
vn -0.445858 -0.189741 -0.874762
vn -0.435582 -0.282708 -0.854602
vn -0.409274 -0.433255 -0.802985
vn -0.345095 -0.649992 -0.677068
vn -0.274592 -0.796465 -0.538742
vn -0.267957 -0.807349 -0.525725
vn -0.296288 -0.757821 -0.58131
vn -0.311427 -0.727789 -0.611012
vn -0.329507 -0.688102 -0.646483
vn -0.369089 -0.582571 -0.724144
vn -0.417714 -0.392252 -0.819544
vn -0.443394 -0.215936 -0.869927
vn -0.450471 -0.126295 -0.883813
vn -0.451751 -0.101742 -0.886324
vn -0.454107 0 -0.890947
vn 0.444557 -0.081676 0.892019
vn 0.444593 -0.080668 0.892093
vn 0.445397 -0.053987 0.893704
vn 0.445982 0.017034 0.89488
vn 0.442165 0.131642 0.887221
vn 0.432643 0.243305 0.868114
vn 0.421652 0.32618 0.846059
vn 0.407238 0.407974 0.817138
vn 0.380745 0.520932 0.763978
vn 0.326287 0.681834 0.654706
vn 0.236154 0.848349 0.473851
vn 0.102727 0.973118 0.206125
vn -0.088921 0.979928 -0.178424
vn -0.252073 0.825004 -0.505794
vn -0.337099 0.654862 -0.676402
vn -0.386002 0.501109 -0.774527
vn -0.417232 0.353594 -0.837191
vn -0.434095 0.229939 -0.871028
vn -0.44198 0.134732 -0.886849
vn -0.44544 0.052172 -0.893791
vn -0.445881 -0.027283 -0.894676
vn -0.443544 -0.105799 -0.889986
vn -0.438418 -0.184157 -0.879702
vn -0.428796 -0.275417 -0.860395
vn -0.403863 -0.424502 -0.810366
vn -0.34147 -0.64338 -0.685172
vn -0.270681 -0.794822 -0.54313
vn -0.263201 -0.807349 -0.528122
vn -0.291029 -0.757821 -0.583961
vn -0.3059 -0.727789 -0.613799
vn -0.323658 -0.688102 -0.649431
vn -0.362538 -0.582571 -0.727446
vn -0.4103 -0.392252 -0.823281
vn -0.435524 -0.215936 -0.873894
vn -0.442475 -0.126295 -0.887843
vn -0.443732 -0.101742 -0.890365
vn -0.446047 0 -0.89501
vn 0.436475 -0.081224 0.896043
vn 0.436518 -0.08 0.896132
vn 0.437298 -0.053344 0.897733
vn 0.43786 0.016764 0.898887
vn 0.434263 0.128995 0.891502
vn 0.425361 0.237792 0.873226
vn 0.415129 0.318413 0.852221
vn 0.401772 0.397849 0.8248
vn 0.377214 0.507975 0.774385
vn 0.326269 0.667022 0.669799
vn 0.240406 0.835842 0.493532
vn 0.110024 0.967925 0.225869
vn -0.082384 0.982145 -0.169127
vn -0.247604 0.824812 -0.508309
vn -0.332584 0.650553 -0.682765
vn -0.380583 0.494696 -0.781302
vn -0.410691 0.34713 -0.84311
vn -0.426701 0.224921 -0.875978
vn -0.434115 0.131569 -0.891198
vn -0.437354 0.050921 -0.897847
vn -0.437766 -0.026649 -0.898694
vn -0.435569 -0.103533 -0.894182
vn -0.430721 -0.180605 -0.884229
vn -0.421566 -0.270748 -0.865435
vn -0.397661 -0.418833 -0.816361
vn -0.336847 -0.639014 -0.691516
vn -0.266378 -0.793725 -0.546849
vn -0.258406 -0.807349 -0.530484
vn -0.285728 -0.757821 -0.586573
vn -0.300327 -0.727789 -0.616544
vn -0.317762 -0.688102 -0.652336
vn -0.355934 -0.582571 -0.7307
vn -0.402826 -0.392252 -0.826964
vn -0.42759 -0.215936 -0.877803
vn -0.434415 -0.126295 -0.891814
vn -0.435649 -0.101742 -0.894348
vn -0.437922 0 -0.899013
vn 0.428321 -0.081004 0.899988
vn 0.428367 -0.079675 0.900085
vn 0.429129 -0.053034 0.901685
vn 0.429674 0.016634 0.902831
vn 0.426213 0.127733 0.895559
vn 0.417681 0.235172 0.877631
vn 0.407896 0.314726 0.85707
vn 0.395149 0.393043 0.830286
vn 0.371711 0.501806 0.781039
vn 0.322886 0.65989 0.678447
vn 0.239897 0.829676 0.504071
vn 0.11233 0.965232 0.236027
vn -0.078463 0.98319 -0.164866
vn -0.243034 0.824717 -0.510662
vn -0.327137 0.648451 -0.687381
vn -0.374222 0.491598 -0.786314
vn -0.403501 0.344036 -0.847836
vn -0.418958 0.222534 -0.880314
vn -0.426083 0.13007 -0.895285
vn -0.429189 0.050328 -0.901811
vn -0.429584 -0.026349 -0.902642
vn -0.427472 -0.102455 -0.898204
vn -0.4228 -0.17891 -0.888387
vn -0.413952 -0.26851 -0.869796
vn -0.390765 -0.416098 -0.821075
vn -0.331307 -0.636885 -0.696142
vn -0.261698 -0.793187 -0.549881
vn -0.253575 -0.807349 -0.532811
vn -0.280385 -0.757821 -0.589145
vn -0.294712 -0.727789 -0.619248
vn -0.311821 -0.688102 -0.655197
vn -0.349279 -0.582571 -0.733904
vn -0.395294 -0.392252 -0.830591
vn -0.419595 -0.215936 -0.881653
vn -0.426293 -0.126295 -0.895726
vn -0.427504 -0.101742 -0.89827
vn -0.429734 0 -0.902956
vn 0.420098 -0.080999 0.903856
vn 0.420144 -0.079667 0.903954
vn 0.42089 -0.053026 0.90556
vn 0.421425 0.016631 0.906711
vn 0.418032 0.127701 0.899412
vn 0.409669 0.235106 0.881417
vn 0.400078 0.314633 0.860781
vn 0.387584 0.392922 0.833901
vn 0.364613 0.501651 0.784477
vn 0.316753 0.659709 0.681506
vn 0.235389 0.829519 0.506449
vn 0.110282 0.965163 0.237275
vn -0.076897 0.983216 -0.165447
vn -0.238369 0.824715 -0.51286
vn -0.320876 0.648398 -0.690376
vn -0.367056 0.491519 -0.789733
vn -0.395766 0.343958 -0.851505
vn -0.41092 0.222474 -0.88411
vn -0.417905 0.130032 -0.899137
vn -0.42095 0.050313 -0.905688
vn -0.421337 -0.026341 -0.906521
vn -0.419266 -0.102428 -0.902067
vn -0.414686 -0.178868 -0.892212
vn -0.406012 -0.268454 -0.873548
vn -0.383276 -0.416029 -0.824633
vn -0.324965 -0.636831 -0.699174
vn -0.256682 -0.793173 -0.55226
vn -0.248706 -0.807349 -0.5351
vn -0.275002 -0.757821 -0.591677
vn -0.289054 -0.727789 -0.621909
vn -0.305834 -0.688102 -0.658013
vn -0.342573 -0.582571 -0.737058
vn -0.387705 -0.392252 -0.83416
vn -0.411539 -0.215936 -0.885442
vn -0.418108 -0.126295 -0.899575
vn -0.419296 -0.101742 -0.90213
vn -0.421483 0 -0.906836
vn 0.411809 -0.081178 0.907647
vn 0.411851 -0.079932 0.907739
vn 0.412586 -0.053279 0.909359
vn 0.413115 0.016737 0.910525
vn 0.409735 0.12873 0.903076
vn 0.401377 0.237242 0.884654
vn 0.391775 0.317639 0.863491
vn 0.379246 0.39684 0.835877
vn 0.35621 0.506681 0.785104
vn 0.30838 0.66553 0.679685
vn 0.227624 0.83456 0.501694
vn 0.104682 0.967372 0.230723
vn -0.077253 0.982365 -0.170269
vn -0.233623 0.824792 -0.514916
vn -0.313943 0.650115 -0.691946
vn -0.359227 0.494049 -0.791753
vn -0.38758 0.346482 -0.854244
vn -0.402634 0.22442 -0.887424
vn -0.409598 0.131255 -0.902774
vn -0.41264 0.050796 -0.909477
vn -0.413027 -0.026586 -0.910331
vn -0.410962 -0.103307 -0.90578
vn -0.406405 -0.18025 -0.895737
vn -0.397795 -0.270279 -0.87676
vn -0.375296 -0.418261 -0.82717
vn -0.317963 -0.63857 -0.700805
vn -0.251384 -0.793613 -0.554062
vn -0.243803 -0.807349 -0.537352
vn -0.26958 -0.757821 -0.594167
vn -0.283354 -0.727789 -0.624527
vn -0.299804 -0.688102 -0.660782
vn -0.335819 -0.582571 -0.74016
vn -0.38006 -0.392252 -0.837671
vn -0.403425 -0.215936 -0.889168
vn -0.409864 -0.126295 -0.903361
vn -0.411029 -0.101742 -0.905927
vn -0.413173 0 -0.910653
vn 0.403457 -0.081506 0.911361
vn 0.403493 -0.080416 0.911442
vn 0.404219 -0.053744 0.913082
vn 0.404746 0.016932 0.914272
vn 0.401335 0.130635 0.906568
vn 0.392852 0.241205 0.887405
vn 0.383076 0.32322 0.865322
vn 0.370277 0.404115 0.836412
vn 0.34675 0.516001 0.783267
vn 0.298218 0.676224 0.673638
vn 0.217331 0.843659 0.490924
vn 0.096429 0.971213 0.217821
vn -0.078995 0.980775 -0.17844
vn -0.228808 0.824931 -0.516851
vn -0.306498 0.653239 -0.692342
vn -0.350878 0.498683 -0.792591
vn -0.379027 0.351139 -0.856177
vn -0.394139 0.228028 -0.890313
vn -0.401179 0.133526 -0.906215
vn -0.404263 0.051695 -0.913181
vn -0.404656 -0.027042 -0.914069
vn -0.402569 -0.104936 -0.909355
vn -0.397983 -0.182806 -0.898995
vn -0.389353 -0.273645 -0.879501
vn -0.366926 -0.422356 -0.828843
vn -0.310455 -0.641735 -0.70128
vn -0.245871 -0.79441 -0.555393
vn -0.238864 -0.807349 -0.539566
vn -0.26412 -0.757821 -0.596614
vn -0.277615 -0.727789 -0.627099
vn -0.293731 -0.688102 -0.663504
vn -0.329017 -0.582571 -0.743209
vn -0.372362 -0.392252 -0.841121
vn -0.395254 -0.215936 -0.89283
vn -0.401563 -0.126295 -0.907082
vn -0.402703 -0.101742 -0.909658
vn -0.404804 0 -0.914403
vn 0.395045 -0.081938 0.915
vn 0.395074 -0.081058 0.915066
vn 0.395792 -0.054364 0.91673
vn 0.39632 0.017193 0.917952
vn 0.392846 0.133212 0.909905
vn 0.384138 0.246588 0.889737
vn 0.374062 0.330807 0.866397
vn 0.360813 0.414006 0.835711
vn 0.336468 0.528625 0.779323
vn 0.286707 0.690516 0.664068
vn 0.20525 0.855494 0.475397
vn 0.08646 0.975921 0.200257
vn -0.081564 0.9786 -0.188917
vn -0.22394 0.825114 -0.518688
vn -0.298703 0.657355 -0.691853
vn -0.342155 0.504857 -0.792496
vn -0.370196 0.357411 -0.857445
vn -0.385476 0.232922 -0.892836
vn -0.392662 0.136619 -0.909479
vn -0.395823 0.052919 -0.916801
vn -0.396227 -0.027662 -0.917736
vn -0.394096 -0.107147 -0.912802
vn -0.389442 -0.186261 -0.902021
vn -0.380734 -0.278172 -0.881852
vn -0.358271 -0.427823 -0.829825
vn -0.302602 -0.645906 -0.700883
vn -0.240212 -0.795452 -0.556376
vn -0.233892 -0.807349 -0.541739
vn -0.258622 -0.757821 -0.599018
vn -0.271837 -0.727789 -0.629625
vn -0.287618 -0.688102 -0.666177
vn -0.322168 -0.582571 -0.746203
vn -0.364612 -0.392252 -0.84451
vn -0.387027 -0.215936 -0.896427
vn -0.393204 -0.126295 -0.910736
vn -0.394321 -0.101742 -0.913323
vn -0.396378 0 -0.918087
vn 0.386577 -0.082432 0.918566
vn 0.386598 -0.081795 0.918614
vn 0.387309 -0.055082 0.920303
vn 0.387838 0.017499 0.921561
vn 0.38428 0.136246 0.913108
vn 0.375283 0.252951 0.891728
vn 0.364819 0.339783 0.866865
vn 0.350994 0.425703 0.834014
vn 0.325609 0.543485 0.773695
vn 0.274309 0.707045 0.651799
vn 0.192135 0.868709 0.456541
vn 0.075684 0.980781 0.179836
vn -0.084439 0.97602 -0.200639
vn -0.219032 0.82532 -0.520453
vn -0.290717 0.66204 -0.690787
vn -0.333203 0.511981 -0.79174
vn -0.361174 0.364745 -0.858204
vn -0.376685 0.238698 -0.89506
vn -0.384062 0.140285 -0.912588
vn -0.387324 0.054373 -0.920339
vn -0.387741 -0.028397 -0.921331
vn -0.385554 -0.109757 -0.916134
vn -0.380808 -0.190317 -0.904856
vn -0.371988 -0.283457 -0.883899
vn -0.349434 -0.434148 -0.830308
vn -0.294558 -0.650657 -0.699915
vn -0.234472 -0.796629 -0.55714
vn -0.228888 -0.807349 -0.543873
vn -0.253089 -0.757821 -0.601377
vn -0.266021 -0.727789 -0.632105
vn -0.281464 -0.688102 -0.6688
vn -0.315275 -0.582571 -0.749141
vn -0.356811 -0.392252 -0.847835
vn -0.378746 -0.215936 -0.899957
vn -0.384792 -0.126295 -0.914322
vn -0.385885 -0.101742 -0.91692
vn -0.387898 0 -0.921702
vn 0.378056 -0.082946 0.922059
vn 0.378068 -0.082567 0.922088
vn 0.378772 -0.055841 0.923804
vn 0.379303 0.017824 0.925101
vn 0.375654 0.139514 0.916199
vn 0.366334 0.259836 0.893468
vn 0.355439 0.349505 0.866897
vn 0.340971 0.438366 0.83161
vn 0.314435 0.559473 0.76689
vn 0.261501 0.724462 0.637787
vn 0.178718 0.882081 0.435883
vn 0.064908 0.985254 0.158308
vn -0.087191 0.973229 -0.212655
vn -0.214096 0.825532 -0.522169
vn -0.282681 0.666903 -0.689443
vn -0.324159 0.519484 -0.790606
vn -0.352049 0.372586 -0.858628
vn -0.367808 0.244937 -0.897064
vn -0.375395 0.144266 -0.915569
vn -0.378769 0.055955 -0.923798
vn -0.379202 -0.029195 -0.924853
vn -0.376952 -0.112577 -0.919366
vn -0.372106 -0.194676 -0.907545
vn -0.363165 -0.289099 -0.885739
vn -0.340513 -0.440829 -0.830494
vn -0.286464 -0.655591 -0.698669
vn -0.228706 -0.797841 -0.557802
vn -0.223853 -0.807349 -0.545965
vn -0.247521 -0.757821 -0.60369
vn -0.260168 -0.727789 -0.634536
vn -0.275272 -0.688102 -0.671372
vn -0.308339 -0.582571 -0.752023
vn -0.348961 -0.392252 -0.851096
vn -0.370414 -0.215936 -0.903419
vn -0.376326 -0.126295 -0.917839
vn -0.377395 -0.101742 -0.920446
vn -0.379364 0 -0.925248
vn 0.369485 -0.083447 0.925482
vn 0.369489 -0.083324 0.925492
vn 0.370184 -0.05659 0.927233
vn 0.370717 0.018149 0.928568
vn 0.366978 0.142806 0.919203
vn 0.357338 0.266808 0.895055
vn 0.346011 0.359355 0.866684
vn 0.330894 0.451184 0.82882
vn 0.303211 0.575546 0.75948
vn 0.248744 0.741576 0.623051
vn 0.165645 0.89466 0.414904
vn 0.054767 0.989031 0.137181
vn -0.089515 0.97042 -0.224216
vn -0.20914 0.825736 -0.523852
vn -0.274708 0.67162 -0.688086
vn -0.315142 0.526871 -0.789362
vn -0.3429 0.380424 -0.858893
vn -0.358885 0.251243 -0.898932
vn -0.366678 0.148311 -0.91845
vn -0.370164 0.057566 -0.927181
vn -0.370612 -0.030006 -0.928303
vn -0.3683 -0.115428 -0.922514
vn -0.363359 -0.199056 -0.910136
vn -0.354309 -0.294732 -0.887468
vn -0.331595 -0.447427 -0.830574
vn -0.278429 -0.660381 -0.697405
vn -0.222957 -0.799007 -0.558461
vn -0.218787 -0.807349 -0.548014
vn -0.241919 -0.757821 -0.605956
vn -0.25428 -0.727789 -0.636918
vn -0.269042 -0.688102 -0.673893
vn -0.301361 -0.582571 -0.754846
vn -0.341063 -0.392252 -0.854291
vn -0.362031 -0.215936 -0.90681
vn -0.36781 -0.126295 -0.921285
vn -0.368855 -0.101742 -0.923902
vn -0.370779 0 -0.928721
vn 0.360867 -0.08391 0.928835
vn 0.360863 -0.084028 0.928826
vn 0.361549 -0.057293 0.930591
vn 0.362082 0.018457 0.931963
vn 0.358266 0.145952 0.922141
vn 0.348336 0.2735 0.896582
vn 0.336614 0.368815 0.86641
vn 0.320898 0.463481 0.82596
vn 0.292171 0.59085 0.752019
vn 0.236425 0.757488 0.608535
vn 0.153401 0.905853 0.394839
vn 0.045672 0.992016 0.117555
vn -0.091233 0.967747 -0.234824
vn -0.204171 0.825922 -0.525516
vn -0.266876 0.675965 -0.686912
vn -0.30624 0.533771 -0.78823
vn -0.333796 0.387856 -0.859156
vn -0.349953 0.257286 -0.900742
vn -0.357925 0.152209 -0.921261
vn -0.361511 0.05912 -0.930492
vn -0.361972 -0.030788 -0.93168
vn -0.359607 -0.118162 -0.925592
vn -0.354586 -0.203232 -0.912669
vn -0.345456 -0.300064 -0.889169
vn -0.322743 -0.45361 -0.830708
vn -0.270531 -0.664796 -0.696319
vn -0.217252 -0.800072 -0.559183
vn -0.213692 -0.807349 -0.550021
vn -0.236286 -0.757821 -0.608175
vn -0.248359 -0.727789 -0.63925
vn -0.262777 -0.688102 -0.676361
vn -0.294343 -0.582571 -0.75761
vn -0.333121 -0.392252 -0.85742
vn -0.3536 -0.215936 -0.910131
vn -0.359244 -0.126295 -0.924658
vn -0.360265 -0.101742 -0.927285
vn -0.362144 0 -0.932122
vn 0.352203 -0.084322 0.932117
vn 0.352193 -0.084658 0.932091
vn 0.352869 -0.057926 0.933878
vn 0.3534 0.018736 0.935285
vn 0.349525 0.148841 0.925029
vn 0.339358 0.279671 0.898121
vn 0.327304 0.37754 0.866219
vn 0.311079 0.474806 0.823279
vn 0.28148 0.604835 0.744945
vn 0.224799 0.771696 0.594938
vn 0.142258 0.915433 0.37649
vn 0.037798 0.994266 0.100033
vn -0.092291 0.96531 -0.24425
vn -0.199192 0.826086 -0.527166
vn -0.259221 0.679821 -0.686037
vn -0.297503 0.539972 -0.787351
vn -0.324776 0.394627 -0.859529
vn -0.341034 0.262849 -0.902556
vn -0.349145 0.155816 -0.924023
vn -0.352814 0.060562 -0.933732
vn -0.353287 -0.031511 -0.934984
vn -0.350879 -0.12068 -0.928612
vn -0.345802 -0.207056 -0.915177
vn -0.33663 -0.304918 -0.890901
vn -0.313995 -0.459182 -0.830998
vn -0.262806 -0.668715 -0.695523
vn -0.2116 -0.801012 -0.560005
vn -0.208569 -0.807349 -0.551984
vn -0.230621 -0.757821 -0.610346
vn -0.242405 -0.727789 -0.641532
vn -0.256477 -0.688102 -0.678774
vn -0.287287 -0.582571 -0.760314
vn -0.325135 -0.392252 -0.86048
vn -0.345123 -0.215936 -0.913379
vn -0.350632 -0.126295 -0.927958
vn -0.351628 -0.101742 -0.930595
vn -0.353462 0 -0.935449
vn 0.343497 -0.084682 0.935328
vn 0.343481 -0.085211 0.935286
vn 0.344145 -0.058487 0.937093
vn 0.344673 0.018985 0.938531
vn 0.34076 0.151434 0.927874
vn 0.330414 0.285231 0.899705
vn 0.318104 0.385404 0.866183
vn 0.301476 0.484997 0.820908
vn 0.271206 0.617326 0.738482
vn 0.213951 0.784108 0.58258
vn 0.132258 0.923478 0.360134
vn 0.031107 0.99592 0.084704
vn -0.092732 0.963142 -0.252505
vn -0.194202 0.826228 -0.528803
vn -0.251743 0.683179 -0.685486
vn -0.288941 0.545433 -0.786776
vn -0.315855 0.400664 -0.860061
vn -0.332138 0.267854 -0.904399
vn -0.340345 0.159077 -0.926747
vn -0.344075 0.061867 -0.936902
vn -0.344557 -0.032165 -0.938214
vn -0.34212 -0.122948 -0.931578
vn -0.337012 -0.210482 -0.917671
vn -0.327838 -0.309241 -0.892688
vn -0.30536 -0.464103 -0.831483
vn -0.255253 -0.672131 -0.695044
vn -0.206 -0.801825 -0.560928
vn -0.203419 -0.807349 -0.553902
vn -0.224927 -0.757821 -0.612467
vn -0.23642 -0.727789 -0.643762
vn -0.250145 -0.688102 -0.681134
vn -0.280194 -0.582571 -0.762957
vn -0.317107 -0.392252 -0.86347
vn -0.336602 -0.215936 -0.916554
vn -0.341975 -0.126295 -0.931183
vn -0.342946 -0.101742 -0.933829
vn -0.344735 0 -0.9387
vn 0.334749 -0.084998 0.938466
vn 0.334729 -0.085699 0.938409
vn 0.33538 -0.058983 0.940235
vn 0.335903 0.019208 0.941701
vn 0.331969 0.153767 0.930673
vn 0.321502 0.290251 0.901327
vn 0.309004 0.392502 0.86629
vn 0.292074 0.494181 0.818827
vn 0.261317 0.6285 0.732599
vn 0.203805 0.794987 0.571366
vn 0.123251 0.930277 0.345534
vn 0.025407 0.997136 0.071229
vn -0.092667 0.961208 -0.259792
vn -0.1892 0.826352 -0.53042
vn -0.244411 0.68612 -0.685202
vn -0.280528 0.550262 -0.786458
vn -0.30702 0.40606 -0.860728
vn -0.323263 0.272366 -0.906266
vn -0.331526 0.16203 -0.929428
vn -0.335297 0.063051 -0.94
vn -0.335785 -0.032758 -0.941369
vn -0.33333 -0.124993 -0.934488
vn -0.328214 -0.213557 -0.920146
vn -0.319072 -0.313103 -0.894516
vn -0.296819 -0.468464 -0.83213
vn -0.247843 -0.675123 -0.694826
vn -0.200439 -0.802534 -0.561929
vn -0.198244 -0.807349 -0.555776
vn -0.219205 -0.757821 -0.614538
vn -0.230405 -0.727789 -0.645939
vn -0.243781 -0.688102 -0.683437
vn -0.273066 -0.582571 -0.765537
vn -0.30904 -0.392252 -0.86639
vn -0.328039 -0.215936 -0.919653
vn -0.333275 -0.126295 -0.934333
vn -0.334222 -0.101742 -0.936987
vn -0.335965 0 -0.941874
vn 0.325962 -0.085284 0.941528
vn 0.325938 -0.086143 0.941458
vn 0.326575 -0.059438 0.9433
vn 0.327092 0.019413 0.944793
vn 0.323152 0.155931 0.933412
vn 0.312603 0.29492 0.902941
vn 0.299969 0.399105 0.866449
vn 0.28281 0.502709 0.816886
vn 0.251702 0.638804 0.727032
vn 0.194169 0.804827 0.560849
vn 0.114965 0.936222 0.332072
vn 0.020419 0.99805 0.05898
vn -0.092239 0.959431 -0.266428
vn -0.184184 0.826463 -0.53201
vn -0.237176 0.688782 -0.685074
vn -0.272215 0.554671 -0.786282
vn -0.298239 0.411037 -0.861453
vn -0.314394 0.276559 -0.908114
vn -0.322681 0.164785 -0.932053
vn -0.32648 0.064157 -0.943024
vn -0.326972 -0.03331 -0.944447
vn -0.324509 -0.126895 -0.937332
vn -0.319401 -0.216405 -0.922579
vn -0.310318 -0.316662 -0.896341
vn -0.288339 -0.472454 -0.832855
vn -0.240529 -0.677833 -0.694758
vn -0.194901 -0.803172 -0.562963
vn -0.193045 -0.807349 -0.557603
vn -0.213456 -0.757821 -0.616559
vn -0.224362 -0.727789 -0.648062
vn -0.237387 -0.688102 -0.685684
vn -0.265904 -0.582571 -0.768054
vn -0.300935 -0.392252 -0.869239
vn -0.319435 -0.215936 -0.922677
vn -0.324534 -0.126295 -0.937404
vn -0.325456 -0.101742 -0.940068
vn -0.327154 0 -0.944971
vn 0.317136 -0.085559 0.944513
vn 0.317109 -0.08657 0.94443
vn 0.317732 -0.059877 0.946288
vn 0.318242 0.019612 0.947807
vn 0.314303 0.158045 0.936074
vn 0.303693 0.299495 0.904474
vn 0.290949 0.405573 0.866521
vn 0.273598 0.511049 0.814845
vn 0.242213 0.64881 0.721372
vn 0.184801 0.814203 0.550383
vn 0.107092 0.941702 0.318948
vn 0.015859 0.998758 0.047231
vn -0.091586 0.957711 -0.272765
vn -0.179152 0.82657 -0.533561
vn -0.229988 0.691325 -0.684964
vn -0.263945 0.558915 -0.786096
vn -0.289473 0.415873 -0.862123
vn -0.30551 0.280663 -0.909886
vn -0.313807 0.167492 -0.934597
vn -0.317625 0.065246 -0.945969
vn -0.318121 -0.033854 -0.947445
vn -0.315654 -0.128758 -0.940098
vn -0.310564 -0.219183 -0.924937
vn -0.301554 -0.320118 -0.898103
vn -0.279878 -0.476304 -0.833548
vn -0.23326 -0.680421 -0.694707
vn -0.189367 -0.80378 -0.563984
vn -0.187823 -0.807349 -0.559384
vn -0.207681 -0.757821 -0.618528
vn -0.218293 -0.727789 -0.650132
vn -0.230965 -0.688102 -0.687874
vn -0.258711 -0.582571 -0.770506
vn -0.292794 -0.392252 -0.872015
vn -0.310794 -0.215936 -0.925623
vn -0.315755 -0.126295 -0.940398
vn -0.316652 -0.101742 -0.94307
vn -0.318304 0 -0.947989
vn 0.308275 -0.085836 0.947417
vn 0.308243 -0.087002 0.947321
vn 0.308853 -0.060325 0.949195
vn 0.309356 0.019815 0.95074
vn 0.305419 0.160224 0.938641
vn 0.294751 0.304222 0.905854
vn 0.2819 0.412254 0.86636
vn 0.26436 0.519646 0.812454
vn 0.232713 0.659048 0.715192
vn 0.175487 0.823612 0.539322
vn 0.099378 0.947019 0.305417
vn 0.0115 0.999309 0.035343
vn -0.090815 0.955958 -0.279101
vn -0.174102 0.826676 -0.535066
vn -0.222807 0.693885 -0.684749
vn -0.255673 0.563223 -0.785755
vn -0.280685 0.420826 -0.862625
vn -0.296594 0.284898 -0.911518
vn -0.304897 0.170297 -0.937036
vn -0.308734 0.066376 -0.948829
vn -0.309233 -0.034417 -0.950363
vn -0.306763 -0.130682 -0.942772
vn -0.301693 -0.22204 -0.927189
vn -0.292762 -0.323657 -0.899742
vn -0.271404 -0.480219 -0.834104
vn -0.225995 -0.683029 -0.694549
vn -0.183825 -0.804389 -0.564948
vn -0.182579 -0.807349 -0.561117
vn -0.201883 -0.757821 -0.620444
vn -0.212198 -0.727789 -0.652147
vn -0.224517 -0.688102 -0.690005
vn -0.251488 -0.582571 -0.772894
vn -0.284619 -0.392252 -0.874717
vn -0.302117 -0.215936 -0.928492
vn -0.306939 -0.126295 -0.943312
vn -0.307811 -0.101742 -0.945992
vn -0.309417 0 -0.950927
vn 0.299379 -0.086125 0.950239
vn 0.299344 -0.087454 0.950129
vn 0.29994 -0.060794 0.952019
vn 0.300435 0.02003 0.953592
vn 0.2965 0.16254 0.9411
vn 0.285764 0.309262 0.907026
vn 0.272794 0.419374 0.865857
vn 0.255047 0.528789 0.809527
vn 0.223118 0.669847 0.708183
vn 0.166107 0.83333 0.527228
vn 0.091687 0.952314 0.291017
vn 0.00723 0.999711 0.022947
vn -0.089981 0.954114 -0.285603
vn -0.169034 0.826786 -0.536519
vn -0.21561 0.696544 -0.684353
vn -0.247372 0.567732 -0.785167
vn -0.271857 0.426061 -0.862882
vn -0.287636 0.289409 -0.912967
vn -0.295949 0.173297 -0.939352
vn -0.299808 0.067586 -0.951602
vn -0.300311 -0.035019 -0.953198
vn -0.297837 -0.132732 -0.945344
vn -0.292785 -0.225073 -0.929311
vn -0.283934 -0.327396 -0.901218
vn -0.2629 -0.484327 -0.834453
vn -0.218715 -0.685738 -0.69421
vn -0.178268 -0.80502 -0.56583
vn -0.177315 -0.807349 -0.562803
vn -0.196062 -0.757821 -0.622308
vn -0.20608 -0.727789 -0.654106
vn -0.218044 -0.688102 -0.692078
vn -0.244237 -0.582571 -0.775216
vn -0.276413 -0.392252 -0.877345
vn -0.293406 -0.215936 -0.931281
vn -0.298089 -0.126295 -0.946146
vn -0.298936 -0.101742 -0.948834
vn -0.300496 0 -0.953783
vn 0.290451 -0.086424 0.952979
vn 0.290413 -0.087925 0.952853
vn 0.290994 -0.061286 0.95476
vn 0.291482 0.020257 0.956362
vn 0.287546 0.164998 0.943447
vn 0.276736 0.314626 0.90798
vn 0.263635 0.426947 0.864993
vn 0.245663 0.538488 0.806027
vn 0.213437 0.6812 0.700293
vn 0.15668 0.843316 0.514071
vn 0.084047 0.957545 0.275761
vn 0.003071 0.999945 0.010076
vn -0.089074 0.952183 -0.292255
vn -0.163949 0.826899 -0.53792
vn -0.208404 0.699296 -0.683778
vn -0.239049 0.572439 -0.784327
vn -0.262993 0.431581 -0.862886
vn -0.278639 0.294204 -0.914223
vn -0.286965 0.176501 -0.94154
vn -0.29085 0.06888 -0.954286
vn -0.291357 -0.035663 -0.955949
vn -0.288877 -0.134914 -0.947812
vn -0.283844 -0.228285 -0.9313
vn -0.275074 -0.331336 -0.902525
vn -0.254369 -0.488624 -0.834591
vn -0.211425 -0.688543 -0.693692
vn -0.172699 -0.80567 -0.566631
vn -0.172031 -0.807349 -0.56444
vn -0.19022 -0.757821 -0.624119
vn -0.19994 -0.727789 -0.656009
vn -0.211547 -0.688102 -0.694092
vn -0.23696 -0.582571 -0.777471
vn -0.268177 -0.392252 -0.879897
vn -0.284664 -0.215936 -0.93399
vn -0.289208 -0.126295 -0.948899
vn -0.290029 -0.101742 -0.951594
vn -0.291542 0 -0.956558
vn 0.281494 -0.086723 0.955636
vn 0.281453 -0.088396 0.955495
vn 0.282019 -0.061781 0.957417
vn 0.2825 0.020487 0.959049
vn 0.278567 0.167508 0.945696
vn 0.26769 0.32012 0.908771
vn 0.254466 0.434698 0.863878
vn 0.236283 0.548386 0.802149
vn 0.203797 0.692671 0.691863
vn 0.147396 0.853162 0.500389
vn 0.076667 0.962486 0.260273
vn -0.000814 0.999996 -0.002763
vn -0.088024 0.950239 -0.298829
vn -0.15885 0.827012 -0.539275
vn -0.201222 0.702035 -0.683122
vn -0.230746 0.577163 -0.783351
vn -0.254126 0.437178 -0.862725
vn -0.269623 0.299109 -0.915335
vn -0.277954 0.179794 -0.943618
vn -0.281862 0.070214 -0.956882
vn -0.282373 -0.036325 -0.958617
vn -0.279889 -0.137148 -0.950186
vn -0.274879 -0.231558 -0.933179
vn -0.266199 -0.335331 -0.90371
vn -0.245843 -0.492948 -0.834604
vn -0.204158 -0.691336 -0.69309
vn -0.16713 -0.806314 -0.567384
vn -0.166731 -0.807349 -0.566028
vn -0.184359 -0.757821 -0.625875
vn -0.193779 -0.727789 -0.657855
vn -0.205029 -0.688102 -0.696045
vn -0.229658 -0.582571 -0.779659
vn -0.259914 -0.392252 -0.882373
vn -0.275893 -0.215936 -0.936619
vn -0.280296 -0.126295 -0.951569
vn -0.281093 -0.101742 -0.954272
vn -0.282559 0 -0.95925
vn 0.272511 -0.086999 0.958211
vn 0.272467 -0.088832 0.958056
vn 0.273018 -0.062242 0.959993
vn 0.27349 0.020702 0.961652
vn 0.269573 0.169875 0.947878
vn 0.258669 0.325313 0.909539
vn 0.245374 0.442019 0.862792
vn 0.227056 0.557704 0.79838
vn 0.194447 0.70336 0.683722
vn 0.138611 0.862113 0.487388
vn 0.069912 0.966789 0.245827
vn -0.004149 0.999885 -0.014588
vn -0.08671 0.948431 -0.304892
vn -0.153743 0.827115 -0.540596
vn -0.194124 0.704554 -0.682583
vn -0.222536 0.581542 -0.782488
vn -0.24532 0.442419 -0.862603
vn -0.260625 0.30374 -0.916415
vn -0.268933 0.182918 -0.94563
vn -0.272849 0.071481 -0.959398
vn -0.273362 -0.036953 -0.961201
vn -0.270883 -0.13926 -0.952486
vn -0.265912 -0.234636 -0.935006
vn -0.257344 -0.33907 -0.904879
vn -0.237377 -0.496965 -0.834672
vn -0.196973 -0.693905 -0.692602
vn -0.16158 -0.806905 -0.568152
vn -0.161414 -0.807349 -0.567567
vn -0.17848 -0.757821 -0.627577
vn -0.1876 -0.727789 -0.659643
vn -0.19849 -0.688102 -0.697938
vn -0.222335 -0.582571 -0.781779
vn -0.251626 -0.392252 -0.884773
vn -0.267095 -0.215936 -0.939166
vn -0.271358 -0.126295 -0.954156
vn -0.272129 -0.101742 -0.956867
vn -0.273548 0 -0.961858
vn 0.263505 -0.087219 0.960707
vn 0.263459 -0.089182 0.96054
vn 0.263994 -0.062612 0.96249
vn 0.264455 0.020877 0.964172
vn 0.26058 0.171799 0.950044
vn 0.249737 0.329546 0.910511
vn 0.236486 0.447982 0.862199
vn 0.218198 0.565273 0.795523
vn 0.185746 0.711959 0.677209
vn 0.130811 0.869157 0.476922
vn 0.064258 0.970044 0.234277
vn -0.006588 0.99969 -0.02402
vn -0.084986 0.94698 -0.309848
vn -0.148633 0.827196 -0.541899
vn -0.187183 0.706559 -0.682449
vn -0.214519 0.585051 -0.782111
vn -0.236661 0.446655 -0.862839
vn -0.251695 0.307511 -0.917652
vn -0.259923 0.185473 -0.94765
vn -0.263816 0.072519 -0.961843
vn -0.264327 -0.037466 -0.963705
vn -0.261871 -0.140981 -0.95475
vn -0.256968 -0.237136 -0.936875
vn -0.248554 -0.342091 -0.906198
vn -0.229046 -0.50019 -0.835074
vn -0.189944 -0.695951 -0.692513
vn -0.156073 -0.807373 -0.569025
vn -0.156082 -0.807349 -0.569057
vn -0.172585 -0.757821 -0.629224
vn -0.181403 -0.727789 -0.661374
vn -0.191934 -0.688102 -0.699769
vn -0.214991 -0.582571 -0.783831
vn -0.243314 -0.392252 -0.887094
vn -0.258272 -0.215936 -0.94163
vn -0.262395 -0.126295 -0.95666
vn -0.26314 -0.101742 -0.959378
vn -0.264513 0 -0.964382
vn 0.254478 -0.087345 0.963126
vn 0.254432 -0.089381 0.962951
vn 0.254949 -0.062825 0.964911
vn 0.255398 0.020977 0.966608
vn 0.251606 0.172913 0.952258
vn 0.240965 0.332001 0.911982
vn 0.227942 0.451437 0.862697
vn 0.209955 0.569649 0.794619
vn 0.178097 0.716897 0.674047
vn 0.124528 0.873137 0.471301
vn 0.060205 0.971831 0.22786
vn -0.007778 0.999536 -0.029436
vn -0.082699 0.946148 -0.312992
vn -0.143525 0.827243 -0.543203
vn -0.180481 0.707702 -0.68307
vn -0.206801 0.587061 -0.782683
vn -0.228244 0.449097 -0.863838
vn -0.242895 0.309697 -0.919288
vn -0.25095 0.186958 -0.949774
vn -0.25477 0.073123 -0.964233
vn -0.255272 -0.037765 -0.966131
vn -0.252866 -0.14198 -0.957027
vn -0.248077 -0.238581 -0.938902
vn -0.239879 -0.343833 -0.907875
vn -0.220928 -0.502041 -0.836149
vn -0.18315 -0.697117 -0.693169
vn -0.150635 -0.807639 -0.570112
vn -0.150737 -0.807349 -0.570496
vn -0.166674 -0.757821 -0.630815
vn -0.175191 -0.727789 -0.663047
vn -0.185361 -0.688102 -0.701539
vn -0.207628 -0.582571 -0.785813
vn -0.234981 -0.392252 -0.889338
vn -0.249427 -0.215936 -0.944011
vn -0.253409 -0.126295 -0.95908
vn -0.254129 -0.101742 -0.961804
vn -0.255454 0 -0.966821
vn 0.245434 -0.087336 0.965471
vn 0.245389 -0.089368 0.965296
vn 0.245889 -0.062811 0.967261
vn 0.246321 0.02097 0.968961
vn 0.242667 0.17284 0.954588
vn 0.232415 0.331839 0.914257
vn 0.21987 0.451209 0.864909
vn 0.202542 0.56936 0.796747
vn 0.17185 0.716573 0.676011
vn 0.120217 0.872877 0.4729
vn 0.058183 0.971715 0.228876
vn -0.007412 0.999547 -0.029156
vn -0.079721 0.946203 -0.313599
vn -0.138426 0.82724 -0.54453
vn -0.174085 0.707627 -0.684805
vn -0.199475 0.586929 -0.784681
vn -0.220152 0.448936 -0.866019
vn -0.234274 0.309553 -0.921571
vn -0.242036 0.18686 -0.952104
vn -0.245716 0.073083 -0.966583
vn -0.2462 -0.037745 -0.968484
vn -0.243882 -0.141914 -0.959366
vn -0.239266 -0.238486 -0.94121
vn -0.231364 -0.343718 -0.910125
vn -0.213094 -0.501919 -0.838253
vn -0.176659 -0.697041 -0.694929
vn -0.145288 -0.807622 -0.571523
vn -0.14538 -0.807349 -0.571885
vn -0.160751 -0.757821 -0.63235
vn -0.168964 -0.727789 -0.664661
vn -0.178773 -0.688102 -0.703246
vn -0.200249 -0.582571 -0.787726
vn -0.22663 -0.392252 -0.891503
vn -0.240563 -0.215936 -0.946309
vn -0.244402 -0.126295 -0.961414
vn -0.245097 -0.101742 -0.964145
vn -0.246375 0 -0.969174
vn 0.236376 -0.08716 0.967745
vn 0.236335 -0.089088 0.967579
vn 0.236814 -0.062513 0.969542
vn 0.237227 0.02083 0.971231
vn 0.233772 0.171281 0.957086
vn 0.224118 0.328405 0.917563
vn 0.212328 0.446374 0.869291
vn 0.196063 0.563235 0.802699
vn 0.167175 0.709651 0.684432
vn 0.118122 0.86728 0.483603
vn 0.058447 0.969188 0.239286
vn -0.005292 0.999751 -0.021668
vn -0.075963 0.94737 -0.310999
vn -0.133337 0.827175 -0.545897
vn -0.168038 0.706023 -0.687964
vn -0.192593 0.58411 -0.788494
vn -0.212429 0.445516 -0.869706
vn -0.225859 0.306495 -0.924688
vn -0.233192 0.184784 -0.954713
vn -0.236659 0.072238 -0.968904
vn -0.237113 -0.037328 -0.970765
vn -0.234924 -0.140517 -0.961803
vn -0.230549 -0.236463 -0.943892
vn -0.223033 -0.341279 -0.913118
vn -0.205582 -0.499325 -0.841671
vn -0.170513 -0.695404 -0.698097
vn -0.140045 -0.807248 -0.573357
vn -0.140012 -0.807349 -0.573222
vn -0.154815 -0.757821 -0.63383
vn -0.162726 -0.727789 -0.666216
vn -0.172173 -0.688102 -0.704891
vn -0.192855 -0.582571 -0.789568
vn -0.218263 -0.392252 -0.893588
vn -0.231681 -0.215936 -0.948523
vn -0.235379 -0.126295 -0.963663
vn -0.236047 -0.101742 -0.966401
vn -0.237279 0 -0.971442
vn 0.227305 -0.086794 0.969948
vn 0.227271 -0.088507 0.969801
vn 0.227729 -0.061898 0.971755
vn 0.228118 0.020542 0.973417
vn 0.224919 0.168106 0.959766
vn 0.216058 0.321431 0.921955
vn 0.205277 0.436547 0.87595
vn 0.190445 0.550741 0.812659
vn 0.163969 0.695383 0.699683
vn 0.118163 0.855454 0.504219
vn 0.060995 0.963606 0.260276
vn -0.001373 0.999982 -0.005859
vn -0.071398 0.949779 -0.304666
vn -0.128263 0.827038 -0.547318
vn -0.162342 0.702678 -0.69274
vn -0.186147 0.578276 -0.794321
vn -0.20506 0.438506 -0.875022
vn -0.217637 0.300278 -0.928691
vn -0.224415 0.180582 -0.957616
vn -0.227598 0.070533 -0.971197
vn -0.228014 -0.036483 -0.972974
vn -0.225993 -0.137681 -0.96435
vn -0.221923 -0.232336 -0.94698
vn -0.214879 -0.336278 -0.916921
vn -0.198386 -0.493968 -0.846545
vn -0.164715 -0.691991 -0.702864
vn -0.134911 -0.806465 -0.575685
vn -0.134635 -0.807349 -0.574509
vn -0.14887 -0.757821 -0.635252
vn -0.156477 -0.727789 -0.667711
vn -0.165561 -0.688102 -0.706474
vn -0.185449 -0.582571 -0.791341
vn -0.209881 -0.392252 -0.895594
vn -0.222783 -0.215936 -0.950652
vn -0.226339 -0.126295 -0.965826
vn -0.226982 -0.101742 -0.96857
vn -0.228166 0 -0.973622
vn 0.218225 -0.086232 0.972081
vn 0.218199 -0.087622 0.971963
vn 0.218634 -0.060969 0.9739
vn 0.218997 0.020111 0.975518
vn 0.216097 0.163411 0.9626
vn 0.208167 0.311162 0.927278
vn 0.198576 0.422057 0.884554
vn 0.18544 0.532228 0.826042
vn 0.161835 0.673885 0.720894
vn 0.11989 0.836909 0.53405
vn 0.065521 0.954214 0.291861
vn 0.00421 0.999815 0.018753
vn -0.066068 0.953427 -0.2943
vn -0.123201 0.826827 -0.548798
vn -0.156956 0.697527 -0.699157
vn -0.180064 0.56941 -0.802091
vn -0.197962 0.428022 -0.881821
vn -0.209555 0.291108 -0.933458
vn -0.215683 0.174431 -0.960757
vn -0.218533 0.068044 -0.973454
vn -0.218905 -0.035247 -0.975109
vn -0.21708 -0.133505 -0.966981
vn -0.213363 -0.226212 -0.950423
vn -0.206863 -0.328796 -0.921467
vn -0.19145 -0.485857 -0.852813
vn -0.159222 -0.68674 -0.709251
vn -0.129876 -0.805253 -0.578533
vn -0.12925 -0.807349 -0.575744
vn -0.142916 -0.757821 -0.636618
vn -0.150219 -0.727789 -0.669147
vn -0.158939 -0.688102 -0.707993
vn -0.178032 -0.582571 -0.793042
vn -0.201487 -0.392252 -0.897519
vn -0.213873 -0.215936 -0.952696
vn -0.217287 -0.126295 -0.967903
vn -0.217904 -0.101742 -0.970652
vn -0.219041 0 -0.975716
vn 0.209137 -0.08549 0.974142
vn 0.209119 -0.086463 0.97406
vn 0.20953 -0.059767 0.975974
vn 0.209865 0.019561 0.977535
vn 0.207285 0.15751 0.965517
vn 0.200346 0.298338 0.933197
vn 0.192019 0.403936 0.894407
vn 0.180687 0.50894 0.841625
vn 0.160178 0.646287 0.746094
vn 0.122555 0.811855 0.570851
vn 0.071413 0.940347 0.332637
vn 0.01112 0.998596 0.051797
vn -0.060093 0.958145 -0.279907
vn -0.11815 0.826543 -0.550334
vn -0.151794 0.690687 -0.707043
vn -0.174209 0.557848 -0.811454
vn -0.19101 0.414653 -0.889707
vn -0.201532 0.279625 -0.93872
vn -0.206964 0.166806 -0.964024
vn -0.209462 0.06497 -0.975656
vn -0.209786 -0.033716 -0.977166
vn -0.208171 -0.128287 -0.969643
vn -0.204834 -0.218481 -0.954101
vn -0.198921 -0.319247 -0.926559
vn -0.184676 -0.475335 -0.860204
vn -0.153949 -0.679772 -0.717084
vn -0.124921 -0.803628 -0.581874
vn -0.12386 -0.807349 -0.576928
vn -0.136955 -0.757821 -0.637927
vn -0.143953 -0.727789 -0.670523
vn -0.15231 -0.688102 -0.709448
vn -0.170607 -0.582571 -0.794673
vn -0.193083 -0.392252 -0.899365
vn -0.204953 -0.215936 -0.954655
vn -0.208224 -0.126295 -0.969893
vn -0.208816 -0.101742 -0.972648
vn -0.209905 0 -0.977722
vn 0.200041 -0.084604 0.976128
vn 0.200033 -0.085092 0.976087
vn 0.200419 -0.058366 0.97797
vn 0.200725 0.018932 0.979465
vn 0.198463 0.150873 0.968426
vn 0.192493 0.284027 0.939295
vn 0.185394 0.383701 0.904656
vn 0.175814 0.482791 0.857906
vn 0.158364 0.614629 0.772756
vn 0.125268 0.781451 0.611263
vn 0.077837 0.921781 0.379816
vn 0.018833 0.99559 0.091898
vn -0.053666 0.963609 -0.261872
vn -0.113105 0.826198 -0.55191
vn -0.146741 0.682461 -0.716041
vn -0.168422 0.54426 -0.821836
vn -0.184057 0.399361 -0.898128
vn -0.193486 0.26677 -0.944138
vn -0.198228 0.15837 -0.967277
vn -0.20038 0.061584 -0.977781
vn -0.200658 -0.032023 -0.979138
vn -0.19925 -0.122457 -0.972267
vn -0.196296 -0.209741 -0.95785
vn -0.190981 -0.308308 -0.931918
vn -0.177942 -0.463045 -0.868289
vn -0.148783 -0.6714 -0.726007
vn -0.120013 -0.801651 -0.585621
vn -0.118464 -0.807349 -0.57806
vn -0.130989 -0.757821 -0.639179
vn -0.137682 -0.727789 -0.671838
vn -0.145675 -0.688102 -0.71084
vn -0.163175 -0.582571 -0.796232
vn -0.184672 -0.392252 -0.90113
vn -0.196025 -0.215936 -0.956528
vn -0.199154 -0.126295 -0.971796
vn -0.199719 -0.101742 -0.974557
vn -0.200761 0 -0.97964
vn 0.19094 -0.083628 0.978033
vn 0.190941 -0.083599 0.978035
vn 0.191301 -0.056864 0.979883
vn 0.191579 0.018269 0.981307
vn 0.189614 0.144026 0.971238
vn 0.184527 0.269399 0.945184
vn 0.17854 0.363018 0.914517
vn 0.170535 0.455948 0.873516
vn 0.155886 0.581488 0.79848
vn 0.127216 0.747799 0.651624
vn 0.083878 0.899096 0.429641
vn 0.026682 0.990258 0.136668
vn -0.047052 0.969381 -0.24101
vn -0.108059 0.825809 -0.553501
vn -0.141668 0.673323 -0.725649
vn -0.162538 0.529565 -0.832552
vn -0.176976 0.383313 -0.906505
vn -0.185348 0.253585 -0.94939
vn -0.189449 0.149819 -0.970393
vn -0.191287 0.058167 -0.979809
vn -0.191523 -0.030308 -0.98102
vn -0.190307 -0.116487 -0.974789
vn -0.187714 -0.200677 -0.961505
vn -0.182977 -0.296805 -0.937244
vn -0.17113 -0.449839 -0.876561
vn -0.143595 -0.662111 -0.73552
vn -0.115114 -0.799425 -0.589634
vn -0.113065 -0.807349 -0.57914
vn -0.125019 -0.757821 -0.640373
vn -0.131407 -0.727789 -0.673094
vn -0.139036 -0.688102 -0.712169
vn -0.155738 -0.582571 -0.79772
vn -0.176255 -0.392252 -0.902813
vn -0.187091 -0.215936 -0.958315
vn -0.190077 -0.126295 -0.973612
vn -0.190617 -0.101742 -0.976378
vn -0.191611 0 -0.981471
vn 0.181834 -0.082626 0.979852
vn 0.181843 -0.082086 0.979895
vn 0.182178 -0.055368 0.981705
vn 0.18243 0.017621 0.983061
vn 0.180726 0.137468 0.973879
vn 0.176401 0.255522 0.950574
vn 0.171362 0.343412 0.923419
vn 0.164691 0.430431 0.887472
vn 0.152447 0.549467 0.82149
vn 0.127821 0.713607 0.688787
vn 0.088723 0.873813 0.478099
vn 0.033944 0.982542 0.182916
vn -0.040562 0.974977 -0.218575
vn -0.103006 0.8254 -0.555071
vn -0.136449 0.66388 -0.735285
vn -0.156423 0.514807 -0.842915
vn -0.169677 0.367684 -0.91434
vn -0.177079 0.241029 -0.954226
vn -0.180615 0.14177 -0.973283
vn -0.182183 0.054963 -0.981727
vn -0.182383 -0.028694 -0.982809
vn -0.181335 -0.11081 -0.977159
vn -0.179066 -0.191948 -0.964931
vn -0.17486 -0.285573 -0.942269
vn -0.164144 -0.436662 -0.884524
vn -0.138261 -0.652524 -0.745048
vn -0.11018 -0.797089 -0.593725
vn -0.107664 -0.807349 -0.580169
vn -0.119047 -0.757821 -0.64151
vn -0.12513 -0.727789 -0.674289
vn -0.132394 -0.688102 -0.713433
vn -0.148299 -0.582571 -0.799136
vn -0.167836 -0.392252 -0.904417
vn -0.178154 -0.215936 -0.960017
vn -0.180997 -0.126295 -0.975341
vn -0.181512 -0.101742 -0.978112
vn -0.182458 0 -0.983214
vn 0.172725 -0.081671 0.981578
vn 0.17274 -0.080661 0.981659
vn 0.173052 -0.05398 0.983432
vn 0.173279 0.017031 0.984725
vn 0.171797 0.13161 0.976301
vn 0.168099 0.24324 0.955289
vn 0.163832 0.326087 0.931035
vn 0.158235 0.407853 0.899232
vn 0.147949 0.520778 0.840774
vn 0.126802 0.681659 0.720599
vn 0.091794 0.848204 0.521655
vn 0.039956 0.97306 0.227063
vn -0.034526 0.979954 -0.196209
vn -0.09794 0.825001 -0.556579
vn -0.130982 0.654812 -0.744355
vn -0.149983 0.501033 -0.852333
vn -0.162114 0.353517 -0.921273
vn -0.168663 0.229879 -0.958493
vn -0.171725 0.134694 -0.975893
vn -0.173069 0.052157 -0.983528
vn -0.17324 -0.027276 -0.984502
vn -0.172332 -0.105772 -0.979344
vn -0.170342 -0.184114 -0.968032
vn -0.166605 -0.275362 -0.946794
vn -0.15692 -0.424436 -0.891757
vn -0.13268 -0.643328 -0.754006
vn -0.105172 -0.794809 -0.597677
vn -0.102262 -0.807349 -0.581145
vn -0.113075 -0.757821 -0.64259
vn -0.118852 -0.727789 -0.675424
vn -0.125752 -0.688102 -0.714634
vn -0.140858 -0.582571 -0.800481
vn -0.159415 -0.392252 -0.905939
vn -0.169216 -0.215936 -0.961633
vn -0.171917 -0.126295 -0.976982
vn -0.172405 -0.101742 -0.979758
vn -0.173304 0 -0.984868
vn 0.163615 -0.080833 0.983207
vn 0.163633 -0.079423 0.983319
vn 0.163923 -0.052793 0.985059
vn 0.16413 0.016534 0.9863
vn 0.162828 0.126762 0.978478
vn 0.159628 0.233159 0.959248
vn 0.155964 0.311894 0.937229
vn 0.151199 0.38935 0.908595
vn 0.142437 0.49706 0.855946
vn 0.124128 0.654367 0.745919
vn 0.092806 0.824839 0.557699
vn 0.044204 0.96306 0.265635
vn -0.029257 0.983988 -0.175815
vn -0.092853 0.824643 -0.55798
vn -0.125191 0.64681 -0.752306
vn -0.143169 0.489193 -0.860345
vn -0.154275 0.341649 -0.927079
vn -0.160104 0.220699 -0.962111
vn -0.162782 0.128919 -0.978203
vn -0.163948 0.049873 -0.985207
vn -0.164096 -0.026118 -0.986099
vn -0.163302 -0.101626 -0.981328
vn -0.161542 -0.177604 -0.970753
vn -0.158203 -0.266782 -0.950684
vn -0.149425 -0.413978 -0.897939
vn -0.126779 -0.635223 -0.761852
vn -0.100055 -0.792765 -0.601259
vn -0.096862 -0.807349 -0.58207
vn -0.107103 -0.757821 -0.643612
vn -0.112576 -0.727789 -0.676498
vn -0.119111 -0.688102 -0.715771
vn -0.13342 -0.582571 -0.801755
vn -0.150997 -0.392252 -0.90738
vn -0.160279 -0.215936 -0.963163
vn -0.162838 -0.126295 -0.978536
vn -0.1633 -0.101742 -0.981316
vn -0.164152 0 -0.986435
vn 0.154505 -0.080176 0.984734
vn 0.154526 -0.078463 0.984868
vn 0.154795 -0.051884 0.986583
vn 0.154983 0.016159 0.987785
vn 0.153824 0.123143 0.980395
vn 0.151005 0.225686 0.962426
vn 0.147796 0.30139 0.941977
vn 0.143651 0.375662 0.915556
vn 0.13603 0.479413 0.866983
vn 0.119923 0.633576 0.76433
vn 0.091721 0.806134 0.584581
vn 0.046388 0.954168 0.295655
vn -0.025005 0.986902 -0.15937
vn -0.087743 0.824358 -0.559227
vn -0.119034 0.640519 -0.758661
vn -0.135972 0.480087 -0.866619
vn -0.146173 0.332707 -0.931633
vn -0.151417 0.213877 -0.965054
vn -0.153795 0.124654 -0.980208
vn -0.154824 0.04819 -0.986766
vn -0.154954 -0.025263 -0.987599
vn -0.154249 -0.098546 -0.983105
vn -0.152674 -0.17273 -0.973065
vn -0.14966 -0.260302 -0.953858
vn -0.141656 -0.405967 -0.902842
vn -0.120519 -0.628857 -0.768124
vn -0.094806 -0.791137 -0.604246
vn -0.091464 -0.807349 -0.582942
vn -0.101134 -0.757821 -0.644577
vn -0.106302 -0.727789 -0.677512
vn -0.112473 -0.688102 -0.716844
vn -0.125984 -0.582571 -0.802957
vn -0.142581 -0.392252 -0.90874
vn -0.151347 -0.215936 -0.964607
vn -0.153762 -0.126295 -0.980003
vn -0.154199 -0.101742 -0.982787
vn -0.155004 0 -0.987914
vn 0.145397 -0.079758 0.986153
vn 0.145419 -0.077855 0.986302
vn 0.145669 -0.051312 0.988002
vn 0.145843 0.015925 0.98918
vn 0.144791 0.12091 0.982047
vn 0.142252 0.221097 0.964821
vn 0.139373 0.294949 0.945294
vn 0.135668 0.367273 0.920166
vn 0.128859 0.46856 0.873984
vn 0.114375 0.620594 0.775746
vn 0.088659 0.794066 0.601331
vn 0.046414 0.948022 0.314801
vn -0.021924 0.988639 -0.1487
vn -0.082607 0.824174 -0.56028
vn -0.1125 0.636494 -0.763033
vn -0.128407 0.474351 -0.870921
vn -0.137835 0.327156 -0.934864
vn -0.142619 0.209681 -0.967313
vn -0.144771 0.122043 -0.98191
vn -0.145699 0.047162 -0.988204
vn -0.145817 -0.024739 -0.989002
vn -0.145179 -0.096651 -0.984673
vn -0.143745 -0.169716 -0.974953
vn -0.14099 -0.256271 -0.956267
vn -0.133625 -0.400934 -0.906309
vn -0.113888 -0.624787 -0.772445
vn -0.089413 -0.790085 -0.606441
vn -0.086069 -0.807349 -0.583763
vn -0.095169 -0.757821 -0.645485
vn -0.100032 -0.727789 -0.678467
vn -0.105839 -0.688102 -0.717853
vn -0.118553 -0.582571 -0.804087
vn -0.134172 -0.392252 -0.91002
vn -0.14242 -0.215936 -0.965965
vn -0.144694 -0.126295 -0.981383
vn -0.145105 -0.101742 -0.984171
vn -0.145861 0 -0.989305
vn 0.136294 -0.079619 0.987464
vn 0.136315 -0.077655 0.987617
vn 0.136549 -0.051125 0.989313
vn 0.136711 0.015849 0.990484
vn 0.135737 0.120186 0.983428
vn 0.13339 0.219611 0.966425
vn 0.130733 0.292864 0.947174
vn 0.127318 0.364559 0.922435
vn 0.121044 0.465043 0.876974
vn 0.107669 0.616357 0.780072
vn 0.083818 0.790062 0.607269
vn 0.044357 0.945913 0.321373
vn -0.020049 0.989191 -0.145254
vn -0.077446 0.824112 -0.561107
vn -0.105606 0.635163 -0.765125
vn -0.120505 0.472469 -0.87307
vn -0.129289 0.325348 -0.936714
vn -0.133728 0.208321 -0.968875
vn -0.13572 0.121198 -0.983306
vn -0.136578 0.046829 -0.989522
vn -0.136687 -0.024569 -0.99031
vn -0.136096 -0.096036 -0.98603
vn -0.134768 -0.168736 -0.976405
vn -0.13221 -0.254957 -0.957871
vn -0.125356 -0.399285 -0.908217
vn -0.106904 -0.623441 -0.774528
vn -0.083876 -0.789735 -0.607687
vn -0.08068 -0.807349 -0.584532
vn -0.08921 -0.757821 -0.646335
vn -0.093768 -0.727789 -0.679361
vn -0.099212 -0.688102 -0.718799
vn -0.11113 -0.582571 -0.805147
vn -0.12577 -0.392252 -0.911219
vn -0.133502 -0.215936 -0.967238
vn -0.135633 -0.126295 -0.982677
vn -0.136019 -0.101742 -0.985468
vn -0.136728 0 -0.990609
vn 0.127199 -0.07979 0.988663
vn 0.127218 -0.077902 0.988811
vn 0.127437 -0.051356 0.990516
vn 0.127589 0.015943 0.991699
vn 0.126667 0.12108 0.984528
vn 0.124438 0.221445 0.967201
vn 0.12191 0.295437 0.947552
vn 0.118656 0.367909 0.92226
vn 0.112675 0.469383 0.875776
vn 0.09996 0.621584 0.776944
vn 0.077407 0.794997 0.601655
vn 0.04042 0.948507 0.314165
vn -0.019289 0.988509 -0.149924
vn -0.072265 0.824188 -0.561687
vn -0.098387 0.636804 -0.764723
vn -0.112306 0.47479 -0.872905
vn -0.120565 0.327578 -0.9371
vn -0.12476 0.21 -0.969709
vn -0.126649 0.12224 -0.984387
vn -0.127463 0.047239 -0.990718
vn -0.127566 -0.024778 -0.99152
vn -0.127006 -0.096794 -0.987168
vn -0.125749 -0.169945 -0.977397
vn -0.123334 -0.256578 -0.958622
vn -0.116879 -0.401319 -0.908451
vn -0.099602 -0.6251 -0.774164
vn -0.078209 -0.790166 -0.607882
vn -0.075297 -0.807349 -0.58525
vn -0.083258 -0.757821 -0.647129
vn -0.087512 -0.727789 -0.680195
vn -0.092592 -0.688102 -0.719682
vn -0.103715 -0.582571 -0.806136
vn -0.117379 -0.392252 -0.912338
vn -0.124595 -0.215936 -0.968425
vn -0.126584 -0.126295 -0.983883
vn -0.126943 -0.101742 -0.986678
vn -0.127606 0 -0.991825
vn 0.118114 -0.080281 0.989749
vn 0.11813 -0.078616 0.989881
vn 0.118336 -0.052028 0.99161
vn 0.118481 0.016218 0.992824
vn 0.117586 0.123712 0.985327
vn 0.115407 0.226858 0.967066
vn 0.112925 0.303035 0.946265
vn 0.109714 0.377806 0.919361
vn 0.103811 0.482182 0.869899
vn 0.091358 0.636864 0.765544
vn 0.06963 0.809144 0.58347
vn 0.034897 0.955651 0.292427
vn -0.01944 0.986452 -0.162897
vn -0.067069 0.824404 -0.562014
vn -0.090899 0.641527 -0.761696
vn -0.103854 0.481533 -0.870253
vn -0.111687 0.334117 -0.935891
vn -0.115727 0.214948 -0.969745
vn -0.117562 0.125322 -0.985126
vn -0.118357 0.048454 -0.991788
vn -0.118458 -0.025396 -0.992634
vn -0.117914 -0.099029 -0.988074
vn -0.1167 -0.173497 -0.977896
vn -0.114379 -0.261325 -0.95845
vn -0.108226 -0.407238 -0.906887
vn -0.092036 -0.629876 -0.771223
vn -0.072437 -0.791399 -0.606993
vn -0.069922 -0.807349 -0.585917
vn -0.077315 -0.757821 -0.647866
vn -0.081265 -0.727789 -0.680969
vn -0.085983 -0.688102 -0.720501
vn -0.096312 -0.582571 -0.807054
vn -0.109 -0.392252 -0.913377
vn -0.115701 -0.215936 -0.969528
vn -0.117548 -0.126295 -0.985004
vn -0.117882 -0.101742 -0.987802
vn -0.118497 0 -0.992954
vn 0.109043 -0.081088 0.990724
vn 0.109054 -0.079798 0.990828
vn 0.109249 -0.053151 0.992592
vn 0.109388 0.016683 0.993859
vn 0.1085 0.12821 0.985794
vn 0.106309 0.236161 0.965881
vn 0.103793 0.316118 0.943025
vn 0.100513 0.394857 0.913228
vn 0.094483 0.504136 0.85844
vn 0.081941 0.66259 0.744487
vn 0.060691 0.832021 0.551414
vn 0.028176 0.966266 0.255999
vn -0.020206 0.982796 -0.183585
vn -0.061867 0.824753 -0.562099
vn -0.083209 0.649249 -0.75601
vn -0.095198 0.492771 -0.864936
vn -0.102678 0.345206 -0.932893
vn -0.106637 0.223436 -0.968868
vn -0.108466 0.130636 -0.985479
vn -0.109263 0.050552 -0.992727
vn -0.109365 -0.026462 -0.993649
vn -0.108823 -0.102862 -0.988725
vn -0.107625 -0.179551 -0.977844
vn -0.10536 -0.269357 -0.95726
vn -0.099431 -0.417134 -0.90339
vn -0.084272 -0.637693 -0.765667
vn -0.066595 -0.793391 -0.605058
vn -0.064556 -0.807349 -0.586532
vn -0.071382 -0.757821 -0.648547
vn -0.075029 -0.727789 -0.681685
vn -0.079384 -0.688102 -0.721258
vn -0.088921 -0.582571 -0.807901
vn -0.100635 -0.392252 -0.914336
vn -0.106822 -0.215936 -0.970547
vn -0.108527 -0.126295 -0.986038
vn -0.108835 -0.101742 -0.988839
vn -0.109403 0 -0.993997
vn 0.099988 -0.082183 0.991589
vn 0.099995 -0.081422 0.991651
vn 0.100177 -0.054718 0.993464
vn 0.100313 0.017343 0.994805
vn 0.099413 0.134702 0.985887
vn 0.097149 0.249708 0.963436
vn 0.094523 0.335207 0.937391
vn 0.091062 0.41974 0.903065
vn 0.084703 0.53592 0.840009
vn 0.071779 0.698671 0.711833
vn 0.050844 0.862077 0.50422
vn 0.020742 0.978395 0.2057
vn -0.021239 0.977335 -0.210629
vn -0.056667 0.825216 -0.561967
vn -0.075401 0.659676 -0.747758
vn -0.086396 0.508373 -0.856792
vn -0.093561 0.361018 -0.927854
vn -0.0975 0.235755 -0.966909
vn -0.099362 0.138415 -0.985377
vn -0.100183 0.053631 -0.993523
vn -0.100288 -0.028022 -0.994564
vn -0.099736 -0.108427 -0.989089
vn -0.098534 -0.188253 -0.977165
vn -0.096292 -0.280772 -0.954932
vn -0.090534 -0.430943 -0.897826
vn -0.076391 -0.648259 -0.757578
vn -0.060723 -0.796036 -0.602195
vn -0.059201 -0.807349 -0.587097
vn -0.06546 -0.757821 -0.649171
vn -0.068805 -0.727789 -0.682341
vn -0.072799 -0.688102 -0.721953
vn -0.081544 -0.582571 -0.808679
vn -0.092287 -0.392252 -0.915216
vn -0.097961 -0.215936 -0.971481
vn -0.099524 -0.126295 -0.986988
vn -0.099807 -0.101742 -0.989791
vn -0.100328 0 -0.994954
vn 0.090953 -0.083517 0.992347
vn 0.090954 -0.083431 0.992354
vn 0.091125 -0.056696 0.994224
vn 0.091257 0.018195 0.995661
vn 0.09033 0.143278 0.985552
vn 0.087938 0.267808 0.959451
vn 0.085125 0.360769 0.928762
vn 0.081369 0.453024 0.887777
vn 0.074492 0.577843 0.812741
vn 0.060987 0.743987 0.665404
vn 0.040458 0.896388 0.44142
vn 0.013182 0.989515 0.143824
vn -0.022182 0.970018 -0.242018
vn -0.051479 0.825764 -0.561661
vn -0.067568 0.672281 -0.737206
vn -0.077517 0.527914 -0.845753
vn -0.084368 0.381541 -0.920494
vn -0.088323 0.252148 -0.96365
vn -0.090255 0.148893 -0.984726
vn -0.09112 0.057798 -0.994161
vn -0.091231 -0.030123 -0.995374
vn -0.090658 -0.115837 -0.989122
vn -0.089434 -0.199683 -0.975771
vn -0.087195 -0.295534 -0.951345
vn -0.081584 -0.448361 -0.890122
vn -0.068485 -0.661052 -0.747208
vn -0.054864 -0.799169 -0.598597
vn -0.053857 -0.807349 -0.587611
vn -0.059552 -0.757821 -0.64974
vn -0.062595 -0.727789 -0.682939
vn -0.066228 -0.688102 -0.722585
vn -0.074184 -0.582571 -0.809387
vn -0.083957 -0.392252 -0.916018
vn -0.089119 -0.215936 -0.972332
vn -0.090541 -0.126295 -0.987852
vn -0.090799 -0.101742 -0.990658
vn -0.091272 0 -0.995826
vn 0.081941 -0.085017 0.993004
vn 0.081936 -0.085729 0.992944
vn 0.082096 -0.059014 0.994876
vn 0.082224 0.019221 0.996429
vn 0.081259 0.153912 0.984738
vn 0.078691 0.290564 0.953614
vn 0.075624 0.392945 0.916447
vn 0.071468 0.494753 0.86609
vn 0.06392 0.629194 0.774616
vn 0.049816 0.795655 0.603698
vn 0.030084 0.930687 0.364577
vn 0.006145 0.997204 0.074474
vn -0.022718 0.961088 -0.275306
vn -0.046312 0.82636 -0.561235
vn -0.059814 0.686301 -0.724854
vn -0.068653 0.55056 -0.831968
vn -0.075142 0.406396 -0.910602
vn -0.079123 0.272648 -0.958855
vn -0.08115 0.162214 -0.983413
vn -0.082075 0.063125 -0.994625
vn -0.082195 -0.032795 -0.996077
vn -0.081593 -0.125121 -0.988781
vn -0.080338 -0.213749 -0.97358
vn -0.078097 -0.313343 -0.946423
vn -0.072645 -0.468733 -0.880348
vn -0.060654 -0.675307 -0.735039
vn -0.04906 -0.802577 -0.594528
vn -0.048527 -0.807349 -0.588075
vn -0.053658 -0.757821 -0.650253
vn -0.0564 -0.727789 -0.683478
vn -0.059674 -0.688102 -0.723156
vn -0.066842 -0.582571 -0.810027
vn -0.075648 -0.392252 -0.916742
vn -0.080299 -0.215936 -0.9731
vn -0.081581 -0.126295 -0.988632
vn -0.081812 -0.101742 -0.991441
vn -0.082239 0 -0.996613
vn 0.072955 -0.086585 0.99357
vn 0.072945 -0.088177 0.99343
vn 0.073091 -0.06155 0.995424
vn 0.073215 0.02038 0.997108
vn 0.07221 0.166335 0.983422
vn 0.06944 0.317549 0.945696
vn 0.066077 0.431072 0.899895
vn 0.061458 0.543759 0.836988
vn 0.053191 0.687324 0.724401
vn 0.038741 0.848603 0.52761
vn 0.020448 0.960225 0.278477
vn 0.000245 0.999994 0.003332
vn -0.02261 0.951144 -0.307918
vn -0.041175 0.82696 -0.560752
vn -0.052242 0.700763 -0.711478
vn -0.059915 0.574965 -0.815982
vn -0.065954 0.434566 -0.898222
vn -0.06993 0.296814 -0.952371
vn -0.072058 0.178252 -0.981343
vn -0.073053 0.069589 -0.994897
vn -0.073183 -0.036015 -0.996668
vn -0.072549 -0.136103 -0.988035
vn -0.071267 -0.230028 -0.970571
vn -0.069039 -0.333467 -0.940231
vn -0.063798 -0.490934 -0.868858
vn -0.053002 -0.690039 -0.721829
vn -0.043345 -0.806015 -0.590305
vn -0.043211 -0.807349 -0.58849
vn -0.04778 -0.757821 -0.650711
vn -0.050221 -0.727789 -0.68396
vn -0.053137 -0.688102 -0.723666
vn -0.05952 -0.582571 -0.810598
vn -0.067361 -0.392252 -0.917388
vn -0.071503 -0.215936 -0.973786
vn -0.072644 -0.126295 -0.989329
vn -0.07285 -0.101742 -0.99214
vn -0.07323 0 -0.997315
f 1/1/1 38/38/38 39/39/39
f 1/1/1 39/39/39 2/2/2
f 2/2/2 39/39/39 40/40/40
f 2/2/2 40/40/40 3/3/3
f 3/3/3 40/40/40 41/41/41
f 3/3/3 41/41/41 4/4/4
f 4/4/4 41/41/41 42/42/42
f 4/4/4 42/42/42 5/5/5
f 5/5/5 42/42/42 43/43/43
f 5/5/5 43/43/43 6/6/6
f 6/6/6 43/43/43 44/44/44
f 6/6/6 44/44/44 7/7/7
f 7/7/7 44/44/44 45/45/45
f 7/7/7 45/45/45 8/8/8
f 8/8/8 45/45/45 46/46/46
f 8/8/8 46/46/46 9/9/9
f 9/9/9 46/46/46 47/47/47
f 9/9/9 47/47/47 10/10/10
f 10/10/10 47/47/47 48/48/48
f 10/10/10 48/48/48 11/11/11
f 11/11/11 48/48/48 49/49/49
f 11/11/11 49/49/49 12/12/12
f 12/12/12 49/49/49 50/50/50
f 12/12/12 50/50/50 13/13/13
f 13/13/13 50/50/50 51/51/51
f 13/13/13 51/51/51 14/14/14
f 14/14/14 51/51/51 52/52/52
f 14/14/14 52/52/52 15/15/15
f 15/15/15 52/52/52 53/53/53
f 15/15/15 53/53/53 16/16/16
f 16/16/16 53/53/53 54/54/54
f 16/16/16 54/54/54 17/17/17
f 17/17/17 54/54/54 55/55/55
f 17/17/17 55/55/55 18/18/18
f 18/18/18 55/55/55 56/56/56
f 18/18/18 56/56/56 19/19/19
f 19/19/19 56/56/56 57/57/57
f 19/19/19 57/57/57 20/20/20
f 20/20/20 57/57/57 58/58/58
f 20/20/20 58/58/58 21/21/21
f 21/21/21 58/58/58 59/59/59
f 21/21/21 59/59/59 22/22/22
f 22/22/22 59/59/59 60/60/60
f 22/22/22 60/60/60 23/23/23
f 23/23/23 60/60/60 61/61/61
f 23/23/23 61/61/61 24/24/24
f 24/24/24 61/61/61 62/62/62
f 24/24/24 62/62/62 25/25/25
f 25/25/25 62/62/62 63/63/63
f 25/25/25 63/63/63 26/26/26
f 26/26/26 63/63/63 64/64/64
f 26/26/26 64/64/64 27/27/27
f 27/27/27 64/64/64 65/65/65
f 27/27/27 65/65/65 28/28/28
f 28/28/28 65/65/65 66/66/66
f 28/28/28 66/66/66 29/29/29
f 29/29/29 66/66/66 67/67/67
f 29/29/29 67/67/67 30/30/30
f 30/30/30 67/67/67 68/68/68
f 30/30/30 68/68/68 31/31/31
f 31/31/31 68/68/68 69/69/69
f 31/31/31 69/69/69 32/32/32
f 32/32/32 69/69/69 70/70/70
f 32/32/32 70/70/70 33/33/33
f 33/33/33 70/70/70 71/71/71
f 33/33/33 71/71/71 34/34/34
f 34/34/34 71/71/71 72/72/72
f 34/34/34 72/72/72 35/35/35
f 35/35/35 72/72/72 73/73/73
f 35/35/35 73/73/73 36/36/36
f 36/36/36 73/73/73 74/74/74
f 36/36/36 74/74/74 37/37/37
f 38/38/38 75/75/75 76/76/76
f 38/38/38 76/76/76 39/39/39
f 39/39/39 76/76/76 77/77/77
f 39/39/39 77/77/77 40/40/40
f 40/40/40 77/77/77 78/78/78
f 40/40/40 78/78/78 41/41/41
f 41/41/41 78/78/78 79/79/79
f 41/41/41 79/79/79 42/42/42
f 42/42/42 79/79/79 80/80/80
f 42/42/42 80/80/80 43/43/43
f 43/43/43 80/80/80 81/81/81
f 43/43/43 81/81/81 44/44/44
f 44/44/44 81/81/81 82/82/82
f 44/44/44 82/82/82 45/45/45
f 45/45/45 82/82/82 83/83/83
f 45/45/45 83/83/83 46/46/46
f 46/46/46 83/83/83 84/84/84
f 46/46/46 84/84/84 47/47/47
f 47/47/47 84/84/84 85/85/85
f 47/47/47 85/85/85 48/48/48
f 48/48/48 85/85/85 86/86/86
f 48/48/48 86/86/86 49/49/49
f 49/49/49 86/86/86 87/87/87
f 49/49/49 87/87/87 50/50/50
f 50/50/50 87/87/87 88/88/88
f 50/50/50 88/88/88 51/51/51
f 51/51/51 88/88/88 89/89/89
f 51/51/51 89/89/89 52/52/52
f 52/52/52 89/89/89 90/90/90
f 52/52/52 90/90/90 53/53/53
f 53/53/53 90/90/90 91/91/91
f 53/53/53 91/91/91 54/54/54
f 54/54/54 91/91/91 92/92/92
f 54/54/54 92/92/92 55/55/55
f 55/55/55 92/92/92 93/93/93
f 55/55/55 93/93/93 56/56/56
f 56/56/56 93/93/93 94/94/94
f 56/56/56 94/94/94 57/57/57
f 57/57/57 94/94/94 95/95/95
f 57/57/57 95/95/95 58/58/58
f 58/58/58 95/95/95 96/96/96
f 58/58/58 96/96/96 59/59/59
f 59/59/59 96/96/96 97/97/97
f 59/59/59 97/97/97 60/60/60
f 60/60/60 97/97/97 98/98/98
f 60/60/60 98/98/98 61/61/61
f 61/61/61 98/98/98 99/99/99
f 61/61/61 99/99/99 62/62/62
f 62/62/62 99/99/99 100/100/100
f 62/62/62 100/100/100 63/63/63
f 63/63/63 100/100/100 101/101/101
f 63/63/63 101/101/101 64/64/64
f 64/64/64 101/101/101 102/102/102
f 64/64/64 102/102/102 65/65/65
f 65/65/65 102/102/102 103/103/103
f 65/65/65 103/103/103 66/66/66
f 66/66/66 103/103/103 104/104/104
f 66/66/66 104/104/104 67/67/67
f 67/67/67 104/104/104 105/105/105
f 67/67/67 105/105/105 68/68/68
f 68/68/68 105/105/105 106/106/106
f 68/68/68 106/106/106 69/69/69
f 69/69/69 106/106/106 107/107/107
f 69/69/69 107/107/107 70/70/70
f 70/70/70 107/107/107 108/108/108
f 70/70/70 108/108/108 71/71/71
f 71/71/71 108/108/108 109/109/109
f 71/71/71 109/109/109 72/72/72
f 72/72/72 109/109/109 110/110/110
f 72/72/72 110/110/110 73/73/73
f 73/73/73 110/110/110 111/111/111
f 73/73/73 111/111/111 74/74/74
f 75/75/75 112/112/112 113/113/113
f 75/75/75 113/113/113 76/76/76
f 76/76/76 113/113/113 114/114/114
f 76/76/76 114/114/114 77/77/77
f 77/77/77 114/114/114 115/115/115
f 77/77/77 115/115/115 78/78/78
f 78/78/78 115/115/115 116/116/116
f 78/78/78 116/116/116 79/79/79
f 79/79/79 116/116/116 117/117/117
f 79/79/79 117/117/117 80/80/80
f 80/80/80 117/117/117 118/118/118
f 80/80/80 118/118/118 81/81/81
f 81/81/81 118/118/118 119/119/119
f 81/81/81 119/119/119 82/82/82
f 82/82/82 119/119/119 120/120/120
f 82/82/82 120/120/120 83/83/83
f 83/83/83 120/120/120 121/121/121
f 83/83/83 121/121/121 84/84/84
f 84/84/84 121/121/121 122/122/122
f 84/84/84 122/122/122 85/85/85
f 85/85/85 122/122/122 123/123/123
f 85/85/85 123/123/123 86/86/86
f 86/86/86 123/123/123 124/124/124
f 86/86/86 124/124/124 87/87/87
f 87/87/87 124/124/124 125/125/125
f 87/87/87 125/125/125 88/88/88
f 88/88/88 125/125/125 126/126/126
f 88/88/88 126/126/126 89/89/89
f 89/89/89 126/126/126 127/127/127
f 89/89/89 127/127/127 90/90/90
f 90/90/90 127/127/127 128/128/128
f 90/90/90 128/128/128 91/91/91
f 91/91/91 128/128/128 129/129/129
f 91/91/91 129/129/129 92/92/92
f 92/92/92 129/129/129 130/130/130
f 92/92/92 130/130/130 93/93/93
f 93/93/93 130/130/130 131/131/131
f 93/93/93 131/131/131 94/94/94
f 94/94/94 131/131/131 132/132/132
f 94/94/94 132/132/132 95/95/95
f 95/95/95 132/132/132 133/133/133
f 95/95/95 133/133/133 96/96/96
f 96/96/96 133/133/133 134/134/134
f 96/96/96 134/134/134 97/97/97
f 97/97/97 134/134/134 135/135/135
f 97/97/97 135/135/135 98/98/98
f 98/98/98 135/135/135 136/136/136
f 98/98/98 136/136/136 99/99/99
f 99/99/99 136/136/136 137/137/137
f 99/99/99 137/137/137 100/100/100
f 100/100/100 137/137/137 138/138/138
f 100/100/100 138/138/138 101/101/101
f 101/101/101 138/138/138 139/139/139
f 101/101/101 139/139/139 102/102/102
f 102/102/102 139/139/139 140/140/140
f 102/102/102 140/140/140 103/103/103
f 103/103/103 140/140/140 141/141/141
f 103/103/103 141/141/141 104/104/104
f 104/104/104 141/141/141 142/142/142
f 104/104/104 142/142/142 105/105/105
f 105/105/105 142/142/142 143/143/143
f 105/105/105 143/143/143 106/106/106
f 106/106/106 143/143/143 144/144/144
f 106/106/106 144/144/144 107/107/107
f 107/107/107 144/144/144 145/145/145
f 107/107/107 145/145/145 108/108/108
f 108/108/108 145/145/145 146/146/146
f 108/108/108 146/146/146 109/109/109
f 109/109/109 146/146/146 147/147/147
f 109/109/109 147/147/147 110/110/110
f 110/110/110 147/147/147 148/148/148
f 110/110/110 148/148/148 111/111/111
f 112/112/112 149/149/149 150/150/150
f 112/112/112 150/150/150 113/113/113
f 113/113/113 150/150/150 151/151/151
f 113/113/113 151/151/151 114/114/114
f 114/114/114 151/151/151 152/152/152
f 114/114/114 152/152/152 115/115/115
f 115/115/115 152/152/152 153/153/153
f 115/115/115 153/153/153 116/116/116
f 116/116/116 153/153/153 154/154/154
f 116/116/116 154/154/154 117/117/117
f 117/117/117 154/154/154 155/155/155
f 117/117/117 155/155/155 118/118/118
f 118/118/118 155/155/155 156/156/156
f 118/118/118 156/156/156 119/119/119
f 119/119/119 156/156/156 157/157/157
f 119/119/119 157/157/157 120/120/120
f 120/120/120 157/157/157 158/158/158
f 120/120/120 158/158/158 121/121/121
f 121/121/121 158/158/158 159/159/159
f 121/121/121 159/159/159 122/122/122
f 122/122/122 159/159/159 160/160/160
f 122/122/122 160/160/160 123/123/123
f 123/123/123 160/160/160 161/161/161
f 123/123/123 161/161/161 124/124/124
f 124/124/124 161/161/161 162/162/162
f 124/124/124 162/162/162 125/125/125
f 125/125/125 162/162/162 163/163/163
f 125/125/125 163/163/163 126/126/126
f 126/126/126 163/163/163 164/164/164
f 126/126/126 164/164/164 127/127/127
f 127/127/127 164/164/164 165/165/165
f 127/127/127 165/165/165 128/128/128
f 128/128/128 165/165/165 166/166/166
f 128/128/128 166/166/166 129/129/129
f 129/129/129 166/166/166 167/167/167
f 129/129/129 167/167/167 130/130/130
f 130/130/130 167/167/167 168/168/168
f 130/130/130 168/168/168 131/131/131
f 131/131/131 168/168/168 169/169/169
f 131/131/131 169/169/169 132/132/132
f 132/132/132 169/169/169 170/170/170
f 132/132/132 170/170/170 133/133/133
f 133/133/133 170/170/170 171/171/171
f 133/133/133 171/171/171 134/134/134
f 134/134/134 171/171/171 172/172/172
f 134/134/134 172/172/172 135/135/135
f 135/135/135 172/172/172 173/173/173
f 135/135/135 173/173/173 136/136/136
f 136/136/136 173/173/173 174/174/174
f 136/136/136 174/174/174 137/137/137
f 137/137/137 174/174/174 175/175/175
f 137/137/137 175/175/175 138/138/138
f 138/138/138 175/175/175 176/176/176
f 138/138/138 176/176/176 139/139/139
f 139/139/139 176/176/176 177/177/177
f 139/139/139 177/177/177 140/140/140
f 140/140/140 177/177/177 178/178/178
f 140/140/140 178/178/178 141/141/141
f 141/141/141 178/178/178 179/179/179
f 141/141/141 179/179/179 142/142/142
f 142/142/142 179/179/179 180/180/180
f 142/142/142 180/180/180 143/143/143
f 143/143/143 180/180/180 181/181/181
f 143/143/143 181/181/181 144/144/144
f 144/144/144 181/181/181 182/182/182
f 144/144/144 182/182/182 145/145/145
f 145/145/145 182/182/182 183/183/183
f 145/145/145 183/183/183 146/146/146
f 146/146/146 183/183/183 184/184/184
f 146/146/146 184/184/184 147/147/147
f 147/147/147 184/184/184 185/185/185
f 147/147/147 185/185/185 148/148/148
f 149/149/149 186/186/186 187/187/187
f 149/149/149 187/187/187 150/150/150
f 150/150/150 187/187/187 188/188/188
f 150/150/150 188/188/188 151/151/151
f 151/151/151 188/188/188 189/189/189
f 151/151/151 189/189/189 152/152/152
f 152/152/152 189/189/189 190/190/190
f 152/152/152 190/190/190 153/153/153
f 153/153/153 190/190/190 191/191/191
f 153/153/153 191/191/191 154/154/154
f 154/154/154 191/191/191 192/192/192
f 154/154/154 192/192/192 155/155/155
f 155/155/155 192/192/192 193/193/193
f 155/155/155 193/193/193 156/156/156
f 156/156/156 193/193/193 194/194/194
f 156/156/156 194/194/194 157/157/157
f 157/157/157 194/194/194 195/195/195
f 157/157/157 195/195/195 158/158/158
f 158/158/158 195/195/195 196/196/196
f 158/158/158 196/196/196 159/159/159
f 159/159/159 196/196/196 197/197/197
f 159/159/159 197/197/197 160/160/160
f 160/160/160 197/197/197 198/198/198
f 160/160/160 198/198/198 161/161/161
f 161/161/161 198/198/198 199/199/199
f 161/161/161 199/199/199 162/162/162
f 162/162/162 199/199/199 200/200/200
f 162/162/162 200/200/200 163/163/163
f 163/163/163 200/200/200 201/201/201
f 163/163/163 201/201/201 164/164/164
f 164/164/164 201/201/201 202/202/202
f 164/164/164 202/202/202 165/165/165
f 165/165/165 202/202/202 203/203/203
f 165/165/165 203/203/203 166/166/166
f 166/166/166 203/203/203 204/204/204
f 166/166/166 204/204/204 167/167/167
f 167/167/167 204/204/204 205/205/205
f 167/167/167 205/205/205 168/168/168
f 168/168/168 205/205/205 206/206/206
f 168/168/168 206/206/206 169/169/169
f 169/169/169 206/206/206 207/207/207
f 169/169/169 207/207/207 170/170/170
f 170/170/170 207/207/207 208/208/208
f 170/170/170 208/208/208 171/171/171
f 171/171/171 208/208/208 209/209/209
f 171/171/171 209/209/209 172/172/172
f 172/172/172 209/209/209 210/210/210
f 172/172/172 210/210/210 173/173/173
f 173/173/173 210/210/210 211/211/211
f 173/173/173 211/211/211 174/174/174
f 174/174/174 211/211/211 212/212/212
f 174/174/174 212/212/212 175/175/175
f 175/175/175 212/212/212 213/213/213
f 175/175/175 213/213/213 176/176/176
f 176/176/176 213/213/213 214/214/214
f 176/176/176 214/214/214 177/177/177
f 177/177/177 214/214/214 215/215/215
f 177/177/177 215/215/215 178/178/178
f 178/178/178 215/215/215 216/216/216
f 178/178/178 216/216/216 179/179/179
f 179/179/179 216/216/216 217/217/217
f 179/179/179 217/217/217 180/180/180
f 180/180/180 217/217/217 218/218/218
f 180/180/180 218/218/218 181/181/181
f 181/181/181 218/218/218 219/219/219
f 181/181/181 219/219/219 182/182/182
f 182/182/182 219/219/219 220/220/220
f 182/182/182 220/220/220 183/183/183
f 183/183/183 220/220/220 221/221/221
f 183/183/183 221/221/221 184/184/184
f 184/184/184 221/221/221 222/222/222
f 184/184/184 222/222/222 185/185/185
f 186/186/186 223/223/223 224/224/224
f 186/186/186 224/224/224 187/187/187
f 187/187/187 224/224/224 225/225/225
f 187/187/187 225/225/225 188/188/188
f 188/188/188 225/225/225 226/226/226
f 188/188/188 226/226/226 189/189/189
f 189/189/189 226/226/226 227/227/227
f 189/189/189 227/227/227 190/190/190
f 190/190/190 227/227/227 228/228/228
f 190/190/190 228/228/228 191/191/191
f 191/191/191 228/228/228 229/229/229
f 191/191/191 229/229/229 192/192/192
f 192/192/192 229/229/229 230/230/230
f 192/192/192 230/230/230 193/193/193
f 193/193/193 230/230/230 231/231/231
f 193/193/193 231/231/231 194/194/194
f 194/194/194 231/231/231 232/232/232
f 194/194/194 232/232/232 195/195/195
f 195/195/195 232/232/232 233/233/233
f 195/195/195 233/233/233 196/196/196
f 196/196/196 233/233/233 234/234/234
f 196/196/196 234/234/234 197/197/197
f 197/197/197 234/234/234 235/235/235
f 197/197/197 235/235/235 198/198/198
f 198/198/198 235/235/235 236/236/236
f 198/198/198 236/236/236 199/199/199
f 199/199/199 236/236/236 237/237/237
f 199/199/199 237/237/237 200/200/200
f 200/200/200 237/237/237 238/238/238
f 200/200/200 238/238/238 201/201/201
f 201/201/201 238/238/238 239/239/239
f 201/201/201 239/239/239 202/202/202
f 202/202/202 239/239/239 240/240/240
f 202/202/202 240/240/240 203/203/203
f 203/203/203 240/240/240 241/241/241
f 203/203/203 241/241/241 204/204/204
f 204/204/204 241/241/241 242/242/242
f 204/204/204 242/242/242 205/205/205
f 205/205/205 242/242/242 243/243/243
f 205/205/205 243/243/243 206/206/206
f 206/206/206 243/243/243 244/244/244
f 206/206/206 244/244/244 207/207/207
f 207/207/207 244/244/244 245/245/245
f 207/207/207 245/245/245 208/208/208
f 208/208/208 245/245/245 246/246/246
f 208/208/208 246/246/246 209/209/209
f 209/209/209 246/246/246 247/247/247
f 209/209/209 247/247/247 210/210/210
f 210/210/210 247/247/247 248/248/248
f 210/210/210 248/248/248 211/211/211
f 211/211/211 248/248/248 249/249/249
f 211/211/211 249/249/249 212/212/212
f 212/212/212 249/249/249 250/250/250
f 212/212/212 250/250/250 213/213/213
f 213/213/213 250/250/250 251/251/251
f 213/213/213 251/251/251 214/214/214
f 214/214/214 251/251/251 252/252/252
f 214/214/214 252/252/252 215/215/215
f 215/215/215 252/252/252 253/253/253
f 215/215/215 253/253/253 216/216/216
f 216/216/216 253/253/253 254/254/254
f 216/216/216 254/254/254 217/217/217
f 217/217/217 254/254/254 255/255/255
f 217/217/217 255/255/255 218/218/218
f 218/218/218 255/255/255 256/256/256
f 218/218/218 256/256/256 219/219/219
f 219/219/219 256/256/256 257/257/257
f 219/219/219 257/257/257 220/220/220
f 220/220/220 257/257/257 258/258/258
f 220/220/220 258/258/258 221/221/221
f 221/221/221 258/258/258 259/259/259
f 221/221/221 259/259/259 222/222/222
f 223/223/223 260/260/260 261/261/261
f 223/223/223 261/261/261 224/224/224
f 224/224/224 261/261/261 262/262/262
f 224/224/224 262/262/262 225/225/225
f 225/225/225 262/262/262 263/263/263
f 225/225/225 263/263/263 226/226/226
f 226/226/226 263/263/263 264/264/264
f 226/226/226 264/264/264 227/227/227
f 227/227/227 264/264/264 265/265/265
f 227/227/227 265/265/265 228/228/228
f 228/228/228 265/265/265 266/266/266
f 228/228/228 266/266/266 229/229/229
f 229/229/229 266/266/266 267/267/267
f 229/229/229 267/267/267 230/230/230
f 230/230/230 267/267/267 268/268/268
f 230/230/230 268/268/268 231/231/231
f 231/231/231 268/268/268 269/269/269
f 231/231/231 269/269/269 232/232/232
f 232/232/232 269/269/269 270/270/270
f 232/232/232 270/270/270 233/233/233
f 233/233/233 270/270/270 271/271/271
f 233/233/233 271/271/271 234/234/234
f 234/234/234 271/271/271 272/272/272
f 234/234/234 272/272/272 235/235/235
f 235/235/235 272/272/272 273/273/273
f 235/235/235 273/273/273 236/236/236
f 236/236/236 273/273/273 274/274/274
f 236/236/236 274/274/274 237/237/237
f 237/237/237 274/274/274 275/275/275
f 237/237/237 275/275/275 238/238/238
f 238/238/238 275/275/275 276/276/276
f 238/238/238 276/276/276 239/239/239
f 239/239/239 276/276/276 277/277/277
f 239/239/239 277/277/277 240/240/240
f 240/240/240 277/277/277 278/278/278
f 240/240/240 278/278/278 241/241/241
f 241/241/241 278/278/278 279/279/279
f 241/241/241 279/279/279 242/242/242
f 242/242/242 279/279/279 280/280/280
f 242/242/242 280/280/280 243/243/243
f 243/243/243 280/280/280 281/281/281
f 243/243/243 281/281/281 244/244/244
f 244/244/244 281/281/281 282/282/282
f 244/244/244 282/282/282 245/245/245
f 245/245/245 282/282/282 283/283/283
f 245/245/245 283/283/283 246/246/246
f 246/246/246 283/283/283 284/284/284
f 246/246/246 284/284/284 247/247/247
f 247/247/247 284/284/284 285/285/285
f 247/247/247 285/285/285 248/248/248
f 248/248/248 285/285/285 286/286/286
f 248/248/248 286/286/286 249/249/249
f 249/249/249 286/286/286 287/287/287
f 249/249/249 287/287/287 250/250/250
f 250/250/250 287/287/287 288/288/288
f 250/250/250 288/288/288 251/251/251
f 251/251/251 288/288/288 289/289/289
f 251/251/251 289/289/289 252/252/252
f 252/252/252 289/289/289 290/290/290
f 252/252/252 290/290/290 253/253/253
f 253/253/253 290/290/290 291/291/291
f 253/253/253 291/291/291 254/254/254
f 254/254/254 291/291/291 292/292/292
f 254/254/254 292/292/292 255/255/255
f 255/255/255 292/292/292 293/293/293
f 255/255/255 293/293/293 256/256/256
f 256/256/256 293/293/293 294/294/294
f 256/256/256 294/294/294 257/257/257
f 257/257/257 294/294/294 295/295/295
f 257/257/257 295/295/295 258/258/258
f 258/258/258 295/295/295 296/296/296
f 258/258/258 296/296/296 259/259/259
f 260/260/260 297/297/297 298/298/298
f 260/260/260 298/298/298 261/261/261
f 261/261/261 298/298/298 299/299/299
f 261/261/261 299/299/299 262/262/262
f 262/262/262 299/299/299 300/300/300
f 262/262/262 300/300/300 263/263/263
f 263/263/263 300/300/300 301/301/301
f 263/263/263 301/301/301 264/264/264
f 264/264/264 301/301/301 302/302/302
f 264/264/264 302/302/302 265/265/265
f 265/265/265 302/302/302 303/303/303
f 265/265/265 303/303/303 266/266/266
f 266/266/266 303/303/303 304/304/304
f 266/266/266 304/304/304 267/267/267
f 267/267/267 304/304/304 305/305/305
f 267/267/267 305/305/305 268/268/268
f 268/268/268 305/305/305 306/306/306
f 268/268/268 306/306/306 269/269/269
f 269/269/269 306/306/306 307/307/307
f 269/269/269 307/307/307 270/270/270
f 270/270/270 307/307/307 308/308/308
f 270/270/270 308/308/308 271/271/271
f 271/271/271 308/308/308 309/309/309
f 271/271/271 309/309/309 272/272/272
f 272/272/272 309/309/309 310/310/310
f 272/272/272 310/310/310 273/273/273
f 273/273/273 310/310/310 311/311/311
f 273/273/273 311/311/311 274/274/274
f 274/274/274 311/311/311 312/312/312
f 274/274/274 312/312/312 275/275/275
f 275/275/275 312/312/312 313/313/313
f 275/275/275 313/313/313 276/276/276
f 276/276/276 313/313/313 314/314/314
f 276/276/276 314/314/314 277/277/277
f 277/277/277 314/314/314 315/315/315
f 277/277/277 315/315/315 278/278/278
f 278/278/278 315/315/315 316/316/316
f 278/278/278 316/316/316 279/279/279
f 279/279/279 316/316/316 317/317/317
f 279/279/279 317/317/317 280/280/280
f 280/280/280 317/317/317 318/318/318
f 280/280/280 318/318/318 281/281/281
f 281/281/281 318/318/318 319/319/319
f 281/281/281 319/319/319 282/282/282
f 282/282/282 319/319/319 320/320/320
f 282/282/282 320/320/320 283/283/283
f 283/283/283 320/320/320 321/321/321
f 283/283/283 321/321/321 284/284/284
f 284/284/284 321/321/321 322/322/322
f 284/284/284 322/322/322 285/285/285
f 285/285/285 322/322/322 323/323/323
f 285/285/285 323/323/323 286/286/286
f 286/286/286 323/323/323 324/324/324
f 286/286/286 324/324/324 287/287/287
f 287/287/287 324/324/324 325/325/325
f 287/287/287 325/325/325 288/288/288
f 288/288/288 325/325/325 326/326/326
f 288/288/288 326/326/326 289/289/289
f 289/289/289 326/326/326 327/327/327
f 289/289/289 327/327/327 290/290/290
f 290/290/290 327/327/327 328/328/328
f 290/290/290 328/328/328 291/291/291
f 291/291/291 328/328/328 329/329/329
f 291/291/291 329/329/329 292/292/292
f 292/292/292 329/329/329 330/330/330
f 292/292/292 330/330/330 293/293/293
f 293/293/293 330/330/330 331/331/331
f 293/293/293 331/331/331 294/294/294
f 294/294/294 331/331/331 332/332/332
f 294/294/294 332/332/332 295/295/295
f 295/295/295 332/332/332 333/333/333
f 295/295/295 333/333/333 296/296/296
f 297/297/297 334/334/334 335/335/335
f 297/297/297 335/335/335 298/298/298
f 298/298/298 335/335/335 336/336/336
f 298/298/298 336/336/336 299/299/299
f 299/299/299 336/336/336 337/337/337
f 299/299/299 337/337/337 300/300/300
f 300/300/300 337/337/337 338/338/338
f 300/300/300 338/338/338 301/301/301
f 301/301/301 338/338/338 339/339/339
f 301/301/301 339/339/339 302/302/302
f 302/302/302 339/339/339 340/340/340
f 302/302/302 340/340/340 303/303/303
f 303/303/303 340/340/340 341/341/341
f 303/303/303 341/341/341 304/304/304
f 304/304/304 341/341/341 342/342/342
f 304/304/304 342/342/342 305/305/305
f 305/305/305 342/342/342 343/343/343
f 305/305/305 343/343/343 306/306/306
f 306/306/306 343/343/343 344/344/344
f 306/306/306 344/344/344 307/307/307
f 307/307/307 344/344/344 345/345/345
f 307/307/307 345/345/345 308/308/308
f 308/308/308 345/345/345 346/346/346
f 308/308/308 346/346/346 309/309/309
f 309/309/309 346/346/346 347/347/347
f 309/309/309 347/347/347 310/310/310
f 310/310/310 347/347/347 348/348/348
f 310/310/310 348/348/348 311/311/311
f 311/311/311 348/348/348 349/349/349
f 311/311/311 349/349/349 312/312/312
f 312/312/312 349/349/349 350/350/350
f 312/312/312 350/350/350 313/313/313
f 313/313/313 350/350/350 351/351/351
f 313/313/313 351/351/351 314/314/314
f 314/314/314 351/351/351 352/352/352
f 314/314/314 352/352/352 315/315/315
f 315/315/315 352/352/352 353/353/353
f 315/315/315 353/353/353 316/316/316
f 316/316/316 353/353/353 354/354/354
f 316/316/316 354/354/354 317/317/317
f 317/317/317 354/354/354 355/355/355
f 317/317/317 355/355/355 318/318/318
f 318/318/318 355/355/355 356/356/356
f 318/318/318 356/356/356 319/319/319
f 319/319/319 356/356/356 357/357/357
f 319/319/319 357/357/357 320/320/320
f 320/320/320 357/357/357 358/358/358
f 320/320/320 358/358/358 321/321/321
f 321/321/321 358/358/358 359/359/359
f 321/321/321 359/359/359 322/322/322
f 322/322/322 359/359/359 360/360/360
f 322/322/322 360/360/360 323/323/323
f 323/323/323 360/360/360 361/361/361
f 323/323/323 361/361/361 324/324/324
f 324/324/324 361/361/361 362/362/362
f 324/324/324 362/362/362 325/325/325
f 325/325/325 362/362/362 363/363/363
f 325/325/325 363/363/363 326/326/326
f 326/326/326 363/363/363 364/364/364
f 326/326/326 364/364/364 327/327/327
f 327/327/327 364/364/364 365/365/365
f 327/327/327 365/365/365 328/328/328
f 328/328/328 365/365/365 366/366/366
f 328/328/328 366/366/366 329/329/329
f 329/329/329 366/366/366 367/367/367
f 329/329/329 367/367/367 330/330/330
f 330/330/330 367/367/367 368/368/368
f 330/330/330 368/368/368 331/331/331
f 331/331/331 368/368/368 369/369/369
f 331/331/331 369/369/369 332/332/332
f 332/332/332 369/369/369 370/370/370
f 332/332/332 370/370/370 333/333/333
f 334/334/334 371/371/371 372/372/372
f 334/334/334 372/372/372 335/335/335
f 335/335/335 372/372/372 373/373/373
f 335/335/335 373/373/373 336/336/336
f 336/336/336 373/373/373 374/374/374
f 336/336/336 374/374/374 337/337/337
f 337/337/337 374/374/374 375/375/375
f 337/337/337 375/375/375 338/338/338
f 338/338/338 375/375/375 376/376/376
f 338/338/338 376/376/376 339/339/339
f 339/339/339 376/376/376 377/377/377
f 339/339/339 377/377/377 340/340/340
f 340/340/340 377/377/377 378/378/378
f 340/340/340 378/378/378 341/341/341
f 341/341/341 378/378/378 379/379/379
f 341/341/341 379/379/379 342/342/342
f 342/342/342 379/379/379 380/380/380
f 342/342/342 380/380/380 343/343/343
f 343/343/343 380/380/380 381/381/381
f 343/343/343 381/381/381 344/344/344
f 344/344/344 381/381/381 382/382/382
f 344/344/344 382/382/382 345/345/345
f 345/345/345 382/382/382 383/383/383
f 345/345/345 383/383/383 346/346/346
f 346/346/346 383/383/383 384/384/384
f 346/346/346 384/384/384 347/347/347
f 347/347/347 384/384/384 385/385/385
f 347/347/347 385/385/385 348/348/348
f 348/348/348 385/385/385 386/386/386
f 348/348/348 386/386/386 349/349/349
f 349/349/349 386/386/386 387/387/387
f 349/349/349 387/387/387 350/350/350
f 350/350/350 387/387/387 388/388/388
f 350/350/350 388/388/388 351/351/351
f 351/351/351 388/388/388 389/389/389
f 351/351/351 389/389/389 352/352/352
f 352/352/352 389/389/389 390/390/390
f 352/352/352 390/390/390 353/353/353
f 353/353/353 390/390/390 391/391/391
f 353/353/353 391/391/391 354/354/354
f 354/354/354 391/391/391 392/392/392
f 354/354/354 392/392/392 355/355/355
f 355/355/355 392/392/392 393/393/393
f 355/355/355 393/393/393 356/356/356
f 356/356/356 393/393/393 394/394/394
f 356/356/356 394/394/394 357/357/357
f 357/357/357 394/394/394 395/395/395
f 357/357/357 395/395/395 358/358/358
f 358/358/358 395/395/395 396/396/396
f 358/358/358 396/396/396 359/359/359
f 359/359/359 396/396/396 397/397/397
f 359/359/359 397/397/397 360/360/360
f 360/360/360 397/397/397 398/398/398
f 360/360/360 398/398/398 361/361/361
f 361/361/361 398/398/398 399/399/399
f 361/361/361 399/399/399 362/362/362
f 362/362/362 399/399/399 400/400/400
f 362/362/362 400/400/400 363/363/363
f 363/363/363 400/400/400 401/401/401
f 363/363/363 401/401/401 364/364/364
f 364/364/364 401/401/401 402/402/402
f 364/364/364 402/402/402 365/365/365
f 365/365/365 402/402/402 403/403/403
f 365/365/365 403/403/403 366/366/366
f 366/366/366 403/403/403 404/404/404
f 366/366/366 404/404/404 367/367/367
f 367/367/367 404/404/404 405/405/405
f 367/367/367 405/405/405 368/368/368
f 368/368/368 405/405/405 406/406/406
f 368/368/368 406/406/406 369/369/369
f 369/369/369 406/406/406 407/407/407
f 369/369/369 407/407/407 370/370/370
f 371/371/371 408/408/408 409/409/409
f 371/371/371 409/409/409 372/372/372
f 372/372/372 409/409/409 410/410/410
f 372/372/372 410/410/410 373/373/373
f 373/373/373 410/410/410 411/411/411
f 373/373/373 411/411/411 374/374/374
f 374/374/374 411/411/411 412/412/412
f 374/374/374 412/412/412 375/375/375
f 375/375/375 412/412/412 413/413/413
f 375/375/375 413/413/413 376/376/376
f 376/376/376 413/413/413 414/414/414
f 376/376/376 414/414/414 377/377/377
f 377/377/377 414/414/414 415/415/415
f 377/377/377 415/415/415 378/378/378
f 378/378/378 415/415/415 416/416/416
f 378/378/378 416/416/416 379/379/379
f 379/379/379 416/416/416 417/417/417
f 379/379/379 417/417/417 380/380/380
f 380/380/380 417/417/417 418/418/418
f 380/380/380 418/418/418 381/381/381
f 381/381/381 418/418/418 419/419/419
f 381/381/381 419/419/419 382/382/382
f 382/382/382 419/419/419 420/420/420
f 382/382/382 420/420/420 383/383/383
f 383/383/383 420/420/420 421/421/421
f 383/383/383 421/421/421 384/384/384
f 384/384/384 421/421/421 422/422/422
f 384/384/384 422/422/422 385/385/385
f 385/385/385 422/422/422 423/423/423
f 385/385/385 423/423/423 386/386/386
f 386/386/386 423/423/423 424/424/424
f 386/386/386 424/424/424 387/387/387
f 387/387/387 424/424/424 425/425/425
f 387/387/387 425/425/425 388/388/388
f 388/388/388 425/425/425 426/426/426
f 388/388/388 426/426/426 389/389/389
f 389/389/389 426/426/426 427/427/427
f 389/389/389 427/427/427 390/390/390
f 390/390/390 427/427/427 428/428/428
f 390/390/390 428/428/428 391/391/391
f 391/391/391 428/428/428 429/429/429
f 391/391/391 429/429/429 392/392/392
f 392/392/392 429/429/429 430/430/430
f 392/392/392 430/430/430 393/393/393
f 393/393/393 430/430/430 431/431/431
f 393/393/393 431/431/431 394/394/394
f 394/394/394 431/431/431 432/432/432
f 394/394/394 432/432/432 395/395/395
f 395/395/395 432/432/432 433/433/433
f 395/395/395 433/433/433 396/396/396
f 396/396/396 433/433/433 434/434/434
f 396/396/396 434/434/434 397/397/397
f 397/397/397 434/434/434 435/435/435
f 397/397/397 435/435/435 398/398/398
f 398/398/398 435/435/435 436/436/436
f 398/398/398 436/436/436 399/399/399
f 399/399/399 436/436/436 437/437/437
f 399/399/399 437/437/437 400/400/400
f 400/400/400 437/437/437 438/438/438
f 400/400/400 438/438/438 401/401/401
f 401/401/401 438/438/438 439/439/439
f 401/401/401 439/439/439 402/402/402
f 402/402/402 439/439/439 440/440/440
f 402/402/402 440/440/440 403/403/403
f 403/403/403 440/440/440 441/441/441
f 403/403/403 441/441/441 404/404/404
f 404/404/404 441/441/441 442/442/442
f 404/404/404 442/442/442 405/405/405
f 405/405/405 442/442/442 443/443/443
f 405/405/405 443/443/443 406/406/406
f 406/406/406 443/443/443 444/444/444
f 406/406/406 444/444/444 407/407/407
f 408/408/408 445/445/445 446/446/446
f 408/408/408 446/446/446 409/409/409
f 409/409/409 446/446/446 447/447/447
f 409/409/409 447/447/447 410/410/410
f 410/410/410 447/447/447 448/448/448
f 410/410/410 448/448/448 411/411/411
f 411/411/411 448/448/448 449/449/449
f 411/411/411 449/449/449 412/412/412
f 412/412/412 449/449/449 450/450/450
f 412/412/412 450/450/450 413/413/413
f 413/413/413 450/450/450 451/451/451
f 413/413/413 451/451/451 414/414/414
f 414/414/414 451/451/451 452/452/452
f 414/414/414 452/452/452 415/415/415
f 415/415/415 452/452/452 453/453/453
f 415/415/415 453/453/453 416/416/416
f 416/416/416 453/453/453 454/454/454
f 416/416/416 454/454/454 417/417/417
f 417/417/417 454/454/454 455/455/455
f 417/417/417 455/455/455 418/418/418
f 418/418/418 455/455/455 456/456/456
f 418/418/418 456/456/456 419/419/419
f 419/419/419 456/456/456 457/457/457
f 419/419/419 457/457/457 420/420/420
f 420/420/420 457/457/457 458/458/458
f 420/420/420 458/458/458 421/421/421
f 421/421/421 458/458/458 459/459/459
f 421/421/421 459/459/459 422/422/422
f 422/422/422 459/459/459 460/460/460
f 422/422/422 460/460/460 423/423/423
f 423/423/423 460/460/460 461/461/461
f 423/423/423 461/461/461 424/424/424
f 424/424/424 461/461/461 462/462/462
f 424/424/424 462/462/462 425/425/425
f 425/425/425 462/462/462 463/463/463
f 425/425/425 463/463/463 426/426/426
f 426/426/426 463/463/463 464/464/464
f 426/426/426 464/464/464 427/427/427
f 427/427/427 464/464/464 465/465/465
f 427/427/427 465/465/465 428/428/428
f 428/428/428 465/465/465 466/466/466
f 428/428/428 466/466/466 429/429/429
f 429/429/429 466/466/466 467/467/467
f 429/429/429 467/467/467 430/430/430
f 430/430/430 467/467/467 468/468/468
f 430/430/430 468/468/468 431/431/431
f 431/431/431 468/468/468 469/469/469
f 431/431/431 469/469/469 432/432/432
f 432/432/432 469/469/469 470/470/470
f 432/432/432 470/470/470 433/433/433
f 433/433/433 470/470/470 471/471/471
f 433/433/433 471/471/471 434/434/434
f 434/434/434 471/471/471 472/472/472
f 434/434/434 472/472/472 435/435/435
f 435/435/435 472/472/472 473/473/473
f 435/435/435 473/473/473 436/436/436
f 436/436/436 473/473/473 474/474/474
f 436/436/436 474/474/474 437/437/437
f 437/437/437 474/474/474 475/475/475
f 437/437/437 475/475/475 438/438/438
f 438/438/438 475/475/475 476/476/476
f 438/438/438 476/476/476 439/439/439
f 439/439/439 476/476/476 477/477/477
f 439/439/439 477/477/477 440/440/440
f 440/440/440 477/477/477 478/478/478
f 440/440/440 478/478/478 441/441/441
f 441/441/441 478/478/478 479/479/479
f 441/441/441 479/479/479 442/442/442
f 442/442/442 479/479/479 480/480/480
f 442/442/442 480/480/480 443/443/443
f 443/443/443 480/480/480 481/481/481
f 443/443/443 481/481/481 444/444/444
f 445/445/445 482/482/482 483/483/483
f 445/445/445 483/483/483 446/446/446
f 446/446/446 483/483/483 484/484/484
f 446/446/446 484/484/484 447/447/447
f 447/447/447 484/484/484 485/485/485
f 447/447/447 485/485/485 448/448/448
f 448/448/448 485/485/485 486/486/486
f 448/448/448 486/486/486 449/449/449
f 449/449/449 486/486/486 487/487/487
f 449/449/449 487/487/487 450/450/450
f 450/450/450 487/487/487 488/488/488
f 450/450/450 488/488/488 451/451/451
f 451/451/451 488/488/488 489/489/489
f 451/451/451 489/489/489 452/452/452
f 452/452/452 489/489/489 490/490/490
f 452/452/452 490/490/490 453/453/453
f 453/453/453 490/490/490 491/491/491
f 453/453/453 491/491/491 454/454/454
f 454/454/454 491/491/491 492/492/492
f 454/454/454 492/492/492 455/455/455
f 455/455/455 492/492/492 493/493/493
f 455/455/455 493/493/493 456/456/456
f 456/456/456 493/493/493 494/494/494
f 456/456/456 494/494/494 457/457/457
f 457/457/457 494/494/494 495/495/495
f 457/457/457 495/495/495 458/458/458
f 458/458/458 495/495/495 496/496/496
f 458/458/458 496/496/496 459/459/459
f 459/459/459 496/496/496 497/497/497
f 459/459/459 497/497/497 460/460/460
f 460/460/460 497/497/497 498/498/498
f 460/460/460 498/498/498 461/461/461
f 461/461/461 498/498/498 499/499/499
f 461/461/461 499/499/499 462/462/462
f 462/462/462 499/499/499 500/500/500
f 462/462/462 500/500/500 463/463/463
f 463/463/463 500/500/500 501/501/501
f 463/463/463 501/501/501 464/464/464
f 464/464/464 501/501/501 502/502/502
f 464/464/464 502/502/502 465/465/465
f 465/465/465 502/502/502 503/503/503
f 465/465/465 503/503/503 466/466/466
f 466/466/466 503/503/503 504/504/504
f 466/466/466 504/504/504 467/467/467
f 467/467/467 504/504/504 505/505/505
f 467/467/467 505/505/505 468/468/468
f 468/468/468 505/505/505 506/506/506
f 468/468/468 506/506/506 469/469/469
f 469/469/469 506/506/506 507/507/507
f 469/469/469 507/507/507 470/470/470
f 470/470/470 507/507/507 508/508/508
f 470/470/470 508/508/508 471/471/471
f 471/471/471 508/508/508 509/509/509
f 471/471/471 509/509/509 472/472/472
f 472/472/472 509/509/509 510/510/510
f 472/472/472 510/510/510 473/473/473
f 473/473/473 510/510/510 511/511/511
f 473/473/473 511/511/511 474/474/474
f 474/474/474 511/511/511 512/512/512
f 474/474/474 512/512/512 475/475/475
f 475/475/475 512/512/512 513/513/513
f 475/475/475 513/513/513 476/476/476
f 476/476/476 513/513/513 514/514/514
f 476/476/476 514/514/514 477/477/477
f 477/477/477 514/514/514 515/515/515
f 477/477/477 515/515/515 478/478/478
f 478/478/478 515/515/515 516/516/516
f 478/478/478 516/516/516 479/479/479
f 479/479/479 516/516/516 517/517/517
f 479/479/479 517/517/517 480/480/480
f 480/480/480 517/517/517 518/518/518
f 480/480/480 518/518/518 481/481/481
f 482/482/482 519/519/519 520/520/520
f 482/482/482 520/520/520 483/483/483
f 483/483/483 520/520/520 521/521/521
f 483/483/483 521/521/521 484/484/484
f 484/484/484 521/521/521 522/522/522
f 484/484/484 522/522/522 485/485/485
f 485/485/485 522/522/522 523/523/523
f 485/485/485 523/523/523 486/486/486
f 486/486/486 523/523/523 524/524/524
f 486/486/486 524/524/524 487/487/487
f 487/487/487 524/524/524 525/525/525
f 487/487/487 525/525/525 488/488/488
f 488/488/488 525/525/525 526/526/526
f 488/488/488 526/526/526 489/489/489
f 489/489/489 526/526/526 527/527/527
f 489/489/489 527/527/527 490/490/490
f 490/490/490 527/527/527 528/528/528
f 490/490/490 528/528/528 491/491/491
f 491/491/491 528/528/528 529/529/529
f 491/491/491 529/529/529 492/492/492
f 492/492/492 529/529/529 530/530/530
f 492/492/492 530/530/530 493/493/493
f 493/493/493 530/530/530 531/531/531
f 493/493/493 531/531/531 494/494/494
f 494/494/494 531/531/531 532/532/532
f 494/494/494 532/532/532 495/495/495
f 495/495/495 532/532/532 533/533/533
f 495/495/495 533/533/533 496/496/496
f 496/496/496 533/533/533 534/534/534
f 496/496/496 534/534/534 497/497/497
f 497/497/497 534/534/534 535/535/535
f 497/497/497 535/535/535 498/498/498
f 498/498/498 535/535/535 536/536/536
f 498/498/498 536/536/536 499/499/499
f 499/499/499 536/536/536 537/537/537
f 499/499/499 537/537/537 500/500/500
f 500/500/500 537/537/537 538/538/538
f 500/500/500 538/538/538 501/501/501
f 501/501/501 538/538/538 539/539/539
f 501/501/501 539/539/539 502/502/502
f 502/502/502 539/539/539 540/540/540
f 502/502/502 540/540/540 503/503/503
f 503/503/503 540/540/540 541/541/541
f 503/503/503 541/541/541 504/504/504
f 504/504/504 541/541/541 542/542/542
f 504/504/504 542/542/542 505/505/505
f 505/505/505 542/542/542 543/543/543
f 505/505/505 543/543/543 506/506/506
f 506/506/506 543/543/543 544/544/544
f 506/506/506 544/544/544 507/507/507
f 507/507/507 544/544/544 545/545/545
f 507/507/507 545/545/545 508/508/508
f 508/508/508 545/545/545 546/546/546
f 508/508/508 546/546/546 509/509/509
f 509/509/509 546/546/546 547/547/547
f 509/509/509 547/547/547 510/510/510
f 510/510/510 547/547/547 548/548/548
f 510/510/510 548/548/548 511/511/511
f 511/511/511 548/548/548 549/549/549
f 511/511/511 549/549/549 512/512/512
f 512/512/512 549/549/549 550/550/550
f 512/512/512 550/550/550 513/513/513
f 513/513/513 550/550/550 551/551/551
f 513/513/513 551/551/551 514/514/514
f 514/514/514 551/551/551 552/552/552
f 514/514/514 552/552/552 515/515/515
f 515/515/515 552/552/552 553/553/553
f 515/515/515 553/553/553 516/516/516
f 516/516/516 553/553/553 554/554/554
f 516/516/516 554/554/554 517/517/517
f 517/517/517 554/554/554 555/555/555
f 517/517/517 555/555/555 518/518/518
f 519/519/519 556/556/556 557/557/557
f 519/519/519 557/557/557 520/520/520
f 520/520/520 557/557/557 558/558/558
f 520/520/520 558/558/558 521/521/521
f 521/521/521 558/558/558 559/559/559
f 521/521/521 559/559/559 522/522/522
f 522/522/522 559/559/559 560/560/560
f 522/522/522 560/560/560 523/523/523
f 523/523/523 560/560/560 561/561/561
f 523/523/523 561/561/561 524/524/524
f 524/524/524 561/561/561 562/562/562
f 524/524/524 562/562/562 525/525/525
f 525/525/525 562/562/562 563/563/563
f 525/525/525 563/563/563 526/526/526
f 526/526/526 563/563/563 564/564/564
f 526/526/526 564/564/564 527/527/527
f 527/527/527 564/564/564 565/565/565
f 527/527/527 565/565/565 528/528/528
f 528/528/528 565/565/565 566/566/566
f 528/528/528 566/566/566 529/529/529
f 529/529/529 566/566/566 567/567/567
f 529/529/529 567/567/567 530/530/530
f 530/530/530 567/567/567 568/568/568
f 530/530/530 568/568/568 531/531/531
f 531/531/531 568/568/568 569/569/569
f 531/531/531 569/569/569 532/532/532
f 532/532/532 569/569/569 570/570/570
f 532/532/532 570/570/570 533/533/533
f 533/533/533 570/570/570 571/571/571
f 533/533/533 571/571/571 534/534/534
f 534/534/534 571/571/571 572/572/572
f 534/534/534 572/572/572 535/535/535
f 535/535/535 572/572/572 573/573/573
f 535/535/535 573/573/573 536/536/536
f 536/536/536 573/573/573 574/574/574
f 536/536/536 574/574/574 537/537/537
f 537/537/537 574/574/574 575/575/575
f 537/537/537 575/575/575 538/538/538
f 538/538/538 575/575/575 576/576/576
f 538/538/538 576/576/576 539/539/539
f 539/539/539 576/576/576 577/577/577
f 539/539/539 577/577/577 540/540/540
f 540/540/540 577/577/577 578/578/578
f 540/540/540 578/578/578 541/541/541
f 541/541/541 578/578/578 579/579/579
f 541/541/541 579/579/579 542/542/542
f 542/542/542 579/579/579 580/580/580
f 542/542/542 580/580/580 543/543/543
f 543/543/543 580/580/580 581/581/581
f 543/543/543 581/581/581 544/544/544
f 544/544/544 581/581/581 582/582/582
f 544/544/544 582/582/582 545/545/545
f 545/545/545 582/582/582 583/583/583
f 545/545/545 583/583/583 546/546/546
f 546/546/546 583/583/583 584/584/584
f 546/546/546 584/584/584 547/547/547
f 547/547/547 584/584/584 585/585/585
f 547/547/547 585/585/585 548/548/548
f 548/548/548 585/585/585 586/586/586
f 548/548/548 586/586/586 549/549/549
f 549/549/549 586/586/586 587/587/587
f 549/549/549 587/587/587 550/550/550
f 550/550/550 587/587/587 588/588/588
f 550/550/550 588/588/588 551/551/551
f 551/551/551 588/588/588 589/589/589
f 551/551/551 589/589/589 552/552/552
f 552/552/552 589/589/589 590/590/590
f 552/552/552 590/590/590 553/553/553
f 553/553/553 590/590/590 591/591/591
f 553/553/553 591/591/591 554/554/554
f 554/554/554 591/591/591 592/592/592
f 554/554/554 592/592/592 555/555/555
f 556/556/556 593/593/593 594/594/594
f 556/556/556 594/594/594 557/557/557
f 557/557/557 594/594/594 595/595/595
f 557/557/557 595/595/595 558/558/558
f 558/558/558 595/595/595 596/596/596
f 558/558/558 596/596/596 559/559/559
f 559/559/559 596/596/596 597/597/597
f 559/559/559 597/597/597 560/560/560
f 560/560/560 597/597/597 598/598/598
f 560/560/560 598/598/598 561/561/561
f 561/561/561 598/598/598 599/599/599
f 561/561/561 599/599/599 562/562/562
f 562/562/562 599/599/599 600/600/600
f 562/562/562 600/600/600 563/563/563
f 563/563/563 600/600/600 601/601/601
f 563/563/563 601/601/601 564/564/564
f 564/564/564 601/601/601 602/602/602
f 564/564/564 602/602/602 565/565/565
f 565/565/565 602/602/602 603/603/603
f 565/565/565 603/603/603 566/566/566
f 566/566/566 603/603/603 604/604/604
f 566/566/566 604/604/604 567/567/567
f 567/567/567 604/604/604 605/605/605
f 567/567/567 605/605/605 568/568/568
f 568/568/568 605/605/605 606/606/606
f 568/568/568 606/606/606 569/569/569
f 569/569/569 606/606/606 607/607/607
f 569/569/569 607/607/607 570/570/570
f 570/570/570 607/607/607 608/608/608
f 570/570/570 608/608/608 571/571/571
f 571/571/571 608/608/608 609/609/609
f 571/571/571 609/609/609 572/572/572
f 572/572/572 609/609/609 610/610/610
f 572/572/572 610/610/610 573/573/573
f 573/573/573 610/610/610 611/611/611
f 573/573/573 611/611/611 574/574/574
f 574/574/574 611/611/611 612/612/612
f 574/574/574 612/612/612 575/575/575
f 575/575/575 612/612/612 613/613/613
f 575/575/575 613/613/613 576/576/576
f 576/576/576 613/613/613 614/614/614
f 576/576/576 614/614/614 577/577/577
f 577/577/577 614/614/614 615/615/615
f 577/577/577 615/615/615 578/578/578
f 578/578/578 615/615/615 616/616/616
f 578/578/578 616/616/616 579/579/579
f 579/579/579 616/616/616 617/617/617
f 579/579/579 617/617/617 580/580/580
f 580/580/580 617/617/617 618/618/618
f 580/580/580 618/618/618 581/581/581
f 581/581/581 618/618/618 619/619/619
f 581/581/581 619/619/619 582/582/582
f 582/582/582 619/619/619 620/620/620
f 582/582/582 620/620/620 583/583/583
f 583/583/583 620/620/620 621/621/621
f 583/583/583 621/621/621 584/584/584
f 584/584/584 621/621/621 622/622/622
f 584/584/584 622/622/622 585/585/585
f 585/585/585 622/622/622 623/623/623
f 585/585/585 623/623/623 586/586/586
f 586/586/586 623/623/623 624/624/624
f 586/586/586 624/624/624 587/587/587
f 587/587/587 624/624/624 625/625/625
f 587/587/587 625/625/625 588/588/588
f 588/588/588 625/625/625 626/626/626
f 588/588/588 626/626/626 589/589/589
f 589/589/589 626/626/626 627/627/627
f 589/589/589 627/627/627 590/590/590
f 590/590/590 627/627/627 628/628/628
f 590/590/590 628/628/628 591/591/591
f 591/591/591 628/628/628 629/629/629
f 591/591/591 629/629/629 592/592/592
f 593/593/593 630/630/630 631/631/631
f 593/593/593 631/631/631 594/594/594
f 594/594/594 631/631/631 632/632/632
f 594/594/594 632/632/632 595/595/595
f 595/595/595 632/632/632 633/633/633
f 595/595/595 633/633/633 596/596/596
f 596/596/596 633/633/633 634/634/634
f 596/596/596 634/634/634 597/597/597
f 597/597/597 634/634/634 635/635/635
f 597/597/597 635/635/635 598/598/598
f 598/598/598 635/635/635 636/636/636
f 598/598/598 636/636/636 599/599/599
f 599/599/599 636/636/636 637/637/637
f 599/599/599 637/637/637 600/600/600
f 600/600/600 637/637/637 638/638/638
f 600/600/600 638/638/638 601/601/601
f 601/601/601 638/638/638 639/639/639
f 601/601/601 639/639/639 602/602/602
f 602/602/602 639/639/639 640/640/640
f 602/602/602 640/640/640 603/603/603
f 603/603/603 640/640/640 641/641/641
f 603/603/603 641/641/641 604/604/604
f 604/604/604 641/641/641 642/642/642
f 604/604/604 642/642/642 605/605/605
f 605/605/605 642/642/642 643/643/643
f 605/605/605 643/643/643 606/606/606
f 606/606/606 643/643/643 644/644/644
f 606/606/606 644/644/644 607/607/607
f 607/607/607 644/644/644 645/645/645
f 607/607/607 645/645/645 608/608/608
f 608/608/608 645/645/645 646/646/646
f 608/608/608 646/646/646 609/609/609
f 609/609/609 646/646/646 647/647/647
f 609/609/609 647/647/647 610/610/610
f 610/610/610 647/647/647 648/648/648
f 610/610/610 648/648/648 611/611/611
f 611/611/611 648/648/648 649/649/649
f 611/611/611 649/649/649 612/612/612
f 612/612/612 649/649/649 650/650/650
f 612/612/612 650/650/650 613/613/613
f 613/613/613 650/650/650 651/651/651
f 613/613/613 651/651/651 614/614/614
f 614/614/614 651/651/651 652/652/652
f 614/614/614 652/652/652 615/615/615
f 615/615/615 652/652/652 653/653/653
f 615/615/615 653/653/653 616/616/616
f 616/616/616 653/653/653 654/654/654
f 616/616/616 654/654/654 617/617/617
f 617/617/617 654/654/654 655/655/655
f 617/617/617 655/655/655 618/618/618
f 618/618/618 655/655/655 656/656/656
f 618/618/618 656/656/656 619/619/619
f 619/619/619 656/656/656 657/657/657
f 619/619/619 657/657/657 620/620/620
f 620/620/620 657/657/657 658/658/658
f 620/620/620 658/658/658 621/621/621
f 621/621/621 658/658/658 659/659/659
f 621/621/621 659/659/659 622/622/622
f 622/622/622 659/659/659 660/660/660
f 622/622/622 660/660/660 623/623/623
f 623/623/623 660/660/660 661/661/661
f 623/623/623 661/661/661 624/624/624
f 624/624/624 661/661/661 662/662/662
f 624/624/624 662/662/662 625/625/625
f 625/625/625 662/662/662 663/663/663
f 625/625/625 663/663/663 626/626/626
f 626/626/626 663/663/663 664/664/664
f 626/626/626 664/664/664 627/627/627
f 627/627/627 664/664/664 665/665/665
f 627/627/627 665/665/665 628/628/628
f 628/628/628 665/665/665 666/666/666
f 628/628/628 666/666/666 629/629/629
f 630/630/630 667/667/667 668/668/668
f 630/630/630 668/668/668 631/631/631
f 631/631/631 668/668/668 669/669/669
f 631/631/631 669/669/669 632/632/632
f 632/632/632 669/669/669 670/670/670
f 632/632/632 670/670/670 633/633/633
f 633/633/633 670/670/670 671/671/671
f 633/633/633 671/671/671 634/634/634
f 634/634/634 671/671/671 672/672/672
f 634/634/634 672/672/672 635/635/635
f 635/635/635 672/672/672 673/673/673
f 635/635/635 673/673/673 636/636/636
f 636/636/636 673/673/673 674/674/674
f 636/636/636 674/674/674 637/637/637
f 637/637/637 674/674/674 675/675/675
f 637/637/637 675/675/675 638/638/638
f 638/638/638 675/675/675 676/676/676
f 638/638/638 676/676/676 639/639/639
f 639/639/639 676/676/676 677/677/677
f 639/639/639 677/677/677 640/640/640
f 640/640/640 677/677/677 678/678/678
f 640/640/640 678/678/678 641/641/641
f 641/641/641 678/678/678 679/679/679
f 641/641/641 679/679/679 642/642/642
f 642/642/642 679/679/679 680/680/680
f 642/642/642 680/680/680 643/643/643
f 643/643/643 680/680/680 681/681/681
f 643/643/643 681/681/681 644/644/644
f 644/644/644 681/681/681 682/682/682
f 644/644/644 682/682/682 645/645/645
f 645/645/645 682/682/682 683/683/683
f 645/645/645 683/683/683 646/646/646
f 646/646/646 683/683/683 684/684/684
f 646/646/646 684/684/684 647/647/647
f 647/647/647 684/684/684 685/685/685
f 647/647/647 685/685/685 648/648/648
f 648/648/648 685/685/685 686/686/686
f 648/648/648 686/686/686 649/649/649
f 649/649/649 686/686/686 687/687/687
f 649/649/649 687/687/687 650/650/650
f 650/650/650 687/687/687 688/688/688
f 650/650/650 688/688/688 651/651/651
f 651/651/651 688/688/688 689/689/689
f 651/651/651 689/689/689 652/652/652
f 652/652/652 689/689/689 690/690/690
f 652/652/652 690/690/690 653/653/653
f 653/653/653 690/690/690 691/691/691
f 653/653/653 691/691/691 654/654/654
f 654/654/654 691/691/691 692/692/692
f 654/654/654 692/692/692 655/655/655
f 655/655/655 692/692/692 693/693/693
f 655/655/655 693/693/693 656/656/656
f 656/656/656 693/693/693 694/694/694
f 656/656/656 694/694/694 657/657/657
f 657/657/657 694/694/694 695/695/695
f 657/657/657 695/695/695 658/658/658
f 658/658/658 695/695/695 696/696/696
f 658/658/658 696/696/696 659/659/659
f 659/659/659 696/696/696 697/697/697
f 659/659/659 697/697/697 660/660/660
f 660/660/660 697/697/697 698/698/698
f 660/660/660 698/698/698 661/661/661
f 661/661/661 698/698/698 699/699/699
f 661/661/661 699/699/699 662/662/662
f 662/662/662 699/699/699 700/700/700
f 662/662/662 700/700/700 663/663/663
f 663/663/663 700/700/700 701/701/701
f 663/663/663 701/701/701 664/664/664
f 664/664/664 701/701/701 702/702/702
f 664/664/664 702/702/702 665/665/665
f 665/665/665 702/702/702 703/703/703
f 665/665/665 703/703/703 666/666/666
f 667/667/667 704/704/704 705/705/705
f 667/667/667 705/705/705 668/668/668
f 668/668/668 705/705/705 706/706/706
f 668/668/668 706/706/706 669/669/669
f 669/669/669 706/706/706 707/707/707
f 669/669/669 707/707/707 670/670/670
f 670/670/670 707/707/707 708/708/708
f 670/670/670 708/708/708 671/671/671
f 671/671/671 708/708/708 709/709/709
f 671/671/671 709/709/709 672/672/672
f 672/672/672 709/709/709 710/710/710
f 672/672/672 710/710/710 673/673/673
f 673/673/673 710/710/710 711/711/711
f 673/673/673 711/711/711 674/674/674
f 674/674/674 711/711/711 712/712/712
f 674/674/674 712/712/712 675/675/675
f 675/675/675 712/712/712 713/713/713
f 675/675/675 713/713/713 676/676/676
f 676/676/676 713/713/713 714/714/714
f 676/676/676 714/714/714 677/677/677
f 677/677/677 714/714/714 715/715/715
f 677/677/677 715/715/715 678/678/678
f 678/678/678 715/715/715 716/716/716
f 678/678/678 716/716/716 679/679/679
f 679/679/679 716/716/716 717/717/717
f 679/679/679 717/717/717 680/680/680
f 680/680/680 717/717/717 718/718/718
f 680/680/680 718/718/718 681/681/681
f 681/681/681 718/718/718 719/719/719
f 681/681/681 719/719/719 682/682/682
f 682/682/682 719/719/719 720/720/720
f 682/682/682 720/720/720 683/683/683
f 683/683/683 720/720/720 721/721/721
f 683/683/683 721/721/721 684/684/684
f 684/684/684 721/721/721 722/722/722
f 684/684/684 722/722/722 685/685/685
f 685/685/685 722/722/722 723/723/723
f 685/685/685 723/723/723 686/686/686
f 686/686/686 723/723/723 724/724/724
f 686/686/686 724/724/724 687/687/687
f 687/687/687 724/724/724 725/725/725
f 687/687/687 725/725/725 688/688/688
f 688/688/688 725/725/725 726/726/726
f 688/688/688 726/726/726 689/689/689
f 689/689/689 726/726/726 727/727/727
f 689/689/689 727/727/727 690/690/690
f 690/690/690 727/727/727 728/728/728
f 690/690/690 728/728/728 691/691/691
f 691/691/691 728/728/728 729/729/729
f 691/691/691 729/729/729 692/692/692
f 692/692/692 729/729/729 730/730/730
f 692/692/692 730/730/730 693/693/693
f 693/693/693 730/730/730 731/731/731
f 693/693/693 731/731/731 694/694/694
f 694/694/694 731/731/731 732/732/732
f 694/694/694 732/732/732 695/695/695
f 695/695/695 732/732/732 733/733/733
f 695/695/695 733/733/733 696/696/696
f 696/696/696 733/733/733 734/734/734
f 696/696/696 734/734/734 697/697/697
f 697/697/697 734/734/734 735/735/735
f 697/697/697 735/735/735 698/698/698
f 698/698/698 735/735/735 736/736/736
f 698/698/698 736/736/736 699/699/699
f 699/699/699 736/736/736 737/737/737
f 699/699/699 737/737/737 700/700/700
f 700/700/700 737/737/737 738/738/738
f 700/700/700 738/738/738 701/701/701
f 701/701/701 738/738/738 739/739/739
f 701/701/701 739/739/739 702/702/702
f 702/702/702 739/739/739 740/740/740
f 702/702/702 740/740/740 703/703/703
f 704/704/704 741/741/741 742/742/742
f 704/704/704 742/742/742 705/705/705
f 705/705/705 742/742/742 743/743/743
f 705/705/705 743/743/743 706/706/706
f 706/706/706 743/743/743 744/744/744
f 706/706/706 744/744/744 707/707/707
f 707/707/707 744/744/744 745/745/745
f 707/707/707 745/745/745 708/708/708
f 708/708/708 745/745/745 746/746/746
f 708/708/708 746/746/746 709/709/709
f 709/709/709 746/746/746 747/747/747
f 709/709/709 747/747/747 710/710/710
f 710/710/710 747/747/747 748/748/748
f 710/710/710 748/748/748 711/711/711
f 711/711/711 748/748/748 749/749/749
f 711/711/711 749/749/749 712/712/712
f 712/712/712 749/749/749 750/750/750
f 712/712/712 750/750/750 713/713/713
f 713/713/713 750/750/750 751/751/751
f 713/713/713 751/751/751 714/714/714
f 714/714/714 751/751/751 752/752/752
f 714/714/714 752/752/752 715/715/715
f 715/715/715 752/752/752 753/753/753
f 715/715/715 753/753/753 716/716/716
f 716/716/716 753/753/753 754/754/754
f 716/716/716 754/754/754 717/717/717
f 717/717/717 754/754/754 755/755/755
f 717/717/717 755/755/755 718/718/718
f 718/718/718 755/755/755 756/756/756
f 718/718/718 756/756/756 719/719/719
f 719/719/719 756/756/756 757/757/757
f 719/719/719 757/757/757 720/720/720
f 720/720/720 757/757/757 758/758/758
f 720/720/720 758/758/758 721/721/721
f 721/721/721 758/758/758 759/759/759
f 721/721/721 759/759/759 722/722/722
f 722/722/722 759/759/759 760/760/760
f 722/722/722 760/760/760 723/723/723
f 723/723/723 760/760/760 761/761/761
f 723/723/723 761/761/761 724/724/724
f 724/724/724 761/761/761 762/762/762
f 724/724/724 762/762/762 725/725/725
f 725/725/725 762/762/762 763/763/763
f 725/725/725 763/763/763 726/726/726
f 726/726/726 763/763/763 764/764/764
f 726/726/726 764/764/764 727/727/727
f 727/727/727 764/764/764 765/765/765
f 727/727/727 765/765/765 728/728/728
f 728/728/728 765/765/765 766/766/766
f 728/728/728 766/766/766 729/729/729
f 729/729/729 766/766/766 767/767/767
f 729/729/729 767/767/767 730/730/730
f 730/730/730 767/767/767 768/768/768
f 730/730/730 768/768/768 731/731/731
f 731/731/731 768/768/768 769/769/769
f 731/731/731 769/769/769 732/732/732
f 732/732/732 769/769/769 770/770/770
f 732/732/732 770/770/770 733/733/733
f 733/733/733 770/770/770 771/771/771
f 733/733/733 771/771/771 734/734/734
f 734/734/734 771/771/771 772/772/772
f 734/734/734 772/772/772 735/735/735
f 735/735/735 772/772/772 773/773/773
f 735/735/735 773/773/773 736/736/736
f 736/736/736 773/773/773 774/774/774
f 736/736/736 774/774/774 737/737/737
f 737/737/737 774/774/774 775/775/775
f 737/737/737 775/775/775 738/738/738
f 738/738/738 775/775/775 776/776/776
f 738/738/738 776/776/776 739/739/739
f 739/739/739 776/776/776 777/777/777
f 739/739/739 777/777/777 740/740/740
f 741/741/741 778/778/778 779/779/779
f 741/741/741 779/779/779 742/742/742
f 742/742/742 779/779/779 780/780/780
f 742/742/742 780/780/780 743/743/743
f 743/743/743 780/780/780 781/781/781
f 743/743/743 781/781/781 744/744/744
f 744/744/744 781/781/781 782/782/782
f 744/744/744 782/782/782 745/745/745
f 745/745/745 782/782/782 783/783/783
f 745/745/745 783/783/783 746/746/746
f 746/746/746 783/783/783 784/784/784
f 746/746/746 784/784/784 747/747/747
f 747/747/747 784/784/784 785/785/785
f 747/747/747 785/785/785 748/748/748
f 748/748/748 785/785/785 786/786/786
f 748/748/748 786/786/786 749/749/749
f 749/749/749 786/786/786 787/787/787
f 749/749/749 787/787/787 750/750/750
f 750/750/750 787/787/787 788/788/788
f 750/750/750 788/788/788 751/751/751
f 751/751/751 788/788/788 789/789/789
f 751/751/751 789/789/789 752/752/752
f 752/752/752 789/789/789 790/790/790
f 752/752/752 790/790/790 753/753/753
f 753/753/753 790/790/790 791/791/791
f 753/753/753 791/791/791 754/754/754
f 754/754/754 791/791/791 792/792/792
f 754/754/754 792/792/792 755/755/755
f 755/755/755 792/792/792 793/793/793
f 755/755/755 793/793/793 756/756/756
f 756/756/756 793/793/793 794/794/794
f 756/756/756 794/794/794 757/757/757
f 757/757/757 794/794/794 795/795/795
f 757/757/757 795/795/795 758/758/758
f 758/758/758 795/795/795 796/796/796
f 758/758/758 796/796/796 759/759/759
f 759/759/759 796/796/796 797/797/797
f 759/759/759 797/797/797 760/760/760
f 760/760/760 797/797/797 798/798/798
f 760/760/760 798/798/798 761/761/761
f 761/761/761 798/798/798 799/799/799
f 761/761/761 799/799/799 762/762/762
f 762/762/762 799/799/799 800/800/800
f 762/762/762 800/800/800 763/763/763
f 763/763/763 800/800/800 801/801/801
f 763/763/763 801/801/801 764/764/764
f 764/764/764 801/801/801 802/802/802
f 764/764/764 802/802/802 765/765/765
f 765/765/765 802/802/802 803/803/803
f 765/765/765 803/803/803 766/766/766
f 766/766/766 803/803/803 804/804/804
f 766/766/766 804/804/804 767/767/767
f 767/767/767 804/804/804 805/805/805
f 767/767/767 805/805/805 768/768/768
f 768/768/768 805/805/805 806/806/806
f 768/768/768 806/806/806 769/769/769
f 769/769/769 806/806/806 807/807/807
f 769/769/769 807/807/807 770/770/770
f 770/770/770 807/807/807 808/808/808
f 770/770/770 808/808/808 771/771/771
f 771/771/771 808/808/808 809/809/809
f 771/771/771 809/809/809 772/772/772
f 772/772/772 809/809/809 810/810/810
f 772/772/772 810/810/810 773/773/773
f 773/773/773 810/810/810 811/811/811
f 773/773/773 811/811/811 774/774/774
f 774/774/774 811/811/811 812/812/812
f 774/774/774 812/812/812 775/775/775
f 775/775/775 812/812/812 813/813/813
f 775/775/775 813/813/813 776/776/776
f 776/776/776 813/813/813 814/814/814
f 776/776/776 814/814/814 777/777/777
f 778/778/778 815/815/815 816/816/816
f 778/778/778 816/816/816 779/779/779
f 779/779/779 816/816/816 817/817/817
f 779/779/779 817/817/817 780/780/780
f 780/780/780 817/817/817 818/818/818
f 780/780/780 818/818/818 781/781/781
f 781/781/781 818/818/818 819/819/819
f 781/781/781 819/819/819 782/782/782
f 782/782/782 819/819/819 820/820/820
f 782/782/782 820/820/820 783/783/783
f 783/783/783 820/820/820 821/821/821
f 783/783/783 821/821/821 784/784/784
f 784/784/784 821/821/821 822/822/822
f 784/784/784 822/822/822 785/785/785
f 785/785/785 822/822/822 823/823/823
f 785/785/785 823/823/823 786/786/786
f 786/786/786 823/823/823 824/824/824
f 786/786/786 824/824/824 787/787/787
f 787/787/787 824/824/824 825/825/825
f 787/787/787 825/825/825 788/788/788
f 788/788/788 825/825/825 826/826/826
f 788/788/788 826/826/826 789/789/789
f 789/789/789 826/826/826 827/827/827
f 789/789/789 827/827/827 790/790/790
f 790/790/790 827/827/827 828/828/828
f 790/790/790 828/828/828 791/791/791
f 791/791/791 828/828/828 829/829/829
f 791/791/791 829/829/829 792/792/792
f 792/792/792 829/829/829 830/830/830
f 792/792/792 830/830/830 793/793/793
f 793/793/793 830/830/830 831/831/831
f 793/793/793 831/831/831 794/794/794
f 794/794/794 831/831/831 832/832/832
f 794/794/794 832/832/832 795/795/795
f 795/795/795 832/832/832 833/833/833
f 795/795/795 833/833/833 796/796/796
f 796/796/796 833/833/833 834/834/834
f 796/796/796 834/834/834 797/797/797
f 797/797/797 834/834/834 835/835/835
f 797/797/797 835/835/835 798/798/798
f 798/798/798 835/835/835 836/836/836
f 798/798/798 836/836/836 799/799/799
f 799/799/799 836/836/836 837/837/837
f 799/799/799 837/837/837 800/800/800
f 800/800/800 837/837/837 838/838/838
f 800/800/800 838/838/838 801/801/801
f 801/801/801 838/838/838 839/839/839
f 801/801/801 839/839/839 802/802/802
f 802/802/802 839/839/839 840/840/840
f 802/802/802 840/840/840 803/803/803
f 803/803/803 840/840/840 841/841/841
f 803/803/803 841/841/841 804/804/804
f 804/804/804 841/841/841 842/842/842
f 804/804/804 842/842/842 805/805/805
f 805/805/805 842/842/842 843/843/843
f 805/805/805 843/843/843 806/806/806
f 806/806/806 843/843/843 844/844/844
f 806/806/806 844/844/844 807/807/807
f 807/807/807 844/844/844 845/845/845
f 807/807/807 845/845/845 808/808/808
f 808/808/808 845/845/845 846/846/846
f 808/808/808 846/846/846 809/809/809
f 809/809/809 846/846/846 847/847/847
f 809/809/809 847/847/847 810/810/810
f 810/810/810 847/847/847 848/848/848
f 810/810/810 848/848/848 811/811/811
f 811/811/811 848/848/848 849/849/849
f 811/811/811 849/849/849 812/812/812
f 812/812/812 849/849/849 850/850/850
f 812/812/812 850/850/850 813/813/813
f 813/813/813 850/850/850 851/851/851
f 813/813/813 851/851/851 814/814/814
f 815/815/815 852/852/852 853/853/853
f 815/815/815 853/853/853 816/816/816
f 816/816/816 853/853/853 854/854/854
f 816/816/816 854/854/854 817/817/817
f 817/817/817 854/854/854 855/855/855
f 817/817/817 855/855/855 818/818/818
f 818/818/818 855/855/855 856/856/856
f 818/818/818 856/856/856 819/819/819
f 819/819/819 856/856/856 857/857/857
f 819/819/819 857/857/857 820/820/820
f 820/820/820 857/857/857 858/858/858
f 820/820/820 858/858/858 821/821/821
f 821/821/821 858/858/858 859/859/859
f 821/821/821 859/859/859 822/822/822
f 822/822/822 859/859/859 860/860/860
f 822/822/822 860/860/860 823/823/823
f 823/823/823 860/860/860 861/861/861
f 823/823/823 861/861/861 824/824/824
f 824/824/824 861/861/861 862/862/862
f 824/824/824 862/862/862 825/825/825
f 825/825/825 862/862/862 863/863/863
f 825/825/825 863/863/863 826/826/826
f 826/826/826 863/863/863 864/864/864
f 826/826/826 864/864/864 827/827/827
f 827/827/827 864/864/864 865/865/865
f 827/827/827 865/865/865 828/828/828
f 828/828/828 865/865/865 866/866/866
f 828/828/828 866/866/866 829/829/829
f 829/829/829 866/866/866 867/867/867
f 829/829/829 867/867/867 830/830/830
f 830/830/830 867/867/867 868/868/868
f 830/830/830 868/868/868 831/831/831
f 831/831/831 868/868/868 869/869/869
f 831/831/831 869/869/869 832/832/832
f 832/832/832 869/869/869 870/870/870
f 832/832/832 870/870/870 833/833/833
f 833/833/833 870/870/870 871/871/871
f 833/833/833 871/871/871 834/834/834
f 834/834/834 871/871/871 872/872/872
f 834/834/834 872/872/872 835/835/835
f 835/835/835 872/872/872 873/873/873
f 835/835/835 873/873/873 836/836/836
f 836/836/836 873/873/873 874/874/874
f 836/836/836 874/874/874 837/837/837
f 837/837/837 874/874/874 875/875/875
f 837/837/837 875/875/875 838/838/838
f 838/838/838 875/875/875 876/876/876
f 838/838/838 876/876/876 839/839/839
f 839/839/839 876/876/876 877/877/877
f 839/839/839 877/877/877 840/840/840
f 840/840/840 877/877/877 878/878/878
f 840/840/840 878/878/878 841/841/841
f 841/841/841 878/878/878 879/879/879
f 841/841/841 879/879/879 842/842/842
f 842/842/842 879/879/879 880/880/880
f 842/842/842 880/880/880 843/843/843
f 843/843/843 880/880/880 881/881/881
f 843/843/843 881/881/881 844/844/844
f 844/844/844 881/881/881 882/882/882
f 844/844/844 882/882/882 845/845/845
f 845/845/845 882/882/882 883/883/883
f 845/845/845 883/883/883 846/846/846
f 846/846/846 883/883/883 884/884/884
f 846/846/846 884/884/884 847/847/847
f 847/847/847 884/884/884 885/885/885
f 847/847/847 885/885/885 848/848/848
f 848/848/848 885/885/885 886/886/886
f 848/848/848 886/886/886 849/849/849
f 849/849/849 886/886/886 887/887/887
f 849/849/849 887/887/887 850/850/850
f 850/850/850 887/887/887 888/888/888
f 850/850/850 888/888/888 851/851/851
f 852/852/852 889/889/889 890/890/890
f 852/852/852 890/890/890 853/853/853
f 853/853/853 890/890/890 891/891/891
f 853/853/853 891/891/891 854/854/854
f 854/854/854 891/891/891 892/892/892
f 854/854/854 892/892/892 855/855/855
f 855/855/855 892/892/892 893/893/893
f 855/855/855 893/893/893 856/856/856
f 856/856/856 893/893/893 894/894/894
f 856/856/856 894/894/894 857/857/857
f 857/857/857 894/894/894 895/895/895
f 857/857/857 895/895/895 858/858/858
f 858/858/858 895/895/895 896/896/896
f 858/858/858 896/896/896 859/859/859
f 859/859/859 896/896/896 897/897/897
f 859/859/859 897/897/897 860/860/860
f 860/860/860 897/897/897 898/898/898
f 860/860/860 898/898/898 861/861/861
f 861/861/861 898/898/898 899/899/899
f 861/861/861 899/899/899 862/862/862
f 862/862/862 899/899/899 900/900/900
f 862/862/862 900/900/900 863/863/863
f 863/863/863 900/900/900 901/901/901
f 863/863/863 901/901/901 864/864/864
f 864/864/864 901/901/901 902/902/902
f 864/864/864 902/902/902 865/865/865
f 865/865/865 902/902/902 903/903/903
f 865/865/865 903/903/903 866/866/866
f 866/866/866 903/903/903 904/904/904
f 866/866/866 904/904/904 867/867/867
f 867/867/867 904/904/904 905/905/905
f 867/867/867 905/905/905 868/868/868
f 868/868/868 905/905/905 906/906/906
f 868/868/868 906/906/906 869/869/869
f 869/869/869 906/906/906 907/907/907
f 869/869/869 907/907/907 870/870/870
f 870/870/870 907/907/907 908/908/908
f 870/870/870 908/908/908 871/871/871
f 871/871/871 908/908/908 909/909/909
f 871/871/871 909/909/909 872/872/872
f 872/872/872 909/909/909 910/910/910
f 872/872/872 910/910/910 873/873/873
f 873/873/873 910/910/910 911/911/911
f 873/873/873 911/911/911 874/874/874
f 874/874/874 911/911/911 912/912/912
f 874/874/874 912/912/912 875/875/875
f 875/875/875 912/912/912 913/913/913
f 875/875/875 913/913/913 876/876/876
f 876/876/876 913/913/913 914/914/914
f 876/876/876 914/914/914 877/877/877
f 877/877/877 914/914/914 915/915/915
f 877/877/877 915/915/915 878/878/878
f 878/878/878 915/915/915 916/916/916
f 878/878/878 916/916/916 879/879/879
f 879/879/879 916/916/916 917/917/917
f 879/879/879 917/917/917 880/880/880
f 880/880/880 917/917/917 918/918/918
f 880/880/880 918/918/918 881/881/881
f 881/881/881 918/918/918 919/919/919
f 881/881/881 919/919/919 882/882/882
f 882/882/882 919/919/919 920/920/920
f 882/882/882 920/920/920 883/883/883
f 883/883/883 920/920/920 921/921/921
f 883/883/883 921/921/921 884/884/884
f 884/884/884 921/921/921 922/922/922
f 884/884/884 922/922/922 885/885/885
f 885/885/885 922/922/922 923/923/923
f 885/885/885 923/923/923 886/886/886
f 886/886/886 923/923/923 924/924/924
f 886/886/886 924/924/924 887/887/887
f 887/887/887 924/924/924 925/925/925
f 887/887/887 925/925/925 888/888/888
f 889/889/889 926/926/926 927/927/927
f 889/889/889 927/927/927 890/890/890
f 890/890/890 927/927/927 928/928/928
f 890/890/890 928/928/928 891/891/891
f 891/891/891 928/928/928 929/929/929
f 891/891/891 929/929/929 892/892/892
f 892/892/892 929/929/929 930/930/930
f 892/892/892 930/930/930 893/893/893
f 893/893/893 930/930/930 931/931/931
f 893/893/893 931/931/931 894/894/894
f 894/894/894 931/931/931 932/932/932
f 894/894/894 932/932/932 895/895/895
f 895/895/895 932/932/932 933/933/933
f 895/895/895 933/933/933 896/896/896
f 896/896/896 933/933/933 934/934/934
f 896/896/896 934/934/934 897/897/897
f 897/897/897 934/934/934 935/935/935
f 897/897/897 935/935/935 898/898/898
f 898/898/898 935/935/935 936/936/936
f 898/898/898 936/936/936 899/899/899
f 899/899/899 936/936/936 937/937/937
f 899/899/899 937/937/937 900/900/900
f 900/900/900 937/937/937 938/938/938
f 900/900/900 938/938/938 901/901/901
f 901/901/901 938/938/938 939/939/939
f 901/901/901 939/939/939 902/902/902
f 902/902/902 939/939/939 940/940/940
f 902/902/902 940/940/940 903/903/903
f 903/903/903 940/940/940 941/941/941
f 903/903/903 941/941/941 904/904/904
f 904/904/904 941/941/941 942/942/942
f 904/904/904 942/942/942 905/905/905
f 905/905/905 942/942/942 943/943/943
f 905/905/905 943/943/943 906/906/906
f 906/906/906 943/943/943 944/944/944
f 906/906/906 944/944/944 907/907/907
f 907/907/907 944/944/944 945/945/945
f 907/907/907 945/945/945 908/908/908
f 908/908/908 945/945/945 946/946/946
f 908/908/908 946/946/946 909/909/909
f 909/909/909 946/946/946 947/947/947
f 909/909/909 947/947/947 910/910/910
f 910/910/910 947/947/947 948/948/948
f 910/910/910 948/948/948 911/911/911
f 911/911/911 948/948/948 949/949/949
f 911/911/911 949/949/949 912/912/912
f 912/912/912 949/949/949 950/950/950
f 912/912/912 950/950/950 913/913/913
f 913/913/913 950/950/950 951/951/951
f 913/913/913 951/951/951 914/914/914
f 914/914/914 951/951/951 952/952/952
f 914/914/914 952/952/952 915/915/915
f 915/915/915 952/952/952 953/953/953
f 915/915/915 953/953/953 916/916/916
f 916/916/916 953/953/953 954/954/954
f 916/916/916 954/954/954 917/917/917
f 917/917/917 954/954/954 955/955/955
f 917/917/917 955/955/955 918/918/918
f 918/918/918 955/955/955 956/956/956
f 918/918/918 956/956/956 919/919/919
f 919/919/919 956/956/956 957/957/957
f 919/919/919 957/957/957 920/920/920
f 920/920/920 957/957/957 958/958/958
f 920/920/920 958/958/958 921/921/921
f 921/921/921 958/958/958 959/959/959
f 921/921/921 959/959/959 922/922/922
f 922/922/922 959/959/959 960/960/960
f 922/922/922 960/960/960 923/923/923
f 923/923/923 960/960/960 961/961/961
f 923/923/923 961/961/961 924/924/924
f 924/924/924 961/961/961 962/962/962
f 924/924/924 962/962/962 925/925/925
f 926/926/926 963/963/963 964/964/964
f 926/926/926 964/964/964 927/927/927
f 927/927/927 964/964/964 965/965/965
f 927/927/927 965/965/965 928/928/928
f 928/928/928 965/965/965 966/966/966
f 928/928/928 966/966/966 929/929/929
f 929/929/929 966/966/966 967/967/967
f 929/929/929 967/967/967 930/930/930
f 930/930/930 967/967/967 968/968/968
f 930/930/930 968/968/968 931/931/931
f 931/931/931 968/968/968 969/969/969
f 931/931/931 969/969/969 932/932/932
f 932/932/932 969/969/969 970/970/970
f 932/932/932 970/970/970 933/933/933
f 933/933/933 970/970/970 971/971/971
f 933/933/933 971/971/971 934/934/934
f 934/934/934 971/971/971 972/972/972
f 934/934/934 972/972/972 935/935/935
f 935/935/935 972/972/972 973/973/973
f 935/935/935 973/973/973 936/936/936
f 936/936/936 973/973/973 974/974/974
f 936/936/936 974/974/974 937/937/937
f 937/937/937 974/974/974 975/975/975
f 937/937/937 975/975/975 938/938/938
f 938/938/938 975/975/975 976/976/976
f 938/938/938 976/976/976 939/939/939
f 939/939/939 976/976/976 977/977/977
f 939/939/939 977/977/977 940/940/940
f 940/940/940 977/977/977 978/978/978
f 940/940/940 978/978/978 941/941/941
f 941/941/941 978/978/978 979/979/979
f 941/941/941 979/979/979 942/942/942
f 942/942/942 979/979/979 980/980/980
f 942/942/942 980/980/980 943/943/943
f 943/943/943 980/980/980 981/981/981
f 943/943/943 981/981/981 944/944/944
f 944/944/944 981/981/981 982/982/982
f 944/944/944 982/982/982 945/945/945
f 945/945/945 982/982/982 983/983/983
f 945/945/945 983/983/983 946/946/946
f 946/946/946 983/983/983 984/984/984
f 946/946/946 984/984/984 947/947/947
f 947/947/947 984/984/984 985/985/985
f 947/947/947 985/985/985 948/948/948
f 948/948/948 985/985/985 986/986/986
f 948/948/948 986/986/986 949/949/949
f 949/949/949 986/986/986 987/987/987
f 949/949/949 987/987/987 950/950/950
f 950/950/950 987/987/987 988/988/988
f 950/950/950 988/988/988 951/951/951
f 951/951/951 988/988/988 989/989/989
f 951/951/951 989/989/989 952/952/952
f 952/952/952 989/989/989 990/990/990
f 952/952/952 990/990/990 953/953/953
f 953/953/953 990/990/990 991/991/991
f 953/953/953 991/991/991 954/954/954
f 954/954/954 991/991/991 992/992/992
f 954/954/954 992/992/992 955/955/955
f 955/955/955 992/992/992 993/993/993
f 955/955/955 993/993/993 956/956/956
f 956/956/956 993/993/993 994/994/994
f 956/956/956 994/994/994 957/957/957
f 957/957/957 994/994/994 995/995/995
f 957/957/957 995/995/995 958/958/958
f 958/958/958 995/995/995 996/996/996
f 958/958/958 996/996/996 959/959/959
f 959/959/959 996/996/996 997/997/997
f 959/959/959 997/997/997 960/960/960
f 960/960/960 997/997/997 998/998/998
f 960/960/960 998/998/998 961/961/961
f 961/961/961 998/998/998 999/999/999
f 961/961/961 999/999/999 962/962/962
f 963/963/963 1000/1000/1000 1001/1001/1001
f 963/963/963 1001/1001/1001 964/964/964
f 964/964/964 1001/1001/1001 1002/1002/1002
f 964/964/964 1002/1002/1002 965/965/965
f 965/965/965 1002/1002/1002 1003/1003/1003
f 965/965/965 1003/1003/1003 966/966/966
f 966/966/966 1003/1003/1003 1004/1004/1004
f 966/966/966 1004/1004/1004 967/967/967
f 967/967/967 1004/1004/1004 1005/1005/1005
f 967/967/967 1005/1005/1005 968/968/968
f 968/968/968 1005/1005/1005 1006/1006/1006
f 968/968/968 1006/1006/1006 969/969/969
f 969/969/969 1006/1006/1006 1007/1007/1007
f 969/969/969 1007/1007/1007 970/970/970
f 970/970/970 1007/1007/1007 1008/1008/1008
f 970/970/970 1008/1008/1008 971/971/971
f 971/971/971 1008/1008/1008 1009/1009/1009
f 971/971/971 1009/1009/1009 972/972/972
f 972/972/972 1009/1009/1009 1010/1010/1010
f 972/972/972 1010/1010/1010 973/973/973
f 973/973/973 1010/1010/1010 1011/1011/1011
f 973/973/973 1011/1011/1011 974/974/974
f 974/974/974 1011/1011/1011 1012/1012/1012
f 974/974/974 1012/1012/1012 975/975/975
f 975/975/975 1012/1012/1012 1013/1013/1013
f 975/975/975 1013/1013/1013 976/976/976
f 976/976/976 1013/1013/1013 1014/1014/1014
f 976/976/976 1014/1014/1014 977/977/977
f 977/977/977 1014/1014/1014 1015/1015/1015
f 977/977/977 1015/1015/1015 978/978/978
f 978/978/978 1015/1015/1015 1016/1016/1016
f 978/978/978 1016/1016/1016 979/979/979
f 979/979/979 1016/1016/1016 1017/1017/1017
f 979/979/979 1017/1017/1017 980/980/980
f 980/980/980 1017/1017/1017 1018/1018/1018
f 980/980/980 1018/1018/1018 981/981/981
f 981/981/981 1018/1018/1018 1019/1019/1019
f 981/981/981 1019/1019/1019 982/982/982
f 982/982/982 1019/1019/1019 1020/1020/1020
f 982/982/982 1020/1020/1020 983/983/983
f 983/983/983 1020/1020/1020 1021/1021/1021
f 983/983/983 1021/1021/1021 984/984/984
f 984/984/984 1021/1021/1021 1022/1022/1022
f 984/984/984 1022/1022/1022 985/985/985
f 985/985/985 1022/1022/1022 1023/1023/1023
f 985/985/985 1023/1023/1023 986/986/986
f 986/986/986 1023/1023/1023 1024/1024/1024
f 986/986/986 1024/1024/1024 987/987/987
f 987/987/987 1024/1024/1024 1025/1025/1025
f 987/987/987 1025/1025/1025 988/988/988
f 988/988/988 1025/1025/1025 1026/1026/1026
f 988/988/988 1026/1026/1026 989/989/989
f 989/989/989 1026/1026/1026 1027/1027/1027
f 989/989/989 1027/1027/1027 990/990/990
f 990/990/990 1027/1027/1027 1028/1028/1028
f 990/990/990 1028/1028/1028 991/991/991
f 991/991/991 1028/1028/1028 1029/1029/1029
f 991/991/991 1029/1029/1029 992/992/992
f 992/992/992 1029/1029/1029 1030/1030/1030
f 992/992/992 1030/1030/1030 993/993/993
f 993/993/993 1030/1030/1030 1031/1031/1031
f 993/993/993 1031/1031/1031 994/994/994
f 994/994/994 1031/1031/1031 1032/1032/1032
f 994/994/994 1032/1032/1032 995/995/995
f 995/995/995 1032/1032/1032 1033/1033/1033
f 995/995/995 1033/1033/1033 996/996/996
f 996/996/996 1033/1033/1033 1034/1034/1034
f 996/996/996 1034/1034/1034 997/997/997
f 997/997/997 1034/1034/1034 1035/1035/1035
f 997/997/997 1035/1035/1035 998/998/998
f 998/998/998 1035/1035/1035 1036/1036/1036
f 998/998/998 1036/1036/1036 999/999/999
f 1000/1000/1000 1037/1037/1037 1038/1038/1038
f 1000/1000/1000 1038/1038/1038 1001/1001/1001
f 1001/1001/1001 1038/1038/1038 1039/1039/1039
f 1001/1001/1001 1039/1039/1039 1002/1002/1002
f 1002/1002/1002 1039/1039/1039 1040/1040/1040
f 1002/1002/1002 1040/1040/1040 1003/1003/1003
f 1003/1003/1003 1040/1040/1040 1041/1041/1041
f 1003/1003/1003 1041/1041/1041 1004/1004/1004
f 1004/1004/1004 1041/1041/1041 1042/1042/1042
f 1004/1004/1004 1042/1042/1042 1005/1005/1005
f 1005/1005/1005 1042/1042/1042 1043/1043/1043
f 1005/1005/1005 1043/1043/1043 1006/1006/1006
f 1006/1006/1006 1043/1043/1043 1044/1044/1044
f 1006/1006/1006 1044/1044/1044 1007/1007/1007
f 1007/1007/1007 1044/1044/1044 1045/1045/1045
f 1007/1007/1007 1045/1045/1045 1008/1008/1008
f 1008/1008/1008 1045/1045/1045 1046/1046/1046
f 1008/1008/1008 1046/1046/1046 1009/1009/1009
f 1009/1009/1009 1046/1046/1046 1047/1047/1047
f 1009/1009/1009 1047/1047/1047 1010/1010/1010
f 1010/1010/1010 1047/1047/1047 1048/1048/1048
f 1010/1010/1010 1048/1048/1048 1011/1011/1011
f 1011/1011/1011 1048/1048/1048 1049/1049/1049
f 1011/1011/1011 1049/1049/1049 1012/1012/1012
f 1012/1012/1012 1049/1049/1049 1050/1050/1050
f 1012/1012/1012 1050/1050/1050 1013/1013/1013
f 1013/1013/1013 1050/1050/1050 1051/1051/1051
f 1013/1013/1013 1051/1051/1051 1014/1014/1014
f 1014/1014/1014 1051/1051/1051 1052/1052/1052
f 1014/1014/1014 1052/1052/1052 1015/1015/1015
f 1015/1015/1015 1052/1052/1052 1053/1053/1053
f 1015/1015/1015 1053/1053/1053 1016/1016/1016
f 1016/1016/1016 1053/1053/1053 1054/1054/1054
f 1016/1016/1016 1054/1054/1054 1017/1017/1017
f 1017/1017/1017 1054/1054/1054 1055/1055/1055
f 1017/1017/1017 1055/1055/1055 1018/1018/1018
f 1018/1018/1018 1055/1055/1055 1056/1056/1056
f 1018/1018/1018 1056/1056/1056 1019/1019/1019
f 1019/1019/1019 1056/1056/1056 1057/1057/1057
f 1019/1019/1019 1057/1057/1057 1020/1020/1020
f 1020/1020/1020 1057/1057/1057 1058/1058/1058
f 1020/1020/1020 1058/1058/1058 1021/1021/1021
f 1021/1021/1021 1058/1058/1058 1059/1059/1059
f 1021/1021/1021 1059/1059/1059 1022/1022/1022
f 1022/1022/1022 1059/1059/1059 1060/1060/1060
f 1022/1022/1022 1060/1060/1060 1023/1023/1023
f 1023/1023/1023 1060/1060/1060 1061/1061/1061
f 1023/1023/1023 1061/1061/1061 1024/1024/1024
f 1024/1024/1024 1061/1061/1061 1062/1062/1062
f 1024/1024/1024 1062/1062/1062 1025/1025/1025
f 1025/1025/1025 1062/1062/1062 1063/1063/1063
f 1025/1025/1025 1063/1063/1063 1026/1026/1026
f 1026/1026/1026 1063/1063/1063 1064/1064/1064
f 1026/1026/1026 1064/1064/1064 1027/1027/1027
f 1027/1027/1027 1064/1064/1064 1065/1065/1065
f 1027/1027/1027 1065/1065/1065 1028/1028/1028
f 1028/1028/1028 1065/1065/1065 1066/1066/1066
f 1028/1028/1028 1066/1066/1066 1029/1029/1029
f 1029/1029/1029 1066/1066/1066 1067/1067/1067
f 1029/1029/1029 1067/1067/1067 1030/1030/1030
f 1030/1030/1030 1067/1067/1067 1068/1068/1068
f 1030/1030/1030 1068/1068/1068 1031/1031/1031
f 1031/1031/1031 1068/1068/1068 1069/1069/1069
f 1031/1031/1031 1069/1069/1069 1032/1032/1032
f 1032/1032/1032 1069/1069/1069 1070/1070/1070
f 1032/1032/1032 1070/1070/1070 1033/1033/1033
f 1033/1033/1033 1070/1070/1070 1071/1071/1071
f 1033/1033/1033 1071/1071/1071 1034/1034/1034
f 1034/1034/1034 1071/1071/1071 1072/1072/1072
f 1034/1034/1034 1072/1072/1072 1035/1035/1035
f 1035/1035/1035 1072/1072/1072 1073/1073/1073
f 1035/1035/1035 1073/1073/1073 1036/1036/1036
f 1037/1037/1037 1074/1074/1074 1075/1075/1075
f 1037/1037/1037 1075/1075/1075 1038/1038/1038
f 1038/1038/1038 1075/1075/1075 1076/1076/1076
f 1038/1038/1038 1076/1076/1076 1039/1039/1039
f 1039/1039/1039 1076/1076/1076 1077/1077/1077
f 1039/1039/1039 1077/1077/1077 1040/1040/1040
f 1040/1040/1040 1077/1077/1077 1078/1078/1078
f 1040/1040/1040 1078/1078/1078 1041/1041/1041
f 1041/1041/1041 1078/1078/1078 1079/1079/1079
f 1041/1041/1041 1079/1079/1079 1042/1042/1042
f 1042/1042/1042 1079/1079/1079 1080/1080/1080
f 1042/1042/1042 1080/1080/1080 1043/1043/1043
f 1043/1043/1043 1080/1080/1080 1081/1081/1081
f 1043/1043/1043 1081/1081/1081 1044/1044/1044
f 1044/1044/1044 1081/1081/1081 1082/1082/1082
f 1044/1044/1044 1082/1082/1082 1045/1045/1045
f 1045/1045/1045 1082/1082/1082 1083/1083/1083
f 1045/1045/1045 1083/1083/1083 1046/1046/1046
f 1046/1046/1046 1083/1083/1083 1084/1084/1084
f 1046/1046/1046 1084/1084/1084 1047/1047/1047
f 1047/1047/1047 1084/1084/1084 1085/1085/1085
f 1047/1047/1047 1085/1085/1085 1048/1048/1048
f 1048/1048/1048 1085/1085/1085 1086/1086/1086
f 1048/1048/1048 1086/1086/1086 1049/1049/1049
f 1049/1049/1049 1086/1086/1086 1087/1087/1087
f 1049/1049/1049 1087/1087/1087 1050/1050/1050
f 1050/1050/1050 1087/1087/1087 1088/1088/1088
f 1050/1050/1050 1088/1088/1088 1051/1051/1051
f 1051/1051/1051 1088/1088/1088 1089/1089/1089
f 1051/1051/1051 1089/1089/1089 1052/1052/1052
f 1052/1052/1052 1089/1089/1089 1090/1090/1090
f 1052/1052/1052 1090/1090/1090 1053/1053/1053
f 1053/1053/1053 1090/1090/1090 1091/1091/1091
f 1053/1053/1053 1091/1091/1091 1054/1054/1054
f 1054/1054/1054 1091/1091/1091 1092/1092/1092
f 1054/1054/1054 1092/1092/1092 1055/1055/1055
f 1055/1055/1055 1092/1092/1092 1093/1093/1093
f 1055/1055/1055 1093/1093/1093 1056/1056/1056
f 1056/1056/1056 1093/1093/1093 1094/1094/1094
f 1056/1056/1056 1094/1094/1094 1057/1057/1057
f 1057/1057/1057 1094/1094/1094 1095/1095/1095
f 1057/1057/1057 1095/1095/1095 1058/1058/1058
f 1058/1058/1058 1095/1095/1095 1096/1096/1096
f 1058/1058/1058 1096/1096/1096 1059/1059/1059
f 1059/1059/1059 1096/1096/1096 1097/1097/1097
f 1059/1059/1059 1097/1097/1097 1060/1060/1060
f 1060/1060/1060 1097/1097/1097 1098/1098/1098
f 1060/1060/1060 1098/1098/1098 1061/1061/1061
f 1061/1061/1061 1098/1098/1098 1099/1099/1099
f 1061/1061/1061 1099/1099/1099 1062/1062/1062
f 1062/1062/1062 1099/1099/1099 1100/1100/1100
f 1062/1062/1062 1100/1100/1100 1063/1063/1063
f 1063/1063/1063 1100/1100/1100 1101/1101/1101
f 1063/1063/1063 1101/1101/1101 1064/1064/1064
f 1064/1064/1064 1101/1101/1101 1102/1102/1102
f 1064/1064/1064 1102/1102/1102 1065/1065/1065
f 1065/1065/1065 1102/1102/1102 1103/1103/1103
f 1065/1065/1065 1103/1103/1103 1066/1066/1066
f 1066/1066/1066 1103/1103/1103 1104/1104/1104
f 1066/1066/1066 1104/1104/1104 1067/1067/1067
f 1067/1067/1067 1104/1104/1104 1105/1105/1105
f 1067/1067/1067 1105/1105/1105 1068/1068/1068
f 1068/1068/1068 1105/1105/1105 1106/1106/1106
f 1068/1068/1068 1106/1106/1106 1069/1069/1069
f 1069/1069/1069 1106/1106/1106 1107/1107/1107
f 1069/1069/1069 1107/1107/1107 1070/1070/1070
f 1070/1070/1070 1107/1107/1107 1108/1108/1108
f 1070/1070/1070 1108/1108/1108 1071/1071/1071
f 1071/1071/1071 1108/1108/1108 1109/1109/1109
f 1071/1071/1071 1109/1109/1109 1072/1072/1072
f 1072/1072/1072 1109/1109/1109 1110/1110/1110
f 1072/1072/1072 1110/1110/1110 1073/1073/1073
f 1074/1074/1074 1111/1111/1111 1112/1112/1112
f 1074/1074/1074 1112/1112/1112 1075/1075/1075
f 1075/1075/1075 1112/1112/1112 1113/1113/1113
f 1075/1075/1075 1113/1113/1113 1076/1076/1076
f 1076/1076/1076 1113/1113/1113 1114/1114/1114
f 1076/1076/1076 1114/1114/1114 1077/1077/1077
f 1077/1077/1077 1114/1114/1114 1115/1115/1115
f 1077/1077/1077 1115/1115/1115 1078/1078/1078
f 1078/1078/1078 1115/1115/1115 1116/1116/1116
f 1078/1078/1078 1116/1116/1116 1079/1079/1079
f 1079/1079/1079 1116/1116/1116 1117/1117/1117
f 1079/1079/1079 1117/1117/1117 1080/1080/1080
f 1080/1080/1080 1117/1117/1117 1118/1118/1118
f 1080/1080/1080 1118/1118/1118 1081/1081/1081
f 1081/1081/1081 1118/1118/1118 1119/1119/1119
f 1081/1081/1081 1119/1119/1119 1082/1082/1082
f 1082/1082/1082 1119/1119/1119 1120/1120/1120
f 1082/1082/1082 1120/1120/1120 1083/1083/1083
f 1083/1083/1083 1120/1120/1120 1121/1121/1121
f 1083/1083/1083 1121/1121/1121 1084/1084/1084
f 1084/1084/1084 1121/1121/1121 1122/1122/1122
f 1084/1084/1084 1122/1122/1122 1085/1085/1085
f 1085/1085/1085 1122/1122/1122 1123/1123/1123
f 1085/1085/1085 1123/1123/1123 1086/1086/1086
f 1086/1086/1086 1123/1123/1123 1124/1124/1124
f 1086/1086/1086 1124/1124/1124 1087/1087/1087
f 1087/1087/1087 1124/1124/1124 1125/1125/1125
f 1087/1087/1087 1125/1125/1125 1088/1088/1088
f 1088/1088/1088 1125/1125/1125 1126/1126/1126
f 1088/1088/1088 1126/1126/1126 1089/1089/1089
f 1089/1089/1089 1126/1126/1126 1127/1127/1127
f 1089/1089/1089 1127/1127/1127 1090/1090/1090
f 1090/1090/1090 1127/1127/1127 1128/1128/1128
f 1090/1090/1090 1128/1128/1128 1091/1091/1091
f 1091/1091/1091 1128/1128/1128 1129/1129/1129
f 1091/1091/1091 1129/1129/1129 1092/1092/1092
f 1092/1092/1092 1129/1129/1129 1130/1130/1130
f 1092/1092/1092 1130/1130/1130 1093/1093/1093
f 1093/1093/1093 1130/1130/1130 1131/1131/1131
f 1093/1093/1093 1131/1131/1131 1094/1094/1094
f 1094/1094/1094 1131/1131/1131 1132/1132/1132
f 1094/1094/1094 1132/1132/1132 1095/1095/1095
f 1095/1095/1095 1132/1132/1132 1133/1133/1133
f 1095/1095/1095 1133/1133/1133 1096/1096/1096
f 1096/1096/1096 1133/1133/1133 1134/1134/1134
f 1096/1096/1096 1134/1134/1134 1097/1097/1097
f 1097/1097/1097 1134/1134/1134 1135/1135/1135
f 1097/1097/1097 1135/1135/1135 1098/1098/1098
f 1098/1098/1098 1135/1135/1135 1136/1136/1136
f 1098/1098/1098 1136/1136/1136 1099/1099/1099
f 1099/1099/1099 1136/1136/1136 1137/1137/1137
f 1099/1099/1099 1137/1137/1137 1100/1100/1100
f 1100/1100/1100 1137/1137/1137 1138/1138/1138
f 1100/1100/1100 1138/1138/1138 1101/1101/1101
f 1101/1101/1101 1138/1138/1138 1139/1139/1139
f 1101/1101/1101 1139/1139/1139 1102/1102/1102
f 1102/1102/1102 1139/1139/1139 1140/1140/1140
f 1102/1102/1102 1140/1140/1140 1103/1103/1103
f 1103/1103/1103 1140/1140/1140 1141/1141/1141
f 1103/1103/1103 1141/1141/1141 1104/1104/1104
f 1104/1104/1104 1141/1141/1141 1142/1142/1142
f 1104/1104/1104 1142/1142/1142 1105/1105/1105
f 1105/1105/1105 1142/1142/1142 1143/1143/1143
f 1105/1105/1105 1143/1143/1143 1106/1106/1106
f 1106/1106/1106 1143/1143/1143 1144/1144/1144
f 1106/1106/1106 1144/1144/1144 1107/1107/1107
f 1107/1107/1107 1144/1144/1144 1145/1145/1145
f 1107/1107/1107 1145/1145/1145 1108/1108/1108
f 1108/1108/1108 1145/1145/1145 1146/1146/1146
f 1108/1108/1108 1146/1146/1146 1109/1109/1109
f 1109/1109/1109 1146/1146/1146 1147/1147/1147
f 1109/1109/1109 1147/1147/1147 1110/1110/1110
f 1111/1111/1111 1148/1148/1148 1149/1149/1149
f 1111/1111/1111 1149/1149/1149 1112/1112/1112
f 1112/1112/1112 1149/1149/1149 1150/1150/1150
f 1112/1112/1112 1150/1150/1150 1113/1113/1113
f 1113/1113/1113 1150/1150/1150 1151/1151/1151
f 1113/1113/1113 1151/1151/1151 1114/1114/1114
f 1114/1114/1114 1151/1151/1151 1152/1152/1152
f 1114/1114/1114 1152/1152/1152 1115/1115/1115
f 1115/1115/1115 1152/1152/1152 1153/1153/1153
f 1115/1115/1115 1153/1153/1153 1116/1116/1116
f 1116/1116/1116 1153/1153/1153 1154/1154/1154
f 1116/1116/1116 1154/1154/1154 1117/1117/1117
f 1117/1117/1117 1154/1154/1154 1155/1155/1155
f 1117/1117/1117 1155/1155/1155 1118/1118/1118
f 1118/1118/1118 1155/1155/1155 1156/1156/1156
f 1118/1118/1118 1156/1156/1156 1119/1119/1119
f 1119/1119/1119 1156/1156/1156 1157/1157/1157
f 1119/1119/1119 1157/1157/1157 1120/1120/1120
f 1120/1120/1120 1157/1157/1157 1158/1158/1158
f 1120/1120/1120 1158/1158/1158 1121/1121/1121
f 1121/1121/1121 1158/1158/1158 1159/1159/1159
f 1121/1121/1121 1159/1159/1159 1122/1122/1122
f 1122/1122/1122 1159/1159/1159 1160/1160/1160
f 1122/1122/1122 1160/1160/1160 1123/1123/1123
f 1123/1123/1123 1160/1160/1160 1161/1161/1161
f 1123/1123/1123 1161/1161/1161 1124/1124/1124
f 1124/1124/1124 1161/1161/1161 1162/1162/1162
f 1124/1124/1124 1162/1162/1162 1125/1125/1125
f 1125/1125/1125 1162/1162/1162 1163/1163/1163
f 1125/1125/1125 1163/1163/1163 1126/1126/1126
f 1126/1126/1126 1163/1163/1163 1164/1164/1164
f 1126/1126/1126 1164/1164/1164 1127/1127/1127
f 1127/1127/1127 1164/1164/1164 1165/1165/1165
f 1127/1127/1127 1165/1165/1165 1128/1128/1128
f 1128/1128/1128 1165/1165/1165 1166/1166/1166
f 1128/1128/1128 1166/1166/1166 1129/1129/1129
f 1129/1129/1129 1166/1166/1166 1167/1167/1167
f 1129/1129/1129 1167/1167/1167 1130/1130/1130
f 1130/1130/1130 1167/1167/1167 1168/1168/1168
f 1130/1130/1130 1168/1168/1168 1131/1131/1131
f 1131/1131/1131 1168/1168/1168 1169/1169/1169
f 1131/1131/1131 1169/1169/1169 1132/1132/1132
f 1132/1132/1132 1169/1169/1169 1170/1170/1170
f 1132/1132/1132 1170/1170/1170 1133/1133/1133
f 1133/1133/1133 1170/1170/1170 1171/1171/1171
f 1133/1133/1133 1171/1171/1171 1134/1134/1134
f 1134/1134/1134 1171/1171/1171 1172/1172/1172
f 1134/1134/1134 1172/1172/1172 1135/1135/1135
f 1135/1135/1135 1172/1172/1172 1173/1173/1173
f 1135/1135/1135 1173/1173/1173 1136/1136/1136
f 1136/1136/1136 1173/1173/1173 1174/1174/1174
f 1136/1136/1136 1174/1174/1174 1137/1137/1137
f 1137/1137/1137 1174/1174/1174 1175/1175/1175
f 1137/1137/1137 1175/1175/1175 1138/1138/1138
f 1138/1138/1138 1175/1175/1175 1176/1176/1176
f 1138/1138/1138 1176/1176/1176 1139/1139/1139
f 1139/1139/1139 1176/1176/1176 1177/1177/1177
f 1139/1139/1139 1177/1177/1177 1140/1140/1140
f 1140/1140/1140 1177/1177/1177 1178/1178/1178
f 1140/1140/1140 1178/1178/1178 1141/1141/1141
f 1141/1141/1141 1178/1178/1178 1179/1179/1179
f 1141/1141/1141 1179/1179/1179 1142/1142/1142
f 1142/1142/1142 1179/1179/1179 1180/1180/1180
f 1142/1142/1142 1180/1180/1180 1143/1143/1143
f 1143/1143/1143 1180/1180/1180 1181/1181/1181
f 1143/1143/1143 1181/1181/1181 1144/1144/1144
f 1144/1144/1144 1181/1181/1181 1182/1182/1182
f 1144/1144/1144 1182/1182/1182 1145/1145/1145
f 1145/1145/1145 1182/1182/1182 1183/1183/1183
f 1145/1145/1145 1183/1183/1183 1146/1146/1146
f 1146/1146/1146 1183/1183/1183 1184/1184/1184
f 1146/1146/1146 1184/1184/1184 1147/1147/1147
f 1148/1148/1148 1185/1185/1185 1186/1186/1186
f 1148/1148/1148 1186/1186/1186 1149/1149/1149
f 1149/1149/1149 1186/1186/1186 1187/1187/1187
f 1149/1149/1149 1187/1187/1187 1150/1150/1150
f 1150/1150/1150 1187/1187/1187 1188/1188/1188
f 1150/1150/1150 1188/1188/1188 1151/1151/1151
f 1151/1151/1151 1188/1188/1188 1189/1189/1189
f 1151/1151/1151 1189/1189/1189 1152/1152/1152
f 1152/1152/1152 1189/1189/1189 1190/1190/1190
f 1152/1152/1152 1190/1190/1190 1153/1153/1153
f 1153/1153/1153 1190/1190/1190 1191/1191/1191
f 1153/1153/1153 1191/1191/1191 1154/1154/1154
f 1154/1154/1154 1191/1191/1191 1192/1192/1192
f 1154/1154/1154 1192/1192/1192 1155/1155/1155
f 1155/1155/1155 1192/1192/1192 1193/1193/1193
f 1155/1155/1155 1193/1193/1193 1156/1156/1156
f 1156/1156/1156 1193/1193/1193 1194/1194/1194
f 1156/1156/1156 1194/1194/1194 1157/1157/1157
f 1157/1157/1157 1194/1194/1194 1195/1195/1195
f 1157/1157/1157 1195/1195/1195 1158/1158/1158
f 1158/1158/1158 1195/1195/1195 1196/1196/1196
f 1158/1158/1158 1196/1196/1196 1159/1159/1159
f 1159/1159/1159 1196/1196/1196 1197/1197/1197
f 1159/1159/1159 1197/1197/1197 1160/1160/1160
f 1160/1160/1160 1197/1197/1197 1198/1198/1198
f 1160/1160/1160 1198/1198/1198 1161/1161/1161
f 1161/1161/1161 1198/1198/1198 1199/1199/1199
f 1161/1161/1161 1199/1199/1199 1162/1162/1162
f 1162/1162/1162 1199/1199/1199 1200/1200/1200
f 1162/1162/1162 1200/1200/1200 1163/1163/1163
f 1163/1163/1163 1200/1200/1200 1201/1201/1201
f 1163/1163/1163 1201/1201/1201 1164/1164/1164
f 1164/1164/1164 1201/1201/1201 1202/1202/1202
f 1164/1164/1164 1202/1202/1202 1165/1165/1165
f 1165/1165/1165 1202/1202/1202 1203/1203/1203
f 1165/1165/1165 1203/1203/1203 1166/1166/1166
f 1166/1166/1166 1203/1203/1203 1204/1204/1204
f 1166/1166/1166 1204/1204/1204 1167/1167/1167
f 1167/1167/1167 1204/1204/1204 1205/1205/1205
f 1167/1167/1167 1205/1205/1205 1168/1168/1168
f 1168/1168/1168 1205/1205/1205 1206/1206/1206
f 1168/1168/1168 1206/1206/1206 1169/1169/1169
f 1169/1169/1169 1206/1206/1206 1207/1207/1207
f 1169/1169/1169 1207/1207/1207 1170/1170/1170
f 1170/1170/1170 1207/1207/1207 1208/1208/1208
f 1170/1170/1170 1208/1208/1208 1171/1171/1171
f 1171/1171/1171 1208/1208/1208 1209/1209/1209
f 1171/1171/1171 1209/1209/1209 1172/1172/1172
f 1172/1172/1172 1209/1209/1209 1210/1210/1210
f 1172/1172/1172 1210/1210/1210 1173/1173/1173
f 1173/1173/1173 1210/1210/1210 1211/1211/1211
f 1173/1173/1173 1211/1211/1211 1174/1174/1174
f 1174/1174/1174 1211/1211/1211 1212/1212/1212
f 1174/1174/1174 1212/1212/1212 1175/1175/1175
f 1175/1175/1175 1212/1212/1212 1213/1213/1213
f 1175/1175/1175 1213/1213/1213 1176/1176/1176
f 1176/1176/1176 1213/1213/1213 1214/1214/1214
f 1176/1176/1176 1214/1214/1214 1177/1177/1177
f 1177/1177/1177 1214/1214/1214 1215/1215/1215
f 1177/1177/1177 1215/1215/1215 1178/1178/1178
f 1178/1178/1178 1215/1215/1215 1216/1216/1216
f 1178/1178/1178 1216/1216/1216 1179/1179/1179
f 1179/1179/1179 1216/1216/1216 1217/1217/1217
f 1179/1179/1179 1217/1217/1217 1180/1180/1180
f 1180/1180/1180 1217/1217/1217 1218/1218/1218
f 1180/1180/1180 1218/1218/1218 1181/1181/1181
f 1181/1181/1181 1218/1218/1218 1219/1219/1219
f 1181/1181/1181 1219/1219/1219 1182/1182/1182
f 1182/1182/1182 1219/1219/1219 1220/1220/1220
f 1182/1182/1182 1220/1220/1220 1183/1183/1183
f 1183/1183/1183 1220/1220/1220 1221/1221/1221
f 1183/1183/1183 1221/1221/1221 1184/1184/1184
f 1185/1185/1185 1222/1222/1222 1223/1223/1223
f 1185/1185/1185 1223/1223/1223 1186/1186/1186
f 1186/1186/1186 1223/1223/1223 1224/1224/1224
f 1186/1186/1186 1224/1224/1224 1187/1187/1187
f 1187/1187/1187 1224/1224/1224 1225/1225/1225
f 1187/1187/1187 1225/1225/1225 1188/1188/1188
f 1188/1188/1188 1225/1225/1225 1226/1226/1226
f 1188/1188/1188 1226/1226/1226 1189/1189/1189
f 1189/1189/1189 1226/1226/1226 1227/1227/1227
f 1189/1189/1189 1227/1227/1227 1190/1190/1190
f 1190/1190/1190 1227/1227/1227 1228/1228/1228
f 1190/1190/1190 1228/1228/1228 1191/1191/1191
f 1191/1191/1191 1228/1228/1228 1229/1229/1229
f 1191/1191/1191 1229/1229/1229 1192/1192/1192
f 1192/1192/1192 1229/1229/1229 1230/1230/1230
f 1192/1192/1192 1230/1230/1230 1193/1193/1193
f 1193/1193/1193 1230/1230/1230 1231/1231/1231
f 1193/1193/1193 1231/1231/1231 1194/1194/1194
f 1194/1194/1194 1231/1231/1231 1232/1232/1232
f 1194/1194/1194 1232/1232/1232 1195/1195/1195
f 1195/1195/1195 1232/1232/1232 1233/1233/1233
f 1195/1195/1195 1233/1233/1233 1196/1196/1196
f 1196/1196/1196 1233/1233/1233 1234/1234/1234
f 1196/1196/1196 1234/1234/1234 1197/1197/1197
f 1197/1197/1197 1234/1234/1234 1235/1235/1235
f 1197/1197/1197 1235/1235/1235 1198/1198/1198
f 1198/1198/1198 1235/1235/1235 1236/1236/1236
f 1198/1198/1198 1236/1236/1236 1199/1199/1199
f 1199/1199/1199 1236/1236/1236 1237/1237/1237
f 1199/1199/1199 1237/1237/1237 1200/1200/1200
f 1200/1200/1200 1237/1237/1237 1238/1238/1238
f 1200/1200/1200 1238/1238/1238 1201/1201/1201
f 1201/1201/1201 1238/1238/1238 1239/1239/1239
f 1201/1201/1201 1239/1239/1239 1202/1202/1202
f 1202/1202/1202 1239/1239/1239 1240/1240/1240
f 1202/1202/1202 1240/1240/1240 1203/1203/1203
f 1203/1203/1203 1240/1240/1240 1241/1241/1241
f 1203/1203/1203 1241/1241/1241 1204/1204/1204
f 1204/1204/1204 1241/1241/1241 1242/1242/1242
f 1204/1204/1204 1242/1242/1242 1205/1205/1205
f 1205/1205/1205 1242/1242/1242 1243/1243/1243
f 1205/1205/1205 1243/1243/1243 1206/1206/1206
f 1206/1206/1206 1243/1243/1243 1244/1244/1244
f 1206/1206/1206 1244/1244/1244 1207/1207/1207
f 1207/1207/1207 1244/1244/1244 1245/1245/1245
f 1207/1207/1207 1245/1245/1245 1208/1208/1208
f 1208/1208/1208 1245/1245/1245 1246/1246/1246
f 1208/1208/1208 1246/1246/1246 1209/1209/1209
f 1209/1209/1209 1246/1246/1246 1247/1247/1247
f 1209/1209/1209 1247/1247/1247 1210/1210/1210
f 1210/1210/1210 1247/1247/1247 1248/1248/1248
f 1210/1210/1210 1248/1248/1248 1211/1211/1211
f 1211/1211/1211 1248/1248/1248 1249/1249/1249
f 1211/1211/1211 1249/1249/1249 1212/1212/1212
f 1212/1212/1212 1249/1249/1249 1250/1250/1250
f 1212/1212/1212 1250/1250/1250 1213/1213/1213
f 1213/1213/1213 1250/1250/1250 1251/1251/1251
f 1213/1213/1213 1251/1251/1251 1214/1214/1214
f 1214/1214/1214 1251/1251/1251 1252/1252/1252
f 1214/1214/1214 1252/1252/1252 1215/1215/1215
f 1215/1215/1215 1252/1252/1252 1253/1253/1253
f 1215/1215/1215 1253/1253/1253 1216/1216/1216
f 1216/1216/1216 1253/1253/1253 1254/1254/1254
f 1216/1216/1216 1254/1254/1254 1217/1217/1217
f 1217/1217/1217 1254/1254/1254 1255/1255/1255
f 1217/1217/1217 1255/1255/1255 1218/1218/1218
f 1218/1218/1218 1255/1255/1255 1256/1256/1256
f 1218/1218/1218 1256/1256/1256 1219/1219/1219
f 1219/1219/1219 1256/1256/1256 1257/1257/1257
f 1219/1219/1219 1257/1257/1257 1220/1220/1220
f 1220/1220/1220 1257/1257/1257 1258/1258/1258
f 1220/1220/1220 1258/1258/1258 1221/1221/1221
f 1222/1222/1222 1259/1259/1259 1260/1260/1260
f 1222/1222/1222 1260/1260/1260 1223/1223/1223
f 1223/1223/1223 1260/1260/1260 1261/1261/1261
f 1223/1223/1223 1261/1261/1261 1224/1224/1224
f 1224/1224/1224 1261/1261/1261 1262/1262/1262
f 1224/1224/1224 1262/1262/1262 1225/1225/1225
f 1225/1225/1225 1262/1262/1262 1263/1263/1263
f 1225/1225/1225 1263/1263/1263 1226/1226/1226
f 1226/1226/1226 1263/1263/1263 1264/1264/1264
f 1226/1226/1226 1264/1264/1264 1227/1227/1227
f 1227/1227/1227 1264/1264/1264 1265/1265/1265
f 1227/1227/1227 1265/1265/1265 1228/1228/1228
f 1228/1228/1228 1265/1265/1265 1266/1266/1266
f 1228/1228/1228 1266/1266/1266 1229/1229/1229
f 1229/1229/1229 1266/1266/1266 1267/1267/1267
f 1229/1229/1229 1267/1267/1267 1230/1230/1230
f 1230/1230/1230 1267/1267/1267 1268/1268/1268
f 1230/1230/1230 1268/1268/1268 1231/1231/1231
f 1231/1231/1231 1268/1268/1268 1269/1269/1269
f 1231/1231/1231 1269/1269/1269 1232/1232/1232
f 1232/1232/1232 1269/1269/1269 1270/1270/1270
f 1232/1232/1232 1270/1270/1270 1233/1233/1233
f 1233/1233/1233 1270/1270/1270 1271/1271/1271
f 1233/1233/1233 1271/1271/1271 1234/1234/1234
f 1234/1234/1234 1271/1271/1271 1272/1272/1272
f 1234/1234/1234 1272/1272/1272 1235/1235/1235
f 1235/1235/1235 1272/1272/1272 1273/1273/1273
f 1235/1235/1235 1273/1273/1273 1236/1236/1236
f 1236/1236/1236 1273/1273/1273 1274/1274/1274
f 1236/1236/1236 1274/1274/1274 1237/1237/1237
f 1237/1237/1237 1274/1274/1274 1275/1275/1275
f 1237/1237/1237 1275/1275/1275 1238/1238/1238
f 1238/1238/1238 1275/1275/1275 1276/1276/1276
f 1238/1238/1238 1276/1276/1276 1239/1239/1239
f 1239/1239/1239 1276/1276/1276 1277/1277/1277
f 1239/1239/1239 1277/1277/1277 1240/1240/1240
f 1240/1240/1240 1277/1277/1277 1278/1278/1278
f 1240/1240/1240 1278/1278/1278 1241/1241/1241
f 1241/1241/1241 1278/1278/1278 1279/1279/1279
f 1241/1241/1241 1279/1279/1279 1242/1242/1242
f 1242/1242/1242 1279/1279/1279 1280/1280/1280
f 1242/1242/1242 1280/1280/1280 1243/1243/1243
f 1243/1243/1243 1280/1280/1280 1281/1281/1281
f 1243/1243/1243 1281/1281/1281 1244/1244/1244
f 1244/1244/1244 1281/1281/1281 1282/1282/1282
f 1244/1244/1244 1282/1282/1282 1245/1245/1245
f 1245/1245/1245 1282/1282/1282 1283/1283/1283
f 1245/1245/1245 1283/1283/1283 1246/1246/1246
f 1246/1246/1246 1283/1283/1283 1284/1284/1284
f 1246/1246/1246 1284/1284/1284 1247/1247/1247
f 1247/1247/1247 1284/1284/1284 1285/1285/1285
f 1247/1247/1247 1285/1285/1285 1248/1248/1248
f 1248/1248/1248 1285/1285/1285 1286/1286/1286
f 1248/1248/1248 1286/1286/1286 1249/1249/1249
f 1249/1249/1249 1286/1286/1286 1287/1287/1287
f 1249/1249/1249 1287/1287/1287 1250/1250/1250
f 1250/1250/1250 1287/1287/1287 1288/1288/1288
f 1250/1250/1250 1288/1288/1288 1251/1251/1251
f 1251/1251/1251 1288/1288/1288 1289/1289/1289
f 1251/1251/1251 1289/1289/1289 1252/1252/1252
f 1252/1252/1252 1289/1289/1289 1290/1290/1290
f 1252/1252/1252 1290/1290/1290 1253/1253/1253
f 1253/1253/1253 1290/1290/1290 1291/1291/1291
f 1253/1253/1253 1291/1291/1291 1254/1254/1254
f 1254/1254/1254 1291/1291/1291 1292/1292/1292
f 1254/1254/1254 1292/1292/1292 1255/1255/1255
f 1255/1255/1255 1292/1292/1292 1293/1293/1293
f 1255/1255/1255 1293/1293/1293 1256/1256/1256
f 1256/1256/1256 1293/1293/1293 1294/1294/1294
f 1256/1256/1256 1294/1294/1294 1257/1257/1257
f 1257/1257/1257 1294/1294/1294 1295/1295/1295
f 1257/1257/1257 1295/1295/1295 1258/1258/1258
f 1259/1259/1259 1296/1296/1296 1297/1297/1297
f 1259/1259/1259 1297/1297/1297 1260/1260/1260
f 1260/1260/1260 1297/1297/1297 1298/1298/1298
f 1260/1260/1260 1298/1298/1298 1261/1261/1261
f 1261/1261/1261 1298/1298/1298 1299/1299/1299
f 1261/1261/1261 1299/1299/1299 1262/1262/1262
f 1262/1262/1262 1299/1299/1299 1300/1300/1300
f 1262/1262/1262 1300/1300/1300 1263/1263/1263
f 1263/1263/1263 1300/1300/1300 1301/1301/1301
f 1263/1263/1263 1301/1301/1301 1264/1264/1264
f 1264/1264/1264 1301/1301/1301 1302/1302/1302
f 1264/1264/1264 1302/1302/1302 1265/1265/1265
f 1265/1265/1265 1302/1302/1302 1303/1303/1303
f 1265/1265/1265 1303/1303/1303 1266/1266/1266
f 1266/1266/1266 1303/1303/1303 1304/1304/1304
f 1266/1266/1266 1304/1304/1304 1267/1267/1267
f 1267/1267/1267 1304/1304/1304 1305/1305/1305
f 1267/1267/1267 1305/1305/1305 1268/1268/1268
f 1268/1268/1268 1305/1305/1305 1306/1306/1306
f 1268/1268/1268 1306/1306/1306 1269/1269/1269
f 1269/1269/1269 1306/1306/1306 1307/1307/1307
f 1269/1269/1269 1307/1307/1307 1270/1270/1270
f 1270/1270/1270 1307/1307/1307 1308/1308/1308
f 1270/1270/1270 1308/1308/1308 1271/1271/1271
f 1271/1271/1271 1308/1308/1308 1309/1309/1309
f 1271/1271/1271 1309/1309/1309 1272/1272/1272
f 1272/1272/1272 1309/1309/1309 1310/1310/1310
f 1272/1272/1272 1310/1310/1310 1273/1273/1273
f 1273/1273/1273 1310/1310/1310 1311/1311/1311
f 1273/1273/1273 1311/1311/1311 1274/1274/1274
f 1274/1274/1274 1311/1311/1311 1312/1312/1312
f 1274/1274/1274 1312/1312/1312 1275/1275/1275
f 1275/1275/1275 1312/1312/1312 1313/1313/1313
f 1275/1275/1275 1313/1313/1313 1276/1276/1276
f 1276/1276/1276 1313/1313/1313 1314/1314/1314
f 1276/1276/1276 1314/1314/1314 1277/1277/1277
f 1277/1277/1277 1314/1314/1314 1315/1315/1315
f 1277/1277/1277 1315/1315/1315 1278/1278/1278
f 1278/1278/1278 1315/1315/1315 1316/1316/1316
f 1278/1278/1278 1316/1316/1316 1279/1279/1279
f 1279/1279/1279 1316/1316/1316 1317/1317/1317
f 1279/1279/1279 1317/1317/1317 1280/1280/1280
f 1280/1280/1280 1317/1317/1317 1318/1318/1318
f 1280/1280/1280 1318/1318/1318 1281/1281/1281
f 1281/1281/1281 1318/1318/1318 1319/1319/1319
f 1281/1281/1281 1319/1319/1319 1282/1282/1282
f 1282/1282/1282 1319/1319/1319 1320/1320/1320
f 1282/1282/1282 1320/1320/1320 1283/1283/1283
f 1283/1283/1283 1320/1320/1320 1321/1321/1321
f 1283/1283/1283 1321/1321/1321 1284/1284/1284
f 1284/1284/1284 1321/1321/1321 1322/1322/1322
f 1284/1284/1284 1322/1322/1322 1285/1285/1285
f 1285/1285/1285 1322/1322/1322 1323/1323/1323
f 1285/1285/1285 1323/1323/1323 1286/1286/1286
f 1286/1286/1286 1323/1323/1323 1324/1324/1324
f 1286/1286/1286 1324/1324/1324 1287/1287/1287
f 1287/1287/1287 1324/1324/1324 1325/1325/1325
f 1287/1287/1287 1325/1325/1325 1288/1288/1288
f 1288/1288/1288 1325/1325/1325 1326/1326/1326
f 1288/1288/1288 1326/1326/1326 1289/1289/1289
f 1289/1289/1289 1326/1326/1326 1327/1327/1327
f 1289/1289/1289 1327/1327/1327 1290/1290/1290
f 1290/1290/1290 1327/1327/1327 1328/1328/1328
f 1290/1290/1290 1328/1328/1328 1291/1291/1291
f 1291/1291/1291 1328/1328/1328 1329/1329/1329
f 1291/1291/1291 1329/1329/1329 1292/1292/1292
f 1292/1292/1292 1329/1329/1329 1330/1330/1330
f 1292/1292/1292 1330/1330/1330 1293/1293/1293
f 1293/1293/1293 1330/1330/1330 1331/1331/1331
f 1293/1293/1293 1331/1331/1331 1294/1294/1294
f 1294/1294/1294 1331/1331/1331 1332/1332/1332
f 1294/1294/1294 1332/1332/1332 1295/1295/1295
f 1296/1296/1296 1333/1333/1333 1334/1334/1334
f 1296/1296/1296 1334/1334/1334 1297/1297/1297
f 1297/1297/1297 1334/1334/1334 1335/1335/1335
f 1297/1297/1297 1335/1335/1335 1298/1298/1298
f 1298/1298/1298 1335/1335/1335 1336/1336/1336
f 1298/1298/1298 1336/1336/1336 1299/1299/1299
f 1299/1299/1299 1336/1336/1336 1337/1337/1337
f 1299/1299/1299 1337/1337/1337 1300/1300/1300
f 1300/1300/1300 1337/1337/1337 1338/1338/1338
f 1300/1300/1300 1338/1338/1338 1301/1301/1301
f 1301/1301/1301 1338/1338/1338 1339/1339/1339
f 1301/1301/1301 1339/1339/1339 1302/1302/1302
f 1302/1302/1302 1339/1339/1339 1340/1340/1340
f 1302/1302/1302 1340/1340/1340 1303/1303/1303
f 1303/1303/1303 1340/1340/1340 1341/1341/1341
f 1303/1303/1303 1341/1341/1341 1304/1304/1304
f 1304/1304/1304 1341/1341/1341 1342/1342/1342
f 1304/1304/1304 1342/1342/1342 1305/1305/1305
f 1305/1305/1305 1342/1342/1342 1343/1343/1343
f 1305/1305/1305 1343/1343/1343 1306/1306/1306
f 1306/1306/1306 1343/1343/1343 1344/1344/1344
f 1306/1306/1306 1344/1344/1344 1307/1307/1307
f 1307/1307/1307 1344/1344/1344 1345/1345/1345
f 1307/1307/1307 1345/1345/1345 1308/1308/1308
f 1308/1308/1308 1345/1345/1345 1346/1346/1346
f 1308/1308/1308 1346/1346/1346 1309/1309/1309
f 1309/1309/1309 1346/1346/1346 1347/1347/1347
f 1309/1309/1309 1347/1347/1347 1310/1310/1310
f 1310/1310/1310 1347/1347/1347 1348/1348/1348
f 1310/1310/1310 1348/1348/1348 1311/1311/1311
f 1311/1311/1311 1348/1348/1348 1349/1349/1349
f 1311/1311/1311 1349/1349/1349 1312/1312/1312
f 1312/1312/1312 1349/1349/1349 1350/1350/1350
f 1312/1312/1312 1350/1350/1350 1313/1313/1313
f 1313/1313/1313 1350/1350/1350 1351/1351/1351
f 1313/1313/1313 1351/1351/1351 1314/1314/1314
f 1314/1314/1314 1351/1351/1351 1352/1352/1352
f 1314/1314/1314 1352/1352/1352 1315/1315/1315
f 1315/1315/1315 1352/1352/1352 1353/1353/1353
f 1315/1315/1315 1353/1353/1353 1316/1316/1316
f 1316/1316/1316 1353/1353/1353 1354/1354/1354
f 1316/1316/1316 1354/1354/1354 1317/1317/1317
f 1317/1317/1317 1354/1354/1354 1355/1355/1355
f 1317/1317/1317 1355/1355/1355 1318/1318/1318
f 1318/1318/1318 1355/1355/1355 1356/1356/1356
f 1318/1318/1318 1356/1356/1356 1319/1319/1319
f 1319/1319/1319 1356/1356/1356 1357/1357/1357
f 1319/1319/1319 1357/1357/1357 1320/1320/1320
f 1320/1320/1320 1357/1357/1357 1358/1358/1358
f 1320/1320/1320 1358/1358/1358 1321/1321/1321
f 1321/1321/1321 1358/1358/1358 1359/1359/1359
f 1321/1321/1321 1359/1359/1359 1322/1322/1322
f 1322/1322/1322 1359/1359/1359 1360/1360/1360
f 1322/1322/1322 1360/1360/1360 1323/1323/1323
f 1323/1323/1323 1360/1360/1360 1361/1361/1361
f 1323/1323/1323 1361/1361/1361 1324/1324/1324
f 1324/1324/1324 1361/1361/1361 1362/1362/1362
f 1324/1324/1324 1362/1362/1362 1325/1325/1325
f 1325/1325/1325 1362/1362/1362 1363/1363/1363
f 1325/1325/1325 1363/1363/1363 1326/1326/1326
f 1326/1326/1326 1363/1363/1363 1364/1364/1364
f 1326/1326/1326 1364/1364/1364 1327/1327/1327
f 1327/1327/1327 1364/1364/1364 1365/1365/1365
f 1327/1327/1327 1365/1365/1365 1328/1328/1328
f 1328/1328/1328 1365/1365/1365 1366/1366/1366
f 1328/1328/1328 1366/1366/1366 1329/1329/1329
f 1329/1329/1329 1366/1366/1366 1367/1367/1367
f 1329/1329/1329 1367/1367/1367 1330/1330/1330
f 1330/1330/1330 1367/1367/1367 1368/1368/1368
f 1330/1330/1330 1368/1368/1368 1331/1331/1331
f 1331/1331/1331 1368/1368/1368 1369/1369/1369
f 1331/1331/1331 1369/1369/1369 1332/1332/1332
f 1333/1333/1333 1370/1370/1370 1371/1371/1371
f 1333/1333/1333 1371/1371/1371 1334/1334/1334
f 1334/1334/1334 1371/1371/1371 1372/1372/1372
f 1334/1334/1334 1372/1372/1372 1335/1335/1335
f 1335/1335/1335 1372/1372/1372 1373/1373/1373
f 1335/1335/1335 1373/1373/1373 1336/1336/1336
f 1336/1336/1336 1373/1373/1373 1374/1374/1374
f 1336/1336/1336 1374/1374/1374 1337/1337/1337
f 1337/1337/1337 1374/1374/1374 1375/1375/1375
f 1337/1337/1337 1375/1375/1375 1338/1338/1338
f 1338/1338/1338 1375/1375/1375 1376/1376/1376
f 1338/1338/1338 1376/1376/1376 1339/1339/1339
f 1339/1339/1339 1376/1376/1376 1377/1377/1377
f 1339/1339/1339 1377/1377/1377 1340/1340/1340
f 1340/1340/1340 1377/1377/1377 1378/1378/1378
f 1340/1340/1340 1378/1378/1378 1341/1341/1341
f 1341/1341/1341 1378/1378/1378 1379/1379/1379
f 1341/1341/1341 1379/1379/1379 1342/1342/1342
f 1342/1342/1342 1379/1379/1379 1380/1380/1380
f 1342/1342/1342 1380/1380/1380 1343/1343/1343
f 1343/1343/1343 1380/1380/1380 1381/1381/1381
f 1343/1343/1343 1381/1381/1381 1344/1344/1344
f 1344/1344/1344 1381/1381/1381 1382/1382/1382
f 1344/1344/1344 1382/1382/1382 1345/1345/1345
f 1345/1345/1345 1382/1382/1382 1383/1383/1383
f 1345/1345/1345 1383/1383/1383 1346/1346/1346
f 1346/1346/1346 1383/1383/1383 1384/1384/1384
f 1346/1346/1346 1384/1384/1384 1347/1347/1347
f 1347/1347/1347 1384/1384/1384 1385/1385/1385
f 1347/1347/1347 1385/1385/1385 1348/1348/1348
f 1348/1348/1348 1385/1385/1385 1386/1386/1386
f 1348/1348/1348 1386/1386/1386 1349/1349/1349
f 1349/1349/1349 1386/1386/1386 1387/1387/1387
f 1349/1349/1349 1387/1387/1387 1350/1350/1350
f 1350/1350/1350 1387/1387/1387 1388/1388/1388
f 1350/1350/1350 1388/1388/1388 1351/1351/1351
f 1351/1351/1351 1388/1388/1388 1389/1389/1389
f 1351/1351/1351 1389/1389/1389 1352/1352/1352
f 1352/1352/1352 1389/1389/1389 1390/1390/1390
f 1352/1352/1352 1390/1390/1390 1353/1353/1353
f 1353/1353/1353 1390/1390/1390 1391/1391/1391
f 1353/1353/1353 1391/1391/1391 1354/1354/1354
f 1354/1354/1354 1391/1391/1391 1392/1392/1392
f 1354/1354/1354 1392/1392/1392 1355/1355/1355
f 1355/1355/1355 1392/1392/1392 1393/1393/1393
f 1355/1355/1355 1393/1393/1393 1356/1356/1356
f 1356/1356/1356 1393/1393/1393 1394/1394/1394
f 1356/1356/1356 1394/1394/1394 1357/1357/1357
f 1357/1357/1357 1394/1394/1394 1395/1395/1395
f 1357/1357/1357 1395/1395/1395 1358/1358/1358
f 1358/1358/1358 1395/1395/1395 1396/1396/1396
f 1358/1358/1358 1396/1396/1396 1359/1359/1359
f 1359/1359/1359 1396/1396/1396 1397/1397/1397
f 1359/1359/1359 1397/1397/1397 1360/1360/1360
f 1360/1360/1360 1397/1397/1397 1398/1398/1398
f 1360/1360/1360 1398/1398/1398 1361/1361/1361
f 1361/1361/1361 1398/1398/1398 1399/1399/1399
f 1361/1361/1361 1399/1399/1399 1362/1362/1362
f 1362/1362/1362 1399/1399/1399 1400/1400/1400
f 1362/1362/1362 1400/1400/1400 1363/1363/1363
f 1363/1363/1363 1400/1400/1400 1401/1401/1401
f 1363/1363/1363 1401/1401/1401 1364/1364/1364
f 1364/1364/1364 1401/1401/1401 1402/1402/1402
f 1364/1364/1364 1402/1402/1402 1365/1365/1365
f 1365/1365/1365 1402/1402/1402 1403/1403/1403
f 1365/1365/1365 1403/1403/1403 1366/1366/1366
f 1366/1366/1366 1403/1403/1403 1404/1404/1404
f 1366/1366/1366 1404/1404/1404 1367/1367/1367
f 1367/1367/1367 1404/1404/1404 1405/1405/1405
f 1367/1367/1367 1405/1405/1405 1368/1368/1368
f 1368/1368/1368 1405/1405/1405 1406/1406/1406
f 1368/1368/1368 1406/1406/1406 1369/1369/1369
f 1370/1370/1370 1407/1407/1407 1408/1408/1408
f 1370/1370/1370 1408/1408/1408 1371/1371/1371
f 1371/1371/1371 1408/1408/1408 1409/1409/1409
f 1371/1371/1371 1409/1409/1409 1372/1372/1372
f 1372/1372/1372 1409/1409/1409 1410/1410/1410
f 1372/1372/1372 1410/1410/1410 1373/1373/1373
f 1373/1373/1373 1410/1410/1410 1411/1411/1411
f 1373/1373/1373 1411/1411/1411 1374/1374/1374
f 1374/1374/1374 1411/1411/1411 1412/1412/1412
f 1374/1374/1374 1412/1412/1412 1375/1375/1375
f 1375/1375/1375 1412/1412/1412 1413/1413/1413
f 1375/1375/1375 1413/1413/1413 1376/1376/1376
f 1376/1376/1376 1413/1413/1413 1414/1414/1414
f 1376/1376/1376 1414/1414/1414 1377/1377/1377
f 1377/1377/1377 1414/1414/1414 1415/1415/1415
f 1377/1377/1377 1415/1415/1415 1378/1378/1378
f 1378/1378/1378 1415/1415/1415 1416/1416/1416
f 1378/1378/1378 1416/1416/1416 1379/1379/1379
f 1379/1379/1379 1416/1416/1416 1417/1417/1417
f 1379/1379/1379 1417/1417/1417 1380/1380/1380
f 1380/1380/1380 1417/1417/1417 1418/1418/1418
f 1380/1380/1380 1418/1418/1418 1381/1381/1381
f 1381/1381/1381 1418/1418/1418 1419/1419/1419
f 1381/1381/1381 1419/1419/1419 1382/1382/1382
f 1382/1382/1382 1419/1419/1419 1420/1420/1420
f 1382/1382/1382 1420/1420/1420 1383/1383/1383
f 1383/1383/1383 1420/1420/1420 1421/1421/1421
f 1383/1383/1383 1421/1421/1421 1384/1384/1384
f 1384/1384/1384 1421/1421/1421 1422/1422/1422
f 1384/1384/1384 1422/1422/1422 1385/1385/1385
f 1385/1385/1385 1422/1422/1422 1423/1423/1423
f 1385/1385/1385 1423/1423/1423 1386/1386/1386
f 1386/1386/1386 1423/1423/1423 1424/1424/1424
f 1386/1386/1386 1424/1424/1424 1387/1387/1387
f 1387/1387/1387 1424/1424/1424 1425/1425/1425
f 1387/1387/1387 1425/1425/1425 1388/1388/1388
f 1388/1388/1388 1425/1425/1425 1426/1426/1426
f 1388/1388/1388 1426/1426/1426 1389/1389/1389
f 1389/1389/1389 1426/1426/1426 1427/1427/1427
f 1389/1389/1389 1427/1427/1427 1390/1390/1390
f 1390/1390/1390 1427/1427/1427 1428/1428/1428
f 1390/1390/1390 1428/1428/1428 1391/1391/1391
f 1391/1391/1391 1428/1428/1428 1429/1429/1429
f 1391/1391/1391 1429/1429/1429 1392/1392/1392
f 1392/1392/1392 1429/1429/1429 1430/1430/1430
f 1392/1392/1392 1430/1430/1430 1393/1393/1393
f 1393/1393/1393 1430/1430/1430 1431/1431/1431
f 1393/1393/1393 1431/1431/1431 1394/1394/1394
f 1394/1394/1394 1431/1431/1431 1432/1432/1432
f 1394/1394/1394 1432/1432/1432 1395/1395/1395
f 1395/1395/1395 1432/1432/1432 1433/1433/1433
f 1395/1395/1395 1433/1433/1433 1396/1396/1396
f 1396/1396/1396 1433/1433/1433 1434/1434/1434
f 1396/1396/1396 1434/1434/1434 1397/1397/1397
f 1397/1397/1397 1434/1434/1434 1435/1435/1435
f 1397/1397/1397 1435/1435/1435 1398/1398/1398
f 1398/1398/1398 1435/1435/1435 1436/1436/1436
f 1398/1398/1398 1436/1436/1436 1399/1399/1399
f 1399/1399/1399 1436/1436/1436 1437/1437/1437
f 1399/1399/1399 1437/1437/1437 1400/1400/1400
f 1400/1400/1400 1437/1437/1437 1438/1438/1438
f 1400/1400/1400 1438/1438/1438 1401/1401/1401
f 1401/1401/1401 1438/1438/1438 1439/1439/1439
f 1401/1401/1401 1439/1439/1439 1402/1402/1402
f 1402/1402/1402 1439/1439/1439 1440/1440/1440
f 1402/1402/1402 1440/1440/1440 1403/1403/1403
f 1403/1403/1403 1440/1440/1440 1441/1441/1441
f 1403/1403/1403 1441/1441/1441 1404/1404/1404
f 1404/1404/1404 1441/1441/1441 1442/1442/1442
f 1404/1404/1404 1442/1442/1442 1405/1405/1405
f 1405/1405/1405 1442/1442/1442 1443/1443/1443
f 1405/1405/1405 1443/1443/1443 1406/1406/1406
f 1407/1407/1407 1444/1444/1444 1445/1445/1445
f 1407/1407/1407 1445/1445/1445 1408/1408/1408
f 1408/1408/1408 1445/1445/1445 1446/1446/1446
f 1408/1408/1408 1446/1446/1446 1409/1409/1409
f 1409/1409/1409 1446/1446/1446 1447/1447/1447
f 1409/1409/1409 1447/1447/1447 1410/1410/1410
f 1410/1410/1410 1447/1447/1447 1448/1448/1448
f 1410/1410/1410 1448/1448/1448 1411/1411/1411
f 1411/1411/1411 1448/1448/1448 1449/1449/1449
f 1411/1411/1411 1449/1449/1449 1412/1412/1412
f 1412/1412/1412 1449/1449/1449 1450/1450/1450
f 1412/1412/1412 1450/1450/1450 1413/1413/1413
f 1413/1413/1413 1450/1450/1450 1451/1451/1451
f 1413/1413/1413 1451/1451/1451 1414/1414/1414
f 1414/1414/1414 1451/1451/1451 1452/1452/1452
f 1414/1414/1414 1452/1452/1452 1415/1415/1415
f 1415/1415/1415 1452/1452/1452 1453/1453/1453
f 1415/1415/1415 1453/1453/1453 1416/1416/1416
f 1416/1416/1416 1453/1453/1453 1454/1454/1454
f 1416/1416/1416 1454/1454/1454 1417/1417/1417
f 1417/1417/1417 1454/1454/1454 1455/1455/1455
f 1417/1417/1417 1455/1455/1455 1418/1418/1418
f 1418/1418/1418 1455/1455/1455 1456/1456/1456
f 1418/1418/1418 1456/1456/1456 1419/1419/1419
f 1419/1419/1419 1456/1456/1456 1457/1457/1457
f 1419/1419/1419 1457/1457/1457 1420/1420/1420
f 1420/1420/1420 1457/1457/1457 1458/1458/1458
f 1420/1420/1420 1458/1458/1458 1421/1421/1421
f 1421/1421/1421 1458/1458/1458 1459/1459/1459
f 1421/1421/1421 1459/1459/1459 1422/1422/1422
f 1422/1422/1422 1459/1459/1459 1460/1460/1460
f 1422/1422/1422 1460/1460/1460 1423/1423/1423
f 1423/1423/1423 1460/1460/1460 1461/1461/1461
f 1423/1423/1423 1461/1461/1461 1424/1424/1424
f 1424/1424/1424 1461/1461/1461 1462/1462/1462
f 1424/1424/1424 1462/1462/1462 1425/1425/1425
f 1425/1425/1425 1462/1462/1462 1463/1463/1463
f 1425/1425/1425 1463/1463/1463 1426/1426/1426
f 1426/1426/1426 1463/1463/1463 1464/1464/1464
f 1426/1426/1426 1464/1464/1464 1427/1427/1427
f 1427/1427/1427 1464/1464/1464 1465/1465/1465
f 1427/1427/1427 1465/1465/1465 1428/1428/1428
f 1428/1428/1428 1465/1465/1465 1466/1466/1466
f 1428/1428/1428 1466/1466/1466 1429/1429/1429
f 1429/1429/1429 1466/1466/1466 1467/1467/1467
f 1429/1429/1429 1467/1467/1467 1430/1430/1430
f 1430/1430/1430 1467/1467/1467 1468/1468/1468
f 1430/1430/1430 1468/1468/1468 1431/1431/1431
f 1431/1431/1431 1468/1468/1468 1469/1469/1469
f 1431/1431/1431 1469/1469/1469 1432/1432/1432
f 1432/1432/1432 1469/1469/1469 1470/1470/1470
f 1432/1432/1432 1470/1470/1470 1433/1433/1433
f 1433/1433/1433 1470/1470/1470 1471/1471/1471
f 1433/1433/1433 1471/1471/1471 1434/1434/1434
f 1434/1434/1434 1471/1471/1471 1472/1472/1472
f 1434/1434/1434 1472/1472/1472 1435/1435/1435
f 1435/1435/1435 1472/1472/1472 1473/1473/1473
f 1435/1435/1435 1473/1473/1473 1436/1436/1436
f 1436/1436/1436 1473/1473/1473 1474/1474/1474
f 1436/1436/1436 1474/1474/1474 1437/1437/1437
f 1437/1437/1437 1474/1474/1474 1475/1475/1475
f 1437/1437/1437 1475/1475/1475 1438/1438/1438
f 1438/1438/1438 1475/1475/1475 1476/1476/1476
f 1438/1438/1438 1476/1476/1476 1439/1439/1439
f 1439/1439/1439 1476/1476/1476 1477/1477/1477
f 1439/1439/1439 1477/1477/1477 1440/1440/1440
f 1440/1440/1440 1477/1477/1477 1478/1478/1478
f 1440/1440/1440 1478/1478/1478 1441/1441/1441
f 1441/1441/1441 1478/1478/1478 1479/1479/1479
f 1441/1441/1441 1479/1479/1479 1442/1442/1442
f 1442/1442/1442 1479/1479/1479 1480/1480/1480
f 1442/1442/1442 1480/1480/1480 1443/1443/1443
f 1444/1444/1444 1481/1481/1481 1482/1482/1482
f 1444/1444/1444 1482/1482/1482 1445/1445/1445
f 1445/1445/1445 1482/1482/1482 1483/1483/1483
f 1445/1445/1445 1483/1483/1483 1446/1446/1446
f 1446/1446/1446 1483/1483/1483 1484/1484/1484
f 1446/1446/1446 1484/1484/1484 1447/1447/1447
f 1447/1447/1447 1484/1484/1484 1485/1485/1485
f 1447/1447/1447 1485/1485/1485 1448/1448/1448
f 1448/1448/1448 1485/1485/1485 1486/1486/1486
f 1448/1448/1448 1486/1486/1486 1449/1449/1449
f 1449/1449/1449 1486/1486/1486 1487/1487/1487
f 1449/1449/1449 1487/1487/1487 1450/1450/1450
f 1450/1450/1450 1487/1487/1487 1488/1488/1488
f 1450/1450/1450 1488/1488/1488 1451/1451/1451
f 1451/1451/1451 1488/1488/1488 1489/1489/1489
f 1451/1451/1451 1489/1489/1489 1452/1452/1452
f 1452/1452/1452 1489/1489/1489 1490/1490/1490
f 1452/1452/1452 1490/1490/1490 1453/1453/1453
f 1453/1453/1453 1490/1490/1490 1491/1491/1491
f 1453/1453/1453 1491/1491/1491 1454/1454/1454
f 1454/1454/1454 1491/1491/1491 1492/1492/1492
f 1454/1454/1454 1492/1492/1492 1455/1455/1455
f 1455/1455/1455 1492/1492/1492 1493/1493/1493
f 1455/1455/1455 1493/1493/1493 1456/1456/1456
f 1456/1456/1456 1493/1493/1493 1494/1494/1494
f 1456/1456/1456 1494/1494/1494 1457/1457/1457
f 1457/1457/1457 1494/1494/1494 1495/1495/1495
f 1457/1457/1457 1495/1495/1495 1458/1458/1458
f 1458/1458/1458 1495/1495/1495 1496/1496/1496
f 1458/1458/1458 1496/1496/1496 1459/1459/1459
f 1459/1459/1459 1496/1496/1496 1497/1497/1497
f 1459/1459/1459 1497/1497/1497 1460/1460/1460
f 1460/1460/1460 1497/1497/1497 1498/1498/1498
f 1460/1460/1460 1498/1498/1498 1461/1461/1461
f 1461/1461/1461 1498/1498/1498 1499/1499/1499
f 1461/1461/1461 1499/1499/1499 1462/1462/1462
f 1462/1462/1462 1499/1499/1499 1500/1500/1500
f 1462/1462/1462 1500/1500/1500 1463/1463/1463
f 1463/1463/1463 1500/1500/1500 1501/1501/1501
f 1463/1463/1463 1501/1501/1501 1464/1464/1464
f 1464/1464/1464 1501/1501/1501 1502/1502/1502
f 1464/1464/1464 1502/1502/1502 1465/1465/1465
f 1465/1465/1465 1502/1502/1502 1503/1503/1503
f 1465/1465/1465 1503/1503/1503 1466/1466/1466
f 1466/1466/1466 1503/1503/1503 1504/1504/1504
f 1466/1466/1466 1504/1504/1504 1467/1467/1467
f 1467/1467/1467 1504/1504/1504 1505/1505/1505
f 1467/1467/1467 1505/1505/1505 1468/1468/1468
f 1468/1468/1468 1505/1505/1505 1506/1506/1506
f 1468/1468/1468 1506/1506/1506 1469/1469/1469
f 1469/1469/1469 1506/1506/1506 1507/1507/1507
f 1469/1469/1469 1507/1507/1507 1470/1470/1470
f 1470/1470/1470 1507/1507/1507 1508/1508/1508
f 1470/1470/1470 1508/1508/1508 1471/1471/1471
f 1471/1471/1471 1508/1508/1508 1509/1509/1509
f 1471/1471/1471 1509/1509/1509 1472/1472/1472
f 1472/1472/1472 1509/1509/1509 1510/1510/1510
f 1472/1472/1472 1510/1510/1510 1473/1473/1473
f 1473/1473/1473 1510/1510/1510 1511/1511/1511
f 1473/1473/1473 1511/1511/1511 1474/1474/1474
f 1474/1474/1474 1511/1511/1511 1512/1512/1512
f 1474/1474/1474 1512/1512/1512 1475/1475/1475
f 1475/1475/1475 1512/1512/1512 1513/1513/1513
f 1475/1475/1475 1513/1513/1513 1476/1476/1476
f 1476/1476/1476 1513/1513/1513 1514/1514/1514
f 1476/1476/1476 1514/1514/1514 1477/1477/1477
f 1477/1477/1477 1514/1514/1514 1515/1515/1515
f 1477/1477/1477 1515/1515/1515 1478/1478/1478
f 1478/1478/1478 1515/1515/1515 1516/1516/1516
f 1478/1478/1478 1516/1516/1516 1479/1479/1479
f 1479/1479/1479 1516/1516/1516 1517/1517/1517
f 1479/1479/1479 1517/1517/1517 1480/1480/1480
f 1481/1481/1481 1518/1518/1518 1519/1519/1519
f 1481/1481/1481 1519/1519/1519 1482/1482/1482
f 1482/1482/1482 1519/1519/1519 1520/1520/1520
f 1482/1482/1482 1520/1520/1520 1483/1483/1483
f 1483/1483/1483 1520/1520/1520 1521/1521/1521
f 1483/1483/1483 1521/1521/1521 1484/1484/1484
f 1484/1484/1484 1521/1521/1521 1522/1522/1522
f 1484/1484/1484 1522/1522/1522 1485/1485/1485
f 1485/1485/1485 1522/1522/1522 1523/1523/1523
f 1485/1485/1485 1523/1523/1523 1486/1486/1486
f 1486/1486/1486 1523/1523/1523 1524/1524/1524
f 1486/1486/1486 1524/1524/1524 1487/1487/1487
f 1487/1487/1487 1524/1524/1524 1525/1525/1525
f 1487/1487/1487 1525/1525/1525 1488/1488/1488
f 1488/1488/1488 1525/1525/1525 1526/1526/1526
f 1488/1488/1488 1526/1526/1526 1489/1489/1489
f 1489/1489/1489 1526/1526/1526 1527/1527/1527
f 1489/1489/1489 1527/1527/1527 1490/1490/1490
f 1490/1490/1490 1527/1527/1527 1528/1528/1528
f 1490/1490/1490 1528/1528/1528 1491/1491/1491
f 1491/1491/1491 1528/1528/1528 1529/1529/1529
f 1491/1491/1491 1529/1529/1529 1492/1492/1492
f 1492/1492/1492 1529/1529/1529 1530/1530/1530
f 1492/1492/1492 1530/1530/1530 1493/1493/1493
f 1493/1493/1493 1530/1530/1530 1531/1531/1531
f 1493/1493/1493 1531/1531/1531 1494/1494/1494
f 1494/1494/1494 1531/1531/1531 1532/1532/1532
f 1494/1494/1494 1532/1532/1532 1495/1495/1495
f 1495/1495/1495 1532/1532/1532 1533/1533/1533
f 1495/1495/1495 1533/1533/1533 1496/1496/1496
f 1496/1496/1496 1533/1533/1533 1534/1534/1534
f 1496/1496/1496 1534/1534/1534 1497/1497/1497
f 1497/1497/1497 1534/1534/1534 1535/1535/1535
f 1497/1497/1497 1535/1535/1535 1498/1498/1498
f 1498/1498/1498 1535/1535/1535 1536/1536/1536
f 1498/1498/1498 1536/1536/1536 1499/1499/1499
f 1499/1499/1499 1536/1536/1536 1537/1537/1537
f 1499/1499/1499 1537/1537/1537 1500/1500/1500
f 1500/1500/1500 1537/1537/1537 1538/1538/1538
f 1500/1500/1500 1538/1538/1538 1501/1501/1501
f 1501/1501/1501 1538/1538/1538 1539/1539/1539
f 1501/1501/1501 1539/1539/1539 1502/1502/1502
f 1502/1502/1502 1539/1539/1539 1540/1540/1540
f 1502/1502/1502 1540/1540/1540 1503/1503/1503
f 1503/1503/1503 1540/1540/1540 1541/1541/1541
f 1503/1503/1503 1541/1541/1541 1504/1504/1504
f 1504/1504/1504 1541/1541/1541 1542/1542/1542
f 1504/1504/1504 1542/1542/1542 1505/1505/1505
f 1505/1505/1505 1542/1542/1542 1543/1543/1543
f 1505/1505/1505 1543/1543/1543 1506/1506/1506
f 1506/1506/1506 1543/1543/1543 1544/1544/1544
f 1506/1506/1506 1544/1544/1544 1507/1507/1507
f 1507/1507/1507 1544/1544/1544 1545/1545/1545
f 1507/1507/1507 1545/1545/1545 1508/1508/1508
f 1508/1508/1508 1545/1545/1545 1546/1546/1546
f 1508/1508/1508 1546/1546/1546 1509/1509/1509
f 1509/1509/1509 1546/1546/1546 1547/1547/1547
f 1509/1509/1509 1547/1547/1547 1510/1510/1510
f 1510/1510/1510 1547/1547/1547 1548/1548/1548
f 1510/1510/1510 1548/1548/1548 1511/1511/1511
f 1511/1511/1511 1548/1548/1548 1549/1549/1549
f 1511/1511/1511 1549/1549/1549 1512/1512/1512
f 1512/1512/1512 1549/1549/1549 1550/1550/1550
f 1512/1512/1512 1550/1550/1550 1513/1513/1513
f 1513/1513/1513 1550/1550/1550 1551/1551/1551
f 1513/1513/1513 1551/1551/1551 1514/1514/1514
f 1514/1514/1514 1551/1551/1551 1552/1552/1552
f 1514/1514/1514 1552/1552/1552 1515/1515/1515
f 1515/1515/1515 1552/1552/1552 1553/1553/1553
f 1515/1515/1515 1553/1553/1553 1516/1516/1516
f 1516/1516/1516 1553/1553/1553 1554/1554/1554
f 1516/1516/1516 1554/1554/1554 1517/1517/1517
f 1518/1518/1518 1555/1555/1555 1556/1556/1556
f 1518/1518/1518 1556/1556/1556 1519/1519/1519
f 1519/1519/1519 1556/1556/1556 1557/1557/1557
f 1519/1519/1519 1557/1557/1557 1520/1520/1520
f 1520/1520/1520 1557/1557/1557 1558/1558/1558
f 1520/1520/1520 1558/1558/1558 1521/1521/1521
f 1521/1521/1521 1558/1558/1558 1559/1559/1559
f 1521/1521/1521 1559/1559/1559 1522/1522/1522
f 1522/1522/1522 1559/1559/1559 1560/1560/1560
f 1522/1522/1522 1560/1560/1560 1523/1523/1523
f 1523/1523/1523 1560/1560/1560 1561/1561/1561
f 1523/1523/1523 1561/1561/1561 1524/1524/1524
f 1524/1524/1524 1561/1561/1561 1562/1562/1562
f 1524/1524/1524 1562/1562/1562 1525/1525/1525
f 1525/1525/1525 1562/1562/1562 1563/1563/1563
f 1525/1525/1525 1563/1563/1563 1526/1526/1526
f 1526/1526/1526 1563/1563/1563 1564/1564/1564
f 1526/1526/1526 1564/1564/1564 1527/1527/1527
f 1527/1527/1527 1564/1564/1564 1565/1565/1565
f 1527/1527/1527 1565/1565/1565 1528/1528/1528
f 1528/1528/1528 1565/1565/1565 1566/1566/1566
f 1528/1528/1528 1566/1566/1566 1529/1529/1529
f 1529/1529/1529 1566/1566/1566 1567/1567/1567
f 1529/1529/1529 1567/1567/1567 1530/1530/1530
f 1530/1530/1530 1567/1567/1567 1568/1568/1568
f 1530/1530/1530 1568/1568/1568 1531/1531/1531
f 1531/1531/1531 1568/1568/1568 1569/1569/1569
f 1531/1531/1531 1569/1569/1569 1532/1532/1532
f 1532/1532/1532 1569/1569/1569 1570/1570/1570
f 1532/1532/1532 1570/1570/1570 1533/1533/1533
f 1533/1533/1533 1570/1570/1570 1571/1571/1571
f 1533/1533/1533 1571/1571/1571 1534/1534/1534
f 1534/1534/1534 1571/1571/1571 1572/1572/1572
f 1534/1534/1534 1572/1572/1572 1535/1535/1535
f 1535/1535/1535 1572/1572/1572 1573/1573/1573
f 1535/1535/1535 1573/1573/1573 1536/1536/1536
f 1536/1536/1536 1573/1573/1573 1574/1574/1574
f 1536/1536/1536 1574/1574/1574 1537/1537/1537
f 1537/1537/1537 1574/1574/1574 1575/1575/1575
f 1537/1537/1537 1575/1575/1575 1538/1538/1538
f 1538/1538/1538 1575/1575/1575 1576/1576/1576
f 1538/1538/1538 1576/1576/1576 1539/1539/1539
f 1539/1539/1539 1576/1576/1576 1577/1577/1577
f 1539/1539/1539 1577/1577/1577 1540/1540/1540
f 1540/1540/1540 1577/1577/1577 1578/1578/1578
f 1540/1540/1540 1578/1578/1578 1541/1541/1541
f 1541/1541/1541 1578/1578/1578 1579/1579/1579
f 1541/1541/1541 1579/1579/1579 1542/1542/1542
f 1542/1542/1542 1579/1579/1579 1580/1580/1580
f 1542/1542/1542 1580/1580/1580 1543/1543/1543
f 1543/1543/1543 1580/1580/1580 1581/1581/1581
f 1543/1543/1543 1581/1581/1581 1544/1544/1544
f 1544/1544/1544 1581/1581/1581 1582/1582/1582
f 1544/1544/1544 1582/1582/1582 1545/1545/1545
f 1545/1545/1545 1582/1582/1582 1583/1583/1583
f 1545/1545/1545 1583/1583/1583 1546/1546/1546
f 1546/1546/1546 1583/1583/1583 1584/1584/1584
f 1546/1546/1546 1584/1584/1584 1547/1547/1547
f 1547/1547/1547 1584/1584/1584 1585/1585/1585
f 1547/1547/1547 1585/1585/1585 1548/1548/1548
f 1548/1548/1548 1585/1585/1585 1586/1586/1586
f 1548/1548/1548 1586/1586/1586 1549/1549/1549
f 1549/1549/1549 1586/1586/1586 1587/1587/1587
f 1549/1549/1549 1587/1587/1587 1550/1550/1550
f 1550/1550/1550 1587/1587/1587 1588/1588/1588
f 1550/1550/1550 1588/1588/1588 1551/1551/1551
f 1551/1551/1551 1588/1588/1588 1589/1589/1589
f 1551/1551/1551 1589/1589/1589 1552/1552/1552
f 1552/1552/1552 1589/1589/1589 1590/1590/1590
f 1552/1552/1552 1590/1590/1590 1553/1553/1553
f 1553/1553/1553 1590/1590/1590 1591/1591/1591
f 1553/1553/1553 1591/1591/1591 1554/1554/1554
f 1555/1555/1555 1592/1592/1592 1593/1593/1593
f 1555/1555/1555 1593/1593/1593 1556/1556/1556
f 1556/1556/1556 1593/1593/1593 1594/1594/1594
f 1556/1556/1556 1594/1594/1594 1557/1557/1557
f 1557/1557/1557 1594/1594/1594 1595/1595/1595
f 1557/1557/1557 1595/1595/1595 1558/1558/1558
f 1558/1558/1558 1595/1595/1595 1596/1596/1596
f 1558/1558/1558 1596/1596/1596 1559/1559/1559
f 1559/1559/1559 1596/1596/1596 1597/1597/1597
f 1559/1559/1559 1597/1597/1597 1560/1560/1560
f 1560/1560/1560 1597/1597/1597 1598/1598/1598
f 1560/1560/1560 1598/1598/1598 1561/1561/1561
f 1561/1561/1561 1598/1598/1598 1599/1599/1599
f 1561/1561/1561 1599/1599/1599 1562/1562/1562
f 1562/1562/1562 1599/1599/1599 1600/1600/1600
f 1562/1562/1562 1600/1600/1600 1563/1563/1563
f 1563/1563/1563 1600/1600/1600 1601/1601/1601
f 1563/1563/1563 1601/1601/1601 1564/1564/1564
f 1564/1564/1564 1601/1601/1601 1602/1602/1602
f 1564/1564/1564 1602/1602/1602 1565/1565/1565
f 1565/1565/1565 1602/1602/1602 1603/1603/1603
f 1565/1565/1565 1603/1603/1603 1566/1566/1566
f 1566/1566/1566 1603/1603/1603 1604/1604/1604
f 1566/1566/1566 1604/1604/1604 1567/1567/1567
f 1567/1567/1567 1604/1604/1604 1605/1605/1605
f 1567/1567/1567 1605/1605/1605 1568/1568/1568
f 1568/1568/1568 1605/1605/1605 1606/1606/1606
f 1568/1568/1568 1606/1606/1606 1569/1569/1569
f 1569/1569/1569 1606/1606/1606 1607/1607/1607
f 1569/1569/1569 1607/1607/1607 1570/1570/1570
f 1570/1570/1570 1607/1607/1607 1608/1608/1608
f 1570/1570/1570 1608/1608/1608 1571/1571/1571
f 1571/1571/1571 1608/1608/1608 1609/1609/1609
f 1571/1571/1571 1609/1609/1609 1572/1572/1572
f 1572/1572/1572 1609/1609/1609 1610/1610/1610
f 1572/1572/1572 1610/1610/1610 1573/1573/1573
f 1573/1573/1573 1610/1610/1610 1611/1611/1611
f 1573/1573/1573 1611/1611/1611 1574/1574/1574
f 1574/1574/1574 1611/1611/1611 1612/1612/1612
f 1574/1574/1574 1612/1612/1612 1575/1575/1575
f 1575/1575/1575 1612/1612/1612 1613/1613/1613
f 1575/1575/1575 1613/1613/1613 1576/1576/1576
f 1576/1576/1576 1613/1613/1613 1614/1614/1614
f 1576/1576/1576 1614/1614/1614 1577/1577/1577
f 1577/1577/1577 1614/1614/1614 1615/1615/1615
f 1577/1577/1577 1615/1615/1615 1578/1578/1578
f 1578/1578/1578 1615/1615/1615 1616/1616/1616
f 1578/1578/1578 1616/1616/1616 1579/1579/1579
f 1579/1579/1579 1616/1616/1616 1617/1617/1617
f 1579/1579/1579 1617/1617/1617 1580/1580/1580
f 1580/1580/1580 1617/1617/1617 1618/1618/1618
f 1580/1580/1580 1618/1618/1618 1581/1581/1581
f 1581/1581/1581 1618/1618/1618 1619/1619/1619
f 1581/1581/1581 1619/1619/1619 1582/1582/1582
f 1582/1582/1582 1619/1619/1619 1620/1620/1620
f 1582/1582/1582 1620/1620/1620 1583/1583/1583
f 1583/1583/1583 1620/1620/1620 1621/1621/1621
f 1583/1583/1583 1621/1621/1621 1584/1584/1584
f 1584/1584/1584 1621/1621/1621 1622/1622/1622
f 1584/1584/1584 1622/1622/1622 1585/1585/1585
f 1585/1585/1585 1622/1622/1622 1623/1623/1623
f 1585/1585/1585 1623/1623/1623 1586/1586/1586
f 1586/1586/1586 1623/1623/1623 1624/1624/1624
f 1586/1586/1586 1624/1624/1624 1587/1587/1587
f 1587/1587/1587 1624/1624/1624 1625/1625/1625
f 1587/1587/1587 1625/1625/1625 1588/1588/1588
f 1588/1588/1588 1625/1625/1625 1626/1626/1626
f 1588/1588/1588 1626/1626/1626 1589/1589/1589
f 1589/1589/1589 1626/1626/1626 1627/1627/1627
f 1589/1589/1589 1627/1627/1627 1590/1590/1590
f 1590/1590/1590 1627/1627/1627 1628/1628/1628
f 1590/1590/1590 1628/1628/1628 1591/1591/1591
f 1592/1592/1592 1629/1629/1629 1630/1630/1630
f 1592/1592/1592 1630/1630/1630 1593/1593/1593
f 1593/1593/1593 1630/1630/1630 1631/1631/1631
f 1593/1593/1593 1631/1631/1631 1594/1594/1594
f 1594/1594/1594 1631/1631/1631 1632/1632/1632
f 1594/1594/1594 1632/1632/1632 1595/1595/1595
f 1595/1595/1595 1632/1632/1632 1633/1633/1633
f 1595/1595/1595 1633/1633/1633 1596/1596/1596
f 1596/1596/1596 1633/1633/1633 1634/1634/1634
f 1596/1596/1596 1634/1634/1634 1597/1597/1597
f 1597/1597/1597 1634/1634/1634 1635/1635/1635
f 1597/1597/1597 1635/1635/1635 1598/1598/1598
f 1598/1598/1598 1635/1635/1635 1636/1636/1636
f 1598/1598/1598 1636/1636/1636 1599/1599/1599
f 1599/1599/1599 1636/1636/1636 1637/1637/1637
f 1599/1599/1599 1637/1637/1637 1600/1600/1600
f 1600/1600/1600 1637/1637/1637 1638/1638/1638
f 1600/1600/1600 1638/1638/1638 1601/1601/1601
f 1601/1601/1601 1638/1638/1638 1639/1639/1639
f 1601/1601/1601 1639/1639/1639 1602/1602/1602
f 1602/1602/1602 1639/1639/1639 1640/1640/1640
f 1602/1602/1602 1640/1640/1640 1603/1603/1603
f 1603/1603/1603 1640/1640/1640 1641/1641/1641
f 1603/1603/1603 1641/1641/1641 1604/1604/1604
f 1604/1604/1604 1641/1641/1641 1642/1642/1642
f 1604/1604/1604 1642/1642/1642 1605/1605/1605
f 1605/1605/1605 1642/1642/1642 1643/1643/1643
f 1605/1605/1605 1643/1643/1643 1606/1606/1606
f 1606/1606/1606 1643/1643/1643 1644/1644/1644
f 1606/1606/1606 1644/1644/1644 1607/1607/1607
f 1607/1607/1607 1644/1644/1644 1645/1645/1645
f 1607/1607/1607 1645/1645/1645 1608/1608/1608
f 1608/1608/1608 1645/1645/1645 1646/1646/1646
f 1608/1608/1608 1646/1646/1646 1609/1609/1609
f 1609/1609/1609 1646/1646/1646 1647/1647/1647
f 1609/1609/1609 1647/1647/1647 1610/1610/1610
f 1610/1610/1610 1647/1647/1647 1648/1648/1648
f 1610/1610/1610 1648/1648/1648 1611/1611/1611
f 1611/1611/1611 1648/1648/1648 1649/1649/1649
f 1611/1611/1611 1649/1649/1649 1612/1612/1612
f 1612/1612/1612 1649/1649/1649 1650/1650/1650
f 1612/1612/1612 1650/1650/1650 1613/1613/1613
f 1613/1613/1613 1650/1650/1650 1651/1651/1651
f 1613/1613/1613 1651/1651/1651 1614/1614/1614
f 1614/1614/1614 1651/1651/1651 1652/1652/1652
f 1614/1614/1614 1652/1652/1652 1615/1615/1615
f 1615/1615/1615 1652/1652/1652 1653/1653/1653
f 1615/1615/1615 1653/1653/1653 1616/1616/1616
f 1616/1616/1616 1653/1653/1653 1654/1654/1654
f 1616/1616/1616 1654/1654/1654 1617/1617/1617
f 1617/1617/1617 1654/1654/1654 1655/1655/1655
f 1617/1617/1617 1655/1655/1655 1618/1618/1618
f 1618/1618/1618 1655/1655/1655 1656/1656/1656
f 1618/1618/1618 1656/1656/1656 1619/1619/1619
f 1619/1619/1619 1656/1656/1656 1657/1657/1657
f 1619/1619/1619 1657/1657/1657 1620/1620/1620
f 1620/1620/1620 1657/1657/1657 1658/1658/1658
f 1620/1620/1620 1658/1658/1658 1621/1621/1621
f 1621/1621/1621 1658/1658/1658 1659/1659/1659
f 1621/1621/1621 1659/1659/1659 1622/1622/1622
f 1622/1622/1622 1659/1659/1659 1660/1660/1660
f 1622/1622/1622 1660/1660/1660 1623/1623/1623
f 1623/1623/1623 1660/1660/1660 1661/1661/1661
f 1623/1623/1623 1661/1661/1661 1624/1624/1624
f 1624/1624/1624 1661/1661/1661 1662/1662/1662
f 1624/1624/1624 1662/1662/1662 1625/1625/1625
f 1625/1625/1625 1662/1662/1662 1663/1663/1663
f 1625/1625/1625 1663/1663/1663 1626/1626/1626
f 1626/1626/1626 1663/1663/1663 1664/1664/1664
f 1626/1626/1626 1664/1664/1664 1627/1627/1627
f 1627/1627/1627 1664/1664/1664 1665/1665/1665
f 1627/1627/1627 1665/1665/1665 1628/1628/1628
f 1629/1629/1629 1666/1666/1666 1667/1667/1667
f 1629/1629/1629 1667/1667/1667 1630/1630/1630
f 1630/1630/1630 1667/1667/1667 1668/1668/1668
f 1630/1630/1630 1668/1668/1668 1631/1631/1631
f 1631/1631/1631 1668/1668/1668 1669/1669/1669
f 1631/1631/1631 1669/1669/1669 1632/1632/1632
f 1632/1632/1632 1669/1669/1669 1670/1670/1670
f 1632/1632/1632 1670/1670/1670 1633/1633/1633
f 1633/1633/1633 1670/1670/1670 1671/1671/1671
f 1633/1633/1633 1671/1671/1671 1634/1634/1634
f 1634/1634/1634 1671/1671/1671 1672/1672/1672
f 1634/1634/1634 1672/1672/1672 1635/1635/1635
f 1635/1635/1635 1672/1672/1672 1673/1673/1673
f 1635/1635/1635 1673/1673/1673 1636/1636/1636
f 1636/1636/1636 1673/1673/1673 1674/1674/1674
f 1636/1636/1636 1674/1674/1674 1637/1637/1637
f 1637/1637/1637 1674/1674/1674 1675/1675/1675
f 1637/1637/1637 1675/1675/1675 1638/1638/1638
f 1638/1638/1638 1675/1675/1675 1676/1676/1676
f 1638/1638/1638 1676/1676/1676 1639/1639/1639
f 1639/1639/1639 1676/1676/1676 1677/1677/1677
f 1639/1639/1639 1677/1677/1677 1640/1640/1640
f 1640/1640/1640 1677/1677/1677 1678/1678/1678
f 1640/1640/1640 1678/1678/1678 1641/1641/1641
f 1641/1641/1641 1678/1678/1678 1679/1679/1679
f 1641/1641/1641 1679/1679/1679 1642/1642/1642
f 1642/1642/1642 1679/1679/1679 1680/1680/1680
f 1642/1642/1642 1680/1680/1680 1643/1643/1643
f 1643/1643/1643 1680/1680/1680 1681/1681/1681
f 1643/1643/1643 1681/1681/1681 1644/1644/1644
f 1644/1644/1644 1681/1681/1681 1682/1682/1682
f 1644/1644/1644 1682/1682/1682 1645/1645/1645
f 1645/1645/1645 1682/1682/1682 1683/1683/1683
f 1645/1645/1645 1683/1683/1683 1646/1646/1646
f 1646/1646/1646 1683/1683/1683 1684/1684/1684
f 1646/1646/1646 1684/1684/1684 1647/1647/1647
f 1647/1647/1647 1684/1684/1684 1685/1685/1685
f 1647/1647/1647 1685/1685/1685 1648/1648/1648
f 1648/1648/1648 1685/1685/1685 1686/1686/1686
f 1648/1648/1648 1686/1686/1686 1649/1649/1649
f 1649/1649/1649 1686/1686/1686 1687/1687/1687
f 1649/1649/1649 1687/1687/1687 1650/1650/1650
f 1650/1650/1650 1687/1687/1687 1688/1688/1688
f 1650/1650/1650 1688/1688/1688 1651/1651/1651
f 1651/1651/1651 1688/1688/1688 1689/1689/1689
f 1651/1651/1651 1689/1689/1689 1652/1652/1652
f 1652/1652/1652 1689/1689/1689 1690/1690/1690
f 1652/1652/1652 1690/1690/1690 1653/1653/1653
f 1653/1653/1653 1690/1690/1690 1691/1691/1691
f 1653/1653/1653 1691/1691/1691 1654/1654/1654
f 1654/1654/1654 1691/1691/1691 1692/1692/1692
f 1654/1654/1654 1692/1692/1692 1655/1655/1655
f 1655/1655/1655 1692/1692/1692 1693/1693/1693
f 1655/1655/1655 1693/1693/1693 1656/1656/1656
f 1656/1656/1656 1693/1693/1693 1694/1694/1694
f 1656/1656/1656 1694/1694/1694 1657/1657/1657
f 1657/1657/1657 1694/1694/1694 1695/1695/1695
f 1657/1657/1657 1695/1695/1695 1658/1658/1658
f 1658/1658/1658 1695/1695/1695 1696/1696/1696
f 1658/1658/1658 1696/1696/1696 1659/1659/1659
f 1659/1659/1659 1696/1696/1696 1697/1697/1697
f 1659/1659/1659 1697/1697/1697 1660/1660/1660
f 1660/1660/1660 1697/1697/1697 1698/1698/1698
f 1660/1660/1660 1698/1698/1698 1661/1661/1661
f 1661/1661/1661 1698/1698/1698 1699/1699/1699
f 1661/1661/1661 1699/1699/1699 1662/1662/1662
f 1662/1662/1662 1699/1699/1699 1700/1700/1700
f 1662/1662/1662 1700/1700/1700 1663/1663/1663
f 1663/1663/1663 1700/1700/1700 1701/1701/1701
f 1663/1663/1663 1701/1701/1701 1664/1664/1664
f 1664/1664/1664 1701/1701/1701 1702/1702/1702
f 1664/1664/1664 1702/1702/1702 1665/1665/1665
f 1666/1666/1666 1703/1703/1703 1704/1704/1704
f 1666/1666/1666 1704/1704/1704 1667/1667/1667
f 1667/1667/1667 1704/1704/1704 1705/1705/1705
f 1667/1667/1667 1705/1705/1705 1668/1668/1668
f 1668/1668/1668 1705/1705/1705 1706/1706/1706
f 1668/1668/1668 1706/1706/1706 1669/1669/1669
f 1669/1669/1669 1706/1706/1706 1707/1707/1707
f 1669/1669/1669 1707/1707/1707 1670/1670/1670
f 1670/1670/1670 1707/1707/1707 1708/1708/1708
f 1670/1670/1670 1708/1708/1708 1671/1671/1671
f 1671/1671/1671 1708/1708/1708 1709/1709/1709
f 1671/1671/1671 1709/1709/1709 1672/1672/1672
f 1672/1672/1672 1709/1709/1709 1710/1710/1710
f 1672/1672/1672 1710/1710/1710 1673/1673/1673
f 1673/1673/1673 1710/1710/1710 1711/1711/1711
f 1673/1673/1673 1711/1711/1711 1674/1674/1674
f 1674/1674/1674 1711/1711/1711 1712/1712/1712
f 1674/1674/1674 1712/1712/1712 1675/1675/1675
f 1675/1675/1675 1712/1712/1712 1713/1713/1713
f 1675/1675/1675 1713/1713/1713 1676/1676/1676
f 1676/1676/1676 1713/1713/1713 1714/1714/1714
f 1676/1676/1676 1714/1714/1714 1677/1677/1677
f 1677/1677/1677 1714/1714/1714 1715/1715/1715
f 1677/1677/1677 1715/1715/1715 1678/1678/1678
f 1678/1678/1678 1715/1715/1715 1716/1716/1716
f 1678/1678/1678 1716/1716/1716 1679/1679/1679
f 1679/1679/1679 1716/1716/1716 1717/1717/1717
f 1679/1679/1679 1717/1717/1717 1680/1680/1680
f 1680/1680/1680 1717/1717/1717 1718/1718/1718
f 1680/1680/1680 1718/1718/1718 1681/1681/1681
f 1681/1681/1681 1718/1718/1718 1719/1719/1719
f 1681/1681/1681 1719/1719/1719 1682/1682/1682
f 1682/1682/1682 1719/1719/1719 1720/1720/1720
f 1682/1682/1682 1720/1720/1720 1683/1683/1683
f 1683/1683/1683 1720/1720/1720 1721/1721/1721
f 1683/1683/1683 1721/1721/1721 1684/1684/1684
f 1684/1684/1684 1721/1721/1721 1722/1722/1722
f 1684/1684/1684 1722/1722/1722 1685/1685/1685
f 1685/1685/1685 1722/1722/1722 1723/1723/1723
f 1685/1685/1685 1723/1723/1723 1686/1686/1686
f 1686/1686/1686 1723/1723/1723 1724/1724/1724
f 1686/1686/1686 1724/1724/1724 1687/1687/1687
f 1687/1687/1687 1724/1724/1724 1725/1725/1725
f 1687/1687/1687 1725/1725/1725 1688/1688/1688
f 1688/1688/1688 1725/1725/1725 1726/1726/1726
f 1688/1688/1688 1726/1726/1726 1689/1689/1689
f 1689/1689/1689 1726/1726/1726 1727/1727/1727
f 1689/1689/1689 1727/1727/1727 1690/1690/1690
f 1690/1690/1690 1727/1727/1727 1728/1728/1728
f 1690/1690/1690 1728/1728/1728 1691/1691/1691
f 1691/1691/1691 1728/1728/1728 1729/1729/1729
f 1691/1691/1691 1729/1729/1729 1692/1692/1692
f 1692/1692/1692 1729/1729/1729 1730/1730/1730
f 1692/1692/1692 1730/1730/1730 1693/1693/1693
f 1693/1693/1693 1730/1730/1730 1731/1731/1731
f 1693/1693/1693 1731/1731/1731 1694/1694/1694
f 1694/1694/1694 1731/1731/1731 1732/1732/1732
f 1694/1694/1694 1732/1732/1732 1695/1695/1695
f 1695/1695/1695 1732/1732/1732 1733/1733/1733
f 1695/1695/1695 1733/1733/1733 1696/1696/1696
f 1696/1696/1696 1733/1733/1733 1734/1734/1734
f 1696/1696/1696 1734/1734/1734 1697/1697/1697
f 1697/1697/1697 1734/1734/1734 1735/1735/1735
f 1697/1697/1697 1735/1735/1735 1698/1698/1698
f 1698/1698/1698 1735/1735/1735 1736/1736/1736
f 1698/1698/1698 1736/1736/1736 1699/1699/1699
f 1699/1699/1699 1736/1736/1736 1737/1737/1737
f 1699/1699/1699 1737/1737/1737 1700/1700/1700
f 1700/1700/1700 1737/1737/1737 1738/1738/1738
f 1700/1700/1700 1738/1738/1738 1701/1701/1701
f 1701/1701/1701 1738/1738/1738 1739/1739/1739
f 1701/1701/1701 1739/1739/1739 1702/1702/1702
f 1703/1703/1703 1740/1740/1740 1741/1741/1741
f 1703/1703/1703 1741/1741/1741 1704/1704/1704
f 1704/1704/1704 1741/1741/1741 1742/1742/1742
f 1704/1704/1704 1742/1742/1742 1705/1705/1705
f 1705/1705/1705 1742/1742/1742 1743/1743/1743
f 1705/1705/1705 1743/1743/1743 1706/1706/1706
f 1706/1706/1706 1743/1743/1743 1744/1744/1744
f 1706/1706/1706 1744/1744/1744 1707/1707/1707
f 1707/1707/1707 1744/1744/1744 1745/1745/1745
f 1707/1707/1707 1745/1745/1745 1708/1708/1708
f 1708/1708/1708 1745/1745/1745 1746/1746/1746
f 1708/1708/1708 1746/1746/1746 1709/1709/1709
f 1709/1709/1709 1746/1746/1746 1747/1747/1747
f 1709/1709/1709 1747/1747/1747 1710/1710/1710
f 1710/1710/1710 1747/1747/1747 1748/1748/1748
f 1710/1710/1710 1748/1748/1748 1711/1711/1711
f 1711/1711/1711 1748/1748/1748 1749/1749/1749
f 1711/1711/1711 1749/1749/1749 1712/1712/1712
f 1712/1712/1712 1749/1749/1749 1750/1750/1750
f 1712/1712/1712 1750/1750/1750 1713/1713/1713
f 1713/1713/1713 1750/1750/1750 1751/1751/1751
f 1713/1713/1713 1751/1751/1751 1714/1714/1714
f 1714/1714/1714 1751/1751/1751 1752/1752/1752
f 1714/1714/1714 1752/1752/1752 1715/1715/1715
f 1715/1715/1715 1752/1752/1752 1753/1753/1753
f 1715/1715/1715 1753/1753/1753 1716/1716/1716
f 1716/1716/1716 1753/1753/1753 1754/1754/1754
f 1716/1716/1716 1754/1754/1754 1717/1717/1717
f 1717/1717/1717 1754/1754/1754 1755/1755/1755
f 1717/1717/1717 1755/1755/1755 1718/1718/1718
f 1718/1718/1718 1755/1755/1755 1756/1756/1756
f 1718/1718/1718 1756/1756/1756 1719/1719/1719
f 1719/1719/1719 1756/1756/1756 1757/1757/1757
f 1719/1719/1719 1757/1757/1757 1720/1720/1720
f 1720/1720/1720 1757/1757/1757 1758/1758/1758
f 1720/1720/1720 1758/1758/1758 1721/1721/1721
f 1721/1721/1721 1758/1758/1758 1759/1759/1759
f 1721/1721/1721 1759/1759/1759 1722/1722/1722
f 1722/1722/1722 1759/1759/1759 1760/1760/1760
f 1722/1722/1722 1760/1760/1760 1723/1723/1723
f 1723/1723/1723 1760/1760/1760 1761/1761/1761
f 1723/1723/1723 1761/1761/1761 1724/1724/1724
f 1724/1724/1724 1761/1761/1761 1762/1762/1762
f 1724/1724/1724 1762/1762/1762 1725/1725/1725
f 1725/1725/1725 1762/1762/1762 1763/1763/1763
f 1725/1725/1725 1763/1763/1763 1726/1726/1726
f 1726/1726/1726 1763/1763/1763 1764/1764/1764
f 1726/1726/1726 1764/1764/1764 1727/1727/1727
f 1727/1727/1727 1764/1764/1764 1765/1765/1765
f 1727/1727/1727 1765/1765/1765 1728/1728/1728
f 1728/1728/1728 1765/1765/1765 1766/1766/1766
f 1728/1728/1728 1766/1766/1766 1729/1729/1729
f 1729/1729/1729 1766/1766/1766 1767/1767/1767
f 1729/1729/1729 1767/1767/1767 1730/1730/1730
f 1730/1730/1730 1767/1767/1767 1768/1768/1768
f 1730/1730/1730 1768/1768/1768 1731/1731/1731
f 1731/1731/1731 1768/1768/1768 1769/1769/1769
f 1731/1731/1731 1769/1769/1769 1732/1732/1732
f 1732/1732/1732 1769/1769/1769 1770/1770/1770
f 1732/1732/1732 1770/1770/1770 1733/1733/1733
f 1733/1733/1733 1770/1770/1770 1771/1771/1771
f 1733/1733/1733 1771/1771/1771 1734/1734/1734
f 1734/1734/1734 1771/1771/1771 1772/1772/1772
f 1734/1734/1734 1772/1772/1772 1735/1735/1735
f 1735/1735/1735 1772/1772/1772 1773/1773/1773
f 1735/1735/1735 1773/1773/1773 1736/1736/1736
f 1736/1736/1736 1773/1773/1773 1774/1774/1774
f 1736/1736/1736 1774/1774/1774 1737/1737/1737
f 1737/1737/1737 1774/1774/1774 1775/1775/1775
f 1737/1737/1737 1775/1775/1775 1738/1738/1738
f 1738/1738/1738 1775/1775/1775 1776/1776/1776
f 1738/1738/1738 1776/1776/1776 1739/1739/1739
f 1740/1740/1740 1777/1777/1777 1778/1778/1778
f 1740/1740/1740 1778/1778/1778 1741/1741/1741
f 1741/1741/1741 1778/1778/1778 1779/1779/1779
f 1741/1741/1741 1779/1779/1779 1742/1742/1742
f 1742/1742/1742 1779/1779/1779 1780/1780/1780
f 1742/1742/1742 1780/1780/1780 1743/1743/1743
f 1743/1743/1743 1780/1780/1780 1781/1781/1781
f 1743/1743/1743 1781/1781/1781 1744/1744/1744
f 1744/1744/1744 1781/1781/1781 1782/1782/1782
f 1744/1744/1744 1782/1782/1782 1745/1745/1745
f 1745/1745/1745 1782/1782/1782 1783/1783/1783
f 1745/1745/1745 1783/1783/1783 1746/1746/1746
f 1746/1746/1746 1783/1783/1783 1784/1784/1784
f 1746/1746/1746 1784/1784/1784 1747/1747/1747
f 1747/1747/1747 1784/1784/1784 1785/1785/1785
f 1747/1747/1747 1785/1785/1785 1748/1748/1748
f 1748/1748/1748 1785/1785/1785 1786/1786/1786
f 1748/1748/1748 1786/1786/1786 1749/1749/1749
f 1749/1749/1749 1786/1786/1786 1787/1787/1787
f 1749/1749/1749 1787/1787/1787 1750/1750/1750
f 1750/1750/1750 1787/1787/1787 1788/1788/1788
f 1750/1750/1750 1788/1788/1788 1751/1751/1751
f 1751/1751/1751 1788/1788/1788 1789/1789/1789
f 1751/1751/1751 1789/1789/1789 1752/1752/1752
f 1752/1752/1752 1789/1789/1789 1790/1790/1790
f 1752/1752/1752 1790/1790/1790 1753/1753/1753
f 1753/1753/1753 1790/1790/1790 1791/1791/1791
f 1753/1753/1753 1791/1791/1791 1754/1754/1754
f 1754/1754/1754 1791/1791/1791 1792/1792/1792
f 1754/1754/1754 1792/1792/1792 1755/1755/1755
f 1755/1755/1755 1792/1792/1792 1793/1793/1793
f 1755/1755/1755 1793/1793/1793 1756/1756/1756
f 1756/1756/1756 1793/1793/1793 1794/1794/1794
f 1756/1756/1756 1794/1794/1794 1757/1757/1757
f 1757/1757/1757 1794/1794/1794 1795/1795/1795
f 1757/1757/1757 1795/1795/1795 1758/1758/1758
f 1758/1758/1758 1795/1795/1795 1796/1796/1796
f 1758/1758/1758 1796/1796/1796 1759/1759/1759
f 1759/1759/1759 1796/1796/1796 1797/1797/1797
f 1759/1759/1759 1797/1797/1797 1760/1760/1760
f 1760/1760/1760 1797/1797/1797 1798/1798/1798
f 1760/1760/1760 1798/1798/1798 1761/1761/1761
f 1761/1761/1761 1798/1798/1798 1799/1799/1799
f 1761/1761/1761 1799/1799/1799 1762/1762/1762
f 1762/1762/1762 1799/1799/1799 1800/1800/1800
f 1762/1762/1762 1800/1800/1800 1763/1763/1763
f 1763/1763/1763 1800/1800/1800 1801/1801/1801
f 1763/1763/1763 1801/1801/1801 1764/1764/1764
f 1764/1764/1764 1801/1801/1801 1802/1802/1802
f 1764/1764/1764 1802/1802/1802 1765/1765/1765
f 1765/1765/1765 1802/1802/1802 1803/1803/1803
f 1765/1765/1765 1803/1803/1803 1766/1766/1766
f 1766/1766/1766 1803/1803/1803 1804/1804/1804
f 1766/1766/1766 1804/1804/1804 1767/1767/1767
f 1767/1767/1767 1804/1804/1804 1805/1805/1805
f 1767/1767/1767 1805/1805/1805 1768/1768/1768
f 1768/1768/1768 1805/1805/1805 1806/1806/1806
f 1768/1768/1768 1806/1806/1806 1769/1769/1769
f 1769/1769/1769 1806/1806/1806 1807/1807/1807
f 1769/1769/1769 1807/1807/1807 1770/1770/1770
f 1770/1770/1770 1807/1807/1807 1808/1808/1808
f 1770/1770/1770 1808/1808/1808 1771/1771/1771
f 1771/1771/1771 1808/1808/1808 1809/1809/1809
f 1771/1771/1771 1809/1809/1809 1772/1772/1772
f 1772/1772/1772 1809/1809/1809 1810/1810/1810
f 1772/1772/1772 1810/1810/1810 1773/1773/1773
f 1773/1773/1773 1810/1810/1810 1811/1811/1811
f 1773/1773/1773 1811/1811/1811 1774/1774/1774
f 1774/1774/1774 1811/1811/1811 1812/1812/1812
f 1774/1774/1774 1812/1812/1812 1775/1775/1775
f 1775/1775/1775 1812/1812/1812 1813/1813/1813
f 1775/1775/1775 1813/1813/1813 1776/1776/1776
f 1777/1777/1777 1814/1814/1814 1815/1815/1815
f 1777/1777/1777 1815/1815/1815 1778/1778/1778
f 1778/1778/1778 1815/1815/1815 1816/1816/1816
f 1778/1778/1778 1816/1816/1816 1779/1779/1779
f 1779/1779/1779 1816/1816/1816 1817/1817/1817
f 1779/1779/1779 1817/1817/1817 1780/1780/1780
f 1780/1780/1780 1817/1817/1817 1818/1818/1818
f 1780/1780/1780 1818/1818/1818 1781/1781/1781
f 1781/1781/1781 1818/1818/1818 1819/1819/1819
f 1781/1781/1781 1819/1819/1819 1782/1782/1782
f 1782/1782/1782 1819/1819/1819 1820/1820/1820
f 1782/1782/1782 1820/1820/1820 1783/1783/1783
f 1783/1783/1783 1820/1820/1820 1821/1821/1821
f 1783/1783/1783 1821/1821/1821 1784/1784/1784
f 1784/1784/1784 1821/1821/1821 1822/1822/1822
f 1784/1784/1784 1822/1822/1822 1785/1785/1785
f 1785/1785/1785 1822/1822/1822 1823/1823/1823
f 1785/1785/1785 1823/1823/1823 1786/1786/1786
f 1786/1786/1786 1823/1823/1823 1824/1824/1824
f 1786/1786/1786 1824/1824/1824 1787/1787/1787
f 1787/1787/1787 1824/1824/1824 1825/1825/1825
f 1787/1787/1787 1825/1825/1825 1788/1788/1788
f 1788/1788/1788 1825/1825/1825 1826/1826/1826
f 1788/1788/1788 1826/1826/1826 1789/1789/1789
f 1789/1789/1789 1826/1826/1826 1827/1827/1827
f 1789/1789/1789 1827/1827/1827 1790/1790/1790
f 1790/1790/1790 1827/1827/1827 1828/1828/1828
f 1790/1790/1790 1828/1828/1828 1791/1791/1791
f 1791/1791/1791 1828/1828/1828 1829/1829/1829
f 1791/1791/1791 1829/1829/1829 1792/1792/1792
f 1792/1792/1792 1829/1829/1829 1830/1830/1830
f 1792/1792/1792 1830/1830/1830 1793/1793/1793
f 1793/1793/1793 1830/1830/1830 1831/1831/1831
f 1793/1793/1793 1831/1831/1831 1794/1794/1794
f 1794/1794/1794 1831/1831/1831 1832/1832/1832
f 1794/1794/1794 1832/1832/1832 1795/1795/1795
f 1795/1795/1795 1832/1832/1832 1833/1833/1833
f 1795/1795/1795 1833/1833/1833 1796/1796/1796
f 1796/1796/1796 1833/1833/1833 1834/1834/1834
f 1796/1796/1796 1834/1834/1834 1797/1797/1797
f 1797/1797/1797 1834/1834/1834 1835/1835/1835
f 1797/1797/1797 1835/1835/1835 1798/1798/1798
f 1798/1798/1798 1835/1835/1835 1836/1836/1836
f 1798/1798/1798 1836/1836/1836 1799/1799/1799
f 1799/1799/1799 1836/1836/1836 1837/1837/1837
f 1799/1799/1799 1837/1837/1837 1800/1800/1800
f 1800/1800/1800 1837/1837/1837 1838/1838/1838
f 1800/1800/1800 1838/1838/1838 1801/1801/1801
f 1801/1801/1801 1838/1838/1838 1839/1839/1839
f 1801/1801/1801 1839/1839/1839 1802/1802/1802
f 1802/1802/1802 1839/1839/1839 1840/1840/1840
f 1802/1802/1802 1840/1840/1840 1803/1803/1803
f 1803/1803/1803 1840/1840/1840 1841/1841/1841
f 1803/1803/1803 1841/1841/1841 1804/1804/1804
f 1804/1804/1804 1841/1841/1841 1842/1842/1842
f 1804/1804/1804 1842/1842/1842 1805/1805/1805
f 1805/1805/1805 1842/1842/1842 1843/1843/1843
f 1805/1805/1805 1843/1843/1843 1806/1806/1806
f 1806/1806/1806 1843/1843/1843 1844/1844/1844
f 1806/1806/1806 1844/1844/1844 1807/1807/1807
f 1807/1807/1807 1844/1844/1844 1845/1845/1845
f 1807/1807/1807 1845/1845/1845 1808/1808/1808
f 1808/1808/1808 1845/1845/1845 1846/1846/1846
f 1808/1808/1808 1846/1846/1846 1809/1809/1809
f 1809/1809/1809 1846/1846/1846 1847/1847/1847
f 1809/1809/1809 1847/1847/1847 1810/1810/1810
f 1810/1810/1810 1847/1847/1847 1848/1848/1848
f 1810/1810/1810 1848/1848/1848 1811/1811/1811
f 1811/1811/1811 1848/1848/1848 1849/1849/1849
f 1811/1811/1811 1849/1849/1849 1812/1812/1812
f 1812/1812/1812 1849/1849/1849 1850/1850/1850
f 1812/1812/1812 1850/1850/1850 1813/1813/1813
f 1814/1814/1814 1851/1851/1851 1852/1852/1852
f 1814/1814/1814 1852/1852/1852 1815/1815/1815
f 1815/1815/1815 1852/1852/1852 1853/1853/1853
f 1815/1815/1815 1853/1853/1853 1816/1816/1816
f 1816/1816/1816 1853/1853/1853 1854/1854/1854
f 1816/1816/1816 1854/1854/1854 1817/1817/1817
f 1817/1817/1817 1854/1854/1854 1855/1855/1855
f 1817/1817/1817 1855/1855/1855 1818/1818/1818
f 1818/1818/1818 1855/1855/1855 1856/1856/1856
f 1818/1818/1818 1856/1856/1856 1819/1819/1819
f 1819/1819/1819 1856/1856/1856 1857/1857/1857
f 1819/1819/1819 1857/1857/1857 1820/1820/1820
f 1820/1820/1820 1857/1857/1857 1858/1858/1858
f 1820/1820/1820 1858/1858/1858 1821/1821/1821
f 1821/1821/1821 1858/1858/1858 1859/1859/1859
f 1821/1821/1821 1859/1859/1859 1822/1822/1822
f 1822/1822/1822 1859/1859/1859 1860/1860/1860
f 1822/1822/1822 1860/1860/1860 1823/1823/1823
f 1823/1823/1823 1860/1860/1860 1861/1861/1861
f 1823/1823/1823 1861/1861/1861 1824/1824/1824
f 1824/1824/1824 1861/1861/1861 1862/1862/1862
f 1824/1824/1824 1862/1862/1862 1825/1825/1825
f 1825/1825/1825 1862/1862/1862 1863/1863/1863
f 1825/1825/1825 1863/1863/1863 1826/1826/1826
f 1826/1826/1826 1863/1863/1863 1864/1864/1864
f 1826/1826/1826 1864/1864/1864 1827/1827/1827
f 1827/1827/1827 1864/1864/1864 1865/1865/1865
f 1827/1827/1827 1865/1865/1865 1828/1828/1828
f 1828/1828/1828 1865/1865/1865 1866/1866/1866
f 1828/1828/1828 1866/1866/1866 1829/1829/1829
f 1829/1829/1829 1866/1866/1866 1867/1867/1867
f 1829/1829/1829 1867/1867/1867 1830/1830/1830
f 1830/1830/1830 1867/1867/1867 1868/1868/1868
f 1830/1830/1830 1868/1868/1868 1831/1831/1831
f 1831/1831/1831 1868/1868/1868 1869/1869/1869
f 1831/1831/1831 1869/1869/1869 1832/1832/1832
f 1832/1832/1832 1869/1869/1869 1870/1870/1870
f 1832/1832/1832 1870/1870/1870 1833/1833/1833
f 1833/1833/1833 1870/1870/1870 1871/1871/1871
f 1833/1833/1833 1871/1871/1871 1834/1834/1834
f 1834/1834/1834 1871/1871/1871 1872/1872/1872
f 1834/1834/1834 1872/1872/1872 1835/1835/1835
f 1835/1835/1835 1872/1872/1872 1873/1873/1873
f 1835/1835/1835 1873/1873/1873 1836/1836/1836
f 1836/1836/1836 1873/1873/1873 1874/1874/1874
f 1836/1836/1836 1874/1874/1874 1837/1837/1837
f 1837/1837/1837 1874/1874/1874 1875/1875/1875
f 1837/1837/1837 1875/1875/1875 1838/1838/1838
f 1838/1838/1838 1875/1875/1875 1876/1876/1876
f 1838/1838/1838 1876/1876/1876 1839/1839/1839
f 1839/1839/1839 1876/1876/1876 1877/1877/1877
f 1839/1839/1839 1877/1877/1877 1840/1840/1840
f 1840/1840/1840 1877/1877/1877 1878/1878/1878
f 1840/1840/1840 1878/1878/1878 1841/1841/1841
f 1841/1841/1841 1878/1878/1878 1879/1879/1879
f 1841/1841/1841 1879/1879/1879 1842/1842/1842
f 1842/1842/1842 1879/1879/1879 1880/1880/1880
f 1842/1842/1842 1880/1880/1880 1843/1843/1843
f 1843/1843/1843 1880/1880/1880 1881/1881/1881
f 1843/1843/1843 1881/1881/1881 1844/1844/1844
f 1844/1844/1844 1881/1881/1881 1882/1882/1882
f 1844/1844/1844 1882/1882/1882 1845/1845/1845
f 1845/1845/1845 1882/1882/1882 1883/1883/1883
f 1845/1845/1845 1883/1883/1883 1846/1846/1846
f 1846/1846/1846 1883/1883/1883 1884/1884/1884
f 1846/1846/1846 1884/1884/1884 1847/1847/1847
f 1847/1847/1847 1884/1884/1884 1885/1885/1885
f 1847/1847/1847 1885/1885/1885 1848/1848/1848
f 1848/1848/1848 1885/1885/1885 1886/1886/1886
f 1848/1848/1848 1886/1886/1886 1849/1849/1849
f 1849/1849/1849 1886/1886/1886 1887/1887/1887
f 1849/1849/1849 1887/1887/1887 1850/1850/1850
f 1851/1851/1851 1888/1888/1888 1889/1889/1889
f 1851/1851/1851 1889/1889/1889 1852/1852/1852
f 1852/1852/1852 1889/1889/1889 1890/1890/1890
f 1852/1852/1852 1890/1890/1890 1853/1853/1853
f 1853/1853/1853 1890/1890/1890 1891/1891/1891
f 1853/1853/1853 1891/1891/1891 1854/1854/1854
f 1854/1854/1854 1891/1891/1891 1892/1892/1892
f 1854/1854/1854 1892/1892/1892 1855/1855/1855
f 1855/1855/1855 1892/1892/1892 1893/1893/1893
f 1855/1855/1855 1893/1893/1893 1856/1856/1856
f 1856/1856/1856 1893/1893/1893 1894/1894/1894
f 1856/1856/1856 1894/1894/1894 1857/1857/1857
f 1857/1857/1857 1894/1894/1894 1895/1895/1895
f 1857/1857/1857 1895/1895/1895 1858/1858/1858
f 1858/1858/1858 1895/1895/1895 1896/1896/1896
f 1858/1858/1858 1896/1896/1896 1859/1859/1859
f 1859/1859/1859 1896/1896/1896 1897/1897/1897
f 1859/1859/1859 1897/1897/1897 1860/1860/1860
f 1860/1860/1860 1897/1897/1897 1898/1898/1898
f 1860/1860/1860 1898/1898/1898 1861/1861/1861
f 1861/1861/1861 1898/1898/1898 1899/1899/1899
f 1861/1861/1861 1899/1899/1899 1862/1862/1862
f 1862/1862/1862 1899/1899/1899 1900/1900/1900
f 1862/1862/1862 1900/1900/1900 1863/1863/1863
f 1863/1863/1863 1900/1900/1900 1901/1901/1901
f 1863/1863/1863 1901/1901/1901 1864/1864/1864
f 1864/1864/1864 1901/1901/1901 1902/1902/1902
f 1864/1864/1864 1902/1902/1902 1865/1865/1865
f 1865/1865/1865 1902/1902/1902 1903/1903/1903
f 1865/1865/1865 1903/1903/1903 1866/1866/1866
f 1866/1866/1866 1903/1903/1903 1904/1904/1904
f 1866/1866/1866 1904/1904/1904 1867/1867/1867
f 1867/1867/1867 1904/1904/1904 1905/1905/1905
f 1867/1867/1867 1905/1905/1905 1868/1868/1868
f 1868/1868/1868 1905/1905/1905 1906/1906/1906
f 1868/1868/1868 1906/1906/1906 1869/1869/1869
f 1869/1869/1869 1906/1906/1906 1907/1907/1907
f 1869/1869/1869 1907/1907/1907 1870/1870/1870
f 1870/1870/1870 1907/1907/1907 1908/1908/1908
f 1870/1870/1870 1908/1908/1908 1871/1871/1871
f 1871/1871/1871 1908/1908/1908 1909/1909/1909
f 1871/1871/1871 1909/1909/1909 1872/1872/1872
f 1872/1872/1872 1909/1909/1909 1910/1910/1910
f 1872/1872/1872 1910/1910/1910 1873/1873/1873
f 1873/1873/1873 1910/1910/1910 1911/1911/1911
f 1873/1873/1873 1911/1911/1911 1874/1874/1874
f 1874/1874/1874 1911/1911/1911 1912/1912/1912
f 1874/1874/1874 1912/1912/1912 1875/1875/1875
f 1875/1875/1875 1912/1912/1912 1913/1913/1913
f 1875/1875/1875 1913/1913/1913 1876/1876/1876
f 1876/1876/1876 1913/1913/1913 1914/1914/1914
f 1876/1876/1876 1914/1914/1914 1877/1877/1877
f 1877/1877/1877 1914/1914/1914 1915/1915/1915
f 1877/1877/1877 1915/1915/1915 1878/1878/1878
f 1878/1878/1878 1915/1915/1915 1916/1916/1916
f 1878/1878/1878 1916/1916/1916 1879/1879/1879
f 1879/1879/1879 1916/1916/1916 1917/1917/1917
f 1879/1879/1879 1917/1917/1917 1880/1880/1880
f 1880/1880/1880 1917/1917/1917 1918/1918/1918
f 1880/1880/1880 1918/1918/1918 1881/1881/1881
f 1881/1881/1881 1918/1918/1918 1919/1919/1919
f 1881/1881/1881 1919/1919/1919 1882/1882/1882
f 1882/1882/1882 1919/1919/1919 1920/1920/1920
f 1882/1882/1882 1920/1920/1920 1883/1883/1883
f 1883/1883/1883 1920/1920/1920 1921/1921/1921
f 1883/1883/1883 1921/1921/1921 1884/1884/1884
f 1884/1884/1884 1921/1921/1921 1922/1922/1922
f 1884/1884/1884 1922/1922/1922 1885/1885/1885
f 1885/1885/1885 1922/1922/1922 1923/1923/1923
f 1885/1885/1885 1923/1923/1923 1886/1886/1886
f 1886/1886/1886 1923/1923/1923 1924/1924/1924
f 1886/1886/1886 1924/1924/1924 1887/1887/1887
f 1888/1888/1888 1925/1925/1925 1926/1926/1926
f 1888/1888/1888 1926/1926/1926 1889/1889/1889
f 1889/1889/1889 1926/1926/1926 1927/1927/1927
f 1889/1889/1889 1927/1927/1927 1890/1890/1890
f 1890/1890/1890 1927/1927/1927 1928/1928/1928
f 1890/1890/1890 1928/1928/1928 1891/1891/1891
f 1891/1891/1891 1928/1928/1928 1929/1929/1929
f 1891/1891/1891 1929/1929/1929 1892/1892/1892
f 1892/1892/1892 1929/1929/1929 1930/1930/1930
f 1892/1892/1892 1930/1930/1930 1893/1893/1893
f 1893/1893/1893 1930/1930/1930 1931/1931/1931
f 1893/1893/1893 1931/1931/1931 1894/1894/1894
f 1894/1894/1894 1931/1931/1931 1932/1932/1932
f 1894/1894/1894 1932/1932/1932 1895/1895/1895
f 1895/1895/1895 1932/1932/1932 1933/1933/1933
f 1895/1895/1895 1933/1933/1933 1896/1896/1896
f 1896/1896/1896 1933/1933/1933 1934/1934/1934
f 1896/1896/1896 1934/1934/1934 1897/1897/1897
f 1897/1897/1897 1934/1934/1934 1935/1935/1935
f 1897/1897/1897 1935/1935/1935 1898/1898/1898
f 1898/1898/1898 1935/1935/1935 1936/1936/1936
f 1898/1898/1898 1936/1936/1936 1899/1899/1899
f 1899/1899/1899 1936/1936/1936 1937/1937/1937
f 1899/1899/1899 1937/1937/1937 1900/1900/1900
f 1900/1900/1900 1937/1937/1937 1938/1938/1938
f 1900/1900/1900 1938/1938/1938 1901/1901/1901
f 1901/1901/1901 1938/1938/1938 1939/1939/1939
f 1901/1901/1901 1939/1939/1939 1902/1902/1902
f 1902/1902/1902 1939/1939/1939 1940/1940/1940
f 1902/1902/1902 1940/1940/1940 1903/1903/1903
f 1903/1903/1903 1940/1940/1940 1941/1941/1941
f 1903/1903/1903 1941/1941/1941 1904/1904/1904
f 1904/1904/1904 1941/1941/1941 1942/1942/1942
f 1904/1904/1904 1942/1942/1942 1905/1905/1905
f 1905/1905/1905 1942/1942/1942 1943/1943/1943
f 1905/1905/1905 1943/1943/1943 1906/1906/1906
f 1906/1906/1906 1943/1943/1943 1944/1944/1944
f 1906/1906/1906 1944/1944/1944 1907/1907/1907
f 1907/1907/1907 1944/1944/1944 1945/1945/1945
f 1907/1907/1907 1945/1945/1945 1908/1908/1908
f 1908/1908/1908 1945/1945/1945 1946/1946/1946
f 1908/1908/1908 1946/1946/1946 1909/1909/1909
f 1909/1909/1909 1946/1946/1946 1947/1947/1947
f 1909/1909/1909 1947/1947/1947 1910/1910/1910
f 1910/1910/1910 1947/1947/1947 1948/1948/1948
f 1910/1910/1910 1948/1948/1948 1911/1911/1911
f 1911/1911/1911 1948/1948/1948 1949/1949/1949
f 1911/1911/1911 1949/1949/1949 1912/1912/1912
f 1912/1912/1912 1949/1949/1949 1950/1950/1950
f 1912/1912/1912 1950/1950/1950 1913/1913/1913
f 1913/1913/1913 1950/1950/1950 1951/1951/1951
f 1913/1913/1913 1951/1951/1951 1914/1914/1914
f 1914/1914/1914 1951/1951/1951 1952/1952/1952
f 1914/1914/1914 1952/1952/1952 1915/1915/1915
f 1915/1915/1915 1952/1952/1952 1953/1953/1953
f 1915/1915/1915 1953/1953/1953 1916/1916/1916
f 1916/1916/1916 1953/1953/1953 1954/1954/1954
f 1916/1916/1916 1954/1954/1954 1917/1917/1917
f 1917/1917/1917 1954/1954/1954 1955/1955/1955
f 1917/1917/1917 1955/1955/1955 1918/1918/1918
f 1918/1918/1918 1955/1955/1955 1956/1956/1956
f 1918/1918/1918 1956/1956/1956 1919/1919/1919
f 1919/1919/1919 1956/1956/1956 1957/1957/1957
f 1919/1919/1919 1957/1957/1957 1920/1920/1920
f 1920/1920/1920 1957/1957/1957 1958/1958/1958
f 1920/1920/1920 1958/1958/1958 1921/1921/1921
f 1921/1921/1921 1958/1958/1958 1959/1959/1959
f 1921/1921/1921 1959/1959/1959 1922/1922/1922
f 1922/1922/1922 1959/1959/1959 1960/1960/1960
f 1922/1922/1922 1960/1960/1960 1923/1923/1923
f 1923/1923/1923 1960/1960/1960 1961/1961/1961
f 1923/1923/1923 1961/1961/1961 1924/1924/1924
f 1925/1925/1925 1962/1962/1962 1963/1963/1963
f 1925/1925/1925 1963/1963/1963 1926/1926/1926
f 1926/1926/1926 1963/1963/1963 1964/1964/1964
f 1926/1926/1926 1964/1964/1964 1927/1927/1927
f 1927/1927/1927 1964/1964/1964 1965/1965/1965
f 1927/1927/1927 1965/1965/1965 1928/1928/1928
f 1928/1928/1928 1965/1965/1965 1966/1966/1966
f 1928/1928/1928 1966/1966/1966 1929/1929/1929
f 1929/1929/1929 1966/1966/1966 1967/1967/1967
f 1929/1929/1929 1967/1967/1967 1930/1930/1930
f 1930/1930/1930 1967/1967/1967 1968/1968/1968
f 1930/1930/1930 1968/1968/1968 1931/1931/1931
f 1931/1931/1931 1968/1968/1968 1969/1969/1969
f 1931/1931/1931 1969/1969/1969 1932/1932/1932
f 1932/1932/1932 1969/1969/1969 1970/1970/1970
f 1932/1932/1932 1970/1970/1970 1933/1933/1933
f 1933/1933/1933 1970/1970/1970 1971/1971/1971
f 1933/1933/1933 1971/1971/1971 1934/1934/1934
f 1934/1934/1934 1971/1971/1971 1972/1972/1972
f 1934/1934/1934 1972/1972/1972 1935/1935/1935
f 1935/1935/1935 1972/1972/1972 1973/1973/1973
f 1935/1935/1935 1973/1973/1973 1936/1936/1936
f 1936/1936/1936 1973/1973/1973 1974/1974/1974
f 1936/1936/1936 1974/1974/1974 1937/1937/1937
f 1937/1937/1937 1974/1974/1974 1975/1975/1975
f 1937/1937/1937 1975/1975/1975 1938/1938/1938
f 1938/1938/1938 1975/1975/1975 1976/1976/1976
f 1938/1938/1938 1976/1976/1976 1939/1939/1939
f 1939/1939/1939 1976/1976/1976 1977/1977/1977
f 1939/1939/1939 1977/1977/1977 1940/1940/1940
f 1940/1940/1940 1977/1977/1977 1978/1978/1978
f 1940/1940/1940 1978/1978/1978 1941/1941/1941
f 1941/1941/1941 1978/1978/1978 1979/1979/1979
f 1941/1941/1941 1979/1979/1979 1942/1942/1942
f 1942/1942/1942 1979/1979/1979 1980/1980/1980
f 1942/1942/1942 1980/1980/1980 1943/1943/1943
f 1943/1943/1943 1980/1980/1980 1981/1981/1981
f 1943/1943/1943 1981/1981/1981 1944/1944/1944
f 1944/1944/1944 1981/1981/1981 1982/1982/1982
f 1944/1944/1944 1982/1982/1982 1945/1945/1945
f 1945/1945/1945 1982/1982/1982 1983/1983/1983
f 1945/1945/1945 1983/1983/1983 1946/1946/1946
f 1946/1946/1946 1983/1983/1983 1984/1984/1984
f 1946/1946/1946 1984/1984/1984 1947/1947/1947
f 1947/1947/1947 1984/1984/1984 1985/1985/1985
f 1947/1947/1947 1985/1985/1985 1948/1948/1948
f 1948/1948/1948 1985/1985/1985 1986/1986/1986
f 1948/1948/1948 1986/1986/1986 1949/1949/1949
f 1949/1949/1949 1986/1986/1986 1987/1987/1987
f 1949/1949/1949 1987/1987/1987 1950/1950/1950
f 1950/1950/1950 1987/1987/1987 1988/1988/1988
f 1950/1950/1950 1988/1988/1988 1951/1951/1951
f 1951/1951/1951 1988/1988/1988 1989/1989/1989
f 1951/1951/1951 1989/1989/1989 1952/1952/1952
f 1952/1952/1952 1989/1989/1989 1990/1990/1990
f 1952/1952/1952 1990/1990/1990 1953/1953/1953
f 1953/1953/1953 1990/1990/1990 1991/1991/1991
f 1953/1953/1953 1991/1991/1991 1954/1954/1954
f 1954/1954/1954 1991/1991/1991 1992/1992/1992
f 1954/1954/1954 1992/1992/1992 1955/1955/1955
f 1955/1955/1955 1992/1992/1992 1993/1993/1993
f 1955/1955/1955 1993/1993/1993 1956/1956/1956
f 1956/1956/1956 1993/1993/1993 1994/1994/1994
f 1956/1956/1956 1994/1994/1994 1957/1957/1957
f 1957/1957/1957 1994/1994/1994 1995/1995/1995
f 1957/1957/1957 1995/1995/1995 1958/1958/1958
f 1958/1958/1958 1995/1995/1995 1996/1996/1996
f 1958/1958/1958 1996/1996/1996 1959/1959/1959
f 1959/1959/1959 1996/1996/1996 1997/1997/1997
f 1959/1959/1959 1997/1997/1997 1960/1960/1960
f 1960/1960/1960 1997/1997/1997 1998/1998/1998
f 1960/1960/1960 1998/1998/1998 1961/1961/1961
f 1962/1962/1962 1999/1999/1999 2000/2000/2000
f 1962/1962/1962 2000/2000/2000 1963/1963/1963
f 1963/1963/1963 2000/2000/2000 2001/2001/2001
f 1963/1963/1963 2001/2001/2001 1964/1964/1964
f 1964/1964/1964 2001/2001/2001 2002/2002/2002
f 1964/1964/1964 2002/2002/2002 1965/1965/1965
f 1965/1965/1965 2002/2002/2002 2003/2003/2003
f 1965/1965/1965 2003/2003/2003 1966/1966/1966
f 1966/1966/1966 2003/2003/2003 2004/2004/2004
f 1966/1966/1966 2004/2004/2004 1967/1967/1967
f 1967/1967/1967 2004/2004/2004 2005/2005/2005
f 1967/1967/1967 2005/2005/2005 1968/1968/1968
f 1968/1968/1968 2005/2005/2005 2006/2006/2006
f 1968/1968/1968 2006/2006/2006 1969/1969/1969
f 1969/1969/1969 2006/2006/2006 2007/2007/2007
f 1969/1969/1969 2007/2007/2007 1970/1970/1970
f 1970/1970/1970 2007/2007/2007 2008/2008/2008
f 1970/1970/1970 2008/2008/2008 1971/1971/1971
f 1971/1971/1971 2008/2008/2008 2009/2009/2009
f 1971/1971/1971 2009/2009/2009 1972/1972/1972
f 1972/1972/1972 2009/2009/2009 2010/2010/2010
f 1972/1972/1972 2010/2010/2010 1973/1973/1973
f 1973/1973/1973 2010/2010/2010 2011/2011/2011
f 1973/1973/1973 2011/2011/2011 1974/1974/1974
f 1974/1974/1974 2011/2011/2011 2012/2012/2012
f 1974/1974/1974 2012/2012/2012 1975/1975/1975
f 1975/1975/1975 2012/2012/2012 2013/2013/2013
f 1975/1975/1975 2013/2013/2013 1976/1976/1976
f 1976/1976/1976 2013/2013/2013 2014/2014/2014
f 1976/1976/1976 2014/2014/2014 1977/1977/1977
f 1977/1977/1977 2014/2014/2014 2015/2015/2015
f 1977/1977/1977 2015/2015/2015 1978/1978/1978
f 1978/1978/1978 2015/2015/2015 2016/2016/2016
f 1978/1978/1978 2016/2016/2016 1979/1979/1979
f 1979/1979/1979 2016/2016/2016 2017/2017/2017
f 1979/1979/1979 2017/2017/2017 1980/1980/1980
f 1980/1980/1980 2017/2017/2017 2018/2018/2018
f 1980/1980/1980 2018/2018/2018 1981/1981/1981
f 1981/1981/1981 2018/2018/2018 2019/2019/2019
f 1981/1981/1981 2019/2019/2019 1982/1982/1982
f 1982/1982/1982 2019/2019/2019 2020/2020/2020
f 1982/1982/1982 2020/2020/2020 1983/1983/1983
f 1983/1983/1983 2020/2020/2020 2021/2021/2021
f 1983/1983/1983 2021/2021/2021 1984/1984/1984
f 1984/1984/1984 2021/2021/2021 2022/2022/2022
f 1984/1984/1984 2022/2022/2022 1985/1985/1985
f 1985/1985/1985 2022/2022/2022 2023/2023/2023
f 1985/1985/1985 2023/2023/2023 1986/1986/1986
f 1986/1986/1986 2023/2023/2023 2024/2024/2024
f 1986/1986/1986 2024/2024/2024 1987/1987/1987
f 1987/1987/1987 2024/2024/2024 2025/2025/2025
f 1987/1987/1987 2025/2025/2025 1988/1988/1988
f 1988/1988/1988 2025/2025/2025 2026/2026/2026
f 1988/1988/1988 2026/2026/2026 1989/1989/1989
f 1989/1989/1989 2026/2026/2026 2027/2027/2027
f 1989/1989/1989 2027/2027/2027 1990/1990/1990
f 1990/1990/1990 2027/2027/2027 2028/2028/2028
f 1990/1990/1990 2028/2028/2028 1991/1991/1991
f 1991/1991/1991 2028/2028/2028 2029/2029/2029
f 1991/1991/1991 2029/2029/2029 1992/1992/1992
f 1992/1992/1992 2029/2029/2029 2030/2030/2030
f 1992/1992/1992 2030/2030/2030 1993/1993/1993
f 1993/1993/1993 2030/2030/2030 2031/2031/2031
f 1993/1993/1993 2031/2031/2031 1994/1994/1994
f 1994/1994/1994 2031/2031/2031 2032/2032/2032
f 1994/1994/1994 2032/2032/2032 1995/1995/1995
f 1995/1995/1995 2032/2032/2032 2033/2033/2033
f 1995/1995/1995 2033/2033/2033 1996/1996/1996
f 1996/1996/1996 2033/2033/2033 2034/2034/2034
f 1996/1996/1996 2034/2034/2034 1997/1997/1997
f 1997/1997/1997 2034/2034/2034 2035/2035/2035
f 1997/1997/1997 2035/2035/2035 1998/1998/1998
f 1999/1999/1999 2036/2036/2036 2037/2037/2037
f 1999/1999/1999 2037/2037/2037 2000/2000/2000
f 2000/2000/2000 2037/2037/2037 2038/2038/2038
f 2000/2000/2000 2038/2038/2038 2001/2001/2001
f 2001/2001/2001 2038/2038/2038 2039/2039/2039
f 2001/2001/2001 2039/2039/2039 2002/2002/2002
f 2002/2002/2002 2039/2039/2039 2040/2040/2040
f 2002/2002/2002 2040/2040/2040 2003/2003/2003
f 2003/2003/2003 2040/2040/2040 2041/2041/2041
f 2003/2003/2003 2041/2041/2041 2004/2004/2004
f 2004/2004/2004 2041/2041/2041 2042/2042/2042
f 2004/2004/2004 2042/2042/2042 2005/2005/2005
f 2005/2005/2005 2042/2042/2042 2043/2043/2043
f 2005/2005/2005 2043/2043/2043 2006/2006/2006
f 2006/2006/2006 2043/2043/2043 2044/2044/2044
f 2006/2006/2006 2044/2044/2044 2007/2007/2007
f 2007/2007/2007 2044/2044/2044 2045/2045/2045
f 2007/2007/2007 2045/2045/2045 2008/2008/2008
f 2008/2008/2008 2045/2045/2045 2046/2046/2046
f 2008/2008/2008 2046/2046/2046 2009/2009/2009
f 2009/2009/2009 2046/2046/2046 2047/2047/2047
f 2009/2009/2009 2047/2047/2047 2010/2010/2010
f 2010/2010/2010 2047/2047/2047 2048/2048/2048
f 2010/2010/2010 2048/2048/2048 2011/2011/2011
f 2011/2011/2011 2048/2048/2048 2049/2049/2049
f 2011/2011/2011 2049/2049/2049 2012/2012/2012
f 2012/2012/2012 2049/2049/2049 2050/2050/2050
f 2012/2012/2012 2050/2050/2050 2013/2013/2013
f 2013/2013/2013 2050/2050/2050 2051/2051/2051
f 2013/2013/2013 2051/2051/2051 2014/2014/2014
f 2014/2014/2014 2051/2051/2051 2052/2052/2052
f 2014/2014/2014 2052/2052/2052 2015/2015/2015
f 2015/2015/2015 2052/2052/2052 2053/2053/2053
f 2015/2015/2015 2053/2053/2053 2016/2016/2016
f 2016/2016/2016 2053/2053/2053 2054/2054/2054
f 2016/2016/2016 2054/2054/2054 2017/2017/2017
f 2017/2017/2017 2054/2054/2054 2055/2055/2055
f 2017/2017/2017 2055/2055/2055 2018/2018/2018
f 2018/2018/2018 2055/2055/2055 2056/2056/2056
f 2018/2018/2018 2056/2056/2056 2019/2019/2019
f 2019/2019/2019 2056/2056/2056 2057/2057/2057
f 2019/2019/2019 2057/2057/2057 2020/2020/2020
f 2020/2020/2020 2057/2057/2057 2058/2058/2058
f 2020/2020/2020 2058/2058/2058 2021/2021/2021
f 2021/2021/2021 2058/2058/2058 2059/2059/2059
f 2021/2021/2021 2059/2059/2059 2022/2022/2022
f 2022/2022/2022 2059/2059/2059 2060/2060/2060
f 2022/2022/2022 2060/2060/2060 2023/2023/2023
f 2023/2023/2023 2060/2060/2060 2061/2061/2061
f 2023/2023/2023 2061/2061/2061 2024/2024/2024
f 2024/2024/2024 2061/2061/2061 2062/2062/2062
f 2024/2024/2024 2062/2062/2062 2025/2025/2025
f 2025/2025/2025 2062/2062/2062 2063/2063/2063
f 2025/2025/2025 2063/2063/2063 2026/2026/2026
f 2026/2026/2026 2063/2063/2063 2064/2064/2064
f 2026/2026/2026 2064/2064/2064 2027/2027/2027
f 2027/2027/2027 2064/2064/2064 2065/2065/2065
f 2027/2027/2027 2065/2065/2065 2028/2028/2028
f 2028/2028/2028 2065/2065/2065 2066/2066/2066
f 2028/2028/2028 2066/2066/2066 2029/2029/2029
f 2029/2029/2029 2066/2066/2066 2067/2067/2067
f 2029/2029/2029 2067/2067/2067 2030/2030/2030
f 2030/2030/2030 2067/2067/2067 2068/2068/2068
f 2030/2030/2030 2068/2068/2068 2031/2031/2031
f 2031/2031/2031 2068/2068/2068 2069/2069/2069
f 2031/2031/2031 2069/2069/2069 2032/2032/2032
f 2032/2032/2032 2069/2069/2069 2070/2070/2070
f 2032/2032/2032 2070/2070/2070 2033/2033/2033
f 2033/2033/2033 2070/2070/2070 2071/2071/2071
f 2033/2033/2033 2071/2071/2071 2034/2034/2034
f 2034/2034/2034 2071/2071/2071 2072/2072/2072
f 2034/2034/2034 2072/2072/2072 2035/2035/2035
f 2036/2036/2036 2073/2073/2073 2074/2074/2074
f 2036/2036/2036 2074/2074/2074 2037/2037/2037
f 2037/2037/2037 2074/2074/2074 2075/2075/2075
f 2037/2037/2037 2075/2075/2075 2038/2038/2038
f 2038/2038/2038 2075/2075/2075 2076/2076/2076
f 2038/2038/2038 2076/2076/2076 2039/2039/2039
f 2039/2039/2039 2076/2076/2076 2077/2077/2077
f 2039/2039/2039 2077/2077/2077 2040/2040/2040
f 2040/2040/2040 2077/2077/2077 2078/2078/2078
f 2040/2040/2040 2078/2078/2078 2041/2041/2041
f 2041/2041/2041 2078/2078/2078 2079/2079/2079
f 2041/2041/2041 2079/2079/2079 2042/2042/2042
f 2042/2042/2042 2079/2079/2079 2080/2080/2080
f 2042/2042/2042 2080/2080/2080 2043/2043/2043
f 2043/2043/2043 2080/2080/2080 2081/2081/2081
f 2043/2043/2043 2081/2081/2081 2044/2044/2044
f 2044/2044/2044 2081/2081/2081 2082/2082/2082
f 2044/2044/2044 2082/2082/2082 2045/2045/2045
f 2045/2045/2045 2082/2082/2082 2083/2083/2083
f 2045/2045/2045 2083/2083/2083 2046/2046/2046
f 2046/2046/2046 2083/2083/2083 2084/2084/2084
f 2046/2046/2046 2084/2084/2084 2047/2047/2047
f 2047/2047/2047 2084/2084/2084 2085/2085/2085
f 2047/2047/2047 2085/2085/2085 2048/2048/2048
f 2048/2048/2048 2085/2085/2085 2086/2086/2086
f 2048/2048/2048 2086/2086/2086 2049/2049/2049
f 2049/2049/2049 2086/2086/2086 2087/2087/2087
f 2049/2049/2049 2087/2087/2087 2050/2050/2050
f 2050/2050/2050 2087/2087/2087 2088/2088/2088
f 2050/2050/2050 2088/2088/2088 2051/2051/2051
f 2051/2051/2051 2088/2088/2088 2089/2089/2089
f 2051/2051/2051 2089/2089/2089 2052/2052/2052
f 2052/2052/2052 2089/2089/2089 2090/2090/2090
f 2052/2052/2052 2090/2090/2090 2053/2053/2053
f 2053/2053/2053 2090/2090/2090 2091/2091/2091
f 2053/2053/2053 2091/2091/2091 2054/2054/2054
f 2054/2054/2054 2091/2091/2091 2092/2092/2092
f 2054/2054/2054 2092/2092/2092 2055/2055/2055
f 2055/2055/2055 2092/2092/2092 2093/2093/2093
f 2055/2055/2055 2093/2093/2093 2056/2056/2056
f 2056/2056/2056 2093/2093/2093 2094/2094/2094
f 2056/2056/2056 2094/2094/2094 2057/2057/2057
f 2057/2057/2057 2094/2094/2094 2095/2095/2095
f 2057/2057/2057 2095/2095/2095 2058/2058/2058
f 2058/2058/2058 2095/2095/2095 2096/2096/2096
f 2058/2058/2058 2096/2096/2096 2059/2059/2059
f 2059/2059/2059 2096/2096/2096 2097/2097/2097
f 2059/2059/2059 2097/2097/2097 2060/2060/2060
f 2060/2060/2060 2097/2097/2097 2098/2098/2098
f 2060/2060/2060 2098/2098/2098 2061/2061/2061
f 2061/2061/2061 2098/2098/2098 2099/2099/2099
f 2061/2061/2061 2099/2099/2099 2062/2062/2062
f 2062/2062/2062 2099/2099/2099 2100/2100/2100
f 2062/2062/2062 2100/2100/2100 2063/2063/2063
f 2063/2063/2063 2100/2100/2100 2101/2101/2101
f 2063/2063/2063 2101/2101/2101 2064/2064/2064
f 2064/2064/2064 2101/2101/2101 2102/2102/2102
f 2064/2064/2064 2102/2102/2102 2065/2065/2065
f 2065/2065/2065 2102/2102/2102 2103/2103/2103
f 2065/2065/2065 2103/2103/2103 2066/2066/2066
f 2066/2066/2066 2103/2103/2103 2104/2104/2104
f 2066/2066/2066 2104/2104/2104 2067/2067/2067
f 2067/2067/2067 2104/2104/2104 2105/2105/2105
f 2067/2067/2067 2105/2105/2105 2068/2068/2068
f 2068/2068/2068 2105/2105/2105 2106/2106/2106
f 2068/2068/2068 2106/2106/2106 2069/2069/2069
f 2069/2069/2069 2106/2106/2106 2107/2107/2107
f 2069/2069/2069 2107/2107/2107 2070/2070/2070
f 2070/2070/2070 2107/2107/2107 2108/2108/2108
f 2070/2070/2070 2108/2108/2108 2071/2071/2071
f 2071/2071/2071 2108/2108/2108 2109/2109/2109
f 2071/2071/2071 2109/2109/2109 2072/2072/2072
f 2073/2073/2073 2110/2110/2110 2111/2111/2111
f 2073/2073/2073 2111/2111/2111 2074/2074/2074
f 2074/2074/2074 2111/2111/2111 2112/2112/2112
f 2074/2074/2074 2112/2112/2112 2075/2075/2075
f 2075/2075/2075 2112/2112/2112 2113/2113/2113
f 2075/2075/2075 2113/2113/2113 2076/2076/2076
f 2076/2076/2076 2113/2113/2113 2114/2114/2114
f 2076/2076/2076 2114/2114/2114 2077/2077/2077
f 2077/2077/2077 2114/2114/2114 2115/2115/2115
f 2077/2077/2077 2115/2115/2115 2078/2078/2078
f 2078/2078/2078 2115/2115/2115 2116/2116/2116
f 2078/2078/2078 2116/2116/2116 2079/2079/2079
f 2079/2079/2079 2116/2116/2116 2117/2117/2117
f 2079/2079/2079 2117/2117/2117 2080/2080/2080
f 2080/2080/2080 2117/2117/2117 2118/2118/2118
f 2080/2080/2080 2118/2118/2118 2081/2081/2081
f 2081/2081/2081 2118/2118/2118 2119/2119/2119
f 2081/2081/2081 2119/2119/2119 2082/2082/2082
f 2082/2082/2082 2119/2119/2119 2120/2120/2120
f 2082/2082/2082 2120/2120/2120 2083/2083/2083
f 2083/2083/2083 2120/2120/2120 2121/2121/2121
f 2083/2083/2083 2121/2121/2121 2084/2084/2084
f 2084/2084/2084 2121/2121/2121 2122/2122/2122
f 2084/2084/2084 2122/2122/2122 2085/2085/2085
f 2085/2085/2085 2122/2122/2122 2123/2123/2123
f 2085/2085/2085 2123/2123/2123 2086/2086/2086
f 2086/2086/2086 2123/2123/2123 2124/2124/2124
f 2086/2086/2086 2124/2124/2124 2087/2087/2087
f 2087/2087/2087 2124/2124/2124 2125/2125/2125
f 2087/2087/2087 2125/2125/2125 2088/2088/2088
f 2088/2088/2088 2125/2125/2125 2126/2126/2126
f 2088/2088/2088 2126/2126/2126 2089/2089/2089
f 2089/2089/2089 2126/2126/2126 2127/2127/2127
f 2089/2089/2089 2127/2127/2127 2090/2090/2090
f 2090/2090/2090 2127/2127/2127 2128/2128/2128
f 2090/2090/2090 2128/2128/2128 2091/2091/2091
f 2091/2091/2091 2128/2128/2128 2129/2129/2129
f 2091/2091/2091 2129/2129/2129 2092/2092/2092
f 2092/2092/2092 2129/2129/2129 2130/2130/2130
f 2092/2092/2092 2130/2130/2130 2093/2093/2093
f 2093/2093/2093 2130/2130/2130 2131/2131/2131
f 2093/2093/2093 2131/2131/2131 2094/2094/2094
f 2094/2094/2094 2131/2131/2131 2132/2132/2132
f 2094/2094/2094 2132/2132/2132 2095/2095/2095
f 2095/2095/2095 2132/2132/2132 2133/2133/2133
f 2095/2095/2095 2133/2133/2133 2096/2096/2096
f 2096/2096/2096 2133/2133/2133 2134/2134/2134
f 2096/2096/2096 2134/2134/2134 2097/2097/2097
f 2097/2097/2097 2134/2134/2134 2135/2135/2135
f 2097/2097/2097 2135/2135/2135 2098/2098/2098
f 2098/2098/2098 2135/2135/2135 2136/2136/2136
f 2098/2098/2098 2136/2136/2136 2099/2099/2099
f 2099/2099/2099 2136/2136/2136 2137/2137/2137
f 2099/2099/2099 2137/2137/2137 2100/2100/2100
f 2100/2100/2100 2137/2137/2137 2138/2138/2138
f 2100/2100/2100 2138/2138/2138 2101/2101/2101
f 2101/2101/2101 2138/2138/2138 2139/2139/2139
f 2101/2101/2101 2139/2139/2139 2102/2102/2102
f 2102/2102/2102 2139/2139/2139 2140/2140/2140
f 2102/2102/2102 2140/2140/2140 2103/2103/2103
f 2103/2103/2103 2140/2140/2140 2141/2141/2141
f 2103/2103/2103 2141/2141/2141 2104/2104/2104
f 2104/2104/2104 2141/2141/2141 2142/2142/2142
f 2104/2104/2104 2142/2142/2142 2105/2105/2105
f 2105/2105/2105 2142/2142/2142 2143/2143/2143
f 2105/2105/2105 2143/2143/2143 2106/2106/2106
f 2106/2106/2106 2143/2143/2143 2144/2144/2144
f 2106/2106/2106 2144/2144/2144 2107/2107/2107
f 2107/2107/2107 2144/2144/2144 2145/2145/2145
f 2107/2107/2107 2145/2145/2145 2108/2108/2108
f 2108/2108/2108 2145/2145/2145 2146/2146/2146
f 2108/2108/2108 2146/2146/2146 2109/2109/2109
f 2110/2110/2110 2147/2147/2147 2148/2148/2148
f 2110/2110/2110 2148/2148/2148 2111/2111/2111
f 2111/2111/2111 2148/2148/2148 2149/2149/2149
f 2111/2111/2111 2149/2149/2149 2112/2112/2112
f 2112/2112/2112 2149/2149/2149 2150/2150/2150
f 2112/2112/2112 2150/2150/2150 2113/2113/2113
f 2113/2113/2113 2150/2150/2150 2151/2151/2151
f 2113/2113/2113 2151/2151/2151 2114/2114/2114
f 2114/2114/2114 2151/2151/2151 2152/2152/2152
f 2114/2114/2114 2152/2152/2152 2115/2115/2115
f 2115/2115/2115 2152/2152/2152 2153/2153/2153
f 2115/2115/2115 2153/2153/2153 2116/2116/2116
f 2116/2116/2116 2153/2153/2153 2154/2154/2154
f 2116/2116/2116 2154/2154/2154 2117/2117/2117
f 2117/2117/2117 2154/2154/2154 2155/2155/2155
f 2117/2117/2117 2155/2155/2155 2118/2118/2118
f 2118/2118/2118 2155/2155/2155 2156/2156/2156
f 2118/2118/2118 2156/2156/2156 2119/2119/2119
f 2119/2119/2119 2156/2156/2156 2157/2157/2157
f 2119/2119/2119 2157/2157/2157 2120/2120/2120
f 2120/2120/2120 2157/2157/2157 2158/2158/2158
f 2120/2120/2120 2158/2158/2158 2121/2121/2121
f 2121/2121/2121 2158/2158/2158 2159/2159/2159
f 2121/2121/2121 2159/2159/2159 2122/2122/2122
f 2122/2122/2122 2159/2159/2159 2160/2160/2160
f 2122/2122/2122 2160/2160/2160 2123/2123/2123
f 2123/2123/2123 2160/2160/2160 2161/2161/2161
f 2123/2123/2123 2161/2161/2161 2124/2124/2124
f 2124/2124/2124 2161/2161/2161 2162/2162/2162
f 2124/2124/2124 2162/2162/2162 2125/2125/2125
f 2125/2125/2125 2162/2162/2162 2163/2163/2163
f 2125/2125/2125 2163/2163/2163 2126/2126/2126
f 2126/2126/2126 2163/2163/2163 2164/2164/2164
f 2126/2126/2126 2164/2164/2164 2127/2127/2127
f 2127/2127/2127 2164/2164/2164 2165/2165/2165
f 2127/2127/2127 2165/2165/2165 2128/2128/2128
f 2128/2128/2128 2165/2165/2165 2166/2166/2166
f 2128/2128/2128 2166/2166/2166 2129/2129/2129
f 2129/2129/2129 2166/2166/2166 2167/2167/2167
f 2129/2129/2129 2167/2167/2167 2130/2130/2130
f 2130/2130/2130 2167/2167/2167 2168/2168/2168
f 2130/2130/2130 2168/2168/2168 2131/2131/2131
f 2131/2131/2131 2168/2168/2168 2169/2169/2169
f 2131/2131/2131 2169/2169/2169 2132/2132/2132
f 2132/2132/2132 2169/2169/2169 2170/2170/2170
f 2132/2132/2132 2170/2170/2170 2133/2133/2133
f 2133/2133/2133 2170/2170/2170 2171/2171/2171
f 2133/2133/2133 2171/2171/2171 2134/2134/2134
f 2134/2134/2134 2171/2171/2171 2172/2172/2172
f 2134/2134/2134 2172/2172/2172 2135/2135/2135
f 2135/2135/2135 2172/2172/2172 2173/2173/2173
f 2135/2135/2135 2173/2173/2173 2136/2136/2136
f 2136/2136/2136 2173/2173/2173 2174/2174/2174
f 2136/2136/2136 2174/2174/2174 2137/2137/2137
f 2137/2137/2137 2174/2174/2174 2175/2175/2175
f 2137/2137/2137 2175/2175/2175 2138/2138/2138
f 2138/2138/2138 2175/2175/2175 2176/2176/2176
f 2138/2138/2138 2176/2176/2176 2139/2139/2139
f 2139/2139/2139 2176/2176/2176 2177/2177/2177
f 2139/2139/2139 2177/2177/2177 2140/2140/2140
f 2140/2140/2140 2177/2177/2177 2178/2178/2178
f 2140/2140/2140 2178/2178/2178 2141/2141/2141
f 2141/2141/2141 2178/2178/2178 2179/2179/2179
f 2141/2141/2141 2179/2179/2179 2142/2142/2142
f 2142/2142/2142 2179/2179/2179 2180/2180/2180
f 2142/2142/2142 2180/2180/2180 2143/2143/2143
f 2143/2143/2143 2180/2180/2180 2181/2181/2181
f 2143/2143/2143 2181/2181/2181 2144/2144/2144
f 2144/2144/2144 2181/2181/2181 2182/2182/2182
f 2144/2144/2144 2182/2182/2182 2145/2145/2145
f 2145/2145/2145 2182/2182/2182 2183/2183/2183
f 2145/2145/2145 2183/2183/2183 2146/2146/2146
f 2147/2147/2147 2184/2184/2184 2185/2185/2185
f 2147/2147/2147 2185/2185/2185 2148/2148/2148
f 2148/2148/2148 2185/2185/2185 2186/2186/2186
f 2148/2148/2148 2186/2186/2186 2149/2149/2149
f 2149/2149/2149 2186/2186/2186 2187/2187/2187
f 2149/2149/2149 2187/2187/2187 2150/2150/2150
f 2150/2150/2150 2187/2187/2187 2188/2188/2188
f 2150/2150/2150 2188/2188/2188 2151/2151/2151
f 2151/2151/2151 2188/2188/2188 2189/2189/2189
f 2151/2151/2151 2189/2189/2189 2152/2152/2152
f 2152/2152/2152 2189/2189/2189 2190/2190/2190
f 2152/2152/2152 2190/2190/2190 2153/2153/2153
f 2153/2153/2153 2190/2190/2190 2191/2191/2191
f 2153/2153/2153 2191/2191/2191 2154/2154/2154
f 2154/2154/2154 2191/2191/2191 2192/2192/2192
f 2154/2154/2154 2192/2192/2192 2155/2155/2155
f 2155/2155/2155 2192/2192/2192 2193/2193/2193
f 2155/2155/2155 2193/2193/2193 2156/2156/2156
f 2156/2156/2156 2193/2193/2193 2194/2194/2194
f 2156/2156/2156 2194/2194/2194 2157/2157/2157
f 2157/2157/2157 2194/2194/2194 2195/2195/2195
f 2157/2157/2157 2195/2195/2195 2158/2158/2158
f 2158/2158/2158 2195/2195/2195 2196/2196/2196
f 2158/2158/2158 2196/2196/2196 2159/2159/2159
f 2159/2159/2159 2196/2196/2196 2197/2197/2197
f 2159/2159/2159 2197/2197/2197 2160/2160/2160
f 2160/2160/2160 2197/2197/2197 2198/2198/2198
f 2160/2160/2160 2198/2198/2198 2161/2161/2161
f 2161/2161/2161 2198/2198/2198 2199/2199/2199
f 2161/2161/2161 2199/2199/2199 2162/2162/2162
f 2162/2162/2162 2199/2199/2199 2200/2200/2200
f 2162/2162/2162 2200/2200/2200 2163/2163/2163
f 2163/2163/2163 2200/2200/2200 2201/2201/2201
f 2163/2163/2163 2201/2201/2201 2164/2164/2164
f 2164/2164/2164 2201/2201/2201 2202/2202/2202
f 2164/2164/2164 2202/2202/2202 2165/2165/2165
f 2165/2165/2165 2202/2202/2202 2203/2203/2203
f 2165/2165/2165 2203/2203/2203 2166/2166/2166
f 2166/2166/2166 2203/2203/2203 2204/2204/2204
f 2166/2166/2166 2204/2204/2204 2167/2167/2167
f 2167/2167/2167 2204/2204/2204 2205/2205/2205
f 2167/2167/2167 2205/2205/2205 2168/2168/2168
f 2168/2168/2168 2205/2205/2205 2206/2206/2206
f 2168/2168/2168 2206/2206/2206 2169/2169/2169
f 2169/2169/2169 2206/2206/2206 2207/2207/2207
f 2169/2169/2169 2207/2207/2207 2170/2170/2170
f 2170/2170/2170 2207/2207/2207 2208/2208/2208
f 2170/2170/2170 2208/2208/2208 2171/2171/2171
f 2171/2171/2171 2208/2208/2208 2209/2209/2209
f 2171/2171/2171 2209/2209/2209 2172/2172/2172
f 2172/2172/2172 2209/2209/2209 2210/2210/2210
f 2172/2172/2172 2210/2210/2210 2173/2173/2173
f 2173/2173/2173 2210/2210/2210 2211/2211/2211
f 2173/2173/2173 2211/2211/2211 2174/2174/2174
f 2174/2174/2174 2211/2211/2211 2212/2212/2212
f 2174/2174/2174 2212/2212/2212 2175/2175/2175
f 2175/2175/2175 2212/2212/2212 2213/2213/2213
f 2175/2175/2175 2213/2213/2213 2176/2176/2176
f 2176/2176/2176 2213/2213/2213 2214/2214/2214
f 2176/2176/2176 2214/2214/2214 2177/2177/2177
f 2177/2177/2177 2214/2214/2214 2215/2215/2215
f 2177/2177/2177 2215/2215/2215 2178/2178/2178
f 2178/2178/2178 2215/2215/2215 2216/2216/2216
f 2178/2178/2178 2216/2216/2216 2179/2179/2179
f 2179/2179/2179 2216/2216/2216 2217/2217/2217
f 2179/2179/2179 2217/2217/2217 2180/2180/2180
f 2180/2180/2180 2217/2217/2217 2218/2218/2218
f 2180/2180/2180 2218/2218/2218 2181/2181/2181
f 2181/2181/2181 2218/2218/2218 2219/2219/2219
f 2181/2181/2181 2219/2219/2219 2182/2182/2182
f 2182/2182/2182 2219/2219/2219 2220/2220/2220
f 2182/2182/2182 2220/2220/2220 2183/2183/2183
f 2184/2184/2184 2221/2221/2221 2222/2222/2222
f 2184/2184/2184 2222/2222/2222 2185/2185/2185
f 2185/2185/2185 2222/2222/2222 2223/2223/2223
f 2185/2185/2185 2223/2223/2223 2186/2186/2186
f 2186/2186/2186 2223/2223/2223 2224/2224/2224
f 2186/2186/2186 2224/2224/2224 2187/2187/2187
f 2187/2187/2187 2224/2224/2224 2225/2225/2225
f 2187/2187/2187 2225/2225/2225 2188/2188/2188
f 2188/2188/2188 2225/2225/2225 2226/2226/2226
f 2188/2188/2188 2226/2226/2226 2189/2189/2189
f 2189/2189/2189 2226/2226/2226 2227/2227/2227
f 2189/2189/2189 2227/2227/2227 2190/2190/2190
f 2190/2190/2190 2227/2227/2227 2228/2228/2228
f 2190/2190/2190 2228/2228/2228 2191/2191/2191
f 2191/2191/2191 2228/2228/2228 2229/2229/2229
f 2191/2191/2191 2229/2229/2229 2192/2192/2192
f 2192/2192/2192 2229/2229/2229 2230/2230/2230
f 2192/2192/2192 2230/2230/2230 2193/2193/2193
f 2193/2193/2193 2230/2230/2230 2231/2231/2231
f 2193/2193/2193 2231/2231/2231 2194/2194/2194
f 2194/2194/2194 2231/2231/2231 2232/2232/2232
f 2194/2194/2194 2232/2232/2232 2195/2195/2195
f 2195/2195/2195 2232/2232/2232 2233/2233/2233
f 2195/2195/2195 2233/2233/2233 2196/2196/2196
f 2196/2196/2196 2233/2233/2233 2234/2234/2234
f 2196/2196/2196 2234/2234/2234 2197/2197/2197
f 2197/2197/2197 2234/2234/2234 2235/2235/2235
f 2197/2197/2197 2235/2235/2235 2198/2198/2198
f 2198/2198/2198 2235/2235/2235 2236/2236/2236
f 2198/2198/2198 2236/2236/2236 2199/2199/2199
f 2199/2199/2199 2236/2236/2236 2237/2237/2237
f 2199/2199/2199 2237/2237/2237 2200/2200/2200
f 2200/2200/2200 2237/2237/2237 2238/2238/2238
f 2200/2200/2200 2238/2238/2238 2201/2201/2201
f 2201/2201/2201 2238/2238/2238 2239/2239/2239
f 2201/2201/2201 2239/2239/2239 2202/2202/2202
f 2202/2202/2202 2239/2239/2239 2240/2240/2240
f 2202/2202/2202 2240/2240/2240 2203/2203/2203
f 2203/2203/2203 2240/2240/2240 2241/2241/2241
f 2203/2203/2203 2241/2241/2241 2204/2204/2204
f 2204/2204/2204 2241/2241/2241 2242/2242/2242
f 2204/2204/2204 2242/2242/2242 2205/2205/2205
f 2205/2205/2205 2242/2242/2242 2243/2243/2243
f 2205/2205/2205 2243/2243/2243 2206/2206/2206
f 2206/2206/2206 2243/2243/2243 2244/2244/2244
f 2206/2206/2206 2244/2244/2244 2207/2207/2207
f 2207/2207/2207 2244/2244/2244 2245/2245/2245
f 2207/2207/2207 2245/2245/2245 2208/2208/2208
f 2208/2208/2208 2245/2245/2245 2246/2246/2246
f 2208/2208/2208 2246/2246/2246 2209/2209/2209
f 2209/2209/2209 2246/2246/2246 2247/2247/2247
f 2209/2209/2209 2247/2247/2247 2210/2210/2210
f 2210/2210/2210 2247/2247/2247 2248/2248/2248
f 2210/2210/2210 2248/2248/2248 2211/2211/2211
f 2211/2211/2211 2248/2248/2248 2249/2249/2249
f 2211/2211/2211 2249/2249/2249 2212/2212/2212
f 2212/2212/2212 2249/2249/2249 2250/2250/2250
f 2212/2212/2212 2250/2250/2250 2213/2213/2213
f 2213/2213/2213 2250/2250/2250 2251/2251/2251
f 2213/2213/2213 2251/2251/2251 2214/2214/2214
f 2214/2214/2214 2251/2251/2251 2252/2252/2252
f 2214/2214/2214 2252/2252/2252 2215/2215/2215
f 2215/2215/2215 2252/2252/2252 2253/2253/2253
f 2215/2215/2215 2253/2253/2253 2216/2216/2216
f 2216/2216/2216 2253/2253/2253 2254/2254/2254
f 2216/2216/2216 2254/2254/2254 2217/2217/2217
f 2217/2217/2217 2254/2254/2254 2255/2255/2255
f 2217/2217/2217 2255/2255/2255 2218/2218/2218
f 2218/2218/2218 2255/2255/2255 2256/2256/2256
f 2218/2218/2218 2256/2256/2256 2219/2219/2219
f 2219/2219/2219 2256/2256/2256 2257/2257/2257
f 2219/2219/2219 2257/2257/2257 2220/2220/2220
f 2221/2221/2221 2258/2258/2258 2259/2259/2259
f 2221/2221/2221 2259/2259/2259 2222/2222/2222
f 2222/2222/2222 2259/2259/2259 2260/2260/2260
f 2222/2222/2222 2260/2260/2260 2223/2223/2223
f 2223/2223/2223 2260/2260/2260 2261/2261/2261
f 2223/2223/2223 2261/2261/2261 2224/2224/2224
f 2224/2224/2224 2261/2261/2261 2262/2262/2262
f 2224/2224/2224 2262/2262/2262 2225/2225/2225
f 2225/2225/2225 2262/2262/2262 2263/2263/2263
f 2225/2225/2225 2263/2263/2263 2226/2226/2226
f 2226/2226/2226 2263/2263/2263 2264/2264/2264
f 2226/2226/2226 2264/2264/2264 2227/2227/2227
f 2227/2227/2227 2264/2264/2264 2265/2265/2265
f 2227/2227/2227 2265/2265/2265 2228/2228/2228
f 2228/2228/2228 2265/2265/2265 2266/2266/2266
f 2228/2228/2228 2266/2266/2266 2229/2229/2229
f 2229/2229/2229 2266/2266/2266 2267/2267/2267
f 2229/2229/2229 2267/2267/2267 2230/2230/2230
f 2230/2230/2230 2267/2267/2267 2268/2268/2268
f 2230/2230/2230 2268/2268/2268 2231/2231/2231
f 2231/2231/2231 2268/2268/2268 2269/2269/2269
f 2231/2231/2231 2269/2269/2269 2232/2232/2232
f 2232/2232/2232 2269/2269/2269 2270/2270/2270
f 2232/2232/2232 2270/2270/2270 2233/2233/2233
f 2233/2233/2233 2270/2270/2270 2271/2271/2271
f 2233/2233/2233 2271/2271/2271 2234/2234/2234
f 2234/2234/2234 2271/2271/2271 2272/2272/2272
f 2234/2234/2234 2272/2272/2272 2235/2235/2235
f 2235/2235/2235 2272/2272/2272 2273/2273/2273
f 2235/2235/2235 2273/2273/2273 2236/2236/2236
f 2236/2236/2236 2273/2273/2273 2274/2274/2274
f 2236/2236/2236 2274/2274/2274 2237/2237/2237
f 2237/2237/2237 2274/2274/2274 2275/2275/2275
f 2237/2237/2237 2275/2275/2275 2238/2238/2238
f 2238/2238/2238 2275/2275/2275 2276/2276/2276
f 2238/2238/2238 2276/2276/2276 2239/2239/2239
f 2239/2239/2239 2276/2276/2276 2277/2277/2277
f 2239/2239/2239 2277/2277/2277 2240/2240/2240
f 2240/2240/2240 2277/2277/2277 2278/2278/2278
f 2240/2240/2240 2278/2278/2278 2241/2241/2241
f 2241/2241/2241 2278/2278/2278 2279/2279/2279
f 2241/2241/2241 2279/2279/2279 2242/2242/2242
f 2242/2242/2242 2279/2279/2279 2280/2280/2280
f 2242/2242/2242 2280/2280/2280 2243/2243/2243
f 2243/2243/2243 2280/2280/2280 2281/2281/2281
f 2243/2243/2243 2281/2281/2281 2244/2244/2244
f 2244/2244/2244 2281/2281/2281 2282/2282/2282
f 2244/2244/2244 2282/2282/2282 2245/2245/2245
f 2245/2245/2245 2282/2282/2282 2283/2283/2283
f 2245/2245/2245 2283/2283/2283 2246/2246/2246
f 2246/2246/2246 2283/2283/2283 2284/2284/2284
f 2246/2246/2246 2284/2284/2284 2247/2247/2247
f 2247/2247/2247 2284/2284/2284 2285/2285/2285
f 2247/2247/2247 2285/2285/2285 2248/2248/2248
f 2248/2248/2248 2285/2285/2285 2286/2286/2286
f 2248/2248/2248 2286/2286/2286 2249/2249/2249
f 2249/2249/2249 2286/2286/2286 2287/2287/2287
f 2249/2249/2249 2287/2287/2287 2250/2250/2250
f 2250/2250/2250 2287/2287/2287 2288/2288/2288
f 2250/2250/2250 2288/2288/2288 2251/2251/2251
f 2251/2251/2251 2288/2288/2288 2289/2289/2289
f 2251/2251/2251 2289/2289/2289 2252/2252/2252
f 2252/2252/2252 2289/2289/2289 2290/2290/2290
f 2252/2252/2252 2290/2290/2290 2253/2253/2253
f 2253/2253/2253 2290/2290/2290 2291/2291/2291
f 2253/2253/2253 2291/2291/2291 2254/2254/2254
f 2254/2254/2254 2291/2291/2291 2292/2292/2292
f 2254/2254/2254 2292/2292/2292 2255/2255/2255
f 2255/2255/2255 2292/2292/2292 2293/2293/2293
f 2255/2255/2255 2293/2293/2293 2256/2256/2256
f 2256/2256/2256 2293/2293/2293 2294/2294/2294
f 2256/2256/2256 2294/2294/2294 2257/2257/2257
f 2258/2258/2258 2295/2295/2295 2296/2296/2296
f 2258/2258/2258 2296/2296/2296 2259/2259/2259
f 2259/2259/2259 2296/2296/2296 2297/2297/2297
f 2259/2259/2259 2297/2297/2297 2260/2260/2260
f 2260/2260/2260 2297/2297/2297 2298/2298/2298
f 2260/2260/2260 2298/2298/2298 2261/2261/2261
f 2261/2261/2261 2298/2298/2298 2299/2299/2299
f 2261/2261/2261 2299/2299/2299 2262/2262/2262
f 2262/2262/2262 2299/2299/2299 2300/2300/2300
f 2262/2262/2262 2300/2300/2300 2263/2263/2263
f 2263/2263/2263 2300/2300/2300 2301/2301/2301
f 2263/2263/2263 2301/2301/2301 2264/2264/2264
f 2264/2264/2264 2301/2301/2301 2302/2302/2302
f 2264/2264/2264 2302/2302/2302 2265/2265/2265
f 2265/2265/2265 2302/2302/2302 2303/2303/2303
f 2265/2265/2265 2303/2303/2303 2266/2266/2266
f 2266/2266/2266 2303/2303/2303 2304/2304/2304
f 2266/2266/2266 2304/2304/2304 2267/2267/2267
f 2267/2267/2267 2304/2304/2304 2305/2305/2305
f 2267/2267/2267 2305/2305/2305 2268/2268/2268
f 2268/2268/2268 2305/2305/2305 2306/2306/2306
f 2268/2268/2268 2306/2306/2306 2269/2269/2269
f 2269/2269/2269 2306/2306/2306 2307/2307/2307
f 2269/2269/2269 2307/2307/2307 2270/2270/2270
f 2270/2270/2270 2307/2307/2307 2308/2308/2308
f 2270/2270/2270 2308/2308/2308 2271/2271/2271
f 2271/2271/2271 2308/2308/2308 2309/2309/2309
f 2271/2271/2271 2309/2309/2309 2272/2272/2272
f 2272/2272/2272 2309/2309/2309 2310/2310/2310
f 2272/2272/2272 2310/2310/2310 2273/2273/2273
f 2273/2273/2273 2310/2310/2310 2311/2311/2311
f 2273/2273/2273 2311/2311/2311 2274/2274/2274
f 2274/2274/2274 2311/2311/2311 2312/2312/2312
f 2274/2274/2274 2312/2312/2312 2275/2275/2275
f 2275/2275/2275 2312/2312/2312 2313/2313/2313
f 2275/2275/2275 2313/2313/2313 2276/2276/2276
f 2276/2276/2276 2313/2313/2313 2314/2314/2314
f 2276/2276/2276 2314/2314/2314 2277/2277/2277
f 2277/2277/2277 2314/2314/2314 2315/2315/2315
f 2277/2277/2277 2315/2315/2315 2278/2278/2278
f 2278/2278/2278 2315/2315/2315 2316/2316/2316
f 2278/2278/2278 2316/2316/2316 2279/2279/2279
f 2279/2279/2279 2316/2316/2316 2317/2317/2317
f 2279/2279/2279 2317/2317/2317 2280/2280/2280
f 2280/2280/2280 2317/2317/2317 2318/2318/2318
f 2280/2280/2280 2318/2318/2318 2281/2281/2281
f 2281/2281/2281 2318/2318/2318 2319/2319/2319
f 2281/2281/2281 2319/2319/2319 2282/2282/2282
f 2282/2282/2282 2319/2319/2319 2320/2320/2320
f 2282/2282/2282 2320/2320/2320 2283/2283/2283
f 2283/2283/2283 2320/2320/2320 2321/2321/2321
f 2283/2283/2283 2321/2321/2321 2284/2284/2284
f 2284/2284/2284 2321/2321/2321 2322/2322/2322
f 2284/2284/2284 2322/2322/2322 2285/2285/2285
f 2285/2285/2285 2322/2322/2322 2323/2323/2323
f 2285/2285/2285 2323/2323/2323 2286/2286/2286
f 2286/2286/2286 2323/2323/2323 2324/2324/2324
f 2286/2286/2286 2324/2324/2324 2287/2287/2287
f 2287/2287/2287 2324/2324/2324 2325/2325/2325
f 2287/2287/2287 2325/2325/2325 2288/2288/2288
f 2288/2288/2288 2325/2325/2325 2326/2326/2326
f 2288/2288/2288 2326/2326/2326 2289/2289/2289
f 2289/2289/2289 2326/2326/2326 2327/2327/2327
f 2289/2289/2289 2327/2327/2327 2290/2290/2290
f 2290/2290/2290 2327/2327/2327 2328/2328/2328
f 2290/2290/2290 2328/2328/2328 2291/2291/2291
f 2291/2291/2291 2328/2328/2328 2329/2329/2329
f 2291/2291/2291 2329/2329/2329 2292/2292/2292
f 2292/2292/2292 2329/2329/2329 2330/2330/2330
f 2292/2292/2292 2330/2330/2330 2293/2293/2293
f 2293/2293/2293 2330/2330/2330 2331/2331/2331
f 2293/2293/2293 2331/2331/2331 2294/2294/2294
f 2295/2295/2295 2332/2332/2332 2333/2333/2333
f 2295/2295/2295 2333/2333/2333 2296/2296/2296
f 2296/2296/2296 2333/2333/2333 2334/2334/2334
f 2296/2296/2296 2334/2334/2334 2297/2297/2297
f 2297/2297/2297 2334/2334/2334 2335/2335/2335
f 2297/2297/2297 2335/2335/2335 2298/2298/2298
f 2298/2298/2298 2335/2335/2335 2336/2336/2336
f 2298/2298/2298 2336/2336/2336 2299/2299/2299
f 2299/2299/2299 2336/2336/2336 2337/2337/2337
f 2299/2299/2299 2337/2337/2337 2300/2300/2300
f 2300/2300/2300 2337/2337/2337 2338/2338/2338
f 2300/2300/2300 2338/2338/2338 2301/2301/2301
f 2301/2301/2301 2338/2338/2338 2339/2339/2339
f 2301/2301/2301 2339/2339/2339 2302/2302/2302
f 2302/2302/2302 2339/2339/2339 2340/2340/2340
f 2302/2302/2302 2340/2340/2340 2303/2303/2303
f 2303/2303/2303 2340/2340/2340 2341/2341/2341
f 2303/2303/2303 2341/2341/2341 2304/2304/2304
f 2304/2304/2304 2341/2341/2341 2342/2342/2342
f 2304/2304/2304 2342/2342/2342 2305/2305/2305
f 2305/2305/2305 2342/2342/2342 2343/2343/2343
f 2305/2305/2305 2343/2343/2343 2306/2306/2306
f 2306/2306/2306 2343/2343/2343 2344/2344/2344
f 2306/2306/2306 2344/2344/2344 2307/2307/2307
f 2307/2307/2307 2344/2344/2344 2345/2345/2345
f 2307/2307/2307 2345/2345/2345 2308/2308/2308
f 2308/2308/2308 2345/2345/2345 2346/2346/2346
f 2308/2308/2308 2346/2346/2346 2309/2309/2309
f 2309/2309/2309 2346/2346/2346 2347/2347/2347
f 2309/2309/2309 2347/2347/2347 2310/2310/2310
f 2310/2310/2310 2347/2347/2347 2348/2348/2348
f 2310/2310/2310 2348/2348/2348 2311/2311/2311
f 2311/2311/2311 2348/2348/2348 2349/2349/2349
f 2311/2311/2311 2349/2349/2349 2312/2312/2312
f 2312/2312/2312 2349/2349/2349 2350/2350/2350
f 2312/2312/2312 2350/2350/2350 2313/2313/2313
f 2313/2313/2313 2350/2350/2350 2351/2351/2351
f 2313/2313/2313 2351/2351/2351 2314/2314/2314
f 2314/2314/2314 2351/2351/2351 2352/2352/2352
f 2314/2314/2314 2352/2352/2352 2315/2315/2315
f 2315/2315/2315 2352/2352/2352 2353/2353/2353
f 2315/2315/2315 2353/2353/2353 2316/2316/2316
f 2316/2316/2316 2353/2353/2353 2354/2354/2354
f 2316/2316/2316 2354/2354/2354 2317/2317/2317
f 2317/2317/2317 2354/2354/2354 2355/2355/2355
f 2317/2317/2317 2355/2355/2355 2318/2318/2318
f 2318/2318/2318 2355/2355/2355 2356/2356/2356
f 2318/2318/2318 2356/2356/2356 2319/2319/2319
f 2319/2319/2319 2356/2356/2356 2357/2357/2357
f 2319/2319/2319 2357/2357/2357 2320/2320/2320
f 2320/2320/2320 2357/2357/2357 2358/2358/2358
f 2320/2320/2320 2358/2358/2358 2321/2321/2321
f 2321/2321/2321 2358/2358/2358 2359/2359/2359
f 2321/2321/2321 2359/2359/2359 2322/2322/2322
f 2322/2322/2322 2359/2359/2359 2360/2360/2360
f 2322/2322/2322 2360/2360/2360 2323/2323/2323
f 2323/2323/2323 2360/2360/2360 2361/2361/2361
f 2323/2323/2323 2361/2361/2361 2324/2324/2324
f 2324/2324/2324 2361/2361/2361 2362/2362/2362
f 2324/2324/2324 2362/2362/2362 2325/2325/2325
f 2325/2325/2325 2362/2362/2362 2363/2363/2363
f 2325/2325/2325 2363/2363/2363 2326/2326/2326
f 2326/2326/2326 2363/2363/2363 2364/2364/2364
f 2326/2326/2326 2364/2364/2364 2327/2327/2327
f 2327/2327/2327 2364/2364/2364 2365/2365/2365
f 2327/2327/2327 2365/2365/2365 2328/2328/2328
f 2328/2328/2328 2365/2365/2365 2366/2366/2366
f 2328/2328/2328 2366/2366/2366 2329/2329/2329
f 2329/2329/2329 2366/2366/2366 2367/2367/2367
f 2329/2329/2329 2367/2367/2367 2330/2330/2330
f 2330/2330/2330 2367/2367/2367 2368/2368/2368
f 2330/2330/2330 2368/2368/2368 2331/2331/2331
f 2332/2332/2332 2369/2369/2369 2370/2370/2370
f 2332/2332/2332 2370/2370/2370 2333/2333/2333
f 2333/2333/2333 2370/2370/2370 2371/2371/2371
f 2333/2333/2333 2371/2371/2371 2334/2334/2334
f 2334/2334/2334 2371/2371/2371 2372/2372/2372
f 2334/2334/2334 2372/2372/2372 2335/2335/2335
f 2335/2335/2335 2372/2372/2372 2373/2373/2373
f 2335/2335/2335 2373/2373/2373 2336/2336/2336
f 2336/2336/2336 2373/2373/2373 2374/2374/2374
f 2336/2336/2336 2374/2374/2374 2337/2337/2337
f 2337/2337/2337 2374/2374/2374 2375/2375/2375
f 2337/2337/2337 2375/2375/2375 2338/2338/2338
f 2338/2338/2338 2375/2375/2375 2376/2376/2376
f 2338/2338/2338 2376/2376/2376 2339/2339/2339
f 2339/2339/2339 2376/2376/2376 2377/2377/2377
f 2339/2339/2339 2377/2377/2377 2340/2340/2340
f 2340/2340/2340 2377/2377/2377 2378/2378/2378
f 2340/2340/2340 2378/2378/2378 2341/2341/2341
f 2341/2341/2341 2378/2378/2378 2379/2379/2379
f 2341/2341/2341 2379/2379/2379 2342/2342/2342
f 2342/2342/2342 2379/2379/2379 2380/2380/2380
f 2342/2342/2342 2380/2380/2380 2343/2343/2343
f 2343/2343/2343 2380/2380/2380 2381/2381/2381
f 2343/2343/2343 2381/2381/2381 2344/2344/2344
f 2344/2344/2344 2381/2381/2381 2382/2382/2382
f 2344/2344/2344 2382/2382/2382 2345/2345/2345
f 2345/2345/2345 2382/2382/2382 2383/2383/2383
f 2345/2345/2345 2383/2383/2383 2346/2346/2346
f 2346/2346/2346 2383/2383/2383 2384/2384/2384
f 2346/2346/2346 2384/2384/2384 2347/2347/2347
f 2347/2347/2347 2384/2384/2384 2385/2385/2385
f 2347/2347/2347 2385/2385/2385 2348/2348/2348
f 2348/2348/2348 2385/2385/2385 2386/2386/2386
f 2348/2348/2348 2386/2386/2386 2349/2349/2349
f 2349/2349/2349 2386/2386/2386 2387/2387/2387
f 2349/2349/2349 2387/2387/2387 2350/2350/2350
f 2350/2350/2350 2387/2387/2387 2388/2388/2388
f 2350/2350/2350 2388/2388/2388 2351/2351/2351
f 2351/2351/2351 2388/2388/2388 2389/2389/2389
f 2351/2351/2351 2389/2389/2389 2352/2352/2352
f 2352/2352/2352 2389/2389/2389 2390/2390/2390
f 2352/2352/2352 2390/2390/2390 2353/2353/2353
f 2353/2353/2353 2390/2390/2390 2391/2391/2391
f 2353/2353/2353 2391/2391/2391 2354/2354/2354
f 2354/2354/2354 2391/2391/2391 2392/2392/2392
f 2354/2354/2354 2392/2392/2392 2355/2355/2355
f 2355/2355/2355 2392/2392/2392 2393/2393/2393
f 2355/2355/2355 2393/2393/2393 2356/2356/2356
f 2356/2356/2356 2393/2393/2393 2394/2394/2394
f 2356/2356/2356 2394/2394/2394 2357/2357/2357
f 2357/2357/2357 2394/2394/2394 2395/2395/2395
f 2357/2357/2357 2395/2395/2395 2358/2358/2358
f 2358/2358/2358 2395/2395/2395 2396/2396/2396
f 2358/2358/2358 2396/2396/2396 2359/2359/2359
f 2359/2359/2359 2396/2396/2396 2397/2397/2397
f 2359/2359/2359 2397/2397/2397 2360/2360/2360
f 2360/2360/2360 2397/2397/2397 2398/2398/2398
f 2360/2360/2360 2398/2398/2398 2361/2361/2361
f 2361/2361/2361 2398/2398/2398 2399/2399/2399
f 2361/2361/2361 2399/2399/2399 2362/2362/2362
f 2362/2362/2362 2399/2399/2399 2400/2400/2400
f 2362/2362/2362 2400/2400/2400 2363/2363/2363
f 2363/2363/2363 2400/2400/2400 2401/2401/2401
f 2363/2363/2363 2401/2401/2401 2364/2364/2364
f 2364/2364/2364 2401/2401/2401 2402/2402/2402
f 2364/2364/2364 2402/2402/2402 2365/2365/2365
f 2365/2365/2365 2402/2402/2402 2403/2403/2403
f 2365/2365/2365 2403/2403/2403 2366/2366/2366
f 2366/2366/2366 2403/2403/2403 2404/2404/2404
f 2366/2366/2366 2404/2404/2404 2367/2367/2367
f 2367/2367/2367 2404/2404/2404 2405/2405/2405
f 2367/2367/2367 2405/2405/2405 2368/2368/2368
f 2369/2369/2369 2406/2406/2406 2407/2407/2407
f 2369/2369/2369 2407/2407/2407 2370/2370/2370
f 2370/2370/2370 2407/2407/2407 2408/2408/2408
f 2370/2370/2370 2408/2408/2408 2371/2371/2371
f 2371/2371/2371 2408/2408/2408 2409/2409/2409
f 2371/2371/2371 2409/2409/2409 2372/2372/2372
f 2372/2372/2372 2409/2409/2409 2410/2410/2410
f 2372/2372/2372 2410/2410/2410 2373/2373/2373
f 2373/2373/2373 2410/2410/2410 2411/2411/2411
f 2373/2373/2373 2411/2411/2411 2374/2374/2374
f 2374/2374/2374 2411/2411/2411 2412/2412/2412
f 2374/2374/2374 2412/2412/2412 2375/2375/2375
f 2375/2375/2375 2412/2412/2412 2413/2413/2413
f 2375/2375/2375 2413/2413/2413 2376/2376/2376
f 2376/2376/2376 2413/2413/2413 2414/2414/2414
f 2376/2376/2376 2414/2414/2414 2377/2377/2377
f 2377/2377/2377 2414/2414/2414 2415/2415/2415
f 2377/2377/2377 2415/2415/2415 2378/2378/2378
f 2378/2378/2378 2415/2415/2415 2416/2416/2416
f 2378/2378/2378 2416/2416/2416 2379/2379/2379
f 2379/2379/2379 2416/2416/2416 2417/2417/2417
f 2379/2379/2379 2417/2417/2417 2380/2380/2380
f 2380/2380/2380 2417/2417/2417 2418/2418/2418
f 2380/2380/2380 2418/2418/2418 2381/2381/2381
f 2381/2381/2381 2418/2418/2418 2419/2419/2419
f 2381/2381/2381 2419/2419/2419 2382/2382/2382
f 2382/2382/2382 2419/2419/2419 2420/2420/2420
f 2382/2382/2382 2420/2420/2420 2383/2383/2383
f 2383/2383/2383 2420/2420/2420 2421/2421/2421
f 2383/2383/2383 2421/2421/2421 2384/2384/2384
f 2384/2384/2384 2421/2421/2421 2422/2422/2422
f 2384/2384/2384 2422/2422/2422 2385/2385/2385
f 2385/2385/2385 2422/2422/2422 2423/2423/2423
f 2385/2385/2385 2423/2423/2423 2386/2386/2386
f 2386/2386/2386 2423/2423/2423 2424/2424/2424
f 2386/2386/2386 2424/2424/2424 2387/2387/2387
f 2387/2387/2387 2424/2424/2424 2425/2425/2425
f 2387/2387/2387 2425/2425/2425 2388/2388/2388
f 2388/2388/2388 2425/2425/2425 2426/2426/2426
f 2388/2388/2388 2426/2426/2426 2389/2389/2389
f 2389/2389/2389 2426/2426/2426 2427/2427/2427
f 2389/2389/2389 2427/2427/2427 2390/2390/2390
f 2390/2390/2390 2427/2427/2427 2428/2428/2428
f 2390/2390/2390 2428/2428/2428 2391/2391/2391
f 2391/2391/2391 2428/2428/2428 2429/2429/2429
f 2391/2391/2391 2429/2429/2429 2392/2392/2392
f 2392/2392/2392 2429/2429/2429 2430/2430/2430
f 2392/2392/2392 2430/2430/2430 2393/2393/2393
f 2393/2393/2393 2430/2430/2430 2431/2431/2431
f 2393/2393/2393 2431/2431/2431 2394/2394/2394
f 2394/2394/2394 2431/2431/2431 2432/2432/2432
f 2394/2394/2394 2432/2432/2432 2395/2395/2395
f 2395/2395/2395 2432/2432/2432 2433/2433/2433
f 2395/2395/2395 2433/2433/2433 2396/2396/2396
f 2396/2396/2396 2433/2433/2433 2434/2434/2434
f 2396/2396/2396 2434/2434/2434 2397/2397/2397
f 2397/2397/2397 2434/2434/2434 2435/2435/2435
f 2397/2397/2397 2435/2435/2435 2398/2398/2398
f 2398/2398/2398 2435/2435/2435 2436/2436/2436
f 2398/2398/2398 2436/2436/2436 2399/2399/2399
f 2399/2399/2399 2436/2436/2436 2437/2437/2437
f 2399/2399/2399 2437/2437/2437 2400/2400/2400
f 2400/2400/2400 2437/2437/2437 2438/2438/2438
f 2400/2400/2400 2438/2438/2438 2401/2401/2401
f 2401/2401/2401 2438/2438/2438 2439/2439/2439
f 2401/2401/2401 2439/2439/2439 2402/2402/2402
f 2402/2402/2402 2439/2439/2439 2440/2440/2440
f 2402/2402/2402 2440/2440/2440 2403/2403/2403
f 2403/2403/2403 2440/2440/2440 2441/2441/2441
f 2403/2403/2403 2441/2441/2441 2404/2404/2404
f 2404/2404/2404 2441/2441/2441 2442/2442/2442
f 2404/2404/2404 2442/2442/2442 2405/2405/2405
f 2406/2406/2406 2443/2443/2443 2444/2444/2444
f 2406/2406/2406 2444/2444/2444 2407/2407/2407
f 2407/2407/2407 2444/2444/2444 2445/2445/2445
f 2407/2407/2407 2445/2445/2445 2408/2408/2408
f 2408/2408/2408 2445/2445/2445 2446/2446/2446
f 2408/2408/2408 2446/2446/2446 2409/2409/2409
f 2409/2409/2409 2446/2446/2446 2447/2447/2447
f 2409/2409/2409 2447/2447/2447 2410/2410/2410
f 2410/2410/2410 2447/2447/2447 2448/2448/2448
f 2410/2410/2410 2448/2448/2448 2411/2411/2411
f 2411/2411/2411 2448/2448/2448 2449/2449/2449
f 2411/2411/2411 2449/2449/2449 2412/2412/2412
f 2412/2412/2412 2449/2449/2449 2450/2450/2450
f 2412/2412/2412 2450/2450/2450 2413/2413/2413
f 2413/2413/2413 2450/2450/2450 2451/2451/2451
f 2413/2413/2413 2451/2451/2451 2414/2414/2414
f 2414/2414/2414 2451/2451/2451 2452/2452/2452
f 2414/2414/2414 2452/2452/2452 2415/2415/2415
f 2415/2415/2415 2452/2452/2452 2453/2453/2453
f 2415/2415/2415 2453/2453/2453 2416/2416/2416
f 2416/2416/2416 2453/2453/2453 2454/2454/2454
f 2416/2416/2416 2454/2454/2454 2417/2417/2417
f 2417/2417/2417 2454/2454/2454 2455/2455/2455
f 2417/2417/2417 2455/2455/2455 2418/2418/2418
f 2418/2418/2418 2455/2455/2455 2456/2456/2456
f 2418/2418/2418 2456/2456/2456 2419/2419/2419
f 2419/2419/2419 2456/2456/2456 2457/2457/2457
f 2419/2419/2419 2457/2457/2457 2420/2420/2420
f 2420/2420/2420 2457/2457/2457 2458/2458/2458
f 2420/2420/2420 2458/2458/2458 2421/2421/2421
f 2421/2421/2421 2458/2458/2458 2459/2459/2459
f 2421/2421/2421 2459/2459/2459 2422/2422/2422
f 2422/2422/2422 2459/2459/2459 2460/2460/2460
f 2422/2422/2422 2460/2460/2460 2423/2423/2423
f 2423/2423/2423 2460/2460/2460 2461/2461/2461
f 2423/2423/2423 2461/2461/2461 2424/2424/2424
f 2424/2424/2424 2461/2461/2461 2462/2462/2462
f 2424/2424/2424 2462/2462/2462 2425/2425/2425
f 2425/2425/2425 2462/2462/2462 2463/2463/2463
f 2425/2425/2425 2463/2463/2463 2426/2426/2426
f 2426/2426/2426 2463/2463/2463 2464/2464/2464
f 2426/2426/2426 2464/2464/2464 2427/2427/2427
f 2427/2427/2427 2464/2464/2464 2465/2465/2465
f 2427/2427/2427 2465/2465/2465 2428/2428/2428
f 2428/2428/2428 2465/2465/2465 2466/2466/2466
f 2428/2428/2428 2466/2466/2466 2429/2429/2429
f 2429/2429/2429 2466/2466/2466 2467/2467/2467
f 2429/2429/2429 2467/2467/2467 2430/2430/2430
f 2430/2430/2430 2467/2467/2467 2468/2468/2468
f 2430/2430/2430 2468/2468/2468 2431/2431/2431
f 2431/2431/2431 2468/2468/2468 2469/2469/2469
f 2431/2431/2431 2469/2469/2469 2432/2432/2432
f 2432/2432/2432 2469/2469/2469 2470/2470/2470
f 2432/2432/2432 2470/2470/2470 2433/2433/2433
f 2433/2433/2433 2470/2470/2470 2471/2471/2471
f 2433/2433/2433 2471/2471/2471 2434/2434/2434
f 2434/2434/2434 2471/2471/2471 2472/2472/2472
f 2434/2434/2434 2472/2472/2472 2435/2435/2435
f 2435/2435/2435 2472/2472/2472 2473/2473/2473
f 2435/2435/2435 2473/2473/2473 2436/2436/2436
f 2436/2436/2436 2473/2473/2473 2474/2474/2474
f 2436/2436/2436 2474/2474/2474 2437/2437/2437
f 2437/2437/2437 2474/2474/2474 2475/2475/2475
f 2437/2437/2437 2475/2475/2475 2438/2438/2438
f 2438/2438/2438 2475/2475/2475 2476/2476/2476
f 2438/2438/2438 2476/2476/2476 2439/2439/2439
f 2439/2439/2439 2476/2476/2476 2477/2477/2477
f 2439/2439/2439 2477/2477/2477 2440/2440/2440
f 2440/2440/2440 2477/2477/2477 2478/2478/2478
f 2440/2440/2440 2478/2478/2478 2441/2441/2441
f 2441/2441/2441 2478/2478/2478 2479/2479/2479
f 2441/2441/2441 2479/2479/2479 2442/2442/2442
f 2443/2443/2443 2480/2480/2480 2481/2481/2481
f 2443/2443/2443 2481/2481/2481 2444/2444/2444
f 2444/2444/2444 2481/2481/2481 2482/2482/2482
f 2444/2444/2444 2482/2482/2482 2445/2445/2445
f 2445/2445/2445 2482/2482/2482 2483/2483/2483
f 2445/2445/2445 2483/2483/2483 2446/2446/2446
f 2446/2446/2446 2483/2483/2483 2484/2484/2484
f 2446/2446/2446 2484/2484/2484 2447/2447/2447
f 2447/2447/2447 2484/2484/2484 2485/2485/2485
f 2447/2447/2447 2485/2485/2485 2448/2448/2448
f 2448/2448/2448 2485/2485/2485 2486/2486/2486
f 2448/2448/2448 2486/2486/2486 2449/2449/2449
f 2449/2449/2449 2486/2486/2486 2487/2487/2487
f 2449/2449/2449 2487/2487/2487 2450/2450/2450
f 2450/2450/2450 2487/2487/2487 2488/2488/2488
f 2450/2450/2450 2488/2488/2488 2451/2451/2451
f 2451/2451/2451 2488/2488/2488 2489/2489/2489
f 2451/2451/2451 2489/2489/2489 2452/2452/2452
f 2452/2452/2452 2489/2489/2489 2490/2490/2490
f 2452/2452/2452 2490/2490/2490 2453/2453/2453
f 2453/2453/2453 2490/2490/2490 2491/2491/2491
f 2453/2453/2453 2491/2491/2491 2454/2454/2454
f 2454/2454/2454 2491/2491/2491 2492/2492/2492
f 2454/2454/2454 2492/2492/2492 2455/2455/2455
f 2455/2455/2455 2492/2492/2492 2493/2493/2493
f 2455/2455/2455 2493/2493/2493 2456/2456/2456
f 2456/2456/2456 2493/2493/2493 2494/2494/2494
f 2456/2456/2456 2494/2494/2494 2457/2457/2457
f 2457/2457/2457 2494/2494/2494 2495/2495/2495
f 2457/2457/2457 2495/2495/2495 2458/2458/2458
f 2458/2458/2458 2495/2495/2495 2496/2496/2496
f 2458/2458/2458 2496/2496/2496 2459/2459/2459
f 2459/2459/2459 2496/2496/2496 2497/2497/2497
f 2459/2459/2459 2497/2497/2497 2460/2460/2460
f 2460/2460/2460 2497/2497/2497 2498/2498/2498
f 2460/2460/2460 2498/2498/2498 2461/2461/2461
f 2461/2461/2461 2498/2498/2498 2499/2499/2499
f 2461/2461/2461 2499/2499/2499 2462/2462/2462
f 2462/2462/2462 2499/2499/2499 2500/2500/2500
f 2462/2462/2462 2500/2500/2500 2463/2463/2463
f 2463/2463/2463 2500/2500/2500 2501/2501/2501
f 2463/2463/2463 2501/2501/2501 2464/2464/2464
f 2464/2464/2464 2501/2501/2501 2502/2502/2502
f 2464/2464/2464 2502/2502/2502 2465/2465/2465
f 2465/2465/2465 2502/2502/2502 2503/2503/2503
f 2465/2465/2465 2503/2503/2503 2466/2466/2466
f 2466/2466/2466 2503/2503/2503 2504/2504/2504
f 2466/2466/2466 2504/2504/2504 2467/2467/2467
f 2467/2467/2467 2504/2504/2504 2505/2505/2505
f 2467/2467/2467 2505/2505/2505 2468/2468/2468
f 2468/2468/2468 2505/2505/2505 2506/2506/2506
f 2468/2468/2468 2506/2506/2506 2469/2469/2469
f 2469/2469/2469 2506/2506/2506 2507/2507/2507
f 2469/2469/2469 2507/2507/2507 2470/2470/2470
f 2470/2470/2470 2507/2507/2507 2508/2508/2508
f 2470/2470/2470 2508/2508/2508 2471/2471/2471
f 2471/2471/2471 2508/2508/2508 2509/2509/2509
f 2471/2471/2471 2509/2509/2509 2472/2472/2472
f 2472/2472/2472 2509/2509/2509 2510/2510/2510
f 2472/2472/2472 2510/2510/2510 2473/2473/2473
f 2473/2473/2473 2510/2510/2510 2511/2511/2511
f 2473/2473/2473 2511/2511/2511 2474/2474/2474
f 2474/2474/2474 2511/2511/2511 2512/2512/2512
f 2474/2474/2474 2512/2512/2512 2475/2475/2475
f 2475/2475/2475 2512/2512/2512 2513/2513/2513
f 2475/2475/2475 2513/2513/2513 2476/2476/2476
f 2476/2476/2476 2513/2513/2513 2514/2514/2514
f 2476/2476/2476 2514/2514/2514 2477/2477/2477
f 2477/2477/2477 2514/2514/2514 2515/2515/2515
f 2477/2477/2477 2515/2515/2515 2478/2478/2478
f 2478/2478/2478 2515/2515/2515 2516/2516/2516
f 2478/2478/2478 2516/2516/2516 2479/2479/2479
f 2480/2480/2480 2517/2517/2517 2518/2518/2518
f 2480/2480/2480 2518/2518/2518 2481/2481/2481
f 2481/2481/2481 2518/2518/2518 2519/2519/2519
f 2481/2481/2481 2519/2519/2519 2482/2482/2482
f 2482/2482/2482 2519/2519/2519 2520/2520/2520
f 2482/2482/2482 2520/2520/2520 2483/2483/2483
f 2483/2483/2483 2520/2520/2520 2521/2521/2521
f 2483/2483/2483 2521/2521/2521 2484/2484/2484
f 2484/2484/2484 2521/2521/2521 2522/2522/2522
f 2484/2484/2484 2522/2522/2522 2485/2485/2485
f 2485/2485/2485 2522/2522/2522 2523/2523/2523
f 2485/2485/2485 2523/2523/2523 2486/2486/2486
f 2486/2486/2486 2523/2523/2523 2524/2524/2524
f 2486/2486/2486 2524/2524/2524 2487/2487/2487
f 2487/2487/2487 2524/2524/2524 2525/2525/2525
f 2487/2487/2487 2525/2525/2525 2488/2488/2488
f 2488/2488/2488 2525/2525/2525 2526/2526/2526
f 2488/2488/2488 2526/2526/2526 2489/2489/2489
f 2489/2489/2489 2526/2526/2526 2527/2527/2527
f 2489/2489/2489 2527/2527/2527 2490/2490/2490
f 2490/2490/2490 2527/2527/2527 2528/2528/2528
f 2490/2490/2490 2528/2528/2528 2491/2491/2491
f 2491/2491/2491 2528/2528/2528 2529/2529/2529
f 2491/2491/2491 2529/2529/2529 2492/2492/2492
f 2492/2492/2492 2529/2529/2529 2530/2530/2530
f 2492/2492/2492 2530/2530/2530 2493/2493/2493
f 2493/2493/2493 2530/2530/2530 2531/2531/2531
f 2493/2493/2493 2531/2531/2531 2494/2494/2494
f 2494/2494/2494 2531/2531/2531 2532/2532/2532
f 2494/2494/2494 2532/2532/2532 2495/2495/2495
f 2495/2495/2495 2532/2532/2532 2533/2533/2533
f 2495/2495/2495 2533/2533/2533 2496/2496/2496
f 2496/2496/2496 2533/2533/2533 2534/2534/2534
f 2496/2496/2496 2534/2534/2534 2497/2497/2497
f 2497/2497/2497 2534/2534/2534 2535/2535/2535
f 2497/2497/2497 2535/2535/2535 2498/2498/2498
f 2498/2498/2498 2535/2535/2535 2536/2536/2536
f 2498/2498/2498 2536/2536/2536 2499/2499/2499
f 2499/2499/2499 2536/2536/2536 2537/2537/2537
f 2499/2499/2499 2537/2537/2537 2500/2500/2500
f 2500/2500/2500 2537/2537/2537 2538/2538/2538
f 2500/2500/2500 2538/2538/2538 2501/2501/2501
f 2501/2501/2501 2538/2538/2538 2539/2539/2539
f 2501/2501/2501 2539/2539/2539 2502/2502/2502
f 2502/2502/2502 2539/2539/2539 2540/2540/2540
f 2502/2502/2502 2540/2540/2540 2503/2503/2503
f 2503/2503/2503 2540/2540/2540 2541/2541/2541
f 2503/2503/2503 2541/2541/2541 2504/2504/2504
f 2504/2504/2504 2541/2541/2541 2542/2542/2542
f 2504/2504/2504 2542/2542/2542 2505/2505/2505
f 2505/2505/2505 2542/2542/2542 2543/2543/2543
f 2505/2505/2505 2543/2543/2543 2506/2506/2506
f 2506/2506/2506 2543/2543/2543 2544/2544/2544
f 2506/2506/2506 2544/2544/2544 2507/2507/2507
f 2507/2507/2507 2544/2544/2544 2545/2545/2545
f 2507/2507/2507 2545/2545/2545 2508/2508/2508
f 2508/2508/2508 2545/2545/2545 2546/2546/2546
f 2508/2508/2508 2546/2546/2546 2509/2509/2509
f 2509/2509/2509 2546/2546/2546 2547/2547/2547
f 2509/2509/2509 2547/2547/2547 2510/2510/2510
f 2510/2510/2510 2547/2547/2547 2548/2548/2548
f 2510/2510/2510 2548/2548/2548 2511/2511/2511
f 2511/2511/2511 2548/2548/2548 2549/2549/2549
f 2511/2511/2511 2549/2549/2549 2512/2512/2512
f 2512/2512/2512 2549/2549/2549 2550/2550/2550
f 2512/2512/2512 2550/2550/2550 2513/2513/2513
f 2513/2513/2513 2550/2550/2550 2551/2551/2551
f 2513/2513/2513 2551/2551/2551 2514/2514/2514
f 2514/2514/2514 2551/2551/2551 2552/2552/2552
f 2514/2514/2514 2552/2552/2552 2515/2515/2515
f 2515/2515/2515 2552/2552/2552 2553/2553/2553
f 2515/2515/2515 2553/2553/2553 2516/2516/2516
f 2517/2517/2517 2554/2554/2554 2555/2555/2555
f 2517/2517/2517 2555/2555/2555 2518/2518/2518
f 2518/2518/2518 2555/2555/2555 2556/2556/2556
f 2518/2518/2518 2556/2556/2556 2519/2519/2519
f 2519/2519/2519 2556/2556/2556 2557/2557/2557
f 2519/2519/2519 2557/2557/2557 2520/2520/2520
f 2520/2520/2520 2557/2557/2557 2558/2558/2558
f 2520/2520/2520 2558/2558/2558 2521/2521/2521
f 2521/2521/2521 2558/2558/2558 2559/2559/2559
f 2521/2521/2521 2559/2559/2559 2522/2522/2522
f 2522/2522/2522 2559/2559/2559 2560/2560/2560
f 2522/2522/2522 2560/2560/2560 2523/2523/2523
f 2523/2523/2523 2560/2560/2560 2561/2561/2561
f 2523/2523/2523 2561/2561/2561 2524/2524/2524
f 2524/2524/2524 2561/2561/2561 2562/2562/2562
f 2524/2524/2524 2562/2562/2562 2525/2525/2525
f 2525/2525/2525 2562/2562/2562 2563/2563/2563
f 2525/2525/2525 2563/2563/2563 2526/2526/2526
f 2526/2526/2526 2563/2563/2563 2564/2564/2564
f 2526/2526/2526 2564/2564/2564 2527/2527/2527
f 2527/2527/2527 2564/2564/2564 2565/2565/2565
f 2527/2527/2527 2565/2565/2565 2528/2528/2528
f 2528/2528/2528 2565/2565/2565 2566/2566/2566
f 2528/2528/2528 2566/2566/2566 2529/2529/2529
f 2529/2529/2529 2566/2566/2566 2567/2567/2567
f 2529/2529/2529 2567/2567/2567 2530/2530/2530
f 2530/2530/2530 2567/2567/2567 2568/2568/2568
f 2530/2530/2530 2568/2568/2568 2531/2531/2531
f 2531/2531/2531 2568/2568/2568 2569/2569/2569
f 2531/2531/2531 2569/2569/2569 2532/2532/2532
f 2532/2532/2532 2569/2569/2569 2570/2570/2570
f 2532/2532/2532 2570/2570/2570 2533/2533/2533
f 2533/2533/2533 2570/2570/2570 2571/2571/2571
f 2533/2533/2533 2571/2571/2571 2534/2534/2534
f 2534/2534/2534 2571/2571/2571 2572/2572/2572
f 2534/2534/2534 2572/2572/2572 2535/2535/2535
f 2535/2535/2535 2572/2572/2572 2573/2573/2573
f 2535/2535/2535 2573/2573/2573 2536/2536/2536
f 2536/2536/2536 2573/2573/2573 2574/2574/2574
f 2536/2536/2536 2574/2574/2574 2537/2537/2537
f 2537/2537/2537 2574/2574/2574 2575/2575/2575
f 2537/2537/2537 2575/2575/2575 2538/2538/2538
f 2538/2538/2538 2575/2575/2575 2576/2576/2576
f 2538/2538/2538 2576/2576/2576 2539/2539/2539
f 2539/2539/2539 2576/2576/2576 2577/2577/2577
f 2539/2539/2539 2577/2577/2577 2540/2540/2540
f 2540/2540/2540 2577/2577/2577 2578/2578/2578
f 2540/2540/2540 2578/2578/2578 2541/2541/2541
f 2541/2541/2541 2578/2578/2578 2579/2579/2579
f 2541/2541/2541 2579/2579/2579 2542/2542/2542
f 2542/2542/2542 2579/2579/2579 2580/2580/2580
f 2542/2542/2542 2580/2580/2580 2543/2543/2543
f 2543/2543/2543 2580/2580/2580 2581/2581/2581
f 2543/2543/2543 2581/2581/2581 2544/2544/2544
f 2544/2544/2544 2581/2581/2581 2582/2582/2582
f 2544/2544/2544 2582/2582/2582 2545/2545/2545
f 2545/2545/2545 2582/2582/2582 2583/2583/2583
f 2545/2545/2545 2583/2583/2583 2546/2546/2546
f 2546/2546/2546 2583/2583/2583 2584/2584/2584
f 2546/2546/2546 2584/2584/2584 2547/2547/2547
f 2547/2547/2547 2584/2584/2584 2585/2585/2585
f 2547/2547/2547 2585/2585/2585 2548/2548/2548
f 2548/2548/2548 2585/2585/2585 2586/2586/2586
f 2548/2548/2548 2586/2586/2586 2549/2549/2549
f 2549/2549/2549 2586/2586/2586 2587/2587/2587
f 2549/2549/2549 2587/2587/2587 2550/2550/2550
f 2550/2550/2550 2587/2587/2587 2588/2588/2588
f 2550/2550/2550 2588/2588/2588 2551/2551/2551
f 2551/2551/2551 2588/2588/2588 2589/2589/2589
f 2551/2551/2551 2589/2589/2589 2552/2552/2552
f 2552/2552/2552 2589/2589/2589 2590/2590/2590
f 2552/2552/2552 2590/2590/2590 2553/2553/2553
f 2554/2554/2554 2591/2591/2591 2592/2592/2592
f 2554/2554/2554 2592/2592/2592 2555/2555/2555
f 2555/2555/2555 2592/2592/2592 2593/2593/2593
f 2555/2555/2555 2593/2593/2593 2556/2556/2556
f 2556/2556/2556 2593/2593/2593 2594/2594/2594
f 2556/2556/2556 2594/2594/2594 2557/2557/2557
f 2557/2557/2557 2594/2594/2594 2595/2595/2595
f 2557/2557/2557 2595/2595/2595 2558/2558/2558
f 2558/2558/2558 2595/2595/2595 2596/2596/2596
f 2558/2558/2558 2596/2596/2596 2559/2559/2559
f 2559/2559/2559 2596/2596/2596 2597/2597/2597
f 2559/2559/2559 2597/2597/2597 2560/2560/2560
f 2560/2560/2560 2597/2597/2597 2598/2598/2598
f 2560/2560/2560 2598/2598/2598 2561/2561/2561
f 2561/2561/2561 2598/2598/2598 2599/2599/2599
f 2561/2561/2561 2599/2599/2599 2562/2562/2562
f 2562/2562/2562 2599/2599/2599 2600/2600/2600
f 2562/2562/2562 2600/2600/2600 2563/2563/2563
f 2563/2563/2563 2600/2600/2600 2601/2601/2601
f 2563/2563/2563 2601/2601/2601 2564/2564/2564
f 2564/2564/2564 2601/2601/2601 2602/2602/2602
f 2564/2564/2564 2602/2602/2602 2565/2565/2565
f 2565/2565/2565 2602/2602/2602 2603/2603/2603
f 2565/2565/2565 2603/2603/2603 2566/2566/2566
f 2566/2566/2566 2603/2603/2603 2604/2604/2604
f 2566/2566/2566 2604/2604/2604 2567/2567/2567
f 2567/2567/2567 2604/2604/2604 2605/2605/2605
f 2567/2567/2567 2605/2605/2605 2568/2568/2568
f 2568/2568/2568 2605/2605/2605 2606/2606/2606
f 2568/2568/2568 2606/2606/2606 2569/2569/2569
f 2569/2569/2569 2606/2606/2606 2607/2607/2607
f 2569/2569/2569 2607/2607/2607 2570/2570/2570
f 2570/2570/2570 2607/2607/2607 2608/2608/2608
f 2570/2570/2570 2608/2608/2608 2571/2571/2571
f 2571/2571/2571 2608/2608/2608 2609/2609/2609
f 2571/2571/2571 2609/2609/2609 2572/2572/2572
f 2572/2572/2572 2609/2609/2609 2610/2610/2610
f 2572/2572/2572 2610/2610/2610 2573/2573/2573
f 2573/2573/2573 2610/2610/2610 2611/2611/2611
f 2573/2573/2573 2611/2611/2611 2574/2574/2574
f 2574/2574/2574 2611/2611/2611 2612/2612/2612
f 2574/2574/2574 2612/2612/2612 2575/2575/2575
f 2575/2575/2575 2612/2612/2612 2613/2613/2613
f 2575/2575/2575 2613/2613/2613 2576/2576/2576
f 2576/2576/2576 2613/2613/2613 2614/2614/2614
f 2576/2576/2576 2614/2614/2614 2577/2577/2577
f 2577/2577/2577 2614/2614/2614 2615/2615/2615
f 2577/2577/2577 2615/2615/2615 2578/2578/2578
f 2578/2578/2578 2615/2615/2615 2616/2616/2616
f 2578/2578/2578 2616/2616/2616 2579/2579/2579
f 2579/2579/2579 2616/2616/2616 2617/2617/2617
f 2579/2579/2579 2617/2617/2617 2580/2580/2580
f 2580/2580/2580 2617/2617/2617 2618/2618/2618
f 2580/2580/2580 2618/2618/2618 2581/2581/2581
f 2581/2581/2581 2618/2618/2618 2619/2619/2619
f 2581/2581/2581 2619/2619/2619 2582/2582/2582
f 2582/2582/2582 2619/2619/2619 2620/2620/2620
f 2582/2582/2582 2620/2620/2620 2583/2583/2583
f 2583/2583/2583 2620/2620/2620 2621/2621/2621
f 2583/2583/2583 2621/2621/2621 2584/2584/2584
f 2584/2584/2584 2621/2621/2621 2622/2622/2622
f 2584/2584/2584 2622/2622/2622 2585/2585/2585
f 2585/2585/2585 2622/2622/2622 2623/2623/2623
f 2585/2585/2585 2623/2623/2623 2586/2586/2586
f 2586/2586/2586 2623/2623/2623 2624/2624/2624
f 2586/2586/2586 2624/2624/2624 2587/2587/2587
f 2587/2587/2587 2624/2624/2624 2625/2625/2625
f 2587/2587/2587 2625/2625/2625 2588/2588/2588
f 2588/2588/2588 2625/2625/2625 2626/2626/2626
f 2588/2588/2588 2626/2626/2626 2589/2589/2589
f 2589/2589/2589 2626/2626/2626 2627/2627/2627
f 2589/2589/2589 2627/2627/2627 2590/2590/2590
f 2591/2591/2591 2628/2628/2628 2629/2629/2629
f 2591/2591/2591 2629/2629/2629 2592/2592/2592
f 2592/2592/2592 2629/2629/2629 2630/2630/2630
f 2592/2592/2592 2630/2630/2630 2593/2593/2593
f 2593/2593/2593 2630/2630/2630 2631/2631/2631
f 2593/2593/2593 2631/2631/2631 2594/2594/2594
f 2594/2594/2594 2631/2631/2631 2632/2632/2632
f 2594/2594/2594 2632/2632/2632 2595/2595/2595
f 2595/2595/2595 2632/2632/2632 2633/2633/2633
f 2595/2595/2595 2633/2633/2633 2596/2596/2596
f 2596/2596/2596 2633/2633/2633 2634/2634/2634
f 2596/2596/2596 2634/2634/2634 2597/2597/2597
f 2597/2597/2597 2634/2634/2634 2635/2635/2635
f 2597/2597/2597 2635/2635/2635 2598/2598/2598
f 2598/2598/2598 2635/2635/2635 2636/2636/2636
f 2598/2598/2598 2636/2636/2636 2599/2599/2599
f 2599/2599/2599 2636/2636/2636 2637/2637/2637
f 2599/2599/2599 2637/2637/2637 2600/2600/2600
f 2600/2600/2600 2637/2637/2637 2638/2638/2638
f 2600/2600/2600 2638/2638/2638 2601/2601/2601
f 2601/2601/2601 2638/2638/2638 2639/2639/2639
f 2601/2601/2601 2639/2639/2639 2602/2602/2602
f 2602/2602/2602 2639/2639/2639 2640/2640/2640
f 2602/2602/2602 2640/2640/2640 2603/2603/2603
f 2603/2603/2603 2640/2640/2640 2641/2641/2641
f 2603/2603/2603 2641/2641/2641 2604/2604/2604
f 2604/2604/2604 2641/2641/2641 2642/2642/2642
f 2604/2604/2604 2642/2642/2642 2605/2605/2605
f 2605/2605/2605 2642/2642/2642 2643/2643/2643
f 2605/2605/2605 2643/2643/2643 2606/2606/2606
f 2606/2606/2606 2643/2643/2643 2644/2644/2644
f 2606/2606/2606 2644/2644/2644 2607/2607/2607
f 2607/2607/2607 2644/2644/2644 2645/2645/2645
f 2607/2607/2607 2645/2645/2645 2608/2608/2608
f 2608/2608/2608 2645/2645/2645 2646/2646/2646
f 2608/2608/2608 2646/2646/2646 2609/2609/2609
f 2609/2609/2609 2646/2646/2646 2647/2647/2647
f 2609/2609/2609 2647/2647/2647 2610/2610/2610
f 2610/2610/2610 2647/2647/2647 2648/2648/2648
f 2610/2610/2610 2648/2648/2648 2611/2611/2611
f 2611/2611/2611 2648/2648/2648 2649/2649/2649
f 2611/2611/2611 2649/2649/2649 2612/2612/2612
f 2612/2612/2612 2649/2649/2649 2650/2650/2650
f 2612/2612/2612 2650/2650/2650 2613/2613/2613
f 2613/2613/2613 2650/2650/2650 2651/2651/2651
f 2613/2613/2613 2651/2651/2651 2614/2614/2614
f 2614/2614/2614 2651/2651/2651 2652/2652/2652
f 2614/2614/2614 2652/2652/2652 2615/2615/2615
f 2615/2615/2615 2652/2652/2652 2653/2653/2653
f 2615/2615/2615 2653/2653/2653 2616/2616/2616
f 2616/2616/2616 2653/2653/2653 2654/2654/2654
f 2616/2616/2616 2654/2654/2654 2617/2617/2617
f 2617/2617/2617 2654/2654/2654 2655/2655/2655
f 2617/2617/2617 2655/2655/2655 2618/2618/2618
f 2618/2618/2618 2655/2655/2655 2656/2656/2656
f 2618/2618/2618 2656/2656/2656 2619/2619/2619
f 2619/2619/2619 2656/2656/2656 2657/2657/2657
f 2619/2619/2619 2657/2657/2657 2620/2620/2620
f 2620/2620/2620 2657/2657/2657 2658/2658/2658
f 2620/2620/2620 2658/2658/2658 2621/2621/2621
f 2621/2621/2621 2658/2658/2658 2659/2659/2659
f 2621/2621/2621 2659/2659/2659 2622/2622/2622
f 2622/2622/2622 2659/2659/2659 2660/2660/2660
f 2622/2622/2622 2660/2660/2660 2623/2623/2623
f 2623/2623/2623 2660/2660/2660 2661/2661/2661
f 2623/2623/2623 2661/2661/2661 2624/2624/2624
f 2624/2624/2624 2661/2661/2661 2662/2662/2662
f 2624/2624/2624 2662/2662/2662 2625/2625/2625
f 2625/2625/2625 2662/2662/2662 2663/2663/2663
f 2625/2625/2625 2663/2663/2663 2626/2626/2626
f 2626/2626/2626 2663/2663/2663 2664/2664/2664
f 2626/2626/2626 2664/2664/2664 2627/2627/2627
f 2628/2628/2628 2665/2665/2665 2666/2666/2666
f 2628/2628/2628 2666/2666/2666 2629/2629/2629
f 2629/2629/2629 2666/2666/2666 2667/2667/2667
f 2629/2629/2629 2667/2667/2667 2630/2630/2630
f 2630/2630/2630 2667/2667/2667 2668/2668/2668
f 2630/2630/2630 2668/2668/2668 2631/2631/2631
f 2631/2631/2631 2668/2668/2668 2669/2669/2669
f 2631/2631/2631 2669/2669/2669 2632/2632/2632
f 2632/2632/2632 2669/2669/2669 2670/2670/2670
f 2632/2632/2632 2670/2670/2670 2633/2633/2633
f 2633/2633/2633 2670/2670/2670 2671/2671/2671
f 2633/2633/2633 2671/2671/2671 2634/2634/2634
f 2634/2634/2634 2671/2671/2671 2672/2672/2672
f 2634/2634/2634 2672/2672/2672 2635/2635/2635
f 2635/2635/2635 2672/2672/2672 2673/2673/2673
f 2635/2635/2635 2673/2673/2673 2636/2636/2636
f 2636/2636/2636 2673/2673/2673 2674/2674/2674
f 2636/2636/2636 2674/2674/2674 2637/2637/2637
f 2637/2637/2637 2674/2674/2674 2675/2675/2675
f 2637/2637/2637 2675/2675/2675 2638/2638/2638
f 2638/2638/2638 2675/2675/2675 2676/2676/2676
f 2638/2638/2638 2676/2676/2676 2639/2639/2639
f 2639/2639/2639 2676/2676/2676 2677/2677/2677
f 2639/2639/2639 2677/2677/2677 2640/2640/2640
f 2640/2640/2640 2677/2677/2677 2678/2678/2678
f 2640/2640/2640 2678/2678/2678 2641/2641/2641
f 2641/2641/2641 2678/2678/2678 2679/2679/2679
f 2641/2641/2641 2679/2679/2679 2642/2642/2642
f 2642/2642/2642 2679/2679/2679 2680/2680/2680
f 2642/2642/2642 2680/2680/2680 2643/2643/2643
f 2643/2643/2643 2680/2680/2680 2681/2681/2681
f 2643/2643/2643 2681/2681/2681 2644/2644/2644
f 2644/2644/2644 2681/2681/2681 2682/2682/2682
f 2644/2644/2644 2682/2682/2682 2645/2645/2645
f 2645/2645/2645 2682/2682/2682 2683/2683/2683
f 2645/2645/2645 2683/2683/2683 2646/2646/2646
f 2646/2646/2646 2683/2683/2683 2684/2684/2684
f 2646/2646/2646 2684/2684/2684 2647/2647/2647
f 2647/2647/2647 2684/2684/2684 2685/2685/2685
f 2647/2647/2647 2685/2685/2685 2648/2648/2648
f 2648/2648/2648 2685/2685/2685 2686/2686/2686
f 2648/2648/2648 2686/2686/2686 2649/2649/2649
f 2649/2649/2649 2686/2686/2686 2687/2687/2687
f 2649/2649/2649 2687/2687/2687 2650/2650/2650
f 2650/2650/2650 2687/2687/2687 2688/2688/2688
f 2650/2650/2650 2688/2688/2688 2651/2651/2651
f 2651/2651/2651 2688/2688/2688 2689/2689/2689
f 2651/2651/2651 2689/2689/2689 2652/2652/2652
f 2652/2652/2652 2689/2689/2689 2690/2690/2690
f 2652/2652/2652 2690/2690/2690 2653/2653/2653
f 2653/2653/2653 2690/2690/2690 2691/2691/2691
f 2653/2653/2653 2691/2691/2691 2654/2654/2654
f 2654/2654/2654 2691/2691/2691 2692/2692/2692
f 2654/2654/2654 2692/2692/2692 2655/2655/2655
f 2655/2655/2655 2692/2692/2692 2693/2693/2693
f 2655/2655/2655 2693/2693/2693 2656/2656/2656
f 2656/2656/2656 2693/2693/2693 2694/2694/2694
f 2656/2656/2656 2694/2694/2694 2657/2657/2657
f 2657/2657/2657 2694/2694/2694 2695/2695/2695
f 2657/2657/2657 2695/2695/2695 2658/2658/2658
f 2658/2658/2658 2695/2695/2695 2696/2696/2696
f 2658/2658/2658 2696/2696/2696 2659/2659/2659
f 2659/2659/2659 2696/2696/2696 2697/2697/2697
f 2659/2659/2659 2697/2697/2697 2660/2660/2660
f 2660/2660/2660 2697/2697/2697 2698/2698/2698
f 2660/2660/2660 2698/2698/2698 2661/2661/2661
f 2661/2661/2661 2698/2698/2698 2699/2699/2699
f 2661/2661/2661 2699/2699/2699 2662/2662/2662
f 2662/2662/2662 2699/2699/2699 2700/2700/2700
f 2662/2662/2662 2700/2700/2700 2663/2663/2663
f 2663/2663/2663 2700/2700/2700 2701/2701/2701
f 2663/2663/2663 2701/2701/2701 2664/2664/2664
f 2665/2665/2665 2702/2702/2702 2703/2703/2703
f 2665/2665/2665 2703/2703/2703 2666/2666/2666
f 2666/2666/2666 2703/2703/2703 2704/2704/2704
f 2666/2666/2666 2704/2704/2704 2667/2667/2667
f 2667/2667/2667 2704/2704/2704 2705/2705/2705
f 2667/2667/2667 2705/2705/2705 2668/2668/2668
f 2668/2668/2668 2705/2705/2705 2706/2706/2706
f 2668/2668/2668 2706/2706/2706 2669/2669/2669
f 2669/2669/2669 2706/2706/2706 2707/2707/2707
f 2669/2669/2669 2707/2707/2707 2670/2670/2670
f 2670/2670/2670 2707/2707/2707 2708/2708/2708
f 2670/2670/2670 2708/2708/2708 2671/2671/2671
f 2671/2671/2671 2708/2708/2708 2709/2709/2709
f 2671/2671/2671 2709/2709/2709 2672/2672/2672
f 2672/2672/2672 2709/2709/2709 2710/2710/2710
f 2672/2672/2672 2710/2710/2710 2673/2673/2673
f 2673/2673/2673 2710/2710/2710 2711/2711/2711
f 2673/2673/2673 2711/2711/2711 2674/2674/2674
f 2674/2674/2674 2711/2711/2711 2712/2712/2712
f 2674/2674/2674 2712/2712/2712 2675/2675/2675
f 2675/2675/2675 2712/2712/2712 2713/2713/2713
f 2675/2675/2675 2713/2713/2713 2676/2676/2676
f 2676/2676/2676 2713/2713/2713 2714/2714/2714
f 2676/2676/2676 2714/2714/2714 2677/2677/2677
f 2677/2677/2677 2714/2714/2714 2715/2715/2715
f 2677/2677/2677 2715/2715/2715 2678/2678/2678
f 2678/2678/2678 2715/2715/2715 2716/2716/2716
f 2678/2678/2678 2716/2716/2716 2679/2679/2679
f 2679/2679/2679 2716/2716/2716 2717/2717/2717
f 2679/2679/2679 2717/2717/2717 2680/2680/2680
f 2680/2680/2680 2717/2717/2717 2718/2718/2718
f 2680/2680/2680 2718/2718/2718 2681/2681/2681
f 2681/2681/2681 2718/2718/2718 2719/2719/2719
f 2681/2681/2681 2719/2719/2719 2682/2682/2682
f 2682/2682/2682 2719/2719/2719 2720/2720/2720
f 2682/2682/2682 2720/2720/2720 2683/2683/2683
f 2683/2683/2683 2720/2720/2720 2721/2721/2721
f 2683/2683/2683 2721/2721/2721 2684/2684/2684
f 2684/2684/2684 2721/2721/2721 2722/2722/2722
f 2684/2684/2684 2722/2722/2722 2685/2685/2685
f 2685/2685/2685 2722/2722/2722 2723/2723/2723
f 2685/2685/2685 2723/2723/2723 2686/2686/2686
f 2686/2686/2686 2723/2723/2723 2724/2724/2724
f 2686/2686/2686 2724/2724/2724 2687/2687/2687
f 2687/2687/2687 2724/2724/2724 2725/2725/2725
f 2687/2687/2687 2725/2725/2725 2688/2688/2688
f 2688/2688/2688 2725/2725/2725 2726/2726/2726
f 2688/2688/2688 2726/2726/2726 2689/2689/2689
f 2689/2689/2689 2726/2726/2726 2727/2727/2727
f 2689/2689/2689 2727/2727/2727 2690/2690/2690
f 2690/2690/2690 2727/2727/2727 2728/2728/2728
f 2690/2690/2690 2728/2728/2728 2691/2691/2691
f 2691/2691/2691 2728/2728/2728 2729/2729/2729
f 2691/2691/2691 2729/2729/2729 2692/2692/2692
f 2692/2692/2692 2729/2729/2729 2730/2730/2730
f 2692/2692/2692 2730/2730/2730 2693/2693/2693
f 2693/2693/2693 2730/2730/2730 2731/2731/2731
f 2693/2693/2693 2731/2731/2731 2694/2694/2694
f 2694/2694/2694 2731/2731/2731 2732/2732/2732
f 2694/2694/2694 2732/2732/2732 2695/2695/2695
f 2695/2695/2695 2732/2732/2732 2733/2733/2733
f 2695/2695/2695 2733/2733/2733 2696/2696/2696
f 2696/2696/2696 2733/2733/2733 2734/2734/2734
f 2696/2696/2696 2734/2734/2734 2697/2697/2697
f 2697/2697/2697 2734/2734/2734 2735/2735/2735
f 2697/2697/2697 2735/2735/2735 2698/2698/2698
f 2698/2698/2698 2735/2735/2735 2736/2736/2736
f 2698/2698/2698 2736/2736/2736 2699/2699/2699
f 2699/2699/2699 2736/2736/2736 2737/2737/2737
f 2699/2699/2699 2737/2737/2737 2700/2700/2700
f 2700/2700/2700 2737/2737/2737 2738/2738/2738
f 2700/2700/2700 2738/2738/2738 2701/2701/2701
f 2702/2702/2702 2739/2739/2739 2740/2740/2740
f 2702/2702/2702 2740/2740/2740 2703/2703/2703
f 2703/2703/2703 2740/2740/2740 2741/2741/2741
f 2703/2703/2703 2741/2741/2741 2704/2704/2704
f 2704/2704/2704 2741/2741/2741 2742/2742/2742
f 2704/2704/2704 2742/2742/2742 2705/2705/2705
f 2705/2705/2705 2742/2742/2742 2743/2743/2743
f 2705/2705/2705 2743/2743/2743 2706/2706/2706
f 2706/2706/2706 2743/2743/2743 2744/2744/2744
f 2706/2706/2706 2744/2744/2744 2707/2707/2707
f 2707/2707/2707 2744/2744/2744 2745/2745/2745
f 2707/2707/2707 2745/2745/2745 2708/2708/2708
f 2708/2708/2708 2745/2745/2745 2746/2746/2746
f 2708/2708/2708 2746/2746/2746 2709/2709/2709
f 2709/2709/2709 2746/2746/2746 2747/2747/2747
f 2709/2709/2709 2747/2747/2747 2710/2710/2710
f 2710/2710/2710 2747/2747/2747 2748/2748/2748
f 2710/2710/2710 2748/2748/2748 2711/2711/2711
f 2711/2711/2711 2748/2748/2748 2749/2749/2749
f 2711/2711/2711 2749/2749/2749 2712/2712/2712
f 2712/2712/2712 2749/2749/2749 2750/2750/2750
f 2712/2712/2712 2750/2750/2750 2713/2713/2713
f 2713/2713/2713 2750/2750/2750 2751/2751/2751
f 2713/2713/2713 2751/2751/2751 2714/2714/2714
f 2714/2714/2714 2751/2751/2751 2752/2752/2752
f 2714/2714/2714 2752/2752/2752 2715/2715/2715
f 2715/2715/2715 2752/2752/2752 2753/2753/2753
f 2715/2715/2715 2753/2753/2753 2716/2716/2716
f 2716/2716/2716 2753/2753/2753 2754/2754/2754
f 2716/2716/2716 2754/2754/2754 2717/2717/2717
f 2717/2717/2717 2754/2754/2754 2755/2755/2755
f 2717/2717/2717 2755/2755/2755 2718/2718/2718
f 2718/2718/2718 2755/2755/2755 2756/2756/2756
f 2718/2718/2718 2756/2756/2756 2719/2719/2719
f 2719/2719/2719 2756/2756/2756 2757/2757/2757
f 2719/2719/2719 2757/2757/2757 2720/2720/2720
f 2720/2720/2720 2757/2757/2757 2758/2758/2758
f 2720/2720/2720 2758/2758/2758 2721/2721/2721
f 2721/2721/2721 2758/2758/2758 2759/2759/2759
f 2721/2721/2721 2759/2759/2759 2722/2722/2722
f 2722/2722/2722 2759/2759/2759 2760/2760/2760
f 2722/2722/2722 2760/2760/2760 2723/2723/2723
f 2723/2723/2723 2760/2760/2760 2761/2761/2761
f 2723/2723/2723 2761/2761/2761 2724/2724/2724
f 2724/2724/2724 2761/2761/2761 2762/2762/2762
f 2724/2724/2724 2762/2762/2762 2725/2725/2725
f 2725/2725/2725 2762/2762/2762 2763/2763/2763
f 2725/2725/2725 2763/2763/2763 2726/2726/2726
f 2726/2726/2726 2763/2763/2763 2764/2764/2764
f 2726/2726/2726 2764/2764/2764 2727/2727/2727
f 2727/2727/2727 2764/2764/2764 2765/2765/2765
f 2727/2727/2727 2765/2765/2765 2728/2728/2728
f 2728/2728/2728 2765/2765/2765 2766/2766/2766
f 2728/2728/2728 2766/2766/2766 2729/2729/2729
f 2729/2729/2729 2766/2766/2766 2767/2767/2767
f 2729/2729/2729 2767/2767/2767 2730/2730/2730
f 2730/2730/2730 2767/2767/2767 2768/2768/2768
f 2730/2730/2730 2768/2768/2768 2731/2731/2731
f 2731/2731/2731 2768/2768/2768 2769/2769/2769
f 2731/2731/2731 2769/2769/2769 2732/2732/2732
f 2732/2732/2732 2769/2769/2769 2770/2770/2770
f 2732/2732/2732 2770/2770/2770 2733/2733/2733
f 2733/2733/2733 2770/2770/2770 2771/2771/2771
f 2733/2733/2733 2771/2771/2771 2734/2734/2734
f 2734/2734/2734 2771/2771/2771 2772/2772/2772
f 2734/2734/2734 2772/2772/2772 2735/2735/2735
f 2735/2735/2735 2772/2772/2772 2773/2773/2773
f 2735/2735/2735 2773/2773/2773 2736/2736/2736
f 2736/2736/2736 2773/2773/2773 2774/2774/2774
f 2736/2736/2736 2774/2774/2774 2737/2737/2737
f 2737/2737/2737 2774/2774/2774 2775/2775/2775
f 2737/2737/2737 2775/2775/2775 2738/2738/2738
f 2739/2739/2739 2776/2776/2776 2777/2777/2777
f 2739/2739/2739 2777/2777/2777 2740/2740/2740
f 2740/2740/2740 2777/2777/2777 2778/2778/2778
f 2740/2740/2740 2778/2778/2778 2741/2741/2741
f 2741/2741/2741 2778/2778/2778 2779/2779/2779
f 2741/2741/2741 2779/2779/2779 2742/2742/2742
f 2742/2742/2742 2779/2779/2779 2780/2780/2780
f 2742/2742/2742 2780/2780/2780 2743/2743/2743
f 2743/2743/2743 2780/2780/2780 2781/2781/2781
f 2743/2743/2743 2781/2781/2781 2744/2744/2744
f 2744/2744/2744 2781/2781/2781 2782/2782/2782
f 2744/2744/2744 2782/2782/2782 2745/2745/2745
f 2745/2745/2745 2782/2782/2782 2783/2783/2783
f 2745/2745/2745 2783/2783/2783 2746/2746/2746
f 2746/2746/2746 2783/2783/2783 2784/2784/2784
f 2746/2746/2746 2784/2784/2784 2747/2747/2747
f 2747/2747/2747 2784/2784/2784 2785/2785/2785
f 2747/2747/2747 2785/2785/2785 2748/2748/2748
f 2748/2748/2748 2785/2785/2785 2786/2786/2786
f 2748/2748/2748 2786/2786/2786 2749/2749/2749
f 2749/2749/2749 2786/2786/2786 2787/2787/2787
f 2749/2749/2749 2787/2787/2787 2750/2750/2750
f 2750/2750/2750 2787/2787/2787 2788/2788/2788
f 2750/2750/2750 2788/2788/2788 2751/2751/2751
f 2751/2751/2751 2788/2788/2788 2789/2789/2789
f 2751/2751/2751 2789/2789/2789 2752/2752/2752
f 2752/2752/2752 2789/2789/2789 2790/2790/2790
f 2752/2752/2752 2790/2790/2790 2753/2753/2753
f 2753/2753/2753 2790/2790/2790 2791/2791/2791
f 2753/2753/2753 2791/2791/2791 2754/2754/2754
f 2754/2754/2754 2791/2791/2791 2792/2792/2792
f 2754/2754/2754 2792/2792/2792 2755/2755/2755
f 2755/2755/2755 2792/2792/2792 2793/2793/2793
f 2755/2755/2755 2793/2793/2793 2756/2756/2756
f 2756/2756/2756 2793/2793/2793 2794/2794/2794
f 2756/2756/2756 2794/2794/2794 2757/2757/2757
f 2757/2757/2757 2794/2794/2794 2795/2795/2795
f 2757/2757/2757 2795/2795/2795 2758/2758/2758
f 2758/2758/2758 2795/2795/2795 2796/2796/2796
f 2758/2758/2758 2796/2796/2796 2759/2759/2759
f 2759/2759/2759 2796/2796/2796 2797/2797/2797
f 2759/2759/2759 2797/2797/2797 2760/2760/2760
f 2760/2760/2760 2797/2797/2797 2798/2798/2798
f 2760/2760/2760 2798/2798/2798 2761/2761/2761
f 2761/2761/2761 2798/2798/2798 2799/2799/2799
f 2761/2761/2761 2799/2799/2799 2762/2762/2762
f 2762/2762/2762 2799/2799/2799 2800/2800/2800
f 2762/2762/2762 2800/2800/2800 2763/2763/2763
f 2763/2763/2763 2800/2800/2800 2801/2801/2801
f 2763/2763/2763 2801/2801/2801 2764/2764/2764
f 2764/2764/2764 2801/2801/2801 2802/2802/2802
f 2764/2764/2764 2802/2802/2802 2765/2765/2765
f 2765/2765/2765 2802/2802/2802 2803/2803/2803
f 2765/2765/2765 2803/2803/2803 2766/2766/2766
f 2766/2766/2766 2803/2803/2803 2804/2804/2804
f 2766/2766/2766 2804/2804/2804 2767/2767/2767
f 2767/2767/2767 2804/2804/2804 2805/2805/2805
f 2767/2767/2767 2805/2805/2805 2768/2768/2768
f 2768/2768/2768 2805/2805/2805 2806/2806/2806
f 2768/2768/2768 2806/2806/2806 2769/2769/2769
f 2769/2769/2769 2806/2806/2806 2807/2807/2807
f 2769/2769/2769 2807/2807/2807 2770/2770/2770
f 2770/2770/2770 2807/2807/2807 2808/2808/2808
f 2770/2770/2770 2808/2808/2808 2771/2771/2771
f 2771/2771/2771 2808/2808/2808 2809/2809/2809
f 2771/2771/2771 2809/2809/2809 2772/2772/2772
f 2772/2772/2772 2809/2809/2809 2810/2810/2810
f 2772/2772/2772 2810/2810/2810 2773/2773/2773
f 2773/2773/2773 2810/2810/2810 2811/2811/2811
f 2773/2773/2773 2811/2811/2811 2774/2774/2774
f 2774/2774/2774 2811/2811/2811 2812/2812/2812
f 2774/2774/2774 2812/2812/2812 2775/2775/2775
