# Generated outdoor terrain edge; cosmetic only.
s 1
v 401.032049 0.045000 4.859000
v 400.483121 0.045000 2.008647
v 399.995185 0.045000 -0.525000
v 399.757207 -0.076708 -1.760725
v 399.528373 -0.437156 -2.948962
v 399.317479 -1.022491 -4.044047
v 399.132629 -1.810220 -5.003898
v 398.980926 -2.770070 -5.791626
v 398.868201 -3.865156 -6.376962
v 398.798785 -5.053393 -6.737409
v 398.775346 -6.289118 -6.859118
v 398.798785 -7.524843 -6.737409
v 398.868201 -8.713080 -6.376962
v 385.297316 0.045000 6.464760
v 384.608037 0.045000 2.764299
v 383.995343 0.045000 -0.525000
v 383.696517 -0.113007 -2.129276
v 383.409174 -0.580957 -3.671900
v 383.144358 -1.340867 -5.093591
v 382.912244 -2.363533 -6.339714
v 382.721754 -3.609656 -7.362380
v 382.580206 -5.031347 -8.122290
v 382.493042 -6.573971 -8.590240
v 382.463610 -8.178247 -8.748247
v 382.493042 -9.782523 -8.590240
v 382.580206 -11.325147 -8.122290
v 368.885947 0.045000 4.423160
v 368.414534 0.045000 1.803546
v 367.995501 0.045000 -0.525000
v 367.791128 -0.066856 -1.660692
v 367.594608 -0.398125 -2.752740
v 367.413495 -0.936077 -3.759177
v 367.254748 -1.660038 -4.641326
v 367.124468 -2.542188 -5.365288
v 367.027661 -3.548625 -5.903240
v 366.968047 -4.640673 -6.234509
v 366.947918 -5.776365 -6.346365
v 366.968047 -6.912057 -6.234509
v 367.027661 -8.004105 -5.903240
v 353.081902 0.045000 5.730680
v 352.506832 0.045000 2.418849
v 351.995659 0.045000 -0.525000
v 351.746347 -0.096413 -1.960791
v 351.506615 -0.515218 -3.341406
v 351.285677 -1.195320 -4.613788
v 351.092024 -2.110584 -5.729040
v 350.933096 -3.225836 -6.644303
v 350.815003 -4.498218 -7.324406
v 350.742281 -5.878832 -7.743210
v 350.717726 -7.314624 -7.884624
v 350.742281 -8.750415 -7.743210
v 350.815003 -10.131030 -7.324406
v 336.899754 0.045000 4.877210
v 336.421199 0.045000 2.017216
v 335.995817 0.045000 -0.525000
v 335.788347 -0.077120 -1.764905
v 335.588850 -0.438787 -2.957160
v 335.404992 -1.026102 -4.055949
v 335.243840 -1.816495 -5.019046
v 335.111586 -2.779592 -5.809439
v 335.013312 -3.878381 -6.396754
v 334.952795 -5.070637 -6.758421
v 334.932361 -6.310541 -6.880541
v 334.952795 -7.550446 -6.758421
v 335.013312 -8.742701 -6.396754
v 320.963447 0.045000 5.483640
v 320.451256 0.045000 2.302595
v 319.995975 0.045000 -0.525000
v 319.773922 -0.090829 -1.904091
v 319.560403 -0.493095 -3.230185
v 319.363623 -1.146339 -4.452319
v 319.191143 -2.025459 -5.523530
v 319.049593 -3.096669 -6.402649
v 318.944412 -4.318804 -7.055894
v 318.879642 -5.644897 -7.458160
v 318.857771 -7.023988 -7.593988
v 318.879642 -8.403079 -7.458160
v 318.944412 -9.729173 -7.055894
v 304.921213 0.045000 5.454840
v 304.431464 0.045000 2.289042
v 303.996133 0.045000 -0.525000
v 303.783810 -0.090178 -1.897481
v 303.579647 -0.490516 -3.217218
v 303.391489 -1.140629 -4.433495
v 303.226567 -2.015535 -5.499571
v 303.091219 -3.081610 -6.374477
v 302.990647 -4.297887 -7.024590
v 302.928715 -5.617625 -7.424928
v 302.907803 -6.990106 -7.560106
v 302.928715 -8.362587 -7.424928
v 302.990647 -9.682324 -7.024590
v 288.863672 0.045000 5.320440
v 288.404470 0.045000 2.225795
v 287.996290 0.045000 -0.525000
v 287.797211 -0.087139 -1.866634
v 287.605781 -0.478480 -3.156709
v 287.429359 -1.113981 -4.345650
v 287.274724 -1.969223 -5.387765
v 287.147818 -3.011338 -6.243007
v 287.053518 -4.200279 -6.878509
v 286.995449 -5.490354 -7.269849
v 286.975841 -6.831988 -7.401988
v 286.995449 -8.173622 -7.269849
v 287.053518 -9.463698 -6.878509
v 272.924702 0.045000 6.008670
v 272.433273 0.045000 2.549668
v 271.996448 0.045000 -0.525000
v 271.783397 -0.102697 -2.024595
v 271.578534 -0.540113 -3.466561
v 271.389730 -1.250438 -4.795485
v 271.224243 -2.206374 -5.960297
v 271.088431 -3.371185 -6.916233
v 270.987513 -4.700109 -7.626558
v 270.925369 -6.142076 -8.063973
v 270.904385 -7.641671 -8.211671
v 270.925369 -9.141266 -8.063973
v 270.987513 -10.583232 -7.626558
v 256.786265 0.045000 5.291640
v 256.368210 0.045000 2.212242
v 255.996606 0.045000 -0.525000
v 255.815365 -0.086488 -1.860024
v 255.641089 -0.475900 -3.143743
v 255.480476 -1.108271 -4.326826
v 255.339697 -1.959299 -5.363807
v 255.224162 -2.996280 -6.214835
v 255.138313 -4.179363 -6.847205
v 255.085447 -5.463082 -7.236618
v 255.067596 -6.798106 -7.368106
v 255.085447 -8.133130 -7.236618
v 255.138313 -9.416849 -6.847205
v 240.909039 0.045000 6.522600
v 240.426070 0.045000 2.791518
v 239.996764 0.045000 -0.525000
v 239.787380 -0.114315 -2.142551
v 239.586043 -0.586137 -3.697941
v 239.400490 -1.352335 -5.131396
v 239.237851 -2.383464 -6.387830
v 239.104377 -3.639898 -7.418959
v 239.005196 -5.073353 -8.185157
v 238.944121 -6.628743 -8.656979
v 238.923499 -8.246294 -8.816294
v 238.944121 -9.863845 -8.656979
v 239.005196 -11.419235 -8.185157
v 224.684761 0.045000 5.061240
v 224.320611 0.045000 2.103819
v 223.996922 0.045000 -0.525000
v 223.839050 -0.081280 -1.807143
v 223.687246 -0.455267 -3.040014
v 223.547342 -1.062590 -4.176234
v 223.424715 -1.879908 -5.172139
v 223.324077 -2.875813 -5.989457
v 223.249297 -4.012034 -6.596780
v 223.203248 -5.244904 -6.970767
v 223.187699 -6.527047 -7.097047
v 223.203248 -7.809190 -6.970767
v 223.249297 -9.042061 -6.596780
v 208.844407 0.045000 6.728440
v 208.395822 0.045000 2.888384
v 207.997080 0.045000 -0.525000
v 207.802603 -0.118968 -2.189795
v 207.615600 -0.604571 -3.790613
v 207.443256 -1.393147 -5.265936
v 207.292196 -2.454392 -6.559067
v 207.168225 -3.747523 -7.620312
v 207.076105 -5.222846 -8.408888
v 207.019378 -6.823664 -8.894491
v 207.000224 -8.488459 -9.058459
v 207.019378 -10.153254 -8.894491
v 207.076105 -11.754072 -8.408888
v 192.638837 0.045000 5.281145
v 192.299167 0.045000 2.207304
v 191.997237 0.045000 -0.525000
v 191.849979 -0.086251 -1.857615
v 191.708379 -0.474961 -3.139018
v 191.577880 -1.106190 -4.319966
v 191.463497 -1.955683 -5.355076
v 191.369625 -2.990793 -6.204568
v 191.299872 -4.171741 -6.835798
v 191.256918 -5.453144 -7.224508
v 191.242415 -6.785759 -7.355759
v 191.256918 -8.118374 -7.224508
v 191.299872 -9.399777 -6.835798
v 176.782803 0.045000 7.013240
v 176.366999 0.045000 3.022407
v 175.997395 0.045000 -0.525000
v 175.817130 -0.125406 -2.255162
v 175.643792 -0.630076 -3.918835
v 175.484044 -1.449615 -5.452084
v 175.344022 -2.552529 -6.795989
v 175.229110 -3.896433 -7.898903
v 175.143723 -5.429683 -8.718442
v 175.091141 -7.093356 -9.223112
v 175.073387 -8.823518 -9.393518
v 175.091141 -10.553680 -9.223112
v 175.143723 -12.217352 -8.718442
v 160.603445 0.045000 5.665400
v 160.282679 0.045000 2.388129
v 159.997553 0.045000 -0.525000
v 159.858490 -0.094937 -1.945808
v 159.724771 -0.509372 -3.312016
v 159.601535 -1.182377 -4.571120
v 159.493518 -2.088090 -5.674734
v 159.404870 -3.191704 -6.580446
v 159.338999 -4.450808 -7.253452
v 159.298436 -5.817015 -7.667886
v 159.284740 -7.237824 -7.807824
v 159.298436 -8.658632 -7.667886
v 159.338999 -10.024839 -7.253452
v 144.640170 0.045000 6.491640
v 144.300045 0.045000 2.776948
v 143.997711 0.045000 -0.525000
v 143.850255 -0.113615 -2.135445
v 143.708466 -0.583365 -3.684002
v 143.577792 -1.346197 -5.111160
v 143.463255 -2.372796 -6.362075
v 143.369258 -3.623710 -7.388674
v 143.299411 -5.050868 -8.151506
v 143.256400 -6.599425 -8.621256
v 143.241877 -8.209871 -8.779871
v 143.256400 -9.820316 -8.621256
v 143.299411 -11.368873 -8.151506
v 128.595099 0.045000 6.480760
v 128.278918 0.045000 2.771828
v 127.997869 0.045000 -0.525000
v 127.860794 -0.113369 -2.132948
v 127.728986 -0.582390 -3.679104
v 127.607512 -1.344039 -5.104049
v 127.501039 -2.369047 -6.353024
v 127.413658 -3.618022 -7.378031
v 127.348729 -5.042967 -8.139680
v 127.308746 -6.589122 -8.608702
v 127.295245 -8.197071 -8.767071
v 127.308746 -9.805019 -8.608702
v 127.348729 -11.351174 -8.139680
v 112.525538 0.045000 6.157880
v 112.246267 0.045000 2.619885
v 111.998027 0.045000 -0.525000
v 111.876953 -0.106070 -2.058841
v 111.760533 -0.553475 -3.533738
v 111.653239 -1.280022 -4.893011
v 111.559195 -2.257789 -6.084423
v 111.482015 -3.449201 -7.062190
v 111.424666 -4.808474 -7.788737
v 111.389350 -6.283370 -8.236142
v 111.377425 -7.817212 -8.387212
v 111.389350 -9.351053 -8.236142
v 111.424666 -10.825950 -7.788737
v 96.494401 0.045000 6.307960
v 96.231698 0.045000 2.690511
v 95.998184 0.045000 -0.525000
v 95.884294 -0.109463 -2.093287
v 95.774780 -0.566915 -3.601307
v 95.673852 -1.309778 -4.991105
v 95.585387 -2.309503 -6.209273
v 95.512786 -3.527672 -7.208998
v 95.458839 -4.917470 -7.951861
v 95.425618 -6.425489 -8.409314
v 95.414401 -7.993776 -8.563776
v 95.425618 -9.562064 -8.409314
v 95.458839 -11.070083 -7.951861
v 80.412842 0.045000 5.726200
v 80.193401 0.045000 2.416741
v 79.998342 0.045000 -0.525000
v 79.903207 -0.096312 -1.959763
v 79.811728 -0.514817 -3.339389
v 79.727420 -1.194432 -4.610860
v 79.653524 -2.109040 -5.725313
v 79.592879 -3.223493 -6.639921
v 79.547816 -4.494964 -7.319536
v 79.520066 -5.874590 -7.738041
v 79.510696 -7.309353 -7.879353
v 79.520066 -8.744116 -7.738041
v 79.547816 -10.123742 -7.319536
v 64.428733 0.045000 6.646335
v 64.200963 0.045000 2.849746
v 63.998500 0.045000 -0.525000
v 63.899754 -0.117112 -2.170951
v 63.804802 -0.597218 -3.753648
v 63.717295 -1.376868 -5.212271
v 63.640593 -2.426100 -6.490764
v 63.577646 -3.704594 -7.539997
v 63.530873 -5.163216 -8.319647
v 63.502069 -6.745914 -8.799753
v 63.492344 -8.391865 -8.961865
v 63.502069 -10.037815 -8.799753
v 63.530873 -11.620513 -8.319647
v 48.302330 0.045000 5.132120
v 48.141563 0.045000 2.137174
v 47.998658 0.045000 -0.525000
v 47.928960 -0.082882 -1.823411
v 47.861940 -0.461615 -3.071925
v 47.800174 -1.076643 -4.222562
v 47.746036 -1.904332 -5.231103
v 47.701606 -2.912874 -6.058792
v 47.668591 -4.063510 -6.673820
v 47.648261 -5.312024 -7.052553
v 47.641396 -6.610435 -7.180435
v 47.648261 -7.908846 -7.052553
v 47.668591 -9.157360 -6.673820
v 32.352779 0.045000 6.947960
v 32.165387 0.045000 2.991687
v 31.998816 0.045000 -0.525000
v 31.917575 -0.123930 -2.240179
v 31.839456 -0.624230 -3.889445
v 31.767461 -1.436672 -5.409417
v 31.704357 -2.530034 -6.741683
v 31.652569 -3.862301 -7.835046
v 31.614087 -5.382273 -8.647488
v 31.590390 -7.031539 -9.147787
v 31.582388 -8.746718 -9.316718
v 31.590390 -10.461897 -9.147787
v 31.614087 -12.111162 -8.647488
v 16.227197 0.045000 5.034360
v 16.106373 0.045000 2.091169
v 15.998974 0.045000 -0.525000
v 15.946592 -0.080672 -1.800973
v 15.896224 -0.452860 -3.027912
v 15.849804 -1.057260 -4.158665
v 15.809117 -1.870646 -5.149778
v 15.775725 -2.861759 -5.963163
v 15.750913 -3.992512 -6.567563
v 15.735634 -5.219450 -6.939751
v 15.730475 -6.495424 -7.065424
v 15.735634 -7.771397 -6.939751
v 15.750913 -8.998335 -6.567563
v 0.244558 0.045000 6.540000
v 0.114626 0.045000 2.799706
v -0.000868 0.045000 -0.525000
v -0.057198 -0.114708 -2.146545
v -0.111363 -0.587695 -3.705775
v -0.161282 -1.355785 -5.142769
v -0.205037 -2.389460 -6.402305
v -0.240945 -3.648996 -7.435980
v -0.267627 -5.085990 -8.204069
v -0.284058 -6.645220 -8.677056
v -0.289606 -8.266765 -8.836765
v -0.284058 -9.888310 -8.677056
v -0.267627 -11.447539 -8.204069
v -15.843143 0.045000 5.018360
v -15.926561 0.045000 2.083640
v -16.000711 0.045000 -0.525000
v -16.036875 -0.080311 -1.797301
v -16.071650 -0.451427 -3.020708
v -16.103699 -1.054088 -4.148207
v -16.131790 -1.865132 -5.136468
v -16.154844 -2.853393 -5.947512
v -16.171974 -3.980892 -6.550173
v -16.182523 -5.204299 -6.921289
v -16.186085 -6.476600 -7.046600
v -16.182523 -7.748901 -6.921289
v -16.171974 -8.972308 -6.550173
v -31.857630 0.045000 5.938920
v -31.933295 0.045000 2.516845
v -32.000553 0.045000 -0.525000
v -32.033356 -0.101120 -2.008586
v -32.064899 -0.533867 -3.435159
v -32.093969 -1.236608 -4.749896
v -32.119449 -2.182339 -5.902273
v -32.140360 -3.334716 -6.848004
v -32.155898 -4.649453 -7.550745
v -32.165466 -6.076026 -7.983491
v -32.168697 -7.559612 -8.129612
v -32.165466 -9.043198 -7.983491
v -32.155898 -10.469771 -7.550745
v -47.907257 0.045000 5.370910
v -47.956565 0.045000 2.249546
v -48.000395 0.045000 -0.525000
v -48.021772 -0.088280 -1.878218
v -48.042327 -0.482999 -3.179432
v -48.061271 -1.123988 -4.378638
v -48.077876 -1.986614 -5.429751
v -48.091503 -3.037727 -6.292376
v -48.101629 -4.236933 -6.933365
v -48.107864 -5.538147 -7.328084
v -48.109969 -6.891365 -7.461365
v -48.107864 -8.244582 -7.328084
v -48.101629 -9.545797 -6.933365
v -63.944226 0.045000 5.381240
v -63.973879 0.045000 2.254407
v -64.000237 0.045000 -0.525000
v -64.013093 -0.088514 -1.880589
v -64.025454 -0.483924 -3.184083
v -64.036846 -1.126036 -4.385390
v -64.046832 -1.990174 -5.438344
v -64.055027 -3.043128 -6.302481
v -64.061116 -4.244435 -6.944593
v -64.064866 -5.547929 -7.340004
v -64.066132 -6.903518 -7.473518
v -64.064866 -8.259106 -7.340004
v -64.061116 -9.562600 -6.944593
v -79.981428 0.045000 5.359300
v -79.991302 0.045000 2.244082
v -80.000079 0.045000 -0.525000
v -80.004360 -0.088018 -1.875553
v -80.008476 -0.481960 -3.174205
v -80.012270 -1.121686 -4.371049
v -80.015595 -1.982614 -5.420092
v -80.018323 -3.031657 -6.281020
v -80.020351 -4.228501 -6.920746
v -80.021600 -5.527153 -7.314688
v -80.022021 -6.877706 -7.447706
v -80.021600 -8.228259 -7.314688
v -80.020351 -9.526911 -6.920746
v -96.016852 0.045000 4.859640
v -96.007889 0.045000 2.008948
v -95.999921 0.045000 -0.525000
v -95.996036 -0.076723 -1.760872
v -95.992299 -0.437213 -2.949250
v -95.988856 -1.022618 -4.044466
v -95.985837 -1.810441 -5.004430
v -95.983360 -2.770405 -5.792252
v -95.981520 -3.865621 -6.377657
v -95.980386 -5.053999 -6.738148
v -95.980003 -6.289871 -6.859871
v -95.980386 -7.525743 -6.738148
v -95.981520 -8.714121 -6.377657
v -112.063651 0.045000 6.229880
v -112.029828 0.045000 2.653767
v -111.999764 0.045000 -0.525000
v -111.985100 -0.107698 -2.075367
v -111.971001 -0.559923 -3.566154
v -111.958006 -1.294297 -4.940071
v -111.946616 -2.282598 -6.144319
v -111.937269 -3.486847 -7.132621
v -111.930323 -4.860764 -7.866995
v -111.926046 -6.351551 -8.319220
v -111.924602 -7.901918 -8.471918
v -111.926046 -9.452284 -8.319220
v -111.930323 -10.943071 -7.866995
v -128.085136 0.045000 4.898040
v -128.039855 0.045000 2.027019
v -127.999606 0.045000 -0.525000
v -127.979975 -0.077591 -1.769685
v -127.961099 -0.440652 -2.966538
v -127.943702 -1.030232 -4.069564
v -127.928454 -1.823673 -5.036375
v -127.915940 -2.790483 -5.829815
v -127.906641 -3.893509 -6.419395
v -127.900915 -5.090362 -6.782456
v -127.898982 -6.335047 -6.905047
v -127.900915 -7.579732 -6.782456
v -127.906641 -8.776585 -6.419395
v -144.151982 0.045000 6.381560
v -144.071229 0.045000 2.725146
v -143.999448 0.045000 -0.525000
v -143.964438 -0.111127 -2.110180
v -143.930774 -0.573507 -3.634442
v -143.899749 -1.324371 -5.039211
v -143.872556 -2.334864 -6.270500
v -143.850239 -3.566154 -7.280994
v -143.833655 -4.970922 -8.031858
v -143.823444 -6.495185 -8.494238
v -143.819995 -8.080365 -8.650365
v -143.823444 -9.665545 -8.494238
v -143.833655 -11.189807 -8.031858
v -160.147284 0.045000 4.686200
v -160.068934 0.045000 1.927329
v -159.999290 0.045000 -0.525000
v -159.965323 -0.072802 -1.721064
v -159.932661 -0.421681 -2.871165
v -159.902559 -0.988230 -3.931103
v -159.876175 -1.750677 -4.860147
v -159.854522 -2.679720 -5.622593
v -159.838433 -3.739659 -6.189142
v -159.828525 -4.889759 -6.538021
v -159.825179 -6.085824 -6.655824
v -159.828525 -7.281888 -6.538021
v -159.838433 -8.431988 -6.189142
v -176.251242 0.045000 6.737690
v -176.117772 0.045000 2.892736
v -175.999132 0.045000 -0.525000
v -175.941268 -0.119177 -2.191918
v -175.885628 -0.605399 -3.794778
v -175.834350 -1.394981 -5.271982
v -175.789405 -2.457580 -6.566762
v -175.752519 -3.752360 -7.629360
v -175.725110 -5.229563 -8.418942
v -175.708232 -6.832423 -8.905164
v -175.702533 -8.499341 -9.069341
v -175.708232 -10.166259 -8.905164
v -175.725110 -11.769119 -8.418942
v -192.240133 0.045000 5.353080
v -192.112461 0.045000 2.241155
v -191.998974 0.045000 -0.525000
v -191.943624 -0.087877 -1.874125
v -191.890401 -0.481403 -3.171405
v -191.841350 -1.120453 -4.366984
v -191.798357 -1.980470 -5.414918
v -191.763073 -3.028404 -6.274935
v -191.736855 -4.223984 -6.913986
v -191.720710 -5.521263 -7.307511
v -191.715259 -6.870388 -7.440388
v -191.720710 -8.219514 -7.307511
v -191.736855 -9.516793 -6.913986
v -208.335987 0.045000 6.597240
v -208.157485 0.045000 2.826642
v -207.998816 0.045000 -0.525000
v -207.921430 -0.116002 -2.159682
v -207.847017 -0.592821 -3.731545
v -207.778438 -1.367134 -5.180182
v -207.718328 -2.409183 -6.449923
v -207.668997 -3.678924 -7.491972
v -207.632340 -5.127561 -8.266284
v -207.609767 -6.699423 -8.743104
v -207.602145 -8.334106 -8.904106
v -207.609767 -9.968788 -8.743104
v -207.632340 -11.540651 -8.266284
v -224.343814 0.045000 5.907960
v -224.161085 0.045000 2.502275
v -223.998659 0.045000 -0.525000
v -223.919439 -0.100421 -2.001480
v -223.843264 -0.531094 -3.421220
v -223.773061 -1.230470 -4.729660
v -223.711527 -2.171671 -5.876517
v -223.661027 -3.318528 -6.817719
v -223.623503 -4.626968 -7.517094
v -223.600396 -6.046708 -7.947768
v -223.592593 -7.523188 -8.093188
v -223.600396 -8.999669 -7.947768
v -223.623503 -10.419408 -7.517094
v -240.415758 0.045000 6.432990
v -240.194857 0.045000 2.749348
v -239.998501 0.045000 -0.525000
v -239.902733 -0.112289 -2.121984
v -239.810645 -0.578112 -3.657597
v -239.725777 -1.334568 -5.072826
v -239.651389 -2.352586 -6.313285
v -239.590340 -3.593045 -7.331303
v -239.544977 -5.008274 -8.087758
v -239.517043 -6.543886 -8.553581
v -239.507610 -8.140871 -8.710871
v -239.517043 -9.737855 -8.553581
v -239.544977 -11.273468 -8.087758
v -256.470418 0.045000 6.597240
v -256.220496 0.045000 2.826642
v -255.998343 0.045000 -0.525000
v -255.889993 -0.116002 -2.159682
v -255.785807 -0.592821 -3.731545
v -255.689789 -1.367134 -5.180182
v -255.605629 -2.409183 -6.449923
v -255.536560 -3.678924 -7.491972
v -255.485237 -5.127561 -8.266284
v -255.453632 -6.699423 -8.743104
v -255.442961 -8.334106 -8.904106
v -255.453632 -9.968788 -8.743104
v -255.485237 -11.540651 -8.266284
v -272.481375 0.045000 6.130920
v -272.225569 0.045000 2.607198
v -271.998185 0.045000 -0.525000
v -271.887284 -0.105461 -2.052654
v -271.780645 -0.551061 -3.521600
v -271.682366 -1.274676 -4.875389
v -271.596224 -2.248499 -6.061995
v -271.525529 -3.435105 -7.035818
v -271.472998 -4.788894 -7.759433
v -271.440649 -6.257840 -8.205033
v -271.429726 -7.785494 -8.355494
v -271.440649 -9.313148 -8.205033
v -271.472998 -10.782094 -7.759433
v -288.575340 0.045000 6.791160
v -288.269704 0.045000 2.917899
v -287.998027 0.045000 -0.525000
v -287.865524 -0.120386 -2.204191
v -287.738112 -0.610188 -3.818851
v -287.620688 -1.405583 -5.306930
v -287.517766 -2.476004 -6.611243
v -287.433300 -3.780317 -7.681664
v -287.370536 -5.268396 -8.477059
v -287.331886 -6.883056 -8.966861
v -287.318835 -8.562247 -9.132247
v -287.331886 -10.241438 -8.966861
v -287.370536 -11.856098 -8.477059
v -304.490854 0.045000 5.259640
v -304.229862 0.045000 2.197184
v -303.997869 0.045000 -0.525000
v -303.884721 -0.085765 -1.852679
v -303.775920 -0.473035 -3.129336
v -303.675649 -1.101927 -4.305910
v -303.587760 -1.948273 -5.337186
v -303.515632 -2.979548 -6.183532
v -303.462036 -4.156122 -6.812424
v -303.429032 -5.432780 -7.199694
v -303.417887 -6.760459 -7.330459
v -303.429032 -8.088138 -7.199694
v -303.462036 -9.364795 -6.812424
v -320.681564 0.045000 6.945785
v -320.319524 0.045000 2.990664
v -319.997712 0.045000 -0.525000
v -319.840755 -0.123881 -2.239680
v -319.689831 -0.624035 -3.888465
v -319.550738 -1.436240 -5.407995
v -319.428822 -2.529285 -6.739874
v -319.328768 -3.861164 -7.832918
v -319.254421 -5.380693 -8.645124
v -319.208639 -7.029479 -9.145278
v -319.193180 -8.744159 -9.314159
v -319.208639 -10.458839 -9.145278
v -319.254421 -12.107624 -8.645124
v -336.553126 0.045000 5.152760
v -336.258999 0.045000 2.146887
v -335.997554 0.045000 -0.525000
v -335.870040 -0.083349 -1.828148
v -335.747426 -0.463463 -3.081217
v -335.634425 -1.080735 -4.236052
v -335.535379 -1.911444 -5.248274
v -335.454093 -2.923665 -6.078982
v -335.393693 -4.078500 -6.696254
v -335.356498 -5.331569 -7.076369
v -335.343939 -6.634718 -7.204718
v -335.356498 -7.937866 -7.076369
v -335.393693 -9.190935 -6.696254
v -352.737413 0.045000 6.579320
v -352.345639 0.045000 2.818209
v -351.997396 0.045000 -0.525000
v -351.827549 -0.115597 -2.155570
v -351.664229 -0.591217 -3.723477
v -351.513712 -1.363581 -5.168469
v -351.381783 -2.403008 -6.435015
v -351.273512 -3.669554 -7.474443
v -351.193059 -5.114546 -8.246807
v -351.143516 -6.682454 -8.722426
v -351.126788 -8.313024 -8.883024
v -351.143516 -9.943593 -8.722426
v -351.193059 -11.511501 -8.246807
v -368.602941 0.045000 4.957560
v -368.282275 0.045000 2.055028
v -367.997238 0.045000 -0.525000
v -367.858218 -0.078936 -1.783346
v -367.724541 -0.445982 -2.993335
v -367.601343 -1.042033 -4.108467
v -367.493360 -1.844182 -5.085889
v -367.404740 -2.821603 -5.888038
v -367.338889 -3.936735 -6.484088
v -367.298339 -5.146724 -6.851134
v -367.284646 -6.405071 -6.975071
v -367.298339 -7.663417 -6.851134
v -367.338889 -8.873406 -6.484088
v -384.803860 0.045000 6.382840
v -384.376741 0.045000 2.725748
v -383.997080 0.045000 -0.525000
v -383.811910 -0.111156 -2.110474
v -383.633855 -0.573621 -3.635019
v -383.469759 -1.324625 -5.040047
v -383.325928 -2.335305 -6.271565
v -383.207889 -3.566823 -7.282246
v -383.120178 -4.971852 -8.033249
v -383.066166 -6.496397 -8.495715
v -383.047928 -8.081871 -8.651871
v -383.066166 -9.667344 -8.495715
v -383.120178 -11.191889 -8.033249
v -400.707114 0.045000 5.243960
v -400.331130 0.045000 2.189805
v -399.996922 0.045000 -0.525000
v -399.833921 -0.085411 -1.849080
v -399.677183 -0.471631 -3.122277
v -399.532733 -1.098818 -4.295662
v -399.406121 -1.942870 -5.324142
v -399.302213 -2.971350 -6.168194
v -399.225003 -4.144735 -6.795381
v -399.177457 -5.417931 -7.181601
v -399.161403 -6.742012 -7.312012
v -399.177457 -8.066092 -7.181601
v -399.225003 -9.339289 -6.795381
vt 28.31451572 -11.19796680
vt 28.31344360 -11.19239970
vt 28.31249060 -11.18745117
vt 28.31202579 -11.18503765
vt 28.31157885 -11.18271687
vt 28.31116695 -11.18057803
vt 28.31080592 -11.17870333
vt 28.31050962 -11.17716479
vt 28.31028945 -11.17602156
vt 28.31015388 -11.17531756
vt 28.31010810 -11.17507985
vt 28.31015388 -11.17531756
vt 28.31028945 -11.17602156
vt 28.28378382 -11.20110305
vt 28.28243757 -11.19387558
vt 28.28124090 -11.18745117
vt 28.28065726 -11.18431782
vt 28.28009604 -11.18130488
vt 28.27957882 -11.17852814
vt 28.27912548 -11.17609431
vt 28.27875343 -11.17409691
vt 28.27847697 -11.17261272
vt 28.27830672 -11.17169875
vt 28.27824924 -11.17139014
vt 28.27830672 -11.17169875
vt 28.27847697 -11.17261272
vt 28.25173036 -11.19711555
vt 28.25080964 -11.19199911
vt 28.24999121 -11.18745117
vt 28.24959205 -11.18523302
vt 28.24920822 -11.18310012
vt 28.24885448 -11.18113442
vt 28.24854443 -11.17941147
vt 28.24828998 -11.17799748
vt 28.24810090 -11.17694680
vt 28.24798447 -11.17629979
vt 28.24794515 -11.17608132
vt 28.24798447 -11.17629979
vt 28.24810090 -11.17694680
vt 28.22086309 -11.19966930
vt 28.21973991 -11.19320088
vt 28.21874152 -11.18745117
vt 28.21825458 -11.18464689
vt 28.21778636 -11.18195038
vt 28.21735484 -11.17946526
vt 28.21697661 -11.17728703
vt 28.21666620 -11.17549941
vt 28.21643555 -11.17417108
vt 28.21629352 -11.17335310
vt 28.21624556 -11.17307691
vt 28.21629352 -11.17335310
vt 28.21643555 -11.17417108
vt 28.18925733 -11.19800236
vt 28.18832265 -11.19241644
vt 28.18749183 -11.18745117
vt 28.18708661 -11.18502948
vt 28.18669697 -11.18270086
vt 28.18633788 -11.18055479
vt 28.18602312 -11.17867374
vt 28.18576482 -11.17713000
vt 28.18557287 -11.17598290
vt 28.18545468 -11.17527652
vt 28.18541477 -11.17503801
vt 28.18545468 -11.17527652
vt 28.18557287 -11.17598290
vt 28.15813173 -11.19918680
vt 28.15713136 -11.19297382
vt 28.15624214 -11.18745117
vt 28.15580844 -11.18475763
vt 28.15539141 -11.18216761
vt 28.15500708 -11.17978063
vt 28.15467020 -11.17768842
vt 28.15439374 -11.17597139
vt 28.15418830 -11.17469552
vt 28.15406180 -11.17390984
vt 28.15401908 -11.17364455
vt 28.15406180 -11.17390984
vt 28.15418830 -11.17469552
vt 28.12679924 -11.19913055
vt 28.12584270 -11.19294735
vt 28.12499245 -11.18745117
vt 28.12457775 -11.18477054
vt 28.12417900 -11.18219293
vt 28.12381150 -11.17981739
vt 28.12348939 -11.17773521
vt 28.12322504 -11.17602641
vt 28.12302861 -11.17475666
vt 28.12290765 -11.17397475
vt 28.12286680 -11.17371073
vt 28.12290765 -11.17397475
vt 28.12302861 -11.17475666
vt 28.09543686 -11.19886805
vt 28.09453998 -11.19282382
vt 28.09374275 -11.18745117
vt 28.09335393 -11.18483079
vt 28.09298004 -11.18231111
vt 28.09263547 -11.17998896
vt 28.09233344 -11.17795358
vt 28.09208558 -11.17628319
vt 28.09190140 -11.17504198
vt 28.09178799 -11.17427764
vt 28.09174969 -11.17401955
vt 28.09178799 -11.17427764
vt 28.09190140 -11.17504198
vt 28.06430606 -11.20021225
vt 28.06334624 -11.19345638
vt 28.06249306 -11.18745117
vt 28.06207695 -11.18452228
vt 28.06167682 -11.18170593
vt 28.06130807 -11.17911038
vt 28.06098485 -11.17683536
vt 28.06071959 -11.17496829
vt 28.06052249 -11.17358094
vt 28.06040111 -11.17272661
vt 28.06036013 -11.17243814
vt 28.06040111 -11.17272661
vt 28.06052249 -11.17358094
vt 28.03278567 -11.19881180
vt 28.03196916 -11.19279735
vt 28.03124337 -11.18745117
vt 28.03088939 -11.18484370
vt 28.03054900 -11.18233644
vt 28.03023530 -11.18002573
vt 28.02996034 -11.17800038
vt 28.02973469 -11.17633821
vt 28.02956702 -11.17510311
vt 28.02946376 -11.17434254
vt 28.02942890 -11.17408573
vt 28.02946376 -11.17434254
vt 28.02956702 -11.17510311
vt 28.00177547 -11.20121602
vt 28.00083217 -11.19392875
vt 27.99999368 -11.18745117
vt 27.99958473 -11.18429189
vt 27.99919149 -11.18125402
vt 27.99882908 -11.17845430
vt 27.99851143 -11.17600033
vt 27.99825074 -11.17398641
vt 27.99805702 -11.17248993
vt 27.99793774 -11.17156840
vt 27.99789746 -11.17125724
vt 27.99793774 -11.17156840
vt 27.99805702 -11.17248993
vt 27.97008742 -11.19836180
vt 27.96937619 -11.19258558
vt 27.96874399 -11.18745117
vt 27.96843564 -11.18494699
vt 27.96813915 -11.18253904
vt 27.96786590 -11.18031986
vt 27.96762640 -11.17837473
vt 27.96742984 -11.17677840
vt 27.96728378 -11.17559223
vt 27.96719384 -11.17486178
vt 27.96716347 -11.17461514
vt 27.96719384 -11.17486178
vt 27.96728378 -11.17559223
vt 27.93914923 -11.20161805
vt 27.93827309 -11.19411794
vt 27.93749430 -11.18745117
vt 27.93711446 -11.18419962
vt 27.93674922 -11.18107302
vt 27.93641261 -11.17819153
vt 27.93611757 -11.17566589
vt 27.93587544 -11.17359314
vt 27.93569552 -11.17205295
vt 27.93558472 -11.17110451
vt 27.93554731 -11.17078426
vt 27.93558472 -11.17110451
vt 27.93569552 -11.17205295
vt 27.90749773 -11.19879130
vt 27.90683431 -11.19278770
vt 27.90624460 -11.18745117
vt 27.90595699 -11.18484841
vt 27.90568043 -11.18234567
vt 27.90542555 -11.18003913
vt 27.90520214 -11.17801743
vt 27.90501880 -11.17635826
vt 27.90488256 -11.17512539
vt 27.90479867 -11.17436620
vt 27.90477034 -11.17410985
vt 27.90479867 -11.17436620
vt 27.90488256 -11.17512539
vt 27.87652891 -11.20217430
vt 27.87571679 -11.19437970
vt 27.87499491 -11.18745117
vt 27.87464283 -11.18407195
vt 27.87430428 -11.18082259
vt 27.87399227 -11.17782796
vt 27.87371879 -11.17520315
vt 27.87349436 -11.17304902
vt 27.87332758 -11.17144836
vt 27.87322489 -11.17046267
vt 27.87319021 -11.17012985
vt 27.87322489 -11.17046267
vt 27.87332758 -11.17144836
vt 27.84492860 -11.19954180
vt 27.84430211 -11.19314088
vt 27.84374522 -11.18745117
vt 27.84347361 -11.18467616
vt 27.84321244 -11.18200778
vt 27.84297175 -11.17954859
vt 27.84276078 -11.17739310
vt 27.84258764 -11.17562413
vt 27.84245898 -11.17430966
vt 27.84237976 -11.17350022
vt 27.84235301 -11.17322691
vt 27.84237976 -11.17350022
vt 27.84245898 -11.17430966
vt 27.81375033 -11.20115555
vt 27.81308602 -11.19390029
vt 27.81249553 -11.18745117
vt 27.81220753 -11.18430577
vt 27.81193060 -11.18128125
vt 27.81167537 -11.17849383
vt 27.81145167 -11.17605063
vt 27.81126808 -11.17404556
vt 27.81113166 -11.17255565
vt 27.81104766 -11.17163817
vt 27.81101929 -11.17132838
vt 27.81104766 -11.17163817
vt 27.81113166 -11.17255565
vt 27.78241230 -11.20113430
vt 27.78179476 -11.19389029
vt 27.78124584 -11.18745117
vt 27.78097811 -11.18431065
vt 27.78072068 -11.18129081
vt 27.78048342 -11.17850772
vt 27.78027547 -11.17606831
vt 27.78010480 -11.17406635
vt 27.77997799 -11.17257875
vt 27.77989989 -11.17166269
vt 27.77987353 -11.17135338
vt 27.77989989 -11.17166269
vt 27.77997799 -11.17257875
vt 27.75102644 -11.20050367
vt 27.75048099 -11.19359352
vt 27.74999615 -11.18745117
vt 27.74975967 -11.18445539
vt 27.74953229 -11.18157473
vt 27.74932273 -11.17891990
vt 27.74913905 -11.17659292
vt 27.74898831 -11.17468322
vt 27.74887630 -11.17326419
vt 27.74880732 -11.17239035
vt 27.74878403 -11.17209529
vt 27.74880732 -11.17239035
vt 27.74887630 -11.17326419
vt 27.71971563 -11.20079680
vt 27.71920253 -11.19373147
vt 27.71874645 -11.18745117
vt 27.71852401 -11.18438811
vt 27.71831012 -11.18144276
vt 27.71811299 -11.17872831
vt 27.71794021 -11.17634908
vt 27.71779841 -11.17439649
vt 27.71769304 -11.17294558
vt 27.71762816 -11.17205212
vt 27.71760625 -11.17175044
vt 27.71762816 -11.17205212
vt 27.71769304 -11.17294558
vt 27.68830633 -11.19966055
vt 27.68787774 -11.19319676
vt 27.68749676 -11.18745117
vt 27.68731095 -11.18464890
vt 27.68713228 -11.18195432
vt 27.68696762 -11.17947098
vt 27.68682329 -11.17729431
vt 27.68670484 -11.17550797
vt 27.68661683 -11.17418059
vt 27.68656263 -11.17336320
vt 27.68654433 -11.17308720
vt 27.68656263 -11.17336320
vt 27.68661683 -11.17418059
vt 27.65708737 -11.20145769
vt 27.65664251 -11.19404247
vt 27.65624707 -11.18745117
vt 27.65605421 -11.18423642
vt 27.65586875 -11.18114522
vt 27.65569784 -11.17829635
vt 27.65554803 -11.17579929
vt 27.65542509 -11.17375001
vt 27.65533374 -11.17222725
vt 27.65527748 -11.17128955
vt 27.65525848 -11.17097292
vt 27.65527748 -11.17128955
vt 27.65533374 -11.17222725
vt 27.62559049 -11.19850023
vt 27.62527649 -11.19265073
vt 27.62499738 -11.18745117
vt 27.62486125 -11.18491521
vt 27.62473035 -11.18247671
vt 27.62460972 -11.18022937
vt 27.62450398 -11.17825956
vt 27.62441720 -11.17664298
vt 27.62435272 -11.17544176
vt 27.62431301 -11.17470204
vt 27.62429960 -11.17445227
vt 27.62431301 -11.17470204
vt 27.62435272 -11.17544176
vt 27.59443902 -11.20204680
vt 27.59407302 -11.19431970
vt 27.59374769 -11.18745117
vt 27.59358901 -11.18410121
vt 27.59343644 -11.18087999
vt 27.59329582 -11.17791130
vt 27.59317257 -11.17530921
vt 27.59307142 -11.17317374
vt 27.59299626 -11.17158694
vt 27.59294998 -11.17060979
vt 27.59293435 -11.17027985
vt 27.59294998 -11.17060979
vt 27.59299626 -11.17158694
vt 27.56294374 -11.19830930
vt 27.56270776 -11.19256088
vt 27.56249800 -11.18745117
vt 27.56239569 -11.18495904
vt 27.56229731 -11.18256267
vt 27.56220665 -11.18035417
vt 27.56212718 -11.17841840
vt 27.56206196 -11.17682976
vt 27.56201350 -11.17564929
vt 27.56198366 -11.17492236
vt 27.56197358 -11.17467691
vt 27.56198366 -11.17492236
vt 27.56201350 -11.17564929
vt 27.53172765 -11.20125000
vt 27.53147388 -11.19394474
vt 27.53124830 -11.18745117
vt 27.53113828 -11.18428409
vt 27.53103249 -11.18123872
vt 27.53093500 -11.17843209
vt 27.53084954 -11.17597206
vt 27.53077940 -11.17395316
vt 27.53072729 -11.17245299
vt 27.53069520 -11.17152919
vt 27.53068436 -11.17121726
vt 27.53069520 -11.17152919
vt 27.53072729 -11.17245299
vt 27.50030636 -11.19827805
vt 27.50014344 -11.19254617
vt 27.49999861 -11.18745117
vt 27.49992798 -11.18496621
vt 27.49986006 -11.18257674
vt 27.49979746 -11.18037460
vt 27.49974260 -11.17844440
vt 27.49969757 -11.17686033
vt 27.49966411 -11.17568326
vt 27.49964351 -11.17495842
vt 27.49963655 -11.17471367
vt 27.49964351 -11.17495842
vt 27.49966411 -11.17568326
vt 27.46902807 -11.20007602
vt 27.46888028 -11.19339227
vt 27.46874892 -11.18745117
vt 27.46868485 -11.18455354
vt 27.46862324 -11.18176727
vt 27.46856647 -11.17919942
vt 27.46851670 -11.17694869
vt 27.46847586 -11.17510156
vt 27.46844551 -11.17372901
vt 27.46842682 -11.17288381
vt 27.46842051 -11.17259841
vt 27.46842682 -11.17288381
vt 27.46844551 -11.17372901
vt 27.43768114 -11.19896662
vt 27.43758483 -11.19287021
vt 27.43749923 -11.18745117
vt 27.43745748 -11.18480817
vt 27.43741733 -11.18226673
vt 27.43738033 -11.17992454
vt 27.43734790 -11.17787158
vt 27.43732128 -11.17618676
vt 27.43730151 -11.17493483
vt 27.43728933 -11.17416390
vt 27.43728522 -11.17390358
vt 27.43728933 -11.17416390
vt 27.43730151 -11.17493483
vt 27.40635893 -11.19898680
vt 27.40630102 -11.19287970
vt 27.40624954 -11.18745117
vt 27.40622443 -11.18480354
vt 27.40620028 -11.18225765
vt 27.40617803 -11.17991135
vt 27.40615853 -11.17785480
vt 27.40614253 -11.17616703
vt 27.40613063 -11.17491290
vt 27.40612331 -11.17414062
vt 27.40612084 -11.17387985
vt 27.40612331 -11.17414062
vt 27.40613063 -11.17491290
vt 27.37503627 -11.19894395
vt 27.37501699 -11.19285954
vt 27.37499985 -11.18745117
vt 27.37499148 -11.18481337
vt 27.37498345 -11.18227694
vt 27.37497604 -11.17993936
vt 27.37496954 -11.17789044
vt 27.37496421 -11.17620895
vt 27.37496025 -11.17495948
vt 27.37495781 -11.17419006
vt 27.37495699 -11.17393026
vt 27.37495781 -11.17419006
vt 27.37496025 -11.17495948
vt 27.34371709 -11.19796805
vt 27.34373459 -11.19240029
vt 27.34375015 -11.18745117
vt 27.34375774 -11.18503736
vt 27.34376504 -11.18271631
vt 27.34377177 -11.18057722
vt 27.34377766 -11.17870229
vt 27.34378250 -11.17716357
vt 27.34378609 -11.17602020
vt 27.34378831 -11.17531612
vt 27.34378906 -11.17507838
vt 27.34378831 -11.17531612
vt 27.34378609 -11.17602020
vt 27.31237568 -11.20064430
vt 27.31244174 -11.19365970
vt 27.31250046 -11.18745117
vt 27.31252910 -11.18442311
vt 27.31255664 -11.18151142
vt 27.31258202 -11.17882799
vt 27.31260426 -11.17647594
vt 27.31262252 -11.17454566
vt 27.31263609 -11.17311134
vt 27.31264444 -11.17222809
vt 27.31264726 -11.17192985
vt 27.31264444 -11.17222809
vt 27.31263609 -11.17311134
vt 27.28108372 -11.19804305
vt 27.28117216 -11.19243558
vt 27.28125077 -11.18745117
vt 27.28128911 -11.18502015
vt 27.28132598 -11.18268254
vt 27.28135996 -11.18052819
vt 27.28138974 -11.17863989
vt 27.28141418 -11.17709020
vt 27.28143234 -11.17593868
vt 27.28144353 -11.17522958
vt 27.28144730 -11.17499014
vt 27.28144353 -11.17522958
vt 27.28143234 -11.17593868
vt 27.24970316 -11.20094055
vt 27.24986088 -11.19379911
vt 27.25000108 -11.18745117
vt 27.25006946 -11.18435512
vt 27.25013521 -11.18137804
vt 27.25019580 -11.17863435
vt 27.25024891 -11.17622949
vt 27.25029250 -11.17425587
vt 27.25032489 -11.17278934
vt 27.25034484 -11.17188625
vt 27.25035157 -11.17158132
vt 27.25034484 -11.17188625
vt 27.25032489 -11.17278934
vt 27.21846234 -11.19762930
vt 27.21861536 -11.19224088
vt 27.21875139 -11.18745117
vt 27.21881773 -11.18511511
vt 27.21888152 -11.18286882
vt 27.21894031 -11.18079863
vt 27.21899185 -11.17898409
vt 27.21903414 -11.17749493
vt 27.21906556 -11.17638839
vt 27.21908491 -11.17570699
vt 27.21909145 -11.17547691
vt 27.21908491 -11.17570699
vt 27.21906556 -11.17638839
vt 27.18700929 -11.20163611
vt 27.18726998 -11.19412644
vt 27.18750169 -11.18745117
vt 27.18761471 -11.18419547
vt 27.18772338 -11.18106489
vt 27.18782353 -11.17817972
vt 27.18791132 -11.17565086
vt 27.18798336 -11.17357547
vt 27.18803689 -11.17203332
vt 27.18806986 -11.17108366
vt 27.18808099 -11.17076301
vt 27.18806986 -11.17108366
vt 27.18803689 -11.17203332
vt 27.15578099 -11.19893180
vt 27.15603035 -11.19285382
vt 27.15625200 -11.18745117
vt 27.15636011 -11.18481616
vt 27.15646406 -11.18228241
vt 27.15655986 -11.17994730
vt 27.15664383 -11.17790055
vt 27.15671275 -11.17622083
vt 27.15676395 -11.17497268
vt 27.15679549 -11.17420408
vt 27.15680614 -11.17394455
vt 27.15679549 -11.17420408
vt 27.15676395 -11.17497268
vt 27.12434378 -11.20136180
vt 27.12469241 -11.19399735
vt 27.12500231 -11.18745117
vt 27.12515346 -11.18425843
vt 27.12529879 -11.18118839
vt 27.12543274 -11.17835902
vt 27.12555014 -11.17587906
vt 27.12564649 -11.17384380
vt 27.12571809 -11.17233148
vt 27.12576217 -11.17140019
vt 27.12577706 -11.17108573
vt 27.12576217 -11.17140019
vt 27.12571809 -11.17233148
vt 27.09307849 -11.20001555
vt 27.09343538 -11.19336382
vt 27.09375262 -11.18745117
vt 27.09390735 -11.18456742
vt 27.09405612 -11.18179449
vt 27.09419324 -11.17923895
vt 27.09431342 -11.17699899
vt 27.09441206 -11.17516071
vt 27.09448535 -11.17379474
vt 27.09453048 -11.17295358
vt 27.09454572 -11.17266955
vt 27.09453048 -11.17295358
vt 27.09448535 -11.17379474
vt 27.06168797 -11.20104100
vt 27.06211942 -11.19384638
vt 27.06250293 -11.18745117
vt 27.06268997 -11.18433206
vt 27.06286983 -11.18133282
vt 27.06303559 -11.17856870
vt 27.06318088 -11.17614593
vt 27.06330012 -11.17415761
vt 27.06338872 -11.17268016
vt 27.06344328 -11.17177035
vt 27.06346170 -11.17146314
vt 27.06344328 -11.17177035
vt 27.06338872 -11.17268016
vt 27.03033122 -11.20136180
vt 27.03081934 -11.19399735
vt 27.03125324 -11.18745117
vt 27.03146486 -11.18425843
vt 27.03166834 -11.18118839
vt 27.03185588 -11.17835902
vt 27.03202026 -11.17587906
vt 27.03215516 -11.17384380
vt 27.03225540 -11.17233148
vt 27.03231712 -11.17140019
vt 27.03233797 -11.17108573
vt 27.03231712 -11.17140019
vt 27.03225540 -11.17233148
vt 26.99905981 -11.20045102
vt 26.99955944 -11.19356875
vt 27.00000354 -11.18745117
vt 27.00022015 -11.18446747
vt 27.00042843 -11.18159844
vt 27.00062038 -11.17895432
vt 27.00078863 -11.17663673
vt 27.00092670 -11.17473473
vt 27.00102930 -11.17332142
vt 27.00109248 -11.17245111
vt 27.00111382 -11.17215724
vt 27.00109248 -11.17245111
vt 27.00102930 -11.17332142
vt 26.96762629 -11.20174055
vt 26.96822323 -11.19417558
vt 26.96875385 -11.18745117
vt 26.96901265 -11.18417150
vt 26.96926150 -11.18101787
vt 26.96949084 -11.17811146
vt 26.96969186 -11.17556398
vt 26.96985684 -11.17347331
vt 26.96997942 -11.17191981
vt 26.97005491 -11.17096316
vt 26.97008040 -11.17064014
vt 26.97005491 -11.17096316
vt 26.96997942 -11.17191981
vt 26.93654130 -11.19874930
vt 26.93705105 -11.19276794
vt 26.93750416 -11.18745117
vt 26.93772516 -11.18485805
vt 26.93793766 -11.18236458
vt 26.93813350 -11.18006658
vt 26.93830516 -11.17805237
vt 26.93844603 -11.17639935
vt 26.93855071 -11.17517105
vt 26.93861517 -11.17441466
vt 26.93863694 -11.17415926
vt 26.93861517 -11.17441466
vt 26.93855071 -11.17517105
vt 26.90491882 -11.20204255
vt 26.90562593 -11.19431770
vt 26.90625447 -11.18745117
vt 26.90656102 -11.18410219
vt 26.90685580 -11.18088190
vt 26.90712747 -11.17791407
vt 26.90736558 -11.17531275
vt 26.90756100 -11.17317789
vt 26.90770621 -11.17159155
vt 26.90779563 -11.17061469
vt 26.90782582 -11.17028485
vt 26.90779563 -11.17061469
vt 26.90770621 -11.17159155
vt 26.87391968 -11.19854055
vt 26.87449414 -11.19266970
vt 26.87500478 -11.18745117
vt 26.87525383 -11.18490596
vt 26.87549331 -11.18245856
vt 26.87571401 -11.18020302
vt 26.87590746 -11.17822603
vt 26.87606622 -11.17660355
vt 26.87618419 -11.17539794
vt 26.87625684 -11.17465553
vt 26.87628137 -11.17440485
vt 26.87625684 -11.17465553
vt 26.87618419 -11.17539794
vt 26.84230974 -11.20132680
vt 26.84307492 -11.19398088
vt 26.84375509 -11.18745117
vt 26.84408682 -11.18426647
vt 26.84440580 -11.18120415
vt 26.84469978 -11.17838190
vt 26.84495745 -11.17590817
vt 26.84516892 -11.17387804
vt 26.84532606 -11.17236952
vt 26.84542282 -11.17144057
vt 26.84545549 -11.17112691
vt 26.84542282 -11.17144057
vt 26.84532606 -11.17236952
vt 26.81132238 -11.19815930
vt 26.81194868 -11.19249029
vt 26.81250539 -11.18745117
vt 26.81277692 -11.18499346
vt 26.81303801 -11.18263020
vt 26.81327863 -11.18045221
vt 26.81348953 -11.17854319
vt 26.81366262 -11.17697649
vt 26.81379123 -11.17581233
vt 26.81387043 -11.17509544
vt 26.81389717 -11.17485338
vt 26.81387043 -11.17509544
vt 26.81379123 -11.17581233
vt 26.77967996 -11.20094305
vt 26.78051418 -11.19380029
vt 26.78125570 -11.18745117
vt 26.78161736 -11.18435454
vt 26.78196513 -11.18137692
vt 26.78228563 -11.17863272
vt 26.78256655 -11.17622741
vt 26.78279709 -11.17425343
vt 26.78296840 -11.17278662
vt 26.78307390 -11.17188337
vt 26.78310952 -11.17157838
vt 26.78307390 -11.17188337
vt 26.78296840 -11.17278662
vt 26.74861892 -11.19871867
vt 26.74935326 -11.19275352
vt 26.75000601 -11.18745117
vt 26.75032437 -11.18486508
vt 26.75063050 -11.18237837
vt 26.75091263 -11.18008660
vt 26.75115992 -11.17807785
vt 26.75136286 -11.17642931
vt 26.75151367 -11.17520433
vt 26.75160653 -11.17445000
vt 26.75163788 -11.17419529
vt 26.75160653 -11.17445000
vt 26.75151367 -11.17520433
vn 0.000000 1.000000 0.000000
vn 0.000000 1.000000 0.000000
vn 0.000000 0.998648 -0.051976
vn 0.003161 0.972353 -0.233495
vn 0.010735 0.907536 -0.419837
vn 0.022403 0.807095 -0.589996
vn 0.037649 0.675129 -0.736739
vn 0.055784 0.517393 -0.853928
vn 0.076003 0.340895 -0.937024
vn 0.097444 0.153318 -0.983361
vn 0.119258 -0.037604 -0.992151
vn 0.140656 -0.224584 -0.964250
vn 0.146477 -0.279308 -0.948963
vn 0.000000 1.000000 0.000000
vn 0.000000 1.000000 0.000000
vn -0.000000 0.999495 -0.031769
vn -0.000971 0.981040 -0.193805
vn -0.002463 0.924466 -0.381255
vn -0.004421 0.832453 -0.554078
vn -0.006771 0.708487 -0.705691
vn -0.009424 0.557249 -0.830292
vn -0.012278 0.384455 -0.923062
vn -0.015223 0.196679 -0.980350
vn -0.018144 0.001124 -0.999835
vn -0.020926 -0.194641 -0.980651
vn 0.027249 -0.288693 -0.957034
vn 0.000000 1.000000 0.000000
vn 0.000000 1.000000 0.000000
vn 0.000000 0.999510 -0.031304
vn 0.000389 0.981201 -0.192989
vn -0.000380 0.924752 -0.380569
vn -0.002279 0.832901 -0.553417
vn -0.005240 0.709167 -0.705021
vn -0.009153 0.558198 -0.829657
vn -0.013871 0.385627 -0.922550
vn -0.019216 0.197921 -0.980030
vn -0.024983 0.002199 -0.999685
vn -0.030944 -0.193978 -0.980518
vn -0.101759 -0.294003 -0.950372
vn 0.000000 1.000000 0.000000
vn 0.000000 1.000000 0.000000
vn -0.000000 0.999461 -0.032820
vn -0.000141 0.980545 -0.196293
vn 0.000325 0.923377 -0.383894
vn 0.001383 0.830652 -0.556791
vn 0.002991 0.705937 -0.708268
vn 0.005086 0.554083 -0.832446
vn 0.007587 0.381015 -0.924538
vn 0.010396 0.193478 -0.981050
vn 0.013404 -0.001261 -0.999909
vn 0.016496 -0.195722 -0.980521
vn 0.050030 -0.287446 -0.956489
vn 0.000000 1.000000 0.000000
vn 0.000000 1.000000 0.000000
vn -0.000000 0.999490 -0.031945
vn 0.000193 0.980923 -0.194398
vn 0.000014 0.924163 -0.381999
vn -0.000530 0.831926 -0.554886
vn -0.001420 0.707759 -0.706453
vn -0.002621 0.556401 -0.830910
vn -0.004087 0.383618 -0.923483
vn -0.005763 0.195999 -0.980587
vn -0.007584 0.000719 -0.999971
vn -0.009479 -0.194710 -0.980815
vn -0.037272 -0.291867 -0.955732
vn 0.000000 1.000000 0.000000
vn 0.000000 1.000000 0.000000
vn -0.000000 0.999456 -0.032971
vn 0.000263 0.980466 -0.196690
vn 0.001319 0.923193 -0.384335
vn 0.003127 0.830345 -0.557241
vn 0.005617 0.705510 -0.708678
vn 0.008691 0.553567 -0.832759
vn 0.012230 0.380474 -0.924711
vn 0.016094 0.192995 -0.981068
vn 0.020134 -0.001601 -0.999796
vn 0.024195 -0.195850 -0.980335
vn 0.036468 -0.288429 -0.956807
vn 0.000000 1.000000 0.000000
vn 0.000000 1.000000 0.000000
vn 0.000000 0.999486 -0.032063
vn -0.000139 0.980880 -0.194612
vn -0.000503 0.924085 -0.382188
vn -0.001079 0.831803 -0.555070
vn -0.001844 0.707573 -0.706638
vn -0.002769 0.556146 -0.831080
vn -0.003819 0.383309 -0.923612
vn -0.004954 0.195677 -0.980656
vn -0.006129 0.000450 -0.999981
vn -0.007298 -0.194861 -0.980804
vn -0.006065 -0.290542 -0.956843
vn 0.000000 1.000000 0.000000
vn 0.000000 1.000000 0.000000
vn -0.000000 0.999458 -0.032932
vn 0.000609 0.980474 -0.196648
vn 0.001997 0.923199 -0.384317
vn 0.004109 0.830350 -0.557227
vn 0.006865 0.705526 -0.708651
vn 0.010157 0.553606 -0.832717
vn 0.013855 0.380540 -0.924661
vn 0.017815 0.193081 -0.981021
vn 0.021885 -0.001515 -0.999759
vn 0.025908 -0.195794 -0.980303
vn 0.013028 -0.289731 -0.957020
vn 0.000000 1.000000 0.000000
vn 0.000000 1.000000 0.000000
vn 0.000000 0.999481 -0.032227
vn -0.000326 0.980812 -0.194957
vn -0.000679 0.923946 -0.382523
vn -0.001046 0.831580 -0.555404
vn -0.001412 0.707254 -0.706959
vn -0.001763 0.555735 -0.831358
vn -0.002086 0.382841 -0.923812
vn -0.002367 0.195216 -0.980757
vn -0.002597 0.000075 -0.999997
vn -0.002766 -0.195072 -0.980785
vn 0.019160 -0.289440 -0.957004
vn 0.000000 1.000000 0.000000
vn 0.000000 1.000000 0.000000
vn -0.000000 0.999460 -0.032866
vn 0.000895 0.980497 -0.196532
vn 0.002522 0.923241 -0.384214
vn 0.004818 0.830417 -0.557122
vn 0.007694 0.705627 -0.708541
vn 0.011038 0.553747 -0.832612
vn 0.014720 0.380713 -0.924576
vn 0.018595 0.193259 -0.980971
vn 0.022515 -0.001370 -0.999746
vn 0.026330 -0.195725 -0.980305
vn -0.008858 -0.290650 -0.956788
vn 0.000000 1.000000 0.000000
vn 0.000000 1.000000 0.000000
vn -0.000000 0.999488 -0.032008
vn -0.000699 0.980917 -0.194427
vn -0.001675 0.924175 -0.381965
vn -0.002893 0.831951 -0.554841
vn -0.004304 0.707766 -0.706434
vn -0.005856 0.556358 -0.830922
vn -0.007488 0.383512 -0.923506
vn -0.009138 0.195846 -0.980592
vn -0.010740 0.000574 -0.999942
vn -0.012233 -0.194778 -0.980771
vn 0.026251 -0.289181 -0.956914
vn 0.000000 1.000000 0.000000
vn 0.000000 1.000000 0.000000
vn 0.000000 0.999472 -0.032503
vn 0.001022 0.980657 -0.195729
vn 0.002321 0.923579 -0.383402
vn 0.003848 0.830969 -0.556306
vn 0.005544 0.706415 -0.707776
vn 0.007343 0.554746 -0.831988
vn 0.009176 0.381826 -0.924188
vn 0.010971 0.194326 -0.980876
vn 0.012660 -0.000553 -0.999920
vn 0.014177 -0.195348 -0.980632
vn -0.047829 -0.291682 -0.955319
vn 0.000000 1.000000 0.000000
vn 0.000000 1.000000 0.000000
vn -0.000000 0.999472 -0.032496
vn -0.000476 0.980694 -0.195548
vn -0.000648 0.923702 -0.383111
vn -0.000507 0.831192 -0.555985
vn -0.000060 0.706711 -0.707502
vn 0.000677 0.555055 -0.831813
vn 0.001676 0.382081 -0.924127
vn 0.002898 0.194472 -0.980904
vn 0.004295 -0.000535 -0.999991
vn 0.005814 -0.195439 -0.980699
vn 0.051078 -0.288171 -0.956216
vn 0.000000 1.000000 0.000000
vn 0.000000 1.000000 0.000000
vn -0.000000 0.999469 -0.032584
vn 0.001094 0.980622 -0.195905
vn 0.002584 0.923508 -0.383570
vn 0.004412 0.830858 -0.556466
vn 0.006508 0.706263 -0.707919
vn 0.008790 0.554556 -0.832100
vn 0.011171 0.381613 -0.924255
vn 0.013557 0.194111 -0.980886
vn 0.015858 -0.000737 -0.999874
vn 0.017984 -0.195472 -0.980544
vn -0.044623 -0.291458 -0.955542
vn 0.000000 1.000000 0.000000
vn 0.000000 1.000000 0.000000
vn 0.000000 0.999467 -0.032655
vn -0.000365 0.980620 -0.195919
vn -0.000213 0.923545 -0.383490
vn 0.000451 0.830942 -0.556358
vn 0.001603 0.706368 -0.707843
vn 0.003198 0.554635 -0.832088
vn 0.005174 0.381622 -0.924304
vn 0.007454 0.194030 -0.980967
vn 0.009950 -0.000896 -0.999950
vn 0.012565 -0.195661 -0.980591
vn 0.058338 -0.288022 -0.955845
vn 0.000000 1.000000 0.000000
vn 0.000000 1.000000 0.000000
vn -0.000000 0.999498 -0.031686
vn 0.000185 0.981040 -0.193804
vn -0.000416 0.924405 -0.381413
vn -0.001781 0.832297 -0.554327
vn -0.003859 0.708250 -0.705951
vn -0.006571 0.556988 -0.830494
vn -0.009815 0.384260 -0.923173
vn -0.013466 0.196640 -0.980383
vn -0.017383 0.001309 -0.999848
vn -0.021412 -0.194208 -0.980727
vn -0.063997 -0.291514 -0.954423
vn 0.000000 1.000000 0.000000
vn 0.000000 1.000000 0.000000
vn 0.000000 0.999451 -0.033121
vn 0.000387 0.980401 -0.197014
vn 0.001889 0.923076 -0.384612
vn 0.004450 0.830196 -0.557454
vn 0.007971 0.705345 -0.708819
vn 0.012314 0.553388 -0.832832
vn 0.017309 0.380266 -0.924715
vn 0.022762 0.192732 -0.980987
vn 0.028459 -0.001940 -0.999593
vn 0.034181 -0.196270 -0.979954
vn 0.050497 -0.288588 -0.956121
vn 0.000000 1.000000 0.000000
vn 0.000000 1.000000 0.000000
vn -0.000000 0.999491 -0.031912
vn -0.000305 0.980947 -0.194274
vn -0.001067 0.924219 -0.381862
vn -0.002257 0.832001 -0.554770
vn -0.003832 0.707828 -0.706375
vn -0.005730 0.556446 -0.830864
vn -0.007880 0.383639 -0.923450
vn -0.010197 0.196020 -0.980547
vn -0.012592 0.000789 -0.999920
vn -0.014973 -0.194537 -0.980781
vn -0.010895 -0.290526 -0.956805
vn 0.000000 1.000000 0.000000
vn 0.000000 1.000000 0.000000
vn 0.000000 0.999485 -0.032074
vn -0.000009 0.980871 -0.194658
vn -0.000265 0.924055 -0.382259
vn -0.000758 0.831742 -0.555162
vn -0.001471 0.707476 -0.706736
vn -0.002375 0.556021 -0.831165
vn -0.003436 0.383180 -0.923667
vn -0.004614 0.195579 -0.980677
vn -0.005862 0.000420 -0.999983
vn -0.007131 -0.194794 -0.980818
vn -0.015919 -0.290615 -0.956708
vn 0.000000 1.000000 0.000000
vn 0.000000 1.000000 0.000000
vn -0.000000 0.999494 -0.031796
vn -0.000462 0.981000 -0.194005
vn -0.001507 0.924326 -0.381602
vn -0.003095 0.832160 -0.554528
vn -0.005166 0.708032 -0.706161
vn -0.007641 0.556685 -0.830689
vn -0.010426 0.383900 -0.923316
vn -0.013412 0.196290 -0.980454
vn -0.016483 0.001057 -0.999864
vn -0.019521 -0.194279 -0.980752
vn -0.009074 -0.290448 -0.956848
vn 0.000000 1.000000 0.000000
vn 0.000000 1.000000 0.000000
vn -0.000000 0.999467 -0.032636
vn 0.000632 0.980614 -0.195946
vn 0.001737 0.923521 -0.383544
vn 0.003273 0.830910 -0.556398
vn 0.005182 0.706351 -0.707843
vn 0.007390 0.554654 -0.832048
vn 0.009811 0.381681 -0.924242
vn 0.012352 0.194105 -0.980903
vn 0.014914 -0.000854 -0.999888
vn 0.017398 -0.195710 -0.980507
vn -0.009125 -0.290475 -0.956839
vn 0.000000 1.000000 0.000000
vn 0.000000 1.000000 0.000000
vn 0.000000 0.999500 -0.031628
vn -0.000893 0.981078 -0.193610
vn -0.002543 0.924483 -0.381216
vn -0.004888 0.832390 -0.554169
vn -0.007838 0.708323 -0.705845
vn -0.011281 0.557019 -0.830423
vn -0.015084 0.384261 -0.923101
vn -0.019101 0.196666 -0.980285
vn -0.023175 0.001442 -0.999730
vn -0.027148 -0.193881 -0.980649
vn 0.006861 -0.290117 -0.956967
vn 0.000000 1.000000 0.000000
vn 0.000000 1.000000 0.000000
vn -0.000000 0.999468 -0.032610
vn 0.001159 0.980622 -0.195906
vn 0.002739 0.923534 -0.383506
vn 0.004680 0.830935 -0.556350
vn 0.006908 0.706396 -0.707783
vn 0.009336 0.554725 -0.831982
vn 0.011870 0.381769 -0.924181
vn 0.014413 0.194192 -0.980858
vn 0.016866 -0.000797 -0.999857
vn 0.019134 -0.195714 -0.980474
vn -0.047014 -0.290762 -0.955640
vn 0.000000 1.000000 0.000000
vn 0.000000 1.000000 0.000000
vn 0.000000 0.999483 -0.032157
vn -0.000782 0.980840 -0.194812
vn -0.001660 0.923996 -0.382399
vn -0.002602 0.831644 -0.555304
vn -0.003569 0.707327 -0.706878
vn -0.004526 0.555818 -0.831292
vn -0.005436 0.382940 -0.923757
vn -0.006261 0.195340 -0.980716
vn -0.006972 0.000234 -0.999976
vn -0.007540 -0.194873 -0.980800
vn 0.043751 -0.289348 -0.956223
vn 0.000000 1.000000 0.000000
vn 0.000000 1.000000 0.000000
vn -0.000000 0.999495 -0.031780
vn 0.000643 0.980997 -0.194020
vn 0.000632 0.924303 -0.381660
vn -0.000034 0.832109 -0.554612
vn -0.001332 0.707960 -0.706251
vn -0.003211 0.556609 -0.830768
vn -0.005601 0.383843 -0.923381
vn -0.008408 0.196274 -0.980513
vn -0.011526 0.001094 -0.999933
vn -0.014832 -0.194187 -0.980852
vn -0.084493 -0.290338 -0.953187
vn 0.000000 1.000000 0.000000
vn 0.000000 1.000000 0.000000
vn -0.000000 0.999480 -0.032242
vn -0.000614 0.980800 -0.195017
vn -0.001226 0.923910 -0.382608
vn -0.001812 0.831512 -0.555503
vn -0.002350 0.707154 -0.707056
vn -0.002819 0.555614 -0.831436
vn -0.003200 0.382721 -0.923859
vn -0.003479 0.195124 -0.980772
vn -0.003645 0.000040 -0.999993
vn -0.003691 -0.195032 -0.980790
vn 0.039651 -0.289603 -0.956325
vn 0.000000 1.000000 0.000000
vn 0.000000 1.000000 0.000000
vn 0.000000 0.999503 -0.031534
vn 0.000207 0.981110 -0.193448
vn -0.000501 0.924529 -0.381110
vn -0.002100 0.832440 -0.554112
vn -0.004530 0.708375 -0.705822
vn -0.007697 0.557084 -0.830420
vn -0.011480 0.384358 -0.923113
vn -0.015734 0.196815 -0.980314
vn -0.020293 0.001660 -0.999793
vn -0.024981 -0.193589 -0.980765
vn -0.073506 -0.290178 -0.954145
vn 0.000000 1.000000 0.000000
vn 0.000000 1.000000 0.000000
vn -0.000000 0.999466 -0.032671
vn -0.000081 0.980607 -0.195986
vn 0.000320 0.923524 -0.383540
vn 0.001187 0.830940 -0.556361
vn 0.002489 0.706413 -0.707796
vn 0.004175 0.554736 -0.832016
vn 0.006180 0.381752 -0.924244
vn 0.008427 0.194123 -0.980941
vn 0.010828 -0.000930 -0.999941
vn 0.013291 -0.195909 -0.980532
vn 0.037809 -0.289799 -0.956340
vn 0.000000 1.000000 0.000000
vn 0.000000 1.000000 0.000000
vn -0.000000 0.999501 -0.031591
vn -0.000254 0.981086 -0.193570
vn -0.001299 0.924477 -0.381237
vn -0.003098 0.832347 -0.554246
vn -0.005582 0.708234 -0.705956
vn -0.008655 0.556899 -0.830535
vn -0.012199 0.384150 -0.923190
vn -0.016078 0.196622 -0.980347
vn -0.020141 0.001528 -0.999796
vn -0.024230 -0.193621 -0.980777
vn -0.036131 -0.290287 -0.956257
vn 0.000000 1.000000 0.000000
vn 0.000000 1.000000 0.000000
vn 0.000000 0.999480 -0.032246
vn -0.000016 0.980795 -0.195042
vn -0.000047 0.923898 -0.382638
vn -0.000094 0.831496 -0.555531
vn -0.000153 0.707139 -0.707075
vn -0.000222 0.555606 -0.831446
vn -0.000300 0.382720 -0.923864
vn -0.000382 0.195126 -0.980778
vn -0.000467 0.000032 -1.000000
vn -0.000549 -0.195062 -0.980791
vn -0.000041 -0.290284 -0.956940
vn 0.000000 1.000000 0.000000
vn 0.000000 1.000000 0.000000
vn -0.000000 0.999500 -0.031615
vn -0.000468 0.981075 -0.193627
vn -0.001645 0.924448 -0.381304
vn -0.003488 0.832292 -0.554326
vn -0.005927 0.708148 -0.706039
vn -0.008868 0.556787 -0.830608
vn -0.012197 0.384028 -0.923241
vn -0.015785 0.196519 -0.980373
vn -0.019494 0.001475 -0.999809
vn -0.023180 -0.193600 -0.980807
vn -0.017148 -0.290258 -0.956795
vn 0.000000 1.000000 0.000000
vn 0.000000 1.000000 0.000000
vn -0.000000 0.999443 -0.033374
vn 0.001153 0.980297 -0.197525
vn 0.003562 0.922927 -0.384960
vn 0.007136 0.830086 -0.557590
vn 0.011738 0.705336 -0.708776
vn 0.017191 0.553471 -0.832691
vn 0.023284 0.380332 -0.924557
vn 0.029781 0.192591 -0.980827
vn 0.036429 -0.002509 -0.999333
vn 0.042969 -0.197438 -0.979373
vn 0.009946 -0.290308 -0.956881
vn 0.000000 1.000000 0.000000
vn 0.000000 1.000000 0.000000
vn -0.000000 0.999478 -0.032304
vn -0.000520 0.980767 -0.195180
vn -0.000971 0.923839 -0.382780
vn -0.001334 0.831402 -0.555670
vn -0.001596 0.707010 -0.707202
vn -0.001745 0.555450 -0.831548
vn -0.001777 0.382552 -0.923932
vn -0.001691 0.194965 -0.980809
vn -0.001488 -0.000100 -0.999999
vn -0.001178 -0.195148 -0.980773
vn 0.038282 -0.290108 -0.956228
vn 0.000000 1.000000 0.000000
vn 0.000000 1.000000 0.000000
vn 0.000000 0.999474 -0.032446
vn 0.000885 0.980710 -0.195468
vn 0.001969 0.923741 -0.383014
vn 0.003210 0.831283 -0.555841
vn 0.004560 0.706883 -0.707315
vn 0.005969 0.555314 -0.831620
vn 0.007380 0.382386 -0.923973
vn 0.008740 0.194737 -0.980816
vn 0.009995 -0.000423 -0.999950
vn 0.011097 -0.195588 -0.980623
vn -0.043958 -0.289896 -0.956048
vn 0.000000 1.000000 0.000000
vn 0.000000 1.000000 0.000000
vn 0.000000 0.999487 -0.032021
vn -0.000761 0.980891 -0.194559
vn -0.001768 0.924073 -0.382211
vn -0.002983 0.831730 -0.555172
vn -0.004359 0.707415 -0.706785
vn -0.005842 0.555920 -0.831215
vn -0.007376 0.383080 -0.923686
vn -0.008901 0.195551 -0.980653
vn -0.010359 0.000545 -0.999946
vn -0.011692 -0.194449 -0.980843
vn 0.032422 -0.290261 -0.956398
vn 0.000000 1.000000 0.000000
vn 0.000000 1.000000 0.000000
vn -0.000000 0.999465 -0.032702
vn 0.001353 0.980601 -0.196010
vn 0.003213 0.923540 -0.383489
vn 0.005510 0.831010 -0.556231
vn 0.008155 0.706553 -0.707613
vn 0.011048 0.554930 -0.831823
vn 0.014077 0.381946 -0.924078
vn 0.017124 0.194230 -0.980807
vn 0.020071 -0.001003 -0.999798
vn 0.022803 -0.196233 -0.980292
vn -0.053758 -0.289553 -0.955651
vn 0.000000 1.000000 0.000000
vn 0.000000 1.000000 0.000000
vn 0.000000 0.999456 -0.032984
vn -0.000232 0.980466 -0.196689
vn 0.000407 0.923258 -0.384180
vn 0.001894 0.830581 -0.556895
vn 0.004173 0.705994 -0.708206
vn 0.007156 0.554275 -0.832303
vn 0.010730 0.381241 -0.924413
vn 0.014757 0.193533 -0.980983
vn 0.019080 -0.001636 -0.999817
vn 0.023531 -0.196751 -0.980171
vn 0.074544 -0.290106 -0.954087
vn 0.000000 1.000000 0.000000
vn 0.000000 1.000000 0.000000
vn -0.000000 0.999485 -0.032098
vn 0.000600 0.980866 -0.194685
vn 0.000964 0.924046 -0.382281
vn 0.001080 0.831719 -0.555195
vn 0.000941 0.707427 -0.706785
vn 0.000553 0.555941 -0.831222
vn -0.000069 0.383077 -0.923716
vn -0.000902 0.195481 -0.980707
vn -0.001913 0.000365 -0.999998
vn -0.003063 -0.194764 -0.980845
vn -0.054061 -0.289332 -0.955701
vn 0.000000 1.000000 0.000000
vn 0.000000 1.000000 0.000000
vn 0.000000 0.999460 -0.032851
vn -0.000033 0.980526 -0.196389
vn 0.000682 0.923381 -0.383884
vn 0.002120 0.830769 -0.556614
vn 0.004227 0.706244 -0.707956
vn 0.006922 0.554577 -0.832104
vn 0.010101 0.381574 -0.924283
vn 0.013643 0.193865 -0.980933
vn 0.017409 -0.001340 -0.999848
vn 0.021254 -0.196526 -0.980268
vn 0.053107 -0.290513 -0.955396
vn 0.000000 1.000000 0.000000
vn 0.000000 1.000000 0.000000
vn -0.000000 0.999485 -0.032080
vn 0.000184 0.980871 -0.194661
vn 0.000123 0.924047 -0.382279
vn -0.000184 0.831708 -0.555214
vn -0.000723 0.707399 -0.706814
vn -0.001474 0.555900 -0.831248
vn -0.002409 0.383041 -0.923728
vn -0.003492 0.195471 -0.980703
vn -0.004679 0.000406 -0.999989
vn -0.005926 -0.194654 -0.980854
vn -0.028248 -0.289789 -0.956674
vn 0.000000 1.000000 0.000000
vn 0.000000 1.000000 0.000000
vn 0.000000 0.999456 -0.032984
vn 0.000408 0.980473 -0.196655
vn 0.001767 0.923294 -0.384090
vn 0.004027 0.830671 -0.556749
vn 0.007102 0.706149 -0.708027
vn 0.010877 0.554480 -0.832126
vn 0.015206 0.381448 -0.924265
vn 0.019922 0.193671 -0.980864
vn 0.024841 -0.001642 -0.999690
vn 0.029772 -0.196955 -0.979960
vn 0.038132 -0.290681 -0.956060
vn 0.000000 1.000000 0.000000
vn 0.000000 1.000000 0.000000
vn -0.000000 0.999490 -0.031948
vn -0.000353 0.980922 -0.194401
vn -0.001114 0.924129 -0.382079
vn -0.002253 0.831796 -0.555077
vn -0.003728 0.707480 -0.706723
vn -0.005482 0.555980 -0.831177
vn -0.007446 0.383147 -0.923657
vn -0.009545 0.195649 -0.980627
vn -0.011697 0.000706 -0.999931
vn -0.013819 -0.194197 -0.980865
vn -0.004508 -0.290190 -0.956959
vn 0.000000 1.000000 0.000000
vn 0.000000 1.000000 0.000000
vn 0.000000 0.999473 -0.032463
vn 0.000422 0.980705 -0.195495
vn 0.001109 0.923739 -0.383020
vn 0.002037 0.831295 -0.555828
vn 0.003170 0.706914 -0.707293
vn 0.004464 0.555357 -0.831600
vn 0.005870 0.382426 -0.923968
vn 0.007334 0.194749 -0.980826
vn 0.008797 -0.000466 -0.999961
vn 0.010205 -0.195704 -0.980610
vn -0.009416 -0.290109 -0.956947
vn 0.000000 1.000000 0.000000
vn 0.000000 1.000000 0.000000
vn -0.000000 0.999508 -0.031360
vn -0.001033 0.981172 -0.193135
vn -0.003194 0.924574 -0.380990
vn -0.006402 0.832357 -0.554203
vn -0.010532 0.708091 -0.706042
vn -0.015422 0.556627 -0.830620
vn -0.020881 0.383887 -0.923144
vn -0.026697 0.196610 -0.980118
vn -0.032643 0.002050 -0.999465
vn -0.038491 -0.192323 -0.980576
vn -0.008809 -0.290046 -0.956972
vn 0.000000 1.000000 0.000000
vn 0.000000 1.000000 0.000000
vn -0.000000 0.999474 -0.032435
vn 0.001006 0.980728 -0.195377
vn 0.002212 0.923805 -0.382856
vn 0.003571 0.831414 -0.555642
vn 0.005033 0.707082 -0.707114
vn 0.006541 0.555552 -0.831456
vn 0.008035 0.382613 -0.923874
vn 0.009460 0.194891 -0.980779
vn 0.010758 -0.000402 -0.999942
vn 0.011879 -0.195736 -0.980585
vn -0.051488 -0.288779 -0.956010
vn 0.000000 1.000000 0.000000
vn 0.000000 1.000000 0.000000
vn 0.000000 0.999483 -0.032148
vn -0.000751 0.980824 -0.194893
vn -0.001612 0.923924 -0.382573
vn -0.002550 0.831491 -0.555532
vn -0.003529 0.707097 -0.707108
vn -0.004511 0.555548 -0.831472
vn -0.005459 0.382693 -0.923859
vn -0.006334 0.195194 -0.980744
vn -0.007104 0.000254 -0.999975
vn -0.007740 -0.194652 -0.980842
vn 0.041053 -0.291005 -0.955840
vn 0.000000 1.000000 0.000000
vn 0.000000 1.000000 0.000000
vn -0.000000 0.999493 -0.031834
vn 0.000611 0.980990 -0.194059
vn 0.000636 0.924286 -0.381701
vn 0.000073 0.832041 -0.554714
vn -0.001058 0.707791 -0.706422
vn -0.002711 0.556318 -0.830965
vn -0.004825 0.383476 -0.923538
vn -0.007317 0.195946 -0.980587
vn -0.010090 0.000968 -0.999949
vn -0.013036 -0.193951 -0.980925
vn -0.077163 -0.287438 -0.954686
vn 0.000000 1.000000 0.000000
vn 0.000000 1.000000 0.000000
vn 0.000000 0.999486 -0.032047
vn -0.000734 0.980868 -0.194674
vn -0.001696 0.924002 -0.382383
vn -0.002847 0.831591 -0.555381
vn -0.004145 0.707207 -0.706994
vn -0.005539 0.555666 -0.831387
vn -0.006974 0.382828 -0.923793
vn -0.008395 0.195364 -0.980695
vn -0.009748 0.000485 -0.999952
vn -0.010980 -0.194342 -0.980872
vn 0.032069 -0.290995 -0.956187
vn 0.000000 1.000000 0.000000
vn 0.000000 1.000000 0.000000
vn -0.000000 0.999487 -0.032023
vn 0.000690 0.980909 -0.194466
vn 0.001052 0.924140 -0.382053
vn 0.001073 0.831853 -0.554995
vn 0.000751 0.707578 -0.706635
vn 0.000097 0.556088 -0.831124
vn -0.000862 0.383214 -0.923659
vn -0.002091 0.195620 -0.980678
vn -0.003541 0.000539 -0.999994
vn -0.005156 -0.194517 -0.980886
vn -0.065513 -0.287755 -0.955461
vn 0.000000 1.000000 0.000000
vn 0.000000 1.000000 0.000000
vn -0.000000 0.999469 -0.032580
vn -0.000334 0.980639 -0.195825
vn -0.000277 0.923592 -0.383376
vn 0.000169 0.831071 -0.556167
vn 0.000988 0.706635 -0.707577
vn 0.002149 0.555055 -0.831811
vn 0.003606 0.382129 -0.924102
vn 0.005306 0.194472 -0.980894
vn 0.007180 -0.000726 -0.999974
vn 0.009158 -0.195963 -0.980569
vn 0.048281 -0.291445 -0.955368
vn 0.000000 1.000000 0.000000
vn 0.000000 1.000000 0.000000
vn 0.000000 0.999840 -0.017878
vn -0.001006 0.987292 -0.158913
vn -0.005193 0.937144 -0.348905
vn -0.012396 0.850654 -0.525579
vn -0.022326 0.731170 -0.681830
vn -0.034570 0.583516 -0.811365
vn -0.048620 0.413772 -0.909081
vn -0.063901 0.228914 -0.971347
vn -0.079803 0.036400 -0.996146
vn -0.095715 -0.156253 -0.983069
vn -0.106028 -0.285122 -0.952609
f 1/1/1 14/14/14 15/15/15
f 1/1/1 15/15/15 2/2/2
f 2/2/2 15/15/15 16/16/16
f 2/2/2 16/16/16 3/3/3
f 3/3/3 16/16/16 17/17/17
f 3/3/3 17/17/17 4/4/4
f 4/4/4 17/17/17 18/18/18
f 4/4/4 18/18/18 5/5/5
f 5/5/5 18/18/18 19/19/19
f 5/5/5 19/19/19 6/6/6
f 6/6/6 19/19/19 20/20/20
f 6/6/6 20/20/20 7/7/7
f 7/7/7 20/20/20 21/21/21
f 7/7/7 21/21/21 8/8/8
f 8/8/8 21/21/21 22/22/22
f 8/8/8 22/22/22 9/9/9
f 9/9/9 22/22/22 23/23/23
f 9/9/9 23/23/23 10/10/10
f 10/10/10 23/23/23 24/24/24
f 10/10/10 24/24/24 11/11/11
f 11/11/11 24/24/24 25/25/25
f 11/11/11 25/25/25 12/12/12
f 12/12/12 25/25/25 26/26/26
f 12/12/12 26/26/26 13/13/13
f 14/14/14 27/27/27 28/28/28
f 14/14/14 28/28/28 15/15/15
f 15/15/15 28/28/28 29/29/29
f 15/15/15 29/29/29 16/16/16
f 16/16/16 29/29/29 30/30/30
f 16/16/16 30/30/30 17/17/17
f 17/17/17 30/30/30 31/31/31
f 17/17/17 31/31/31 18/18/18
f 18/18/18 31/31/31 32/32/32
f 18/18/18 32/32/32 19/19/19
f 19/19/19 32/32/32 33/33/33
f 19/19/19 33/33/33 20/20/20
f 20/20/20 33/33/33 34/34/34
f 20/20/20 34/34/34 21/21/21
f 21/21/21 34/34/34 35/35/35
f 21/21/21 35/35/35 22/22/22
f 22/22/22 35/35/35 36/36/36
f 22/22/22 36/36/36 23/23/23
f 23/23/23 36/36/36 37/37/37
f 23/23/23 37/37/37 24/24/24
f 24/24/24 37/37/37 38/38/38
f 24/24/24 38/38/38 25/25/25
f 25/25/25 38/38/38 39/39/39
f 25/25/25 39/39/39 26/26/26
f 27/27/27 40/40/40 41/41/41
f 27/27/27 41/41/41 28/28/28
f 28/28/28 41/41/41 42/42/42
f 28/28/28 42/42/42 29/29/29
f 29/29/29 42/42/42 43/43/43
f 29/29/29 43/43/43 30/30/30
f 30/30/30 43/43/43 44/44/44
f 30/30/30 44/44/44 31/31/31
f 31/31/31 44/44/44 45/45/45
f 31/31/31 45/45/45 32/32/32
f 32/32/32 45/45/45 46/46/46
f 32/32/32 46/46/46 33/33/33
f 33/33/33 46/46/46 47/47/47
f 33/33/33 47/47/47 34/34/34
f 34/34/34 47/47/47 48/48/48
f 34/34/34 48/48/48 35/35/35
f 35/35/35 48/48/48 49/49/49
f 35/35/35 49/49/49 36/36/36
f 36/36/36 49/49/49 50/50/50
f 36/36/36 50/50/50 37/37/37
f 37/37/37 50/50/50 51/51/51
f 37/37/37 51/51/51 38/38/38
f 38/38/38 51/51/51 52/52/52
f 38/38/38 52/52/52 39/39/39
f 40/40/40 53/53/53 54/54/54
f 40/40/40 54/54/54 41/41/41
f 41/41/41 54/54/54 55/55/55
f 41/41/41 55/55/55 42/42/42
f 42/42/42 55/55/55 56/56/56
f 42/42/42 56/56/56 43/43/43
f 43/43/43 56/56/56 57/57/57
f 43/43/43 57/57/57 44/44/44
f 44/44/44 57/57/57 58/58/58
f 44/44/44 58/58/58 45/45/45
f 45/45/45 58/58/58 59/59/59
f 45/45/45 59/59/59 46/46/46
f 46/46/46 59/59/59 60/60/60
f 46/46/46 60/60/60 47/47/47
f 47/47/47 60/60/60 61/61/61
f 47/47/47 61/61/61 48/48/48
f 48/48/48 61/61/61 62/62/62
f 48/48/48 62/62/62 49/49/49
f 49/49/49 62/62/62 63/63/63
f 49/49/49 63/63/63 50/50/50
f 50/50/50 63/63/63 64/64/64
f 50/50/50 64/64/64 51/51/51
f 51/51/51 64/64/64 65/65/65
f 51/51/51 65/65/65 52/52/52
f 53/53/53 66/66/66 67/67/67
f 53/53/53 67/67/67 54/54/54
f 54/54/54 67/67/67 68/68/68
f 54/54/54 68/68/68 55/55/55
f 55/55/55 68/68/68 69/69/69
f 55/55/55 69/69/69 56/56/56
f 56/56/56 69/69/69 70/70/70
f 56/56/56 70/70/70 57/57/57
f 57/57/57 70/70/70 71/71/71
f 57/57/57 71/71/71 58/58/58
f 58/58/58 71/71/71 72/72/72
f 58/58/58 72/72/72 59/59/59
f 59/59/59 72/72/72 73/73/73
f 59/59/59 73/73/73 60/60/60
f 60/60/60 73/73/73 74/74/74
f 60/60/60 74/74/74 61/61/61
f 61/61/61 74/74/74 75/75/75
f 61/61/61 75/75/75 62/62/62
f 62/62/62 75/75/75 76/76/76
f 62/62/62 76/76/76 63/63/63
f 63/63/63 76/76/76 77/77/77
f 63/63/63 77/77/77 64/64/64
f 64/64/64 77/77/77 78/78/78
f 64/64/64 78/78/78 65/65/65
f 66/66/66 79/79/79 80/80/80
f 66/66/66 80/80/80 67/67/67
f 67/67/67 80/80/80 81/81/81
f 67/67/67 81/81/81 68/68/68
f 68/68/68 81/81/81 82/82/82
f 68/68/68 82/82/82 69/69/69
f 69/69/69 82/82/82 83/83/83
f 69/69/69 83/83/83 70/70/70
f 70/70/70 83/83/83 84/84/84
f 70/70/70 84/84/84 71/71/71
f 71/71/71 84/84/84 85/85/85
f 71/71/71 85/85/85 72/72/72
f 72/72/72 85/85/85 86/86/86
f 72/72/72 86/86/86 73/73/73
f 73/73/73 86/86/86 87/87/87
f 73/73/73 87/87/87 74/74/74
f 74/74/74 87/87/87 88/88/88
f 74/74/74 88/88/88 75/75/75
f 75/75/75 88/88/88 89/89/89
f 75/75/75 89/89/89 76/76/76
f 76/76/76 89/89/89 90/90/90
f 76/76/76 90/90/90 77/77/77
f 77/77/77 90/90/90 91/91/91
f 77/77/77 91/91/91 78/78/78
f 79/79/79 92/92/92 93/93/93
f 79/79/79 93/93/93 80/80/80
f 80/80/80 93/93/93 94/94/94
f 80/80/80 94/94/94 81/81/81
f 81/81/81 94/94/94 95/95/95
f 81/81/81 95/95/95 82/82/82
f 82/82/82 95/95/95 96/96/96
f 82/82/82 96/96/96 83/83/83
f 83/83/83 96/96/96 97/97/97
f 83/83/83 97/97/97 84/84/84
f 84/84/84 97/97/97 98/98/98
f 84/84/84 98/98/98 85/85/85
f 85/85/85 98/98/98 99/99/99
f 85/85/85 99/99/99 86/86/86
f 86/86/86 99/99/99 100/100/100
f 86/86/86 100/100/100 87/87/87
f 87/87/87 100/100/100 101/101/101
f 87/87/87 101/101/101 88/88/88
f 88/88/88 101/101/101 102/102/102
f 88/88/88 102/102/102 89/89/89
f 89/89/89 102/102/102 103/103/103
f 89/89/89 103/103/103 90/90/90
f 90/90/90 103/103/103 104/104/104
f 90/90/90 104/104/104 91/91/91
f 92/92/92 105/105/105 106/106/106
f 92/92/92 106/106/106 93/93/93
f 93/93/93 106/106/106 107/107/107
f 93/93/93 107/107/107 94/94/94
f 94/94/94 107/107/107 108/108/108
f 94/94/94 108/108/108 95/95/95
f 95/95/95 108/108/108 109/109/109
f 95/95/95 109/109/109 96/96/96
f 96/96/96 109/109/109 110/110/110
f 96/96/96 110/110/110 97/97/97
f 97/97/97 110/110/110 111/111/111
f 97/97/97 111/111/111 98/98/98
f 98/98/98 111/111/111 112/112/112
f 98/98/98 112/112/112 99/99/99
f 99/99/99 112/112/112 113/113/113
f 99/99/99 113/113/113 100/100/100
f 100/100/100 113/113/113 114/114/114
f 100/100/100 114/114/114 101/101/101
f 101/101/101 114/114/114 115/115/115
f 101/101/101 115/115/115 102/102/102
f 102/102/102 115/115/115 116/116/116
f 102/102/102 116/116/116 103/103/103
f 103/103/103 116/116/116 117/117/117
f 103/103/103 117/117/117 104/104/104
f 105/105/105 118/118/118 119/119/119
f 105/105/105 119/119/119 106/106/106
f 106/106/106 119/119/119 120/120/120
f 106/106/106 120/120/120 107/107/107
f 107/107/107 120/120/120 121/121/121
f 107/107/107 121/121/121 108/108/108
f 108/108/108 121/121/121 122/122/122
f 108/108/108 122/122/122 109/109/109
f 109/109/109 122/122/122 123/123/123
f 109/109/109 123/123/123 110/110/110
f 110/110/110 123/123/123 124/124/124
f 110/110/110 124/124/124 111/111/111
f 111/111/111 124/124/124 125/125/125
f 111/111/111 125/125/125 112/112/112
f 112/112/112 125/125/125 126/126/126
f 112/112/112 126/126/126 113/113/113
f 113/113/113 126/126/126 127/127/127
f 113/113/113 127/127/127 114/114/114
f 114/114/114 127/127/127 128/128/128
f 114/114/114 128/128/128 115/115/115
f 115/115/115 128/128/128 129/129/129
f 115/115/115 129/129/129 116/116/116
f 116/116/116 129/129/129 130/130/130
f 116/116/116 130/130/130 117/117/117
f 118/118/118 131/131/131 132/132/132
f 118/118/118 132/132/132 119/119/119
f 119/119/119 132/132/132 133/133/133
f 119/119/119 133/133/133 120/120/120
f 120/120/120 133/133/133 134/134/134
f 120/120/120 134/134/134 121/121/121
f 121/121/121 134/134/134 135/135/135
f 121/121/121 135/135/135 122/122/122
f 122/122/122 135/135/135 136/136/136
f 122/122/122 136/136/136 123/123/123
f 123/123/123 136/136/136 137/137/137
f 123/123/123 137/137/137 124/124/124
f 124/124/124 137/137/137 138/138/138
f 124/124/124 138/138/138 125/125/125
f 125/125/125 138/138/138 139/139/139
f 125/125/125 139/139/139 126/126/126
f 126/126/126 139/139/139 140/140/140
f 126/126/126 140/140/140 127/127/127
f 127/127/127 140/140/140 141/141/141
f 127/127/127 141/141/141 128/128/128
f 128/128/128 141/141/141 142/142/142
f 128/128/128 142/142/142 129/129/129
f 129/129/129 142/142/142 143/143/143
f 129/129/129 143/143/143 130/130/130
f 131/131/131 144/144/144 145/145/145
f 131/131/131 145/145/145 132/132/132
f 132/132/132 145/145/145 146/146/146
f 132/132/132 146/146/146 133/133/133
f 133/133/133 146/146/146 147/147/147
f 133/133/133 147/147/147 134/134/134
f 134/134/134 147/147/147 148/148/148
f 134/134/134 148/148/148 135/135/135
f 135/135/135 148/148/148 149/149/149
f 135/135/135 149/149/149 136/136/136
f 136/136/136 149/149/149 150/150/150
f 136/136/136 150/150/150 137/137/137
f 137/137/137 150/150/150 151/151/151
f 137/137/137 151/151/151 138/138/138
f 138/138/138 151/151/151 152/152/152
f 138/138/138 152/152/152 139/139/139
f 139/139/139 152/152/152 153/153/153
f 139/139/139 153/153/153 140/140/140
f 140/140/140 153/153/153 154/154/154
f 140/140/140 154/154/154 141/141/141
f 141/141/141 154/154/154 155/155/155
f 141/141/141 155/155/155 142/142/142
f 142/142/142 155/155/155 156/156/156
f 142/142/142 156/156/156 143/143/143
f 144/144/144 157/157/157 158/158/158
f 144/144/144 158/158/158 145/145/145
f 145/145/145 158/158/158 159/159/159
f 145/145/145 159/159/159 146/146/146
f 146/146/146 159/159/159 160/160/160
f 146/146/146 160/160/160 147/147/147
f 147/147/147 160/160/160 161/161/161
f 147/147/147 161/161/161 148/148/148
f 148/148/148 161/161/161 162/162/162
f 148/148/148 162/162/162 149/149/149
f 149/149/149 162/162/162 163/163/163
f 149/149/149 163/163/163 150/150/150
f 150/150/150 163/163/163 164/164/164
f 150/150/150 164/164/164 151/151/151
f 151/151/151 164/164/164 165/165/165
f 151/151/151 165/165/165 152/152/152
f 152/152/152 165/165/165 166/166/166
f 152/152/152 166/166/166 153/153/153
f 153/153/153 166/166/166 167/167/167
f 153/153/153 167/167/167 154/154/154
f 154/154/154 167/167/167 168/168/168
f 154/154/154 168/168/168 155/155/155
f 155/155/155 168/168/168 169/169/169
f 155/155/155 169/169/169 156/156/156
f 157/157/157 170/170/170 171/171/171
f 157/157/157 171/171/171 158/158/158
f 158/158/158 171/171/171 172/172/172
f 158/158/158 172/172/172 159/159/159
f 159/159/159 172/172/172 173/173/173
f 159/159/159 173/173/173 160/160/160
f 160/160/160 173/173/173 174/174/174
f 160/160/160 174/174/174 161/161/161
f 161/161/161 174/174/174 175/175/175
f 161/161/161 175/175/175 162/162/162
f 162/162/162 175/175/175 176/176/176
f 162/162/162 176/176/176 163/163/163
f 163/163/163 176/176/176 177/177/177
f 163/163/163 177/177/177 164/164/164
f 164/164/164 177/177/177 178/178/178
f 164/164/164 178/178/178 165/165/165
f 165/165/165 178/178/178 179/179/179
f 165/165/165 179/179/179 166/166/166
f 166/166/166 179/179/179 180/180/180
f 166/166/166 180/180/180 167/167/167
f 167/167/167 180/180/180 181/181/181
f 167/167/167 181/181/181 168/168/168
f 168/168/168 181/181/181 182/182/182
f 168/168/168 182/182/182 169/169/169
f 170/170/170 183/183/183 184/184/184
f 170/170/170 184/184/184 171/171/171
f 171/171/171 184/184/184 185/185/185
f 171/171/171 185/185/185 172/172/172
f 172/172/172 185/185/185 186/186/186
f 172/172/172 186/186/186 173/173/173
f 173/173/173 186/186/186 187/187/187
f 173/173/173 187/187/187 174/174/174
f 174/174/174 187/187/187 188/188/188
f 174/174/174 188/188/188 175/175/175
f 175/175/175 188/188/188 189/189/189
f 175/175/175 189/189/189 176/176/176
f 176/176/176 189/189/189 190/190/190
f 176/176/176 190/190/190 177/177/177
f 177/177/177 190/190/190 191/191/191
f 177/177/177 191/191/191 178/178/178
f 178/178/178 191/191/191 192/192/192
f 178/178/178 192/192/192 179/179/179
f 179/179/179 192/192/192 193/193/193
f 179/179/179 193/193/193 180/180/180
f 180/180/180 193/193/193 194/194/194
f 180/180/180 194/194/194 181/181/181
f 181/181/181 194/194/194 195/195/195
f 181/181/181 195/195/195 182/182/182
f 183/183/183 196/196/196 197/197/197
f 183/183/183 197/197/197 184/184/184
f 184/184/184 197/197/197 198/198/198
f 184/184/184 198/198/198 185/185/185
f 185/185/185 198/198/198 199/199/199
f 185/185/185 199/199/199 186/186/186
f 186/186/186 199/199/199 200/200/200
f 186/186/186 200/200/200 187/187/187
f 187/187/187 200/200/200 201/201/201
f 187/187/187 201/201/201 188/188/188
f 188/188/188 201/201/201 202/202/202
f 188/188/188 202/202/202 189/189/189
f 189/189/189 202/202/202 203/203/203
f 189/189/189 203/203/203 190/190/190
f 190/190/190 203/203/203 204/204/204
f 190/190/190 204/204/204 191/191/191
f 191/191/191 204/204/204 205/205/205
f 191/191/191 205/205/205 192/192/192
f 192/192/192 205/205/205 206/206/206
f 192/192/192 206/206/206 193/193/193
f 193/193/193 206/206/206 207/207/207
f 193/193/193 207/207/207 194/194/194
f 194/194/194 207/207/207 208/208/208
f 194/194/194 208/208/208 195/195/195
f 196/196/196 209/209/209 210/210/210
f 196/196/196 210/210/210 197/197/197
f 197/197/197 210/210/210 211/211/211
f 197/197/197 211/211/211 198/198/198
f 198/198/198 211/211/211 212/212/212
f 198/198/198 212/212/212 199/199/199
f 199/199/199 212/212/212 213/213/213
f 199/199/199 213/213/213 200/200/200
f 200/200/200 213/213/213 214/214/214
f 200/200/200 214/214/214 201/201/201
f 201/201/201 214/214/214 215/215/215
f 201/201/201 215/215/215 202/202/202
f 202/202/202 215/215/215 216/216/216
f 202/202/202 216/216/216 203/203/203
f 203/203/203 216/216/216 217/217/217
f 203/203/203 217/217/217 204/204/204
f 204/204/204 217/217/217 218/218/218
f 204/204/204 218/218/218 205/205/205
f 205/205/205 218/218/218 219/219/219
f 205/205/205 219/219/219 206/206/206
f 206/206/206 219/219/219 220/220/220
f 206/206/206 220/220/220 207/207/207
f 207/207/207 220/220/220 221/221/221
f 207/207/207 221/221/221 208/208/208
f 209/209/209 222/222/222 223/223/223
f 209/209/209 223/223/223 210/210/210
f 210/210/210 223/223/223 224/224/224
f 210/210/210 224/224/224 211/211/211
f 211/211/211 224/224/224 225/225/225
f 211/211/211 225/225/225 212/212/212
f 212/212/212 225/225/225 226/226/226
f 212/212/212 226/226/226 213/213/213
f 213/213/213 226/226/226 227/227/227
f 213/213/213 227/227/227 214/214/214
f 214/214/214 227/227/227 228/228/228
f 214/214/214 228/228/228 215/215/215
f 215/215/215 228/228/228 229/229/229
f 215/215/215 229/229/229 216/216/216
f 216/216/216 229/229/229 230/230/230
f 216/216/216 230/230/230 217/217/217
f 217/217/217 230/230/230 231/231/231
f 217/217/217 231/231/231 218/218/218
f 218/218/218 231/231/231 232/232/232
f 218/218/218 232/232/232 219/219/219
f 219/219/219 232/232/232 233/233/233
f 219/219/219 233/233/233 220/220/220
f 220/220/220 233/233/233 234/234/234
f 220/220/220 234/234/234 221/221/221
f 222/222/222 235/235/235 236/236/236
f 222/222/222 236/236/236 223/223/223
f 223/223/223 236/236/236 237/237/237
f 223/223/223 237/237/237 224/224/224
f 224/224/224 237/237/237 238/238/238
f 224/224/224 238/238/238 225/225/225
f 225/225/225 238/238/238 239/239/239
f 225/225/225 239/239/239 226/226/226
f 226/226/226 239/239/239 240/240/240
f 226/226/226 240/240/240 227/227/227
f 227/227/227 240/240/240 241/241/241
f 227/227/227 241/241/241 228/228/228
f 228/228/228 241/241/241 242/242/242
f 228/228/228 242/242/242 229/229/229
f 229/229/229 242/242/242 243/243/243
f 229/229/229 243/243/243 230/230/230
f 230/230/230 243/243/243 244/244/244
f 230/230/230 244/244/244 231/231/231
f 231/231/231 244/244/244 245/245/245
f 231/231/231 245/245/245 232/232/232
f 232/232/232 245/245/245 246/246/246
f 232/232/232 246/246/246 233/233/233
f 233/233/233 246/246/246 247/247/247
f 233/233/233 247/247/247 234/234/234
f 235/235/235 248/248/248 249/249/249
f 235/235/235 249/249/249 236/236/236
f 236/236/236 249/249/249 250/250/250
f 236/236/236 250/250/250 237/237/237
f 237/237/237 250/250/250 251/251/251
f 237/237/237 251/251/251 238/238/238
f 238/238/238 251/251/251 252/252/252
f 238/238/238 252/252/252 239/239/239
f 239/239/239 252/252/252 253/253/253
f 239/239/239 253/253/253 240/240/240
f 240/240/240 253/253/253 254/254/254
f 240/240/240 254/254/254 241/241/241
f 241/241/241 254/254/254 255/255/255
f 241/241/241 255/255/255 242/242/242
f 242/242/242 255/255/255 256/256/256
f 242/242/242 256/256/256 243/243/243
f 243/243/243 256/256/256 257/257/257
f 243/243/243 257/257/257 244/244/244
f 244/244/244 257/257/257 258/258/258
f 244/244/244 258/258/258 245/245/245
f 245/245/245 258/258/258 259/259/259
f 245/245/245 259/259/259 246/246/246
f 246/246/246 259/259/259 260/260/260
f 246/246/246 260/260/260 247/247/247
f 248/248/248 261/261/261 262/262/262
f 248/248/248 262/262/262 249/249/249
f 249/249/249 262/262/262 263/263/263
f 249/249/249 263/263/263 250/250/250
f 250/250/250 263/263/263 264/264/264
f 250/250/250 264/264/264 251/251/251
f 251/251/251 264/264/264 265/265/265
f 251/251/251 265/265/265 252/252/252
f 252/252/252 265/265/265 266/266/266
f 252/252/252 266/266/266 253/253/253
f 253/253/253 266/266/266 267/267/267
f 253/253/253 267/267/267 254/254/254
f 254/254/254 267/267/267 268/268/268
f 254/254/254 268/268/268 255/255/255
f 255/255/255 268/268/268 269/269/269
f 255/255/255 269/269/269 256/256/256
f 256/256/256 269/269/269 270/270/270
f 256/256/256 270/270/270 257/257/257
f 257/257/257 270/270/270 271/271/271
f 257/257/257 271/271/271 258/258/258
f 258/258/258 271/271/271 272/272/272
f 258/258/258 272/272/272 259/259/259
f 259/259/259 272/272/272 273/273/273
f 259/259/259 273/273/273 260/260/260
f 261/261/261 274/274/274 275/275/275
f 261/261/261 275/275/275 262/262/262
f 262/262/262 275/275/275 276/276/276
f 262/262/262 276/276/276 263/263/263
f 263/263/263 276/276/276 277/277/277
f 263/263/263 277/277/277 264/264/264
f 264/264/264 277/277/277 278/278/278
f 264/264/264 278/278/278 265/265/265
f 265/265/265 278/278/278 279/279/279
f 265/265/265 279/279/279 266/266/266
f 266/266/266 279/279/279 280/280/280
f 266/266/266 280/280/280 267/267/267
f 267/267/267 280/280/280 281/281/281
f 267/267/267 281/281/281 268/268/268
f 268/268/268 281/281/281 282/282/282
f 268/268/268 282/282/282 269/269/269
f 269/269/269 282/282/282 283/283/283
f 269/269/269 283/283/283 270/270/270
f 270/270/270 283/283/283 284/284/284
f 270/270/270 284/284/284 271/271/271
f 271/271/271 284/284/284 285/285/285
f 271/271/271 285/285/285 272/272/272
f 272/272/272 285/285/285 286/286/286
f 272/272/272 286/286/286 273/273/273
f 274/274/274 287/287/287 288/288/288
f 274/274/274 288/288/288 275/275/275
f 275/275/275 288/288/288 289/289/289
f 275/275/275 289/289/289 276/276/276
f 276/276/276 289/289/289 290/290/290
f 276/276/276 290/290/290 277/277/277
f 277/277/277 290/290/290 291/291/291
f 277/277/277 291/291/291 278/278/278
f 278/278/278 291/291/291 292/292/292
f 278/278/278 292/292/292 279/279/279
f 279/279/279 292/292/292 293/293/293
f 279/279/279 293/293/293 280/280/280
f 280/280/280 293/293/293 294/294/294
f 280/280/280 294/294/294 281/281/281
f 281/281/281 294/294/294 295/295/295
f 281/281/281 295/295/295 282/282/282
f 282/282/282 295/295/295 296/296/296
f 282/282/282 296/296/296 283/283/283
f 283/283/283 296/296/296 297/297/297
f 283/283/283 297/297/297 284/284/284
f 284/284/284 297/297/297 298/298/298
f 284/284/284 298/298/298 285/285/285
f 285/285/285 298/298/298 299/299/299
f 285/285/285 299/299/299 286/286/286
f 287/287/287 300/300/300 301/301/301
f 287/287/287 301/301/301 288/288/288
f 288/288/288 301/301/301 302/302/302
f 288/288/288 302/302/302 289/289/289
f 289/289/289 302/302/302 303/303/303
f 289/289/289 303/303/303 290/290/290
f 290/290/290 303/303/303 304/304/304
f 290/290/290 304/304/304 291/291/291
f 291/291/291 304/304/304 305/305/305
f 291/291/291 305/305/305 292/292/292
f 292/292/292 305/305/305 306/306/306
f 292/292/292 306/306/306 293/293/293
f 293/293/293 306/306/306 307/307/307
f 293/293/293 307/307/307 294/294/294
f 294/294/294 307/307/307 308/308/308
f 294/294/294 308/308/308 295/295/295
f 295/295/295 308/308/308 309/309/309
f 295/295/295 309/309/309 296/296/296
f 296/296/296 309/309/309 310/310/310
f 296/296/296 310/310/310 297/297/297
f 297/297/297 310/310/310 311/311/311
f 297/297/297 311/311/311 298/298/298
f 298/298/298 311/311/311 312/312/312
f 298/298/298 312/312/312 299/299/299
f 300/300/300 313/313/313 314/314/314
f 300/300/300 314/314/314 301/301/301
f 301/301/301 314/314/314 315/315/315
f 301/301/301 315/315/315 302/302/302
f 302/302/302 315/315/315 316/316/316
f 302/302/302 316/316/316 303/303/303
f 303/303/303 316/316/316 317/317/317
f 303/303/303 317/317/317 304/304/304
f 304/304/304 317/317/317 318/318/318
f 304/304/304 318/318/318 305/305/305
f 305/305/305 318/318/318 319/319/319
f 305/305/305 319/319/319 306/306/306
f 306/306/306 319/319/319 320/320/320
f 306/306/306 320/320/320 307/307/307
f 307/307/307 320/320/320 321/321/321
f 307/307/307 321/321/321 308/308/308
f 308/308/308 321/321/321 322/322/322
f 308/308/308 322/322/322 309/309/309
f 309/309/309 322/322/322 323/323/323
f 309/309/309 323/323/323 310/310/310
f 310/310/310 323/323/323 324/324/324
f 310/310/310 324/324/324 311/311/311
f 311/311/311 324/324/324 325/325/325
f 311/311/311 325/325/325 312/312/312
f 313/313/313 326/326/326 327/327/327
f 313/313/313 327/327/327 314/314/314
f 314/314/314 327/327/327 328/328/328
f 314/314/314 328/328/328 315/315/315
f 315/315/315 328/328/328 329/329/329
f 315/315/315 329/329/329 316/316/316
f 316/316/316 329/329/329 330/330/330
f 316/316/316 330/330/330 317/317/317
f 317/317/317 330/330/330 331/331/331
f 317/317/317 331/331/331 318/318/318
f 318/318/318 331/331/331 332/332/332
f 318/318/318 332/332/332 319/319/319
f 319/319/319 332/332/332 333/333/333
f 319/319/319 333/333/333 320/320/320
f 320/320/320 333/333/333 334/334/334
f 320/320/320 334/334/334 321/321/321
f 321/321/321 334/334/334 335/335/335
f 321/321/321 335/335/335 322/322/322
f 322/322/322 335/335/335 336/336/336
f 322/322/322 336/336/336 323/323/323
f 323/323/323 336/336/336 337/337/337
f 323/323/323 337/337/337 324/324/324
f 324/324/324 337/337/337 338/338/338
f 324/324/324 338/338/338 325/325/325
f 326/326/326 339/339/339 340/340/340
f 326/326/326 340/340/340 327/327/327
f 327/327/327 340/340/340 341/341/341
f 327/327/327 341/341/341 328/328/328
f 328/328/328 341/341/341 342/342/342
f 328/328/328 342/342/342 329/329/329
f 329/329/329 342/342/342 343/343/343
f 329/329/329 343/343/343 330/330/330
f 330/330/330 343/343/343 344/344/344
f 330/330/330 344/344/344 331/331/331
f 331/331/331 344/344/344 345/345/345
f 331/331/331 345/345/345 332/332/332
f 332/332/332 345/345/345 346/346/346
f 332/332/332 346/346/346 333/333/333
f 333/333/333 346/346/346 347/347/347
f 333/333/333 347/347/347 334/334/334
f 334/334/334 347/347/347 348/348/348
f 334/334/334 348/348/348 335/335/335
f 335/335/335 348/348/348 349/349/349
f 335/335/335 349/349/349 336/336/336
f 336/336/336 349/349/349 350/350/350
f 336/336/336 350/350/350 337/337/337
f 337/337/337 350/350/350 351/351/351
f 337/337/337 351/351/351 338/338/338
f 339/339/339 352/352/352 353/353/353
f 339/339/339 353/353/353 340/340/340
f 340/340/340 353/353/353 354/354/354
f 340/340/340 354/354/354 341/341/341
f 341/341/341 354/354/354 355/355/355
f 341/341/341 355/355/355 342/342/342
f 342/342/342 355/355/355 356/356/356
f 342/342/342 356/356/356 343/343/343
f 343/343/343 356/356/356 357/357/357
f 343/343/343 357/357/357 344/344/344
f 344/344/344 357/357/357 358/358/358
f 344/344/344 358/358/358 345/345/345
f 345/345/345 358/358/358 359/359/359
f 345/345/345 359/359/359 346/346/346
f 346/346/346 359/359/359 360/360/360
f 346/346/346 360/360/360 347/347/347
f 347/347/347 360/360/360 361/361/361
f 347/347/347 361/361/361 348/348/348
f 348/348/348 361/361/361 362/362/362
f 348/348/348 362/362/362 349/349/349
f 349/349/349 362/362/362 363/363/363
f 349/349/349 363/363/363 350/350/350
f 350/350/350 363/363/363 364/364/364
f 350/350/350 364/364/364 351/351/351
f 352/352/352 365/365/365 366/366/366
f 352/352/352 366/366/366 353/353/353
f 353/353/353 366/366/366 367/367/367
f 353/353/353 367/367/367 354/354/354
f 354/354/354 367/367/367 368/368/368
f 354/354/354 368/368/368 355/355/355
f 355/355/355 368/368/368 369/369/369
f 355/355/355 369/369/369 356/356/356
f 356/356/356 369/369/369 370/370/370
f 356/356/356 370/370/370 357/357/357
f 357/357/357 370/370/370 371/371/371
f 357/357/357 371/371/371 358/358/358
f 358/358/358 371/371/371 372/372/372
f 358/358/358 372/372/372 359/359/359
f 359/359/359 372/372/372 373/373/373
f 359/359/359 373/373/373 360/360/360
f 360/360/360 373/373/373 374/374/374
f 360/360/360 374/374/374 361/361/361
f 361/361/361 374/374/374 375/375/375
f 361/361/361 375/375/375 362/362/362
f 362/362/362 375/375/375 376/376/376
f 362/362/362 376/376/376 363/363/363
f 363/363/363 376/376/376 377/377/377
f 363/363/363 377/377/377 364/364/364
f 365/365/365 378/378/378 379/379/379
f 365/365/365 379/379/379 366/366/366
f 366/366/366 379/379/379 380/380/380
f 366/366/366 380/380/380 367/367/367
f 367/367/367 380/380/380 381/381/381
f 367/367/367 381/381/381 368/368/368
f 368/368/368 381/381/381 382/382/382
f 368/368/368 382/382/382 369/369/369
f 369/369/369 382/382/382 383/383/383
f 369/369/369 383/383/383 370/370/370
f 370/370/370 383/383/383 384/384/384
f 370/370/370 384/384/384 371/371/371
f 371/371/371 384/384/384 385/385/385
f 371/371/371 385/385/385 372/372/372
f 372/372/372 385/385/385 386/386/386
f 372/372/372 386/386/386 373/373/373
f 373/373/373 386/386/386 387/387/387
f 373/373/373 387/387/387 374/374/374
f 374/374/374 387/387/387 388/388/388
f 374/374/374 388/388/388 375/375/375
f 375/375/375 388/388/388 389/389/389
f 375/375/375 389/389/389 376/376/376
f 376/376/376 389/389/389 390/390/390
f 376/376/376 390/390/390 377/377/377
f 378/378/378 391/391/391 392/392/392
f 378/378/378 392/392/392 379/379/379
f 379/379/379 392/392/392 393/393/393
f 379/379/379 393/393/393 380/380/380
f 380/380/380 393/393/393 394/394/394
f 380/380/380 394/394/394 381/381/381
f 381/381/381 394/394/394 395/395/395
f 381/381/381 395/395/395 382/382/382
f 382/382/382 395/395/395 396/396/396
f 382/382/382 396/396/396 383/383/383
f 383/383/383 396/396/396 397/397/397
f 383/383/383 397/397/397 384/384/384
f 384/384/384 397/397/397 398/398/398
f 384/384/384 398/398/398 385/385/385
f 385/385/385 398/398/398 399/399/399
f 385/385/385 399/399/399 386/386/386
f 386/386/386 399/399/399 400/400/400
f 386/386/386 400/400/400 387/387/387
f 387/387/387 400/400/400 401/401/401
f 387/387/387 401/401/401 388/388/388
f 388/388/388 401/401/401 402/402/402
f 388/388/388 402/402/402 389/389/389
f 389/389/389 402/402/402 403/403/403
f 389/389/389 403/403/403 390/390/390
f 391/391/391 404/404/404 405/405/405
f 391/391/391 405/405/405 392/392/392
f 392/392/392 405/405/405 406/406/406
f 392/392/392 406/406/406 393/393/393
f 393/393/393 406/406/406 407/407/407
f 393/393/393 407/407/407 394/394/394
f 394/394/394 407/407/407 408/408/408
f 394/394/394 408/408/408 395/395/395
f 395/395/395 408/408/408 409/409/409
f 395/395/395 409/409/409 396/396/396
f 396/396/396 409/409/409 410/410/410
f 396/396/396 410/410/410 397/397/397
f 397/397/397 410/410/410 411/411/411
f 397/397/397 411/411/411 398/398/398
f 398/398/398 411/411/411 412/412/412
f 398/398/398 412/412/412 399/399/399
f 399/399/399 412/412/412 413/413/413
f 399/399/399 413/413/413 400/400/400
f 400/400/400 413/413/413 414/414/414
f 400/400/400 414/414/414 401/401/401
f 401/401/401 414/414/414 415/415/415
f 401/401/401 415/415/415 402/402/402
f 402/402/402 415/415/415 416/416/416
f 402/402/402 416/416/416 403/403/403
f 404/404/404 417/417/417 418/418/418
f 404/404/404 418/418/418 405/405/405
f 405/405/405 418/418/418 419/419/419
f 405/405/405 419/419/419 406/406/406
f 406/406/406 419/419/419 420/420/420
f 406/406/406 420/420/420 407/407/407
f 407/407/407 420/420/420 421/421/421
f 407/407/407 421/421/421 408/408/408
f 408/408/408 421/421/421 422/422/422
f 408/408/408 422/422/422 409/409/409
f 409/409/409 422/422/422 423/423/423
f 409/409/409 423/423/423 410/410/410
f 410/410/410 423/423/423 424/424/424
f 410/410/410 424/424/424 411/411/411
f 411/411/411 424/424/424 425/425/425
f 411/411/411 425/425/425 412/412/412
f 412/412/412 425/425/425 426/426/426
f 412/412/412 426/426/426 413/413/413
f 413/413/413 426/426/426 427/427/427
f 413/413/413 427/427/427 414/414/414
f 414/414/414 427/427/427 428/428/428
f 414/414/414 428/428/428 415/415/415
f 415/415/415 428/428/428 429/429/429
f 415/415/415 429/429/429 416/416/416
f 417/417/417 430/430/430 431/431/431
f 417/417/417 431/431/431 418/418/418
f 418/418/418 431/431/431 432/432/432
f 418/418/418 432/432/432 419/419/419
f 419/419/419 432/432/432 433/433/433
f 419/419/419 433/433/433 420/420/420
f 420/420/420 433/433/433 434/434/434
f 420/420/420 434/434/434 421/421/421
f 421/421/421 434/434/434 435/435/435
f 421/421/421 435/435/435 422/422/422
f 422/422/422 435/435/435 436/436/436
f 422/422/422 436/436/436 423/423/423
f 423/423/423 436/436/436 437/437/437
f 423/423/423 437/437/437 424/424/424
f 424/424/424 437/437/437 438/438/438
f 424/424/424 438/438/438 425/425/425
f 425/425/425 438/438/438 439/439/439
f 425/425/425 439/439/439 426/426/426
f 426/426/426 439/439/439 440/440/440
f 426/426/426 440/440/440 427/427/427
f 427/427/427 440/440/440 441/441/441
f 427/427/427 441/441/441 428/428/428
f 428/428/428 441/441/441 442/442/442
f 428/428/428 442/442/442 429/429/429
f 430/430/430 443/443/443 444/444/444
f 430/430/430 444/444/444 431/431/431
f 431/431/431 444/444/444 445/445/445
f 431/431/431 445/445/445 432/432/432
f 432/432/432 445/445/445 446/446/446
f 432/432/432 446/446/446 433/433/433
f 433/433/433 446/446/446 447/447/447
f 433/433/433 447/447/447 434/434/434
f 434/434/434 447/447/447 448/448/448
f 434/434/434 448/448/448 435/435/435
f 435/435/435 448/448/448 449/449/449
f 435/435/435 449/449/449 436/436/436
f 436/436/436 449/449/449 450/450/450
f 436/436/436 450/450/450 437/437/437
f 437/437/437 450/450/450 451/451/451
f 437/437/437 451/451/451 438/438/438
f 438/438/438 451/451/451 452/452/452
f 438/438/438 452/452/452 439/439/439
f 439/439/439 452/452/452 453/453/453
f 439/439/439 453/453/453 440/440/440
f 440/440/440 453/453/453 454/454/454
f 440/440/440 454/454/454 441/441/441
f 441/441/441 454/454/454 455/455/455
f 441/441/441 455/455/455 442/442/442
f 443/443/443 456/456/456 457/457/457
f 443/443/443 457/457/457 444/444/444
f 444/444/444 457/457/457 458/458/458
f 444/444/444 458/458/458 445/445/445
f 445/445/445 458/458/458 459/459/459
f 445/445/445 459/459/459 446/446/446
f 446/446/446 459/459/459 460/460/460
f 446/446/446 460/460/460 447/447/447
f 447/447/447 460/460/460 461/461/461
f 447/447/447 461/461/461 448/448/448
f 448/448/448 461/461/461 462/462/462
f 448/448/448 462/462/462 449/449/449
f 449/449/449 462/462/462 463/463/463
f 449/449/449 463/463/463 450/450/450
f 450/450/450 463/463/463 464/464/464
f 450/450/450 464/464/464 451/451/451
f 451/451/451 464/464/464 465/465/465
f 451/451/451 465/465/465 452/452/452
f 452/452/452 465/465/465 466/466/466
f 452/452/452 466/466/466 453/453/453
f 453/453/453 466/466/466 467/467/467
f 453/453/453 467/467/467 454/454/454
f 454/454/454 467/467/467 468/468/468
f 454/454/454 468/468/468 455/455/455
f 456/456/456 469/469/469 470/470/470
f 456/456/456 470/470/470 457/457/457
f 457/457/457 470/470/470 471/471/471
f 457/457/457 471/471/471 458/458/458
f 458/458/458 471/471/471 472/472/472
f 458/458/458 472/472/472 459/459/459
f 459/459/459 472/472/472 473/473/473
f 459/459/459 473/473/473 460/460/460
f 460/460/460 473/473/473 474/474/474
f 460/460/460 474/474/474 461/461/461
f 461/461/461 474/474/474 475/475/475
f 461/461/461 475/475/475 462/462/462
f 462/462/462 475/475/475 476/476/476
f 462/462/462 476/476/476 463/463/463
f 463/463/463 476/476/476 477/477/477
f 463/463/463 477/477/477 464/464/464
f 464/464/464 477/477/477 478/478/478
f 464/464/464 478/478/478 465/465/465
f 465/465/465 478/478/478 479/479/479
f 465/465/465 479/479/479 466/466/466
f 466/466/466 479/479/479 480/480/480
f 466/466/466 480/480/480 467/467/467
f 467/467/467 480/480/480 481/481/481
f 467/467/467 481/481/481 468/468/468
f 469/469/469 482/482/482 483/483/483
f 469/469/469 483/483/483 470/470/470
f 470/470/470 483/483/483 484/484/484
f 470/470/470 484/484/484 471/471/471
f 471/471/471 484/484/484 485/485/485
f 471/471/471 485/485/485 472/472/472
f 472/472/472 485/485/485 486/486/486
f 472/472/472 486/486/486 473/473/473
f 473/473/473 486/486/486 487/487/487
f 473/473/473 487/487/487 474/474/474
f 474/474/474 487/487/487 488/488/488
f 474/474/474 488/488/488 475/475/475
f 475/475/475 488/488/488 489/489/489
f 475/475/475 489/489/489 476/476/476
f 476/476/476 489/489/489 490/490/490
f 476/476/476 490/490/490 477/477/477
f 477/477/477 490/490/490 491/491/491
f 477/477/477 491/491/491 478/478/478
f 478/478/478 491/491/491 492/492/492
f 478/478/478 492/492/492 479/479/479
f 479/479/479 492/492/492 493/493/493
f 479/479/479 493/493/493 480/480/480
f 480/480/480 493/493/493 494/494/494
f 480/480/480 494/494/494 481/481/481
f 482/482/482 495/495/495 496/496/496
f 482/482/482 496/496/496 483/483/483
f 483/483/483 496/496/496 497/497/497
f 483/483/483 497/497/497 484/484/484
f 484/484/484 497/497/497 498/498/498
f 484/484/484 498/498/498 485/485/485
f 485/485/485 498/498/498 499/499/499
f 485/485/485 499/499/499 486/486/486
f 486/486/486 499/499/499 500/500/500
f 486/486/486 500/500/500 487/487/487
f 487/487/487 500/500/500 501/501/501
f 487/487/487 501/501/501 488/488/488
f 488/488/488 501/501/501 502/502/502
f 488/488/488 502/502/502 489/489/489
f 489/489/489 502/502/502 503/503/503
f 489/489/489 503/503/503 490/490/490
f 490/490/490 503/503/503 504/504/504
f 490/490/490 504/504/504 491/491/491
f 491/491/491 504/504/504 505/505/505
f 491/491/491 505/505/505 492/492/492
f 492/492/492 505/505/505 506/506/506
f 492/492/492 506/506/506 493/493/493
f 493/493/493 506/506/506 507/507/507
f 493/493/493 507/507/507 494/494/494
f 495/495/495 508/508/508 509/509/509
f 495/495/495 509/509/509 496/496/496
f 496/496/496 509/509/509 510/510/510
f 496/496/496 510/510/510 497/497/497
f 497/497/497 510/510/510 511/511/511
f 497/497/497 511/511/511 498/498/498
f 498/498/498 511/511/511 512/512/512
f 498/498/498 512/512/512 499/499/499
f 499/499/499 512/512/512 513/513/513
f 499/499/499 513/513/513 500/500/500
f 500/500/500 513/513/513 514/514/514
f 500/500/500 514/514/514 501/501/501
f 501/501/501 514/514/514 515/515/515
f 501/501/501 515/515/515 502/502/502
f 502/502/502 515/515/515 516/516/516
f 502/502/502 516/516/516 503/503/503
f 503/503/503 516/516/516 517/517/517
f 503/503/503 517/517/517 504/504/504
f 504/504/504 517/517/517 518/518/518
f 504/504/504 518/518/518 505/505/505
f 505/505/505 518/518/518 519/519/519
f 505/505/505 519/519/519 506/506/506
f 506/506/506 519/519/519 520/520/520
f 506/506/506 520/520/520 507/507/507
f 508/508/508 521/521/521 522/522/522
f 508/508/508 522/522/522 509/509/509
f 509/509/509 522/522/522 523/523/523
f 509/509/509 523/523/523 510/510/510
f 510/510/510 523/523/523 524/524/524
f 510/510/510 524/524/524 511/511/511
f 511/511/511 524/524/524 525/525/525
f 511/511/511 525/525/525 512/512/512
f 512/512/512 525/525/525 526/526/526
f 512/512/512 526/526/526 513/513/513
f 513/513/513 526/526/526 527/527/527
f 513/513/513 527/527/527 514/514/514
f 514/514/514 527/527/527 528/528/528
f 514/514/514 528/528/528 515/515/515
f 515/515/515 528/528/528 529/529/529
f 515/515/515 529/529/529 516/516/516
f 516/516/516 529/529/529 530/530/530
f 516/516/516 530/530/530 517/517/517
f 517/517/517 530/530/530 531/531/531
f 517/517/517 531/531/531 518/518/518
f 518/518/518 531/531/531 532/532/532
f 518/518/518 532/532/532 519/519/519
f 519/519/519 532/532/532 533/533/533
f 519/519/519 533/533/533 520/520/520
f 521/521/521 534/534/534 535/535/535
f 521/521/521 535/535/535 522/522/522
f 522/522/522 535/535/535 536/536/536
f 522/522/522 536/536/536 523/523/523
f 523/523/523 536/536/536 537/537/537
f 523/523/523 537/537/537 524/524/524
f 524/524/524 537/537/537 538/538/538
f 524/524/524 538/538/538 525/525/525
f 525/525/525 538/538/538 539/539/539
f 525/525/525 539/539/539 526/526/526
f 526/526/526 539/539/539 540/540/540
f 526/526/526 540/540/540 527/527/527
f 527/527/527 540/540/540 541/541/541
f 527/527/527 541/541/541 528/528/528
f 528/528/528 541/541/541 542/542/542
f 528/528/528 542/542/542 529/529/529
f 529/529/529 542/542/542 543/543/543
f 529/529/529 543/543/543 530/530/530
f 530/530/530 543/543/543 544/544/544
f 530/530/530 544/544/544 531/531/531
f 531/531/531 544/544/544 545/545/545
f 531/531/531 545/545/545 532/532/532
f 532/532/532 545/545/545 546/546/546
f 532/532/532 546/546/546 533/533/533
f 534/534/534 547/547/547 548/548/548
f 534/534/534 548/548/548 535/535/535
f 535/535/535 548/548/548 549/549/549
f 535/535/535 549/549/549 536/536/536
f 536/536/536 549/549/549 550/550/550
f 536/536/536 550/550/550 537/537/537
f 537/537/537 550/550/550 551/551/551
f 537/537/537 551/551/551 538/538/538
f 538/538/538 551/551/551 552/552/552
f 538/538/538 552/552/552 539/539/539
f 539/539/539 552/552/552 553/553/553
f 539/539/539 553/553/553 540/540/540
f 540/540/540 553/553/553 554/554/554
f 540/540/540 554/554/554 541/541/541
f 541/541/541 554/554/554 555/555/555
f 541/541/541 555/555/555 542/542/542
f 542/542/542 555/555/555 556/556/556
f 542/542/542 556/556/556 543/543/543
f 543/543/543 556/556/556 557/557/557
f 543/543/543 557/557/557 544/544/544
f 544/544/544 557/557/557 558/558/558
f 544/544/544 558/558/558 545/545/545
f 545/545/545 558/558/558 559/559/559
f 545/545/545 559/559/559 546/546/546
f 547/547/547 560/560/560 561/561/561
f 547/547/547 561/561/561 548/548/548
f 548/548/548 561/561/561 562/562/562
f 548/548/548 562/562/562 549/549/549
f 549/549/549 562/562/562 563/563/563
f 549/549/549 563/563/563 550/550/550
f 550/550/550 563/563/563 564/564/564
f 550/550/550 564/564/564 551/551/551
f 551/551/551 564/564/564 565/565/565
f 551/551/551 565/565/565 552/552/552
f 552/552/552 565/565/565 566/566/566
f 552/552/552 566/566/566 553/553/553
f 553/553/553 566/566/566 567/567/567
f 553/553/553 567/567/567 554/554/554
f 554/554/554 567/567/567 568/568/568
f 554/554/554 568/568/568 555/555/555
f 555/555/555 568/568/568 569/569/569
f 555/555/555 569/569/569 556/556/556
f 556/556/556 569/569/569 570/570/570
f 556/556/556 570/570/570 557/557/557
f 557/557/557 570/570/570 571/571/571
f 557/557/557 571/571/571 558/558/558
f 558/558/558 571/571/571 572/572/572
f 558/558/558 572/572/572 559/559/559
f 560/560/560 573/573/573 574/574/574
f 560/560/560 574/574/574 561/561/561
f 561/561/561 574/574/574 575/575/575
f 561/561/561 575/575/575 562/562/562
f 562/562/562 575/575/575 576/576/576
f 562/562/562 576/576/576 563/563/563
f 563/563/563 576/576/576 577/577/577
f 563/563/563 577/577/577 564/564/564
f 564/564/564 577/577/577 578/578/578
f 564/564/564 578/578/578 565/565/565
f 565/565/565 578/578/578 579/579/579
f 565/565/565 579/579/579 566/566/566
f 566/566/566 579/579/579 580/580/580
f 566/566/566 580/580/580 567/567/567
f 567/567/567 580/580/580 581/581/581
f 567/567/567 581/581/581 568/568/568
f 568/568/568 581/581/581 582/582/582
f 568/568/568 582/582/582 569/569/569
f 569/569/569 582/582/582 583/583/583
f 569/569/569 583/583/583 570/570/570
f 570/570/570 583/583/583 584/584/584
f 570/570/570 584/584/584 571/571/571
f 571/571/571 584/584/584 585/585/585
f 571/571/571 585/585/585 572/572/572
f 573/573/573 586/586/586 587/587/587
f 573/573/573 587/587/587 574/574/574
f 574/574/574 587/587/587 588/588/588
f 574/574/574 588/588/588 575/575/575
f 575/575/575 588/588/588 589/589/589
f 575/575/575 589/589/589 576/576/576
f 576/576/576 589/589/589 590/590/590
f 576/576/576 590/590/590 577/577/577
f 577/577/577 590/590/590 591/591/591
f 577/577/577 591/591/591 578/578/578
f 578/578/578 591/591/591 592/592/592
f 578/578/578 592/592/592 579/579/579
f 579/579/579 592/592/592 593/593/593
f 579/579/579 593/593/593 580/580/580
f 580/580/580 593/593/593 594/594/594
f 580/580/580 594/594/594 581/581/581
f 581/581/581 594/594/594 595/595/595
f 581/581/581 595/595/595 582/582/582
f 582/582/582 595/595/595 596/596/596
f 582/582/582 596/596/596 583/583/583
f 583/583/583 596/596/596 597/597/597
f 583/583/583 597/597/597 584/584/584
f 584/584/584 597/597/597 598/598/598
f 584/584/584 598/598/598 585/585/585
f 586/586/586 599/599/599 600/600/600
f 586/586/586 600/600/600 587/587/587
f 587/587/587 600/600/600 601/601/601
f 587/587/587 601/601/601 588/588/588
f 588/588/588 601/601/601 602/602/602
f 588/588/588 602/602/602 589/589/589
f 589/589/589 602/602/602 603/603/603
f 589/589/589 603/603/603 590/590/590
f 590/590/590 603/603/603 604/604/604
f 590/590/590 604/604/604 591/591/591
f 591/591/591 604/604/604 605/605/605
f 591/591/591 605/605/605 592/592/592
f 592/592/592 605/605/605 606/606/606
f 592/592/592 606/606/606 593/593/593
f 593/593/593 606/606/606 607/607/607
f 593/593/593 607/607/607 594/594/594
f 594/594/594 607/607/607 608/608/608
f 594/594/594 608/608/608 595/595/595
f 595/595/595 608/608/608 609/609/609
f 595/595/595 609/609/609 596/596/596
f 596/596/596 609/609/609 610/610/610
f 596/596/596 610/610/610 597/597/597
f 597/597/597 610/610/610 611/611/611
f 597/597/597 611/611/611 598/598/598
f 599/599/599 612/612/612 613/613/613
f 599/599/599 613/613/613 600/600/600
f 600/600/600 613/613/613 614/614/614
f 600/600/600 614/614/614 601/601/601
f 601/601/601 614/614/614 615/615/615
f 601/601/601 615/615/615 602/602/602
f 602/602/602 615/615/615 616/616/616
f 602/602/602 616/616/616 603/603/603
f 603/603/603 616/616/616 617/617/617
f 603/603/603 617/617/617 604/604/604
f 604/604/604 617/617/617 618/618/618
f 604/604/604 618/618/618 605/605/605
f 605/605/605 618/618/618 619/619/619
f 605/605/605 619/619/619 606/606/606
f 606/606/606 619/619/619 620/620/620
f 606/606/606 620/620/620 607/607/607
f 607/607/607 620/620/620 621/621/621
f 607/607/607 621/621/621 608/608/608
f 608/608/608 621/621/621 622/622/622
f 608/608/608 622/622/622 609/609/609
f 609/609/609 622/622/622 623/623/623
f 609/609/609 623/623/623 610/610/610
f 610/610/610 623/623/623 624/624/624
f 610/610/610 624/624/624 611/611/611
f 612/612/612 625/625/625 626/626/626
f 612/612/612 626/626/626 613/613/613
f 613/613/613 626/626/626 627/627/627
f 613/613/613 627/627/627 614/614/614
f 614/614/614 627/627/627 628/628/628
f 614/614/614 628/628/628 615/615/615
f 615/615/615 628/628/628 629/629/629
f 615/615/615 629/629/629 616/616/616
f 616/616/616 629/629/629 630/630/630
f 616/616/616 630/630/630 617/617/617
f 617/617/617 630/630/630 631/631/631
f 617/617/617 631/631/631 618/618/618
f 618/618/618 631/631/631 632/632/632
f 618/618/618 632/632/632 619/619/619
f 619/619/619 632/632/632 633/633/633
f 619/619/619 633/633/633 620/620/620
f 620/620/620 633/633/633 634/634/634
f 620/620/620 634/634/634 621/621/621
f 621/621/621 634/634/634 635/635/635
f 621/621/621 635/635/635 622/622/622
f 622/622/622 635/635/635 636/636/636
f 622/622/622 636/636/636 623/623/623
f 623/623/623 636/636/636 637/637/637
f 623/623/623 637/637/637 624/624/624
f 625/625/625 638/638/638 639/639/639
f 625/625/625 639/639/639 626/626/626
f 626/626/626 639/639/639 640/640/640
f 626/626/626 640/640/640 627/627/627
f 627/627/627 640/640/640 641/641/641
f 627/627/627 641/641/641 628/628/628
f 628/628/628 641/641/641 642/642/642
f 628/628/628 642/642/642 629/629/629
f 629/629/629 642/642/642 643/643/643
f 629/629/629 643/643/643 630/630/630
f 630/630/630 643/643/643 644/644/644
f 630/630/630 644/644/644 631/631/631
f 631/631/631 644/644/644 645/645/645
f 631/631/631 645/645/645 632/632/632
f 632/632/632 645/645/645 646/646/646
f 632/632/632 646/646/646 633/633/633
f 633/633/633 646/646/646 647/647/647
f 633/633/633 647/647/647 634/634/634
f 634/634/634 647/647/647 648/648/648
f 634/634/634 648/648/648 635/635/635
f 635/635/635 648/648/648 649/649/649
f 635/635/635 649/649/649 636/636/636
f 636/636/636 649/649/649 650/650/650
f 636/636/636 650/650/650 637/637/637
f 638/638/638 651/651/651 652/652/652
f 638/638/638 652/652/652 639/639/639
f 639/639/639 652/652/652 653/653/653
f 639/639/639 653/653/653 640/640/640
f 640/640/640 653/653/653 654/654/654
f 640/640/640 654/654/654 641/641/641
f 641/641/641 654/654/654 655/655/655
f 641/641/641 655/655/655 642/642/642
f 642/642/642 655/655/655 656/656/656
f 642/642/642 656/656/656 643/643/643
f 643/643/643 656/656/656 657/657/657
f 643/643/643 657/657/657 644/644/644
f 644/644/644 657/657/657 658/658/658
f 644/644/644 658/658/658 645/645/645
f 645/645/645 658/658/658 659/659/659
f 645/645/645 659/659/659 646/646/646
f 646/646/646 659/659/659 660/660/660
f 646/646/646 660/660/660 647/647/647
f 647/647/647 660/660/660 661/661/661
f 647/647/647 661/661/661 648/648/648
f 648/648/648 661/661/661 662/662/662
f 648/648/648 662/662/662 649/649/649
f 649/649/649 662/662/662 663/663/663
f 649/649/649 663/663/663 650/650/650
