# Generated sky cornice; visual geometry only.
s 1
v 95.089036 -5.776841 21.014945
v 95.056021 -3.52023 21.195074
v 95.003477 0.174156 21.481757
v 94.978832 4.568274 21.616219
v 95.029517 8.894321 21.339684
v 95.1732 12.987346 20.555745
v 95.382913 17.050218 19.411548
v 95.639126 20.839442 18.013649
v 95.922308 24.107619 16.468603
v 96.24455 26.682502 14.710448
v 96.610502 28.501954 12.713812
v 96.989473 29.50121 10.64614
v 97.350775 29.640844 8.674874
v 97.708124 28.774653 6.725173
v 98.070588 26.902636 4.747565
v 98.400502 24.251839 2.947549
v 98.660202 21.081882 1.530623
v 98.84341 17.507907 0.531036
v 98.968959 13.5307 -0.153959
v 99.036849 9.274247 -0.524365
v 99.047078 4.874036 -0.580179
v 98.994766 0.360822 -0.294764
v 98.88154 -4.094772 0.323001
v 98.717164 -8.154015 1.219838
v 98.511404 -11.497731 2.342469
v 98.244264 -13.912245 3.799988
v 97.918069 -15.494314 5.579708
v 97.576065 -16.760577 7.445688
v 97.261495 -18.155788 9.161982
v 96.969013 -19.659314 10.757769
v 96.681181 -21.188629 12.328185
v 96.423108 -22.85205 13.736232
v 96.219905 -24.757892 14.84491
v 96.086219 -27.233681 15.574303
v 96.006007 -30.122102 16.01194
v 95.958345 -32.804207 16.271984
v 95.922308 -34.661049 16.468603
v 87.332534 -6.057786 19.950051
v 87.296481 -3.660885 20.138701
v 87.2391 0.303017 20.438946
v 87.212187 5.054728 20.579769
v 87.267537 9.780693 20.290152
v 87.424444 14.296856 19.469126
v 87.653457 18.802848 18.270801
v 87.93325 23.028975 16.806772
v 88.242495 26.701036 15.188634
v 88.594394 29.624083 13.347306
v 88.994025 31.719922 11.256215
v 89.407874 32.909649 9.090727
v 89.802428 33.143627 7.026207
v 90.192665 32.263423 4.984271
v 90.588488 30.267389 2.913108
v 90.948765 27.395545 1.027938
v 91.232366 23.925522 -0.456019
v 91.432436 19.986594 -1.502893
v 91.569539 15.590762 -2.220294
v 91.643677 10.881209 -2.608222
v 91.654848 6.014404 -2.666677
v 91.597722 1.037368 -2.36776
v 91.474075 -3.856693 -1.72077
v 91.294571 -8.299603 -0.781507
v 91.069873 -11.945775 0.394234
v 90.778147 -14.562966 1.920703
v 90.421932 -16.247847 3.784617
v 90.048452 -17.575692 5.73887
v 89.704932 -19.038756 7.536358
v 89.385532 -20.615403 9.207637
v 89.071209 -22.219094 10.852345
v 88.789385 -23.963411 12.327002
v 88.567481 -25.96194 13.488129
v 88.421491 -28.558134 14.252028
v 88.333897 -31.587027 14.710367
v 88.281848 -34.39957 14.982714
v 88.242495 -36.346716 15.188634
v 79.591031 -6.221212 18.792345
v 79.552534 -3.735411 18.985839
v 79.491264 0.406723 19.293794
v 79.462526 5.400808 19.438233
v 79.521628 10.404663 19.141179
v 79.689172 15.220474 18.299072
v 79.933711 20.042859 17.069976
v 80.232472 24.583458 15.568354
v 80.562681 28.548949 13.908666
v 80.938436 31.727758 12.020055
v 81.36516 34.02924 9.87527
v 81.807065 35.363644 7.654177
v 82.228367 35.673408 5.536644
v 82.645059 34.791764 3.442276
v 83.067716 32.715716 1.317929
v 83.452418 29.693288 -0.615648
v 83.755245 26.013877 -2.13771
v 83.968878 21.817012 -3.211465
v 84.115276 17.123889 -3.947287
v 84.194439 12.092003 -4.345176
v 84.206368 6.893462 -4.405132
v 84.145369 1.588275 -4.09854
v 84.013339 -3.6138 -3.434937
v 83.821666 -8.324366 -2.471555
v 83.581736 -12.17987 -1.265624
v 83.270233 -14.935315 0.300042
v 82.889869 -16.686181 2.211817
v 82.49107 -18.049848 4.216252
v 82.124261 -19.552382 6.059895
v 81.783208 -21.171564 7.774088
v 81.447577 -22.818519 9.461029
v 81.146647 -24.609895 10.973552
v 80.909699 -26.662339 12.164494
v 80.753812 -29.328573 12.948009
v 80.66028 -32.439179 13.418117
v 80.604703 -35.327599 13.697457
v 80.562681 -37.327275 13.908666
v 71.89752 -6.076644 17.392843
v 71.85848 -3.635775 17.581601
v 71.796346 0.447852 17.882019
v 71.767204 5.386339 18.022923
v 71.827138 10.353544 17.733139
v 71.997045 15.151589 16.911643
v 72.245031 19.965068 15.712631
v 72.548004 24.506287 14.247762
v 72.882868 28.482537 12.628697
v 73.26392 31.681143 10.786312
v 73.696659 34.008086 8.694022
v 74.144795 35.371088 6.527292
v 74.572035 35.710438 4.461588
v 74.994602 34.861092 2.418482
v 75.423217 32.819433 0.346131
v 75.813342 29.828533 -1.54012
v 76.120439 26.173325 -3.024928
v 76.337083 21.993683 -4.072402
v 76.485545 17.315003 -4.790214
v 76.565825 12.296654 -5.178365
v 76.577921 7.112792 -5.236853
v 76.516062 1.828235 -4.937765
v 76.382172 -3.346131 -4.290404
v 76.187796 -8.025486 -3.350602
v 75.944484 -11.850148 -2.174187
v 75.62859 -14.577379 -0.646842
v 75.242863 -16.298428 1.21814
v 74.838442 -17.630407 3.173514
v 74.466462 -19.098025 4.972033
v 74.120601 -20.67958 6.644269
v 73.780238 -22.288263 8.28992
v 73.475066 -24.038011 9.765423
v 73.234778 -26.042761 10.927216
v 73.076693 -28.647037 11.691553
v 72.981842 -31.685359 12.150155
v 72.925482 -34.506658 12.422658
v 72.882868 -36.459865 12.628697
v 64.225877 -5.812271 15.89982
v 64.187161 -3.477956 16.080137
v 64.125542 0.426946 16.36712
v 64.096641 5.148878 16.501723
v 64.156079 9.897739 16.224899
v 64.324576 14.484393 15.44014
v 64.570506 19.085555 14.294748
v 64.870967 23.42622 12.895388
v 65.203054 27.226585 11.348728
v 65.580947 30.283398 9.588735
v 66.010098 32.506885 7.590013
v 66.454518 33.808912 5.52018
v 66.878216 34.132464 3.546855
v 67.297279 33.319739 1.595116
v 67.72234 31.367295 -0.384558
v 68.10923 28.507605 -2.186456
v 68.41378 25.013145 -3.604863
v 68.628628 21.017601 -4.605493
v 68.775859 16.545133 -5.291205
v 68.855473 11.748021 -5.661997
v 68.86747 6.792672 -5.71787
v 68.806124 1.740913 -5.432157
v 68.673343 -3.205716 -4.813747
v 68.480579 -7.67929 -3.915972
v 68.239284 -11.335904 -2.792167
v 67.926009 -13.943475 -1.333126
v 67.543482 -15.589342 0.448454
v 67.142414 -16.863372 2.316383
v 66.773518 -18.267139 4.034472
v 66.430524 -19.779886 5.631925
v 66.092984 -21.318581 7.203983
v 65.790342 -22.992204 8.613501
v 65.552046 -24.909735 9.723338
v 65.395273 -27.400708 10.453493
v 65.301208 -30.306844 10.891587
v 65.245315 -33.005399 11.151903
v 65.203054 -34.873629 11.348728
v 56.575582 -5.443404 14.325607
v 56.538035 -3.269782 14.494265
v 56.478278 0.350386 14.762694
v 56.45025 4.713528 14.888594
v 56.507892 9.083139 14.629667
v 56.6713 13.286641 13.895646
v 56.909801 17.494919 12.824308
v 57.201185 21.456317 11.515422
v 57.523241 24.91486 10.068759
v 57.889718 27.686079 8.422556
v 58.305906 29.691256 6.553059
v 58.7369 30.852361 4.617048
v 59.147799 31.119407 2.771305
v 59.554203 30.34671 0.945754
v 59.966424 28.531723 -0.905927
v 60.341627 25.891373 -2.591325
v 60.636977 22.678629 -3.918027
v 60.845335 19.015189 -4.853963
v 60.988119 14.919086 -5.495341
v 61.065327 10.527526 -5.84216
v 61.076962 5.990444 -5.894421
v 61.017468 1.359673 -5.62718
v 60.888699 -3.181906 -5.048752
v 60.701758 -7.295046 -4.209022
v 60.467752 -10.662142 -3.157876
v 60.163941 -13.069202 -1.793166
v 59.792968 -14.599986 -0.126772
v 59.404016 -15.793161 1.620389
v 59.046264 -17.10784 3.227396
v 58.713632 -18.524583 4.721569
v 58.386287 -19.965627 6.191987
v 58.092788 -21.533036 7.510374
v 57.861691 -23.328873 8.548456
v 57.709653 -25.661761 9.231405
v 57.61843 -28.383462 9.641174
v 57.564225 -30.910757 9.88466
v 57.523241 -32.660422 10.068759
v 48.943409 -4.998351 12.692625
v 48.90775 -3.023852 12.847297
v 48.850997 0.237361 13.093465
v 48.824378 4.142922 13.208925
v 48.879122 8.022439 12.97147
v 49.034315 11.725213 12.29832
v 49.260827 15.417338 11.315826
v 49.537562 18.877798 10.115484
v 49.843427 21.881899 8.78879
v 50.191481 24.270294 7.279104
v 50.586746 25.979834 5.564641
v 50.996073 26.946572 3.78918
v 51.386315 27.130422 2.096501
v 51.772289 26.401198 0.42234
v 52.163786 24.757715 -1.275785
v 52.520127 22.397812 -2.821416
v 52.800629 19.549999 -4.038096
v 52.998513 16.320044 -4.896417
v 53.134118 12.716674 -5.484607
v 53.207446 8.856648 -5.802665
v 53.218495 4.867555 -5.850591
v 53.161993 0.786639 -5.605512
v 53.039697 -3.228185 -5.075053
v 52.862154 -6.874495 -4.30496
v 52.639912 -9.868288 -3.340983
v 52.351374 -12.018798 -2.089447
v 51.999051 -13.406293 -0.561243
v 51.629652 -14.501913 1.041028
v 51.289885 -15.709105 2.514769
v 50.973975 -17.010015 3.885033
v 50.663087 -18.333239 5.233512
v 50.384342 -19.772496 6.442568
v 50.164862 -21.421506 7.394563
v 50.020468 -23.563657 8.020876
v 49.933831 -26.062833 8.396664
v 49.882351 -28.383496 8.619958
v 49.843427 -29.990109 8.78879
v 41.323576 -4.515535 11.031072
v 41.290293 -2.757518 11.170625
v 41.237322 0.112917 11.392732
v 41.212477 3.519884 11.496905
v 41.263573 6.864844 11.282661
v 41.408424 10.020998 10.675309
v 41.619839 13.149445 9.78885
v 41.878132 16.062625 8.705836
v 42.163614 18.570004 7.508821
v 42.488472 20.539703 6.146701
v 42.857395 21.925667 4.599819
v 43.239444 22.679391 2.997903
v 43.603679 22.771656 1.470677
v 43.96393 22.089167 -0.039842
v 44.329337 20.632241 -1.571982
v 44.66193 18.57798 -2.966534
v 44.923739 16.128279 -4.064289
v 45.108435 13.371496 -4.838713
v 45.235003 10.306089 -5.369409
v 45.303444 7.026435 -5.656378
v 45.313757 3.635666 -5.69962
v 45.26102 0.154972 -5.478496
v 45.146874 -3.285032 -4.999887
v 44.981163 -6.422072 -4.305068
v 44.773732 -9.008762 -3.435316
v 44.504423 -10.879657 -2.306112
v 44.17558 -12.111311 -0.927284
v 43.830799 -13.1011 0.518372
v 43.513675 -14.191683 1.848061
v 43.218818 -15.366931 3.084386
v 42.928649 -16.562339 4.301057
v 42.668481 -17.862571 5.391933
v 42.463628 -19.352295 6.250874
v 42.328856 -21.287524 6.815968
v 42.247993 -23.545292 7.155024
v 42.199944 -25.64179 7.356492
v 42.163614 -27.093212 7.508821
v 33.708208 -4.039487 9.375752
v 33.677478 -2.492556 9.500434
v 33.628571 -0.000471 9.698871
v 33.605632 2.926021 9.791944
v 33.652808 5.758576 9.600531
v 33.786546 8.393102 9.057901
v 33.981743 10.984763 8.265908
v 34.22022 13.377873 7.298306
v 34.483801 15.414437 6.228852
v 34.783737 16.988554 5.011887
v 35.124357 18.070012 3.62985
v 35.477096 18.62468 2.198642
v 35.813388 18.633414 0.834166
v 36.146002 17.999181 -0.515383
v 36.483376 16.723646 -1.88425
v 36.790453 14.963617 -3.13019
v 37.032177 12.895163 -4.110962
v 37.202703 10.590135 -4.802859
v 37.319562 8.037733 -5.277001
v 37.382752 5.311282 -5.533389
v 37.392273 2.490912 -5.572023
v 37.343583 -0.416871 -5.374464
v 37.238194 -3.307265 -4.946858
v 37.085196 -5.95658 -4.326083
v 36.893678 -8.152689 -3.549016
v 36.64503 -9.754483 -2.540147
v 36.341415 -10.834482 -1.308255
v 36.023084 -11.719923 -0.016656
v 35.730289 -12.695531 1.171334
v 35.458052 -13.74688 2.27591
v 35.190144 -14.816262 3.362925
v 34.949935 -15.979418 4.337551
v 34.760798 -17.312088 5.104959
v 34.636366 -19.043297 5.609833
v 34.561706 -21.063041 5.912757
v 34.517343 -22.938517 6.092756
v 34.483801 -24.236924 6.228852
v 26.088085 -3.616168 7.762405
v 26.05972 -2.253875 7.873878
v 26.014577 -0.089215 8.051293
v 25.993403 2.424464 8.134506
v 26.036949 4.820393 7.963371
v 26.160394 7.013562 7.478227
v 26.340568 9.152539 6.770136
v 26.560692 11.10854 5.905041
v 26.803987 12.751025 4.948883
v 27.08084 13.995752 3.860842
v 27.395246 14.825292 2.625216
v 27.720838 15.217194 1.345629
v 28.031248 15.160439 0.125703
v 28.338264 14.571936 -1.080877
v 28.649673 13.454392 -2.304727
v 28.933118 11.946757 -3.418674
v 29.156238 10.202677 -4.295545
v 29.313641 8.280181 -4.914143
v 29.421505 6.161355 -5.338055
v 29.479832 3.902132 -5.567282
v 29.488621 1.563627 -5.601823
v 29.443678 -0.859227 -5.425193
v 29.3464 -3.28315 -5.042887
v 29.205177 -5.517457 -4.487875
v 29.028398 -7.380284 -3.79313
v 28.798886 -8.751341 -2.891139
v 28.518637 -9.699079 -1.789752
v 28.224806 -10.49173 -0.634984
v 27.954545 -11.365099 0.427152
v 27.70326 -12.306271 1.414711
v 27.45597 -13.263587 2.386569
v 27.234248 -14.304849 3.257944
v 27.059667 -15.497862 3.944054
v 26.944811 -17.047648 4.395442
v 26.875897 -18.855732 4.666275
v 26.834948 -20.534667 4.827205
v 26.803987 -21.697007 4.948883
v 18.453589 -3.288104 6.223918
v 18.42702 -2.066986 6.325148
v 18.384735 -0.150436 6.486262
v 18.364902 2.052352 6.561828
v 18.40569 4.121797 6.406418
v 18.521321 5.986985 5.965851
v 18.69009 7.790547 5.322823
v 18.89628 9.423651 4.537216
v 19.124174 10.776102 3.668914
v 19.383501 11.779549 2.680847
v 19.678005 12.425648 1.558755
v 19.982986 12.700312 0.396742
v 20.273747 12.598297 -0.711091
v 20.561327 12.046999 -1.806806
v 20.853024 11.049825 -2.918204
v 21.118526 9.73201 -3.929797
v 21.327523 8.230157 -4.726097
v 21.474961 6.592121 -5.287855
v 21.575998 4.795178 -5.672817
v 21.630633 2.882603 -5.880981
v 21.638865 0.901684 -5.912348
v 21.596767 -1.160693 -5.751948
v 21.505647 -3.237026 -5.404769
v 21.373363 -5.161398 -4.900755
v 21.207775 -6.774713 -4.269846
v 20.992792 -7.972303 -3.450734
v 20.730283 -8.819165 -2.450547
v 20.455052 -9.539905 -1.401883
v 20.201899 -10.334041 -0.437341
v 19.966521 -11.189829 0.459477
v 19.734885 -12.060296 1.342036
v 19.527198 -13.007093 2.133346
v 19.363668 -14.091874 2.756413
v 19.256083 -15.501062 3.166326
v 19.191532 -17.145114 3.412273
v 19.153175 -18.671733 3.558416
v 19.124174 -19.728624 3.668914
v 10.795759 -3.089865 4.786834
v 10.770061 -1.954516 4.88184
v 10.729161 -0.189247 5.033046
v 10.709979 1.823506 5.103966
v 10.74943 3.692807 4.958112
v 10.861271 5.356422 4.544637
v 11.024507 6.953597 3.94115
v 11.223937 8.38777 3.203853
v 11.44436 9.561265 2.388945
v 11.695187 10.415548 1.461637
v 11.980035 10.947963 0.408546
v 12.275019 11.149642 -0.682011
v 12.556248 11.018956 -1.721721
v 12.834401 10.489716 -2.750057
v 13.116536 9.565775 -3.793111
v 13.373334 8.364053 -4.742499
v 13.575479 7.010774 -5.489832
v 13.718084 5.547513 -6.017046
v 13.815809 3.948473 -6.378335
v 13.868653 2.249082 -6.573699
v 13.876615 0.488055 -6.603137
v 13.835897 -1.352808 -6.4526
v 13.747764 -3.215756 -6.126771
v 13.619817 -4.950031 -5.65375
v 13.459657 -6.410464 -5.061637
v 13.251721 -7.501945 -4.292895
v 12.997818 -8.28746 -3.354212
v 12.73161 -8.964748 -2.370034
v 12.486755 -9.711005 -1.464804
v 12.259093 -10.515198 -0.623135
v 12.035051 -11.333185 0.205154
v 11.834173 -12.2229 0.947804
v 11.676004 -13.24228 1.532557
v 11.571945 -14.566508 1.917262
v 11.50951 -16.111441 2.148086
v 11.472411 -17.546021 2.285242
v 11.44436 -18.539192 2.388945
v 3.107322 -3.044365 3.468526
v 3.081282 -1.932639 3.562012
v 3.039839 -0.213674 3.710801
v 3.020401 1.736915 3.780586
v 3.060377 3.535847 3.637065
v 3.173705 5.124314 3.230201
v 3.339111 6.642469 2.636363
v 3.541193 7.99842 1.910854
v 3.764547 9.099268 1.108977
v 4.018708 9.890578 0.196495
v 4.307344 10.37268 -0.839758
v 4.606249 10.53932 -1.912879
v 4.891218 10.390768 -2.935965
v 5.173069 9.862967 -3.947858
v 5.458954 8.960085 -4.974236
v 5.719167 7.796884 -5.908443
v 5.924 6.496513 -6.643827
v 6.068501 5.098005 -7.162612
v 6.167525 3.573417 -7.518125
v 6.221071 1.954678 -7.710365
v 6.22914 0.27668 -7.739332
v 6.18788 -1.481846 -7.591202
v 6.098575 -3.26723 -7.270583
v 5.968927 -4.933867 -6.805125
v 5.806638 -6.341183 -6.222479
v 5.595937 -7.397322 -5.466028
v 5.338659 -8.165422 -4.542354
v 5.068911 -8.832735 -3.573912
v 4.820801 -9.568004 -2.683156
v 4.590112 -10.360354 -1.854944
v 4.363091 -11.166296 -1.039899
v 4.159542 -12.04291 -0.309123
v 3.99927 -13.047278 0.26628
v 3.893828 -14.352006 0.644835
v 3.830563 -15.874188 0.871968
v 3.79297 -17.287644 1.006931
v 3.764547 -18.266189 1.108977
v -4.616404 -3.16038 2.27533
v -4.644184 -2.008431 2.372255
v -4.688396 -0.230262 2.526515
v -4.709133 1.784566 2.598867
v -4.666485 3.638758 2.450068
v -4.545586 5.272039 2.028241
v -4.369128 6.830825 1.412565
v -4.153544 8.220728 0.660375
v -3.915267 9.346345 -0.170992
v -3.644124 10.152171 -1.117031
v -3.336202 10.639464 -2.191393
v -3.017325 10.802502 -3.303978
v -2.713316 10.642148 -4.364688
v -2.412633 10.092261 -5.413795
v -2.107646 9.157285 -6.477918
v -1.830047 7.95622 -7.446482
v -1.611529 6.616528 -8.20891
v -1.457372 5.178133 -8.746773
v -1.351732 3.611244 -9.11536
v -1.294608 1.948081 -9.314669
v -1.286001 0.223857 -9.344702
v -1.330017 -1.584544 -9.191125
v -1.425289 -3.422409 -8.858714
v -1.563599 -5.139492 -8.376139
v -1.736732 -6.590629 -7.772066
v -1.961511 -7.681035 -6.987796
v -2.235979 -8.476591 -6.030154
v -2.523751 -9.169335 -5.026097
v -2.788438 -9.932623 -4.102582
v -3.034541 -10.755169 -3.243912
v -3.276731 -11.591823 -2.398893
v -3.49388 -12.501843 -1.641243
v -3.66486 -13.544486 -1.044679
v -3.777348 -14.898935 -0.652203
v -3.84484 -16.479125 -0.416717
v -3.884944 -17.946444 -0.27679
v -3.915267 -18.962281 -0.170992
v -12.376866 -3.431561 1.201858
v -12.407841 -2.178897 1.306964
v -12.457139 -0.242648 1.474245
v -12.480261 1.953877 1.552705
v -12.432708 3.978776 1.391345
v -12.297902 5.765924 0.933911
v -12.101147 7.473499 0.266265
v -11.860765 8.998134 -0.549417
v -11.59508 10.235334 -1.450961
v -11.292749 11.123957 -2.476856
v -10.949409 11.664569 -3.641905
v -10.593853 11.850284 -4.848405
v -10.254876 11.681531 -5.998651
v -9.919606 11.086182 -7.136313
v -9.579538 10.06896 -8.29026
v -9.270009 8.759194 -9.340581
v -9.026355 7.295614 -10.167366
v -8.854467 5.722092 -10.750631
v -8.736675 4.006963 -11.15033
v -8.672981 2.18602 -11.366464
v -8.663383 0.298379 -11.399032
v -8.712463 -1.680156 -11.232491
v -8.818693 -3.689302 -10.872021
v -8.972913 -5.565127 -10.348711
v -9.16596 -7.149344 -9.693648
v -9.416594 -8.338534 -8.843177
v -9.722633 -9.203938 -7.804699
v -10.043506 -9.956124 -6.715889
v -10.338638 -10.784908 -5.71442
v -10.613049 -11.678033 -4.783269
v -10.883096 -12.586477 -3.866921
v -11.125223 -13.574583 -3.045317
v -11.315871 -14.706692 -2.398397
v -11.441297 -16.177361 -1.972791
v -11.516552 -17.893142 -1.717427
v -11.56127 -19.486367 -1.56569
v -11.59508 -20.589369 -1.450961
v -20.171962 -3.837034 0.231527
v -20.207504 -2.43179 0.348901
v -20.264071 -0.253324 0.535708
v -20.290603 2.224249 0.623325
v -20.236038 4.516738 0.443131
v -20.081354 6.54855 -0.067694
v -19.855585 8.494591 -0.813268
v -19.579757 10.237135 -1.724158
v -19.274893 11.657135 -2.73093
v -18.92798 12.68408 -3.876568
v -18.534011 13.316656 -5.177603
v -18.126025 13.54552 -6.524926
v -17.737062 13.369915 -7.809429
v -17.352354 12.708421 -9.07988
v -16.962139 11.566076 -10.368516
v -16.606966 10.087777 -11.541431
v -16.327384 8.429453 -12.464719
v -16.130149 6.641434 -13.116063
v -15.994988 4.689985 -13.562415
v -15.921901 2.617096 -13.803776
v -15.910888 0.468656 -13.840146
v -15.967205 -1.780182 -13.654166
v -16.0891 -4.059877 -13.251622
v -16.26606 -6.185189 -12.667231
v -16.487574 -7.977499 -11.935709
v -16.775167 -9.319946 -10.98597
v -17.126335 -10.291473 -9.82628
v -17.494523 -11.132537 -8.610383
v -17.833177 -12.05925 -7.492023
v -18.148052 -13.057906 -6.452187
v -18.457921 -14.073692 -5.428883
v -18.735751 -15.178553 -4.51138
v -18.954512 -16.444431 -3.788951
v -19.098433 -18.088874 -3.313668
v -19.184786 -20.007391 -3.028498
v -19.236097 -21.788871 -2.85905
v -19.274893 -23.022204 -2.73093
v -27.99612 -4.34353 -0.661713
v -28.037382 -2.747727 -0.529017
v -28.103051 -0.266807 -0.317824
v -28.133852 2.561664 -0.218769
v -28.070507 5.188183 -0.422486
v -27.890933 7.525343 -0.999996
v -27.628836 9.768965 -1.842899
v -27.308625 11.783405 -2.872699
v -26.954707 13.43145 -4.010899
v -26.551973 14.63091 -5.306092
v -26.094611 15.378134 -6.776968
v -25.620977 15.660728 -8.300174
v -25.169427 15.476455 -9.75236
v -24.722816 14.732303 -11.18866
v -24.269813 13.4337 -12.645519
v -23.85749 11.744991 -13.971549
v -23.53292 9.843579 -15.015367
v -23.303948 7.787854 -15.751739
v -23.147039 5.541479 -16.25636
v -23.062192 3.154171 -16.529228
v -23.049407 0.68026 -16.570346
v -23.114785 -1.90593 -16.360087
v -23.256295 -4.523313 -15.904994
v -23.46173 -6.960045 -15.244315
v -23.718887 -9.012124 -14.417298
v -24.052755 -10.545908 -13.343577
v -24.460429 -11.649967 -12.032498
v -24.887862 -12.602053 -10.657874
v -25.281007 -13.651093 -9.393519
v -25.646548 -14.781575 -8.21794
v -26.006277 -15.931447 -7.06105
v -26.328813 -17.18215 -6.023775
v -26.582774 -18.615127 -5.207037
v -26.749853 -20.47664 -4.669709
v -26.850101 -22.648405 -4.347313
v -26.909668 -24.665044 -4.155744
v -26.954707 -26.061178 -4.010899
v -35.840775 -4.908823 -1.510683
v -35.888567 -3.102789 -1.36091
v -35.964631 -0.291501 -1.122539
v -36.000307 2.917072 -1.010737
v -35.926936 5.901214 -1.24067
v -35.718938 8.561214 -1.892499
v -35.415355 11.117291 -2.843873
v -35.044458 13.414949 -4.006196
v -34.63452 15.297888 -5.290868
v -34.168039 16.672026 -6.752736
v -33.638283 17.532154 -8.412896
v -33.08968 17.863346 -10.132121
v -32.566655 17.662385 -11.771185
v -32.049353 16.823726 -13.392319
v -31.524645 15.353368 -15.036658
v -31.047057 13.437204 -16.533332
v -30.671113 11.276176 -17.711476
v -30.405898 8.936981 -18.54261
v -30.224152 6.379487 -19.11217
v -30.125875 3.660977 -19.420153
v -30.111066 0.844052 -19.466562
v -30.186793 -2.099077 -19.229246
v -30.350701 -5.075579 -18.715588
v -30.588654 -7.844959 -17.969887
v -30.886515 -10.175759 -17.036443
v -31.27323 -11.916262 -15.824548
v -31.745433 -13.166165 -14.344749
v -32.240522 -14.242162 -12.793227
v -32.695897 -15.42773 -11.366165
v -33.119298 -16.705339 -10.039304
v -33.535967 -18.004862 -8.733537
v -33.909556 -19.41834 -7.562776
v -34.203715 -21.037814 -6.640934
v -34.397241 -23.141595 -6.034459
v -34.513356 -25.596007 -5.670574
v -34.582353 -27.875103 -5.454353
v -34.63452 -29.452939 -5.290868
v -43.695196 -5.486103 -2.351559
v -43.749906 -3.470856 -2.184389
v -43.836981 -0.338307 -1.91833
v -43.877821 3.232623 -1.793541
v -43.793829 6.547981 -2.050182
v -43.555723 9.497483 -2.777725
v -43.208195 12.328609 -3.839608
v -42.783611 14.870188 -5.136942
v -42.314334 16.949075 -6.570837
v -41.780329 18.461617 -8.202511
v -41.17389 19.403345 -10.055508
v -40.545875 19.758723 -11.974432
v -39.947142 19.52502 -13.803885
v -39.354958 18.58481 -15.613324
v -38.754299 16.944968 -17.448662
v -38.207579 14.813048 -19.119186
v -37.777216 12.413062 -20.434178
v -37.473611 9.818665 -21.361854
v -37.265557 6.98384 -21.997571
v -37.153054 3.971239 -22.341329
v -37.136101 0.849324 -22.393129
v -37.22279 -2.414496 -22.128246
v -37.410424 -5.71796 -21.554924
v -37.682821 -8.793641 -20.722605
v -38.023798 -11.383994 -19.680736
v -38.466491 -13.320311 -18.328071
v -39.007046 -14.714512 -16.676384
v -39.5738 -15.917046 -14.944644
v -40.095091 -17.242038 -13.351819
v -40.57978 -18.669894 -11.870834
v -41.056763 -20.122242 -10.413393
v -41.48443 -21.701945 -9.106642
v -41.821169 -23.511869 -8.077722
v -42.042708 -25.863056 -7.400801
v -42.175631 -28.606108 -6.994648
v -42.254615 -31.153227 -6.753311
v -42.314334 -32.916617 -6.570837
v -51.547602 -6.028812 -3.220137
v -51.60915 -3.825429 -3.036668
v -51.707108 -0.416002 -2.744667
v -51.753053 3.455318 -2.607711
v -51.658563 7.029019 -2.889375
v -51.390696 10.187978 -3.687856
v -50.999732 13.208972 -4.853275
v -50.522079 15.909169 -6.277102
v -49.994147 18.103726 -7.850806
v -49.393397 19.683993 -9.641572
v -48.71116 20.649852 -11.675242
v -48.004651 20.988266 -13.781266
v -47.331083 20.69928 -15.789095
v -46.664883 19.655733 -17.774959
v -45.989148 17.865784 -19.789248
v -45.374094 15.556811 -21.622652
v -44.88994 12.973009 -23.06586
v -44.548388 10.192181 -24.083986
v -44.31433 7.159655 -24.781688
v -44.187765 3.939441 -25.158963
v -44.168693 0.601489 -25.215813
v -44.266218 -2.895443 -24.925104
v -44.477304 -6.444226 -24.295881
v -44.783747 -9.755743 -23.382409
v -45.167343 -12.550972 -22.238954
v -45.665367 -14.647518 -20.754401
v -46.273485 -16.170135 -18.94167
v -46.911078 -17.491629 -17.041081
v -47.497524 -18.947695 -15.292952
v -48.042794 -20.516801 -13.667566
v -48.579394 -22.112821 -12.068022
v -49.060514 -23.848796 -10.633858
v -49.439342 -25.837766 -9.504616
v -49.688571 -28.421542 -8.761693
v -49.838108 -31.435948 -8.31594
v -49.926964 -34.23504 -8.051072
v -49.994147 -36.172872 -7.850806
v -59.38643 -6.495443 -4.148155
v -59.454279 -4.141127 -3.950741
v -59.562264 -0.52549 -3.636546
v -59.612912 3.553091 -3.489181
v -59.508749 7.28172 -3.792253
v -59.213463 10.541325 -4.651421
v -58.782479 13.638515 -5.905418
v -58.255933 16.385527 -7.437462
v -57.673961 18.592691 -9.130775
v -57.011717 20.152146 -11.057647
v -56.259645 21.072132 -13.245885
v -55.480815 21.345656 -15.511976
v -54.738299 20.978094 -17.672409
v -54.003906 19.835729 -19.809208
v -53.259001 17.928407 -21.976592
v -52.580989 15.499867 -23.949343
v -52.047276 12.809745 -25.502241
v -51.670762 9.936392 -26.59775
v -51.412745 6.813725 -27.34848
v -51.273225 3.502258 -27.75443
v -51.252201 0.068114 -27.8156
v -51.359708 -3.542622 -27.502796
v -51.592402 -7.223702 -26.825749
v -51.930213 -10.671956 -25.84285
v -52.353074 -13.593759 -24.612487
v -52.902077 -15.797848 -23.015102
v -53.572444 -17.421706 -21.064595
v -54.275302 -18.845484 -19.019552
v -54.921778 -20.41425 -17.138557
v -55.522862 -22.104805 -15.389635
v -56.114391 -23.824357 -13.668518
v -56.644759 -25.694697 -12.125352
v -57.062365 -27.837613 -10.910282
v -57.337105 -30.621374 -10.110894
v -57.501949 -33.869096 -9.631261
v -57.5999 -36.884837 -9.346262
v -57.673961 -38.972658 -9.130775
v -67.20163 -6.853772 -5.160071
v -67.274843 -4.395352 -4.952036
v -67.391365 -0.656072 -4.620939
v -67.446017 3.526082 -4.465646
v -67.33362 7.300469 -4.785022
v -67.014988 10.550801 -5.690412
v -66.549931 13.611658 -7.01187
v -65.981756 16.297034 -8.626335
v -65.353774 18.419262 -10.410744
v -64.639174 19.876616 -12.441277
v -63.827643 20.688792 -14.747237
v -62.98724 20.857683 -17.135238
v -62.186021 20.395962 -19.411898
v -61.393567 19.166855 -21.663651
v -60.58977 17.182139 -23.947635
v -59.858156 14.697372 -26.026515
v -59.282247 11.981966 -27.662955
v -58.875966 9.111396 -28.8174
v -58.597551 6.006503 -29.608517
v -58.447 2.720024 -30.036306
v -58.424314 -0.69041 -30.100768
v -58.540321 -4.294156 -29.771136
v -58.791411 -7.991158 -29.057665
v -59.155929 -11.472467 -28.021888
v -59.612222 -14.437448 -26.725335
v -60.204629 -16.691188 -25.042014
v -60.927994 -18.382796 -22.986575
v -61.686419 -19.885118 -20.831513
v -62.384006 -21.540427 -18.849325
v -63.032611 -23.324243 -17.006316
v -63.670905 -25.138657 -15.192607
v -64.243204 -27.112176 -13.566422
v -64.693826 -29.373309 -12.285984
v -64.990287 -32.31064 -11.443591
v -65.168164 -35.737526 -10.938155
v -65.273858 -38.919634 -10.637824
v -65.353774 -41.122633 -10.410744
v -74.98583 -7.084084 -6.270646
v -75.063178 -4.570453 -6.0559
v -75.186283 -0.786122 -5.714122
v -75.244022 3.407479 -5.553818
v -75.125275 7.138671 -5.883499
v -74.788644 10.297202 -6.818097
v -74.297316 13.240648 -8.182187
v -73.697045 15.789633 -9.848737
v -73.033588 17.763437 -11.690713
v -72.278619 19.069763 -13.786754
v -71.421245 19.740664 -16.167107
v -70.533367 19.787953 -18.632148
v -69.686887 19.232172 -20.982255
v -68.849667 17.936545 -23.306653
v -68.000464 15.914716 -25.664321
v -67.22752 13.429103 -27.810268
v -66.619078 10.753339 -29.499502
v -66.189846 7.95778 -30.691191
v -65.895703 4.950581 -31.50783
v -65.736647 1.774438 -31.94942
v -65.71268 -1.523992 -32.015961
v -65.83524 -5.029645 -31.675695
v -66.100514 -8.651922 -30.939207
v -66.485624 -12.083125 -29.870014
v -66.967693 -15.022288 -28.531633
v -67.593565 -17.275283 -26.794006
v -68.357794 -19.000525 -24.672255
v -69.159063 -20.553331 -22.447669
v -69.896056 -22.264264 -20.401533
v -70.581301 -24.108023 -18.499066
v -71.255653 -25.983408 -16.626844
v -71.860281 -28.023244 -14.948197
v -72.336358 -30.36036 -13.626451
v -72.649567 -33.396396 -12.756881
v -72.837492 -36.938438 -12.235139
v -72.949157 -40.227476 -11.925118
v -73.033588 -42.504503 -11.690713
v -82.735233 -7.181044 -7.483576
v -82.81534 -4.656262 -7.266174
v -82.942832 -0.888533 -6.920168
v -83.00263 3.25292 -6.757882
v -82.87965 6.890894 -7.09164
v -82.531019 9.922064 -8.037798
v -82.022176 12.718878 -9.41876
v -81.400508 15.110433 -11.105923
v -80.713401 16.924779 -12.970681
v -79.93152 18.079263 -15.092648
v -79.043584 18.6163 -17.502443
v -78.124056 18.556229 -19.997974
v -77.247403 17.926188 -22.377148
v -76.380339 16.591427 -24.730296
v -75.500864 14.567028 -27.117126
v -74.700368 12.117534 -29.289615
v -74.070237 9.51622 -30.999743
v -73.625705 6.827911 -32.206171
v -73.321076 3.950996 -33.032911
v -73.156351 0.918731 -33.479963
v -73.131529 -2.232544 -33.547327
v -73.258458 -5.600172 -33.202852
v -73.533188 -9.103191 -32.457255
v -73.932026 -12.439563 -31.374838
v -74.431279 -15.312494 -30.019902
v -75.079461 -17.531426 -28.260783
v -75.870932 -19.260585 -26.112789
v -76.700763 -20.834644 -23.860688
v -77.464027 -22.568994 -21.789244
v -78.1737 -24.437989 -19.863245
v -78.872089 -26.339042 -17.967867
v -79.498271 -28.406798 -16.268456
v -79.991318 -30.775901 -14.930362
v -80.315691 -33.853491 -14.050037
v -80.510315 -37.444013 -13.521842
v -80.625961 -40.778069 -13.207987
v -80.713401 -43.086261 -12.970681
v -90.447575 -7.145075 -8.798138
v -90.52897 -4.646554 -8.582106
v -90.658514 -0.937744 -8.238282
v -90.719274 3.118827 -8.077019
v -90.594315 6.654101 -8.408673
v -90.240076 9.570209 -9.348866
v -89.723046 12.243574 -10.721122
v -89.091376 14.510549 -12.397648
v -88.393214 16.206631 -14.25065
v -87.598755 17.255962 -16.359239
v -86.696532 17.706556 -18.753841
v -85.762211 17.583548 -21.233639
v -84.871453 16.917638 -23.597815
v -83.990439 15.577032 -25.936127
v -83.096815 13.577471 -28.307909
v -82.28344 11.181311 -30.466702
v -81.643172 8.658059 -32.166048
v -81.191487 6.068412 -33.364871
v -80.881958 3.306286 -34.186399
v -80.714582 0.3989 -34.630633
v -80.689361 -2.624 -34.697572
v -80.818332 -5.865855 -34.355269
v -81.097482 -9.252476 -33.614372
v -81.502737 -12.489118 -32.538779
v -82.010022 -15.285327 -31.192386
v -82.668632 -17.455146 -29.444356
v -83.472837 -19.164112 -27.309905
v -84.316019 -20.730287 -25.072001
v -85.091563 -22.45595 -23.013617
v -85.812653 -24.315583 -21.099761
v -86.522279 -26.207114 -19.216331
v -87.158534 -28.264513 -17.527635
v -87.659514 -30.62175 -16.197976
v -87.989106 -33.683925 -15.323201
v -88.186861 -37.256463 -14.798336
v -88.304368 -40.573819 -14.486459
v -88.393214 -42.87045 -14.25065
v -98.135042 -7.025813 -10.176108
v -98.21674 -4.56926 -9.963959
v -98.346766 -0.923133 -9.626314
v -98.407752 3.064484 -9.46795
v -98.282329 6.53911 -9.793643
v -97.926769 9.404607 -10.716938
v -97.407814 12.031227 -12.064529
v -96.77379 14.258178 -13.710922
v -96.073028 15.923832 -15.530619
v -95.275608 16.95372 -17.601309
v -94.370025 17.395168 -19.952872
v -93.432223 17.272988 -22.388099
v -92.538147 16.617436 -24.709782
v -91.653851 15.298963 -27.006066
v -90.756898 13.333063 -29.335219
v -89.940493 10.977695 -31.455211
v -89.297839 8.497821 -33.124014
v -88.844472 5.953052 -34.301289
v -88.533789 3.238977 -35.108051
v -88.36579 0.382248 -35.544301
v -88.340476 -2.588012 -35.610037
v -88.469927 -5.773643 -35.273886
v -88.750117 -9.101819 -34.546306
v -89.156881 -12.282825 -33.490045
v -89.666056 -15.031153 -32.167851
v -90.32712 -17.164017 -30.45124
v -91.13432 -18.844234 -28.355152
v -91.980644 -20.384267 -26.157472
v -92.759077 -22.081127 -24.136084
v -93.482853 -23.90972 -22.256627
v -94.195122 -25.769679 -20.407049
v -94.833748 -27.792736 -18.748704
v -95.336594 -30.110627 -17.442945
v -95.667414 -33.12169 -16.583892
v -95.865906 -36.634597 -16.068461
v -95.98385 -39.896581 -15.76219
v -96.073028 -42.154878 -15.530619
vt 0.03710938 1.06193722
vt 0.03710938 1.05751529
vt 0.03710938 1.05027728
vt 0.03710938 1.04169086
vt 0.03710938 1.03322373
vt 0.03710938 1.02507944
vt 0.03710938 1.01682538
vt 0.03710938 1.00892126
vt 0.03710938 1.00183928
vt 0.03710938 0.9957175
vt 0.03710938 0.99039374
vt 0.03710938 0.98584826
vt 0.03710938 0.98192502
vt 0.03710938 0.97770053
vt 0.03710938 0.9723354
vt 0.03710938 0.96604441
vt 0.03710938 0.95924394
vt 0.03710938 0.95198689
vt 0.03710938 0.94410075
vt 0.03710938 0.9357549
vt 0.03710938 0.92716003
vt 0.03710938 0.91832696
vt 0.03710938 0.90953862
vt 0.03710938 0.90141292
vt 0.03710938 0.89451236
vt 0.03710938 0.88897945
vt 0.03710938 0.88428548
vt 0.03710938 0.8798311
vt 0.03710938 0.87546796
vt 0.03710938 0.87114807
vt 0.03710938 0.86683029
vt 0.03710938 0.86254425
vt 0.03710938 0.85821978
vt 0.03710938 0.85317207
vt 0.03710938 0.8474641
vt 0.03710938 0.84220023
vt 0.03710938 0.83855264
vt 0.05231628 1.07683033
vt 0.05231628 1.07213389
vt 0.05231628 1.06436892
vt 0.05231628 1.05508401
vt 0.05231628 1.04583568
vt 0.05231628 1.03686532
vt 0.05231628 1.02774785
vt 0.05231628 1.01899563
vt 0.05231628 1.0111353
vt 0.05231628 1.00435355
vt 0.05231628 0.99851951
vt 0.05231628 0.99362759
vt 0.05231628 0.98949813
vt 0.05231628 0.9850899
vt 0.05231628 0.97941976
vt 0.05231628 0.97267396
vt 0.05231628 0.96528238
vt 0.05231628 0.95731265
vt 0.05231628 0.9486094
vt 0.05231628 0.93937879
vt 0.05231628 0.9298726
vt 0.05231628 0.92013368
vt 0.05231628 0.91048883
vt 0.05231628 0.90161266
vt 0.05231628 0.89411749
vt 0.05231628 0.88817294
vt 0.05231628 0.88321728
vt 0.05231628 0.87854627
vt 0.05231628 0.87397094
vt 0.05231628 0.86944096
vt 0.05231628 0.8649132
vt 0.05231628 0.86041871
vt 0.05231628 0.85588393
vt 0.05231628 0.85059073
vt 0.05231628 0.84460517
vt 0.05231628 0.83908531
vt 0.05231628 0.83526032
vt 0.06752319 1.08728404
vt 0.06752319 1.08241371
vt 0.06752319 1.07430042
vt 0.06752319 1.06454211
vt 0.06752319 1.05475108
vt 0.06752319 1.04519702
vt 0.06752319 1.03546577
vt 0.06752319 1.02610729
vt 0.06752319 1.01768709
vt 0.06752319 1.01042912
vt 0.06752319 1.00422988
vt 0.06752319 0.99909789
vt 0.06752319 0.99483988
vt 0.06752319 0.99032954
vt 0.06752319 0.98447118
vt 0.06752319 0.97742421
vt 0.06752319 0.96962537
vt 0.06752319 0.96115433
vt 0.06752319 0.9518718
vt 0.06752319 0.94201204
vt 0.06752319 0.93185794
vt 0.06752319 0.92147829
vt 0.06752319 0.91123249
vt 0.06752319 0.90183446
vt 0.06752319 0.89393087
vt 0.06752319 0.88771197
vt 0.06752319 0.88259591
vt 0.06752319 0.87779889
vt 0.06752319 0.87310012
vt 0.06752319 0.86844793
vt 0.06752319 0.86379802
vt 0.06752319 0.85918228
vt 0.06752319 0.85452516
vt 0.06752319 0.84908916
vt 0.06752319 0.84294212
vt 0.06752319 0.83727334
vt 0.06752319 0.83334517
vt 0.08273009 1.0861893
vt 0.08273009 1.08140716
vt 0.08273009 1.07340888
vt 0.08273009 1.06375931
vt 0.08273009 1.05404057
vt 0.08273009 1.04452744
vt 0.08273009 1.03482718
vt 0.08273009 1.0254895
vt 0.08273009 1.01707973
vt 0.08273009 1.00983331
vt 0.08273009 1.00366541
vt 0.08273009 0.99859257
vt 0.08273009 0.99442269
vt 0.08273009 0.99002591
vt 0.08273009 0.98428492
vt 0.08273009 0.97733826
vt 0.08273009 0.96961019
vt 0.08273009 0.96118413
vt 0.08273009 0.95193478
vt 0.08273009 0.94210284
vt 0.08273009 0.93197744
vt 0.08273009 0.92163884
vt 0.08273009 0.91145064
vt 0.08273009 0.90212133
vt 0.08273009 0.89429199
vt 0.08273009 0.88815697
vt 0.08273009 0.88314558
vt 0.08273009 0.87846003
vt 0.08273009 0.87387045
vt 0.08273009 0.86932637
vt 0.08273009 0.86478452
vt 0.08273009 0.86027604
vt 0.08273009 0.85572714
vt 0.08273009 0.85041746
vt 0.08273009 0.84441327
vt 0.08273009 0.83887622
vt 0.08273009 0.83503933
vt 0.097937 1.07827319
vt 0.097937 1.07369981
vt 0.097937 1.06605157
vt 0.097937 1.05682514
vt 0.097937 1.04753358
vt 0.097937 1.03843943
vt 0.097937 1.02916669
vt 0.097937 1.02024079
vt 0.097937 1.01220211
vt 0.097937 1.00527539
vt 0.097937 0.99937902
vt 0.097937 0.9945286
vt 0.097937 0.99054045
vt 0.097937 0.98633472
vt 0.097937 0.98084403
vt 0.097937 0.97420138
vt 0.097937 0.96681264
vt 0.097937 0.95875744
vt 0.097937 0.94991563
vt 0.097937 0.9405171
vt 0.097937 0.93083804
vt 0.097937 0.92095486
vt 0.097937 0.91121499
vt 0.097937 0.90229577
vt 0.097937 0.89481014
vt 0.097937 0.88894374
vt 0.097937 0.88415077
vt 0.097937 0.87966907
vt 0.097937 0.87527917
vt 0.097937 0.87093278
vt 0.097937 0.86658853
vt 0.097937 0.8622762
vt 0.097937 0.85792521
vt 0.097937 0.85284653
vt 0.097937 0.84710356
vt 0.097937 0.84180741
vt 0.097937 0.83813744
vt 0.11314391 1.06431326
vt 0.11314391 1.06005455
vt 0.11314391 1.0529636
vt 0.11314391 1.04443813
vt 0.11314391 1.03588807
vt 0.11314391 1.02754813
vt 0.11314391 1.01905468
vt 0.11314391 1.01088755
vt 0.11314391 1.00354014
vt 0.11314391 0.99720656
vt 0.11314391 0.99179449
vt 0.11314391 0.98731053
vt 0.11314391 0.98358598
vt 0.11314391 0.97963858
vt 0.11314391 0.9745147
vt 0.11314391 0.96835565
vt 0.11314391 0.96154382
vt 0.11314391 0.95414833
vt 0.11314391 0.94604615
vt 0.11314391 0.93744093
vt 0.11314391 0.92857883
vt 0.11314391 0.91951861
vt 0.11314391 0.91057336
vt 0.11314391 0.90236655
vt 0.11314391 0.89546297
vt 0.11314391 0.89002816
vt 0.11314391 0.88555327
vt 0.11314391 0.88135599
vt 0.11314391 0.87724469
vt 0.11314391 0.87317414
vt 0.11314391 0.86910559
vt 0.11314391 0.86506693
vt 0.11314391 0.86099207
vt 0.11314391 0.85623571
vt 0.11314391 0.85085721
vt 0.11314391 0.84589717
vt 0.11314391 0.84246011
vt 0.12835081 1.04622503
vt 0.12835081 1.04235619
vt 0.12835081 1.03596763
vt 0.12835081 1.02833608
vt 0.12835081 1.02074402
vt 0.12835081 1.01338773
vt 0.12835081 1.00591347
vt 0.12835081 0.99874082
vt 0.12835081 0.99230105
vt 0.12835081 0.98674384
vt 0.12835081 0.9819571
vt 0.12835081 0.97793448
vt 0.12835081 0.97452916
vt 0.12835081 0.97088962
vt 0.12835081 0.96621577
vt 0.12835081 0.96066546
vt 0.12835081 0.95459405
vt 0.12835081 0.94805602
vt 0.12835081 0.9409205
vt 0.12835081 0.93335458
vt 0.12835081 0.92556279
vt 0.12835081 0.91757718
vt 0.12835081 0.90966425
vt 0.12835081 0.90237781
vt 0.12835081 0.89622074
vt 0.12835081 0.89133088
vt 0.12835081 0.88724543
vt 0.12835081 0.88339133
vt 0.12835081 0.87961616
vt 0.12835081 0.87587842
vt 0.12835081 0.87214251
vt 0.12835081 0.86843406
vt 0.12835081 0.86469236
vt 0.12835081 0.86032487
vt 0.12835081 0.85538612
vt 0.12835081 0.85083161
vt 0.12835081 0.84767557
vt 0.14355772 1.02654079
vt 0.14355772 1.0230958
vt 0.14355772 1.01747185
vt 0.14355772 1.01081435
vt 0.14355772 1.00426715
vt 0.14355772 0.99798387
vt 0.14355772 0.99162084
vt 0.14355772 0.98553148
vt 0.14355772 0.98007877
vt 0.14355772 0.97536234
vt 0.14355772 0.97124786
vt 0.14355772 0.96771744
vt 0.14355772 0.96465291
vt 0.14355772 0.96134654
vt 0.14355772 0.95716127
vt 0.14355772 0.95227236
vt 0.14355772 0.94700667
vt 0.14355772 0.94140332
vt 0.14355772 0.93532255
vt 0.14355772 0.92889124
vt 0.14355772 0.92226807
vt 0.14355772 0.91545543
vt 0.14355772 0.90866862
vt 0.14355772 0.90238549
vt 0.14355772 0.89704139
vt 0.14355772 0.89274386
vt 0.14355772 0.88908118
vt 0.14355772 0.88559936
vt 0.14355772 0.88218886
vt 0.14355772 0.87881217
vt 0.14355772 0.87543713
vt 0.14355772 0.87208689
vt 0.14355772 0.86870662
vt 0.14355772 0.86476101
vt 0.14355772 0.86029932
vt 0.14355772 0.85618475
vt 0.14355772 0.85333357
vt 0.15876463 1.00776714
vt 0.15876463 1.00473546
vt 0.15876463 0.99985186
vt 0.15876463 0.99413301
vt 0.15876463 0.98858737
vt 0.15876463 0.98332797
vt 0.15876463 0.97802274
vt 0.15876463 0.97296181
vt 0.15876463 0.96844265
vt 0.15876463 0.96451709
vt 0.15876463 0.96103211
vt 0.15876463 0.95796394
vt 0.15876463 0.95522717
vt 0.15876463 0.95225041
vt 0.15876463 0.94854307
vt 0.15876463 0.94429317
vt 0.15876463 0.93979976
vt 0.15876463 0.93508872
vt 0.15876463 0.93001367
vt 0.15876463 0.9246638
vt 0.15876463 0.91915472
vt 0.15876463 0.91346165
vt 0.15876463 0.90775157
vt 0.15876463 0.90242944
vt 0.15876463 0.89786578
vt 0.15876463 0.89413993
vt 0.15876463 0.89089119
vt 0.15876463 0.88777644
vt 0.15876463 0.88472549
vt 0.15876463 0.88170479
vt 0.15876463 0.87868556
vt 0.15876463 0.87568852
vt 0.15876463 0.87266461
vt 0.15876463 0.86913497
vt 0.15876463 0.86514365
vt 0.15876463 0.86146286
vt 0.15876463 0.85891226
vt 0.17397153 0.99187129
vt 0.17397153 0.98920117
vt 0.17397153 0.98495833
vt 0.17397153 0.98004595
vt 0.17397153 0.9753538
vt 0.17397153 0.97096086
vt 0.17397153 0.96654779
vt 0.17397153 0.96235099
vt 0.17397153 0.95861223
vt 0.17397153 0.95534347
vt 0.17397153 0.95237992
vt 0.17397153 0.94969861
vt 0.17397153 0.94724619
vt 0.17397153 0.94456428
vt 0.17397153 0.94127718
vt 0.17397153 0.93757918
vt 0.17397153 0.93374452
vt 0.17397153 0.92978947
vt 0.17397153 0.92556448
vt 0.17397153 0.92112798
vt 0.17397153 0.91656007
vt 0.17397153 0.91181465
vt 0.17397153 0.90701858
vt 0.17397153 0.9025146
vt 0.17397153 0.89861792
vt 0.17397153 0.89538495
vt 0.17397153 0.89250073
vt 0.17397153 0.88971239
vt 0.17397153 0.88698116
vt 0.17397153 0.88427701
vt 0.17397153 0.88157418
vt 0.17397153 0.87889122
vt 0.17397153 0.8761842
vt 0.17397153 0.87302445
vt 0.17397153 0.8694514
vt 0.17397153 0.86615634
vt 0.17397153 0.86387303
vt 0.18917844 0.98006001
vt 0.18917844 0.97766634
vt 0.18917844 0.97390908
vt 0.18917844 0.96960408
vt 0.18917844 0.96555013
vt 0.18917844 0.96180102
vt 0.18917844 0.95804862
vt 0.18917844 0.95448921
vt 0.18917844 0.95132281
vt 0.18917844 0.94853202
vt 0.18917844 0.94594678
vt 0.18917844 0.94354939
vt 0.18917844 0.94131284
vt 0.18917844 0.93886051
vt 0.18917844 0.93589612
vt 0.18917844 0.93261551
vt 0.18917844 0.92927362
vt 0.18917844 0.92588077
vt 0.18917844 0.92228676
vt 0.18917844 0.91852789
vt 0.18917844 0.91465839
vt 0.18917844 0.91061742
vt 0.18917844 0.90650243
vt 0.18917844 0.90260964
vt 0.18917844 0.89921284
vt 0.18917844 0.89635206
vt 0.18917844 0.89374808
vt 0.18917844 0.8912127
vt 0.18917844 0.88872926
vt 0.18917844 0.88627043
vt 0.18917844 0.88381281
vt 0.18917844 0.88137325
vt 0.18917844 0.87891182
vt 0.18917844 0.87603872
vt 0.18917844 0.87278982
vt 0.18917844 0.86979369
vt 0.18917844 0.86771753
vt 0.20438534 0.97285477
vt 0.20438534 0.97062905
vt 0.20438534 0.96716785
vt 0.20438534 0.9632341
vt 0.20438534 0.95957133
vt 0.20438534 0.95621713
vt 0.20438534 0.95286936
vt 0.20438534 0.9496992
vt 0.20438534 0.94688047
vt 0.20438534 0.94437651
vt 0.20438534 0.94201495
vt 0.20438534 0.93978416
vt 0.20438534 0.93767531
vt 0.20438534 0.93536116
vt 0.20438534 0.93259226
vt 0.20438534 0.92956525
vt 0.20438534 0.92652384
vt 0.20438534 0.92347514
vt 0.20438534 0.92026843
vt 0.20438534 0.91692608
vt 0.20438534 0.91348606
vt 0.20438534 0.90987787
vt 0.20438534 0.90618063
vt 0.20438534 0.90266204
vt 0.20438534 0.89957052
vt 0.20438534 0.89693609
vt 0.20438534 0.89450182
vt 0.20438534 0.8921193
vt 0.20438534 0.88978558
vt 0.20438534 0.88747499
vt 0.20438534 0.88516554
vt 0.20438534 0.88287306
vt 0.20438534 0.88056002
vt 0.20438534 0.87786015
vt 0.20438534 0.87480712
vt 0.20438534 0.87199163
vt 0.20438534 0.87004064
vt 0.21959225 0.97032392
vt 0.21959225 0.96814442
vt 0.21959225 0.96477369
vt 0.21959225 0.96096135
vt 0.21959225 0.95743592
vt 0.21959225 0.95422685
vt 0.21959225 0.95102914
vt 0.21959225 0.94800376
vt 0.21959225 0.94531373
vt 0.21959225 0.94291111
vt 0.21959225 0.94061964
vt 0.21959225 0.9384319
vt 0.21959225 0.93634906
vt 0.21959225 0.93406342
vt 0.21959225 0.93134476
vt 0.21959225 0.92839375
vt 0.21959225 0.92545293
vt 0.21959225 0.92252809
vt 0.21959225 0.91946534
vt 0.21959225 0.91628008
vt 0.21959225 0.91300222
vt 0.21959225 0.90955464
vt 0.21959225 0.90600816
vt 0.21959225 0.90262046
vt 0.21959225 0.89963134
vt 0.21959225 0.89706606
vt 0.21959225 0.89467482
vt 0.21959225 0.89232738
vt 0.21959225 0.89002803
vt 0.21959225 0.88775147
vt 0.21959225 0.88547602
vt 0.21959225 0.8832173
vt 0.21959225 0.88093833
vt 0.21959225 0.87827821
vt 0.21959225 0.87527014
vt 0.21959225 0.87249611
vt 0.21959225 0.87057385
vt 0.23479916 0.97228711
vt 0.23479916 0.97002872
vt 0.23479916 0.9665418
vt 0.23479916 0.96260388
vt 0.23479916 0.95896998
vt 0.23479916 0.95566829
vt 0.23479916 0.9523799
vt 0.23479916 0.94926947
vt 0.23479916 0.94650369
vt 0.23479916 0.94402904
vt 0.23479916 0.94166071
vt 0.23479916 0.9393924
vt 0.23479916 0.93722849
vt 0.23479916 0.93485402
vt 0.23479916 0.93203467
vt 0.23479916 0.92898091
vt 0.23479916 0.92594528
vt 0.23479916 0.92293341
vt 0.23479916 0.91978394
vt 0.23479916 0.91651075
vt 0.23479916 0.91314258
vt 0.23479916 0.90959697
vt 0.23479916 0.90594522
vt 0.23479916 0.90245293
vt 0.23479916 0.89936751
vt 0.23479916 0.89671386
vt 0.23479916 0.89423371
vt 0.23479916 0.89179681
vt 0.23479916 0.88940984
vt 0.23479916 0.88704652
vt 0.23479916 0.88468436
vt 0.23479916 0.88233957
vt 0.23479916 0.87997375
vt 0.23479916 0.87721225
vt 0.23479916 0.87408955
vt 0.23479916 0.87120981
vt 0.23479916 0.8692143
vt 0.25000606 0.97837116
vt 0.25000606 0.97591534
vt 0.25000606 0.97211852
vt 0.25000606 0.96782551
vt 0.25000606 0.9638572
vt 0.25000606 0.96024631
vt 0.25000606 0.95664854
vt 0.25000606 0.95324482
vt 0.25000606 0.95021838
vt 0.25000606 0.94751436
vt 0.25000606 0.94493369
vt 0.25000606 0.94246831
vt 0.25000606 0.94012022
vt 0.25000606 0.93754351
vt 0.25000606 0.93447969
vt 0.25000606 0.93115543
vt 0.25000606 0.92784427
vt 0.25000606 0.92455263
vt 0.25000606 0.92110673
vt 0.25000606 0.91752348
vt 0.25000606 0.91383609
vt 0.25000606 0.90995713
vt 0.25000606 0.90596596
vt 0.25000606 0.90215261
vt 0.25000606 0.89878707
vt 0.25000606 0.89589753
vt 0.25000606 0.89320263
vt 0.25000606 0.89055664
vt 0.25000606 0.88796484
vt 0.25000606 0.88539874
vt 0.25000606 0.88283389
vt 0.25000606 0.88028789
vt 0.25000606 0.87771907
vt 0.25000606 0.87472063
vt 0.25000606 0.87132998
vt 0.25000606 0.86820313
vt 0.25000606 0.86603639
vt 0.26521297 0.98791557
vt 0.26521297 0.98516069
vt 0.26521297 0.98088911
vt 0.26521297 0.97604686
vt 0.26521297 0.97155451
vt 0.26521297 0.96745368
vt 0.26521297 0.96336428
vt 0.26521297 0.95949369
vt 0.26521297 0.95605228
vt 0.26521297 0.95298657
vt 0.26521297 0.9500781
vt 0.26521297 0.94731501
vt 0.26521297 0.94469293
vt 0.26521297 0.94181546
vt 0.26521297 0.93838337
vt 0.26521297 0.93464558
vt 0.26521297 0.93090633
vt 0.26521297 0.92717361
vt 0.26521297 0.9232566
vt 0.26521297 0.91917863
vt 0.26521297 0.91498181
vt 0.26521297 0.91057345
vt 0.26521297 0.90604701
vt 0.26521297 0.90173082
vt 0.26521297 0.89793003
vt 0.26521297 0.89467903
vt 0.26521297 0.89166096
vt 0.26521297 0.88870231
vt 0.26521297 0.88580427
vt 0.26521297 0.88293496
vt 0.26521297 0.88006705
vt 0.26521297 0.87722022
vt 0.26521297 0.87434786
vt 0.26521297 0.87099512
vt 0.26521297 0.86720384
vt 0.26521297 0.86370752
vt 0.26521297 0.86128476
vt 0.28041988 0.99983429
vt 0.28041988 0.99670591
vt 0.28041988 0.9918415
vt 0.28041988 0.9863135
vt 0.28041988 0.981167
vt 0.28041988 0.97645461
vt 0.28041988 0.97175142
vt 0.28041988 0.96729782
vt 0.28041988 0.96333794
vt 0.28041988 0.95981991
vt 0.28041988 0.95650121
vt 0.28041988 0.95336564
vt 0.28041988 0.95040101
vt 0.28041988 0.94714779
vt 0.28041988 0.94325571
vt 0.28041988 0.93900144
vt 0.28041988 0.93472762
vt 0.28041988 0.93044422
vt 0.28041988 0.92593918
vt 0.28041988 0.9212438
vt 0.28041988 0.91641122
vt 0.28041988 0.91134213
vt 0.28041988 0.90614754
vt 0.28041988 0.90120358
vt 0.28041988 0.89685935
vt 0.28041988 0.89315691
vt 0.28041988 0.88973517
vt 0.28041988 0.88638598
vt 0.28041988 0.88310539
vt 0.28041988 0.87985733
vt 0.28041988 0.87661085
vt 0.28041988 0.87338823
vt 0.28041988 0.87013672
vt 0.28041988 0.86634141
vt 0.28041988 0.86204967
vt 0.28041988 0.85809184
vt 0.28041988 0.85534926
vt 0.29562678 1.01258786
vt 0.29562678 1.00904738
vt 0.29562678 1.00353532
vt 0.29562678 0.99726447
vt 0.29562678 0.99141743
vt 0.29562678 0.98605642
vt 0.29562678 0.98070388
vt 0.29562678 0.97563431
vt 0.29562678 0.97112661
vt 0.29562678 0.96712647
vt 0.29562678 0.96336232
vt 0.29562678 0.95981452
vt 0.29562678 0.95646576
vt 0.29562678 0.95279118
vt 0.29562678 0.94838906
vt 0.29562678 0.94356948
vt 0.29562678 0.9387188
vt 0.29562678 0.93384876
vt 0.29562678 0.92872172
vt 0.29562678 0.92337548
vt 0.29562678 0.91787287
vt 0.29562678 0.91210444
vt 0.29562678 0.90619828
vt 0.29562678 0.9005817
vt 0.29562678 0.89565108
vt 0.29562678 0.89145555
vt 0.29562678 0.88758583
vt 0.29562678 0.88380076
vt 0.29562678 0.88009321
vt 0.29562678 0.87642242
vt 0.29562678 0.87275343
vt 0.29562678 0.8691114
vt 0.29562678 0.86543672
vt 0.29562678 0.86114746
vt 0.29562678 0.85629717
vt 0.29562678 0.85182424
vt 0.29562678 0.84872473
vt 0.31083369 1.02437653
vt 0.31083369 1.02042588
vt 0.31083369 1.01428379
vt 0.31083369 1.00730471
vt 0.31083369 1.00080844
vt 0.31083369 0.99486109
vt 0.31083369 0.9889256
vt 0.31083369 0.98330524
vt 0.31083369 0.97830797
vt 0.31083369 0.97386768
vt 0.31083369 0.96967776
vt 0.31083369 0.9657179
vt 0.31083369 0.96197319
vt 0.31083369 0.95786393
vt 0.31083369 0.95294849
vt 0.31083369 0.94757665
vt 0.31083369 0.94218131
vt 0.31083369 0.93677498
vt 0.31083369 0.93108957
vt 0.31083369 0.92516428
vt 0.31083369 0.91906588
vt 0.31083369 0.91266856
vt 0.31083369 0.90611218
vt 0.31083369 0.89987153
vt 0.31083369 0.8943873
vt 0.31083369 0.8897124
vt 0.31083369 0.88539092
vt 0.31083369 0.88116072
vt 0.31083369 0.87701717
vt 0.31083369 0.87291469
vt 0.31083369 0.86881422
vt 0.31083369 0.86474388
vt 0.31083369 0.86063706
vt 0.31083369 0.85584339
vt 0.31083369 0.85042269
vt 0.31083369 0.84542375
vt 0.31083369 0.84195973
vt 0.3260406 1.03354207
vt 0.3260406 1.02922244
vt 0.3260406 1.02253696
vt 0.3260406 1.01497066
vt 0.3260406 1.00796729
vt 0.3260406 1.00158722
vt 0.3260406 0.99522836
vt 0.3260406 0.9892115
vt 0.3260406 0.9838617
vt 0.3260406 0.97908708
vt 0.3260406 0.97454025
vt 0.3260406 0.97020535
vt 0.3260406 0.96608207
vt 0.3260406 0.96155725
vt 0.3260406 0.95617094
vt 0.3260406 0.95031879
vt 0.3260406 0.94448044
vt 0.3260406 0.93866763
vt 0.3260406 0.93257705
vt 0.3260406 0.92624092
vt 0.3260406 0.91972045
vt 0.3260406 0.91286495
vt 0.3260406 0.90581654
vt 0.3260406 0.89908708
vt 0.3260406 0.89315276
vt 0.3260406 0.88806476
vt 0.3260406 0.88332745
vt 0.3260406 0.87867878
vt 0.3260406 0.87412533
vt 0.3260406 0.86961701
vt 0.3260406 0.86511091
vt 0.3260406 0.86063792
vt 0.3260406 0.85612483
vt 0.3260406 0.85085695
vt 0.3260406 0.84490001
vt 0.3260406 0.83940655
vt 0.3260406 0.83559986
vt 0.3412475 1.03902891
vt 0.3412475 1.03441308
vt 0.3412475 1.02732235
vt 0.3412475 1.01935072
vt 0.3412475 1.01204212
vt 0.3412475 1.00543955
vt 0.3412475 0.99887319
vt 0.3412475 0.99266639
vt 0.3412475 0.98714553
vt 0.3412475 0.98217748
vt 0.3412475 0.97737169
vt 0.3412475 0.97272506
vt 0.3412475 0.96826629
vt 0.3412475 0.96337527
vt 0.3412475 0.95759881
vt 0.3412475 0.95138229
vt 0.3412475 0.94524949
vt 0.3412475 0.93921011
vt 0.3412475 0.93292237
vt 0.3412475 0.92640202
vt 0.3412475 0.91969355
vt 0.3412475 0.9126126
vt 0.3412475 0.90529192
vt 0.3412475 0.89826577
vt 0.3412475 0.89203308
vt 0.3412475 0.88663691
vt 0.3412475 0.88155324
vt 0.3412475 0.87654476
vt 0.3412475 0.87163887
vt 0.3412475 0.86678162
vt 0.3412475 0.86192674
vt 0.3412475 0.85710754
vt 0.3412475 0.85224513
vt 0.3412475 0.84656952
vt 0.3412475 0.84015151
vt 0.3412475 0.83423286
vt 0.3412475 0.83013153
vt 0.35645441 1.04069101
vt 0.35645441 1.0358707
vt 0.35645441 1.02853626
vt 0.35645441 1.02036186
vt 0.35645441 1.01296128
vt 0.35645441 1.00634986
vt 0.35645441 0.99979217
vt 0.35645441 0.99359934
vt 0.35645441 0.98808336
vt 0.35645441 0.98305813
vt 0.35645441 0.9780947
vt 0.35645441 0.97321309
vt 0.35645441 0.96848296
vt 0.35645441 0.96330083
vt 0.35645441 0.95724061
vt 0.35645441 0.95079626
vt 0.35645441 0.94452992
vt 0.35645441 0.93844899
vt 0.35645441 0.93217376
vt 0.35645441 0.92569583
vt 0.35645441 0.91903353
vt 0.35645441 0.91196293
vt 0.35645441 0.90459705
vt 0.35645441 0.89747701
vt 0.35645441 0.89111083
vt 0.35645441 0.88552844
vt 0.35645441 0.88019081
vt 0.35645441 0.87490604
vt 0.35645441 0.86972951
vt 0.35645441 0.86460429
vt 0.35645441 0.85948159
vt 0.35645441 0.85439653
vt 0.35645441 0.84926589
vt 0.35645441 0.84327717
vt 0.35645441 0.83650511
vt 0.35645441 0.83025994
vt 0.35645441 0.82593236
vt 0.37166131 1.03928795
vt 0.37166131 1.03435897
vt 0.37166131 1.02693481
vt 0.37166131 1.01873764
vt 0.37166131 1.01141912
vt 0.37166131 1.00496161
vt 0.37166131 0.9985733
vt 0.37166131 0.99254265
vt 0.37166131 0.98715637
vt 0.37166131 0.98217312
vt 0.37166131 0.97713845
vt 0.37166131 0.97210348
vt 0.37166131 0.96718286
vt 0.37166131 0.96180359
vt 0.37166131 0.95557652
vt 0.37166131 0.94903632
vt 0.37166131 0.94277429
vt 0.37166131 0.9367964
vt 0.37166131 0.93069078
vt 0.37166131 0.92442217
vt 0.37166131 0.91797849
vt 0.37166131 0.91109634
vt 0.37166131 0.90386347
vt 0.37166131 0.89681515
vt 0.37166131 0.89045712
vt 0.37166131 0.88480417
vt 0.37166131 0.87931513
vt 0.37166131 0.87385277
vt 0.37166131 0.86850228
vt 0.37166131 0.86320485
vt 0.37166131 0.85791
vt 0.37166131 0.85265407
vt 0.37166131 0.84735101
vt 0.37166131 0.84116105
vt 0.37166131 0.83416143
vt 0.37166131 0.8277064
vt 0.37166131 0.82323339
vt 0.38686822 1.03617109
vt 0.38686822 1.03121988
vt 0.38686822 1.0238271
vt 0.38686822 1.01573152
vt 0.38686822 1.0085934
vt 0.38686822 1.00236502
vt 0.38686822 0.99621575
vt 0.38686822 0.99040878
vt 0.38686822 0.98520323
vt 0.38686822 0.9803132
vt 0.38686822 0.9752751
vt 0.38686822 0.97017073
vt 0.38686822 0.96515243
vt 0.38686822 0.95967975
vt 0.38686822 0.95339843
vt 0.38686822 0.94686976
vt 0.38686822 0.94070191
vt 0.38686822 0.93490064
vt 0.38686822 0.92903285
vt 0.38686822 0.92304032
vt 0.38686822 0.91688395
vt 0.38686822 0.91026894
vt 0.38686822 0.90325928
vt 0.38686822 0.89637728
vt 0.38686822 0.89011932
vt 0.38686822 0.88448711
vt 0.38686822 0.87894647
vt 0.38686822 0.87340935
vt 0.38686822 0.86798563
vt 0.38686822 0.86261569
vt 0.38686822 0.85724837
vt 0.38686822 0.8519205
vt 0.38686822 0.84654486
vt 0.38686822 0.84027018
vt 0.38686822 0.83317475
vt 0.38686822 0.82663138
vt 0.38686822 0.82209715
vt 0.40207513 1.03266921
vt 0.40207513 1.02776928
vt 0.40207513 1.02049138
vt 0.40207513 1.01256151
vt 0.40207513 1.00562337
vt 0.40207513 0.99961131
vt 0.40207513 0.99368191
vt 0.40207513 0.9880794
vt 0.40207513 0.98304266
vt 0.40207513 0.97826351
vt 0.40207513 0.97328214
vt 0.40207513 0.968199
vt 0.40207513 0.9631866
vt 0.40207513 0.95772963
vt 0.40207513 0.9514978
vt 0.40207513 0.94506037
vt 0.40207513 0.93902762
vt 0.40207513 0.93340556
vt 0.40207513 0.92775462
vt 0.40207513 0.92200375
vt 0.40207513 0.91609805
vt 0.40207513 0.90972763
vt 0.40207513 0.90294141
vt 0.40207513 0.8962472
vt 0.40207513 0.89012951
vt 0.40207513 0.88458242
vt 0.40207513 0.87908323
vt 0.40207513 0.87357384
vt 0.40207513 0.86817729
vt 0.40207513 0.86283424
vt 0.40207513 0.85749381
vt 0.40207513 0.85219263
vt 0.40207513 0.84684392
vt 0.40207513 0.84060066
vt 0.40207513 0.83354077
vt 0.40207513 0.82703017
vt 0.40207513 0.82251865
vt 0.41728203 1.03050409
vt 0.41728203 1.02568646
vt 0.41728203 1.01853155
vt 0.41728203 1.01073647
vt 0.41728203 1.00391732
vt 0.41728203 0.99800919
vt 0.41728203 0.99218241
vt 0.41728203 0.98667679
vt 0.41728203 0.98172684
vt 0.41728203 0.97702908
vt 0.41728203 0.97213141
vt 0.41728203 0.967133
vt 0.41728203 0.96220388
vt 0.41728203 0.95683777
vt 0.41728203 0.95071031
vt 0.41728203 0.94438146
vt 0.41728203 0.93845142
vt 0.41728203 0.9329261
vt 0.41728203 0.92737311
vt 0.41728203 0.92172233
vt 0.41728203 0.91591948
vt 0.41728203 0.90965949
vt 0.41728203 0.90299019
vt 0.41728203 0.89641069
vt 0.41728203 0.89039722
vt 0.41728203 0.88494382
vt 0.41728203 0.87953668
vt 0.41728203 0.87411925
vt 0.41728203 0.86881278
vt 0.41728203 0.86355892
vt 0.41728203 0.85830763
vt 0.41728203 0.85309492
vt 0.41728203 0.84783549
vt 0.41728203 0.84169645
vt 0.41728203 0.8347544
vt 0.41728203 0.82835247
vt 0.41728203 0.82391625
vn -0.17969 -0.080876 0.980393
vn -0.179711 -0.079487 0.980503
vn -0.180029 -0.052854 0.98224
vn -0.180256 0.016559 0.98348
vn -0.178821 0.127006 0.97565
vn -0.17529 0.233664 0.956386
vn -0.171246 0.312604 0.93432
vn -0.165984 0.390277 0.905612
vn -0.15631 0.498251 0.852826
vn -0.136107 0.655756 0.742603
vn -0.101603 0.82606 0.554348
vn -0.048189 0.963613 0.26292
vn 0.03233 0.983788 -0.176394
vn 0.101972 0.824662 -0.556358
vn 0.137428 0.647224 -0.74981
vn 0.157175 0.489798 -0.857551
vn 0.169394 0.342249 -0.924214
vn 0.175817 0.22116 -0.959258
vn 0.17877 0.129207 -0.97537
vn 0.180056 0.049987 -0.982385
vn 0.180219 -0.026176 -0.983278
vn 0.179344 -0.101834 -0.978502
vn 0.177404 -0.177932 -0.967919
vn 0.173725 -0.267217 -0.947847
vn 0.164064 -0.414512 -0.895133
vn 0.139174 -0.635642 -0.759335
vn 0.109861 -0.792872 -0.599404
vn 0.106379 -0.807349 -0.580406
vn 0.117627 -0.757821 -0.641772
vn 0.123637 -0.727789 -0.674564
vn 0.130814 -0.688102 -0.713725
vn 0.146529 -0.582571 -0.799463
vn 0.165833 -0.392252 -0.904786
vn 0.176028 -0.215936 -0.960409
vn 0.178837 -0.126295 -0.975739
vn 0.179345 -0.101742 -0.978511
vn 0.180281 0 -0.983615
vn -0.187115 -0.079852 0.979087
vn -0.187142 -0.077991 0.979232
vn -0.187466 -0.05144 0.980923
vn -0.18769 0.015977 0.982098
vn -0.186326 0.121408 0.974958
vn -0.183025 0.222117 0.957688
vn -0.17928 0.29638 0.938092
vn -0.174457 0.369137 0.912854
vn -0.165592 0.470973 0.866466
vn -0.14676 0.623493 0.767931
vn -0.113428 0.796787 0.593519
vn -0.058935 0.949436 0.308381
vn 0.028682 0.988257 -0.150083
vn 0.106298 0.824215 -0.55621
vn 0.14464 0.6374 -0.756836
vn 0.165121 0.475635 -0.864006
vn 0.177304 0.328394 -0.92775
vn 0.183504 0.210615 -0.960192
vn 0.186298 0.122623 -0.974811
vn 0.187503 0.04739 -0.98112
vn 0.187656 -0.024855 -0.98192
vn 0.186828 -0.097072 -0.977585
vn 0.184969 -0.170387 -0.967861
vn 0.181401 -0.257171 -0.949188
vn 0.171874 -0.40206 -0.899337
vn 0.146429 -0.625703 -0.766195
vn 0.115011 -0.790323 -0.6018
vn 0.110765 -0.807349 -0.579585
vn 0.122477 -0.757821 -0.640865
vn 0.128735 -0.727789 -0.67361
vn 0.136208 -0.688102 -0.712715
vn 0.15257 -0.582571 -0.798332
vn 0.17267 -0.392252 -0.903506
vn 0.183285 -0.215936 -0.959051
vn 0.186211 -0.126295 -0.974359
vn 0.18674 -0.101742 -0.977127
vn 0.187714 0 -0.982224
vn -0.194523 -0.079078 0.977705
vn -0.194556 -0.076874 0.977874
vn -0.194886 -0.050398 0.97953
vn -0.19511 0.015554 0.980658
vn -0.193784 0.117407 0.973993
vn -0.190616 0.21393 0.958071
vn -0.187047 0.284904 0.940129
vn -0.182483 0.354198 0.917193
vn -0.174103 0.451597 0.87507
vn -0.156104 0.600021 0.784606
vn -0.123476 0.774335 0.620611
vn -0.068012 0.937294 0.341839
vn 0.02577 0.991241 -0.129526
vn 0.110598 0.82387 -0.555883
vn 0.151549 0.629944 -0.761711
vn 0.172737 0.465164 -0.868208
vn 0.184979 0.318391 -0.929736
vn 0.191066 0.203117 -0.960332
vn 0.193771 0.117974 -0.973928
vn 0.194931 0.045561 -0.979758
vn 0.195078 -0.023923 -0.980496
vn 0.194276 -0.093686 -0.976463
vn 0.19246 -0.164976 -0.967338
vn 0.188943 -0.249894 -0.94966
vn 0.179442 -0.392894 -0.901906
vn 0.153384 -0.618166 -0.770937
vn 0.12005 -0.788355 -0.603394
vn 0.115143 -0.807349 -0.578731
vn 0.127318 -0.757821 -0.63992
vn 0.133823 -0.727789 -0.672618
vn 0.141592 -0.688102 -0.711665
vn 0.158601 -0.582571 -0.797156
vn 0.179495 -0.392252 -0.902175
vn 0.19053 -0.215936 -0.957638
vn 0.193571 -0.126295 -0.972923
vn 0.194121 -0.101742 -0.975687
vn 0.195134 0 -0.980777
vn -0.201911 -0.078665 0.97624
vn -0.201949 -0.076282 0.976421
vn -0.202287 -0.049851 0.978057
vn -0.202515 0.015334 0.979159
vn -0.201187 0.115345 0.972738
vn -0.198034 0.209734 0.957494
vn -0.194495 0.279031 0.940379
vn -0.189987 0.34656 0.918586
vn -0.181714 0.441665 0.878585
vn -0.163852 0.587822 0.792224
vn -0.13109 0.76229 0.633821
vn -0.074274 0.930333 0.359115
vn 0.024457 0.992683 -0.118249
vn 0.11485 0.823683 -0.555298
vn 0.157953 0.62595 -0.7637
vn 0.179875 0.459652 -0.869693
vn 0.192348 0.313206 -0.930002
vn 0.198477 0.199266 -0.959635
vn 0.201181 0.115598 -0.972709
vn 0.202337 0.044627 -0.978299
vn 0.202483 -0.023446 -0.979005
vn 0.201681 -0.091947 -0.975126
vn 0.199858 -0.162182 -0.966309
vn 0.196309 -0.246114 -0.949153
vn 0.186665 -0.388082 -0.902523
vn 0.159844 -0.614133 -0.772845
vn 0.124882 -0.787289 -0.603805
vn 0.119513 -0.807349 -0.577844
vn 0.132149 -0.757821 -0.63894
vn 0.138901 -0.727789 -0.671587
vn 0.146965 -0.688102 -0.710575
vn 0.16462 -0.582571 -0.795935
vn 0.186307 -0.392252 -0.900793
vn 0.197761 -0.215936 -0.956171
vn 0.200917 -0.126295 -0.971433
vn 0.201488 -0.101742 -0.974193
vn 0.202539 0 -0.979274
vn -0.209277 -0.078677 0.974686
vn -0.209316 -0.076299 0.974867
vn -0.209667 -0.049867 0.9765
vn -0.209904 0.015341 0.977602
vn -0.208526 0.115405 0.971184
vn -0.205254 0.209855 0.955946
vn -0.20158 0.2792 0.938836
vn -0.196901 0.34678 0.917046
vn -0.188314 0.441952 0.87705
vn -0.169776 0.588175 0.790713
vn -0.135786 0.762643 0.632407
vn -0.076873 0.930541 0.358027
vn 0.025419 0.992642 -0.118386
vn 0.119038 0.823688 -0.554407
vn 0.163696 0.626067 -0.762393
vn 0.18642 0.459812 -0.868228
vn 0.199355 0.313356 -0.928475
vn 0.205713 0.199378 -0.958087
vn 0.208519 0.115666 -0.971155
vn 0.209719 0.044654 -0.976742
vn 0.20987 -0.023459 -0.977448
vn 0.209038 -0.091997 -0.973571
vn 0.207146 -0.162262 -0.96476
vn 0.203465 -0.246224 -0.947616
vn 0.193463 -0.388222 -0.90103
vn 0.165657 -0.614251 -0.771527
vn 0.12943 -0.78732 -0.602806
vn 0.123873 -0.807349 -0.576925
vn 0.13697 -0.757821 -0.637924
vn 0.143969 -0.727789 -0.670519
vn 0.152327 -0.688102 -0.709445
vn 0.170625 -0.582571 -0.794669
vn 0.193104 -0.392252 -0.89936
vn 0.204975 -0.215936 -0.95465
vn 0.208247 -0.126295 -0.969888
vn 0.208839 -0.101742 -0.972643
vn 0.209928 0 -0.977717
vn -0.216619 -0.079129 0.973044
vn -0.216656 -0.076946 0.973211
vn -0.217023 -0.050465 0.974861
vn -0.217274 0.015581 0.975986
vn -0.215791 0.117661 0.969325
vn -0.212245 0.214449 0.953396
vn -0.208248 0.285631 0.93544
vn -0.203135 0.355144 0.912474
vn -0.193745 0.452826 0.870294
vn -0.173592 0.601523 0.779767
vn -0.137112 0.7758 0.615901
vn -0.075254 0.93812 0.338036
vn 0.028995 0.991058 -0.130243
vn 0.123154 0.823893 -0.553203
vn 0.168679 0.630429 -0.757698
vn 0.192282 0.465839 -0.863726
vn 0.205945 0.31903 -0.925098
vn 0.212749 0.203593 -0.955661
vn 0.215775 0.118268 -0.969254
vn 0.217074 0.045677 -0.975086
vn 0.217238 -0.023982 -0.975824
vn 0.21634 -0.093901 -0.971792
vn 0.21431 -0.16532 -0.962674
vn 0.21038 -0.25036 -0.945019
vn 0.199771 -0.393484 -0.897364
vn 0.170724 -0.618657 -0.766888
vn 0.133652 -0.788484 -0.600358
vn 0.128223 -0.807349 -0.575974
vn 0.14178 -0.757821 -0.636872
vn 0.149025 -0.727789 -0.669414
vn 0.157676 -0.688102 -0.708275
vn 0.176617 -0.582571 -0.793359
vn 0.199885 -0.392252 -0.897877
vn 0.212174 -0.215936 -0.953076
vn 0.21556 -0.126295 -0.968289
vn 0.216173 -0.101742 -0.97104
vn 0.2173 0 -0.976105
vn -0.223934 -0.079981 0.971317
vn -0.223966 -0.078179 0.971456
vn -0.224355 -0.051616 0.97314
vn -0.224625 0.016049 0.974313
vn -0.222973 0.122094 0.967148
vn -0.21897 0.223527 0.949783
vn -0.214422 0.298358 0.930057
vn -0.208557 0.371713 0.904618
vn -0.197776 0.474307 0.857856
vn -0.174922 0.627487 0.758724
vn -0.134639 0.800511 0.583999
vn -0.069223 0.951344 0.300255
vn 0.035091 0.987725 -0.152208
vn 0.127198 0.824272 -0.551721
vn 0.172872 0.638641 -0.749835
vn 0.1974 0.477402 -0.856225
vn 0.212061 0.330101 -0.919817
vn 0.219552 0.211904 -0.95231
vn 0.222936 0.123425 -0.966988
vn 0.224398 0.047706 -0.973329
vn 0.224584 -0.025016 -0.974134
vn 0.22358 -0.097654 -0.969781
vn 0.221333 -0.171314 -0.960033
vn 0.217024 -0.25841 -0.941342
vn 0.205543 -0.40361 -0.891544
vn 0.175017 -0.626958 -0.75914
vn 0.137549 -0.790647 -0.596621
vn 0.132562 -0.807349 -0.574991
vn 0.146578 -0.757821 -0.635785
vn 0.154068 -0.727789 -0.668271
vn 0.163012 -0.688102 -0.707066
vn 0.182594 -0.582571 -0.792004
vn 0.20665 -0.392252 -0.896345
vn 0.219354 -0.215936 -0.951449
vn 0.222855 -0.126295 -0.966636
vn 0.223488 -0.101742 -0.969382
vn 0.224654 0 -0.974439
vn -0.231223 -0.081145 0.969511
vn -0.231247 -0.079883 0.96961
vn -0.231659 -0.053232 0.971339
vn -0.231956 0.016717 0.972583
vn -0.230064 0.128538 0.964649
vn -0.225388 0.236843 0.945043
vn -0.220017 0.317078 0.922526
vn -0.213012 0.396109 0.893154
vn -0.200133 0.505743 0.839149
vn -0.173373 0.664447 0.726947
vn -0.128134 0.833626 0.537261
vn -0.059134 0.966967 0.247947
vn 0.043181 0.982524 -0.181058
vn 0.131179 0.824778 -0.550031
vn 0.176336 0.649796 -0.739371
vn 0.20176 0.493578 -0.845975
vn 0.217658 0.346012 -0.912634
vn 0.22609 0.224057 -0.947988
vn 0.229988 0.131026 -0.964333
vn 0.23169 0.050706 -0.971467
vn 0.231906 -0.02654 -0.972376
vn 0.230751 -0.103143 -0.967531
vn 0.228199 -0.179992 -0.956832
vn 0.223376 -0.269939 -0.936609
vn 0.210765 -0.417846 -0.883732
vn 0.178592 -0.638247 -0.748829
vn 0.141172 -0.793532 -0.591928
vn 0.13689 -0.807349 -0.573976
vn 0.151364 -0.757821 -0.634663
vn 0.159098 -0.727789 -0.667092
vn 0.168334 -0.688102 -0.705818
vn 0.188555 -0.582571 -0.790606
vn 0.213396 -0.392252 -0.894763
vn 0.226515 -0.215936 -0.94977
vn 0.230131 -0.126295 -0.96493
vn 0.230784 -0.101742 -0.967671
vn 0.231988 0 -0.972719
vn -0.238486 -0.082487 0.967636
vn -0.238498 -0.081877 0.967685
vn -0.238937 -0.055162 0.969467
vn -0.239265 0.017533 0.970796
vn -0.237059 0.136587 0.961846
vn -0.231474 0.253667 0.939187
vn -0.224976 0.340794 0.912822
vn -0.216386 0.427021 0.877969
vn -0.200615 0.545153 0.813979
vn -0.168786 0.70888 0.684836
vn -0.117927 0.870145 0.478478
vn -0.046083 0.981283 0.186976
vn 0.052403 0.975729 -0.21262
vn 0.135117 0.825343 -0.548227
vn 0.17924 0.662556 -0.72725
vn 0.205446 0.512771 -0.833581
vn 0.222738 0.365566 -0.903742
vn 0.232346 0.239348 -0.942724
vn 0.236921 0.140699 -0.961287
vn 0.238945 0.054538 -0.9695
vn 0.239205 -0.02848 -0.970551
vn 0.237848 -0.11005 -0.965048
vn 0.234907 -0.190772 -0.953113
vn 0.229445 -0.284048 -0.930952
vn 0.215492 -0.434851 -0.874339
vn 0.181611 -0.651181 -0.736873
vn 0.14461 -0.796758 -0.58674
vn 0.141206 -0.807349 -0.57293
vn 0.156135 -0.757821 -0.633506
vn 0.164113 -0.727789 -0.665875
vn 0.173641 -0.688102 -0.704531
vn 0.1945 -0.582571 -0.789165
vn 0.220123 -0.392252 -0.893131
vn 0.233656 -0.215936 -0.948038
vn 0.237385 -0.126295 -0.963171
vn 0.23806 -0.101742 -0.965907
vn 0.239302 0 -0.970945
vn -0.245725 -0.083841 0.965707
vn -0.245723 -0.083924 0.9657
vn -0.246189 -0.057188 0.967533
vn -0.246551 0.018411 0.968955
vn -0.24397 0.14548 0.958809
vn -0.237261 0.272494 0.932445
vn -0.229348 0.367393 0.901345
vn -0.218745 0.461633 0.859677
vn -0.199359 0.588558 0.78349
vn -0.161661 0.755129 0.635332
vn -0.105309 0.904225 0.413869
vn -0.031887 0.991604 0.125316
vn 0.061743 0.968147 -0.242651
vn 0.139035 0.825895 -0.546413
vn 0.181868 0.675323 -0.714747
vn 0.208686 0.532745 -0.820142
vn 0.227405 0.386744 -0.893709
vn 0.238351 0.256378 -0.936728
vn 0.243742 0.151622 -0.957915
vn 0.246165 0.058886 -0.967437
vn 0.246477 -0.03067 -0.968663
vn 0.244877 -0.117751 -0.962377
vn 0.241479 -0.202606 -0.94902
vn 0.235291 -0.299267 -0.924704
vn 0.219879 -0.452689 -0.864133
vn 0.184354 -0.664143 -0.724519
vn 0.147984 -0.799915 -0.581581
vn 0.145508 -0.807349 -0.571852
vn 0.160893 -0.757821 -0.632314
vn 0.169114 -0.727789 -0.664623
vn 0.178931 -0.688102 -0.703206
vn 0.200426 -0.582571 -0.787681
vn 0.22683 -0.392252 -0.891452
vn 0.240775 -0.215936 -0.946255
vn 0.244618 -0.126295 -0.961359
vn 0.245313 -0.101742 -0.96409
vn 0.246593 0 -0.969119
vn -0.252942 -0.08504 0.963737
vn -0.252926 -0.085764 0.963677
vn -0.253418 -0.05905 0.965553
vn -0.253814 0.019238 0.967062
vn -0.25083 0.154082 0.95569
vn -0.24288 0.29093 0.925402
vn -0.233385 0.393463 0.889223
vn -0.220517 0.495423 0.840195
vn -0.197146 0.630005 0.75115
vn -0.153516 0.796436 0.584912
vn -0.092557 0.931165 0.352654
vn -0.018704 0.997282 0.071265
vn 0.070251 0.960948 -0.267663
vn 0.142957 0.826368 -0.544682
vn 0.184587 0.686512 -0.703298
vn 0.211864 0.550908 -0.807226
vn 0.231908 0.406788 -0.883596
vn 0.24422 0.272977 -0.930505
vn 0.25049 0.16243 -0.954396
vn 0.253354 0.063212 -0.965306
vn 0.253724 -0.032838 -0.966719
vn 0.251862 -0.12527 -0.959621
vn 0.247982 -0.213973 -0.944839
vn 0.241053 -0.313623 -0.918441
vn 0.224203 -0.469049 -0.85424
vn 0.187182 -0.675522 -0.713185
vn 0.151423 -0.802628 -0.57694
vn 0.149797 -0.807349 -0.570743
vn 0.165635 -0.757821 -0.631089
vn 0.174098 -0.727789 -0.663335
vn 0.184205 -0.688102 -0.701843
vn 0.206333 -0.582571 -0.786154
vn 0.233516 -0.392252 -0.889724
vn 0.247872 -0.215936 -0.944421
vn 0.251829 -0.126295 -0.959496
vn 0.252544 -0.101742 -0.962221
vn 0.253861 0 -0.967241
vn -0.260139 -0.085943 0.961739
vn -0.260111 -0.087169 0.961636
vn -0.260627 -0.060498 0.963542
vn -0.261054 0.019894 0.965119
vn -0.257696 0.161074 0.952706
vn -0.248575 0.306072 0.918984
vn -0.237575 0.414867 0.878319
vn -0.222548 0.523004 0.822763
vn -0.195463 0.663025 0.722628
vn -0.146711 0.827215 0.542393
vn -0.082316 0.949006 0.304322
vn -0.008437 0.999478 0.031191
vn 0.077211 0.955278 -0.285451
vn 0.146903 0.826717 -0.543101
vn 0.18777 0.694869 -0.69419
vn 0.215456 0.564888 -0.796543
vn 0.236625 0.422753 -0.874808
vn 0.250156 0.286554 -0.924829
vn 0.257242 0.171397 -0.951026
vn 0.260522 0.066819 -0.963153
vn 0.260949 -0.034638 -0.964731
vn 0.25884 -0.131434 -0.956936
vn 0.254521 -0.223155 -0.940968
vn 0.246928 -0.325033 -0.912896
vn 0.228811 -0.481735 -0.845918
vn 0.190464 -0.684031 -0.704148
vn 0.155041 -0.804623 -0.573188
vn 0.154071 -0.807349 -0.569604
vn 0.170362 -0.757821 -0.629829
vn 0.179066 -0.727789 -0.662011
vn 0.189462 -0.688102 -0.700442
vn 0.212221 -0.582571 -0.784585
vn 0.24018 -0.392252 -0.887948
vn 0.254945 -0.215936 -0.942536
vn 0.259015 -0.126295 -0.957581
vn 0.25975 -0.101742 -0.960301
vn 0.261105 0 -0.96531
vn -0.267319 -0.086473 0.95972
vn -0.267283 -0.088001 0.959591
vn -0.267818 -0.061366 0.961513
vn -0.268269 0.020294 0.96313
vn -0.264628 0.1654 0.95006
vn -0.254619 0.315504 0.914126
vn -0.242482 0.428187 0.870551
vn -0.225826 0.540073 0.810755
vn -0.195978 0.683045 0.703593
vn -0.143526 0.844916 0.515284
vn -0.076621 0.958362 0.275084
vn -0.002243 0.999965 0.008053
vn 0.082242 0.95187 -0.295262
vn 0.150885 0.826918 -0.541702
vn 0.19169 0.699739 -0.688201
vn 0.219869 0.573201 -0.789366
vn 0.241933 0.432479 -0.868579
vn 0.256384 0.294988 -0.920461
vn 0.264086 0.177027 -0.948114
vn 0.267683 0.069093 -0.961027
vn 0.268152 -0.035768 -0.962712
vn 0.265858 -0.135271 -0.954474
vn 0.261206 -0.228809 -0.937773
vn 0.253107 -0.331977 -0.908696
vn 0.234006 -0.48932 -0.840123
vn 0.194472 -0.688995 -0.698188
vn 0.158908 -0.805774 -0.570505
vn 0.158331 -0.807349 -0.568435
vn 0.175071 -0.757821 -0.628536
vn 0.184017 -0.727789 -0.660652
vn 0.1947 -0.688102 -0.699005
vn 0.218088 -0.582571 -0.782974
vn 0.24682 -0.392252 -0.886125
vn 0.261994 -0.215936 -0.940601
vn 0.266175 -0.126295 -0.955615
vn 0.266932 -0.101742 -0.95833
vn 0.268324 0 -0.963329
vn -0.27448 -0.086632 0.957682
vn -0.274441 -0.088252 0.957546
vn -0.274992 -0.06163 0.959469
vn -0.275459 0.020417 0.961096
vn -0.271659 0.166738 0.94784
vn -0.261174 0.318432 0.911257
vn -0.248439 0.432317 0.866822
vn -0.23094 0.545348 0.805768
vn -0.199641 0.689163 0.696561
vn -0.145058 0.850178 0.506119
vn -0.076183 0.961011 0.265807
vn -0.000329 0.999999 0.001149
vn 0.085329 0.950832 -0.297719
vn 0.154905 0.826978 -0.540474
vn 0.196433 0.701202 -0.685369
vn 0.225275 0.575722 -0.786
vn 0.248021 0.435464 -0.865365
vn 0.263032 0.297602 -0.91774
vn 0.271077 0.178781 -0.945809
vn 0.274844 0.069803 -0.958952
vn 0.275336 -0.036121 -0.960669
vn 0.272939 -0.136462 -0.952304
vn 0.268094 -0.230554 -0.935399
vn 0.259683 -0.334108 -0.906055
vn 0.239921 -0.491627 -0.837102
vn 0.199293 -0.690486 -0.69535
vn 0.163038 -0.806119 -0.568851
vn 0.162575 -0.807349 -0.567236
vn 0.179764 -0.757821 -0.62721
vn 0.188949 -0.727789 -0.659258
vn 0.199918 -0.688102 -0.69753
vn 0.223934 -0.582571 -0.781323
vn 0.253436 -0.392252 -0.884256
vn 0.269016 -0.215936 -0.938617
vn 0.27331 -0.126295 -0.953599
vn 0.274086 -0.101742 -0.956308
vn 0.275516 0 -0.961296
vn -0.281621 -0.086504 0.955619
vn -0.281583 -0.08805 0.955489
vn -0.282147 -0.061417 0.957403
vn -0.282622 0.020318 0.959016
vn -0.278775 0.165661 0.945961
vn -0.268189 0.316074 0.910039
vn -0.255348 0.428991 0.866467
vn -0.237722 0.541101 0.806659
vn -0.206147 0.68424 0.699514
vn -0.150743 0.845949 0.511514
vn -0.080221 0.958887 0.272213
vn -0.001966 0.999976 0.006671
vn 0.08682 0.951667 -0.294604
vn 0.158953 0.826929 -0.539372
vn 0.201867 0.700026 -0.684992
vn 0.231535 0.573694 -0.785664
vn 0.254798 0.433062 -0.864601
vn 0.270057 0.295497 -0.916379
vn 0.278198 0.177368 -0.944005
vn 0.282002 0.069231 -0.956913
vn 0.282499 -0.035837 -0.958598
vn 0.280073 -0.135503 -0.950367
vn 0.275159 -0.229149 -0.933691
vn 0.266608 -0.332393 -0.904674
vn 0.246455 -0.489771 -0.836292
vn 0.204799 -0.689287 -0.69494
vn 0.167384 -0.805842 -0.56798
vn 0.166802 -0.807349 -0.566007
vn 0.184439 -0.757821 -0.625852
vn 0.193863 -0.727789 -0.65783
vn 0.205117 -0.688102 -0.696019
vn 0.229757 -0.582571 -0.77963
vn 0.260026 -0.392252 -0.88234
vn 0.276011 -0.215936 -0.936584
vn 0.280417 -0.126295 -0.951533
vn 0.281214 -0.101742 -0.954237
vn 0.28268 0 -0.959214
vn -0.288737 -0.086225 0.953518
vn -0.288702 -0.087611 0.953402
vn -0.289277 -0.060958 0.955302
vn -0.289758 0.020106 0.956889
vn -0.285923 0.163356 0.944226
vn -0.27544 0.311041 0.909608
vn -0.262762 0.421886 0.867738
vn -0.245399 0.532009 0.810399
vn -0.214195 0.673628 0.707351
vn -0.158729 0.836682 0.524183
vn -0.086802 0.954094 0.286653
vn -0.005659 0.999809 0.018688
vn 0.087376 0.953471 -0.288547
vn 0.16301 0.826824 -0.538321
vn 0.207688 0.697465 -0.685863
vn 0.238266 0.569303 -0.786844
vn 0.261944 0.427897 -0.865037
vn 0.277274 0.290999 -0.915663
vn 0.285377 0.174358 -0.942422
vn 0.289145 0.068014 -0.954866
vn 0.289636 -0.035232 -0.956488
vn 0.287224 -0.133456 -0.948521
vn 0.282308 -0.22614 -0.932289
vn 0.273712 -0.328707 -0.903899
vn 0.253326 -0.48576 -0.836578
vn 0.210686 -0.686677 -0.695764
vn 0.171847 -0.805238 -0.567504
vn 0.171013 -0.807349 -0.564749
vn 0.189094 -0.757821 -0.624461
vn 0.198756 -0.727789 -0.656368
vn 0.210295 -0.688102 -0.694472
vn 0.235557 -0.582571 -0.777897
vn 0.26659 -0.392252 -0.880379
vn 0.282979 -0.215936 -0.934502
vn 0.287496 -0.126295 -0.949419
vn 0.288312 -0.101742 -0.952116
vn 0.289816 0 -0.957082
vn -0.295823 -0.085954 0.951368
vn -0.295791 -0.087186 0.951266
vn -0.296378 -0.060515 0.953152
vn -0.296863 0.019902 0.954713
vn -0.293041 0.161158 0.94242
vn -0.282655 0.306255 0.909018
vn -0.270129 0.415125 0.868735
vn -0.253015 0.523336 0.813697
vn -0.222172 0.663418 0.714504
vn -0.166681 0.82757 0.536046
vn -0.093434 0.9492 0.300483
vn -0.009452 0.999493 0.030398
vn 0.087867 0.955211 -0.28258
vn 0.167052 0.826721 -0.53724
vn 0.2135 0.694966 -0.686615
vn 0.244977 0.565052 -0.787847
vn 0.269058 0.422943 -0.86529
vn 0.284456 0.286718 -0.91481
vn 0.292523 0.171506 -0.940753
vn 0.296258 0.066863 -0.952765
vn 0.296744 -0.03466 -0.954328
vn 0.294343 -0.131509 -0.946608
vn 0.289427 -0.223265 -0.930798
vn 0.280786 -0.325169 -0.903008
vn 0.260174 -0.481884 -0.836718
vn 0.216563 -0.68413 -0.696467
vn 0.176299 -0.804646 -0.566977
vn 0.175206 -0.807349 -0.563463
vn 0.193731 -0.757821 -0.623038
vn 0.20363 -0.727789 -0.654873
vn 0.215451 -0.688102 -0.69289
vn 0.241332 -0.582571 -0.776125
vn 0.273126 -0.392252 -0.878374
vn 0.289917 -0.215936 -0.932373
vn 0.294545 -0.126295 -0.947255
vn 0.295381 -0.101742 -0.949947
vn 0.296922 0 -0.954902
vn -0.302875 -0.085833 0.949157
vn -0.302845 -0.086998 0.949061
vn -0.303444 -0.06032 0.950938
vn -0.303938 0.019813 0.952486
vn -0.300071 0.1602 0.940369
vn -0.289593 0.304171 0.907533
vn -0.276973 0.412181 0.867982
vn -0.259747 0.519553 0.814
vn -0.228666 0.658938 0.716598
vn -0.172458 0.823511 0.540452
vn -0.097687 0.946963 0.306135
vn -0.01134 0.999304 0.035537
vn 0.089206 0.955977 -0.279555
vn 0.171053 0.826675 -0.53605
vn 0.218912 0.693858 -0.686031
vn 0.251204 0.563176 -0.787229
vn 0.275776 0.420772 -0.864233
vn 0.291403 0.284852 -0.913205
vn 0.299558 0.170267 -0.938762
vn 0.303327 0.066363 -0.950573
vn 0.303817 -0.034411 -0.952109
vn 0.301391 -0.130661 -0.944506
vn 0.296411 -0.222009 -0.928898
vn 0.287638 -0.323619 -0.901407
vn 0.266658 -0.480177 -0.835658
vn 0.222045 -0.683001 -0.695849
vn 0.180608 -0.804383 -0.565994
vn 0.179381 -0.807349 -0.562147
vn 0.198347 -0.757821 -0.621584
vn 0.208482 -0.727789 -0.653344
vn 0.220585 -0.688102 -0.691273
vn 0.247083 -0.582571 -0.774314
vn 0.279634 -0.392252 -0.876323
vn 0.296825 -0.215936 -0.930197
vn 0.301563 -0.126295 -0.945045
vn 0.30242 -0.101742 -0.947729
vn 0.303997 0 -0.952673
vn -0.309889 -0.085968 0.946878
vn -0.309856 -0.087208 0.946776
vn -0.31047 -0.060538 0.948654
vn -0.310979 0.019913 0.950208
vn -0.306969 0.161272 0.937956
vn -0.29607 0.306501 0.904654
vn -0.282924 0.415474 0.864486
vn -0.26496 0.523784 0.809597
vn -0.23259 0.663947 0.710687
vn -0.174388 0.828046 0.532849
vn -0.097632 0.94946 0.298318
vn -0.009702 0.999513 0.029644
vn 0.092135 0.955121 -0.281523
vn 0.174993 0.826726 -0.534698
vn 0.223612 0.695096 -0.683256
vn 0.256579 0.565273 -0.783986
vn 0.281814 0.423199 -0.861094
vn 0.297961 0.286938 -0.910432
vn 0.306424 0.171653 -0.93629
vn 0.310343 0.066922 -0.948266
vn 0.310853 -0.034689 -0.949825
vn 0.308335 -0.131609 -0.94213
vn 0.303179 -0.223413 -0.926374
vn 0.294118 -0.325352 -0.898688
vn 0.27251 -0.482085 -0.832666
vn 0.226822 -0.684263 -0.693063
vn 0.184669 -0.804677 -0.564263
vn 0.183537 -0.807349 -0.560804
vn 0.202942 -0.757821 -0.620099
vn 0.213312 -0.727789 -0.651783
vn 0.225695 -0.688102 -0.689621
vn 0.252808 -0.582571 -0.772463
vn 0.286113 -0.392252 -0.87423
vn 0.303702 -0.215936 -0.927974
vn 0.30855 -0.126295 -0.942786
vn 0.309427 -0.101742 -0.945465
vn 0.311041 0 -0.950397
vn -0.316862 -0.086402 0.944528
vn -0.31682 -0.08789 0.944405
vn -0.317454 -0.061249 0.946294
vn -0.317986 0.02024 0.947879
vn -0.313702 0.164814 0.935108
vn -0.301942 0.314223 0.900053
vn -0.287691 0.426378 0.857575
vn -0.268148 0.53776 0.799319
vn -0.233095 0.680352 0.694829
vn -0.171294 0.842579 0.510607
vn -0.092089 0.957166 0.274506
vn -0.003669 0.999933 0.010936
vn 0.097031 0.952327 -0.289237
vn 0.17886 0.826891 -0.533161
vn 0.227417 0.699092 -0.677903
vn 0.260863 0.572088 -0.777602
vn 0.286969 0.431168 -0.85542
vn 0.30401 0.293844 -0.906219
vn 0.313072 0.17626 -0.93323
vn 0.317298 0.068783 -0.945828
vn 0.317849 -0.035614 -0.947472
vn 0.31515 -0.13475 -0.939427
vn 0.309671 -0.228044 -0.923093
vn 0.300118 -0.331041 -0.894618
vn 0.277555 -0.488304 -0.827359
vn 0.230712 -0.688335 -0.687726
vn 0.188423 -0.805622 -0.561667
vn 0.187674 -0.807349 -0.559434
vn 0.207517 -0.757821 -0.618583
vn 0.21812 -0.727789 -0.65019
vn 0.230782 -0.688102 -0.687935
vn 0.258506 -0.582571 -0.770575
vn 0.292562 -0.392252 -0.872093
vn 0.310547 -0.215936 -0.925706
vn 0.315504 -0.126295 -0.940482
vn 0.316401 -0.101742 -0.943154
vn 0.318051 0 -0.948074
vn -0.323792 -0.087116 0.942109
vn -0.323737 -0.089018 0.94195
vn -0.324394 -0.062439 0.943859
vn -0.324957 0.020795 0.9455
vn -0.320246 0.170897 0.931792
vn -0.307096 0.327559 0.893531
vn -0.291043 0.445184 0.846821
vn -0.268903 0.561724 0.782404
vn -0.229559 0.707937 0.667928
vn -0.162596 0.86588 0.473091
vn -0.08088 0.968544 0.23533
vn 0.00662 0.999793 -0.01926
vn 0.103776 0.947659 -0.301949
vn 0.182655 0.827158 -0.531456
vn 0.23031 0.705624 -0.670114
vn 0.26398 0.583411 -0.76808
vn 0.291125 0.444671 -0.847062
vn 0.309464 0.305742 -0.900419
vn 0.319462 0.184273 -0.929509
vn 0.324183 0.072031 -0.943248
vn 0.324802 -0.037225 -0.945049
vn 0.321819 -0.140174 -0.936367
vn 0.31585 -0.235964 -0.918999
vn 0.305585 -0.340676 -0.889133
vn 0.281729 -0.498682 -0.819722
vn 0.233699 -0.694996 -0.679974
vn 0.191877 -0.807155 -0.558287
vn 0.19179 -0.807349 -0.558036
vn 0.212069 -0.757821 -0.617037
vn 0.222904 -0.727789 -0.648565
vn 0.235845 -0.688102 -0.686216
vn 0.264176 -0.582571 -0.76865
vn 0.298979 -0.392252 -0.869913
vn 0.31736 -0.215936 -0.923393
vn 0.322425 -0.126295 -0.938132
vn 0.323341 -0.101742 -0.940797
vn 0.325028 0 -0.945704
vn -0.330681 -0.088023 0.939629
vn -0.330608 -0.090466 0.939422
vn -0.331289 -0.063987 0.941357
vn -0.331893 0.02153 0.943071
vn -0.326601 0.179121 0.928034
vn -0.311498 0.345733 0.88512
vn -0.292889 0.470729 0.832244
vn -0.267073 0.59394 0.758886
vn -0.221877 0.743832 0.630463
vn -0.148741 0.894005 0.422647
vn -0.065151 0.980552 0.185127
vn 0.019921 0.998198 -0.056605
vn 0.111769 0.941617 -0.317591
vn 0.186394 0.827492 -0.529637
vn 0.232479 0.713846 -0.660588
vn 0.266076 0.597985 -0.756054
vn 0.29432 0.462561 -0.836309
vn 0.3143 0.321902 -0.893081
vn 0.325576 0.195315 -0.925123
vn 0.330996 0.076532 -0.940524
vn 0.331711 -0.039447 -0.942556
vn 0.328335 -0.147565 -0.932963
vn 0.321717 -0.246609 -0.914157
vn 0.310544 -0.353435 -0.882409
vn 0.285131 -0.512134 -0.810197
vn 0.235965 -0.703391 -0.670494
vn 0.195105 -0.809065 -0.55439
vn 0.195887 -0.807349 -0.556611
vn 0.216598 -0.757821 -0.615462
vn 0.227665 -0.727789 -0.646909
vn 0.240882 -0.688102 -0.684464
vn 0.269818 -0.582571 -0.766687
vn 0.305365 -0.392252 -0.867693
vn 0.324138 -0.215936 -0.921035
vn 0.329311 -0.126295 -0.935737
vn 0.330247 -0.101742 -0.938395
vn 0.33197 0 -0.94329
vn -0.337532 -0.088975 0.9371
vn -0.337439 -0.092004 0.936841
vn -0.338145 -0.065662 0.938801
vn -0.338791 0.022342 0.940596
vn -0.332805 0.188434 0.923977
vn -0.315298 0.366487 0.875371
vn -0.293526 0.49974 0.814925
vn -0.263183 0.629949 0.730684
vn -0.211145 0.782162 0.586209
vn -0.131869 0.92118 0.366113
vn -0.047562 0.990102 0.132048
vn 0.034052 0.994939 -0.094539
vn 0.120039 0.935159 -0.333269
vn 0.1901 0.827834 -0.527781
vn 0.234325 0.722399 -0.650562
vn 0.267601 0.61353 -0.742947
vn 0.296858 0.482298 -0.824175
vn 0.318652 0.340287 -0.884684
vn 0.331456 0.208109 -0.920232
vn 0.337741 0.081786 -0.937679
vn 0.338577 -0.042027 -0.94
vn 0.334726 -0.156017 -0.92931
vn 0.327351 -0.258571 -0.908835
vn 0.315161 -0.367515 -0.874989
vn 0.288082 -0.526604 -0.799811
vn 0.237906 -0.712132 -0.660506
vn 0.198244 -0.81103 -0.550391
vn 0.199962 -0.807349 -0.55516
vn 0.221104 -0.757821 -0.613857
vn 0.232401 -0.727789 -0.645223
vn 0.245893 -0.688102 -0.68268
vn 0.275432 -0.582571 -0.764689
vn 0.311718 -0.392252 -0.865431
vn 0.330881 -0.215936 -0.918634
vn 0.336162 -0.126295 -0.933298
vn 0.337117 -0.101742 -0.935949
vn 0.338876 0 -0.940831
vn -0.344349 -0.089788 0.934538
vn -0.344236 -0.093333 0.934232
vn -0.344966 -0.067133 0.936211
vn -0.345654 0.023071 0.938079
vn -0.338971 0.196993 0.919942
vn -0.318992 0.385708 0.865721
vn -0.293966 0.526401 0.797801
vn -0.259019 0.662389 0.702958
vn -0.200398 0.814894 0.543865
vn -0.116105 0.94193 0.315101
vn -0.031973 0.995715 0.086771
vn 0.04633 0.990981 -0.125735
vn 0.127453 0.929575 -0.345899
vn 0.193808 0.828121 -0.525979
vn 0.236435 0.729631 -0.641667
vn 0.269348 0.626981 -0.73099
vn 0.299435 0.499949 -0.812644
vn 0.322929 0.357253 -0.876406
vn 0.337263 0.22015 -0.915307
vn 0.344442 0.08677 -0.934789
vn 0.345404 -0.044461 -0.9374
vn 0.341072 -0.163863 -0.925645
vn 0.332955 -0.269479 -0.903616
vn 0.319793 -0.380121 -0.867894
vn 0.291172 -0.539233 -0.790219
vn 0.240106 -0.719532 -0.651631
vn 0.201472 -0.812675 -0.54678
vn 0.204015 -0.807349 -0.553683
vn 0.225586 -0.757821 -0.612224
vn 0.237113 -0.727789 -0.643507
vn 0.250878 -0.688102 -0.680864
vn 0.281015 -0.582571 -0.762655
vn 0.318037 -0.392252 -0.863128
vn 0.337589 -0.215936 -0.916191
vn 0.342977 -0.126295 -0.930815
vn 0.343951 -0.101742 -0.933459
vn 0.345746 0 -0.938328
vn -0.351138 -0.090273 0.931962
vn -0.351012 -0.094132 0.931627
vn -0.351761 -0.068029 0.933615
vn -0.35248 0.023522 0.935524
vn -0.345281 0.202395 0.916416
vn -0.323465 0.3979 0.858514
vn -0.296029 0.543186 0.785695
vn -0.257712 0.682444 0.683999
vn -0.194431 0.834204 0.516042
vn -0.106763 0.953052 0.283361
vn -0.022556 0.997951 0.059867
vn 0.054126 0.988146 -0.143657
vn 0.132918 0.926218 -0.352779
vn 0.197549 0.82829 -0.524319
vn 0.239485 0.733916 -0.635621
vn 0.272346 0.635084 -0.722839
vn 0.303101 0.510846 -0.804467
vn 0.327838 0.367987 -0.870119
vn 0.3433 0.22789 -0.911159
vn 0.351147 0.089997 -0.931985
vn 0.352204 -0.04603 -0.934791
vn 0.347515 -0.168855 -0.922346
vn 0.33885 -0.276321 -0.899348
vn 0.324969 -0.387915 -0.862506
vn 0.295179 -0.546892 -0.78344
vn 0.243238 -0.723919 -0.645582
vn 0.204976 -0.813643 -0.544031
vn 0.208047 -0.807349 -0.552181
vn 0.230044 -0.757821 -0.610563
vn 0.241798 -0.727789 -0.641761
vn 0.255835 -0.688102 -0.679017
vn 0.286568 -0.582571 -0.760585
vn 0.324321 -0.392252 -0.860787
vn 0.34426 -0.215936 -0.913705
vn 0.349755 -0.126295 -0.928289
vn 0.350748 -0.101742 -0.930927
vn 0.352578 0 -0.935782
vn -0.357904 -0.090282 0.929384
vn -0.357775 -0.094148 0.929049
vn -0.358539 -0.068047 0.931031
vn -0.359272 0.023531 0.932936
vn -0.351926 0.202504 0.91386
vn -0.329659 0.398147 0.856039
vn -0.301654 0.543526 0.783317
vn -0.262543 0.682847 0.681756
vn -0.197971 0.834585 0.514078
vn -0.108582 0.953262 0.281959
vn -0.022788 0.997987 0.059175
vn 0.055307 0.988087 -0.143617
vn 0.135538 0.926151 -0.351957
vn 0.201354 0.828293 -0.522864
vn 0.244067 0.734001 -0.633777
vn 0.277547 0.635245 -0.720716
vn 0.308895 0.511064 -0.80212
vn 0.334124 0.368205 -0.867632
vn 0.349902 0.228048 -0.908605
vn 0.357911 0.090063 -0.929402
vn 0.35899 -0.046062 -0.932204
vn 0.354205 -0.168956 -0.919778
vn 0.345365 -0.276459 -0.896824
vn 0.331207 -0.388072 -0.860059
vn 0.300831 -0.547045 -0.78118
vn 0.247892 -0.724006 -0.643711
vn 0.208916 -0.813662 -0.542501
vn 0.212056 -0.807349 -0.550654
vn 0.234477 -0.757821 -0.608875
vn 0.246458 -0.727789 -0.639986
vn 0.260765 -0.688102 -0.677139
vn 0.29209 -0.582571 -0.758482
vn 0.330571 -0.392252 -0.858406
vn 0.350893 -0.215936 -0.911178
vn 0.356494 -0.126295 -0.925722
vn 0.357507 -0.101742 -0.928352
vn 0.359372 0 -0.933194
f 1/1/1 38/38/38 39/39/39
f 1/1/1 39/39/39 2/2/2
f 2/2/2 39/39/39 40/40/40
f 2/2/2 40/40/40 3/3/3
f 3/3/3 40/40/40 41/41/41
f 3/3/3 41/41/41 4/4/4
f 4/4/4 41/41/41 42/42/42
f 4/4/4 42/42/42 5/5/5
f 5/5/5 42/42/42 43/43/43
f 5/5/5 43/43/43 6/6/6
f 6/6/6 43/43/43 44/44/44
f 6/6/6 44/44/44 7/7/7
f 7/7/7 44/44/44 45/45/45
f 7/7/7 45/45/45 8/8/8
f 8/8/8 45/45/45 46/46/46
f 8/8/8 46/46/46 9/9/9
f 9/9/9 46/46/46 47/47/47
f 9/9/9 47/47/47 10/10/10
f 10/10/10 47/47/47 48/48/48
f 10/10/10 48/48/48 11/11/11
f 11/11/11 48/48/48 49/49/49
f 11/11/11 49/49/49 12/12/12
f 12/12/12 49/49/49 50/50/50
f 12/12/12 50/50/50 13/13/13
f 13/13/13 50/50/50 51/51/51
f 13/13/13 51/51/51 14/14/14
f 14/14/14 51/51/51 52/52/52
f 14/14/14 52/52/52 15/15/15
f 15/15/15 52/52/52 53/53/53
f 15/15/15 53/53/53 16/16/16
f 16/16/16 53/53/53 54/54/54
f 16/16/16 54/54/54 17/17/17
f 17/17/17 54/54/54 55/55/55
f 17/17/17 55/55/55 18/18/18
f 18/18/18 55/55/55 56/56/56
f 18/18/18 56/56/56 19/19/19
f 19/19/19 56/56/56 57/57/57
f 19/19/19 57/57/57 20/20/20
f 20/20/20 57/57/57 58/58/58
f 20/20/20 58/58/58 21/21/21
f 21/21/21 58/58/58 59/59/59
f 21/21/21 59/59/59 22/22/22
f 22/22/22 59/59/59 60/60/60
f 22/22/22 60/60/60 23/23/23
f 23/23/23 60/60/60 61/61/61
f 23/23/23 61/61/61 24/24/24
f 24/24/24 61/61/61 62/62/62
f 24/24/24 62/62/62 25/25/25
f 25/25/25 62/62/62 63/63/63
f 25/25/25 63/63/63 26/26/26
f 26/26/26 63/63/63 64/64/64
f 26/26/26 64/64/64 27/27/27
f 27/27/27 64/64/64 65/65/65
f 27/27/27 65/65/65 28/28/28
f 28/28/28 65/65/65 66/66/66
f 28/28/28 66/66/66 29/29/29
f 29/29/29 66/66/66 67/67/67
f 29/29/29 67/67/67 30/30/30
f 30/30/30 67/67/67 68/68/68
f 30/30/30 68/68/68 31/31/31
f 31/31/31 68/68/68 69/69/69
f 31/31/31 69/69/69 32/32/32
f 32/32/32 69/69/69 70/70/70
f 32/32/32 70/70/70 33/33/33
f 33/33/33 70/70/70 71/71/71
f 33/33/33 71/71/71 34/34/34
f 34/34/34 71/71/71 72/72/72
f 34/34/34 72/72/72 35/35/35
f 35/35/35 72/72/72 73/73/73
f 35/35/35 73/73/73 36/36/36
f 36/36/36 73/73/73 74/74/74
f 36/36/36 74/74/74 37/37/37
f 38/38/38 75/75/75 76/76/76
f 38/38/38 76/76/76 39/39/39
f 39/39/39 76/76/76 77/77/77
f 39/39/39 77/77/77 40/40/40
f 40/40/40 77/77/77 78/78/78
f 40/40/40 78/78/78 41/41/41
f 41/41/41 78/78/78 79/79/79
f 41/41/41 79/79/79 42/42/42
f 42/42/42 79/79/79 80/80/80
f 42/42/42 80/80/80 43/43/43
f 43/43/43 80/80/80 81/81/81
f 43/43/43 81/81/81 44/44/44
f 44/44/44 81/81/81 82/82/82
f 44/44/44 82/82/82 45/45/45
f 45/45/45 82/82/82 83/83/83
f 45/45/45 83/83/83 46/46/46
f 46/46/46 83/83/83 84/84/84
f 46/46/46 84/84/84 47/47/47
f 47/47/47 84/84/84 85/85/85
f 47/47/47 85/85/85 48/48/48
f 48/48/48 85/85/85 86/86/86
f 48/48/48 86/86/86 49/49/49
f 49/49/49 86/86/86 87/87/87
f 49/49/49 87/87/87 50/50/50
f 50/50/50 87/87/87 88/88/88
f 50/50/50 88/88/88 51/51/51
f 51/51/51 88/88/88 89/89/89
f 51/51/51 89/89/89 52/52/52
f 52/52/52 89/89/89 90/90/90
f 52/52/52 90/90/90 53/53/53
f 53/53/53 90/90/90 91/91/91
f 53/53/53 91/91/91 54/54/54
f 54/54/54 91/91/91 92/92/92
f 54/54/54 92/92/92 55/55/55
f 55/55/55 92/92/92 93/93/93
f 55/55/55 93/93/93 56/56/56
f 56/56/56 93/93/93 94/94/94
f 56/56/56 94/94/94 57/57/57
f 57/57/57 94/94/94 95/95/95
f 57/57/57 95/95/95 58/58/58
f 58/58/58 95/95/95 96/96/96
f 58/58/58 96/96/96 59/59/59
f 59/59/59 96/96/96 97/97/97
f 59/59/59 97/97/97 60/60/60
f 60/60/60 97/97/97 98/98/98
f 60/60/60 98/98/98 61/61/61
f 61/61/61 98/98/98 99/99/99
f 61/61/61 99/99/99 62/62/62
f 62/62/62 99/99/99 100/100/100
f 62/62/62 100/100/100 63/63/63
f 63/63/63 100/100/100 101/101/101
f 63/63/63 101/101/101 64/64/64
f 64/64/64 101/101/101 102/102/102
f 64/64/64 102/102/102 65/65/65
f 65/65/65 102/102/102 103/103/103
f 65/65/65 103/103/103 66/66/66
f 66/66/66 103/103/103 104/104/104
f 66/66/66 104/104/104 67/67/67
f 67/67/67 104/104/104 105/105/105
f 67/67/67 105/105/105 68/68/68
f 68/68/68 105/105/105 106/106/106
f 68/68/68 106/106/106 69/69/69
f 69/69/69 106/106/106 107/107/107
f 69/69/69 107/107/107 70/70/70
f 70/70/70 107/107/107 108/108/108
f 70/70/70 108/108/108 71/71/71
f 71/71/71 108/108/108 109/109/109
f 71/71/71 109/109/109 72/72/72
f 72/72/72 109/109/109 110/110/110
f 72/72/72 110/110/110 73/73/73
f 73/73/73 110/110/110 111/111/111
f 73/73/73 111/111/111 74/74/74
f 75/75/75 112/112/112 113/113/113
f 75/75/75 113/113/113 76/76/76
f 76/76/76 113/113/113 114/114/114
f 76/76/76 114/114/114 77/77/77
f 77/77/77 114/114/114 115/115/115
f 77/77/77 115/115/115 78/78/78
f 78/78/78 115/115/115 116/116/116
f 78/78/78 116/116/116 79/79/79
f 79/79/79 116/116/116 117/117/117
f 79/79/79 117/117/117 80/80/80
f 80/80/80 117/117/117 118/118/118
f 80/80/80 118/118/118 81/81/81
f 81/81/81 118/118/118 119/119/119
f 81/81/81 119/119/119 82/82/82
f 82/82/82 119/119/119 120/120/120
f 82/82/82 120/120/120 83/83/83
f 83/83/83 120/120/120 121/121/121
f 83/83/83 121/121/121 84/84/84
f 84/84/84 121/121/121 122/122/122
f 84/84/84 122/122/122 85/85/85
f 85/85/85 122/122/122 123/123/123
f 85/85/85 123/123/123 86/86/86
f 86/86/86 123/123/123 124/124/124
f 86/86/86 124/124/124 87/87/87
f 87/87/87 124/124/124 125/125/125
f 87/87/87 125/125/125 88/88/88
f 88/88/88 125/125/125 126/126/126
f 88/88/88 126/126/126 89/89/89
f 89/89/89 126/126/126 127/127/127
f 89/89/89 127/127/127 90/90/90
f 90/90/90 127/127/127 128/128/128
f 90/90/90 128/128/128 91/91/91
f 91/91/91 128/128/128 129/129/129
f 91/91/91 129/129/129 92/92/92
f 92/92/92 129/129/129 130/130/130
f 92/92/92 130/130/130 93/93/93
f 93/93/93 130/130/130 131/131/131
f 93/93/93 131/131/131 94/94/94
f 94/94/94 131/131/131 132/132/132
f 94/94/94 132/132/132 95/95/95
f 95/95/95 132/132/132 133/133/133
f 95/95/95 133/133/133 96/96/96
f 96/96/96 133/133/133 134/134/134
f 96/96/96 134/134/134 97/97/97
f 97/97/97 134/134/134 135/135/135
f 97/97/97 135/135/135 98/98/98
f 98/98/98 135/135/135 136/136/136
f 98/98/98 136/136/136 99/99/99
f 99/99/99 136/136/136 137/137/137
f 99/99/99 137/137/137 100/100/100
f 100/100/100 137/137/137 138/138/138
f 100/100/100 138/138/138 101/101/101
f 101/101/101 138/138/138 139/139/139
f 101/101/101 139/139/139 102/102/102
f 102/102/102 139/139/139 140/140/140
f 102/102/102 140/140/140 103/103/103
f 103/103/103 140/140/140 141/141/141
f 103/103/103 141/141/141 104/104/104
f 104/104/104 141/141/141 142/142/142
f 104/104/104 142/142/142 105/105/105
f 105/105/105 142/142/142 143/143/143
f 105/105/105 143/143/143 106/106/106
f 106/106/106 143/143/143 144/144/144
f 106/106/106 144/144/144 107/107/107
f 107/107/107 144/144/144 145/145/145
f 107/107/107 145/145/145 108/108/108
f 108/108/108 145/145/145 146/146/146
f 108/108/108 146/146/146 109/109/109
f 109/109/109 146/146/146 147/147/147
f 109/109/109 147/147/147 110/110/110
f 110/110/110 147/147/147 148/148/148
f 110/110/110 148/148/148 111/111/111
f 112/112/112 149/149/149 150/150/150
f 112/112/112 150/150/150 113/113/113
f 113/113/113 150/150/150 151/151/151
f 113/113/113 151/151/151 114/114/114
f 114/114/114 151/151/151 152/152/152
f 114/114/114 152/152/152 115/115/115
f 115/115/115 152/152/152 153/153/153
f 115/115/115 153/153/153 116/116/116
f 116/116/116 153/153/153 154/154/154
f 116/116/116 154/154/154 117/117/117
f 117/117/117 154/154/154 155/155/155
f 117/117/117 155/155/155 118/118/118
f 118/118/118 155/155/155 156/156/156
f 118/118/118 156/156/156 119/119/119
f 119/119/119 156/156/156 157/157/157
f 119/119/119 157/157/157 120/120/120
f 120/120/120 157/157/157 158/158/158
f 120/120/120 158/158/158 121/121/121
f 121/121/121 158/158/158 159/159/159
f 121/121/121 159/159/159 122/122/122
f 122/122/122 159/159/159 160/160/160
f 122/122/122 160/160/160 123/123/123
f 123/123/123 160/160/160 161/161/161
f 123/123/123 161/161/161 124/124/124
f 124/124/124 161/161/161 162/162/162
f 124/124/124 162/162/162 125/125/125
f 125/125/125 162/162/162 163/163/163
f 125/125/125 163/163/163 126/126/126
f 126/126/126 163/163/163 164/164/164
f 126/126/126 164/164/164 127/127/127
f 127/127/127 164/164/164 165/165/165
f 127/127/127 165/165/165 128/128/128
f 128/128/128 165/165/165 166/166/166
f 128/128/128 166/166/166 129/129/129
f 129/129/129 166/166/166 167/167/167
f 129/129/129 167/167/167 130/130/130
f 130/130/130 167/167/167 168/168/168
f 130/130/130 168/168/168 131/131/131
f 131/131/131 168/168/168 169/169/169
f 131/131/131 169/169/169 132/132/132
f 132/132/132 169/169/169 170/170/170
f 132/132/132 170/170/170 133/133/133
f 133/133/133 170/170/170 171/171/171
f 133/133/133 171/171/171 134/134/134
f 134/134/134 171/171/171 172/172/172
f 134/134/134 172/172/172 135/135/135
f 135/135/135 172/172/172 173/173/173
f 135/135/135 173/173/173 136/136/136
f 136/136/136 173/173/173 174/174/174
f 136/136/136 174/174/174 137/137/137
f 137/137/137 174/174/174 175/175/175
f 137/137/137 175/175/175 138/138/138
f 138/138/138 175/175/175 176/176/176
f 138/138/138 176/176/176 139/139/139
f 139/139/139 176/176/176 177/177/177
f 139/139/139 177/177/177 140/140/140
f 140/140/140 177/177/177 178/178/178
f 140/140/140 178/178/178 141/141/141
f 141/141/141 178/178/178 179/179/179
f 141/141/141 179/179/179 142/142/142
f 142/142/142 179/179/179 180/180/180
f 142/142/142 180/180/180 143/143/143
f 143/143/143 180/180/180 181/181/181
f 143/143/143 181/181/181 144/144/144
f 144/144/144 181/181/181 182/182/182
f 144/144/144 182/182/182 145/145/145
f 145/145/145 182/182/182 183/183/183
f 145/145/145 183/183/183 146/146/146
f 146/146/146 183/183/183 184/184/184
f 146/146/146 184/184/184 147/147/147
f 147/147/147 184/184/184 185/185/185
f 147/147/147 185/185/185 148/148/148
f 149/149/149 186/186/186 187/187/187
f 149/149/149 187/187/187 150/150/150
f 150/150/150 187/187/187 188/188/188
f 150/150/150 188/188/188 151/151/151
f 151/151/151 188/188/188 189/189/189
f 151/151/151 189/189/189 152/152/152
f 152/152/152 189/189/189 190/190/190
f 152/152/152 190/190/190 153/153/153
f 153/153/153 190/190/190 191/191/191
f 153/153/153 191/191/191 154/154/154
f 154/154/154 191/191/191 192/192/192
f 154/154/154 192/192/192 155/155/155
f 155/155/155 192/192/192 193/193/193
f 155/155/155 193/193/193 156/156/156
f 156/156/156 193/193/193 194/194/194
f 156/156/156 194/194/194 157/157/157
f 157/157/157 194/194/194 195/195/195
f 157/157/157 195/195/195 158/158/158
f 158/158/158 195/195/195 196/196/196
f 158/158/158 196/196/196 159/159/159
f 159/159/159 196/196/196 197/197/197
f 159/159/159 197/197/197 160/160/160
f 160/160/160 197/197/197 198/198/198
f 160/160/160 198/198/198 161/161/161
f 161/161/161 198/198/198 199/199/199
f 161/161/161 199/199/199 162/162/162
f 162/162/162 199/199/199 200/200/200
f 162/162/162 200/200/200 163/163/163
f 163/163/163 200/200/200 201/201/201
f 163/163/163 201/201/201 164/164/164
f 164/164/164 201/201/201 202/202/202
f 164/164/164 202/202/202 165/165/165
f 165/165/165 202/202/202 203/203/203
f 165/165/165 203/203/203 166/166/166
f 166/166/166 203/203/203 204/204/204
f 166/166/166 204/204/204 167/167/167
f 167/167/167 204/204/204 205/205/205
f 167/167/167 205/205/205 168/168/168
f 168/168/168 205/205/205 206/206/206
f 168/168/168 206/206/206 169/169/169
f 169/169/169 206/206/206 207/207/207
f 169/169/169 207/207/207 170/170/170
f 170/170/170 207/207/207 208/208/208
f 170/170/170 208/208/208 171/171/171
f 171/171/171 208/208/208 209/209/209
f 171/171/171 209/209/209 172/172/172
f 172/172/172 209/209/209 210/210/210
f 172/172/172 210/210/210 173/173/173
f 173/173/173 210/210/210 211/211/211
f 173/173/173 211/211/211 174/174/174
f 174/174/174 211/211/211 212/212/212
f 174/174/174 212/212/212 175/175/175
f 175/175/175 212/212/212 213/213/213
f 175/175/175 213/213/213 176/176/176
f 176/176/176 213/213/213 214/214/214
f 176/176/176 214/214/214 177/177/177
f 177/177/177 214/214/214 215/215/215
f 177/177/177 215/215/215 178/178/178
f 178/178/178 215/215/215 216/216/216
f 178/178/178 216/216/216 179/179/179
f 179/179/179 216/216/216 217/217/217
f 179/179/179 217/217/217 180/180/180
f 180/180/180 217/217/217 218/218/218
f 180/180/180 218/218/218 181/181/181
f 181/181/181 218/218/218 219/219/219
f 181/181/181 219/219/219 182/182/182
f 182/182/182 219/219/219 220/220/220
f 182/182/182 220/220/220 183/183/183
f 183/183/183 220/220/220 221/221/221
f 183/183/183 221/221/221 184/184/184
f 184/184/184 221/221/221 222/222/222
f 184/184/184 222/222/222 185/185/185
f 186/186/186 223/223/223 224/224/224
f 186/186/186 224/224/224 187/187/187
f 187/187/187 224/224/224 225/225/225
f 187/187/187 225/225/225 188/188/188
f 188/188/188 225/225/225 226/226/226
f 188/188/188 226/226/226 189/189/189
f 189/189/189 226/226/226 227/227/227
f 189/189/189 227/227/227 190/190/190
f 190/190/190 227/227/227 228/228/228
f 190/190/190 228/228/228 191/191/191
f 191/191/191 228/228/228 229/229/229
f 191/191/191 229/229/229 192/192/192
f 192/192/192 229/229/229 230/230/230
f 192/192/192 230/230/230 193/193/193
f 193/193/193 230/230/230 231/231/231
f 193/193/193 231/231/231 194/194/194
f 194/194/194 231/231/231 232/232/232
f 194/194/194 232/232/232 195/195/195
f 195/195/195 232/232/232 233/233/233
f 195/195/195 233/233/233 196/196/196
f 196/196/196 233/233/233 234/234/234
f 196/196/196 234/234/234 197/197/197
f 197/197/197 234/234/234 235/235/235
f 197/197/197 235/235/235 198/198/198
f 198/198/198 235/235/235 236/236/236
f 198/198/198 236/236/236 199/199/199
f 199/199/199 236/236/236 237/237/237
f 199/199/199 237/237/237 200/200/200
f 200/200/200 237/237/237 238/238/238
f 200/200/200 238/238/238 201/201/201
f 201/201/201 238/238/238 239/239/239
f 201/201/201 239/239/239 202/202/202
f 202/202/202 239/239/239 240/240/240
f 202/202/202 240/240/240 203/203/203
f 203/203/203 240/240/240 241/241/241
f 203/203/203 241/241/241 204/204/204
f 204/204/204 241/241/241 242/242/242
f 204/204/204 242/242/242 205/205/205
f 205/205/205 242/242/242 243/243/243
f 205/205/205 243/243/243 206/206/206
f 206/206/206 243/243/243 244/244/244
f 206/206/206 244/244/244 207/207/207
f 207/207/207 244/244/244 245/245/245
f 207/207/207 245/245/245 208/208/208
f 208/208/208 245/245/245 246/246/246
f 208/208/208 246/246/246 209/209/209
f 209/209/209 246/246/246 247/247/247
f 209/209/209 247/247/247 210/210/210
f 210/210/210 247/247/247 248/248/248
f 210/210/210 248/248/248 211/211/211
f 211/211/211 248/248/248 249/249/249
f 211/211/211 249/249/249 212/212/212
f 212/212/212 249/249/249 250/250/250
f 212/212/212 250/250/250 213/213/213
f 213/213/213 250/250/250 251/251/251
f 213/213/213 251/251/251 214/214/214
f 214/214/214 251/251/251 252/252/252
f 214/214/214 252/252/252 215/215/215
f 215/215/215 252/252/252 253/253/253
f 215/215/215 253/253/253 216/216/216
f 216/216/216 253/253/253 254/254/254
f 216/216/216 254/254/254 217/217/217
f 217/217/217 254/254/254 255/255/255
f 217/217/217 255/255/255 218/218/218
f 218/218/218 255/255/255 256/256/256
f 218/218/218 256/256/256 219/219/219
f 219/219/219 256/256/256 257/257/257
f 219/219/219 257/257/257 220/220/220
f 220/220/220 257/257/257 258/258/258
f 220/220/220 258/258/258 221/221/221
f 221/221/221 258/258/258 259/259/259
f 221/221/221 259/259/259 222/222/222
f 223/223/223 260/260/260 261/261/261
f 223/223/223 261/261/261 224/224/224
f 224/224/224 261/261/261 262/262/262
f 224/224/224 262/262/262 225/225/225
f 225/225/225 262/262/262 263/263/263
f 225/225/225 263/263/263 226/226/226
f 226/226/226 263/263/263 264/264/264
f 226/226/226 264/264/264 227/227/227
f 227/227/227 264/264/264 265/265/265
f 227/227/227 265/265/265 228/228/228
f 228/228/228 265/265/265 266/266/266
f 228/228/228 266/266/266 229/229/229
f 229/229/229 266/266/266 267/267/267
f 229/229/229 267/267/267 230/230/230
f 230/230/230 267/267/267 268/268/268
f 230/230/230 268/268/268 231/231/231
f 231/231/231 268/268/268 269/269/269
f 231/231/231 269/269/269 232/232/232
f 232/232/232 269/269/269 270/270/270
f 232/232/232 270/270/270 233/233/233
f 233/233/233 270/270/270 271/271/271
f 233/233/233 271/271/271 234/234/234
f 234/234/234 271/271/271 272/272/272
f 234/234/234 272/272/272 235/235/235
f 235/235/235 272/272/272 273/273/273
f 235/235/235 273/273/273 236/236/236
f 236/236/236 273/273/273 274/274/274
f 236/236/236 274/274/274 237/237/237
f 237/237/237 274/274/274 275/275/275
f 237/237/237 275/275/275 238/238/238
f 238/238/238 275/275/275 276/276/276
f 238/238/238 276/276/276 239/239/239
f 239/239/239 276/276/276 277/277/277
f 239/239/239 277/277/277 240/240/240
f 240/240/240 277/277/277 278/278/278
f 240/240/240 278/278/278 241/241/241
f 241/241/241 278/278/278 279/279/279
f 241/241/241 279/279/279 242/242/242
f 242/242/242 279/279/279 280/280/280
f 242/242/242 280/280/280 243/243/243
f 243/243/243 280/280/280 281/281/281
f 243/243/243 281/281/281 244/244/244
f 244/244/244 281/281/281 282/282/282
f 244/244/244 282/282/282 245/245/245
f 245/245/245 282/282/282 283/283/283
f 245/245/245 283/283/283 246/246/246
f 246/246/246 283/283/283 284/284/284
f 246/246/246 284/284/284 247/247/247
f 247/247/247 284/284/284 285/285/285
f 247/247/247 285/285/285 248/248/248
f 248/248/248 285/285/285 286/286/286
f 248/248/248 286/286/286 249/249/249
f 249/249/249 286/286/286 287/287/287
f 249/249/249 287/287/287 250/250/250
f 250/250/250 287/287/287 288/288/288
f 250/250/250 288/288/288 251/251/251
f 251/251/251 288/288/288 289/289/289
f 251/251/251 289/289/289 252/252/252
f 252/252/252 289/289/289 290/290/290
f 252/252/252 290/290/290 253/253/253
f 253/253/253 290/290/290 291/291/291
f 253/253/253 291/291/291 254/254/254
f 254/254/254 291/291/291 292/292/292
f 254/254/254 292/292/292 255/255/255
f 255/255/255 292/292/292 293/293/293
f 255/255/255 293/293/293 256/256/256
f 256/256/256 293/293/293 294/294/294
f 256/256/256 294/294/294 257/257/257
f 257/257/257 294/294/294 295/295/295
f 257/257/257 295/295/295 258/258/258
f 258/258/258 295/295/295 296/296/296
f 258/258/258 296/296/296 259/259/259
f 260/260/260 297/297/297 298/298/298
f 260/260/260 298/298/298 261/261/261
f 261/261/261 298/298/298 299/299/299
f 261/261/261 299/299/299 262/262/262
f 262/262/262 299/299/299 300/300/300
f 262/262/262 300/300/300 263/263/263
f 263/263/263 300/300/300 301/301/301
f 263/263/263 301/301/301 264/264/264
f 264/264/264 301/301/301 302/302/302
f 264/264/264 302/302/302 265/265/265
f 265/265/265 302/302/302 303/303/303
f 265/265/265 303/303/303 266/266/266
f 266/266/266 303/303/303 304/304/304
f 266/266/266 304/304/304 267/267/267
f 267/267/267 304/304/304 305/305/305
f 267/267/267 305/305/305 268/268/268
f 268/268/268 305/305/305 306/306/306
f 268/268/268 306/306/306 269/269/269
f 269/269/269 306/306/306 307/307/307
f 269/269/269 307/307/307 270/270/270
f 270/270/270 307/307/307 308/308/308
f 270/270/270 308/308/308 271/271/271
f 271/271/271 308/308/308 309/309/309
f 271/271/271 309/309/309 272/272/272
f 272/272/272 309/309/309 310/310/310
f 272/272/272 310/310/310 273/273/273
f 273/273/273 310/310/310 311/311/311
f 273/273/273 311/311/311 274/274/274
f 274/274/274 311/311/311 312/312/312
f 274/274/274 312/312/312 275/275/275
f 275/275/275 312/312/312 313/313/313
f 275/275/275 313/313/313 276/276/276
f 276/276/276 313/313/313 314/314/314
f 276/276/276 314/314/314 277/277/277
f 277/277/277 314/314/314 315/315/315
f 277/277/277 315/315/315 278/278/278
f 278/278/278 315/315/315 316/316/316
f 278/278/278 316/316/316 279/279/279
f 279/279/279 316/316/316 317/317/317
f 279/279/279 317/317/317 280/280/280
f 280/280/280 317/317/317 318/318/318
f 280/280/280 318/318/318 281/281/281
f 281/281/281 318/318/318 319/319/319
f 281/281/281 319/319/319 282/282/282
f 282/282/282 319/319/319 320/320/320
f 282/282/282 320/320/320 283/283/283
f 283/283/283 320/320/320 321/321/321
f 283/283/283 321/321/321 284/284/284
f 284/284/284 321/321/321 322/322/322
f 284/284/284 322/322/322 285/285/285
f 285/285/285 322/322/322 323/323/323
f 285/285/285 323/323/323 286/286/286
f 286/286/286 323/323/323 324/324/324
f 286/286/286 324/324/324 287/287/287
f 287/287/287 324/324/324 325/325/325
f 287/287/287 325/325/325 288/288/288
f 288/288/288 325/325/325 326/326/326
f 288/288/288 326/326/326 289/289/289
f 289/289/289 326/326/326 327/327/327
f 289/289/289 327/327/327 290/290/290
f 290/290/290 327/327/327 328/328/328
f 290/290/290 328/328/328 291/291/291
f 291/291/291 328/328/328 329/329/329
f 291/291/291 329/329/329 292/292/292
f 292/292/292 329/329/329 330/330/330
f 292/292/292 330/330/330 293/293/293
f 293/293/293 330/330/330 331/331/331
f 293/293/293 331/331/331 294/294/294
f 294/294/294 331/331/331 332/332/332
f 294/294/294 332/332/332 295/295/295
f 295/295/295 332/332/332 333/333/333
f 295/295/295 333/333/333 296/296/296
f 297/297/297 334/334/334 335/335/335
f 297/297/297 335/335/335 298/298/298
f 298/298/298 335/335/335 336/336/336
f 298/298/298 336/336/336 299/299/299
f 299/299/299 336/336/336 337/337/337
f 299/299/299 337/337/337 300/300/300
f 300/300/300 337/337/337 338/338/338
f 300/300/300 338/338/338 301/301/301
f 301/301/301 338/338/338 339/339/339
f 301/301/301 339/339/339 302/302/302
f 302/302/302 339/339/339 340/340/340
f 302/302/302 340/340/340 303/303/303
f 303/303/303 340/340/340 341/341/341
f 303/303/303 341/341/341 304/304/304
f 304/304/304 341/341/341 342/342/342
f 304/304/304 342/342/342 305/305/305
f 305/305/305 342/342/342 343/343/343
f 305/305/305 343/343/343 306/306/306
f 306/306/306 343/343/343 344/344/344
f 306/306/306 344/344/344 307/307/307
f 307/307/307 344/344/344 345/345/345
f 307/307/307 345/345/345 308/308/308
f 308/308/308 345/345/345 346/346/346
f 308/308/308 346/346/346 309/309/309
f 309/309/309 346/346/346 347/347/347
f 309/309/309 347/347/347 310/310/310
f 310/310/310 347/347/347 348/348/348
f 310/310/310 348/348/348 311/311/311
f 311/311/311 348/348/348 349/349/349
f 311/311/311 349/349/349 312/312/312
f 312/312/312 349/349/349 350/350/350
f 312/312/312 350/350/350 313/313/313
f 313/313/313 350/350/350 351/351/351
f 313/313/313 351/351/351 314/314/314
f 314/314/314 351/351/351 352/352/352
f 314/314/314 352/352/352 315/315/315
f 315/315/315 352/352/352 353/353/353
f 315/315/315 353/353/353 316/316/316
f 316/316/316 353/353/353 354/354/354
f 316/316/316 354/354/354 317/317/317
f 317/317/317 354/354/354 355/355/355
f 317/317/317 355/355/355 318/318/318
f 318/318/318 355/355/355 356/356/356
f 318/318/318 356/356/356 319/319/319
f 319/319/319 356/356/356 357/357/357
f 319/319/319 357/357/357 320/320/320
f 320/320/320 357/357/357 358/358/358
f 320/320/320 358/358/358 321/321/321
f 321/321/321 358/358/358 359/359/359
f 321/321/321 359/359/359 322/322/322
f 322/322/322 359/359/359 360/360/360
f 322/322/322 360/360/360 323/323/323
f 323/323/323 360/360/360 361/361/361
f 323/323/323 361/361/361 324/324/324
f 324/324/324 361/361/361 362/362/362
f 324/324/324 362/362/362 325/325/325
f 325/325/325 362/362/362 363/363/363
f 325/325/325 363/363/363 326/326/326
f 326/326/326 363/363/363 364/364/364
f 326/326/326 364/364/364 327/327/327
f 327/327/327 364/364/364 365/365/365
f 327/327/327 365/365/365 328/328/328
f 328/328/328 365/365/365 366/366/366
f 328/328/328 366/366/366 329/329/329
f 329/329/329 366/366/366 367/367/367
f 329/329/329 367/367/367 330/330/330
f 330/330/330 367/367/367 368/368/368
f 330/330/330 368/368/368 331/331/331
f 331/331/331 368/368/368 369/369/369
f 331/331/331 369/369/369 332/332/332
f 332/332/332 369/369/369 370/370/370
f 332/332/332 370/370/370 333/333/333
f 334/334/334 371/371/371 372/372/372
f 334/334/334 372/372/372 335/335/335
f 335/335/335 372/372/372 373/373/373
f 335/335/335 373/373/373 336/336/336
f 336/336/336 373/373/373 374/374/374
f 336/336/336 374/374/374 337/337/337
f 337/337/337 374/374/374 375/375/375
f 337/337/337 375/375/375 338/338/338
f 338/338/338 375/375/375 376/376/376
f 338/338/338 376/376/376 339/339/339
f 339/339/339 376/376/376 377/377/377
f 339/339/339 377/377/377 340/340/340
f 340/340/340 377/377/377 378/378/378
f 340/340/340 378/378/378 341/341/341
f 341/341/341 378/378/378 379/379/379
f 341/341/341 379/379/379 342/342/342
f 342/342/342 379/379/379 380/380/380
f 342/342/342 380/380/380 343/343/343
f 343/343/343 380/380/380 381/381/381
f 343/343/343 381/381/381 344/344/344
f 344/344/344 381/381/381 382/382/382
f 344/344/344 382/382/382 345/345/345
f 345/345/345 382/382/382 383/383/383
f 345/345/345 383/383/383 346/346/346
f 346/346/346 383/383/383 384/384/384
f 346/346/346 384/384/384 347/347/347
f 347/347/347 384/384/384 385/385/385
f 347/347/347 385/385/385 348/348/348
f 348/348/348 385/385/385 386/386/386
f 348/348/348 386/386/386 349/349/349
f 349/349/349 386/386/386 387/387/387
f 349/349/349 387/387/387 350/350/350
f 350/350/350 387/387/387 388/388/388
f 350/350/350 388/388/388 351/351/351
f 351/351/351 388/388/388 389/389/389
f 351/351/351 389/389/389 352/352/352
f 352/352/352 389/389/389 390/390/390
f 352/352/352 390/390/390 353/353/353
f 353/353/353 390/390/390 391/391/391
f 353/353/353 391/391/391 354/354/354
f 354/354/354 391/391/391 392/392/392
f 354/354/354 392/392/392 355/355/355
f 355/355/355 392/392/392 393/393/393
f 355/355/355 393/393/393 356/356/356
f 356/356/356 393/393/393 394/394/394
f 356/356/356 394/394/394 357/357/357
f 357/357/357 394/394/394 395/395/395
f 357/357/357 395/395/395 358/358/358
f 358/358/358 395/395/395 396/396/396
f 358/358/358 396/396/396 359/359/359
f 359/359/359 396/396/396 397/397/397
f 359/359/359 397/397/397 360/360/360
f 360/360/360 397/397/397 398/398/398
f 360/360/360 398/398/398 361/361/361
f 361/361/361 398/398/398 399/399/399
f 361/361/361 399/399/399 362/362/362
f 362/362/362 399/399/399 400/400/400
f 362/362/362 400/400/400 363/363/363
f 363/363/363 400/400/400 401/401/401
f 363/363/363 401/401/401 364/364/364
f 364/364/364 401/401/401 402/402/402
f 364/364/364 402/402/402 365/365/365
f 365/365/365 402/402/402 403/403/403
f 365/365/365 403/403/403 366/366/366
f 366/366/366 403/403/403 404/404/404
f 366/366/366 404/404/404 367/367/367
f 367/367/367 404/404/404 405/405/405
f 367/367/367 405/405/405 368/368/368
f 368/368/368 405/405/405 406/406/406
f 368/368/368 406/406/406 369/369/369
f 369/369/369 406/406/406 407/407/407
f 369/369/369 407/407/407 370/370/370
f 371/371/371 408/408/408 409/409/409
f 371/371/371 409/409/409 372/372/372
f 372/372/372 409/409/409 410/410/410
f 372/372/372 410/410/410 373/373/373
f 373/373/373 410/410/410 411/411/411
f 373/373/373 411/411/411 374/374/374
f 374/374/374 411/411/411 412/412/412
f 374/374/374 412/412/412 375/375/375
f 375/375/375 412/412/412 413/413/413
f 375/375/375 413/413/413 376/376/376
f 376/376/376 413/413/413 414/414/414
f 376/376/376 414/414/414 377/377/377
f 377/377/377 414/414/414 415/415/415
f 377/377/377 415/415/415 378/378/378
f 378/378/378 415/415/415 416/416/416
f 378/378/378 416/416/416 379/379/379
f 379/379/379 416/416/416 417/417/417
f 379/379/379 417/417/417 380/380/380
f 380/380/380 417/417/417 418/418/418
f 380/380/380 418/418/418 381/381/381
f 381/381/381 418/418/418 419/419/419
f 381/381/381 419/419/419 382/382/382
f 382/382/382 419/419/419 420/420/420
f 382/382/382 420/420/420 383/383/383
f 383/383/383 420/420/420 421/421/421
f 383/383/383 421/421/421 384/384/384
f 384/384/384 421/421/421 422/422/422
f 384/384/384 422/422/422 385/385/385
f 385/385/385 422/422/422 423/423/423
f 385/385/385 423/423/423 386/386/386
f 386/386/386 423/423/423 424/424/424
f 386/386/386 424/424/424 387/387/387
f 387/387/387 424/424/424 425/425/425
f 387/387/387 425/425/425 388/388/388
f 388/388/388 425/425/425 426/426/426
f 388/388/388 426/426/426 389/389/389
f 389/389/389 426/426/426 427/427/427
f 389/389/389 427/427/427 390/390/390
f 390/390/390 427/427/427 428/428/428
f 390/390/390 428/428/428 391/391/391
f 391/391/391 428/428/428 429/429/429
f 391/391/391 429/429/429 392/392/392
f 392/392/392 429/429/429 430/430/430
f 392/392/392 430/430/430 393/393/393
f 393/393/393 430/430/430 431/431/431
f 393/393/393 431/431/431 394/394/394
f 394/394/394 431/431/431 432/432/432
f 394/394/394 432/432/432 395/395/395
f 395/395/395 432/432/432 433/433/433
f 395/395/395 433/433/433 396/396/396
f 396/396/396 433/433/433 434/434/434
f 396/396/396 434/434/434 397/397/397
f 397/397/397 434/434/434 435/435/435
f 397/397/397 435/435/435 398/398/398
f 398/398/398 435/435/435 436/436/436
f 398/398/398 436/436/436 399/399/399
f 399/399/399 436/436/436 437/437/437
f 399/399/399 437/437/437 400/400/400
f 400/400/400 437/437/437 438/438/438
f 400/400/400 438/438/438 401/401/401
f 401/401/401 438/438/438 439/439/439
f 401/401/401 439/439/439 402/402/402
f 402/402/402 439/439/439 440/440/440
f 402/402/402 440/440/440 403/403/403
f 403/403/403 440/440/440 441/441/441
f 403/403/403 441/441/441 404/404/404
f 404/404/404 441/441/441 442/442/442
f 404/404/404 442/442/442 405/405/405
f 405/405/405 442/442/442 443/443/443
f 405/405/405 443/443/443 406/406/406
f 406/406/406 443/443/443 444/444/444
f 406/406/406 444/444/444 407/407/407
f 408/408/408 445/445/445 446/446/446
f 408/408/408 446/446/446 409/409/409
f 409/409/409 446/446/446 447/447/447
f 409/409/409 447/447/447 410/410/410
f 410/410/410 447/447/447 448/448/448
f 410/410/410 448/448/448 411/411/411
f 411/411/411 448/448/448 449/449/449
f 411/411/411 449/449/449 412/412/412
f 412/412/412 449/449/449 450/450/450
f 412/412/412 450/450/450 413/413/413
f 413/413/413 450/450/450 451/451/451
f 413/413/413 451/451/451 414/414/414
f 414/414/414 451/451/451 452/452/452
f 414/414/414 452/452/452 415/415/415
f 415/415/415 452/452/452 453/453/453
f 415/415/415 453/453/453 416/416/416
f 416/416/416 453/453/453 454/454/454
f 416/416/416 454/454/454 417/417/417
f 417/417/417 454/454/454 455/455/455
f 417/417/417 455/455/455 418/418/418
f 418/418/418 455/455/455 456/456/456
f 418/418/418 456/456/456 419/419/419
f 419/419/419 456/456/456 457/457/457
f 419/419/419 457/457/457 420/420/420
f 420/420/420 457/457/457 458/458/458
f 420/420/420 458/458/458 421/421/421
f 421/421/421 458/458/458 459/459/459
f 421/421/421 459/459/459 422/422/422
f 422/422/422 459/459/459 460/460/460
f 422/422/422 460/460/460 423/423/423
f 423/423/423 460/460/460 461/461/461
f 423/423/423 461/461/461 424/424/424
f 424/424/424 461/461/461 462/462/462
f 424/424/424 462/462/462 425/425/425
f 425/425/425 462/462/462 463/463/463
f 425/425/425 463/463/463 426/426/426
f 426/426/426 463/463/463 464/464/464
f 426/426/426 464/464/464 427/427/427
f 427/427/427 464/464/464 465/465/465
f 427/427/427 465/465/465 428/428/428
f 428/428/428 465/465/465 466/466/466
f 428/428/428 466/466/466 429/429/429
f 429/429/429 466/466/466 467/467/467
f 429/429/429 467/467/467 430/430/430
f 430/430/430 467/467/467 468/468/468
f 430/430/430 468/468/468 431/431/431
f 431/431/431 468/468/468 469/469/469
f 431/431/431 469/469/469 432/432/432
f 432/432/432 469/469/469 470/470/470
f 432/432/432 470/470/470 433/433/433
f 433/433/433 470/470/470 471/471/471
f 433/433/433 471/471/471 434/434/434
f 434/434/434 471/471/471 472/472/472
f 434/434/434 472/472/472 435/435/435
f 435/435/435 472/472/472 473/473/473
f 435/435/435 473/473/473 436/436/436
f 436/436/436 473/473/473 474/474/474
f 436/436/436 474/474/474 437/437/437
f 437/437/437 474/474/474 475/475/475
f 437/437/437 475/475/475 438/438/438
f 438/438/438 475/475/475 476/476/476
f 438/438/438 476/476/476 439/439/439
f 439/439/439 476/476/476 477/477/477
f 439/439/439 477/477/477 440/440/440
f 440/440/440 477/477/477 478/478/478
f 440/440/440 478/478/478 441/441/441
f 441/441/441 478/478/478 479/479/479
f 441/441/441 479/479/479 442/442/442
f 442/442/442 479/479/479 480/480/480
f 442/442/442 480/480/480 443/443/443
f 443/443/443 480/480/480 481/481/481
f 443/443/443 481/481/481 444/444/444
f 445/445/445 482/482/482 483/483/483
f 445/445/445 483/483/483 446/446/446
f 446/446/446 483/483/483 484/484/484
f 446/446/446 484/484/484 447/447/447
f 447/447/447 484/484/484 485/485/485
f 447/447/447 485/485/485 448/448/448
f 448/448/448 485/485/485 486/486/486
f 448/448/448 486/486/486 449/449/449
f 449/449/449 486/486/486 487/487/487
f 449/449/449 487/487/487 450/450/450
f 450/450/450 487/487/487 488/488/488
f 450/450/450 488/488/488 451/451/451
f 451/451/451 488/488/488 489/489/489
f 451/451/451 489/489/489 452/452/452
f 452/452/452 489/489/489 490/490/490
f 452/452/452 490/490/490 453/453/453
f 453/453/453 490/490/490 491/491/491
f 453/453/453 491/491/491 454/454/454
f 454/454/454 491/491/491 492/492/492
f 454/454/454 492/492/492 455/455/455
f 455/455/455 492/492/492 493/493/493
f 455/455/455 493/493/493 456/456/456
f 456/456/456 493/493/493 494/494/494
f 456/456/456 494/494/494 457/457/457
f 457/457/457 494/494/494 495/495/495
f 457/457/457 495/495/495 458/458/458
f 458/458/458 495/495/495 496/496/496
f 458/458/458 496/496/496 459/459/459
f 459/459/459 496/496/496 497/497/497
f 459/459/459 497/497/497 460/460/460
f 460/460/460 497/497/497 498/498/498
f 460/460/460 498/498/498 461/461/461
f 461/461/461 498/498/498 499/499/499
f 461/461/461 499/499/499 462/462/462
f 462/462/462 499/499/499 500/500/500
f 462/462/462 500/500/500 463/463/463
f 463/463/463 500/500/500 501/501/501
f 463/463/463 501/501/501 464/464/464
f 464/464/464 501/501/501 502/502/502
f 464/464/464 502/502/502 465/465/465
f 465/465/465 502/502/502 503/503/503
f 465/465/465 503/503/503 466/466/466
f 466/466/466 503/503/503 504/504/504
f 466/466/466 504/504/504 467/467/467
f 467/467/467 504/504/504 505/505/505
f 467/467/467 505/505/505 468/468/468
f 468/468/468 505/505/505 506/506/506
f 468/468/468 506/506/506 469/469/469
f 469/469/469 506/506/506 507/507/507
f 469/469/469 507/507/507 470/470/470
f 470/470/470 507/507/507 508/508/508
f 470/470/470 508/508/508 471/471/471
f 471/471/471 508/508/508 509/509/509
f 471/471/471 509/509/509 472/472/472
f 472/472/472 509/509/509 510/510/510
f 472/472/472 510/510/510 473/473/473
f 473/473/473 510/510/510 511/511/511
f 473/473/473 511/511/511 474/474/474
f 474/474/474 511/511/511 512/512/512
f 474/474/474 512/512/512 475/475/475
f 475/475/475 512/512/512 513/513/513
f 475/475/475 513/513/513 476/476/476
f 476/476/476 513/513/513 514/514/514
f 476/476/476 514/514/514 477/477/477
f 477/477/477 514/514/514 515/515/515
f 477/477/477 515/515/515 478/478/478
f 478/478/478 515/515/515 516/516/516
f 478/478/478 516/516/516 479/479/479
f 479/479/479 516/516/516 517/517/517
f 479/479/479 517/517/517 480/480/480
f 480/480/480 517/517/517 518/518/518
f 480/480/480 518/518/518 481/481/481
f 482/482/482 519/519/519 520/520/520
f 482/482/482 520/520/520 483/483/483
f 483/483/483 520/520/520 521/521/521
f 483/483/483 521/521/521 484/484/484
f 484/484/484 521/521/521 522/522/522
f 484/484/484 522/522/522 485/485/485
f 485/485/485 522/522/522 523/523/523
f 485/485/485 523/523/523 486/486/486
f 486/486/486 523/523/523 524/524/524
f 486/486/486 524/524/524 487/487/487
f 487/487/487 524/524/524 525/525/525
f 487/487/487 525/525/525 488/488/488
f 488/488/488 525/525/525 526/526/526
f 488/488/488 526/526/526 489/489/489
f 489/489/489 526/526/526 527/527/527
f 489/489/489 527/527/527 490/490/490
f 490/490/490 527/527/527 528/528/528
f 490/490/490 528/528/528 491/491/491
f 491/491/491 528/528/528 529/529/529
f 491/491/491 529/529/529 492/492/492
f 492/492/492 529/529/529 530/530/530
f 492/492/492 530/530/530 493/493/493
f 493/493/493 530/530/530 531/531/531
f 493/493/493 531/531/531 494/494/494
f 494/494/494 531/531/531 532/532/532
f 494/494/494 532/532/532 495/495/495
f 495/495/495 532/532/532 533/533/533
f 495/495/495 533/533/533 496/496/496
f 496/496/496 533/533/533 534/534/534
f 496/496/496 534/534/534 497/497/497
f 497/497/497 534/534/534 535/535/535
f 497/497/497 535/535/535 498/498/498
f 498/498/498 535/535/535 536/536/536
f 498/498/498 536/536/536 499/499/499
f 499/499/499 536/536/536 537/537/537
f 499/499/499 537/537/537 500/500/500
f 500/500/500 537/537/537 538/538/538
f 500/500/500 538/538/538 501/501/501
f 501/501/501 538/538/538 539/539/539
f 501/501/501 539/539/539 502/502/502
f 502/502/502 539/539/539 540/540/540
f 502/502/502 540/540/540 503/503/503
f 503/503/503 540/540/540 541/541/541
f 503/503/503 541/541/541 504/504/504
f 504/504/504 541/541/541 542/542/542
f 504/504/504 542/542/542 505/505/505
f 505/505/505 542/542/542 543/543/543
f 505/505/505 543/543/543 506/506/506
f 506/506/506 543/543/543 544/544/544
f 506/506/506 544/544/544 507/507/507
f 507/507/507 544/544/544 545/545/545
f 507/507/507 545/545/545 508/508/508
f 508/508/508 545/545/545 546/546/546
f 508/508/508 546/546/546 509/509/509
f 509/509/509 546/546/546 547/547/547
f 509/509/509 547/547/547 510/510/510
f 510/510/510 547/547/547 548/548/548
f 510/510/510 548/548/548 511/511/511
f 511/511/511 548/548/548 549/549/549
f 511/511/511 549/549/549 512/512/512
f 512/512/512 549/549/549 550/550/550
f 512/512/512 550/550/550 513/513/513
f 513/513/513 550/550/550 551/551/551
f 513/513/513 551/551/551 514/514/514
f 514/514/514 551/551/551 552/552/552
f 514/514/514 552/552/552 515/515/515
f 515/515/515 552/552/552 553/553/553
f 515/515/515 553/553/553 516/516/516
f 516/516/516 553/553/553 554/554/554
f 516/516/516 554/554/554 517/517/517
f 517/517/517 554/554/554 555/555/555
f 517/517/517 555/555/555 518/518/518
f 519/519/519 556/556/556 557/557/557
f 519/519/519 557/557/557 520/520/520
f 520/520/520 557/557/557 558/558/558
f 520/520/520 558/558/558 521/521/521
f 521/521/521 558/558/558 559/559/559
f 521/521/521 559/559/559 522/522/522
f 522/522/522 559/559/559 560/560/560
f 522/522/522 560/560/560 523/523/523
f 523/523/523 560/560/560 561/561/561
f 523/523/523 561/561/561 524/524/524
f 524/524/524 561/561/561 562/562/562
f 524/524/524 562/562/562 525/525/525
f 525/525/525 562/562/562 563/563/563
f 525/525/525 563/563/563 526/526/526
f 526/526/526 563/563/563 564/564/564
f 526/526/526 564/564/564 527/527/527
f 527/527/527 564/564/564 565/565/565
f 527/527/527 565/565/565 528/528/528
f 528/528/528 565/565/565 566/566/566
f 528/528/528 566/566/566 529/529/529
f 529/529/529 566/566/566 567/567/567
f 529/529/529 567/567/567 530/530/530
f 530/530/530 567/567/567 568/568/568
f 530/530/530 568/568/568 531/531/531
f 531/531/531 568/568/568 569/569/569
f 531/531/531 569/569/569 532/532/532
f 532/532/532 569/569/569 570/570/570
f 532/532/532 570/570/570 533/533/533
f 533/533/533 570/570/570 571/571/571
f 533/533/533 571/571/571 534/534/534
f 534/534/534 571/571/571 572/572/572
f 534/534/534 572/572/572 535/535/535
f 535/535/535 572/572/572 573/573/573
f 535/535/535 573/573/573 536/536/536
f 536/536/536 573/573/573 574/574/574
f 536/536/536 574/574/574 537/537/537
f 537/537/537 574/574/574 575/575/575
f 537/537/537 575/575/575 538/538/538
f 538/538/538 575/575/575 576/576/576
f 538/538/538 576/576/576 539/539/539
f 539/539/539 576/576/576 577/577/577
f 539/539/539 577/577/577 540/540/540
f 540/540/540 577/577/577 578/578/578
f 540/540/540 578/578/578 541/541/541
f 541/541/541 578/578/578 579/579/579
f 541/541/541 579/579/579 542/542/542
f 542/542/542 579/579/579 580/580/580
f 542/542/542 580/580/580 543/543/543
f 543/543/543 580/580/580 581/581/581
f 543/543/543 581/581/581 544/544/544
f 544/544/544 581/581/581 582/582/582
f 544/544/544 582/582/582 545/545/545
f 545/545/545 582/582/582 583/583/583
f 545/545/545 583/583/583 546/546/546
f 546/546/546 583/583/583 584/584/584
f 546/546/546 584/584/584 547/547/547
f 547/547/547 584/584/584 585/585/585
f 547/547/547 585/585/585 548/548/548
f 548/548/548 585/585/585 586/586/586
f 548/548/548 586/586/586 549/549/549
f 549/549/549 586/586/586 587/587/587
f 549/549/549 587/587/587 550/550/550
f 550/550/550 587/587/587 588/588/588
f 550/550/550 588/588/588 551/551/551
f 551/551/551 588/588/588 589/589/589
f 551/551/551 589/589/589 552/552/552
f 552/552/552 589/589/589 590/590/590
f 552/552/552 590/590/590 553/553/553
f 553/553/553 590/590/590 591/591/591
f 553/553/553 591/591/591 554/554/554
f 554/554/554 591/591/591 592/592/592
f 554/554/554 592/592/592 555/555/555
f 556/556/556 593/593/593 594/594/594
f 556/556/556 594/594/594 557/557/557
f 557/557/557 594/594/594 595/595/595
f 557/557/557 595/595/595 558/558/558
f 558/558/558 595/595/595 596/596/596
f 558/558/558 596/596/596 559/559/559
f 559/559/559 596/596/596 597/597/597
f 559/559/559 597/597/597 560/560/560
f 560/560/560 597/597/597 598/598/598
f 560/560/560 598/598/598 561/561/561
f 561/561/561 598/598/598 599/599/599
f 561/561/561 599/599/599 562/562/562
f 562/562/562 599/599/599 600/600/600
f 562/562/562 600/600/600 563/563/563
f 563/563/563 600/600/600 601/601/601
f 563/563/563 601/601/601 564/564/564
f 564/564/564 601/601/601 602/602/602
f 564/564/564 602/602/602 565/565/565
f 565/565/565 602/602/602 603/603/603
f 565/565/565 603/603/603 566/566/566
f 566/566/566 603/603/603 604/604/604
f 566/566/566 604/604/604 567/567/567
f 567/567/567 604/604/604 605/605/605
f 567/567/567 605/605/605 568/568/568
f 568/568/568 605/605/605 606/606/606
f 568/568/568 606/606/606 569/569/569
f 569/569/569 606/606/606 607/607/607
f 569/569/569 607/607/607 570/570/570
f 570/570/570 607/607/607 608/608/608
f 570/570/570 608/608/608 571/571/571
f 571/571/571 608/608/608 609/609/609
f 571/571/571 609/609/609 572/572/572
f 572/572/572 609/609/609 610/610/610
f 572/572/572 610/610/610 573/573/573
f 573/573/573 610/610/610 611/611/611
f 573/573/573 611/611/611 574/574/574
f 574/574/574 611/611/611 612/612/612
f 574/574/574 612/612/612 575/575/575
f 575/575/575 612/612/612 613/613/613
f 575/575/575 613/613/613 576/576/576
f 576/576/576 613/613/613 614/614/614
f 576/576/576 614/614/614 577/577/577
f 577/577/577 614/614/614 615/615/615
f 577/577/577 615/615/615 578/578/578
f 578/578/578 615/615/615 616/616/616
f 578/578/578 616/616/616 579/579/579
f 579/579/579 616/616/616 617/617/617
f 579/579/579 617/617/617 580/580/580
f 580/580/580 617/617/617 618/618/618
f 580/580/580 618/618/618 581/581/581
f 581/581/581 618/618/618 619/619/619
f 581/581/581 619/619/619 582/582/582
f 582/582/582 619/619/619 620/620/620
f 582/582/582 620/620/620 583/583/583
f 583/583/583 620/620/620 621/621/621
f 583/583/583 621/621/621 584/584/584
f 584/584/584 621/621/621 622/622/622
f 584/584/584 622/622/622 585/585/585
f 585/585/585 622/622/622 623/623/623
f 585/585/585 623/623/623 586/586/586
f 586/586/586 623/623/623 624/624/624
f 586/586/586 624/624/624 587/587/587
f 587/587/587 624/624/624 625/625/625
f 587/587/587 625/625/625 588/588/588
f 588/588/588 625/625/625 626/626/626
f 588/588/588 626/626/626 589/589/589
f 589/589/589 626/626/626 627/627/627
f 589/589/589 627/627/627 590/590/590
f 590/590/590 627/627/627 628/628/628
f 590/590/590 628/628/628 591/591/591
f 591/591/591 628/628/628 629/629/629
f 591/591/591 629/629/629 592/592/592
f 593/593/593 630/630/630 631/631/631
f 593/593/593 631/631/631 594/594/594
f 594/594/594 631/631/631 632/632/632
f 594/594/594 632/632/632 595/595/595
f 595/595/595 632/632/632 633/633/633
f 595/595/595 633/633/633 596/596/596
f 596/596/596 633/633/633 634/634/634
f 596/596/596 634/634/634 597/597/597
f 597/597/597 634/634/634 635/635/635
f 597/597/597 635/635/635 598/598/598
f 598/598/598 635/635/635 636/636/636
f 598/598/598 636/636/636 599/599/599
f 599/599/599 636/636/636 637/637/637
f 599/599/599 637/637/637 600/600/600
f 600/600/600 637/637/637 638/638/638
f 600/600/600 638/638/638 601/601/601
f 601/601/601 638/638/638 639/639/639
f 601/601/601 639/639/639 602/602/602
f 602/602/602 639/639/639 640/640/640
f 602/602/602 640/640/640 603/603/603
f 603/603/603 640/640/640 641/641/641
f 603/603/603 641/641/641 604/604/604
f 604/604/604 641/641/641 642/642/642
f 604/604/604 642/642/642 605/605/605
f 605/605/605 642/642/642 643/643/643
f 605/605/605 643/643/643 606/606/606
f 606/606/606 643/643/643 644/644/644
f 606/606/606 644/644/644 607/607/607
f 607/607/607 644/644/644 645/645/645
f 607/607/607 645/645/645 608/608/608
f 608/608/608 645/645/645 646/646/646
f 608/608/608 646/646/646 609/609/609
f 609/609/609 646/646/646 647/647/647
f 609/609/609 647/647/647 610/610/610
f 610/610/610 647/647/647 648/648/648
f 610/610/610 648/648/648 611/611/611
f 611/611/611 648/648/648 649/649/649
f 611/611/611 649/649/649 612/612/612
f 612/612/612 649/649/649 650/650/650
f 612/612/612 650/650/650 613/613/613
f 613/613/613 650/650/650 651/651/651
f 613/613/613 651/651/651 614/614/614
f 614/614/614 651/651/651 652/652/652
f 614/614/614 652/652/652 615/615/615
f 615/615/615 652/652/652 653/653/653
f 615/615/615 653/653/653 616/616/616
f 616/616/616 653/653/653 654/654/654
f 616/616/616 654/654/654 617/617/617
f 617/617/617 654/654/654 655/655/655
f 617/617/617 655/655/655 618/618/618
f 618/618/618 655/655/655 656/656/656
f 618/618/618 656/656/656 619/619/619
f 619/619/619 656/656/656 657/657/657
f 619/619/619 657/657/657 620/620/620
f 620/620/620 657/657/657 658/658/658
f 620/620/620 658/658/658 621/621/621
f 621/621/621 658/658/658 659/659/659
f 621/621/621 659/659/659 622/622/622
f 622/622/622 659/659/659 660/660/660
f 622/622/622 660/660/660 623/623/623
f 623/623/623 660/660/660 661/661/661
f 623/623/623 661/661/661 624/624/624
f 624/624/624 661/661/661 662/662/662
f 624/624/624 662/662/662 625/625/625
f 625/625/625 662/662/662 663/663/663
f 625/625/625 663/663/663 626/626/626
f 626/626/626 663/663/663 664/664/664
f 626/626/626 664/664/664 627/627/627
f 627/627/627 664/664/664 665/665/665
f 627/627/627 665/665/665 628/628/628
f 628/628/628 665/665/665 666/666/666
f 628/628/628 666/666/666 629/629/629
f 630/630/630 667/667/667 668/668/668
f 630/630/630 668/668/668 631/631/631
f 631/631/631 668/668/668 669/669/669
f 631/631/631 669/669/669 632/632/632
f 632/632/632 669/669/669 670/670/670
f 632/632/632 670/670/670 633/633/633
f 633/633/633 670/670/670 671/671/671
f 633/633/633 671/671/671 634/634/634
f 634/634/634 671/671/671 672/672/672
f 634/634/634 672/672/672 635/635/635
f 635/635/635 672/672/672 673/673/673
f 635/635/635 673/673/673 636/636/636
f 636/636/636 673/673/673 674/674/674
f 636/636/636 674/674/674 637/637/637
f 637/637/637 674/674/674 675/675/675
f 637/637/637 675/675/675 638/638/638
f 638/638/638 675/675/675 676/676/676
f 638/638/638 676/676/676 639/639/639
f 639/639/639 676/676/676 677/677/677
f 639/639/639 677/677/677 640/640/640
f 640/640/640 677/677/677 678/678/678
f 640/640/640 678/678/678 641/641/641
f 641/641/641 678/678/678 679/679/679
f 641/641/641 679/679/679 642/642/642
f 642/642/642 679/679/679 680/680/680
f 642/642/642 680/680/680 643/643/643
f 643/643/643 680/680/680 681/681/681
f 643/643/643 681/681/681 644/644/644
f 644/644/644 681/681/681 682/682/682
f 644/644/644 682/682/682 645/645/645
f 645/645/645 682/682/682 683/683/683
f 645/645/645 683/683/683 646/646/646
f 646/646/646 683/683/683 684/684/684
f 646/646/646 684/684/684 647/647/647
f 647/647/647 684/684/684 685/685/685
f 647/647/647 685/685/685 648/648/648
f 648/648/648 685/685/685 686/686/686
f 648/648/648 686/686/686 649/649/649
f 649/649/649 686/686/686 687/687/687
f 649/649/649 687/687/687 650/650/650
f 650/650/650 687/687/687 688/688/688
f 650/650/650 688/688/688 651/651/651
f 651/651/651 688/688/688 689/689/689
f 651/651/651 689/689/689 652/652/652
f 652/652/652 689/689/689 690/690/690
f 652/652/652 690/690/690 653/653/653
f 653/653/653 690/690/690 691/691/691
f 653/653/653 691/691/691 654/654/654
f 654/654/654 691/691/691 692/692/692
f 654/654/654 692/692/692 655/655/655
f 655/655/655 692/692/692 693/693/693
f 655/655/655 693/693/693 656/656/656
f 656/656/656 693/693/693 694/694/694
f 656/656/656 694/694/694 657/657/657
f 657/657/657 694/694/694 695/695/695
f 657/657/657 695/695/695 658/658/658
f 658/658/658 695/695/695 696/696/696
f 658/658/658 696/696/696 659/659/659
f 659/659/659 696/696/696 697/697/697
f 659/659/659 697/697/697 660/660/660
f 660/660/660 697/697/697 698/698/698
f 660/660/660 698/698/698 661/661/661
f 661/661/661 698/698/698 699/699/699
f 661/661/661 699/699/699 662/662/662
f 662/662/662 699/699/699 700/700/700
f 662/662/662 700/700/700 663/663/663
f 663/663/663 700/700/700 701/701/701
f 663/663/663 701/701/701 664/664/664
f 664/664/664 701/701/701 702/702/702
f 664/664/664 702/702/702 665/665/665
f 665/665/665 702/702/702 703/703/703
f 665/665/665 703/703/703 666/666/666
f 667/667/667 704/704/704 705/705/705
f 667/667/667 705/705/705 668/668/668
f 668/668/668 705/705/705 706/706/706
f 668/668/668 706/706/706 669/669/669
f 669/669/669 706/706/706 707/707/707
f 669/669/669 707/707/707 670/670/670
f 670/670/670 707/707/707 708/708/708
f 670/670/670 708/708/708 671/671/671
f 671/671/671 708/708/708 709/709/709
f 671/671/671 709/709/709 672/672/672
f 672/672/672 709/709/709 710/710/710
f 672/672/672 710/710/710 673/673/673
f 673/673/673 710/710/710 711/711/711
f 673/673/673 711/711/711 674/674/674
f 674/674/674 711/711/711 712/712/712
f 674/674/674 712/712/712 675/675/675
f 675/675/675 712/712/712 713/713/713
f 675/675/675 713/713/713 676/676/676
f 676/676/676 713/713/713 714/714/714
f 676/676/676 714/714/714 677/677/677
f 677/677/677 714/714/714 715/715/715
f 677/677/677 715/715/715 678/678/678
f 678/678/678 715/715/715 716/716/716
f 678/678/678 716/716/716 679/679/679
f 679/679/679 716/716/716 717/717/717
f 679/679/679 717/717/717 680/680/680
f 680/680/680 717/717/717 718/718/718
f 680/680/680 718/718/718 681/681/681
f 681/681/681 718/718/718 719/719/719
f 681/681/681 719/719/719 682/682/682
f 682/682/682 719/719/719 720/720/720
f 682/682/682 720/720/720 683/683/683
f 683/683/683 720/720/720 721/721/721
f 683/683/683 721/721/721 684/684/684
f 684/684/684 721/721/721 722/722/722
f 684/684/684 722/722/722 685/685/685
f 685/685/685 722/722/722 723/723/723
f 685/685/685 723/723/723 686/686/686
f 686/686/686 723/723/723 724/724/724
f 686/686/686 724/724/724 687/687/687
f 687/687/687 724/724/724 725/725/725
f 687/687/687 725/725/725 688/688/688
f 688/688/688 725/725/725 726/726/726
f 688/688/688 726/726/726 689/689/689
f 689/689/689 726/726/726 727/727/727
f 689/689/689 727/727/727 690/690/690
f 690/690/690 727/727/727 728/728/728
f 690/690/690 728/728/728 691/691/691
f 691/691/691 728/728/728 729/729/729
f 691/691/691 729/729/729 692/692/692
f 692/692/692 729/729/729 730/730/730
f 692/692/692 730/730/730 693/693/693
f 693/693/693 730/730/730 731/731/731
f 693/693/693 731/731/731 694/694/694
f 694/694/694 731/731/731 732/732/732
f 694/694/694 732/732/732 695/695/695
f 695/695/695 732/732/732 733/733/733
f 695/695/695 733/733/733 696/696/696
f 696/696/696 733/733/733 734/734/734
f 696/696/696 734/734/734 697/697/697
f 697/697/697 734/734/734 735/735/735
f 697/697/697 735/735/735 698/698/698
f 698/698/698 735/735/735 736/736/736
f 698/698/698 736/736/736 699/699/699
f 699/699/699 736/736/736 737/737/737
f 699/699/699 737/737/737 700/700/700
f 700/700/700 737/737/737 738/738/738
f 700/700/700 738/738/738 701/701/701
f 701/701/701 738/738/738 739/739/739
f 701/701/701 739/739/739 702/702/702
f 702/702/702 739/739/739 740/740/740
f 702/702/702 740/740/740 703/703/703
f 704/704/704 741/741/741 742/742/742
f 704/704/704 742/742/742 705/705/705
f 705/705/705 742/742/742 743/743/743
f 705/705/705 743/743/743 706/706/706
f 706/706/706 743/743/743 744/744/744
f 706/706/706 744/744/744 707/707/707
f 707/707/707 744/744/744 745/745/745
f 707/707/707 745/745/745 708/708/708
f 708/708/708 745/745/745 746/746/746
f 708/708/708 746/746/746 709/709/709
f 709/709/709 746/746/746 747/747/747
f 709/709/709 747/747/747 710/710/710
f 710/710/710 747/747/747 748/748/748
f 710/710/710 748/748/748 711/711/711
f 711/711/711 748/748/748 749/749/749
f 711/711/711 749/749/749 712/712/712
f 712/712/712 749/749/749 750/750/750
f 712/712/712 750/750/750 713/713/713
f 713/713/713 750/750/750 751/751/751
f 713/713/713 751/751/751 714/714/714
f 714/714/714 751/751/751 752/752/752
f 714/714/714 752/752/752 715/715/715
f 715/715/715 752/752/752 753/753/753
f 715/715/715 753/753/753 716/716/716
f 716/716/716 753/753/753 754/754/754
f 716/716/716 754/754/754 717/717/717
f 717/717/717 754/754/754 755/755/755
f 717/717/717 755/755/755 718/718/718
f 718/718/718 755/755/755 756/756/756
f 718/718/718 756/756/756 719/719/719
f 719/719/719 756/756/756 757/757/757
f 719/719/719 757/757/757 720/720/720
f 720/720/720 757/757/757 758/758/758
f 720/720/720 758/758/758 721/721/721
f 721/721/721 758/758/758 759/759/759
f 721/721/721 759/759/759 722/722/722
f 722/722/722 759/759/759 760/760/760
f 722/722/722 760/760/760 723/723/723
f 723/723/723 760/760/760 761/761/761
f 723/723/723 761/761/761 724/724/724
f 724/724/724 761/761/761 762/762/762
f 724/724/724 762/762/762 725/725/725
f 725/725/725 762/762/762 763/763/763
f 725/725/725 763/763/763 726/726/726
f 726/726/726 763/763/763 764/764/764
f 726/726/726 764/764/764 727/727/727
f 727/727/727 764/764/764 765/765/765
f 727/727/727 765/765/765 728/728/728
f 728/728/728 765/765/765 766/766/766
f 728/728/728 766/766/766 729/729/729
f 729/729/729 766/766/766 767/767/767
f 729/729/729 767/767/767 730/730/730
f 730/730/730 767/767/767 768/768/768
f 730/730/730 768/768/768 731/731/731
f 731/731/731 768/768/768 769/769/769
f 731/731/731 769/769/769 732/732/732
f 732/732/732 769/769/769 770/770/770
f 732/732/732 770/770/770 733/733/733
f 733/733/733 770/770/770 771/771/771
f 733/733/733 771/771/771 734/734/734
f 734/734/734 771/771/771 772/772/772
f 734/734/734 772/772/772 735/735/735
f 735/735/735 772/772/772 773/773/773
f 735/735/735 773/773/773 736/736/736
f 736/736/736 773/773/773 774/774/774
f 736/736/736 774/774/774 737/737/737
f 737/737/737 774/774/774 775/775/775
f 737/737/737 775/775/775 738/738/738
f 738/738/738 775/775/775 776/776/776
f 738/738/738 776/776/776 739/739/739
f 739/739/739 776/776/776 777/777/777
f 739/739/739 777/777/777 740/740/740
f 741/741/741 778/778/778 779/779/779
f 741/741/741 779/779/779 742/742/742
f 742/742/742 779/779/779 780/780/780
f 742/742/742 780/780/780 743/743/743
f 743/743/743 780/780/780 781/781/781
f 743/743/743 781/781/781 744/744/744
f 744/744/744 781/781/781 782/782/782
f 744/744/744 782/782/782 745/745/745
f 745/745/745 782/782/782 783/783/783
f 745/745/745 783/783/783 746/746/746
f 746/746/746 783/783/783 784/784/784
f 746/746/746 784/784/784 747/747/747
f 747/747/747 784/784/784 785/785/785
f 747/747/747 785/785/785 748/748/748
f 748/748/748 785/785/785 786/786/786
f 748/748/748 786/786/786 749/749/749
f 749/749/749 786/786/786 787/787/787
f 749/749/749 787/787/787 750/750/750
f 750/750/750 787/787/787 788/788/788
f 750/750/750 788/788/788 751/751/751
f 751/751/751 788/788/788 789/789/789
f 751/751/751 789/789/789 752/752/752
f 752/752/752 789/789/789 790/790/790
f 752/752/752 790/790/790 753/753/753
f 753/753/753 790/790/790 791/791/791
f 753/753/753 791/791/791 754/754/754
f 754/754/754 791/791/791 792/792/792
f 754/754/754 792/792/792 755/755/755
f 755/755/755 792/792/792 793/793/793
f 755/755/755 793/793/793 756/756/756
f 756/756/756 793/793/793 794/794/794
f 756/756/756 794/794/794 757/757/757
f 757/757/757 794/794/794 795/795/795
f 757/757/757 795/795/795 758/758/758
f 758/758/758 795/795/795 796/796/796
f 758/758/758 796/796/796 759/759/759
f 759/759/759 796/796/796 797/797/797
f 759/759/759 797/797/797 760/760/760
f 760/760/760 797/797/797 798/798/798
f 760/760/760 798/798/798 761/761/761
f 761/761/761 798/798/798 799/799/799
f 761/761/761 799/799/799 762/762/762
f 762/762/762 799/799/799 800/800/800
f 762/762/762 800/800/800 763/763/763
f 763/763/763 800/800/800 801/801/801
f 763/763/763 801/801/801 764/764/764
f 764/764/764 801/801/801 802/802/802
f 764/764/764 802/802/802 765/765/765
f 765/765/765 802/802/802 803/803/803
f 765/765/765 803/803/803 766/766/766
f 766/766/766 803/803/803 804/804/804
f 766/766/766 804/804/804 767/767/767
f 767/767/767 804/804/804 805/805/805
f 767/767/767 805/805/805 768/768/768
f 768/768/768 805/805/805 806/806/806
f 768/768/768 806/806/806 769/769/769
f 769/769/769 806/806/806 807/807/807
f 769/769/769 807/807/807 770/770/770
f 770/770/770 807/807/807 808/808/808
f 770/770/770 808/808/808 771/771/771
f 771/771/771 808/808/808 809/809/809
f 771/771/771 809/809/809 772/772/772
f 772/772/772 809/809/809 810/810/810
f 772/772/772 810/810/810 773/773/773
f 773/773/773 810/810/810 811/811/811
f 773/773/773 811/811/811 774/774/774
f 774/774/774 811/811/811 812/812/812
f 774/774/774 812/812/812 775/775/775
f 775/775/775 812/812/812 813/813/813
f 775/775/775 813/813/813 776/776/776
f 776/776/776 813/813/813 814/814/814
f 776/776/776 814/814/814 777/777/777
f 778/778/778 815/815/815 816/816/816
f 778/778/778 816/816/816 779/779/779
f 779/779/779 816/816/816 817/817/817
f 779/779/779 817/817/817 780/780/780
f 780/780/780 817/817/817 818/818/818
f 780/780/780 818/818/818 781/781/781
f 781/781/781 818/818/818 819/819/819
f 781/781/781 819/819/819 782/782/782
f 782/782/782 819/819/819 820/820/820
f 782/782/782 820/820/820 783/783/783
f 783/783/783 820/820/820 821/821/821
f 783/783/783 821/821/821 784/784/784
f 784/784/784 821/821/821 822/822/822
f 784/784/784 822/822/822 785/785/785
f 785/785/785 822/822/822 823/823/823
f 785/785/785 823/823/823 786/786/786
f 786/786/786 823/823/823 824/824/824
f 786/786/786 824/824/824 787/787/787
f 787/787/787 824/824/824 825/825/825
f 787/787/787 825/825/825 788/788/788
f 788/788/788 825/825/825 826/826/826
f 788/788/788 826/826/826 789/789/789
f 789/789/789 826/826/826 827/827/827
f 789/789/789 827/827/827 790/790/790
f 790/790/790 827/827/827 828/828/828
f 790/790/790 828/828/828 791/791/791
f 791/791/791 828/828/828 829/829/829
f 791/791/791 829/829/829 792/792/792
f 792/792/792 829/829/829 830/830/830
f 792/792/792 830/830/830 793/793/793
f 793/793/793 830/830/830 831/831/831
f 793/793/793 831/831/831 794/794/794
f 794/794/794 831/831/831 832/832/832
f 794/794/794 832/832/832 795/795/795
f 795/795/795 832/832/832 833/833/833
f 795/795/795 833/833/833 796/796/796
f 796/796/796 833/833/833 834/834/834
f 796/796/796 834/834/834 797/797/797
f 797/797/797 834/834/834 835/835/835
f 797/797/797 835/835/835 798/798/798
f 798/798/798 835/835/835 836/836/836
f 798/798/798 836/836/836 799/799/799
f 799/799/799 836/836/836 837/837/837
f 799/799/799 837/837/837 800/800/800
f 800/800/800 837/837/837 838/838/838
f 800/800/800 838/838/838 801/801/801
f 801/801/801 838/838/838 839/839/839
f 801/801/801 839/839/839 802/802/802
f 802/802/802 839/839/839 840/840/840
f 802/802/802 840/840/840 803/803/803
f 803/803/803 840/840/840 841/841/841
f 803/803/803 841/841/841 804/804/804
f 804/804/804 841/841/841 842/842/842
f 804/804/804 842/842/842 805/805/805
f 805/805/805 842/842/842 843/843/843
f 805/805/805 843/843/843 806/806/806
f 806/806/806 843/843/843 844/844/844
f 806/806/806 844/844/844 807/807/807
f 807/807/807 844/844/844 845/845/845
f 807/807/807 845/845/845 808/808/808
f 808/808/808 845/845/845 846/846/846
f 808/808/808 846/846/846 809/809/809
f 809/809/809 846/846/846 847/847/847
f 809/809/809 847/847/847 810/810/810
f 810/810/810 847/847/847 848/848/848
f 810/810/810 848/848/848 811/811/811
f 811/811/811 848/848/848 849/849/849
f 811/811/811 849/849/849 812/812/812
f 812/812/812 849/849/849 850/850/850
f 812/812/812 850/850/850 813/813/813
f 813/813/813 850/850/850 851/851/851
f 813/813/813 851/851/851 814/814/814
f 815/815/815 852/852/852 853/853/853
f 815/815/815 853/853/853 816/816/816
f 816/816/816 853/853/853 854/854/854
f 816/816/816 854/854/854 817/817/817
f 817/817/817 854/854/854 855/855/855
f 817/817/817 855/855/855 818/818/818
f 818/818/818 855/855/855 856/856/856
f 818/818/818 856/856/856 819/819/819
f 819/819/819 856/856/856 857/857/857
f 819/819/819 857/857/857 820/820/820
f 820/820/820 857/857/857 858/858/858
f 820/820/820 858/858/858 821/821/821
f 821/821/821 858/858/858 859/859/859
f 821/821/821 859/859/859 822/822/822
f 822/822/822 859/859/859 860/860/860
f 822/822/822 860/860/860 823/823/823
f 823/823/823 860/860/860 861/861/861
f 823/823/823 861/861/861 824/824/824
f 824/824/824 861/861/861 862/862/862
f 824/824/824 862/862/862 825/825/825
f 825/825/825 862/862/862 863/863/863
f 825/825/825 863/863/863 826/826/826
f 826/826/826 863/863/863 864/864/864
f 826/826/826 864/864/864 827/827/827
f 827/827/827 864/864/864 865/865/865
f 827/827/827 865/865/865 828/828/828
f 828/828/828 865/865/865 866/866/866
f 828/828/828 866/866/866 829/829/829
f 829/829/829 866/866/866 867/867/867
f 829/829/829 867/867/867 830/830/830
f 830/830/830 867/867/867 868/868/868
f 830/830/830 868/868/868 831/831/831
f 831/831/831 868/868/868 869/869/869
f 831/831/831 869/869/869 832/832/832
f 832/832/832 869/869/869 870/870/870
f 832/832/832 870/870/870 833/833/833
f 833/833/833 870/870/870 871/871/871
f 833/833/833 871/871/871 834/834/834
f 834/834/834 871/871/871 872/872/872
f 834/834/834 872/872/872 835/835/835
f 835/835/835 872/872/872 873/873/873
f 835/835/835 873/873/873 836/836/836
f 836/836/836 873/873/873 874/874/874
f 836/836/836 874/874/874 837/837/837
f 837/837/837 874/874/874 875/875/875
f 837/837/837 875/875/875 838/838/838
f 838/838/838 875/875/875 876/876/876
f 838/838/838 876/876/876 839/839/839
f 839/839/839 876/876/876 877/877/877
f 839/839/839 877/877/877 840/840/840
f 840/840/840 877/877/877 878/878/878
f 840/840/840 878/878/878 841/841/841
f 841/841/841 878/878/878 879/879/879
f 841/841/841 879/879/879 842/842/842
f 842/842/842 879/879/879 880/880/880
f 842/842/842 880/880/880 843/843/843
f 843/843/843 880/880/880 881/881/881
f 843/843/843 881/881/881 844/844/844
f 844/844/844 881/881/881 882/882/882
f 844/844/844 882/882/882 845/845/845
f 845/845/845 882/882/882 883/883/883
f 845/845/845 883/883/883 846/846/846
f 846/846/846 883/883/883 884/884/884
f 846/846/846 884/884/884 847/847/847
f 847/847/847 884/884/884 885/885/885
f 847/847/847 885/885/885 848/848/848
f 848/848/848 885/885/885 886/886/886
f 848/848/848 886/886/886 849/849/849
f 849/849/849 886/886/886 887/887/887
f 849/849/849 887/887/887 850/850/850
f 850/850/850 887/887/887 888/888/888
f 850/850/850 888/888/888 851/851/851
f 852/852/852 889/889/889 890/890/890
f 852/852/852 890/890/890 853/853/853
f 853/853/853 890/890/890 891/891/891
f 853/853/853 891/891/891 854/854/854
f 854/854/854 891/891/891 892/892/892
f 854/854/854 892/892/892 855/855/855
f 855/855/855 892/892/892 893/893/893
f 855/855/855 893/893/893 856/856/856
f 856/856/856 893/893/893 894/894/894
f 856/856/856 894/894/894 857/857/857
f 857/857/857 894/894/894 895/895/895
f 857/857/857 895/895/895 858/858/858
f 858/858/858 895/895/895 896/896/896
f 858/858/858 896/896/896 859/859/859
f 859/859/859 896/896/896 897/897/897
f 859/859/859 897/897/897 860/860/860
f 860/860/860 897/897/897 898/898/898
f 860/860/860 898/898/898 861/861/861
f 861/861/861 898/898/898 899/899/899
f 861/861/861 899/899/899 862/862/862
f 862/862/862 899/899/899 900/900/900
f 862/862/862 900/900/900 863/863/863
f 863/863/863 900/900/900 901/901/901
f 863/863/863 901/901/901 864/864/864
f 864/864/864 901/901/901 902/902/902
f 864/864/864 902/902/902 865/865/865
f 865/865/865 902/902/902 903/903/903
f 865/865/865 903/903/903 866/866/866
f 866/866/866 903/903/903 904/904/904
f 866/866/866 904/904/904 867/867/867
f 867/867/867 904/904/904 905/905/905
f 867/867/867 905/905/905 868/868/868
f 868/868/868 905/905/905 906/906/906
f 868/868/868 906/906/906 869/869/869
f 869/869/869 906/906/906 907/907/907
f 869/869/869 907/907/907 870/870/870
f 870/870/870 907/907/907 908/908/908
f 870/870/870 908/908/908 871/871/871
f 871/871/871 908/908/908 909/909/909
f 871/871/871 909/909/909 872/872/872
f 872/872/872 909/909/909 910/910/910
f 872/872/872 910/910/910 873/873/873
f 873/873/873 910/910/910 911/911/911
f 873/873/873 911/911/911 874/874/874
f 874/874/874 911/911/911 912/912/912
f 874/874/874 912/912/912 875/875/875
f 875/875/875 912/912/912 913/913/913
f 875/875/875 913/913/913 876/876/876
f 876/876/876 913/913/913 914/914/914
f 876/876/876 914/914/914 877/877/877
f 877/877/877 914/914/914 915/915/915
f 877/877/877 915/915/915 878/878/878
f 878/878/878 915/915/915 916/916/916
f 878/878/878 916/916/916 879/879/879
f 879/879/879 916/916/916 917/917/917
f 879/879/879 917/917/917 880/880/880
f 880/880/880 917/917/917 918/918/918
f 880/880/880 918/918/918 881/881/881
f 881/881/881 918/918/918 919/919/919
f 881/881/881 919/919/919 882/882/882
f 882/882/882 919/919/919 920/920/920
f 882/882/882 920/920/920 883/883/883
f 883/883/883 920/920/920 921/921/921
f 883/883/883 921/921/921 884/884/884
f 884/884/884 921/921/921 922/922/922
f 884/884/884 922/922/922 885/885/885
f 885/885/885 922/922/922 923/923/923
f 885/885/885 923/923/923 886/886/886
f 886/886/886 923/923/923 924/924/924
f 886/886/886 924/924/924 887/887/887
f 887/887/887 924/924/924 925/925/925
f 887/887/887 925/925/925 888/888/888
f 889/889/889 926/926/926 927/927/927
f 889/889/889 927/927/927 890/890/890
f 890/890/890 927/927/927 928/928/928
f 890/890/890 928/928/928 891/891/891
f 891/891/891 928/928/928 929/929/929
f 891/891/891 929/929/929 892/892/892
f 892/892/892 929/929/929 930/930/930
f 892/892/892 930/930/930 893/893/893
f 893/893/893 930/930/930 931/931/931
f 893/893/893 931/931/931 894/894/894
f 894/894/894 931/931/931 932/932/932
f 894/894/894 932/932/932 895/895/895
f 895/895/895 932/932/932 933/933/933
f 895/895/895 933/933/933 896/896/896
f 896/896/896 933/933/933 934/934/934
f 896/896/896 934/934/934 897/897/897
f 897/897/897 934/934/934 935/935/935
f 897/897/897 935/935/935 898/898/898
f 898/898/898 935/935/935 936/936/936
f 898/898/898 936/936/936 899/899/899
f 899/899/899 936/936/936 937/937/937
f 899/899/899 937/937/937 900/900/900
f 900/900/900 937/937/937 938/938/938
f 900/900/900 938/938/938 901/901/901
f 901/901/901 938/938/938 939/939/939
f 901/901/901 939/939/939 902/902/902
f 902/902/902 939/939/939 940/940/940
f 902/902/902 940/940/940 903/903/903
f 903/903/903 940/940/940 941/941/941
f 903/903/903 941/941/941 904/904/904
f 904/904/904 941/941/941 942/942/942
f 904/904/904 942/942/942 905/905/905
f 905/905/905 942/942/942 943/943/943
f 905/905/905 943/943/943 906/906/906
f 906/906/906 943/943/943 944/944/944
f 906/906/906 944/944/944 907/907/907
f 907/907/907 944/944/944 945/945/945
f 907/907/907 945/945/945 908/908/908
f 908/908/908 945/945/945 946/946/946
f 908/908/908 946/946/946 909/909/909
f 909/909/909 946/946/946 947/947/947
f 909/909/909 947/947/947 910/910/910
f 910/910/910 947/947/947 948/948/948
f 910/910/910 948/948/948 911/911/911
f 911/911/911 948/948/948 949/949/949
f 911/911/911 949/949/949 912/912/912
f 912/912/912 949/949/949 950/950/950
f 912/912/912 950/950/950 913/913/913
f 913/913/913 950/950/950 951/951/951
f 913/913/913 951/951/951 914/914/914
f 914/914/914 951/951/951 952/952/952
f 914/914/914 952/952/952 915/915/915
f 915/915/915 952/952/952 953/953/953
f 915/915/915 953/953/953 916/916/916
f 916/916/916 953/953/953 954/954/954
f 916/916/916 954/954/954 917/917/917
f 917/917/917 954/954/954 955/955/955
f 917/917/917 955/955/955 918/918/918
f 918/918/918 955/955/955 956/956/956
f 918/918/918 956/956/956 919/919/919
f 919/919/919 956/956/956 957/957/957
f 919/919/919 957/957/957 920/920/920
f 920/920/920 957/957/957 958/958/958
f 920/920/920 958/958/958 921/921/921
f 921/921/921 958/958/958 959/959/959
f 921/921/921 959/959/959 922/922/922
f 922/922/922 959/959/959 960/960/960
f 922/922/922 960/960/960 923/923/923
f 923/923/923 960/960/960 961/961/961
f 923/923/923 961/961/961 924/924/924
f 924/924/924 961/961/961 962/962/962
f 924/924/924 962/962/962 925/925/925
