# Generated sky cornice; visual geometry only.
s 1
v -80.160809 -29.504677 -36.788658
v -80.174626 -27.594630 -36.961096
v -80.196617 -24.467437 -37.235539
v -80.206931 -20.747771 -37.364261
v -80.185719 -17.085510 -37.099532
v -80.125585 -13.620312 -36.349062
v -80.037818 -10.180537 -35.253717
v -79.930591 -6.972334 -33.915501
v -79.812076 -4.205159 -32.436421
v -79.677214 -2.024863 -30.753329
v -79.524059 -0.484093 -28.841940
v -79.365456 0.362285 -26.862546
v -79.214247 0.480865 -24.975444
v -79.064693 -0.252116 -23.108985
v -78.912998 -1.836669 -21.215810
v -78.774925 -4.080620 -19.492645
v -78.666238 -6.764213 -18.136214
v -78.589563 -9.789957 -17.179305
v -78.537019 -13.157137 -16.523555
v -78.508607 -16.760754 -16.168964
v -78.504326 -20.486072 -16.115533
v -78.526219 -24.306994 -16.388762
v -78.573605 -28.079046 -16.980151
v -78.642398 -31.515480 -17.838698
v -78.728511 -34.346108 -18.913399
v -78.840312 -36.390047 -20.308690
v -78.976828 -37.729166 -22.012425
v -79.119961 -38.800881 -23.798737
v -79.251611 -39.981733 -25.441755
v -79.374018 -41.254259 -26.969409
v -79.494479 -42.548612 -28.472777
v -79.602485 -43.956466 -29.820707
v -79.687528 -45.569496 -30.882051
v -79.743477 -47.664907 -31.580303
v -79.777047 -50.109553 -31.999254
v -79.796994 -52.379582 -32.248196
v -79.812076 -53.951141 -32.436421
v -72.890576 -27.621985 -34.186502
v -72.904486 -25.595255 -34.371099
v -72.926626 -22.305752 -34.664894
v -72.937009 -18.419730 -34.802692
v -72.915654 -14.628191 -34.519297
v -72.855114 -11.072944 -33.715911
v -72.766754 -7.560435 -32.543331
v -72.658801 -4.301430 -31.110757
v -72.539485 -1.509943 -29.527385
v -72.403712 0.667914 -27.725617
v -72.249522 2.185069 -25.679453
v -72.089846 2.990596 -23.560490
v -71.937616 3.054648 -21.540326
v -71.787050 2.248163 -19.542261
v -71.634330 0.572316 -17.515597
v -71.495323 -1.768152 -15.670930
v -71.385902 -4.541413 -14.218855
v -71.308709 -7.649048 -13.194473
v -71.255810 -11.098350 -12.492486
v -71.227205 -14.786193 -12.112893
v -71.222895 -18.599885 -12.055694
v -71.244936 -22.522085 -12.348188
v -71.292643 -26.408132 -12.981277
v -71.361901 -29.959804 -13.900361
v -71.448596 -32.895149 -15.050841
v -71.561153 -35.026042 -16.544514
v -71.698592 -36.443753 -18.368382
v -71.842692 -37.593299 -20.280648
v -71.975232 -38.859906 -22.039517
v -72.098467 -40.224845 -23.674888
v -72.219742 -41.613196 -25.284260
v -72.328478 -43.123292 -26.727234
v -72.414096 -44.853463 -27.863414
v -72.470423 -47.101048 -28.610901
v -72.504220 -49.723229 -29.059393
v -72.524301 -52.158112 -29.325888
v -72.539485 -53.843800 -29.527385
v -65.614400 -25.694014 -31.542956
v -65.628168 -23.579887 -31.738072
v -65.650081 -20.191153 -32.048608
v -65.660359 -16.227863 -32.194257
v -65.639222 -12.412931 -31.894714
v -65.579300 -8.884816 -31.045549
v -65.491842 -5.424662 -29.806153
v -65.384992 -2.240493 -28.291946
v -65.266895 0.456669 -26.618349
v -65.132508 2.527237 -24.713911
v -64.979893 3.935157 -22.551150
v -64.821848 4.638123 -20.311443
v -64.671172 4.613301 -18.176164
v -64.522144 3.729426 -16.064244
v -64.370984 1.989482 -13.922095
v -64.233397 -0.391739 -11.972313
v -64.125093 -3.174413 -10.437495
v -64.048688 -6.263337 -9.354741
v -63.996330 -9.678063 -8.612752
v -63.968018 -13.323309 -8.211529
v -63.963751 -17.094956 -8.151071
v -63.985567 -20.990270 -8.460233
v -64.032787 -24.871165 -9.129397
v -64.101338 -28.435526 -10.100852
v -64.187147 -31.396271 -11.316890
v -64.298555 -33.562818 -12.895677
v -64.434590 -35.036895 -14.823474
v -64.577218 -36.254345 -16.844707
v -64.708405 -37.595773 -18.703801
v -64.830381 -39.041340 -20.432360
v -64.950417 -40.511703 -22.133438
v -65.058043 -42.111002 -23.658638
v -65.142786 -43.943377 -24.859560
v -65.198538 -46.323729 -25.649641
v -65.231989 -49.100806 -26.123689
v -65.251866 -51.679520 -26.405370
v -65.266895 -53.464784 -26.618349
v -58.331093 -23.690126 -28.831145
v -58.344436 -21.525487 -29.034075
v -58.365674 -18.107338 -29.357048
v -58.375635 -14.158582 -29.508531
v -58.355149 -10.421968 -29.196991
v -58.297076 -7.027809 -28.313817
v -58.212315 -3.731517 -27.024785
v -58.108760 -0.731772 -25.449935
v -57.994304 1.770142 -23.709312
v -57.864062 3.646818 -21.728604
v -57.716153 4.877120 -19.479227
v -57.562982 5.430812 -17.149822
v -57.416953 5.294559 -14.929027
v -57.272521 4.338024 -12.732527
v -57.126022 2.566387 -10.504587
v -56.992679 0.201057 -8.476718
v -56.887714 -2.514839 -6.880433
v -56.813666 -5.492845 -5.754316
v -56.762922 -8.767426 -4.982611
v -56.735483 -12.255893 -4.565319
v -56.731349 -15.867883 -4.502439
v -56.752492 -19.619172 -4.823983
v -56.798255 -23.383869 -5.519946
v -56.864692 -26.863490 -6.530308
v -56.947855 -29.772596 -7.795046
v -57.055827 -31.922889 -9.437062
v -57.187667 -33.426416 -11.442065
v -57.325896 -34.695131 -13.544246
v -57.453038 -36.093043 -15.477795
v -57.571252 -37.599481 -17.275581
v -57.687587 -39.131758 -19.044786
v -57.791893 -40.798400 -20.631068
v -57.874023 -42.707933 -21.880086
v -57.928056 -45.188516 -22.701809
v -57.960475 -48.082530 -23.194843
v -57.979739 -50.769829 -23.487805
v -57.994304 -52.630266 -23.709312
v -51.040455 -21.588075 -26.031823
v -51.053084 -19.411371 -26.239100
v -51.073183 -16.026883 -26.568991
v -51.082610 -12.167809 -26.723719
v -51.063222 -8.583653 -26.405505
v -51.008261 -5.393750 -25.503414
v -50.928042 -2.331176 -24.186769
v -50.830036 0.418914 -22.578185
v -50.721714 2.669229 -20.800276
v -50.598451 4.307516 -18.777139
v -50.458468 5.328656 -16.479579
v -50.313505 5.715621 -14.100276
v -50.175301 5.465273 -11.831910
v -50.038608 4.450702 -9.588359
v -49.899960 2.679294 -7.312695
v -49.773762 0.375204 -5.241388
v -49.674422 -2.219562 -3.610908
v -49.604341 -5.025281 -2.460669
v -49.556317 -8.091385 -1.672433
v -49.530348 -11.349924 -1.246202
v -49.526435 -14.726645 -1.181976
v -49.546445 -18.256402 -1.510407
v -49.589756 -21.828451 -2.221279
v -49.652633 -25.153735 -3.253283
v -49.731340 -27.953917 -4.545113
v -49.833526 -30.046643 -6.222303
v -49.958301 -31.552652 -8.270255
v -50.089123 -32.851114 -10.417466
v -50.209452 -34.281803 -12.392433
v -50.321331 -35.823562 -14.228730
v -50.431432 -37.391767 -16.035832
v -50.530149 -39.097486 -17.656093
v -50.607878 -41.051792 -18.931867
v -50.659015 -43.590537 -19.771191
v -50.689698 -46.552407 -20.274786
v -50.707929 -49.302715 -20.574024
v -50.721714 -51.206774 -20.800276
v -43.743224 -19.376669 -23.135639
v -43.754876 -17.222896 -23.343425
v -43.773422 -13.919289 -23.674127
v -43.782120 -10.196699 -23.829235
v -43.764231 -6.798980 -23.510239
v -43.713518 -3.834163 -22.605932
v -43.639501 -1.020145 -21.286052
v -43.549072 1.472426 -19.673516
v -43.449124 3.471198 -17.891240
v -43.335390 4.878715 -15.863133
v -43.206229 5.703753 -13.559928
v -43.072472 5.940943 -11.174780
v -42.944952 5.595991 -8.900841
v -42.818827 4.546888 -6.651778
v -42.690897 2.802809 -4.370523
v -42.574455 0.586848 -2.294127
v -42.482795 -1.863667 -0.659642
v -42.418132 -4.477766 0.493423
v -42.373820 -7.317036 1.283595
v -42.349859 -10.327288 1.710873
v -42.346248 -13.449302 1.775257
v -42.364712 -16.733862 1.446019
v -42.404675 -20.084985 0.733401
v -42.462690 -23.226178 -0.301139
v -42.535313 -25.889493 -1.596142
v -42.629599 -27.900497 -3.277452
v -42.744728 -29.385580 -5.330436
v -42.865437 -30.689820 -7.482922
v -42.976463 -32.126874 -9.462741
v -43.079693 -33.675493 -11.303549
v -43.181283 -35.250674 -13.115091
v -43.272368 -36.963983 -14.739333
v -43.344088 -38.926983 -16.018240
v -43.391272 -41.477024 -16.859627
v -43.419582 -44.452072 -17.364459
v -43.436405 -47.214616 -17.664432
v -43.449124 -49.127147 -17.891240
v -36.440888 -17.057088 -20.144208
v -36.451362 -14.954779 -20.348730
v -36.468032 -11.760867 -20.674236
v -36.475851 -8.192393 -20.826906
v -36.459771 -4.976966 -20.512923
v -36.414187 -2.213202 -19.622823
v -36.347656 0.386492 -18.323680
v -36.266373 2.664088 -16.736479
v -36.176533 4.460168 -14.982204
v -36.074302 5.688862 -12.985960
v -35.958204 6.368150 -10.718941
v -35.837976 6.500596 -8.371267
v -35.723353 6.097760 -6.133054
v -35.609984 5.042976 -3.919326
v -35.494993 3.346465 -1.673912
v -35.390328 1.226877 0.369862
v -35.307938 -1.085578 1.978667
v -35.249815 -3.527009 3.113617
v -35.209985 -6.166150 3.891374
v -35.188447 -8.958977 4.311939
v -35.185202 -11.857377 4.375312
v -35.201798 -14.922002 4.051247
v -35.237719 -18.068408 3.349825
v -35.289867 -21.033178 2.331539
v -35.355144 -23.559842 1.056881
v -35.439894 -25.482213 -0.598014
v -35.543379 -26.928369 -2.618743
v -35.651880 -28.214674 -4.737411
v -35.751677 -29.631968 -6.686126
v -35.844467 -31.159292 -8.498012
v -35.935781 -32.712813 -10.281093
v -36.017655 -34.402563 -11.879816
v -36.082121 -36.338570 -13.138631
v -36.124533 -38.853546 -13.966799
v -36.149980 -41.787685 -14.463699
v -36.165101 -44.512242 -14.758959
v -36.176533 -46.398474 -14.982204
v -29.135414 -14.642713 -17.069844
v -29.144586 -12.612891 -17.267815
v -29.159182 -9.542212 -17.582896
v -29.166028 -6.124551 -17.730677
v -29.151948 -3.063081 -17.426750
v -29.112035 -0.450105 -16.565158
v -29.053779 1.997268 -15.307624
v -28.982607 4.130097 -13.771257
v -28.903943 5.798218 -12.073168
v -28.814428 6.922668 -10.140859
v -28.712772 7.524820 -7.946448
v -28.607499 7.610474 -5.673964
v -28.507134 7.193345 -3.507437
v -28.407868 6.161824 -1.364610
v -28.307180 4.526322 0.808889
v -28.215534 2.498322 2.787205
v -28.143393 0.299485 4.344484
v -28.092500 -2.010798 5.443083
v -28.057625 -4.502565 6.195931
v -28.038766 -7.137086 6.603026
v -28.035924 -9.872043 6.664369
v -28.050456 -12.770715 6.350683
v -28.081909 -15.755512 5.671726
v -28.127570 -18.574858 4.686053
v -28.184727 -20.983286 3.452220
v -28.258935 -22.822079 1.850328
v -28.349548 -24.216905 -0.105681
v -28.444552 -25.464498 -2.156494
v -28.531935 -26.839136 -4.042795
v -28.613182 -28.320493 -5.796651
v -28.693138 -29.827260 -7.522623
v -28.764827 -31.466154 -9.070143
v -28.821274 -33.343895 -10.288640
v -28.858411 -35.783180 -11.090284
v -28.880692 -38.629012 -11.571269
v -28.893932 -41.271570 -11.857073
v -28.903943 -43.101033 -12.073168
v -21.828916 -12.157469 -13.934008
v -21.836743 -10.213727 -14.122993
v -21.849201 -7.270154 -14.423772
v -21.855045 -3.990829 -14.564846
v -21.843028 -1.048950 -14.274714
v -21.808961 1.466401 -13.452229
v -21.759239 3.824881 -12.251775
v -21.698493 5.882999 -10.785144
v -21.631352 7.496068 -9.164132
v -21.554951 8.587536 -7.319531
v -21.468186 9.176914 -5.224725
v -21.378335 9.268968 -3.055389
v -21.292672 8.876225 -0.987200
v -21.207947 7.891562 1.058363
v -21.122009 6.324820 3.133206
v -21.043789 4.378426 5.021726
v -20.982216 2.264785 6.508320
v -20.938778 0.041316 7.557054
v -20.909011 -2.358176 8.275730
v -20.892915 -4.895707 8.664347
v -20.890490 -7.529770 8.722905
v -20.902892 -10.319840 8.423457
v -20.929738 -13.190680 7.775318
v -20.968710 -15.900729 6.834386
v -21.017495 -18.214415 5.656556
v -21.080832 -19.979339 4.127374
v -21.158170 -21.315362 2.260149
v -21.239257 -22.508707 0.302423
v -21.313840 -23.823575 -1.498259
v -21.383185 -25.240520 -3.172507
v -21.451429 -26.681770 -4.820137
v -21.512616 -28.249403 -6.297415
v -21.560794 -30.045497 -7.460604
v -21.592490 -32.378718 -8.225861
v -21.611508 -35.100810 -8.685015
v -21.622808 -37.628466 -8.957845
v -21.631352 -39.378382 -9.164132
v -14.523330 -9.632901 -10.764654
v -14.529850 -7.781601 -10.943325
v -14.540228 -4.963812 -11.227689
v -14.545095 -1.810341 -11.361063
v -14.535085 1.038337 -11.086765
v -14.506708 3.494219 -10.309169
v -14.465291 5.808486 -9.174229
v -14.414689 7.840526 -7.787641
v -14.358762 9.448460 -6.255095
v -14.295120 10.555098 -4.511165
v -14.222846 11.174677 -2.530683
v -14.148001 11.308128 -0.479740
v -14.076645 10.964615 1.475576
v -14.006070 10.040988 3.409503
v -13.934485 8.546036 5.371110
v -13.869328 6.672149 7.156563
v -13.818038 4.622298 8.562026
v -13.781855 2.453658 9.553525
v -13.757060 0.107167 10.232978
v -13.743652 -2.376903 10.600386
v -13.741632 -4.954539 10.655749
v -13.751963 -7.677269 10.372644
v -13.774325 -10.469162 9.759877
v -13.806788 -13.097155 8.870296
v -13.847425 -15.334537 7.756747
v -13.900184 -17.034271 6.311021
v -13.964607 -18.308344 4.545700
v -14.032151 -19.438823 2.694818
v -14.094278 -20.684421 0.992409
v -14.152042 -22.026720 -0.590466
v -14.208887 -23.392044 -2.148176
v -14.259856 -24.877092 -3.544831
v -14.299988 -26.578565 -4.644539
v -14.326390 -28.788869 -5.368031
v -14.342232 -31.367558 -5.802126
v -14.351645 -33.762054 -6.060067
v -14.358762 -35.419782 -6.255095
v -7.220146 -7.104322 -7.592805
v -7.225454 -5.344384 -7.761064
v -7.233903 -2.647157 -8.028855
v -7.237865 0.389881 -8.154456
v -7.229716 3.158779 -7.896144
v -7.206614 5.571772 -7.163865
v -7.172896 7.860284 -6.095069
v -7.131702 9.885510 -4.789289
v -7.086172 11.507268 -3.346059
v -7.034361 12.646611 -1.703763
v -6.975523 13.311412 0.161298
v -6.914591 13.497862 2.092714
v -6.856501 13.211069 3.934077
v -6.799046 12.351516 5.755296
v -6.740768 10.926795 7.602583
v -6.687724 9.119270 9.283981
v -6.645969 7.122765 10.607535
v -6.616513 4.994871 11.541250
v -6.596327 2.684623 12.181106
v -6.585411 0.235642 12.527102
v -6.583767 -2.304405 12.579238
v -6.592177 -4.977836 12.312632
v -6.610382 -7.706909 11.735577
v -6.636811 -10.266170 10.897840
v -6.669893 -12.437046 9.849187
v -6.712844 -14.077303 8.487717
v -6.765290 -15.290571 6.825277
v -6.820278 -16.357303 5.082262
v -6.870855 -17.532664 3.479068
v -6.917881 -18.799273 1.988441
v -6.964159 -20.087608 0.521513
v -7.005652 -21.488916 -0.793746
v -7.038324 -23.094447 -1.829364
v -7.059818 -25.180115 -2.510692
v -7.072714 -27.613395 -2.919489
v -7.080378 -29.872869 -3.162397
v -7.086172 -31.437120 -3.346059
v 0.079778 -4.606520 -4.448778
v 0.075553 -2.929009 -4.607726
v 0.068828 -0.341743 -4.860700
v 0.065674 2.587725 -4.979351
v 0.072161 5.280735 -4.735332
v 0.090549 7.649993 -4.043573
v 0.117388 9.909578 -3.033918
v 0.150177 11.922641 -1.800393
v 0.186419 13.550875 -0.437023
v 0.227659 14.714106 1.114398
v 0.274493 15.414829 2.876257
v 0.322993 15.645260 4.700800
v 0.369232 15.407082 6.440272
v 0.414965 14.604147 8.160715
v 0.461353 13.243017 9.905783
v 0.503575 11.497045 11.494143
v 0.536811 9.551746 12.744458
v 0.560257 7.464878 13.626507
v 0.576325 5.192447 14.230957
v 0.585013 2.780753 14.557808
v 0.586323 0.280387 14.607059
v 0.579628 -2.343093 14.355205
v 0.565137 -5.010666 13.810081
v 0.544101 -7.503994 13.018699
v 0.517768 -9.612043 12.028073
v 0.483579 -11.197069 10.741939
v 0.441834 -12.355344 9.171489
v 0.398064 -13.365077 7.524923
v 0.357806 -14.477633 6.010441
v 0.320375 -15.676562 4.602297
v 0.283538 -16.896056 3.216540
v 0.250510 -18.222487 1.974060
v 0.224505 -19.742227 0.995747
v 0.207396 -21.716450 0.352120
v 0.197130 -24.019710 -0.034057
v 0.191031 -26.158451 -0.263524
v 0.186419 -27.639118 -0.437023
v 7.376283 -2.169526 -1.358513
v 7.373005 -0.557781 -1.510281
v 7.367788 1.937550 -1.751826
v 7.365342 4.772293 -1.865118
v 7.370374 7.390943 -1.632122
v 7.384638 9.707521 -0.971613
v 7.405459 11.923936 -0.007569
v 7.430895 13.906067 1.170233
v 7.459009 15.518306 2.472013
v 7.491001 16.680764 3.953349
v 7.527332 17.392931 5.635617
v 7.564956 17.644921 7.377737
v 7.600826 17.436498 9.038630
v 7.636303 16.674537 10.681353
v 7.672288 15.364948 12.347589
v 7.705042 13.674017 13.864195
v 7.730825 11.780433 15.058029
v 7.749014 9.741351 15.900231
v 7.761478 7.517164 16.477375
v 7.768218 5.155093 16.789461
v 7.769234 2.706741 16.836487
v 7.764040 0.142436 16.596011
v 7.752799 -2.459044 16.075512
v 7.736480 -4.885922 15.319881
v 7.716052 -6.933870 14.374006
v 7.689531 -8.469286 13.145972
v 7.657147 -9.583215 11.646466
v 7.623193 -10.549277 10.074283
v 7.591963 -11.613715 8.628216
v 7.562925 -12.760791 7.283684
v 7.534349 -13.927542 5.960528
v 7.508728 -15.196605 4.774177
v 7.488554 -16.650616 3.840058
v 7.475282 -18.539454 3.225507
v 7.467319 -20.743098 2.856776
v 7.462587 -22.789339 2.637675
v 7.459009 -24.205968 2.472013
v 14.669856 0.185022 1.659542
v 14.667410 1.754031 1.512094
v 14.663516 4.183156 1.277423
v 14.661690 6.942650 1.167356
v 14.665446 9.491735 1.393720
v 14.676092 11.746722 2.035431
v 14.691632 13.904179 2.972038
v 14.710616 15.833553 4.116318
v 14.731600 17.402845 5.381049
v 14.755477 18.534294 6.820226
v 14.782593 19.227417 8.454615
v 14.810674 19.472599 10.147154
v 14.837446 19.269618 11.760776
v 14.863925 18.527822 13.356746
v 14.890782 17.252965 14.975560
v 14.915228 15.606927 16.449003
v 14.934471 13.763654 17.608859
v 14.948047 11.778780 18.427092
v 14.957350 9.613738 18.987810
v 14.962380 7.314485 19.291013
v 14.963138 4.931243 19.336702
v 14.959262 2.435113 19.103069
v 14.950872 -0.097227 18.597384
v 14.938692 -2.459624 17.863259
v 14.923446 -4.453176 16.944304
v 14.903651 -5.947828 15.751220
v 14.879481 -7.032215 14.294391
v 14.854139 -7.972678 12.766954
v 14.830830 -9.008911 11.362043
v 14.809158 -10.125591 10.055777
v 14.787830 -11.261425 8.770279
v 14.768708 -12.496860 7.617692
v 14.753651 -13.912342 6.710159
v 14.743745 -15.751129 6.113098
v 14.737802 -17.896380 5.754861
v 14.734270 -19.888399 5.541996
v 14.731600 -21.267489 5.381049
v 21.961475 2.446497 4.596621
v 21.959782 3.999436 4.450283
v 21.957089 6.393374 4.217381
v 21.955825 9.102764 4.108143
v 21.958424 11.591854 4.332802
v 21.965789 13.780102 4.969677
v 21.976539 15.866165 5.899226
v 21.989673 17.723688 7.034884
v 22.004190 19.224978 8.290085
v 22.020709 20.296175 9.718417
v 22.039468 20.939955 11.340492
v 22.058895 21.149417 13.020276
v 22.077416 20.926352 14.621739
v 22.095735 20.181846 16.205683
v 22.114316 18.922023 17.812299
v 22.131228 17.307396 19.274639
v 22.144541 15.509650 20.425755
v 22.153932 13.582043 21.237823
v 22.160368 11.483514 21.794316
v 22.163848 9.256576 22.095235
v 22.164373 6.947688 22.140578
v 22.161691 4.524534 21.908706
v 22.155887 2.059907 21.406832
v 22.147461 -0.244321 20.678238
v 22.136913 -2.192983 19.766208
v 22.123219 -3.658726 18.582115
v 22.106497 -4.730853 17.136263
v 22.088965 -5.666118 15.620335
v 22.072840 -6.696624 14.226011
v 22.057846 -7.807133 12.929588
v 22.043092 -8.936689 11.653777
v 22.029862 -10.165296 10.509874
v 22.019446 -11.572956 9.609180
v 22.012592 -13.401580 9.016618
v 22.008481 -15.534975 8.661081
v 22.006037 -17.515984 8.449819
v 22.004190 -18.887453 8.290085
v 29.252371 4.616544 7.454634
v 29.251404 6.180188 7.306275
v 29.249864 8.571114 7.070155
v 29.249142 11.257829 6.959408
v 29.250627 13.699922 7.187170
v 29.254836 15.820629 7.832844
v 29.260979 17.827739 8.775234
v 29.268485 19.599446 9.926581
v 29.276780 21.012771 11.199122
v 29.286220 21.999220 12.647185
v 29.296940 22.567460 14.291667
v 29.308042 22.715496 15.994657
v 29.318626 22.448931 17.618244
v 29.329094 21.679780 19.224069
v 29.339712 20.415012 20.852879
v 29.349376 18.816810 22.335421
v 29.356984 17.057121 23.502439
v 29.362351 15.186158 24.325725
v 29.366029 13.157105 24.889905
v 29.368017 11.007142 25.194981
v 29.368317 8.776896 25.240951
v 29.366785 6.426797 25.005876
v 29.363468 4.024274 24.497068
v 29.358653 1.768483 23.758410
v 29.352625 -0.147283 22.833780
v 29.344800 -1.597379 21.633329
v 29.335244 -2.674713 20.167504
v 29.325225 -3.624821 18.630634
v 29.316010 -4.671682 17.217048
v 29.307442 -5.799814 15.902717
v 29.299011 -6.947297 14.609280
v 29.291451 -8.195402 13.449575
v 29.285498 -9.625402 12.536439
v 29.281582 -11.483047 11.935691
v 29.279232 -13.650300 11.575242
v 29.277836 -15.662748 11.361062
v 29.276780 -17.055982 11.199122
v 36.543762 6.708850 10.245862
v 36.543540 8.306699 10.092835
v 36.543187 10.724125 9.849287
v 36.543021 13.414942 9.735056
v 36.543362 15.825634 9.969983
v 36.544329 17.883492 10.635971
v 36.545740 19.811112 11.608011
v 36.547465 21.491189 12.795580
v 36.549371 22.805451 14.108158
v 36.551540 23.691669 15.601780
v 36.554003 24.166601 17.298000
v 36.556553 24.234754 19.054569
v 36.558985 23.906882 20.729237
v 36.561390 23.095108 22.385584
v 36.563830 21.807618 24.065640
v 36.566050 20.210884 25.594824
v 36.567798 18.479403 26.798559
v 36.569031 16.659969 27.647747
v 36.569876 14.697511 28.229678
v 36.570333 12.622581 28.544351
v 36.570402 10.468564 28.591768
v 36.570050 8.185728 28.349297
v 36.569288 5.835219 27.824481
v 36.568182 3.615122 27.062583
v 36.566797 1.718702 26.108863
v 36.564999 0.270930 24.870644
v 36.562803 -0.827085 23.358702
v 36.560501 -1.809076 21.773479
v 36.558384 -2.891067 20.315419
v 36.556416 -4.057057 18.959736
v 36.554478 -5.243047 17.625606
v 36.552741 -6.533035 16.429415
v 36.551374 -8.011023 15.487549
v 36.550474 -9.931006 14.867901
v 36.549934 -12.170987 14.496112
v 36.549613 -14.250969 14.275193
v 36.549371 -15.690956 14.108158
v 43.836596 8.747439 12.991382
v 43.837176 10.397261 12.831877
v 43.838099 12.866080 12.578017
v 43.838532 15.586709 12.458950
v 43.837642 17.986274 12.703824
v 43.835118 19.995750 13.398007
v 43.831435 21.855811 14.411200
v 43.826935 23.452895 15.649047
v 43.821961 24.672695 17.017194
v 43.816302 25.459156 18.574051
v 43.809874 25.837915 20.342083
v 43.803218 25.820540 22.173019
v 43.796872 25.423441 23.918586
v 43.790596 24.558029 25.645057
v 43.784230 23.233881 27.396240
v 43.778435 21.623667 28.990165
v 43.773874 19.906278 30.244861
v 43.770656 18.125263 31.130001
v 43.768451 16.216127 31.736568
v 43.767259 14.202560 32.064564
v 43.767079 12.110450 32.113988
v 43.767998 9.878633 31.861252
v 43.769987 7.562056 31.314218
v 43.772874 5.359515 30.520063
v 43.776488 3.466072 29.525966
v 43.781180 2.007147 28.235325
v 43.786909 0.876465 26.659373
v 43.792915 -0.149184 25.007038
v 43.798440 -1.279279 23.487249
v 43.803577 -2.497107 22.074171
v 43.808633 -3.735825 20.683558
v 43.813165 -5.083165 19.436725
v 43.816734 -6.626861 18.454984
v 43.819082 -8.632205 17.809102
v 43.820491 -10.971772 17.421572
v 43.821328 -13.144228 17.191301
v 43.821961 -14.648235 17.017194
v 51.131343 10.763700 15.718430
v 51.132800 12.476193 15.551715
v 51.135120 15.016497 15.286379
v 51.136208 17.793229 15.161929
v 51.133971 20.210649 15.417873
v 51.127627 22.202060 16.143436
v 51.118367 24.026148 17.202431
v 51.107055 25.571228 18.496235
v 51.094552 26.725044 19.926230
v 51.080324 27.436121 21.553465
v 51.064166 27.737896 23.401422
v 51.047434 27.648034 25.315126
v 51.031481 27.187911 27.139602
v 51.015704 26.267333 28.944119
v 50.999700 24.897159 30.774465
v 50.985133 23.257259 32.440444
v 50.973667 21.532271 33.751859
v 50.965578 19.763497 34.677012
v 50.960035 17.877742 35.310999
v 50.957037 15.893167 35.653822
v 50.956586 13.829614 35.705481
v 50.958895 11.615566 35.441319
v 50.963894 9.301353 34.869556
v 50.971152 7.088631 34.039502
v 50.980237 5.176194 33.000466
v 50.992032 3.691269 31.651481
v 51.006434 2.520132 30.004287
v 51.021534 1.445930 28.277258
v 51.035423 0.262339 26.688766
v 51.048337 -1.013139 25.211809
v 51.061046 -2.310494 23.758334
v 51.072440 -3.721615 22.455137
v 51.081412 -5.338387 21.429016
v 51.087315 -7.438659 20.753936
v 51.090856 -9.888977 20.348888
v 51.092961 -12.164272 20.108208
v 51.094552 -13.739476 19.926230
v 58.427880 12.792523 18.457017
v 58.430286 14.570679 18.283548
v 58.434116 17.197671 18.007464
v 58.435912 20.058168 17.877974
v 58.432218 22.533051 18.144285
v 58.421745 24.555450 18.899239
v 58.406459 26.398231 20.001131
v 58.387783 27.948403 21.347345
v 58.367142 29.092476 22.835266
v 58.343654 29.780229 24.528417
v 58.316979 30.049659 26.451231
v 58.289356 29.921829 28.442455
v 58.263020 29.421023 30.340837
v 58.236973 28.454432 32.218451
v 58.210553 27.033774 34.122941
v 58.186505 25.346124 35.856405
v 58.167576 23.582697 37.220943
v 58.154222 21.784500 38.183571
v 58.145070 19.872532 38.843241
v 58.140122 17.862557 39.199951
v 58.139376 15.771802 39.253702
v 58.143189 13.522146 38.978839
v 58.151442 11.162628 38.383915
v 58.163424 8.900381 37.520237
v 58.178422 6.940054 36.439113
v 58.197894 5.412331 35.035483
v 58.221670 4.197488 33.321565
v 58.246599 3.077487 31.524577
v 58.269528 1.843434 29.871739
v 58.290847 0.513576 28.334953
v 58.311827 -0.839093 26.822600
v 58.330638 -2.310377 25.466614
v 58.345450 -3.996080 24.398927
v 58.355195 -6.185898 23.696501
v 58.361041 -8.740686 23.275046
v 58.364515 -11.112988 23.024616
v 58.367142 -12.755352 22.835266
v 65.725488 14.867989 21.236221
v 65.728886 16.706558 21.057609
v 65.734293 19.428564 20.773338
v 65.736830 22.398450 20.640007
v 65.731614 24.976353 20.914215
v 65.716826 27.091848 21.691558
v 65.695244 29.024784 22.826125
v 65.668876 30.656728 24.212259
v 65.639732 31.868686 25.744302
v 65.606569 32.606996 27.487662
v 65.568907 32.909183 29.467494
v 65.529906 32.795565 31.517766
v 65.492723 32.290127 33.472441
v 65.455946 31.296454 35.405734
v 65.418644 29.826425 37.366699
v 65.384691 28.073305 39.151567
v 65.357964 26.235075 40.556569
v 65.339109 24.355146 41.547743
v 65.326188 22.353444 42.226974
v 65.319202 20.247932 42.594262
v 65.318149 18.058237 42.649606
v 65.323532 15.705658 42.366593
v 65.335185 13.242632 41.754028
v 65.352102 10.884542 40.864738
v 65.373277 8.843938 39.751554
v 65.400770 7.256711 38.306302
v 65.434340 5.999948 36.541559
v 65.469537 4.844373 34.691284
v 65.501911 3.571122 32.989433
v 65.532012 2.199023 31.407076
v 65.561634 0.803389 29.849876
v 65.588193 -0.714627 28.453679
v 65.609105 -2.453874 27.354331
v 65.622864 -4.713247 26.631076
v 65.631119 -7.349183 26.197123
v 65.636024 -9.796838 25.939267
v 65.639732 -11.491368 25.744302
v 73.022955 17.019166 24.080604
v 73.027338 18.903964 23.899430
v 73.034315 21.717832 23.611083
v 73.037587 24.812020 23.475840
v 73.030857 27.531738 23.753981
v 73.011781 29.799590 24.542471
v 72.983937 31.893140 25.693310
v 72.949921 33.684479 27.099323
v 72.912323 35.044902 28.653338
v 72.869539 35.912350 30.421701
v 72.820953 36.318122 32.429927
v 72.770637 36.277101 34.509602
v 72.722668 35.809316 36.492311
v 72.675223 34.814077 38.453330
v 72.627099 33.302598 40.442419
v 72.583297 31.472328 42.252884
v 72.548817 29.527330 43.678036
v 72.524493 27.516203 44.683425
v 72.507824 25.363426 45.372398
v 72.498811 23.094168 45.744953
v 72.497452 20.735931 45.801091
v 72.504398 18.216474 45.514020
v 72.519431 15.596593 44.892669
v 72.541255 13.102017 43.990626
v 72.568573 10.954501 42.861477
v 72.604041 9.296461 41.395497
v 72.647349 8.005478 39.605445
v 72.692756 6.830924 37.728634
v 72.734521 5.536761 36.002375
v 72.773354 4.142127 34.397325
v 72.811569 2.723571 32.817793
v 72.845832 1.180623 31.401572
v 72.872811 -0.587189 30.286458
v 72.890561 -2.883670 29.552830
v 72.901210 -5.562898 29.112653
v 72.907538 -8.050753 28.851099
v 72.912323 -9.773113 28.653338
v 80.318774 19.266506 27.007184
v 80.324077 21.173976 26.826705
v 80.332518 24.059415 26.539463
v 80.336477 27.270754 26.404739
v 80.328335 30.147200 26.681813
v 80.305253 32.602044 27.467278
v 80.271564 34.901185 28.613702
v 80.230405 36.904702 30.014321
v 80.184913 38.471526 31.562375
v 80.133147 39.527495 33.323952
v 80.074359 40.092742 35.324474
v 80.013479 40.172754 37.396171
v 79.955438 39.780449 39.371273
v 79.898032 38.810956 41.324769
v 79.839804 37.274066 43.306226
v 79.786805 35.368518 45.109746
v 79.745086 33.302604 46.529431
v 79.715655 31.132111 47.530963
v 79.695486 28.791180 48.217292
v 79.684580 26.316163 48.588418
v 79.682936 23.746782 48.644341
v 79.691340 21.023517 48.358370
v 79.709529 18.219237 47.739403
v 79.735935 15.570323 46.840821
v 79.768990 13.307420 45.716004
v 79.811904 11.579660 44.255648
v 79.864305 10.268927 42.472464
v 79.919246 9.096472 40.602853
v 79.969780 7.804622 38.883217
v 80.016766 6.412481 37.284325
v 80.063005 4.996461 35.710852
v 80.104463 3.456270 34.300065
v 80.137106 1.691617 33.189229
v 80.158582 -0.600759 32.458415
v 80.171467 -3.275199 32.019927
v 80.179124 -5.758607 31.759376
v 80.184913 -7.477889 31.562375
vt 0.32197150 0.89742581
vt 0.32197150 0.89368299
vt 0.32197150 0.88755622
vt 0.32197150 0.88028774
vt 0.32197150 0.87311981
vt 0.32197150 0.86622483
vt 0.32197150 0.85923682
vt 0.32197150 0.85254498
vt 0.32197150 0.84654910
vt 0.32197150 0.84136624
vt 0.32197150 0.83685929
vt 0.32197150 0.83301164
vt 0.32197150 0.82969110
vt 0.32197150 0.82611576
vt 0.32197150 0.82157473
vt 0.32197150 0.81624960
vt 0.32197150 0.81049277
vt 0.32197150 0.80434905
vt 0.32197150 0.79767255
vt 0.32197150 0.79060677
vt 0.32197150 0.78333015
vt 0.32197150 0.77585202
vt 0.32197150 0.76841196
vt 0.32197150 0.76153307
vt 0.32197150 0.75569152
vt 0.32197150 0.75100803
vt 0.32197150 0.74703509
vt 0.32197150 0.74326508
vt 0.32197150 0.73957228
vt 0.32197150 0.73591610
vt 0.32197150 0.73226170
vt 0.32197150 0.72863416
vt 0.32197150 0.72497410
vt 0.32197150 0.72070191
vt 0.32197150 0.71587091
vt 0.32197150 0.71141578
vt 0.32197150 0.70832860
vt 0.33727026 0.90613123
vt 0.33727026 0.90215948
vt 0.33727026 0.89571393
vt 0.33727026 0.88812017
vt 0.33727026 0.88069807
vt 0.33727026 0.87361192
vt 0.33727026 0.86644828
vt 0.33727026 0.85960251
vt 0.33727026 0.85348037
vt 0.33727026 0.84817610
vt 0.33727026 0.84351441
vt 0.33727026 0.83946916
vt 0.33727026 0.83591395
vt 0.33727026 0.83206294
vt 0.33727026 0.82722366
vt 0.33727026 0.82161813
vt 0.33727026 0.81562973
vt 0.33727026 0.80929838
vt 0.33727026 0.80244926
vt 0.33727026 0.79521557
vt 0.33727026 0.78776628
vt 0.33727026 0.78008847
vt 0.33727026 0.77241730
vt 0.33727026 0.76529459
vt 0.33727026 0.75921490
vt 0.33727026 0.75429325
vt 0.33727026 0.75005568
vt 0.33727026 0.74601189
vt 0.33727026 0.74205091
vt 0.33727026 0.73812921
vt 0.33727026 0.73420942
vt 0.33727026 0.73031844
vt 0.33727026 0.72639258
vt 0.33727026 0.72181014
vt 0.33727026 0.71662830
vt 0.33727026 0.71184963
vt 0.33727026 0.70853825
vt 0.35256902 0.91093630
vt 0.35256902 0.90679285
vt 0.35256902 0.90015165
vt 0.35256902 0.89240659
vt 0.35256902 0.88493688
vt 0.35256902 0.87788542
vt 0.35256902 0.87078313
vt 0.35256902 0.86401576
vt 0.35256902 0.85797846
vt 0.35256902 0.85272318
vt 0.35256902 0.84802342
vt 0.35256902 0.84384452
vt 0.35256902 0.84008133
vt 0.35256902 0.83597872
vt 0.35256902 0.83089943
vt 0.35256902 0.82511702
vt 0.35256902 0.81904629
vt 0.35256902 0.81271869
vt 0.35256902 0.80592234
vt 0.35256902 0.79876769
vt 0.35256902 0.79140042
vt 0.35256902 0.78377291
vt 0.35256902 0.77610185
vt 0.35256902 0.76893281
vt 0.35256902 0.76276580
vt 0.35256902 0.75770156
vt 0.35256902 0.75324844
vt 0.35256902 0.74896577
vt 0.35256902 0.74477081
vt 0.35256902 0.74061745
vt 0.35256902 0.73646612
vt 0.35256902 0.73234529
vt 0.35256902 0.72818752
vt 0.35256902 0.72333439
vt 0.35256902 0.71784646
vt 0.35256902 0.71278550
vt 0.35256902 0.70927852
vt 0.36786779 0.91212622
vt 0.36786779 0.90788325
vt 0.36786779 0.90118287
vt 0.36786779 0.89346582
vt 0.36786779 0.88614704
vt 0.36786779 0.87933687
vt 0.36786779 0.87250831
vt 0.36786779 0.86602301
vt 0.36786779 0.86025026
vt 0.36786779 0.85518401
vt 0.36786779 0.85054189
vt 0.36786779 0.84628899
vt 0.36786779 0.84235864
vt 0.36786779 0.83805369
vt 0.36786779 0.83281450
vt 0.36786779 0.82696953
vt 0.36786779 0.82096269
vt 0.36786779 0.81481578
vt 0.36786779 0.80827656
vt 0.36786779 0.80142343
vt 0.36786779 0.79436788
vt 0.36786779 0.78701918
vt 0.36786779 0.77956428
vt 0.36786779 0.77253788
vt 0.36786779 0.76643292
vt 0.36786779 0.76132954
vt 0.36786779 0.75672984
vt 0.36786779 0.75226683
vt 0.36786779 0.74789524
vt 0.36786779 0.74356698
vt 0.36786779 0.73924085
vt 0.36786779 0.73494650
vt 0.36786779 0.73061366
vt 0.36786779 0.72555617
vt 0.36786779 0.71983715
vt 0.36786779 0.71456309
vt 0.36786779 0.71090843
vt 0.38316655 0.91081431
vt 0.38316655 0.90654714
vt 0.38316655 0.89991110
vt 0.38316655 0.89236887
vt 0.38316655 0.88534597
vt 0.38316655 0.87891451
vt 0.38316655 0.87249534
vt 0.38316655 0.86641668
vt 0.38316655 0.86101189
vt 0.38316655 0.85621077
vt 0.38316655 0.85168294
vt 0.38316655 0.84740608
vt 0.38316655 0.84336312
vt 0.38316655 0.83892662
vt 0.38316655 0.83361811
vt 0.38316655 0.82781456
vt 0.38316655 0.82198317
vt 0.38316655 0.81613758
vt 0.38316655 0.80998886
vt 0.38316655 0.80358000
vt 0.38316655 0.79698387
vt 0.38316655 0.79006537
vt 0.38316655 0.78297625
vt 0.38316655 0.77622978
vt 0.38316655 0.77030231
vt 0.38316655 0.76525141
vt 0.38316655 0.76058447
vt 0.38316655 0.75601682
vt 0.38316655 0.75154272
vt 0.38316655 0.74711299
vt 0.38316655 0.74268541
vt 0.38316655 0.73829038
vt 0.38316655 0.73385595
vt 0.38316655 0.72867987
vt 0.38316655 0.72282676
vt 0.38316655 0.71742904
vt 0.38316655 0.71368869
vt 0.39846531 0.90847257
vt 0.39846531 0.90424988
vt 0.39846531 0.89777095
vt 0.39846531 0.89049507
vt 0.39846531 0.88383485
vt 0.39846531 0.87782638
vt 0.39846531 0.87185292
vt 0.39846531 0.86620738
vt 0.39846531 0.86118516
vt 0.39846531 0.85665926
vt 0.39846531 0.85226977
vt 0.39846531 0.84801619
vt 0.39846531 0.84392915
vt 0.39846531 0.83944641
vt 0.39846531 0.83415884
vt 0.39846531 0.82847718
vt 0.39846531 0.82288226
vt 0.39846531 0.81738261
vt 0.39846531 0.81166298
vt 0.39846531 0.80573499
vt 0.39846531 0.79963624
vt 0.39846531 0.79319459
vt 0.39846531 0.78652862
vt 0.39846531 0.78012523
vt 0.39846531 0.77443938
vt 0.39846531 0.76950878
vt 0.39846531 0.76485489
vt 0.39846531 0.76026692
vt 0.39846531 0.75577292
vt 0.39846531 0.75132347
vt 0.39846531 0.74687620
vt 0.39846531 0.74246161
vt 0.39846531 0.73800744
vt 0.39846531 0.73280834
vt 0.39846531 0.72692919
vt 0.39846531 0.72150745
vt 0.39846531 0.71775046
vt 0.41376408 0.90638856
vt 0.41376408 0.90226645
vt 0.41376408 0.89600160
vt 0.41376408 0.88902665
vt 0.41376408 0.88272180
vt 0.41376408 0.87709704
vt 0.41376408 0.87151972
vt 0.41376408 0.86625312
vt 0.41376408 0.86156101
vt 0.41376408 0.85727938
vt 0.41376408 0.85303958
vt 0.41376408 0.84886143
vt 0.41376408 0.84480863
vt 0.41376408 0.84036944
vt 0.41376408 0.83518414
vt 0.41376408 0.82967802
vt 0.41376408 0.82433337
vt 0.41376408 0.81915630
vt 0.41376408 0.81381980
vt 0.41376408 0.80831414
vt 0.41376408 0.80265208
vt 0.41376408 0.79663888
vt 0.41376408 0.79036852
vt 0.41376408 0.78430203
vt 0.41376408 0.77887253
vt 0.41376408 0.77410406
vt 0.41376408 0.76953661
vt 0.41376408 0.76501172
vt 0.41376408 0.76057952
vt 0.41376408 0.75619125
vt 0.41376408 0.75180514
vt 0.41376408 0.74745125
vt 0.41376408 0.74305834
vt 0.41376408 0.73793073
vt 0.41376408 0.73213241
vt 0.41376408 0.72678523
vt 0.41376408 0.72307990
vt 0.42906284 0.90531437
vt 0.42906284 0.90133424
vt 0.42906284 0.89531066
vt 0.42906284 0.88863036
vt 0.42906284 0.88262651
vt 0.42906284 0.87729763
vt 0.42906284 0.87201955
vt 0.42906284 0.86703655
vt 0.42906284 0.86259254
vt 0.42906284 0.85851196
vt 0.42906284 0.85443305
vt 0.42906284 0.85038496
vt 0.42906284 0.84644379
vt 0.42906284 0.84213049
vt 0.42906284 0.83711365
vt 0.42906284 0.83181394
vt 0.42906284 0.82670259
vt 0.42906284 0.82178488
vt 0.42906284 0.81673706
vt 0.42906284 0.81154075
vt 0.42906284 0.80619792
vt 0.42906284 0.80050899
vt 0.42906284 0.79455538
vt 0.42906284 0.78877614
vt 0.42906284 0.78358483
vt 0.42906284 0.77899933
vt 0.42906284 0.77457875
vt 0.42906284 0.77019004
vt 0.42906284 0.76589123
vt 0.42906284 0.76163504
vt 0.42906284 0.75738093
vt 0.42906284 0.75315808
vt 0.42906284 0.74889737
vt 0.42906284 0.74392409
vt 0.42906284 0.73830028
vt 0.42906284 0.73311403
vt 0.42906284 0.72952022
vt 0.44436160 0.90541257
vt 0.44436160 0.90160126
vt 0.44436160 0.89582713
vt 0.44436160 0.88941726
vt 0.44436160 0.88364815
vt 0.44436160 0.87852106
vt 0.44436160 0.87344146
vt 0.44436160 0.86864566
vt 0.44436160 0.86436979
vt 0.44436160 0.86044982
vt 0.44436160 0.85654064
vt 0.44436160 0.85266770
vt 0.44436160 0.84890040
vt 0.44436160 0.84477648
vt 0.44436160 0.83997485
vt 0.44436160 0.83489597
vt 0.44436160 0.82998977
vt 0.44436160 0.82526144
vt 0.44436160 0.82040283
vt 0.44436160 0.81539849
vt 0.44436160 0.81025278
vt 0.44436160 0.80477732
vt 0.44436160 0.79905231
vt 0.44436160 0.79349962
vt 0.44436160 0.78851636
vt 0.44436160 0.78412093
vt 0.44436160 0.77989034
vt 0.44436160 0.77569247
vt 0.44436160 0.77158057
vt 0.44436160 0.76750945
vt 0.44436160 0.76344031
vt 0.44436160 0.75940108
vt 0.44436160 0.75532563
vt 0.44436160 0.75056859
vt 0.44436160 0.74518932
vt 0.44436160 0.74022857
vt 0.44436160 0.73679102
vt 0.45966037 0.90642456
vt 0.45966037 0.90279467
vt 0.45966037 0.89726777
vt 0.45966037 0.89110404
vt 0.45966037 0.88551866
vt 0.45966037 0.88052481
vt 0.45966037 0.87557061
vt 0.45966037 0.87089183
vt 0.45966037 0.86672498
vt 0.45966037 0.86293246
vt 0.45966037 0.85919225
vt 0.45966037 0.85551804
vt 0.45966037 0.85196014
vt 0.45966037 0.84806179
vt 0.45966037 0.84349970
vt 0.45966037 0.83864433
vt 0.45966037 0.83391817
vt 0.45966037 0.82932691
vt 0.45966037 0.82458581
vt 0.45966037 0.81968989
vt 0.45966037 0.81465447
vt 0.45966037 0.80931263
vt 0.45966037 0.80375086
vt 0.45966037 0.79837754
vt 0.45966037 0.79357593
vt 0.45966037 0.78936935
vt 0.45966037 0.78535146
vt 0.45966037 0.78137473
vt 0.45966037 0.77747946
vt 0.45966037 0.77362280
vt 0.45966037 0.76976803
vt 0.45966037 0.76594159
vt 0.45966037 0.76208085
vt 0.45966037 0.75757441
vt 0.45966037 0.75247852
vt 0.45966037 0.74777911
vt 0.45966037 0.74452266
vt 0.47495913 0.90793339
vt 0.47495913 0.90448283
vt 0.47495913 0.89919303
vt 0.47495913 0.89325706
vt 0.47495913 0.88782931
vt 0.47495913 0.88293744
vt 0.47495913 0.87807523
vt 0.47495913 0.87348038
vt 0.47495913 0.86939248
vt 0.47495913 0.86570479
vt 0.47495913 0.86212176
vt 0.47495913 0.85864435
vt 0.47495913 0.85530006
vt 0.47495913 0.85163231
vt 0.47495913 0.84730984
vt 0.47495913 0.84267011
vt 0.47495913 0.83810702
vt 0.47495913 0.83362730
vt 0.47495913 0.82897192
vt 0.47495913 0.82414880
vt 0.47495913 0.81918689
vt 0.47495913 0.81394357
vt 0.47495913 0.80851413
vt 0.47495913 0.80329536
vt 0.47495913 0.79865821
vt 0.47495913 0.79463254
vt 0.47495913 0.79082782
vt 0.47495913 0.78707534
vt 0.47495913 0.78339971
vt 0.47495913 0.77976052
vt 0.47495913 0.77612312
vt 0.47495913 0.77251245
vt 0.47495913 0.76886940
vt 0.47495913 0.76461708
vt 0.47495913 0.75980854
vt 0.47495913 0.75537412
vt 0.47495913 0.75230130
vt 0.49025790 0.90961054
vt 0.49025790 0.90632177
vt 0.49025790 0.90124817
vt 0.49025790 0.89552259
vt 0.49025790 0.89024462
vt 0.49025790 0.88545362
vt 0.49025790 0.88068306
vt 0.49025790 0.87617122
vt 0.49025790 0.87215915
vt 0.49025790 0.86856618
vt 0.49025790 0.86512158
vt 0.49025790 0.86181729
vt 0.49025790 0.85866194
vt 0.49025790 0.85519968
vt 0.49025790 0.85109236
vt 0.49025790 0.84664828
vt 0.49025790 0.84223605
vt 0.49025790 0.83786370
vt 0.49025790 0.83329479
vt 0.49025790 0.82854809
vt 0.49025790 0.82366376
vt 0.49025790 0.81851989
vt 0.49025790 0.81321878
vt 0.49025790 0.80814623
vt 0.49025790 0.80366171
vt 0.49025790 0.79980058
vt 0.49025790 0.79618716
vt 0.49025790 0.79263519
vt 0.49025790 0.78915597
vt 0.49025790 0.78571124
vt 0.49025790 0.78226820
vt 0.49025790 0.77885045
vt 0.49025790 0.77540207
vt 0.49025790 0.77137697
vt 0.49025790 0.76682537
vt 0.49025790 0.76262790
vt 0.49025790 0.75971927
vt 0.50555666 0.91134947
vt 0.50555666 0.90818973
vt 0.50555666 0.90329673
vt 0.50555666 0.89775637
vt 0.50555666 0.89262470
vt 0.50555666 0.88794691
vt 0.50555666 0.88328393
vt 0.50555666 0.87887136
vt 0.50555666 0.87494802
vt 0.50555666 0.87144846
vt 0.50555666 0.86811960
vt 0.50555666 0.86494925
vt 0.50555666 0.86193573
vt 0.50555666 0.85862872
vt 0.50555666 0.85468977
vt 0.50555666 0.85040713
vt 0.50555666 0.84613109
vt 0.50555666 0.84187041
vt 0.50555666 0.83740410
vt 0.50555666 0.83275669
vt 0.50555666 0.82797401
vt 0.50555666 0.82294698
vt 0.50555666 0.81778052
vt 0.50555666 0.81284970
vt 0.50555666 0.80850335
vt 0.50555666 0.80477948
vt 0.50555666 0.80131531
vt 0.50555666 0.79791695
vt 0.50555666 0.79458821
vt 0.50555666 0.79129246
vt 0.50555666 0.78799833
vt 0.50555666 0.78472841
vt 0.50555666 0.78142917
vt 0.50555666 0.77757815
vt 0.50555666 0.77322341
vt 0.50555666 0.76920748
vt 0.50555666 0.76642464
vt 0.52085542 0.91324210
vt 0.52085542 0.91016614
vt 0.52085542 0.90540296
vt 0.52085542 0.90000968
vt 0.52085542 0.89501432
vt 0.52085542 0.89046088
vt 0.52085542 0.88592187
vt 0.52085542 0.88162662
vt 0.52085542 0.87780760
vt 0.52085542 0.87440103
vt 0.52085542 0.87116053
vt 0.52085542 0.86807422
vt 0.52085542 0.86514054
vt 0.52085542 0.86192113
vt 0.52085542 0.85808660
vt 0.52085542 0.85391757
vt 0.52085542 0.84975507
vt 0.52085542 0.84560761
vt 0.52085542 0.84126005
vt 0.52085542 0.83673622
vt 0.52085542 0.83208073
vt 0.52085542 0.82718734
vt 0.52085542 0.82215818
vt 0.52085542 0.81735834
vt 0.52085542 0.81312740
vt 0.52085542 0.80950233
vt 0.52085542 0.80612997
vt 0.52085542 0.80282167
vt 0.52085542 0.79958114
vt 0.52085542 0.79637272
vt 0.52085542 0.79316588
vt 0.52085542 0.78998260
vt 0.52085542 0.78677079
vt 0.52085542 0.78302181
vt 0.52085542 0.77878247
vt 0.52085542 0.77487295
vt 0.52085542 0.77216386
vt 0.53615419 0.91545861
vt 0.53615419 0.91241404
vt 0.53615419 0.90771952
vt 0.53615419 0.90242407
vt 0.53615419 0.89754568
vt 0.53615419 0.89311986
vt 0.53615419 0.88871355
vt 0.53615419 0.88454650
vt 0.53615419 0.88084094
vt 0.53615419 0.87752064
vt 0.53615419 0.87433416
vt 0.53615419 0.87127460
vt 0.53615419 0.86835125
vt 0.53615419 0.86514363
vt 0.53615419 0.86134040
vt 0.53615419 0.85722793
vt 0.53615419 0.85314798
vt 0.53615419 0.84910784
vt 0.53615419 0.84488785
vt 0.53615419 0.84050458
vt 0.53615419 0.83599429
vt 0.53615419 0.83124310
vt 0.53615419 0.82634487
vt 0.53615419 0.82165620
vt 0.53615419 0.81750944
vt 0.53615419 0.81393681
vt 0.53615419 0.81059076
vt 0.53615419 0.80730075
vt 0.53615419 0.80407812
vt 0.53615419 0.80088743
vt 0.53615419 0.79769832
vt 0.53615419 0.79453263
vt 0.53615419 0.79133857
vt 0.53615419 0.78761031
vt 0.53615419 0.78339439
vt 0.53615419 0.77950649
vt 0.53615419 0.77681237
vt 0.55145295 0.91815151
vt 0.55145295 0.91508576
vt 0.55145295 0.91039649
vt 0.55145295 0.90514518
vt 0.55145295 0.90035771
vt 0.55145295 0.89605422
vt 0.55145295 0.89177955
vt 0.55145295 0.88774090
vt 0.55145295 0.88414682
vt 0.55145295 0.88089539
vt 0.55145295 0.87772070
vt 0.55145295 0.87462696
vt 0.55145295 0.87164458
vt 0.55145295 0.86837462
vt 0.55145295 0.86452998
vt 0.55145295 0.86041488
vt 0.55145295 0.85638156
vt 0.55145295 0.85243559
vt 0.55145295 0.84834333
vt 0.55145295 0.84410808
vt 0.55145295 0.83975134
vt 0.55145295 0.83514165
vt 0.55145295 0.83035983
vt 0.55145295 0.82575588
vt 0.55145295 0.82165742
vt 0.55145295 0.81808869
vt 0.55145295 0.81470393
vt 0.55145295 0.81136170
vt 0.55145295 0.80808792
vt 0.55145295 0.80484660
vt 0.55145295 0.80160687
vt 0.55145295 0.79839095
vt 0.55145295 0.79514619
vt 0.55145295 0.79135877
vt 0.55145295 0.78707594
vt 0.55145295 0.78312634
vt 0.55145295 0.78038946
vt 0.56675171 0.92145886
vt 0.56675171 0.91832577
vt 0.56675171 0.91358364
vt 0.56675171 0.90832407
vt 0.56675171 0.90359647
vt 0.56675171 0.89939989
vt 0.56675171 0.89524321
vt 0.56675171 0.89131892
vt 0.56675171 0.88781918
vt 0.56675171 0.88460610
vt 0.56675171 0.88139501
vt 0.56675171 0.87820866
vt 0.56675171 0.87510671
vt 0.56675171 0.87171181
vt 0.56675171 0.86776279
vt 0.56675171 0.86359065
vt 0.56675171 0.85956622
vt 0.56675171 0.85569367
vt 0.56675171 0.85171829
vt 0.56675171 0.84762576
vt 0.56675171 0.84341781
vt 0.56675171 0.83893755
vt 0.56675171 0.83424921
vt 0.56675171 0.82969852
vt 0.56675171 0.82561111
vt 0.56675171 0.82200115
vt 0.56675171 0.81852151
vt 0.56675171 0.81506712
vt 0.56675171 0.81168349
vt 0.56675171 0.80833340
vt 0.56675171 0.80498495
vt 0.56675171 0.80166110
vt 0.56675171 0.79830746
vt 0.56675171 0.79439294
vt 0.56675171 0.78996639
vt 0.56675171 0.78588425
vt 0.56675171 0.78305552
vt 0.58205048 0.92557098
vt 0.58205048 0.92233568
vt 0.58205048 0.91749178
vt 0.58205048 0.91217365
vt 0.58205048 0.90746595
vt 0.58205048 0.90334369
vt 0.58205048 0.89927136
vt 0.58205048 0.89542641
vt 0.58205048 0.89198411
vt 0.58205048 0.88876644
vt 0.58205048 0.88547145
vt 0.58205048 0.88214618
vt 0.58205048 0.87888261
vt 0.58205048 0.87532064
vt 0.58205048 0.87122153
vt 0.58205048 0.86694721
vt 0.58205048 0.86289218
vt 0.58205048 0.85906018
vt 0.58205048 0.85517209
vt 0.58205048 0.85119448
vt 0.58205048 0.84710734
vt 0.58205048 0.84272423
vt 0.58205048 0.83809188
vt 0.58205048 0.83355472
vt 0.58205048 0.82943945
vt 0.58205048 0.82574983
vt 0.58205048 0.82213485
vt 0.58205048 0.81852688
vt 0.58205048 0.81499281
vt 0.58205048 0.81149378
vt 0.58205048 0.80799647
vt 0.58205048 0.80452485
vt 0.58205048 0.80102211
vt 0.58205048 0.79693355
vt 0.58205048 0.79231021
vt 0.58205048 0.78804657
vt 0.58205048 0.78509209
vt 0.59734924 0.93075803
vt 0.59734924 0.92739958
vt 0.59734924 0.92241461
vt 0.59734924 0.91698658
vt 0.59734924 0.91224214
vt 0.59734924 0.90813467
vt 0.59734924 0.90408418
vt 0.59734924 0.90025664
vt 0.59734924 0.89681422
vt 0.59734924 0.89354351
vt 0.59734924 0.89012938
vt 0.59734924 0.88664246
vt 0.59734924 0.88320285
vt 0.59734924 0.87945902
vt 0.59734924 0.87518632
vt 0.59734924 0.87077611
vt 0.59734924 0.86664740
vt 0.59734924 0.86280437
vt 0.59734924 0.85894478
vt 0.59734924 0.85501877
vt 0.59734924 0.85098730
vt 0.59734924 0.84663635
vt 0.59734924 0.84199819
vt 0.59734924 0.83742010
vt 0.59734924 0.83323356
vt 0.59734924 0.82943387
vt 0.59734924 0.82566329
vt 0.59734924 0.82188453
vt 0.59734924 0.81818317
vt 0.59734924 0.81451851
vt 0.59734924 0.81085563
vt 0.59734924 0.80721968
vt 0.59734924 0.80355112
vt 0.59734924 0.79926902
vt 0.59734924 0.79442682
vt 0.59734924 0.78996135
vt 0.59734924 0.78686701
vt 0.61264800 0.93729297
vt 0.61264800 0.93380563
vt 0.61264800 0.92865015
vt 0.61264800 0.92305825
vt 0.61264800 0.91820016
vt 0.61264800 0.91401714
vt 0.61264800 0.90989508
vt 0.61264800 0.90599727
vt 0.61264800 0.90248236
vt 0.61264800 0.89911535
vt 0.61264800 0.89556984
vt 0.61264800 0.89193029
vt 0.61264800 0.88833306
vt 0.61264800 0.88442325
vt 0.61264800 0.87997808
vt 0.61264800 0.87541118
vt 0.61264800 0.87116221
vt 0.61264800 0.86723587
vt 0.61264800 0.86331260
vt 0.61264800 0.85933335
vt 0.61264800 0.85524867
vt 0.61264800 0.85082631
vt 0.61264800 0.84609191
vt 0.61264800 0.84140117
vt 0.61264800 0.83709467
vt 0.61264800 0.83316347
vt 0.61264800 0.82923950
vt 0.61264800 0.82529963
vt 0.61264800 0.82144046
vt 0.61264800 0.81761955
vt 0.61264800 0.81380051
vt 0.61264800 0.81000953
vt 0.61264800 0.80618457
vt 0.61264800 0.80171991
vt 0.61264800 0.79667125
vt 0.61264800 0.79201540
vt 0.61264800 0.78878913
vt 0.62794677 0.94529160
vt 0.62794677 0.94168584
vt 0.62794677 0.93634411
vt 0.62794677 0.93053844
vt 0.62794677 0.92547860
vt 0.62794677 0.92110945
vt 0.62794677 0.91680243
vt 0.62794677 0.91273125
vt 0.62794677 0.90906522
vt 0.62794677 0.90556852
vt 0.62794677 0.90190308
vt 0.62794677 0.89815020
vt 0.62794677 0.89444464
vt 0.62794677 0.89041406
vt 0.62794677 0.88582250
vt 0.62794677 0.88109379
vt 0.62794677 0.87668006
vt 0.62794677 0.87258595
vt 0.62794677 0.86848411
vt 0.62794677 0.86431738
vt 0.62794677 0.86003943
vt 0.62794677 0.85541554
vt 0.62794677 0.85047645
vt 0.62794677 0.84559256
vt 0.62794677 0.84111797
vt 0.62794677 0.83704560
vt 0.62794677 0.83299305
vt 0.62794677 0.82892804
vt 0.62794677 0.82494629
vt 0.62794677 0.82100402
vt 0.62794677 0.81706367
vt 0.62794677 0.81315228
vt 0.62794677 0.80920583
vt 0.62794677 0.80459935
vt 0.62794677 0.79939033
vt 0.62794677 0.79458659
vt 0.62794677 0.79125785
vt 0.64324553 0.95452713
vt 0.64324553 0.95083097
vt 0.64324553 0.94530983
vt 0.64324553 0.93926143
vt 0.64324553 0.93392512
vt 0.64324553 0.92926638
vt 0.64324553 0.92466640
vt 0.64324553 0.92032262
vt 0.64324553 0.91642953
vt 0.64324553 0.91277521
vt 0.64324553 0.90901375
vt 0.64324553 0.90520506
vt 0.64324553 0.90146156
vt 0.64324553 0.89737857
vt 0.64324553 0.89269040
vt 0.64324553 0.88781520
vt 0.64324553 0.88320649
vt 0.64324553 0.87886855
vt 0.64324553 0.87447875
vt 0.64324553 0.86999441
vt 0.64324553 0.86538734
vt 0.64324553 0.86043853
vt 0.64324553 0.85519663
vt 0.64324553 0.85005208
vt 0.64324553 0.84537585
vt 0.64324553 0.84116969
vt 0.64324553 0.83703447
vt 0.64324553 0.83290270
vt 0.64324553 0.82885555
vt 0.64324553 0.82484853
vt 0.64324553 0.82084347
vt 0.64324553 0.81686784
vt 0.64324553 0.81285657
vt 0.64324553 0.80817443
vt 0.64324553 0.80287986
vt 0.64324553 0.79799723
vt 0.64324553 0.79461381
vt 0.65854430 0.96428101
vt 0.65854430 0.96054079
vt 0.65854430 0.95488058
vt 0.65854430 0.94860357
vt 0.65854430 0.94296256
vt 0.65854430 0.93795604
vt 0.65854430 0.93299731
vt 0.65854430 0.92831583
vt 0.65854430 0.92414066
vt 0.65854430 0.92030662
vt 0.65854430 0.91647374
vt 0.65854430 0.91266949
vt 0.65854430 0.90896555
vt 0.65854430 0.90491194
vt 0.65854430 0.90019738
vt 0.65854430 0.89521731
vt 0.65854430 0.89041461
vt 0.65854430 0.88579424
vt 0.65854430 0.88105187
vt 0.65854430 0.87617013
vt 0.65854430 0.87115076
vt 0.65854430 0.86580607
vt 0.65854430 0.86021246
vt 0.65854430 0.85478246
vt 0.65854430 0.84990465
vt 0.65854430 0.84559575
vt 0.65854430 0.84144151
vt 0.65854430 0.83731712
vt 0.65854430 0.83327721
vt 0.65854430 0.82927735
vt 0.65854430 0.82527945
vt 0.65854430 0.82131092
vt 0.65854430 0.81730682
vt 0.65854430 0.81263305
vt 0.65854430 0.80734795
vt 0.65854430 0.80247404
vt 0.65854430 0.79909667
vn -0.079610 -0.080870 -0.993540
vn -0.079619 -0.079478 -0.993652
vn -0.079760 -0.052845 -0.995412
vn -0.079860 0.016556 -0.996669
vn -0.079225 0.126973 -0.988737
vn -0.077662 0.233596 -0.969227
vn -0.075871 0.312508 -0.946880
vn -0.073542 0.390151 -0.917809
vn -0.069259 0.498090 -0.864355
vn -0.060314 0.655568 -0.752724
vn -0.045033 0.825895 -0.562023
vn -0.021371 0.963539 -0.266715
vn 0.014312 0.983816 0.178611
vn 0.045178 0.824660 0.563822
vn 0.060890 0.647168 0.759912
vn 0.069638 0.489716 0.869096
vn 0.075050 0.342167 0.936637
vn 0.077895 0.221097 0.972136
vn 0.079202 0.129168 0.988455
vn 0.079772 0.049972 0.995560
vn 0.079844 -0.026168 0.996464
vn 0.079456 -0.101806 0.991626
vn 0.078598 -0.177888 0.980907
vn 0.076968 -0.267158 0.960574
vn 0.072689 -0.414439 0.907169
vn 0.061663 -0.635585 0.769564
vn 0.048674 -0.792857 0.607460
vn 0.047130 -0.807349 0.588189
vn 0.052113 -0.757821 0.650378
vn 0.054776 -0.727789 0.683610
vn 0.057956 -0.688102 0.723296
vn 0.064918 -0.582571 0.810183
vn 0.073470 -0.392252 0.916919
vn 0.077987 -0.215936 0.973288
vn 0.079232 -0.126295 0.988823
vn 0.079457 -0.101742 0.991633
vn 0.079871 0.000000 0.996805
vn -0.074891 -0.081743 -0.993836
vn -0.074897 -0.080768 -0.993915
vn -0.075033 -0.054083 -0.995713
vn -0.075132 0.017074 -0.997027
vn -0.074485 0.132040 -0.988442
vn -0.072869 0.244136 -0.966999
vn -0.071002 0.327351 -0.942231
vn -0.068553 0.409500 -0.909731
vn -0.064052 0.522881 -0.849996
vn -0.054812 0.684041 -0.727381
vn -0.039562 0.850179 -0.525005
vn -0.017073 0.973848 -0.226560
vn 0.015103 0.979592 0.200429
vn 0.042462 0.825032 0.563489
vn 0.056747 0.655498 0.753061
vn 0.064986 0.502062 0.862386
vn 0.070261 0.354563 0.932389
vn 0.073116 0.230694 0.970275
vn 0.074453 0.135209 0.988016
vn 0.075040 0.052361 0.995805
vn 0.075114 -0.027379 0.996799
vn 0.074718 -0.106140 0.991540
vn 0.073850 -0.184690 0.980018
vn 0.072221 -0.276116 0.958407
vn 0.068006 -0.425347 0.902472
vn 0.057484 -0.644024 0.762842
vn 0.045584 -0.794983 0.604917
vn 0.044340 -0.807349 0.588406
vn 0.049028 -0.757821 0.650618
vn 0.051533 -0.727789 0.683862
vn 0.054524 -0.688102 0.723562
vn 0.061074 -0.582571 0.810482
vn 0.069120 -0.392252 0.917257
vn 0.073370 -0.215936 0.973647
vn 0.074541 -0.126295 0.989188
vn 0.074753 -0.101742 0.991998
vn 0.075143 0.000000 0.997173
vn -0.070147 -0.082984 -0.994079
vn -0.070149 -0.082625 -0.994109
vn -0.070280 -0.055897 -0.995960
vn -0.070379 0.017849 -0.997361
vn -0.069699 0.139761 -0.987729
vn -0.067962 0.260358 -0.963117
vn -0.065931 0.350242 -0.934336
vn -0.063233 0.439326 -0.896099
vn -0.058285 0.560681 -0.825978
vn -0.048424 0.725763 -0.686239
vn -0.033032 0.883056 -0.468104
vn -0.011918 0.985562 -0.168894
vn 0.016241 0.973018 0.230156
vn 0.039723 0.825548 0.562933
vn 0.052428 0.667263 0.742975
vn 0.060123 0.520044 0.852021
vn 0.065305 0.373177 0.925459
vn 0.068237 0.245410 0.967015
vn 0.069651 0.144569 0.987040
vn 0.070279 0.056076 0.995950
vn 0.070360 -0.029256 0.997093
vn 0.069941 -0.112790 0.991154
vn 0.069039 -0.195005 0.978369
vn 0.067375 -0.289524 0.954796
vn 0.063164 -0.441329 0.895120
vn 0.053130 -0.655957 0.752926
vn 0.042428 -0.797930 0.601255
vn 0.041535 -0.807349 0.588610
vn 0.045927 -0.757821 0.650845
vn 0.048274 -0.727789 0.684100
vn 0.051076 -0.688102 0.723814
vn 0.057212 -0.582571 0.810764
vn 0.064749 -0.392252 0.917576
vn 0.068729 -0.215936 0.973986
vn 0.069826 -0.126295 0.989532
vn 0.070025 -0.101742 0.992343
vn 0.070390 0.000000 0.997520
vn -0.065379 -0.084450 -0.994280
vn -0.065377 -0.084856 -0.994246
vn -0.065503 -0.058126 -0.996158
vn -0.065602 0.018825 -0.997668
vn -0.064874 0.149760 -0.986592
vn -0.062958 0.281640 -0.957452
vn -0.060683 0.380326 -0.922860
vn -0.057618 0.478417 -0.876240
vn -0.052029 0.609272 -0.791253
vn -0.041374 0.776135 -0.629208
vn -0.025969 0.918345 -0.394927
vn -0.006624 0.994891 -0.100741
vn 0.017318 0.964539 0.263371
vn 0.036971 0.826137 0.562255
vn 0.048046 0.681023 0.730684
vn 0.055144 0.541920 0.838619
vn 0.060228 0.396772 0.915939
vn 0.063275 0.264622 0.962274
vn 0.064800 0.156970 0.985475
vn 0.065491 0.061023 0.995985
vn 0.065581 -0.031742 0.997342
vn 0.065128 -0.121484 0.990454
vn 0.064175 -0.208271 0.975963
vn 0.062457 -0.306454 0.949834
vn 0.058228 -0.460936 0.885521
vn 0.048713 -0.669938 0.740818
vn 0.039254 -0.801303 0.596969
vn 0.038717 -0.807349 0.588802
vn 0.042811 -0.757821 0.651057
vn 0.044998 -0.727789 0.684323
vn 0.047610 -0.688102 0.724050
vn 0.053330 -0.582571 0.811029
vn 0.060355 -0.392252 0.917875
vn 0.064066 -0.215936 0.974303
vn 0.065088 -0.126295 0.989855
vn 0.065273 -0.101742 0.992667
vn 0.065614 0.000000 0.997845
vn -0.060589 -0.085940 -0.994456
vn -0.060583 -0.087165 -0.994350
vn -0.060703 -0.060493 -0.996321
vn -0.060802 0.019892 -0.997952
vn -0.060020 0.161053 -0.985119
vn -0.057896 0.306025 -0.950261
vn -0.055335 0.414801 -0.908228
vn -0.051837 0.522920 -0.850804
vn -0.045531 0.662926 -0.747300
vn -0.034179 0.827125 -0.560977
vn -0.019181 0.948957 -0.314823
vn -0.001972 0.999474 -0.032373
vn 0.017980 0.955295 0.295107
vn 0.034215 0.826716 0.561579
vn 0.043735 0.694844 0.717829
vn 0.050183 0.564846 0.823669
vn 0.055114 0.422704 0.904590
vn 0.058264 0.286512 0.956303
vn 0.059914 0.171369 0.983383
vn 0.060678 0.066808 0.995919
vn 0.060778 -0.034632 0.997550
vn 0.060287 -0.131415 0.989493
vn 0.059281 -0.223127 0.972985
vn 0.057513 -0.324999 0.943964
vn 0.053294 -0.481697 0.874716
vn 0.044362 -0.684006 0.728126
vn 0.036111 -0.804617 0.592695
vn 0.035885 -0.807349 0.588982
vn 0.039679 -0.757821 0.651255
vn 0.041706 -0.727789 0.684532
vn 0.044127 -0.688102 0.724271
vn 0.049428 -0.582571 0.811276
vn 0.055940 -0.392252 0.918155
vn 0.059379 -0.215936 0.974600
vn 0.060327 -0.126295 0.990157
vn 0.060498 -0.101742 0.992970
vn 0.060814 0.000000 0.998149
vn -0.055777 -0.087232 -0.994625
vn -0.055768 -0.089202 -0.994451
vn -0.055881 -0.062634 -0.996471
vn -0.055979 0.020887 -0.998213
vn -0.055157 0.171913 -0.983567
vn -0.052858 0.329796 -0.942571
vn -0.050048 0.448333 -0.892464
vn -0.046170 0.565718 -0.823305
vn -0.039289 0.712463 -0.700608
vn -0.027649 0.869565 -0.493043
vn -0.013560 0.970229 -0.241809
vn 0.001426 0.999675 0.025435
vn 0.018003 0.946895 0.321037
vn 0.031462 0.827201 0.561024
vn 0.039616 0.706676 0.706427
vn 0.045400 0.585256 0.809577
vn 0.050088 0.446904 0.893178
vn 0.053274 0.307734 0.949980
vn 0.055018 0.185624 0.981079
vn 0.055843 0.072580 0.995798
vn 0.055952 -0.037497 0.997729
vn 0.055431 -0.141083 0.988445
vn 0.054392 -0.237283 0.969917
vn 0.052609 -0.342269 0.938128
vn 0.048477 -0.500379 0.864448
vn 0.040200 -0.696070 0.716848
vn 0.033035 -0.807400 0.589079
vn 0.033039 -0.807349 0.589148
vn 0.036532 -0.757821 0.651439
vn 0.038399 -0.727789 0.684725
vn 0.040628 -0.688102 0.724475
vn 0.045508 -0.582571 0.811505
vn 0.051504 -0.392252 0.918415
vn 0.054670 -0.215936 0.974876
vn 0.055543 -0.126295 0.990437
vn 0.055700 -0.101742 0.993250
vn 0.055991 0.000000 0.998431
vn -0.050946 -0.088132 -0.994805
vn -0.050934 -0.090641 -0.994580
vn -0.051039 -0.064176 -0.996633
vn -0.051133 0.021621 -0.998458
vn -0.050308 0.180149 -0.982352
vn -0.047948 0.348015 -0.936262
vn -0.045036 0.473928 -0.879411
vn -0.040994 0.597942 -0.800490
vn -0.033934 0.748190 -0.662617
vn -0.022582 0.897246 -0.440953
vn -0.009712 0.981804 -0.189647
vn 0.003309 0.997905 0.064611
vn 0.017324 0.940885 0.338283
vn 0.028714 0.827531 0.560685
vn 0.035766 0.714828 0.698385
vn 0.040925 0.599749 0.799141
vn 0.045285 0.464766 0.884275
vn 0.048387 0.323927 0.944844
vn 0.050145 0.196711 0.979178
vn 0.050992 0.077103 0.995718
vn 0.051104 -0.039728 0.997903
vn 0.050578 -0.148493 0.987619
vn 0.049548 -0.247934 0.967509
vn 0.047813 -0.355008 0.933640
vn 0.043878 -0.513770 0.856805
vn 0.036303 -0.704393 0.708881
vn 0.030043 -0.809291 0.586639
vn 0.030179 -0.807349 0.589302
vn 0.033370 -0.757821 0.651609
vn 0.035075 -0.727789 0.684904
vn 0.037111 -0.688102 0.724664
vn 0.041569 -0.582571 0.811716
vn 0.047046 -0.392252 0.918654
vn 0.049938 -0.215936 0.975130
vn 0.050735 -0.126295 0.990694
vn 0.050879 -0.101742 0.993509
vn 0.051145 0.000000 0.998691
vn -0.046094 -0.088529 -0.995007
vn -0.046082 -0.091281 -0.994758
vn -0.046178 -0.064871 -0.996825
vn -0.046264 0.021956 -0.998688
vn -0.045486 0.183978 -0.981877
vn -0.043234 0.356535 -0.933281
vn -0.040447 0.485854 -0.873104
vn -0.036569 0.612797 -0.789394
vn -0.029849 0.764154 -0.644343
vn -0.019309 0.908789 -0.416809
vn -0.007710 0.986023 -0.166431
vn 0.003779 0.996659 0.081582
vn 0.016016 0.938199 0.345726
vn 0.025970 0.827674 0.560607
vn 0.032191 0.718401 0.694884
vn 0.036803 0.606215 0.794449
vn 0.040773 0.472924 0.880159
vn 0.043659 0.331480 0.942452
vn 0.045322 0.201948 0.978347
vn 0.046130 0.079250 0.995787
vn 0.046237 -0.040784 0.998098
vn 0.045738 -0.151962 0.987328
vn 0.044772 -0.252860 0.966466
vn 0.043158 -0.360826 0.931634
vn 0.039533 -0.519778 0.853386
vn 0.032678 -0.708045 0.705411
vn 0.027130 -0.810114 0.585645
vn 0.027306 -0.807349 0.589442
vn 0.030193 -0.757821 0.651764
vn 0.031736 -0.727789 0.685066
vn 0.033578 -0.688102 0.724836
vn 0.037612 -0.582571 0.811909
vn 0.042567 -0.392252 0.918872
vn 0.045184 -0.215936 0.975361
vn 0.045905 -0.126295 0.990930
vn 0.046035 -0.101742 0.993745
vn 0.046275 0.000000 0.998929
vn -0.041221 -0.088430 -0.995229
vn -0.041211 -0.091122 -0.994987
vn -0.041297 -0.064698 -0.997050
vn -0.041374 0.021872 -0.998904
vn -0.040685 0.183017 -0.982268
vn -0.038698 0.354392 -0.934296
vn -0.036239 0.482858 -0.874949
vn -0.032822 0.609075 -0.792433
vn -0.026887 0.760186 -0.649149
vn -0.017519 0.905969 -0.422982
vn -0.007134 0.985028 -0.172247
vn 0.003206 0.996994 0.077412
vn 0.014248 0.938867 0.343985
vn 0.023227 0.827639 0.560780
vn 0.028825 0.717516 0.695945
vn 0.032963 0.604607 0.795842
vn 0.036508 0.470884 0.881439
vn 0.039071 0.329582 0.943318
vn 0.040542 0.200628 0.978828
vn 0.041255 0.078708 0.996044
vn 0.041350 -0.040518 0.998323
vn 0.040908 -0.151089 0.987673
vn 0.040052 -0.251624 0.966996
vn 0.038619 -0.359371 0.932395
vn 0.035392 -0.518282 0.854477
vn 0.029261 -0.707140 0.706468
vn 0.024274 -0.809910 0.586051
vn 0.024419 -0.807349 0.589568
vn 0.027001 -0.757821 0.651904
vn 0.028381 -0.727789 0.685214
vn 0.030028 -0.688102 0.724992
vn 0.033636 -0.582571 0.812084
vn 0.038067 -0.392252 0.919070
vn 0.040407 -0.215936 0.975571
vn 0.041052 -0.126295 0.991143
vn 0.041169 -0.101742 0.993959
vn 0.041383 0.000000 0.999143
vn -0.036328 -0.087958 -0.995462
vn -0.036320 -0.090362 -0.995246
vn -0.036394 -0.063876 -0.997294
vn -0.036460 0.021476 -0.999104
vn -0.035883 0.178515 -0.983283
vn -0.034238 0.344388 -0.938203
vn -0.032212 0.468843 -0.882694
vn -0.029403 0.591575 -0.805713
vn -0.024479 0.741247 -0.670786
vn -0.016481 0.892065 -0.451607
vn -0.007295 0.979789 -0.199900
vn 0.002087 0.998362 0.057177
vn 0.012234 0.942052 0.335244
vn 0.020478 0.827468 0.561139
vn 0.025561 0.713262 0.700431
vn 0.029259 0.596939 0.801753
vn 0.032358 0.461257 0.886676
vn 0.034543 0.320708 0.946548
vn 0.035772 0.194493 0.980251
vn 0.036363 0.076195 0.996430
vn 0.036441 -0.039282 0.998563
vn 0.036073 -0.147018 0.988476
vn 0.035350 -0.245827 0.968669
vn 0.034128 -0.352505 0.935187
vn 0.031344 -0.511165 0.858911
vn 0.025944 -0.702794 0.710920
vn 0.021440 -0.808930 0.587514
vn 0.021519 -0.807349 0.589681
vn 0.023795 -0.757821 0.652029
vn 0.025010 -0.727789 0.685345
vn 0.026462 -0.688102 0.725131
vn 0.029641 -0.582571 0.812239
vn 0.033546 -0.392252 0.919246
vn 0.035609 -0.215936 0.975758
vn 0.036177 -0.126295 0.991333
vn 0.036280 -0.101742 0.994149
vn 0.036469 0.000000 0.999335
vn -0.031411 -0.087312 -0.995686
vn -0.031406 -0.089329 -0.995507
vn -0.031470 -0.062769 -0.997532
vn -0.031525 0.020951 -0.999283
vn -0.031059 0.172621 -0.984499
vn -0.029751 0.331356 -0.943037
vn -0.028150 0.450530 -0.892318
vn -0.025941 0.568500 -0.822274
vn -0.022025 0.715604 -0.698159
vn -0.015429 0.872099 -0.489086
vn -0.007491 0.971369 -0.237459
vn 0.000914 0.999579 0.028985
vn 0.010188 0.946366 0.322935
vn 0.017717 0.827231 0.561583
vn 0.022287 0.707403 0.706459
vn 0.025538 0.586535 0.809521
vn 0.028183 0.448457 0.893360
vn 0.029988 0.309123 0.950549
vn 0.030978 0.186568 0.981953
vn 0.031448 0.072964 0.996839
vn 0.031510 -0.037687 0.998793
vn 0.031214 -0.141717 0.989415
vn 0.030624 -0.238202 0.970733
vn 0.029615 -0.343376 0.938731
vn 0.027279 -0.501556 0.864695
vn 0.022616 -0.696812 0.716897
vn 0.018597 -0.807570 0.589479
vn 0.018606 -0.807349 0.589781
vn 0.020573 -0.757821 0.652139
vn 0.021625 -0.727789 0.685460
vn 0.022880 -0.688102 0.725253
vn 0.025629 -0.582571 0.812376
vn 0.029005 -0.392252 0.919400
vn 0.030788 -0.215936 0.975922
vn 0.031279 -0.126295 0.991499
vn 0.031368 -0.101742 0.994316
vn 0.031532 0.000000 0.999503
vn -0.026473 -0.086712 -0.995882
vn -0.026469 -0.088378 -0.995735
vn -0.026522 -0.061762 -0.997738
vn -0.026567 0.020478 -0.999437
vn -0.026198 0.167411 -0.985539
vn -0.025176 0.319906 -0.947115
vn -0.023935 0.434396 -0.900404
vn -0.022228 0.548001 -0.836182
vn -0.019177 0.692227 -0.721425
vn -0.013878 0.852785 -0.522077
vn -0.007227 0.962301 -0.271889
vn 0.000063 0.999997 0.002365
vn 0.008272 0.950314 0.311184
vn 0.014939 0.827007 0.561992
vn 0.018926 0.701930 0.711994
vn 0.021703 0.576981 0.816469
vn 0.023902 0.436961 0.899163
vn 0.025358 0.298918 0.953942
vn 0.026140 0.179666 0.983380
vn 0.026507 0.070162 0.997183
vn 0.026555 -0.036299 0.998988
vn 0.026322 -0.137061 0.990213
vn 0.025851 -0.231430 0.972508
vn 0.025036 -0.335176 0.941823
vn 0.023122 -0.492781 0.869846
vn 0.019202 -0.691229 0.722381
vn 0.015718 -0.806290 0.591312
vn 0.015680 -0.807349 0.589866
vn 0.017338 -0.757821 0.652233
vn 0.018224 -0.727789 0.685559
vn 0.019282 -0.688102 0.725358
vn 0.021598 -0.582571 0.812493
vn 0.024443 -0.392252 0.919533
vn 0.025946 -0.215936 0.976063
vn 0.026360 -0.126295 0.991642
vn 0.026435 -0.101742 0.994460
vn 0.026573 0.000000 0.999647
vn -0.021511 -0.086350 -0.996033
vn -0.021508 -0.087807 -0.995905
vn -0.021551 -0.061162 -0.997895
vn -0.021587 0.020200 -0.999563
vn -0.021298 0.164378 -0.986167
vn -0.020505 0.313272 -0.949442
vn -0.019544 0.425036 -0.904965
vn -0.018227 0.536043 -0.843994
vn -0.015864 0.678348 -0.734569
vn -0.011688 0.840830 -0.541173
vn -0.006316 0.956263 -0.292441
vn -0.000300 0.999903 -0.013904
vn 0.006564 0.952668 0.303943
vn 0.012143 0.826871 0.562260
vn 0.015449 0.698609 0.715337
vn 0.017722 0.571260 0.820578
vn 0.019492 0.430192 0.902527
vn 0.020644 0.292994 0.955891
vn 0.021256 0.175691 0.984216
vn 0.021541 0.068553 0.997415
vn 0.021578 -0.035500 0.999137
vn 0.021396 -0.134363 0.990701
vn 0.021026 -0.227475 0.973557
vn 0.020379 -0.330345 0.943640
vn 0.018852 -0.487546 0.872894
vn 0.015672 -0.687842 0.725691
vn 0.012795 -0.805508 0.592447
vn 0.012741 -0.807349 0.589936
vn 0.014088 -0.757821 0.652311
vn 0.014808 -0.727789 0.685641
vn 0.015667 -0.688102 0.725445
vn 0.017549 -0.582571 0.812591
vn 0.019861 -0.392252 0.919643
vn 0.021082 -0.215936 0.976180
vn 0.021419 -0.126295 0.991761
vn 0.021480 -0.101742 0.994579
vn 0.021592 0.000000 0.999767
vn -0.016527 -0.086351 -0.996128
vn -0.016525 -0.087809 -0.996000
vn -0.016558 -0.061165 -0.997990
vn -0.016585 0.020201 -0.999658
vn -0.016363 0.164391 -0.986260
vn -0.015754 0.313300 -0.949524
vn -0.015015 0.425075 -0.905034
vn -0.014004 0.536093 -0.844043
vn -0.012188 0.678407 -0.734585
vn -0.008978 0.840881 -0.541145
vn -0.004851 0.956289 -0.292382
vn -0.000230 0.999904 -0.013836
vn 0.005044 0.952658 0.304003
vn 0.009329 0.826872 0.562313
vn 0.011869 0.698623 0.715392
vn 0.013615 0.571284 0.820640
vn 0.014975 0.430221 0.902599
vn 0.015861 0.293019 0.955975
vn 0.016331 0.175708 0.984307
vn 0.016550 0.068560 0.997510
vn 0.016578 -0.035503 0.999232
vn 0.016438 -0.134375 0.990794
vn 0.016154 -0.227492 0.973646
vn 0.015657 -0.330366 0.943723
vn 0.014483 -0.487568 0.872965
vn 0.012041 -0.687856 0.725747
vn 0.009830 -0.805511 0.592499
vn 0.009789 -0.807349 0.589993
vn 0.010824 -0.757821 0.652373
vn 0.011377 -0.727789 0.685707
vn 0.012037 -0.688102 0.725514
vn 0.013483 -0.582571 0.812668
vn 0.015259 -0.392252 0.919731
vn 0.016197 -0.215936 0.976273
vn 0.016456 -0.126295 0.991856
vn 0.016503 -0.101742 0.994674
vn 0.016589 0.000000 0.999862
vn -0.011521 -0.086759 -0.996163
vn -0.011519 -0.088453 -0.996014
vn -0.011542 -0.061841 -0.998019
vn -0.011562 0.020515 -0.999723
vn -0.011400 0.167814 -0.985753
vn -0.010953 0.320789 -0.947087
vn -0.010409 0.435642 -0.900060
vn -0.009661 0.549589 -0.835379
vn -0.008325 0.694057 -0.719872
vn -0.006010 0.854335 -0.519688
vn -0.003114 0.963061 -0.269266
vn 0.000052 0.999990 0.004485
vn 0.003611 0.950004 0.312217
vn 0.006501 0.827025 0.562127
vn 0.008232 0.702364 0.711770
vn 0.009439 0.577732 0.816172
vn 0.010397 0.437857 0.898985
vn 0.011033 0.299706 0.953968
vn 0.011375 0.180196 0.983565
vn 0.011536 0.070377 0.997454
vn 0.011557 -0.036405 0.999270
vn 0.011455 -0.137421 0.990447
vn 0.011249 -0.231955 0.972661
vn 0.010893 -0.335815 0.941865
vn 0.010058 -0.493469 0.869705
vn 0.008352 -0.691671 0.722164
vn 0.006839 -0.806391 0.591343
vn 0.006824 -0.807349 0.590034
vn 0.007545 -0.757821 0.652419
vn 0.007931 -0.727789 0.685755
vn 0.008391 -0.688102 0.725565
vn 0.009399 -0.582571 0.812726
vn 0.010638 -0.392252 0.919796
vn 0.011292 -0.215936 0.976342
vn 0.011472 -0.126295 0.991926
vn 0.011504 -0.101742 0.994744
vn 0.011564 0.000000 0.999933
vn -0.006494 -0.087527 -0.996141
vn -0.006492 -0.089672 -0.995950
vn -0.006506 -0.063135 -0.997984
vn -0.006517 0.021124 -0.999756
vn -0.006419 0.174549 -0.984628
vn -0.006141 0.335611 -0.941981
vn -0.005800 0.456515 -0.889697
vn -0.005328 0.576066 -0.817386
vn -0.004496 0.724093 -0.689688
vn -0.003110 0.878851 -0.477086
vn -0.001468 0.974329 -0.225124
vn 0.000251 0.999261 0.038447
vn 0.002133 0.944937 0.327245
vn 0.003662 0.827310 0.561733
vn 0.004595 0.709358 0.704834
vn 0.005263 0.589985 0.807397
vn 0.005813 0.452669 0.891660
vn 0.006191 0.312909 0.949763
vn 0.006401 0.189147 0.981928
vn 0.006501 0.074014 0.997236
vn 0.006514 -0.038205 0.999249
vn 0.006451 -0.143448 0.989637
vn 0.006327 -0.240701 0.970579
vn 0.006115 -0.346380 0.938074
vn 0.005627 -0.504736 0.863255
vn 0.004663 -0.698807 0.715295
vn 0.003840 -0.808025 0.589136
vn 0.003847 -0.807349 0.590061
vn 0.004253 -0.757821 0.652449
vn 0.004471 -0.727789 0.685787
vn 0.004730 -0.688102 0.725598
vn 0.005298 -0.582571 0.812763
vn 0.005996 -0.392252 0.919838
vn 0.006365 -0.215936 0.976387
vn 0.006467 -0.126295 0.991972
vn 0.006485 -0.101742 0.994790
vn 0.006519 0.000000 0.999979
vn -0.001446 -0.088520 -0.996073
vn -0.001446 -0.091267 -0.995825
vn -0.001449 -0.064856 -0.997894
vn -0.001452 0.021949 -0.999758
vn -0.001427 0.183893 -0.982945
vn -0.001357 0.356345 -0.934353
vn -0.001269 0.485589 -0.874187
vn -0.001148 0.612467 -0.790495
vn -0.000937 0.763803 -0.645448
vn -0.000607 0.908541 -0.417794
vn -0.000243 0.985937 -0.167120
vn 0.000118 0.996690 0.081301
vn 0.000502 0.938258 0.345937
vn 0.000815 0.827671 0.561213
vn 0.001010 0.718323 0.695709
vn 0.001155 0.606073 0.795408
vn 0.001280 0.472743 0.881199
vn 0.001370 0.331312 0.943520
vn 0.001422 0.201831 0.979419
vn 0.001448 0.079202 0.996858
vn 0.001451 -0.040760 0.999168
vn 0.001435 -0.151885 0.988397
vn 0.001405 -0.252750 0.967530
vn 0.001354 -0.360698 0.932682
vn 0.001241 -0.519646 0.854381
vn 0.001026 -0.707965 0.706247
vn 0.000851 -0.810096 0.586297
vn 0.000857 -0.807349 0.590073
vn 0.000947 -0.757821 0.652462
vn 0.000996 -0.727789 0.685800
vn 0.001054 -0.688102 0.725613
vn 0.001180 -0.582571 0.812779
vn 0.001336 -0.392252 0.919857
vn 0.001418 -0.215936 0.976406
vn 0.001440 -0.126295 0.991992
vn 0.001445 -0.101742 0.994810
vn 0.001452 0.000000 0.999999
vn 0.003621 -0.089535 -0.995977
vn 0.003620 -0.092918 -0.995667
vn 0.003627 -0.066671 -0.997768
vn 0.003634 0.022841 -0.999733
vn 0.003566 0.194266 -0.980942
vn 0.003363 0.379569 -0.925157
vn 0.003110 0.517910 -0.855429
vn 0.002756 0.652133 -0.758100
vn 0.002158 0.804740 -0.593624
vn 0.001282 0.935743 -0.352681
vn 0.000390 0.994219 -0.107366
vn -0.000450 0.992323 0.123676
vn -0.001324 0.931319 0.364203
vn -0.002038 0.828032 0.560677
vn -0.002495 0.727388 0.686222
vn -0.002844 0.622778 0.782393
vn -0.003160 0.494375 0.869243
vn -0.003403 0.351840 0.936054
vn -0.003549 0.216283 0.976324
vn -0.003622 0.085165 0.996360
vn -0.003632 -0.043679 0.999039
vn -0.003588 -0.161354 0.986890
vn -0.003504 -0.266012 0.963963
vn -0.003368 -0.376138 0.926557
vn -0.003071 -0.535276 0.844672
vn -0.002533 -0.717236 0.696826
vn -0.002121 -0.812166 0.583422
vn -0.002145 -0.807349 0.590070
vn -0.002372 -0.757821 0.652459
vn -0.002493 -0.727789 0.685797
vn -0.002638 -0.688102 0.725609
vn -0.002955 -0.582571 0.812775
vn -0.003344 -0.392252 0.919852
vn -0.003550 -0.215936 0.976401
vn -0.003606 -0.126295 0.991986
vn -0.003616 -0.101742 0.994804
vn -0.003635 0.000000 0.999993
vn 0.008707 -0.090335 -0.995873
vn 0.008704 -0.094235 -0.995512
vn 0.008723 -0.068145 -0.997637
vn 0.008741 0.023581 -0.999684
vn 0.008561 0.203100 -0.979121
vn 0.008015 0.399494 -0.916701
vn 0.007328 0.545373 -0.838161
vn 0.006370 0.685034 -0.728483
vn 0.004789 0.836644 -0.547725
vn 0.002610 0.954396 -0.298533
vn 0.000528 0.998177 -0.060351
vn -0.001364 0.987761 0.155969
vn -0.003305 0.925789 0.378026
vn -0.004899 0.828311 0.560247
vn -0.005934 0.734461 0.678625
vn -0.006746 0.636121 0.771560
vn -0.007509 0.512254 0.858801
vn -0.008125 0.369390 0.929239
vn -0.008511 0.228909 0.973411
vn -0.008707 0.090423 0.995865
vn -0.008734 -0.046237 0.998892
vn -0.008617 -0.169509 0.985491
vn -0.008401 -0.277212 0.960772
vn -0.008055 -0.388923 0.921235
vn -0.007314 -0.547874 0.836529
vn -0.006027 -0.724477 0.689273
vn -0.005081 -0.813766 0.581171
vn -0.005159 -0.807349 0.590051
vn -0.005705 -0.757821 0.652438
vn -0.005996 -0.727789 0.685775
vn -0.006344 -0.688102 0.725586
vn -0.007106 -0.582571 0.812749
vn -0.008042 -0.392252 0.919822
vn -0.008537 -0.215936 0.976370
vn -0.008673 -0.126295 0.991955
vn -0.008698 -0.101742 0.994773
vn -0.008743 0.000000 0.999962
vn 0.013814 -0.090705 -0.995782
vn 0.013809 -0.094849 -0.995396
vn 0.013838 -0.068840 -0.997532
vn 0.013867 0.023935 -0.999617
vn 0.013570 0.207403 -0.978161
vn 0.012656 0.409240 -0.912339
vn 0.011504 0.558697 -0.829292
vn 0.009897 0.700694 -0.713393
vn 0.007282 0.851124 -0.524913
vn 0.003784 0.962078 -0.272750
vn 0.000537 0.999250 -0.038717
vn -0.002366 0.985345 0.170556
vn -0.005330 0.923217 0.384241
vn -0.007769 0.828438 0.560026
vn -0.009365 0.737711 0.675052
vn -0.010631 0.642343 0.766344
vn -0.011842 0.520780 0.853609
vn -0.012842 0.377955 0.925735
vn -0.013482 0.235166 0.971862
vn -0.013811 0.093046 0.995566
vn -0.013856 -0.047508 0.998775
vn -0.013661 -0.173511 0.984737
vn -0.013306 -0.282634 0.959135
vn -0.012743 -0.395031 0.918579
vn -0.011550 -0.553786 0.832579
vn -0.009513 -0.727807 0.685716
vn -0.008048 -0.814497 0.580112
vn -0.008185 -0.807349 0.590017
vn -0.009050 -0.757821 0.652400
vn -0.009513 -0.727789 0.685735
vn -0.010065 -0.688102 0.725544
vn -0.011274 -0.582571 0.812702
vn -0.012760 -0.392252 0.919769
vn -0.013544 -0.215936 0.976314
vn -0.013760 -0.126295 0.991897
vn -0.013799 -0.101742 0.994715
vn -0.013871 0.000000 0.999904
vn 0.018941 -0.090513 -0.995715
vn 0.018934 -0.094529 -0.995342
vn 0.018975 -0.068477 -0.997472
vn 0.019014 0.023750 -0.999537
vn 0.018615 0.205149 -0.978554
vn 0.017397 0.404132 -0.914535
vn 0.015863 0.551722 -0.833877
vn 0.013720 0.692523 -0.721266
vn 0.010212 0.843627 -0.536832
vn 0.005444 0.958164 -0.286169
vn 0.000950 0.998752 -0.049942
vn -0.003100 0.986624 0.162983
vn -0.007247 0.924555 0.380980
vn -0.010654 0.828372 0.560077
vn -0.012875 0.736023 0.676834
vn -0.014628 0.639105 0.768980
vn -0.016288 0.516328 0.856236
vn -0.017643 0.373467 0.927476
vn -0.018501 0.231879 0.972569
vn -0.018939 0.091666 0.995610
vn -0.018998 -0.046840 0.998722
vn -0.018738 -0.171412 0.985021
vn -0.018260 -0.279796 0.959886
vn -0.017498 -0.391841 0.919867
vn -0.015875 -0.550707 0.834548
vn -0.013078 -0.726078 0.687488
vn -0.011044 -0.814118 0.580595
vn -0.011223 -0.807349 0.589967
vn -0.012409 -0.757821 0.652345
vn -0.013043 -0.727789 0.685677
vn -0.013801 -0.688102 0.725483
vn -0.015458 -0.582571 0.812633
vn -0.017495 -0.392252 0.919691
vn -0.018570 -0.215936 0.976231
vn -0.018867 -0.126295 0.991813
vn -0.018921 -0.101742 0.994631
vn -0.019019 0.000000 0.999819
vn 0.024089 -0.089749 -0.995673
vn 0.024081 -0.093269 -0.995350
vn 0.024132 -0.067062 -0.997457
vn 0.024180 0.023035 -0.999442
vn 0.023715 0.196572 -0.980203
vn 0.022325 0.384759 -0.922747
vn 0.020584 0.525090 -0.850798
vn 0.018153 0.660811 -0.750333
vn 0.014071 0.813344 -0.581613
vn 0.008185 0.941000 -0.338308
vn 0.002292 0.995501 -0.094724
vn -0.003203 0.991193 0.132388
vn -0.008900 0.929842 0.367852
vn -0.013558 0.828107 0.560406
vn -0.016549 0.729289 0.684006
vn -0.018855 0.626337 0.779324
vn -0.020959 0.499091 0.866296
vn -0.022598 0.356417 0.934054
vn -0.023597 0.219551 0.975316
vn -0.024096 0.086521 0.995959
vn -0.024163 -0.044340 0.998724
vn -0.023861 -0.163475 0.986259
vn -0.023296 -0.268945 0.962874
vn -0.022377 -0.379508 0.924918
vn -0.020378 -0.538626 0.842298
vn -0.016806 -0.719181 0.694620
vn -0.014097 -0.812597 0.582655
vn -0.014272 -0.807349 0.589901
vn -0.015781 -0.757821 0.652272
vn -0.016587 -0.727789 0.685601
vn -0.017550 -0.688102 0.725401
vn -0.019659 -0.582571 0.812542
vn -0.022248 -0.392252 0.919589
vn -0.023616 -0.215936 0.976122
vn -0.023993 -0.126295 0.991702
vn -0.024061 -0.101742 0.994520
vn -0.024187 0.000000 0.999707
vn 0.029258 -0.088533 -0.995643
vn 0.029251 -0.091289 -0.995395
vn 0.029312 -0.064879 -0.997463
vn 0.029367 0.021960 -0.999327
vn 0.028872 0.184025 -0.982497
vn 0.027442 0.356640 -0.933839
vn 0.025671 0.486000 -0.873582
vn 0.023208 0.612978 -0.789759
vn 0.018940 0.764347 -0.644527
vn 0.012248 0.908926 -0.416778
vn 0.004886 0.986071 -0.166256
vn -0.002405 0.996643 0.081838
vn -0.010169 0.938166 0.346036
vn -0.016485 0.827676 0.560964
vn -0.020432 0.718444 0.695284
vn -0.023359 0.606293 0.794898
vn -0.025880 0.473023 0.880670
vn -0.027712 0.331573 0.943023
vn -0.028768 0.202013 0.978960
vn -0.029281 0.079277 0.996423
vn -0.029349 -0.040797 0.998736
vn -0.029032 -0.152004 0.987953
vn -0.028419 -0.252920 0.967070
vn -0.027394 -0.360897 0.932203
vn -0.025093 -0.519851 0.853888
vn -0.020741 -0.708089 0.705819
vn -0.017221 -0.810124 0.586006
vn -0.017333 -0.807349 0.589819
vn -0.019165 -0.757821 0.652181
vn -0.020145 -0.727789 0.685505
vn -0.021314 -0.688102 0.725301
vn -0.023874 -0.582571 0.812429
vn -0.027020 -0.392252 0.919461
vn -0.028681 -0.215936 0.975986
vn -0.029138 -0.126295 0.991565
vn -0.029221 -0.101742 0.994382
vn -0.029374 0.000000 0.999569
f 1/1/1 38/38/38 39/39/39
f 1/1/1 39/39/39 2/2/2
f 2/2/2 39/39/39 40/40/40
f 2/2/2 40/40/40 3/3/3
f 3/3/3 40/40/40 41/41/41
f 3/3/3 41/41/41 4/4/4
f 4/4/4 41/41/41 42/42/42
f 4/4/4 42/42/42 5/5/5
f 5/5/5 42/42/42 43/43/43
f 5/5/5 43/43/43 6/6/6
f 6/6/6 43/43/43 44/44/44
f 6/6/6 44/44/44 7/7/7
f 7/7/7 44/44/44 45/45/45
f 7/7/7 45/45/45 8/8/8
f 8/8/8 45/45/45 46/46/46
f 8/8/8 46/46/46 9/9/9
f 9/9/9 46/46/46 47/47/47
f 9/9/9 47/47/47 10/10/10
f 10/10/10 47/47/47 48/48/48
f 10/10/10 48/48/48 11/11/11
f 11/11/11 48/48/48 49/49/49
f 11/11/11 49/49/49 12/12/12
f 12/12/12 49/49/49 50/50/50
f 12/12/12 50/50/50 13/13/13
f 13/13/13 50/50/50 51/51/51
f 13/13/13 51/51/51 14/14/14
f 14/14/14 51/51/51 52/52/52
f 14/14/14 52/52/52 15/15/15
f 15/15/15 52/52/52 53/53/53
f 15/15/15 53/53/53 16/16/16
f 16/16/16 53/53/53 54/54/54
f 16/16/16 54/54/54 17/17/17
f 17/17/17 54/54/54 55/55/55
f 17/17/17 55/55/55 18/18/18
f 18/18/18 55/55/55 56/56/56
f 18/18/18 56/56/56 19/19/19
f 19/19/19 56/56/56 57/57/57
f 19/19/19 57/57/57 20/20/20
f 20/20/20 57/57/57 58/58/58
f 20/20/20 58/58/58 21/21/21
f 21/21/21 58/58/58 59/59/59
f 21/21/21 59/59/59 22/22/22
f 22/22/22 59/59/59 60/60/60
f 22/22/22 60/60/60 23/23/23
f 23/23/23 60/60/60 61/61/61
f 23/23/23 61/61/61 24/24/24
f 24/24/24 61/61/61 62/62/62
f 24/24/24 62/62/62 25/25/25
f 25/25/25 62/62/62 63/63/63
f 25/25/25 63/63/63 26/26/26
f 26/26/26 63/63/63 64/64/64
f 26/26/26 64/64/64 27/27/27
f 27/27/27 64/64/64 65/65/65
f 27/27/27 65/65/65 28/28/28
f 28/28/28 65/65/65 66/66/66
f 28/28/28 66/66/66 29/29/29
f 29/29/29 66/66/66 67/67/67
f 29/29/29 67/67/67 30/30/30
f 30/30/30 67/67/67 68/68/68
f 30/30/30 68/68/68 31/31/31
f 31/31/31 68/68/68 69/69/69
f 31/31/31 69/69/69 32/32/32
f 32/32/32 69/69/69 70/70/70
f 32/32/32 70/70/70 33/33/33
f 33/33/33 70/70/70 71/71/71
f 33/33/33 71/71/71 34/34/34
f 34/34/34 71/71/71 72/72/72
f 34/34/34 72/72/72 35/35/35
f 35/35/35 72/72/72 73/73/73
f 35/35/35 73/73/73 36/36/36
f 36/36/36 73/73/73 74/74/74
f 36/36/36 74/74/74 37/37/37
f 38/38/38 75/75/75 76/76/76
f 38/38/38 76/76/76 39/39/39
f 39/39/39 76/76/76 77/77/77
f 39/39/39 77/77/77 40/40/40
f 40/40/40 77/77/77 78/78/78
f 40/40/40 78/78/78 41/41/41
f 41/41/41 78/78/78 79/79/79
f 41/41/41 79/79/79 42/42/42
f 42/42/42 79/79/79 80/80/80
f 42/42/42 80/80/80 43/43/43
f 43/43/43 80/80/80 81/81/81
f 43/43/43 81/81/81 44/44/44
f 44/44/44 81/81/81 82/82/82
f 44/44/44 82/82/82 45/45/45
f 45/45/45 82/82/82 83/83/83
f 45/45/45 83/83/83 46/46/46
f 46/46/46 83/83/83 84/84/84
f 46/46/46 84/84/84 47/47/47
f 47/47/47 84/84/84 85/85/85
f 47/47/47 85/85/85 48/48/48
f 48/48/48 85/85/85 86/86/86
f 48/48/48 86/86/86 49/49/49
f 49/49/49 86/86/86 87/87/87
f 49/49/49 87/87/87 50/50/50
f 50/50/50 87/87/87 88/88/88
f 50/50/50 88/88/88 51/51/51
f 51/51/51 88/88/88 89/89/89
f 51/51/51 89/89/89 52/52/52
f 52/52/52 89/89/89 90/90/90
f 52/52/52 90/90/90 53/53/53
f 53/53/53 90/90/90 91/91/91
f 53/53/53 91/91/91 54/54/54
f 54/54/54 91/91/91 92/92/92
f 54/54/54 92/92/92 55/55/55
f 55/55/55 92/92/92 93/93/93
f 55/55/55 93/93/93 56/56/56
f 56/56/56 93/93/93 94/94/94
f 56/56/56 94/94/94 57/57/57
f 57/57/57 94/94/94 95/95/95
f 57/57/57 95/95/95 58/58/58
f 58/58/58 95/95/95 96/96/96
f 58/58/58 96/96/96 59/59/59
f 59/59/59 96/96/96 97/97/97
f 59/59/59 97/97/97 60/60/60
f 60/60/60 97/97/97 98/98/98
f 60/60/60 98/98/98 61/61/61
f 61/61/61 98/98/98 99/99/99
f 61/61/61 99/99/99 62/62/62
f 62/62/62 99/99/99 100/100/100
f 62/62/62 100/100/100 63/63/63
f 63/63/63 100/100/100 101/101/101
f 63/63/63 101/101/101 64/64/64
f 64/64/64 101/101/101 102/102/102
f 64/64/64 102/102/102 65/65/65
f 65/65/65 102/102/102 103/103/103
f 65/65/65 103/103/103 66/66/66
f 66/66/66 103/103/103 104/104/104
f 66/66/66 104/104/104 67/67/67
f 67/67/67 104/104/104 105/105/105
f 67/67/67 105/105/105 68/68/68
f 68/68/68 105/105/105 106/106/106
f 68/68/68 106/106/106 69/69/69
f 69/69/69 106/106/106 107/107/107
f 69/69/69 107/107/107 70/70/70
f 70/70/70 107/107/107 108/108/108
f 70/70/70 108/108/108 71/71/71
f 71/71/71 108/108/108 109/109/109
f 71/71/71 109/109/109 72/72/72
f 72/72/72 109/109/109 110/110/110
f 72/72/72 110/110/110 73/73/73
f 73/73/73 110/110/110 111/111/111
f 73/73/73 111/111/111 74/74/74
f 75/75/75 112/112/112 113/113/113
f 75/75/75 113/113/113 76/76/76
f 76/76/76 113/113/113 114/114/114
f 76/76/76 114/114/114 77/77/77
f 77/77/77 114/114/114 115/115/115
f 77/77/77 115/115/115 78/78/78
f 78/78/78 115/115/115 116/116/116
f 78/78/78 116/116/116 79/79/79
f 79/79/79 116/116/116 117/117/117
f 79/79/79 117/117/117 80/80/80
f 80/80/80 117/117/117 118/118/118
f 80/80/80 118/118/118 81/81/81
f 81/81/81 118/118/118 119/119/119
f 81/81/81 119/119/119 82/82/82
f 82/82/82 119/119/119 120/120/120
f 82/82/82 120/120/120 83/83/83
f 83/83/83 120/120/120 121/121/121
f 83/83/83 121/121/121 84/84/84
f 84/84/84 121/121/121 122/122/122
f 84/84/84 122/122/122 85/85/85
f 85/85/85 122/122/122 123/123/123
f 85/85/85 123/123/123 86/86/86
f 86/86/86 123/123/123 124/124/124
f 86/86/86 124/124/124 87/87/87
f 87/87/87 124/124/124 125/125/125
f 87/87/87 125/125/125 88/88/88
f 88/88/88 125/125/125 126/126/126
f 88/88/88 126/126/126 89/89/89
f 89/89/89 126/126/126 127/127/127
f 89/89/89 127/127/127 90/90/90
f 90/90/90 127/127/127 128/128/128
f 90/90/90 128/128/128 91/91/91
f 91/91/91 128/128/128 129/129/129
f 91/91/91 129/129/129 92/92/92
f 92/92/92 129/129/129 130/130/130
f 92/92/92 130/130/130 93/93/93
f 93/93/93 130/130/130 131/131/131
f 93/93/93 131/131/131 94/94/94
f 94/94/94 131/131/131 132/132/132
f 94/94/94 132/132/132 95/95/95
f 95/95/95 132/132/132 133/133/133
f 95/95/95 133/133/133 96/96/96
f 96/96/96 133/133/133 134/134/134
f 96/96/96 134/134/134 97/97/97
f 97/97/97 134/134/134 135/135/135
f 97/97/97 135/135/135 98/98/98
f 98/98/98 135/135/135 136/136/136
f 98/98/98 136/136/136 99/99/99
f 99/99/99 136/136/136 137/137/137
f 99/99/99 137/137/137 100/100/100
f 100/100/100 137/137/137 138/138/138
f 100/100/100 138/138/138 101/101/101
f 101/101/101 138/138/138 139/139/139
f 101/101/101 139/139/139 102/102/102
f 102/102/102 139/139/139 140/140/140
f 102/102/102 140/140/140 103/103/103
f 103/103/103 140/140/140 141/141/141
f 103/103/103 141/141/141 104/104/104
f 104/104/104 141/141/141 142/142/142
f 104/104/104 142/142/142 105/105/105
f 105/105/105 142/142/142 143/143/143
f 105/105/105 143/143/143 106/106/106
f 106/106/106 143/143/143 144/144/144
f 106/106/106 144/144/144 107/107/107
f 107/107/107 144/144/144 145/145/145
f 107/107/107 145/145/145 108/108/108
f 108/108/108 145/145/145 146/146/146
f 108/108/108 146/146/146 109/109/109
f 109/109/109 146/146/146 147/147/147
f 109/109/109 147/147/147 110/110/110
f 110/110/110 147/147/147 148/148/148
f 110/110/110 148/148/148 111/111/111
f 112/112/112 149/149/149 150/150/150
f 112/112/112 150/150/150 113/113/113
f 113/113/113 150/150/150 151/151/151
f 113/113/113 151/151/151 114/114/114
f 114/114/114 151/151/151 152/152/152
f 114/114/114 152/152/152 115/115/115
f 115/115/115 152/152/152 153/153/153
f 115/115/115 153/153/153 116/116/116
f 116/116/116 153/153/153 154/154/154
f 116/116/116 154/154/154 117/117/117
f 117/117/117 154/154/154 155/155/155
f 117/117/117 155/155/155 118/118/118
f 118/118/118 155/155/155 156/156/156
f 118/118/118 156/156/156 119/119/119
f 119/119/119 156/156/156 157/157/157
f 119/119/119 157/157/157 120/120/120
f 120/120/120 157/157/157 158/158/158
f 120/120/120 158/158/158 121/121/121
f 121/121/121 158/158/158 159/159/159
f 121/121/121 159/159/159 122/122/122
f 122/122/122 159/159/159 160/160/160
f 122/122/122 160/160/160 123/123/123
f 123/123/123 160/160/160 161/161/161
f 123/123/123 161/161/161 124/124/124
f 124/124/124 161/161/161 162/162/162
f 124/124/124 162/162/162 125/125/125
f 125/125/125 162/162/162 163/163/163
f 125/125/125 163/163/163 126/126/126
f 126/126/126 163/163/163 164/164/164
f 126/126/126 164/164/164 127/127/127
f 127/127/127 164/164/164 165/165/165
f 127/127/127 165/165/165 128/128/128
f 128/128/128 165/165/165 166/166/166
f 128/128/128 166/166/166 129/129/129
f 129/129/129 166/166/166 167/167/167
f 129/129/129 167/167/167 130/130/130
f 130/130/130 167/167/167 168/168/168
f 130/130/130 168/168/168 131/131/131
f 131/131/131 168/168/168 169/169/169
f 131/131/131 169/169/169 132/132/132
f 132/132/132 169/169/169 170/170/170
f 132/132/132 170/170/170 133/133/133
f 133/133/133 170/170/170 171/171/171
f 133/133/133 171/171/171 134/134/134
f 134/134/134 171/171/171 172/172/172
f 134/134/134 172/172/172 135/135/135
f 135/135/135 172/172/172 173/173/173
f 135/135/135 173/173/173 136/136/136
f 136/136/136 173/173/173 174/174/174
f 136/136/136 174/174/174 137/137/137
f 137/137/137 174/174/174 175/175/175
f 137/137/137 175/175/175 138/138/138
f 138/138/138 175/175/175 176/176/176
f 138/138/138 176/176/176 139/139/139
f 139/139/139 176/176/176 177/177/177
f 139/139/139 177/177/177 140/140/140
f 140/140/140 177/177/177 178/178/178
f 140/140/140 178/178/178 141/141/141
f 141/141/141 178/178/178 179/179/179
f 141/141/141 179/179/179 142/142/142
f 142/142/142 179/179/179 180/180/180
f 142/142/142 180/180/180 143/143/143
f 143/143/143 180/180/180 181/181/181
f 143/143/143 181/181/181 144/144/144
f 144/144/144 181/181/181 182/182/182
f 144/144/144 182/182/182 145/145/145
f 145/145/145 182/182/182 183/183/183
f 145/145/145 183/183/183 146/146/146
f 146/146/146 183/183/183 184/184/184
f 146/146/146 184/184/184 147/147/147
f 147/147/147 184/184/184 185/185/185
f 147/147/147 185/185/185 148/148/148
f 149/149/149 186/186/186 187/187/187
f 149/149/149 187/187/187 150/150/150
f 150/150/150 187/187/187 188/188/188
f 150/150/150 188/188/188 151/151/151
f 151/151/151 188/188/188 189/189/189
f 151/151/151 189/189/189 152/152/152
f 152/152/152 189/189/189 190/190/190
f 152/152/152 190/190/190 153/153/153
f 153/153/153 190/190/190 191/191/191
f 153/153/153 191/191/191 154/154/154
f 154/154/154 191/191/191 192/192/192
f 154/154/154 192/192/192 155/155/155
f 155/155/155 192/192/192 193/193/193
f 155/155/155 193/193/193 156/156/156
f 156/156/156 193/193/193 194/194/194
f 156/156/156 194/194/194 157/157/157
f 157/157/157 194/194/194 195/195/195
f 157/157/157 195/195/195 158/158/158
f 158/158/158 195/195/195 196/196/196
f 158/158/158 196/196/196 159/159/159
f 159/159/159 196/196/196 197/197/197
f 159/159/159 197/197/197 160/160/160
f 160/160/160 197/197/197 198/198/198
f 160/160/160 198/198/198 161/161/161
f 161/161/161 198/198/198 199/199/199
f 161/161/161 199/199/199 162/162/162
f 162/162/162 199/199/199 200/200/200
f 162/162/162 200/200/200 163/163/163
f 163/163/163 200/200/200 201/201/201
f 163/163/163 201/201/201 164/164/164
f 164/164/164 201/201/201 202/202/202
f 164/164/164 202/202/202 165/165/165
f 165/165/165 202/202/202 203/203/203
f 165/165/165 203/203/203 166/166/166
f 166/166/166 203/203/203 204/204/204
f 166/166/166 204/204/204 167/167/167
f 167/167/167 204/204/204 205/205/205
f 167/167/167 205/205/205 168/168/168
f 168/168/168 205/205/205 206/206/206
f 168/168/168 206/206/206 169/169/169
f 169/169/169 206/206/206 207/207/207
f 169/169/169 207/207/207 170/170/170
f 170/170/170 207/207/207 208/208/208
f 170/170/170 208/208/208 171/171/171
f 171/171/171 208/208/208 209/209/209
f 171/171/171 209/209/209 172/172/172
f 172/172/172 209/209/209 210/210/210
f 172/172/172 210/210/210 173/173/173
f 173/173/173 210/210/210 211/211/211
f 173/173/173 211/211/211 174/174/174
f 174/174/174 211/211/211 212/212/212
f 174/174/174 212/212/212 175/175/175
f 175/175/175 212/212/212 213/213/213
f 175/175/175 213/213/213 176/176/176
f 176/176/176 213/213/213 214/214/214
f 176/176/176 214/214/214 177/177/177
f 177/177/177 214/214/214 215/215/215
f 177/177/177 215/215/215 178/178/178
f 178/178/178 215/215/215 216/216/216
f 178/178/178 216/216/216 179/179/179
f 179/179/179 216/216/216 217/217/217
f 179/179/179 217/217/217 180/180/180
f 180/180/180 217/217/217 218/218/218
f 180/180/180 218/218/218 181/181/181
f 181/181/181 218/218/218 219/219/219
f 181/181/181 219/219/219 182/182/182
f 182/182/182 219/219/219 220/220/220
f 182/182/182 220/220/220 183/183/183
f 183/183/183 220/220/220 221/221/221
f 183/183/183 221/221/221 184/184/184
f 184/184/184 221/221/221 222/222/222
f 184/184/184 222/222/222 185/185/185
f 186/186/186 223/223/223 224/224/224
f 186/186/186 224/224/224 187/187/187
f 187/187/187 224/224/224 225/225/225
f 187/187/187 225/225/225 188/188/188
f 188/188/188 225/225/225 226/226/226
f 188/188/188 226/226/226 189/189/189
f 189/189/189 226/226/226 227/227/227
f 189/189/189 227/227/227 190/190/190
f 190/190/190 227/227/227 228/228/228
f 190/190/190 228/228/228 191/191/191
f 191/191/191 228/228/228 229/229/229
f 191/191/191 229/229/229 192/192/192
f 192/192/192 229/229/229 230/230/230
f 192/192/192 230/230/230 193/193/193
f 193/193/193 230/230/230 231/231/231
f 193/193/193 231/231/231 194/194/194
f 194/194/194 231/231/231 232/232/232
f 194/194/194 232/232/232 195/195/195
f 195/195/195 232/232/232 233/233/233
f 195/195/195 233/233/233 196/196/196
f 196/196/196 233/233/233 234/234/234
f 196/196/196 234/234/234 197/197/197
f 197/197/197 234/234/234 235/235/235
f 197/197/197 235/235/235 198/198/198
f 198/198/198 235/235/235 236/236/236
f 198/198/198 236/236/236 199/199/199
f 199/199/199 236/236/236 237/237/237
f 199/199/199 237/237/237 200/200/200
f 200/200/200 237/237/237 238/238/238
f 200/200/200 238/238/238 201/201/201
f 201/201/201 238/238/238 239/239/239
f 201/201/201 239/239/239 202/202/202
f 202/202/202 239/239/239 240/240/240
f 202/202/202 240/240/240 203/203/203
f 203/203/203 240/240/240 241/241/241
f 203/203/203 241/241/241 204/204/204
f 204/204/204 241/241/241 242/242/242
f 204/204/204 242/242/242 205/205/205
f 205/205/205 242/242/242 243/243/243
f 205/205/205 243/243/243 206/206/206
f 206/206/206 243/243/243 244/244/244
f 206/206/206 244/244/244 207/207/207
f 207/207/207 244/244/244 245/245/245
f 207/207/207 245/245/245 208/208/208
f 208/208/208 245/245/245 246/246/246
f 208/208/208 246/246/246 209/209/209
f 209/209/209 246/246/246 247/247/247
f 209/209/209 247/247/247 210/210/210
f 210/210/210 247/247/247 248/248/248
f 210/210/210 248/248/248 211/211/211
f 211/211/211 248/248/248 249/249/249
f 211/211/211 249/249/249 212/212/212
f 212/212/212 249/249/249 250/250/250
f 212/212/212 250/250/250 213/213/213
f 213/213/213 250/250/250 251/251/251
f 213/213/213 251/251/251 214/214/214
f 214/214/214 251/251/251 252/252/252
f 214/214/214 252/252/252 215/215/215
f 215/215/215 252/252/252 253/253/253
f 215/215/215 253/253/253 216/216/216
f 216/216/216 253/253/253 254/254/254
f 216/216/216 254/254/254 217/217/217
f 217/217/217 254/254/254 255/255/255
f 217/217/217 255/255/255 218/218/218
f 218/218/218 255/255/255 256/256/256
f 218/218/218 256/256/256 219/219/219
f 219/219/219 256/256/256 257/257/257
f 219/219/219 257/257/257 220/220/220
f 220/220/220 257/257/257 258/258/258
f 220/220/220 258/258/258 221/221/221
f 221/221/221 258/258/258 259/259/259
f 221/221/221 259/259/259 222/222/222
f 223/223/223 260/260/260 261/261/261
f 223/223/223 261/261/261 224/224/224
f 224/224/224 261/261/261 262/262/262
f 224/224/224 262/262/262 225/225/225
f 225/225/225 262/262/262 263/263/263
f 225/225/225 263/263/263 226/226/226
f 226/226/226 263/263/263 264/264/264
f 226/226/226 264/264/264 227/227/227
f 227/227/227 264/264/264 265/265/265
f 227/227/227 265/265/265 228/228/228
f 228/228/228 265/265/265 266/266/266
f 228/228/228 266/266/266 229/229/229
f 229/229/229 266/266/266 267/267/267
f 229/229/229 267/267/267 230/230/230
f 230/230/230 267/267/267 268/268/268
f 230/230/230 268/268/268 231/231/231
f 231/231/231 268/268/268 269/269/269
f 231/231/231 269/269/269 232/232/232
f 232/232/232 269/269/269 270/270/270
f 232/232/232 270/270/270 233/233/233
f 233/233/233 270/270/270 271/271/271
f 233/233/233 271/271/271 234/234/234
f 234/234/234 271/271/271 272/272/272
f 234/234/234 272/272/272 235/235/235
f 235/235/235 272/272/272 273/273/273
f 235/235/235 273/273/273 236/236/236
f 236/236/236 273/273/273 274/274/274
f 236/236/236 274/274/274 237/237/237
f 237/237/237 274/274/274 275/275/275
f 237/237/237 275/275/275 238/238/238
f 238/238/238 275/275/275 276/276/276
f 238/238/238 276/276/276 239/239/239
f 239/239/239 276/276/276 277/277/277
f 239/239/239 277/277/277 240/240/240
f 240/240/240 277/277/277 278/278/278
f 240/240/240 278/278/278 241/241/241
f 241/241/241 278/278/278 279/279/279
f 241/241/241 279/279/279 242/242/242
f 242/242/242 279/279/279 280/280/280
f 242/242/242 280/280/280 243/243/243
f 243/243/243 280/280/280 281/281/281
f 243/243/243 281/281/281 244/244/244
f 244/244/244 281/281/281 282/282/282
f 244/244/244 282/282/282 245/245/245
f 245/245/245 282/282/282 283/283/283
f 245/245/245 283/283/283 246/246/246
f 246/246/246 283/283/283 284/284/284
f 246/246/246 284/284/284 247/247/247
f 247/247/247 284/284/284 285/285/285
f 247/247/247 285/285/285 248/248/248
f 248/248/248 285/285/285 286/286/286
f 248/248/248 286/286/286 249/249/249
f 249/249/249 286/286/286 287/287/287
f 249/249/249 287/287/287 250/250/250
f 250/250/250 287/287/287 288/288/288
f 250/250/250 288/288/288 251/251/251
f 251/251/251 288/288/288 289/289/289
f 251/251/251 289/289/289 252/252/252
f 252/252/252 289/289/289 290/290/290
f 252/252/252 290/290/290 253/253/253
f 253/253/253 290/290/290 291/291/291
f 253/253/253 291/291/291 254/254/254
f 254/254/254 291/291/291 292/292/292
f 254/254/254 292/292/292 255/255/255
f 255/255/255 292/292/292 293/293/293
f 255/255/255 293/293/293 256/256/256
f 256/256/256 293/293/293 294/294/294
f 256/256/256 294/294/294 257/257/257
f 257/257/257 294/294/294 295/295/295
f 257/257/257 295/295/295 258/258/258
f 258/258/258 295/295/295 296/296/296
f 258/258/258 296/296/296 259/259/259
f 260/260/260 297/297/297 298/298/298
f 260/260/260 298/298/298 261/261/261
f 261/261/261 298/298/298 299/299/299
f 261/261/261 299/299/299 262/262/262
f 262/262/262 299/299/299 300/300/300
f 262/262/262 300/300/300 263/263/263
f 263/263/263 300/300/300 301/301/301
f 263/263/263 301/301/301 264/264/264
f 264/264/264 301/301/301 302/302/302
f 264/264/264 302/302/302 265/265/265
f 265/265/265 302/302/302 303/303/303
f 265/265/265 303/303/303 266/266/266
f 266/266/266 303/303/303 304/304/304
f 266/266/266 304/304/304 267/267/267
f 267/267/267 304/304/304 305/305/305
f 267/267/267 305/305/305 268/268/268
f 268/268/268 305/305/305 306/306/306
f 268/268/268 306/306/306 269/269/269
f 269/269/269 306/306/306 307/307/307
f 269/269/269 307/307/307 270/270/270
f 270/270/270 307/307/307 308/308/308
f 270/270/270 308/308/308 271/271/271
f 271/271/271 308/308/308 309/309/309
f 271/271/271 309/309/309 272/272/272
f 272/272/272 309/309/309 310/310/310
f 272/272/272 310/310/310 273/273/273
f 273/273/273 310/310/310 311/311/311
f 273/273/273 311/311/311 274/274/274
f 274/274/274 311/311/311 312/312/312
f 274/274/274 312/312/312 275/275/275
f 275/275/275 312/312/312 313/313/313
f 275/275/275 313/313/313 276/276/276
f 276/276/276 313/313/313 314/314/314
f 276/276/276 314/314/314 277/277/277
f 277/277/277 314/314/314 315/315/315
f 277/277/277 315/315/315 278/278/278
f 278/278/278 315/315/315 316/316/316
f 278/278/278 316/316/316 279/279/279
f 279/279/279 316/316/316 317/317/317
f 279/279/279 317/317/317 280/280/280
f 280/280/280 317/317/317 318/318/318
f 280/280/280 318/318/318 281/281/281
f 281/281/281 318/318/318 319/319/319
f 281/281/281 319/319/319 282/282/282
f 282/282/282 319/319/319 320/320/320
f 282/282/282 320/320/320 283/283/283
f 283/283/283 320/320/320 321/321/321
f 283/283/283 321/321/321 284/284/284
f 284/284/284 321/321/321 322/322/322
f 284/284/284 322/322/322 285/285/285
f 285/285/285 322/322/322 323/323/323
f 285/285/285 323/323/323 286/286/286
f 286/286/286 323/323/323 324/324/324
f 286/286/286 324/324/324 287/287/287
f 287/287/287 324/324/324 325/325/325
f 287/287/287 325/325/325 288/288/288
f 288/288/288 325/325/325 326/326/326
f 288/288/288 326/326/326 289/289/289
f 289/289/289 326/326/326 327/327/327
f 289/289/289 327/327/327 290/290/290
f 290/290/290 327/327/327 328/328/328
f 290/290/290 328/328/328 291/291/291
f 291/291/291 328/328/328 329/329/329
f 291/291/291 329/329/329 292/292/292
f 292/292/292 329/329/329 330/330/330
f 292/292/292 330/330/330 293/293/293
f 293/293/293 330/330/330 331/331/331
f 293/293/293 331/331/331 294/294/294
f 294/294/294 331/331/331 332/332/332
f 294/294/294 332/332/332 295/295/295
f 295/295/295 332/332/332 333/333/333
f 295/295/295 333/333/333 296/296/296
f 297/297/297 334/334/334 335/335/335
f 297/297/297 335/335/335 298/298/298
f 298/298/298 335/335/335 336/336/336
f 298/298/298 336/336/336 299/299/299
f 299/299/299 336/336/336 337/337/337
f 299/299/299 337/337/337 300/300/300
f 300/300/300 337/337/337 338/338/338
f 300/300/300 338/338/338 301/301/301
f 301/301/301 338/338/338 339/339/339
f 301/301/301 339/339/339 302/302/302
f 302/302/302 339/339/339 340/340/340
f 302/302/302 340/340/340 303/303/303
f 303/303/303 340/340/340 341/341/341
f 303/303/303 341/341/341 304/304/304
f 304/304/304 341/341/341 342/342/342
f 304/304/304 342/342/342 305/305/305
f 305/305/305 342/342/342 343/343/343
f 305/305/305 343/343/343 306/306/306
f 306/306/306 343/343/343 344/344/344
f 306/306/306 344/344/344 307/307/307
f 307/307/307 344/344/344 345/345/345
f 307/307/307 345/345/345 308/308/308
f 308/308/308 345/345/345 346/346/346
f 308/308/308 346/346/346 309/309/309
f 309/309/309 346/346/346 347/347/347
f 309/309/309 347/347/347 310/310/310
f 310/310/310 347/347/347 348/348/348
f 310/310/310 348/348/348 311/311/311
f 311/311/311 348/348/348 349/349/349
f 311/311/311 349/349/349 312/312/312
f 312/312/312 349/349/349 350/350/350
f 312/312/312 350/350/350 313/313/313
f 313/313/313 350/350/350 351/351/351
f 313/313/313 351/351/351 314/314/314
f 314/314/314 351/351/351 352/352/352
f 314/314/314 352/352/352 315/315/315
f 315/315/315 352/352/352 353/353/353
f 315/315/315 353/353/353 316/316/316
f 316/316/316 353/353/353 354/354/354
f 316/316/316 354/354/354 317/317/317
f 317/317/317 354/354/354 355/355/355
f 317/317/317 355/355/355 318/318/318
f 318/318/318 355/355/355 356/356/356
f 318/318/318 356/356/356 319/319/319
f 319/319/319 356/356/356 357/357/357
f 319/319/319 357/357/357 320/320/320
f 320/320/320 357/357/357 358/358/358
f 320/320/320 358/358/358 321/321/321
f 321/321/321 358/358/358 359/359/359
f 321/321/321 359/359/359 322/322/322
f 322/322/322 359/359/359 360/360/360
f 322/322/322 360/360/360 323/323/323
f 323/323/323 360/360/360 361/361/361
f 323/323/323 361/361/361 324/324/324
f 324/324/324 361/361/361 362/362/362
f 324/324/324 362/362/362 325/325/325
f 325/325/325 362/362/362 363/363/363
f 325/325/325 363/363/363 326/326/326
f 326/326/326 363/363/363 364/364/364
f 326/326/326 364/364/364 327/327/327
f 327/327/327 364/364/364 365/365/365
f 327/327/327 365/365/365 328/328/328
f 328/328/328 365/365/365 366/366/366
f 328/328/328 366/366/366 329/329/329
f 329/329/329 366/366/366 367/367/367
f 329/329/329 367/367/367 330/330/330
f 330/330/330 367/367/367 368/368/368
f 330/330/330 368/368/368 331/331/331
f 331/331/331 368/368/368 369/369/369
f 331/331/331 369/369/369 332/332/332
f 332/332/332 369/369/369 370/370/370
f 332/332/332 370/370/370 333/333/333
f 334/334/334 371/371/371 372/372/372
f 334/334/334 372/372/372 335/335/335
f 335/335/335 372/372/372 373/373/373
f 335/335/335 373/373/373 336/336/336
f 336/336/336 373/373/373 374/374/374
f 336/336/336 374/374/374 337/337/337
f 337/337/337 374/374/374 375/375/375
f 337/337/337 375/375/375 338/338/338
f 338/338/338 375/375/375 376/376/376
f 338/338/338 376/376/376 339/339/339
f 339/339/339 376/376/376 377/377/377
f 339/339/339 377/377/377 340/340/340
f 340/340/340 377/377/377 378/378/378
f 340/340/340 378/378/378 341/341/341
f 341/341/341 378/378/378 379/379/379
f 341/341/341 379/379/379 342/342/342
f 342/342/342 379/379/379 380/380/380
f 342/342/342 380/380/380 343/343/343
f 343/343/343 380/380/380 381/381/381
f 343/343/343 381/381/381 344/344/344
f 344/344/344 381/381/381 382/382/382
f 344/344/344 382/382/382 345/345/345
f 345/345/345 382/382/382 383/383/383
f 345/345/345 383/383/383 346/346/346
f 346/346/346 383/383/383 384/384/384
f 346/346/346 384/384/384 347/347/347
f 347/347/347 384/384/384 385/385/385
f 347/347/347 385/385/385 348/348/348
f 348/348/348 385/385/385 386/386/386
f 348/348/348 386/386/386 349/349/349
f 349/349/349 386/386/386 387/387/387
f 349/349/349 387/387/387 350/350/350
f 350/350/350 387/387/387 388/388/388
f 350/350/350 388/388/388 351/351/351
f 351/351/351 388/388/388 389/389/389
f 351/351/351 389/389/389 352/352/352
f 352/352/352 389/389/389 390/390/390
f 352/352/352 390/390/390 353/353/353
f 353/353/353 390/390/390 391/391/391
f 353/353/353 391/391/391 354/354/354
f 354/354/354 391/391/391 392/392/392
f 354/354/354 392/392/392 355/355/355
f 355/355/355 392/392/392 393/393/393
f 355/355/355 393/393/393 356/356/356
f 356/356/356 393/393/393 394/394/394
f 356/356/356 394/394/394 357/357/357
f 357/357/357 394/394/394 395/395/395
f 357/357/357 395/395/395 358/358/358
f 358/358/358 395/395/395 396/396/396
f 358/358/358 396/396/396 359/359/359
f 359/359/359 396/396/396 397/397/397
f 359/359/359 397/397/397 360/360/360
f 360/360/360 397/397/397 398/398/398
f 360/360/360 398/398/398 361/361/361
f 361/361/361 398/398/398 399/399/399
f 361/361/361 399/399/399 362/362/362
f 362/362/362 399/399/399 400/400/400
f 362/362/362 400/400/400 363/363/363
f 363/363/363 400/400/400 401/401/401
f 363/363/363 401/401/401 364/364/364
f 364/364/364 401/401/401 402/402/402
f 364/364/364 402/402/402 365/365/365
f 365/365/365 402/402/402 403/403/403
f 365/365/365 403/403/403 366/366/366
f 366/366/366 403/403/403 404/404/404
f 366/366/366 404/404/404 367/367/367
f 367/367/367 404/404/404 405/405/405
f 367/367/367 405/405/405 368/368/368
f 368/368/368 405/405/405 406/406/406
f 368/368/368 406/406/406 369/369/369
f 369/369/369 406/406/406 407/407/407
f 369/369/369 407/407/407 370/370/370
f 371/371/371 408/408/408 409/409/409
f 371/371/371 409/409/409 372/372/372
f 372/372/372 409/409/409 410/410/410
f 372/372/372 410/410/410 373/373/373
f 373/373/373 410/410/410 411/411/411
f 373/373/373 411/411/411 374/374/374
f 374/374/374 411/411/411 412/412/412
f 374/374/374 412/412/412 375/375/375
f 375/375/375 412/412/412 413/413/413
f 375/375/375 413/413/413 376/376/376
f 376/376/376 413/413/413 414/414/414
f 376/376/376 414/414/414 377/377/377
f 377/377/377 414/414/414 415/415/415
f 377/377/377 415/415/415 378/378/378
f 378/378/378 415/415/415 416/416/416
f 378/378/378 416/416/416 379/379/379
f 379/379/379 416/416/416 417/417/417
f 379/379/379 417/417/417 380/380/380
f 380/380/380 417/417/417 418/418/418
f 380/380/380 418/418/418 381/381/381
f 381/381/381 418/418/418 419/419/419
f 381/381/381 419/419/419 382/382/382
f 382/382/382 419/419/419 420/420/420
f 382/382/382 420/420/420 383/383/383
f 383/383/383 420/420/420 421/421/421
f 383/383/383 421/421/421 384/384/384
f 384/384/384 421/421/421 422/422/422
f 384/384/384 422/422/422 385/385/385
f 385/385/385 422/422/422 423/423/423
f 385/385/385 423/423/423 386/386/386
f 386/386/386 423/423/423 424/424/424
f 386/386/386 424/424/424 387/387/387
f 387/387/387 424/424/424 425/425/425
f 387/387/387 425/425/425 388/388/388
f 388/388/388 425/425/425 426/426/426
f 388/388/388 426/426/426 389/389/389
f 389/389/389 426/426/426 427/427/427
f 389/389/389 427/427/427 390/390/390
f 390/390/390 427/427/427 428/428/428
f 390/390/390 428/428/428 391/391/391
f 391/391/391 428/428/428 429/429/429
f 391/391/391 429/429/429 392/392/392
f 392/392/392 429/429/429 430/430/430
f 392/392/392 430/430/430 393/393/393
f 393/393/393 430/430/430 431/431/431
f 393/393/393 431/431/431 394/394/394
f 394/394/394 431/431/431 432/432/432
f 394/394/394 432/432/432 395/395/395
f 395/395/395 432/432/432 433/433/433
f 395/395/395 433/433/433 396/396/396
f 396/396/396 433/433/433 434/434/434
f 396/396/396 434/434/434 397/397/397
f 397/397/397 434/434/434 435/435/435
f 397/397/397 435/435/435 398/398/398
f 398/398/398 435/435/435 436/436/436
f 398/398/398 436/436/436 399/399/399
f 399/399/399 436/436/436 437/437/437
f 399/399/399 437/437/437 400/400/400
f 400/400/400 437/437/437 438/438/438
f 400/400/400 438/438/438 401/401/401
f 401/401/401 438/438/438 439/439/439
f 401/401/401 439/439/439 402/402/402
f 402/402/402 439/439/439 440/440/440
f 402/402/402 440/440/440 403/403/403
f 403/403/403 440/440/440 441/441/441
f 403/403/403 441/441/441 404/404/404
f 404/404/404 441/441/441 442/442/442
f 404/404/404 442/442/442 405/405/405
f 405/405/405 442/442/442 443/443/443
f 405/405/405 443/443/443 406/406/406
f 406/406/406 443/443/443 444/444/444
f 406/406/406 444/444/444 407/407/407
f 408/408/408 445/445/445 446/446/446
f 408/408/408 446/446/446 409/409/409
f 409/409/409 446/446/446 447/447/447
f 409/409/409 447/447/447 410/410/410
f 410/410/410 447/447/447 448/448/448
f 410/410/410 448/448/448 411/411/411
f 411/411/411 448/448/448 449/449/449
f 411/411/411 449/449/449 412/412/412
f 412/412/412 449/449/449 450/450/450
f 412/412/412 450/450/450 413/413/413
f 413/413/413 450/450/450 451/451/451
f 413/413/413 451/451/451 414/414/414
f 414/414/414 451/451/451 452/452/452
f 414/414/414 452/452/452 415/415/415
f 415/415/415 452/452/452 453/453/453
f 415/415/415 453/453/453 416/416/416
f 416/416/416 453/453/453 454/454/454
f 416/416/416 454/454/454 417/417/417
f 417/417/417 454/454/454 455/455/455
f 417/417/417 455/455/455 418/418/418
f 418/418/418 455/455/455 456/456/456
f 418/418/418 456/456/456 419/419/419
f 419/419/419 456/456/456 457/457/457
f 419/419/419 457/457/457 420/420/420
f 420/420/420 457/457/457 458/458/458
f 420/420/420 458/458/458 421/421/421
f 421/421/421 458/458/458 459/459/459
f 421/421/421 459/459/459 422/422/422
f 422/422/422 459/459/459 460/460/460
f 422/422/422 460/460/460 423/423/423
f 423/423/423 460/460/460 461/461/461
f 423/423/423 461/461/461 424/424/424
f 424/424/424 461/461/461 462/462/462
f 424/424/424 462/462/462 425/425/425
f 425/425/425 462/462/462 463/463/463
f 425/425/425 463/463/463 426/426/426
f 426/426/426 463/463/463 464/464/464
f 426/426/426 464/464/464 427/427/427
f 427/427/427 464/464/464 465/465/465
f 427/427/427 465/465/465 428/428/428
f 428/428/428 465/465/465 466/466/466
f 428/428/428 466/466/466 429/429/429
f 429/429/429 466/466/466 467/467/467
f 429/429/429 467/467/467 430/430/430
f 430/430/430 467/467/467 468/468/468
f 430/430/430 468/468/468 431/431/431
f 431/431/431 468/468/468 469/469/469
f 431/431/431 469/469/469 432/432/432
f 432/432/432 469/469/469 470/470/470
f 432/432/432 470/470/470 433/433/433
f 433/433/433 470/470/470 471/471/471
f 433/433/433 471/471/471 434/434/434
f 434/434/434 471/471/471 472/472/472
f 434/434/434 472/472/472 435/435/435
f 435/435/435 472/472/472 473/473/473
f 435/435/435 473/473/473 436/436/436
f 436/436/436 473/473/473 474/474/474
f 436/436/436 474/474/474 437/437/437
f 437/437/437 474/474/474 475/475/475
f 437/437/437 475/475/475 438/438/438
f 438/438/438 475/475/475 476/476/476
f 438/438/438 476/476/476 439/439/439
f 439/439/439 476/476/476 477/477/477
f 439/439/439 477/477/477 440/440/440
f 440/440/440 477/477/477 478/478/478
f 440/440/440 478/478/478 441/441/441
f 441/441/441 478/478/478 479/479/479
f 441/441/441 479/479/479 442/442/442
f 442/442/442 479/479/479 480/480/480
f 442/442/442 480/480/480 443/443/443
f 443/443/443 480/480/480 481/481/481
f 443/443/443 481/481/481 444/444/444
f 445/445/445 482/482/482 483/483/483
f 445/445/445 483/483/483 446/446/446
f 446/446/446 483/483/483 484/484/484
f 446/446/446 484/484/484 447/447/447
f 447/447/447 484/484/484 485/485/485
f 447/447/447 485/485/485 448/448/448
f 448/448/448 485/485/485 486/486/486
f 448/448/448 486/486/486 449/449/449
f 449/449/449 486/486/486 487/487/487
f 449/449/449 487/487/487 450/450/450
f 450/450/450 487/487/487 488/488/488
f 450/450/450 488/488/488 451/451/451
f 451/451/451 488/488/488 489/489/489
f 451/451/451 489/489/489 452/452/452
f 452/452/452 489/489/489 490/490/490
f 452/452/452 490/490/490 453/453/453
f 453/453/453 490/490/490 491/491/491
f 453/453/453 491/491/491 454/454/454
f 454/454/454 491/491/491 492/492/492
f 454/454/454 492/492/492 455/455/455
f 455/455/455 492/492/492 493/493/493
f 455/455/455 493/493/493 456/456/456
f 456/456/456 493/493/493 494/494/494
f 456/456/456 494/494/494 457/457/457
f 457/457/457 494/494/494 495/495/495
f 457/457/457 495/495/495 458/458/458
f 458/458/458 495/495/495 496/496/496
f 458/458/458 496/496/496 459/459/459
f 459/459/459 496/496/496 497/497/497
f 459/459/459 497/497/497 460/460/460
f 460/460/460 497/497/497 498/498/498
f 460/460/460 498/498/498 461/461/461
f 461/461/461 498/498/498 499/499/499
f 461/461/461 499/499/499 462/462/462
f 462/462/462 499/499/499 500/500/500
f 462/462/462 500/500/500 463/463/463
f 463/463/463 500/500/500 501/501/501
f 463/463/463 501/501/501 464/464/464
f 464/464/464 501/501/501 502/502/502
f 464/464/464 502/502/502 465/465/465
f 465/465/465 502/502/502 503/503/503
f 465/465/465 503/503/503 466/466/466
f 466/466/466 503/503/503 504/504/504
f 466/466/466 504/504/504 467/467/467
f 467/467/467 504/504/504 505/505/505
f 467/467/467 505/505/505 468/468/468
f 468/468/468 505/505/505 506/506/506
f 468/468/468 506/506/506 469/469/469
f 469/469/469 506/506/506 507/507/507
f 469/469/469 507/507/507 470/470/470
f 470/470/470 507/507/507 508/508/508
f 470/470/470 508/508/508 471/471/471
f 471/471/471 508/508/508 509/509/509
f 471/471/471 509/509/509 472/472/472
f 472/472/472 509/509/509 510/510/510
f 472/472/472 510/510/510 473/473/473
f 473/473/473 510/510/510 511/511/511
f 473/473/473 511/511/511 474/474/474
f 474/474/474 511/511/511 512/512/512
f 474/474/474 512/512/512 475/475/475
f 475/475/475 512/512/512 513/513/513
f 475/475/475 513/513/513 476/476/476
f 476/476/476 513/513/513 514/514/514
f 476/476/476 514/514/514 477/477/477
f 477/477/477 514/514/514 515/515/515
f 477/477/477 515/515/515 478/478/478
f 478/478/478 515/515/515 516/516/516
f 478/478/478 516/516/516 479/479/479
f 479/479/479 516/516/516 517/517/517
f 479/479/479 517/517/517 480/480/480
f 480/480/480 517/517/517 518/518/518
f 480/480/480 518/518/518 481/481/481
f 482/482/482 519/519/519 520/520/520
f 482/482/482 520/520/520 483/483/483
f 483/483/483 520/520/520 521/521/521
f 483/483/483 521/521/521 484/484/484
f 484/484/484 521/521/521 522/522/522
f 484/484/484 522/522/522 485/485/485
f 485/485/485 522/522/522 523/523/523
f 485/485/485 523/523/523 486/486/486
f 486/486/486 523/523/523 524/524/524
f 486/486/486 524/524/524 487/487/487
f 487/487/487 524/524/524 525/525/525
f 487/487/487 525/525/525 488/488/488
f 488/488/488 525/525/525 526/526/526
f 488/488/488 526/526/526 489/489/489
f 489/489/489 526/526/526 527/527/527
f 489/489/489 527/527/527 490/490/490
f 490/490/490 527/527/527 528/528/528
f 490/490/490 528/528/528 491/491/491
f 491/491/491 528/528/528 529/529/529
f 491/491/491 529/529/529 492/492/492
f 492/492/492 529/529/529 530/530/530
f 492/492/492 530/530/530 493/493/493
f 493/493/493 530/530/530 531/531/531
f 493/493/493 531/531/531 494/494/494
f 494/494/494 531/531/531 532/532/532
f 494/494/494 532/532/532 495/495/495
f 495/495/495 532/532/532 533/533/533
f 495/495/495 533/533/533 496/496/496
f 496/496/496 533/533/533 534/534/534
f 496/496/496 534/534/534 497/497/497
f 497/497/497 534/534/534 535/535/535
f 497/497/497 535/535/535 498/498/498
f 498/498/498 535/535/535 536/536/536
f 498/498/498 536/536/536 499/499/499
f 499/499/499 536/536/536 537/537/537
f 499/499/499 537/537/537 500/500/500
f 500/500/500 537/537/537 538/538/538
f 500/500/500 538/538/538 501/501/501
f 501/501/501 538/538/538 539/539/539
f 501/501/501 539/539/539 502/502/502
f 502/502/502 539/539/539 540/540/540
f 502/502/502 540/540/540 503/503/503
f 503/503/503 540/540/540 541/541/541
f 503/503/503 541/541/541 504/504/504
f 504/504/504 541/541/541 542/542/542
f 504/504/504 542/542/542 505/505/505
f 505/505/505 542/542/542 543/543/543
f 505/505/505 543/543/543 506/506/506
f 506/506/506 543/543/543 544/544/544
f 506/506/506 544/544/544 507/507/507
f 507/507/507 544/544/544 545/545/545
f 507/507/507 545/545/545 508/508/508
f 508/508/508 545/545/545 546/546/546
f 508/508/508 546/546/546 509/509/509
f 509/509/509 546/546/546 547/547/547
f 509/509/509 547/547/547 510/510/510
f 510/510/510 547/547/547 548/548/548
f 510/510/510 548/548/548 511/511/511
f 511/511/511 548/548/548 549/549/549
f 511/511/511 549/549/549 512/512/512
f 512/512/512 549/549/549 550/550/550
f 512/512/512 550/550/550 513/513/513
f 513/513/513 550/550/550 551/551/551
f 513/513/513 551/551/551 514/514/514
f 514/514/514 551/551/551 552/552/552
f 514/514/514 552/552/552 515/515/515
f 515/515/515 552/552/552 553/553/553
f 515/515/515 553/553/553 516/516/516
f 516/516/516 553/553/553 554/554/554
f 516/516/516 554/554/554 517/517/517
f 517/517/517 554/554/554 555/555/555
f 517/517/517 555/555/555 518/518/518
f 519/519/519 556/556/556 557/557/557
f 519/519/519 557/557/557 520/520/520
f 520/520/520 557/557/557 558/558/558
f 520/520/520 558/558/558 521/521/521
f 521/521/521 558/558/558 559/559/559
f 521/521/521 559/559/559 522/522/522
f 522/522/522 559/559/559 560/560/560
f 522/522/522 560/560/560 523/523/523
f 523/523/523 560/560/560 561/561/561
f 523/523/523 561/561/561 524/524/524
f 524/524/524 561/561/561 562/562/562
f 524/524/524 562/562/562 525/525/525
f 525/525/525 562/562/562 563/563/563
f 525/525/525 563/563/563 526/526/526
f 526/526/526 563/563/563 564/564/564
f 526/526/526 564/564/564 527/527/527
f 527/527/527 564/564/564 565/565/565
f 527/527/527 565/565/565 528/528/528
f 528/528/528 565/565/565 566/566/566
f 528/528/528 566/566/566 529/529/529
f 529/529/529 566/566/566 567/567/567
f 529/529/529 567/567/567 530/530/530
f 530/530/530 567/567/567 568/568/568
f 530/530/530 568/568/568 531/531/531
f 531/531/531 568/568/568 569/569/569
f 531/531/531 569/569/569 532/532/532
f 532/532/532 569/569/569 570/570/570
f 532/532/532 570/570/570 533/533/533
f 533/533/533 570/570/570 571/571/571
f 533/533/533 571/571/571 534/534/534
f 534/534/534 571/571/571 572/572/572
f 534/534/534 572/572/572 535/535/535
f 535/535/535 572/572/572 573/573/573
f 535/535/535 573/573/573 536/536/536
f 536/536/536 573/573/573 574/574/574
f 536/536/536 574/574/574 537/537/537
f 537/537/537 574/574/574 575/575/575
f 537/537/537 575/575/575 538/538/538
f 538/538/538 575/575/575 576/576/576
f 538/538/538 576/576/576 539/539/539
f 539/539/539 576/576/576 577/577/577
f 539/539/539 577/577/577 540/540/540
f 540/540/540 577/577/577 578/578/578
f 540/540/540 578/578/578 541/541/541
f 541/541/541 578/578/578 579/579/579
f 541/541/541 579/579/579 542/542/542
f 542/542/542 579/579/579 580/580/580
f 542/542/542 580/580/580 543/543/543
f 543/543/543 580/580/580 581/581/581
f 543/543/543 581/581/581 544/544/544
f 544/544/544 581/581/581 582/582/582
f 544/544/544 582/582/582 545/545/545
f 545/545/545 582/582/582 583/583/583
f 545/545/545 583/583/583 546/546/546
f 546/546/546 583/583/583 584/584/584
f 546/546/546 584/584/584 547/547/547
f 547/547/547 584/584/584 585/585/585
f 547/547/547 585/585/585 548/548/548
f 548/548/548 585/585/585 586/586/586
f 548/548/548 586/586/586 549/549/549
f 549/549/549 586/586/586 587/587/587
f 549/549/549 587/587/587 550/550/550
f 550/550/550 587/587/587 588/588/588
f 550/550/550 588/588/588 551/551/551
f 551/551/551 588/588/588 589/589/589
f 551/551/551 589/589/589 552/552/552
f 552/552/552 589/589/589 590/590/590
f 552/552/552 590/590/590 553/553/553
f 553/553/553 590/590/590 591/591/591
f 553/553/553 591/591/591 554/554/554
f 554/554/554 591/591/591 592/592/592
f 554/554/554 592/592/592 555/555/555
f 556/556/556 593/593/593 594/594/594
f 556/556/556 594/594/594 557/557/557
f 557/557/557 594/594/594 595/595/595
f 557/557/557 595/595/595 558/558/558
f 558/558/558 595/595/595 596/596/596
f 558/558/558 596/596/596 559/559/559
f 559/559/559 596/596/596 597/597/597
f 559/559/559 597/597/597 560/560/560
f 560/560/560 597/597/597 598/598/598
f 560/560/560 598/598/598 561/561/561
f 561/561/561 598/598/598 599/599/599
f 561/561/561 599/599/599 562/562/562
f 562/562/562 599/599/599 600/600/600
f 562/562/562 600/600/600 563/563/563
f 563/563/563 600/600/600 601/601/601
f 563/563/563 601/601/601 564/564/564
f 564/564/564 601/601/601 602/602/602
f 564/564/564 602/602/602 565/565/565
f 565/565/565 602/602/602 603/603/603
f 565/565/565 603/603/603 566/566/566
f 566/566/566 603/603/603 604/604/604
f 566/566/566 604/604/604 567/567/567
f 567/567/567 604/604/604 605/605/605
f 567/567/567 605/605/605 568/568/568
f 568/568/568 605/605/605 606/606/606
f 568/568/568 606/606/606 569/569/569
f 569/569/569 606/606/606 607/607/607
f 569/569/569 607/607/607 570/570/570
f 570/570/570 607/607/607 608/608/608
f 570/570/570 608/608/608 571/571/571
f 571/571/571 608/608/608 609/609/609
f 571/571/571 609/609/609 572/572/572
f 572/572/572 609/609/609 610/610/610
f 572/572/572 610/610/610 573/573/573
f 573/573/573 610/610/610 611/611/611
f 573/573/573 611/611/611 574/574/574
f 574/574/574 611/611/611 612/612/612
f 574/574/574 612/612/612 575/575/575
f 575/575/575 612/612/612 613/613/613
f 575/575/575 613/613/613 576/576/576
f 576/576/576 613/613/613 614/614/614
f 576/576/576 614/614/614 577/577/577
f 577/577/577 614/614/614 615/615/615
f 577/577/577 615/615/615 578/578/578
f 578/578/578 615/615/615 616/616/616
f 578/578/578 616/616/616 579/579/579
f 579/579/579 616/616/616 617/617/617
f 579/579/579 617/617/617 580/580/580
f 580/580/580 617/617/617 618/618/618
f 580/580/580 618/618/618 581/581/581
f 581/581/581 618/618/618 619/619/619
f 581/581/581 619/619/619 582/582/582
f 582/582/582 619/619/619 620/620/620
f 582/582/582 620/620/620 583/583/583
f 583/583/583 620/620/620 621/621/621
f 583/583/583 621/621/621 584/584/584
f 584/584/584 621/621/621 622/622/622
f 584/584/584 622/622/622 585/585/585
f 585/585/585 622/622/622 623/623/623
f 585/585/585 623/623/623 586/586/586
f 586/586/586 623/623/623 624/624/624
f 586/586/586 624/624/624 587/587/587
f 587/587/587 624/624/624 625/625/625
f 587/587/587 625/625/625 588/588/588
f 588/588/588 625/625/625 626/626/626
f 588/588/588 626/626/626 589/589/589
f 589/589/589 626/626/626 627/627/627
f 589/589/589 627/627/627 590/590/590
f 590/590/590 627/627/627 628/628/628
f 590/590/590 628/628/628 591/591/591
f 591/591/591 628/628/628 629/629/629
f 591/591/591 629/629/629 592/592/592
f 593/593/593 630/630/630 631/631/631
f 593/593/593 631/631/631 594/594/594
f 594/594/594 631/631/631 632/632/632
f 594/594/594 632/632/632 595/595/595
f 595/595/595 632/632/632 633/633/633
f 595/595/595 633/633/633 596/596/596
f 596/596/596 633/633/633 634/634/634
f 596/596/596 634/634/634 597/597/597
f 597/597/597 634/634/634 635/635/635
f 597/597/597 635/635/635 598/598/598
f 598/598/598 635/635/635 636/636/636
f 598/598/598 636/636/636 599/599/599
f 599/599/599 636/636/636 637/637/637
f 599/599/599 637/637/637 600/600/600
f 600/600/600 637/637/637 638/638/638
f 600/600/600 638/638/638 601/601/601
f 601/601/601 638/638/638 639/639/639
f 601/601/601 639/639/639 602/602/602
f 602/602/602 639/639/639 640/640/640
f 602/602/602 640/640/640 603/603/603
f 603/603/603 640/640/640 641/641/641
f 603/603/603 641/641/641 604/604/604
f 604/604/604 641/641/641 642/642/642
f 604/604/604 642/642/642 605/605/605
f 605/605/605 642/642/642 643/643/643
f 605/605/605 643/643/643 606/606/606
f 606/606/606 643/643/643 644/644/644
f 606/606/606 644/644/644 607/607/607
f 607/607/607 644/644/644 645/645/645
f 607/607/607 645/645/645 608/608/608
f 608/608/608 645/645/645 646/646/646
f 608/608/608 646/646/646 609/609/609
f 609/609/609 646/646/646 647/647/647
f 609/609/609 647/647/647 610/610/610
f 610/610/610 647/647/647 648/648/648
f 610/610/610 648/648/648 611/611/611
f 611/611/611 648/648/648 649/649/649
f 611/611/611 649/649/649 612/612/612
f 612/612/612 649/649/649 650/650/650
f 612/612/612 650/650/650 613/613/613
f 613/613/613 650/650/650 651/651/651
f 613/613/613 651/651/651 614/614/614
f 614/614/614 651/651/651 652/652/652
f 614/614/614 652/652/652 615/615/615
f 615/615/615 652/652/652 653/653/653
f 615/615/615 653/653/653 616/616/616
f 616/616/616 653/653/653 654/654/654
f 616/616/616 654/654/654 617/617/617
f 617/617/617 654/654/654 655/655/655
f 617/617/617 655/655/655 618/618/618
f 618/618/618 655/655/655 656/656/656
f 618/618/618 656/656/656 619/619/619
f 619/619/619 656/656/656 657/657/657
f 619/619/619 657/657/657 620/620/620
f 620/620/620 657/657/657 658/658/658
f 620/620/620 658/658/658 621/621/621
f 621/621/621 658/658/658 659/659/659
f 621/621/621 659/659/659 622/622/622
f 622/622/622 659/659/659 660/660/660
f 622/622/622 660/660/660 623/623/623
f 623/623/623 660/660/660 661/661/661
f 623/623/623 661/661/661 624/624/624
f 624/624/624 661/661/661 662/662/662
f 624/624/624 662/662/662 625/625/625
f 625/625/625 662/662/662 663/663/663
f 625/625/625 663/663/663 626/626/626
f 626/626/626 663/663/663 664/664/664
f 626/626/626 664/664/664 627/627/627
f 627/627/627 664/664/664 665/665/665
f 627/627/627 665/665/665 628/628/628
f 628/628/628 665/665/665 666/666/666
f 628/628/628 666/666/666 629/629/629
f 630/630/630 667/667/667 668/668/668
f 630/630/630 668/668/668 631/631/631
f 631/631/631 668/668/668 669/669/669
f 631/631/631 669/669/669 632/632/632
f 632/632/632 669/669/669 670/670/670
f 632/632/632 670/670/670 633/633/633
f 633/633/633 670/670/670 671/671/671
f 633/633/633 671/671/671 634/634/634
f 634/634/634 671/671/671 672/672/672
f 634/634/634 672/672/672 635/635/635
f 635/635/635 672/672/672 673/673/673
f 635/635/635 673/673/673 636/636/636
f 636/636/636 673/673/673 674/674/674
f 636/636/636 674/674/674 637/637/637
f 637/637/637 674/674/674 675/675/675
f 637/637/637 675/675/675 638/638/638
f 638/638/638 675/675/675 676/676/676
f 638/638/638 676/676/676 639/639/639
f 639/639/639 676/676/676 677/677/677
f 639/639/639 677/677/677 640/640/640
f 640/640/640 677/677/677 678/678/678
f 640/640/640 678/678/678 641/641/641
f 641/641/641 678/678/678 679/679/679
f 641/641/641 679/679/679 642/642/642
f 642/642/642 679/679/679 680/680/680
f 642/642/642 680/680/680 643/643/643
f 643/643/643 680/680/680 681/681/681
f 643/643/643 681/681/681 644/644/644
f 644/644/644 681/681/681 682/682/682
f 644/644/644 682/682/682 645/645/645
f 645/645/645 682/682/682 683/683/683
f 645/645/645 683/683/683 646/646/646
f 646/646/646 683/683/683 684/684/684
f 646/646/646 684/684/684 647/647/647
f 647/647/647 684/684/684 685/685/685
f 647/647/647 685/685/685 648/648/648
f 648/648/648 685/685/685 686/686/686
f 648/648/648 686/686/686 649/649/649
f 649/649/649 686/686/686 687/687/687
f 649/649/649 687/687/687 650/650/650
f 650/650/650 687/687/687 688/688/688
f 650/650/650 688/688/688 651/651/651
f 651/651/651 688/688/688 689/689/689
f 651/651/651 689/689/689 652/652/652
f 652/652/652 689/689/689 690/690/690
f 652/652/652 690/690/690 653/653/653
f 653/653/653 690/690/690 691/691/691
f 653/653/653 691/691/691 654/654/654
f 654/654/654 691/691/691 692/692/692
f 654/654/654 692/692/692 655/655/655
f 655/655/655 692/692/692 693/693/693
f 655/655/655 693/693/693 656/656/656
f 656/656/656 693/693/693 694/694/694
f 656/656/656 694/694/694 657/657/657
f 657/657/657 694/694/694 695/695/695
f 657/657/657 695/695/695 658/658/658
f 658/658/658 695/695/695 696/696/696
f 658/658/658 696/696/696 659/659/659
f 659/659/659 696/696/696 697/697/697
f 659/659/659 697/697/697 660/660/660
f 660/660/660 697/697/697 698/698/698
f 660/660/660 698/698/698 661/661/661
f 661/661/661 698/698/698 699/699/699
f 661/661/661 699/699/699 662/662/662
f 662/662/662 699/699/699 700/700/700
f 662/662/662 700/700/700 663/663/663
f 663/663/663 700/700/700 701/701/701
f 663/663/663 701/701/701 664/664/664
f 664/664/664 701/701/701 702/702/702
f 664/664/664 702/702/702 665/665/665
f 665/665/665 702/702/702 703/703/703
f 665/665/665 703/703/703 666/666/666
f 667/667/667 704/704/704 705/705/705
f 667/667/667 705/705/705 668/668/668
f 668/668/668 705/705/705 706/706/706
f 668/668/668 706/706/706 669/669/669
f 669/669/669 706/706/706 707/707/707
f 669/669/669 707/707/707 670/670/670
f 670/670/670 707/707/707 708/708/708
f 670/670/670 708/708/708 671/671/671
f 671/671/671 708/708/708 709/709/709
f 671/671/671 709/709/709 672/672/672
f 672/672/672 709/709/709 710/710/710
f 672/672/672 710/710/710 673/673/673
f 673/673/673 710/710/710 711/711/711
f 673/673/673 711/711/711 674/674/674
f 674/674/674 711/711/711 712/712/712
f 674/674/674 712/712/712 675/675/675
f 675/675/675 712/712/712 713/713/713
f 675/675/675 713/713/713 676/676/676
f 676/676/676 713/713/713 714/714/714
f 676/676/676 714/714/714 677/677/677
f 677/677/677 714/714/714 715/715/715
f 677/677/677 715/715/715 678/678/678
f 678/678/678 715/715/715 716/716/716
f 678/678/678 716/716/716 679/679/679
f 679/679/679 716/716/716 717/717/717
f 679/679/679 717/717/717 680/680/680
f 680/680/680 717/717/717 718/718/718
f 680/680/680 718/718/718 681/681/681
f 681/681/681 718/718/718 719/719/719
f 681/681/681 719/719/719 682/682/682
f 682/682/682 719/719/719 720/720/720
f 682/682/682 720/720/720 683/683/683
f 683/683/683 720/720/720 721/721/721
f 683/683/683 721/721/721 684/684/684
f 684/684/684 721/721/721 722/722/722
f 684/684/684 722/722/722 685/685/685
f 685/685/685 722/722/722 723/723/723
f 685/685/685 723/723/723 686/686/686
f 686/686/686 723/723/723 724/724/724
f 686/686/686 724/724/724 687/687/687
f 687/687/687 724/724/724 725/725/725
f 687/687/687 725/725/725 688/688/688
f 688/688/688 725/725/725 726/726/726
f 688/688/688 726/726/726 689/689/689
f 689/689/689 726/726/726 727/727/727
f 689/689/689 727/727/727 690/690/690
f 690/690/690 727/727/727 728/728/728
f 690/690/690 728/728/728 691/691/691
f 691/691/691 728/728/728 729/729/729
f 691/691/691 729/729/729 692/692/692
f 692/692/692 729/729/729 730/730/730
f 692/692/692 730/730/730 693/693/693
f 693/693/693 730/730/730 731/731/731
f 693/693/693 731/731/731 694/694/694
f 694/694/694 731/731/731 732/732/732
f 694/694/694 732/732/732 695/695/695
f 695/695/695 732/732/732 733/733/733
f 695/695/695 733/733/733 696/696/696
f 696/696/696 733/733/733 734/734/734
f 696/696/696 734/734/734 697/697/697
f 697/697/697 734/734/734 735/735/735
f 697/697/697 735/735/735 698/698/698
f 698/698/698 735/735/735 736/736/736
f 698/698/698 736/736/736 699/699/699
f 699/699/699 736/736/736 737/737/737
f 699/699/699 737/737/737 700/700/700
f 700/700/700 737/737/737 738/738/738
f 700/700/700 738/738/738 701/701/701
f 701/701/701 738/738/738 739/739/739
f 701/701/701 739/739/739 702/702/702
f 702/702/702 739/739/739 740/740/740
f 702/702/702 740/740/740 703/703/703
f 704/704/704 741/741/741 742/742/742
f 704/704/704 742/742/742 705/705/705
f 705/705/705 742/742/742 743/743/743
f 705/705/705 743/743/743 706/706/706
f 706/706/706 743/743/743 744/744/744
f 706/706/706 744/744/744 707/707/707
f 707/707/707 744/744/744 745/745/745
f 707/707/707 745/745/745 708/708/708
f 708/708/708 745/745/745 746/746/746
f 708/708/708 746/746/746 709/709/709
f 709/709/709 746/746/746 747/747/747
f 709/709/709 747/747/747 710/710/710
f 710/710/710 747/747/747 748/748/748
f 710/710/710 748/748/748 711/711/711
f 711/711/711 748/748/748 749/749/749
f 711/711/711 749/749/749 712/712/712
f 712/712/712 749/749/749 750/750/750
f 712/712/712 750/750/750 713/713/713
f 713/713/713 750/750/750 751/751/751
f 713/713/713 751/751/751 714/714/714
f 714/714/714 751/751/751 752/752/752
f 714/714/714 752/752/752 715/715/715
f 715/715/715 752/752/752 753/753/753
f 715/715/715 753/753/753 716/716/716
f 716/716/716 753/753/753 754/754/754
f 716/716/716 754/754/754 717/717/717
f 717/717/717 754/754/754 755/755/755
f 717/717/717 755/755/755 718/718/718
f 718/718/718 755/755/755 756/756/756
f 718/718/718 756/756/756 719/719/719
f 719/719/719 756/756/756 757/757/757
f 719/719/719 757/757/757 720/720/720
f 720/720/720 757/757/757 758/758/758
f 720/720/720 758/758/758 721/721/721
f 721/721/721 758/758/758 759/759/759
f 721/721/721 759/759/759 722/722/722
f 722/722/722 759/759/759 760/760/760
f 722/722/722 760/760/760 723/723/723
f 723/723/723 760/760/760 761/761/761
f 723/723/723 761/761/761 724/724/724
f 724/724/724 761/761/761 762/762/762
f 724/724/724 762/762/762 725/725/725
f 725/725/725 762/762/762 763/763/763
f 725/725/725 763/763/763 726/726/726
f 726/726/726 763/763/763 764/764/764
f 726/726/726 764/764/764 727/727/727
f 727/727/727 764/764/764 765/765/765
f 727/727/727 765/765/765 728/728/728
f 728/728/728 765/765/765 766/766/766
f 728/728/728 766/766/766 729/729/729
f 729/729/729 766/766/766 767/767/767
f 729/729/729 767/767/767 730/730/730
f 730/730/730 767/767/767 768/768/768
f 730/730/730 768/768/768 731/731/731
f 731/731/731 768/768/768 769/769/769
f 731/731/731 769/769/769 732/732/732
f 732/732/732 769/769/769 770/770/770
f 732/732/732 770/770/770 733/733/733
f 733/733/733 770/770/770 771/771/771
f 733/733/733 771/771/771 734/734/734
f 734/734/734 771/771/771 772/772/772
f 734/734/734 772/772/772 735/735/735
f 735/735/735 772/772/772 773/773/773
f 735/735/735 773/773/773 736/736/736
f 736/736/736 773/773/773 774/774/774
f 736/736/736 774/774/774 737/737/737
f 737/737/737 774/774/774 775/775/775
f 737/737/737 775/775/775 738/738/738
f 738/738/738 775/775/775 776/776/776
f 738/738/738 776/776/776 739/739/739
f 739/739/739 776/776/776 777/777/777
f 739/739/739 777/777/777 740/740/740
f 741/741/741 778/778/778 779/779/779
f 741/741/741 779/779/779 742/742/742
f 742/742/742 779/779/779 780/780/780
f 742/742/742 780/780/780 743/743/743
f 743/743/743 780/780/780 781/781/781
f 743/743/743 781/781/781 744/744/744
f 744/744/744 781/781/781 782/782/782
f 744/744/744 782/782/782 745/745/745
f 745/745/745 782/782/782 783/783/783
f 745/745/745 783/783/783 746/746/746
f 746/746/746 783/783/783 784/784/784
f 746/746/746 784/784/784 747/747/747
f 747/747/747 784/784/784 785/785/785
f 747/747/747 785/785/785 748/748/748
f 748/748/748 785/785/785 786/786/786
f 748/748/748 786/786/786 749/749/749
f 749/749/749 786/786/786 787/787/787
f 749/749/749 787/787/787 750/750/750
f 750/750/750 787/787/787 788/788/788
f 750/750/750 788/788/788 751/751/751
f 751/751/751 788/788/788 789/789/789
f 751/751/751 789/789/789 752/752/752
f 752/752/752 789/789/789 790/790/790
f 752/752/752 790/790/790 753/753/753
f 753/753/753 790/790/790 791/791/791
f 753/753/753 791/791/791 754/754/754
f 754/754/754 791/791/791 792/792/792
f 754/754/754 792/792/792 755/755/755
f 755/755/755 792/792/792 793/793/793
f 755/755/755 793/793/793 756/756/756
f 756/756/756 793/793/793 794/794/794
f 756/756/756 794/794/794 757/757/757
f 757/757/757 794/794/794 795/795/795
f 757/757/757 795/795/795 758/758/758
f 758/758/758 795/795/795 796/796/796
f 758/758/758 796/796/796 759/759/759
f 759/759/759 796/796/796 797/797/797
f 759/759/759 797/797/797 760/760/760
f 760/760/760 797/797/797 798/798/798
f 760/760/760 798/798/798 761/761/761
f 761/761/761 798/798/798 799/799/799
f 761/761/761 799/799/799 762/762/762
f 762/762/762 799/799/799 800/800/800
f 762/762/762 800/800/800 763/763/763
f 763/763/763 800/800/800 801/801/801
f 763/763/763 801/801/801 764/764/764
f 764/764/764 801/801/801 802/802/802
f 764/764/764 802/802/802 765/765/765
f 765/765/765 802/802/802 803/803/803
f 765/765/765 803/803/803 766/766/766
f 766/766/766 803/803/803 804/804/804
f 766/766/766 804/804/804 767/767/767
f 767/767/767 804/804/804 805/805/805
f 767/767/767 805/805/805 768/768/768
f 768/768/768 805/805/805 806/806/806
f 768/768/768 806/806/806 769/769/769
f 769/769/769 806/806/806 807/807/807
f 769/769/769 807/807/807 770/770/770
f 770/770/770 807/807/807 808/808/808
f 770/770/770 808/808/808 771/771/771
f 771/771/771 808/808/808 809/809/809
f 771/771/771 809/809/809 772/772/772
f 772/772/772 809/809/809 810/810/810
f 772/772/772 810/810/810 773/773/773
f 773/773/773 810/810/810 811/811/811
f 773/773/773 811/811/811 774/774/774
f 774/774/774 811/811/811 812/812/812
f 774/774/774 812/812/812 775/775/775
f 775/775/775 812/812/812 813/813/813
f 775/775/775 813/813/813 776/776/776
f 776/776/776 813/813/813 814/814/814
f 776/776/776 814/814/814 777/777/777
f 778/778/778 815/815/815 816/816/816
f 778/778/778 816/816/816 779/779/779
f 779/779/779 816/816/816 817/817/817
f 779/779/779 817/817/817 780/780/780
f 780/780/780 817/817/817 818/818/818
f 780/780/780 818/818/818 781/781/781
f 781/781/781 818/818/818 819/819/819
f 781/781/781 819/819/819 782/782/782
f 782/782/782 819/819/819 820/820/820
f 782/782/782 820/820/820 783/783/783
f 783/783/783 820/820/820 821/821/821
f 783/783/783 821/821/821 784/784/784
f 784/784/784 821/821/821 822/822/822
f 784/784/784 822/822/822 785/785/785
f 785/785/785 822/822/822 823/823/823
f 785/785/785 823/823/823 786/786/786
f 786/786/786 823/823/823 824/824/824
f 786/786/786 824/824/824 787/787/787
f 787/787/787 824/824/824 825/825/825
f 787/787/787 825/825/825 788/788/788
f 788/788/788 825/825/825 826/826/826
f 788/788/788 826/826/826 789/789/789
f 789/789/789 826/826/826 827/827/827
f 789/789/789 827/827/827 790/790/790
f 790/790/790 827/827/827 828/828/828
f 790/790/790 828/828/828 791/791/791
f 791/791/791 828/828/828 829/829/829
f 791/791/791 829/829/829 792/792/792
f 792/792/792 829/829/829 830/830/830
f 792/792/792 830/830/830 793/793/793
f 793/793/793 830/830/830 831/831/831
f 793/793/793 831/831/831 794/794/794
f 794/794/794 831/831/831 832/832/832
f 794/794/794 832/832/832 795/795/795
f 795/795/795 832/832/832 833/833/833
f 795/795/795 833/833/833 796/796/796
f 796/796/796 833/833/833 834/834/834
f 796/796/796 834/834/834 797/797/797
f 797/797/797 834/834/834 835/835/835
f 797/797/797 835/835/835 798/798/798
f 798/798/798 835/835/835 836/836/836
f 798/798/798 836/836/836 799/799/799
f 799/799/799 836/836/836 837/837/837
f 799/799/799 837/837/837 800/800/800
f 800/800/800 837/837/837 838/838/838
f 800/800/800 838/838/838 801/801/801
f 801/801/801 838/838/838 839/839/839
f 801/801/801 839/839/839 802/802/802
f 802/802/802 839/839/839 840/840/840
f 802/802/802 840/840/840 803/803/803
f 803/803/803 840/840/840 841/841/841
f 803/803/803 841/841/841 804/804/804
f 804/804/804 841/841/841 842/842/842
f 804/804/804 842/842/842 805/805/805
f 805/805/805 842/842/842 843/843/843
f 805/805/805 843/843/843 806/806/806
f 806/806/806 843/843/843 844/844/844
f 806/806/806 844/844/844 807/807/807
f 807/807/807 844/844/844 845/845/845
f 807/807/807 845/845/845 808/808/808
f 808/808/808 845/845/845 846/846/846
f 808/808/808 846/846/846 809/809/809
f 809/809/809 846/846/846 847/847/847
f 809/809/809 847/847/847 810/810/810
f 810/810/810 847/847/847 848/848/848
f 810/810/810 848/848/848 811/811/811
f 811/811/811 848/848/848 849/849/849
f 811/811/811 849/849/849 812/812/812
f 812/812/812 849/849/849 850/850/850
f 812/812/812 850/850/850 813/813/813
f 813/813/813 850/850/850 851/851/851
f 813/813/813 851/851/851 814/814/814
