# Generated sky cornice; visual geometry only.
s 1
v 66.493654 -3.238751 -29.818934
v 66.584471 -1.950853 -29.749568
v 66.72901 0.187282 -29.63917
v 66.796803 2.75796 -29.58739
v 66.65738 5.324454 -29.693881
v 66.262135 7.786034 -29.995767
v 65.685257 10.246678 -30.436384
v 64.980468 12.559184 -30.974699
v 64.20149 14.573851 -31.569679
v 63.315068 16.183443 -32.246725
v 62.308409 17.343417 -33.015607
v 61.265935 18.009283 -33.811844
v 60.272067 18.15276 -34.570956
v 59.289072 17.688067 -35.321764
v 58.292006 16.613979 -36.083318
v 57.384478 15.059226 -36.776485
v 56.670096 13.173371 -37.322127
v 56.166127 11.027322 -37.707056
v 55.820767 8.629841 -37.97084
v 55.634017 6.060246 -38.113479
v 55.605877 3.405211 -38.134973
v 55.749777 0.692978 -38.025063
v 56.06124 -1.970158 -37.787169
v 56.513405 -4.384632 -37.441807
v 57.07941 -6.363391 -37.009494
v 57.814259 -7.780551 -36.44822
v 58.711554 -8.686792 -35.76287
v 59.652339 -9.396715 -35.044302
v 60.517656 -10.178931 -34.383376
v 61.322216 -11.021874 -33.768857
v 62.113984 -11.879275 -33.164107
v 62.82389 -12.811862 -32.621885
v 63.38286 -13.880361 -32.194945
v 63.750604 -15.268397 -31.914064
v 63.971251 -16.887772 -31.745535
v 64.102359 -18.391478 -31.645395
v 64.20149 -19.432505 -31.569679
v 59.262303 -3.217805 -26.221993
v 59.348315 -1.939944 -26.150967
v 59.485207 0.179338 -26.037926
v 59.549413 2.725345 -25.984907
v 59.417366 5.264642 -26.093946
v 59.043033 7.697771 -26.403058
v 58.496676 10.128772 -26.854221
v 57.829176 12.412196 -27.40542
v 57.091413 14.400135 -28.01464
v 56.251889 15.98685 -28.707891
v 55.29849 17.128815 -29.495175
v 54.311172 17.782441 -30.31047
v 53.369887 17.920094 -31.087751
v 52.4389 17.456834 -31.856528
v 51.494587 16.391536 -32.63631
v 50.635075 14.85199 -33.346067
v 49.958489 12.986491 -33.904768
v 49.481184 10.86501 -34.298911
v 49.154097 8.495627 -34.569008
v 48.977227 5.956412 -34.715061
v 48.950576 3.332673 -34.737069
v 49.086862 0.651644 -34.624528
v 49.381846 -1.981867 -34.38094
v 49.810088 -4.37031 -34.027313
v 50.346148 -6.328452 -33.584653
v 51.042117 -7.73168 -33.009945
v 51.891938 -8.630614 -32.308192
v 52.782948 -9.335945 -31.572426
v 53.602483 -10.113103 -30.895681
v 54.364475 -10.950594 -30.266454
v 55.114352 -11.80245 -29.64723
v 55.786698 -12.729006 -29.09203
v 56.316095 -13.790594 -28.654872
v 56.664382 -15.169654 -28.367268
v 56.873355 -16.778557 -28.194705
v 56.997527 -18.272538 -28.092168
v 57.091413 -19.306832 -28.01464
v 52.013109 -3.166889 -22.642937
v 52.093609 -1.915304 -22.57096
v 52.221729 0.15263 -22.456404
v 52.28182 2.629819 -22.402675
v 52.158236 5.091357 -22.513175
v 51.807891 7.441555 -22.826428
v 51.296546 9.785406 -23.283636
v 50.671821 11.982609 -23.842219
v 49.981336 13.890526 -24.459602
v 49.195611 15.40793 -25.16214
v 48.303308 16.494569 -25.959972
v 47.379259 17.109722 -26.78619
v 46.498295 17.227836 -27.573884
v 45.626968 16.766333 -28.352962
v 44.743169 15.72443 -29.143191
v 43.938737 14.227512 -29.862456
v 43.305508 12.42046 -30.428643
v 42.85879 10.370447 -30.828066
v 42.552663 8.083208 -31.101782
v 42.387128 5.632967 -31.249792
v 42.362185 3.10083 -31.272095
v 42.489737 0.510668 -31.158046
v 42.765818 -2.037198 -30.911195
v 43.166617 -4.350918 -30.552829
v 43.668325 -6.250348 -30.104239
v 44.319694 -7.614469 -29.521831
v 45.115056 -8.494049 -28.810676
v 45.948968 -9.188219 -28.065053
v 46.715985 -9.95308 -27.379242
v 47.429147 -10.777319 -26.741584
v 48.13097 -11.615696 -26.114064
v 48.760231 -12.527591 -25.551425
v 49.255702 -13.572381 -25.108411
v 49.58167 -14.92962 -24.816953
v 49.777251 -16.513064 -24.642079
v 49.893466 -17.983405 -24.538168
v 49.981336 -19.001334 -24.459602
v 44.749679 -3.087039 -19.082642
v 44.824103 -1.876826 -19.010456
v 44.942552 0.110096 -18.895569
v 44.998108 2.478587 -18.841684
v 44.883851 4.817158 -18.952504
v 44.55995 7.036093 -19.266664
v 44.0872 9.241949 -19.725194
v 43.509628 11.302576 -20.285394
v 42.871258 13.083679 -20.904563
v 42.144838 14.491186 -21.609134
v 41.319884 15.490047 -22.409275
v 40.46558 16.0441 -23.237883
v 39.651109 16.131103 -24.027857
v 38.845548 15.672203 -24.809189
v 38.028456 14.667167 -25.601704
v 37.28474 13.237597 -26.323051
v 36.699306 11.522991 -26.890876
v 36.286305 9.586086 -27.291455
v 36.003284 7.428883 -27.565963
v 35.850243 5.1195 -27.714401
v 35.827182 2.732377 -27.736768
v 35.945107 0.286035 -27.62239
v 36.20035 -2.126325 -27.374824
v 36.570898 -4.321857 -27.015421
v 37.034738 -6.128459 -26.565533
v 37.636944 -7.430791 -25.98144
v 38.372274 -8.279879 -25.268227
v 39.143244 -8.956547 -24.520447
v 39.852368 -9.702122 -23.832651
v 40.511702 -10.505579 -23.193148
v 41.160554 -11.322818 -22.563813
v 41.742319 -12.211719 -21.999546
v 42.200394 -13.230167 -21.555249
v 42.501759 -14.553183 -21.262949
v 42.682578 -16.096703 -21.087568
v 42.790021 -17.529971 -20.983357
v 42.871258 -18.522233 -20.904563
v 37.476047 -2.980279 -15.541315
v 37.543991 -1.824603 -15.469673
v 37.652127 0.056294 -15.355651
v 37.702846 2.28312 -15.302171
v 37.598537 4.46211 -15.412157
v 37.302838 6.511254 -15.723952
v 36.87125 8.538863 -16.179032
v 36.343967 10.423321 -16.735016
v 35.761181 12.041111 -17.349524
v 35.09801 13.307362 -18.048793
v 34.344885 14.19365 -18.842912
v 33.564966 14.669626 -19.665283
v 32.821411 14.717263 -20.449312
v 32.08599 14.262559 -21.224763
v 31.340042 13.305973 -22.011314
v 30.661081 11.964102 -22.727232
v 30.126621 10.369381 -23.290784
v 29.74958 8.578835 -23.688347
v 29.491202 6.589754 -23.96079
v 29.351486 4.462433 -24.10811
v 29.330433 2.26276 -24.130309
v 29.438091 0.002484 -24.016792
v 29.67111 -2.234352 -23.771089
v 30.009394 -4.27661 -23.414392
v 30.432847 -5.962662 -22.967889
v 30.982619 -7.184553 -22.388192
v 31.653924 -7.993533 -21.680347
v 32.357765 -8.6468 -20.938194
v 33.005146 -9.36659 -20.255575
v 33.607072 -10.142261 -19.620885
v 34.199428 -10.931237 -18.996286
v 34.730539 -11.789397 -18.436266
v 35.148729 -12.772623 -17.995313
v 35.423854 -14.049886 -17.705213
v 35.588929 -15.540025 -17.531153
v 35.687017 -16.923726 -17.427725
v 35.761181 -17.881672 -17.349524
v 30.196491 -2.84957 -12.018446
v 30.25772 -1.759049 -11.948079
v 30.355169 -0.003206 -11.836085
v 30.400876 2.057791 -11.783557
v 30.306876 4.051432 -11.891586
v 30.0404 5.904554 -12.197834
v 29.651466 7.726925 -12.644817
v 29.176294 9.409064 -13.19091
v 28.651104 10.839868 -13.794486
v 28.053473 11.944973 -14.481313
v 27.374779 12.703379 -15.261304
v 26.671938 13.091272 -16.069045
v 26.001868 13.095343 -16.839124
v 25.339128 12.647266 -17.60078
v 24.666901 11.748254 -18.373337
v 24.055042 10.508878 -19.076518
v 23.573402 9.053214 -19.630043
v 23.233623 7.431744 -20.020534
v 23.00078 5.636581 -20.288129
v 22.874873 3.719139 -20.432829
v 22.8559 1.735599 -20.454633
v 22.952918 -0.309803 -20.343135
v 23.162908 -2.343476 -20.101804
v 23.46776 -4.207933 -19.751452
v 23.849364 -5.753793 -19.312893
v 24.344802 -6.88171 -18.74351
v 24.949763 -7.642954 -18.048258
v 25.584044 -8.26757 -17.319309
v 26.167445 -8.955792 -16.648834
v 26.709883 -9.697443 -16.025437
v 27.243697 -10.451816 -15.41195
v 27.722319 -11.27234 -14.861893
v 28.09918 -12.212443 -14.428785
v 28.347114 -13.433688 -14.143846
v 28.495875 -14.858473 -13.972882
v 28.584269 -16.181488 -13.871295
v 28.651104 -17.097421 -13.794486
v 22.915332 -2.69873 -8.512782
v 22.969783 -1.681036 -8.444371
v 23.056444 -0.062554 -8.33549
v 23.09709 1.818207 -8.284423
v 23.013496 3.612617 -8.389449
v 22.776521 5.256865 -8.687183
v 22.430644 6.861386 -9.12174
v 22.008075 8.329592 -9.652651
v 21.541026 9.563564 -10.239447
v 21.009557 10.499955 -10.907181
v 20.405997 11.125322 -11.665487
v 19.780964 11.422542 -12.450773
v 19.185074 11.383114 -13.199444
v 18.595703 10.944858 -13.939925
v 17.997895 10.109736 -14.691005
v 17.453771 8.981513 -15.374638
v 17.025451 7.675034 -15.912775
v 16.723288 6.23389 -16.29241
v 16.516222 4.645087 -16.552566
v 16.404253 2.950807 -16.693243
v 16.387381 1.197142 -16.714441
v 16.473658 -0.619196 -16.606043
v 16.660401 -2.435577 -16.371421
v 16.931505 -4.10926 -16.030809
v 17.270863 -5.504157 -15.604442
v 17.711454 -6.530222 -15.050888
v 18.249442 -7.23838 -14.374964
v 18.813505 -7.829932 -13.66628
v 19.332321 -8.481724 -13.014444
v 19.814708 -9.184117 -12.408377
v 20.289427 -9.898557 -11.811946
v 20.715063 -10.675647 -11.27718
v 21.050203 -11.565987 -10.856113
v 21.27069 -12.722586 -10.579095
v 21.402982 -14.071951 -10.412884
v 21.481591 -15.324933 -10.314121
v 21.541026 -16.192382 -10.239447
v 15.636738 -2.532319 -5.022328
v 15.684512 -1.59201 -4.956475
v 15.760547 -0.116367 -4.851667
v 15.796209 1.579492 -4.80251
v 15.722866 3.172464 -4.903608
v 15.514948 4.607983 -5.190205
v 15.211482 5.995949 -5.608508
v 14.840729 7.252609 -6.119561
v 14.430949 8.293157 -6.684408
v 13.964648 9.065014 -7.327166
v 13.435096 9.561809 -8.057109
v 12.886705 9.77274 -8.813022
v 12.363882 9.693803 -9.53369
v 11.846779 9.269105 -10.246474
v 11.322274 8.501275 -10.96946
v 10.84487 7.486755 -11.627522
v 10.469071 6.330727 -12.145531
v 10.203959 5.070009 -12.510966
v 10.022283 3.687054 -12.761391
v 9.924043 2.215133 -12.896806
v 9.90924 0.690606 -12.917211
v 9.984938 -0.896691 -12.812868
v 10.148783 -2.494832 -12.587021
v 10.386644 -3.976091 -12.25915
v 10.68439 -5.217987 -11.848731
v 11.070956 -6.139945 -11.315882
v 11.542977 -6.792042 -10.66524
v 12.037875 -7.347118 -9.983064
v 12.493074 -7.958718 -9.35561
v 12.916311 -8.6178 -8.772212
v 13.33282 -9.288186 -8.198089
v 13.706264 -10.017358 -7.683326
v 14.00031 -10.852797 -7.278009
v 14.193761 -11.938077 -7.011352
v 14.309832 -13.204237 -6.851358
v 14.378801 -14.379957 -6.75629
v 14.430949 -15.193916 -6.684408
v 8.364543 -2.355499 -1.544382
v 8.405893 -1.494072 -1.481584
v 8.471705 -0.160367 -1.381638
v 8.502573 1.354775 -1.334761
v 8.439091 2.754457 -1.431169
v 8.259127 3.992719 -1.704473
v 7.996462 5.177463 -2.103373
v 7.675557 6.236997 -2.590722
v 7.320872 7.098836 -3.12937
v 6.917265 7.720271 -3.742314
v 6.458911 8.101022 -4.438399
v 5.984251 8.235797 -5.15925
v 5.531722 8.124464 -5.846491
v 5.084143 7.717249 -6.526213
v 4.630158 7.01731 -7.215665
v 4.216941 6.113519 -7.843203
v 3.891667 5.101382 -8.337185
v 3.662199 4.011452 -8.68567
v 3.50495 2.822569 -8.924479
v 3.419919 1.559978 -9.053613
v 3.407106 0.251269 -9.073072
v 3.472626 -1.119406 -8.973568
v 3.614442 -2.509933 -8.758197
v 3.820323 -3.807119 -8.445534
v 4.078037 -4.901753 -8.054152
v 4.412629 -5.722423 -7.546018
v 4.821187 -6.317786 -6.925556
v 5.249546 -6.834103 -6.275021
v 5.643543 -7.402998 -5.676671
v 6.009877 -8.016059 -5.120333
v 6.370386 -8.639635 -4.57284
v 6.693621 -9.317893 -4.081954
v 6.948132 -10.094998 -3.695437
v 7.115574 -11.104497 -3.441149
v 7.216039 -12.282247 -3.288576
v 7.275735 -13.375872 -3.197917
v 7.320872 -14.132997 -3.12937
v 1.102075 -2.173871 1.924398
v 1.137388 -1.389985 1.983778
v 1.19359 -0.191826 2.078285
v 1.21995 1.154105 2.122611
v 1.165737 2.376867 2.03145
v 1.012051 3.438079 1.77302
v 0.787739 4.442091 1.395828
v 0.51369 5.327966 0.935003
v 0.210794 6.034185 0.425669
v -0.13388 6.526548 -0.153918
v -0.525308 6.80954 -0.812121
v -0.930661 6.882277 -1.493741
v -1.317114 6.747658 -2.143581
v -1.69934 6.361609 -2.786311
v -2.087037 5.727644 -3.438242
v -2.439918 4.927082 -4.031628
v -2.717697 4.0461 -4.498726
v -2.91366 3.109792 -4.828246
v -3.047949 2.094559 -5.054059
v -3.120564 1.018909 -5.176165
v -3.131506 -0.096937 -5.194565
v -3.075552 -1.272979 -5.100476
v -2.954444 -2.475553 -4.896826
v -2.778625 -3.604915 -4.601178
v -2.55854 -4.564238 -4.231096
v -2.272803 -5.290594 -3.750616
v -1.923901 -5.830632 -3.163921
v -1.558088 -6.307136 -2.548789
v -1.22162 -6.832165 -1.983003
v -0.908777 -7.397954 -1.456942
v -0.600907 -7.973447 -0.939245
v -0.324869 -8.599405 -0.475074
v -0.10752 -9.316589 -0.109591
v 0.035473 -10.248247 0.130858
v 0.121268 -11.335183 0.275127
v 0.172249 -12.34448 0.360852
v 0.210794 -13.043224 0.425669
v -6.147981 -1.99329 5.38791
v -6.118214 -1.283109 5.443664
v -6.070839 -0.209743 5.532399
v -6.048618 0.983923 5.574018
v -6.094317 2.051819 5.488424
v -6.223866 2.961869 5.245776
v -6.412949 3.81344 4.89162
v -6.643958 4.554694 4.458936
v -6.899283 5.133375 3.980708
v -7.189825 5.52215 3.436516
v -7.519777 5.7288 2.81851
v -7.861469 5.755602 2.178515
v -8.187228 5.607547 1.568361
v -8.509424 5.245663 0.964882
v -8.836232 4.673633 0.352765
v -9.133692 3.965477 -0.204383
v -9.367845 3.198703 -0.642956
v -9.533031 2.393918 -0.952352
v -9.646229 1.526342 -1.164374
v -9.70744 0.609243 -1.279024
v -9.716663 -0.342884 -1.2963
v -9.669497 -1.352533 -1.207957
v -9.567409 -2.392851 -1.016744
v -9.419203 -3.376026 -0.739151
v -9.233684 -4.216338 -0.39167
v -8.992823 -4.858386 0.059467
v -8.698717 -5.346288 0.610333
v -8.390356 -5.78321 1.187899
v -8.106732 -6.264625 1.719133
v -7.843022 -6.783415 2.213067
v -7.583504 -7.311102 2.699149
v -7.350818 -7.885063 3.134973
v -7.167605 -8.542671 3.478135
v -7.04707 -9.396938 3.7039
v -6.974748 -10.393583 3.839359
v -6.931775 -11.319039 3.919849
v -6.899283 -11.959739 3.980708
v -13.383694 -1.819677 8.850481
v -13.358905 -1.177256 8.902572
v -13.319451 -0.214747 8.985477
v -13.300947 0.847137 9.024361
v -13.339003 1.785385 8.944391
v -13.446889 2.572856 8.717687
v -13.604353 3.302794 8.386803
v -13.796731 3.930654 7.982551
v -14.00936 4.411584 7.535746
v -14.251317 4.723404 7.027314
v -14.526094 4.875733 6.449916
v -14.810646 4.872776 5.851975
v -15.081931 4.720693 5.281914
v -15.350248 4.384894 4.71809
v -15.622406 3.869061 4.146195
v -15.870124 3.240394 3.625656
v -16.065121 2.568608 3.215902
v -16.202684 1.870866 2.926836
v -16.296953 1.122387 2.728746
v -16.347928 0.332736 2.62163
v -16.355609 -0.487634 2.605489
v -16.31633 -1.362114 2.688027
v -16.231314 -2.268952 2.866675
v -16.107891 -3.13049 3.126028
v -15.953395 -3.87058 3.450676
v -15.752812 -4.440227 3.872169
v -15.507887 -4.880633 4.386838
v -15.251091 -5.2795 4.926452
v -15.014895 -5.718984 5.422779
v -14.795284 -6.192587 5.884257
v -14.579163 -6.674314 6.338398
v -14.385388 -7.198284 6.745585
v -14.232812 -7.798615 7.066198
v -14.132434 -8.578476 7.277128
v -14.072206 -9.488315 7.403686
v -14.036419 -10.333164 7.478887
v -14.00936 -10.918061 7.535746
v -20.603957 -1.658815 12.316734
v -20.583533 -1.07648 12.365307
v -20.551028 -0.20875 12.442613
v -20.535782 0.74374 12.478871
v -20.567137 1.5786 12.404302
v -20.656023 2.272285 12.192908
v -20.785756 2.91121 11.884368
v -20.944255 3.456315 11.507416
v -21.119438 3.868308 11.090785
v -21.318784 4.128513 10.616687
v -21.545169 4.247106 10.078282
v -21.779609 4.229106 9.520722
v -22.003118 4.081023 8.989158
v -22.224182 3.771877 8.463409
v -22.448411 3.305201 7.930135
v -22.652503 2.742047 7.444749
v -22.813159 2.145387 7.062666
v -22.926496 1.529945 6.793122
v -23.004163 0.871926 6.608408
v -23.046161 0.178628 6.508526
v -23.052489 -0.541972 6.493476
v -23.020128 -1.312789 6.570439
v -22.950084 -2.115538 6.737024
v -22.848397 -2.880823 6.978861
v -22.721109 -3.540404 7.281586
v -22.55585 -4.050497 7.674615
v -22.354059 -4.449179 8.154527
v -22.142488 -4.812786 8.6577
v -21.947888 -5.213419 9.120509
v -21.766952 -5.645155 9.550823
v -21.588893 -6.084297 9.974296
v -21.429244 -6.561947 10.353984
v -21.303538 -7.109208 10.652946
v -21.220836 -7.820129 10.849631
v -21.171216 -8.649536 10.967643
v -21.141731 -9.419701 11.037765
v -21.119438 -9.952891 11.090785
v -27.808523 -1.516156 15.791419
v -27.791843 -0.984826 15.836808
v -27.765296 -0.194436 15.909047
v -27.752845 0.671789 15.942929
v -27.778452 1.429121 15.873247
v -27.851045 2.056375 15.675708
v -27.956998 2.63293 15.387392
v -28.086443 3.123518 15.035147
v -28.229515 3.492676 14.645824
v -28.39232 3.723763 14.2028
v -28.577209 3.826478 13.699685
v -28.768676 3.805737 13.178669
v -28.951215 3.667742 12.681946
v -29.131758 3.384333 12.190657
v -29.314885 2.958788 11.692336
v -29.481567 2.446852 11.238765
v -29.612774 1.905915 10.881726
v -29.705336 1.34918 10.629848
v -29.768767 0.754558 10.457242
v -29.803067 0.128323 10.363906
v -29.808235 -0.522669 10.349842
v -29.781806 -1.219809 10.421762
v -29.7246 -1.946817 10.577427
v -29.641553 -2.640657 10.803413
v -29.537597 -3.239285 11.086296
v -29.402631 -3.702933 11.453564
v -29.237828 -4.066547 11.902021
v -29.065038 -4.398883 12.372214
v -28.906109 -4.765061 12.804689
v -28.758339 -5.159668 13.206798
v -28.612918 -5.561043 13.602514
v -28.482533 -5.997615 13.957316
v -28.379869 -6.497811 14.236682
v -28.312327 -7.147592 14.420476
v -28.271802 -7.90567 14.530753
v -28.247722 -8.6096 14.596279
v -28.229515 -9.096935 14.645824
v -34.997992 -1.396628 19.279244
v -34.984458 -0.906062 19.32197
v -34.962917 -0.174677 19.389971
v -34.952814 0.628553 19.421865
v -34.973592 1.333155 19.356271
v -35.032495 1.919204 19.170323
v -35.118467 2.459341 18.898922
v -35.223502 2.920549 18.567344
v -35.339592 3.269617 18.200862
v -35.471695 3.490691 17.783832
v -35.621717 3.592222 17.310234
v -35.777076 3.578337 16.819787
v -35.925192 3.454443 16.352208
v -36.071687 3.194412 15.889743
v -36.22028 2.801202 15.420659
v -36.355528 2.326234 14.993699
v -36.461992 1.822574 14.657608
v -36.537098 1.302696 14.420508
v -36.588567 0.746665 14.258029
v -36.616398 0.160744 14.170169
v -36.620592 -0.448222 14.15693
v -36.599147 -1.099394 14.22463
v -36.55273 -1.777248 14.371162
v -36.485344 -2.423242 14.58389
v -36.400992 -2.979823 14.850176
v -36.291478 -3.410056 15.195896
v -36.157755 -3.745955 15.618041
v -36.01755 -4.052091 16.060647
v -35.888592 -4.389401 16.467749
v -35.768689 -4.752899 16.846265
v -35.650692 -5.122631 17.218764
v -35.544895 -5.524785 17.55275
v -35.461592 -5.985547 17.815726
v -35.406787 -6.584102 17.988736
v -35.373905 -7.282416 18.092543
v -35.354366 -7.93085 18.154225
v -35.339592 -8.379766 18.200862
v -42.173765 -1.304464 22.784697
v -42.162834 -0.843439 22.825458
v -42.145436 -0.151991 22.890332
v -42.137276 0.611572 22.92076
v -42.154058 1.287244 22.858182
v -42.201633 1.85539 22.680784
v -42.271071 2.382642 22.421863
v -42.355905 2.836831 22.105531
v -42.449669 3.185568 21.755901
v -42.556367 3.412718 21.358046
v -42.677537 3.524966 20.906226
v -42.803018 3.525148 20.43833
v -42.922648 3.417545 19.992251
v -43.040969 3.177279 19.551051
v -43.160985 2.80696 19.103536
v -43.270222 2.354796 18.696209
v -43.356211 1.870848 18.375571
v -43.416873 1.36756 18.149374
v -43.458444 0.827348 17.994365
v -43.480922 0.257281 17.910546
v -43.48431 -0.334913 17.897916
v -43.466989 -0.965761 17.962503
v -43.429498 -1.61944 18.102297
v -43.375072 -2.240069 18.305243
v -43.306943 -2.772883 18.559285
v -43.21849 -3.182627 18.889108
v -43.110484 -3.498759 19.291843
v -42.997244 -3.784693 19.714097
v -42.893087 -4.099744 20.102479
v -42.796243 -4.439254 20.463591
v -42.700939 -4.784587 20.818962
v -42.615489 -5.160203 21.13759
v -42.548207 -5.59056 21.388474
v -42.503942 -6.149616 21.553529
v -42.477383 -6.801848 21.652562
v -42.461602 -7.407492 21.711408
v -42.449669 -7.826784 21.755901
v -49.337954 -1.24305 26.311861
v -49.329167 -0.799496 26.351518
v -49.315181 -0.128148 26.414634
v -49.308621 0.619412 26.444237
v -49.322112 1.289545 26.383355
v -49.360356 1.862004 26.210763
v -49.416176 2.398466 25.958857
v -49.484372 2.866289 25.651096
v -49.559747 3.232559 25.31094
v -49.645518 3.479917 24.923864
v -49.742924 3.612926 24.484286
v -49.843795 3.632765 24.029068
v -49.939962 3.542364 23.595074
v -50.035078 3.317306 23.165829
v -50.131556 2.959852 22.730439
v -50.219369 2.516205 22.334148
v -50.288493 2.034818 22.022198
v -50.337258 1.52873 21.802129
v -50.370676 0.982734 21.651321
v -50.388746 0.405395 21.569773
v -50.391469 -0.193932 21.557484
v -50.377545 -0.828948 21.620321
v -50.347407 -1.482593 21.756328
v -50.303655 -2.09982 21.953776
v -50.248888 -2.626933 22.200934
v -50.177783 -3.029203 22.521821
v -50.09096 -3.334037 22.913643
v -49.999928 -3.606509 23.324457
v -49.916199 -3.906728 23.702316
v -49.838349 -4.230254 24.053644
v -49.761736 -4.559329 24.399386
v -49.693045 -4.917261 24.709381
v -49.638958 -5.327357 24.953468
v -49.603375 -5.860092 25.114051
v -49.582025 -6.481617 25.210401
v -49.569339 -7.058747 25.267652
v -49.559747 -7.458299 25.31094
v -56.49326 -1.214797 29.864244
v -56.486264 -0.775934 29.903796
v -56.475131 -0.103987 29.966744
v -56.469909 0.651978 29.996269
v -56.480648 1.340331 29.935549
v -56.511094 1.939327 29.763415
v -56.55553 2.50693 29.512177
v -56.60982 3.008706 29.205233
v -56.669824 3.409883 28.865978
v -56.738105 3.690965 28.47993
v -56.815647 3.854114 28.041518
v -56.895948 3.898543 27.587507
v -56.972505 3.825648 27.154666
v -57.048225 3.610667 26.726559
v -57.125028 3.255517 26.292324
v -57.194935 2.805693 25.897085
v -57.249963 2.309497 25.585962
v -57.288784 1.781177 25.366478
v -57.315387 1.207844 25.216069
v -57.329772 0.600193 25.134737
v -57.33194 -0.030094 25.122482
v -57.320855 -0.693799 25.185152
v -57.296863 -1.37173 25.320798
v -57.262033 -2.007801 25.517721
v -57.218434 -2.547615 25.764224
v -57.161829 -2.955788 26.08426
v -57.092711 -3.25826 26.475043
v -57.020243 -3.524539 26.884766
v -56.953588 -3.817935 27.261623
v -56.891613 -4.134107 27.612018
v -56.830624 -4.455703 27.956843
v -56.77594 -4.8055 28.266016
v -56.732883 -5.206274 28.509455
v -56.704556 -5.726902 28.669612
v -56.687559 -6.3343 28.765706
v -56.67746 -6.898313 28.822805
v -56.669824 -7.288784 28.865978
v -63.642823 -1.221051 33.444619
v -63.637392 -0.773575 33.485174
v -63.628748 -0.079479 33.549721
v -63.624693 0.710311 33.579994
v -63.633031 1.441632 33.517733
v -63.656668 2.090325 33.34123
v -63.691167 2.711925 33.083616
v -63.733316 3.268834 32.768881
v -63.779901 3.723028 32.421017
v -63.832912 4.051933 32.025171
v -63.893114 4.255008 31.575632
v -63.955457 4.329178 31.110098
v -64.014894 4.274121 30.666271
v -64.07368 4.063881 30.227299
v -64.133308 3.700044 29.782044
v -64.187581 3.228739 29.376773
v -64.230303 2.699638 29.057754
v -64.260442 2.128837 28.832699
v -64.281096 1.505708 28.678473
v -64.292264 0.843736 28.595077
v -64.293947 0.15766 28.58251
v -64.285341 -0.560288 28.646771
v -64.266715 -1.287842 28.78586
v -64.239674 -1.965932 28.987781
v -64.205825 -2.537614 29.24054
v -64.161878 -2.965622 29.568698
v -64.108217 -3.275033 29.969399
v -64.051955 -3.542683 30.389522
v -64.000207 -3.837588 30.775943
v -63.952091 -4.155389 31.135231
v -63.904741 -4.47864 31.488808
v -63.862286 -4.830237 31.805828
v -63.828858 -5.233075 32.055445
v -63.806866 -5.756383 32.219667
v -63.79367 -6.366908 32.3182
v -63.78583 -6.933825 32.376748
v -63.779901 -7.326305 32.421017
vt 0.13476562 1.06149555
vt 0.13476562 1.05897215
vt 0.13476562 1.05478393
vt 0.13476562 1.04976084
vt 0.13476562 1.04473872
vt 0.13476562 1.0398524
vt 0.13476562 1.03488056
vt 0.13476562 1.03010343
vt 0.13476562 1.02580912
vt 0.13476562 1.02210602
vt 0.13476562 1.01893235
vt 0.13476562 1.01628879
vt 0.13476562 1.01407675
vt 0.13476562 1.01172439
vt 0.13476562 1.00868358
vt 0.13476562 1.00504551
vt 0.13476562 1.00103873
vt 0.13476562 0.99670207
vt 0.13476562 0.99195782
vt 0.13476562 0.98692217
vt 0.13476562 0.98173618
vt 0.13476562 0.97642933
vt 0.13476562 0.97118264
vt 0.13476562 0.96636237
vt 0.13476562 0.96230061
vt 0.13476562 0.95909229
vt 0.13476562 0.95643573
vt 0.13476562 0.95393841
vt 0.13476562 0.95149224
vt 0.13476562 0.94907032
vt 0.13476562 0.94664958
vt 0.13476562 0.94424664
vt 0.13476562 0.94182215
vt 0.13476562 0.93899218
vt 0.13476562 0.93579204
vt 0.13476562 0.93284089
vt 0.13476562 0.93079589
vt 0.15029387 1.06048349
vt 0.15029387 1.05797973
vt 0.15029387 1.05382839
vt 0.15029387 1.04885349
vt 0.15029387 1.04388451
vt 0.15029387 1.03905387
vt 0.15029387 1.0341401
vt 0.15029387 1.02941995
vt 0.15029387 1.02517791
vt 0.15029387 1.02151941
vt 0.15029387 1.01838088
vt 0.15029387 1.01576201
vt 0.15029387 1.01356546
vt 0.15029387 1.01122713
vt 0.15029387 1.00820847
vt 0.15029387 1.00460232
vt 0.15029387 1.0006361
vt 0.15029387 0.99634765
vt 0.15029387 0.99165836
vt 0.15029387 0.98668207
vt 0.15029387 0.98155721
vt 0.15029387 0.97631132
vt 0.15029387 0.97112257
vt 0.15029387 0.96635337
vt 0.15029387 0.9623324
vt 0.15029387 0.95915287
vt 0.15029387 0.95651537
vt 0.15029387 0.9540342
vt 0.15029387 0.95160384
vt 0.15029387 0.94919759
vt 0.15029387 0.94679251
vt 0.15029387 0.9444051
vt 0.15029387 0.9419963
vt 0.15029387 0.93918463
vt 0.15029387 0.93600519
vt 0.15029387 0.93307312
vt 0.15029387 0.93104134
vt 0.16582212 1.05757303
vt 0.16582212 1.05512068
vt 0.16582212 1.05106971
vt 0.16582212 1.04622924
vt 0.16582212 1.04141213
vt 0.16582212 1.03674327
vt 0.16582212 1.03199907
vt 0.16582212 1.02744593
vt 0.16582212 1.02335766
vt 0.16582212 1.01982988
vt 0.16582212 1.0167923
vt 0.16582212 1.01424119
vt 0.16582212 1.01208329
vt 0.16582212 1.00977772
vt 0.16582212 1.00681562
vt 0.16582212 1.00329623
vt 0.16582212 0.9994446
vt 0.16582212 0.99529549
vt 0.16582212 0.99076644
vt 0.16582212 0.98596386
vt 0.16582212 0.98101791
vt 0.16582212 0.97594947
vt 0.16582212 0.97092795
vt 0.16582212 0.96630475
vt 0.16582212 0.96239888
vt 0.16582212 0.95929807
vt 0.16582212 0.95670896
vt 0.16582212 0.95426705
vt 0.16582212 0.95187515
vt 0.16582212 0.94950697
vt 0.16582212 0.94713995
vt 0.16582212 0.94479032
vt 0.16582212 0.94241963
vt 0.16582212 0.93965245
vt 0.16582212 0.93652332
vt 0.16582212 0.93363765
vt 0.16582212 0.93163802
vt 0.18135037 1.05297886
vt 0.18135037 1.05060745
vt 0.18135037 1.04671485
vt 0.18135037 1.04208669
vt 0.18135037 1.03750975
vt 0.18135037 1.03309681
vt 0.18135037 1.02862073
vt 0.18135037 1.0243315
vt 0.18135037 1.02048591
vt 0.18135037 1.01716376
vt 0.18135037 1.01428392
vt 0.18135037 1.01183782
vt 0.18135037 1.00973948
vt 0.18135037 1.0074851
vt 0.18135037 1.00461185
vt 0.18135037 1.00122908
vt 0.18135037 0.9975583
vt 0.18135037 0.99362944
vt 0.18135037 0.98935393
vt 0.18135037 0.98482633
vt 0.18135037 0.98016361
vt 0.18135037 0.97537601
vt 0.18135037 0.970619
vt 0.18135037 0.96622655
vt 0.18135037 0.96250243
vt 0.18135037 0.95952564
vt 0.18135037 0.95701256
vt 0.18135037 0.95463222
vt 0.18135037 0.95230064
vt 0.18135037 0.94999217
vt 0.18135037 0.94768483
vt 0.18135037 0.94539444
vt 0.18135037 0.94308353
vt 0.18135037 0.94038612
vt 0.18135037 0.93733589
vt 0.18135037 0.93452297
vt 0.18135037 0.93257376
vt 0.19687862 1.04704288
vt 0.19687862 1.04477818
vt 0.19687862 1.04109283
vt 0.19687862 1.03674138
vt 0.19687862 1.03247613
vt 0.19687862 1.02839414
vt 0.19687862 1.02426419
vt 0.19687862 1.02031491
vt 0.19687862 1.01678101
vt 0.19687862 1.01372169
vt 0.19687862 1.01104235
vt 0.19687862 1.00872944
vt 0.19687862 1.00670819
vt 0.19687862 1.0045226
vt 0.19687862 1.00176692
vt 0.19687862 0.99856254
vt 0.19687862 0.99512632
vt 0.19687862 0.99148237
vt 0.19687862 0.98753459
vt 0.19687862 0.98336238
vt 0.19687862 0.97906577
vt 0.19687862 0.9746415
vt 0.19687862 0.97022709
vt 0.19687862 0.9661339
vt 0.19687862 0.96264584
vt 0.19687862 0.95983086
vt 0.19687862 0.95741848
vt 0.19687862 0.95512046
vt 0.19687862 0.95286951
vt 0.19687862 0.95064088
vt 0.19687862 0.94841333
vt 0.19687862 0.94620216
vt 0.19687862 0.94397116
vt 0.19687862 0.94136704
vt 0.19687862 0.93842229
vt 0.19687862 0.93570666
vt 0.19687862 0.93382486
vt 0.21240687 1.04019178
vt 0.21240687 1.03805456
vt 0.21240687 1.03461371
vt 0.21240687 1.03058617
vt 0.21240687 1.02668293
vt 0.21240687 1.02298302
vt 0.21240687 1.01925148
vt 0.21240687 1.01569223
vt 0.21240687 1.01251433
vt 0.21240687 1.00975326
vt 0.21240687 1.00730016
vt 0.21240687 1.0051381
vt 0.21240687 1.00320753
vt 0.21240687 1.00110709
vt 0.21240687 0.99849286
vt 0.21240687 0.99549834
vt 0.21240687 0.99233467
vt 0.21240687 0.98901988
vt 0.21240687 0.98545011
vt 0.21240687 0.98168757
vt 0.21240687 0.97781309
vt 0.21240687 0.97380839
vt 0.21240687 0.96979056
vt 0.21240687 0.96604462
vt 0.21240687 0.96283141
vt 0.21240687 0.96020642
vt 0.21240687 0.95791546
vt 0.21240687 0.95571822
vt 0.21240687 0.953566
vt 0.21240687 0.9514351
vt 0.21240687 0.94930525
vt 0.21240687 0.94719106
vt 0.21240687 0.9450579
vt 0.21240687 0.94256799
vt 0.21240687 0.9397524
vt 0.21240687 0.93715587
vt 0.21240687 0.9353566
vt 0.22793512 1.03288553
vt 0.22793512 1.03089084
vt 0.22793512 1.02771857
vt 0.22793512 1.0240431
vt 0.22793512 1.02052902
vt 0.22793512 1.01723631
vt 0.22793512 1.01392766
vt 0.22793512 1.01078058
vt 0.22793512 1.00797662
vt 0.22793512 1.00552631
vt 0.22793512 1.00330789
vt 0.22793512 1.00130417
vt 0.22793512 0.99947419
vt 0.22793512 0.99747347
vt 0.22793512 0.9950189
vt 0.22793512 0.9922543
vt 0.22793512 0.98938404
vt 0.22793512 0.98642055
vt 0.22793512 0.98325304
vt 0.22793512 0.97992612
vt 0.22793512 0.9765006
vt 0.22793512 0.9729432
vt 0.22793512 0.96934961
vt 0.22793512 0.96597652
vt 0.22793512 0.96305991
vt 0.22793512 0.96064254
vt 0.22793512 0.95848898
vt 0.22793512 0.95640805
vt 0.22793512 0.95436975
vt 0.22793512 0.95235165
vt 0.22793512 0.95033455
vt 0.22793512 0.94833226
vt 0.22793512 0.94631203
vt 0.22793512 0.94395392
vt 0.22793512 0.94128736
vt 0.22793512 0.93882828
vt 0.22793512 0.93712425
vt 0.24346337 1.02556497
vt 0.24346337 1.02372175
vt 0.24346337 1.02082886
vt 0.24346337 1.01751457
vt 0.24346337 1.014394
vt 0.24346337 1.01150843
vt 0.24346337 1.00862045
vt 0.24346337 1.00588105
vt 0.24346337 1.00344415
vt 0.24346337 1.00129612
vt 0.24346337 0.99930587
vt 0.24346337 0.99745979
vt 0.24346337 0.99573726
vt 0.24346337 0.99384851
vt 0.24346337 0.99156568
vt 0.24346337 0.98903972
vt 0.24346337 0.98646704
vt 0.24346337 0.98385554
vt 0.24346337 0.98108945
vt 0.24346337 0.97819659
vt 0.24346337 0.9752186
vt 0.24346337 0.97210847
vt 0.24346337 0.96894114
vt 0.24346337 0.96594461
vt 0.24346337 0.96332965
vt 0.24346337 0.96112701
vt 0.24346337 0.9591217
vt 0.24346337 0.95716909
vt 0.24346337 0.95525647
vt 0.24346337 0.95336282
vt 0.24346337 0.95147009
vt 0.24346337 0.94959127
vt 0.24346337 0.94769561
vt 0.24346337 0.94548291
vt 0.24346337 0.94298078
vt 0.24346337 0.94067333
vt 0.24346337 0.93907438
vt 0.25899162 1.01860706
vt 0.25899162 1.01691828
vt 0.25899162 1.01430307
vt 0.25899162 1.0113418
vt 0.25899162 1.0085989
vt 0.25899162 1.00609854
vt 0.25899162 1.00360607
vt 0.25899162 1.00124746
vt 0.25899162 0.99915034
vt 0.25899162 0.99727979
vt 0.25899162 0.99550056
vt 0.25899162 0.99380611
vt 0.25899162 0.99219554
vt 0.25899162 0.99042811
vt 0.25899162 0.98832288
vt 0.25899162 0.98603391
vt 0.25899162 0.98374839
vt 0.25899162 0.981471
vt 0.25899162 0.97908367
vt 0.25899162 0.9765995
vt 0.25899162 0.97404303
vt 0.25899162 0.97135598
vt 0.25899162 0.96859445
vt 0.25899162 0.9659589
vt 0.25899162 0.9636358
vt 0.25899162 0.96164547
vt 0.25899162 0.959794
vt 0.25899162 0.95797773
vt 0.25899162 0.95619866
vt 0.25899162 0.95443723
vt 0.25899162 0.95267667
vt 0.25899162 0.95092904
vt 0.25899162 0.94916574
vt 0.25899162 0.94710754
vt 0.25899162 0.94478013
vt 0.25899162 0.94263379
vt 0.25899162 0.94114649
vt 0.27451987 1.01229502
vt 0.27451987 1.01075809
vt 0.27451987 1.00840815
vt 0.27451987 1.00577746
vt 0.27451987 1.00338033
vt 0.27451987 1.00122649
vt 0.27451987 0.9990873
vt 0.27451987 0.9970663
vt 0.27451987 0.99526767
vt 0.27451987 0.99363973
vt 0.27451987 0.99204889
vt 0.27451987 0.99049757
vt 0.27451987 0.98900151
vt 0.27451987 0.98736127
vt 0.27451987 0.98543352
vt 0.27451987 0.98337113
vt 0.27451987 0.9813509
vt 0.27451987 0.97937555
vt 0.27451987 0.9773277
vt 0.27451987 0.97520867
vt 0.27451987 0.97302889
vt 0.27451987 0.97072205
vt 0.27451987 0.96832835
vt 0.27451987 0.96602305
vt 0.27451987 0.96397021
vt 0.27451987 0.9621818
vt 0.27451987 0.96048458
vt 0.27451987 0.95880836
vt 0.27451987 0.95716648
vt 0.27451987 0.95554087
vt 0.27451987 0.95391606
vt 0.27451987 0.95230318
vt 0.27451987 0.95067585
vt 0.27451987 0.94877636
vt 0.27451987 0.94662841
vt 0.27451987 0.94464757
vt 0.27451987 0.94327495
vt 0.29004812 1.00680796
vt 0.29004812 1.00541541
vt 0.29004812 1.00330982
vt 0.29004812 1.00097662
vt 0.29004812 0.9988823
vt 0.29004812 0.99702549
vt 0.29004812 0.99518682
vt 0.29004812 0.99345099
vt 0.29004812 0.99190253
vt 0.29004812 0.99047871
vt 0.29004812 0.98905259
vt 0.29004812 0.98763514
vt 0.29004812 0.98625409
vt 0.29004812 0.98474295
vt 0.29004812 0.98298691
vt 0.29004812 0.98113391
vt 0.29004812 0.97934925
vt 0.29004812 0.97763471
vt 0.29004812 0.97587645
vt 0.29004812 0.97406736
vt 0.29004812 0.97220734
vt 0.29004812 0.9702257
vt 0.29004812 0.96815023
vt 0.29004812 0.96613407
vt 0.29004812 0.96432158
vt 0.29004812 0.96271862
vt 0.29004812 0.96117118
vt 0.29004812 0.9596342
vt 0.29004812 0.95812871
vt 0.29004812 0.95663813
vt 0.29004812 0.95514829
vt 0.29004812 0.9536694
vt 0.29004812 0.95217725
vt 0.29004812 0.95043554
vt 0.29004812 0.94846602
vt 0.29004812 0.94664973
vt 0.29004812 0.94539113
vt 0.30557637 1.00223012
vt 0.30557637 1.00097035
vt 0.30557637 0.99908192
vt 0.30557637 0.99700622
vt 0.30557637 0.99516556
vt 0.30557637 0.99355128
vt 0.30557637 0.99195612
vt 0.30557637 0.99045011
vt 0.30557637 0.98910253
vt 0.30557637 0.98784559
vt 0.30557637 0.98656196
vt 0.30557637 0.98526884
vt 0.30557637 0.98400075
vt 0.30557637 0.98261622
vt 0.30557637 0.98102102
vt 0.30557637 0.97935523
vt 0.30557637 0.97777194
vt 0.30557637 0.97627262
vt 0.30557637 0.97474927
vt 0.30557637 0.97318969
vt 0.30557637 0.97158702
vt 0.30557637 0.96986975
vt 0.30557637 0.96805694
vt 0.30557637 0.96628323
vt 0.30557637 0.96467626
vt 0.30557637 0.96323795
vt 0.30557637 0.96183128
vt 0.30557637 0.96042818
vt 0.30557637 0.95905381
vt 0.30557637 0.95769306
vt 0.30557637 0.95633299
vt 0.30557637 0.9549829
vt 0.30557637 0.95362072
vt 0.30557637 0.95203071
vt 0.30557637 0.95023273
vt 0.30557637 0.94857464
vt 0.30557637 0.94742566
vt 0.32110462 0.99857503
vt 0.32110462 0.99743303
vt 0.32110462 0.99573038
vt 0.32110462 0.99386847
vt 0.32110462 0.99223028
vt 0.32110462 0.99080361
vt 0.32110462 0.98939551
vt 0.32110462 0.98806561
vt 0.32110462 0.98687255
vt 0.32110462 0.98574874
vt 0.32110462 0.98458712
vt 0.32110462 0.9834078
vt 0.32110462 0.98224735
vt 0.32110462 0.9809824
vt 0.32110462 0.9795326
vt 0.32110462 0.97802831
vt 0.32110462 0.97661036
vt 0.32110462 0.97528008
vt 0.32110462 0.97393686
vt 0.32110462 0.9725664
vt 0.32110462 0.97115862
vt 0.32110462 0.96964435
vt 0.32110462 0.96803741
vt 0.32110462 0.96645768
vt 0.32110462 0.96501921
vt 0.32110462 0.9637219
vt 0.32110462 0.96244291
vt 0.32110462 0.96116384
vt 0.32110462 0.95991096
vt 0.32110462 0.95867051
vt 0.32110462 0.95743066
vt 0.32110462 0.95619993
vt 0.32110462 0.95495816
vt 0.32110462 0.95350872
vt 0.32110462 0.95186968
vt 0.32110462 0.95035816
vt 0.32110462 0.94931076
vt 0.33663287 0.99581656
vt 0.33663287 0.99477457
vt 0.33663287 0.99322363
vt 0.33663287 0.99153034
vt 0.33663287 0.99004417
vt 0.33663287 0.98875276
vt 0.33663287 0.98747858
vt 0.33663287 0.98627496
vt 0.33663287 0.98519421
vt 0.33663287 0.98417293
vt 0.33663287 0.98311336
vt 0.33663287 0.98203519
vt 0.33663287 0.98097323
vt 0.33663287 0.97981628
vt 0.33663287 0.97849238
vt 0.33663287 0.97712144
vt 0.33663287 0.9758325
vt 0.33663287 0.97462682
vt 0.33663287 0.97341183
vt 0.33663287 0.97217358
vt 0.33663287 0.97090178
vt 0.33663287 0.96953208
vt 0.33663287 0.96807611
vt 0.33663287 0.96664264
vt 0.33663287 0.96533527
vt 0.33663287 0.96415339
vt 0.33663287 0.96298532
vt 0.33663287 0.96181625
vt 0.33663287 0.96067113
vt 0.33663287 0.95953735
vt 0.33663287 0.95840414
vt 0.33663287 0.95727925
vt 0.33663287 0.95614427
vt 0.33663287 0.95481948
vt 0.33663287 0.9533214
vt 0.33663287 0.95193987
vt 0.33663287 0.95098255
vt 0.35216112 0.99391841
vt 0.35216112 0.99295638
vt 0.35216112 0.99152128
vt 0.35216112 0.98995114
vt 0.35216112 0.98856858
vt 0.35216112 0.98736369
vt 0.35216112 0.98617434
vt 0.35216112 0.9850511
vt 0.35216112 0.98404372
vt 0.35216112 0.98309577
vt 0.35216112 0.98211709
vt 0.35216112 0.98112424
vt 0.35216112 0.98014758
vt 0.35216112 0.97908281
vt 0.35216112 0.97786179
vt 0.35216112 0.97659409
vt 0.35216112 0.97539816
vt 0.35216112 0.97427512
vt 0.35216112 0.97314044
vt 0.35216112 0.97198233
vt 0.35216112 0.97079264
vt 0.35216112 0.96951347
vt 0.35216112 0.96815673
vt 0.35216112 0.96682361
vt 0.35216112 0.96561031
vt 0.35216112 0.9645169
vt 0.35216112 0.96343979
vt 0.35216112 0.96236288
vt 0.35216112 0.96130803
vt 0.35216112 0.96026364
vt 0.35216112 0.95921977
vt 0.35216112 0.95818356
vt 0.35216112 0.95713806
vt 0.35216112 0.95591771
vt 0.35216112 0.95453773
vt 0.35216112 0.95326512
vt 0.35216112 0.95238327
vt 0.36768937 0.992856
vt 0.36768937 0.99195195
vt 0.36768937 0.99059536
vt 0.36768937 0.98910281
vt 0.36768937 0.98777733
vt 0.36768937 0.98661334
vt 0.36768937 0.98546286
vt 0.36768937 0.98437673
vt 0.36768937 0.98340526
vt 0.36768937 0.98250077
vt 0.36768937 0.98157917
vt 0.36768937 0.98065219
vt 0.36768937 0.97974378
vt 0.36768937 0.97875169
vt 0.36768937 0.97760749
vt 0.36768937 0.97641118
vt 0.36768937 0.97527234
vt 0.36768937 0.97419202
vt 0.36768937 0.97309314
vt 0.36768937 0.97196741
vt 0.36768937 0.97081051
vt 0.36768937 0.96957176
vt 0.36768937 0.96826535
vt 0.36768937 0.96698824
vt 0.36768937 0.96583227
vt 0.36768937 0.9647991
vt 0.36768937 0.96379021
vt 0.36768937 0.96278437
vt 0.36768937 0.96179913
vt 0.36768937 0.96082366
vt 0.36768937 0.95984867
vt 0.36768937 0.95888084
vt 0.36768937 0.95790433
vt 0.36768937 0.95676451
vt 0.36768937 0.9554756
vt 0.36768937 0.95428697
vt 0.36768937 0.95346331
vt 0.38321762 0.99262884
vt 0.38321762 0.99175911
vt 0.38321762 0.99044218
vt 0.38321762 0.98898097
vt 0.38321762 0.9876668
vt 0.38321762 0.98649963
vt 0.38321762 0.98534344
vt 0.38321762 0.98425187
vt 0.38321762 0.9832785
vt 0.38321762 0.98238543
vt 0.38321762 0.98149375
vt 0.38321762 0.98060956
vt 0.38321762 0.9797491
vt 0.38321762 0.97880729
vt 0.38321762 0.97771129
vt 0.38321762 0.97655277
vt 0.38321762 0.97543455
vt 0.38321762 0.97435779
vt 0.38321762 0.97325197
vt 0.38321762 0.9721133
vt 0.38321762 0.9709425
vt 0.38321762 0.96969626
vt 0.38321762 0.96839261
vt 0.38321762 0.96712767
vt 0.38321762 0.96599192
vt 0.38321762 0.96498941
vt 0.38321762 0.96402372
vt 0.38321762 0.96306523
vt 0.38321762 0.96212638
vt 0.38321762 0.96119683
vt 0.38321762 0.96026774
vt 0.38321762 0.95934548
vt 0.38321762 0.95841495
vt 0.38321762 0.95732879
vt 0.38321762 0.95610056
vt 0.38321762 0.95496789
vt 0.38321762 0.95418301
vt 0.39874587 0.99326285
vt 0.39874587 0.9924024
vt 0.39874587 0.99108456
vt 0.39874587 0.989607
vt 0.39874587 0.98825761
vt 0.39874587 0.98704278
vt 0.39874587 0.98583563
vt 0.39874587 0.98469498
vt 0.39874587 0.98368006
vt 0.39874587 0.98276344
vt 0.39874587 0.981871
vt 0.39874587 0.98100339
vt 0.39874587 0.98016815
vt 0.39874587 0.97925223
vt 0.39874587 0.97817387
vt 0.39874587 0.97701773
vt 0.39874587 0.97588231
vt 0.39874587 0.97476924
vt 0.39874587 0.9736135
vt 0.39874587 0.97241665
vt 0.39874587 0.9711854
vt 0.39874587 0.96988364
vt 0.39874587 0.96853467
vt 0.39874587 0.96723714
vt 0.39874587 0.96608333
vt 0.39874587 0.96508041
vt 0.39874587 0.96413114
vt 0.39874587 0.96319444
vt 0.39874587 0.96227692
vt 0.39874587 0.9613685
vt 0.39874587 0.96046053
vt 0.39874587 0.95955923
vt 0.39874587 0.95864985
vt 0.39874587 0.95758838
vt 0.39874587 0.95638806
vt 0.39874587 0.95528114
vt 0.39874587 0.95451409
vt 0.41427412 0.99480295
vt 0.41427412 0.99392571
vt 0.41427412 0.99256472
vt 0.41427412 0.99102113
vt 0.41427412 0.98958806
vt 0.41427412 0.98827907
vt 0.41427412 0.9869735
vt 0.41427412 0.98573768
vt 0.41427412 0.98463889
vt 0.41427412 0.9836606
vt 0.41427412 0.98273357
vt 0.41427412 0.98185385
vt 0.41427412 0.98101964
vt 0.41427412 0.98010418
vt 0.41427412 0.9790116
vt 0.41427412 0.97782082
vt 0.41427412 0.97662856
vt 0.41427412 0.97543741
vt 0.41427412 0.97418687
vt 0.41427412 0.97288465
vt 0.41427412 0.97154445
vt 0.41427412 0.9701371
vt 0.41427412 0.96869264
vt 0.41427412 0.96731581
vt 0.41427412 0.96610392
vt 0.41427412 0.9650681
vt 0.41427412 0.96410736
vt 0.41427412 0.96316584
vt 0.41427412 0.9622436
vt 0.41427412 0.96133051
vt 0.41427412 0.96041786
vt 0.41427412 0.95951192
vt 0.41427412 0.95859785
vt 0.41427412 0.95753092
vt 0.41427412 0.95632443
vt 0.41427412 0.9552118
vt 0.41427412 0.95444081
vn 0.792194 -0.079457 0.605075
vn 0.792321 -0.07742 0.605172
vn 0.793676 -0.050905 0.606207
vn 0.794608 0.015759 0.606918
vn 0.789027 0.119341 0.602656
vn 0.775614 0.217882 0.592411
vn 0.76045 0.290439 0.580828
vn 0.740993 0.361402 0.565967
vn 0.705244 0.46095 0.538662
vn 0.628865 0.611406 0.480324
vn 0.49197 0.785345 0.375764
vn 0.263606 0.943384 0.201341
vn -0.113075 0.989826 -0.086366
vn -0.450227 0.82404 -0.343881
vn -0.614836 0.633596 -0.469609
vn -0.701349 0.470263 -0.535688
vn -0.752045 0.323237 -0.574409
vn -0.777538 0.206737 -0.59388
vn -0.788943 0.120216 -0.602592
vn -0.793849 0.046442 -0.606339
vn -0.794471 -0.024372 -0.606813
vn -0.791088 -0.095321 -0.60423
vn -0.783466 -0.167594 -0.598408
vn -0.768764 -0.253422 -0.587179
vn -0.729275 -0.397354 -0.557017
vn -0.622359 -0.621857 -0.475356
vn -0.487933 -0.789322 -0.372681
vn -0.468936 -0.807349 -0.358171
vn -0.518517 -0.757821 -0.396041
vn -0.545011 -0.727789 -0.416277
vn -0.57665 -0.688102 -0.440443
vn -0.645922 -0.582571 -0.493352
vn -0.731017 -0.392252 -0.558348
vn -0.775958 -0.215936 -0.592673
vn -0.788343 -0.126295 -0.602133
vn -0.790583 -0.101742 -0.603844
vn -0.794707 0 -0.606994
vn 0.768639 -0.079562 0.634716
vn 0.76876 -0.077572 0.634816
vn 0.770078 -0.051048 0.635904
vn 0.770987 0.015817 0.636655
vn 0.765522 0.119888 0.632142
vn 0.752365 0.219002 0.621277
vn 0.737476 0.29201 0.608983
vn 0.718353 0.363446 0.593192
vn 0.683214 0.463601 0.564175
vn 0.608252 0.614615 0.502274
vn 0.474335 0.788407 0.39169
vn 0.252128 0.945031 0.208199
vn -0.111891 0.989416 -0.092395
vn -0.43679 0.824087 -0.360687
vn -0.595916 0.634613 -0.492088
vn -0.679912 0.471693 -0.561449
vn -0.729329 0.324605 -0.602255
vn -0.754257 0.207763 -0.62284
vn -0.765432 0.120852 -0.632068
vn -0.770242 0.046693 -0.63604
vn -0.770852 -0.0245 -0.636543
vn -0.767538 -0.095784 -0.633807
vn -0.76008 -0.168334 -0.627648
vn -0.74571 -0.254417 -0.615783
vn -0.707178 -0.398606 -0.583963
vn -0.603229 -0.622885 -0.498126
vn -0.473163 -0.78959 -0.390722
vn -0.454996 -0.807349 -0.37572
vn -0.503103 -0.757821 -0.415446
vn -0.52881 -0.727789 -0.436673
vn -0.559509 -0.688102 -0.462023
vn -0.626721 -0.582571 -0.517525
vn -0.709287 -0.392252 -0.585705
vn -0.752891 -0.215936 -0.621712
vn -0.764909 -0.126295 -0.631636
vn -0.767082 -0.101742 -0.63343
vn -0.771083 0 -0.636734
vn 0.743081 -0.079945 0.664409
vn 0.743188 -0.078126 0.664505
vn 0.744475 -0.051567 0.665656
vn 0.745371 0.016029 0.666457
vn 0.739907 0.121901 0.661572
vn 0.726672 0.223132 0.649738
vn 0.711643 0.297803 0.6363
vn 0.692268 0.37099 0.618976
vn 0.656654 0.473372 0.587132
vn 0.581112 0.626368 0.519588
vn 0.447806 0.799471 0.400396
vn 0.230918 0.950814 0.20647
vn -0.115734 0.987875 -0.103481
vn -0.422096 0.824256 -0.377408
vn -0.573855 0.638294 -0.513099
vn -0.655231 0.476907 -0.58586
vn -0.703805 0.329622 -0.629291
vn -0.728596 0.211542 -0.651458
vn -0.739788 0.1232 -0.661465
vn -0.744621 0.047617 -0.665786
vn -0.745235 -0.024971 -0.666335
vn -0.741916 -0.097491 -0.663367
vn -0.73448 -0.171054 -0.656719
vn -0.720217 -0.258063 -0.643966
vn -0.682194 -0.403176 -0.609968
vn -0.580969 -0.626607 -0.51946
vn -0.456516 -0.790557 -0.408183
vn -0.439881 -0.807349 -0.393309
vn -0.48639 -0.757821 -0.434894
vn -0.511242 -0.727789 -0.457116
vn -0.540921 -0.688102 -0.483652
vn -0.605901 -0.582571 -0.541753
vn -0.685723 -0.392252 -0.613124
vn -0.72788 -0.215936 -0.650817
vn -0.739498 -0.126295 -0.661205
vn -0.741599 -0.101742 -0.663084
vn -0.745467 0 -0.666543
vn 0.715485 -0.080589 0.693965
vn 0.715572 -0.079066 0.694049
vn 0.716831 -0.052454 0.695271
vn 0.717723 0.016394 0.696136
vn 0.712153 0.125401 0.690733
vn 0.698517 0.230344 0.677507
vn 0.682939 0.307935 0.662398
vn 0.66273 0.38419 0.642796
vn 0.625571 0.490417 0.606755
vn 0.547582 0.646587 0.531111
vn 0.412974 0.81793 0.400553
vn 0.201319 0.959866 0.195264
vn -0.123468 0.985096 -0.119754
vn -0.406147 0.824538 -0.393931
vn -0.548862 0.644477 -0.532353
vn -0.627426 0.485796 -0.608555
vn -0.675497 0.338294 -0.65518
vn -0.700534 0.218131 -0.679464
vn -0.711979 0.12731 -0.690564
vn -0.716949 0.049238 -0.695385
vn -0.717581 -0.025795 -0.695997
vn -0.714188 -0.100466 -0.692707
vn -0.706644 -0.175773 -0.685389
vn -0.692284 -0.264353 -0.671461
vn -0.654394 -0.410987 -0.634711
vn -0.555782 -0.632862 -0.539066
vn -0.438091 -0.792164 -0.424915
vn -0.423567 -0.807349 -0.410827
vn -0.468351 -0.757821 -0.454264
vn -0.492282 -0.727789 -0.477475
vn -0.52086 -0.688102 -0.505193
vn -0.583429 -0.582571 -0.565881
vn -0.660292 -0.392252 -0.640432
vn -0.700884 -0.215936 -0.679803
vn -0.712072 -0.126295 -0.690654
vn -0.714095 -0.101742 -0.692616
vn -0.71782 0 -0.696229
vn 0.685843 -0.081468 0.723175
vn 0.685905 -0.080359 0.72324
vn 0.687138 -0.053689 0.72454
vn 0.688032 0.016909 0.725483
vn 0.682254 0.13041 0.71939
vn 0.667893 0.240738 0.704247
vn 0.651349 0.322562 0.686803
vn 0.629699 0.403257 0.663975
vn 0.589899 0.514903 0.622008
vn 0.507734 0.67497 0.535371
vn 0.370582 0.842604 0.390753
vn 0.165139 0.970777 0.174127
vn -0.133632 0.980963 -0.140906
vn -0.38897 0.824915 -0.410143
vn -0.521235 0.652875 -0.549607
vn -0.596676 0.49814 -0.629154
vn -0.644454 0.350592 -0.679533
vn -0.67007 0.227603 -0.706543
vn -0.681993 0.133258 -0.719116
vn -0.687214 0.051589 -0.724621
vn -0.68788 -0.026988 -0.725323
vn -0.684345 -0.104744 -0.721596
vn -0.676573 -0.182505 -0.713401
vn -0.661943 -0.273249 -0.697973
vn -0.623896 -0.421876 -0.657856
vn -0.527958 -0.641366 -0.556696
vn -0.418042 -0.794317 -0.440797
vn -0.406048 -0.807349 -0.42815
vn -0.44898 -0.757821 -0.473419
vn -0.471921 -0.727789 -0.497608
vn -0.499317 -0.688102 -0.526496
vn -0.559299 -0.582571 -0.589742
vn -0.632982 -0.392252 -0.667437
vn -0.671896 -0.215936 -0.708468
vn -0.682621 -0.126295 -0.719777
vn -0.68456 -0.101742 -0.721822
vn -0.688131 0 -0.725587
vn 0.654182 -0.082541 0.75182
vn 0.654214 -0.081959 0.751856
vn 0.65542 -0.055242 0.753242
vn 0.656321 0.017567 0.754278
vn 0.650239 0.136931 0.747288
vn 0.634827 0.254391 0.729576
vn 0.616884 0.341816 0.708955
vn 0.593151 0.428352 0.68168
vn 0.549582 0.546837 0.631608
vn 0.46177 0.710729 0.53069
vn 0.321808 0.871585 0.369838
vn 0.12473 0.981781 0.143346
vn -0.144601 0.975435 -0.166182
vn -0.370615 0.825365 -0.42593
vn -0.491367 0.663075 -0.564704
vn -0.563242 0.513568 -0.647307
vn -0.610774 0.366393 -0.701933
vn -0.637236 0.240004 -0.732345
vn -0.649853 0.141117 -0.746845
vn -0.655439 0.054704 -0.753264
vn -0.656154 -0.028564 -0.754086
vn -0.652413 -0.110347 -0.749787
vn -0.644308 -0.191232 -0.740472
vn -0.629268 -0.284644 -0.723187
vn -0.590885 -0.435559 -0.679075
vn -0.497877 -0.651707 -0.572186
vn -0.396562 -0.796888 -0.45575
vn -0.387337 -0.807349 -0.445148
vn -0.428291 -0.757821 -0.492214
vn -0.450175 -0.727789 -0.517364
vn -0.476309 -0.688102 -0.547399
vn -0.533527 -0.582571 -0.613156
vn -0.603815 -0.392252 -0.693935
vn -0.640935 -0.215936 -0.736596
vn -0.651166 -0.126295 -0.748353
vn -0.653016 -0.101742 -0.750479
vn -0.656422 0 -0.754394
vn 0.620563 -0.083757 0.77967
vn 0.620561 -0.083796 0.779668
vn 0.621737 -0.057061 0.781145
vn 0.622647 0.018355 0.782288
vn 0.616179 0.144907 0.774161
vn 0.5994 0.271274 0.753081
vn 0.579623 0.365667 0.728234
vn 0.553149 0.459392 0.694972
vn 0.504725 0.585773 0.634131
vn 0.410316 0.752252 0.515517
vn 0.268573 0.902224 0.337433
vn 0.082955 0.991088 0.104224
vn -0.154751 0.968633 -0.194428
vn -0.351153 0.825861 -0.441186
vn -0.45974 0.674539 -0.577613
vn -0.527509 0.531496 -0.662757
vn -0.574646 0.385393 -0.721979
vn -0.602119 0.255277 -0.756496
vn -0.615619 0.150911 -0.773459
vn -0.621681 0.058602 -0.781075
vn -0.622461 -0.030527 -0.782055
vn -0.618456 -0.117253 -0.777023
vn -0.609934 -0.201846 -0.766315
vn -0.594399 -0.298298 -0.746798
vn -0.555642 -0.451569 -0.698103
vn -0.466013 -0.663346 -0.585494
vn -0.373881 -0.799723 -0.46974
vn -0.36747 -0.807349 -0.461685
vn -0.406322 -0.757821 -0.5105
vn -0.427084 -0.727789 -0.536584
vn -0.451877 -0.688102 -0.567734
vn -0.50616 -0.582571 -0.635935
vn -0.572843 -0.392252 -0.719715
vn -0.608059 -0.215936 -0.76396
vn -0.617765 -0.126295 -0.776154
vn -0.61952 -0.101742 -0.778359
vn -0.622752 0 -0.78242
vn 0.585089 -0.085051 0.806497
vn 0.585052 -0.085782 0.806446
vn 0.586191 -0.059068 0.808016
vn 0.587108 0.019246 0.80928
vn 0.580196 0.154169 0.799753
vn 0.561783 0.291118 0.774371
vn 0.539785 0.393728 0.74405
vn 0.509972 0.495766 0.702954
vn 0.455829 0.63042 0.628323
vn 0.354795 0.796835 0.489055
vn 0.213733 0.931408 0.294613
vn 0.042951 0.997321 0.059205
vn -0.162646 0.960876 -0.224194
vn -0.330675 0.826373 -0.455809
vn -0.426916 0.68662 -0.588469
vn -0.490002 0.551086 -0.675427
vn -0.536383 0.406988 -0.73936
vn -0.564886 0.273145 -0.778649
vn -0.579408 0.162541 -0.798666
vn -0.586041 0.063256 -0.807809
vn -0.5869 -0.03286 -0.808993
vn -0.582585 -0.125347 -0.803046
vn -0.573602 -0.214087 -0.790663
vn -0.557562 -0.313766 -0.768554
vn -0.518563 -0.46921 -0.714797
vn -0.432919 -0.675631 -0.596744
vn -0.350243 -0.802654 -0.482781
vn -0.346501 -0.807349 -0.477623
vn -0.383137 -0.757821 -0.528123
vn -0.402714 -0.727789 -0.555108
vn -0.426093 -0.688102 -0.587333
vn -0.477278 -0.582571 -0.657888
vn -0.540156 -0.392252 -0.74456
vn -0.573363 -0.215936 -0.790333
vn -0.582515 -0.126295 -0.802948
vn -0.58417 -0.101742 -0.805229
vn -0.587217 0 -0.80943
vn 0.547899 -0.086347 0.832076
vn 0.547829 -0.087803 0.83197
vn 0.548924 -0.061159 0.833632
vn 0.549841 0.020199 0.835025
vn 0.542474 0.164361 0.823837
vn 0.522277 0.313234 0.793165
vn 0.497819 0.424983 0.75602
vn 0.464289 0.535975 0.7051
vn 0.404113 0.678269 0.613713
vn 0.297749 0.840761 0.452181
vn 0.160931 0.956227 0.2444
vn 0.0077 0.999902 0.011694
vn -0.16717 0.952681 -0.253875
vn -0.30929 0.82687 -0.469708
vn -0.393504 0.698589 -0.597601
vn -0.451398 0.571227 -0.685522
vn -0.496474 0.430154 -0.753977
vn -0.525824 0.29296 -0.798551
vn -0.541401 0.175669 -0.822208
vn -0.54866 0.068544 -0.833231
vn -0.549607 -0.035496 -0.834669
vn -0.544968 -0.134348 -0.827624
vn -0.535539 -0.227453 -0.813304
vn -0.519084 -0.330318 -0.788316
vn -0.480172 -0.487516 -0.729221
vn -0.3992 -0.687823 -0.606251
vn -0.325898 -0.805503 -0.49493
vn -0.324513 -0.807349 -0.492827
vn -0.358824 -0.757821 -0.544934
vn -0.377159 -0.727789 -0.572778
vn -0.399054 -0.688102 -0.606029
vn -0.446991 -0.582571 -0.67883
vn -0.505879 -0.392252 -0.768261
vn -0.536979 -0.215936 -0.815491
vn -0.54555 -0.126295 -0.828508
vn -0.5471 -0.101742 -0.830861
vn -0.549953 0 -0.835195
vn 0.509173 -0.087563 0.856198
vn 0.509075 -0.089729 0.856033
vn 0.510115 -0.063196 0.857782
vn 0.511022 0.021153 0.859307
vn 0.50326 0.174875 0.846255
vn 0.48136 0.33633 0.809429
vn 0.454501 0.457525 0.764264
vn 0.417344 0.577341 0.701784
vn 0.351767 0.725516 0.591512
vn 0.242805 0.87997 0.408288
vn 0.114006 0.974808 0.191706
vn -0.020456 0.999199 -0.034398
vn -0.167624 0.944697 -0.281867
vn -0.287119 0.827323 -0.482803
vn -0.360106 0.709684 -0.605535
vn -0.412483 0.590562 -0.693609
vn -0.455585 0.453377 -0.766088
vn -0.485361 0.313548 -0.816157
vn -0.501867 0.189584 -0.843912
vn -0.509728 0.074192 -0.857131
vn -0.510762 -0.038293 -0.858869
vn -0.505829 -0.14374 -0.850574
vn -0.496055 -0.241122 -0.83414
vn -0.479399 -0.346885 -0.806131
vn -0.441091 -0.50527 -0.741715
vn -0.365455 -0.69914 -0.614529
vn -0.301082 -0.8081 -0.506284
vn -0.301608 -0.807349 -0.507168
vn -0.333498 -0.757821 -0.560792
vn -0.350538 -0.727789 -0.589446
vn -0.370888 -0.688102 -0.623665
vn -0.415441 -0.582571 -0.698584
vn -0.470173 -0.392252 -0.790617
vn -0.499077 -0.215936 -0.839222
vn -0.507044 -0.126295 -0.852617
vn -0.508484 -0.101742 -0.85504
vn -0.511136 0 -0.8595
vn 0.469123 -0.088614 0.878676
vn 0.469003 -0.091418 0.878452
vn 0.469979 -0.065021 0.88028
vn 0.470861 0.022029 0.881932
vn 0.462862 0.184815 0.86695
vn 0.439688 0.358401 0.823543
vn 0.410966 0.488461 0.769748
vn 0.370998 0.61603 0.694887
vn 0.301871 0.767583 0.565411
vn 0.194024 0.911201 0.363411
vn 0.076114 0.986855 0.142563
vn -0.040164 0.996357 -0.075228
vn -0.163739 0.937621 -0.306687
vn -0.264294 0.827705 -0.495028
vn -0.327252 0.719165 -0.61295
vn -0.374067 0.607605 -0.700635
vn -0.41453 0.474694 -0.776422
vn -0.444073 0.333132 -0.831758
vn -0.46116 0.2031 -0.863761
vn -0.469477 0.079723 -0.879338
vn -0.470579 -0.041016 -0.881404
vn -0.465451 -0.152722 -0.871798
vn -0.455538 -0.253934 -0.853231
vn -0.439017 -0.362089 -0.822287
vn -0.401983 -0.521074 -0.752922
vn -0.332219 -0.708825 -0.622252
vn -0.276006 -0.810289 -0.516964
vn -0.27791 -0.807349 -0.520531
vn -0.307294 -0.757821 -0.575568
vn -0.322996 -0.727789 -0.604977
vn -0.341746 -0.688102 -0.640097
vn -0.3828 -0.582571 -0.716991
vn -0.43323 -0.392252 -0.811449
vn -0.459864 -0.215936 -0.861334
vn -0.467204 -0.126295 -0.875083
vn -0.468532 -0.101742 -0.877569
vn -0.470976 0 -0.882146
vn 0.427989 -0.089422 0.899349
vn 0.427859 -0.092733 0.899076
vn 0.42876 -0.066466 0.90097
vn 0.4296 0.022739 0.902733
vn 0.421626 0.193065 0.885978
vn 0.398026 0.376871 0.836387
vn 0.368557 0.514171 0.774463
vn 0.327434 0.647593 0.688048
vn 0.257719 0.800187 0.541555
vn 0.15476 0.932895 0.325202
vn 0.049 0.993477 0.102965
vn -0.051149 0.992891 -0.10748
vn -0.155646 0.932097 -0.327064
vn -0.240956 0.827992 -0.506329
vn -0.295336 0.726383 -0.6206
vn -0.336845 0.620904 -0.707824
vn -0.374127 0.491907 -0.786166
vn -0.402618 0.349459 -0.846036
vn -0.4197 0.21459 -0.881931
vn -0.428175 0.084464 -0.89974
vn -0.429307 -0.043337 -0.902118
vn -0.424157 -0.160253 -0.891297
vn -0.414409 -0.264484 -0.870812
vn -0.398461 -0.374375 -0.8373
vn -0.363445 -0.533514 -0.763721
vn -0.29989 -0.716207 -0.63017
vn -0.250841 -0.811938 -0.527101
vn -0.253561 -0.807349 -0.532817
vn -0.28037 -0.757821 -0.589152
vn -0.294696 -0.727789 -0.619256
vn -0.311804 -0.688102 -0.655205
vn -0.34926 -0.582571 -0.733913
vn -0.395273 -0.392252 -0.830601
vn -0.419573 -0.215936 -0.881663
vn -0.42627 -0.126295 -0.895736
vn -0.427481 -0.101742 -0.898281
vn -0.429711 0 -0.902967
vn 0.386034 -0.089923 0.918091
vn 0.385904 -0.093556 0.917783
vn 0.386723 -0.067382 0.919731
vn 0.3875 0.023196 0.921578
vn 0.379893 0.198482 0.903486
vn 0.357065 0.389063 0.849196
vn 0.328438 0.53103 0.781112
vn 0.288457 0.667951 0.686028
vn 0.221671 0.820323 0.527193
vn 0.126614 0.945142 0.301122
vn 0.032748 0.996424 0.077884
vn -0.05407 0.990222 -0.128593
vn -0.143797 0.928637 -0.341988
vn -0.217244 0.828168 -0.516664
vn -0.264562 0.730833 -0.629198
vn -0.301249 0.629243 -0.716451
vn -0.335008 0.50297 -0.796738
vn -0.361585 0.360209 -0.859945
vn -0.377908 0.222272 -0.898766
vn -0.386113 0.087653 -0.918278
vn -0.387214 -0.044891 -0.920897
vn -0.382276 -0.165236 -0.909155
vn -0.37306 -0.271368 -0.887235
vn -0.358164 -0.382281 -0.85181
vn -0.325892 -0.541367 -0.775059
vn -0.268681 -0.720762 -0.638994
vn -0.225717 -0.812947 -0.536814
vn -0.228715 -0.807349 -0.543945
vn -0.252897 -0.757821 -0.601457
vn -0.26582 -0.727789 -0.632189
vn -0.281251 -0.688102 -0.66889
vn -0.315037 -0.582571 -0.749242
vn -0.356541 -0.392252 -0.847949
vn -0.37846 -0.215936 -0.900078
vn -0.384501 -0.126295 -0.914444
vn -0.385593 -0.101742 -0.917042
vn -0.387604 0 -0.921826
vn 0.343532 -0.090078 0.934811
vn 0.343413 -0.093811 0.934488
vn 0.344143 -0.067668 0.936476
vn 0.34484 0.02334 0.938371
vn 0.33795 0.200202 0.919624
vn 0.317188 0.392946 0.863125
vn 0.291116 0.536379 0.79218
vn 0.254704 0.674348 0.693095
vn 0.194177 0.826497 0.528392
vn 0.109044 0.948715 0.296729
vn 0.026002 0.997155 0.070757
vn -0.05027 0.989323 -0.136794
vn -0.128888 0.927565 -0.350729
vn -0.193301 0.828222 -0.526006
vn -0.23493 0.732202 -0.639287
vn -0.267361 0.63183 -0.727536
vn -0.297427 0.506445 -0.809352
vn -0.321321 0.363628 -0.874373
vn -0.33611 0.224735 -0.914617
vn -0.343575 0.088679 -0.934929
vn -0.344578 -0.04539 -0.93766
vn -0.3401 -0.166825 -0.925474
vn -0.331777 -0.273548 -0.902826
vn -0.318379 -0.384766 -0.866366
vn -0.289471 -0.543812 -0.787703
vn -0.238598 -0.722164 -0.649269
vn -0.200719 -0.813256 -0.546192
vn -0.203536 -0.807349 -0.553859
vn -0.225057 -0.757821 -0.612419
vn -0.236556 -0.727789 -0.643711
vn -0.250289 -0.688102 -0.681081
vn -0.280355 -0.582571 -0.762897
vn -0.31729 -0.392252 -0.863403
vn -0.336796 -0.215936 -0.916482
vn -0.342172 -0.126295 -0.931111
vn -0.343144 -0.101742 -0.933756
vn -0.344934 0 -0.938627
vn 0.30076 -0.089874 0.949456
vn 0.30066 -0.093474 0.94914
vn 0.301298 -0.067291 0.951153
vn 0.301901 0.02315 0.953058
vn 0.296007 0.197935 0.934453
vn 0.278346 0.387829 0.878699
vn 0.256207 0.529329 0.808807
vn 0.225288 0.665909 0.711203
vn 0.173561 0.818336 0.547907
vn 0.099659 0.943975 0.31461
vn 0.026397 0.996172 0.083332
vn -0.041519 0.990504 -0.131069
vn -0.111772 0.928981 -0.352848
vn -0.169262 0.828151 -0.534337
vn -0.206262 0.730393 -0.651139
vn -0.234905 0.628414 -0.741562
vn -0.261199 0.501861 -0.824567
vn -0.281837 0.359122 -0.889719
vn -0.294482 0.221491 -0.929636
vn -0.300828 0.087328 -0.949672
vn -0.30168 -0.044733 -0.952359
vn -0.297856 -0.164731 -0.94029
vn -0.290709 -0.270674 -0.917727
vn -0.279144 -0.381488 -0.881218
vn -0.254054 -0.540585 -0.802013
vn -0.20947 -0.720312 -0.661267
vn -0.175897 -0.812847 -0.555283
vn -0.178192 -0.807349 -0.562526
vn -0.197032 -0.757821 -0.622002
vn -0.2071 -0.727789 -0.653784
vn -0.219122 -0.688102 -0.691737
vn -0.245445 -0.582571 -0.774834
vn -0.27778 -0.392252 -0.876913
vn -0.294857 -0.215936 -0.930823
vn -0.299564 -0.126295 -0.94568
vn -0.300415 -0.101742 -0.948367
vn -0.301982 0 -0.953314
vn 0.257993 -0.089326 0.962009
vn 0.257916 -0.092577 0.961722
vn 0.258459 -0.066293 0.963745
vn 0.258962 0.022653 0.965622
vn 0.254206 0.192062 0.947888
vn 0.240166 0.374619 0.895534
vn 0.222649 0.511046 0.830216
vn 0.198209 0.643789 0.739087
vn 0.156672 0.796345 0.5842
vn 0.094909 0.930456 0.353898
vn 0.030992 0.992816 0.115564
vn -0.029813 0.993354 -0.111169
vn -0.093385 0.932752 -0.348215
vn -0.14526 0.827959 -0.541649
vn -0.17826 0.725534 -0.664698
vn -0.203372 0.619326 -0.758337
vn -0.225825 0.489837 -0.842059
vn -0.242888 0.347471 -0.905687
vn -0.253074 0.21318 -0.943667
vn -0.258116 0.08388 -0.962466
vn -0.258788 -0.043052 -0.964974
vn -0.255719 -0.159333 -0.953531
vn -0.249895 -0.263205 -0.931813
vn -0.240345 -0.372897 -0.896204
vn -0.219325 -0.532033 -0.817825
vn -0.181003 -0.715339 -0.674928
vn -0.151276 -0.811745 -0.56408
vn -0.152846 -0.807349 -0.569935
vn -0.169006 -0.757821 -0.630194
vn -0.177642 -0.727789 -0.662395
vn -0.187955 -0.688102 -0.700848
vn -0.210533 -0.582571 -0.78504
vn -0.238269 -0.392252 -0.888463
vn -0.252917 -0.215936 -0.943082
vn -0.256954 -0.126295 -0.958136
vn -0.257684 -0.101742 -0.960858
vn -0.259028 0 -0.96587
vn 0.215492 -0.08848 0.972489
vn 0.215439 -0.091203 0.972249
vn 0.215886 -0.064786 0.974267
vn 0.216289 0.021915 0.976083
vn 0.212667 0.183506 0.959739
vn 0.20221 0.355482 0.912548
vn 0.189267 0.484382 0.854138
vn 0.171267 0.610969 0.772906
vn 0.140044 0.762208 0.632002
vn 0.090916 0.90741 0.410294
vn 0.036658 0.985539 0.165433
vn -0.017224 0.996826 -0.077731
vn -0.074682 0.938526 -0.337032
vn -0.121418 0.827657 -0.547943
vn -0.15059 0.717967 -0.679592
vn -0.172186 0.605426 -0.777053
vn -0.190735 0.471922 -0.860761
vn -0.20418 0.330547 -0.921439
vn -0.211912 0.201299 -0.956333
vn -0.215665 0.078984 -0.973268
vn -0.216162 -0.040653 -0.975511
vn -0.213842 -0.151533 -0.965044
vn -0.209344 -0.252253 -0.944745
vn -0.201826 -0.360112 -0.910816
vn -0.184917 -0.519044 -0.834505
vn -0.152869 -0.707601 -0.689878
vn -0.126864 -0.810014 -0.572523
vn -0.127657 -0.807349 -0.5761
vn -0.141154 -0.757821 -0.637011
vn -0.148367 -0.727789 -0.66956
vn -0.15698 -0.688102 -0.70843
vn -0.175837 -0.582571 -0.793532
vn -0.199003 -0.392252 -0.898074
vn -0.211237 -0.215936 -0.953284
vn -0.214608 -0.126295 -0.9685
vn -0.215218 -0.101742 -0.971252
vn -0.216341 0 -0.976318
vn 0.173501 -0.087402 0.980948
vn 0.173469 -0.089472 0.980767
vn 0.173822 -0.062922 0.982765
vn 0.174129 0.021023 0.984498
vn 0.171529 0.173422 0.969795
vn 0.16422 0.333124 0.928472
vn 0.155271 0.453017 0.877876
vn 0.142904 0.571647 0.807959
vn 0.121022 0.719144 0.684241
vn 0.08434 0.874932 0.476845
vn 0.040474 0.972624 0.228832
vn -0.005739 0.999457 -0.032449
vn -0.056576 0.94577 -0.319872
vn -0.09785 0.827264 -0.553227
vn -0.122961 0.70822 -0.695201
vn -0.140881 0.587974 -0.796517
vn -0.155518 0.45021 -0.879275
vn -0.165548 0.310696 -0.935982
vn -0.171074 0.187639 -0.967226
vn -0.173698 0.0734 -0.98206
vn -0.174042 -0.037902 -0.984008
vn -0.172392 -0.142436 -0.974676
vn -0.16911 -0.239241 -0.95612
vn -0.163498 -0.344627 -0.924392
vn -0.150543 -0.502883 -0.851144
vn -0.124781 -0.697646 -0.705493
vn -0.102674 -0.80776 -0.580501
vn -0.102772 -0.807349 -0.581055
vn -0.113638 -0.757821 -0.642491
vn -0.119444 -0.727789 -0.675319
vn -0.126378 -0.688102 -0.714524
vn -0.14156 -0.582571 -0.800358
vn -0.160209 -0.392252 -0.905799
vn -0.170059 -0.215936 -0.961484
vn -0.172773 -0.126295 -0.976831
vn -0.173264 -0.101742 -0.979606
vn -0.174168 0 -0.984716
vn 0.132239 -0.08617 0.987465
vn 0.132224 -0.087525 0.987348
vn 0.132487 -0.060868 0.989314
vn 0.132706 0.020064 0.990952
vn 0.13096 0.162906 0.977912
vn 0.126192 0.310061 0.942305
vn 0.120428 0.420501 0.899264
vn 0.112538 0.530235 0.840349
vn 0.09835 0.671547 0.734406
vn 0.073069 0.83484 0.545622
vn 0.040164 0.953119 0.299918
vn 0.002923 0.999758 0.021824
vn -0.039868 0.953825 -0.297705
vn -0.074661 0.826803 -0.557514
vn -0.095184 0.696958 -0.710766
vn -0.109203 0.568439 -0.815446
vn -0.120031 0.426886 -0.896304
vn -0.127024 0.290123 -0.948522
vn -0.130714 0.173773 -0.976072
vn -0.132428 0.067778 -0.988873
vn -0.132651 -0.035115 -0.990541
vn -0.131553 -0.133057 -0.982339
vn -0.129313 -0.225552 -0.965611
vn -0.125391 -0.327985 -0.936324
vn -0.116079 -0.484971 -0.866792
vn -0.096557 -0.68616 -0.721014
vn -0.078726 -0.805118 -0.587867
vn -0.078322 -0.807349 -0.584853
vn -0.086603 -0.757821 -0.64669
vn -0.091029 -0.727789 -0.679733
vn -0.096313 -0.688102 -0.719193
vn -0.107883 -0.582571 -0.805588
vn -0.122096 -0.392252 -0.911719
vn -0.129602 -0.215936 -0.967768
vn -0.13167 -0.126295 -0.983215
vn -0.132044 -0.101742 -0.986009
vn -0.132733 0 -0.991152
f 1/1/1 38/38/38 39/39/39
f 1/1/1 39/39/39 2/2/2
f 2/2/2 39/39/39 40/40/40
f 2/2/2 40/40/40 3/3/3
f 3/3/3 40/40/40 41/41/41
f 3/3/3 41/41/41 4/4/4
f 4/4/4 41/41/41 42/42/42
f 4/4/4 42/42/42 5/5/5
f 5/5/5 42/42/42 43/43/43
f 5/5/5 43/43/43 6/6/6
f 6/6/6 43/43/43 44/44/44
f 6/6/6 44/44/44 7/7/7
f 7/7/7 44/44/44 45/45/45
f 7/7/7 45/45/45 8/8/8
f 8/8/8 45/45/45 46/46/46
f 8/8/8 46/46/46 9/9/9
f 9/9/9 46/46/46 47/47/47
f 9/9/9 47/47/47 10/10/10
f 10/10/10 47/47/47 48/48/48
f 10/10/10 48/48/48 11/11/11
f 11/11/11 48/48/48 49/49/49
f 11/11/11 49/49/49 12/12/12
f 12/12/12 49/49/49 50/50/50
f 12/12/12 50/50/50 13/13/13
f 13/13/13 50/50/50 51/51/51
f 13/13/13 51/51/51 14/14/14
f 14/14/14 51/51/51 52/52/52
f 14/14/14 52/52/52 15/15/15
f 15/15/15 52/52/52 53/53/53
f 15/15/15 53/53/53 16/16/16
f 16/16/16 53/53/53 54/54/54
f 16/16/16 54/54/54 17/17/17
f 17/17/17 54/54/54 55/55/55
f 17/17/17 55/55/55 18/18/18
f 18/18/18 55/55/55 56/56/56
f 18/18/18 56/56/56 19/19/19
f 19/19/19 56/56/56 57/57/57
f 19/19/19 57/57/57 20/20/20
f 20/20/20 57/57/57 58/58/58
f 20/20/20 58/58/58 21/21/21
f 21/21/21 58/58/58 59/59/59
f 21/21/21 59/59/59 22/22/22
f 22/22/22 59/59/59 60/60/60
f 22/22/22 60/60/60 23/23/23
f 23/23/23 60/60/60 61/61/61
f 23/23/23 61/61/61 24/24/24
f 24/24/24 61/61/61 62/62/62
f 24/24/24 62/62/62 25/25/25
f 25/25/25 62/62/62 63/63/63
f 25/25/25 63/63/63 26/26/26
f 26/26/26 63/63/63 64/64/64
f 26/26/26 64/64/64 27/27/27
f 27/27/27 64/64/64 65/65/65
f 27/27/27 65/65/65 28/28/28
f 28/28/28 65/65/65 66/66/66
f 28/28/28 66/66/66 29/29/29
f 29/29/29 66/66/66 67/67/67
f 29/29/29 67/67/67 30/30/30
f 30/30/30 67/67/67 68/68/68
f 30/30/30 68/68/68 31/31/31
f 31/31/31 68/68/68 69/69/69
f 31/31/31 69/69/69 32/32/32
f 32/32/32 69/69/69 70/70/70
f 32/32/32 70/70/70 33/33/33
f 33/33/33 70/70/70 71/71/71
f 33/33/33 71/71/71 34/34/34
f 34/34/34 71/71/71 72/72/72
f 34/34/34 72/72/72 35/35/35
f 35/35/35 72/72/72 73/73/73
f 35/35/35 73/73/73 36/36/36
f 36/36/36 73/73/73 74/74/74
f 36/36/36 74/74/74 37/37/37
f 38/38/38 75/75/75 76/76/76
f 38/38/38 76/76/76 39/39/39
f 39/39/39 76/76/76 77/77/77
f 39/39/39 77/77/77 40/40/40
f 40/40/40 77/77/77 78/78/78
f 40/40/40 78/78/78 41/41/41
f 41/41/41 78/78/78 79/79/79
f 41/41/41 79/79/79 42/42/42
f 42/42/42 79/79/79 80/80/80
f 42/42/42 80/80/80 43/43/43
f 43/43/43 80/80/80 81/81/81
f 43/43/43 81/81/81 44/44/44
f 44/44/44 81/81/81 82/82/82
f 44/44/44 82/82/82 45/45/45
f 45/45/45 82/82/82 83/83/83
f 45/45/45 83/83/83 46/46/46
f 46/46/46 83/83/83 84/84/84
f 46/46/46 84/84/84 47/47/47
f 47/47/47 84/84/84 85/85/85
f 47/47/47 85/85/85 48/48/48
f 48/48/48 85/85/85 86/86/86
f 48/48/48 86/86/86 49/49/49
f 49/49/49 86/86/86 87/87/87
f 49/49/49 87/87/87 50/50/50
f 50/50/50 87/87/87 88/88/88
f 50/50/50 88/88/88 51/51/51
f 51/51/51 88/88/88 89/89/89
f 51/51/51 89/89/89 52/52/52
f 52/52/52 89/89/89 90/90/90
f 52/52/52 90/90/90 53/53/53
f 53/53/53 90/90/90 91/91/91
f 53/53/53 91/91/91 54/54/54
f 54/54/54 91/91/91 92/92/92
f 54/54/54 92/92/92 55/55/55
f 55/55/55 92/92/92 93/93/93
f 55/55/55 93/93/93 56/56/56
f 56/56/56 93/93/93 94/94/94
f 56/56/56 94/94/94 57/57/57
f 57/57/57 94/94/94 95/95/95
f 57/57/57 95/95/95 58/58/58
f 58/58/58 95/95/95 96/96/96
f 58/58/58 96/96/96 59/59/59
f 59/59/59 96/96/96 97/97/97
f 59/59/59 97/97/97 60/60/60
f 60/60/60 97/97/97 98/98/98
f 60/60/60 98/98/98 61/61/61
f 61/61/61 98/98/98 99/99/99
f 61/61/61 99/99/99 62/62/62
f 62/62/62 99/99/99 100/100/100
f 62/62/62 100/100/100 63/63/63
f 63/63/63 100/100/100 101/101/101
f 63/63/63 101/101/101 64/64/64
f 64/64/64 101/101/101 102/102/102
f 64/64/64 102/102/102 65/65/65
f 65/65/65 102/102/102 103/103/103
f 65/65/65 103/103/103 66/66/66
f 66/66/66 103/103/103 104/104/104
f 66/66/66 104/104/104 67/67/67
f 67/67/67 104/104/104 105/105/105
f 67/67/67 105/105/105 68/68/68
f 68/68/68 105/105/105 106/106/106
f 68/68/68 106/106/106 69/69/69
f 69/69/69 106/106/106 107/107/107
f 69/69/69 107/107/107 70/70/70
f 70/70/70 107/107/107 108/108/108
f 70/70/70 108/108/108 71/71/71
f 71/71/71 108/108/108 109/109/109
f 71/71/71 109/109/109 72/72/72
f 72/72/72 109/109/109 110/110/110
f 72/72/72 110/110/110 73/73/73
f 73/73/73 110/110/110 111/111/111
f 73/73/73 111/111/111 74/74/74
f 75/75/75 112/112/112 113/113/113
f 75/75/75 113/113/113 76/76/76
f 76/76/76 113/113/113 114/114/114
f 76/76/76 114/114/114 77/77/77
f 77/77/77 114/114/114 115/115/115
f 77/77/77 115/115/115 78/78/78
f 78/78/78 115/115/115 116/116/116
f 78/78/78 116/116/116 79/79/79
f 79/79/79 116/116/116 117/117/117
f 79/79/79 117/117/117 80/80/80
f 80/80/80 117/117/117 118/118/118
f 80/80/80 118/118/118 81/81/81
f 81/81/81 118/118/118 119/119/119
f 81/81/81 119/119/119 82/82/82
f 82/82/82 119/119/119 120/120/120
f 82/82/82 120/120/120 83/83/83
f 83/83/83 120/120/120 121/121/121
f 83/83/83 121/121/121 84/84/84
f 84/84/84 121/121/121 122/122/122
f 84/84/84 122/122/122 85/85/85
f 85/85/85 122/122/122 123/123/123
f 85/85/85 123/123/123 86/86/86
f 86/86/86 123/123/123 124/124/124
f 86/86/86 124/124/124 87/87/87
f 87/87/87 124/124/124 125/125/125
f 87/87/87 125/125/125 88/88/88
f 88/88/88 125/125/125 126/126/126
f 88/88/88 126/126/126 89/89/89
f 89/89/89 126/126/126 127/127/127
f 89/89/89 127/127/127 90/90/90
f 90/90/90 127/127/127 128/128/128
f 90/90/90 128/128/128 91/91/91
f 91/91/91 128/128/128 129/129/129
f 91/91/91 129/129/129 92/92/92
f 92/92/92 129/129/129 130/130/130
f 92/92/92 130/130/130 93/93/93
f 93/93/93 130/130/130 131/131/131
f 93/93/93 131/131/131 94/94/94
f 94/94/94 131/131/131 132/132/132
f 94/94/94 132/132/132 95/95/95
f 95/95/95 132/132/132 133/133/133
f 95/95/95 133/133/133 96/96/96
f 96/96/96 133/133/133 134/134/134
f 96/96/96 134/134/134 97/97/97
f 97/97/97 134/134/134 135/135/135
f 97/97/97 135/135/135 98/98/98
f 98/98/98 135/135/135 136/136/136
f 98/98/98 136/136/136 99/99/99
f 99/99/99 136/136/136 137/137/137
f 99/99/99 137/137/137 100/100/100
f 100/100/100 137/137/137 138/138/138
f 100/100/100 138/138/138 101/101/101
f 101/101/101 138/138/138 139/139/139
f 101/101/101 139/139/139 102/102/102
f 102/102/102 139/139/139 140/140/140
f 102/102/102 140/140/140 103/103/103
f 103/103/103 140/140/140 141/141/141
f 103/103/103 141/141/141 104/104/104
f 104/104/104 141/141/141 142/142/142
f 104/104/104 142/142/142 105/105/105
f 105/105/105 142/142/142 143/143/143
f 105/105/105 143/143/143 106/106/106
f 106/106/106 143/143/143 144/144/144
f 106/106/106 144/144/144 107/107/107
f 107/107/107 144/144/144 145/145/145
f 107/107/107 145/145/145 108/108/108
f 108/108/108 145/145/145 146/146/146
f 108/108/108 146/146/146 109/109/109
f 109/109/109 146/146/146 147/147/147
f 109/109/109 147/147/147 110/110/110
f 110/110/110 147/147/147 148/148/148
f 110/110/110 148/148/148 111/111/111
f 112/112/112 149/149/149 150/150/150
f 112/112/112 150/150/150 113/113/113
f 113/113/113 150/150/150 151/151/151
f 113/113/113 151/151/151 114/114/114
f 114/114/114 151/151/151 152/152/152
f 114/114/114 152/152/152 115/115/115
f 115/115/115 152/152/152 153/153/153
f 115/115/115 153/153/153 116/116/116
f 116/116/116 153/153/153 154/154/154
f 116/116/116 154/154/154 117/117/117
f 117/117/117 154/154/154 155/155/155
f 117/117/117 155/155/155 118/118/118
f 118/118/118 155/155/155 156/156/156
f 118/118/118 156/156/156 119/119/119
f 119/119/119 156/156/156 157/157/157
f 119/119/119 157/157/157 120/120/120
f 120/120/120 157/157/157 158/158/158
f 120/120/120 158/158/158 121/121/121
f 121/121/121 158/158/158 159/159/159
f 121/121/121 159/159/159 122/122/122
f 122/122/122 159/159/159 160/160/160
f 122/122/122 160/160/160 123/123/123
f 123/123/123 160/160/160 161/161/161
f 123/123/123 161/161/161 124/124/124
f 124/124/124 161/161/161 162/162/162
f 124/124/124 162/162/162 125/125/125
f 125/125/125 162/162/162 163/163/163
f 125/125/125 163/163/163 126/126/126
f 126/126/126 163/163/163 164/164/164
f 126/126/126 164/164/164 127/127/127
f 127/127/127 164/164/164 165/165/165
f 127/127/127 165/165/165 128/128/128
f 128/128/128 165/165/165 166/166/166
f 128/128/128 166/166/166 129/129/129
f 129/129/129 166/166/166 167/167/167
f 129/129/129 167/167/167 130/130/130
f 130/130/130 167/167/167 168/168/168
f 130/130/130 168/168/168 131/131/131
f 131/131/131 168/168/168 169/169/169
f 131/131/131 169/169/169 132/132/132
f 132/132/132 169/169/169 170/170/170
f 132/132/132 170/170/170 133/133/133
f 133/133/133 170/170/170 171/171/171
f 133/133/133 171/171/171 134/134/134
f 134/134/134 171/171/171 172/172/172
f 134/134/134 172/172/172 135/135/135
f 135/135/135 172/172/172 173/173/173
f 135/135/135 173/173/173 136/136/136
f 136/136/136 173/173/173 174/174/174
f 136/136/136 174/174/174 137/137/137
f 137/137/137 174/174/174 175/175/175
f 137/137/137 175/175/175 138/138/138
f 138/138/138 175/175/175 176/176/176
f 138/138/138 176/176/176 139/139/139
f 139/139/139 176/176/176 177/177/177
f 139/139/139 177/177/177 140/140/140
f 140/140/140 177/177/177 178/178/178
f 140/140/140 178/178/178 141/141/141
f 141/141/141 178/178/178 179/179/179
f 141/141/141 179/179/179 142/142/142
f 142/142/142 179/179/179 180/180/180
f 142/142/142 180/180/180 143/143/143
f 143/143/143 180/180/180 181/181/181
f 143/143/143 181/181/181 144/144/144
f 144/144/144 181/181/181 182/182/182
f 144/144/144 182/182/182 145/145/145
f 145/145/145 182/182/182 183/183/183
f 145/145/145 183/183/183 146/146/146
f 146/146/146 183/183/183 184/184/184
f 146/146/146 184/184/184 147/147/147
f 147/147/147 184/184/184 185/185/185
f 147/147/147 185/185/185 148/148/148
f 149/149/149 186/186/186 187/187/187
f 149/149/149 187/187/187 150/150/150
f 150/150/150 187/187/187 188/188/188
f 150/150/150 188/188/188 151/151/151
f 151/151/151 188/188/188 189/189/189
f 151/151/151 189/189/189 152/152/152
f 152/152/152 189/189/189 190/190/190
f 152/152/152 190/190/190 153/153/153
f 153/153/153 190/190/190 191/191/191
f 153/153/153 191/191/191 154/154/154
f 154/154/154 191/191/191 192/192/192
f 154/154/154 192/192/192 155/155/155
f 155/155/155 192/192/192 193/193/193
f 155/155/155 193/193/193 156/156/156
f 156/156/156 193/193/193 194/194/194
f 156/156/156 194/194/194 157/157/157
f 157/157/157 194/194/194 195/195/195
f 157/157/157 195/195/195 158/158/158
f 158/158/158 195/195/195 196/196/196
f 158/158/158 196/196/196 159/159/159
f 159/159/159 196/196/196 197/197/197
f 159/159/159 197/197/197 160/160/160
f 160/160/160 197/197/197 198/198/198
f 160/160/160 198/198/198 161/161/161
f 161/161/161 198/198/198 199/199/199
f 161/161/161 199/199/199 162/162/162
f 162/162/162 199/199/199 200/200/200
f 162/162/162 200/200/200 163/163/163
f 163/163/163 200/200/200 201/201/201
f 163/163/163 201/201/201 164/164/164
f 164/164/164 201/201/201 202/202/202
f 164/164/164 202/202/202 165/165/165
f 165/165/165 202/202/202 203/203/203
f 165/165/165 203/203/203 166/166/166
f 166/166/166 203/203/203 204/204/204
f 166/166/166 204/204/204 167/167/167
f 167/167/167 204/204/204 205/205/205
f 167/167/167 205/205/205 168/168/168
f 168/168/168 205/205/205 206/206/206
f 168/168/168 206/206/206 169/169/169
f 169/169/169 206/206/206 207/207/207
f 169/169/169 207/207/207 170/170/170
f 170/170/170 207/207/207 208/208/208
f 170/170/170 208/208/208 171/171/171
f 171/171/171 208/208/208 209/209/209
f 171/171/171 209/209/209 172/172/172
f 172/172/172 209/209/209 210/210/210
f 172/172/172 210/210/210 173/173/173
f 173/173/173 210/210/210 211/211/211
f 173/173/173 211/211/211 174/174/174
f 174/174/174 211/211/211 212/212/212
f 174/174/174 212/212/212 175/175/175
f 175/175/175 212/212/212 213/213/213
f 175/175/175 213/213/213 176/176/176
f 176/176/176 213/213/213 214/214/214
f 176/176/176 214/214/214 177/177/177
f 177/177/177 214/214/214 215/215/215
f 177/177/177 215/215/215 178/178/178
f 178/178/178 215/215/215 216/216/216
f 178/178/178 216/216/216 179/179/179
f 179/179/179 216/216/216 217/217/217
f 179/179/179 217/217/217 180/180/180
f 180/180/180 217/217/217 218/218/218
f 180/180/180 218/218/218 181/181/181
f 181/181/181 218/218/218 219/219/219
f 181/181/181 219/219/219 182/182/182
f 182/182/182 219/219/219 220/220/220
f 182/182/182 220/220/220 183/183/183
f 183/183/183 220/220/220 221/221/221
f 183/183/183 221/221/221 184/184/184
f 184/184/184 221/221/221 222/222/222
f 184/184/184 222/222/222 185/185/185
f 186/186/186 223/223/223 224/224/224
f 186/186/186 224/224/224 187/187/187
f 187/187/187 224/224/224 225/225/225
f 187/187/187 225/225/225 188/188/188
f 188/188/188 225/225/225 226/226/226
f 188/188/188 226/226/226 189/189/189
f 189/189/189 226/226/226 227/227/227
f 189/189/189 227/227/227 190/190/190
f 190/190/190 227/227/227 228/228/228
f 190/190/190 228/228/228 191/191/191
f 191/191/191 228/228/228 229/229/229
f 191/191/191 229/229/229 192/192/192
f 192/192/192 229/229/229 230/230/230
f 192/192/192 230/230/230 193/193/193
f 193/193/193 230/230/230 231/231/231
f 193/193/193 231/231/231 194/194/194
f 194/194/194 231/231/231 232/232/232
f 194/194/194 232/232/232 195/195/195
f 195/195/195 232/232/232 233/233/233
f 195/195/195 233/233/233 196/196/196
f 196/196/196 233/233/233 234/234/234
f 196/196/196 234/234/234 197/197/197
f 197/197/197 234/234/234 235/235/235
f 197/197/197 235/235/235 198/198/198
f 198/198/198 235/235/235 236/236/236
f 198/198/198 236/236/236 199/199/199
f 199/199/199 236/236/236 237/237/237
f 199/199/199 237/237/237 200/200/200
f 200/200/200 237/237/237 238/238/238
f 200/200/200 238/238/238 201/201/201
f 201/201/201 238/238/238 239/239/239
f 201/201/201 239/239/239 202/202/202
f 202/202/202 239/239/239 240/240/240
f 202/202/202 240/240/240 203/203/203
f 203/203/203 240/240/240 241/241/241
f 203/203/203 241/241/241 204/204/204
f 204/204/204 241/241/241 242/242/242
f 204/204/204 242/242/242 205/205/205
f 205/205/205 242/242/242 243/243/243
f 205/205/205 243/243/243 206/206/206
f 206/206/206 243/243/243 244/244/244
f 206/206/206 244/244/244 207/207/207
f 207/207/207 244/244/244 245/245/245
f 207/207/207 245/245/245 208/208/208
f 208/208/208 245/245/245 246/246/246
f 208/208/208 246/246/246 209/209/209
f 209/209/209 246/246/246 247/247/247
f 209/209/209 247/247/247 210/210/210
f 210/210/210 247/247/247 248/248/248
f 210/210/210 248/248/248 211/211/211
f 211/211/211 248/248/248 249/249/249
f 211/211/211 249/249/249 212/212/212
f 212/212/212 249/249/249 250/250/250
f 212/212/212 250/250/250 213/213/213
f 213/213/213 250/250/250 251/251/251
f 213/213/213 251/251/251 214/214/214
f 214/214/214 251/251/251 252/252/252
f 214/214/214 252/252/252 215/215/215
f 215/215/215 252/252/252 253/253/253
f 215/215/215 253/253/253 216/216/216
f 216/216/216 253/253/253 254/254/254
f 216/216/216 254/254/254 217/217/217
f 217/217/217 254/254/254 255/255/255
f 217/217/217 255/255/255 218/218/218
f 218/218/218 255/255/255 256/256/256
f 218/218/218 256/256/256 219/219/219
f 219/219/219 256/256/256 257/257/257
f 219/219/219 257/257/257 220/220/220
f 220/220/220 257/257/257 258/258/258
f 220/220/220 258/258/258 221/221/221
f 221/221/221 258/258/258 259/259/259
f 221/221/221 259/259/259 222/222/222
f 223/223/223 260/260/260 261/261/261
f 223/223/223 261/261/261 224/224/224
f 224/224/224 261/261/261 262/262/262
f 224/224/224 262/262/262 225/225/225
f 225/225/225 262/262/262 263/263/263
f 225/225/225 263/263/263 226/226/226
f 226/226/226 263/263/263 264/264/264
f 226/226/226 264/264/264 227/227/227
f 227/227/227 264/264/264 265/265/265
f 227/227/227 265/265/265 228/228/228
f 228/228/228 265/265/265 266/266/266
f 228/228/228 266/266/266 229/229/229
f 229/229/229 266/266/266 267/267/267
f 229/229/229 267/267/267 230/230/230
f 230/230/230 267/267/267 268/268/268
f 230/230/230 268/268/268 231/231/231
f 231/231/231 268/268/268 269/269/269
f 231/231/231 269/269/269 232/232/232
f 232/232/232 269/269/269 270/270/270
f 232/232/232 270/270/270 233/233/233
f 233/233/233 270/270/270 271/271/271
f 233/233/233 271/271/271 234/234/234
f 234/234/234 271/271/271 272/272/272
f 234/234/234 272/272/272 235/235/235
f 235/235/235 272/272/272 273/273/273
f 235/235/235 273/273/273 236/236/236
f 236/236/236 273/273/273 274/274/274
f 236/236/236 274/274/274 237/237/237
f 237/237/237 274/274/274 275/275/275
f 237/237/237 275/275/275 238/238/238
f 238/238/238 275/275/275 276/276/276
f 238/238/238 276/276/276 239/239/239
f 239/239/239 276/276/276 277/277/277
f 239/239/239 277/277/277 240/240/240
f 240/240/240 277/277/277 278/278/278
f 240/240/240 278/278/278 241/241/241
f 241/241/241 278/278/278 279/279/279
f 241/241/241 279/279/279 242/242/242
f 242/242/242 279/279/279 280/280/280
f 242/242/242 280/280/280 243/243/243
f 243/243/243 280/280/280 281/281/281
f 243/243/243 281/281/281 244/244/244
f 244/244/244 281/281/281 282/282/282
f 244/244/244 282/282/282 245/245/245
f 245/245/245 282/282/282 283/283/283
f 245/245/245 283/283/283 246/246/246
f 246/246/246 283/283/283 284/284/284
f 246/246/246 284/284/284 247/247/247
f 247/247/247 284/284/284 285/285/285
f 247/247/247 285/285/285 248/248/248
f 248/248/248 285/285/285 286/286/286
f 248/248/248 286/286/286 249/249/249
f 249/249/249 286/286/286 287/287/287
f 249/249/249 287/287/287 250/250/250
f 250/250/250 287/287/287 288/288/288
f 250/250/250 288/288/288 251/251/251
f 251/251/251 288/288/288 289/289/289
f 251/251/251 289/289/289 252/252/252
f 252/252/252 289/289/289 290/290/290
f 252/252/252 290/290/290 253/253/253
f 253/253/253 290/290/290 291/291/291
f 253/253/253 291/291/291 254/254/254
f 254/254/254 291/291/291 292/292/292
f 254/254/254 292/292/292 255/255/255
f 255/255/255 292/292/292 293/293/293
f 255/255/255 293/293/293 256/256/256
f 256/256/256 293/293/293 294/294/294
f 256/256/256 294/294/294 257/257/257
f 257/257/257 294/294/294 295/295/295
f 257/257/257 295/295/295 258/258/258
f 258/258/258 295/295/295 296/296/296
f 258/258/258 296/296/296 259/259/259
f 260/260/260 297/297/297 298/298/298
f 260/260/260 298/298/298 261/261/261
f 261/261/261 298/298/298 299/299/299
f 261/261/261 299/299/299 262/262/262
f 262/262/262 299/299/299 300/300/300
f 262/262/262 300/300/300 263/263/263
f 263/263/263 300/300/300 301/301/301
f 263/263/263 301/301/301 264/264/264
f 264/264/264 301/301/301 302/302/302
f 264/264/264 302/302/302 265/265/265
f 265/265/265 302/302/302 303/303/303
f 265/265/265 303/303/303 266/266/266
f 266/266/266 303/303/303 304/304/304
f 266/266/266 304/304/304 267/267/267
f 267/267/267 304/304/304 305/305/305
f 267/267/267 305/305/305 268/268/268
f 268/268/268 305/305/305 306/306/306
f 268/268/268 306/306/306 269/269/269
f 269/269/269 306/306/306 307/307/307
f 269/269/269 307/307/307 270/270/270
f 270/270/270 307/307/307 308/308/308
f 270/270/270 308/308/308 271/271/271
f 271/271/271 308/308/308 309/309/309
f 271/271/271 309/309/309 272/272/272
f 272/272/272 309/309/309 310/310/310
f 272/272/272 310/310/310 273/273/273
f 273/273/273 310/310/310 311/311/311
f 273/273/273 311/311/311 274/274/274
f 274/274/274 311/311/311 312/312/312
f 274/274/274 312/312/312 275/275/275
f 275/275/275 312/312/312 313/313/313
f 275/275/275 313/313/313 276/276/276
f 276/276/276 313/313/313 314/314/314
f 276/276/276 314/314/314 277/277/277
f 277/277/277 314/314/314 315/315/315
f 277/277/277 315/315/315 278/278/278
f 278/278/278 315/315/315 316/316/316
f 278/278/278 316/316/316 279/279/279
f 279/279/279 316/316/316 317/317/317
f 279/279/279 317/317/317 280/280/280
f 280/280/280 317/317/317 318/318/318
f 280/280/280 318/318/318 281/281/281
f 281/281/281 318/318/318 319/319/319
f 281/281/281 319/319/319 282/282/282
f 282/282/282 319/319/319 320/320/320
f 282/282/282 320/320/320 283/283/283
f 283/283/283 320/320/320 321/321/321
f 283/283/283 321/321/321 284/284/284
f 284/284/284 321/321/321 322/322/322
f 284/284/284 322/322/322 285/285/285
f 285/285/285 322/322/322 323/323/323
f 285/285/285 323/323/323 286/286/286
f 286/286/286 323/323/323 324/324/324
f 286/286/286 324/324/324 287/287/287
f 287/287/287 324/324/324 325/325/325
f 287/287/287 325/325/325 288/288/288
f 288/288/288 325/325/325 326/326/326
f 288/288/288 326/326/326 289/289/289
f 289/289/289 326/326/326 327/327/327
f 289/289/289 327/327/327 290/290/290
f 290/290/290 327/327/327 328/328/328
f 290/290/290 328/328/328 291/291/291
f 291/291/291 328/328/328 329/329/329
f 291/291/291 329/329/329 292/292/292
f 292/292/292 329/329/329 330/330/330
f 292/292/292 330/330/330 293/293/293
f 293/293/293 330/330/330 331/331/331
f 293/293/293 331/331/331 294/294/294
f 294/294/294 331/331/331 332/332/332
f 294/294/294 332/332/332 295/295/295
f 295/295/295 332/332/332 333/333/333
f 295/295/295 333/333/333 296/296/296
f 297/297/297 334/334/334 335/335/335
f 297/297/297 335/335/335 298/298/298
f 298/298/298 335/335/335 336/336/336
f 298/298/298 336/336/336 299/299/299
f 299/299/299 336/336/336 337/337/337
f 299/299/299 337/337/337 300/300/300
f 300/300/300 337/337/337 338/338/338
f 300/300/300 338/338/338 301/301/301
f 301/301/301 338/338/338 339/339/339
f 301/301/301 339/339/339 302/302/302
f 302/302/302 339/339/339 340/340/340
f 302/302/302 340/340/340 303/303/303
f 303/303/303 340/340/340 341/341/341
f 303/303/303 341/341/341 304/304/304
f 304/304/304 341/341/341 342/342/342
f 304/304/304 342/342/342 305/305/305
f 305/305/305 342/342/342 343/343/343
f 305/305/305 343/343/343 306/306/306
f 306/306/306 343/343/343 344/344/344
f 306/306/306 344/344/344 307/307/307
f 307/307/307 344/344/344 345/345/345
f 307/307/307 345/345/345 308/308/308
f 308/308/308 345/345/345 346/346/346
f 308/308/308 346/346/346 309/309/309
f 309/309/309 346/346/346 347/347/347
f 309/309/309 347/347/347 310/310/310
f 310/310/310 347/347/347 348/348/348
f 310/310/310 348/348/348 311/311/311
f 311/311/311 348/348/348 349/349/349
f 311/311/311 349/349/349 312/312/312
f 312/312/312 349/349/349 350/350/350
f 312/312/312 350/350/350 313/313/313
f 313/313/313 350/350/350 351/351/351
f 313/313/313 351/351/351 314/314/314
f 314/314/314 351/351/351 352/352/352
f 314/314/314 352/352/352 315/315/315
f 315/315/315 352/352/352 353/353/353
f 315/315/315 353/353/353 316/316/316
f 316/316/316 353/353/353 354/354/354
f 316/316/316 354/354/354 317/317/317
f 317/317/317 354/354/354 355/355/355
f 317/317/317 355/355/355 318/318/318
f 318/318/318 355/355/355 356/356/356
f 318/318/318 356/356/356 319/319/319
f 319/319/319 356/356/356 357/357/357
f 319/319/319 357/357/357 320/320/320
f 320/320/320 357/357/357 358/358/358
f 320/320/320 358/358/358 321/321/321
f 321/321/321 358/358/358 359/359/359
f 321/321/321 359/359/359 322/322/322
f 322/322/322 359/359/359 360/360/360
f 322/322/322 360/360/360 323/323/323
f 323/323/323 360/360/360 361/361/361
f 323/323/323 361/361/361 324/324/324
f 324/324/324 361/361/361 362/362/362
f 324/324/324 362/362/362 325/325/325
f 325/325/325 362/362/362 363/363/363
f 325/325/325 363/363/363 326/326/326
f 326/326/326 363/363/363 364/364/364
f 326/326/326 364/364/364 327/327/327
f 327/327/327 364/364/364 365/365/365
f 327/327/327 365/365/365 328/328/328
f 328/328/328 365/365/365 366/366/366
f 328/328/328 366/366/366 329/329/329
f 329/329/329 366/366/366 367/367/367
f 329/329/329 367/367/367 330/330/330
f 330/330/330 367/367/367 368/368/368
f 330/330/330 368/368/368 331/331/331
f 331/331/331 368/368/368 369/369/369
f 331/331/331 369/369/369 332/332/332
f 332/332/332 369/369/369 370/370/370
f 332/332/332 370/370/370 333/333/333
f 334/334/334 371/371/371 372/372/372
f 334/334/334 372/372/372 335/335/335
f 335/335/335 372/372/372 373/373/373
f 335/335/335 373/373/373 336/336/336
f 336/336/336 373/373/373 374/374/374
f 336/336/336 374/374/374 337/337/337
f 337/337/337 374/374/374 375/375/375
f 337/337/337 375/375/375 338/338/338
f 338/338/338 375/375/375 376/376/376
f 338/338/338 376/376/376 339/339/339
f 339/339/339 376/376/376 377/377/377
f 339/339/339 377/377/377 340/340/340
f 340/340/340 377/377/377 378/378/378
f 340/340/340 378/378/378 341/341/341
f 341/341/341 378/378/378 379/379/379
f 341/341/341 379/379/379 342/342/342
f 342/342/342 379/379/379 380/380/380
f 342/342/342 380/380/380 343/343/343
f 343/343/343 380/380/380 381/381/381
f 343/343/343 381/381/381 344/344/344
f 344/344/344 381/381/381 382/382/382
f 344/344/344 382/382/382 345/345/345
f 345/345/345 382/382/382 383/383/383
f 345/345/345 383/383/383 346/346/346
f 346/346/346 383/383/383 384/384/384
f 346/346/346 384/384/384 347/347/347
f 347/347/347 384/384/384 385/385/385
f 347/347/347 385/385/385 348/348/348
f 348/348/348 385/385/385 386/386/386
f 348/348/348 386/386/386 349/349/349
f 349/349/349 386/386/386 387/387/387
f 349/349/349 387/387/387 350/350/350
f 350/350/350 387/387/387 388/388/388
f 350/350/350 388/388/388 351/351/351
f 351/351/351 388/388/388 389/389/389
f 351/351/351 389/389/389 352/352/352
f 352/352/352 389/389/389 390/390/390
f 352/352/352 390/390/390 353/353/353
f 353/353/353 390/390/390 391/391/391
f 353/353/353 391/391/391 354/354/354
f 354/354/354 391/391/391 392/392/392
f 354/354/354 392/392/392 355/355/355
f 355/355/355 392/392/392 393/393/393
f 355/355/355 393/393/393 356/356/356
f 356/356/356 393/393/393 394/394/394
f 356/356/356 394/394/394 357/357/357
f 357/357/357 394/394/394 395/395/395
f 357/357/357 395/395/395 358/358/358
f 358/358/358 395/395/395 396/396/396
f 358/358/358 396/396/396 359/359/359
f 359/359/359 396/396/396 397/397/397
f 359/359/359 397/397/397 360/360/360
f 360/360/360 397/397/397 398/398/398
f 360/360/360 398/398/398 361/361/361
f 361/361/361 398/398/398 399/399/399
f 361/361/361 399/399/399 362/362/362
f 362/362/362 399/399/399 400/400/400
f 362/362/362 400/400/400 363/363/363
f 363/363/363 400/400/400 401/401/401
f 363/363/363 401/401/401 364/364/364
f 364/364/364 401/401/401 402/402/402
f 364/364/364 402/402/402 365/365/365
f 365/365/365 402/402/402 403/403/403
f 365/365/365 403/403/403 366/366/366
f 366/366/366 403/403/403 404/404/404
f 366/366/366 404/404/404 367/367/367
f 367/367/367 404/404/404 405/405/405
f 367/367/367 405/405/405 368/368/368
f 368/368/368 405/405/405 406/406/406
f 368/368/368 406/406/406 369/369/369
f 369/369/369 406/406/406 407/407/407
f 369/369/369 407/407/407 370/370/370
f 371/371/371 408/408/408 409/409/409
f 371/371/371 409/409/409 372/372/372
f 372/372/372 409/409/409 410/410/410
f 372/372/372 410/410/410 373/373/373
f 373/373/373 410/410/410 411/411/411
f 373/373/373 411/411/411 374/374/374
f 374/374/374 411/411/411 412/412/412
f 374/374/374 412/412/412 375/375/375
f 375/375/375 412/412/412 413/413/413
f 375/375/375 413/413/413 376/376/376
f 376/376/376 413/413/413 414/414/414
f 376/376/376 414/414/414 377/377/377
f 377/377/377 414/414/414 415/415/415
f 377/377/377 415/415/415 378/378/378
f 378/378/378 415/415/415 416/416/416
f 378/378/378 416/416/416 379/379/379
f 379/379/379 416/416/416 417/417/417
f 379/379/379 417/417/417 380/380/380
f 380/380/380 417/417/417 418/418/418
f 380/380/380 418/418/418 381/381/381
f 381/381/381 418/418/418 419/419/419
f 381/381/381 419/419/419 382/382/382
f 382/382/382 419/419/419 420/420/420
f 382/382/382 420/420/420 383/383/383
f 383/383/383 420/420/420 421/421/421
f 383/383/383 421/421/421 384/384/384
f 384/384/384 421/421/421 422/422/422
f 384/384/384 422/422/422 385/385/385
f 385/385/385 422/422/422 423/423/423
f 385/385/385 423/423/423 386/386/386
f 386/386/386 423/423/423 424/424/424
f 386/386/386 424/424/424 387/387/387
f 387/387/387 424/424/424 425/425/425
f 387/387/387 425/425/425 388/388/388
f 388/388/388 425/425/425 426/426/426
f 388/388/388 426/426/426 389/389/389
f 389/389/389 426/426/426 427/427/427
f 389/389/389 427/427/427 390/390/390
f 390/390/390 427/427/427 428/428/428
f 390/390/390 428/428/428 391/391/391
f 391/391/391 428/428/428 429/429/429
f 391/391/391 429/429/429 392/392/392
f 392/392/392 429/429/429 430/430/430
f 392/392/392 430/430/430 393/393/393
f 393/393/393 430/430/430 431/431/431
f 393/393/393 431/431/431 394/394/394
f 394/394/394 431/431/431 432/432/432
f 394/394/394 432/432/432 395/395/395
f 395/395/395 432/432/432 433/433/433
f 395/395/395 433/433/433 396/396/396
f 396/396/396 433/433/433 434/434/434
f 396/396/396 434/434/434 397/397/397
f 397/397/397 434/434/434 435/435/435
f 397/397/397 435/435/435 398/398/398
f 398/398/398 435/435/435 436/436/436
f 398/398/398 436/436/436 399/399/399
f 399/399/399 436/436/436 437/437/437
f 399/399/399 437/437/437 400/400/400
f 400/400/400 437/437/437 438/438/438
f 400/400/400 438/438/438 401/401/401
f 401/401/401 438/438/438 439/439/439
f 401/401/401 439/439/439 402/402/402
f 402/402/402 439/439/439 440/440/440
f 402/402/402 440/440/440 403/403/403
f 403/403/403 440/440/440 441/441/441
f 403/403/403 441/441/441 404/404/404
f 404/404/404 441/441/441 442/442/442
f 404/404/404 442/442/442 405/405/405
f 405/405/405 442/442/442 443/443/443
f 405/405/405 443/443/443 406/406/406
f 406/406/406 443/443/443 444/444/444
f 406/406/406 444/444/444 407/407/407
f 408/408/408 445/445/445 446/446/446
f 408/408/408 446/446/446 409/409/409
f 409/409/409 446/446/446 447/447/447
f 409/409/409 447/447/447 410/410/410
f 410/410/410 447/447/447 448/448/448
f 410/410/410 448/448/448 411/411/411
f 411/411/411 448/448/448 449/449/449
f 411/411/411 449/449/449 412/412/412
f 412/412/412 449/449/449 450/450/450
f 412/412/412 450/450/450 413/413/413
f 413/413/413 450/450/450 451/451/451
f 413/413/413 451/451/451 414/414/414
f 414/414/414 451/451/451 452/452/452
f 414/414/414 452/452/452 415/415/415
f 415/415/415 452/452/452 453/453/453
f 415/415/415 453/453/453 416/416/416
f 416/416/416 453/453/453 454/454/454
f 416/416/416 454/454/454 417/417/417
f 417/417/417 454/454/454 455/455/455
f 417/417/417 455/455/455 418/418/418
f 418/418/418 455/455/455 456/456/456
f 418/418/418 456/456/456 419/419/419
f 419/419/419 456/456/456 457/457/457
f 419/419/419 457/457/457 420/420/420
f 420/420/420 457/457/457 458/458/458
f 420/420/420 458/458/458 421/421/421
f 421/421/421 458/458/458 459/459/459
f 421/421/421 459/459/459 422/422/422
f 422/422/422 459/459/459 460/460/460
f 422/422/422 460/460/460 423/423/423
f 423/423/423 460/460/460 461/461/461
f 423/423/423 461/461/461 424/424/424
f 424/424/424 461/461/461 462/462/462
f 424/424/424 462/462/462 425/425/425
f 425/425/425 462/462/462 463/463/463
f 425/425/425 463/463/463 426/426/426
f 426/426/426 463/463/463 464/464/464
f 426/426/426 464/464/464 427/427/427
f 427/427/427 464/464/464 465/465/465
f 427/427/427 465/465/465 428/428/428
f 428/428/428 465/465/465 466/466/466
f 428/428/428 466/466/466 429/429/429
f 429/429/429 466/466/466 467/467/467
f 429/429/429 467/467/467 430/430/430
f 430/430/430 467/467/467 468/468/468
f 430/430/430 468/468/468 431/431/431
f 431/431/431 468/468/468 469/469/469
f 431/431/431 469/469/469 432/432/432
f 432/432/432 469/469/469 470/470/470
f 432/432/432 470/470/470 433/433/433
f 433/433/433 470/470/470 471/471/471
f 433/433/433 471/471/471 434/434/434
f 434/434/434 471/471/471 472/472/472
f 434/434/434 472/472/472 435/435/435
f 435/435/435 472/472/472 473/473/473
f 435/435/435 473/473/473 436/436/436
f 436/436/436 473/473/473 474/474/474
f 436/436/436 474/474/474 437/437/437
f 437/437/437 474/474/474 475/475/475
f 437/437/437 475/475/475 438/438/438
f 438/438/438 475/475/475 476/476/476
f 438/438/438 476/476/476 439/439/439
f 439/439/439 476/476/476 477/477/477
f 439/439/439 477/477/477 440/440/440
f 440/440/440 477/477/477 478/478/478
f 440/440/440 478/478/478 441/441/441
f 441/441/441 478/478/478 479/479/479
f 441/441/441 479/479/479 442/442/442
f 442/442/442 479/479/479 480/480/480
f 442/442/442 480/480/480 443/443/443
f 443/443/443 480/480/480 481/481/481
f 443/443/443 481/481/481 444/444/444
f 445/445/445 482/482/482 483/483/483
f 445/445/445 483/483/483 446/446/446
f 446/446/446 483/483/483 484/484/484
f 446/446/446 484/484/484 447/447/447
f 447/447/447 484/484/484 485/485/485
f 447/447/447 485/485/485 448/448/448
f 448/448/448 485/485/485 486/486/486
f 448/448/448 486/486/486 449/449/449
f 449/449/449 486/486/486 487/487/487
f 449/449/449 487/487/487 450/450/450
f 450/450/450 487/487/487 488/488/488
f 450/450/450 488/488/488 451/451/451
f 451/451/451 488/488/488 489/489/489
f 451/451/451 489/489/489 452/452/452
f 452/452/452 489/489/489 490/490/490
f 452/452/452 490/490/490 453/453/453
f 453/453/453 490/490/490 491/491/491
f 453/453/453 491/491/491 454/454/454
f 454/454/454 491/491/491 492/492/492
f 454/454/454 492/492/492 455/455/455
f 455/455/455 492/492/492 493/493/493
f 455/455/455 493/493/493 456/456/456
f 456/456/456 493/493/493 494/494/494
f 456/456/456 494/494/494 457/457/457
f 457/457/457 494/494/494 495/495/495
f 457/457/457 495/495/495 458/458/458
f 458/458/458 495/495/495 496/496/496
f 458/458/458 496/496/496 459/459/459
f 459/459/459 496/496/496 497/497/497
f 459/459/459 497/497/497 460/460/460
f 460/460/460 497/497/497 498/498/498
f 460/460/460 498/498/498 461/461/461
f 461/461/461 498/498/498 499/499/499
f 461/461/461 499/499/499 462/462/462
f 462/462/462 499/499/499 500/500/500
f 462/462/462 500/500/500 463/463/463
f 463/463/463 500/500/500 501/501/501
f 463/463/463 501/501/501 464/464/464
f 464/464/464 501/501/501 502/502/502
f 464/464/464 502/502/502 465/465/465
f 465/465/465 502/502/502 503/503/503
f 465/465/465 503/503/503 466/466/466
f 466/466/466 503/503/503 504/504/504
f 466/466/466 504/504/504 467/467/467
f 467/467/467 504/504/504 505/505/505
f 467/467/467 505/505/505 468/468/468
f 468/468/468 505/505/505 506/506/506
f 468/468/468 506/506/506 469/469/469
f 469/469/469 506/506/506 507/507/507
f 469/469/469 507/507/507 470/470/470
f 470/470/470 507/507/507 508/508/508
f 470/470/470 508/508/508 471/471/471
f 471/471/471 508/508/508 509/509/509
f 471/471/471 509/509/509 472/472/472
f 472/472/472 509/509/509 510/510/510
f 472/472/472 510/510/510 473/473/473
f 473/473/473 510/510/510 511/511/511
f 473/473/473 511/511/511 474/474/474
f 474/474/474 511/511/511 512/512/512
f 474/474/474 512/512/512 475/475/475
f 475/475/475 512/512/512 513/513/513
f 475/475/475 513/513/513 476/476/476
f 476/476/476 513/513/513 514/514/514
f 476/476/476 514/514/514 477/477/477
f 477/477/477 514/514/514 515/515/515
f 477/477/477 515/515/515 478/478/478
f 478/478/478 515/515/515 516/516/516
f 478/478/478 516/516/516 479/479/479
f 479/479/479 516/516/516 517/517/517
f 479/479/479 517/517/517 480/480/480
f 480/480/480 517/517/517 518/518/518
f 480/480/480 518/518/518 481/481/481
f 482/482/482 519/519/519 520/520/520
f 482/482/482 520/520/520 483/483/483
f 483/483/483 520/520/520 521/521/521
f 483/483/483 521/521/521 484/484/484
f 484/484/484 521/521/521 522/522/522
f 484/484/484 522/522/522 485/485/485
f 485/485/485 522/522/522 523/523/523
f 485/485/485 523/523/523 486/486/486
f 486/486/486 523/523/523 524/524/524
f 486/486/486 524/524/524 487/487/487
f 487/487/487 524/524/524 525/525/525
f 487/487/487 525/525/525 488/488/488
f 488/488/488 525/525/525 526/526/526
f 488/488/488 526/526/526 489/489/489
f 489/489/489 526/526/526 527/527/527
f 489/489/489 527/527/527 490/490/490
f 490/490/490 527/527/527 528/528/528
f 490/490/490 528/528/528 491/491/491
f 491/491/491 528/528/528 529/529/529
f 491/491/491 529/529/529 492/492/492
f 492/492/492 529/529/529 530/530/530
f 492/492/492 530/530/530 493/493/493
f 493/493/493 530/530/530 531/531/531
f 493/493/493 531/531/531 494/494/494
f 494/494/494 531/531/531 532/532/532
f 494/494/494 532/532/532 495/495/495
f 495/495/495 532/532/532 533/533/533
f 495/495/495 533/533/533 496/496/496
f 496/496/496 533/533/533 534/534/534
f 496/496/496 534/534/534 497/497/497
f 497/497/497 534/534/534 535/535/535
f 497/497/497 535/535/535 498/498/498
f 498/498/498 535/535/535 536/536/536
f 498/498/498 536/536/536 499/499/499
f 499/499/499 536/536/536 537/537/537
f 499/499/499 537/537/537 500/500/500
f 500/500/500 537/537/537 538/538/538
f 500/500/500 538/538/538 501/501/501
f 501/501/501 538/538/538 539/539/539
f 501/501/501 539/539/539 502/502/502
f 502/502/502 539/539/539 540/540/540
f 502/502/502 540/540/540 503/503/503
f 503/503/503 540/540/540 541/541/541
f 503/503/503 541/541/541 504/504/504
f 504/504/504 541/541/541 542/542/542
f 504/504/504 542/542/542 505/505/505
f 505/505/505 542/542/542 543/543/543
f 505/505/505 543/543/543 506/506/506
f 506/506/506 543/543/543 544/544/544
f 506/506/506 544/544/544 507/507/507
f 507/507/507 544/544/544 545/545/545
f 507/507/507 545/545/545 508/508/508
f 508/508/508 545/545/545 546/546/546
f 508/508/508 546/546/546 509/509/509
f 509/509/509 546/546/546 547/547/547
f 509/509/509 547/547/547 510/510/510
f 510/510/510 547/547/547 548/548/548
f 510/510/510 548/548/548 511/511/511
f 511/511/511 548/548/548 549/549/549
f 511/511/511 549/549/549 512/512/512
f 512/512/512 549/549/549 550/550/550
f 512/512/512 550/550/550 513/513/513
f 513/513/513 550/550/550 551/551/551
f 513/513/513 551/551/551 514/514/514
f 514/514/514 551/551/551 552/552/552
f 514/514/514 552/552/552 515/515/515
f 515/515/515 552/552/552 553/553/553
f 515/515/515 553/553/553 516/516/516
f 516/516/516 553/553/553 554/554/554
f 516/516/516 554/554/554 517/517/517
f 517/517/517 554/554/554 555/555/555
f 517/517/517 555/555/555 518/518/518
f 519/519/519 556/556/556 557/557/557
f 519/519/519 557/557/557 520/520/520
f 520/520/520 557/557/557 558/558/558
f 520/520/520 558/558/558 521/521/521
f 521/521/521 558/558/558 559/559/559
f 521/521/521 559/559/559 522/522/522
f 522/522/522 559/559/559 560/560/560
f 522/522/522 560/560/560 523/523/523
f 523/523/523 560/560/560 561/561/561
f 523/523/523 561/561/561 524/524/524
f 524/524/524 561/561/561 562/562/562
f 524/524/524 562/562/562 525/525/525
f 525/525/525 562/562/562 563/563/563
f 525/525/525 563/563/563 526/526/526
f 526/526/526 563/563/563 564/564/564
f 526/526/526 564/564/564 527/527/527
f 527/527/527 564/564/564 565/565/565
f 527/527/527 565/565/565 528/528/528
f 528/528/528 565/565/565 566/566/566
f 528/528/528 566/566/566 529/529/529
f 529/529/529 566/566/566 567/567/567
f 529/529/529 567/567/567 530/530/530
f 530/530/530 567/567/567 568/568/568
f 530/530/530 568/568/568 531/531/531
f 531/531/531 568/568/568 569/569/569
f 531/531/531 569/569/569 532/532/532
f 532/532/532 569/569/569 570/570/570
f 532/532/532 570/570/570 533/533/533
f 533/533/533 570/570/570 571/571/571
f 533/533/533 571/571/571 534/534/534
f 534/534/534 571/571/571 572/572/572
f 534/534/534 572/572/572 535/535/535
f 535/535/535 572/572/572 573/573/573
f 535/535/535 573/573/573 536/536/536
f 536/536/536 573/573/573 574/574/574
f 536/536/536 574/574/574 537/537/537
f 537/537/537 574/574/574 575/575/575
f 537/537/537 575/575/575 538/538/538
f 538/538/538 575/575/575 576/576/576
f 538/538/538 576/576/576 539/539/539
f 539/539/539 576/576/576 577/577/577
f 539/539/539 577/577/577 540/540/540
f 540/540/540 577/577/577 578/578/578
f 540/540/540 578/578/578 541/541/541
f 541/541/541 578/578/578 579/579/579
f 541/541/541 579/579/579 542/542/542
f 542/542/542 579/579/579 580/580/580
f 542/542/542 580/580/580 543/543/543
f 543/543/543 580/580/580 581/581/581
f 543/543/543 581/581/581 544/544/544
f 544/544/544 581/581/581 582/582/582
f 544/544/544 582/582/582 545/545/545
f 545/545/545 582/582/582 583/583/583
f 545/545/545 583/583/583 546/546/546
f 546/546/546 583/583/583 584/584/584
f 546/546/546 584/584/584 547/547/547
f 547/547/547 584/584/584 585/585/585
f 547/547/547 585/585/585 548/548/548
f 548/548/548 585/585/585 586/586/586
f 548/548/548 586/586/586 549/549/549
f 549/549/549 586/586/586 587/587/587
f 549/549/549 587/587/587 550/550/550
f 550/550/550 587/587/587 588/588/588
f 550/550/550 588/588/588 551/551/551
f 551/551/551 588/588/588 589/589/589
f 551/551/551 589/589/589 552/552/552
f 552/552/552 589/589/589 590/590/590
f 552/552/552 590/590/590 553/553/553
f 553/553/553 590/590/590 591/591/591
f 553/553/553 591/591/591 554/554/554
f 554/554/554 591/591/591 592/592/592
f 554/554/554 592/592/592 555/555/555
f 556/556/556 593/593/593 594/594/594
f 556/556/556 594/594/594 557/557/557
f 557/557/557 594/594/594 595/595/595
f 557/557/557 595/595/595 558/558/558
f 558/558/558 595/595/595 596/596/596
f 558/558/558 596/596/596 559/559/559
f 559/559/559 596/596/596 597/597/597
f 559/559/559 597/597/597 560/560/560
f 560/560/560 597/597/597 598/598/598
f 560/560/560 598/598/598 561/561/561
f 561/561/561 598/598/598 599/599/599
f 561/561/561 599/599/599 562/562/562
f 562/562/562 599/599/599 600/600/600
f 562/562/562 600/600/600 563/563/563
f 563/563/563 600/600/600 601/601/601
f 563/563/563 601/601/601 564/564/564
f 564/564/564 601/601/601 602/602/602
f 564/564/564 602/602/602 565/565/565
f 565/565/565 602/602/602 603/603/603
f 565/565/565 603/603/603 566/566/566
f 566/566/566 603/603/603 604/604/604
f 566/566/566 604/604/604 567/567/567
f 567/567/567 604/604/604 605/605/605
f 567/567/567 605/605/605 568/568/568
f 568/568/568 605/605/605 606/606/606
f 568/568/568 606/606/606 569/569/569
f 569/569/569 606/606/606 607/607/607
f 569/569/569 607/607/607 570/570/570
f 570/570/570 607/607/607 608/608/608
f 570/570/570 608/608/608 571/571/571
f 571/571/571 608/608/608 609/609/609
f 571/571/571 609/609/609 572/572/572
f 572/572/572 609/609/609 610/610/610
f 572/572/572 610/610/610 573/573/573
f 573/573/573 610/610/610 611/611/611
f 573/573/573 611/611/611 574/574/574
f 574/574/574 611/611/611 612/612/612
f 574/574/574 612/612/612 575/575/575
f 575/575/575 612/612/612 613/613/613
f 575/575/575 613/613/613 576/576/576
f 576/576/576 613/613/613 614/614/614
f 576/576/576 614/614/614 577/577/577
f 577/577/577 614/614/614 615/615/615
f 577/577/577 615/615/615 578/578/578
f 578/578/578 615/615/615 616/616/616
f 578/578/578 616/616/616 579/579/579
f 579/579/579 616/616/616 617/617/617
f 579/579/579 617/617/617 580/580/580
f 580/580/580 617/617/617 618/618/618
f 580/580/580 618/618/618 581/581/581
f 581/581/581 618/618/618 619/619/619
f 581/581/581 619/619/619 582/582/582
f 582/582/582 619/619/619 620/620/620
f 582/582/582 620/620/620 583/583/583
f 583/583/583 620/620/620 621/621/621
f 583/583/583 621/621/621 584/584/584
f 584/584/584 621/621/621 622/622/622
f 584/584/584 622/622/622 585/585/585
f 585/585/585 622/622/622 623/623/623
f 585/585/585 623/623/623 586/586/586
f 586/586/586 623/623/623 624/624/624
f 586/586/586 624/624/624 587/587/587
f 587/587/587 624/624/624 625/625/625
f 587/587/587 625/625/625 588/588/588
f 588/588/588 625/625/625 626/626/626
f 588/588/588 626/626/626 589/589/589
f 589/589/589 626/626/626 627/627/627
f 589/589/589 627/627/627 590/590/590
f 590/590/590 627/627/627 628/628/628
f 590/590/590 628/628/628 591/591/591
f 591/591/591 628/628/628 629/629/629
f 591/591/591 629/629/629 592/592/592
f 593/593/593 630/630/630 631/631/631
f 593/593/593 631/631/631 594/594/594
f 594/594/594 631/631/631 632/632/632
f 594/594/594 632/632/632 595/595/595
f 595/595/595 632/632/632 633/633/633
f 595/595/595 633/633/633 596/596/596
f 596/596/596 633/633/633 634/634/634
f 596/596/596 634/634/634 597/597/597
f 597/597/597 634/634/634 635/635/635
f 597/597/597 635/635/635 598/598/598
f 598/598/598 635/635/635 636/636/636
f 598/598/598 636/636/636 599/599/599
f 599/599/599 636/636/636 637/637/637
f 599/599/599 637/637/637 600/600/600
f 600/600/600 637/637/637 638/638/638
f 600/600/600 638/638/638 601/601/601
f 601/601/601 638/638/638 639/639/639
f 601/601/601 639/639/639 602/602/602
f 602/602/602 639/639/639 640/640/640
f 602/602/602 640/640/640 603/603/603
f 603/603/603 640/640/640 641/641/641
f 603/603/603 641/641/641 604/604/604
f 604/604/604 641/641/641 642/642/642
f 604/604/604 642/642/642 605/605/605
f 605/605/605 642/642/642 643/643/643
f 605/605/605 643/643/643 606/606/606
f 606/606/606 643/643/643 644/644/644
f 606/606/606 644/644/644 607/607/607
f 607/607/607 644/644/644 645/645/645
f 607/607/607 645/645/645 608/608/608
f 608/608/608 645/645/645 646/646/646
f 608/608/608 646/646/646 609/609/609
f 609/609/609 646/646/646 647/647/647
f 609/609/609 647/647/647 610/610/610
f 610/610/610 647/647/647 648/648/648
f 610/610/610 648/648/648 611/611/611
f 611/611/611 648/648/648 649/649/649
f 611/611/611 649/649/649 612/612/612
f 612/612/612 649/649/649 650/650/650
f 612/612/612 650/650/650 613/613/613
f 613/613/613 650/650/650 651/651/651
f 613/613/613 651/651/651 614/614/614
f 614/614/614 651/651/651 652/652/652
f 614/614/614 652/652/652 615/615/615
f 615/615/615 652/652/652 653/653/653
f 615/615/615 653/653/653 616/616/616
f 616/616/616 653/653/653 654/654/654
f 616/616/616 654/654/654 617/617/617
f 617/617/617 654/654/654 655/655/655
f 617/617/617 655/655/655 618/618/618
f 618/618/618 655/655/655 656/656/656
f 618/618/618 656/656/656 619/619/619
f 619/619/619 656/656/656 657/657/657
f 619/619/619 657/657/657 620/620/620
f 620/620/620 657/657/657 658/658/658
f 620/620/620 658/658/658 621/621/621
f 621/621/621 658/658/658 659/659/659
f 621/621/621 659/659/659 622/622/622
f 622/622/622 659/659/659 660/660/660
f 622/622/622 660/660/660 623/623/623
f 623/623/623 660/660/660 661/661/661
f 623/623/623 661/661/661 624/624/624
f 624/624/624 661/661/661 662/662/662
f 624/624/624 662/662/662 625/625/625
f 625/625/625 662/662/662 663/663/663
f 625/625/625 663/663/663 626/626/626
f 626/626/626 663/663/663 664/664/664
f 626/626/626 664/664/664 627/627/627
f 627/627/627 664/664/664 665/665/665
f 627/627/627 665/665/665 628/628/628
f 628/628/628 665/665/665 666/666/666
f 628/628/628 666/666/666 629/629/629
f 630/630/630 667/667/667 668/668/668
f 630/630/630 668/668/668 631/631/631
f 631/631/631 668/668/668 669/669/669
f 631/631/631 669/669/669 632/632/632
f 632/632/632 669/669/669 670/670/670
f 632/632/632 670/670/670 633/633/633
f 633/633/633 670/670/670 671/671/671
f 633/633/633 671/671/671 634/634/634
f 634/634/634 671/671/671 672/672/672
f 634/634/634 672/672/672 635/635/635
f 635/635/635 672/672/672 673/673/673
f 635/635/635 673/673/673 636/636/636
f 636/636/636 673/673/673 674/674/674
f 636/636/636 674/674/674 637/637/637
f 637/637/637 674/674/674 675/675/675
f 637/637/637 675/675/675 638/638/638
f 638/638/638 675/675/675 676/676/676
f 638/638/638 676/676/676 639/639/639
f 639/639/639 676/676/676 677/677/677
f 639/639/639 677/677/677 640/640/640
f 640/640/640 677/677/677 678/678/678
f 640/640/640 678/678/678 641/641/641
f 641/641/641 678/678/678 679/679/679
f 641/641/641 679/679/679 642/642/642
f 642/642/642 679/679/679 680/680/680
f 642/642/642 680/680/680 643/643/643
f 643/643/643 680/680/680 681/681/681
f 643/643/643 681/681/681 644/644/644
f 644/644/644 681/681/681 682/682/682
f 644/644/644 682/682/682 645/645/645
f 645/645/645 682/682/682 683/683/683
f 645/645/645 683/683/683 646/646/646
f 646/646/646 683/683/683 684/684/684
f 646/646/646 684/684/684 647/647/647
f 647/647/647 684/684/684 685/685/685
f 647/647/647 685/685/685 648/648/648
f 648/648/648 685/685/685 686/686/686
f 648/648/648 686/686/686 649/649/649
f 649/649/649 686/686/686 687/687/687
f 649/649/649 687/687/687 650/650/650
f 650/650/650 687/687/687 688/688/688
f 650/650/650 688/688/688 651/651/651
f 651/651/651 688/688/688 689/689/689
f 651/651/651 689/689/689 652/652/652
f 652/652/652 689/689/689 690/690/690
f 652/652/652 690/690/690 653/653/653
f 653/653/653 690/690/690 691/691/691
f 653/653/653 691/691/691 654/654/654
f 654/654/654 691/691/691 692/692/692
f 654/654/654 692/692/692 655/655/655
f 655/655/655 692/692/692 693/693/693
f 655/655/655 693/693/693 656/656/656
f 656/656/656 693/693/693 694/694/694
f 656/656/656 694/694/694 657/657/657
f 657/657/657 694/694/694 695/695/695
f 657/657/657 695/695/695 658/658/658
f 658/658/658 695/695/695 696/696/696
f 658/658/658 696/696/696 659/659/659
f 659/659/659 696/696/696 697/697/697
f 659/659/659 697/697/697 660/660/660
f 660/660/660 697/697/697 698/698/698
f 660/660/660 698/698/698 661/661/661
f 661/661/661 698/698/698 699/699/699
f 661/661/661 699/699/699 662/662/662
f 662/662/662 699/699/699 700/700/700
f 662/662/662 700/700/700 663/663/663
f 663/663/663 700/700/700 701/701/701
f 663/663/663 701/701/701 664/664/664
f 664/664/664 701/701/701 702/702/702
f 664/664/664 702/702/702 665/665/665
f 665/665/665 702/702/702 703/703/703
f 665/665/665 703/703/703 666/666/666
