# Generated sky cornice; visual geometry only.
s 1
v 70.298772 -16.350235 19.673620
v 70.235209 -14.677977 19.800745
v 70.134046 -11.975578 20.003071
v 70.086598 -8.794162 20.097968
v 70.184180 -5.704460 19.902804
v 70.460812 -2.820865 19.349539
v 70.864570 0.021008 18.542024
v 71.357852 2.650524 17.555459
v 71.903059 4.894476 16.465045
v 72.523467 6.635849 15.224229
v 73.228029 7.839409 13.815106
v 73.957657 8.466125 12.355849
v 74.653266 8.493661 10.964631
v 75.341266 7.816458 9.588632
v 76.039113 6.435972 8.192937
v 76.674292 4.521470 6.922578
v 77.174289 2.263684 5.922584
v 77.527018 -0.258244 5.217127
v 77.768735 -3.053629 4.733693
v 77.899442 -6.040777 4.472280
v 77.919137 -9.130417 4.432889
v 77.818422 -12.312482 4.634320
v 77.600428 -15.471151 5.070306
v 77.283958 -18.362838 5.703248
v 76.887810 -20.756846 6.495544
v 76.373489 -22.499515 7.524186
v 75.745471 -23.667952 8.780221
v 75.087015 -24.621508 10.097134
v 74.481378 -25.672168 11.308406
v 73.918266 -26.804394 12.434631
v 73.364107 -27.956041 13.542950
v 72.867243 -29.208676 14.536677
v 72.476019 -30.643865 15.319125
v 72.218635 -32.508252 15.833894
v 72.064204 -34.683369 16.142755
v 71.972441 -36.703121 16.326281
v 71.903059 -38.101411 16.465045
v 62.750687 -15.267673 18.144268
v 62.688374 -13.497659 18.277535
v 62.589199 -10.599726 18.489636
v 62.542684 -7.152752 18.589117
v 62.638348 -3.758967 18.384524
v 62.909541 -0.547793 17.804531
v 63.305361 2.639824 16.958004
v 63.788946 5.612848 15.923777
v 64.323435 8.177177 14.780684
v 64.931646 10.197652 13.479922
v 65.622356 11.625483 12.002723
v 66.337641 12.409827 10.472968
v 67.019575 12.519725 9.014539
v 67.694048 11.840486 7.572064
v 68.378176 10.372101 6.108942
v 69.000869 8.292655 4.777210
v 69.491036 5.805793 3.728906
v 69.836830 3.001859 2.989368
v 70.073796 -0.118483 2.482578
v 70.201932 -3.457931 2.208536
v 70.221241 -6.910157 2.167241
v 70.122505 -10.450977 2.378404
v 69.908797 -13.946507 2.835454
v 69.598548 -17.131020 3.498973
v 69.210188 -19.754136 4.329546
v 68.705979 -21.648234 5.407883
v 68.090307 -22.889178 6.724598
v 67.444796 -23.882320 8.105132
v 66.851066 -24.976596 9.374923
v 66.299024 -26.155826 10.555556
v 65.755759 -27.355283 11.717419
v 65.268664 -28.659919 12.759154
v 64.885131 -30.154689 13.579404
v 64.632806 -32.096474 14.119041
v 64.481412 -34.361889 14.442824
v 64.391453 -36.465489 14.635216
v 64.323435 -37.921828 14.780684
v 55.192516 -14.240140 16.657773
v 55.131052 -12.352311 16.798879
v 55.033231 -9.227882 17.023457
v 54.987350 -5.480267 17.128790
v 55.081709 -1.750113 16.912162
v 55.349203 1.817080 16.298050
v 55.739624 5.377585 15.401726
v 56.216613 8.718318 14.306659
v 56.743811 11.622625 13.096323
v 57.343726 13.936234 11.719043
v 58.025014 15.596823 10.154947
v 58.730542 16.541634 8.535202
v 59.403174 16.731101 6.990980
v 60.068447 16.040252 5.463650
v 60.743244 14.467689 3.914459
v 61.357442 12.202385 2.504388
v 61.840923 9.463119 1.394416
v 62.182001 6.352132 0.611374
v 62.415734 2.879550 0.074771
v 62.542123 -0.841158 -0.215392
v 62.561168 -4.685995 -0.259115
v 62.463779 -8.617059 -0.035530
v 62.252986 -12.481452 0.448405
v 61.946969 -15.988690 1.150957
v 61.563906 -18.866183 2.030389
v 61.066574 -20.930696 3.172159
v 60.459301 -22.257999 4.566332
v 59.822595 -23.302790 6.028077
v 59.236964 -24.453974 7.372564
v 58.692452 -25.694529 8.622649
v 58.156597 -26.956363 9.852859
v 57.676146 -28.328847 10.955875
v 57.297845 -29.901352 11.824376
v 57.048962 -31.944118 12.395759
v 56.899633 -34.327346 12.738588
v 56.810901 -36.540344 12.942298
v 56.743811 -38.072419 13.096323
v 47.640593 -13.225637 15.183344
v 47.580228 -11.220174 15.332768
v 47.484153 -7.876419 15.570584
v 47.439091 -3.843082 15.682126
v 47.531765 0.200496 15.452729
v 47.794483 4.094274 14.802418
v 48.177932 7.994463 13.853258
v 48.646403 11.667863 12.693643
v 49.164186 14.877253 11.411962
v 49.753389 17.451335 9.953498
v 50.422511 19.316362 8.297204
v 51.115440 20.399413 6.581983
v 51.776061 20.653658 4.946735
v 52.429454 19.944394 3.329376
v 53.092200 18.269120 1.688867
v 53.695431 15.827876 0.195677
v 54.170278 12.854233 -0.979723
v 54.505265 9.461113 -1.808922
v 54.734824 5.666178 -2.377155
v 54.858956 1.597075 -2.684422
v 54.877661 -2.606711 -2.730722
v 54.782011 -6.896039 -2.493959
v 54.574983 -11.101077 -1.981497
v 54.274430 -14.908056 -1.237533
v 53.898208 -18.023339 -0.306262
v 53.409757 -20.249003 0.902811
v 52.813328 -21.661769 2.379164
v 52.187992 -22.761064 3.927073
v 51.612818 -23.972303 5.350812
v 51.078030 -25.277575 6.674584
v 50.551745 -26.605236 7.977310
v 50.079873 -28.049319 9.145344
v 49.708327 -29.703857 10.065040
v 49.463889 -31.853191 10.670102
v 49.317226 -34.360746 11.033140
v 49.230078 -36.689190 11.248858
v 49.164186 -38.301190 11.411962
v 40.107716 -12.181812 13.689118
v 40.049202 -10.079574 13.846076
v 39.956075 -6.562909 14.095881
v 39.912396 -2.310458 14.213047
v 40.002227 1.966229 13.972084
v 40.256884 6.096823 13.288987
v 40.628568 10.240475 12.291976
v 41.082665 14.149524 11.073898
v 41.584562 17.571990 9.727601
v 42.155686 20.324833 8.195608
v 42.804279 22.327207 6.455812
v 43.475948 23.499744 4.654117
v 44.116299 23.791100 2.936428
v 44.749645 23.059161 1.237530
v 45.392057 21.300831 -0.485686
v 45.976780 18.725470 -2.054155
v 46.437058 15.578463 -3.288813
v 46.761766 11.980203 -4.159817
v 46.984282 7.952444 -4.756697
v 47.104606 3.632322 -5.079455
v 47.122737 -0.830303 -5.128089
v 47.030022 -5.379757 -4.879389
v 46.829345 -9.834539 -4.341091
v 46.538014 -13.863307 -3.559620
v 46.173335 -17.156350 -2.581399
v 45.699871 -19.504660 -1.311371
v 45.121741 -20.986894 0.239413
v 44.515592 -22.134266 1.865360
v 43.958065 -23.398477 3.360877
v 43.439686 -24.760835 4.751387
v 42.929547 -26.146560 6.119790
v 42.472154 -27.653800 7.346711
v 42.112007 -29.380699 8.312773
v 41.875069 -31.624032 8.948340
v 41.732906 -34.241254 9.329681
v 41.648432 -36.671531 9.556274
v 41.584562 -38.354031 9.727601
v 32.601836 -11.070820 12.145847
v 32.546244 -8.910288 12.308394
v 32.457767 -5.299685 12.567097
v 32.416269 -0.936894 12.688435
v 32.501614 3.446626 12.438890
v 32.743555 7.676618 11.731465
v 33.096680 11.918068 10.698945
v 33.528102 15.917441 9.437485
v 34.004938 19.416795 8.043240
v 34.547544 22.229089 6.456685
v 35.163750 24.272333 4.654926
v 35.801880 25.465862 2.789064
v 36.410256 25.757608 1.010199
v 37.011977 25.001798 -0.749206
v 37.622311 23.195396 -2.533794
v 38.177836 20.553672 -4.158124
v 38.615131 17.328645 -5.436755
v 38.923626 13.643422 -6.338779
v 39.135031 9.519357 -6.956917
v 39.249346 5.096360 -7.291170
v 39.266572 0.527317 -7.341536
v 39.178486 -4.131842 -7.083979
v 38.987830 -8.695659 -6.526510
v 38.711047 -12.824356 -5.717206
v 38.364577 -16.200223 -4.704146
v 37.914755 -18.608931 -3.388885
v 37.365493 -20.131866 -1.782870
v 36.789611 -21.312592 -0.099016
v 36.259924 -22.613554 1.449764
v 35.767429 -24.015516 2.889798
v 35.282763 -25.441524 4.306937
v 34.848209 -26.992579 5.577555
v 34.506046 -28.769679 6.578023
v 34.280939 -31.078226 7.236226
v 34.145875 -33.771531 7.631148
v 34.065619 -36.272457 7.865811
v 34.004938 -38.003867 8.043240
v 25.125513 -9.863666 10.530338
v 25.074014 -7.694767 10.695614
v 24.992051 -4.088086 10.958658
v 24.953608 0.253661 11.082032
v 25.032670 4.595294 10.828300
v 25.256798 8.765856 10.109002
v 25.583925 12.938099 9.059154
v 25.983584 16.862475 7.776523
v 26.425314 20.285176 6.358879
v 26.927971 23.023829 4.745697
v 27.498810 25.001605 2.913701
v 28.089958 26.142072 1.016525
v 28.653544 26.396448 -0.792194
v 29.210964 25.619808 -2.581126
v 29.776363 23.809841 -4.395664
v 30.290989 21.183167 -6.047255
v 30.696088 17.991939 -7.347344
v 30.981871 14.356607 -8.264507
v 31.177711 10.293590 -8.893019
v 31.283610 5.938173 -9.232881
v 31.299568 1.438194 -9.284093
v 31.217967 -3.156654 -9.022213
v 31.041348 -7.665577 -8.455388
v 30.784942 -11.751247 -7.632503
v 30.463981 -15.097680 -6.602441
v 30.047276 -17.492090 -5.265106
v 29.538453 -19.018920 -3.632138
v 29.004969 -20.211922 -1.920024
v 28.514280 -21.526410 -0.345252
v 28.058044 -22.942947 1.118949
v 27.609061 -24.383782 2.559871
v 27.206500 -25.950963 3.851813
v 26.889528 -27.746540 4.869072
v 26.680994 -30.079089 5.538321
v 26.555874 -32.800395 5.939871
v 26.481527 -35.327323 6.178473
v 26.425314 -37.076735 6.358879
v 17.676145 -8.543558 8.828252
v 17.629807 -6.419690 8.992825
v 17.556058 -2.916453 9.254751
v 17.521467 1.274634 9.377602
v 17.592606 5.432236 9.124947
v 17.794274 9.395290 8.408706
v 18.088618 13.344321 7.363319
v 18.448227 17.042892 6.086138
v 18.845689 20.250655 4.674518
v 19.297974 22.797617 3.068191
v 19.811608 24.617288 1.243979
v 20.343516 25.642070 -0.645135
v 20.850623 25.829757 -2.446168
v 21.352183 25.040686 -4.227499
v 21.860921 23.273772 -6.034327
v 22.323975 20.741958 -7.678899
v 22.688479 17.690819 -8.973464
v 22.945622 14.233305 -9.886729
v 23.121837 10.377490 -10.512571
v 23.217123 6.247615 -10.850989
v 23.231481 1.979445 -10.901983
v 23.158059 -2.388646 -10.641216
v 22.999139 -6.688204 -10.076800
v 22.768428 -10.594917 -9.257411
v 22.479631 -13.804068 -8.231726
v 22.104685 -16.111081 -6.900074
v 21.646853 -17.603014 -5.274045
v 21.166831 -18.783532 -3.569206
v 20.725315 -20.084266 -2.001125
v 20.314799 -21.485981 -0.543146
v 19.910810 -22.911740 0.891653
v 19.548591 -24.462522 2.178106
v 19.263384 -26.239310 3.191042
v 19.075748 -28.547452 3.857447
v 18.963166 -31.240284 4.257290
v 18.896270 -33.740770 4.494878
v 18.845689 -35.471877 4.674518
v 10.246903 -7.107885 7.035930
v 10.206523 -5.077982 7.196225
v 10.142257 -1.763243 7.451344
v 10.112114 2.171424 7.571001
v 10.174106 6.034934 7.324913
v 10.349843 9.680793 6.627289
v 10.606340 13.294867 5.609072
v 10.919709 16.660483 4.365088
v 11.266065 19.557533 2.990157
v 11.660194 21.833630 1.425581
v 12.107784 23.435480 -0.351218
v 12.571298 24.306981 -2.191231
v 13.013200 24.414323 -3.945453
v 13.450269 23.626660 -5.680485
v 13.893593 21.944341 -7.440350
v 14.297106 19.571848 -9.042178
v 14.614741 16.742318 -10.303096
v 14.838820 13.557838 -11.192624
v 14.992377 10.016735 -11.802199
v 15.075411 6.228089 -12.131821
v 15.087924 2.311100 -12.181490
v 15.023941 -1.709629 -11.927501
v 14.885456 -5.683169 -11.377754
v 14.684410 -9.306606 -10.579662
v 14.432748 -12.294233 -9.580636
v 14.106013 -14.454967 -8.283596
v 13.707050 -15.877144 -6.699830
v 13.288750 -17.019847 -5.039302
v 12.904004 -18.278916 -3.511977
v 12.546274 -19.635730 -2.091893
v 12.194231 -21.015818 -0.694386
v 11.878586 -22.516925 0.558630
v 11.630052 -24.236799 1.545238
v 11.466542 -26.471005 2.194323
v 11.368436 -29.077579 2.583774
v 11.310142 -31.497969 2.815186
v 11.266065 -33.173623 2.990157
v 2.828198 -5.568606 5.161044
v 2.794194 -3.670845 5.313791
v 2.740075 -0.604113 5.556895
v 2.714691 3.006137 5.670917
v 2.766895 6.512206 5.436418
v 2.914884 9.784296 4.771646
v 3.130882 13.008991 3.801380
v 3.394772 15.992671 2.615978
v 3.686441 18.538795 1.305796
v 4.018340 20.514594 -0.185100
v 4.395258 21.880109 -1.878225
v 4.785586 22.591065 -3.631588
v 5.157715 22.622133 -5.303200
v 5.525773 21.853526 -6.956524
v 5.899099 20.286898 -8.633514
v 6.238900 18.114346 -10.159908
v 6.506382 15.552316 -11.361446
v 6.695081 12.690609 -12.209084
v 6.824392 9.518630 -12.789953
v 6.894316 6.129065 -13.104052
v 6.904852 2.623197 -13.151382
v 6.850973 -0.987581 -12.909353
v 6.734353 -4.571853 -12.385496
v 6.565051 -7.853206 -11.624988
v 6.353125 -10.569844 -10.673009
v 6.077979 -12.547400 -9.437049
v 5.742010 -13.873391 -7.927866
v 5.389756 -14.955570 -6.345536
v 5.065760 -16.147950 -4.890137
v 4.764513 -17.432900 -3.536928
v 4.468055 -18.739889 -2.205233
v 4.202249 -20.161489 -1.011225
v 3.992956 -21.790267 -0.071078
v 3.855264 -23.906136 0.547440
v 3.772648 -26.374649 0.918550
v 3.723558 -28.666841 1.139065
v 3.686441 -30.253742 1.305796
v -4.590551 -3.951014 3.221968
v -4.618181 -2.209008 3.364623
v -4.662156 0.580164 3.591666
v -4.682781 3.839305 3.698155
v -4.640363 6.972592 3.479149
v -4.520114 9.866624 2.858298
v -4.344605 12.702962 1.952137
v -4.130180 15.311056 0.845054
v -3.893183 17.517913 -0.378565
v -3.623498 19.209446 -1.770958
v -3.317232 20.356891 -3.352219
v -3.000070 20.926173 -4.989739
v -2.697695 20.899079 -6.550907
v -2.398629 20.167692 -8.094998
v -2.095282 18.734599 -9.661189
v -1.819175 16.776874 -11.086735
v -1.601831 14.491981 -12.208888
v -1.448504 11.957827 -13.000523
v -1.343432 9.157434 -13.543014
v -1.286615 6.168423 -13.836361
v -1.278053 3.075614 -13.880564
v -1.321834 -0.119855 -13.654526
v -1.416593 -3.305130 -13.165280
v -1.554160 -6.231925 -12.455018
v -1.726361 -8.664197 -11.565936
v -1.949932 -10.445321 -10.411635
v -2.222925 -11.659590 -9.002163
v -2.509149 -12.664078 -7.524377
v -2.772413 -13.770856 -6.165136
v -3.017193 -14.963557 -4.901333
v -3.258080 -16.176717 -3.657622
v -3.474062 -17.496258 -2.542501
v -3.644123 -19.008105 -1.664469
v -3.756006 -20.972073 -1.086817
v -3.823135 -23.263369 -0.740225
v -3.863024 -25.391002 -0.534280
v -3.893183 -26.863978 -0.378565
v -12.019117 -2.290988 1.245937
v -12.040762 -0.712370 1.377036
v -12.075211 1.798409 1.585686
v -12.091368 4.716295 1.683549
v -12.058139 7.500513 1.482284
v -11.963937 10.052030 0.911727
v -11.826445 12.542053 0.078972
v -11.658467 14.820692 -0.938429
v -11.472808 16.735991 -2.062926
v -11.261540 18.189616 -3.342525
v -11.021615 19.160642 -4.795692
v -10.773154 19.622447 -6.300560
v -10.536278 19.561799 -7.735262
v -10.301993 18.882226 -9.154269
v -10.064355 17.586764 -10.593587
v -9.848057 15.836362 -11.903653
v -9.677792 13.809175 -12.934903
v -9.557677 11.572862 -13.662410
v -9.475365 9.107335 -14.160955
v -9.430856 6.478092 -14.430539
v -9.424149 3.756707 -14.471161
v -9.458446 0.938163 -14.263434
v -9.532679 -1.880319 -13.813820
v -9.640447 -4.477271 -13.161095
v -9.775347 -6.641559 -12.344035
v -9.950489 -8.233475 -11.283242
v -10.164349 -9.331976 -9.987947
v -10.388573 -10.249472 -8.629873
v -10.594811 -11.260399 -7.380741
v -10.786568 -12.349809 -6.219315
v -10.975276 -13.457905 -5.076354
v -11.144473 -14.663169 -4.051567
v -11.277697 -16.044085 -3.244662
v -11.365344 -17.837967 -2.713804
v -11.417933 -19.930829 -2.395289
v -11.449181 -21.874202 -2.206027
v -11.472808 -23.219613 -2.062926
v -19.464886 -0.631065 -0.733834
v -19.481227 0.792255 -0.614439
v -19.507236 3.048383 -0.424417
v -19.519435 5.663011 -0.335291
v -19.494347 8.148183 -0.518587
v -19.423226 10.416307 -1.038206
v -19.319422 12.624792 -1.796614
v -19.192602 14.640614 -2.723184
v -19.052432 16.328961 -3.747287
v -18.892928 17.603475 -4.912645
v -18.711789 18.447629 -6.236076
v -18.524206 18.839363 -7.606592
v -18.345368 18.768235 -8.913206
v -18.168487 18.147869 -10.205527
v -17.989074 16.981316 -11.516345
v -17.825773 15.413912 -12.709450
v -17.697226 13.605925 -13.648632
v -17.606542 11.617020 -14.311188
v -17.544397 9.426943 -14.765224
v -17.510794 7.092540 -15.010740
v -17.505730 4.675935 -15.047735
v -17.531623 2.169848 -14.858554
v -17.587668 -0.340362 -14.449080
v -17.669031 -2.656626 -13.854630
v -17.770879 -4.589841 -13.110515
v -17.903108 -6.015058 -12.144428
v -18.064568 -7.004636 -10.964775
v -18.233854 -7.835162 -9.727948
v -18.389560 -8.750264 -8.590336
v -18.534333 -9.736408 -7.532601
v -18.676804 -10.739467 -6.491681
v -18.804545 -11.830485 -5.558385
v -18.905127 -13.080503 -4.823520
v -18.971299 -14.704343 -4.340056
v -19.011002 -16.598822 -4.049977
v -19.034594 -18.357982 -3.877612
v -19.052432 -19.575862 -3.747287
v -26.931732 0.984260 -2.681739
v -26.943605 2.274931 -2.572786
v -26.962502 4.320313 -2.399382
v -26.971365 6.690241 -2.318051
v -26.953137 8.942213 -2.485317
v -26.901463 10.996907 -2.959492
v -26.826043 12.997253 -3.651573
v -26.733899 14.822762 -4.497108
v -26.632056 16.351322 -5.431648
v -26.516166 17.504771 -6.495089
v -26.384556 18.268269 -7.702778
v -26.248264 18.621935 -8.953434
v -26.118326 18.556395 -10.145777
v -25.989810 17.993361 -11.325077
v -25.859455 16.935619 -12.521256
v -25.740805 15.514974 -13.610018
v -25.647407 13.876736 -14.467062
v -25.581519 12.074925 -15.071674
v -25.536367 10.091037 -15.486002
v -25.511951 7.976483 -15.710046
v -25.508272 5.787442 -15.743806
v -25.527085 3.517140 -15.571169
v -25.567806 1.242834 -15.197507
v -25.626922 -0.855967 -14.655044
v -25.700921 -2.607865 -13.976007
v -25.796994 -3.899618 -13.094410
v -25.914306 -4.796917 -12.017925
v -26.037303 -5.550249 -10.889265
v -26.150434 -6.380296 -9.851144
v -26.255622 -7.274783 -8.885914
v -26.359137 -8.184612 -7.936029
v -26.451950 -9.174225 -7.084355
v -26.525029 -10.308059 -6.413758
v -26.573108 -11.780971 -5.972576
v -26.601955 -13.499367 -5.707866
v -26.619096 -15.095021 -5.550575
v -26.632056 -16.199704 -5.431648
v -34.419478 2.513461 -4.563709
v -34.427711 3.706978 -4.462585
v -34.440815 5.602135 -4.301642
v -34.446961 7.801594 -4.226156
v -34.434321 9.896347 -4.381402
v -34.398490 11.812211 -4.821503
v -34.346192 13.679871 -5.463850
v -34.282299 15.386867 -6.248625
v -34.211680 16.819209 -7.116009
v -34.131321 17.903491 -8.103031
v -34.040061 18.624845 -9.223935
v -33.945555 18.963939 -10.384718
v -33.855455 18.911375 -11.491379
v -33.766341 18.394463 -12.585934
v -33.675951 17.415625 -13.696156
v -33.593678 16.096637 -14.706679
v -33.528916 14.572047 -15.502136
v -33.483228 12.892463 -16.063300
v -33.451919 11.041823 -16.447854
v -33.434989 9.068745 -16.655798
v -33.432438 7.026359 -16.687132
v -33.445483 4.909749 -16.526902
v -33.473719 2.791481 -16.180091
v -33.514711 0.838338 -15.676610
v -33.566022 -0.790567 -15.046368
v -33.632641 -1.990019 -14.228123
v -33.713986 -2.820193 -13.228994
v -33.799273 -3.515210 -12.181440
v -33.877719 -4.281002 -11.217919
v -33.950657 -5.106247 -10.322050
v -34.022436 -5.945646 -9.440424
v -34.086793 -6.858652 -8.649952
v -34.137467 -7.904716 -8.027544
v -34.170805 -9.263609 -7.618065
v -34.190808 -10.848984 -7.372378
v -34.202694 -12.321117 -7.226390
v -34.211680 -13.340287 -7.116009
v -41.924017 3.922614 -6.351029
v -41.929275 5.064828 -6.253985
v -41.937644 6.883467 -6.099534
v -41.941569 8.998859 -6.027093
v -41.933497 11.019822 -6.176076
v -41.910613 12.874265 -6.598423
v -41.877212 14.685287 -7.214859
v -41.836406 16.343892 -7.967976
v -41.791305 17.739570 -8.800370
v -41.739982 18.800583 -9.747575
v -41.681698 19.511191 -10.823262
v -41.621341 19.851635 -11.937220
v -41.563797 19.811960 -12.999239
v -41.506883 19.322209 -14.049640
v -41.449155 18.384499 -15.115075
v -41.396610 17.115227 -16.084834
v -41.355249 15.643390 -16.848203
v -41.326070 14.018287 -17.386729
v -41.306074 12.225931 -17.755771
v -41.295261 10.314276 -17.955326
v -41.293632 8.335728 -17.985396
v -41.301964 6.287362 -17.831629
v -41.319997 4.240110 -17.498809
v -41.346177 2.354627 -17.015638
v -41.378947 0.784004 -16.410820
v -41.421494 -0.370414 -15.625583
v -41.473446 -1.165456 -14.666759
v -41.527916 -1.828472 -13.661463
v -41.578016 -2.559004 -12.736810
v -41.624599 -3.346251 -11.877080
v -41.670441 -4.147000 -11.031019
v -41.711544 -5.017968 -10.272434
v -41.743907 -6.015867 -9.675134
v -41.765199 -7.312190 -9.282173
v -41.777974 -8.824568 -9.046397
v -41.785565 -10.228918 -8.906298
v -41.791305 -11.201161 -8.800370
v -49.438048 5.189199 -8.023623
v -49.440707 6.332613 -7.926112
v -49.444940 8.156527 -7.770920
v -49.446925 10.281270 -7.698130
v -49.442842 12.315417 -7.847829
v -49.431269 14.186054 -8.272206
v -49.414377 16.015071 -8.891603
v -49.393739 17.692422 -9.648338
v -49.370929 19.106517 -10.484730
v -49.344973 20.184530 -11.436487
v -49.315496 20.909673 -12.517342
v -49.284970 21.261316 -13.636651
v -49.255868 21.228834 -14.703772
v -49.227084 20.741933 -15.759220
v -49.197888 19.802593 -16.829774
v -49.171313 18.527238 -17.804191
v -49.150395 17.045157 -18.571228
v -49.135638 15.406289 -19.112342
v -49.125525 13.597577 -19.483156
v -49.120056 11.667996 -19.683670
v -49.119232 9.671066 -19.713885
v -49.123446 7.605072 -19.559379
v -49.132566 5.542033 -19.224959
v -49.145807 3.643480 -18.739467
v -49.162380 2.063219 -18.131744
v -49.183898 0.903149 -17.342734
v -49.210173 0.106895 -16.379303
v -49.237721 -0.555369 -15.369178
v -49.263059 -1.285073 -14.440082
v -49.286618 -2.071428 -13.576222
v -49.309803 -2.871270 -12.726096
v -49.330590 -3.741251 -11.963867
v -49.346958 -4.738019 -11.363698
v -49.357726 -6.032873 -10.968849
v -49.364187 -7.543537 -10.731940
v -49.368026 -8.946296 -10.591168
v -49.370929 -9.917437 -10.484730
v -56.952311 6.304672 -9.572429
v -56.952381 7.503309 -9.469548
v -56.952491 9.414414 -9.305807
v -56.952543 11.639872 -9.229009
v -56.952436 13.769309 -9.386953
v -56.952133 15.726486 -9.834703
v -56.951691 17.639542 -10.488216
v -56.951151 19.393362 -11.286632
v -56.950553 20.871227 -12.169091
v -56.949873 21.997062 -13.173269
v -56.949101 22.753545 -14.313656
v -56.948302 23.119276 -15.494616
v -56.947540 23.083293 -16.620513
v -56.946786 22.571978 -17.734093
v -56.946021 21.587443 -18.863612
v -56.945325 20.251760 -19.891699
v -56.944778 18.700422 -20.700982
v -56.944391 16.985623 -21.271900
v -56.944126 15.093420 -21.663139
v -56.943983 13.074898 -21.874697
v -56.943962 10.985877 -21.906576
v -56.944072 8.824234 -21.743560
v -56.944311 6.665199 -21.390721
v -56.944657 4.677913 -20.878489
v -56.945092 3.023464 -20.237293
v -56.945655 1.808551 -19.404825
v -56.946343 0.973941 -18.388330
v -56.947065 0.279305 -17.322568
v -56.947728 -0.486068 -16.342299
v -56.948345 -1.310860 -15.430859
v -56.948952 -2.149799 -14.533909
v -56.949497 -3.062305 -13.729697
v -56.949925 -4.107796 -13.096471
v -56.950207 -5.465944 -12.679875
v -56.950377 -7.050450 -12.429917
v -56.950477 -8.521777 -12.281391
v -56.950553 -9.540388 -12.169091
v -64.457123 7.275500 -11.000596
v -64.454229 8.578834 -10.887564
v -64.449622 10.648956 -10.707669
v -64.447461 13.052037 -10.623293
v -64.451905 15.341465 -10.796820
v -64.464502 17.436099 -11.288747
v -64.482888 19.478418 -12.006737
v -64.505350 21.345448 -12.883927
v -64.530177 22.912544 -13.853452
v -64.558429 24.099368 -14.956705
v -64.590512 24.889505 -16.209606
v -64.623737 25.261693 -17.507083
v -64.655413 25.205557 -18.744064
v -64.686743 24.641669 -19.967512
v -64.718520 23.572654 -21.208473
v -64.747444 22.131474 -22.337994
v -64.770213 20.465084 -23.227124
v -64.786275 18.628852 -23.854370
v -64.797282 16.605402 -24.284209
v -64.803234 14.447997 -24.516640
v -64.804131 12.214839 -24.551664
v -64.799544 9.900772 -24.372565
v -64.789618 7.585216 -23.984914
v -64.775207 5.450423 -23.422143
v -64.757167 3.670244 -22.717685
v -64.733747 2.359653 -21.803084
v -64.705149 1.453027 -20.686298
v -64.675165 0.694313 -19.515386
v -64.647586 -0.141663 -18.438400
v -64.621944 -1.042539 -17.437035
v -64.596709 -1.958867 -16.451590
v -64.574083 -2.955549 -15.568032
v -64.556268 -4.097483 -14.872330
v -64.544548 -5.580915 -14.414631
v -64.537515 -7.311586 -14.140012
v -64.533337 -8.918638 -13.976832
v -64.530177 -10.031213 -13.853452
v -71.943978 8.122558 -12.323341
v -71.937408 9.569658 -12.195982
v -71.926952 11.850653 -11.993284
v -71.922047 14.481783 -11.898213
v -71.932134 16.966304 -12.093736
v -71.960727 19.218009 -12.648017
v -72.002461 21.402040 -13.457017
v -72.053448 23.386713 -14.445395
v -72.109802 25.038642 -15.537813
v -72.173929 26.273887 -16.780910
v -72.246754 27.079571 -18.192623
v -72.322170 27.436522 -19.654562
v -72.394070 27.336624 -21.048337
v -72.465184 26.693065 -22.426865
v -72.537315 25.509480 -23.825124
v -72.602969 23.934001 -25.097818
v -72.654650 22.128970 -26.099650
v -72.691109 20.152806 -26.806403
v -72.716093 17.981317 -27.290727
v -72.729603 15.668602 -27.552620
v -72.731639 13.273778 -27.592083
v -72.721229 10.784824 -27.390282
v -72.698697 8.284666 -26.953494
v -72.665985 5.971983 -26.319389
v -72.625038 4.036924 -25.525637
v -72.571877 2.604822 -24.495105
v -72.506963 1.600146 -23.236761
v -72.438904 0.750224 -21.917428
v -72.376303 -0.186247 -20.703929
v -72.318099 -1.195421 -19.575635
v -72.260819 -2.221905 -18.465279
v -72.209462 -3.338400 -17.469725
v -72.169024 -4.617610 -16.685839
v -72.142420 -6.279371 -16.170124
v -72.126458 -8.218092 -15.860696
v -72.116973 -10.018333 -15.676832
v -72.109802 -11.264654 -15.537813
vt 0.36552794 0.90769058
vt 0.36552794 0.90441337
vt 0.36552794 0.89911787
vt 0.36552794 0.89290092
vt 0.36552794 0.88685220
vt 0.36552794 0.88109951
vt 0.36552794 0.87529133
vt 0.36552794 0.86974658
vt 0.36552794 0.86479236
vt 0.36552794 0.86049384
vt 0.36552794 0.85669423
vt 0.36552794 0.85336933
vt 0.36552794 0.85042160
vt 0.36552794 0.84722056
vt 0.36552794 0.84321905
vt 0.36552794 0.83861203
vt 0.36552794 0.83371983
vt 0.36552794 0.82857246
vt 0.36552794 0.82301750
vt 0.36552794 0.81715700
vt 0.36552794 0.81112197
vt 0.36552794 0.80489237
vt 0.36552794 0.79865434
vt 0.36552794 0.79284952
vt 0.36552794 0.78788160
vt 0.36552794 0.78384013
vt 0.36552794 0.78033468
vt 0.36552794 0.77698032
vt 0.36552794 0.77369466
vt 0.36552794 0.77044158
vt 0.36552794 0.76719009
vt 0.36552794 0.76396250
vt 0.36552794 0.76070597
vt 0.36552794 0.75690480
vt 0.36552794 0.75260643
vt 0.36552794 0.74864249
vt 0.36552794 0.74589568
vt 0.38069166 0.92148079
vt 0.38069166 0.91801237
vt 0.38069166 0.91233477
vt 0.38069166 0.90559914
vt 0.38069166 0.89895668
vt 0.38069166 0.89256716
vt 0.38069166 0.88609142
vt 0.38069166 0.87989014
vt 0.38069166 0.87433379
vt 0.38069166 0.86953087
vt 0.38069166 0.86535433
vt 0.38069166 0.86178875
vt 0.38069166 0.85871166
vt 0.38069166 0.85539845
vt 0.38069166 0.85119034
vt 0.38069166 0.84625561
vt 0.38069166 0.84092081
vt 0.38069166 0.83522747
vt 0.38069166 0.82904041
vt 0.38069166 0.82249260
vt 0.38069166 0.81574941
vt 0.38069166 0.80881948
vt 0.38069166 0.80192484
vt 0.38069166 0.79555023
vt 0.38069166 0.79013692
vt 0.38069166 0.78579679
vt 0.38069166 0.78211513
vt 0.38069166 0.77862152
vt 0.38069166 0.77519946
vt 0.38069166 0.77181133
vt 0.38069166 0.76842486
vt 0.38069166 0.76506327
vt 0.38069166 0.76167155
vt 0.38069166 0.75771258
vt 0.38069166 0.75323577
vt 0.38069166 0.74910727
vt 0.38069166 0.74624643
vt 0.39585538 0.93647795
vt 0.39585538 0.93277899
vt 0.39585538 0.92665855
vt 0.39585538 0.91933568
vt 0.39585538 0.91203615
vt 0.39585538 0.90495161
vt 0.39585538 0.89774932
vt 0.39585538 0.89083428
vt 0.39585538 0.88462276
vt 0.39585538 0.87926418
vt 0.39585538 0.87465795
vt 0.39585538 0.87080074
vt 0.39585538 0.86755038
vt 0.39585538 0.86408316
vt 0.39585538 0.85961900
vt 0.39585538 0.85430202
vt 0.39585538 0.84847007
vt 0.39585538 0.84217715
vt 0.39585538 0.83530256
vt 0.39585538 0.82801027
vt 0.39585538 0.82050027
vt 0.39585538 0.81280818
vt 0.39585538 0.80519300
vt 0.39585538 0.79818715
vt 0.39585538 0.79227380
vt 0.39585538 0.78758767
vt 0.39585538 0.78368635
vt 0.39585538 0.78001105
vt 0.39585538 0.77641103
vt 0.39585538 0.77284670
vt 0.39585538 0.76928412
vt 0.39585538 0.76574772
vt 0.39585538 0.76217961
vt 0.39585538 0.75801476
vt 0.39585538 0.75330513
vt 0.39585538 0.74896193
vt 0.39585538 0.74595231
vt 0.41101911 0.95059656
vt 0.41101911 0.94666736
vt 0.41101911 0.94011792
vt 0.41101911 0.93223690
vt 0.41101911 0.92432492
vt 0.41101911 0.91660078
vt 0.41101911 0.90873207
vt 0.41101911 0.90116369
vt 0.41101911 0.89435312
vt 0.41101911 0.88848294
vt 0.41101911 0.88347175
vt 0.41101911 0.87932739
vt 0.41101911 0.87589360
vt 0.41101911 0.87225876
vt 0.41101911 0.86753385
vt 0.41101911 0.86184526
vt 0.41101911 0.85554478
vt 0.41101911 0.84869730
vt 0.41101911 0.84119187
vt 0.41101911 0.83321880
vt 0.41101911 0.82500772
vt 0.41101911 0.81661569
vt 0.41101911 0.80833399
vt 0.41101911 0.80073950
vt 0.41101911 0.79435470
vt 0.41101911 0.78933399
vt 0.41101911 0.78520803
vt 0.41101911 0.78134100
vt 0.41101911 0.77755318
vt 0.41101911 0.77380290
vt 0.41101911 0.77005447
vt 0.41101911 0.76633358
vt 0.41101911 0.76257933
vt 0.41101911 0.75819721
vt 0.41101911 0.75324189
vt 0.41101911 0.74867211
vt 0.41101911 0.74550549
vt 0.42618283 0.96166234
vt 0.42618283 0.95754364
vt 0.42618283 0.95065582
vt 0.42618283 0.94234673
vt 0.42618283 0.93397902
vt 0.42618283 0.92578911
vt 0.42618283 0.91743838
vt 0.42618283 0.90940001
vt 0.42618283 0.90216065
vt 0.42618283 0.89592268
vt 0.42618283 0.89061260
vt 0.42618283 0.88624443
vt 0.42618283 0.88265278
vt 0.42618283 0.87886515
vt 0.42618283 0.87392033
vt 0.42618283 0.86793812
vt 0.42618283 0.86128402
vt 0.42618283 0.85402975
vt 0.42618283 0.84606710
vt 0.42618283 0.83760309
vt 0.42618283 0.82888645
vt 0.42618283 0.81998597
vt 0.42618283 0.81121454
vt 0.42618283 0.80318215
vt 0.42618283 0.79644079
vt 0.42618283 0.79115765
vt 0.42618283 0.78684119
vt 0.42618283 0.78280504
vt 0.42618283 0.77885156
vt 0.42618283 0.77493727
vt 0.42618283 0.77102490
vt 0.42618283 0.76714128
vt 0.42618283 0.76322284
vt 0.42618283 0.75864907
vt 0.42618283 0.75347703
vt 0.42618283 0.74870740
vt 0.42618283 0.74540228
vt 0.44134656 0.96794866
vt 0.44134656 0.96371572
vt 0.44134656 0.95664381
vt 0.44134656 0.94811910
vt 0.44134656 0.93954225
vt 0.44134656 0.93115404
vt 0.44134656 0.92260343
vt 0.44134656 0.91437462
vt 0.44134656 0.90696556
vt 0.44134656 0.90058085
vt 0.44134656 0.89514130
vt 0.44134656 0.89065950
vt 0.44134656 0.88696591
vt 0.44134656 0.88306626
vt 0.44134656 0.87798182
vt 0.44134656 0.87183966
vt 0.44134656 0.86501641
vt 0.44134656 0.85758463
vt 0.44134656 0.84943060
vt 0.44134656 0.84076476
vt 0.44134656 0.83184025
vt 0.44134656 0.82272500
vt 0.44134656 0.81373823
vt 0.44134656 0.80550522
vt 0.44134656 0.79859194
vt 0.44134656 0.79316855
vt 0.44134656 0.78872974
vt 0.44134656 0.78457625
vt 0.44134656 0.78050785
vt 0.44134656 0.77647977
vt 0.44134656 0.77245366
vt 0.44134656 0.76845715
vt 0.44134656 0.76442480
vt 0.44134656 0.75971807
vt 0.44134656 0.75439568
vt 0.44134656 0.74948739
vt 0.44134656 0.74608620
vt 0.45651028 0.96865190
vt 0.45651028 0.96440239
vt 0.45651028 0.95733771
vt 0.45651028 0.94885400
vt 0.45651028 0.94035849
vt 0.45651028 0.93208192
vt 0.45651028 0.92365664
vt 0.45651028 0.91555810
vt 0.45651028 0.90827516
vt 0.45651028 0.90199610
vt 0.45651028 0.89662301
vt 0.45651028 0.89215979
vt 0.45651028 0.88843915
vt 0.45651028 0.88448929
vt 0.45651028 0.87937257
vt 0.45651028 0.87323614
vt 0.45651028 0.86646316
vt 0.45651028 0.85912084
vt 0.45651028 0.85108248
vt 0.45651028 0.84254764
vt 0.45651028 0.83375799
vt 0.45651028 0.82476782
vt 0.45651028 0.81588584
vt 0.45651028 0.80773159
vt 0.45651028 0.80086653
vt 0.45651028 0.79545327
vt 0.45651028 0.79098390
vt 0.45651028 0.78678724
vt 0.45651028 0.78267653
vt 0.45651028 0.77860657
vt 0.45651028 0.77453861
vt 0.45651028 0.77050054
vt 0.45651028 0.76642627
vt 0.45651028 0.76167060
vt 0.45651028 0.75629288
vt 0.45651028 0.75133356
vt 0.45651028 0.74789700
vt 0.47167401 0.96409346
vt 0.47167401 0.95993190
vt 0.47167401 0.95306910
vt 0.47167401 0.94487960
vt 0.47167401 0.93674316
vt 0.47167401 0.92886799
vt 0.47167401 0.92086956
vt 0.47167401 0.91319637
vt 0.47167401 0.90630936
vt 0.47167401 0.90036493
vt 0.47167401 0.89523761
vt 0.47167401 0.89091865
vt 0.47167401 0.88725155
vt 0.47167401 0.88332743
vt 0.47167401 0.87829667
vt 0.47167401 0.87233402
vt 0.47167401 0.86582318
vt 0.47167401 0.85882134
vt 0.47167401 0.85118447
vt 0.47167401 0.84308922
vt 0.47167401 0.83475231
vt 0.47167401 0.82620454
vt 0.47167401 0.81772948
vt 0.47167401 0.80992069
vt 0.47167401 0.80331735
vt 0.47167401 0.79806558
vt 0.47167401 0.79366754
vt 0.47167401 0.78951479
vt 0.47167401 0.78544710
vt 0.47167401 0.78141973
vt 0.47167401 0.77739433
vt 0.47167401 0.77339851
vt 0.47167401 0.76936687
vt 0.47167401 0.76466097
vt 0.47167401 0.75933951
vt 0.47167401 0.75443209
vt 0.47167401 0.75103149
vt 0.48683773 0.95555491
vt 0.48683773 0.95157714
vt 0.48683773 0.94508270
vt 0.48683773 0.93739402
vt 0.48683773 0.92983186
vt 0.48683773 0.92257384
vt 0.48683773 0.91522344
vt 0.48683773 0.90818900
vt 0.48683773 0.90188984
vt 0.48683773 0.89644143
vt 0.48683773 0.89168902
vt 0.48683773 0.88761210
vt 0.48683773 0.88407403
vt 0.48683773 0.88025705
vt 0.48683773 0.87542479
vt 0.48683773 0.86977920
vt 0.48683773 0.86369757
vt 0.48683773 0.85722517
vt 0.48683773 0.85020091
vt 0.48683773 0.84277151
vt 0.48683773 0.83512049
vt 0.48683773 0.82725087
vt 0.48683773 0.81941152
vt 0.48683773 0.81215437
vt 0.48683773 0.80598223
vt 0.48683773 0.80101943
vt 0.48683773 0.79679058
vt 0.48683773 0.79277085
vt 0.48683773 0.78883346
vt 0.48683773 0.78493509
vt 0.48683773 0.78103864
vt 0.48683773 0.77717082
vt 0.48683773 0.77326832
vt 0.48683773 0.76871316
vt 0.48683773 0.76356216
vt 0.48683773 0.75881193
vt 0.48683773 0.75552027
vt 0.50200146 0.94482718
vt 0.50200146 0.94110804
vt 0.50200146 0.93509861
vt 0.50200146 0.92804365
vt 0.50200146 0.92117980
vt 0.50200146 0.91465204
vt 0.50200146 0.90806137
vt 0.50200146 0.90176965
vt 0.50200146 0.89614804
vt 0.50200146 0.89127043
vt 0.50200146 0.88695876
vt 0.50200146 0.88318559
vt 0.50200146 0.87984025
vt 0.50200146 0.87620739
vt 0.50200146 0.87166622
vt 0.50200146 0.86643807
vt 0.50200146 0.86088651
vt 0.50200146 0.85504556
vt 0.50200146 0.84874221
vt 0.50200146 0.84209220
vt 0.50200146 0.83524414
vt 0.50200146 0.82817524
vt 0.50200146 0.82109666
vt 0.50200146 0.81450959
vt 0.50200146 0.80887209
vt 0.50200146 0.80428577
vt 0.50200146 0.80030754
vt 0.50200146 0.79650072
vt 0.50200146 0.79277188
vt 0.50200146 0.78907999
vt 0.50200146 0.78538992
vt 0.50200146 0.78172696
vt 0.50200146 0.77803117
vt 0.50200146 0.77371727
vt 0.50200146 0.76883911
vt 0.50200146 0.76434048
vt 0.50200146 0.76122316
vt 0.51716518 0.93368735
vt 0.51716518 0.93027319
vt 0.51716518 0.92480691
vt 0.51716518 0.91843787
vt 0.51716518 0.91230269
vt 0.51716518 0.90651701
vt 0.51716518 0.90069155
vt 0.51716518 0.89514220
vt 0.51716518 0.89019247
vt 0.51716518 0.88588174
vt 0.51716518 0.88202024
vt 0.51716518 0.87857916
vt 0.51716518 0.87547405
vt 0.51716518 0.87208734
vt 0.51716518 0.86789980
vt 0.51716518 0.86313981
vt 0.51716518 0.85815026
vt 0.51716518 0.85295640
vt 0.51716518 0.84738150
vt 0.51716518 0.84151452
vt 0.51716518 0.83547323
vt 0.51716518 0.82921592
vt 0.51716518 0.82291905
vt 0.51716518 0.81703074
vt 0.51716518 0.81196184
vt 0.51716518 0.80779396
vt 0.51716518 0.80412227
vt 0.51716518 0.80058874
vt 0.51716518 0.79712759
vt 0.51716518 0.79370076
vt 0.51716518 0.79027560
vt 0.51716518 0.78687561
vt 0.51716518 0.78344514
vt 0.51716518 0.77944094
vt 0.51716518 0.77491298
vt 0.51716518 0.77073732
vt 0.51716518 0.76784379
vt 0.53232890 0.92352803
vt 0.53232890 0.92043392
vt 0.53232890 0.91551274
vt 0.53232890 0.90981047
vt 0.53232890 0.90435801
vt 0.53232890 0.89924857
vt 0.53232890 0.89411424
vt 0.53232890 0.88923053
vt 0.53232890 0.88487923
vt 0.53232890 0.88107693
vt 0.53232890 0.87763500
vt 0.53232890 0.87452678
vt 0.53232890 0.87168852
vt 0.53232890 0.86858555
vt 0.53232890 0.86477826
vt 0.53232890 0.86048955
vt 0.53232890 0.85603632
vt 0.53232890 0.85143790
vt 0.53232890 0.84652263
vt 0.53232890 0.84135982
vt 0.53232890 0.83604401
vt 0.53232890 0.83052375
vt 0.53232890 0.82494763
vt 0.53232890 0.81971395
vt 0.53232890 0.81518882
vt 0.53232890 0.81143869
vt 0.53232890 0.80809833
vt 0.53232890 0.80487082
vt 0.53232890 0.80170942
vt 0.53232890 0.79857936
vt 0.53232890 0.79545083
vt 0.53232890 0.79234529
vt 0.53232890 0.78921191
vt 0.53232890 0.78555449
vt 0.53232890 0.78141867
vt 0.53232890 0.77760463
vt 0.53232890 0.77496169
vt 0.54749263 0.91525201
vt 0.54749263 0.91246222
vt 0.54749263 0.90803993
vt 0.54749263 0.90293023
vt 0.54749263 0.89806304
vt 0.54749263 0.89351701
vt 0.54749263 0.88895348
vt 0.54749263 0.88461587
vt 0.54749263 0.88075299
vt 0.54749263 0.87737095
vt 0.54749263 0.87429224
vt 0.54749263 0.87149312
vt 0.54749263 0.86892238
vt 0.54749263 0.86610918
vt 0.54749263 0.86267070
vt 0.54749263 0.85881505
vt 0.54749263 0.85483083
vt 0.54749263 0.85073397
vt 0.54749263 0.84636446
vt 0.54749263 0.84177964
vt 0.54749263 0.83705914
vt 0.54749263 0.83215035
vt 0.54749263 0.82718204
vt 0.54749263 0.82250977
vt 0.54749263 0.81846084
vt 0.54749263 0.81509173
vt 0.54749263 0.81207401
vt 0.54749263 0.80915243
vt 0.54749263 0.80629070
vt 0.54749263 0.80345734
vt 0.54749263 0.80062536
vt 0.54749263 0.79781420
vt 0.54749263 0.79497783
vt 0.54749263 0.79166710
vt 0.54749263 0.78792331
vt 0.54749263 0.78447081
vt 0.54749263 0.78207839
vt 0.56265635 0.90938576
vt 0.56265635 0.90685596
vt 0.56265635 0.90284675
vt 0.56265635 0.89821526
vt 0.56265635 0.89380476
vt 0.56265635 0.88968625
vt 0.56265635 0.88555217
vt 0.56265635 0.88162296
vt 0.56265635 0.87812389
vt 0.56265635 0.87505993
vt 0.56265635 0.87226967
vt 0.56265635 0.86973160
vt 0.56265635 0.86739969
vt 0.56265635 0.86484768
vt 0.56265635 0.86172930
vt 0.56265635 0.85823368
vt 0.56265635 0.85462273
vt 0.56265635 0.85091079
vt 0.56265635 0.84695243
vt 0.56265635 0.84279934
vt 0.56265635 0.83852336
vt 0.56265635 0.83407638
vt 0.56265635 0.82957484
vt 0.56265635 0.82534096
vt 0.56265635 0.82167133
vt 0.56265635 0.81861697
vt 0.56265635 0.81588011
vt 0.56265635 0.81323008
vt 0.56265635 0.81063433
vt 0.56265635 0.80806432
vt 0.56265635 0.80549556
vt 0.56265635 0.80294568
vt 0.56265635 0.80037294
vt 0.56265635 0.79736993
vt 0.56265635 0.79397411
vt 0.56265635 0.79084250
vt 0.56265635 0.78867245
vt 0.57782008 0.90626337
vt 0.57782008 0.90392403
vt 0.57782008 0.90020939
vt 0.57782008 0.89591107
vt 0.57782008 0.89180867
vt 0.57782008 0.88797047
vt 0.57782008 0.88411549
vt 0.57782008 0.88044998
vt 0.57782008 0.87718485
vt 0.57782008 0.87432906
vt 0.57782008 0.87173694
vt 0.57782008 0.86938841
vt 0.57782008 0.86723781
vt 0.57782008 0.86488548
vt 0.57782008 0.86200464
vt 0.57782008 0.85876672
vt 0.57782008 0.85541247
vt 0.57782008 0.85195591
vt 0.57782008 0.84826511
vt 0.57782008 0.84439036
vt 0.57782008 0.84040086
vt 0.57782008 0.83625517
vt 0.57782008 0.83206352
vt 0.57782008 0.82812558
vt 0.57782008 0.82471702
vt 0.57782008 0.82188668
vt 0.57782008 0.81935875
vt 0.57782008 0.81691387
vt 0.57782008 0.81451906
vt 0.57782008 0.81214799
vt 0.57782008 0.80977808
vt 0.57782008 0.80742559
vt 0.57782008 0.80505201
vt 0.57782008 0.80228145
vt 0.57782008 0.79914851
vt 0.57782008 0.79625932
vt 0.57782008 0.79425725
vt 0.59298380 0.90613059
vt 0.59298380 0.90389186
vt 0.59298380 0.90032735
vt 0.59298380 0.89619336
vt 0.59298380 0.89223571
vt 0.59298380 0.88852320
vt 0.59298380 0.88479141
vt 0.59298380 0.88124094
vt 0.59298380 0.87807700
vt 0.59298380 0.87531387
vt 0.59298380 0.87281698
vt 0.59298380 0.87056702
vt 0.59298380 0.86851632
vt 0.59298380 0.86627511
vt 0.59298380 0.86352180
vt 0.59298380 0.86041582
vt 0.59298380 0.85718573
vt 0.59298380 0.85384593
vt 0.59298380 0.85027355
vt 0.59298380 0.84652004
vt 0.59298380 0.84265526
vt 0.59298380 0.83864355
vt 0.59298380 0.83459377
vt 0.59298380 0.83079501
vt 0.59298380 0.82751289
vt 0.59298380 0.82479636
vt 0.59298380 0.82238096
vt 0.59298380 0.82004864
vt 0.59298380 0.81776410
vt 0.59298380 0.81550220
vt 0.59298380 0.81324142
vt 0.59298380 0.81099724
vt 0.59298380 0.80873295
vt 0.59298380 0.80608997
vt 0.59298380 0.80310127
vt 0.59298380 0.80034511
vt 0.59298380 0.79843523
vt 0.60814753 0.90909532
vt 0.60814753 0.90685427
vt 0.60814753 0.90327952
vt 0.60814753 0.89912729
vt 0.60814753 0.89514398
vt 0.60814753 0.89140081
vt 0.60814753 0.88763611
vt 0.60814753 0.88405286
vt 0.60814753 0.88085880
vt 0.60814753 0.87807204
vt 0.60814753 0.87556120
vt 0.60814753 0.87330700
vt 0.60814753 0.87125910
vt 0.60814753 0.86902234
vt 0.60814753 0.86626865
vt 0.60814753 0.86315445
vt 0.60814753 0.85990730
vt 0.60814753 0.85654231
vt 0.60814753 0.85293877
vt 0.60814753 0.84915048
vt 0.60814753 0.84524980
vt 0.60814753 0.84120379
vt 0.60814753 0.83712367
vt 0.60814753 0.83330041
vt 0.60814753 0.83000116
vt 0.60814753 0.82727642
vt 0.60814753 0.82486109
vt 0.60814753 0.82253142
vt 0.60814753 0.82024947
vt 0.60814753 0.81799014
vt 0.60814753 0.81573191
vt 0.60814753 0.81349028
vt 0.60814753 0.81122855
vt 0.60814753 0.80858857
vt 0.60814753 0.80560326
vt 0.60814753 0.80285022
vt 0.60814753 0.80094251
vt 0.62331125 0.91496312
vt 0.62331125 0.91261382
vt 0.62331125 0.90886816
vt 0.62331125 0.90451910
vt 0.62331125 0.90034915
vt 0.62331125 0.89643234
vt 0.62331125 0.89249357
vt 0.62331125 0.88874503
vt 0.62331125 0.88540387
vt 0.62331125 0.88248807
vt 0.62331125 0.87985902
vt 0.62331125 0.87749647
vt 0.62331125 0.87534834
vt 0.62331125 0.87300175
vt 0.62331125 0.87011439
vt 0.62331125 0.86685111
vt 0.62331125 0.86345078
vt 0.62331125 0.85992907
vt 0.62331125 0.85615881
vt 0.62331125 0.85219579
vt 0.62331125 0.84811522
vt 0.62331125 0.84388184
vt 0.62331125 0.83961163
vt 0.62331125 0.83560919
vt 0.62331125 0.83215426
vt 0.62331125 0.82929935
vt 0.62331125 0.82676668
vt 0.62331125 0.82432313
vt 0.62331125 0.82192963
vt 0.62331125 0.81955986
vt 0.62331125 0.81719125
vt 0.62331125 0.81484005
vt 0.62331125 0.81246777
vt 0.62331125 0.80969873
vt 0.62331125 0.80656751
vt 0.62331125 0.80367990
vt 0.62331125 0.80167893
vt 0.63847498 0.92309205
vt 0.63847498 0.92053747
vt 0.63847498 0.91647991
vt 0.63847498 0.91178367
vt 0.63847498 0.90730004
vt 0.63847498 0.90310401
vt 0.63847498 0.89888927
vt 0.63847498 0.89488145
vt 0.63847498 0.89131125
vt 0.63847498 0.88818913
vt 0.63847498 0.88535661
vt 0.63847498 0.88279173
vt 0.63847498 0.88044414
vt 0.63847498 0.87787657
vt 0.63847498 0.87473109
vt 0.63847498 0.87119438
vt 0.63847498 0.86752914
vt 0.63847498 0.86375075
vt 0.63847498 0.85971557
vt 0.63847498 0.85547891
vt 0.63847498 0.85111677
vt 0.63847498 0.84658437
vt 0.63847498 0.84200248
vt 0.63847498 0.83769863
vt 0.63847498 0.83397406
vt 0.63847498 0.83088235
vt 0.63847498 0.82812229
vt 0.63847498 0.82545334
vt 0.63847498 0.82283905
vt 0.63847498 0.82025067
vt 0.63847498 0.81766357
vt 0.63847498 0.81509547
vt 0.63847498 0.81250436
vt 0.63847498 0.80947989
vt 0.63847498 0.80605982
vt 0.63847498 0.80290584
vt 0.63847498 0.80072029
vt 0.65363870 0.93241768
vt 0.65363870 0.92958114
vt 0.65363870 0.92510972
vt 0.65363870 0.91996767
vt 0.65363870 0.91510112
vt 0.65363870 0.91058088
vt 0.65363870 0.90605087
vt 0.65363870 0.90175016
vt 0.65363870 0.89792275
vt 0.65363870 0.89455973
vt 0.65363870 0.89146849
vt 0.65363870 0.88862626
vt 0.65363870 0.88599209
vt 0.65363870 0.88310583
vt 0.65363870 0.87960024
vt 0.65363870 0.87569865
vt 0.65363870 0.87169938
vt 0.65363870 0.86761629
vt 0.65363870 0.86327797
vt 0.65363870 0.85873406
vt 0.65363870 0.85405608
vt 0.65363870 0.84917999
vt 0.65363870 0.84422796
vt 0.65363870 0.83955556
vt 0.65363870 0.83549083
vt 0.65363870 0.83208551
vt 0.65363870 0.82900732
vt 0.65363870 0.82601752
vt 0.65363870 0.82308895
vt 0.65363870 0.82018942
vt 0.65363870 0.81729131
vt 0.65363870 0.81441450
vt 0.65363870 0.81151190
vt 0.65363870 0.80812385
vt 0.65363870 0.80429264
vt 0.65363870 0.80075950
vt 0.65363870 0.79831122
vn -0.445701 -0.082177 0.891402
vn -0.445729 -0.081413 0.891458
vn -0.446544 -0.054710 0.893088
vn -0.447146 0.017340 0.894293
vn -0.443140 0.134664 0.886280
vn -0.433055 0.249629 0.866111
vn -0.421357 0.335097 0.842715
vn -0.405941 0.419597 0.811881
vn -0.377620 0.535738 0.755240
vn -0.320045 0.698468 0.640089
vn -0.226761 0.861915 0.453522
vn -0.092585 0.978335 0.185170
vn 0.094608 0.977367 -0.189217
vn 0.252595 0.825214 -0.505191
vn 0.336126 0.659618 -0.672252
vn 0.385135 0.508286 -0.770270
vn 0.417069 0.360928 -0.834137
vn 0.434615 0.235684 -0.869231
vn 0.442912 0.138370 -0.885823
vn 0.446570 0.053614 -0.893141
vn 0.447038 -0.028013 -0.894076
vn 0.444579 -0.108395 -0.889157
vn 0.439222 -0.188203 -0.878444
vn 0.429233 -0.280707 -0.858465
vn 0.403573 -0.430865 -0.807146
vn 0.340539 -0.648201 -0.681079
vn 0.270684 -0.796022 -0.541368
vn 0.263889 -0.807349 -0.527778
vn 0.291790 -0.757821 -0.583581
vn 0.306700 -0.727789 -0.613399
vn 0.324504 -0.688102 -0.649009
vn 0.363486 -0.582571 -0.726973
vn 0.411373 -0.392252 -0.822746
vn 0.436663 -0.215936 -0.873325
vn 0.443633 -0.126295 -0.887265
vn 0.444893 -0.101742 -0.889786
vn 0.447214 0.000000 -0.894427
vn -0.422178 -0.080870 0.902898
vn -0.422226 -0.079478 0.903000
vn -0.422974 -0.052845 0.904600
vn -0.423507 0.016556 0.905741
vn -0.420137 0.126972 0.898534
vn -0.411847 0.233594 0.880804
vn -0.402352 0.312505 0.860496
vn -0.389999 0.390147 0.834078
vn -0.367286 0.498085 0.785502
vn -0.319852 0.655562 0.684056
vn -0.238820 0.825890 0.510755
vn -0.113337 0.963536 0.242389
vn 0.075894 0.983816 -0.162312
vn 0.239581 0.824660 -0.512384
vn 0.322905 0.647166 -0.690586
vn 0.369300 0.489714 -0.789809
vn 0.397999 0.342165 -0.851187
vn 0.413083 0.221095 -0.883447
vn 0.420017 0.129167 -0.898277
vn 0.423036 0.049971 -0.904734
vn 0.423420 -0.026168 -0.905555
vn 0.421365 -0.101805 -0.901159
vn 0.416810 -0.177886 -0.891418
vn 0.408170 -0.267156 -0.872940
vn 0.385478 -0.414437 -0.824408
vn 0.327006 -0.635583 -0.699357
vn 0.258124 -0.792857 -0.552042
vn 0.249935 -0.807349 -0.534528
vn 0.276361 -0.757821 -0.591044
vn 0.290482 -0.727789 -0.621244
vn 0.307345 -0.688102 -0.657308
vn 0.344266 -0.582571 -0.736269
vn 0.389620 -0.392252 -0.833267
vn 0.413572 -0.215936 -0.884494
vn 0.420174 -0.126295 -0.898612
vn 0.421368 -0.101742 -0.901165
vn 0.423565 0.000000 -0.905865
vn -0.398068 -0.079773 0.913881
vn -0.398128 -0.077877 0.914018
vn -0.398814 -0.051333 0.915594
vn -0.399290 0.015933 0.916686
vn -0.396407 0.120992 0.910067
vn -0.389442 0.221264 0.894079
vn -0.381546 0.295183 0.875950
vn -0.371384 0.367578 0.852620
vn -0.352706 0.468955 0.809740
vn -0.312985 0.621070 0.718549
vn -0.242498 0.794513 0.556726
vn -0.126794 0.948256 0.291092
vn 0.060187 0.988577 -0.138178
vn 0.226157 0.824180 -0.519210
vn 0.307955 0.636643 -0.707000
vn 0.351509 0.474561 -0.806990
vn 0.377337 0.327359 -0.866287
vn 0.390450 0.209834 -0.896392
vn 0.396351 0.122138 -0.909939
vn 0.398896 0.047199 -0.915781
vn 0.399218 -0.024758 -0.916522
vn 0.397468 -0.096720 -0.912504
vn 0.393540 -0.169826 -0.903485
vn 0.385989 -0.256419 -0.886150
vn 0.365806 -0.401119 -0.839815
vn 0.311755 -0.624937 -0.715725
vn 0.244775 -0.790124 -0.561951
vn 0.235640 -0.807349 -0.540981
vn 0.260555 -0.757821 -0.598180
vn 0.273868 -0.727789 -0.628744
vn 0.289767 -0.688102 -0.665245
vn 0.324576 -0.582571 -0.745159
vn 0.367336 -0.392252 -0.843328
vn 0.389919 -0.215936 -0.895173
vn 0.396143 -0.126295 -0.909462
vn 0.397268 -0.101742 -0.912045
vn 0.399341 0.000000 -0.916803
vn -0.373405 -0.079016 0.924297
vn -0.373470 -0.076785 0.924459
vn -0.374102 -0.050316 0.926022
vn -0.374531 0.015521 0.927084
vn -0.371999 0.117094 0.920818
vn -0.365956 0.213293 0.905860
vn -0.359151 0.284012 0.889015
vn -0.350457 0.353037 0.867493
vn -0.334490 0.450089 0.827971
vn -0.300172 0.598176 0.743023
vn -0.237848 0.772530 0.588750
vn -0.131581 0.936270 0.325706
vn 0.048837 0.991464 -0.120886
vn 0.212317 0.823842 -0.525553
vn 0.291093 0.629345 -0.720548
vn 0.331747 0.464333 -0.821181
vn 0.355182 0.317606 -0.879188
vn 0.366813 0.202532 -0.907981
vn 0.371976 0.117613 -0.920761
vn 0.374190 0.045419 -0.926239
vn 0.374470 -0.023850 -0.926932
vn 0.372938 -0.093422 -0.923141
vn 0.369470 -0.164552 -0.914557
vn 0.362747 -0.249323 -0.897916
vn 0.344570 -0.392169 -0.852922
vn 0.294613 -0.617562 -0.729261
vn 0.230523 -0.788196 -0.570619
vn 0.221028 -0.807349 -0.547114
vn 0.244397 -0.757821 -0.604961
vn 0.256885 -0.727789 -0.635872
vn 0.271798 -0.688102 -0.672786
vn 0.304448 -0.582571 -0.753607
vn 0.344557 -0.392252 -0.852888
vn 0.365739 -0.215936 -0.905321
vn 0.371577 -0.126295 -0.919772
vn 0.372632 -0.101742 -0.922385
vn 0.374576 0.000000 -0.927196
vn -0.348231 -0.078677 0.934101
vn -0.348296 -0.076299 0.934274
vn -0.348879 -0.049868 0.935840
vn -0.349273 0.015341 0.936895
vn -0.346980 0.115407 0.930745
vn -0.341535 0.209859 0.916140
vn -0.335422 0.279206 0.899742
vn -0.327637 0.346788 0.878859
vn -0.313347 0.441961 0.840526
vn -0.282499 0.588186 0.757780
vn -0.225939 0.762654 0.606061
vn -0.127908 0.930548 0.343103
vn 0.042300 0.992641 -0.113467
vn 0.198076 0.823688 -0.531322
vn 0.272383 0.626071 -0.730645
vn 0.310196 0.459818 -0.832074
vn 0.331721 0.313361 -0.889813
vn 0.342301 0.199381 -0.918193
vn 0.346969 0.115668 -0.930716
vn 0.348966 0.044655 -0.936071
vn 0.349218 -0.023460 -0.936748
vn 0.347833 -0.091998 -0.933032
vn 0.344685 -0.162265 -0.924588
vn 0.338559 -0.246227 -0.908157
vn 0.321915 -0.388227 -0.863511
vn 0.275646 -0.614255 -0.739398
vn 0.215367 -0.787321 -0.577704
vn 0.206121 -0.807349 -0.552903
vn 0.227914 -0.757821 -0.611362
vn 0.239560 -0.727789 -0.642600
vn 0.253467 -0.688102 -0.679904
vn 0.283915 -0.582571 -0.761580
vn 0.321319 -0.392252 -0.861912
vn 0.341073 -0.215936 -0.914899
vn 0.346517 -0.126295 -0.929503
vn 0.347501 -0.101742 -0.932143
vn 0.349314 0.000000 -0.937006
vn -0.322595 -0.078780 0.943253
vn -0.322654 -0.076445 0.943425
vn -0.323196 -0.050002 0.945010
vn -0.323562 0.015395 0.946082
vn -0.321420 0.115911 0.939816
vn -0.316323 0.210885 0.924915
vn -0.310596 0.280641 0.908169
vn -0.303295 0.348654 0.886822
vn -0.289893 0.444389 0.847632
vn -0.260997 0.591178 0.763144
vn -0.208166 0.765630 0.608669
vn -0.117047 0.932294 0.342239
vn 0.040095 0.992294 -0.117236
vn 0.183474 0.823735 -0.536468
vn 0.252076 0.627058 -0.737059
vn 0.287134 0.461174 -0.839567
vn 0.307166 0.314632 -0.898140
vn 0.317041 0.200323 -0.927014
vn 0.321407 0.116249 -0.939779
vn 0.323275 0.044883 -0.945240
vn 0.323511 -0.023576 -0.945931
vn 0.322216 -0.092424 -0.942144
vn 0.319276 -0.162949 -0.933547
vn 0.313561 -0.247154 -0.916839
vn 0.298057 -0.389410 -0.871506
vn 0.255104 -0.615251 -0.745914
vn 0.199405 -0.787585 -0.583050
vn 0.190948 -0.807349 -0.558324
vn 0.211137 -0.757821 -0.617356
vn 0.221926 -0.727789 -0.648901
vn 0.234809 -0.688102 -0.686571
vn 0.263016 -0.582571 -0.769047
vn 0.297667 -0.392252 -0.870364
vn 0.315966 -0.215936 -0.923871
vn 0.321010 -0.126295 -0.938617
vn 0.321922 -0.101742 -0.941284
vn 0.323601 0.000000 -0.946194
vn -0.296550 -0.079288 0.951720
vn -0.296599 -0.077176 0.951878
vn -0.297104 -0.050679 0.953499
vn -0.297450 0.015668 0.954609
vn -0.295392 0.118474 0.948002
vn -0.290457 0.216110 0.932165
vn -0.284886 0.287957 0.914287
vn -0.277750 0.358171 0.891386
vn -0.264642 0.456757 0.849316
vn -0.236569 0.606314 0.759222
vn -0.185994 0.780449 0.596913
vn -0.100913 0.940708 0.323859
vn 0.040980 0.990467 -0.131517
vn 0.168568 0.823964 -0.540987
vn 0.230550 0.631971 -0.739905
vn 0.262899 0.467988 -0.843725
vn 0.281737 0.321069 -0.904179
vn 0.291162 0.205115 -0.934427
vn 0.295365 0.119210 -0.947918
vn 0.297171 0.046047 -0.953713
vn 0.297400 -0.024171 -0.954447
vn 0.296153 -0.094588 -0.950445
vn 0.293338 -0.166422 -0.941412
vn 0.287898 -0.251844 -0.923953
vn 0.273249 -0.395363 -0.876940
vn 0.233358 -0.620215 -0.748918
vn 0.182815 -0.788893 -0.586709
vn 0.175539 -0.807349 -0.563359
vn 0.194099 -0.757821 -0.622923
vn 0.204017 -0.727789 -0.654752
vn 0.215860 -0.688102 -0.692762
vn 0.241791 -0.582571 -0.775982
vn 0.273645 -0.392252 -0.878212
vn 0.290468 -0.215936 -0.932202
vn 0.295105 -0.126295 -0.947081
vn 0.295943 -0.101742 -0.949772
vn 0.297487 0.000000 -0.954726
vn -0.270155 -0.080117 0.959478
vn -0.270193 -0.078377 0.959611
vn -0.270662 -0.051802 0.961280
vn -0.270991 0.016125 0.962447
vn -0.268974 0.122822 0.955284
vn -0.264075 0.225025 0.937885
vn -0.258503 0.300461 0.918095
vn -0.251308 0.374452 0.892541
vn -0.238081 0.477849 0.845564
vn -0.210100 0.631714 0.746187
vn -0.161005 0.804422 0.571824
vn -0.081844 0.953315 0.290674
vn 0.043300 0.987155 -0.153784
vn 0.153430 0.824332 -0.544918
vn 0.208262 0.639947 -0.739659
vn 0.237871 0.479267 -0.844820
vn 0.255662 0.331910 -0.908005
vn 0.264791 0.213273 -0.940426
vn 0.268925 0.124277 -0.955110
vn 0.270713 0.048042 -0.961460
vn 0.270940 -0.025187 -0.962267
vn 0.269714 -0.098273 -0.957913
vn 0.266973 -0.172296 -0.948177
vn 0.261725 -0.259723 -0.929539
vn 0.247774 -0.405247 -0.879990
vn 0.210855 -0.628278 -0.748870
vn 0.165822 -0.790988 -0.588932
vn 0.159926 -0.807349 -0.567989
vn 0.176835 -0.757821 -0.628043
vn 0.185870 -0.727789 -0.660133
vn 0.196660 -0.688102 -0.698455
vn 0.220285 -0.582571 -0.782359
vn 0.249306 -0.392252 -0.885429
vn 0.264632 -0.215936 -0.939862
vn 0.268856 -0.126295 -0.954864
vn 0.269620 -0.101742 -0.957577
vn 0.271026 0.000000 -0.962572
vn -0.243471 -0.081134 0.966509
vn -0.243496 -0.079866 0.966608
vn -0.243930 -0.053216 0.968332
vn -0.244242 0.016710 0.969570
vn -0.242252 0.128473 0.961670
vn -0.237334 0.236707 0.942148
vn -0.231687 0.316887 0.919730
vn -0.224322 0.395859 0.890492
vn -0.210779 0.505422 0.836732
vn -0.182637 0.664077 0.725014
vn -0.135039 0.833307 0.536064
vn -0.062395 0.966828 0.247689
vn 0.045399 0.982578 -0.180219
vn 0.138130 0.824773 -0.548334
vn 0.185699 0.649688 -0.737171
vn 0.212470 0.493418 -0.843443
vn 0.229202 0.345851 -0.909864
vn 0.238073 0.223933 -0.945079
vn 0.242173 0.130948 -0.961356
vn 0.243963 0.050675 -0.968460
vn 0.244191 -0.026525 -0.969364
vn 0.242975 -0.103087 -0.964539
vn 0.240291 -0.179904 -0.953884
vn 0.235216 -0.269823 -0.933739
vn 0.221946 -0.417704 -0.881058
vn 0.188074 -0.638137 -0.746599
vn 0.148658 -0.793504 -0.590129
vn 0.144141 -0.807349 -0.572198
vn 0.159381 -0.757821 -0.632697
vn 0.167525 -0.727789 -0.665025
vn 0.177250 -0.688102 -0.703632
vn 0.198543 -0.582571 -0.788157
vn 0.224700 -0.392252 -0.891991
vn 0.238513 -0.215936 -0.946828
vn 0.242321 -0.126295 -0.961941
vn 0.243009 -0.101742 -0.964674
vn 0.244277 0.000000 -0.969706
vn -0.216563 -0.082179 0.972804
vn -0.216576 -0.081417 0.972865
vn -0.216972 -0.054713 0.974643
vn -0.217265 0.017341 0.975959
vn -0.215318 0.134681 0.967212
vn -0.210416 0.249665 0.945194
vn -0.204730 0.335147 0.919653
vn -0.197237 0.419661 0.885992
vn -0.183471 0.535820 0.824157
vn -0.155488 0.698559 0.698454
vn -0.110154 0.861988 0.494816
vn -0.044959 0.978362 0.201955
vn 0.045984 0.977353 -0.206560
vn 0.122734 0.825215 -0.551323
vn 0.163316 0.659644 -0.733619
vn 0.187129 0.508325 -0.840588
vn 0.202647 0.360968 -0.910295
vn 0.211174 0.235716 -0.948601
vn 0.215207 0.138390 -0.966713
vn 0.216985 0.053622 -0.974701
vn 0.217212 -0.028017 -0.975722
vn 0.216017 -0.108409 -0.970353
vn 0.213413 -0.188226 -0.958658
vn 0.208559 -0.280736 -0.936851
vn 0.196089 -0.430900 -0.880837
vn 0.165461 -0.648227 -0.743252
vn 0.131521 -0.796028 -0.590797
vn 0.128222 -0.807349 -0.575974
vn 0.141779 -0.757821 -0.636873
vn 0.149023 -0.727789 -0.669414
vn 0.157674 -0.688102 -0.708276
vn 0.176615 -0.582571 -0.793359
vn 0.199883 -0.392252 -0.897878
vn 0.212171 -0.215936 -0.953077
vn 0.215558 -0.126295 -0.968289
vn 0.216170 -0.101742 -0.971040
vn 0.217298 0.000000 -0.976105
vn -0.189493 -0.083094 0.978360
vn -0.189498 -0.082790 0.978385
vn -0.189852 -0.056060 0.980211
vn -0.190120 0.017919 0.981597
vn -0.188265 0.140471 0.972021
vn -0.183516 0.261860 0.947497
vn -0.177955 0.352363 0.918788
vn -0.170560 0.442087 0.880607
vn -0.157002 0.564152 0.810607
vn -0.130062 0.729486 0.671517
vn -0.088232 0.885831 0.455543
vn -0.031225 0.986425 0.161217
vn 0.044357 0.972412 -0.229016
vn 0.107296 0.825592 -0.553972
vn 0.141453 0.668293 -0.730326
vn 0.162229 0.521650 -0.837594
vn 0.176284 0.374872 -0.910162
vn 0.184270 0.246769 -0.951393
vn 0.188129 0.145439 -0.971316
vn 0.189848 0.056422 -0.980191
vn 0.190068 -0.029430 -0.981330
vn 0.188924 -0.113405 -0.975421
vn 0.186465 -0.195951 -0.962722
vn 0.181937 -0.290743 -0.939344
vn 0.170497 -0.442761 -0.880280
vn 0.143352 -0.657003 -0.740133
vn 0.114549 -0.798185 -0.591421
vn 0.112203 -0.807349 -0.579308
vn 0.124066 -0.757821 -0.640559
vn 0.130406 -0.727789 -0.673289
vn 0.137976 -0.688102 -0.712375
vn 0.154551 -0.582571 -0.797951
vn 0.174912 -0.392252 -0.903075
vn 0.185665 -0.215936 -0.958593
vn 0.188628 -0.126295 -0.973894
vn 0.189164 -0.101742 -0.976660
vn 0.190151 0.000000 -0.981755
vn -0.162327 -0.083748 0.983177
vn -0.162327 -0.083782 0.983174
vn -0.162634 -0.057047 0.985036
vn -0.162872 0.018349 0.986477
vn -0.161182 0.144844 0.976238
vn -0.156797 0.271139 0.949683
vn -0.151630 0.365477 0.918387
vn -0.144714 0.459144 0.876496
vn -0.132062 0.585465 0.799869
vn -0.107390 0.751932 0.650434
vn -0.070329 0.902001 0.425967
vn -0.021770 0.991030 0.131855
vn 0.040446 0.968687 -0.244970
vn 0.091856 0.825857 -0.556347
vn 0.120272 0.674452 -0.728457
vn 0.138000 0.531357 -0.835832
vn 0.150326 0.385244 -0.910488
vn 0.157507 0.255155 -0.953985
vn 0.161036 0.150832 -0.975355
vn 0.162620 0.058571 -0.984949
vn 0.162824 -0.030512 -0.986183
vn 0.161777 -0.117198 -0.979843
vn 0.159549 -0.201762 -0.966352
vn 0.155489 -0.298191 -0.941757
vn 0.145355 -0.451445 -0.880380
vn 0.121912 -0.663258 -0.738394
vn 0.097804 -0.799702 -0.592377
vn 0.096123 -0.807349 -0.582192
vn 0.106286 -0.757821 -0.643748
vn 0.111717 -0.727789 -0.676641
vn 0.118202 -0.688102 -0.715922
vn 0.132401 -0.582571 -0.801923
vn 0.149844 -0.392252 -0.907571
vn 0.159056 -0.215936 -0.963365
vn 0.161595 -0.126295 -0.978742
vn 0.162054 -0.101742 -0.981523
vn 0.162899 0.000000 -0.986643
vn -0.135126 -0.084079 0.987255
vn -0.135124 -0.084287 0.987237
vn -0.135382 -0.057552 0.989121
vn -0.135583 0.018571 0.990592
vn -0.134131 0.147130 0.979980
vn -0.130339 0.276013 0.952276
vn -0.125854 0.372368 0.919512
vn -0.119833 0.468094 0.875516
vn -0.108834 0.596560 0.795155
vn -0.087603 0.763328 0.640044
vn -0.056272 0.909839 0.411129
vn -0.016032 0.992987 0.117131
vn 0.034677 0.966751 -0.253356
vn 0.076439 0.825990 -0.558478
vn 0.099735 0.677552 -0.728681
vn 0.114454 0.536314 -0.836222
vn 0.124833 0.390622 -0.912048
vn 0.130959 0.259552 -0.956808
vn 0.133996 0.153676 -0.978994
vn 0.135365 0.059706 -0.988995
vn 0.135541 -0.031082 -0.990284
vn 0.134640 -0.119188 -0.983700
vn 0.132732 -0.204792 -0.969764
vn 0.129273 -0.302048 -0.944487
vn 0.120694 -0.455893 -0.881813
vn 0.101106 -0.666409 -0.738700
vn 0.081281 -0.800460 -0.593850
vn 0.080018 -0.807349 -0.584623
vn 0.088478 -0.757821 -0.646436
vn 0.092999 -0.727789 -0.679466
vn 0.098398 -0.688102 -0.718911
vn 0.110218 -0.582571 -0.805272
vn 0.124739 -0.392252 -0.911361
vn 0.132407 -0.215936 -0.967388
vn 0.134521 -0.126295 -0.982829
vn 0.134903 -0.101742 -0.985622
vn 0.135607 0.000000 -0.990763
vn -0.107951 -0.084102 0.990592
vn -0.107949 -0.084322 0.990574
vn -0.108155 -0.057588 0.992465
vn -0.108317 0.018587 0.993943
vn -0.107154 0.147291 0.983272
vn -0.104116 0.276358 0.955398
vn -0.100523 0.372856 0.922428
vn -0.095697 0.468728 0.878144
vn -0.086883 0.597342 0.797266
vn -0.069884 0.764124 0.641273
vn -0.044827 0.910377 0.411345
vn -0.012691 0.993114 0.116458
vn 0.027759 0.966615 -0.254725
vn 0.061066 0.825999 -0.560354
vn 0.079656 0.677768 -0.730948
vn 0.091413 0.536661 -0.838832
vn 0.099711 0.391001 -0.914973
vn 0.104613 0.259863 -0.959962
vn 0.107045 0.153878 -0.982274
vn 0.108141 0.059787 -0.992336
vn 0.108283 -0.031122 -0.993633
vn 0.107561 -0.119329 -0.987011
vn 0.106034 -0.205006 -0.973000
vn 0.103266 -0.302319 -0.947597
vn 0.096405 -0.456205 -0.884637
vn 0.080752 -0.666628 -0.741003
vn 0.064927 -0.800512 -0.595789
vn 0.063926 -0.807349 -0.586601
vn 0.070685 -0.757821 -0.648623
vn 0.074296 -0.727789 -0.681765
vn 0.078610 -0.688102 -0.721343
vn 0.088053 -0.582571 -0.807996
vn 0.099653 -0.392252 -0.914444
vn 0.105779 -0.215936 -0.970661
vn 0.107468 -0.126295 -0.986154
vn 0.107773 -0.101742 -0.988956
vn 0.108335 0.000000 -0.994114
vn -0.080861 -0.083909 0.993187
vn -0.080861 -0.084027 0.993177
vn -0.081014 -0.057292 0.995065
vn -0.081134 0.018456 0.996532
vn -0.080279 0.145950 0.986029
vn -0.078054 0.273495 0.958701
vn -0.075427 0.368807 0.926440
vn -0.071906 0.463471 0.883190
vn -0.065469 0.590837 0.804130
vn -0.052978 0.757475 0.650711
vn -0.034375 0.905844 0.422214
vn -0.010235 0.992013 0.125718
vn 0.020442 0.967749 -0.251085
vn 0.045750 0.825922 -0.561925
vn 0.059801 0.675961 -0.734507
vn 0.068621 0.533765 -0.842844
vn 0.074795 0.387849 -0.918683
vn 0.078416 0.257281 -0.963150
vn 0.080202 0.152206 -0.985089
vn 0.081006 0.059119 -0.994959
vn 0.081109 -0.030787 -0.996230
vn 0.080579 -0.118160 -0.989720
vn 0.079454 -0.203228 -0.975902
vn 0.077408 -0.300060 -0.950774
vn 0.072319 -0.453605 -0.888264
vn 0.060619 -0.664792 -0.744565
vn 0.048681 -0.800071 -0.597926
vn 0.047883 -0.807349 -0.588128
vn 0.052946 -0.757821 -0.650311
vn 0.055651 -0.727789 -0.683539
vn 0.058882 -0.688102 -0.723221
vn 0.065955 -0.582571 -0.810100
vn 0.074644 -0.392252 -0.916824
vn 0.079233 -0.215936 -0.973187
vn 0.080498 -0.126295 -0.988721
vn 0.080726 -0.101742 -0.991530
vn 0.081147 0.000000 -0.996702
vn -0.053914 -0.083643 0.995036
vn -0.053914 -0.083622 0.995038
vn -0.054016 -0.056886 0.996918
vn -0.054095 0.018278 0.998369
vn -0.053539 0.144126 0.988110
vn -0.052100 0.269612 0.961559
vn -0.050406 0.363318 0.930301
vn -0.048142 0.456338 0.888503
vn -0.043997 0.581974 0.812016
vn -0.035890 0.748305 0.662383
vn -0.023644 0.899453 0.436377
vn -0.007497 0.990354 0.138357
vn 0.013304 0.969296 -0.245535
vn 0.030511 0.825815 -0.563115
vn 0.039995 0.673462 -0.738139
vn 0.045887 0.529784 -0.846890
vn 0.049966 0.383549 -0.922168
vn 0.052332 0.253776 -0.965846
vn 0.053492 0.149943 -0.987247
vn 0.054012 0.058216 -0.996842
vn 0.054079 -0.030333 -0.998076
vn 0.053735 -0.116574 -0.991727
vn 0.053002 -0.200809 -0.978195
vn 0.051663 -0.296975 -0.953487
vn 0.048315 -0.450035 -0.891703
vn 0.040539 -0.662252 -0.748184
vn 0.032501 -0.799459 -0.599840
vn 0.031925 -0.807349 -0.589210
vn 0.035301 -0.757821 -0.651507
vn 0.037104 -0.727789 -0.684797
vn 0.039258 -0.688102 -0.724551
vn 0.043974 -0.582571 -0.811590
vn 0.049768 -0.392252 -0.918510
vn 0.052827 -0.215936 -0.974977
vn 0.053670 -0.126295 -0.990540
vn 0.053823 -0.101742 -0.993354
vn 0.054104 0.000000 -0.998535
vn -0.027167 -0.083462 0.996141
vn -0.027167 -0.083347 0.996150
vn -0.027218 -0.056612 0.998025
vn -0.027257 0.018159 0.999464
vn -0.026982 0.142905 0.989368
vn -0.026272 0.267018 0.963333
vn -0.025438 0.359652 0.932740
vn -0.024324 0.451570 0.891904
vn -0.022285 0.576029 0.817126
vn -0.018274 0.742083 0.670059
vn -0.012159 0.895024 0.445852
vn -0.004008 0.989134 0.146964
vn 0.006591 0.970335 -0.241673
vn 0.015377 0.825742 -0.563839
vn 0.020195 0.671759 -0.740494
vn 0.023167 0.527090 -0.849493
vn 0.025209 0.380659 -0.924372
vn 0.026386 0.251433 -0.967515
vn 0.026960 0.148434 -0.988555
vn 0.027216 0.057614 -0.997968
vn 0.027249 -0.030031 -0.999177
vn 0.027079 -0.115514 -0.992937
vn 0.026715 -0.199188 -0.979597
vn 0.026049 -0.294900 -0.955173
vn 0.024378 -0.447624 -0.893890
vn 0.020468 -0.660522 -0.750527
vn 0.016392 -0.799041 -0.601053
vn 0.016086 -0.807349 -0.589855
vn 0.017787 -0.757821 -0.652220
vn 0.018696 -0.727789 -0.685546
vn 0.019782 -0.688102 -0.725344
vn 0.022158 -0.582571 -0.812478
vn 0.025077 -0.392252 -0.919516
vn 0.026619 -0.215936 -0.976045
vn 0.027043 -0.126295 -0.991624
vn 0.027120 -0.101742 -0.994441
vn 0.027262 0.000000 -0.999628
vn -0.000675 -0.083508 0.996507
vn -0.000675 -0.083417 0.996515
vn -0.000676 -0.056682 0.998392
vn -0.000677 0.018189 0.999834
vn -0.000670 0.143215 0.989691
vn -0.000652 0.267675 0.963509
vn -0.000631 0.360581 0.932728
vn -0.000604 0.452779 0.891623
vn -0.000553 0.577537 0.816364
vn -0.000453 0.743667 0.668550
vn -0.000300 0.896159 0.443733
vn -0.000098 0.989452 0.144863
vn 0.000164 0.970072 -0.242819
vn 0.000382 0.825760 -0.564021
vn 0.000501 0.672193 -0.740376
vn 0.000575 0.527776 -0.849384
vn 0.000626 0.381393 -0.924413
vn 0.000655 0.252027 -0.967720
vn 0.000669 0.148816 -0.988865
vn 0.000676 0.057767 -0.998330
vn 0.000677 -0.030107 -0.999546
vn 0.000672 -0.115783 -0.993274
vn 0.000663 -0.199599 -0.979877
vn 0.000647 -0.295427 -0.955365
vn 0.000605 -0.448237 -0.893915
vn 0.000508 -0.660963 -0.750418
vn 0.000407 -0.799148 -0.601135
vn 0.000399 -0.807349 -0.590074
vn 0.000442 -0.757821 -0.652463
vn 0.000464 -0.727789 -0.685801
vn 0.000491 -0.688102 -0.725614
vn 0.000550 -0.582571 -0.812780
vn 0.000623 -0.392252 -0.919857
vn 0.000661 -0.215936 -0.976407
vn 0.000672 -0.126295 -0.991992
vn 0.000673 -0.101742 -0.994811
vn 0.000677 0.000000 -1.000000
vn 0.025509 -0.083881 0.996149
vn 0.025509 -0.083985 0.996140
vn 0.025557 -0.057250 0.998033
vn 0.025595 0.018438 0.999502
vn 0.025326 0.145758 0.988996
vn 0.024626 0.273086 0.961674
vn 0.023800 0.368230 0.929430
vn 0.022694 0.462721 0.886214
vn 0.020670 0.589907 0.807207
vn 0.016741 0.756519 0.653758
vn 0.010880 0.905185 0.424878
vn 0.003262 0.991848 0.127386
vn -0.006433 0.967911 -0.251209
vn -0.014433 0.825911 -0.563616
vn -0.018871 0.675701 -0.736934
vn -0.021654 0.533349 -0.845618
vn -0.023600 0.387398 -0.921610
vn -0.024740 0.256913 -0.966118
vn -0.025302 0.151968 -0.988062
vn -0.025554 0.059024 -0.997929
vn -0.025587 -0.030739 -0.999200
vn -0.025420 -0.117993 -0.992689
vn -0.025066 -0.202974 -0.978863
vn -0.024422 -0.299736 -0.953709
vn -0.022819 -0.453231 -0.891101
vn -0.019129 -0.664527 -0.747019
vn -0.015359 -0.800008 -0.599793
vn -0.015105 -0.807349 -0.589881
vn -0.016702 -0.757821 -0.652249
vn -0.017556 -0.727789 -0.685576
vn -0.018575 -0.688102 -0.725376
vn -0.020806 -0.582571 -0.812514
vn -0.023547 -0.392252 -0.919556
vn -0.024995 -0.215936 -0.976087
vn -0.025394 -0.126295 -0.991668
vn -0.025466 -0.101742 -0.994485
vn -0.025599 0.000000 -0.999672
vn 0.051333 -0.084625 0.995090
vn 0.051331 -0.085123 0.995047
vn 0.051430 -0.058397 0.996968
vn 0.051509 0.018946 0.998493
vn 0.050927 0.151019 0.987218
vn 0.049391 0.284340 0.957450
vn 0.047565 0.384144 0.922047
vn 0.045100 0.483365 0.874256
vn 0.040610 0.615332 0.787221
vn 0.032101 0.782144 0.622270
vn 0.019920 0.922226 0.386139
vn 0.004785 0.995678 0.092752
vn -0.013794 0.963487 -0.267398
vn -0.029024 0.826206 -0.562620
vn -0.037647 0.682649 -0.729776
vn -0.043209 0.544566 -0.837604
vn -0.047224 0.399701 -0.915429
vn -0.049647 0.267052 -0.962402
vn -0.050866 0.158554 -0.986039
vn -0.051420 0.061657 -0.996772
vn -0.051492 -0.032060 -0.998159
vn -0.051129 -0.122585 -0.991140
vn -0.050370 -0.209934 -0.976417
vn -0.049004 -0.308551 -0.949945
vn -0.045655 -0.463321 -0.885014
vn -0.038171 -0.671591 -0.739938
vn -0.030794 -0.801697 -0.596937
vn -0.030399 -0.807349 -0.589290
vn -0.033614 -0.757821 -0.651597
vn -0.035331 -0.727789 -0.684890
vn -0.037382 -0.688102 -0.724650
vn -0.041873 -0.582571 -0.811701
vn -0.047389 -0.392252 -0.918636
vn -0.050303 -0.215936 -0.975111
vn -0.051105 -0.126295 -0.990675
vn -0.051251 -0.101742 -0.993490
vn -0.051518 0.000000 -0.998672
f 1/1/1 38/38/38 39/39/39
f 1/1/1 39/39/39 2/2/2
f 2/2/2 39/39/39 40/40/40
f 2/2/2 40/40/40 3/3/3
f 3/3/3 40/40/40 41/41/41
f 3/3/3 41/41/41 4/4/4
f 4/4/4 41/41/41 42/42/42
f 4/4/4 42/42/42 5/5/5
f 5/5/5 42/42/42 43/43/43
f 5/5/5 43/43/43 6/6/6
f 6/6/6 43/43/43 44/44/44
f 6/6/6 44/44/44 7/7/7
f 7/7/7 44/44/44 45/45/45
f 7/7/7 45/45/45 8/8/8
f 8/8/8 45/45/45 46/46/46
f 8/8/8 46/46/46 9/9/9
f 9/9/9 46/46/46 47/47/47
f 9/9/9 47/47/47 10/10/10
f 10/10/10 47/47/47 48/48/48
f 10/10/10 48/48/48 11/11/11
f 11/11/11 48/48/48 49/49/49
f 11/11/11 49/49/49 12/12/12
f 12/12/12 49/49/49 50/50/50
f 12/12/12 50/50/50 13/13/13
f 13/13/13 50/50/50 51/51/51
f 13/13/13 51/51/51 14/14/14
f 14/14/14 51/51/51 52/52/52
f 14/14/14 52/52/52 15/15/15
f 15/15/15 52/52/52 53/53/53
f 15/15/15 53/53/53 16/16/16
f 16/16/16 53/53/53 54/54/54
f 16/16/16 54/54/54 17/17/17
f 17/17/17 54/54/54 55/55/55
f 17/17/17 55/55/55 18/18/18
f 18/18/18 55/55/55 56/56/56
f 18/18/18 56/56/56 19/19/19
f 19/19/19 56/56/56 57/57/57
f 19/19/19 57/57/57 20/20/20
f 20/20/20 57/57/57 58/58/58
f 20/20/20 58/58/58 21/21/21
f 21/21/21 58/58/58 59/59/59
f 21/21/21 59/59/59 22/22/22
f 22/22/22 59/59/59 60/60/60
f 22/22/22 60/60/60 23/23/23
f 23/23/23 60/60/60 61/61/61
f 23/23/23 61/61/61 24/24/24
f 24/24/24 61/61/61 62/62/62
f 24/24/24 62/62/62 25/25/25
f 25/25/25 62/62/62 63/63/63
f 25/25/25 63/63/63 26/26/26
f 26/26/26 63/63/63 64/64/64
f 26/26/26 64/64/64 27/27/27
f 27/27/27 64/64/64 65/65/65
f 27/27/27 65/65/65 28/28/28
f 28/28/28 65/65/65 66/66/66
f 28/28/28 66/66/66 29/29/29
f 29/29/29 66/66/66 67/67/67
f 29/29/29 67/67/67 30/30/30
f 30/30/30 67/67/67 68/68/68
f 30/30/30 68/68/68 31/31/31
f 31/31/31 68/68/68 69/69/69
f 31/31/31 69/69/69 32/32/32
f 32/32/32 69/69/69 70/70/70
f 32/32/32 70/70/70 33/33/33
f 33/33/33 70/70/70 71/71/71
f 33/33/33 71/71/71 34/34/34
f 34/34/34 71/71/71 72/72/72
f 34/34/34 72/72/72 35/35/35
f 35/35/35 72/72/72 73/73/73
f 35/35/35 73/73/73 36/36/36
f 36/36/36 73/73/73 74/74/74
f 36/36/36 74/74/74 37/37/37
f 38/38/38 75/75/75 76/76/76
f 38/38/38 76/76/76 39/39/39
f 39/39/39 76/76/76 77/77/77
f 39/39/39 77/77/77 40/40/40
f 40/40/40 77/77/77 78/78/78
f 40/40/40 78/78/78 41/41/41
f 41/41/41 78/78/78 79/79/79
f 41/41/41 79/79/79 42/42/42
f 42/42/42 79/79/79 80/80/80
f 42/42/42 80/80/80 43/43/43
f 43/43/43 80/80/80 81/81/81
f 43/43/43 81/81/81 44/44/44
f 44/44/44 81/81/81 82/82/82
f 44/44/44 82/82/82 45/45/45
f 45/45/45 82/82/82 83/83/83
f 45/45/45 83/83/83 46/46/46
f 46/46/46 83/83/83 84/84/84
f 46/46/46 84/84/84 47/47/47
f 47/47/47 84/84/84 85/85/85
f 47/47/47 85/85/85 48/48/48
f 48/48/48 85/85/85 86/86/86
f 48/48/48 86/86/86 49/49/49
f 49/49/49 86/86/86 87/87/87
f 49/49/49 87/87/87 50/50/50
f 50/50/50 87/87/87 88/88/88
f 50/50/50 88/88/88 51/51/51
f 51/51/51 88/88/88 89/89/89
f 51/51/51 89/89/89 52/52/52
f 52/52/52 89/89/89 90/90/90
f 52/52/52 90/90/90 53/53/53
f 53/53/53 90/90/90 91/91/91
f 53/53/53 91/91/91 54/54/54
f 54/54/54 91/91/91 92/92/92
f 54/54/54 92/92/92 55/55/55
f 55/55/55 92/92/92 93/93/93
f 55/55/55 93/93/93 56/56/56
f 56/56/56 93/93/93 94/94/94
f 56/56/56 94/94/94 57/57/57
f 57/57/57 94/94/94 95/95/95
f 57/57/57 95/95/95 58/58/58
f 58/58/58 95/95/95 96/96/96
f 58/58/58 96/96/96 59/59/59
f 59/59/59 96/96/96 97/97/97
f 59/59/59 97/97/97 60/60/60
f 60/60/60 97/97/97 98/98/98
f 60/60/60 98/98/98 61/61/61
f 61/61/61 98/98/98 99/99/99
f 61/61/61 99/99/99 62/62/62
f 62/62/62 99/99/99 100/100/100
f 62/62/62 100/100/100 63/63/63
f 63/63/63 100/100/100 101/101/101
f 63/63/63 101/101/101 64/64/64
f 64/64/64 101/101/101 102/102/102
f 64/64/64 102/102/102 65/65/65
f 65/65/65 102/102/102 103/103/103
f 65/65/65 103/103/103 66/66/66
f 66/66/66 103/103/103 104/104/104
f 66/66/66 104/104/104 67/67/67
f 67/67/67 104/104/104 105/105/105
f 67/67/67 105/105/105 68/68/68
f 68/68/68 105/105/105 106/106/106
f 68/68/68 106/106/106 69/69/69
f 69/69/69 106/106/106 107/107/107
f 69/69/69 107/107/107 70/70/70
f 70/70/70 107/107/107 108/108/108
f 70/70/70 108/108/108 71/71/71
f 71/71/71 108/108/108 109/109/109
f 71/71/71 109/109/109 72/72/72
f 72/72/72 109/109/109 110/110/110
f 72/72/72 110/110/110 73/73/73
f 73/73/73 110/110/110 111/111/111
f 73/73/73 111/111/111 74/74/74
f 75/75/75 112/112/112 113/113/113
f 75/75/75 113/113/113 76/76/76
f 76/76/76 113/113/113 114/114/114
f 76/76/76 114/114/114 77/77/77
f 77/77/77 114/114/114 115/115/115
f 77/77/77 115/115/115 78/78/78
f 78/78/78 115/115/115 116/116/116
f 78/78/78 116/116/116 79/79/79
f 79/79/79 116/116/116 117/117/117
f 79/79/79 117/117/117 80/80/80
f 80/80/80 117/117/117 118/118/118
f 80/80/80 118/118/118 81/81/81
f 81/81/81 118/118/118 119/119/119
f 81/81/81 119/119/119 82/82/82
f 82/82/82 119/119/119 120/120/120
f 82/82/82 120/120/120 83/83/83
f 83/83/83 120/120/120 121/121/121
f 83/83/83 121/121/121 84/84/84
f 84/84/84 121/121/121 122/122/122
f 84/84/84 122/122/122 85/85/85
f 85/85/85 122/122/122 123/123/123
f 85/85/85 123/123/123 86/86/86
f 86/86/86 123/123/123 124/124/124
f 86/86/86 124/124/124 87/87/87
f 87/87/87 124/124/124 125/125/125
f 87/87/87 125/125/125 88/88/88
f 88/88/88 125/125/125 126/126/126
f 88/88/88 126/126/126 89/89/89
f 89/89/89 126/126/126 127/127/127
f 89/89/89 127/127/127 90/90/90
f 90/90/90 127/127/127 128/128/128
f 90/90/90 128/128/128 91/91/91
f 91/91/91 128/128/128 129/129/129
f 91/91/91 129/129/129 92/92/92
f 92/92/92 129/129/129 130/130/130
f 92/92/92 130/130/130 93/93/93
f 93/93/93 130/130/130 131/131/131
f 93/93/93 131/131/131 94/94/94
f 94/94/94 131/131/131 132/132/132
f 94/94/94 132/132/132 95/95/95
f 95/95/95 132/132/132 133/133/133
f 95/95/95 133/133/133 96/96/96
f 96/96/96 133/133/133 134/134/134
f 96/96/96 134/134/134 97/97/97
f 97/97/97 134/134/134 135/135/135
f 97/97/97 135/135/135 98/98/98
f 98/98/98 135/135/135 136/136/136
f 98/98/98 136/136/136 99/99/99
f 99/99/99 136/136/136 137/137/137
f 99/99/99 137/137/137 100/100/100
f 100/100/100 137/137/137 138/138/138
f 100/100/100 138/138/138 101/101/101
f 101/101/101 138/138/138 139/139/139
f 101/101/101 139/139/139 102/102/102
f 102/102/102 139/139/139 140/140/140
f 102/102/102 140/140/140 103/103/103
f 103/103/103 140/140/140 141/141/141
f 103/103/103 141/141/141 104/104/104
f 104/104/104 141/141/141 142/142/142
f 104/104/104 142/142/142 105/105/105
f 105/105/105 142/142/142 143/143/143
f 105/105/105 143/143/143 106/106/106
f 106/106/106 143/143/143 144/144/144
f 106/106/106 144/144/144 107/107/107
f 107/107/107 144/144/144 145/145/145
f 107/107/107 145/145/145 108/108/108
f 108/108/108 145/145/145 146/146/146
f 108/108/108 146/146/146 109/109/109
f 109/109/109 146/146/146 147/147/147
f 109/109/109 147/147/147 110/110/110
f 110/110/110 147/147/147 148/148/148
f 110/110/110 148/148/148 111/111/111
f 112/112/112 149/149/149 150/150/150
f 112/112/112 150/150/150 113/113/113
f 113/113/113 150/150/150 151/151/151
f 113/113/113 151/151/151 114/114/114
f 114/114/114 151/151/151 152/152/152
f 114/114/114 152/152/152 115/115/115
f 115/115/115 152/152/152 153/153/153
f 115/115/115 153/153/153 116/116/116
f 116/116/116 153/153/153 154/154/154
f 116/116/116 154/154/154 117/117/117
f 117/117/117 154/154/154 155/155/155
f 117/117/117 155/155/155 118/118/118
f 118/118/118 155/155/155 156/156/156
f 118/118/118 156/156/156 119/119/119
f 119/119/119 156/156/156 157/157/157
f 119/119/119 157/157/157 120/120/120
f 120/120/120 157/157/157 158/158/158
f 120/120/120 158/158/158 121/121/121
f 121/121/121 158/158/158 159/159/159
f 121/121/121 159/159/159 122/122/122
f 122/122/122 159/159/159 160/160/160
f 122/122/122 160/160/160 123/123/123
f 123/123/123 160/160/160 161/161/161
f 123/123/123 161/161/161 124/124/124
f 124/124/124 161/161/161 162/162/162
f 124/124/124 162/162/162 125/125/125
f 125/125/125 162/162/162 163/163/163
f 125/125/125 163/163/163 126/126/126
f 126/126/126 163/163/163 164/164/164
f 126/126/126 164/164/164 127/127/127
f 127/127/127 164/164/164 165/165/165
f 127/127/127 165/165/165 128/128/128
f 128/128/128 165/165/165 166/166/166
f 128/128/128 166/166/166 129/129/129
f 129/129/129 166/166/166 167/167/167
f 129/129/129 167/167/167 130/130/130
f 130/130/130 167/167/167 168/168/168
f 130/130/130 168/168/168 131/131/131
f 131/131/131 168/168/168 169/169/169
f 131/131/131 169/169/169 132/132/132
f 132/132/132 169/169/169 170/170/170
f 132/132/132 170/170/170 133/133/133
f 133/133/133 170/170/170 171/171/171
f 133/133/133 171/171/171 134/134/134
f 134/134/134 171/171/171 172/172/172
f 134/134/134 172/172/172 135/135/135
f 135/135/135 172/172/172 173/173/173
f 135/135/135 173/173/173 136/136/136
f 136/136/136 173/173/173 174/174/174
f 136/136/136 174/174/174 137/137/137
f 137/137/137 174/174/174 175/175/175
f 137/137/137 175/175/175 138/138/138
f 138/138/138 175/175/175 176/176/176
f 138/138/138 176/176/176 139/139/139
f 139/139/139 176/176/176 177/177/177
f 139/139/139 177/177/177 140/140/140
f 140/140/140 177/177/177 178/178/178
f 140/140/140 178/178/178 141/141/141
f 141/141/141 178/178/178 179/179/179
f 141/141/141 179/179/179 142/142/142
f 142/142/142 179/179/179 180/180/180
f 142/142/142 180/180/180 143/143/143
f 143/143/143 180/180/180 181/181/181
f 143/143/143 181/181/181 144/144/144
f 144/144/144 181/181/181 182/182/182
f 144/144/144 182/182/182 145/145/145
f 145/145/145 182/182/182 183/183/183
f 145/145/145 183/183/183 146/146/146
f 146/146/146 183/183/183 184/184/184
f 146/146/146 184/184/184 147/147/147
f 147/147/147 184/184/184 185/185/185
f 147/147/147 185/185/185 148/148/148
f 149/149/149 186/186/186 187/187/187
f 149/149/149 187/187/187 150/150/150
f 150/150/150 187/187/187 188/188/188
f 150/150/150 188/188/188 151/151/151
f 151/151/151 188/188/188 189/189/189
f 151/151/151 189/189/189 152/152/152
f 152/152/152 189/189/189 190/190/190
f 152/152/152 190/190/190 153/153/153
f 153/153/153 190/190/190 191/191/191
f 153/153/153 191/191/191 154/154/154
f 154/154/154 191/191/191 192/192/192
f 154/154/154 192/192/192 155/155/155
f 155/155/155 192/192/192 193/193/193
f 155/155/155 193/193/193 156/156/156
f 156/156/156 193/193/193 194/194/194
f 156/156/156 194/194/194 157/157/157
f 157/157/157 194/194/194 195/195/195
f 157/157/157 195/195/195 158/158/158
f 158/158/158 195/195/195 196/196/196
f 158/158/158 196/196/196 159/159/159
f 159/159/159 196/196/196 197/197/197
f 159/159/159 197/197/197 160/160/160
f 160/160/160 197/197/197 198/198/198
f 160/160/160 198/198/198 161/161/161
f 161/161/161 198/198/198 199/199/199
f 161/161/161 199/199/199 162/162/162
f 162/162/162 199/199/199 200/200/200
f 162/162/162 200/200/200 163/163/163
f 163/163/163 200/200/200 201/201/201
f 163/163/163 201/201/201 164/164/164
f 164/164/164 201/201/201 202/202/202
f 164/164/164 202/202/202 165/165/165
f 165/165/165 202/202/202 203/203/203
f 165/165/165 203/203/203 166/166/166
f 166/166/166 203/203/203 204/204/204
f 166/166/166 204/204/204 167/167/167
f 167/167/167 204/204/204 205/205/205
f 167/167/167 205/205/205 168/168/168
f 168/168/168 205/205/205 206/206/206
f 168/168/168 206/206/206 169/169/169
f 169/169/169 206/206/206 207/207/207
f 169/169/169 207/207/207 170/170/170
f 170/170/170 207/207/207 208/208/208
f 170/170/170 208/208/208 171/171/171
f 171/171/171 208/208/208 209/209/209
f 171/171/171 209/209/209 172/172/172
f 172/172/172 209/209/209 210/210/210
f 172/172/172 210/210/210 173/173/173
f 173/173/173 210/210/210 211/211/211
f 173/173/173 211/211/211 174/174/174
f 174/174/174 211/211/211 212/212/212
f 174/174/174 212/212/212 175/175/175
f 175/175/175 212/212/212 213/213/213
f 175/175/175 213/213/213 176/176/176
f 176/176/176 213/213/213 214/214/214
f 176/176/176 214/214/214 177/177/177
f 177/177/177 214/214/214 215/215/215
f 177/177/177 215/215/215 178/178/178
f 178/178/178 215/215/215 216/216/216
f 178/178/178 216/216/216 179/179/179
f 179/179/179 216/216/216 217/217/217
f 179/179/179 217/217/217 180/180/180
f 180/180/180 217/217/217 218/218/218
f 180/180/180 218/218/218 181/181/181
f 181/181/181 218/218/218 219/219/219
f 181/181/181 219/219/219 182/182/182
f 182/182/182 219/219/219 220/220/220
f 182/182/182 220/220/220 183/183/183
f 183/183/183 220/220/220 221/221/221
f 183/183/183 221/221/221 184/184/184
f 184/184/184 221/221/221 222/222/222
f 184/184/184 222/222/222 185/185/185
f 186/186/186 223/223/223 224/224/224
f 186/186/186 224/224/224 187/187/187
f 187/187/187 224/224/224 225/225/225
f 187/187/187 225/225/225 188/188/188
f 188/188/188 225/225/225 226/226/226
f 188/188/188 226/226/226 189/189/189
f 189/189/189 226/226/226 227/227/227
f 189/189/189 227/227/227 190/190/190
f 190/190/190 227/227/227 228/228/228
f 190/190/190 228/228/228 191/191/191
f 191/191/191 228/228/228 229/229/229
f 191/191/191 229/229/229 192/192/192
f 192/192/192 229/229/229 230/230/230
f 192/192/192 230/230/230 193/193/193
f 193/193/193 230/230/230 231/231/231
f 193/193/193 231/231/231 194/194/194
f 194/194/194 231/231/231 232/232/232
f 194/194/194 232/232/232 195/195/195
f 195/195/195 232/232/232 233/233/233
f 195/195/195 233/233/233 196/196/196
f 196/196/196 233/233/233 234/234/234
f 196/196/196 234/234/234 197/197/197
f 197/197/197 234/234/234 235/235/235
f 197/197/197 235/235/235 198/198/198
f 198/198/198 235/235/235 236/236/236
f 198/198/198 236/236/236 199/199/199
f 199/199/199 236/236/236 237/237/237
f 199/199/199 237/237/237 200/200/200
f 200/200/200 237/237/237 238/238/238
f 200/200/200 238/238/238 201/201/201
f 201/201/201 238/238/238 239/239/239
f 201/201/201 239/239/239 202/202/202
f 202/202/202 239/239/239 240/240/240
f 202/202/202 240/240/240 203/203/203
f 203/203/203 240/240/240 241/241/241
f 203/203/203 241/241/241 204/204/204
f 204/204/204 241/241/241 242/242/242
f 204/204/204 242/242/242 205/205/205
f 205/205/205 242/242/242 243/243/243
f 205/205/205 243/243/243 206/206/206
f 206/206/206 243/243/243 244/244/244
f 206/206/206 244/244/244 207/207/207
f 207/207/207 244/244/244 245/245/245
f 207/207/207 245/245/245 208/208/208
f 208/208/208 245/245/245 246/246/246
f 208/208/208 246/246/246 209/209/209
f 209/209/209 246/246/246 247/247/247
f 209/209/209 247/247/247 210/210/210
f 210/210/210 247/247/247 248/248/248
f 210/210/210 248/248/248 211/211/211
f 211/211/211 248/248/248 249/249/249
f 211/211/211 249/249/249 212/212/212
f 212/212/212 249/249/249 250/250/250
f 212/212/212 250/250/250 213/213/213
f 213/213/213 250/250/250 251/251/251
f 213/213/213 251/251/251 214/214/214
f 214/214/214 251/251/251 252/252/252
f 214/214/214 252/252/252 215/215/215
f 215/215/215 252/252/252 253/253/253
f 215/215/215 253/253/253 216/216/216
f 216/216/216 253/253/253 254/254/254
f 216/216/216 254/254/254 217/217/217
f 217/217/217 254/254/254 255/255/255
f 217/217/217 255/255/255 218/218/218
f 218/218/218 255/255/255 256/256/256
f 218/218/218 256/256/256 219/219/219
f 219/219/219 256/256/256 257/257/257
f 219/219/219 257/257/257 220/220/220
f 220/220/220 257/257/257 258/258/258
f 220/220/220 258/258/258 221/221/221
f 221/221/221 258/258/258 259/259/259
f 221/221/221 259/259/259 222/222/222
f 223/223/223 260/260/260 261/261/261
f 223/223/223 261/261/261 224/224/224
f 224/224/224 261/261/261 262/262/262
f 224/224/224 262/262/262 225/225/225
f 225/225/225 262/262/262 263/263/263
f 225/225/225 263/263/263 226/226/226
f 226/226/226 263/263/263 264/264/264
f 226/226/226 264/264/264 227/227/227
f 227/227/227 264/264/264 265/265/265
f 227/227/227 265/265/265 228/228/228
f 228/228/228 265/265/265 266/266/266
f 228/228/228 266/266/266 229/229/229
f 229/229/229 266/266/266 267/267/267
f 229/229/229 267/267/267 230/230/230
f 230/230/230 267/267/267 268/268/268
f 230/230/230 268/268/268 231/231/231
f 231/231/231 268/268/268 269/269/269
f 231/231/231 269/269/269 232/232/232
f 232/232/232 269/269/269 270/270/270
f 232/232/232 270/270/270 233/233/233
f 233/233/233 270/270/270 271/271/271
f 233/233/233 271/271/271 234/234/234
f 234/234/234 271/271/271 272/272/272
f 234/234/234 272/272/272 235/235/235
f 235/235/235 272/272/272 273/273/273
f 235/235/235 273/273/273 236/236/236
f 236/236/236 273/273/273 274/274/274
f 236/236/236 274/274/274 237/237/237
f 237/237/237 274/274/274 275/275/275
f 237/237/237 275/275/275 238/238/238
f 238/238/238 275/275/275 276/276/276
f 238/238/238 276/276/276 239/239/239
f 239/239/239 276/276/276 277/277/277
f 239/239/239 277/277/277 240/240/240
f 240/240/240 277/277/277 278/278/278
f 240/240/240 278/278/278 241/241/241
f 241/241/241 278/278/278 279/279/279
f 241/241/241 279/279/279 242/242/242
f 242/242/242 279/279/279 280/280/280
f 242/242/242 280/280/280 243/243/243
f 243/243/243 280/280/280 281/281/281
f 243/243/243 281/281/281 244/244/244
f 244/244/244 281/281/281 282/282/282
f 244/244/244 282/282/282 245/245/245
f 245/245/245 282/282/282 283/283/283
f 245/245/245 283/283/283 246/246/246
f 246/246/246 283/283/283 284/284/284
f 246/246/246 284/284/284 247/247/247
f 247/247/247 284/284/284 285/285/285
f 247/247/247 285/285/285 248/248/248
f 248/248/248 285/285/285 286/286/286
f 248/248/248 286/286/286 249/249/249
f 249/249/249 286/286/286 287/287/287
f 249/249/249 287/287/287 250/250/250
f 250/250/250 287/287/287 288/288/288
f 250/250/250 288/288/288 251/251/251
f 251/251/251 288/288/288 289/289/289
f 251/251/251 289/289/289 252/252/252
f 252/252/252 289/289/289 290/290/290
f 252/252/252 290/290/290 253/253/253
f 253/253/253 290/290/290 291/291/291
f 253/253/253 291/291/291 254/254/254
f 254/254/254 291/291/291 292/292/292
f 254/254/254 292/292/292 255/255/255
f 255/255/255 292/292/292 293/293/293
f 255/255/255 293/293/293 256/256/256
f 256/256/256 293/293/293 294/294/294
f 256/256/256 294/294/294 257/257/257
f 257/257/257 294/294/294 295/295/295
f 257/257/257 295/295/295 258/258/258
f 258/258/258 295/295/295 296/296/296
f 258/258/258 296/296/296 259/259/259
f 260/260/260 297/297/297 298/298/298
f 260/260/260 298/298/298 261/261/261
f 261/261/261 298/298/298 299/299/299
f 261/261/261 299/299/299 262/262/262
f 262/262/262 299/299/299 300/300/300
f 262/262/262 300/300/300 263/263/263
f 263/263/263 300/300/300 301/301/301
f 263/263/263 301/301/301 264/264/264
f 264/264/264 301/301/301 302/302/302
f 264/264/264 302/302/302 265/265/265
f 265/265/265 302/302/302 303/303/303
f 265/265/265 303/303/303 266/266/266
f 266/266/266 303/303/303 304/304/304
f 266/266/266 304/304/304 267/267/267
f 267/267/267 304/304/304 305/305/305
f 267/267/267 305/305/305 268/268/268
f 268/268/268 305/305/305 306/306/306
f 268/268/268 306/306/306 269/269/269
f 269/269/269 306/306/306 307/307/307
f 269/269/269 307/307/307 270/270/270
f 270/270/270 307/307/307 308/308/308
f 270/270/270 308/308/308 271/271/271
f 271/271/271 308/308/308 309/309/309
f 271/271/271 309/309/309 272/272/272
f 272/272/272 309/309/309 310/310/310
f 272/272/272 310/310/310 273/273/273
f 273/273/273 310/310/310 311/311/311
f 273/273/273 311/311/311 274/274/274
f 274/274/274 311/311/311 312/312/312
f 274/274/274 312/312/312 275/275/275
f 275/275/275 312/312/312 313/313/313
f 275/275/275 313/313/313 276/276/276
f 276/276/276 313/313/313 314/314/314
f 276/276/276 314/314/314 277/277/277
f 277/277/277 314/314/314 315/315/315
f 277/277/277 315/315/315 278/278/278
f 278/278/278 315/315/315 316/316/316
f 278/278/278 316/316/316 279/279/279
f 279/279/279 316/316/316 317/317/317
f 279/279/279 317/317/317 280/280/280
f 280/280/280 317/317/317 318/318/318
f 280/280/280 318/318/318 281/281/281
f 281/281/281 318/318/318 319/319/319
f 281/281/281 319/319/319 282/282/282
f 282/282/282 319/319/319 320/320/320
f 282/282/282 320/320/320 283/283/283
f 283/283/283 320/320/320 321/321/321
f 283/283/283 321/321/321 284/284/284
f 284/284/284 321/321/321 322/322/322
f 284/284/284 322/322/322 285/285/285
f 285/285/285 322/322/322 323/323/323
f 285/285/285 323/323/323 286/286/286
f 286/286/286 323/323/323 324/324/324
f 286/286/286 324/324/324 287/287/287
f 287/287/287 324/324/324 325/325/325
f 287/287/287 325/325/325 288/288/288
f 288/288/288 325/325/325 326/326/326
f 288/288/288 326/326/326 289/289/289
f 289/289/289 326/326/326 327/327/327
f 289/289/289 327/327/327 290/290/290
f 290/290/290 327/327/327 328/328/328
f 290/290/290 328/328/328 291/291/291
f 291/291/291 328/328/328 329/329/329
f 291/291/291 329/329/329 292/292/292
f 292/292/292 329/329/329 330/330/330
f 292/292/292 330/330/330 293/293/293
f 293/293/293 330/330/330 331/331/331
f 293/293/293 331/331/331 294/294/294
f 294/294/294 331/331/331 332/332/332
f 294/294/294 332/332/332 295/295/295
f 295/295/295 332/332/332 333/333/333
f 295/295/295 333/333/333 296/296/296
f 297/297/297 334/334/334 335/335/335
f 297/297/297 335/335/335 298/298/298
f 298/298/298 335/335/335 336/336/336
f 298/298/298 336/336/336 299/299/299
f 299/299/299 336/336/336 337/337/337
f 299/299/299 337/337/337 300/300/300
f 300/300/300 337/337/337 338/338/338
f 300/300/300 338/338/338 301/301/301
f 301/301/301 338/338/338 339/339/339
f 301/301/301 339/339/339 302/302/302
f 302/302/302 339/339/339 340/340/340
f 302/302/302 340/340/340 303/303/303
f 303/303/303 340/340/340 341/341/341
f 303/303/303 341/341/341 304/304/304
f 304/304/304 341/341/341 342/342/342
f 304/304/304 342/342/342 305/305/305
f 305/305/305 342/342/342 343/343/343
f 305/305/305 343/343/343 306/306/306
f 306/306/306 343/343/343 344/344/344
f 306/306/306 344/344/344 307/307/307
f 307/307/307 344/344/344 345/345/345
f 307/307/307 345/345/345 308/308/308
f 308/308/308 345/345/345 346/346/346
f 308/308/308 346/346/346 309/309/309
f 309/309/309 346/346/346 347/347/347
f 309/309/309 347/347/347 310/310/310
f 310/310/310 347/347/347 348/348/348
f 310/310/310 348/348/348 311/311/311
f 311/311/311 348/348/348 349/349/349
f 311/311/311 349/349/349 312/312/312
f 312/312/312 349/349/349 350/350/350
f 312/312/312 350/350/350 313/313/313
f 313/313/313 350/350/350 351/351/351
f 313/313/313 351/351/351 314/314/314
f 314/314/314 351/351/351 352/352/352
f 314/314/314 352/352/352 315/315/315
f 315/315/315 352/352/352 353/353/353
f 315/315/315 353/353/353 316/316/316
f 316/316/316 353/353/353 354/354/354
f 316/316/316 354/354/354 317/317/317
f 317/317/317 354/354/354 355/355/355
f 317/317/317 355/355/355 318/318/318
f 318/318/318 355/355/355 356/356/356
f 318/318/318 356/356/356 319/319/319
f 319/319/319 356/356/356 357/357/357
f 319/319/319 357/357/357 320/320/320
f 320/320/320 357/357/357 358/358/358
f 320/320/320 358/358/358 321/321/321
f 321/321/321 358/358/358 359/359/359
f 321/321/321 359/359/359 322/322/322
f 322/322/322 359/359/359 360/360/360
f 322/322/322 360/360/360 323/323/323
f 323/323/323 360/360/360 361/361/361
f 323/323/323 361/361/361 324/324/324
f 324/324/324 361/361/361 362/362/362
f 324/324/324 362/362/362 325/325/325
f 325/325/325 362/362/362 363/363/363
f 325/325/325 363/363/363 326/326/326
f 326/326/326 363/363/363 364/364/364
f 326/326/326 364/364/364 327/327/327
f 327/327/327 364/364/364 365/365/365
f 327/327/327 365/365/365 328/328/328
f 328/328/328 365/365/365 366/366/366
f 328/328/328 366/366/366 329/329/329
f 329/329/329 366/366/366 367/367/367
f 329/329/329 367/367/367 330/330/330
f 330/330/330 367/367/367 368/368/368
f 330/330/330 368/368/368 331/331/331
f 331/331/331 368/368/368 369/369/369
f 331/331/331 369/369/369 332/332/332
f 332/332/332 369/369/369 370/370/370
f 332/332/332 370/370/370 333/333/333
f 334/334/334 371/371/371 372/372/372
f 334/334/334 372/372/372 335/335/335
f 335/335/335 372/372/372 373/373/373
f 335/335/335 373/373/373 336/336/336
f 336/336/336 373/373/373 374/374/374
f 336/336/336 374/374/374 337/337/337
f 337/337/337 374/374/374 375/375/375
f 337/337/337 375/375/375 338/338/338
f 338/338/338 375/375/375 376/376/376
f 338/338/338 376/376/376 339/339/339
f 339/339/339 376/376/376 377/377/377
f 339/339/339 377/377/377 340/340/340
f 340/340/340 377/377/377 378/378/378
f 340/340/340 378/378/378 341/341/341
f 341/341/341 378/378/378 379/379/379
f 341/341/341 379/379/379 342/342/342
f 342/342/342 379/379/379 380/380/380
f 342/342/342 380/380/380 343/343/343
f 343/343/343 380/380/380 381/381/381
f 343/343/343 381/381/381 344/344/344
f 344/344/344 381/381/381 382/382/382
f 344/344/344 382/382/382 345/345/345
f 345/345/345 382/382/382 383/383/383
f 345/345/345 383/383/383 346/346/346
f 346/346/346 383/383/383 384/384/384
f 346/346/346 384/384/384 347/347/347
f 347/347/347 384/384/384 385/385/385
f 347/347/347 385/385/385 348/348/348
f 348/348/348 385/385/385 386/386/386
f 348/348/348 386/386/386 349/349/349
f 349/349/349 386/386/386 387/387/387
f 349/349/349 387/387/387 350/350/350
f 350/350/350 387/387/387 388/388/388
f 350/350/350 388/388/388 351/351/351
f 351/351/351 388/388/388 389/389/389
f 351/351/351 389/389/389 352/352/352
f 352/352/352 389/389/389 390/390/390
f 352/352/352 390/390/390 353/353/353
f 353/353/353 390/390/390 391/391/391
f 353/353/353 391/391/391 354/354/354
f 354/354/354 391/391/391 392/392/392
f 354/354/354 392/392/392 355/355/355
f 355/355/355 392/392/392 393/393/393
f 355/355/355 393/393/393 356/356/356
f 356/356/356 393/393/393 394/394/394
f 356/356/356 394/394/394 357/357/357
f 357/357/357 394/394/394 395/395/395
f 357/357/357 395/395/395 358/358/358
f 358/358/358 395/395/395 396/396/396
f 358/358/358 396/396/396 359/359/359
f 359/359/359 396/396/396 397/397/397
f 359/359/359 397/397/397 360/360/360
f 360/360/360 397/397/397 398/398/398
f 360/360/360 398/398/398 361/361/361
f 361/361/361 398/398/398 399/399/399
f 361/361/361 399/399/399 362/362/362
f 362/362/362 399/399/399 400/400/400
f 362/362/362 400/400/400 363/363/363
f 363/363/363 400/400/400 401/401/401
f 363/363/363 401/401/401 364/364/364
f 364/364/364 401/401/401 402/402/402
f 364/364/364 402/402/402 365/365/365
f 365/365/365 402/402/402 403/403/403
f 365/365/365 403/403/403 366/366/366
f 366/366/366 403/403/403 404/404/404
f 366/366/366 404/404/404 367/367/367
f 367/367/367 404/404/404 405/405/405
f 367/367/367 405/405/405 368/368/368
f 368/368/368 405/405/405 406/406/406
f 368/368/368 406/406/406 369/369/369
f 369/369/369 406/406/406 407/407/407
f 369/369/369 407/407/407 370/370/370
f 371/371/371 408/408/408 409/409/409
f 371/371/371 409/409/409 372/372/372
f 372/372/372 409/409/409 410/410/410
f 372/372/372 410/410/410 373/373/373
f 373/373/373 410/410/410 411/411/411
f 373/373/373 411/411/411 374/374/374
f 374/374/374 411/411/411 412/412/412
f 374/374/374 412/412/412 375/375/375
f 375/375/375 412/412/412 413/413/413
f 375/375/375 413/413/413 376/376/376
f 376/376/376 413/413/413 414/414/414
f 376/376/376 414/414/414 377/377/377
f 377/377/377 414/414/414 415/415/415
f 377/377/377 415/415/415 378/378/378
f 378/378/378 415/415/415 416/416/416
f 378/378/378 416/416/416 379/379/379
f 379/379/379 416/416/416 417/417/417
f 379/379/379 417/417/417 380/380/380
f 380/380/380 417/417/417 418/418/418
f 380/380/380 418/418/418 381/381/381
f 381/381/381 418/418/418 419/419/419
f 381/381/381 419/419/419 382/382/382
f 382/382/382 419/419/419 420/420/420
f 382/382/382 420/420/420 383/383/383
f 383/383/383 420/420/420 421/421/421
f 383/383/383 421/421/421 384/384/384
f 384/384/384 421/421/421 422/422/422
f 384/384/384 422/422/422 385/385/385
f 385/385/385 422/422/422 423/423/423
f 385/385/385 423/423/423 386/386/386
f 386/386/386 423/423/423 424/424/424
f 386/386/386 424/424/424 387/387/387
f 387/387/387 424/424/424 425/425/425
f 387/387/387 425/425/425 388/388/388
f 388/388/388 425/425/425 426/426/426
f 388/388/388 426/426/426 389/389/389
f 389/389/389 426/426/426 427/427/427
f 389/389/389 427/427/427 390/390/390
f 390/390/390 427/427/427 428/428/428
f 390/390/390 428/428/428 391/391/391
f 391/391/391 428/428/428 429/429/429
f 391/391/391 429/429/429 392/392/392
f 392/392/392 429/429/429 430/430/430
f 392/392/392 430/430/430 393/393/393
f 393/393/393 430/430/430 431/431/431
f 393/393/393 431/431/431 394/394/394
f 394/394/394 431/431/431 432/432/432
f 394/394/394 432/432/432 395/395/395
f 395/395/395 432/432/432 433/433/433
f 395/395/395 433/433/433 396/396/396
f 396/396/396 433/433/433 434/434/434
f 396/396/396 434/434/434 397/397/397
f 397/397/397 434/434/434 435/435/435
f 397/397/397 435/435/435 398/398/398
f 398/398/398 435/435/435 436/436/436
f 398/398/398 436/436/436 399/399/399
f 399/399/399 436/436/436 437/437/437
f 399/399/399 437/437/437 400/400/400
f 400/400/400 437/437/437 438/438/438
f 400/400/400 438/438/438 401/401/401
f 401/401/401 438/438/438 439/439/439
f 401/401/401 439/439/439 402/402/402
f 402/402/402 439/439/439 440/440/440
f 402/402/402 440/440/440 403/403/403
f 403/403/403 440/440/440 441/441/441
f 403/403/403 441/441/441 404/404/404
f 404/404/404 441/441/441 442/442/442
f 404/404/404 442/442/442 405/405/405
f 405/405/405 442/442/442 443/443/443
f 405/405/405 443/443/443 406/406/406
f 406/406/406 443/443/443 444/444/444
f 406/406/406 444/444/444 407/407/407
f 408/408/408 445/445/445 446/446/446
f 408/408/408 446/446/446 409/409/409
f 409/409/409 446/446/446 447/447/447
f 409/409/409 447/447/447 410/410/410
f 410/410/410 447/447/447 448/448/448
f 410/410/410 448/448/448 411/411/411
f 411/411/411 448/448/448 449/449/449
f 411/411/411 449/449/449 412/412/412
f 412/412/412 449/449/449 450/450/450
f 412/412/412 450/450/450 413/413/413
f 413/413/413 450/450/450 451/451/451
f 413/413/413 451/451/451 414/414/414
f 414/414/414 451/451/451 452/452/452
f 414/414/414 452/452/452 415/415/415
f 415/415/415 452/452/452 453/453/453
f 415/415/415 453/453/453 416/416/416
f 416/416/416 453/453/453 454/454/454
f 416/416/416 454/454/454 417/417/417
f 417/417/417 454/454/454 455/455/455
f 417/417/417 455/455/455 418/418/418
f 418/418/418 455/455/455 456/456/456
f 418/418/418 456/456/456 419/419/419
f 419/419/419 456/456/456 457/457/457
f 419/419/419 457/457/457 420/420/420
f 420/420/420 457/457/457 458/458/458
f 420/420/420 458/458/458 421/421/421
f 421/421/421 458/458/458 459/459/459
f 421/421/421 459/459/459 422/422/422
f 422/422/422 459/459/459 460/460/460
f 422/422/422 460/460/460 423/423/423
f 423/423/423 460/460/460 461/461/461
f 423/423/423 461/461/461 424/424/424
f 424/424/424 461/461/461 462/462/462
f 424/424/424 462/462/462 425/425/425
f 425/425/425 462/462/462 463/463/463
f 425/425/425 463/463/463 426/426/426
f 426/426/426 463/463/463 464/464/464
f 426/426/426 464/464/464 427/427/427
f 427/427/427 464/464/464 465/465/465
f 427/427/427 465/465/465 428/428/428
f 428/428/428 465/465/465 466/466/466
f 428/428/428 466/466/466 429/429/429
f 429/429/429 466/466/466 467/467/467
f 429/429/429 467/467/467 430/430/430
f 430/430/430 467/467/467 468/468/468
f 430/430/430 468/468/468 431/431/431
f 431/431/431 468/468/468 469/469/469
f 431/431/431 469/469/469 432/432/432
f 432/432/432 469/469/469 470/470/470
f 432/432/432 470/470/470 433/433/433
f 433/433/433 470/470/470 471/471/471
f 433/433/433 471/471/471 434/434/434
f 434/434/434 471/471/471 472/472/472
f 434/434/434 472/472/472 435/435/435
f 435/435/435 472/472/472 473/473/473
f 435/435/435 473/473/473 436/436/436
f 436/436/436 473/473/473 474/474/474
f 436/436/436 474/474/474 437/437/437
f 437/437/437 474/474/474 475/475/475
f 437/437/437 475/475/475 438/438/438
f 438/438/438 475/475/475 476/476/476
f 438/438/438 476/476/476 439/439/439
f 439/439/439 476/476/476 477/477/477
f 439/439/439 477/477/477 440/440/440
f 440/440/440 477/477/477 478/478/478
f 440/440/440 478/478/478 441/441/441
f 441/441/441 478/478/478 479/479/479
f 441/441/441 479/479/479 442/442/442
f 442/442/442 479/479/479 480/480/480
f 442/442/442 480/480/480 443/443/443
f 443/443/443 480/480/480 481/481/481
f 443/443/443 481/481/481 444/444/444
f 445/445/445 482/482/482 483/483/483
f 445/445/445 483/483/483 446/446/446
f 446/446/446 483/483/483 484/484/484
f 446/446/446 484/484/484 447/447/447
f 447/447/447 484/484/484 485/485/485
f 447/447/447 485/485/485 448/448/448
f 448/448/448 485/485/485 486/486/486
f 448/448/448 486/486/486 449/449/449
f 449/449/449 486/486/486 487/487/487
f 449/449/449 487/487/487 450/450/450
f 450/450/450 487/487/487 488/488/488
f 450/450/450 488/488/488 451/451/451
f 451/451/451 488/488/488 489/489/489
f 451/451/451 489/489/489 452/452/452
f 452/452/452 489/489/489 490/490/490
f 452/452/452 490/490/490 453/453/453
f 453/453/453 490/490/490 491/491/491
f 453/453/453 491/491/491 454/454/454
f 454/454/454 491/491/491 492/492/492
f 454/454/454 492/492/492 455/455/455
f 455/455/455 492/492/492 493/493/493
f 455/455/455 493/493/493 456/456/456
f 456/456/456 493/493/493 494/494/494
f 456/456/456 494/494/494 457/457/457
f 457/457/457 494/494/494 495/495/495
f 457/457/457 495/495/495 458/458/458
f 458/458/458 495/495/495 496/496/496
f 458/458/458 496/496/496 459/459/459
f 459/459/459 496/496/496 497/497/497
f 459/459/459 497/497/497 460/460/460
f 460/460/460 497/497/497 498/498/498
f 460/460/460 498/498/498 461/461/461
f 461/461/461 498/498/498 499/499/499
f 461/461/461 499/499/499 462/462/462
f 462/462/462 499/499/499 500/500/500
f 462/462/462 500/500/500 463/463/463
f 463/463/463 500/500/500 501/501/501
f 463/463/463 501/501/501 464/464/464
f 464/464/464 501/501/501 502/502/502
f 464/464/464 502/502/502 465/465/465
f 465/465/465 502/502/502 503/503/503
f 465/465/465 503/503/503 466/466/466
f 466/466/466 503/503/503 504/504/504
f 466/466/466 504/504/504 467/467/467
f 467/467/467 504/504/504 505/505/505
f 467/467/467 505/505/505 468/468/468
f 468/468/468 505/505/505 506/506/506
f 468/468/468 506/506/506 469/469/469
f 469/469/469 506/506/506 507/507/507
f 469/469/469 507/507/507 470/470/470
f 470/470/470 507/507/507 508/508/508
f 470/470/470 508/508/508 471/471/471
f 471/471/471 508/508/508 509/509/509
f 471/471/471 509/509/509 472/472/472
f 472/472/472 509/509/509 510/510/510
f 472/472/472 510/510/510 473/473/473
f 473/473/473 510/510/510 511/511/511
f 473/473/473 511/511/511 474/474/474
f 474/474/474 511/511/511 512/512/512
f 474/474/474 512/512/512 475/475/475
f 475/475/475 512/512/512 513/513/513
f 475/475/475 513/513/513 476/476/476
f 476/476/476 513/513/513 514/514/514
f 476/476/476 514/514/514 477/477/477
f 477/477/477 514/514/514 515/515/515
f 477/477/477 515/515/515 478/478/478
f 478/478/478 515/515/515 516/516/516
f 478/478/478 516/516/516 479/479/479
f 479/479/479 516/516/516 517/517/517
f 479/479/479 517/517/517 480/480/480
f 480/480/480 517/517/517 518/518/518
f 480/480/480 518/518/518 481/481/481
f 482/482/482 519/519/519 520/520/520
f 482/482/482 520/520/520 483/483/483
f 483/483/483 520/520/520 521/521/521
f 483/483/483 521/521/521 484/484/484
f 484/484/484 521/521/521 522/522/522
f 484/484/484 522/522/522 485/485/485
f 485/485/485 522/522/522 523/523/523
f 485/485/485 523/523/523 486/486/486
f 486/486/486 523/523/523 524/524/524
f 486/486/486 524/524/524 487/487/487
f 487/487/487 524/524/524 525/525/525
f 487/487/487 525/525/525 488/488/488
f 488/488/488 525/525/525 526/526/526
f 488/488/488 526/526/526 489/489/489
f 489/489/489 526/526/526 527/527/527
f 489/489/489 527/527/527 490/490/490
f 490/490/490 527/527/527 528/528/528
f 490/490/490 528/528/528 491/491/491
f 491/491/491 528/528/528 529/529/529
f 491/491/491 529/529/529 492/492/492
f 492/492/492 529/529/529 530/530/530
f 492/492/492 530/530/530 493/493/493
f 493/493/493 530/530/530 531/531/531
f 493/493/493 531/531/531 494/494/494
f 494/494/494 531/531/531 532/532/532
f 494/494/494 532/532/532 495/495/495
f 495/495/495 532/532/532 533/533/533
f 495/495/495 533/533/533 496/496/496
f 496/496/496 533/533/533 534/534/534
f 496/496/496 534/534/534 497/497/497
f 497/497/497 534/534/534 535/535/535
f 497/497/497 535/535/535 498/498/498
f 498/498/498 535/535/535 536/536/536
f 498/498/498 536/536/536 499/499/499
f 499/499/499 536/536/536 537/537/537
f 499/499/499 537/537/537 500/500/500
f 500/500/500 537/537/537 538/538/538
f 500/500/500 538/538/538 501/501/501
f 501/501/501 538/538/538 539/539/539
f 501/501/501 539/539/539 502/502/502
f 502/502/502 539/539/539 540/540/540
f 502/502/502 540/540/540 503/503/503
f 503/503/503 540/540/540 541/541/541
f 503/503/503 541/541/541 504/504/504
f 504/504/504 541/541/541 542/542/542
f 504/504/504 542/542/542 505/505/505
f 505/505/505 542/542/542 543/543/543
f 505/505/505 543/543/543 506/506/506
f 506/506/506 543/543/543 544/544/544
f 506/506/506 544/544/544 507/507/507
f 507/507/507 544/544/544 545/545/545
f 507/507/507 545/545/545 508/508/508
f 508/508/508 545/545/545 546/546/546
f 508/508/508 546/546/546 509/509/509
f 509/509/509 546/546/546 547/547/547
f 509/509/509 547/547/547 510/510/510
f 510/510/510 547/547/547 548/548/548
f 510/510/510 548/548/548 511/511/511
f 511/511/511 548/548/548 549/549/549
f 511/511/511 549/549/549 512/512/512
f 512/512/512 549/549/549 550/550/550
f 512/512/512 550/550/550 513/513/513
f 513/513/513 550/550/550 551/551/551
f 513/513/513 551/551/551 514/514/514
f 514/514/514 551/551/551 552/552/552
f 514/514/514 552/552/552 515/515/515
f 515/515/515 552/552/552 553/553/553
f 515/515/515 553/553/553 516/516/516
f 516/516/516 553/553/553 554/554/554
f 516/516/516 554/554/554 517/517/517
f 517/517/517 554/554/554 555/555/555
f 517/517/517 555/555/555 518/518/518
f 519/519/519 556/556/556 557/557/557
f 519/519/519 557/557/557 520/520/520
f 520/520/520 557/557/557 558/558/558
f 520/520/520 558/558/558 521/521/521
f 521/521/521 558/558/558 559/559/559
f 521/521/521 559/559/559 522/522/522
f 522/522/522 559/559/559 560/560/560
f 522/522/522 560/560/560 523/523/523
f 523/523/523 560/560/560 561/561/561
f 523/523/523 561/561/561 524/524/524
f 524/524/524 561/561/561 562/562/562
f 524/524/524 562/562/562 525/525/525
f 525/525/525 562/562/562 563/563/563
f 525/525/525 563/563/563 526/526/526
f 526/526/526 563/563/563 564/564/564
f 526/526/526 564/564/564 527/527/527
f 527/527/527 564/564/564 565/565/565
f 527/527/527 565/565/565 528/528/528
f 528/528/528 565/565/565 566/566/566
f 528/528/528 566/566/566 529/529/529
f 529/529/529 566/566/566 567/567/567
f 529/529/529 567/567/567 530/530/530
f 530/530/530 567/567/567 568/568/568
f 530/530/530 568/568/568 531/531/531
f 531/531/531 568/568/568 569/569/569
f 531/531/531 569/569/569 532/532/532
f 532/532/532 569/569/569 570/570/570
f 532/532/532 570/570/570 533/533/533
f 533/533/533 570/570/570 571/571/571
f 533/533/533 571/571/571 534/534/534
f 534/534/534 571/571/571 572/572/572
f 534/534/534 572/572/572 535/535/535
f 535/535/535 572/572/572 573/573/573
f 535/535/535 573/573/573 536/536/536
f 536/536/536 573/573/573 574/574/574
f 536/536/536 574/574/574 537/537/537
f 537/537/537 574/574/574 575/575/575
f 537/537/537 575/575/575 538/538/538
f 538/538/538 575/575/575 576/576/576
f 538/538/538 576/576/576 539/539/539
f 539/539/539 576/576/576 577/577/577
f 539/539/539 577/577/577 540/540/540
f 540/540/540 577/577/577 578/578/578
f 540/540/540 578/578/578 541/541/541
f 541/541/541 578/578/578 579/579/579
f 541/541/541 579/579/579 542/542/542
f 542/542/542 579/579/579 580/580/580
f 542/542/542 580/580/580 543/543/543
f 543/543/543 580/580/580 581/581/581
f 543/543/543 581/581/581 544/544/544
f 544/544/544 581/581/581 582/582/582
f 544/544/544 582/582/582 545/545/545
f 545/545/545 582/582/582 583/583/583
f 545/545/545 583/583/583 546/546/546
f 546/546/546 583/583/583 584/584/584
f 546/546/546 584/584/584 547/547/547
f 547/547/547 584/584/584 585/585/585
f 547/547/547 585/585/585 548/548/548
f 548/548/548 585/585/585 586/586/586
f 548/548/548 586/586/586 549/549/549
f 549/549/549 586/586/586 587/587/587
f 549/549/549 587/587/587 550/550/550
f 550/550/550 587/587/587 588/588/588
f 550/550/550 588/588/588 551/551/551
f 551/551/551 588/588/588 589/589/589
f 551/551/551 589/589/589 552/552/552
f 552/552/552 589/589/589 590/590/590
f 552/552/552 590/590/590 553/553/553
f 553/553/553 590/590/590 591/591/591
f 553/553/553 591/591/591 554/554/554
f 554/554/554 591/591/591 592/592/592
f 554/554/554 592/592/592 555/555/555
f 556/556/556 593/593/593 594/594/594
f 556/556/556 594/594/594 557/557/557
f 557/557/557 594/594/594 595/595/595
f 557/557/557 595/595/595 558/558/558
f 558/558/558 595/595/595 596/596/596
f 558/558/558 596/596/596 559/559/559
f 559/559/559 596/596/596 597/597/597
f 559/559/559 597/597/597 560/560/560
f 560/560/560 597/597/597 598/598/598
f 560/560/560 598/598/598 561/561/561
f 561/561/561 598/598/598 599/599/599
f 561/561/561 599/599/599 562/562/562
f 562/562/562 599/599/599 600/600/600
f 562/562/562 600/600/600 563/563/563
f 563/563/563 600/600/600 601/601/601
f 563/563/563 601/601/601 564/564/564
f 564/564/564 601/601/601 602/602/602
f 564/564/564 602/602/602 565/565/565
f 565/565/565 602/602/602 603/603/603
f 565/565/565 603/603/603 566/566/566
f 566/566/566 603/603/603 604/604/604
f 566/566/566 604/604/604 567/567/567
f 567/567/567 604/604/604 605/605/605
f 567/567/567 605/605/605 568/568/568
f 568/568/568 605/605/605 606/606/606
f 568/568/568 606/606/606 569/569/569
f 569/569/569 606/606/606 607/607/607
f 569/569/569 607/607/607 570/570/570
f 570/570/570 607/607/607 608/608/608
f 570/570/570 608/608/608 571/571/571
f 571/571/571 608/608/608 609/609/609
f 571/571/571 609/609/609 572/572/572
f 572/572/572 609/609/609 610/610/610
f 572/572/572 610/610/610 573/573/573
f 573/573/573 610/610/610 611/611/611
f 573/573/573 611/611/611 574/574/574
f 574/574/574 611/611/611 612/612/612
f 574/574/574 612/612/612 575/575/575
f 575/575/575 612/612/612 613/613/613
f 575/575/575 613/613/613 576/576/576
f 576/576/576 613/613/613 614/614/614
f 576/576/576 614/614/614 577/577/577
f 577/577/577 614/614/614 615/615/615
f 577/577/577 615/615/615 578/578/578
f 578/578/578 615/615/615 616/616/616
f 578/578/578 616/616/616 579/579/579
f 579/579/579 616/616/616 617/617/617
f 579/579/579 617/617/617 580/580/580
f 580/580/580 617/617/617 618/618/618
f 580/580/580 618/618/618 581/581/581
f 581/581/581 618/618/618 619/619/619
f 581/581/581 619/619/619 582/582/582
f 582/582/582 619/619/619 620/620/620
f 582/582/582 620/620/620 583/583/583
f 583/583/583 620/620/620 621/621/621
f 583/583/583 621/621/621 584/584/584
f 584/584/584 621/621/621 622/622/622
f 584/584/584 622/622/622 585/585/585
f 585/585/585 622/622/622 623/623/623
f 585/585/585 623/623/623 586/586/586
f 586/586/586 623/623/623 624/624/624
f 586/586/586 624/624/624 587/587/587
f 587/587/587 624/624/624 625/625/625
f 587/587/587 625/625/625 588/588/588
f 588/588/588 625/625/625 626/626/626
f 588/588/588 626/626/626 589/589/589
f 589/589/589 626/626/626 627/627/627
f 589/589/589 627/627/627 590/590/590
f 590/590/590 627/627/627 628/628/628
f 590/590/590 628/628/628 591/591/591
f 591/591/591 628/628/628 629/629/629
f 591/591/591 629/629/629 592/592/592
f 593/593/593 630/630/630 631/631/631
f 593/593/593 631/631/631 594/594/594
f 594/594/594 631/631/631 632/632/632
f 594/594/594 632/632/632 595/595/595
f 595/595/595 632/632/632 633/633/633
f 595/595/595 633/633/633 596/596/596
f 596/596/596 633/633/633 634/634/634
f 596/596/596 634/634/634 597/597/597
f 597/597/597 634/634/634 635/635/635
f 597/597/597 635/635/635 598/598/598
f 598/598/598 635/635/635 636/636/636
f 598/598/598 636/636/636 599/599/599
f 599/599/599 636/636/636 637/637/637
f 599/599/599 637/637/637 600/600/600
f 600/600/600 637/637/637 638/638/638
f 600/600/600 638/638/638 601/601/601
f 601/601/601 638/638/638 639/639/639
f 601/601/601 639/639/639 602/602/602
f 602/602/602 639/639/639 640/640/640
f 602/602/602 640/640/640 603/603/603
f 603/603/603 640/640/640 641/641/641
f 603/603/603 641/641/641 604/604/604
f 604/604/604 641/641/641 642/642/642
f 604/604/604 642/642/642 605/605/605
f 605/605/605 642/642/642 643/643/643
f 605/605/605 643/643/643 606/606/606
f 606/606/606 643/643/643 644/644/644
f 606/606/606 644/644/644 607/607/607
f 607/607/607 644/644/644 645/645/645
f 607/607/607 645/645/645 608/608/608
f 608/608/608 645/645/645 646/646/646
f 608/608/608 646/646/646 609/609/609
f 609/609/609 646/646/646 647/647/647
f 609/609/609 647/647/647 610/610/610
f 610/610/610 647/647/647 648/648/648
f 610/610/610 648/648/648 611/611/611
f 611/611/611 648/648/648 649/649/649
f 611/611/611 649/649/649 612/612/612
f 612/612/612 649/649/649 650/650/650
f 612/612/612 650/650/650 613/613/613
f 613/613/613 650/650/650 651/651/651
f 613/613/613 651/651/651 614/614/614
f 614/614/614 651/651/651 652/652/652
f 614/614/614 652/652/652 615/615/615
f 615/615/615 652/652/652 653/653/653
f 615/615/615 653/653/653 616/616/616
f 616/616/616 653/653/653 654/654/654
f 616/616/616 654/654/654 617/617/617
f 617/617/617 654/654/654 655/655/655
f 617/617/617 655/655/655 618/618/618
f 618/618/618 655/655/655 656/656/656
f 618/618/618 656/656/656 619/619/619
f 619/619/619 656/656/656 657/657/657
f 619/619/619 657/657/657 620/620/620
f 620/620/620 657/657/657 658/658/658
f 620/620/620 658/658/658 621/621/621
f 621/621/621 658/658/658 659/659/659
f 621/621/621 659/659/659 622/622/622
f 622/622/622 659/659/659 660/660/660
f 622/622/622 660/660/660 623/623/623
f 623/623/623 660/660/660 661/661/661
f 623/623/623 661/661/661 624/624/624
f 624/624/624 661/661/661 662/662/662
f 624/624/624 662/662/662 625/625/625
f 625/625/625 662/662/662 663/663/663
f 625/625/625 663/663/663 626/626/626
f 626/626/626 663/663/663 664/664/664
f 626/626/626 664/664/664 627/627/627
f 627/627/627 664/664/664 665/665/665
f 627/627/627 665/665/665 628/628/628
f 628/628/628 665/665/665 666/666/666
f 628/628/628 666/666/666 629/629/629
f 630/630/630 667/667/667 668/668/668
f 630/630/630 668/668/668 631/631/631
f 631/631/631 668/668/668 669/669/669
f 631/631/631 669/669/669 632/632/632
f 632/632/632 669/669/669 670/670/670
f 632/632/632 670/670/670 633/633/633
f 633/633/633 670/670/670 671/671/671
f 633/633/633 671/671/671 634/634/634
f 634/634/634 671/671/671 672/672/672
f 634/634/634 672/672/672 635/635/635
f 635/635/635 672/672/672 673/673/673
f 635/635/635 673/673/673 636/636/636
f 636/636/636 673/673/673 674/674/674
f 636/636/636 674/674/674 637/637/637
f 637/637/637 674/674/674 675/675/675
f 637/637/637 675/675/675 638/638/638
f 638/638/638 675/675/675 676/676/676
f 638/638/638 676/676/676 639/639/639
f 639/639/639 676/676/676 677/677/677
f 639/639/639 677/677/677 640/640/640
f 640/640/640 677/677/677 678/678/678
f 640/640/640 678/678/678 641/641/641
f 641/641/641 678/678/678 679/679/679
f 641/641/641 679/679/679 642/642/642
f 642/642/642 679/679/679 680/680/680
f 642/642/642 680/680/680 643/643/643
f 643/643/643 680/680/680 681/681/681
f 643/643/643 681/681/681 644/644/644
f 644/644/644 681/681/681 682/682/682
f 644/644/644 682/682/682 645/645/645
f 645/645/645 682/682/682 683/683/683
f 645/645/645 683/683/683 646/646/646
f 646/646/646 683/683/683 684/684/684
f 646/646/646 684/684/684 647/647/647
f 647/647/647 684/684/684 685/685/685
f 647/647/647 685/685/685 648/648/648
f 648/648/648 685/685/685 686/686/686
f 648/648/648 686/686/686 649/649/649
f 649/649/649 686/686/686 687/687/687
f 649/649/649 687/687/687 650/650/650
f 650/650/650 687/687/687 688/688/688
f 650/650/650 688/688/688 651/651/651
f 651/651/651 688/688/688 689/689/689
f 651/651/651 689/689/689 652/652/652
f 652/652/652 689/689/689 690/690/690
f 652/652/652 690/690/690 653/653/653
f 653/653/653 690/690/690 691/691/691
f 653/653/653 691/691/691 654/654/654
f 654/654/654 691/691/691 692/692/692
f 654/654/654 692/692/692 655/655/655
f 655/655/655 692/692/692 693/693/693
f 655/655/655 693/693/693 656/656/656
f 656/656/656 693/693/693 694/694/694
f 656/656/656 694/694/694 657/657/657
f 657/657/657 694/694/694 695/695/695
f 657/657/657 695/695/695 658/658/658
f 658/658/658 695/695/695 696/696/696
f 658/658/658 696/696/696 659/659/659
f 659/659/659 696/696/696 697/697/697
f 659/659/659 697/697/697 660/660/660
f 660/660/660 697/697/697 698/698/698
f 660/660/660 698/698/698 661/661/661
f 661/661/661 698/698/698 699/699/699
f 661/661/661 699/699/699 662/662/662
f 662/662/662 699/699/699 700/700/700
f 662/662/662 700/700/700 663/663/663
f 663/663/663 700/700/700 701/701/701
f 663/663/663 701/701/701 664/664/664
f 664/664/664 701/701/701 702/702/702
f 664/664/664 702/702/702 665/665/665
f 665/665/665 702/702/702 703/703/703
f 665/665/665 703/703/703 666/666/666
f 667/667/667 704/704/704 705/705/705
f 667/667/667 705/705/705 668/668/668
f 668/668/668 705/705/705 706/706/706
f 668/668/668 706/706/706 669/669/669
f 669/669/669 706/706/706 707/707/707
f 669/669/669 707/707/707 670/670/670
f 670/670/670 707/707/707 708/708/708
f 670/670/670 708/708/708 671/671/671
f 671/671/671 708/708/708 709/709/709
f 671/671/671 709/709/709 672/672/672
f 672/672/672 709/709/709 710/710/710
f 672/672/672 710/710/710 673/673/673
f 673/673/673 710/710/710 711/711/711
f 673/673/673 711/711/711 674/674/674
f 674/674/674 711/711/711 712/712/712
f 674/674/674 712/712/712 675/675/675
f 675/675/675 712/712/712 713/713/713
f 675/675/675 713/713/713 676/676/676
f 676/676/676 713/713/713 714/714/714
f 676/676/676 714/714/714 677/677/677
f 677/677/677 714/714/714 715/715/715
f 677/677/677 715/715/715 678/678/678
f 678/678/678 715/715/715 716/716/716
f 678/678/678 716/716/716 679/679/679
f 679/679/679 716/716/716 717/717/717
f 679/679/679 717/717/717 680/680/680
f 680/680/680 717/717/717 718/718/718
f 680/680/680 718/718/718 681/681/681
f 681/681/681 718/718/718 719/719/719
f 681/681/681 719/719/719 682/682/682
f 682/682/682 719/719/719 720/720/720
f 682/682/682 720/720/720 683/683/683
f 683/683/683 720/720/720 721/721/721
f 683/683/683 721/721/721 684/684/684
f 684/684/684 721/721/721 722/722/722
f 684/684/684 722/722/722 685/685/685
f 685/685/685 722/722/722 723/723/723
f 685/685/685 723/723/723 686/686/686
f 686/686/686 723/723/723 724/724/724
f 686/686/686 724/724/724 687/687/687
f 687/687/687 724/724/724 725/725/725
f 687/687/687 725/725/725 688/688/688
f 688/688/688 725/725/725 726/726/726
f 688/688/688 726/726/726 689/689/689
f 689/689/689 726/726/726 727/727/727
f 689/689/689 727/727/727 690/690/690
f 690/690/690 727/727/727 728/728/728
f 690/690/690 728/728/728 691/691/691
f 691/691/691 728/728/728 729/729/729
f 691/691/691 729/729/729 692/692/692
f 692/692/692 729/729/729 730/730/730
f 692/692/692 730/730/730 693/693/693
f 693/693/693 730/730/730 731/731/731
f 693/693/693 731/731/731 694/694/694
f 694/694/694 731/731/731 732/732/732
f 694/694/694 732/732/732 695/695/695
f 695/695/695 732/732/732 733/733/733
f 695/695/695 733/733/733 696/696/696
f 696/696/696 733/733/733 734/734/734
f 696/696/696 734/734/734 697/697/697
f 697/697/697 734/734/734 735/735/735
f 697/697/697 735/735/735 698/698/698
f 698/698/698 735/735/735 736/736/736
f 698/698/698 736/736/736 699/699/699
f 699/699/699 736/736/736 737/737/737
f 699/699/699 737/737/737 700/700/700
f 700/700/700 737/737/737 738/738/738
f 700/700/700 738/738/738 701/701/701
f 701/701/701 738/738/738 739/739/739
f 701/701/701 739/739/739 702/702/702
f 702/702/702 739/739/739 740/740/740
f 702/702/702 740/740/740 703/703/703
