# Generated sky cornice; visual geometry only.
s 1
v 188.373843 -8.248281 -24.224444
v 188.226357 -5.259817 -23.934815
v 187.991626 -0.671946 -23.473858
v 187.881531 4.501711 -23.257656
v 188.107953 9.229216 -23.702297
v 188.749828 13.359794 -24.962792
v 189.686675 17.283300 -26.802543
v 190.831248 20.761855 -29.050222
v 192.096303 23.555178 -31.534498
v 193.535848 25.526853 -34.361434
v 195.170656 26.687847 -37.571821
v 196.863627 27.029706 -40.896427
v 198.477662 26.559573 -44.066021
v 200.074041 25.107848 -47.200941
v 201.693269 22.687096 -50.380734
v 203.167089 19.606757 -53.274977
v 204.327242 16.196322 -55.553250
v 205.145684 12.554956 -57.160483
v 205.706546 8.598314 -58.261887
v 206.009827 4.402728 -58.857460
v 206.055527 0.051612 -58.947204
v 205.821834 -4.524070 -58.488286
v 205.316020 -9.189950 -57.494983
v 204.581707 -13.561546 -56.052961
v 203.662517 -17.266416 -54.247883
v 202.469128 -20.062001 -51.904342
v 201.011926 -22.123069 -49.042733
v 199.484097 -23.931063 -46.042428
v 198.078827 -25.923170 -43.282801
v 196.772227 -28.069933 -40.716939
v 195.486400 -30.253518 -38.191870
v 194.333518 -32.628581 -35.927874
v 193.425753 -35.349777 -34.145232
v 192.828539 -38.884755 -32.972442
v 192.470210 -43.008896 -32.268767
v 192.257291 -46.838455 -31.850642
v 192.096303 -49.489688 -31.534498
v 180.867269 -7.719331 -23.402345
v 180.732879 -4.912391 -23.131897
v 180.518990 -0.588962 -22.701465
v 180.418671 4.300598 -22.499581
v 180.624988 8.787739 -22.914776
v 181.209869 12.727682 -24.091799
v 182.063529 16.480939 -25.809718
v 183.106471 19.820131 -27.908551
v 184.259196 22.515488 -30.228314
v 185.570918 24.434597 -32.868044
v 187.060565 25.583403 -35.865833
v 188.603211 25.950351 -38.970277
v 190.073929 25.539380 -41.929974
v 191.528559 24.190067 -44.857294
v 193.004009 21.913628 -47.826514
v 194.346963 19.000297 -50.529095
v 195.404101 15.760221 -52.656496
v 196.149871 12.289033 -54.157295
v 196.660931 8.511500 -55.185762
v 196.937283 4.503424 -55.741895
v 196.978925 0.347636 -55.825696
v 196.765983 -4.015577 -55.397168
v 196.305082 -8.455730 -54.469644
v 195.635971 -12.608701 -53.123115
v 194.798400 -16.122322 -51.437573
v 193.710977 -18.766880 -49.249226
v 192.383166 -20.704347 -46.577118
v 190.990999 -22.396397 -43.775500
v 189.710508 -24.260753 -41.198621
v 188.519927 -26.269847 -38.802675
v 187.348273 -28.313402 -36.444821
v 186.297760 -30.536155 -34.330752
v 185.470599 -33.082845 -32.666160
v 184.926414 -36.391130 -31.571034
v 184.599903 -40.250795 -30.913958
v 184.405890 -43.834770 -30.523522
v 184.259196 -46.315983 -30.228314
v 173.284956 -7.338108 -22.447811
v 173.160661 -4.661175 -22.191295
v 172.962839 -0.525919 -21.783038
v 172.870056 4.162755 -21.591554
v 173.060875 8.481754 -21.985360
v 173.601820 12.290325 -23.101746
v 174.391356 15.927480 -24.731165
v 175.355954 19.173018 -26.721873
v 176.422090 21.804351 -28.922130
v 177.635278 23.691566 -31.425870
v 179.013027 24.836636 -34.269223
v 180.439792 25.225479 -37.213737
v 181.800034 24.859499 -40.020961
v 183.145396 23.584751 -42.797475
v 184.510014 21.411434 -45.613731
v 185.752088 18.615993 -48.177084
v 186.729816 15.494778 -50.194890
v 187.419566 12.141103 -51.618373
v 187.892237 8.486606 -52.593856
v 188.147829 4.607057 -53.121339
v 188.186343 0.585258 -53.200823
v 187.989397 -3.631392 -52.794372
v 187.563118 -7.914820 -51.914630
v 186.944269 -11.915229 -50.637470
v 186.169614 -15.294772 -49.038761
v 185.163875 -17.832772 -46.963150
v 183.935806 -19.681854 -44.428700
v 182.648216 -21.290341 -41.771411
v 181.463913 -23.062626 -39.327284
v 180.362765 -24.972499 -37.054769
v 179.279123 -26.915132 -34.818384
v 178.307522 -29.028114 -32.813224
v 177.542495 -31.449035 -31.234386
v 177.039188 -34.593938 -30.195677
v 176.737204 -38.262992 -29.572452
v 176.557764 -41.669971 -29.202129
v 176.422090 -44.028649 -28.922130
v 165.719698 -6.894029 -21.547099
v 165.606174 -4.372872 -21.306648
v 165.425495 -0.469563 -20.923959
v 165.340752 3.964684 -20.744467
v 165.515035 8.060926 -21.113610
v 166.009105 11.684669 -22.160080
v 166.730223 15.151740 -23.687451
v 167.611234 18.252338 -25.553486
v 168.584983 20.774336 -27.615945
v 169.693043 22.592765 -29.962882
v 170.951402 23.706822 -32.628162
v 172.254531 24.101040 -35.388268
v 173.496901 23.775046 -38.019682
v 174.725679 22.583169 -40.622309
v 175.972046 20.534656 -43.262189
v 177.106488 17.889615 -45.665005
v 177.999491 14.927560 -47.556440
v 178.629470 11.737896 -48.890773
v 179.061182 8.258674 -49.805164
v 179.294626 4.563763 -50.299612
v 179.329802 0.733886 -50.374118
v 179.149922 -3.277366 -49.993122
v 178.760583 -7.346760 -49.168477
v 178.195360 -11.143024 -47.971302
v 177.487833 -14.346539 -46.472717
v 176.569247 -16.748317 -44.527097
v 175.447597 -18.490770 -42.151374
v 174.271583 -20.001917 -39.660505
v 173.189906 -21.666948 -37.369448
v 172.184178 -23.461242 -35.239256
v 171.194439 -25.286313 -33.142930
v 170.307033 -27.271424 -31.263349
v 169.608300 -29.545838 -29.783390
v 169.148607 -32.500421 -28.809733
v 168.872791 -35.947436 -28.225539
v 168.708901 -39.148235 -27.878409
v 168.584983 -41.364173 -27.615945
v 158.127074 -6.491570 -20.608070
v 158.023236 -4.113692 -20.382166
v 157.857974 -0.426775 -20.022629
v 157.780461 3.766987 -19.853996
v 157.939874 7.648305 -20.200806
v 158.391787 11.089120 -21.183966
v 159.051375 14.385148 -22.618934
v 159.857214 17.337003 -24.372077
v 160.747877 19.743055 -26.309761
v 161.761391 21.483801 -28.514712
v 162.912380 22.556819 -31.018747
v 164.104318 22.946143 -33.611870
v 165.240682 22.650361 -36.084088
v 166.364615 21.531654 -38.529261
v 167.504635 19.598518 -41.009433
v 168.542280 17.096122 -43.266882
v 169.359087 14.288352 -45.043888
v 169.935313 11.260483 -46.297496
v 170.330188 7.955609 -47.156568
v 170.543713 4.444969 -47.621103
v 170.575888 0.806411 -47.691101
v 170.411357 -3.001876 -47.333155
v 170.055238 -6.862032 -46.558399
v 169.538243 -10.460466 -45.433652
v 168.891086 -13.494826 -44.025729
v 168.050879 -15.767281 -42.197815
v 167.024934 -17.411318 -39.965819
v 165.949264 -18.834247 -37.625644
v 164.959882 -20.402077 -35.473193
v 164.039968 -22.091623 -33.471874
v 163.134680 -23.810151 -31.502372
v 162.322991 -25.679375 -29.736502
v 161.683878 -27.821013 -28.346079
v 161.263409 -30.603115 -27.431327
v 161.011127 -33.848900 -26.882475
v 160.861221 -36.862843 -26.556346
v 160.747877 -38.949419 -26.309761
v 150.500750 -6.150683 -19.613488
v 150.405264 -3.895383 -19.399929
v 150.253293 -0.395338 -19.060041
v 150.182014 3.588989 -18.900624
v 150.328606 7.280700 -19.228481
v 150.744173 10.557631 -20.157911
v 151.350713 13.698987 -21.514456
v 152.091740 16.514774 -23.171788
v 152.910771 18.812844 -25.003576
v 153.842771 20.478894 -27.088025
v 154.901189 21.509655 -29.455212
v 155.997265 21.889171 -31.906620
v 157.042235 21.615486 -34.243729
v 158.075773 20.557633 -36.555271
v 159.124105 18.723538 -38.899899
v 160.078296 16.345641 -41.033978
v 160.829410 13.674374 -42.713869
v 161.359291 10.791174 -43.898966
v 161.722408 7.642962 -44.711089
v 161.918760 4.298222 -45.150237
v 161.948348 0.831794 -45.216410
v 161.797049 -2.794831 -44.878025
v 161.469571 -6.468909 -44.145611
v 160.994157 -9.892346 -43.082332
v 160.399049 -12.777850 -41.751353
v 159.626417 -14.937365 -40.023336
v 158.682985 -16.497009 -37.913321
v 157.693828 -17.845217 -35.701038
v 156.784018 -19.330716 -33.666219
v 155.938090 -20.931541 -31.774274
v 155.105611 -22.559825 -29.912407
v 154.359204 -24.330892 -28.243044
v 153.771492 -26.360068 -26.928608
v 153.384840 -28.996075 -26.063848
v 153.152849 -32.071416 -25.544992
v 153.014999 -34.927090 -25.236686
v 152.910771 -36.904095 -25.003576
v 142.837705 -5.885102 -18.551708
v 142.749115 -3.725394 -18.347834
v 142.608120 -0.371214 -18.023357
v 142.541990 3.449505 -17.871169
v 142.677994 6.992916 -18.184160
v 143.063547 10.141481 -19.071445
v 143.626280 13.161582 -20.366481
v 144.313788 15.870587 -21.948664
v 145.073664 18.083780 -23.697392
v 145.938352 19.690954 -25.687324
v 146.920327 20.688216 -27.947175
v 147.937239 21.059658 -30.287428
v 148.906737 20.802921 -32.518564
v 149.865629 19.792391 -34.725293
v 150.838246 18.035559 -36.963607
v 151.723521 15.754939 -39.000919
v 152.420387 13.190466 -40.604638
v 152.911999 10.420561 -41.735999
v 153.248890 7.395091 -42.511298
v 153.431060 4.180355 -42.930533
v 153.458511 0.848804 -42.993705
v 153.318140 -2.635542 -42.670664
v 153.014314 -6.163971 -41.971460
v 152.573236 -9.450500 -40.956394
v 152.021109 -12.219604 -39.685766
v 151.304279 -14.290869 -38.036103
v 150.428986 -15.784684 -36.021764
v 149.511269 -17.074678 -33.909794
v 148.667170 -18.496035 -31.967241
v 147.882338 -20.027738 -30.161083
v 147.109984 -21.585713 -28.383640
v 146.417486 -23.280308 -26.789971
v 145.872221 -25.221866 -25.535136
v 145.513494 -27.744052 -24.709587
v 145.298258 -30.686603 -24.214258
v 145.170365 -33.418972 -23.919931
v 145.073664 -35.310612 -23.697392
v 135.138141 -5.701581 -17.417290
v 135.055001 -3.606638 -17.220221
v 134.922679 -0.349455 -16.906575
v 134.860616 3.364289 -16.759467
v 134.988255 6.813233 -17.062010
v 135.350091 9.882567 -17.919678
v 135.878208 12.829256 -19.171484
v 136.523424 15.475151 -20.700853
v 137.236558 17.640045 -22.391208
v 138.048055 19.215958 -24.314715
v 138.969625 20.198015 -26.499131
v 139.923983 20.569873 -28.761264
v 140.833843 20.328547 -30.917923
v 141.733750 19.351908 -33.050990
v 142.646538 17.647072 -35.214589
v 143.477356 15.429778 -37.183894
v 144.131355 12.932935 -38.734079
v 144.592726 10.233240 -39.827675
v 144.908893 7.283068 -40.577094
v 145.079858 4.147766 -40.982335
v 145.105620 0.898741 -41.043398
v 144.973883 -2.497616 -40.731141
v 144.688747 -5.934772 -40.055276
v 144.274801 -9.134568 -39.074093
v 143.756638 -11.829148 -37.845880
v 143.083903 -13.843033 -36.251284
v 142.262453 -15.292454 -34.304184
v 141.401189 -16.542220 -32.262713
v 140.609013 -17.919253 -30.385004
v 139.872459 -19.403191 -28.639136
v 139.147616 -20.912583 -26.921025
v 138.497716 -22.554333 -25.380554
v 137.985992 -24.435345 -24.167607
v 137.649332 -26.878880 -23.369615
v 137.447336 -29.729670 -22.890820
v 137.327310 -32.376833 -22.606318
v 137.236558 -34.209484 -22.391208
v 127.405144 -5.599677 -16.211104
v 127.326128 -3.537492 -16.017997
v 127.200371 -0.324744 -15.710657
v 127.141388 3.344696 -15.566507
v 127.262693 6.761068 -15.862967
v 127.606578 9.809914 -16.703392
v 128.108493 12.741597 -17.930031
v 128.721699 15.378950 -19.428652
v 129.399452 17.542722 -21.085023
v 130.170688 19.124663 -22.969859
v 131.046536 20.117988 -25.110358
v 131.953545 20.504961 -27.327012
v 132.818265 20.281378 -29.440313
v 133.673525 19.326506 -31.530495
v 134.541026 17.647081 -33.650596
v 135.330625 15.455286 -35.580309
v 135.952177 12.980690 -37.099329
v 136.390658 10.299929 -38.170938
v 136.691139 7.367943 -38.905290
v 136.853622 4.250931 -39.302384
v 136.878106 1.021231 -39.362220
v 136.752905 -2.351899 -39.056240
v 136.481915 -5.761640 -38.393964
v 136.088507 -8.932815 -37.432507
v 135.596051 -11.600684 -36.228986
v 134.956692 -13.591651 -34.666449
v 134.175997 -15.019135 -32.758495
v 133.357462 -16.246564 -30.758066
v 132.604589 -17.598986 -28.918107
v 131.904578 -19.056402 -27.207340
v 131.215696 -20.538817 -25.523771
v 130.598039 -22.151224 -24.014270
v 130.111704 -23.998618 -22.825709
v 129.791747 -26.398480 -22.043760
v 129.599773 -29.198318 -21.574591
v 129.485701 -31.798169 -21.295809
v 129.399452 -33.598065 -21.085023
v 119.644130 -5.572114 -14.939957
v 119.568130 -3.512121 -14.748238
v 119.447171 -0.291778 -14.443107
v 119.390438 3.397090 -14.299993
v 119.507115 6.846027 -14.594323
v 119.837879 9.938248 -15.428706
v 120.320644 12.919471 -16.646527
v 120.910452 15.609662 -18.134375
v 121.562345 17.826600 -19.778839
v 122.304155 19.458840 -21.650125
v 123.146585 20.496232 -23.775237
v 124.018987 20.918265 -25.975956
v 124.850713 20.718593 -28.074065
v 125.673340 19.775746 -30.149221
v 126.507742 18.095997 -32.254081
v 127.267214 15.890986 -34.169922
v 127.865051 13.390557 -35.678022
v 128.286801 10.673191 -36.741928
v 128.575818 7.696963 -37.471001
v 128.732101 4.531175 -37.865240
v 128.755650 1.251561 -37.924646
v 128.635227 -2.168625 -37.620866
v 128.374576 -5.619365 -36.963350
v 127.996178 -8.823457 -36.008805
v 127.522512 -11.514629 -34.813936
v 126.907549 -13.518007 -33.262632
v 126.156641 -14.945205 -31.368393
v 125.369338 -16.166593 -29.382345
v 124.645190 -17.512358 -27.555613
v 123.971888 -18.962600 -25.857144
v 123.309291 -20.437718 -24.185678
v 122.715201 -22.042188 -22.687028
v 122.247422 -23.880488 -21.507011
v 121.939673 -26.268537 -20.730684
v 121.755023 -29.054594 -20.264887
v 121.645304 -31.641647 -19.988110
v 121.562345 -33.432683 -19.778839
v 111.862151 -5.605659 -13.615754
v 111.788335 -3.521157 -13.423321
v 111.670852 -0.245810 -13.117054
v 111.615750 3.522309 -12.973407
v 111.729074 7.067141 -13.268832
v 112.050331 10.266807 -14.106322
v 112.519222 13.363311 -15.328679
v 113.092080 16.169840 -16.822067
v 113.725239 18.497224 -18.472654
v 114.445730 20.227668 -20.350909
v 115.263949 21.345792 -22.483934
v 116.111280 21.826607 -24.692848
v 116.919103 21.660440 -26.798770
v 117.718089 20.723060 -28.881654
v 118.528511 19.020128 -30.994351
v 119.266156 16.765320 -32.917326
v 119.846812 14.192000 -34.431042
v 120.256442 11.382504 -35.498910
v 120.537152 8.299084 -36.230697
v 120.688944 5.016682 -36.626404
v 120.711817 1.617189 -36.686032
v 120.594854 -1.920444 -36.381120
v 120.341694 -5.479874 -35.721156
v 119.974171 -8.777090 -34.763057
v 119.514118 -11.539899 -33.563738
v 118.916828 -13.589133 -32.006657
v 118.187500 -15.035179 -30.105365
v 117.422823 -16.263920 -28.111922
v 116.719486 -17.617787 -26.278387
v 116.065534 -19.076760 -24.573594
v 115.421979 -20.560758 -22.895903
v 114.844963 -22.174887 -21.391673
v 114.390627 -24.024255 -20.207262
v 114.091722 -26.426680 -19.428044
v 113.912379 -29.229510 -18.960513
v 113.805813 -31.832137 -18.682705
v 113.725239 -33.633956 -18.472654
v 104.067104 -5.682475 -12.254279
v 103.994953 -3.552753 -12.059655
v 103.880123 -0.183530 -11.749902
v 103.826264 3.714689 -11.604620
v 103.937030 7.411447 -11.903408
v 104.251036 10.777150 -12.750432
v 104.709341 14.049972 -13.986703
v 105.269267 17.032714 -15.497093
v 105.888132 19.525557 -17.166470
v 106.592358 21.401281 -19.066107
v 107.392107 22.637188 -21.223414
v 108.220309 23.201956 -23.457474
v 109.009896 23.081255 -25.587369
v 109.790845 22.146358 -27.693965
v 110.582972 20.402109 -29.830713
v 111.303966 18.066164 -31.775579
v 111.871513 15.378022 -33.306527
v 112.271895 12.425799 -34.386551
v 112.546269 9.177325 -35.126669
v 112.694634 5.715748 -35.526881
v 112.716991 2.131930 -35.587187
v 112.602668 -1.587412 -35.278805
v 112.355224 -5.316553 -34.611328
v 111.995997 -8.760515 -33.642321
v 111.546329 -11.637439 -32.429350
v 110.962523 -13.761241 -30.854543
v 110.249659 -15.241211 -28.931607
v 109.502245 -16.486789 -26.915470
v 108.814786 -17.859208 -25.061063
v 108.175597 -19.338174 -23.336862
v 107.546569 -20.842508 -21.640073
v 106.982579 -22.478757 -20.118719
v 106.538500 -24.353466 -18.920824
v 106.246343 -26.788813 -18.132735
v 106.071048 -29.630050 -17.659882
v 105.966888 -32.268343 -17.378911
v 105.888132 -34.094853 -17.166470
v 96.266936 -5.781806 -10.873690
v 96.196249 -3.593923 -10.676119
v 96.083748 -0.104234 -10.361674
v 96.030982 3.960739 -10.214191
v 96.139501 7.852002 -10.517505
v 96.447137 11.430102 -11.377359
v 96.896146 14.928398 -12.632356
v 97.444714 18.136402 -14.165622
v 98.051026 20.840680 -15.860286
v 98.740967 22.901974 -17.788696
v 99.524493 24.288256 -19.978679
v 100.335896 24.960123 -22.246578
v 101.109466 24.897312 -24.408735
v 101.874574 23.965339 -26.547239
v 102.650634 22.168002 -28.716352
v 103.357002 19.728086 -30.690676
v 103.913037 16.892968 -32.244813
v 104.305298 13.758150 -33.341197
v 104.574106 10.298560 -34.092525
v 104.719461 6.607823 -34.498799
v 104.741364 2.788253 -34.560019
v 104.629361 -1.163546 -34.246965
v 104.386936 -5.109858 -33.569378
v 104.034996 -8.741663 -32.585694
v 103.594449 -11.764710 -31.354350
v 103.022485 -13.984060 -29.755690
v 102.324081 -15.507630 -27.803627
v 101.591828 -16.774981 -25.756952
v 100.918314 -18.171390 -23.874457
v 100.292090 -19.676209 -22.124140
v 99.675822 -21.206838 -20.401649
v 99.123272 -22.871689 -18.857252
v 98.688201 -24.779169 -17.641213
v 98.401970 -27.257086 -16.841187
v 98.230231 -30.147989 -16.361171
v 98.128184 -32.832398 -16.075945
v 98.051026 -34.690836 -15.860286
v 88.468910 -5.881881 -9.492855
v 88.399772 -3.631995 -9.292325
v 88.289735 -0.010910 -8.973173
v 88.238125 4.238122 -8.823482
v 88.344266 8.346495 -9.131337
v 88.645164 12.163587 -10.004063
v 89.084337 15.916441 -11.277848
v 89.620889 19.379583 -12.834068
v 90.213920 22.324212 -14.554101
v 90.888748 24.597342 -16.511380
v 91.655111 26.156089 -18.734149
v 92.448739 26.951690 -21.035999
v 93.205365 26.956972 -23.230524
v 93.953713 26.031080 -25.401042
v 94.712772 24.176579 -27.602628
v 95.403668 21.621633 -29.606508
v 95.947523 18.622157 -31.183911
v 96.331191 15.282049 -32.296708
v 96.594111 11.584633 -33.059284
v 96.736283 7.635561 -33.471640
v 96.757706 3.550285 -33.533776
v 96.648156 -0.662974 -33.216036
v 96.411041 -4.852830 -32.528305
v 96.066810 -8.694668 -31.529895
v 95.635914 -11.880537 -30.280117
v 95.076478 -14.205662 -28.657525
v 94.393373 -15.776046 -26.676239
v 93.677160 -17.065333 -24.598925
v 93.018399 -18.485913 -22.688248
v 92.405893 -20.016777 -20.911727
v 91.803125 -21.573900 -19.163451
v 91.262678 -23.267567 -17.595933
v 90.837137 -25.208063 -16.361689
v 90.557176 -27.728869 -15.549687
v 90.389200 -30.669810 -15.062485
v 90.289387 -33.400683 -14.772989
v 90.213920 -35.291288 -14.554101
v 80.678982 -5.961882 -8.129650
v 80.611713 -3.655943 -7.926861
v 80.504651 0.089257 -7.604114
v 80.454436 4.515981 -7.452736
v 80.557708 8.838160 -7.764059
v 80.850470 12.893885 -8.646618
v 81.277771 16.902371 -9.934753
v 81.799816 20.623113 -11.508506
v 82.376813 23.811892 -13.247917
v 83.033396 26.301704 -15.227247
v 83.779040 28.038221 -17.475057
v 84.551212 28.962860 -19.802840
v 85.287381 29.041168 -22.022089
v 86.015497 28.126106 -24.217060
v 86.754035 26.218906 -26.443449
v 87.426251 23.552441 -28.469905
v 87.955402 20.390596 -30.065079
v 88.328698 16.845790 -31.190413
v 88.584509 12.910435 -31.961580
v 88.722837 8.702591 -32.378582
v 88.743681 4.351273 -32.441418
v 88.637093 -0.122881 -32.120098
v 88.406389 -4.554521 -31.424619
v 88.071465 -8.603809 -30.414961
v 87.652218 -11.949533 -29.151103
v 87.107908 -14.377318 -27.510230
v 86.443271 -15.990619 -25.506623
v 85.746421 -17.297442 -23.405906
v 85.105471 -18.737343 -21.473703
v 84.509524 -20.289030 -19.677168
v 83.923053 -21.867331 -17.909196
v 83.397217 -23.584034 -16.324018
v 82.983182 -25.550923 -15.075869
v 82.710790 -28.106015 -14.254719
v 82.547354 -31.086956 -13.762028
v 82.450241 -33.854973 -13.469270
v 82.376813 -35.771292 -13.247917
v 72.901346 -6.003809 -6.799373
v 72.836434 -3.657417 -6.595630
v 72.733122 0.185416 -6.271363
v 72.684666 4.757454 -6.119273
v 72.784321 9.260423 -6.432062
v 73.066828 13.522482 -7.318774
v 73.479161 17.753989 -8.612973
v 73.982920 21.701357 -10.194134
v 74.539707 25.106926 -11.941732
v 75.173291 27.791154 -13.930379
v 75.892817 29.688985 -16.188770
v 76.637942 30.732706 -18.527511
v 77.348325 30.881039 -20.757206
v 78.050936 29.981848 -22.962509
v 78.763605 28.035070 -25.199378
v 79.412275 25.276746 -27.235373
v 79.922891 21.976890 -28.838056
v 80.283111 18.255484 -29.968686
v 80.529962 14.113752 -30.743484
v 80.663445 9.681037 -31.162448
v 80.683558 5.098677 -31.225580
v 80.580704 0.399178 -30.902748
v 80.358081 -4.239611 -30.203995
v 80.034888 -8.465172 -29.189585
v 79.630327 -11.945390 -27.919778
v 79.105082 -14.457897 -26.271181
v 78.463726 -16.103074 -24.258142
v 77.791285 -17.419087 -22.147537
v 77.172786 -18.869114 -20.206239
v 76.597714 -20.431713 -18.401247
v 76.031785 -22.021114 -16.624953
v 75.524369 -23.749889 -15.032313
v 75.124836 -25.730610 -13.778289
v 74.861985 -28.303671 -12.953274
v 74.704274 -31.305576 -12.458264
v 74.610562 -34.093059 -12.164128
v 74.539707 -36.022854 -11.941732
v 65.138182 -5.994112 -5.513377
v 65.076199 -3.631309 -5.310434
v 64.977550 0.264737 -4.987440
v 64.931281 4.924556 -4.835947
v 65.026438 9.545596 -5.147508
v 65.296195 13.948968 -6.030739
v 65.689919 18.336023 -7.319857
v 66.170943 22.444087 -8.894810
v 66.702600 26.006149 -10.635548
v 67.307590 28.833482 -12.616388
v 67.994642 30.852517 -14.865912
v 68.706139 31.988381 -17.195471
v 69.384461 32.194378 -19.416413
v 70.055362 31.315231 -21.613058
v 70.735867 29.349790 -23.841145
v 71.355261 26.534989 -25.869147
v 71.842833 23.143971 -27.465538
v 72.186795 19.302164 -28.591730
v 72.422505 15.018185 -29.363486
v 72.549964 10.429874 -29.780805
v 72.569170 5.687859 -29.843689
v 72.470957 0.834361 -29.522124
v 72.258381 -3.943608 -28.826115
v 71.949775 -8.285523 -27.815687
v 71.563472 -11.852605 -26.550865
v 71.061933 -14.417435 -24.908740
v 70.449522 -16.077064 -22.903605
v 69.807430 -17.390952 -20.801285
v 69.216844 -18.838637 -18.867609
v 68.667727 -20.398712 -17.069704
v 68.127339 -21.985546 -15.300382
v 67.642823 -23.711529 -13.713996
v 67.261321 -25.689051 -12.464895
v 67.010333 -28.257956 -11.643118
v 66.859741 -31.255012 -11.150052
v 66.770258 -34.037993 -10.857070
v 66.702600 -35.964671 -10.635548
v 57.389601 -5.924945 -4.278044
v 57.331125 -3.575885 -4.077908
v 57.238058 0.314976 -3.759382
v 57.194407 4.984724 -3.609984
v 57.284180 9.636342 -3.917235
v 57.538673 14.088098 -4.788250
v 57.910117 18.533220 -6.059536
v 58.363921 22.705711 -7.612704
v 58.865494 26.335100 -9.329364
v 59.436250 29.228499 -11.282804
v 60.084424 31.307415 -13.501213
v 60.755659 32.492977 -15.798548
v 61.395597 32.735354 -17.988769
v 62.028534 31.878796 -20.155030
v 62.670531 29.921438 -22.352297
v 63.254876 27.098333 -24.352248
v 63.714858 23.681858 -25.926557
v 64.039357 19.799769 -27.037171
v 64.261729 15.465531 -27.798251
v 64.381975 10.821224 -28.209799
v 64.400094 6.022109 -28.271813
v 64.307439 1.116456 -27.954696
v 64.106892 -3.704554 -27.268314
v 63.815749 -8.078819 -26.271862
v 63.451305 -11.666644 -25.024536
v 62.978146 -14.239616 -23.405125
v 62.400390 -15.891548 -21.427725
v 61.794632 -17.190275 -19.354486
v 61.237465 -18.621255 -17.447556
v 60.719420 -20.163327 -15.674520
v 60.209611 -21.731851 -13.929673
v 59.752512 -23.437917 -12.365229
v 59.392599 -25.392620 -11.133406
v 59.155813 -27.931882 -10.322997
v 59.013742 -30.894354 -9.836751
v 58.929323 -33.645222 -9.547822
v 58.865494 -35.549668 -9.329364
v 49.653802 -5.794952 -3.094173
v 49.599340 -3.492564 -2.898883
v 49.512662 0.327248 -2.588070
v 49.472007 4.917470 -2.442290
v 49.555618 9.497231 -2.742101
v 49.792641 13.887020 -3.592025
v 50.138589 18.273739 -4.832528
v 50.561243 22.394938 -6.348087
v 51.028388 25.983727 -8.023179
v 51.559966 28.849168 -9.929318
v 52.163648 30.912412 -12.094010
v 52.788808 32.094570 -14.335718
v 53.384820 32.345579 -16.472904
v 53.974311 31.512293 -18.586711
v 54.572241 29.592625 -20.730773
v 55.116475 26.816779 -22.682297
v 55.544883 23.452013 -24.218485
v 55.847107 19.624641 -25.302207
v 56.054215 15.349614 -26.044858
v 56.166207 10.767990 -26.446440
v 56.183083 6.033919 -26.506952
v 56.096788 1.196965 -26.197514
v 55.910007 -3.553611 -25.527753
v 55.638848 -7.861582 -24.555429
v 55.299421 -11.392972 -23.338306
v 54.858740 -13.923077 -21.758108
v 54.320642 -15.542888 -19.828589
v 53.756464 -16.813121 -17.805551
v 53.237543 -18.212705 -15.944796
v 52.755057 -19.720945 -14.214693
v 52.280242 -21.255055 -12.512096
v 51.854520 -22.923690 -10.985534
v 51.519311 -24.835507 -9.783539
v 51.298779 -27.319058 -8.992752
v 51.166460 -30.216534 -8.518280
v 51.087835 -32.907047 -8.236348
v 51.028388 -34.769710 -8.023179
v 41.927403 -5.609518 -1.956833
v 41.877327 -3.385528 -1.768233
v 41.797630 0.298158 -1.468067
v 41.760249 4.719242 -1.327281
v 41.837126 9.123142 -1.616822
v 42.055060 13.337807 -2.437631
v 42.373146 17.546181 -3.635640
v 42.761760 21.496436 -5.099284
v 43.191281 24.932505 -6.716995
v 43.680047 27.671775 -8.557839
v 44.235109 29.639938 -10.648378
v 44.809920 30.762326 -12.813295
v 45.357930 30.991763 -14.877272
v 45.899945 30.180794 -16.918669
v 46.449718 28.327653 -18.989286
v 46.950121 25.654880 -20.873960
v 47.344025 22.420349 -22.357526
v 47.621909 18.745011 -23.404124
v 47.812337 14.641609 -24.121336
v 47.915309 10.244654 -24.509161
v 47.930825 5.701134 -24.567601
v 47.851480 1.056746 -24.268762
v 47.679742 -3.507516 -23.621944
v 47.430423 -7.648830 -22.682927
v 47.118332 -11.045592 -21.507497
v 46.713143 -13.481551 -19.981429
v 46.218383 -15.045528 -18.118007
v 45.699643 -16.275114 -16.164269
v 45.222514 -17.629912 -14.367254
v 44.778887 -19.089890 -12.696417
v 44.342313 -20.574909 -11.052142
v 43.950878 -22.190150 -9.577873
v 43.642666 -24.040790 -8.417053
v 43.439896 -26.444869 -7.653355
v 43.318233 -29.249628 -7.195136
v 43.245941 -31.854046 -6.922861
v 43.191281 -33.657106 -6.716995
v 34.205902 -5.380461 -0.855689
v 34.160407 -3.261341 -0.675213
v 34.087999 0.230579 -0.387976
v 34.054038 4.404913 -0.253254
v 34.123882 8.541765 -0.530323
v 34.321883 12.481207 -1.315777
v 34.610873 16.404745 -2.462183
v 34.963941 20.077439 -3.862781
v 35.354175 23.260478 -5.410810
v 35.798234 25.785296 -7.172361
v 36.302525 27.586619 -9.172852
v 36.824759 28.597884 -11.244517
v 37.322643 28.777661 -13.219590
v 37.815080 27.986869 -15.173055
v 38.314566 26.224574 -17.154482
v 38.769198 23.703340 -18.957975
v 39.127072 20.668030 -20.377637
v 39.379538 17.230732 -21.379154
v 39.552548 13.398525 -22.065472
v 39.646102 9.294367 -22.436593
v 39.660199 5.052622 -22.492515
v 39.588111 0.710323 -22.206549
v 39.432082 -3.565501 -21.587591
v 39.205567 -7.451996 -20.689022
v 38.922023 -10.645700 -19.564223
v 38.553897 -12.942957 -18.103889
v 38.104391 -14.431165 -16.320732
v 37.633100 -15.610543 -14.451150
v 37.199614 -16.910021 -12.731541
v 36.796565 -18.310382 -11.132673
v 36.399924 -19.734763 -9.559224
v 36.044292 -21.284047 -8.148459
v 35.764272 -23.059119 -7.037639
v 35.580049 -25.365031 -6.306837
v 35.469515 -28.055262 -5.868356
v 35.403835 -30.553333 -5.607809
v 35.354175 -32.282767 -5.410810
v 26.484234 -5.125192 0.224223
v 26.443313 -3.128647 0.395734
v 26.378184 0.132783 0.668703
v 26.347637 4.005258 0.796732
v 26.410461 7.809105 0.533426
v 26.588555 11.399980 -0.213010
v 26.848493 14.960231 -1.302469
v 27.166066 18.276424 -2.633494
v 27.517068 21.131732 -4.104626
v 27.916485 23.375923 -5.778673
v 28.370079 24.956222 -7.679791
v 28.839811 25.817153 -9.648548
v 29.287641 25.925235 -11.525510
v 29.730572 25.151680 -13.381938
v 30.179844 23.496784 -15.264939
v 30.588770 21.161635 -16.978845
v 30.910666 18.375593 -18.327986
v 31.137751 15.239273 -19.279753
v 31.293368 11.751353 -19.931979
v 31.377516 8.019459 -20.284665
v 31.390196 4.161197 -20.337809
v 31.325356 0.201187 -20.066048
v 31.185013 -3.711774 -19.477837
v 30.981270 -7.279504 -18.623904
v 30.726231 -10.220798 -17.554978
v 30.395114 -12.347560 -16.167185
v 29.990798 -13.746496 -14.472605
v 29.566887 -14.869920 -12.695893
v 29.176980 -16.107745 -11.061704
v 28.814451 -17.441668 -9.542259
v 28.457685 -18.798471 -8.046970
v 28.137806 -20.274251 -6.706283
v 27.885938 -21.965107 -5.650643
v 27.720235 -24.161618 -4.956143
v 27.620813 -26.724213 -4.539443
v 27.561736 -29.103767 -4.291839
v 27.517068 -30.751150 -4.104626
v 18.757353 -4.865393 1.301330
v 18.720799 -2.997933 1.463765
v 18.662621 0.016166 1.722289
v 18.635334 3.561002 1.843543
v 18.691453 6.999036 1.594171
v 18.850541 10.203357 0.887235
v 19.082738 13.359029 -0.144571
v 19.366419 16.276541 -1.405160
v 19.679962 18.763540 -2.798442
v 20.036752 20.690483 -4.383900
v 20.441938 22.019169 -6.184414
v 20.861540 22.706962 -8.048986
v 21.261577 22.729651 -9.826622
v 21.657238 21.969651 -11.584811
v 22.058563 20.428740 -13.368166
v 22.423848 18.296054 -14.991374
v 22.711391 15.784410 -16.269120
v 22.914241 12.981534 -17.170521
v 23.053250 9.875973 -17.788232
v 23.128418 6.557874 -18.122254
v 23.139745 3.125749 -18.172586
v 23.081824 -0.410512 -17.915206
v 22.956458 -3.922695 -17.358122
v 22.774460 -7.139570 -16.549378
v 22.546639 -9.804127 -15.537018
v 22.250858 -11.745269 -14.222666
v 21.889692 -13.049678 -12.617761
v 21.511021 -14.116155 -10.935070
v 21.162726 -15.291234 -9.387361
v 20.838886 -16.557539 -7.948322
v 20.520195 -17.845565 -6.532162
v 20.234454 -19.246537 -5.262423
v 20.009465 -20.851683 -4.262646
v 19.861446 -22.936851 -3.604898
v 19.772635 -25.369547 -3.210249
v 19.719863 -27.628479 -2.975748
v 19.679962 -29.192356 -2.798442
v 11.020784 -4.625331 2.396060
v 10.988213 -2.881231 2.550117
v 10.936375 -0.107678 2.795307
v 10.912062 3.115185 2.910307
v 10.962065 6.189875 2.673797
v 11.103817 9.007068 2.003323
v 11.310711 11.756092 1.024734
v 11.563480 14.271457 -0.170837
v 11.842856 16.385401 -1.492257
v 12.160766 17.989410 -2.995942
v 12.521799 19.060492 -4.703591
v 12.895676 19.569345 -6.471994
v 13.252121 19.501431 -8.157944
v 13.604667 18.750198 -9.825450
v 13.962259 17.319018 -11.516825
v 14.287739 15.385724 -13.056312
v 14.543948 13.147126 -14.268157
v 14.724693 10.677902 -15.123066
v 14.848555 7.955740 -15.708917
v 14.915531 5.052882 -16.025711
v 14.925624 2.048270 -16.073447
v 14.874015 -1.063789 -15.829342
v 14.762310 -4.176009 -15.300991
v 14.600144 -7.043799 -14.533960
v 14.397149 -9.433959 -13.573814
v 14.133600 -11.192193 -12.327253
v 13.811790 -12.405798 -10.805124
v 13.474383 -13.419654 -9.209222
v 13.164042 -14.536754 -7.741338
v 12.875491 -15.740579 -6.376522
v 12.591528 -16.965053 -5.033403
v 12.336924 -18.296901 -3.829153
v 12.136453 -19.822847 -2.880942
v 12.004563 -21.805132 -2.257119
v 11.925430 -24.117797 -1.882825
v 11.878408 -26.265272 -1.660418
v 11.842856 -27.751986 -1.492257
v 3.271099 -4.429920 3.529189
v 3.241992 -2.791574 3.676390
v 3.195667 -0.229530 3.910667
v 3.173939 2.706094 4.020549
v 3.218624 5.451892 3.794565
v 3.345302 7.914796 3.153931
v 3.530195 10.289890 2.218896
v 3.756083 12.433750 1.076536
v 4.005749 14.201213 -0.186073
v 4.289852 15.503385 -1.622834
v 4.612491 16.331934 -3.254481
v 4.946610 16.670331 -4.944179
v 5.265149 16.513361 -6.555093
v 5.580204 15.764352 -8.148385
v 5.899769 14.428257 -9.764483
v 6.190636 12.673372 -11.235453
v 6.419599 10.682536 -12.393362
v 6.581124 8.518315 -13.210222
v 6.691813 6.147604 -13.770000
v 6.751667 3.625768 -14.072694
v 6.760686 1.013306 -14.118305
v 6.714566 -1.710745 -13.885065
v 6.614740 -4.458631 -13.380229
v 6.469819 -7.009708 -12.647335
v 6.288411 -9.152065 -11.729923
v 6.052889 -10.746509 -10.538841
v 5.765301 -11.881679 -9.084457
v 5.463775 -12.852702 -7.559583
v 5.186437 -13.922606 -6.157030
v 4.928571 -15.075572 -4.852956
v 4.674805 -16.248314 -3.569615
v 4.447277 -17.523894 -2.418962
v 4.268124 -18.985372 -1.512952
v 4.150260 -20.883910 -0.916893
v 4.079542 -23.098870 -0.559258
v 4.037521 -25.155618 -0.346750
v 4.005749 -26.579521 -0.186073
v -4.493730 -4.302688 4.720137
v -4.519973 -2.742087 4.862772
v -4.561741 -0.343905 5.089783
v -4.581331 2.362821 5.196257
v -4.541042 4.839320 4.977282
v -4.426827 7.006333 4.356519
v -4.260125 9.066505 3.450485
v -4.056460 10.894960 2.343558
v -3.831357 12.365544 1.120112
v -3.575205 13.406309 -0.272086
v -3.284308 14.022260 -1.853124
v -2.983062 14.208384 -3.490412
v -2.695861 13.967951 -5.051361
v -2.411803 13.212208 -6.595234
v -2.123678 11.947619 -8.161205
v -1.861427 10.335709 -9.586550
v -1.654990 8.548652 -10.708544
v -1.509357 6.638645 -11.500068
v -1.409558 4.562304 -12.042482
v -1.355592 2.360172 -12.335788
v -1.347460 0.076550 -12.379985
v -1.389044 -2.323762 -12.153979
v -1.479048 -4.769886 -11.664801
v -1.609711 -7.060546 -10.954640
v -1.773271 -9.000862 -10.065683
v -1.985622 -10.463853 -8.911545
v -2.244916 -11.540423 -7.502271
v -2.516777 -12.483557 -6.024694
v -2.766830 -13.522733 -4.665644
v -2.999326 -14.642584 -3.402019
v -3.228125 -15.781644 -2.158483
v -3.433268 -17.020587 -1.043520
v -3.594796 -18.440090 -0.165612
v -3.701063 -20.284099 0.411959
v -3.764824 -22.435443 0.758502
v -3.802711 -24.433119 0.964418
v -3.831357 -25.816126 1.120112
v -12.274135 -4.263801 5.985333
v -12.298132 -2.744691 6.126344
v -12.336324 -0.448740 6.350770
v -12.354237 2.104504 6.456031
v -12.317397 4.388686 6.239550
v -12.212959 6.335199 5.625854
v -12.060527 8.156606 4.730137
v -11.874297 9.742030 3.635812
v -11.668463 10.979705 2.426296
v -11.434239 11.811173 1.049950
v -11.168244 12.253082 -0.513087
v -10.892785 12.310317 -2.131734
v -10.630170 11.993556 -3.674910
v -10.370428 11.219438 -5.201205
v -10.106968 9.995844 -6.749346
v -9.867166 8.481108 -8.158462
v -9.678401 6.841020 -9.267682
v -9.545235 5.119654 -10.050194
v -9.453978 3.263998 -10.586432
v -9.404632 1.302420 -10.876399
v -9.397197 -0.734079 -10.920092
v -9.435220 -2.893626 -10.696659
v -9.517520 -5.118794 -10.213051
v -9.636998 -7.221753 -9.510976
v -9.786557 -9.019148 -8.632140
v -9.980730 -10.392480 -7.491143
v -10.217827 -11.436123 -6.097915
v -10.466416 -12.370733 -4.637161
v -10.695063 -13.400517 -3.293585
v -10.907657 -14.510247 -2.044347
v -11.116870 -15.639012 -0.814970
v -11.304452 -16.866758 0.287299
v -11.452152 -18.273432 1.155211
v -11.549323 -20.100775 1.726206
v -11.607626 -22.232675 2.068803
v -11.642270 -24.212297 2.272376
v -11.668463 -25.582804 2.426296
v -20.068922 -4.328307 7.336781
v -20.091242 -2.808567 7.479585
v -20.126766 -0.543630 7.706865
v -20.143428 1.942941 7.813466
v -20.109161 4.122985 7.594231
v -20.012021 5.934965 6.972730
v -19.870240 7.604251 6.065621
v -19.697022 9.028794 4.957379
v -19.505570 10.105947 3.732480
v -19.287711 10.786849 2.338630
v -19.040301 11.097940 0.755714
v -18.784089 11.052217 -0.883518
v -18.539823 10.666594 -2.446321
v -18.298230 9.860193 -3.992026
v -18.053178 8.642217 -5.559857
v -17.830132 7.171987 -6.986895
v -17.654556 5.613855 -8.110221
v -17.530694 4.006321 -8.902685
v -17.445814 2.287392 -9.445744
v -17.399916 0.476228 -9.739397
v -17.393000 -1.406232 -9.783647
v -17.428366 -3.419651 -9.557372
v -17.504916 -5.516188 -9.067614
v -17.616046 -7.514663 -8.356609
v -17.755155 -9.236916 -7.466596
v -17.935760 -10.568639 -6.311088
v -18.156291 -11.609138 -4.900141
v -18.387511 -12.557887 -3.420809
v -18.600183 -13.603251 -2.060146
v -18.797922 -14.729770 -0.795020
v -18.992517 -15.875612 0.449992
v -19.166993 -17.121933 1.566280
v -19.304373 -18.549887 2.445230
v -19.394754 -20.404876 3.023487
v -19.448983 -22.569030 3.370441
v -19.481206 -24.578601 3.576602
v -19.505570 -25.969842 3.732480
v -27.875410 -4.504726 8.780944
v -27.896517 -2.938661 8.929215
v -27.930110 -0.627350 9.165196
v -27.945866 1.886991 9.275877
v -27.913462 4.058975 9.048250
v -27.821601 5.830226 8.402957
v -27.687526 7.441997 7.461122
v -27.523722 8.795425 6.310455
v -27.342676 9.791230 5.038665
v -27.136658 10.385883 3.591455
v -26.902696 10.613571 1.947943
v -26.660409 10.493436 0.245957
v -26.429419 10.047324 -1.376672
v -26.200956 9.193681 -2.981550
v -25.969223 7.942922 -4.609400
v -25.758300 6.459878 -6.091067
v -25.592266 4.912845 -7.257396
v -25.475136 3.337529 -8.080197
v -25.394870 1.663695 -8.644045
v -25.351466 -0.095449 -8.948940
v -25.344926 -1.925469 -8.994883
v -25.378370 -3.896014 -8.759947
v -25.450759 -5.964598 -8.251439
v -25.555849 -7.949288 -7.513216
v -25.687397 -9.670230 -6.589132
v -25.858187 -11.012639 -5.389389
v -26.066732 -12.082319 -3.924429
v -26.285385 -13.069739 -2.388465
v -26.486498 -14.157711 -0.975713
v -26.673489 -15.330146 0.337844
v -26.857508 -16.522692 1.630517
v -27.022501 -17.819812 2.789538
v -27.152414 -19.305969 3.702136
v -27.237884 -21.236566 4.302530
v -27.289165 -23.488929 4.662766
v -27.319637 -25.580409 4.876820
v -27.342676 -27.028357 5.038665
v -35.689716 -4.794105 10.318025
v -35.709920 -3.134572 10.475444
v -35.742075 -0.695769 10.725985
v -35.757157 1.946483 10.843495
v -35.726140 4.213726 10.601823
v -35.638210 6.046423 9.916716
v -35.509873 7.704387 8.916771
v -35.353080 9.085755 7.695108
v -35.179783 10.088320 6.344849
v -34.982582 10.669104 4.808348
v -34.758633 10.867531 3.063432
v -34.526715 10.706543 1.256435
v -34.305612 10.211324 -0.466309
v -34.086927 9.296278 -2.170207
v -33.865111 7.972874 -3.898494
v -33.663215 6.416078 -5.471579
v -33.504288 4.803742 -6.709871
v -33.392171 3.171873 -7.583437
v -33.315340 1.443112 -8.182074
v -33.273794 -0.371559 -8.505782
v -33.267533 -2.260141 -8.554560
v -33.299547 -4.300205 -8.305128
v -33.368837 -6.449875 -7.765246
v -33.469429 -8.518557 -6.981475
v -33.595348 -10.317389 -6.000375
v -33.758828 -11.726122 -4.726609
v -33.958447 -12.858474 -3.171261
v -34.167742 -13.909325 -1.540530
v -34.360247 -15.067187 -0.040612
v -34.539236 -16.314938 1.353991
v -34.715379 -17.584092 2.726421
v -34.873311 -18.964537 3.956953
v -34.997664 -20.546164 4.925858
v -35.079475 -22.600780 5.563295
v -35.128562 -24.997832 5.945758
v -35.157729 -27.223667 6.173018
v -35.179783 -28.764629 6.344849
v -43.507164 -5.189615 11.941705
v -43.526589 -3.390112 12.111704
v -43.557505 -0.741111 12.382266
v -43.572006 2.133537 12.509166
v -43.542184 4.606810 12.248182
v -43.457644 6.613148 11.508328
v -43.334255 8.432485 10.428477
v -43.183506 9.953118 9.109192
v -43.016889 11.062928 7.651034
v -42.827290 11.713956 5.991750
v -42.611974 11.947574 4.107398
v -42.388997 11.787514 2.156005
v -42.176417 11.260210 0.295596
v -41.966162 10.272489 -1.544461
v -41.752898 8.836602 -3.410855
v -41.558785 7.142144 -5.109645
v -41.405984 5.382178 -6.446888
v -41.298189 3.596536 -7.390262
v -41.224320 1.702597 -8.036736
v -41.184375 -0.286433 -8.386310
v -41.178356 -2.356122 -8.438986
v -41.209135 -4.588963 -8.169622
v -41.275755 -6.938192 -7.586598
v -41.372469 -9.196194 -6.740196
v -41.493533 -11.157436 -5.680697
v -41.650711 -12.690927 -4.305144
v -41.842636 -13.919288 -2.625509
v -42.043862 -15.056834 -0.864466
v -42.228946 -16.310218 0.755311
v -42.401035 -17.660908 2.261356
v -42.570388 -19.034766 3.743457
v -42.722231 -20.529097 5.072321
v -42.841791 -22.241207 6.118651
v -42.920448 -24.465327 6.807026
v -42.967643 -27.060135 7.220051
v -42.995686 -29.469599 7.465472
v -43.016889 -31.137689 7.651034
v -51.322769 -5.676730 13.639374
v -51.341342 -3.693710 13.824883
v -51.370902 -0.753090 14.120131
v -51.384767 2.460209 14.258610
v -51.356253 5.256286 13.973814
v -51.275421 7.558126 13.166455
v -51.157443 9.665673 11.988078
v -51.013305 11.449870 10.548419
v -50.853995 12.781009 8.957218
v -50.672712 13.599779 7.146540
v -50.466839 13.945200 5.090259
v -50.253641 13.837978 2.960818
v -50.050383 13.303056 0.930665
v -49.849350 12.236070 -1.077280
v -49.645438 10.649634 -3.113965
v -49.459838 8.752061 -4.967754
v -49.313739 6.757111 -6.427009
v -49.210672 4.712438 -7.456456
v -49.140042 2.533011 -8.161915
v -49.101849 0.239574 -8.543385
v -49.096094 -2.145204 -8.600867
v -49.125523 -4.704493 -8.306926
v -49.189221 -7.380308 -7.670706
v -49.281694 -9.939342 -6.747078
v -49.397449 -12.151561 -5.590910
v -49.547733 -13.869767 -4.089850
v -49.731241 -15.225802 -2.256964
v -49.923642 -16.470121 -0.335242
v -50.100609 -17.841153 1.432324
v -50.265151 -19.318623 3.075782
v -50.427077 -20.821436 4.693112
v -50.572260 -22.456030 6.143221
v -50.686576 -24.328844 7.285019
v -50.761784 -26.761729 8.036202
v -50.806909 -29.600094 8.486912
v -50.833722 -32.235719 8.754725
v -50.853995 -34.060382 8.957218
v -59.131743 -6.233979 15.392818
v -59.149202 -4.029586 15.596048
v -59.176988 -0.721728 15.919499
v -59.190020 2.932843 16.071206
v -59.163218 6.169146 15.759204
v -59.087237 8.892914 14.874724
v -58.976338 11.422074 13.583783
v -58.840851 13.602346 12.006602
v -58.691102 15.278368 10.263402
v -58.520698 16.372484 8.279761
v -58.327179 16.916143 6.027055
v -58.126776 16.922472 3.694202
v -57.935717 16.411610 1.470119
v -57.746747 15.264469 -0.729633
v -57.555073 13.493465 -2.960871
v -57.380612 11.329045 -4.991742
v -57.243280 9.010666 -6.590390
v -57.146398 6.598119 -7.718175
v -57.080007 4.007801 -8.491022
v -57.044106 1.274009 -8.908932
v -57.038696 -1.565778 -8.971905
v -57.066360 -4.589977 -8.649885
v -57.126235 -7.722415 -7.952891
v -57.213158 -10.695542 -6.941034
v -57.321966 -13.247219 -5.674423
v -57.463232 -15.208647 -4.029976
v -57.635726 -16.720421 -2.022005
v -57.816581 -18.086887 0.083288
v -57.982928 -19.592504 2.019699
v -58.137595 -21.215009 3.820147
v -58.289803 -22.865343 5.591971
v -58.426274 -24.660395 7.180601
v -58.533730 -26.717051 8.431468
v -58.604424 -29.388757 9.254407
v -58.646841 -32.505746 9.748171
v -58.672045 -35.400093 10.041567
v -58.691102 -37.403872 10.263402
v -66.929989 -6.834217 17.179339
v -66.945907 -4.379465 17.401601
v -66.971243 -0.641010 17.755341
v -66.983126 3.544977 17.921254
v -66.958687 7.329359 17.580036
v -66.889407 10.594968 16.612729
v -66.788289 13.673992 15.200900
v -66.664751 16.379384 13.476026
v -66.528208 18.522393 11.569587
v -66.372832 20.000014 9.400190
v -66.196381 20.830459 6.936532
v -66.013651 21.014412 4.385222
v -65.839442 20.563600 1.952868
v -65.667138 19.341081 -0.452877
v -65.492368 17.358414 -2.893057
v -65.333293 14.870643 -5.114106
v -65.208073 12.147000 -6.862458
v -65.119735 9.263679 -8.095852
v -65.059199 6.142971 -8.941071
v -65.026464 2.838907 -9.398116
v -65.021532 -0.589472 -9.466986
v -65.046755 -4.209704 -9.114811
v -65.101350 -7.920456 -8.352548
v -65.180607 -11.412238 -7.245937
v -65.279819 -14.384080 -5.860716
v -65.408627 -16.640731 -4.062277
v -65.565908 -18.330346 -1.866272
v -65.730813 -19.828382 0.436169
v -65.882490 -21.478968 2.553913
v -66.023516 -23.257695 4.522961
v -66.162301 -25.066932 6.460705
v -66.286736 -27.034820 8.198100
v -66.384715 -29.289502 9.566104
v -66.449175 -32.218452 10.466106
v -66.487851 -35.635560 11.006107
v -66.510832 -38.808590 11.326977
v -66.528208 -41.005302 11.569587
v -74.714513 -7.446345 18.973217
v -74.728348 -4.724462 19.214801
v -74.750368 -0.512135 19.599294
v -74.760696 4.271442 19.779632
v -74.739455 8.688058 19.408749
v -74.679242 12.592899 18.357348
v -74.591358 16.327633 16.822779
v -74.483987 19.666243 14.947950
v -74.365315 22.380215 12.875771
v -74.230273 24.335155 10.517774
v -74.076914 25.530735 7.839934
v -73.918099 25.950698 5.066821
v -73.766689 25.594985 2.423006
v -73.616936 24.306465 -0.191886
v -73.465038 22.095192 -2.844207
v -73.326782 19.242033 -5.258347
v -73.217950 16.048675 -7.158695
v -73.141173 12.611334 -8.499316
v -73.088559 8.862639 -9.418016
v -73.060109 4.881834 -9.914795
v -73.055822 0.755518 -9.989652
v -73.077744 -3.567044 -9.606860
v -73.125194 -7.953334 -8.778329
v -73.194079 -12.046074 -7.575512
v -73.280306 -15.500486 -6.069865
v -73.392256 -18.091176 -4.115076
v -73.528954 -19.972161 -1.728157
v -73.672277 -21.604373 0.774450
v -73.804103 -23.402799 3.076304
v -73.926674 -25.340843 5.216535
v -74.047295 -27.312130 7.322740
v -74.155445 -29.456278 9.211179
v -74.240601 -31.912907 10.698112
v -74.296625 -35.104198 11.676357
v -74.330239 -38.827370 12.263304
v -74.350213 -42.284602 12.612070
v -74.365315 -44.678070 12.875771
v -82.483735 -8.037332 20.747399
v -82.494881 -5.046747 21.007525
v -82.512620 -0.345153 21.421529
v -82.520940 5.066243 21.615708
v -82.503829 10.160255 21.216359
v -82.455321 14.761464 20.084260
v -82.384522 19.216057 18.431908
v -82.298024 23.255317 16.413180
v -82.202421 26.607120 14.181956
v -82.093632 29.101704 11.642976
v -81.970086 30.716231 8.759603
v -81.842144 31.414206 5.773645
v -81.720168 31.181257 2.926910
v -81.599527 29.838953 0.111317
v -81.477158 27.395312 -2.744578
v -81.365778 24.156817 -5.344010
v -81.278103 20.458389 -7.390215
v -81.216252 16.418596 -8.833733
v -81.173866 11.983993 -9.822946
v -81.150947 7.262826 -10.357854
v -81.147493 2.373382 -10.438456
v -81.165154 -2.713624 -10.026284
v -81.203379 -7.830519 -9.134161
v -81.258873 -12.569304 -7.839024
v -81.328338 -16.539053 -6.217814
v -81.418525 -19.482381 -4.112989
v -81.528649 -21.557272 -1.542867
v -81.644110 -23.319027 1.151822
v -81.750309 -25.260186 3.630350
v -81.849052 -27.352045 5.934850
v -81.946224 -29.479785 8.202713
v -82.033350 -31.794106 10.236095
v -82.101952 -34.445708 11.837154
v -82.147084 -37.890279 12.890483
v -82.174164 -41.908945 13.522480
v -82.190255 -45.640563 13.898015
v -82.202421 -48.223991 14.181956
v -90.237653 -8.574413 22.475310
v -90.245503 -5.330715 22.752145
v -90.257997 -0.158245 23.192743
v -90.263856 5.865724 23.399394
v -90.251805 11.630692 22.974394
v -90.217642 16.930188 21.769575
v -90.167779 22.110679 20.011085
v -90.106859 26.860453 17.862686
v -90.039527 30.863437 15.488140
v -89.962908 33.913544 12.786070
v -89.875897 35.963676 9.717486
v -89.785789 36.955735 6.539727
v -89.699883 36.859920 3.510134
v -89.614917 35.476947 0.513683
v -89.528734 32.812504 -2.525658
v -89.450291 29.196916 -5.292063
v -89.388542 24.996881 -7.469705
v -89.344981 20.353770 -9.005946
v -89.315130 15.230059 -10.058701
v -89.298988 9.764195 -10.627968
v -89.296555 4.107467 -10.713748
v -89.308993 -1.745606 -10.275100
v -89.335915 -7.591229 -9.325672
v -89.374999 -12.971521 -7.947343
v -89.423922 -17.450438 -6.221996
v -89.487439 -20.739135 -3.981968
v -89.564998 -22.997801 -1.246756
v -89.646316 -24.877281 1.621025
v -89.721111 -26.948155 4.258759
v -89.790654 -29.179799 6.711287
v -89.859091 -31.449722 9.124824
v -89.920453 -33.918694 11.288820
v -89.968768 -36.747484 12.992722
v -90.000555 -40.422233 14.113711
v -90.019626 -44.709439 14.786304
v -90.030959 -48.690417 15.185960
v -90.039527 -51.446478 15.488140
v -97.977851 -9.027296 24.132647
v -97.981861 -5.563570 24.423395
v -97.988244 0.025362 24.886136
v -97.991237 6.596949 25.103173
v -97.985081 12.968619 24.656813
v -97.967628 18.905326 23.391444
v -97.942154 24.750943 21.544578
v -97.911032 30.154402 19.288207
v -97.876634 34.759381 16.794324
v -97.837491 38.326072 13.956457
v -97.793039 40.784099 10.733656
v -97.747006 42.054779 7.396193
v -97.703119 42.093508 4.214342
v -97.659712 40.682313 1.067299
v -97.615683 37.824561 -2.124789
v -97.575609 33.871100 -5.030224
v -97.544063 29.216585 -7.317308
v -97.521809 24.023457 -8.930756
v -97.506558 18.270033 -10.036418
v -97.498312 12.123069 -10.634295
v -97.497069 5.764790 -10.724386
v -97.503424 -0.787022 -10.263694
v -97.517177 -7.295027 -9.266550
v -97.537144 -13.256483 -7.818951
v -97.562138 -18.194948 -6.006893
v -97.594587 -21.793281 -3.654289
v -97.634210 -24.212498 -0.781614
v -97.675753 -26.191249 2.230292
v -97.713963 -28.371503 5.000591
v -97.749491 -30.721018 7.576375
v -97.784454 -33.110833 10.111209
v -97.815802 -35.710211 12.383960
v -97.840485 -38.688413 14.173495
v -97.856724 -42.557254 15.350821
v -97.866467 -47.070902 16.057216
v -97.872256 -51.262147 16.476958
v -97.876634 -54.163778 16.794324
v -105.707350 -9.370217 25.699018
v -105.707097 -5.735396 26.000075
v -105.706694 0.182086 26.479222
v -105.706505 7.189479 26.703955
v -105.706894 14.048402 26.241769
v -105.707996 20.500542 24.931535
v -105.709604 26.885884 23.019187
v -105.711569 32.821446 20.682815
v -105.713740 37.918260 18.100509
v -105.716211 41.908877 15.162023
v -105.719018 44.703383 11.824954
v -105.721924 46.205889 8.369159
v -105.724694 46.359364 5.074493
v -105.727435 44.930933 1.815869
v -105.730214 41.921961 -1.489398
v -105.732744 37.699120 -4.497848
v -105.734736 32.679027 -6.866022
v -105.736141 27.041331 -8.536676
v -105.737104 20.777986 -9.681541
v -105.737624 14.079120 -10.300616
v -105.737703 7.152498 -10.393901
v -105.737302 0.035687 -9.916874
v -105.736433 -7.006473 -8.884376
v -105.735173 -13.435362 -7.385451
v -105.733595 -18.742351 -5.509145
v -105.731546 -22.587673 -3.073127
v -105.729045 -25.132262 -0.098599
v -105.726422 -27.186180 3.020097
v -105.724010 -29.449255 5.888619
v -105.721767 -31.888021 8.555729
v -105.719560 -34.368619 11.180438
v -105.717581 -37.066739 13.533771
v -105.716022 -40.158074 15.386755
v -105.714997 -44.173882 16.605824
v -105.714382 -48.858991 17.337266
v -105.714017 -53.209449 17.771890
v -105.713740 -56.221304 18.100509
v -113.430320 -9.583695 27.159317
v -113.425544 -5.838978 27.466480
v -113.417944 0.292991 27.955346
v -113.414379 7.587629 28.184636
v -113.421711 14.770881 27.713076
v -113.442493 21.568722 26.376268
v -113.472827 28.317262 24.425133
v -113.509886 34.612064 22.041374
v -113.550847 40.042199 19.406693
v -113.597457 44.321424 16.408608
v -113.650389 47.346218 13.003856
v -113.705204 49.008762 9.477970
v -113.757464 49.243372 6.116480
v -113.809152 47.807325 2.791764
v -113.861580 44.700561 -0.580541
v -113.909300 40.299815 -3.650009
v -113.946863 35.035973 -6.066215
v -113.973363 29.100343 -7.770754
v -113.991523 22.494605 -8.938839
v -114.001343 15.424897 -9.570470
v -114.002822 8.116477 -9.665647
v -113.995256 0.620866 -9.178945
v -113.978878 -6.778394 -8.125505
v -113.955103 -13.518911 -6.596179
v -113.925341 -19.070811 -4.681818
v -113.886701 -23.079335 -2.196392
v -113.839519 -25.704838 0.838466
v -113.790051 -27.805550 4.020417
v -113.744550 -30.120184 6.947119
v -113.702245 -32.614511 9.668324
v -113.660612 -35.151623 12.346268
v -113.623284 -37.911214 14.747331
v -113.593892 -41.072978 16.637899
v -113.574555 -45.180275 17.881693
v -113.562953 -49.972123 18.627970
v -113.556059 -54.421695 19.071409
v -113.550847 -57.502169 19.406693
v -121.151669 -9.655856 28.504734
v -121.142307 -5.869624 28.813452
v -121.127408 0.347693 29.304791
v -121.120419 7.760002 29.535242
v -121.134792 15.079987 29.061295
v -121.175535 22.026723 27.717722
v -121.235001 28.933141 25.756713
v -121.307653 35.385497 23.360891
v -121.387953 40.963326 20.712878
v -121.479328 45.371985 17.699620
v -121.583098 48.501488 14.277639
v -121.690560 50.238416 10.733909
v -121.793011 50.512969 7.355409
v -121.894342 49.078367 4.013868
v -121.997123 45.933832 0.624497
v -122.090674 41.459777 -2.460504
v -122.164315 36.092680 -4.888937
v -122.216265 30.029010 -6.602102
v -122.251866 23.275334 -7.776098
v -122.271117 16.045083 -8.410926
v -122.274018 8.571488 -8.506585
v -122.259184 0.912897 -8.017420
v -122.227078 -6.638782 -6.958649
v -122.180467 -13.511269 -5.421584
v -122.122121 -19.165951 -3.497534
v -122.046370 -23.241832 -0.999531
v -121.953874 -25.898385 2.050685
v -121.856895 -28.014915 5.248738
v -121.767695 -30.346976 8.190251
v -121.684758 -32.860085 10.925227
v -121.603140 -35.416301 13.616722
v -121.529961 -38.196670 16.029937
v -121.472340 -41.382240 17.930072
v -121.434432 -45.520464 19.180160
v -121.411687 -50.348393 19.930213
v -121.398172 -54.831469 20.375897
v -121.387953 -57.935137 20.712878
v -128.876566 -9.583239 29.733322
v -128.862759 -5.825219 30.038965
v -128.840784 0.346110 30.525411
v -128.830477 7.703908 30.753567
v -128.851674 14.970467 30.284340
v -128.911766 21.866881 28.954147
v -128.999472 28.723464 27.012668
v -129.106626 35.129460 24.640705
v -129.225059 40.667441 22.019062
v -129.359828 45.044856 19.035813
v -129.512877 48.152434 15.647910
v -129.671371 49.877516 12.139471
v -129.822476 50.150755 8.794617
v -129.971927 48.727183 5.486353
v -130.123518 45.606014 2.130736
v -130.261495 41.164816 -0.923543
v -130.370107 35.836832 -3.327792
v -130.446729 29.817125 -5.023896
v -130.499236 23.112310 -6.186200
v -130.527629 15.934325 -6.814706
v -130.531908 8.514770 -6.909412
v -130.510030 0.911681 -6.425119
v -130.462676 -6.585106 -5.376892
v -130.393930 -13.407505 -3.855134
v -130.307876 -19.020860 -1.950245
v -130.196153 -23.066818 0.522881
v -130.059731 -25.703615 3.542721
v -129.916697 -27.804227 6.708925
v -129.785137 -30.118750 9.621144
v -129.662815 -32.612959 12.328884
v -129.542437 -35.149950 14.993575
v -129.434505 -37.909409 17.382757
v -129.349521 -41.071022 19.263969
v -129.293611 -45.178125 20.501608
v -129.260064 -49.969744 21.244192
v -129.240131 -54.419105 21.685437
v -129.225059 -57.499431 22.019062
v -136.609929 -9.371006 30.850087
v -136.592011 -5.706563 31.148225
v -136.563494 0.297649 31.622727
v -136.550119 7.443739 31.845281
v -136.577627 14.485146 31.387576
v -136.655607 21.152897 30.090045
v -136.769423 27.774431 28.196237
v -136.908476 33.952954 25.882516
v -137.062166 39.285287 23.325246
v -137.237054 43.490212 20.415249
v -137.435665 46.465297 17.110534
v -137.641341 48.104098 13.688243
v -137.837428 48.341617 10.425519
v -138.031370 46.940046 7.198488
v -138.228088 43.899173 3.925266
v -138.407140 39.587551 0.945983
v -138.548086 34.427002 -1.399231
v -138.647517 28.605380 -3.053688
v -138.715656 22.125365 -4.187453
v -138.752501 15.189738 -4.800526
v -138.758053 8.020095 -4.892907
v -138.729662 0.668181 -4.420505
v -138.668211 -6.587429 -3.398017
v -138.579000 -13.195622 -1.913624
v -138.467329 -18.637274 -0.055509
v -138.322346 -22.564741 2.356891
v -138.145313 -25.134376 5.302581
v -137.959699 -27.188467 8.391041
v -137.788974 -29.451732 11.231752
v -137.630237 -31.890704 13.873005
v -137.474024 -34.371510 16.472266
v -137.333962 -37.069858 18.802783
v -137.223679 -40.161453 20.637803
v -137.151124 -44.177598 21.845053
v -137.107591 -48.863101 22.569403
v -137.081724 -53.213925 22.999814
v -137.062166 -56.226034 23.325246
v -144.355932 -9.032565 31.866600
v -144.334405 -5.517892 32.153262
v -144.300143 0.218214 32.609497
v -144.284073 7.024121 32.823484
v -144.317122 13.703090 32.383398
v -144.410812 20.002187 31.135816
v -144.547557 26.244497 29.314911
v -144.714622 32.055750 27.090258
v -144.899272 37.055756 24.631431
v -145.109392 40.981624 21.833455
v -145.348012 43.742058 18.655956
v -145.595123 45.240729 15.365407
v -145.830712 45.419720 12.228283
v -146.063723 44.052729 9.125477
v -146.300070 41.140492 5.978259
v -146.515192 37.037151 3.113665
v -146.684531 32.146220 0.858731
v -146.803993 26.643901 -0.732037
v -146.885858 20.526400 -1.822158
v -146.930125 13.981662 -2.411630
v -146.936796 7.215070 -2.500455
v -146.902686 0.268074 -2.046238
v -146.828856 -6.598964 -1.063111
v -146.721673 -12.862234 0.364139
v -146.587506 -18.027574 2.150725
v -146.413316 -21.764559 4.470259
v -146.200619 -24.226629 7.302554
v -145.977613 -26.206535 10.272122
v -145.772497 -28.388060 13.003480
v -145.581782 -30.738947 15.543056
v -145.394099 -33.130157 18.042258
v -145.225822 -35.731052 20.283062
v -145.093322 -38.710992 22.047442
v -145.006151 -42.582091 23.208218
v -144.953849 -47.098373 23.904684
v -144.922770 -51.292064 24.318526
v -144.899272 -54.195388 24.631431
v -152.117589 -8.588614 32.800150
v -152.093072 -5.267359 33.072047
v -152.054052 0.126010 33.504785
v -152.035751 6.500020 33.707750
v -152.073389 12.722446 33.290331
v -152.180089 18.560286 32.107003
v -152.335823 24.329614 30.379881
v -152.526087 29.684272 28.269805
v -152.736379 34.272753 25.937615
v -152.975676 37.854782 23.283744
v -153.247433 40.352371 20.269897
v -153.528858 41.681364 17.148822
v -153.797161 41.792302 14.173270
v -154.062530 40.473474 11.230269
v -154.331696 37.726690 8.245143
v -154.576692 33.887382 5.528085
v -154.769546 29.335585 3.389287
v -154.905597 24.233066 1.880449
v -154.998829 18.568654 0.846473
v -155.049244 12.512145 0.287361
v -155.056841 6.249088 0.203111
v -155.017994 -0.191103 0.633934
v -154.933912 -6.570529 1.566427
v -154.811846 -12.399904 2.920169
v -154.659047 -17.216724 4.614740
v -154.460669 -20.712340 6.814810
v -154.218436 -23.035888 9.501232
v -153.964463 -24.918482 12.317858
v -153.730862 -26.992785 14.908542
v -153.513664 -29.228125 17.317322
v -153.299919 -31.501807 19.687807
v -153.108274 -33.974868 21.813201
v -152.957375 -36.808344 23.486710
v -152.858099 -40.489178 24.587702
v -152.798534 -44.783485 25.248298
v -152.763140 -48.771055 25.640826
v -152.736379 -51.531681 25.937615
v -159.896435 -8.065688 33.672513
v -159.869610 -4.967187 33.927222
v -159.826916 0.037396 34.332604
v -159.806892 5.926574 34.522739
v -159.848074 11.642716 34.131707
v -159.964820 16.974458 33.023184
v -160.135216 22.227439 31.405243
v -160.343394 27.086229 29.428558
v -160.573485 31.230654 27.243800
v -160.835313 34.444699 24.757696
v -161.132656 36.663890 21.934371
v -161.440577 37.816579 19.010598
v -161.734142 37.861899 16.223148
v -162.024495 36.604469 13.466191
v -162.319005 34.047095 10.669773
v -162.587066 30.503489 8.124476
v -162.798078 26.326926 6.120884
v -162.946938 21.663588 4.707428
v -163.048949 16.495468 3.738816
v -163.104111 10.973172 3.215048
v -163.112423 5.261275 3.136125
v -163.069918 -0.622528 3.539713
v -162.977919 -6.464430 4.413257
v -162.844361 -11.813654 5.681421
v -162.677176 -16.243178 7.268869
v -162.460120 -19.468644 9.329860
v -162.195080 -21.633327 11.846457
v -161.917195 -23.401296 14.485028
v -161.661601 -25.349304 16.911939
v -161.423953 -27.448543 19.168446
v -161.190084 -29.583790 21.389078
v -160.980395 -31.906276 23.380114
v -160.815289 -34.567233 24.947830
v -160.706666 -38.023956 25.979223
v -160.641492 -42.056800 26.598058
v -160.602766 -45.801583 26.965772
v -160.573485 -48.394126 27.243800
v -167.692364 -7.494315 34.508431
v -167.663907 -4.633296 34.744508
v -167.618617 -0.036138 35.120236
v -167.597375 5.351127 35.296462
v -167.641062 10.550745 34.934034
v -167.764908 15.372849 33.906601
v -167.945667 20.109143 32.407014
v -168.166506 24.474995 30.574925
v -168.410591 28.181610 28.549984
v -168.688343 31.036708 26.245741
v -169.003770 32.988057 23.628945
v -169.330419 33.975555 20.919049
v -169.641838 33.966114 18.335503
v -169.949850 32.781209 15.780221
v -170.262271 30.424414 13.188363
v -170.546637 27.186083 10.829257
v -170.770481 23.391293 8.972230
v -170.928395 19.170847 7.662169
v -171.036610 14.501433 6.764412
v -171.095127 9.515235 6.278959
v -171.103944 4.356696 6.205808
v -171.058855 -0.966439 6.579873
v -170.961261 -6.263921 7.389517
v -170.819579 -11.124541 8.564914
v -170.642227 -15.157940 10.036238
v -170.411969 -18.104719 11.946466
v -170.130810 -20.100822 14.278972
v -169.836024 -21.743549 16.724528
v -169.564885 -23.553560 18.973909
v -169.312784 -25.504089 21.065350
v -169.064691 -27.488075 23.123541
v -168.842249 -29.646037 24.968931
v -168.667101 -32.118491 26.421967
v -168.551872 -35.330340 27.377912
v -168.482735 -39.077498 27.951479
v -168.441653 -42.557001 28.292294
v -168.410591 -44.965888 28.549984
v -175.503612 -6.906911 35.333901
v -175.474131 -4.284332 35.550931
v -175.427210 -0.089252 35.896347
v -175.405203 4.808891 36.058355
v -175.450463 9.512889 35.725167
v -175.578768 13.852905 34.780625
v -175.766035 18.103870 33.402022
v -175.994825 22.010132 31.717741
v -176.247698 25.312397 29.856168
v -176.535450 27.840111 27.737826
v -176.862233 29.551195 25.332148
v -177.200642 30.395363 22.840880
v -177.523273 30.345975 20.465770
v -177.842375 29.240880 18.116642
v -178.166044 27.084133 15.733889
v -178.460647 24.142437 13.565111
v -178.692551 20.712883 11.857904
v -178.856150 16.912058 10.653537
v -178.968261 12.713285 9.828209
v -179.028884 8.232266 9.381920
v -179.038019 3.595437 9.314672
v -178.991306 -1.196929 9.658558
v -178.890198 -5.976134 10.402882
v -178.743416 -10.369225 11.483450
v -178.559678 -14.021502 12.836071
v -178.321131 -16.697696 14.592186
v -178.029849 -18.525323 16.736510
v -177.724450 -20.039293 18.984765
v -177.443550 -21.707435 21.052670
v -177.182372 -23.505082 22.975378
v -176.925347 -25.333564 24.867519
v -176.694897 -27.322384 26.564027
v -176.513443 -29.601048 27.899835
v -176.394065 -32.561153 28.778657
v -176.322438 -36.014608 29.305950
v -176.279878 -39.221389 29.619269
v -176.247698 -41.441467 29.856168
v -183.698124 -3.232438 33.719526
v -183.682804 -2.010304 33.820843
v -183.658420 -0.062400 33.982093
v -183.646984 2.205276 34.057724
v -183.670504 4.374271 33.902181
v -183.737180 6.367002 33.461240
v -183.834498 8.314382 32.817666
v -183.953393 10.099225 32.031392
v -184.084804 11.602713 31.162353
v -184.234341 12.747482 30.173446
v -184.404160 13.516071 29.050401
v -184.580022 13.886831 27.887401
v -184.747684 13.848714 26.778627
v -184.913512 13.326712 25.681982
v -185.081714 12.323004 24.569640
v -185.234810 10.962076 23.557188
v -185.355324 9.382045 22.760211
v -185.440342 7.636011 22.197976
v -185.498603 5.709574 21.812687
v -185.530107 3.654625 21.604346
v -185.534854 1.527872 21.572952
v -185.510579 -0.673089 21.733489
v -185.458036 -2.871755 22.080962
v -185.381757 -4.895808 22.585405
v -185.286274 -6.581112 23.216849
v -185.162308 -7.818963 24.036658
v -185.010937 -8.669860 25.037694
v -184.852230 -9.378399 26.087248
v -184.706254 -10.159090 27.052610
v -184.570528 -11.000390 27.950189
v -184.436959 -11.856120 28.833498
v -184.317201 -12.786889 29.625480
v -184.222904 -13.853305 30.249076
v -184.160867 -15.238635 30.659337
v -184.123645 -16.854854 30.905494
v -184.101527 -18.355629 31.051761
v -184.084804 -19.394626 31.162353
v -191.920069 -0.014000 32.479585
v -191.919996 -0.008724 32.480022
v -191.919880 -0.000337 32.480719
v -191.919826 0.009406 32.481046
v -191.919938 0.018695 32.480374
v -191.920255 0.027202 32.478469
v -191.920719 0.035501 32.475688
v -191.921285 0.043092 32.472292
v -191.921910 0.049469 32.468537
v -191.922623 0.054304 32.464265
v -191.923431 0.057530 32.459413
v -191.924269 0.059057 32.454389
v -191.925067 0.058844 32.449598
v -191.925857 0.056567 32.444861
v -191.926658 0.052239 32.440055
v -191.927387 0.046395 32.435681
v -191.927960 0.039632 32.432238
v -191.928365 0.032175 32.429809
v -191.928643 0.023956 32.428144
v -191.928793 0.015191 32.427244
v -191.928815 0.006119 32.427109
v -191.928700 -0.003278 32.427802
v -191.928449 -0.012679 32.429303
v -191.928086 -0.021343 32.431483
v -191.927632 -0.028565 32.434211
v -191.927041 -0.033879 32.437752
v -191.926320 -0.037550 32.442077
v -191.925565 -0.040619 32.446611
v -191.924870 -0.044000 32.450782
v -191.924223 -0.047644 32.454660
v -191.923587 -0.051350 32.458476
v -191.923017 -0.055381 32.461897
v -191.922568 -0.060000 32.464592
v -191.922273 -0.066000 32.466364
v -191.922095 -0.073000 32.467427
v -191.921990 -0.079500 32.468059
v -191.921910 -0.084000 32.468537
vt 0.47204577 1.04334914
vt 0.47204577 1.03749000
vt 0.47204577 1.02849254
vt 0.47204577 1.01838055
vt 0.47204577 1.00911393
vt 0.47204577 1.00074591
vt 0.47204577 0.99242462
vt 0.47204577 0.98455935
vt 0.47204577 0.97756305
vt 0.47204577 0.97126464
vt 0.47204577 0.96516726
vt 0.47204577 0.95926793
vt 0.47204577 0.95360486
vt 0.47204577 0.94739300
vt 0.47204577 0.94005933
vt 0.47204577 0.93217054
vt 0.47204577 0.92439218
vt 0.47204577 0.91673643
vt 0.47204577 0.90876838
vt 0.47204577 0.90050688
vt 0.47204577 0.89200713
vt 0.47204577 0.88303370
vt 0.47204577 0.87375392
vt 0.47204577 0.86484518
vt 0.47204577 0.85694020
vt 0.47204577 0.85009298
vt 0.47204577 0.84363865
vt 0.47204577 0.83727861
vt 0.47204577 0.83104883
vt 0.47204577 0.82488081
vt 0.47204577 0.81871581
vt 0.47204577 0.81259612
vt 0.47204577 0.80642156
vt 0.47204577 0.79921434
vt 0.47204577 0.79106440
vt 0.47204577 0.78354855
vt 0.47204577 0.77834045
vt 0.48756302 1.03479811
vt 0.48756302 1.02929501
vt 0.48756302 1.02081663
vt 0.48756302 1.01126005
vt 0.48756302 1.00246545
vt 0.48756302 0.99449415
vt 0.48756302 0.98655992
vt 0.48756302 0.97905735
vt 0.48756302 0.97238536
vt 0.48756302 0.96640155
vt 0.48756302 0.96064885
vt 0.48756302 0.95511669
vt 0.48756302 0.94982568
vt 0.48756302 0.94402046
vt 0.48756302 0.93714331
vt 0.48756302 0.92971484
vt 0.48756302 0.92235427
vt 0.48756302 0.91507441
vt 0.48756302 0.90747590
vt 0.48756302 0.89958619
vt 0.48756302 0.89146806
vt 0.48756302 0.88291259
vt 0.48756302 0.87408690
vt 0.48756302 0.86563387
vt 0.48756302 0.85815289
vt 0.48756302 0.85170069
vt 0.48756302 0.84564981
vt 0.48756302 0.83969763
vt 0.48756302 0.83386736
vt 0.48756302 0.82809488
vt 0.48756302 0.82232524
vt 0.48756302 0.81659799
vt 0.48756302 0.81081940
vt 0.48756302 0.80407437
vt 0.48756302 0.79644707
vt 0.48756302 0.78941321
vt 0.48756302 0.78453910
vt 0.50308027 1.02882622
vt 0.50308027 1.02357813
vt 0.50308027 1.01546916
vt 0.50308027 1.00630532
vt 0.50308027 0.99784099
vt 0.50308027 0.99014412
vt 0.50308027 0.98247658
vt 0.50308027 0.97522323
vt 0.50308027 0.96877373
vt 0.50308027 0.96300771
vt 0.50308027 0.95749791
vt 0.50308027 0.95222827
vt 0.50308027 0.94720565
vt 0.50308027 0.94169413
vt 0.50308027 0.93514485
vt 0.50308027 0.92804429
vt 0.50308027 0.92097801
vt 0.50308027 0.91395949
vt 0.50308027 0.90661572
vt 0.50308027 0.89898111
vt 0.50308027 0.89112477
vt 0.50308027 0.88285773
vt 0.50308027 0.87434783
vt 0.50308027 0.86621374
vt 0.50308027 0.85903148
vt 0.50308027 0.85286026
vt 0.50308027 0.84709929
vt 0.50308027 0.84144105
vt 0.50308027 0.83589871
vt 0.50308027 0.83041131
vt 0.50308027 0.82492660
vt 0.50308027 0.81948220
vt 0.50308027 0.81398899
vt 0.50308027 0.80757706
vt 0.50308027 0.80032644
vt 0.50308027 0.79363995
vt 0.50308027 0.78900655
vt 0.51859752 1.02090912
vt 0.51859752 1.01596653
vt 0.51859752 1.00831268
vt 0.51859752 0.99964618
vt 0.51859752 0.99161892
vt 0.51859752 0.98430163
vt 0.51859752 0.97700749
vt 0.51859752 0.97010506
vt 0.51859752 0.96396791
vt 0.51859752 0.95849369
vt 0.51859752 0.95328653
vt 0.51859752 0.94832734
vt 0.51859752 0.94361350
vt 0.51859752 0.93844057
vt 0.51859752 0.93227912
vt 0.51859752 0.92558003
vt 0.51859752 0.91889123
vt 0.51859752 0.91222641
vt 0.51859752 0.90523992
vt 0.51859752 0.89797013
vt 0.51859752 0.89048873
vt 0.51859752 0.88262513
vt 0.51859752 0.87454344
vt 0.51859752 0.86683038
vt 0.51859752 0.86003159
vt 0.51859752 0.85420655
vt 0.51859752 0.84878775
vt 0.51859752 0.84347193
vt 0.51859752 0.83826500
vt 0.51859752 0.83310968
vt 0.51859752 0.82795689
vt 0.51859752 0.82284196
vt 0.51859752 0.81768118
vt 0.51859752 0.81165729
vt 0.51859752 0.80484545
vt 0.51859752 0.79856360
vt 0.51859752 0.79421060
vt 0.53411477 1.01326613
vt 0.53411477 1.00860448
vt 0.53411477 1.00137512
vt 0.53411477 0.99317869
vt 0.53411477 0.98557292
vt 0.53411477 0.97862872
vt 0.53411477 0.97170350
vt 0.53411477 0.96514866
vt 0.53411477 0.95932064
vt 0.53411477 0.95412974
vt 0.53411477 0.94920680
vt 0.53411477 0.94453148
vt 0.53411477 0.94009573
vt 0.53411477 0.93522793
vt 0.53411477 0.92942083
vt 0.53411477 0.92309508
vt 0.53411477 0.91676525
vt 0.53411477 0.91044492
vt 0.53411477 0.90381164
vt 0.53411477 0.89690530
vt 0.53411477 0.88979765
vt 0.53411477 0.88233238
vt 0.53411477 0.87466807
vt 0.53411477 0.86736061
vt 0.53411477 0.86092661
vt 0.53411477 0.85542448
vt 0.53411477 0.85031797
vt 0.53411477 0.84531248
vt 0.53411477 0.84040951
vt 0.53411477 0.83555515
vt 0.53411477 0.83070317
vt 0.53411477 0.82588684
vt 0.53411477 0.82102734
vt 0.53411477 0.81535510
vt 0.53411477 0.80894093
vt 0.53411477 0.80302580
vt 0.53411477 0.79892692
vt 0.54963202 1.00651993
vt 0.54963202 1.00209862
vt 0.54963202 0.99523579
vt 0.54963202 0.98744871
vt 0.54963202 0.98021468
vt 0.54963202 0.97360337
vt 0.54963202 0.96700837
vt 0.54963202 0.96076518
vt 0.54963202 0.95521424
vt 0.54963202 0.95027448
vt 0.54963202 0.94559827
vt 0.54963202 0.94116504
vt 0.54963202 0.93696387
vt 0.54963202 0.93235354
vt 0.54963202 0.92684824
vt 0.54963202 0.92084424
vt 0.54963202 0.91482828
vt 0.54963202 0.90881365
vt 0.54963202 0.90249660
vt 0.54963202 0.89591715
vt 0.54963202 0.88914576
vt 0.54963202 0.88203686
vt 0.54963202 0.87474307
vt 0.54963202 0.86779310
vt 0.54963202 0.86167809
vt 0.54963202 0.85645482
vt 0.54963202 0.85161408
vt 0.54963202 0.84687144
vt 0.54963202 0.84222594
vt 0.54963202 0.83762649
vt 0.54963202 0.83302930
vt 0.54963202 0.82846589
vt 0.54963202 0.82386156
vt 0.54963202 0.81848719
vt 0.54963202 0.81240984
vt 0.54963202 0.80680533
vt 0.54963202 0.80292169
vt 0.56514928 1.00124353
vt 0.56514928 0.99700964
vt 0.56514928 0.99043290
vt 0.56514928 0.98296560
vt 0.56514928 0.97602231
vt 0.56514928 0.96967164
vt 0.56514928 0.96333527
vt 0.56514928 0.95733617
vt 0.56514928 0.95200222
vt 0.56514928 0.94725891
vt 0.56514928 0.94277532
vt 0.56514928 0.93853077
vt 0.56514928 0.93451226
vt 0.56514928 0.93010244
vt 0.56514928 0.92483240
vt 0.56514928 0.91907949
vt 0.56514928 0.91330881
vt 0.56514928 0.90753340
vt 0.56514928 0.90146403
vt 0.56514928 0.89514071
vt 0.56514928 0.88863279
vt 0.56514928 0.88180299
vt 0.56514928 0.87479917
vt 0.56514928 0.86812878
vt 0.56514928 0.86226306
vt 0.56514928 0.85725744
vt 0.56514928 0.85262386
vt 0.56514928 0.84808600
vt 0.56514928 0.84364109
vt 0.56514928 0.83924024
vt 0.56514928 0.83484155
vt 0.56514928 0.83047518
vt 0.56514928 0.82606967
vt 0.56514928 0.82092736
vt 0.56514928 0.81511243
vt 0.56514928 0.80974991
vt 0.56514928 0.80603396
vt 0.58066653 0.99788854
vt 0.58066653 0.99378166
vt 0.58066653 0.98739522
vt 0.58066653 0.98013703
vt 0.58066653 0.97337905
vt 0.58066653 0.96719057
vt 0.58066653 0.96101401
vt 0.58066653 0.95516515
vt 0.58066653 0.94996469
vt 0.58066653 0.94534484
vt 0.58066653 0.94098749
vt 0.58066653 0.93687123
vt 0.58066653 0.93297981
vt 0.58066653 0.92870959
vt 0.58066653 0.92360034
vt 0.58066653 0.91801503
vt 0.58066653 0.91240337
vt 0.58066653 0.90677847
vt 0.58066653 0.90086214
vt 0.58066653 0.89469564
vt 0.58066653 0.88834894
vt 0.58066653 0.88169190
vt 0.58066653 0.87487043
vt 0.58066653 0.86837845
vt 0.58066653 0.86267433
vt 0.58066653 0.85781342
vt 0.58066653 0.85332164
vt 0.58066653 0.84892529
vt 0.58066653 0.84461899
vt 0.58066653 0.84035538
vt 0.58066653 0.83609385
vt 0.58066653 0.83186365
vt 0.58066653 0.82759552
vt 0.58066653 0.82261357
vt 0.58066653 0.81697996
vt 0.58066653 0.81178467
vt 0.58066653 0.80818460
vt 0.59618378 0.99674948
vt 0.59618378 0.99270689
vt 0.59618378 0.98640778
vt 0.59618378 0.97923623
vt 0.59618378 0.97254244
vt 0.59618378 0.96639952
vt 0.59618378 0.96026475
vt 0.59618378 0.95445345
vt 0.59618378 0.94928610
vt 0.59618378 0.94470406
vt 0.59618378 0.94039951
vt 0.59618378 0.93634910
vt 0.59618378 0.93253032
vt 0.59618378 0.92834017
vt 0.59618378 0.92331580
vt 0.59618378 0.91780889
vt 0.59618378 0.91225950
vt 0.59618378 0.90668142
vt 0.59618378 0.90080511
vt 0.59618378 0.89467560
vt 0.59618378 0.88836668
vt 0.59618378 0.88175568
vt 0.59618378 0.87499073
vt 0.59618378 0.86856104
vt 0.59618378 0.86292021
vt 0.59618378 0.85812548
vt 0.59618378 0.85370909
vt 0.59618378 0.84939132
vt 0.59618378 0.84516198
vt 0.59618378 0.84097457
vt 0.59618378 0.83678922
vt 0.59618378 0.83263461
vt 0.59618378 0.82844277
vt 0.59618378 0.82354986
vt 0.59618378 0.81801694
vt 0.59618378 0.81291451
vt 0.59618378 0.80937878
vt 0.61170103 0.99795281
vt 0.61170103 0.99391462
vt 0.61170103 0.98760097
vt 0.61170103 0.98039155
vt 0.61170103 0.97363457
vt 0.61170103 0.96741128
vt 0.61170103 0.96118993
vt 0.61170103 0.95529299
vt 0.61170103 0.95004864
vt 0.61170103 0.94541189
vt 0.61170103 0.94108459
vt 0.61170103 0.93704003
vt 0.61170103 0.93324489
vt 0.61170103 0.92908171
vt 0.61170103 0.92407110
vt 0.61170103 0.91855477
vt 0.61170103 0.91296791
vt 0.61170103 0.90732590
vt 0.61170103 0.90136677
vt 0.61170103 0.89514304
vt 0.61170103 0.88873665
vt 0.61170103 0.88203428
vt 0.61170103 0.87519151
vt 0.61170103 0.86870211
vt 0.61170103 0.86302324
vt 0.61170103 0.85821687
vt 0.61170103 0.85381389
vt 0.61170103 0.84951737
vt 0.61170103 0.84530885
vt 0.61170103 0.84114206
vt 0.61170103 0.83697730
vt 0.61170103 0.83284315
vt 0.61170103 0.82867194
vt 0.61170103 0.82380311
vt 0.61170103 0.81829743
vt 0.61170103 0.81322012
vt 0.61170103 0.80970179
vt 0.62721828 1.00145103
vt 0.62721828 0.99736497
vt 0.62721828 0.99094401
vt 0.62721828 0.98357985
vt 0.62721828 0.97663588
vt 0.62721828 0.97020662
vt 0.62721828 0.96376955
vt 0.62721828 0.95766218
vt 0.62721828 0.95222863
vt 0.62721828 0.94744365
vt 0.62721828 0.94302031
vt 0.62721828 0.93892760
vt 0.62721828 0.93511598
vt 0.62721828 0.93093732
vt 0.62721828 0.92587979
vt 0.62721828 0.92027438
vt 0.62721828 0.91455488
vt 0.62721828 0.90873947
vt 0.62721828 0.90257427
vt 0.62721828 0.89612373
vt 0.62721828 0.88948322
vt 0.62721828 0.88255194
vt 0.62721828 0.87549879
vt 0.62721828 0.86883115
vt 0.62721828 0.86301773
vt 0.62721828 0.85812854
vt 0.62721828 0.85368635
vt 0.62721828 0.84936396
vt 0.62721828 0.84513011
vt 0.62721828 0.84093823
vt 0.62721828 0.83674840
vt 0.62721828 0.83258936
vt 0.62721828 0.82839303
vt 0.62721828 0.82349490
vt 0.62721828 0.81795607
vt 0.62721828 0.81284818
vt 0.62721828 0.80930868
vt 0.64273553 1.00700600
vt 0.64273553 1.00283153
vt 0.64273553 0.99622725
vt 0.64273553 0.98860901
vt 0.64273553 0.98136861
vt 0.64273553 0.97461904
vt 0.64273553 0.96784748
vt 0.64273553 0.96141385
vt 0.64273553 0.95568582
vt 0.64273553 0.95066474
vt 0.64273553 0.94607869
vt 0.64273553 0.94189264
vt 0.64273553 0.93803560
vt 0.64273553 0.93381271
vt 0.64273553 0.92866271
vt 0.64273553 0.92290309
vt 0.64273553 0.91696820
vt 0.64273553 0.91088064
vt 0.64273553 0.90439646
vt 0.64273553 0.89759698
vt 0.64273553 0.89059649
vt 0.64273553 0.88331079
vt 0.64273553 0.87592807
vt 0.64273553 0.86897728
vt 0.64273553 0.86294570
vt 0.64273553 0.85791491
vt 0.64273553 0.85339428
vt 0.64273553 0.84901266
vt 0.64273553 0.84472079
vt 0.64273553 0.84047147
vt 0.64273553 0.83622422
vt 0.64273553 0.83200819
vt 0.64273553 0.82775436
vt 0.64273553 0.82278911
vt 0.64273553 0.81717438
vt 0.64273553 0.81199650
vt 0.64273553 0.80840849
vt 0.65825278 1.01415970
vt 0.65825278 1.00987153
vt 0.65825278 1.00303197
vt 0.65825278 0.99508807
vt 0.65825278 0.98746811
vt 0.65825278 0.98030812
vt 0.65825278 0.97310715
vt 0.65825278 0.96625337
vt 0.65825278 0.96014409
vt 0.65825278 0.95481362
vt 0.65825278 0.95001026
vt 0.65825278 0.94569710
vt 0.65825278 0.94177807
vt 0.65825278 0.93749750
vt 0.65825278 0.93222817
vt 0.65825278 0.92626971
vt 0.65825278 0.92005765
vt 0.65825278 0.91362083
vt 0.65825278 0.90672808
vt 0.65825278 0.89948213
vt 0.65825278 0.89202121
vt 0.65825278 0.88428204
vt 0.65825278 0.87647726
vt 0.65825278 0.86916345
vt 0.65825278 0.86285169
vt 0.65825278 0.85763848
vt 0.65825278 0.85301661
vt 0.65825278 0.84855840
vt 0.65825278 0.84419150
vt 0.65825278 0.83986790
vt 0.65825278 0.83554642
vt 0.65825278 0.83125669
vt 0.65825278 0.82692850
vt 0.65825278 0.82187645
vt 0.65825278 0.81616358
vt 0.65825278 0.81089519
vt 0.65825278 0.80724446
vt 0.67377004 1.02220923
vt 0.67377004 1.01779986
vt 0.67377004 1.01070373
vt 0.67377004 1.00240039
vt 0.67377004 0.99435677
vt 0.67377004 0.98673494
vt 0.67377004 0.97904886
vt 0.67377004 0.97171835
vt 0.67377004 0.96517375
vt 0.67377004 0.95948669
vt 0.67377004 0.95443105
vt 0.67377004 0.94997174
vt 0.67377004 0.94598681
vt 0.67377004 0.94165042
vt 0.67377004 0.93625586
vt 0.67377004 0.93007995
vt 0.67377004 0.92355887
vt 0.67377004 0.91672944
vt 0.67377004 0.90937636
vt 0.67377004 0.90162707
vt 0.67377004 0.89364722
vt 0.67377004 0.88539799
vt 0.67377004 0.87711994
vt 0.67377004 0.86940044
vt 0.67377004 0.86277712
vt 0.67377004 0.85736378
vt 0.67377004 0.85263610
vt 0.67377004 0.84810073
vt 0.67377004 0.84365825
vt 0.67377004 0.83925981
vt 0.67377004 0.83486353
vt 0.67377004 0.83049955
vt 0.67377004 0.82609645
vt 0.67377004 0.82095695
vt 0.67377004 0.81514520
vt 0.67377004 0.80978562
vt 0.67377004 0.80607170
vt 0.68928729 1.03021520
vt 0.68928729 1.02569631
vt 0.68928729 1.01835792
vt 0.68928729 1.00970759
vt 0.68928729 1.00124684
vt 0.68928729 0.99316428
vt 0.68928729 0.98499171
vt 0.68928729 0.97718053
vt 0.68928729 0.97019402
vt 0.68928729 0.96414211
vt 0.68928729 0.95882795
vt 0.68928729 0.95422245
vt 0.68928729 0.95018044
vt 0.68928729 0.94580395
vt 0.68928729 0.94029984
vt 0.68928729 0.93391817
vt 0.68928729 0.92709428
vt 0.68928729 0.91987423
vt 0.68928729 0.91206089
vt 0.68928729 0.90380748
vt 0.68928729 0.89530804
vt 0.68928729 0.88654991
vt 0.68928729 0.87780230
vt 0.68928729 0.86968285
vt 0.68928729 0.86275519
vt 0.68928729 0.85715133
vt 0.68928729 0.85233193
vt 0.68928729 0.84773487
vt 0.68928729 0.84323197
vt 0.68928729 0.83877370
vt 0.68928729 0.83431762
vt 0.68928729 0.82989429
vt 0.68928729 0.82543130
vt 0.68928729 0.82022190
vt 0.68928729 0.81433110
vt 0.68928729 0.80889863
vt 0.68928729 0.80513420
vt 0.70480454 1.03707156
vt 0.70480454 1.03247371
vt 0.70480454 1.02494490
vt 0.70480454 1.01601083
vt 0.70480454 1.00719748
vt 0.70480454 0.99871744
vt 0.70480454 0.99012217
vt 0.70480454 0.98189055
vt 0.70480454 0.97451450
vt 0.70480454 0.96813907
vt 0.70480454 0.96259714
vt 0.70480454 0.95786870
vt 0.70480454 0.95379088
vt 0.70480454 0.94940122
vt 0.70480454 0.94382369
vt 0.70480454 0.93728010
vt 0.70480454 0.93020292
vt 0.70480454 0.92264757
vt 0.70480454 0.91443570
vt 0.70480454 0.90574438
vt 0.70480454 0.89679372
vt 0.70480454 0.88759613
vt 0.70480454 0.87844677
vt 0.70480454 0.86998879
vt 0.70480454 0.86280762
vt 0.70480454 0.85705212
vt 0.70480454 0.85217251
vt 0.70480454 0.84754312
vt 0.70480454 0.84300856
vt 0.70480454 0.83851894
vt 0.70480454 0.83403152
vt 0.70480454 0.82957708
vt 0.70480454 0.82508271
vt 0.70480454 0.81983668
vt 0.70480454 0.81390445
vt 0.70480454 0.80843377
vt 0.70480454 0.80464286
vt 0.72032179 1.04164666
vt 0.72032179 1.03701691
vt 0.72032179 1.02938456
vt 0.72032179 1.02027914
vt 0.72032179 1.01123571
vt 0.72032179 1.00248506
vt 0.72032179 0.99359829
vt 0.72032179 0.98507358
vt 0.72032179 0.97742290
vt 0.72032179 0.97081894
vt 0.72032179 0.96512076
vt 0.72032179 0.96031811
vt 0.72032179 0.95623727
vt 0.72032179 0.95186911
vt 0.72032179 0.94627146
vt 0.72032179 0.93964012
vt 0.72032179 0.93240233
vt 0.72032179 0.92462137
vt 0.72032179 0.91613606
vt 0.72032179 0.90714208
vt 0.72032179 0.89787962
vt 0.72032179 0.88838192
vt 0.72032179 0.87896357
vt 0.72032179 0.87028434
vt 0.72032179 0.86294356
vt 0.72032179 0.85710318
vt 0.72032179 0.85220938
vt 0.72032179 0.84758747
vt 0.72032179 0.84306023
vt 0.72032179 0.83857786
vt 0.72032179 0.83409769
vt 0.72032179 0.82965045
vt 0.72032179 0.82516333
vt 0.72032179 0.81992577
vt 0.72032179 0.81400313
vt 0.72032179 0.80854128
vt 0.72032179 0.80475650
vt 0.73583904 1.04297658
vt 0.73583904 1.03837393
vt 0.73583904 1.03075220
vt 0.73583904 1.02162749
vt 0.73583904 1.01252487
vt 0.73583904 1.00368470
vt 0.73583904 0.99469562
vt 0.73583904 0.98606339
vt 0.73583904 0.97830791
vt 0.73583904 0.97161814
vt 0.73583904 0.96587209
vt 0.73583904 0.96106696
vt 0.73583904 0.95702505
vt 0.73583904 0.95271678
vt 0.73583904 0.94716414
vt 0.73583904 0.94054312
vt 0.73583904 0.93327324
vt 0.73583904 0.92542258
vt 0.73583904 0.91684312
vt 0.73583904 0.90774090
vt 0.73583904 0.89836694
vt 0.73583904 0.88876798
vt 0.73583904 0.87926828
vt 0.73583904 0.87053179
vt 0.73583904 0.86316087
vt 0.73583904 0.85732454
vt 0.73583904 0.85247237
vt 0.73583904 0.84790379
vt 0.73583904 0.84342879
vt 0.73583904 0.83899815
vt 0.73583904 0.83456967
vt 0.73583904 0.83017375
vt 0.73583904 0.82573841
vt 0.73583904 0.82056129
vt 0.73583904 0.81470698
vt 0.73583904 0.80930816
vt 0.73583904 0.80556705
vt 0.75135629 1.04046493
vt 0.75135629 1.03595379
vt 0.75135629 1.02847140
vt 0.75135629 1.01950213
vt 0.75135629 1.01054034
vt 0.75135629 1.00182553
vt 0.75135629 0.99295985
vt 0.75135629 0.98444274
vt 0.75135629 0.97678769
vt 0.75135629 0.97018597
vt 0.75135629 0.96452452
vt 0.75135629 0.95980338
vt 0.75135629 0.95584686
vt 0.75135629 0.95163651
vt 0.75135629 0.94619862
vt 0.75135629 0.93969898
vt 0.75135629 0.93254689
vt 0.75135629 0.92481101
vt 0.75135629 0.91635062
vt 0.75135629 0.90737178
vt 0.75135629 0.89812488
vt 0.75135629 0.88866062
vt 0.75135629 0.87930093
vt 0.75135629 0.87069943
vt 0.75135629 0.86344884
vt 0.75135629 0.85771770
vt 0.75135629 0.85296662
vt 0.75135629 0.84849828
vt 0.75135629 0.84412146
vt 0.75135629 0.83978803
vt 0.75135629 0.83545671
vt 0.75135629 0.83115723
vt 0.75135629 0.82681921
vt 0.75135629 0.82175567
vt 0.75135629 0.81602981
vt 0.75135629 0.81074944
vt 0.75135629 0.80709041
vt 0.76687354 1.03403093
vt 0.76687354 1.02967334
vt 0.76687354 1.02245744
vt 0.76687354 1.01381862
vt 0.76687354 1.00520075
vt 0.76687354 0.99683139
vt 0.76687354 0.98832105
vt 0.76687354 0.98014857
vt 0.76687354 0.97280615
vt 0.76687354 0.96647267
vt 0.76687354 0.96103264
vt 0.76687354 0.95648337
vt 0.76687354 0.95265665
vt 0.76687354 0.94857774
vt 0.76687354 0.94332072
vt 0.76687354 0.93705225
vt 0.76687354 0.93016950
vt 0.76687354 0.92273693
vt 0.76687354 0.91461440
vt 0.76687354 0.90599696
vt 0.76687354 0.89712225
vt 0.76687354 0.88803450
vt 0.76687354 0.87904072
vt 0.76687354 0.87076949
vt 0.76687354 0.86379108
vt 0.76687354 0.85826552
vt 0.76687354 0.85367168
vt 0.76687354 0.84934631
vt 0.76687354 0.84510955
vt 0.76687354 0.84091478
vt 0.76687354 0.83672207
vt 0.76687354 0.83256017
vt 0.76687354 0.82836096
vt 0.76687354 0.82345945
vt 0.76687354 0.81791681
vt 0.76687354 0.81280541
vt 0.76687354 0.80926347
vt 0.78239080 1.02415639
vt 0.78239080 1.02000410
vt 0.78239080 1.01316337
vt 0.78239080 1.00500658
vt 0.78239080 0.99691063
vt 0.78239080 0.98908104
vt 0.78239080 0.98113115
vt 0.78239080 0.97350637
vt 0.78239080 0.96666442
vt 0.78239080 0.96075786
vt 0.78239080 0.95565791
vt 0.78239080 0.95135440
vt 0.78239080 0.94769232
vt 0.78239080 0.94377008
vt 0.78239080 0.93874809
vt 0.78239080 0.93280437
vt 0.78239080 0.92632283
vt 0.78239080 0.91935955
vt 0.78239080 0.91176834
vt 0.78239080 0.90372320
vt 0.78239080 0.89543790
vt 0.78239080 0.88694044
vt 0.78239080 0.87851145
vt 0.78239080 0.87074159
vt 0.78239080 0.86416751
vt 0.78239080 0.85893342
vt 0.78239080 0.85454259
vt 0.78239080 0.85039385
vt 0.78239080 0.84633008
vt 0.78239080 0.84230660
vt 0.78239080 0.83828509
vt 0.78239080 0.83429314
vt 0.78239080 0.83026539
vt 0.78239080 0.82556403
vt 0.78239080 0.82024772
vt 0.78239080 0.81534503
vt 0.78239080 0.81194772
vt 0.79790805 1.01181077
vt 0.79790805 1.00789839
vt 0.79790805 1.00150842
vt 0.79790805 0.99394129
vt 0.79790805 0.98649595
vt 0.79790805 0.97934787
vt 0.79790805 0.97210807
vt 0.79790805 0.96517887
vt 0.79790805 0.95897347
vt 0.79790805 0.95360663
vt 0.79790805 0.94892736
vt 0.79790805 0.94491584
vt 0.79790805 0.94143717
vt 0.79790805 0.93768524
vt 0.79790805 0.93293323
vt 0.79790805 0.92737859
vt 0.79790805 0.92139202
vt 0.79790805 0.91501837
vt 0.79790805 0.90810000
vt 0.79790805 0.90078200
vt 0.79790805 0.89324569
vt 0.79790805 0.88549497
vt 0.79790805 0.87777539
vt 0.79790805 0.87063035
vt 0.79790805 0.86455482
vt 0.79790805 0.85967163
vt 0.79790805 0.85551316
vt 0.79790805 0.85156126
vt 0.79790805 0.84769029
vt 0.79790805 0.84385770
vt 0.79790805 0.84002699
vt 0.79790805 0.83622442
vt 0.79790805 0.83238777
vt 0.79790805 0.82790946
vt 0.79790805 0.82284537
vt 0.79790805 0.81817529
vt 0.79790805 0.81493916
vt 0.81342530 0.99827192
vt 0.81342530 0.99461212
vt 0.81342530 0.98870572
vt 0.81342530 0.98177857
vt 0.81342530 0.97504775
vt 0.81342530 0.96865350
vt 0.81342530 0.96219995
vt 0.81342530 0.95604088
vt 0.81342530 0.95053913
vt 0.81342530 0.94576341
vt 0.81342530 0.94153479
vt 0.81342530 0.93782553
vt 0.81342530 0.93452897
vt 0.81342530 0.93094676
vt 0.81342530 0.92647541
vt 0.81342530 0.92133633
vt 0.81342530 0.91588857
vt 0.81342530 0.91016472
vt 0.81342530 0.90399197
vt 0.81342530 0.89748178
vt 0.81342530 0.89077776
vt 0.81342530 0.88385453
vt 0.81342530 0.87691745
vt 0.81342530 0.87045800
vt 0.81342530 0.86492557
vt 0.81342530 0.86041849
vt 0.81342530 0.85650096
vt 0.81342530 0.85274938
vt 0.81342530 0.84907464
vt 0.81342530 0.84543632
vt 0.81342530 0.84179979
vt 0.81342530 0.83818998
vt 0.81342530 0.83454781
vt 0.81342530 0.83029651
vt 0.81342530 0.82548912
vt 0.81342530 0.82105577
vt 0.81342530 0.81798368
vt 0.82894255 0.98489389
vt 0.82894255 0.98147543
vt 0.82894255 0.97603920
vt 0.82894255 0.96974091
vt 0.82894255 0.96371959
vt 0.82894255 0.95807790
vt 0.82894255 0.95240900
vt 0.82894255 0.94701699
vt 0.82894255 0.94221290
vt 0.82894255 0.93801459
vt 0.82894255 0.93421324
vt 0.82894255 0.93077940
vt 0.82894255 0.92764298
vt 0.82894255 0.92421388
vt 0.82894255 0.92000717
vt 0.82894255 0.91526951
vt 0.82894255 0.91035117
vt 0.82894255 0.90527344
vt 0.82894255 0.89984636
vt 0.82894255 0.89414622
vt 0.82894255 0.88827717
vt 0.82894255 0.88218202
vt 0.82894255 0.87602464
vt 0.82894255 0.87024491
vt 0.82894255 0.86524714
vt 0.82894255 0.86110457
vt 0.82894255 0.85741372
vt 0.82894255 0.85384724
vt 0.82894255 0.85035381
vt 0.82894255 0.84689501
vt 0.82894255 0.84343791
vt 0.82894255 0.84000621
vt 0.82894255 0.83654375
vt 0.82894255 0.83250221
vt 0.82894255 0.82793202
vt 0.82894255 0.82371741
vt 0.82894255 0.82079690
vt 0.84445980 0.97288993
vt 0.84445980 0.96967831
vt 0.84445980 0.96465531
vt 0.84445980 0.95891802
vt 0.84445980 0.95353863
vt 0.84445980 0.94858241
vt 0.84445980 0.94362725
vt 0.84445980 0.93893018
vt 0.84445980 0.93475284
vt 0.84445980 0.93106048
vt 0.84445980 0.92761672
vt 0.84445980 0.92440008
vt 0.84445980 0.92138324
vt 0.84445980 0.91807393
vt 0.84445980 0.91408956
vt 0.84445980 0.90970115
vt 0.84445980 0.90525446
vt 0.84445980 0.90076185
vt 0.84445980 0.89601556
vt 0.84445980 0.89105792
vt 0.84445980 0.88595475
vt 0.84445980 0.88061662
vt 0.84445980 0.87516787
vt 0.84445980 0.87000159
vt 0.84445980 0.86548168
vt 0.84445980 0.86165779
vt 0.84445980 0.85815670
vt 0.84445980 0.85474090
vt 0.84445980 0.85139506
vt 0.84445980 0.84808239
vt 0.84445980 0.84477134
vt 0.84445980 0.84148463
vt 0.84445980 0.83816845
vt 0.84445980 0.83429765
vt 0.84445980 0.82992055
vt 0.84445980 0.82588400
vt 0.84445980 0.82308687
vt 0.85997705 0.96319029
vt 0.85997705 0.96013062
vt 0.85997705 0.95542753
vt 0.85997705 0.95013722
vt 0.85997705 0.94528305
vt 0.85997705 0.94089471
vt 0.85997705 0.93652967
vt 0.85997705 0.93240334
vt 0.85997705 0.92873321
vt 0.85997705 0.92543299
vt 0.85997705 0.92224476
vt 0.85997705 0.91916563
vt 0.85997705 0.91621302
vt 0.85997705 0.91297400
vt 0.85997705 0.90914614
vt 0.85997705 0.90502343
vt 0.85997705 0.90095246
vt 0.85997705 0.89693981
vt 0.85997705 0.89275986
vt 0.85997705 0.88842408
vt 0.85997705 0.88396312
vt 0.85997705 0.87925605
vt 0.85997705 0.87439191
vt 0.85997705 0.86972554
vt 0.85997705 0.86558820
vt 0.85997705 0.86200907
vt 0.85997705 0.85864046
vt 0.85997705 0.85532277
vt 0.85997705 0.85207302
vt 0.85997705 0.84885550
vt 0.85997705 0.84563955
vt 0.85997705 0.84244723
vt 0.85997705 0.83922629
vt 0.85997705 0.83546667
vt 0.85997705 0.83121528
vt 0.85997705 0.82729467
vt 0.85997705 0.82457788
vt 0.87549430 0.95640438
vt 0.87549430 0.95342565
vt 0.87549430 0.94892173
vt 0.87549430 0.94393104
vt 0.87549430 0.93945138
vt 0.87549430 0.93547982
vt 0.87549430 0.93154705
vt 0.87549430 0.92783427
vt 0.87549430 0.92452222
vt 0.87549430 0.92147672
vt 0.87549430 0.91842621
vt 0.87549430 0.91539420
vt 0.87549430 0.91244000
vt 0.87549430 0.90920753
vt 0.87549430 0.90545126
vt 0.87549430 0.90148765
vt 0.87549430 0.89767027
vt 0.87549430 0.89400299
vt 0.87549430 0.89024223
vt 0.87549430 0.88637276
vt 0.87549430 0.88239438
vt 0.87549430 0.87815583
vt 0.87549430 0.87371652
vt 0.87549430 0.86940404
vt 0.87549430 0.86552716
vt 0.87549430 0.86209839
vt 0.87549430 0.85878832
vt 0.87549430 0.85550060
vt 0.87549430 0.85228023
vt 0.87549430 0.84909179
vt 0.87549430 0.84590490
vt 0.87549430 0.84274143
vt 0.87549430 0.83954961
vt 0.87549430 0.83582397
vt 0.87549430 0.83161100
vt 0.87549430 0.82772582
vt 0.87549430 0.82503359
vt 0.89101155 0.95287798
vt 0.89101155 0.94989767
vt 0.89101155 0.94545345
vt 0.89101155 0.94059275
vt 0.89101155 0.93631503
vt 0.89101155 0.93258882
vt 0.89101155 0.92891095
vt 0.89101155 0.92543741
vt 0.89101155 0.92232157
vt 0.89101155 0.91938750
vt 0.89101155 0.91635587
vt 0.89101155 0.91327877
vt 0.89101155 0.91025121
vt 0.89101155 0.90695084
vt 0.89101155 0.90316755
vt 0.89101155 0.89924129
vt 0.89101155 0.89553941
vt 0.89101155 0.89206539
vt 0.89101155 0.88855688
vt 0.89101155 0.88497679
vt 0.89101155 0.88129917
vt 0.89101155 0.87734386
vt 0.89101155 0.87314721
vt 0.89101155 0.86902224
vt 0.89101155 0.86526673
vt 0.89101155 0.86188056
vt 0.89101155 0.85854305
vt 0.89101155 0.85520560
vt 0.89101155 0.85193651
vt 0.89101155 0.84869983
vt 0.89101155 0.84546473
vt 0.89101155 0.84225340
vt 0.89101155 0.83901329
vt 0.89101155 0.83523128
vt 0.89101155 0.83095458
vt 0.89101155 0.82701062
vt 0.89101155 0.82427765
vt 0.90652881 0.95280511
vt 0.90652881 0.94973370
vt 0.90652881 0.94519765
vt 0.90652881 0.94028242
vt 0.90652881 0.93601872
vt 0.90652881 0.93235252
vt 0.90652881 0.92874034
vt 0.90652881 0.92532398
vt 0.90652881 0.92224103
vt 0.90652881 0.91928162
vt 0.90652881 0.91615861
vt 0.90652881 0.91294886
vt 0.90652881 0.90977501
vt 0.90652881 0.90632664
vt 0.90652881 0.90240977
vt 0.90652881 0.89839028
vt 0.90652881 0.89465638
vt 0.90652881 0.89121232
vt 0.90652881 0.88777541
vt 0.90652881 0.88429205
vt 0.90652881 0.88071675
vt 0.90652881 0.87684274
vt 0.90652881 0.87269088
vt 0.90652881 0.86857336
vt 0.90652881 0.86478937
vt 0.90652881 0.86133014
vt 0.90652881 0.85787228
vt 0.90652881 0.85439879
vt 0.90652881 0.85099646
vt 0.90652881 0.84762785
vt 0.90652881 0.84426089
vt 0.90652881 0.84091867
vt 0.90652881 0.83754649
vt 0.90652881 0.83361033
vt 0.90652881 0.82915931
vt 0.90652881 0.82505460
vt 0.90652881 0.82221024
vt 0.92204606 0.95634243
vt 0.92204606 0.95308760
vt 0.92204606 0.94830095
vt 0.92204606 0.94313554
vt 0.92204606 0.93868396
vt 0.92204606 0.93487855
vt 0.92204606 0.93113153
vt 0.92204606 0.92758413
vt 0.92204606 0.92437245
vt 0.92204606 0.92126145
vt 0.92204606 0.91794894
vt 0.92204606 0.91452765
vt 0.92204606 0.91113874
vt 0.92204606 0.90746263
vt 0.92204606 0.90330351
vt 0.92204606 0.89905600
vt 0.92204606 0.89513590
vt 0.92204606 0.89154828
vt 0.92204606 0.88798816
vt 0.92204606 0.88439172
vt 0.92204606 0.88070193
vt 0.92204606 0.87668978
vt 0.92204606 0.87236959
vt 0.92204606 0.86806746
vt 0.92204606 0.86409694
vt 0.92204606 0.86044489
vt 0.92204606 0.85677201
vt 0.92204606 0.85307540
vt 0.92204606 0.84945449
vt 0.92204606 0.84586949
vt 0.92204606 0.84228624
vt 0.92204606 0.83872932
vt 0.92204606 0.83514052
vt 0.92204606 0.83095150
vt 0.92204606 0.82621456
vt 0.92204606 0.82184616
vt 0.92204606 0.81881908
vt 0.93756331 0.96367777
vt 0.93756331 0.96014846
vt 0.93756331 0.95494942
vt 0.93756331 0.94932976
vt 0.93756331 0.94447403
vt 0.93756331 0.94031342
vt 0.93756331 0.93621570
vt 0.93756331 0.93233792
vt 0.93756331 0.92883186
vt 0.93756331 0.92544805
vt 0.93756331 0.92185778
vt 0.93756331 0.91815669
vt 0.93756331 0.91449304
vt 0.93756331 0.91051632
vt 0.93756331 0.90601007
vt 0.93756331 0.90139922
vt 0.93756331 0.89713276
vt 0.93756331 0.89321590
vt 0.93756331 0.88932027
vt 0.93756331 0.88537967
vt 0.93756331 0.88133608
vt 0.93756331 0.87694545
vt 0.93756331 0.87222667
vt 0.93756331 0.86753538
vt 0.93756331 0.86321308
vt 0.93756331 0.85924715
vt 0.93756331 0.85526822
vt 0.93756331 0.85126663
vt 0.93756331 0.84734701
vt 0.93756331 0.84346624
vt 0.93756331 0.83958738
vt 0.93756331 0.83573702
vt 0.93756331 0.83185214
vt 0.93756331 0.82731754
vt 0.93756331 0.82218979
vt 0.93756331 0.81746101
vt 0.93756331 0.81418420
vt 0.95308056 0.97501424
vt 0.95308056 0.97112524
vt 0.95308056 0.96535467
vt 0.95308056 0.95907322
vt 0.95308056 0.95358554
vt 0.95308056 0.94883672
vt 0.95308056 0.94415407
vt 0.95308056 0.93972895
vt 0.95308056 0.93574827
vt 0.95308056 0.93196366
vt 0.95308056 0.92801024
vt 0.95308056 0.92397079
vt 0.95308056 0.91998548
vt 0.95308056 0.91564818
vt 0.95308056 0.91069972
vt 0.95308056 0.90559395
vt 0.95308056 0.90081653
vt 0.95308056 0.89637228
vt 0.95308056 0.89191073
vt 0.95308056 0.88737344
vt 0.95308056 0.88271440
vt 0.95308056 0.87768487
vt 0.95308056 0.87232149
vt 0.95308056 0.86702596
vt 0.95308056 0.86218179
vt 0.95308056 0.85778315
vt 0.95308056 0.85341612
vt 0.95308056 0.84903893
vt 0.95308056 0.84475140
vt 0.95308056 0.84050638
vt 0.95308056 0.83626343
vt 0.95308056 0.83205166
vt 0.95308056 0.82780213
vt 0.95308056 0.82284189
vt 0.95308056 0.81723284
vt 0.95308056 0.81206020
vt 0.95308056 0.80847582
vt 0.96859781 0.99045153
vt 0.96859781 0.98612881
vt 0.96859781 0.97963902
vt 0.96859781 0.97249538
vt 0.96859781 0.96614677
vt 0.96859781 0.96056806
vt 0.96859781 0.95505345
vt 0.96859781 0.94984734
vt 0.96859781 0.94519184
vt 0.96859781 0.94086104
vt 0.96859781 0.93645341
vt 0.96859781 0.93202338
vt 0.96859781 0.92768366
vt 0.96859781 0.92294348
vt 0.96859781 0.91747382
vt 0.96859781 0.91175160
vt 0.96859781 0.90630004
vt 0.96859781 0.90112417
vt 0.96859781 0.89585639
vt 0.96859781 0.89045830
vt 0.96859781 0.88491055
vt 0.96859781 0.87897234
vt 0.96859781 0.87271277
vt 0.96859781 0.86659623
vt 0.96859781 0.86106243
vt 0.96859781 0.85612001
vt 0.96859781 0.85129737
vt 0.96859781 0.84649050
vt 0.96859781 0.84178209
vt 0.96859781 0.83712036
vt 0.96859781 0.83246090
vt 0.96859781 0.82783569
vt 0.96859781 0.82316902
vt 0.96859781 0.81772186
vt 0.96859781 0.81156221
vt 0.96859781 0.80588180
vt 0.96859781 0.80194556
vt 0.98411506 1.00978764
vt 0.98411506 1.00497457
vt 0.98411506 0.99764192
vt 0.98411506 0.98946007
vt 0.98411506 0.98204021
vt 0.98411506 0.97540160
vt 0.98411506 0.96881468
vt 0.98411506 0.96259368
vt 0.98411506 0.95705394
vt 0.98411506 0.95201587
vt 0.98411506 0.94705360
vt 0.98411506 0.94218377
vt 0.98411506 0.93747068
vt 0.98411506 0.93230611
vt 0.98411506 0.92625867
vt 0.98411506 0.91981785
vt 0.98411506 0.91354294
vt 0.98411506 0.90744163
vt 0.98411506 0.90113773
vt 0.98411506 0.89462609
vt 0.98411506 0.88792876
vt 0.98411506 0.88082628
vt 0.98411506 0.87343490
vt 0.98411506 0.86629710
vt 0.98411506 0.85992185
vt 0.98411506 0.85434099
vt 0.98411506 0.84901516
vt 0.98411506 0.84374547
vt 0.98411506 0.83858371
vt 0.98411506 0.83347312
vt 0.98411506 0.82836503
vt 0.98411506 0.82329448
vt 0.98411506 0.81817847
vt 0.98411506 0.81220684
vt 0.98411506 0.80545411
vt 0.98411506 0.79922676
vt 0.98411506 0.79491152
vt 0.99963231 1.03231721
vt 0.99963231 1.02698108
vt 0.99963231 1.01872123
vt 0.99963231 1.00937197
vt 0.99963231 1.00071679
vt 0.99963231 0.99283068
vt 0.99963231 0.98497048
vt 0.99963231 0.97753287
vt 0.99963231 0.97091983
vt 0.99963231 0.96501865
vt 0.99963231 0.95940061
vt 0.99963231 0.95404587
vt 0.99963231 0.94895343
vt 0.99963231 0.94336505
vt 0.99963231 0.93671169
vt 0.99963231 0.92948161
vt 0.99963231 0.92226707
vt 0.99963231 0.91508265
vt 0.99963231 0.90755404
vt 0.99963231 0.89972146
vt 0.99963231 0.89166098
vt 0.99963231 0.88318694
vt 0.99963231 0.87447531
vt 0.99963231 0.86615870
vt 0.99963231 0.85882557
vt 0.99963231 0.85253937
vt 0.99963231 0.84668775
vt 0.99963231 0.84094606
vt 0.99963231 0.83532197
vt 0.99963231 0.82975363
vt 0.99963231 0.82418802
vt 0.99963231 0.81866331
vt 0.99963231 0.81308908
vt 0.99963231 0.80658258
vt 0.99963231 0.79922501
vt 0.99963231 0.79243989
vt 0.99963231 0.78773814
vt 1.01514957 1.05672668
vt 1.01514957 1.05086454
vt 1.01514957 1.04164766
vt 1.01514957 1.03107200
vt 1.01514957 1.02109348
vt 1.01514957 1.01184952
vt 1.01514957 1.00259285
vt 1.01514957 0.99380937
vt 1.01514957 0.98599456
vt 1.01514957 0.97911526
vt 1.01514957 0.97276214
vt 1.01514957 0.96689018
vt 1.01514957 0.96142599
vt 1.01514957 0.95543613
vt 1.01514957 0.94818214
vt 1.01514957 0.94013661
vt 1.01514957 0.93192090
vt 1.01514957 0.92356150
vt 1.01514957 0.91469589
vt 1.01514957 0.90541827
vt 1.01514957 0.89586733
vt 1.01514957 0.88590054
vt 1.01514957 0.87576196
vt 1.01514957 0.86618072
vt 1.01514957 0.85783015
vt 1.01514957 0.85081183
vt 1.01514957 0.84444072
vt 1.01514957 0.83824333
vt 1.01514957 0.83217288
vt 1.01514957 0.82616261
vt 1.01514957 0.82015528
vt 1.01514957 0.81419209
vt 1.01514957 0.80817545
vt 1.01514957 0.80115256
vt 1.01514957 0.79321105
vt 1.01514957 0.78588742
vt 1.01514957 0.78081252
vt 1.03066682 1.08115740
vt 1.03066682 1.07479985
vt 1.03066682 1.06466211
vt 1.03066682 1.05288987
vt 1.03066682 1.04160072
vt 1.03066682 1.03099547
vt 1.03066682 1.02033029
vt 1.03066682 1.01017989
vt 1.03066682 1.00113242
vt 1.03066682 0.99323734
vt 1.03066682 0.98612026
vt 1.03066682 0.97972642
vt 1.03066682 0.97391432
vt 1.03066682 0.96756553
vt 1.03066682 0.95975243
vt 1.03066682 0.95092042
vt 1.03066682 0.94171567
vt 1.03066682 0.93218069
vt 1.03066682 0.92197188
vt 1.03066682 0.91124070
vt 1.03066682 0.90019118
vt 1.03066682 0.88872850
vt 1.03066682 0.87716704
vt 1.03066682 0.86633141
vt 1.03066682 0.85697887
vt 1.03066682 0.84925189
vt 1.03066682 0.84239865
vt 1.03066682 0.83578713
vt 1.03066682 0.82931103
vt 1.03066682 0.82289913
vt 1.03066682 0.81649037
vt 1.03066682 0.81012871
vt 1.03066682 0.80371001
vt 1.03066682 0.79621783
vt 1.03066682 0.78774564
vt 1.03066682 0.77993262
vt 1.03066682 0.77451860
vt 1.04618407 1.10344320
vt 1.04618407 1.09665506
vt 1.04618407 1.08570300
vt 1.04618407 1.07286109
vt 1.04618407 1.06038689
vt 1.04618407 1.04853941
vt 1.04618407 1.03658304
vt 1.04618407 1.02517301
vt 1.04618407 1.01498125
vt 1.04618407 1.00613355
vt 1.04618407 0.99829638
vt 1.04618407 0.99141803
vt 1.04618407 0.98530166
vt 1.04618407 0.97865431
vt 1.04618407 0.97035979
vt 1.04618407 0.96083031
vt 1.04618407 0.95073235
vt 1.04618407 0.94012600
vt 1.04618407 0.92868964
vt 1.04618407 0.91662898
vt 1.04618407 0.90420926
vt 1.04618407 0.89138215
vt 1.04618407 0.87852751
vt 1.04618407 0.86655619
vt 1.04618407 0.85630116
vt 1.04618407 0.84794406
vt 1.04618407 0.84067671
vt 1.04618407 0.83371598
vt 1.04618407 0.82689783
vt 1.04618407 0.82014727
vt 1.04618407 0.81340001
vt 1.04618407 0.80670234
vt 1.04618407 0.79994462
vt 1.04618407 0.79205671
vt 1.04618407 0.78313704
vt 1.04618407 0.77491136
vt 1.04618407 0.76921137
vt 1.06170132 1.12146542
vt 1.06170132 1.11434250
vt 1.06170132 1.10274810
vt 1.06170132 1.08905494
vt 1.06170132 1.07562903
vt 1.06170132 1.06277680
vt 1.06170132 1.04977248
vt 1.06170132 1.03733620
vt 1.06170132 1.02620725
vt 1.06170132 1.01657363
vt 1.06170132 1.00813954
vt 1.06170132 1.00086286
vt 1.06170132 0.99450755
vt 1.06170132 0.98763684
vt 1.06170132 0.97897095
vt 1.06170132 0.96888991
vt 1.06170132 0.95807525
vt 1.06170132 0.94660323
vt 1.06170132 0.93417283
vt 1.06170132 0.92103484
vt 1.06170132 0.90750509
vt 1.06170132 0.89357471
vt 1.06170132 0.87967736
vt 1.06170132 0.86679306
vt 1.06170132 0.85581544
vt 1.06170132 0.84695895
vt 1.06170132 0.83937287
vt 1.06170132 0.83214772
vt 1.06170132 0.82507057
vt 1.06170132 0.81806357
vt 1.06170132 0.81106000
vt 1.06170132 0.80410790
vt 1.06170132 0.79709348
vt 1.06170132 0.78890593
vt 1.06170132 0.77964743
vt 1.06170132 0.77110928
vt 1.06170132 0.76519277
vt 1.07721857 1.13352914
vt 1.07721857 1.12619121
vt 1.07721857 1.11417754
vt 1.07721857 1.09992332
vt 1.07721857 1.08586400
vt 1.07721857 1.07233821
vt 1.07721857 1.05862927
vt 1.07721857 1.04550085
vt 1.07721857 1.03373737
vt 1.07721857 1.02356934
vt 1.07721857 1.01472901
vt 1.07721857 1.00718411
vt 1.07721857 1.00067510
vt 1.07721857 0.99366748
vt 1.07721857 0.98476533
vt 1.07721857 0.97432367
vt 1.07721857 0.96303302
vt 1.07721857 0.95098154
vt 1.07721857 0.93788392
vt 1.07721857 0.92402210
vt 1.07721857 0.90974666
vt 1.07721857 0.89507664
vt 1.07721857 0.88048242
vt 1.07721857 0.86699002
vt 1.07721857 0.85553334
vt 1.07721857 0.84634953
vt 1.07721857 0.83856119
vt 1.07721857 0.83117144
vt 1.07721857 0.82393305
vt 1.07721857 0.81676641
vt 1.07721857 0.80960329
vt 1.07721857 0.80249280
vt 1.07721857 0.79531857
vt 1.07721857 0.78694449
vt 1.07721857 0.77747506
vt 1.07721857 0.76874238
vt 1.07721857 0.76269108
vt 1.09273582 1.13865895
vt 1.09273582 1.13123984
vt 1.09273582 1.11905943
vt 1.09273582 1.10457539
vt 1.09273582 1.09024912
vt 1.09273582 1.07643412
vt 1.09273582 1.06242078
vt 1.09273582 1.04899181
vt 1.09273582 1.03695134
vt 1.09273582 1.02655013
vt 1.09273582 1.01753550
vt 1.09273582 1.00988101
vt 1.09273582 1.00331732
vt 1.09273582 0.99626649
vt 1.09273582 0.98727814
vt 1.09273582 0.97669317
vt 1.09273582 0.96520425
vt 1.09273582 0.95290536
vt 1.09273582 0.93952014
vt 1.09273582 0.92534516
vt 1.09273582 0.91074712
vt 1.09273582 0.89575898
vt 1.09273582 0.88086781
vt 1.09273582 0.86711899
vt 1.09273582 0.85546326
vt 1.09273582 0.84614833
vt 1.09273582 0.83828682
vt 1.09273582 0.83084143
vt 1.09273582 0.82354853
vt 1.09273582 0.81632794
vt 1.09273582 0.80911088
vt 1.09273582 0.80194685
vt 1.09273582 0.79471860
vt 1.09273582 0.78628147
vt 1.09273582 0.77674073
vt 1.09273582 0.76794230
vt 1.09273582 0.76184544
vt 1.10825307 1.13673874
vt 1.10825307 1.12937493
vt 1.10825307 1.11728462
vt 1.10825307 1.10290710
vt 1.10825307 1.08868541
vt 1.10825307 1.07497061
vt 1.10825307 1.06105871
vt 1.10825307 1.04772676
vt 1.10825307 1.03577313
vt 1.10825307 1.02544705
vt 1.10825307 1.01649809
vt 1.10825307 1.00890011
vt 1.10825307 1.00238566
vt 1.10825307 0.99538804
vt 1.10825307 0.98646691
vt 1.10825307 0.97596027
vt 1.10825307 0.96455553
vt 1.10825307 0.95234604
vt 1.10825307 0.93905778
vt 1.10825307 0.92498530
vt 1.10825307 0.91049281
vt 1.10825307 0.89561331
vt 1.10825307 0.88083045
vt 1.10825307 0.86718199
vt 1.10825307 0.85561170
vt 1.10825307 0.84636560
vt 1.10825307 0.83856292
vt 1.10825307 0.83117352
vt 1.10825307 0.82393548
vt 1.10825307 0.81676919
vt 1.10825307 0.80960640
vt 1.10825307 0.80249625
vt 1.10825307 0.79532237
vt 1.10825307 0.78694868
vt 1.10825307 0.77747970
vt 1.10825307 0.76874744
vt 1.10825307 0.76269642
vt 1.12377032 1.12846777
vt 1.12377032 1.12128718
vt 1.12377032 1.10952391
vt 1.12377032 1.09555999
vt 1.12377032 1.08177843
vt 1.12377032 1.06851300
vt 1.12377032 1.05506554
vt 1.12377032 1.04218563
vt 1.12377032 1.03064321
vt 1.12377032 1.02066764
vt 1.12377032 1.01200073
vt 1.12377032 1.00461217
vt 1.12377032 0.99824648
vt 1.12377032 0.99139642
vt 1.12377032 0.98268776
vt 1.12377032 0.97246409
vt 1.12377032 0.96139995
vt 1.12377032 0.94958263
vt 1.12377032 0.93673551
vt 1.12377032 0.92313694
vt 1.12377032 0.90913258
vt 1.12377032 0.89474398
vt 1.12377032 0.88043388
vt 1.12377032 0.86720800
vt 1.12377032 0.85598161
vt 1.12377032 0.84698845
vt 1.12377032 0.83936987
vt 1.12377032 0.83214412
vt 1.12377032 0.82506637
vt 1.12377032 0.81805878
vt 1.12377032 0.81105462
vt 1.12377032 0.80410194
vt 1.12377032 0.79708693
vt 1.12377032 0.78889869
vt 1.12377032 0.77963941
vt 1.12377032 0.77110053
vt 1.12377032 0.76518353
vt 1.13928758 1.11515884
vt 1.13928758 1.10827151
vt 1.13928758 1.09703289
vt 1.13928758 1.08373355
vt 1.13928758 1.07066047
vt 1.13928758 1.05811916
vt 1.13928758 1.04542028
vt 1.13928758 1.03326888
vt 1.13928758 1.02238896
vt 1.13928758 1.01297713
vt 1.13928758 1.00476214
vt 1.13928758 0.99770747
vt 1.13928758 0.99157802
vt 1.13928758 0.98496277
vt 1.13928758 0.97659365
vt 1.13928758 0.96682360
vt 1.13928758 0.95630695
vt 1.13928758 0.94512121
vt 1.13928758 0.93298521
vt 1.13928758 0.92015091
vt 1.13928758 0.90693377
vt 1.13928758 0.89333652
vt 1.13928758 0.87978793
vt 1.13928758 0.86724216
vt 1.13928758 0.85656863
vt 1.13928758 0.84798115
vt 1.13928758 0.84065668
vt 1.13928758 0.83369189
vt 1.13928758 0.82686976
vt 1.13928758 0.82011526
vt 1.13928758 0.81336406
vt 1.13928758 0.80666248
vt 1.13928758 0.79990082
vt 1.13928758 0.79200830
vt 1.13928758 0.78308343
vt 1.13928758 0.77485294
vt 1.13928758 0.76914963
vt 1.15480483 1.09844647
vt 1.15480483 1.09193789
vt 1.15480483 1.08137003
vt 1.15480483 1.06891447
vt 1.15480483 1.05673391
vt 1.15480483 1.04509944
vt 1.15480483 1.03333595
vt 1.15480483 1.02209307
vt 1.15480483 1.01203751
vt 1.15480483 1.00332668
vt 1.15480483 0.99567617
vt 1.15480483 0.98904386
vt 1.15480483 0.98322112
vt 1.15480483 0.97691593
vt 1.15480483 0.96898770
vt 1.15480483 0.95979749
vt 1.15480483 0.94997258
vt 1.15480483 0.93957912
vt 1.15480483 0.92833257
vt 1.15480483 0.91645303
vt 1.15480483 0.90421939
vt 1.15480483 0.89161271
vt 1.15480483 0.87902016
vt 1.15480483 0.86733096
vt 1.15480483 0.85735657
vt 1.15480483 0.84928672
vt 1.15480483 0.84234466
vt 1.15480483 0.83572219
vt 1.15480483 0.82923536
vt 1.15480483 0.82281284
vt 1.15480483 0.81639347
vt 1.15480483 0.81002127
vt 1.15480483 0.80359195
vt 1.15480483 0.79608735
vt 1.15480483 0.78760114
vt 1.15480483 0.77977518
vt 1.15480483 0.77435219
vt 1.17032208 1.07998947
vt 1.17032208 1.07391715
vt 1.17032208 1.06411032
vt 1.17032208 1.05260198
vt 1.17032208 1.04141136
vt 1.17032208 1.03077347
vt 1.17032208 1.02003466
vt 1.17032208 1.00978417
vt 1.17032208 1.00062635
vt 1.17032208 0.99267909
vt 1.17032208 0.98564915
vt 1.17032208 0.97949118
vt 1.17032208 0.97402604
vt 1.17032208 0.96808956
vt 1.17032208 0.96067329
vt 1.17032208 0.95214106
vt 1.17032208 0.94308734
vt 1.17032208 0.93356710
vt 1.17032208 0.92329607
vt 1.17032208 0.91246157
vt 1.17032208 0.90130445
vt 1.17032208 0.88978544
vt 1.17032208 0.87824768
vt 1.17032208 0.86750827
vt 1.17032208 0.85831417
vt 1.17032208 0.85083014
vt 1.17032208 0.84433291
vt 1.17032208 0.83811365
vt 1.17032208 0.83202178
vt 1.17032208 0.82599031
vt 1.17032208 0.81996179
vt 1.17032208 0.81397756
vt 1.17032208 0.80793969
vt 1.17032208 0.80089202
vt 1.17032208 0.79292250
vt 1.17032208 0.78557303
vt 1.17032208 0.78048022
vt 1.18583933 1.06124084
vt 1.18583933 1.05563369
vt 1.18583933 1.04662455
vt 1.18583933 1.03609685
vt 1.18583933 1.02591640
vt 1.18583933 1.01628422
vt 1.18583933 1.00657554
vt 1.18583933 0.99731949
vt 1.18583933 0.98905834
vt 1.18583933 0.98187485
vt 1.18583933 0.97547387
vt 1.18583933 0.96980975
vt 1.18583933 0.96473239
vt 1.18583933 0.95920300
vt 1.18583933 0.95233758
vt 1.18583933 0.94449547
vt 1.18583933 0.93623397
vt 1.18583933 0.92759819
vt 1.18583933 0.91830915
vt 1.18583933 0.90852387
vt 1.18583933 0.89844757
vt 1.18583933 0.88802486
vt 1.18583933 0.87755659
vt 1.18583933 0.86778620
vt 1.18583933 0.85939456
vt 1.18583933 0.85252302
vt 1.18583933 0.84650536
vt 1.18583933 0.84072668
vt 1.18583933 0.83506636
vt 1.18583933 0.82946215
vt 1.18583933 0.82386069
vt 1.18583933 0.81830039
vt 1.18583933 0.81269024
vt 1.18583933 0.80614183
vt 1.18583933 0.79873687
vt 1.18583933 0.79190803
vt 1.18583933 0.78717600
vt 1.20135658 1.04332363
vt 1.20135658 1.03818359
vt 1.20135658 1.02996186
vt 1.20135658 1.02038986
vt 1.20135658 1.01117894
vt 1.20135658 1.00250048
vt 1.20135658 0.99376485
vt 1.20135658 0.98544504
vt 1.20135658 0.97802544
vt 1.20135658 0.97156081
vt 1.20135658 0.96576147
vt 1.20135658 0.96058373
vt 1.20135658 0.95590337
vt 1.20135658 0.95079664
vt 1.20135658 0.94448935
vt 1.20135658 0.93732918
vt 1.20135658 0.92983379
vt 1.20135658 0.92204031
vt 1.20135658 0.91367993
vt 1.20135658 0.90488388
vt 1.20135658 0.89582661
vt 1.20135658 0.88644203
vt 1.20135658 0.87699316
vt 1.20135658 0.86815274
vt 1.20135658 0.86053786
vt 1.20135658 0.85426958
vt 1.20135658 0.84873877
vt 1.20135658 0.84341302
vt 1.20135658 0.83819635
vt 1.20135658 0.83303140
vt 1.20135658 0.82786898
vt 1.20135658 0.82274450
vt 1.20135658 0.81757407
vt 1.20135658 0.81153892
vt 1.20135658 0.80471436
vt 1.20135658 0.79842077
vt 1.20135658 0.79405963
vt 1.21687383 0.95255673
vt 1.21687383 0.95016138
vt 1.21687383 0.94634357
vt 1.21687383 0.94191200
vt 1.21687383 0.93766455
vt 1.21687383 0.93367625
vt 1.21687383 0.92966599
vt 1.21687383 0.92584970
vt 1.21687383 0.92244835
vt 1.21687383 0.91947949
vt 1.21687383 0.91680114
vt 1.21687383 0.91439265
vt 1.21687383 0.91220144
vt 1.21687383 0.90980750
vt 1.21687383 0.90686305
vt 1.21687383 0.90353678
vt 1.21687383 0.90007250
vt 1.21687383 0.89648603
vt 1.21687383 0.89264727
vt 1.21687383 0.88861266
vt 1.21687383 0.88445838
vt 1.21687383 0.88014795
vt 1.21687383 0.87579919
vt 1.21687383 0.87172234
vt 1.21687383 0.86820238
vt 1.21687383 0.86529257
vt 1.21687383 0.86270973
vt 1.21687383 0.86021728
vt 1.21687383 0.85777588
vt 1.21687383 0.85535868
vt 1.21687383 0.85294266
vt 1.21687383 0.85054440
vt 1.21687383 0.84812464
vt 1.21687383 0.84530019
vt 1.21687383 0.84210629
vt 1.21687383 0.83916088
vt 1.21687383 0.83711987
vt 1.23239108 0.87533200
vt 1.23239108 0.87532166
vt 1.23239108 0.87530522
vt 1.23239108 0.87528618
vt 1.23239108 0.87526799
vt 1.23239108 0.87525095
vt 1.23239108 0.87523383
vt 1.23239108 0.87521755
vt 1.23239108 0.87520304
vt 1.23239108 0.87519037
vt 1.23239108 0.87517888
vt 1.23239108 0.87516849
vt 1.23239108 0.87515900
vt 1.23239108 0.87514862
vt 1.23239108 0.87513589
vt 1.23239108 0.87512156
vt 1.23239108 0.87510670
vt 1.23239108 0.87509136
vt 1.23239108 0.87507497
vt 1.23239108 0.87505776
vt 1.23239108 0.87504004
vt 1.23239108 0.87502163
vt 1.23239108 0.87500303
vt 1.23239108 0.87498557
vt 1.23239108 0.87497046
vt 1.23239108 0.87495794
vt 1.23239108 0.87494677
vt 1.23239108 0.87493597
vt 1.23239108 0.87492540
vt 1.23239108 0.87491493
vt 1.23239108 0.87490447
vt 1.23239108 0.87489408
vt 1.23239108 0.87488360
vt 1.23239108 0.87487137
vt 1.23239108 0.87485753
vt 1.23239108 0.87484478
vt 1.23239108 0.87483594
vn -0.452051 -0.087151 0.887724
vn -0.451974 -0.089073 0.887573
vn -0.452891 -0.062497 0.889373
vn -0.453679 0.020822 0.890922
vn -0.447079 0.171196 0.877959
vn -0.428639 0.328218 0.841749
vn -0.406121 0.446111 0.797528
vn -0.375058 0.562900 0.736529
vn -0.319884 0.709272 0.628178
vn -0.226144 0.866971 0.444095
vn -0.112028 0.969046 0.219997
vn 0.009927 0.999761 -0.019494
vn 0.145187 0.947434 -0.285114
vn 0.255000 0.827171 -0.500762
vn 0.321400 0.705935 -0.631156
vn 0.368370 0.583955 -0.723394
vn 0.406297 0.445329 -0.797875
vn 0.431963 0.306328 -0.848275
vn 0.445973 0.184671 -0.875788
vn 0.452594 0.072192 -0.888790
vn 0.453462 -0.037305 -0.890495
vn 0.449280 -0.140441 -0.882283
vn 0.440921 -0.236353 -0.865867
vn 0.426556 -0.341146 -0.837657
vn 0.393197 -0.499183 -0.772148
vn 0.326133 -0.695314 -0.640450
vn 0.267838 -0.807227 -0.525972
vn 0.267762 -0.807349 -0.525824
vn 0.296073 -0.757821 -0.581419
vn 0.311201 -0.727789 -0.611128
vn 0.329267 -0.688102 -0.646605
vn 0.368821 -0.582571 -0.724280
vn 0.417411 -0.392252 -0.819699
vn 0.443072 -0.215936 -0.870091
vn 0.450144 -0.126295 -0.883980
vn 0.451423 -0.101742 -0.886491
vn 0.453778 0.000000 -0.891115
vn -0.443321 -0.086839 0.892147
vn -0.443253 -0.088578 0.892009
vn -0.444147 -0.061973 0.893808
vn -0.444908 0.020577 0.895340
vn -0.438640 0.168491 0.882726
vn -0.421260 0.322274 0.847750
vn -0.400103 0.437736 0.805174
vn -0.370987 0.552257 0.746580
vn -0.319044 0.697124 0.642050
vn -0.229378 0.856918 0.461603
vn -0.117819 0.964314 0.237101
vn 0.003571 0.999968 -0.007186
vn 0.139647 0.949485 -0.281028
vn 0.250145 0.827055 -0.503396
vn 0.316442 0.703089 -0.636813
vn 0.362826 0.578990 -0.730156
vn 0.399751 0.439359 -0.804465
vn 0.424361 0.301031 -0.853990
vn 0.437645 0.181089 -0.880723
vn 0.443887 0.070738 -0.893286
vn 0.444704 -0.036585 -0.894930
vn 0.440743 -0.138024 -0.886958
vn 0.432772 -0.232837 -0.870917
vn 0.418990 -0.336886 -0.843182
vn 0.386755 -0.494623 -0.778312
vn 0.321071 -0.692410 -0.646128
vn 0.263063 -0.806561 -0.529392
vn 0.262584 -0.807349 -0.528429
vn 0.290347 -0.757821 -0.584300
vn 0.305183 -0.727789 -0.614155
vn 0.322900 -0.688102 -0.649809
vn 0.361689 -0.582571 -0.727868
vn 0.409339 -0.392252 -0.823760
vn 0.434503 -0.215936 -0.874402
vn 0.441439 -0.126295 -0.888359
vn 0.442693 -0.101742 -0.890882
vn 0.445002 0.000000 -0.895529
vn -0.434420 -0.086561 0.896542
vn -0.434359 -0.088140 0.896417
vn -0.435231 -0.061512 0.898215
vn -0.435966 0.020362 0.899733
vn -0.429996 0.166140 0.887412
vn -0.413549 0.317123 0.853470
vn -0.393587 0.430470 0.812272
vn -0.366173 0.542990 0.755697
vn -0.317097 0.686433 0.654415
vn -0.231221 0.847838 0.477187
vn -0.122333 0.959841 0.252467
vn -0.001912 0.999990 0.003945
vn 0.134428 0.951295 -0.277428
vn 0.245183 0.826951 -0.506001
vn 0.311171 0.700551 -0.642185
vn 0.356884 0.574598 -0.736526
vn 0.392821 0.434131 -0.810692
vn 0.416457 0.296433 -0.859471
vn 0.429093 0.177996 -0.885549
vn 0.435002 0.069485 -0.897744
vn 0.435774 -0.035963 -0.899337
vn 0.432009 -0.135929 -0.891567
vn 0.424389 -0.229774 -0.875841
vn 0.411145 -0.333156 -0.848508
vn 0.379973 -0.490598 -0.784177
vn 0.315696 -0.689822 -0.651523
vn 0.258129 -0.805965 -0.532719
vn 0.257305 -0.807349 -0.531019
vn 0.284511 -0.757821 -0.587164
vn 0.299048 -0.727789 -0.617166
vn 0.316409 -0.688102 -0.652994
vn 0.354418 -0.582571 -0.731436
vn 0.401110 -0.392252 -0.827798
vn 0.425769 -0.215936 -0.878688
vn 0.432565 -0.126295 -0.892713
vn 0.433794 -0.101742 -0.895250
vn 0.436056 0.000000 -0.899919
vn -0.425344 -0.086349 0.900903
vn -0.425289 -0.087806 0.900788
vn -0.426139 -0.061162 0.902588
vn -0.426851 0.020200 0.904096
vn -0.421131 0.164375 0.891981
vn -0.405448 0.313266 0.858764
vn -0.386456 0.425027 0.818537
vn -0.360420 0.536032 0.763392
vn -0.313694 0.678335 0.664422
vn -0.231109 0.840819 0.489502
vn -0.124891 0.956257 0.264527
vn -0.005944 0.999903 0.012590
vn 0.129792 0.952670 -0.274907
vn 0.240106 0.826871 -0.508560
vn 0.305477 0.698605 -0.647019
vn 0.350419 0.571254 -0.742209
vn 0.385414 0.430186 -0.816331
vn 0.408202 0.292988 -0.864597
vn 0.420298 0.175688 -0.890216
vn 0.425934 0.068552 -0.902154
vn 0.426669 -0.035499 -0.903711
vn 0.423067 -0.134361 -0.896081
vn 0.415746 -0.227472 -0.880575
vn 0.402971 -0.330341 -0.853516
vn 0.372760 -0.487541 -0.789527
vn 0.309899 -0.687839 -0.656384
vn 0.252998 -0.805507 -0.535864
vn 0.251925 -0.807349 -0.533593
vn 0.278561 -0.757821 -0.590010
vn 0.292795 -0.727789 -0.620157
vn 0.309792 -0.688102 -0.656159
vn 0.347007 -0.582571 -0.734981
vn 0.392722 -0.392252 -0.831810
vn 0.416866 -0.215936 -0.882947
vn 0.423520 -0.126295 -0.897040
vn 0.424723 -0.101742 -0.899588
vn 0.426938 0.000000 -0.904281
vn -0.416091 -0.086209 0.905227
vn -0.416041 -0.087585 0.905118
vn -0.416870 -0.060931 0.906922
vn -0.417562 0.020093 0.908426
vn -0.412045 0.163221 0.896425
vn -0.396969 0.310747 0.863627
vn -0.378739 0.421471 0.823965
vn -0.353776 0.531478 0.769658
vn -0.308906 0.673006 0.672042
vn -0.229091 0.836132 0.498398
vn -0.125473 0.953804 0.272974
vn -0.008466 0.999795 0.018418
vn 0.125774 0.953576 -0.273629
vn 0.234913 0.826818 -0.511066
vn 0.299354 0.697314 -0.651261
vn 0.343433 0.569045 -0.747156
vn 0.377540 0.427595 -0.821357
vn 0.399605 0.290737 -0.869361
vn 0.411261 0.174183 -0.894720
vn 0.416681 0.067944 -0.906510
vn 0.417387 -0.035197 -0.908047
vn 0.413917 -0.133337 -0.900497
vn 0.406844 -0.225964 -0.885109
vn 0.394469 -0.328491 -0.858188
vn 0.365116 -0.485524 -0.794328
vn 0.303674 -0.686522 -0.660658
vn 0.247664 -0.805202 -0.538806
vn 0.246442 -0.807349 -0.536147
vn 0.272498 -0.757821 -0.592834
vn 0.286422 -0.727789 -0.623126
vn 0.303050 -0.688102 -0.659300
vn 0.339454 -0.582571 -0.738500
vn 0.384175 -0.392252 -0.835792
vn 0.407793 -0.215936 -0.887173
vn 0.414302 -0.126295 -0.901334
vn 0.415479 -0.101742 -0.903895
vn 0.417646 0.000000 -0.908610
vn -0.406661 -0.086122 0.909511
vn -0.406614 -0.087449 0.909405
vn -0.407423 -0.060789 0.911214
vn -0.408096 0.020028 0.912719
vn -0.402751 0.162514 0.900767
vn -0.388175 0.309206 0.868166
vn -0.370564 0.419295 0.828779
vn -0.346468 0.528687 0.774887
vn -0.303115 0.669728 0.677928
vn -0.225696 0.833224 0.504777
vn -0.124615 0.952258 0.278705
vn -0.009879 0.999707 0.022095
vn 0.122199 0.954135 -0.273302
vn 0.229607 0.826785 -0.513525
vn 0.292885 0.696515 -0.655047
vn 0.336031 0.567683 -0.751545
vn 0.369287 0.426003 -0.825923
vn 0.390716 0.289359 -0.873849
vn 0.402004 0.173264 -0.899095
vn 0.407245 0.067572 -0.910816
vn 0.407927 -0.035013 -0.912343
vn 0.404567 -0.132710 -0.904828
vn 0.397708 -0.225039 -0.889486
vn 0.385688 -0.327355 -0.862603
vn 0.357120 -0.484282 -0.798710
vn 0.297103 -0.685708 -0.664481
vn 0.242154 -0.805013 -0.541586
vn 0.240855 -0.807349 -0.538680
vn 0.266321 -0.757821 -0.595635
vn 0.279929 -0.727789 -0.626070
vn 0.296179 -0.688102 -0.662415
vn 0.331759 -0.582571 -0.741989
vn 0.375465 -0.392252 -0.839740
vn 0.398548 -0.215936 -0.891365
vn 0.404909 -0.126295 -0.905593
vn 0.406060 -0.101742 -0.908165
vn 0.408178 0.000000 -0.912903
vn -0.397054 -0.086051 0.913752
vn -0.397009 -0.087338 0.913650
vn -0.397798 -0.060673 0.915465
vn -0.398453 0.019975 0.916971
vn -0.393272 0.161941 0.905048
vn -0.379163 0.307958 0.872581
vn -0.362131 0.417532 0.833384
vn -0.338840 0.526425 0.779784
vn -0.296906 0.667065 0.683280
vn -0.221784 0.830846 0.510398
vn -0.123247 0.950980 0.283632
vn -0.010925 0.999624 0.025143
vn 0.118733 0.954589 -0.273245
vn 0.224197 0.826758 -0.515953
vn 0.286216 0.695863 -0.658677
vn 0.328395 0.566574 -0.755746
vn 0.360803 0.424711 -0.830326
vn 0.381617 0.288242 -0.878228
vn 0.392556 0.172520 -0.903403
vn 0.397629 0.067272 -0.915077
vn 0.398290 -0.034863 -0.916597
vn 0.395034 -0.132202 -0.909104
vn 0.388378 -0.224290 -0.893788
vn 0.376701 -0.326432 -0.866913
vn 0.348903 -0.483271 -0.802942
vn 0.290331 -0.685044 -0.668149
vn 0.236515 -0.804859 -0.544301
vn 0.235163 -0.807349 -0.541189
vn 0.260027 -0.757821 -0.598409
vn 0.273314 -0.727789 -0.628986
vn 0.289180 -0.688102 -0.665500
vn 0.323919 -0.582571 -0.745445
vn 0.366593 -0.392252 -0.843651
vn 0.389130 -0.215936 -0.895516
vn 0.395341 -0.126295 -0.909810
vn 0.396464 -0.101742 -0.912395
vn 0.398532 0.000000 -0.917154
vn -0.387269 -0.085946 0.917952
vn -0.387228 -0.087173 0.917854
vn -0.387996 -0.060502 0.919673
vn -0.388631 0.019896 0.921179
vn -0.383631 0.161095 0.909327
vn -0.370047 0.306116 0.877131
vn -0.353667 0.414929 0.838304
vn -0.331288 0.523084 0.785259
vn -0.290953 0.663120 0.689651
vn -0.218360 0.827301 0.517583
vn -0.122488 0.949053 0.290337
vn -0.012515 0.999482 0.029664
vn 0.114965 0.955262 -0.272503
vn 0.218694 0.826718 -0.518373
vn 0.279525 0.694892 -0.662563
vn 0.320738 0.564927 -0.760253
vn 0.352256 0.422799 -0.834959
vn 0.372402 0.286593 -0.882712
vn 0.382954 0.171423 -0.907723
vn 0.387839 0.066830 -0.919301
vn 0.388474 -0.034643 -0.920808
vn 0.385335 -0.131452 -0.913366
vn 0.378903 -0.223181 -0.898122
vn 0.367597 -0.325066 -0.871323
vn 0.340623 -0.481771 -0.807386
vn 0.283535 -0.684055 -0.672069
vn 0.230806 -0.804629 -0.547084
vn 0.229366 -0.807349 -0.543671
vn 0.253617 -0.757821 -0.601154
vn 0.266576 -0.727789 -0.631871
vn 0.282052 -0.688102 -0.668552
vn 0.315934 -0.582571 -0.748864
vn 0.357556 -0.392252 -0.847521
vn 0.379537 -0.215936 -0.899624
vn 0.385595 -0.126295 -0.913984
vn 0.386691 -0.101742 -0.916580
vn 0.388708 0.000000 -0.921361
vn -0.377308 -0.085752 0.922109
vn -0.377271 -0.086870 0.922019
vn -0.378017 -0.060188 0.923840
vn -0.378629 0.019753 0.925338
vn -0.373852 0.159554 0.913662
vn -0.360928 0.302769 0.882078
vn -0.345376 0.410200 0.844069
vn -0.324163 0.517005 0.792227
vn -0.285859 0.655911 0.698616
vn -0.216349 0.820749 0.528738
vn -0.123401 0.945421 0.301582
vn -0.015535 0.999158 0.037965
vn 0.110487 0.956494 -0.270021
vn 0.213106 0.826644 -0.520813
vn 0.272983 0.693105 -0.667148
vn 0.313263 0.561906 -0.765589
vn 0.343803 0.419307 -0.840226
vn 0.363155 0.283596 -0.887520
vn 0.373228 0.169434 -0.912137
vn 0.377877 0.066028 -0.923499
vn 0.378481 -0.034244 -0.924975
vn 0.375485 -0.130090 -0.917653
vn 0.369325 -0.221163 -0.902599
vn 0.358459 -0.322573 -0.876044
vn 0.332427 -0.479022 -0.812423
vn 0.276883 -0.682234 -0.676678
vn 0.225083 -0.804204 -0.550085
vn 0.223463 -0.807349 -0.546124
vn 0.247090 -0.757821 -0.603866
vn 0.259715 -0.727789 -0.634721
vn 0.274792 -0.688102 -0.671569
vn 0.307802 -0.582571 -0.752243
vn 0.348353 -0.392252 -0.851345
vn 0.369769 -0.215936 -0.903683
vn 0.375671 -0.126295 -0.918107
vn 0.376738 -0.101742 -0.920716
vn 0.378703 0.000000 -0.925518
vn -0.367170 -0.085423 0.926223
vn -0.367141 -0.086358 0.926148
vn -0.367861 -0.059659 0.927965
vn -0.368447 0.019512 0.929444
vn -0.363948 0.156991 0.918094
vn -0.351865 0.297213 0.887612
vn -0.337373 0.402347 0.851056
vn -0.317666 0.506891 0.801342
vn -0.281978 0.643831 0.711316
vn -0.216334 0.809559 0.545723
vn -0.126729 0.939010 0.319686
vn -0.020659 0.998427 0.052115
vn 0.104979 0.958567 -0.264820
vn 0.207443 0.826517 -0.523294
vn 0.266714 0.690065 -0.672811
vn 0.306106 0.556807 -0.772182
vn 0.335542 0.413466 -0.846438
vn 0.353925 0.278616 -0.892810
vn 0.363396 0.166141 -0.916701
vn 0.367745 0.064702 -0.927673
vn 0.368310 -0.033583 -0.929096
vn 0.365494 -0.127829 -0.921994
vn 0.359671 -0.217799 -0.907304
vn 0.349339 -0.318398 -0.881241
vn 0.324411 -0.474391 -0.818358
vn 0.270496 -0.679138 -0.682352
vn 0.219391 -0.803479 -0.553434
vn 0.217453 -0.807349 -0.548545
vn 0.240444 -0.757821 -0.606543
vn 0.252730 -0.727789 -0.637535
vn 0.267401 -0.688102 -0.674546
vn 0.299524 -0.582571 -0.755577
vn 0.338984 -0.392252 -0.855119
vn 0.359823 -0.215936 -0.907689
vn 0.365567 -0.126295 -0.922177
vn 0.366605 -0.101742 -0.924797
vn 0.368517 0.000000 -0.929621
vn -0.356856 -0.084930 0.930291
vn -0.356835 -0.085595 0.930238
vn -0.357528 -0.058877 0.932044
vn -0.358084 0.019160 0.933493
vn -0.353918 0.153265 0.922633
vn -0.342849 0.289170 0.893776
vn -0.329642 0.390975 0.859346
vn -0.311762 0.492205 0.812735
vn -0.279264 0.626103 0.728015
vn -0.218346 0.792672 0.569207
vn -0.132679 0.928850 0.345881
vn -0.028198 0.996896 0.073510
vn 0.098268 0.961622 -0.256176
vn 0.201707 0.826326 -0.525833
vn 0.260761 0.685494 -0.679780
vn 0.299295 0.549230 -0.780236
vn 0.327478 0.404903 -0.853705
vn 0.344708 0.271396 -0.898622
vn 0.353454 0.161394 -0.921424
vn 0.357443 0.062796 -0.931821
vn 0.357959 -0.032630 -0.933167
vn 0.355361 -0.124553 -0.926394
vn 0.349939 -0.212897 -0.912260
vn 0.340239 -0.312275 -0.886973
vn 0.316596 -0.467531 -0.825337
vn 0.264418 -0.674486 -0.689313
vn 0.213747 -0.802383 -0.557219
vn 0.211335 -0.807349 -0.550931
vn 0.233679 -0.757821 -0.609181
vn 0.245620 -0.727789 -0.640308
vn 0.259878 -0.688102 -0.677480
vn 0.291097 -0.582571 -0.758864
vn 0.329447 -0.392252 -0.858838
vn 0.349700 -0.215936 -0.911637
vn 0.355282 -0.126295 -0.926188
vn 0.356291 -0.101742 -0.928819
vn 0.358150 0.000000 -0.933664
vn -0.346363 -0.084271 0.934308
vn -0.346354 -0.084580 0.934283
vn -0.347017 -0.057848 0.936073
vn -0.347539 0.018701 0.937479
vn -0.343746 0.148480 0.927250
vn -0.333807 0.278899 0.900438
vn -0.322029 0.376450 0.868667
vn -0.306184 0.473391 0.825925
vn -0.277270 0.603094 0.747930
vn -0.221807 0.769944 0.598320
vn -0.140812 0.914273 0.379837
vn -0.037991 0.994009 0.102481
vn 0.090370 0.965613 -0.243770
vn 0.195898 0.826066 -0.528431
vn 0.255075 0.679347 -0.688059
vn 0.292739 0.539205 -0.789659
vn 0.319514 0.393785 -0.861884
vn 0.335443 0.262154 -0.904850
vn 0.343379 0.155364 -0.926258
vn 0.346965 0.060381 -0.935932
vn 0.347428 -0.031420 -0.937180
vn 0.345072 -0.120366 -0.930826
vn 0.340102 -0.206579 -0.917418
vn 0.331113 -0.304314 -0.893172
vn 0.308911 -0.458492 -0.833282
vn 0.258597 -0.668233 -0.697562
vn 0.208144 -0.800896 -0.561463
vn 0.205109 -0.807349 -0.553279
vn 0.226796 -0.757821 -0.611777
vn 0.238384 -0.727789 -0.643037
vn 0.252223 -0.688102 -0.680367
vn 0.282522 -0.582571 -0.762098
vn 0.319742 -0.392252 -0.862498
vn 0.339399 -0.215936 -0.915522
vn 0.344816 -0.126295 -0.930135
vn 0.345796 -0.101742 -0.932778
vn 0.347599 0.000000 -0.937643
vn -0.335690 -0.083470 0.938267
vn -0.335694 -0.083360 0.938276
vn -0.336326 -0.056625 0.940042
vn -0.336810 0.018165 0.941397
vn -0.333406 0.142963 0.931881
vn -0.324624 0.267141 0.907334
vn -0.314303 0.359825 0.878487
vn -0.300525 0.451796 0.839979
vn -0.275297 0.576310 0.769466
vn -0.225694 0.742379 0.630822
vn -0.150105 0.895237 0.419548
vn -0.049390 0.989194 0.138046
vn 0.081508 0.970286 -0.227819
vn 0.190007 0.825745 -0.531076
vn 0.249515 0.671840 -0.697404
vn 0.286245 0.527218 -0.800065
vn 0.311486 0.380796 -0.870615
vn 0.326034 0.251544 -0.911278
vn 0.333131 0.148505 -0.931112
vn 0.336306 0.057643 -0.939987
vn 0.336714 -0.030045 -0.941128
vn 0.334609 -0.115564 -0.935244
vn 0.330110 -0.199265 -0.922670
vn 0.321875 -0.294998 -0.899651
vn 0.301214 -0.447738 -0.841903
vn 0.252897 -0.660605 -0.706855
vn 0.202541 -0.799061 -0.566109
vn 0.198776 -0.807349 -0.555586
vn 0.219793 -0.757821 -0.614328
vn 0.231023 -0.727789 -0.645718
vn 0.244435 -0.688102 -0.683204
vn 0.273798 -0.582571 -0.765275
vn 0.309869 -0.392252 -0.866094
vn 0.328919 -0.215936 -0.919339
vn 0.334169 -0.126295 -0.934013
vn 0.335118 -0.101742 -0.936667
vn 0.336866 0.000000 -0.941553
vn -0.324836 -0.082581 0.942158
vn -0.324851 -0.082018 0.942202
vn -0.325451 -0.055301 0.943941
vn -0.325899 0.017592 0.945241
vn -0.322868 0.137181 0.936450
vn -0.315181 0.254917 0.914154
vn -0.306228 0.342559 0.888188
vn -0.294382 0.429319 0.853829
vn -0.272636 0.548061 0.790758
vn -0.228852 0.712070 0.663764
vn -0.159191 0.872625 0.461719
vn -0.061331 0.982138 0.177885
vn 0.072109 0.975222 -0.209147
vn 0.184023 0.825382 -0.533742
vn 0.243882 0.663450 -0.707358
vn 0.279568 0.514145 -0.810862
vn 0.303206 0.366995 -0.879421
vn 0.316384 0.240481 -0.917644
vn 0.322673 0.141421 -0.935886
vn 0.325459 0.054824 -0.943965
vn 0.325816 -0.028624 -0.945000
vn 0.323951 -0.110562 -0.939591
vn 0.319913 -0.191565 -0.927879
vn 0.312424 -0.285077 -0.906158
vn 0.293325 -0.436073 -0.850765
vn 0.247116 -0.652088 -0.716739
vn 0.196875 -0.796982 -0.571017
vn 0.192334 -0.807349 -0.557848
vn 0.212670 -0.757821 -0.616830
vn 0.223536 -0.727789 -0.648348
vn 0.236513 -0.688102 -0.685986
vn 0.264925 -0.582571 -0.768392
vn 0.299827 -0.392252 -0.869622
vn 0.318259 -0.215936 -0.923083
vn 0.323339 -0.126295 -0.937817
vn 0.324258 -0.101742 -0.940481
vn 0.325949 0.000000 -0.945387
vn -0.313797 -0.081676 0.945971
vn -0.313823 -0.080667 0.946048
vn -0.314390 -0.053987 0.947758
vn -0.314804 0.017034 0.949004
vn -0.312109 0.131638 0.940882
vn -0.305389 0.243297 0.920622
vn -0.297631 0.326168 0.897235
vn -0.287457 0.407959 0.866567
vn -0.268758 0.520913 0.810197
vn -0.230321 0.681812 0.694323
vn -0.166702 0.848331 0.502538
vn -0.072521 0.973111 0.218622
vn 0.062761 0.979931 -0.189200
vn 0.177930 0.825003 -0.536386
vn 0.237948 0.654856 -0.717317
vn 0.272467 0.501099 -0.821378
vn 0.294511 0.353585 -0.887830
vn 0.306413 0.229931 -0.923711
vn 0.311979 0.134727 -0.940488
vn 0.314421 0.052170 -0.947849
vn 0.314732 -0.027283 -0.948788
vn 0.313082 -0.105796 -0.943815
vn 0.309465 -0.184151 -0.932909
vn 0.302673 -0.275411 -0.912435
vn 0.285074 -0.424494 -0.859382
vn 0.241034 -0.643373 -0.726618
vn 0.191065 -0.794820 -0.575982
vn 0.185784 -0.807349 -0.560064
vn 0.205427 -0.757821 -0.619280
vn 0.215924 -0.727789 -0.650922
vn 0.228459 -0.688102 -0.688710
vn 0.255903 -0.582571 -0.771443
vn 0.289617 -0.392252 -0.873075
vn 0.307421 -0.215936 -0.926749
vn 0.312328 -0.126295 -0.941542
vn 0.313215 -0.101742 -0.944216
vn 0.314849 0.000000 -0.949142
vn -0.302573 -0.080838 0.949692
vn -0.302607 -0.079430 0.949800
vn -0.303143 -0.052800 0.951481
vn -0.303525 0.016537 0.952680
vn -0.301116 0.126789 0.945121
vn -0.295195 0.233216 0.926537
vn -0.288415 0.311974 0.905256
vn -0.279598 0.389455 0.877582
vn -0.263386 0.497194 0.826696
vn -0.229509 0.654524 0.720364
vn -0.171566 0.824976 0.538497
vn -0.081679 0.963122 0.256367
vn 0.054143 0.983966 -0.169940
vn 0.171712 0.824646 -0.538957
vn 0.231503 0.646857 -0.726624
vn 0.264751 0.489261 -0.830981
vn 0.285293 0.341716 -0.895454
vn 0.296077 0.220751 -0.929305
vn 0.301032 0.128951 -0.944855
vn 0.303188 0.049886 -0.951624
vn 0.303463 -0.026124 -0.952485
vn 0.301994 -0.101650 -0.947875
vn 0.298738 -0.177641 -0.937656
vn 0.292560 -0.266831 -0.918265
vn 0.276324 -0.414038 -0.867305
vn 0.234441 -0.635270 -0.735846
vn 0.185027 -0.792777 -0.580749
vn 0.179127 -0.807349 -0.562229
vn 0.198066 -0.757821 -0.621673
vn 0.208186 -0.727789 -0.653438
vn 0.220272 -0.688102 -0.691372
vn 0.246733 -0.582571 -0.774425
vn 0.279238 -0.392252 -0.876450
vn 0.296404 -0.215936 -0.930331
vn 0.301135 -0.126295 -0.945181
vn 0.301991 -0.101742 -0.947866
vn 0.303566 0.000000 -0.952810
vn -0.291161 -0.080151 0.953311
vn -0.291201 -0.078426 0.953442
vn -0.291708 -0.051849 0.955101
vn -0.292063 0.016144 0.956263
vn -0.289883 0.123005 0.949125
vn -0.284584 0.225402 0.931776
vn -0.278555 0.300991 0.912037
vn -0.270768 0.375143 0.886540
vn -0.256452 0.478741 0.839666
vn -0.226184 0.632777 0.740564
vn -0.173137 0.805400 0.566881
vn -0.087756 0.953803 0.287330
vn 0.046927 0.987011 -0.153646
vn 0.165354 0.824347 -0.541397
vn 0.224376 0.640274 -0.734646
vn 0.256293 0.479735 -0.839147
vn 0.275495 0.332365 -0.902018
vn 0.285358 0.213618 -0.934312
vn 0.289828 0.124492 -0.948947
vn 0.291762 0.048127 -0.955279
vn 0.292008 -0.025230 -0.956083
vn 0.290682 -0.098428 -0.951743
vn 0.287720 -0.172544 -0.942044
vn 0.282051 -0.260054 -0.923482
vn 0.266987 -0.405658 -0.874162
vn 0.227173 -0.628609 -0.743803
vn 0.178684 -0.791073 -0.585043
vn 0.172361 -0.807349 -0.564339
vn 0.190585 -0.757821 -0.624007
vn 0.200323 -0.727789 -0.655892
vn 0.211952 -0.688102 -0.693968
vn 0.237414 -0.582571 -0.777333
vn 0.268691 -0.392252 -0.879740
vn 0.285209 -0.215936 -0.933824
vn 0.289762 -0.126295 -0.948729
vn 0.290585 -0.101742 -0.951425
vn 0.292101 0.000000 -0.956388
vn -0.279562 -0.079692 0.956815
vn -0.279605 -0.077760 0.956961
vn -0.280086 -0.051223 0.958607
vn -0.280418 0.015889 0.959746
vn -0.278408 0.120568 0.952865
vn -0.273558 0.220394 0.936265
vn -0.268063 0.293962 0.917458
vn -0.260996 0.365988 0.893271
vn -0.248009 0.466896 0.848823
vn -0.220356 0.618591 0.754181
vn -0.171159 0.792177 0.585799
vn -0.090065 0.947032 0.308252
vn 0.041668 0.988901 -0.142612
vn 0.158843 0.824145 -0.543649
vn 0.216454 0.635866 -0.740825
vn 0.247028 0.473461 -0.845465
vn 0.265103 0.326301 -0.907330
vn 0.274258 0.209038 -0.938662
vn 0.278371 0.121643 -0.952739
vn 0.280144 0.047004 -0.958807
vn 0.280369 -0.024659 -0.959576
vn 0.279149 -0.096360 -0.955401
vn 0.276408 -0.169252 -0.946019
vn 0.271134 -0.255650 -0.927971
vn 0.257021 -0.400155 -0.879668
vn 0.219120 -0.624151 -0.749948
vn 0.171977 -0.789920 -0.588600
vn 0.165489 -0.807349 -0.566393
vn 0.182986 -0.757821 -0.626278
vn 0.192336 -0.727789 -0.658278
vn 0.203501 -0.688102 -0.696493
vn 0.227947 -0.582571 -0.780161
vn 0.257978 -0.392252 -0.882941
vn 0.273837 -0.215936 -0.937222
vn 0.278208 -0.126295 -0.952182
vn 0.278999 -0.101742 -0.954887
vn 0.280454 0.000000 -0.959868
vn -0.267776 -0.079525 0.960194
vn -0.267818 -0.077518 0.960346
vn -0.268277 -0.050997 0.961991
vn -0.268593 0.015797 0.963124
vn -0.266695 0.119694 0.956319
vn -0.262129 0.218605 0.939947
vn -0.256964 0.291454 0.921425
vn -0.250332 0.362722 0.897645
vn -0.238147 0.462662 0.853950
vn -0.212137 0.613480 0.760684
vn -0.165618 0.787326 0.593875
vn -0.088284 0.944452 0.316569
vn 0.038712 0.989561 -0.138815
vn 0.152174 0.824070 -0.545666
vn 0.207682 0.634254 -0.744708
vn 0.236937 0.471188 -0.849613
vn 0.254125 0.324121 -0.911244
vn 0.262786 0.207400 -0.942300
vn 0.266665 0.120626 -0.956211
vn 0.268335 0.046604 -0.962198
vn 0.268546 -0.024455 -0.962956
vn 0.267396 -0.095620 -0.958831
vn 0.264805 -0.168072 -0.949542
vn 0.259812 -0.254065 -0.931638
vn 0.246415 -0.398163 -0.883598
vn 0.210228 -0.622522 -0.753838
vn 0.164871 -0.789496 -0.591197
vn 0.158509 -0.807349 -0.568385
vn 0.175269 -0.757821 -0.628481
vn 0.184224 -0.727789 -0.660594
vn 0.194919 -0.688102 -0.698943
vn 0.218334 -0.582571 -0.782906
vn 0.247098 -0.392252 -0.886048
vn 0.262289 -0.215936 -0.940519
vn 0.266476 -0.126295 -0.955531
vn 0.267233 -0.101742 -0.958246
vn 0.268627 0.000000 -0.963244
vn -0.255804 -0.079693 0.963438
vn -0.255843 -0.077761 0.963586
vn -0.256283 -0.051224 0.965243
vn -0.256588 0.015889 0.966390
vn -0.254748 0.120570 0.959461
vn -0.250310 0.220399 0.942746
vn -0.245282 0.293969 0.923807
vn -0.238815 0.365997 0.899452
vn -0.226931 0.466907 0.854693
vn -0.201627 0.618605 0.759391
vn -0.156609 0.792190 0.589838
vn -0.082406 0.947038 0.310367
vn 0.038130 0.988899 -0.143611
vn 0.145344 0.824145 -0.547412
vn 0.198059 0.635870 -0.745950
vn 0.226034 0.473468 -0.851315
vn 0.242574 0.326307 -0.913609
vn 0.250951 0.209042 -0.945159
vn 0.254715 0.121646 -0.959335
vn 0.256337 0.047005 -0.965444
vn 0.256542 -0.024659 -0.966218
vn 0.255426 -0.096362 -0.962014
vn 0.252918 -0.169255 -0.952568
vn 0.248092 -0.255654 -0.934394
vn 0.235178 -0.400160 -0.885756
vn 0.200497 -0.624156 -0.755136
vn 0.157362 -0.789921 -0.592673
vn 0.151425 -0.807349 -0.570314
vn 0.167435 -0.757821 -0.630613
vn 0.175990 -0.727789 -0.662835
vn 0.186207 -0.688102 -0.701315
vn 0.208576 -0.582571 -0.785562
vn 0.236054 -0.392252 -0.889054
vn 0.250566 -0.215936 -0.943710
vn 0.254565 -0.126295 -0.958773
vn 0.255289 -0.101742 -0.961497
vn 0.256620 0.000000 -0.966512
vn -0.243649 -0.080218 0.966540
vn -0.243682 -0.078524 0.966671
vn -0.244107 -0.051941 0.968356
vn -0.244405 0.016182 0.969538
vn -0.242570 0.123369 0.962258
vn -0.238104 0.226151 0.944543
vn -0.233020 0.302042 0.924376
vn -0.226449 0.376513 0.898309
vn -0.214369 0.480511 0.850385
vn -0.188854 0.634881 0.749173
vn -0.144242 0.807332 0.572197
vn -0.072690 0.954760 0.288356
vn 0.039698 0.986724 -0.157481
vn 0.138362 0.824376 -0.548871
vn 0.187632 0.640920 -0.744323
vn 0.214348 0.480661 -0.850306
vn 0.230463 0.333267 -0.914232
vn 0.238758 0.214302 -0.947137
vn 0.242522 0.124919 -0.962070
vn 0.244152 0.048295 -0.968534
vn 0.244359 -0.025316 -0.969354
vn 0.243243 -0.098737 -0.964927
vn 0.240750 -0.173034 -0.955039
vn 0.235984 -0.260708 -0.936132
vn 0.223333 -0.406472 -0.885948
vn 0.189975 -0.629262 -0.753617
vn 0.149474 -0.791241 -0.592954
vn 0.144236 -0.807349 -0.572174
vn 0.159486 -0.757821 -0.632671
vn 0.167635 -0.727789 -0.664997
vn 0.177367 -0.688102 -0.703602
vn 0.198674 -0.582571 -0.788125
vn 0.224847 -0.392252 -0.891954
vn 0.238670 -0.215936 -0.946788
vn 0.242480 -0.126295 -0.961901
vn 0.243169 -0.101742 -0.964633
vn 0.244437 0.000000 -0.969665
vn -0.231314 -0.081098 0.969493
vn -0.231339 -0.079813 0.969594
vn -0.231751 -0.053165 0.971321
vn -0.232047 0.016689 0.972561
vn -0.230162 0.128267 0.964662
vn -0.225508 0.236280 0.945155
vn -0.220165 0.316285 0.922763
vn -0.213199 0.395074 0.893567
vn -0.200391 0.504415 0.839886
vn -0.173757 0.662913 0.728255
vn -0.128647 0.832300 0.539190
vn -0.059664 0.966389 0.250066
vn 0.042922 0.982749 -0.179895
vn 0.131238 0.824757 -0.550047
vn 0.176495 0.649344 -0.739731
vn 0.201927 0.492912 -0.846323
vn 0.217800 0.345346 -0.912852
vn 0.226206 0.223544 -0.948082
vn 0.230088 0.130704 -0.964353
vn 0.231782 0.050578 -0.971452
vn 0.231998 -0.026476 -0.972356
vn 0.230847 -0.102911 -0.967533
vn 0.228304 -0.179627 -0.956876
vn 0.223495 -0.269458 -0.936719
vn 0.210911 -0.417258 -0.883976
vn 0.178750 -0.637789 -0.749182
vn 0.141262 -0.793416 -0.592061
vn 0.136944 -0.807349 -0.573963
vn 0.151423 -0.757821 -0.634649
vn 0.159160 -0.727789 -0.667077
vn 0.168400 -0.688102 -0.705802
vn 0.188629 -0.582571 -0.790589
vn 0.213480 -0.392252 -0.894743
vn 0.226604 -0.215936 -0.949749
vn 0.230221 -0.126295 -0.964908
vn 0.230875 -0.101742 -0.967649
vn 0.232079 0.000000 -0.972697
vn -0.218804 -0.082300 0.972292
vn -0.218816 -0.081598 0.972348
vn -0.219217 -0.054890 0.974131
vn -0.219515 0.017416 0.975454
vn -0.217526 0.135427 0.966614
vn -0.212507 0.251229 0.944312
vn -0.206678 0.337354 0.918410
vn -0.198987 0.422537 0.884232
vn -0.184861 0.539471 0.821460
vn -0.156225 0.702613 0.694211
vn -0.110082 0.865215 0.489168
vn -0.044187 0.979537 0.196351
vn 0.047099 0.976718 -0.209293
vn 0.123989 0.825265 -0.550966
vn 0.164786 0.660791 -0.732257
vn 0.188841 0.510072 -0.839146
vn 0.204593 0.362769 -0.909143
vn 0.213286 0.237136 -0.947774
vn 0.217408 0.139292 -0.966091
vn 0.219228 0.053979 -0.974179
vn 0.219461 -0.028198 -0.975214
vn 0.218239 -0.109051 -0.969783
vn 0.215582 -0.189222 -0.957977
vn 0.210636 -0.282034 -0.935996
vn 0.197957 -0.432451 -0.879658
vn 0.166957 -0.649390 -0.741901
vn 0.132801 -0.796316 -0.590122
vn 0.129550 -0.807349 -0.575677
vn 0.143247 -0.757821 -0.636544
vn 0.150567 -0.727789 -0.669069
vn 0.159307 -0.688102 -0.707910
vn 0.178445 -0.582571 -0.792950
vn 0.201953 -0.392252 -0.897415
vn 0.214369 -0.215936 -0.952585
vn 0.217790 -0.126295 -0.967790
vn 0.218409 -0.101742 -0.970539
vn 0.219548 0.000000 -0.975602
vn -0.206122 -0.083763 0.974935
vn -0.206121 -0.083805 0.974931
vn -0.206511 -0.057069 0.976778
vn -0.206814 0.018359 0.978208
vn -0.204664 0.144946 0.968041
vn -0.199087 0.271356 0.941663
vn -0.192514 0.365784 0.910572
vn -0.183714 0.459543 0.868948
vn -0.167617 0.585961 0.792814
vn -0.136242 0.752446 0.644409
vn -0.089148 0.902359 0.421663
vn -0.027499 0.991124 0.130069
vn 0.051427 0.968600 -0.243247
vn 0.116636 0.825863 -0.551676
vn 0.152694 0.674592 -0.722226
vn 0.175202 0.531580 -0.828690
vn 0.190862 0.385485 -0.902759
vn 0.199991 0.255351 -0.945938
vn 0.204478 0.150959 -0.967161
vn 0.206493 0.058621 -0.976690
vn 0.206752 -0.030537 -0.977917
vn 0.205421 -0.117286 -0.971620
vn 0.202589 -0.201897 -0.958225
vn 0.197427 -0.298363 -0.933810
vn 0.184550 -0.451645 -0.872902
vn 0.154777 -0.663400 -0.732082
vn 0.124182 -0.799736 -0.587368
vn 0.122056 -0.807349 -0.577312
vn 0.134961 -0.757821 -0.638352
vn 0.141857 -0.727789 -0.670969
vn 0.150092 -0.688102 -0.709921
vn 0.168122 -0.582571 -0.795202
vn 0.190271 -0.392252 -0.899964
vn 0.201968 -0.215936 -0.955291
vn 0.205192 -0.126295 -0.970539
vn 0.205775 -0.101742 -0.973296
vn 0.206848 0.000000 -0.978373
vn -0.193274 -0.085391 0.977422
vn -0.193258 -0.086308 0.977344
vn -0.193637 -0.059608 0.979261
vn -0.193946 0.019489 0.980819
vn -0.191585 0.156745 0.968879
vn -0.185249 0.296680 0.936837
vn -0.177653 0.401594 0.898422
vn -0.167325 0.505920 0.846196
vn -0.148619 0.642665 0.751595
vn -0.114167 0.808466 0.577364
vn -0.067047 0.938370 0.339067
vn -0.011160 0.998344 0.056437
vn 0.055129 0.958767 -0.278795
vn 0.109198 0.826505 -0.552237
vn 0.140449 0.689768 -0.710277
vn 0.161194 0.556312 -0.815189
vn 0.176674 0.412902 -0.893475
vn 0.186328 0.278139 -0.942296
vn 0.191297 0.165826 -0.967423
vn 0.193577 0.064576 -0.978957
vn 0.193873 -0.033519 -0.980454
vn 0.192396 -0.127612 -0.972984
vn 0.189340 -0.217476 -0.957525
vn 0.183913 -0.317995 -0.930083
vn 0.170812 -0.473942 -0.863830
vn 0.142439 -0.678836 -0.720342
vn 0.115503 -0.803408 -0.584118
vn 0.114464 -0.807349 -0.578865
vn 0.126566 -0.757821 -0.640069
vn 0.133033 -0.727789 -0.672774
vn 0.140756 -0.688102 -0.711831
vn 0.157665 -0.582571 -0.797341
vn 0.178436 -0.392252 -0.902385
vn 0.189406 -0.215936 -0.957861
vn 0.192429 -0.126295 -0.973150
vn 0.192976 -0.101742 -0.975914
vn 0.193982 0.000000 -0.981005
vn -0.180267 -0.087058 0.979758
vn -0.180237 -0.088925 0.979595
vn -0.180602 -0.062340 0.981579
vn -0.180915 0.020748 0.983280
vn -0.178308 0.170382 0.969111
vn -0.171041 0.326428 0.929618
vn -0.162176 0.443591 0.881434
vn -0.149955 0.559702 0.815014
vn -0.128219 0.705636 0.696877
vn -0.091111 0.863992 0.495194
vn -0.045641 0.967669 0.248061
vn 0.003213 0.999842 -0.017464
vn 0.057567 0.948047 -0.312879
vn 0.101696 0.827137 -0.552723
vn 0.128318 0.705087 -0.697415
vn 0.147088 0.582472 -0.799432
vn 0.162181 0.443539 -0.881460
vn 0.172347 0.304734 -0.936714
vn 0.177878 0.183591 -0.966775
vn 0.180487 0.071754 -0.980957
vn 0.180829 -0.037088 -0.982815
vn 0.179179 -0.139714 -0.973845
vn 0.175873 -0.235296 -0.955879
vn 0.170182 -0.339868 -0.924947
vn 0.156938 -0.497819 -0.852964
vn 0.130204 -0.694449 -0.707664
vn 0.106855 -0.807029 -0.580763
vn 0.106776 -0.807349 -0.580333
vn 0.118066 -0.757821 -0.641692
vn 0.124098 -0.727789 -0.674480
vn 0.131302 -0.688102 -0.713635
vn 0.147076 -0.582571 -0.799362
vn 0.166452 -0.392252 -0.904672
vn 0.176684 -0.215936 -0.960289
vn 0.179505 -0.126295 -0.975616
vn 0.180015 -0.101742 -0.978388
vn 0.180954 0.000000 -0.983492
vn -0.167106 -0.088615 0.981949
vn -0.167064 -0.091420 0.981699
vn -0.167411 -0.065023 0.983741
vn -0.167726 0.022030 0.985588
vn -0.164876 0.184827 0.968842
vn -0.156620 0.358428 0.920326
vn -0.146387 0.488499 0.860198
vn -0.132147 0.616076 0.776523
vn -0.107520 0.767632 0.631807
vn -0.069101 0.911235 0.406048
vn -0.027101 0.986867 0.159248
vn 0.014316 0.996353 -0.084121
vn 0.058329 0.937613 -0.342754
vn 0.094144 0.827705 -0.553209
vn 0.116569 0.719176 -0.684980
vn 0.133244 0.607625 -0.782967
vn 0.147657 0.474719 -0.867663
vn 0.158182 0.333156 -0.929508
vn 0.164269 0.203116 -0.965277
vn 0.167232 0.079730 -0.982688
vn 0.167625 -0.041020 -0.984997
vn 0.165798 -0.152733 -0.974261
vn 0.162267 -0.253949 -0.953509
vn 0.156381 -0.362107 -0.918925
vn 0.143189 -0.521092 -0.841403
vn 0.118338 -0.708837 -0.695375
vn 0.098316 -0.810292 -0.577721
vn 0.098995 -0.807349 -0.581711
vn 0.109461 -0.757821 -0.643215
vn 0.115054 -0.727789 -0.676081
vn 0.121734 -0.688102 -0.715329
vn 0.136357 -0.582571 -0.801260
vn 0.154321 -0.392252 -0.906820
vn 0.163808 -0.215936 -0.962569
vn 0.166423 -0.126295 -0.977933
vn 0.166896 -0.101742 -0.980711
vn 0.167766 0.000000 -0.985827
vn -0.153800 -0.089908 0.984003
vn -0.153748 -0.093530 0.983674
vn -0.154074 -0.067353 0.985761
vn -0.154384 0.023181 0.987739
vn -0.151358 0.198308 0.968382
vn -0.142284 0.388672 0.910324
vn -0.130905 0.530492 0.837522
vn -0.115013 0.667305 0.735851
vn -0.088455 0.819695 0.565929
vn -0.050608 0.944774 0.323790
vn -0.013190 0.996346 0.084389
vn 0.021444 0.990312 -0.137197
vn 0.057248 0.928746 -0.366270
vn 0.086553 0.828163 -0.553764
vn 0.105427 0.730694 -0.674516
vn 0.120053 0.628981 -0.768095
vn 0.133502 0.502619 -0.854138
vn 0.144079 0.359865 -0.921813
vn 0.150571 0.222024 -0.963345
vn 0.153832 0.087550 -0.984211
vn 0.154270 -0.044841 -0.987011
vn 0.152307 -0.165076 -0.974450
vn 0.148640 -0.271148 -0.950991
vn 0.142712 -0.382030 -0.913064
vn 0.129863 -0.541120 -0.830858
vn 0.107068 -0.720619 -0.685014
vn 0.089934 -0.812916 -0.575396
vn 0.091122 -0.807349 -0.582996
vn 0.100757 -0.757821 -0.644636
vn 0.105905 -0.727789 -0.677575
vn 0.112053 -0.688102 -0.716910
vn 0.125514 -0.582571 -0.803030
vn 0.142049 -0.392252 -0.908823
vn 0.150782 -0.215936 -0.964695
vn 0.153189 -0.126295 -0.980093
vn 0.153624 -0.101742 -0.982878
vn 0.154425 0.000000 -0.988005
vn -0.140352 -0.090797 0.985930
vn -0.140297 -0.095002 0.985541
vn -0.140598 -0.069014 0.987658
vn -0.140894 0.024024 0.989733
vn -0.137837 0.208494 0.968262
vn -0.128435 0.411715 0.902217
vn -0.116566 0.562067 0.818837
vn -0.100005 0.704621 0.702501
vn -0.073167 0.854681 0.513971
vn -0.037533 0.963886 0.263657
vn -0.004702 0.999443 0.033032
vn 0.024545 0.984717 -0.172424
vn 0.054374 0.922578 -0.381961
vn 0.078928 0.828470 -0.554444
vn 0.095023 0.738516 -0.667506
vn 0.107831 0.643892 -0.757479
vn 0.120130 0.522923 -0.843873
vn 0.130355 0.380128 -0.915702
vn 0.136927 0.236764 -0.961870
vn 0.140314 0.093717 -0.985662
vn 0.140773 -0.047833 -0.988886
vn 0.138771 -0.174528 -0.974824
vn 0.135131 -0.284006 -0.949253
vn 0.129379 -0.396567 -0.908843
vn 0.117212 -0.555262 -0.823374
vn 0.096527 -0.728632 -0.678069
vn 0.081730 -0.814677 -0.574126
vn 0.083162 -0.807349 -0.584184
vn 0.091955 -0.757821 -0.645951
vn 0.096653 -0.727789 -0.678956
vn 0.102264 -0.688102 -0.718371
vn 0.114549 -0.582571 -0.804668
vn 0.129640 -0.392252 -0.910676
vn 0.137609 -0.215936 -0.966662
vn 0.139806 -0.126295 -0.982092
vn 0.140203 -0.101742 -0.984882
vn 0.140934 0.000000 -0.990019
vn -0.126769 -0.091184 0.987732
vn -0.126716 -0.095648 0.987317
vn -0.126990 -0.069752 0.989448
vn -0.127262 0.024405 0.991569
vn -0.124373 0.213186 0.969063
vn -0.115387 0.422373 0.899048
vn -0.104014 0.576521 0.810435
vn -0.088170 0.721303 0.686984
vn -0.062889 0.869447 0.490006
vn -0.030409 0.971050 0.236934
vn -0.001390 0.999940 0.010830
vn 0.024074 0.981955 -0.187578
vn 0.049927 0.919881 -0.389006
vn 0.071267 0.828602 -0.555284
vn 0.085357 0.741894 -0.665062
vn 0.096692 0.650433 -0.753384
vn 0.107786 0.532050 -0.839824
vn 0.117248 0.389478 -0.913542
vn 0.123462 0.243688 -0.961963
vn 0.126704 0.096638 -0.987222
vn 0.127145 -0.049242 -0.990661
vn 0.125246 -0.178920 -0.975859
vn 0.121834 -0.289888 -0.949274
vn 0.116498 -0.403118 -0.907703
vn 0.105337 -0.561510 -0.820738
vn 0.086717 -0.732095 -0.675661
vn 0.073688 -0.815434 -0.574141
vn 0.075116 -0.807349 -0.585273
vn 0.083058 -0.757821 -0.647155
vn 0.087302 -0.727789 -0.680222
vn 0.092370 -0.688102 -0.719710
vn 0.103467 -0.582571 -0.806168
vn 0.117098 -0.392252 -0.912374
vn 0.124296 -0.215936 -0.968464
vn 0.126280 -0.126295 -0.983922
vn 0.126639 -0.101742 -0.986717
vn 0.127300 0.000000 -0.991864
vn -0.113055 -0.091030 0.989410
vn -0.113009 -0.095391 0.989004
vn -0.113253 -0.069457 0.991135
vn -0.113493 0.024253 0.993243
vn -0.110963 0.211303 0.971102
vn -0.103128 0.418092 0.902532
vn -0.093221 0.570728 0.815831
vn -0.079410 0.714650 0.694960
vn -0.057233 0.863625 0.500875
vn -0.028361 0.968292 0.248205
vn -0.002250 0.999804 0.019687
vn 0.020799 0.983074 -0.182023
vn 0.044238 0.920953 -0.387155
vn 0.063565 0.828549 -0.556296
vn 0.076290 0.740554 -0.667652
vn 0.086483 0.647832 -0.756858
vn 0.096383 0.528403 -0.843505
vn 0.104741 0.385724 -0.916649
vn 0.110183 0.240899 -0.964276
vn 0.113008 0.095460 -0.988998
vn 0.113392 -0.048674 -0.992357
vn 0.111731 -0.177154 -0.977820
vn 0.108733 -0.287530 -0.951580
vn 0.104024 -0.400499 -0.910373
vn 0.094131 -0.559022 -0.823792
vn 0.077502 -0.730721 -0.678262
vn 0.065763 -0.815134 -0.575527
vn 0.066989 -0.807349 -0.586259
vn 0.074072 -0.757821 -0.648245
vn 0.077857 -0.727789 -0.681367
vn 0.082377 -0.688102 -0.720923
vn 0.092272 -0.582571 -0.807525
vn 0.104428 -0.392252 -0.913911
vn 0.110848 -0.215936 -0.970095
vn 0.112618 -0.126295 -0.985579
vn 0.112938 -0.101742 -0.988379
vn 0.113527 0.000000 -0.993535
vn -0.099214 -0.090365 0.990954
vn -0.099177 -0.094285 0.990593
vn -0.099389 -0.068202 0.992709
vn -0.099593 0.023610 0.994748
vn -0.097538 0.203448 0.974215
vn -0.091292 0.400283 0.911833
vn -0.083432 0.546453 0.833323
vn -0.072455 0.686312 0.723689
vn -0.054384 0.837843 0.543195
vn -0.029532 0.955051 0.294967
vn -0.005835 0.998283 0.058279
vn 0.015659 0.987569 -0.156401
vn 0.037712 0.925578 -0.376674
vn 0.055813 0.828322 -0.557466
vn 0.067579 0.734728 -0.674987
vn 0.076825 0.636631 -0.767332
vn 0.085517 0.512949 -0.854149
vn 0.092548 0.370083 -0.924377
vn 0.096964 0.229413 -0.968487
vn 0.099211 0.090633 -0.990930
vn 0.099514 -0.046339 -0.993957
vn 0.098174 -0.169832 -0.980571
vn 0.095704 -0.277652 -0.955903
vn 0.091757 -0.389421 -0.916478
vn 0.083308 -0.548358 -0.832084
vn 0.068640 -0.724751 -0.685583
vn 0.057891 -0.813826 -0.578218
vn 0.058784 -0.807349 -0.587139
vn 0.064999 -0.757821 -0.649217
vn 0.068320 -0.727789 -0.682390
vn 0.072286 -0.688102 -0.722004
vn 0.080970 -0.582571 -0.808737
vn 0.091637 -0.392252 -0.915282
vn 0.097271 -0.215936 -0.971550
vn 0.098823 -0.126295 -0.987058
vn 0.099104 -0.101742 -0.989862
vn 0.099621 0.000000 -0.995025
vn -0.085248 -0.089279 0.992352
vn -0.085223 -0.092500 0.992059
vn -0.085402 -0.066208 0.994144
vn -0.085568 0.022611 0.996076
vn -0.084004 0.191568 0.977878
vn -0.079395 0.373510 0.924222
vn -0.073647 0.509507 0.857309
vn -0.065628 0.641912 0.763965
vn -0.051982 0.794440 0.605114
vn -0.031624 0.929235 0.368133
vn -0.010479 0.992477 0.121982
vn 0.009684 0.993579 -0.112729
vn 0.030785 0.933076 -0.358360
vn 0.048000 0.827942 -0.558756
vn 0.058939 0.725114 -0.686102
vn 0.067252 0.618545 -0.782866
vn 0.074667 0.488816 -0.869186
vn 0.080288 0.346492 -0.934611
vn 0.083635 0.212486 -0.973578
vn 0.085290 0.083593 -0.992843
vn 0.085511 -0.042911 -0.995413
vn 0.084502 -0.158881 -0.983675
vn 0.082586 -0.262575 -0.961371
vn 0.079441 -0.372168 -0.924760
vn 0.072510 -0.531301 -0.844075
vn 0.059846 -0.714909 -0.696652
vn 0.049997 -0.811649 -0.582002
vn 0.050504 -0.807349 -0.587909
vn 0.055844 -0.757821 -0.650069
vn 0.058697 -0.727789 -0.683285
vn 0.062105 -0.688102 -0.722951
vn 0.069566 -0.582571 -0.809798
vn 0.078730 -0.392252 -0.916482
vn 0.083570 -0.215936 -0.972825
vn 0.084904 -0.126295 -0.988353
vn 0.085145 -0.101742 -0.991160
vn 0.085590 0.000000 -0.996330
vn -0.071162 -0.087904 0.993584
vn -0.071147 -0.090275 0.993372
vn -0.071293 -0.063782 0.995414
vn -0.071422 0.021431 0.997216
vn -0.070298 0.178007 0.981515
vn -0.067098 0.343261 0.936840
vn -0.063160 0.467261 0.881860
vn -0.057701 0.589591 0.805638
vn -0.048123 0.739072 0.671905
vn -0.032514 0.890422 0.453974
vn -0.014517 0.979135 0.202692
vn 0.003919 0.998494 -0.054718
vn 0.023892 0.942418 -0.333584
vn 0.040116 0.827448 -0.560107
vn 0.050107 0.712770 -0.699605
vn 0.057361 0.596058 -0.800890
vn 0.063426 0.460162 -0.885567
vn 0.067689 0.319707 -0.945095
vn 0.070084 0.193804 -0.978534
vn 0.071233 0.075914 -0.994567
vn 0.071384 -0.039143 -0.996681
vn 0.070667 -0.146559 -0.986674
vn 0.069258 -0.245171 -0.967003
vn 0.066874 -0.351724 -0.933712
vn 0.061435 -0.510349 -0.857770
vn 0.050856 -0.702292 -0.710070
vn 0.042010 -0.808816 -0.586559
vn 0.042154 -0.807349 -0.588566
vn 0.046611 -0.757821 -0.650796
vn 0.048993 -0.727789 -0.684049
vn 0.051837 -0.688102 -0.723760
vn 0.058064 -0.582571 -0.810703
vn 0.065713 -0.392252 -0.917507
vn 0.069753 -0.215936 -0.973913
vn 0.070867 -0.126295 -0.989458
vn 0.071068 -0.101742 -0.992269
vn 0.071439 0.000000 -0.997445
vn -0.056962 -0.086389 0.994632
vn -0.056955 -0.087868 0.994503
vn -0.057069 -0.061227 0.996491
vn -0.057164 0.020230 0.998160
vn -0.056395 0.164702 0.984730
vn -0.054284 0.313980 0.947876
vn -0.051727 0.426035 0.903226
vn -0.048221 0.537322 0.841998
vn -0.041930 0.679841 0.732160
vn -0.030833 0.842133 0.538388
vn -0.016598 0.956936 0.289823
vn -0.000694 0.999926 0.012120
vn 0.017428 0.952414 -0.304308
vn 0.032154 0.826886 -0.561450
vn 0.040889 0.698969 -0.713982
vn 0.046904 0.571877 -0.818997
vn 0.051595 0.430919 -0.900915
vn 0.054656 0.293627 -0.954356
vn 0.056282 0.176115 -0.982759
vn 0.057041 0.068724 -0.996004
vn 0.057140 -0.035585 -0.997732
vn 0.056655 -0.134651 -0.989272
vn 0.055671 -0.227899 -0.972092
vn 0.053956 -0.330864 -0.942135
vn 0.049902 -0.488111 -0.871354
vn 0.041482 -0.688209 -0.724326
vn 0.033875 -0.805593 -0.591501
vn 0.033738 -0.807349 -0.589109
vn 0.037305 -0.757821 -0.651396
vn 0.039211 -0.727789 -0.684679
vn 0.041488 -0.688102 -0.724427
vn 0.046471 -0.582571 -0.811450
vn 0.052594 -0.392252 -0.918353
vn 0.055827 -0.215936 -0.974810
vn 0.056718 -0.126295 -0.990370
vn 0.056879 -0.101742 -0.993183
vn 0.057176 0.000000 -0.998364
vn -0.042654 -0.084878 0.995478
vn -0.042652 -0.085514 0.995424
vn -0.042734 -0.058795 0.997355
vn -0.042801 0.019123 0.998901
vn -0.042305 0.152879 0.987339
vn -0.040990 0.288338 0.956651
vn -0.039422 0.389798 0.920056
vn -0.037301 0.490684 0.870539
vn -0.033443 0.624254 0.780505
vn -0.026198 0.790879 0.611412
vn -0.015978 0.927737 0.372891
vn -0.003473 0.996703 0.081066
vn 0.011698 0.961942 -0.273003
vn 0.024111 0.826305 -0.562706
vn 0.031187 0.685010 -0.727866
vn 0.035796 0.548433 -0.835428
vn 0.039159 0.404010 -0.913916
vn 0.041211 0.270648 -0.961796
vn 0.042251 0.160904 -0.986065
vn 0.042724 0.062599 -0.997124
vn 0.042786 -0.032532 -0.998554
vn 0.042477 -0.124214 -0.991346
vn 0.041832 -0.212387 -0.976290
vn 0.040677 -0.311636 -0.949331
vn 0.037858 -0.466811 -0.883546
vn 0.031624 -0.673993 -0.738061
vn 0.025555 -0.802266 -0.596419
vn 0.025260 -0.807349 -0.589533
vn 0.027931 -0.757821 -0.651865
vn 0.029358 -0.727789 -0.685172
vn 0.031062 -0.688102 -0.724949
vn 0.034794 -0.582571 -0.812035
vn 0.039378 -0.392252 -0.919014
vn 0.041798 -0.215936 -0.975512
vn 0.042466 -0.126295 -0.991083
vn 0.042586 -0.101742 -0.993899
vn 0.042808 0.000000 -0.999083
vn -0.028245 -0.083494 0.996108
vn -0.028246 -0.083396 0.996116
vn -0.028299 -0.056661 0.997992
vn -0.028340 0.018180 0.999433
vn -0.028052 0.143123 0.989307
vn -0.027312 0.267479 0.963177
vn -0.026441 0.360303 0.932460
vn -0.025278 0.452418 0.891448
vn -0.023148 0.577087 0.816355
vn -0.018964 0.743195 0.668807
vn -0.012597 0.895821 0.444236
vn -0.004124 0.989357 0.145447
vn 0.006874 0.970150 -0.242407
vn 0.015987 0.825755 -0.563803
vn 0.020989 0.672064 -0.740196
vn 0.024079 0.527571 -0.849170
vn 0.026204 0.381174 -0.924132
vn 0.027431 0.251850 -0.967377
vn 0.028029 0.148702 -0.988485
vn 0.028297 0.057721 -0.997932
vn 0.028331 -0.030084 -0.999146
vn 0.028154 -0.115702 -0.992885
vn 0.027775 -0.199477 -0.979509
vn 0.027081 -0.295270 -0.955030
vn 0.025340 -0.448054 -0.893647
vn 0.021273 -0.660832 -0.750232
vn 0.017040 -0.799116 -0.600936
vn 0.016725 -0.807349 -0.589837
vn 0.018494 -0.757821 -0.652201
vn 0.019439 -0.727789 -0.685526
vn 0.020567 -0.688102 -0.725322
vn 0.023038 -0.582571 -0.812453
vn 0.026073 -0.392252 -0.919488
vn 0.027676 -0.215936 -0.976015
vn 0.028117 -0.126295 -0.991594
vn 0.028197 -0.101742 -0.994411
vn 0.028344 0.000000 -0.999598
vn -0.013745 -0.082328 0.996511
vn -0.013746 -0.081639 0.996567
vn -0.013771 -0.054930 0.998395
vn -0.013790 0.017434 0.999753
vn -0.013664 0.135599 0.990670
vn -0.013348 0.251590 0.967742
vn -0.012981 0.337863 0.941106
vn -0.012496 0.423201 0.905950
vn -0.011605 0.540313 0.841384
vn -0.009801 0.703544 0.710584
vn -0.006898 0.865952 0.500079
vn -0.002758 0.979802 0.199949
vn 0.002968 0.976572 -0.215172
vn 0.007789 0.825277 -0.564675
vn 0.010348 0.661054 -0.750267
vn 0.011859 0.510473 -0.859812
vn 0.012850 0.363184 -0.931629
vn 0.013397 0.237464 -0.971304
vn 0.013657 0.139500 -0.990128
vn 0.013771 0.054062 -0.998443
vn 0.013786 -0.028239 -0.999506
vn 0.013709 -0.109199 -0.993925
vn 0.013542 -0.189452 -0.981797
vn 0.013231 -0.282333 -0.959225
vn 0.012433 -0.432807 -0.901401
vn 0.010485 -0.649657 -0.760155
vn 0.008341 -0.796382 -0.604736
vn 0.008138 -0.807349 -0.590018
vn 0.008999 -0.757821 -0.652401
vn 0.009458 -0.727789 -0.685736
vn 0.010007 -0.688102 -0.725545
vn 0.011210 -0.582571 -0.812703
vn 0.012686 -0.392252 -0.919770
vn 0.013466 -0.215936 -0.976315
vn 0.013681 -0.126295 -0.991898
vn 0.013720 -0.101742 -0.994716
vn 0.013792 0.000000 -0.999905
vn 0.000838 -0.081439 0.996678
vn 0.000838 -0.080317 0.996769
vn 0.000840 -0.053648 0.998560
vn 0.000841 0.016891 0.999857
vn 0.000834 0.130242 0.991482
vn 0.000816 0.240387 0.970677
vn 0.000796 0.322067 0.946716
vn 0.000770 0.402613 0.915370
vn 0.000721 0.514078 0.857743
vn 0.000621 0.674027 0.738706
vn 0.000454 0.841807 0.539778
vn 0.000203 0.970447 0.241314
vn -0.000163 0.981104 -0.193481
vn -0.000475 0.824903 -0.565274
vn -0.000637 0.652601 -0.757702
vn -0.000729 0.497732 -0.867330
vn -0.000788 0.350180 -0.936682
vn -0.000819 0.227283 -0.973828
vn -0.000833 0.133057 -0.991108
vn -0.000840 0.051509 -0.998672
vn -0.000841 -0.026948 -0.999636
vn -0.000836 -0.104600 -0.994514
vn -0.000827 -0.182279 -0.983246
vn -0.000809 -0.272952 -0.962027
vn -0.000763 -0.421515 -0.906821
vn -0.000645 -0.641088 -0.767467
vn -0.000511 -0.794247 -0.607595
vn -0.000496 -0.807349 -0.590074
vn -0.000549 -0.757821 -0.652463
vn -0.000577 -0.727789 -0.685801
vn -0.000610 -0.688102 -0.725614
vn -0.000684 -0.582571 -0.812780
vn -0.000774 -0.392252 -0.919857
vn -0.000821 -0.215936 -0.976407
vn -0.000834 -0.126295 -0.991992
vn -0.000837 -0.101742 -0.994810
vn -0.000841 0.000000 -1.000000
vn 0.015494 -0.080854 0.996606
vn 0.015496 -0.079454 0.996718
vn 0.015523 -0.052823 0.998483
vn 0.015543 0.016547 0.999742
vn 0.015419 0.126881 0.991798
vn 0.015115 0.233405 0.972262
vn 0.014768 0.312240 0.949888
vn 0.014315 0.389802 0.920787
vn 0.013483 0.497641 0.867278
vn 0.011745 0.655045 0.755499
vn 0.008775 0.825435 0.564429
vn 0.004171 0.963330 0.268286
vn -0.002779 0.983891 -0.178748
vn -0.008793 0.824653 -0.565571
vn -0.011853 0.647012 -0.762388
vn -0.013555 0.489488 -0.871905
vn -0.014608 0.341941 -0.939608
vn -0.015161 0.220924 -0.975173
vn -0.015415 0.129059 -0.991517
vn -0.015525 0.049929 -0.998632
vn -0.015539 -0.026146 -0.999537
vn -0.015464 -0.101728 -0.994692
vn -0.015297 -0.177764 -0.983954
vn -0.014980 -0.266994 -0.963582
vn -0.014148 -0.414239 -0.910058
vn -0.012003 -0.635427 -0.772067
vn -0.009474 -0.792817 -0.609386
vn -0.009173 -0.807349 -0.590003
vn -0.010142 -0.757821 -0.652384
vn -0.010661 -0.727789 -0.685718
vn -0.011279 -0.688102 -0.725526
vn -0.012634 -0.582571 -0.812682
vn -0.014299 -0.392252 -0.919746
vn -0.015178 -0.215936 -0.976289
vn -0.015420 -0.126295 -0.991873
vn -0.015464 -0.101742 -0.994691
vn -0.015545 0.000000 -0.999879
vn 0.030212 -0.080571 0.996291
vn 0.030216 -0.079040 0.996413
vn 0.030269 -0.052429 0.998166
vn 0.030306 0.016383 0.999406
vn 0.030072 0.125302 0.991663
vn 0.029497 0.230139 0.972711
vn 0.028840 0.307647 0.951063
vn 0.027989 0.383816 0.922985
vn 0.026424 0.489934 0.871359
vn 0.023137 0.646020 0.762970
vn 0.017460 0.817422 0.575774
vn 0.008526 0.959627 0.281147
vn -0.005200 0.985176 -0.171466
vn -0.017150 0.824530 -0.565558
vn -0.023181 0.644306 -0.764416
vn -0.026498 0.485548 -0.873808
vn -0.028526 0.338050 -0.940696
vn -0.029582 0.217944 -0.975513
vn -0.030064 0.127194 -0.991422
vn -0.030274 0.049192 -0.998330
vn -0.030300 -0.025772 -0.999209
vn -0.030157 -0.100382 -0.994492
vn -0.029839 -0.175639 -0.984002
vn -0.029234 -0.264176 -0.964031
vn -0.027635 -0.410768 -0.911321
vn -0.023473 -0.632689 -0.774050
vn -0.018501 -0.792120 -0.610085
vn -0.017885 -0.807349 -0.589803
vn -0.019777 -0.757821 -0.652163
vn -0.020787 -0.727789 -0.685486
vn -0.021994 -0.688102 -0.725280
vn -0.024636 -0.582571 -0.812407
vn -0.027881 -0.392252 -0.919435
vn -0.029595 -0.215936 -0.975959
vn -0.030068 -0.126295 -0.991537
vn -0.030153 -0.101742 -0.994354
vn -0.030311 0.000000 -0.999541
vn 0.044982 -0.080566 0.995734
vn 0.044988 -0.079032 0.995856
vn 0.045067 -0.052421 0.997608
vn 0.045123 0.016380 0.998847
vn 0.044774 0.125271 0.991112
vn 0.043918 0.230076 0.972181
vn 0.042942 0.307557 0.950560
vn 0.041675 0.383699 0.922517
vn 0.039346 0.489783 0.870956
vn 0.034455 0.645843 0.762693
vn 0.026006 0.817264 0.575677
vn 0.012705 0.959552 0.281244
vn -0.007735 0.985201 -0.171227
vn -0.025535 0.824528 -0.565245
vn -0.034515 0.644253 -0.764033
vn -0.039454 0.485470 -0.873362
vn -0.042474 0.337974 -0.940197
vn -0.044045 0.217886 -0.974980
vn -0.044763 0.127157 -0.990872
vn -0.045075 0.049178 -0.997772
vn -0.045114 -0.025765 -0.998650
vn -0.044901 -0.100356 -0.993938
vn -0.044428 -0.175598 -0.983459
vn -0.043527 -0.264121 -0.963507
vn -0.041147 -0.410700 -0.910842
vn -0.034950 -0.632635 -0.773661
vn -0.027546 -0.792106 -0.609762
vn -0.026630 -0.807349 -0.589473
vn -0.029445 -0.757821 -0.651798
vn -0.030950 -0.727789 -0.685102
vn -0.032746 -0.688102 -0.724874
vn -0.036680 -0.582571 -0.811952
vn -0.041512 -0.392252 -0.918920
vn -0.044064 -0.215936 -0.975413
vn -0.044768 -0.126295 -0.990982
vn -0.044895 -0.101742 -0.993797
vn -0.045129 0.000000 -0.998981
vn 0.059795 -0.080792 0.994936
vn 0.059802 -0.079363 0.995050
vn 0.059907 -0.052736 0.996810
vn 0.059983 0.016511 0.998063
vn 0.059509 0.126532 0.990176
vn 0.058344 0.232682 0.970801
vn 0.057012 0.311223 0.948625
vn 0.055279 0.388476 0.919799
vn 0.052094 0.495935 0.866795
vn 0.045432 0.653054 0.755947
vn 0.034018 0.823680 0.566033
vn 0.016268 0.962532 0.270681
vn -0.010630 0.984177 -0.176870
vn -0.033936 0.824626 -0.564660
vn -0.045772 0.646418 -0.761609
vn -0.052342 0.488620 -0.870925
vn -0.056393 0.341082 -0.938341
vn -0.058518 0.220264 -0.973683
vn -0.059492 0.128646 -0.989904
vn -0.059917 0.049765 -0.996962
vn -0.059971 -0.026063 -0.997860
vn -0.059682 -0.101430 -0.993051
vn -0.059041 -0.177294 -0.982385
vn -0.057823 -0.266372 -0.962134
vn -0.054623 -0.413474 -0.908876
vn -0.046352 -0.634826 -0.771263
vn -0.036574 -0.792664 -0.608560
vn -0.035399 -0.807349 -0.589011
vn -0.039142 -0.757821 -0.651288
vn -0.041142 -0.727789 -0.684566
vn -0.043530 -0.688102 -0.724307
vn -0.048759 -0.582571 -0.811316
vn -0.055183 -0.392252 -0.918201
vn -0.058576 -0.215936 -0.974649
vn -0.059511 -0.126295 -0.990206
vn -0.059680 -0.101742 -0.993019
vn -0.059991 0.000000 -0.998199
vn 0.074639 -0.081190 0.993900
vn 0.074646 -0.079948 0.994000
vn 0.074780 -0.053295 0.995775
vn 0.074876 0.016743 0.997052
vn 0.074262 0.128794 0.988887
vn 0.072746 0.237376 0.968690
vn 0.071003 0.317828 0.945486
vn 0.068729 0.397086 0.915205
vn 0.064548 0.506996 0.859528
vn 0.055869 0.665894 0.743952
vn 0.041221 0.834872 0.548898
vn 0.018935 0.967507 0.252134
vn -0.014023 0.982311 -0.186729
vn -0.042343 0.824797 -0.563842
vn -0.056894 0.650222 -0.757611
vn -0.065102 0.494206 -0.866904
vn -0.070243 0.346640 -0.935364
vn -0.072974 0.224542 -0.971728
vn -0.074238 0.131331 -0.988555
vn -0.074789 0.050826 -0.995903
vn -0.074860 -0.026602 -0.996839
vn -0.074485 -0.103362 -0.991851
vn -0.073658 -0.180336 -0.980843
vn -0.072097 -0.270393 -0.960047
vn -0.068016 -0.418400 -0.905712
vn -0.057623 -0.638678 -0.767313
vn -0.045560 -0.793640 -0.606679
vn -0.044188 -0.807349 -0.588417
vn -0.048860 -0.757821 -0.650631
vn -0.051357 -0.727789 -0.683875
vn -0.054338 -0.688102 -0.723576
vn -0.060866 -0.582571 -0.810498
vn -0.068885 -0.392252 -0.917275
vn -0.073119 -0.215936 -0.973666
vn -0.074287 -0.126295 -0.989207
vn -0.074498 -0.101742 -0.992017
vn -0.074886 0.000000 -0.997192
vn 0.089505 -0.081692 0.992631
vn 0.089512 -0.080691 0.992712
vn 0.089674 -0.054009 0.994506
vn 0.089792 0.017043 0.995815
vn 0.089022 0.131733 0.987280
vn 0.087102 0.243495 0.965983
vn 0.084885 0.326447 0.941396
vn 0.081977 0.408322 0.909149
vn 0.076633 0.521377 0.849878
vn 0.065651 0.682338 0.728083
vn 0.047486 0.848768 0.526628
vn 0.020619 0.973286 0.228668
vn -0.017937 0.979851 -0.198923
vn -0.050750 0.825010 -0.562835
vn -0.067859 0.655008 -0.752569
vn -0.077704 0.501327 -0.861762
vn -0.083996 0.353815 -0.931536
vn -0.087395 0.230111 -0.969232
vn -0.088985 0.134841 -0.986864
vn -0.089682 0.052215 -0.994601
vn -0.089771 -0.027305 -0.995588
vn -0.089300 -0.105877 -0.990361
vn -0.088267 -0.184278 -0.978903
vn -0.086328 -0.275577 -0.957395
vn -0.081304 -0.424695 -0.901678
vn -0.068739 -0.643527 -0.762331
vn -0.054493 -0.794858 -0.604343
vn -0.052992 -0.807349 -0.587690
vn -0.058594 -0.757821 -0.649827
vn -0.061588 -0.727789 -0.683030
vn -0.065164 -0.688102 -0.722682
vn -0.072992 -0.582571 -0.809496
vn -0.082608 -0.392252 -0.916141
vn -0.087686 -0.215936 -0.972462
vn -0.089086 -0.126295 -0.987984
vn -0.089339 -0.101742 -0.990791
vn -0.089805 0.000000 -0.995959
vn 0.104383 -0.082229 0.991132
vn 0.104389 -0.081492 0.991192
vn 0.104580 -0.054786 0.993006
vn 0.104722 0.017372 0.994350
vn 0.103779 0.134989 0.985397
vn 0.101403 0.250309 0.962841
vn 0.098646 0.336056 0.936662
vn 0.095011 0.420847 0.902142
vn 0.088333 0.537326 0.838736
vn 0.074773 0.700233 0.709988
vn 0.052856 0.863324 0.501874
vn 0.021426 0.978852 0.203444
vn -0.022290 0.977091 -0.211651
vn -0.059154 0.825236 -0.561682
vn -0.078675 0.660118 -0.747030
vn -0.090152 0.509046 -0.856005
vn -0.097646 0.361711 -0.927163
vn -0.101771 0.236302 -0.966335
vn -0.103724 0.138762 -0.984879
vn -0.104586 0.053769 -0.993061
vn -0.104696 -0.028091 -0.994107
vn -0.104117 -0.108674 -0.988610
vn -0.102857 -0.188637 -0.976646
vn -0.100509 -0.281272 -0.954350
vn -0.094483 -0.431540 -0.897132
vn -0.079709 -0.648708 -0.756852
vn -0.063377 -0.796148 -0.601774
vn -0.061803 -0.807349 -0.586828
vn -0.068337 -0.757821 -0.648874
vn -0.071829 -0.727789 -0.682029
vn -0.075999 -0.688102 -0.721623
vn -0.085128 -0.582571 -0.808310
vn -0.096343 -0.392252 -0.914798
vn -0.102266 -0.215936 -0.971037
vn -0.103899 -0.126295 -0.986537
vn -0.104194 -0.101742 -0.989339
vn -0.104737 0.000000 -0.994500
vn 0.119263 -0.082743 0.989409
vn 0.119267 -0.082261 0.989449
vn 0.119488 -0.055539 0.991281
vn 0.119654 0.017694 0.992658
vn 0.118525 0.138207 0.983286
vn 0.115651 0.257078 0.959446
vn 0.112299 0.345610 0.931635
vn 0.107856 0.433294 0.894776
vn 0.099703 0.553081 0.827140
vn 0.083354 0.717546 0.691506
vn 0.057537 0.876839 0.477329
vn 0.021614 0.983555 0.179310
vn -0.026933 0.974346 -0.223439
vn -0.067553 0.825448 -0.560421
vn -0.089379 0.664980 -0.741494
vn -0.102474 0.516504 -0.850131
vn -0.111206 0.369457 -0.922570
vn -0.116103 0.242439 -0.963194
vn -0.118449 0.142670 -0.982657
vn -0.119490 0.055321 -0.991293
vn -0.119623 -0.028875 -0.992399
vn -0.118928 -0.111447 -0.986628
vn -0.117425 -0.192934 -0.974160
vn -0.114644 -0.286849 -0.951091
vn -0.107573 -0.438173 -0.892431
vn -0.090569 -0.653640 -0.751367
vn -0.072223 -0.797363 -0.599163
vn -0.070616 -0.807349 -0.585833
vn -0.078082 -0.757821 -0.647774
vn -0.082072 -0.727789 -0.680873
vn -0.086836 -0.688102 -0.720399
vn -0.097268 -0.582571 -0.806939
vn -0.110082 -0.392252 -0.913247
vn -0.116850 -0.215936 -0.969390
vn -0.118715 -0.126295 -0.984864
vn -0.119052 -0.101742 -0.987661
vn -0.119673 0.000000 -0.992813
vn 0.134136 -0.083187 0.987465
vn 0.134138 -0.082932 0.987486
vn 0.134389 -0.056200 0.989334
vn 0.134580 0.017980 0.990740
vn 0.133256 0.141086 0.980988
vn 0.129858 0.263161 0.955972
vn 0.125876 0.354202 0.926659
vn 0.120575 0.444481 0.887637
vn 0.110860 0.567155 0.816116
vn 0.091605 0.732692 0.674367
vn 0.061844 0.888199 0.455277
vn 0.021513 0.987145 0.158372
vn -0.031692 0.971887 -0.233307
vn -0.075944 0.825630 -0.559077
vn -0.100023 0.669178 -0.736340
vn -0.114723 0.523033 -0.844556
vn -0.124707 0.376337 -0.918052
vn -0.130399 0.247947 -0.959958
vn -0.133156 0.146194 -0.980253
vn -0.134385 0.056722 -0.989304
vn -0.134543 -0.029581 -0.990466
vn -0.133726 -0.113937 -0.984447
vn -0.131971 -0.196769 -0.971527
vn -0.128744 -0.291796 -0.947776
vn -0.120607 -0.443997 -0.887874
vn -0.101369 -0.657901 -0.746251
vn -0.081047 -0.798404 -0.596642
vn -0.079425 -0.807349 -0.584704
vn -0.087823 -0.757821 -0.646525
vn -0.092310 -0.727789 -0.679560
vn -0.097669 -0.688102 -0.719010
vn -0.109402 -0.582571 -0.805384
vn -0.123815 -0.392252 -0.911487
vn -0.131426 -0.215936 -0.967522
vn -0.133524 -0.126295 -0.982965
vn -0.133904 -0.101742 -0.985758
vn -0.134602 0.000000 -0.990900
vn 0.148991 -0.083541 0.985303
vn 0.148992 -0.083468 0.985309
vn 0.149273 -0.056733 0.987167
vn 0.149489 0.018211 0.988596
vn 0.147968 0.143440 0.978535
vn 0.144038 0.268153 0.952547
vn 0.139417 0.361256 0.921985
vn 0.133243 0.453657 0.881159
vn 0.121942 0.578634 0.806420
vn 0.099766 0.744816 0.659769
vn 0.066096 0.896979 0.437104
vn 0.021425 0.989679 0.141690
vn -0.036419 0.969880 -0.240845
vn -0.084326 0.825774 -0.557662
vn -0.110654 0.672508 -0.731771
vn -0.126949 0.528273 -0.839531
vn -0.138180 0.381926 -0.913805
vn -0.144671 0.252459 -0.956731
vn -0.147843 0.149094 -0.977708
vn -0.149264 0.057878 -0.987102
vn -0.149446 -0.030163 -0.988310
vn -0.148505 -0.115978 -0.982087
vn -0.146496 -0.199898 -0.968803
vn -0.142823 -0.295810 -0.944510
vn -0.133620 -0.448682 -0.883646
vn -0.112156 -0.661283 -0.741705
vn -0.089863 -0.799225 -0.594276
vn -0.088224 -0.807349 -0.583441
vn -0.097552 -0.757821 -0.645129
vn -0.102537 -0.727789 -0.678092
vn -0.108490 -0.688102 -0.717458
vn -0.121522 -0.582571 -0.803644
vn -0.137532 -0.392252 -0.909518
vn -0.145987 -0.215936 -0.965432
vn -0.148317 -0.126295 -0.980842
vn -0.148738 -0.101742 -0.983629
vn -0.149514 0.000000 -0.988760
vn 0.163821 -0.083806 0.982924
vn 0.163820 -0.083870 0.982919
vn 0.164130 -0.057135 0.984783
vn 0.164371 0.018387 0.986227
vn 0.162656 0.145239 0.975935
vn 0.158202 0.271981 0.949210
vn 0.152949 0.366666 0.917694
vn 0.145914 0.460690 0.875485
vn 0.133049 0.587386 0.798295
vn 0.108005 0.753920 0.648028
vn 0.070499 0.903386 0.422994
vn 0.021528 0.991389 0.129165
vn -0.041033 0.968351 -0.246195
vn -0.092696 0.825880 -0.556174
vn -0.121297 0.674994 -0.727785
vn -0.139181 0.532220 -0.835087
vn -0.151646 0.386176 -0.909875
vn -0.158924 0.255915 -0.953546
vn -0.162506 0.151323 -0.975035
vn -0.164115 0.058766 -0.984689
vn -0.164322 -0.030610 -0.985932
vn -0.163259 -0.117541 -0.979556
vn -0.161000 -0.202286 -0.966002
vn -0.156885 -0.298860 -0.941313
vn -0.146629 -0.452218 -0.879772
vn -0.122954 -0.663808 -0.737727
vn -0.098676 -0.799835 -0.592054
vn -0.097008 -0.807349 -0.582045
vn -0.107264 -0.757821 -0.643585
vn -0.112745 -0.727789 -0.676470
vn -0.119290 -0.688102 -0.715741
vn -0.133620 -0.582571 -0.801721
vn -0.151224 -0.392252 -0.907342
vn -0.160520 -0.215936 -0.963122
vn -0.163083 -0.126295 -0.978496
vn -0.163546 -0.101742 -0.981275
vn -0.164399 0.000000 -0.986394
f 1/1/1 38/38/38 39/39/39
f 1/1/1 39/39/39 2/2/2
f 2/2/2 39/39/39 40/40/40
f 2/2/2 40/40/40 3/3/3
f 3/3/3 40/40/40 41/41/41
f 3/3/3 41/41/41 4/4/4
f 4/4/4 41/41/41 42/42/42
f 4/4/4 42/42/42 5/5/5
f 5/5/5 42/42/42 43/43/43
f 5/5/5 43/43/43 6/6/6
f 6/6/6 43/43/43 44/44/44
f 6/6/6 44/44/44 7/7/7
f 7/7/7 44/44/44 45/45/45
f 7/7/7 45/45/45 8/8/8
f 8/8/8 45/45/45 46/46/46
f 8/8/8 46/46/46 9/9/9
f 9/9/9 46/46/46 47/47/47
f 9/9/9 47/47/47 10/10/10
f 10/10/10 47/47/47 48/48/48
f 10/10/10 48/48/48 11/11/11
f 11/11/11 48/48/48 49/49/49
f 11/11/11 49/49/49 12/12/12
f 12/12/12 49/49/49 50/50/50
f 12/12/12 50/50/50 13/13/13
f 13/13/13 50/50/50 51/51/51
f 13/13/13 51/51/51 14/14/14
f 14/14/14 51/51/51 52/52/52
f 14/14/14 52/52/52 15/15/15
f 15/15/15 52/52/52 53/53/53
f 15/15/15 53/53/53 16/16/16
f 16/16/16 53/53/53 54/54/54
f 16/16/16 54/54/54 17/17/17
f 17/17/17 54/54/54 55/55/55
f 17/17/17 55/55/55 18/18/18
f 18/18/18 55/55/55 56/56/56
f 18/18/18 56/56/56 19/19/19
f 19/19/19 56/56/56 57/57/57
f 19/19/19 57/57/57 20/20/20
f 20/20/20 57/57/57 58/58/58
f 20/20/20 58/58/58 21/21/21
f 21/21/21 58/58/58 59/59/59
f 21/21/21 59/59/59 22/22/22
f 22/22/22 59/59/59 60/60/60
f 22/22/22 60/60/60 23/23/23
f 23/23/23 60/60/60 61/61/61
f 23/23/23 61/61/61 24/24/24
f 24/24/24 61/61/61 62/62/62
f 24/24/24 62/62/62 25/25/25
f 25/25/25 62/62/62 63/63/63
f 25/25/25 63/63/63 26/26/26
f 26/26/26 63/63/63 64/64/64
f 26/26/26 64/64/64 27/27/27
f 27/27/27 64/64/64 65/65/65
f 27/27/27 65/65/65 28/28/28
f 28/28/28 65/65/65 66/66/66
f 28/28/28 66/66/66 29/29/29
f 29/29/29 66/66/66 67/67/67
f 29/29/29 67/67/67 30/30/30
f 30/30/30 67/67/67 68/68/68
f 30/30/30 68/68/68 31/31/31
f 31/31/31 68/68/68 69/69/69
f 31/31/31 69/69/69 32/32/32
f 32/32/32 69/69/69 70/70/70
f 32/32/32 70/70/70 33/33/33
f 33/33/33 70/70/70 71/71/71
f 33/33/33 71/71/71 34/34/34
f 34/34/34 71/71/71 72/72/72
f 34/34/34 72/72/72 35/35/35
f 35/35/35 72/72/72 73/73/73
f 35/35/35 73/73/73 36/36/36
f 36/36/36 73/73/73 74/74/74
f 36/36/36 74/74/74 37/37/37
f 38/38/38 75/75/75 76/76/76
f 38/38/38 76/76/76 39/39/39
f 39/39/39 76/76/76 77/77/77
f 39/39/39 77/77/77 40/40/40
f 40/40/40 77/77/77 78/78/78
f 40/40/40 78/78/78 41/41/41
f 41/41/41 78/78/78 79/79/79
f 41/41/41 79/79/79 42/42/42
f 42/42/42 79/79/79 80/80/80
f 42/42/42 80/80/80 43/43/43
f 43/43/43 80/80/80 81/81/81
f 43/43/43 81/81/81 44/44/44
f 44/44/44 81/81/81 82/82/82
f 44/44/44 82/82/82 45/45/45
f 45/45/45 82/82/82 83/83/83
f 45/45/45 83/83/83 46/46/46
f 46/46/46 83/83/83 84/84/84
f 46/46/46 84/84/84 47/47/47
f 47/47/47 84/84/84 85/85/85
f 47/47/47 85/85/85 48/48/48
f 48/48/48 85/85/85 86/86/86
f 48/48/48 86/86/86 49/49/49
f 49/49/49 86/86/86 87/87/87
f 49/49/49 87/87/87 50/50/50
f 50/50/50 87/87/87 88/88/88
f 50/50/50 88/88/88 51/51/51
f 51/51/51 88/88/88 89/89/89
f 51/51/51 89/89/89 52/52/52
f 52/52/52 89/89/89 90/90/90
f 52/52/52 90/90/90 53/53/53
f 53/53/53 90/90/90 91/91/91
f 53/53/53 91/91/91 54/54/54
f 54/54/54 91/91/91 92/92/92
f 54/54/54 92/92/92 55/55/55
f 55/55/55 92/92/92 93/93/93
f 55/55/55 93/93/93 56/56/56
f 56/56/56 93/93/93 94/94/94
f 56/56/56 94/94/94 57/57/57
f 57/57/57 94/94/94 95/95/95
f 57/57/57 95/95/95 58/58/58
f 58/58/58 95/95/95 96/96/96
f 58/58/58 96/96/96 59/59/59
f 59/59/59 96/96/96 97/97/97
f 59/59/59 97/97/97 60/60/60
f 60/60/60 97/97/97 98/98/98
f 60/60/60 98/98/98 61/61/61
f 61/61/61 98/98/98 99/99/99
f 61/61/61 99/99/99 62/62/62
f 62/62/62 99/99/99 100/100/100
f 62/62/62 100/100/100 63/63/63
f 63/63/63 100/100/100 101/101/101
f 63/63/63 101/101/101 64/64/64
f 64/64/64 101/101/101 102/102/102
f 64/64/64 102/102/102 65/65/65
f 65/65/65 102/102/102 103/103/103
f 65/65/65 103/103/103 66/66/66
f 66/66/66 103/103/103 104/104/104
f 66/66/66 104/104/104 67/67/67
f 67/67/67 104/104/104 105/105/105
f 67/67/67 105/105/105 68/68/68
f 68/68/68 105/105/105 106/106/106
f 68/68/68 106/106/106 69/69/69
f 69/69/69 106/106/106 107/107/107
f 69/69/69 107/107/107 70/70/70
f 70/70/70 107/107/107 108/108/108
f 70/70/70 108/108/108 71/71/71
f 71/71/71 108/108/108 109/109/109
f 71/71/71 109/109/109 72/72/72
f 72/72/72 109/109/109 110/110/110
f 72/72/72 110/110/110 73/73/73
f 73/73/73 110/110/110 111/111/111
f 73/73/73 111/111/111 74/74/74
f 75/75/75 112/112/112 113/113/113
f 75/75/75 113/113/113 76/76/76
f 76/76/76 113/113/113 114/114/114
f 76/76/76 114/114/114 77/77/77
f 77/77/77 114/114/114 115/115/115
f 77/77/77 115/115/115 78/78/78
f 78/78/78 115/115/115 116/116/116
f 78/78/78 116/116/116 79/79/79
f 79/79/79 116/116/116 117/117/117
f 79/79/79 117/117/117 80/80/80
f 80/80/80 117/117/117 118/118/118
f 80/80/80 118/118/118 81/81/81
f 81/81/81 118/118/118 119/119/119
f 81/81/81 119/119/119 82/82/82
f 82/82/82 119/119/119 120/120/120
f 82/82/82 120/120/120 83/83/83
f 83/83/83 120/120/120 121/121/121
f 83/83/83 121/121/121 84/84/84
f 84/84/84 121/121/121 122/122/122
f 84/84/84 122/122/122 85/85/85
f 85/85/85 122/122/122 123/123/123
f 85/85/85 123/123/123 86/86/86
f 86/86/86 123/123/123 124/124/124
f 86/86/86 124/124/124 87/87/87
f 87/87/87 124/124/124 125/125/125
f 87/87/87 125/125/125 88/88/88
f 88/88/88 125/125/125 126/126/126
f 88/88/88 126/126/126 89/89/89
f 89/89/89 126/126/126 127/127/127
f 89/89/89 127/127/127 90/90/90
f 90/90/90 127/127/127 128/128/128
f 90/90/90 128/128/128 91/91/91
f 91/91/91 128/128/128 129/129/129
f 91/91/91 129/129/129 92/92/92
f 92/92/92 129/129/129 130/130/130
f 92/92/92 130/130/130 93/93/93
f 93/93/93 130/130/130 131/131/131
f 93/93/93 131/131/131 94/94/94
f 94/94/94 131/131/131 132/132/132
f 94/94/94 132/132/132 95/95/95
f 95/95/95 132/132/132 133/133/133
f 95/95/95 133/133/133 96/96/96
f 96/96/96 133/133/133 134/134/134
f 96/96/96 134/134/134 97/97/97
f 97/97/97 134/134/134 135/135/135
f 97/97/97 135/135/135 98/98/98
f 98/98/98 135/135/135 136/136/136
f 98/98/98 136/136/136 99/99/99
f 99/99/99 136/136/136 137/137/137
f 99/99/99 137/137/137 100/100/100
f 100/100/100 137/137/137 138/138/138
f 100/100/100 138/138/138 101/101/101
f 101/101/101 138/138/138 139/139/139
f 101/101/101 139/139/139 102/102/102
f 102/102/102 139/139/139 140/140/140
f 102/102/102 140/140/140 103/103/103
f 103/103/103 140/140/140 141/141/141
f 103/103/103 141/141/141 104/104/104
f 104/104/104 141/141/141 142/142/142
f 104/104/104 142/142/142 105/105/105
f 105/105/105 142/142/142 143/143/143
f 105/105/105 143/143/143 106/106/106
f 106/106/106 143/143/143 144/144/144
f 106/106/106 144/144/144 107/107/107
f 107/107/107 144/144/144 145/145/145
f 107/107/107 145/145/145 108/108/108
f 108/108/108 145/145/145 146/146/146
f 108/108/108 146/146/146 109/109/109
f 109/109/109 146/146/146 147/147/147
f 109/109/109 147/147/147 110/110/110
f 110/110/110 147/147/147 148/148/148
f 110/110/110 148/148/148 111/111/111
f 112/112/112 149/149/149 150/150/150
f 112/112/112 150/150/150 113/113/113
f 113/113/113 150/150/150 151/151/151
f 113/113/113 151/151/151 114/114/114
f 114/114/114 151/151/151 152/152/152
f 114/114/114 152/152/152 115/115/115
f 115/115/115 152/152/152 153/153/153
f 115/115/115 153/153/153 116/116/116
f 116/116/116 153/153/153 154/154/154
f 116/116/116 154/154/154 117/117/117
f 117/117/117 154/154/154 155/155/155
f 117/117/117 155/155/155 118/118/118
f 118/118/118 155/155/155 156/156/156
f 118/118/118 156/156/156 119/119/119
f 119/119/119 156/156/156 157/157/157
f 119/119/119 157/157/157 120/120/120
f 120/120/120 157/157/157 158/158/158
f 120/120/120 158/158/158 121/121/121
f 121/121/121 158/158/158 159/159/159
f 121/121/121 159/159/159 122/122/122
f 122/122/122 159/159/159 160/160/160
f 122/122/122 160/160/160 123/123/123
f 123/123/123 160/160/160 161/161/161
f 123/123/123 161/161/161 124/124/124
f 124/124/124 161/161/161 162/162/162
f 124/124/124 162/162/162 125/125/125
f 125/125/125 162/162/162 163/163/163
f 125/125/125 163/163/163 126/126/126
f 126/126/126 163/163/163 164/164/164
f 126/126/126 164/164/164 127/127/127
f 127/127/127 164/164/164 165/165/165
f 127/127/127 165/165/165 128/128/128
f 128/128/128 165/165/165 166/166/166
f 128/128/128 166/166/166 129/129/129
f 129/129/129 166/166/166 167/167/167
f 129/129/129 167/167/167 130/130/130
f 130/130/130 167/167/167 168/168/168
f 130/130/130 168/168/168 131/131/131
f 131/131/131 168/168/168 169/169/169
f 131/131/131 169/169/169 132/132/132
f 132/132/132 169/169/169 170/170/170
f 132/132/132 170/170/170 133/133/133
f 133/133/133 170/170/170 171/171/171
f 133/133/133 171/171/171 134/134/134
f 134/134/134 171/171/171 172/172/172
f 134/134/134 172/172/172 135/135/135
f 135/135/135 172/172/172 173/173/173
f 135/135/135 173/173/173 136/136/136
f 136/136/136 173/173/173 174/174/174
f 136/136/136 174/174/174 137/137/137
f 137/137/137 174/174/174 175/175/175
f 137/137/137 175/175/175 138/138/138
f 138/138/138 175/175/175 176/176/176
f 138/138/138 176/176/176 139/139/139
f 139/139/139 176/176/176 177/177/177
f 139/139/139 177/177/177 140/140/140
f 140/140/140 177/177/177 178/178/178
f 140/140/140 178/178/178 141/141/141
f 141/141/141 178/178/178 179/179/179
f 141/141/141 179/179/179 142/142/142
f 142/142/142 179/179/179 180/180/180
f 142/142/142 180/180/180 143/143/143
f 143/143/143 180/180/180 181/181/181
f 143/143/143 181/181/181 144/144/144
f 144/144/144 181/181/181 182/182/182
f 144/144/144 182/182/182 145/145/145
f 145/145/145 182/182/182 183/183/183
f 145/145/145 183/183/183 146/146/146
f 146/146/146 183/183/183 184/184/184
f 146/146/146 184/184/184 147/147/147
f 147/147/147 184/184/184 185/185/185
f 147/147/147 185/185/185 148/148/148
f 149/149/149 186/186/186 187/187/187
f 149/149/149 187/187/187 150/150/150
f 150/150/150 187/187/187 188/188/188
f 150/150/150 188/188/188 151/151/151
f 151/151/151 188/188/188 189/189/189
f 151/151/151 189/189/189 152/152/152
f 152/152/152 189/189/189 190/190/190
f 152/152/152 190/190/190 153/153/153
f 153/153/153 190/190/190 191/191/191
f 153/153/153 191/191/191 154/154/154
f 154/154/154 191/191/191 192/192/192
f 154/154/154 192/192/192 155/155/155
f 155/155/155 192/192/192 193/193/193
f 155/155/155 193/193/193 156/156/156
f 156/156/156 193/193/193 194/194/194
f 156/156/156 194/194/194 157/157/157
f 157/157/157 194/194/194 195/195/195
f 157/157/157 195/195/195 158/158/158
f 158/158/158 195/195/195 196/196/196
f 158/158/158 196/196/196 159/159/159
f 159/159/159 196/196/196 197/197/197
f 159/159/159 197/197/197 160/160/160
f 160/160/160 197/197/197 198/198/198
f 160/160/160 198/198/198 161/161/161
f 161/161/161 198/198/198 199/199/199
f 161/161/161 199/199/199 162/162/162
f 162/162/162 199/199/199 200/200/200
f 162/162/162 200/200/200 163/163/163
f 163/163/163 200/200/200 201/201/201
f 163/163/163 201/201/201 164/164/164
f 164/164/164 201/201/201 202/202/202
f 164/164/164 202/202/202 165/165/165
f 165/165/165 202/202/202 203/203/203
f 165/165/165 203/203/203 166/166/166
f 166/166/166 203/203/203 204/204/204
f 166/166/166 204/204/204 167/167/167
f 167/167/167 204/204/204 205/205/205
f 167/167/167 205/205/205 168/168/168
f 168/168/168 205/205/205 206/206/206
f 168/168/168 206/206/206 169/169/169
f 169/169/169 206/206/206 207/207/207
f 169/169/169 207/207/207 170/170/170
f 170/170/170 207/207/207 208/208/208
f 170/170/170 208/208/208 171/171/171
f 171/171/171 208/208/208 209/209/209
f 171/171/171 209/209/209 172/172/172
f 172/172/172 209/209/209 210/210/210
f 172/172/172 210/210/210 173/173/173
f 173/173/173 210/210/210 211/211/211
f 173/173/173 211/211/211 174/174/174
f 174/174/174 211/211/211 212/212/212
f 174/174/174 212/212/212 175/175/175
f 175/175/175 212/212/212 213/213/213
f 175/175/175 213/213/213 176/176/176
f 176/176/176 213/213/213 214/214/214
f 176/176/176 214/214/214 177/177/177
f 177/177/177 214/214/214 215/215/215
f 177/177/177 215/215/215 178/178/178
f 178/178/178 215/215/215 216/216/216
f 178/178/178 216/216/216 179/179/179
f 179/179/179 216/216/216 217/217/217
f 179/179/179 217/217/217 180/180/180
f 180/180/180 217/217/217 218/218/218
f 180/180/180 218/218/218 181/181/181
f 181/181/181 218/218/218 219/219/219
f 181/181/181 219/219/219 182/182/182
f 182/182/182 219/219/219 220/220/220
f 182/182/182 220/220/220 183/183/183
f 183/183/183 220/220/220 221/221/221
f 183/183/183 221/221/221 184/184/184
f 184/184/184 221/221/221 222/222/222
f 184/184/184 222/222/222 185/185/185
f 186/186/186 223/223/223 224/224/224
f 186/186/186 224/224/224 187/187/187
f 187/187/187 224/224/224 225/225/225
f 187/187/187 225/225/225 188/188/188
f 188/188/188 225/225/225 226/226/226
f 188/188/188 226/226/226 189/189/189
f 189/189/189 226/226/226 227/227/227
f 189/189/189 227/227/227 190/190/190
f 190/190/190 227/227/227 228/228/228
f 190/190/190 228/228/228 191/191/191
f 191/191/191 228/228/228 229/229/229
f 191/191/191 229/229/229 192/192/192
f 192/192/192 229/229/229 230/230/230
f 192/192/192 230/230/230 193/193/193
f 193/193/193 230/230/230 231/231/231
f 193/193/193 231/231/231 194/194/194
f 194/194/194 231/231/231 232/232/232
f 194/194/194 232/232/232 195/195/195
f 195/195/195 232/232/232 233/233/233
f 195/195/195 233/233/233 196/196/196
f 196/196/196 233/233/233 234/234/234
f 196/196/196 234/234/234 197/197/197
f 197/197/197 234/234/234 235/235/235
f 197/197/197 235/235/235 198/198/198
f 198/198/198 235/235/235 236/236/236
f 198/198/198 236/236/236 199/199/199
f 199/199/199 236/236/236 237/237/237
f 199/199/199 237/237/237 200/200/200
f 200/200/200 237/237/237 238/238/238
f 200/200/200 238/238/238 201/201/201
f 201/201/201 238/238/238 239/239/239
f 201/201/201 239/239/239 202/202/202
f 202/202/202 239/239/239 240/240/240
f 202/202/202 240/240/240 203/203/203
f 203/203/203 240/240/240 241/241/241
f 203/203/203 241/241/241 204/204/204
f 204/204/204 241/241/241 242/242/242
f 204/204/204 242/242/242 205/205/205
f 205/205/205 242/242/242 243/243/243
f 205/205/205 243/243/243 206/206/206
f 206/206/206 243/243/243 244/244/244
f 206/206/206 244/244/244 207/207/207
f 207/207/207 244/244/244 245/245/245
f 207/207/207 245/245/245 208/208/208
f 208/208/208 245/245/245 246/246/246
f 208/208/208 246/246/246 209/209/209
f 209/209/209 246/246/246 247/247/247
f 209/209/209 247/247/247 210/210/210
f 210/210/210 247/247/247 248/248/248
f 210/210/210 248/248/248 211/211/211
f 211/211/211 248/248/248 249/249/249
f 211/211/211 249/249/249 212/212/212
f 212/212/212 249/249/249 250/250/250
f 212/212/212 250/250/250 213/213/213
f 213/213/213 250/250/250 251/251/251
f 213/213/213 251/251/251 214/214/214
f 214/214/214 251/251/251 252/252/252
f 214/214/214 252/252/252 215/215/215
f 215/215/215 252/252/252 253/253/253
f 215/215/215 253/253/253 216/216/216
f 216/216/216 253/253/253 254/254/254
f 216/216/216 254/254/254 217/217/217
f 217/217/217 254/254/254 255/255/255
f 217/217/217 255/255/255 218/218/218
f 218/218/218 255/255/255 256/256/256
f 218/218/218 256/256/256 219/219/219
f 219/219/219 256/256/256 257/257/257
f 219/219/219 257/257/257 220/220/220
f 220/220/220 257/257/257 258/258/258
f 220/220/220 258/258/258 221/221/221
f 221/221/221 258/258/258 259/259/259
f 221/221/221 259/259/259 222/222/222
f 223/223/223 260/260/260 261/261/261
f 223/223/223 261/261/261 224/224/224
f 224/224/224 261/261/261 262/262/262
f 224/224/224 262/262/262 225/225/225
f 225/225/225 262/262/262 263/263/263
f 225/225/225 263/263/263 226/226/226
f 226/226/226 263/263/263 264/264/264
f 226/226/226 264/264/264 227/227/227
f 227/227/227 264/264/264 265/265/265
f 227/227/227 265/265/265 228/228/228
f 228/228/228 265/265/265 266/266/266
f 228/228/228 266/266/266 229/229/229
f 229/229/229 266/266/266 267/267/267
f 229/229/229 267/267/267 230/230/230
f 230/230/230 267/267/267 268/268/268
f 230/230/230 268/268/268 231/231/231
f 231/231/231 268/268/268 269/269/269
f 231/231/231 269/269/269 232/232/232
f 232/232/232 269/269/269 270/270/270
f 232/232/232 270/270/270 233/233/233
f 233/233/233 270/270/270 271/271/271
f 233/233/233 271/271/271 234/234/234
f 234/234/234 271/271/271 272/272/272
f 234/234/234 272/272/272 235/235/235
f 235/235/235 272/272/272 273/273/273
f 235/235/235 273/273/273 236/236/236
f 236/236/236 273/273/273 274/274/274
f 236/236/236 274/274/274 237/237/237
f 237/237/237 274/274/274 275/275/275
f 237/237/237 275/275/275 238/238/238
f 238/238/238 275/275/275 276/276/276
f 238/238/238 276/276/276 239/239/239
f 239/239/239 276/276/276 277/277/277
f 239/239/239 277/277/277 240/240/240
f 240/240/240 277/277/277 278/278/278
f 240/240/240 278/278/278 241/241/241
f 241/241/241 278/278/278 279/279/279
f 241/241/241 279/279/279 242/242/242
f 242/242/242 279/279/279 280/280/280
f 242/242/242 280/280/280 243/243/243
f 243/243/243 280/280/280 281/281/281
f 243/243/243 281/281/281 244/244/244
f 244/244/244 281/281/281 282/282/282
f 244/244/244 282/282/282 245/245/245
f 245/245/245 282/282/282 283/283/283
f 245/245/245 283/283/283 246/246/246
f 246/246/246 283/283/283 284/284/284
f 246/246/246 284/284/284 247/247/247
f 247/247/247 284/284/284 285/285/285
f 247/247/247 285/285/285 248/248/248
f 248/248/248 285/285/285 286/286/286
f 248/248/248 286/286/286 249/249/249
f 249/249/249 286/286/286 287/287/287
f 249/249/249 287/287/287 250/250/250
f 250/250/250 287/287/287 288/288/288
f 250/250/250 288/288/288 251/251/251
f 251/251/251 288/288/288 289/289/289
f 251/251/251 289/289/289 252/252/252
f 252/252/252 289/289/289 290/290/290
f 252/252/252 290/290/290 253/253/253
f 253/253/253 290/290/290 291/291/291
f 253/253/253 291/291/291 254/254/254
f 254/254/254 291/291/291 292/292/292
f 254/254/254 292/292/292 255/255/255
f 255/255/255 292/292/292 293/293/293
f 255/255/255 293/293/293 256/256/256
f 256/256/256 293/293/293 294/294/294
f 256/256/256 294/294/294 257/257/257
f 257/257/257 294/294/294 295/295/295
f 257/257/257 295/295/295 258/258/258
f 258/258/258 295/295/295 296/296/296
f 258/258/258 296/296/296 259/259/259
f 260/260/260 297/297/297 298/298/298
f 260/260/260 298/298/298 261/261/261
f 261/261/261 298/298/298 299/299/299
f 261/261/261 299/299/299 262/262/262
f 262/262/262 299/299/299 300/300/300
f 262/262/262 300/300/300 263/263/263
f 263/263/263 300/300/300 301/301/301
f 263/263/263 301/301/301 264/264/264
f 264/264/264 301/301/301 302/302/302
f 264/264/264 302/302/302 265/265/265
f 265/265/265 302/302/302 303/303/303
f 265/265/265 303/303/303 266/266/266
f 266/266/266 303/303/303 304/304/304
f 266/266/266 304/304/304 267/267/267
f 267/267/267 304/304/304 305/305/305
f 267/267/267 305/305/305 268/268/268
f 268/268/268 305/305/305 306/306/306
f 268/268/268 306/306/306 269/269/269
f 269/269/269 306/306/306 307/307/307
f 269/269/269 307/307/307 270/270/270
f 270/270/270 307/307/307 308/308/308
f 270/270/270 308/308/308 271/271/271
f 271/271/271 308/308/308 309/309/309
f 271/271/271 309/309/309 272/272/272
f 272/272/272 309/309/309 310/310/310
f 272/272/272 310/310/310 273/273/273
f 273/273/273 310/310/310 311/311/311
f 273/273/273 311/311/311 274/274/274
f 274/274/274 311/311/311 312/312/312
f 274/274/274 312/312/312 275/275/275
f 275/275/275 312/312/312 313/313/313
f 275/275/275 313/313/313 276/276/276
f 276/276/276 313/313/313 314/314/314
f 276/276/276 314/314/314 277/277/277
f 277/277/277 314/314/314 315/315/315
f 277/277/277 315/315/315 278/278/278
f 278/278/278 315/315/315 316/316/316
f 278/278/278 316/316/316 279/279/279
f 279/279/279 316/316/316 317/317/317
f 279/279/279 317/317/317 280/280/280
f 280/280/280 317/317/317 318/318/318
f 280/280/280 318/318/318 281/281/281
f 281/281/281 318/318/318 319/319/319
f 281/281/281 319/319/319 282/282/282
f 282/282/282 319/319/319 320/320/320
f 282/282/282 320/320/320 283/283/283
f 283/283/283 320/320/320 321/321/321
f 283/283/283 321/321/321 284/284/284
f 284/284/284 321/321/321 322/322/322
f 284/284/284 322/322/322 285/285/285
f 285/285/285 322/322/322 323/323/323
f 285/285/285 323/323/323 286/286/286
f 286/286/286 323/323/323 324/324/324
f 286/286/286 324/324/324 287/287/287
f 287/287/287 324/324/324 325/325/325
f 287/287/287 325/325/325 288/288/288
f 288/288/288 325/325/325 326/326/326
f 288/288/288 326/326/326 289/289/289
f 289/289/289 326/326/326 327/327/327
f 289/289/289 327/327/327 290/290/290
f 290/290/290 327/327/327 328/328/328
f 290/290/290 328/328/328 291/291/291
f 291/291/291 328/328/328 329/329/329
f 291/291/291 329/329/329 292/292/292
f 292/292/292 329/329/329 330/330/330
f 292/292/292 330/330/330 293/293/293
f 293/293/293 330/330/330 331/331/331
f 293/293/293 331/331/331 294/294/294
f 294/294/294 331/331/331 332/332/332
f 294/294/294 332/332/332 295/295/295
f 295/295/295 332/332/332 333/333/333
f 295/295/295 333/333/333 296/296/296
f 297/297/297 334/334/334 335/335/335
f 297/297/297 335/335/335 298/298/298
f 298/298/298 335/335/335 336/336/336
f 298/298/298 336/336/336 299/299/299
f 299/299/299 336/336/336 337/337/337
f 299/299/299 337/337/337 300/300/300
f 300/300/300 337/337/337 338/338/338
f 300/300/300 338/338/338 301/301/301
f 301/301/301 338/338/338 339/339/339
f 301/301/301 339/339/339 302/302/302
f 302/302/302 339/339/339 340/340/340
f 302/302/302 340/340/340 303/303/303
f 303/303/303 340/340/340 341/341/341
f 303/303/303 341/341/341 304/304/304
f 304/304/304 341/341/341 342/342/342
f 304/304/304 342/342/342 305/305/305
f 305/305/305 342/342/342 343/343/343
f 305/305/305 343/343/343 306/306/306
f 306/306/306 343/343/343 344/344/344
f 306/306/306 344/344/344 307/307/307
f 307/307/307 344/344/344 345/345/345
f 307/307/307 345/345/345 308/308/308
f 308/308/308 345/345/345 346/346/346
f 308/308/308 346/346/346 309/309/309
f 309/309/309 346/346/346 347/347/347
f 309/309/309 347/347/347 310/310/310
f 310/310/310 347/347/347 348/348/348
f 310/310/310 348/348/348 311/311/311
f 311/311/311 348/348/348 349/349/349
f 311/311/311 349/349/349 312/312/312
f 312/312/312 349/349/349 350/350/350
f 312/312/312 350/350/350 313/313/313
f 313/313/313 350/350/350 351/351/351
f 313/313/313 351/351/351 314/314/314
f 314/314/314 351/351/351 352/352/352
f 314/314/314 352/352/352 315/315/315
f 315/315/315 352/352/352 353/353/353
f 315/315/315 353/353/353 316/316/316
f 316/316/316 353/353/353 354/354/354
f 316/316/316 354/354/354 317/317/317
f 317/317/317 354/354/354 355/355/355
f 317/317/317 355/355/355 318/318/318
f 318/318/318 355/355/355 356/356/356
f 318/318/318 356/356/356 319/319/319
f 319/319/319 356/356/356 357/357/357
f 319/319/319 357/357/357 320/320/320
f 320/320/320 357/357/357 358/358/358
f 320/320/320 358/358/358 321/321/321
f 321/321/321 358/358/358 359/359/359
f 321/321/321 359/359/359 322/322/322
f 322/322/322 359/359/359 360/360/360
f 322/322/322 360/360/360 323/323/323
f 323/323/323 360/360/360 361/361/361
f 323/323/323 361/361/361 324/324/324
f 324/324/324 361/361/361 362/362/362
f 324/324/324 362/362/362 325/325/325
f 325/325/325 362/362/362 363/363/363
f 325/325/325 363/363/363 326/326/326
f 326/326/326 363/363/363 364/364/364
f 326/326/326 364/364/364 327/327/327
f 327/327/327 364/364/364 365/365/365
f 327/327/327 365/365/365 328/328/328
f 328/328/328 365/365/365 366/366/366
f 328/328/328 366/366/366 329/329/329
f 329/329/329 366/366/366 367/367/367
f 329/329/329 367/367/367 330/330/330
f 330/330/330 367/367/367 368/368/368
f 330/330/330 368/368/368 331/331/331
f 331/331/331 368/368/368 369/369/369
f 331/331/331 369/369/369 332/332/332
f 332/332/332 369/369/369 370/370/370
f 332/332/332 370/370/370 333/333/333
f 334/334/334 371/371/371 372/372/372
f 334/334/334 372/372/372 335/335/335
f 335/335/335 372/372/372 373/373/373
f 335/335/335 373/373/373 336/336/336
f 336/336/336 373/373/373 374/374/374
f 336/336/336 374/374/374 337/337/337
f 337/337/337 374/374/374 375/375/375
f 337/337/337 375/375/375 338/338/338
f 338/338/338 375/375/375 376/376/376
f 338/338/338 376/376/376 339/339/339
f 339/339/339 376/376/376 377/377/377
f 339/339/339 377/377/377 340/340/340
f 340/340/340 377/377/377 378/378/378
f 340/340/340 378/378/378 341/341/341
f 341/341/341 378/378/378 379/379/379
f 341/341/341 379/379/379 342/342/342
f 342/342/342 379/379/379 380/380/380
f 342/342/342 380/380/380 343/343/343
f 343/343/343 380/380/380 381/381/381
f 343/343/343 381/381/381 344/344/344
f 344/344/344 381/381/381 382/382/382
f 344/344/344 382/382/382 345/345/345
f 345/345/345 382/382/382 383/383/383
f 345/345/345 383/383/383 346/346/346
f 346/346/346 383/383/383 384/384/384
f 346/346/346 384/384/384 347/347/347
f 347/347/347 384/384/384 385/385/385
f 347/347/347 385/385/385 348/348/348
f 348/348/348 385/385/385 386/386/386
f 348/348/348 386/386/386 349/349/349
f 349/349/349 386/386/386 387/387/387
f 349/349/349 387/387/387 350/350/350
f 350/350/350 387/387/387 388/388/388
f 350/350/350 388/388/388 351/351/351
f 351/351/351 388/388/388 389/389/389
f 351/351/351 389/389/389 352/352/352
f 352/352/352 389/389/389 390/390/390
f 352/352/352 390/390/390 353/353/353
f 353/353/353 390/390/390 391/391/391
f 353/353/353 391/391/391 354/354/354
f 354/354/354 391/391/391 392/392/392
f 354/354/354 392/392/392 355/355/355
f 355/355/355 392/392/392 393/393/393
f 355/355/355 393/393/393 356/356/356
f 356/356/356 393/393/393 394/394/394
f 356/356/356 394/394/394 357/357/357
f 357/357/357 394/394/394 395/395/395
f 357/357/357 395/395/395 358/358/358
f 358/358/358 395/395/395 396/396/396
f 358/358/358 396/396/396 359/359/359
f 359/359/359 396/396/396 397/397/397
f 359/359/359 397/397/397 360/360/360
f 360/360/360 397/397/397 398/398/398
f 360/360/360 398/398/398 361/361/361
f 361/361/361 398/398/398 399/399/399
f 361/361/361 399/399/399 362/362/362
f 362/362/362 399/399/399 400/400/400
f 362/362/362 400/400/400 363/363/363
f 363/363/363 400/400/400 401/401/401
f 363/363/363 401/401/401 364/364/364
f 364/364/364 401/401/401 402/402/402
f 364/364/364 402/402/402 365/365/365
f 365/365/365 402/402/402 403/403/403
f 365/365/365 403/403/403 366/366/366
f 366/366/366 403/403/403 404/404/404
f 366/366/366 404/404/404 367/367/367
f 367/367/367 404/404/404 405/405/405
f 367/367/367 405/405/405 368/368/368
f 368/368/368 405/405/405 406/406/406
f 368/368/368 406/406/406 369/369/369
f 369/369/369 406/406/406 407/407/407
f 369/369/369 407/407/407 370/370/370
f 371/371/371 408/408/408 409/409/409
f 371/371/371 409/409/409 372/372/372
f 372/372/372 409/409/409 410/410/410
f 372/372/372 410/410/410 373/373/373
f 373/373/373 410/410/410 411/411/411
f 373/373/373 411/411/411 374/374/374
f 374/374/374 411/411/411 412/412/412
f 374/374/374 412/412/412 375/375/375
f 375/375/375 412/412/412 413/413/413
f 375/375/375 413/413/413 376/376/376
f 376/376/376 413/413/413 414/414/414
f 376/376/376 414/414/414 377/377/377
f 377/377/377 414/414/414 415/415/415
f 377/377/377 415/415/415 378/378/378
f 378/378/378 415/415/415 416/416/416
f 378/378/378 416/416/416 379/379/379
f 379/379/379 416/416/416 417/417/417
f 379/379/379 417/417/417 380/380/380
f 380/380/380 417/417/417 418/418/418
f 380/380/380 418/418/418 381/381/381
f 381/381/381 418/418/418 419/419/419
f 381/381/381 419/419/419 382/382/382
f 382/382/382 419/419/419 420/420/420
f 382/382/382 420/420/420 383/383/383
f 383/383/383 420/420/420 421/421/421
f 383/383/383 421/421/421 384/384/384
f 384/384/384 421/421/421 422/422/422
f 384/384/384 422/422/422 385/385/385
f 385/385/385 422/422/422 423/423/423
f 385/385/385 423/423/423 386/386/386
f 386/386/386 423/423/423 424/424/424
f 386/386/386 424/424/424 387/387/387
f 387/387/387 424/424/424 425/425/425
f 387/387/387 425/425/425 388/388/388
f 388/388/388 425/425/425 426/426/426
f 388/388/388 426/426/426 389/389/389
f 389/389/389 426/426/426 427/427/427
f 389/389/389 427/427/427 390/390/390
f 390/390/390 427/427/427 428/428/428
f 390/390/390 428/428/428 391/391/391
f 391/391/391 428/428/428 429/429/429
f 391/391/391 429/429/429 392/392/392
f 392/392/392 429/429/429 430/430/430
f 392/392/392 430/430/430 393/393/393
f 393/393/393 430/430/430 431/431/431
f 393/393/393 431/431/431 394/394/394
f 394/394/394 431/431/431 432/432/432
f 394/394/394 432/432/432 395/395/395
f 395/395/395 432/432/432 433/433/433
f 395/395/395 433/433/433 396/396/396
f 396/396/396 433/433/433 434/434/434
f 396/396/396 434/434/434 397/397/397
f 397/397/397 434/434/434 435/435/435
f 397/397/397 435/435/435 398/398/398
f 398/398/398 435/435/435 436/436/436
f 398/398/398 436/436/436 399/399/399
f 399/399/399 436/436/436 437/437/437
f 399/399/399 437/437/437 400/400/400
f 400/400/400 437/437/437 438/438/438
f 400/400/400 438/438/438 401/401/401
f 401/401/401 438/438/438 439/439/439
f 401/401/401 439/439/439 402/402/402
f 402/402/402 439/439/439 440/440/440
f 402/402/402 440/440/440 403/403/403
f 403/403/403 440/440/440 441/441/441
f 403/403/403 441/441/441 404/404/404
f 404/404/404 441/441/441 442/442/442
f 404/404/404 442/442/442 405/405/405
f 405/405/405 442/442/442 443/443/443
f 405/405/405 443/443/443 406/406/406
f 406/406/406 443/443/443 444/444/444
f 406/406/406 444/444/444 407/407/407
f 408/408/408 445/445/445 446/446/446
f 408/408/408 446/446/446 409/409/409
f 409/409/409 446/446/446 447/447/447
f 409/409/409 447/447/447 410/410/410
f 410/410/410 447/447/447 448/448/448
f 410/410/410 448/448/448 411/411/411
f 411/411/411 448/448/448 449/449/449
f 411/411/411 449/449/449 412/412/412
f 412/412/412 449/449/449 450/450/450
f 412/412/412 450/450/450 413/413/413
f 413/413/413 450/450/450 451/451/451
f 413/413/413 451/451/451 414/414/414
f 414/414/414 451/451/451 452/452/452
f 414/414/414 452/452/452 415/415/415
f 415/415/415 452/452/452 453/453/453
f 415/415/415 453/453/453 416/416/416
f 416/416/416 453/453/453 454/454/454
f 416/416/416 454/454/454 417/417/417
f 417/417/417 454/454/454 455/455/455
f 417/417/417 455/455/455 418/418/418
f 418/418/418 455/455/455 456/456/456
f 418/418/418 456/456/456 419/419/419
f 419/419/419 456/456/456 457/457/457
f 419/419/419 457/457/457 420/420/420
f 420/420/420 457/457/457 458/458/458
f 420/420/420 458/458/458 421/421/421
f 421/421/421 458/458/458 459/459/459
f 421/421/421 459/459/459 422/422/422
f 422/422/422 459/459/459 460/460/460
f 422/422/422 460/460/460 423/423/423
f 423/423/423 460/460/460 461/461/461
f 423/423/423 461/461/461 424/424/424
f 424/424/424 461/461/461 462/462/462
f 424/424/424 462/462/462 425/425/425
f 425/425/425 462/462/462 463/463/463
f 425/425/425 463/463/463 426/426/426
f 426/426/426 463/463/463 464/464/464
f 426/426/426 464/464/464 427/427/427
f 427/427/427 464/464/464 465/465/465
f 427/427/427 465/465/465 428/428/428
f 428/428/428 465/465/465 466/466/466
f 428/428/428 466/466/466 429/429/429
f 429/429/429 466/466/466 467/467/467
f 429/429/429 467/467/467 430/430/430
f 430/430/430 467/467/467 468/468/468
f 430/430/430 468/468/468 431/431/431
f 431/431/431 468/468/468 469/469/469
f 431/431/431 469/469/469 432/432/432
f 432/432/432 469/469/469 470/470/470
f 432/432/432 470/470/470 433/433/433
f 433/433/433 470/470/470 471/471/471
f 433/433/433 471/471/471 434/434/434
f 434/434/434 471/471/471 472/472/472
f 434/434/434 472/472/472 435/435/435
f 435/435/435 472/472/472 473/473/473
f 435/435/435 473/473/473 436/436/436
f 436/436/436 473/473/473 474/474/474
f 436/436/436 474/474/474 437/437/437
f 437/437/437 474/474/474 475/475/475
f 437/437/437 475/475/475 438/438/438
f 438/438/438 475/475/475 476/476/476
f 438/438/438 476/476/476 439/439/439
f 439/439/439 476/476/476 477/477/477
f 439/439/439 477/477/477 440/440/440
f 440/440/440 477/477/477 478/478/478
f 440/440/440 478/478/478 441/441/441
f 441/441/441 478/478/478 479/479/479
f 441/441/441 479/479/479 442/442/442
f 442/442/442 479/479/479 480/480/480
f 442/442/442 480/480/480 443/443/443
f 443/443/443 480/480/480 481/481/481
f 443/443/443 481/481/481 444/444/444
f 445/445/445 482/482/482 483/483/483
f 445/445/445 483/483/483 446/446/446
f 446/446/446 483/483/483 484/484/484
f 446/446/446 484/484/484 447/447/447
f 447/447/447 484/484/484 485/485/485
f 447/447/447 485/485/485 448/448/448
f 448/448/448 485/485/485 486/486/486
f 448/448/448 486/486/486 449/449/449
f 449/449/449 486/486/486 487/487/487
f 449/449/449 487/487/487 450/450/450
f 450/450/450 487/487/487 488/488/488
f 450/450/450 488/488/488 451/451/451
f 451/451/451 488/488/488 489/489/489
f 451/451/451 489/489/489 452/452/452
f 452/452/452 489/489/489 490/490/490
f 452/452/452 490/490/490 453/453/453
f 453/453/453 490/490/490 491/491/491
f 453/453/453 491/491/491 454/454/454
f 454/454/454 491/491/491 492/492/492
f 454/454/454 492/492/492 455/455/455
f 455/455/455 492/492/492 493/493/493
f 455/455/455 493/493/493 456/456/456
f 456/456/456 493/493/493 494/494/494
f 456/456/456 494/494/494 457/457/457
f 457/457/457 494/494/494 495/495/495
f 457/457/457 495/495/495 458/458/458
f 458/458/458 495/495/495 496/496/496
f 458/458/458 496/496/496 459/459/459
f 459/459/459 496/496/496 497/497/497
f 459/459/459 497/497/497 460/460/460
f 460/460/460 497/497/497 498/498/498
f 460/460/460 498/498/498 461/461/461
f 461/461/461 498/498/498 499/499/499
f 461/461/461 499/499/499 462/462/462
f 462/462/462 499/499/499 500/500/500
f 462/462/462 500/500/500 463/463/463
f 463/463/463 500/500/500 501/501/501
f 463/463/463 501/501/501 464/464/464
f 464/464/464 501/501/501 502/502/502
f 464/464/464 502/502/502 465/465/465
f 465/465/465 502/502/502 503/503/503
f 465/465/465 503/503/503 466/466/466
f 466/466/466 503/503/503 504/504/504
f 466/466/466 504/504/504 467/467/467
f 467/467/467 504/504/504 505/505/505
f 467/467/467 505/505/505 468/468/468
f 468/468/468 505/505/505 506/506/506
f 468/468/468 506/506/506 469/469/469
f 469/469/469 506/506/506 507/507/507
f 469/469/469 507/507/507 470/470/470
f 470/470/470 507/507/507 508/508/508
f 470/470/470 508/508/508 471/471/471
f 471/471/471 508/508/508 509/509/509
f 471/471/471 509/509/509 472/472/472
f 472/472/472 509/509/509 510/510/510
f 472/472/472 510/510/510 473/473/473
f 473/473/473 510/510/510 511/511/511
f 473/473/473 511/511/511 474/474/474
f 474/474/474 511/511/511 512/512/512
f 474/474/474 512/512/512 475/475/475
f 475/475/475 512/512/512 513/513/513
f 475/475/475 513/513/513 476/476/476
f 476/476/476 513/513/513 514/514/514
f 476/476/476 514/514/514 477/477/477
f 477/477/477 514/514/514 515/515/515
f 477/477/477 515/515/515 478/478/478
f 478/478/478 515/515/515 516/516/516
f 478/478/478 516/516/516 479/479/479
f 479/479/479 516/516/516 517/517/517
f 479/479/479 517/517/517 480/480/480
f 480/480/480 517/517/517 518/518/518
f 480/480/480 518/518/518 481/481/481
f 482/482/482 519/519/519 520/520/520
f 482/482/482 520/520/520 483/483/483
f 483/483/483 520/520/520 521/521/521
f 483/483/483 521/521/521 484/484/484
f 484/484/484 521/521/521 522/522/522
f 484/484/484 522/522/522 485/485/485
f 485/485/485 522/522/522 523/523/523
f 485/485/485 523/523/523 486/486/486
f 486/486/486 523/523/523 524/524/524
f 486/486/486 524/524/524 487/487/487
f 487/487/487 524/524/524 525/525/525
f 487/487/487 525/525/525 488/488/488
f 488/488/488 525/525/525 526/526/526
f 488/488/488 526/526/526 489/489/489
f 489/489/489 526/526/526 527/527/527
f 489/489/489 527/527/527 490/490/490
f 490/490/490 527/527/527 528/528/528
f 490/490/490 528/528/528 491/491/491
f 491/491/491 528/528/528 529/529/529
f 491/491/491 529/529/529 492/492/492
f 492/492/492 529/529/529 530/530/530
f 492/492/492 530/530/530 493/493/493
f 493/493/493 530/530/530 531/531/531
f 493/493/493 531/531/531 494/494/494
f 494/494/494 531/531/531 532/532/532
f 494/494/494 532/532/532 495/495/495
f 495/495/495 532/532/532 533/533/533
f 495/495/495 533/533/533 496/496/496
f 496/496/496 533/533/533 534/534/534
f 496/496/496 534/534/534 497/497/497
f 497/497/497 534/534/534 535/535/535
f 497/497/497 535/535/535 498/498/498
f 498/498/498 535/535/535 536/536/536
f 498/498/498 536/536/536 499/499/499
f 499/499/499 536/536/536 537/537/537
f 499/499/499 537/537/537 500/500/500
f 500/500/500 537/537/537 538/538/538
f 500/500/500 538/538/538 501/501/501
f 501/501/501 538/538/538 539/539/539
f 501/501/501 539/539/539 502/502/502
f 502/502/502 539/539/539 540/540/540
f 502/502/502 540/540/540 503/503/503
f 503/503/503 540/540/540 541/541/541
f 503/503/503 541/541/541 504/504/504
f 504/504/504 541/541/541 542/542/542
f 504/504/504 542/542/542 505/505/505
f 505/505/505 542/542/542 543/543/543
f 505/505/505 543/543/543 506/506/506
f 506/506/506 543/543/543 544/544/544
f 506/506/506 544/544/544 507/507/507
f 507/507/507 544/544/544 545/545/545
f 507/507/507 545/545/545 508/508/508
f 508/508/508 545/545/545 546/546/546
f 508/508/508 546/546/546 509/509/509
f 509/509/509 546/546/546 547/547/547
f 509/509/509 547/547/547 510/510/510
f 510/510/510 547/547/547 548/548/548
f 510/510/510 548/548/548 511/511/511
f 511/511/511 548/548/548 549/549/549
f 511/511/511 549/549/549 512/512/512
f 512/512/512 549/549/549 550/550/550
f 512/512/512 550/550/550 513/513/513
f 513/513/513 550/550/550 551/551/551
f 513/513/513 551/551/551 514/514/514
f 514/514/514 551/551/551 552/552/552
f 514/514/514 552/552/552 515/515/515
f 515/515/515 552/552/552 553/553/553
f 515/515/515 553/553/553 516/516/516
f 516/516/516 553/553/553 554/554/554
f 516/516/516 554/554/554 517/517/517
f 517/517/517 554/554/554 555/555/555
f 517/517/517 555/555/555 518/518/518
f 519/519/519 556/556/556 557/557/557
f 519/519/519 557/557/557 520/520/520
f 520/520/520 557/557/557 558/558/558
f 520/520/520 558/558/558 521/521/521
f 521/521/521 558/558/558 559/559/559
f 521/521/521 559/559/559 522/522/522
f 522/522/522 559/559/559 560/560/560
f 522/522/522 560/560/560 523/523/523
f 523/523/523 560/560/560 561/561/561
f 523/523/523 561/561/561 524/524/524
f 524/524/524 561/561/561 562/562/562
f 524/524/524 562/562/562 525/525/525
f 525/525/525 562/562/562 563/563/563
f 525/525/525 563/563/563 526/526/526
f 526/526/526 563/563/563 564/564/564
f 526/526/526 564/564/564 527/527/527
f 527/527/527 564/564/564 565/565/565
f 527/527/527 565/565/565 528/528/528
f 528/528/528 565/565/565 566/566/566
f 528/528/528 566/566/566 529/529/529
f 529/529/529 566/566/566 567/567/567
f 529/529/529 567/567/567 530/530/530
f 530/530/530 567/567/567 568/568/568
f 530/530/530 568/568/568 531/531/531
f 531/531/531 568/568/568 569/569/569
f 531/531/531 569/569/569 532/532/532
f 532/532/532 569/569/569 570/570/570
f 532/532/532 570/570/570 533/533/533
f 533/533/533 570/570/570 571/571/571
f 533/533/533 571/571/571 534/534/534
f 534/534/534 571/571/571 572/572/572
f 534/534/534 572/572/572 535/535/535
f 535/535/535 572/572/572 573/573/573
f 535/535/535 573/573/573 536/536/536
f 536/536/536 573/573/573 574/574/574
f 536/536/536 574/574/574 537/537/537
f 537/537/537 574/574/574 575/575/575
f 537/537/537 575/575/575 538/538/538
f 538/538/538 575/575/575 576/576/576
f 538/538/538 576/576/576 539/539/539
f 539/539/539 576/576/576 577/577/577
f 539/539/539 577/577/577 540/540/540
f 540/540/540 577/577/577 578/578/578
f 540/540/540 578/578/578 541/541/541
f 541/541/541 578/578/578 579/579/579
f 541/541/541 579/579/579 542/542/542
f 542/542/542 579/579/579 580/580/580
f 542/542/542 580/580/580 543/543/543
f 543/543/543 580/580/580 581/581/581
f 543/543/543 581/581/581 544/544/544
f 544/544/544 581/581/581 582/582/582
f 544/544/544 582/582/582 545/545/545
f 545/545/545 582/582/582 583/583/583
f 545/545/545 583/583/583 546/546/546
f 546/546/546 583/583/583 584/584/584
f 546/546/546 584/584/584 547/547/547
f 547/547/547 584/584/584 585/585/585
f 547/547/547 585/585/585 548/548/548
f 548/548/548 585/585/585 586/586/586
f 548/548/548 586/586/586 549/549/549
f 549/549/549 586/586/586 587/587/587
f 549/549/549 587/587/587 550/550/550
f 550/550/550 587/587/587 588/588/588
f 550/550/550 588/588/588 551/551/551
f 551/551/551 588/588/588 589/589/589
f 551/551/551 589/589/589 552/552/552
f 552/552/552 589/589/589 590/590/590
f 552/552/552 590/590/590 553/553/553
f 553/553/553 590/590/590 591/591/591
f 553/553/553 591/591/591 554/554/554
f 554/554/554 591/591/591 592/592/592
f 554/554/554 592/592/592 555/555/555
f 556/556/556 593/593/593 594/594/594
f 556/556/556 594/594/594 557/557/557
f 557/557/557 594/594/594 595/595/595
f 557/557/557 595/595/595 558/558/558
f 558/558/558 595/595/595 596/596/596
f 558/558/558 596/596/596 559/559/559
f 559/559/559 596/596/596 597/597/597
f 559/559/559 597/597/597 560/560/560
f 560/560/560 597/597/597 598/598/598
f 560/560/560 598/598/598 561/561/561
f 561/561/561 598/598/598 599/599/599
f 561/561/561 599/599/599 562/562/562
f 562/562/562 599/599/599 600/600/600
f 562/562/562 600/600/600 563/563/563
f 563/563/563 600/600/600 601/601/601
f 563/563/563 601/601/601 564/564/564
f 564/564/564 601/601/601 602/602/602
f 564/564/564 602/602/602 565/565/565
f 565/565/565 602/602/602 603/603/603
f 565/565/565 603/603/603 566/566/566
f 566/566/566 603/603/603 604/604/604
f 566/566/566 604/604/604 567/567/567
f 567/567/567 604/604/604 605/605/605
f 567/567/567 605/605/605 568/568/568
f 568/568/568 605/605/605 606/606/606
f 568/568/568 606/606/606 569/569/569
f 569/569/569 606/606/606 607/607/607
f 569/569/569 607/607/607 570/570/570
f 570/570/570 607/607/607 608/608/608
f 570/570/570 608/608/608 571/571/571
f 571/571/571 608/608/608 609/609/609
f 571/571/571 609/609/609 572/572/572
f 572/572/572 609/609/609 610/610/610
f 572/572/572 610/610/610 573/573/573
f 573/573/573 610/610/610 611/611/611
f 573/573/573 611/611/611 574/574/574
f 574/574/574 611/611/611 612/612/612
f 574/574/574 612/612/612 575/575/575
f 575/575/575 612/612/612 613/613/613
f 575/575/575 613/613/613 576/576/576
f 576/576/576 613/613/613 614/614/614
f 576/576/576 614/614/614 577/577/577
f 577/577/577 614/614/614 615/615/615
f 577/577/577 615/615/615 578/578/578
f 578/578/578 615/615/615 616/616/616
f 578/578/578 616/616/616 579/579/579
f 579/579/579 616/616/616 617/617/617
f 579/579/579 617/617/617 580/580/580
f 580/580/580 617/617/617 618/618/618
f 580/580/580 618/618/618 581/581/581
f 581/581/581 618/618/618 619/619/619
f 581/581/581 619/619/619 582/582/582
f 582/582/582 619/619/619 620/620/620
f 582/582/582 620/620/620 583/583/583
f 583/583/583 620/620/620 621/621/621
f 583/583/583 621/621/621 584/584/584
f 584/584/584 621/621/621 622/622/622
f 584/584/584 622/622/622 585/585/585
f 585/585/585 622/622/622 623/623/623
f 585/585/585 623/623/623 586/586/586
f 586/586/586 623/623/623 624/624/624
f 586/586/586 624/624/624 587/587/587
f 587/587/587 624/624/624 625/625/625
f 587/587/587 625/625/625 588/588/588
f 588/588/588 625/625/625 626/626/626
f 588/588/588 626/626/626 589/589/589
f 589/589/589 626/626/626 627/627/627
f 589/589/589 627/627/627 590/590/590
f 590/590/590 627/627/627 628/628/628
f 590/590/590 628/628/628 591/591/591
f 591/591/591 628/628/628 629/629/629
f 591/591/591 629/629/629 592/592/592
f 593/593/593 630/630/630 631/631/631
f 593/593/593 631/631/631 594/594/594
f 594/594/594 631/631/631 632/632/632
f 594/594/594 632/632/632 595/595/595
f 595/595/595 632/632/632 633/633/633
f 595/595/595 633/633/633 596/596/596
f 596/596/596 633/633/633 634/634/634
f 596/596/596 634/634/634 597/597/597
f 597/597/597 634/634/634 635/635/635
f 597/597/597 635/635/635 598/598/598
f 598/598/598 635/635/635 636/636/636
f 598/598/598 636/636/636 599/599/599
f 599/599/599 636/636/636 637/637/637
f 599/599/599 637/637/637 600/600/600
f 600/600/600 637/637/637 638/638/638
f 600/600/600 638/638/638 601/601/601
f 601/601/601 638/638/638 639/639/639
f 601/601/601 639/639/639 602/602/602
f 602/602/602 639/639/639 640/640/640
f 602/602/602 640/640/640 603/603/603
f 603/603/603 640/640/640 641/641/641
f 603/603/603 641/641/641 604/604/604
f 604/604/604 641/641/641 642/642/642
f 604/604/604 642/642/642 605/605/605
f 605/605/605 642/642/642 643/643/643
f 605/605/605 643/643/643 606/606/606
f 606/606/606 643/643/643 644/644/644
f 606/606/606 644/644/644 607/607/607
f 607/607/607 644/644/644 645/645/645
f 607/607/607 645/645/645 608/608/608
f 608/608/608 645/645/645 646/646/646
f 608/608/608 646/646/646 609/609/609
f 609/609/609 646/646/646 647/647/647
f 609/609/609 647/647/647 610/610/610
f 610/610/610 647/647/647 648/648/648
f 610/610/610 648/648/648 611/611/611
f 611/611/611 648/648/648 649/649/649
f 611/611/611 649/649/649 612/612/612
f 612/612/612 649/649/649 650/650/650
f 612/612/612 650/650/650 613/613/613
f 613/613/613 650/650/650 651/651/651
f 613/613/613 651/651/651 614/614/614
f 614/614/614 651/651/651 652/652/652
f 614/614/614 652/652/652 615/615/615
f 615/615/615 652/652/652 653/653/653
f 615/615/615 653/653/653 616/616/616
f 616/616/616 653/653/653 654/654/654
f 616/616/616 654/654/654 617/617/617
f 617/617/617 654/654/654 655/655/655
f 617/617/617 655/655/655 618/618/618
f 618/618/618 655/655/655 656/656/656
f 618/618/618 656/656/656 619/619/619
f 619/619/619 656/656/656 657/657/657
f 619/619/619 657/657/657 620/620/620
f 620/620/620 657/657/657 658/658/658
f 620/620/620 658/658/658 621/621/621
f 621/621/621 658/658/658 659/659/659
f 621/621/621 659/659/659 622/622/622
f 622/622/622 659/659/659 660/660/660
f 622/622/622 660/660/660 623/623/623
f 623/623/623 660/660/660 661/661/661
f 623/623/623 661/661/661 624/624/624
f 624/624/624 661/661/661 662/662/662
f 624/624/624 662/662/662 625/625/625
f 625/625/625 662/662/662 663/663/663
f 625/625/625 663/663/663 626/626/626
f 626/626/626 663/663/663 664/664/664
f 626/626/626 664/664/664 627/627/627
f 627/627/627 664/664/664 665/665/665
f 627/627/627 665/665/665 628/628/628
f 628/628/628 665/665/665 666/666/666
f 628/628/628 666/666/666 629/629/629
f 630/630/630 667/667/667 668/668/668
f 630/630/630 668/668/668 631/631/631
f 631/631/631 668/668/668 669/669/669
f 631/631/631 669/669/669 632/632/632
f 632/632/632 669/669/669 670/670/670
f 632/632/632 670/670/670 633/633/633
f 633/633/633 670/670/670 671/671/671
f 633/633/633 671/671/671 634/634/634
f 634/634/634 671/671/671 672/672/672
f 634/634/634 672/672/672 635/635/635
f 635/635/635 672/672/672 673/673/673
f 635/635/635 673/673/673 636/636/636
f 636/636/636 673/673/673 674/674/674
f 636/636/636 674/674/674 637/637/637
f 637/637/637 674/674/674 675/675/675
f 637/637/637 675/675/675 638/638/638
f 638/638/638 675/675/675 676/676/676
f 638/638/638 676/676/676 639/639/639
f 639/639/639 676/676/676 677/677/677
f 639/639/639 677/677/677 640/640/640
f 640/640/640 677/677/677 678/678/678
f 640/640/640 678/678/678 641/641/641
f 641/641/641 678/678/678 679/679/679
f 641/641/641 679/679/679 642/642/642
f 642/642/642 679/679/679 680/680/680
f 642/642/642 680/680/680 643/643/643
f 643/643/643 680/680/680 681/681/681
f 643/643/643 681/681/681 644/644/644
f 644/644/644 681/681/681 682/682/682
f 644/644/644 682/682/682 645/645/645
f 645/645/645 682/682/682 683/683/683
f 645/645/645 683/683/683 646/646/646
f 646/646/646 683/683/683 684/684/684
f 646/646/646 684/684/684 647/647/647
f 647/647/647 684/684/684 685/685/685
f 647/647/647 685/685/685 648/648/648
f 648/648/648 685/685/685 686/686/686
f 648/648/648 686/686/686 649/649/649
f 649/649/649 686/686/686 687/687/687
f 649/649/649 687/687/687 650/650/650
f 650/650/650 687/687/687 688/688/688
f 650/650/650 688/688/688 651/651/651
f 651/651/651 688/688/688 689/689/689
f 651/651/651 689/689/689 652/652/652
f 652/652/652 689/689/689 690/690/690
f 652/652/652 690/690/690 653/653/653
f 653/653/653 690/690/690 691/691/691
f 653/653/653 691/691/691 654/654/654
f 654/654/654 691/691/691 692/692/692
f 654/654/654 692/692/692 655/655/655
f 655/655/655 692/692/692 693/693/693
f 655/655/655 693/693/693 656/656/656
f 656/656/656 693/693/693 694/694/694
f 656/656/656 694/694/694 657/657/657
f 657/657/657 694/694/694 695/695/695
f 657/657/657 695/695/695 658/658/658
f 658/658/658 695/695/695 696/696/696
f 658/658/658 696/696/696 659/659/659
f 659/659/659 696/696/696 697/697/697
f 659/659/659 697/697/697 660/660/660
f 660/660/660 697/697/697 698/698/698
f 660/660/660 698/698/698 661/661/661
f 661/661/661 698/698/698 699/699/699
f 661/661/661 699/699/699 662/662/662
f 662/662/662 699/699/699 700/700/700
f 662/662/662 700/700/700 663/663/663
f 663/663/663 700/700/700 701/701/701
f 663/663/663 701/701/701 664/664/664
f 664/664/664 701/701/701 702/702/702
f 664/664/664 702/702/702 665/665/665
f 665/665/665 702/702/702 703/703/703
f 665/665/665 703/703/703 666/666/666
f 667/667/667 704/704/704 705/705/705
f 667/667/667 705/705/705 668/668/668
f 668/668/668 705/705/705 706/706/706
f 668/668/668 706/706/706 669/669/669
f 669/669/669 706/706/706 707/707/707
f 669/669/669 707/707/707 670/670/670
f 670/670/670 707/707/707 708/708/708
f 670/670/670 708/708/708 671/671/671
f 671/671/671 708/708/708 709/709/709
f 671/671/671 709/709/709 672/672/672
f 672/672/672 709/709/709 710/710/710
f 672/672/672 710/710/710 673/673/673
f 673/673/673 710/710/710 711/711/711
f 673/673/673 711/711/711 674/674/674
f 674/674/674 711/711/711 712/712/712
f 674/674/674 712/712/712 675/675/675
f 675/675/675 712/712/712 713/713/713
f 675/675/675 713/713/713 676/676/676
f 676/676/676 713/713/713 714/714/714
f 676/676/676 714/714/714 677/677/677
f 677/677/677 714/714/714 715/715/715
f 677/677/677 715/715/715 678/678/678
f 678/678/678 715/715/715 716/716/716
f 678/678/678 716/716/716 679/679/679
f 679/679/679 716/716/716 717/717/717
f 679/679/679 717/717/717 680/680/680
f 680/680/680 717/717/717 718/718/718
f 680/680/680 718/718/718 681/681/681
f 681/681/681 718/718/718 719/719/719
f 681/681/681 719/719/719 682/682/682
f 682/682/682 719/719/719 720/720/720
f 682/682/682 720/720/720 683/683/683
f 683/683/683 720/720/720 721/721/721
f 683/683/683 721/721/721 684/684/684
f 684/684/684 721/721/721 722/722/722
f 684/684/684 722/722/722 685/685/685
f 685/685/685 722/722/722 723/723/723
f 685/685/685 723/723/723 686/686/686
f 686/686/686 723/723/723 724/724/724
f 686/686/686 724/724/724 687/687/687
f 687/687/687 724/724/724 725/725/725
f 687/687/687 725/725/725 688/688/688
f 688/688/688 725/725/725 726/726/726
f 688/688/688 726/726/726 689/689/689
f 689/689/689 726/726/726 727/727/727
f 689/689/689 727/727/727 690/690/690
f 690/690/690 727/727/727 728/728/728
f 690/690/690 728/728/728 691/691/691
f 691/691/691 728/728/728 729/729/729
f 691/691/691 729/729/729 692/692/692
f 692/692/692 729/729/729 730/730/730
f 692/692/692 730/730/730 693/693/693
f 693/693/693 730/730/730 731/731/731
f 693/693/693 731/731/731 694/694/694
f 694/694/694 731/731/731 732/732/732
f 694/694/694 732/732/732 695/695/695
f 695/695/695 732/732/732 733/733/733
f 695/695/695 733/733/733 696/696/696
f 696/696/696 733/733/733 734/734/734
f 696/696/696 734/734/734 697/697/697
f 697/697/697 734/734/734 735/735/735
f 697/697/697 735/735/735 698/698/698
f 698/698/698 735/735/735 736/736/736
f 698/698/698 736/736/736 699/699/699
f 699/699/699 736/736/736 737/737/737
f 699/699/699 737/737/737 700/700/700
f 700/700/700 737/737/737 738/738/738
f 700/700/700 738/738/738 701/701/701
f 701/701/701 738/738/738 739/739/739
f 701/701/701 739/739/739 702/702/702
f 702/702/702 739/739/739 740/740/740
f 702/702/702 740/740/740 703/703/703
f 704/704/704 741/741/741 742/742/742
f 704/704/704 742/742/742 705/705/705
f 705/705/705 742/742/742 743/743/743
f 705/705/705 743/743/743 706/706/706
f 706/706/706 743/743/743 744/744/744
f 706/706/706 744/744/744 707/707/707
f 707/707/707 744/744/744 745/745/745
f 707/707/707 745/745/745 708/708/708
f 708/708/708 745/745/745 746/746/746
f 708/708/708 746/746/746 709/709/709
f 709/709/709 746/746/746 747/747/747
f 709/709/709 747/747/747 710/710/710
f 710/710/710 747/747/747 748/748/748
f 710/710/710 748/748/748 711/711/711
f 711/711/711 748/748/748 749/749/749
f 711/711/711 749/749/749 712/712/712
f 712/712/712 749/749/749 750/750/750
f 712/712/712 750/750/750 713/713/713
f 713/713/713 750/750/750 751/751/751
f 713/713/713 751/751/751 714/714/714
f 714/714/714 751/751/751 752/752/752
f 714/714/714 752/752/752 715/715/715
f 715/715/715 752/752/752 753/753/753
f 715/715/715 753/753/753 716/716/716
f 716/716/716 753/753/753 754/754/754
f 716/716/716 754/754/754 717/717/717
f 717/717/717 754/754/754 755/755/755
f 717/717/717 755/755/755 718/718/718
f 718/718/718 755/755/755 756/756/756
f 718/718/718 756/756/756 719/719/719
f 719/719/719 756/756/756 757/757/757
f 719/719/719 757/757/757 720/720/720
f 720/720/720 757/757/757 758/758/758
f 720/720/720 758/758/758 721/721/721
f 721/721/721 758/758/758 759/759/759
f 721/721/721 759/759/759 722/722/722
f 722/722/722 759/759/759 760/760/760
f 722/722/722 760/760/760 723/723/723
f 723/723/723 760/760/760 761/761/761
f 723/723/723 761/761/761 724/724/724
f 724/724/724 761/761/761 762/762/762
f 724/724/724 762/762/762 725/725/725
f 725/725/725 762/762/762 763/763/763
f 725/725/725 763/763/763 726/726/726
f 726/726/726 763/763/763 764/764/764
f 726/726/726 764/764/764 727/727/727
f 727/727/727 764/764/764 765/765/765
f 727/727/727 765/765/765 728/728/728
f 728/728/728 765/765/765 766/766/766
f 728/728/728 766/766/766 729/729/729
f 729/729/729 766/766/766 767/767/767
f 729/729/729 767/767/767 730/730/730
f 730/730/730 767/767/767 768/768/768
f 730/730/730 768/768/768 731/731/731
f 731/731/731 768/768/768 769/769/769
f 731/731/731 769/769/769 732/732/732
f 732/732/732 769/769/769 770/770/770
f 732/732/732 770/770/770 733/733/733
f 733/733/733 770/770/770 771/771/771
f 733/733/733 771/771/771 734/734/734
f 734/734/734 771/771/771 772/772/772
f 734/734/734 772/772/772 735/735/735
f 735/735/735 772/772/772 773/773/773
f 735/735/735 773/773/773 736/736/736
f 736/736/736 773/773/773 774/774/774
f 736/736/736 774/774/774 737/737/737
f 737/737/737 774/774/774 775/775/775
f 737/737/737 775/775/775 738/738/738
f 738/738/738 775/775/775 776/776/776
f 738/738/738 776/776/776 739/739/739
f 739/739/739 776/776/776 777/777/777
f 739/739/739 777/777/777 740/740/740
f 741/741/741 778/778/778 779/779/779
f 741/741/741 779/779/779 742/742/742
f 742/742/742 779/779/779 780/780/780
f 742/742/742 780/780/780 743/743/743
f 743/743/743 780/780/780 781/781/781
f 743/743/743 781/781/781 744/744/744
f 744/744/744 781/781/781 782/782/782
f 744/744/744 782/782/782 745/745/745
f 745/745/745 782/782/782 783/783/783
f 745/745/745 783/783/783 746/746/746
f 746/746/746 783/783/783 784/784/784
f 746/746/746 784/784/784 747/747/747
f 747/747/747 784/784/784 785/785/785
f 747/747/747 785/785/785 748/748/748
f 748/748/748 785/785/785 786/786/786
f 748/748/748 786/786/786 749/749/749
f 749/749/749 786/786/786 787/787/787
f 749/749/749 787/787/787 750/750/750
f 750/750/750 787/787/787 788/788/788
f 750/750/750 788/788/788 751/751/751
f 751/751/751 788/788/788 789/789/789
f 751/751/751 789/789/789 752/752/752
f 752/752/752 789/789/789 790/790/790
f 752/752/752 790/790/790 753/753/753
f 753/753/753 790/790/790 791/791/791
f 753/753/753 791/791/791 754/754/754
f 754/754/754 791/791/791 792/792/792
f 754/754/754 792/792/792 755/755/755
f 755/755/755 792/792/792 793/793/793
f 755/755/755 793/793/793 756/756/756
f 756/756/756 793/793/793 794/794/794
f 756/756/756 794/794/794 757/757/757
f 757/757/757 794/794/794 795/795/795
f 757/757/757 795/795/795 758/758/758
f 758/758/758 795/795/795 796/796/796
f 758/758/758 796/796/796 759/759/759
f 759/759/759 796/796/796 797/797/797
f 759/759/759 797/797/797 760/760/760
f 760/760/760 797/797/797 798/798/798
f 760/760/760 798/798/798 761/761/761
f 761/761/761 798/798/798 799/799/799
f 761/761/761 799/799/799 762/762/762
f 762/762/762 799/799/799 800/800/800
f 762/762/762 800/800/800 763/763/763
f 763/763/763 800/800/800 801/801/801
f 763/763/763 801/801/801 764/764/764
f 764/764/764 801/801/801 802/802/802
f 764/764/764 802/802/802 765/765/765
f 765/765/765 802/802/802 803/803/803
f 765/765/765 803/803/803 766/766/766
f 766/766/766 803/803/803 804/804/804
f 766/766/766 804/804/804 767/767/767
f 767/767/767 804/804/804 805/805/805
f 767/767/767 805/805/805 768/768/768
f 768/768/768 805/805/805 806/806/806
f 768/768/768 806/806/806 769/769/769
f 769/769/769 806/806/806 807/807/807
f 769/769/769 807/807/807 770/770/770
f 770/770/770 807/807/807 808/808/808
f 770/770/770 808/808/808 771/771/771
f 771/771/771 808/808/808 809/809/809
f 771/771/771 809/809/809 772/772/772
f 772/772/772 809/809/809 810/810/810
f 772/772/772 810/810/810 773/773/773
f 773/773/773 810/810/810 811/811/811
f 773/773/773 811/811/811 774/774/774
f 774/774/774 811/811/811 812/812/812
f 774/774/774 812/812/812 775/775/775
f 775/775/775 812/812/812 813/813/813
f 775/775/775 813/813/813 776/776/776
f 776/776/776 813/813/813 814/814/814
f 776/776/776 814/814/814 777/777/777
f 778/778/778 815/815/815 816/816/816
f 778/778/778 816/816/816 779/779/779
f 779/779/779 816/816/816 817/817/817
f 779/779/779 817/817/817 780/780/780
f 780/780/780 817/817/817 818/818/818
f 780/780/780 818/818/818 781/781/781
f 781/781/781 818/818/818 819/819/819
f 781/781/781 819/819/819 782/782/782
f 782/782/782 819/819/819 820/820/820
f 782/782/782 820/820/820 783/783/783
f 783/783/783 820/820/820 821/821/821
f 783/783/783 821/821/821 784/784/784
f 784/784/784 821/821/821 822/822/822
f 784/784/784 822/822/822 785/785/785
f 785/785/785 822/822/822 823/823/823
f 785/785/785 823/823/823 786/786/786
f 786/786/786 823/823/823 824/824/824
f 786/786/786 824/824/824 787/787/787
f 787/787/787 824/824/824 825/825/825
f 787/787/787 825/825/825 788/788/788
f 788/788/788 825/825/825 826/826/826
f 788/788/788 826/826/826 789/789/789
f 789/789/789 826/826/826 827/827/827
f 789/789/789 827/827/827 790/790/790
f 790/790/790 827/827/827 828/828/828
f 790/790/790 828/828/828 791/791/791
f 791/791/791 828/828/828 829/829/829
f 791/791/791 829/829/829 792/792/792
f 792/792/792 829/829/829 830/830/830
f 792/792/792 830/830/830 793/793/793
f 793/793/793 830/830/830 831/831/831
f 793/793/793 831/831/831 794/794/794
f 794/794/794 831/831/831 832/832/832
f 794/794/794 832/832/832 795/795/795
f 795/795/795 832/832/832 833/833/833
f 795/795/795 833/833/833 796/796/796
f 796/796/796 833/833/833 834/834/834
f 796/796/796 834/834/834 797/797/797
f 797/797/797 834/834/834 835/835/835
f 797/797/797 835/835/835 798/798/798
f 798/798/798 835/835/835 836/836/836
f 798/798/798 836/836/836 799/799/799
f 799/799/799 836/836/836 837/837/837
f 799/799/799 837/837/837 800/800/800
f 800/800/800 837/837/837 838/838/838
f 800/800/800 838/838/838 801/801/801
f 801/801/801 838/838/838 839/839/839
f 801/801/801 839/839/839 802/802/802
f 802/802/802 839/839/839 840/840/840
f 802/802/802 840/840/840 803/803/803
f 803/803/803 840/840/840 841/841/841
f 803/803/803 841/841/841 804/804/804
f 804/804/804 841/841/841 842/842/842
f 804/804/804 842/842/842 805/805/805
f 805/805/805 842/842/842 843/843/843
f 805/805/805 843/843/843 806/806/806
f 806/806/806 843/843/843 844/844/844
f 806/806/806 844/844/844 807/807/807
f 807/807/807 844/844/844 845/845/845
f 807/807/807 845/845/845 808/808/808
f 808/808/808 845/845/845 846/846/846
f 808/808/808 846/846/846 809/809/809
f 809/809/809 846/846/846 847/847/847
f 809/809/809 847/847/847 810/810/810
f 810/810/810 847/847/847 848/848/848
f 810/810/810 848/848/848 811/811/811
f 811/811/811 848/848/848 849/849/849
f 811/811/811 849/849/849 812/812/812
f 812/812/812 849/849/849 850/850/850
f 812/812/812 850/850/850 813/813/813
f 813/813/813 850/850/850 851/851/851
f 813/813/813 851/851/851 814/814/814
f 815/815/815 852/852/852 853/853/853
f 815/815/815 853/853/853 816/816/816
f 816/816/816 853/853/853 854/854/854
f 816/816/816 854/854/854 817/817/817
f 817/817/817 854/854/854 855/855/855
f 817/817/817 855/855/855 818/818/818
f 818/818/818 855/855/855 856/856/856
f 818/818/818 856/856/856 819/819/819
f 819/819/819 856/856/856 857/857/857
f 819/819/819 857/857/857 820/820/820
f 820/820/820 857/857/857 858/858/858
f 820/820/820 858/858/858 821/821/821
f 821/821/821 858/858/858 859/859/859
f 821/821/821 859/859/859 822/822/822
f 822/822/822 859/859/859 860/860/860
f 822/822/822 860/860/860 823/823/823
f 823/823/823 860/860/860 861/861/861
f 823/823/823 861/861/861 824/824/824
f 824/824/824 861/861/861 862/862/862
f 824/824/824 862/862/862 825/825/825
f 825/825/825 862/862/862 863/863/863
f 825/825/825 863/863/863 826/826/826
f 826/826/826 863/863/863 864/864/864
f 826/826/826 864/864/864 827/827/827
f 827/827/827 864/864/864 865/865/865
f 827/827/827 865/865/865 828/828/828
f 828/828/828 865/865/865 866/866/866
f 828/828/828 866/866/866 829/829/829
f 829/829/829 866/866/866 867/867/867
f 829/829/829 867/867/867 830/830/830
f 830/830/830 867/867/867 868/868/868
f 830/830/830 868/868/868 831/831/831
f 831/831/831 868/868/868 869/869/869
f 831/831/831 869/869/869 832/832/832
f 832/832/832 869/869/869 870/870/870
f 832/832/832 870/870/870 833/833/833
f 833/833/833 870/870/870 871/871/871
f 833/833/833 871/871/871 834/834/834
f 834/834/834 871/871/871 872/872/872
f 834/834/834 872/872/872 835/835/835
f 835/835/835 872/872/872 873/873/873
f 835/835/835 873/873/873 836/836/836
f 836/836/836 873/873/873 874/874/874
f 836/836/836 874/874/874 837/837/837
f 837/837/837 874/874/874 875/875/875
f 837/837/837 875/875/875 838/838/838
f 838/838/838 875/875/875 876/876/876
f 838/838/838 876/876/876 839/839/839
f 839/839/839 876/876/876 877/877/877
f 839/839/839 877/877/877 840/840/840
f 840/840/840 877/877/877 878/878/878
f 840/840/840 878/878/878 841/841/841
f 841/841/841 878/878/878 879/879/879
f 841/841/841 879/879/879 842/842/842
f 842/842/842 879/879/879 880/880/880
f 842/842/842 880/880/880 843/843/843
f 843/843/843 880/880/880 881/881/881
f 843/843/843 881/881/881 844/844/844
f 844/844/844 881/881/881 882/882/882
f 844/844/844 882/882/882 845/845/845
f 845/845/845 882/882/882 883/883/883
f 845/845/845 883/883/883 846/846/846
f 846/846/846 883/883/883 884/884/884
f 846/846/846 884/884/884 847/847/847
f 847/847/847 884/884/884 885/885/885
f 847/847/847 885/885/885 848/848/848
f 848/848/848 885/885/885 886/886/886
f 848/848/848 886/886/886 849/849/849
f 849/849/849 886/886/886 887/887/887
f 849/849/849 887/887/887 850/850/850
f 850/850/850 887/887/887 888/888/888
f 850/850/850 888/888/888 851/851/851
f 852/852/852 889/889/889 890/890/890
f 852/852/852 890/890/890 853/853/853
f 853/853/853 890/890/890 891/891/891
f 853/853/853 891/891/891 854/854/854
f 854/854/854 891/891/891 892/892/892
f 854/854/854 892/892/892 855/855/855
f 855/855/855 892/892/892 893/893/893
f 855/855/855 893/893/893 856/856/856
f 856/856/856 893/893/893 894/894/894
f 856/856/856 894/894/894 857/857/857
f 857/857/857 894/894/894 895/895/895
f 857/857/857 895/895/895 858/858/858
f 858/858/858 895/895/895 896/896/896
f 858/858/858 896/896/896 859/859/859
f 859/859/859 896/896/896 897/897/897
f 859/859/859 897/897/897 860/860/860
f 860/860/860 897/897/897 898/898/898
f 860/860/860 898/898/898 861/861/861
f 861/861/861 898/898/898 899/899/899
f 861/861/861 899/899/899 862/862/862
f 862/862/862 899/899/899 900/900/900
f 862/862/862 900/900/900 863/863/863
f 863/863/863 900/900/900 901/901/901
f 863/863/863 901/901/901 864/864/864
f 864/864/864 901/901/901 902/902/902
f 864/864/864 902/902/902 865/865/865
f 865/865/865 902/902/902 903/903/903
f 865/865/865 903/903/903 866/866/866
f 866/866/866 903/903/903 904/904/904
f 866/866/866 904/904/904 867/867/867
f 867/867/867 904/904/904 905/905/905
f 867/867/867 905/905/905 868/868/868
f 868/868/868 905/905/905 906/906/906
f 868/868/868 906/906/906 869/869/869
f 869/869/869 906/906/906 907/907/907
f 869/869/869 907/907/907 870/870/870
f 870/870/870 907/907/907 908/908/908
f 870/870/870 908/908/908 871/871/871
f 871/871/871 908/908/908 909/909/909
f 871/871/871 909/909/909 872/872/872
f 872/872/872 909/909/909 910/910/910
f 872/872/872 910/910/910 873/873/873
f 873/873/873 910/910/910 911/911/911
f 873/873/873 911/911/911 874/874/874
f 874/874/874 911/911/911 912/912/912
f 874/874/874 912/912/912 875/875/875
f 875/875/875 912/912/912 913/913/913
f 875/875/875 913/913/913 876/876/876
f 876/876/876 913/913/913 914/914/914
f 876/876/876 914/914/914 877/877/877
f 877/877/877 914/914/914 915/915/915
f 877/877/877 915/915/915 878/878/878
f 878/878/878 915/915/915 916/916/916
f 878/878/878 916/916/916 879/879/879
f 879/879/879 916/916/916 917/917/917
f 879/879/879 917/917/917 880/880/880
f 880/880/880 917/917/917 918/918/918
f 880/880/880 918/918/918 881/881/881
f 881/881/881 918/918/918 919/919/919
f 881/881/881 919/919/919 882/882/882
f 882/882/882 919/919/919 920/920/920
f 882/882/882 920/920/920 883/883/883
f 883/883/883 920/920/920 921/921/921
f 883/883/883 921/921/921 884/884/884
f 884/884/884 921/921/921 922/922/922
f 884/884/884 922/922/922 885/885/885
f 885/885/885 922/922/922 923/923/923
f 885/885/885 923/923/923 886/886/886
f 886/886/886 923/923/923 924/924/924
f 886/886/886 924/924/924 887/887/887
f 887/887/887 924/924/924 925/925/925
f 887/887/887 925/925/925 888/888/888
f 889/889/889 926/926/926 927/927/927
f 889/889/889 927/927/927 890/890/890
f 890/890/890 927/927/927 928/928/928
f 890/890/890 928/928/928 891/891/891
f 891/891/891 928/928/928 929/929/929
f 891/891/891 929/929/929 892/892/892
f 892/892/892 929/929/929 930/930/930
f 892/892/892 930/930/930 893/893/893
f 893/893/893 930/930/930 931/931/931
f 893/893/893 931/931/931 894/894/894
f 894/894/894 931/931/931 932/932/932
f 894/894/894 932/932/932 895/895/895
f 895/895/895 932/932/932 933/933/933
f 895/895/895 933/933/933 896/896/896
f 896/896/896 933/933/933 934/934/934
f 896/896/896 934/934/934 897/897/897
f 897/897/897 934/934/934 935/935/935
f 897/897/897 935/935/935 898/898/898
f 898/898/898 935/935/935 936/936/936
f 898/898/898 936/936/936 899/899/899
f 899/899/899 936/936/936 937/937/937
f 899/899/899 937/937/937 900/900/900
f 900/900/900 937/937/937 938/938/938
f 900/900/900 938/938/938 901/901/901
f 901/901/901 938/938/938 939/939/939
f 901/901/901 939/939/939 902/902/902
f 902/902/902 939/939/939 940/940/940
f 902/902/902 940/940/940 903/903/903
f 903/903/903 940/940/940 941/941/941
f 903/903/903 941/941/941 904/904/904
f 904/904/904 941/941/941 942/942/942
f 904/904/904 942/942/942 905/905/905
f 905/905/905 942/942/942 943/943/943
f 905/905/905 943/943/943 906/906/906
f 906/906/906 943/943/943 944/944/944
f 906/906/906 944/944/944 907/907/907
f 907/907/907 944/944/944 945/945/945
f 907/907/907 945/945/945 908/908/908
f 908/908/908 945/945/945 946/946/946
f 908/908/908 946/946/946 909/909/909
f 909/909/909 946/946/946 947/947/947
f 909/909/909 947/947/947 910/910/910
f 910/910/910 947/947/947 948/948/948
f 910/910/910 948/948/948 911/911/911
f 911/911/911 948/948/948 949/949/949
f 911/911/911 949/949/949 912/912/912
f 912/912/912 949/949/949 950/950/950
f 912/912/912 950/950/950 913/913/913
f 913/913/913 950/950/950 951/951/951
f 913/913/913 951/951/951 914/914/914
f 914/914/914 951/951/951 952/952/952
f 914/914/914 952/952/952 915/915/915
f 915/915/915 952/952/952 953/953/953
f 915/915/915 953/953/953 916/916/916
f 916/916/916 953/953/953 954/954/954
f 916/916/916 954/954/954 917/917/917
f 917/917/917 954/954/954 955/955/955
f 917/917/917 955/955/955 918/918/918
f 918/918/918 955/955/955 956/956/956
f 918/918/918 956/956/956 919/919/919
f 919/919/919 956/956/956 957/957/957
f 919/919/919 957/957/957 920/920/920
f 920/920/920 957/957/957 958/958/958
f 920/920/920 958/958/958 921/921/921
f 921/921/921 958/958/958 959/959/959
f 921/921/921 959/959/959 922/922/922
f 922/922/922 959/959/959 960/960/960
f 922/922/922 960/960/960 923/923/923
f 923/923/923 960/960/960 961/961/961
f 923/923/923 961/961/961 924/924/924
f 924/924/924 961/961/961 962/962/962
f 924/924/924 962/962/962 925/925/925
f 926/926/926 963/963/963 964/964/964
f 926/926/926 964/964/964 927/927/927
f 927/927/927 964/964/964 965/965/965
f 927/927/927 965/965/965 928/928/928
f 928/928/928 965/965/965 966/966/966
f 928/928/928 966/966/966 929/929/929
f 929/929/929 966/966/966 967/967/967
f 929/929/929 967/967/967 930/930/930
f 930/930/930 967/967/967 968/968/968
f 930/930/930 968/968/968 931/931/931
f 931/931/931 968/968/968 969/969/969
f 931/931/931 969/969/969 932/932/932
f 932/932/932 969/969/969 970/970/970
f 932/932/932 970/970/970 933/933/933
f 933/933/933 970/970/970 971/971/971
f 933/933/933 971/971/971 934/934/934
f 934/934/934 971/971/971 972/972/972
f 934/934/934 972/972/972 935/935/935
f 935/935/935 972/972/972 973/973/973
f 935/935/935 973/973/973 936/936/936
f 936/936/936 973/973/973 974/974/974
f 936/936/936 974/974/974 937/937/937
f 937/937/937 974/974/974 975/975/975
f 937/937/937 975/975/975 938/938/938
f 938/938/938 975/975/975 976/976/976
f 938/938/938 976/976/976 939/939/939
f 939/939/939 976/976/976 977/977/977
f 939/939/939 977/977/977 940/940/940
f 940/940/940 977/977/977 978/978/978
f 940/940/940 978/978/978 941/941/941
f 941/941/941 978/978/978 979/979/979
f 941/941/941 979/979/979 942/942/942
f 942/942/942 979/979/979 980/980/980
f 942/942/942 980/980/980 943/943/943
f 943/943/943 980/980/980 981/981/981
f 943/943/943 981/981/981 944/944/944
f 944/944/944 981/981/981 982/982/982
f 944/944/944 982/982/982 945/945/945
f 945/945/945 982/982/982 983/983/983
f 945/945/945 983/983/983 946/946/946
f 946/946/946 983/983/983 984/984/984
f 946/946/946 984/984/984 947/947/947
f 947/947/947 984/984/984 985/985/985
f 947/947/947 985/985/985 948/948/948
f 948/948/948 985/985/985 986/986/986
f 948/948/948 986/986/986 949/949/949
f 949/949/949 986/986/986 987/987/987
f 949/949/949 987/987/987 950/950/950
f 950/950/950 987/987/987 988/988/988
f 950/950/950 988/988/988 951/951/951
f 951/951/951 988/988/988 989/989/989
f 951/951/951 989/989/989 952/952/952
f 952/952/952 989/989/989 990/990/990
f 952/952/952 990/990/990 953/953/953
f 953/953/953 990/990/990 991/991/991
f 953/953/953 991/991/991 954/954/954
f 954/954/954 991/991/991 992/992/992
f 954/954/954 992/992/992 955/955/955
f 955/955/955 992/992/992 993/993/993
f 955/955/955 993/993/993 956/956/956
f 956/956/956 993/993/993 994/994/994
f 956/956/956 994/994/994 957/957/957
f 957/957/957 994/994/994 995/995/995
f 957/957/957 995/995/995 958/958/958
f 958/958/958 995/995/995 996/996/996
f 958/958/958 996/996/996 959/959/959
f 959/959/959 996/996/996 997/997/997
f 959/959/959 997/997/997 960/960/960
f 960/960/960 997/997/997 998/998/998
f 960/960/960 998/998/998 961/961/961
f 961/961/961 998/998/998 999/999/999
f 961/961/961 999/999/999 962/962/962
f 963/963/963 1000/1000/1000 1001/1001/1001
f 963/963/963 1001/1001/1001 964/964/964
f 964/964/964 1001/1001/1001 1002/1002/1002
f 964/964/964 1002/1002/1002 965/965/965
f 965/965/965 1002/1002/1002 1003/1003/1003
f 965/965/965 1003/1003/1003 966/966/966
f 966/966/966 1003/1003/1003 1004/1004/1004
f 966/966/966 1004/1004/1004 967/967/967
f 967/967/967 1004/1004/1004 1005/1005/1005
f 967/967/967 1005/1005/1005 968/968/968
f 968/968/968 1005/1005/1005 1006/1006/1006
f 968/968/968 1006/1006/1006 969/969/969
f 969/969/969 1006/1006/1006 1007/1007/1007
f 969/969/969 1007/1007/1007 970/970/970
f 970/970/970 1007/1007/1007 1008/1008/1008
f 970/970/970 1008/1008/1008 971/971/971
f 971/971/971 1008/1008/1008 1009/1009/1009
f 971/971/971 1009/1009/1009 972/972/972
f 972/972/972 1009/1009/1009 1010/1010/1010
f 972/972/972 1010/1010/1010 973/973/973
f 973/973/973 1010/1010/1010 1011/1011/1011
f 973/973/973 1011/1011/1011 974/974/974
f 974/974/974 1011/1011/1011 1012/1012/1012
f 974/974/974 1012/1012/1012 975/975/975
f 975/975/975 1012/1012/1012 1013/1013/1013
f 975/975/975 1013/1013/1013 976/976/976
f 976/976/976 1013/1013/1013 1014/1014/1014
f 976/976/976 1014/1014/1014 977/977/977
f 977/977/977 1014/1014/1014 1015/1015/1015
f 977/977/977 1015/1015/1015 978/978/978
f 978/978/978 1015/1015/1015 1016/1016/1016
f 978/978/978 1016/1016/1016 979/979/979
f 979/979/979 1016/1016/1016 1017/1017/1017
f 979/979/979 1017/1017/1017 980/980/980
f 980/980/980 1017/1017/1017 1018/1018/1018
f 980/980/980 1018/1018/1018 981/981/981
f 981/981/981 1018/1018/1018 1019/1019/1019
f 981/981/981 1019/1019/1019 982/982/982
f 982/982/982 1019/1019/1019 1020/1020/1020
f 982/982/982 1020/1020/1020 983/983/983
f 983/983/983 1020/1020/1020 1021/1021/1021
f 983/983/983 1021/1021/1021 984/984/984
f 984/984/984 1021/1021/1021 1022/1022/1022
f 984/984/984 1022/1022/1022 985/985/985
f 985/985/985 1022/1022/1022 1023/1023/1023
f 985/985/985 1023/1023/1023 986/986/986
f 986/986/986 1023/1023/1023 1024/1024/1024
f 986/986/986 1024/1024/1024 987/987/987
f 987/987/987 1024/1024/1024 1025/1025/1025
f 987/987/987 1025/1025/1025 988/988/988
f 988/988/988 1025/1025/1025 1026/1026/1026
f 988/988/988 1026/1026/1026 989/989/989
f 989/989/989 1026/1026/1026 1027/1027/1027
f 989/989/989 1027/1027/1027 990/990/990
f 990/990/990 1027/1027/1027 1028/1028/1028
f 990/990/990 1028/1028/1028 991/991/991
f 991/991/991 1028/1028/1028 1029/1029/1029
f 991/991/991 1029/1029/1029 992/992/992
f 992/992/992 1029/1029/1029 1030/1030/1030
f 992/992/992 1030/1030/1030 993/993/993
f 993/993/993 1030/1030/1030 1031/1031/1031
f 993/993/993 1031/1031/1031 994/994/994
f 994/994/994 1031/1031/1031 1032/1032/1032
f 994/994/994 1032/1032/1032 995/995/995
f 995/995/995 1032/1032/1032 1033/1033/1033
f 995/995/995 1033/1033/1033 996/996/996
f 996/996/996 1033/1033/1033 1034/1034/1034
f 996/996/996 1034/1034/1034 997/997/997
f 997/997/997 1034/1034/1034 1035/1035/1035
f 997/997/997 1035/1035/1035 998/998/998
f 998/998/998 1035/1035/1035 1036/1036/1036
f 998/998/998 1036/1036/1036 999/999/999
f 1000/1000/1000 1037/1037/1037 1038/1038/1038
f 1000/1000/1000 1038/1038/1038 1001/1001/1001
f 1001/1001/1001 1038/1038/1038 1039/1039/1039
f 1001/1001/1001 1039/1039/1039 1002/1002/1002
f 1002/1002/1002 1039/1039/1039 1040/1040/1040
f 1002/1002/1002 1040/1040/1040 1003/1003/1003
f 1003/1003/1003 1040/1040/1040 1041/1041/1041
f 1003/1003/1003 1041/1041/1041 1004/1004/1004
f 1004/1004/1004 1041/1041/1041 1042/1042/1042
f 1004/1004/1004 1042/1042/1042 1005/1005/1005
f 1005/1005/1005 1042/1042/1042 1043/1043/1043
f 1005/1005/1005 1043/1043/1043 1006/1006/1006
f 1006/1006/1006 1043/1043/1043 1044/1044/1044
f 1006/1006/1006 1044/1044/1044 1007/1007/1007
f 1007/1007/1007 1044/1044/1044 1045/1045/1045
f 1007/1007/1007 1045/1045/1045 1008/1008/1008
f 1008/1008/1008 1045/1045/1045 1046/1046/1046
f 1008/1008/1008 1046/1046/1046 1009/1009/1009
f 1009/1009/1009 1046/1046/1046 1047/1047/1047
f 1009/1009/1009 1047/1047/1047 1010/1010/1010
f 1010/1010/1010 1047/1047/1047 1048/1048/1048
f 1010/1010/1010 1048/1048/1048 1011/1011/1011
f 1011/1011/1011 1048/1048/1048 1049/1049/1049
f 1011/1011/1011 1049/1049/1049 1012/1012/1012
f 1012/1012/1012 1049/1049/1049 1050/1050/1050
f 1012/1012/1012 1050/1050/1050 1013/1013/1013
f 1013/1013/1013 1050/1050/1050 1051/1051/1051
f 1013/1013/1013 1051/1051/1051 1014/1014/1014
f 1014/1014/1014 1051/1051/1051 1052/1052/1052
f 1014/1014/1014 1052/1052/1052 1015/1015/1015
f 1015/1015/1015 1052/1052/1052 1053/1053/1053
f 1015/1015/1015 1053/1053/1053 1016/1016/1016
f 1016/1016/1016 1053/1053/1053 1054/1054/1054
f 1016/1016/1016 1054/1054/1054 1017/1017/1017
f 1017/1017/1017 1054/1054/1054 1055/1055/1055
f 1017/1017/1017 1055/1055/1055 1018/1018/1018
f 1018/1018/1018 1055/1055/1055 1056/1056/1056
f 1018/1018/1018 1056/1056/1056 1019/1019/1019
f 1019/1019/1019 1056/1056/1056 1057/1057/1057
f 1019/1019/1019 1057/1057/1057 1020/1020/1020
f 1020/1020/1020 1057/1057/1057 1058/1058/1058
f 1020/1020/1020 1058/1058/1058 1021/1021/1021
f 1021/1021/1021 1058/1058/1058 1059/1059/1059
f 1021/1021/1021 1059/1059/1059 1022/1022/1022
f 1022/1022/1022 1059/1059/1059 1060/1060/1060
f 1022/1022/1022 1060/1060/1060 1023/1023/1023
f 1023/1023/1023 1060/1060/1060 1061/1061/1061
f 1023/1023/1023 1061/1061/1061 1024/1024/1024
f 1024/1024/1024 1061/1061/1061 1062/1062/1062
f 1024/1024/1024 1062/1062/1062 1025/1025/1025
f 1025/1025/1025 1062/1062/1062 1063/1063/1063
f 1025/1025/1025 1063/1063/1063 1026/1026/1026
f 1026/1026/1026 1063/1063/1063 1064/1064/1064
f 1026/1026/1026 1064/1064/1064 1027/1027/1027
f 1027/1027/1027 1064/1064/1064 1065/1065/1065
f 1027/1027/1027 1065/1065/1065 1028/1028/1028
f 1028/1028/1028 1065/1065/1065 1066/1066/1066
f 1028/1028/1028 1066/1066/1066 1029/1029/1029
f 1029/1029/1029 1066/1066/1066 1067/1067/1067
f 1029/1029/1029 1067/1067/1067 1030/1030/1030
f 1030/1030/1030 1067/1067/1067 1068/1068/1068
f 1030/1030/1030 1068/1068/1068 1031/1031/1031
f 1031/1031/1031 1068/1068/1068 1069/1069/1069
f 1031/1031/1031 1069/1069/1069 1032/1032/1032
f 1032/1032/1032 1069/1069/1069 1070/1070/1070
f 1032/1032/1032 1070/1070/1070 1033/1033/1033
f 1033/1033/1033 1070/1070/1070 1071/1071/1071
f 1033/1033/1033 1071/1071/1071 1034/1034/1034
f 1034/1034/1034 1071/1071/1071 1072/1072/1072
f 1034/1034/1034 1072/1072/1072 1035/1035/1035
f 1035/1035/1035 1072/1072/1072 1073/1073/1073
f 1035/1035/1035 1073/1073/1073 1036/1036/1036
f 1037/1037/1037 1074/1074/1074 1075/1075/1075
f 1037/1037/1037 1075/1075/1075 1038/1038/1038
f 1038/1038/1038 1075/1075/1075 1076/1076/1076
f 1038/1038/1038 1076/1076/1076 1039/1039/1039
f 1039/1039/1039 1076/1076/1076 1077/1077/1077
f 1039/1039/1039 1077/1077/1077 1040/1040/1040
f 1040/1040/1040 1077/1077/1077 1078/1078/1078
f 1040/1040/1040 1078/1078/1078 1041/1041/1041
f 1041/1041/1041 1078/1078/1078 1079/1079/1079
f 1041/1041/1041 1079/1079/1079 1042/1042/1042
f 1042/1042/1042 1079/1079/1079 1080/1080/1080
f 1042/1042/1042 1080/1080/1080 1043/1043/1043
f 1043/1043/1043 1080/1080/1080 1081/1081/1081
f 1043/1043/1043 1081/1081/1081 1044/1044/1044
f 1044/1044/1044 1081/1081/1081 1082/1082/1082
f 1044/1044/1044 1082/1082/1082 1045/1045/1045
f 1045/1045/1045 1082/1082/1082 1083/1083/1083
f 1045/1045/1045 1083/1083/1083 1046/1046/1046
f 1046/1046/1046 1083/1083/1083 1084/1084/1084
f 1046/1046/1046 1084/1084/1084 1047/1047/1047
f 1047/1047/1047 1084/1084/1084 1085/1085/1085
f 1047/1047/1047 1085/1085/1085 1048/1048/1048
f 1048/1048/1048 1085/1085/1085 1086/1086/1086
f 1048/1048/1048 1086/1086/1086 1049/1049/1049
f 1049/1049/1049 1086/1086/1086 1087/1087/1087
f 1049/1049/1049 1087/1087/1087 1050/1050/1050
f 1050/1050/1050 1087/1087/1087 1088/1088/1088
f 1050/1050/1050 1088/1088/1088 1051/1051/1051
f 1051/1051/1051 1088/1088/1088 1089/1089/1089
f 1051/1051/1051 1089/1089/1089 1052/1052/1052
f 1052/1052/1052 1089/1089/1089 1090/1090/1090
f 1052/1052/1052 1090/1090/1090 1053/1053/1053
f 1053/1053/1053 1090/1090/1090 1091/1091/1091
f 1053/1053/1053 1091/1091/1091 1054/1054/1054
f 1054/1054/1054 1091/1091/1091 1092/1092/1092
f 1054/1054/1054 1092/1092/1092 1055/1055/1055
f 1055/1055/1055 1092/1092/1092 1093/1093/1093
f 1055/1055/1055 1093/1093/1093 1056/1056/1056
f 1056/1056/1056 1093/1093/1093 1094/1094/1094
f 1056/1056/1056 1094/1094/1094 1057/1057/1057
f 1057/1057/1057 1094/1094/1094 1095/1095/1095
f 1057/1057/1057 1095/1095/1095 1058/1058/1058
f 1058/1058/1058 1095/1095/1095 1096/1096/1096
f 1058/1058/1058 1096/1096/1096 1059/1059/1059
f 1059/1059/1059 1096/1096/1096 1097/1097/1097
f 1059/1059/1059 1097/1097/1097 1060/1060/1060
f 1060/1060/1060 1097/1097/1097 1098/1098/1098
f 1060/1060/1060 1098/1098/1098 1061/1061/1061
f 1061/1061/1061 1098/1098/1098 1099/1099/1099
f 1061/1061/1061 1099/1099/1099 1062/1062/1062
f 1062/1062/1062 1099/1099/1099 1100/1100/1100
f 1062/1062/1062 1100/1100/1100 1063/1063/1063
f 1063/1063/1063 1100/1100/1100 1101/1101/1101
f 1063/1063/1063 1101/1101/1101 1064/1064/1064
f 1064/1064/1064 1101/1101/1101 1102/1102/1102
f 1064/1064/1064 1102/1102/1102 1065/1065/1065
f 1065/1065/1065 1102/1102/1102 1103/1103/1103
f 1065/1065/1065 1103/1103/1103 1066/1066/1066
f 1066/1066/1066 1103/1103/1103 1104/1104/1104
f 1066/1066/1066 1104/1104/1104 1067/1067/1067
f 1067/1067/1067 1104/1104/1104 1105/1105/1105
f 1067/1067/1067 1105/1105/1105 1068/1068/1068
f 1068/1068/1068 1105/1105/1105 1106/1106/1106
f 1068/1068/1068 1106/1106/1106 1069/1069/1069
f 1069/1069/1069 1106/1106/1106 1107/1107/1107
f 1069/1069/1069 1107/1107/1107 1070/1070/1070
f 1070/1070/1070 1107/1107/1107 1108/1108/1108
f 1070/1070/1070 1108/1108/1108 1071/1071/1071
f 1071/1071/1071 1108/1108/1108 1109/1109/1109
f 1071/1071/1071 1109/1109/1109 1072/1072/1072
f 1072/1072/1072 1109/1109/1109 1110/1110/1110
f 1072/1072/1072 1110/1110/1110 1073/1073/1073
f 1074/1074/1074 1111/1111/1111 1112/1112/1112
f 1074/1074/1074 1112/1112/1112 1075/1075/1075
f 1075/1075/1075 1112/1112/1112 1113/1113/1113
f 1075/1075/1075 1113/1113/1113 1076/1076/1076
f 1076/1076/1076 1113/1113/1113 1114/1114/1114
f 1076/1076/1076 1114/1114/1114 1077/1077/1077
f 1077/1077/1077 1114/1114/1114 1115/1115/1115
f 1077/1077/1077 1115/1115/1115 1078/1078/1078
f 1078/1078/1078 1115/1115/1115 1116/1116/1116
f 1078/1078/1078 1116/1116/1116 1079/1079/1079
f 1079/1079/1079 1116/1116/1116 1117/1117/1117
f 1079/1079/1079 1117/1117/1117 1080/1080/1080
f 1080/1080/1080 1117/1117/1117 1118/1118/1118
f 1080/1080/1080 1118/1118/1118 1081/1081/1081
f 1081/1081/1081 1118/1118/1118 1119/1119/1119
f 1081/1081/1081 1119/1119/1119 1082/1082/1082
f 1082/1082/1082 1119/1119/1119 1120/1120/1120
f 1082/1082/1082 1120/1120/1120 1083/1083/1083
f 1083/1083/1083 1120/1120/1120 1121/1121/1121
f 1083/1083/1083 1121/1121/1121 1084/1084/1084
f 1084/1084/1084 1121/1121/1121 1122/1122/1122
f 1084/1084/1084 1122/1122/1122 1085/1085/1085
f 1085/1085/1085 1122/1122/1122 1123/1123/1123
f 1085/1085/1085 1123/1123/1123 1086/1086/1086
f 1086/1086/1086 1123/1123/1123 1124/1124/1124
f 1086/1086/1086 1124/1124/1124 1087/1087/1087
f 1087/1087/1087 1124/1124/1124 1125/1125/1125
f 1087/1087/1087 1125/1125/1125 1088/1088/1088
f 1088/1088/1088 1125/1125/1125 1126/1126/1126
f 1088/1088/1088 1126/1126/1126 1089/1089/1089
f 1089/1089/1089 1126/1126/1126 1127/1127/1127
f 1089/1089/1089 1127/1127/1127 1090/1090/1090
f 1090/1090/1090 1127/1127/1127 1128/1128/1128
f 1090/1090/1090 1128/1128/1128 1091/1091/1091
f 1091/1091/1091 1128/1128/1128 1129/1129/1129
f 1091/1091/1091 1129/1129/1129 1092/1092/1092
f 1092/1092/1092 1129/1129/1129 1130/1130/1130
f 1092/1092/1092 1130/1130/1130 1093/1093/1093
f 1093/1093/1093 1130/1130/1130 1131/1131/1131
f 1093/1093/1093 1131/1131/1131 1094/1094/1094
f 1094/1094/1094 1131/1131/1131 1132/1132/1132
f 1094/1094/1094 1132/1132/1132 1095/1095/1095
f 1095/1095/1095 1132/1132/1132 1133/1133/1133
f 1095/1095/1095 1133/1133/1133 1096/1096/1096
f 1096/1096/1096 1133/1133/1133 1134/1134/1134
f 1096/1096/1096 1134/1134/1134 1097/1097/1097
f 1097/1097/1097 1134/1134/1134 1135/1135/1135
f 1097/1097/1097 1135/1135/1135 1098/1098/1098
f 1098/1098/1098 1135/1135/1135 1136/1136/1136
f 1098/1098/1098 1136/1136/1136 1099/1099/1099
f 1099/1099/1099 1136/1136/1136 1137/1137/1137
f 1099/1099/1099 1137/1137/1137 1100/1100/1100
f 1100/1100/1100 1137/1137/1137 1138/1138/1138
f 1100/1100/1100 1138/1138/1138 1101/1101/1101
f 1101/1101/1101 1138/1138/1138 1139/1139/1139
f 1101/1101/1101 1139/1139/1139 1102/1102/1102
f 1102/1102/1102 1139/1139/1139 1140/1140/1140
f 1102/1102/1102 1140/1140/1140 1103/1103/1103
f 1103/1103/1103 1140/1140/1140 1141/1141/1141
f 1103/1103/1103 1141/1141/1141 1104/1104/1104
f 1104/1104/1104 1141/1141/1141 1142/1142/1142
f 1104/1104/1104 1142/1142/1142 1105/1105/1105
f 1105/1105/1105 1142/1142/1142 1143/1143/1143
f 1105/1105/1105 1143/1143/1143 1106/1106/1106
f 1106/1106/1106 1143/1143/1143 1144/1144/1144
f 1106/1106/1106 1144/1144/1144 1107/1107/1107
f 1107/1107/1107 1144/1144/1144 1145/1145/1145
f 1107/1107/1107 1145/1145/1145 1108/1108/1108
f 1108/1108/1108 1145/1145/1145 1146/1146/1146
f 1108/1108/1108 1146/1146/1146 1109/1109/1109
f 1109/1109/1109 1146/1146/1146 1147/1147/1147
f 1109/1109/1109 1147/1147/1147 1110/1110/1110
f 1111/1111/1111 1148/1148/1148 1149/1149/1149
f 1111/1111/1111 1149/1149/1149 1112/1112/1112
f 1112/1112/1112 1149/1149/1149 1150/1150/1150
f 1112/1112/1112 1150/1150/1150 1113/1113/1113
f 1113/1113/1113 1150/1150/1150 1151/1151/1151
f 1113/1113/1113 1151/1151/1151 1114/1114/1114
f 1114/1114/1114 1151/1151/1151 1152/1152/1152
f 1114/1114/1114 1152/1152/1152 1115/1115/1115
f 1115/1115/1115 1152/1152/1152 1153/1153/1153
f 1115/1115/1115 1153/1153/1153 1116/1116/1116
f 1116/1116/1116 1153/1153/1153 1154/1154/1154
f 1116/1116/1116 1154/1154/1154 1117/1117/1117
f 1117/1117/1117 1154/1154/1154 1155/1155/1155
f 1117/1117/1117 1155/1155/1155 1118/1118/1118
f 1118/1118/1118 1155/1155/1155 1156/1156/1156
f 1118/1118/1118 1156/1156/1156 1119/1119/1119
f 1119/1119/1119 1156/1156/1156 1157/1157/1157
f 1119/1119/1119 1157/1157/1157 1120/1120/1120
f 1120/1120/1120 1157/1157/1157 1158/1158/1158
f 1120/1120/1120 1158/1158/1158 1121/1121/1121
f 1121/1121/1121 1158/1158/1158 1159/1159/1159
f 1121/1121/1121 1159/1159/1159 1122/1122/1122
f 1122/1122/1122 1159/1159/1159 1160/1160/1160
f 1122/1122/1122 1160/1160/1160 1123/1123/1123
f 1123/1123/1123 1160/1160/1160 1161/1161/1161
f 1123/1123/1123 1161/1161/1161 1124/1124/1124
f 1124/1124/1124 1161/1161/1161 1162/1162/1162
f 1124/1124/1124 1162/1162/1162 1125/1125/1125
f 1125/1125/1125 1162/1162/1162 1163/1163/1163
f 1125/1125/1125 1163/1163/1163 1126/1126/1126
f 1126/1126/1126 1163/1163/1163 1164/1164/1164
f 1126/1126/1126 1164/1164/1164 1127/1127/1127
f 1127/1127/1127 1164/1164/1164 1165/1165/1165
f 1127/1127/1127 1165/1165/1165 1128/1128/1128
f 1128/1128/1128 1165/1165/1165 1166/1166/1166
f 1128/1128/1128 1166/1166/1166 1129/1129/1129
f 1129/1129/1129 1166/1166/1166 1167/1167/1167
f 1129/1129/1129 1167/1167/1167 1130/1130/1130
f 1130/1130/1130 1167/1167/1167 1168/1168/1168
f 1130/1130/1130 1168/1168/1168 1131/1131/1131
f 1131/1131/1131 1168/1168/1168 1169/1169/1169
f 1131/1131/1131 1169/1169/1169 1132/1132/1132
f 1132/1132/1132 1169/1169/1169 1170/1170/1170
f 1132/1132/1132 1170/1170/1170 1133/1133/1133
f 1133/1133/1133 1170/1170/1170 1171/1171/1171
f 1133/1133/1133 1171/1171/1171 1134/1134/1134
f 1134/1134/1134 1171/1171/1171 1172/1172/1172
f 1134/1134/1134 1172/1172/1172 1135/1135/1135
f 1135/1135/1135 1172/1172/1172 1173/1173/1173
f 1135/1135/1135 1173/1173/1173 1136/1136/1136
f 1136/1136/1136 1173/1173/1173 1174/1174/1174
f 1136/1136/1136 1174/1174/1174 1137/1137/1137
f 1137/1137/1137 1174/1174/1174 1175/1175/1175
f 1137/1137/1137 1175/1175/1175 1138/1138/1138
f 1138/1138/1138 1175/1175/1175 1176/1176/1176
f 1138/1138/1138 1176/1176/1176 1139/1139/1139
f 1139/1139/1139 1176/1176/1176 1177/1177/1177
f 1139/1139/1139 1177/1177/1177 1140/1140/1140
f 1140/1140/1140 1177/1177/1177 1178/1178/1178
f 1140/1140/1140 1178/1178/1178 1141/1141/1141
f 1141/1141/1141 1178/1178/1178 1179/1179/1179
f 1141/1141/1141 1179/1179/1179 1142/1142/1142
f 1142/1142/1142 1179/1179/1179 1180/1180/1180
f 1142/1142/1142 1180/1180/1180 1143/1143/1143
f 1143/1143/1143 1180/1180/1180 1181/1181/1181
f 1143/1143/1143 1181/1181/1181 1144/1144/1144
f 1144/1144/1144 1181/1181/1181 1182/1182/1182
f 1144/1144/1144 1182/1182/1182 1145/1145/1145
f 1145/1145/1145 1182/1182/1182 1183/1183/1183
f 1145/1145/1145 1183/1183/1183 1146/1146/1146
f 1146/1146/1146 1183/1183/1183 1184/1184/1184
f 1146/1146/1146 1184/1184/1184 1147/1147/1147
f 1148/1148/1148 1185/1185/1185 1186/1186/1186
f 1148/1148/1148 1186/1186/1186 1149/1149/1149
f 1149/1149/1149 1186/1186/1186 1187/1187/1187
f 1149/1149/1149 1187/1187/1187 1150/1150/1150
f 1150/1150/1150 1187/1187/1187 1188/1188/1188
f 1150/1150/1150 1188/1188/1188 1151/1151/1151
f 1151/1151/1151 1188/1188/1188 1189/1189/1189
f 1151/1151/1151 1189/1189/1189 1152/1152/1152
f 1152/1152/1152 1189/1189/1189 1190/1190/1190
f 1152/1152/1152 1190/1190/1190 1153/1153/1153
f 1153/1153/1153 1190/1190/1190 1191/1191/1191
f 1153/1153/1153 1191/1191/1191 1154/1154/1154
f 1154/1154/1154 1191/1191/1191 1192/1192/1192
f 1154/1154/1154 1192/1192/1192 1155/1155/1155
f 1155/1155/1155 1192/1192/1192 1193/1193/1193
f 1155/1155/1155 1193/1193/1193 1156/1156/1156
f 1156/1156/1156 1193/1193/1193 1194/1194/1194
f 1156/1156/1156 1194/1194/1194 1157/1157/1157
f 1157/1157/1157 1194/1194/1194 1195/1195/1195
f 1157/1157/1157 1195/1195/1195 1158/1158/1158
f 1158/1158/1158 1195/1195/1195 1196/1196/1196
f 1158/1158/1158 1196/1196/1196 1159/1159/1159
f 1159/1159/1159 1196/1196/1196 1197/1197/1197
f 1159/1159/1159 1197/1197/1197 1160/1160/1160
f 1160/1160/1160 1197/1197/1197 1198/1198/1198
f 1160/1160/1160 1198/1198/1198 1161/1161/1161
f 1161/1161/1161 1198/1198/1198 1199/1199/1199
f 1161/1161/1161 1199/1199/1199 1162/1162/1162
f 1162/1162/1162 1199/1199/1199 1200/1200/1200
f 1162/1162/1162 1200/1200/1200 1163/1163/1163
f 1163/1163/1163 1200/1200/1200 1201/1201/1201
f 1163/1163/1163 1201/1201/1201 1164/1164/1164
f 1164/1164/1164 1201/1201/1201 1202/1202/1202
f 1164/1164/1164 1202/1202/1202 1165/1165/1165
f 1165/1165/1165 1202/1202/1202 1203/1203/1203
f 1165/1165/1165 1203/1203/1203 1166/1166/1166
f 1166/1166/1166 1203/1203/1203 1204/1204/1204
f 1166/1166/1166 1204/1204/1204 1167/1167/1167
f 1167/1167/1167 1204/1204/1204 1205/1205/1205
f 1167/1167/1167 1205/1205/1205 1168/1168/1168
f 1168/1168/1168 1205/1205/1205 1206/1206/1206
f 1168/1168/1168 1206/1206/1206 1169/1169/1169
f 1169/1169/1169 1206/1206/1206 1207/1207/1207
f 1169/1169/1169 1207/1207/1207 1170/1170/1170
f 1170/1170/1170 1207/1207/1207 1208/1208/1208
f 1170/1170/1170 1208/1208/1208 1171/1171/1171
f 1171/1171/1171 1208/1208/1208 1209/1209/1209
f 1171/1171/1171 1209/1209/1209 1172/1172/1172
f 1172/1172/1172 1209/1209/1209 1210/1210/1210
f 1172/1172/1172 1210/1210/1210 1173/1173/1173
f 1173/1173/1173 1210/1210/1210 1211/1211/1211
f 1173/1173/1173 1211/1211/1211 1174/1174/1174
f 1174/1174/1174 1211/1211/1211 1212/1212/1212
f 1174/1174/1174 1212/1212/1212 1175/1175/1175
f 1175/1175/1175 1212/1212/1212 1213/1213/1213
f 1175/1175/1175 1213/1213/1213 1176/1176/1176
f 1176/1176/1176 1213/1213/1213 1214/1214/1214
f 1176/1176/1176 1214/1214/1214 1177/1177/1177
f 1177/1177/1177 1214/1214/1214 1215/1215/1215
f 1177/1177/1177 1215/1215/1215 1178/1178/1178
f 1178/1178/1178 1215/1215/1215 1216/1216/1216
f 1178/1178/1178 1216/1216/1216 1179/1179/1179
f 1179/1179/1179 1216/1216/1216 1217/1217/1217
f 1179/1179/1179 1217/1217/1217 1180/1180/1180
f 1180/1180/1180 1217/1217/1217 1218/1218/1218
f 1180/1180/1180 1218/1218/1218 1181/1181/1181
f 1181/1181/1181 1218/1218/1218 1219/1219/1219
f 1181/1181/1181 1219/1219/1219 1182/1182/1182
f 1182/1182/1182 1219/1219/1219 1220/1220/1220
f 1182/1182/1182 1220/1220/1220 1183/1183/1183
f 1183/1183/1183 1220/1220/1220 1221/1221/1221
f 1183/1183/1183 1221/1221/1221 1184/1184/1184
f 1185/1185/1185 1222/1222/1222 1223/1223/1223
f 1185/1185/1185 1223/1223/1223 1186/1186/1186
f 1186/1186/1186 1223/1223/1223 1224/1224/1224
f 1186/1186/1186 1224/1224/1224 1187/1187/1187
f 1187/1187/1187 1224/1224/1224 1225/1225/1225
f 1187/1187/1187 1225/1225/1225 1188/1188/1188
f 1188/1188/1188 1225/1225/1225 1226/1226/1226
f 1188/1188/1188 1226/1226/1226 1189/1189/1189
f 1189/1189/1189 1226/1226/1226 1227/1227/1227
f 1189/1189/1189 1227/1227/1227 1190/1190/1190
f 1190/1190/1190 1227/1227/1227 1228/1228/1228
f 1190/1190/1190 1228/1228/1228 1191/1191/1191
f 1191/1191/1191 1228/1228/1228 1229/1229/1229
f 1191/1191/1191 1229/1229/1229 1192/1192/1192
f 1192/1192/1192 1229/1229/1229 1230/1230/1230
f 1192/1192/1192 1230/1230/1230 1193/1193/1193
f 1193/1193/1193 1230/1230/1230 1231/1231/1231
f 1193/1193/1193 1231/1231/1231 1194/1194/1194
f 1194/1194/1194 1231/1231/1231 1232/1232/1232
f 1194/1194/1194 1232/1232/1232 1195/1195/1195
f 1195/1195/1195 1232/1232/1232 1233/1233/1233
f 1195/1195/1195 1233/1233/1233 1196/1196/1196
f 1196/1196/1196 1233/1233/1233 1234/1234/1234
f 1196/1196/1196 1234/1234/1234 1197/1197/1197
f 1197/1197/1197 1234/1234/1234 1235/1235/1235
f 1197/1197/1197 1235/1235/1235 1198/1198/1198
f 1198/1198/1198 1235/1235/1235 1236/1236/1236
f 1198/1198/1198 1236/1236/1236 1199/1199/1199
f 1199/1199/1199 1236/1236/1236 1237/1237/1237
f 1199/1199/1199 1237/1237/1237 1200/1200/1200
f 1200/1200/1200 1237/1237/1237 1238/1238/1238
f 1200/1200/1200 1238/1238/1238 1201/1201/1201
f 1201/1201/1201 1238/1238/1238 1239/1239/1239
f 1201/1201/1201 1239/1239/1239 1202/1202/1202
f 1202/1202/1202 1239/1239/1239 1240/1240/1240
f 1202/1202/1202 1240/1240/1240 1203/1203/1203
f 1203/1203/1203 1240/1240/1240 1241/1241/1241
f 1203/1203/1203 1241/1241/1241 1204/1204/1204
f 1204/1204/1204 1241/1241/1241 1242/1242/1242
f 1204/1204/1204 1242/1242/1242 1205/1205/1205
f 1205/1205/1205 1242/1242/1242 1243/1243/1243
f 1205/1205/1205 1243/1243/1243 1206/1206/1206
f 1206/1206/1206 1243/1243/1243 1244/1244/1244
f 1206/1206/1206 1244/1244/1244 1207/1207/1207
f 1207/1207/1207 1244/1244/1244 1245/1245/1245
f 1207/1207/1207 1245/1245/1245 1208/1208/1208
f 1208/1208/1208 1245/1245/1245 1246/1246/1246
f 1208/1208/1208 1246/1246/1246 1209/1209/1209
f 1209/1209/1209 1246/1246/1246 1247/1247/1247
f 1209/1209/1209 1247/1247/1247 1210/1210/1210
f 1210/1210/1210 1247/1247/1247 1248/1248/1248
f 1210/1210/1210 1248/1248/1248 1211/1211/1211
f 1211/1211/1211 1248/1248/1248 1249/1249/1249
f 1211/1211/1211 1249/1249/1249 1212/1212/1212
f 1212/1212/1212 1249/1249/1249 1250/1250/1250
f 1212/1212/1212 1250/1250/1250 1213/1213/1213
f 1213/1213/1213 1250/1250/1250 1251/1251/1251
f 1213/1213/1213 1251/1251/1251 1214/1214/1214
f 1214/1214/1214 1251/1251/1251 1252/1252/1252
f 1214/1214/1214 1252/1252/1252 1215/1215/1215
f 1215/1215/1215 1252/1252/1252 1253/1253/1253
f 1215/1215/1215 1253/1253/1253 1216/1216/1216
f 1216/1216/1216 1253/1253/1253 1254/1254/1254
f 1216/1216/1216 1254/1254/1254 1217/1217/1217
f 1217/1217/1217 1254/1254/1254 1255/1255/1255
f 1217/1217/1217 1255/1255/1255 1218/1218/1218
f 1218/1218/1218 1255/1255/1255 1256/1256/1256
f 1218/1218/1218 1256/1256/1256 1219/1219/1219
f 1219/1219/1219 1256/1256/1256 1257/1257/1257
f 1219/1219/1219 1257/1257/1257 1220/1220/1220
f 1220/1220/1220 1257/1257/1257 1258/1258/1258
f 1220/1220/1220 1258/1258/1258 1221/1221/1221
f 1222/1222/1222 1259/1259/1259 1260/1260/1260
f 1222/1222/1222 1260/1260/1260 1223/1223/1223
f 1223/1223/1223 1260/1260/1260 1261/1261/1261
f 1223/1223/1223 1261/1261/1261 1224/1224/1224
f 1224/1224/1224 1261/1261/1261 1262/1262/1262
f 1224/1224/1224 1262/1262/1262 1225/1225/1225
f 1225/1225/1225 1262/1262/1262 1263/1263/1263
f 1225/1225/1225 1263/1263/1263 1226/1226/1226
f 1226/1226/1226 1263/1263/1263 1264/1264/1264
f 1226/1226/1226 1264/1264/1264 1227/1227/1227
f 1227/1227/1227 1264/1264/1264 1265/1265/1265
f 1227/1227/1227 1265/1265/1265 1228/1228/1228
f 1228/1228/1228 1265/1265/1265 1266/1266/1266
f 1228/1228/1228 1266/1266/1266 1229/1229/1229
f 1229/1229/1229 1266/1266/1266 1267/1267/1267
f 1229/1229/1229 1267/1267/1267 1230/1230/1230
f 1230/1230/1230 1267/1267/1267 1268/1268/1268
f 1230/1230/1230 1268/1268/1268 1231/1231/1231
f 1231/1231/1231 1268/1268/1268 1269/1269/1269
f 1231/1231/1231 1269/1269/1269 1232/1232/1232
f 1232/1232/1232 1269/1269/1269 1270/1270/1270
f 1232/1232/1232 1270/1270/1270 1233/1233/1233
f 1233/1233/1233 1270/1270/1270 1271/1271/1271
f 1233/1233/1233 1271/1271/1271 1234/1234/1234
f 1234/1234/1234 1271/1271/1271 1272/1272/1272
f 1234/1234/1234 1272/1272/1272 1235/1235/1235
f 1235/1235/1235 1272/1272/1272 1273/1273/1273
f 1235/1235/1235 1273/1273/1273 1236/1236/1236
f 1236/1236/1236 1273/1273/1273 1274/1274/1274
f 1236/1236/1236 1274/1274/1274 1237/1237/1237
f 1237/1237/1237 1274/1274/1274 1275/1275/1275
f 1237/1237/1237 1275/1275/1275 1238/1238/1238
f 1238/1238/1238 1275/1275/1275 1276/1276/1276
f 1238/1238/1238 1276/1276/1276 1239/1239/1239
f 1239/1239/1239 1276/1276/1276 1277/1277/1277
f 1239/1239/1239 1277/1277/1277 1240/1240/1240
f 1240/1240/1240 1277/1277/1277 1278/1278/1278
f 1240/1240/1240 1278/1278/1278 1241/1241/1241
f 1241/1241/1241 1278/1278/1278 1279/1279/1279
f 1241/1241/1241 1279/1279/1279 1242/1242/1242
f 1242/1242/1242 1279/1279/1279 1280/1280/1280
f 1242/1242/1242 1280/1280/1280 1243/1243/1243
f 1243/1243/1243 1280/1280/1280 1281/1281/1281
f 1243/1243/1243 1281/1281/1281 1244/1244/1244
f 1244/1244/1244 1281/1281/1281 1282/1282/1282
f 1244/1244/1244 1282/1282/1282 1245/1245/1245
f 1245/1245/1245 1282/1282/1282 1283/1283/1283
f 1245/1245/1245 1283/1283/1283 1246/1246/1246
f 1246/1246/1246 1283/1283/1283 1284/1284/1284
f 1246/1246/1246 1284/1284/1284 1247/1247/1247
f 1247/1247/1247 1284/1284/1284 1285/1285/1285
f 1247/1247/1247 1285/1285/1285 1248/1248/1248
f 1248/1248/1248 1285/1285/1285 1286/1286/1286
f 1248/1248/1248 1286/1286/1286 1249/1249/1249
f 1249/1249/1249 1286/1286/1286 1287/1287/1287
f 1249/1249/1249 1287/1287/1287 1250/1250/1250
f 1250/1250/1250 1287/1287/1287 1288/1288/1288
f 1250/1250/1250 1288/1288/1288 1251/1251/1251
f 1251/1251/1251 1288/1288/1288 1289/1289/1289
f 1251/1251/1251 1289/1289/1289 1252/1252/1252
f 1252/1252/1252 1289/1289/1289 1290/1290/1290
f 1252/1252/1252 1290/1290/1290 1253/1253/1253
f 1253/1253/1253 1290/1290/1290 1291/1291/1291
f 1253/1253/1253 1291/1291/1291 1254/1254/1254
f 1254/1254/1254 1291/1291/1291 1292/1292/1292
f 1254/1254/1254 1292/1292/1292 1255/1255/1255
f 1255/1255/1255 1292/1292/1292 1293/1293/1293
f 1255/1255/1255 1293/1293/1293 1256/1256/1256
f 1256/1256/1256 1293/1293/1293 1294/1294/1294
f 1256/1256/1256 1294/1294/1294 1257/1257/1257
f 1257/1257/1257 1294/1294/1294 1295/1295/1295
f 1257/1257/1257 1295/1295/1295 1258/1258/1258
f 1259/1259/1259 1296/1296/1296 1297/1297/1297
f 1259/1259/1259 1297/1297/1297 1260/1260/1260
f 1260/1260/1260 1297/1297/1297 1298/1298/1298
f 1260/1260/1260 1298/1298/1298 1261/1261/1261
f 1261/1261/1261 1298/1298/1298 1299/1299/1299
f 1261/1261/1261 1299/1299/1299 1262/1262/1262
f 1262/1262/1262 1299/1299/1299 1300/1300/1300
f 1262/1262/1262 1300/1300/1300 1263/1263/1263
f 1263/1263/1263 1300/1300/1300 1301/1301/1301
f 1263/1263/1263 1301/1301/1301 1264/1264/1264
f 1264/1264/1264 1301/1301/1301 1302/1302/1302
f 1264/1264/1264 1302/1302/1302 1265/1265/1265
f 1265/1265/1265 1302/1302/1302 1303/1303/1303
f 1265/1265/1265 1303/1303/1303 1266/1266/1266
f 1266/1266/1266 1303/1303/1303 1304/1304/1304
f 1266/1266/1266 1304/1304/1304 1267/1267/1267
f 1267/1267/1267 1304/1304/1304 1305/1305/1305
f 1267/1267/1267 1305/1305/1305 1268/1268/1268
f 1268/1268/1268 1305/1305/1305 1306/1306/1306
f 1268/1268/1268 1306/1306/1306 1269/1269/1269
f 1269/1269/1269 1306/1306/1306 1307/1307/1307
f 1269/1269/1269 1307/1307/1307 1270/1270/1270
f 1270/1270/1270 1307/1307/1307 1308/1308/1308
f 1270/1270/1270 1308/1308/1308 1271/1271/1271
f 1271/1271/1271 1308/1308/1308 1309/1309/1309
f 1271/1271/1271 1309/1309/1309 1272/1272/1272
f 1272/1272/1272 1309/1309/1309 1310/1310/1310
f 1272/1272/1272 1310/1310/1310 1273/1273/1273
f 1273/1273/1273 1310/1310/1310 1311/1311/1311
f 1273/1273/1273 1311/1311/1311 1274/1274/1274
f 1274/1274/1274 1311/1311/1311 1312/1312/1312
f 1274/1274/1274 1312/1312/1312 1275/1275/1275
f 1275/1275/1275 1312/1312/1312 1313/1313/1313
f 1275/1275/1275 1313/1313/1313 1276/1276/1276
f 1276/1276/1276 1313/1313/1313 1314/1314/1314
f 1276/1276/1276 1314/1314/1314 1277/1277/1277
f 1277/1277/1277 1314/1314/1314 1315/1315/1315
f 1277/1277/1277 1315/1315/1315 1278/1278/1278
f 1278/1278/1278 1315/1315/1315 1316/1316/1316
f 1278/1278/1278 1316/1316/1316 1279/1279/1279
f 1279/1279/1279 1316/1316/1316 1317/1317/1317
f 1279/1279/1279 1317/1317/1317 1280/1280/1280
f 1280/1280/1280 1317/1317/1317 1318/1318/1318
f 1280/1280/1280 1318/1318/1318 1281/1281/1281
f 1281/1281/1281 1318/1318/1318 1319/1319/1319
f 1281/1281/1281 1319/1319/1319 1282/1282/1282
f 1282/1282/1282 1319/1319/1319 1320/1320/1320
f 1282/1282/1282 1320/1320/1320 1283/1283/1283
f 1283/1283/1283 1320/1320/1320 1321/1321/1321
f 1283/1283/1283 1321/1321/1321 1284/1284/1284
f 1284/1284/1284 1321/1321/1321 1322/1322/1322
f 1284/1284/1284 1322/1322/1322 1285/1285/1285
f 1285/1285/1285 1322/1322/1322 1323/1323/1323
f 1285/1285/1285 1323/1323/1323 1286/1286/1286
f 1286/1286/1286 1323/1323/1323 1324/1324/1324
f 1286/1286/1286 1324/1324/1324 1287/1287/1287
f 1287/1287/1287 1324/1324/1324 1325/1325/1325
f 1287/1287/1287 1325/1325/1325 1288/1288/1288
f 1288/1288/1288 1325/1325/1325 1326/1326/1326
f 1288/1288/1288 1326/1326/1326 1289/1289/1289
f 1289/1289/1289 1326/1326/1326 1327/1327/1327
f 1289/1289/1289 1327/1327/1327 1290/1290/1290
f 1290/1290/1290 1327/1327/1327 1328/1328/1328
f 1290/1290/1290 1328/1328/1328 1291/1291/1291
f 1291/1291/1291 1328/1328/1328 1329/1329/1329
f 1291/1291/1291 1329/1329/1329 1292/1292/1292
f 1292/1292/1292 1329/1329/1329 1330/1330/1330
f 1292/1292/1292 1330/1330/1330 1293/1293/1293
f 1293/1293/1293 1330/1330/1330 1331/1331/1331
f 1293/1293/1293 1331/1331/1331 1294/1294/1294
f 1294/1294/1294 1331/1331/1331 1332/1332/1332
f 1294/1294/1294 1332/1332/1332 1295/1295/1295
f 1296/1296/1296 1333/1333/1333 1334/1334/1334
f 1296/1296/1296 1334/1334/1334 1297/1297/1297
f 1297/1297/1297 1334/1334/1334 1335/1335/1335
f 1297/1297/1297 1335/1335/1335 1298/1298/1298
f 1298/1298/1298 1335/1335/1335 1336/1336/1336
f 1298/1298/1298 1336/1336/1336 1299/1299/1299
f 1299/1299/1299 1336/1336/1336 1337/1337/1337
f 1299/1299/1299 1337/1337/1337 1300/1300/1300
f 1300/1300/1300 1337/1337/1337 1338/1338/1338
f 1300/1300/1300 1338/1338/1338 1301/1301/1301
f 1301/1301/1301 1338/1338/1338 1339/1339/1339
f 1301/1301/1301 1339/1339/1339 1302/1302/1302
f 1302/1302/1302 1339/1339/1339 1340/1340/1340
f 1302/1302/1302 1340/1340/1340 1303/1303/1303
f 1303/1303/1303 1340/1340/1340 1341/1341/1341
f 1303/1303/1303 1341/1341/1341 1304/1304/1304
f 1304/1304/1304 1341/1341/1341 1342/1342/1342
f 1304/1304/1304 1342/1342/1342 1305/1305/1305
f 1305/1305/1305 1342/1342/1342 1343/1343/1343
f 1305/1305/1305 1343/1343/1343 1306/1306/1306
f 1306/1306/1306 1343/1343/1343 1344/1344/1344
f 1306/1306/1306 1344/1344/1344 1307/1307/1307
f 1307/1307/1307 1344/1344/1344 1345/1345/1345
f 1307/1307/1307 1345/1345/1345 1308/1308/1308
f 1308/1308/1308 1345/1345/1345 1346/1346/1346
f 1308/1308/1308 1346/1346/1346 1309/1309/1309
f 1309/1309/1309 1346/1346/1346 1347/1347/1347
f 1309/1309/1309 1347/1347/1347 1310/1310/1310
f 1310/1310/1310 1347/1347/1347 1348/1348/1348
f 1310/1310/1310 1348/1348/1348 1311/1311/1311
f 1311/1311/1311 1348/1348/1348 1349/1349/1349
f 1311/1311/1311 1349/1349/1349 1312/1312/1312
f 1312/1312/1312 1349/1349/1349 1350/1350/1350
f 1312/1312/1312 1350/1350/1350 1313/1313/1313
f 1313/1313/1313 1350/1350/1350 1351/1351/1351
f 1313/1313/1313 1351/1351/1351 1314/1314/1314
f 1314/1314/1314 1351/1351/1351 1352/1352/1352
f 1314/1314/1314 1352/1352/1352 1315/1315/1315
f 1315/1315/1315 1352/1352/1352 1353/1353/1353
f 1315/1315/1315 1353/1353/1353 1316/1316/1316
f 1316/1316/1316 1353/1353/1353 1354/1354/1354
f 1316/1316/1316 1354/1354/1354 1317/1317/1317
f 1317/1317/1317 1354/1354/1354 1355/1355/1355
f 1317/1317/1317 1355/1355/1355 1318/1318/1318
f 1318/1318/1318 1355/1355/1355 1356/1356/1356
f 1318/1318/1318 1356/1356/1356 1319/1319/1319
f 1319/1319/1319 1356/1356/1356 1357/1357/1357
f 1319/1319/1319 1357/1357/1357 1320/1320/1320
f 1320/1320/1320 1357/1357/1357 1358/1358/1358
f 1320/1320/1320 1358/1358/1358 1321/1321/1321
f 1321/1321/1321 1358/1358/1358 1359/1359/1359
f 1321/1321/1321 1359/1359/1359 1322/1322/1322
f 1322/1322/1322 1359/1359/1359 1360/1360/1360
f 1322/1322/1322 1360/1360/1360 1323/1323/1323
f 1323/1323/1323 1360/1360/1360 1361/1361/1361
f 1323/1323/1323 1361/1361/1361 1324/1324/1324
f 1324/1324/1324 1361/1361/1361 1362/1362/1362
f 1324/1324/1324 1362/1362/1362 1325/1325/1325
f 1325/1325/1325 1362/1362/1362 1363/1363/1363
f 1325/1325/1325 1363/1363/1363 1326/1326/1326
f 1326/1326/1326 1363/1363/1363 1364/1364/1364
f 1326/1326/1326 1364/1364/1364 1327/1327/1327
f 1327/1327/1327 1364/1364/1364 1365/1365/1365
f 1327/1327/1327 1365/1365/1365 1328/1328/1328
f 1328/1328/1328 1365/1365/1365 1366/1366/1366
f 1328/1328/1328 1366/1366/1366 1329/1329/1329
f 1329/1329/1329 1366/1366/1366 1367/1367/1367
f 1329/1329/1329 1367/1367/1367 1330/1330/1330
f 1330/1330/1330 1367/1367/1367 1368/1368/1368
f 1330/1330/1330 1368/1368/1368 1331/1331/1331
f 1331/1331/1331 1368/1368/1368 1369/1369/1369
f 1331/1331/1331 1369/1369/1369 1332/1332/1332
f 1333/1333/1333 1370/1370/1370 1371/1371/1371
f 1333/1333/1333 1371/1371/1371 1334/1334/1334
f 1334/1334/1334 1371/1371/1371 1372/1372/1372
f 1334/1334/1334 1372/1372/1372 1335/1335/1335
f 1335/1335/1335 1372/1372/1372 1373/1373/1373
f 1335/1335/1335 1373/1373/1373 1336/1336/1336
f 1336/1336/1336 1373/1373/1373 1374/1374/1374
f 1336/1336/1336 1374/1374/1374 1337/1337/1337
f 1337/1337/1337 1374/1374/1374 1375/1375/1375
f 1337/1337/1337 1375/1375/1375 1338/1338/1338
f 1338/1338/1338 1375/1375/1375 1376/1376/1376
f 1338/1338/1338 1376/1376/1376 1339/1339/1339
f 1339/1339/1339 1376/1376/1376 1377/1377/1377
f 1339/1339/1339 1377/1377/1377 1340/1340/1340
f 1340/1340/1340 1377/1377/1377 1378/1378/1378
f 1340/1340/1340 1378/1378/1378 1341/1341/1341
f 1341/1341/1341 1378/1378/1378 1379/1379/1379
f 1341/1341/1341 1379/1379/1379 1342/1342/1342
f 1342/1342/1342 1379/1379/1379 1380/1380/1380
f 1342/1342/1342 1380/1380/1380 1343/1343/1343
f 1343/1343/1343 1380/1380/1380 1381/1381/1381
f 1343/1343/1343 1381/1381/1381 1344/1344/1344
f 1344/1344/1344 1381/1381/1381 1382/1382/1382
f 1344/1344/1344 1382/1382/1382 1345/1345/1345
f 1345/1345/1345 1382/1382/1382 1383/1383/1383
f 1345/1345/1345 1383/1383/1383 1346/1346/1346
f 1346/1346/1346 1383/1383/1383 1384/1384/1384
f 1346/1346/1346 1384/1384/1384 1347/1347/1347
f 1347/1347/1347 1384/1384/1384 1385/1385/1385
f 1347/1347/1347 1385/1385/1385 1348/1348/1348
f 1348/1348/1348 1385/1385/1385 1386/1386/1386
f 1348/1348/1348 1386/1386/1386 1349/1349/1349
f 1349/1349/1349 1386/1386/1386 1387/1387/1387
f 1349/1349/1349 1387/1387/1387 1350/1350/1350
f 1350/1350/1350 1387/1387/1387 1388/1388/1388
f 1350/1350/1350 1388/1388/1388 1351/1351/1351
f 1351/1351/1351 1388/1388/1388 1389/1389/1389
f 1351/1351/1351 1389/1389/1389 1352/1352/1352
f 1352/1352/1352 1389/1389/1389 1390/1390/1390
f 1352/1352/1352 1390/1390/1390 1353/1353/1353
f 1353/1353/1353 1390/1390/1390 1391/1391/1391
f 1353/1353/1353 1391/1391/1391 1354/1354/1354
f 1354/1354/1354 1391/1391/1391 1392/1392/1392
f 1354/1354/1354 1392/1392/1392 1355/1355/1355
f 1355/1355/1355 1392/1392/1392 1393/1393/1393
f 1355/1355/1355 1393/1393/1393 1356/1356/1356
f 1356/1356/1356 1393/1393/1393 1394/1394/1394
f 1356/1356/1356 1394/1394/1394 1357/1357/1357
f 1357/1357/1357 1394/1394/1394 1395/1395/1395
f 1357/1357/1357 1395/1395/1395 1358/1358/1358
f 1358/1358/1358 1395/1395/1395 1396/1396/1396
f 1358/1358/1358 1396/1396/1396 1359/1359/1359
f 1359/1359/1359 1396/1396/1396 1397/1397/1397
f 1359/1359/1359 1397/1397/1397 1360/1360/1360
f 1360/1360/1360 1397/1397/1397 1398/1398/1398
f 1360/1360/1360 1398/1398/1398 1361/1361/1361
f 1361/1361/1361 1398/1398/1398 1399/1399/1399
f 1361/1361/1361 1399/1399/1399 1362/1362/1362
f 1362/1362/1362 1399/1399/1399 1400/1400/1400
f 1362/1362/1362 1400/1400/1400 1363/1363/1363
f 1363/1363/1363 1400/1400/1400 1401/1401/1401
f 1363/1363/1363 1401/1401/1401 1364/1364/1364
f 1364/1364/1364 1401/1401/1401 1402/1402/1402
f 1364/1364/1364 1402/1402/1402 1365/1365/1365
f 1365/1365/1365 1402/1402/1402 1403/1403/1403
f 1365/1365/1365 1403/1403/1403 1366/1366/1366
f 1366/1366/1366 1403/1403/1403 1404/1404/1404
f 1366/1366/1366 1404/1404/1404 1367/1367/1367
f 1367/1367/1367 1404/1404/1404 1405/1405/1405
f 1367/1367/1367 1405/1405/1405 1368/1368/1368
f 1368/1368/1368 1405/1405/1405 1406/1406/1406
f 1368/1368/1368 1406/1406/1406 1369/1369/1369
f 1370/1370/1370 1407/1407/1407 1408/1408/1408
f 1370/1370/1370 1408/1408/1408 1371/1371/1371
f 1371/1371/1371 1408/1408/1408 1409/1409/1409
f 1371/1371/1371 1409/1409/1409 1372/1372/1372
f 1372/1372/1372 1409/1409/1409 1410/1410/1410
f 1372/1372/1372 1410/1410/1410 1373/1373/1373
f 1373/1373/1373 1410/1410/1410 1411/1411/1411
f 1373/1373/1373 1411/1411/1411 1374/1374/1374
f 1374/1374/1374 1411/1411/1411 1412/1412/1412
f 1374/1374/1374 1412/1412/1412 1375/1375/1375
f 1375/1375/1375 1412/1412/1412 1413/1413/1413
f 1375/1375/1375 1413/1413/1413 1376/1376/1376
f 1376/1376/1376 1413/1413/1413 1414/1414/1414
f 1376/1376/1376 1414/1414/1414 1377/1377/1377
f 1377/1377/1377 1414/1414/1414 1415/1415/1415
f 1377/1377/1377 1415/1415/1415 1378/1378/1378
f 1378/1378/1378 1415/1415/1415 1416/1416/1416
f 1378/1378/1378 1416/1416/1416 1379/1379/1379
f 1379/1379/1379 1416/1416/1416 1417/1417/1417
f 1379/1379/1379 1417/1417/1417 1380/1380/1380
f 1380/1380/1380 1417/1417/1417 1418/1418/1418
f 1380/1380/1380 1418/1418/1418 1381/1381/1381
f 1381/1381/1381 1418/1418/1418 1419/1419/1419
f 1381/1381/1381 1419/1419/1419 1382/1382/1382
f 1382/1382/1382 1419/1419/1419 1420/1420/1420
f 1382/1382/1382 1420/1420/1420 1383/1383/1383
f 1383/1383/1383 1420/1420/1420 1421/1421/1421
f 1383/1383/1383 1421/1421/1421 1384/1384/1384
f 1384/1384/1384 1421/1421/1421 1422/1422/1422
f 1384/1384/1384 1422/1422/1422 1385/1385/1385
f 1385/1385/1385 1422/1422/1422 1423/1423/1423
f 1385/1385/1385 1423/1423/1423 1386/1386/1386
f 1386/1386/1386 1423/1423/1423 1424/1424/1424
f 1386/1386/1386 1424/1424/1424 1387/1387/1387
f 1387/1387/1387 1424/1424/1424 1425/1425/1425
f 1387/1387/1387 1425/1425/1425 1388/1388/1388
f 1388/1388/1388 1425/1425/1425 1426/1426/1426
f 1388/1388/1388 1426/1426/1426 1389/1389/1389
f 1389/1389/1389 1426/1426/1426 1427/1427/1427
f 1389/1389/1389 1427/1427/1427 1390/1390/1390
f 1390/1390/1390 1427/1427/1427 1428/1428/1428
f 1390/1390/1390 1428/1428/1428 1391/1391/1391
f 1391/1391/1391 1428/1428/1428 1429/1429/1429
f 1391/1391/1391 1429/1429/1429 1392/1392/1392
f 1392/1392/1392 1429/1429/1429 1430/1430/1430
f 1392/1392/1392 1430/1430/1430 1393/1393/1393
f 1393/1393/1393 1430/1430/1430 1431/1431/1431
f 1393/1393/1393 1431/1431/1431 1394/1394/1394
f 1394/1394/1394 1431/1431/1431 1432/1432/1432
f 1394/1394/1394 1432/1432/1432 1395/1395/1395
f 1395/1395/1395 1432/1432/1432 1433/1433/1433
f 1395/1395/1395 1433/1433/1433 1396/1396/1396
f 1396/1396/1396 1433/1433/1433 1434/1434/1434
f 1396/1396/1396 1434/1434/1434 1397/1397/1397
f 1397/1397/1397 1434/1434/1434 1435/1435/1435
f 1397/1397/1397 1435/1435/1435 1398/1398/1398
f 1398/1398/1398 1435/1435/1435 1436/1436/1436
f 1398/1398/1398 1436/1436/1436 1399/1399/1399
f 1399/1399/1399 1436/1436/1436 1437/1437/1437
f 1399/1399/1399 1437/1437/1437 1400/1400/1400
f 1400/1400/1400 1437/1437/1437 1438/1438/1438
f 1400/1400/1400 1438/1438/1438 1401/1401/1401
f 1401/1401/1401 1438/1438/1438 1439/1439/1439
f 1401/1401/1401 1439/1439/1439 1402/1402/1402
f 1402/1402/1402 1439/1439/1439 1440/1440/1440
f 1402/1402/1402 1440/1440/1440 1403/1403/1403
f 1403/1403/1403 1440/1440/1440 1441/1441/1441
f 1403/1403/1403 1441/1441/1441 1404/1404/1404
f 1404/1404/1404 1441/1441/1441 1442/1442/1442
f 1404/1404/1404 1442/1442/1442 1405/1405/1405
f 1405/1405/1405 1442/1442/1442 1443/1443/1443
f 1405/1405/1405 1443/1443/1443 1406/1406/1406
f 1407/1407/1407 1444/1444/1444 1445/1445/1445
f 1407/1407/1407 1445/1445/1445 1408/1408/1408
f 1408/1408/1408 1445/1445/1445 1446/1446/1446
f 1408/1408/1408 1446/1446/1446 1409/1409/1409
f 1409/1409/1409 1446/1446/1446 1447/1447/1447
f 1409/1409/1409 1447/1447/1447 1410/1410/1410
f 1410/1410/1410 1447/1447/1447 1448/1448/1448
f 1410/1410/1410 1448/1448/1448 1411/1411/1411
f 1411/1411/1411 1448/1448/1448 1449/1449/1449
f 1411/1411/1411 1449/1449/1449 1412/1412/1412
f 1412/1412/1412 1449/1449/1449 1450/1450/1450
f 1412/1412/1412 1450/1450/1450 1413/1413/1413
f 1413/1413/1413 1450/1450/1450 1451/1451/1451
f 1413/1413/1413 1451/1451/1451 1414/1414/1414
f 1414/1414/1414 1451/1451/1451 1452/1452/1452
f 1414/1414/1414 1452/1452/1452 1415/1415/1415
f 1415/1415/1415 1452/1452/1452 1453/1453/1453
f 1415/1415/1415 1453/1453/1453 1416/1416/1416
f 1416/1416/1416 1453/1453/1453 1454/1454/1454
f 1416/1416/1416 1454/1454/1454 1417/1417/1417
f 1417/1417/1417 1454/1454/1454 1455/1455/1455
f 1417/1417/1417 1455/1455/1455 1418/1418/1418
f 1418/1418/1418 1455/1455/1455 1456/1456/1456
f 1418/1418/1418 1456/1456/1456 1419/1419/1419
f 1419/1419/1419 1456/1456/1456 1457/1457/1457
f 1419/1419/1419 1457/1457/1457 1420/1420/1420
f 1420/1420/1420 1457/1457/1457 1458/1458/1458
f 1420/1420/1420 1458/1458/1458 1421/1421/1421
f 1421/1421/1421 1458/1458/1458 1459/1459/1459
f 1421/1421/1421 1459/1459/1459 1422/1422/1422
f 1422/1422/1422 1459/1459/1459 1460/1460/1460
f 1422/1422/1422 1460/1460/1460 1423/1423/1423
f 1423/1423/1423 1460/1460/1460 1461/1461/1461
f 1423/1423/1423 1461/1461/1461 1424/1424/1424
f 1424/1424/1424 1461/1461/1461 1462/1462/1462
f 1424/1424/1424 1462/1462/1462 1425/1425/1425
f 1425/1425/1425 1462/1462/1462 1463/1463/1463
f 1425/1425/1425 1463/1463/1463 1426/1426/1426
f 1426/1426/1426 1463/1463/1463 1464/1464/1464
f 1426/1426/1426 1464/1464/1464 1427/1427/1427
f 1427/1427/1427 1464/1464/1464 1465/1465/1465
f 1427/1427/1427 1465/1465/1465 1428/1428/1428
f 1428/1428/1428 1465/1465/1465 1466/1466/1466
f 1428/1428/1428 1466/1466/1466 1429/1429/1429
f 1429/1429/1429 1466/1466/1466 1467/1467/1467
f 1429/1429/1429 1467/1467/1467 1430/1430/1430
f 1430/1430/1430 1467/1467/1467 1468/1468/1468
f 1430/1430/1430 1468/1468/1468 1431/1431/1431
f 1431/1431/1431 1468/1468/1468 1469/1469/1469
f 1431/1431/1431 1469/1469/1469 1432/1432/1432
f 1432/1432/1432 1469/1469/1469 1470/1470/1470
f 1432/1432/1432 1470/1470/1470 1433/1433/1433
f 1433/1433/1433 1470/1470/1470 1471/1471/1471
f 1433/1433/1433 1471/1471/1471 1434/1434/1434
f 1434/1434/1434 1471/1471/1471 1472/1472/1472
f 1434/1434/1434 1472/1472/1472 1435/1435/1435
f 1435/1435/1435 1472/1472/1472 1473/1473/1473
f 1435/1435/1435 1473/1473/1473 1436/1436/1436
f 1436/1436/1436 1473/1473/1473 1474/1474/1474
f 1436/1436/1436 1474/1474/1474 1437/1437/1437
f 1437/1437/1437 1474/1474/1474 1475/1475/1475
f 1437/1437/1437 1475/1475/1475 1438/1438/1438
f 1438/1438/1438 1475/1475/1475 1476/1476/1476
f 1438/1438/1438 1476/1476/1476 1439/1439/1439
f 1439/1439/1439 1476/1476/1476 1477/1477/1477
f 1439/1439/1439 1477/1477/1477 1440/1440/1440
f 1440/1440/1440 1477/1477/1477 1478/1478/1478
f 1440/1440/1440 1478/1478/1478 1441/1441/1441
f 1441/1441/1441 1478/1478/1478 1479/1479/1479
f 1441/1441/1441 1479/1479/1479 1442/1442/1442
f 1442/1442/1442 1479/1479/1479 1480/1480/1480
f 1442/1442/1442 1480/1480/1480 1443/1443/1443
f 1444/1444/1444 1481/1481/1481 1482/1482/1482
f 1444/1444/1444 1482/1482/1482 1445/1445/1445
f 1445/1445/1445 1482/1482/1482 1483/1483/1483
f 1445/1445/1445 1483/1483/1483 1446/1446/1446
f 1446/1446/1446 1483/1483/1483 1484/1484/1484
f 1446/1446/1446 1484/1484/1484 1447/1447/1447
f 1447/1447/1447 1484/1484/1484 1485/1485/1485
f 1447/1447/1447 1485/1485/1485 1448/1448/1448
f 1448/1448/1448 1485/1485/1485 1486/1486/1486
f 1448/1448/1448 1486/1486/1486 1449/1449/1449
f 1449/1449/1449 1486/1486/1486 1487/1487/1487
f 1449/1449/1449 1487/1487/1487 1450/1450/1450
f 1450/1450/1450 1487/1487/1487 1488/1488/1488
f 1450/1450/1450 1488/1488/1488 1451/1451/1451
f 1451/1451/1451 1488/1488/1488 1489/1489/1489
f 1451/1451/1451 1489/1489/1489 1452/1452/1452
f 1452/1452/1452 1489/1489/1489 1490/1490/1490
f 1452/1452/1452 1490/1490/1490 1453/1453/1453
f 1453/1453/1453 1490/1490/1490 1491/1491/1491
f 1453/1453/1453 1491/1491/1491 1454/1454/1454
f 1454/1454/1454 1491/1491/1491 1492/1492/1492
f 1454/1454/1454 1492/1492/1492 1455/1455/1455
f 1455/1455/1455 1492/1492/1492 1493/1493/1493
f 1455/1455/1455 1493/1493/1493 1456/1456/1456
f 1456/1456/1456 1493/1493/1493 1494/1494/1494
f 1456/1456/1456 1494/1494/1494 1457/1457/1457
f 1457/1457/1457 1494/1494/1494 1495/1495/1495
f 1457/1457/1457 1495/1495/1495 1458/1458/1458
f 1458/1458/1458 1495/1495/1495 1496/1496/1496
f 1458/1458/1458 1496/1496/1496 1459/1459/1459
f 1459/1459/1459 1496/1496/1496 1497/1497/1497
f 1459/1459/1459 1497/1497/1497 1460/1460/1460
f 1460/1460/1460 1497/1497/1497 1498/1498/1498
f 1460/1460/1460 1498/1498/1498 1461/1461/1461
f 1461/1461/1461 1498/1498/1498 1499/1499/1499
f 1461/1461/1461 1499/1499/1499 1462/1462/1462
f 1462/1462/1462 1499/1499/1499 1500/1500/1500
f 1462/1462/1462 1500/1500/1500 1463/1463/1463
f 1463/1463/1463 1500/1500/1500 1501/1501/1501
f 1463/1463/1463 1501/1501/1501 1464/1464/1464
f 1464/1464/1464 1501/1501/1501 1502/1502/1502
f 1464/1464/1464 1502/1502/1502 1465/1465/1465
f 1465/1465/1465 1502/1502/1502 1503/1503/1503
f 1465/1465/1465 1503/1503/1503 1466/1466/1466
f 1466/1466/1466 1503/1503/1503 1504/1504/1504
f 1466/1466/1466 1504/1504/1504 1467/1467/1467
f 1467/1467/1467 1504/1504/1504 1505/1505/1505
f 1467/1467/1467 1505/1505/1505 1468/1468/1468
f 1468/1468/1468 1505/1505/1505 1506/1506/1506
f 1468/1468/1468 1506/1506/1506 1469/1469/1469
f 1469/1469/1469 1506/1506/1506 1507/1507/1507
f 1469/1469/1469 1507/1507/1507 1470/1470/1470
f 1470/1470/1470 1507/1507/1507 1508/1508/1508
f 1470/1470/1470 1508/1508/1508 1471/1471/1471
f 1471/1471/1471 1508/1508/1508 1509/1509/1509
f 1471/1471/1471 1509/1509/1509 1472/1472/1472
f 1472/1472/1472 1509/1509/1509 1510/1510/1510
f 1472/1472/1472 1510/1510/1510 1473/1473/1473
f 1473/1473/1473 1510/1510/1510 1511/1511/1511
f 1473/1473/1473 1511/1511/1511 1474/1474/1474
f 1474/1474/1474 1511/1511/1511 1512/1512/1512
f 1474/1474/1474 1512/1512/1512 1475/1475/1475
f 1475/1475/1475 1512/1512/1512 1513/1513/1513
f 1475/1475/1475 1513/1513/1513 1476/1476/1476
f 1476/1476/1476 1513/1513/1513 1514/1514/1514
f 1476/1476/1476 1514/1514/1514 1477/1477/1477
f 1477/1477/1477 1514/1514/1514 1515/1515/1515
f 1477/1477/1477 1515/1515/1515 1478/1478/1478
f 1478/1478/1478 1515/1515/1515 1516/1516/1516
f 1478/1478/1478 1516/1516/1516 1479/1479/1479
f 1479/1479/1479 1516/1516/1516 1517/1517/1517
f 1479/1479/1479 1517/1517/1517 1480/1480/1480
f 1481/1481/1481 1518/1518/1518 1519/1519/1519
f 1481/1481/1481 1519/1519/1519 1482/1482/1482
f 1482/1482/1482 1519/1519/1519 1520/1520/1520
f 1482/1482/1482 1520/1520/1520 1483/1483/1483
f 1483/1483/1483 1520/1520/1520 1521/1521/1521
f 1483/1483/1483 1521/1521/1521 1484/1484/1484
f 1484/1484/1484 1521/1521/1521 1522/1522/1522
f 1484/1484/1484 1522/1522/1522 1485/1485/1485
f 1485/1485/1485 1522/1522/1522 1523/1523/1523
f 1485/1485/1485 1523/1523/1523 1486/1486/1486
f 1486/1486/1486 1523/1523/1523 1524/1524/1524
f 1486/1486/1486 1524/1524/1524 1487/1487/1487
f 1487/1487/1487 1524/1524/1524 1525/1525/1525
f 1487/1487/1487 1525/1525/1525 1488/1488/1488
f 1488/1488/1488 1525/1525/1525 1526/1526/1526
f 1488/1488/1488 1526/1526/1526 1489/1489/1489
f 1489/1489/1489 1526/1526/1526 1527/1527/1527
f 1489/1489/1489 1527/1527/1527 1490/1490/1490
f 1490/1490/1490 1527/1527/1527 1528/1528/1528
f 1490/1490/1490 1528/1528/1528 1491/1491/1491
f 1491/1491/1491 1528/1528/1528 1529/1529/1529
f 1491/1491/1491 1529/1529/1529 1492/1492/1492
f 1492/1492/1492 1529/1529/1529 1530/1530/1530
f 1492/1492/1492 1530/1530/1530 1493/1493/1493
f 1493/1493/1493 1530/1530/1530 1531/1531/1531
f 1493/1493/1493 1531/1531/1531 1494/1494/1494
f 1494/1494/1494 1531/1531/1531 1532/1532/1532
f 1494/1494/1494 1532/1532/1532 1495/1495/1495
f 1495/1495/1495 1532/1532/1532 1533/1533/1533
f 1495/1495/1495 1533/1533/1533 1496/1496/1496
f 1496/1496/1496 1533/1533/1533 1534/1534/1534
f 1496/1496/1496 1534/1534/1534 1497/1497/1497
f 1497/1497/1497 1534/1534/1534 1535/1535/1535
f 1497/1497/1497 1535/1535/1535 1498/1498/1498
f 1498/1498/1498 1535/1535/1535 1536/1536/1536
f 1498/1498/1498 1536/1536/1536 1499/1499/1499
f 1499/1499/1499 1536/1536/1536 1537/1537/1537
f 1499/1499/1499 1537/1537/1537 1500/1500/1500
f 1500/1500/1500 1537/1537/1537 1538/1538/1538
f 1500/1500/1500 1538/1538/1538 1501/1501/1501
f 1501/1501/1501 1538/1538/1538 1539/1539/1539
f 1501/1501/1501 1539/1539/1539 1502/1502/1502
f 1502/1502/1502 1539/1539/1539 1540/1540/1540
f 1502/1502/1502 1540/1540/1540 1503/1503/1503
f 1503/1503/1503 1540/1540/1540 1541/1541/1541
f 1503/1503/1503 1541/1541/1541 1504/1504/1504
f 1504/1504/1504 1541/1541/1541 1542/1542/1542
f 1504/1504/1504 1542/1542/1542 1505/1505/1505
f 1505/1505/1505 1542/1542/1542 1543/1543/1543
f 1505/1505/1505 1543/1543/1543 1506/1506/1506
f 1506/1506/1506 1543/1543/1543 1544/1544/1544
f 1506/1506/1506 1544/1544/1544 1507/1507/1507
f 1507/1507/1507 1544/1544/1544 1545/1545/1545
f 1507/1507/1507 1545/1545/1545 1508/1508/1508
f 1508/1508/1508 1545/1545/1545 1546/1546/1546
f 1508/1508/1508 1546/1546/1546 1509/1509/1509
f 1509/1509/1509 1546/1546/1546 1547/1547/1547
f 1509/1509/1509 1547/1547/1547 1510/1510/1510
f 1510/1510/1510 1547/1547/1547 1548/1548/1548
f 1510/1510/1510 1548/1548/1548 1511/1511/1511
f 1511/1511/1511 1548/1548/1548 1549/1549/1549
f 1511/1511/1511 1549/1549/1549 1512/1512/1512
f 1512/1512/1512 1549/1549/1549 1550/1550/1550
f 1512/1512/1512 1550/1550/1550 1513/1513/1513
f 1513/1513/1513 1550/1550/1550 1551/1551/1551
f 1513/1513/1513 1551/1551/1551 1514/1514/1514
f 1514/1514/1514 1551/1551/1551 1552/1552/1552
f 1514/1514/1514 1552/1552/1552 1515/1515/1515
f 1515/1515/1515 1552/1552/1552 1553/1553/1553
f 1515/1515/1515 1553/1553/1553 1516/1516/1516
f 1516/1516/1516 1553/1553/1553 1554/1554/1554
f 1516/1516/1516 1554/1554/1554 1517/1517/1517
f 1518/1518/1518 1555/1555/1555 1556/1556/1556
f 1518/1518/1518 1556/1556/1556 1519/1519/1519
f 1519/1519/1519 1556/1556/1556 1557/1557/1557
f 1519/1519/1519 1557/1557/1557 1520/1520/1520
f 1520/1520/1520 1557/1557/1557 1558/1558/1558
f 1520/1520/1520 1558/1558/1558 1521/1521/1521
f 1521/1521/1521 1558/1558/1558 1559/1559/1559
f 1521/1521/1521 1559/1559/1559 1522/1522/1522
f 1522/1522/1522 1559/1559/1559 1560/1560/1560
f 1522/1522/1522 1560/1560/1560 1523/1523/1523
f 1523/1523/1523 1560/1560/1560 1561/1561/1561
f 1523/1523/1523 1561/1561/1561 1524/1524/1524
f 1524/1524/1524 1561/1561/1561 1562/1562/1562
f 1524/1524/1524 1562/1562/1562 1525/1525/1525
f 1525/1525/1525 1562/1562/1562 1563/1563/1563
f 1525/1525/1525 1563/1563/1563 1526/1526/1526
f 1526/1526/1526 1563/1563/1563 1564/1564/1564
f 1526/1526/1526 1564/1564/1564 1527/1527/1527
f 1527/1527/1527 1564/1564/1564 1565/1565/1565
f 1527/1527/1527 1565/1565/1565 1528/1528/1528
f 1528/1528/1528 1565/1565/1565 1566/1566/1566
f 1528/1528/1528 1566/1566/1566 1529/1529/1529
f 1529/1529/1529 1566/1566/1566 1567/1567/1567
f 1529/1529/1529 1567/1567/1567 1530/1530/1530
f 1530/1530/1530 1567/1567/1567 1568/1568/1568
f 1530/1530/1530 1568/1568/1568 1531/1531/1531
f 1531/1531/1531 1568/1568/1568 1569/1569/1569
f 1531/1531/1531 1569/1569/1569 1532/1532/1532
f 1532/1532/1532 1569/1569/1569 1570/1570/1570
f 1532/1532/1532 1570/1570/1570 1533/1533/1533
f 1533/1533/1533 1570/1570/1570 1571/1571/1571
f 1533/1533/1533 1571/1571/1571 1534/1534/1534
f 1534/1534/1534 1571/1571/1571 1572/1572/1572
f 1534/1534/1534 1572/1572/1572 1535/1535/1535
f 1535/1535/1535 1572/1572/1572 1573/1573/1573
f 1535/1535/1535 1573/1573/1573 1536/1536/1536
f 1536/1536/1536 1573/1573/1573 1574/1574/1574
f 1536/1536/1536 1574/1574/1574 1537/1537/1537
f 1537/1537/1537 1574/1574/1574 1575/1575/1575
f 1537/1537/1537 1575/1575/1575 1538/1538/1538
f 1538/1538/1538 1575/1575/1575 1576/1576/1576
f 1538/1538/1538 1576/1576/1576 1539/1539/1539
f 1539/1539/1539 1576/1576/1576 1577/1577/1577
f 1539/1539/1539 1577/1577/1577 1540/1540/1540
f 1540/1540/1540 1577/1577/1577 1578/1578/1578
f 1540/1540/1540 1578/1578/1578 1541/1541/1541
f 1541/1541/1541 1578/1578/1578 1579/1579/1579
f 1541/1541/1541 1579/1579/1579 1542/1542/1542
f 1542/1542/1542 1579/1579/1579 1580/1580/1580
f 1542/1542/1542 1580/1580/1580 1543/1543/1543
f 1543/1543/1543 1580/1580/1580 1581/1581/1581
f 1543/1543/1543 1581/1581/1581 1544/1544/1544
f 1544/1544/1544 1581/1581/1581 1582/1582/1582
f 1544/1544/1544 1582/1582/1582 1545/1545/1545
f 1545/1545/1545 1582/1582/1582 1583/1583/1583
f 1545/1545/1545 1583/1583/1583 1546/1546/1546
f 1546/1546/1546 1583/1583/1583 1584/1584/1584
f 1546/1546/1546 1584/1584/1584 1547/1547/1547
f 1547/1547/1547 1584/1584/1584 1585/1585/1585
f 1547/1547/1547 1585/1585/1585 1548/1548/1548
f 1548/1548/1548 1585/1585/1585 1586/1586/1586
f 1548/1548/1548 1586/1586/1586 1549/1549/1549
f 1549/1549/1549 1586/1586/1586 1587/1587/1587
f 1549/1549/1549 1587/1587/1587 1550/1550/1550
f 1550/1550/1550 1587/1587/1587 1588/1588/1588
f 1550/1550/1550 1588/1588/1588 1551/1551/1551
f 1551/1551/1551 1588/1588/1588 1589/1589/1589
f 1551/1551/1551 1589/1589/1589 1552/1552/1552
f 1552/1552/1552 1589/1589/1589 1590/1590/1590
f 1552/1552/1552 1590/1590/1590 1553/1553/1553
f 1553/1553/1553 1590/1590/1590 1591/1591/1591
f 1553/1553/1553 1591/1591/1591 1554/1554/1554
f 1555/1555/1555 1592/1592/1592 1593/1593/1593
f 1555/1555/1555 1593/1593/1593 1556/1556/1556
f 1556/1556/1556 1593/1593/1593 1594/1594/1594
f 1556/1556/1556 1594/1594/1594 1557/1557/1557
f 1557/1557/1557 1594/1594/1594 1595/1595/1595
f 1557/1557/1557 1595/1595/1595 1558/1558/1558
f 1558/1558/1558 1595/1595/1595 1596/1596/1596
f 1558/1558/1558 1596/1596/1596 1559/1559/1559
f 1559/1559/1559 1596/1596/1596 1597/1597/1597
f 1559/1559/1559 1597/1597/1597 1560/1560/1560
f 1560/1560/1560 1597/1597/1597 1598/1598/1598
f 1560/1560/1560 1598/1598/1598 1561/1561/1561
f 1561/1561/1561 1598/1598/1598 1599/1599/1599
f 1561/1561/1561 1599/1599/1599 1562/1562/1562
f 1562/1562/1562 1599/1599/1599 1600/1600/1600
f 1562/1562/1562 1600/1600/1600 1563/1563/1563
f 1563/1563/1563 1600/1600/1600 1601/1601/1601
f 1563/1563/1563 1601/1601/1601 1564/1564/1564
f 1564/1564/1564 1601/1601/1601 1602/1602/1602
f 1564/1564/1564 1602/1602/1602 1565/1565/1565
f 1565/1565/1565 1602/1602/1602 1603/1603/1603
f 1565/1565/1565 1603/1603/1603 1566/1566/1566
f 1566/1566/1566 1603/1603/1603 1604/1604/1604
f 1566/1566/1566 1604/1604/1604 1567/1567/1567
f 1567/1567/1567 1604/1604/1604 1605/1605/1605
f 1567/1567/1567 1605/1605/1605 1568/1568/1568
f 1568/1568/1568 1605/1605/1605 1606/1606/1606
f 1568/1568/1568 1606/1606/1606 1569/1569/1569
f 1569/1569/1569 1606/1606/1606 1607/1607/1607
f 1569/1569/1569 1607/1607/1607 1570/1570/1570
f 1570/1570/1570 1607/1607/1607 1608/1608/1608
f 1570/1570/1570 1608/1608/1608 1571/1571/1571
f 1571/1571/1571 1608/1608/1608 1609/1609/1609
f 1571/1571/1571 1609/1609/1609 1572/1572/1572
f 1572/1572/1572 1609/1609/1609 1610/1610/1610
f 1572/1572/1572 1610/1610/1610 1573/1573/1573
f 1573/1573/1573 1610/1610/1610 1611/1611/1611
f 1573/1573/1573 1611/1611/1611 1574/1574/1574
f 1574/1574/1574 1611/1611/1611 1612/1612/1612
f 1574/1574/1574 1612/1612/1612 1575/1575/1575
f 1575/1575/1575 1612/1612/1612 1613/1613/1613
f 1575/1575/1575 1613/1613/1613 1576/1576/1576
f 1576/1576/1576 1613/1613/1613 1614/1614/1614
f 1576/1576/1576 1614/1614/1614 1577/1577/1577
f 1577/1577/1577 1614/1614/1614 1615/1615/1615
f 1577/1577/1577 1615/1615/1615 1578/1578/1578
f 1578/1578/1578 1615/1615/1615 1616/1616/1616
f 1578/1578/1578 1616/1616/1616 1579/1579/1579
f 1579/1579/1579 1616/1616/1616 1617/1617/1617
f 1579/1579/1579 1617/1617/1617 1580/1580/1580
f 1580/1580/1580 1617/1617/1617 1618/1618/1618
f 1580/1580/1580 1618/1618/1618 1581/1581/1581
f 1581/1581/1581 1618/1618/1618 1619/1619/1619
f 1581/1581/1581 1619/1619/1619 1582/1582/1582
f 1582/1582/1582 1619/1619/1619 1620/1620/1620
f 1582/1582/1582 1620/1620/1620 1583/1583/1583
f 1583/1583/1583 1620/1620/1620 1621/1621/1621
f 1583/1583/1583 1621/1621/1621 1584/1584/1584
f 1584/1584/1584 1621/1621/1621 1622/1622/1622
f 1584/1584/1584 1622/1622/1622 1585/1585/1585
f 1585/1585/1585 1622/1622/1622 1623/1623/1623
f 1585/1585/1585 1623/1623/1623 1586/1586/1586
f 1586/1586/1586 1623/1623/1623 1624/1624/1624
f 1586/1586/1586 1624/1624/1624 1587/1587/1587
f 1587/1587/1587 1624/1624/1624 1625/1625/1625
f 1587/1587/1587 1625/1625/1625 1588/1588/1588
f 1588/1588/1588 1625/1625/1625 1626/1626/1626
f 1588/1588/1588 1626/1626/1626 1589/1589/1589
f 1589/1589/1589 1626/1626/1626 1627/1627/1627
f 1589/1589/1589 1627/1627/1627 1590/1590/1590
f 1590/1590/1590 1627/1627/1627 1628/1628/1628
f 1590/1590/1590 1628/1628/1628 1591/1591/1591
f 1592/1592/1592 1629/1629/1629 1630/1630/1630
f 1592/1592/1592 1630/1630/1630 1593/1593/1593
f 1593/1593/1593 1630/1630/1630 1631/1631/1631
f 1593/1593/1593 1631/1631/1631 1594/1594/1594
f 1594/1594/1594 1631/1631/1631 1632/1632/1632
f 1594/1594/1594 1632/1632/1632 1595/1595/1595
f 1595/1595/1595 1632/1632/1632 1633/1633/1633
f 1595/1595/1595 1633/1633/1633 1596/1596/1596
f 1596/1596/1596 1633/1633/1633 1634/1634/1634
f 1596/1596/1596 1634/1634/1634 1597/1597/1597
f 1597/1597/1597 1634/1634/1634 1635/1635/1635
f 1597/1597/1597 1635/1635/1635 1598/1598/1598
f 1598/1598/1598 1635/1635/1635 1636/1636/1636
f 1598/1598/1598 1636/1636/1636 1599/1599/1599
f 1599/1599/1599 1636/1636/1636 1637/1637/1637
f 1599/1599/1599 1637/1637/1637 1600/1600/1600
f 1600/1600/1600 1637/1637/1637 1638/1638/1638
f 1600/1600/1600 1638/1638/1638 1601/1601/1601
f 1601/1601/1601 1638/1638/1638 1639/1639/1639
f 1601/1601/1601 1639/1639/1639 1602/1602/1602
f 1602/1602/1602 1639/1639/1639 1640/1640/1640
f 1602/1602/1602 1640/1640/1640 1603/1603/1603
f 1603/1603/1603 1640/1640/1640 1641/1641/1641
f 1603/1603/1603 1641/1641/1641 1604/1604/1604
f 1604/1604/1604 1641/1641/1641 1642/1642/1642
f 1604/1604/1604 1642/1642/1642 1605/1605/1605
f 1605/1605/1605 1642/1642/1642 1643/1643/1643
f 1605/1605/1605 1643/1643/1643 1606/1606/1606
f 1606/1606/1606 1643/1643/1643 1644/1644/1644
f 1606/1606/1606 1644/1644/1644 1607/1607/1607
f 1607/1607/1607 1644/1644/1644 1645/1645/1645
f 1607/1607/1607 1645/1645/1645 1608/1608/1608
f 1608/1608/1608 1645/1645/1645 1646/1646/1646
f 1608/1608/1608 1646/1646/1646 1609/1609/1609
f 1609/1609/1609 1646/1646/1646 1647/1647/1647
f 1609/1609/1609 1647/1647/1647 1610/1610/1610
f 1610/1610/1610 1647/1647/1647 1648/1648/1648
f 1610/1610/1610 1648/1648/1648 1611/1611/1611
f 1611/1611/1611 1648/1648/1648 1649/1649/1649
f 1611/1611/1611 1649/1649/1649 1612/1612/1612
f 1612/1612/1612 1649/1649/1649 1650/1650/1650
f 1612/1612/1612 1650/1650/1650 1613/1613/1613
f 1613/1613/1613 1650/1650/1650 1651/1651/1651
f 1613/1613/1613 1651/1651/1651 1614/1614/1614
f 1614/1614/1614 1651/1651/1651 1652/1652/1652
f 1614/1614/1614 1652/1652/1652 1615/1615/1615
f 1615/1615/1615 1652/1652/1652 1653/1653/1653
f 1615/1615/1615 1653/1653/1653 1616/1616/1616
f 1616/1616/1616 1653/1653/1653 1654/1654/1654
f 1616/1616/1616 1654/1654/1654 1617/1617/1617
f 1617/1617/1617 1654/1654/1654 1655/1655/1655
f 1617/1617/1617 1655/1655/1655 1618/1618/1618
f 1618/1618/1618 1655/1655/1655 1656/1656/1656
f 1618/1618/1618 1656/1656/1656 1619/1619/1619
f 1619/1619/1619 1656/1656/1656 1657/1657/1657
f 1619/1619/1619 1657/1657/1657 1620/1620/1620
f 1620/1620/1620 1657/1657/1657 1658/1658/1658
f 1620/1620/1620 1658/1658/1658 1621/1621/1621
f 1621/1621/1621 1658/1658/1658 1659/1659/1659
f 1621/1621/1621 1659/1659/1659 1622/1622/1622
f 1622/1622/1622 1659/1659/1659 1660/1660/1660
f 1622/1622/1622 1660/1660/1660 1623/1623/1623
f 1623/1623/1623 1660/1660/1660 1661/1661/1661
f 1623/1623/1623 1661/1661/1661 1624/1624/1624
f 1624/1624/1624 1661/1661/1661 1662/1662/1662
f 1624/1624/1624 1662/1662/1662 1625/1625/1625
f 1625/1625/1625 1662/1662/1662 1663/1663/1663
f 1625/1625/1625 1663/1663/1663 1626/1626/1626
f 1626/1626/1626 1663/1663/1663 1664/1664/1664
f 1626/1626/1626 1664/1664/1664 1627/1627/1627
f 1627/1627/1627 1664/1664/1664 1665/1665/1665
f 1627/1627/1627 1665/1665/1665 1628/1628/1628
f 1629/1629/1629 1666/1666/1666 1667/1667/1667
f 1629/1629/1629 1667/1667/1667 1630/1630/1630
f 1630/1630/1630 1667/1667/1667 1668/1668/1668
f 1630/1630/1630 1668/1668/1668 1631/1631/1631
f 1631/1631/1631 1668/1668/1668 1669/1669/1669
f 1631/1631/1631 1669/1669/1669 1632/1632/1632
f 1632/1632/1632 1669/1669/1669 1670/1670/1670
f 1632/1632/1632 1670/1670/1670 1633/1633/1633
f 1633/1633/1633 1670/1670/1670 1671/1671/1671
f 1633/1633/1633 1671/1671/1671 1634/1634/1634
f 1634/1634/1634 1671/1671/1671 1672/1672/1672
f 1634/1634/1634 1672/1672/1672 1635/1635/1635
f 1635/1635/1635 1672/1672/1672 1673/1673/1673
f 1635/1635/1635 1673/1673/1673 1636/1636/1636
f 1636/1636/1636 1673/1673/1673 1674/1674/1674
f 1636/1636/1636 1674/1674/1674 1637/1637/1637
f 1637/1637/1637 1674/1674/1674 1675/1675/1675
f 1637/1637/1637 1675/1675/1675 1638/1638/1638
f 1638/1638/1638 1675/1675/1675 1676/1676/1676
f 1638/1638/1638 1676/1676/1676 1639/1639/1639
f 1639/1639/1639 1676/1676/1676 1677/1677/1677
f 1639/1639/1639 1677/1677/1677 1640/1640/1640
f 1640/1640/1640 1677/1677/1677 1678/1678/1678
f 1640/1640/1640 1678/1678/1678 1641/1641/1641
f 1641/1641/1641 1678/1678/1678 1679/1679/1679
f 1641/1641/1641 1679/1679/1679 1642/1642/1642
f 1642/1642/1642 1679/1679/1679 1680/1680/1680
f 1642/1642/1642 1680/1680/1680 1643/1643/1643
f 1643/1643/1643 1680/1680/1680 1681/1681/1681
f 1643/1643/1643 1681/1681/1681 1644/1644/1644
f 1644/1644/1644 1681/1681/1681 1682/1682/1682
f 1644/1644/1644 1682/1682/1682 1645/1645/1645
f 1645/1645/1645 1682/1682/1682 1683/1683/1683
f 1645/1645/1645 1683/1683/1683 1646/1646/1646
f 1646/1646/1646 1683/1683/1683 1684/1684/1684
f 1646/1646/1646 1684/1684/1684 1647/1647/1647
f 1647/1647/1647 1684/1684/1684 1685/1685/1685
f 1647/1647/1647 1685/1685/1685 1648/1648/1648
f 1648/1648/1648 1685/1685/1685 1686/1686/1686
f 1648/1648/1648 1686/1686/1686 1649/1649/1649
f 1649/1649/1649 1686/1686/1686 1687/1687/1687
f 1649/1649/1649 1687/1687/1687 1650/1650/1650
f 1650/1650/1650 1687/1687/1687 1688/1688/1688
f 1650/1650/1650 1688/1688/1688 1651/1651/1651
f 1651/1651/1651 1688/1688/1688 1689/1689/1689
f 1651/1651/1651 1689/1689/1689 1652/1652/1652
f 1652/1652/1652 1689/1689/1689 1690/1690/1690
f 1652/1652/1652 1690/1690/1690 1653/1653/1653
f 1653/1653/1653 1690/1690/1690 1691/1691/1691
f 1653/1653/1653 1691/1691/1691 1654/1654/1654
f 1654/1654/1654 1691/1691/1691 1692/1692/1692
f 1654/1654/1654 1692/1692/1692 1655/1655/1655
f 1655/1655/1655 1692/1692/1692 1693/1693/1693
f 1655/1655/1655 1693/1693/1693 1656/1656/1656
f 1656/1656/1656 1693/1693/1693 1694/1694/1694
f 1656/1656/1656 1694/1694/1694 1657/1657/1657
f 1657/1657/1657 1694/1694/1694 1695/1695/1695
f 1657/1657/1657 1695/1695/1695 1658/1658/1658
f 1658/1658/1658 1695/1695/1695 1696/1696/1696
f 1658/1658/1658 1696/1696/1696 1659/1659/1659
f 1659/1659/1659 1696/1696/1696 1697/1697/1697
f 1659/1659/1659 1697/1697/1697 1660/1660/1660
f 1660/1660/1660 1697/1697/1697 1698/1698/1698
f 1660/1660/1660 1698/1698/1698 1661/1661/1661
f 1661/1661/1661 1698/1698/1698 1699/1699/1699
f 1661/1661/1661 1699/1699/1699 1662/1662/1662
f 1662/1662/1662 1699/1699/1699 1700/1700/1700
f 1662/1662/1662 1700/1700/1700 1663/1663/1663
f 1663/1663/1663 1700/1700/1700 1701/1701/1701
f 1663/1663/1663 1701/1701/1701 1664/1664/1664
f 1664/1664/1664 1701/1701/1701 1702/1702/1702
f 1664/1664/1664 1702/1702/1702 1665/1665/1665
f 1666/1666/1666 1703/1703/1703 1704/1704/1704
f 1666/1666/1666 1704/1704/1704 1667/1667/1667
f 1667/1667/1667 1704/1704/1704 1705/1705/1705
f 1667/1667/1667 1705/1705/1705 1668/1668/1668
f 1668/1668/1668 1705/1705/1705 1706/1706/1706
f 1668/1668/1668 1706/1706/1706 1669/1669/1669
f 1669/1669/1669 1706/1706/1706 1707/1707/1707
f 1669/1669/1669 1707/1707/1707 1670/1670/1670
f 1670/1670/1670 1707/1707/1707 1708/1708/1708
f 1670/1670/1670 1708/1708/1708 1671/1671/1671
f 1671/1671/1671 1708/1708/1708 1709/1709/1709
f 1671/1671/1671 1709/1709/1709 1672/1672/1672
f 1672/1672/1672 1709/1709/1709 1710/1710/1710
f 1672/1672/1672 1710/1710/1710 1673/1673/1673
f 1673/1673/1673 1710/1710/1710 1711/1711/1711
f 1673/1673/1673 1711/1711/1711 1674/1674/1674
f 1674/1674/1674 1711/1711/1711 1712/1712/1712
f 1674/1674/1674 1712/1712/1712 1675/1675/1675
f 1675/1675/1675 1712/1712/1712 1713/1713/1713
f 1675/1675/1675 1713/1713/1713 1676/1676/1676
f 1676/1676/1676 1713/1713/1713 1714/1714/1714
f 1676/1676/1676 1714/1714/1714 1677/1677/1677
f 1677/1677/1677 1714/1714/1714 1715/1715/1715
f 1677/1677/1677 1715/1715/1715 1678/1678/1678
f 1678/1678/1678 1715/1715/1715 1716/1716/1716
f 1678/1678/1678 1716/1716/1716 1679/1679/1679
f 1679/1679/1679 1716/1716/1716 1717/1717/1717
f 1679/1679/1679 1717/1717/1717 1680/1680/1680
f 1680/1680/1680 1717/1717/1717 1718/1718/1718
f 1680/1680/1680 1718/1718/1718 1681/1681/1681
f 1681/1681/1681 1718/1718/1718 1719/1719/1719
f 1681/1681/1681 1719/1719/1719 1682/1682/1682
f 1682/1682/1682 1719/1719/1719 1720/1720/1720
f 1682/1682/1682 1720/1720/1720 1683/1683/1683
f 1683/1683/1683 1720/1720/1720 1721/1721/1721
f 1683/1683/1683 1721/1721/1721 1684/1684/1684
f 1684/1684/1684 1721/1721/1721 1722/1722/1722
f 1684/1684/1684 1722/1722/1722 1685/1685/1685
f 1685/1685/1685 1722/1722/1722 1723/1723/1723
f 1685/1685/1685 1723/1723/1723 1686/1686/1686
f 1686/1686/1686 1723/1723/1723 1724/1724/1724
f 1686/1686/1686 1724/1724/1724 1687/1687/1687
f 1687/1687/1687 1724/1724/1724 1725/1725/1725
f 1687/1687/1687 1725/1725/1725 1688/1688/1688
f 1688/1688/1688 1725/1725/1725 1726/1726/1726
f 1688/1688/1688 1726/1726/1726 1689/1689/1689
f 1689/1689/1689 1726/1726/1726 1727/1727/1727
f 1689/1689/1689 1727/1727/1727 1690/1690/1690
f 1690/1690/1690 1727/1727/1727 1728/1728/1728
f 1690/1690/1690 1728/1728/1728 1691/1691/1691
f 1691/1691/1691 1728/1728/1728 1729/1729/1729
f 1691/1691/1691 1729/1729/1729 1692/1692/1692
f 1692/1692/1692 1729/1729/1729 1730/1730/1730
f 1692/1692/1692 1730/1730/1730 1693/1693/1693
f 1693/1693/1693 1730/1730/1730 1731/1731/1731
f 1693/1693/1693 1731/1731/1731 1694/1694/1694
f 1694/1694/1694 1731/1731/1731 1732/1732/1732
f 1694/1694/1694 1732/1732/1732 1695/1695/1695
f 1695/1695/1695 1732/1732/1732 1733/1733/1733
f 1695/1695/1695 1733/1733/1733 1696/1696/1696
f 1696/1696/1696 1733/1733/1733 1734/1734/1734
f 1696/1696/1696 1734/1734/1734 1697/1697/1697
f 1697/1697/1697 1734/1734/1734 1735/1735/1735
f 1697/1697/1697 1735/1735/1735 1698/1698/1698
f 1698/1698/1698 1735/1735/1735 1736/1736/1736
f 1698/1698/1698 1736/1736/1736 1699/1699/1699
f 1699/1699/1699 1736/1736/1736 1737/1737/1737
f 1699/1699/1699 1737/1737/1737 1700/1700/1700
f 1700/1700/1700 1737/1737/1737 1738/1738/1738
f 1700/1700/1700 1738/1738/1738 1701/1701/1701
f 1701/1701/1701 1738/1738/1738 1739/1739/1739
f 1701/1701/1701 1739/1739/1739 1702/1702/1702
f 1703/1703/1703 1740/1740/1740 1741/1741/1741
f 1703/1703/1703 1741/1741/1741 1704/1704/1704
f 1704/1704/1704 1741/1741/1741 1742/1742/1742
f 1704/1704/1704 1742/1742/1742 1705/1705/1705
f 1705/1705/1705 1742/1742/1742 1743/1743/1743
f 1705/1705/1705 1743/1743/1743 1706/1706/1706
f 1706/1706/1706 1743/1743/1743 1744/1744/1744
f 1706/1706/1706 1744/1744/1744 1707/1707/1707
f 1707/1707/1707 1744/1744/1744 1745/1745/1745
f 1707/1707/1707 1745/1745/1745 1708/1708/1708
f 1708/1708/1708 1745/1745/1745 1746/1746/1746
f 1708/1708/1708 1746/1746/1746 1709/1709/1709
f 1709/1709/1709 1746/1746/1746 1747/1747/1747
f 1709/1709/1709 1747/1747/1747 1710/1710/1710
f 1710/1710/1710 1747/1747/1747 1748/1748/1748
f 1710/1710/1710 1748/1748/1748 1711/1711/1711
f 1711/1711/1711 1748/1748/1748 1749/1749/1749
f 1711/1711/1711 1749/1749/1749 1712/1712/1712
f 1712/1712/1712 1749/1749/1749 1750/1750/1750
f 1712/1712/1712 1750/1750/1750 1713/1713/1713
f 1713/1713/1713 1750/1750/1750 1751/1751/1751
f 1713/1713/1713 1751/1751/1751 1714/1714/1714
f 1714/1714/1714 1751/1751/1751 1752/1752/1752
f 1714/1714/1714 1752/1752/1752 1715/1715/1715
f 1715/1715/1715 1752/1752/1752 1753/1753/1753
f 1715/1715/1715 1753/1753/1753 1716/1716/1716
f 1716/1716/1716 1753/1753/1753 1754/1754/1754
f 1716/1716/1716 1754/1754/1754 1717/1717/1717
f 1717/1717/1717 1754/1754/1754 1755/1755/1755
f 1717/1717/1717 1755/1755/1755 1718/1718/1718
f 1718/1718/1718 1755/1755/1755 1756/1756/1756
f 1718/1718/1718 1756/1756/1756 1719/1719/1719
f 1719/1719/1719 1756/1756/1756 1757/1757/1757
f 1719/1719/1719 1757/1757/1757 1720/1720/1720
f 1720/1720/1720 1757/1757/1757 1758/1758/1758
f 1720/1720/1720 1758/1758/1758 1721/1721/1721
f 1721/1721/1721 1758/1758/1758 1759/1759/1759
f 1721/1721/1721 1759/1759/1759 1722/1722/1722
f 1722/1722/1722 1759/1759/1759 1760/1760/1760
f 1722/1722/1722 1760/1760/1760 1723/1723/1723
f 1723/1723/1723 1760/1760/1760 1761/1761/1761
f 1723/1723/1723 1761/1761/1761 1724/1724/1724
f 1724/1724/1724 1761/1761/1761 1762/1762/1762
f 1724/1724/1724 1762/1762/1762 1725/1725/1725
f 1725/1725/1725 1762/1762/1762 1763/1763/1763
f 1725/1725/1725 1763/1763/1763 1726/1726/1726
f 1726/1726/1726 1763/1763/1763 1764/1764/1764
f 1726/1726/1726 1764/1764/1764 1727/1727/1727
f 1727/1727/1727 1764/1764/1764 1765/1765/1765
f 1727/1727/1727 1765/1765/1765 1728/1728/1728
f 1728/1728/1728 1765/1765/1765 1766/1766/1766
f 1728/1728/1728 1766/1766/1766 1729/1729/1729
f 1729/1729/1729 1766/1766/1766 1767/1767/1767
f 1729/1729/1729 1767/1767/1767 1730/1730/1730
f 1730/1730/1730 1767/1767/1767 1768/1768/1768
f 1730/1730/1730 1768/1768/1768 1731/1731/1731
f 1731/1731/1731 1768/1768/1768 1769/1769/1769
f 1731/1731/1731 1769/1769/1769 1732/1732/1732
f 1732/1732/1732 1769/1769/1769 1770/1770/1770
f 1732/1732/1732 1770/1770/1770 1733/1733/1733
f 1733/1733/1733 1770/1770/1770 1771/1771/1771
f 1733/1733/1733 1771/1771/1771 1734/1734/1734
f 1734/1734/1734 1771/1771/1771 1772/1772/1772
f 1734/1734/1734 1772/1772/1772 1735/1735/1735
f 1735/1735/1735 1772/1772/1772 1773/1773/1773
f 1735/1735/1735 1773/1773/1773 1736/1736/1736
f 1736/1736/1736 1773/1773/1773 1774/1774/1774
f 1736/1736/1736 1774/1774/1774 1737/1737/1737
f 1737/1737/1737 1774/1774/1774 1775/1775/1775
f 1737/1737/1737 1775/1775/1775 1738/1738/1738
f 1738/1738/1738 1775/1775/1775 1776/1776/1776
f 1738/1738/1738 1776/1776/1776 1739/1739/1739
f 1740/1740/1740 1777/1777/1777 1778/1778/1778
f 1740/1740/1740 1778/1778/1778 1741/1741/1741
f 1741/1741/1741 1778/1778/1778 1779/1779/1779
f 1741/1741/1741 1779/1779/1779 1742/1742/1742
f 1742/1742/1742 1779/1779/1779 1780/1780/1780
f 1742/1742/1742 1780/1780/1780 1743/1743/1743
f 1743/1743/1743 1780/1780/1780 1781/1781/1781
f 1743/1743/1743 1781/1781/1781 1744/1744/1744
f 1744/1744/1744 1781/1781/1781 1782/1782/1782
f 1744/1744/1744 1782/1782/1782 1745/1745/1745
f 1745/1745/1745 1782/1782/1782 1783/1783/1783
f 1745/1745/1745 1783/1783/1783 1746/1746/1746
f 1746/1746/1746 1783/1783/1783 1784/1784/1784
f 1746/1746/1746 1784/1784/1784 1747/1747/1747
f 1747/1747/1747 1784/1784/1784 1785/1785/1785
f 1747/1747/1747 1785/1785/1785 1748/1748/1748
f 1748/1748/1748 1785/1785/1785 1786/1786/1786
f 1748/1748/1748 1786/1786/1786 1749/1749/1749
f 1749/1749/1749 1786/1786/1786 1787/1787/1787
f 1749/1749/1749 1787/1787/1787 1750/1750/1750
f 1750/1750/1750 1787/1787/1787 1788/1788/1788
f 1750/1750/1750 1788/1788/1788 1751/1751/1751
f 1751/1751/1751 1788/1788/1788 1789/1789/1789
f 1751/1751/1751 1789/1789/1789 1752/1752/1752
f 1752/1752/1752 1789/1789/1789 1790/1790/1790
f 1752/1752/1752 1790/1790/1790 1753/1753/1753
f 1753/1753/1753 1790/1790/1790 1791/1791/1791
f 1753/1753/1753 1791/1791/1791 1754/1754/1754
f 1754/1754/1754 1791/1791/1791 1792/1792/1792
f 1754/1754/1754 1792/1792/1792 1755/1755/1755
f 1755/1755/1755 1792/1792/1792 1793/1793/1793
f 1755/1755/1755 1793/1793/1793 1756/1756/1756
f 1756/1756/1756 1793/1793/1793 1794/1794/1794
f 1756/1756/1756 1794/1794/1794 1757/1757/1757
f 1757/1757/1757 1794/1794/1794 1795/1795/1795
f 1757/1757/1757 1795/1795/1795 1758/1758/1758
f 1758/1758/1758 1795/1795/1795 1796/1796/1796
f 1758/1758/1758 1796/1796/1796 1759/1759/1759
f 1759/1759/1759 1796/1796/1796 1797/1797/1797
f 1759/1759/1759 1797/1797/1797 1760/1760/1760
f 1760/1760/1760 1797/1797/1797 1798/1798/1798
f 1760/1760/1760 1798/1798/1798 1761/1761/1761
f 1761/1761/1761 1798/1798/1798 1799/1799/1799
f 1761/1761/1761 1799/1799/1799 1762/1762/1762
f 1762/1762/1762 1799/1799/1799 1800/1800/1800
f 1762/1762/1762 1800/1800/1800 1763/1763/1763
f 1763/1763/1763 1800/1800/1800 1801/1801/1801
f 1763/1763/1763 1801/1801/1801 1764/1764/1764
f 1764/1764/1764 1801/1801/1801 1802/1802/1802
f 1764/1764/1764 1802/1802/1802 1765/1765/1765
f 1765/1765/1765 1802/1802/1802 1803/1803/1803
f 1765/1765/1765 1803/1803/1803 1766/1766/1766
f 1766/1766/1766 1803/1803/1803 1804/1804/1804
f 1766/1766/1766 1804/1804/1804 1767/1767/1767
f 1767/1767/1767 1804/1804/1804 1805/1805/1805
f 1767/1767/1767 1805/1805/1805 1768/1768/1768
f 1768/1768/1768 1805/1805/1805 1806/1806/1806
f 1768/1768/1768 1806/1806/1806 1769/1769/1769
f 1769/1769/1769 1806/1806/1806 1807/1807/1807
f 1769/1769/1769 1807/1807/1807 1770/1770/1770
f 1770/1770/1770 1807/1807/1807 1808/1808/1808
f 1770/1770/1770 1808/1808/1808 1771/1771/1771
f 1771/1771/1771 1808/1808/1808 1809/1809/1809
f 1771/1771/1771 1809/1809/1809 1772/1772/1772
f 1772/1772/1772 1809/1809/1809 1810/1810/1810
f 1772/1772/1772 1810/1810/1810 1773/1773/1773
f 1773/1773/1773 1810/1810/1810 1811/1811/1811
f 1773/1773/1773 1811/1811/1811 1774/1774/1774
f 1774/1774/1774 1811/1811/1811 1812/1812/1812
f 1774/1774/1774 1812/1812/1812 1775/1775/1775
f 1775/1775/1775 1812/1812/1812 1813/1813/1813
f 1775/1775/1775 1813/1813/1813 1776/1776/1776
f 1777/1777/1777 1814/1814/1814 1815/1815/1815
f 1777/1777/1777 1815/1815/1815 1778/1778/1778
f 1778/1778/1778 1815/1815/1815 1816/1816/1816
f 1778/1778/1778 1816/1816/1816 1779/1779/1779
f 1779/1779/1779 1816/1816/1816 1817/1817/1817
f 1779/1779/1779 1817/1817/1817 1780/1780/1780
f 1780/1780/1780 1817/1817/1817 1818/1818/1818
f 1780/1780/1780 1818/1818/1818 1781/1781/1781
f 1781/1781/1781 1818/1818/1818 1819/1819/1819
f 1781/1781/1781 1819/1819/1819 1782/1782/1782
f 1782/1782/1782 1819/1819/1819 1820/1820/1820
f 1782/1782/1782 1820/1820/1820 1783/1783/1783
f 1783/1783/1783 1820/1820/1820 1821/1821/1821
f 1783/1783/1783 1821/1821/1821 1784/1784/1784
f 1784/1784/1784 1821/1821/1821 1822/1822/1822
f 1784/1784/1784 1822/1822/1822 1785/1785/1785
f 1785/1785/1785 1822/1822/1822 1823/1823/1823
f 1785/1785/1785 1823/1823/1823 1786/1786/1786
f 1786/1786/1786 1823/1823/1823 1824/1824/1824
f 1786/1786/1786 1824/1824/1824 1787/1787/1787
f 1787/1787/1787 1824/1824/1824 1825/1825/1825
f 1787/1787/1787 1825/1825/1825 1788/1788/1788
f 1788/1788/1788 1825/1825/1825 1826/1826/1826
f 1788/1788/1788 1826/1826/1826 1789/1789/1789
f 1789/1789/1789 1826/1826/1826 1827/1827/1827
f 1789/1789/1789 1827/1827/1827 1790/1790/1790
f 1790/1790/1790 1827/1827/1827 1828/1828/1828
f 1790/1790/1790 1828/1828/1828 1791/1791/1791
f 1791/1791/1791 1828/1828/1828 1829/1829/1829
f 1791/1791/1791 1829/1829/1829 1792/1792/1792
f 1792/1792/1792 1829/1829/1829 1830/1830/1830
f 1792/1792/1792 1830/1830/1830 1793/1793/1793
f 1793/1793/1793 1830/1830/1830 1831/1831/1831
f 1793/1793/1793 1831/1831/1831 1794/1794/1794
f 1794/1794/1794 1831/1831/1831 1832/1832/1832
f 1794/1794/1794 1832/1832/1832 1795/1795/1795
f 1795/1795/1795 1832/1832/1832 1833/1833/1833
f 1795/1795/1795 1833/1833/1833 1796/1796/1796
f 1796/1796/1796 1833/1833/1833 1834/1834/1834
f 1796/1796/1796 1834/1834/1834 1797/1797/1797
f 1797/1797/1797 1834/1834/1834 1835/1835/1835
f 1797/1797/1797 1835/1835/1835 1798/1798/1798
f 1798/1798/1798 1835/1835/1835 1836/1836/1836
f 1798/1798/1798 1836/1836/1836 1799/1799/1799
f 1799/1799/1799 1836/1836/1836 1837/1837/1837
f 1799/1799/1799 1837/1837/1837 1800/1800/1800
f 1800/1800/1800 1837/1837/1837 1838/1838/1838
f 1800/1800/1800 1838/1838/1838 1801/1801/1801
f 1801/1801/1801 1838/1838/1838 1839/1839/1839
f 1801/1801/1801 1839/1839/1839 1802/1802/1802
f 1802/1802/1802 1839/1839/1839 1840/1840/1840
f 1802/1802/1802 1840/1840/1840 1803/1803/1803
f 1803/1803/1803 1840/1840/1840 1841/1841/1841
f 1803/1803/1803 1841/1841/1841 1804/1804/1804
f 1804/1804/1804 1841/1841/1841 1842/1842/1842
f 1804/1804/1804 1842/1842/1842 1805/1805/1805
f 1805/1805/1805 1842/1842/1842 1843/1843/1843
f 1805/1805/1805 1843/1843/1843 1806/1806/1806
f 1806/1806/1806 1843/1843/1843 1844/1844/1844
f 1806/1806/1806 1844/1844/1844 1807/1807/1807
f 1807/1807/1807 1844/1844/1844 1845/1845/1845
f 1807/1807/1807 1845/1845/1845 1808/1808/1808
f 1808/1808/1808 1845/1845/1845 1846/1846/1846
f 1808/1808/1808 1846/1846/1846 1809/1809/1809
f 1809/1809/1809 1846/1846/1846 1847/1847/1847
f 1809/1809/1809 1847/1847/1847 1810/1810/1810
f 1810/1810/1810 1847/1847/1847 1848/1848/1848
f 1810/1810/1810 1848/1848/1848 1811/1811/1811
f 1811/1811/1811 1848/1848/1848 1849/1849/1849
f 1811/1811/1811 1849/1849/1849 1812/1812/1812
f 1812/1812/1812 1849/1849/1849 1850/1850/1850
f 1812/1812/1812 1850/1850/1850 1813/1813/1813
