# Generated sky cornice; visual geometry only.
s 1
v 27.852710 -5.766104 67.082274
v 27.705313 -3.756964 67.196153
v 27.470722 -0.785049 67.377397
v 27.360692 2.454811 67.462406
v 27.586979 5.263261 67.287577
v 28.228471 7.563923 66.791962
v 29.164759 9.663652 66.068590
v 30.308649 11.433755 65.184824
v 31.572949 12.744950 64.208030
v 33.011634 13.539384 63.096505
v 34.645467 13.858867 61.834212
v 36.337428 13.726266 60.527008
v 37.950500 13.168303 59.280753
v 39.545926 12.079823 58.048132
v 41.164188 10.473917 56.797868
v 42.637128 8.561853 55.659879
v 43.796588 6.559858 54.764083
v 44.614543 4.514911 54.132134
v 45.175070 2.338776 53.699073
v 45.478169 0.050325 53.464899
v 45.523842 -2.329819 53.429613
v 45.290289 -4.888602 53.610055
v 44.784777 -7.569511 54.000612
v 44.050902 -10.137733 54.567602
v 43.132260 -12.361429 55.277341
v 41.939583 -14.092452 56.198800
v 40.483251 -15.465515 57.323957
v 38.956334 -16.729425 58.503649
v 37.551903 -18.122042 59.588708
v 36.246083 -19.622774 60.597581
v 34.961023 -21.149247 61.590414
v 33.808828 -22.809576 62.480596
v 32.901605 -24.711875 63.181514
v 32.304748 -27.183063 63.642644
v 31.946633 -30.066115 63.919322
v 31.733841 -32.743235 64.083725
v 31.572949 -34.596626 64.208030
v 24.088142 -6.091049 60.134417
v 23.932463 -3.979675 60.254764
v 23.684693 -0.872605 60.446304
v 23.568482 2.498065 60.536141
v 23.807482 5.396594 60.351382
v 24.485014 7.746288 59.827615
v 25.473904 9.876008 59.063154
v 26.682060 11.654975 58.129189
v 28.017390 12.951935 57.096912
v 29.536904 13.710929 55.922252
v 31.262527 13.980813 54.588258
v 33.049546 13.789695 53.206803
v 34.753243 13.168788 51.889760
v 36.438302 12.008855 50.587125
v 38.147481 10.324312 49.265844
v 39.703174 8.337642 48.063216
v 40.927775 6.275319 47.116538
v 41.791683 4.183900 46.448694
v 42.383701 1.966154 45.991034
v 42.703830 -0.362721 45.743559
v 42.752068 -2.786116 45.706268
v 42.505394 -5.401192 45.896959
v 41.971481 -8.153390 46.309701
v 41.196376 -10.799331 46.908896
v 40.226123 -13.098030 47.658950
v 38.966440 -14.895931 48.632748
v 37.428289 -16.337065 49.821816
v 35.815587 -17.672201 51.068515
v 34.332252 -19.143298 52.215207
v 32.953069 -20.728602 53.281385
v 31.595812 -22.341099 54.330613
v 30.378885 -24.094995 55.271358
v 29.420692 -26.104497 56.012089
v 28.790303 -28.714947 56.499412
v 28.412069 -31.760472 56.791805
v 28.187321 -34.588459 56.965547
v 28.017390 -36.546296 57.096912
v 20.370024 -6.344083 53.150821
v 20.207904 -4.146248 53.276221
v 19.949883 -0.913784 53.475801
v 19.828864 2.591017 53.569409
v 20.077752 5.602195 53.376894
v 20.783315 8.040324 52.831139
v 21.813117 10.248461 52.034584
v 23.071256 12.090985 51.061409
v 24.461831 13.431793 49.985794
v 26.044209 14.213187 48.761819
v 27.841225 14.486588 47.371821
v 29.702175 14.281721 45.932370
v 31.476357 13.631436 44.560035
v 33.231130 12.422165 43.202712
v 35.011021 10.668993 41.825960
v 36.631075 8.603566 40.572843
v 37.906340 6.461546 39.586422
v 38.805989 4.291072 38.890540
v 39.422500 1.990418 38.413666
v 39.755873 -0.425124 38.155801
v 39.806107 -2.938847 38.116945
v 39.549227 -5.652553 38.315642
v 38.993226 -8.510001 38.745711
v 38.186053 -11.258232 39.370062
v 37.175660 -13.646697 40.151605
v 35.863861 -15.515795 41.166286
v 34.262074 -17.015736 42.405273
v 32.582652 -18.406337 43.704312
v 31.037949 -19.938546 44.899145
v 29.601707 -21.589707 46.010083
v 28.188298 -23.269189 47.103359
v 26.921025 -25.095945 48.083599
v 25.923191 -27.188926 48.855428
v 25.266720 -29.907819 49.363209
v 24.872838 -33.079860 49.667879
v 24.638792 -36.025327 49.848914
v 24.461831 -38.064497 49.985794
v 16.782949 -6.393992 46.065950
v 16.619581 -4.169845 46.192390
v 16.359572 -0.885413 46.393626
v 16.237621 2.689463 46.488011
v 16.488426 5.780310 46.293898
v 17.199423 8.303807 45.743617
v 18.237157 10.601838 44.940456
v 19.504987 12.533475 43.959211
v 20.906272 13.957179 42.874676
v 22.500838 14.810571 41.640551
v 24.311695 15.141623 40.239026
v 26.186979 14.977049 38.787638
v 27.974826 14.347509 37.403921
v 29.743115 13.137028 36.035342
v 31.536714 11.360325 34.647173
v 33.169246 9.251436 33.383664
v 34.454333 7.049469 32.389062
v 35.360912 4.805463 31.687409
v 35.982172 2.420193 31.206581
v 36.318112 -0.087042 30.946578
v 36.368733 -2.695151 30.907399
v 36.109875 -5.502373 31.107744
v 35.549591 -8.447808 31.541380
v 34.736201 -11.272673 32.170909
v 33.718026 -13.721233 32.958933
v 32.396123 -15.630216 33.982028
v 30.781999 -17.149599 35.231291
v 29.089642 -18.551139 36.541102
v 27.533041 -20.095402 37.745843
v 26.085736 -21.759553 38.865995
v 24.661441 -23.452248 39.968338
v 23.384408 -25.293375 40.956707
v 22.378887 -27.402821 41.734936
v 21.717361 -30.143103 42.246929
v 21.320445 -33.340099 42.554124
v 21.084597 -36.308738 42.736661
v 20.906272 -38.363950 42.874676
v 13.253121 -6.355130 38.936777
v 13.090772 -4.127008 39.062501
v 12.832386 -0.811083 39.262598
v 12.711196 2.824476 39.356449
v 12.960436 6.005084 39.163435
v 13.666996 8.641578 38.616267
v 14.698254 11.066260 37.817651
v 15.958172 13.130836 36.841957
v 17.350713 14.686170 35.763559
v 18.935329 15.662055 34.536416
v 20.734885 16.098708 33.142821
v 22.598466 16.016388 31.699644
v 24.375157 15.440817 30.323757
v 26.132411 14.253792 28.962921
v 27.914818 12.469003 27.582606
v 29.537162 10.320167 26.326246
v 30.814230 8.048024 25.337271
v 31.715151 5.708188 24.639588
v 32.332534 3.208439 24.161481
v 32.666378 0.575501 23.902949
v 32.716683 -2.161423 23.863992
v 32.459440 -5.091515 24.063203
v 31.902653 -8.146062 24.494385
v 31.094339 -11.060429 25.120352
v 30.082517 -13.574195 25.903917
v 28.768864 -15.520400 26.921224
v 27.164812 -17.045366 28.163419
v 25.483016 -18.438388 29.465819
v 23.936129 -19.973265 30.663744
v 22.497856 -21.627301 31.777558
v 21.082449 -23.309708 32.873664
v 19.813384 -25.139645 33.856441
v 18.814139 -27.236271 34.630267
v 18.156741 -29.959898 35.139363
v 17.762302 -33.137463 35.444820
v 17.527925 -36.088059 35.626324
v 17.350713 -38.130779 35.763559
v 9.780462 -6.227576 31.763282
v 9.621397 -4.021722 31.886536
v 9.368239 -0.706303 32.082699
v 9.249501 2.962065 32.174705
v 9.493698 6.218161 31.985485
v 10.185964 8.966462 31.449074
v 11.196358 11.522971 30.666155
v 12.430786 13.731815 29.709641
v 13.795154 15.435991 28.652441
v 15.347711 16.556175 27.449420
v 17.110860 17.122193 26.083219
v 18.936739 17.145819 24.668411
v 20.677485 16.646161 23.319570
v 22.399187 15.503626 21.985484
v 24.145534 13.730419 20.632303
v 25.735057 11.556986 19.400639
v 26.986288 9.223193 18.431105
v 27.868982 6.789811 17.747136
v 28.473875 4.174685 17.278427
v 28.800964 1.413685 17.024977
v 28.850252 -1.453994 16.986786
v 28.598214 -4.504887 17.182081
v 28.052690 -7.661157 17.604788
v 27.260729 -10.653948 18.218450
v 26.269378 -13.220060 18.986612
v 24.982302 -15.189872 19.983922
v 23.410702 -16.703249 21.201698
v 21.762930 -18.068311 22.478497
v 20.247339 -19.572382 23.652874
v 18.838164 -21.193220 24.744794
v 17.451392 -22.841860 25.819353
v 16.208003 -24.635068 26.782811
v 15.228973 -26.689612 27.541426
v 14.584875 -29.358573 28.040515
v 14.198416 -32.472361 28.339968
v 13.968781 -35.363736 28.517904
v 13.795154 -37.365457 28.652441
v 6.359753 -6.019382 24.549436
v 6.206031 -3.864212 24.668619
v 5.961376 -0.591801 24.858304
v 5.846626 3.062566 24.947272
v 6.082621 6.352894 24.764301
v 6.751634 9.178490 24.245603
v 7.728090 11.834898 23.488539
v 8.921055 14.160619 22.563611
v 10.239596 15.992745 21.541323
v 11.740004 17.243790 20.378030
v 13.443930 17.932743 19.056945
v 15.208479 18.062690 17.688858
v 16.890755 17.645835 16.384559
v 18.554627 16.562719 15.094529
v 20.242316 14.823898 13.786034
v 21.778448 12.653569 12.595043
v 22.987651 10.287647 11.657526
v 23.840697 7.791312 10.996144
v 24.425271 5.093594 10.542913
v 24.741375 2.239104 10.297832
v 24.789007 -0.723407 10.260902
v 24.545434 -3.856767 10.449749
v 24.018234 -7.074954 10.858496
v 23.252875 -10.108308 11.451893
v 22.294822 -12.694207 12.194689
v 21.050977 -14.662527 13.159064
v 19.532166 -16.144843 14.336626
v 17.939741 -17.464270 15.571261
v 16.475057 -18.918058 16.706857
v 15.113215 -20.484710 17.762718
v 13.773024 -22.078234 18.801793
v 12.571398 -23.811494 19.733434
v 11.625254 -25.797352 20.466998
v 11.002790 -28.377087 20.949605
v 10.629312 -31.386779 21.239169
v 10.407390 -34.181492 21.411229
v 10.239596 -36.116293 21.541323
v 2.981109 -5.745847 17.302834
v 2.834397 -3.669093 17.416649
v 2.600898 -0.487971 17.597791
v 2.491380 3.092290 17.682751
v 2.716614 6.354218 17.508021
v 3.355121 9.194614 17.012685
v 4.287052 11.887217 16.289719
v 5.425620 14.268692 15.406450
v 6.684037 16.174095 14.430206
v 8.116028 17.510762 13.319307
v 9.742258 18.288487 12.057723
v 11.426346 18.503196 10.751254
v 13.031913 18.161235 9.505701
v 14.619915 17.145303 8.273773
v 16.230647 15.464426 7.024212
v 17.696734 13.333844 5.886863
v 18.850799 10.982195 4.991571
v 19.664947 8.477150 4.359978
v 20.222866 5.758105 3.927160
v 20.524555 2.876061 3.693117
v 20.570015 -0.113253 3.657851
v 20.337549 -3.260368 3.838192
v 19.834389 -6.474041 4.228529
v 19.103929 -9.488580 4.795200
v 18.189562 -12.046337 5.504540
v 17.002435 -13.979692 6.425480
v 15.552879 -15.411182 7.550005
v 14.033067 -16.670651 8.729033
v 12.635170 -18.058376 9.813482
v 11.335426 -19.553835 10.821787
v 10.056346 -21.074945 11.814062
v 8.909513 -22.729441 12.703743
v 8.006511 -24.625058 13.404267
v 7.412431 -27.087564 13.865138
v 7.055983 -29.960487 14.141660
v 6.844180 -32.628202 14.305971
v 6.684037 -34.475081 14.430206
v -0.369126 -5.428133 10.034020
v -0.507703 -3.453266 10.141587
v -0.728255 -0.409961 10.312785
v -0.831700 3.033320 10.393082
v -0.618955 6.195213 10.227944
v -0.015852 8.973527 9.759800
v 0.864404 11.621311 9.076522
v 1.939839 13.978177 8.241741
v 3.128478 15.882040 7.319088
v 4.481067 17.239289 6.269173
v 6.017124 18.053652 5.076845
v 7.607831 18.316621 3.842096
v 9.124370 18.030678 2.664919
v 10.624319 17.082837 1.500619
v 12.145737 15.480927 0.319654
v 13.530531 13.429105 -0.755259
v 14.620604 11.145650 -1.601403
v 15.389608 8.698105 -2.198324
v 15.916591 6.033958 -2.607382
v 16.201552 3.206968 -2.828576
v 16.244491 0.275883 -2.861907
v 16.024915 -2.800773 -2.691466
v 15.549655 -5.930747 -2.322556
v 14.859698 -8.857543 -1.786994
v 13.996032 -11.333141 -1.116593
v 12.874730 -13.195726 -0.246209
v 11.505551 -14.559028 0.816584
v 10.070011 -15.748855 1.930887
v 8.749627 -17.059846 2.955805
v 7.521952 -18.472614 3.908758
v 6.313795 -19.909616 4.846561
v 5.230553 -21.472627 5.687402
v 4.377622 -23.263426 6.349469
v 3.816483 -25.589769 6.785040
v 3.479800 -28.303835 7.046383
v 3.279741 -30.824040 7.201673
v 3.128478 -32.568797 7.319088
v -3.707144 -5.091352 2.755532
v -3.837102 -3.234055 2.856467
v -4.043936 -0.364984 3.017112
v -4.140947 2.888022 3.092458
v -3.941434 5.884506 2.937500
v -3.375843 8.526816 2.498217
v -2.550336 11.050179 1.857061
v -1.541790 13.301823 1.073743
v -0.427081 15.127324 0.207970
v 0.841381 16.436553 -0.777220
v 2.281900 17.230891 -1.896043
v 3.773669 17.500575 -3.054671
v 5.195884 17.246584 -4.159278
v 6.602541 16.362114 -5.251801
v 8.029331 14.854240 -6.359962
v 9.327995 12.914765 -7.368608
v 10.350269 10.749300 -8.162589
v 11.071444 8.422583 -8.722711
v 11.565649 5.887173 -9.106551
v 11.832887 3.195632 -9.314109
v 11.873155 0.405399 -9.345385
v 11.667236 -2.520031 -9.185452
v 11.221536 -5.491811 -8.839285
v 10.574492 -8.267251 -8.336738
v 9.764543 -10.611954 -7.707667
v 8.712983 -12.372816 -6.890940
v 7.428963 -13.655734 -5.893667
v 6.082709 -14.771740 -4.848058
v 4.844449 -16.001392 -3.886325
v 3.693132 -17.326508 -2.992119
v 2.560119 -18.674352 -2.112130
v 1.544251 -20.140389 -1.323126
v 0.744370 -21.820080 -0.701873
v 0.218132 -24.002088 -0.293154
v -0.097610 -26.547764 -0.047923
v -0.285226 -28.911607 0.097794
v -0.427081 -30.548113 0.207970
v -7.050208 -4.762294 -4.519233
v -7.171746 -3.027840 -4.424781
v -7.365181 -0.352449 -4.274456
v -7.455907 2.677100 -4.203950
v -7.269319 5.462516 -4.348953
v -6.740369 7.913477 -4.760019
v -5.968342 10.251207 -5.359989
v -5.025134 12.334130 -6.092989
v -3.982640 14.019156 -6.903147
v -2.796354 15.223299 -7.825052
v -1.449158 15.949045 -8.872005
v -0.054031 16.188272 -9.956208
v 1.276047 15.942658 -10.989858
v 2.591575 15.112771 -12.012201
v 3.925933 13.705379 -13.049177
v 5.140464 11.899714 -13.993032
v 6.096511 9.887601 -14.736009
v 6.770965 7.728812 -15.260151
v 7.233154 5.377946 -15.619335
v 7.483079 2.882958 -15.813560
v 7.520739 0.296254 -15.842827
v 7.328160 -2.417668 -15.693167
v 6.911334 -5.177016 -15.369237
v 6.306208 -7.755975 -14.898972
v 5.548731 -9.936298 -14.310310
v 4.565295 -11.575526 -13.546048
v 3.364458 -12.773152 -12.612836
v 2.105421 -13.817030 -11.634393
v 0.947380 -14.967208 -10.734439
v -0.129350 -16.206680 -9.897674
v -1.188962 -17.467413 -9.074212
v -2.139018 -18.838698 -8.335891
v -2.887080 -20.409830 -7.754546
v -3.379226 -22.450813 -7.372082
v -3.674514 -24.831959 -7.142603
v -3.849974 -27.043024 -7.006246
v -3.982640 -28.573762 -6.903147
v -10.415085 -4.466999 -11.777228
v -10.529069 -2.849161 -11.688595
v -10.710480 -0.366335 -11.547532
v -10.795566 2.432643 -11.481370
v -10.620577 4.989077 -11.617439
v -10.124507 7.221539 -12.003179
v -9.400469 9.341423 -12.566183
v -8.515891 11.220194 -13.254022
v -7.538199 12.728020 -14.014265
v -6.425653 13.791314 -14.879369
v -5.162199 14.416276 -15.861818
v -3.853794 14.598551 -16.879221
v -2.606394 14.342175 -17.849186
v -1.372640 13.555400 -18.808541
v -0.121226 12.245066 -19.781627
v 1.017809 10.578716 -20.667329
v 1.914428 8.734682 -21.364531
v 2.546957 6.766497 -21.856379
v 2.980417 4.628256 -22.193433
v 3.214806 2.361034 -22.375691
v 3.250125 0.009712 -22.403155
v 3.069517 -2.463393 -22.262716
v 2.678601 -4.985803 -21.958744
v 2.111090 -7.349555 -21.517453
v 1.400698 -9.353168 -20.965060
v 0.478393 -10.865444 -20.247884
v -0.647799 -11.981128 -19.372169
v -1.828575 -12.960278 -18.454010
v -2.914631 -14.039138 -17.609504
v -3.924431 -15.201754 -16.824294
v -4.918177 -16.384312 -16.051567
v -5.809177 -17.670569 -15.358735
v -6.510739 -19.144279 -14.813207
v -6.972293 -21.058707 -14.454307
v -7.249226 -23.292207 -14.238968
v -7.413780 -25.366170 -14.111012
v -7.538199 -26.801991 -14.014265
v -13.816536 -4.228404 -19.006940
v -13.924414 -2.710074 -18.923006
v -14.096107 -0.398380 -18.789422
v -14.176635 2.189409 -18.726767
v -14.011020 4.528046 -18.855623
v -13.541523 6.545201 -19.220912
v -12.856270 8.446597 -19.754070
v -12.019077 10.116717 -20.405443
v -11.093758 11.438999 -21.125383
v -10.040808 12.349924 -21.944624
v -8.845035 12.860952 -22.874989
v -7.606718 12.972669 -23.838455
v -6.426138 12.692452 -24.756999
v -5.258473 11.935651 -25.665494
v -4.074095 10.709441 -26.586993
v -2.996076 9.171592 -27.425740
v -2.147487 7.488601 -28.085980
v -1.548840 5.707485 -28.551754
v -1.138600 3.779998 -28.870939
v -0.916767 1.739376 -29.043535
v -0.883340 -0.378065 -29.069543
v -1.054273 -2.614330 -28.936549
v -1.424249 -4.906935 -28.648691
v -1.961359 -7.064584 -28.230795
v -2.633697 -8.901228 -27.707687
v -3.506597 -10.296182 -27.028532
v -4.572461 -11.341183 -26.199242
v -5.689985 -12.268034 -25.329759
v -6.717864 -13.289269 -24.530023
v -7.673572 -14.389787 -23.786440
v -8.614085 -15.509181 -23.054679
v -9.457356 -16.726735 -22.398576
v -10.121337 -18.121731 -21.881970
v -10.558166 -19.933904 -21.542097
v -10.820264 -22.048106 -21.338173
v -10.976004 -24.011293 -21.217001
v -11.093758 -25.370423 -21.125383
v -17.265974 -4.064267 -26.199434
v -17.369647 -2.619510 -26.118724
v -17.534649 -0.440599 -25.990271
v -17.612039 1.977793 -25.930023
v -17.452878 4.134839 -26.053929
v -17.001680 5.966328 -26.405187
v -16.343135 7.676275 -26.917864
v -15.538571 9.160525 -27.544216
v -14.649316 10.314119 -28.236501
v -13.637406 11.082866 -29.024272
v -12.488238 11.484027 -29.918899
v -11.298184 11.523430 -30.845355
v -10.163618 11.212142 -31.728615
v -9.041463 10.471248 -32.602212
v -7.903246 9.308436 -33.488313
v -6.867242 7.874426 -34.294841
v -6.051727 6.326672 -34.929719
v -5.476413 4.706276 -35.377601
v -5.082162 2.961511 -35.684525
v -4.868975 1.118014 -35.850492
v -4.836850 -0.796205 -35.875500
v -5.001122 -2.828595 -35.747615
v -5.356677 -4.925945 -35.470815
v -5.872854 -6.910599 -35.068972
v -6.518987 -8.608946 -34.565957
v -7.357866 -9.908904 -33.912891
v -8.382188 -10.900945 -33.115457
v -9.456156 -11.791817 -32.279373
v -10.443974 -12.773411 -31.510358
v -11.362432 -13.831209 -30.795338
v -12.266289 -14.907151 -30.091686
v -13.076694 -16.077442 -29.460787
v -13.714796 -17.418287 -28.964024
v -14.134600 -19.160116 -28.637207
v -14.386483 -21.192249 -28.441117
v -14.536152 -23.079230 -28.324599
v -14.649316 -24.385602 -28.236501
v -20.770440 -3.985560 -33.349160
v -20.872089 -2.582530 -33.269980
v -21.033868 -0.486257 -33.143961
v -21.109747 1.820531 -33.084855
v -20.953694 3.850493 -33.206413
v -20.511306 5.545649 -33.551013
v -19.865620 7.111963 -34.053973
v -19.076766 8.453758 -34.668455
v -18.204875 9.474758 -35.347618
v -17.212723 10.128267 -36.120460
v -16.085994 10.437081 -36.998131
v -14.919177 10.411859 -37.907028
v -13.806765 10.067190 -38.773547
v -12.706521 9.327990 -39.630586
v -11.590529 8.202539 -40.499893
v -10.574755 6.837770 -41.291135
v -9.775163 5.385663 -41.913981
v -9.211083 3.882683 -42.353374
v -8.824530 2.273076 -42.654481
v -8.615505 0.576052 -42.817302
v -8.584009 -1.187396 -42.841836
v -8.745072 -3.070449 -42.716375
v -9.093685 -5.027355 -42.444821
v -9.599783 -6.889737 -42.050594
v -10.233300 -8.492249 -41.557113
v -11.055798 -9.728659 -40.916425
v -12.060119 -10.689842 -40.134104
v -13.113117 -11.563463 -39.313866
v -14.081647 -12.526047 -38.559426
v -14.982171 -13.563360 -37.857958
v -15.868379 -14.618466 -37.167643
v -16.662960 -15.766094 -36.548701
v -17.288602 -17.080973 -36.061353
v -17.700209 -18.789070 -35.740730
v -17.947173 -20.781850 -35.548356
v -18.093920 -22.632289 -35.434047
v -18.204875 -23.913362 -35.347618
v -24.331963 -3.995481 -40.454461
v -24.433848 -2.599596 -40.375051
v -24.596004 -0.529397 -40.248665
v -24.672059 1.733017 -40.189387
v -24.515644 3.702023 -40.311299
v -24.072227 5.323356 -40.656902
v -23.425040 6.808054 -41.161326
v -22.634352 8.065207 -41.777596
v -21.760434 9.003440 -42.458736
v -20.765976 9.580930 -43.233827
v -19.636627 9.825070 -44.114052
v -18.467098 9.750374 -45.025595
v -17.352099 9.374354 -45.894636
v -16.249297 8.623524 -46.754170
v -15.130711 7.506756 -47.626007
v -14.112575 6.170677 -48.419552
v -13.311125 4.765770 -49.044211
v -12.745733 3.325619 -49.484883
v -12.358281 1.790439 -49.786866
v -12.148771 0.174901 -49.950161
v -12.117201 -1.504961 -49.974767
v -12.278639 -3.307606 -49.848940
v -12.628062 -5.192142 -49.576596
v -13.135337 -6.994292 -49.181222
v -13.770326 -8.552088 -48.686304
v -14.594737 -9.761884 -48.043751
v -15.601393 -10.716449 -47.259153
v -16.656839 -11.592245 -46.436528
v -17.627620 -12.557224 -45.679892
v -18.530238 -13.597120 -44.976383
v -19.418506 -14.654852 -44.284058
v -20.214934 -15.805336 -43.663314
v -20.842031 -17.123488 -43.174548
v -21.254595 -18.835837 -42.852992
v -21.502133 -20.833577 -42.660058
v -21.649221 -22.688621 -42.545416
v -21.760434 -23.972883 -42.458736
v -27.947386 -4.089163 -47.517722
v -28.051643 -2.666140 -47.436416
v -28.217573 -0.563847 -47.307012
v -28.295399 1.725272 -47.246319
v -28.135342 3.705751 -47.371141
v -27.681603 5.324081 -47.724997
v -27.019350 6.798646 -48.241465
v -26.210255 8.039032 -48.872450
v -25.315993 8.954425 -49.569854
v -24.298384 9.504646 -50.363451
v -23.142745 9.720115 -51.264694
v -21.945990 9.617696 -52.198002
v -20.805034 9.216832 -53.087793
v -19.676560 8.443252 -53.967851
v -18.531934 7.306335 -54.860505
v -17.490096 5.955795 -55.672998
v -16.669989 4.544654 -56.312571
v -16.091435 3.105725 -56.763765
v -15.694964 1.575774 -57.072959
v -15.480576 -0.032595 -57.240153
v -15.448271 -1.705606 -57.265347
v -15.613467 -3.505791 -57.136516
v -15.971025 -5.393918 -56.857669
v -16.490109 -7.204227 -56.452854
v -17.139880 -8.772950 -55.946119
v -17.983483 -9.995508 -55.288223
v -19.013573 -10.967718 -54.484892
v -20.093589 -11.864048 -53.642625
v -21.086969 -12.851654 -52.867922
v -22.010600 -13.915932 -52.147615
v -22.919546 -14.998464 -51.438759
v -23.734514 -16.175924 -50.803194
v -24.376210 -17.524983 -50.302758
v -24.798378 -19.277481 -49.973524
v -25.051679 -21.322062 -49.775983
v -25.202191 -23.220602 -49.658604
v -25.315993 -24.534976 -49.569854
v -31.605482 -4.249202 -54.547629
v -31.713802 -2.769546 -54.463105
v -31.886198 -0.582211 -54.328580
v -31.967057 1.800926 -54.265485
v -31.800763 3.864746 -54.395247
v -31.329343 5.553306 -54.763106
v -30.641284 7.093136 -55.300013
v -29.800661 8.389838 -55.955968
v -28.871552 9.348593 -56.680971
v -27.814290 9.927207 -57.505975
v -26.613618 10.156889 -58.442884
v -25.370229 10.054827 -59.413126
v -24.184814 9.640968 -60.338130
v -23.012367 8.837976 -61.253015
v -21.823138 7.655549 -62.180995
v -20.740703 6.249317 -63.025642
v -19.888638 4.778460 -63.690525
v -19.287539 3.277335 -64.159575
v -18.875619 1.680577 -64.481005
v -18.652877 0.001690 -64.654815
v -18.619313 -1.744569 -64.681006
v -18.790947 -3.622726 -64.547077
v -19.162438 -5.591571 -64.257194
v -19.701748 -7.478461 -63.836359
v -20.376840 -9.112882 -63.309571
v -21.253315 -10.385910 -62.625640
v -22.323545 -11.396966 -61.790517
v -23.445646 -12.328376 -60.914918
v -24.477735 -13.354634 -60.109558
v -25.437357 -14.460565 -59.360745
v -26.381722 -15.585465 -58.623837
v -27.228447 -16.809007 -57.963120
v -27.895148 -18.210865 -57.442879
v -28.333767 -20.031951 -57.100616
v -28.596938 -22.156552 -56.895258
v -28.753315 -24.129396 -56.773234
v -28.871552 -25.495211 -56.680971
v -35.303536 -4.471407 -61.546244
v -35.417502 -2.906156 -61.457262
v -35.598883 -0.580263 -61.315644
v -35.683956 1.966215 -61.249221
v -35.508995 4.188958 -61.385827
v -35.013004 6.026114 -61.773084
v -34.289082 7.712533 -62.338305
v -33.404646 9.145020 -63.028853
v -32.427111 10.219820 -63.792089
v -31.314743 10.888680 -64.660599
v -30.051492 11.180933 -65.646916
v -28.743296 11.111709 -66.668325
v -27.496096 10.699766 -67.642109
v -26.262539 9.862348 -68.605241
v -25.011327 8.609215 -69.582158
v -23.872474 7.104656 -70.471348
v -22.975999 5.517624 -71.171294
v -22.343570 3.886568 -71.665079
v -21.910180 2.145713 -72.003460
v -21.675829 0.312813 -72.186436
v -21.640516 -1.592733 -72.214008
v -21.821095 -3.634849 -72.073016
v -22.211948 -5.766327 -71.767847
v -22.779368 -7.802006 -71.324819
v -23.489646 -9.559525 -70.770250
v -24.411804 -10.922062 -70.050252
v -25.537815 -11.992952 -69.171089
v -26.718402 -12.973068 -68.249314
v -27.804284 -14.052993 -67.401483
v -28.813922 -15.216756 -66.613181
v -29.807509 -16.400482 -65.837412
v -30.698366 -17.688007 -65.141852
v -31.399816 -19.163172 -64.594177
v -31.861296 -21.079489 -64.233864
v -32.138184 -23.315193 -64.017676
v -32.302712 -25.391203 -63.889217
v -32.427111 -26.828441 -63.792089
vt 0.09222509 1.06928157
vt 0.09222509 1.06534127
vt 0.09222509 1.05950901
vt 0.09222509 1.05317555
vt 0.09222509 1.04766299
vt 0.09222509 1.04290853
vt 0.09222509 1.03822239
vt 0.09222509 1.03379220
vt 0.09222509 1.02980056
vt 0.09222509 1.02598652
vt 0.09222509 1.02198086
vt 0.09222509 1.01787516
vt 0.09222509 1.01381952
vt 0.09222509 1.00940952
vt 0.09222509 1.00438988
vt 0.09222509 0.99922550
vt 0.09222509 0.99441159
vt 0.09222509 0.98995331
vt 0.09222509 0.98549153
vt 0.09222509 0.98096202
vt 0.09222509 0.97631199
vt 0.09222509 0.97128246
vt 0.09222509 0.96590510
vt 0.09222509 0.96058349
vt 0.09222509 0.95570369
vt 0.09222509 0.95125698
vt 0.09222509 0.94682631
vt 0.09222509 0.94238021
vt 0.09222509 0.93802517
vt 0.09222509 0.93371331
vt 0.09222509 0.92940356
vt 0.09222509 0.92512548
vt 0.09222509 0.92080905
vt 0.09222509 0.91577072
vt 0.09222509 0.91007336
vt 0.09222509 0.90481928
vt 0.09222509 0.90117847
vt 0.10775334 1.07268769
vt 0.10775334 1.06854671
vt 0.10775334 1.06244861
vt 0.10775334 1.05585925
vt 0.10775334 1.05016854
vt 0.10775334 1.04529470
vt 0.10775334 1.04049474
vt 0.10775334 1.03595206
vt 0.10775334 1.03184378
vt 0.10775334 1.02787595
vt 0.10775334 1.02366311
vt 0.10775334 1.01931860
vt 0.10775334 1.01501747
vt 0.10775334 1.01034939
vt 0.10775334 1.00506132
vt 0.10775334 0.99965254
vt 0.10775334 0.99465026
vt 0.10775334 0.99006068
vt 0.10775334 0.98549795
vt 0.10775334 0.98088375
vt 0.10775334 0.97614912
vt 0.10775334 0.97100672
vt 0.10775334 0.96547796
vt 0.10775334 0.95997964
vt 0.10775334 0.95491211
vt 0.10775334 0.95026019
vt 0.10775334 0.94559081
vt 0.10775334 0.94089415
vt 0.10775334 0.93629369
vt 0.10775334 0.93173884
vt 0.10775334 0.92718622
vt 0.10775334 0.92266705
vt 0.10775334 0.91810737
vt 0.10775334 0.91278511
vt 0.10775334 0.90676668
vt 0.10775334 0.90121650
vt 0.10775334 0.89737052
vt 0.12328159 1.07674994
vt 0.12328159 1.07243936
vt 0.12328159 1.06609509
vt 0.12328159 1.05924350
vt 0.12328159 1.05333147
vt 0.12328159 1.04827202
vt 0.12328159 1.04328968
vt 0.12328159 1.03857372
vt 0.12328159 1.03430683
vt 0.12328159 1.03018080
vt 0.12328159 1.02579480
vt 0.12328159 1.02126882
vt 0.12328159 1.01678704
vt 0.12328159 1.01192395
vt 0.12328159 1.00641784
vt 0.12328159 1.00078965
vt 0.12328159 0.99558896
vt 0.12328159 0.99082232
vt 0.12328159 0.98608714
vt 0.12328159 0.98130066
vt 0.12328159 0.97638954
vt 0.12328159 0.97105292
vt 0.12328159 0.96531173
vt 0.12328159 0.95959901
vt 0.12328159 0.95433086
vt 0.12328159 0.94949084
vt 0.12328159 0.94462874
vt 0.12328159 0.93973697
vt 0.12328159 0.93494540
vt 0.12328159 0.93020133
vt 0.12328159 0.92545958
vt 0.12328159 0.92075268
vt 0.12328159 0.91600358
vt 0.12328159 0.91046022
vt 0.12328159 0.90419178
vt 0.12328159 0.89841104
vt 0.12328159 0.89440528
vt 0.13880984 1.07944977
vt 0.13880984 1.07508774
vt 0.13880984 1.06864197
vt 0.13880984 1.06165354
vt 0.13880984 1.05558622
vt 0.13880984 1.05036512
vt 0.13880984 1.04522048
vt 0.13880984 1.04035530
vt 0.13880984 1.03596670
vt 0.13880984 1.03175894
vt 0.13880984 1.02732394
vt 0.13880984 1.02276886
vt 0.13880984 1.01826587
vt 0.13880984 1.01337238
vt 0.13880984 1.00781110
vt 0.13880984 1.00210042
vt 0.13880984 0.99679087
vt 0.13880984 0.99188840
vt 0.13880984 0.98699252
vt 0.13880984 0.98202839
vt 0.13880984 0.97693295
vt 0.13880984 0.97141434
vt 0.13880984 0.96550353
vt 0.13880984 0.95964479
vt 0.13880984 0.95426364
vt 0.13880984 0.94934834
vt 0.13880984 0.94443897
vt 0.13880984 0.93950872
vt 0.13880984 0.93467946
vt 0.13880984 0.92989807
vt 0.13880984 0.92511902
vt 0.13880984 0.92037509
vt 0.13880984 0.91558863
vt 0.13880984 0.91000166
vt 0.13880984 0.90368390
vt 0.13880984 0.89785768
vt 0.13880984 0.89382041
vt 0.15433809 1.08241045
vt 0.15433809 1.07804090
vt 0.15433809 1.07153429
vt 0.15433809 1.06442751
vt 0.15433809 1.05818610
vt 0.15433809 1.05275948
vt 0.15433809 1.04740482
vt 0.15433809 1.04234694
vt 0.15433809 1.03780645
vt 0.15433809 1.03351937
vt 0.15433809 1.02907581
vt 0.15433809 1.02455684
vt 0.15433809 1.02010696
vt 0.15433809 1.01525832
vt 0.15433809 1.00970776
vt 0.15433809 1.00395701
vt 0.15433809 0.99854670
vt 0.15433809 0.99348198
vt 0.15433809 0.98837556
vt 0.15433809 0.98316985
vt 0.15433809 0.97782291
vt 0.15433809 0.97206622
vt 0.15433809 0.96594963
vt 0.15433809 0.95992989
vt 0.15433809 0.95444195
vt 0.15433809 0.94948380
vt 0.15433809 0.94458673
vt 0.15433809 0.93968645
vt 0.15433809 0.93488653
vt 0.15433809 0.93013420
vt 0.15433809 0.92538420
vt 0.15433809 0.92066910
vt 0.15433809 0.91591173
vt 0.15433809 0.91035872
vt 0.15433809 0.90407936
vt 0.15433809 0.89828856
vt 0.15433809 0.89427582
vt 0.16986634 1.08487693
vt 0.16986634 1.08055141
vt 0.16986634 1.07404698
vt 0.16986634 1.06687642
vt 0.16986634 1.06048937
vt 0.16986634 1.05486547
vt 0.16986634 1.04930407
vt 0.16986634 1.04405397
vt 0.16986634 1.03936204
vt 0.16986634 1.03500924
vt 0.16986634 1.03059514
vt 0.16986634 1.02616944
vt 0.16986634 1.02183892
vt 0.16986634 1.01710677
vt 0.16986634 1.01163775
vt 0.16986634 1.00590517
vt 0.16986634 1.00043031
vt 0.16986634 0.99521828
vt 0.16986634 0.98990436
vt 0.16986634 0.98445382
vt 0.16986634 0.97885161
vt 0.16986634 0.97286160
vt 0.16986634 0.96655681
vt 0.16986634 0.96040441
vt 0.16986634 0.95484628
vt 0.16986634 0.94989318
vt 0.16986634 0.94507171
vt 0.16986634 0.94026978
vt 0.16986634 0.93556621
vt 0.16986634 0.93090926
vt 0.16986634 0.92625459
vt 0.16986634 0.92163413
vt 0.16986634 0.91697225
vt 0.16986634 0.91153069
vt 0.16986634 0.90537736
vt 0.16986634 0.89970279
vt 0.16986634 0.89577059
vt 0.18539459 1.08596248
vt 0.18539459 1.08173670
vt 0.18539459 1.07531781
vt 0.18539459 1.06817496
vt 0.18539459 1.06172312
vt 0.18539459 1.05597102
vt 0.18539459 1.05026826
vt 0.18539459 1.04488340
vt 0.18539459 1.04008535
vt 0.18539459 1.03570361
vt 0.18539459 1.03135940
vt 0.18539459 1.02707436
vt 0.18539459 1.02291581
vt 0.18539459 1.01836125
vt 0.18539459 1.01304415
vt 0.18539459 1.00740188
vt 0.18539459 1.00192963
vt 0.18539459 0.99663357
vt 0.18539459 0.99117736
vt 0.18539459 0.98554977
vt 0.18539459 0.97976246
vt 0.18539459 0.97361420
vt 0.18539459 0.96720007
vt 0.18539459 0.96099183
vt 0.18539459 0.95543286
vt 0.18539459 0.95054706
vt 0.18539459 0.94586330
vt 0.18539459 0.94122190
vt 0.18539459 0.93667557
vt 0.18539459 0.93217431
vt 0.18539459 0.92767526
vt 0.18539459 0.92320926
vt 0.18539459 0.91870323
vt 0.18539459 0.91344359
vt 0.18539459 0.90749597
vt 0.18539459 0.90201110
vt 0.18539459 0.89821037
vt 0.20092284 1.08490964
vt 0.20092284 1.08083791
vt 0.20092284 1.07459904
vt 0.20092284 1.06760130
vt 0.20092284 1.06120699
vt 0.20092284 1.05544739
vt 0.20092284 1.04972355
vt 0.20092284 1.04431475
vt 0.20092284 1.03950242
vt 0.20092284 1.03515848
vt 0.20092284 1.03093314
vt 0.20092284 1.02682853
vt 0.20092284 1.02287889
vt 0.20092284 1.01854749
vt 0.20092284 1.01344563
vt 0.20092284 1.00797284
vt 0.20092284 1.00259460
vt 0.20092284 0.99731875
vt 0.20092284 0.99183855
vt 0.20092284 0.98616223
vt 0.20092284 0.98032268
vt 0.20092284 0.97415019
vt 0.20092284 0.96775603
vt 0.20092284 0.96160766
vt 0.20092284 0.95614223
vt 0.20092284 0.95139428
vt 0.20092284 0.94690333
vt 0.20092284 0.94247285
vt 0.20092284 0.93813311
vt 0.20092284 0.93383640
vt 0.20092284 0.92954179
vt 0.20092284 0.92527874
vt 0.20092284 0.92097748
vt 0.20092284 0.91595685
vt 0.20092284 0.91027950
vt 0.20092284 0.90504388
vt 0.20092284 0.90141586
vt 0.21645109 1.08135434
vt 0.21645109 1.07748257
vt 0.21645109 1.07151460
vt 0.21645109 1.06478477
vt 0.21645109 1.05858768
vt 0.21645109 1.05296767
vt 0.21645109 1.04737300
vt 0.21645109 1.04208236
vt 0.21645109 1.03737756
vt 0.21645109 1.03316031
vt 0.21645109 1.02911010
vt 0.21645109 1.02521869
vt 0.21645109 1.02149902
vt 0.21645109 1.01741773
vt 0.21645109 1.01258036
vt 0.21645109 1.00735196
vt 0.21645109 1.00216758
vt 0.21645109 0.99703637
vt 0.21645109 0.99167834
vt 0.21645109 0.98611380
vt 0.21645109 0.98038808
vt 0.21645109 0.97435544
vt 0.21645109 0.96813453
vt 0.21645109 0.96217831
vt 0.21645109 0.95690907
vt 0.21645109 0.95236733
vt 0.21645109 0.94811133
vt 0.21645109 0.94392583
vt 0.21645109 0.93982606
vt 0.21645109 0.93576693
vt 0.21645109 0.93170979
vt 0.21645109 0.92768247
vt 0.21645109 0.92361904
vt 0.21645109 0.91887602
vt 0.21645109 0.91351260
vt 0.21645109 0.90856648
vt 0.21645109 0.90513907
vt 0.23197934 1.07547321
vt 0.23197934 1.07183201
vt 0.23197934 1.06620595
vt 0.23197934 1.05984807
vt 0.23197934 1.05397559
vt 0.23197934 1.04863563
vt 0.23197934 1.04331604
vt 0.23197934 1.03828381
vt 0.23197934 1.03380928
vt 0.23197934 1.02980888
vt 0.23197934 1.02598617
vt 0.23197934 1.02232999
vt 0.23197934 1.01884516
vt 0.23197934 1.01502113
vt 0.23197934 1.01047711
vt 0.23197934 1.00555068
vt 0.23197934 1.00064810
vt 0.23197934 0.99577875
vt 0.23197934 0.99068378
vt 0.23197934 0.98538706
vt 0.23197934 0.97993651
vt 0.23197934 0.97420100
vt 0.23197934 0.96829694
vt 0.23197934 0.96265358
vt 0.23197934 0.95767054
vt 0.23197934 0.95338890
vt 0.23197934 0.94939183
vt 0.23197934 0.94546601
vt 0.23197934 0.94162061
vt 0.23197934 0.93781332
vt 0.23197934 0.93400790
vt 0.23197934 0.93023044
vt 0.23197934 0.92641912
vt 0.23197934 0.92197038
vt 0.23197934 0.91693973
vt 0.23197934 0.91230048
vt 0.23197934 0.90908572
vt 0.24750759 1.06794997
vt 0.24750759 1.06454956
vt 0.24750759 1.05930316
vt 0.24750759 1.05338198
vt 0.24750759 1.04792292
vt 0.24750759 1.04296692
vt 0.24750759 1.03803190
vt 0.24750759 1.03336445
vt 0.24750759 1.02921403
vt 0.24750759 1.02549761
vt 0.24750759 1.02193550
vt 0.24750759 1.01851920
vt 0.24750759 1.01525733
vt 0.24750759 1.01167816
vt 0.24750759 1.00743166
vt 0.24750759 1.00283632
vt 0.24750759 0.99827316
vt 0.24750759 0.99375049
vt 0.24750759 0.98902406
vt 0.24750759 0.98411347
vt 0.24750759 0.97906049
vt 0.24750759 0.97373931
vt 0.24750759 0.96825593
vt 0.24750759 0.96300938
vt 0.24750759 0.95837144
vt 0.24750759 0.95437880
vt 0.24750759 0.95064296
vt 0.24750759 0.94697088
vt 0.24750759 0.94337400
vt 0.24750759 0.93981278
vt 0.24750759 0.93625331
vt 0.24750759 0.93272000
vt 0.24750759 0.92915500
vt 0.24750759 0.92499379
vt 0.24750759 0.92028827
vt 0.24750759 0.91594886
vt 0.24750759 0.91294187
vt 0.26303584 1.05978596
vt 0.26303584 1.05661404
vt 0.26303584 1.05174484
vt 0.26303584 1.04627419
vt 0.26303584 1.04126314
vt 0.26303584 1.03673981
vt 0.26303584 1.03224219
vt 0.26303584 1.02799122
vt 0.26303584 1.02420978
vt 0.26303584 1.02080414
vt 0.26303584 1.01750475
vt 0.26303584 1.01431049
vt 0.26303584 1.01124300
vt 0.26303584 1.00787835
vt 0.26303584 1.00390751
vt 0.26303584 0.99963797
vt 0.26303584 0.99543040
vt 0.26303584 0.99129129
vt 0.26303584 0.98698467
vt 0.26303584 0.98252014
vt 0.26303584 0.97792692
vt 0.26303584 0.97307680
vt 0.26303584 0.96805976
vt 0.26303584 0.96324212
vt 0.26303584 0.95896609
vt 0.26303584 0.95526054
vt 0.26303584 0.95176572
vt 0.26303584 0.94832133
vt 0.26303584 0.94494749
vt 0.26303584 0.94160709
vt 0.26303584 0.93826833
vt 0.26303584 0.93495410
vt 0.26303584 0.93161017
vt 0.26303584 0.92770697
vt 0.26303584 0.92329323
vt 0.26303584 0.91922290
vt 0.26303584 0.91640236
vt 0.27856409 1.05204597
vt 0.27856409 1.04906895
vt 0.27856409 1.04453474
vt 0.27856409 1.03947669
vt 0.27856409 1.03489139
vt 0.27856409 1.03079023
vt 0.27856409 1.02672131
vt 0.27856409 1.02287849
vt 0.27856409 1.01945634
vt 0.27856409 1.01634291
vt 0.27856409 1.01327447
vt 0.27856409 1.01026176
vt 0.27856409 1.00734524
vt 0.27856409 1.00414949
vt 0.27856409 1.00040848
vt 0.27856409 0.99642548
vt 0.27856409 0.99254670
vt 0.27856409 0.98877685
vt 0.27856409 0.98488284
vt 0.27856409 0.98086106
vt 0.27856409 0.97672464
vt 0.27856409 0.97233729
vt 0.27856409 0.96777044
vt 0.27856409 0.96335934
vt 0.27856409 0.95941858
vt 0.27856409 0.95596758
vt 0.27856409 0.95267290
vt 0.27856409 0.94941248
vt 0.27856409 0.94621885
vt 0.27856409 0.94305687
vt 0.27856409 0.93989644
vt 0.27856409 0.93675924
vt 0.27856409 0.93359391
vt 0.27856409 0.92989920
vt 0.27856409 0.92572121
vt 0.27856409 0.92186828
vt 0.27856409 0.91919839
vt 0.29409234 1.04564286
vt 0.29409234 1.04280987
vt 0.29409234 1.03853539
vt 0.29409234 1.03380823
vt 0.29409234 1.02957758
vt 0.29409234 1.02583660
vt 0.29409234 1.02213414
vt 0.29409234 1.01863894
vt 0.29409234 1.01551898
vt 0.29409234 1.01264053
vt 0.29409234 1.00974362
vt 0.29409234 1.00685443
vt 0.29409234 1.00403461
vt 0.29409234 1.00095066
vt 0.29409234 0.99737454
vt 0.29409234 0.99361074
vt 0.29409234 0.98999751
vt 0.29409234 0.98653836
vt 0.29409234 0.98299884
vt 0.29409234 0.97936128
vt 0.29409234 0.97562176
vt 0.29409234 0.97163227
vt 0.29409234 0.96744599
vt 0.29409234 0.96337231
vt 0.29409234 0.95970325
vt 0.29409234 0.95644883
vt 0.29409234 0.95329698
vt 0.29409234 0.95016312
vt 0.29409234 0.94709345
vt 0.29409234 0.94405422
vt 0.29409234 0.94101647
vt 0.29409234 0.93800104
vt 0.29409234 0.93495859
vt 0.29409234 0.93140729
vt 0.29409234 0.92739148
vt 0.29409234 0.92368812
vt 0.29409234 0.92112187
vt 0.30962059 1.04122610
vt 0.30962059 1.03847472
vt 0.30962059 1.03436165
vt 0.30962059 1.02985244
vt 0.30962059 1.02586962
vt 0.30962059 1.02238898
vt 0.30962059 1.01895167
vt 0.30962059 1.01570598
vt 0.30962059 1.01279814
vt 0.30962059 1.01007254
vt 0.30962059 1.00727189
vt 0.30962059 1.00443923
vt 0.30962059 1.00165640
vt 0.30962059 0.99862049
vt 0.30962059 0.99513197
vt 0.30962059 0.99150093
vt 0.30962059 0.98806426
vt 0.30962059 0.98482514
vt 0.30962059 0.98154434
vt 0.30962059 0.97819123
vt 0.30962059 0.97474615
vt 0.30962059 0.97104759
vt 0.30962059 0.96713296
vt 0.30962059 0.96329365
vt 0.30962059 0.95980639
vt 0.30962059 0.95667311
vt 0.30962059 0.95359623
vt 0.30962059 0.95052307
vt 0.30962059 0.94751284
vt 0.30962059 0.94453246
vt 0.30962059 0.94155354
vt 0.30962059 0.93859651
vt 0.30962059 0.93561297
vt 0.30962059 0.93213045
vt 0.30962059 0.92819241
vt 0.30962059 0.92456076
vt 0.30962059 0.92204421
vt 0.32514884 1.03917800
vt 0.32514884 1.03644047
vt 0.32514884 1.03237799
vt 0.32514884 1.02795536
vt 0.32514884 1.02409094
vt 0.32514884 1.02074630
vt 0.32514884 1.01744820
vt 0.32514884 1.01433154
vt 0.32514884 1.01152809
vt 0.32514884 1.00886335
vt 0.32514884 1.00608046
vt 0.32514884 1.00323743
vt 0.32514884 1.00043267
vt 0.32514884 0.99738007
vt 0.32514884 0.99389695
vt 0.32514884 0.99030263
vt 0.32514884 0.98693885
vt 0.32514884 0.98380901
vt 0.32514884 0.98066653
vt 0.32514884 0.97747045
vt 0.32514884 0.97418858
vt 0.32514884 0.97064604
vt 0.32514884 0.96686882
vt 0.32514884 0.96313977
vt 0.32514884 0.95972895
vt 0.32514884 0.95663235
vt 0.32514884 0.95355851
vt 0.32514884 0.95047770
vt 0.32514884 0.94745998
vt 0.32514884 0.94447219
vt 0.32514884 0.94148585
vt 0.32514884 0.93852146
vt 0.32514884 0.93553050
vt 0.32514884 0.93203931
vt 0.32514884 0.92809146
vt 0.32514884 0.92445078
vt 0.32514884 0.92192796
vt 0.34067709 1.03967169
vt 0.34067709 1.03688085
vt 0.34067709 1.03275509
vt 0.34067709 1.02828016
vt 0.34067709 1.02439256
vt 0.34067709 1.02104525
vt 0.34067709 1.01774674
vt 0.34067709 1.01462766
vt 0.34067709 1.01181494
vt 0.34067709 1.00912049
vt 0.34067709 1.00628309
vt 0.34067709 1.00337035
vt 0.34067709 1.00049148
vt 0.34067709 0.99736246
vt 0.34067709 0.99380505
vt 0.34067709 0.99015029
vt 0.34067709 0.98675006
vt 0.34067709 0.98360811
vt 0.34067709 0.98046868
vt 0.34067709 0.97728449
vt 0.34067709 0.97401595
vt 0.34067709 0.97047716
vt 0.34067709 0.96668860
vt 0.34067709 0.96293490
vt 0.34067709 0.95948864
vt 0.34067709 0.95634262
vt 0.34067709 0.95320232
vt 0.34067709 0.95004927
vt 0.34067709 0.94696080
vt 0.34067709 0.94390294
vt 0.34067709 0.94084659
vt 0.34067709 0.93781269
vt 0.34067709 0.93475160
vt 0.34067709 0.93117855
vt 0.34067709 0.92713814
vt 0.34067709 0.92341209
vt 0.34067709 0.92083013
vt 0.35620534 1.04264126
vt 0.35620534 1.03973936
vt 0.35620534 1.03544675
vt 0.35620534 1.03078805
vt 0.35620534 1.02673697
vt 0.35620534 1.02324594
vt 0.35620534 1.01980544
vt 0.35620534 1.01655248
vt 0.35620534 1.01362031
vt 0.35620534 1.01081504
vt 0.35620534 1.00786489
vt 0.35620534 1.00483873
vt 0.35620534 1.00184861
vt 0.35620534 0.99859795
vt 0.35620534 0.99490007
vt 0.35620534 0.99109828
vt 0.35620534 0.98755786
vt 0.35620534 0.98428266
vt 0.35620534 0.98100748
vt 0.35620534 0.97768409
vt 0.35620534 0.97427245
vt 0.35620534 0.97058057
vt 0.35620534 0.96663076
vt 0.35620534 0.96271962
vt 0.35620534 0.95913100
vt 0.35620534 0.95585797
vt 0.35620534 0.95259382
vt 0.35620534 0.94931737
vt 0.35620534 0.94610802
vt 0.35620534 0.94293049
vt 0.35620534 0.93975452
vt 0.35620534 0.93660189
vt 0.35620534 0.93342099
vt 0.35620534 0.92970810
vt 0.35620534 0.92550956
vt 0.35620534 0.92163768
vt 0.35620534 0.91895467
vt 0.37173359 1.04821158
vt 0.37173359 1.04514194
vt 0.37173359 1.04057786
vt 0.37173359 1.03559998
vt 0.37173359 1.03123794
vt 0.37173359 1.02745290
vt 0.37173359 1.02371917
vt 0.37173359 1.02019175
vt 0.37173359 1.01702249
vt 0.37173359 1.01402140
vt 0.37173359 1.01090044
vt 0.37173359 1.00772008
vt 0.37173359 1.00458572
vt 0.37173359 1.00117217
vt 0.37173359 0.99727007
vt 0.37173359 0.99323435
vt 0.37173359 0.98944630
vt 0.37173359 0.98590963
vt 0.37173359 0.98235030
vt 0.37173359 0.97872545
vt 0.37173359 0.97500269
vt 0.37173359 0.97099014
vt 0.37173359 0.96672022
vt 0.37173359 0.96251219
vt 0.37173359 0.95867039
vt 0.37173359 0.95519205
vt 0.37173359 0.95174896
vt 0.37173359 0.94830117
vt 0.37173359 0.94492400
vt 0.37173359 0.94158031
vt 0.37173359 0.93823825
vt 0.37173359 0.93492075
vt 0.37173359 0.93157352
vt 0.37173359 0.92766647
vt 0.37173359 0.92324837
vt 0.37173359 0.91917402
vt 0.37173359 0.91635070
vn -0.788081 -0.090593 0.608869
vn -0.787781 -0.094662 0.608637
vn -0.789469 -0.068628 0.609941
vn -0.791110 0.023827 0.611209
vn -0.774349 0.206083 0.598259
vn -0.723093 0.406247 0.558659
vn -0.658476 0.554613 0.508737
vn -0.568275 0.695917 0.439048
vn -0.420974 0.846757 0.325243
vn -0.222077 0.959814 0.171576
vn -0.035825 0.998975 0.027678
vn 0.131494 0.986098 -0.101592
vn 0.302604 0.923998 -0.233791
vn 0.443256 0.828400 -0.342458
vn 0.535093 0.736726 -0.413412
vn 0.607744 0.640452 -0.469541
vn 0.676808 0.518176 -0.522900
vn 0.733483 0.375326 -0.566687
vn 0.769510 0.233239 -0.594521
vn 0.787962 0.092236 -0.608777
vn 0.790456 -0.047116 -0.610704
vn 0.779503 -0.172280 -0.602241
vn 0.759457 -0.280973 -0.586754
vn 0.727607 -0.393165 -0.562147
vn 0.659857 -0.551987 -0.509803
vn 0.543529 -0.726798 -0.419929
vn 0.459353 -0.814276 -0.354894
vn 0.466946 -0.807349 -0.360761
vn 0.516317 -0.757821 -0.398905
vn 0.542698 -0.727789 -0.419287
vn 0.574204 -0.688102 -0.443628
vn 0.643181 -0.582571 -0.496920
vn 0.727915 -0.392252 -0.562385
vn 0.772665 -0.215936 -0.596959
vn 0.784998 -0.126295 -0.606487
vn 0.787229 -0.101742 -0.608210
vn 0.791335 0.000000 -0.611383
vn -0.787874 -0.091060 0.609066
vn -0.787550 -0.095441 0.608815
vn -0.789248 -0.069515 0.610128
vn -0.790928 0.024282 0.611427
vn -0.773235 0.211668 0.597749
vn -0.718392 0.418922 0.555353
vn -0.649035 0.571852 0.501736
vn -0.552355 0.715944 0.426998
vn -0.397303 0.864765 0.307135
vn -0.195963 0.968839 0.151489
vn -0.014303 0.999837 0.011057
vn 0.145861 0.982858 -0.112758
vn 0.308685 0.920744 -0.238629
vn 0.442972 0.828560 -0.342439
vn 0.531430 0.740816 -0.410822
vn 0.602352 0.648339 -0.465649
vn 0.671341 0.529112 -0.518981
vn 0.729696 0.386452 -0.564091
vn 0.767756 0.241439 -0.593514
vn 0.787531 0.095687 -0.608801
vn 0.790219 -0.048784 -0.610879
vn 0.778599 -0.177496 -0.601896
vn 0.757643 -0.287988 -0.585696
vn 0.724763 -0.401008 -0.560278
vn 0.655735 -0.559506 -0.506916
vn 0.539880 -0.730989 -0.417354
vn 0.458233 -0.815193 -0.354237
vn 0.466844 -0.807349 -0.360894
vn 0.516204 -0.757821 -0.399051
vn 0.542579 -0.727789 -0.419441
vn 0.574078 -0.688102 -0.443791
vn 0.643040 -0.582571 -0.497102
vn 0.727756 -0.392252 -0.562592
vn 0.772496 -0.215936 -0.597178
vn 0.784826 -0.126295 -0.606710
vn 0.787056 -0.101742 -0.608434
vn 0.791161 0.000000 -0.611607
vn -0.787698 -0.091112 0.609287
vn -0.787371 -0.095527 0.609034
vn -0.789069 -0.069613 0.610348
vn -0.790754 0.024333 0.611651
vn -0.772958 0.212296 0.597885
vn -0.717712 0.420350 0.555153
vn -0.647824 0.573785 0.501094
vn -0.550425 0.718167 0.425756
vn -0.394549 0.866714 0.305185
vn -0.193029 0.969766 0.149309
vn -0.011946 0.999886 0.009241
vn 0.147393 0.982485 -0.114009
vn 0.309285 0.920386 -0.239233
vn 0.442854 0.828577 -0.342549
vn 0.530922 0.741264 -0.410670
vn 0.601634 0.649208 -0.465366
vn 0.670593 0.530330 -0.518706
vn 0.729120 0.387705 -0.563977
vn 0.767404 0.242369 -0.593590
vn 0.787328 0.096080 -0.609001
vn 0.790039 -0.048973 -0.611098
vn 0.778344 -0.178085 -0.602052
vn 0.757290 -0.288775 -0.585766
vn 0.724301 -0.401883 -0.560249
vn 0.655147 -0.560338 -0.506758
vn 0.539372 -0.731449 -0.417206
vn 0.458021 -0.815293 -0.354281
vn 0.466741 -0.807349 -0.361026
vn 0.516090 -0.757821 -0.399198
vn 0.542460 -0.727789 -0.419595
vn 0.573952 -0.688102 -0.443954
vn 0.642899 -0.582571 -0.497285
vn 0.727596 -0.392252 -0.562798
vn 0.772326 -0.215936 -0.597397
vn 0.784654 -0.126295 -0.606933
vn 0.786883 -0.101742 -0.608657
vn 0.790988 0.000000 -0.611832
vn -0.787552 -0.090745 0.609531
vn -0.787244 -0.094916 0.609293
vn -0.788934 -0.068916 0.610601
vn -0.790587 0.023974 0.611880
vn -0.773539 0.207878 0.598686
vn -0.721177 0.410318 0.558160
vn -0.655096 0.560165 0.507016
vn -0.562883 0.702407 0.435647
vn -0.413149 0.852679 0.319759
vn -0.213487 0.962872 0.165230
vn -0.028771 0.999338 0.022268
vn 0.136131 0.985072 -0.105360
vn 0.304423 0.922938 -0.235610
vn 0.442903 0.828452 -0.342788
vn 0.533588 0.738062 -0.412974
vn 0.605645 0.643019 -0.468743
vn 0.674660 0.521714 -0.522158
vn 0.731849 0.378901 -0.566419
vn 0.768503 0.235861 -0.594788
vn 0.787362 0.093338 -0.609384
vn 0.789916 -0.047649 -0.611361
vn 0.778757 -0.173954 -0.602725
vn 0.758432 -0.283232 -0.586993
vn 0.726268 -0.395700 -0.562100
vn 0.658140 -0.554430 -0.509372
vn 0.542024 -0.728167 -0.419503
vn 0.458718 -0.814576 -0.355028
vn 0.466639 -0.807349 -0.361158
vn 0.515977 -0.757821 -0.399344
vn 0.542341 -0.727789 -0.419749
vn 0.573826 -0.688102 -0.444116
vn 0.642758 -0.582571 -0.497467
vn 0.727437 -0.392252 -0.563004
vn 0.772157 -0.215936 -0.597616
vn 0.784482 -0.126295 -0.607155
vn 0.786711 -0.101742 -0.608880
vn 0.790814 0.000000 -0.612056
vn -0.787429 -0.090039 0.609793
vn -0.787159 -0.093746 0.609584
vn -0.788832 -0.067595 0.610880
vn -0.790426 0.023303 0.612114
vn -0.774706 0.199758 0.599940
vn -0.727382 0.391942 0.563292
vn -0.667976 0.534997 0.517288
vn -0.585009 0.672698 0.453037
vn -0.446919 0.824912 0.346099
vn -0.252093 0.947806 0.195224
vn -0.061452 0.996975 0.047589
vn 0.113961 0.989558 -0.088252
vn 0.294890 0.927841 -0.228366
vn 0.443091 0.828208 -0.343134
vn 0.538795 0.731850 -0.417248
vn 0.613260 0.631164 -0.474915
vn 0.682163 0.505549 -0.528274
vn 0.736789 0.362744 -0.570577
vn 0.770532 0.224097 -0.596708
vn 0.787544 0.088413 -0.609883
vn 0.789830 -0.045261 -0.611653
vn 0.779616 -0.166414 -0.603743
vn 0.760611 -0.272985 -0.589025
vn 0.729984 -0.384125 -0.565307
vn 0.663834 -0.543182 -0.514080
vn 0.547201 -0.721803 -0.423758
vn 0.460166 -0.813177 -0.356357
vn 0.466536 -0.807349 -0.361291
vn 0.515864 -0.757821 -0.399490
vn 0.542222 -0.727789 -0.419903
vn 0.573700 -0.688102 -0.444279
vn 0.642617 -0.582571 -0.497649
vn 0.727277 -0.392252 -0.563211
vn 0.771987 -0.215936 -0.597835
vn 0.784310 -0.126295 -0.607378
vn 0.786538 -0.101742 -0.609103
vn 0.790641 0.000000 -0.612280
vn -0.787321 -0.089129 0.610067
vn -0.787096 -0.092256 0.609892
vn -0.788747 -0.065939 0.611172
vn -0.790267 0.022478 0.612350
vn -0.776065 0.190017 0.601345
vn -0.734359 0.370032 0.569028
vn -0.682418 0.504674 0.528781
vn -0.609994 0.636002 0.472662
vn -0.486262 0.788404 0.376787
vn -0.299744 0.925315 0.232261
vn -0.103745 0.991350 0.080388
vn 0.084529 0.994266 -0.065499
vn 0.282203 0.934101 -0.218669
vn 0.443367 0.827889 -0.343549
vn 0.545447 0.723780 -0.422647
vn 0.622640 0.616076 -0.482462
vn 0.691012 0.485598 -0.535441
vn 0.742392 0.343420 -0.575253
vn 0.772787 0.210315 -0.598805
vn 0.787760 0.082696 -0.610407
vn 0.789754 -0.042473 -0.611952
vn 0.780606 -0.157462 -0.604864
vn 0.763155 -0.260595 -0.591341
vn 0.734410 -0.369870 -0.569068
vn 0.670814 -0.528987 -0.519790
vn 0.553809 -0.713544 -0.429127
vn 0.462082 -0.811345 -0.358050
vn 0.466434 -0.807349 -0.361423
vn 0.515750 -0.757821 -0.399637
vn 0.542103 -0.727789 -0.420056
vn 0.573574 -0.688102 -0.444442
vn 0.642476 -0.582571 -0.497831
vn 0.727117 -0.392252 -0.563417
vn 0.771818 -0.215936 -0.598054
vn 0.784138 -0.126295 -0.607600
vn 0.786365 -0.101742 -0.609326
vn 0.790467 0.000000 -0.612505
vn -0.787215 -0.088183 0.610342
vn -0.787034 -0.090724 0.610202
vn -0.788660 -0.064266 0.611462
vn -0.790108 0.021664 0.612585
vn -0.777292 0.180640 0.602649
vn -0.740571 0.349105 0.574178
vn -0.695252 0.475456 0.539042
vn -0.632323 0.599852 0.490251
vn -0.522496 0.750261 0.405101
vn -0.346477 0.898773 0.268630
vn -0.147684 0.982384 0.114502
vn 0.052882 0.997759 -0.041001
vn 0.268457 0.940537 -0.208139
vn 0.443665 0.827550 -0.343981
vn 0.552276 0.715293 -0.428190
vn 0.631886 0.600588 -0.489913
vn 0.699315 0.465817 -0.542192
vn 0.747420 0.324894 -0.579488
vn 0.774746 0.197380 -0.600675
vn 0.787924 0.077377 -0.610892
vn 0.789665 -0.039863 -0.612242
vn 0.781479 -0.148937 -0.605895
vn 0.765490 -0.248566 -0.593498
vn 0.738591 -0.355757 -0.572643
vn 0.677646 -0.514548 -0.525391
vn 0.560585 -0.704869 -0.434631
vn 0.464107 -0.809399 -0.359831
vn 0.466331 -0.807349 -0.361555
vn 0.515637 -0.757821 -0.399783
vn 0.541984 -0.727789 -0.420210
vn 0.573448 -0.688102 -0.444604
vn 0.642335 -0.582571 -0.498014
vn 0.726957 -0.392252 -0.563623
vn 0.771648 -0.215936 -0.598273
vn 0.783965 -0.126295 -0.607822
vn 0.786192 -0.101742 -0.609549
vn 0.790293 0.000000 -0.612729
vn -0.787099 -0.087361 0.610609
vn -0.786955 -0.089407 0.610498
vn -0.788557 -0.062852 0.611741
vn -0.789946 0.020990 0.612818
vn -0.778198 0.173055 0.603705
vn -0.745216 0.332314 0.578118
vn -0.704850 0.451877 0.546803
vn -0.649085 0.570206 0.503542
vn -0.550345 0.717524 0.426942
vn -0.384452 0.873639 0.298247
vn -0.185488 0.972053 0.143896
vn 0.024609 0.999515 -0.019091
vn 0.256032 0.946043 -0.198622
vn 0.443917 0.827249 -0.344379
vn 0.558114 0.707847 -0.432969
vn 0.639489 0.587316 -0.496098
vn 0.705835 0.449408 -0.547567
vn 0.751202 0.309975 -0.582761
vn 0.776160 0.187148 -0.602123
vn 0.788000 0.073200 -0.611308
vn 0.789555 -0.037803 -0.612515
vn 0.782101 -0.142107 -0.606732
vn 0.767267 -0.238765 -0.595225
vn 0.741883 -0.344054 -0.575532
vn 0.683222 -0.502276 -0.530025
vn 0.566368 -0.697265 -0.439373
vn 0.465879 -0.807673 -0.361416
vn 0.466229 -0.807349 -0.361687
vn 0.515524 -0.757821 -0.399929
vn 0.541865 -0.727789 -0.420364
vn 0.573322 -0.688102 -0.444767
vn 0.642193 -0.582571 -0.498196
vn 0.726798 -0.392252 -0.563829
vn 0.771479 -0.215936 -0.598492
vn 0.783793 -0.126295 -0.608045
vn 0.786020 -0.101742 -0.609772
vn 0.790120 0.000000 -0.612953
vn -0.786965 -0.086792 0.610863
vn -0.786846 -0.088505 0.610770
vn -0.788431 -0.061896 0.612001
vn -0.789779 0.020541 0.613047
vn -0.778706 0.168094 0.604452
vn -0.748033 0.321404 0.580643
vn -0.710714 0.436510 0.551675
vn -0.659373 0.550694 0.511823
vn -0.567727 0.695329 0.440685
vn -0.409156 0.855408 0.317598
vn -0.211238 0.963583 0.163968
vn 0.004704 0.999982 -0.003651
vn 0.247168 0.949789 -0.191858
vn 0.444065 0.827038 -0.344695
vn 0.562063 0.702665 -0.436288
vn 0.644483 0.578254 -0.500264
vn 0.709957 0.438479 -0.551087
vn 0.753497 0.300255 -0.584884
vn 0.776961 0.180566 -0.603098
vn 0.787979 0.070526 -0.611650
vn 0.789420 -0.036480 -0.612769
vn 0.782424 -0.137671 -0.607338
vn 0.768332 -0.232320 -0.596400
vn 0.743947 -0.336259 -0.577471
vn 0.686851 -0.493948 -0.533152
vn 0.570277 -0.691978 -0.442664
vn 0.467084 -0.806462 -0.362563
vn 0.466126 -0.807349 -0.361820
vn 0.515410 -0.757821 -0.400075
vn 0.541746 -0.727789 -0.420517
vn 0.573196 -0.688102 -0.444929
vn 0.642052 -0.582571 -0.498378
vn 0.726638 -0.392252 -0.564035
vn 0.771309 -0.215936 -0.598710
vn 0.783620 -0.126295 -0.608267
vn 0.785847 -0.101742 -0.609995
vn 0.789946 0.000000 -0.613177
vn -0.786807 -0.086562 0.611098
vn -0.786698 -0.088142 0.611013
vn -0.788276 -0.061514 0.612239
vn -0.789608 0.020363 0.613273
vn -0.778795 0.166149 0.604875
vn -0.749002 0.317142 0.581736
vn -0.712842 0.430497 0.553650
vn -0.663185 0.543025 0.515083
vn -0.574287 0.686473 0.446038
vn -0.418737 0.847872 0.325225
vn -0.221519 0.959858 0.172050
vn -0.003425 0.999991 0.002660
vn 0.243488 0.951289 -0.189113
vn 0.444068 0.826951 -0.344899
vn 0.563576 0.700560 -0.437719
vn 0.646369 0.574614 -0.502022
vn 0.711458 0.434151 -0.552576
vn 0.754270 0.296450 -0.585827
vn 0.777159 0.178007 -0.603604
vn 0.787863 0.069490 -0.611918
vn 0.789261 -0.035965 -0.613004
vn 0.782441 -0.135937 -0.607707
vn 0.768639 -0.229785 -0.596987
vn 0.744650 -0.333170 -0.578355
vn 0.688189 -0.490613 -0.534503
vn 0.571771 -0.689832 -0.444084
vn 0.467513 -0.805968 -0.363108
vn 0.466024 -0.807349 -0.361952
vn 0.515297 -0.757821 -0.400221
vn 0.541627 -0.727789 -0.420671
vn 0.573069 -0.688102 -0.445092
vn 0.641911 -0.582571 -0.498560
vn 0.726478 -0.392252 -0.564241
vn 0.771139 -0.215936 -0.598929
vn 0.783448 -0.126295 -0.608489
vn 0.785674 -0.101742 -0.610218
vn 0.789772 0.000000 -0.613401
vn -0.786625 -0.086701 0.611314
vn -0.786510 -0.088361 0.611224
vn -0.788092 -0.061744 0.612454
vn -0.789433 0.020470 0.613496
vn -0.778467 0.167320 0.604974
vn -0.748157 0.319707 0.581419
vn -0.711315 0.434116 0.552788
vn -0.660666 0.547643 0.513427
vn -0.570150 0.691814 0.443083
vn -0.412828 0.852435 0.320823
vn -0.215240 0.962129 0.167271
vn 0.001490 0.999998 -0.001158
vn 0.245629 0.950384 -0.190887
vn 0.443910 0.827003 -0.344978
vn 0.562464 0.701832 -0.437111
vn 0.645005 0.576811 -0.501256
vn 0.710305 0.436759 -0.552003
vn 0.753541 0.298740 -0.585603
vn 0.776767 0.179546 -0.603653
vn 0.787655 0.070113 -0.612114
vn 0.789078 -0.036275 -0.613221
vn 0.782155 -0.136980 -0.607840
vn 0.768184 -0.231312 -0.596983
vn 0.743965 -0.335032 -0.578161
vn 0.687141 -0.492625 -0.534001
vn 0.570668 -0.691129 -0.443486
vn 0.467089 -0.806267 -0.362991
vn 0.465921 -0.807349 -0.362084
vn 0.515183 -0.757821 -0.400367
vn 0.541507 -0.727789 -0.420824
vn 0.572943 -0.688102 -0.445254
vn 0.641770 -0.582571 -0.498742
vn 0.726318 -0.392252 -0.564447
vn 0.770969 -0.215936 -0.599147
vn 0.783276 -0.126295 -0.608711
vn 0.785501 -0.101742 -0.610440
vn 0.789598 0.000000 -0.613624
vn -0.786418 -0.087184 0.611511
vn -0.786283 -0.089125 0.611405
vn -0.787878 -0.062552 0.612646
vn -0.789253 0.020848 0.613715
vn -0.777730 0.171485 0.604755
vn -0.745517 0.328855 0.579706
vn -0.706163 0.447009 0.549105
vn -0.651865 0.564040 0.506884
vn -0.555465 0.710563 0.431924
vn -0.391968 0.868023 0.304790
vn -0.193393 0.969528 0.150381
vn 0.018421 0.999728 -0.014324
vn 0.253087 0.947216 -0.196798
vn 0.443603 0.827183 -0.344941
vn 0.558895 0.706235 -0.434591
vn 0.640544 0.584482 -0.498081
vn 0.706574 0.445966 -0.549425
vn 0.751329 0.306896 -0.584226
vn 0.775789 0.185056 -0.603246
vn 0.787355 0.072349 -0.612239
vn 0.788872 -0.037382 -0.613419
vn 0.781571 -0.140700 -0.607742
vn 0.766985 -0.236729 -0.596400
vn 0.741937 -0.341600 -0.576922
vn 0.683813 -0.499667 -0.531726
vn 0.567130 -0.695620 -0.440995
vn 0.465875 -0.807297 -0.362259
vn 0.465819 -0.807349 -0.362216
vn 0.515070 -0.757821 -0.400513
vn 0.541388 -0.727789 -0.420978
vn 0.572817 -0.688102 -0.445417
vn 0.641628 -0.582571 -0.498924
vn 0.726158 -0.392252 -0.564653
vn 0.770800 -0.215936 -0.599366
vn 0.783103 -0.126295 -0.608933
vn 0.785328 -0.101742 -0.610663
vn 0.789424 0.000000 -0.613848
vn -0.786193 -0.087930 0.611693
vn -0.786025 -0.090316 0.611562
vn -0.787641 -0.063826 0.612820
vn -0.789069 0.021453 0.613930
vn -0.776611 0.178249 0.604238
vn -0.741141 0.343797 0.576640
vn -0.697477 0.468014 0.542668
vn -0.636934 0.590536 0.495563
vn -0.530761 0.740108 0.412956
vn -0.358004 0.891205 0.278543
vn -0.159190 0.979448 0.123857
vn 0.044184 0.998432 -0.034377
vn 0.264342 0.942244 -0.205670
vn 0.443186 0.827458 -0.344819
vn 0.553390 0.713005 -0.430562
vn 0.633476 0.596477 -0.492872
vn 0.700511 0.460683 -0.545028
vn 0.747700 0.320184 -0.581744
vn 0.774235 0.194132 -0.602389
vn 0.786965 0.076048 -0.612294
vn 0.788643 -0.039209 -0.613600
vn 0.780702 -0.146777 -0.607421
vn 0.765100 -0.245483 -0.595282
vn 0.738710 -0.352096 -0.574749
vn 0.678547 -0.510737 -0.527940
vn 0.561672 -0.702531 -0.437006
vn 0.464069 -0.808870 -0.361066
vn 0.465716 -0.807349 -0.362348
vn 0.514956 -0.757821 -0.400659
vn 0.541269 -0.727789 -0.421131
vn 0.572691 -0.688102 -0.445579
vn 0.641487 -0.582571 -0.499105
vn 0.725998 -0.392252 -0.564859
vn 0.770630 -0.215936 -0.599584
vn 0.782930 -0.126295 -0.609155
vn 0.785155 -0.101742 -0.610885
vn 0.789250 0.000000 -0.614072
vn -0.785958 -0.088813 0.611868
vn -0.785748 -0.091742 0.611705
vn -0.787388 -0.065375 0.612981
vn -0.788882 0.022202 0.614144
vn -0.775186 0.186803 0.603482
vn -0.735302 0.362840 0.572432
vn -0.685777 0.494657 0.533877
vn -0.616799 0.623689 0.480178
vn -0.498042 0.775643 0.387726
vn -0.315164 0.916773 0.245355
vn -0.118250 0.988708 0.092057
vn 0.073946 0.995599 -0.057567
vn 0.277207 0.936261 -0.215805
vn 0.442717 0.827777 -0.344655
vn 0.546815 0.720955 -0.425695
vn 0.624731 0.610878 -0.486353
vn 0.692714 0.478882 -0.539277
vn 0.742902 0.337061 -0.578348
vn 0.772178 0.205846 -0.601140
vn 0.786493 0.080853 -0.612284
vn 0.788394 -0.041570 -0.613764
vn 0.779598 -0.154530 -0.606917
vn 0.762681 -0.256483 -0.593746
vn 0.734612 -0.365077 -0.571895
vn 0.672009 -0.524126 -0.523159
vn 0.555147 -0.710656 -0.432181
vn 0.461975 -0.810699 -0.359647
vn 0.465613 -0.807349 -0.362480
vn 0.514843 -0.757821 -0.400805
vn 0.541149 -0.727789 -0.421284
vn 0.572565 -0.688102 -0.445741
vn 0.641345 -0.582571 -0.499287
vn 0.725838 -0.392252 -0.565064
vn 0.770460 -0.215936 -0.599803
vn 0.782758 -0.126295 -0.609377
vn 0.784981 -0.101742 -0.611108
vn 0.789076 0.000000 -0.614295
vn -0.785724 -0.089677 0.612043
vn -0.785472 -0.093150 0.611847
vn -0.787133 -0.066930 0.613141
vn -0.788694 0.022969 0.614357
vn -0.773634 0.195790 0.602625
vn -0.728748 0.382997 0.567661
vn -0.672574 0.522655 0.523904
vn -0.594145 0.657873 0.462812
vn -0.462149 0.810446 0.359993
vn -0.270783 0.939248 0.210927
vn -0.078104 0.995087 0.060840
vn 0.102151 0.991581 -0.079571
vn 0.289289 0.930340 -0.225343
vn 0.442264 0.828082 -0.344504
vn 0.540310 0.728648 -0.420877
vn 0.615751 0.625136 -0.479642
vn 0.684346 0.497495 -0.533075
vn 0.737559 0.354864 -0.574525
vn 0.769850 0.218440 -0.599678
vn 0.785975 0.086060 -0.612239
vn 0.788134 -0.044115 -0.613921
vn 0.778383 -0.162755 -0.606325
vn 0.760054 -0.267951 -0.592048
vn 0.730252 -0.378368 -0.568833
vn 0.665255 -0.537495 -0.518204
vn 0.548682 -0.718525 -0.427398
vn 0.459952 -0.812452 -0.358282
vn 0.465511 -0.807349 -0.362612
vn 0.514729 -0.757821 -0.400951
vn 0.541030 -0.727789 -0.421438
vn 0.572438 -0.688102 -0.445903
vn 0.641204 -0.582571 -0.499469
vn 0.725678 -0.392252 -0.565270
vn 0.770290 -0.215936 -0.600021
vn 0.782585 -0.126295 -0.609598
vn 0.784808 -0.101742 -0.611330
vn 0.788902 0.000000 -0.614519
vn -0.785502 -0.090355 0.612228
vn -0.785216 -0.094267 0.612005
vn -0.786893 -0.068182 0.613312
vn -0.788508 0.023599 0.614571
vn -0.772252 0.203326 0.601901
vn -0.722879 0.400006 0.563419
vn -0.660746 0.546075 0.514992
vn -0.573981 0.685864 0.447366
vn -0.431083 0.837424 0.335990
vn -0.234393 0.954822 0.182688
vn -0.046688 0.998246 0.036389
vn 0.123641 0.987637 -0.096367
vn 0.298436 0.925652 -0.232604
vn 0.441892 0.828318 -0.344415
vn 0.535123 0.734635 -0.417080
vn 0.608359 0.636452 -0.474161
vn 0.677174 0.512705 -0.527796
vn 0.732804 0.369840 -0.571154
vn 0.767725 0.229236 -0.598372
vn 0.785487 0.090559 -0.612216
vn 0.787882 -0.046303 -0.614083
vn 0.777286 -0.169719 -0.605824
vn 0.757752 -0.277497 -0.590599
vn 0.726524 -0.389246 -0.566260
vn 0.659656 -0.548189 -0.514143
vn 0.543522 -0.724655 -0.423626
vn 0.458360 -0.813805 -0.357250
vn 0.465408 -0.807349 -0.362743
vn 0.514616 -0.757821 -0.401097
vn 0.540911 -0.727789 -0.421591
vn 0.572312 -0.688102 -0.446065
vn 0.641062 -0.582571 -0.499650
vn 0.725517 -0.392252 -0.565475
vn 0.770120 -0.215936 -0.600239
vn 0.782412 -0.126295 -0.609820
vn 0.784635 -0.101742 -0.611552
vn 0.788728 0.000000 -0.614742
vn -0.785303 -0.090707 0.612431
vn -0.784999 -0.094851 0.612193
vn -0.786683 -0.068843 0.613507
vn -0.788328 0.023937 0.614790
vn -0.771404 0.207422 0.601591
vn -0.719482 0.409283 0.561099
vn -0.653974 0.558755 0.510011
vn -0.562551 0.700762 0.438714
vn -0.413884 0.851186 0.322773
vn -0.215011 0.962109 0.167679
vn -0.030460 0.999254 0.023755
vn 0.134554 0.985334 -0.104934
vn 0.303045 0.923206 -0.236334
vn 0.441653 0.828439 -0.344430
vn 0.532354 0.737725 -0.415164
vn 0.604344 0.642369 -0.471307
vn 0.673163 0.520817 -0.524977
vn 0.730050 0.377992 -0.569341
vn 0.766434 0.235194 -0.597715
vn 0.785132 0.093057 -0.612297
vn 0.787663 -0.047513 -0.614271
vn 0.776591 -0.173528 -0.605636
vn 0.756397 -0.282658 -0.589888
vn 0.724410 -0.395057 -0.564942
vn 0.656583 -0.553812 -0.512046
vn 0.540764 -0.727821 -0.421723
vn 0.457490 -0.814500 -0.356781
vn 0.465305 -0.807349 -0.362875
vn 0.514502 -0.757821 -0.401242
vn 0.540791 -0.727789 -0.421744
vn 0.572186 -0.688102 -0.446228
vn 0.640921 -0.582571 -0.499832
vn 0.725357 -0.392252 -0.565681
vn 0.769950 -0.215936 -0.600457
vn 0.782240 -0.126295 -0.610041
vn 0.784462 -0.101742 -0.611775
vn 0.788554 0.000000 -0.614966
vn -0.785134 -0.090649 0.612656
vn -0.784832 -0.094756 0.612421
vn -0.786515 -0.068735 0.613734
vn -0.788155 0.023881 0.615014
vn -0.771346 0.206749 0.601897
vn -0.719862 0.407757 0.561723
vn -0.654932 0.556673 0.511057
vn -0.564304 0.698329 0.440338
vn -0.416615 0.848968 0.325093
vn -0.218119 0.960966 0.170202
vn -0.033079 0.999119 0.025812
vn 0.132761 0.985719 -0.103596
vn 0.302225 0.923604 -0.235832
vn 0.441578 0.828419 -0.344572
vn 0.532667 0.737224 -0.415651
vn 0.604845 0.641408 -0.471973
vn 0.673651 0.519491 -0.525664
vn 0.730319 0.376652 -0.569883
vn 0.766452 0.234210 -0.598078
vn 0.784989 0.092644 -0.612543
vn 0.787497 -0.047313 -0.614500
vn 0.776506 -0.172901 -0.605924
vn 0.756427 -0.281811 -0.590255
vn 0.724572 -0.394107 -0.565398
vn 0.656917 -0.552896 -0.512606
vn 0.541073 -0.727309 -0.422211
vn 0.457514 -0.814388 -0.357007
vn 0.465202 -0.807349 -0.363007
vn 0.514389 -0.757821 -0.401388
vn 0.540672 -0.727789 -0.421897
vn 0.572059 -0.688102 -0.446390
vn 0.640779 -0.582571 -0.500013
vn 0.725197 -0.392252 -0.565886
vn 0.769780 -0.215936 -0.600675
vn 0.782067 -0.126295 -0.610263
vn 0.784289 -0.101742 -0.611997
vn 0.788380 0.000000 -0.615189
vn -0.784994 -0.090177 0.612905
vn -0.784717 -0.093975 0.612689
vn -0.786389 -0.067852 0.613994
vn -0.787989 0.023432 0.615243
vn -0.772068 0.201314 0.602813
vn -0.723955 0.395456 0.565247
vn -0.663491 0.539830 0.518038
vn -0.579046 0.678459 0.452105
vn -0.439132 0.830426 0.342864
vn -0.243843 0.950943 0.190387
vn -0.054839 0.997577 0.042817
vn 0.117998 0.988731 -0.092130
vn 0.295860 0.926880 -0.231000
vn 0.441670 0.828257 -0.344846
vn 0.536096 0.733075 -0.418571
vn 0.609878 0.633485 -0.476178
vn 0.678610 0.508679 -0.529843
vn 0.733566 0.365837 -0.572751
vn 0.767752 0.226332 -0.599442
vn 0.785053 0.089346 -0.612951
vn 0.787381 -0.045714 -0.614769
vn 0.777022 -0.167853 -0.606681
vn 0.757826 -0.274954 -0.591693
vn 0.726998 -0.386365 -0.567623
vn 0.660666 -0.545378 -0.515833
vn 0.544483 -0.723058 -0.425119
vn 0.458444 -0.813454 -0.357942
vn 0.465099 -0.807349 -0.363139
vn 0.514275 -0.757821 -0.401534
vn 0.540552 -0.727789 -0.422050
vn 0.571933 -0.688102 -0.446552
vn 0.640638 -0.582571 -0.500195
vn 0.725037 -0.392252 -0.566092
vn 0.769610 -0.215936 -0.600893
vn 0.781894 -0.126295 -0.610484
vn 0.784115 -0.101742 -0.612219
vn 0.788205 0.000000 -0.615412
f 1/1/1 38/38/38 39/39/39
f 1/1/1 39/39/39 2/2/2
f 2/2/2 39/39/39 40/40/40
f 2/2/2 40/40/40 3/3/3
f 3/3/3 40/40/40 41/41/41
f 3/3/3 41/41/41 4/4/4
f 4/4/4 41/41/41 42/42/42
f 4/4/4 42/42/42 5/5/5
f 5/5/5 42/42/42 43/43/43
f 5/5/5 43/43/43 6/6/6
f 6/6/6 43/43/43 44/44/44
f 6/6/6 44/44/44 7/7/7
f 7/7/7 44/44/44 45/45/45
f 7/7/7 45/45/45 8/8/8
f 8/8/8 45/45/45 46/46/46
f 8/8/8 46/46/46 9/9/9
f 9/9/9 46/46/46 47/47/47
f 9/9/9 47/47/47 10/10/10
f 10/10/10 47/47/47 48/48/48
f 10/10/10 48/48/48 11/11/11
f 11/11/11 48/48/48 49/49/49
f 11/11/11 49/49/49 12/12/12
f 12/12/12 49/49/49 50/50/50
f 12/12/12 50/50/50 13/13/13
f 13/13/13 50/50/50 51/51/51
f 13/13/13 51/51/51 14/14/14
f 14/14/14 51/51/51 52/52/52
f 14/14/14 52/52/52 15/15/15
f 15/15/15 52/52/52 53/53/53
f 15/15/15 53/53/53 16/16/16
f 16/16/16 53/53/53 54/54/54
f 16/16/16 54/54/54 17/17/17
f 17/17/17 54/54/54 55/55/55
f 17/17/17 55/55/55 18/18/18
f 18/18/18 55/55/55 56/56/56
f 18/18/18 56/56/56 19/19/19
f 19/19/19 56/56/56 57/57/57
f 19/19/19 57/57/57 20/20/20
f 20/20/20 57/57/57 58/58/58
f 20/20/20 58/58/58 21/21/21
f 21/21/21 58/58/58 59/59/59
f 21/21/21 59/59/59 22/22/22
f 22/22/22 59/59/59 60/60/60
f 22/22/22 60/60/60 23/23/23
f 23/23/23 60/60/60 61/61/61
f 23/23/23 61/61/61 24/24/24
f 24/24/24 61/61/61 62/62/62
f 24/24/24 62/62/62 25/25/25
f 25/25/25 62/62/62 63/63/63
f 25/25/25 63/63/63 26/26/26
f 26/26/26 63/63/63 64/64/64
f 26/26/26 64/64/64 27/27/27
f 27/27/27 64/64/64 65/65/65
f 27/27/27 65/65/65 28/28/28
f 28/28/28 65/65/65 66/66/66
f 28/28/28 66/66/66 29/29/29
f 29/29/29 66/66/66 67/67/67
f 29/29/29 67/67/67 30/30/30
f 30/30/30 67/67/67 68/68/68
f 30/30/30 68/68/68 31/31/31
f 31/31/31 68/68/68 69/69/69
f 31/31/31 69/69/69 32/32/32
f 32/32/32 69/69/69 70/70/70
f 32/32/32 70/70/70 33/33/33
f 33/33/33 70/70/70 71/71/71
f 33/33/33 71/71/71 34/34/34
f 34/34/34 71/71/71 72/72/72
f 34/34/34 72/72/72 35/35/35
f 35/35/35 72/72/72 73/73/73
f 35/35/35 73/73/73 36/36/36
f 36/36/36 73/73/73 74/74/74
f 36/36/36 74/74/74 37/37/37
f 38/38/38 75/75/75 76/76/76
f 38/38/38 76/76/76 39/39/39
f 39/39/39 76/76/76 77/77/77
f 39/39/39 77/77/77 40/40/40
f 40/40/40 77/77/77 78/78/78
f 40/40/40 78/78/78 41/41/41
f 41/41/41 78/78/78 79/79/79
f 41/41/41 79/79/79 42/42/42
f 42/42/42 79/79/79 80/80/80
f 42/42/42 80/80/80 43/43/43
f 43/43/43 80/80/80 81/81/81
f 43/43/43 81/81/81 44/44/44
f 44/44/44 81/81/81 82/82/82
f 44/44/44 82/82/82 45/45/45
f 45/45/45 82/82/82 83/83/83
f 45/45/45 83/83/83 46/46/46
f 46/46/46 83/83/83 84/84/84
f 46/46/46 84/84/84 47/47/47
f 47/47/47 84/84/84 85/85/85
f 47/47/47 85/85/85 48/48/48
f 48/48/48 85/85/85 86/86/86
f 48/48/48 86/86/86 49/49/49
f 49/49/49 86/86/86 87/87/87
f 49/49/49 87/87/87 50/50/50
f 50/50/50 87/87/87 88/88/88
f 50/50/50 88/88/88 51/51/51
f 51/51/51 88/88/88 89/89/89
f 51/51/51 89/89/89 52/52/52
f 52/52/52 89/89/89 90/90/90
f 52/52/52 90/90/90 53/53/53
f 53/53/53 90/90/90 91/91/91
f 53/53/53 91/91/91 54/54/54
f 54/54/54 91/91/91 92/92/92
f 54/54/54 92/92/92 55/55/55
f 55/55/55 92/92/92 93/93/93
f 55/55/55 93/93/93 56/56/56
f 56/56/56 93/93/93 94/94/94
f 56/56/56 94/94/94 57/57/57
f 57/57/57 94/94/94 95/95/95
f 57/57/57 95/95/95 58/58/58
f 58/58/58 95/95/95 96/96/96
f 58/58/58 96/96/96 59/59/59
f 59/59/59 96/96/96 97/97/97
f 59/59/59 97/97/97 60/60/60
f 60/60/60 97/97/97 98/98/98
f 60/60/60 98/98/98 61/61/61
f 61/61/61 98/98/98 99/99/99
f 61/61/61 99/99/99 62/62/62
f 62/62/62 99/99/99 100/100/100
f 62/62/62 100/100/100 63/63/63
f 63/63/63 100/100/100 101/101/101
f 63/63/63 101/101/101 64/64/64
f 64/64/64 101/101/101 102/102/102
f 64/64/64 102/102/102 65/65/65
f 65/65/65 102/102/102 103/103/103
f 65/65/65 103/103/103 66/66/66
f 66/66/66 103/103/103 104/104/104
f 66/66/66 104/104/104 67/67/67
f 67/67/67 104/104/104 105/105/105
f 67/67/67 105/105/105 68/68/68
f 68/68/68 105/105/105 106/106/106
f 68/68/68 106/106/106 69/69/69
f 69/69/69 106/106/106 107/107/107
f 69/69/69 107/107/107 70/70/70
f 70/70/70 107/107/107 108/108/108
f 70/70/70 108/108/108 71/71/71
f 71/71/71 108/108/108 109/109/109
f 71/71/71 109/109/109 72/72/72
f 72/72/72 109/109/109 110/110/110
f 72/72/72 110/110/110 73/73/73
f 73/73/73 110/110/110 111/111/111
f 73/73/73 111/111/111 74/74/74
f 75/75/75 112/112/112 113/113/113
f 75/75/75 113/113/113 76/76/76
f 76/76/76 113/113/113 114/114/114
f 76/76/76 114/114/114 77/77/77
f 77/77/77 114/114/114 115/115/115
f 77/77/77 115/115/115 78/78/78
f 78/78/78 115/115/115 116/116/116
f 78/78/78 116/116/116 79/79/79
f 79/79/79 116/116/116 117/117/117
f 79/79/79 117/117/117 80/80/80
f 80/80/80 117/117/117 118/118/118
f 80/80/80 118/118/118 81/81/81
f 81/81/81 118/118/118 119/119/119
f 81/81/81 119/119/119 82/82/82
f 82/82/82 119/119/119 120/120/120
f 82/82/82 120/120/120 83/83/83
f 83/83/83 120/120/120 121/121/121
f 83/83/83 121/121/121 84/84/84
f 84/84/84 121/121/121 122/122/122
f 84/84/84 122/122/122 85/85/85
f 85/85/85 122/122/122 123/123/123
f 85/85/85 123/123/123 86/86/86
f 86/86/86 123/123/123 124/124/124
f 86/86/86 124/124/124 87/87/87
f 87/87/87 124/124/124 125/125/125
f 87/87/87 125/125/125 88/88/88
f 88/88/88 125/125/125 126/126/126
f 88/88/88 126/126/126 89/89/89
f 89/89/89 126/126/126 127/127/127
f 89/89/89 127/127/127 90/90/90
f 90/90/90 127/127/127 128/128/128
f 90/90/90 128/128/128 91/91/91
f 91/91/91 128/128/128 129/129/129
f 91/91/91 129/129/129 92/92/92
f 92/92/92 129/129/129 130/130/130
f 92/92/92 130/130/130 93/93/93
f 93/93/93 130/130/130 131/131/131
f 93/93/93 131/131/131 94/94/94
f 94/94/94 131/131/131 132/132/132
f 94/94/94 132/132/132 95/95/95
f 95/95/95 132/132/132 133/133/133
f 95/95/95 133/133/133 96/96/96
f 96/96/96 133/133/133 134/134/134
f 96/96/96 134/134/134 97/97/97
f 97/97/97 134/134/134 135/135/135
f 97/97/97 135/135/135 98/98/98
f 98/98/98 135/135/135 136/136/136
f 98/98/98 136/136/136 99/99/99
f 99/99/99 136/136/136 137/137/137
f 99/99/99 137/137/137 100/100/100
f 100/100/100 137/137/137 138/138/138
f 100/100/100 138/138/138 101/101/101
f 101/101/101 138/138/138 139/139/139
f 101/101/101 139/139/139 102/102/102
f 102/102/102 139/139/139 140/140/140
f 102/102/102 140/140/140 103/103/103
f 103/103/103 140/140/140 141/141/141
f 103/103/103 141/141/141 104/104/104
f 104/104/104 141/141/141 142/142/142
f 104/104/104 142/142/142 105/105/105
f 105/105/105 142/142/142 143/143/143
f 105/105/105 143/143/143 106/106/106
f 106/106/106 143/143/143 144/144/144
f 106/106/106 144/144/144 107/107/107
f 107/107/107 144/144/144 145/145/145
f 107/107/107 145/145/145 108/108/108
f 108/108/108 145/145/145 146/146/146
f 108/108/108 146/146/146 109/109/109
f 109/109/109 146/146/146 147/147/147
f 109/109/109 147/147/147 110/110/110
f 110/110/110 147/147/147 148/148/148
f 110/110/110 148/148/148 111/111/111
f 112/112/112 149/149/149 150/150/150
f 112/112/112 150/150/150 113/113/113
f 113/113/113 150/150/150 151/151/151
f 113/113/113 151/151/151 114/114/114
f 114/114/114 151/151/151 152/152/152
f 114/114/114 152/152/152 115/115/115
f 115/115/115 152/152/152 153/153/153
f 115/115/115 153/153/153 116/116/116
f 116/116/116 153/153/153 154/154/154
f 116/116/116 154/154/154 117/117/117
f 117/117/117 154/154/154 155/155/155
f 117/117/117 155/155/155 118/118/118
f 118/118/118 155/155/155 156/156/156
f 118/118/118 156/156/156 119/119/119
f 119/119/119 156/156/156 157/157/157
f 119/119/119 157/157/157 120/120/120
f 120/120/120 157/157/157 158/158/158
f 120/120/120 158/158/158 121/121/121
f 121/121/121 158/158/158 159/159/159
f 121/121/121 159/159/159 122/122/122
f 122/122/122 159/159/159 160/160/160
f 122/122/122 160/160/160 123/123/123
f 123/123/123 160/160/160 161/161/161
f 123/123/123 161/161/161 124/124/124
f 124/124/124 161/161/161 162/162/162
f 124/124/124 162/162/162 125/125/125
f 125/125/125 162/162/162 163/163/163
f 125/125/125 163/163/163 126/126/126
f 126/126/126 163/163/163 164/164/164
f 126/126/126 164/164/164 127/127/127
f 127/127/127 164/164/164 165/165/165
f 127/127/127 165/165/165 128/128/128
f 128/128/128 165/165/165 166/166/166
f 128/128/128 166/166/166 129/129/129
f 129/129/129 166/166/166 167/167/167
f 129/129/129 167/167/167 130/130/130
f 130/130/130 167/167/167 168/168/168
f 130/130/130 168/168/168 131/131/131
f 131/131/131 168/168/168 169/169/169
f 131/131/131 169/169/169 132/132/132
f 132/132/132 169/169/169 170/170/170
f 132/132/132 170/170/170 133/133/133
f 133/133/133 170/170/170 171/171/171
f 133/133/133 171/171/171 134/134/134
f 134/134/134 171/171/171 172/172/172
f 134/134/134 172/172/172 135/135/135
f 135/135/135 172/172/172 173/173/173
f 135/135/135 173/173/173 136/136/136
f 136/136/136 173/173/173 174/174/174
f 136/136/136 174/174/174 137/137/137
f 137/137/137 174/174/174 175/175/175
f 137/137/137 175/175/175 138/138/138
f 138/138/138 175/175/175 176/176/176
f 138/138/138 176/176/176 139/139/139
f 139/139/139 176/176/176 177/177/177
f 139/139/139 177/177/177 140/140/140
f 140/140/140 177/177/177 178/178/178
f 140/140/140 178/178/178 141/141/141
f 141/141/141 178/178/178 179/179/179
f 141/141/141 179/179/179 142/142/142
f 142/142/142 179/179/179 180/180/180
f 142/142/142 180/180/180 143/143/143
f 143/143/143 180/180/180 181/181/181
f 143/143/143 181/181/181 144/144/144
f 144/144/144 181/181/181 182/182/182
f 144/144/144 182/182/182 145/145/145
f 145/145/145 182/182/182 183/183/183
f 145/145/145 183/183/183 146/146/146
f 146/146/146 183/183/183 184/184/184
f 146/146/146 184/184/184 147/147/147
f 147/147/147 184/184/184 185/185/185
f 147/147/147 185/185/185 148/148/148
f 149/149/149 186/186/186 187/187/187
f 149/149/149 187/187/187 150/150/150
f 150/150/150 187/187/187 188/188/188
f 150/150/150 188/188/188 151/151/151
f 151/151/151 188/188/188 189/189/189
f 151/151/151 189/189/189 152/152/152
f 152/152/152 189/189/189 190/190/190
f 152/152/152 190/190/190 153/153/153
f 153/153/153 190/190/190 191/191/191
f 153/153/153 191/191/191 154/154/154
f 154/154/154 191/191/191 192/192/192
f 154/154/154 192/192/192 155/155/155
f 155/155/155 192/192/192 193/193/193
f 155/155/155 193/193/193 156/156/156
f 156/156/156 193/193/193 194/194/194
f 156/156/156 194/194/194 157/157/157
f 157/157/157 194/194/194 195/195/195
f 157/157/157 195/195/195 158/158/158
f 158/158/158 195/195/195 196/196/196
f 158/158/158 196/196/196 159/159/159
f 159/159/159 196/196/196 197/197/197
f 159/159/159 197/197/197 160/160/160
f 160/160/160 197/197/197 198/198/198
f 160/160/160 198/198/198 161/161/161
f 161/161/161 198/198/198 199/199/199
f 161/161/161 199/199/199 162/162/162
f 162/162/162 199/199/199 200/200/200
f 162/162/162 200/200/200 163/163/163
f 163/163/163 200/200/200 201/201/201
f 163/163/163 201/201/201 164/164/164
f 164/164/164 201/201/201 202/202/202
f 164/164/164 202/202/202 165/165/165
f 165/165/165 202/202/202 203/203/203
f 165/165/165 203/203/203 166/166/166
f 166/166/166 203/203/203 204/204/204
f 166/166/166 204/204/204 167/167/167
f 167/167/167 204/204/204 205/205/205
f 167/167/167 205/205/205 168/168/168
f 168/168/168 205/205/205 206/206/206
f 168/168/168 206/206/206 169/169/169
f 169/169/169 206/206/206 207/207/207
f 169/169/169 207/207/207 170/170/170
f 170/170/170 207/207/207 208/208/208
f 170/170/170 208/208/208 171/171/171
f 171/171/171 208/208/208 209/209/209
f 171/171/171 209/209/209 172/172/172
f 172/172/172 209/209/209 210/210/210
f 172/172/172 210/210/210 173/173/173
f 173/173/173 210/210/210 211/211/211
f 173/173/173 211/211/211 174/174/174
f 174/174/174 211/211/211 212/212/212
f 174/174/174 212/212/212 175/175/175
f 175/175/175 212/212/212 213/213/213
f 175/175/175 213/213/213 176/176/176
f 176/176/176 213/213/213 214/214/214
f 176/176/176 214/214/214 177/177/177
f 177/177/177 214/214/214 215/215/215
f 177/177/177 215/215/215 178/178/178
f 178/178/178 215/215/215 216/216/216
f 178/178/178 216/216/216 179/179/179
f 179/179/179 216/216/216 217/217/217
f 179/179/179 217/217/217 180/180/180
f 180/180/180 217/217/217 218/218/218
f 180/180/180 218/218/218 181/181/181
f 181/181/181 218/218/218 219/219/219
f 181/181/181 219/219/219 182/182/182
f 182/182/182 219/219/219 220/220/220
f 182/182/182 220/220/220 183/183/183
f 183/183/183 220/220/220 221/221/221
f 183/183/183 221/221/221 184/184/184
f 184/184/184 221/221/221 222/222/222
f 184/184/184 222/222/222 185/185/185
f 186/186/186 223/223/223 224/224/224
f 186/186/186 224/224/224 187/187/187
f 187/187/187 224/224/224 225/225/225
f 187/187/187 225/225/225 188/188/188
f 188/188/188 225/225/225 226/226/226
f 188/188/188 226/226/226 189/189/189
f 189/189/189 226/226/226 227/227/227
f 189/189/189 227/227/227 190/190/190
f 190/190/190 227/227/227 228/228/228
f 190/190/190 228/228/228 191/191/191
f 191/191/191 228/228/228 229/229/229
f 191/191/191 229/229/229 192/192/192
f 192/192/192 229/229/229 230/230/230
f 192/192/192 230/230/230 193/193/193
f 193/193/193 230/230/230 231/231/231
f 193/193/193 231/231/231 194/194/194
f 194/194/194 231/231/231 232/232/232
f 194/194/194 232/232/232 195/195/195
f 195/195/195 232/232/232 233/233/233
f 195/195/195 233/233/233 196/196/196
f 196/196/196 233/233/233 234/234/234
f 196/196/196 234/234/234 197/197/197
f 197/197/197 234/234/234 235/235/235
f 197/197/197 235/235/235 198/198/198
f 198/198/198 235/235/235 236/236/236
f 198/198/198 236/236/236 199/199/199
f 199/199/199 236/236/236 237/237/237
f 199/199/199 237/237/237 200/200/200
f 200/200/200 237/237/237 238/238/238
f 200/200/200 238/238/238 201/201/201
f 201/201/201 238/238/238 239/239/239
f 201/201/201 239/239/239 202/202/202
f 202/202/202 239/239/239 240/240/240
f 202/202/202 240/240/240 203/203/203
f 203/203/203 240/240/240 241/241/241
f 203/203/203 241/241/241 204/204/204
f 204/204/204 241/241/241 242/242/242
f 204/204/204 242/242/242 205/205/205
f 205/205/205 242/242/242 243/243/243
f 205/205/205 243/243/243 206/206/206
f 206/206/206 243/243/243 244/244/244
f 206/206/206 244/244/244 207/207/207
f 207/207/207 244/244/244 245/245/245
f 207/207/207 245/245/245 208/208/208
f 208/208/208 245/245/245 246/246/246
f 208/208/208 246/246/246 209/209/209
f 209/209/209 246/246/246 247/247/247
f 209/209/209 247/247/247 210/210/210
f 210/210/210 247/247/247 248/248/248
f 210/210/210 248/248/248 211/211/211
f 211/211/211 248/248/248 249/249/249
f 211/211/211 249/249/249 212/212/212
f 212/212/212 249/249/249 250/250/250
f 212/212/212 250/250/250 213/213/213
f 213/213/213 250/250/250 251/251/251
f 213/213/213 251/251/251 214/214/214
f 214/214/214 251/251/251 252/252/252
f 214/214/214 252/252/252 215/215/215
f 215/215/215 252/252/252 253/253/253
f 215/215/215 253/253/253 216/216/216
f 216/216/216 253/253/253 254/254/254
f 216/216/216 254/254/254 217/217/217
f 217/217/217 254/254/254 255/255/255
f 217/217/217 255/255/255 218/218/218
f 218/218/218 255/255/255 256/256/256
f 218/218/218 256/256/256 219/219/219
f 219/219/219 256/256/256 257/257/257
f 219/219/219 257/257/257 220/220/220
f 220/220/220 257/257/257 258/258/258
f 220/220/220 258/258/258 221/221/221
f 221/221/221 258/258/258 259/259/259
f 221/221/221 259/259/259 222/222/222
f 223/223/223 260/260/260 261/261/261
f 223/223/223 261/261/261 224/224/224
f 224/224/224 261/261/261 262/262/262
f 224/224/224 262/262/262 225/225/225
f 225/225/225 262/262/262 263/263/263
f 225/225/225 263/263/263 226/226/226
f 226/226/226 263/263/263 264/264/264
f 226/226/226 264/264/264 227/227/227
f 227/227/227 264/264/264 265/265/265
f 227/227/227 265/265/265 228/228/228
f 228/228/228 265/265/265 266/266/266
f 228/228/228 266/266/266 229/229/229
f 229/229/229 266/266/266 267/267/267
f 229/229/229 267/267/267 230/230/230
f 230/230/230 267/267/267 268/268/268
f 230/230/230 268/268/268 231/231/231
f 231/231/231 268/268/268 269/269/269
f 231/231/231 269/269/269 232/232/232
f 232/232/232 269/269/269 270/270/270
f 232/232/232 270/270/270 233/233/233
f 233/233/233 270/270/270 271/271/271
f 233/233/233 271/271/271 234/234/234
f 234/234/234 271/271/271 272/272/272
f 234/234/234 272/272/272 235/235/235
f 235/235/235 272/272/272 273/273/273
f 235/235/235 273/273/273 236/236/236
f 236/236/236 273/273/273 274/274/274
f 236/236/236 274/274/274 237/237/237
f 237/237/237 274/274/274 275/275/275
f 237/237/237 275/275/275 238/238/238
f 238/238/238 275/275/275 276/276/276
f 238/238/238 276/276/276 239/239/239
f 239/239/239 276/276/276 277/277/277
f 239/239/239 277/277/277 240/240/240
f 240/240/240 277/277/277 278/278/278
f 240/240/240 278/278/278 241/241/241
f 241/241/241 278/278/278 279/279/279
f 241/241/241 279/279/279 242/242/242
f 242/242/242 279/279/279 280/280/280
f 242/242/242 280/280/280 243/243/243
f 243/243/243 280/280/280 281/281/281
f 243/243/243 281/281/281 244/244/244
f 244/244/244 281/281/281 282/282/282
f 244/244/244 282/282/282 245/245/245
f 245/245/245 282/282/282 283/283/283
f 245/245/245 283/283/283 246/246/246
f 246/246/246 283/283/283 284/284/284
f 246/246/246 284/284/284 247/247/247
f 247/247/247 284/284/284 285/285/285
f 247/247/247 285/285/285 248/248/248
f 248/248/248 285/285/285 286/286/286
f 248/248/248 286/286/286 249/249/249
f 249/249/249 286/286/286 287/287/287
f 249/249/249 287/287/287 250/250/250
f 250/250/250 287/287/287 288/288/288
f 250/250/250 288/288/288 251/251/251
f 251/251/251 288/288/288 289/289/289
f 251/251/251 289/289/289 252/252/252
f 252/252/252 289/289/289 290/290/290
f 252/252/252 290/290/290 253/253/253
f 253/253/253 290/290/290 291/291/291
f 253/253/253 291/291/291 254/254/254
f 254/254/254 291/291/291 292/292/292
f 254/254/254 292/292/292 255/255/255
f 255/255/255 292/292/292 293/293/293
f 255/255/255 293/293/293 256/256/256
f 256/256/256 293/293/293 294/294/294
f 256/256/256 294/294/294 257/257/257
f 257/257/257 294/294/294 295/295/295
f 257/257/257 295/295/295 258/258/258
f 258/258/258 295/295/295 296/296/296
f 258/258/258 296/296/296 259/259/259
f 260/260/260 297/297/297 298/298/298
f 260/260/260 298/298/298 261/261/261
f 261/261/261 298/298/298 299/299/299
f 261/261/261 299/299/299 262/262/262
f 262/262/262 299/299/299 300/300/300
f 262/262/262 300/300/300 263/263/263
f 263/263/263 300/300/300 301/301/301
f 263/263/263 301/301/301 264/264/264
f 264/264/264 301/301/301 302/302/302
f 264/264/264 302/302/302 265/265/265
f 265/265/265 302/302/302 303/303/303
f 265/265/265 303/303/303 266/266/266
f 266/266/266 303/303/303 304/304/304
f 266/266/266 304/304/304 267/267/267
f 267/267/267 304/304/304 305/305/305
f 267/267/267 305/305/305 268/268/268
f 268/268/268 305/305/305 306/306/306
f 268/268/268 306/306/306 269/269/269
f 269/269/269 306/306/306 307/307/307
f 269/269/269 307/307/307 270/270/270
f 270/270/270 307/307/307 308/308/308
f 270/270/270 308/308/308 271/271/271
f 271/271/271 308/308/308 309/309/309
f 271/271/271 309/309/309 272/272/272
f 272/272/272 309/309/309 310/310/310
f 272/272/272 310/310/310 273/273/273
f 273/273/273 310/310/310 311/311/311
f 273/273/273 311/311/311 274/274/274
f 274/274/274 311/311/311 312/312/312
f 274/274/274 312/312/312 275/275/275
f 275/275/275 312/312/312 313/313/313
f 275/275/275 313/313/313 276/276/276
f 276/276/276 313/313/313 314/314/314
f 276/276/276 314/314/314 277/277/277
f 277/277/277 314/314/314 315/315/315
f 277/277/277 315/315/315 278/278/278
f 278/278/278 315/315/315 316/316/316
f 278/278/278 316/316/316 279/279/279
f 279/279/279 316/316/316 317/317/317
f 279/279/279 317/317/317 280/280/280
f 280/280/280 317/317/317 318/318/318
f 280/280/280 318/318/318 281/281/281
f 281/281/281 318/318/318 319/319/319
f 281/281/281 319/319/319 282/282/282
f 282/282/282 319/319/319 320/320/320
f 282/282/282 320/320/320 283/283/283
f 283/283/283 320/320/320 321/321/321
f 283/283/283 321/321/321 284/284/284
f 284/284/284 321/321/321 322/322/322
f 284/284/284 322/322/322 285/285/285
f 285/285/285 322/322/322 323/323/323
f 285/285/285 323/323/323 286/286/286
f 286/286/286 323/323/323 324/324/324
f 286/286/286 324/324/324 287/287/287
f 287/287/287 324/324/324 325/325/325
f 287/287/287 325/325/325 288/288/288
f 288/288/288 325/325/325 326/326/326
f 288/288/288 326/326/326 289/289/289
f 289/289/289 326/326/326 327/327/327
f 289/289/289 327/327/327 290/290/290
f 290/290/290 327/327/327 328/328/328
f 290/290/290 328/328/328 291/291/291
f 291/291/291 328/328/328 329/329/329
f 291/291/291 329/329/329 292/292/292
f 292/292/292 329/329/329 330/330/330
f 292/292/292 330/330/330 293/293/293
f 293/293/293 330/330/330 331/331/331
f 293/293/293 331/331/331 294/294/294
f 294/294/294 331/331/331 332/332/332
f 294/294/294 332/332/332 295/295/295
f 295/295/295 332/332/332 333/333/333
f 295/295/295 333/333/333 296/296/296
f 297/297/297 334/334/334 335/335/335
f 297/297/297 335/335/335 298/298/298
f 298/298/298 335/335/335 336/336/336
f 298/298/298 336/336/336 299/299/299
f 299/299/299 336/336/336 337/337/337
f 299/299/299 337/337/337 300/300/300
f 300/300/300 337/337/337 338/338/338
f 300/300/300 338/338/338 301/301/301
f 301/301/301 338/338/338 339/339/339
f 301/301/301 339/339/339 302/302/302
f 302/302/302 339/339/339 340/340/340
f 302/302/302 340/340/340 303/303/303
f 303/303/303 340/340/340 341/341/341
f 303/303/303 341/341/341 304/304/304
f 304/304/304 341/341/341 342/342/342
f 304/304/304 342/342/342 305/305/305
f 305/305/305 342/342/342 343/343/343
f 305/305/305 343/343/343 306/306/306
f 306/306/306 343/343/343 344/344/344
f 306/306/306 344/344/344 307/307/307
f 307/307/307 344/344/344 345/345/345
f 307/307/307 345/345/345 308/308/308
f 308/308/308 345/345/345 346/346/346
f 308/308/308 346/346/346 309/309/309
f 309/309/309 346/346/346 347/347/347
f 309/309/309 347/347/347 310/310/310
f 310/310/310 347/347/347 348/348/348
f 310/310/310 348/348/348 311/311/311
f 311/311/311 348/348/348 349/349/349
f 311/311/311 349/349/349 312/312/312
f 312/312/312 349/349/349 350/350/350
f 312/312/312 350/350/350 313/313/313
f 313/313/313 350/350/350 351/351/351
f 313/313/313 351/351/351 314/314/314
f 314/314/314 351/351/351 352/352/352
f 314/314/314 352/352/352 315/315/315
f 315/315/315 352/352/352 353/353/353
f 315/315/315 353/353/353 316/316/316
f 316/316/316 353/353/353 354/354/354
f 316/316/316 354/354/354 317/317/317
f 317/317/317 354/354/354 355/355/355
f 317/317/317 355/355/355 318/318/318
f 318/318/318 355/355/355 356/356/356
f 318/318/318 356/356/356 319/319/319
f 319/319/319 356/356/356 357/357/357
f 319/319/319 357/357/357 320/320/320
f 320/320/320 357/357/357 358/358/358
f 320/320/320 358/358/358 321/321/321
f 321/321/321 358/358/358 359/359/359
f 321/321/321 359/359/359 322/322/322
f 322/322/322 359/359/359 360/360/360
f 322/322/322 360/360/360 323/323/323
f 323/323/323 360/360/360 361/361/361
f 323/323/323 361/361/361 324/324/324
f 324/324/324 361/361/361 362/362/362
f 324/324/324 362/362/362 325/325/325
f 325/325/325 362/362/362 363/363/363
f 325/325/325 363/363/363 326/326/326
f 326/326/326 363/363/363 364/364/364
f 326/326/326 364/364/364 327/327/327
f 327/327/327 364/364/364 365/365/365
f 327/327/327 365/365/365 328/328/328
f 328/328/328 365/365/365 366/366/366
f 328/328/328 366/366/366 329/329/329
f 329/329/329 366/366/366 367/367/367
f 329/329/329 367/367/367 330/330/330
f 330/330/330 367/367/367 368/368/368
f 330/330/330 368/368/368 331/331/331
f 331/331/331 368/368/368 369/369/369
f 331/331/331 369/369/369 332/332/332
f 332/332/332 369/369/369 370/370/370
f 332/332/332 370/370/370 333/333/333
f 334/334/334 371/371/371 372/372/372
f 334/334/334 372/372/372 335/335/335
f 335/335/335 372/372/372 373/373/373
f 335/335/335 373/373/373 336/336/336
f 336/336/336 373/373/373 374/374/374
f 336/336/336 374/374/374 337/337/337
f 337/337/337 374/374/374 375/375/375
f 337/337/337 375/375/375 338/338/338
f 338/338/338 375/375/375 376/376/376
f 338/338/338 376/376/376 339/339/339
f 339/339/339 376/376/376 377/377/377
f 339/339/339 377/377/377 340/340/340
f 340/340/340 377/377/377 378/378/378
f 340/340/340 378/378/378 341/341/341
f 341/341/341 378/378/378 379/379/379
f 341/341/341 379/379/379 342/342/342
f 342/342/342 379/379/379 380/380/380
f 342/342/342 380/380/380 343/343/343
f 343/343/343 380/380/380 381/381/381
f 343/343/343 381/381/381 344/344/344
f 344/344/344 381/381/381 382/382/382
f 344/344/344 382/382/382 345/345/345
f 345/345/345 382/382/382 383/383/383
f 345/345/345 383/383/383 346/346/346
f 346/346/346 383/383/383 384/384/384
f 346/346/346 384/384/384 347/347/347
f 347/347/347 384/384/384 385/385/385
f 347/347/347 385/385/385 348/348/348
f 348/348/348 385/385/385 386/386/386
f 348/348/348 386/386/386 349/349/349
f 349/349/349 386/386/386 387/387/387
f 349/349/349 387/387/387 350/350/350
f 350/350/350 387/387/387 388/388/388
f 350/350/350 388/388/388 351/351/351
f 351/351/351 388/388/388 389/389/389
f 351/351/351 389/389/389 352/352/352
f 352/352/352 389/389/389 390/390/390
f 352/352/352 390/390/390 353/353/353
f 353/353/353 390/390/390 391/391/391
f 353/353/353 391/391/391 354/354/354
f 354/354/354 391/391/391 392/392/392
f 354/354/354 392/392/392 355/355/355
f 355/355/355 392/392/392 393/393/393
f 355/355/355 393/393/393 356/356/356
f 356/356/356 393/393/393 394/394/394
f 356/356/356 394/394/394 357/357/357
f 357/357/357 394/394/394 395/395/395
f 357/357/357 395/395/395 358/358/358
f 358/358/358 395/395/395 396/396/396
f 358/358/358 396/396/396 359/359/359
f 359/359/359 396/396/396 397/397/397
f 359/359/359 397/397/397 360/360/360
f 360/360/360 397/397/397 398/398/398
f 360/360/360 398/398/398 361/361/361
f 361/361/361 398/398/398 399/399/399
f 361/361/361 399/399/399 362/362/362
f 362/362/362 399/399/399 400/400/400
f 362/362/362 400/400/400 363/363/363
f 363/363/363 400/400/400 401/401/401
f 363/363/363 401/401/401 364/364/364
f 364/364/364 401/401/401 402/402/402
f 364/364/364 402/402/402 365/365/365
f 365/365/365 402/402/402 403/403/403
f 365/365/365 403/403/403 366/366/366
f 366/366/366 403/403/403 404/404/404
f 366/366/366 404/404/404 367/367/367
f 367/367/367 404/404/404 405/405/405
f 367/367/367 405/405/405 368/368/368
f 368/368/368 405/405/405 406/406/406
f 368/368/368 406/406/406 369/369/369
f 369/369/369 406/406/406 407/407/407
f 369/369/369 407/407/407 370/370/370
f 371/371/371 408/408/408 409/409/409
f 371/371/371 409/409/409 372/372/372
f 372/372/372 409/409/409 410/410/410
f 372/372/372 410/410/410 373/373/373
f 373/373/373 410/410/410 411/411/411
f 373/373/373 411/411/411 374/374/374
f 374/374/374 411/411/411 412/412/412
f 374/374/374 412/412/412 375/375/375
f 375/375/375 412/412/412 413/413/413
f 375/375/375 413/413/413 376/376/376
f 376/376/376 413/413/413 414/414/414
f 376/376/376 414/414/414 377/377/377
f 377/377/377 414/414/414 415/415/415
f 377/377/377 415/415/415 378/378/378
f 378/378/378 415/415/415 416/416/416
f 378/378/378 416/416/416 379/379/379
f 379/379/379 416/416/416 417/417/417
f 379/379/379 417/417/417 380/380/380
f 380/380/380 417/417/417 418/418/418
f 380/380/380 418/418/418 381/381/381
f 381/381/381 418/418/418 419/419/419
f 381/381/381 419/419/419 382/382/382
f 382/382/382 419/419/419 420/420/420
f 382/382/382 420/420/420 383/383/383
f 383/383/383 420/420/420 421/421/421
f 383/383/383 421/421/421 384/384/384
f 384/384/384 421/421/421 422/422/422
f 384/384/384 422/422/422 385/385/385
f 385/385/385 422/422/422 423/423/423
f 385/385/385 423/423/423 386/386/386
f 386/386/386 423/423/423 424/424/424
f 386/386/386 424/424/424 387/387/387
f 387/387/387 424/424/424 425/425/425
f 387/387/387 425/425/425 388/388/388
f 388/388/388 425/425/425 426/426/426
f 388/388/388 426/426/426 389/389/389
f 389/389/389 426/426/426 427/427/427
f 389/389/389 427/427/427 390/390/390
f 390/390/390 427/427/427 428/428/428
f 390/390/390 428/428/428 391/391/391
f 391/391/391 428/428/428 429/429/429
f 391/391/391 429/429/429 392/392/392
f 392/392/392 429/429/429 430/430/430
f 392/392/392 430/430/430 393/393/393
f 393/393/393 430/430/430 431/431/431
f 393/393/393 431/431/431 394/394/394
f 394/394/394 431/431/431 432/432/432
f 394/394/394 432/432/432 395/395/395
f 395/395/395 432/432/432 433/433/433
f 395/395/395 433/433/433 396/396/396
f 396/396/396 433/433/433 434/434/434
f 396/396/396 434/434/434 397/397/397
f 397/397/397 434/434/434 435/435/435
f 397/397/397 435/435/435 398/398/398
f 398/398/398 435/435/435 436/436/436
f 398/398/398 436/436/436 399/399/399
f 399/399/399 436/436/436 437/437/437
f 399/399/399 437/437/437 400/400/400
f 400/400/400 437/437/437 438/438/438
f 400/400/400 438/438/438 401/401/401
f 401/401/401 438/438/438 439/439/439
f 401/401/401 439/439/439 402/402/402
f 402/402/402 439/439/439 440/440/440
f 402/402/402 440/440/440 403/403/403
f 403/403/403 440/440/440 441/441/441
f 403/403/403 441/441/441 404/404/404
f 404/404/404 441/441/441 442/442/442
f 404/404/404 442/442/442 405/405/405
f 405/405/405 442/442/442 443/443/443
f 405/405/405 443/443/443 406/406/406
f 406/406/406 443/443/443 444/444/444
f 406/406/406 444/444/444 407/407/407
f 408/408/408 445/445/445 446/446/446
f 408/408/408 446/446/446 409/409/409
f 409/409/409 446/446/446 447/447/447
f 409/409/409 447/447/447 410/410/410
f 410/410/410 447/447/447 448/448/448
f 410/410/410 448/448/448 411/411/411
f 411/411/411 448/448/448 449/449/449
f 411/411/411 449/449/449 412/412/412
f 412/412/412 449/449/449 450/450/450
f 412/412/412 450/450/450 413/413/413
f 413/413/413 450/450/450 451/451/451
f 413/413/413 451/451/451 414/414/414
f 414/414/414 451/451/451 452/452/452
f 414/414/414 452/452/452 415/415/415
f 415/415/415 452/452/452 453/453/453
f 415/415/415 453/453/453 416/416/416
f 416/416/416 453/453/453 454/454/454
f 416/416/416 454/454/454 417/417/417
f 417/417/417 454/454/454 455/455/455
f 417/417/417 455/455/455 418/418/418
f 418/418/418 455/455/455 456/456/456
f 418/418/418 456/456/456 419/419/419
f 419/419/419 456/456/456 457/457/457
f 419/419/419 457/457/457 420/420/420
f 420/420/420 457/457/457 458/458/458
f 420/420/420 458/458/458 421/421/421
f 421/421/421 458/458/458 459/459/459
f 421/421/421 459/459/459 422/422/422
f 422/422/422 459/459/459 460/460/460
f 422/422/422 460/460/460 423/423/423
f 423/423/423 460/460/460 461/461/461
f 423/423/423 461/461/461 424/424/424
f 424/424/424 461/461/461 462/462/462
f 424/424/424 462/462/462 425/425/425
f 425/425/425 462/462/462 463/463/463
f 425/425/425 463/463/463 426/426/426
f 426/426/426 463/463/463 464/464/464
f 426/426/426 464/464/464 427/427/427
f 427/427/427 464/464/464 465/465/465
f 427/427/427 465/465/465 428/428/428
f 428/428/428 465/465/465 466/466/466
f 428/428/428 466/466/466 429/429/429
f 429/429/429 466/466/466 467/467/467
f 429/429/429 467/467/467 430/430/430
f 430/430/430 467/467/467 468/468/468
f 430/430/430 468/468/468 431/431/431
f 431/431/431 468/468/468 469/469/469
f 431/431/431 469/469/469 432/432/432
f 432/432/432 469/469/469 470/470/470
f 432/432/432 470/470/470 433/433/433
f 433/433/433 470/470/470 471/471/471
f 433/433/433 471/471/471 434/434/434
f 434/434/434 471/471/471 472/472/472
f 434/434/434 472/472/472 435/435/435
f 435/435/435 472/472/472 473/473/473
f 435/435/435 473/473/473 436/436/436
f 436/436/436 473/473/473 474/474/474
f 436/436/436 474/474/474 437/437/437
f 437/437/437 474/474/474 475/475/475
f 437/437/437 475/475/475 438/438/438
f 438/438/438 475/475/475 476/476/476
f 438/438/438 476/476/476 439/439/439
f 439/439/439 476/476/476 477/477/477
f 439/439/439 477/477/477 440/440/440
f 440/440/440 477/477/477 478/478/478
f 440/440/440 478/478/478 441/441/441
f 441/441/441 478/478/478 479/479/479
f 441/441/441 479/479/479 442/442/442
f 442/442/442 479/479/479 480/480/480
f 442/442/442 480/480/480 443/443/443
f 443/443/443 480/480/480 481/481/481
f 443/443/443 481/481/481 444/444/444
f 445/445/445 482/482/482 483/483/483
f 445/445/445 483/483/483 446/446/446
f 446/446/446 483/483/483 484/484/484
f 446/446/446 484/484/484 447/447/447
f 447/447/447 484/484/484 485/485/485
f 447/447/447 485/485/485 448/448/448
f 448/448/448 485/485/485 486/486/486
f 448/448/448 486/486/486 449/449/449
f 449/449/449 486/486/486 487/487/487
f 449/449/449 487/487/487 450/450/450
f 450/450/450 487/487/487 488/488/488
f 450/450/450 488/488/488 451/451/451
f 451/451/451 488/488/488 489/489/489
f 451/451/451 489/489/489 452/452/452
f 452/452/452 489/489/489 490/490/490
f 452/452/452 490/490/490 453/453/453
f 453/453/453 490/490/490 491/491/491
f 453/453/453 491/491/491 454/454/454
f 454/454/454 491/491/491 492/492/492
f 454/454/454 492/492/492 455/455/455
f 455/455/455 492/492/492 493/493/493
f 455/455/455 493/493/493 456/456/456
f 456/456/456 493/493/493 494/494/494
f 456/456/456 494/494/494 457/457/457
f 457/457/457 494/494/494 495/495/495
f 457/457/457 495/495/495 458/458/458
f 458/458/458 495/495/495 496/496/496
f 458/458/458 496/496/496 459/459/459
f 459/459/459 496/496/496 497/497/497
f 459/459/459 497/497/497 460/460/460
f 460/460/460 497/497/497 498/498/498
f 460/460/460 498/498/498 461/461/461
f 461/461/461 498/498/498 499/499/499
f 461/461/461 499/499/499 462/462/462
f 462/462/462 499/499/499 500/500/500
f 462/462/462 500/500/500 463/463/463
f 463/463/463 500/500/500 501/501/501
f 463/463/463 501/501/501 464/464/464
f 464/464/464 501/501/501 502/502/502
f 464/464/464 502/502/502 465/465/465
f 465/465/465 502/502/502 503/503/503
f 465/465/465 503/503/503 466/466/466
f 466/466/466 503/503/503 504/504/504
f 466/466/466 504/504/504 467/467/467
f 467/467/467 504/504/504 505/505/505
f 467/467/467 505/505/505 468/468/468
f 468/468/468 505/505/505 506/506/506
f 468/468/468 506/506/506 469/469/469
f 469/469/469 506/506/506 507/507/507
f 469/469/469 507/507/507 470/470/470
f 470/470/470 507/507/507 508/508/508
f 470/470/470 508/508/508 471/471/471
f 471/471/471 508/508/508 509/509/509
f 471/471/471 509/509/509 472/472/472
f 472/472/472 509/509/509 510/510/510
f 472/472/472 510/510/510 473/473/473
f 473/473/473 510/510/510 511/511/511
f 473/473/473 511/511/511 474/474/474
f 474/474/474 511/511/511 512/512/512
f 474/474/474 512/512/512 475/475/475
f 475/475/475 512/512/512 513/513/513
f 475/475/475 513/513/513 476/476/476
f 476/476/476 513/513/513 514/514/514
f 476/476/476 514/514/514 477/477/477
f 477/477/477 514/514/514 515/515/515
f 477/477/477 515/515/515 478/478/478
f 478/478/478 515/515/515 516/516/516
f 478/478/478 516/516/516 479/479/479
f 479/479/479 516/516/516 517/517/517
f 479/479/479 517/517/517 480/480/480
f 480/480/480 517/517/517 518/518/518
f 480/480/480 518/518/518 481/481/481
f 482/482/482 519/519/519 520/520/520
f 482/482/482 520/520/520 483/483/483
f 483/483/483 520/520/520 521/521/521
f 483/483/483 521/521/521 484/484/484
f 484/484/484 521/521/521 522/522/522
f 484/484/484 522/522/522 485/485/485
f 485/485/485 522/522/522 523/523/523
f 485/485/485 523/523/523 486/486/486
f 486/486/486 523/523/523 524/524/524
f 486/486/486 524/524/524 487/487/487
f 487/487/487 524/524/524 525/525/525
f 487/487/487 525/525/525 488/488/488
f 488/488/488 525/525/525 526/526/526
f 488/488/488 526/526/526 489/489/489
f 489/489/489 526/526/526 527/527/527
f 489/489/489 527/527/527 490/490/490
f 490/490/490 527/527/527 528/528/528
f 490/490/490 528/528/528 491/491/491
f 491/491/491 528/528/528 529/529/529
f 491/491/491 529/529/529 492/492/492
f 492/492/492 529/529/529 530/530/530
f 492/492/492 530/530/530 493/493/493
f 493/493/493 530/530/530 531/531/531
f 493/493/493 531/531/531 494/494/494
f 494/494/494 531/531/531 532/532/532
f 494/494/494 532/532/532 495/495/495
f 495/495/495 532/532/532 533/533/533
f 495/495/495 533/533/533 496/496/496
f 496/496/496 533/533/533 534/534/534
f 496/496/496 534/534/534 497/497/497
f 497/497/497 534/534/534 535/535/535
f 497/497/497 535/535/535 498/498/498
f 498/498/498 535/535/535 536/536/536
f 498/498/498 536/536/536 499/499/499
f 499/499/499 536/536/536 537/537/537
f 499/499/499 537/537/537 500/500/500
f 500/500/500 537/537/537 538/538/538
f 500/500/500 538/538/538 501/501/501
f 501/501/501 538/538/538 539/539/539
f 501/501/501 539/539/539 502/502/502
f 502/502/502 539/539/539 540/540/540
f 502/502/502 540/540/540 503/503/503
f 503/503/503 540/540/540 541/541/541
f 503/503/503 541/541/541 504/504/504
f 504/504/504 541/541/541 542/542/542
f 504/504/504 542/542/542 505/505/505
f 505/505/505 542/542/542 543/543/543
f 505/505/505 543/543/543 506/506/506
f 506/506/506 543/543/543 544/544/544
f 506/506/506 544/544/544 507/507/507
f 507/507/507 544/544/544 545/545/545
f 507/507/507 545/545/545 508/508/508
f 508/508/508 545/545/545 546/546/546
f 508/508/508 546/546/546 509/509/509
f 509/509/509 546/546/546 547/547/547
f 509/509/509 547/547/547 510/510/510
f 510/510/510 547/547/547 548/548/548
f 510/510/510 548/548/548 511/511/511
f 511/511/511 548/548/548 549/549/549
f 511/511/511 549/549/549 512/512/512
f 512/512/512 549/549/549 550/550/550
f 512/512/512 550/550/550 513/513/513
f 513/513/513 550/550/550 551/551/551
f 513/513/513 551/551/551 514/514/514
f 514/514/514 551/551/551 552/552/552
f 514/514/514 552/552/552 515/515/515
f 515/515/515 552/552/552 553/553/553
f 515/515/515 553/553/553 516/516/516
f 516/516/516 553/553/553 554/554/554
f 516/516/516 554/554/554 517/517/517
f 517/517/517 554/554/554 555/555/555
f 517/517/517 555/555/555 518/518/518
f 519/519/519 556/556/556 557/557/557
f 519/519/519 557/557/557 520/520/520
f 520/520/520 557/557/557 558/558/558
f 520/520/520 558/558/558 521/521/521
f 521/521/521 558/558/558 559/559/559
f 521/521/521 559/559/559 522/522/522
f 522/522/522 559/559/559 560/560/560
f 522/522/522 560/560/560 523/523/523
f 523/523/523 560/560/560 561/561/561
f 523/523/523 561/561/561 524/524/524
f 524/524/524 561/561/561 562/562/562
f 524/524/524 562/562/562 525/525/525
f 525/525/525 562/562/562 563/563/563
f 525/525/525 563/563/563 526/526/526
f 526/526/526 563/563/563 564/564/564
f 526/526/526 564/564/564 527/527/527
f 527/527/527 564/564/564 565/565/565
f 527/527/527 565/565/565 528/528/528
f 528/528/528 565/565/565 566/566/566
f 528/528/528 566/566/566 529/529/529
f 529/529/529 566/566/566 567/567/567
f 529/529/529 567/567/567 530/530/530
f 530/530/530 567/567/567 568/568/568
f 530/530/530 568/568/568 531/531/531
f 531/531/531 568/568/568 569/569/569
f 531/531/531 569/569/569 532/532/532
f 532/532/532 569/569/569 570/570/570
f 532/532/532 570/570/570 533/533/533
f 533/533/533 570/570/570 571/571/571
f 533/533/533 571/571/571 534/534/534
f 534/534/534 571/571/571 572/572/572
f 534/534/534 572/572/572 535/535/535
f 535/535/535 572/572/572 573/573/573
f 535/535/535 573/573/573 536/536/536
f 536/536/536 573/573/573 574/574/574
f 536/536/536 574/574/574 537/537/537
f 537/537/537 574/574/574 575/575/575
f 537/537/537 575/575/575 538/538/538
f 538/538/538 575/575/575 576/576/576
f 538/538/538 576/576/576 539/539/539
f 539/539/539 576/576/576 577/577/577
f 539/539/539 577/577/577 540/540/540
f 540/540/540 577/577/577 578/578/578
f 540/540/540 578/578/578 541/541/541
f 541/541/541 578/578/578 579/579/579
f 541/541/541 579/579/579 542/542/542
f 542/542/542 579/579/579 580/580/580
f 542/542/542 580/580/580 543/543/543
f 543/543/543 580/580/580 581/581/581
f 543/543/543 581/581/581 544/544/544
f 544/544/544 581/581/581 582/582/582
f 544/544/544 582/582/582 545/545/545
f 545/545/545 582/582/582 583/583/583
f 545/545/545 583/583/583 546/546/546
f 546/546/546 583/583/583 584/584/584
f 546/546/546 584/584/584 547/547/547
f 547/547/547 584/584/584 585/585/585
f 547/547/547 585/585/585 548/548/548
f 548/548/548 585/585/585 586/586/586
f 548/548/548 586/586/586 549/549/549
f 549/549/549 586/586/586 587/587/587
f 549/549/549 587/587/587 550/550/550
f 550/550/550 587/587/587 588/588/588
f 550/550/550 588/588/588 551/551/551
f 551/551/551 588/588/588 589/589/589
f 551/551/551 589/589/589 552/552/552
f 552/552/552 589/589/589 590/590/590
f 552/552/552 590/590/590 553/553/553
f 553/553/553 590/590/590 591/591/591
f 553/553/553 591/591/591 554/554/554
f 554/554/554 591/591/591 592/592/592
f 554/554/554 592/592/592 555/555/555
f 556/556/556 593/593/593 594/594/594
f 556/556/556 594/594/594 557/557/557
f 557/557/557 594/594/594 595/595/595
f 557/557/557 595/595/595 558/558/558
f 558/558/558 595/595/595 596/596/596
f 558/558/558 596/596/596 559/559/559
f 559/559/559 596/596/596 597/597/597
f 559/559/559 597/597/597 560/560/560
f 560/560/560 597/597/597 598/598/598
f 560/560/560 598/598/598 561/561/561
f 561/561/561 598/598/598 599/599/599
f 561/561/561 599/599/599 562/562/562
f 562/562/562 599/599/599 600/600/600
f 562/562/562 600/600/600 563/563/563
f 563/563/563 600/600/600 601/601/601
f 563/563/563 601/601/601 564/564/564
f 564/564/564 601/601/601 602/602/602
f 564/564/564 602/602/602 565/565/565
f 565/565/565 602/602/602 603/603/603
f 565/565/565 603/603/603 566/566/566
f 566/566/566 603/603/603 604/604/604
f 566/566/566 604/604/604 567/567/567
f 567/567/567 604/604/604 605/605/605
f 567/567/567 605/605/605 568/568/568
f 568/568/568 605/605/605 606/606/606
f 568/568/568 606/606/606 569/569/569
f 569/569/569 606/606/606 607/607/607
f 569/569/569 607/607/607 570/570/570
f 570/570/570 607/607/607 608/608/608
f 570/570/570 608/608/608 571/571/571
f 571/571/571 608/608/608 609/609/609
f 571/571/571 609/609/609 572/572/572
f 572/572/572 609/609/609 610/610/610
f 572/572/572 610/610/610 573/573/573
f 573/573/573 610/610/610 611/611/611
f 573/573/573 611/611/611 574/574/574
f 574/574/574 611/611/611 612/612/612
f 574/574/574 612/612/612 575/575/575
f 575/575/575 612/612/612 613/613/613
f 575/575/575 613/613/613 576/576/576
f 576/576/576 613/613/613 614/614/614
f 576/576/576 614/614/614 577/577/577
f 577/577/577 614/614/614 615/615/615
f 577/577/577 615/615/615 578/578/578
f 578/578/578 615/615/615 616/616/616
f 578/578/578 616/616/616 579/579/579
f 579/579/579 616/616/616 617/617/617
f 579/579/579 617/617/617 580/580/580
f 580/580/580 617/617/617 618/618/618
f 580/580/580 618/618/618 581/581/581
f 581/581/581 618/618/618 619/619/619
f 581/581/581 619/619/619 582/582/582
f 582/582/582 619/619/619 620/620/620
f 582/582/582 620/620/620 583/583/583
f 583/583/583 620/620/620 621/621/621
f 583/583/583 621/621/621 584/584/584
f 584/584/584 621/621/621 622/622/622
f 584/584/584 622/622/622 585/585/585
f 585/585/585 622/622/622 623/623/623
f 585/585/585 623/623/623 586/586/586
f 586/586/586 623/623/623 624/624/624
f 586/586/586 624/624/624 587/587/587
f 587/587/587 624/624/624 625/625/625
f 587/587/587 625/625/625 588/588/588
f 588/588/588 625/625/625 626/626/626
f 588/588/588 626/626/626 589/589/589
f 589/589/589 626/626/626 627/627/627
f 589/589/589 627/627/627 590/590/590
f 590/590/590 627/627/627 628/628/628
f 590/590/590 628/628/628 591/591/591
f 591/591/591 628/628/628 629/629/629
f 591/591/591 629/629/629 592/592/592
f 593/593/593 630/630/630 631/631/631
f 593/593/593 631/631/631 594/594/594
f 594/594/594 631/631/631 632/632/632
f 594/594/594 632/632/632 595/595/595
f 595/595/595 632/632/632 633/633/633
f 595/595/595 633/633/633 596/596/596
f 596/596/596 633/633/633 634/634/634
f 596/596/596 634/634/634 597/597/597
f 597/597/597 634/634/634 635/635/635
f 597/597/597 635/635/635 598/598/598
f 598/598/598 635/635/635 636/636/636
f 598/598/598 636/636/636 599/599/599
f 599/599/599 636/636/636 637/637/637
f 599/599/599 637/637/637 600/600/600
f 600/600/600 637/637/637 638/638/638
f 600/600/600 638/638/638 601/601/601
f 601/601/601 638/638/638 639/639/639
f 601/601/601 639/639/639 602/602/602
f 602/602/602 639/639/639 640/640/640
f 602/602/602 640/640/640 603/603/603
f 603/603/603 640/640/640 641/641/641
f 603/603/603 641/641/641 604/604/604
f 604/604/604 641/641/641 642/642/642
f 604/604/604 642/642/642 605/605/605
f 605/605/605 642/642/642 643/643/643
f 605/605/605 643/643/643 606/606/606
f 606/606/606 643/643/643 644/644/644
f 606/606/606 644/644/644 607/607/607
f 607/607/607 644/644/644 645/645/645
f 607/607/607 645/645/645 608/608/608
f 608/608/608 645/645/645 646/646/646
f 608/608/608 646/646/646 609/609/609
f 609/609/609 646/646/646 647/647/647
f 609/609/609 647/647/647 610/610/610
f 610/610/610 647/647/647 648/648/648
f 610/610/610 648/648/648 611/611/611
f 611/611/611 648/648/648 649/649/649
f 611/611/611 649/649/649 612/612/612
f 612/612/612 649/649/649 650/650/650
f 612/612/612 650/650/650 613/613/613
f 613/613/613 650/650/650 651/651/651
f 613/613/613 651/651/651 614/614/614
f 614/614/614 651/651/651 652/652/652
f 614/614/614 652/652/652 615/615/615
f 615/615/615 652/652/652 653/653/653
f 615/615/615 653/653/653 616/616/616
f 616/616/616 653/653/653 654/654/654
f 616/616/616 654/654/654 617/617/617
f 617/617/617 654/654/654 655/655/655
f 617/617/617 655/655/655 618/618/618
f 618/618/618 655/655/655 656/656/656
f 618/618/618 656/656/656 619/619/619
f 619/619/619 656/656/656 657/657/657
f 619/619/619 657/657/657 620/620/620
f 620/620/620 657/657/657 658/658/658
f 620/620/620 658/658/658 621/621/621
f 621/621/621 658/658/658 659/659/659
f 621/621/621 659/659/659 622/622/622
f 622/622/622 659/659/659 660/660/660
f 622/622/622 660/660/660 623/623/623
f 623/623/623 660/660/660 661/661/661
f 623/623/623 661/661/661 624/624/624
f 624/624/624 661/661/661 662/662/662
f 624/624/624 662/662/662 625/625/625
f 625/625/625 662/662/662 663/663/663
f 625/625/625 663/663/663 626/626/626
f 626/626/626 663/663/663 664/664/664
f 626/626/626 664/664/664 627/627/627
f 627/627/627 664/664/664 665/665/665
f 627/627/627 665/665/665 628/628/628
f 628/628/628 665/665/665 666/666/666
f 628/628/628 666/666/666 629/629/629
f 630/630/630 667/667/667 668/668/668
f 630/630/630 668/668/668 631/631/631
f 631/631/631 668/668/668 669/669/669
f 631/631/631 669/669/669 632/632/632
f 632/632/632 669/669/669 670/670/670
f 632/632/632 670/670/670 633/633/633
f 633/633/633 670/670/670 671/671/671
f 633/633/633 671/671/671 634/634/634
f 634/634/634 671/671/671 672/672/672
f 634/634/634 672/672/672 635/635/635
f 635/635/635 672/672/672 673/673/673
f 635/635/635 673/673/673 636/636/636
f 636/636/636 673/673/673 674/674/674
f 636/636/636 674/674/674 637/637/637
f 637/637/637 674/674/674 675/675/675
f 637/637/637 675/675/675 638/638/638
f 638/638/638 675/675/675 676/676/676
f 638/638/638 676/676/676 639/639/639
f 639/639/639 676/676/676 677/677/677
f 639/639/639 677/677/677 640/640/640
f 640/640/640 677/677/677 678/678/678
f 640/640/640 678/678/678 641/641/641
f 641/641/641 678/678/678 679/679/679
f 641/641/641 679/679/679 642/642/642
f 642/642/642 679/679/679 680/680/680
f 642/642/642 680/680/680 643/643/643
f 643/643/643 680/680/680 681/681/681
f 643/643/643 681/681/681 644/644/644
f 644/644/644 681/681/681 682/682/682
f 644/644/644 682/682/682 645/645/645
f 645/645/645 682/682/682 683/683/683
f 645/645/645 683/683/683 646/646/646
f 646/646/646 683/683/683 684/684/684
f 646/646/646 684/684/684 647/647/647
f 647/647/647 684/684/684 685/685/685
f 647/647/647 685/685/685 648/648/648
f 648/648/648 685/685/685 686/686/686
f 648/648/648 686/686/686 649/649/649
f 649/649/649 686/686/686 687/687/687
f 649/649/649 687/687/687 650/650/650
f 650/650/650 687/687/687 688/688/688
f 650/650/650 688/688/688 651/651/651
f 651/651/651 688/688/688 689/689/689
f 651/651/651 689/689/689 652/652/652
f 652/652/652 689/689/689 690/690/690
f 652/652/652 690/690/690 653/653/653
f 653/653/653 690/690/690 691/691/691
f 653/653/653 691/691/691 654/654/654
f 654/654/654 691/691/691 692/692/692
f 654/654/654 692/692/692 655/655/655
f 655/655/655 692/692/692 693/693/693
f 655/655/655 693/693/693 656/656/656
f 656/656/656 693/693/693 694/694/694
f 656/656/656 694/694/694 657/657/657
f 657/657/657 694/694/694 695/695/695
f 657/657/657 695/695/695 658/658/658
f 658/658/658 695/695/695 696/696/696
f 658/658/658 696/696/696 659/659/659
f 659/659/659 696/696/696 697/697/697
f 659/659/659 697/697/697 660/660/660
f 660/660/660 697/697/697 698/698/698
f 660/660/660 698/698/698 661/661/661
f 661/661/661 698/698/698 699/699/699
f 661/661/661 699/699/699 662/662/662
f 662/662/662 699/699/699 700/700/700
f 662/662/662 700/700/700 663/663/663
f 663/663/663 700/700/700 701/701/701
f 663/663/663 701/701/701 664/664/664
f 664/664/664 701/701/701 702/702/702
f 664/664/664 702/702/702 665/665/665
f 665/665/665 702/702/702 703/703/703
f 665/665/665 703/703/703 666/666/666
