# Generated sky cornice; visual geometry only.
s 1
v 319.966646 -3.741378 35.482064
v 319.967301 -2.298047 35.601310
v 319.968344 0.041192 35.791094
v 319.968833 2.801468 35.880109
v 319.967827 5.490518 35.697042
v 319.964976 8.008102 35.178073
v 319.960814 10.493400 34.420613
v 319.955730 12.797252 33.495202
v 319.950110 14.768216 32.472380
v 319.943715 16.303251 31.308479
v 319.936453 17.369871 29.986703
v 319.928932 17.932662 28.617902
v 319.921762 17.971026 27.312921
v 319.914671 17.393318 26.022217
v 319.907478 16.200514 24.713038
v 319.900930 14.538517 23.521425
v 319.895777 12.572263 22.583418
v 319.892141 10.371251 21.921690
v 319.889649 7.929344 21.468222
v 319.888302 5.319008 21.223013
v 319.888099 2.619435 21.186064
v 319.889137 -0.158241 21.375009
v 319.891384 -2.912013 21.783970
v 319.894646 -5.430214 22.377677
v 319.898730 -7.512607 23.120861
v 319.904031 -9.025668 24.085740
v 319.910504 -10.034910 25.263918
v 319.917291 -10.855007 26.499198
v 319.923534 -11.758616 27.635388
v 319.929338 -12.732377 28.691800
v 319.935050 -13.722840 29.731418
v 319.940172 -14.800156 30.663546
v 319.944204 -16.034477 31.397493
v 319.946857 -17.637925 31.880352
v 319.948449 -19.508614 32.170068
v 319.949395 -21.245682 32.342218
v 319.950110 -22.448268 32.472380
v 312.068985 -4.146401 35.017933
v 312.069782 -2.523105 35.150094
v 312.071051 0.139131 35.360435
v 312.071646 3.309951 35.459091
v 312.070422 6.437267 35.256195
v 312.066952 9.401385 34.681014
v 312.061888 12.346375 33.841511
v 312.055700 15.095784 32.815864
v 312.048862 17.470305 31.682255
v 312.041080 19.344622 30.392286
v 312.032243 20.672607 28.927343
v 312.023091 21.406485 27.410280
v 312.014366 21.516984 25.963951
v 312.005736 20.898564 24.533445
v 311.996983 19.551030 23.082462
v 311.989016 17.637575 21.761780
v 311.982745 15.345177 20.722173
v 311.978320 12.757480 19.988771
v 311.975289 9.876362 19.486185
v 311.973649 6.792359 19.214417
v 311.973402 3.604409 19.173466
v 311.974665 0.336320 19.382876
v 311.977400 -2.887766 19.836134
v 311.981369 -5.823196 20.494148
v 311.986338 -8.239601 21.317830
v 311.992789 -9.982653 22.387219
v 312.000666 -11.121239 23.693010
v 312.008925 -12.030116 25.062090
v 312.016522 -13.031545 26.321345
v 312.023585 -14.110720 27.492183
v 312.030536 -15.208406 28.644406
v 312.036768 -16.402347 29.677498
v 312.041675 -17.770289 30.490942
v 312.044904 -19.547318 31.026102
v 312.046841 -21.620519 31.347198
v 312.047992 -23.545633 31.537995
v 312.048862 -24.878405 31.682255
v 304.172339 -4.677202 34.655027
v 304.173318 -2.822424 34.804115
v 304.174877 0.250264 35.041395
v 304.175609 3.938537 35.152686
v 304.174105 7.613112 34.923805
v 304.169841 11.130379 34.274957
v 304.163619 14.642698 33.327934
v 304.156016 17.939894 32.170927
v 304.147614 20.808258 30.892130
v 304.138052 23.095329 29.436948
v 304.127194 24.738969 27.784381
v 304.115949 25.676770 26.073020
v 304.105228 25.869282 24.441451
v 304.094625 25.193486 22.827732
v 304.083870 23.647887 21.190914
v 304.074081 21.418065 19.701084
v 304.066375 18.719109 18.528329
v 304.060939 15.651985 17.700996
v 304.057214 12.227473 17.134042
v 304.055199 8.557909 16.827466
v 304.054896 4.766050 16.781270
v 304.056448 0.890201 17.017501
v 304.059807 -2.918528 17.528810
v 304.064685 -6.374114 18.271100
v 304.070790 -9.208254 19.200275
v 304.078717 -11.240526 20.406627
v 304.088396 -12.544923 21.879658
v 304.098543 -13.570149 23.424084
v 304.107877 -14.699777 24.844619
v 304.116556 -15.917102 26.165412
v 304.125097 -17.155308 27.465207
v 304.132754 -18.502091 28.630613
v 304.138783 -20.045150 29.548239
v 304.142750 -22.049665 30.151940
v 304.145130 -24.388266 30.514161
v 304.146545 -26.559824 30.729394
v 304.147614 -28.063210 30.892130
v 296.276652 -5.295283 34.362389
v 296.277852 -3.175990 34.531188
v 296.279762 0.359840 34.799839
v 296.280657 4.626952 34.925844
v 296.278815 8.907554 34.666702
v 296.273593 13.032018 33.932071
v 296.265971 17.164509 32.859843
v 296.256658 21.057958 31.549870
v 296.246366 24.461023 30.102006
v 296.234653 27.191998 28.454435
v 296.221353 29.172248 26.583385
v 296.207578 30.324135 24.645767
v 296.194446 30.597724 22.798491
v 296.181458 29.850486 20.971424
v 296.168284 28.079686 19.118204
v 296.156293 25.496651 17.431406
v 296.146854 22.348318 16.103602
v 296.140195 18.754416 15.166889
v 296.135632 14.734253 14.524978
v 296.133164 10.423377 14.177871
v 296.132792 5.969913 14.125567
v 296.134694 1.426614 14.393030
v 296.138809 -3.026363 14.971938
v 296.144784 -7.056957 15.812365
v 296.152262 -10.354488 16.864385
v 296.161972 -12.709495 18.230228
v 296.173828 -14.202706 19.898007
v 296.186258 -15.363413 21.646618
v 296.197691 -16.642318 23.254961
v 296.208322 -18.020510 24.750374
v 296.218784 -19.422342 26.222013
v 296.228164 -20.947100 27.541496
v 296.235549 -22.694071 28.580440
v 296.240408 -24.963478 29.263956
v 296.243324 -27.611119 29.674065
v 296.245056 -30.069644 29.917754
v 296.246366 -31.771699 30.102006
v 288.381753 -5.954363 34.102793
v 288.383204 -3.561205 34.292611
v 288.385515 0.444386 34.594717
v 288.386598 5.290125 34.736413
v 288.384370 10.166105 34.445001
v 288.378053 14.877923 33.618889
v 288.368832 19.605851 32.413141
v 288.357568 24.067325 30.940042
v 288.345118 27.974845 29.311881
v 288.330950 31.119355 27.459145
v 288.314861 33.408130 25.355101
v 288.298199 34.750240 23.176198
v 288.282314 35.086795 21.098889
v 288.266603 34.255836 19.044304
v 288.250667 32.253743 16.960310
v 288.236162 29.318784 15.063462
v 288.224744 25.730409 13.570312
v 288.216690 21.626068 12.516953
v 288.211170 17.031163 11.795108
v 288.208185 12.102461 11.404777
v 288.207735 7.011277 11.345960
v 288.210035 1.821805 11.646729
v 288.215013 -3.258653 12.297726
v 288.222240 -7.852426 13.242809
v 288.231286 -11.606567 14.425832
v 288.243031 -14.282844 15.961758
v 288.257373 -15.970452 17.837219
v 288.272409 -17.275627 19.803578
v 288.286239 -18.713712 21.612201
v 288.299099 -20.263442 23.293832
v 288.311753 -21.839753 24.948729
v 288.323100 -23.554290 26.432521
v 288.332034 -25.518699 27.600841
v 288.337911 -28.070568 28.369472
v 288.341438 -31.047750 28.830651
v 288.343533 -33.812276 29.104685
v 288.345118 -35.726178 29.311881
v 280.487369 -6.604968 33.836434
v 280.489093 -3.954198 34.047005
v 280.491836 0.477658 34.382138
v 280.493122 5.834601 34.539324
v 280.490476 11.219296 34.216054
v 280.482975 16.417504 33.299628
v 280.472028 21.630860 31.962061
v 280.458653 26.547749 30.327916
v 280.443869 30.851129 28.521756
v 280.427047 34.310923 26.466470
v 280.407943 36.825928 24.132401
v 280.388160 38.296673 21.715290
v 280.369299 38.658886 19.410879
v 280.350644 37.733564 17.131677
v 280.331722 35.516897 14.819851
v 280.314499 32.272946 12.715630
v 280.300942 28.311008 11.059241
v 280.291378 23.782471 9.890724
v 280.284824 18.714091 9.089963
v 280.281280 13.278096 8.656959
v 280.280746 7.662689 8.591712
v 280.283477 1.937206 8.925362
v 280.289387 -3.670216 9.647530
v 280.297968 -8.742283 10.695933
v 280.308710 -12.888868 12.008291
v 280.322655 -15.846747 13.712132
v 280.339684 -17.715467 15.792627
v 280.357538 -19.163253 17.973958
v 280.373959 -20.758470 19.980309
v 280.389228 -22.477531 21.845784
v 280.404254 -24.226078 23.681603
v 280.417726 -26.127955 25.327611
v 280.428334 -28.307005 26.623657
v 280.435313 -31.137706 27.476318
v 280.439500 -34.440189 27.987916
v 280.441988 -37.506782 28.291908
v 280.443869 -39.629807 28.521756
v 272.593154 -7.199346 33.524887
v 272.595157 -4.330598 33.754419
v 272.598343 0.439591 34.119730
v 272.599838 6.181726 34.291071
v 272.596764 11.923388 33.938691
v 272.588050 17.438521 32.939742
v 272.575332 22.955723 31.481730
v 272.559795 28.145004 29.700433
v 272.542621 32.670739 27.731631
v 272.523079 36.291786 25.491271
v 272.500887 38.906612 22.947023
v 272.477904 40.414193 20.312255
v 272.455993 40.750058 17.800336
v 272.434322 39.722540 15.315895
v 272.412341 37.328597 12.795894
v 272.392334 33.854750 10.502191
v 272.376584 29.634506 8.696648
v 272.365474 24.827131 7.422908
v 272.357860 19.454266 6.550040
v 272.353743 13.694769 6.078045
v 272.353123 7.744094 6.006922
v 272.356295 1.667871 6.370617
v 272.363161 -4.294850 7.157815
v 272.373130 -9.697956 8.300625
v 272.385608 -14.123543 9.731158
v 272.401809 -17.290206 11.588427
v 272.421590 -19.309674 13.856267
v 272.442331 -20.887745 16.234023
v 272.461408 -22.626516 18.421042
v 272.479145 -24.500274 20.454500
v 272.496600 -26.406172 22.455630
v 272.512251 -28.479198 24.249859
v 272.524574 -30.854339 25.662611
v 272.532681 -33.939773 26.592054
v 272.537546 -37.539446 27.149719
v 272.540436 -40.882000 27.481086
v 272.542621 -43.196075 27.731631
v 264.698728 -7.696185 33.134898
v 264.701000 -4.666334 33.380284
v 264.704617 0.324587 33.770827
v 264.706313 6.289282 33.954002
v 264.702825 12.198379 33.577283
v 264.692935 17.823600 32.509338
v 264.678500 23.425140 30.950622
v 264.660865 28.667567 29.046292
v 264.641373 33.209926 26.941506
v 264.619193 36.811726 24.546406
v 264.594005 39.380164 21.826428
v 264.567920 40.820508 19.009679
v 264.543051 41.073855 16.324263
v 264.518455 39.941489 13.668224
v 264.493506 37.422144 10.974168
v 264.470798 33.819786 8.522041
v 264.452923 29.484433 6.591790
v 264.440312 24.576045 5.230074
v 264.431671 19.104261 4.296917
v 264.426998 13.244387 3.792322
v 264.426294 7.187993 3.716287
v 264.429895 0.987406 4.105102
v 264.437688 -5.119075 4.946671
v 264.449002 -10.670204 6.168414
v 264.463165 -15.232386 7.697753
v 264.481552 -18.514667 9.683302
v 264.504004 -20.642268 12.107780
v 264.527544 -22.329245 14.649766
v 264.549196 -24.188011 16.987841
v 264.569328 -26.191081 19.161749
v 264.589140 -28.228508 21.301096
v 264.606903 -30.444597 23.219250
v 264.620890 -32.983651 24.729581
v 264.630091 -36.282016 25.723219
v 264.635612 -40.130109 26.319402
v 264.638893 -43.703338 26.673656
v 264.641373 -46.177112 26.941506
v 256.803719 -8.064646 32.641636
v 256.806239 -4.939125 32.898783
v 256.810249 0.145469 33.308046
v 256.812130 6.163064 33.500001
v 256.808262 12.048614 33.105225
v 256.797296 17.580831 31.986091
v 256.781291 23.053552 30.352662
v 256.761737 28.138501 28.357054
v 256.740125 32.502282 26.151382
v 256.715532 35.916051 23.641479
v 256.687603 38.303639 20.791127
v 256.658681 39.583545 17.839365
v 256.631107 39.707457 15.025232
v 256.603834 38.475426 12.241883
v 256.576172 35.888780 9.418695
v 256.550993 32.262923 6.849032
v 256.531173 27.955920 4.826261
v 256.517191 23.121592 3.399274
v 256.507609 17.751971 2.421390
v 256.502428 12.009461 1.892608
v 256.501647 6.071538 1.812928
v 256.505640 -0.030848 2.220380
v 256.514281 -6.071091 3.102287
v 256.526826 -11.586830 4.382591
v 256.542529 -16.141321 5.985235
v 256.562917 -19.442902 8.065955
v 256.587812 -21.630531 10.606643
v 256.613913 -23.398273 13.270473
v 256.637920 -25.346029 15.720616
v 256.660242 -27.444997 17.998724
v 256.682209 -29.579968 20.240614
v 256.701905 -31.902154 22.250710
v 256.717413 -34.562767 23.833434
v 256.727616 -38.019043 24.874699
v 256.733737 -42.051366 25.499459
v 256.737375 -45.795666 25.870693
v 256.740125 -48.387873 26.151382
v 248.907817 -8.287280 32.031042
v 248.910548 -5.130889 32.295302
v 248.914896 -0.068928 32.715886
v 248.916935 5.853736 32.913150
v 248.912741 11.557919 32.507455
v 248.900854 16.836330 31.357364
v 248.883503 22.014690 29.678751
v 248.862306 26.781706 27.627941
v 248.838877 30.821580 25.361257
v 248.812217 33.925132 22.781926
v 248.781940 36.037742 19.852729
v 248.750586 37.095590 16.819317
v 248.720694 37.064085 13.927340
v 248.691130 35.747042 11.067000
v 248.661141 33.148811 8.165718
v 248.633846 29.590003 5.524974
v 248.612360 25.428795 3.446250
v 248.597203 20.807777 1.979790
v 248.586816 15.698482 0.974856
v 248.581199 10.243910 0.431447
v 248.580353 4.600328 0.349564
v 248.584680 -1.227254 0.768286
v 248.594048 -7.031897 1.674588
v 248.607648 -12.362000 2.990307
v 248.624671 -16.788523 4.637283
v 248.646773 -20.026585 6.775559
v 248.673760 -22.227669 9.386527
v 248.702055 -24.044212 12.124042
v 248.728081 -26.045738 14.641960
v 248.752279 -28.202650 16.983084
v 248.776093 -30.396560 19.286988
v 248.797444 -32.782853 21.352686
v 248.814256 -35.516915 22.979191
v 248.825316 -39.068607 24.049260
v 248.831952 -43.212247 24.691301
v 248.835896 -47.059913 25.072803
v 248.838877 -49.723681 25.361257
v 241.010809 -8.361549 31.301052
v 241.013708 -5.230719 31.567695
v 241.018323 -0.281790 31.992071
v 241.020487 5.440270 32.191114
v 241.016036 10.861440 31.781761
v 241.003418 15.792108 30.621300
v 240.985000 20.584015 28.927553
v 240.962499 24.948389 26.858253
v 240.937629 28.592643 24.571132
v 240.909329 31.330974 21.968546
v 240.877190 33.131254 19.012939
v 240.843908 33.948463 15.952177
v 240.812177 33.762323 13.034126
v 240.780794 32.383918 10.147997
v 240.748962 29.820535 7.220557
v 240.719988 26.392258 4.556004
v 240.697180 22.450977 2.458538
v 240.681090 18.125518 0.978856
v 240.670064 13.367458 -0.035138
v 240.664102 8.297860 -0.583446
v 240.663204 3.049023 -0.666068
v 240.667798 -2.400038 -0.243570
v 240.677742 -7.865716 0.670903
v 240.692178 -12.915226 1.998484
v 240.710248 -17.134883 3.660309
v 240.733709 -20.251670 5.817864
v 240.762356 -22.426868 8.452373
v 240.792392 -24.259690 11.214569
v 240.820018 -26.279153 13.755189
v 240.845705 -28.455396 16.117421
v 240.870983 -30.668966 18.442098
v 240.893647 -33.076645 20.526420
v 240.911493 -35.835209 22.167589
v 240.923234 -39.418730 23.247306
v 240.930278 -43.599504 23.895136
v 240.934464 -47.481652 24.280078
v 240.937629 -50.169293 24.571132
v 233.112616 -8.299763 30.461558
v 233.115636 -5.237534 30.726245
v 233.120443 -0.458915 31.147507
v 233.122698 5.006668 31.345090
v 233.118061 10.105654 30.938740
v 233.104916 14.666331 29.786792
v 233.085729 19.057344 28.105471
v 233.062289 23.013426 26.051350
v 233.036381 26.266142 23.781007
v 233.006899 28.652381 21.197513
v 232.973419 30.159658 18.263588
v 232.938747 30.759640 15.225280
v 232.905692 30.444548 12.328635
v 232.872999 29.034484 9.463678
v 232.839838 26.539126 6.557713
v 232.809654 23.273324 3.912707
v 232.785895 19.578348 1.830627
v 232.769133 15.569374 0.361801
v 232.757647 11.181697 -0.644755
v 232.751436 6.515886 -1.189041
v 232.750500 1.681841 -1.271057
v 232.755286 -3.363256 -0.851658
v 232.765645 -8.458418 0.056106
v 232.780683 -13.193366 1.373949
v 232.799508 -17.173681 3.023583
v 232.823948 -20.140537 5.165311
v 232.853791 -22.261150 7.780493
v 232.885081 -24.080428 10.522426
v 232.913861 -26.084969 13.044408
v 232.940619 -28.245131 15.389311
v 232.966953 -30.442345 17.696935
v 232.990563 -32.832232 19.765967
v 233.009154 -35.570413 21.395096
v 233.021385 -39.127454 22.466892
v 233.028723 -43.277336 23.109970
v 233.033084 -47.130797 23.492088
v 233.036381 -49.798578 23.781007
v 225.213306 -8.127477 29.533111
v 225.216403 -5.161400 29.792317
v 225.221333 -0.577829 30.204857
v 225.223645 4.620784 30.398350
v 225.218890 9.411724 30.000413
v 225.205410 13.638667 28.872316
v 225.185736 17.676585 27.225807
v 225.161699 21.281034 25.214218
v 225.135133 24.204910 22.990882
v 225.104902 26.303770 20.460880
v 225.070570 27.579295 17.587703
v 225.035017 28.015461 14.612303
v 225.001121 27.613503 11.775634
v 224.967597 26.202718 8.969996
v 224.933592 23.794338 6.124200
v 224.902641 20.694619 3.533960
v 224.878277 17.231999 1.494989
v 224.861090 13.510163 0.056575
v 224.849311 9.453824 -0.929140
v 224.842942 5.147416 -1.462156
v 224.841983 0.683203 -1.542474
v 224.846890 -3.996500 -1.131759
v 224.857513 -8.749292 -0.242790
v 224.872934 -13.187244 1.047767
v 224.892237 -16.935745 2.663244
v 224.917299 -19.750063 4.760627
v 224.947901 -21.799055 7.321662
v 224.979986 -23.580569 10.006823
v 225.009497 -25.543500 12.476587
v 225.036936 -27.658821 14.772938
v 225.063939 -29.810426 17.032782
v 225.088150 -32.150704 19.058974
v 225.107214 -34.832046 20.654372
v 225.119755 -38.315251 21.703976
v 225.127281 -42.378989 22.333739
v 225.131752 -46.152461 22.707946
v 225.135133 -48.764864 22.990882
v 217.313096 -7.880500 28.544522
v 217.316235 -5.022825 28.795866
v 217.321230 -0.632280 29.195891
v 217.323573 4.322289 29.383513
v 217.318754 8.854278 28.997648
v 217.305096 12.818741 27.903774
v 217.285160 16.587095 26.307212
v 217.260804 19.930909 24.356646
v 217.233885 22.619426 22.200758
v 217.203252 24.521157 19.747505
v 217.168464 25.645531 16.961488
v 217.132439 25.983583 14.076349
v 217.098093 25.541471 11.325732
v 217.064123 24.156743 8.605206
v 217.029667 21.841271 5.845739
v 216.998305 18.890853 3.334076
v 216.973617 15.620725 1.356959
v 216.956201 12.126315 -0.037819
v 216.944267 8.327942 -0.993632
v 216.937813 4.299594 -1.510479
v 216.936840 0.122128 -1.588360
v 216.941813 -4.269225 -1.190105
v 216.952577 -8.744936 -0.328103
v 216.968203 -12.936622 0.923303
v 216.987762 -16.487569 2.489774
v 217.013157 -19.165374 4.523532
v 217.044165 -21.136627 7.006875
v 217.076677 -22.864004 9.610579
v 217.106580 -24.767285 12.005421
v 217.134384 -26.818326 14.232111
v 217.161745 -28.904548 16.423400
v 217.186278 -31.173710 18.388127
v 217.205595 -33.773571 19.935127
v 217.218303 -37.150928 20.952891
v 217.225928 -41.091178 21.563549
v 217.230459 -44.749982 21.926404
v 217.233885 -47.283000 22.200758
v 209.412330 -7.600842 27.529603
v 209.415488 -4.849995 27.772040
v 209.420513 -0.631193 28.157890
v 209.422870 4.122032 28.338864
v 209.418022 8.459580 27.966672
v 209.404281 12.243615 26.911560
v 209.384224 15.834696 25.371573
v 209.359720 19.015046 23.490127
v 209.332637 21.564715 21.410633
v 209.301818 23.359421 19.044312
v 209.266818 24.410570 16.357019
v 209.230574 24.711464 13.574116
v 209.196019 24.269515 10.920969
v 209.161842 22.928942 8.296846
v 209.127177 20.701487 5.635162
v 209.095624 17.872112 3.212501
v 209.070786 14.743907 1.305444
v 209.053264 11.407402 -0.039910
v 209.041257 7.783762 -0.961853
v 209.034764 3.942014 -1.460385
v 209.033786 -0.042407 -1.535506
v 209.038789 -4.234591 -1.151363
v 209.049618 -8.512140 -0.319907
v 209.065338 -12.522042 0.887155
v 209.085017 -15.922175 2.398117
v 209.110566 -18.489834 4.359807
v 209.141763 -20.386543 6.755152
v 209.174472 -22.052621 9.266593
v 209.204558 -23.888360 11.576573
v 209.232530 -25.866614 13.724359
v 209.260058 -27.878801 15.837999
v 209.284740 -30.067437 17.733104
v 209.304175 -32.575036 19.225286
v 209.316960 -35.832539 20.206985
v 209.324632 -39.632960 20.796004
v 209.329190 -43.161922 21.146001
v 209.332637 -45.605050 21.410633
v 201.511440 -7.332038 26.523399
v 201.514612 -4.674575 26.757274
v 201.519660 -0.593497 27.129499
v 201.522027 4.010006 27.304082
v 201.517158 8.218359 26.945034
v 201.503354 11.897187 25.927180
v 201.483208 15.392623 24.441576
v 201.458593 18.492759 22.626568
v 201.431388 20.983538 20.620508
v 201.400431 22.743244 18.337749
v 201.365274 23.781214 15.745353
v 201.328867 24.089585 13.060723
v 201.294157 23.674445 10.501267
v 201.259827 22.384871 7.969810
v 201.225006 20.231980 5.402118
v 201.193311 17.490900 3.065008
v 201.168362 14.454692 1.225296
v 201.150761 11.211775 -0.072550
v 201.138700 7.687527 -0.961936
v 201.132178 3.950216 -1.442863
v 201.131195 0.074447 -1.515332
v 201.136221 -4.000682 -1.144754
v 201.147098 -8.155276 -0.342659
v 201.162890 -12.047152 0.821778
v 201.182657 -15.344897 2.279383
v 201.208321 -17.832637 4.171800
v 201.239658 -19.665573 6.482558
v 201.272514 -21.272729 8.905312
v 201.302734 -23.043548 11.133719
v 201.330833 -24.951841 13.205660
v 201.358484 -26.892867 15.244661
v 201.383277 -29.004102 17.072844
v 201.402799 -31.423019 18.512333
v 201.415642 -34.565321 19.459365
v 201.423348 -38.231340 20.027584
v 201.427926 -41.635501 20.365221
v 201.431388 -43.992227 20.620508
v 193.610897 -7.114337 25.558315
v 193.614097 -4.527087 25.785259
v 193.619189 -0.541616 26.146451
v 193.621577 3.966150 26.315860
v 193.616665 8.103485 25.967453
v 193.602740 11.736849 24.979769
v 193.582416 15.198370 23.538196
v 193.557585 18.278347 21.776985
v 193.530140 20.764874 19.830383
v 193.498910 22.535774 17.615284
v 193.463444 23.596396 15.099725
v 193.426716 23.935983 12.494666
v 193.391700 23.558085 10.011071
v 193.357068 22.314800 7.554645
v 193.321939 20.216449 5.063058
v 193.289966 17.530538 2.795219
v 193.264797 14.542961 1.010035
v 193.247041 11.341939 -0.249343
v 193.234874 7.858245 -1.112369
v 193.228294 4.161870 -1.579042
v 193.227303 0.329297 -1.649362
v 193.232372 -3.694364 -1.289769
v 193.243346 -7.788712 -0.511447
v 193.259276 -11.618035 0.618477
v 193.279218 -14.857659 2.032880
v 193.305108 -17.295794 3.869206
v 193.336721 -19.081669 6.111474
v 193.369866 -20.641107 8.462420
v 193.400353 -22.359346 10.624778
v 193.428699 -24.210980 12.635308
v 193.456594 -26.094373 14.613873
v 193.481605 -28.142921 16.387870
v 193.501299 -30.490018 17.784693
v 193.514255 -33.539019 18.703655
v 193.522029 -37.096188 19.255033
v 193.526648 -40.399273 19.582663
v 193.530140 -42.686025 19.830383
v 185.711151 -6.980273 24.660554
v 185.714410 -4.432852 24.883233
v 185.719597 -0.496231 25.237638
v 185.722030 3.968635 25.403863
v 185.717027 8.083385 25.062004
v 185.702843 11.713758 24.092879
v 185.682140 15.181794 22.678396
v 185.656847 18.277548 20.950281
v 185.628892 20.788791 19.040258
v 185.597081 22.591462 16.866785
v 185.560955 23.687002 14.398496
v 185.523544 24.061647 11.842391
v 185.487877 23.716453 9.405466
v 185.452600 22.504811 6.995200
v 185.416819 20.436366 4.550434
v 185.384250 17.774149 2.325211
v 185.358613 14.800238 0.573573
v 185.340527 11.603685 -0.662139
v 185.328133 8.119835 -1.508947
v 185.321431 4.421206 -1.966851
v 185.320421 0.587046 -2.035850
v 185.325586 -3.432186 -1.683013
v 185.336763 -7.514183 -0.919318
v 185.352990 -11.325769 0.189373
v 185.373302 -14.545206 1.577197
v 185.399674 -16.962306 3.379016
v 185.431875 -18.722088 5.579149
v 185.465637 -20.252139 7.885916
v 185.496690 -21.937999 10.007640
v 185.525564 -23.754740 11.980389
v 185.553978 -25.602643 13.921775
v 185.579454 -27.612587 15.662436
v 185.599514 -29.915454 17.033010
v 185.612711 -32.906999 17.934704
v 185.620630 -36.397135 18.475720
v 185.625335 -39.637976 18.797193
v 185.628892 -41.881635 19.040258
v 177.812570 -6.951078 23.847224
v 177.815935 -4.409079 24.068984
v 177.821290 -0.473528 24.421925
v 177.823802 3.997319 24.587464
v 177.818636 8.127334 24.247016
v 177.803992 11.780918 23.281893
v 177.782619 15.276519 21.873250
v 177.756506 18.402609 20.152270
v 177.727644 20.945317 18.250134
v 177.694802 22.778648 16.085634
v 177.657504 23.901801 13.627537
v 177.618880 24.299188 11.081985
v 177.582056 23.970439 8.655121
v 177.545636 22.768681 6.254807
v 177.508694 20.703238 3.820135
v 177.475069 18.036369 1.604099
v 177.448601 15.049897 -0.140306
v 177.429929 11.833964 -1.370916
v 177.417133 8.326098 -2.214228
v 177.410214 4.600772 -2.670241
v 177.409171 0.739367 -2.738955
v 177.414503 -3.304918 -2.387575
v 177.426043 -7.407842 -1.627033
v 177.442796 -11.235399 -0.522920
v 177.463766 -14.465333 0.859174
v 177.490993 -16.886930 2.653554
v 177.524238 -18.643785 4.844602
v 177.559095 -20.167436 7.141846
v 177.591156 -21.846246 9.254810
v 177.620965 -23.655388 11.219413
v 177.650301 -25.495562 13.152783
v 177.676603 -27.497100 14.886257
v 177.697313 -29.790335 16.251173
v 177.710938 -32.769369 17.149143
v 177.719114 -36.244908 17.687926
v 177.723971 -39.472194 18.008072
v 177.727644 -41.706469 18.250134
v 169.915387 -7.034342 23.124449
v 169.918913 -4.463214 23.348877
v 169.924524 -0.484406 23.706065
v 169.927156 4.033772 23.873596
v 169.921743 8.205062 23.529052
v 169.906398 11.892719 22.552315
v 169.884002 15.419574 21.126722
v 169.856639 18.572185 19.385033
v 169.826396 21.134758 17.460009
v 169.791982 22.980408 15.269463
v 169.752899 24.108889 12.781788
v 169.712426 24.504900 10.205606
v 169.673840 24.168427 7.749540
v 169.635677 22.951058 5.320342
v 169.596967 20.862300 2.856374
v 169.561733 18.167470 0.613673
v 169.533998 15.151535 -1.151723
v 169.514432 11.905345 -2.397141
v 169.501023 8.365200 -3.250600
v 169.493773 4.605893 -3.712101
v 169.492680 0.709158 -3.781642
v 169.498267 -3.373006 -3.426034
v 169.510359 -7.515486 -2.656340
v 169.527914 -11.380837 -1.538941
v 169.549889 -14.643412 -0.140216
v 169.578419 -17.090330 1.675756
v 169.613255 -18.867110 3.893169
v 169.649780 -20.409013 6.218055
v 169.683375 -22.107932 8.356444
v 169.714611 -23.938745 10.344688
v 169.745351 -25.800962 12.301322
v 169.772912 -27.826475 14.055655
v 169.794614 -30.147180 15.436994
v 169.808891 -33.161898 16.345770
v 169.817457 -36.679069 16.891036
v 169.822547 -39.945014 17.215034
v 169.826396 -42.206052 17.460009
v 162.019656 -7.223134 22.486663
v 162.023401 -4.592328 22.717127
v 162.029360 -0.534173 23.083921
v 162.032155 4.061324 23.255958
v 162.026407 8.286687 22.902147
v 162.010111 12.004885 21.899142
v 161.986325 15.551414 20.435210
v 161.957266 18.711490 18.646680
v 161.925148 21.268038 16.669884
v 161.888600 23.095140 14.420426
v 161.847094 24.196526 11.865848
v 161.804112 24.559839 9.220382
v 161.763134 24.187598 6.698263
v 161.722604 22.928972 4.203735
v 161.681493 20.794224 1.673501
v 161.644075 18.055204 -0.629515
v 161.614620 15.002881 -2.442390
v 161.593841 11.727939 -3.721302
v 161.579602 8.161554 -4.597714
v 161.571902 4.376506 -5.071626
v 161.570741 0.452328 -5.143037
v 161.576675 -3.664780 -4.777865
v 161.589517 -7.850711 -3.987472
v 161.608160 -11.762924 -2.840021
v 161.631497 -15.070357 -1.403679
v 161.661795 -17.556912 0.461131
v 161.698792 -19.373478 2.738179
v 161.737581 -20.956763 5.125590
v 161.773259 -22.701279 7.321489
v 161.806432 -24.581229 9.363205
v 161.839078 -26.493425 11.372460
v 161.868348 -28.573300 13.173974
v 161.891395 -30.956290 14.592463
v 161.906557 -34.051919 15.525679
v 161.915655 -37.663486 16.085609
v 161.921061 -41.017084 16.418321
v 161.925148 -43.338806 16.669884
v 154.125235 -7.496711 21.917173
v 154.129250 -4.783278 22.156379
v 154.135640 -0.621471 22.537086
v 154.138637 4.067921 22.715648
v 154.132474 8.347737 22.348417
v 154.115000 12.081933 21.307368
v 154.089496 15.626009 19.787907
v 154.058338 18.765044 17.931537
v 154.023900 21.281970 15.879759
v 153.984711 23.054080 13.544978
v 153.940207 24.092507 10.893502
v 153.894120 24.390546 8.147691
v 153.850182 23.955432 5.529906
v 153.806724 22.633476 2.940758
v 153.762644 20.436244 0.314550
v 153.722523 17.644807 -2.075821
v 153.690940 14.558155 -3.957459
v 153.668660 11.265654 -5.284882
v 153.653392 7.689646 -6.194537
v 153.645135 3.898332 -6.686424
v 153.643891 -0.033759 -6.760544
v 153.650253 -4.170692 -6.381522
v 153.664023 -8.391620 -5.561147
v 153.684013 -12.348250 -4.370173
v 153.709036 -15.703050 -2.879350
v 153.741523 -18.236293 -0.943806
v 153.781192 -20.107249 1.419613
v 153.822784 -21.750501 3.897581
v 153.861039 -23.561090 6.176772
v 153.896608 -25.512243 8.295931
v 153.931612 -27.496863 10.381400
v 153.962997 -29.655515 12.251246
v 153.987709 -32.128760 13.723540
v 154.003966 -35.341636 14.692154
v 154.013721 -39.089991 15.273322
v 154.019517 -42.570607 15.618654
v 154.023900 -44.980264 15.879759
v 146.231783 -7.822714 21.389932
v 146.236107 -5.013608 21.639553
v 146.242988 -0.736486 22.036837
v 146.246216 4.051660 22.223174
v 146.239578 8.379067 21.839953
v 146.220760 12.111873 20.753573
v 146.193295 15.630615 19.167952
v 146.159739 18.721519 17.230751
v 146.122652 21.168875 15.089634
v 146.080449 22.855106 12.653191
v 146.032521 23.801358 9.886264
v 145.982888 24.008664 7.020894
v 145.935570 23.490640 4.289125
v 145.888769 22.090651 1.587239
v 145.841298 19.821969 -1.153320
v 145.798090 16.976480 -3.647773
v 145.764078 13.862237 -5.611343
v 145.740084 10.566257 -6.996564
v 145.723641 6.999337 -7.945828
v 145.714749 3.223018 -8.459133
v 145.713410 -0.695447 -8.536481
v 145.720261 -4.833704 -8.140954
v 145.735090 -9.076092 -7.284859
v 145.756618 -13.068652 -6.042027
v 145.783565 -16.467133 -4.486290
v 145.818552 -19.048229 -2.466468
v 145.861273 -20.981637 -0.000140
v 145.906064 -22.696347 2.585724
v 145.947262 -24.585673 4.964156
v 145.985568 -26.621674 7.175589
v 146.023264 -28.692597 9.351863
v 146.057063 -30.945120 11.303127
v 146.083676 -33.525917 12.839528
v 146.101185 -36.878509 13.850318
v 146.111690 -40.789866 14.456792
v 146.117932 -44.421840 14.817160
v 146.122652 -46.936284 15.089634
v 138.338784 -8.160644 20.872324
v 138.343435 -5.253409 21.132742
v 138.350837 -0.859822 21.547211
v 138.354309 4.025776 21.741608
v 138.347169 8.396041 21.341811
v 138.326928 12.119752 20.208440
v 138.297387 15.603847 18.554233
v 138.261295 18.636231 16.533239
v 138.221404 21.003104 14.299509
v 138.176010 22.592699 11.757679
v 138.124460 23.436985 8.871069
v 138.071075 23.545395 5.881759
v 138.020179 22.938435 3.031828
v 137.969841 21.456598 0.213073
v 137.918781 19.114979 -2.646028
v 137.872307 16.216608 -5.248378
v 137.835724 13.078748 -7.296881
v 137.809916 9.785691 -8.742020
v 137.792230 6.235883 -9.732343
v 137.782667 2.483514 -10.267852
v 137.781226 -1.412198 -10.348545
v 137.788595 -5.543481 -9.935910
v 137.804544 -9.800539 -9.042785
v 137.827700 -13.823981 -7.746194
v 137.856685 -17.262965 -6.123164
v 137.894316 -19.890752 -4.015975
v 137.940266 -21.888012 -1.442968
v 137.988443 -23.676796 1.254747
v 138.032756 -25.647737 3.736058
v 138.073957 -27.771691 6.043145
v 138.114503 -29.932075 8.313553
v 138.150857 -32.281904 10.349219
v 138.179482 -34.974187 11.952076
v 138.198314 -38.471606 13.006587
v 138.209613 -42.551928 13.639294
v 138.216327 -46.340798 14.015250
v 138.221404 -48.963862 14.299509
v 130.445599 -8.466223 20.328688
v 130.450570 -5.468380 20.598873
v 130.458480 -0.963970 21.028885
v 130.462190 4.018573 21.230571
v 130.454560 8.439212 20.815781
v 130.432929 12.168437 19.639908
v 130.401358 15.636255 17.923666
v 130.362787 18.631208 15.826882
v 130.320155 20.940320 13.509385
v 130.271644 22.456199 10.872232
v 130.216552 23.219800 7.877371
v 130.159500 23.247477 4.775957
v 130.105109 22.565463 1.819150
v 130.051312 21.011338 -1.105311
v 129.996745 18.601743 -4.071632
v 129.947079 15.649904 -6.771574
v 129.907983 12.481743 -8.896898
v 129.880402 9.179611 -10.396232
v 129.861501 5.631470 -11.423694
v 129.851281 1.885670 -11.979284
v 129.849741 -2.004952 -12.063004
v 129.857616 -6.144909 -11.634894
v 129.874662 -10.428830 -10.708276
v 129.899407 -14.491616 -9.363062
v 129.930383 -17.975798 -7.679166
v 129.970600 -20.651034 -5.492955
v 130.019706 -22.707620 -2.823456
v 130.071193 -24.563386 -0.024573
v 130.118549 -26.608130 2.549790
v 130.162581 -28.811615 4.943396
v 130.205912 -31.052897 7.298948
v 130.244763 -33.490716 9.410953
v 130.275354 -36.283813 11.073919
v 130.295480 -39.912195 12.167976
v 130.307555 -44.145306 12.824410
v 130.314730 -48.076053 13.214465
v 130.320155 -50.797339 13.509385
v 122.551526 -8.696205 19.724184
v 122.556781 -5.624118 20.001723
v 122.565143 -1.018501 20.443440
v 122.569066 4.065513 20.650617
v 122.560999 8.561615 20.224536
v 122.538131 12.339387 19.016656
v 122.504754 15.843599 17.253698
v 122.463977 18.860432 15.099840
v 122.418907 21.174602 12.719260
v 122.367621 22.679170 10.010324
v 122.309378 23.419276 6.933943
v 122.249063 23.414302 3.748109
v 122.191561 22.693148 0.710818
v 122.134687 21.090187 -2.293247
v 122.076999 18.622900 -5.340311
v 122.024492 15.612565 -8.113745
v 121.983160 12.392694 -10.296921
v 121.954001 9.045861 -11.837066
v 121.934020 5.454358 -12.892495
v 121.923215 1.664745 -13.463209
v 121.921587 -2.272094 -13.549207
v 121.929912 -6.466987 -13.109445
v 121.947933 -10.815064 -12.157604
v 121.974094 -14.944363 -10.775773
v 122.006842 -18.490267 -9.046041
v 122.049358 -21.218104 -6.800322
v 122.101273 -23.324465 -4.058160
v 122.155705 -25.230642 -1.183092
v 122.205770 -27.330931 1.461345
v 122.252320 -29.594274 3.920105
v 122.298129 -31.896439 6.339775
v 122.339203 -34.400480 8.509269
v 122.371543 -37.269452 10.217501
v 122.392820 -40.996397 11.341338
v 122.405586 -45.344499 12.015640
v 122.413172 -49.382023 12.416312
v 122.418907 -52.177232 12.719260
v 114.655879 -8.813107 19.028607
v 114.661355 -5.691107 19.309892
v 114.670071 -0.998237 19.757571
v 114.674159 4.194704 19.967544
v 114.665752 8.804702 19.535712
v 114.641918 12.696457 18.311529
v 114.607132 16.317025 16.524775
v 114.564632 19.445663 14.341846
v 114.517659 21.860025 11.929135
v 114.464207 23.447697 9.183636
v 114.403505 24.250748 6.065732
v 114.340643 24.285721 2.836898
v 114.280711 23.579567 -0.241389
v 114.221436 21.962986 -3.286000
v 114.161312 19.453231 -6.374192
v 114.106587 16.376445 -9.185060
v 114.063509 13.072139 -11.397702
v 114.033119 9.626406 -12.958635
v 114.012294 5.923107 -14.028310
v 114.001033 2.013142 -14.606727
v 113.999336 -2.047862 -14.693886
v 114.008013 -6.368057 -14.248188
v 114.026795 -10.837135 -13.283499
v 114.054061 -15.074475 -11.883018
v 114.088191 -18.707487 -10.129939
v 114.132503 -21.496038 -7.853909
v 114.186611 -23.638012 -5.074735
v 114.243341 -25.569813 -2.160861
v 114.295521 -27.698336 0.519269
v 114.344036 -29.992104 3.011215
v 114.391781 -32.325217 5.463544
v 114.434589 -34.862919 7.662321
v 114.468295 -37.770458 9.393609
v 114.490470 -41.547504 10.532615
v 114.503776 -45.954057 11.216018
v 114.511682 -50.045857 11.622099
v 114.517659 -52.878641 11.929135
v 106.758066 -8.789366 18.219739
v 106.763679 -5.649450 18.500281
v 106.772611 -0.891782 18.946778
v 106.776801 4.411195 19.156197
v 106.768184 9.172131 18.725505
v 106.743758 13.246540 17.504553
v 106.708107 17.068980 15.722517
v 106.664552 20.406927 13.545352
v 106.616411 23.025903 11.139010
v 106.561631 24.801452 8.400760
v 106.499419 25.764293 5.291087
v 106.434995 25.921456 2.070778
v 106.373574 25.292666 -0.999381
v 106.312825 23.704669 -4.035955
v 106.251207 21.173254 -7.115993
v 106.195122 18.025347 -9.919440
v 106.150973 14.604189 -12.126240
v 106.119828 11.002993 -13.683052
v 106.098485 7.115566 -14.749903
v 106.086944 3.004022 -15.326793
v 106.085205 -1.263760 -15.413721
v 106.094098 -5.782908 -14.969200
v 106.113346 -10.431099 -14.007059
v 106.141290 -14.817559 -12.610274
v 106.176269 -18.561315 -10.861824
v 106.221682 -21.415833 -8.591803
v 106.277135 -23.574336 -5.819967
v 106.335275 -25.500933 -2.913786
v 106.388751 -27.623722 -0.240732
v 106.438473 -29.911312 2.244635
v 106.487404 -32.238139 4.690490
v 106.531276 -34.769006 6.883461
v 106.565820 -37.668712 8.610179
v 106.588547 -41.435583 9.746177
v 106.602182 -45.830266 10.427776
v 106.610285 -49.911043 10.832785
v 106.616411 -52.736197 11.139010
v 98.857665 -8.610487 17.285882
v 98.863311 -5.492172 17.560729
v 98.872297 -0.706900 17.998162
v 98.876512 4.687438 18.203330
v 98.867844 9.613967 17.781381
v 98.843272 13.915794 16.585214
v 98.807408 18.000485 14.839352
v 98.763592 21.620365 12.706380
v 98.715163 24.525271 10.348885
v 98.660055 26.573442 7.666219
v 98.597471 27.776919 4.619670
v 98.532662 28.127371 1.464730
v 98.470874 27.632633 -1.543108
v 98.409761 26.115887 -4.518042
v 98.347775 23.590324 -7.535558
v 98.291354 20.378886 -10.282098
v 98.246941 16.825289 -12.444102
v 98.215610 13.032667 -13.969312
v 98.194139 8.912465 -15.014507
v 98.182529 4.543772 -15.579686
v 98.180780 0.013014 -15.664850
v 98.189726 -4.752546 -15.229353
v 98.209089 -9.613286 -14.286742
v 98.237200 -14.168425 -12.918311
v 98.272388 -18.029661 -11.205353
v 98.318073 -20.944152 -8.981411
v 98.373858 -23.094557 -6.265840
v 98.432345 -24.981945 -3.418652
v 98.486142 -27.061531 -0.799859
v 98.536161 -29.302564 1.635058
v 98.585384 -31.582037 4.031264
v 98.629519 -34.061396 6.179720
v 98.664269 -36.902088 7.871387
v 98.687132 -40.592297 8.984326
v 98.700849 -44.897540 9.652089
v 98.709000 -48.895266 10.048876
v 98.715163 -51.662923 10.348885
v 90.954481 -8.276830 16.227306
v 90.960050 -5.226212 16.491518
v 90.968914 -0.470060 16.912023
v 90.973071 4.965585 17.109251
v 90.964521 10.030942 16.703631
v 90.940283 14.555914 15.553754
v 90.904906 18.909480 13.875453
v 90.861685 22.828585 11.825024
v 90.813915 26.047059 9.558761
v 90.759555 28.403719 6.979909
v 90.697823 29.887458 4.051256
v 90.633893 30.471154 1.018408
v 90.572945 30.147906 -1.873032
v 90.512663 28.738840 -4.732841
v 90.451518 26.253776 -7.633584
v 90.395865 23.006497 -10.273837
v 90.352056 19.336774 -12.352176
v 90.321150 15.358583 -13.818363
v 90.299971 11.006249 -14.823110
v 90.288519 6.378703 -15.366418
v 90.286793 1.584058 -15.448286
v 90.295617 -3.421907 -15.029642
v 90.314718 -8.480126 -14.123508
v 90.342447 -13.182787 -12.808033
v 90.377157 -17.137687 -11.161364
v 90.422221 -20.087555 -9.023485
v 90.477247 -22.199641 -6.413002
v 90.534940 -24.013893 -3.675996
v 90.588005 -26.012895 -1.158545
v 90.637345 -28.167088 1.182144
v 90.685900 -30.358231 3.485621
v 90.729434 -32.741515 5.550935
v 90.763713 -35.472130 7.177137
v 90.786265 -39.019343 8.247007
v 90.799796 -43.157758 8.888929
v 90.807836 -47.000572 9.270361
v 90.813915 -49.660982 9.558761
v 83.048581 -7.803859 15.056452
v 83.053966 -4.870865 15.305579
v 83.062536 -0.219715 15.702076
v 83.066556 5.172433 15.888044
v 83.058289 10.300163 15.505582
v 83.034853 14.982529 14.421355
v 83.000647 19.543100 12.838874
v 82.958856 23.707202 10.905511
v 82.912667 27.196454 8.768636
v 82.860106 29.832295 6.337019
v 82.800416 31.580053 3.575573
v 82.738603 32.393761 0.715880
v 82.679671 32.251511 -2.010478
v 82.621384 30.975148 -4.707011
v 82.562263 28.570880 -7.442141
v 82.508451 25.338137 -9.931653
v 82.466092 21.607275 -11.891333
v 82.436209 17.501596 -13.273810
v 82.415731 12.979922 -14.221193
v 82.404657 8.159979 -14.733482
v 82.402989 3.170413 -14.810676
v 82.411521 -2.003051 -14.415933
v 82.429990 -7.183914 -13.561534
v 82.456801 -11.963597 -12.321164
v 82.490362 -15.952090 -10.768508
v 82.533935 -18.891645 -8.752688
v 82.587140 -20.931065 -6.291246
v 82.642924 -22.641643 -3.710505
v 82.694233 -24.526414 -1.336784
v 82.741940 -26.557508 0.870268
v 82.788888 -28.623441 3.042231
v 82.830982 -30.870534 4.989630
v 82.864126 -33.445111 6.522987
v 82.885931 -36.789622 7.531775
v 82.899015 -40.691551 8.137047
v 82.906789 -44.314772 8.496702
v 82.912667 -46.823155 8.768636
v 75.140307 -7.220812 13.796860
v 75.145413 -4.454231 14.027387
v 75.153541 0.004491 14.394280
v 75.157353 5.242135 14.566363
v 75.149513 10.313881 14.212457
v 75.127288 15.033173 13.209181
v 75.094851 19.676789 11.744853
v 75.055220 23.965799 9.955841
v 75.011419 27.617122 7.978511
v 74.961575 30.440820 5.728446
v 74.904971 32.382310 3.173178
v 74.846353 33.380095 0.526998
v 74.790468 33.399587 -1.995802
v 74.735195 32.267104 -4.491004
v 74.679130 29.985553 -7.021921
v 74.628100 26.835321 -9.325559
v 74.587930 23.131380 -11.138923
v 74.559592 19.002545 -12.418180
v 74.540173 14.430006 -13.294829
v 74.529672 9.545420 -13.768869
v 74.528089 4.492661 -13.840299
v 74.536181 -0.715989 -13.475029
v 74.553694 -5.892556 -12.684422
v 74.579120 -10.636607 -11.536662
v 74.610946 -14.568470 -10.099932
v 74.652266 -17.435544 -8.234618
v 74.702721 -19.367248 -5.956955
v 74.755621 -20.950024 -3.568900
v 74.804278 -22.693979 -1.372408
v 74.849518 -24.573324 0.669859
v 74.894039 -26.484905 2.679657
v 74.933957 -28.564112 4.481657
v 74.965387 -30.946335 5.900529
v 74.986066 -34.040969 6.833997
v 74.998472 -37.651375 7.394079
v 75.005845 -41.003894 7.726880
v 75.011419 -43.324869 7.978511
v 67.230250 -6.567932 12.480946
v 67.235008 -4.008754 12.690640
v 67.242580 0.172552 13.024379
v 67.246131 5.137984 13.180911
v 67.238827 10.016376 12.858986
v 67.218122 14.622531 11.946374
v 67.187901 19.189867 10.614374
v 67.150979 23.444583 8.987030
v 67.110171 27.108523 7.188386
v 67.063734 29.988879 5.141654
v 67.010998 32.017763 2.817299
v 66.956386 33.123863 0.410247
v 66.904320 33.264108 -1.884574
v 66.852824 32.273356 -4.154291
v 66.800591 30.151953 -6.456495
v 66.753048 27.157631 -8.551959
v 66.715624 23.584422 -10.201454
v 66.689222 19.561432 -11.365108
v 66.671130 15.087193 -12.162536
v 66.661346 10.299885 -12.593738
v 66.659872 5.350508 -12.658714
v 66.667411 0.270904 -12.326452
v 66.683727 -4.747957 -11.607290
v 66.707415 -9.323701 -10.563250
v 66.737066 -13.095744 -9.256354
v 66.775563 -15.822882 -7.559604
v 66.822569 -17.616132 -5.487768
v 66.871854 -19.055800 -3.315514
v 66.917186 -20.642072 -1.317514
v 66.959334 -22.351494 0.540198
v 67.000812 -24.090237 2.368376
v 67.038002 -25.981449 4.007534
v 67.067285 -28.148281 5.298186
v 67.086550 -30.963109 6.147299
v 67.098109 -34.247075 6.656767
v 67.104977 -37.296472 6.959495
v 67.110171 -39.407593 7.188386
v 59.319207 -5.892552 11.146843
v 59.323577 -3.567064 11.334984
v 59.330531 0.270964 11.634420
v 59.333793 4.864635 11.774864
v 59.327085 9.424245 11.486027
v 59.308068 13.772949 10.667215
v 59.280312 18.107521 9.472120
v 59.246402 22.168461 8.012037
v 59.208923 25.691965 6.398261
v 59.166273 28.491232 4.561896
v 59.117839 30.492778 2.476442
v 59.067682 31.622022 0.316791
v 59.019863 31.832319 -1.742164
v 58.972568 30.970569 -3.778595
v 58.924595 29.035495 -5.844175
v 58.880931 26.260188 -7.724263
v 58.846559 22.913643 -9.204220
v 58.822311 19.119920 -10.248272
v 58.805695 14.888486 -10.963739
v 58.796710 10.356017 -11.350621
v 58.795356 5.671871 -11.408918
v 58.802279 0.878865 -11.110807
v 58.817265 -3.837883 -10.465562
v 58.839020 -8.122807 -9.528830
v 58.866253 -11.641894 -8.356259
v 58.901609 -14.170853 -6.833904
v 58.944781 -15.804665 -4.975015
v 58.990046 -17.096291 -3.026030
v 59.031680 -18.519448 -1.233387
v 59.070390 -20.053090 0.433386
v 59.108485 -21.613037 2.073661
v 59.142641 -23.309777 3.544343
v 59.169535 -25.253792 4.702339
v 59.187229 -27.779172 5.464179
v 59.197845 -30.725447 5.921283
v 59.204153 -33.461275 6.192896
v 59.208923 -35.355309 6.398261
v 51.408101 -5.244423 9.834643
v 51.412080 -3.158928 10.002099
v 51.418412 0.303399 10.268615
v 51.421382 4.466196 10.393617
v 51.415274 8.622270 10.136536
v 51.397957 12.608498 9.407747
v 51.372682 16.593237 8.344045
v 51.341804 20.338108 7.044488
v 51.307674 23.600686 5.608137
v 51.268838 26.207312 3.973667
v 51.224733 28.085845 2.117495
v 51.179059 29.164227 0.195284
v 51.135515 29.396655 -1.637303
v 51.092447 28.644223 -3.449842
v 51.048763 26.904943 -5.288325
v 51.009002 24.387266 -6.961711
v 50.977703 21.333384 -8.278956
v 50.955622 17.858124 -9.208221
v 50.940491 13.975688 -9.845028
v 50.932309 9.814527 -10.189375
v 50.931076 5.515009 -10.241263
v 50.937381 1.122880 -9.975927
v 50.951027 -3.189721 -9.401622
v 50.970838 -7.099628 -8.567877
v 50.995636 -10.303941 -7.524223
v 51.027832 -12.598809 -6.169241
v 51.067145 -14.066291 -4.514724
v 51.108363 -15.215850 -2.780016
v 51.146275 -16.482472 -1.184463
v 51.181525 -17.847427 0.299060
v 51.216215 -19.235794 1.758997
v 51.247318 -20.745907 3.067987
v 51.271808 -22.476098 4.098670
v 51.287920 -24.723708 4.776751
v 51.297587 -27.345919 5.183599
v 51.303331 -29.780830 5.425350
v 51.307674 -31.466537 5.608137
v 43.497892 -4.670801 8.582436
v 43.501515 -2.809491 8.731584
v 43.507283 0.285670 8.968962
v 43.509988 4.011625 9.080298
v 43.504425 7.737451 8.851323
v 43.488653 11.316444 8.202212
v 43.465634 14.896865 7.254804
v 43.437510 18.264564 6.097328
v 43.406426 21.201736 4.818012
v 43.371055 23.551878 3.362238
v 43.330886 25.249065 1.709001
v 43.289287 26.227712 -0.003056
v 43.249629 26.445958 -1.635287
v 43.210404 25.779434 -3.249662
v 43.170617 24.226159 -4.887144
v 43.134404 21.972031 -6.377579
v 43.105898 19.233443 -7.550811
v 43.085787 16.113759 -8.378480
v 43.072006 12.627061 -8.945664
v 43.064554 8.889442 -9.252364
v 43.063432 5.027765 -9.298579
v 43.069174 1.084667 -9.062252
v 43.081602 -2.784705 -8.550736
v 43.099645 -6.290869 -7.808144
v 43.122231 -9.162656 -6.878592
v 43.151554 -11.217461 -5.671750
v 43.187359 -12.527756 -4.198120
v 43.224899 -13.551579 -2.653068
v 43.259429 -14.679661 -1.231956
v 43.291533 -15.895320 0.089374
v 43.323128 -17.131831 1.389697
v 43.351455 -18.476772 2.555576
v 43.373760 -20.017719 3.473575
v 43.388434 -22.019491 4.077521
v 43.397239 -24.354892 4.439889
v 43.402471 -26.523478 4.655209
v 43.406426 -28.024807 4.818012
v 35.589479 -4.211781 7.422547
v 35.592819 -2.538399 7.557045
v 35.598135 0.237854 7.771106
v 35.600629 3.574045 7.871506
v 35.595501 6.902638 7.665023
v 35.580965 10.093162 7.079671
v 35.559748 13.281455 6.225323
v 35.533827 16.276769 5.181541
v 35.505178 18.885125 4.027887
v 35.472577 20.967749 2.715108
v 35.435554 22.467332 1.224261
v 35.397214 23.326537 -0.319627
v 35.360662 23.508978 -1.791531
v 35.324509 22.903346 -3.247332
v 35.287839 21.508126 -4.723972
v 35.254462 19.490629 -6.068007
v 35.228189 17.045100 -7.125997
v 35.209654 14.263345 -7.872367
v 35.196952 11.156231 -8.383840
v 35.190084 7.826281 -8.660414
v 35.189049 4.385530 -8.702089
v 35.194341 0.870005 -8.488976
v 35.205796 -2.582738 -8.027703
v 35.222426 -5.713793 -7.358054
v 35.243242 -8.280424 -6.519807
v 35.270269 -10.119315 -5.431508
v 35.303269 -11.296599 -4.102628
v 35.337870 -12.219806 -2.709339
v 35.369694 -13.237026 -1.427817
v 35.399284 -14.333218 -0.236276
v 35.428404 -15.448212 0.936321
v 35.454513 -16.660979 1.987681
v 35.475071 -18.050491 2.815508
v 35.488596 -19.855540 3.360131
v 35.496710 -21.961430 3.686905
v 35.501532 -23.916900 3.881075
v 35.505178 -25.270687 4.027887
v 27.683606 -3.896380 6.378380
v 27.686763 -2.359171 6.502813
v 27.691787 0.177231 6.700854
v 27.694144 3.212422 6.793741
v 27.689297 6.224355 6.602710
v 27.675559 9.096271 6.061164
v 27.655506 11.958497 5.270752
v 27.631008 14.639673 4.305082
v 27.603930 16.965600 3.237762
v 27.573118 18.812989 2.023226
v 27.538126 20.133458 0.643948
v 27.501889 20.877870 -0.784402
v 27.467342 21.015515 -2.146155
v 27.433173 20.445240 -3.493010
v 27.398515 19.166227 -4.859144
v 27.366969 17.332573 -6.102598
v 27.342137 15.122062 -7.081412
v 27.324619 12.616589 -7.771927
v 27.312614 9.822234 -8.245123
v 27.306122 6.829160 -8.500999
v 27.305144 3.735895 -8.539556
v 27.310146 0.570516 -8.342391
v 27.320973 -2.544803 -7.915639
v 27.336690 -5.375155 -7.296103
v 27.356365 -7.699856 -6.520587
v 27.381908 -9.370725 -5.513732
v 27.413098 -10.450647 -4.284299
v 27.445800 -11.304720 -2.995278
v 27.475879 -12.245765 -1.809660
v 27.503846 -13.259867 -0.707289
v 27.531368 -14.291364 0.377556
v 27.556044 -15.413313 1.350237
v 27.575474 -16.698770 2.116113
v 27.588257 -18.368647 2.619979
v 27.595927 -20.316837 2.922298
v 27.600484 -22.125871 3.101937
v 27.603930 -23.378278 3.237762
v 19.780776 -3.739772 5.462186
v 19.783870 -2.278383 5.581624
v 19.788794 0.114792 5.771716
v 19.791104 2.961874 5.860874
v 19.786354 5.765665 5.677511
v 19.772888 8.419192 5.157703
v 19.753234 11.053562 4.399019
v 19.729222 13.510902 3.472113
v 19.702682 15.630799 2.447637
v 19.672482 17.301501 1.281855
v 19.638185 18.482562 -0.042057
v 19.602668 19.131867 -1.413071
v 19.568807 19.223752 -2.720161
v 19.535316 18.663482 -4.012951
v 19.501346 17.451027 -5.324246
v 19.470427 15.733405 -6.517786
v 19.446088 13.678778 -7.457309
v 19.428918 11.361831 -8.120106
v 19.417151 8.783263 -8.574307
v 19.410789 6.023563 -8.819912
v 19.409830 3.170688 -8.856921
v 19.414733 0.244797 -8.667670
v 19.425344 -2.643408 -8.258048
v 19.440749 -5.274421 -7.663382
v 19.460033 -7.441432 -6.918997
v 19.485069 -9.005974 -5.952558
v 19.515640 -10.030603 -4.772476
v 19.547693 -10.850347 -3.535199
v 19.577174 -11.753569 -2.397173
v 19.604585 -12.726911 -1.339053
v 19.631561 -13.716949 -0.297755
v 19.655747 -14.793803 0.635880
v 19.674791 -16.027594 1.371013
v 19.687320 -17.630354 1.854653
v 19.694838 -19.500239 2.144837
v 19.699305 -21.236562 2.317265
v 19.702682 -22.438632 2.447637
v 11.881195 -3.741968 4.673993
v 11.884355 -2.294691 4.793508
v 11.889384 0.055852 4.983721
v 11.891743 2.834078 5.072937
v 11.886892 5.546621 4.889456
v 11.873139 8.091877 4.369315
v 11.853065 10.607452 3.610145
v 11.828540 12.942416 2.682645
v 11.801434 14.943505 1.657512
v 11.770589 16.505918 0.490983
v 11.735560 17.595577 -0.833778
v 11.699285 18.175725 -2.205670
v 11.664701 18.224752 -3.513598
v 11.630496 17.650375 -4.807217
v 11.595801 16.453369 -6.119353
v 11.564221 14.779896 -7.313657
v 11.539363 12.795573 -8.253782
v 11.521826 10.570949 -8.917004
v 11.509808 8.101245 -9.371496
v 11.503310 5.460544 -9.617259
v 11.502331 2.729800 -9.654291
v 11.507338 -0.078054 -9.464920
v 11.518176 -2.859255 -9.055035
v 11.533910 -5.400523 -8.459987
v 11.553606 -7.500266 -7.715125
v 11.579176 -9.023942 -6.748067
v 11.610400 -10.036492 -5.567229
v 11.643136 -10.856718 -4.329159
v 11.673247 -11.760470 -3.190403
v 11.701243 -12.734384 -2.131605
v 11.728795 -13.725003 -1.089640
v 11.753497 -14.802490 -0.155406
v 11.772948 -16.037005 0.580198
v 11.785744 -17.640706 1.064148
v 11.793422 -19.511689 1.354518
v 11.797984 -21.249032 1.527056
v 11.801434 -22.451807 1.657512
v 3.984745 -3.888065 4.001809
v 3.988095 -2.398199 4.125997
v 3.993428 0.003181 4.323647
v 3.995928 2.824315 4.416351
v 3.990785 5.556410 4.225697
v 3.976204 8.098944 3.685219
v 3.954923 10.600866 2.896366
v 3.928923 12.911894 1.932601
v 3.900186 14.879510 0.867388
v 3.867485 16.401349 -0.344752
v 3.830349 17.447939 -1.721309
v 3.791891 17.986098 -3.146841
v 3.755227 17.997147 -4.505907
v 3.718964 17.387537 -5.850105
v 3.682181 16.158821 -7.213543
v 3.648702 14.461987 -8.454543
v 3.622348 12.466666 -9.431426
v 3.603756 10.242274 -10.120579
v 3.591016 7.778752 -10.592841
v 3.584127 5.147076 -10.848213
v 3.583088 2.424805 -10.886693
v 3.588397 -0.381353 -10.689917
v 3.599887 -3.170094 -10.264007
v 3.616568 -5.725720 -9.645693
v 3.637448 -7.843728 -8.871708
v 3.664557 -9.388051 -7.866839
v 3.697659 -10.428346 -6.639832
v 3.732365 -11.280596 -5.353355
v 3.764287 -12.219633 -4.170076
v 3.793968 -13.231572 -3.069880
v 3.823176 -14.260868 -1.987175
v 3.849365 -15.380422 -1.016414
v 3.869986 -16.663136 -0.252049
v 3.883552 -18.329450 0.250823
v 3.891692 -20.273483 0.552546
v 3.896529 -22.078656 0.731831
v 3.900186 -23.328391 0.867388
v -3.909007 -4.150048 3.423065
v -3.905360 -2.570812 3.555628
v -3.899555 -0.040039 3.766608
v -3.896833 2.919273 3.865563
v -3.902432 5.767083 3.662051
v -3.918305 8.400093 3.085124
v -3.941473 10.982017 2.243073
v -3.969778 13.357625 1.214313
v -4.001062 15.369452 0.077263
v -4.036662 16.913404 -1.216622
v -4.077090 17.962725 -2.686012
v -4.118956 18.485960 -4.207680
v -4.158871 18.466168 -5.658399
v -4.198348 17.805339 -7.093248
v -4.238391 16.505727 -8.548634
v -4.274838 14.727796 -9.873326
v -4.303528 12.650666 -10.916088
v -4.323768 10.345350 -11.651717
v -4.337638 7.797080 -12.155828
v -4.345138 5.076863 -12.428421
v -4.346268 2.262293 -12.469497
v -4.340489 -0.644799 -12.259450
v -4.327980 -3.541437 -11.804817
v -4.309821 -6.202068 -11.144805
v -4.287090 -8.412338 -10.318624
v -4.257578 -10.029963 -9.245988
v -4.221542 -11.131021 -7.936233
v -4.183759 -12.040696 -6.562998
v -4.149008 -13.043007 -5.299920
v -4.116696 -14.123131 -4.125528
v -4.084898 -15.221782 -2.969807
v -4.056388 -16.416773 -1.933579
v -4.033939 -17.785919 -1.117667
v -4.019170 -19.564511 -0.580882
v -4.010309 -21.639534 -0.258811
v -4.005043 -23.566342 -0.067436
v -4.001062 -24.900286 0.077263
v -11.800771 -4.489936 2.907156
v -11.796748 -2.788015 3.050583
v -11.790345 -0.069544 3.278854
v -11.787342 3.100790 3.385919
v -11.793518 6.140548 3.165728
v -11.811027 8.940388 2.541518
v -11.836582 11.680285 1.630453
v -11.867803 14.195425 0.517378
v -11.902310 16.318663 -0.712862
v -11.941578 17.940499 -2.112791
v -11.986171 19.034827 -3.702609
v -12.032351 19.570010 -5.348990
v -12.076378 19.529524 -6.918607
v -12.119923 18.808450 -8.471053
v -12.164091 17.409582 -10.045720
v -12.204293 15.506110 -11.478980
v -12.235939 13.290646 -12.607206
v -12.258264 10.838162 -13.403125
v -12.273563 8.130247 -13.948552
v -12.281836 5.240853 -14.243486
v -12.283083 2.250796 -14.287928
v -12.276708 -0.841162 -14.060667
v -12.262911 -3.926723 -13.568773
v -12.242881 -6.764685 -12.854668
v -12.217807 -9.125514 -11.960774
v -12.185255 -10.857051 -10.800227
v -12.145506 -12.042649 -9.383128
v -12.103831 -13.026827 -7.897345
v -12.065499 -14.111227 -6.530748
v -12.029858 -15.279813 -5.260105
v -11.994784 -16.468443 -4.009664
v -11.963336 -17.761304 -2.888509
v -11.938574 -19.242582 -2.005725
v -11.922284 -21.166841 -1.424947
v -11.912510 -23.411809 -1.076480
v -11.906702 -25.496422 -0.869420
v -11.902310 -26.939615 -0.712862
v -19.691454 -4.863954 2.418794
v -19.687012 -3.021962 2.574177
v -19.679943 -0.082044 2.821477
v -19.676627 3.344366 2.937467
v -19.683446 6.626781 2.698922
v -19.702777 9.647366 2.022677
v -19.730991 12.601821 1.035666
v -19.765460 15.312401 -0.170194
v -19.803559 17.598860 -1.502987
v -19.846912 19.343377 -3.019613
v -19.896145 20.518395 -4.741958
v -19.947130 21.090255 -6.525580
v -19.995738 21.041518 -8.226040
v -20.043814 20.258812 -9.907898
v -20.092579 18.745254 -11.613829
v -20.136964 16.688352 -13.166565
v -20.171903 14.296466 -14.388839
v -20.196551 11.650336 -15.251106
v -20.213442 8.729395 -15.841999
v -20.222575 5.613022 -16.161519
v -20.223951 2.387962 -16.209666
v -20.216914 -0.947948 -15.963460
v -20.201681 -4.278184 -15.430562
v -20.179566 -7.342176 -14.656929
v -20.151884 -9.891874 -13.688521
v -20.115944 -11.762901 -12.431231
v -20.072059 -13.045819 -10.896003
v -20.026048 -14.111981 -9.286365
v -19.983727 -15.286713 -7.805849
v -19.944378 -16.552643 -6.429287
v -19.905654 -17.840288 -5.074609
v -19.870934 -19.240847 -3.859995
v -19.843596 -20.845517 -2.903623
v -19.825610 -22.930069 -2.274431
v -19.814819 -25.362046 -1.896916
v -19.808407 -27.620310 -1.672595
v -19.803559 -29.183724 -1.502987
v -27.582064 -5.227272 1.921837
v -27.577200 -3.245245 2.088836
v -27.569460 -0.078532 2.354622
v -27.565830 3.615340 2.479283
v -27.573296 7.158115 2.222905
v -27.594461 10.422270 1.496109
v -27.625352 13.617072 0.435315
v -27.663093 16.550350 -0.860688
v -27.704807 19.027213 -2.293112
v -27.752274 20.919890 -3.923111
v -27.806179 22.197724 -5.774208
v -27.862003 22.823661 -7.691163
v -27.915223 22.778295 -9.518738
v -27.967862 21.939374 -11.326321
v -28.021254 20.310119 -13.159776
v -28.069851 18.092198 -14.828586
v -28.108105 15.509963 -16.142229
v -28.135092 12.650872 -17.068953
v -28.153586 9.493715 -17.704018
v -28.163586 6.124855 -18.047424
v -28.165093 2.638669 -18.099170
v -28.157387 -0.965985 -17.834559
v -28.140709 -4.562736 -17.261825
v -28.116496 -7.870510 -16.430360
v -28.086187 -10.621858 -15.389560
v -28.046836 -12.639470 -14.038283
v -27.998787 -14.020290 -12.388290
v -27.948409 -15.166089 -10.658327
v -27.902072 -16.428568 -9.067136
v -27.858989 -17.789059 -7.587671
v -27.816590 -19.172886 -6.131726
v -27.778576 -20.678060 -4.826315
v -27.748643 -22.402593 -3.798450
v -27.728951 -24.642853 -3.122224
v -27.717136 -27.256489 -2.716488
v -27.710115 -29.683436 -2.475399
v -27.704807 -31.363631 -2.293112
v -35.473597 -5.538818 1.383164
v -35.468349 -3.434408 1.560126
v -35.459996 -0.066445 1.841768
v -35.456078 3.867623 1.973866
v -35.464135 7.647945 1.702193
v -35.486976 11.137853 0.932038
v -35.520312 14.557262 -0.192039
v -35.561040 17.700548 -1.565358
v -35.606055 20.359147 -3.083236
v -35.657279 22.395678 -4.810477
v -35.715451 23.775841 -6.772005
v -35.775693 24.458843 -8.803320
v -35.833126 24.422967 -10.739923
v -35.889930 23.537961 -12.655341
v -35.947548 21.807010 -14.598176
v -35.999992 19.444068 -16.366541
v -36.041274 16.687612 -17.758553
v -36.070397 13.631498 -18.740563
v -36.090355 10.254808 -19.413514
v -36.101146 6.650889 -19.777406
v -36.102773 2.921744 -19.832239
v -36.094457 -0.931777 -19.551843
v -36.076458 -4.773782 -18.944941
v -36.050329 -8.304642 -18.063873
v -36.017621 -11.239447 -16.960981
v -35.975156 -13.389183 -15.529091
v -35.923304 -14.855902 -13.780665
v -35.868938 -16.069992 -11.947496
v -35.818934 -17.407715 -10.261380
v -35.772440 -18.849291 -8.693654
v -35.726686 -20.315595 -7.150851
v -35.685663 -21.910478 -5.767563
v -35.653361 -23.737793 -4.678379
v -35.632110 -26.111573 -3.961811
v -35.619360 -28.880982 -3.531870
v -35.611783 -31.452576 -3.276398
v -35.606055 -33.232911 -3.083236
v -43.366922 -5.765659 0.776209
v -43.361360 -3.572438 0.960428
v -43.352508 -0.058819 1.253621
v -43.348356 4.048735 1.391136
v -43.356895 8.000169 1.108322
v -43.381101 11.652264 0.306582
v -43.416431 15.232817 -0.863594
v -43.459595 18.526548 -2.293234
v -43.507303 21.315081 -3.873361
v -43.561591 23.454179 -5.671437
v -43.623242 24.907016 -7.713408
v -43.687087 25.630184 -9.828029
v -43.747955 25.600364 -11.844054
v -43.808158 24.681529 -13.838024
v -43.869222 22.876853 -15.860536
v -43.924802 20.409219 -17.701423
v -43.968553 17.527333 -19.150522
v -43.999418 14.329628 -20.172805
v -44.020570 10.795292 -20.873354
v -44.032007 7.022623 -21.252169
v -44.033730 3.119043 -21.309251
v -44.024917 -0.913298 -21.017356
v -44.005842 -4.931713 -20.385564
v -43.978150 -8.623186 -19.468364
v -43.943486 -11.690205 -18.320241
v -43.898481 -13.935309 -16.829629
v -43.843527 -15.464322 -15.009498
v -43.785910 -16.728133 -13.101150
v -43.732915 -18.120643 -11.345885
v -43.683640 -19.621259 -9.713865
v -43.635149 -21.147614 -8.107792
v -43.591672 -22.807815 -6.667774
v -43.557439 -24.709968 -5.533922
v -43.534917 -27.180965 -4.787967
v -43.521404 -30.063794 -4.340394
v -43.513374 -32.740707 -4.074445
v -43.507303 -34.593955 -3.873361
v -51.262679 -5.886472 0.083766
v -51.256899 -3.649877 0.271855
v -51.247701 -0.070228 0.571207
v -51.243386 4.111232 0.711612
v -51.252259 8.129443 0.422856
v -51.277412 11.839123 -0.395727
v -51.314125 15.473948 -1.590488
v -51.358977 18.815341 -3.050162
v -51.408551 21.641600 -4.663486
v -51.464962 23.806675 -6.499337
v -51.529026 25.274072 -8.584208
v -51.595368 26.000401 -10.743254
v -51.658618 25.962555 -12.801633
v -51.721175 25.022091 -14.837494
v -51.784628 23.182387 -16.902496
v -51.842383 20.670835 -18.782058
v -51.887846 17.740895 -20.261601
v -51.919918 14.492342 -21.305360
v -51.941896 10.902984 -22.020627
v -51.953781 7.072066 -22.407401
v -51.955572 3.108042 -22.465682
v -51.946414 -0.988139 -22.167654
v -51.926593 -5.072009 -21.522589
v -51.897817 -8.825089 -20.586120
v -51.861797 -11.944553 -19.413877
v -51.815031 -14.229495 -17.891948
v -51.757928 -15.788359 -16.033579
v -51.698057 -17.078653 -14.085139
v -51.642989 -18.500341 -12.292999
v -51.591787 -20.032401 -10.626692
v -51.541399 -21.590739 -8.986876
v -51.496221 -23.285728 -7.516606
v -51.460648 -25.227738 -6.358933
v -51.437245 -27.750512 -5.597307
v -51.423203 -30.693748 -5.140331
v -51.414860 -33.426753 -4.868794
v -51.408551 -35.318833 -4.663486
v -59.161193 -5.893759 -0.700227
v -59.155305 -3.664769 -0.511895
v -59.145934 -0.111205 -0.212156
v -59.141539 4.026558 -0.071571
v -59.150578 7.985370 -0.360700
v -59.176203 11.623534 -1.180340
v -59.213603 15.179465 -2.376644
v -59.259296 18.439192 -3.838203
v -59.309799 21.185757 -5.453611
v -59.367268 23.277791 -7.291833
v -59.432532 24.683185 -9.379397
v -59.500118 25.362225 -11.541231
v -59.564552 25.294596 -13.602269
v -59.628282 24.343420 -15.640760
v -59.692924 22.512639 -17.708429
v -59.751761 20.029269 -19.590418
v -59.798076 17.145257 -21.071872
v -59.830750 13.957603 -22.116980
v -59.853140 10.440291 -22.833170
v -59.865247 6.688215 -23.220444
v -59.867072 2.805078 -23.278800
v -59.857743 -1.213187 -22.980387
v -59.837550 -5.226787 -22.334490
v -59.808235 -8.921252 -21.396810
v -59.771539 -11.997081 -20.223053
v -59.723898 -14.255896 -18.699159
v -59.665724 -15.807902 -16.838390
v -59.604731 -17.099793 -14.887433
v -59.548630 -18.523241 -13.092978
v -59.496469 -20.057197 -11.424519
v -59.445137 -21.617464 -9.782585
v -59.399112 -23.314551 -8.310416
v -59.362873 -25.258965 -7.151248
v -59.339031 -27.784862 -6.388637
v -59.324726 -30.731741 -5.931071
v -59.316226 -33.468129 -5.659184
v -59.309799 -35.362551 -5.453611
v -67.062432 -5.794553 -1.570111
v -67.056544 -3.621981 -1.384939
v -67.047173 -0.183824 -1.090230
v -67.042777 3.795257 -0.952003
v -67.051817 7.570163 -1.236281
v -67.077443 11.008439 -2.042168
v -67.114845 14.352595 -3.218398
v -67.160541 17.401146 -4.655433
v -67.211047 19.949923 -6.243736
v -67.268519 21.868801 -8.051114
v -67.333787 23.134276 -10.103649
v -67.401377 23.714102 -12.229209
v -67.465816 23.593438 -14.255664
v -67.529549 22.640879 -16.259950
v -67.594195 20.861317 -18.292924
v -67.653036 18.476754 -20.143336
v -67.699354 15.731562 -21.599931
v -67.732029 12.715830 -22.627503
v -67.754421 9.397064 -23.331676
v -67.766529 5.860415 -23.712451
v -67.768353 2.198933 -23.769828
v -67.759023 -1.600517 -23.476423
v -67.738829 -5.409335 -22.841363
v -67.709513 -8.926370 -21.919417
v -67.672815 -11.863900 -20.765355
v -67.625170 -14.031945 -19.267031
v -67.566993 -15.541820 -17.437484
v -67.505997 -16.811965 -15.519264
v -67.449893 -18.211453 -13.754918
v -67.397728 -19.719589 -12.114455
v -67.346393 -21.253594 -10.500072
v -67.300365 -22.922115 -9.052605
v -67.264124 -24.833800 -7.912887
v -67.240281 -27.317180 -7.163073
v -67.225975 -30.214457 -6.713185
v -67.217474 -32.904785 -6.445859
v -67.211047 -34.767320 -6.243736
v -74.965995 -5.609563 -2.509198
v -74.960198 -3.532409 -2.329928
v -74.950973 -0.280669 -2.044612
v -74.946646 3.448614 -1.910791
v -74.955545 6.941307 -2.186007
v -74.980772 10.078638 -2.966209
v -75.017592 13.106555 -4.104949
v -75.062576 15.842252 -5.496182
v -75.112295 18.100683 -7.033860
v -75.168872 19.768097 -8.783632
v -75.233124 20.832861 -10.770747
v -75.299661 21.273134 -12.828560
v -75.363096 21.081625 -14.790425
v -75.425837 20.135493 -16.730829
v -75.489477 18.440875 -18.699007
v -75.547401 16.211042 -20.490440
v -75.592997 13.677968 -21.900610
v -75.625164 10.921588 -22.895429
v -75.647207 7.900907 -23.577159
v -75.659127 4.687125 -23.945798
v -75.660923 1.358045 -24.001346
v -75.651738 -2.111654 -23.717292
v -75.631858 -5.609663 -23.102473
v -75.602998 -8.855511 -22.209913
v -75.566872 -11.579952 -21.092634
v -75.519969 -13.606050 -19.642066
v -75.462698 -15.045649 -17.870832
v -75.402651 -16.275245 -16.013751
v -75.347421 -17.630055 -14.305640
v -75.296069 -19.090044 -12.717463
v -75.245533 -20.575075 -11.154535
v -75.200223 -22.190329 -9.753203
v -75.164545 -24.040984 -8.649811
v -75.141074 -26.445082 -7.923896
v -75.126991 -29.249863 -7.488347
v -75.118622 -31.854303 -7.229542
v -75.112295 -33.657377 -7.033860
v -82.871143 -5.370822 -3.491658
v -82.865501 -3.412259 -3.320009
v -82.856521 -0.387707 -3.046821
v -82.852309 3.040645 -2.918688
v -82.860971 6.197376 -3.182206
v -82.885526 8.979720 -3.929242
v -82.921364 11.636109 -5.019577
v -82.965149 14.005705 -6.351671
v -83.013543 15.925938 -7.823985
v -83.068612 17.302053 -9.499378
v -83.131151 18.135796 -11.402024
v -83.195915 18.417113 -13.372362
v -83.257659 18.147226 -15.250832
v -83.318728 17.213578 -17.108753
v -83.380671 15.623671 -18.993267
v -83.437051 13.579794 -20.708550
v -83.481432 11.298723 -22.058776
v -83.512741 8.848560 -23.011308
v -83.534196 6.179009 -23.664058
v -83.545798 3.345223 -24.017026
v -83.547547 0.407474 -24.070213
v -83.538607 -2.673079 -23.798234
v -83.519257 -5.803029 -23.209550
v -83.491166 -8.726656 -22.354931
v -83.456003 -11.196938 -21.285146
v -83.410351 -13.052551 -19.896238
v -83.354606 -14.405312 -18.200296
v -83.296160 -15.582577 -16.422156
v -83.242402 -16.879726 -14.786654
v -83.192419 -18.277579 -13.265988
v -83.143230 -19.699408 -11.769498
v -83.099127 -21.245917 -10.427733
v -83.064401 -23.017809 -9.371245
v -83.041555 -25.319589 -8.676187
v -83.027847 -28.005000 -8.259152
v -83.019702 -30.498596 -8.011349
v -83.013543 -32.224932 -7.823985
v -90.776873 -5.118121 -4.485400
v -90.771409 -3.282188 -4.321818
v -90.762712 -0.489597 -4.061470
v -90.758633 2.633864 -3.939360
v -90.767022 5.452946 -4.190492
v -90.790804 7.880781 -4.902418
v -90.825514 10.167182 -5.941508
v -90.867921 12.173209 -7.210994
v -90.914791 13.758678 -8.614110
v -90.968127 14.847586 -10.210760
v -91.028697 15.454604 -12.023982
v -91.091422 15.581116 -13.901716
v -91.151222 15.236562 -15.691899
v -91.210369 14.318792 -17.462498
v -91.270361 12.836595 -19.258441
v -91.324967 10.980818 -20.893106
v -91.367951 8.952660 -22.179872
v -91.398274 6.808507 -23.087635
v -91.419054 4.489278 -23.709706
v -91.430291 2.034389 -24.046086
v -91.431984 -0.513082 -24.096773
v -91.423326 -3.204887 -23.837577
v -91.404585 -5.966270 -23.276561
v -91.377379 -8.566485 -22.462108
v -91.343323 -10.780998 -21.442602
v -91.299107 -12.464236 -20.118973
v -91.245117 -13.727532 -18.502739
v -91.188511 -14.849405 -16.808171
v -91.136445 -16.085523 -15.249537
v -91.088036 -17.417605 -13.800341
v -91.040395 -18.772536 -12.374185
v -90.997681 -20.246281 -11.095483
v -90.964048 -21.934804 -10.088649
v -90.941921 -24.128284 -9.426259
v -90.928645 -26.687345 -9.028824
v -90.920756 -29.063615 -8.792668
v -90.914791 -30.708726 -8.614110
v -98.682025 -4.894581 -5.455639
v -98.676715 -3.165855 -5.299193
v -98.668264 -0.574714 -5.050203
v -98.664301 2.285032 -4.933419
v -98.672452 4.813324 -5.173596
v -98.695561 6.936891 -5.854465
v -98.729289 8.906227 -6.848224
v -98.770496 10.601160 -8.062329
v -98.816040 11.900699 -9.404235
v -98.867866 12.744827 -10.931231
v -98.926721 13.159110 -12.665352
v -98.987671 13.154590 -14.461170
v -99.045779 12.747633 -16.173257
v -99.103251 11.845079 -17.866614
v -99.161546 10.456789 -19.584209
v -99.214606 8.763567 -21.147563
v -99.256374 6.953061 -22.378194
v -99.285839 5.071644 -23.246356
v -99.306031 3.052930 -23.841290
v -99.316950 0.922966 -24.162994
v -99.318595 -1.289785 -24.211470
v -99.310181 -3.647879 -23.963581
v -99.291971 -6.092465 -23.427039
v -99.265535 -8.414345 -22.648117
v -99.232442 -10.408429 -21.673087
v -99.189478 -11.942734 -20.407201
v -99.137017 -13.127966 -18.861475
v -99.082012 -14.200841 -17.240832
v -99.031420 -15.382970 -15.750193
v -98.984381 -16.656872 -14.364218
v -98.938089 -17.952625 -13.000278
v -98.896583 -19.362002 -11.777359
v -98.863902 -20.976777 -10.814448
v -98.842401 -23.074455 -10.180954
v -98.829501 -25.521745 -9.800857
v -98.821835 -27.794230 -9.575003
v -98.816040 -29.367488 -9.404235
v -106.585401 -4.741852 -6.368769
v -106.580175 -3.087543 -6.217197
v -106.571859 -0.637481 -5.975963
v -106.567958 2.036575 -5.862818
v -106.575980 4.358929 -6.095513
v -106.598722 6.266026 -6.755171
v -106.631914 8.009328 -7.717973
v -106.672467 9.482036 -8.894257
v -106.717288 10.576834 -10.194360
v -106.768291 11.245182 -11.673787
v -106.826212 11.520583 -13.353888
v -106.886195 11.421103 -15.093763
v -106.943380 10.968156 -16.752515
v -106.999940 10.074922 -18.393121
v -107.057309 8.752055 -20.057210
v -107.109527 7.173425 -21.571862
v -107.150631 5.517214 -22.764157
v -107.179629 3.822630 -23.605275
v -107.199500 2.017865 -24.181675
v -107.210246 0.119325 -24.493358
v -107.211865 -1.855057 -24.540324
v -107.203585 -3.975790 -24.300157
v -107.185664 -6.195434 -23.780330
v -107.159647 -8.320012 -23.025672
v -107.127080 -10.158135 -22.081016
v -107.084798 -11.587418 -20.854564
v -107.033169 -12.718324 -19.356991
v -106.979038 -13.757722 -17.786833
v -106.929249 -14.902963 -16.342630
v -106.882956 -16.137115 -14.999831
v -106.837399 -17.392436 -13.678380
v -106.796552 -18.757835 -12.493557
v -106.764390 -20.322223 -11.560642
v -106.743231 -22.354445 -10.946882
v -106.730535 -24.725371 -10.578627
v -106.722992 -26.926945 -10.359808
v -106.717288 -28.451112 -10.194360
v -114.485905 -4.695436 -7.196138
v -114.480651 -3.068962 -7.046041
v -114.472287 -0.677127 -6.807156
v -114.468365 1.915910 -6.695112
v -114.476432 4.143294 -6.925541
v -114.499302 5.946317 -7.578778
v -114.532681 7.578973 -8.532206
v -114.573462 8.940980 -9.697038
v -114.618536 9.931704 -10.984484
v -114.669826 10.508538 -12.449509
v -114.728074 10.709627 -14.113253
v -114.788394 10.557046 -15.836190
v -114.845902 10.075163 -17.478793
v -114.902781 9.179958 -19.103428
v -114.960473 7.882608 -20.751316
v -115.012985 6.354546 -22.251223
v -115.054321 4.770156 -23.431910
v -115.083482 3.165011 -24.264839
v -115.103465 1.463745 -24.835628
v -115.114271 -0.322413 -25.144277
v -115.115900 -2.181194 -25.190785
v -115.107573 -4.188043 -24.952957
v -115.089551 -6.301432 -24.438190
v -115.063388 -8.334224 -23.690879
v -115.030637 -10.101055 -22.755419
v -114.988117 -11.483855 -21.540908
v -114.936197 -12.593830 -20.057913
v -114.881761 -13.623053 -18.503042
v -114.831692 -14.757085 -17.072899
v -114.785138 -15.979156 -15.743172
v -114.739324 -17.222189 -14.434586
v -114.698247 -18.574223 -13.261298
v -114.665904 -20.123297 -12.337466
v -114.644625 -22.135627 -11.729681
v -114.631858 -24.483345 -11.365010
v -114.624272 -26.663369 -11.148322
v -114.618536 -28.172616 -10.984484
v -122.382676 -4.780645 -7.917307
v -122.377243 -3.125840 -7.764479
v -122.368598 -0.694084 -7.521245
v -122.364542 1.940427 -7.407162
v -122.372882 4.200881 -7.641786
v -122.396524 6.027933 -8.306912
v -122.431031 7.680693 -9.277695
v -122.473189 9.057618 -10.463729
v -122.519784 10.056821 -11.774609
v -122.572806 10.635476 -13.266300
v -122.633021 10.832926 -14.960328
v -122.695377 10.672072 -16.714625
v -122.754827 10.178049 -18.387127
v -122.813626 9.265508 -20.041333
v -122.873266 7.945893 -21.719216
v -122.927551 6.393675 -23.246424
v -122.970282 4.786191 -24.448602
v -123.000428 3.159331 -25.296692
v -123.021086 1.435927 -25.877870
v -123.032257 -0.373100 -26.192137
v -123.033940 -2.255815 -26.239492
v -123.025332 -4.289605 -25.997335
v -123.006702 -6.432744 -25.473198
v -122.979655 -8.495202 -24.712285
v -122.945799 -10.288672 -23.759798
v -122.901843 -11.693259 -22.523180
v -122.848170 -12.822374 -21.013192
v -122.791896 -13.870274 -19.430020
v -122.740136 -15.024886 -17.973845
v -122.692011 -16.269134 -16.619915
v -122.644650 -17.534724 -15.287509
v -122.602187 -18.911294 -14.092865
v -122.568751 -20.488480 -13.152217
v -122.546754 -22.537328 -12.533370
v -122.533556 -24.927651 -12.162062
v -122.525714 -27.147236 -11.941429
v -122.519784 -28.683872 -11.774609
v -130.275187 -5.009616 -8.522468
v -130.269408 -3.265209 -8.362311
v -130.260211 -0.686559 -8.107414
v -130.255898 2.122862 -7.987860
v -130.264769 4.555763 -8.233735
v -130.289918 6.546204 -8.930755
v -130.326623 8.361270 -9.948089
v -130.371467 9.889691 -11.190995
v -130.421032 11.019698 -12.564734
v -130.477433 11.701563 -14.127954
v -130.541485 11.972101 -15.903213
v -130.607815 11.851588 -17.741632
v -130.671053 11.363551 -19.494333
v -130.733598 10.416824 -21.227860
v -130.797040 9.022839 -22.986201
v -130.854784 7.365077 -24.586641
v -130.900238 5.631195 -25.846465
v -130.932305 3.861689 -26.735222
v -130.954279 1.979480 -27.344269
v -130.966162 0.000472 -27.673605
v -130.967952 -2.057956 -27.723232
v -130.958796 -4.271896 -27.469462
v -130.938978 -6.592783 -26.920192
v -130.910208 -8.817096 -26.122792
v -130.874194 -10.743821 -25.124632
v -130.827438 -12.244550 -23.828716
v -130.770345 -13.436506 -22.246322
v -130.710485 -14.534596 -20.587234
v -130.655426 -15.744508 -19.061233
v -130.604234 -17.048350 -17.642380
v -130.553855 -18.374556 -16.246083
v -130.508686 -19.817057 -14.994154
v -130.473120 -21.469783 -14.008401
v -130.449721 -23.616761 -13.359879
v -130.435682 -26.121569 -12.970765
v -130.427339 -28.447462 -12.739553
v -130.421032 -30.057696 -12.564734
v -138.163330 -5.379702 -9.013737
v -138.157032 -3.484207 -8.841739
v -138.147009 -0.649699 -8.567997
v -138.142308 2.471946 -8.439604
v -138.151976 5.222453 -8.703657
v -138.179385 7.522949 -9.452210
v -138.219388 9.650717 -10.544758
v -138.268262 11.475823 -11.879556
v -138.322280 12.867495 -13.354859
v -138.383749 13.761914 -15.033652
v -138.453556 14.189129 -16.940160
v -138.525846 14.162921 -18.914499
v -138.594766 13.702522 -20.796782
v -138.662932 12.706305 -22.658474
v -138.732074 11.185352 -24.546814
v -138.795006 9.338100 -26.265578
v -138.844545 7.369990 -27.618545
v -138.879493 5.330714 -28.573011
v -138.903442 3.145631 -29.227086
v -138.916392 0.841399 -29.580771
v -138.918344 -1.552852 -29.634066
v -138.908365 -4.108088 -29.361535
v -138.886766 -6.761766 -28.771656
v -138.855411 -9.285893 -27.915302
v -138.816161 -11.456684 -26.843345
v -138.765203 -13.130297 -25.451618
v -138.702980 -14.429129 -23.752233
v -138.637741 -15.608341 -21.970484
v -138.577736 -16.907635 -20.331662
v -138.521944 -18.307798 -18.807909
v -138.467038 -19.731978 -17.308381
v -138.417810 -21.281044 -15.963893
v -138.379048 -23.055866 -14.905260
v -138.353547 -25.361452 -14.208791
v -138.338246 -28.051303 -13.790909
v -138.329154 -30.549022 -13.542603
v -138.322280 -32.278212 -13.354859
v -146.047446 -5.873424 -9.405201
v -146.040469 -3.770718 -9.217408
v -146.029366 -0.578261 -8.918527
v -146.024158 2.986526 -8.778344
v -146.034869 6.195794 -9.066645
v -146.065231 8.951366 -9.883940
v -146.109546 11.541709 -11.076821
v -146.163688 13.809334 -12.534198
v -146.223528 15.595385 -14.144984
v -146.291623 16.814595 -15.977947
v -146.368953 17.485577 -18.059536
v -146.449036 17.611418 -20.215185
v -146.525384 17.204081 -22.270326
v -146.600897 16.147039 -24.302984
v -146.677491 14.450603 -26.364736
v -146.747206 12.333520 -28.241341
v -146.802085 10.025950 -29.718556
v -146.840799 7.591432 -30.760673
v -146.867329 4.960645 -31.474814
v -146.881675 2.177028 -31.860980
v -146.883837 -0.711948 -31.919169
v -146.872783 -3.767685 -31.621610
v -146.848856 -6.906344 -30.977560
v -146.814121 -9.864891 -30.042564
v -146.770641 -12.387146 -28.872166
v -146.714191 -14.307164 -27.352632
v -146.645261 -15.753362 -25.497187
v -146.572991 -17.040796 -23.551813
v -146.506518 -18.459333 -21.762492
v -146.444712 -19.987996 -20.098807
v -146.383889 -21.542880 -18.461572
v -146.329355 -23.234112 -16.993614
v -146.286415 -25.171818 -15.837763
v -146.258165 -27.688999 -15.077335
v -146.241215 -30.625711 -14.621078
v -146.231143 -33.352658 -14.349969
v -146.223528 -35.240545 -14.144984
v -153.928311 -6.459983 -9.721700
v -153.920527 -4.105552 -9.515142
v -153.908138 -0.471510 -9.186395
v -153.902327 3.645897 -9.032203
v -153.914277 7.434635 -9.349314
v -153.948155 10.771579 -10.248277
v -153.997600 13.956101 -11.560357
v -154.058009 16.795367 -13.163364
v -154.124776 19.094472 -14.935109
v -154.200753 20.740062 -16.951231
v -154.287036 21.734799 -19.240826
v -154.376388 22.067063 -21.611879
v -154.461575 21.738678 -23.872381
v -154.545829 20.614485 -26.108153
v -154.631289 18.703576 -28.375928
v -154.709075 16.249179 -30.440054
v -154.770306 13.511801 -32.064880
v -154.813503 10.572985 -33.211132
v -154.843104 7.371757 -33.996634
v -154.859111 3.973887 -34.421387
v -154.861523 0.451251 -34.485391
v -154.849189 -3.243505 -34.158098
v -154.822493 -6.998645 -33.449692
v -154.783737 -10.507149 -32.421265
v -154.735223 -13.472371 -31.133914
v -154.672238 -15.700621 -29.462539
v -154.595329 -17.326597 -27.421688
v -154.514693 -18.742603 -25.281921
v -154.440525 -20.302804 -23.313801
v -154.371564 -21.984130 -21.483871
v -154.303700 -23.694295 -19.683034
v -154.242853 -25.554424 -18.068390
v -154.194943 -27.685642 -16.797040
v -154.163423 -30.454206 -15.960626
v -154.144511 -33.684197 -15.458777
v -154.133273 -36.683475 -15.160577
v -154.124776 -38.759898 -14.935109
v -161.807074 -7.098183 -9.996470
v -161.798399 -4.465347 -9.769493
v -161.784593 -0.337555 -9.408249
v -161.778117 4.402404 -9.238816
v -161.791435 8.849658 -9.587273
v -161.829189 12.852298 -10.575101
v -161.884293 16.719622 -12.016882
v -161.951616 20.218217 -13.778349
v -162.026024 23.111769 -15.725233
v -162.110697 25.254250 -17.940654
v -162.206854 26.629034 -20.456578
v -162.306432 27.206878 -23.062014
v -162.401368 26.977344 -25.545970
v -162.495264 25.784243 -28.002753
v -162.590505 23.635102 -30.494701
v -162.677193 20.800070 -32.762869
v -162.745432 17.573467 -34.548313
v -162.793572 14.057685 -35.807873
v -162.826561 10.202489 -36.671024
v -162.844399 6.099893 -37.137765
v -162.847087 1.850451 -37.208095
v -162.833342 -2.575716 -36.848449
v -162.803591 -7.034411 -36.070015
v -162.760399 -11.168836 -34.939927
v -162.706334 -14.636705 -33.525319
v -162.636140 -17.212931 -31.688726
v -162.550430 -19.038340 -29.446133
v -162.460565 -20.594236 -27.094846
v -162.377909 -22.308574 -24.932174
v -162.301056 -24.156003 -22.921353
v -162.225425 -26.035120 -20.942500
v -162.157614 -28.079016 -19.168246
v -162.104221 -30.420783 -17.771220
v -162.069094 -33.462861 -16.852125
v -162.048017 -37.011952 -16.300667
v -162.035494 -40.307537 -15.972990
v -162.026024 -42.589096 -15.725233
v -169.685158 -7.740459 -10.267894
v -169.675565 -4.825290 -10.020366
v -169.660297 -0.194265 -9.626414
v -169.653137 5.182360 -9.441639
v -169.667864 10.305687 -9.821647
v -169.709612 14.994058 -10.898916
v -169.770546 19.565841 -12.471241
v -169.844991 23.745769 -14.392197
v -169.927273 27.254820 -16.515358
v -170.020903 29.913068 -18.931370
v -170.127234 31.683562 -21.675094
v -170.237347 32.518547 -24.516435
v -170.342327 32.394662 -27.225296
v -170.446158 31.134194 -29.904524
v -170.551475 28.742977 -32.622101
v -170.647335 25.518388 -35.095636
v -170.722793 21.789157 -37.042739
v -170.776026 17.679262 -38.416345
v -170.812506 13.150057 -39.357648
v -170.832232 8.320898 -39.866649
v -170.835204 3.322217 -39.943348
v -170.820004 -1.857244 -39.551138
v -170.787105 -7.039610 -38.702222
v -170.739344 -11.817073 -37.469812
v -170.679559 -15.800650 -35.927121
v -170.601939 -18.733080 -33.924237
v -170.507160 -20.761018 -31.478592
v -170.407787 -22.457699 -28.914412
v -170.316386 -24.327158 -26.555925
v -170.231403 -26.341751 -24.363037
v -170.147770 -28.390899 -22.205013
v -170.072785 -30.619737 -20.270112
v -170.013742 -33.173398 -18.746595
v -169.974898 -36.490737 -17.744282
v -169.951592 -40.360967 -17.142894
v -169.937743 -43.954752 -16.785547
v -169.927273 -46.442757 -16.515358
v -177.564116 -8.337598 -10.575696
v -177.553640 -5.161052 -10.309059
v -177.536967 -0.065443 -9.884691
v -177.529147 5.897849 -9.685652
v -177.545230 11.642812 -10.094997
v -177.590822 16.960539 -11.255435
v -177.657366 22.178304 -12.949148
v -177.738664 26.982456 -15.018407
v -177.828521 31.054803 -17.305483
v -177.930771 34.184429 -19.908018
v -178.046891 36.315959 -22.863566
v -178.167142 37.384832 -25.924267
v -178.281786 37.355974 -28.842260
v -178.395177 36.031846 -31.728332
v -178.510190 33.416770 -34.655714
v -178.614875 29.833366 -37.320214
v -178.697280 25.642161 -39.417639
v -178.755414 20.986886 -40.897291
v -178.795251 15.839266 -41.911266
v -178.816793 10.343595 -42.459563
v -178.820039 4.657555 -42.542183
v -178.803440 -1.213335 -42.119694
v -178.767513 -7.060414 -41.205239
v -178.715355 -12.428920 -39.877683
v -178.650065 -16.886855 -38.215892
v -178.565299 -20.147342 -36.058379
v -178.461794 -22.362630 -33.423923
v -178.353273 -24.190202 -30.661781
v -178.253457 -26.203881 -28.121212
v -178.160650 -28.373890 -25.759026
v -178.069318 -30.581120 -23.434396
v -177.987429 -32.981902 -21.350115
v -177.922951 -35.732565 -19.708978
v -177.880531 -39.305821 -18.629283
v -177.855079 -43.474621 -17.981466
v -177.839956 -47.345649 -17.596531
v -177.828521 -50.025591 -17.305483
v -185.445485 -8.843642 -10.956979
v -185.434221 -5.449926 -10.674143
v -185.416295 0.026646 -10.223995
v -185.407887 6.466691 -10.012863
v -185.425179 12.711568 -10.447077
v -185.474199 18.530847 -11.678012
v -185.545746 24.261212 -13.474620
v -185.633157 29.558519 -15.669589
v -185.729769 34.073476 -18.095608
v -185.839707 37.570938 -20.856249
v -185.964557 39.981769 -23.991350
v -186.093849 41.228719 -27.237992
v -186.217113 41.267970 -30.333257
v -186.339028 39.885905 -33.394661
v -186.462689 37.085799 -36.499885
v -186.575244 33.211390 -39.326257
v -186.663845 28.649386 -41.551103
v -186.726349 23.559050 -43.120645
v -186.769182 17.919308 -44.196220
v -186.792344 11.893719 -44.777827
v -186.795834 5.661018 -44.865466
v -186.777987 -0.761156 -44.417310
v -186.739358 -7.140077 -43.447301
v -186.683278 -12.983036 -42.039095
v -186.613080 -17.823123 -40.276348
v -186.521941 -21.349526 -37.987764
v -186.410654 -23.719912 -35.193261
v -186.293974 -25.658407 -32.263316
v -186.186654 -27.794305 -29.568404
v -186.086869 -30.096020 -27.062714
v -185.988670 -32.437217 -24.596859
v -185.900625 -34.983712 -22.385956
v -185.831299 -37.901325 -20.645118
v -185.785690 -41.691457 -19.499830
v -185.758324 -46.113278 -18.812658
v -185.742063 -50.219255 -18.404338
v -185.729769 -53.061854 -18.095608
v -193.330625 -9.220479 -11.442520
v -193.318723 -5.671616 -11.147616
v -193.299781 0.069316 -10.678261
v -193.290896 6.833420 -10.458122
v -193.309168 13.409785 -10.910862
v -193.360966 19.554337 -12.194317
v -193.436567 25.613586 -14.067581
v -193.528930 31.223770 -16.356203
v -193.631017 36.015618 -18.885733
v -193.747184 39.739024 -21.764163
v -193.879109 42.317408 -25.033029
v -194.015727 43.666438 -28.418196
v -194.145975 43.737566 -31.645526
v -194.274798 42.306309 -34.837551
v -194.405465 39.375511 -38.075266
v -194.524399 35.304225 -41.022230
v -194.618020 30.497494 -43.342004
v -194.684066 25.124311 -44.978514
v -194.729326 19.166560 -46.099980
v -194.753800 12.799312 -46.706402
v -194.757487 6.213884 -46.797781
v -194.738629 -0.566239 -46.330503
v -194.697811 -7.293485 -45.319107
v -194.638554 -13.449675 -43.850817
v -194.564378 -18.544248 -42.012858
v -194.468075 -22.250326 -39.626627
v -194.350483 -24.730643 -36.712892
v -194.227191 -26.751739 -33.657935
v -194.113790 -28.978650 -30.848039
v -194.008351 -31.378444 -28.235438
v -193.904588 -33.819401 -25.664373
v -193.811554 -36.474405 -23.359137
v -193.738300 -39.516340 -21.544023
v -193.690106 -43.467974 -20.349869
v -193.661190 -48.078214 -19.633377
v -193.644008 -52.359151 -19.207635
v -193.631017 -55.322876 -18.885733
v -201.220578 -9.441631 -12.053711
v -201.208228 -5.809304 -11.751718
v -201.188574 0.064454 -11.271080
v -201.179356 6.982996 -11.045649
v -201.198314 13.706823 -11.509272
v -201.252060 19.986607 -12.823582
v -201.330503 26.177880 -14.741879
v -201.426340 31.908933 -17.085519
v -201.532265 36.802438 -19.675857
v -201.652800 40.603068 -22.623484
v -201.789685 43.233110 -25.970933
v -201.931440 44.606809 -29.437478
v -202.066586 44.674898 -32.742393
v -202.200253 43.207789 -36.011154
v -202.335834 40.208483 -39.326702
v -202.459239 36.044541 -42.344511
v -202.556380 31.130428 -44.720051
v -202.624910 25.638729 -46.395903
v -202.671872 19.550286 -47.544329
v -202.697266 13.043658 -48.165329
v -202.701092 6.313969 -48.258905
v -202.681525 -0.615533 -47.780394
v -202.639172 -7.492112 -46.744684
v -202.577687 -13.785864 -45.241096
v -202.500722 -18.995050 -43.358954
v -202.400798 -22.785398 -40.915358
v -202.278784 -25.323803 -37.931578
v -202.150856 -27.393374 -34.803180
v -202.033191 -29.673697 -31.925735
v -201.923787 -32.131050 -29.250328
v -201.816123 -34.630553 -26.617455
v -201.719590 -37.349237 -24.256801
v -201.643582 -40.464132 -22.398052
v -201.593576 -44.510545 -21.175191
v -201.563573 -49.231361 -20.441475
v -201.545745 -53.614975 -20.005498
v -201.532265 -56.649785 -19.675857
v -209.115956 -9.494841 -12.800469
v -209.103374 -5.851359 -12.496757
v -209.083350 0.028097 -12.013385
v -209.073958 6.941742 -11.786670
v -209.093273 13.645654 -12.252932
v -209.148031 19.892484 -13.574720
v -209.227952 26.043760 -15.503931
v -209.325593 31.730060 -17.860905
v -209.433513 36.576435 -20.465982
v -209.556318 40.330486 -23.430380
v -209.695781 42.918040 -26.796875
v -209.840206 44.256207 -30.283144
v -209.977897 44.297976 -33.606863
v -210.114081 42.814024 -36.894222
v -210.252215 39.807873 -40.228635
v -210.377944 35.648564 -43.263613
v -210.476915 30.751258 -45.652670
v -210.546735 25.286908 -47.338056
v -210.594581 19.232841 -48.493017
v -210.620454 12.764604 -49.117551
v -210.624352 6.074032 -49.211658
v -210.604416 -0.820000 -48.730425
v -210.561266 -7.667690 -47.688822
v -210.498623 -13.940103 -46.176680
v -210.420209 -19.135994 -44.283828
v -210.318402 -22.921701 -41.826330
v -210.194091 -25.466521 -38.825572
v -210.063754 -27.547756 -35.679375
v -209.943873 -29.840930 -32.785558
v -209.832409 -32.312132 -30.094928
v -209.722717 -34.825722 -27.447075
v -209.624366 -37.559727 -25.072990
v -209.546926 -40.692177 -23.203666
v -209.495979 -44.761395 -21.973847
v -209.465411 -49.508815 -21.235956
v -209.447247 -53.917135 -20.797499
v -209.433513 -56.969048 -20.465982
v -217.016873 -9.383202 -13.680317
v -217.004278 -5.793502 -13.380160
v -216.984233 -0.015360 -12.902446
v -216.974831 6.765447 -12.678385
v -216.994167 13.322641 -13.139189
v -217.048981 19.415749 -14.445506
v -217.128985 25.406743 -16.352136
v -217.226729 30.935688 -18.681522
v -217.334761 35.637335 -21.256107
v -217.457695 39.267383 -24.185807
v -217.597303 41.757201 -27.512898
v -217.741878 43.028810 -30.958360
v -217.879713 43.038724 -34.243176
v -218.016039 41.562151 -37.492056
v -218.154317 38.603157 -40.787440
v -218.280177 34.525758 -43.786895
v -218.379251 29.738299 -46.147988
v -218.449144 24.406670 -47.813647
v -218.497040 18.504459 -48.955089
v -218.522940 12.200434 -49.572313
v -218.526842 5.679016 -49.665319
v -218.506886 -1.046430 -49.189719
v -218.463690 -7.734159 -48.160307
v -218.400982 -13.866099 -46.665865
v -218.322486 -18.950803 -44.795169
v -218.220573 -22.661459 -42.366435
v -218.096132 -25.167088 -39.400800
v -217.965659 -27.223853 -36.291429
v -217.845653 -29.490064 -33.431484
v -217.734073 -31.932210 -30.772348
v -217.624267 -34.416245 -28.155487
v -217.525813 -37.118104 -25.809191
v -217.448293 -40.213723 -23.961746
v -217.397292 -44.235096 -22.746322
v -217.366692 -48.926697 -22.017068
v -217.348509 -53.283183 -21.583743
v -217.334761 -56.299213 -21.256107
v -224.922926 -9.124691 -14.678763
v -224.910521 -5.640720 -14.386860
v -224.890779 -0.041864 -13.922282
v -224.881519 6.519944 -13.704382
v -224.900563 12.854094 -14.152515
v -224.954549 18.729214 -15.422910
v -225.033344 24.500237 -17.277111
v -225.129610 29.820355 -19.542444
v -225.236009 34.337683 -22.046232
v -225.357084 37.817858 -24.895370
v -225.494583 40.197053 -28.130972
v -225.636973 41.401897 -31.481690
v -225.772724 41.391955 -34.676178
v -225.906989 39.949774 -37.835721
v -226.043177 37.079678 -41.040488
v -226.167135 33.135219 -43.957462
v -226.264712 28.512290 -46.253630
v -226.333548 23.370301 -47.873486
v -226.380720 17.681069 -48.983540
v -226.406228 11.605765 -49.583791
v -226.410072 5.320513 -49.674240
v -226.390417 -1.164995 -49.211718
v -226.347874 -7.618870 -48.210613
v -226.286114 -13.540214 -46.757265
v -226.208804 -18.453554 -44.938010
v -226.108432 -22.042912 -42.576062
v -225.985872 -24.473724 -39.691978
v -225.857371 -26.473824 -36.668109
v -225.739179 -28.677599 -33.886807
v -225.629285 -31.052463 -31.300792
v -225.521139 -33.468062 -28.755891
v -225.424174 -36.095484 -26.474114
v -225.347825 -39.105817 -24.677471
v -225.297595 -43.016399 -23.495469
v -225.267457 -47.578744 -22.786268
v -225.249549 -51.815208 -22.364858
v -225.236009 -54.748144 -22.046232
v -232.833234 -8.750179 -15.770898
v -232.821188 -5.408064 -15.490961
v -232.802017 -0.035655 -15.045427
v -232.793025 6.262200 -14.836459
v -232.811518 12.343442 -15.266222
v -232.863941 17.985785 -16.484541
v -232.940456 23.529103 -18.262734
v -233.033937 28.640287 -20.435205
v -233.137257 32.981344 -22.836357
v -233.254829 36.326996 -25.568702
v -233.388349 38.615550 -28.671669
v -233.526618 39.776235 -31.885033
v -233.658441 39.769968 -34.948572
v -233.788822 38.388028 -37.978597
v -233.921069 35.634501 -41.051993
v -234.041440 31.848501 -43.849394
v -234.136193 27.409872 -46.051436
v -234.203037 22.471799 -47.604890
v -234.248845 17.007674 -48.669441
v -234.273614 11.172543 -49.245086
v -234.277347 5.135838 -49.331827
v -234.258261 -1.092595 -48.888265
v -234.216949 -7.289852 -47.928198
v -234.156976 -12.975110 -46.534426
v -234.081903 -17.692005 -44.789747
v -233.984436 -21.137222 -42.524621
v -233.865422 -23.469229 -39.758762
v -233.740640 -25.387237 -36.858848
v -233.625867 -27.500561 -34.191558
v -233.519153 -29.777951 -31.711551
v -233.414136 -32.094405 -29.270971
v -233.319977 -34.613988 -27.082729
v -233.245837 -37.500765 -25.359735
v -233.197061 -41.250842 -24.226186
v -233.167796 -45.625931 -23.546057
v -233.150406 -49.688514 -23.141922
v -233.137257 -52.501071 -22.836357
v -240.746523 -8.300117 -16.924071
v -240.734955 -5.119649 -16.658518
v -240.716543 0.006595 -16.235878
v -240.707907 6.028830 -16.037648
v -240.725667 11.860913 -16.445328
v -240.776015 17.288270 -17.601045
v -240.849499 22.628897 -19.287868
v -240.939277 27.561997 -21.348709
v -241.038505 31.762004 -23.626481
v -241.151421 35.010416 -26.218429
v -241.279652 37.244339 -29.161954
v -241.412445 38.392954 -32.210204
v -241.539047 38.416401 -35.116327
v -241.664263 37.114978 -37.990659
v -241.791272 34.492007 -40.906132
v -241.906876 30.869809 -43.559793
v -241.997876 26.610498 -45.648686
v -242.062073 21.862246 -47.122318
v -242.106066 16.603563 -48.132168
v -242.129854 10.985943 -48.678235
v -242.133439 5.174934 -48.760519
v -242.115109 -0.815168 -48.339748
v -242.075434 -6.768124 -47.429013
v -242.017836 -12.223491 -46.106858
v -241.945736 -16.744720 -44.451827
v -241.852129 -20.041354 -42.303091
v -241.737829 -22.262101 -39.679352
v -241.617989 -24.081457 -36.928446
v -241.507763 -26.086083 -34.398212
v -241.405276 -28.246337 -32.045636
v -241.304418 -30.443645 -29.730462
v -241.213988 -32.833634 -27.654660
v -241.142785 -35.571932 -26.020199
v -241.095941 -39.129125 -24.944896
v -241.067834 -43.279184 -24.299715
v -241.051133 -47.132809 -23.916346
v -241.038505 -49.800704 -23.626481
v -248.661264 -7.820256 -18.101350
v -248.650230 -4.805814 -17.851136
v -248.632669 0.076561 -17.452908
v -248.624433 5.834708 -17.266129
v -248.641372 11.440362 -17.650260
v -248.689393 16.684878 -18.739219
v -248.759481 21.860211 -20.328605
v -248.845111 26.655722 -22.270406
v -248.939754 30.756036 -24.416606
v -249.047451 33.946914 -26.858834
v -249.169756 36.161480 -29.632332
v -249.296413 37.326589 -32.504505
v -249.417164 37.399839 -35.242761
v -249.536595 36.190083 -37.951061
v -249.657734 33.699489 -40.698128
v -249.767996 30.232869 -43.198504
v -249.854791 26.134552 -45.166736
v -249.916021 21.549127 -46.555246
v -249.957981 16.462879 -47.506764
v -249.980670 11.026236 -48.021288
v -249.984089 5.403585 -48.098819
v -249.966606 -0.382974 -47.702353
v -249.928764 -6.121356 -46.844226
v -249.873828 -11.370160 -45.598443
v -249.805060 -15.711712 -44.039011
v -249.715779 -18.867568 -42.014393
v -249.606761 -20.975043 -39.542210
v -249.492459 -22.689215 -36.950206
v -249.387326 -24.577947 -34.566126
v -249.289575 -26.613308 -32.349443
v -249.193378 -28.683581 -30.168001
v -249.107127 -30.935395 -28.212104
v -249.039214 -33.515382 -26.672055
v -248.994535 -36.866920 -25.658865
v -248.967727 -40.777048 -25.050951
v -248.951798 -44.407881 -24.689727
v -248.939754 -46.921534 -24.416606
v -256.575828 -7.356837 -19.265390
v -256.565322 -4.499022 -19.029991
v -256.548600 0.158760 -18.655341
v -256.540758 5.679357 -18.479621
v -256.556887 11.089375 -18.841008
v -256.602612 16.184550 -19.865492
v -256.669349 21.230094 -21.360774
v -256.750884 25.923433 -23.187603
v -256.841002 29.957238 -25.206731
v -256.943549 33.119648 -27.504359
v -257.060007 35.338357 -30.113642
v -257.180608 36.536638 -32.815759
v -257.295585 36.668626 -35.391888
v -257.409305 35.550811 -37.939834
v -257.524653 33.184050 -40.524252
v -257.629642 29.856481 -42.876585
v -257.712287 25.895909 -44.728281
v -257.770589 21.444502 -46.034580
v -257.810543 16.497409 -46.929760
v -257.832148 11.205633 -47.413820
v -257.835403 5.734186 -47.486761
v -257.818756 0.114501 -47.113769
v -257.782723 -5.443613 -46.306450
v -257.730414 -10.515569 -45.134427
v -257.664934 -14.700596 -43.667327
v -257.579922 -17.730860 -41.762584
v -257.476116 -19.732088 -39.436774
v -257.367280 -21.344681 -36.998238
v -257.267174 -23.121488 -34.755315
v -257.174097 -25.036237 -32.669878
v -257.082499 -26.983828 -30.617595
v -257.000372 -29.102203 -28.777504
v -256.935707 -31.529302 -27.328639
v -256.893163 -34.682233 -26.375438
v -256.867637 -38.360651 -25.803518
v -256.852470 -41.776326 -25.463681
v -256.841002 -44.141023 -25.206731
v -264.488664 -6.951788 -20.382329
v -264.478617 -4.229478 -20.159879
v -264.462627 0.236099 -19.805838
v -264.455127 5.555632 -19.639783
v -264.470551 10.803303 -19.981292
v -264.514278 15.778169 -20.949421
v -264.578098 20.721474 -22.362452
v -264.656070 25.337036 -24.088794
v -264.742250 29.323886 -25.996856
v -264.840316 32.471584 -28.168099
v -264.951684 34.702487 -30.633853
v -265.067015 35.936236 -33.187335
v -265.176968 36.123557 -35.621759
v -265.285718 35.087386 -38.029551
v -265.396025 32.827356 -40.471808
v -265.496426 29.617121 -42.694747
v -265.575459 25.770287 -44.444587
v -265.631214 21.427297 -45.679031
v -265.669422 16.591558 -46.524969
v -265.690082 11.415175 -46.982403
v -265.693195 6.064363 -47.051331
v -265.677276 0.579385 -46.698857
v -265.642818 -4.831286 -45.935945
v -265.592794 -9.757166 -44.828392
v -265.530176 -13.811763 -43.441993
v -265.448879 -16.736144 -41.642023
v -265.349610 -18.645688 -39.444149
v -265.245529 -20.169495 -37.139749
v -265.149798 -21.848476 -35.020202
v -265.060788 -23.657803 -33.049479
v -264.973194 -25.498164 -31.110086
v -264.894656 -27.499907 -29.371212
v -264.832816 -29.793376 -28.002044
v -264.792132 -32.772714 -27.101276
v -264.767722 -36.248608 -26.560815
v -264.753217 -39.476224 -26.239672
v -264.742250 -41.710727 -25.996856
v -272.398468 -6.638398 -21.425272
v -272.388760 -4.021456 -21.212838
v -272.373309 0.293859 -20.874739
v -272.366062 5.455341 -20.716162
v -272.380966 10.574130 -21.042293
v -272.423217 15.452044 -21.966829
v -272.484885 20.312006 -23.316232
v -272.560226 24.863029 -24.964838
v -272.643498 28.809319 -26.786981
v -272.738255 31.941786 -28.860454
v -272.845866 34.178879 -31.215178
v -272.957305 35.437619 -33.653678
v -273.063549 35.666242 -35.978481
v -273.168630 34.692754 -38.277852
v -273.275215 32.515872 -40.610136
v -273.372228 29.398009 -42.732977
v -273.448595 25.641695 -44.404023
v -273.502469 21.385889 -45.582881
v -273.539387 16.640194 -46.390728
v -273.559351 11.557339 -46.827564
v -273.562359 6.304225 -46.893388
v -273.546976 0.927690 -46.556785
v -273.513681 -4.365073 -45.828227
v -273.465345 -9.174716 -44.770546
v -273.404840 -13.125985 -43.446575
v -273.326285 -15.966970 -41.727657
v -273.230366 -17.805131 -39.628752
v -273.129797 -19.260244 -37.428117
v -273.037295 -20.863536 -35.404012
v -272.951289 -22.591297 -33.522029
v -272.866650 -24.348694 -31.669965
v -272.790762 -26.260197 -30.009392
v -272.731008 -28.450276 -28.701877
v -272.691697 -31.295303 -27.841669
v -272.668110 -34.614502 -27.325545
v -272.654095 -37.696615 -27.018863
v -272.643498 -39.830386 -26.786981
v -280.304326 -6.437954 -22.377013
v -280.294800 -3.890909 -22.170982
v -280.279640 0.320936 -21.843075
v -280.272529 5.369539 -21.689277
v -280.287153 10.390364 -22.005578
v -280.328610 15.187906 -22.902246
v -280.389117 19.974443 -24.210974
v -280.463041 24.463487 -25.809887
v -280.544746 28.363764 -27.577106
v -280.637721 31.468221 -29.588079
v -280.743307 33.693877 -31.871825
v -280.852650 34.956976 -34.236822
v -280.956895 35.204840 -36.491550
v -281.059999 34.269140 -38.721612
v -281.164579 32.148142 -40.983594
v -281.259767 29.096909 -43.042448
v -281.334697 25.410448 -44.663124
v -281.387558 21.226066 -45.806448
v -281.423782 16.556417 -46.589944
v -281.443369 11.553549 -47.013612
v -281.446321 6.383620 -47.077453
v -281.431228 1.096466 -46.750996
v -281.398559 -4.102710 -46.044399
v -281.351132 -8.822747 -45.018599
v -281.291765 -12.696467 -43.734536
v -281.214689 -15.477127 -42.067430
v -281.120573 -17.267511 -40.031791
v -281.021897 -18.678687 -37.897490
v -280.931135 -20.233568 -35.934397
v -280.846747 -21.909161 -34.109141
v -280.763700 -23.613494 -32.312904
v -280.689240 -25.467279 -30.702384
v -280.630610 -27.591229 -29.434281
v -280.592038 -30.350352 -28.600003
v -280.568895 -33.569329 -28.099436
v -280.555144 -36.558379 -27.801998
v -280.544746 -38.627721 -27.577106
v -288.205818 -6.357673 -23.231707
v -288.196302 -3.844395 -23.028235
v -288.181157 0.309029 -22.704399
v -288.174054 5.285227 -22.552511
v -288.188662 10.230998 -22.864884
v -288.230077 14.954001 -23.750418
v -288.290523 19.664728 -25.042896
v -288.364372 24.081206 -26.621955
v -288.445994 27.916763 -28.367230
v -288.538875 30.967869 -30.353233
v -288.644354 33.153432 -32.608622
v -288.753586 34.391465 -34.944254
v -288.857725 34.630489 -37.170984
v -288.960724 33.704612 -39.373356
v -289.065198 31.612227 -41.607251
v -289.160291 28.605093 -43.640540
v -289.235145 24.974182 -45.241092
v -289.287951 20.854530 -46.370219
v -289.324138 16.257898 -47.143987
v -289.343706 11.333575 -47.562394
v -289.346655 6.244702 -47.625442
v -289.331577 1.039522 -47.303039
v -289.298941 -4.080258 -46.605215
v -289.251563 -8.729207 -45.592153
v -289.192256 -12.545439 -44.324034
v -289.115258 -15.285827 -42.677629
v -289.021238 -17.052186 -40.667267
v -288.922661 -18.445765 -38.559467
v -288.831992 -19.981257 -36.620750
v -288.747689 -21.635955 -34.818158
v -288.664726 -23.319035 -33.044225
v -288.590341 -25.149704 -31.453703
v -288.531771 -27.247168 -30.201346
v -288.493239 -29.971885 -29.377427
v -288.470119 -33.150722 -28.883075
v -288.456381 -36.102498 -28.589330
v -288.445994 -38.146036 -28.367230
v -296.103071 -6.390156 -23.995316
v -296.093396 -3.878995 -23.790794
v -296.077999 0.251650 -23.465286
v -296.070778 5.182804 -23.312614
v -296.085630 10.061028 -23.626599
v -296.127733 14.698424 -24.516705
v -296.189185 19.312977 -25.815857
v -296.264262 23.628305 -27.403069
v -296.347242 27.363505 -29.157355
v -296.441668 30.321021 -31.153612
v -296.548902 32.425732 -33.420646
v -296.659951 33.600610 -35.768337
v -296.765822 33.797979 -38.006564
v -296.870535 32.853604 -40.220307
v -296.976747 30.766678 -42.465736
v -297.073421 27.789298 -44.509523
v -297.149521 24.211287 -46.118340
v -297.203206 20.164192 -47.253297
v -297.239995 15.654362 -48.031059
v -297.259888 10.825398 -48.451627
v -297.262886 5.834227 -48.515000
v -297.247557 0.722107 -48.190933
v -297.214379 -4.315222 -47.489506
v -297.166212 -8.896710 -46.471213
v -297.105918 -12.663957 -45.196547
v -297.027639 -15.376597 -43.541641
v -296.932055 -17.139310 -41.520899
v -296.831839 -18.540010 -39.402216
v -296.739661 -20.083346 -37.453489
v -296.653956 -21.746499 -35.641590
v -296.569613 -23.438178 -33.858498
v -296.493990 -25.278201 -32.259763
v -296.434446 -27.386382 -31.000940
v -296.395273 -30.125020 -30.172767
v -296.371768 -33.320098 -29.675863
v -296.357802 -36.286956 -29.380602
v -296.347242 -38.340934 -29.157355
v -303.996749 -6.514412 -24.684784
v -303.986775 -3.982778 -24.476273
v -303.970900 0.144775 -24.144418
v -303.963455 5.038225 -23.988769
v -303.978767 9.835349 -24.308877
v -304.022176 14.354886 -25.216340
v -304.085533 18.831222 -26.540824
v -304.162938 22.995931 -28.158986
v -304.248490 26.576361 -29.947480
v -304.345844 29.384412 -31.982663
v -304.456402 31.355604 -34.293903
v -304.570894 32.421614 -36.687373
v -304.680048 32.541538 -38.969245
v -304.788007 31.552702 -41.226154
v -304.897512 29.455808 -43.515369
v -304.997183 26.506067 -45.599009
v -305.075642 22.993934 -47.239196
v -305.130991 19.045596 -48.396284
v -305.168921 14.657145 -49.189213
v -305.189431 9.962753 -49.617982
v -305.192522 5.109038 -49.682591
v -305.176718 0.124347 -49.352204
v -305.142510 -4.805038 -48.637100
v -305.092851 -9.302696 -47.598951
v -305.030688 -13.013371 -46.299429
v -304.949981 -15.699612 -44.612253
v -304.851434 -17.472582 -42.552107
v -304.748110 -18.900518 -40.392111
v -304.653075 -20.473865 -38.405385
v -304.564713 -22.169357 -36.558155
v -304.477755 -23.893931 -34.740293
v -304.399788 -25.769732 -33.110384
v -304.338398 -27.918906 -31.827014
v -304.298010 -30.710797 -30.982692
v -304.273777 -33.968003 -30.476099
v -304.259378 -36.992551 -30.175080
v -304.248490 -39.086469 -29.947480
v -311.887987 -6.698342 -25.326029
v -311.877616 -4.135649 -25.111619
v -311.861111 -0.010449 -24.770376
v -311.853369 4.830752 -24.610324
v -311.869291 9.512518 -24.939488
v -311.914425 13.863138 -25.872622
v -311.980301 18.140954 -27.234576
v -312.060784 22.088960 -28.898515
v -312.149738 25.446354 -30.737605
v -312.250963 28.038675 -32.830363
v -312.365917 29.816876 -35.206987
v -312.484961 30.725243 -37.668166
v -312.598455 30.732696 -40.014592
v -312.710707 29.678742 -42.335348
v -312.824566 27.566278 -44.689324
v -312.928200 24.655168 -46.831909
v -313.009778 21.236942 -48.518497
v -313.067329 17.430057 -49.708318
v -313.106767 13.215707 -50.523679
v -313.128092 8.714426 -50.964577
v -313.131306 4.057929 -51.031014
v -313.114873 -0.744183 -50.691280
v -313.079306 -5.519272 -49.955946
v -313.027672 -9.897450 -48.888428
v -312.963037 -13.527844 -47.552144
v -312.879122 -16.177118 -45.817238
v -312.776656 -17.965911 -43.698812
v -312.669224 -19.434164 -41.477710
v -312.570410 -21.051933 -39.434780
v -312.478534 -22.795296 -37.535293
v -312.388119 -24.568563 -35.666004
v -312.307052 -26.497327 -33.989986
v -312.243221 -28.707182 -32.670310
v -312.201227 -31.577900 -31.802103
v -312.176030 -34.927071 -31.281178
v -312.161059 -38.037016 -30.971643
v -312.149738 -40.190054 -30.737605
v -319.778270 -6.902424 -25.950978
v -319.767465 -4.310738 -25.730024
v -319.750268 -0.204245 -25.378365
v -319.742202 4.553203 -25.213428
v -319.758790 9.073021 -25.552639
v -319.805816 13.196075 -26.514255
v -319.874451 17.209637 -27.917779
v -319.958306 20.871944 -29.632505
v -320.050987 23.937984 -31.527730
v -320.156451 26.251004 -33.684364
v -320.276221 27.781410 -36.133529
v -320.400252 28.489447 -38.669831
v -320.518500 28.356422 -41.087875
v -320.635455 27.225180 -43.479468
v -320.754084 25.101346 -45.905292
v -320.862059 22.249606 -48.113275
v -320.947055 18.961711 -49.851342
v -321.007016 15.346018 -51.077481
v -321.048106 11.365187 -51.917728
v -321.070325 7.122259 -52.372084
v -321.073673 2.729838 -52.440548
v -321.056552 -1.825920 -52.090445
v -321.019495 -6.390079 -51.332667
v -320.965698 -10.602322 -50.232565
v -320.898355 -14.118587 -48.855494
v -320.810925 -16.711572 -47.067634
v -320.704167 -18.513287 -44.884548
v -320.592234 -20.026273 -42.595652
v -320.489281 -21.693332 -40.490366
v -320.393556 -23.489811 -38.532901
v -320.299353 -25.317104 -36.606557
v -320.214890 -27.304632 -34.879382
v -320.148385 -29.581816 -33.519427
v -320.104632 -32.539998 -32.624719
v -320.078380 -35.991210 -32.087894
v -320.062781 -39.195906 -31.768912
v -320.050987 -41.414542 -31.527730
vt 0.01941688 0.97151526
vt 0.01941688 0.96868676
vt 0.01941688 0.96410308
vt 0.01941688 0.95870915
vt 0.01941688 0.95344508
vt 0.01941688 0.94842566
vt 0.01941688 0.94335349
vt 0.01941688 0.93850804
vt 0.01941688 0.93417608
vt 0.01941688 0.93042114
vt 0.01941688 0.92711490
vt 0.01941688 0.92423792
vt 0.01941688 0.92170207
vt 0.01941688 0.91895283
vt 0.01941688 0.91550409
vt 0.01941688 0.91151733
vt 0.01941688 0.90726672
vt 0.01941688 0.90277983
vt 0.01941688 0.89792983
vt 0.01941688 0.89280932
vt 0.01941688 0.88753623
vt 0.01941688 0.88209868
vt 0.01941688 0.87666188
vt 0.01941688 0.87161013
vt 0.01941688 0.86729438
vt 0.01941688 0.86379501
vt 0.01941688 0.86077466
vt 0.01941688 0.85788977
vt 0.01941688 0.85506398
vt 0.01941688 0.85226619
vt 0.01941688 0.84946978
vt 0.01941688 0.84669392
vt 0.01941688 0.84389317
vt 0.01941688 0.84062402
vt 0.01941688 0.83692724
vt 0.01941688 0.83351810
vt 0.01941688 0.83115573
vt 0.03492595 0.98760259
vt 0.03492595 0.98442172
vt 0.03492595 0.97920601
vt 0.03492595 0.97301004
vt 0.03492595 0.96688930
vt 0.03492595 0.96099321
vt 0.03492595 0.95501463
vt 0.03492595 0.94928710
vt 0.03492595 0.94415326
vt 0.03492595 0.93971720
vt 0.03492595 0.93586712
vt 0.03492595 0.93259045
vt 0.03492595 0.92977303
vt 0.03492595 0.92674343
vt 0.03492595 0.92288738
vt 0.03492595 0.91835455
vt 0.03492595 0.91344296
vt 0.03492595 0.90819197
vt 0.03492595 0.90248074
vt 0.03492595 0.89643422
vt 0.03492595 0.89020724
vt 0.03492595 0.88381131
vt 0.03492595 0.87745303
vt 0.03492595 0.87157905
vt 0.03492595 0.86659573
vt 0.03492595 0.86260775
vt 0.03492595 0.85923469
vt 0.03492595 0.85603750
vt 0.03492595 0.85290580
vt 0.03492595 0.84980515
vt 0.03492595 0.84670601
vt 0.03492595 0.84362965
vt 0.03492595 0.84052570
vt 0.03492595 0.83690264
vt 0.03492595 0.83280568
vt 0.03492595 0.82902747
vt 0.03492595 0.82640937
vt 0.05043502 1.00770112
vt 0.05043502 1.00406696
vt 0.05043502 0.99804795
vt 0.05043502 0.99084105
vt 0.05043502 0.98365039
vt 0.05043502 0.97666610
vt 0.05043502 0.96956382
vt 0.05043502 0.96274319
vt 0.05043502 0.95661508
vt 0.05043502 0.95132916
vt 0.05043502 0.94678970
vt 0.05043502 0.94299469
vt 0.05043502 0.93980370
vt 0.05043502 0.93640301
vt 0.05043502 0.93201910
vt 0.05043502 0.92679040
vt 0.05043502 0.92104798
vt 0.05043502 0.91484575
vt 0.05043502 0.90806722
vt 0.05043502 0.90087541
vt 0.05043502 0.89346889
vt 0.05043502 0.88588499
vt 0.05043502 0.87838007
vt 0.05043502 0.87147863
vt 0.05043502 0.86565647
vt 0.05043502 0.86104729
vt 0.05043502 0.85721650
vt 0.05043502 0.85361002
vt 0.05043502 0.85007742
vt 0.05043502 0.84657983
vt 0.05043502 0.84308396
vt 0.05043502 0.83961377
vt 0.05043502 0.83611248
vt 0.05043502 0.83202562
vt 0.05043502 0.82740418
vt 0.05043502 0.82314231
vt 0.05043502 0.82018904
vt 0.06594408 1.02992908
vt 0.06594408 1.02577688
vt 0.06594408 1.01885128
vt 0.06594408 1.01051349
vt 0.06594408 1.00213780
vt 0.06594408 0.99395685
vt 0.06594408 0.98562129
vt 0.06594408 0.97760263
vt 0.06594408 0.97038572
vt 0.06594408 0.96416569
vt 0.06594408 0.95885886
vt 0.06594408 0.95447465
vt 0.06594408 0.95084757
vt 0.06594408 0.94701089
vt 0.06594408 0.94201939
vt 0.06594408 0.93600415
vt 0.06594408 0.92933626
vt 0.06594408 0.92208503
vt 0.06594408 0.91413480
vt 0.06594408 0.90568818
vt 0.06594408 0.89698941
vt 0.06594408 0.88810059
vt 0.06594408 0.87933101
vt 0.06594408 0.87129134
vt 0.06594408 0.86453456
vt 0.06594408 0.85922490
vt 0.06594408 0.85486645
vt 0.06594408 0.85078339
vt 0.06594408 0.84678395
vt 0.06594408 0.84282417
vt 0.06594408 0.83886633
vt 0.06594408 0.83493757
vt 0.06594408 0.83097359
vt 0.06594408 0.82634665
vt 0.06594408 0.82111450
vt 0.06594408 0.81628943
vt 0.06594408 0.81294590
vt 0.08145315 1.05166019
vt 0.08145315 1.04697154
vt 0.08145315 1.03912615
vt 0.08145315 1.02965782
vt 0.08145315 1.02011762
vt 0.08145315 1.01077607
vt 0.08145315 1.00124959
vt 0.08145315 0.99207822
vt 0.08145315 0.98381732
vt 0.08145315 0.97669942
vt 0.08145315 0.97064317
vt 0.08145315 0.96566569
vt 0.08145315 0.96157847
vt 0.08145315 0.95727112
vt 0.08145315 0.95164360
vt 0.08145315 0.94482975
vt 0.08145315 0.93724507
vt 0.08145315 0.92897190
vt 0.08145315 0.91988866
vt 0.08145315 0.91023249
vt 0.08145315 0.90028812
vt 0.08145315 0.89013561
vt 0.08145315 0.88013264
vt 0.08145315 0.87097464
vt 0.08145315 0.86329085
vt 0.08145315 0.85727262
vt 0.08145315 0.85236052
vt 0.08145315 0.84776925
vt 0.08145315 0.84327203
vt 0.08145315 0.83881939
vt 0.08145315 0.83436893
vt 0.08145315 0.82995118
vt 0.08145315 0.82549382
vt 0.08145315 0.82029099
vt 0.08145315 0.81440762
vt 0.08145315 0.80898199
vt 0.08145315 0.80522231
vt 0.09696222 1.07002131
vt 0.09696222 1.06482790
vt 0.09696222 1.05614750
vt 0.09696222 1.04568027
vt 0.09696222 1.03514457
vt 0.09696222 1.02483704
vt 0.09696222 1.01432866
vt 0.09696222 1.00421466
vt 0.09696222 0.99510721
vt 0.09696222 0.98725922
vt 0.09696222 0.98057555
vt 0.09696222 0.97507265
vt 0.09696222 0.97054227
vt 0.09696222 0.96576165
vt 0.09696222 0.95952492
vt 0.09696222 0.95198576
vt 0.09696222 0.94360575
vt 0.09696222 0.93447453
vt 0.09696222 0.92445397
vt 0.09696222 0.91380355
vt 0.09696222 0.90283523
vt 0.09696222 0.89163389
vt 0.09696222 0.88059248
vt 0.09696222 0.87047907
vt 0.09696222 0.86198879
vt 0.09696222 0.85533134
vt 0.09696222 0.84988681
vt 0.09696222 0.84479388
vt 0.09696222 0.83980527
vt 0.09696222 0.83486611
vt 0.09696222 0.82992937
vt 0.09696222 0.82502891
vt 0.09696222 0.82008451
vt 0.09696222 0.81431320
vt 0.09696222 0.80778698
vt 0.09696222 0.80176852
vt 0.09696222 0.79759803
vt 0.11247129 1.08258941
vt 0.11247129 1.07696868
vt 0.11247129 1.06762495
vt 0.11247129 1.05640490
vt 0.11247129 1.04516986
vt 0.11247129 1.03422487
vt 0.11247129 1.02308339
vt 0.11247129 1.01237415
vt 0.11247129 1.00274356
vt 0.11247129 0.99444040
vt 0.11247129 0.98733488
vt 0.11247129 0.98143202
vt 0.11247129 0.97651062
vt 0.11247129 0.97128570
vt 0.11247129 0.96451776
vt 0.11247129 0.95640170
vt 0.11247129 0.94744443
vt 0.11247129 0.93773474
vt 0.11247129 0.92710487
vt 0.11247129 0.91581858
vt 0.11247129 0.90419535
vt 0.11247129 0.89230674
vt 0.11247129 0.88056091
vt 0.11247129 0.86977719
vt 0.11247129 0.86069811
vt 0.11247129 0.85353861
vt 0.11247129 0.84762688
vt 0.11247129 0.84207564
vt 0.11247129 0.83663811
vt 0.11247129 0.83125448
vt 0.11247129 0.82587348
vt 0.11247129 0.82053203
vt 0.11247129 0.81514269
vt 0.11247129 0.80885202
vt 0.11247129 0.80173851
vt 0.11247129 0.79517845
vt 0.11247129 0.79063267
vt 0.12798035 1.08803407
vt 0.12798035 1.08209725
vt 0.12798035 1.07231990
vt 0.12798035 1.06066468
vt 0.12798035 1.04910032
vt 0.12798035 1.03791960
vt 0.12798035 1.02656821
vt 0.12798035 1.01568193
vt 0.12798035 1.00591412
vt 0.12798035 0.99748120
vt 0.12798035 0.99019724
vt 0.12798035 0.98404704
vt 0.12798035 0.97880953
vt 0.12798035 0.97319824
vt 0.12798035 0.96601671
vt 0.12798035 0.95752133
vt 0.12798035 0.94826149
vt 0.12798035 0.93831688
vt 0.12798035 0.92747730
vt 0.12798035 0.91599038
vt 0.12798035 0.90416056
vt 0.12798035 0.89202654
vt 0.12798035 0.87998840
vt 0.12798035 0.86888988
vt 0.12798035 0.85949761
vt 0.12798035 0.85201699
vt 0.12798035 0.84573782
vt 0.12798035 0.83980348
vt 0.12798035 0.83399069
vt 0.12798035 0.82823552
vt 0.12798035 0.82248318
vt 0.12798035 0.81677310
vt 0.12798035 0.81101184
vt 0.12798035 0.80428703
vt 0.12798035 0.79668260
vt 0.12798035 0.78966983
vt 0.12798035 0.78481033
vt 0.14348942 1.08644756
vt 0.14348942 1.08032264
vt 0.14348942 1.07036006
vt 0.14348942 1.05860103
vt 0.14348942 1.04708029
vt 0.14348942 1.03605888
vt 0.14348942 1.02490943
vt 0.14348942 1.01424887
vt 0.14348942 1.00471050
vt 0.14348942 0.99645203
vt 0.14348942 0.98921521
vt 0.14348942 0.98296281
vt 0.14348942 0.97749373
vt 0.14348942 0.97157824
vt 0.14348942 0.96412386
vt 0.14348942 0.95546118
vt 0.14348942 0.94617748
vt 0.14348942 0.93633735
vt 0.14348942 0.92567934
vt 0.14348942 0.91441662
vt 0.14348942 0.90281808
vt 0.14348942 0.89087313
vt 0.14348942 0.87895217
vt 0.14348942 0.86789618
vt 0.14348942 0.85847219
vt 0.14348942 0.85086288
vt 0.14348942 0.84433687
vt 0.14348942 0.83811842
vt 0.14348942 0.83202734
vt 0.14348942 0.82599664
vt 0.14348942 0.81996890
vt 0.14348942 0.81398545
vt 0.14348942 0.80794836
vt 0.14348942 0.80090160
vt 0.14348942 0.79293310
vt 0.14348942 0.78558459
vt 0.14348942 0.78049243
vt 0.15899849 1.07922569
vt 0.15899849 1.07303955
vt 0.15899849 1.06311925
vt 0.15899849 1.05154521
vt 0.15899849 1.04037642
vt 0.15899849 1.02982800
vt 0.15899849 1.01920194
vt 0.15899849 1.00907578
vt 0.15899849 1.00004122
vt 0.15899849 0.99217871
vt 0.15899849 0.98515266
vt 0.15899849 0.97891161
vt 0.15899849 0.97329672
vt 0.15899849 0.96717674
vt 0.15899849 0.95959527
vt 0.15899849 0.95095828
vt 0.15899849 0.94188410
vt 0.15899849 0.93242028
vt 0.15899849 0.92225226
vt 0.15899849 0.91154669
vt 0.15899849 0.90052292
vt 0.15899849 0.88911193
vt 0.15899849 0.87763901
vt 0.15899849 0.86691986
vt 0.15899849 0.85770197
vt 0.15899849 0.85013688
vt 0.15899849 0.84349037
vt 0.15899849 0.83710026
vt 0.15899849 0.83084102
vt 0.15899849 0.82464384
vt 0.15899849 0.81844969
vt 0.15899849 0.81230106
vt 0.15899849 0.80609731
vt 0.15899849 0.79885602
vt 0.15899849 0.79066754
vt 0.15899849 0.78311616
vt 0.15899849 0.77788344
vt 0.17450756 1.06855632
vt 0.17450756 1.06241954
vt 0.17450756 1.05271862
vt 0.17450756 1.04153604
vt 0.17450756 1.03091804
vt 0.17450756 1.02102784
vt 0.17450756 1.01110785
vt 0.17450756 1.00168452
vt 0.17450756 0.99329552
vt 0.17450756 0.98593811
vt 0.17450756 0.97920865
vt 0.17450756 0.97305610
vt 0.17450756 0.96737958
vt 0.17450756 0.96116344
vt 0.17450756 0.95358956
vt 0.17450756 0.94512837
vt 0.17450756 0.93641996
vt 0.17450756 0.92749680
vt 0.17450756 0.91799751
vt 0.17450756 0.90803890
vt 0.17450756 0.89778602
vt 0.17450756 0.88711176
vt 0.17450756 0.87629000
vt 0.17450756 0.86609649
vt 0.17450756 0.85724603
vt 0.17450756 0.84985679
vt 0.17450756 0.84320799
vt 0.17450756 0.83676061
vt 0.17450756 0.83044528
vt 0.17450756 0.82419256
vt 0.17450756 0.81794290
vt 0.17450756 0.81173917
vt 0.17450756 0.80547982
vt 0.17450756 0.79817363
vt 0.17450756 0.78991178
vt 0.17450756 0.78229272
vt 0.17450756 0.77701310
vt 0.19001662 1.05674199
vt 0.19001662 1.05073905
vt 0.19001662 1.04137005
vt 0.19001662 1.03068820
vt 0.19001662 1.02069805
vt 0.19001662 1.01151408
vt 0.19001662 1.00233783
vt 0.19001662 0.99364287
vt 0.19001662 0.98591087
vt 0.19001662 0.97906450
vt 0.19001662 0.97265327
vt 0.19001662 0.96663998
vt 0.19001662 0.96098339
vt 0.19001662 0.95477736
vt 0.19001662 0.94732246
vt 0.19001662 0.93913413
vt 0.19001662 0.93086265
vt 0.19001662 0.92252963
vt 0.19001662 0.91374001
vt 0.19001662 0.90456605
vt 0.19001662 0.89512322
vt 0.19001662 0.88523594
vt 0.19001662 0.87512963
vt 0.19001662 0.86553438
vt 0.19001662 0.85712661
vt 0.19001662 0.84999477
vt 0.19001662 0.84344291
vt 0.19001662 0.83704317
vt 0.19001662 0.83077451
vt 0.19001662 0.82456799
vt 0.19001662 0.81836451
vt 0.19001662 0.81220662
vt 0.19001662 0.80599353
vt 0.19001662 0.79874133
vt 0.19001662 0.79054052
vt 0.19001662 0.78297776
vt 0.19001662 0.77773715
vt 0.20552569 1.04563775
vt 0.20552569 1.03982283
vt 0.20552569 1.03083480
vt 0.20552569 1.02067431
vt 0.20552569 1.01128518
vt 0.20552569 1.00274396
vt 0.20552569 0.99423440
vt 0.20552569 0.98618409
vt 0.20552569 0.97902604
vt 0.20552569 0.97262896
vt 0.20552569 0.96652069
vt 0.20552569 0.96068262
vt 0.20552569 0.95512065
vt 0.20552569 0.94901722
vt 0.20552569 0.94176181
vt 0.20552569 0.93389207
vt 0.20552569 0.92605613
vt 0.20552569 0.91826913
vt 0.20552569 0.91011882
vt 0.20552569 0.90164447
vt 0.20552569 0.89292391
vt 0.20552569 0.88374916
vt 0.20552569 0.87430734
vt 0.20552569 0.86528472
vt 0.20552569 0.85732013
vt 0.20552569 0.85047989
vt 0.20552569 0.84409797
vt 0.20552569 0.83783107
vt 0.20552569 0.83169254
vt 0.20552569 0.82561485
vt 0.20552569 0.81954015
vt 0.20552569 0.81351008
vt 0.20552569 0.80742596
vt 0.20552569 0.80032429
vt 0.20552569 0.79229372
vt 0.20552569 0.78488795
vt 0.20552569 0.77975612
vt 0.22103476 1.03638772
vt 0.22103476 1.03078504
vt 0.22103476 1.02217468
vt 0.22103476 1.01249094
vt 0.22103476 1.00360777
vt 0.22103476 0.99557885
vt 0.22103476 0.98759299
vt 0.22103476 0.98004403
vt 0.22103476 0.97332958
vt 0.22103476 0.96729048
vt 0.22103476 0.96145391
vt 0.22103476 0.95581505
vt 0.22103476 0.95040671
vt 0.22103476 0.94447385
vt 0.22103476 0.93746383
vt 0.22103476 0.92991572
vt 0.22103476 0.92246452
vt 0.22103476 0.91512216
vt 0.22103476 0.90747500
vt 0.22103476 0.89954344
vt 0.22103476 0.89138292
vt 0.22103476 0.88277130
vt 0.22103476 0.87387099
vt 0.22103476 0.86533138
vt 0.22103476 0.85775871
vt 0.22103476 0.85120609
vt 0.22103476 0.84503702
vt 0.22103476 0.83896056
vt 0.22103476 0.83300856
vt 0.22103476 0.82711557
vt 0.22103476 0.82122546
vt 0.22103476 0.81537863
vt 0.22103476 0.80947940
vt 0.22103476 0.80259354
vt 0.22103476 0.79480699
vt 0.22103476 0.78762627
vt 0.22103476 0.78265039
vt 0.23654382 1.02946223
vt 0.23654382 1.02406892
vt 0.23654382 1.01579511
vt 0.23654382 1.00650482
vt 0.23654382 0.99800231
vt 0.23654382 0.99033314
vt 0.23654382 0.98270899
vt 0.23654382 0.97550349
vt 0.23654382 0.96909345
vt 0.23654382 0.96331584
vt 0.23654382 0.95771056
vt 0.23654382 0.95227734
vt 0.23654382 0.94705600
vt 0.23654382 0.94132924
vt 0.23654382 0.93457535
vt 0.23654382 0.92731944
vt 0.23654382 0.92017592
vt 0.23654382 0.91315563
vt 0.23654382 0.90585550
vt 0.23654382 0.89828995
vt 0.23654382 0.89050652
vt 0.23654382 0.88228478
vt 0.23654382 0.87377576
vt 0.23654382 0.86560102
vt 0.23654382 0.85834143
vt 0.23654382 0.85204489
vt 0.23654382 0.84610033
vt 0.23654382 0.84023951
vt 0.23654382 0.83449873
vt 0.23654382 0.82881486
vt 0.23654382 0.82313378
vt 0.23654382 0.81749444
vt 0.23654382 0.81180455
vt 0.23654382 0.80516305
vt 0.23654382 0.79765283
vt 0.23654382 0.79072693
vt 0.23654382 0.78592764
vt 0.25205289 1.02486219
vt 0.25205289 1.01965202
vt 0.25205289 1.01164850
vt 0.25205289 1.00265090
vt 0.25205289 0.99440197
vt 0.25205289 0.98695015
vt 0.25205289 0.97953925
vt 0.25205289 0.97253419
vt 0.25205289 0.96630326
vt 0.25205289 0.96069606
vt 0.25205289 0.95527167
vt 0.25205289 0.95002666
vt 0.25205289 0.94499354
vt 0.25205289 0.93947250
vt 0.25205289 0.93295216
vt 0.25205289 0.92593534
vt 0.25205289 0.91901331
vt 0.25205289 0.91219701
vt 0.25205289 0.90510058
vt 0.25205289 0.89774171
vt 0.25205289 0.89017054
vt 0.25205289 0.88217888
vt 0.25205289 0.87391647
vt 0.25205289 0.86598631
vt 0.25205289 0.85895153
vt 0.25205289 0.85286072
vt 0.25205289 0.84712237
vt 0.25205289 0.84146881
vt 0.25205289 0.83593106
vt 0.25205289 0.83044820
vt 0.25205289 0.82496803
vt 0.25205289 0.81952813
vt 0.25205289 0.81403946
vt 0.25205289 0.80763284
vt 0.25205289 0.80038822
vt 0.25205289 0.79370725
vt 0.25205289 0.78907768
vt 0.26756196 1.02234109
vt 0.26756196 1.01726871
vt 0.26756196 1.00945309
vt 0.26756196 1.00064273
vt 0.26756196 0.99253375
vt 0.26756196 0.98518303
vt 0.26756196 0.97786626
vt 0.26756196 0.97094747
vt 0.26756196 0.96479466
vt 0.26756196 0.95927714
vt 0.26756196 0.95397389
vt 0.26756196 0.94887495
vt 0.26756196 0.94399887
vt 0.26756196 0.93864888
vt 0.26756196 0.93231030
vt 0.26756196 0.92546267
vt 0.26756196 0.91867657
vt 0.26756196 0.91196382
vt 0.26756196 0.90495663
vt 0.26756196 0.89768056
vt 0.26756196 0.89019382
vt 0.26756196 0.88230418
vt 0.26756196 0.87416600
vt 0.26756196 0.86637202
vt 0.26756196 0.85947489
vt 0.26756196 0.85352705
vt 0.26756196 0.84795010
vt 0.26756196 0.84246441
vt 0.26756196 0.83709108
vt 0.26756196 0.83177102
vt 0.26756196 0.82645356
vt 0.26756196 0.82117518
vt 0.26756196 0.81584948
vt 0.26756196 0.80963308
vt 0.26756196 0.80260356
vt 0.26756196 0.79612097
vt 0.26756196 0.79162886
vt 0.28307103 1.02155410
vt 0.28307103 1.01655994
vt 0.28307103 1.00884052
vt 0.28307103 1.00011412
vt 0.28307103 0.99205016
vt 0.28307103 0.98471442
vt 0.28307103 0.97740586
vt 0.28307103 0.97049173
vt 0.28307103 0.96434393
vt 0.28307103 0.95884972
vt 0.28307103 0.95360359
vt 0.28307103 0.94858957
vt 0.28307103 0.94381268
vt 0.28307103 0.93857076
vt 0.28307103 0.93233945
vt 0.28307103 0.92558050
vt 0.28307103 0.91885054
vt 0.28307103 0.91216258
vt 0.28307103 0.90516256
vt 0.28307103 0.89788423
vt 0.28307103 0.89039443
vt 0.28307103 0.88251457
vt 0.28307103 0.87440534
vt 0.28307103 0.86665617
vt 0.28307103 0.85981572
vt 0.28307103 0.85394094
vt 0.28307103 0.84845984
vt 0.28307103 0.84307752
vt 0.28307103 0.83780545
vt 0.28307103 0.83258564
vt 0.28307103 0.82736838
vt 0.28307103 0.82218947
vt 0.28307103 0.81696413
vt 0.28307103 0.81086488
vt 0.28307103 0.80396783
vt 0.28307103 0.79760739
vt 0.28307103 0.79319993
vt 0.29858009 1.02211207
vt 0.29858009 1.01712861
vt 0.29858009 1.00941154
vt 0.29858009 1.00067351
vt 0.29858009 0.99258006
vt 0.29858009 0.98520249
vt 0.29858009 0.97784828
vt 0.29858009 0.97088902
vt 0.29858009 0.96470134
vt 0.29858009 0.95918200
vt 0.29858009 0.95393186
vt 0.29858009 0.94893165
vt 0.29858009 0.94417879
vt 0.29858009 0.93896304
vt 0.29858009 0.93275063
vt 0.29858009 0.92599619
vt 0.29858009 0.91925220
vt 0.29858009 0.91253246
vt 0.29858009 0.90548844
vt 0.29858009 0.89815880
vt 0.29858009 0.89061581
vt 0.29858009 0.88268744
vt 0.29858009 0.87453916
vt 0.29858009 0.86676250
vt 0.29858009 0.85990761
vt 0.29858009 0.85403445
vt 0.29858009 0.84857084
vt 0.29858009 0.84321103
vt 0.29858009 0.83796101
vt 0.29858009 0.83276303
vt 0.29858009 0.82756760
vt 0.29858009 0.82241034
vt 0.29858009 0.81720686
vt 0.29858009 0.81113311
vt 0.29858009 0.80426491
vt 0.29858009 0.79793108
vt 0.29858009 0.79354205
vt 0.31408916 1.02357841
vt 0.31408916 1.01853783
vt 0.31408916 1.01073588
vt 0.31408916 1.00190533
vt 0.31408916 0.99373089
vt 0.31408916 0.98628325
vt 0.31408916 0.97886020
vt 0.31408916 0.97183629
vt 0.31408916 0.96559108
vt 0.31408916 0.96001783
vt 0.31408916 0.95471141
vt 0.31408916 0.94965316
vt 0.31408916 0.94484236
vt 0.31408916 0.93956306
vt 0.31408916 0.93327804
vt 0.31408916 0.92644870
vt 0.31408916 0.91963457
vt 0.31408916 0.91284943
vt 0.31408916 0.90573953
vt 0.31408916 0.89834273
vt 0.31408916 0.89073072
vt 0.31408916 0.88272795
vt 0.31408916 0.87450047
vt 0.31408916 0.86664578
vt 0.31408916 0.85971966
vt 0.31408916 0.85378195
vt 0.31408916 0.84825426
vt 0.31408916 0.84283025
vt 0.31408916 0.83751734
vt 0.31408916 0.83225709
vt 0.31408916 0.82699943
vt 0.31408916 0.82178040
vt 0.31408916 0.81651458
vt 0.31408916 0.81036808
vt 0.31408916 0.80341761
vt 0.31408916 0.79700790
vt 0.31408916 0.79256630
vt 0.32959823 1.02548253
vt 0.32959823 1.02032481
vt 0.32959823 1.01236684
vt 0.32959823 1.00338506
vt 0.32959823 0.99510389
vt 0.32959823 0.98758555
vt 0.32959823 0.98009897
vt 0.32959823 0.97301826
vt 0.32959823 0.96672192
vt 0.32959823 0.96108419
vt 0.32959823 0.95568094
vt 0.32959823 0.95049919
vt 0.32959823 0.94555188
vt 0.32959823 0.94012331
vt 0.32959823 0.93368236
vt 0.32959823 0.92671199
vt 0.32959823 0.91979008
vt 0.32959823 0.91292924
vt 0.32959823 0.90575908
vt 0.32959823 0.89830944
vt 0.32959823 0.89064378
vt 0.32959823 0.88257140
vt 0.32959823 0.87425316
vt 0.32959823 0.86629438
vt 0.32959823 0.85925903
vt 0.32959823 0.85320281
vt 0.32959823 0.84753644
vt 0.32959823 0.84196685
vt 0.32959823 0.83651135
vt 0.32959823 0.83110993
vt 0.32959823 0.82571116
vt 0.32959823 0.82035205
vt 0.32959823 0.81494491
vt 0.32959823 0.80863345
vt 0.32959823 0.80149643
vt 0.32959823 0.79491470
vt 0.32959823 0.79035389
vt 0.34510730 1.02740637
vt 0.34510730 1.02208641
vt 0.34510730 1.01392439
vt 0.34510730 1.00475888
vt 0.34510730 0.99636955
vt 0.34510730 0.98880168
vt 0.34510730 0.98127804
vt 0.34510730 0.97416746
vt 0.34510730 0.96784192
vt 0.34510730 0.96214110
vt 0.34510730 0.95661141
vt 0.34510730 0.95125236
vt 0.34510730 0.94610280
vt 0.34510730 0.94045472
vt 0.34510730 0.93379299
vt 0.34510730 0.92663526
vt 0.34510730 0.91958743
vt 0.34510730 0.91266022
vt 0.34510730 0.90545630
vt 0.34510730 0.89799014
vt 0.34510730 0.89030893
vt 0.34510730 0.88219559
vt 0.34510730 0.87379934
vt 0.34510730 0.86573348
vt 0.34510730 0.85857112
vt 0.34510730 0.85235965
vt 0.34510730 0.84649625
vt 0.34510730 0.84071572
vt 0.34510730 0.83505359
vt 0.34510730 0.82944759
vt 0.34510730 0.82384434
vt 0.34510730 0.81828226
vt 0.34510730 0.81267032
vt 0.34510730 0.80611981
vt 0.34510730 0.79871248
vt 0.34510730 0.79188147
vt 0.34510730 0.78714792
vt 0.36061636 1.02913028
vt 0.36061636 1.02362241
vt 0.36061636 1.01523317
vt 0.36061636 1.00587434
vt 0.36061636 0.99738974
vt 0.36061636 0.98980056
vt 0.36061636 0.98227096
vt 0.36061636 0.97515976
vt 0.36061636 0.96882704
vt 0.36061636 0.96306598
vt 0.36061636 0.95738872
vt 0.36061636 0.95181499
vt 0.36061636 0.94641946
vt 0.36061636 0.94050731
vt 0.36061636 0.93358612
vt 0.36061636 0.92621681
vt 0.36061636 0.91903985
vt 0.36061636 0.91206395
vt 0.36061636 0.90485800
vt 0.36061636 0.89741545
vt 0.36061636 0.88976073
vt 0.36061636 0.88164185
vt 0.36061636 0.87319112
vt 0.36061636 0.86502888
vt 0.36061636 0.85773723
vt 0.36061636 0.85135216
vt 0.36061636 0.84525673
vt 0.36061636 0.83922483
vt 0.36061636 0.83331648
vt 0.36061636 0.82746669
vt 0.36061636 0.82161978
vt 0.36061636 0.81581582
vt 0.36061636 0.80995984
vt 0.36061636 0.80312448
vt 0.36061636 0.79539503
vt 0.36061636 0.78826696
vt 0.36061636 0.78332757
vt 0.37612543 1.03075019
vt 0.37612543 1.02504957
vt 0.37612543 1.01643076
vt 0.37612543 1.00688112
vt 0.37612543 0.99831029
vt 0.37612543 0.99071233
vt 0.37612543 0.98318873
vt 0.37612543 0.97608598
vt 0.37612543 0.96974972
vt 0.37612543 0.96392269
vt 0.37612543 0.95808503
vt 0.37612543 0.95228202
vt 0.37612543 0.94662760
vt 0.37612543 0.94044064
vt 0.37612543 0.93325170
vt 0.37612543 0.92566668
vt 0.37612543 0.91836238
vt 0.37612543 0.91134617
vt 0.37612543 0.90415169
vt 0.37612543 0.89674958
vt 0.37612543 0.88913916
vt 0.37612543 0.88103064
vt 0.37612543 0.87253746
vt 0.37612543 0.86428643
vt 0.37612543 0.85686830
vt 0.37612543 0.85030688
vt 0.37612543 0.84397187
vt 0.37612543 0.83767940
vt 0.37612543 0.83151581
vt 0.37612543 0.82541333
vt 0.37612543 0.81931383
vt 0.37612543 0.81325916
vt 0.37612543 0.80715020
vt 0.37612543 0.80001956
vt 0.37612543 0.79195621
vt 0.37612543 0.78452022
vt 0.37612543 0.77936746
vt 0.39163450 1.03266736
vt 0.39163450 1.02678879
vt 0.39163450 1.01795165
vt 0.39163450 1.00821226
vt 0.39163450 0.99954079
vt 0.39163450 0.99190832
vt 0.39163450 0.98436123
vt 0.39163450 0.97723655
vt 0.39163450 0.97086862
vt 0.39163450 0.96495794
vt 0.39163450 0.95895996
vt 0.39163450 0.95294342
vt 0.39163450 0.94705499
vt 0.39163450 0.94062094
vt 0.39163450 0.93318724
vt 0.39163450 0.92539813
vt 0.39163450 0.91796262
vt 0.39163450 0.91088766
vt 0.39163450 0.90367677
vt 0.39163450 0.89628179
vt 0.39163450 0.88868119
vt 0.39163450 0.88055280
vt 0.39163450 0.87199486
vt 0.39163450 0.86364167
vt 0.39163450 0.85609324
vt 0.39163450 0.84936368
vt 0.39163450 0.84281000
vt 0.39163450 0.83628191
vt 0.39163450 0.82988752
vt 0.39163450 0.82355653
vt 0.39163450 0.81722863
vt 0.39163450 0.81094724
vt 0.39163450 0.80460953
vt 0.39163450 0.79721188
vt 0.39163450 0.78884660
vt 0.39163450 0.78113216
vt 0.39163450 0.77578645
vt 0.40714356 1.03541948
vt 0.40714356 1.02939520
vt 0.40714356 1.02035914
vt 0.40714356 1.01042130
vt 0.40714356 1.00160104
vt 0.40714356 0.99385951
vt 0.40714356 0.98620857
vt 0.40714356 0.97898542
vt 0.40714356 0.97252379
vt 0.40714356 0.96650325
vt 0.40714356 0.96036325
vt 0.40714356 0.95418351
vt 0.40714356 0.94812589
vt 0.40714356 0.94151095
vt 0.40714356 0.93388490
vt 0.40714356 0.92591551
vt 0.40714356 0.91833377
vt 0.40714356 0.91114665
vt 0.40714356 0.90383934
vt 0.40714356 0.89635542
vt 0.40714356 0.88866447
vt 0.40714356 0.88042704
vt 0.40714356 0.87173631
vt 0.40714356 0.86323752
vt 0.40714356 0.85554197
vt 0.40714356 0.84866000
vt 0.40714356 0.84193557
vt 0.40714356 0.83523014
vt 0.40714356 0.82866206
vt 0.40714356 0.82215908
vt 0.40714356 0.81565929
vt 0.40714356 0.80920727
vt 0.40714356 0.80269740
vt 0.40714356 0.79509879
vt 0.40714356 0.78650627
vt 0.40714356 0.77858227
vt 0.40714356 0.77309134
vt 0.42265263 1.03941055
vt 0.42265263 1.03328854
vt 0.42265263 1.02408174
vt 0.42265263 1.01393110
vt 0.42265263 1.00488832
vt 0.42265263 0.99692499
vt 0.42265263 0.98904997
vt 0.42265263 0.98161577
vt 0.42265263 0.97497219
vt 0.42265263 0.96880984
vt 0.42265263 0.96256212
vt 0.42265263 0.95629895
vt 0.42265263 0.95017093
vt 0.42265263 0.94347439
vt 0.42265263 0.93573433
vt 0.42265263 0.92762030
vt 0.42265263 0.91986983
vt 0.42265263 0.91249021
vt 0.42265263 0.90496550
vt 0.42265263 0.89724688
vt 0.42265263 0.88931343
vt 0.42265263 0.88083138
vt 0.42265263 0.87190441
vt 0.42265263 0.86319394
vt 0.42265263 0.85532554
vt 0.42265263 0.84831464
vt 0.42265263 0.84149109
vt 0.42265263 0.83469552
vt 0.42265263 0.82803914
vt 0.42265263 0.82144875
vt 0.42265263 0.81486159
vt 0.42265263 0.80832283
vt 0.42265263 0.80172545
vt 0.42265263 0.79402469
vt 0.42265263 0.78531666
vt 0.42265263 0.77728615
vt 0.42265263 0.77172140
vt 0.43816170 1.04462911
vt 0.43816170 1.03847237
vt 0.43816170 1.02913978
vt 0.43816170 1.01877445
vt 0.43816170 1.00943830
vt 0.43816170 1.00113559
vt 0.43816170 0.99290862
vt 0.43816170 0.98514111
vt 0.43816170 0.97821667
vt 0.43816170 0.97187377
vt 0.43816170 0.96555605
vt 0.43816170 0.95930258
vt 0.43816170 0.95322254
vt 0.43816170 0.94656622
vt 0.43816170 0.93881174
vt 0.43816170 0.93060403
vt 0.43816170 0.92266877
vt 0.43816170 0.91501444
vt 0.43816170 0.90714490
vt 0.43816170 0.89903696
vt 0.43816170 0.89069975
vt 0.43816170 0.88183128
vt 0.43816170 0.87256297
vt 0.43816170 0.86357753
vt 0.43816170 0.85551739
vt 0.43816170 0.84841332
vt 0.43816170 0.84158136
vt 0.43816170 0.83480410
vt 0.43816170 0.82816565
vt 0.43816170 0.82159301
vt 0.43816170 0.81502359
vt 0.43816170 0.80850244
vt 0.43816170 0.80192284
vt 0.43816170 0.79424282
vt 0.43816170 0.78555825
vt 0.43816170 0.77754937
vt 0.43816170 0.77199962
vt 0.45367077 1.05043622
vt 0.45367077 1.04432248
vt 0.45367077 1.03493782
vt 0.45367077 1.02439449
vt 0.45367077 1.01473762
vt 0.45367077 1.00602123
vt 0.45367077 0.99735451
vt 0.45367077 0.98916312
vt 0.45367077 0.98187645
vt 0.45367077 0.97531349
vt 0.45367077 0.96895451
vt 0.45367077 0.96279753
vt 0.45367077 0.95688452
vt 0.45367077 0.95039875
vt 0.45367077 0.94274491
vt 0.45367077 0.93451591
vt 0.45367077 0.92640702
vt 0.45367077 0.91843076
vt 0.45367077 0.91013211
vt 0.45367077 0.90152939
vt 0.45367077 0.89267871
vt 0.45367077 0.88333273
vt 0.45367077 0.87366469
vt 0.45367077 0.86438051
vt 0.45367077 0.85613971
vt 0.45367077 0.84899781
vt 0.45367077 0.84226149
vt 0.45367077 0.83562215
vt 0.45367077 0.82911881
vt 0.45367077 0.82267993
vt 0.45367077 0.81624421
vt 0.45367077 0.80985578
vt 0.45367077 0.80341008
vt 0.45367077 0.79588637
vt 0.45367077 0.78737855
vt 0.45367077 0.77953266
vt 0.45367077 0.77409585
vt 0.46917983 1.05552699
vt 0.46917983 1.04954676
vt 0.46917983 1.04022168
vt 0.46917983 1.02959829
vt 0.46917983 1.01967379
vt 0.46917983 1.01055896
vt 0.46917983 1.00145425
vt 0.46917983 0.99282850
vt 0.46917983 0.98515834
vt 0.46917983 0.97836137
vt 0.46917983 0.97198514
vt 0.46917983 0.96599396
vt 0.46917983 0.96035106
vt 0.46917983 0.95415966
vt 0.46917983 0.94672970
vt 0.46917983 0.93857844
vt 0.46917983 0.93035544
vt 0.46917983 0.92208159
vt 0.46917983 0.91336047
vt 0.46917983 0.90426109
vt 0.46917983 0.89489520
vt 0.46917983 0.88508427
vt 0.46917983 0.87504987
vt 0.46917983 0.86551727
vt 0.46917983 0.85715876
vt 0.46917983 0.85006057
vt 0.46917983 0.84353011
vt 0.46917983 0.83714805
vt 0.46917983 0.83089671
vt 0.46917983 0.82470734
vt 0.46917983 0.81852100
vt 0.46917983 0.81238012
vt 0.46917983 0.80618420
vt 0.46917983 0.79895203
vt 0.46917983 0.79077388
vt 0.46917983 0.78323202
vt 0.46917983 0.77800589
vt 0.48468890 1.05817927
vt 0.48468890 1.05243044
vt 0.48468890 1.04331367
vt 0.48468890 1.03277596
vt 0.48468890 1.02273344
vt 0.48468890 1.01334961
vt 0.48468890 1.00392843
vt 0.48468890 0.99497283
vt 0.48468890 0.98699691
vt 0.48468890 0.98001559
vt 0.48468890 0.97366504
vt 0.48468890 0.96789619
vt 0.48468890 0.96260186
vt 0.48468890 0.95680884
vt 0.48468890 0.94972479
vt 0.48468890 0.94177664
vt 0.48468890 0.93355836
vt 0.48468890 0.92510317
vt 0.48468890 0.91608270
vt 0.48468890 0.90661648
vt 0.48468890 0.89687008
vt 0.48468890 0.88673671
vt 0.48468890 0.87648308
vt 0.48468890 0.86684285
vt 0.48468890 0.85849119
vt 0.48468890 0.85154539
vt 0.48468890 0.84532842
vt 0.48468890 0.83931106
vt 0.48468890 0.83341694
vt 0.48468890 0.82758126
vt 0.48468890 0.82174844
vt 0.48468890 0.81595847
vt 0.48468890 0.81011661
vt 0.48468890 0.80329772
vt 0.48468890 0.79558690
vt 0.48468890 0.78847601
vt 0.48468890 0.78354853
vt 0.50019797 1.05678571
vt 0.50019797 1.05136378
vt 0.50019797 1.04262632
vt 0.50019797 1.03239111
vt 0.50019797 1.02246161
vt 0.50019797 1.01304117
vt 0.50019797 1.00353749
vt 0.50019797 0.99447060
vt 0.50019797 0.98637369
vt 0.50019797 0.97934143
vt 0.50019797 0.97310196
vt 0.50019797 0.96761307
vt 0.50019797 0.96272089
vt 0.50019797 0.95740078
vt 0.50019797 0.95077179
vt 0.50019797 0.94316841
vt 0.50019797 0.93512483
vt 0.50019797 0.92668778
vt 0.50019797 0.91759669
vt 0.50019797 0.90801230
vt 0.50019797 0.89814266
vt 0.50019797 0.88794489
vt 0.50019797 0.87771883
vt 0.50019797 0.86818955
vt 0.50019797 0.86002038
vt 0.50019797 0.85335401
vt 0.50019797 0.84754527
vt 0.50019797 0.84197748
vt 0.50019797 0.83652373
vt 0.50019797 0.83112405
vt 0.50019797 0.82572701
vt 0.50019797 0.82036963
vt 0.50019797 0.81496422
vt 0.50019797 0.80865479
vt 0.50019797 0.80152007
vt 0.50019797 0.79494045
vt 0.50019797 0.79038111
vt 0.51570704 1.05046744
vt 0.51570704 1.04545253
vt 0.51570704 1.03726032
vt 0.51570704 1.02755746
vt 0.51570704 1.01800893
vt 0.51570704 1.00884015
vt 0.51570704 0.99955320
vt 0.51570704 0.99066428
vt 0.51570704 0.98270352
vt 0.51570704 0.97581885
vt 0.51570704 0.96981755
vt 0.51570704 0.96467449
vt 0.51570704 0.96021636
vt 0.51570704 0.95540870
vt 0.51570704 0.94931814
vt 0.51570704 0.94219692
vt 0.51570704 0.93452000
vt 0.51570704 0.92634504
vt 0.51570704 0.91747056
vt 0.51570704 0.90808303
vt 0.51570704 0.89841546
vt 0.51570704 0.88847346
vt 0.51570704 0.87857231
vt 0.51570704 0.86940889
vt 0.51570704 0.86161798
vt 0.51570704 0.85535736
vt 0.51570704 0.85002762
vt 0.51570704 0.84496325
vt 0.51570704 0.84000261
vt 0.51570704 0.83509115
vt 0.51570704 0.83018209
vt 0.51570704 0.82530911
vt 0.51570704 0.82039244
vt 0.51570704 0.81465348
vt 0.51570704 0.80816386
vt 0.51570704 0.80217915
vt 0.51570704 0.79803205
vt 0.53121610 1.03947602
vt 0.53121610 1.03491943
vt 0.53121610 1.02740083
vt 0.53121610 1.01842469
vt 0.53121610 1.00950161
vt 0.53121610 1.00086094
vt 0.53121610 0.99208359
vt 0.53121610 0.98366198
vt 0.53121610 0.97610220
vt 0.53121610 0.96957769
vt 0.53121610 0.96395342
vt 0.53121610 0.95922069
vt 0.53121610 0.95520747
vt 0.53121610 0.95091524
vt 0.53121610 0.94540850
vt 0.53121610 0.93887623
vt 0.53121610 0.93173786
vt 0.53121610 0.92405670
vt 0.53121610 0.91567656
vt 0.53121610 0.90679236
vt 0.53121610 0.89764294
vt 0.53121610 0.88826377
vt 0.53121610 0.87896681
vt 0.53121610 0.87040300
vt 0.53121610 0.86316353
vt 0.53121610 0.85740939
vt 0.53121610 0.85259553
vt 0.53121610 0.84805193
vt 0.53121610 0.84360139
vt 0.53121610 0.83919498
vt 0.53121610 0.83479072
vt 0.53121610 0.83041882
vt 0.53121610 0.82600773
vt 0.53121610 0.82085892
vt 0.53121610 0.81503662
vt 0.53121610 0.80966732
vt 0.53121610 0.80594666
vt 0.54672517 1.02518890
vt 0.54672517 1.02110275
vt 0.54672517 1.01432068
vt 0.54672517 1.00618661
vt 0.54672517 0.99805399
vt 0.54672517 0.99014120
vt 0.54672517 0.98208990
vt 0.54672517 0.97435389
vt 0.54672517 0.96739972
vt 0.54672517 0.96140296
vt 0.54672517 0.95626363
vt 0.54672517 0.95198282
vt 0.54672517 0.94840089
vt 0.54672517 0.94459181
vt 0.54672517 0.93966785
vt 0.54672517 0.93377665
vt 0.54672517 0.92728828
vt 0.54672517 0.92026562
vt 0.54672517 0.91258288
vt 0.54672517 0.90442824
vt 0.54672517 0.89603014
vt 0.54672517 0.88743635
vt 0.54672517 0.87894003
vt 0.54672517 0.87113428
vt 0.54672517 0.86455687
vt 0.54672517 0.85936157
vt 0.54672517 0.85505983
vt 0.54672517 0.85101598
vt 0.54672517 0.84705496
vt 0.54672517 0.84313321
vt 0.54672517 0.83921338
vt 0.54672517 0.83532236
vt 0.54672517 0.83139645
vt 0.54672517 0.82681396
vt 0.54672517 0.82163206
vt 0.54672517 0.81685333
vt 0.54672517 0.81354192
vt 0.56223424 1.00970908
vt 0.56223424 1.00606223
vt 0.56223424 0.99999950
vt 0.56223424 0.99271904
vt 0.56223424 0.98542851
vt 0.56223424 0.97832592
vt 0.56223424 0.97109571
vt 0.56223424 0.96414592
vt 0.56223424 0.95789606
vt 0.56223424 0.95250767
vt 0.56223424 0.94789671
vt 0.56223424 0.94406650
vt 0.56223424 0.94087350
vt 0.56223424 0.93748375
vt 0.56223424 0.93309266
vt 0.56223424 0.92782653
vt 0.56223424 0.92201418
vt 0.56223424 0.91571331
vt 0.56223424 0.90881514
vt 0.56223424 0.90149093
vt 0.56223424 0.89394806
vt 0.56223424 0.88623308
vt 0.56223424 0.87861093
vt 0.56223424 0.87161325
vt 0.56223424 0.86572190
vt 0.56223424 0.86107638
vt 0.56223424 0.85724083
vt 0.56223424 0.85363929
vt 0.56223424 0.85011152
vt 0.56223424 0.84661872
vt 0.56223424 0.84312763
vt 0.56223424 0.83966220
vt 0.56223424 0.83616570
vt 0.56223424 0.83208442
vt 0.56223424 0.82746931
vt 0.56223424 0.82321327
vt 0.56223424 0.82026405
vt 0.57774331 0.99526075
vt 0.57774331 0.99198204
vt 0.57774331 0.98654382
vt 0.57774331 0.98002491
vt 0.57774331 0.97351144
vt 0.57774331 0.96717747
vt 0.57774331 0.96073384
vt 0.57774331 0.95454356
vt 0.57774331 0.94897982
vt 0.57774331 0.94418166
vt 0.57774331 0.94006688
vt 0.57774331 0.93663554
vt 0.57774331 0.93375993
vt 0.57774331 0.93069984
vt 0.57774331 0.92674757
vt 0.57774331 0.92202361
vt 0.57774331 0.91682544
vt 0.57774331 0.91120296
vt 0.57774331 0.90505391
vt 0.57774331 0.89852803
vt 0.57774331 0.89180733
vt 0.57774331 0.88492865
vt 0.57774331 0.87812599
vt 0.57774331 0.87187437
vt 0.57774331 0.86660461
vt 0.57774331 0.86243919
vt 0.57774331 0.85898610
vt 0.57774331 0.85573850
vt 0.57774331 0.85255742
vt 0.57774331 0.84940787
vt 0.57774331 0.84625987
vt 0.57774331 0.84313500
vt 0.57774331 0.83998211
vt 0.57774331 0.83630193
vt 0.57774331 0.83214036
vt 0.57774331 0.82830258
vt 0.57774331 0.82564319
vt 0.59325237 0.98363951
vt 0.59325237 0.98062747
vt 0.59325237 0.97565871
vt 0.59325237 0.96972787
vt 0.59325237 0.96383354
vt 0.59325237 0.95812694
vt 0.59325237 0.95233048
vt 0.59325237 0.94676928
vt 0.59325237 0.94177748
vt 0.59325237 0.93746911
vt 0.59325237 0.93375423
vt 0.59325237 0.93062685
vt 0.59325237 0.92797344
vt 0.59325237 0.92513490
vt 0.59325237 0.92149435
vt 0.59325237 0.91717737
vt 0.59325237 0.91246142
vt 0.59325237 0.90738814
vt 0.59325237 0.90185387
vt 0.59325237 0.89598702
vt 0.59325237 0.88994502
vt 0.59325237 0.88375084
vt 0.59325237 0.87761025
vt 0.59325237 0.87195327
vt 0.59325237 0.86717043
vt 0.59325237 0.86336788
vt 0.59325237 0.86018531
vt 0.59325237 0.85718091
vt 0.59325237 0.85423804
vt 0.59325237 0.85132435
vt 0.59325237 0.84841209
vt 0.59325237 0.84552123
vt 0.59325237 0.84260445
vt 0.59325237 0.83919985
vt 0.59325237 0.83534993
vt 0.59325237 0.83179954
vt 0.59325237 0.82933930
vt 0.60876144 0.97591175
vt 0.60876144 0.97304810
vt 0.60876144 0.96835943
vt 0.60876144 0.96279604
vt 0.60876144 0.95730836
vt 0.60876144 0.95202865
vt 0.60876144 0.94667735
vt 0.60876144 0.94155258
vt 0.60876144 0.93696056
vt 0.60876144 0.93299140
vt 0.60876144 0.92954077
vt 0.60876144 0.92659612
vt 0.60876144 0.92405611
vt 0.60876144 0.92132167
vt 0.60876144 0.91784768
vt 0.60876144 0.91377254
vt 0.60876144 0.90936569
vt 0.60876144 0.90466156
vt 0.60876144 0.89954891
vt 0.60876144 0.89413789
vt 0.60876144 0.88856541
vt 0.60876144 0.88283901
vt 0.60876144 0.87714238
vt 0.60876144 0.87187599
vt 0.60876144 0.86740434
vt 0.60876144 0.86382007
vt 0.60876144 0.86078076
vt 0.60876144 0.85789712
vt 0.60876144 0.85507253
vt 0.60876144 0.85227595
vt 0.60876144 0.84948074
vt 0.60876144 0.84670607
vt 0.60876144 0.84390653
vt 0.60876144 0.84063877
vt 0.60876144 0.83694359
vt 0.60876144 0.83353590
vt 0.60876144 0.83117455
vt 0.62427051 0.97241044
vt 0.62427051 0.96957425
vt 0.62427051 0.96496857
vt 0.62427051 0.95953959
vt 0.62427051 0.95422973
vt 0.62427051 0.94915733
vt 0.62427051 0.94402847
vt 0.62427051 0.93912644
vt 0.62427051 0.93474197
vt 0.62427051 0.93094398
vt 0.62427051 0.92760889
vt 0.62427051 0.92471840
vt 0.62427051 0.92218145
vt 0.62427051 0.91943452
vt 0.62427051 0.91597993
vt 0.62427051 0.91197469
vt 0.62427051 0.90769205
vt 0.62427051 0.90316090
vt 0.62427051 0.89825748
vt 0.62427051 0.89307790
vt 0.62427051 0.88774394
vt 0.62427051 0.88224758
vt 0.62427051 0.87675775
vt 0.62427051 0.87166209
vt 0.62427051 0.86731432
vt 0.62427051 0.86379726
vt 0.62427051 0.86077241
vt 0.62427051 0.85788707
vt 0.62427051 0.85506083
vt 0.62427051 0.85226261
vt 0.62427051 0.84946576
vt 0.62427051 0.84668946
vt 0.62427051 0.84388827
vt 0.62427051 0.84061860
vt 0.62427051 0.83692124
vt 0.62427051 0.83351155
vt 0.62427051 0.83114881
vt 0.63977957 0.97292848
vt 0.63977957 0.97000865
vt 0.63977957 0.96530283
vt 0.63977957 0.95978988
vt 0.63977957 0.95444097
vt 0.63977957 0.94936580
vt 0.63977957 0.94424562
vt 0.63977957 0.93936065
vt 0.63977957 0.93499817
vt 0.63977957 0.93120947
vt 0.63977957 0.92784840
vt 0.63977957 0.92489227
vt 0.63977957 0.92225806
vt 0.63977957 0.91939357
vt 0.63977957 0.91582390
vt 0.63977957 0.91172892
vt 0.63977957 0.90739621
vt 0.63977957 0.90285099
vt 0.63977957 0.89795314
vt 0.63977957 0.89278937
vt 0.63977957 0.88747191
vt 0.63977957 0.88197788
vt 0.63977957 0.87646892
vt 0.63977957 0.87133561
vt 0.63977957 0.86693528
vt 0.63977957 0.86334487
vt 0.63977957 0.86021693
vt 0.63977957 0.85721893
vt 0.63977957 0.85428235
vt 0.63977957 0.85137488
vt 0.63977957 0.84846883
vt 0.63977957 0.84558413
vt 0.63977957 0.84267358
vt 0.63977957 0.83927625
vt 0.63977957 0.83543454
vt 0.63977957 0.83189173
vt 0.63977957 0.82943674
vt 0.65528864 0.97694315
vt 0.65528864 0.97384802
vt 0.65528864 0.96888822
vt 0.65528864 0.96310514
vt 0.65528864 0.95752904
vt 0.65528864 0.95226629
vt 0.65528864 0.94696597
vt 0.65528864 0.94191586
vt 0.65528864 0.93741075
vt 0.65528864 0.93348879
vt 0.65528864 0.92998019
vt 0.65528864 0.92685902
vt 0.65528864 0.92404714
vt 0.65528864 0.92098135
vt 0.65528864 0.91718674
vt 0.65528864 0.91286820
vt 0.65528864 0.90833580
vt 0.65528864 0.90361289
vt 0.65528864 0.89854082
vt 0.65528864 0.89320169
vt 0.65528864 0.88770391
vt 0.65528864 0.88201142
vt 0.65528864 0.87628572
vt 0.65528864 0.87093405
vt 0.65528864 0.86632973
vt 0.65528864 0.86254772
vt 0.65528864 0.85922082
vt 0.65528864 0.85602082
vt 0.65528864 0.85288637
vt 0.65528864 0.84978299
vt 0.65528864 0.84668112
vt 0.65528864 0.84360205
vt 0.65528864 0.84049538
vt 0.65528864 0.83686914
vt 0.65528864 0.83276857
vt 0.65528864 0.82898704
vt 0.65528864 0.82636663
vt 0.67079771 0.98373954
vt 0.67079771 0.98040387
vt 0.67079771 0.97507596
vt 0.67079771 0.96888043
vt 0.67079771 0.96292808
vt 0.67079771 0.95732744
vt 0.67079771 0.95169233
vt 0.67079771 0.94632719
vt 0.67079771 0.94154373
vt 0.67079771 0.93737305
vt 0.67079771 0.93362324
vt 0.67079771 0.93026573
vt 0.67079771 0.92722281
vt 0.67079771 0.92390089
vt 0.67079771 0.91980486
vt 0.67079771 0.91516410
vt 0.67079771 0.91031598
vt 0.67079771 0.90528374
vt 0.67079771 0.89989025
vt 0.67079771 0.89421803
vt 0.67079771 0.88837744
vt 0.67079771 0.88232242
vt 0.67079771 0.87622101
vt 0.67079771 0.87050796
vt 0.67079771 0.86558228
vt 0.67079771 0.86152077
vt 0.67079771 0.85792851
vt 0.67079771 0.85446643
vt 0.67079771 0.85107527
vt 0.67079771 0.84771772
vt 0.67079771 0.84436181
vt 0.67079771 0.84103057
vt 0.67079771 0.83766946
vt 0.67079771 0.83374622
vt 0.67079771 0.82930982
vt 0.67079771 0.82521858
vt 0.67079771 0.82238356
vt 0.68630678 0.99240143
vt 0.68630678 0.98879121
vt 0.68630678 0.98302922
vt 0.68630678 0.97633324
vt 0.68630678 0.96990563
vt 0.68630678 0.96386225
vt 0.68630678 0.95778309
vt 0.68630678 0.95199620
vt 0.68630678 0.94683736
vt 0.68630678 0.94233765
vt 0.68630678 0.93828709
vt 0.68630678 0.93465467
vt 0.68630678 0.93135802
vt 0.68630678 0.92775807
vt 0.68630678 0.92332323
vt 0.68630678 0.91830392
vt 0.68630678 0.91306610
vt 0.68630678 0.90763447
vt 0.68630678 0.90181572
vt 0.68630678 0.89569764
vt 0.68630678 0.88939801
vt 0.68630678 0.88286511
vt 0.68630678 0.87627928
vt 0.68630678 0.87010998
vt 0.68630678 0.86478823
vt 0.68630678 0.86039612
vt 0.68630678 0.85650643
vt 0.68630678 0.85275596
vt 0.68630678 0.84908230
vt 0.68630678 0.84544506
vt 0.68630678 0.84180961
vt 0.68630678 0.83820087
vt 0.68630678 0.83455977
vt 0.68630678 0.83030973
vt 0.68630678 0.82550376
vt 0.68630678 0.82107172
vt 0.68630678 0.81800054
vt 0.70181584 1.00174047
vt 0.70181584 0.99785582
vt 0.70181584 0.99164942
vt 0.70181584 0.98443079
vt 0.70181584 0.97749349
vt 0.70181584 0.97096448
vt 0.70181584 0.96439477
vt 0.70181584 0.95813945
vt 0.70181584 0.95256207
vt 0.70181584 0.94769980
vt 0.70181584 0.94332997
vt 0.70181584 0.93941934
vt 0.70181584 0.93587681
vt 0.70181584 0.93200983
vt 0.70181584 0.92724028
vt 0.70181584 0.92183450
vt 0.70181584 0.91618508
vt 0.70181584 0.91031928
vt 0.70181584 0.90403136
vt 0.70181584 0.89741799
vt 0.70181584 0.89060829
vt 0.70181584 0.88354931
vt 0.70181584 0.87643727
vt 0.70181584 0.86977890
vt 0.70181584 0.86403916
vt 0.70181584 0.85930788
vt 0.70181584 0.85512504
vt 0.70181584 0.85109442
vt 0.70181584 0.84714635
vt 0.70181584 0.84323743
vt 0.70181584 0.83933042
vt 0.70181584 0.83545212
vt 0.70181584 0.83153905
vt 0.70181584 0.82697154
vt 0.70181584 0.82180659
vt 0.70181584 0.81704349
vt 0.70181584 0.81374291
vt 0.71732491 1.01028641
vt 0.71732491 1.00616196
vt 0.71732491 0.99956130
vt 0.71732491 0.99187331
vt 0.71732491 0.98447113
vt 0.71732491 0.97749346
vt 0.71732491 0.97046873
vt 0.71732491 0.96377759
vt 0.71732491 0.95780991
vt 0.71732491 0.95261160
vt 0.71732491 0.94795194
vt 0.71732491 0.94379601
vt 0.71732491 0.94004286
vt 0.71732491 0.93594864
vt 0.71732491 0.93088884
vt 0.71732491 0.92514078
vt 0.71732491 0.91911919
vt 0.71732491 0.91285426
vt 0.71732491 0.90613150
vt 0.71732491 0.89905736
vt 0.71732491 0.89177310
vt 0.71732491 0.88422711
vt 0.71732491 0.87663161
vt 0.71732491 0.86952722
vt 0.71732491 0.86340977
vt 0.71732491 0.85837716
vt 0.71732491 0.85394049
vt 0.71732491 0.84966964
vt 0.71732491 0.84548627
vt 0.71732491 0.84134437
vt 0.71732491 0.83720450
vt 0.71732491 0.83309506
vt 0.71732491 0.82894877
vt 0.71732491 0.82410903
vt 0.71732491 0.81863625
vt 0.71732491 0.81358927
vt 0.71732491 0.81009197
vt 0.73283398 1.01644020
vt 0.73283398 1.01214172
vt 0.73283398 1.00525571
vt 0.73283398 0.99722872
vt 0.73283398 0.98949165
vt 0.73283398 0.98219146
vt 0.73283398 0.97483983
vt 0.73283398 0.96783574
vt 0.73283398 0.96158784
vt 0.73283398 0.95614794
vt 0.73283398 0.95127913
vt 0.73283398 0.94694530
vt 0.73283398 0.94303868
vt 0.73283398 0.93877878
vt 0.73283398 0.93350806
vt 0.73283398 0.92751215
vt 0.73283398 0.92122205
vt 0.73283398 0.91466997
vt 0.73283398 0.90763478
vt 0.73283398 0.90022982
vt 0.73283398 0.89260484
vt 0.73283398 0.88470889
vt 0.73283398 0.87676553
vt 0.73283398 0.86933984
vt 0.73283398 0.86294984
vt 0.73283398 0.85769918
vt 0.73283398 0.85307800
vt 0.73283398 0.84863224
vt 0.73283398 0.84427754
vt 0.73283398 0.83996602
vt 0.73283398 0.83565660
vt 0.73283398 0.83137885
vt 0.73283398 0.82706275
vt 0.73283398 0.82202481
vt 0.73283398 0.81632789
vt 0.73283398 0.81107421
vt 0.73283398 0.80743368
vt 0.74834305 1.01880086
vt 0.74834305 1.01441734
vt 0.74834305 1.00740182
vt 0.74834305 0.99923038
vt 0.74834305 0.99136239
vt 0.74834305 0.98394538
vt 0.74834305 0.97647826
vt 0.74834305 0.96936569
vt 0.74834305 0.96302209
vt 0.74834305 0.95749642
vt 0.74834305 0.95254361
vt 0.74834305 0.94812654
vt 0.74834305 0.94413783
vt 0.74834305 0.93978670
vt 0.74834305 0.93440918
vt 0.74834305 0.92829986
vt 0.74834305 0.92189950
vt 0.74834305 0.91524020
vt 0.74834305 0.90809407
vt 0.74834305 0.90057438
vt 0.74834305 0.89283132
vt 0.74834305 0.88481016
vt 0.74834305 0.87673653
vt 0.74834305 0.86918509
vt 0.74834305 0.86268284
vt 0.74834305 0.85733391
vt 0.74834305 0.85261865
vt 0.74834305 0.84807973
vt 0.74834305 0.84363379
vt 0.74834305 0.83923192
vt 0.74834305 0.83483220
vt 0.74834305 0.83046482
vt 0.74834305 0.82605828
vt 0.74834305 0.82091477
vt 0.74834305 0.81509848
vt 0.74834305 0.80973472
vt 0.74834305 0.80601790
vt 0.76385211 1.01656205
vt 0.76385211 1.01219329
vt 0.76385211 1.00522848
vt 0.76385211 0.99714233
vt 0.76385211 0.98939001
vt 0.76385211 0.98210895
vt 0.76385211 0.97478727
vt 0.76385211 0.96781934
vt 0.76385211 0.96160877
vt 0.76385211 0.95618860
vt 0.76385211 0.95130073
vt 0.76385211 0.94690752
vt 0.76385211 0.94291237
vt 0.76385211 0.93854795
vt 0.76385211 0.93317836
vt 0.76385211 0.92711044
vt 0.76385211 0.92078855
vt 0.76385211 0.91424170
vt 0.76385211 0.90723323
vt 0.76385211 0.89986665
vt 0.76385211 0.89228155
vt 0.76385211 0.88441211
vt 0.76385211 0.87647381
vt 0.76385211 0.86903289
vt 0.76385211 0.86260944
vt 0.76385211 0.85730097
vt 0.76385211 0.85259094
vt 0.76385211 0.84804641
vt 0.76385211 0.84359496
vt 0.76385211 0.83918764
vt 0.76385211 0.83478248
vt 0.76385211 0.83040969
vt 0.76385211 0.82599770
vt 0.76385211 0.82084783
vt 0.76385211 0.81502434
vt 0.76385211 0.80965393
vt 0.76385211 0.80593252
vt 0.77936118 1.00980407
vt 0.77936118 1.00554563
vt 0.77936118 0.99880626
vt 0.77936118 0.99103000
vt 0.77936118 0.98363660
vt 0.77936118 0.97674213
vt 0.77936118 0.96982451
vt 0.77936118 0.96325164
vt 0.77936118 0.95739939
vt 0.77936118 0.95227050
vt 0.77936118 0.94758864
vt 0.77936118 0.94331801
vt 0.77936118 0.93938519
vt 0.77936118 0.93507966
vt 0.77936118 0.92982691
vt 0.77936118 0.92394975
vt 0.77936118 0.91789084
vt 0.77936118 0.91167344
vt 0.77936118 0.90504948
vt 0.77936118 0.89810269
vt 0.77936118 0.89095049
vt 0.77936118 0.88350796
vt 0.77936118 0.87596781
vt 0.77936118 0.86887021
vt 0.77936118 0.86271263
vt 0.77936118 0.85757883
vt 0.77936118 0.85296814
vt 0.77936118 0.84850010
vt 0.77936118 0.84412358
vt 0.77936118 0.83979045
vt 0.77936118 0.83545943
vt 0.77936118 0.83116025
vt 0.77936118 0.82682252
vt 0.77936118 0.82175933
vt 0.77936118 0.81603386
vt 0.77936118 0.81075385
vt 0.77936118 0.80709508
vt 0.79487025 0.99953269
vt 0.79487025 0.99546091
vt 0.79487025 0.98908585
vt 0.79487025 0.98179748
vt 0.79487025 0.97495502
vt 0.79487025 0.96864378
vt 0.79487025 0.96233187
vt 0.79487025 0.95634751
vt 0.79487025 0.95102496
vt 0.79487025 0.94632442
vt 0.79487025 0.94194924
vt 0.79487025 0.93787126
vt 0.79487025 0.93405247
vt 0.79487025 0.92986395
vt 0.79487025 0.92481508
vt 0.79487025 0.91924641
vt 0.79487025 0.91359494
vt 0.79487025 0.90787686
vt 0.79487025 0.90183110
vt 0.79487025 0.89551369
vt 0.79487025 0.88901069
vt 0.79487025 0.88221163
vt 0.79487025 0.87527655
vt 0.79487025 0.86870545
vt 0.79487025 0.86296095
vt 0.79487025 0.85810755
vt 0.79487025 0.85367150
vt 0.79487025 0.84934611
vt 0.79487025 0.84510931
vt 0.79487025 0.84091451
vt 0.79487025 0.83672176
vt 0.79487025 0.83255983
vt 0.79487025 0.82836058
vt 0.79487025 0.82345903
vt 0.79487025 0.81791635
vt 0.79487025 0.81280491
vt 0.79487025 0.80926294
vt 0.81037932 0.98742904
vt 0.81037932 0.98358930
vt 0.81037932 0.97765832
vt 0.81037932 0.97095772
vt 0.81037932 0.96477114
vt 0.81037932 0.95914751
vt 0.81037932 0.95354584
vt 0.81037932 0.94824702
vt 0.81037932 0.94353539
vt 0.81037932 0.93932161
vt 0.81037932 0.93529238
vt 0.81037932 0.93143640
vt 0.81037932 0.92775974
vt 0.81037932 0.92372525
vt 0.81037932 0.91893274
vt 0.81037932 0.91373898
vt 0.81037932 0.90857279
vt 0.81037932 0.90344393
vt 0.81037932 0.89807884
vt 0.81037932 0.89250203
vt 0.81037932 0.88676332
vt 0.81037932 0.88072359
vt 0.81037932 0.87450497
vt 0.81037932 0.86855964
vt 0.81037932 0.86330868
vt 0.81037932 0.85879501
vt 0.81037932 0.85457924
vt 0.81037932 0.85043793
vt 0.81037932 0.84638144
vt 0.81037932 0.84236517
vt 0.81037932 0.83835087
vt 0.81037932 0.83436606
vt 0.81037932 0.83034554
vt 0.81037932 0.82565259
vt 0.81037932 0.82034581
vt 0.81037932 0.81545191
vt 0.81037932 0.81206068
vt 0.82588838 0.97541348
vt 0.82588838 0.97181370
vt 0.82588838 0.96633616
vt 0.82588838 0.96023106
vt 0.82588838 0.95470360
vt 0.82588838 0.94976530
vt 0.82588838 0.94486708
vt 0.82588838 0.94024137
vt 0.82588838 0.93612127
vt 0.82588838 0.93236794
vt 0.82588838 0.92866113
vt 0.82588838 0.92501569
vt 0.82588838 0.92148351
vt 0.82588838 0.91761377
vt 0.82588838 0.91308813
vt 0.82588838 0.90827538
vt 0.82588838 0.90359526
vt 0.82588838 0.89905332
vt 0.82588838 0.89436606
vt 0.82588838 0.88952729
vt 0.82588838 0.88455079
vt 0.82588838 0.87926945
vt 0.82588838 0.87376774
vt 0.82588838 0.86844982
vt 0.82588838 0.86369513
vt 0.82588838 0.85952606
vt 0.82588838 0.85554005
vt 0.82588838 0.85159359
vt 0.82588838 0.84772797
vt 0.82588838 0.84390066
vt 0.82588838 0.84007524
vt 0.82588838 0.83627792
vt 0.82588838 0.83244656
vt 0.82588838 0.82797443
vt 0.82588838 0.82291733
vt 0.82588838 0.81825369
vt 0.82588838 0.81502202
vt 0.84139745 0.96521198
vt 0.84139745 0.96182199
vt 0.84139745 0.95673824
vt 0.84139745 0.95114822
vt 0.84139745 0.94618829
vt 0.84139745 0.94183610
vt 0.84139745 0.93753504
vt 0.84139745 0.93347443
vt 0.84139745 0.92984162
vt 0.84139745 0.92645559
vt 0.84139745 0.92300079
vt 0.84139745 0.91952257
vt 0.84139745 0.91611261
vt 0.84139745 0.91238914
vt 0.84139745 0.90809738
vt 0.84139745 0.90361349
vt 0.84139745 0.89934904
vt 0.84139745 0.89530795
vt 0.84139745 0.89120022
vt 0.84139745 0.88699373
vt 0.84139745 0.88267093
vt 0.84139745 0.87804032
vt 0.84139745 0.87315395
vt 0.84139745 0.86837467
vt 0.84139745 0.86404628
vt 0.84139745 0.86017439
vt 0.84139745 0.85638998
vt 0.84139745 0.85261589
vt 0.84139745 0.84891910
vt 0.84139745 0.84525896
vt 0.84139745 0.84160061
vt 0.84139745 0.83796915
vt 0.84139745 0.83430513
vt 0.84139745 0.83002832
vt 0.84139745 0.82519209
vt 0.84139745 0.82073214
vt 0.84139745 0.81764163
vt 0.85690652 0.95810016
vt 0.85690652 0.95485578
vt 0.85690652 0.95004775
vt 0.85690652 0.94482039
vt 0.85690652 0.94026220
vt 0.85690652 0.93632439
vt 0.85690652 0.93244234
vt 0.85690652 0.92877308
vt 0.85690652 0.92546970
vt 0.85690652 0.92232110
vt 0.85690652 0.91902304
vt 0.85690652 0.91564777
vt 0.85690652 0.91231563
vt 0.85690652 0.90869077
vt 0.85690652 0.90456007
vt 0.85690652 0.90030428
vt 0.85690652 0.89632985
vt 0.85690652 0.89264094
vt 0.85690652 0.88894347
vt 0.85690652 0.88518657
vt 0.85690652 0.88132928
vt 0.85690652 0.87716119
vt 0.85690652 0.87271058
vt 0.85690652 0.86831114
vt 0.85690652 0.86428176
vt 0.85690652 0.86061638
vt 0.85690652 0.85697069
vt 0.85690652 0.85331436
vt 0.85690652 0.84973292
vt 0.85690652 0.84618699
vt 0.85690652 0.84264280
vt 0.85690652 0.83912465
vt 0.85690652 0.83557496
vt 0.85690652 0.83143161
vt 0.85690652 0.82674629
vt 0.85690652 0.82242551
vt 0.85690652 0.81943142
vt 0.87241558 0.95489193
vt 0.87241558 0.95170195
vt 0.87241558 0.94700755
vt 0.87241558 0.94193838
vt 0.87241558 0.93756519
vt 0.87241558 0.93382332
vt 0.87241558 0.93013853
vt 0.87241558 0.92665065
vt 0.87241558 0.92349457
vt 0.87241558 0.92044186
vt 0.87241558 0.91719596
vt 0.87241558 0.91384599
vt 0.87241558 0.91052857
vt 0.87241558 0.90692907
vt 0.87241558 0.90285411
vt 0.87241558 0.89868940
vt 0.87241558 0.89484176
vt 0.87241558 0.89131606
vt 0.87241558 0.88781423
vt 0.87241558 0.88427480
vt 0.87241558 0.88064326
vt 0.87241558 0.87669666
vt 0.87241558 0.87245027
vt 0.87241558 0.86822442
vt 0.87241558 0.86432694
vt 0.87241558 0.86074554
vt 0.87241558 0.85714717
vt 0.87241558 0.85352663
vt 0.87241558 0.84998025
vt 0.87241558 0.84646903
vt 0.87241558 0.84295953
vt 0.87241558 0.83947582
vt 0.87241558 0.83596088
vt 0.87241558 0.83185808
vt 0.87241558 0.82721862
vt 0.87241558 0.82294014
vt 0.87241558 0.81997536
vt 0.88792465 0.95610015
vt 0.88792465 0.95285459
vt 0.88792465 0.94808176
vt 0.88792465 0.94293149
vt 0.88792465 0.93849323
vt 0.88792465 0.93469942
vt 0.88792465 0.93096385
vt 0.88792465 0.92742725
vt 0.88792465 0.92422524
vt 0.88792465 0.92112332
vt 0.88792465 0.91782021
vt 0.88792465 0.91440847
vt 0.88792465 0.91102896
vt 0.88792465 0.90736311
vt 0.88792465 0.90321576
vt 0.88792465 0.89898046
vt 0.88792465 0.89507188
vt 0.88792465 0.89149508
vt 0.88792465 0.88794588
vt 0.88792465 0.88436060
vt 0.88792465 0.88068227
vt 0.88792465 0.87668244
vt 0.88792465 0.87237532
vt 0.88792465 0.86808603
vt 0.88792465 0.86412720
vt 0.88792465 0.86048568
vt 0.88792465 0.85682319
vt 0.88792465 0.85313695
vt 0.88792465 0.84952621
vt 0.88792465 0.84595127
vt 0.88792465 0.84237808
vt 0.88792465 0.83883115
vt 0.88792465 0.83525242
vt 0.88792465 0.83107517
vt 0.88792465 0.82635152
vt 0.88792465 0.82199539
vt 0.88792465 0.81897681
vt 0.90343372 0.96210614
vt 0.90343372 0.95868501
vt 0.90343372 0.95362446
vt 0.90343372 0.94813242
vt 0.90343372 0.94335687
vt 0.90343372 0.93924165
vt 0.90343372 0.93518601
vt 0.90343372 0.93135142
vt 0.90343372 0.92789493
vt 0.90343372 0.92458787
vt 0.90343372 0.92110985
vt 0.90343372 0.91754213
vt 0.90343372 0.91401685
vt 0.90343372 0.91018443
vt 0.90343372 0.90582485
vt 0.90343372 0.90134288
vt 0.90343372 0.89716919
vt 0.90343372 0.89330832
vt 0.90343372 0.88944759
vt 0.90343372 0.88553008
vt 0.90343372 0.88150857
vt 0.90343372 0.87715663
vt 0.90343372 0.87250054
vt 0.90343372 0.86788993
vt 0.90343372 0.86365943
vt 0.90343372 0.85980084
vt 0.90343372 0.85595260
vt 0.90343372 0.85208981
vt 0.90343372 0.84830614
vt 0.90343372 0.84455997
vt 0.90343372 0.84081565
vt 0.90343372 0.83709883
vt 0.90343372 0.83334870
vt 0.90343372 0.82897137
vt 0.90343372 0.82402149
vt 0.90343372 0.81945672
vt 0.90343372 0.81629356
vt 0.91894279 0.97318444
vt 0.91894279 0.96946735
vt 0.91894279 0.96390588
vt 0.91894279 0.95780385
vt 0.91894279 0.95240749
vt 0.91894279 0.94768634
vt 0.91894279 0.94302307
vt 0.91894279 0.93862001
vt 0.91894279 0.93467684
vt 0.91894279 0.93098651
vt 0.91894279 0.92720178
vt 0.91894279 0.92337849
vt 0.91894279 0.91962451
vt 0.91894279 0.91552809
vt 0.91894279 0.91081704
vt 0.91894279 0.90590857
vt 0.91894279 0.90125677
vt 0.91894279 0.89686591
vt 0.91894279 0.89241421
vt 0.91894279 0.88786195
vt 0.91894279 0.88318454
vt 0.91894279 0.87816602
vt 0.91894279 0.87285870
vt 0.91894279 0.86765737
vt 0.91894279 0.86293673
vt 0.91894279 0.85870034
vt 0.91894279 0.85454547
vt 0.91894279 0.85039732
vt 0.91894279 0.84633413
vt 0.91894279 0.84231121
vt 0.91894279 0.83829027
vt 0.91894279 0.83429888
vt 0.91894279 0.83027170
vt 0.91894279 0.82557100
vt 0.91894279 0.82025544
vt 0.91894279 0.81535345
vt 0.91894279 0.81195662
vt 0.93445185 0.98932561
vt 0.93445185 0.98520270
vt 0.93445185 0.97894064
vt 0.93445185 0.97197287
vt 0.93445185 0.96567996
vt 0.93445185 0.96007017
vt 0.93445185 0.95450863
vt 0.93445185 0.94925714
vt 0.93445185 0.94457783
vt 0.93445185 0.94030397
vt 0.93445185 0.93606587
vt 0.93445185 0.93188484
vt 0.93445185 0.92782690
vt 0.93445185 0.92338261
vt 0.93445185 0.91819472
vt 0.93445185 0.91269017
vt 0.93445185 0.90735224
vt 0.93445185 0.90218691
vt 0.93445185 0.89686586
vt 0.93445185 0.89137793
vt 0.93445185 0.88573428
vt 0.93445185 0.87973830
vt 0.93445185 0.87348255
vt 0.93445185 0.86742719
vt 0.93445185 0.86200468
vt 0.93445185 0.85723824
vt 0.93445185 0.85266826
vt 0.93445185 0.84813941
vt 0.93445185 0.84370332
vt 0.93445185 0.83931120
vt 0.93445185 0.83492124
vt 0.93445185 0.83056353
vt 0.93445185 0.82616677
vt 0.93445185 0.82103466
vt 0.93445185 0.81523126
vt 0.93445185 0.80987939
vt 0.93445185 0.80617081
vt 0.94996092 1.00993563
vt 0.94996092 1.00531977
vt 0.94996092 0.99819355
vt 0.94996092 0.99014620
vt 0.94996092 0.98272090
vt 0.94996092 0.97597503
vt 0.94996092 0.96925649
vt 0.94996092 0.96290163
vt 0.94996092 0.95725088
vt 0.94996092 0.95219452
vt 0.94996092 0.94735455
vt 0.94996092 0.94271829
vt 0.94996092 0.93829497
vt 0.94996092 0.93344124
vt 0.94996092 0.92767864
vt 0.94996092 0.92143757
vt 0.94996092 0.91523429
vt 0.94996092 0.90908032
vt 0.94996092 0.90264562
vt 0.94996092 0.89595840
vt 0.94996092 0.88907713
vt 0.94996092 0.88183305
vt 0.94996092 0.87437165
vt 0.94996092 0.86723568
vt 0.94996092 0.86093066
vt 0.94996092 0.85550740
vt 0.94996092 0.85043806
vt 0.94996092 0.84545693
vt 0.94996092 0.84057782
vt 0.94996092 0.83574708
vt 0.94996092 0.83091871
vt 0.94996092 0.82612582
vt 0.94996092 0.82128996
vt 0.94996092 0.81564532
vt 0.94996092 0.80926236
vt 0.94996092 0.80337601
vt 0.94996092 0.79929707
vt 0.96546999 1.03359644
vt 0.96546999 1.02843544
vt 0.96546999 1.02034307
vt 0.96546999 1.01107952
vt 0.96546999 1.00236732
vt 0.96546999 0.99431914
vt 0.96546999 0.98626652
vt 0.96546999 0.97862964
vt 0.96546999 0.97183657
vt 0.96546999 0.96584437
vt 0.96546999 0.96028245
vt 0.96546999 0.95511360
vt 0.96546999 0.95028380
vt 0.96546999 0.94498729
vt 0.96546999 0.93859242
vt 0.96546999 0.93152540
vt 0.96546999 0.92433770
vt 0.96546999 0.91705082
vt 0.96546999 0.90933793
vt 0.96546999 0.90127426
vt 0.96546999 0.89297345
vt 0.96546999 0.88430060
vt 0.96546999 0.87546277
vt 0.96546999 0.86709658
vt 0.96546999 0.85979067
vt 0.96546999 0.85362945
vt 0.96546999 0.84801152
vt 0.96546999 0.84253829
vt 0.96546999 0.83717716
vt 0.96546999 0.83186918
vt 0.96546999 0.82656380
vt 0.96546999 0.82129740
vt 0.96546999 0.81598379
vt 0.96546999 0.80978151
vt 0.96546999 0.80276796
vt 0.96546999 0.79630008
vt 0.96546999 0.79181817
vt 0.98097906 1.05807982
vt 0.98097906 1.05236600
vt 0.98097906 1.04328894
vt 0.98097906 1.03278163
vt 0.98097906 1.02274812
vt 0.98097906 1.01335667
vt 0.98097906 1.00392285
vt 0.98097906 0.99495185
vt 0.98097906 0.98696022
vt 0.98097906 0.97997227
vt 0.98097906 0.97363424
vt 0.98097906 0.96789702
vt 0.98097906 0.96264736
vt 0.98097906 0.95690604
vt 0.98097906 0.94987114
vt 0.98097906 0.94195943
vt 0.98097906 0.93375822
vt 0.98097906 0.92530209
vt 0.98097906 0.91627024
vt 0.98097906 0.90678696
vt 0.98097906 0.89702278
vt 0.98097906 0.88687819
vt 0.98097906 0.87662384
vt 0.98097906 0.86699267
vt 0.98097906 0.85865875
vt 0.98097906 0.85174231
vt 0.98097906 0.84556948
vt 0.98097906 0.83960100
vt 0.98097906 0.83375477
vt 0.98097906 0.82796650
vt 0.98097906 0.82218106
vt 0.98097906 0.81643814
vt 0.98097906 0.81064373
vt 0.98097906 0.80388024
vt 0.98097906 0.79623206
vt 0.98097906 0.78917895
vt 0.98097906 0.78429149
vt 0.99648812 1.08069747
vt 0.99648812 1.07447184
vt 0.99648812 1.06448563
vt 0.99648812 1.05283221
vt 0.99648812 1.04158363
vt 0.99648812 1.03095729
vt 0.99648812 1.02025191
vt 0.99648812 1.01004955
vt 0.99648812 1.00094658
vt 0.99648812 0.99302544
vt 0.99648812 0.98594974
vt 0.99648812 0.97966782
vt 0.99648812 0.97401889
vt 0.99648812 0.96786250
vt 0.99648812 0.96023360
vt 0.99648812 0.95153947
vt 0.99648812 0.94240191
vt 0.99648812 0.93286909
vt 0.99648812 0.92262533
vt 0.99648812 0.91183925
vt 0.99648812 0.90073255
vt 0.99648812 0.88923684
vt 0.99648812 0.87768038
vt 0.99648812 0.86688468
vt 0.99648812 0.85760251
vt 0.99648812 0.84998698
vt 0.99648812 0.84329906
vt 0.99648812 0.83687014
vt 0.99648812 0.83057290
vt 0.99648812 0.82433809
vt 0.99648812 0.81810633
vt 0.99648812 0.81192037
vt 0.99648812 0.80567895
vt 0.99648812 0.79839369
vt 0.99648812 0.79015550
vt 0.99648812 0.78255827
vt 0.99648812 0.77729377
vt 1.01199719 1.09890322
vt 1.01199719 1.09225230
vt 1.01199719 1.08152044
vt 1.01199719 1.06893559
vt 1.01199719 1.05670963
vt 1.01199719 1.04509679
vt 1.01199719 1.03337681
vt 1.01199719 1.02219208
vt 1.01199719 1.01220136
vt 1.01199719 1.00352852
vt 1.01199719 0.99584743
vt 1.01199719 0.98910752
vt 1.01199719 0.98311555
vt 1.01199719 0.97660377
vt 1.01199719 0.96847735
vt 1.01199719 0.95913957
vt 1.01199719 0.94924320
vt 1.01199719 0.93884729
vt 1.01199719 0.92763714
vt 1.01199719 0.91581468
vt 1.01199719 0.90364026
vt 1.01199719 0.89106699
vt 1.01199719 0.87846746
vt 1.01199719 0.86673440
vt 1.01199719 0.85668416
vt 1.01199719 0.84849498
vt 1.01199719 0.84137499
vt 1.01199719 0.83455588
vt 1.01199719 0.82787643
vt 1.01199719 0.82126321
vt 1.01199719 0.81465322
vt 1.01199719 0.80809180
vt 1.01199719 0.80147157
vt 1.01199719 0.79374413
vt 1.01199719 0.78500593
vt 1.01199719 0.77694759
vt 1.01199719 0.77136357
vt 1.02750626 1.11092811
vt 1.02750626 1.10397327
vt 1.02750626 1.09272377
vt 1.02750626 1.07950576
vt 1.02750626 1.06663144
vt 1.02750626 1.05437593
vt 1.02750626 1.04199847
vt 1.02750626 1.03017951
vt 1.02750626 1.01961710
vt 1.02750626 1.01045593
vt 1.02750626 1.00236930
vt 1.02750626 0.99530709
vt 1.02750626 0.98905876
vt 1.02750626 0.98227734
vt 1.02750626 0.97378968
vt 1.02750626 0.96400362
vt 1.02750626 0.95359696
vt 1.02750626 0.94263484
vt 1.02750626 0.93079787
vt 1.02750626 0.91830656
vt 1.02750626 0.90544318
vt 1.02750626 0.89216991
vt 1.02750626 0.87888572
vt 1.02750626 0.86653060
vt 1.02750626 0.85596342
vt 1.02750626 0.84737692
vt 1.02750626 0.83994220
vt 1.02750626 0.83283251
vt 1.02750626 0.82586845
vt 1.02750626 0.81897343
vt 1.02750626 0.81208178
vt 1.02750626 0.80524077
vt 1.02750626 0.79833844
vt 1.02750626 0.79028173
vt 1.02750626 0.78117119
vt 1.02750626 0.77276947
vt 1.02750626 0.76694751
vt 1.04301532 1.11619619
vt 1.04301532 1.10907776
vt 1.04301532 1.09756792
vt 1.04301532 1.08404810
vt 1.04301532 1.07088501
vt 1.04301532 1.05835878
vt 1.04301532 1.04570929
vt 1.04301532 1.03363164
vt 1.04301532 1.02283887
vt 1.04301532 1.01347668
vt 1.04301532 1.00520847
vt 1.04301532 0.99798246
vt 1.04301532 0.99158447
vt 1.04301532 0.98463917
vt 1.04301532 0.97595028
vt 1.04301532 0.96593743
vt 1.04301532 0.95529510
vt 1.04301532 0.94408942
vt 1.04301532 0.93199197
vt 1.04301532 0.91922700
vt 1.04301532 0.90608183
vt 1.04301532 0.89251599
vt 1.04301532 0.87893640
vt 1.04301532 0.86630413
vt 1.04301532 0.85549744
vt 1.04301532 0.84671261
vt 1.04301532 0.83910134
vt 1.04301532 0.83182113
vt 1.04301532 0.82469004
vt 1.04301532 0.81762964
vt 1.04301532 0.81057270
vt 1.04301532 0.80356761
vt 1.04301532 0.79649973
vt 1.04301532 0.78824978
vt 1.04301532 0.77892072
vt 1.04301532 0.77031749
vt 1.04301532 0.76435589
vt 1.05852439 1.11535975
vt 1.05852439 1.10821933
vt 1.05852439 1.09669798
vt 1.05852439 1.08318764
vt 1.05852439 1.07006300
vt 1.05852439 1.05759686
vt 1.05852439 1.04501583
vt 1.05852439 1.03300946
vt 1.05852439 1.02228486
vt 1.05852439 1.01297486
vt 1.05852439 1.00472912
vt 1.05852439 0.99749335
vt 1.05852439 0.99106017
vt 1.05852439 0.98406881
vt 1.05852439 0.97534418
vt 1.05852439 0.96531943
vt 1.05852439 0.95469544
vt 1.05852439 0.94353555
vt 1.05852439 0.93150177
vt 1.05852439 0.91881080
vt 1.05852439 0.90574201
vt 1.05852439 0.89224493
vt 1.05852439 0.87871946
vt 1.05852439 0.86612395
vt 1.05852439 0.85533474
vt 1.05852439 0.84654315
vt 1.05852439 0.83889903
vt 1.05852439 0.83157779
vt 1.05852439 0.82440650
vt 1.05852439 0.81730632
vt 1.05852439 0.81020960
vt 1.05852439 0.80316504
vt 1.05852439 0.79605732
vt 1.05852439 0.78776088
vt 1.05852439 0.77837924
vt 1.05852439 0.76972753
vt 1.05852439 0.76373233
vt 1.07403346 1.10996065
vt 1.07403346 1.10292549
vt 1.07403346 1.09160226
vt 1.07403346 1.07835140
vt 1.07403346 1.06551336
vt 1.07403346 1.05334720
vt 1.07403346 1.04107805
vt 1.07403346 1.02937614
vt 1.07403346 1.01892859
vt 1.07403346 1.00985039
vt 1.07403346 1.00178152
vt 1.07403346 0.99466607
vt 1.07403346 0.98830902
vt 1.07403346 0.98139168
vt 1.07403346 0.97278515
vt 1.07403346 0.96293043
vt 1.07403346 0.95252317
vt 1.07403346 0.94162231
vt 1.07403346 0.92988482
vt 1.07403346 0.91751446
vt 1.07403346 0.90477605
vt 1.07403346 0.89160820
vt 1.07403346 0.87839518
vt 1.07403346 0.86607447
vt 1.07403346 0.85550410
vt 1.07403346 0.84686599
vt 1.07403346 0.83932350
vt 1.07403346 0.83208834
vt 1.07403346 0.82500138
vt 1.07403346 0.81798467
vt 1.07403346 0.81097140
vt 1.07403346 0.80400967
vt 1.07403346 0.79698552
vt 1.07403346 0.78878663
vt 1.07403346 0.77951530
vt 1.07403346 0.77096531
vt 1.07403346 0.76504060
vt 1.08954253 1.10188428
vt 1.08954253 1.09505624
vt 1.08954253 1.08408408
vt 1.08954253 1.07126111
vt 1.08954253 1.05885937
vt 1.08954253 1.04712413
vt 1.08954253 1.03529524
vt 1.08954253 1.02401749
vt 1.08954253 1.01395169
vt 1.08954253 1.00519945
vt 1.08954253 0.99740207
vt 1.08954253 0.99050405
vt 1.08954253 0.98432213
vt 1.08954253 0.97759024
vt 1.08954253 0.96923049
vt 1.08954253 0.95967977
vt 1.08954253 0.94961646
vt 1.08954253 0.93909566
vt 1.08954253 0.92777814
vt 1.08954253 0.91585559
vt 1.08954253 0.90357846
vt 1.08954253 0.89087987
vt 1.08954253 0.87812664
vt 1.08954253 0.86622445
vt 1.08954253 0.85600267
vt 1.08954253 0.84763377
vt 1.08954253 0.84030640
vt 1.08954253 0.83327058
vt 1.08954253 0.82637886
vt 1.08954253 0.81955547
vt 1.08954253 0.81273542
vt 1.08954253 0.80596548
vt 1.08954253 0.79913486
vt 1.08954253 0.79116184
vt 1.08954253 0.78214594
vt 1.08954253 0.77383151
vt 1.08954253 0.76807003
vt 1.10505159 1.09283928
vt 1.10505159 1.08628927
vt 1.10505159 1.07576093
vt 1.10505159 1.06345379
vt 1.10505159 1.05154728
vt 1.10505159 1.04027773
vt 1.10505159 1.02891730
vt 1.10505159 1.01808547
vt 1.10505159 1.00841716
vt 1.10505159 1.00001153
vt 1.10505159 0.99252602
vt 1.10505159 0.98590758
vt 1.10505159 0.97997941
vt 1.10505159 0.97352468
vt 1.10505159 0.96550643
vt 1.10505159 0.95634229
vt 1.10505159 0.94668248
vt 1.10505159 0.93658020
vt 1.10505159 0.92571108
vt 1.10505159 0.91426004
vt 1.10505159 0.90246840
vt 1.10505159 0.89027325
vt 1.10505159 0.87802749
vt 1.10505159 0.86660062
vt 1.10505159 0.85678882
vt 1.10505159 0.84875820
vt 1.10505159 0.84173036
vt 1.10505159 0.83498331
vt 1.10505159 0.82837446
vt 1.10505159 0.82183112
vt 1.10505159 0.81529099
vt 1.10505159 0.80879892
vt 1.10505159 0.80224865
vt 1.10505159 0.79460288
vt 1.10505159 0.78595703
vt 1.10505159 0.77798385
vt 1.10505159 0.77245885
vt 1.12056066 1.08404297
vt 1.12056066 1.07780990
vt 1.12056066 1.06776436
vt 1.12056066 1.05599593
vt 1.12056066 1.04457786
vt 1.12056066 1.03374424
vt 1.12056066 1.02281459
vt 1.12056066 1.01238703
vt 1.12056066 1.00307485
vt 1.12056066 0.99498739
vt 1.12056066 0.98781265
vt 1.12056066 0.98150216
vt 1.12056066 0.97587873
vt 1.12056066 0.96976368
vt 1.12056066 0.96214332
vt 1.12056066 0.95340172
vt 1.12056066 0.94415281
vt 1.12056066 0.93445041
vt 1.12056066 0.92399532
vt 1.12056066 0.91297265
vt 1.12056066 0.90162191
vt 1.12056066 0.88989419
vt 1.12056066 0.87813454
vt 1.12056066 0.86717669
vt 1.12056066 0.85778341
vt 1.12056066 0.85011894
vt 1.12056066 0.84344157
vt 1.12056066 0.83704155
vt 1.12056066 0.83077262
vt 1.12056066 0.82456584
vt 1.12056066 0.81836210
vt 1.12056066 0.81220394
vt 1.12056066 0.80599058
vt 1.12056066 0.79873807
vt 1.12056066 0.79053691
vt 1.12056066 0.78297383
vt 1.12056066 0.77773300
vt 1.13606973 1.07616481
vt 1.13606973 1.07025736
vt 1.13606973 1.06069039
vt 1.13606973 1.04943821
vt 1.13606973 1.03846447
vt 1.13606973 1.02800682
vt 1.13606973 1.01744130
vt 1.13606973 1.00734960
vt 1.13606973 0.99832857
vt 1.13606973 0.99050750
vt 1.13606973 0.98361504
vt 1.13606973 0.97760992
vt 1.13606973 0.97230984
vt 1.13606973 0.96656158
vt 1.13606973 0.95935644
vt 1.13606973 0.95103490
vt 1.13606973 0.94217063
vt 1.13606973 0.93282045
vt 1.13606973 0.92271721
vt 1.13606973 0.91205220
vt 1.13606973 0.90106944
vt 1.13606973 0.88974156
vt 1.13606973 0.87841146
vt 1.13606973 0.86788033
vt 1.13606973 0.85887991
vt 1.13606973 0.85157663
vt 1.13606973 0.84526608
vt 1.13606973 0.83923607
vt 1.13606973 0.83332958
vt 1.13606973 0.82748163
vt 1.13606973 0.82163655
vt 1.13606973 0.81583442
vt 1.13606973 0.80998028
vt 1.13606973 0.80314706
vt 1.13606973 0.79542005
vt 1.13606973 0.78829422
vt 1.13606973 0.78335638
vt 1.15157880 1.06945967
vt 1.15157880 1.06385945
vt 1.15157880 1.05473338
vt 1.15157880 1.04394561
vt 1.15157880 1.03335606
vt 1.15157880 1.02320907
vt 1.15157880 1.01293861
vt 1.15157880 1.00311413
vt 1.15157880 0.99432026
vt 1.15157880 0.98671031
vt 1.15157880 0.98005718
vt 1.15157880 0.97432928
vt 1.15157880 0.96933844
vt 1.15157880 0.96394696
vt 1.15157880 0.95713737
vt 1.15157880 0.94920311
vt 1.15157880 0.94067828
vt 1.15157880 0.93162422
vt 1.15157880 0.92180793
vt 1.15157880 0.91143009
vt 1.15157880 0.90074274
vt 1.15157880 0.88974309
vt 1.15157880 0.87877561
vt 1.15157880 0.86861322
vt 1.15157880 0.85996052
vt 1.15157880 0.85298848
vt 1.15157880 0.84702807
vt 1.15157880 0.84135540
vt 1.15157880 0.83579891
vt 1.15157880 0.83029751
vt 1.15157880 0.82479880
vt 1.15157880 0.81934050
vt 1.15157880 0.81383327
vt 1.15157880 0.80740498
vt 1.15157880 0.80013585
vt 1.15157880 0.79343229
vt 1.15157880 0.78878706
vt 1.16708786 1.06395958
vt 1.16708786 1.05862518
vt 1.16708786 1.04987650
vt 1.16708786 1.03948182
vt 1.16708786 1.02921119
vt 1.16708786 1.01931578
vt 1.16708786 1.00928133
vt 1.16708786 0.99966775
vt 1.16708786 0.99105026
vt 1.16708786 0.98360438
vt 1.16708786 0.97714357
vt 1.16708786 0.97164710
vt 1.16708786 0.96692315
vt 1.16708786 0.96184428
vt 1.16708786 0.95537826
vt 1.16708786 0.94777510
vt 1.16708786 0.93953429
vt 1.16708786 0.93072210
vt 1.16708786 0.92113655
vt 1.16708786 0.91098777
vt 1.16708786 0.90053611
vt 1.16708786 0.88980158
vt 1.16708786 0.87913129
vt 1.16708786 0.86927471
vt 1.16708786 0.86091367
vt 1.16708786 0.85422414
vt 1.16708786 0.84856814
vt 1.16708786 0.84320779
vt 1.16708786 0.83795723
vt 1.16708786 0.83275872
vt 1.16708786 0.82756276
vt 1.16708786 0.82240498
vt 1.16708786 0.81720096
vt 1.16708786 0.81112659
vt 1.16708786 0.80425769
vt 1.16708786 0.79792321
vt 1.16708786 0.79353374
vt 1.18259693 1.05959950
vt 1.18259693 1.05447179
vt 1.18259693 1.04601810
vt 1.18259693 1.03593241
vt 1.18259693 1.02591489
vt 1.18259693 1.01622128
vt 1.18259693 1.00637675
vt 1.18259693 0.99693318
vt 1.18259693 0.98845775
vt 1.18259693 0.98114193
vt 1.18259693 0.97482988
vt 1.18259693 0.96951029
vt 1.18259693 0.96499073
vt 1.18259693 0.96015317
vt 1.18259693 0.95395360
vt 1.18259693 0.94660865
vt 1.18259693 0.93859146
vt 1.18259693 0.92997216
vt 1.18259693 0.92057239
vt 1.18259693 0.91060904
vt 1.18259693 0.90034826
vt 1.18259693 0.88982704
vt 1.18259693 0.87939397
vt 1.18259693 0.86977988
vt 1.18259693 0.86164863
vt 1.18259693 0.85517970
vt 1.18259693 0.84975970
vt 1.18259693 0.84464100
vt 1.18259693 0.83962713
vt 1.18259693 0.83466298
vt 1.18259693 0.82970125
vt 1.18259693 0.82477599
vt 1.18259693 0.81980657
vt 1.18259693 0.81400604
vt 1.18259693 0.80744679
vt 1.18259693 0.80139787
vt 1.18259693 0.79720628
vt 1.19810600 1.05621844
vt 1.19810600 1.05122781
vt 1.19810600 1.04297713
vt 1.19810600 1.03311209
vt 1.19810600 1.02328672
vt 1.19810600 1.01375733
vt 1.19810600 1.00407189
vt 1.19810600 0.99477465
vt 1.19810600 0.98642501
vt 1.19810600 0.97922100
vt 1.19810600 0.97302317
vt 1.19810600 0.96782545
vt 1.19810600 0.96343701
vt 1.19810600 0.95875194
vt 1.19810600 0.95272636
vt 1.19810600 0.94555858
vt 1.19810600 0.93770551
vt 1.19810600 0.92923891
vt 1.19810600 0.91999342
vt 1.19810600 0.91018789
vt 1.19810600 0.90008962
vt 1.19810600 0.88974385
vt 1.19810600 0.87949763
vt 1.19810600 0.87006766
vt 1.19810600 0.86210448
vt 1.19810600 0.85578818
vt 1.19810600 0.85052182
vt 1.19810600 0.84555768
vt 1.19810600 0.84069521
vt 1.19810600 0.83588094
vt 1.19810600 0.83106903
vt 1.19810600 0.82629248
vt 1.19810600 0.82147312
vt 1.19810600 0.81584773
vt 1.19810600 0.80948654
vt 1.19810600 0.80362026
vt 1.19810600 0.79955523
vt 1.21361507 1.05347604
vt 1.21361507 1.04855154
vt 1.21361507 1.04041524
vt 1.21361507 1.03069166
vt 1.21361507 1.02101307
vt 1.21361507 1.01163077
vt 1.21361507 1.00209650
vt 1.21361507 0.99294574
vt 1.21361507 0.98472887
vt 1.21361507 0.97763874
vt 1.21361507 0.97153507
vt 1.21361507 0.96641078
vt 1.21361507 0.96207829
vt 1.21361507 0.95745023
vt 1.21361507 0.95150270
vt 1.21361507 0.94443412
vt 1.21361507 0.93669613
vt 1.21361507 0.92835877
vt 1.21361507 0.91925706
vt 1.21361507 0.90960525
vt 1.21361507 0.89966530
vt 1.21361507 0.88947982
vt 1.21361507 0.87938956
vt 1.21361507 0.87010053
vt 1.21361507 0.86225368
vt 1.21361507 0.85602554
vt 1.21361507 0.85082707
vt 1.21361507 0.84592482
vt 1.21361507 0.84112298
vt 1.21361507 0.83636875
vt 1.21361507 0.83161685
vt 1.21361507 0.82689986
vt 1.21361507 0.82214059
vt 1.21361507 0.81658536
vt 1.21361507 0.81030348
vt 1.21361507 0.80451036
vt 1.21361507 0.80049602
vt 1.22912413 1.05079630
vt 1.22912413 1.04587576
vt 1.22912413 1.03778356
vt 1.22912413 1.02814787
vt 1.22912413 1.01860076
vt 1.22912413 1.00938116
vt 1.22912413 1.00002461
vt 1.22912413 0.99105451
vt 1.22912413 0.98300867
vt 1.22912413 0.97606059
vt 1.22912413 0.97005006
vt 1.22912413 0.96496221
vt 1.22912413 0.96061581
vt 1.22912413 0.95595353
vt 1.22912413 0.94999724
vt 1.22912413 0.94296559
vt 1.22912413 0.93531576
vt 1.22912413 0.92711210
vt 1.22912413 0.91817629
vt 1.22912413 0.90870971
vt 1.22912413 0.89896056
vt 1.22912413 0.88895629
vt 1.22912413 0.87902465
vt 1.22912413 0.86986223
vt 1.22912413 0.86210223
vt 1.22912413 0.85591221
vt 1.22912413 0.85070356
vt 1.22912413 0.84577627
vt 1.22912413 0.84094990
vt 1.22912413 0.83617138
vt 1.22912413 0.83139519
vt 1.22912413 0.82665411
vt 1.22912413 0.82187052
vt 1.22912413 0.81628690
vt 1.22912413 0.80997293
vt 1.22912413 0.80415021
vt 1.22912413 0.80011536
vt 1.24463320 1.04744521
vt 1.24463320 1.04248419
vt 1.24463320 1.03439706
vt 1.24463320 1.02483480
vt 1.24463320 1.01544498
vt 1.24463320 1.00644496
vt 1.24463320 0.99733454
vt 1.24463320 0.98861901
vt 1.24463320 0.98081718
vt 1.24463320 0.97406632
vt 1.24463320 0.96816670
vt 1.24463320 0.96309075
vt 1.24463320 0.95867109
vt 1.24463320 0.95389776
vt 1.24463320 0.94786641
vt 1.24463320 0.94083556
vt 1.24463320 0.93327789
vt 1.24463320 0.92524812
vt 1.24463320 0.91654080
vt 1.24463320 0.90733464
vt 1.24463320 0.89785391
vt 1.24463320 0.88809723
vt 1.24463320 0.87837069
vt 1.24463320 0.86935964
vt 1.24463320 0.86168876
vt 1.24463320 0.85551016
vt 1.24463320 0.85023112
vt 1.24463320 0.84520802
vt 1.24463320 0.84028780
vt 1.24463320 0.83541636
vt 1.24463320 0.83054730
vt 1.24463320 0.82571403
vt 1.24463320 0.82083742
vt 1.24463320 0.81514523
vt 1.24463320 0.80870849
vt 1.24463320 0.80277255
vt 1.24463320 0.79865924
vt 1.26014227 1.04276103
vt 1.26014227 1.03773862
vt 1.26014227 1.02965461
vt 1.26014227 1.02019407
vt 1.26014227 1.01102786
vt 1.26014227 1.00234103
vt 1.26014227 0.99358054
vt 1.26014227 0.98522500
vt 1.26014227 0.97776505
vt 1.26014227 0.97128298
vt 1.26014227 0.96552195
vt 1.26014227 0.96044206
vt 1.26014227 0.95590398
vt 1.26014227 0.95096603
vt 1.26014227 0.94482194
vt 1.26014227 0.93778637
vt 1.26014227 0.93035589
vt 1.26014227 0.92257262
vt 1.26014227 0.91419177
vt 1.26014227 0.90535895
vt 1.26014227 0.89626332
vt 1.26014227 0.88686121
vt 1.26014227 0.87742706
vt 1.26014227 0.86863022
vt 1.26014227 0.86108330
vt 1.26014227 0.85491625
vt 1.26014227 0.84953178
vt 1.26014227 0.84436685
vt 1.26014227 0.83930772
vt 1.26014227 0.83429873
vt 1.26014227 0.82929220
vt 1.26014227 0.82432246
vt 1.26014227 0.81930817
vt 1.26014227 0.81345526
vt 1.26014227 0.80683678
vt 1.26014227 0.80073324
vt 1.26014227 0.79650380
vt 1.27565133 1.03643929
vt 1.27565133 1.03135940
vt 1.27565133 1.02331012
vt 1.27565133 1.01401276
vt 1.27565133 1.00516065
vt 1.27565133 0.99689586
vt 1.27565133 0.98860024
vt 1.27565133 0.98071599
vt 1.27565133 0.97369499
vt 1.27565133 0.96754648
vt 1.27565133 0.96194567
vt 1.27565133 0.95684943
vt 1.27565133 0.95216589
vt 1.27565133 0.94704009
vt 1.27565133 0.94077784
vt 1.27565133 0.93375955
vt 1.27565133 0.92651137
vt 1.27565133 0.91906199
vt 1.27565133 0.91111893
vt 1.27565133 0.90278551
vt 1.27565133 0.89420554
vt 1.27565133 0.88528185
vt 1.27565133 0.87624782
vt 1.27565133 0.86775014
vt 1.27565133 0.86038416
vt 1.27565133 0.85425200
vt 1.27565133 0.84875583
vt 1.27565133 0.84343354
vt 1.27565133 0.83822027
vt 1.27565133 0.83305867
vt 1.27565133 0.82789960
vt 1.27565133 0.82277845
vt 1.27565133 0.81761138
vt 1.27565133 0.81158015
vt 1.27565133 0.80476003
vt 1.27565133 0.79847053
vt 1.27565133 0.79411222
vn 0.005476 -0.081887 0.996627
vn 0.005476 -0.080981 0.996701
vn 0.005486 -0.054290 0.998510
vn 0.005493 0.017162 0.999838
vn 0.005446 0.132902 0.991114
vn 0.005326 0.245940 0.969271
vn 0.005187 0.329893 0.944004
vn 0.005004 0.412814 0.910802
vn 0.004669 0.527107 0.849786
vn 0.003983 0.688809 0.724931
vn 0.002858 0.854101 0.520100
vn 0.001212 0.975384 0.220510
vn -0.001124 0.978862 -0.204517
vn -0.003104 0.825092 -0.564989
vn -0.004143 0.656867 -0.753995
vn -0.004745 0.504121 -0.863620
vn -0.005133 0.356659 -0.934220
vn -0.005344 0.232333 -0.972622
vn -0.005443 0.136246 -0.990660
vn -0.005487 0.052772 -0.998592
vn -0.005492 -0.027587 -0.999604
vn -0.005463 -0.106881 -0.994257
vn -0.005399 -0.185846 -0.982564
vn -0.005278 -0.277629 -0.960674
vn -0.004968 -0.427171 -0.904157
vn -0.004197 -0.645411 -0.763824
vn -0.003330 -0.795329 -0.606169
vn -0.003242 -0.807349 -0.590065
vn -0.003585 -0.757821 -0.652453
vn -0.003768 -0.727789 -0.685791
vn -0.003987 -0.688102 -0.725603
vn -0.004466 -0.582571 -0.812768
vn -0.005054 -0.392252 -0.919844
vn -0.005365 -0.215936 -0.976393
vn -0.005450 -0.126295 -0.991978
vn -0.005466 -0.101742 -0.994796
vn -0.005494 0.000000 -0.999985
vn 0.006013 -0.080698 0.996720
vn 0.006013 -0.079226 0.996839
vn 0.006024 -0.052606 0.998597
vn 0.006032 0.016457 0.999846
vn 0.005984 0.126010 0.992011
vn 0.005868 0.231602 0.972793
vn 0.005736 0.309704 0.950816
vn 0.005564 0.386497 0.922274
vn 0.005247 0.493388 0.869794
vn 0.004584 0.650074 0.759857
vn 0.003444 0.821040 0.570861
vn 0.001662 0.961317 0.275441
vn -0.001055 0.984602 -0.174806
vn -0.003413 0.824586 -0.565727
vn -0.004607 0.645526 -0.763725
vn -0.005268 0.487320 -0.873208
vn -0.005674 0.339796 -0.940482
vn -0.005886 0.219279 -0.975644
vn -0.005983 0.128029 -0.991752
vn -0.006025 0.049522 -0.998755
vn -0.006030 -0.025939 -0.999645
vn -0.006002 -0.100985 -0.994870
vn -0.005938 -0.176592 -0.984266
vn -0.005816 -0.265441 -0.964110
vn -0.005496 -0.412328 -0.911019
vn -0.004665 -0.633923 -0.773382
vn -0.003680 -0.792434 -0.609946
vn -0.003560 -0.807349 -0.590063
vn -0.003936 -0.757821 -0.652451
vn -0.004137 -0.727789 -0.685789
vn -0.004377 -0.688102 -0.725601
vn -0.004903 -0.582571 -0.812765
vn -0.005549 -0.392252 -0.919841
vn -0.005890 -0.215936 -0.976390
vn -0.005984 -0.126295 -0.991975
vn -0.006001 -0.101742 -0.994793
vn -0.006032 0.000000 -0.999982
vn 0.006550 -0.079675 0.996799
vn 0.006551 -0.077735 0.996953
vn 0.006562 -0.051200 0.998667
vn 0.006570 0.015879 0.999852
vn 0.006523 0.120476 0.992695
vn 0.006409 0.220206 0.975432
vn 0.006281 0.293698 0.955878
vn 0.006116 0.365644 0.930735
vn 0.005812 0.466450 0.884529
vn 0.005165 0.618054 0.786119
vn 0.004014 0.791669 0.610937
vn 0.002115 0.946764 0.321921
vn -0.000973 0.988971 -0.148105
vn -0.003722 0.824137 -0.566378
vn -0.005072 0.635697 -0.771922
vn -0.005788 0.473223 -0.880924
vn -0.006211 0.326071 -0.945325
vn -0.006426 0.208865 -0.977923
vn -0.006522 0.121536 -0.992566
vn -0.006563 0.046962 -0.998875
vn -0.006569 -0.024637 -0.999675
vn -0.006540 -0.096282 -0.995333
vn -0.006476 -0.169128 -0.985573
vn -0.006353 -0.255483 -0.966793
vn -0.006022 -0.399946 -0.916519
vn -0.005134 -0.623981 -0.781423
vn -0.004030 -0.789876 -0.613254
vn -0.003877 -0.807349 -0.590061
vn -0.004287 -0.757821 -0.652449
vn -0.004506 -0.727789 -0.685786
vn -0.004768 -0.688102 -0.725598
vn -0.005340 -0.582571 -0.812763
vn -0.006044 -0.392252 -0.919838
vn -0.006416 -0.215936 -0.976386
vn -0.006518 -0.126295 -0.991971
vn -0.006536 -0.101742 -0.994789
vn -0.006571 0.000000 -0.999978
vn 0.007086 -0.078950 0.996853
vn 0.007088 -0.076690 0.997030
vn 0.007100 -0.050228 0.998713
vn 0.007108 0.015486 0.999855
vn 0.007060 0.116760 0.993135
vn 0.006946 0.212613 0.977112
vn 0.006818 0.283060 0.959078
vn 0.006654 0.351799 0.936052
vn 0.006354 0.448479 0.893771
vn 0.005707 0.596203 0.802813
vn 0.004531 0.770593 0.637311
vn 0.002518 0.935165 0.354204
vn -0.000914 0.991701 -0.128563
vn -0.004030 0.823812 -0.566849
vn -0.005528 0.628703 -0.777626
vn -0.006299 0.463444 -0.886104
vn -0.006743 0.316768 -0.948479
vn -0.006962 0.201909 -0.979380
vn -0.007060 0.117228 -0.993080
vn -0.007101 0.045267 -0.998950
vn -0.007107 -0.023773 -0.999692
vn -0.007078 -0.093140 -0.995628
vn -0.007012 -0.164100 -0.986419
vn -0.006885 -0.248711 -0.968553
vn -0.006542 -0.391392 -0.920201
vn -0.005595 -0.616913 -0.787011
vn -0.004376 -0.788025 -0.615628
vn -0.004195 -0.807349 -0.590059
vn -0.004638 -0.757821 -0.652446
vn -0.004875 -0.727789 -0.685784
vn -0.005158 -0.688102 -0.725595
vn -0.005778 -0.582571 -0.812760
vn -0.006539 -0.392252 -0.919834
vn -0.006941 -0.215936 -0.976383
vn -0.007052 -0.126295 -0.991968
vn -0.007072 -0.101742 -0.994786
vn -0.007109 0.000000 -0.999975
vn 0.007623 -0.078619 0.996876
vn 0.007624 -0.076216 0.997062
vn 0.007637 -0.049791 0.998730
vn 0.007646 0.015310 0.999854
vn 0.007596 0.115119 0.993323
vn 0.007477 0.209274 0.977828
vn 0.007344 0.278388 0.960441
vn 0.007175 0.345725 0.938309
vn 0.006864 0.440578 0.897688
vn 0.006193 0.586479 0.809941
vn 0.004961 0.760949 0.648792
vn 0.002819 0.929539 0.368713
vn -0.000914 0.992836 -0.119479
vn -0.004336 0.823662 -0.567065
vn -0.005966 0.625506 -0.780197
vn -0.006793 0.459042 -0.888389
vn -0.007263 0.312635 -0.949845
vn -0.007494 0.198845 -0.980002
vn -0.007596 0.115338 -0.993297
vn -0.007639 0.044525 -0.998979
vn -0.007645 -0.023394 -0.999697
vn -0.007614 -0.091756 -0.995752
vn -0.007546 -0.161875 -0.986782
vn -0.007412 -0.245698 -0.969318
vn -0.007049 -0.387551 -0.921821
vn -0.006037 -0.613684 -0.789528
vn -0.004716 -0.787170 -0.616718
vn -0.004512 -0.807349 -0.590057
vn -0.004989 -0.757821 -0.652444
vn -0.005244 -0.727789 -0.685781
vn -0.005548 -0.688102 -0.725593
vn -0.006215 -0.582571 -0.812756
vn -0.007034 -0.392252 -0.919831
vn -0.007466 -0.215936 -0.976379
vn -0.007585 -0.126295 -0.991964
vn -0.007607 -0.101742 -0.994782
vn -0.007647 0.000000 -0.999971
vn 0.008159 -0.078733 0.996862
vn 0.008161 -0.076379 0.997045
vn 0.008174 -0.049941 0.998719
vn 0.008184 0.015371 0.999848
vn 0.008130 0.115683 0.993253
vn 0.008001 0.210420 0.977578
vn 0.007857 0.279990 0.959971
vn 0.007674 0.347807 0.937535
vn 0.007336 0.443288 0.896349
vn 0.006609 0.589823 0.807506
vn 0.005278 0.764283 0.644859
vn 0.002977 0.931506 0.363713
vn -0.001004 0.992452 -0.122630
vn -0.004641 0.823714 -0.566987
vn -0.006378 0.626611 -0.779306
vn -0.007265 0.460560 -0.887599
vn -0.007770 0.314056 -0.949373
vn -0.008019 0.199896 -0.979784
vn -0.008129 0.115986 -0.993218
vn -0.008176 0.044779 -0.998963
vn -0.008182 -0.023524 -0.999690
vn -0.008150 -0.092231 -0.995704
vn -0.008076 -0.162639 -0.986653
vn -0.007931 -0.246734 -0.969051
vn -0.007540 -0.388874 -0.921260
vn -0.006455 -0.614801 -0.788656
vn -0.005045 -0.787466 -0.616337
vn -0.004829 -0.807349 -0.590054
vn -0.005340 -0.757821 -0.652441
vn -0.005613 -0.727789 -0.685778
vn -0.005939 -0.688102 -0.725589
vn -0.006652 -0.582571 -0.812753
vn -0.007529 -0.392252 -0.919827
vn -0.007991 -0.215936 -0.976375
vn -0.008119 -0.126295 -0.991959
vn -0.008142 -0.101742 -0.994777
vn -0.008185 0.000000 -0.999967
vn 0.008695 -0.079294 0.996813
vn 0.008696 -0.077185 0.996979
vn 0.008711 -0.050687 0.998677
vn 0.008721 0.015671 0.999839
vn 0.008661 0.118505 0.992916
vn 0.008516 0.216172 0.976318
vn 0.008353 0.288043 0.957581
vn 0.008143 0.358283 0.933577
vn 0.007759 0.456903 0.889483
vn 0.006935 0.606492 0.795059
vn 0.005452 0.780621 0.624981
vn 0.002956 0.940803 0.338941
vn -0.001203 0.990444 -0.137907
vn -0.004942 0.823967 -0.566616
vn -0.006759 0.632028 -0.774916
vn -0.007708 0.468067 -0.883659
vn -0.008260 0.321145 -0.946994
vn -0.008537 0.205171 -0.978689
vn -0.008660 0.119245 -0.992827
vn -0.008713 0.046061 -0.998901
vn -0.008720 -0.024178 -0.999670
vn -0.008683 -0.094614 -0.995476
vn -0.008601 -0.166462 -0.986010
vn -0.008441 -0.251899 -0.967717
vn -0.008011 -0.395432 -0.918460
vn -0.006842 -0.620272 -0.784357
vn -0.005360 -0.788908 -0.614488
vn -0.005147 -0.807349 -0.590051
vn -0.005691 -0.757821 -0.652438
vn -0.005982 -0.727789 -0.685775
vn -0.006329 -0.688102 -0.725586
vn -0.007089 -0.582571 -0.812749
vn -0.008023 -0.392252 -0.919823
vn -0.008517 -0.215936 -0.976370
vn -0.008653 -0.126295 -0.991955
vn -0.008677 -0.101742 -0.994773
vn -0.008722 0.000000 -0.999962
vn 0.009230 -0.080253 0.996732
vn 0.009232 -0.078575 0.996865
vn 0.009248 -0.051989 0.998605
vn 0.009259 0.016202 0.999826
vn 0.009189 0.123558 0.992295
vn 0.009019 0.226541 0.973960
vn 0.008826 0.302590 0.953080
vn 0.008576 0.377226 0.926081
vn 0.008116 0.481433 0.876445
vn 0.007146 0.635976 0.771676
vn 0.005452 0.808333 0.588700
vn 0.002739 0.955253 0.295776
vn -0.001512 0.986574 -0.163310
vn -0.005241 0.824392 -0.565995
vn -0.007106 0.641255 -0.767295
vn -0.008118 0.481143 -0.876605
vn -0.008729 0.333736 -0.942626
vn -0.009044 0.214658 -0.976647
vn -0.009187 0.125141 -0.992096
vn -0.009249 0.048382 -0.998786
vn -0.009257 -0.025360 -0.999636
vn -0.009215 -0.098898 -0.995055
vn -0.009120 -0.173289 -0.984829
vn -0.008939 -0.261048 -0.965284
vn -0.008459 -0.406895 -0.913436
vn -0.007194 -0.629601 -0.776885
vn -0.005662 -0.791329 -0.611365
vn -0.005464 -0.807349 -0.590049
vn -0.006042 -0.757821 -0.652435
vn -0.006351 -0.727789 -0.685772
vn -0.006719 -0.688102 -0.725583
vn -0.007527 -0.582571 -0.812745
vn -0.008518 -0.392252 -0.919818
vn -0.009042 -0.215936 -0.976366
vn -0.009186 -0.126295 -0.991950
vn -0.009212 -0.101742 -0.994768
vn -0.009260 0.000000 -0.999957
vn 0.009765 -0.081513 0.996624
vn 0.009766 -0.080426 0.996713
vn 0.009784 -0.053754 0.998506
vn 0.009797 0.016936 0.999809
vn 0.009714 0.130675 0.991378
vn 0.009508 0.241289 0.970407
vn 0.009272 0.323339 0.946238
vn 0.008962 0.404270 0.914596
vn 0.008392 0.516199 0.856428
vn 0.007216 0.676450 0.736453
vn 0.005257 0.843849 0.536554
vn 0.002331 0.971292 0.237881
vn -0.001914 0.980741 -0.195305
vn -0.005538 0.824934 -0.565201
vn -0.007418 0.653305 -0.757059
vn -0.008492 0.498781 -0.866687
vn -0.009174 0.351238 -0.936241
vn -0.009540 0.228105 -0.973590
vn -0.009710 0.133575 -0.990991
vn -0.009785 0.051714 -0.998614
vn -0.009794 -0.027051 -0.999586
vn -0.009744 -0.104971 -0.994428
vn -0.009633 -0.182860 -0.983092
vn -0.009424 -0.273716 -0.961764
vn -0.008881 -0.422443 -0.906346
vn -0.007514 -0.641801 -0.766834
vn -0.005951 -0.794426 -0.607332
vn -0.005782 -0.807349 -0.590046
vn -0.006393 -0.757821 -0.652432
vn -0.006719 -0.727789 -0.685768
vn -0.007110 -0.688102 -0.725579
vn -0.007964 -0.582571 -0.812741
vn -0.009013 -0.392252 -0.919813
vn -0.009567 -0.215936 -0.976361
vn -0.009719 -0.126295 -0.991945
vn -0.009747 -0.101742 -0.994763
vn -0.009798 0.000000 -0.999952
vn 0.010300 -0.082934 0.996502
vn 0.010300 -0.082549 0.996534
vn 0.010319 -0.055822 0.998387
vn 0.010334 0.017816 0.999788
vn 0.010235 0.139435 0.990178
vn 0.009981 0.259670 0.965646
vn 0.009685 0.349269 0.936972
vn 0.009291 0.438059 0.898898
vn 0.008569 0.559088 0.829064
vn 0.007129 0.724047 0.689714
vn 0.004875 0.881768 0.471658
vn 0.001774 0.985155 0.171659
vn -0.002373 0.973297 -0.229538
vn -0.005833 0.825527 -0.564333
vn -0.007703 0.666788 -0.745208
vn -0.008833 0.519305 -0.854543
vn -0.009592 0.372397 -0.928024
vn -0.010021 0.244787 -0.969525
vn -0.010228 0.144170 -0.989500
vn -0.010319 0.055917 -0.998382
vn -0.010331 -0.029176 -0.999521
vn -0.010270 -0.112508 -0.993598
vn -0.010138 -0.194571 -0.980836
vn -0.009895 -0.288964 -0.957289
vn -0.009278 -0.440669 -0.897622
vn -0.007806 -0.655475 -0.755177
vn -0.006231 -0.797812 -0.602874
vn -0.006099 -0.807349 -0.590042
vn -0.006744 -0.757821 -0.652428
vn -0.007088 -0.727789 -0.685765
vn -0.007500 -0.688102 -0.725575
vn -0.008401 -0.582571 -0.812737
vn -0.009507 -0.392252 -0.919808
vn -0.010092 -0.215936 -0.976355
vn -0.010253 -0.126295 -0.991940
vn -0.010282 -0.101742 -0.994758
vn -0.010336 0.000000 -0.999947
vn 0.010834 -0.084350 0.996377
vn 0.010834 -0.084702 0.996347
vn 0.010855 -0.057971 0.998259
vn 0.010871 0.018756 0.999765
vn 0.010752 0.149046 0.988772
vn 0.010438 0.280109 0.959911
vn 0.010066 0.378161 0.925685
vn 0.009565 0.475611 0.879604
vn 0.008651 0.605825 0.795551
vn 0.006902 0.772688 0.634748
vn 0.004360 0.916088 0.400954
vn 0.001148 0.994409 0.105593
vn -0.002846 0.965138 -0.261724
vn -0.006127 0.826098 -0.563494
vn -0.007971 0.680090 -0.733085
vn -0.009149 0.540407 -0.841354
vn -0.009989 0.395105 -0.918582
vn -0.010490 0.263244 -0.964672
vn -0.010740 0.156073 -0.987687
vn -0.010853 0.060664 -0.998099
vn -0.010868 -0.031563 -0.999443
vn -0.010793 -0.120859 -0.992611
vn -0.010637 -0.207327 -0.978214
vn -0.010354 -0.305261 -0.952213
vn -0.009657 -0.459574 -0.888087
vn -0.008082 -0.668989 -0.743229
vn -0.006508 -0.801077 -0.598526
vn -0.006416 -0.807349 -0.590039
vn -0.007094 -0.757821 -0.652424
vn -0.007457 -0.727789 -0.685761
vn -0.007890 -0.688102 -0.725571
vn -0.008838 -0.582571 -0.812732
vn -0.010002 -0.392252 -0.919803
vn -0.010617 -0.215936 -0.976350
vn -0.010786 -0.126295 -0.991934
vn -0.010817 -0.101742 -0.994752
vn -0.010873 0.000000 -0.999941
vn 0.011369 -0.085594 0.996265
vn 0.011368 -0.086624 0.996176
vn 0.011390 -0.059933 0.998137
vn 0.011409 0.019637 0.999742
vn 0.011267 0.158314 0.987324
vn 0.010885 0.300079 0.953852
vn 0.010426 0.406398 0.913637
vn 0.009801 0.512112 0.858863
vn 0.008671 0.650080 0.759816
vn 0.006606 0.815380 0.578888
vn 0.003817 0.942378 0.334529
vn 0.000550 0.998836 0.048237
vn -0.003291 0.957494 -0.288436
vn -0.006422 0.826583 -0.562778
vn -0.008241 0.691644 -0.722191
vn -0.009458 0.559451 -0.828809
vn -0.010374 0.416486 -0.909083
vn -0.010950 0.281186 -0.959591
vn -0.011249 0.167838 -0.985750
vn -0.011386 0.065385 -0.997795
vn -0.011404 -0.033923 -0.999359
vn -0.011315 -0.128996 -0.991581
vn -0.011132 -0.219537 -0.975541
vn -0.010809 -0.320557 -0.947168
vn -0.010030 -0.476791 -0.878960
vn -0.008359 -0.680747 -0.732471
vn -0.006787 -0.803856 -0.594785
vn -0.006733 -0.807349 -0.590036
vn -0.007445 -0.757821 -0.652420
vn -0.007825 -0.727789 -0.685756
vn -0.008280 -0.688102 -0.725567
vn -0.009274 -0.582571 -0.812727
vn -0.010496 -0.392252 -0.919798
vn -0.011142 -0.215936 -0.976344
vn -0.011319 -0.126295 -0.991928
vn -0.011352 -0.101742 -0.994746
vn -0.011411 0.000000 -0.999935
vn 0.011903 -0.086527 0.996178
vn 0.011902 -0.088086 0.996042
vn 0.011926 -0.061455 0.998039
vn 0.011946 0.020336 0.999722
vn 0.011783 0.165853 0.986080
vn 0.011334 0.316495 0.948527
vn 0.010790 0.429584 0.902962
vn 0.010042 0.541859 0.840410
vn 0.008703 0.685120 0.728378
vn 0.006357 0.846708 0.532020
vn 0.003375 0.959271 0.282466
vn 0.000071 0.999982 0.005922
vn -0.003675 0.951518 -0.307571
vn -0.006718 0.826938 -0.562253
vn -0.008530 0.700236 -0.713860
vn -0.009783 0.574056 -0.818757
vn -0.010767 0.433491 -0.901094
vn -0.011413 0.295873 -0.955159
vn -0.011758 0.177620 -0.984029
vn -0.011919 0.069333 -0.997522
vn -0.011940 -0.035888 -0.999284
vn -0.011838 -0.135674 -0.990683
vn -0.011630 -0.229400 -0.973263
vn -0.011268 -0.332699 -0.942966
vn -0.010415 -0.490103 -0.871602
vn -0.008654 -0.689502 -0.724232
vn -0.007074 -0.805891 -0.592021
vn -0.007050 -0.807349 -0.590032
vn -0.007796 -0.757821 -0.652416
vn -0.008194 -0.727789 -0.685752
vn -0.008670 -0.688102 -0.725562
vn -0.009711 -0.582571 -0.812722
vn -0.010991 -0.392252 -0.919792
vn -0.011666 -0.215936 -0.976338
vn -0.011853 -0.126295 -0.991922
vn -0.011886 -0.101742 -0.994740
vn -0.011948 0.000000 -0.999929
vn 0.012438 -0.087076 0.996124
vn 0.012436 -0.088954 0.995958
vn 0.012461 -0.062371 0.997975
vn 0.012483 0.020763 0.999706
vn 0.012303 0.170543 0.985273
vn 0.011800 0.326783 0.945026
vn 0.011187 0.444090 0.895912
vn 0.010341 0.560336 0.828201
vn 0.008838 0.706358 0.707800
vn 0.006274 0.864585 0.502447
vn 0.003136 0.967945 0.251144
vn -0.000232 0.999827 -0.018575
vn -0.003977 0.947925 -0.318468
vn -0.007017 0.827143 -0.561947
vn -0.008852 0.705255 -0.708898
vn -0.010146 0.582766 -0.812576
vn -0.011188 0.443894 -0.896010
vn -0.011890 0.305050 -0.952262
vn -0.012273 0.183805 -0.982886
vn -0.012453 0.071841 -0.997338
vn -0.012477 -0.037131 -0.999233
vn -0.012363 -0.139858 -0.990094
vn -0.012134 -0.235505 -0.971797
vn -0.011741 -0.340122 -0.940308
vn -0.010827 -0.498090 -0.867058
vn -0.008982 -0.694621 -0.719320
vn -0.007372 -0.807069 -0.590412
vn -0.007367 -0.807349 -0.590028
vn -0.008146 -0.757821 -0.652412
vn -0.008563 -0.727789 -0.685748
vn -0.009060 -0.688102 -0.725557
vn -0.010148 -0.582571 -0.812717
vn -0.011485 -0.392252 -0.919786
vn -0.012191 -0.215936 -0.976331
vn -0.012386 -0.126295 -0.991915
vn -0.012421 -0.101742 -0.994733
vn -0.012486 0.000000 -0.999922
vn 0.012973 -0.087246 0.996102
vn 0.012971 -0.089225 0.995927
vn 0.012997 -0.062658 0.997950
vn 0.013020 0.020898 0.999697
vn 0.012829 0.172038 0.985007
vn 0.012293 0.330073 0.943875
vn 0.011638 0.448723 0.893595
vn 0.010734 0.566213 0.824189
vn 0.009131 0.713022 0.701082
vn 0.006421 0.870017 0.492979
vn 0.003143 0.970434 0.241348
vn -0.000340 0.999659 -0.026100
vn -0.004191 0.946801 -0.321791
vn -0.007318 0.827207 -0.561850
vn -0.009213 0.706806 -0.707348
vn -0.010557 0.585484 -0.810616
vn -0.011648 0.447180 -0.894368
vn -0.012390 0.307981 -0.951312
vn -0.012796 0.185792 -0.982506
vn -0.012988 0.072648 -0.997273
vn -0.013014 -0.037530 -0.999211
vn -0.012892 -0.141196 -0.989898
vn -0.012650 -0.237446 -0.971318
vn -0.012235 -0.342466 -0.939451
vn -0.011274 -0.500589 -0.865612
vn -0.009348 -0.696202 -0.717785
vn -0.007683 -0.807430 -0.589913
vn -0.007684 -0.807349 -0.590024
vn -0.008497 -0.757821 -0.652408
vn -0.008931 -0.727789 -0.685743
vn -0.009450 -0.688102 -0.725552
vn -0.010585 -0.582571 -0.812711
vn -0.011979 -0.392252 -0.919780
vn -0.012716 -0.215936 -0.976325
vn -0.012919 -0.126295 -0.991909
vn -0.012955 -0.101742 -0.994726
vn -0.013023 0.000000 -0.999915
vn 0.013509 -0.087119 0.996106
vn 0.013506 -0.089023 0.995938
vn 0.013534 -0.062444 0.997957
vn 0.013557 0.020797 0.999692
vn 0.013361 0.170920 0.985194
vn 0.012812 0.327611 0.944726
vn 0.012142 0.445257 0.895321
vn 0.011218 0.561817 0.827186
vn 0.009576 0.708042 0.706106
vn 0.006781 0.865966 0.500057
vn 0.003372 0.968584 0.248664
vn -0.000278 0.999790 -0.020483
vn -0.004330 0.947641 -0.319308
vn -0.007620 0.827159 -0.561916
vn -0.009608 0.705648 -0.708497
vn -0.011013 0.583454 -0.812072
vn -0.012145 0.444723 -0.895586
vn -0.012911 0.305788 -0.952012
vn -0.013328 0.184304 -0.982779
vn -0.013525 0.072044 -0.997310
vn -0.013551 -0.037231 -0.999215
vn -0.013426 -0.140195 -0.990033
vn -0.013177 -0.235995 -0.971665
vn -0.012749 -0.340713 -0.940081
vn -0.011753 -0.498721 -0.866683
vn -0.009750 -0.695021 -0.718923
vn -0.008005 -0.807160 -0.590278
vn -0.008002 -0.807349 -0.590020
vn -0.008848 -0.757821 -0.652403
vn -0.009300 -0.727789 -0.685738
vn -0.009839 -0.688102 -0.725547
vn -0.011021 -0.582571 -0.812705
vn -0.012473 -0.392252 -0.919773
vn -0.013240 -0.215936 -0.976318
vn -0.013452 -0.126295 -0.991901
vn -0.013490 -0.101742 -0.994719
vn -0.013560 0.000000 -0.999908
vn 0.014044 -0.086829 0.996124
vn 0.014042 -0.088562 0.995972
vn 0.014070 -0.061956 0.997980
vn 0.014094 0.020569 0.999689
vn 0.013896 0.168405 0.985620
vn 0.013346 0.322086 0.946616
vn 0.012677 0.437471 0.899143
vn 0.011756 0.551918 0.833815
vn 0.010112 0.696736 0.717257
vn 0.007274 0.856592 0.515944
vn 0.003740 0.964157 0.265307
vn -0.000107 0.999971 -0.007576
vn -0.004421 0.949551 -0.313582
vn -0.007924 0.827051 -0.562071
vn -0.010026 0.702997 -0.711122
vn -0.011496 0.578831 -0.815367
vn -0.012665 0.439168 -0.898315
vn -0.013444 0.300863 -0.953573
vn -0.013865 0.180976 -0.983390
vn -0.014062 0.070693 -0.997399
vn -0.014088 -0.036562 -0.999232
vn -0.013963 -0.137948 -0.990341
vn -0.013710 -0.232725 -0.972446
vn -0.013274 -0.336751 -0.941500
vn -0.012253 -0.494477 -0.869105
vn -0.010173 -0.692317 -0.721522
vn -0.008334 -0.806540 -0.591121
vn -0.008318 -0.807349 -0.590015
vn -0.009198 -0.757821 -0.652398
vn -0.009668 -0.727789 -0.685733
vn -0.010229 -0.688102 -0.725542
vn -0.011458 -0.582571 -0.812699
vn -0.012968 -0.392252 -0.919766
vn -0.013765 -0.215936 -0.976310
vn -0.013984 -0.126295 -0.991894
vn -0.014024 -0.101742 -0.994712
vn -0.014097 0.000000 -0.999901
vn 0.014580 -0.086527 0.996143
vn 0.014578 -0.088086 0.996006
vn 0.014607 -0.061455 0.998003
vn 0.014631 0.020335 0.999686
vn 0.014432 0.165850 0.986045
vn 0.013882 0.316489 0.948495
vn 0.013215 0.429576 0.902934
vn 0.012300 0.541848 0.840386
vn 0.010660 0.685108 0.728364
vn 0.007787 0.846698 0.532017
vn 0.004134 0.959266 0.282473
vn 0.000087 0.999982 0.005936
vn -0.004501 0.951520 -0.307554
vn -0.008229 0.826938 -0.562233
vn -0.010448 0.700234 -0.713837
vn -0.011983 0.574051 -0.818732
vn -0.013188 0.433485 -0.901064
vn -0.013979 0.295868 -0.955127
vn -0.014402 0.177616 -0.983994
vn -0.014599 0.069332 -0.997487
vn -0.014625 -0.035887 -0.999249
vn -0.014499 -0.135672 -0.990648
vn -0.014244 -0.229396 -0.973229
vn -0.013801 -0.332695 -0.942933
vn -0.012756 -0.490099 -0.871574
vn -0.010600 -0.689499 -0.724209
vn -0.008665 -0.805891 -0.592001
vn -0.008635 -0.807349 -0.590011
vn -0.009548 -0.757821 -0.652393
vn -0.010036 -0.727789 -0.685728
vn -0.010619 -0.688102 -0.725536
vn -0.011895 -0.582571 -0.812693
vn -0.013462 -0.392252 -0.919759
vn -0.014289 -0.215936 -0.976303
vn -0.014517 -0.126295 -0.991886
vn -0.014559 -0.101742 -0.994704
vn -0.014634 0.000000 -0.999893
vn 0.015115 -0.086350 0.996150
vn 0.015113 -0.087807 0.996023
vn 0.015143 -0.061163 0.998013
vn 0.015168 0.020200 0.999681
vn 0.014965 0.164381 0.986283
vn 0.014408 0.313278 0.949552
vn 0.013733 0.425044 0.905068
vn 0.012808 0.536054 0.844087
vn 0.011147 0.678361 0.734644
vn 0.008212 0.840841 0.541220
vn 0.004438 0.956269 0.292456
vn 0.000211 0.999903 0.013891
vn -0.004612 0.952666 -0.303985
vn -0.008532 0.826871 -0.562327
vn -0.010855 0.698612 -0.715419
vn -0.012452 0.571265 -0.820671
vn -0.013696 0.430199 -0.902630
vn -0.014506 0.292999 -0.956003
vn -0.014936 0.175695 -0.984331
vn -0.015136 0.068554 -0.997533
vn -0.015162 -0.035501 -0.999255
vn -0.015034 -0.134366 -0.990818
vn -0.014774 -0.227479 -0.973671
vn -0.014320 -0.330350 -0.943750
vn -0.013246 -0.487551 -0.872994
vn -0.011012 -0.687845 -0.725774
vn -0.008990 -0.805509 -0.592516
vn -0.008952 -0.807349 -0.590006
vn -0.009899 -0.757821 -0.652388
vn -0.010405 -0.727789 -0.685722
vn -0.011009 -0.688102 -0.725530
vn -0.012331 -0.582571 -0.812687
vn -0.013956 -0.392252 -0.919752
vn -0.014814 -0.215936 -0.976295
vn -0.015050 -0.126295 -0.991879
vn -0.015093 -0.101742 -0.994696
vn -0.015172 0.000000 -0.999885
vn 0.015650 -0.086394 0.996138
vn 0.015648 -0.087877 0.996008
vn 0.015679 -0.061235 0.998000
vn 0.015705 0.020234 0.999672
vn 0.015494 0.164745 0.986214
vn 0.014914 0.314073 0.949282
vn 0.014211 0.426167 0.904533
vn 0.013247 0.537490 0.843166
vn 0.011517 0.680037 0.733088
vn 0.008467 0.842304 0.538937
vn 0.004556 0.957024 0.289972
vn 0.000187 0.999929 0.011907
vn -0.004790 0.952381 -0.304873
vn -0.008834 0.826888 -0.562297
vn -0.011233 0.699016 -0.715018
vn -0.012885 0.571958 -0.820182
vn -0.014174 0.431014 -0.902234
vn -0.015016 0.293710 -0.955777
vn -0.015463 0.176170 -0.984238
vn -0.015671 0.068747 -0.997511
vn -0.015699 -0.035596 -0.999243
vn -0.015565 -0.134689 -0.990766
vn -0.015295 -0.227954 -0.973552
vn -0.014823 -0.330932 -0.943538
vn -0.013709 -0.488184 -0.872633
vn -0.011396 -0.688257 -0.725377
vn -0.009307 -0.805604 -0.592382
vn -0.009269 -0.807349 -0.590001
vn -0.010249 -0.757821 -0.652382
vn -0.010773 -0.727789 -0.685717
vn -0.011398 -0.688102 -0.725524
vn -0.012768 -0.582571 -0.812680
vn -0.014450 -0.392252 -0.919744
vn -0.015338 -0.215936 -0.976287
vn -0.015583 -0.126295 -0.991870
vn -0.015627 -0.101742 -0.994688
vn -0.015708 0.000000 -0.999877
vn 0.016184 -0.086698 0.996103
vn 0.016182 -0.088356 0.995958
vn 0.016214 -0.061739 0.997961
vn 0.016242 0.020467 0.999659
vn 0.016016 0.167292 0.985777
vn 0.015393 0.319645 0.947412
vn 0.014635 0.434029 0.900780
vn 0.013594 0.547532 0.836674
vn 0.011732 0.691686 0.722103
vn 0.008497 0.852327 0.522941
vn 0.004431 0.962076 0.272747
vn -0.000028 0.999998 -0.001739
vn -0.005053 0.950405 -0.310973
vn -0.009133 0.827002 -0.562124
vn -0.011573 0.701802 -0.712278
vn -0.013271 0.576759 -0.816807
vn -0.014615 0.436697 -0.899490
vn -0.015504 0.298685 -0.954226
vn -0.015982 0.179509 -0.983626
vn -0.016205 0.070098 -0.997408
vn -0.016235 -0.036267 -0.999210
vn -0.016092 -0.136955 -0.990447
vn -0.015805 -0.231275 -0.972760
vn -0.015307 -0.334987 -0.942098
vn -0.014138 -0.492577 -0.870154
vn -0.011742 -0.691098 -0.722666
vn -0.009610 -0.806259 -0.591484
vn -0.009586 -0.807349 -0.589996
vn -0.010600 -0.757821 -0.652377
vn -0.011141 -0.727789 -0.685711
vn -0.011788 -0.688102 -0.725518
vn -0.013204 -0.582571 -0.812673
vn -0.014943 -0.392252 -0.919736
vn -0.015862 -0.215936 -0.976279
vn -0.016115 -0.126295 -0.991862
vn -0.016161 -0.101742 -0.994680
vn -0.016245 0.000000 -0.999868
vn 0.016718 -0.087237 0.996047
vn 0.016715 -0.089211 0.995872
vn 0.016749 -0.062643 0.997895
vn 0.016779 0.020891 0.999641
vn 0.016532 0.171961 0.984965
vn 0.015843 0.329903 0.943882
vn 0.015000 0.448485 0.893665
vn 0.013836 0.565910 0.824351
vn 0.011773 0.712680 0.701390
vn 0.008282 0.869741 0.493439
vn 0.004059 0.970309 0.241836
vn -0.000432 0.999669 -0.025715
vn -0.005398 0.946859 -0.321604
vn -0.009430 0.827203 -0.561824
vn -0.011873 0.706726 -0.707387
vn -0.013607 0.585344 -0.810671
vn -0.015012 0.447012 -0.894402
vn -0.015967 0.307830 -0.951308
vn -0.016490 0.185689 -0.982470
vn -0.016738 0.072606 -0.997220
vn -0.016770 -0.037510 -0.999156
vn -0.016614 -0.141127 -0.989852
vn -0.016303 -0.237346 -0.971288
vn -0.015768 -0.342345 -0.939442
vn -0.014529 -0.500461 -0.865637
vn -0.012048 -0.696121 -0.717823
vn -0.009901 -0.807412 -0.589905
vn -0.009903 -0.807349 -0.589991
vn -0.010950 -0.757821 -0.652371
vn -0.011509 -0.727789 -0.685705
vn -0.012177 -0.688102 -0.725512
vn -0.013640 -0.582571 -0.812666
vn -0.015437 -0.392252 -0.919728
vn -0.016386 -0.215936 -0.976270
vn -0.016648 -0.126295 -0.991853
vn -0.016695 -0.101742 -0.994671
vn -0.016782 0.000000 -0.999859
vn 0.017252 -0.087925 0.995978
vn 0.017248 -0.090310 0.995764
vn 0.017284 -0.063819 0.997812
vn 0.017315 0.021449 0.999620
vn 0.017042 0.178210 0.983845
vn 0.016264 0.343711 0.938935
vn 0.015306 0.467892 0.883653
vn 0.013979 0.590383 0.807002
vn 0.011650 0.739941 0.672571
vn 0.007860 0.891079 0.453780
vn 0.003497 0.979397 0.201912
vn -0.000966 0.998442 -0.055792
vn -0.005799 0.942272 -0.334799
vn -0.009725 0.827456 -0.561446
vn -0.012144 0.712967 -0.701092
vn -0.013902 0.596410 -0.802560
vn -0.015372 0.460599 -0.887475
vn -0.016408 0.320107 -0.947239
vn -0.016990 0.194079 -0.980839
vn -0.017269 0.076026 -0.996956
vn -0.017306 -0.039198 -0.999082
vn -0.017132 -0.146742 -0.989026
vn -0.016789 -0.245432 -0.969268
vn -0.016210 -0.352036 -0.935846
vn -0.014890 -0.510675 -0.859645
vn -0.012326 -0.702492 -0.711584
vn -0.010184 -0.808861 -0.587911
vn -0.010219 -0.807349 -0.589985
vn -0.011300 -0.757821 -0.652365
vn -0.011877 -0.727789 -0.685698
vn -0.012567 -0.688102 -0.725505
vn -0.014077 -0.582571 -0.812658
vn -0.015931 -0.392252 -0.919720
vn -0.016910 -0.215936 -0.976261
vn -0.017180 -0.126295 -0.991844
vn -0.017229 -0.101742 -0.994662
vn -0.017319 0.000000 -0.999850
vn 0.017785 -0.088622 0.995907
vn 0.017781 -0.091432 0.995653
vn 0.017818 -0.065036 0.997724
vn 0.017851 0.022036 0.999598
vn 0.017548 0.184900 0.982601
vn 0.016668 0.358591 0.933346
vn 0.015578 0.488726 0.872298
vn 0.014061 0.616357 0.787341
vn 0.011437 0.767930 0.640432
vn 0.007346 0.911443 0.411360
vn 0.002877 0.986938 0.161078
vn -0.001529 0.996326 -0.085629
vn -0.006211 0.937562 -0.347762
vn -0.010020 0.827708 -0.561069
vn -0.012405 0.719242 -0.694649
vn -0.014180 0.607746 -0.794005
vn -0.015714 0.474873 -0.879914
vn -0.016835 0.333300 -0.942670
vn -0.017483 0.203217 -0.978978
vn -0.017799 0.079771 -0.996654
vn -0.017841 -0.041040 -0.998998
vn -0.017646 -0.152799 -0.988100
vn -0.017270 -0.254043 -0.967039
vn -0.016643 -0.362217 -0.931945
vn -0.015239 -0.521205 -0.853296
vn -0.012594 -0.708904 -0.705192
vn -0.010464 -0.810307 -0.585912
vn -0.010536 -0.807349 -0.589980
vn -0.011650 -0.757821 -0.652359
vn -0.012245 -0.727789 -0.685692
vn -0.012956 -0.688102 -0.725498
vn -0.014513 -0.582571 -0.812650
vn -0.016425 -0.392252 -0.919711
vn -0.017434 -0.215936 -0.976252
vn -0.017713 -0.126295 -0.991835
vn -0.017763 -0.101742 -0.994652
vn -0.017856 0.000000 -0.999841
vn 0.018319 -0.089158 0.995849
vn 0.018314 -0.092302 0.995563
vn 0.018352 -0.065990 0.997652
vn 0.018388 0.022503 0.999578
vn 0.018056 0.190308 0.981558
vn 0.017082 0.370684 0.928602
vn 0.015868 0.505581 0.862633
vn 0.014176 0.637112 0.770640
vn 0.011287 0.789543 0.613592
vn 0.006941 0.926061 0.377310
vn 0.002383 0.991569 0.129561
vn -0.001988 0.994139 -0.108091
vn -0.006575 0.933908 -0.357453
vn -0.010316 0.827899 -0.560782
vn -0.012686 0.724032 -0.689650
vn -0.014481 0.616541 -0.787189
vn -0.016072 0.486203 -0.873698
vn -0.017270 0.343996 -0.938812
vn -0.017979 0.210722 -0.977381
vn -0.018329 0.082864 -0.996392
vn -0.018376 -0.042555 -0.998925
vn -0.018162 -0.157728 -0.987316
vn -0.017755 -0.260966 -0.965185
vn -0.017085 -0.370302 -0.928754
vn -0.015603 -0.529422 -0.848215
vn -0.012881 -0.713802 -0.700229
vn -0.010750 -0.811402 -0.584389
vn -0.010853 -0.807349 -0.589974
vn -0.012000 -0.757821 -0.652353
vn -0.012613 -0.727789 -0.685685
vn -0.013346 -0.688102 -0.725491
vn -0.014949 -0.582571 -0.812643
vn -0.016918 -0.392252 -0.919702
vn -0.017958 -0.215936 -0.976242
vn -0.018245 -0.126295 -0.991825
vn -0.018297 -0.101742 -0.994643
vn -0.018392 0.000000 -0.999831
vn 0.018853 -0.089365 0.995821
vn 0.018847 -0.092640 0.995521
vn 0.018887 -0.066363 0.997617
vn 0.018924 0.022688 0.999563
vn 0.018575 0.192465 0.981128
vn 0.017543 0.375524 0.926647
vn 0.016256 0.512303 0.858651
vn 0.014460 0.645319 0.763776
vn 0.011410 0.797894 0.602690
vn 0.006888 0.931443 0.363822
vn 0.002222 0.993087 0.117363
vn -0.002209 0.993169 -0.116663
vn -0.006837 0.932488 -0.361137
vn -0.010615 0.827972 -0.560669
vn -0.013020 0.725876 -0.687702
vn -0.014852 0.619962 -0.784492
vn -0.016494 0.490670 -0.871189
vn -0.017744 0.348271 -0.937226
vn -0.018491 0.213746 -0.976714
vn -0.018862 0.084114 -0.996278
vn -0.018911 -0.043166 -0.998889
vn -0.018686 -0.159703 -0.986988
vn -0.018259 -0.263719 -0.964427
vn -0.017559 -0.373492 -0.927467
vn -0.016020 -0.532630 -0.846197
vn -0.013220 -0.715689 -0.698294
vn -0.011053 -0.811822 -0.583800
vn -0.011169 -0.807349 -0.589968
vn -0.012350 -0.757821 -0.652346
vn -0.012981 -0.727789 -0.685678
vn -0.013735 -0.688102 -0.725484
vn -0.015385 -0.582571 -0.812634
vn -0.017412 -0.392252 -0.919693
vn -0.018482 -0.215936 -0.976233
vn -0.018777 -0.126295 -0.991815
vn -0.018831 -0.101742 -0.994633
vn -0.018929 0.000000 -0.999821
vn 0.019388 -0.089120 0.995832
vn 0.019382 -0.092240 0.995548
vn 0.019423 -0.065922 0.997636
vn 0.019460 0.022470 0.999558
vn 0.019111 0.189920 0.981613
vn 0.018085 0.369816 0.928929
vn 0.016808 0.504373 0.863323
vn 0.015027 0.635633 0.771845
vn 0.011984 0.788025 0.615526
vn 0.007393 0.925067 0.379732
vn 0.002565 0.991277 0.131773
vn -0.002074 0.994308 -0.106526
vn -0.006946 0.934166 -0.356772
vn -0.010918 0.827886 -0.560791
vn -0.013433 0.723696 -0.689988
vn -0.015335 0.615921 -0.787658
vn -0.017018 0.485397 -0.874128
vn -0.018283 0.343229 -0.939074
vn -0.019031 0.210181 -0.977477
vn -0.019399 0.082640 -0.996391
vn -0.019448 -0.042446 -0.998909
vn -0.019223 -0.157374 -0.987352
vn -0.018793 -0.260471 -0.965299
vn -0.018086 -0.369727 -0.928964
vn -0.016521 -0.528842 -0.848560
vn -0.013639 -0.713459 -0.700564
vn -0.011379 -0.811326 -0.584483
vn -0.011486 -0.807349 -0.589962
vn -0.012700 -0.757821 -0.652339
vn -0.013349 -0.727789 -0.685671
vn -0.014124 -0.688102 -0.725476
vn -0.015821 -0.582571 -0.812626
vn -0.017905 -0.392252 -0.919683
vn -0.019006 -0.215936 -0.976222
vn -0.019309 -0.126295 -0.991805
vn -0.019364 -0.101742 -0.994622
vn -0.019465 0.000000 -0.999811
vn 0.019923 -0.088379 0.995888
vn 0.019919 -0.091039 0.995648
vn 0.019960 -0.064608 0.997711
vn 0.019997 0.021829 0.999562
vn 0.019666 0.182518 0.983006
vn 0.018712 0.353282 0.935330
vn 0.017533 0.481304 0.876378
vn 0.015893 0.607142 0.794434
vn 0.013043 0.758116 0.651989
vn 0.008531 0.904485 0.426421
vn 0.003509 0.984495 0.175378
vn -0.001506 0.997162 -0.075271
vn -0.006867 0.939215 -0.343260
vn -0.011227 0.827620 -0.561176
vn -0.013942 0.717054 -0.696878
vn -0.015945 0.603769 -0.797000
vn -0.017657 0.469823 -0.882584
vn -0.018891 0.328597 -0.944281
vn -0.019598 0.199944 -0.979611
vn -0.019940 0.078428 -0.996720
vn -0.019985 -0.040380 -0.998985
vn -0.019773 -0.150637 -0.988391
vn -0.019361 -0.250983 -0.967798
vn -0.018671 -0.358615 -0.933299
vn -0.017115 -0.517502 -0.855511
vn -0.014152 -0.706668 -0.707404
vn -0.011735 -0.809804 -0.586583
vn -0.011802 -0.807349 -0.589956
vn -0.013050 -0.757821 -0.652332
vn -0.013717 -0.727789 -0.685664
vn -0.014514 -0.688102 -0.725469
vn -0.016257 -0.582571 -0.812617
vn -0.018399 -0.392252 -0.919674
vn -0.019530 -0.215936 -0.976212
vn -0.019842 -0.126295 -0.991794
vn -0.019898 -0.101742 -0.994612
vn -0.020002 0.000000 -0.999800
vn 0.020460 -0.087189 0.995982
vn 0.020456 -0.089134 0.995810
vn 0.020498 -0.062561 0.997831
vn 0.020534 0.020852 0.999572
vn 0.020234 0.171533 0.984971
vn 0.019395 0.328959 0.944145
vn 0.018370 0.447155 0.894268
vn 0.016957 0.564225 0.825447
vn 0.014447 0.710773 0.703273
vn 0.010191 0.868194 0.496121
vn 0.005025 0.969606 0.244620
vn -0.000484 0.999722 -0.023566
vn -0.006587 0.947180 -0.320634
vn -0.011541 0.827185 -0.561811
vn -0.014539 0.706284 -0.707780
vn -0.016663 0.584567 -0.811174
vn -0.018381 0.446070 -0.894809
vn -0.019546 0.306989 -0.951512
vn -0.020183 0.185119 -0.982509
vn -0.020484 0.072374 -0.997167
vn -0.020524 -0.037395 -0.999090
vn -0.020334 -0.140743 -0.989837
vn -0.019954 -0.236790 -0.971356
vn -0.019302 -0.341674 -0.939620
vn -0.017789 -0.499746 -0.865990
vn -0.014754 -0.695670 -0.718210
vn -0.012120 -0.807309 -0.590005
vn -0.012119 -0.807349 -0.589949
vn -0.013400 -0.757821 -0.652325
vn -0.014085 -0.727789 -0.685656
vn -0.014903 -0.688102 -0.725461
vn -0.016693 -0.582571 -0.812609
vn -0.018892 -0.392252 -0.919664
vn -0.020053 -0.215936 -0.976202
vn -0.020374 -0.126295 -0.991783
vn -0.020431 -0.101742 -0.994601
vn -0.020538 0.000000 -0.999789
vn 0.020997 -0.085681 0.996101
vn 0.020995 -0.086760 0.996008
vn 0.021036 -0.060074 0.997972
vn 0.021070 0.019701 0.999584
vn 0.020806 0.159001 0.987059
vn 0.020093 0.301567 0.953233
vn 0.019236 0.408501 0.912555
vn 0.018067 0.514820 0.857108
vn 0.015955 0.653310 0.756922
vn 0.012111 0.818362 0.574576
vn 0.006949 0.944075 0.329658
vn 0.000932 0.999021 0.044222
vn -0.006118 0.956940 -0.290222
vn -0.011860 0.826617 -0.562641
vn -0.015204 0.692455 -0.721301
vn -0.017448 0.560813 -0.827759
vn -0.019144 0.418049 -0.908223
vn -0.020216 0.282520 -0.959048
vn -0.020772 0.168720 -0.985445
vn -0.021029 0.065740 -0.997615
vn -0.021062 -0.034100 -0.999196
vn -0.020897 -0.129601 -0.991346
vn -0.020556 -0.220437 -0.975185
vn -0.019954 -0.321673 -0.946640
vn -0.018510 -0.478028 -0.878150
vn -0.015421 -0.681572 -0.731588
vn -0.012530 -0.804049 -0.594431
vn -0.012435 -0.807349 -0.589943
vn -0.013750 -0.757821 -0.652318
vn -0.014453 -0.727789 -0.685649
vn -0.015292 -0.688102 -0.725453
vn -0.017129 -0.582571 -0.812600
vn -0.019385 -0.392252 -0.919653
vn -0.020577 -0.215936 -0.976191
vn -0.020906 -0.126295 -0.991772
vn -0.020965 -0.101742 -0.994590
vn -0.021074 0.000000 -0.999778
vn 0.021534 -0.084037 0.996230
vn 0.021534 -0.084222 0.996214
vn 0.021575 -0.057488 0.998113
vn 0.021607 0.018542 0.999595
vn 0.021376 0.146836 0.988930
vn 0.020775 0.275384 0.961110
vn 0.020064 0.371479 0.928224
vn 0.019110 0.466941 0.884082
vn 0.017367 0.595133 0.803439
vn 0.013998 0.761874 0.647574
vn 0.009014 0.908853 0.417020
vn 0.002597 0.992751 0.120158
vn -0.005506 0.967000 -0.254717
vn -0.012182 0.825973 -0.563578
vn -0.015902 0.677157 -0.735666
vn -0.018248 0.535680 -0.844224
vn -0.019900 0.389931 -0.920629
vn -0.020873 0.258986 -0.965656
vn -0.021355 0.153309 -0.987948
vn -0.021572 0.059560 -0.997992
vn -0.021600 -0.031008 -0.999286
vn -0.021457 -0.118931 -0.992671
vn -0.021154 -0.204402 -0.978658
vn -0.020604 -0.301553 -0.953227
vn -0.019240 -0.455324 -0.890118
vn -0.016120 -0.666007 -0.745771
vn -0.012956 -0.800363 -0.599375
vn -0.012752 -0.807349 -0.589936
vn -0.014100 -0.757821 -0.652311
vn -0.014820 -0.727789 -0.685641
vn -0.015681 -0.688102 -0.725444
vn -0.017565 -0.582571 -0.812590
vn -0.019879 -0.392252 -0.919643
vn -0.021101 -0.215936 -0.976179
vn -0.021437 -0.126295 -0.991761
vn -0.021498 -0.101742 -0.994578
vn -0.021610 0.000000 -0.999766
vn 0.022071 -0.082446 0.996351
vn 0.022072 -0.081817 0.996403
vn 0.022113 -0.055103 0.998236
vn 0.022143 0.017508 0.999602
vn 0.021940 0.136336 0.990420
vn 0.021425 0.253140 0.967192
vn 0.020827 0.340050 0.940177
vn 0.020036 0.426051 0.904477
vn 0.018584 0.543925 0.838928
vn 0.015651 0.707530 0.706510
vn 0.010955 0.869089 0.494535
vn 0.004306 0.980914 0.194394
vn -0.004829 0.975943 -0.217973
vn -0.012505 0.825326 -0.564518
vn -0.016595 0.662176 -0.749164
vn -0.019021 0.512190 -0.858662
vn -0.020619 0.364962 -0.930794
vn -0.021505 0.238869 -0.970814
vn -0.021927 0.140394 -0.989853
vn -0.022114 0.054417 -0.998273
vn -0.022138 -0.028419 -0.999351
vn -0.022013 -0.109834 -0.993706
vn -0.021741 -0.190437 -0.981459
vn -0.021237 -0.283613 -0.958704
vn -0.019949 -0.434333 -0.900531
vn -0.016815 -0.650796 -0.759067
vn -0.013386 -0.796663 -0.604275
vn -0.013068 -0.807349 -0.589929
vn -0.014450 -0.757821 -0.652303
vn -0.015188 -0.727789 -0.685633
vn -0.016070 -0.688102 -0.725436
vn -0.018000 -0.582571 -0.812581
vn -0.020372 -0.392252 -0.919632
vn -0.021624 -0.215936 -0.976168
vn -0.021969 -0.126295 -0.991749
vn -0.022032 -0.101742 -0.994567
vn -0.022147 0.000000 -0.999755
vn 0.022608 -0.081079 0.996451
vn 0.022610 -0.079785 0.996556
vn 0.022650 -0.053138 0.998330
vn 0.022679 0.016678 0.999604
vn 0.022495 0.128158 0.991499
vn 0.022042 0.236053 0.971490
vn 0.021521 0.315966 0.948527
vn 0.020841 0.394658 0.918592
vn 0.019593 0.503881 0.863551
vn 0.016995 0.662295 0.749051
vn 0.012592 0.831765 0.554985
vn 0.005851 0.966154 0.257899
vn -0.004184 0.982839 -0.184416
vn -0.012827 0.824749 -0.565353
vn -0.017253 0.649162 -0.760455
vn -0.019739 0.492643 -0.870007
vn -0.021289 0.345078 -0.938332
vn -0.022110 0.223337 -0.974490
vn -0.022488 0.130574 -0.991184
vn -0.022654 0.050527 -0.998466
vn -0.022675 -0.026450 -0.999393
vn -0.022562 -0.102818 -0.994444
vn -0.022314 -0.179481 -0.983508
vn -0.021845 -0.269264 -0.962819
vn -0.020616 -0.417021 -0.908663
vn -0.017474 -0.637605 -0.770166
vn -0.013808 -0.793369 -0.608584
vn -0.013384 -0.807349 -0.589922
vn -0.014800 -0.757821 -0.652295
vn -0.015556 -0.727789 -0.685625
vn -0.016459 -0.688102 -0.725427
vn -0.018436 -0.582571 -0.812571
vn -0.020865 -0.392252 -0.919621
vn -0.022147 -0.215936 -0.976156
vn -0.022501 -0.126295 -0.991737
vn -0.022565 -0.101742 -0.994555
vn -0.022683 0.000000 -0.999743
vn 0.023144 -0.080058 0.996522
vn 0.023147 -0.078291 0.996662
vn 0.023187 -0.051721 0.998392
vn 0.023215 0.016092 0.999601
vn 0.023044 0.122505 0.992200
vn 0.022626 0.224372 0.974241
vn 0.022152 0.299545 0.953825
vn 0.021540 0.373259 0.927477
vn 0.020416 0.476306 0.879043
vn 0.018034 0.629874 0.776488
vn 0.013846 0.802724 0.596190
vn 0.007074 0.952463 0.304571
vn -0.003674 0.987404 -0.158175
vn -0.013145 0.824306 -0.565992
vn -0.017852 0.639380 -0.768684
vn -0.020388 0.478456 -0.877875
vn -0.021909 0.331122 -0.943334
vn -0.022687 0.212676 -0.976859
vn -0.023040 0.123906 -0.992026
vn -0.023192 0.047895 -0.998583
vn -0.023211 -0.025112 -0.999415
vn -0.023107 -0.098003 -0.994918
vn -0.022873 -0.171868 -0.984854
vn -0.022425 -0.259152 -0.965576
vn -0.021234 -0.404535 -0.914276
vn -0.018074 -0.627704 -0.778242
vn -0.014210 -0.790840 -0.611858
vn -0.013701 -0.807349 -0.589915
vn -0.015149 -0.757821 -0.652287
vn -0.015923 -0.727789 -0.685616
vn -0.016848 -0.688102 -0.725418
vn -0.018872 -0.582571 -0.812561
vn -0.021358 -0.392252 -0.919610
vn -0.022671 -0.215936 -0.976144
vn -0.023033 -0.126295 -0.991725
vn -0.023098 -0.101742 -0.994543
vn -0.023218 0.000000 -0.999730
vn 0.023679 -0.079455 0.996557
vn 0.023683 -0.077418 0.996717
vn 0.023724 -0.050903 0.998422
vn 0.023751 0.015759 0.999594
vn 0.023585 0.119334 0.992574
vn 0.023184 0.217867 0.975703
vn 0.022731 0.290420 0.956629
vn 0.022149 0.361376 0.932157
vn 0.021081 0.460916 0.887193
vn 0.018798 0.611366 0.791125
vn 0.014706 0.785306 0.618932
vn 0.007881 0.943363 0.331668
vn -0.003379 0.989831 -0.142209
vn -0.013458 0.824039 -0.566373
vn -0.018378 0.633583 -0.773456
vn -0.020964 0.470245 -0.882287
vn -0.022479 0.323220 -0.946057
vn -0.023241 0.206725 -0.978123
vn -0.023582 0.120208 -0.992469
vn -0.023729 0.046439 -0.998639
vn -0.023747 -0.024371 -0.999421
vn -0.023646 -0.095315 -0.995166
vn -0.023418 -0.167585 -0.985580
vn -0.022979 -0.253410 -0.967086
vn -0.021799 -0.397338 -0.917413
vn -0.018603 -0.621844 -0.782920
vn -0.014585 -0.789319 -0.613810
vn -0.014017 -0.807349 -0.589907
vn -0.015499 -0.757821 -0.652279
vn -0.016291 -0.727789 -0.685608
vn -0.017236 -0.688102 -0.725409
vn -0.019307 -0.582571 -0.812551
vn -0.021851 -0.392252 -0.919598
vn -0.023194 -0.215936 -0.976132
vn -0.023564 -0.126295 -0.991713
vn -0.023631 -0.101742 -0.994530
vn -0.023754 0.000000 -0.999718
vn 0.024214 -0.079289 0.996558
vn 0.024218 -0.077178 0.996723
vn 0.024259 -0.050680 0.998420
vn 0.024287 0.015668 0.999582
vn 0.024119 0.118479 0.992664
vn 0.023716 0.216119 0.976079
vn 0.023261 0.287969 0.957357
vn 0.022678 0.358187 0.933375
vn 0.021608 0.456778 0.889319
vn 0.019316 0.606340 0.794971
vn 0.015186 0.780473 0.625005
vn 0.008239 0.940722 0.339080
vn -0.003347 0.990463 -0.137735
vn -0.013764 0.823965 -0.566474
vn -0.018824 0.631979 -0.774757
vn -0.021466 0.467999 -0.883468
vn -0.023004 0.321080 -0.946773
vn -0.023774 0.205123 -0.978448
vn -0.024117 0.119215 -0.992575
vn -0.024264 0.046049 -0.998644
vn -0.024283 -0.024172 -0.999413
vn -0.024181 -0.094592 -0.995222
vn -0.023951 -0.166427 -0.985763
vn -0.023507 -0.251852 -0.967480
vn -0.022311 -0.395373 -0.918250
vn -0.019054 -0.620223 -0.784194
vn -0.014927 -0.788895 -0.614347
vn -0.014333 -0.807349 -0.589900
vn -0.015848 -0.757821 -0.652270
vn -0.016658 -0.727789 -0.685599
vn -0.017625 -0.688102 -0.725400
vn -0.019743 -0.582571 -0.812540
vn -0.022343 -0.392252 -0.919586
vn -0.023717 -0.215936 -0.976119
vn -0.024096 -0.126295 -0.991700
vn -0.024164 -0.101742 -0.994517
vn -0.024290 0.000000 -0.999705
vn 0.024747 -0.079525 0.996526
vn 0.024751 -0.077518 0.996684
vn 0.024794 -0.050997 0.998391
vn 0.024823 0.015797 0.999567
vn 0.024647 0.119694 0.992505
vn 0.024225 0.218604 0.975513
vn 0.023748 0.291452 0.956291
vn 0.023135 0.362720 0.931611
vn 0.022009 0.462660 0.886263
vn 0.019605 0.613477 0.789470
vn 0.015306 0.787323 0.616351
vn 0.008159 0.944451 0.328552
vn -0.003578 0.989562 -0.144065
vn -0.014064 0.824070 -0.566313
vn -0.019193 0.634253 -0.772888
vn -0.021897 0.471186 -0.881762
vn -0.023486 0.324120 -0.945725
vn -0.024286 0.207399 -0.977955
vn -0.024645 0.120626 -0.992392
vn -0.024799 0.046604 -0.998606
vn -0.024818 -0.024455 -0.999393
vn -0.024712 -0.095620 -0.995111
vn -0.024473 -0.168071 -0.985471
vn -0.024011 -0.254064 -0.966889
vn -0.022773 -0.398162 -0.917032
vn -0.019429 -0.622521 -0.782362
vn -0.015237 -0.789496 -0.613567
vn -0.014649 -0.807349 -0.589892
vn -0.016198 -0.757821 -0.652262
vn -0.017026 -0.727789 -0.685590
vn -0.018014 -0.688102 -0.725390
vn -0.020178 -0.582571 -0.812530
vn -0.022836 -0.392252 -0.919574
vn -0.024240 -0.215936 -0.976107
vn -0.024627 -0.126295 -0.991687
vn -0.024697 -0.101742 -0.994504
vn -0.024826 0.000000 -0.999692
vn 0.025280 -0.080083 0.996468
vn 0.025284 -0.078328 0.996607
vn 0.025327 -0.051756 0.998339
vn 0.025358 0.016106 0.999549
vn 0.025170 0.122641 0.992132
vn 0.024713 0.224653 0.974125
vn 0.024194 0.299940 0.953651
vn 0.023523 0.373773 0.927222
vn 0.022291 0.476971 0.878636
vn 0.019682 0.630668 0.775803
vn 0.015099 0.803457 0.595172
vn 0.007697 0.952832 0.303401
vn -0.004030 0.987297 -0.158834
vn -0.014358 0.824317 -0.565946
vn -0.019495 0.639625 -0.768440
vn -0.022265 0.478805 -0.877639
vn -0.023928 0.331462 -0.943165
vn -0.024780 0.212933 -0.976752
vn -0.025165 0.124066 -0.991955
vn -0.025332 0.047959 -0.998528
vn -0.025353 -0.025145 -0.999362
vn -0.025239 -0.098119 -0.994855
vn -0.024983 -0.172053 -0.984771
vn -0.024493 -0.259398 -0.965460
vn -0.023190 -0.404842 -0.914093
vn -0.019738 -0.627952 -0.778002
vn -0.015520 -0.790904 -0.611743
vn -0.014965 -0.807349 -0.589884
vn -0.016547 -0.757821 -0.652253
vn -0.017393 -0.727789 -0.685581
vn -0.018403 -0.688102 -0.725380
vn -0.020613 -0.582571 -0.812519
vn -0.023329 -0.392252 -0.919562
vn -0.024763 -0.215936 -0.976093
vn -0.025158 -0.126295 -0.991674
vn -0.025230 -0.101742 -0.994491
vn -0.025361 0.000000 -0.999678
vn 0.025812 -0.080847 0.996392
vn 0.025815 -0.079445 0.996505
vn 0.025861 -0.052814 0.998269
vn 0.025893 0.016543 0.999528
vn 0.025688 0.126845 0.991590
vn 0.025182 0.233330 0.972071
vn 0.024603 0.312135 0.949719
vn 0.023850 0.389665 0.920648
vn 0.022465 0.497464 0.867194
vn 0.019572 0.654839 0.755515
vn 0.014626 0.825254 0.564573
vn 0.006956 0.963248 0.268523
vn -0.004625 0.983921 -0.178547
vn -0.014648 0.824650 -0.565454
vn -0.019747 0.646950 -0.762276
vn -0.022584 0.489398 -0.871768
vn -0.024337 0.341852 -0.939439
vn -0.025257 0.220855 -0.974979
vn -0.025681 0.129016 -0.991310
vn -0.025865 0.049912 -0.998419
vn -0.025888 -0.026137 -0.999323
vn -0.025763 -0.101697 -0.994482
vn -0.025485 -0.177715 -0.983752
vn -0.024957 -0.266930 -0.963393
vn -0.023572 -0.414159 -0.909899
vn -0.019998 -0.635365 -0.771953
vn -0.015784 -0.792801 -0.609276
vn -0.015281 -0.807349 -0.589876
vn -0.016897 -0.757821 -0.652244
vn -0.017760 -0.727789 -0.685571
vn -0.018791 -0.688102 -0.725370
vn -0.021049 -0.582571 -0.812507
vn -0.023822 -0.392252 -0.919549
vn -0.025286 -0.215936 -0.976080
vn -0.025690 -0.126295 -0.991660
vn -0.025763 -0.101742 -0.994477
vn -0.025897 0.000000 -0.999665
vn 0.026344 -0.081678 0.996311
vn 0.026346 -0.080671 0.996393
vn 0.026394 -0.053990 0.998193
vn 0.026429 0.017035 0.999506
vn 0.026202 0.131652 0.990950
vn 0.025638 0.243327 0.969605
vn 0.024987 0.326211 0.944967
vn 0.024132 0.408014 0.912657
vn 0.022562 0.520983 0.853269
vn 0.019334 0.681891 0.731198
vn 0.013992 0.848397 0.529175
vn 0.006085 0.973138 0.230144
vn -0.005271 0.979919 -0.199327
vn -0.014938 0.825004 -0.564929
vn -0.019976 0.654879 -0.755470
vn -0.022874 0.501134 -0.865068
vn -0.024725 0.353619 -0.935063
vn -0.025724 0.229958 -0.972860
vn -0.026191 0.134745 -0.990534
vn -0.026396 0.052177 -0.998289
vn -0.026423 -0.027286 -0.999278
vn -0.026284 -0.105808 -0.994039
vn -0.025980 -0.184170 -0.982551
vn -0.025410 -0.275436 -0.960984
vn -0.023932 -0.424525 -0.905100
vn -0.020235 -0.643396 -0.765266
vn -0.016040 -0.794826 -0.606626
vn -0.015597 -0.807349 -0.589868
vn -0.017246 -0.757821 -0.652235
vn -0.018127 -0.727789 -0.685562
vn -0.019180 -0.688102 -0.725360
vn -0.021484 -0.582571 -0.812496
vn -0.024314 -0.392252 -0.919536
vn -0.025809 -0.215936 -0.976066
vn -0.026221 -0.126295 -0.991646
vn -0.026295 -0.101742 -0.994463
vn -0.026432 0.000000 -0.999651
vn 0.026876 -0.082436 0.996234
vn 0.026877 -0.081801 0.996286
vn 0.026927 -0.055088 0.998118
vn 0.026964 0.017501 0.999483
vn 0.026716 0.136270 0.990311
vn 0.026090 0.253000 0.967114
vn 0.025363 0.339853 0.940137
vn 0.024401 0.425794 0.904491
vn 0.022635 0.543600 0.839039
vn 0.019067 0.707172 0.706785
vn 0.013353 0.868808 0.494969
vn 0.005257 0.980816 0.194867
vn -0.005873 0.976000 -0.217693
vn -0.015228 0.825322 -0.564458
vn -0.020211 0.662076 -0.749164
vn -0.023164 0.512035 -0.858652
vn -0.025109 0.364802 -0.930747
vn -0.026188 0.238743 -0.970730
vn -0.026701 0.140314 -0.989747
vn -0.026928 0.054385 -0.998157
vn -0.026957 -0.028403 -0.999233
vn -0.026805 -0.109777 -0.993595
vn -0.026475 -0.190349 -0.981360
vn -0.025861 -0.283498 -0.958624
vn -0.024293 -0.434196 -0.900491
vn -0.020478 -0.650693 -0.759064
vn -0.016301 -0.796638 -0.604237
vn -0.015913 -0.807349 -0.589859
vn -0.017596 -0.757821 -0.652226
vn -0.018495 -0.727789 -0.685552
vn -0.019568 -0.688102 -0.725350
vn -0.021919 -0.582571 -0.812484
vn -0.024807 -0.392252 -0.919523
vn -0.026332 -0.215936 -0.976052
vn -0.026752 -0.126295 -0.991632
vn -0.026828 -0.101742 -0.994449
vn -0.026968 0.000000 -0.999636
vn 0.027408 -0.083007 0.996172
vn 0.027409 -0.082659 0.996201
vn 0.027460 -0.055931 0.998057
vn 0.027499 0.017863 0.999462
vn 0.027233 0.139908 0.989790
vn 0.026552 0.260669 0.965063
vn 0.025757 0.350681 0.936141
vn 0.024699 0.439898 0.897708
vn 0.022760 0.561400 0.827231
vn 0.018898 0.726536 0.686869
vn 0.012876 0.883634 0.468001
vn 0.004628 0.985744 0.168191
vn -0.006360 0.972893 -0.231170
vn -0.015521 0.825557 -0.564106
vn -0.020480 0.667477 -0.744349
vn -0.023486 0.520378 -0.853613
vn -0.025512 0.373528 -0.927268
vn -0.026660 0.245692 -0.968981
vn -0.027213 0.144749 -0.989094
vn -0.027460 0.056147 -0.998045
vn -0.027491 -0.029292 -0.999193
vn -0.027327 -0.112918 -0.993229
vn -0.026974 -0.195201 -0.980392
vn -0.026323 -0.289777 -0.956732
vn -0.024676 -0.441626 -0.896860
vn -0.020754 -0.656174 -0.754324
vn -0.016576 -0.797983 -0.602452
vn -0.016229 -0.807349 -0.589851
vn -0.017945 -0.757821 -0.652216
vn -0.018862 -0.727789 -0.685542
vn -0.019957 -0.688102 -0.725339
vn -0.022354 -0.582571 -0.812473
vn -0.025299 -0.392252 -0.919510
vn -0.026854 -0.215936 -0.976038
vn -0.027283 -0.126295 -0.991617
vn -0.027360 -0.101742 -0.994434
vn -0.027503 0.000000 -0.999622
vn 0.027941 -0.083329 0.996130
vn 0.027941 -0.083146 0.996146
vn 0.027994 -0.056413 0.998015
vn 0.028034 0.018072 0.999444
vn 0.027754 0.142024 0.989474
vn 0.027035 0.265147 0.963829
vn 0.026191 0.357008 0.933734
vn 0.025065 0.448132 0.893616
vn 0.023004 0.571730 0.820120
vn 0.018934 0.737549 0.675028
vn 0.012688 0.891750 0.452350
vn 0.004295 0.988196 0.153136
vn -0.006694 0.971087 -0.238633
vn -0.015817 0.825688 -0.563905
vn -0.020802 0.670515 -0.741605
vn -0.023861 0.525130 -0.850687
vn -0.025952 0.378567 -0.925210
vn -0.027150 0.249742 -0.967932
vn -0.027732 0.147346 -0.988696
vn -0.027992 0.057181 -0.997971
vn -0.028026 -0.029813 -0.999163
vn -0.027853 -0.114749 -0.993004
vn -0.027483 -0.198016 -0.979813
vn -0.026804 -0.293397 -0.955615
vn -0.025097 -0.445871 -0.894745
vn -0.021082 -0.659259 -0.751621
vn -0.016870 -0.798734 -0.601447
vn -0.016545 -0.807349 -0.589842
vn -0.018294 -0.757821 -0.652206
vn -0.019229 -0.727789 -0.685532
vn -0.020345 -0.688102 -0.725328
vn -0.022789 -0.582571 -0.812461
vn -0.025791 -0.392252 -0.919496
vn -0.027377 -0.215936 -0.976024
vn -0.027814 -0.126295 -0.991603
vn -0.027893 -0.101742 -0.994420
vn -0.028038 0.000000 -0.999607
vn 0.028474 -0.083406 0.996109
vn 0.028474 -0.083262 0.996121
vn 0.028528 -0.056528 0.997993
vn 0.028569 0.018122 0.999428
vn 0.028282 0.142532 0.989386
vn 0.027542 0.266226 0.963517
vn 0.026674 0.358533 0.933136
vn 0.025515 0.450115 0.892606
vn 0.023393 0.574210 0.818373
vn 0.019213 0.740169 0.672146
vn 0.012823 0.893647 0.448588
vn 0.004275 0.988743 0.149564
vn -0.006871 0.970653 -0.240386
vn -0.016118 0.825719 -0.563851
vn -0.021180 0.671234 -0.740943
vn -0.024297 0.526263 -0.849975
vn -0.026433 0.379774 -0.924701
vn -0.027661 0.250718 -0.967665
vn -0.028259 0.147973 -0.988588
vn -0.028526 0.057431 -0.997942
vn -0.028561 -0.029938 -0.999144
vn -0.028383 -0.115190 -0.992938
vn -0.028004 -0.198692 -0.979662
vn -0.027308 -0.294265 -0.955334
vn -0.025562 -0.446883 -0.894227
vn -0.021467 -0.659989 -0.750968
vn -0.017185 -0.798912 -0.601203
vn -0.016860 -0.807349 -0.589833
vn -0.018643 -0.757821 -0.652197
vn -0.019596 -0.727789 -0.685521
vn -0.020733 -0.688102 -0.725317
vn -0.023224 -0.582571 -0.812448
vn -0.026284 -0.392252 -0.919482
vn -0.027899 -0.215936 -0.976009
vn -0.028345 -0.126295 -0.991588
vn -0.028425 -0.101742 -0.994405
vn -0.028573 0.000000 -0.999592
vn 0.029007 -0.083304 0.996102
vn 0.029008 -0.083107 0.996118
vn 0.029062 -0.056375 0.997987
vn 0.029104 0.018055 0.999413
vn 0.028814 0.141853 0.989468
vn 0.028070 0.264785 0.963899
vn 0.027196 0.356496 0.933901
vn 0.026032 0.447466 0.893922
vn 0.023899 0.570896 0.820674
vn 0.019685 0.736666 0.675970
vn 0.013209 0.891108 0.453598
vn 0.004494 0.988009 0.154334
vn -0.006932 0.971232 -0.238032
vn -0.016421 0.825678 -0.563903
vn -0.021602 0.670272 -0.741801
vn -0.024779 0.524749 -0.850896
vn -0.026947 0.378161 -0.925348
vn -0.028189 0.249415 -0.967986
vn -0.028792 0.147136 -0.988697
vn -0.029061 0.057097 -0.997946
vn -0.029096 -0.029770 -0.999133
vn -0.028917 -0.114601 -0.992991
vn -0.028533 -0.197789 -0.979829
vn -0.027830 -0.293106 -0.955675
vn -0.026060 -0.445530 -0.894888
vn -0.021893 -0.659012 -0.751814
vn -0.017516 -0.798675 -0.601508
vn -0.017176 -0.807349 -0.589824
vn -0.018992 -0.757821 -0.652186
vn -0.019963 -0.727789 -0.685511
vn -0.021122 -0.688102 -0.725306
vn -0.023659 -0.582571 -0.812436
vn -0.026776 -0.392252 -0.919468
vn -0.028422 -0.215936 -0.975994
vn -0.028875 -0.126295 -0.991572
vn -0.028957 -0.101742 -0.994389
vn -0.029109 0.000000 -0.999576
vn 0.029541 -0.083136 0.996100
vn 0.029542 -0.082854 0.996124
vn 0.029597 -0.056124 0.997985
vn 0.029639 0.017947 0.999400
vn 0.029348 0.140751 0.989610
vn 0.028604 0.262452 0.964521
vn 0.027733 0.353200 0.935137
vn 0.026573 0.443176 0.896041
vn 0.024448 0.565519 0.824373
vn 0.020230 0.730947 0.682135
vn 0.013693 0.886913 0.461734
vn 0.004809 0.986756 0.162142
vn -0.006944 0.972173 -0.234163
vn -0.016726 0.825610 -0.563994
vn -0.022041 0.668696 -0.743209
vn -0.025279 0.522280 -0.852399
vn -0.027474 0.375539 -0.926399
vn -0.028723 0.247305 -0.968512
vn -0.029327 0.145782 -0.988882
vn -0.029596 0.056558 -0.997961
vn -0.029631 -0.029499 -0.999126
vn -0.029451 -0.113647 -0.993085
vn -0.029067 -0.196323 -0.980108
vn -0.028359 -0.291222 -0.956235
vn -0.026571 -0.443324 -0.895967
vn -0.022337 -0.657412 -0.753200
vn -0.017854 -0.798285 -0.602015
vn -0.017492 -0.807349 -0.589815
vn -0.019341 -0.757821 -0.652176
vn -0.020330 -0.727789 -0.685500
vn -0.021510 -0.688102 -0.725295
vn -0.024094 -0.582571 -0.812423
vn -0.027268 -0.392252 -0.919453
vn -0.028944 -0.215936 -0.975978
vn -0.029406 -0.126295 -0.991557
vn -0.029490 -0.101742 -0.994374
vn -0.029644 0.000000 -0.999561
vn 0.030074 -0.083038 0.996093
vn 0.030075 -0.082705 0.996120
vn 0.030131 -0.055976 0.997977
vn 0.030174 0.017883 0.999385
vn 0.029881 0.140106 0.989686
vn 0.029132 0.261088 0.964875
vn 0.028255 0.351272 0.935847
vn 0.027090 0.440667 0.897262
vn 0.024954 0.562367 0.826511
vn 0.020703 0.727574 0.685717
vn 0.014085 0.884409 0.466500
vn 0.005035 0.985985 0.166755
vn -0.007000 0.972723 -0.231862
vn -0.017030 0.825569 -0.564044
vn -0.022464 0.667764 -0.744034
vn -0.025762 0.520825 -0.853275
vn -0.027988 0.374000 -0.927006
vn -0.029250 0.246070 -0.968811
vn -0.029860 0.144991 -0.988982
vn -0.030131 0.056244 -0.997962
vn -0.030165 -0.029340 -0.999114
vn -0.029985 -0.113089 -0.993132
vn -0.029596 -0.195465 -0.980264
vn -0.028880 -0.290116 -0.956555
vn -0.027070 -0.442026 -0.896594
vn -0.022765 -0.656466 -0.754012
vn -0.018185 -0.798055 -0.602311
vn -0.017807 -0.807349 -0.589805
vn -0.019690 -0.757821 -0.652166
vn -0.020696 -0.727789 -0.685489
vn -0.021898 -0.688102 -0.725283
vn -0.024528 -0.582571 -0.812410
vn -0.027760 -0.392252 -0.919439
vn -0.029466 -0.215936 -0.975963
vn -0.029937 -0.126295 -0.991541
vn -0.030022 -0.101742 -0.994358
vn -0.030178 0.000000 -0.999545
vn 0.030607 -0.083133 0.996068
vn 0.030608 -0.082849 0.996092
vn 0.030665 -0.056119 0.997953
vn 0.030708 0.017944 0.999367
vn 0.030408 0.140727 0.989581
vn 0.029637 0.262402 0.964503
vn 0.028735 0.353129 0.935133
vn 0.027534 0.443084 0.896057
vn 0.025333 0.565403 0.824426
vn 0.020964 0.730823 0.682245
vn 0.014193 0.886821 0.461895
vn 0.004987 0.986728 0.162306
vn -0.007192 0.972193 -0.234071
vn -0.017330 0.825608 -0.563978
vn -0.022837 0.668662 -0.743215
vn -0.026192 0.522227 -0.852404
vn -0.028466 0.375482 -0.926392
vn -0.029760 0.247259 -0.968492
vn -0.030385 0.145753 -0.988854
vn -0.030664 0.056547 -0.997929
vn -0.030700 -0.029493 -0.999093
vn -0.030514 -0.113626 -0.993055
vn -0.030116 -0.196292 -0.980083
vn -0.029382 -0.291182 -0.956217
vn -0.027531 -0.443276 -0.895962
vn -0.023144 -0.657378 -0.753206
vn -0.018498 -0.798277 -0.602007
vn -0.018123 -0.807349 -0.589796
vn -0.020039 -0.757821 -0.652155
vn -0.021063 -0.727789 -0.685478
vn -0.022286 -0.688102 -0.725271
vn -0.024963 -0.582571 -0.812397
vn -0.028252 -0.392252 -0.919424
vn -0.029989 -0.215936 -0.975947
vn -0.030467 -0.126295 -0.991525
vn -0.030554 -0.101742 -0.994342
vn -0.030713 0.000000 -0.999528
vn 0.031139 -0.083517 0.996020
vn 0.031139 -0.083431 0.996027
vn 0.031198 -0.056696 0.997904
vn 0.031243 0.018195 0.999346
vn 0.030926 0.143277 0.989199
vn 0.030107 0.267807 0.963002
vn 0.029144 0.360766 0.932201
vn 0.027858 0.453020 0.891065
vn 0.025503 0.577838 0.815753
vn 0.020880 0.743983 0.667872
vn 0.013852 0.896384 0.443061
vn 0.004513 0.989514 0.144363
vn -0.007594 0.970019 -0.242910
vn -0.017624 0.825764 -0.563740
vn -0.023133 0.672280 -0.739936
vn -0.026539 0.527912 -0.848884
vn -0.028884 0.381539 -0.923901
vn -0.030238 0.252146 -0.967217
vn -0.030900 0.148892 -0.988371
vn -0.031196 0.057797 -0.997841
vn -0.031234 -0.030123 -0.999058
vn -0.031038 -0.115836 -0.992783
vn -0.030619 -0.199681 -0.979382
vn -0.029852 -0.295532 -0.954866
vn -0.027931 -0.448359 -0.893417
vn -0.023447 -0.661051 -0.749975
vn -0.018783 -0.799169 -0.600813
vn -0.018439 -0.807349 -0.589786
vn -0.020388 -0.757821 -0.652144
vn -0.021430 -0.727789 -0.685466
vn -0.022674 -0.688102 -0.725259
vn -0.025398 -0.582571 -0.812383
vn -0.028744 -0.392252 -0.919408
vn -0.030511 -0.215936 -0.975931
vn -0.030998 -0.126295 -0.991508
vn -0.031086 -0.101742 -0.994325
vn -0.031248 0.000000 -0.999512
vn 0.031670 -0.084238 0.995942
vn 0.031669 -0.084530 0.995918
vn 0.031729 -0.057798 0.997824
vn 0.031777 0.018679 0.999320
vn 0.031431 0.148250 0.988450
vn 0.030526 0.278407 0.959978
vn 0.029454 0.375754 0.926251
vn 0.028011 0.472488 0.880892
vn 0.025379 0.601982 0.798106
vn 0.020324 0.768823 0.639138
vn 0.012928 0.913528 0.406570
vn 0.003522 0.993842 0.110751
vn -0.008240 0.965807 -0.259131
vn -0.017912 0.826053 -0.563308
vn -0.023332 0.679043 -0.733728
vn -0.026776 0.538714 -0.842063
vn -0.029222 0.393247 -0.918969
vn -0.030675 0.261710 -0.964659
vn -0.031398 0.155076 -0.987403
vn -0.031725 0.060266 -0.997678
vn -0.031767 -0.031363 -0.999003
vn -0.031552 -0.120165 -0.992252
vn -0.031099 -0.206275 -0.978000
vn -0.030279 -0.303929 -0.952213
vn -0.028252 -0.458051 -0.888477
vn -0.023654 -0.667924 -0.743853
vn -0.019035 -0.800823 -0.598599
vn -0.018754 -0.807349 -0.589776
vn -0.020737 -0.757821 -0.652133
vn -0.021797 -0.727789 -0.685455
vn -0.023062 -0.688102 -0.725247
vn -0.025832 -0.582571 -0.812369
vn -0.029235 -0.392252 -0.919393
vn -0.031033 -0.215936 -0.975914
vn -0.031528 -0.126295 -0.991492
vn -0.031618 -0.101742 -0.994308
vn -0.031783 0.000000 -0.999495
vn 0.032199 -0.085288 0.995836
vn 0.032197 -0.086148 0.995762
vn 0.032260 -0.059443 0.997710
vn 0.032311 0.019415 0.999289
vn 0.031922 0.155954 0.987248
vn 0.030879 0.294970 0.955007
vn 0.029631 0.399175 0.916396
vn 0.027935 0.502800 0.863951
vn 0.024861 0.638914 0.768876
vn 0.019176 0.804931 0.593059
vn 0.011351 0.936283 0.351062
vn 0.002013 0.998059 0.062243
vn -0.009114 0.959412 -0.281860
vn -0.018194 0.826465 -0.562695
vn -0.023428 0.688811 -0.724563
vn -0.026889 0.554717 -0.831604
vn -0.029460 0.411090 -0.911119
vn -0.031056 0.276604 -0.960482
vn -0.031875 0.164814 -0.985809
vn -0.032251 0.064169 -0.997418
vn -0.032299 -0.033316 -0.998923
vn -0.032056 -0.126916 -0.991395
vn -0.031551 -0.216436 -0.975787
vn -0.030654 -0.316700 -0.948030
vn -0.028482 -0.472497 -0.880872
vn -0.023759 -0.677861 -0.734806
vn -0.019253 -0.803179 -0.595426
vn -0.019070 -0.807349 -0.589766
vn -0.021086 -0.757821 -0.652122
vn -0.022163 -0.727789 -0.685443
vn -0.023450 -0.688102 -0.725235
vn -0.026267 -0.582571 -0.812356
vn -0.029727 -0.392252 -0.919377
vn -0.031555 -0.215936 -0.975897
vn -0.032058 -0.126295 -0.991475
vn -0.032149 -0.101742 -0.994291
vn -0.032317 0.000000 -0.999478
vn 0.032728 -0.086592 0.995706
vn 0.032724 -0.088189 0.995566
vn 0.032789 -0.061563 0.997564
vn 0.032845 0.020386 0.999253
vn 0.032394 0.166400 0.985526
vn 0.031150 0.317692 0.947682
vn 0.029639 0.431273 0.901734
vn 0.027565 0.544016 0.838622
vn 0.023853 0.687621 0.725678
vn 0.017366 0.848858 0.528336
vn 0.009159 0.960353 0.278637
vn 0.000098 0.999996 0.002993
vn -0.010148 0.951094 -0.308735
vn -0.018471 0.826963 -0.561953
vn -0.023434 0.700834 -0.712939
vn -0.026876 0.575087 -0.817651
vn -0.029585 0.434711 -0.900084
vn -0.031370 0.296942 -0.954380
vn -0.032325 0.178337 -0.983438
vn -0.032772 0.069623 -0.997035
vn -0.032830 -0.036032 -0.998811
vn -0.032546 -0.136161 -0.990152
vn -0.031970 -0.230113 -0.972639
vn -0.030970 -0.333570 -0.942216
vn -0.028618 -0.491046 -0.870663
vn -0.023775 -0.690111 -0.723313
vn -0.019444 -0.806032 -0.591552
vn -0.019385 -0.807349 -0.589755
vn -0.021434 -0.757821 -0.652111
vn -0.022530 -0.727789 -0.685431
vn -0.023838 -0.688102 -0.725222
vn -0.026701 -0.582571 -0.812341
vn -0.030219 -0.392252 -0.919361
vn -0.032077 -0.215936 -0.975880
vn -0.032589 -0.126295 -0.991457
vn -0.032681 -0.101742 -0.994274
vn -0.032852 0.000000 -0.999460
vn 0.033256 -0.088019 0.995564
vn 0.033249 -0.090459 0.995345
vn 0.033318 -0.063981 0.997395
vn 0.033378 0.021527 0.999211
vn 0.032846 0.179084 0.983285
vn 0.031328 0.345650 0.937841
vn 0.029458 0.470612 0.881848
vn 0.026863 0.593793 0.804169
vn 0.022320 0.743672 0.668172
vn 0.014967 0.893885 0.448046
vn 0.006560 0.980506 0.196382
vn -0.001998 0.998208 -0.059802
vn -0.011238 0.941644 -0.336422
vn -0.018746 0.827490 -0.561167
vn -0.023382 0.713810 -0.699949
vn -0.026761 0.597920 -0.801109
vn -0.029601 0.462480 -0.886135
vn -0.031610 0.321828 -0.946270
vn -0.032743 0.195264 -0.980204
vn -0.033288 0.076511 -0.996513
vn -0.033360 -0.039437 -0.998665
vn -0.033021 -0.147531 -0.988506
vn -0.032355 -0.246560 -0.968587
vn -0.031232 -0.353377 -0.934959
vn -0.028677 -0.512074 -0.858462
vn -0.023732 -0.703354 -0.710444
vn -0.019622 -0.809056 -0.587404
vn -0.019700 -0.807349 -0.589745
vn -0.021783 -0.757821 -0.652099
vn -0.022896 -0.727789 -0.685419
vn -0.024225 -0.688102 -0.725209
vn -0.027135 -0.582571 -0.812327
vn -0.030710 -0.392252 -0.919345
vn -0.032598 -0.215936 -0.975863
vn -0.033119 -0.126295 -0.991440
vn -0.033213 -0.101742 -0.994256
vn -0.033386 0.000000 -0.999443
vn 0.033785 -0.089384 0.995424
vn 0.033774 -0.092671 0.995124
vn 0.033845 -0.066397 0.997219
vn 0.033912 0.022705 0.999167
vn 0.033285 0.192665 0.980700
vn 0.031432 0.375973 0.926097
vn 0.029118 0.512925 0.857939
vn 0.025890 0.646077 0.762833
vn 0.020413 0.798659 0.601437
vn 0.012301 0.931929 0.362432
vn 0.003944 0.993218 0.116197
vn -0.003985 0.993077 -0.117400
vn -0.012264 0.932357 -0.361331
vn -0.019021 0.827979 -0.560436
vn -0.023325 0.726045 -0.687251
vn -0.026607 0.620276 -0.783932
vn -0.029548 0.491083 -0.870612
vn -0.031792 0.348667 -0.936707
vn -0.033134 0.214027 -0.976266
vn -0.033800 0.084230 -0.995873
vn -0.033889 -0.043223 -0.998491
vn -0.033484 -0.159886 -0.986567
vn -0.032717 -0.263974 -0.963975
vn -0.031462 -0.373786 -0.926981
vn -0.028702 -0.532925 -0.845676
vn -0.023685 -0.715862 -0.697840
vn -0.019804 -0.811861 -0.583515
vn -0.020015 -0.807349 -0.589734
vn -0.022132 -0.757821 -0.652087
vn -0.023263 -0.727789 -0.685406
vn -0.024613 -0.688102 -0.725196
vn -0.027570 -0.582571 -0.812312
vn -0.031202 -0.392252 -0.919328
vn -0.033120 -0.215936 -0.975846
vn -0.033649 -0.126295 -0.991422
vn -0.033744 -0.101742 -0.994238
vn -0.033920 0.000000 -0.999425
vn 0.034313 -0.090481 0.995307
vn 0.034300 -0.094477 0.994936
vn 0.034374 -0.068418 0.997064
vn 0.034445 0.023720 0.999125
vn 0.033724 0.204781 0.978227
vn 0.031528 0.403299 0.914525
vn 0.028762 0.550583 0.834285
vn 0.024900 0.691183 0.722251
vn 0.018567 0.842386 0.538555
vn 0.009938 0.957502 0.288255
vn 0.001785 0.998657 0.051774
vn -0.005573 0.986830 -0.161665
vn -0.013110 0.924775 -0.380288
vn -0.019301 0.828361 -0.559861
vn -0.023335 0.735745 -0.676857
vn -0.026515 0.638572 -0.769105
vn -0.029522 0.515599 -0.856321
vn -0.031972 0.372735 -0.927387
vn -0.033520 0.231345 -0.972294
vn -0.034310 0.091442 -0.995219
vn -0.034417 -0.046731 -0.998314
vn -0.033947 -0.171070 -0.984674
vn -0.033083 -0.279332 -0.959624
vn -0.031707 -0.391318 -0.919709
vn -0.028771 -0.550201 -0.834537
vn -0.023702 -0.725793 -0.687505
vn -0.020011 -0.814055 -0.580443
vn -0.020331 -0.807349 -0.589724
vn -0.022480 -0.757821 -0.652076
vn -0.023629 -0.727789 -0.685394
vn -0.025001 -0.688102 -0.725183
vn -0.028004 -0.582571 -0.812297
vn -0.031693 -0.392252 -0.919311
vn -0.033642 -0.215936 -0.975828
vn -0.034179 -0.126295 -0.991404
vn -0.034276 -0.101742 -0.994220
vn -0.034455 0.000000 -0.999406
vn 0.034843 -0.091123 0.995230
vn 0.034829 -0.095546 0.994816
vn 0.034904 -0.069635 0.996962
vn 0.034978 0.024345 0.999092
vn 0.034190 0.212436 0.976577
vn 0.031742 0.420668 0.906659
vn 0.028645 0.574215 0.818203
vn 0.024330 0.718661 0.694935
vn 0.017426 0.867146 0.497750
vn 0.008510 0.969970 0.243075
vn 0.000505 0.999896 0.014435
vn -0.006535 0.982402 -0.186664
vn -0.013688 0.920306 -0.390959
vn -0.019589 0.828581 -0.559526
vn -0.023481 0.741363 -0.670694
vn -0.026607 0.649401 -0.759981
vn -0.029657 0.530601 -0.847103
vn -0.032248 0.387983 -0.921102
vn -0.033944 0.242576 -0.969538
vn -0.034826 0.096168 -0.994756
vn -0.034947 -0.049016 -0.998186
vn -0.034429 -0.178216 -0.983389
vn -0.033496 -0.288950 -0.956758
vn -0.032036 -0.402077 -0.915045
vn -0.028975 -0.560522 -0.827632
vn -0.023855 -0.731551 -0.681370
vn -0.020259 -0.815315 -0.578663
vn -0.020646 -0.807349 -0.589713
vn -0.022829 -0.757821 -0.652063
vn -0.023995 -0.727789 -0.685381
vn -0.025388 -0.688102 -0.725169
vn -0.028438 -0.582571 -0.812282
vn -0.032185 -0.392252 -0.919294
vn -0.034163 -0.215936 -0.975810
vn -0.034708 -0.126295 -0.991385
vn -0.034807 -0.101742 -0.994202
vn -0.034989 0.000000 -0.999388
vn 0.035375 -0.091188 0.995205
vn 0.035360 -0.095654 0.994786
vn 0.035436 -0.069759 0.996934
vn 0.035512 0.024409 0.999071
vn 0.034706 0.213232 0.976385
vn 0.032197 0.422477 0.905801
vn 0.029021 0.576662 0.816467
vn 0.024598 0.721465 0.692014
vn 0.017540 0.869588 0.493466
vn 0.008476 0.971115 0.238461
vn 0.000380 0.999943 0.010697
vn -0.006723 0.981927 -0.189140
vn -0.013934 0.919855 -0.392010
vn -0.019887 0.828603 -0.559483
vn -0.023817 0.741926 -0.670058
vn -0.026980 0.650496 -0.759030
vn -0.030076 0.532139 -0.846123
vn -0.032716 0.389570 -0.920416
vn -0.034451 0.243757 -0.969224
vn -0.035356 0.096667 -0.994689
vn -0.035480 -0.049256 -0.998156
vn -0.034949 -0.178963 -0.983235
vn -0.033997 -0.289946 -0.956439
vn -0.032508 -0.403182 -0.914542
vn -0.029393 -0.561570 -0.826907
vn -0.024197 -0.732128 -0.680737
vn -0.020562 -0.815441 -0.578475
vn -0.020961 -0.807349 -0.589702
vn -0.023177 -0.757821 -0.652051
vn -0.024361 -0.727789 -0.685368
vn -0.025776 -0.688102 -0.725156
vn -0.028872 -0.582571 -0.812267
vn -0.032676 -0.392252 -0.919277
vn -0.034685 -0.215936 -0.975791
vn -0.035238 -0.126295 -0.991367
vn -0.035338 -0.101742 -0.994183
vn -0.035523 0.000000 -0.999369
vn 0.035908 -0.090652 0.995235
vn 0.035894 -0.094760 0.994853
vn 0.035971 -0.068739 0.996986
vn 0.036046 0.023883 0.999065
vn 0.035277 0.206773 0.977753
vn 0.032922 0.407812 0.912472
vn 0.029952 0.556748 0.830141
vn 0.025805 0.698417 0.715225
vn 0.019049 0.849049 0.527971
vn 0.009970 0.961008 0.276342
vn 0.001509 0.999124 0.041810
vn -0.006075 0.985705 -0.168369
vn -0.013824 0.923589 -0.383135
vn -0.020196 0.828420 -0.559743
vn -0.024361 0.737243 -0.675189
vn -0.027662 0.641442 -0.766672
vn -0.030808 0.519539 -0.853891
vn -0.033401 0.376700 -0.925733
vn -0.035053 0.234245 -0.971545
vn -0.035902 0.092659 -0.995050
vn -0.036016 -0.047321 -0.998230
vn -0.035513 -0.172923 -0.984295
vn -0.034595 -0.281842 -0.958837
vn -0.033138 -0.394141 -0.918452
vn -0.030043 -0.552929 -0.832686
vn -0.024745 -0.727327 -0.685845
vn -0.020924 -0.814392 -0.579938
vn -0.021276 -0.807349 -0.589690
vn -0.023526 -0.757821 -0.652039
vn -0.024728 -0.727789 -0.685355
vn -0.026163 -0.688102 -0.725142
vn -0.029306 -0.582571 -0.812252
vn -0.033167 -0.392252 -0.919259
vn -0.035206 -0.215936 -0.975773
vn -0.035768 -0.126295 -0.991348
vn -0.035870 -0.101742 -0.994164
vn -0.036057 0.000000 -0.999350
vn 0.036443 -0.089597 0.995311
vn 0.036432 -0.093021 0.994997
vn 0.036509 -0.066785 0.997099
vn 0.036581 0.022897 0.999068
vn 0.035889 0.194938 0.980159
vn 0.033829 0.381081 0.923923
vn 0.031254 0.520003 0.853592
vn 0.027659 0.654668 0.755410
vn 0.021595 0.807267 0.589791
vn 0.012752 0.937304 0.348280
vn 0.003793 0.994612 0.103596
vn -0.004620 0.991998 -0.126167
vn -0.013367 0.930886 -0.365066
vn -0.020514 0.828054 -0.560272
vn -0.025088 0.727946 -0.685175
vn -0.028598 0.623821 -0.781044
vn -0.031778 0.495753 -0.867882
vn -0.034233 0.353173 -0.934931
vn -0.035717 0.217233 -0.975466
vn -0.036456 0.085559 -0.995666
vn -0.036555 -0.043871 -0.998368
vn -0.036107 -0.161972 -0.986135
vn -0.035263 -0.266867 -0.963088
vn -0.033889 -0.377123 -0.925543
vn -0.030884 -0.536257 -0.843490
vn -0.025476 -0.717807 -0.695776
vn -0.021341 -0.812293 -0.582859
vn -0.021591 -0.807349 -0.589679
vn -0.023874 -0.757821 -0.652026
vn -0.025094 -0.727789 -0.685342
vn -0.026551 -0.688102 -0.725128
vn -0.029740 -0.582571 -0.812236
vn -0.033658 -0.392252 -0.919242
vn -0.035727 -0.215936 -0.975754
vn -0.036298 -0.126295 -0.991328
vn -0.036401 -0.101742 -0.994145
vn -0.036591 0.000000 -0.999330
vn 0.036980 -0.088192 0.995417
vn 0.036971 -0.090737 0.995188
vn 0.037047 -0.064281 0.997244
vn 0.037116 0.021671 0.999076
vn 0.036513 0.180722 0.982856
vn 0.034786 0.349287 0.936370
vn 0.032655 0.475710 0.878996
vn 0.029695 0.600169 0.799322
vn 0.024530 0.750604 0.660297
vn 0.016257 0.899025 0.437596
vn 0.006919 0.982479 0.186243
vn -0.002498 0.997734 -0.067236
vn -0.012617 0.940479 -0.339618
vn -0.020841 0.827553 -0.561001
vn -0.025940 0.715371 -0.698264
vn -0.029679 0.600727 -0.798903
vn -0.032847 0.465992 -0.884179
vn -0.035108 0.325055 -0.945043
vn -0.036393 0.197491 -0.979629
vn -0.037013 0.077422 -0.996311
vn -0.037095 -0.039886 -0.998515
vn -0.036710 -0.149011 -0.988154
vn -0.035958 -0.248671 -0.967920
vn -0.034694 -0.355882 -0.933887
vn -0.031830 -0.514677 -0.856793
vn -0.026331 -0.704948 -0.708770
vn -0.021801 -0.809416 -0.586830
vn -0.021906 -0.807349 -0.589667
vn -0.024222 -0.757821 -0.652013
vn -0.025460 -0.727789 -0.685328
vn -0.026938 -0.688102 -0.725114
vn -0.030174 -0.582571 -0.812220
vn -0.034149 -0.392252 -0.919224
vn -0.036248 -0.215936 -0.975734
vn -0.036827 -0.126295 -0.991309
vn -0.036932 -0.101742 -0.994125
vn -0.037124 0.000000 -0.999311
vn 0.037516 -0.086640 0.995533
vn 0.037511 -0.088265 0.995391
vn 0.037586 -0.061643 0.997390
vn 0.037650 0.020423 0.999082
vn 0.037130 0.166804 0.985291
vn 0.035696 0.318576 0.947225
vn 0.033953 0.432521 0.900984
vn 0.031559 0.545608 0.837446
vn 0.027276 0.689464 0.723806
vn 0.019811 0.850434 0.525709
vn 0.010396 0.961139 0.275869
vn 0.000032 1.000000 0.000844
vn -0.011669 0.950782 -0.309642
vn -0.021172 0.826981 -0.561832
vn -0.026846 0.701273 -0.712387
vn -0.030788 0.575845 -0.816979
vn -0.033897 0.435611 -0.899497
vn -0.035950 0.297731 -0.953973
vn -0.037051 0.178867 -0.983175
vn -0.037566 0.069838 -0.996851
vn -0.037633 -0.036138 -0.998638
vn -0.037305 -0.136520 -0.989935
vn -0.036643 -0.230639 -0.972349
vn -0.035493 -0.334212 -0.941829
vn -0.032790 -0.491740 -0.870124
vn -0.027237 -0.690559 -0.722763
vn -0.022283 -0.806135 -0.591311
vn -0.022221 -0.807349 -0.589655
vn -0.024570 -0.757821 -0.652000
vn -0.025826 -0.727789 -0.685315
vn -0.027325 -0.688102 -0.725099
vn -0.030608 -0.582571 -0.812204
vn -0.034640 -0.392252 -0.919205
vn -0.036770 -0.215936 -0.975715
vn -0.037356 -0.126295 -0.991289
vn -0.037463 -0.101742 -0.994105
vn -0.037658 0.000000 -0.999291
vn 0.038053 -0.085144 0.995642
vn 0.038050 -0.085925 0.995575
vn 0.038125 -0.059215 0.997517
vn 0.038184 0.019312 0.999084
vn 0.037731 0.154865 0.987215
vn 0.036520 0.292619 0.955532
vn 0.035072 0.395851 0.917645
vn 0.033108 0.498508 0.866253
vn 0.029543 0.633737 0.772984
vn 0.022914 0.800011 0.599547
vn 0.013711 0.933337 0.358740
vn 0.002631 0.997625 0.068829
vn -0.010654 0.960304 -0.278751
vn -0.021505 0.826409 -0.562660
vn -0.027735 0.687479 -0.725674
vn -0.031833 0.552508 -0.832900
vn -0.034858 0.408590 -0.912052
vn -0.036725 0.274493 -0.960887
vn -0.037678 0.163426 -0.985836
vn -0.038114 0.063611 -0.997247
vn -0.038171 -0.033038 -0.998725
vn -0.037887 -0.125958 -0.991312
vn -0.037298 -0.215003 -0.975901
vn -0.036248 -0.314912 -0.948428
vn -0.033700 -0.470495 -0.881759
vn -0.028126 -0.676506 -0.735900
vn -0.022769 -0.802860 -0.595733
vn -0.022536 -0.807349 -0.589643
vn -0.024919 -0.757821 -0.651987
vn -0.026192 -0.727789 -0.685301
vn -0.027712 -0.688102 -0.725084
vn -0.031041 -0.582571 -0.812187
vn -0.035131 -0.392252 -0.919187
vn -0.037291 -0.215936 -0.975695
vn -0.037886 -0.126295 -0.991269
vn -0.037993 -0.101742 -0.994085
vn -0.038192 0.000000 -0.999270
vn 0.038589 -0.083865 0.995730
vn 0.038588 -0.083960 0.995722
vn 0.038662 -0.057225 0.997612
vn 0.038718 0.018427 0.999080
vn 0.038312 0.145645 0.988595
vn 0.037256 0.272845 0.961336
vn 0.036009 0.367888 0.929173
vn 0.034339 0.462277 0.886070
vn 0.031285 0.589356 0.807267
vn 0.025350 0.755952 0.654136
vn 0.016491 0.904794 0.425530
vn 0.004964 0.991749 0.128099
vn -0.009717 0.968007 -0.250733
vn -0.021834 0.825904 -0.563388
vn -0.028553 0.675547 -0.736764
vn -0.032763 0.533103 -0.845416
vn -0.035705 0.387132 -0.921333
vn -0.037427 0.256695 -0.965768
vn -0.038276 0.151827 -0.987666
vn -0.038658 0.058968 -0.997511
vn -0.038707 -0.030711 -0.998779
vn -0.038455 -0.117894 -0.992281
vn -0.037920 -0.202824 -0.978481
vn -0.036947 -0.299545 -0.953367
vn -0.034524 -0.453010 -0.890837
vn -0.028943 -0.664371 -0.746843
vn -0.023237 -0.799970 -0.599590
vn -0.022851 -0.807349 -0.589631
vn -0.025267 -0.757821 -0.651974
vn -0.026558 -0.727789 -0.685287
vn -0.028099 -0.688102 -0.725069
vn -0.031475 -0.582571 -0.812170
vn -0.035622 -0.392252 -0.919168
vn -0.037811 -0.215936 -0.975675
vn -0.038415 -0.126295 -0.991249
vn -0.038524 -0.101742 -0.994065
vn -0.038725 0.000000 -0.999250
vn 0.039123 -0.082908 0.995789
vn 0.039125 -0.082510 0.995822
vn 0.039197 -0.055784 0.997673
vn 0.039252 0.017800 0.999071
vn 0.038876 0.139269 0.989491
vn 0.037916 0.259319 0.965047
vn 0.036793 0.348775 0.936484
vn 0.035304 0.437416 0.898566
vn 0.032571 0.558277 0.829015
vn 0.027115 0.723173 0.690135
vn 0.018566 0.881110 0.472546
vn 0.006787 0.984945 0.172735
vn -0.008988 0.973438 -0.228773
vn -0.022157 0.825516 -0.563943
vn -0.029266 0.666545 -0.744890
vn -0.033559 0.518928 -0.854159
vn -0.036441 0.372001 -0.927517
vn -0.038067 0.244470 -0.968909
vn -0.038850 0.143967 -0.988820
vn -0.039197 0.055836 -0.997670
vn -0.039242 -0.029135 -0.998805
vn -0.039010 -0.112365 -0.992901
vn -0.038510 -0.194350 -0.980176
vn -0.037587 -0.288679 -0.956688
vn -0.035248 -0.440333 -0.897142
vn -0.029657 -0.655228 -0.754848
vn -0.023672 -0.797752 -0.602521
vn -0.023165 -0.807349 -0.589619
vn -0.025615 -0.757821 -0.651960
vn -0.026924 -0.727789 -0.685272
vn -0.028486 -0.688102 -0.725054
vn -0.031909 -0.582571 -0.812153
vn -0.036112 -0.392252 -0.919148
vn -0.038332 -0.215936 -0.975655
vn -0.038944 -0.126295 -0.991228
vn -0.039055 -0.101742 -0.994044
vn -0.039258 0.000000 -0.999229
vn 0.039657 -0.082317 0.995817
vn 0.039659 -0.081623 0.995874
vn 0.039732 -0.054914 0.997700
vn 0.039786 0.017427 0.999056
vn 0.039425 0.135530 0.989988
vn 0.038513 0.251447 0.967105
vn 0.037455 0.337661 0.940522
vn 0.036058 0.422938 0.905441
vn 0.033492 0.539979 0.841012
vn 0.028293 0.703174 0.710454
vn 0.019921 0.865660 0.500236
vn 0.007978 0.979697 0.200323
vn -0.008552 0.976630 -0.214758
vn -0.022472 0.825272 -0.564288
vn -0.029861 0.660950 -0.749836
vn -0.034220 0.510314 -0.859307
vn -0.037077 0.363019 -0.931044
vn -0.038655 0.237334 -0.970659
vn -0.039403 0.139417 -0.989449
vn -0.039734 0.054029 -0.997749
vn -0.039776 -0.028223 -0.998810
vn -0.039554 -0.109140 -0.993239
vn -0.039072 -0.189361 -0.981130
vn -0.038174 -0.282214 -0.958592
vn -0.035874 -0.432666 -0.900840
vn -0.030254 -0.649551 -0.759716
vn -0.024067 -0.796356 -0.604349
vn -0.023480 -0.807349 -0.589607
vn -0.025963 -0.757821 -0.651946
vn -0.027289 -0.727789 -0.685258
vn -0.028873 -0.688102 -0.725039
vn -0.032342 -0.582571 -0.812136
vn -0.036603 -0.392252 -0.919129
vn -0.038853 -0.215936 -0.975634
vn -0.039473 -0.126295 -0.991207
vn -0.039585 -0.101742 -0.994023
vn -0.039792 0.000000 -0.999208
vn 0.040189 -0.082074 0.995816
vn 0.040192 -0.081260 0.995882
vn 0.040265 -0.054561 0.997698
vn 0.040319 0.017277 0.999037
vn 0.039961 0.134038 0.990170
vn 0.039062 0.248316 0.967891
vn 0.038020 0.333244 0.942074
vn 0.036648 0.417181 0.908084
vn 0.034128 0.532667 0.845636
vn 0.028992 0.695044 0.718382
vn 0.020634 0.859164 0.511283
vn 0.008541 0.977313 0.211626
vn -0.008431 0.977900 -0.208904
vn -0.022779 0.825171 -0.564424
vn -0.030343 0.658646 -0.751841
vn -0.034763 0.506810 -0.861357
vn -0.037630 0.359411 -0.932420
vn -0.039201 0.234491 -0.971327
vn -0.039941 0.137613 -0.989680
vn -0.040268 0.053313 -0.997766
vn -0.040309 -0.027861 -0.998799
vn -0.040090 -0.107856 -0.993358
vn -0.039611 -0.187365 -0.981491
vn -0.038717 -0.279614 -0.959332
vn -0.036415 -0.429555 -0.902306
vn -0.030740 -0.647215 -0.761687
vn -0.024420 -0.795777 -0.605097
vn -0.023795 -0.807349 -0.589594
vn -0.026311 -0.757821 -0.651932
vn -0.027655 -0.727789 -0.685243
vn -0.029260 -0.688102 -0.725024
vn -0.032775 -0.582571 -0.812119
vn -0.037093 -0.392252 -0.919109
vn -0.039374 -0.215936 -0.975613
vn -0.040002 -0.126295 -0.991186
vn -0.040116 -0.101742 -0.994002
vn -0.040325 0.000000 -0.999187
vn 0.040720 -0.082111 0.995791
vn 0.040723 -0.081316 0.995856
vn 0.040797 -0.054615 0.997674
vn 0.040852 0.017299 0.999015
vn 0.040488 0.134264 0.990118
vn 0.039573 0.248791 0.967748
vn 0.038513 0.333914 0.941816
vn 0.037116 0.418055 0.907663
vn 0.034551 0.533779 0.844918
vn 0.029327 0.696285 0.717166
vn 0.020838 0.860164 0.509592
vn 0.008583 0.977687 0.209892
vn -0.008579 0.977707 -0.209798
vn -0.023079 0.825186 -0.564389
vn -0.030731 0.658999 -0.751516
vn -0.035209 0.507345 -0.861024
vn -0.038119 0.359960 -0.932189
vn -0.039715 0.234923 -0.971202
vn -0.040468 0.137887 -0.989621
vn -0.040800 0.053422 -0.997738
vn -0.040842 -0.027916 -0.998776
vn -0.040619 -0.108051 -0.993315
vn -0.040132 -0.187668 -0.981412
vn -0.039224 -0.280010 -0.959196
vn -0.036887 -0.430030 -0.902061
vn -0.031134 -0.647573 -0.761367
vn -0.024739 -0.795866 -0.604967
vn -0.024109 -0.807349 -0.589581
vn -0.026658 -0.757821 -0.651918
vn -0.028021 -0.727789 -0.685228
vn -0.029647 -0.688102 -0.725008
vn -0.033209 -0.582571 -0.812101
vn -0.037584 -0.392252 -0.919090
vn -0.039894 -0.215936 -0.975592
vn -0.040531 -0.126295 -0.991164
vn -0.040646 -0.101742 -0.993980
vn -0.040858 0.000000 -0.999165
vn 0.041251 -0.082320 0.995752
vn 0.041253 -0.081627 0.995809
vn 0.041329 -0.054918 0.997635
vn 0.041385 0.017429 0.998991
vn 0.041009 0.135548 0.989922
vn 0.040061 0.251484 0.967032
vn 0.038959 0.337714 0.940442
vn 0.037506 0.423007 0.905350
vn 0.034836 0.540067 0.840901
vn 0.029426 0.703272 0.710311
vn 0.020716 0.865737 0.500070
vn 0.008293 0.979725 0.200174
vn -0.008899 0.976614 -0.214814
vn -0.023375 0.825273 -0.564249
vn -0.031060 0.660977 -0.749763
vn -0.035595 0.510356 -0.859226
vn -0.038567 0.363063 -0.930966
vn -0.040208 0.237368 -0.970587
vn -0.040987 0.139439 -0.989382
vn -0.041331 0.054038 -0.997683
vn -0.041375 -0.028227 -0.998745
vn -0.041144 -0.109156 -0.993173
vn -0.040642 -0.189385 -0.981061
vn -0.039708 -0.282246 -0.958520
vn -0.037316 -0.432703 -0.900764
vn -0.031470 -0.649579 -0.759642
vn -0.025034 -0.796363 -0.604301
vn -0.024424 -0.807349 -0.589568
vn -0.027006 -0.757821 -0.651904
vn -0.028386 -0.727789 -0.685213
vn -0.030034 -0.688102 -0.724992
vn -0.033642 -0.582571 -0.812084
vn -0.038074 -0.392252 -0.919069
vn -0.040415 -0.215936 -0.975571
vn -0.041060 -0.126295 -0.991143
vn -0.041176 -0.101742 -0.993958
vn -0.041391 0.000000 -0.999143
vn 0.041781 -0.082569 0.995709
vn 0.041783 -0.082000 0.995756
vn 0.041860 -0.055283 0.997593
vn 0.041918 0.017585 0.998966
vn 0.041528 0.137106 0.989685
vn 0.040541 0.254760 0.966154
vn 0.039391 0.342336 0.938751
vn 0.037870 0.429030 0.902496
vn 0.035077 0.547695 0.835942
vn 0.029452 0.711669 0.701897
vn 0.020499 0.872314 0.488515
vn 0.007912 0.982032 0.188549
vn -0.009263 0.975286 -0.220753
vn -0.023670 0.825377 -0.564086
vn -0.031373 0.663338 -0.747662
vn -0.035963 0.513973 -0.857052
vn -0.039002 0.366815 -0.929476
vn -0.040695 0.240338 -0.969836
vn -0.041503 0.141330 -0.989092
vn -0.041861 0.054788 -0.997620
vn -0.041907 -0.028606 -0.998712
vn -0.041667 -0.110498 -0.993003
vn -0.041149 -0.191466 -0.980636
vn -0.040186 -0.284947 -0.957700
vn -0.037731 -0.435919 -0.899195
vn -0.031789 -0.651974 -0.757575
vn -0.025324 -0.796954 -0.603509
vn -0.024738 -0.807349 -0.589555
vn -0.027354 -0.757821 -0.651889
vn -0.028752 -0.727789 -0.685198
vn -0.030421 -0.688102 -0.724976
vn -0.034075 -0.582571 -0.812065
vn -0.038564 -0.392252 -0.919049
vn -0.040935 -0.215936 -0.975549
vn -0.041588 -0.126295 -0.991121
vn -0.041707 -0.101742 -0.993936
vn -0.041924 0.000000 -0.999121
vn 0.042312 -0.082730 0.995673
vn 0.042313 -0.082242 0.995714
vn 0.042392 -0.055520 0.997557
vn 0.042450 0.017686 0.998942
vn 0.042050 0.138125 0.989522
vn 0.041032 0.256906 0.965565
vn 0.039845 0.345367 0.937621
vn 0.038271 0.432978 0.900592
vn 0.035383 0.552683 0.832640
vn 0.029591 0.717112 0.696329
vn 0.020438 0.876507 0.480954
vn 0.007693 0.983445 0.181041
vn -0.009542 0.974415 -0.224552
vn -0.023966 0.825443 -0.563976
vn -0.031714 0.664859 -0.746295
vn -0.036360 0.516317 -0.855625
vn -0.039456 0.369262 -0.928487
vn -0.041192 0.242284 -0.969331
vn -0.042023 0.142570 -0.988892
vn -0.042392 0.055281 -0.997571
vn -0.042439 -0.028855 -0.998682
vn -0.042193 -0.111377 -0.992882
vn -0.041660 -0.192825 -0.980348
vn -0.040675 -0.286708 -0.957154
vn -0.038168 -0.438006 -0.898161
vn -0.032136 -0.653517 -0.756229
vn -0.025625 -0.797333 -0.602996
vn -0.025053 -0.807349 -0.589542
vn -0.027702 -0.757821 -0.651875
vn -0.029117 -0.727789 -0.685183
vn -0.030807 -0.688102 -0.724959
vn -0.034508 -0.582571 -0.812047
vn -0.039054 -0.392252 -0.919028
vn -0.041455 -0.215936 -0.975527
vn -0.042117 -0.126295 -0.991098
vn -0.042237 -0.101742 -0.993914
vn -0.042457 0.000000 -0.999098
vn 0.042843 -0.082702 0.995653
vn 0.042844 -0.082200 0.995695
vn 0.042924 -0.055479 0.997537
vn 0.042983 0.017669 0.998920
vn 0.042579 0.137947 0.989524
vn 0.041551 0.256530 0.965643
vn 0.040353 0.344836 0.937795
vn 0.038765 0.432286 0.900903
vn 0.035852 0.551810 0.833199
vn 0.030004 0.716163 0.697288
vn 0.020752 0.875780 0.482264
vn 0.007846 0.983203 0.182344
vn -0.009634 0.974568 -0.223886
vn -0.024268 0.825432 -0.563980
vn -0.032122 0.664594 -0.746514
vn -0.036827 0.515908 -0.855852
vn -0.039959 0.368834 -0.928636
vn -0.041713 0.241943 -0.969393
vn -0.042552 0.142353 -0.988901
vn -0.042924 0.055195 -0.997553
vn -0.042972 -0.028811 -0.998661
vn -0.042723 -0.111223 -0.992877
vn -0.042185 -0.192587 -0.980373
vn -0.041189 -0.286401 -0.957224
vn -0.038654 -0.437642 -0.898318
vn -0.032549 -0.653249 -0.756443
vn -0.025950 -0.797267 -0.603069
vn -0.025367 -0.807349 -0.589528
vn -0.028049 -0.757821 -0.651860
vn -0.029482 -0.727789 -0.685167
vn -0.031194 -0.688102 -0.724943
vn -0.034941 -0.582571 -0.812029
vn -0.039545 -0.392252 -0.919007
vn -0.041976 -0.215936 -0.975505
vn -0.042646 -0.126295 -0.991076
vn -0.042767 -0.101742 -0.993891
vn -0.042990 0.000000 -0.999076
vn 0.043374 -0.082437 0.995652
vn 0.043377 -0.081803 0.995704
vn 0.043456 -0.055089 0.997535
vn 0.043516 0.017502 0.998899
vn 0.043116 0.136278 0.989732
vn 0.042106 0.253017 0.966545
vn 0.040932 0.339876 0.939579
vn 0.039379 0.425825 0.903948
vn 0.036529 0.543639 0.838524
vn 0.030770 0.707214 0.706329
vn 0.021548 0.868841 0.494621
vn 0.008482 0.980827 0.194694
vn -0.009479 0.975993 -0.217597
vn -0.024576 0.825322 -0.564127
vn -0.032617 0.662088 -0.748716
vn -0.037384 0.512054 -0.858139
vn -0.040523 0.364821 -0.930195
vn -0.042264 0.238758 -0.970159
vn -0.043092 0.140323 -0.989168
vn -0.043458 0.054389 -0.997574
vn -0.043505 -0.028404 -0.998649
vn -0.043259 -0.109784 -0.993014
vn -0.042727 -0.190359 -0.980784
vn -0.041737 -0.283512 -0.958060
vn -0.039206 -0.434213 -0.899957
vn -0.033048 -0.650706 -0.758611
vn -0.026307 -0.796641 -0.603880
vn -0.025681 -0.807349 -0.589515
vn -0.028397 -0.757821 -0.651845
vn -0.029848 -0.727789 -0.685151
vn -0.031581 -0.688102 -0.724926
vn -0.035374 -0.582571 -0.812010
vn -0.040035 -0.392252 -0.918986
vn -0.042496 -0.215936 -0.975482
vn -0.043174 -0.126295 -0.991053
vn -0.043297 -0.101742 -0.993868
vn -0.043522 0.000000 -0.999052
vn 0.043907 -0.081952 0.995669
vn 0.043910 -0.081079 0.995740
vn 0.043990 -0.054384 0.997551
vn 0.044049 0.017202 0.998881
vn 0.043662 0.133297 0.990114
vn 0.042693 0.246764 0.968135
vn 0.041571 0.331056 0.942695
vn 0.040096 0.414330 0.909243
vn 0.037385 0.529039 0.847774
vn 0.031846 0.690980 0.722172
vn 0.022785 0.855872 0.516686
vn 0.009581 0.976066 0.217264
vn -0.009080 0.978528 -0.205912
vn -0.024889 0.825120 -0.564409
vn -0.033194 0.657488 -0.752734
vn -0.038023 0.505057 -0.862248
vn -0.041142 0.357616 -0.932962
vn -0.042842 0.233083 -0.971513
vn -0.043641 0.136721 -0.989648
vn -0.043993 0.052960 -0.997627
vn -0.044038 -0.027682 -0.998646
vn -0.043801 -0.107219 -0.993270
vn -0.043283 -0.186373 -0.981525
vn -0.042314 -0.278319 -0.959556
vn -0.039816 -0.428001 -0.902901
vn -0.033627 -0.646041 -0.762562
vn -0.026696 -0.795485 -0.605384
vn -0.025996 -0.807349 -0.589501
vn -0.028744 -0.757821 -0.651829
vn -0.030213 -0.727789 -0.685135
vn -0.031967 -0.688102 -0.724909
vn -0.035807 -0.582571 -0.811991
vn -0.040524 -0.392252 -0.918965
vn -0.043016 -0.215936 -0.975459
vn -0.043702 -0.126295 -0.991030
vn -0.043826 -0.101742 -0.993845
vn -0.044055 0.000000 -0.999029
vn 0.044440 -0.081325 0.995696
vn 0.044444 -0.080149 0.995792
vn 0.044524 -0.053487 0.997575
vn 0.044581 0.016824 0.998864
vn 0.044212 0.129580 0.990583
vn 0.043295 0.239009 0.970052
vn 0.042241 0.320128 0.946432
vn 0.040864 0.400084 0.915567
vn 0.038331 0.510840 0.858821
vn 0.033087 0.670317 0.741337
vn 0.024285 0.838659 0.544116
vn 0.010994 0.969126 0.246321
vn -0.008501 0.981657 -0.190465
vn -0.025207 0.824855 -0.564782
vn -0.033826 0.651519 -0.757878
vn -0.038713 0.496125 -0.867388
vn -0.041791 0.348563 -0.936353
vn -0.043434 0.226030 -0.973152
vn -0.044196 0.132267 -0.990228
vn -0.044529 0.051196 -0.997695
vn -0.044572 -0.026789 -0.998647
vn -0.044346 -0.104034 -0.993585
vn -0.043848 -0.181391 -0.982433
vn -0.042909 -0.271784 -0.961401
vn -0.040462 -0.420095 -0.906578
vn -0.034260 -0.639991 -0.767618
vn -0.027107 -0.793971 -0.607351
vn -0.026310 -0.807349 -0.589487
vn -0.029092 -0.757821 -0.651814
vn -0.030578 -0.727789 -0.685119
vn -0.032353 -0.688102 -0.724892
vn -0.036240 -0.582571 -0.811972
vn -0.041014 -0.392252 -0.918943
vn -0.043536 -0.215936 -0.975436
vn -0.044231 -0.126295 -0.991006
vn -0.044356 -0.101742 -0.993821
vn -0.044588 0.000000 -0.999005
vn 0.044973 -0.080677 0.995725
vn 0.044978 -0.079195 0.995844
vn 0.045058 -0.052576 0.997600
vn 0.045114 0.016444 0.998846
vn 0.044761 0.125892 0.991034
vn 0.043896 0.231358 0.971878
vn 0.042907 0.309361 0.949976
vn 0.041622 0.386049 0.921539
vn 0.039261 0.492811 0.869250
vn 0.034311 0.649398 0.759674
vn 0.025797 0.820439 0.571152
vn 0.012472 0.961038 0.276135
vn -0.007863 0.984698 -0.174090
vn -0.025527 0.824576 -0.565175
vn -0.034468 0.645323 -0.763132
vn -0.039407 0.487024 -0.872499
vn -0.042440 0.339505 -0.939646
vn -0.044024 0.219056 -0.974719
vn -0.044749 0.127889 -0.990778
vn -0.045065 0.049467 -0.997759
vn -0.045105 -0.025911 -0.998646
vn -0.044890 -0.100884 -0.993885
vn -0.044412 -0.176433 -0.983310
vn -0.043504 -0.265230 -0.963203
vn -0.041111 -0.412068 -0.910225
vn -0.034903 -0.633718 -0.772777
vn -0.027524 -0.792382 -0.609404
vn -0.026624 -0.807349 -0.589473
vn -0.029439 -0.757821 -0.651798
vn -0.030943 -0.727789 -0.685103
vn -0.032740 -0.688102 -0.724875
vn -0.036673 -0.582571 -0.811952
vn -0.041504 -0.392252 -0.918921
vn -0.044055 -0.215936 -0.975413
vn -0.044759 -0.126295 -0.990982
vn -0.044886 -0.101742 -0.993798
vn -0.045120 0.000000 -0.998982
vn 0.045505 -0.080146 0.995744
vn 0.045512 -0.078419 0.995881
vn 0.045591 -0.051841 0.997614
vn 0.045646 0.016141 0.998827
vn 0.045306 0.122977 0.991375
vn 0.044478 0.225345 0.973263
vn 0.043536 0.300911 0.952658
vn 0.042320 0.375038 0.926043
vn 0.040084 0.478606 0.877114
vn 0.035356 0.632616 0.773658
vn 0.027069 0.805252 0.592314
vn 0.013726 0.953730 0.300352
vn -0.007328 0.987033 -0.160351
vn -0.025843 0.824345 -0.565498
vn -0.035070 0.640225 -0.767387
vn -0.040058 0.479664 -0.876537
vn -0.043058 0.332296 -0.942192
vn -0.044599 0.213566 -0.975910
vn -0.045297 0.124460 -0.991190
vn -0.045599 0.048114 -0.997800
vn -0.045638 -0.025224 -0.998640
vn -0.045431 -0.098405 -0.994109
vn -0.044968 -0.172506 -0.983981
vn -0.044082 -0.260004 -0.964601
vn -0.041729 -0.405596 -0.913100
vn -0.035507 -0.628559 -0.776951
vn -0.027927 -0.791060 -0.611100
vn -0.026938 -0.807349 -0.589459
vn -0.029786 -0.757821 -0.651783
vn -0.031308 -0.727789 -0.685086
vn -0.033126 -0.688102 -0.724857
vn -0.037105 -0.582571 -0.811933
vn -0.041994 -0.392252 -0.918899
vn -0.044575 -0.215936 -0.975389
vn -0.045287 -0.126295 -0.990958
vn -0.045415 -0.101742 -0.993774
vn -0.045652 0.000000 -0.998957
vn 0.046037 -0.079861 0.995742
vn 0.046044 -0.078004 0.995889
vn 0.046123 -0.051452 0.997610
vn 0.046179 0.015982 0.998805
vn 0.045843 0.121453 0.991538
vn 0.045030 0.222212 0.973958
vn 0.044107 0.296512 0.954010
vn 0.042920 0.369309 0.928315
vn 0.040736 0.471196 0.881087
vn 0.036098 0.623761 0.780781
vn 0.027892 0.797037 0.603286
vn 0.014482 0.949565 0.313236
vn -0.007068 0.988222 -0.152864
vn -0.026153 0.824219 -0.565667
vn -0.035583 0.637484 -0.769642
vn -0.040623 0.475754 -0.878640
vn -0.043621 0.328508 -0.943493
vn -0.045148 0.210701 -0.976507
vn -0.045836 0.122676 -0.991388
vn -0.046133 0.047411 -0.997810
vn -0.046170 -0.024866 -0.998624
vn -0.045966 -0.097111 -0.994212
vn -0.045509 -0.170449 -0.984315
vn -0.044630 -0.257254 -0.965313
vn -0.042285 -0.402164 -0.914591
vn -0.036024 -0.625787 -0.779162
vn -0.028295 -0.790344 -0.612009
vn -0.027252 -0.807349 -0.589444
vn -0.030134 -0.757821 -0.651767
vn -0.031673 -0.727789 -0.685069
vn -0.033512 -0.688102 -0.724839
vn -0.037538 -0.582571 -0.811913
vn -0.042483 -0.392252 -0.918876
vn -0.045095 -0.215936 -0.975366
vn -0.045815 -0.126295 -0.990934
vn -0.045945 -0.101742 -0.993749
vn -0.046184 0.000000 -0.998933
vn 0.046567 -0.079924 0.995713
vn 0.046574 -0.078096 0.995857
vn 0.046654 -0.051538 0.997581
vn 0.046711 0.016017 0.998780
vn 0.046369 0.121790 0.991472
vn 0.045541 0.222902 0.973777
vn 0.044602 0.297481 0.953685
vn 0.043391 0.370571 0.927790
vn 0.041164 0.472829 0.880192
vn 0.036441 0.625718 0.779198
vn 0.028101 0.798865 0.600854
vn 0.014515 0.950504 0.310373
vn -0.007227 0.987962 -0.154529
vn -0.026452 0.824247 -0.565612
vn -0.035970 0.638093 -0.769119
vn -0.041069 0.476620 -0.878150
vn -0.044110 0.329344 -0.943179
vn -0.045661 0.211332 -0.976347
vn -0.046361 0.123069 -0.991315
vn -0.046664 0.047566 -0.997778
vn -0.046702 -0.024945 -0.998597
vn -0.046494 -0.097396 -0.994159
vn -0.046029 -0.170903 -0.984212
vn -0.045137 -0.257861 -0.965127
vn -0.042757 -0.402924 -0.914234
vn -0.036416 -0.626403 -0.778649
vn -0.028612 -0.790504 -0.611788
vn -0.027566 -0.807349 -0.589430
vn -0.030481 -0.757821 -0.651751
vn -0.032038 -0.727789 -0.685052
vn -0.033898 -0.688102 -0.724822
vn -0.037970 -0.582571 -0.811893
vn -0.042973 -0.392252 -0.918853
vn -0.045614 -0.215936 -0.975341
vn -0.046342 -0.126295 -0.990910
vn -0.046474 -0.101742 -0.993725
vn -0.046717 0.000000 -0.998908
vn 0.047096 -0.080397 0.995650
vn 0.047102 -0.078785 0.995778
vn 0.047184 -0.052187 0.997522
vn 0.047242 0.016284 0.998751
vn 0.046882 0.124342 0.991131
vn 0.046002 0.228158 0.972537
vn 0.044999 0.304862 0.951333
vn 0.043701 0.380186 0.923877
vn 0.041313 0.485254 0.873397
vn 0.036285 0.640502 0.767099
vn 0.027547 0.812451 0.582378
vn 0.013666 0.957257 0.288914
vn -0.007893 0.985948 -0.166863
vn -0.026739 0.824455 -0.565296
vn -0.036201 0.642635 -0.765317
vn -0.041368 0.483130 -0.874571
vn -0.044507 0.335678 -0.940925
vn -0.046132 0.216135 -0.975273
vn -0.046872 0.126063 -0.990914
vn -0.047192 0.048746 -0.997696
vn -0.047233 -0.025545 -0.998557
vn -0.047014 -0.099565 -0.993920
vn -0.046525 -0.174346 -0.983585
vn -0.045592 -0.262457 -0.963866
vn -0.043124 -0.408642 -0.911676
vn -0.036655 -0.630998 -0.774918
vn -0.028865 -0.791687 -0.610245
vn -0.027880 -0.807349 -0.589415
vn -0.030828 -0.757821 -0.651734
vn -0.032403 -0.727789 -0.685035
vn -0.034284 -0.688102 -0.724803
vn -0.038403 -0.582571 -0.811872
vn -0.043462 -0.392252 -0.918830
vn -0.046134 -0.215936 -0.975317
vn -0.046870 -0.126295 -0.990885
vn -0.047003 -0.101742 -0.993700
vn -0.047249 0.000000 -0.998883
vn 0.047622 -0.081291 0.995552
vn 0.047627 -0.080099 0.995648
vn 0.047712 -0.053439 0.997431
vn 0.047774 0.016804 0.998717
vn 0.047379 0.129383 0.990462
vn 0.046400 0.238599 0.970009
vn 0.045275 0.319551 0.946487
vn 0.043805 0.399332 0.915759
vn 0.041103 0.509876 0.859266
vn 0.035504 0.669209 0.742225
vn 0.026093 0.837714 0.545486
vn 0.011856 0.968725 0.247853
vn -0.009069 0.981821 -0.189590
vn -0.027013 0.824840 -0.564720
vn -0.036261 0.651195 -0.758044
vn -0.041499 0.495645 -0.867533
vn -0.044793 0.348081 -0.936394
vn -0.046548 0.225656 -0.973094
vn -0.047362 0.132032 -0.990113
vn -0.047718 0.051104 -0.997553
vn -0.047763 -0.026742 -0.998501
vn -0.047522 -0.103865 -0.993455
vn -0.046990 -0.181127 -0.982337
vn -0.045987 -0.271435 -0.961357
vn -0.043369 -0.419671 -0.906640
vn -0.036727 -0.639663 -0.767777
vn -0.029054 -0.793889 -0.607369
vn -0.028194 -0.807349 -0.589400
vn -0.031175 -0.757821 -0.651718
vn -0.032768 -0.727789 -0.685018
vn -0.034670 -0.688102 -0.724785
vn -0.038835 -0.582571 -0.811852
vn -0.043951 -0.392252 -0.918807
vn -0.046653 -0.215936 -0.975292
vn -0.047398 -0.126295 -0.990860
vn -0.047533 -0.101742 -0.993675
vn -0.047780 0.000000 -0.998858
vn 0.048147 -0.082565 0.995422
vn 0.048150 -0.081994 0.995469
vn 0.048238 -0.055277 0.997305
vn 0.048305 0.017582 0.998678
vn 0.047856 0.137080 0.989403
vn 0.046719 0.254704 0.965890
vn 0.045395 0.342258 0.938509
vn 0.043642 0.428928 0.902284
vn 0.040426 0.547566 0.835785
vn 0.033947 0.711528 0.701838
vn 0.023632 0.872205 0.488570
vn 0.009127 0.981994 0.188690
vn -0.010670 0.975308 -0.220590
vn -0.027276 0.825375 -0.563926
vn -0.036155 0.663298 -0.747481
vn -0.041444 0.513912 -0.856841
vn -0.044946 0.366751 -0.929233
vn -0.046897 0.240288 -0.969568
vn -0.047828 0.141298 -0.988811
vn -0.048240 0.054775 -0.997333
vn -0.048293 -0.028600 -0.998424
vn -0.048017 -0.110475 -0.992718
vn -0.047419 -0.191430 -0.980360
vn -0.046310 -0.284902 -0.957437
vn -0.043482 -0.435865 -0.898961
vn -0.036634 -0.651934 -0.757391
vn -0.029183 -0.796944 -0.603348
vn -0.028508 -0.807349 -0.589385
vn -0.031522 -0.757821 -0.651701
vn -0.033133 -0.727789 -0.685000
vn -0.035056 -0.688102 -0.724766
vn -0.039267 -0.582571 -0.811831
vn -0.044440 -0.392252 -0.918783
vn -0.047172 -0.215936 -0.975267
vn -0.047925 -0.126295 -0.990834
vn -0.048062 -0.101742 -0.993649
vn -0.048312 0.000000 -0.998832
vn 0.048671 -0.084118 0.995266
vn 0.048670 -0.084346 0.995247
vn 0.048763 -0.057612 0.997147
vn 0.048836 0.018597 0.998634
vn 0.048310 0.147401 0.987896
vn 0.046938 0.276593 0.959840
vn 0.045315 0.373188 0.926648
vn 0.043135 0.469159 0.882060
vn 0.039153 0.597875 0.800633
vn 0.031476 0.764665 0.643659
vn 0.020171 0.910742 0.412483
vn 0.005686 0.993200 0.116278
vn -0.012533 0.966522 -0.256277
vn -0.027532 0.826005 -0.562990
vn -0.035907 0.677915 -0.734263
vn -0.041207 0.536897 -0.842641
vn -0.044950 0.391259 -0.919182
vn -0.047163 0.260075 -0.964436
vn -0.048261 0.154015 -0.986889
vn -0.048756 0.059842 -0.997016
vn -0.048820 -0.031150 -0.998322
vn -0.048494 -0.119425 -0.991658
vn -0.047805 -0.205151 -0.977562
vn -0.046556 -0.302504 -0.952010
vn -0.043460 -0.456418 -0.888704
vn -0.036401 -0.666778 -0.744367
vn -0.029271 -0.800548 -0.598553
vn -0.028822 -0.807349 -0.589370
vn -0.031869 -0.757821 -0.651684
vn -0.033497 -0.727789 -0.684983
vn -0.035442 -0.688102 -0.724748
vn -0.039699 -0.582571 -0.811810
vn -0.044930 -0.392252 -0.918760
vn -0.047692 -0.215936 -0.975242
vn -0.048453 -0.126295 -0.990809
vn -0.048591 -0.101742 -0.993623
vn -0.048844 0.000000 -0.998806
f 1/1/1 38/38/38 39/39/39
f 1/1/1 39/39/39 2/2/2
f 2/2/2 39/39/39 40/40/40
f 2/2/2 40/40/40 3/3/3
f 3/3/3 40/40/40 41/41/41
f 3/3/3 41/41/41 4/4/4
f 4/4/4 41/41/41 42/42/42
f 4/4/4 42/42/42 5/5/5
f 5/5/5 42/42/42 43/43/43
f 5/5/5 43/43/43 6/6/6
f 6/6/6 43/43/43 44/44/44
f 6/6/6 44/44/44 7/7/7
f 7/7/7 44/44/44 45/45/45
f 7/7/7 45/45/45 8/8/8
f 8/8/8 45/45/45 46/46/46
f 8/8/8 46/46/46 9/9/9
f 9/9/9 46/46/46 47/47/47
f 9/9/9 47/47/47 10/10/10
f 10/10/10 47/47/47 48/48/48
f 10/10/10 48/48/48 11/11/11
f 11/11/11 48/48/48 49/49/49
f 11/11/11 49/49/49 12/12/12
f 12/12/12 49/49/49 50/50/50
f 12/12/12 50/50/50 13/13/13
f 13/13/13 50/50/50 51/51/51
f 13/13/13 51/51/51 14/14/14
f 14/14/14 51/51/51 52/52/52
f 14/14/14 52/52/52 15/15/15
f 15/15/15 52/52/52 53/53/53
f 15/15/15 53/53/53 16/16/16
f 16/16/16 53/53/53 54/54/54
f 16/16/16 54/54/54 17/17/17
f 17/17/17 54/54/54 55/55/55
f 17/17/17 55/55/55 18/18/18
f 18/18/18 55/55/55 56/56/56
f 18/18/18 56/56/56 19/19/19
f 19/19/19 56/56/56 57/57/57
f 19/19/19 57/57/57 20/20/20
f 20/20/20 57/57/57 58/58/58
f 20/20/20 58/58/58 21/21/21
f 21/21/21 58/58/58 59/59/59
f 21/21/21 59/59/59 22/22/22
f 22/22/22 59/59/59 60/60/60
f 22/22/22 60/60/60 23/23/23
f 23/23/23 60/60/60 61/61/61
f 23/23/23 61/61/61 24/24/24
f 24/24/24 61/61/61 62/62/62
f 24/24/24 62/62/62 25/25/25
f 25/25/25 62/62/62 63/63/63
f 25/25/25 63/63/63 26/26/26
f 26/26/26 63/63/63 64/64/64
f 26/26/26 64/64/64 27/27/27
f 27/27/27 64/64/64 65/65/65
f 27/27/27 65/65/65 28/28/28
f 28/28/28 65/65/65 66/66/66
f 28/28/28 66/66/66 29/29/29
f 29/29/29 66/66/66 67/67/67
f 29/29/29 67/67/67 30/30/30
f 30/30/30 67/67/67 68/68/68
f 30/30/30 68/68/68 31/31/31
f 31/31/31 68/68/68 69/69/69
f 31/31/31 69/69/69 32/32/32
f 32/32/32 69/69/69 70/70/70
f 32/32/32 70/70/70 33/33/33
f 33/33/33 70/70/70 71/71/71
f 33/33/33 71/71/71 34/34/34
f 34/34/34 71/71/71 72/72/72
f 34/34/34 72/72/72 35/35/35
f 35/35/35 72/72/72 73/73/73
f 35/35/35 73/73/73 36/36/36
f 36/36/36 73/73/73 74/74/74
f 36/36/36 74/74/74 37/37/37
f 38/38/38 75/75/75 76/76/76
f 38/38/38 76/76/76 39/39/39
f 39/39/39 76/76/76 77/77/77
f 39/39/39 77/77/77 40/40/40
f 40/40/40 77/77/77 78/78/78
f 40/40/40 78/78/78 41/41/41
f 41/41/41 78/78/78 79/79/79
f 41/41/41 79/79/79 42/42/42
f 42/42/42 79/79/79 80/80/80
f 42/42/42 80/80/80 43/43/43
f 43/43/43 80/80/80 81/81/81
f 43/43/43 81/81/81 44/44/44
f 44/44/44 81/81/81 82/82/82
f 44/44/44 82/82/82 45/45/45
f 45/45/45 82/82/82 83/83/83
f 45/45/45 83/83/83 46/46/46
f 46/46/46 83/83/83 84/84/84
f 46/46/46 84/84/84 47/47/47
f 47/47/47 84/84/84 85/85/85
f 47/47/47 85/85/85 48/48/48
f 48/48/48 85/85/85 86/86/86
f 48/48/48 86/86/86 49/49/49
f 49/49/49 86/86/86 87/87/87
f 49/49/49 87/87/87 50/50/50
f 50/50/50 87/87/87 88/88/88
f 50/50/50 88/88/88 51/51/51
f 51/51/51 88/88/88 89/89/89
f 51/51/51 89/89/89 52/52/52
f 52/52/52 89/89/89 90/90/90
f 52/52/52 90/90/90 53/53/53
f 53/53/53 90/90/90 91/91/91
f 53/53/53 91/91/91 54/54/54
f 54/54/54 91/91/91 92/92/92
f 54/54/54 92/92/92 55/55/55
f 55/55/55 92/92/92 93/93/93
f 55/55/55 93/93/93 56/56/56
f 56/56/56 93/93/93 94/94/94
f 56/56/56 94/94/94 57/57/57
f 57/57/57 94/94/94 95/95/95
f 57/57/57 95/95/95 58/58/58
f 58/58/58 95/95/95 96/96/96
f 58/58/58 96/96/96 59/59/59
f 59/59/59 96/96/96 97/97/97
f 59/59/59 97/97/97 60/60/60
f 60/60/60 97/97/97 98/98/98
f 60/60/60 98/98/98 61/61/61
f 61/61/61 98/98/98 99/99/99
f 61/61/61 99/99/99 62/62/62
f 62/62/62 99/99/99 100/100/100
f 62/62/62 100/100/100 63/63/63
f 63/63/63 100/100/100 101/101/101
f 63/63/63 101/101/101 64/64/64
f 64/64/64 101/101/101 102/102/102
f 64/64/64 102/102/102 65/65/65
f 65/65/65 102/102/102 103/103/103
f 65/65/65 103/103/103 66/66/66
f 66/66/66 103/103/103 104/104/104
f 66/66/66 104/104/104 67/67/67
f 67/67/67 104/104/104 105/105/105
f 67/67/67 105/105/105 68/68/68
f 68/68/68 105/105/105 106/106/106
f 68/68/68 106/106/106 69/69/69
f 69/69/69 106/106/106 107/107/107
f 69/69/69 107/107/107 70/70/70
f 70/70/70 107/107/107 108/108/108
f 70/70/70 108/108/108 71/71/71
f 71/71/71 108/108/108 109/109/109
f 71/71/71 109/109/109 72/72/72
f 72/72/72 109/109/109 110/110/110
f 72/72/72 110/110/110 73/73/73
f 73/73/73 110/110/110 111/111/111
f 73/73/73 111/111/111 74/74/74
f 75/75/75 112/112/112 113/113/113
f 75/75/75 113/113/113 76/76/76
f 76/76/76 113/113/113 114/114/114
f 76/76/76 114/114/114 77/77/77
f 77/77/77 114/114/114 115/115/115
f 77/77/77 115/115/115 78/78/78
f 78/78/78 115/115/115 116/116/116
f 78/78/78 116/116/116 79/79/79
f 79/79/79 116/116/116 117/117/117
f 79/79/79 117/117/117 80/80/80
f 80/80/80 117/117/117 118/118/118
f 80/80/80 118/118/118 81/81/81
f 81/81/81 118/118/118 119/119/119
f 81/81/81 119/119/119 82/82/82
f 82/82/82 119/119/119 120/120/120
f 82/82/82 120/120/120 83/83/83
f 83/83/83 120/120/120 121/121/121
f 83/83/83 121/121/121 84/84/84
f 84/84/84 121/121/121 122/122/122
f 84/84/84 122/122/122 85/85/85
f 85/85/85 122/122/122 123/123/123
f 85/85/85 123/123/123 86/86/86
f 86/86/86 123/123/123 124/124/124
f 86/86/86 124/124/124 87/87/87
f 87/87/87 124/124/124 125/125/125
f 87/87/87 125/125/125 88/88/88
f 88/88/88 125/125/125 126/126/126
f 88/88/88 126/126/126 89/89/89
f 89/89/89 126/126/126 127/127/127
f 89/89/89 127/127/127 90/90/90
f 90/90/90 127/127/127 128/128/128
f 90/90/90 128/128/128 91/91/91
f 91/91/91 128/128/128 129/129/129
f 91/91/91 129/129/129 92/92/92
f 92/92/92 129/129/129 130/130/130
f 92/92/92 130/130/130 93/93/93
f 93/93/93 130/130/130 131/131/131
f 93/93/93 131/131/131 94/94/94
f 94/94/94 131/131/131 132/132/132
f 94/94/94 132/132/132 95/95/95
f 95/95/95 132/132/132 133/133/133
f 95/95/95 133/133/133 96/96/96
f 96/96/96 133/133/133 134/134/134
f 96/96/96 134/134/134 97/97/97
f 97/97/97 134/134/134 135/135/135
f 97/97/97 135/135/135 98/98/98
f 98/98/98 135/135/135 136/136/136
f 98/98/98 136/136/136 99/99/99
f 99/99/99 136/136/136 137/137/137
f 99/99/99 137/137/137 100/100/100
f 100/100/100 137/137/137 138/138/138
f 100/100/100 138/138/138 101/101/101
f 101/101/101 138/138/138 139/139/139
f 101/101/101 139/139/139 102/102/102
f 102/102/102 139/139/139 140/140/140
f 102/102/102 140/140/140 103/103/103
f 103/103/103 140/140/140 141/141/141
f 103/103/103 141/141/141 104/104/104
f 104/104/104 141/141/141 142/142/142
f 104/104/104 142/142/142 105/105/105
f 105/105/105 142/142/142 143/143/143
f 105/105/105 143/143/143 106/106/106
f 106/106/106 143/143/143 144/144/144
f 106/106/106 144/144/144 107/107/107
f 107/107/107 144/144/144 145/145/145
f 107/107/107 145/145/145 108/108/108
f 108/108/108 145/145/145 146/146/146
f 108/108/108 146/146/146 109/109/109
f 109/109/109 146/146/146 147/147/147
f 109/109/109 147/147/147 110/110/110
f 110/110/110 147/147/147 148/148/148
f 110/110/110 148/148/148 111/111/111
f 112/112/112 149/149/149 150/150/150
f 112/112/112 150/150/150 113/113/113
f 113/113/113 150/150/150 151/151/151
f 113/113/113 151/151/151 114/114/114
f 114/114/114 151/151/151 152/152/152
f 114/114/114 152/152/152 115/115/115
f 115/115/115 152/152/152 153/153/153
f 115/115/115 153/153/153 116/116/116
f 116/116/116 153/153/153 154/154/154
f 116/116/116 154/154/154 117/117/117
f 117/117/117 154/154/154 155/155/155
f 117/117/117 155/155/155 118/118/118
f 118/118/118 155/155/155 156/156/156
f 118/118/118 156/156/156 119/119/119
f 119/119/119 156/156/156 157/157/157
f 119/119/119 157/157/157 120/120/120
f 120/120/120 157/157/157 158/158/158
f 120/120/120 158/158/158 121/121/121
f 121/121/121 158/158/158 159/159/159
f 121/121/121 159/159/159 122/122/122
f 122/122/122 159/159/159 160/160/160
f 122/122/122 160/160/160 123/123/123
f 123/123/123 160/160/160 161/161/161
f 123/123/123 161/161/161 124/124/124
f 124/124/124 161/161/161 162/162/162
f 124/124/124 162/162/162 125/125/125
f 125/125/125 162/162/162 163/163/163
f 125/125/125 163/163/163 126/126/126
f 126/126/126 163/163/163 164/164/164
f 126/126/126 164/164/164 127/127/127
f 127/127/127 164/164/164 165/165/165
f 127/127/127 165/165/165 128/128/128
f 128/128/128 165/165/165 166/166/166
f 128/128/128 166/166/166 129/129/129
f 129/129/129 166/166/166 167/167/167
f 129/129/129 167/167/167 130/130/130
f 130/130/130 167/167/167 168/168/168
f 130/130/130 168/168/168 131/131/131
f 131/131/131 168/168/168 169/169/169
f 131/131/131 169/169/169 132/132/132
f 132/132/132 169/169/169 170/170/170
f 132/132/132 170/170/170 133/133/133
f 133/133/133 170/170/170 171/171/171
f 133/133/133 171/171/171 134/134/134
f 134/134/134 171/171/171 172/172/172
f 134/134/134 172/172/172 135/135/135
f 135/135/135 172/172/172 173/173/173
f 135/135/135 173/173/173 136/136/136
f 136/136/136 173/173/173 174/174/174
f 136/136/136 174/174/174 137/137/137
f 137/137/137 174/174/174 175/175/175
f 137/137/137 175/175/175 138/138/138
f 138/138/138 175/175/175 176/176/176
f 138/138/138 176/176/176 139/139/139
f 139/139/139 176/176/176 177/177/177
f 139/139/139 177/177/177 140/140/140
f 140/140/140 177/177/177 178/178/178
f 140/140/140 178/178/178 141/141/141
f 141/141/141 178/178/178 179/179/179
f 141/141/141 179/179/179 142/142/142
f 142/142/142 179/179/179 180/180/180
f 142/142/142 180/180/180 143/143/143
f 143/143/143 180/180/180 181/181/181
f 143/143/143 181/181/181 144/144/144
f 144/144/144 181/181/181 182/182/182
f 144/144/144 182/182/182 145/145/145
f 145/145/145 182/182/182 183/183/183
f 145/145/145 183/183/183 146/146/146
f 146/146/146 183/183/183 184/184/184
f 146/146/146 184/184/184 147/147/147
f 147/147/147 184/184/184 185/185/185
f 147/147/147 185/185/185 148/148/148
f 149/149/149 186/186/186 187/187/187
f 149/149/149 187/187/187 150/150/150
f 150/150/150 187/187/187 188/188/188
f 150/150/150 188/188/188 151/151/151
f 151/151/151 188/188/188 189/189/189
f 151/151/151 189/189/189 152/152/152
f 152/152/152 189/189/189 190/190/190
f 152/152/152 190/190/190 153/153/153
f 153/153/153 190/190/190 191/191/191
f 153/153/153 191/191/191 154/154/154
f 154/154/154 191/191/191 192/192/192
f 154/154/154 192/192/192 155/155/155
f 155/155/155 192/192/192 193/193/193
f 155/155/155 193/193/193 156/156/156
f 156/156/156 193/193/193 194/194/194
f 156/156/156 194/194/194 157/157/157
f 157/157/157 194/194/194 195/195/195
f 157/157/157 195/195/195 158/158/158
f 158/158/158 195/195/195 196/196/196
f 158/158/158 196/196/196 159/159/159
f 159/159/159 196/196/196 197/197/197
f 159/159/159 197/197/197 160/160/160
f 160/160/160 197/197/197 198/198/198
f 160/160/160 198/198/198 161/161/161
f 161/161/161 198/198/198 199/199/199
f 161/161/161 199/199/199 162/162/162
f 162/162/162 199/199/199 200/200/200
f 162/162/162 200/200/200 163/163/163
f 163/163/163 200/200/200 201/201/201
f 163/163/163 201/201/201 164/164/164
f 164/164/164 201/201/201 202/202/202
f 164/164/164 202/202/202 165/165/165
f 165/165/165 202/202/202 203/203/203
f 165/165/165 203/203/203 166/166/166
f 166/166/166 203/203/203 204/204/204
f 166/166/166 204/204/204 167/167/167
f 167/167/167 204/204/204 205/205/205
f 167/167/167 205/205/205 168/168/168
f 168/168/168 205/205/205 206/206/206
f 168/168/168 206/206/206 169/169/169
f 169/169/169 206/206/206 207/207/207
f 169/169/169 207/207/207 170/170/170
f 170/170/170 207/207/207 208/208/208
f 170/170/170 208/208/208 171/171/171
f 171/171/171 208/208/208 209/209/209
f 171/171/171 209/209/209 172/172/172
f 172/172/172 209/209/209 210/210/210
f 172/172/172 210/210/210 173/173/173
f 173/173/173 210/210/210 211/211/211
f 173/173/173 211/211/211 174/174/174
f 174/174/174 211/211/211 212/212/212
f 174/174/174 212/212/212 175/175/175
f 175/175/175 212/212/212 213/213/213
f 175/175/175 213/213/213 176/176/176
f 176/176/176 213/213/213 214/214/214
f 176/176/176 214/214/214 177/177/177
f 177/177/177 214/214/214 215/215/215
f 177/177/177 215/215/215 178/178/178
f 178/178/178 215/215/215 216/216/216
f 178/178/178 216/216/216 179/179/179
f 179/179/179 216/216/216 217/217/217
f 179/179/179 217/217/217 180/180/180
f 180/180/180 217/217/217 218/218/218
f 180/180/180 218/218/218 181/181/181
f 181/181/181 218/218/218 219/219/219
f 181/181/181 219/219/219 182/182/182
f 182/182/182 219/219/219 220/220/220
f 182/182/182 220/220/220 183/183/183
f 183/183/183 220/220/220 221/221/221
f 183/183/183 221/221/221 184/184/184
f 184/184/184 221/221/221 222/222/222
f 184/184/184 222/222/222 185/185/185
f 186/186/186 223/223/223 224/224/224
f 186/186/186 224/224/224 187/187/187
f 187/187/187 224/224/224 225/225/225
f 187/187/187 225/225/225 188/188/188
f 188/188/188 225/225/225 226/226/226
f 188/188/188 226/226/226 189/189/189
f 189/189/189 226/226/226 227/227/227
f 189/189/189 227/227/227 190/190/190
f 190/190/190 227/227/227 228/228/228
f 190/190/190 228/228/228 191/191/191
f 191/191/191 228/228/228 229/229/229
f 191/191/191 229/229/229 192/192/192
f 192/192/192 229/229/229 230/230/230
f 192/192/192 230/230/230 193/193/193
f 193/193/193 230/230/230 231/231/231
f 193/193/193 231/231/231 194/194/194
f 194/194/194 231/231/231 232/232/232
f 194/194/194 232/232/232 195/195/195
f 195/195/195 232/232/232 233/233/233
f 195/195/195 233/233/233 196/196/196
f 196/196/196 233/233/233 234/234/234
f 196/196/196 234/234/234 197/197/197
f 197/197/197 234/234/234 235/235/235
f 197/197/197 235/235/235 198/198/198
f 198/198/198 235/235/235 236/236/236
f 198/198/198 236/236/236 199/199/199
f 199/199/199 236/236/236 237/237/237
f 199/199/199 237/237/237 200/200/200
f 200/200/200 237/237/237 238/238/238
f 200/200/200 238/238/238 201/201/201
f 201/201/201 238/238/238 239/239/239
f 201/201/201 239/239/239 202/202/202
f 202/202/202 239/239/239 240/240/240
f 202/202/202 240/240/240 203/203/203
f 203/203/203 240/240/240 241/241/241
f 203/203/203 241/241/241 204/204/204
f 204/204/204 241/241/241 242/242/242
f 204/204/204 242/242/242 205/205/205
f 205/205/205 242/242/242 243/243/243
f 205/205/205 243/243/243 206/206/206
f 206/206/206 243/243/243 244/244/244
f 206/206/206 244/244/244 207/207/207
f 207/207/207 244/244/244 245/245/245
f 207/207/207 245/245/245 208/208/208
f 208/208/208 245/245/245 246/246/246
f 208/208/208 246/246/246 209/209/209
f 209/209/209 246/246/246 247/247/247
f 209/209/209 247/247/247 210/210/210
f 210/210/210 247/247/247 248/248/248
f 210/210/210 248/248/248 211/211/211
f 211/211/211 248/248/248 249/249/249
f 211/211/211 249/249/249 212/212/212
f 212/212/212 249/249/249 250/250/250
f 212/212/212 250/250/250 213/213/213
f 213/213/213 250/250/250 251/251/251
f 213/213/213 251/251/251 214/214/214
f 214/214/214 251/251/251 252/252/252
f 214/214/214 252/252/252 215/215/215
f 215/215/215 252/252/252 253/253/253
f 215/215/215 253/253/253 216/216/216
f 216/216/216 253/253/253 254/254/254
f 216/216/216 254/254/254 217/217/217
f 217/217/217 254/254/254 255/255/255
f 217/217/217 255/255/255 218/218/218
f 218/218/218 255/255/255 256/256/256
f 218/218/218 256/256/256 219/219/219
f 219/219/219 256/256/256 257/257/257
f 219/219/219 257/257/257 220/220/220
f 220/220/220 257/257/257 258/258/258
f 220/220/220 258/258/258 221/221/221
f 221/221/221 258/258/258 259/259/259
f 221/221/221 259/259/259 222/222/222
f 223/223/223 260/260/260 261/261/261
f 223/223/223 261/261/261 224/224/224
f 224/224/224 261/261/261 262/262/262
f 224/224/224 262/262/262 225/225/225
f 225/225/225 262/262/262 263/263/263
f 225/225/225 263/263/263 226/226/226
f 226/226/226 263/263/263 264/264/264
f 226/226/226 264/264/264 227/227/227
f 227/227/227 264/264/264 265/265/265
f 227/227/227 265/265/265 228/228/228
f 228/228/228 265/265/265 266/266/266
f 228/228/228 266/266/266 229/229/229
f 229/229/229 266/266/266 267/267/267
f 229/229/229 267/267/267 230/230/230
f 230/230/230 267/267/267 268/268/268
f 230/230/230 268/268/268 231/231/231
f 231/231/231 268/268/268 269/269/269
f 231/231/231 269/269/269 232/232/232
f 232/232/232 269/269/269 270/270/270
f 232/232/232 270/270/270 233/233/233
f 233/233/233 270/270/270 271/271/271
f 233/233/233 271/271/271 234/234/234
f 234/234/234 271/271/271 272/272/272
f 234/234/234 272/272/272 235/235/235
f 235/235/235 272/272/272 273/273/273
f 235/235/235 273/273/273 236/236/236
f 236/236/236 273/273/273 274/274/274
f 236/236/236 274/274/274 237/237/237
f 237/237/237 274/274/274 275/275/275
f 237/237/237 275/275/275 238/238/238
f 238/238/238 275/275/275 276/276/276
f 238/238/238 276/276/276 239/239/239
f 239/239/239 276/276/276 277/277/277
f 239/239/239 277/277/277 240/240/240
f 240/240/240 277/277/277 278/278/278
f 240/240/240 278/278/278 241/241/241
f 241/241/241 278/278/278 279/279/279
f 241/241/241 279/279/279 242/242/242
f 242/242/242 279/279/279 280/280/280
f 242/242/242 280/280/280 243/243/243
f 243/243/243 280/280/280 281/281/281
f 243/243/243 281/281/281 244/244/244
f 244/244/244 281/281/281 282/282/282
f 244/244/244 282/282/282 245/245/245
f 245/245/245 282/282/282 283/283/283
f 245/245/245 283/283/283 246/246/246
f 246/246/246 283/283/283 284/284/284
f 246/246/246 284/284/284 247/247/247
f 247/247/247 284/284/284 285/285/285
f 247/247/247 285/285/285 248/248/248
f 248/248/248 285/285/285 286/286/286
f 248/248/248 286/286/286 249/249/249
f 249/249/249 286/286/286 287/287/287
f 249/249/249 287/287/287 250/250/250
f 250/250/250 287/287/287 288/288/288
f 250/250/250 288/288/288 251/251/251
f 251/251/251 288/288/288 289/289/289
f 251/251/251 289/289/289 252/252/252
f 252/252/252 289/289/289 290/290/290
f 252/252/252 290/290/290 253/253/253
f 253/253/253 290/290/290 291/291/291
f 253/253/253 291/291/291 254/254/254
f 254/254/254 291/291/291 292/292/292
f 254/254/254 292/292/292 255/255/255
f 255/255/255 292/292/292 293/293/293
f 255/255/255 293/293/293 256/256/256
f 256/256/256 293/293/293 294/294/294
f 256/256/256 294/294/294 257/257/257
f 257/257/257 294/294/294 295/295/295
f 257/257/257 295/295/295 258/258/258
f 258/258/258 295/295/295 296/296/296
f 258/258/258 296/296/296 259/259/259
f 260/260/260 297/297/297 298/298/298
f 260/260/260 298/298/298 261/261/261
f 261/261/261 298/298/298 299/299/299
f 261/261/261 299/299/299 262/262/262
f 262/262/262 299/299/299 300/300/300
f 262/262/262 300/300/300 263/263/263
f 263/263/263 300/300/300 301/301/301
f 263/263/263 301/301/301 264/264/264
f 264/264/264 301/301/301 302/302/302
f 264/264/264 302/302/302 265/265/265
f 265/265/265 302/302/302 303/303/303
f 265/265/265 303/303/303 266/266/266
f 266/266/266 303/303/303 304/304/304
f 266/266/266 304/304/304 267/267/267
f 267/267/267 304/304/304 305/305/305
f 267/267/267 305/305/305 268/268/268
f 268/268/268 305/305/305 306/306/306
f 268/268/268 306/306/306 269/269/269
f 269/269/269 306/306/306 307/307/307
f 269/269/269 307/307/307 270/270/270
f 270/270/270 307/307/307 308/308/308
f 270/270/270 308/308/308 271/271/271
f 271/271/271 308/308/308 309/309/309
f 271/271/271 309/309/309 272/272/272
f 272/272/272 309/309/309 310/310/310
f 272/272/272 310/310/310 273/273/273
f 273/273/273 310/310/310 311/311/311
f 273/273/273 311/311/311 274/274/274
f 274/274/274 311/311/311 312/312/312
f 274/274/274 312/312/312 275/275/275
f 275/275/275 312/312/312 313/313/313
f 275/275/275 313/313/313 276/276/276
f 276/276/276 313/313/313 314/314/314
f 276/276/276 314/314/314 277/277/277
f 277/277/277 314/314/314 315/315/315
f 277/277/277 315/315/315 278/278/278
f 278/278/278 315/315/315 316/316/316
f 278/278/278 316/316/316 279/279/279
f 279/279/279 316/316/316 317/317/317
f 279/279/279 317/317/317 280/280/280
f 280/280/280 317/317/317 318/318/318
f 280/280/280 318/318/318 281/281/281
f 281/281/281 318/318/318 319/319/319
f 281/281/281 319/319/319 282/282/282
f 282/282/282 319/319/319 320/320/320
f 282/282/282 320/320/320 283/283/283
f 283/283/283 320/320/320 321/321/321
f 283/283/283 321/321/321 284/284/284
f 284/284/284 321/321/321 322/322/322
f 284/284/284 322/322/322 285/285/285
f 285/285/285 322/322/322 323/323/323
f 285/285/285 323/323/323 286/286/286
f 286/286/286 323/323/323 324/324/324
f 286/286/286 324/324/324 287/287/287
f 287/287/287 324/324/324 325/325/325
f 287/287/287 325/325/325 288/288/288
f 288/288/288 325/325/325 326/326/326
f 288/288/288 326/326/326 289/289/289
f 289/289/289 326/326/326 327/327/327
f 289/289/289 327/327/327 290/290/290
f 290/290/290 327/327/327 328/328/328
f 290/290/290 328/328/328 291/291/291
f 291/291/291 328/328/328 329/329/329
f 291/291/291 329/329/329 292/292/292
f 292/292/292 329/329/329 330/330/330
f 292/292/292 330/330/330 293/293/293
f 293/293/293 330/330/330 331/331/331
f 293/293/293 331/331/331 294/294/294
f 294/294/294 331/331/331 332/332/332
f 294/294/294 332/332/332 295/295/295
f 295/295/295 332/332/332 333/333/333
f 295/295/295 333/333/333 296/296/296
f 297/297/297 334/334/334 335/335/335
f 297/297/297 335/335/335 298/298/298
f 298/298/298 335/335/335 336/336/336
f 298/298/298 336/336/336 299/299/299
f 299/299/299 336/336/336 337/337/337
f 299/299/299 337/337/337 300/300/300
f 300/300/300 337/337/337 338/338/338
f 300/300/300 338/338/338 301/301/301
f 301/301/301 338/338/338 339/339/339
f 301/301/301 339/339/339 302/302/302
f 302/302/302 339/339/339 340/340/340
f 302/302/302 340/340/340 303/303/303
f 303/303/303 340/340/340 341/341/341
f 303/303/303 341/341/341 304/304/304
f 304/304/304 341/341/341 342/342/342
f 304/304/304 342/342/342 305/305/305
f 305/305/305 342/342/342 343/343/343
f 305/305/305 343/343/343 306/306/306
f 306/306/306 343/343/343 344/344/344
f 306/306/306 344/344/344 307/307/307
f 307/307/307 344/344/344 345/345/345
f 307/307/307 345/345/345 308/308/308
f 308/308/308 345/345/345 346/346/346
f 308/308/308 346/346/346 309/309/309
f 309/309/309 346/346/346 347/347/347
f 309/309/309 347/347/347 310/310/310
f 310/310/310 347/347/347 348/348/348
f 310/310/310 348/348/348 311/311/311
f 311/311/311 348/348/348 349/349/349
f 311/311/311 349/349/349 312/312/312
f 312/312/312 349/349/349 350/350/350
f 312/312/312 350/350/350 313/313/313
f 313/313/313 350/350/350 351/351/351
f 313/313/313 351/351/351 314/314/314
f 314/314/314 351/351/351 352/352/352
f 314/314/314 352/352/352 315/315/315
f 315/315/315 352/352/352 353/353/353
f 315/315/315 353/353/353 316/316/316
f 316/316/316 353/353/353 354/354/354
f 316/316/316 354/354/354 317/317/317
f 317/317/317 354/354/354 355/355/355
f 317/317/317 355/355/355 318/318/318
f 318/318/318 355/355/355 356/356/356
f 318/318/318 356/356/356 319/319/319
f 319/319/319 356/356/356 357/357/357
f 319/319/319 357/357/357 320/320/320
f 320/320/320 357/357/357 358/358/358
f 320/320/320 358/358/358 321/321/321
f 321/321/321 358/358/358 359/359/359
f 321/321/321 359/359/359 322/322/322
f 322/322/322 359/359/359 360/360/360
f 322/322/322 360/360/360 323/323/323
f 323/323/323 360/360/360 361/361/361
f 323/323/323 361/361/361 324/324/324
f 324/324/324 361/361/361 362/362/362
f 324/324/324 362/362/362 325/325/325
f 325/325/325 362/362/362 363/363/363
f 325/325/325 363/363/363 326/326/326
f 326/326/326 363/363/363 364/364/364
f 326/326/326 364/364/364 327/327/327
f 327/327/327 364/364/364 365/365/365
f 327/327/327 365/365/365 328/328/328
f 328/328/328 365/365/365 366/366/366
f 328/328/328 366/366/366 329/329/329
f 329/329/329 366/366/366 367/367/367
f 329/329/329 367/367/367 330/330/330
f 330/330/330 367/367/367 368/368/368
f 330/330/330 368/368/368 331/331/331
f 331/331/331 368/368/368 369/369/369
f 331/331/331 369/369/369 332/332/332
f 332/332/332 369/369/369 370/370/370
f 332/332/332 370/370/370 333/333/333
f 334/334/334 371/371/371 372/372/372
f 334/334/334 372/372/372 335/335/335
f 335/335/335 372/372/372 373/373/373
f 335/335/335 373/373/373 336/336/336
f 336/336/336 373/373/373 374/374/374
f 336/336/336 374/374/374 337/337/337
f 337/337/337 374/374/374 375/375/375
f 337/337/337 375/375/375 338/338/338
f 338/338/338 375/375/375 376/376/376
f 338/338/338 376/376/376 339/339/339
f 339/339/339 376/376/376 377/377/377
f 339/339/339 377/377/377 340/340/340
f 340/340/340 377/377/377 378/378/378
f 340/340/340 378/378/378 341/341/341
f 341/341/341 378/378/378 379/379/379
f 341/341/341 379/379/379 342/342/342
f 342/342/342 379/379/379 380/380/380
f 342/342/342 380/380/380 343/343/343
f 343/343/343 380/380/380 381/381/381
f 343/343/343 381/381/381 344/344/344
f 344/344/344 381/381/381 382/382/382
f 344/344/344 382/382/382 345/345/345
f 345/345/345 382/382/382 383/383/383
f 345/345/345 383/383/383 346/346/346
f 346/346/346 383/383/383 384/384/384
f 346/346/346 384/384/384 347/347/347
f 347/347/347 384/384/384 385/385/385
f 347/347/347 385/385/385 348/348/348
f 348/348/348 385/385/385 386/386/386
f 348/348/348 386/386/386 349/349/349
f 349/349/349 386/386/386 387/387/387
f 349/349/349 387/387/387 350/350/350
f 350/350/350 387/387/387 388/388/388
f 350/350/350 388/388/388 351/351/351
f 351/351/351 388/388/388 389/389/389
f 351/351/351 389/389/389 352/352/352
f 352/352/352 389/389/389 390/390/390
f 352/352/352 390/390/390 353/353/353
f 353/353/353 390/390/390 391/391/391
f 353/353/353 391/391/391 354/354/354
f 354/354/354 391/391/391 392/392/392
f 354/354/354 392/392/392 355/355/355
f 355/355/355 392/392/392 393/393/393
f 355/355/355 393/393/393 356/356/356
f 356/356/356 393/393/393 394/394/394
f 356/356/356 394/394/394 357/357/357
f 357/357/357 394/394/394 395/395/395
f 357/357/357 395/395/395 358/358/358
f 358/358/358 395/395/395 396/396/396
f 358/358/358 396/396/396 359/359/359
f 359/359/359 396/396/396 397/397/397
f 359/359/359 397/397/397 360/360/360
f 360/360/360 397/397/397 398/398/398
f 360/360/360 398/398/398 361/361/361
f 361/361/361 398/398/398 399/399/399
f 361/361/361 399/399/399 362/362/362
f 362/362/362 399/399/399 400/400/400
f 362/362/362 400/400/400 363/363/363
f 363/363/363 400/400/400 401/401/401
f 363/363/363 401/401/401 364/364/364
f 364/364/364 401/401/401 402/402/402
f 364/364/364 402/402/402 365/365/365
f 365/365/365 402/402/402 403/403/403
f 365/365/365 403/403/403 366/366/366
f 366/366/366 403/403/403 404/404/404
f 366/366/366 404/404/404 367/367/367
f 367/367/367 404/404/404 405/405/405
f 367/367/367 405/405/405 368/368/368
f 368/368/368 405/405/405 406/406/406
f 368/368/368 406/406/406 369/369/369
f 369/369/369 406/406/406 407/407/407
f 369/369/369 407/407/407 370/370/370
f 371/371/371 408/408/408 409/409/409
f 371/371/371 409/409/409 372/372/372
f 372/372/372 409/409/409 410/410/410
f 372/372/372 410/410/410 373/373/373
f 373/373/373 410/410/410 411/411/411
f 373/373/373 411/411/411 374/374/374
f 374/374/374 411/411/411 412/412/412
f 374/374/374 412/412/412 375/375/375
f 375/375/375 412/412/412 413/413/413
f 375/375/375 413/413/413 376/376/376
f 376/376/376 413/413/413 414/414/414
f 376/376/376 414/414/414 377/377/377
f 377/377/377 414/414/414 415/415/415
f 377/377/377 415/415/415 378/378/378
f 378/378/378 415/415/415 416/416/416
f 378/378/378 416/416/416 379/379/379
f 379/379/379 416/416/416 417/417/417
f 379/379/379 417/417/417 380/380/380
f 380/380/380 417/417/417 418/418/418
f 380/380/380 418/418/418 381/381/381
f 381/381/381 418/418/418 419/419/419
f 381/381/381 419/419/419 382/382/382
f 382/382/382 419/419/419 420/420/420
f 382/382/382 420/420/420 383/383/383
f 383/383/383 420/420/420 421/421/421
f 383/383/383 421/421/421 384/384/384
f 384/384/384 421/421/421 422/422/422
f 384/384/384 422/422/422 385/385/385
f 385/385/385 422/422/422 423/423/423
f 385/385/385 423/423/423 386/386/386
f 386/386/386 423/423/423 424/424/424
f 386/386/386 424/424/424 387/387/387
f 387/387/387 424/424/424 425/425/425
f 387/387/387 425/425/425 388/388/388
f 388/388/388 425/425/425 426/426/426
f 388/388/388 426/426/426 389/389/389
f 389/389/389 426/426/426 427/427/427
f 389/389/389 427/427/427 390/390/390
f 390/390/390 427/427/427 428/428/428
f 390/390/390 428/428/428 391/391/391
f 391/391/391 428/428/428 429/429/429
f 391/391/391 429/429/429 392/392/392
f 392/392/392 429/429/429 430/430/430
f 392/392/392 430/430/430 393/393/393
f 393/393/393 430/430/430 431/431/431
f 393/393/393 431/431/431 394/394/394
f 394/394/394 431/431/431 432/432/432
f 394/394/394 432/432/432 395/395/395
f 395/395/395 432/432/432 433/433/433
f 395/395/395 433/433/433 396/396/396
f 396/396/396 433/433/433 434/434/434
f 396/396/396 434/434/434 397/397/397
f 397/397/397 434/434/434 435/435/435
f 397/397/397 435/435/435 398/398/398
f 398/398/398 435/435/435 436/436/436
f 398/398/398 436/436/436 399/399/399
f 399/399/399 436/436/436 437/437/437
f 399/399/399 437/437/437 400/400/400
f 400/400/400 437/437/437 438/438/438
f 400/400/400 438/438/438 401/401/401
f 401/401/401 438/438/438 439/439/439
f 401/401/401 439/439/439 402/402/402
f 402/402/402 439/439/439 440/440/440
f 402/402/402 440/440/440 403/403/403
f 403/403/403 440/440/440 441/441/441
f 403/403/403 441/441/441 404/404/404
f 404/404/404 441/441/441 442/442/442
f 404/404/404 442/442/442 405/405/405
f 405/405/405 442/442/442 443/443/443
f 405/405/405 443/443/443 406/406/406
f 406/406/406 443/443/443 444/444/444
f 406/406/406 444/444/444 407/407/407
f 408/408/408 445/445/445 446/446/446
f 408/408/408 446/446/446 409/409/409
f 409/409/409 446/446/446 447/447/447
f 409/409/409 447/447/447 410/410/410
f 410/410/410 447/447/447 448/448/448
f 410/410/410 448/448/448 411/411/411
f 411/411/411 448/448/448 449/449/449
f 411/411/411 449/449/449 412/412/412
f 412/412/412 449/449/449 450/450/450
f 412/412/412 450/450/450 413/413/413
f 413/413/413 450/450/450 451/451/451
f 413/413/413 451/451/451 414/414/414
f 414/414/414 451/451/451 452/452/452
f 414/414/414 452/452/452 415/415/415
f 415/415/415 452/452/452 453/453/453
f 415/415/415 453/453/453 416/416/416
f 416/416/416 453/453/453 454/454/454
f 416/416/416 454/454/454 417/417/417
f 417/417/417 454/454/454 455/455/455
f 417/417/417 455/455/455 418/418/418
f 418/418/418 455/455/455 456/456/456
f 418/418/418 456/456/456 419/419/419
f 419/419/419 456/456/456 457/457/457
f 419/419/419 457/457/457 420/420/420
f 420/420/420 457/457/457 458/458/458
f 420/420/420 458/458/458 421/421/421
f 421/421/421 458/458/458 459/459/459
f 421/421/421 459/459/459 422/422/422
f 422/422/422 459/459/459 460/460/460
f 422/422/422 460/460/460 423/423/423
f 423/423/423 460/460/460 461/461/461
f 423/423/423 461/461/461 424/424/424
f 424/424/424 461/461/461 462/462/462
f 424/424/424 462/462/462 425/425/425
f 425/425/425 462/462/462 463/463/463
f 425/425/425 463/463/463 426/426/426
f 426/426/426 463/463/463 464/464/464
f 426/426/426 464/464/464 427/427/427
f 427/427/427 464/464/464 465/465/465
f 427/427/427 465/465/465 428/428/428
f 428/428/428 465/465/465 466/466/466
f 428/428/428 466/466/466 429/429/429
f 429/429/429 466/466/466 467/467/467
f 429/429/429 467/467/467 430/430/430
f 430/430/430 467/467/467 468/468/468
f 430/430/430 468/468/468 431/431/431
f 431/431/431 468/468/468 469/469/469
f 431/431/431 469/469/469 432/432/432
f 432/432/432 469/469/469 470/470/470
f 432/432/432 470/470/470 433/433/433
f 433/433/433 470/470/470 471/471/471
f 433/433/433 471/471/471 434/434/434
f 434/434/434 471/471/471 472/472/472
f 434/434/434 472/472/472 435/435/435
f 435/435/435 472/472/472 473/473/473
f 435/435/435 473/473/473 436/436/436
f 436/436/436 473/473/473 474/474/474
f 436/436/436 474/474/474 437/437/437
f 437/437/437 474/474/474 475/475/475
f 437/437/437 475/475/475 438/438/438
f 438/438/438 475/475/475 476/476/476
f 438/438/438 476/476/476 439/439/439
f 439/439/439 476/476/476 477/477/477
f 439/439/439 477/477/477 440/440/440
f 440/440/440 477/477/477 478/478/478
f 440/440/440 478/478/478 441/441/441
f 441/441/441 478/478/478 479/479/479
f 441/441/441 479/479/479 442/442/442
f 442/442/442 479/479/479 480/480/480
f 442/442/442 480/480/480 443/443/443
f 443/443/443 480/480/480 481/481/481
f 443/443/443 481/481/481 444/444/444
f 445/445/445 482/482/482 483/483/483
f 445/445/445 483/483/483 446/446/446
f 446/446/446 483/483/483 484/484/484
f 446/446/446 484/484/484 447/447/447
f 447/447/447 484/484/484 485/485/485
f 447/447/447 485/485/485 448/448/448
f 448/448/448 485/485/485 486/486/486
f 448/448/448 486/486/486 449/449/449
f 449/449/449 486/486/486 487/487/487
f 449/449/449 487/487/487 450/450/450
f 450/450/450 487/487/487 488/488/488
f 450/450/450 488/488/488 451/451/451
f 451/451/451 488/488/488 489/489/489
f 451/451/451 489/489/489 452/452/452
f 452/452/452 489/489/489 490/490/490
f 452/452/452 490/490/490 453/453/453
f 453/453/453 490/490/490 491/491/491
f 453/453/453 491/491/491 454/454/454
f 454/454/454 491/491/491 492/492/492
f 454/454/454 492/492/492 455/455/455
f 455/455/455 492/492/492 493/493/493
f 455/455/455 493/493/493 456/456/456
f 456/456/456 493/493/493 494/494/494
f 456/456/456 494/494/494 457/457/457
f 457/457/457 494/494/494 495/495/495
f 457/457/457 495/495/495 458/458/458
f 458/458/458 495/495/495 496/496/496
f 458/458/458 496/496/496 459/459/459
f 459/459/459 496/496/496 497/497/497
f 459/459/459 497/497/497 460/460/460
f 460/460/460 497/497/497 498/498/498
f 460/460/460 498/498/498 461/461/461
f 461/461/461 498/498/498 499/499/499
f 461/461/461 499/499/499 462/462/462
f 462/462/462 499/499/499 500/500/500
f 462/462/462 500/500/500 463/463/463
f 463/463/463 500/500/500 501/501/501
f 463/463/463 501/501/501 464/464/464
f 464/464/464 501/501/501 502/502/502
f 464/464/464 502/502/502 465/465/465
f 465/465/465 502/502/502 503/503/503
f 465/465/465 503/503/503 466/466/466
f 466/466/466 503/503/503 504/504/504
f 466/466/466 504/504/504 467/467/467
f 467/467/467 504/504/504 505/505/505
f 467/467/467 505/505/505 468/468/468
f 468/468/468 505/505/505 506/506/506
f 468/468/468 506/506/506 469/469/469
f 469/469/469 506/506/506 507/507/507
f 469/469/469 507/507/507 470/470/470
f 470/470/470 507/507/507 508/508/508
f 470/470/470 508/508/508 471/471/471
f 471/471/471 508/508/508 509/509/509
f 471/471/471 509/509/509 472/472/472
f 472/472/472 509/509/509 510/510/510
f 472/472/472 510/510/510 473/473/473
f 473/473/473 510/510/510 511/511/511
f 473/473/473 511/511/511 474/474/474
f 474/474/474 511/511/511 512/512/512
f 474/474/474 512/512/512 475/475/475
f 475/475/475 512/512/512 513/513/513
f 475/475/475 513/513/513 476/476/476
f 476/476/476 513/513/513 514/514/514
f 476/476/476 514/514/514 477/477/477
f 477/477/477 514/514/514 515/515/515
f 477/477/477 515/515/515 478/478/478
f 478/478/478 515/515/515 516/516/516
f 478/478/478 516/516/516 479/479/479
f 479/479/479 516/516/516 517/517/517
f 479/479/479 517/517/517 480/480/480
f 480/480/480 517/517/517 518/518/518
f 480/480/480 518/518/518 481/481/481
f 482/482/482 519/519/519 520/520/520
f 482/482/482 520/520/520 483/483/483
f 483/483/483 520/520/520 521/521/521
f 483/483/483 521/521/521 484/484/484
f 484/484/484 521/521/521 522/522/522
f 484/484/484 522/522/522 485/485/485
f 485/485/485 522/522/522 523/523/523
f 485/485/485 523/523/523 486/486/486
f 486/486/486 523/523/523 524/524/524
f 486/486/486 524/524/524 487/487/487
f 487/487/487 524/524/524 525/525/525
f 487/487/487 525/525/525 488/488/488
f 488/488/488 525/525/525 526/526/526
f 488/488/488 526/526/526 489/489/489
f 489/489/489 526/526/526 527/527/527
f 489/489/489 527/527/527 490/490/490
f 490/490/490 527/527/527 528/528/528
f 490/490/490 528/528/528 491/491/491
f 491/491/491 528/528/528 529/529/529
f 491/491/491 529/529/529 492/492/492
f 492/492/492 529/529/529 530/530/530
f 492/492/492 530/530/530 493/493/493
f 493/493/493 530/530/530 531/531/531
f 493/493/493 531/531/531 494/494/494
f 494/494/494 531/531/531 532/532/532
f 494/494/494 532/532/532 495/495/495
f 495/495/495 532/532/532 533/533/533
f 495/495/495 533/533/533 496/496/496
f 496/496/496 533/533/533 534/534/534
f 496/496/496 534/534/534 497/497/497
f 497/497/497 534/534/534 535/535/535
f 497/497/497 535/535/535 498/498/498
f 498/498/498 535/535/535 536/536/536
f 498/498/498 536/536/536 499/499/499
f 499/499/499 536/536/536 537/537/537
f 499/499/499 537/537/537 500/500/500
f 500/500/500 537/537/537 538/538/538
f 500/500/500 538/538/538 501/501/501
f 501/501/501 538/538/538 539/539/539
f 501/501/501 539/539/539 502/502/502
f 502/502/502 539/539/539 540/540/540
f 502/502/502 540/540/540 503/503/503
f 503/503/503 540/540/540 541/541/541
f 503/503/503 541/541/541 504/504/504
f 504/504/504 541/541/541 542/542/542
f 504/504/504 542/542/542 505/505/505
f 505/505/505 542/542/542 543/543/543
f 505/505/505 543/543/543 506/506/506
f 506/506/506 543/543/543 544/544/544
f 506/506/506 544/544/544 507/507/507
f 507/507/507 544/544/544 545/545/545
f 507/507/507 545/545/545 508/508/508
f 508/508/508 545/545/545 546/546/546
f 508/508/508 546/546/546 509/509/509
f 509/509/509 546/546/546 547/547/547
f 509/509/509 547/547/547 510/510/510
f 510/510/510 547/547/547 548/548/548
f 510/510/510 548/548/548 511/511/511
f 511/511/511 548/548/548 549/549/549
f 511/511/511 549/549/549 512/512/512
f 512/512/512 549/549/549 550/550/550
f 512/512/512 550/550/550 513/513/513
f 513/513/513 550/550/550 551/551/551
f 513/513/513 551/551/551 514/514/514
f 514/514/514 551/551/551 552/552/552
f 514/514/514 552/552/552 515/515/515
f 515/515/515 552/552/552 553/553/553
f 515/515/515 553/553/553 516/516/516
f 516/516/516 553/553/553 554/554/554
f 516/516/516 554/554/554 517/517/517
f 517/517/517 554/554/554 555/555/555
f 517/517/517 555/555/555 518/518/518
f 519/519/519 556/556/556 557/557/557
f 519/519/519 557/557/557 520/520/520
f 520/520/520 557/557/557 558/558/558
f 520/520/520 558/558/558 521/521/521
f 521/521/521 558/558/558 559/559/559
f 521/521/521 559/559/559 522/522/522
f 522/522/522 559/559/559 560/560/560
f 522/522/522 560/560/560 523/523/523
f 523/523/523 560/560/560 561/561/561
f 523/523/523 561/561/561 524/524/524
f 524/524/524 561/561/561 562/562/562
f 524/524/524 562/562/562 525/525/525
f 525/525/525 562/562/562 563/563/563
f 525/525/525 563/563/563 526/526/526
f 526/526/526 563/563/563 564/564/564
f 526/526/526 564/564/564 527/527/527
f 527/527/527 564/564/564 565/565/565
f 527/527/527 565/565/565 528/528/528
f 528/528/528 565/565/565 566/566/566
f 528/528/528 566/566/566 529/529/529
f 529/529/529 566/566/566 567/567/567
f 529/529/529 567/567/567 530/530/530
f 530/530/530 567/567/567 568/568/568
f 530/530/530 568/568/568 531/531/531
f 531/531/531 568/568/568 569/569/569
f 531/531/531 569/569/569 532/532/532
f 532/532/532 569/569/569 570/570/570
f 532/532/532 570/570/570 533/533/533
f 533/533/533 570/570/570 571/571/571
f 533/533/533 571/571/571 534/534/534
f 534/534/534 571/571/571 572/572/572
f 534/534/534 572/572/572 535/535/535
f 535/535/535 572/572/572 573/573/573
f 535/535/535 573/573/573 536/536/536
f 536/536/536 573/573/573 574/574/574
f 536/536/536 574/574/574 537/537/537
f 537/537/537 574/574/574 575/575/575
f 537/537/537 575/575/575 538/538/538
f 538/538/538 575/575/575 576/576/576
f 538/538/538 576/576/576 539/539/539
f 539/539/539 576/576/576 577/577/577
f 539/539/539 577/577/577 540/540/540
f 540/540/540 577/577/577 578/578/578
f 540/540/540 578/578/578 541/541/541
f 541/541/541 578/578/578 579/579/579
f 541/541/541 579/579/579 542/542/542
f 542/542/542 579/579/579 580/580/580
f 542/542/542 580/580/580 543/543/543
f 543/543/543 580/580/580 581/581/581
f 543/543/543 581/581/581 544/544/544
f 544/544/544 581/581/581 582/582/582
f 544/544/544 582/582/582 545/545/545
f 545/545/545 582/582/582 583/583/583
f 545/545/545 583/583/583 546/546/546
f 546/546/546 583/583/583 584/584/584
f 546/546/546 584/584/584 547/547/547
f 547/547/547 584/584/584 585/585/585
f 547/547/547 585/585/585 548/548/548
f 548/548/548 585/585/585 586/586/586
f 548/548/548 586/586/586 549/549/549
f 549/549/549 586/586/586 587/587/587
f 549/549/549 587/587/587 550/550/550
f 550/550/550 587/587/587 588/588/588
f 550/550/550 588/588/588 551/551/551
f 551/551/551 588/588/588 589/589/589
f 551/551/551 589/589/589 552/552/552
f 552/552/552 589/589/589 590/590/590
f 552/552/552 590/590/590 553/553/553
f 553/553/553 590/590/590 591/591/591
f 553/553/553 591/591/591 554/554/554
f 554/554/554 591/591/591 592/592/592
f 554/554/554 592/592/592 555/555/555
f 556/556/556 593/593/593 594/594/594
f 556/556/556 594/594/594 557/557/557
f 557/557/557 594/594/594 595/595/595
f 557/557/557 595/595/595 558/558/558
f 558/558/558 595/595/595 596/596/596
f 558/558/558 596/596/596 559/559/559
f 559/559/559 596/596/596 597/597/597
f 559/559/559 597/597/597 560/560/560
f 560/560/560 597/597/597 598/598/598
f 560/560/560 598/598/598 561/561/561
f 561/561/561 598/598/598 599/599/599
f 561/561/561 599/599/599 562/562/562
f 562/562/562 599/599/599 600/600/600
f 562/562/562 600/600/600 563/563/563
f 563/563/563 600/600/600 601/601/601
f 563/563/563 601/601/601 564/564/564
f 564/564/564 601/601/601 602/602/602
f 564/564/564 602/602/602 565/565/565
f 565/565/565 602/602/602 603/603/603
f 565/565/565 603/603/603 566/566/566
f 566/566/566 603/603/603 604/604/604
f 566/566/566 604/604/604 567/567/567
f 567/567/567 604/604/604 605/605/605
f 567/567/567 605/605/605 568/568/568
f 568/568/568 605/605/605 606/606/606
f 568/568/568 606/606/606 569/569/569
f 569/569/569 606/606/606 607/607/607
f 569/569/569 607/607/607 570/570/570
f 570/570/570 607/607/607 608/608/608
f 570/570/570 608/608/608 571/571/571
f 571/571/571 608/608/608 609/609/609
f 571/571/571 609/609/609 572/572/572
f 572/572/572 609/609/609 610/610/610
f 572/572/572 610/610/610 573/573/573
f 573/573/573 610/610/610 611/611/611
f 573/573/573 611/611/611 574/574/574
f 574/574/574 611/611/611 612/612/612
f 574/574/574 612/612/612 575/575/575
f 575/575/575 612/612/612 613/613/613
f 575/575/575 613/613/613 576/576/576
f 576/576/576 613/613/613 614/614/614
f 576/576/576 614/614/614 577/577/577
f 577/577/577 614/614/614 615/615/615
f 577/577/577 615/615/615 578/578/578
f 578/578/578 615/615/615 616/616/616
f 578/578/578 616/616/616 579/579/579
f 579/579/579 616/616/616 617/617/617
f 579/579/579 617/617/617 580/580/580
f 580/580/580 617/617/617 618/618/618
f 580/580/580 618/618/618 581/581/581
f 581/581/581 618/618/618 619/619/619
f 581/581/581 619/619/619 582/582/582
f 582/582/582 619/619/619 620/620/620
f 582/582/582 620/620/620 583/583/583
f 583/583/583 620/620/620 621/621/621
f 583/583/583 621/621/621 584/584/584
f 584/584/584 621/621/621 622/622/622
f 584/584/584 622/622/622 585/585/585
f 585/585/585 622/622/622 623/623/623
f 585/585/585 623/623/623 586/586/586
f 586/586/586 623/623/623 624/624/624
f 586/586/586 624/624/624 587/587/587
f 587/587/587 624/624/624 625/625/625
f 587/587/587 625/625/625 588/588/588
f 588/588/588 625/625/625 626/626/626
f 588/588/588 626/626/626 589/589/589
f 589/589/589 626/626/626 627/627/627
f 589/589/589 627/627/627 590/590/590
f 590/590/590 627/627/627 628/628/628
f 590/590/590 628/628/628 591/591/591
f 591/591/591 628/628/628 629/629/629
f 591/591/591 629/629/629 592/592/592
f 593/593/593 630/630/630 631/631/631
f 593/593/593 631/631/631 594/594/594
f 594/594/594 631/631/631 632/632/632
f 594/594/594 632/632/632 595/595/595
f 595/595/595 632/632/632 633/633/633
f 595/595/595 633/633/633 596/596/596
f 596/596/596 633/633/633 634/634/634
f 596/596/596 634/634/634 597/597/597
f 597/597/597 634/634/634 635/635/635
f 597/597/597 635/635/635 598/598/598
f 598/598/598 635/635/635 636/636/636
f 598/598/598 636/636/636 599/599/599
f 599/599/599 636/636/636 637/637/637
f 599/599/599 637/637/637 600/600/600
f 600/600/600 637/637/637 638/638/638
f 600/600/600 638/638/638 601/601/601
f 601/601/601 638/638/638 639/639/639
f 601/601/601 639/639/639 602/602/602
f 602/602/602 639/639/639 640/640/640
f 602/602/602 640/640/640 603/603/603
f 603/603/603 640/640/640 641/641/641
f 603/603/603 641/641/641 604/604/604
f 604/604/604 641/641/641 642/642/642
f 604/604/604 642/642/642 605/605/605
f 605/605/605 642/642/642 643/643/643
f 605/605/605 643/643/643 606/606/606
f 606/606/606 643/643/643 644/644/644
f 606/606/606 644/644/644 607/607/607
f 607/607/607 644/644/644 645/645/645
f 607/607/607 645/645/645 608/608/608
f 608/608/608 645/645/645 646/646/646
f 608/608/608 646/646/646 609/609/609
f 609/609/609 646/646/646 647/647/647
f 609/609/609 647/647/647 610/610/610
f 610/610/610 647/647/647 648/648/648
f 610/610/610 648/648/648 611/611/611
f 611/611/611 648/648/648 649/649/649
f 611/611/611 649/649/649 612/612/612
f 612/612/612 649/649/649 650/650/650
f 612/612/612 650/650/650 613/613/613
f 613/613/613 650/650/650 651/651/651
f 613/613/613 651/651/651 614/614/614
f 614/614/614 651/651/651 652/652/652
f 614/614/614 652/652/652 615/615/615
f 615/615/615 652/652/652 653/653/653
f 615/615/615 653/653/653 616/616/616
f 616/616/616 653/653/653 654/654/654
f 616/616/616 654/654/654 617/617/617
f 617/617/617 654/654/654 655/655/655
f 617/617/617 655/655/655 618/618/618
f 618/618/618 655/655/655 656/656/656
f 618/618/618 656/656/656 619/619/619
f 619/619/619 656/656/656 657/657/657
f 619/619/619 657/657/657 620/620/620
f 620/620/620 657/657/657 658/658/658
f 620/620/620 658/658/658 621/621/621
f 621/621/621 658/658/658 659/659/659
f 621/621/621 659/659/659 622/622/622
f 622/622/622 659/659/659 660/660/660
f 622/622/622 660/660/660 623/623/623
f 623/623/623 660/660/660 661/661/661
f 623/623/623 661/661/661 624/624/624
f 624/624/624 661/661/661 662/662/662
f 624/624/624 662/662/662 625/625/625
f 625/625/625 662/662/662 663/663/663
f 625/625/625 663/663/663 626/626/626
f 626/626/626 663/663/663 664/664/664
f 626/626/626 664/664/664 627/627/627
f 627/627/627 664/664/664 665/665/665
f 627/627/627 665/665/665 628/628/628
f 628/628/628 665/665/665 666/666/666
f 628/628/628 666/666/666 629/629/629
f 630/630/630 667/667/667 668/668/668
f 630/630/630 668/668/668 631/631/631
f 631/631/631 668/668/668 669/669/669
f 631/631/631 669/669/669 632/632/632
f 632/632/632 669/669/669 670/670/670
f 632/632/632 670/670/670 633/633/633
f 633/633/633 670/670/670 671/671/671
f 633/633/633 671/671/671 634/634/634
f 634/634/634 671/671/671 672/672/672
f 634/634/634 672/672/672 635/635/635
f 635/635/635 672/672/672 673/673/673
f 635/635/635 673/673/673 636/636/636
f 636/636/636 673/673/673 674/674/674
f 636/636/636 674/674/674 637/637/637
f 637/637/637 674/674/674 675/675/675
f 637/637/637 675/675/675 638/638/638
f 638/638/638 675/675/675 676/676/676
f 638/638/638 676/676/676 639/639/639
f 639/639/639 676/676/676 677/677/677
f 639/639/639 677/677/677 640/640/640
f 640/640/640 677/677/677 678/678/678
f 640/640/640 678/678/678 641/641/641
f 641/641/641 678/678/678 679/679/679
f 641/641/641 679/679/679 642/642/642
f 642/642/642 679/679/679 680/680/680
f 642/642/642 680/680/680 643/643/643
f 643/643/643 680/680/680 681/681/681
f 643/643/643 681/681/681 644/644/644
f 644/644/644 681/681/681 682/682/682
f 644/644/644 682/682/682 645/645/645
f 645/645/645 682/682/682 683/683/683
f 645/645/645 683/683/683 646/646/646
f 646/646/646 683/683/683 684/684/684
f 646/646/646 684/684/684 647/647/647
f 647/647/647 684/684/684 685/685/685
f 647/647/647 685/685/685 648/648/648
f 648/648/648 685/685/685 686/686/686
f 648/648/648 686/686/686 649/649/649
f 649/649/649 686/686/686 687/687/687
f 649/649/649 687/687/687 650/650/650
f 650/650/650 687/687/687 688/688/688
f 650/650/650 688/688/688 651/651/651
f 651/651/651 688/688/688 689/689/689
f 651/651/651 689/689/689 652/652/652
f 652/652/652 689/689/689 690/690/690
f 652/652/652 690/690/690 653/653/653
f 653/653/653 690/690/690 691/691/691
f 653/653/653 691/691/691 654/654/654
f 654/654/654 691/691/691 692/692/692
f 654/654/654 692/692/692 655/655/655
f 655/655/655 692/692/692 693/693/693
f 655/655/655 693/693/693 656/656/656
f 656/656/656 693/693/693 694/694/694
f 656/656/656 694/694/694 657/657/657
f 657/657/657 694/694/694 695/695/695
f 657/657/657 695/695/695 658/658/658
f 658/658/658 695/695/695 696/696/696
f 658/658/658 696/696/696 659/659/659
f 659/659/659 696/696/696 697/697/697
f 659/659/659 697/697/697 660/660/660
f 660/660/660 697/697/697 698/698/698
f 660/660/660 698/698/698 661/661/661
f 661/661/661 698/698/698 699/699/699
f 661/661/661 699/699/699 662/662/662
f 662/662/662 699/699/699 700/700/700
f 662/662/662 700/700/700 663/663/663
f 663/663/663 700/700/700 701/701/701
f 663/663/663 701/701/701 664/664/664
f 664/664/664 701/701/701 702/702/702
f 664/664/664 702/702/702 665/665/665
f 665/665/665 702/702/702 703/703/703
f 665/665/665 703/703/703 666/666/666
f 667/667/667 704/704/704 705/705/705
f 667/667/667 705/705/705 668/668/668
f 668/668/668 705/705/705 706/706/706
f 668/668/668 706/706/706 669/669/669
f 669/669/669 706/706/706 707/707/707
f 669/669/669 707/707/707 670/670/670
f 670/670/670 707/707/707 708/708/708
f 670/670/670 708/708/708 671/671/671
f 671/671/671 708/708/708 709/709/709
f 671/671/671 709/709/709 672/672/672
f 672/672/672 709/709/709 710/710/710
f 672/672/672 710/710/710 673/673/673
f 673/673/673 710/710/710 711/711/711
f 673/673/673 711/711/711 674/674/674
f 674/674/674 711/711/711 712/712/712
f 674/674/674 712/712/712 675/675/675
f 675/675/675 712/712/712 713/713/713
f 675/675/675 713/713/713 676/676/676
f 676/676/676 713/713/713 714/714/714
f 676/676/676 714/714/714 677/677/677
f 677/677/677 714/714/714 715/715/715
f 677/677/677 715/715/715 678/678/678
f 678/678/678 715/715/715 716/716/716
f 678/678/678 716/716/716 679/679/679
f 679/679/679 716/716/716 717/717/717
f 679/679/679 717/717/717 680/680/680
f 680/680/680 717/717/717 718/718/718
f 680/680/680 718/718/718 681/681/681
f 681/681/681 718/718/718 719/719/719
f 681/681/681 719/719/719 682/682/682
f 682/682/682 719/719/719 720/720/720
f 682/682/682 720/720/720 683/683/683
f 683/683/683 720/720/720 721/721/721
f 683/683/683 721/721/721 684/684/684
f 684/684/684 721/721/721 722/722/722
f 684/684/684 722/722/722 685/685/685
f 685/685/685 722/722/722 723/723/723
f 685/685/685 723/723/723 686/686/686
f 686/686/686 723/723/723 724/724/724
f 686/686/686 724/724/724 687/687/687
f 687/687/687 724/724/724 725/725/725
f 687/687/687 725/725/725 688/688/688
f 688/688/688 725/725/725 726/726/726
f 688/688/688 726/726/726 689/689/689
f 689/689/689 726/726/726 727/727/727
f 689/689/689 727/727/727 690/690/690
f 690/690/690 727/727/727 728/728/728
f 690/690/690 728/728/728 691/691/691
f 691/691/691 728/728/728 729/729/729
f 691/691/691 729/729/729 692/692/692
f 692/692/692 729/729/729 730/730/730
f 692/692/692 730/730/730 693/693/693
f 693/693/693 730/730/730 731/731/731
f 693/693/693 731/731/731 694/694/694
f 694/694/694 731/731/731 732/732/732
f 694/694/694 732/732/732 695/695/695
f 695/695/695 732/732/732 733/733/733
f 695/695/695 733/733/733 696/696/696
f 696/696/696 733/733/733 734/734/734
f 696/696/696 734/734/734 697/697/697
f 697/697/697 734/734/734 735/735/735
f 697/697/697 735/735/735 698/698/698
f 698/698/698 735/735/735 736/736/736
f 698/698/698 736/736/736 699/699/699
f 699/699/699 736/736/736 737/737/737
f 699/699/699 737/737/737 700/700/700
f 700/700/700 737/737/737 738/738/738
f 700/700/700 738/738/738 701/701/701
f 701/701/701 738/738/738 739/739/739
f 701/701/701 739/739/739 702/702/702
f 702/702/702 739/739/739 740/740/740
f 702/702/702 740/740/740 703/703/703
f 704/704/704 741/741/741 742/742/742
f 704/704/704 742/742/742 705/705/705
f 705/705/705 742/742/742 743/743/743
f 705/705/705 743/743/743 706/706/706
f 706/706/706 743/743/743 744/744/744
f 706/706/706 744/744/744 707/707/707
f 707/707/707 744/744/744 745/745/745
f 707/707/707 745/745/745 708/708/708
f 708/708/708 745/745/745 746/746/746
f 708/708/708 746/746/746 709/709/709
f 709/709/709 746/746/746 747/747/747
f 709/709/709 747/747/747 710/710/710
f 710/710/710 747/747/747 748/748/748
f 710/710/710 748/748/748 711/711/711
f 711/711/711 748/748/748 749/749/749
f 711/711/711 749/749/749 712/712/712
f 712/712/712 749/749/749 750/750/750
f 712/712/712 750/750/750 713/713/713
f 713/713/713 750/750/750 751/751/751
f 713/713/713 751/751/751 714/714/714
f 714/714/714 751/751/751 752/752/752
f 714/714/714 752/752/752 715/715/715
f 715/715/715 752/752/752 753/753/753
f 715/715/715 753/753/753 716/716/716
f 716/716/716 753/753/753 754/754/754
f 716/716/716 754/754/754 717/717/717
f 717/717/717 754/754/754 755/755/755
f 717/717/717 755/755/755 718/718/718
f 718/718/718 755/755/755 756/756/756
f 718/718/718 756/756/756 719/719/719
f 719/719/719 756/756/756 757/757/757
f 719/719/719 757/757/757 720/720/720
f 720/720/720 757/757/757 758/758/758
f 720/720/720 758/758/758 721/721/721
f 721/721/721 758/758/758 759/759/759
f 721/721/721 759/759/759 722/722/722
f 722/722/722 759/759/759 760/760/760
f 722/722/722 760/760/760 723/723/723
f 723/723/723 760/760/760 761/761/761
f 723/723/723 761/761/761 724/724/724
f 724/724/724 761/761/761 762/762/762
f 724/724/724 762/762/762 725/725/725
f 725/725/725 762/762/762 763/763/763
f 725/725/725 763/763/763 726/726/726
f 726/726/726 763/763/763 764/764/764
f 726/726/726 764/764/764 727/727/727
f 727/727/727 764/764/764 765/765/765
f 727/727/727 765/765/765 728/728/728
f 728/728/728 765/765/765 766/766/766
f 728/728/728 766/766/766 729/729/729
f 729/729/729 766/766/766 767/767/767
f 729/729/729 767/767/767 730/730/730
f 730/730/730 767/767/767 768/768/768
f 730/730/730 768/768/768 731/731/731
f 731/731/731 768/768/768 769/769/769
f 731/731/731 769/769/769 732/732/732
f 732/732/732 769/769/769 770/770/770
f 732/732/732 770/770/770 733/733/733
f 733/733/733 770/770/770 771/771/771
f 733/733/733 771/771/771 734/734/734
f 734/734/734 771/771/771 772/772/772
f 734/734/734 772/772/772 735/735/735
f 735/735/735 772/772/772 773/773/773
f 735/735/735 773/773/773 736/736/736
f 736/736/736 773/773/773 774/774/774
f 736/736/736 774/774/774 737/737/737
f 737/737/737 774/774/774 775/775/775
f 737/737/737 775/775/775 738/738/738
f 738/738/738 775/775/775 776/776/776
f 738/738/738 776/776/776 739/739/739
f 739/739/739 776/776/776 777/777/777
f 739/739/739 777/777/777 740/740/740
f 741/741/741 778/778/778 779/779/779
f 741/741/741 779/779/779 742/742/742
f 742/742/742 779/779/779 780/780/780
f 742/742/742 780/780/780 743/743/743
f 743/743/743 780/780/780 781/781/781
f 743/743/743 781/781/781 744/744/744
f 744/744/744 781/781/781 782/782/782
f 744/744/744 782/782/782 745/745/745
f 745/745/745 782/782/782 783/783/783
f 745/745/745 783/783/783 746/746/746
f 746/746/746 783/783/783 784/784/784
f 746/746/746 784/784/784 747/747/747
f 747/747/747 784/784/784 785/785/785
f 747/747/747 785/785/785 748/748/748
f 748/748/748 785/785/785 786/786/786
f 748/748/748 786/786/786 749/749/749
f 749/749/749 786/786/786 787/787/787
f 749/749/749 787/787/787 750/750/750
f 750/750/750 787/787/787 788/788/788
f 750/750/750 788/788/788 751/751/751
f 751/751/751 788/788/788 789/789/789
f 751/751/751 789/789/789 752/752/752
f 752/752/752 789/789/789 790/790/790
f 752/752/752 790/790/790 753/753/753
f 753/753/753 790/790/790 791/791/791
f 753/753/753 791/791/791 754/754/754
f 754/754/754 791/791/791 792/792/792
f 754/754/754 792/792/792 755/755/755
f 755/755/755 792/792/792 793/793/793
f 755/755/755 793/793/793 756/756/756
f 756/756/756 793/793/793 794/794/794
f 756/756/756 794/794/794 757/757/757
f 757/757/757 794/794/794 795/795/795
f 757/757/757 795/795/795 758/758/758
f 758/758/758 795/795/795 796/796/796
f 758/758/758 796/796/796 759/759/759
f 759/759/759 796/796/796 797/797/797
f 759/759/759 797/797/797 760/760/760
f 760/760/760 797/797/797 798/798/798
f 760/760/760 798/798/798 761/761/761
f 761/761/761 798/798/798 799/799/799
f 761/761/761 799/799/799 762/762/762
f 762/762/762 799/799/799 800/800/800
f 762/762/762 800/800/800 763/763/763
f 763/763/763 800/800/800 801/801/801
f 763/763/763 801/801/801 764/764/764
f 764/764/764 801/801/801 802/802/802
f 764/764/764 802/802/802 765/765/765
f 765/765/765 802/802/802 803/803/803
f 765/765/765 803/803/803 766/766/766
f 766/766/766 803/803/803 804/804/804
f 766/766/766 804/804/804 767/767/767
f 767/767/767 804/804/804 805/805/805
f 767/767/767 805/805/805 768/768/768
f 768/768/768 805/805/805 806/806/806
f 768/768/768 806/806/806 769/769/769
f 769/769/769 806/806/806 807/807/807
f 769/769/769 807/807/807 770/770/770
f 770/770/770 807/807/807 808/808/808
f 770/770/770 808/808/808 771/771/771
f 771/771/771 808/808/808 809/809/809
f 771/771/771 809/809/809 772/772/772
f 772/772/772 809/809/809 810/810/810
f 772/772/772 810/810/810 773/773/773
f 773/773/773 810/810/810 811/811/811
f 773/773/773 811/811/811 774/774/774
f 774/774/774 811/811/811 812/812/812
f 774/774/774 812/812/812 775/775/775
f 775/775/775 812/812/812 813/813/813
f 775/775/775 813/813/813 776/776/776
f 776/776/776 813/813/813 814/814/814
f 776/776/776 814/814/814 777/777/777
f 778/778/778 815/815/815 816/816/816
f 778/778/778 816/816/816 779/779/779
f 779/779/779 816/816/816 817/817/817
f 779/779/779 817/817/817 780/780/780
f 780/780/780 817/817/817 818/818/818
f 780/780/780 818/818/818 781/781/781
f 781/781/781 818/818/818 819/819/819
f 781/781/781 819/819/819 782/782/782
f 782/782/782 819/819/819 820/820/820
f 782/782/782 820/820/820 783/783/783
f 783/783/783 820/820/820 821/821/821
f 783/783/783 821/821/821 784/784/784
f 784/784/784 821/821/821 822/822/822
f 784/784/784 822/822/822 785/785/785
f 785/785/785 822/822/822 823/823/823
f 785/785/785 823/823/823 786/786/786
f 786/786/786 823/823/823 824/824/824
f 786/786/786 824/824/824 787/787/787
f 787/787/787 824/824/824 825/825/825
f 787/787/787 825/825/825 788/788/788
f 788/788/788 825/825/825 826/826/826
f 788/788/788 826/826/826 789/789/789
f 789/789/789 826/826/826 827/827/827
f 789/789/789 827/827/827 790/790/790
f 790/790/790 827/827/827 828/828/828
f 790/790/790 828/828/828 791/791/791
f 791/791/791 828/828/828 829/829/829
f 791/791/791 829/829/829 792/792/792
f 792/792/792 829/829/829 830/830/830
f 792/792/792 830/830/830 793/793/793
f 793/793/793 830/830/830 831/831/831
f 793/793/793 831/831/831 794/794/794
f 794/794/794 831/831/831 832/832/832
f 794/794/794 832/832/832 795/795/795
f 795/795/795 832/832/832 833/833/833
f 795/795/795 833/833/833 796/796/796
f 796/796/796 833/833/833 834/834/834
f 796/796/796 834/834/834 797/797/797
f 797/797/797 834/834/834 835/835/835
f 797/797/797 835/835/835 798/798/798
f 798/798/798 835/835/835 836/836/836
f 798/798/798 836/836/836 799/799/799
f 799/799/799 836/836/836 837/837/837
f 799/799/799 837/837/837 800/800/800
f 800/800/800 837/837/837 838/838/838
f 800/800/800 838/838/838 801/801/801
f 801/801/801 838/838/838 839/839/839
f 801/801/801 839/839/839 802/802/802
f 802/802/802 839/839/839 840/840/840
f 802/802/802 840/840/840 803/803/803
f 803/803/803 840/840/840 841/841/841
f 803/803/803 841/841/841 804/804/804
f 804/804/804 841/841/841 842/842/842
f 804/804/804 842/842/842 805/805/805
f 805/805/805 842/842/842 843/843/843
f 805/805/805 843/843/843 806/806/806
f 806/806/806 843/843/843 844/844/844
f 806/806/806 844/844/844 807/807/807
f 807/807/807 844/844/844 845/845/845
f 807/807/807 845/845/845 808/808/808
f 808/808/808 845/845/845 846/846/846
f 808/808/808 846/846/846 809/809/809
f 809/809/809 846/846/846 847/847/847
f 809/809/809 847/847/847 810/810/810
f 810/810/810 847/847/847 848/848/848
f 810/810/810 848/848/848 811/811/811
f 811/811/811 848/848/848 849/849/849
f 811/811/811 849/849/849 812/812/812
f 812/812/812 849/849/849 850/850/850
f 812/812/812 850/850/850 813/813/813
f 813/813/813 850/850/850 851/851/851
f 813/813/813 851/851/851 814/814/814
f 815/815/815 852/852/852 853/853/853
f 815/815/815 853/853/853 816/816/816
f 816/816/816 853/853/853 854/854/854
f 816/816/816 854/854/854 817/817/817
f 817/817/817 854/854/854 855/855/855
f 817/817/817 855/855/855 818/818/818
f 818/818/818 855/855/855 856/856/856
f 818/818/818 856/856/856 819/819/819
f 819/819/819 856/856/856 857/857/857
f 819/819/819 857/857/857 820/820/820
f 820/820/820 857/857/857 858/858/858
f 820/820/820 858/858/858 821/821/821
f 821/821/821 858/858/858 859/859/859
f 821/821/821 859/859/859 822/822/822
f 822/822/822 859/859/859 860/860/860
f 822/822/822 860/860/860 823/823/823
f 823/823/823 860/860/860 861/861/861
f 823/823/823 861/861/861 824/824/824
f 824/824/824 861/861/861 862/862/862
f 824/824/824 862/862/862 825/825/825
f 825/825/825 862/862/862 863/863/863
f 825/825/825 863/863/863 826/826/826
f 826/826/826 863/863/863 864/864/864
f 826/826/826 864/864/864 827/827/827
f 827/827/827 864/864/864 865/865/865
f 827/827/827 865/865/865 828/828/828
f 828/828/828 865/865/865 866/866/866
f 828/828/828 866/866/866 829/829/829
f 829/829/829 866/866/866 867/867/867
f 829/829/829 867/867/867 830/830/830
f 830/830/830 867/867/867 868/868/868
f 830/830/830 868/868/868 831/831/831
f 831/831/831 868/868/868 869/869/869
f 831/831/831 869/869/869 832/832/832
f 832/832/832 869/869/869 870/870/870
f 832/832/832 870/870/870 833/833/833
f 833/833/833 870/870/870 871/871/871
f 833/833/833 871/871/871 834/834/834
f 834/834/834 871/871/871 872/872/872
f 834/834/834 872/872/872 835/835/835
f 835/835/835 872/872/872 873/873/873
f 835/835/835 873/873/873 836/836/836
f 836/836/836 873/873/873 874/874/874
f 836/836/836 874/874/874 837/837/837
f 837/837/837 874/874/874 875/875/875
f 837/837/837 875/875/875 838/838/838
f 838/838/838 875/875/875 876/876/876
f 838/838/838 876/876/876 839/839/839
f 839/839/839 876/876/876 877/877/877
f 839/839/839 877/877/877 840/840/840
f 840/840/840 877/877/877 878/878/878
f 840/840/840 878/878/878 841/841/841
f 841/841/841 878/878/878 879/879/879
f 841/841/841 879/879/879 842/842/842
f 842/842/842 879/879/879 880/880/880
f 842/842/842 880/880/880 843/843/843
f 843/843/843 880/880/880 881/881/881
f 843/843/843 881/881/881 844/844/844
f 844/844/844 881/881/881 882/882/882
f 844/844/844 882/882/882 845/845/845
f 845/845/845 882/882/882 883/883/883
f 845/845/845 883/883/883 846/846/846
f 846/846/846 883/883/883 884/884/884
f 846/846/846 884/884/884 847/847/847
f 847/847/847 884/884/884 885/885/885
f 847/847/847 885/885/885 848/848/848
f 848/848/848 885/885/885 886/886/886
f 848/848/848 886/886/886 849/849/849
f 849/849/849 886/886/886 887/887/887
f 849/849/849 887/887/887 850/850/850
f 850/850/850 887/887/887 888/888/888
f 850/850/850 888/888/888 851/851/851
f 852/852/852 889/889/889 890/890/890
f 852/852/852 890/890/890 853/853/853
f 853/853/853 890/890/890 891/891/891
f 853/853/853 891/891/891 854/854/854
f 854/854/854 891/891/891 892/892/892
f 854/854/854 892/892/892 855/855/855
f 855/855/855 892/892/892 893/893/893
f 855/855/855 893/893/893 856/856/856
f 856/856/856 893/893/893 894/894/894
f 856/856/856 894/894/894 857/857/857
f 857/857/857 894/894/894 895/895/895
f 857/857/857 895/895/895 858/858/858
f 858/858/858 895/895/895 896/896/896
f 858/858/858 896/896/896 859/859/859
f 859/859/859 896/896/896 897/897/897
f 859/859/859 897/897/897 860/860/860
f 860/860/860 897/897/897 898/898/898
f 860/860/860 898/898/898 861/861/861
f 861/861/861 898/898/898 899/899/899
f 861/861/861 899/899/899 862/862/862
f 862/862/862 899/899/899 900/900/900
f 862/862/862 900/900/900 863/863/863
f 863/863/863 900/900/900 901/901/901
f 863/863/863 901/901/901 864/864/864
f 864/864/864 901/901/901 902/902/902
f 864/864/864 902/902/902 865/865/865
f 865/865/865 902/902/902 903/903/903
f 865/865/865 903/903/903 866/866/866
f 866/866/866 903/903/903 904/904/904
f 866/866/866 904/904/904 867/867/867
f 867/867/867 904/904/904 905/905/905
f 867/867/867 905/905/905 868/868/868
f 868/868/868 905/905/905 906/906/906
f 868/868/868 906/906/906 869/869/869
f 869/869/869 906/906/906 907/907/907
f 869/869/869 907/907/907 870/870/870
f 870/870/870 907/907/907 908/908/908
f 870/870/870 908/908/908 871/871/871
f 871/871/871 908/908/908 909/909/909
f 871/871/871 909/909/909 872/872/872
f 872/872/872 909/909/909 910/910/910
f 872/872/872 910/910/910 873/873/873
f 873/873/873 910/910/910 911/911/911
f 873/873/873 911/911/911 874/874/874
f 874/874/874 911/911/911 912/912/912
f 874/874/874 912/912/912 875/875/875
f 875/875/875 912/912/912 913/913/913
f 875/875/875 913/913/913 876/876/876
f 876/876/876 913/913/913 914/914/914
f 876/876/876 914/914/914 877/877/877
f 877/877/877 914/914/914 915/915/915
f 877/877/877 915/915/915 878/878/878
f 878/878/878 915/915/915 916/916/916
f 878/878/878 916/916/916 879/879/879
f 879/879/879 916/916/916 917/917/917
f 879/879/879 917/917/917 880/880/880
f 880/880/880 917/917/917 918/918/918
f 880/880/880 918/918/918 881/881/881
f 881/881/881 918/918/918 919/919/919
f 881/881/881 919/919/919 882/882/882
f 882/882/882 919/919/919 920/920/920
f 882/882/882 920/920/920 883/883/883
f 883/883/883 920/920/920 921/921/921
f 883/883/883 921/921/921 884/884/884
f 884/884/884 921/921/921 922/922/922
f 884/884/884 922/922/922 885/885/885
f 885/885/885 922/922/922 923/923/923
f 885/885/885 923/923/923 886/886/886
f 886/886/886 923/923/923 924/924/924
f 886/886/886 924/924/924 887/887/887
f 887/887/887 924/924/924 925/925/925
f 887/887/887 925/925/925 888/888/888
f 889/889/889 926/926/926 927/927/927
f 889/889/889 927/927/927 890/890/890
f 890/890/890 927/927/927 928/928/928
f 890/890/890 928/928/928 891/891/891
f 891/891/891 928/928/928 929/929/929
f 891/891/891 929/929/929 892/892/892
f 892/892/892 929/929/929 930/930/930
f 892/892/892 930/930/930 893/893/893
f 893/893/893 930/930/930 931/931/931
f 893/893/893 931/931/931 894/894/894
f 894/894/894 931/931/931 932/932/932
f 894/894/894 932/932/932 895/895/895
f 895/895/895 932/932/932 933/933/933
f 895/895/895 933/933/933 896/896/896
f 896/896/896 933/933/933 934/934/934
f 896/896/896 934/934/934 897/897/897
f 897/897/897 934/934/934 935/935/935
f 897/897/897 935/935/935 898/898/898
f 898/898/898 935/935/935 936/936/936
f 898/898/898 936/936/936 899/899/899
f 899/899/899 936/936/936 937/937/937
f 899/899/899 937/937/937 900/900/900
f 900/900/900 937/937/937 938/938/938
f 900/900/900 938/938/938 901/901/901
f 901/901/901 938/938/938 939/939/939
f 901/901/901 939/939/939 902/902/902
f 902/902/902 939/939/939 940/940/940
f 902/902/902 940/940/940 903/903/903
f 903/903/903 940/940/940 941/941/941
f 903/903/903 941/941/941 904/904/904
f 904/904/904 941/941/941 942/942/942
f 904/904/904 942/942/942 905/905/905
f 905/905/905 942/942/942 943/943/943
f 905/905/905 943/943/943 906/906/906
f 906/906/906 943/943/943 944/944/944
f 906/906/906 944/944/944 907/907/907
f 907/907/907 944/944/944 945/945/945
f 907/907/907 945/945/945 908/908/908
f 908/908/908 945/945/945 946/946/946
f 908/908/908 946/946/946 909/909/909
f 909/909/909 946/946/946 947/947/947
f 909/909/909 947/947/947 910/910/910
f 910/910/910 947/947/947 948/948/948
f 910/910/910 948/948/948 911/911/911
f 911/911/911 948/948/948 949/949/949
f 911/911/911 949/949/949 912/912/912
f 912/912/912 949/949/949 950/950/950
f 912/912/912 950/950/950 913/913/913
f 913/913/913 950/950/950 951/951/951
f 913/913/913 951/951/951 914/914/914
f 914/914/914 951/951/951 952/952/952
f 914/914/914 952/952/952 915/915/915
f 915/915/915 952/952/952 953/953/953
f 915/915/915 953/953/953 916/916/916
f 916/916/916 953/953/953 954/954/954
f 916/916/916 954/954/954 917/917/917
f 917/917/917 954/954/954 955/955/955
f 917/917/917 955/955/955 918/918/918
f 918/918/918 955/955/955 956/956/956
f 918/918/918 956/956/956 919/919/919
f 919/919/919 956/956/956 957/957/957
f 919/919/919 957/957/957 920/920/920
f 920/920/920 957/957/957 958/958/958
f 920/920/920 958/958/958 921/921/921
f 921/921/921 958/958/958 959/959/959
f 921/921/921 959/959/959 922/922/922
f 922/922/922 959/959/959 960/960/960
f 922/922/922 960/960/960 923/923/923
f 923/923/923 960/960/960 961/961/961
f 923/923/923 961/961/961 924/924/924
f 924/924/924 961/961/961 962/962/962
f 924/924/924 962/962/962 925/925/925
f 926/926/926 963/963/963 964/964/964
f 926/926/926 964/964/964 927/927/927
f 927/927/927 964/964/964 965/965/965
f 927/927/927 965/965/965 928/928/928
f 928/928/928 965/965/965 966/966/966
f 928/928/928 966/966/966 929/929/929
f 929/929/929 966/966/966 967/967/967
f 929/929/929 967/967/967 930/930/930
f 930/930/930 967/967/967 968/968/968
f 930/930/930 968/968/968 931/931/931
f 931/931/931 968/968/968 969/969/969
f 931/931/931 969/969/969 932/932/932
f 932/932/932 969/969/969 970/970/970
f 932/932/932 970/970/970 933/933/933
f 933/933/933 970/970/970 971/971/971
f 933/933/933 971/971/971 934/934/934
f 934/934/934 971/971/971 972/972/972
f 934/934/934 972/972/972 935/935/935
f 935/935/935 972/972/972 973/973/973
f 935/935/935 973/973/973 936/936/936
f 936/936/936 973/973/973 974/974/974
f 936/936/936 974/974/974 937/937/937
f 937/937/937 974/974/974 975/975/975
f 937/937/937 975/975/975 938/938/938
f 938/938/938 975/975/975 976/976/976
f 938/938/938 976/976/976 939/939/939
f 939/939/939 976/976/976 977/977/977
f 939/939/939 977/977/977 940/940/940
f 940/940/940 977/977/977 978/978/978
f 940/940/940 978/978/978 941/941/941
f 941/941/941 978/978/978 979/979/979
f 941/941/941 979/979/979 942/942/942
f 942/942/942 979/979/979 980/980/980
f 942/942/942 980/980/980 943/943/943
f 943/943/943 980/980/980 981/981/981
f 943/943/943 981/981/981 944/944/944
f 944/944/944 981/981/981 982/982/982
f 944/944/944 982/982/982 945/945/945
f 945/945/945 982/982/982 983/983/983
f 945/945/945 983/983/983 946/946/946
f 946/946/946 983/983/983 984/984/984
f 946/946/946 984/984/984 947/947/947
f 947/947/947 984/984/984 985/985/985
f 947/947/947 985/985/985 948/948/948
f 948/948/948 985/985/985 986/986/986
f 948/948/948 986/986/986 949/949/949
f 949/949/949 986/986/986 987/987/987
f 949/949/949 987/987/987 950/950/950
f 950/950/950 987/987/987 988/988/988
f 950/950/950 988/988/988 951/951/951
f 951/951/951 988/988/988 989/989/989
f 951/951/951 989/989/989 952/952/952
f 952/952/952 989/989/989 990/990/990
f 952/952/952 990/990/990 953/953/953
f 953/953/953 990/990/990 991/991/991
f 953/953/953 991/991/991 954/954/954
f 954/954/954 991/991/991 992/992/992
f 954/954/954 992/992/992 955/955/955
f 955/955/955 992/992/992 993/993/993
f 955/955/955 993/993/993 956/956/956
f 956/956/956 993/993/993 994/994/994
f 956/956/956 994/994/994 957/957/957
f 957/957/957 994/994/994 995/995/995
f 957/957/957 995/995/995 958/958/958
f 958/958/958 995/995/995 996/996/996
f 958/958/958 996/996/996 959/959/959
f 959/959/959 996/996/996 997/997/997
f 959/959/959 997/997/997 960/960/960
f 960/960/960 997/997/997 998/998/998
f 960/960/960 998/998/998 961/961/961
f 961/961/961 998/998/998 999/999/999
f 961/961/961 999/999/999 962/962/962
f 963/963/963 1000/1000/1000 1001/1001/1001
f 963/963/963 1001/1001/1001 964/964/964
f 964/964/964 1001/1001/1001 1002/1002/1002
f 964/964/964 1002/1002/1002 965/965/965
f 965/965/965 1002/1002/1002 1003/1003/1003
f 965/965/965 1003/1003/1003 966/966/966
f 966/966/966 1003/1003/1003 1004/1004/1004
f 966/966/966 1004/1004/1004 967/967/967
f 967/967/967 1004/1004/1004 1005/1005/1005
f 967/967/967 1005/1005/1005 968/968/968
f 968/968/968 1005/1005/1005 1006/1006/1006
f 968/968/968 1006/1006/1006 969/969/969
f 969/969/969 1006/1006/1006 1007/1007/1007
f 969/969/969 1007/1007/1007 970/970/970
f 970/970/970 1007/1007/1007 1008/1008/1008
f 970/970/970 1008/1008/1008 971/971/971
f 971/971/971 1008/1008/1008 1009/1009/1009
f 971/971/971 1009/1009/1009 972/972/972
f 972/972/972 1009/1009/1009 1010/1010/1010
f 972/972/972 1010/1010/1010 973/973/973
f 973/973/973 1010/1010/1010 1011/1011/1011
f 973/973/973 1011/1011/1011 974/974/974
f 974/974/974 1011/1011/1011 1012/1012/1012
f 974/974/974 1012/1012/1012 975/975/975
f 975/975/975 1012/1012/1012 1013/1013/1013
f 975/975/975 1013/1013/1013 976/976/976
f 976/976/976 1013/1013/1013 1014/1014/1014
f 976/976/976 1014/1014/1014 977/977/977
f 977/977/977 1014/1014/1014 1015/1015/1015
f 977/977/977 1015/1015/1015 978/978/978
f 978/978/978 1015/1015/1015 1016/1016/1016
f 978/978/978 1016/1016/1016 979/979/979
f 979/979/979 1016/1016/1016 1017/1017/1017
f 979/979/979 1017/1017/1017 980/980/980
f 980/980/980 1017/1017/1017 1018/1018/1018
f 980/980/980 1018/1018/1018 981/981/981
f 981/981/981 1018/1018/1018 1019/1019/1019
f 981/981/981 1019/1019/1019 982/982/982
f 982/982/982 1019/1019/1019 1020/1020/1020
f 982/982/982 1020/1020/1020 983/983/983
f 983/983/983 1020/1020/1020 1021/1021/1021
f 983/983/983 1021/1021/1021 984/984/984
f 984/984/984 1021/1021/1021 1022/1022/1022
f 984/984/984 1022/1022/1022 985/985/985
f 985/985/985 1022/1022/1022 1023/1023/1023
f 985/985/985 1023/1023/1023 986/986/986
f 986/986/986 1023/1023/1023 1024/1024/1024
f 986/986/986 1024/1024/1024 987/987/987
f 987/987/987 1024/1024/1024 1025/1025/1025
f 987/987/987 1025/1025/1025 988/988/988
f 988/988/988 1025/1025/1025 1026/1026/1026
f 988/988/988 1026/1026/1026 989/989/989
f 989/989/989 1026/1026/1026 1027/1027/1027
f 989/989/989 1027/1027/1027 990/990/990
f 990/990/990 1027/1027/1027 1028/1028/1028
f 990/990/990 1028/1028/1028 991/991/991
f 991/991/991 1028/1028/1028 1029/1029/1029
f 991/991/991 1029/1029/1029 992/992/992
f 992/992/992 1029/1029/1029 1030/1030/1030
f 992/992/992 1030/1030/1030 993/993/993
f 993/993/993 1030/1030/1030 1031/1031/1031
f 993/993/993 1031/1031/1031 994/994/994
f 994/994/994 1031/1031/1031 1032/1032/1032
f 994/994/994 1032/1032/1032 995/995/995
f 995/995/995 1032/1032/1032 1033/1033/1033
f 995/995/995 1033/1033/1033 996/996/996
f 996/996/996 1033/1033/1033 1034/1034/1034
f 996/996/996 1034/1034/1034 997/997/997
f 997/997/997 1034/1034/1034 1035/1035/1035
f 997/997/997 1035/1035/1035 998/998/998
f 998/998/998 1035/1035/1035 1036/1036/1036
f 998/998/998 1036/1036/1036 999/999/999
f 1000/1000/1000 1037/1037/1037 1038/1038/1038
f 1000/1000/1000 1038/1038/1038 1001/1001/1001
f 1001/1001/1001 1038/1038/1038 1039/1039/1039
f 1001/1001/1001 1039/1039/1039 1002/1002/1002
f 1002/1002/1002 1039/1039/1039 1040/1040/1040
f 1002/1002/1002 1040/1040/1040 1003/1003/1003
f 1003/1003/1003 1040/1040/1040 1041/1041/1041
f 1003/1003/1003 1041/1041/1041 1004/1004/1004
f 1004/1004/1004 1041/1041/1041 1042/1042/1042
f 1004/1004/1004 1042/1042/1042 1005/1005/1005
f 1005/1005/1005 1042/1042/1042 1043/1043/1043
f 1005/1005/1005 1043/1043/1043 1006/1006/1006
f 1006/1006/1006 1043/1043/1043 1044/1044/1044
f 1006/1006/1006 1044/1044/1044 1007/1007/1007
f 1007/1007/1007 1044/1044/1044 1045/1045/1045
f 1007/1007/1007 1045/1045/1045 1008/1008/1008
f 1008/1008/1008 1045/1045/1045 1046/1046/1046
f 1008/1008/1008 1046/1046/1046 1009/1009/1009
f 1009/1009/1009 1046/1046/1046 1047/1047/1047
f 1009/1009/1009 1047/1047/1047 1010/1010/1010
f 1010/1010/1010 1047/1047/1047 1048/1048/1048
f 1010/1010/1010 1048/1048/1048 1011/1011/1011
f 1011/1011/1011 1048/1048/1048 1049/1049/1049
f 1011/1011/1011 1049/1049/1049 1012/1012/1012
f 1012/1012/1012 1049/1049/1049 1050/1050/1050
f 1012/1012/1012 1050/1050/1050 1013/1013/1013
f 1013/1013/1013 1050/1050/1050 1051/1051/1051
f 1013/1013/1013 1051/1051/1051 1014/1014/1014
f 1014/1014/1014 1051/1051/1051 1052/1052/1052
f 1014/1014/1014 1052/1052/1052 1015/1015/1015
f 1015/1015/1015 1052/1052/1052 1053/1053/1053
f 1015/1015/1015 1053/1053/1053 1016/1016/1016
f 1016/1016/1016 1053/1053/1053 1054/1054/1054
f 1016/1016/1016 1054/1054/1054 1017/1017/1017
f 1017/1017/1017 1054/1054/1054 1055/1055/1055
f 1017/1017/1017 1055/1055/1055 1018/1018/1018
f 1018/1018/1018 1055/1055/1055 1056/1056/1056
f 1018/1018/1018 1056/1056/1056 1019/1019/1019
f 1019/1019/1019 1056/1056/1056 1057/1057/1057
f 1019/1019/1019 1057/1057/1057 1020/1020/1020
f 1020/1020/1020 1057/1057/1057 1058/1058/1058
f 1020/1020/1020 1058/1058/1058 1021/1021/1021
f 1021/1021/1021 1058/1058/1058 1059/1059/1059
f 1021/1021/1021 1059/1059/1059 1022/1022/1022
f 1022/1022/1022 1059/1059/1059 1060/1060/1060
f 1022/1022/1022 1060/1060/1060 1023/1023/1023
f 1023/1023/1023 1060/1060/1060 1061/1061/1061
f 1023/1023/1023 1061/1061/1061 1024/1024/1024
f 1024/1024/1024 1061/1061/1061 1062/1062/1062
f 1024/1024/1024 1062/1062/1062 1025/1025/1025
f 1025/1025/1025 1062/1062/1062 1063/1063/1063
f 1025/1025/1025 1063/1063/1063 1026/1026/1026
f 1026/1026/1026 1063/1063/1063 1064/1064/1064
f 1026/1026/1026 1064/1064/1064 1027/1027/1027
f 1027/1027/1027 1064/1064/1064 1065/1065/1065
f 1027/1027/1027 1065/1065/1065 1028/1028/1028
f 1028/1028/1028 1065/1065/1065 1066/1066/1066
f 1028/1028/1028 1066/1066/1066 1029/1029/1029
f 1029/1029/1029 1066/1066/1066 1067/1067/1067
f 1029/1029/1029 1067/1067/1067 1030/1030/1030
f 1030/1030/1030 1067/1067/1067 1068/1068/1068
f 1030/1030/1030 1068/1068/1068 1031/1031/1031
f 1031/1031/1031 1068/1068/1068 1069/1069/1069
f 1031/1031/1031 1069/1069/1069 1032/1032/1032
f 1032/1032/1032 1069/1069/1069 1070/1070/1070
f 1032/1032/1032 1070/1070/1070 1033/1033/1033
f 1033/1033/1033 1070/1070/1070 1071/1071/1071
f 1033/1033/1033 1071/1071/1071 1034/1034/1034
f 1034/1034/1034 1071/1071/1071 1072/1072/1072
f 1034/1034/1034 1072/1072/1072 1035/1035/1035
f 1035/1035/1035 1072/1072/1072 1073/1073/1073
f 1035/1035/1035 1073/1073/1073 1036/1036/1036
f 1037/1037/1037 1074/1074/1074 1075/1075/1075
f 1037/1037/1037 1075/1075/1075 1038/1038/1038
f 1038/1038/1038 1075/1075/1075 1076/1076/1076
f 1038/1038/1038 1076/1076/1076 1039/1039/1039
f 1039/1039/1039 1076/1076/1076 1077/1077/1077
f 1039/1039/1039 1077/1077/1077 1040/1040/1040
f 1040/1040/1040 1077/1077/1077 1078/1078/1078
f 1040/1040/1040 1078/1078/1078 1041/1041/1041
f 1041/1041/1041 1078/1078/1078 1079/1079/1079
f 1041/1041/1041 1079/1079/1079 1042/1042/1042
f 1042/1042/1042 1079/1079/1079 1080/1080/1080
f 1042/1042/1042 1080/1080/1080 1043/1043/1043
f 1043/1043/1043 1080/1080/1080 1081/1081/1081
f 1043/1043/1043 1081/1081/1081 1044/1044/1044
f 1044/1044/1044 1081/1081/1081 1082/1082/1082
f 1044/1044/1044 1082/1082/1082 1045/1045/1045
f 1045/1045/1045 1082/1082/1082 1083/1083/1083
f 1045/1045/1045 1083/1083/1083 1046/1046/1046
f 1046/1046/1046 1083/1083/1083 1084/1084/1084
f 1046/1046/1046 1084/1084/1084 1047/1047/1047
f 1047/1047/1047 1084/1084/1084 1085/1085/1085
f 1047/1047/1047 1085/1085/1085 1048/1048/1048
f 1048/1048/1048 1085/1085/1085 1086/1086/1086
f 1048/1048/1048 1086/1086/1086 1049/1049/1049
f 1049/1049/1049 1086/1086/1086 1087/1087/1087
f 1049/1049/1049 1087/1087/1087 1050/1050/1050
f 1050/1050/1050 1087/1087/1087 1088/1088/1088
f 1050/1050/1050 1088/1088/1088 1051/1051/1051
f 1051/1051/1051 1088/1088/1088 1089/1089/1089
f 1051/1051/1051 1089/1089/1089 1052/1052/1052
f 1052/1052/1052 1089/1089/1089 1090/1090/1090
f 1052/1052/1052 1090/1090/1090 1053/1053/1053
f 1053/1053/1053 1090/1090/1090 1091/1091/1091
f 1053/1053/1053 1091/1091/1091 1054/1054/1054
f 1054/1054/1054 1091/1091/1091 1092/1092/1092
f 1054/1054/1054 1092/1092/1092 1055/1055/1055
f 1055/1055/1055 1092/1092/1092 1093/1093/1093
f 1055/1055/1055 1093/1093/1093 1056/1056/1056
f 1056/1056/1056 1093/1093/1093 1094/1094/1094
f 1056/1056/1056 1094/1094/1094 1057/1057/1057
f 1057/1057/1057 1094/1094/1094 1095/1095/1095
f 1057/1057/1057 1095/1095/1095 1058/1058/1058
f 1058/1058/1058 1095/1095/1095 1096/1096/1096
f 1058/1058/1058 1096/1096/1096 1059/1059/1059
f 1059/1059/1059 1096/1096/1096 1097/1097/1097
f 1059/1059/1059 1097/1097/1097 1060/1060/1060
f 1060/1060/1060 1097/1097/1097 1098/1098/1098
f 1060/1060/1060 1098/1098/1098 1061/1061/1061
f 1061/1061/1061 1098/1098/1098 1099/1099/1099
f 1061/1061/1061 1099/1099/1099 1062/1062/1062
f 1062/1062/1062 1099/1099/1099 1100/1100/1100
f 1062/1062/1062 1100/1100/1100 1063/1063/1063
f 1063/1063/1063 1100/1100/1100 1101/1101/1101
f 1063/1063/1063 1101/1101/1101 1064/1064/1064
f 1064/1064/1064 1101/1101/1101 1102/1102/1102
f 1064/1064/1064 1102/1102/1102 1065/1065/1065
f 1065/1065/1065 1102/1102/1102 1103/1103/1103
f 1065/1065/1065 1103/1103/1103 1066/1066/1066
f 1066/1066/1066 1103/1103/1103 1104/1104/1104
f 1066/1066/1066 1104/1104/1104 1067/1067/1067
f 1067/1067/1067 1104/1104/1104 1105/1105/1105
f 1067/1067/1067 1105/1105/1105 1068/1068/1068
f 1068/1068/1068 1105/1105/1105 1106/1106/1106
f 1068/1068/1068 1106/1106/1106 1069/1069/1069
f 1069/1069/1069 1106/1106/1106 1107/1107/1107
f 1069/1069/1069 1107/1107/1107 1070/1070/1070
f 1070/1070/1070 1107/1107/1107 1108/1108/1108
f 1070/1070/1070 1108/1108/1108 1071/1071/1071
f 1071/1071/1071 1108/1108/1108 1109/1109/1109
f 1071/1071/1071 1109/1109/1109 1072/1072/1072
f 1072/1072/1072 1109/1109/1109 1110/1110/1110
f 1072/1072/1072 1110/1110/1110 1073/1073/1073
f 1074/1074/1074 1111/1111/1111 1112/1112/1112
f 1074/1074/1074 1112/1112/1112 1075/1075/1075
f 1075/1075/1075 1112/1112/1112 1113/1113/1113
f 1075/1075/1075 1113/1113/1113 1076/1076/1076
f 1076/1076/1076 1113/1113/1113 1114/1114/1114
f 1076/1076/1076 1114/1114/1114 1077/1077/1077
f 1077/1077/1077 1114/1114/1114 1115/1115/1115
f 1077/1077/1077 1115/1115/1115 1078/1078/1078
f 1078/1078/1078 1115/1115/1115 1116/1116/1116
f 1078/1078/1078 1116/1116/1116 1079/1079/1079
f 1079/1079/1079 1116/1116/1116 1117/1117/1117
f 1079/1079/1079 1117/1117/1117 1080/1080/1080
f 1080/1080/1080 1117/1117/1117 1118/1118/1118
f 1080/1080/1080 1118/1118/1118 1081/1081/1081
f 1081/1081/1081 1118/1118/1118 1119/1119/1119
f 1081/1081/1081 1119/1119/1119 1082/1082/1082
f 1082/1082/1082 1119/1119/1119 1120/1120/1120
f 1082/1082/1082 1120/1120/1120 1083/1083/1083
f 1083/1083/1083 1120/1120/1120 1121/1121/1121
f 1083/1083/1083 1121/1121/1121 1084/1084/1084
f 1084/1084/1084 1121/1121/1121 1122/1122/1122
f 1084/1084/1084 1122/1122/1122 1085/1085/1085
f 1085/1085/1085 1122/1122/1122 1123/1123/1123
f 1085/1085/1085 1123/1123/1123 1086/1086/1086
f 1086/1086/1086 1123/1123/1123 1124/1124/1124
f 1086/1086/1086 1124/1124/1124 1087/1087/1087
f 1087/1087/1087 1124/1124/1124 1125/1125/1125
f 1087/1087/1087 1125/1125/1125 1088/1088/1088
f 1088/1088/1088 1125/1125/1125 1126/1126/1126
f 1088/1088/1088 1126/1126/1126 1089/1089/1089
f 1089/1089/1089 1126/1126/1126 1127/1127/1127
f 1089/1089/1089 1127/1127/1127 1090/1090/1090
f 1090/1090/1090 1127/1127/1127 1128/1128/1128
f 1090/1090/1090 1128/1128/1128 1091/1091/1091
f 1091/1091/1091 1128/1128/1128 1129/1129/1129
f 1091/1091/1091 1129/1129/1129 1092/1092/1092
f 1092/1092/1092 1129/1129/1129 1130/1130/1130
f 1092/1092/1092 1130/1130/1130 1093/1093/1093
f 1093/1093/1093 1130/1130/1130 1131/1131/1131
f 1093/1093/1093 1131/1131/1131 1094/1094/1094
f 1094/1094/1094 1131/1131/1131 1132/1132/1132
f 1094/1094/1094 1132/1132/1132 1095/1095/1095
f 1095/1095/1095 1132/1132/1132 1133/1133/1133
f 1095/1095/1095 1133/1133/1133 1096/1096/1096
f 1096/1096/1096 1133/1133/1133 1134/1134/1134
f 1096/1096/1096 1134/1134/1134 1097/1097/1097
f 1097/1097/1097 1134/1134/1134 1135/1135/1135
f 1097/1097/1097 1135/1135/1135 1098/1098/1098
f 1098/1098/1098 1135/1135/1135 1136/1136/1136
f 1098/1098/1098 1136/1136/1136 1099/1099/1099
f 1099/1099/1099 1136/1136/1136 1137/1137/1137
f 1099/1099/1099 1137/1137/1137 1100/1100/1100
f 1100/1100/1100 1137/1137/1137 1138/1138/1138
f 1100/1100/1100 1138/1138/1138 1101/1101/1101
f 1101/1101/1101 1138/1138/1138 1139/1139/1139
f 1101/1101/1101 1139/1139/1139 1102/1102/1102
f 1102/1102/1102 1139/1139/1139 1140/1140/1140
f 1102/1102/1102 1140/1140/1140 1103/1103/1103
f 1103/1103/1103 1140/1140/1140 1141/1141/1141
f 1103/1103/1103 1141/1141/1141 1104/1104/1104
f 1104/1104/1104 1141/1141/1141 1142/1142/1142
f 1104/1104/1104 1142/1142/1142 1105/1105/1105
f 1105/1105/1105 1142/1142/1142 1143/1143/1143
f 1105/1105/1105 1143/1143/1143 1106/1106/1106
f 1106/1106/1106 1143/1143/1143 1144/1144/1144
f 1106/1106/1106 1144/1144/1144 1107/1107/1107
f 1107/1107/1107 1144/1144/1144 1145/1145/1145
f 1107/1107/1107 1145/1145/1145 1108/1108/1108
f 1108/1108/1108 1145/1145/1145 1146/1146/1146
f 1108/1108/1108 1146/1146/1146 1109/1109/1109
f 1109/1109/1109 1146/1146/1146 1147/1147/1147
f 1109/1109/1109 1147/1147/1147 1110/1110/1110
f 1111/1111/1111 1148/1148/1148 1149/1149/1149
f 1111/1111/1111 1149/1149/1149 1112/1112/1112
f 1112/1112/1112 1149/1149/1149 1150/1150/1150
f 1112/1112/1112 1150/1150/1150 1113/1113/1113
f 1113/1113/1113 1150/1150/1150 1151/1151/1151
f 1113/1113/1113 1151/1151/1151 1114/1114/1114
f 1114/1114/1114 1151/1151/1151 1152/1152/1152
f 1114/1114/1114 1152/1152/1152 1115/1115/1115
f 1115/1115/1115 1152/1152/1152 1153/1153/1153
f 1115/1115/1115 1153/1153/1153 1116/1116/1116
f 1116/1116/1116 1153/1153/1153 1154/1154/1154
f 1116/1116/1116 1154/1154/1154 1117/1117/1117
f 1117/1117/1117 1154/1154/1154 1155/1155/1155
f 1117/1117/1117 1155/1155/1155 1118/1118/1118
f 1118/1118/1118 1155/1155/1155 1156/1156/1156
f 1118/1118/1118 1156/1156/1156 1119/1119/1119
f 1119/1119/1119 1156/1156/1156 1157/1157/1157
f 1119/1119/1119 1157/1157/1157 1120/1120/1120
f 1120/1120/1120 1157/1157/1157 1158/1158/1158
f 1120/1120/1120 1158/1158/1158 1121/1121/1121
f 1121/1121/1121 1158/1158/1158 1159/1159/1159
f 1121/1121/1121 1159/1159/1159 1122/1122/1122
f 1122/1122/1122 1159/1159/1159 1160/1160/1160
f 1122/1122/1122 1160/1160/1160 1123/1123/1123
f 1123/1123/1123 1160/1160/1160 1161/1161/1161
f 1123/1123/1123 1161/1161/1161 1124/1124/1124
f 1124/1124/1124 1161/1161/1161 1162/1162/1162
f 1124/1124/1124 1162/1162/1162 1125/1125/1125
f 1125/1125/1125 1162/1162/1162 1163/1163/1163
f 1125/1125/1125 1163/1163/1163 1126/1126/1126
f 1126/1126/1126 1163/1163/1163 1164/1164/1164
f 1126/1126/1126 1164/1164/1164 1127/1127/1127
f 1127/1127/1127 1164/1164/1164 1165/1165/1165
f 1127/1127/1127 1165/1165/1165 1128/1128/1128
f 1128/1128/1128 1165/1165/1165 1166/1166/1166
f 1128/1128/1128 1166/1166/1166 1129/1129/1129
f 1129/1129/1129 1166/1166/1166 1167/1167/1167
f 1129/1129/1129 1167/1167/1167 1130/1130/1130
f 1130/1130/1130 1167/1167/1167 1168/1168/1168
f 1130/1130/1130 1168/1168/1168 1131/1131/1131
f 1131/1131/1131 1168/1168/1168 1169/1169/1169
f 1131/1131/1131 1169/1169/1169 1132/1132/1132
f 1132/1132/1132 1169/1169/1169 1170/1170/1170
f 1132/1132/1132 1170/1170/1170 1133/1133/1133
f 1133/1133/1133 1170/1170/1170 1171/1171/1171
f 1133/1133/1133 1171/1171/1171 1134/1134/1134
f 1134/1134/1134 1171/1171/1171 1172/1172/1172
f 1134/1134/1134 1172/1172/1172 1135/1135/1135
f 1135/1135/1135 1172/1172/1172 1173/1173/1173
f 1135/1135/1135 1173/1173/1173 1136/1136/1136
f 1136/1136/1136 1173/1173/1173 1174/1174/1174
f 1136/1136/1136 1174/1174/1174 1137/1137/1137
f 1137/1137/1137 1174/1174/1174 1175/1175/1175
f 1137/1137/1137 1175/1175/1175 1138/1138/1138
f 1138/1138/1138 1175/1175/1175 1176/1176/1176
f 1138/1138/1138 1176/1176/1176 1139/1139/1139
f 1139/1139/1139 1176/1176/1176 1177/1177/1177
f 1139/1139/1139 1177/1177/1177 1140/1140/1140
f 1140/1140/1140 1177/1177/1177 1178/1178/1178
f 1140/1140/1140 1178/1178/1178 1141/1141/1141
f 1141/1141/1141 1178/1178/1178 1179/1179/1179
f 1141/1141/1141 1179/1179/1179 1142/1142/1142
f 1142/1142/1142 1179/1179/1179 1180/1180/1180
f 1142/1142/1142 1180/1180/1180 1143/1143/1143
f 1143/1143/1143 1180/1180/1180 1181/1181/1181
f 1143/1143/1143 1181/1181/1181 1144/1144/1144
f 1144/1144/1144 1181/1181/1181 1182/1182/1182
f 1144/1144/1144 1182/1182/1182 1145/1145/1145
f 1145/1145/1145 1182/1182/1182 1183/1183/1183
f 1145/1145/1145 1183/1183/1183 1146/1146/1146
f 1146/1146/1146 1183/1183/1183 1184/1184/1184
f 1146/1146/1146 1184/1184/1184 1147/1147/1147
f 1148/1148/1148 1185/1185/1185 1186/1186/1186
f 1148/1148/1148 1186/1186/1186 1149/1149/1149
f 1149/1149/1149 1186/1186/1186 1187/1187/1187
f 1149/1149/1149 1187/1187/1187 1150/1150/1150
f 1150/1150/1150 1187/1187/1187 1188/1188/1188
f 1150/1150/1150 1188/1188/1188 1151/1151/1151
f 1151/1151/1151 1188/1188/1188 1189/1189/1189
f 1151/1151/1151 1189/1189/1189 1152/1152/1152
f 1152/1152/1152 1189/1189/1189 1190/1190/1190
f 1152/1152/1152 1190/1190/1190 1153/1153/1153
f 1153/1153/1153 1190/1190/1190 1191/1191/1191
f 1153/1153/1153 1191/1191/1191 1154/1154/1154
f 1154/1154/1154 1191/1191/1191 1192/1192/1192
f 1154/1154/1154 1192/1192/1192 1155/1155/1155
f 1155/1155/1155 1192/1192/1192 1193/1193/1193
f 1155/1155/1155 1193/1193/1193 1156/1156/1156
f 1156/1156/1156 1193/1193/1193 1194/1194/1194
f 1156/1156/1156 1194/1194/1194 1157/1157/1157
f 1157/1157/1157 1194/1194/1194 1195/1195/1195
f 1157/1157/1157 1195/1195/1195 1158/1158/1158
f 1158/1158/1158 1195/1195/1195 1196/1196/1196
f 1158/1158/1158 1196/1196/1196 1159/1159/1159
f 1159/1159/1159 1196/1196/1196 1197/1197/1197
f 1159/1159/1159 1197/1197/1197 1160/1160/1160
f 1160/1160/1160 1197/1197/1197 1198/1198/1198
f 1160/1160/1160 1198/1198/1198 1161/1161/1161
f 1161/1161/1161 1198/1198/1198 1199/1199/1199
f 1161/1161/1161 1199/1199/1199 1162/1162/1162
f 1162/1162/1162 1199/1199/1199 1200/1200/1200
f 1162/1162/1162 1200/1200/1200 1163/1163/1163
f 1163/1163/1163 1200/1200/1200 1201/1201/1201
f 1163/1163/1163 1201/1201/1201 1164/1164/1164
f 1164/1164/1164 1201/1201/1201 1202/1202/1202
f 1164/1164/1164 1202/1202/1202 1165/1165/1165
f 1165/1165/1165 1202/1202/1202 1203/1203/1203
f 1165/1165/1165 1203/1203/1203 1166/1166/1166
f 1166/1166/1166 1203/1203/1203 1204/1204/1204
f 1166/1166/1166 1204/1204/1204 1167/1167/1167
f 1167/1167/1167 1204/1204/1204 1205/1205/1205
f 1167/1167/1167 1205/1205/1205 1168/1168/1168
f 1168/1168/1168 1205/1205/1205 1206/1206/1206
f 1168/1168/1168 1206/1206/1206 1169/1169/1169
f 1169/1169/1169 1206/1206/1206 1207/1207/1207
f 1169/1169/1169 1207/1207/1207 1170/1170/1170
f 1170/1170/1170 1207/1207/1207 1208/1208/1208
f 1170/1170/1170 1208/1208/1208 1171/1171/1171
f 1171/1171/1171 1208/1208/1208 1209/1209/1209
f 1171/1171/1171 1209/1209/1209 1172/1172/1172
f 1172/1172/1172 1209/1209/1209 1210/1210/1210
f 1172/1172/1172 1210/1210/1210 1173/1173/1173
f 1173/1173/1173 1210/1210/1210 1211/1211/1211
f 1173/1173/1173 1211/1211/1211 1174/1174/1174
f 1174/1174/1174 1211/1211/1211 1212/1212/1212
f 1174/1174/1174 1212/1212/1212 1175/1175/1175
f 1175/1175/1175 1212/1212/1212 1213/1213/1213
f 1175/1175/1175 1213/1213/1213 1176/1176/1176
f 1176/1176/1176 1213/1213/1213 1214/1214/1214
f 1176/1176/1176 1214/1214/1214 1177/1177/1177
f 1177/1177/1177 1214/1214/1214 1215/1215/1215
f 1177/1177/1177 1215/1215/1215 1178/1178/1178
f 1178/1178/1178 1215/1215/1215 1216/1216/1216
f 1178/1178/1178 1216/1216/1216 1179/1179/1179
f 1179/1179/1179 1216/1216/1216 1217/1217/1217
f 1179/1179/1179 1217/1217/1217 1180/1180/1180
f 1180/1180/1180 1217/1217/1217 1218/1218/1218
f 1180/1180/1180 1218/1218/1218 1181/1181/1181
f 1181/1181/1181 1218/1218/1218 1219/1219/1219
f 1181/1181/1181 1219/1219/1219 1182/1182/1182
f 1182/1182/1182 1219/1219/1219 1220/1220/1220
f 1182/1182/1182 1220/1220/1220 1183/1183/1183
f 1183/1183/1183 1220/1220/1220 1221/1221/1221
f 1183/1183/1183 1221/1221/1221 1184/1184/1184
f 1185/1185/1185 1222/1222/1222 1223/1223/1223
f 1185/1185/1185 1223/1223/1223 1186/1186/1186
f 1186/1186/1186 1223/1223/1223 1224/1224/1224
f 1186/1186/1186 1224/1224/1224 1187/1187/1187
f 1187/1187/1187 1224/1224/1224 1225/1225/1225
f 1187/1187/1187 1225/1225/1225 1188/1188/1188
f 1188/1188/1188 1225/1225/1225 1226/1226/1226
f 1188/1188/1188 1226/1226/1226 1189/1189/1189
f 1189/1189/1189 1226/1226/1226 1227/1227/1227
f 1189/1189/1189 1227/1227/1227 1190/1190/1190
f 1190/1190/1190 1227/1227/1227 1228/1228/1228
f 1190/1190/1190 1228/1228/1228 1191/1191/1191
f 1191/1191/1191 1228/1228/1228 1229/1229/1229
f 1191/1191/1191 1229/1229/1229 1192/1192/1192
f 1192/1192/1192 1229/1229/1229 1230/1230/1230
f 1192/1192/1192 1230/1230/1230 1193/1193/1193
f 1193/1193/1193 1230/1230/1230 1231/1231/1231
f 1193/1193/1193 1231/1231/1231 1194/1194/1194
f 1194/1194/1194 1231/1231/1231 1232/1232/1232
f 1194/1194/1194 1232/1232/1232 1195/1195/1195
f 1195/1195/1195 1232/1232/1232 1233/1233/1233
f 1195/1195/1195 1233/1233/1233 1196/1196/1196
f 1196/1196/1196 1233/1233/1233 1234/1234/1234
f 1196/1196/1196 1234/1234/1234 1197/1197/1197
f 1197/1197/1197 1234/1234/1234 1235/1235/1235
f 1197/1197/1197 1235/1235/1235 1198/1198/1198
f 1198/1198/1198 1235/1235/1235 1236/1236/1236
f 1198/1198/1198 1236/1236/1236 1199/1199/1199
f 1199/1199/1199 1236/1236/1236 1237/1237/1237
f 1199/1199/1199 1237/1237/1237 1200/1200/1200
f 1200/1200/1200 1237/1237/1237 1238/1238/1238
f 1200/1200/1200 1238/1238/1238 1201/1201/1201
f 1201/1201/1201 1238/1238/1238 1239/1239/1239
f 1201/1201/1201 1239/1239/1239 1202/1202/1202
f 1202/1202/1202 1239/1239/1239 1240/1240/1240
f 1202/1202/1202 1240/1240/1240 1203/1203/1203
f 1203/1203/1203 1240/1240/1240 1241/1241/1241
f 1203/1203/1203 1241/1241/1241 1204/1204/1204
f 1204/1204/1204 1241/1241/1241 1242/1242/1242
f 1204/1204/1204 1242/1242/1242 1205/1205/1205
f 1205/1205/1205 1242/1242/1242 1243/1243/1243
f 1205/1205/1205 1243/1243/1243 1206/1206/1206
f 1206/1206/1206 1243/1243/1243 1244/1244/1244
f 1206/1206/1206 1244/1244/1244 1207/1207/1207
f 1207/1207/1207 1244/1244/1244 1245/1245/1245
f 1207/1207/1207 1245/1245/1245 1208/1208/1208
f 1208/1208/1208 1245/1245/1245 1246/1246/1246
f 1208/1208/1208 1246/1246/1246 1209/1209/1209
f 1209/1209/1209 1246/1246/1246 1247/1247/1247
f 1209/1209/1209 1247/1247/1247 1210/1210/1210
f 1210/1210/1210 1247/1247/1247 1248/1248/1248
f 1210/1210/1210 1248/1248/1248 1211/1211/1211
f 1211/1211/1211 1248/1248/1248 1249/1249/1249
f 1211/1211/1211 1249/1249/1249 1212/1212/1212
f 1212/1212/1212 1249/1249/1249 1250/1250/1250
f 1212/1212/1212 1250/1250/1250 1213/1213/1213
f 1213/1213/1213 1250/1250/1250 1251/1251/1251
f 1213/1213/1213 1251/1251/1251 1214/1214/1214
f 1214/1214/1214 1251/1251/1251 1252/1252/1252
f 1214/1214/1214 1252/1252/1252 1215/1215/1215
f 1215/1215/1215 1252/1252/1252 1253/1253/1253
f 1215/1215/1215 1253/1253/1253 1216/1216/1216
f 1216/1216/1216 1253/1253/1253 1254/1254/1254
f 1216/1216/1216 1254/1254/1254 1217/1217/1217
f 1217/1217/1217 1254/1254/1254 1255/1255/1255
f 1217/1217/1217 1255/1255/1255 1218/1218/1218
f 1218/1218/1218 1255/1255/1255 1256/1256/1256
f 1218/1218/1218 1256/1256/1256 1219/1219/1219
f 1219/1219/1219 1256/1256/1256 1257/1257/1257
f 1219/1219/1219 1257/1257/1257 1220/1220/1220
f 1220/1220/1220 1257/1257/1257 1258/1258/1258
f 1220/1220/1220 1258/1258/1258 1221/1221/1221
f 1222/1222/1222 1259/1259/1259 1260/1260/1260
f 1222/1222/1222 1260/1260/1260 1223/1223/1223
f 1223/1223/1223 1260/1260/1260 1261/1261/1261
f 1223/1223/1223 1261/1261/1261 1224/1224/1224
f 1224/1224/1224 1261/1261/1261 1262/1262/1262
f 1224/1224/1224 1262/1262/1262 1225/1225/1225
f 1225/1225/1225 1262/1262/1262 1263/1263/1263
f 1225/1225/1225 1263/1263/1263 1226/1226/1226
f 1226/1226/1226 1263/1263/1263 1264/1264/1264
f 1226/1226/1226 1264/1264/1264 1227/1227/1227
f 1227/1227/1227 1264/1264/1264 1265/1265/1265
f 1227/1227/1227 1265/1265/1265 1228/1228/1228
f 1228/1228/1228 1265/1265/1265 1266/1266/1266
f 1228/1228/1228 1266/1266/1266 1229/1229/1229
f 1229/1229/1229 1266/1266/1266 1267/1267/1267
f 1229/1229/1229 1267/1267/1267 1230/1230/1230
f 1230/1230/1230 1267/1267/1267 1268/1268/1268
f 1230/1230/1230 1268/1268/1268 1231/1231/1231
f 1231/1231/1231 1268/1268/1268 1269/1269/1269
f 1231/1231/1231 1269/1269/1269 1232/1232/1232
f 1232/1232/1232 1269/1269/1269 1270/1270/1270
f 1232/1232/1232 1270/1270/1270 1233/1233/1233
f 1233/1233/1233 1270/1270/1270 1271/1271/1271
f 1233/1233/1233 1271/1271/1271 1234/1234/1234
f 1234/1234/1234 1271/1271/1271 1272/1272/1272
f 1234/1234/1234 1272/1272/1272 1235/1235/1235
f 1235/1235/1235 1272/1272/1272 1273/1273/1273
f 1235/1235/1235 1273/1273/1273 1236/1236/1236
f 1236/1236/1236 1273/1273/1273 1274/1274/1274
f 1236/1236/1236 1274/1274/1274 1237/1237/1237
f 1237/1237/1237 1274/1274/1274 1275/1275/1275
f 1237/1237/1237 1275/1275/1275 1238/1238/1238
f 1238/1238/1238 1275/1275/1275 1276/1276/1276
f 1238/1238/1238 1276/1276/1276 1239/1239/1239
f 1239/1239/1239 1276/1276/1276 1277/1277/1277
f 1239/1239/1239 1277/1277/1277 1240/1240/1240
f 1240/1240/1240 1277/1277/1277 1278/1278/1278
f 1240/1240/1240 1278/1278/1278 1241/1241/1241
f 1241/1241/1241 1278/1278/1278 1279/1279/1279
f 1241/1241/1241 1279/1279/1279 1242/1242/1242
f 1242/1242/1242 1279/1279/1279 1280/1280/1280
f 1242/1242/1242 1280/1280/1280 1243/1243/1243
f 1243/1243/1243 1280/1280/1280 1281/1281/1281
f 1243/1243/1243 1281/1281/1281 1244/1244/1244
f 1244/1244/1244 1281/1281/1281 1282/1282/1282
f 1244/1244/1244 1282/1282/1282 1245/1245/1245
f 1245/1245/1245 1282/1282/1282 1283/1283/1283
f 1245/1245/1245 1283/1283/1283 1246/1246/1246
f 1246/1246/1246 1283/1283/1283 1284/1284/1284
f 1246/1246/1246 1284/1284/1284 1247/1247/1247
f 1247/1247/1247 1284/1284/1284 1285/1285/1285
f 1247/1247/1247 1285/1285/1285 1248/1248/1248
f 1248/1248/1248 1285/1285/1285 1286/1286/1286
f 1248/1248/1248 1286/1286/1286 1249/1249/1249
f 1249/1249/1249 1286/1286/1286 1287/1287/1287
f 1249/1249/1249 1287/1287/1287 1250/1250/1250
f 1250/1250/1250 1287/1287/1287 1288/1288/1288
f 1250/1250/1250 1288/1288/1288 1251/1251/1251
f 1251/1251/1251 1288/1288/1288 1289/1289/1289
f 1251/1251/1251 1289/1289/1289 1252/1252/1252
f 1252/1252/1252 1289/1289/1289 1290/1290/1290
f 1252/1252/1252 1290/1290/1290 1253/1253/1253
f 1253/1253/1253 1290/1290/1290 1291/1291/1291
f 1253/1253/1253 1291/1291/1291 1254/1254/1254
f 1254/1254/1254 1291/1291/1291 1292/1292/1292
f 1254/1254/1254 1292/1292/1292 1255/1255/1255
f 1255/1255/1255 1292/1292/1292 1293/1293/1293
f 1255/1255/1255 1293/1293/1293 1256/1256/1256
f 1256/1256/1256 1293/1293/1293 1294/1294/1294
f 1256/1256/1256 1294/1294/1294 1257/1257/1257
f 1257/1257/1257 1294/1294/1294 1295/1295/1295
f 1257/1257/1257 1295/1295/1295 1258/1258/1258
f 1259/1259/1259 1296/1296/1296 1297/1297/1297
f 1259/1259/1259 1297/1297/1297 1260/1260/1260
f 1260/1260/1260 1297/1297/1297 1298/1298/1298
f 1260/1260/1260 1298/1298/1298 1261/1261/1261
f 1261/1261/1261 1298/1298/1298 1299/1299/1299
f 1261/1261/1261 1299/1299/1299 1262/1262/1262
f 1262/1262/1262 1299/1299/1299 1300/1300/1300
f 1262/1262/1262 1300/1300/1300 1263/1263/1263
f 1263/1263/1263 1300/1300/1300 1301/1301/1301
f 1263/1263/1263 1301/1301/1301 1264/1264/1264
f 1264/1264/1264 1301/1301/1301 1302/1302/1302
f 1264/1264/1264 1302/1302/1302 1265/1265/1265
f 1265/1265/1265 1302/1302/1302 1303/1303/1303
f 1265/1265/1265 1303/1303/1303 1266/1266/1266
f 1266/1266/1266 1303/1303/1303 1304/1304/1304
f 1266/1266/1266 1304/1304/1304 1267/1267/1267
f 1267/1267/1267 1304/1304/1304 1305/1305/1305
f 1267/1267/1267 1305/1305/1305 1268/1268/1268
f 1268/1268/1268 1305/1305/1305 1306/1306/1306
f 1268/1268/1268 1306/1306/1306 1269/1269/1269
f 1269/1269/1269 1306/1306/1306 1307/1307/1307
f 1269/1269/1269 1307/1307/1307 1270/1270/1270
f 1270/1270/1270 1307/1307/1307 1308/1308/1308
f 1270/1270/1270 1308/1308/1308 1271/1271/1271
f 1271/1271/1271 1308/1308/1308 1309/1309/1309
f 1271/1271/1271 1309/1309/1309 1272/1272/1272
f 1272/1272/1272 1309/1309/1309 1310/1310/1310
f 1272/1272/1272 1310/1310/1310 1273/1273/1273
f 1273/1273/1273 1310/1310/1310 1311/1311/1311
f 1273/1273/1273 1311/1311/1311 1274/1274/1274
f 1274/1274/1274 1311/1311/1311 1312/1312/1312
f 1274/1274/1274 1312/1312/1312 1275/1275/1275
f 1275/1275/1275 1312/1312/1312 1313/1313/1313
f 1275/1275/1275 1313/1313/1313 1276/1276/1276
f 1276/1276/1276 1313/1313/1313 1314/1314/1314
f 1276/1276/1276 1314/1314/1314 1277/1277/1277
f 1277/1277/1277 1314/1314/1314 1315/1315/1315
f 1277/1277/1277 1315/1315/1315 1278/1278/1278
f 1278/1278/1278 1315/1315/1315 1316/1316/1316
f 1278/1278/1278 1316/1316/1316 1279/1279/1279
f 1279/1279/1279 1316/1316/1316 1317/1317/1317
f 1279/1279/1279 1317/1317/1317 1280/1280/1280
f 1280/1280/1280 1317/1317/1317 1318/1318/1318
f 1280/1280/1280 1318/1318/1318 1281/1281/1281
f 1281/1281/1281 1318/1318/1318 1319/1319/1319
f 1281/1281/1281 1319/1319/1319 1282/1282/1282
f 1282/1282/1282 1319/1319/1319 1320/1320/1320
f 1282/1282/1282 1320/1320/1320 1283/1283/1283
f 1283/1283/1283 1320/1320/1320 1321/1321/1321
f 1283/1283/1283 1321/1321/1321 1284/1284/1284
f 1284/1284/1284 1321/1321/1321 1322/1322/1322
f 1284/1284/1284 1322/1322/1322 1285/1285/1285
f 1285/1285/1285 1322/1322/1322 1323/1323/1323
f 1285/1285/1285 1323/1323/1323 1286/1286/1286
f 1286/1286/1286 1323/1323/1323 1324/1324/1324
f 1286/1286/1286 1324/1324/1324 1287/1287/1287
f 1287/1287/1287 1324/1324/1324 1325/1325/1325
f 1287/1287/1287 1325/1325/1325 1288/1288/1288
f 1288/1288/1288 1325/1325/1325 1326/1326/1326
f 1288/1288/1288 1326/1326/1326 1289/1289/1289
f 1289/1289/1289 1326/1326/1326 1327/1327/1327
f 1289/1289/1289 1327/1327/1327 1290/1290/1290
f 1290/1290/1290 1327/1327/1327 1328/1328/1328
f 1290/1290/1290 1328/1328/1328 1291/1291/1291
f 1291/1291/1291 1328/1328/1328 1329/1329/1329
f 1291/1291/1291 1329/1329/1329 1292/1292/1292
f 1292/1292/1292 1329/1329/1329 1330/1330/1330
f 1292/1292/1292 1330/1330/1330 1293/1293/1293
f 1293/1293/1293 1330/1330/1330 1331/1331/1331
f 1293/1293/1293 1331/1331/1331 1294/1294/1294
f 1294/1294/1294 1331/1331/1331 1332/1332/1332
f 1294/1294/1294 1332/1332/1332 1295/1295/1295
f 1296/1296/1296 1333/1333/1333 1334/1334/1334
f 1296/1296/1296 1334/1334/1334 1297/1297/1297
f 1297/1297/1297 1334/1334/1334 1335/1335/1335
f 1297/1297/1297 1335/1335/1335 1298/1298/1298
f 1298/1298/1298 1335/1335/1335 1336/1336/1336
f 1298/1298/1298 1336/1336/1336 1299/1299/1299
f 1299/1299/1299 1336/1336/1336 1337/1337/1337
f 1299/1299/1299 1337/1337/1337 1300/1300/1300
f 1300/1300/1300 1337/1337/1337 1338/1338/1338
f 1300/1300/1300 1338/1338/1338 1301/1301/1301
f 1301/1301/1301 1338/1338/1338 1339/1339/1339
f 1301/1301/1301 1339/1339/1339 1302/1302/1302
f 1302/1302/1302 1339/1339/1339 1340/1340/1340
f 1302/1302/1302 1340/1340/1340 1303/1303/1303
f 1303/1303/1303 1340/1340/1340 1341/1341/1341
f 1303/1303/1303 1341/1341/1341 1304/1304/1304
f 1304/1304/1304 1341/1341/1341 1342/1342/1342
f 1304/1304/1304 1342/1342/1342 1305/1305/1305
f 1305/1305/1305 1342/1342/1342 1343/1343/1343
f 1305/1305/1305 1343/1343/1343 1306/1306/1306
f 1306/1306/1306 1343/1343/1343 1344/1344/1344
f 1306/1306/1306 1344/1344/1344 1307/1307/1307
f 1307/1307/1307 1344/1344/1344 1345/1345/1345
f 1307/1307/1307 1345/1345/1345 1308/1308/1308
f 1308/1308/1308 1345/1345/1345 1346/1346/1346
f 1308/1308/1308 1346/1346/1346 1309/1309/1309
f 1309/1309/1309 1346/1346/1346 1347/1347/1347
f 1309/1309/1309 1347/1347/1347 1310/1310/1310
f 1310/1310/1310 1347/1347/1347 1348/1348/1348
f 1310/1310/1310 1348/1348/1348 1311/1311/1311
f 1311/1311/1311 1348/1348/1348 1349/1349/1349
f 1311/1311/1311 1349/1349/1349 1312/1312/1312
f 1312/1312/1312 1349/1349/1349 1350/1350/1350
f 1312/1312/1312 1350/1350/1350 1313/1313/1313
f 1313/1313/1313 1350/1350/1350 1351/1351/1351
f 1313/1313/1313 1351/1351/1351 1314/1314/1314
f 1314/1314/1314 1351/1351/1351 1352/1352/1352
f 1314/1314/1314 1352/1352/1352 1315/1315/1315
f 1315/1315/1315 1352/1352/1352 1353/1353/1353
f 1315/1315/1315 1353/1353/1353 1316/1316/1316
f 1316/1316/1316 1353/1353/1353 1354/1354/1354
f 1316/1316/1316 1354/1354/1354 1317/1317/1317
f 1317/1317/1317 1354/1354/1354 1355/1355/1355
f 1317/1317/1317 1355/1355/1355 1318/1318/1318
f 1318/1318/1318 1355/1355/1355 1356/1356/1356
f 1318/1318/1318 1356/1356/1356 1319/1319/1319
f 1319/1319/1319 1356/1356/1356 1357/1357/1357
f 1319/1319/1319 1357/1357/1357 1320/1320/1320
f 1320/1320/1320 1357/1357/1357 1358/1358/1358
f 1320/1320/1320 1358/1358/1358 1321/1321/1321
f 1321/1321/1321 1358/1358/1358 1359/1359/1359
f 1321/1321/1321 1359/1359/1359 1322/1322/1322
f 1322/1322/1322 1359/1359/1359 1360/1360/1360
f 1322/1322/1322 1360/1360/1360 1323/1323/1323
f 1323/1323/1323 1360/1360/1360 1361/1361/1361
f 1323/1323/1323 1361/1361/1361 1324/1324/1324
f 1324/1324/1324 1361/1361/1361 1362/1362/1362
f 1324/1324/1324 1362/1362/1362 1325/1325/1325
f 1325/1325/1325 1362/1362/1362 1363/1363/1363
f 1325/1325/1325 1363/1363/1363 1326/1326/1326
f 1326/1326/1326 1363/1363/1363 1364/1364/1364
f 1326/1326/1326 1364/1364/1364 1327/1327/1327
f 1327/1327/1327 1364/1364/1364 1365/1365/1365
f 1327/1327/1327 1365/1365/1365 1328/1328/1328
f 1328/1328/1328 1365/1365/1365 1366/1366/1366
f 1328/1328/1328 1366/1366/1366 1329/1329/1329
f 1329/1329/1329 1366/1366/1366 1367/1367/1367
f 1329/1329/1329 1367/1367/1367 1330/1330/1330
f 1330/1330/1330 1367/1367/1367 1368/1368/1368
f 1330/1330/1330 1368/1368/1368 1331/1331/1331
f 1331/1331/1331 1368/1368/1368 1369/1369/1369
f 1331/1331/1331 1369/1369/1369 1332/1332/1332
f 1333/1333/1333 1370/1370/1370 1371/1371/1371
f 1333/1333/1333 1371/1371/1371 1334/1334/1334
f 1334/1334/1334 1371/1371/1371 1372/1372/1372
f 1334/1334/1334 1372/1372/1372 1335/1335/1335
f 1335/1335/1335 1372/1372/1372 1373/1373/1373
f 1335/1335/1335 1373/1373/1373 1336/1336/1336
f 1336/1336/1336 1373/1373/1373 1374/1374/1374
f 1336/1336/1336 1374/1374/1374 1337/1337/1337
f 1337/1337/1337 1374/1374/1374 1375/1375/1375
f 1337/1337/1337 1375/1375/1375 1338/1338/1338
f 1338/1338/1338 1375/1375/1375 1376/1376/1376
f 1338/1338/1338 1376/1376/1376 1339/1339/1339
f 1339/1339/1339 1376/1376/1376 1377/1377/1377
f 1339/1339/1339 1377/1377/1377 1340/1340/1340
f 1340/1340/1340 1377/1377/1377 1378/1378/1378
f 1340/1340/1340 1378/1378/1378 1341/1341/1341
f 1341/1341/1341 1378/1378/1378 1379/1379/1379
f 1341/1341/1341 1379/1379/1379 1342/1342/1342
f 1342/1342/1342 1379/1379/1379 1380/1380/1380
f 1342/1342/1342 1380/1380/1380 1343/1343/1343
f 1343/1343/1343 1380/1380/1380 1381/1381/1381
f 1343/1343/1343 1381/1381/1381 1344/1344/1344
f 1344/1344/1344 1381/1381/1381 1382/1382/1382
f 1344/1344/1344 1382/1382/1382 1345/1345/1345
f 1345/1345/1345 1382/1382/1382 1383/1383/1383
f 1345/1345/1345 1383/1383/1383 1346/1346/1346
f 1346/1346/1346 1383/1383/1383 1384/1384/1384
f 1346/1346/1346 1384/1384/1384 1347/1347/1347
f 1347/1347/1347 1384/1384/1384 1385/1385/1385
f 1347/1347/1347 1385/1385/1385 1348/1348/1348
f 1348/1348/1348 1385/1385/1385 1386/1386/1386
f 1348/1348/1348 1386/1386/1386 1349/1349/1349
f 1349/1349/1349 1386/1386/1386 1387/1387/1387
f 1349/1349/1349 1387/1387/1387 1350/1350/1350
f 1350/1350/1350 1387/1387/1387 1388/1388/1388
f 1350/1350/1350 1388/1388/1388 1351/1351/1351
f 1351/1351/1351 1388/1388/1388 1389/1389/1389
f 1351/1351/1351 1389/1389/1389 1352/1352/1352
f 1352/1352/1352 1389/1389/1389 1390/1390/1390
f 1352/1352/1352 1390/1390/1390 1353/1353/1353
f 1353/1353/1353 1390/1390/1390 1391/1391/1391
f 1353/1353/1353 1391/1391/1391 1354/1354/1354
f 1354/1354/1354 1391/1391/1391 1392/1392/1392
f 1354/1354/1354 1392/1392/1392 1355/1355/1355
f 1355/1355/1355 1392/1392/1392 1393/1393/1393
f 1355/1355/1355 1393/1393/1393 1356/1356/1356
f 1356/1356/1356 1393/1393/1393 1394/1394/1394
f 1356/1356/1356 1394/1394/1394 1357/1357/1357
f 1357/1357/1357 1394/1394/1394 1395/1395/1395
f 1357/1357/1357 1395/1395/1395 1358/1358/1358
f 1358/1358/1358 1395/1395/1395 1396/1396/1396
f 1358/1358/1358 1396/1396/1396 1359/1359/1359
f 1359/1359/1359 1396/1396/1396 1397/1397/1397
f 1359/1359/1359 1397/1397/1397 1360/1360/1360
f 1360/1360/1360 1397/1397/1397 1398/1398/1398
f 1360/1360/1360 1398/1398/1398 1361/1361/1361
f 1361/1361/1361 1398/1398/1398 1399/1399/1399
f 1361/1361/1361 1399/1399/1399 1362/1362/1362
f 1362/1362/1362 1399/1399/1399 1400/1400/1400
f 1362/1362/1362 1400/1400/1400 1363/1363/1363
f 1363/1363/1363 1400/1400/1400 1401/1401/1401
f 1363/1363/1363 1401/1401/1401 1364/1364/1364
f 1364/1364/1364 1401/1401/1401 1402/1402/1402
f 1364/1364/1364 1402/1402/1402 1365/1365/1365
f 1365/1365/1365 1402/1402/1402 1403/1403/1403
f 1365/1365/1365 1403/1403/1403 1366/1366/1366
f 1366/1366/1366 1403/1403/1403 1404/1404/1404
f 1366/1366/1366 1404/1404/1404 1367/1367/1367
f 1367/1367/1367 1404/1404/1404 1405/1405/1405
f 1367/1367/1367 1405/1405/1405 1368/1368/1368
f 1368/1368/1368 1405/1405/1405 1406/1406/1406
f 1368/1368/1368 1406/1406/1406 1369/1369/1369
f 1370/1370/1370 1407/1407/1407 1408/1408/1408
f 1370/1370/1370 1408/1408/1408 1371/1371/1371
f 1371/1371/1371 1408/1408/1408 1409/1409/1409
f 1371/1371/1371 1409/1409/1409 1372/1372/1372
f 1372/1372/1372 1409/1409/1409 1410/1410/1410
f 1372/1372/1372 1410/1410/1410 1373/1373/1373
f 1373/1373/1373 1410/1410/1410 1411/1411/1411
f 1373/1373/1373 1411/1411/1411 1374/1374/1374
f 1374/1374/1374 1411/1411/1411 1412/1412/1412
f 1374/1374/1374 1412/1412/1412 1375/1375/1375
f 1375/1375/1375 1412/1412/1412 1413/1413/1413
f 1375/1375/1375 1413/1413/1413 1376/1376/1376
f 1376/1376/1376 1413/1413/1413 1414/1414/1414
f 1376/1376/1376 1414/1414/1414 1377/1377/1377
f 1377/1377/1377 1414/1414/1414 1415/1415/1415
f 1377/1377/1377 1415/1415/1415 1378/1378/1378
f 1378/1378/1378 1415/1415/1415 1416/1416/1416
f 1378/1378/1378 1416/1416/1416 1379/1379/1379
f 1379/1379/1379 1416/1416/1416 1417/1417/1417
f 1379/1379/1379 1417/1417/1417 1380/1380/1380
f 1380/1380/1380 1417/1417/1417 1418/1418/1418
f 1380/1380/1380 1418/1418/1418 1381/1381/1381
f 1381/1381/1381 1418/1418/1418 1419/1419/1419
f 1381/1381/1381 1419/1419/1419 1382/1382/1382
f 1382/1382/1382 1419/1419/1419 1420/1420/1420
f 1382/1382/1382 1420/1420/1420 1383/1383/1383
f 1383/1383/1383 1420/1420/1420 1421/1421/1421
f 1383/1383/1383 1421/1421/1421 1384/1384/1384
f 1384/1384/1384 1421/1421/1421 1422/1422/1422
f 1384/1384/1384 1422/1422/1422 1385/1385/1385
f 1385/1385/1385 1422/1422/1422 1423/1423/1423
f 1385/1385/1385 1423/1423/1423 1386/1386/1386
f 1386/1386/1386 1423/1423/1423 1424/1424/1424
f 1386/1386/1386 1424/1424/1424 1387/1387/1387
f 1387/1387/1387 1424/1424/1424 1425/1425/1425
f 1387/1387/1387 1425/1425/1425 1388/1388/1388
f 1388/1388/1388 1425/1425/1425 1426/1426/1426
f 1388/1388/1388 1426/1426/1426 1389/1389/1389
f 1389/1389/1389 1426/1426/1426 1427/1427/1427
f 1389/1389/1389 1427/1427/1427 1390/1390/1390
f 1390/1390/1390 1427/1427/1427 1428/1428/1428
f 1390/1390/1390 1428/1428/1428 1391/1391/1391
f 1391/1391/1391 1428/1428/1428 1429/1429/1429
f 1391/1391/1391 1429/1429/1429 1392/1392/1392
f 1392/1392/1392 1429/1429/1429 1430/1430/1430
f 1392/1392/1392 1430/1430/1430 1393/1393/1393
f 1393/1393/1393 1430/1430/1430 1431/1431/1431
f 1393/1393/1393 1431/1431/1431 1394/1394/1394
f 1394/1394/1394 1431/1431/1431 1432/1432/1432
f 1394/1394/1394 1432/1432/1432 1395/1395/1395
f 1395/1395/1395 1432/1432/1432 1433/1433/1433
f 1395/1395/1395 1433/1433/1433 1396/1396/1396
f 1396/1396/1396 1433/1433/1433 1434/1434/1434
f 1396/1396/1396 1434/1434/1434 1397/1397/1397
f 1397/1397/1397 1434/1434/1434 1435/1435/1435
f 1397/1397/1397 1435/1435/1435 1398/1398/1398
f 1398/1398/1398 1435/1435/1435 1436/1436/1436
f 1398/1398/1398 1436/1436/1436 1399/1399/1399
f 1399/1399/1399 1436/1436/1436 1437/1437/1437
f 1399/1399/1399 1437/1437/1437 1400/1400/1400
f 1400/1400/1400 1437/1437/1437 1438/1438/1438
f 1400/1400/1400 1438/1438/1438 1401/1401/1401
f 1401/1401/1401 1438/1438/1438 1439/1439/1439
f 1401/1401/1401 1439/1439/1439 1402/1402/1402
f 1402/1402/1402 1439/1439/1439 1440/1440/1440
f 1402/1402/1402 1440/1440/1440 1403/1403/1403
f 1403/1403/1403 1440/1440/1440 1441/1441/1441
f 1403/1403/1403 1441/1441/1441 1404/1404/1404
f 1404/1404/1404 1441/1441/1441 1442/1442/1442
f 1404/1404/1404 1442/1442/1442 1405/1405/1405
f 1405/1405/1405 1442/1442/1442 1443/1443/1443
f 1405/1405/1405 1443/1443/1443 1406/1406/1406
f 1407/1407/1407 1444/1444/1444 1445/1445/1445
f 1407/1407/1407 1445/1445/1445 1408/1408/1408
f 1408/1408/1408 1445/1445/1445 1446/1446/1446
f 1408/1408/1408 1446/1446/1446 1409/1409/1409
f 1409/1409/1409 1446/1446/1446 1447/1447/1447
f 1409/1409/1409 1447/1447/1447 1410/1410/1410
f 1410/1410/1410 1447/1447/1447 1448/1448/1448
f 1410/1410/1410 1448/1448/1448 1411/1411/1411
f 1411/1411/1411 1448/1448/1448 1449/1449/1449
f 1411/1411/1411 1449/1449/1449 1412/1412/1412
f 1412/1412/1412 1449/1449/1449 1450/1450/1450
f 1412/1412/1412 1450/1450/1450 1413/1413/1413
f 1413/1413/1413 1450/1450/1450 1451/1451/1451
f 1413/1413/1413 1451/1451/1451 1414/1414/1414
f 1414/1414/1414 1451/1451/1451 1452/1452/1452
f 1414/1414/1414 1452/1452/1452 1415/1415/1415
f 1415/1415/1415 1452/1452/1452 1453/1453/1453
f 1415/1415/1415 1453/1453/1453 1416/1416/1416
f 1416/1416/1416 1453/1453/1453 1454/1454/1454
f 1416/1416/1416 1454/1454/1454 1417/1417/1417
f 1417/1417/1417 1454/1454/1454 1455/1455/1455
f 1417/1417/1417 1455/1455/1455 1418/1418/1418
f 1418/1418/1418 1455/1455/1455 1456/1456/1456
f 1418/1418/1418 1456/1456/1456 1419/1419/1419
f 1419/1419/1419 1456/1456/1456 1457/1457/1457
f 1419/1419/1419 1457/1457/1457 1420/1420/1420
f 1420/1420/1420 1457/1457/1457 1458/1458/1458
f 1420/1420/1420 1458/1458/1458 1421/1421/1421
f 1421/1421/1421 1458/1458/1458 1459/1459/1459
f 1421/1421/1421 1459/1459/1459 1422/1422/1422
f 1422/1422/1422 1459/1459/1459 1460/1460/1460
f 1422/1422/1422 1460/1460/1460 1423/1423/1423
f 1423/1423/1423 1460/1460/1460 1461/1461/1461
f 1423/1423/1423 1461/1461/1461 1424/1424/1424
f 1424/1424/1424 1461/1461/1461 1462/1462/1462
f 1424/1424/1424 1462/1462/1462 1425/1425/1425
f 1425/1425/1425 1462/1462/1462 1463/1463/1463
f 1425/1425/1425 1463/1463/1463 1426/1426/1426
f 1426/1426/1426 1463/1463/1463 1464/1464/1464
f 1426/1426/1426 1464/1464/1464 1427/1427/1427
f 1427/1427/1427 1464/1464/1464 1465/1465/1465
f 1427/1427/1427 1465/1465/1465 1428/1428/1428
f 1428/1428/1428 1465/1465/1465 1466/1466/1466
f 1428/1428/1428 1466/1466/1466 1429/1429/1429
f 1429/1429/1429 1466/1466/1466 1467/1467/1467
f 1429/1429/1429 1467/1467/1467 1430/1430/1430
f 1430/1430/1430 1467/1467/1467 1468/1468/1468
f 1430/1430/1430 1468/1468/1468 1431/1431/1431
f 1431/1431/1431 1468/1468/1468 1469/1469/1469
f 1431/1431/1431 1469/1469/1469 1432/1432/1432
f 1432/1432/1432 1469/1469/1469 1470/1470/1470
f 1432/1432/1432 1470/1470/1470 1433/1433/1433
f 1433/1433/1433 1470/1470/1470 1471/1471/1471
f 1433/1433/1433 1471/1471/1471 1434/1434/1434
f 1434/1434/1434 1471/1471/1471 1472/1472/1472
f 1434/1434/1434 1472/1472/1472 1435/1435/1435
f 1435/1435/1435 1472/1472/1472 1473/1473/1473
f 1435/1435/1435 1473/1473/1473 1436/1436/1436
f 1436/1436/1436 1473/1473/1473 1474/1474/1474
f 1436/1436/1436 1474/1474/1474 1437/1437/1437
f 1437/1437/1437 1474/1474/1474 1475/1475/1475
f 1437/1437/1437 1475/1475/1475 1438/1438/1438
f 1438/1438/1438 1475/1475/1475 1476/1476/1476
f 1438/1438/1438 1476/1476/1476 1439/1439/1439
f 1439/1439/1439 1476/1476/1476 1477/1477/1477
f 1439/1439/1439 1477/1477/1477 1440/1440/1440
f 1440/1440/1440 1477/1477/1477 1478/1478/1478
f 1440/1440/1440 1478/1478/1478 1441/1441/1441
f 1441/1441/1441 1478/1478/1478 1479/1479/1479
f 1441/1441/1441 1479/1479/1479 1442/1442/1442
f 1442/1442/1442 1479/1479/1479 1480/1480/1480
f 1442/1442/1442 1480/1480/1480 1443/1443/1443
f 1444/1444/1444 1481/1481/1481 1482/1482/1482
f 1444/1444/1444 1482/1482/1482 1445/1445/1445
f 1445/1445/1445 1482/1482/1482 1483/1483/1483
f 1445/1445/1445 1483/1483/1483 1446/1446/1446
f 1446/1446/1446 1483/1483/1483 1484/1484/1484
f 1446/1446/1446 1484/1484/1484 1447/1447/1447
f 1447/1447/1447 1484/1484/1484 1485/1485/1485
f 1447/1447/1447 1485/1485/1485 1448/1448/1448
f 1448/1448/1448 1485/1485/1485 1486/1486/1486
f 1448/1448/1448 1486/1486/1486 1449/1449/1449
f 1449/1449/1449 1486/1486/1486 1487/1487/1487
f 1449/1449/1449 1487/1487/1487 1450/1450/1450
f 1450/1450/1450 1487/1487/1487 1488/1488/1488
f 1450/1450/1450 1488/1488/1488 1451/1451/1451
f 1451/1451/1451 1488/1488/1488 1489/1489/1489
f 1451/1451/1451 1489/1489/1489 1452/1452/1452
f 1452/1452/1452 1489/1489/1489 1490/1490/1490
f 1452/1452/1452 1490/1490/1490 1453/1453/1453
f 1453/1453/1453 1490/1490/1490 1491/1491/1491
f 1453/1453/1453 1491/1491/1491 1454/1454/1454
f 1454/1454/1454 1491/1491/1491 1492/1492/1492
f 1454/1454/1454 1492/1492/1492 1455/1455/1455
f 1455/1455/1455 1492/1492/1492 1493/1493/1493
f 1455/1455/1455 1493/1493/1493 1456/1456/1456
f 1456/1456/1456 1493/1493/1493 1494/1494/1494
f 1456/1456/1456 1494/1494/1494 1457/1457/1457
f 1457/1457/1457 1494/1494/1494 1495/1495/1495
f 1457/1457/1457 1495/1495/1495 1458/1458/1458
f 1458/1458/1458 1495/1495/1495 1496/1496/1496
f 1458/1458/1458 1496/1496/1496 1459/1459/1459
f 1459/1459/1459 1496/1496/1496 1497/1497/1497
f 1459/1459/1459 1497/1497/1497 1460/1460/1460
f 1460/1460/1460 1497/1497/1497 1498/1498/1498
f 1460/1460/1460 1498/1498/1498 1461/1461/1461
f 1461/1461/1461 1498/1498/1498 1499/1499/1499
f 1461/1461/1461 1499/1499/1499 1462/1462/1462
f 1462/1462/1462 1499/1499/1499 1500/1500/1500
f 1462/1462/1462 1500/1500/1500 1463/1463/1463
f 1463/1463/1463 1500/1500/1500 1501/1501/1501
f 1463/1463/1463 1501/1501/1501 1464/1464/1464
f 1464/1464/1464 1501/1501/1501 1502/1502/1502
f 1464/1464/1464 1502/1502/1502 1465/1465/1465
f 1465/1465/1465 1502/1502/1502 1503/1503/1503
f 1465/1465/1465 1503/1503/1503 1466/1466/1466
f 1466/1466/1466 1503/1503/1503 1504/1504/1504
f 1466/1466/1466 1504/1504/1504 1467/1467/1467
f 1467/1467/1467 1504/1504/1504 1505/1505/1505
f 1467/1467/1467 1505/1505/1505 1468/1468/1468
f 1468/1468/1468 1505/1505/1505 1506/1506/1506
f 1468/1468/1468 1506/1506/1506 1469/1469/1469
f 1469/1469/1469 1506/1506/1506 1507/1507/1507
f 1469/1469/1469 1507/1507/1507 1470/1470/1470
f 1470/1470/1470 1507/1507/1507 1508/1508/1508
f 1470/1470/1470 1508/1508/1508 1471/1471/1471
f 1471/1471/1471 1508/1508/1508 1509/1509/1509
f 1471/1471/1471 1509/1509/1509 1472/1472/1472
f 1472/1472/1472 1509/1509/1509 1510/1510/1510
f 1472/1472/1472 1510/1510/1510 1473/1473/1473
f 1473/1473/1473 1510/1510/1510 1511/1511/1511
f 1473/1473/1473 1511/1511/1511 1474/1474/1474
f 1474/1474/1474 1511/1511/1511 1512/1512/1512
f 1474/1474/1474 1512/1512/1512 1475/1475/1475
f 1475/1475/1475 1512/1512/1512 1513/1513/1513
f 1475/1475/1475 1513/1513/1513 1476/1476/1476
f 1476/1476/1476 1513/1513/1513 1514/1514/1514
f 1476/1476/1476 1514/1514/1514 1477/1477/1477
f 1477/1477/1477 1514/1514/1514 1515/1515/1515
f 1477/1477/1477 1515/1515/1515 1478/1478/1478
f 1478/1478/1478 1515/1515/1515 1516/1516/1516
f 1478/1478/1478 1516/1516/1516 1479/1479/1479
f 1479/1479/1479 1516/1516/1516 1517/1517/1517
f 1479/1479/1479 1517/1517/1517 1480/1480/1480
f 1481/1481/1481 1518/1518/1518 1519/1519/1519
f 1481/1481/1481 1519/1519/1519 1482/1482/1482
f 1482/1482/1482 1519/1519/1519 1520/1520/1520
f 1482/1482/1482 1520/1520/1520 1483/1483/1483
f 1483/1483/1483 1520/1520/1520 1521/1521/1521
f 1483/1483/1483 1521/1521/1521 1484/1484/1484
f 1484/1484/1484 1521/1521/1521 1522/1522/1522
f 1484/1484/1484 1522/1522/1522 1485/1485/1485
f 1485/1485/1485 1522/1522/1522 1523/1523/1523
f 1485/1485/1485 1523/1523/1523 1486/1486/1486
f 1486/1486/1486 1523/1523/1523 1524/1524/1524
f 1486/1486/1486 1524/1524/1524 1487/1487/1487
f 1487/1487/1487 1524/1524/1524 1525/1525/1525
f 1487/1487/1487 1525/1525/1525 1488/1488/1488
f 1488/1488/1488 1525/1525/1525 1526/1526/1526
f 1488/1488/1488 1526/1526/1526 1489/1489/1489
f 1489/1489/1489 1526/1526/1526 1527/1527/1527
f 1489/1489/1489 1527/1527/1527 1490/1490/1490
f 1490/1490/1490 1527/1527/1527 1528/1528/1528
f 1490/1490/1490 1528/1528/1528 1491/1491/1491
f 1491/1491/1491 1528/1528/1528 1529/1529/1529
f 1491/1491/1491 1529/1529/1529 1492/1492/1492
f 1492/1492/1492 1529/1529/1529 1530/1530/1530
f 1492/1492/1492 1530/1530/1530 1493/1493/1493
f 1493/1493/1493 1530/1530/1530 1531/1531/1531
f 1493/1493/1493 1531/1531/1531 1494/1494/1494
f 1494/1494/1494 1531/1531/1531 1532/1532/1532
f 1494/1494/1494 1532/1532/1532 1495/1495/1495
f 1495/1495/1495 1532/1532/1532 1533/1533/1533
f 1495/1495/1495 1533/1533/1533 1496/1496/1496
f 1496/1496/1496 1533/1533/1533 1534/1534/1534
f 1496/1496/1496 1534/1534/1534 1497/1497/1497
f 1497/1497/1497 1534/1534/1534 1535/1535/1535
f 1497/1497/1497 1535/1535/1535 1498/1498/1498
f 1498/1498/1498 1535/1535/1535 1536/1536/1536
f 1498/1498/1498 1536/1536/1536 1499/1499/1499
f 1499/1499/1499 1536/1536/1536 1537/1537/1537
f 1499/1499/1499 1537/1537/1537 1500/1500/1500
f 1500/1500/1500 1537/1537/1537 1538/1538/1538
f 1500/1500/1500 1538/1538/1538 1501/1501/1501
f 1501/1501/1501 1538/1538/1538 1539/1539/1539
f 1501/1501/1501 1539/1539/1539 1502/1502/1502
f 1502/1502/1502 1539/1539/1539 1540/1540/1540
f 1502/1502/1502 1540/1540/1540 1503/1503/1503
f 1503/1503/1503 1540/1540/1540 1541/1541/1541
f 1503/1503/1503 1541/1541/1541 1504/1504/1504
f 1504/1504/1504 1541/1541/1541 1542/1542/1542
f 1504/1504/1504 1542/1542/1542 1505/1505/1505
f 1505/1505/1505 1542/1542/1542 1543/1543/1543
f 1505/1505/1505 1543/1543/1543 1506/1506/1506
f 1506/1506/1506 1543/1543/1543 1544/1544/1544
f 1506/1506/1506 1544/1544/1544 1507/1507/1507
f 1507/1507/1507 1544/1544/1544 1545/1545/1545
f 1507/1507/1507 1545/1545/1545 1508/1508/1508
f 1508/1508/1508 1545/1545/1545 1546/1546/1546
f 1508/1508/1508 1546/1546/1546 1509/1509/1509
f 1509/1509/1509 1546/1546/1546 1547/1547/1547
f 1509/1509/1509 1547/1547/1547 1510/1510/1510
f 1510/1510/1510 1547/1547/1547 1548/1548/1548
f 1510/1510/1510 1548/1548/1548 1511/1511/1511
f 1511/1511/1511 1548/1548/1548 1549/1549/1549
f 1511/1511/1511 1549/1549/1549 1512/1512/1512
f 1512/1512/1512 1549/1549/1549 1550/1550/1550
f 1512/1512/1512 1550/1550/1550 1513/1513/1513
f 1513/1513/1513 1550/1550/1550 1551/1551/1551
f 1513/1513/1513 1551/1551/1551 1514/1514/1514
f 1514/1514/1514 1551/1551/1551 1552/1552/1552
f 1514/1514/1514 1552/1552/1552 1515/1515/1515
f 1515/1515/1515 1552/1552/1552 1553/1553/1553
f 1515/1515/1515 1553/1553/1553 1516/1516/1516
f 1516/1516/1516 1553/1553/1553 1554/1554/1554
f 1516/1516/1516 1554/1554/1554 1517/1517/1517
f 1518/1518/1518 1555/1555/1555 1556/1556/1556
f 1518/1518/1518 1556/1556/1556 1519/1519/1519
f 1519/1519/1519 1556/1556/1556 1557/1557/1557
f 1519/1519/1519 1557/1557/1557 1520/1520/1520
f 1520/1520/1520 1557/1557/1557 1558/1558/1558
f 1520/1520/1520 1558/1558/1558 1521/1521/1521
f 1521/1521/1521 1558/1558/1558 1559/1559/1559
f 1521/1521/1521 1559/1559/1559 1522/1522/1522
f 1522/1522/1522 1559/1559/1559 1560/1560/1560
f 1522/1522/1522 1560/1560/1560 1523/1523/1523
f 1523/1523/1523 1560/1560/1560 1561/1561/1561
f 1523/1523/1523 1561/1561/1561 1524/1524/1524
f 1524/1524/1524 1561/1561/1561 1562/1562/1562
f 1524/1524/1524 1562/1562/1562 1525/1525/1525
f 1525/1525/1525 1562/1562/1562 1563/1563/1563
f 1525/1525/1525 1563/1563/1563 1526/1526/1526
f 1526/1526/1526 1563/1563/1563 1564/1564/1564
f 1526/1526/1526 1564/1564/1564 1527/1527/1527
f 1527/1527/1527 1564/1564/1564 1565/1565/1565
f 1527/1527/1527 1565/1565/1565 1528/1528/1528
f 1528/1528/1528 1565/1565/1565 1566/1566/1566
f 1528/1528/1528 1566/1566/1566 1529/1529/1529
f 1529/1529/1529 1566/1566/1566 1567/1567/1567
f 1529/1529/1529 1567/1567/1567 1530/1530/1530
f 1530/1530/1530 1567/1567/1567 1568/1568/1568
f 1530/1530/1530 1568/1568/1568 1531/1531/1531
f 1531/1531/1531 1568/1568/1568 1569/1569/1569
f 1531/1531/1531 1569/1569/1569 1532/1532/1532
f 1532/1532/1532 1569/1569/1569 1570/1570/1570
f 1532/1532/1532 1570/1570/1570 1533/1533/1533
f 1533/1533/1533 1570/1570/1570 1571/1571/1571
f 1533/1533/1533 1571/1571/1571 1534/1534/1534
f 1534/1534/1534 1571/1571/1571 1572/1572/1572
f 1534/1534/1534 1572/1572/1572 1535/1535/1535
f 1535/1535/1535 1572/1572/1572 1573/1573/1573
f 1535/1535/1535 1573/1573/1573 1536/1536/1536
f 1536/1536/1536 1573/1573/1573 1574/1574/1574
f 1536/1536/1536 1574/1574/1574 1537/1537/1537
f 1537/1537/1537 1574/1574/1574 1575/1575/1575
f 1537/1537/1537 1575/1575/1575 1538/1538/1538
f 1538/1538/1538 1575/1575/1575 1576/1576/1576
f 1538/1538/1538 1576/1576/1576 1539/1539/1539
f 1539/1539/1539 1576/1576/1576 1577/1577/1577
f 1539/1539/1539 1577/1577/1577 1540/1540/1540
f 1540/1540/1540 1577/1577/1577 1578/1578/1578
f 1540/1540/1540 1578/1578/1578 1541/1541/1541
f 1541/1541/1541 1578/1578/1578 1579/1579/1579
f 1541/1541/1541 1579/1579/1579 1542/1542/1542
f 1542/1542/1542 1579/1579/1579 1580/1580/1580
f 1542/1542/1542 1580/1580/1580 1543/1543/1543
f 1543/1543/1543 1580/1580/1580 1581/1581/1581
f 1543/1543/1543 1581/1581/1581 1544/1544/1544
f 1544/1544/1544 1581/1581/1581 1582/1582/1582
f 1544/1544/1544 1582/1582/1582 1545/1545/1545
f 1545/1545/1545 1582/1582/1582 1583/1583/1583
f 1545/1545/1545 1583/1583/1583 1546/1546/1546
f 1546/1546/1546 1583/1583/1583 1584/1584/1584
f 1546/1546/1546 1584/1584/1584 1547/1547/1547
f 1547/1547/1547 1584/1584/1584 1585/1585/1585
f 1547/1547/1547 1585/1585/1585 1548/1548/1548
f 1548/1548/1548 1585/1585/1585 1586/1586/1586
f 1548/1548/1548 1586/1586/1586 1549/1549/1549
f 1549/1549/1549 1586/1586/1586 1587/1587/1587
f 1549/1549/1549 1587/1587/1587 1550/1550/1550
f 1550/1550/1550 1587/1587/1587 1588/1588/1588
f 1550/1550/1550 1588/1588/1588 1551/1551/1551
f 1551/1551/1551 1588/1588/1588 1589/1589/1589
f 1551/1551/1551 1589/1589/1589 1552/1552/1552
f 1552/1552/1552 1589/1589/1589 1590/1590/1590
f 1552/1552/1552 1590/1590/1590 1553/1553/1553
f 1553/1553/1553 1590/1590/1590 1591/1591/1591
f 1553/1553/1553 1591/1591/1591 1554/1554/1554
f 1555/1555/1555 1592/1592/1592 1593/1593/1593
f 1555/1555/1555 1593/1593/1593 1556/1556/1556
f 1556/1556/1556 1593/1593/1593 1594/1594/1594
f 1556/1556/1556 1594/1594/1594 1557/1557/1557
f 1557/1557/1557 1594/1594/1594 1595/1595/1595
f 1557/1557/1557 1595/1595/1595 1558/1558/1558
f 1558/1558/1558 1595/1595/1595 1596/1596/1596
f 1558/1558/1558 1596/1596/1596 1559/1559/1559
f 1559/1559/1559 1596/1596/1596 1597/1597/1597
f 1559/1559/1559 1597/1597/1597 1560/1560/1560
f 1560/1560/1560 1597/1597/1597 1598/1598/1598
f 1560/1560/1560 1598/1598/1598 1561/1561/1561
f 1561/1561/1561 1598/1598/1598 1599/1599/1599
f 1561/1561/1561 1599/1599/1599 1562/1562/1562
f 1562/1562/1562 1599/1599/1599 1600/1600/1600
f 1562/1562/1562 1600/1600/1600 1563/1563/1563
f 1563/1563/1563 1600/1600/1600 1601/1601/1601
f 1563/1563/1563 1601/1601/1601 1564/1564/1564
f 1564/1564/1564 1601/1601/1601 1602/1602/1602
f 1564/1564/1564 1602/1602/1602 1565/1565/1565
f 1565/1565/1565 1602/1602/1602 1603/1603/1603
f 1565/1565/1565 1603/1603/1603 1566/1566/1566
f 1566/1566/1566 1603/1603/1603 1604/1604/1604
f 1566/1566/1566 1604/1604/1604 1567/1567/1567
f 1567/1567/1567 1604/1604/1604 1605/1605/1605
f 1567/1567/1567 1605/1605/1605 1568/1568/1568
f 1568/1568/1568 1605/1605/1605 1606/1606/1606
f 1568/1568/1568 1606/1606/1606 1569/1569/1569
f 1569/1569/1569 1606/1606/1606 1607/1607/1607
f 1569/1569/1569 1607/1607/1607 1570/1570/1570
f 1570/1570/1570 1607/1607/1607 1608/1608/1608
f 1570/1570/1570 1608/1608/1608 1571/1571/1571
f 1571/1571/1571 1608/1608/1608 1609/1609/1609
f 1571/1571/1571 1609/1609/1609 1572/1572/1572
f 1572/1572/1572 1609/1609/1609 1610/1610/1610
f 1572/1572/1572 1610/1610/1610 1573/1573/1573
f 1573/1573/1573 1610/1610/1610 1611/1611/1611
f 1573/1573/1573 1611/1611/1611 1574/1574/1574
f 1574/1574/1574 1611/1611/1611 1612/1612/1612
f 1574/1574/1574 1612/1612/1612 1575/1575/1575
f 1575/1575/1575 1612/1612/1612 1613/1613/1613
f 1575/1575/1575 1613/1613/1613 1576/1576/1576
f 1576/1576/1576 1613/1613/1613 1614/1614/1614
f 1576/1576/1576 1614/1614/1614 1577/1577/1577
f 1577/1577/1577 1614/1614/1614 1615/1615/1615
f 1577/1577/1577 1615/1615/1615 1578/1578/1578
f 1578/1578/1578 1615/1615/1615 1616/1616/1616
f 1578/1578/1578 1616/1616/1616 1579/1579/1579
f 1579/1579/1579 1616/1616/1616 1617/1617/1617
f 1579/1579/1579 1617/1617/1617 1580/1580/1580
f 1580/1580/1580 1617/1617/1617 1618/1618/1618
f 1580/1580/1580 1618/1618/1618 1581/1581/1581
f 1581/1581/1581 1618/1618/1618 1619/1619/1619
f 1581/1581/1581 1619/1619/1619 1582/1582/1582
f 1582/1582/1582 1619/1619/1619 1620/1620/1620
f 1582/1582/1582 1620/1620/1620 1583/1583/1583
f 1583/1583/1583 1620/1620/1620 1621/1621/1621
f 1583/1583/1583 1621/1621/1621 1584/1584/1584
f 1584/1584/1584 1621/1621/1621 1622/1622/1622
f 1584/1584/1584 1622/1622/1622 1585/1585/1585
f 1585/1585/1585 1622/1622/1622 1623/1623/1623
f 1585/1585/1585 1623/1623/1623 1586/1586/1586
f 1586/1586/1586 1623/1623/1623 1624/1624/1624
f 1586/1586/1586 1624/1624/1624 1587/1587/1587
f 1587/1587/1587 1624/1624/1624 1625/1625/1625
f 1587/1587/1587 1625/1625/1625 1588/1588/1588
f 1588/1588/1588 1625/1625/1625 1626/1626/1626
f 1588/1588/1588 1626/1626/1626 1589/1589/1589
f 1589/1589/1589 1626/1626/1626 1627/1627/1627
f 1589/1589/1589 1627/1627/1627 1590/1590/1590
f 1590/1590/1590 1627/1627/1627 1628/1628/1628
f 1590/1590/1590 1628/1628/1628 1591/1591/1591
f 1592/1592/1592 1629/1629/1629 1630/1630/1630
f 1592/1592/1592 1630/1630/1630 1593/1593/1593
f 1593/1593/1593 1630/1630/1630 1631/1631/1631
f 1593/1593/1593 1631/1631/1631 1594/1594/1594
f 1594/1594/1594 1631/1631/1631 1632/1632/1632
f 1594/1594/1594 1632/1632/1632 1595/1595/1595
f 1595/1595/1595 1632/1632/1632 1633/1633/1633
f 1595/1595/1595 1633/1633/1633 1596/1596/1596
f 1596/1596/1596 1633/1633/1633 1634/1634/1634
f 1596/1596/1596 1634/1634/1634 1597/1597/1597
f 1597/1597/1597 1634/1634/1634 1635/1635/1635
f 1597/1597/1597 1635/1635/1635 1598/1598/1598
f 1598/1598/1598 1635/1635/1635 1636/1636/1636
f 1598/1598/1598 1636/1636/1636 1599/1599/1599
f 1599/1599/1599 1636/1636/1636 1637/1637/1637
f 1599/1599/1599 1637/1637/1637 1600/1600/1600
f 1600/1600/1600 1637/1637/1637 1638/1638/1638
f 1600/1600/1600 1638/1638/1638 1601/1601/1601
f 1601/1601/1601 1638/1638/1638 1639/1639/1639
f 1601/1601/1601 1639/1639/1639 1602/1602/1602
f 1602/1602/1602 1639/1639/1639 1640/1640/1640
f 1602/1602/1602 1640/1640/1640 1603/1603/1603
f 1603/1603/1603 1640/1640/1640 1641/1641/1641
f 1603/1603/1603 1641/1641/1641 1604/1604/1604
f 1604/1604/1604 1641/1641/1641 1642/1642/1642
f 1604/1604/1604 1642/1642/1642 1605/1605/1605
f 1605/1605/1605 1642/1642/1642 1643/1643/1643
f 1605/1605/1605 1643/1643/1643 1606/1606/1606
f 1606/1606/1606 1643/1643/1643 1644/1644/1644
f 1606/1606/1606 1644/1644/1644 1607/1607/1607
f 1607/1607/1607 1644/1644/1644 1645/1645/1645
f 1607/1607/1607 1645/1645/1645 1608/1608/1608
f 1608/1608/1608 1645/1645/1645 1646/1646/1646
f 1608/1608/1608 1646/1646/1646 1609/1609/1609
f 1609/1609/1609 1646/1646/1646 1647/1647/1647
f 1609/1609/1609 1647/1647/1647 1610/1610/1610
f 1610/1610/1610 1647/1647/1647 1648/1648/1648
f 1610/1610/1610 1648/1648/1648 1611/1611/1611
f 1611/1611/1611 1648/1648/1648 1649/1649/1649
f 1611/1611/1611 1649/1649/1649 1612/1612/1612
f 1612/1612/1612 1649/1649/1649 1650/1650/1650
f 1612/1612/1612 1650/1650/1650 1613/1613/1613
f 1613/1613/1613 1650/1650/1650 1651/1651/1651
f 1613/1613/1613 1651/1651/1651 1614/1614/1614
f 1614/1614/1614 1651/1651/1651 1652/1652/1652
f 1614/1614/1614 1652/1652/1652 1615/1615/1615
f 1615/1615/1615 1652/1652/1652 1653/1653/1653
f 1615/1615/1615 1653/1653/1653 1616/1616/1616
f 1616/1616/1616 1653/1653/1653 1654/1654/1654
f 1616/1616/1616 1654/1654/1654 1617/1617/1617
f 1617/1617/1617 1654/1654/1654 1655/1655/1655
f 1617/1617/1617 1655/1655/1655 1618/1618/1618
f 1618/1618/1618 1655/1655/1655 1656/1656/1656
f 1618/1618/1618 1656/1656/1656 1619/1619/1619
f 1619/1619/1619 1656/1656/1656 1657/1657/1657
f 1619/1619/1619 1657/1657/1657 1620/1620/1620
f 1620/1620/1620 1657/1657/1657 1658/1658/1658
f 1620/1620/1620 1658/1658/1658 1621/1621/1621
f 1621/1621/1621 1658/1658/1658 1659/1659/1659
f 1621/1621/1621 1659/1659/1659 1622/1622/1622
f 1622/1622/1622 1659/1659/1659 1660/1660/1660
f 1622/1622/1622 1660/1660/1660 1623/1623/1623
f 1623/1623/1623 1660/1660/1660 1661/1661/1661
f 1623/1623/1623 1661/1661/1661 1624/1624/1624
f 1624/1624/1624 1661/1661/1661 1662/1662/1662
f 1624/1624/1624 1662/1662/1662 1625/1625/1625
f 1625/1625/1625 1662/1662/1662 1663/1663/1663
f 1625/1625/1625 1663/1663/1663 1626/1626/1626
f 1626/1626/1626 1663/1663/1663 1664/1664/1664
f 1626/1626/1626 1664/1664/1664 1627/1627/1627
f 1627/1627/1627 1664/1664/1664 1665/1665/1665
f 1627/1627/1627 1665/1665/1665 1628/1628/1628
f 1629/1629/1629 1666/1666/1666 1667/1667/1667
f 1629/1629/1629 1667/1667/1667 1630/1630/1630
f 1630/1630/1630 1667/1667/1667 1668/1668/1668
f 1630/1630/1630 1668/1668/1668 1631/1631/1631
f 1631/1631/1631 1668/1668/1668 1669/1669/1669
f 1631/1631/1631 1669/1669/1669 1632/1632/1632
f 1632/1632/1632 1669/1669/1669 1670/1670/1670
f 1632/1632/1632 1670/1670/1670 1633/1633/1633
f 1633/1633/1633 1670/1670/1670 1671/1671/1671
f 1633/1633/1633 1671/1671/1671 1634/1634/1634
f 1634/1634/1634 1671/1671/1671 1672/1672/1672
f 1634/1634/1634 1672/1672/1672 1635/1635/1635
f 1635/1635/1635 1672/1672/1672 1673/1673/1673
f 1635/1635/1635 1673/1673/1673 1636/1636/1636
f 1636/1636/1636 1673/1673/1673 1674/1674/1674
f 1636/1636/1636 1674/1674/1674 1637/1637/1637
f 1637/1637/1637 1674/1674/1674 1675/1675/1675
f 1637/1637/1637 1675/1675/1675 1638/1638/1638
f 1638/1638/1638 1675/1675/1675 1676/1676/1676
f 1638/1638/1638 1676/1676/1676 1639/1639/1639
f 1639/1639/1639 1676/1676/1676 1677/1677/1677
f 1639/1639/1639 1677/1677/1677 1640/1640/1640
f 1640/1640/1640 1677/1677/1677 1678/1678/1678
f 1640/1640/1640 1678/1678/1678 1641/1641/1641
f 1641/1641/1641 1678/1678/1678 1679/1679/1679
f 1641/1641/1641 1679/1679/1679 1642/1642/1642
f 1642/1642/1642 1679/1679/1679 1680/1680/1680
f 1642/1642/1642 1680/1680/1680 1643/1643/1643
f 1643/1643/1643 1680/1680/1680 1681/1681/1681
f 1643/1643/1643 1681/1681/1681 1644/1644/1644
f 1644/1644/1644 1681/1681/1681 1682/1682/1682
f 1644/1644/1644 1682/1682/1682 1645/1645/1645
f 1645/1645/1645 1682/1682/1682 1683/1683/1683
f 1645/1645/1645 1683/1683/1683 1646/1646/1646
f 1646/1646/1646 1683/1683/1683 1684/1684/1684
f 1646/1646/1646 1684/1684/1684 1647/1647/1647
f 1647/1647/1647 1684/1684/1684 1685/1685/1685
f 1647/1647/1647 1685/1685/1685 1648/1648/1648
f 1648/1648/1648 1685/1685/1685 1686/1686/1686
f 1648/1648/1648 1686/1686/1686 1649/1649/1649
f 1649/1649/1649 1686/1686/1686 1687/1687/1687
f 1649/1649/1649 1687/1687/1687 1650/1650/1650
f 1650/1650/1650 1687/1687/1687 1688/1688/1688
f 1650/1650/1650 1688/1688/1688 1651/1651/1651
f 1651/1651/1651 1688/1688/1688 1689/1689/1689
f 1651/1651/1651 1689/1689/1689 1652/1652/1652
f 1652/1652/1652 1689/1689/1689 1690/1690/1690
f 1652/1652/1652 1690/1690/1690 1653/1653/1653
f 1653/1653/1653 1690/1690/1690 1691/1691/1691
f 1653/1653/1653 1691/1691/1691 1654/1654/1654
f 1654/1654/1654 1691/1691/1691 1692/1692/1692
f 1654/1654/1654 1692/1692/1692 1655/1655/1655
f 1655/1655/1655 1692/1692/1692 1693/1693/1693
f 1655/1655/1655 1693/1693/1693 1656/1656/1656
f 1656/1656/1656 1693/1693/1693 1694/1694/1694
f 1656/1656/1656 1694/1694/1694 1657/1657/1657
f 1657/1657/1657 1694/1694/1694 1695/1695/1695
f 1657/1657/1657 1695/1695/1695 1658/1658/1658
f 1658/1658/1658 1695/1695/1695 1696/1696/1696
f 1658/1658/1658 1696/1696/1696 1659/1659/1659
f 1659/1659/1659 1696/1696/1696 1697/1697/1697
f 1659/1659/1659 1697/1697/1697 1660/1660/1660
f 1660/1660/1660 1697/1697/1697 1698/1698/1698
f 1660/1660/1660 1698/1698/1698 1661/1661/1661
f 1661/1661/1661 1698/1698/1698 1699/1699/1699
f 1661/1661/1661 1699/1699/1699 1662/1662/1662
f 1662/1662/1662 1699/1699/1699 1700/1700/1700
f 1662/1662/1662 1700/1700/1700 1663/1663/1663
f 1663/1663/1663 1700/1700/1700 1701/1701/1701
f 1663/1663/1663 1701/1701/1701 1664/1664/1664
f 1664/1664/1664 1701/1701/1701 1702/1702/1702
f 1664/1664/1664 1702/1702/1702 1665/1665/1665
f 1666/1666/1666 1703/1703/1703 1704/1704/1704
f 1666/1666/1666 1704/1704/1704 1667/1667/1667
f 1667/1667/1667 1704/1704/1704 1705/1705/1705
f 1667/1667/1667 1705/1705/1705 1668/1668/1668
f 1668/1668/1668 1705/1705/1705 1706/1706/1706
f 1668/1668/1668 1706/1706/1706 1669/1669/1669
f 1669/1669/1669 1706/1706/1706 1707/1707/1707
f 1669/1669/1669 1707/1707/1707 1670/1670/1670
f 1670/1670/1670 1707/1707/1707 1708/1708/1708
f 1670/1670/1670 1708/1708/1708 1671/1671/1671
f 1671/1671/1671 1708/1708/1708 1709/1709/1709
f 1671/1671/1671 1709/1709/1709 1672/1672/1672
f 1672/1672/1672 1709/1709/1709 1710/1710/1710
f 1672/1672/1672 1710/1710/1710 1673/1673/1673
f 1673/1673/1673 1710/1710/1710 1711/1711/1711
f 1673/1673/1673 1711/1711/1711 1674/1674/1674
f 1674/1674/1674 1711/1711/1711 1712/1712/1712
f 1674/1674/1674 1712/1712/1712 1675/1675/1675
f 1675/1675/1675 1712/1712/1712 1713/1713/1713
f 1675/1675/1675 1713/1713/1713 1676/1676/1676
f 1676/1676/1676 1713/1713/1713 1714/1714/1714
f 1676/1676/1676 1714/1714/1714 1677/1677/1677
f 1677/1677/1677 1714/1714/1714 1715/1715/1715
f 1677/1677/1677 1715/1715/1715 1678/1678/1678
f 1678/1678/1678 1715/1715/1715 1716/1716/1716
f 1678/1678/1678 1716/1716/1716 1679/1679/1679
f 1679/1679/1679 1716/1716/1716 1717/1717/1717
f 1679/1679/1679 1717/1717/1717 1680/1680/1680
f 1680/1680/1680 1717/1717/1717 1718/1718/1718
f 1680/1680/1680 1718/1718/1718 1681/1681/1681
f 1681/1681/1681 1718/1718/1718 1719/1719/1719
f 1681/1681/1681 1719/1719/1719 1682/1682/1682
f 1682/1682/1682 1719/1719/1719 1720/1720/1720
f 1682/1682/1682 1720/1720/1720 1683/1683/1683
f 1683/1683/1683 1720/1720/1720 1721/1721/1721
f 1683/1683/1683 1721/1721/1721 1684/1684/1684
f 1684/1684/1684 1721/1721/1721 1722/1722/1722
f 1684/1684/1684 1722/1722/1722 1685/1685/1685
f 1685/1685/1685 1722/1722/1722 1723/1723/1723
f 1685/1685/1685 1723/1723/1723 1686/1686/1686
f 1686/1686/1686 1723/1723/1723 1724/1724/1724
f 1686/1686/1686 1724/1724/1724 1687/1687/1687
f 1687/1687/1687 1724/1724/1724 1725/1725/1725
f 1687/1687/1687 1725/1725/1725 1688/1688/1688
f 1688/1688/1688 1725/1725/1725 1726/1726/1726
f 1688/1688/1688 1726/1726/1726 1689/1689/1689
f 1689/1689/1689 1726/1726/1726 1727/1727/1727
f 1689/1689/1689 1727/1727/1727 1690/1690/1690
f 1690/1690/1690 1727/1727/1727 1728/1728/1728
f 1690/1690/1690 1728/1728/1728 1691/1691/1691
f 1691/1691/1691 1728/1728/1728 1729/1729/1729
f 1691/1691/1691 1729/1729/1729 1692/1692/1692
f 1692/1692/1692 1729/1729/1729 1730/1730/1730
f 1692/1692/1692 1730/1730/1730 1693/1693/1693
f 1693/1693/1693 1730/1730/1730 1731/1731/1731
f 1693/1693/1693 1731/1731/1731 1694/1694/1694
f 1694/1694/1694 1731/1731/1731 1732/1732/1732
f 1694/1694/1694 1732/1732/1732 1695/1695/1695
f 1695/1695/1695 1732/1732/1732 1733/1733/1733
f 1695/1695/1695 1733/1733/1733 1696/1696/1696
f 1696/1696/1696 1733/1733/1733 1734/1734/1734
f 1696/1696/1696 1734/1734/1734 1697/1697/1697
f 1697/1697/1697 1734/1734/1734 1735/1735/1735
f 1697/1697/1697 1735/1735/1735 1698/1698/1698
f 1698/1698/1698 1735/1735/1735 1736/1736/1736
f 1698/1698/1698 1736/1736/1736 1699/1699/1699
f 1699/1699/1699 1736/1736/1736 1737/1737/1737
f 1699/1699/1699 1737/1737/1737 1700/1700/1700
f 1700/1700/1700 1737/1737/1737 1738/1738/1738
f 1700/1700/1700 1738/1738/1738 1701/1701/1701
f 1701/1701/1701 1738/1738/1738 1739/1739/1739
f 1701/1701/1701 1739/1739/1739 1702/1702/1702
f 1703/1703/1703 1740/1740/1740 1741/1741/1741
f 1703/1703/1703 1741/1741/1741 1704/1704/1704
f 1704/1704/1704 1741/1741/1741 1742/1742/1742
f 1704/1704/1704 1742/1742/1742 1705/1705/1705
f 1705/1705/1705 1742/1742/1742 1743/1743/1743
f 1705/1705/1705 1743/1743/1743 1706/1706/1706
f 1706/1706/1706 1743/1743/1743 1744/1744/1744
f 1706/1706/1706 1744/1744/1744 1707/1707/1707
f 1707/1707/1707 1744/1744/1744 1745/1745/1745
f 1707/1707/1707 1745/1745/1745 1708/1708/1708
f 1708/1708/1708 1745/1745/1745 1746/1746/1746
f 1708/1708/1708 1746/1746/1746 1709/1709/1709
f 1709/1709/1709 1746/1746/1746 1747/1747/1747
f 1709/1709/1709 1747/1747/1747 1710/1710/1710
f 1710/1710/1710 1747/1747/1747 1748/1748/1748
f 1710/1710/1710 1748/1748/1748 1711/1711/1711
f 1711/1711/1711 1748/1748/1748 1749/1749/1749
f 1711/1711/1711 1749/1749/1749 1712/1712/1712
f 1712/1712/1712 1749/1749/1749 1750/1750/1750
f 1712/1712/1712 1750/1750/1750 1713/1713/1713
f 1713/1713/1713 1750/1750/1750 1751/1751/1751
f 1713/1713/1713 1751/1751/1751 1714/1714/1714
f 1714/1714/1714 1751/1751/1751 1752/1752/1752
f 1714/1714/1714 1752/1752/1752 1715/1715/1715
f 1715/1715/1715 1752/1752/1752 1753/1753/1753
f 1715/1715/1715 1753/1753/1753 1716/1716/1716
f 1716/1716/1716 1753/1753/1753 1754/1754/1754
f 1716/1716/1716 1754/1754/1754 1717/1717/1717
f 1717/1717/1717 1754/1754/1754 1755/1755/1755
f 1717/1717/1717 1755/1755/1755 1718/1718/1718
f 1718/1718/1718 1755/1755/1755 1756/1756/1756
f 1718/1718/1718 1756/1756/1756 1719/1719/1719
f 1719/1719/1719 1756/1756/1756 1757/1757/1757
f 1719/1719/1719 1757/1757/1757 1720/1720/1720
f 1720/1720/1720 1757/1757/1757 1758/1758/1758
f 1720/1720/1720 1758/1758/1758 1721/1721/1721
f 1721/1721/1721 1758/1758/1758 1759/1759/1759
f 1721/1721/1721 1759/1759/1759 1722/1722/1722
f 1722/1722/1722 1759/1759/1759 1760/1760/1760
f 1722/1722/1722 1760/1760/1760 1723/1723/1723
f 1723/1723/1723 1760/1760/1760 1761/1761/1761
f 1723/1723/1723 1761/1761/1761 1724/1724/1724
f 1724/1724/1724 1761/1761/1761 1762/1762/1762
f 1724/1724/1724 1762/1762/1762 1725/1725/1725
f 1725/1725/1725 1762/1762/1762 1763/1763/1763
f 1725/1725/1725 1763/1763/1763 1726/1726/1726
f 1726/1726/1726 1763/1763/1763 1764/1764/1764
f 1726/1726/1726 1764/1764/1764 1727/1727/1727
f 1727/1727/1727 1764/1764/1764 1765/1765/1765
f 1727/1727/1727 1765/1765/1765 1728/1728/1728
f 1728/1728/1728 1765/1765/1765 1766/1766/1766
f 1728/1728/1728 1766/1766/1766 1729/1729/1729
f 1729/1729/1729 1766/1766/1766 1767/1767/1767
f 1729/1729/1729 1767/1767/1767 1730/1730/1730
f 1730/1730/1730 1767/1767/1767 1768/1768/1768
f 1730/1730/1730 1768/1768/1768 1731/1731/1731
f 1731/1731/1731 1768/1768/1768 1769/1769/1769
f 1731/1731/1731 1769/1769/1769 1732/1732/1732
f 1732/1732/1732 1769/1769/1769 1770/1770/1770
f 1732/1732/1732 1770/1770/1770 1733/1733/1733
f 1733/1733/1733 1770/1770/1770 1771/1771/1771
f 1733/1733/1733 1771/1771/1771 1734/1734/1734
f 1734/1734/1734 1771/1771/1771 1772/1772/1772
f 1734/1734/1734 1772/1772/1772 1735/1735/1735
f 1735/1735/1735 1772/1772/1772 1773/1773/1773
f 1735/1735/1735 1773/1773/1773 1736/1736/1736
f 1736/1736/1736 1773/1773/1773 1774/1774/1774
f 1736/1736/1736 1774/1774/1774 1737/1737/1737
f 1737/1737/1737 1774/1774/1774 1775/1775/1775
f 1737/1737/1737 1775/1775/1775 1738/1738/1738
f 1738/1738/1738 1775/1775/1775 1776/1776/1776
f 1738/1738/1738 1776/1776/1776 1739/1739/1739
f 1740/1740/1740 1777/1777/1777 1778/1778/1778
f 1740/1740/1740 1778/1778/1778 1741/1741/1741
f 1741/1741/1741 1778/1778/1778 1779/1779/1779
f 1741/1741/1741 1779/1779/1779 1742/1742/1742
f 1742/1742/1742 1779/1779/1779 1780/1780/1780
f 1742/1742/1742 1780/1780/1780 1743/1743/1743
f 1743/1743/1743 1780/1780/1780 1781/1781/1781
f 1743/1743/1743 1781/1781/1781 1744/1744/1744
f 1744/1744/1744 1781/1781/1781 1782/1782/1782
f 1744/1744/1744 1782/1782/1782 1745/1745/1745
f 1745/1745/1745 1782/1782/1782 1783/1783/1783
f 1745/1745/1745 1783/1783/1783 1746/1746/1746
f 1746/1746/1746 1783/1783/1783 1784/1784/1784
f 1746/1746/1746 1784/1784/1784 1747/1747/1747
f 1747/1747/1747 1784/1784/1784 1785/1785/1785
f 1747/1747/1747 1785/1785/1785 1748/1748/1748
f 1748/1748/1748 1785/1785/1785 1786/1786/1786
f 1748/1748/1748 1786/1786/1786 1749/1749/1749
f 1749/1749/1749 1786/1786/1786 1787/1787/1787
f 1749/1749/1749 1787/1787/1787 1750/1750/1750
f 1750/1750/1750 1787/1787/1787 1788/1788/1788
f 1750/1750/1750 1788/1788/1788 1751/1751/1751
f 1751/1751/1751 1788/1788/1788 1789/1789/1789
f 1751/1751/1751 1789/1789/1789 1752/1752/1752
f 1752/1752/1752 1789/1789/1789 1790/1790/1790
f 1752/1752/1752 1790/1790/1790 1753/1753/1753
f 1753/1753/1753 1790/1790/1790 1791/1791/1791
f 1753/1753/1753 1791/1791/1791 1754/1754/1754
f 1754/1754/1754 1791/1791/1791 1792/1792/1792
f 1754/1754/1754 1792/1792/1792 1755/1755/1755
f 1755/1755/1755 1792/1792/1792 1793/1793/1793
f 1755/1755/1755 1793/1793/1793 1756/1756/1756
f 1756/1756/1756 1793/1793/1793 1794/1794/1794
f 1756/1756/1756 1794/1794/1794 1757/1757/1757
f 1757/1757/1757 1794/1794/1794 1795/1795/1795
f 1757/1757/1757 1795/1795/1795 1758/1758/1758
f 1758/1758/1758 1795/1795/1795 1796/1796/1796
f 1758/1758/1758 1796/1796/1796 1759/1759/1759
f 1759/1759/1759 1796/1796/1796 1797/1797/1797
f 1759/1759/1759 1797/1797/1797 1760/1760/1760
f 1760/1760/1760 1797/1797/1797 1798/1798/1798
f 1760/1760/1760 1798/1798/1798 1761/1761/1761
f 1761/1761/1761 1798/1798/1798 1799/1799/1799
f 1761/1761/1761 1799/1799/1799 1762/1762/1762
f 1762/1762/1762 1799/1799/1799 1800/1800/1800
f 1762/1762/1762 1800/1800/1800 1763/1763/1763
f 1763/1763/1763 1800/1800/1800 1801/1801/1801
f 1763/1763/1763 1801/1801/1801 1764/1764/1764
f 1764/1764/1764 1801/1801/1801 1802/1802/1802
f 1764/1764/1764 1802/1802/1802 1765/1765/1765
f 1765/1765/1765 1802/1802/1802 1803/1803/1803
f 1765/1765/1765 1803/1803/1803 1766/1766/1766
f 1766/1766/1766 1803/1803/1803 1804/1804/1804
f 1766/1766/1766 1804/1804/1804 1767/1767/1767
f 1767/1767/1767 1804/1804/1804 1805/1805/1805
f 1767/1767/1767 1805/1805/1805 1768/1768/1768
f 1768/1768/1768 1805/1805/1805 1806/1806/1806
f 1768/1768/1768 1806/1806/1806 1769/1769/1769
f 1769/1769/1769 1806/1806/1806 1807/1807/1807
f 1769/1769/1769 1807/1807/1807 1770/1770/1770
f 1770/1770/1770 1807/1807/1807 1808/1808/1808
f 1770/1770/1770 1808/1808/1808 1771/1771/1771
f 1771/1771/1771 1808/1808/1808 1809/1809/1809
f 1771/1771/1771 1809/1809/1809 1772/1772/1772
f 1772/1772/1772 1809/1809/1809 1810/1810/1810
f 1772/1772/1772 1810/1810/1810 1773/1773/1773
f 1773/1773/1773 1810/1810/1810 1811/1811/1811
f 1773/1773/1773 1811/1811/1811 1774/1774/1774
f 1774/1774/1774 1811/1811/1811 1812/1812/1812
f 1774/1774/1774 1812/1812/1812 1775/1775/1775
f 1775/1775/1775 1812/1812/1812 1813/1813/1813
f 1775/1775/1775 1813/1813/1813 1776/1776/1776
f 1777/1777/1777 1814/1814/1814 1815/1815/1815
f 1777/1777/1777 1815/1815/1815 1778/1778/1778
f 1778/1778/1778 1815/1815/1815 1816/1816/1816
f 1778/1778/1778 1816/1816/1816 1779/1779/1779
f 1779/1779/1779 1816/1816/1816 1817/1817/1817
f 1779/1779/1779 1817/1817/1817 1780/1780/1780
f 1780/1780/1780 1817/1817/1817 1818/1818/1818
f 1780/1780/1780 1818/1818/1818 1781/1781/1781
f 1781/1781/1781 1818/1818/1818 1819/1819/1819
f 1781/1781/1781 1819/1819/1819 1782/1782/1782
f 1782/1782/1782 1819/1819/1819 1820/1820/1820
f 1782/1782/1782 1820/1820/1820 1783/1783/1783
f 1783/1783/1783 1820/1820/1820 1821/1821/1821
f 1783/1783/1783 1821/1821/1821 1784/1784/1784
f 1784/1784/1784 1821/1821/1821 1822/1822/1822
f 1784/1784/1784 1822/1822/1822 1785/1785/1785
f 1785/1785/1785 1822/1822/1822 1823/1823/1823
f 1785/1785/1785 1823/1823/1823 1786/1786/1786
f 1786/1786/1786 1823/1823/1823 1824/1824/1824
f 1786/1786/1786 1824/1824/1824 1787/1787/1787
f 1787/1787/1787 1824/1824/1824 1825/1825/1825
f 1787/1787/1787 1825/1825/1825 1788/1788/1788
f 1788/1788/1788 1825/1825/1825 1826/1826/1826
f 1788/1788/1788 1826/1826/1826 1789/1789/1789
f 1789/1789/1789 1826/1826/1826 1827/1827/1827
f 1789/1789/1789 1827/1827/1827 1790/1790/1790
f 1790/1790/1790 1827/1827/1827 1828/1828/1828
f 1790/1790/1790 1828/1828/1828 1791/1791/1791
f 1791/1791/1791 1828/1828/1828 1829/1829/1829
f 1791/1791/1791 1829/1829/1829 1792/1792/1792
f 1792/1792/1792 1829/1829/1829 1830/1830/1830
f 1792/1792/1792 1830/1830/1830 1793/1793/1793
f 1793/1793/1793 1830/1830/1830 1831/1831/1831
f 1793/1793/1793 1831/1831/1831 1794/1794/1794
f 1794/1794/1794 1831/1831/1831 1832/1832/1832
f 1794/1794/1794 1832/1832/1832 1795/1795/1795
f 1795/1795/1795 1832/1832/1832 1833/1833/1833
f 1795/1795/1795 1833/1833/1833 1796/1796/1796
f 1796/1796/1796 1833/1833/1833 1834/1834/1834
f 1796/1796/1796 1834/1834/1834 1797/1797/1797
f 1797/1797/1797 1834/1834/1834 1835/1835/1835
f 1797/1797/1797 1835/1835/1835 1798/1798/1798
f 1798/1798/1798 1835/1835/1835 1836/1836/1836
f 1798/1798/1798 1836/1836/1836 1799/1799/1799
f 1799/1799/1799 1836/1836/1836 1837/1837/1837
f 1799/1799/1799 1837/1837/1837 1800/1800/1800
f 1800/1800/1800 1837/1837/1837 1838/1838/1838
f 1800/1800/1800 1838/1838/1838 1801/1801/1801
f 1801/1801/1801 1838/1838/1838 1839/1839/1839
f 1801/1801/1801 1839/1839/1839 1802/1802/1802
f 1802/1802/1802 1839/1839/1839 1840/1840/1840
f 1802/1802/1802 1840/1840/1840 1803/1803/1803
f 1803/1803/1803 1840/1840/1840 1841/1841/1841
f 1803/1803/1803 1841/1841/1841 1804/1804/1804
f 1804/1804/1804 1841/1841/1841 1842/1842/1842
f 1804/1804/1804 1842/1842/1842 1805/1805/1805
f 1805/1805/1805 1842/1842/1842 1843/1843/1843
f 1805/1805/1805 1843/1843/1843 1806/1806/1806
f 1806/1806/1806 1843/1843/1843 1844/1844/1844
f 1806/1806/1806 1844/1844/1844 1807/1807/1807
f 1807/1807/1807 1844/1844/1844 1845/1845/1845
f 1807/1807/1807 1845/1845/1845 1808/1808/1808
f 1808/1808/1808 1845/1845/1845 1846/1846/1846
f 1808/1808/1808 1846/1846/1846 1809/1809/1809
f 1809/1809/1809 1846/1846/1846 1847/1847/1847
f 1809/1809/1809 1847/1847/1847 1810/1810/1810
f 1810/1810/1810 1847/1847/1847 1848/1848/1848
f 1810/1810/1810 1848/1848/1848 1811/1811/1811
f 1811/1811/1811 1848/1848/1848 1849/1849/1849
f 1811/1811/1811 1849/1849/1849 1812/1812/1812
f 1812/1812/1812 1849/1849/1849 1850/1850/1850
f 1812/1812/1812 1850/1850/1850 1813/1813/1813
f 1814/1814/1814 1851/1851/1851 1852/1852/1852
f 1814/1814/1814 1852/1852/1852 1815/1815/1815
f 1815/1815/1815 1852/1852/1852 1853/1853/1853
f 1815/1815/1815 1853/1853/1853 1816/1816/1816
f 1816/1816/1816 1853/1853/1853 1854/1854/1854
f 1816/1816/1816 1854/1854/1854 1817/1817/1817
f 1817/1817/1817 1854/1854/1854 1855/1855/1855
f 1817/1817/1817 1855/1855/1855 1818/1818/1818
f 1818/1818/1818 1855/1855/1855 1856/1856/1856
f 1818/1818/1818 1856/1856/1856 1819/1819/1819
f 1819/1819/1819 1856/1856/1856 1857/1857/1857
f 1819/1819/1819 1857/1857/1857 1820/1820/1820
f 1820/1820/1820 1857/1857/1857 1858/1858/1858
f 1820/1820/1820 1858/1858/1858 1821/1821/1821
f 1821/1821/1821 1858/1858/1858 1859/1859/1859
f 1821/1821/1821 1859/1859/1859 1822/1822/1822
f 1822/1822/1822 1859/1859/1859 1860/1860/1860
f 1822/1822/1822 1860/1860/1860 1823/1823/1823
f 1823/1823/1823 1860/1860/1860 1861/1861/1861
f 1823/1823/1823 1861/1861/1861 1824/1824/1824
f 1824/1824/1824 1861/1861/1861 1862/1862/1862
f 1824/1824/1824 1862/1862/1862 1825/1825/1825
f 1825/1825/1825 1862/1862/1862 1863/1863/1863
f 1825/1825/1825 1863/1863/1863 1826/1826/1826
f 1826/1826/1826 1863/1863/1863 1864/1864/1864
f 1826/1826/1826 1864/1864/1864 1827/1827/1827
f 1827/1827/1827 1864/1864/1864 1865/1865/1865
f 1827/1827/1827 1865/1865/1865 1828/1828/1828
f 1828/1828/1828 1865/1865/1865 1866/1866/1866
f 1828/1828/1828 1866/1866/1866 1829/1829/1829
f 1829/1829/1829 1866/1866/1866 1867/1867/1867
f 1829/1829/1829 1867/1867/1867 1830/1830/1830
f 1830/1830/1830 1867/1867/1867 1868/1868/1868
f 1830/1830/1830 1868/1868/1868 1831/1831/1831
f 1831/1831/1831 1868/1868/1868 1869/1869/1869
f 1831/1831/1831 1869/1869/1869 1832/1832/1832
f 1832/1832/1832 1869/1869/1869 1870/1870/1870
f 1832/1832/1832 1870/1870/1870 1833/1833/1833
f 1833/1833/1833 1870/1870/1870 1871/1871/1871
f 1833/1833/1833 1871/1871/1871 1834/1834/1834
f 1834/1834/1834 1871/1871/1871 1872/1872/1872
f 1834/1834/1834 1872/1872/1872 1835/1835/1835
f 1835/1835/1835 1872/1872/1872 1873/1873/1873
f 1835/1835/1835 1873/1873/1873 1836/1836/1836
f 1836/1836/1836 1873/1873/1873 1874/1874/1874
f 1836/1836/1836 1874/1874/1874 1837/1837/1837
f 1837/1837/1837 1874/1874/1874 1875/1875/1875
f 1837/1837/1837 1875/1875/1875 1838/1838/1838
f 1838/1838/1838 1875/1875/1875 1876/1876/1876
f 1838/1838/1838 1876/1876/1876 1839/1839/1839
f 1839/1839/1839 1876/1876/1876 1877/1877/1877
f 1839/1839/1839 1877/1877/1877 1840/1840/1840
f 1840/1840/1840 1877/1877/1877 1878/1878/1878
f 1840/1840/1840 1878/1878/1878 1841/1841/1841
f 1841/1841/1841 1878/1878/1878 1879/1879/1879
f 1841/1841/1841 1879/1879/1879 1842/1842/1842
f 1842/1842/1842 1879/1879/1879 1880/1880/1880
f 1842/1842/1842 1880/1880/1880 1843/1843/1843
f 1843/1843/1843 1880/1880/1880 1881/1881/1881
f 1843/1843/1843 1881/1881/1881 1844/1844/1844
f 1844/1844/1844 1881/1881/1881 1882/1882/1882
f 1844/1844/1844 1882/1882/1882 1845/1845/1845
f 1845/1845/1845 1882/1882/1882 1883/1883/1883
f 1845/1845/1845 1883/1883/1883 1846/1846/1846
f 1846/1846/1846 1883/1883/1883 1884/1884/1884
f 1846/1846/1846 1884/1884/1884 1847/1847/1847
f 1847/1847/1847 1884/1884/1884 1885/1885/1885
f 1847/1847/1847 1885/1885/1885 1848/1848/1848
f 1848/1848/1848 1885/1885/1885 1886/1886/1886
f 1848/1848/1848 1886/1886/1886 1849/1849/1849
f 1849/1849/1849 1886/1886/1886 1887/1887/1887
f 1849/1849/1849 1887/1887/1887 1850/1850/1850
f 1851/1851/1851 1888/1888/1888 1889/1889/1889
f 1851/1851/1851 1889/1889/1889 1852/1852/1852
f 1852/1852/1852 1889/1889/1889 1890/1890/1890
f 1852/1852/1852 1890/1890/1890 1853/1853/1853
f 1853/1853/1853 1890/1890/1890 1891/1891/1891
f 1853/1853/1853 1891/1891/1891 1854/1854/1854
f 1854/1854/1854 1891/1891/1891 1892/1892/1892
f 1854/1854/1854 1892/1892/1892 1855/1855/1855
f 1855/1855/1855 1892/1892/1892 1893/1893/1893
f 1855/1855/1855 1893/1893/1893 1856/1856/1856
f 1856/1856/1856 1893/1893/1893 1894/1894/1894
f 1856/1856/1856 1894/1894/1894 1857/1857/1857
f 1857/1857/1857 1894/1894/1894 1895/1895/1895
f 1857/1857/1857 1895/1895/1895 1858/1858/1858
f 1858/1858/1858 1895/1895/1895 1896/1896/1896
f 1858/1858/1858 1896/1896/1896 1859/1859/1859
f 1859/1859/1859 1896/1896/1896 1897/1897/1897
f 1859/1859/1859 1897/1897/1897 1860/1860/1860
f 1860/1860/1860 1897/1897/1897 1898/1898/1898
f 1860/1860/1860 1898/1898/1898 1861/1861/1861
f 1861/1861/1861 1898/1898/1898 1899/1899/1899
f 1861/1861/1861 1899/1899/1899 1862/1862/1862
f 1862/1862/1862 1899/1899/1899 1900/1900/1900
f 1862/1862/1862 1900/1900/1900 1863/1863/1863
f 1863/1863/1863 1900/1900/1900 1901/1901/1901
f 1863/1863/1863 1901/1901/1901 1864/1864/1864
f 1864/1864/1864 1901/1901/1901 1902/1902/1902
f 1864/1864/1864 1902/1902/1902 1865/1865/1865
f 1865/1865/1865 1902/1902/1902 1903/1903/1903
f 1865/1865/1865 1903/1903/1903 1866/1866/1866
f 1866/1866/1866 1903/1903/1903 1904/1904/1904
f 1866/1866/1866 1904/1904/1904 1867/1867/1867
f 1867/1867/1867 1904/1904/1904 1905/1905/1905
f 1867/1867/1867 1905/1905/1905 1868/1868/1868
f 1868/1868/1868 1905/1905/1905 1906/1906/1906
f 1868/1868/1868 1906/1906/1906 1869/1869/1869
f 1869/1869/1869 1906/1906/1906 1907/1907/1907
f 1869/1869/1869 1907/1907/1907 1870/1870/1870
f 1870/1870/1870 1907/1907/1907 1908/1908/1908
f 1870/1870/1870 1908/1908/1908 1871/1871/1871
f 1871/1871/1871 1908/1908/1908 1909/1909/1909
f 1871/1871/1871 1909/1909/1909 1872/1872/1872
f 1872/1872/1872 1909/1909/1909 1910/1910/1910
f 1872/1872/1872 1910/1910/1910 1873/1873/1873
f 1873/1873/1873 1910/1910/1910 1911/1911/1911
f 1873/1873/1873 1911/1911/1911 1874/1874/1874
f 1874/1874/1874 1911/1911/1911 1912/1912/1912
f 1874/1874/1874 1912/1912/1912 1875/1875/1875
f 1875/1875/1875 1912/1912/1912 1913/1913/1913
f 1875/1875/1875 1913/1913/1913 1876/1876/1876
f 1876/1876/1876 1913/1913/1913 1914/1914/1914
f 1876/1876/1876 1914/1914/1914 1877/1877/1877
f 1877/1877/1877 1914/1914/1914 1915/1915/1915
f 1877/1877/1877 1915/1915/1915 1878/1878/1878
f 1878/1878/1878 1915/1915/1915 1916/1916/1916
f 1878/1878/1878 1916/1916/1916 1879/1879/1879
f 1879/1879/1879 1916/1916/1916 1917/1917/1917
f 1879/1879/1879 1917/1917/1917 1880/1880/1880
f 1880/1880/1880 1917/1917/1917 1918/1918/1918
f 1880/1880/1880 1918/1918/1918 1881/1881/1881
f 1881/1881/1881 1918/1918/1918 1919/1919/1919
f 1881/1881/1881 1919/1919/1919 1882/1882/1882
f 1882/1882/1882 1919/1919/1919 1920/1920/1920
f 1882/1882/1882 1920/1920/1920 1883/1883/1883
f 1883/1883/1883 1920/1920/1920 1921/1921/1921
f 1883/1883/1883 1921/1921/1921 1884/1884/1884
f 1884/1884/1884 1921/1921/1921 1922/1922/1922
f 1884/1884/1884 1922/1922/1922 1885/1885/1885
f 1885/1885/1885 1922/1922/1922 1923/1923/1923
f 1885/1885/1885 1923/1923/1923 1886/1886/1886
f 1886/1886/1886 1923/1923/1923 1924/1924/1924
f 1886/1886/1886 1924/1924/1924 1887/1887/1887
f 1888/1888/1888 1925/1925/1925 1926/1926/1926
f 1888/1888/1888 1926/1926/1926 1889/1889/1889
f 1889/1889/1889 1926/1926/1926 1927/1927/1927
f 1889/1889/1889 1927/1927/1927 1890/1890/1890
f 1890/1890/1890 1927/1927/1927 1928/1928/1928
f 1890/1890/1890 1928/1928/1928 1891/1891/1891
f 1891/1891/1891 1928/1928/1928 1929/1929/1929
f 1891/1891/1891 1929/1929/1929 1892/1892/1892
f 1892/1892/1892 1929/1929/1929 1930/1930/1930
f 1892/1892/1892 1930/1930/1930 1893/1893/1893
f 1893/1893/1893 1930/1930/1930 1931/1931/1931
f 1893/1893/1893 1931/1931/1931 1894/1894/1894
f 1894/1894/1894 1931/1931/1931 1932/1932/1932
f 1894/1894/1894 1932/1932/1932 1895/1895/1895
f 1895/1895/1895 1932/1932/1932 1933/1933/1933
f 1895/1895/1895 1933/1933/1933 1896/1896/1896
f 1896/1896/1896 1933/1933/1933 1934/1934/1934
f 1896/1896/1896 1934/1934/1934 1897/1897/1897
f 1897/1897/1897 1934/1934/1934 1935/1935/1935
f 1897/1897/1897 1935/1935/1935 1898/1898/1898
f 1898/1898/1898 1935/1935/1935 1936/1936/1936
f 1898/1898/1898 1936/1936/1936 1899/1899/1899
f 1899/1899/1899 1936/1936/1936 1937/1937/1937
f 1899/1899/1899 1937/1937/1937 1900/1900/1900
f 1900/1900/1900 1937/1937/1937 1938/1938/1938
f 1900/1900/1900 1938/1938/1938 1901/1901/1901
f 1901/1901/1901 1938/1938/1938 1939/1939/1939
f 1901/1901/1901 1939/1939/1939 1902/1902/1902
f 1902/1902/1902 1939/1939/1939 1940/1940/1940
f 1902/1902/1902 1940/1940/1940 1903/1903/1903
f 1903/1903/1903 1940/1940/1940 1941/1941/1941
f 1903/1903/1903 1941/1941/1941 1904/1904/1904
f 1904/1904/1904 1941/1941/1941 1942/1942/1942
f 1904/1904/1904 1942/1942/1942 1905/1905/1905
f 1905/1905/1905 1942/1942/1942 1943/1943/1943
f 1905/1905/1905 1943/1943/1943 1906/1906/1906
f 1906/1906/1906 1943/1943/1943 1944/1944/1944
f 1906/1906/1906 1944/1944/1944 1907/1907/1907
f 1907/1907/1907 1944/1944/1944 1945/1945/1945
f 1907/1907/1907 1945/1945/1945 1908/1908/1908
f 1908/1908/1908 1945/1945/1945 1946/1946/1946
f 1908/1908/1908 1946/1946/1946 1909/1909/1909
f 1909/1909/1909 1946/1946/1946 1947/1947/1947
f 1909/1909/1909 1947/1947/1947 1910/1910/1910
f 1910/1910/1910 1947/1947/1947 1948/1948/1948
f 1910/1910/1910 1948/1948/1948 1911/1911/1911
f 1911/1911/1911 1948/1948/1948 1949/1949/1949
f 1911/1911/1911 1949/1949/1949 1912/1912/1912
f 1912/1912/1912 1949/1949/1949 1950/1950/1950
f 1912/1912/1912 1950/1950/1950 1913/1913/1913
f 1913/1913/1913 1950/1950/1950 1951/1951/1951
f 1913/1913/1913 1951/1951/1951 1914/1914/1914
f 1914/1914/1914 1951/1951/1951 1952/1952/1952
f 1914/1914/1914 1952/1952/1952 1915/1915/1915
f 1915/1915/1915 1952/1952/1952 1953/1953/1953
f 1915/1915/1915 1953/1953/1953 1916/1916/1916
f 1916/1916/1916 1953/1953/1953 1954/1954/1954
f 1916/1916/1916 1954/1954/1954 1917/1917/1917
f 1917/1917/1917 1954/1954/1954 1955/1955/1955
f 1917/1917/1917 1955/1955/1955 1918/1918/1918
f 1918/1918/1918 1955/1955/1955 1956/1956/1956
f 1918/1918/1918 1956/1956/1956 1919/1919/1919
f 1919/1919/1919 1956/1956/1956 1957/1957/1957
f 1919/1919/1919 1957/1957/1957 1920/1920/1920
f 1920/1920/1920 1957/1957/1957 1958/1958/1958
f 1920/1920/1920 1958/1958/1958 1921/1921/1921
f 1921/1921/1921 1958/1958/1958 1959/1959/1959
f 1921/1921/1921 1959/1959/1959 1922/1922/1922
f 1922/1922/1922 1959/1959/1959 1960/1960/1960
f 1922/1922/1922 1960/1960/1960 1923/1923/1923
f 1923/1923/1923 1960/1960/1960 1961/1961/1961
f 1923/1923/1923 1961/1961/1961 1924/1924/1924
f 1925/1925/1925 1962/1962/1962 1963/1963/1963
f 1925/1925/1925 1963/1963/1963 1926/1926/1926
f 1926/1926/1926 1963/1963/1963 1964/1964/1964
f 1926/1926/1926 1964/1964/1964 1927/1927/1927
f 1927/1927/1927 1964/1964/1964 1965/1965/1965
f 1927/1927/1927 1965/1965/1965 1928/1928/1928
f 1928/1928/1928 1965/1965/1965 1966/1966/1966
f 1928/1928/1928 1966/1966/1966 1929/1929/1929
f 1929/1929/1929 1966/1966/1966 1967/1967/1967
f 1929/1929/1929 1967/1967/1967 1930/1930/1930
f 1930/1930/1930 1967/1967/1967 1968/1968/1968
f 1930/1930/1930 1968/1968/1968 1931/1931/1931
f 1931/1931/1931 1968/1968/1968 1969/1969/1969
f 1931/1931/1931 1969/1969/1969 1932/1932/1932
f 1932/1932/1932 1969/1969/1969 1970/1970/1970
f 1932/1932/1932 1970/1970/1970 1933/1933/1933
f 1933/1933/1933 1970/1970/1970 1971/1971/1971
f 1933/1933/1933 1971/1971/1971 1934/1934/1934
f 1934/1934/1934 1971/1971/1971 1972/1972/1972
f 1934/1934/1934 1972/1972/1972 1935/1935/1935
f 1935/1935/1935 1972/1972/1972 1973/1973/1973
f 1935/1935/1935 1973/1973/1973 1936/1936/1936
f 1936/1936/1936 1973/1973/1973 1974/1974/1974
f 1936/1936/1936 1974/1974/1974 1937/1937/1937
f 1937/1937/1937 1974/1974/1974 1975/1975/1975
f 1937/1937/1937 1975/1975/1975 1938/1938/1938
f 1938/1938/1938 1975/1975/1975 1976/1976/1976
f 1938/1938/1938 1976/1976/1976 1939/1939/1939
f 1939/1939/1939 1976/1976/1976 1977/1977/1977
f 1939/1939/1939 1977/1977/1977 1940/1940/1940
f 1940/1940/1940 1977/1977/1977 1978/1978/1978
f 1940/1940/1940 1978/1978/1978 1941/1941/1941
f 1941/1941/1941 1978/1978/1978 1979/1979/1979
f 1941/1941/1941 1979/1979/1979 1942/1942/1942
f 1942/1942/1942 1979/1979/1979 1980/1980/1980
f 1942/1942/1942 1980/1980/1980 1943/1943/1943
f 1943/1943/1943 1980/1980/1980 1981/1981/1981
f 1943/1943/1943 1981/1981/1981 1944/1944/1944
f 1944/1944/1944 1981/1981/1981 1982/1982/1982
f 1944/1944/1944 1982/1982/1982 1945/1945/1945
f 1945/1945/1945 1982/1982/1982 1983/1983/1983
f 1945/1945/1945 1983/1983/1983 1946/1946/1946
f 1946/1946/1946 1983/1983/1983 1984/1984/1984
f 1946/1946/1946 1984/1984/1984 1947/1947/1947
f 1947/1947/1947 1984/1984/1984 1985/1985/1985
f 1947/1947/1947 1985/1985/1985 1948/1948/1948
f 1948/1948/1948 1985/1985/1985 1986/1986/1986
f 1948/1948/1948 1986/1986/1986 1949/1949/1949
f 1949/1949/1949 1986/1986/1986 1987/1987/1987
f 1949/1949/1949 1987/1987/1987 1950/1950/1950
f 1950/1950/1950 1987/1987/1987 1988/1988/1988
f 1950/1950/1950 1988/1988/1988 1951/1951/1951
f 1951/1951/1951 1988/1988/1988 1989/1989/1989
f 1951/1951/1951 1989/1989/1989 1952/1952/1952
f 1952/1952/1952 1989/1989/1989 1990/1990/1990
f 1952/1952/1952 1990/1990/1990 1953/1953/1953
f 1953/1953/1953 1990/1990/1990 1991/1991/1991
f 1953/1953/1953 1991/1991/1991 1954/1954/1954
f 1954/1954/1954 1991/1991/1991 1992/1992/1992
f 1954/1954/1954 1992/1992/1992 1955/1955/1955
f 1955/1955/1955 1992/1992/1992 1993/1993/1993
f 1955/1955/1955 1993/1993/1993 1956/1956/1956
f 1956/1956/1956 1993/1993/1993 1994/1994/1994
f 1956/1956/1956 1994/1994/1994 1957/1957/1957
f 1957/1957/1957 1994/1994/1994 1995/1995/1995
f 1957/1957/1957 1995/1995/1995 1958/1958/1958
f 1958/1958/1958 1995/1995/1995 1996/1996/1996
f 1958/1958/1958 1996/1996/1996 1959/1959/1959
f 1959/1959/1959 1996/1996/1996 1997/1997/1997
f 1959/1959/1959 1997/1997/1997 1960/1960/1960
f 1960/1960/1960 1997/1997/1997 1998/1998/1998
f 1960/1960/1960 1998/1998/1998 1961/1961/1961
f 1962/1962/1962 1999/1999/1999 2000/2000/2000
f 1962/1962/1962 2000/2000/2000 1963/1963/1963
f 1963/1963/1963 2000/2000/2000 2001/2001/2001
f 1963/1963/1963 2001/2001/2001 1964/1964/1964
f 1964/1964/1964 2001/2001/2001 2002/2002/2002
f 1964/1964/1964 2002/2002/2002 1965/1965/1965
f 1965/1965/1965 2002/2002/2002 2003/2003/2003
f 1965/1965/1965 2003/2003/2003 1966/1966/1966
f 1966/1966/1966 2003/2003/2003 2004/2004/2004
f 1966/1966/1966 2004/2004/2004 1967/1967/1967
f 1967/1967/1967 2004/2004/2004 2005/2005/2005
f 1967/1967/1967 2005/2005/2005 1968/1968/1968
f 1968/1968/1968 2005/2005/2005 2006/2006/2006
f 1968/1968/1968 2006/2006/2006 1969/1969/1969
f 1969/1969/1969 2006/2006/2006 2007/2007/2007
f 1969/1969/1969 2007/2007/2007 1970/1970/1970
f 1970/1970/1970 2007/2007/2007 2008/2008/2008
f 1970/1970/1970 2008/2008/2008 1971/1971/1971
f 1971/1971/1971 2008/2008/2008 2009/2009/2009
f 1971/1971/1971 2009/2009/2009 1972/1972/1972
f 1972/1972/1972 2009/2009/2009 2010/2010/2010
f 1972/1972/1972 2010/2010/2010 1973/1973/1973
f 1973/1973/1973 2010/2010/2010 2011/2011/2011
f 1973/1973/1973 2011/2011/2011 1974/1974/1974
f 1974/1974/1974 2011/2011/2011 2012/2012/2012
f 1974/1974/1974 2012/2012/2012 1975/1975/1975
f 1975/1975/1975 2012/2012/2012 2013/2013/2013
f 1975/1975/1975 2013/2013/2013 1976/1976/1976
f 1976/1976/1976 2013/2013/2013 2014/2014/2014
f 1976/1976/1976 2014/2014/2014 1977/1977/1977
f 1977/1977/1977 2014/2014/2014 2015/2015/2015
f 1977/1977/1977 2015/2015/2015 1978/1978/1978
f 1978/1978/1978 2015/2015/2015 2016/2016/2016
f 1978/1978/1978 2016/2016/2016 1979/1979/1979
f 1979/1979/1979 2016/2016/2016 2017/2017/2017
f 1979/1979/1979 2017/2017/2017 1980/1980/1980
f 1980/1980/1980 2017/2017/2017 2018/2018/2018
f 1980/1980/1980 2018/2018/2018 1981/1981/1981
f 1981/1981/1981 2018/2018/2018 2019/2019/2019
f 1981/1981/1981 2019/2019/2019 1982/1982/1982
f 1982/1982/1982 2019/2019/2019 2020/2020/2020
f 1982/1982/1982 2020/2020/2020 1983/1983/1983
f 1983/1983/1983 2020/2020/2020 2021/2021/2021
f 1983/1983/1983 2021/2021/2021 1984/1984/1984
f 1984/1984/1984 2021/2021/2021 2022/2022/2022
f 1984/1984/1984 2022/2022/2022 1985/1985/1985
f 1985/1985/1985 2022/2022/2022 2023/2023/2023
f 1985/1985/1985 2023/2023/2023 1986/1986/1986
f 1986/1986/1986 2023/2023/2023 2024/2024/2024
f 1986/1986/1986 2024/2024/2024 1987/1987/1987
f 1987/1987/1987 2024/2024/2024 2025/2025/2025
f 1987/1987/1987 2025/2025/2025 1988/1988/1988
f 1988/1988/1988 2025/2025/2025 2026/2026/2026
f 1988/1988/1988 2026/2026/2026 1989/1989/1989
f 1989/1989/1989 2026/2026/2026 2027/2027/2027
f 1989/1989/1989 2027/2027/2027 1990/1990/1990
f 1990/1990/1990 2027/2027/2027 2028/2028/2028
f 1990/1990/1990 2028/2028/2028 1991/1991/1991
f 1991/1991/1991 2028/2028/2028 2029/2029/2029
f 1991/1991/1991 2029/2029/2029 1992/1992/1992
f 1992/1992/1992 2029/2029/2029 2030/2030/2030
f 1992/1992/1992 2030/2030/2030 1993/1993/1993
f 1993/1993/1993 2030/2030/2030 2031/2031/2031
f 1993/1993/1993 2031/2031/2031 1994/1994/1994
f 1994/1994/1994 2031/2031/2031 2032/2032/2032
f 1994/1994/1994 2032/2032/2032 1995/1995/1995
f 1995/1995/1995 2032/2032/2032 2033/2033/2033
f 1995/1995/1995 2033/2033/2033 1996/1996/1996
f 1996/1996/1996 2033/2033/2033 2034/2034/2034
f 1996/1996/1996 2034/2034/2034 1997/1997/1997
f 1997/1997/1997 2034/2034/2034 2035/2035/2035
f 1997/1997/1997 2035/2035/2035 1998/1998/1998
f 1999/1999/1999 2036/2036/2036 2037/2037/2037
f 1999/1999/1999 2037/2037/2037 2000/2000/2000
f 2000/2000/2000 2037/2037/2037 2038/2038/2038
f 2000/2000/2000 2038/2038/2038 2001/2001/2001
f 2001/2001/2001 2038/2038/2038 2039/2039/2039
f 2001/2001/2001 2039/2039/2039 2002/2002/2002
f 2002/2002/2002 2039/2039/2039 2040/2040/2040
f 2002/2002/2002 2040/2040/2040 2003/2003/2003
f 2003/2003/2003 2040/2040/2040 2041/2041/2041
f 2003/2003/2003 2041/2041/2041 2004/2004/2004
f 2004/2004/2004 2041/2041/2041 2042/2042/2042
f 2004/2004/2004 2042/2042/2042 2005/2005/2005
f 2005/2005/2005 2042/2042/2042 2043/2043/2043
f 2005/2005/2005 2043/2043/2043 2006/2006/2006
f 2006/2006/2006 2043/2043/2043 2044/2044/2044
f 2006/2006/2006 2044/2044/2044 2007/2007/2007
f 2007/2007/2007 2044/2044/2044 2045/2045/2045
f 2007/2007/2007 2045/2045/2045 2008/2008/2008
f 2008/2008/2008 2045/2045/2045 2046/2046/2046
f 2008/2008/2008 2046/2046/2046 2009/2009/2009
f 2009/2009/2009 2046/2046/2046 2047/2047/2047
f 2009/2009/2009 2047/2047/2047 2010/2010/2010
f 2010/2010/2010 2047/2047/2047 2048/2048/2048
f 2010/2010/2010 2048/2048/2048 2011/2011/2011
f 2011/2011/2011 2048/2048/2048 2049/2049/2049
f 2011/2011/2011 2049/2049/2049 2012/2012/2012
f 2012/2012/2012 2049/2049/2049 2050/2050/2050
f 2012/2012/2012 2050/2050/2050 2013/2013/2013
f 2013/2013/2013 2050/2050/2050 2051/2051/2051
f 2013/2013/2013 2051/2051/2051 2014/2014/2014
f 2014/2014/2014 2051/2051/2051 2052/2052/2052
f 2014/2014/2014 2052/2052/2052 2015/2015/2015
f 2015/2015/2015 2052/2052/2052 2053/2053/2053
f 2015/2015/2015 2053/2053/2053 2016/2016/2016
f 2016/2016/2016 2053/2053/2053 2054/2054/2054
f 2016/2016/2016 2054/2054/2054 2017/2017/2017
f 2017/2017/2017 2054/2054/2054 2055/2055/2055
f 2017/2017/2017 2055/2055/2055 2018/2018/2018
f 2018/2018/2018 2055/2055/2055 2056/2056/2056
f 2018/2018/2018 2056/2056/2056 2019/2019/2019
f 2019/2019/2019 2056/2056/2056 2057/2057/2057
f 2019/2019/2019 2057/2057/2057 2020/2020/2020
f 2020/2020/2020 2057/2057/2057 2058/2058/2058
f 2020/2020/2020 2058/2058/2058 2021/2021/2021
f 2021/2021/2021 2058/2058/2058 2059/2059/2059
f 2021/2021/2021 2059/2059/2059 2022/2022/2022
f 2022/2022/2022 2059/2059/2059 2060/2060/2060
f 2022/2022/2022 2060/2060/2060 2023/2023/2023
f 2023/2023/2023 2060/2060/2060 2061/2061/2061
f 2023/2023/2023 2061/2061/2061 2024/2024/2024
f 2024/2024/2024 2061/2061/2061 2062/2062/2062
f 2024/2024/2024 2062/2062/2062 2025/2025/2025
f 2025/2025/2025 2062/2062/2062 2063/2063/2063
f 2025/2025/2025 2063/2063/2063 2026/2026/2026
f 2026/2026/2026 2063/2063/2063 2064/2064/2064
f 2026/2026/2026 2064/2064/2064 2027/2027/2027
f 2027/2027/2027 2064/2064/2064 2065/2065/2065
f 2027/2027/2027 2065/2065/2065 2028/2028/2028
f 2028/2028/2028 2065/2065/2065 2066/2066/2066
f 2028/2028/2028 2066/2066/2066 2029/2029/2029
f 2029/2029/2029 2066/2066/2066 2067/2067/2067
f 2029/2029/2029 2067/2067/2067 2030/2030/2030
f 2030/2030/2030 2067/2067/2067 2068/2068/2068
f 2030/2030/2030 2068/2068/2068 2031/2031/2031
f 2031/2031/2031 2068/2068/2068 2069/2069/2069
f 2031/2031/2031 2069/2069/2069 2032/2032/2032
f 2032/2032/2032 2069/2069/2069 2070/2070/2070
f 2032/2032/2032 2070/2070/2070 2033/2033/2033
f 2033/2033/2033 2070/2070/2070 2071/2071/2071
f 2033/2033/2033 2071/2071/2071 2034/2034/2034
f 2034/2034/2034 2071/2071/2071 2072/2072/2072
f 2034/2034/2034 2072/2072/2072 2035/2035/2035
f 2036/2036/2036 2073/2073/2073 2074/2074/2074
f 2036/2036/2036 2074/2074/2074 2037/2037/2037
f 2037/2037/2037 2074/2074/2074 2075/2075/2075
f 2037/2037/2037 2075/2075/2075 2038/2038/2038
f 2038/2038/2038 2075/2075/2075 2076/2076/2076
f 2038/2038/2038 2076/2076/2076 2039/2039/2039
f 2039/2039/2039 2076/2076/2076 2077/2077/2077
f 2039/2039/2039 2077/2077/2077 2040/2040/2040
f 2040/2040/2040 2077/2077/2077 2078/2078/2078
f 2040/2040/2040 2078/2078/2078 2041/2041/2041
f 2041/2041/2041 2078/2078/2078 2079/2079/2079
f 2041/2041/2041 2079/2079/2079 2042/2042/2042
f 2042/2042/2042 2079/2079/2079 2080/2080/2080
f 2042/2042/2042 2080/2080/2080 2043/2043/2043
f 2043/2043/2043 2080/2080/2080 2081/2081/2081
f 2043/2043/2043 2081/2081/2081 2044/2044/2044
f 2044/2044/2044 2081/2081/2081 2082/2082/2082
f 2044/2044/2044 2082/2082/2082 2045/2045/2045
f 2045/2045/2045 2082/2082/2082 2083/2083/2083
f 2045/2045/2045 2083/2083/2083 2046/2046/2046
f 2046/2046/2046 2083/2083/2083 2084/2084/2084
f 2046/2046/2046 2084/2084/2084 2047/2047/2047
f 2047/2047/2047 2084/2084/2084 2085/2085/2085
f 2047/2047/2047 2085/2085/2085 2048/2048/2048
f 2048/2048/2048 2085/2085/2085 2086/2086/2086
f 2048/2048/2048 2086/2086/2086 2049/2049/2049
f 2049/2049/2049 2086/2086/2086 2087/2087/2087
f 2049/2049/2049 2087/2087/2087 2050/2050/2050
f 2050/2050/2050 2087/2087/2087 2088/2088/2088
f 2050/2050/2050 2088/2088/2088 2051/2051/2051
f 2051/2051/2051 2088/2088/2088 2089/2089/2089
f 2051/2051/2051 2089/2089/2089 2052/2052/2052
f 2052/2052/2052 2089/2089/2089 2090/2090/2090
f 2052/2052/2052 2090/2090/2090 2053/2053/2053
f 2053/2053/2053 2090/2090/2090 2091/2091/2091
f 2053/2053/2053 2091/2091/2091 2054/2054/2054
f 2054/2054/2054 2091/2091/2091 2092/2092/2092
f 2054/2054/2054 2092/2092/2092 2055/2055/2055
f 2055/2055/2055 2092/2092/2092 2093/2093/2093
f 2055/2055/2055 2093/2093/2093 2056/2056/2056
f 2056/2056/2056 2093/2093/2093 2094/2094/2094
f 2056/2056/2056 2094/2094/2094 2057/2057/2057
f 2057/2057/2057 2094/2094/2094 2095/2095/2095
f 2057/2057/2057 2095/2095/2095 2058/2058/2058
f 2058/2058/2058 2095/2095/2095 2096/2096/2096
f 2058/2058/2058 2096/2096/2096 2059/2059/2059
f 2059/2059/2059 2096/2096/2096 2097/2097/2097
f 2059/2059/2059 2097/2097/2097 2060/2060/2060
f 2060/2060/2060 2097/2097/2097 2098/2098/2098
f 2060/2060/2060 2098/2098/2098 2061/2061/2061
f 2061/2061/2061 2098/2098/2098 2099/2099/2099
f 2061/2061/2061 2099/2099/2099 2062/2062/2062
f 2062/2062/2062 2099/2099/2099 2100/2100/2100
f 2062/2062/2062 2100/2100/2100 2063/2063/2063
f 2063/2063/2063 2100/2100/2100 2101/2101/2101
f 2063/2063/2063 2101/2101/2101 2064/2064/2064
f 2064/2064/2064 2101/2101/2101 2102/2102/2102
f 2064/2064/2064 2102/2102/2102 2065/2065/2065
f 2065/2065/2065 2102/2102/2102 2103/2103/2103
f 2065/2065/2065 2103/2103/2103 2066/2066/2066
f 2066/2066/2066 2103/2103/2103 2104/2104/2104
f 2066/2066/2066 2104/2104/2104 2067/2067/2067
f 2067/2067/2067 2104/2104/2104 2105/2105/2105
f 2067/2067/2067 2105/2105/2105 2068/2068/2068
f 2068/2068/2068 2105/2105/2105 2106/2106/2106
f 2068/2068/2068 2106/2106/2106 2069/2069/2069
f 2069/2069/2069 2106/2106/2106 2107/2107/2107
f 2069/2069/2069 2107/2107/2107 2070/2070/2070
f 2070/2070/2070 2107/2107/2107 2108/2108/2108
f 2070/2070/2070 2108/2108/2108 2071/2071/2071
f 2071/2071/2071 2108/2108/2108 2109/2109/2109
f 2071/2071/2071 2109/2109/2109 2072/2072/2072
f 2073/2073/2073 2110/2110/2110 2111/2111/2111
f 2073/2073/2073 2111/2111/2111 2074/2074/2074
f 2074/2074/2074 2111/2111/2111 2112/2112/2112
f 2074/2074/2074 2112/2112/2112 2075/2075/2075
f 2075/2075/2075 2112/2112/2112 2113/2113/2113
f 2075/2075/2075 2113/2113/2113 2076/2076/2076
f 2076/2076/2076 2113/2113/2113 2114/2114/2114
f 2076/2076/2076 2114/2114/2114 2077/2077/2077
f 2077/2077/2077 2114/2114/2114 2115/2115/2115
f 2077/2077/2077 2115/2115/2115 2078/2078/2078
f 2078/2078/2078 2115/2115/2115 2116/2116/2116
f 2078/2078/2078 2116/2116/2116 2079/2079/2079
f 2079/2079/2079 2116/2116/2116 2117/2117/2117
f 2079/2079/2079 2117/2117/2117 2080/2080/2080
f 2080/2080/2080 2117/2117/2117 2118/2118/2118
f 2080/2080/2080 2118/2118/2118 2081/2081/2081
f 2081/2081/2081 2118/2118/2118 2119/2119/2119
f 2081/2081/2081 2119/2119/2119 2082/2082/2082
f 2082/2082/2082 2119/2119/2119 2120/2120/2120
f 2082/2082/2082 2120/2120/2120 2083/2083/2083
f 2083/2083/2083 2120/2120/2120 2121/2121/2121
f 2083/2083/2083 2121/2121/2121 2084/2084/2084
f 2084/2084/2084 2121/2121/2121 2122/2122/2122
f 2084/2084/2084 2122/2122/2122 2085/2085/2085
f 2085/2085/2085 2122/2122/2122 2123/2123/2123
f 2085/2085/2085 2123/2123/2123 2086/2086/2086
f 2086/2086/2086 2123/2123/2123 2124/2124/2124
f 2086/2086/2086 2124/2124/2124 2087/2087/2087
f 2087/2087/2087 2124/2124/2124 2125/2125/2125
f 2087/2087/2087 2125/2125/2125 2088/2088/2088
f 2088/2088/2088 2125/2125/2125 2126/2126/2126
f 2088/2088/2088 2126/2126/2126 2089/2089/2089
f 2089/2089/2089 2126/2126/2126 2127/2127/2127
f 2089/2089/2089 2127/2127/2127 2090/2090/2090
f 2090/2090/2090 2127/2127/2127 2128/2128/2128
f 2090/2090/2090 2128/2128/2128 2091/2091/2091
f 2091/2091/2091 2128/2128/2128 2129/2129/2129
f 2091/2091/2091 2129/2129/2129 2092/2092/2092
f 2092/2092/2092 2129/2129/2129 2130/2130/2130
f 2092/2092/2092 2130/2130/2130 2093/2093/2093
f 2093/2093/2093 2130/2130/2130 2131/2131/2131
f 2093/2093/2093 2131/2131/2131 2094/2094/2094
f 2094/2094/2094 2131/2131/2131 2132/2132/2132
f 2094/2094/2094 2132/2132/2132 2095/2095/2095
f 2095/2095/2095 2132/2132/2132 2133/2133/2133
f 2095/2095/2095 2133/2133/2133 2096/2096/2096
f 2096/2096/2096 2133/2133/2133 2134/2134/2134
f 2096/2096/2096 2134/2134/2134 2097/2097/2097
f 2097/2097/2097 2134/2134/2134 2135/2135/2135
f 2097/2097/2097 2135/2135/2135 2098/2098/2098
f 2098/2098/2098 2135/2135/2135 2136/2136/2136
f 2098/2098/2098 2136/2136/2136 2099/2099/2099
f 2099/2099/2099 2136/2136/2136 2137/2137/2137
f 2099/2099/2099 2137/2137/2137 2100/2100/2100
f 2100/2100/2100 2137/2137/2137 2138/2138/2138
f 2100/2100/2100 2138/2138/2138 2101/2101/2101
f 2101/2101/2101 2138/2138/2138 2139/2139/2139
f 2101/2101/2101 2139/2139/2139 2102/2102/2102
f 2102/2102/2102 2139/2139/2139 2140/2140/2140
f 2102/2102/2102 2140/2140/2140 2103/2103/2103
f 2103/2103/2103 2140/2140/2140 2141/2141/2141
f 2103/2103/2103 2141/2141/2141 2104/2104/2104
f 2104/2104/2104 2141/2141/2141 2142/2142/2142
f 2104/2104/2104 2142/2142/2142 2105/2105/2105
f 2105/2105/2105 2142/2142/2142 2143/2143/2143
f 2105/2105/2105 2143/2143/2143 2106/2106/2106
f 2106/2106/2106 2143/2143/2143 2144/2144/2144
f 2106/2106/2106 2144/2144/2144 2107/2107/2107
f 2107/2107/2107 2144/2144/2144 2145/2145/2145
f 2107/2107/2107 2145/2145/2145 2108/2108/2108
f 2108/2108/2108 2145/2145/2145 2146/2146/2146
f 2108/2108/2108 2146/2146/2146 2109/2109/2109
f 2110/2110/2110 2147/2147/2147 2148/2148/2148
f 2110/2110/2110 2148/2148/2148 2111/2111/2111
f 2111/2111/2111 2148/2148/2148 2149/2149/2149
f 2111/2111/2111 2149/2149/2149 2112/2112/2112
f 2112/2112/2112 2149/2149/2149 2150/2150/2150
f 2112/2112/2112 2150/2150/2150 2113/2113/2113
f 2113/2113/2113 2150/2150/2150 2151/2151/2151
f 2113/2113/2113 2151/2151/2151 2114/2114/2114
f 2114/2114/2114 2151/2151/2151 2152/2152/2152
f 2114/2114/2114 2152/2152/2152 2115/2115/2115
f 2115/2115/2115 2152/2152/2152 2153/2153/2153
f 2115/2115/2115 2153/2153/2153 2116/2116/2116
f 2116/2116/2116 2153/2153/2153 2154/2154/2154
f 2116/2116/2116 2154/2154/2154 2117/2117/2117
f 2117/2117/2117 2154/2154/2154 2155/2155/2155
f 2117/2117/2117 2155/2155/2155 2118/2118/2118
f 2118/2118/2118 2155/2155/2155 2156/2156/2156
f 2118/2118/2118 2156/2156/2156 2119/2119/2119
f 2119/2119/2119 2156/2156/2156 2157/2157/2157
f 2119/2119/2119 2157/2157/2157 2120/2120/2120
f 2120/2120/2120 2157/2157/2157 2158/2158/2158
f 2120/2120/2120 2158/2158/2158 2121/2121/2121
f 2121/2121/2121 2158/2158/2158 2159/2159/2159
f 2121/2121/2121 2159/2159/2159 2122/2122/2122
f 2122/2122/2122 2159/2159/2159 2160/2160/2160
f 2122/2122/2122 2160/2160/2160 2123/2123/2123
f 2123/2123/2123 2160/2160/2160 2161/2161/2161
f 2123/2123/2123 2161/2161/2161 2124/2124/2124
f 2124/2124/2124 2161/2161/2161 2162/2162/2162
f 2124/2124/2124 2162/2162/2162 2125/2125/2125
f 2125/2125/2125 2162/2162/2162 2163/2163/2163
f 2125/2125/2125 2163/2163/2163 2126/2126/2126
f 2126/2126/2126 2163/2163/2163 2164/2164/2164
f 2126/2126/2126 2164/2164/2164 2127/2127/2127
f 2127/2127/2127 2164/2164/2164 2165/2165/2165
f 2127/2127/2127 2165/2165/2165 2128/2128/2128
f 2128/2128/2128 2165/2165/2165 2166/2166/2166
f 2128/2128/2128 2166/2166/2166 2129/2129/2129
f 2129/2129/2129 2166/2166/2166 2167/2167/2167
f 2129/2129/2129 2167/2167/2167 2130/2130/2130
f 2130/2130/2130 2167/2167/2167 2168/2168/2168
f 2130/2130/2130 2168/2168/2168 2131/2131/2131
f 2131/2131/2131 2168/2168/2168 2169/2169/2169
f 2131/2131/2131 2169/2169/2169 2132/2132/2132
f 2132/2132/2132 2169/2169/2169 2170/2170/2170
f 2132/2132/2132 2170/2170/2170 2133/2133/2133
f 2133/2133/2133 2170/2170/2170 2171/2171/2171
f 2133/2133/2133 2171/2171/2171 2134/2134/2134
f 2134/2134/2134 2171/2171/2171 2172/2172/2172
f 2134/2134/2134 2172/2172/2172 2135/2135/2135
f 2135/2135/2135 2172/2172/2172 2173/2173/2173
f 2135/2135/2135 2173/2173/2173 2136/2136/2136
f 2136/2136/2136 2173/2173/2173 2174/2174/2174
f 2136/2136/2136 2174/2174/2174 2137/2137/2137
f 2137/2137/2137 2174/2174/2174 2175/2175/2175
f 2137/2137/2137 2175/2175/2175 2138/2138/2138
f 2138/2138/2138 2175/2175/2175 2176/2176/2176
f 2138/2138/2138 2176/2176/2176 2139/2139/2139
f 2139/2139/2139 2176/2176/2176 2177/2177/2177
f 2139/2139/2139 2177/2177/2177 2140/2140/2140
f 2140/2140/2140 2177/2177/2177 2178/2178/2178
f 2140/2140/2140 2178/2178/2178 2141/2141/2141
f 2141/2141/2141 2178/2178/2178 2179/2179/2179
f 2141/2141/2141 2179/2179/2179 2142/2142/2142
f 2142/2142/2142 2179/2179/2179 2180/2180/2180
f 2142/2142/2142 2180/2180/2180 2143/2143/2143
f 2143/2143/2143 2180/2180/2180 2181/2181/2181
f 2143/2143/2143 2181/2181/2181 2144/2144/2144
f 2144/2144/2144 2181/2181/2181 2182/2182/2182
f 2144/2144/2144 2182/2182/2182 2145/2145/2145
f 2145/2145/2145 2182/2182/2182 2183/2183/2183
f 2145/2145/2145 2183/2183/2183 2146/2146/2146
f 2147/2147/2147 2184/2184/2184 2185/2185/2185
f 2147/2147/2147 2185/2185/2185 2148/2148/2148
f 2148/2148/2148 2185/2185/2185 2186/2186/2186
f 2148/2148/2148 2186/2186/2186 2149/2149/2149
f 2149/2149/2149 2186/2186/2186 2187/2187/2187
f 2149/2149/2149 2187/2187/2187 2150/2150/2150
f 2150/2150/2150 2187/2187/2187 2188/2188/2188
f 2150/2150/2150 2188/2188/2188 2151/2151/2151
f 2151/2151/2151 2188/2188/2188 2189/2189/2189
f 2151/2151/2151 2189/2189/2189 2152/2152/2152
f 2152/2152/2152 2189/2189/2189 2190/2190/2190
f 2152/2152/2152 2190/2190/2190 2153/2153/2153
f 2153/2153/2153 2190/2190/2190 2191/2191/2191
f 2153/2153/2153 2191/2191/2191 2154/2154/2154
f 2154/2154/2154 2191/2191/2191 2192/2192/2192
f 2154/2154/2154 2192/2192/2192 2155/2155/2155
f 2155/2155/2155 2192/2192/2192 2193/2193/2193
f 2155/2155/2155 2193/2193/2193 2156/2156/2156
f 2156/2156/2156 2193/2193/2193 2194/2194/2194
f 2156/2156/2156 2194/2194/2194 2157/2157/2157
f 2157/2157/2157 2194/2194/2194 2195/2195/2195
f 2157/2157/2157 2195/2195/2195 2158/2158/2158
f 2158/2158/2158 2195/2195/2195 2196/2196/2196
f 2158/2158/2158 2196/2196/2196 2159/2159/2159
f 2159/2159/2159 2196/2196/2196 2197/2197/2197
f 2159/2159/2159 2197/2197/2197 2160/2160/2160
f 2160/2160/2160 2197/2197/2197 2198/2198/2198
f 2160/2160/2160 2198/2198/2198 2161/2161/2161
f 2161/2161/2161 2198/2198/2198 2199/2199/2199
f 2161/2161/2161 2199/2199/2199 2162/2162/2162
f 2162/2162/2162 2199/2199/2199 2200/2200/2200
f 2162/2162/2162 2200/2200/2200 2163/2163/2163
f 2163/2163/2163 2200/2200/2200 2201/2201/2201
f 2163/2163/2163 2201/2201/2201 2164/2164/2164
f 2164/2164/2164 2201/2201/2201 2202/2202/2202
f 2164/2164/2164 2202/2202/2202 2165/2165/2165
f 2165/2165/2165 2202/2202/2202 2203/2203/2203
f 2165/2165/2165 2203/2203/2203 2166/2166/2166
f 2166/2166/2166 2203/2203/2203 2204/2204/2204
f 2166/2166/2166 2204/2204/2204 2167/2167/2167
f 2167/2167/2167 2204/2204/2204 2205/2205/2205
f 2167/2167/2167 2205/2205/2205 2168/2168/2168
f 2168/2168/2168 2205/2205/2205 2206/2206/2206
f 2168/2168/2168 2206/2206/2206 2169/2169/2169
f 2169/2169/2169 2206/2206/2206 2207/2207/2207
f 2169/2169/2169 2207/2207/2207 2170/2170/2170
f 2170/2170/2170 2207/2207/2207 2208/2208/2208
f 2170/2170/2170 2208/2208/2208 2171/2171/2171
f 2171/2171/2171 2208/2208/2208 2209/2209/2209
f 2171/2171/2171 2209/2209/2209 2172/2172/2172
f 2172/2172/2172 2209/2209/2209 2210/2210/2210
f 2172/2172/2172 2210/2210/2210 2173/2173/2173
f 2173/2173/2173 2210/2210/2210 2211/2211/2211
f 2173/2173/2173 2211/2211/2211 2174/2174/2174
f 2174/2174/2174 2211/2211/2211 2212/2212/2212
f 2174/2174/2174 2212/2212/2212 2175/2175/2175
f 2175/2175/2175 2212/2212/2212 2213/2213/2213
f 2175/2175/2175 2213/2213/2213 2176/2176/2176
f 2176/2176/2176 2213/2213/2213 2214/2214/2214
f 2176/2176/2176 2214/2214/2214 2177/2177/2177
f 2177/2177/2177 2214/2214/2214 2215/2215/2215
f 2177/2177/2177 2215/2215/2215 2178/2178/2178
f 2178/2178/2178 2215/2215/2215 2216/2216/2216
f 2178/2178/2178 2216/2216/2216 2179/2179/2179
f 2179/2179/2179 2216/2216/2216 2217/2217/2217
f 2179/2179/2179 2217/2217/2217 2180/2180/2180
f 2180/2180/2180 2217/2217/2217 2218/2218/2218
f 2180/2180/2180 2218/2218/2218 2181/2181/2181
f 2181/2181/2181 2218/2218/2218 2219/2219/2219
f 2181/2181/2181 2219/2219/2219 2182/2182/2182
f 2182/2182/2182 2219/2219/2219 2220/2220/2220
f 2182/2182/2182 2220/2220/2220 2183/2183/2183
f 2184/2184/2184 2221/2221/2221 2222/2222/2222
f 2184/2184/2184 2222/2222/2222 2185/2185/2185
f 2185/2185/2185 2222/2222/2222 2223/2223/2223
f 2185/2185/2185 2223/2223/2223 2186/2186/2186
f 2186/2186/2186 2223/2223/2223 2224/2224/2224
f 2186/2186/2186 2224/2224/2224 2187/2187/2187
f 2187/2187/2187 2224/2224/2224 2225/2225/2225
f 2187/2187/2187 2225/2225/2225 2188/2188/2188
f 2188/2188/2188 2225/2225/2225 2226/2226/2226
f 2188/2188/2188 2226/2226/2226 2189/2189/2189
f 2189/2189/2189 2226/2226/2226 2227/2227/2227
f 2189/2189/2189 2227/2227/2227 2190/2190/2190
f 2190/2190/2190 2227/2227/2227 2228/2228/2228
f 2190/2190/2190 2228/2228/2228 2191/2191/2191
f 2191/2191/2191 2228/2228/2228 2229/2229/2229
f 2191/2191/2191 2229/2229/2229 2192/2192/2192
f 2192/2192/2192 2229/2229/2229 2230/2230/2230
f 2192/2192/2192 2230/2230/2230 2193/2193/2193
f 2193/2193/2193 2230/2230/2230 2231/2231/2231
f 2193/2193/2193 2231/2231/2231 2194/2194/2194
f 2194/2194/2194 2231/2231/2231 2232/2232/2232
f 2194/2194/2194 2232/2232/2232 2195/2195/2195
f 2195/2195/2195 2232/2232/2232 2233/2233/2233
f 2195/2195/2195 2233/2233/2233 2196/2196/2196
f 2196/2196/2196 2233/2233/2233 2234/2234/2234
f 2196/2196/2196 2234/2234/2234 2197/2197/2197
f 2197/2197/2197 2234/2234/2234 2235/2235/2235
f 2197/2197/2197 2235/2235/2235 2198/2198/2198
f 2198/2198/2198 2235/2235/2235 2236/2236/2236
f 2198/2198/2198 2236/2236/2236 2199/2199/2199
f 2199/2199/2199 2236/2236/2236 2237/2237/2237
f 2199/2199/2199 2237/2237/2237 2200/2200/2200
f 2200/2200/2200 2237/2237/2237 2238/2238/2238
f 2200/2200/2200 2238/2238/2238 2201/2201/2201
f 2201/2201/2201 2238/2238/2238 2239/2239/2239
f 2201/2201/2201 2239/2239/2239 2202/2202/2202
f 2202/2202/2202 2239/2239/2239 2240/2240/2240
f 2202/2202/2202 2240/2240/2240 2203/2203/2203
f 2203/2203/2203 2240/2240/2240 2241/2241/2241
f 2203/2203/2203 2241/2241/2241 2204/2204/2204
f 2204/2204/2204 2241/2241/2241 2242/2242/2242
f 2204/2204/2204 2242/2242/2242 2205/2205/2205
f 2205/2205/2205 2242/2242/2242 2243/2243/2243
f 2205/2205/2205 2243/2243/2243 2206/2206/2206
f 2206/2206/2206 2243/2243/2243 2244/2244/2244
f 2206/2206/2206 2244/2244/2244 2207/2207/2207
f 2207/2207/2207 2244/2244/2244 2245/2245/2245
f 2207/2207/2207 2245/2245/2245 2208/2208/2208
f 2208/2208/2208 2245/2245/2245 2246/2246/2246
f 2208/2208/2208 2246/2246/2246 2209/2209/2209
f 2209/2209/2209 2246/2246/2246 2247/2247/2247
f 2209/2209/2209 2247/2247/2247 2210/2210/2210
f 2210/2210/2210 2247/2247/2247 2248/2248/2248
f 2210/2210/2210 2248/2248/2248 2211/2211/2211
f 2211/2211/2211 2248/2248/2248 2249/2249/2249
f 2211/2211/2211 2249/2249/2249 2212/2212/2212
f 2212/2212/2212 2249/2249/2249 2250/2250/2250
f 2212/2212/2212 2250/2250/2250 2213/2213/2213
f 2213/2213/2213 2250/2250/2250 2251/2251/2251
f 2213/2213/2213 2251/2251/2251 2214/2214/2214
f 2214/2214/2214 2251/2251/2251 2252/2252/2252
f 2214/2214/2214 2252/2252/2252 2215/2215/2215
f 2215/2215/2215 2252/2252/2252 2253/2253/2253
f 2215/2215/2215 2253/2253/2253 2216/2216/2216
f 2216/2216/2216 2253/2253/2253 2254/2254/2254
f 2216/2216/2216 2254/2254/2254 2217/2217/2217
f 2217/2217/2217 2254/2254/2254 2255/2255/2255
f 2217/2217/2217 2255/2255/2255 2218/2218/2218
f 2218/2218/2218 2255/2255/2255 2256/2256/2256
f 2218/2218/2218 2256/2256/2256 2219/2219/2219
f 2219/2219/2219 2256/2256/2256 2257/2257/2257
f 2219/2219/2219 2257/2257/2257 2220/2220/2220
f 2221/2221/2221 2258/2258/2258 2259/2259/2259
f 2221/2221/2221 2259/2259/2259 2222/2222/2222
f 2222/2222/2222 2259/2259/2259 2260/2260/2260
f 2222/2222/2222 2260/2260/2260 2223/2223/2223
f 2223/2223/2223 2260/2260/2260 2261/2261/2261
f 2223/2223/2223 2261/2261/2261 2224/2224/2224
f 2224/2224/2224 2261/2261/2261 2262/2262/2262
f 2224/2224/2224 2262/2262/2262 2225/2225/2225
f 2225/2225/2225 2262/2262/2262 2263/2263/2263
f 2225/2225/2225 2263/2263/2263 2226/2226/2226
f 2226/2226/2226 2263/2263/2263 2264/2264/2264
f 2226/2226/2226 2264/2264/2264 2227/2227/2227
f 2227/2227/2227 2264/2264/2264 2265/2265/2265
f 2227/2227/2227 2265/2265/2265 2228/2228/2228
f 2228/2228/2228 2265/2265/2265 2266/2266/2266
f 2228/2228/2228 2266/2266/2266 2229/2229/2229
f 2229/2229/2229 2266/2266/2266 2267/2267/2267
f 2229/2229/2229 2267/2267/2267 2230/2230/2230
f 2230/2230/2230 2267/2267/2267 2268/2268/2268
f 2230/2230/2230 2268/2268/2268 2231/2231/2231
f 2231/2231/2231 2268/2268/2268 2269/2269/2269
f 2231/2231/2231 2269/2269/2269 2232/2232/2232
f 2232/2232/2232 2269/2269/2269 2270/2270/2270
f 2232/2232/2232 2270/2270/2270 2233/2233/2233
f 2233/2233/2233 2270/2270/2270 2271/2271/2271
f 2233/2233/2233 2271/2271/2271 2234/2234/2234
f 2234/2234/2234 2271/2271/2271 2272/2272/2272
f 2234/2234/2234 2272/2272/2272 2235/2235/2235
f 2235/2235/2235 2272/2272/2272 2273/2273/2273
f 2235/2235/2235 2273/2273/2273 2236/2236/2236
f 2236/2236/2236 2273/2273/2273 2274/2274/2274
f 2236/2236/2236 2274/2274/2274 2237/2237/2237
f 2237/2237/2237 2274/2274/2274 2275/2275/2275
f 2237/2237/2237 2275/2275/2275 2238/2238/2238
f 2238/2238/2238 2275/2275/2275 2276/2276/2276
f 2238/2238/2238 2276/2276/2276 2239/2239/2239
f 2239/2239/2239 2276/2276/2276 2277/2277/2277
f 2239/2239/2239 2277/2277/2277 2240/2240/2240
f 2240/2240/2240 2277/2277/2277 2278/2278/2278
f 2240/2240/2240 2278/2278/2278 2241/2241/2241
f 2241/2241/2241 2278/2278/2278 2279/2279/2279
f 2241/2241/2241 2279/2279/2279 2242/2242/2242
f 2242/2242/2242 2279/2279/2279 2280/2280/2280
f 2242/2242/2242 2280/2280/2280 2243/2243/2243
f 2243/2243/2243 2280/2280/2280 2281/2281/2281
f 2243/2243/2243 2281/2281/2281 2244/2244/2244
f 2244/2244/2244 2281/2281/2281 2282/2282/2282
f 2244/2244/2244 2282/2282/2282 2245/2245/2245
f 2245/2245/2245 2282/2282/2282 2283/2283/2283
f 2245/2245/2245 2283/2283/2283 2246/2246/2246
f 2246/2246/2246 2283/2283/2283 2284/2284/2284
f 2246/2246/2246 2284/2284/2284 2247/2247/2247
f 2247/2247/2247 2284/2284/2284 2285/2285/2285
f 2247/2247/2247 2285/2285/2285 2248/2248/2248
f 2248/2248/2248 2285/2285/2285 2286/2286/2286
f 2248/2248/2248 2286/2286/2286 2249/2249/2249
f 2249/2249/2249 2286/2286/2286 2287/2287/2287
f 2249/2249/2249 2287/2287/2287 2250/2250/2250
f 2250/2250/2250 2287/2287/2287 2288/2288/2288
f 2250/2250/2250 2288/2288/2288 2251/2251/2251
f 2251/2251/2251 2288/2288/2288 2289/2289/2289
f 2251/2251/2251 2289/2289/2289 2252/2252/2252
f 2252/2252/2252 2289/2289/2289 2290/2290/2290
f 2252/2252/2252 2290/2290/2290 2253/2253/2253
f 2253/2253/2253 2290/2290/2290 2291/2291/2291
f 2253/2253/2253 2291/2291/2291 2254/2254/2254
f 2254/2254/2254 2291/2291/2291 2292/2292/2292
f 2254/2254/2254 2292/2292/2292 2255/2255/2255
f 2255/2255/2255 2292/2292/2292 2293/2293/2293
f 2255/2255/2255 2293/2293/2293 2256/2256/2256
f 2256/2256/2256 2293/2293/2293 2294/2294/2294
f 2256/2256/2256 2294/2294/2294 2257/2257/2257
f 2258/2258/2258 2295/2295/2295 2296/2296/2296
f 2258/2258/2258 2296/2296/2296 2259/2259/2259
f 2259/2259/2259 2296/2296/2296 2297/2297/2297
f 2259/2259/2259 2297/2297/2297 2260/2260/2260
f 2260/2260/2260 2297/2297/2297 2298/2298/2298
f 2260/2260/2260 2298/2298/2298 2261/2261/2261
f 2261/2261/2261 2298/2298/2298 2299/2299/2299
f 2261/2261/2261 2299/2299/2299 2262/2262/2262
f 2262/2262/2262 2299/2299/2299 2300/2300/2300
f 2262/2262/2262 2300/2300/2300 2263/2263/2263
f 2263/2263/2263 2300/2300/2300 2301/2301/2301
f 2263/2263/2263 2301/2301/2301 2264/2264/2264
f 2264/2264/2264 2301/2301/2301 2302/2302/2302
f 2264/2264/2264 2302/2302/2302 2265/2265/2265
f 2265/2265/2265 2302/2302/2302 2303/2303/2303
f 2265/2265/2265 2303/2303/2303 2266/2266/2266
f 2266/2266/2266 2303/2303/2303 2304/2304/2304
f 2266/2266/2266 2304/2304/2304 2267/2267/2267
f 2267/2267/2267 2304/2304/2304 2305/2305/2305
f 2267/2267/2267 2305/2305/2305 2268/2268/2268
f 2268/2268/2268 2305/2305/2305 2306/2306/2306
f 2268/2268/2268 2306/2306/2306 2269/2269/2269
f 2269/2269/2269 2306/2306/2306 2307/2307/2307
f 2269/2269/2269 2307/2307/2307 2270/2270/2270
f 2270/2270/2270 2307/2307/2307 2308/2308/2308
f 2270/2270/2270 2308/2308/2308 2271/2271/2271
f 2271/2271/2271 2308/2308/2308 2309/2309/2309
f 2271/2271/2271 2309/2309/2309 2272/2272/2272
f 2272/2272/2272 2309/2309/2309 2310/2310/2310
f 2272/2272/2272 2310/2310/2310 2273/2273/2273
f 2273/2273/2273 2310/2310/2310 2311/2311/2311
f 2273/2273/2273 2311/2311/2311 2274/2274/2274
f 2274/2274/2274 2311/2311/2311 2312/2312/2312
f 2274/2274/2274 2312/2312/2312 2275/2275/2275
f 2275/2275/2275 2312/2312/2312 2313/2313/2313
f 2275/2275/2275 2313/2313/2313 2276/2276/2276
f 2276/2276/2276 2313/2313/2313 2314/2314/2314
f 2276/2276/2276 2314/2314/2314 2277/2277/2277
f 2277/2277/2277 2314/2314/2314 2315/2315/2315
f 2277/2277/2277 2315/2315/2315 2278/2278/2278
f 2278/2278/2278 2315/2315/2315 2316/2316/2316
f 2278/2278/2278 2316/2316/2316 2279/2279/2279
f 2279/2279/2279 2316/2316/2316 2317/2317/2317
f 2279/2279/2279 2317/2317/2317 2280/2280/2280
f 2280/2280/2280 2317/2317/2317 2318/2318/2318
f 2280/2280/2280 2318/2318/2318 2281/2281/2281
f 2281/2281/2281 2318/2318/2318 2319/2319/2319
f 2281/2281/2281 2319/2319/2319 2282/2282/2282
f 2282/2282/2282 2319/2319/2319 2320/2320/2320
f 2282/2282/2282 2320/2320/2320 2283/2283/2283
f 2283/2283/2283 2320/2320/2320 2321/2321/2321
f 2283/2283/2283 2321/2321/2321 2284/2284/2284
f 2284/2284/2284 2321/2321/2321 2322/2322/2322
f 2284/2284/2284 2322/2322/2322 2285/2285/2285
f 2285/2285/2285 2322/2322/2322 2323/2323/2323
f 2285/2285/2285 2323/2323/2323 2286/2286/2286
f 2286/2286/2286 2323/2323/2323 2324/2324/2324
f 2286/2286/2286 2324/2324/2324 2287/2287/2287
f 2287/2287/2287 2324/2324/2324 2325/2325/2325
f 2287/2287/2287 2325/2325/2325 2288/2288/2288
f 2288/2288/2288 2325/2325/2325 2326/2326/2326
f 2288/2288/2288 2326/2326/2326 2289/2289/2289
f 2289/2289/2289 2326/2326/2326 2327/2327/2327
f 2289/2289/2289 2327/2327/2327 2290/2290/2290
f 2290/2290/2290 2327/2327/2327 2328/2328/2328
f 2290/2290/2290 2328/2328/2328 2291/2291/2291
f 2291/2291/2291 2328/2328/2328 2329/2329/2329
f 2291/2291/2291 2329/2329/2329 2292/2292/2292
f 2292/2292/2292 2329/2329/2329 2330/2330/2330
f 2292/2292/2292 2330/2330/2330 2293/2293/2293
f 2293/2293/2293 2330/2330/2330 2331/2331/2331
f 2293/2293/2293 2331/2331/2331 2294/2294/2294
f 2295/2295/2295 2332/2332/2332 2333/2333/2333
f 2295/2295/2295 2333/2333/2333 2296/2296/2296
f 2296/2296/2296 2333/2333/2333 2334/2334/2334
f 2296/2296/2296 2334/2334/2334 2297/2297/2297
f 2297/2297/2297 2334/2334/2334 2335/2335/2335
f 2297/2297/2297 2335/2335/2335 2298/2298/2298
f 2298/2298/2298 2335/2335/2335 2336/2336/2336
f 2298/2298/2298 2336/2336/2336 2299/2299/2299
f 2299/2299/2299 2336/2336/2336 2337/2337/2337
f 2299/2299/2299 2337/2337/2337 2300/2300/2300
f 2300/2300/2300 2337/2337/2337 2338/2338/2338
f 2300/2300/2300 2338/2338/2338 2301/2301/2301
f 2301/2301/2301 2338/2338/2338 2339/2339/2339
f 2301/2301/2301 2339/2339/2339 2302/2302/2302
f 2302/2302/2302 2339/2339/2339 2340/2340/2340
f 2302/2302/2302 2340/2340/2340 2303/2303/2303
f 2303/2303/2303 2340/2340/2340 2341/2341/2341
f 2303/2303/2303 2341/2341/2341 2304/2304/2304
f 2304/2304/2304 2341/2341/2341 2342/2342/2342
f 2304/2304/2304 2342/2342/2342 2305/2305/2305
f 2305/2305/2305 2342/2342/2342 2343/2343/2343
f 2305/2305/2305 2343/2343/2343 2306/2306/2306
f 2306/2306/2306 2343/2343/2343 2344/2344/2344
f 2306/2306/2306 2344/2344/2344 2307/2307/2307
f 2307/2307/2307 2344/2344/2344 2345/2345/2345
f 2307/2307/2307 2345/2345/2345 2308/2308/2308
f 2308/2308/2308 2345/2345/2345 2346/2346/2346
f 2308/2308/2308 2346/2346/2346 2309/2309/2309
f 2309/2309/2309 2346/2346/2346 2347/2347/2347
f 2309/2309/2309 2347/2347/2347 2310/2310/2310
f 2310/2310/2310 2347/2347/2347 2348/2348/2348
f 2310/2310/2310 2348/2348/2348 2311/2311/2311
f 2311/2311/2311 2348/2348/2348 2349/2349/2349
f 2311/2311/2311 2349/2349/2349 2312/2312/2312
f 2312/2312/2312 2349/2349/2349 2350/2350/2350
f 2312/2312/2312 2350/2350/2350 2313/2313/2313
f 2313/2313/2313 2350/2350/2350 2351/2351/2351
f 2313/2313/2313 2351/2351/2351 2314/2314/2314
f 2314/2314/2314 2351/2351/2351 2352/2352/2352
f 2314/2314/2314 2352/2352/2352 2315/2315/2315
f 2315/2315/2315 2352/2352/2352 2353/2353/2353
f 2315/2315/2315 2353/2353/2353 2316/2316/2316
f 2316/2316/2316 2353/2353/2353 2354/2354/2354
f 2316/2316/2316 2354/2354/2354 2317/2317/2317
f 2317/2317/2317 2354/2354/2354 2355/2355/2355
f 2317/2317/2317 2355/2355/2355 2318/2318/2318
f 2318/2318/2318 2355/2355/2355 2356/2356/2356
f 2318/2318/2318 2356/2356/2356 2319/2319/2319
f 2319/2319/2319 2356/2356/2356 2357/2357/2357
f 2319/2319/2319 2357/2357/2357 2320/2320/2320
f 2320/2320/2320 2357/2357/2357 2358/2358/2358
f 2320/2320/2320 2358/2358/2358 2321/2321/2321
f 2321/2321/2321 2358/2358/2358 2359/2359/2359
f 2321/2321/2321 2359/2359/2359 2322/2322/2322
f 2322/2322/2322 2359/2359/2359 2360/2360/2360
f 2322/2322/2322 2360/2360/2360 2323/2323/2323
f 2323/2323/2323 2360/2360/2360 2361/2361/2361
f 2323/2323/2323 2361/2361/2361 2324/2324/2324
f 2324/2324/2324 2361/2361/2361 2362/2362/2362
f 2324/2324/2324 2362/2362/2362 2325/2325/2325
f 2325/2325/2325 2362/2362/2362 2363/2363/2363
f 2325/2325/2325 2363/2363/2363 2326/2326/2326
f 2326/2326/2326 2363/2363/2363 2364/2364/2364
f 2326/2326/2326 2364/2364/2364 2327/2327/2327
f 2327/2327/2327 2364/2364/2364 2365/2365/2365
f 2327/2327/2327 2365/2365/2365 2328/2328/2328
f 2328/2328/2328 2365/2365/2365 2366/2366/2366
f 2328/2328/2328 2366/2366/2366 2329/2329/2329
f 2329/2329/2329 2366/2366/2366 2367/2367/2367
f 2329/2329/2329 2367/2367/2367 2330/2330/2330
f 2330/2330/2330 2367/2367/2367 2368/2368/2368
f 2330/2330/2330 2368/2368/2368 2331/2331/2331
f 2332/2332/2332 2369/2369/2369 2370/2370/2370
f 2332/2332/2332 2370/2370/2370 2333/2333/2333
f 2333/2333/2333 2370/2370/2370 2371/2371/2371
f 2333/2333/2333 2371/2371/2371 2334/2334/2334
f 2334/2334/2334 2371/2371/2371 2372/2372/2372
f 2334/2334/2334 2372/2372/2372 2335/2335/2335
f 2335/2335/2335 2372/2372/2372 2373/2373/2373
f 2335/2335/2335 2373/2373/2373 2336/2336/2336
f 2336/2336/2336 2373/2373/2373 2374/2374/2374
f 2336/2336/2336 2374/2374/2374 2337/2337/2337
f 2337/2337/2337 2374/2374/2374 2375/2375/2375
f 2337/2337/2337 2375/2375/2375 2338/2338/2338
f 2338/2338/2338 2375/2375/2375 2376/2376/2376
f 2338/2338/2338 2376/2376/2376 2339/2339/2339
f 2339/2339/2339 2376/2376/2376 2377/2377/2377
f 2339/2339/2339 2377/2377/2377 2340/2340/2340
f 2340/2340/2340 2377/2377/2377 2378/2378/2378
f 2340/2340/2340 2378/2378/2378 2341/2341/2341
f 2341/2341/2341 2378/2378/2378 2379/2379/2379
f 2341/2341/2341 2379/2379/2379 2342/2342/2342
f 2342/2342/2342 2379/2379/2379 2380/2380/2380
f 2342/2342/2342 2380/2380/2380 2343/2343/2343
f 2343/2343/2343 2380/2380/2380 2381/2381/2381
f 2343/2343/2343 2381/2381/2381 2344/2344/2344
f 2344/2344/2344 2381/2381/2381 2382/2382/2382
f 2344/2344/2344 2382/2382/2382 2345/2345/2345
f 2345/2345/2345 2382/2382/2382 2383/2383/2383
f 2345/2345/2345 2383/2383/2383 2346/2346/2346
f 2346/2346/2346 2383/2383/2383 2384/2384/2384
f 2346/2346/2346 2384/2384/2384 2347/2347/2347
f 2347/2347/2347 2384/2384/2384 2385/2385/2385
f 2347/2347/2347 2385/2385/2385 2348/2348/2348
f 2348/2348/2348 2385/2385/2385 2386/2386/2386
f 2348/2348/2348 2386/2386/2386 2349/2349/2349
f 2349/2349/2349 2386/2386/2386 2387/2387/2387
f 2349/2349/2349 2387/2387/2387 2350/2350/2350
f 2350/2350/2350 2387/2387/2387 2388/2388/2388
f 2350/2350/2350 2388/2388/2388 2351/2351/2351
f 2351/2351/2351 2388/2388/2388 2389/2389/2389
f 2351/2351/2351 2389/2389/2389 2352/2352/2352
f 2352/2352/2352 2389/2389/2389 2390/2390/2390
f 2352/2352/2352 2390/2390/2390 2353/2353/2353
f 2353/2353/2353 2390/2390/2390 2391/2391/2391
f 2353/2353/2353 2391/2391/2391 2354/2354/2354
f 2354/2354/2354 2391/2391/2391 2392/2392/2392
f 2354/2354/2354 2392/2392/2392 2355/2355/2355
f 2355/2355/2355 2392/2392/2392 2393/2393/2393
f 2355/2355/2355 2393/2393/2393 2356/2356/2356
f 2356/2356/2356 2393/2393/2393 2394/2394/2394
f 2356/2356/2356 2394/2394/2394 2357/2357/2357
f 2357/2357/2357 2394/2394/2394 2395/2395/2395
f 2357/2357/2357 2395/2395/2395 2358/2358/2358
f 2358/2358/2358 2395/2395/2395 2396/2396/2396
f 2358/2358/2358 2396/2396/2396 2359/2359/2359
f 2359/2359/2359 2396/2396/2396 2397/2397/2397
f 2359/2359/2359 2397/2397/2397 2360/2360/2360
f 2360/2360/2360 2397/2397/2397 2398/2398/2398
f 2360/2360/2360 2398/2398/2398 2361/2361/2361
f 2361/2361/2361 2398/2398/2398 2399/2399/2399
f 2361/2361/2361 2399/2399/2399 2362/2362/2362
f 2362/2362/2362 2399/2399/2399 2400/2400/2400
f 2362/2362/2362 2400/2400/2400 2363/2363/2363
f 2363/2363/2363 2400/2400/2400 2401/2401/2401
f 2363/2363/2363 2401/2401/2401 2364/2364/2364
f 2364/2364/2364 2401/2401/2401 2402/2402/2402
f 2364/2364/2364 2402/2402/2402 2365/2365/2365
f 2365/2365/2365 2402/2402/2402 2403/2403/2403
f 2365/2365/2365 2403/2403/2403 2366/2366/2366
f 2366/2366/2366 2403/2403/2403 2404/2404/2404
f 2366/2366/2366 2404/2404/2404 2367/2367/2367
f 2367/2367/2367 2404/2404/2404 2405/2405/2405
f 2367/2367/2367 2405/2405/2405 2368/2368/2368
f 2369/2369/2369 2406/2406/2406 2407/2407/2407
f 2369/2369/2369 2407/2407/2407 2370/2370/2370
f 2370/2370/2370 2407/2407/2407 2408/2408/2408
f 2370/2370/2370 2408/2408/2408 2371/2371/2371
f 2371/2371/2371 2408/2408/2408 2409/2409/2409
f 2371/2371/2371 2409/2409/2409 2372/2372/2372
f 2372/2372/2372 2409/2409/2409 2410/2410/2410
f 2372/2372/2372 2410/2410/2410 2373/2373/2373
f 2373/2373/2373 2410/2410/2410 2411/2411/2411
f 2373/2373/2373 2411/2411/2411 2374/2374/2374
f 2374/2374/2374 2411/2411/2411 2412/2412/2412
f 2374/2374/2374 2412/2412/2412 2375/2375/2375
f 2375/2375/2375 2412/2412/2412 2413/2413/2413
f 2375/2375/2375 2413/2413/2413 2376/2376/2376
f 2376/2376/2376 2413/2413/2413 2414/2414/2414
f 2376/2376/2376 2414/2414/2414 2377/2377/2377
f 2377/2377/2377 2414/2414/2414 2415/2415/2415
f 2377/2377/2377 2415/2415/2415 2378/2378/2378
f 2378/2378/2378 2415/2415/2415 2416/2416/2416
f 2378/2378/2378 2416/2416/2416 2379/2379/2379
f 2379/2379/2379 2416/2416/2416 2417/2417/2417
f 2379/2379/2379 2417/2417/2417 2380/2380/2380
f 2380/2380/2380 2417/2417/2417 2418/2418/2418
f 2380/2380/2380 2418/2418/2418 2381/2381/2381
f 2381/2381/2381 2418/2418/2418 2419/2419/2419
f 2381/2381/2381 2419/2419/2419 2382/2382/2382
f 2382/2382/2382 2419/2419/2419 2420/2420/2420
f 2382/2382/2382 2420/2420/2420 2383/2383/2383
f 2383/2383/2383 2420/2420/2420 2421/2421/2421
f 2383/2383/2383 2421/2421/2421 2384/2384/2384
f 2384/2384/2384 2421/2421/2421 2422/2422/2422
f 2384/2384/2384 2422/2422/2422 2385/2385/2385
f 2385/2385/2385 2422/2422/2422 2423/2423/2423
f 2385/2385/2385 2423/2423/2423 2386/2386/2386
f 2386/2386/2386 2423/2423/2423 2424/2424/2424
f 2386/2386/2386 2424/2424/2424 2387/2387/2387
f 2387/2387/2387 2424/2424/2424 2425/2425/2425
f 2387/2387/2387 2425/2425/2425 2388/2388/2388
f 2388/2388/2388 2425/2425/2425 2426/2426/2426
f 2388/2388/2388 2426/2426/2426 2389/2389/2389
f 2389/2389/2389 2426/2426/2426 2427/2427/2427
f 2389/2389/2389 2427/2427/2427 2390/2390/2390
f 2390/2390/2390 2427/2427/2427 2428/2428/2428
f 2390/2390/2390 2428/2428/2428 2391/2391/2391
f 2391/2391/2391 2428/2428/2428 2429/2429/2429
f 2391/2391/2391 2429/2429/2429 2392/2392/2392
f 2392/2392/2392 2429/2429/2429 2430/2430/2430
f 2392/2392/2392 2430/2430/2430 2393/2393/2393
f 2393/2393/2393 2430/2430/2430 2431/2431/2431
f 2393/2393/2393 2431/2431/2431 2394/2394/2394
f 2394/2394/2394 2431/2431/2431 2432/2432/2432
f 2394/2394/2394 2432/2432/2432 2395/2395/2395
f 2395/2395/2395 2432/2432/2432 2433/2433/2433
f 2395/2395/2395 2433/2433/2433 2396/2396/2396
f 2396/2396/2396 2433/2433/2433 2434/2434/2434
f 2396/2396/2396 2434/2434/2434 2397/2397/2397
f 2397/2397/2397 2434/2434/2434 2435/2435/2435
f 2397/2397/2397 2435/2435/2435 2398/2398/2398
f 2398/2398/2398 2435/2435/2435 2436/2436/2436
f 2398/2398/2398 2436/2436/2436 2399/2399/2399
f 2399/2399/2399 2436/2436/2436 2437/2437/2437
f 2399/2399/2399 2437/2437/2437 2400/2400/2400
f 2400/2400/2400 2437/2437/2437 2438/2438/2438
f 2400/2400/2400 2438/2438/2438 2401/2401/2401
f 2401/2401/2401 2438/2438/2438 2439/2439/2439
f 2401/2401/2401 2439/2439/2439 2402/2402/2402
f 2402/2402/2402 2439/2439/2439 2440/2440/2440
f 2402/2402/2402 2440/2440/2440 2403/2403/2403
f 2403/2403/2403 2440/2440/2440 2441/2441/2441
f 2403/2403/2403 2441/2441/2441 2404/2404/2404
f 2404/2404/2404 2441/2441/2441 2442/2442/2442
f 2404/2404/2404 2442/2442/2442 2405/2405/2405
f 2406/2406/2406 2443/2443/2443 2444/2444/2444
f 2406/2406/2406 2444/2444/2444 2407/2407/2407
f 2407/2407/2407 2444/2444/2444 2445/2445/2445
f 2407/2407/2407 2445/2445/2445 2408/2408/2408
f 2408/2408/2408 2445/2445/2445 2446/2446/2446
f 2408/2408/2408 2446/2446/2446 2409/2409/2409
f 2409/2409/2409 2446/2446/2446 2447/2447/2447
f 2409/2409/2409 2447/2447/2447 2410/2410/2410
f 2410/2410/2410 2447/2447/2447 2448/2448/2448
f 2410/2410/2410 2448/2448/2448 2411/2411/2411
f 2411/2411/2411 2448/2448/2448 2449/2449/2449
f 2411/2411/2411 2449/2449/2449 2412/2412/2412
f 2412/2412/2412 2449/2449/2449 2450/2450/2450
f 2412/2412/2412 2450/2450/2450 2413/2413/2413
f 2413/2413/2413 2450/2450/2450 2451/2451/2451
f 2413/2413/2413 2451/2451/2451 2414/2414/2414
f 2414/2414/2414 2451/2451/2451 2452/2452/2452
f 2414/2414/2414 2452/2452/2452 2415/2415/2415
f 2415/2415/2415 2452/2452/2452 2453/2453/2453
f 2415/2415/2415 2453/2453/2453 2416/2416/2416
f 2416/2416/2416 2453/2453/2453 2454/2454/2454
f 2416/2416/2416 2454/2454/2454 2417/2417/2417
f 2417/2417/2417 2454/2454/2454 2455/2455/2455
f 2417/2417/2417 2455/2455/2455 2418/2418/2418
f 2418/2418/2418 2455/2455/2455 2456/2456/2456
f 2418/2418/2418 2456/2456/2456 2419/2419/2419
f 2419/2419/2419 2456/2456/2456 2457/2457/2457
f 2419/2419/2419 2457/2457/2457 2420/2420/2420
f 2420/2420/2420 2457/2457/2457 2458/2458/2458
f 2420/2420/2420 2458/2458/2458 2421/2421/2421
f 2421/2421/2421 2458/2458/2458 2459/2459/2459
f 2421/2421/2421 2459/2459/2459 2422/2422/2422
f 2422/2422/2422 2459/2459/2459 2460/2460/2460
f 2422/2422/2422 2460/2460/2460 2423/2423/2423
f 2423/2423/2423 2460/2460/2460 2461/2461/2461
f 2423/2423/2423 2461/2461/2461 2424/2424/2424
f 2424/2424/2424 2461/2461/2461 2462/2462/2462
f 2424/2424/2424 2462/2462/2462 2425/2425/2425
f 2425/2425/2425 2462/2462/2462 2463/2463/2463
f 2425/2425/2425 2463/2463/2463 2426/2426/2426
f 2426/2426/2426 2463/2463/2463 2464/2464/2464
f 2426/2426/2426 2464/2464/2464 2427/2427/2427
f 2427/2427/2427 2464/2464/2464 2465/2465/2465
f 2427/2427/2427 2465/2465/2465 2428/2428/2428
f 2428/2428/2428 2465/2465/2465 2466/2466/2466
f 2428/2428/2428 2466/2466/2466 2429/2429/2429
f 2429/2429/2429 2466/2466/2466 2467/2467/2467
f 2429/2429/2429 2467/2467/2467 2430/2430/2430
f 2430/2430/2430 2467/2467/2467 2468/2468/2468
f 2430/2430/2430 2468/2468/2468 2431/2431/2431
f 2431/2431/2431 2468/2468/2468 2469/2469/2469
f 2431/2431/2431 2469/2469/2469 2432/2432/2432
f 2432/2432/2432 2469/2469/2469 2470/2470/2470
f 2432/2432/2432 2470/2470/2470 2433/2433/2433
f 2433/2433/2433 2470/2470/2470 2471/2471/2471
f 2433/2433/2433 2471/2471/2471 2434/2434/2434
f 2434/2434/2434 2471/2471/2471 2472/2472/2472
f 2434/2434/2434 2472/2472/2472 2435/2435/2435
f 2435/2435/2435 2472/2472/2472 2473/2473/2473
f 2435/2435/2435 2473/2473/2473 2436/2436/2436
f 2436/2436/2436 2473/2473/2473 2474/2474/2474
f 2436/2436/2436 2474/2474/2474 2437/2437/2437
f 2437/2437/2437 2474/2474/2474 2475/2475/2475
f 2437/2437/2437 2475/2475/2475 2438/2438/2438
f 2438/2438/2438 2475/2475/2475 2476/2476/2476
f 2438/2438/2438 2476/2476/2476 2439/2439/2439
f 2439/2439/2439 2476/2476/2476 2477/2477/2477
f 2439/2439/2439 2477/2477/2477 2440/2440/2440
f 2440/2440/2440 2477/2477/2477 2478/2478/2478
f 2440/2440/2440 2478/2478/2478 2441/2441/2441
f 2441/2441/2441 2478/2478/2478 2479/2479/2479
f 2441/2441/2441 2479/2479/2479 2442/2442/2442
f 2443/2443/2443 2480/2480/2480 2481/2481/2481
f 2443/2443/2443 2481/2481/2481 2444/2444/2444
f 2444/2444/2444 2481/2481/2481 2482/2482/2482
f 2444/2444/2444 2482/2482/2482 2445/2445/2445
f 2445/2445/2445 2482/2482/2482 2483/2483/2483
f 2445/2445/2445 2483/2483/2483 2446/2446/2446
f 2446/2446/2446 2483/2483/2483 2484/2484/2484
f 2446/2446/2446 2484/2484/2484 2447/2447/2447
f 2447/2447/2447 2484/2484/2484 2485/2485/2485
f 2447/2447/2447 2485/2485/2485 2448/2448/2448
f 2448/2448/2448 2485/2485/2485 2486/2486/2486
f 2448/2448/2448 2486/2486/2486 2449/2449/2449
f 2449/2449/2449 2486/2486/2486 2487/2487/2487
f 2449/2449/2449 2487/2487/2487 2450/2450/2450
f 2450/2450/2450 2487/2487/2487 2488/2488/2488
f 2450/2450/2450 2488/2488/2488 2451/2451/2451
f 2451/2451/2451 2488/2488/2488 2489/2489/2489
f 2451/2451/2451 2489/2489/2489 2452/2452/2452
f 2452/2452/2452 2489/2489/2489 2490/2490/2490
f 2452/2452/2452 2490/2490/2490 2453/2453/2453
f 2453/2453/2453 2490/2490/2490 2491/2491/2491
f 2453/2453/2453 2491/2491/2491 2454/2454/2454
f 2454/2454/2454 2491/2491/2491 2492/2492/2492
f 2454/2454/2454 2492/2492/2492 2455/2455/2455
f 2455/2455/2455 2492/2492/2492 2493/2493/2493
f 2455/2455/2455 2493/2493/2493 2456/2456/2456
f 2456/2456/2456 2493/2493/2493 2494/2494/2494
f 2456/2456/2456 2494/2494/2494 2457/2457/2457
f 2457/2457/2457 2494/2494/2494 2495/2495/2495
f 2457/2457/2457 2495/2495/2495 2458/2458/2458
f 2458/2458/2458 2495/2495/2495 2496/2496/2496
f 2458/2458/2458 2496/2496/2496 2459/2459/2459
f 2459/2459/2459 2496/2496/2496 2497/2497/2497
f 2459/2459/2459 2497/2497/2497 2460/2460/2460
f 2460/2460/2460 2497/2497/2497 2498/2498/2498
f 2460/2460/2460 2498/2498/2498 2461/2461/2461
f 2461/2461/2461 2498/2498/2498 2499/2499/2499
f 2461/2461/2461 2499/2499/2499 2462/2462/2462
f 2462/2462/2462 2499/2499/2499 2500/2500/2500
f 2462/2462/2462 2500/2500/2500 2463/2463/2463
f 2463/2463/2463 2500/2500/2500 2501/2501/2501
f 2463/2463/2463 2501/2501/2501 2464/2464/2464
f 2464/2464/2464 2501/2501/2501 2502/2502/2502
f 2464/2464/2464 2502/2502/2502 2465/2465/2465
f 2465/2465/2465 2502/2502/2502 2503/2503/2503
f 2465/2465/2465 2503/2503/2503 2466/2466/2466
f 2466/2466/2466 2503/2503/2503 2504/2504/2504
f 2466/2466/2466 2504/2504/2504 2467/2467/2467
f 2467/2467/2467 2504/2504/2504 2505/2505/2505
f 2467/2467/2467 2505/2505/2505 2468/2468/2468
f 2468/2468/2468 2505/2505/2505 2506/2506/2506
f 2468/2468/2468 2506/2506/2506 2469/2469/2469
f 2469/2469/2469 2506/2506/2506 2507/2507/2507
f 2469/2469/2469 2507/2507/2507 2470/2470/2470
f 2470/2470/2470 2507/2507/2507 2508/2508/2508
f 2470/2470/2470 2508/2508/2508 2471/2471/2471
f 2471/2471/2471 2508/2508/2508 2509/2509/2509
f 2471/2471/2471 2509/2509/2509 2472/2472/2472
f 2472/2472/2472 2509/2509/2509 2510/2510/2510
f 2472/2472/2472 2510/2510/2510 2473/2473/2473
f 2473/2473/2473 2510/2510/2510 2511/2511/2511
f 2473/2473/2473 2511/2511/2511 2474/2474/2474
f 2474/2474/2474 2511/2511/2511 2512/2512/2512
f 2474/2474/2474 2512/2512/2512 2475/2475/2475
f 2475/2475/2475 2512/2512/2512 2513/2513/2513
f 2475/2475/2475 2513/2513/2513 2476/2476/2476
f 2476/2476/2476 2513/2513/2513 2514/2514/2514
f 2476/2476/2476 2514/2514/2514 2477/2477/2477
f 2477/2477/2477 2514/2514/2514 2515/2515/2515
f 2477/2477/2477 2515/2515/2515 2478/2478/2478
f 2478/2478/2478 2515/2515/2515 2516/2516/2516
f 2478/2478/2478 2516/2516/2516 2479/2479/2479
f 2480/2480/2480 2517/2517/2517 2518/2518/2518
f 2480/2480/2480 2518/2518/2518 2481/2481/2481
f 2481/2481/2481 2518/2518/2518 2519/2519/2519
f 2481/2481/2481 2519/2519/2519 2482/2482/2482
f 2482/2482/2482 2519/2519/2519 2520/2520/2520
f 2482/2482/2482 2520/2520/2520 2483/2483/2483
f 2483/2483/2483 2520/2520/2520 2521/2521/2521
f 2483/2483/2483 2521/2521/2521 2484/2484/2484
f 2484/2484/2484 2521/2521/2521 2522/2522/2522
f 2484/2484/2484 2522/2522/2522 2485/2485/2485
f 2485/2485/2485 2522/2522/2522 2523/2523/2523
f 2485/2485/2485 2523/2523/2523 2486/2486/2486
f 2486/2486/2486 2523/2523/2523 2524/2524/2524
f 2486/2486/2486 2524/2524/2524 2487/2487/2487
f 2487/2487/2487 2524/2524/2524 2525/2525/2525
f 2487/2487/2487 2525/2525/2525 2488/2488/2488
f 2488/2488/2488 2525/2525/2525 2526/2526/2526
f 2488/2488/2488 2526/2526/2526 2489/2489/2489
f 2489/2489/2489 2526/2526/2526 2527/2527/2527
f 2489/2489/2489 2527/2527/2527 2490/2490/2490
f 2490/2490/2490 2527/2527/2527 2528/2528/2528
f 2490/2490/2490 2528/2528/2528 2491/2491/2491
f 2491/2491/2491 2528/2528/2528 2529/2529/2529
f 2491/2491/2491 2529/2529/2529 2492/2492/2492
f 2492/2492/2492 2529/2529/2529 2530/2530/2530
f 2492/2492/2492 2530/2530/2530 2493/2493/2493
f 2493/2493/2493 2530/2530/2530 2531/2531/2531
f 2493/2493/2493 2531/2531/2531 2494/2494/2494
f 2494/2494/2494 2531/2531/2531 2532/2532/2532
f 2494/2494/2494 2532/2532/2532 2495/2495/2495
f 2495/2495/2495 2532/2532/2532 2533/2533/2533
f 2495/2495/2495 2533/2533/2533 2496/2496/2496
f 2496/2496/2496 2533/2533/2533 2534/2534/2534
f 2496/2496/2496 2534/2534/2534 2497/2497/2497
f 2497/2497/2497 2534/2534/2534 2535/2535/2535
f 2497/2497/2497 2535/2535/2535 2498/2498/2498
f 2498/2498/2498 2535/2535/2535 2536/2536/2536
f 2498/2498/2498 2536/2536/2536 2499/2499/2499
f 2499/2499/2499 2536/2536/2536 2537/2537/2537
f 2499/2499/2499 2537/2537/2537 2500/2500/2500
f 2500/2500/2500 2537/2537/2537 2538/2538/2538
f 2500/2500/2500 2538/2538/2538 2501/2501/2501
f 2501/2501/2501 2538/2538/2538 2539/2539/2539
f 2501/2501/2501 2539/2539/2539 2502/2502/2502
f 2502/2502/2502 2539/2539/2539 2540/2540/2540
f 2502/2502/2502 2540/2540/2540 2503/2503/2503
f 2503/2503/2503 2540/2540/2540 2541/2541/2541
f 2503/2503/2503 2541/2541/2541 2504/2504/2504
f 2504/2504/2504 2541/2541/2541 2542/2542/2542
f 2504/2504/2504 2542/2542/2542 2505/2505/2505
f 2505/2505/2505 2542/2542/2542 2543/2543/2543
f 2505/2505/2505 2543/2543/2543 2506/2506/2506
f 2506/2506/2506 2543/2543/2543 2544/2544/2544
f 2506/2506/2506 2544/2544/2544 2507/2507/2507
f 2507/2507/2507 2544/2544/2544 2545/2545/2545
f 2507/2507/2507 2545/2545/2545 2508/2508/2508
f 2508/2508/2508 2545/2545/2545 2546/2546/2546
f 2508/2508/2508 2546/2546/2546 2509/2509/2509
f 2509/2509/2509 2546/2546/2546 2547/2547/2547
f 2509/2509/2509 2547/2547/2547 2510/2510/2510
f 2510/2510/2510 2547/2547/2547 2548/2548/2548
f 2510/2510/2510 2548/2548/2548 2511/2511/2511
f 2511/2511/2511 2548/2548/2548 2549/2549/2549
f 2511/2511/2511 2549/2549/2549 2512/2512/2512
f 2512/2512/2512 2549/2549/2549 2550/2550/2550
f 2512/2512/2512 2550/2550/2550 2513/2513/2513
f 2513/2513/2513 2550/2550/2550 2551/2551/2551
f 2513/2513/2513 2551/2551/2551 2514/2514/2514
f 2514/2514/2514 2551/2551/2551 2552/2552/2552
f 2514/2514/2514 2552/2552/2552 2515/2515/2515
f 2515/2515/2515 2552/2552/2552 2553/2553/2553
f 2515/2515/2515 2553/2553/2553 2516/2516/2516
f 2517/2517/2517 2554/2554/2554 2555/2555/2555
f 2517/2517/2517 2555/2555/2555 2518/2518/2518
f 2518/2518/2518 2555/2555/2555 2556/2556/2556
f 2518/2518/2518 2556/2556/2556 2519/2519/2519
f 2519/2519/2519 2556/2556/2556 2557/2557/2557
f 2519/2519/2519 2557/2557/2557 2520/2520/2520
f 2520/2520/2520 2557/2557/2557 2558/2558/2558
f 2520/2520/2520 2558/2558/2558 2521/2521/2521
f 2521/2521/2521 2558/2558/2558 2559/2559/2559
f 2521/2521/2521 2559/2559/2559 2522/2522/2522
f 2522/2522/2522 2559/2559/2559 2560/2560/2560
f 2522/2522/2522 2560/2560/2560 2523/2523/2523
f 2523/2523/2523 2560/2560/2560 2561/2561/2561
f 2523/2523/2523 2561/2561/2561 2524/2524/2524
f 2524/2524/2524 2561/2561/2561 2562/2562/2562
f 2524/2524/2524 2562/2562/2562 2525/2525/2525
f 2525/2525/2525 2562/2562/2562 2563/2563/2563
f 2525/2525/2525 2563/2563/2563 2526/2526/2526
f 2526/2526/2526 2563/2563/2563 2564/2564/2564
f 2526/2526/2526 2564/2564/2564 2527/2527/2527
f 2527/2527/2527 2564/2564/2564 2565/2565/2565
f 2527/2527/2527 2565/2565/2565 2528/2528/2528
f 2528/2528/2528 2565/2565/2565 2566/2566/2566
f 2528/2528/2528 2566/2566/2566 2529/2529/2529
f 2529/2529/2529 2566/2566/2566 2567/2567/2567
f 2529/2529/2529 2567/2567/2567 2530/2530/2530
f 2530/2530/2530 2567/2567/2567 2568/2568/2568
f 2530/2530/2530 2568/2568/2568 2531/2531/2531
f 2531/2531/2531 2568/2568/2568 2569/2569/2569
f 2531/2531/2531 2569/2569/2569 2532/2532/2532
f 2532/2532/2532 2569/2569/2569 2570/2570/2570
f 2532/2532/2532 2570/2570/2570 2533/2533/2533
f 2533/2533/2533 2570/2570/2570 2571/2571/2571
f 2533/2533/2533 2571/2571/2571 2534/2534/2534
f 2534/2534/2534 2571/2571/2571 2572/2572/2572
f 2534/2534/2534 2572/2572/2572 2535/2535/2535
f 2535/2535/2535 2572/2572/2572 2573/2573/2573
f 2535/2535/2535 2573/2573/2573 2536/2536/2536
f 2536/2536/2536 2573/2573/2573 2574/2574/2574
f 2536/2536/2536 2574/2574/2574 2537/2537/2537
f 2537/2537/2537 2574/2574/2574 2575/2575/2575
f 2537/2537/2537 2575/2575/2575 2538/2538/2538
f 2538/2538/2538 2575/2575/2575 2576/2576/2576
f 2538/2538/2538 2576/2576/2576 2539/2539/2539
f 2539/2539/2539 2576/2576/2576 2577/2577/2577
f 2539/2539/2539 2577/2577/2577 2540/2540/2540
f 2540/2540/2540 2577/2577/2577 2578/2578/2578
f 2540/2540/2540 2578/2578/2578 2541/2541/2541
f 2541/2541/2541 2578/2578/2578 2579/2579/2579
f 2541/2541/2541 2579/2579/2579 2542/2542/2542
f 2542/2542/2542 2579/2579/2579 2580/2580/2580
f 2542/2542/2542 2580/2580/2580 2543/2543/2543
f 2543/2543/2543 2580/2580/2580 2581/2581/2581
f 2543/2543/2543 2581/2581/2581 2544/2544/2544
f 2544/2544/2544 2581/2581/2581 2582/2582/2582
f 2544/2544/2544 2582/2582/2582 2545/2545/2545
f 2545/2545/2545 2582/2582/2582 2583/2583/2583
f 2545/2545/2545 2583/2583/2583 2546/2546/2546
f 2546/2546/2546 2583/2583/2583 2584/2584/2584
f 2546/2546/2546 2584/2584/2584 2547/2547/2547
f 2547/2547/2547 2584/2584/2584 2585/2585/2585
f 2547/2547/2547 2585/2585/2585 2548/2548/2548
f 2548/2548/2548 2585/2585/2585 2586/2586/2586
f 2548/2548/2548 2586/2586/2586 2549/2549/2549
f 2549/2549/2549 2586/2586/2586 2587/2587/2587
f 2549/2549/2549 2587/2587/2587 2550/2550/2550
f 2550/2550/2550 2587/2587/2587 2588/2588/2588
f 2550/2550/2550 2588/2588/2588 2551/2551/2551
f 2551/2551/2551 2588/2588/2588 2589/2589/2589
f 2551/2551/2551 2589/2589/2589 2552/2552/2552
f 2552/2552/2552 2589/2589/2589 2590/2590/2590
f 2552/2552/2552 2590/2590/2590 2553/2553/2553
f 2554/2554/2554 2591/2591/2591 2592/2592/2592
f 2554/2554/2554 2592/2592/2592 2555/2555/2555
f 2555/2555/2555 2592/2592/2592 2593/2593/2593
f 2555/2555/2555 2593/2593/2593 2556/2556/2556
f 2556/2556/2556 2593/2593/2593 2594/2594/2594
f 2556/2556/2556 2594/2594/2594 2557/2557/2557
f 2557/2557/2557 2594/2594/2594 2595/2595/2595
f 2557/2557/2557 2595/2595/2595 2558/2558/2558
f 2558/2558/2558 2595/2595/2595 2596/2596/2596
f 2558/2558/2558 2596/2596/2596 2559/2559/2559
f 2559/2559/2559 2596/2596/2596 2597/2597/2597
f 2559/2559/2559 2597/2597/2597 2560/2560/2560
f 2560/2560/2560 2597/2597/2597 2598/2598/2598
f 2560/2560/2560 2598/2598/2598 2561/2561/2561
f 2561/2561/2561 2598/2598/2598 2599/2599/2599
f 2561/2561/2561 2599/2599/2599 2562/2562/2562
f 2562/2562/2562 2599/2599/2599 2600/2600/2600
f 2562/2562/2562 2600/2600/2600 2563/2563/2563
f 2563/2563/2563 2600/2600/2600 2601/2601/2601
f 2563/2563/2563 2601/2601/2601 2564/2564/2564
f 2564/2564/2564 2601/2601/2601 2602/2602/2602
f 2564/2564/2564 2602/2602/2602 2565/2565/2565
f 2565/2565/2565 2602/2602/2602 2603/2603/2603
f 2565/2565/2565 2603/2603/2603 2566/2566/2566
f 2566/2566/2566 2603/2603/2603 2604/2604/2604
f 2566/2566/2566 2604/2604/2604 2567/2567/2567
f 2567/2567/2567 2604/2604/2604 2605/2605/2605
f 2567/2567/2567 2605/2605/2605 2568/2568/2568
f 2568/2568/2568 2605/2605/2605 2606/2606/2606
f 2568/2568/2568 2606/2606/2606 2569/2569/2569
f 2569/2569/2569 2606/2606/2606 2607/2607/2607
f 2569/2569/2569 2607/2607/2607 2570/2570/2570
f 2570/2570/2570 2607/2607/2607 2608/2608/2608
f 2570/2570/2570 2608/2608/2608 2571/2571/2571
f 2571/2571/2571 2608/2608/2608 2609/2609/2609
f 2571/2571/2571 2609/2609/2609 2572/2572/2572
f 2572/2572/2572 2609/2609/2609 2610/2610/2610
f 2572/2572/2572 2610/2610/2610 2573/2573/2573
f 2573/2573/2573 2610/2610/2610 2611/2611/2611
f 2573/2573/2573 2611/2611/2611 2574/2574/2574
f 2574/2574/2574 2611/2611/2611 2612/2612/2612
f 2574/2574/2574 2612/2612/2612 2575/2575/2575
f 2575/2575/2575 2612/2612/2612 2613/2613/2613
f 2575/2575/2575 2613/2613/2613 2576/2576/2576
f 2576/2576/2576 2613/2613/2613 2614/2614/2614
f 2576/2576/2576 2614/2614/2614 2577/2577/2577
f 2577/2577/2577 2614/2614/2614 2615/2615/2615
f 2577/2577/2577 2615/2615/2615 2578/2578/2578
f 2578/2578/2578 2615/2615/2615 2616/2616/2616
f 2578/2578/2578 2616/2616/2616 2579/2579/2579
f 2579/2579/2579 2616/2616/2616 2617/2617/2617
f 2579/2579/2579 2617/2617/2617 2580/2580/2580
f 2580/2580/2580 2617/2617/2617 2618/2618/2618
f 2580/2580/2580 2618/2618/2618 2581/2581/2581
f 2581/2581/2581 2618/2618/2618 2619/2619/2619
f 2581/2581/2581 2619/2619/2619 2582/2582/2582
f 2582/2582/2582 2619/2619/2619 2620/2620/2620
f 2582/2582/2582 2620/2620/2620 2583/2583/2583
f 2583/2583/2583 2620/2620/2620 2621/2621/2621
f 2583/2583/2583 2621/2621/2621 2584/2584/2584
f 2584/2584/2584 2621/2621/2621 2622/2622/2622
f 2584/2584/2584 2622/2622/2622 2585/2585/2585
f 2585/2585/2585 2622/2622/2622 2623/2623/2623
f 2585/2585/2585 2623/2623/2623 2586/2586/2586
f 2586/2586/2586 2623/2623/2623 2624/2624/2624
f 2586/2586/2586 2624/2624/2624 2587/2587/2587
f 2587/2587/2587 2624/2624/2624 2625/2625/2625
f 2587/2587/2587 2625/2625/2625 2588/2588/2588
f 2588/2588/2588 2625/2625/2625 2626/2626/2626
f 2588/2588/2588 2626/2626/2626 2589/2589/2589
f 2589/2589/2589 2626/2626/2626 2627/2627/2627
f 2589/2589/2589 2627/2627/2627 2590/2590/2590
f 2591/2591/2591 2628/2628/2628 2629/2629/2629
f 2591/2591/2591 2629/2629/2629 2592/2592/2592
f 2592/2592/2592 2629/2629/2629 2630/2630/2630
f 2592/2592/2592 2630/2630/2630 2593/2593/2593
f 2593/2593/2593 2630/2630/2630 2631/2631/2631
f 2593/2593/2593 2631/2631/2631 2594/2594/2594
f 2594/2594/2594 2631/2631/2631 2632/2632/2632
f 2594/2594/2594 2632/2632/2632 2595/2595/2595
f 2595/2595/2595 2632/2632/2632 2633/2633/2633
f 2595/2595/2595 2633/2633/2633 2596/2596/2596
f 2596/2596/2596 2633/2633/2633 2634/2634/2634
f 2596/2596/2596 2634/2634/2634 2597/2597/2597
f 2597/2597/2597 2634/2634/2634 2635/2635/2635
f 2597/2597/2597 2635/2635/2635 2598/2598/2598
f 2598/2598/2598 2635/2635/2635 2636/2636/2636
f 2598/2598/2598 2636/2636/2636 2599/2599/2599
f 2599/2599/2599 2636/2636/2636 2637/2637/2637
f 2599/2599/2599 2637/2637/2637 2600/2600/2600
f 2600/2600/2600 2637/2637/2637 2638/2638/2638
f 2600/2600/2600 2638/2638/2638 2601/2601/2601
f 2601/2601/2601 2638/2638/2638 2639/2639/2639
f 2601/2601/2601 2639/2639/2639 2602/2602/2602
f 2602/2602/2602 2639/2639/2639 2640/2640/2640
f 2602/2602/2602 2640/2640/2640 2603/2603/2603
f 2603/2603/2603 2640/2640/2640 2641/2641/2641
f 2603/2603/2603 2641/2641/2641 2604/2604/2604
f 2604/2604/2604 2641/2641/2641 2642/2642/2642
f 2604/2604/2604 2642/2642/2642 2605/2605/2605
f 2605/2605/2605 2642/2642/2642 2643/2643/2643
f 2605/2605/2605 2643/2643/2643 2606/2606/2606
f 2606/2606/2606 2643/2643/2643 2644/2644/2644
f 2606/2606/2606 2644/2644/2644 2607/2607/2607
f 2607/2607/2607 2644/2644/2644 2645/2645/2645
f 2607/2607/2607 2645/2645/2645 2608/2608/2608
f 2608/2608/2608 2645/2645/2645 2646/2646/2646
f 2608/2608/2608 2646/2646/2646 2609/2609/2609
f 2609/2609/2609 2646/2646/2646 2647/2647/2647
f 2609/2609/2609 2647/2647/2647 2610/2610/2610
f 2610/2610/2610 2647/2647/2647 2648/2648/2648
f 2610/2610/2610 2648/2648/2648 2611/2611/2611
f 2611/2611/2611 2648/2648/2648 2649/2649/2649
f 2611/2611/2611 2649/2649/2649 2612/2612/2612
f 2612/2612/2612 2649/2649/2649 2650/2650/2650
f 2612/2612/2612 2650/2650/2650 2613/2613/2613
f 2613/2613/2613 2650/2650/2650 2651/2651/2651
f 2613/2613/2613 2651/2651/2651 2614/2614/2614
f 2614/2614/2614 2651/2651/2651 2652/2652/2652
f 2614/2614/2614 2652/2652/2652 2615/2615/2615
f 2615/2615/2615 2652/2652/2652 2653/2653/2653
f 2615/2615/2615 2653/2653/2653 2616/2616/2616
f 2616/2616/2616 2653/2653/2653 2654/2654/2654
f 2616/2616/2616 2654/2654/2654 2617/2617/2617
f 2617/2617/2617 2654/2654/2654 2655/2655/2655
f 2617/2617/2617 2655/2655/2655 2618/2618/2618
f 2618/2618/2618 2655/2655/2655 2656/2656/2656
f 2618/2618/2618 2656/2656/2656 2619/2619/2619
f 2619/2619/2619 2656/2656/2656 2657/2657/2657
f 2619/2619/2619 2657/2657/2657 2620/2620/2620
f 2620/2620/2620 2657/2657/2657 2658/2658/2658
f 2620/2620/2620 2658/2658/2658 2621/2621/2621
f 2621/2621/2621 2658/2658/2658 2659/2659/2659
f 2621/2621/2621 2659/2659/2659 2622/2622/2622
f 2622/2622/2622 2659/2659/2659 2660/2660/2660
f 2622/2622/2622 2660/2660/2660 2623/2623/2623
f 2623/2623/2623 2660/2660/2660 2661/2661/2661
f 2623/2623/2623 2661/2661/2661 2624/2624/2624
f 2624/2624/2624 2661/2661/2661 2662/2662/2662
f 2624/2624/2624 2662/2662/2662 2625/2625/2625
f 2625/2625/2625 2662/2662/2662 2663/2663/2663
f 2625/2625/2625 2663/2663/2663 2626/2626/2626
f 2626/2626/2626 2663/2663/2663 2664/2664/2664
f 2626/2626/2626 2664/2664/2664 2627/2627/2627
f 2628/2628/2628 2665/2665/2665 2666/2666/2666
f 2628/2628/2628 2666/2666/2666 2629/2629/2629
f 2629/2629/2629 2666/2666/2666 2667/2667/2667
f 2629/2629/2629 2667/2667/2667 2630/2630/2630
f 2630/2630/2630 2667/2667/2667 2668/2668/2668
f 2630/2630/2630 2668/2668/2668 2631/2631/2631
f 2631/2631/2631 2668/2668/2668 2669/2669/2669
f 2631/2631/2631 2669/2669/2669 2632/2632/2632
f 2632/2632/2632 2669/2669/2669 2670/2670/2670
f 2632/2632/2632 2670/2670/2670 2633/2633/2633
f 2633/2633/2633 2670/2670/2670 2671/2671/2671
f 2633/2633/2633 2671/2671/2671 2634/2634/2634
f 2634/2634/2634 2671/2671/2671 2672/2672/2672
f 2634/2634/2634 2672/2672/2672 2635/2635/2635
f 2635/2635/2635 2672/2672/2672 2673/2673/2673
f 2635/2635/2635 2673/2673/2673 2636/2636/2636
f 2636/2636/2636 2673/2673/2673 2674/2674/2674
f 2636/2636/2636 2674/2674/2674 2637/2637/2637
f 2637/2637/2637 2674/2674/2674 2675/2675/2675
f 2637/2637/2637 2675/2675/2675 2638/2638/2638
f 2638/2638/2638 2675/2675/2675 2676/2676/2676
f 2638/2638/2638 2676/2676/2676 2639/2639/2639
f 2639/2639/2639 2676/2676/2676 2677/2677/2677
f 2639/2639/2639 2677/2677/2677 2640/2640/2640
f 2640/2640/2640 2677/2677/2677 2678/2678/2678
f 2640/2640/2640 2678/2678/2678 2641/2641/2641
f 2641/2641/2641 2678/2678/2678 2679/2679/2679
f 2641/2641/2641 2679/2679/2679 2642/2642/2642
f 2642/2642/2642 2679/2679/2679 2680/2680/2680
f 2642/2642/2642 2680/2680/2680 2643/2643/2643
f 2643/2643/2643 2680/2680/2680 2681/2681/2681
f 2643/2643/2643 2681/2681/2681 2644/2644/2644
f 2644/2644/2644 2681/2681/2681 2682/2682/2682
f 2644/2644/2644 2682/2682/2682 2645/2645/2645
f 2645/2645/2645 2682/2682/2682 2683/2683/2683
f 2645/2645/2645 2683/2683/2683 2646/2646/2646
f 2646/2646/2646 2683/2683/2683 2684/2684/2684
f 2646/2646/2646 2684/2684/2684 2647/2647/2647
f 2647/2647/2647 2684/2684/2684 2685/2685/2685
f 2647/2647/2647 2685/2685/2685 2648/2648/2648
f 2648/2648/2648 2685/2685/2685 2686/2686/2686
f 2648/2648/2648 2686/2686/2686 2649/2649/2649
f 2649/2649/2649 2686/2686/2686 2687/2687/2687
f 2649/2649/2649 2687/2687/2687 2650/2650/2650
f 2650/2650/2650 2687/2687/2687 2688/2688/2688
f 2650/2650/2650 2688/2688/2688 2651/2651/2651
f 2651/2651/2651 2688/2688/2688 2689/2689/2689
f 2651/2651/2651 2689/2689/2689 2652/2652/2652
f 2652/2652/2652 2689/2689/2689 2690/2690/2690
f 2652/2652/2652 2690/2690/2690 2653/2653/2653
f 2653/2653/2653 2690/2690/2690 2691/2691/2691
f 2653/2653/2653 2691/2691/2691 2654/2654/2654
f 2654/2654/2654 2691/2691/2691 2692/2692/2692
f 2654/2654/2654 2692/2692/2692 2655/2655/2655
f 2655/2655/2655 2692/2692/2692 2693/2693/2693
f 2655/2655/2655 2693/2693/2693 2656/2656/2656
f 2656/2656/2656 2693/2693/2693 2694/2694/2694
f 2656/2656/2656 2694/2694/2694 2657/2657/2657
f 2657/2657/2657 2694/2694/2694 2695/2695/2695
f 2657/2657/2657 2695/2695/2695 2658/2658/2658
f 2658/2658/2658 2695/2695/2695 2696/2696/2696
f 2658/2658/2658 2696/2696/2696 2659/2659/2659
f 2659/2659/2659 2696/2696/2696 2697/2697/2697
f 2659/2659/2659 2697/2697/2697 2660/2660/2660
f 2660/2660/2660 2697/2697/2697 2698/2698/2698
f 2660/2660/2660 2698/2698/2698 2661/2661/2661
f 2661/2661/2661 2698/2698/2698 2699/2699/2699
f 2661/2661/2661 2699/2699/2699 2662/2662/2662
f 2662/2662/2662 2699/2699/2699 2700/2700/2700
f 2662/2662/2662 2700/2700/2700 2663/2663/2663
f 2663/2663/2663 2700/2700/2700 2701/2701/2701
f 2663/2663/2663 2701/2701/2701 2664/2664/2664
f 2665/2665/2665 2702/2702/2702 2703/2703/2703
f 2665/2665/2665 2703/2703/2703 2666/2666/2666
f 2666/2666/2666 2703/2703/2703 2704/2704/2704
f 2666/2666/2666 2704/2704/2704 2667/2667/2667
f 2667/2667/2667 2704/2704/2704 2705/2705/2705
f 2667/2667/2667 2705/2705/2705 2668/2668/2668
f 2668/2668/2668 2705/2705/2705 2706/2706/2706
f 2668/2668/2668 2706/2706/2706 2669/2669/2669
f 2669/2669/2669 2706/2706/2706 2707/2707/2707
f 2669/2669/2669 2707/2707/2707 2670/2670/2670
f 2670/2670/2670 2707/2707/2707 2708/2708/2708
f 2670/2670/2670 2708/2708/2708 2671/2671/2671
f 2671/2671/2671 2708/2708/2708 2709/2709/2709
f 2671/2671/2671 2709/2709/2709 2672/2672/2672
f 2672/2672/2672 2709/2709/2709 2710/2710/2710
f 2672/2672/2672 2710/2710/2710 2673/2673/2673
f 2673/2673/2673 2710/2710/2710 2711/2711/2711
f 2673/2673/2673 2711/2711/2711 2674/2674/2674
f 2674/2674/2674 2711/2711/2711 2712/2712/2712
f 2674/2674/2674 2712/2712/2712 2675/2675/2675
f 2675/2675/2675 2712/2712/2712 2713/2713/2713
f 2675/2675/2675 2713/2713/2713 2676/2676/2676
f 2676/2676/2676 2713/2713/2713 2714/2714/2714
f 2676/2676/2676 2714/2714/2714 2677/2677/2677
f 2677/2677/2677 2714/2714/2714 2715/2715/2715
f 2677/2677/2677 2715/2715/2715 2678/2678/2678
f 2678/2678/2678 2715/2715/2715 2716/2716/2716
f 2678/2678/2678 2716/2716/2716 2679/2679/2679
f 2679/2679/2679 2716/2716/2716 2717/2717/2717
f 2679/2679/2679 2717/2717/2717 2680/2680/2680
f 2680/2680/2680 2717/2717/2717 2718/2718/2718
f 2680/2680/2680 2718/2718/2718 2681/2681/2681
f 2681/2681/2681 2718/2718/2718 2719/2719/2719
f 2681/2681/2681 2719/2719/2719 2682/2682/2682
f 2682/2682/2682 2719/2719/2719 2720/2720/2720
f 2682/2682/2682 2720/2720/2720 2683/2683/2683
f 2683/2683/2683 2720/2720/2720 2721/2721/2721
f 2683/2683/2683 2721/2721/2721 2684/2684/2684
f 2684/2684/2684 2721/2721/2721 2722/2722/2722
f 2684/2684/2684 2722/2722/2722 2685/2685/2685
f 2685/2685/2685 2722/2722/2722 2723/2723/2723
f 2685/2685/2685 2723/2723/2723 2686/2686/2686
f 2686/2686/2686 2723/2723/2723 2724/2724/2724
f 2686/2686/2686 2724/2724/2724 2687/2687/2687
f 2687/2687/2687 2724/2724/2724 2725/2725/2725
f 2687/2687/2687 2725/2725/2725 2688/2688/2688
f 2688/2688/2688 2725/2725/2725 2726/2726/2726
f 2688/2688/2688 2726/2726/2726 2689/2689/2689
f 2689/2689/2689 2726/2726/2726 2727/2727/2727
f 2689/2689/2689 2727/2727/2727 2690/2690/2690
f 2690/2690/2690 2727/2727/2727 2728/2728/2728
f 2690/2690/2690 2728/2728/2728 2691/2691/2691
f 2691/2691/2691 2728/2728/2728 2729/2729/2729
f 2691/2691/2691 2729/2729/2729 2692/2692/2692
f 2692/2692/2692 2729/2729/2729 2730/2730/2730
f 2692/2692/2692 2730/2730/2730 2693/2693/2693
f 2693/2693/2693 2730/2730/2730 2731/2731/2731
f 2693/2693/2693 2731/2731/2731 2694/2694/2694
f 2694/2694/2694 2731/2731/2731 2732/2732/2732
f 2694/2694/2694 2732/2732/2732 2695/2695/2695
f 2695/2695/2695 2732/2732/2732 2733/2733/2733
f 2695/2695/2695 2733/2733/2733 2696/2696/2696
f 2696/2696/2696 2733/2733/2733 2734/2734/2734
f 2696/2696/2696 2734/2734/2734 2697/2697/2697
f 2697/2697/2697 2734/2734/2734 2735/2735/2735
f 2697/2697/2697 2735/2735/2735 2698/2698/2698
f 2698/2698/2698 2735/2735/2735 2736/2736/2736
f 2698/2698/2698 2736/2736/2736 2699/2699/2699
f 2699/2699/2699 2736/2736/2736 2737/2737/2737
f 2699/2699/2699 2737/2737/2737 2700/2700/2700
f 2700/2700/2700 2737/2737/2737 2738/2738/2738
f 2700/2700/2700 2738/2738/2738 2701/2701/2701
f 2702/2702/2702 2739/2739/2739 2740/2740/2740
f 2702/2702/2702 2740/2740/2740 2703/2703/2703
f 2703/2703/2703 2740/2740/2740 2741/2741/2741
f 2703/2703/2703 2741/2741/2741 2704/2704/2704
f 2704/2704/2704 2741/2741/2741 2742/2742/2742
f 2704/2704/2704 2742/2742/2742 2705/2705/2705
f 2705/2705/2705 2742/2742/2742 2743/2743/2743
f 2705/2705/2705 2743/2743/2743 2706/2706/2706
f 2706/2706/2706 2743/2743/2743 2744/2744/2744
f 2706/2706/2706 2744/2744/2744 2707/2707/2707
f 2707/2707/2707 2744/2744/2744 2745/2745/2745
f 2707/2707/2707 2745/2745/2745 2708/2708/2708
f 2708/2708/2708 2745/2745/2745 2746/2746/2746
f 2708/2708/2708 2746/2746/2746 2709/2709/2709
f 2709/2709/2709 2746/2746/2746 2747/2747/2747
f 2709/2709/2709 2747/2747/2747 2710/2710/2710
f 2710/2710/2710 2747/2747/2747 2748/2748/2748
f 2710/2710/2710 2748/2748/2748 2711/2711/2711
f 2711/2711/2711 2748/2748/2748 2749/2749/2749
f 2711/2711/2711 2749/2749/2749 2712/2712/2712
f 2712/2712/2712 2749/2749/2749 2750/2750/2750
f 2712/2712/2712 2750/2750/2750 2713/2713/2713
f 2713/2713/2713 2750/2750/2750 2751/2751/2751
f 2713/2713/2713 2751/2751/2751 2714/2714/2714
f 2714/2714/2714 2751/2751/2751 2752/2752/2752
f 2714/2714/2714 2752/2752/2752 2715/2715/2715
f 2715/2715/2715 2752/2752/2752 2753/2753/2753
f 2715/2715/2715 2753/2753/2753 2716/2716/2716
f 2716/2716/2716 2753/2753/2753 2754/2754/2754
f 2716/2716/2716 2754/2754/2754 2717/2717/2717
f 2717/2717/2717 2754/2754/2754 2755/2755/2755
f 2717/2717/2717 2755/2755/2755 2718/2718/2718
f 2718/2718/2718 2755/2755/2755 2756/2756/2756
f 2718/2718/2718 2756/2756/2756 2719/2719/2719
f 2719/2719/2719 2756/2756/2756 2757/2757/2757
f 2719/2719/2719 2757/2757/2757 2720/2720/2720
f 2720/2720/2720 2757/2757/2757 2758/2758/2758
f 2720/2720/2720 2758/2758/2758 2721/2721/2721
f 2721/2721/2721 2758/2758/2758 2759/2759/2759
f 2721/2721/2721 2759/2759/2759 2722/2722/2722
f 2722/2722/2722 2759/2759/2759 2760/2760/2760
f 2722/2722/2722 2760/2760/2760 2723/2723/2723
f 2723/2723/2723 2760/2760/2760 2761/2761/2761
f 2723/2723/2723 2761/2761/2761 2724/2724/2724
f 2724/2724/2724 2761/2761/2761 2762/2762/2762
f 2724/2724/2724 2762/2762/2762 2725/2725/2725
f 2725/2725/2725 2762/2762/2762 2763/2763/2763
f 2725/2725/2725 2763/2763/2763 2726/2726/2726
f 2726/2726/2726 2763/2763/2763 2764/2764/2764
f 2726/2726/2726 2764/2764/2764 2727/2727/2727
f 2727/2727/2727 2764/2764/2764 2765/2765/2765
f 2727/2727/2727 2765/2765/2765 2728/2728/2728
f 2728/2728/2728 2765/2765/2765 2766/2766/2766
f 2728/2728/2728 2766/2766/2766 2729/2729/2729
f 2729/2729/2729 2766/2766/2766 2767/2767/2767
f 2729/2729/2729 2767/2767/2767 2730/2730/2730
f 2730/2730/2730 2767/2767/2767 2768/2768/2768
f 2730/2730/2730 2768/2768/2768 2731/2731/2731
f 2731/2731/2731 2768/2768/2768 2769/2769/2769
f 2731/2731/2731 2769/2769/2769 2732/2732/2732
f 2732/2732/2732 2769/2769/2769 2770/2770/2770
f 2732/2732/2732 2770/2770/2770 2733/2733/2733
f 2733/2733/2733 2770/2770/2770 2771/2771/2771
f 2733/2733/2733 2771/2771/2771 2734/2734/2734
f 2734/2734/2734 2771/2771/2771 2772/2772/2772
f 2734/2734/2734 2772/2772/2772 2735/2735/2735
f 2735/2735/2735 2772/2772/2772 2773/2773/2773
f 2735/2735/2735 2773/2773/2773 2736/2736/2736
f 2736/2736/2736 2773/2773/2773 2774/2774/2774
f 2736/2736/2736 2774/2774/2774 2737/2737/2737
f 2737/2737/2737 2774/2774/2774 2775/2775/2775
f 2737/2737/2737 2775/2775/2775 2738/2738/2738
f 2739/2739/2739 2776/2776/2776 2777/2777/2777
f 2739/2739/2739 2777/2777/2777 2740/2740/2740
f 2740/2740/2740 2777/2777/2777 2778/2778/2778
f 2740/2740/2740 2778/2778/2778 2741/2741/2741
f 2741/2741/2741 2778/2778/2778 2779/2779/2779
f 2741/2741/2741 2779/2779/2779 2742/2742/2742
f 2742/2742/2742 2779/2779/2779 2780/2780/2780
f 2742/2742/2742 2780/2780/2780 2743/2743/2743
f 2743/2743/2743 2780/2780/2780 2781/2781/2781
f 2743/2743/2743 2781/2781/2781 2744/2744/2744
f 2744/2744/2744 2781/2781/2781 2782/2782/2782
f 2744/2744/2744 2782/2782/2782 2745/2745/2745
f 2745/2745/2745 2782/2782/2782 2783/2783/2783
f 2745/2745/2745 2783/2783/2783 2746/2746/2746
f 2746/2746/2746 2783/2783/2783 2784/2784/2784
f 2746/2746/2746 2784/2784/2784 2747/2747/2747
f 2747/2747/2747 2784/2784/2784 2785/2785/2785
f 2747/2747/2747 2785/2785/2785 2748/2748/2748
f 2748/2748/2748 2785/2785/2785 2786/2786/2786
f 2748/2748/2748 2786/2786/2786 2749/2749/2749
f 2749/2749/2749 2786/2786/2786 2787/2787/2787
f 2749/2749/2749 2787/2787/2787 2750/2750/2750
f 2750/2750/2750 2787/2787/2787 2788/2788/2788
f 2750/2750/2750 2788/2788/2788 2751/2751/2751
f 2751/2751/2751 2788/2788/2788 2789/2789/2789
f 2751/2751/2751 2789/2789/2789 2752/2752/2752
f 2752/2752/2752 2789/2789/2789 2790/2790/2790
f 2752/2752/2752 2790/2790/2790 2753/2753/2753
f 2753/2753/2753 2790/2790/2790 2791/2791/2791
f 2753/2753/2753 2791/2791/2791 2754/2754/2754
f 2754/2754/2754 2791/2791/2791 2792/2792/2792
f 2754/2754/2754 2792/2792/2792 2755/2755/2755
f 2755/2755/2755 2792/2792/2792 2793/2793/2793
f 2755/2755/2755 2793/2793/2793 2756/2756/2756
f 2756/2756/2756 2793/2793/2793 2794/2794/2794
f 2756/2756/2756 2794/2794/2794 2757/2757/2757
f 2757/2757/2757 2794/2794/2794 2795/2795/2795
f 2757/2757/2757 2795/2795/2795 2758/2758/2758
f 2758/2758/2758 2795/2795/2795 2796/2796/2796
f 2758/2758/2758 2796/2796/2796 2759/2759/2759
f 2759/2759/2759 2796/2796/2796 2797/2797/2797
f 2759/2759/2759 2797/2797/2797 2760/2760/2760
f 2760/2760/2760 2797/2797/2797 2798/2798/2798
f 2760/2760/2760 2798/2798/2798 2761/2761/2761
f 2761/2761/2761 2798/2798/2798 2799/2799/2799
f 2761/2761/2761 2799/2799/2799 2762/2762/2762
f 2762/2762/2762 2799/2799/2799 2800/2800/2800
f 2762/2762/2762 2800/2800/2800 2763/2763/2763
f 2763/2763/2763 2800/2800/2800 2801/2801/2801
f 2763/2763/2763 2801/2801/2801 2764/2764/2764
f 2764/2764/2764 2801/2801/2801 2802/2802/2802
f 2764/2764/2764 2802/2802/2802 2765/2765/2765
f 2765/2765/2765 2802/2802/2802 2803/2803/2803
f 2765/2765/2765 2803/2803/2803 2766/2766/2766
f 2766/2766/2766 2803/2803/2803 2804/2804/2804
f 2766/2766/2766 2804/2804/2804 2767/2767/2767
f 2767/2767/2767 2804/2804/2804 2805/2805/2805
f 2767/2767/2767 2805/2805/2805 2768/2768/2768
f 2768/2768/2768 2805/2805/2805 2806/2806/2806
f 2768/2768/2768 2806/2806/2806 2769/2769/2769
f 2769/2769/2769 2806/2806/2806 2807/2807/2807
f 2769/2769/2769 2807/2807/2807 2770/2770/2770
f 2770/2770/2770 2807/2807/2807 2808/2808/2808
f 2770/2770/2770 2808/2808/2808 2771/2771/2771
f 2771/2771/2771 2808/2808/2808 2809/2809/2809
f 2771/2771/2771 2809/2809/2809 2772/2772/2772
f 2772/2772/2772 2809/2809/2809 2810/2810/2810
f 2772/2772/2772 2810/2810/2810 2773/2773/2773
f 2773/2773/2773 2810/2810/2810 2811/2811/2811
f 2773/2773/2773 2811/2811/2811 2774/2774/2774
f 2774/2774/2774 2811/2811/2811 2812/2812/2812
f 2774/2774/2774 2812/2812/2812 2775/2775/2775
f 2776/2776/2776 2813/2813/2813 2814/2814/2814
f 2776/2776/2776 2814/2814/2814 2777/2777/2777
f 2777/2777/2777 2814/2814/2814 2815/2815/2815
f 2777/2777/2777 2815/2815/2815 2778/2778/2778
f 2778/2778/2778 2815/2815/2815 2816/2816/2816
f 2778/2778/2778 2816/2816/2816 2779/2779/2779
f 2779/2779/2779 2816/2816/2816 2817/2817/2817
f 2779/2779/2779 2817/2817/2817 2780/2780/2780
f 2780/2780/2780 2817/2817/2817 2818/2818/2818
f 2780/2780/2780 2818/2818/2818 2781/2781/2781
f 2781/2781/2781 2818/2818/2818 2819/2819/2819
f 2781/2781/2781 2819/2819/2819 2782/2782/2782
f 2782/2782/2782 2819/2819/2819 2820/2820/2820
f 2782/2782/2782 2820/2820/2820 2783/2783/2783
f 2783/2783/2783 2820/2820/2820 2821/2821/2821
f 2783/2783/2783 2821/2821/2821 2784/2784/2784
f 2784/2784/2784 2821/2821/2821 2822/2822/2822
f 2784/2784/2784 2822/2822/2822 2785/2785/2785
f 2785/2785/2785 2822/2822/2822 2823/2823/2823
f 2785/2785/2785 2823/2823/2823 2786/2786/2786
f 2786/2786/2786 2823/2823/2823 2824/2824/2824
f 2786/2786/2786 2824/2824/2824 2787/2787/2787
f 2787/2787/2787 2824/2824/2824 2825/2825/2825
f 2787/2787/2787 2825/2825/2825 2788/2788/2788
f 2788/2788/2788 2825/2825/2825 2826/2826/2826
f 2788/2788/2788 2826/2826/2826 2789/2789/2789
f 2789/2789/2789 2826/2826/2826 2827/2827/2827
f 2789/2789/2789 2827/2827/2827 2790/2790/2790
f 2790/2790/2790 2827/2827/2827 2828/2828/2828
f 2790/2790/2790 2828/2828/2828 2791/2791/2791
f 2791/2791/2791 2828/2828/2828 2829/2829/2829
f 2791/2791/2791 2829/2829/2829 2792/2792/2792
f 2792/2792/2792 2829/2829/2829 2830/2830/2830
f 2792/2792/2792 2830/2830/2830 2793/2793/2793
f 2793/2793/2793 2830/2830/2830 2831/2831/2831
f 2793/2793/2793 2831/2831/2831 2794/2794/2794
f 2794/2794/2794 2831/2831/2831 2832/2832/2832
f 2794/2794/2794 2832/2832/2832 2795/2795/2795
f 2795/2795/2795 2832/2832/2832 2833/2833/2833
f 2795/2795/2795 2833/2833/2833 2796/2796/2796
f 2796/2796/2796 2833/2833/2833 2834/2834/2834
f 2796/2796/2796 2834/2834/2834 2797/2797/2797
f 2797/2797/2797 2834/2834/2834 2835/2835/2835
f 2797/2797/2797 2835/2835/2835 2798/2798/2798
f 2798/2798/2798 2835/2835/2835 2836/2836/2836
f 2798/2798/2798 2836/2836/2836 2799/2799/2799
f 2799/2799/2799 2836/2836/2836 2837/2837/2837
f 2799/2799/2799 2837/2837/2837 2800/2800/2800
f 2800/2800/2800 2837/2837/2837 2838/2838/2838
f 2800/2800/2800 2838/2838/2838 2801/2801/2801
f 2801/2801/2801 2838/2838/2838 2839/2839/2839
f 2801/2801/2801 2839/2839/2839 2802/2802/2802
f 2802/2802/2802 2839/2839/2839 2840/2840/2840
f 2802/2802/2802 2840/2840/2840 2803/2803/2803
f 2803/2803/2803 2840/2840/2840 2841/2841/2841
f 2803/2803/2803 2841/2841/2841 2804/2804/2804
f 2804/2804/2804 2841/2841/2841 2842/2842/2842
f 2804/2804/2804 2842/2842/2842 2805/2805/2805
f 2805/2805/2805 2842/2842/2842 2843/2843/2843
f 2805/2805/2805 2843/2843/2843 2806/2806/2806
f 2806/2806/2806 2843/2843/2843 2844/2844/2844
f 2806/2806/2806 2844/2844/2844 2807/2807/2807
f 2807/2807/2807 2844/2844/2844 2845/2845/2845
f 2807/2807/2807 2845/2845/2845 2808/2808/2808
f 2808/2808/2808 2845/2845/2845 2846/2846/2846
f 2808/2808/2808 2846/2846/2846 2809/2809/2809
f 2809/2809/2809 2846/2846/2846 2847/2847/2847
f 2809/2809/2809 2847/2847/2847 2810/2810/2810
f 2810/2810/2810 2847/2847/2847 2848/2848/2848
f 2810/2810/2810 2848/2848/2848 2811/2811/2811
f 2811/2811/2811 2848/2848/2848 2849/2849/2849
f 2811/2811/2811 2849/2849/2849 2812/2812/2812
f 2813/2813/2813 2850/2850/2850 2851/2851/2851
f 2813/2813/2813 2851/2851/2851 2814/2814/2814
f 2814/2814/2814 2851/2851/2851 2852/2852/2852
f 2814/2814/2814 2852/2852/2852 2815/2815/2815
f 2815/2815/2815 2852/2852/2852 2853/2853/2853
f 2815/2815/2815 2853/2853/2853 2816/2816/2816
f 2816/2816/2816 2853/2853/2853 2854/2854/2854
f 2816/2816/2816 2854/2854/2854 2817/2817/2817
f 2817/2817/2817 2854/2854/2854 2855/2855/2855
f 2817/2817/2817 2855/2855/2855 2818/2818/2818
f 2818/2818/2818 2855/2855/2855 2856/2856/2856
f 2818/2818/2818 2856/2856/2856 2819/2819/2819
f 2819/2819/2819 2856/2856/2856 2857/2857/2857
f 2819/2819/2819 2857/2857/2857 2820/2820/2820
f 2820/2820/2820 2857/2857/2857 2858/2858/2858
f 2820/2820/2820 2858/2858/2858 2821/2821/2821
f 2821/2821/2821 2858/2858/2858 2859/2859/2859
f 2821/2821/2821 2859/2859/2859 2822/2822/2822
f 2822/2822/2822 2859/2859/2859 2860/2860/2860
f 2822/2822/2822 2860/2860/2860 2823/2823/2823
f 2823/2823/2823 2860/2860/2860 2861/2861/2861
f 2823/2823/2823 2861/2861/2861 2824/2824/2824
f 2824/2824/2824 2861/2861/2861 2862/2862/2862
f 2824/2824/2824 2862/2862/2862 2825/2825/2825
f 2825/2825/2825 2862/2862/2862 2863/2863/2863
f 2825/2825/2825 2863/2863/2863 2826/2826/2826
f 2826/2826/2826 2863/2863/2863 2864/2864/2864
f 2826/2826/2826 2864/2864/2864 2827/2827/2827
f 2827/2827/2827 2864/2864/2864 2865/2865/2865
f 2827/2827/2827 2865/2865/2865 2828/2828/2828
f 2828/2828/2828 2865/2865/2865 2866/2866/2866
f 2828/2828/2828 2866/2866/2866 2829/2829/2829
f 2829/2829/2829 2866/2866/2866 2867/2867/2867
f 2829/2829/2829 2867/2867/2867 2830/2830/2830
f 2830/2830/2830 2867/2867/2867 2868/2868/2868
f 2830/2830/2830 2868/2868/2868 2831/2831/2831
f 2831/2831/2831 2868/2868/2868 2869/2869/2869
f 2831/2831/2831 2869/2869/2869 2832/2832/2832
f 2832/2832/2832 2869/2869/2869 2870/2870/2870
f 2832/2832/2832 2870/2870/2870 2833/2833/2833
f 2833/2833/2833 2870/2870/2870 2871/2871/2871
f 2833/2833/2833 2871/2871/2871 2834/2834/2834
f 2834/2834/2834 2871/2871/2871 2872/2872/2872
f 2834/2834/2834 2872/2872/2872 2835/2835/2835
f 2835/2835/2835 2872/2872/2872 2873/2873/2873
f 2835/2835/2835 2873/2873/2873 2836/2836/2836
f 2836/2836/2836 2873/2873/2873 2874/2874/2874
f 2836/2836/2836 2874/2874/2874 2837/2837/2837
f 2837/2837/2837 2874/2874/2874 2875/2875/2875
f 2837/2837/2837 2875/2875/2875 2838/2838/2838
f 2838/2838/2838 2875/2875/2875 2876/2876/2876
f 2838/2838/2838 2876/2876/2876 2839/2839/2839
f 2839/2839/2839 2876/2876/2876 2877/2877/2877
f 2839/2839/2839 2877/2877/2877 2840/2840/2840
f 2840/2840/2840 2877/2877/2877 2878/2878/2878
f 2840/2840/2840 2878/2878/2878 2841/2841/2841
f 2841/2841/2841 2878/2878/2878 2879/2879/2879
f 2841/2841/2841 2879/2879/2879 2842/2842/2842
f 2842/2842/2842 2879/2879/2879 2880/2880/2880
f 2842/2842/2842 2880/2880/2880 2843/2843/2843
f 2843/2843/2843 2880/2880/2880 2881/2881/2881
f 2843/2843/2843 2881/2881/2881 2844/2844/2844
f 2844/2844/2844 2881/2881/2881 2882/2882/2882
f 2844/2844/2844 2882/2882/2882 2845/2845/2845
f 2845/2845/2845 2882/2882/2882 2883/2883/2883
f 2845/2845/2845 2883/2883/2883 2846/2846/2846
f 2846/2846/2846 2883/2883/2883 2884/2884/2884
f 2846/2846/2846 2884/2884/2884 2847/2847/2847
f 2847/2847/2847 2884/2884/2884 2885/2885/2885
f 2847/2847/2847 2885/2885/2885 2848/2848/2848
f 2848/2848/2848 2885/2885/2885 2886/2886/2886
f 2848/2848/2848 2886/2886/2886 2849/2849/2849
f 2850/2850/2850 2887/2887/2887 2888/2888/2888
f 2850/2850/2850 2888/2888/2888 2851/2851/2851
f 2851/2851/2851 2888/2888/2888 2889/2889/2889
f 2851/2851/2851 2889/2889/2889 2852/2852/2852
f 2852/2852/2852 2889/2889/2889 2890/2890/2890
f 2852/2852/2852 2890/2890/2890 2853/2853/2853
f 2853/2853/2853 2890/2890/2890 2891/2891/2891
f 2853/2853/2853 2891/2891/2891 2854/2854/2854
f 2854/2854/2854 2891/2891/2891 2892/2892/2892
f 2854/2854/2854 2892/2892/2892 2855/2855/2855
f 2855/2855/2855 2892/2892/2892 2893/2893/2893
f 2855/2855/2855 2893/2893/2893 2856/2856/2856
f 2856/2856/2856 2893/2893/2893 2894/2894/2894
f 2856/2856/2856 2894/2894/2894 2857/2857/2857
f 2857/2857/2857 2894/2894/2894 2895/2895/2895
f 2857/2857/2857 2895/2895/2895 2858/2858/2858
f 2858/2858/2858 2895/2895/2895 2896/2896/2896
f 2858/2858/2858 2896/2896/2896 2859/2859/2859
f 2859/2859/2859 2896/2896/2896 2897/2897/2897
f 2859/2859/2859 2897/2897/2897 2860/2860/2860
f 2860/2860/2860 2897/2897/2897 2898/2898/2898
f 2860/2860/2860 2898/2898/2898 2861/2861/2861
f 2861/2861/2861 2898/2898/2898 2899/2899/2899
f 2861/2861/2861 2899/2899/2899 2862/2862/2862
f 2862/2862/2862 2899/2899/2899 2900/2900/2900
f 2862/2862/2862 2900/2900/2900 2863/2863/2863
f 2863/2863/2863 2900/2900/2900 2901/2901/2901
f 2863/2863/2863 2901/2901/2901 2864/2864/2864
f 2864/2864/2864 2901/2901/2901 2902/2902/2902
f 2864/2864/2864 2902/2902/2902 2865/2865/2865
f 2865/2865/2865 2902/2902/2902 2903/2903/2903
f 2865/2865/2865 2903/2903/2903 2866/2866/2866
f 2866/2866/2866 2903/2903/2903 2904/2904/2904
f 2866/2866/2866 2904/2904/2904 2867/2867/2867
f 2867/2867/2867 2904/2904/2904 2905/2905/2905
f 2867/2867/2867 2905/2905/2905 2868/2868/2868
f 2868/2868/2868 2905/2905/2905 2906/2906/2906
f 2868/2868/2868 2906/2906/2906 2869/2869/2869
f 2869/2869/2869 2906/2906/2906 2907/2907/2907
f 2869/2869/2869 2907/2907/2907 2870/2870/2870
f 2870/2870/2870 2907/2907/2907 2908/2908/2908
f 2870/2870/2870 2908/2908/2908 2871/2871/2871
f 2871/2871/2871 2908/2908/2908 2909/2909/2909
f 2871/2871/2871 2909/2909/2909 2872/2872/2872
f 2872/2872/2872 2909/2909/2909 2910/2910/2910
f 2872/2872/2872 2910/2910/2910 2873/2873/2873
f 2873/2873/2873 2910/2910/2910 2911/2911/2911
f 2873/2873/2873 2911/2911/2911 2874/2874/2874
f 2874/2874/2874 2911/2911/2911 2912/2912/2912
f 2874/2874/2874 2912/2912/2912 2875/2875/2875
f 2875/2875/2875 2912/2912/2912 2913/2913/2913
f 2875/2875/2875 2913/2913/2913 2876/2876/2876
f 2876/2876/2876 2913/2913/2913 2914/2914/2914
f 2876/2876/2876 2914/2914/2914 2877/2877/2877
f 2877/2877/2877 2914/2914/2914 2915/2915/2915
f 2877/2877/2877 2915/2915/2915 2878/2878/2878
f 2878/2878/2878 2915/2915/2915 2916/2916/2916
f 2878/2878/2878 2916/2916/2916 2879/2879/2879
f 2879/2879/2879 2916/2916/2916 2917/2917/2917
f 2879/2879/2879 2917/2917/2917 2880/2880/2880
f 2880/2880/2880 2917/2917/2917 2918/2918/2918
f 2880/2880/2880 2918/2918/2918 2881/2881/2881
f 2881/2881/2881 2918/2918/2918 2919/2919/2919
f 2881/2881/2881 2919/2919/2919 2882/2882/2882
f 2882/2882/2882 2919/2919/2919 2920/2920/2920
f 2882/2882/2882 2920/2920/2920 2883/2883/2883
f 2883/2883/2883 2920/2920/2920 2921/2921/2921
f 2883/2883/2883 2921/2921/2921 2884/2884/2884
f 2884/2884/2884 2921/2921/2921 2922/2922/2922
f 2884/2884/2884 2922/2922/2922 2885/2885/2885
f 2885/2885/2885 2922/2922/2922 2923/2923/2923
f 2885/2885/2885 2923/2923/2923 2886/2886/2886
f 2887/2887/2887 2924/2924/2924 2925/2925/2925
f 2887/2887/2887 2925/2925/2925 2888/2888/2888
f 2888/2888/2888 2925/2925/2925 2926/2926/2926
f 2888/2888/2888 2926/2926/2926 2889/2889/2889
f 2889/2889/2889 2926/2926/2926 2927/2927/2927
f 2889/2889/2889 2927/2927/2927 2890/2890/2890
f 2890/2890/2890 2927/2927/2927 2928/2928/2928
f 2890/2890/2890 2928/2928/2928 2891/2891/2891
f 2891/2891/2891 2928/2928/2928 2929/2929/2929
f 2891/2891/2891 2929/2929/2929 2892/2892/2892
f 2892/2892/2892 2929/2929/2929 2930/2930/2930
f 2892/2892/2892 2930/2930/2930 2893/2893/2893
f 2893/2893/2893 2930/2930/2930 2931/2931/2931
f 2893/2893/2893 2931/2931/2931 2894/2894/2894
f 2894/2894/2894 2931/2931/2931 2932/2932/2932
f 2894/2894/2894 2932/2932/2932 2895/2895/2895
f 2895/2895/2895 2932/2932/2932 2933/2933/2933
f 2895/2895/2895 2933/2933/2933 2896/2896/2896
f 2896/2896/2896 2933/2933/2933 2934/2934/2934
f 2896/2896/2896 2934/2934/2934 2897/2897/2897
f 2897/2897/2897 2934/2934/2934 2935/2935/2935
f 2897/2897/2897 2935/2935/2935 2898/2898/2898
f 2898/2898/2898 2935/2935/2935 2936/2936/2936
f 2898/2898/2898 2936/2936/2936 2899/2899/2899
f 2899/2899/2899 2936/2936/2936 2937/2937/2937
f 2899/2899/2899 2937/2937/2937 2900/2900/2900
f 2900/2900/2900 2937/2937/2937 2938/2938/2938
f 2900/2900/2900 2938/2938/2938 2901/2901/2901
f 2901/2901/2901 2938/2938/2938 2939/2939/2939
f 2901/2901/2901 2939/2939/2939 2902/2902/2902
f 2902/2902/2902 2939/2939/2939 2940/2940/2940
f 2902/2902/2902 2940/2940/2940 2903/2903/2903
f 2903/2903/2903 2940/2940/2940 2941/2941/2941
f 2903/2903/2903 2941/2941/2941 2904/2904/2904
f 2904/2904/2904 2941/2941/2941 2942/2942/2942
f 2904/2904/2904 2942/2942/2942 2905/2905/2905
f 2905/2905/2905 2942/2942/2942 2943/2943/2943
f 2905/2905/2905 2943/2943/2943 2906/2906/2906
f 2906/2906/2906 2943/2943/2943 2944/2944/2944
f 2906/2906/2906 2944/2944/2944 2907/2907/2907
f 2907/2907/2907 2944/2944/2944 2945/2945/2945
f 2907/2907/2907 2945/2945/2945 2908/2908/2908
f 2908/2908/2908 2945/2945/2945 2946/2946/2946
f 2908/2908/2908 2946/2946/2946 2909/2909/2909
f 2909/2909/2909 2946/2946/2946 2947/2947/2947
f 2909/2909/2909 2947/2947/2947 2910/2910/2910
f 2910/2910/2910 2947/2947/2947 2948/2948/2948
f 2910/2910/2910 2948/2948/2948 2911/2911/2911
f 2911/2911/2911 2948/2948/2948 2949/2949/2949
f 2911/2911/2911 2949/2949/2949 2912/2912/2912
f 2912/2912/2912 2949/2949/2949 2950/2950/2950
f 2912/2912/2912 2950/2950/2950 2913/2913/2913
f 2913/2913/2913 2950/2950/2950 2951/2951/2951
f 2913/2913/2913 2951/2951/2951 2914/2914/2914
f 2914/2914/2914 2951/2951/2951 2952/2952/2952
f 2914/2914/2914 2952/2952/2952 2915/2915/2915
f 2915/2915/2915 2952/2952/2952 2953/2953/2953
f 2915/2915/2915 2953/2953/2953 2916/2916/2916
f 2916/2916/2916 2953/2953/2953 2954/2954/2954
f 2916/2916/2916 2954/2954/2954 2917/2917/2917
f 2917/2917/2917 2954/2954/2954 2955/2955/2955
f 2917/2917/2917 2955/2955/2955 2918/2918/2918
f 2918/2918/2918 2955/2955/2955 2956/2956/2956
f 2918/2918/2918 2956/2956/2956 2919/2919/2919
f 2919/2919/2919 2956/2956/2956 2957/2957/2957
f 2919/2919/2919 2957/2957/2957 2920/2920/2920
f 2920/2920/2920 2957/2957/2957 2958/2958/2958
f 2920/2920/2920 2958/2958/2958 2921/2921/2921
f 2921/2921/2921 2958/2958/2958 2959/2959/2959
f 2921/2921/2921 2959/2959/2959 2922/2922/2922
f 2922/2922/2922 2959/2959/2959 2960/2960/2960
f 2922/2922/2922 2960/2960/2960 2923/2923/2923
f 2924/2924/2924 2961/2961/2961 2962/2962/2962
f 2924/2924/2924 2962/2962/2962 2925/2925/2925
f 2925/2925/2925 2962/2962/2962 2963/2963/2963
f 2925/2925/2925 2963/2963/2963 2926/2926/2926
f 2926/2926/2926 2963/2963/2963 2964/2964/2964
f 2926/2926/2926 2964/2964/2964 2927/2927/2927
f 2927/2927/2927 2964/2964/2964 2965/2965/2965
f 2927/2927/2927 2965/2965/2965 2928/2928/2928
f 2928/2928/2928 2965/2965/2965 2966/2966/2966
f 2928/2928/2928 2966/2966/2966 2929/2929/2929
f 2929/2929/2929 2966/2966/2966 2967/2967/2967
f 2929/2929/2929 2967/2967/2967 2930/2930/2930
f 2930/2930/2930 2967/2967/2967 2968/2968/2968
f 2930/2930/2930 2968/2968/2968 2931/2931/2931
f 2931/2931/2931 2968/2968/2968 2969/2969/2969
f 2931/2931/2931 2969/2969/2969 2932/2932/2932
f 2932/2932/2932 2969/2969/2969 2970/2970/2970
f 2932/2932/2932 2970/2970/2970 2933/2933/2933
f 2933/2933/2933 2970/2970/2970 2971/2971/2971
f 2933/2933/2933 2971/2971/2971 2934/2934/2934
f 2934/2934/2934 2971/2971/2971 2972/2972/2972
f 2934/2934/2934 2972/2972/2972 2935/2935/2935
f 2935/2935/2935 2972/2972/2972 2973/2973/2973
f 2935/2935/2935 2973/2973/2973 2936/2936/2936
f 2936/2936/2936 2973/2973/2973 2974/2974/2974
f 2936/2936/2936 2974/2974/2974 2937/2937/2937
f 2937/2937/2937 2974/2974/2974 2975/2975/2975
f 2937/2937/2937 2975/2975/2975 2938/2938/2938
f 2938/2938/2938 2975/2975/2975 2976/2976/2976
f 2938/2938/2938 2976/2976/2976 2939/2939/2939
f 2939/2939/2939 2976/2976/2976 2977/2977/2977
f 2939/2939/2939 2977/2977/2977 2940/2940/2940
f 2940/2940/2940 2977/2977/2977 2978/2978/2978
f 2940/2940/2940 2978/2978/2978 2941/2941/2941
f 2941/2941/2941 2978/2978/2978 2979/2979/2979
f 2941/2941/2941 2979/2979/2979 2942/2942/2942
f 2942/2942/2942 2979/2979/2979 2980/2980/2980
f 2942/2942/2942 2980/2980/2980 2943/2943/2943
f 2943/2943/2943 2980/2980/2980 2981/2981/2981
f 2943/2943/2943 2981/2981/2981 2944/2944/2944
f 2944/2944/2944 2981/2981/2981 2982/2982/2982
f 2944/2944/2944 2982/2982/2982 2945/2945/2945
f 2945/2945/2945 2982/2982/2982 2983/2983/2983
f 2945/2945/2945 2983/2983/2983 2946/2946/2946
f 2946/2946/2946 2983/2983/2983 2984/2984/2984
f 2946/2946/2946 2984/2984/2984 2947/2947/2947
f 2947/2947/2947 2984/2984/2984 2985/2985/2985
f 2947/2947/2947 2985/2985/2985 2948/2948/2948
f 2948/2948/2948 2985/2985/2985 2986/2986/2986
f 2948/2948/2948 2986/2986/2986 2949/2949/2949
f 2949/2949/2949 2986/2986/2986 2987/2987/2987
f 2949/2949/2949 2987/2987/2987 2950/2950/2950
f 2950/2950/2950 2987/2987/2987 2988/2988/2988
f 2950/2950/2950 2988/2988/2988 2951/2951/2951
f 2951/2951/2951 2988/2988/2988 2989/2989/2989
f 2951/2951/2951 2989/2989/2989 2952/2952/2952
f 2952/2952/2952 2989/2989/2989 2990/2990/2990
f 2952/2952/2952 2990/2990/2990 2953/2953/2953
f 2953/2953/2953 2990/2990/2990 2991/2991/2991
f 2953/2953/2953 2991/2991/2991 2954/2954/2954
f 2954/2954/2954 2991/2991/2991 2992/2992/2992
f 2954/2954/2954 2992/2992/2992 2955/2955/2955
f 2955/2955/2955 2992/2992/2992 2993/2993/2993
f 2955/2955/2955 2993/2993/2993 2956/2956/2956
f 2956/2956/2956 2993/2993/2993 2994/2994/2994
f 2956/2956/2956 2994/2994/2994 2957/2957/2957
f 2957/2957/2957 2994/2994/2994 2995/2995/2995
f 2957/2957/2957 2995/2995/2995 2958/2958/2958
f 2958/2958/2958 2995/2995/2995 2996/2996/2996
f 2958/2958/2958 2996/2996/2996 2959/2959/2959
f 2959/2959/2959 2996/2996/2996 2997/2997/2997
f 2959/2959/2959 2997/2997/2997 2960/2960/2960
f 2961/2961/2961 2998/2998/2998 2999/2999/2999
f 2961/2961/2961 2999/2999/2999 2962/2962/2962
f 2962/2962/2962 2999/2999/2999 3000/3000/3000
f 2962/2962/2962 3000/3000/3000 2963/2963/2963
f 2963/2963/2963 3000/3000/3000 3001/3001/3001
f 2963/2963/2963 3001/3001/3001 2964/2964/2964
f 2964/2964/2964 3001/3001/3001 3002/3002/3002
f 2964/2964/2964 3002/3002/3002 2965/2965/2965
f 2965/2965/2965 3002/3002/3002 3003/3003/3003
f 2965/2965/2965 3003/3003/3003 2966/2966/2966
f 2966/2966/2966 3003/3003/3003 3004/3004/3004
f 2966/2966/2966 3004/3004/3004 2967/2967/2967
f 2967/2967/2967 3004/3004/3004 3005/3005/3005
f 2967/2967/2967 3005/3005/3005 2968/2968/2968
f 2968/2968/2968 3005/3005/3005 3006/3006/3006
f 2968/2968/2968 3006/3006/3006 2969/2969/2969
f 2969/2969/2969 3006/3006/3006 3007/3007/3007
f 2969/2969/2969 3007/3007/3007 2970/2970/2970
f 2970/2970/2970 3007/3007/3007 3008/3008/3008
f 2970/2970/2970 3008/3008/3008 2971/2971/2971
f 2971/2971/2971 3008/3008/3008 3009/3009/3009
f 2971/2971/2971 3009/3009/3009 2972/2972/2972
f 2972/2972/2972 3009/3009/3009 3010/3010/3010
f 2972/2972/2972 3010/3010/3010 2973/2973/2973
f 2973/2973/2973 3010/3010/3010 3011/3011/3011
f 2973/2973/2973 3011/3011/3011 2974/2974/2974
f 2974/2974/2974 3011/3011/3011 3012/3012/3012
f 2974/2974/2974 3012/3012/3012 2975/2975/2975
f 2975/2975/2975 3012/3012/3012 3013/3013/3013
f 2975/2975/2975 3013/3013/3013 2976/2976/2976
f 2976/2976/2976 3013/3013/3013 3014/3014/3014
f 2976/2976/2976 3014/3014/3014 2977/2977/2977
f 2977/2977/2977 3014/3014/3014 3015/3015/3015
f 2977/2977/2977 3015/3015/3015 2978/2978/2978
f 2978/2978/2978 3015/3015/3015 3016/3016/3016
f 2978/2978/2978 3016/3016/3016 2979/2979/2979
f 2979/2979/2979 3016/3016/3016 3017/3017/3017
f 2979/2979/2979 3017/3017/3017 2980/2980/2980
f 2980/2980/2980 3017/3017/3017 3018/3018/3018
f 2980/2980/2980 3018/3018/3018 2981/2981/2981
f 2981/2981/2981 3018/3018/3018 3019/3019/3019
f 2981/2981/2981 3019/3019/3019 2982/2982/2982
f 2982/2982/2982 3019/3019/3019 3020/3020/3020
f 2982/2982/2982 3020/3020/3020 2983/2983/2983
f 2983/2983/2983 3020/3020/3020 3021/3021/3021
f 2983/2983/2983 3021/3021/3021 2984/2984/2984
f 2984/2984/2984 3021/3021/3021 3022/3022/3022
f 2984/2984/2984 3022/3022/3022 2985/2985/2985
f 2985/2985/2985 3022/3022/3022 3023/3023/3023
f 2985/2985/2985 3023/3023/3023 2986/2986/2986
f 2986/2986/2986 3023/3023/3023 3024/3024/3024
f 2986/2986/2986 3024/3024/3024 2987/2987/2987
f 2987/2987/2987 3024/3024/3024 3025/3025/3025
f 2987/2987/2987 3025/3025/3025 2988/2988/2988
f 2988/2988/2988 3025/3025/3025 3026/3026/3026
f 2988/2988/2988 3026/3026/3026 2989/2989/2989
f 2989/2989/2989 3026/3026/3026 3027/3027/3027
f 2989/2989/2989 3027/3027/3027 2990/2990/2990
f 2990/2990/2990 3027/3027/3027 3028/3028/3028
f 2990/2990/2990 3028/3028/3028 2991/2991/2991
f 2991/2991/2991 3028/3028/3028 3029/3029/3029
f 2991/2991/2991 3029/3029/3029 2992/2992/2992
f 2992/2992/2992 3029/3029/3029 3030/3030/3030
f 2992/2992/2992 3030/3030/3030 2993/2993/2993
f 2993/2993/2993 3030/3030/3030 3031/3031/3031
f 2993/2993/2993 3031/3031/3031 2994/2994/2994
f 2994/2994/2994 3031/3031/3031 3032/3032/3032
f 2994/2994/2994 3032/3032/3032 2995/2995/2995
f 2995/2995/2995 3032/3032/3032 3033/3033/3033
f 2995/2995/2995 3033/3033/3033 2996/2996/2996
f 2996/2996/2996 3033/3033/3033 3034/3034/3034
f 2996/2996/2996 3034/3034/3034 2997/2997/2997
