# Generated sky cornice; visual geometry only.
s 1
v -34.582835 -2.563624 95.760910
v -34.667405 -1.608969 95.757662
v -34.802003 -0.107080 95.752493
v -34.865133 1.622564 95.750068
v -34.735300 3.252114 95.755054
v -34.367239 4.725343 95.769190
v -33.830038 6.152342 95.789821
v -33.173723 7.447043 95.815027
v -32.448322 8.522277 95.842885
v -31.622867 9.323538 95.874587
v -30.685444 9.843216 95.910588
v -29.714670 10.069395 95.947871
v -28.789159 9.997282 95.983415
v -27.873772 9.569838 96.018570
v -26.945283 8.789579 96.054229
v -26.100174 7.754309 96.086685
v -25.434925 6.570991 96.112234
v -24.965618 5.277659 96.130257
v -24.644012 3.857544 96.142608
v -24.470107 2.345502 96.149287
v -24.443902 0.779624 96.150294
v -24.577904 -0.849063 96.145147
v -24.867945 -2.486720 96.134008
v -25.289011 -4.002884 96.117837
v -25.816088 -5.272591 96.097595
v -26.500395 -6.213541 96.071314
v -27.335975 -6.876005 96.039224
v -28.212054 -7.437942 96.005578
v -29.017856 -8.057103 95.974632
v -29.767080 -8.724332 95.945858
v -30.504392 -9.403006 95.917542
v -31.165471 -10.141192 95.892153
v -31.685997 -10.986959 95.872162
v -32.028448 -12.085655 95.859011
v -32.233918 -13.367467 95.851120
v -32.356010 -14.557721 95.846431
v -32.448322 -15.381743 95.842885
v -32.065852 -2.520045 88.320208
v -32.148216 -1.572175 88.314710
v -32.279303 -0.068040 88.305958
v -32.340786 1.676687 88.301854
v -32.214340 3.337131 88.310295
v -31.855881 4.854592 88.334226
v -31.332694 6.333241 88.369154
v -30.693501 7.684033 88.411827
v -29.987025 8.816715 88.458992
v -29.183103 9.673278 88.512662
v -28.270136 10.242213 88.573612
v -27.324687 10.508408 88.636730
v -26.423321 10.464589 88.696906
v -25.531814 10.053102 88.756423
v -24.627548 9.275911 88.816793
v -23.804485 8.229757 88.871741
v -23.156592 7.021449 88.914994
v -22.699528 5.691009 88.945508
v -22.386312 4.225412 88.966418
v -22.216943 2.662992 88.977726
v -22.191422 1.045640 88.979429
v -22.321929 -0.630898 88.970717
v -22.604403 -2.309279 88.951859
v -23.014484 -3.857252 88.924481
v -23.527811 -5.148609 88.890211
v -24.194265 -6.099919 88.845719
v -25.008047 -6.759120 88.791390
v -25.861271 -7.311505 88.734429
v -26.646052 -7.920141 88.682036
v -27.375730 -8.576028 88.633323
v -28.093807 -9.243165 88.585384
v -28.737640 -9.968803 88.542401
v -29.244586 -10.800193 88.508557
v -29.578103 -11.880212 88.486291
v -29.778214 -13.140234 88.472932
v -29.897120 -14.310255 88.464994
v -29.987025 -15.120270 88.458992
v -29.543441 -2.469003 80.882103
v -29.623384 -1.531847 80.874457
v -29.750617 -0.033220 80.862287
v -29.810293 1.716140 80.856579
v -29.687563 3.395600 80.868318
v -29.339643 4.944571 80.901597
v -28.831836 6.461474 80.950168
v -28.211434 7.855080 81.009510
v -27.525727 9.032859 81.075098
v -26.745439 9.934002 81.149733
v -25.859311 10.543608 81.234491
v -24.941656 10.843821 81.322265
v -24.066788 10.825210 81.405946
v -23.201490 10.429866 81.488712
v -22.323807 9.659258 81.572663
v -21.524941 8.608701 81.649075
v -20.896094 7.384337 81.709224
v -20.452467 6.027751 81.751657
v -20.148459 4.529282 81.780736
v -19.984069 2.930147 81.796459
v -19.959298 1.275387 81.798829
v -20.085968 -0.435064 81.786713
v -20.360138 -2.141056 81.760488
v -20.758164 -3.709412 81.722417
v -21.256400 -5.013459 81.674761
v -21.903262 -5.969182 81.612888
v -22.693121 -6.622218 81.537338
v -23.521262 -7.163415 81.458126
v -24.282971 -7.759723 81.385268
v -24.991198 -8.402325 81.317526
v -25.688165 -9.055950 81.250861
v -26.313071 -9.766890 81.191089
v -26.805114 -10.581441 81.144025
v -27.128827 -11.639585 81.113062
v -27.323054 -12.874086 81.094484
v -27.438465 -14.020409 81.083445
v -27.525727 -14.814017 81.075098
v -27.016770 -2.411727 73.446987
v -27.094123 -1.489075 73.437311
v -27.217233 -0.003927 73.421911
v -27.274976 1.738941 73.414688
v -27.156223 3.424344 73.429543
v -26.819575 4.990469 73.471654
v -26.328221 6.530353 73.533117
v -25.727920 7.951479 73.608209
v -25.064429 9.159967 73.691204
v -24.309422 10.093022 73.785648
v -23.452004 10.733002 73.892902
v -22.564081 11.059864 74.003972
v -21.717558 11.062427 74.109863
v -20.880296 10.682914 74.214596
v -20.031049 9.922370 74.320828
v -19.258066 8.874356 74.417520
v -18.649594 7.643830 74.493633
v -18.220340 6.273429 74.547328
v -17.926182 4.756369 74.584125
v -17.767118 3.136028 74.604022
v -17.743150 1.459810 74.607020
v -17.865716 -0.268846 74.591688
v -18.131003 -1.987805 74.558504
v -18.516133 -3.563905 74.510328
v -18.998226 -4.870830 74.450023
v -19.624130 -5.824580 74.371729
v -20.388398 -6.468597 74.276127
v -21.189707 -6.997239 74.175892
v -21.926738 -7.579714 74.083697
v -22.612018 -8.207409 73.997975
v -23.286404 -8.845871 73.913617
v -23.891063 -9.540319 73.837980
v -24.367164 -10.335973 73.778425
v -24.680388 -11.369571 73.739244
v -24.868323 -12.575434 73.715735
v -24.979994 -13.695165 73.701766
v -25.064429 -14.470363 73.691204
v -24.487045 -2.349543 66.015127
v -24.561686 -1.444901 66.003550
v -24.680482 0.018954 65.985126
v -24.736201 1.744113 65.976484
v -24.621610 3.421921 65.994256
v -24.296761 4.990066 66.044639
v -23.822629 6.536705 66.118174
v -23.243367 7.968990 66.208014
v -22.603131 9.192666 66.307311
v -21.874586 10.143848 66.420304
v -21.047220 10.802882 66.548623
v -20.190418 11.148161 66.681508
v -19.373565 11.167225 66.808198
v -18.565647 10.802817 66.933501
v -17.746166 10.055643 67.060598
v -17.000275 9.017218 67.176281
v -16.413129 7.790812 67.267344
v -15.998920 6.419579 67.331585
v -15.715072 4.899022 67.375609
v -15.561583 3.273894 67.399414
v -15.538455 1.593099 67.403001
v -15.656725 -0.137218 67.384658
v -15.912714 -1.853820 67.344955
v -16.284346 -3.424525 67.287318
v -16.749542 -4.724213 67.215168
v -17.353509 -5.669503 67.121497
v -18.090989 -6.301809 67.007118
v -18.864214 -6.816820 66.887195
v -19.575412 -7.384277 66.776892
v -20.236675 -7.995787 66.674334
v -20.887424 -8.617787 66.573407
v -21.470890 -9.294329 66.482915
v -21.930305 -10.069469 66.411662
v -22.232551 -11.076415 66.364786
v -22.413898 -12.251187 66.336660
v -22.521656 -13.342046 66.319947
v -22.603131 -14.097256 66.307311
v -21.955485 -2.283843 58.586657
v -22.027343 -1.400297 58.573315
v -22.141708 0.034982 58.552079
v -22.195349 1.731690 58.542119
v -22.085032 3.388648 58.562603
v -21.772298 4.943762 58.620671
v -21.315849 6.480920 58.705425
v -20.758191 7.907898 58.808971
v -20.141833 9.131044 58.923417
v -19.440460 10.086289 59.053648
v -18.643951 10.752737 59.201545
v -17.819103 11.107873 59.354703
v -17.032715 11.138446 59.500720
v -16.254930 10.788093 59.645139
v -15.466012 10.057278 59.791626
v -14.747939 9.035220 59.924958
v -14.182691 7.823041 60.029914
v -13.783930 6.463864 60.103956
v -13.510668 4.954853 60.154695
v -13.362904 3.341323 60.182132
v -13.340638 1.672788 60.186267
v -13.454497 -0.042748 60.165125
v -13.700939 -1.741850 60.119366
v -14.058711 -3.294250 60.052935
v -14.506557 -4.576828 59.969778
v -15.087999 -5.507409 59.861816
v -15.797975 -6.125592 59.729987
v -16.542361 -6.626203 59.591769
v -17.227035 -7.177791 59.464638
v -17.863635 -7.772202 59.346434
v -18.490114 -8.376809 59.230109
v -19.051820 -9.034433 59.125811
v -19.494100 -9.787897 59.043688
v -19.785074 -10.766687 58.989660
v -19.959658 -11.908608 58.957243
v -20.063397 -12.968964 58.937981
v -20.141833 -13.703056 58.923417
v -19.423300 -2.216061 51.161577
v -19.492349 -1.356153 51.146603
v -19.602245 0.044133 51.122770
v -19.653789 1.702663 51.111592
v -19.547783 3.326485 51.134581
v -19.247273 4.854410 51.199752
v -18.808664 6.366728 51.294871
v -18.272803 7.772735 51.411081
v -17.680535 8.980310 51.539523
v -17.006575 9.926073 51.685682
v -16.241198 10.588644 51.851666
v -15.448590 10.945248 52.023556
v -14.692938 10.982323 52.187431
v -13.945552 10.644747 52.349513
v -13.187469 9.932831 52.513916
v -12.497462 8.933309 52.663554
v -11.954307 7.744758 52.781346
v -11.571132 6.409742 52.864444
v -11.308550 4.926458 52.921389
v -11.166562 3.339986 52.952181
v -11.145166 1.699593 52.956821
v -11.254575 0.014293 52.933094
v -11.491385 -1.653151 52.881738
v -11.835173 -3.175241 52.807182
v -12.265515 -4.431589 52.713856
v -12.824231 -5.341767 52.592689
v -13.506457 -5.943793 52.444738
v -14.221749 -6.429546 52.289616
v -14.879663 -6.964764 52.146937
v -15.491381 -7.541534 52.014276
v -16.093374 -8.128197 51.883724
v -16.633126 -8.766304 51.766671
v -17.058119 -9.497406 51.674504
v -17.337720 -10.447147 51.613868
v -17.505481 -11.555177 51.577487
v -17.605164 -12.584063 51.555869
v -17.680535 -13.296369 51.539523
v -16.891665 -2.147646 43.739751
v -16.957927 -1.313274 43.723274
v -17.063387 0.046755 43.697050
v -17.112851 1.658846 43.684750
v -17.011124 3.238810 43.710046
v -16.722742 4.726982 43.781757
v -16.301836 6.200738 43.886423
v -15.787601 7.571700 44.014296
v -15.219237 8.750102 44.155630
v -14.572478 9.674047 44.316458
v -13.837991 10.322383 44.499101
v -13.077372 10.672673 44.688242
v -12.352218 10.711502 44.868564
v -11.634997 10.385279 45.046914
v -10.907509 9.694250 45.227816
v -10.245351 8.722535 45.392474
v -9.724117 7.565849 45.522088
v -9.356407 6.265721 45.613525
v -9.104423 4.820775 45.676185
v -8.968165 3.275136 45.710068
v -8.947633 1.677024 45.715174
v -9.052626 0.035666 45.689066
v -9.279879 -1.587641 45.632555
v -9.609791 -3.068906 45.550517
v -10.022765 -4.291096 45.447824
v -10.558931 -5.175996 45.314496
v -11.213623 -5.760293 45.151696
v -11.900047 -6.231049 44.981005
v -12.531407 -6.749744 44.824006
v -13.118436 -7.308707 44.678031
v -13.696133 -7.877258 44.534376
v -14.214101 -8.495665 44.405575
v -14.621942 -9.204196 44.304158
v -14.890258 -10.124616 44.237436
v -15.051248 -11.198439 44.197403
v -15.146908 -12.195560 44.173616
v -15.219237 -12.885875 44.155630
v -14.361698 -2.080027 36.320913
v -14.425239 -1.272378 36.303051
v -14.526369 0.043498 36.274623
v -14.573802 1.602698 36.261289
v -14.476252 3.130106 36.288711
v -14.199711 4.568099 36.366448
v -13.796086 5.991813 36.479908
v -13.302967 7.315864 36.618527
v -12.757939 8.453532 36.771736
v -12.137736 9.345080 36.946078
v -11.433407 9.970216 37.144068
v -10.704019 10.307374 37.349102
v -10.008639 10.343681 37.544576
v -9.320867 10.027313 37.737912
v -8.623250 9.358530 37.934015
v -7.988280 8.418776 38.112508
v -7.488448 7.300672 38.253013
v -7.135836 6.044313 38.352134
v -6.894198 4.648201 38.420059
v -6.763535 3.154876 38.456789
v -6.743846 1.610827 38.462324
v -6.844528 0.024770 38.434022
v -7.062449 -1.544138 38.372763
v -7.378816 -2.976003 38.283831
v -7.774833 -4.157638 38.172509
v -8.288984 -5.013413 38.027979
v -8.916795 -5.578930 37.851499
v -9.575034 -6.034864 37.666465
v -10.180471 -6.537228 37.496274
v -10.743397 -7.078592 37.338033
v -11.297374 -7.629242 37.182308
v -11.794073 -8.228178 37.042683
v -12.185169 -8.914402 36.932745
v -12.442468 -9.805842 36.860417
v -12.596848 -10.845855 36.817020
v -12.688580 -11.811582 36.791233
v -12.757939 -12.480162 36.771736
v -11.834439 -2.014593 28.904673
v -11.895368 -1.234104 28.885530
v -11.992338 0.035223 28.855062
v -12.037820 1.537118 28.840772
v -11.944282 3.005604 28.870161
v -11.679115 4.385505 28.953476
v -11.292091 5.750346 29.075077
v -10.819252 7.018252 29.223640
v -10.296641 8.106079 29.387842
v -9.701946 8.956791 29.574693
v -9.026585 9.551482 29.786888
v -8.327196 9.869894 30.006633
v -7.660417 9.900037 30.216132
v -7.000932 9.592008 30.423340
v -6.332007 8.946155 30.633513
v -5.723152 8.041250 30.824812
v -5.243878 6.966689 30.975398
v -4.905768 5.760819 31.081631
v -4.674069 4.421545 31.154429
v -4.548779 2.989316 31.193795
v -4.529900 1.508331 31.199727
v -4.626442 -0.013814 31.169394
v -4.835400 -1.520645 31.103740
v -5.138755 -2.896780 31.008427
v -5.518484 -4.033221 30.889118
v -6.011489 -4.857184 30.734218
v -6.613479 -5.403426 30.545076
v -7.244645 -5.845018 30.346766
v -7.825181 -6.331578 30.164364
v -8.364955 -6.855912 29.994770
v -8.896147 -7.389240 29.827871
v -9.372418 -7.969334 29.678229
v -9.747428 -8.633970 29.560403
v -9.994145 -9.497367 29.482886
v -10.142175 -10.504664 29.436375
v -10.230135 -11.440011 29.408738
v -10.296641 -12.087558 29.387842
v -9.310834 -1.952661 21.490536
v -9.369294 -1.199012 21.470194
v -9.462336 0.022921 21.437819
v -9.505975 1.465235 21.422635
v -9.416227 2.870915 21.453863
v -9.161803 4.187513 21.542393
v -8.790460 5.487514 21.671606
v -8.336780 6.692901 21.829469
v -7.835344 7.724459 22.003949
v -7.264744 8.528242 22.202495
v -6.616746 9.087140 22.427973
v -5.945694 9.382542 22.661473
v -5.305931 9.403599 22.884086
v -4.673166 9.102420 23.104263
v -4.031344 8.479494 23.327592
v -3.447158 7.610994 23.530866
v -2.987302 6.583063 23.690878
v -2.662892 5.432076 23.803760
v -2.440580 4.154961 23.881115
v -2.320367 2.789695 23.922945
v -2.302253 1.377779 23.929248
v -2.394883 -0.074803 23.897016
v -2.595375 -1.514643 23.827253
v -2.886439 -2.831117 23.725974
v -3.250783 -3.919590 23.599197
v -3.723813 -4.710278 23.434601
v -4.301411 -5.237316 23.233619
v -4.907005 -5.665333 23.022896
v -5.464019 -6.136935 22.829077
v -5.981923 -6.645150 22.648867
v -6.491593 -7.162082 22.471521
v -6.948567 -7.724344 22.312512
v -7.308383 -8.368548 22.187311
v -7.545103 -9.205403 22.104941
v -7.687136 -10.181734 22.055519
v -7.771532 -11.088326 22.026153
v -7.835344 -11.715967 22.003949
v -6.791716 -1.895453 14.077908
v -6.847885 -1.167594 14.056427
v -6.937281 0.007627 14.022241
v -6.979210 1.390209 14.006206
v -6.892978 2.731686 14.039183
v -6.648525 3.982496 14.132667
v -6.291734 5.214589 14.269111
v -5.855832 6.353979 14.435810
v -5.374046 7.325566 14.620055
v -4.825806 8.078723 14.829714
v -4.203202 8.598426 15.067811
v -3.558446 8.867942 15.314379
v -2.943753 8.877748 15.549451
v -2.335785 8.581978 15.781951
v -1.719114 7.981308 16.017779
v -1.157821 7.149442 16.232430
v -0.715985 6.169348 16.401397
v -0.404288 5.075297 16.520597
v -0.190688 3.862950 16.602282
v -0.075185 2.567572 16.646453
v -0.057781 1.227700 16.653108
v -0.146781 -0.152650 16.619073
v -0.339416 -1.523370 16.545405
v -0.619074 -2.778653 16.438458
v -0.969141 -3.818252 16.304585
v -1.423634 -4.575421 16.130777
v -1.978598 -5.083876 15.918547
v -2.560460 -5.499353 15.696030
v -3.095647 -5.957138 15.491364
v -3.593255 -6.450464 15.301067
v -4.082953 -6.952251 15.113797
v -4.522019 -7.498040 14.945888
v -4.867735 -8.123371 14.813679
v -5.095179 -8.935708 14.726700
v -5.231646 -9.883434 14.674512
v -5.312735 -10.763466 14.643502
v -5.374046 -11.372719 14.620055
v -4.277792 -1.844071 6.666121
v -4.331875 -1.140271 6.643536
v -4.417952 -0.009642 6.607590
v -4.458325 1.315066 6.590731
v -4.375295 2.593317 6.625404
v -4.139916 3.778460 6.723698
v -3.796370 4.942355 6.867162
v -3.376649 6.015054 7.042437
v -2.912748 6.925587 7.236162
v -2.384860 7.626731 7.456607
v -1.785368 8.105714 7.706954
v -1.164547 8.347817 7.966208
v -0.572673 8.344948 8.213374
v 0.012727 8.053212 8.457836
v 0.606506 7.473498 8.705797
v 1.146963 6.677240 8.931491
v 1.572396 5.744393 9.109152
v 1.872523 4.707090 9.234484
v 2.078194 3.559525 9.320372
v 2.189408 2.334141 9.366815
v 2.206167 1.066391 9.373813
v 2.120470 -0.241911 9.338027
v 1.934986 -1.544042 9.260569
v 1.665710 -2.738898 9.148119
v 1.328638 -3.730496 9.007359
v 0.891017 -4.455057 8.824608
v 0.356654 -4.946062 8.601459
v -0.203608 -5.350276 8.367495
v -0.718927 -5.795652 8.152298
v -1.198064 -6.275605 7.952211
v -1.669583 -6.763789 7.755305
v -2.092350 -7.294783 7.578758
v -2.425232 -7.903162 7.439747
v -2.644233 -8.693478 7.348293
v -2.775634 -9.615514 7.293420
v -2.853713 -10.471690 7.260814
v -2.912748 -11.064427 7.236162
v -1.769631 -1.799477 -0.745547
v -1.821858 -1.117399 -0.769233
v -1.904980 -0.027944 -0.806930
v -1.943966 1.242577 -0.824611
v -1.863787 2.460738 -0.788248
v -1.636489 3.582724 -0.685165
v -1.304737 4.680674 -0.534711
v -0.899425 5.688540 -0.350896
v -0.451450 6.539345 -0.147732
v 0.058315 7.189212 0.083454
v 0.637226 7.627684 0.345999
v 1.236734 7.842090 0.617885
v 1.808289 7.825811 0.877094
v 2.373591 7.536802 1.133467
v 2.946985 6.976184 1.393510
v 3.468888 6.213365 1.630201
v 3.879716 5.325538 1.816518
v 4.169539 4.342746 1.947957
v 4.368149 3.257602 2.038029
v 4.475545 2.099738 2.086735
v 4.491728 0.901533 2.094075
v 4.408974 -0.337516 2.056544
v 4.229857 -1.574015 1.975312
v 3.969826 -2.711302 1.857384
v 3.644326 -3.657392 1.709765
v 3.221729 -4.351307 1.518110
v 2.705711 -4.826455 1.284088
v 2.164683 -5.220894 1.038724
v 1.667055 -5.655500 0.813042
v 1.204368 -6.123846 0.603206
v 0.749036 -6.600226 0.396707
v 0.340783 -7.118379 0.211557
v 0.019329 -7.712046 0.065773
v -0.192154 -8.483250 -0.030137
v -0.319043 -9.382989 -0.087684
v -0.394442 -10.218461 -0.121878
v -0.451450 -10.796864 -0.147732
v 0.732341 -1.762475 -8.157853
v 0.681725 -1.099259 -8.182665
v 0.601168 -0.046431 -8.222153
v 0.563385 1.175182 -8.240675
v 0.641090 2.338286 -8.202584
v 0.861375 3.401722 -8.094602
v 1.182890 4.438219 -7.936996
v 1.575695 5.385363 -7.744445
v 2.009848 6.179891 -7.531626
v 2.503884 6.781096 -7.289452
v 3.064932 7.180802 -7.014429
v 3.645941 7.368335 -6.729621
v 4.199861 7.338529 -6.458093
v 4.747720 7.051012 -6.189535
v 5.303422 6.507142 -5.917133
v 5.809220 5.774596 -5.669193
v 6.207372 4.928126 -5.474021
v 6.488253 3.995806 -5.336335
v 6.680734 2.968632 -5.241981
v 6.784817 1.873542 -5.190961
v 6.800500 0.739970 -5.183273
v 6.720300 -0.434916 -5.222587
v 6.546710 -1.610875 -5.307679
v 6.294702 -2.695287 -5.431213
v 5.979246 -3.599781 -5.585847
v 5.569688 -4.265929 -5.786611
v 5.069592 -4.727211 -6.031755
v 4.545258 -5.113539 -6.288781
v 4.062985 -5.539209 -6.525189
v 3.614574 -5.997924 -6.744997
v 3.173292 -6.464508 -6.961311
v 2.777636 -6.972007 -7.155260
v 2.466101 -7.553466 -7.307973
v 2.261143 -8.308813 -7.408442
v 2.138169 -9.190051 -7.468723
v 2.065097 -10.008343 -7.504543
v 2.009848 -10.574853 -7.531626
v 3.227846 -1.733696 -15.571561
v 3.178586 -1.086052 -15.597554
v 3.100186 -0.064365 -15.638923
v 3.063414 1.114957 -15.658326
v 3.139039 2.229641 -15.618422
v 3.353425 3.240920 -15.505298
v 3.666331 4.222369 -15.340190
v 4.048618 5.114824 -15.138471
v 4.471146 5.858346 -14.915519
v 4.951953 6.415119 -14.661816
v 5.497978 6.779123 -14.373699
v 6.063430 6.941566 -14.075332
v 6.602517 6.898653 -13.790876
v 7.135707 6.611466 -13.509532
v 7.676528 6.081597 -13.224161
v 8.168784 5.375317 -12.964417
v 8.556274 4.565323 -12.759953
v 8.829634 3.677905 -12.615711
v 9.016961 2.702470 -12.516866
v 9.118257 1.663472 -12.463416
v 9.133521 0.587630 -12.455362
v 9.055467 -0.530134 -12.496547
v 8.886526 -1.652456 -12.585692
v 8.641265 -2.690241 -12.715106
v 8.334256 -3.558253 -12.877103
v 7.935665 -4.200287 -13.087425
v 7.448960 -4.650020 -13.344240
v 6.938666 -5.030040 -13.613503
v 6.469306 -5.448758 -13.861166
v 6.032903 -5.899983 -14.091440
v 5.603437 -6.358948 -14.318053
v 5.218375 -6.858160 -14.521235
v 4.915182 -7.430125 -14.681219
v 4.715712 -8.173137 -14.786471
v 4.596031 -9.039985 -14.849622
v 4.524916 -9.844915 -14.887147
v 4.471146 -10.402174 -14.915519
v 5.716759 -1.713583 -22.987420
v 5.668593 -1.077890 -23.014680
v 5.591934 -0.081109 -23.058064
v 5.555979 1.063628 -23.078412
v 5.629924 2.137846 -23.036564
v 5.839549 3.104839 -22.917929
v 6.145505 4.039232 -22.744775
v 6.519301 4.884633 -22.533228
v 6.932444 5.583945 -22.299413
v 7.402572 6.101870 -22.033348
v 7.936469 6.434354 -21.731193
v 8.489361 6.574301 -21.418288
v 9.016475 6.519166 -21.119972
v 9.537821 6.231226 -20.824920
v 10.066631 5.712295 -20.525645
v 10.547952 5.027593 -20.253244
v 10.926836 4.248192 -20.038818
v 11.194124 3.398837 -19.887549
v 11.377291 2.467435 -19.783887
v 11.476336 1.476243 -19.727833
v 11.491261 0.449579 -19.719386
v 11.414942 -0.619722 -19.762578
v 11.249752 -1.696805 -19.856066
v 11.009940 -2.695492 -19.991786
v 10.709750 -3.533118 -20.161676
v 10.320011 -4.155319 -20.382246
v 9.844117 -4.596075 -20.651574
v 9.345157 -4.971687 -20.933957
v 8.886223 -5.385548 -21.193687
v 8.459512 -5.831538 -21.435181
v 8.039585 -6.285179 -21.672835
v 7.663076 -6.778599 -21.885918
v 7.366617 -7.343929 -22.053696
v 7.171578 -8.078322 -22.164077
v 7.054555 -8.935113 -22.230305
v 6.985019 -9.730706 -22.269658
v 6.932444 -10.281500 -22.299413
v 8.199103 -1.702391 -30.406137
v 8.151771 -1.074788 -30.434776
v 8.076440 -0.096105 -30.480357
v 8.041107 1.022598 -30.501735
v 8.113772 2.065357 -30.457768
v 8.319767 2.997136 -30.333128
v 8.620427 3.893762 -30.151211
v 8.987751 4.701062 -29.928956
v 9.393742 5.364218 -29.683307
v 9.855731 5.850010 -29.403775
v 10.380385 6.156089 -29.086326
v 10.923705 6.276826 -28.757583
v 11.441693 6.210760 -28.444169
v 11.954014 5.921076 -28.134182
v 12.473669 5.409786 -27.819759
v 12.946657 4.741439 -27.533571
v 13.318982 3.985944 -27.308292
v 13.581642 3.166787 -27.149366
v 13.761638 2.270511 -27.040457
v 13.858969 1.317529 -26.981566
v 13.873635 0.330147 -26.972692
v 13.798637 -0.700660 -27.018070
v 13.636308 -1.742106 -27.116290
v 13.400647 -2.710251 -27.258880
v 13.105654 -3.524371 -27.437369
v 12.722663 -4.131514 -27.669102
v 12.255007 -4.566055 -27.952063
v 11.764685 -4.939213 -28.248738
v 11.313696 -5.350371 -28.521615
v 10.894373 -5.793448 -28.775331
v 10.481716 -6.244126 -29.025015
v 10.111725 -6.734323 -29.248882
v 9.820398 -7.295960 -29.425153
v 9.628736 -8.025556 -29.541120
v 9.513739 -8.876752 -29.610701
v 9.445407 -9.667147 -29.652046
v 9.393742 -10.214344 -29.683307
v 10.675046 -1.700173 -37.828356
v 10.628294 -1.076655 -37.858513
v 10.553886 -0.108857 -37.906510
v 10.518987 0.992997 -37.929022
v 10.590761 2.014126 -37.882724
v 10.794231 2.920722 -37.751475
v 11.091204 3.789918 -37.559912
v 11.454026 4.569145 -37.325874
v 11.855040 5.205238 -37.067200
v 12.311365 5.666550 -36.772847
v 12.829588 5.952133 -36.438568
v 13.366248 6.057537 -36.092395
v 13.877885 5.982192 -35.762363
v 14.383926 5.689879 -35.435941
v 14.897210 5.182782 -35.104847
v 15.364401 4.525160 -34.803486
v 15.732161 3.786255 -34.566262
v 15.991601 2.988610 -34.398910
v 16.169391 2.117590 -34.284227
v 16.265528 1.192172 -34.222213
v 16.280015 0.233095 -34.212869
v 16.205936 -0.770235 -34.260653
v 16.045597 -1.786603 -34.364080
v 15.812824 -2.733564 -34.514230
v 15.521448 -3.531666 -34.702183
v 15.143152 -4.128899 -34.946203
v 14.681229 -4.560107 -35.244166
v 14.196918 -4.932779 -35.556571
v 13.751458 -5.343401 -35.843915
v 13.337275 -5.785901 -36.111084
v 12.929676 -6.235992 -36.374006
v 12.564221 -6.725551 -36.609743
v 12.276466 -7.286456 -36.795359
v 12.087153 -8.015102 -36.917475
v 11.973566 -8.865188 -36.990745
v 11.906072 -9.654554 -37.034282
v 11.855040 -10.201038 -37.067200
v 13.144892 -1.706789 -45.254630
v 13.098479 -1.083288 -45.286466
v 13.024610 -0.118909 -45.337136
v 12.989963 0.975724 -45.360901
v 13.061217 1.985668 -45.312025
v 13.263213 2.877871 -45.173469
v 13.558036 3.730812 -44.971240
v 13.918229 4.492867 -44.724171
v 14.316337 5.111846 -44.451094
v 14.769357 5.557123 -44.140352
v 15.283826 5.828789 -43.787460
v 15.816598 5.923256 -43.422012
v 16.324529 5.840616 -43.073604
v 16.826904 5.544917 -42.729008
v 17.336470 5.038484 -42.379478
v 17.800276 4.385672 -42.061338
v 18.165372 3.655561 -41.810905
v 18.422933 2.870098 -41.634235
v 18.599434 2.013700 -41.513167
v 18.694876 1.104364 -41.447700
v 18.709257 0.161757 -41.437835
v 18.635715 -0.825937 -41.488280
v 18.476537 -1.828522 -41.597466
v 18.245451 -2.764272 -41.755976
v 17.956185 -3.554296 -41.954394
v 17.580630 -4.147034 -42.212000
v 17.122053 -4.577851 -42.526554
v 16.641251 -4.951973 -42.856354
v 16.199017 -5.364193 -43.159697
v 15.787835 -5.808415 -43.441742
v 15.383189 -6.260257 -43.719303
v 15.020381 -6.751721 -43.968165
v 14.734711 -7.314808 -44.164117
v 14.546770 -8.046289 -44.293032
v 14.434005 -8.899684 -44.370382
v 14.367000 -9.692121 -44.416343
v 14.316337 -10.240732 -44.451094
v 15.609073 -1.721902 -52.685407
v 15.562774 -1.094370 -52.719101
v 15.489087 -0.125835 -52.772726
v 15.454525 0.971471 -52.797878
v 15.525604 1.981113 -52.746151
v 15.727103 2.870285 -52.599510
v 16.021200 3.718801 -52.385482
v 16.380507 4.475281 -52.123997
v 16.777635 5.087791 -51.834988
v 17.229540 5.526136 -51.506115
v 17.742743 5.791042 -51.132633
v 18.274204 5.879425 -50.745863
v 18.780885 5.791782 -50.377127
v 19.282023 5.492093 -50.012424
v 19.790335 4.982784 -49.642502
v 20.253000 4.328686 -49.305798
v 20.617197 3.599227 -49.040754
v 20.874124 2.816134 -48.853776
v 21.050191 1.963138 -48.725644
v 21.145398 1.057754 -48.656357
v 21.159744 0.119123 -48.645917
v 21.086383 -0.865397 -48.699305
v 20.927597 -1.866042 -48.814862
v 20.697079 -2.800992 -48.982620
v 20.408525 -3.591189 -49.192615
v 20.033894 -4.185018 -49.465252
v 19.576446 -4.618387 -49.798159
v 19.096827 -4.995822 -50.147200
v 18.655682 -5.411692 -50.468243
v 18.245511 -5.859848 -50.766744
v 17.841862 -6.315691 -51.060499
v 17.479946 -6.811506 -51.323882
v 17.194979 -7.379580 -51.531267
v 17.007500 -8.117538 -51.667704
v 16.895013 -8.978489 -51.749566
v 16.828173 -9.777944 -51.798209
v 16.777635 -10.331412 -51.834988
v 18.068135 -1.744992 -60.121005
v 18.021747 -1.109481 -60.156748
v 17.947919 -0.129240 -60.213634
v 17.913291 0.980727 -60.240315
v 17.984506 2.001203 -60.185443
v 18.186391 2.899101 -60.029887
v 18.481050 3.755492 -59.802845
v 18.841045 4.518511 -59.525463
v 19.238933 5.135739 -59.218881
v 19.691703 5.576781 -58.870013
v 20.205887 5.842557 -58.473824
v 20.738365 5.930101 -58.063539
v 21.246016 5.840033 -57.672383
v 21.748114 5.535925 -57.285507
v 22.257398 5.020257 -56.893093
v 22.720948 4.358702 -56.535919
v 23.085842 3.621543 -56.254760
v 23.343261 2.830676 -56.056414
v 23.519665 1.969456 -55.920491
v 23.615054 1.055444 -55.846992
v 23.629427 0.107830 -55.835917
v 23.555926 -0.886406 -55.892552
v 23.396836 -1.897304 -56.015134
v 23.165877 -2.842133 -56.193092
v 22.876771 -3.640931 -56.415854
v 22.501423 -4.241506 -56.705067
v 22.043100 -4.680318 -57.058214
v 21.562563 -5.062814 -57.428478
v 21.120574 -5.484260 -57.769040
v 20.709618 -5.938426 -58.085689
v 20.305196 -6.400381 -58.397304
v 19.942588 -6.902845 -58.676701
v 19.657075 -7.478537 -58.896694
v 19.469238 -8.226390 -59.041427
v 19.356536 -9.098886 -59.128266
v 19.289568 -9.909061 -59.179867
v 19.238933 -10.469951 -59.218881
v 20.522723 -1.775362 -67.561602
v 20.476070 -1.128103 -67.599591
v 20.401818 -0.128779 -67.660053
v 20.366993 1.003745 -67.688411
v 20.438616 2.046248 -67.630090
v 20.641657 2.964817 -67.464756
v 20.938005 3.841639 -67.223444
v 21.300062 4.623624 -66.928626
v 21.700231 5.257109 -66.602775
v 22.155595 5.710845 -66.231979
v 22.672726 5.985476 -65.810887
v 23.208256 6.077737 -65.374813
v 23.718816 5.988073 -64.959071
v 24.223791 5.679304 -64.547878
v 24.735993 5.153919 -64.130799
v 25.202200 4.478776 -63.751174
v 25.569185 3.725504 -63.452343
v 25.828079 2.916570 -63.241529
v 26.005494 2.035292 -63.097063
v 26.101429 1.099832 -63.018944
v 26.115885 0.130040 -63.007173
v 26.041962 -0.886999 -63.067367
v 25.881961 -1.920483 -63.197654
v 25.649679 -2.885949 -63.386798
v 25.358916 -3.701797 -63.623562
v 24.981417 -4.314744 -63.930954
v 24.520467 -4.761775 -64.306298
v 24.037177 -5.150928 -64.699835
v 23.592654 -5.579710 -65.061803
v 23.179344 -6.041779 -65.398355
v 22.772604 -6.511775 -65.729557
v 22.407918 -7.022984 -66.026516
v 22.120770 -7.608695 -66.260337
v 21.931856 -8.369565 -66.414166
v 21.818507 -9.257246 -66.506464
v 21.751156 -10.081521 -66.561308
v 21.700231 -10.652173 -66.602775
v 22.973568 -1.812156 -75.007220
v 22.926501 -1.149640 -75.047655
v 22.851590 -0.124187 -75.112009
v 22.816455 1.040488 -75.142192
v 22.888714 2.116028 -75.080116
v 23.093558 3.067150 -74.904140
v 23.392536 3.976955 -74.647293
v 23.757808 4.790384 -74.333497
v 24.161529 5.451771 -73.986669
v 24.620936 5.928357 -73.592002
v 25.142657 6.220014 -73.143803
v 25.682941 6.322744 -72.679657
v 26.198033 6.236503 -72.237152
v 26.707491 5.923031 -71.799488
v 27.224240 5.384768 -71.355560
v 27.694585 4.690076 -70.951497
v 28.064829 3.912392 -70.633429
v 28.326021 3.075164 -70.409044
v 28.505011 2.162038 -70.255278
v 28.601797 1.192348 -70.172131
v 28.616382 0.187221 -70.159602
v 28.541803 -0.865634 -70.223671
v 28.380381 -1.933914 -70.362345
v 28.146037 -2.930623 -70.563665
v 27.852693 -3.771814 -70.815670
v 27.471843 -4.402606 -71.142850
v 27.006801 -4.860463 -71.542357
v 26.519220 -5.257681 -71.961228
v 26.070752 -5.695349 -72.346497
v 25.653772 -6.166995 -72.704715
v 25.243422 -6.646731 -73.057238
v 24.875499 -7.168535 -73.373313
v 24.585801 -7.766385 -73.622186
v 24.395210 -8.543023 -73.785919
v 24.280855 -9.449102 -73.884158
v 24.212906 -10.290460 -73.942532
v 24.161529 -10.872939 -73.986669
v 25.421465 -1.854376 -82.457718
v 25.373866 -1.173440 -82.500791
v 25.298111 -0.115317 -82.569345
v 25.262579 1.090552 -82.601499
v 25.335653 2.209669 -82.535372
v 25.542808 3.204844 -82.347910
v 25.845159 4.159835 -82.074301
v 26.214551 5.016898 -81.740025
v 26.622827 5.717627 -81.370562
v 27.087416 6.227100 -80.950139
v 27.615023 6.543911 -80.472688
v 28.161401 6.662897 -79.978251
v 28.682305 6.583201 -79.506867
v 29.197509 6.265172 -79.040640
v 29.720088 5.711147 -78.567740
v 30.195739 4.991268 -78.137306
v 30.570159 4.181210 -77.798480
v 30.834298 3.305801 -77.559452
v 31.015307 2.349397 -77.395650
v 31.113186 1.333069 -77.307076
v 31.127934 0.279844 -77.293729
v 31.052514 -0.821413 -77.361980
v 30.889271 -1.936250 -77.509704
v 30.652284 -2.974379 -77.724163
v 30.355630 -3.848833 -77.992615
v 29.970484 -4.502650 -78.341148
v 29.500196 -4.973701 -78.766728
v 29.007115 -5.380174 -79.212935
v 28.553587 -5.828039 -79.623348
v 28.131904 -6.310673 -80.004945
v 27.716924 -6.801586 -80.380474
v 27.344851 -7.335547 -80.717177
v 27.051885 -7.947326 -80.982293
v 26.859144 -8.742058 -81.156711
v 26.743499 -9.669246 -81.261361
v 26.674783 -10.530207 -81.323545
v 26.622827 -11.126256 -81.370562
v 27.867256 -1.900900 -89.912789
v 27.819043 -1.198817 -89.958683
v 27.742310 -0.102192 -90.031725
v 27.706320 1.153077 -90.065984
v 27.780337 2.325488 -89.995527
v 27.990165 3.375446 -89.795792
v 28.296419 4.387065 -89.504270
v 28.670579 5.299243 -89.148108
v 29.084125 6.050143 -88.754456
v 29.554711 6.602061 -88.306507
v 30.089128 6.951821 -87.797797
v 30.642559 7.092669 -87.270988
v 31.170186 7.022622 -86.768742
v 31.692040 6.700355 -86.271991
v 32.221365 6.128043 -85.768129
v 32.703155 5.377845 -85.309514
v 33.082408 4.528051 -84.948505
v 33.349956 3.605247 -84.693827
v 33.533301 2.594884 -84.519301
v 33.632444 1.520314 -84.424928
v 33.647383 0.407056 -84.410708
v 33.570989 -0.754339 -84.483427
v 33.405639 -1.926655 -84.640823
v 33.165592 -3.015611 -84.869322
v 32.865110 -3.930610 -85.155350
v 32.474992 -4.612174 -85.526702
v 31.998634 -5.098486 -85.980145
v 31.499188 -5.515156 -86.455566
v 31.039807 -5.974258 -86.892850
v 30.612680 -6.469001 -87.299430
v 30.192345 -6.972230 -87.699546
v 29.815468 -7.519588 -88.058293
v 29.518721 -8.146715 -88.340766
v 29.323492 -8.961387 -88.526603
v 29.206355 -9.911837 -88.638106
v 29.136752 -10.794398 -88.704361
v 29.084125 -11.405401 -88.754456
v 30.311812 -1.950510 -97.371960
v 30.262936 -1.225076 -97.420837
v 30.185147 -0.085044 -97.498626
v 30.148661 1.226667 -97.535111
v 30.223697 2.460870 -97.460075
v 30.436412 3.575110 -97.247360
v 30.746880 4.653541 -96.936892
v 31.126188 5.631104 -96.557584
v 31.545423 6.441914 -96.138350
v 32.022483 7.044929 -95.661289
v 32.564253 7.434743 -95.119519
v 33.125298 7.602617 -94.558474
v 33.660184 7.545152 -94.023589
v 34.189218 7.219101 -93.494554
v 34.725825 6.626426 -92.957947
v 35.214244 5.841486 -92.469528
v 35.598715 4.945501 -92.085058
v 35.869944 3.967154 -91.813829
v 36.055811 2.893358 -91.627961
v 36.156318 1.750240 -91.527455
v 36.171462 0.566354 -91.512310
v 36.094017 -0.665564 -91.589755
v 35.926392 -1.904977 -91.757380
v 35.683043 -3.053007 -92.000729
v 35.378427 -4.014901 -92.305345
v 34.982942 -4.728284 -92.700830
v 34.500030 -5.231545 -93.183742
v 33.993713 -5.659090 -93.690059
v 33.528011 -6.130173 -94.155761
v 33.095008 -6.637828 -94.588764
v 32.668889 -7.154191 -95.014883
v 32.286828 -7.715833 -95.396944
v 31.985998 -8.359327 -95.697774
v 31.788083 -9.195260 -95.895689
v 31.669334 -10.170514 -96.014438
v 31.598773 -11.076108 -96.084999
v 31.545423 -11.703058 -96.138350
vt 0.24804688 1.02688918
vt 0.24804688 1.02501788
vt 0.24804688 1.02207365
vt 0.24804688 1.01869336
vt 0.24804688 1.01550133
vt 0.24804688 1.01254219
vt 0.24804688 1.00957836
vt 0.24804688 1.00676565
vt 0.24804688 1.00426297
vt 0.24804688 1.00206099
vt 0.24804688 1.00002999
vt 0.24804688 0.99815543
vt 0.24804688 0.99641290
vt 0.24804688 0.99450295
vt 0.24804688 0.99218812
vt 0.24804688 0.98961834
vt 0.24804688 0.98699155
vt 0.24804688 0.98431638
vt 0.24804688 0.98147781
vt 0.24804688 0.97850663
vt 0.24804688 0.97544788
vt 0.24804688 0.97225692
vt 0.24804688 0.96901240
vt 0.24804688 0.96594753
vt 0.24804688 0.96327765
vt 0.24804688 0.96103564
vt 0.24804688 0.95900267
vt 0.24804688 0.95702593
vt 0.24804688 0.95508967
vt 0.24804688 0.95317260
vt 0.24804688 0.95125648
vt 0.24804688 0.94935444
vt 0.24804688 0.94743534
vt 0.24804688 0.94519529
vt 0.24804688 0.94266223
vt 0.24804688 0.94032625
vt 0.24804688 0.93870753
vt 0.26325013 1.02807350
vt 0.26325013 1.02621563
vt 0.26325013 1.02326739
vt 0.26325013 1.01985773
vt 0.26325013 1.01660584
vt 0.26325013 1.01356527
vt 0.26325013 1.01051199
vt 0.26325013 1.00760919
vt 0.26325013 1.00502369
vt 0.26325013 1.00276149
vt 0.26325013 1.00070597
vt 0.26325013 0.99884122
vt 0.26325013 0.99713177
vt 0.26325013 0.99526164
vt 0.26325013 0.99297300
vt 0.26325013 0.99040291
vt 0.26325013 0.98774293
vt 0.26325013 0.98500399
vt 0.26325013 0.98208066
vt 0.26325013 0.97901224
vt 0.26325013 0.97585298
vt 0.26325013 0.97256918
vt 0.26325013 0.96924771
vt 0.26325013 0.96612614
vt 0.26325013 0.96342304
vt 0.26325013 0.96117675
vt 0.26325013 0.95916837
vt 0.26325013 0.95722522
vt 0.26325013 0.95532188
vt 0.26325013 0.95343740
vt 0.26325013 0.95155385
vt 0.26325013 0.94968414
vt 0.26325013 0.94779767
vt 0.26325013 0.94559569
vt 0.26325013 0.94310569
vt 0.26325013 0.94080942
vt 0.26325013 0.93921822
vt 0.27845339 1.02884255
vt 0.27845339 1.02700579
vt 0.27845339 1.02406870
vt 0.27845339 1.02065007
vt 0.27845339 1.01736149
vt 0.27845339 1.01426389
vt 0.27845339 1.01114615
vt 0.27845339 1.00817703
vt 0.27845339 1.00552930
vt 0.27845339 1.00322203
vt 0.27845339 1.00115125
vt 0.27845339 0.99930134
vt 0.27845339 0.99762822
vt 0.27845339 0.99580247
vt 0.27845339 0.99354828
vt 0.27845339 0.99099032
vt 0.27845339 0.98831374
vt 0.27845339 0.98553170
vt 0.27845339 0.98254784
vt 0.27845339 0.97940876
vt 0.27845339 0.97617646
vt 0.27845339 0.97282697
vt 0.27845339 0.96945397
vt 0.27845339 0.96629765
vt 0.27845339 0.96357837
vt 0.27845339 0.96133917
vt 0.27845339 0.95936244
vt 0.27845339 0.95745865
vt 0.27845339 0.95559386
vt 0.27845339 0.95374755
vt 0.27845339 0.95190215
vt 0.27845339 0.95007031
vt 0.27845339 0.94822204
vt 0.27845339 0.94606467
vt 0.27845339 0.94362510
vt 0.27845339 0.94137534
vt 0.27845339 0.93981637
vt 0.29365665 1.02914224
vt 0.29365665 1.02733401
vt 0.29365665 1.02442361
vt 0.29365665 1.02101775
vt 0.29365665 1.01771797
vt 0.29365665 1.01459088
vt 0.29365665 1.01143731
vt 0.29365665 1.00842954
vt 0.29365665 1.00574417
vt 0.29365665 1.00341078
vt 0.29365665 1.00133683
vt 0.29365665 0.99950796
vt 0.29365665 0.99787403
vt 0.29365665 0.99609610
vt 0.29365665 0.99388399
vt 0.29365665 0.99135105
vt 0.29365665 0.98867606
vt 0.29365665 0.98587420
vt 0.29365665 0.98285728
vt 0.29365665 0.97967770
vt 0.29365665 0.97640351
vt 0.29365665 0.97301895
vt 0.29365665 0.96962278
vt 0.29365665 0.96645598
vt 0.29365665 0.96373908
vt 0.29365665 0.96151883
vt 0.29365665 0.95958021
vt 0.29365665 0.95772059
vt 0.29365665 0.95589905
vt 0.29365665 0.95409558
vt 0.29365665 0.95229298
vt 0.29365665 0.95050364
vt 0.29365665 0.94869825
vt 0.29365665 0.94659092
vt 0.29365665 0.94420795
vt 0.29365665 0.94201038
vt 0.29365665 0.94048757
vt 0.30885991 1.02894604
vt 0.30885991 1.02717319
vt 0.30885991 1.02430474
vt 0.30885991 1.02093354
vt 0.30885991 1.01764897
vt 0.30885991 1.01452145
vt 0.30885991 1.01136253
vt 0.30885991 1.00834594
vt 0.30885991 1.00564990
vt 0.30885991 1.00331176
vt 0.30885991 1.00124869
vt 0.30885991 0.99944800
vt 0.30885991 0.99785578
vt 0.30885991 0.99612799
vt 0.30885991 0.99396472
vt 0.30885991 0.99146949
vt 0.30885991 0.98881493
vt 0.30885991 0.98601775
vt 0.30885991 0.98299684
vt 0.30885991 0.97980870
vt 0.30885991 0.97652559
vt 0.30885991 0.97313821
vt 0.30885991 0.96974857
vt 0.30885991 0.96659646
vt 0.30885991 0.96390100
vt 0.30885991 0.96171150
vt 0.30885991 0.95981665
vt 0.30885991 0.95800497
vt 0.30885991 0.95623040
vt 0.30885991 0.95447343
vt 0.30885991 0.95271731
vt 0.30885991 0.95097410
vt 0.30885991 0.94921527
vt 0.30885991 0.94716227
vt 0.30885991 0.94484074
vt 0.30885991 0.94269984
vt 0.30885991 0.94121630
vt 0.32406316 1.02825642
vt 0.32406316 1.02652496
vt 0.32406316 1.02371266
vt 0.32406316 1.02039710
vt 0.32406316 1.01715358
vt 0.32406316 1.01405455
vt 0.32406316 1.01092083
vt 0.32406316 1.00792556
vt 0.32406316 1.00524641
vt 0.32406316 1.00292579
vt 0.32406316 1.00088853
vt 0.32406316 0.99912357
vt 0.32406316 0.99757514
vt 0.32406316 0.99589876
vt 0.32406316 0.99378999
vt 0.32406316 0.99134438
vt 0.32406316 0.98872863
vt 0.32406316 0.98596047
vt 0.32406316 0.98296454
vt 0.32406316 0.97979973
vt 0.32406316 0.97654058
vt 0.32406316 0.97318244
vt 0.32406316 0.96982865
vt 0.32406316 0.96671597
vt 0.32406316 0.96406047
vt 0.32406316 0.96191285
vt 0.32406316 0.96006645
vt 0.32406316 0.95830543
vt 0.32406316 0.95658049
vt 0.32406316 0.95487264
vt 0.32406316 0.95316563
vt 0.32406316 0.95147117
vt 0.32406316 0.94976151
vt 0.32406316 0.94776593
vt 0.32406316 0.94550932
vt 0.32406316 0.94342827
vt 0.32406316 0.94198622
vt 0.33926642 1.02710363
vt 0.33926642 1.02541853
vt 0.33926642 1.02267489
vt 0.33926642 1.01943396
vt 0.33926642 1.01625544
vt 0.33926642 1.01321207
vt 0.33926642 1.01013246
vt 0.33926642 1.00718718
vt 0.33926642 1.00455138
vt 0.33926642 1.00226990
vt 0.33926642 1.00027312
vt 0.33926642 0.99855118
vt 0.33926642 0.99704808
vt 0.33926642 0.99542335
vt 0.33926642 0.99337347
vt 0.33926642 0.99098799
vt 0.33926642 0.98842803
vt 0.33926642 0.98571171
vt 0.33926642 0.98276806
vt 0.33926642 0.97965667
vt 0.33926642 0.97645250
vt 0.33926642 0.97315373
vt 0.33926642 0.96986319
vt 0.33926642 0.96681289
vt 0.33926642 0.96421439
vt 0.33926642 0.96211857
vt 0.33926642 0.96032416
vt 0.33926642 0.95861541
vt 0.33926642 0.95694166
vt 0.33926642 0.95528450
vt 0.33926642 0.95362816
vt 0.33926642 0.95198398
vt 0.33926642 0.95032507
vt 0.33926642 0.94838871
vt 0.33926642 0.94619907
vt 0.33926642 0.94417979
vt 0.33926642 0.94278053
vt 0.35446968 1.02554235
vt 0.35446968 1.02390730
vt 0.35446968 1.02124258
vt 0.35446968 1.01809240
vt 0.35446968 1.01499979
vt 0.35446968 1.01203617
vt 0.35446968 1.00903640
vt 0.35446968 1.00616682
vt 0.35446968 1.00359822
vt 0.35446968 1.00137548
vt 0.35446968 0.99943245
vt 0.35446968 0.99775995
vt 0.35446968 0.99630296
vt 0.35446968 0.99472913
vt 0.35446968 0.99274109
vt 0.35446968 0.99042438
vt 0.35446968 0.98793489
vt 0.35446968 0.98529056
vt 0.35446968 0.98242347
vt 0.35446968 0.97939229
vt 0.35446968 0.97627071
vt 0.35446968 0.97305801
vt 0.35446968 0.96985487
vt 0.35446968 0.96688701
vt 0.35446968 0.96436019
vt 0.35446968 0.96232440
vt 0.35446968 0.96058429
vt 0.35446968 0.95892829
vt 0.35446968 0.95730622
vt 0.35446968 0.95570022
vt 0.35446968 0.95409501
vt 0.35446968 0.95250159
vt 0.35446968 0.95089389
vt 0.35446968 0.94901731
vt 0.35446968 0.94689527
vt 0.35446968 0.94493834
vt 0.35446968 0.94358228
vt 0.36967294 1.02364658
vt 0.36967294 1.02206390
vt 0.36967294 1.01948567
vt 0.36967294 1.01643884
vt 0.36967294 1.01344908
vt 0.36967294 1.01058513
vt 0.36967294 1.00768663
vt 0.36967294 1.00491423
vt 0.36967294 1.00243285
vt 0.36967294 1.00028533
vt 0.36967294 0.99840702
vt 0.36967294 0.99678886
vt 0.36967294 0.99537787
vt 0.36967294 0.99385326
vt 0.36967294 0.99192847
vt 0.36967294 0.98968688
vt 0.36967294 0.98727961
vt 0.36967294 0.98472386
vt 0.36967294 0.98195345
vt 0.36967294 0.97902481
vt 0.36967294 0.97600882
vt 0.36967294 0.97290435
vt 0.36967294 0.96980841
vt 0.36967294 0.96693925
vt 0.36967294 0.96449582
vt 0.36967294 0.96252622
vt 0.36967294 0.96084139
vt 0.36967294 0.95923753
vt 0.36967294 0.95766652
vt 0.36967294 0.95611109
vt 0.36967294 0.95455642
vt 0.36967294 0.95301317
vt 0.36967294 0.95145609
vt 0.36967294 0.94963860
vt 0.36967294 0.94758337
vt 0.36967294 0.94568805
vt 0.36967294 0.94437468
vt 0.38487620 1.02150360
vt 0.38487620 1.01997411
vt 0.38487620 1.01748702
vt 0.38487620 1.01455216
vt 0.38487620 1.01167764
vt 0.38487620 1.00892840
vt 0.38487620 1.00614747
vt 0.38487620 1.00348866
vt 0.38487620 1.00110989
vt 0.38487620 0.99905013
vt 0.38487620 0.99724453
vt 0.38487620 0.99568367
vt 0.38487620 0.99431753
vt 0.38487620 0.99283960
vt 0.38487620 0.99097786
vt 0.38487620 0.98881524
vt 0.38487620 0.98649851
vt 0.38487620 0.98404371
vt 0.38487620 0.98138530
vt 0.38487620 0.97857624
vt 0.38487620 0.97568343
vt 0.38487620 0.97270393
vt 0.38487620 0.96972999
vt 0.38487620 0.96697142
vt 0.38487620 0.96461965
vt 0.38487620 0.96272011
vt 0.38487620 0.96109018
vt 0.38487620 0.95953678
vt 0.38487620 0.95801519
vt 0.38487620 0.95650869
vt 0.38487620 0.95500293
vt 0.38487620 0.95350823
vt 0.38487620 0.95200013
vt 0.38487620 0.95023981
vt 0.38487620 0.94824924
vt 0.38487620 0.94641353
vt 0.38487620 0.94514149
vt 0.40007945 1.01920757
vt 0.40007945 1.01773064
vt 0.40007945 1.01533631
vt 0.40007945 1.01251785
vt 0.40007945 1.00976612
vt 0.40007945 1.00714137
vt 0.40007945 1.00448874
vt 0.40007945 1.00195444
vt 0.40007945 0.99968852
vt 0.40007945 0.99772467
vt 0.40007945 0.99599638
vt 0.40007945 0.99449360
vt 0.40007945 0.99317005
vt 0.40007945 0.99173547
vt 0.40007945 0.98993502
vt 0.40007945 0.98785256
vt 0.40007945 0.98563109
vt 0.40007945 0.98328511
vt 0.40007945 0.98074874
vt 0.40007945 0.97807064
vt 0.40007945 0.97531274
vt 0.40007945 0.97246921
vt 0.40007945 0.96962663
vt 0.40007945 0.96698589
vt 0.40007945 0.96473041
vt 0.40007945 0.96290240
vt 0.40007945 0.96132566
vt 0.40007945 0.95982001
vt 0.40007945 0.95834520
vt 0.40007945 0.95688501
vt 0.40007945 0.95542553
vt 0.40007945 0.95397678
vt 0.40007945 0.95251505
vt 0.40007945 0.95080884
vt 0.40007945 0.94887946
vt 0.40007945 0.94710019
vt 0.40007945 0.94586725
vt 0.41528271 1.01685355
vt 0.41528271 1.01542711
vt 0.41528271 1.01312418
vt 0.41528271 1.01042240
vt 0.41528271 1.00779614
vt 0.41528271 1.00530035
vt 0.41528271 1.00278112
vt 0.41528271 1.00037664
vt 0.41528271 0.99822861
vt 0.41528271 0.99636430
vt 0.41528271 0.99471443
vt 0.41528271 0.99326827
vt 0.41528271 0.99198398
vt 0.41528271 0.99058867
vt 0.41528271 0.98884625
vt 0.41528271 0.98684257
vt 0.41528271 0.98471740
vt 0.41528271 0.98248357
vt 0.41528271 0.98007402
vt 0.41528271 0.97753251
vt 0.41528271 0.97491532
vt 0.41528271 0.97221292
vt 0.41528271 0.96950565
vt 0.41528271 0.96698528
vt 0.41528271 0.96482713
vt 0.41528271 0.96306972
vt 0.41528271 0.96154317
vt 0.41528271 0.96008163
vt 0.41528271 0.95865003
vt 0.41528271 0.95723262
vt 0.41528271 0.95581591
vt 0.41528271 0.95440960
vt 0.41528271 0.95299069
vt 0.41528271 0.95133447
vt 0.41528271 0.94946162
vt 0.41528271 0.94773448
vt 0.41528271 0.94653766
vt 0.43048597 1.01453230
vt 0.43048597 1.01315296
vt 0.43048597 1.01093724
vt 0.43048597 1.00834852
vt 0.43048597 1.00584579
vt 0.43048597 1.00347833
vt 0.43048597 1.00109224
vt 0.43048597 0.99881750
vt 0.43048597 0.99678735
vt 0.43048597 0.99502187
vt 0.43048597 0.99344819
vt 0.43048597 0.99205505
vt 0.43048597 0.99080569
vt 0.43048597 0.98944498
vt 0.43048597 0.98775592
vt 0.43048597 0.98582717
vt 0.43048597 0.98379592
vt 0.43048597 0.98167320
vt 0.43048597 0.97939020
vt 0.43048597 0.97698539
vt 0.43048597 0.97450906
vt 0.43048597 0.97194739
vt 0.43048597 0.96937421
vt 0.43048597 0.96697228
vt 0.43048597 0.96490901
vt 0.43048597 0.96321905
vt 0.43048597 0.96173853
vt 0.43048597 0.96031662
vt 0.43048597 0.95892382
vt 0.43048597 0.95754484
vt 0.43048597 0.95616652
vt 0.43048597 0.95479834
vt 0.43048597 0.95341789
vt 0.43048597 0.95180657
vt 0.43048597 0.94998449
vt 0.43048597 0.94830417
vt 0.43048597 0.94713979
vt 0.44568923 1.01232639
vt 0.44568923 1.01098956
vt 0.44568923 1.00885434
vt 0.44568923 1.00637146
vt 0.44568923 1.00398610
vt 0.44568923 1.00174173
vt 0.44568923 0.99948356
vt 0.44568923 0.99733359
vt 0.44568923 0.99541672
vt 0.44568923 0.99374540
vt 0.44568923 0.99224267
vt 0.44568923 0.99089710
vt 0.44568923 0.98967756
vt 0.44568923 0.98834618
vt 0.44568923 0.98670460
vt 0.44568923 0.98484476
vt 0.44568923 0.98290188
vt 0.44568923 0.98088527
vt 0.44568923 0.97872393
vt 0.44568923 0.97645090
vt 0.44568923 0.97411040
vt 0.44568923 0.97168396
vt 0.44568923 0.96923889
vt 0.44568923 0.96694942
vt 0.44568923 0.96497546
vt 0.44568923 0.96334777
vt 0.44568923 0.96190809
vt 0.44568923 0.96052055
vt 0.44568923 0.95916144
vt 0.44568923 0.95781580
vt 0.44568923 0.95647082
vt 0.44568923 0.95513572
vt 0.44568923 0.95378866
vt 0.44568923 0.95221630
vt 0.44568923 0.95043828
vt 0.44568923 0.94879859
vt 0.44568923 0.94766237
vt 0.46089249 1.01030761
vt 0.46089249 1.00900768
vt 0.46089249 1.00694405
vt 0.46089249 1.00455670
vt 0.46089249 1.00227884
vt 0.46089249 1.00014823
vt 0.46089249 0.99800847
vt 0.46089249 0.99597399
vt 0.46089249 0.99416181
vt 0.46089249 0.99257657
vt 0.46089249 0.99113707
vt 0.46089249 0.98983215
vt 0.46089249 0.98863668
vt 0.46089249 0.98732897
vt 0.46089249 0.98572793
vt 0.46089249 0.98392907
vt 0.46089249 0.98206630
vt 0.46089249 0.98014734
vt 0.46089249 0.97809868
vt 0.46089249 0.97594809
vt 0.46089249 0.97373383
vt 0.46089249 0.97143263
vt 0.46089249 0.96910555
vt 0.46089249 0.96691900
vt 0.46089249 0.96502605
vt 0.46089249 0.96345371
vt 0.46089249 0.96204877
vt 0.46089249 0.96068977
vt 0.46089249 0.95935861
vt 0.46089249 0.95804064
vt 0.46089249 0.95672331
vt 0.46089249 0.95541567
vt 0.46089249 0.95409630
vt 0.46089249 0.95255628
vt 0.46089249 0.95081482
vt 0.46089249 0.94920885
vt 0.46089249 0.94809599
vt 0.47609574 1.00853583
vt 0.47609574 1.00726636
vt 0.47609574 1.00526358
vt 0.47609574 1.00295882
vt 0.47609574 1.00077548
vt 0.47609574 0.99874584
vt 0.47609574 0.99671132
vt 0.47609574 0.99477946
vt 0.47609574 0.99306005
vt 0.47609574 0.99155010
vt 0.47609574 0.99016418
vt 0.47609574 0.98889197
vt 0.47609574 0.98771442
vt 0.47609574 0.98642439
vt 0.47609574 0.98485610
vt 0.47609574 0.98310876
vt 0.47609574 0.98131556
vt 0.47609574 0.97948285
vt 0.47609574 0.97753447
vt 0.47609574 0.97549321
vt 0.47609574 0.97339170
vt 0.47609574 0.97120195
vt 0.47609574 0.96897922
vt 0.47609574 0.96688304
vt 0.47609574 0.96506052
vt 0.47609574 0.96353518
vt 0.47609574 0.96215820
vt 0.47609574 0.96082139
vt 0.47609574 0.95951196
vt 0.47609574 0.95821551
vt 0.47609574 0.95691970
vt 0.47609574 0.95563341
vt 0.47609574 0.95433559
vt 0.47609574 0.95282071
vt 0.47609574 0.95110768
vt 0.47609574 0.94952794
vt 0.47609574 0.94843325
vt 0.49129900 1.00705904
vt 0.49129900 1.00581293
vt 0.49129900 1.00385878
vt 0.49129900 1.00162157
vt 0.49129900 0.99951717
vt 0.49129900 0.99757291
vt 0.49129900 0.99562749
vt 0.49129900 0.99378246
vt 0.49129900 0.99214127
vt 0.49129900 0.99069372
vt 0.49129900 0.98935045
vt 0.49129900 0.98810244
vt 0.49129900 0.98693652
vt 0.49129900 0.98565796
vt 0.49129900 0.98411403
vt 0.49129900 0.98240752
vt 0.49129900 0.98067154
vt 0.49129900 0.97891128
vt 0.49129900 0.97704795
vt 0.49129900 0.97509977
vt 0.49129900 0.97309430
vt 0.49129900 0.97099907
vt 0.49129900 0.96886416
vt 0.49129900 0.96684336
vt 0.49129900 0.96507882
vt 0.49129900 0.96359100
vt 0.49129900 0.96223467
vt 0.49129900 0.96091337
vt 0.49129900 0.95961913
vt 0.49129900 0.95833772
vt 0.49129900 0.95705694
vt 0.49129900 0.95578557
vt 0.49129900 0.95450281
vt 0.49129900 0.95300550
vt 0.49129900 0.95131235
vt 0.49129900 0.94975093
vt 0.49129900 0.94866894
vt 0.50650226 1.00591423
vt 0.50650226 1.00468392
vt 0.50650226 1.00276508
vt 0.50650226 1.00057870
vt 0.50650226 0.99853565
vt 0.50650226 0.99665886
vt 0.50650226 0.99478404
vt 0.50650226 0.99300778
vt 0.50650226 0.99142829
vt 0.50650226 0.99002886
vt 0.50650226 0.98871658
vt 0.50650226 0.98748406
vt 0.50650226 0.98632351
vt 0.50650226 0.98505017
vt 0.50650226 0.98352176
vt 0.50650226 0.98184453
vt 0.50650226 0.98015201
vt 0.50650226 0.97844855
vt 0.50650226 0.97665272
vt 0.50650226 0.97477886
vt 0.50650226 0.97285010
vt 0.50650226 0.97082989
vt 0.50650226 0.96876395
vt 0.50650226 0.96680159
vt 0.50650226 0.96508119
vt 0.50650226 0.96362057
vt 0.50650226 0.96227723
vt 0.50650226 0.96096455
vt 0.50650226 0.95967877
vt 0.50650226 0.95840573
vt 0.50650226 0.95713332
vt 0.50650226 0.95587025
vt 0.50650226 0.95459586
vt 0.50650226 0.95310834
vt 0.50650226 0.95142625
vt 0.50650226 0.94987503
vt 0.50650226 0.94880011
vt 0.52170552 1.00512887
vt 0.52170552 1.00390652
vt 0.52170552 1.00200888
vt 0.52170552 0.99985539
vt 0.52170552 0.99785446
vt 0.52170552 0.99602548
vt 0.52170552 0.99420092
vt 0.52170552 0.99247365
vt 0.52170552 0.99093790
vt 0.52170552 0.98957144
vt 0.52170552 0.98827829
vt 0.52170552 0.98705269
vt 0.52170552 0.98589148
vt 0.52170552 0.98461718
vt 0.52170552 0.98309525
vt 0.52170552 0.98143514
vt 0.52170552 0.97977134
vt 0.52170552 0.97810755
vt 0.52170552 0.97635988
vt 0.52170552 0.97453952
vt 0.52170552 0.97266603
vt 0.52170552 0.97069932
vt 0.52170552 0.96868167
vt 0.52170552 0.96675933
vt 0.52170552 0.96506814
vt 0.52170552 0.96362385
vt 0.52170552 0.96228566
vt 0.52170552 0.96097470
vt 0.52170552 0.95969059
vt 0.52170552 0.95841921
vt 0.52170552 0.95714845
vt 0.52170552 0.95588703
vt 0.52170552 0.95461430
vt 0.52170552 0.95312872
vt 0.52170552 0.95144881
vt 0.52170552 0.94989961
vt 0.52170552 0.94882610
vt 0.53690878 1.00472253
vt 0.53690878 1.00350018
vt 0.53690878 1.00160913
vt 0.53690878 0.99946972
vt 0.53690878 0.99749052
vt 0.53690878 0.99568828
vt 0.53690878 0.99389225
vt 0.53690878 0.99219293
vt 0.53690878 0.99068199
vt 0.53690878 0.98933292
vt 0.53690878 0.98804713
vt 0.53690878 0.98682029
vt 0.53690878 0.98565274
vt 0.53690878 0.98437151
vt 0.53690878 0.98284701
vt 0.53690878 0.98119155
vt 0.53690878 0.97954100
vt 0.53690878 0.97789866
vt 0.53690878 0.97617842
vt 0.53690878 0.97438913
vt 0.53690878 0.97254781
vt 0.53690878 0.97061147
vt 0.53690878 0.96862005
vt 0.53690878 0.96671820
vt 0.53690878 0.96504054
vt 0.53690878 0.96360136
vt 0.53690878 0.96226050
vt 0.53690878 0.96094444
vt 0.53690878 0.95965533
vt 0.53690878 0.95837901
vt 0.53690878 0.95710331
vt 0.53690878 0.95583698
vt 0.53690878 0.95455930
vt 0.53690878 0.95306793
vt 0.53690878 0.95138149
vt 0.53690878 0.94982627
vt 0.53690878 0.94874857
vt 0.55211203 1.00470823
vt 0.55211203 1.00347795
vt 0.55211203 1.00157869
vt 0.55211203 0.99943404
vt 0.55211203 0.99745530
vt 0.55211203 0.99565774
vt 0.55211203 0.99386749
vt 0.55211203 0.99217416
vt 0.55211203 0.99066844
vt 0.55211203 0.98932103
vt 0.55211203 0.98803113
vt 0.55211203 0.98679539
vt 0.55211203 0.98561632
vt 0.55211203 0.98432254
vt 0.55211203 0.98278658
vt 0.55211203 0.98112320
vt 0.55211203 0.97947004
vt 0.55211203 0.97783015
vt 0.55211203 0.97611553
vt 0.55211203 0.97433367
vt 0.55211203 0.97250011
vt 0.55211203 0.97056982
vt 0.55211203 0.96858153
vt 0.55211203 0.96667989
vt 0.55211203 0.96499962
vt 0.55211203 0.96355423
vt 0.55211203 0.96220304
vt 0.55211203 0.96087532
vt 0.55211203 0.95957480
vt 0.55211203 0.95828717
vt 0.55211203 0.95700018
vt 0.55211203 0.95572264
vt 0.55211203 0.95443364
vt 0.55211203 0.95292907
vt 0.55211203 0.95122770
vt 0.55211203 0.94965870
vt 0.55211203 0.94857146
vt 0.56731529 1.00509324
vt 0.56731529 1.00384732
vt 0.56731529 1.00192508
vt 0.56731529 0.99975568
vt 0.56731529 0.99775567
vt 0.56731529 0.99594004
vt 0.56731529 0.99413212
vt 0.56731529 0.99242222
vt 0.56731529 0.99090173
vt 0.56731529 0.98954019
vt 0.56731529 0.98823508
vt 0.56731529 0.98698332
vt 0.56731529 0.98578809
vt 0.56731529 0.98447660
vt 0.56731529 0.98292063
vt 0.56731529 0.98123693
vt 0.56731529 0.97956510
vt 0.56731529 0.97790819
vt 0.56731529 0.97617668
vt 0.56731529 0.97437773
vt 0.56731529 0.97252662
vt 0.56731529 0.97057722
vt 0.56731529 0.96856835
vt 0.56731529 0.96664620
vt 0.56731529 0.96494697
vt 0.56731529 0.96348410
vt 0.56731529 0.96211525
vt 0.56731529 0.96076973
vt 0.56731529 0.95945177
vt 0.56731529 0.95814687
vt 0.56731529 0.95684262
vt 0.56731529 0.95554794
vt 0.56731529 0.95424167
vt 0.56731529 0.95271692
vt 0.56731529 0.95099273
vt 0.56731529 0.94940269
vt 0.56731529 0.94830088
vt 0.58251855 1.00587908
vt 0.58251855 1.00461013
vt 0.58251855 1.00265051
vt 0.58251855 1.00043702
vt 0.58251855 0.99839391
vt 0.58251855 0.99653716
vt 0.58251855 0.99468778
vt 0.58251855 0.99293843
vt 0.58251855 0.99138293
vt 0.58251855 0.98999147
vt 0.58251855 0.98866034
vt 0.58251855 0.98738592
vt 0.58251855 0.98617045
vt 0.58251855 0.98483669
vt 0.58251855 0.98325271
vt 0.58251855 0.98153659
vt 0.58251855 0.97983014
vt 0.58251855 0.97813655
vt 0.58251855 0.97636529
vt 0.58251855 0.97452429
vt 0.58251855 0.97262986
vt 0.58251855 0.97063584
vt 0.58251855 0.96858242
vt 0.58251855 0.96661895
vt 0.58251855 0.96488450
vt 0.58251855 0.96339316
vt 0.58251855 0.96199978
vt 0.58251855 0.96063084
vt 0.58251855 0.95928994
vt 0.58251855 0.95796233
vt 0.58251855 0.95663538
vt 0.58251855 0.95531817
vt 0.58251855 0.95398916
vt 0.58251855 0.95243788
vt 0.58251855 0.95068368
vt 0.58251855 0.94906597
vt 0.58251855 0.94794497
vt 0.59772181 1.00706043
vt 0.59772181 1.00576159
vt 0.59772181 1.00375081
vt 0.59772181 1.00147452
vt 0.59772181 0.99936680
vt 0.59772181 0.99744605
vt 0.59772181 0.99553153
vt 0.59772181 0.99371989
vt 0.59772181 0.99210910
vt 0.59772181 0.99067193
vt 0.59772181 0.98930415
vt 0.59772181 0.98800085
vt 0.59772181 0.98676163
vt 0.59772181 0.98540172
vt 0.59772181 0.98378239
vt 0.59772181 0.98202235
vt 0.59772181 0.98026569
vt 0.59772181 0.97851598
vt 0.59772181 0.97668222
vt 0.59772181 0.97477429
vt 0.59772181 0.97281085
vt 0.59772181 0.97074682
vt 0.59772181 0.96862516
vt 0.59772181 0.96659992
vt 0.59772181 0.96481438
vt 0.59772181 0.96328406
vt 0.59772181 0.96185988
vt 0.59772181 0.96046257
vt 0.59772181 0.95909388
vt 0.59772181 0.95773876
vt 0.59772181 0.95638430
vt 0.59772181 0.95503980
vt 0.59772181 0.95368324
vt 0.59772181 0.95209981
vt 0.59772181 0.95030926
vt 0.59772181 0.94865802
vt 0.59772181 0.94751379
vt 0.61292507 1.00862322
vt 0.61292507 1.00728832
vt 0.61292507 1.00521361
vt 0.61292507 1.00285684
vt 0.61292507 1.00066397
vt 0.61292507 0.99865708
vt 0.61292507 0.99665439
vt 0.61292507 0.99475812
vt 0.61292507 0.99307209
vt 0.61292507 0.99157353
vt 0.61292507 0.99015857
vt 0.61292507 0.98882047
vt 0.61292507 0.98755455
vt 0.61292507 0.98616536
vt 0.61292507 0.98450422
vt 0.61292507 0.98268958
vt 0.61292507 0.98086786
vt 0.61292507 0.97904326
vt 0.61292507 0.97712494
vt 0.61292507 0.97512594
vt 0.61292507 0.97306855
vt 0.61292507 0.97090998
vt 0.61292507 0.96869726
vt 0.61292507 0.96659064
vt 0.61292507 0.96473892
vt 0.61292507 0.96315982
vt 0.61292507 0.96169935
vt 0.61292507 0.96026949
vt 0.61292507 0.95886891
vt 0.61292507 0.95748222
vt 0.61292507 0.95609621
vt 0.61292507 0.95472038
vt 0.61292507 0.95333222
vt 0.61292507 0.95171189
vt 0.61292507 0.94987963
vt 0.61292507 0.94818991
vt 0.61292507 0.94701903
vt 0.62812832 1.01054203
vt 0.62812832 1.00916573
vt 0.62812832 1.00701571
vt 0.62812832 1.00456244
vt 0.62812832 1.00226546
vt 0.62812832 1.00015177
vt 0.62812832 0.99803928
vt 0.62812832 0.99603725
vt 0.62812832 0.99425686
vt 0.62812832 0.99268164
vt 0.62812832 0.99120917
vt 0.62812832 0.98983062
vt 0.62812832 0.98853553
vt 0.62812832 0.98711475
vt 0.62812832 0.98540633
vt 0.62812832 0.98352755
vt 0.62812832 0.98162711
vt 0.62812832 0.97971010
vt 0.62812832 0.97768663
vt 0.62812832 0.97557396
vt 0.62812832 0.97339932
vt 0.62812832 0.97112332
vt 0.62812832 0.96879834
vt 0.62812832 0.96659225
vt 0.62812832 0.96466049
vt 0.62812832 0.96302381
vt 0.62812832 0.96152246
vt 0.62812832 0.96005672
vt 0.62812832 0.95862101
vt 0.62812832 0.95719952
vt 0.62812832 0.95577874
vt 0.62812832 0.95436839
vt 0.62812832 0.95294540
vt 0.62812832 0.95128443
vt 0.62812832 0.94940619
vt 0.62812832 0.94767409
vt 0.62812832 0.94647383
vt 0.64333158 1.01277728
vt 0.64333158 1.01135528
vt 0.64333158 1.00912038
vt 0.64333158 1.00655686
vt 0.64333158 1.00413919
vt 0.64333158 1.00190039
vt 0.64333158 0.99965877
vt 0.64333158 0.99753190
vt 0.64333158 0.99563966
vt 0.64333158 0.99397346
vt 0.64333158 0.99243361
vt 0.64333158 0.99100928
vt 0.64333158 0.98968307
vt 0.64333158 0.98822919
vt 0.64333158 0.98646923
vt 0.64333158 0.98451824
vt 0.64333158 0.98252711
vt 0.64333158 0.98050219
vt 0.64333158 0.97835525
vt 0.64333158 0.97610884
vt 0.64333158 0.97379626
vt 0.64333158 0.97138257
vt 0.64333158 0.96892668
vt 0.64333158 0.96660523
vt 0.64333158 0.96458141
vt 0.64333158 0.96287964
vt 0.64333158 0.96133384
vt 0.64333158 0.95982985
vt 0.64333158 0.95835666
vt 0.64333158 0.95689808
vt 0.64333158 0.95544022
vt 0.64333158 0.95399306
vt 0.64333158 0.95253294
vt 0.64333158 0.95082861
vt 0.64333158 0.94890136
vt 0.64333158 0.94712405
vt 0.64333158 0.94589247
vn -0.995663 -0.084811 -0.038238
vn -0.995612 -0.085410 -0.038236
vn -0.997541 -0.058689 -0.038310
vn -0.999082 0.019076 -0.038370
vn -0.987594 0.152381 -0.037928
vn -0.957145 0.287267 -0.036759
vn -0.920861 0.388283 -0.035366
vn -0.871796 0.488723 -0.033481
vn -0.782544 0.621869 -0.030053
vn -0.614508 0.788557 -0.023600
vn -0.376541 0.926287 -0.014461
vn -0.084196 0.996444 -0.003234
vn 0.271596 0.962355 0.010431
vn 0.562846 0.826279 0.021616
vn 0.728586 0.684382 0.027981
vn 0.836253 0.547402 0.032116
vn 0.914588 0.402858 0.035125
vn 0.962239 0.269685 0.036955
vn 0.986346 0.160273 0.037880
vn 0.997319 0.062347 0.038302
vn 0.998739 -0.032405 0.038356
vn 0.991579 -0.123778 0.038081
vn 0.976608 -0.211731 0.037506
vn 0.949771 -0.310812 0.036476
vn 0.884196 -0.465880 0.033957
vn 0.738775 -0.673354 0.028373
vn 0.596729 -0.802115 0.022917
vn 0.589639 -0.807349 0.022645
vn 0.651982 -0.757821 0.025039
vn 0.685296 -0.727789 0.026319
vn 0.725079 -0.688102 0.027847
vn 0.812181 -0.582571 0.031192
vn 0.919180 -0.392252 0.035301
vn 0.975688 -0.215936 0.037471
vn 0.991262 -0.126295 0.038069
vn 0.994078 -0.101742 0.038177
vn 0.999263 0.000000 0.038377
vn -0.994255 -0.083972 -0.066377
vn -0.994242 -0.084123 -0.066376
vn -0.996135 -0.057388 -0.066502
vn -0.997608 0.018498 -0.066601
vn -0.987031 0.146383 -0.065895
vn -0.959474 0.274420 -0.064055
vn -0.926923 0.370115 -0.061882
vn -0.883256 0.465169 -0.058967
vn -0.803457 0.592941 -0.053639
vn -0.648907 0.759633 -0.043321
vn -0.419496 0.907325 -0.028006
vn -0.122941 0.992380 -0.008208
vn 0.252759 0.967382 0.016874
vn 0.562496 0.825947 0.037552
vn 0.734763 0.676548 0.049053
vn 0.843163 0.534704 0.056290
vn 0.919247 0.388869 0.061369
vn 0.963968 0.258115 0.064355
vn 0.986071 0.152746 0.065830
vn 0.996021 0.059335 0.066495
vn 0.997303 -0.030895 0.066580
vn 0.990744 -0.118537 0.066142
vn 0.976837 -0.203803 0.065214
vn 0.951572 -0.300791 0.063527
vn 0.888795 -0.454447 0.059336
vn 0.744839 -0.665388 0.049726
vn 0.598381 -0.800215 0.039948
vn 0.588763 -0.807349 0.039306
vn 0.651014 -0.757821 0.043462
vn 0.684278 -0.727789 0.045683
vn 0.724002 -0.688102 0.048335
vn 0.810975 -0.582571 0.054141
vn 0.917815 -0.392252 0.061274
vn 0.974239 -0.215936 0.065041
vn 0.989789 -0.126295 0.066079
vn 0.992601 -0.101742 0.066266
vn 0.997779 0.000000 0.066612
vn -0.992004 -0.083217 -0.094885
vn -0.992024 -0.082976 -0.094887
vn -0.993881 -0.056244 -0.095065
vn -0.995295 0.017999 -0.095200
vn -0.985472 0.141280 -0.094261
vn -0.960257 0.263571 -0.091849
vn -0.930702 0.354781 -0.089022
vn -0.891346 0.445234 -0.085257
vn -0.819221 0.568100 -0.078359
vn -0.676389 0.733698 -0.064697
vn -0.455946 0.888938 -0.043611
vn -0.157732 0.987367 -0.015087
vn 0.235058 0.971721 0.022483
vn 0.561630 0.825642 0.053720
vn 0.739478 0.669455 0.070731
vn 0.848175 0.523467 0.081128
vn 0.922087 0.376798 0.088198
vn 0.964278 0.248317 0.092233
vn 0.984726 0.146431 0.094189
vn 0.993849 0.056817 0.095062
vn 0.995020 -0.029629 0.095174
vn 0.988955 -0.114105 0.094594
vn 0.975944 -0.197027 0.093349
vn 0.952034 -0.292127 0.091062
vn 0.891766 -0.444385 0.085298
vn 0.749438 -0.658183 0.071684
vn 0.599296 -0.798473 0.057323
vn 0.587393 -0.807349 0.056184
vn 0.649499 -0.757821 0.062125
vn 0.682685 -0.727789 0.065299
vn 0.722317 -0.688102 0.069090
vn 0.809087 -0.582571 0.077389
vn 0.915678 -0.392252 0.087585
vn 0.971971 -0.215936 0.092969
vn 0.987486 -0.126295 0.094453
vn 0.990291 -0.101742 0.094722
vn 0.995457 0.000000 0.095216
vn -0.988879 -0.082569 -0.123698
vn -0.988925 -0.082000 -0.123704
vn -0.990750 -0.055283 -0.123932
vn -0.992114 0.017584 -0.124103
vn -0.982897 0.137103 -0.122950
vn -0.959528 0.254753 -0.120027
vn -0.932315 0.342328 -0.116623
vn -0.896310 0.429019 -0.112119
vn -0.830217 0.547681 -0.103851
vn -0.697098 0.711654 -0.087200
vn -0.485186 0.872302 -0.060692
vn -0.187277 0.982028 -0.023426
vn 0.219228 0.975288 0.027423
vn 0.560217 0.825377 0.070077
vn 0.742537 0.663334 0.092884
vn 0.851177 0.513966 0.106473
vn 0.923103 0.366808 0.115471
vn 0.963184 0.240333 0.120484
vn 0.982308 0.141326 0.122876
vn 0.990777 0.054787 0.123936
vn 0.991861 -0.028606 0.124071
vn 0.986191 -0.110495 0.123362
vn 0.973910 -0.191462 0.121826
vn 0.951132 -0.284942 0.118977
vn 0.893029 -0.435913 0.111709
vn 0.752382 -0.651969 0.094115
vn 0.599371 -0.796953 0.074975
vn 0.585511 -0.807349 0.073241
vn 0.647417 -0.757821 0.080985
vn 0.680498 -0.727789 0.085123
vn 0.720003 -0.688102 0.090065
vn 0.806495 -0.582571 0.100884
vn 0.912744 -0.392252 0.114175
vn 0.968857 -0.215936 0.121194
vn 0.984322 -0.126295 0.123128
vn 0.987118 -0.101742 0.123478
vn 0.992267 0.000000 0.124122
vn -0.984854 -0.082045 -0.152745
vn -0.984921 -0.081216 -0.152756
vn -0.986716 -0.054518 -0.153034
vn -0.988038 0.017258 -0.153239
vn -0.979293 0.133858 -0.151883
vn -0.957330 0.247939 -0.148476
vn -0.931887 0.332712 -0.144530
vn -0.898400 0.416488 -0.139337
vn -0.836874 0.531786 -0.129794
vn -0.711413 0.694059 -0.110336
vn -0.506972 0.858369 -0.078628
vn -0.210655 0.977014 -0.032671
vn 0.205896 0.978053 0.031933
vn 0.558227 0.825159 0.086578
vn 0.743806 0.658366 0.115360
vn 0.852120 0.506385 0.132159
vn 0.922320 0.358975 0.143046
vn 0.960715 0.234149 0.149001
vn 0.978814 0.137396 0.151808
vn 0.986785 0.053227 0.153045
vn 0.987803 -0.027818 0.153203
vn 0.982438 -0.107701 0.152370
vn 0.970731 -0.187124 0.150555
vn 0.948860 -0.279300 0.147163
vn 0.892549 -0.429178 0.138429
vn 0.753540 -0.646931 0.116870
vn 0.598526 -0.795707 0.092828
vn 0.583103 -0.807349 0.090436
vn 0.644755 -0.757821 0.099998
vn 0.677699 -0.727789 0.105107
vn 0.717041 -0.688102 0.111209
vn 0.803178 -0.582571 0.124568
vn 0.908990 -0.392252 0.140979
vn 0.964872 -0.215936 0.149646
vn 0.980273 -0.126295 0.152035
vn 0.983058 -0.101742 0.152467
vn 0.988186 0.000000 0.153262
vn -0.979911 -0.081657 -0.181950
vn -0.979993 -0.080640 -0.181966
vn -0.981762 -0.053960 -0.182294
vn -0.983052 0.017023 -0.182534
vn -0.974653 0.131528 -0.180974
vn -0.953708 0.243069 -0.177085
vn -0.929534 0.325847 -0.172596
vn -0.897841 0.407540 -0.166712
vn -0.839586 0.520378 -0.155895
vn -0.719790 0.681205 -0.133651
vn -0.521363 0.847826 -0.096807
vn -0.227305 0.972909 -0.042206
vn 0.195542 0.980023 0.036308
vn 0.555642 0.824996 0.103172
vn 0.743202 0.654681 0.137998
vn 0.850996 0.500837 0.158013
vn 0.919782 0.353318 0.170786
vn 0.956900 0.229724 0.177678
vn 0.974248 0.134596 0.180899
vn 0.981858 0.052118 0.182312
vn 0.982829 -0.027256 0.182492
vn 0.977687 -0.105702 0.181537
vn 0.966407 -0.184005 0.179443
vn 0.945225 -0.275218 0.175510
vn 0.890322 -0.424262 0.165315
vn 0.752834 -0.643196 0.139787
vn 0.596704 -0.794776 0.110796
vn 0.580158 -0.807349 0.107724
vn 0.641498 -0.757821 0.119114
vn 0.674276 -0.727789 0.125200
vn 0.713420 -0.688102 0.132468
vn 0.799121 -0.582571 0.148381
vn 0.904399 -0.392252 0.167929
vn 0.959999 -0.215936 0.178253
vn 0.975322 -0.126295 0.181098
vn 0.978093 -0.101742 0.181613
vn 0.983195 0.000000 0.182560
vn -0.974039 -0.081413 -0.211236
vn -0.974129 -0.080279 -0.211255
vn -0.975877 -0.053612 -0.211634
vn -0.977144 0.016876 -0.211909
vn -0.968978 0.130092 -0.210138
vn -0.948701 0.240076 -0.205741
vn -0.925355 0.321630 -0.200678
vn -0.894821 0.402042 -0.194056
vn -0.838685 0.513347 -0.181882
vn -0.722670 0.673192 -0.156722
vn -0.528592 0.841100 -0.114633
vn -0.236987 0.970152 -0.051394
vn 0.188466 0.981229 0.040872
vn 0.552448 0.824892 0.119807
vn 0.740694 0.652357 0.160631
vn 0.847830 0.497370 0.183865
vn 0.915537 0.349816 0.198549
vn 0.951771 0.227000 0.206406
vn 0.968617 0.132879 0.210060
vn 0.975989 0.051438 0.211659
vn 0.976929 -0.026912 0.211862
vn 0.971935 -0.104472 0.210779
vn 0.960947 -0.182079 0.208396
vn 0.940246 -0.272689 0.203907
vn 0.886366 -0.421196 0.192222
vn 0.750234 -0.640841 0.162700
vn 0.593871 -0.794185 0.128790
vn 0.576669 -0.807349 0.125060
vn 0.637641 -0.757821 0.138282
vn 0.670222 -0.727789 0.145348
vn 0.709130 -0.688102 0.153786
vn 0.794316 -0.582571 0.172260
vn 0.898961 -0.392252 0.194954
vn 0.954226 -0.215936 0.206939
vn 0.969457 -0.126295 0.210242
vn 0.972212 -0.101742 0.210839
vn 0.977283 0.000000 0.211939
vn -0.967232 -0.081315 -0.240519
vn -0.967325 -0.080134 -0.240542
vn -0.969058 -0.053473 -0.240973
vn -0.970309 0.016818 -0.241284
vn -0.962272 0.129522 -0.239286
vn -0.942349 0.238888 -0.234332
vn -0.919432 0.319957 -0.228633
vn -0.889487 0.399861 -0.221187
vn -0.834434 0.510554 -0.207497
vn -0.720431 0.669989 -0.179148
vn -0.528978 0.838379 -0.131540
vn -0.239730 0.969008 -0.059613
vn 0.184777 0.981706 0.045948
vn 0.548643 0.824850 0.136430
vn 0.736292 0.651423 0.183092
vn 0.842670 0.495983 0.209545
vn 0.909636 0.348421 0.226197
vn 0.945356 0.225919 0.235079
vn 0.961929 0.132198 0.239200
vn 0.969175 0.051169 0.241002
vn 0.970098 -0.026775 0.241232
vn 0.965185 -0.103984 0.240010
vn 0.954361 -0.181313 0.237319
vn 0.933945 -0.271681 0.232242
vn 0.880717 -0.419969 0.219006
vn 0.745752 -0.639894 0.185444
vn 0.590019 -0.793947 0.146718
vn 0.572635 -0.807349 0.142396
vn 0.633180 -0.757821 0.157451
vn 0.665533 -0.727789 0.165496
vn 0.704169 -0.688102 0.175104
vn 0.788759 -0.582571 0.196139
vn 0.892672 -0.392252 0.221979
vn 0.947551 -0.215936 0.235625
vn 0.962675 -0.126295 0.239386
vn 0.965410 -0.101742 0.240066
vn 0.970446 0.000000 0.241318
vn -0.959496 -0.081361 -0.269718
vn -0.959586 -0.080201 -0.269744
vn -0.961307 -0.053537 -0.270228
vn -0.962551 0.016845 -0.270577
vn -0.954545 0.129785 -0.268327
vn -0.934685 0.239436 -0.262744
vn -0.911830 0.320729 -0.256319
vn -0.881953 0.400867 -0.247921
vn -0.827025 0.511843 -0.232480
vn -0.713384 0.671468 -0.200535
vn -0.522880 0.839638 -0.146984
vn -0.235796 0.969539 -0.066283
vn 0.184388 0.981486 0.051832
vn 0.544229 0.824870 0.152985
vn 0.730048 0.651855 0.205220
vn 0.835580 0.496624 0.234885
vn 0.902133 0.349065 0.253594
vn 0.937687 0.226418 0.263588
vn 0.954198 0.132512 0.268229
vn 0.961420 0.051293 0.270259
vn 0.962341 -0.026838 0.270518
vn 0.957446 -0.104209 0.269142
vn 0.946669 -0.181666 0.266113
vn 0.926352 -0.272146 0.260402
vn 0.873423 -0.420536 0.245523
vn 0.739438 -0.640332 0.207859
vn 0.585163 -0.794057 0.164492
vn 0.568057 -0.807349 0.159683
vn 0.628118 -0.757821 0.176567
vn 0.660212 -0.727789 0.185589
vn 0.698539 -0.688102 0.196362
vn 0.782453 -0.582571 0.219951
vn 0.885535 -0.392252 0.248928
vn 0.939975 -0.215936 0.264231
vn 0.954979 -0.126295 0.268449
vn 0.957692 -0.101742 0.269211
vn 0.962687 0.000000 0.270616
vn -0.950841 -0.081542 -0.298750
vn -0.950925 -0.080470 -0.298776
vn -0.952637 -0.053796 -0.299314
vn -0.953881 0.016953 -0.299705
vn -0.945816 0.130848 -0.297171
vn -0.925745 0.241650 -0.290865
vn -0.902606 0.323847 -0.283595
vn -0.872304 0.404932 -0.274074
vn -0.816600 0.517045 -0.256572
vn -0.701777 0.677415 -0.220495
vn -0.510689 0.844660 -0.160456
vn -0.225654 0.971624 -0.070900
vn 0.187028 0.980596 0.058763
vn 0.539221 0.824947 0.169421
vn 0.722052 0.653585 0.226865
vn 0.826645 0.499198 0.259728
vn 0.893083 0.351660 0.280603
vn 0.928794 0.228432 0.291823
vn 0.945443 0.133781 0.297054
vn 0.952738 0.051796 0.299346
vn 0.953668 -0.027093 0.299638
vn 0.948733 -0.105119 0.298088
vn 0.937891 -0.183092 0.294681
vn 0.917502 -0.274021 0.288275
vn 0.864548 -0.422812 0.271637
vn 0.731383 -0.642085 0.229797
vn 0.579345 -0.794497 0.182027
vn 0.562941 -0.807349 0.176874
vn 0.622462 -0.757821 0.195575
vn 0.654267 -0.727789 0.205568
vn 0.692249 -0.688102 0.217501
vn 0.775407 -0.582571 0.243629
vn 0.877561 -0.392252 0.275726
vn 0.931511 -0.215936 0.292676
vn 0.946379 -0.126295 0.297348
vn 0.949068 -0.101742 0.298193
vn 0.954018 0.000000 0.299748
vn -0.941288 -0.081848 -0.327532
vn -0.941360 -0.080924 -0.327556
vn -0.943067 -0.054234 -0.328151
vn -0.944319 0.017138 -0.328586
vn -0.936109 0.132668 -0.325729
vn -0.915566 0.245450 -0.318581
vn -0.891813 0.329202 -0.310316
vn -0.860611 0.411914 -0.299459
vn -0.803270 0.525959 -0.279507
vn -0.685835 0.687517 -0.238644
vn -0.492858 0.853042 -0.171495
vn -0.209976 0.974973 -0.073063
vn 0.192262 0.979061 0.066899
vn 0.533639 0.825076 0.185685
vn 0.712431 0.656497 0.247898
vn 0.815972 0.503563 0.283926
vn 0.882550 0.356090 0.307093
vn 0.918714 0.231888 0.319676
vn 0.935687 0.135964 0.325582
vn 0.943147 0.052660 0.328178
vn 0.944099 -0.027531 0.328510
vn 0.939068 -0.106680 0.326759
vn 0.928060 -0.185532 0.322929
vn 0.907441 -0.277219 0.315754
vn 0.854171 -0.426676 0.297218
vn 0.721709 -0.645036 0.251127
vn 0.572625 -0.795235 0.199251
vn 0.557300 -0.807349 0.193918
vn 0.616223 -0.757821 0.214422
vn 0.647710 -0.727789 0.225378
vn 0.685311 -0.688102 0.238461
vn 0.767636 -0.582571 0.267107
vn 0.868766 -0.392252 0.302297
vn 0.922175 -0.215936 0.320881
vn 0.936895 -0.126295 0.326003
vn 0.939556 -0.101742 0.326929
vn 0.944457 0.000000 0.328634
vn -0.930865 -0.082262 -0.355983
vn -0.930920 -0.081541 -0.356004
vn -0.932625 -0.054834 -0.356656
vn -0.933889 0.017393 -0.357139
vn -0.925456 0.135193 -0.353914
vn -0.904193 0.250737 -0.345783
vn -0.879508 0.336660 -0.336343
vn -0.846947 0.421633 -0.323891
vn -0.787143 0.538324 -0.301020
vn -0.665801 0.701341 -0.254616
vn -0.469946 0.864206 -0.179718
vn -0.189635 0.979173 -0.072520
vn 0.199524 0.976918 0.076302
vn 0.527511 0.825249 0.201731
vn 0.701350 0.660432 0.268211
vn 0.803693 0.509524 0.307349
vn 0.870609 0.362204 0.332939
vn 0.907490 0.236690 0.347044
vn 0.924962 0.139008 0.353725
vn 0.932674 0.053867 0.356675
vn 0.933661 -0.028141 0.357052
vn 0.928481 -0.108849 0.355071
vn 0.917213 -0.188909 0.350762
vn 0.896225 -0.281627 0.342735
vn 0.842393 -0.431964 0.322149
vn 0.710579 -0.649026 0.271741
vn 0.565088 -0.796226 0.216102
vn 0.551147 -0.807349 0.210770
vn 0.609420 -0.757821 0.233055
vn 0.640559 -0.727789 0.244964
vn 0.677745 -0.688102 0.259184
vn 0.759161 -0.582571 0.290320
vn 0.859175 -0.392252 0.328567
vn 0.911994 -0.215936 0.348766
vn 0.926551 -0.126295 0.354333
vn 0.929184 -0.101742 0.355340
vn 0.934031 0.000000 0.357193
vn -0.919605 -0.082765 -0.384026
vn -0.919641 -0.082295 -0.384041
vn -0.921345 -0.055572 -0.384753
vn -0.922627 0.017709 -0.385288
vn -0.913898 0.138349 -0.381642
vn -0.891684 0.257377 -0.372366
vn -0.865765 0.346032 -0.361542
vn -0.831406 0.433844 -0.347194
vn -0.768360 0.553775 -0.320866
vn -0.642003 0.718300 -0.268100
vn -0.442684 0.877415 -0.184864
vn -0.165701 0.983745 -0.069197
vn 0.208159 0.974225 0.086927
vn 0.520871 0.825457 0.217515
vn 0.689009 0.665190 0.287729
vn 0.789974 0.516828 0.329892
vn 0.857358 0.369797 0.358032
vn 0.895179 0.242710 0.373826
vn 0.913309 0.142843 0.381396
vn 0.921355 0.055389 0.384756
vn 0.922386 -0.028910 0.385187
vn 0.917010 -0.111570 0.382942
vn 0.905400 -0.193123 0.378094
vn 0.883925 -0.287094 0.369126
vn 0.829340 -0.438462 0.346331
vn 0.698189 -0.653853 0.291563
vn 0.556829 -0.797415 0.232531
vn 0.544503 -0.807349 0.227384
vn 0.602074 -0.757821 0.251425
vn 0.632838 -0.727789 0.264272
vn 0.669576 -0.688102 0.279614
vn 0.750010 -0.582571 0.313203
vn 0.848818 -0.392252 0.354465
vn 0.901001 -0.215936 0.376257
vn 0.915382 -0.126295 0.382262
vn 0.917983 -0.101742 0.383348
vn 0.922771 0.000000 0.385348
vn -0.907552 -0.083332 -0.411589
vn -0.907566 -0.083150 -0.411595
vn -0.909269 -0.056417 -0.412367
vn -0.910571 0.018074 -0.412958
vn -0.901486 0.142038 -0.408838
vn -0.878115 0.265179 -0.398239
vn -0.850689 0.357052 -0.385800
vn -0.814127 0.448189 -0.369219
vn -0.747147 0.571801 -0.338843
vn -0.614928 0.737625 -0.278879
vn -0.412027 0.891805 -0.186861
vn -0.139424 0.988212 -0.063231
vn 0.217460 0.971074 0.098621
vn 0.513760 0.825689 0.232998
vn 0.675642 0.670536 0.306414
vn 0.775024 0.525163 0.351485
vn 0.842925 0.378602 0.382280
vn 0.881854 0.249771 0.399934
vn 0.900777 0.147365 0.408516
vn 0.909229 0.057188 0.412349
vn 0.910315 -0.029816 0.412842
vn 0.904702 -0.114762 0.410296
vn 0.892683 -0.198036 0.404845
vn 0.870632 -0.293423 0.394845
vn 0.815169 -0.445900 0.369692
vn 0.684768 -0.659280 0.310553
vn 0.547959 -0.798739 0.248508
vn 0.537392 -0.807349 0.243715
vn 0.594211 -0.757821 0.269484
vn 0.624573 -0.727789 0.283253
vn 0.660831 -0.688102 0.299697
vn 0.740215 -0.582571 0.335699
vn 0.837732 -0.392252 0.379924
vn 0.889233 -0.215936 0.403281
vn 0.903427 -0.126295 0.409718
vn 0.905994 -0.101742 0.410882
vn 0.910720 0.000000 0.413025
vn -0.894753 -0.083935 -0.438603
vn -0.894743 -0.084067 -0.438598
vn -0.896444 -0.057332 -0.439432
vn -0.897768 0.018474 -0.440081
vn -0.888283 0.146128 -0.435432
vn -0.863589 0.273875 -0.423327
vn -0.834431 0.369345 -0.409034
vn -0.795331 0.464169 -0.389867
vn -0.723865 0.591702 -0.354835
vn -0.585294 0.758363 -0.286908
vn -0.379194 0.906455 -0.185879
vn -0.112179 0.992165 -0.054990
vn 0.226721 0.967598 0.111137
vn 0.506221 0.825932 0.248147
vn 0.661512 0.676203 0.324270
vn 0.759093 0.534151 0.372103
vn 0.827476 0.388269 0.405624
vn 0.867612 0.257624 0.425299
vn 0.887429 0.152428 0.435013
vn 0.896346 0.059208 0.439384
vn 0.897494 -0.030832 0.439947
vn 0.891614 -0.118315 0.437065
vn 0.879139 -0.203465 0.430949
vn 0.856460 -0.300361 0.419832
vn 0.800072 -0.453951 0.392191
vn 0.670576 -0.665038 0.328713
vn 0.538596 -0.800130 0.264017
vn 0.529840 -0.807349 0.259725
vn 0.585860 -0.757821 0.287186
vn 0.615795 -0.727789 0.301860
vn 0.651544 -0.688102 0.319383
vn 0.729812 -0.582571 0.357750
vn 0.825960 -0.392252 0.404881
vn 0.876737 -0.215936 0.429772
vn 0.890731 -0.126295 0.436632
vn 0.893262 -0.101742 0.437872
vn 0.897921 0.000000 0.440156
vn -0.881260 -0.084545 -0.465008
vn -0.881226 -0.085001 -0.464990
vn -0.882924 -0.058274 -0.465885
vn -0.884269 0.018890 -0.466595
vn -0.874361 0.150444 -0.461367
vn -0.848244 0.283106 -0.447586
vn -0.817208 0.382398 -0.431210
vn -0.775345 0.481104 -0.409120
vn -0.699069 0.612565 -0.368872
vn -0.554108 0.779408 -0.292382
vn -0.345651 0.920468 -0.182387
vn -0.085396 0.995328 -0.045060
vn 0.235275 0.963967 0.124146
vn 0.498299 0.826175 0.262933
vn 0.646903 0.681909 0.341346
vn 0.742477 0.543360 0.391777
vn 0.811221 0.398364 0.428050
vn 0.852578 0.265942 0.449873
vn 0.873342 0.157829 0.460829
vn 0.882760 0.061367 0.465799
vn 0.883977 -0.031915 0.466441
vn 0.877812 -0.122081 0.463188
vn 0.864862 -0.209174 0.456355
vn 0.841548 -0.307594 0.444053
vn 0.784273 -0.462233 0.413831
vn 0.655894 -0.670838 0.346091
vn 0.528862 -0.801518 0.279060
vn 0.521877 -0.807349 0.275375
vn 0.577056 -0.757821 0.304490
vn 0.606541 -0.727789 0.320049
vn 0.641752 -0.688102 0.338628
vn 0.718845 -0.582571 0.379307
vn 0.813547 -0.392252 0.429278
vn 0.863561 -0.215936 0.455668
vn 0.877345 -0.126295 0.462942
vn 0.879838 -0.101742 0.464257
vn 0.884427 0.000000 0.466678
vn -0.867133 -0.085131 -0.490747
vn -0.867075 -0.085905 -0.490714
vn -0.868766 -0.059195 -0.491672
vn -0.870130 0.019303 -0.492443
vn -0.859806 0.154768 -0.486601
vn -0.832255 0.292410 -0.471008
vn -0.799313 0.395555 -0.452365
vn -0.754635 0.498126 -0.427080
vn -0.673542 0.633275 -0.381186
vn -0.522674 0.799570 -0.295803
vn -0.313039 0.933071 -0.177162
vn -0.060461 0.997584 -0.034217
vn 0.242534 0.960384 0.137260
vn 0.490042 0.826404 0.277336
vn 0.632108 0.687360 0.357737
vn 0.725510 0.552310 0.410596
vn 0.794419 0.408367 0.449595
vn 0.836910 0.274305 0.473643
vn 0.858610 0.163303 0.485923
vn 0.868533 0.063562 0.491539
vn 0.869818 -0.033013 0.492267
vn 0.863371 -0.125873 0.488618
vn 0.849964 -0.214876 0.481030
vn 0.826059 -0.314752 0.467502
vn 0.768031 -0.470317 0.434661
vn 0.641013 -0.676384 0.362776
vn 0.518874 -0.802831 0.293652
vn 0.513537 -0.807349 0.290632
vn 0.567834 -0.757821 0.321361
vn 0.596848 -0.727789 0.337781
vn 0.631496 -0.688102 0.357390
vn 0.707356 -0.582571 0.400323
vn 0.800545 -0.392252 0.453062
vn 0.849760 -0.215936 0.480915
vn 0.863324 -0.126295 0.488591
vn 0.865776 -0.101742 0.489979
vn 0.870293 0.000000 0.492535
vn -0.852431 -0.085662 -0.515774
vn -0.852352 -0.086729 -0.515726
vn -0.854033 -0.060042 -0.516743
vn -0.855410 0.019686 -0.517577
vn -0.844713 0.158845 -0.511104
vn -0.815836 0.301229 -0.493632
vn -0.781117 0.408024 -0.472624
vn -0.733800 0.514205 -0.443995
vn -0.648289 0.652577 -0.392255
vn -0.492524 0.817687 -0.298008
vn -0.283045 0.943692 -0.171260
vn -0.038620 0.998981 -0.023368
vn 0.248007 0.957065 0.150060
vn 0.481498 0.826609 0.291337
vn 0.617416 0.692271 0.373575
vn 0.708547 0.560504 0.428715
vn 0.777366 0.417694 0.470355
vn 0.820798 0.282217 0.496634
vn 0.843340 0.168520 0.510273
vn 0.853730 0.065660 0.516560
vn 0.855080 -0.034060 0.517377
vn 0.848376 -0.129464 0.513320
vn 0.834570 -0.220233 0.504967
vn 0.810177 -0.321420 0.490207
vn 0.751621 -0.477747 0.454778
vn 0.626218 -0.681385 0.378901
vn 0.508744 -0.804006 0.307822
vn 0.504853 -0.807349 0.305468
vn 0.558232 -0.757821 0.337765
vn 0.586755 -0.727789 0.355023
vn 0.620818 -0.688102 0.375633
vn 0.695395 -0.582571 0.420757
vn 0.787008 -0.392252 0.476189
vn 0.835391 -0.215936 0.505464
vn 0.848725 -0.126295 0.513532
vn 0.851136 -0.101742 0.514991
vn 0.855576 0.000000 0.517677
vn -0.837218 -0.086107 -0.540048
vn -0.837121 -0.087426 -0.539985
vn -0.838786 -0.060765 -0.541059
vn -0.840171 0.020017 -0.541952
vn -0.829184 0.162395 -0.534866
vn -0.799229 0.308947 -0.515543
vn -0.763044 0.418928 -0.492202
vn -0.713540 0.528217 -0.460269
vn -0.624460 0.669175 -0.402808
vn -0.465277 0.832731 -0.300127
vn -0.257243 0.951994 -0.165934
vn -0.020898 0.999691 -0.013480
vn 0.251326 0.954229 0.162118
vn 0.472713 0.826779 0.304924
vn 0.603089 0.696379 0.389023
vn 0.691941 0.567452 0.446336
vn 0.760379 0.425735 0.490483
vn 0.804449 0.289126 0.518910
vn 0.827652 0.173109 0.533877
vn 0.838422 0.067510 0.540824
vn 0.839825 -0.034982 0.541729
vn 0.832918 -0.132604 0.537274
vn 0.818814 -0.224883 0.528176
vn 0.794094 -0.327163 0.512230
vn 0.735321 -0.484072 0.474319
vn 0.611772 -0.685570 0.394624
vn 0.498574 -0.804981 0.321605
vn 0.495862 -0.807349 0.319856
vn 0.548290 -0.757821 0.353675
vn 0.576306 -0.727789 0.371746
vn 0.609762 -0.688102 0.393327
vn 0.683011 -0.582571 0.440576
vn 0.772992 -0.392252 0.498619
vn 0.820513 -0.215936 0.529272
vn 0.833610 -0.126295 0.537721
vn 0.835978 -0.101742 0.539248
vn 0.840339 0.000000 0.542061
vn -0.821557 -0.086442 -0.563535
vn -0.821448 -0.087952 -0.563460
vn -0.823092 -0.061314 -0.564588
vn -0.824474 0.020271 -0.565536
vn -0.813321 0.165143 -0.557886
vn -0.782678 0.314942 -0.536867
vn -0.745532 0.427393 -0.511387
vn -0.694571 0.539059 -0.476431
vn -0.603209 0.681865 -0.413762
vn -0.442431 0.843893 -0.303479
vn -0.236922 0.957840 -0.162513
vn -0.008040 0.999952 -0.005515
vn 0.252241 0.952070 0.173021
vn 0.463730 0.826906 0.318089
vn 0.589353 0.699456 0.404258
vn 0.676006 0.572713 0.463697
vn 0.743762 0.431904 0.510173
vn 0.788076 0.294486 0.540569
vn 0.811669 0.176690 0.556753
vn 0.822681 0.068957 0.564306
vn 0.824118 -0.035701 0.565292
vn 0.817090 -0.135043 0.560471
vn 0.802832 -0.228473 0.550691
vn 0.777995 -0.331567 0.533654
vn 0.719381 -0.488875 0.493449
vn 0.597901 -0.688706 0.410121
vn 0.488448 -0.805708 0.335044
vn 0.486601 -0.807349 0.333777
vn 0.538050 -0.757821 0.369067
vn 0.565542 -0.727789 0.387925
vn 0.598373 -0.688102 0.410445
vn 0.670254 -0.582571 0.459751
vn 0.758555 -0.392252 0.520320
vn 0.805188 -0.215936 0.552307
vn 0.818041 -0.126295 0.561123
vn 0.820365 -0.101742 0.562717
vn 0.824644 0.000000 0.565652
vn -0.805512 -0.086646 -0.586210
vn -0.805397 -0.088273 -0.586126
vn -0.807015 -0.061652 -0.587304
vn -0.808385 0.020427 -0.588300
vn -0.797219 0.166849 -0.580175
vn -0.766399 0.318675 -0.557745
vn -0.728957 0.432661 -0.530497
vn -0.677506 0.545787 -0.493054
vn -0.585493 0.689670 -0.426091
vn -0.425135 0.850610 -0.309391
vn -0.222967 0.961226 -0.162264
vn -0.000489 1.000000 -0.000356
vn 0.250626 0.950747 0.182393
vn 0.454591 0.826983 0.330828
vn 0.576372 0.701323 0.419454
vn 0.660991 0.575930 0.481035
vn 0.727768 0.435712 0.529631
vn 0.771863 0.297819 0.561722
vn 0.795505 0.178927 0.578927
vn 0.806578 0.069862 0.586985
vn 0.808025 -0.036150 0.588038
vn 0.800978 -0.136561 0.582910
vn 0.786743 -0.230698 0.572550
vn 0.762039 -0.334284 0.554572
vn 0.704006 -0.491818 0.512339
vn 0.584769 -0.690609 0.425564
vn 0.478433 -0.806147 0.348179
vn 0.477106 -0.807349 0.347213
vn 0.527551 -0.757821 0.383924
vn 0.554507 -0.727789 0.403541
vn 0.586697 -0.688102 0.426968
vn 0.657176 -0.582571 0.478258
vn 0.743754 -0.392252 0.541265
vn 0.789477 -0.215936 0.574541
vn 0.802079 -0.126295 0.583711
vn 0.804358 -0.101742 0.585370
vn 0.808553 0.000000 0.588423
vn -0.789147 -0.086705 -0.608054
vn -0.789031 -0.088366 -0.607965
vn -0.790618 -0.061750 -0.609187
vn -0.791964 0.020473 -0.610224
vn -0.780959 0.167348 -0.601745
vn -0.750540 0.319768 -0.578306
vn -0.713563 0.434202 -0.549815
vn -0.662728 0.547753 -0.510645
vn -0.571881 0.691941 -0.440646
vn -0.414012 0.852543 -0.319005
vn -0.215781 0.962182 -0.166264
vn 0.001612 0.999998 0.001242
vn 0.246468 0.950362 0.189909
vn 0.445332 0.827005 0.343137
vn 0.564244 0.701862 0.434762
vn 0.647044 0.576864 0.498560
vn 0.712559 0.436822 0.549041
vn 0.755944 0.298795 0.582470
vn 0.779252 0.179583 0.600430
vn 0.790180 0.070128 0.608850
vn 0.791609 -0.036282 0.609950
vn 0.784661 -0.137005 0.604597
vn 0.770640 -0.231349 0.593794
vn 0.746338 -0.335076 0.575068
vn 0.689323 -0.492673 0.531137
vn 0.572474 -0.691160 0.441103
vn 0.468579 -0.806274 0.361049
vn 0.467415 -0.807349 0.360153
vn 0.516836 -0.757821 0.398232
vn 0.543244 -0.727789 0.418580
vn 0.574781 -0.688102 0.442880
vn 0.643828 -0.582571 0.496082
vn 0.728647 -0.392252 0.561437
vn 0.773442 -0.215936 0.595952
vn 0.785787 -0.126295 0.605465
vn 0.788020 -0.101742 0.607185
vn 0.792130 0.000000 0.610352
vn -0.772522 -0.086613 -0.629053
vn -0.772413 -0.088222 -0.628964
vn -0.773964 -0.061598 -0.630227
vn -0.775275 0.020402 -0.631295
vn -0.764602 0.166576 -0.622604
vn -0.735164 0.318076 -0.598633
vn -0.699414 0.431816 -0.569522
vn -0.650300 0.544709 -0.529530
vn -0.562431 0.688423 -0.457979
vn -0.409055 0.849545 -0.333088
vn -0.215263 0.960696 -0.175285
vn -0.001596 0.999998 -0.001299
vn 0.239858 0.950958 0.195313
vn 0.435985 0.826970 0.355016
vn 0.552991 0.701026 0.450293
vn 0.634198 0.575417 0.516418
vn 0.698188 0.435103 0.568524
vn 0.740378 0.297285 0.602879
vn 0.762973 0.178568 0.621278
vn 0.773549 0.069717 0.629890
vn 0.774931 -0.036078 0.631015
vn 0.768198 -0.136317 0.625532
vn 0.754584 -0.230342 0.614447
vn 0.730946 -0.333850 0.595199
vn 0.675376 -0.491349 0.549949
vn 0.561041 -0.690306 0.456848
vn 0.458911 -0.806077 0.373685
vn 0.457565 -0.807349 0.372588
vn 0.505943 -0.757821 0.411982
vn 0.531795 -0.727789 0.433033
vn 0.562667 -0.688102 0.458171
vn 0.630259 -0.582571 0.513211
vn 0.713291 -0.392252 0.580822
vn 0.757142 -0.215936 0.616529
vn 0.769227 -0.126295 0.626370
vn 0.771412 -0.101742 0.628150
vn 0.775436 0.000000 0.631426
vn -0.755696 -0.086374 -0.649202
vn -0.755598 -0.087845 -0.649118
vn -0.757109 -0.061203 -0.650416
vn -0.758376 0.020219 -0.651504
vn -0.748187 0.164581 -0.642751
vn -0.720238 0.313715 -0.618741
vn -0.686381 0.425661 -0.589655
vn -0.639959 0.536842 -0.549775
vn -0.556669 0.679282 -0.478222
vn -0.409630 0.841645 -0.351904
vn -0.220828 0.956685 -0.189709
vn -0.009710 0.999918 -0.008342
vn 0.230980 0.952509 0.198430
vn 0.426581 0.826880 0.366466
vn 0.542565 0.698834 0.466106
vn 0.622375 0.571646 0.534669
vn 0.684590 0.430647 0.588116
vn 0.725150 0.293389 0.622961
vn 0.746696 0.175956 0.641470
vn 0.756741 0.068660 0.650099
vn 0.758051 -0.035553 0.651225
vn 0.751634 -0.134543 0.645712
vn 0.738598 -0.227740 0.634514
vn 0.715861 -0.330669 0.614980
vn 0.662121 -0.487899 0.568814
vn 0.550422 -0.688072 0.472856
vn 0.449439 -0.805561 0.386104
vn 0.447589 -0.807349 0.384514
vn 0.494913 -0.757821 0.425169
vn 0.520201 -0.727789 0.446894
vn 0.550400 -0.688102 0.472837
vn 0.616519 -0.582571 0.529638
vn 0.697740 -0.392252 0.599413
vn 0.740635 -0.215936 0.636263
vn 0.752457 -0.126295 0.646419
vn 0.754595 -0.101742 0.648256
vn 0.758531 0.000000 0.651637
vn -0.738725 -0.085998 -0.668498
vn -0.738644 -0.087256 -0.668425
vn -0.740109 -0.060588 -0.669752
vn -0.741324 0.019936 -0.670851
vn -0.731736 0.161518 -0.662174
vn -0.705657 0.307037 -0.638574
vn -0.674190 0.416231 -0.610098
vn -0.631180 0.524755 -0.571177
vn -0.553701 0.665095 -0.501064
vn -0.414580 0.829079 -0.375168
vn -0.231473 0.950023 -0.209468
vn -0.022095 0.999556 -0.019994
vn 0.220104 0.954925 0.199180
vn 0.417143 0.826738 0.377487
vn 0.532854 0.695379 0.482198
vn 0.611399 0.565752 0.553277
vn 0.671608 0.423756 0.607762
vn 0.710185 0.287418 0.642672
vn 0.730425 0.171971 0.660988
vn 0.739803 0.067051 0.669474
vn 0.741024 -0.034753 0.670579
vn 0.735001 -0.131827 0.665128
vn 0.722675 -0.223736 0.653975
vn 0.701029 -0.325750 0.634386
vn 0.649443 -0.482522 0.587704
vn 0.540507 -0.684551 0.489124
vn 0.440154 -0.804744 0.398311
vn 0.437523 -0.807349 0.395930
vn 0.483783 -0.757821 0.437792
vn 0.508502 -0.727789 0.460162
vn 0.538022 -0.688102 0.486875
vn 0.602653 -0.582571 0.545363
vn 0.682048 -0.392252 0.617210
vn 0.723978 -0.215936 0.655154
vn 0.735534 -0.126295 0.665611
vn 0.737624 -0.101742 0.667502
vn 0.741472 0.000000 0.670984
vn -0.721661 -0.085504 -0.686946
vn -0.721599 -0.086484 -0.686888
vn -0.723017 -0.059789 -0.688238
vn -0.724174 0.019572 -0.689339
vn -0.715259 0.157619 -0.680853
vn -0.691275 0.298572 -0.658022
vn -0.662486 0.404269 -0.630618
vn -0.623307 0.509368 -0.593323
vn -0.552405 0.646800 -0.525832
vn -0.422415 0.812333 -0.402095
vn -0.245869 0.940624 -0.234042
vn -0.037907 0.998630 -0.036083
vn 0.207573 0.958057 0.197588
vn 0.407691 0.826548 0.388080
vn 0.523700 0.690817 0.498508
vn 0.601033 0.558065 0.572121
vn 0.659029 0.414900 0.627327
vn 0.695375 0.279836 0.661925
vn 0.714148 0.166945 0.679795
vn 0.722780 0.065026 0.688012
vn 0.723901 -0.033744 0.689078
vn 0.718319 -0.128382 0.683766
vn 0.706792 -0.218624 0.672792
vn 0.686368 -0.319424 0.653351
vn 0.637177 -0.475532 0.606527
vn 0.531140 -0.679904 0.505590
vn 0.431032 -0.803659 0.410298
vn 0.427398 -0.807349 0.406839
vn 0.472588 -0.757821 0.449854
vn 0.496735 -0.727789 0.472840
vn 0.525572 -0.688102 0.500290
vn 0.588707 -0.582571 0.560388
vn 0.666265 -0.392252 0.634215
vn 0.707225 -0.215936 0.673205
vn 0.718513 -0.126295 0.683950
vn 0.720555 -0.101742 0.685893
vn 0.724313 0.000000 0.689471
vn -0.704553 -0.084916 -0.704553
vn -0.704513 -0.085573 -0.704513
vn -0.705881 -0.058855 -0.705881
vn -0.706977 0.019150 -0.706977
vn -0.698764 0.153159 -0.698764
vn -0.676946 0.288941 -0.676946
vn -0.650919 0.390650 -0.650919
vn -0.615689 0.491786 -0.615689
vn -0.551648 0.625594 -0.551648
vn -0.431540 0.792179 -0.431540
vn -0.262493 0.928545 -0.262493
vn -0.056140 0.996843 -0.056140
vn 0.193796 0.961710 0.193796
vn 0.398243 0.826320 0.398243
vn 0.514918 0.685361 0.514918
vn 0.591011 0.549011 0.591011
vn 0.646627 0.404657 0.646627
vn 0.680609 0.271190 0.680609
vn 0.697852 0.161259 0.697852
vn 0.705714 0.062742 0.705714
vn 0.706731 -0.032603 0.706731
vn 0.701609 -0.124460 0.701609
vn 0.690918 -0.212756 0.690918
vn 0.671786 -0.312099 0.671786
vn 0.625140 -0.467333 0.625140
vn 0.522136 -0.674350 0.522136
vn 0.422038 -0.802351 0.422038
vn 0.417245 -0.807349 0.417245
vn 0.461361 -0.757821 0.461361
vn 0.484935 -0.727789 0.484935
vn 0.513086 -0.688102 0.513086
vn 0.574722 -0.582571 0.574722
vn 0.650438 -0.392252 0.650438
vn 0.690424 -0.215936 0.690424
vn 0.701445 -0.126295 0.701445
vn 0.703437 -0.101742 0.703437
vn 0.707107 0.000000 0.707107
f 1/1/1 38/38/38 39/39/39
f 1/1/1 39/39/39 2/2/2
f 2/2/2 39/39/39 40/40/40
f 2/2/2 40/40/40 3/3/3
f 3/3/3 40/40/40 41/41/41
f 3/3/3 41/41/41 4/4/4
f 4/4/4 41/41/41 42/42/42
f 4/4/4 42/42/42 5/5/5
f 5/5/5 42/42/42 43/43/43
f 5/5/5 43/43/43 6/6/6
f 6/6/6 43/43/43 44/44/44
f 6/6/6 44/44/44 7/7/7
f 7/7/7 44/44/44 45/45/45
f 7/7/7 45/45/45 8/8/8
f 8/8/8 45/45/45 46/46/46
f 8/8/8 46/46/46 9/9/9
f 9/9/9 46/46/46 47/47/47
f 9/9/9 47/47/47 10/10/10
f 10/10/10 47/47/47 48/48/48
f 10/10/10 48/48/48 11/11/11
f 11/11/11 48/48/48 49/49/49
f 11/11/11 49/49/49 12/12/12
f 12/12/12 49/49/49 50/50/50
f 12/12/12 50/50/50 13/13/13
f 13/13/13 50/50/50 51/51/51
f 13/13/13 51/51/51 14/14/14
f 14/14/14 51/51/51 52/52/52
f 14/14/14 52/52/52 15/15/15
f 15/15/15 52/52/52 53/53/53
f 15/15/15 53/53/53 16/16/16
f 16/16/16 53/53/53 54/54/54
f 16/16/16 54/54/54 17/17/17
f 17/17/17 54/54/54 55/55/55
f 17/17/17 55/55/55 18/18/18
f 18/18/18 55/55/55 56/56/56
f 18/18/18 56/56/56 19/19/19
f 19/19/19 56/56/56 57/57/57
f 19/19/19 57/57/57 20/20/20
f 20/20/20 57/57/57 58/58/58
f 20/20/20 58/58/58 21/21/21
f 21/21/21 58/58/58 59/59/59
f 21/21/21 59/59/59 22/22/22
f 22/22/22 59/59/59 60/60/60
f 22/22/22 60/60/60 23/23/23
f 23/23/23 60/60/60 61/61/61
f 23/23/23 61/61/61 24/24/24
f 24/24/24 61/61/61 62/62/62
f 24/24/24 62/62/62 25/25/25
f 25/25/25 62/62/62 63/63/63
f 25/25/25 63/63/63 26/26/26
f 26/26/26 63/63/63 64/64/64
f 26/26/26 64/64/64 27/27/27
f 27/27/27 64/64/64 65/65/65
f 27/27/27 65/65/65 28/28/28
f 28/28/28 65/65/65 66/66/66
f 28/28/28 66/66/66 29/29/29
f 29/29/29 66/66/66 67/67/67
f 29/29/29 67/67/67 30/30/30
f 30/30/30 67/67/67 68/68/68
f 30/30/30 68/68/68 31/31/31
f 31/31/31 68/68/68 69/69/69
f 31/31/31 69/69/69 32/32/32
f 32/32/32 69/69/69 70/70/70
f 32/32/32 70/70/70 33/33/33
f 33/33/33 70/70/70 71/71/71
f 33/33/33 71/71/71 34/34/34
f 34/34/34 71/71/71 72/72/72
f 34/34/34 72/72/72 35/35/35
f 35/35/35 72/72/72 73/73/73
f 35/35/35 73/73/73 36/36/36
f 36/36/36 73/73/73 74/74/74
f 36/36/36 74/74/74 37/37/37
f 38/38/38 75/75/75 76/76/76
f 38/38/38 76/76/76 39/39/39
f 39/39/39 76/76/76 77/77/77
f 39/39/39 77/77/77 40/40/40
f 40/40/40 77/77/77 78/78/78
f 40/40/40 78/78/78 41/41/41
f 41/41/41 78/78/78 79/79/79
f 41/41/41 79/79/79 42/42/42
f 42/42/42 79/79/79 80/80/80
f 42/42/42 80/80/80 43/43/43
f 43/43/43 80/80/80 81/81/81
f 43/43/43 81/81/81 44/44/44
f 44/44/44 81/81/81 82/82/82
f 44/44/44 82/82/82 45/45/45
f 45/45/45 82/82/82 83/83/83
f 45/45/45 83/83/83 46/46/46
f 46/46/46 83/83/83 84/84/84
f 46/46/46 84/84/84 47/47/47
f 47/47/47 84/84/84 85/85/85
f 47/47/47 85/85/85 48/48/48
f 48/48/48 85/85/85 86/86/86
f 48/48/48 86/86/86 49/49/49
f 49/49/49 86/86/86 87/87/87
f 49/49/49 87/87/87 50/50/50
f 50/50/50 87/87/87 88/88/88
f 50/50/50 88/88/88 51/51/51
f 51/51/51 88/88/88 89/89/89
f 51/51/51 89/89/89 52/52/52
f 52/52/52 89/89/89 90/90/90
f 52/52/52 90/90/90 53/53/53
f 53/53/53 90/90/90 91/91/91
f 53/53/53 91/91/91 54/54/54
f 54/54/54 91/91/91 92/92/92
f 54/54/54 92/92/92 55/55/55
f 55/55/55 92/92/92 93/93/93
f 55/55/55 93/93/93 56/56/56
f 56/56/56 93/93/93 94/94/94
f 56/56/56 94/94/94 57/57/57
f 57/57/57 94/94/94 95/95/95
f 57/57/57 95/95/95 58/58/58
f 58/58/58 95/95/95 96/96/96
f 58/58/58 96/96/96 59/59/59
f 59/59/59 96/96/96 97/97/97
f 59/59/59 97/97/97 60/60/60
f 60/60/60 97/97/97 98/98/98
f 60/60/60 98/98/98 61/61/61
f 61/61/61 98/98/98 99/99/99
f 61/61/61 99/99/99 62/62/62
f 62/62/62 99/99/99 100/100/100
f 62/62/62 100/100/100 63/63/63
f 63/63/63 100/100/100 101/101/101
f 63/63/63 101/101/101 64/64/64
f 64/64/64 101/101/101 102/102/102
f 64/64/64 102/102/102 65/65/65
f 65/65/65 102/102/102 103/103/103
f 65/65/65 103/103/103 66/66/66
f 66/66/66 103/103/103 104/104/104
f 66/66/66 104/104/104 67/67/67
f 67/67/67 104/104/104 105/105/105
f 67/67/67 105/105/105 68/68/68
f 68/68/68 105/105/105 106/106/106
f 68/68/68 106/106/106 69/69/69
f 69/69/69 106/106/106 107/107/107
f 69/69/69 107/107/107 70/70/70
f 70/70/70 107/107/107 108/108/108
f 70/70/70 108/108/108 71/71/71
f 71/71/71 108/108/108 109/109/109
f 71/71/71 109/109/109 72/72/72
f 72/72/72 109/109/109 110/110/110
f 72/72/72 110/110/110 73/73/73
f 73/73/73 110/110/110 111/111/111
f 73/73/73 111/111/111 74/74/74
f 75/75/75 112/112/112 113/113/113
f 75/75/75 113/113/113 76/76/76
f 76/76/76 113/113/113 114/114/114
f 76/76/76 114/114/114 77/77/77
f 77/77/77 114/114/114 115/115/115
f 77/77/77 115/115/115 78/78/78
f 78/78/78 115/115/115 116/116/116
f 78/78/78 116/116/116 79/79/79
f 79/79/79 116/116/116 117/117/117
f 79/79/79 117/117/117 80/80/80
f 80/80/80 117/117/117 118/118/118
f 80/80/80 118/118/118 81/81/81
f 81/81/81 118/118/118 119/119/119
f 81/81/81 119/119/119 82/82/82
f 82/82/82 119/119/119 120/120/120
f 82/82/82 120/120/120 83/83/83
f 83/83/83 120/120/120 121/121/121
f 83/83/83 121/121/121 84/84/84
f 84/84/84 121/121/121 122/122/122
f 84/84/84 122/122/122 85/85/85
f 85/85/85 122/122/122 123/123/123
f 85/85/85 123/123/123 86/86/86
f 86/86/86 123/123/123 124/124/124
f 86/86/86 124/124/124 87/87/87
f 87/87/87 124/124/124 125/125/125
f 87/87/87 125/125/125 88/88/88
f 88/88/88 125/125/125 126/126/126
f 88/88/88 126/126/126 89/89/89
f 89/89/89 126/126/126 127/127/127
f 89/89/89 127/127/127 90/90/90
f 90/90/90 127/127/127 128/128/128
f 90/90/90 128/128/128 91/91/91
f 91/91/91 128/128/128 129/129/129
f 91/91/91 129/129/129 92/92/92
f 92/92/92 129/129/129 130/130/130
f 92/92/92 130/130/130 93/93/93
f 93/93/93 130/130/130 131/131/131
f 93/93/93 131/131/131 94/94/94
f 94/94/94 131/131/131 132/132/132
f 94/94/94 132/132/132 95/95/95
f 95/95/95 132/132/132 133/133/133
f 95/95/95 133/133/133 96/96/96
f 96/96/96 133/133/133 134/134/134
f 96/96/96 134/134/134 97/97/97
f 97/97/97 134/134/134 135/135/135
f 97/97/97 135/135/135 98/98/98
f 98/98/98 135/135/135 136/136/136
f 98/98/98 136/136/136 99/99/99
f 99/99/99 136/136/136 137/137/137
f 99/99/99 137/137/137 100/100/100
f 100/100/100 137/137/137 138/138/138
f 100/100/100 138/138/138 101/101/101
f 101/101/101 138/138/138 139/139/139
f 101/101/101 139/139/139 102/102/102
f 102/102/102 139/139/139 140/140/140
f 102/102/102 140/140/140 103/103/103
f 103/103/103 140/140/140 141/141/141
f 103/103/103 141/141/141 104/104/104
f 104/104/104 141/141/141 142/142/142
f 104/104/104 142/142/142 105/105/105
f 105/105/105 142/142/142 143/143/143
f 105/105/105 143/143/143 106/106/106
f 106/106/106 143/143/143 144/144/144
f 106/106/106 144/144/144 107/107/107
f 107/107/107 144/144/144 145/145/145
f 107/107/107 145/145/145 108/108/108
f 108/108/108 145/145/145 146/146/146
f 108/108/108 146/146/146 109/109/109
f 109/109/109 146/146/146 147/147/147
f 109/109/109 147/147/147 110/110/110
f 110/110/110 147/147/147 148/148/148
f 110/110/110 148/148/148 111/111/111
f 112/112/112 149/149/149 150/150/150
f 112/112/112 150/150/150 113/113/113
f 113/113/113 150/150/150 151/151/151
f 113/113/113 151/151/151 114/114/114
f 114/114/114 151/151/151 152/152/152
f 114/114/114 152/152/152 115/115/115
f 115/115/115 152/152/152 153/153/153
f 115/115/115 153/153/153 116/116/116
f 116/116/116 153/153/153 154/154/154
f 116/116/116 154/154/154 117/117/117
f 117/117/117 154/154/154 155/155/155
f 117/117/117 155/155/155 118/118/118
f 118/118/118 155/155/155 156/156/156
f 118/118/118 156/156/156 119/119/119
f 119/119/119 156/156/156 157/157/157
f 119/119/119 157/157/157 120/120/120
f 120/120/120 157/157/157 158/158/158
f 120/120/120 158/158/158 121/121/121
f 121/121/121 158/158/158 159/159/159
f 121/121/121 159/159/159 122/122/122
f 122/122/122 159/159/159 160/160/160
f 122/122/122 160/160/160 123/123/123
f 123/123/123 160/160/160 161/161/161
f 123/123/123 161/161/161 124/124/124
f 124/124/124 161/161/161 162/162/162
f 124/124/124 162/162/162 125/125/125
f 125/125/125 162/162/162 163/163/163
f 125/125/125 163/163/163 126/126/126
f 126/126/126 163/163/163 164/164/164
f 126/126/126 164/164/164 127/127/127
f 127/127/127 164/164/164 165/165/165
f 127/127/127 165/165/165 128/128/128
f 128/128/128 165/165/165 166/166/166
f 128/128/128 166/166/166 129/129/129
f 129/129/129 166/166/166 167/167/167
f 129/129/129 167/167/167 130/130/130
f 130/130/130 167/167/167 168/168/168
f 130/130/130 168/168/168 131/131/131
f 131/131/131 168/168/168 169/169/169
f 131/131/131 169/169/169 132/132/132
f 132/132/132 169/169/169 170/170/170
f 132/132/132 170/170/170 133/133/133
f 133/133/133 170/170/170 171/171/171
f 133/133/133 171/171/171 134/134/134
f 134/134/134 171/171/171 172/172/172
f 134/134/134 172/172/172 135/135/135
f 135/135/135 172/172/172 173/173/173
f 135/135/135 173/173/173 136/136/136
f 136/136/136 173/173/173 174/174/174
f 136/136/136 174/174/174 137/137/137
f 137/137/137 174/174/174 175/175/175
f 137/137/137 175/175/175 138/138/138
f 138/138/138 175/175/175 176/176/176
f 138/138/138 176/176/176 139/139/139
f 139/139/139 176/176/176 177/177/177
f 139/139/139 177/177/177 140/140/140
f 140/140/140 177/177/177 178/178/178
f 140/140/140 178/178/178 141/141/141
f 141/141/141 178/178/178 179/179/179
f 141/141/141 179/179/179 142/142/142
f 142/142/142 179/179/179 180/180/180
f 142/142/142 180/180/180 143/143/143
f 143/143/143 180/180/180 181/181/181
f 143/143/143 181/181/181 144/144/144
f 144/144/144 181/181/181 182/182/182
f 144/144/144 182/182/182 145/145/145
f 145/145/145 182/182/182 183/183/183
f 145/145/145 183/183/183 146/146/146
f 146/146/146 183/183/183 184/184/184
f 146/146/146 184/184/184 147/147/147
f 147/147/147 184/184/184 185/185/185
f 147/147/147 185/185/185 148/148/148
f 149/149/149 186/186/186 187/187/187
f 149/149/149 187/187/187 150/150/150
f 150/150/150 187/187/187 188/188/188
f 150/150/150 188/188/188 151/151/151
f 151/151/151 188/188/188 189/189/189
f 151/151/151 189/189/189 152/152/152
f 152/152/152 189/189/189 190/190/190
f 152/152/152 190/190/190 153/153/153
f 153/153/153 190/190/190 191/191/191
f 153/153/153 191/191/191 154/154/154
f 154/154/154 191/191/191 192/192/192
f 154/154/154 192/192/192 155/155/155
f 155/155/155 192/192/192 193/193/193
f 155/155/155 193/193/193 156/156/156
f 156/156/156 193/193/193 194/194/194
f 156/156/156 194/194/194 157/157/157
f 157/157/157 194/194/194 195/195/195
f 157/157/157 195/195/195 158/158/158
f 158/158/158 195/195/195 196/196/196
f 158/158/158 196/196/196 159/159/159
f 159/159/159 196/196/196 197/197/197
f 159/159/159 197/197/197 160/160/160
f 160/160/160 197/197/197 198/198/198
f 160/160/160 198/198/198 161/161/161
f 161/161/161 198/198/198 199/199/199
f 161/161/161 199/199/199 162/162/162
f 162/162/162 199/199/199 200/200/200
f 162/162/162 200/200/200 163/163/163
f 163/163/163 200/200/200 201/201/201
f 163/163/163 201/201/201 164/164/164
f 164/164/164 201/201/201 202/202/202
f 164/164/164 202/202/202 165/165/165
f 165/165/165 202/202/202 203/203/203
f 165/165/165 203/203/203 166/166/166
f 166/166/166 203/203/203 204/204/204
f 166/166/166 204/204/204 167/167/167
f 167/167/167 204/204/204 205/205/205
f 167/167/167 205/205/205 168/168/168
f 168/168/168 205/205/205 206/206/206
f 168/168/168 206/206/206 169/169/169
f 169/169/169 206/206/206 207/207/207
f 169/169/169 207/207/207 170/170/170
f 170/170/170 207/207/207 208/208/208
f 170/170/170 208/208/208 171/171/171
f 171/171/171 208/208/208 209/209/209
f 171/171/171 209/209/209 172/172/172
f 172/172/172 209/209/209 210/210/210
f 172/172/172 210/210/210 173/173/173
f 173/173/173 210/210/210 211/211/211
f 173/173/173 211/211/211 174/174/174
f 174/174/174 211/211/211 212/212/212
f 174/174/174 212/212/212 175/175/175
f 175/175/175 212/212/212 213/213/213
f 175/175/175 213/213/213 176/176/176
f 176/176/176 213/213/213 214/214/214
f 176/176/176 214/214/214 177/177/177
f 177/177/177 214/214/214 215/215/215
f 177/177/177 215/215/215 178/178/178
f 178/178/178 215/215/215 216/216/216
f 178/178/178 216/216/216 179/179/179
f 179/179/179 216/216/216 217/217/217
f 179/179/179 217/217/217 180/180/180
f 180/180/180 217/217/217 218/218/218
f 180/180/180 218/218/218 181/181/181
f 181/181/181 218/218/218 219/219/219
f 181/181/181 219/219/219 182/182/182
f 182/182/182 219/219/219 220/220/220
f 182/182/182 220/220/220 183/183/183
f 183/183/183 220/220/220 221/221/221
f 183/183/183 221/221/221 184/184/184
f 184/184/184 221/221/221 222/222/222
f 184/184/184 222/222/222 185/185/185
f 186/186/186 223/223/223 224/224/224
f 186/186/186 224/224/224 187/187/187
f 187/187/187 224/224/224 225/225/225
f 187/187/187 225/225/225 188/188/188
f 188/188/188 225/225/225 226/226/226
f 188/188/188 226/226/226 189/189/189
f 189/189/189 226/226/226 227/227/227
f 189/189/189 227/227/227 190/190/190
f 190/190/190 227/227/227 228/228/228
f 190/190/190 228/228/228 191/191/191
f 191/191/191 228/228/228 229/229/229
f 191/191/191 229/229/229 192/192/192
f 192/192/192 229/229/229 230/230/230
f 192/192/192 230/230/230 193/193/193
f 193/193/193 230/230/230 231/231/231
f 193/193/193 231/231/231 194/194/194
f 194/194/194 231/231/231 232/232/232
f 194/194/194 232/232/232 195/195/195
f 195/195/195 232/232/232 233/233/233
f 195/195/195 233/233/233 196/196/196
f 196/196/196 233/233/233 234/234/234
f 196/196/196 234/234/234 197/197/197
f 197/197/197 234/234/234 235/235/235
f 197/197/197 235/235/235 198/198/198
f 198/198/198 235/235/235 236/236/236
f 198/198/198 236/236/236 199/199/199
f 199/199/199 236/236/236 237/237/237
f 199/199/199 237/237/237 200/200/200
f 200/200/200 237/237/237 238/238/238
f 200/200/200 238/238/238 201/201/201
f 201/201/201 238/238/238 239/239/239
f 201/201/201 239/239/239 202/202/202
f 202/202/202 239/239/239 240/240/240
f 202/202/202 240/240/240 203/203/203
f 203/203/203 240/240/240 241/241/241
f 203/203/203 241/241/241 204/204/204
f 204/204/204 241/241/241 242/242/242
f 204/204/204 242/242/242 205/205/205
f 205/205/205 242/242/242 243/243/243
f 205/205/205 243/243/243 206/206/206
f 206/206/206 243/243/243 244/244/244
f 206/206/206 244/244/244 207/207/207
f 207/207/207 244/244/244 245/245/245
f 207/207/207 245/245/245 208/208/208
f 208/208/208 245/245/245 246/246/246
f 208/208/208 246/246/246 209/209/209
f 209/209/209 246/246/246 247/247/247
f 209/209/209 247/247/247 210/210/210
f 210/210/210 247/247/247 248/248/248
f 210/210/210 248/248/248 211/211/211
f 211/211/211 248/248/248 249/249/249
f 211/211/211 249/249/249 212/212/212
f 212/212/212 249/249/249 250/250/250
f 212/212/212 250/250/250 213/213/213
f 213/213/213 250/250/250 251/251/251
f 213/213/213 251/251/251 214/214/214
f 214/214/214 251/251/251 252/252/252
f 214/214/214 252/252/252 215/215/215
f 215/215/215 252/252/252 253/253/253
f 215/215/215 253/253/253 216/216/216
f 216/216/216 253/253/253 254/254/254
f 216/216/216 254/254/254 217/217/217
f 217/217/217 254/254/254 255/255/255
f 217/217/217 255/255/255 218/218/218
f 218/218/218 255/255/255 256/256/256
f 218/218/218 256/256/256 219/219/219
f 219/219/219 256/256/256 257/257/257
f 219/219/219 257/257/257 220/220/220
f 220/220/220 257/257/257 258/258/258
f 220/220/220 258/258/258 221/221/221
f 221/221/221 258/258/258 259/259/259
f 221/221/221 259/259/259 222/222/222
f 223/223/223 260/260/260 261/261/261
f 223/223/223 261/261/261 224/224/224
f 224/224/224 261/261/261 262/262/262
f 224/224/224 262/262/262 225/225/225
f 225/225/225 262/262/262 263/263/263
f 225/225/225 263/263/263 226/226/226
f 226/226/226 263/263/263 264/264/264
f 226/226/226 264/264/264 227/227/227
f 227/227/227 264/264/264 265/265/265
f 227/227/227 265/265/265 228/228/228
f 228/228/228 265/265/265 266/266/266
f 228/228/228 266/266/266 229/229/229
f 229/229/229 266/266/266 267/267/267
f 229/229/229 267/267/267 230/230/230
f 230/230/230 267/267/267 268/268/268
f 230/230/230 268/268/268 231/231/231
f 231/231/231 268/268/268 269/269/269
f 231/231/231 269/269/269 232/232/232
f 232/232/232 269/269/269 270/270/270
f 232/232/232 270/270/270 233/233/233
f 233/233/233 270/270/270 271/271/271
f 233/233/233 271/271/271 234/234/234
f 234/234/234 271/271/271 272/272/272
f 234/234/234 272/272/272 235/235/235
f 235/235/235 272/272/272 273/273/273
f 235/235/235 273/273/273 236/236/236
f 236/236/236 273/273/273 274/274/274
f 236/236/236 274/274/274 237/237/237
f 237/237/237 274/274/274 275/275/275
f 237/237/237 275/275/275 238/238/238
f 238/238/238 275/275/275 276/276/276
f 238/238/238 276/276/276 239/239/239
f 239/239/239 276/276/276 277/277/277
f 239/239/239 277/277/277 240/240/240
f 240/240/240 277/277/277 278/278/278
f 240/240/240 278/278/278 241/241/241
f 241/241/241 278/278/278 279/279/279
f 241/241/241 279/279/279 242/242/242
f 242/242/242 279/279/279 280/280/280
f 242/242/242 280/280/280 243/243/243
f 243/243/243 280/280/280 281/281/281
f 243/243/243 281/281/281 244/244/244
f 244/244/244 281/281/281 282/282/282
f 244/244/244 282/282/282 245/245/245
f 245/245/245 282/282/282 283/283/283
f 245/245/245 283/283/283 246/246/246
f 246/246/246 283/283/283 284/284/284
f 246/246/246 284/284/284 247/247/247
f 247/247/247 284/284/284 285/285/285
f 247/247/247 285/285/285 248/248/248
f 248/248/248 285/285/285 286/286/286
f 248/248/248 286/286/286 249/249/249
f 249/249/249 286/286/286 287/287/287
f 249/249/249 287/287/287 250/250/250
f 250/250/250 287/287/287 288/288/288
f 250/250/250 288/288/288 251/251/251
f 251/251/251 288/288/288 289/289/289
f 251/251/251 289/289/289 252/252/252
f 252/252/252 289/289/289 290/290/290
f 252/252/252 290/290/290 253/253/253
f 253/253/253 290/290/290 291/291/291
f 253/253/253 291/291/291 254/254/254
f 254/254/254 291/291/291 292/292/292
f 254/254/254 292/292/292 255/255/255
f 255/255/255 292/292/292 293/293/293
f 255/255/255 293/293/293 256/256/256
f 256/256/256 293/293/293 294/294/294
f 256/256/256 294/294/294 257/257/257
f 257/257/257 294/294/294 295/295/295
f 257/257/257 295/295/295 258/258/258
f 258/258/258 295/295/295 296/296/296
f 258/258/258 296/296/296 259/259/259
f 260/260/260 297/297/297 298/298/298
f 260/260/260 298/298/298 261/261/261
f 261/261/261 298/298/298 299/299/299
f 261/261/261 299/299/299 262/262/262
f 262/262/262 299/299/299 300/300/300
f 262/262/262 300/300/300 263/263/263
f 263/263/263 300/300/300 301/301/301
f 263/263/263 301/301/301 264/264/264
f 264/264/264 301/301/301 302/302/302
f 264/264/264 302/302/302 265/265/265
f 265/265/265 302/302/302 303/303/303
f 265/265/265 303/303/303 266/266/266
f 266/266/266 303/303/303 304/304/304
f 266/266/266 304/304/304 267/267/267
f 267/267/267 304/304/304 305/305/305
f 267/267/267 305/305/305 268/268/268
f 268/268/268 305/305/305 306/306/306
f 268/268/268 306/306/306 269/269/269
f 269/269/269 306/306/306 307/307/307
f 269/269/269 307/307/307 270/270/270
f 270/270/270 307/307/307 308/308/308
f 270/270/270 308/308/308 271/271/271
f 271/271/271 308/308/308 309/309/309
f 271/271/271 309/309/309 272/272/272
f 272/272/272 309/309/309 310/310/310
f 272/272/272 310/310/310 273/273/273
f 273/273/273 310/310/310 311/311/311
f 273/273/273 311/311/311 274/274/274
f 274/274/274 311/311/311 312/312/312
f 274/274/274 312/312/312 275/275/275
f 275/275/275 312/312/312 313/313/313
f 275/275/275 313/313/313 276/276/276
f 276/276/276 313/313/313 314/314/314
f 276/276/276 314/314/314 277/277/277
f 277/277/277 314/314/314 315/315/315
f 277/277/277 315/315/315 278/278/278
f 278/278/278 315/315/315 316/316/316
f 278/278/278 316/316/316 279/279/279
f 279/279/279 316/316/316 317/317/317
f 279/279/279 317/317/317 280/280/280
f 280/280/280 317/317/317 318/318/318
f 280/280/280 318/318/318 281/281/281
f 281/281/281 318/318/318 319/319/319
f 281/281/281 319/319/319 282/282/282
f 282/282/282 319/319/319 320/320/320
f 282/282/282 320/320/320 283/283/283
f 283/283/283 320/320/320 321/321/321
f 283/283/283 321/321/321 284/284/284
f 284/284/284 321/321/321 322/322/322
f 284/284/284 322/322/322 285/285/285
f 285/285/285 322/322/322 323/323/323
f 285/285/285 323/323/323 286/286/286
f 286/286/286 323/323/323 324/324/324
f 286/286/286 324/324/324 287/287/287
f 287/287/287 324/324/324 325/325/325
f 287/287/287 325/325/325 288/288/288
f 288/288/288 325/325/325 326/326/326
f 288/288/288 326/326/326 289/289/289
f 289/289/289 326/326/326 327/327/327
f 289/289/289 327/327/327 290/290/290
f 290/290/290 327/327/327 328/328/328
f 290/290/290 328/328/328 291/291/291
f 291/291/291 328/328/328 329/329/329
f 291/291/291 329/329/329 292/292/292
f 292/292/292 329/329/329 330/330/330
f 292/292/292 330/330/330 293/293/293
f 293/293/293 330/330/330 331/331/331
f 293/293/293 331/331/331 294/294/294
f 294/294/294 331/331/331 332/332/332
f 294/294/294 332/332/332 295/295/295
f 295/295/295 332/332/332 333/333/333
f 295/295/295 333/333/333 296/296/296
f 297/297/297 334/334/334 335/335/335
f 297/297/297 335/335/335 298/298/298
f 298/298/298 335/335/335 336/336/336
f 298/298/298 336/336/336 299/299/299
f 299/299/299 336/336/336 337/337/337
f 299/299/299 337/337/337 300/300/300
f 300/300/300 337/337/337 338/338/338
f 300/300/300 338/338/338 301/301/301
f 301/301/301 338/338/338 339/339/339
f 301/301/301 339/339/339 302/302/302
f 302/302/302 339/339/339 340/340/340
f 302/302/302 340/340/340 303/303/303
f 303/303/303 340/340/340 341/341/341
f 303/303/303 341/341/341 304/304/304
f 304/304/304 341/341/341 342/342/342
f 304/304/304 342/342/342 305/305/305
f 305/305/305 342/342/342 343/343/343
f 305/305/305 343/343/343 306/306/306
f 306/306/306 343/343/343 344/344/344
f 306/306/306 344/344/344 307/307/307
f 307/307/307 344/344/344 345/345/345
f 307/307/307 345/345/345 308/308/308
f 308/308/308 345/345/345 346/346/346
f 308/308/308 346/346/346 309/309/309
f 309/309/309 346/346/346 347/347/347
f 309/309/309 347/347/347 310/310/310
f 310/310/310 347/347/347 348/348/348
f 310/310/310 348/348/348 311/311/311
f 311/311/311 348/348/348 349/349/349
f 311/311/311 349/349/349 312/312/312
f 312/312/312 349/349/349 350/350/350
f 312/312/312 350/350/350 313/313/313
f 313/313/313 350/350/350 351/351/351
f 313/313/313 351/351/351 314/314/314
f 314/314/314 351/351/351 352/352/352
f 314/314/314 352/352/352 315/315/315
f 315/315/315 352/352/352 353/353/353
f 315/315/315 353/353/353 316/316/316
f 316/316/316 353/353/353 354/354/354
f 316/316/316 354/354/354 317/317/317
f 317/317/317 354/354/354 355/355/355
f 317/317/317 355/355/355 318/318/318
f 318/318/318 355/355/355 356/356/356
f 318/318/318 356/356/356 319/319/319
f 319/319/319 356/356/356 357/357/357
f 319/319/319 357/357/357 320/320/320
f 320/320/320 357/357/357 358/358/358
f 320/320/320 358/358/358 321/321/321
f 321/321/321 358/358/358 359/359/359
f 321/321/321 359/359/359 322/322/322
f 322/322/322 359/359/359 360/360/360
f 322/322/322 360/360/360 323/323/323
f 323/323/323 360/360/360 361/361/361
f 323/323/323 361/361/361 324/324/324
f 324/324/324 361/361/361 362/362/362
f 324/324/324 362/362/362 325/325/325
f 325/325/325 362/362/362 363/363/363
f 325/325/325 363/363/363 326/326/326
f 326/326/326 363/363/363 364/364/364
f 326/326/326 364/364/364 327/327/327
f 327/327/327 364/364/364 365/365/365
f 327/327/327 365/365/365 328/328/328
f 328/328/328 365/365/365 366/366/366
f 328/328/328 366/366/366 329/329/329
f 329/329/329 366/366/366 367/367/367
f 329/329/329 367/367/367 330/330/330
f 330/330/330 367/367/367 368/368/368
f 330/330/330 368/368/368 331/331/331
f 331/331/331 368/368/368 369/369/369
f 331/331/331 369/369/369 332/332/332
f 332/332/332 369/369/369 370/370/370
f 332/332/332 370/370/370 333/333/333
f 334/334/334 371/371/371 372/372/372
f 334/334/334 372/372/372 335/335/335
f 335/335/335 372/372/372 373/373/373
f 335/335/335 373/373/373 336/336/336
f 336/336/336 373/373/373 374/374/374
f 336/336/336 374/374/374 337/337/337
f 337/337/337 374/374/374 375/375/375
f 337/337/337 375/375/375 338/338/338
f 338/338/338 375/375/375 376/376/376
f 338/338/338 376/376/376 339/339/339
f 339/339/339 376/376/376 377/377/377
f 339/339/339 377/377/377 340/340/340
f 340/340/340 377/377/377 378/378/378
f 340/340/340 378/378/378 341/341/341
f 341/341/341 378/378/378 379/379/379
f 341/341/341 379/379/379 342/342/342
f 342/342/342 379/379/379 380/380/380
f 342/342/342 380/380/380 343/343/343
f 343/343/343 380/380/380 381/381/381
f 343/343/343 381/381/381 344/344/344
f 344/344/344 381/381/381 382/382/382
f 344/344/344 382/382/382 345/345/345
f 345/345/345 382/382/382 383/383/383
f 345/345/345 383/383/383 346/346/346
f 346/346/346 383/383/383 384/384/384
f 346/346/346 384/384/384 347/347/347
f 347/347/347 384/384/384 385/385/385
f 347/347/347 385/385/385 348/348/348
f 348/348/348 385/385/385 386/386/386
f 348/348/348 386/386/386 349/349/349
f 349/349/349 386/386/386 387/387/387
f 349/349/349 387/387/387 350/350/350
f 350/350/350 387/387/387 388/388/388
f 350/350/350 388/388/388 351/351/351
f 351/351/351 388/388/388 389/389/389
f 351/351/351 389/389/389 352/352/352
f 352/352/352 389/389/389 390/390/390
f 352/352/352 390/390/390 353/353/353
f 353/353/353 390/390/390 391/391/391
f 353/353/353 391/391/391 354/354/354
f 354/354/354 391/391/391 392/392/392
f 354/354/354 392/392/392 355/355/355
f 355/355/355 392/392/392 393/393/393
f 355/355/355 393/393/393 356/356/356
f 356/356/356 393/393/393 394/394/394
f 356/356/356 394/394/394 357/357/357
f 357/357/357 394/394/394 395/395/395
f 357/357/357 395/395/395 358/358/358
f 358/358/358 395/395/395 396/396/396
f 358/358/358 396/396/396 359/359/359
f 359/359/359 396/396/396 397/397/397
f 359/359/359 397/397/397 360/360/360
f 360/360/360 397/397/397 398/398/398
f 360/360/360 398/398/398 361/361/361
f 361/361/361 398/398/398 399/399/399
f 361/361/361 399/399/399 362/362/362
f 362/362/362 399/399/399 400/400/400
f 362/362/362 400/400/400 363/363/363
f 363/363/363 400/400/400 401/401/401
f 363/363/363 401/401/401 364/364/364
f 364/364/364 401/401/401 402/402/402
f 364/364/364 402/402/402 365/365/365
f 365/365/365 402/402/402 403/403/403
f 365/365/365 403/403/403 366/366/366
f 366/366/366 403/403/403 404/404/404
f 366/366/366 404/404/404 367/367/367
f 367/367/367 404/404/404 405/405/405
f 367/367/367 405/405/405 368/368/368
f 368/368/368 405/405/405 406/406/406
f 368/368/368 406/406/406 369/369/369
f 369/369/369 406/406/406 407/407/407
f 369/369/369 407/407/407 370/370/370
f 371/371/371 408/408/408 409/409/409
f 371/371/371 409/409/409 372/372/372
f 372/372/372 409/409/409 410/410/410
f 372/372/372 410/410/410 373/373/373
f 373/373/373 410/410/410 411/411/411
f 373/373/373 411/411/411 374/374/374
f 374/374/374 411/411/411 412/412/412
f 374/374/374 412/412/412 375/375/375
f 375/375/375 412/412/412 413/413/413
f 375/375/375 413/413/413 376/376/376
f 376/376/376 413/413/413 414/414/414
f 376/376/376 414/414/414 377/377/377
f 377/377/377 414/414/414 415/415/415
f 377/377/377 415/415/415 378/378/378
f 378/378/378 415/415/415 416/416/416
f 378/378/378 416/416/416 379/379/379
f 379/379/379 416/416/416 417/417/417
f 379/379/379 417/417/417 380/380/380
f 380/380/380 417/417/417 418/418/418
f 380/380/380 418/418/418 381/381/381
f 381/381/381 418/418/418 419/419/419
f 381/381/381 419/419/419 382/382/382
f 382/382/382 419/419/419 420/420/420
f 382/382/382 420/420/420 383/383/383
f 383/383/383 420/420/420 421/421/421
f 383/383/383 421/421/421 384/384/384
f 384/384/384 421/421/421 422/422/422
f 384/384/384 422/422/422 385/385/385
f 385/385/385 422/422/422 423/423/423
f 385/385/385 423/423/423 386/386/386
f 386/386/386 423/423/423 424/424/424
f 386/386/386 424/424/424 387/387/387
f 387/387/387 424/424/424 425/425/425
f 387/387/387 425/425/425 388/388/388
f 388/388/388 425/425/425 426/426/426
f 388/388/388 426/426/426 389/389/389
f 389/389/389 426/426/426 427/427/427
f 389/389/389 427/427/427 390/390/390
f 390/390/390 427/427/427 428/428/428
f 390/390/390 428/428/428 391/391/391
f 391/391/391 428/428/428 429/429/429
f 391/391/391 429/429/429 392/392/392
f 392/392/392 429/429/429 430/430/430
f 392/392/392 430/430/430 393/393/393
f 393/393/393 430/430/430 431/431/431
f 393/393/393 431/431/431 394/394/394
f 394/394/394 431/431/431 432/432/432
f 394/394/394 432/432/432 395/395/395
f 395/395/395 432/432/432 433/433/433
f 395/395/395 433/433/433 396/396/396
f 396/396/396 433/433/433 434/434/434
f 396/396/396 434/434/434 397/397/397
f 397/397/397 434/434/434 435/435/435
f 397/397/397 435/435/435 398/398/398
f 398/398/398 435/435/435 436/436/436
f 398/398/398 436/436/436 399/399/399
f 399/399/399 436/436/436 437/437/437
f 399/399/399 437/437/437 400/400/400
f 400/400/400 437/437/437 438/438/438
f 400/400/400 438/438/438 401/401/401
f 401/401/401 438/438/438 439/439/439
f 401/401/401 439/439/439 402/402/402
f 402/402/402 439/439/439 440/440/440
f 402/402/402 440/440/440 403/403/403
f 403/403/403 440/440/440 441/441/441
f 403/403/403 441/441/441 404/404/404
f 404/404/404 441/441/441 442/442/442
f 404/404/404 442/442/442 405/405/405
f 405/405/405 442/442/442 443/443/443
f 405/405/405 443/443/443 406/406/406
f 406/406/406 443/443/443 444/444/444
f 406/406/406 444/444/444 407/407/407
f 408/408/408 445/445/445 446/446/446
f 408/408/408 446/446/446 409/409/409
f 409/409/409 446/446/446 447/447/447
f 409/409/409 447/447/447 410/410/410
f 410/410/410 447/447/447 448/448/448
f 410/410/410 448/448/448 411/411/411
f 411/411/411 448/448/448 449/449/449
f 411/411/411 449/449/449 412/412/412
f 412/412/412 449/449/449 450/450/450
f 412/412/412 450/450/450 413/413/413
f 413/413/413 450/450/450 451/451/451
f 413/413/413 451/451/451 414/414/414
f 414/414/414 451/451/451 452/452/452
f 414/414/414 452/452/452 415/415/415
f 415/415/415 452/452/452 453/453/453
f 415/415/415 453/453/453 416/416/416
f 416/416/416 453/453/453 454/454/454
f 416/416/416 454/454/454 417/417/417
f 417/417/417 454/454/454 455/455/455
f 417/417/417 455/455/455 418/418/418
f 418/418/418 455/455/455 456/456/456
f 418/418/418 456/456/456 419/419/419
f 419/419/419 456/456/456 457/457/457
f 419/419/419 457/457/457 420/420/420
f 420/420/420 457/457/457 458/458/458
f 420/420/420 458/458/458 421/421/421
f 421/421/421 458/458/458 459/459/459
f 421/421/421 459/459/459 422/422/422
f 422/422/422 459/459/459 460/460/460
f 422/422/422 460/460/460 423/423/423
f 423/423/423 460/460/460 461/461/461
f 423/423/423 461/461/461 424/424/424
f 424/424/424 461/461/461 462/462/462
f 424/424/424 462/462/462 425/425/425
f 425/425/425 462/462/462 463/463/463
f 425/425/425 463/463/463 426/426/426
f 426/426/426 463/463/463 464/464/464
f 426/426/426 464/464/464 427/427/427
f 427/427/427 464/464/464 465/465/465
f 427/427/427 465/465/465 428/428/428
f 428/428/428 465/465/465 466/466/466
f 428/428/428 466/466/466 429/429/429
f 429/429/429 466/466/466 467/467/467
f 429/429/429 467/467/467 430/430/430
f 430/430/430 467/467/467 468/468/468
f 430/430/430 468/468/468 431/431/431
f 431/431/431 468/468/468 469/469/469
f 431/431/431 469/469/469 432/432/432
f 432/432/432 469/469/469 470/470/470
f 432/432/432 470/470/470 433/433/433
f 433/433/433 470/470/470 471/471/471
f 433/433/433 471/471/471 434/434/434
f 434/434/434 471/471/471 472/472/472
f 434/434/434 472/472/472 435/435/435
f 435/435/435 472/472/472 473/473/473
f 435/435/435 473/473/473 436/436/436
f 436/436/436 473/473/473 474/474/474
f 436/436/436 474/474/474 437/437/437
f 437/437/437 474/474/474 475/475/475
f 437/437/437 475/475/475 438/438/438
f 438/438/438 475/475/475 476/476/476
f 438/438/438 476/476/476 439/439/439
f 439/439/439 476/476/476 477/477/477
f 439/439/439 477/477/477 440/440/440
f 440/440/440 477/477/477 478/478/478
f 440/440/440 478/478/478 441/441/441
f 441/441/441 478/478/478 479/479/479
f 441/441/441 479/479/479 442/442/442
f 442/442/442 479/479/479 480/480/480
f 442/442/442 480/480/480 443/443/443
f 443/443/443 480/480/480 481/481/481
f 443/443/443 481/481/481 444/444/444
f 445/445/445 482/482/482 483/483/483
f 445/445/445 483/483/483 446/446/446
f 446/446/446 483/483/483 484/484/484
f 446/446/446 484/484/484 447/447/447
f 447/447/447 484/484/484 485/485/485
f 447/447/447 485/485/485 448/448/448
f 448/448/448 485/485/485 486/486/486
f 448/448/448 486/486/486 449/449/449
f 449/449/449 486/486/486 487/487/487
f 449/449/449 487/487/487 450/450/450
f 450/450/450 487/487/487 488/488/488
f 450/450/450 488/488/488 451/451/451
f 451/451/451 488/488/488 489/489/489
f 451/451/451 489/489/489 452/452/452
f 452/452/452 489/489/489 490/490/490
f 452/452/452 490/490/490 453/453/453
f 453/453/453 490/490/490 491/491/491
f 453/453/453 491/491/491 454/454/454
f 454/454/454 491/491/491 492/492/492
f 454/454/454 492/492/492 455/455/455
f 455/455/455 492/492/492 493/493/493
f 455/455/455 493/493/493 456/456/456
f 456/456/456 493/493/493 494/494/494
f 456/456/456 494/494/494 457/457/457
f 457/457/457 494/494/494 495/495/495
f 457/457/457 495/495/495 458/458/458
f 458/458/458 495/495/495 496/496/496
f 458/458/458 496/496/496 459/459/459
f 459/459/459 496/496/496 497/497/497
f 459/459/459 497/497/497 460/460/460
f 460/460/460 497/497/497 498/498/498
f 460/460/460 498/498/498 461/461/461
f 461/461/461 498/498/498 499/499/499
f 461/461/461 499/499/499 462/462/462
f 462/462/462 499/499/499 500/500/500
f 462/462/462 500/500/500 463/463/463
f 463/463/463 500/500/500 501/501/501
f 463/463/463 501/501/501 464/464/464
f 464/464/464 501/501/501 502/502/502
f 464/464/464 502/502/502 465/465/465
f 465/465/465 502/502/502 503/503/503
f 465/465/465 503/503/503 466/466/466
f 466/466/466 503/503/503 504/504/504
f 466/466/466 504/504/504 467/467/467
f 467/467/467 504/504/504 505/505/505
f 467/467/467 505/505/505 468/468/468
f 468/468/468 505/505/505 506/506/506
f 468/468/468 506/506/506 469/469/469
f 469/469/469 506/506/506 507/507/507
f 469/469/469 507/507/507 470/470/470
f 470/470/470 507/507/507 508/508/508
f 470/470/470 508/508/508 471/471/471
f 471/471/471 508/508/508 509/509/509
f 471/471/471 509/509/509 472/472/472
f 472/472/472 509/509/509 510/510/510
f 472/472/472 510/510/510 473/473/473
f 473/473/473 510/510/510 511/511/511
f 473/473/473 511/511/511 474/474/474
f 474/474/474 511/511/511 512/512/512
f 474/474/474 512/512/512 475/475/475
f 475/475/475 512/512/512 513/513/513
f 475/475/475 513/513/513 476/476/476
f 476/476/476 513/513/513 514/514/514
f 476/476/476 514/514/514 477/477/477
f 477/477/477 514/514/514 515/515/515
f 477/477/477 515/515/515 478/478/478
f 478/478/478 515/515/515 516/516/516
f 478/478/478 516/516/516 479/479/479
f 479/479/479 516/516/516 517/517/517
f 479/479/479 517/517/517 480/480/480
f 480/480/480 517/517/517 518/518/518
f 480/480/480 518/518/518 481/481/481
f 482/482/482 519/519/519 520/520/520
f 482/482/482 520/520/520 483/483/483
f 483/483/483 520/520/520 521/521/521
f 483/483/483 521/521/521 484/484/484
f 484/484/484 521/521/521 522/522/522
f 484/484/484 522/522/522 485/485/485
f 485/485/485 522/522/522 523/523/523
f 485/485/485 523/523/523 486/486/486
f 486/486/486 523/523/523 524/524/524
f 486/486/486 524/524/524 487/487/487
f 487/487/487 524/524/524 525/525/525
f 487/487/487 525/525/525 488/488/488
f 488/488/488 525/525/525 526/526/526
f 488/488/488 526/526/526 489/489/489
f 489/489/489 526/526/526 527/527/527
f 489/489/489 527/527/527 490/490/490
f 490/490/490 527/527/527 528/528/528
f 490/490/490 528/528/528 491/491/491
f 491/491/491 528/528/528 529/529/529
f 491/491/491 529/529/529 492/492/492
f 492/492/492 529/529/529 530/530/530
f 492/492/492 530/530/530 493/493/493
f 493/493/493 530/530/530 531/531/531
f 493/493/493 531/531/531 494/494/494
f 494/494/494 531/531/531 532/532/532
f 494/494/494 532/532/532 495/495/495
f 495/495/495 532/532/532 533/533/533
f 495/495/495 533/533/533 496/496/496
f 496/496/496 533/533/533 534/534/534
f 496/496/496 534/534/534 497/497/497
f 497/497/497 534/534/534 535/535/535
f 497/497/497 535/535/535 498/498/498
f 498/498/498 535/535/535 536/536/536
f 498/498/498 536/536/536 499/499/499
f 499/499/499 536/536/536 537/537/537
f 499/499/499 537/537/537 500/500/500
f 500/500/500 537/537/537 538/538/538
f 500/500/500 538/538/538 501/501/501
f 501/501/501 538/538/538 539/539/539
f 501/501/501 539/539/539 502/502/502
f 502/502/502 539/539/539 540/540/540
f 502/502/502 540/540/540 503/503/503
f 503/503/503 540/540/540 541/541/541
f 503/503/503 541/541/541 504/504/504
f 504/504/504 541/541/541 542/542/542
f 504/504/504 542/542/542 505/505/505
f 505/505/505 542/542/542 543/543/543
f 505/505/505 543/543/543 506/506/506
f 506/506/506 543/543/543 544/544/544
f 506/506/506 544/544/544 507/507/507
f 507/507/507 544/544/544 545/545/545
f 507/507/507 545/545/545 508/508/508
f 508/508/508 545/545/545 546/546/546
f 508/508/508 546/546/546 509/509/509
f 509/509/509 546/546/546 547/547/547
f 509/509/509 547/547/547 510/510/510
f 510/510/510 547/547/547 548/548/548
f 510/510/510 548/548/548 511/511/511
f 511/511/511 548/548/548 549/549/549
f 511/511/511 549/549/549 512/512/512
f 512/512/512 549/549/549 550/550/550
f 512/512/512 550/550/550 513/513/513
f 513/513/513 550/550/550 551/551/551
f 513/513/513 551/551/551 514/514/514
f 514/514/514 551/551/551 552/552/552
f 514/514/514 552/552/552 515/515/515
f 515/515/515 552/552/552 553/553/553
f 515/515/515 553/553/553 516/516/516
f 516/516/516 553/553/553 554/554/554
f 516/516/516 554/554/554 517/517/517
f 517/517/517 554/554/554 555/555/555
f 517/517/517 555/555/555 518/518/518
f 519/519/519 556/556/556 557/557/557
f 519/519/519 557/557/557 520/520/520
f 520/520/520 557/557/557 558/558/558
f 520/520/520 558/558/558 521/521/521
f 521/521/521 558/558/558 559/559/559
f 521/521/521 559/559/559 522/522/522
f 522/522/522 559/559/559 560/560/560
f 522/522/522 560/560/560 523/523/523
f 523/523/523 560/560/560 561/561/561
f 523/523/523 561/561/561 524/524/524
f 524/524/524 561/561/561 562/562/562
f 524/524/524 562/562/562 525/525/525
f 525/525/525 562/562/562 563/563/563
f 525/525/525 563/563/563 526/526/526
f 526/526/526 563/563/563 564/564/564
f 526/526/526 564/564/564 527/527/527
f 527/527/527 564/564/564 565/565/565
f 527/527/527 565/565/565 528/528/528
f 528/528/528 565/565/565 566/566/566
f 528/528/528 566/566/566 529/529/529
f 529/529/529 566/566/566 567/567/567
f 529/529/529 567/567/567 530/530/530
f 530/530/530 567/567/567 568/568/568
f 530/530/530 568/568/568 531/531/531
f 531/531/531 568/568/568 569/569/569
f 531/531/531 569/569/569 532/532/532
f 532/532/532 569/569/569 570/570/570
f 532/532/532 570/570/570 533/533/533
f 533/533/533 570/570/570 571/571/571
f 533/533/533 571/571/571 534/534/534
f 534/534/534 571/571/571 572/572/572
f 534/534/534 572/572/572 535/535/535
f 535/535/535 572/572/572 573/573/573
f 535/535/535 573/573/573 536/536/536
f 536/536/536 573/573/573 574/574/574
f 536/536/536 574/574/574 537/537/537
f 537/537/537 574/574/574 575/575/575
f 537/537/537 575/575/575 538/538/538
f 538/538/538 575/575/575 576/576/576
f 538/538/538 576/576/576 539/539/539
f 539/539/539 576/576/576 577/577/577
f 539/539/539 577/577/577 540/540/540
f 540/540/540 577/577/577 578/578/578
f 540/540/540 578/578/578 541/541/541
f 541/541/541 578/578/578 579/579/579
f 541/541/541 579/579/579 542/542/542
f 542/542/542 579/579/579 580/580/580
f 542/542/542 580/580/580 543/543/543
f 543/543/543 580/580/580 581/581/581
f 543/543/543 581/581/581 544/544/544
f 544/544/544 581/581/581 582/582/582
f 544/544/544 582/582/582 545/545/545
f 545/545/545 582/582/582 583/583/583
f 545/545/545 583/583/583 546/546/546
f 546/546/546 583/583/583 584/584/584
f 546/546/546 584/584/584 547/547/547
f 547/547/547 584/584/584 585/585/585
f 547/547/547 585/585/585 548/548/548
f 548/548/548 585/585/585 586/586/586
f 548/548/548 586/586/586 549/549/549
f 549/549/549 586/586/586 587/587/587
f 549/549/549 587/587/587 550/550/550
f 550/550/550 587/587/587 588/588/588
f 550/550/550 588/588/588 551/551/551
f 551/551/551 588/588/588 589/589/589
f 551/551/551 589/589/589 552/552/552
f 552/552/552 589/589/589 590/590/590
f 552/552/552 590/590/590 553/553/553
f 553/553/553 590/590/590 591/591/591
f 553/553/553 591/591/591 554/554/554
f 554/554/554 591/591/591 592/592/592
f 554/554/554 592/592/592 555/555/555
f 556/556/556 593/593/593 594/594/594
f 556/556/556 594/594/594 557/557/557
f 557/557/557 594/594/594 595/595/595
f 557/557/557 595/595/595 558/558/558
f 558/558/558 595/595/595 596/596/596
f 558/558/558 596/596/596 559/559/559
f 559/559/559 596/596/596 597/597/597
f 559/559/559 597/597/597 560/560/560
f 560/560/560 597/597/597 598/598/598
f 560/560/560 598/598/598 561/561/561
f 561/561/561 598/598/598 599/599/599
f 561/561/561 599/599/599 562/562/562
f 562/562/562 599/599/599 600/600/600
f 562/562/562 600/600/600 563/563/563
f 563/563/563 600/600/600 601/601/601
f 563/563/563 601/601/601 564/564/564
f 564/564/564 601/601/601 602/602/602
f 564/564/564 602/602/602 565/565/565
f 565/565/565 602/602/602 603/603/603
f 565/565/565 603/603/603 566/566/566
f 566/566/566 603/603/603 604/604/604
f 566/566/566 604/604/604 567/567/567
f 567/567/567 604/604/604 605/605/605
f 567/567/567 605/605/605 568/568/568
f 568/568/568 605/605/605 606/606/606
f 568/568/568 606/606/606 569/569/569
f 569/569/569 606/606/606 607/607/607
f 569/569/569 607/607/607 570/570/570
f 570/570/570 607/607/607 608/608/608
f 570/570/570 608/608/608 571/571/571
f 571/571/571 608/608/608 609/609/609
f 571/571/571 609/609/609 572/572/572
f 572/572/572 609/609/609 610/610/610
f 572/572/572 610/610/610 573/573/573
f 573/573/573 610/610/610 611/611/611
f 573/573/573 611/611/611 574/574/574
f 574/574/574 611/611/611 612/612/612
f 574/574/574 612/612/612 575/575/575
f 575/575/575 612/612/612 613/613/613
f 575/575/575 613/613/613 576/576/576
f 576/576/576 613/613/613 614/614/614
f 576/576/576 614/614/614 577/577/577
f 577/577/577 614/614/614 615/615/615
f 577/577/577 615/615/615 578/578/578
f 578/578/578 615/615/615 616/616/616
f 578/578/578 616/616/616 579/579/579
f 579/579/579 616/616/616 617/617/617
f 579/579/579 617/617/617 580/580/580
f 580/580/580 617/617/617 618/618/618
f 580/580/580 618/618/618 581/581/581
f 581/581/581 618/618/618 619/619/619
f 581/581/581 619/619/619 582/582/582
f 582/582/582 619/619/619 620/620/620
f 582/582/582 620/620/620 583/583/583
f 583/583/583 620/620/620 621/621/621
f 583/583/583 621/621/621 584/584/584
f 584/584/584 621/621/621 622/622/622
f 584/584/584 622/622/622 585/585/585
f 585/585/585 622/622/622 623/623/623
f 585/585/585 623/623/623 586/586/586
f 586/586/586 623/623/623 624/624/624
f 586/586/586 624/624/624 587/587/587
f 587/587/587 624/624/624 625/625/625
f 587/587/587 625/625/625 588/588/588
f 588/588/588 625/625/625 626/626/626
f 588/588/588 626/626/626 589/589/589
f 589/589/589 626/626/626 627/627/627
f 589/589/589 627/627/627 590/590/590
f 590/590/590 627/627/627 628/628/628
f 590/590/590 628/628/628 591/591/591
f 591/591/591 628/628/628 629/629/629
f 591/591/591 629/629/629 592/592/592
f 593/593/593 630/630/630 631/631/631
f 593/593/593 631/631/631 594/594/594
f 594/594/594 631/631/631 632/632/632
f 594/594/594 632/632/632 595/595/595
f 595/595/595 632/632/632 633/633/633
f 595/595/595 633/633/633 596/596/596
f 596/596/596 633/633/633 634/634/634
f 596/596/596 634/634/634 597/597/597
f 597/597/597 634/634/634 635/635/635
f 597/597/597 635/635/635 598/598/598
f 598/598/598 635/635/635 636/636/636
f 598/598/598 636/636/636 599/599/599
f 599/599/599 636/636/636 637/637/637
f 599/599/599 637/637/637 600/600/600
f 600/600/600 637/637/637 638/638/638
f 600/600/600 638/638/638 601/601/601
f 601/601/601 638/638/638 639/639/639
f 601/601/601 639/639/639 602/602/602
f 602/602/602 639/639/639 640/640/640
f 602/602/602 640/640/640 603/603/603
f 603/603/603 640/640/640 641/641/641
f 603/603/603 641/641/641 604/604/604
f 604/604/604 641/641/641 642/642/642
f 604/604/604 642/642/642 605/605/605
f 605/605/605 642/642/642 643/643/643
f 605/605/605 643/643/643 606/606/606
f 606/606/606 643/643/643 644/644/644
f 606/606/606 644/644/644 607/607/607
f 607/607/607 644/644/644 645/645/645
f 607/607/607 645/645/645 608/608/608
f 608/608/608 645/645/645 646/646/646
f 608/608/608 646/646/646 609/609/609
f 609/609/609 646/646/646 647/647/647
f 609/609/609 647/647/647 610/610/610
f 610/610/610 647/647/647 648/648/648
f 610/610/610 648/648/648 611/611/611
f 611/611/611 648/648/648 649/649/649
f 611/611/611 649/649/649 612/612/612
f 612/612/612 649/649/649 650/650/650
f 612/612/612 650/650/650 613/613/613
f 613/613/613 650/650/650 651/651/651
f 613/613/613 651/651/651 614/614/614
f 614/614/614 651/651/651 652/652/652
f 614/614/614 652/652/652 615/615/615
f 615/615/615 652/652/652 653/653/653
f 615/615/615 653/653/653 616/616/616
f 616/616/616 653/653/653 654/654/654
f 616/616/616 654/654/654 617/617/617
f 617/617/617 654/654/654 655/655/655
f 617/617/617 655/655/655 618/618/618
f 618/618/618 655/655/655 656/656/656
f 618/618/618 656/656/656 619/619/619
f 619/619/619 656/656/656 657/657/657
f 619/619/619 657/657/657 620/620/620
f 620/620/620 657/657/657 658/658/658
f 620/620/620 658/658/658 621/621/621
f 621/621/621 658/658/658 659/659/659
f 621/621/621 659/659/659 622/622/622
f 622/622/622 659/659/659 660/660/660
f 622/622/622 660/660/660 623/623/623
f 623/623/623 660/660/660 661/661/661
f 623/623/623 661/661/661 624/624/624
f 624/624/624 661/661/661 662/662/662
f 624/624/624 662/662/662 625/625/625
f 625/625/625 662/662/662 663/663/663
f 625/625/625 663/663/663 626/626/626
f 626/626/626 663/663/663 664/664/664
f 626/626/626 664/664/664 627/627/627
f 627/627/627 664/664/664 665/665/665
f 627/627/627 665/665/665 628/628/628
f 628/628/628 665/665/665 666/666/666
f 628/628/628 666/666/666 629/629/629
f 630/630/630 667/667/667 668/668/668
f 630/630/630 668/668/668 631/631/631
f 631/631/631 668/668/668 669/669/669
f 631/631/631 669/669/669 632/632/632
f 632/632/632 669/669/669 670/670/670
f 632/632/632 670/670/670 633/633/633
f 633/633/633 670/670/670 671/671/671
f 633/633/633 671/671/671 634/634/634
f 634/634/634 671/671/671 672/672/672
f 634/634/634 672/672/672 635/635/635
f 635/635/635 672/672/672 673/673/673
f 635/635/635 673/673/673 636/636/636
f 636/636/636 673/673/673 674/674/674
f 636/636/636 674/674/674 637/637/637
f 637/637/637 674/674/674 675/675/675
f 637/637/637 675/675/675 638/638/638
f 638/638/638 675/675/675 676/676/676
f 638/638/638 676/676/676 639/639/639
f 639/639/639 676/676/676 677/677/677
f 639/639/639 677/677/677 640/640/640
f 640/640/640 677/677/677 678/678/678
f 640/640/640 678/678/678 641/641/641
f 641/641/641 678/678/678 679/679/679
f 641/641/641 679/679/679 642/642/642
f 642/642/642 679/679/679 680/680/680
f 642/642/642 680/680/680 643/643/643
f 643/643/643 680/680/680 681/681/681
f 643/643/643 681/681/681 644/644/644
f 644/644/644 681/681/681 682/682/682
f 644/644/644 682/682/682 645/645/645
f 645/645/645 682/682/682 683/683/683
f 645/645/645 683/683/683 646/646/646
f 646/646/646 683/683/683 684/684/684
f 646/646/646 684/684/684 647/647/647
f 647/647/647 684/684/684 685/685/685
f 647/647/647 685/685/685 648/648/648
f 648/648/648 685/685/685 686/686/686
f 648/648/648 686/686/686 649/649/649
f 649/649/649 686/686/686 687/687/687
f 649/649/649 687/687/687 650/650/650
f 650/650/650 687/687/687 688/688/688
f 650/650/650 688/688/688 651/651/651
f 651/651/651 688/688/688 689/689/689
f 651/651/651 689/689/689 652/652/652
f 652/652/652 689/689/689 690/690/690
f 652/652/652 690/690/690 653/653/653
f 653/653/653 690/690/690 691/691/691
f 653/653/653 691/691/691 654/654/654
f 654/654/654 691/691/691 692/692/692
f 654/654/654 692/692/692 655/655/655
f 655/655/655 692/692/692 693/693/693
f 655/655/655 693/693/693 656/656/656
f 656/656/656 693/693/693 694/694/694
f 656/656/656 694/694/694 657/657/657
f 657/657/657 694/694/694 695/695/695
f 657/657/657 695/695/695 658/658/658
f 658/658/658 695/695/695 696/696/696
f 658/658/658 696/696/696 659/659/659
f 659/659/659 696/696/696 697/697/697
f 659/659/659 697/697/697 660/660/660
f 660/660/660 697/697/697 698/698/698
f 660/660/660 698/698/698 661/661/661
f 661/661/661 698/698/698 699/699/699
f 661/661/661 699/699/699 662/662/662
f 662/662/662 699/699/699 700/700/700
f 662/662/662 700/700/700 663/663/663
f 663/663/663 700/700/700 701/701/701
f 663/663/663 701/701/701 664/664/664
f 664/664/664 701/701/701 702/702/702
f 664/664/664 702/702/702 665/665/665
f 665/665/665 702/702/702 703/703/703
f 665/665/665 703/703/703 666/666/666
f 667/667/667 704/704/704 705/705/705
f 667/667/667 705/705/705 668/668/668
f 668/668/668 705/705/705 706/706/706
f 668/668/668 706/706/706 669/669/669
f 669/669/669 706/706/706 707/707/707
f 669/669/669 707/707/707 670/670/670
f 670/670/670 707/707/707 708/708/708
f 670/670/670 708/708/708 671/671/671
f 671/671/671 708/708/708 709/709/709
f 671/671/671 709/709/709 672/672/672
f 672/672/672 709/709/709 710/710/710
f 672/672/672 710/710/710 673/673/673
f 673/673/673 710/710/710 711/711/711
f 673/673/673 711/711/711 674/674/674
f 674/674/674 711/711/711 712/712/712
f 674/674/674 712/712/712 675/675/675
f 675/675/675 712/712/712 713/713/713
f 675/675/675 713/713/713 676/676/676
f 676/676/676 713/713/713 714/714/714
f 676/676/676 714/714/714 677/677/677
f 677/677/677 714/714/714 715/715/715
f 677/677/677 715/715/715 678/678/678
f 678/678/678 715/715/715 716/716/716
f 678/678/678 716/716/716 679/679/679
f 679/679/679 716/716/716 717/717/717
f 679/679/679 717/717/717 680/680/680
f 680/680/680 717/717/717 718/718/718
f 680/680/680 718/718/718 681/681/681
f 681/681/681 718/718/718 719/719/719
f 681/681/681 719/719/719 682/682/682
f 682/682/682 719/719/719 720/720/720
f 682/682/682 720/720/720 683/683/683
f 683/683/683 720/720/720 721/721/721
f 683/683/683 721/721/721 684/684/684
f 684/684/684 721/721/721 722/722/722
f 684/684/684 722/722/722 685/685/685
f 685/685/685 722/722/722 723/723/723
f 685/685/685 723/723/723 686/686/686
f 686/686/686 723/723/723 724/724/724
f 686/686/686 724/724/724 687/687/687
f 687/687/687 724/724/724 725/725/725
f 687/687/687 725/725/725 688/688/688
f 688/688/688 725/725/725 726/726/726
f 688/688/688 726/726/726 689/689/689
f 689/689/689 726/726/726 727/727/727
f 689/689/689 727/727/727 690/690/690
f 690/690/690 727/727/727 728/728/728
f 690/690/690 728/728/728 691/691/691
f 691/691/691 728/728/728 729/729/729
f 691/691/691 729/729/729 692/692/692
f 692/692/692 729/729/729 730/730/730
f 692/692/692 730/730/730 693/693/693
f 693/693/693 730/730/730 731/731/731
f 693/693/693 731/731/731 694/694/694
f 694/694/694 731/731/731 732/732/732
f 694/694/694 732/732/732 695/695/695
f 695/695/695 732/732/732 733/733/733
f 695/695/695 733/733/733 696/696/696
f 696/696/696 733/733/733 734/734/734
f 696/696/696 734/734/734 697/697/697
f 697/697/697 734/734/734 735/735/735
f 697/697/697 735/735/735 698/698/698
f 698/698/698 735/735/735 736/736/736
f 698/698/698 736/736/736 699/699/699
f 699/699/699 736/736/736 737/737/737
f 699/699/699 737/737/737 700/700/700
f 700/700/700 737/737/737 738/738/738
f 700/700/700 738/738/738 701/701/701
f 701/701/701 738/738/738 739/739/739
f 701/701/701 739/739/739 702/702/702
f 702/702/702 739/739/739 740/740/740
f 702/702/702 740/740/740 703/703/703
f 704/704/704 741/741/741 742/742/742
f 704/704/704 742/742/742 705/705/705
f 705/705/705 742/742/742 743/743/743
f 705/705/705 743/743/743 706/706/706
f 706/706/706 743/743/743 744/744/744
f 706/706/706 744/744/744 707/707/707
f 707/707/707 744/744/744 745/745/745
f 707/707/707 745/745/745 708/708/708
f 708/708/708 745/745/745 746/746/746
f 708/708/708 746/746/746 709/709/709
f 709/709/709 746/746/746 747/747/747
f 709/709/709 747/747/747 710/710/710
f 710/710/710 747/747/747 748/748/748
f 710/710/710 748/748/748 711/711/711
f 711/711/711 748/748/748 749/749/749
f 711/711/711 749/749/749 712/712/712
f 712/712/712 749/749/749 750/750/750
f 712/712/712 750/750/750 713/713/713
f 713/713/713 750/750/750 751/751/751
f 713/713/713 751/751/751 714/714/714
f 714/714/714 751/751/751 752/752/752
f 714/714/714 752/752/752 715/715/715
f 715/715/715 752/752/752 753/753/753
f 715/715/715 753/753/753 716/716/716
f 716/716/716 753/753/753 754/754/754
f 716/716/716 754/754/754 717/717/717
f 717/717/717 754/754/754 755/755/755
f 717/717/717 755/755/755 718/718/718
f 718/718/718 755/755/755 756/756/756
f 718/718/718 756/756/756 719/719/719
f 719/719/719 756/756/756 757/757/757
f 719/719/719 757/757/757 720/720/720
f 720/720/720 757/757/757 758/758/758
f 720/720/720 758/758/758 721/721/721
f 721/721/721 758/758/758 759/759/759
f 721/721/721 759/759/759 722/722/722
f 722/722/722 759/759/759 760/760/760
f 722/722/722 760/760/760 723/723/723
f 723/723/723 760/760/760 761/761/761
f 723/723/723 761/761/761 724/724/724
f 724/724/724 761/761/761 762/762/762
f 724/724/724 762/762/762 725/725/725
f 725/725/725 762/762/762 763/763/763
f 725/725/725 763/763/763 726/726/726
f 726/726/726 763/763/763 764/764/764
f 726/726/726 764/764/764 727/727/727
f 727/727/727 764/764/764 765/765/765
f 727/727/727 765/765/765 728/728/728
f 728/728/728 765/765/765 766/766/766
f 728/728/728 766/766/766 729/729/729
f 729/729/729 766/766/766 767/767/767
f 729/729/729 767/767/767 730/730/730
f 730/730/730 767/767/767 768/768/768
f 730/730/730 768/768/768 731/731/731
f 731/731/731 768/768/768 769/769/769
f 731/731/731 769/769/769 732/732/732
f 732/732/732 769/769/769 770/770/770
f 732/732/732 770/770/770 733/733/733
f 733/733/733 770/770/770 771/771/771
f 733/733/733 771/771/771 734/734/734
f 734/734/734 771/771/771 772/772/772
f 734/734/734 772/772/772 735/735/735
f 735/735/735 772/772/772 773/773/773
f 735/735/735 773/773/773 736/736/736
f 736/736/736 773/773/773 774/774/774
f 736/736/736 774/774/774 737/737/737
f 737/737/737 774/774/774 775/775/775
f 737/737/737 775/775/775 738/738/738
f 738/738/738 775/775/775 776/776/776
f 738/738/738 776/776/776 739/739/739
f 739/739/739 776/776/776 777/777/777
f 739/739/739 777/777/777 740/740/740
f 741/741/741 778/778/778 779/779/779
f 741/741/741 779/779/779 742/742/742
f 742/742/742 779/779/779 780/780/780
f 742/742/742 780/780/780 743/743/743
f 743/743/743 780/780/780 781/781/781
f 743/743/743 781/781/781 744/744/744
f 744/744/744 781/781/781 782/782/782
f 744/744/744 782/782/782 745/745/745
f 745/745/745 782/782/782 783/783/783
f 745/745/745 783/783/783 746/746/746
f 746/746/746 783/783/783 784/784/784
f 746/746/746 784/784/784 747/747/747
f 747/747/747 784/784/784 785/785/785
f 747/747/747 785/785/785 748/748/748
f 748/748/748 785/785/785 786/786/786
f 748/748/748 786/786/786 749/749/749
f 749/749/749 786/786/786 787/787/787
f 749/749/749 787/787/787 750/750/750
f 750/750/750 787/787/787 788/788/788
f 750/750/750 788/788/788 751/751/751
f 751/751/751 788/788/788 789/789/789
f 751/751/751 789/789/789 752/752/752
f 752/752/752 789/789/789 790/790/790
f 752/752/752 790/790/790 753/753/753
f 753/753/753 790/790/790 791/791/791
f 753/753/753 791/791/791 754/754/754
f 754/754/754 791/791/791 792/792/792
f 754/754/754 792/792/792 755/755/755
f 755/755/755 792/792/792 793/793/793
f 755/755/755 793/793/793 756/756/756
f 756/756/756 793/793/793 794/794/794
f 756/756/756 794/794/794 757/757/757
f 757/757/757 794/794/794 795/795/795
f 757/757/757 795/795/795 758/758/758
f 758/758/758 795/795/795 796/796/796
f 758/758/758 796/796/796 759/759/759
f 759/759/759 796/796/796 797/797/797
f 759/759/759 797/797/797 760/760/760
f 760/760/760 797/797/797 798/798/798
f 760/760/760 798/798/798 761/761/761
f 761/761/761 798/798/798 799/799/799
f 761/761/761 799/799/799 762/762/762
f 762/762/762 799/799/799 800/800/800
f 762/762/762 800/800/800 763/763/763
f 763/763/763 800/800/800 801/801/801
f 763/763/763 801/801/801 764/764/764
f 764/764/764 801/801/801 802/802/802
f 764/764/764 802/802/802 765/765/765
f 765/765/765 802/802/802 803/803/803
f 765/765/765 803/803/803 766/766/766
f 766/766/766 803/803/803 804/804/804
f 766/766/766 804/804/804 767/767/767
f 767/767/767 804/804/804 805/805/805
f 767/767/767 805/805/805 768/768/768
f 768/768/768 805/805/805 806/806/806
f 768/768/768 806/806/806 769/769/769
f 769/769/769 806/806/806 807/807/807
f 769/769/769 807/807/807 770/770/770
f 770/770/770 807/807/807 808/808/808
f 770/770/770 808/808/808 771/771/771
f 771/771/771 808/808/808 809/809/809
f 771/771/771 809/809/809 772/772/772
f 772/772/772 809/809/809 810/810/810
f 772/772/772 810/810/810 773/773/773
f 773/773/773 810/810/810 811/811/811
f 773/773/773 811/811/811 774/774/774
f 774/774/774 811/811/811 812/812/812
f 774/774/774 812/812/812 775/775/775
f 775/775/775 812/812/812 813/813/813
f 775/775/775 813/813/813 776/776/776
f 776/776/776 813/813/813 814/814/814
f 776/776/776 814/814/814 777/777/777
f 778/778/778 815/815/815 816/816/816
f 778/778/778 816/816/816 779/779/779
f 779/779/779 816/816/816 817/817/817
f 779/779/779 817/817/817 780/780/780
f 780/780/780 817/817/817 818/818/818
f 780/780/780 818/818/818 781/781/781
f 781/781/781 818/818/818 819/819/819
f 781/781/781 819/819/819 782/782/782
f 782/782/782 819/819/819 820/820/820
f 782/782/782 820/820/820 783/783/783
f 783/783/783 820/820/820 821/821/821
f 783/783/783 821/821/821 784/784/784
f 784/784/784 821/821/821 822/822/822
f 784/784/784 822/822/822 785/785/785
f 785/785/785 822/822/822 823/823/823
f 785/785/785 823/823/823 786/786/786
f 786/786/786 823/823/823 824/824/824
f 786/786/786 824/824/824 787/787/787
f 787/787/787 824/824/824 825/825/825
f 787/787/787 825/825/825 788/788/788
f 788/788/788 825/825/825 826/826/826
f 788/788/788 826/826/826 789/789/789
f 789/789/789 826/826/826 827/827/827
f 789/789/789 827/827/827 790/790/790
f 790/790/790 827/827/827 828/828/828
f 790/790/790 828/828/828 791/791/791
f 791/791/791 828/828/828 829/829/829
f 791/791/791 829/829/829 792/792/792
f 792/792/792 829/829/829 830/830/830
f 792/792/792 830/830/830 793/793/793
f 793/793/793 830/830/830 831/831/831
f 793/793/793 831/831/831 794/794/794
f 794/794/794 831/831/831 832/832/832
f 794/794/794 832/832/832 795/795/795
f 795/795/795 832/832/832 833/833/833
f 795/795/795 833/833/833 796/796/796
f 796/796/796 833/833/833 834/834/834
f 796/796/796 834/834/834 797/797/797
f 797/797/797 834/834/834 835/835/835
f 797/797/797 835/835/835 798/798/798
f 798/798/798 835/835/835 836/836/836
f 798/798/798 836/836/836 799/799/799
f 799/799/799 836/836/836 837/837/837
f 799/799/799 837/837/837 800/800/800
f 800/800/800 837/837/837 838/838/838
f 800/800/800 838/838/838 801/801/801
f 801/801/801 838/838/838 839/839/839
f 801/801/801 839/839/839 802/802/802
f 802/802/802 839/839/839 840/840/840
f 802/802/802 840/840/840 803/803/803
f 803/803/803 840/840/840 841/841/841
f 803/803/803 841/841/841 804/804/804
f 804/804/804 841/841/841 842/842/842
f 804/804/804 842/842/842 805/805/805
f 805/805/805 842/842/842 843/843/843
f 805/805/805 843/843/843 806/806/806
f 806/806/806 843/843/843 844/844/844
f 806/806/806 844/844/844 807/807/807
f 807/807/807 844/844/844 845/845/845
f 807/807/807 845/845/845 808/808/808
f 808/808/808 845/845/845 846/846/846
f 808/808/808 846/846/846 809/809/809
f 809/809/809 846/846/846 847/847/847
f 809/809/809 847/847/847 810/810/810
f 810/810/810 847/847/847 848/848/848
f 810/810/810 848/848/848 811/811/811
f 811/811/811 848/848/848 849/849/849
f 811/811/811 849/849/849 812/812/812
f 812/812/812 849/849/849 850/850/850
f 812/812/812 850/850/850 813/813/813
f 813/813/813 850/850/850 851/851/851
f 813/813/813 851/851/851 814/814/814
f 815/815/815 852/852/852 853/853/853
f 815/815/815 853/853/853 816/816/816
f 816/816/816 853/853/853 854/854/854
f 816/816/816 854/854/854 817/817/817
f 817/817/817 854/854/854 855/855/855
f 817/817/817 855/855/855 818/818/818
f 818/818/818 855/855/855 856/856/856
f 818/818/818 856/856/856 819/819/819
f 819/819/819 856/856/856 857/857/857
f 819/819/819 857/857/857 820/820/820
f 820/820/820 857/857/857 858/858/858
f 820/820/820 858/858/858 821/821/821
f 821/821/821 858/858/858 859/859/859
f 821/821/821 859/859/859 822/822/822
f 822/822/822 859/859/859 860/860/860
f 822/822/822 860/860/860 823/823/823
f 823/823/823 860/860/860 861/861/861
f 823/823/823 861/861/861 824/824/824
f 824/824/824 861/861/861 862/862/862
f 824/824/824 862/862/862 825/825/825
f 825/825/825 862/862/862 863/863/863
f 825/825/825 863/863/863 826/826/826
f 826/826/826 863/863/863 864/864/864
f 826/826/826 864/864/864 827/827/827
f 827/827/827 864/864/864 865/865/865
f 827/827/827 865/865/865 828/828/828
f 828/828/828 865/865/865 866/866/866
f 828/828/828 866/866/866 829/829/829
f 829/829/829 866/866/866 867/867/867
f 829/829/829 867/867/867 830/830/830
f 830/830/830 867/867/867 868/868/868
f 830/830/830 868/868/868 831/831/831
f 831/831/831 868/868/868 869/869/869
f 831/831/831 869/869/869 832/832/832
f 832/832/832 869/869/869 870/870/870
f 832/832/832 870/870/870 833/833/833
f 833/833/833 870/870/870 871/871/871
f 833/833/833 871/871/871 834/834/834
f 834/834/834 871/871/871 872/872/872
f 834/834/834 872/872/872 835/835/835
f 835/835/835 872/872/872 873/873/873
f 835/835/835 873/873/873 836/836/836
f 836/836/836 873/873/873 874/874/874
f 836/836/836 874/874/874 837/837/837
f 837/837/837 874/874/874 875/875/875
f 837/837/837 875/875/875 838/838/838
f 838/838/838 875/875/875 876/876/876
f 838/838/838 876/876/876 839/839/839
f 839/839/839 876/876/876 877/877/877
f 839/839/839 877/877/877 840/840/840
f 840/840/840 877/877/877 878/878/878
f 840/840/840 878/878/878 841/841/841
f 841/841/841 878/878/878 879/879/879
f 841/841/841 879/879/879 842/842/842
f 842/842/842 879/879/879 880/880/880
f 842/842/842 880/880/880 843/843/843
f 843/843/843 880/880/880 881/881/881
f 843/843/843 881/881/881 844/844/844
f 844/844/844 881/881/881 882/882/882
f 844/844/844 882/882/882 845/845/845
f 845/845/845 882/882/882 883/883/883
f 845/845/845 883/883/883 846/846/846
f 846/846/846 883/883/883 884/884/884
f 846/846/846 884/884/884 847/847/847
f 847/847/847 884/884/884 885/885/885
f 847/847/847 885/885/885 848/848/848
f 848/848/848 885/885/885 886/886/886
f 848/848/848 886/886/886 849/849/849
f 849/849/849 886/886/886 887/887/887
f 849/849/849 887/887/887 850/850/850
f 850/850/850 887/887/887 888/888/888
f 850/850/850 888/888/888 851/851/851
f 852/852/852 889/889/889 890/890/890
f 852/852/852 890/890/890 853/853/853
f 853/853/853 890/890/890 891/891/891
f 853/853/853 891/891/891 854/854/854
f 854/854/854 891/891/891 892/892/892
f 854/854/854 892/892/892 855/855/855
f 855/855/855 892/892/892 893/893/893
f 855/855/855 893/893/893 856/856/856
f 856/856/856 893/893/893 894/894/894
f 856/856/856 894/894/894 857/857/857
f 857/857/857 894/894/894 895/895/895
f 857/857/857 895/895/895 858/858/858
f 858/858/858 895/895/895 896/896/896
f 858/858/858 896/896/896 859/859/859
f 859/859/859 896/896/896 897/897/897
f 859/859/859 897/897/897 860/860/860
f 860/860/860 897/897/897 898/898/898
f 860/860/860 898/898/898 861/861/861
f 861/861/861 898/898/898 899/899/899
f 861/861/861 899/899/899 862/862/862
f 862/862/862 899/899/899 900/900/900
f 862/862/862 900/900/900 863/863/863
f 863/863/863 900/900/900 901/901/901
f 863/863/863 901/901/901 864/864/864
f 864/864/864 901/901/901 902/902/902
f 864/864/864 902/902/902 865/865/865
f 865/865/865 902/902/902 903/903/903
f 865/865/865 903/903/903 866/866/866
f 866/866/866 903/903/903 904/904/904
f 866/866/866 904/904/904 867/867/867
f 867/867/867 904/904/904 905/905/905
f 867/867/867 905/905/905 868/868/868
f 868/868/868 905/905/905 906/906/906
f 868/868/868 906/906/906 869/869/869
f 869/869/869 906/906/906 907/907/907
f 869/869/869 907/907/907 870/870/870
f 870/870/870 907/907/907 908/908/908
f 870/870/870 908/908/908 871/871/871
f 871/871/871 908/908/908 909/909/909
f 871/871/871 909/909/909 872/872/872
f 872/872/872 909/909/909 910/910/910
f 872/872/872 910/910/910 873/873/873
f 873/873/873 910/910/910 911/911/911
f 873/873/873 911/911/911 874/874/874
f 874/874/874 911/911/911 912/912/912
f 874/874/874 912/912/912 875/875/875
f 875/875/875 912/912/912 913/913/913
f 875/875/875 913/913/913 876/876/876
f 876/876/876 913/913/913 914/914/914
f 876/876/876 914/914/914 877/877/877
f 877/877/877 914/914/914 915/915/915
f 877/877/877 915/915/915 878/878/878
f 878/878/878 915/915/915 916/916/916
f 878/878/878 916/916/916 879/879/879
f 879/879/879 916/916/916 917/917/917
f 879/879/879 917/917/917 880/880/880
f 880/880/880 917/917/917 918/918/918
f 880/880/880 918/918/918 881/881/881
f 881/881/881 918/918/918 919/919/919
f 881/881/881 919/919/919 882/882/882
f 882/882/882 919/919/919 920/920/920
f 882/882/882 920/920/920 883/883/883
f 883/883/883 920/920/920 921/921/921
f 883/883/883 921/921/921 884/884/884
f 884/884/884 921/921/921 922/922/922
f 884/884/884 922/922/922 885/885/885
f 885/885/885 922/922/922 923/923/923
f 885/885/885 923/923/923 886/886/886
f 886/886/886 923/923/923 924/924/924
f 886/886/886 924/924/924 887/887/887
f 887/887/887 924/924/924 925/925/925
f 887/887/887 925/925/925 888/888/888
f 889/889/889 926/926/926 927/927/927
f 889/889/889 927/927/927 890/890/890
f 890/890/890 927/927/927 928/928/928
f 890/890/890 928/928/928 891/891/891
f 891/891/891 928/928/928 929/929/929
f 891/891/891 929/929/929 892/892/892
f 892/892/892 929/929/929 930/930/930
f 892/892/892 930/930/930 893/893/893
f 893/893/893 930/930/930 931/931/931
f 893/893/893 931/931/931 894/894/894
f 894/894/894 931/931/931 932/932/932
f 894/894/894 932/932/932 895/895/895
f 895/895/895 932/932/932 933/933/933
f 895/895/895 933/933/933 896/896/896
f 896/896/896 933/933/933 934/934/934
f 896/896/896 934/934/934 897/897/897
f 897/897/897 934/934/934 935/935/935
f 897/897/897 935/935/935 898/898/898
f 898/898/898 935/935/935 936/936/936
f 898/898/898 936/936/936 899/899/899
f 899/899/899 936/936/936 937/937/937
f 899/899/899 937/937/937 900/900/900
f 900/900/900 937/937/937 938/938/938
f 900/900/900 938/938/938 901/901/901
f 901/901/901 938/938/938 939/939/939
f 901/901/901 939/939/939 902/902/902
f 902/902/902 939/939/939 940/940/940
f 902/902/902 940/940/940 903/903/903
f 903/903/903 940/940/940 941/941/941
f 903/903/903 941/941/941 904/904/904
f 904/904/904 941/941/941 942/942/942
f 904/904/904 942/942/942 905/905/905
f 905/905/905 942/942/942 943/943/943
f 905/905/905 943/943/943 906/906/906
f 906/906/906 943/943/943 944/944/944
f 906/906/906 944/944/944 907/907/907
f 907/907/907 944/944/944 945/945/945
f 907/907/907 945/945/945 908/908/908
f 908/908/908 945/945/945 946/946/946
f 908/908/908 946/946/946 909/909/909
f 909/909/909 946/946/946 947/947/947
f 909/909/909 947/947/947 910/910/910
f 910/910/910 947/947/947 948/948/948
f 910/910/910 948/948/948 911/911/911
f 911/911/911 948/948/948 949/949/949
f 911/911/911 949/949/949 912/912/912
f 912/912/912 949/949/949 950/950/950
f 912/912/912 950/950/950 913/913/913
f 913/913/913 950/950/950 951/951/951
f 913/913/913 951/951/951 914/914/914
f 914/914/914 951/951/951 952/952/952
f 914/914/914 952/952/952 915/915/915
f 915/915/915 952/952/952 953/953/953
f 915/915/915 953/953/953 916/916/916
f 916/916/916 953/953/953 954/954/954
f 916/916/916 954/954/954 917/917/917
f 917/917/917 954/954/954 955/955/955
f 917/917/917 955/955/955 918/918/918
f 918/918/918 955/955/955 956/956/956
f 918/918/918 956/956/956 919/919/919
f 919/919/919 956/956/956 957/957/957
f 919/919/919 957/957/957 920/920/920
f 920/920/920 957/957/957 958/958/958
f 920/920/920 958/958/958 921/921/921
f 921/921/921 958/958/958 959/959/959
f 921/921/921 959/959/959 922/922/922
f 922/922/922 959/959/959 960/960/960
f 922/922/922 960/960/960 923/923/923
f 923/923/923 960/960/960 961/961/961
f 923/923/923 961/961/961 924/924/924
f 924/924/924 961/961/961 962/962/962
f 924/924/924 962/962/962 925/925/925
f 926/926/926 963/963/963 964/964/964
f 926/926/926 964/964/964 927/927/927
f 927/927/927 964/964/964 965/965/965
f 927/927/927 965/965/965 928/928/928
f 928/928/928 965/965/965 966/966/966
f 928/928/928 966/966/966 929/929/929
f 929/929/929 966/966/966 967/967/967
f 929/929/929 967/967/967 930/930/930
f 930/930/930 967/967/967 968/968/968
f 930/930/930 968/968/968 931/931/931
f 931/931/931 968/968/968 969/969/969
f 931/931/931 969/969/969 932/932/932
f 932/932/932 969/969/969 970/970/970
f 932/932/932 970/970/970 933/933/933
f 933/933/933 970/970/970 971/971/971
f 933/933/933 971/971/971 934/934/934
f 934/934/934 971/971/971 972/972/972
f 934/934/934 972/972/972 935/935/935
f 935/935/935 972/972/972 973/973/973
f 935/935/935 973/973/973 936/936/936
f 936/936/936 973/973/973 974/974/974
f 936/936/936 974/974/974 937/937/937
f 937/937/937 974/974/974 975/975/975
f 937/937/937 975/975/975 938/938/938
f 938/938/938 975/975/975 976/976/976
f 938/938/938 976/976/976 939/939/939
f 939/939/939 976/976/976 977/977/977
f 939/939/939 977/977/977 940/940/940
f 940/940/940 977/977/977 978/978/978
f 940/940/940 978/978/978 941/941/941
f 941/941/941 978/978/978 979/979/979
f 941/941/941 979/979/979 942/942/942
f 942/942/942 979/979/979 980/980/980
f 942/942/942 980/980/980 943/943/943
f 943/943/943 980/980/980 981/981/981
f 943/943/943 981/981/981 944/944/944
f 944/944/944 981/981/981 982/982/982
f 944/944/944 982/982/982 945/945/945
f 945/945/945 982/982/982 983/983/983
f 945/945/945 983/983/983 946/946/946
f 946/946/946 983/983/983 984/984/984
f 946/946/946 984/984/984 947/947/947
f 947/947/947 984/984/984 985/985/985
f 947/947/947 985/985/985 948/948/948
f 948/948/948 985/985/985 986/986/986
f 948/948/948 986/986/986 949/949/949
f 949/949/949 986/986/986 987/987/987
f 949/949/949 987/987/987 950/950/950
f 950/950/950 987/987/987 988/988/988
f 950/950/950 988/988/988 951/951/951
f 951/951/951 988/988/988 989/989/989
f 951/951/951 989/989/989 952/952/952
f 952/952/952 989/989/989 990/990/990
f 952/952/952 990/990/990 953/953/953
f 953/953/953 990/990/990 991/991/991
f 953/953/953 991/991/991 954/954/954
f 954/954/954 991/991/991 992/992/992
f 954/954/954 992/992/992 955/955/955
f 955/955/955 992/992/992 993/993/993
f 955/955/955 993/993/993 956/956/956
f 956/956/956 993/993/993 994/994/994
f 956/956/956 994/994/994 957/957/957
f 957/957/957 994/994/994 995/995/995
f 957/957/957 995/995/995 958/958/958
f 958/958/958 995/995/995 996/996/996
f 958/958/958 996/996/996 959/959/959
f 959/959/959 996/996/996 997/997/997
f 959/959/959 997/997/997 960/960/960
f 960/960/960 997/997/997 998/998/998
f 960/960/960 998/998/998 961/961/961
f 961/961/961 998/998/998 999/999/999
f 961/961/961 999/999/999 962/962/962
