# Generated sky cornice; visual geometry only.
s 1
v -12.748895 -5.459169 78.824085
v -12.918307 -3.569231 78.779209
v -13.187934 -0.791558 78.707786
v -13.314396 2.218116 78.674287
v -13.054313 4.801035 78.743181
v -12.317015 6.889336 78.938487
v -11.240894 8.778794 79.223545
v -9.926164 10.353328 79.571809
v -8.473042 11.496463 79.956732
v -6.819490 12.159171 80.394748
v -4.941646 12.386268 80.892177
v -2.996992 12.203808 81.407304
v -1.143009 11.640423 81.898412
v 0.690693 10.598607 82.384148
v 2.550641 9.091412 82.876837
v 4.243564 7.318090 83.325282
v 5.576189 5.481195 83.678286
v 6.516304 3.621783 83.927317
v 7.160545 1.651830 84.097972
v 7.508913 -0.416078 84.190252
v 7.561406 -2.568190 84.204158
v 7.292973 -4.892748 84.133051
v 6.711962 -7.341979 83.979145
v 5.868484 -9.698772 83.755713
v 4.812644 -11.747998 83.476028
v 3.441842 -13.352676 83.112911
v 1.768007 -14.642272 82.669522
v 0.013047 -15.838902 82.204644
v -1.601136 -17.157389 81.777057
v -3.101979 -18.578235 81.379493
v -4.578962 -20.023453 80.988250
v -5.903236 -21.595401 80.637458
v -6.945952 -23.396439 80.361249
v -7.631950 -25.736083 80.179532
v -8.043548 -28.465668 80.070502
v -8.288121 -31.000282 80.005716
v -8.473042 -32.755015 79.956732
v -12.036713 -5.535117 71.091650
v -12.208092 -3.617852 71.042260
v -12.480851 -0.798494 70.963653
v -12.608782 2.257922 70.926784
v -12.345679 4.883192 71.002608
v -11.599816 7.008133 71.217561
v -10.511195 8.932190 71.531295
v -9.181194 10.537183 71.914593
v -7.711193 11.704514 72.338238
v -6.038433 12.383990 72.820317
v -4.138777 12.620608 73.367787
v -2.171534 12.440414 73.934734
v -0.296016 11.872155 74.475246
v 1.558985 10.816798 75.009846
v 3.440538 9.287519 75.552098
v 5.153126 7.486406 76.045655
v 6.501230 5.619017 76.434170
v 7.452265 3.727265 76.708253
v 8.103990 1.722281 76.896076
v 8.456404 -0.382728 76.997639
v 8.509507 -2.573333 77.012943
v 8.237955 -4.938503 76.934684
v 7.650196 -7.429317 76.765295
v 6.796920 -9.825203 76.519386
v 5.728816 -11.907673 76.211565
v 4.342091 -13.537562 75.811920
v 2.648814 -14.845974 75.323928
v 0.873468 -16.059252 74.812284
v -0.759464 -17.396081 74.341683
v -2.277741 -18.836694 73.904126
v -3.771880 -20.302018 73.473524
v -5.111536 -21.895835 73.087443
v -6.166364 -23.721929 72.783448
v -6.860330 -26.094122 72.583452
v -7.276710 -28.861680 72.463454
v -7.524124 -31.431556 72.392151
v -7.711193 -33.210700 72.338238
v -11.423762 -5.738679 63.325517
v -11.601041 -3.744651 63.270277
v -11.883189 -0.803213 63.182360
v -12.015524 2.395065 63.141124
v -11.743363 5.155684 63.225930
v -10.971826 7.404646 63.466341
v -9.845730 9.449729 63.817232
v -8.469947 11.165464 64.245926
v -6.949344 12.425870 64.719745
v -5.219002 13.175975 65.258919
v -3.253953 13.459762 65.871228
v -1.218992 13.301986 66.505322
v 0.721088 12.730752 67.109850
v 2.639944 11.642336 67.707765
v 4.586266 10.050066 68.314239
v 6.357806 8.163853 68.866250
v 7.752317 6.197919 69.300779
v 8.736089 4.197464 69.607323
v 9.410248 2.072641 69.817391
v 9.774794 -0.160164 69.930983
v 9.829725 -2.483042 69.948100
v 9.548825 -4.985215 69.860571
v 8.940834 -7.613034 69.671121
v 8.058185 -10.135163 69.396088
v 6.953313 -12.322848 69.051810
v 5.518853 -14.030130 68.604833
v 3.767288 -15.391958 68.059045
v 1.930829 -16.649856 67.486805
v 0.241686 -18.035849 66.960468
v -1.328855 -19.529443 66.471088
v -2.874427 -21.048656 65.989488
v -4.260198 -22.701088 65.557682
v -5.351337 -24.594340 65.217684
v -6.069192 -27.053774 64.994000
v -6.499904 -29.923114 64.859790
v -6.755835 -32.587501 64.780042
v -6.949344 -34.432076 64.719745
v -10.731117 -5.840726 55.578627
v -10.911138 -3.799863 55.518300
v -11.197650 -0.772658 55.422286
v -11.332032 2.536086 55.377253
v -11.055662 5.416384 55.469868
v -10.272191 7.788795 55.732419
v -9.128679 9.961690 56.115624
v -7.731616 11.802022 56.583797
v -6.187494 13.176068 57.101252
v -4.430390 14.022544 57.690080
v -2.434948 14.381360 58.358777
v -0.368513 14.273618 59.051266
v 1.601574 13.724835 59.711466
v 3.550109 12.627535 60.364445
v 5.526534 10.994669 61.026770
v 7.325474 9.040602 61.629617
v 8.741553 6.985369 62.104163
v 9.740542 4.878153 62.438937
v 10.425128 2.631671 62.668350
v 10.795311 0.267505 62.792403
v 10.851092 -2.190758 62.811096
v 10.565848 -4.828424 62.715507
v 9.948453 -7.585572 62.508610
v 9.052152 -10.221919 62.208249
v 7.930192 -12.500589 61.832266
v 6.473545 -14.269982 61.344125
v 4.694889 -15.665662 60.748075
v 2.830026 -16.945928 60.123136
v 1.114757 -18.356568 59.548328
v -0.480075 -19.876721 59.013880
v -2.049552 -21.422949 58.487928
v -3.456756 -23.104765 58.016356
v -4.564772 -25.031683 57.645047
v -5.293729 -27.534851 57.400764
v -5.731104 -30.455215 57.254194
v -5.990993 -33.166980 57.167102
v -6.187494 -35.044356 57.101252
v -10.017398 -5.916086 47.835546
v -10.199326 -3.832731 47.770283
v -10.488872 -0.718932 47.666413
v -10.624678 2.708632 47.617695
v -10.345380 5.726366 47.717888
v -9.553610 8.247941 48.001922
v -8.397985 10.578772 48.416483
v -6.986123 12.576503 48.922964
v -5.425645 14.097868 49.482759
v -3.649928 15.073215 50.119766
v -1.633349 15.536072 50.843179
v 0.454976 15.502002 51.592330
v 2.445931 14.992459 52.306551
v 4.415107 13.895873 53.012959
v 6.412468 12.224494 53.729478
v 8.230464 10.196471 54.381652
v 9.661543 8.037529 54.895027
v 10.671114 5.801999 55.257193
v 11.362952 3.407386 55.505378
v 11.737056 0.882516 55.639582
v 11.793428 -1.741106 55.659804
v 11.505163 -4.542071 55.556394
v 10.881227 -7.452127 55.332568
v 9.975432 -10.221031 55.007630
v 8.841587 -12.603086 54.600882
v 7.369510 -14.440412 54.072800
v 5.572013 -15.867787 53.427979
v 3.687396 -17.164572 52.751905
v 1.953958 -18.593412 52.130064
v 0.342232 -20.133179 51.551885
v -1.243870 -21.699358 50.982898
v -2.665981 -23.402873 50.472740
v -3.785733 -25.354653 50.071049
v -4.522412 -27.890119 49.806778
v -4.964420 -30.848162 49.648215
v -5.227062 -33.594916 49.553997
v -5.425645 -35.496515 49.482759
v -9.282322 -5.964212 40.097858
v -9.465310 -3.843544 40.027872
v -9.756545 -0.644513 39.916486
v -9.893142 2.906872 39.864243
v -9.612216 6.075519 39.971686
v -8.815830 8.767008 40.276273
v -7.653466 11.280502 40.720832
v -6.233373 13.462914 41.263963
v -4.663796 15.159965 41.864265
v -2.877725 16.291887 42.547368
v -0.849388 16.883788 43.323128
v 1.251114 16.944032 44.126489
v 3.253678 16.488718 44.892392
v 5.234334 15.401955 45.649916
v 7.243342 13.694994 46.418283
v 9.071938 11.589047 47.117651
v 10.511361 9.315266 47.668174
v 11.526818 6.934113 48.056547
v 12.222690 4.369871 48.322691
v 12.598976 1.660384 48.466606
v 12.655677 -1.152995 48.488292
v 12.365730 -4.139648 48.377398
v 11.738157 -7.221242 48.137376
v 10.827081 -10.136851 47.788925
v 9.686624 -12.631520 47.352744
v 8.205964 -14.540631 46.786449
v 6.397987 -15.996867 46.094968
v 4.502381 -17.304201 45.369972
v 2.758835 -18.744665 44.703134
v 1.137712 -20.296957 44.083117
v -0.457638 -21.875876 43.472957
v -1.888041 -23.593249 42.925884
v -3.014322 -25.560906 42.495125
v -3.755297 -28.116997 42.211731
v -4.199881 -31.099103 42.041695
v -4.464055 -33.868201 41.940658
v -4.663796 -35.785269 41.864265
v -8.525991 -5.985048 32.367029
v -8.709198 -3.833188 32.292592
v -9.000781 -0.553018 32.174123
v -9.137541 3.122823 32.118557
v -8.856280 6.450124 32.232833
v -8.058942 9.325505 32.556791
v -6.895189 12.038972 33.029622
v -5.473399 14.425722 33.607293
v -3.901946 16.319435 34.245772
v -2.113742 17.628912 34.972317
v -0.082981 18.369197 35.797412
v 2.020030 18.540128 36.651863
v 4.024987 18.151399 37.466474
v 6.008010 17.082729 38.272174
v 8.019418 15.344129 39.089406
v 9.850199 13.159083 39.833249
v 11.291342 10.763747 40.418784
v 12.308013 8.225436 40.831856
v 13.004716 5.476875 41.114925
v 13.381452 2.566291 41.267993
v 13.438220 -0.453612 41.291057
v 13.147927 -3.640957 41.173112
v 12.519604 -6.906012 40.917825
v 11.607439 -9.976841 40.547214
v 10.465620 -12.589118 40.083294
v 8.983191 -14.571283 39.480985
v 7.173053 -16.052753 38.745529
v 5.275182 -17.364654 37.974426
v 3.529554 -18.810149 37.265180
v 1.906493 -20.367865 36.605733
v 0.309237 -21.952299 35.956770
v -1.122875 -23.675672 35.374905
v -2.250502 -25.650204 34.916752
v -2.992362 -28.215224 34.615335
v -3.437478 -31.207748 34.434485
v -3.701967 -33.986520 34.327023
v -3.901946 -35.910285 34.245772
v -7.748878 -5.979019 24.644371
v -7.931480 -3.803066 24.565807
v -8.222101 -0.448955 24.440768
v -8.358410 3.346898 24.382122
v -8.078076 6.833795 24.502734
v -7.283370 9.898934 24.844653
v -6.123459 12.820763 25.343700
v -4.706362 15.422301 25.953400
v -3.140097 17.524697 26.627279
v -1.357795 19.024527 27.394106
v 0.666262 19.925614 28.264948
v 2.762331 20.218350 29.166773
v 4.760670 19.905287 30.026550
v 6.737148 18.861862 30.876921
v 8.741916 17.096664 31.739464
v 10.566654 14.834609 32.524549
v 12.003040 12.316246 33.142548
v 13.016354 9.616160 33.578523
v 13.710758 6.676749 33.877287
v 14.086250 3.557516 34.038840
v 14.142831 0.323483 34.063184
v 13.853496 -3.070716 33.938699
v 13.227247 -6.523155 33.669258
v 12.318093 -9.751024 33.278099
v 11.180043 -12.480898 32.788458
v 9.702507 -14.534361 32.152754
v 7.898344 -16.036582 31.376521
v 6.006738 -17.347162 30.562665
v 4.266872 -18.791202 29.814095
v 2.649169 -20.347348 29.118086
v 1.057185 -21.930186 28.433141
v -0.370199 -23.651824 27.819015
v -1.494104 -25.624366 27.335460
v -2.233515 -28.186802 27.017332
v -2.677161 -31.176312 26.826455
v -2.940777 -33.952285 26.713035
v -3.140097 -35.874112 26.627279
v -6.951807 -5.947010 16.931003
v -7.133013 -3.755015 16.848680
v -7.421413 -0.337406 16.717659
v -7.556680 3.568581 16.656207
v -7.278489 7.208638 16.782590
v -6.489857 10.460520 17.140868
v -5.338810 13.589304 17.663792
v -3.932543 16.405942 18.302664
v -2.378248 18.719147 19.008785
v -0.609567 20.413065 19.812303
v 1.399022 21.479679 20.724811
v 3.479072 21.899471 21.669785
v 5.462139 21.667459 22.570699
v 7.423512 20.655106 23.461757
v 9.412959 18.869463 24.365569
v 11.223751 16.535991 25.188218
v 12.649160 13.898837 25.835786
v 13.654731 11.039918 26.292620
v 14.343827 7.912075 26.605679
v 14.716450 4.586431 26.774962
v 14.772598 1.140706 26.800471
v 14.485475 -2.456832 26.670030
v 13.864012 -6.091851 26.387697
v 12.961806 -9.471299 25.977822
v 11.832453 -12.313339 25.464753
v 10.366209 -14.433097 24.798634
v 8.575834 -15.950731 23.985261
v 6.698684 -17.254295 23.132465
v 4.972115 -18.690604 22.348079
v 3.366775 -20.238420 21.618768
v 1.786958 -21.812785 20.901052
v 0.370482 -23.525205 20.257542
v -0.744834 -25.487187 19.750851
v -1.478594 -28.035906 19.417501
v -1.918850 -31.009411 19.217491
v -2.180451 -33.770523 19.098645
v -2.378248 -35.682062 19.008785
v -6.135927 -5.890340 9.227824
v -6.314993 -3.691196 9.142146
v -6.599985 -0.223680 9.005785
v -6.733654 3.777172 8.941828
v -6.458750 7.556519 9.073362
v -5.679434 10.983105 9.446243
v -4.541986 14.307455 9.990480
v -3.152332 17.329144 10.655391
v -1.616398 19.845147 11.390292
v 0.131388 21.727568 12.226559
v 2.116248 22.956499 13.176259
v 4.171725 23.502523 14.159748
v 6.131364 23.353089 15.097380
v 8.069566 22.376187 16.024756
v 10.035510 20.577291 16.965405
v 11.824911 18.181485 17.821583
v 13.233480 15.435533 18.495545
v 14.227171 12.428403 18.970998
v 14.908127 9.123645 19.296816
v 15.276347 5.603792 19.472999
v 15.331833 1.959033 19.499548
v 15.048101 -1.828504 19.363790
v 14.433980 -5.632462 19.069950
v 13.542432 -9.150676 18.643370
v 12.426422 -12.093999 18.109390
v 10.977499 -14.271813 17.416121
v 9.208275 -15.798734 16.569596
v 7.353302 -17.089876 15.682043
v 5.647129 -18.512498 14.865687
v 4.060755 -20.045565 14.106651
v 2.499601 -21.604927 13.359683
v 1.099858 -23.301030 12.689945
v -0.002281 -25.244316 12.162602
v -0.727373 -27.768748 11.815666
v -1.162428 -30.713918 11.607504
v -1.420939 -33.448719 11.483814
v -1.616398 -35.342042 11.390292
v -5.302681 -5.810723 1.535487
v -5.478919 -3.613981 1.446883
v -5.759409 -0.112966 1.305866
v -5.890967 3.962524 1.239725
v -5.620405 7.860322 1.375751
v -4.853400 11.441035 1.761365
v -3.733920 14.940081 2.324186
v -2.366219 18.146900 3.011802
v -0.854549 20.847998 3.771799
v 0.865627 22.904396 4.636622
v 2.819132 24.284795 5.618753
v 4.842138 24.950347 6.635825
v 6.770821 24.881251 7.605476
v 8.678404 23.942699 8.564519
v 10.613292 22.138622 9.537289
v 12.374425 19.692787 10.422704
v 13.760743 16.853440 11.119679
v 14.738737 13.715979 11.611368
v 15.408935 10.254446 11.948313
v 15.771339 6.562035 12.130512
v 15.825948 2.740589 12.157967
v 15.546698 -1.214311 12.017574
v 14.942278 -5.165234 11.713700
v 14.064815 -8.802500 11.272552
v 12.966434 -11.831129 10.720338
v 11.540400 -14.055764 10.003396
v 9.799125 -15.585189 9.127965
v 7.973455 -16.858879 8.210103
v 6.294235 -18.262273 7.365871
v 4.732921 -19.774617 6.580916
v 3.196429 -21.312902 5.808440
v 1.818798 -22.986079 5.115832
v 0.734070 -24.903099 4.570481
v 0.020432 -27.393409 4.211698
v -0.407750 -30.298770 3.996428
v -0.662177 -32.996606 3.868514
v -0.854549 -34.864339 3.771799
v -4.453773 -5.710227 -6.145619
v -4.626561 -3.525852 -6.236704
v -4.901561 -0.010010 -6.381669
v -5.030544 4.115715 -6.449662
v -4.765278 8.105107 -6.309828
v -4.013285 11.811885 -5.913417
v -2.915716 15.456403 -5.334838
v -1.574783 18.819699 -4.627970
v -0.092700 21.679577 -3.846694
v 1.593809 23.887446 -2.957657
v 3.509079 25.401611 -1.948029
v 5.492491 26.174679 -0.902480
v 7.383425 26.180230 0.094319
v 9.253673 25.281494 1.080214
v 11.150692 23.480955 2.080220
v 12.877355 21.000126 2.990425
v 14.236540 18.087481 3.706914
v 15.195392 14.843926 4.212370
v 15.852473 11.253326 4.558748
v 16.207784 7.418313 4.746049
v 16.261324 3.451040 4.774272
v 15.987540 -0.640442 4.629948
v 15.394950 -4.709094 4.317566
v 14.534660 -8.439713 3.864067
v 13.457777 -11.533282 3.296392
v 12.059654 -13.790964 2.559376
v 10.352459 -15.315644 1.659435
v 8.562521 -16.567305 0.715875
v 6.916168 -17.946427 -0.151995
v 5.385412 -19.432615 -0.958927
v 3.878992 -20.944295 -1.753031
v 2.528325 -22.588535 -2.465031
v 1.464826 -24.472400 -3.025650
v 0.765157 -26.919640 -3.394479
v 0.345355 -29.774753 -3.615776
v 0.095907 -32.425930 -3.747271
v -0.092700 -34.261360 -3.846694
v -3.591120 -5.591224 -13.815381
v -3.759914 -3.429297 -13.908497
v -4.028558 0.081154 -14.056696
v -4.154559 4.229612 -14.126205
v -3.895425 8.279056 -13.983252
v -3.160814 12.077879 -13.578001
v -2.088614 15.831945 -12.986518
v -0.778676 19.316007 -12.263886
v 0.669150 22.301340 -11.465188
v 2.316676 24.631629 -10.556324
v 4.187676 26.256200 -9.524180
v 6.125242 27.120344 -8.455314
v 7.972469 27.191926 -7.436285
v 9.799487 26.333158 -6.428403
v 11.652657 24.545231 -5.406095
v 13.339410 22.046497 -4.475592
v 14.667178 19.084323 -3.743124
v 15.603866 15.763956 -3.226396
v 16.245760 12.078043 -2.872293
v 16.592858 8.137025 -2.680815
v 16.645160 4.061591 -2.651963
v 16.377704 -0.129218 -2.799505
v 15.798812 -4.280633 -3.118854
v 14.958407 -8.074222 -3.582466
v 13.906415 -11.208972 -4.162801
v 12.540609 -13.484011 -4.916253
v 10.872875 -14.996462 -5.836265
v 9.124311 -16.222039 -6.800867
v 7.516011 -17.572419 -7.688091
v 6.020638 -19.027635 -8.513020
v 4.549038 -20.507812 -9.324833
v 3.229591 -22.117785 -10.052711
v 2.190674 -23.962390 -10.625833
v 1.507177 -26.358629 -11.002887
v 1.097079 -29.154241 -11.229119
v 0.853397 -31.750167 -11.363547
v 0.669150 -33.547346 -11.465188
v -2.716817 -5.456342 -21.473965
v -2.881156 -3.326726 -21.568669
v -3.142709 0.157407 -21.719396
v -3.265384 4.299267 -21.790091
v -3.013090 8.374148 -21.644699
v -2.297869 12.226900 -21.232536
v -1.253971 16.049909 -20.630963
v 0.021390 19.614035 -19.896004
v 1.430999 22.686474 -19.083681
v 3.035037 25.105378 -18.159314
v 4.856651 26.812825 -17.109563
v 6.743074 27.748290 -16.022464
v 8.541541 27.875023 -14.986052
v 10.320334 27.055234 -13.960978
v 12.124587 25.289017 -12.921231
v 13.766817 22.790711 -11.974854
v 15.059538 19.805213 -11.229892
v 15.971502 16.440774 -10.704349
v 16.596452 12.697480 -10.344206
v 16.934387 8.691663 -10.149462
v 16.985309 4.550446 -10.120117
v 16.724913 0.302009 -10.270177
v 16.161301 -3.893333 -10.594972
v 15.343080 -7.716403 -11.066493
v 14.318856 -10.866377 -11.656728
v 12.989101 -13.141915 -12.423033
v 11.365389 -14.634688 -13.358738
v 9.662979 -15.830699 -14.339795
v 8.097132 -17.148503 -15.242154
v 6.641230 -18.568613 -16.081154
v 5.208474 -20.013082 -16.906816
v 3.923855 -21.584216 -17.647110
v 2.912362 -23.384322 -18.230008
v 2.246906 -25.722754 -18.613494
v 1.847632 -28.450925 -18.843586
v 1.610383 -30.984226 -18.980307
v 1.430999 -32.738050 -19.083681
v -1.833088 -5.308399 -29.121810
v -1.992598 -3.220410 -29.217678
v -2.246466 0.216656 -29.370255
v -2.365536 4.322133 -29.441818
v -2.120655 8.386523 -29.294642
v -1.426451 12.253037 -28.877416
v -0.413227 16.101930 -28.268457
v 0.824659 19.702701 -27.524473
v 2.192848 22.821066 -26.702174
v 3.749753 25.292006 -25.766456
v 5.517841 27.052293 -24.703814
v 7.348833 28.037247 -23.603366
v 9.094454 28.206736 -22.554227
v 10.820978 27.424006 -21.516565
v 12.572216 25.688281 -20.464050
v 14.166190 23.209105 -19.506053
v 15.420925 20.227578 -18.751942
v 16.306092 16.853518 -18.219946
v 16.912679 13.092904 -17.855380
v 17.240685 9.065860 -17.658244
v 17.290110 4.903659 -17.628539
v 17.037366 0.641505 -17.780442
v 16.490315 -3.557094 -18.109226
v 15.696136 -7.374774 -18.586537
v 14.702008 -10.513120 -19.184019
v 13.411327 -12.771937 -19.959734
v 11.835326 -14.237885 -20.906930
v 10.182939 -15.401467 -21.900034
v 8.663103 -16.683540 -22.813474
v 7.249982 -18.065146 -23.662777
v 5.859326 -19.470450 -24.498577
v 4.612454 -20.998984 -25.247962
v 3.630683 -22.750282 -25.838019
v 2.984781 -25.025310 -26.226214
v 2.597239 -27.679510 -26.459131
v 2.366961 -30.144124 -26.597531
v 2.192848 -31.850395 -26.702174
v -0.942239 -5.150353 -36.759623
v -1.096638 -3.112435 -36.856256
v -1.342371 0.257875 -37.010051
v -1.457627 4.298095 -37.082186
v -1.220592 8.316520 -36.933834
v -0.548631 12.156642 -36.513278
v 0.432127 15.988160 -35.899456
v 1.630348 19.581751 -35.149531
v 2.954698 22.704257 -34.320668
v 4.461716 25.189903 -33.377478
v 6.173150 26.972181 -32.306352
v 7.945474 27.983985 -31.197117
v 9.635161 28.183095 -30.139601
v 11.306364 27.434800 -29.093654
v 13.001488 25.737696 -28.032736
v 14.544388 23.295853 -27.067089
v 15.758919 20.345325 -26.306957
v 16.615724 16.996039 -25.770714
v 17.202874 13.258220 -25.403237
v 17.520370 9.253632 -25.204528
v 17.568212 5.115334 -25.174585
v 17.323566 0.883334 -25.327701
v 16.794043 -3.278073 -25.659110
v 16.025312 -7.055837 -26.140232
v 15.063038 -10.156115 -26.742485
v 13.813713 -12.381436 -27.524394
v 12.288210 -13.813983 -28.479152
v 10.688769 -14.942921 -29.480185
v 9.217632 -16.186824 -30.400918
v 7.849790 -17.527295 -31.257002
v 6.503694 -18.890759 -32.099476
v 5.296774 -20.373785 -32.854845
v 4.346461 -22.072941 -33.449612
v 3.721255 -24.280236 -33.840907
v 3.346131 -26.855412 -34.075683
v 3.123232 -29.246647 -34.215188
v 2.954698 -30.902118 -34.320668
v -0.046613 -4.985235 -44.388354
v -0.195711 -3.004676 -44.485393
v -0.433009 0.281046 -44.639834
v -0.544308 4.229316 -44.712271
v -0.315410 8.168407 -44.563297
v 0.333483 11.943934 -44.140975
v 1.280573 15.716735 -43.524576
v 2.437661 19.261088 -42.771504
v 3.716547 22.347454 -41.939161
v 5.171832 24.811630 -40.992012
v 6.824514 26.585839 -39.916390
v 8.535996 27.602255 -38.802499
v 10.167679 27.817845 -37.740544
v 11.781511 27.100881 -36.690206
v 13.418444 25.449574 -35.624834
v 14.908378 23.061956 -34.655134
v 16.081216 20.167919 -33.891812
v 16.908607 16.876094 -33.353317
v 17.475601 13.199298 -32.984298
v 17.782198 9.258829 -32.784754
v 17.828397 5.187238 -32.754686
v 17.592150 1.027109 -32.908444
v 17.080805 -3.058802 -33.241245
v 16.338463 -6.764092 -33.724386
v 15.409223 -9.801496 -34.329168
v 14.202786 -11.977737 -35.114358
v 12.729651 -13.371113 -36.073124
v 11.185118 -14.463858 -37.078360
v 9.764483 -15.667882 -38.002957
v 8.443597 -16.965378 -38.862635
v 7.143711 -18.285130 -39.708646
v 5.978223 -19.720611 -40.467185
v 5.060533 -21.365293 -41.064449
v 4.456789 -23.501823 -41.457386
v 4.094543 -25.994440 -41.693148
v 3.879295 -28.309014 -41.833239
v 3.716547 -29.911411 -41.939161
v 0.851458 -4.816093 -52.009179
v 0.707757 -2.898787 -52.106310
v 0.479050 0.287056 -52.260898
v 0.371780 4.119946 -52.333404
v 0.592391 7.949861 -52.184288
v 1.217795 11.626224 -51.761564
v 2.130602 15.302721 -51.144579
v 3.245804 18.759438 -50.390790
v 4.478396 21.772715 -49.557654
v 5.881001 24.182072 -48.609604
v 7.473859 25.920346 -47.532957
v 9.123387 26.920596 -46.418006
v 10.696004 27.140176 -45.355040
v 12.251418 26.451167 -44.303703
v 13.829096 24.851630 -43.237317
v 15.265096 22.533124 -42.266694
v 16.395478 19.718439 -41.502644
v 17.192919 16.513621 -40.963637
v 17.739388 12.932495 -40.594267
v 18.034887 9.093945 -40.394533
v 18.079414 5.127882 -40.364436
v 17.851718 1.077351 -40.518341
v 17.358884 -2.898566 -40.851458
v 16.643414 -6.502190 -41.335059
v 15.747811 -9.454595 -41.940416
v 14.585045 -11.568007 -42.726354
v 13.165237 -12.917448 -43.686033
v 11.676613 -13.973118 -44.692226
v 10.307404 -15.136291 -45.617704
v 9.034332 -16.389765 -46.478200
v 7.781501 -17.664739 -47.325016
v 6.658202 -19.051516 -48.084277
v 5.773731 -20.640397 -48.682110
v 5.191843 -22.704436 -49.075421
v 4.842709 -25.112483 -49.311407
v 4.635253 -27.348525 -49.451631
v 4.478396 -28.896555 -49.557654
v 1.749697 -4.645929 -59.623465
v 1.611399 -2.796213 -59.720429
v 1.391292 0.277517 -59.874753
v 1.288056 3.975703 -59.947134
v 1.500372 7.671248 -59.798274
v 2.102258 11.218838 -59.376275
v 2.980739 14.766666 -58.760349
v 4.054004 18.102515 -58.007853
v 5.240246 21.010553 -57.176148
v 6.590106 23.335898 -56.229724
v 8.123065 25.013696 -55.154925
v 9.710564 25.979315 -54.041887
v 11.224044 26.191576 -52.980746
v 12.720967 25.527052 -51.931212
v 14.239317 23.983865 -50.866656
v 15.621317 21.746816 -49.897699
v 16.709192 19.030849 -49.134960
v 17.476645 15.938307 -48.596878
v 18.002565 12.482583 -48.228142
v 18.286951 8.778425 -48.028751
v 18.329804 4.951227 -47.998706
v 18.110671 1.042587 -48.152346
v 17.636369 -2.793963 -48.484892
v 16.947804 -6.271196 -48.967663
v 16.085880 -9.119986 -49.571981
v 14.966839 -11.159153 -50.356571
v 13.600422 -12.461045 -51.314603
v 12.167777 -13.479416 -52.319068
v 10.850056 -14.601491 -53.242958
v 9.624858 -15.810677 -54.101978
v 8.419138 -17.040604 -54.947340
v 7.338081 -18.378382 -55.705299
v 6.486870 -19.911124 -56.302105
v 5.926863 -21.902236 -56.694742
v 5.590859 -24.225201 -56.930323
v 5.391204 -26.382239 -57.070307
v 5.240246 -27.875574 -57.176148
v 2.645921 -4.477648 -67.232740
v 2.512947 -2.698202 -67.329339
v 2.301313 0.254573 -67.483081
v 2.202052 3.803397 -67.555189
v 2.406194 7.344789 -67.406890
v 2.984909 10.739886 -66.986481
v 3.829571 14.132915 -66.372875
v 4.861520 17.320883 -65.623214
v 6.002095 20.097359 -64.794641
v 7.299991 22.314604 -63.851782
v 8.773935 23.911509 -62.781032
v 10.300321 24.826959 -61.672187
v 11.755537 25.022156 -60.615042
v 13.194834 24.378692 -59.569462
v 14.654732 22.894932 -58.508917
v 15.983530 20.748777 -57.543609
v 17.029525 18.146810 -56.783744
v 17.767434 15.186752 -56.247688
v 18.273108 11.880314 -55.880341
v 18.546546 8.336677 -55.681701
v 18.587749 4.675155 -55.651769
v 18.377052 0.934254 -55.804831
v 17.921009 -2.739582 -56.136124
v 17.258951 -6.070920 -56.617077
v 16.430208 -8.801549 -57.219119
v 15.354247 -10.757726 -58.000752
v 14.040432 -12.009691 -58.955176
v 12.662940 -12.991176 -59.955858
v 11.395947 -14.072608 -60.876267
v 10.217915 -15.237995 -61.732051
v 9.058611 -16.423373 -62.574229
v 8.019171 -17.712695 -63.329332
v 7.200729 -19.189920 -63.923891
v 6.662280 -21.108911 -64.315048
v 6.339211 -23.347735 -64.549743
v 6.147242 -25.426643 -64.689199
v 6.002095 -26.865887 -64.794641
v 4.410450 -3.147369 -74.182720
v 4.317203 -1.901134 -74.252832
v 4.168796 0.161008 -74.364418
v 4.099189 2.634068 -74.416755
v 4.242343 5.095105 -74.309119
v 4.648163 7.448164 -74.003984
v 5.240477 9.796574 -73.558625
v 5.964124 11.999790 -73.014517
v 6.763944 13.914908 -72.413134
v 7.674085 15.440217 -71.728802
v 8.707679 16.534704 -70.951646
v 9.778046 17.157048 -70.146840
v 10.798507 17.281212 -69.379559
v 11.807804 16.824729 -68.620672
v 12.831548 15.786696 -67.850922
v 13.763359 14.291872 -67.150296
v 14.496856 12.484665 -66.598782
v 15.014309 10.432491 -66.209710
v 15.368910 8.141917 -65.943087
v 15.560656 5.687728 -65.798914
v 15.589550 3.151644 -65.777189
v 15.441800 0.558534 -65.888282
v 15.122003 -1.990796 -66.128736
v 14.657739 -4.304673 -66.477814
v 14.076589 -6.203220 -66.914779
v 13.322078 -7.565532 -67.482093
v 12.400774 -8.441693 -68.174819
v 11.434817 -9.131585 -68.901119
v 10.546347 -9.891731 -69.569158
v 9.720259 -10.710890 -70.190290
v 8.907306 -11.544100 -70.801547
v 8.178405 -12.450373 -71.349605
v 7.604478 -13.488724 -71.781139
v 7.226895 -14.837597 -72.065043
v 7.000344 -16.411281 -72.235386
v 6.865728 -17.872560 -72.336604
v 6.763944 -18.884214 -72.413134
v 6.185644 -1.796467 -81.073544
v 6.132547 -1.088889 -81.114825
v 6.048039 0.077109 -81.180527
v 6.008403 1.471010 -81.211342
v 6.089919 2.852443 -81.147967
v 6.321005 4.167997 -80.968306
v 6.658286 5.478263 -80.706082
v 7.070352 6.704783 -80.385716
v 7.525794 7.767806 -80.031627
v 8.044055 8.611035 -79.628699
v 8.632614 9.212662 -79.171116
v 9.242113 9.550454 -78.697253
v 9.823193 9.610567 -78.245484
v 10.397917 9.346560 -77.798658
v 10.980867 8.758119 -77.345436
v 11.511468 7.916219 -76.932914
v 11.929143 6.902621 -76.608187
v 12.223796 5.754759 -76.379105
v 12.425716 4.475008 -76.222119
v 12.534902 3.104434 -76.137231
v 12.551355 1.687916 -76.124440
v 12.467222 0.237832 -76.189850
v 12.285120 -1.190034 -76.331428
v 12.020754 -2.487873 -76.536962
v 11.689830 -3.554350 -76.794243
v 11.260190 -4.321461 -77.128273
v 10.735572 -4.818380 -77.536144
v 10.185527 -5.212159 -77.963783
v 9.679606 -5.646038 -78.357118
v 9.209207 -6.113601 -78.722836
v 8.746287 -6.589183 -79.082739
v 8.331230 -7.106469 -79.405431
v 8.004419 -7.699143 -79.659514
v 7.789411 -8.469057 -79.826675
v 7.660407 -9.367291 -79.926971
v 7.583752 -10.201364 -79.986567
v 7.525794 -10.778800 -80.031627
vt 0.19531250 1.01453953
vt 0.19531250 1.01083281
vt 0.19531250 1.00538106
vt 0.19531250 0.99949738
vt 0.19531250 0.99442601
vt 0.19531250 0.99009019
vt 0.19531250 0.98582085
vt 0.19531250 0.98177905
vt 0.19531250 0.97812006
vt 0.19531250 0.97457651
vt 0.19531250 0.97080421
vt 0.19531250 0.96690847
vt 0.19531250 0.96304972
vt 0.19531250 0.95886380
vt 0.19531250 0.95412746
vt 0.19531250 0.94928993
vt 0.19531250 0.94482463
vt 0.19531250 0.94073729
vt 0.19531250 0.93668075
vt 0.19531250 0.93258252
vt 0.19531250 0.92837787
vt 0.19531250 0.92380625
vt 0.19531250 0.91888417
vt 0.19531250 0.91398316
vt 0.19531250 0.90946036
vt 0.19531250 0.90530091
vt 0.19531250 0.90111833
vt 0.19531250 0.89690889
vt 0.19531250 0.89278568
vt 0.19531250 0.88870335
vt 0.19531250 0.88462301
vt 0.19531250 0.88057266
vt 0.19531250 0.87648599
vt 0.19531250 0.87171586
vt 0.19531250 0.86632177
vt 0.19531250 0.86134737
vt 0.19531250 0.85790036
vt 0.21026767 1.01603960
vt 0.21026767 1.01227930
vt 0.21026767 1.00674580
vt 0.21026767 1.00077076
vt 0.21026767 0.99561636
vt 0.21026767 0.99120628
vt 0.21026767 0.98686351
vt 0.21026767 0.98275275
vt 0.21026767 0.97903295
vt 0.21026767 0.97543469
vt 0.21026767 0.97160843
vt 0.21026767 0.96765933
vt 0.21026767 0.96374855
vt 0.21026767 0.95950530
vt 0.21026767 0.95470171
vt 0.21026767 0.94979252
vt 0.21026767 0.94525734
vt 0.21026767 0.94110191
vt 0.21026767 0.93697481
vt 0.21026767 0.93280352
vt 0.21026767 0.92852368
vt 0.21026767 0.92387240
vt 0.21026767 0.91886760
vt 0.21026767 0.91388683
vt 0.21026767 0.90929293
vt 0.21026767 0.90507136
vt 0.21026767 0.90082956
vt 0.21026767 0.89656157
vt 0.21026767 0.89238099
vt 0.21026767 0.88824186
vt 0.21026767 0.88410476
vt 0.21026767 0.87999806
vt 0.21026767 0.87585454
vt 0.21026767 0.87101805
vt 0.21026767 0.86554892
vt 0.21026767 0.86050531
vt 0.21026767 0.85701035
vt 0.22522284 1.02078324
vt 0.22522284 1.01687249
vt 0.22522284 1.01109973
vt 0.22522284 1.00484747
vt 0.22522284 0.99942812
vt 0.22522284 0.99477144
vt 0.22522284 0.99018373
vt 0.22522284 0.98584428
vt 0.22522284 0.98192688
vt 0.22522284 0.97816251
vt 0.22522284 0.97418575
vt 0.22522284 0.97009609
vt 0.22522284 0.96605127
vt 0.22522284 0.96165742
vt 0.22522284 0.95666896
vt 0.22522284 0.95155277
vt 0.22522284 0.94680376
vt 0.22522284 0.94242741
vt 0.22522284 0.93806300
vt 0.22522284 0.93364128
vt 0.22522284 0.92910307
vt 0.22522284 0.92418371
vt 0.22522284 0.91890861
vt 0.22522284 0.91367463
vt 0.22522284 0.90886220
vt 0.22522284 0.90445962
vt 0.22522284 0.90005558
vt 0.22522284 0.89563063
vt 0.22522284 0.89129631
vt 0.22522284 0.88700495
vt 0.22522284 0.88271570
vt 0.22522284 0.87845797
vt 0.22522284 0.87416207
vt 0.22522284 0.86914770
vt 0.22522284 0.86347744
vt 0.22522284 0.85824835
vt 0.22522284 0.85462485
vt 0.24017802 1.02489398
vt 0.24017802 1.02089156
vt 0.24017802 1.01495110
vt 0.24017802 1.00848308
vt 0.24017802 1.00283018
vt 0.24017802 0.99793663
vt 0.24017802 0.99311104
vt 0.24017802 0.98855102
vt 0.24017802 0.98444965
vt 0.24017802 0.98055236
vt 0.24017802 0.97648359
vt 0.24017802 0.97232770
vt 0.24017802 0.96822807
vt 0.24017802 0.96376594
vt 0.24017802 0.95867379
vt 0.24017802 0.95341816
vt 0.24017802 0.94849849
vt 0.24017802 0.94391976
vt 0.24017802 0.93932168
vt 0.24017802 0.93464469
vt 0.24017802 0.92984209
vt 0.24017802 0.92465864
vt 0.24017802 0.91913265
vt 0.24017802 0.91367789
vt 0.24017802 0.90868935
vt 0.24017802 0.90416133
vt 0.24017802 0.89966758
vt 0.24017802 0.89516394
vt 0.24017802 0.89075255
vt 0.24017802 0.88638489
vt 0.24017802 0.88201936
vt 0.24017802 0.87768592
vt 0.24017802 0.87331363
vt 0.24017802 0.86821009
vt 0.24017802 0.86243900
vt 0.24017802 0.85711692
vt 0.24017802 0.85342899
vt 0.25513319 1.02961012
vt 0.25513319 1.02552462
vt 0.25513319 1.01941511
vt 0.25513319 1.01271507
vt 0.25513319 1.00679430
vt 0.25513319 1.00161783
vt 0.25513319 0.99650542
vt 0.25513319 0.99167812
vt 0.25513319 0.98735398
vt 0.25513319 0.98330330
vt 0.25513319 0.97914419
vt 0.25513319 0.97493955
vt 0.25513319 0.97080976
vt 0.25513319 0.96630394
vt 0.25513319 0.96112468
vt 0.25513319 0.95573170
vt 0.25513319 0.95062480
vt 0.25513319 0.94580868
vt 0.25513319 0.94092872
vt 0.25513319 0.93594016
vt 0.25513319 0.93081464
vt 0.25513319 0.92531331
vt 0.25513319 0.91949247
vt 0.25513319 0.91378530
vt 0.25513319 0.90860307
vt 0.25513319 0.90394904
vt 0.25513319 0.89938105
vt 0.25513319 0.89481930
vt 0.25513319 0.89035099
vt 0.25513319 0.88592698
vt 0.25513319 0.88150513
vt 0.25513319 0.87711577
vt 0.25513319 0.87268706
vt 0.25513319 0.86751768
vt 0.25513319 0.86167213
vt 0.25513319 0.85628138
vt 0.25513319 0.85254587
vt 0.27008836 1.03482535
vt 0.27008836 1.03066700
vt 0.27008836 1.02439132
vt 0.27008836 1.01744954
vt 0.27008836 1.01123488
vt 0.27008836 1.00573794
vt 0.27008836 1.00029729
vt 0.27008836 0.99516117
vt 0.27008836 0.99057682
vt 0.27008836 0.98634888
vt 0.27008836 0.98209604
vt 0.27008836 0.97785610
vt 0.27008836 0.97371871
vt 0.27008836 0.96919352
vt 0.27008836 0.96394496
vt 0.27008836 0.95841939
vt 0.27008836 0.95311299
vt 0.27008836 0.94803095
vt 0.27008836 0.94282957
vt 0.27008836 0.93748341
vt 0.27008836 0.93198734
vt 0.27008836 0.92612477
vt 0.27008836 0.91997426
vt 0.27008836 0.91399034
vt 0.27008836 0.90860186
vt 0.27008836 0.90382386
vt 0.27008836 0.89919807
vt 0.27008836 0.89459921
vt 0.27008836 0.89009455
vt 0.27008836 0.88563455
vt 0.27008836 0.88117673
vt 0.27008836 0.87675167
vt 0.27008836 0.87228693
vt 0.27008836 0.86707550
vt 0.27008836 0.86118240
vt 0.27008836 0.85574780
vt 0.27008836 0.85198190
vt 0.28504353 1.04037775
vt 0.28504353 1.03615860
vt 0.28504353 1.02972494
vt 0.28504353 1.02254023
vt 0.28504353 1.01601675
vt 0.28504353 1.01017385
vt 0.28504353 1.00437502
vt 0.28504353 0.99889791
vt 0.28504353 0.99402139
vt 0.28504353 0.98959196
vt 0.28504353 0.98523788
vt 0.28504353 0.98097169
vt 0.28504353 0.97684641
vt 0.28504353 0.97232531
vt 0.28504353 0.96702641
vt 0.28504353 0.96137646
vt 0.28504353 0.95586448
vt 0.28504353 0.95049738
vt 0.28504353 0.94494726
vt 0.28504353 0.93921170
vt 0.28504353 0.93331233
vt 0.28504353 0.92705943
vt 0.28504353 0.92055700
vt 0.28504353 0.91428199
vt 0.28504353 0.90868164
vt 0.28504353 0.90378509
vt 0.28504353 0.89911885
vt 0.28504353 0.89450393
vt 0.28504353 0.88998353
vt 0.28504353 0.88550794
vt 0.28504353 0.88103455
vt 0.28504353 0.87659403
vt 0.28504353 0.87211370
vt 0.28504353 0.86688406
vt 0.28504353 0.86097037
vt 0.28504353 0.85551678
vt 0.28504353 0.85173772
vt 0.29999870 1.04605475
vt 0.29999870 1.04178875
vt 0.29999870 1.03521132
vt 0.29999870 1.02779240
vt 0.29999870 1.02095839
vt 0.29999870 1.01475884
vt 0.29999870 1.00858676
vt 0.29999870 1.00274987
vt 0.29999870 0.99755939
vt 0.29999870 0.99290820
vt 0.29999870 0.98844381
vt 0.29999870 0.98415668
vt 0.29999870 0.98006006
vt 0.29999870 0.97556511
vt 0.29999870 0.97023591
vt 0.29999870 0.96447390
vt 0.29999870 0.95875805
vt 0.29999870 0.95309854
vt 0.29999870 0.94718747
vt 0.29999870 0.94104785
vt 0.29999870 0.93473034
vt 0.29999870 0.92807516
vt 0.29999870 0.92121366
vt 0.29999870 0.91464539
vt 0.29999870 0.90883595
vt 0.29999870 0.90383038
vt 0.29999870 0.89914177
vt 0.29999870 0.89453150
vt 0.29999870 0.89001565
vt 0.29999870 0.88554457
vt 0.29999870 0.88107569
vt 0.29999870 0.87663964
vt 0.29999870 0.87216382
vt 0.29999870 0.86693945
vt 0.29999870 0.86103172
vt 0.29999870 0.85558363
vt 0.29999870 0.85180837
vt 0.31495388 1.05160543
vt 0.31495388 1.04730838
vt 0.31495388 1.04060770
vt 0.31495388 1.03297387
vt 0.31495388 1.02584195
vt 0.31495388 1.01929163
vt 0.31495388 1.01274852
vt 0.31495388 1.00654957
vt 0.31495388 1.00103736
vt 0.31495388 0.99615282
vt 0.31495388 0.99157095
vt 0.31495388 0.98726606
vt 0.31495388 0.98321161
vt 0.31495388 0.97876308
vt 0.31495388 0.97342444
vt 0.31495388 0.96756726
vt 0.31495388 0.96165822
vt 0.31495388 0.95571237
vt 0.31495388 0.94944493
vt 0.31495388 0.94290556
vt 0.31495388 0.93617466
vt 0.31495388 0.92912405
vt 0.31495388 0.92191300
vt 0.31495388 0.91506271
vt 0.31495388 0.90905631
vt 0.31495388 0.90395578
vt 0.31495388 0.89926347
vt 0.31495388 0.89467788
vt 0.31495388 0.89018621
vt 0.31495388 0.88573907
vt 0.31495388 0.88129410
vt 0.31495388 0.87688180
vt 0.31495388 0.87242995
vt 0.31495388 0.86723354
vt 0.31495388 0.86135744
vt 0.31495388 0.85593851
vt 0.31495388 0.85218347
vt 0.32990905 1.05675895
vt 0.32990905 1.05244830
vt 0.32990905 1.04565098
vt 0.32990905 1.03783208
vt 0.32990905 1.03042934
vt 0.32990905 1.02355120
vt 0.32990905 1.01665753
vt 0.32990905 1.01011238
vt 0.32990905 1.00428733
vt 0.32990905 0.99917015
vt 0.32990905 0.99446919
vt 0.32990905 0.99014966
vt 0.32990905 0.98614835
vt 0.32990905 0.98176437
vt 0.32990905 0.97643780
vt 0.32990905 0.97050700
vt 0.32990905 0.96442491
vt 0.32990905 0.95821279
vt 0.32990905 0.95161090
vt 0.32990905 0.94469541
vt 0.32990905 0.93757585
vt 0.32990905 0.93015578
vt 0.32990905 0.92262166
vt 0.32990905 0.91551434
vt 0.32990905 0.90933273
vt 0.32990905 0.90415598
vt 0.32990905 0.89947894
vt 0.32990905 0.89493704
vt 0.32990905 0.89048818
vt 0.32990905 0.88608341
vt 0.32990905 0.88168081
vt 0.32990905 0.87731055
vt 0.32990905 0.87290112
vt 0.32990905 0.86775423
vt 0.32990905 0.86193412
vt 0.32990905 0.85656683
vt 0.32990905 0.85284757
vt 0.34486422 1.06124639
vt 0.34486422 1.05694082
vt 0.34486422 1.05007898
vt 0.34486422 1.04211451
vt 0.34486422 1.03448162
vt 0.34486422 1.02731495
vt 0.34486422 1.02010899
vt 0.34486422 1.01325169
vt 0.34486422 1.00714004
vt 0.34486422 1.00180530
vt 0.34486422 0.99699198
vt 0.34486422 0.99266296
vt 0.34486422 0.98872394
vt 0.34486422 0.98442037
vt 0.34486422 0.97912762
vt 0.34486422 0.97314916
vt 0.34486422 0.96692335
vt 0.34486422 0.96047855
vt 0.34486422 0.95358074
vt 0.34486422 0.94633116
vt 0.34486422 0.93886656
vt 0.34486422 0.93112115
vt 0.34486422 0.92330651
vt 0.34486422 0.91598018
vt 0.34486422 0.90965428
vt 0.34486422 0.90442443
vt 0.34486422 0.89978166
vt 0.34486422 0.89530115
vt 0.34486422 0.89091242
vt 0.34486422 0.88656719
vt 0.34486422 0.88222409
vt 0.34486422 0.87791291
vt 0.34486422 0.87356308
vt 0.34486422 0.86848576
vt 0.34486422 0.86274432
vt 0.34486422 0.85744958
vt 0.34486422 0.85378059
vt 0.35981939 1.06482279
vt 0.35981939 1.06054181
vt 0.35981939 1.05365193
vt 0.35981939 1.04558955
vt 0.35981939 1.03777889
vt 0.35981939 1.03037743
vt 0.35981939 1.02291345
vt 0.35981939 1.01579466
vt 0.35981939 1.00943903
vt 0.35981939 1.00391629
vt 0.35981939 0.99900712
vt 0.35981939 0.99467749
vt 0.35981939 0.99080886
vt 0.35981939 0.98659913
vt 0.35981939 0.98136179
vt 0.35981939 0.97536542
vt 0.35981939 0.96903340
vt 0.35981939 0.96240155
vt 0.35981939 0.95526098
vt 0.35981939 0.94773553
vt 0.35981939 0.93998618
vt 0.35981939 0.93197539
vt 0.35981939 0.92393686
vt 0.35981939 0.91644093
vt 0.35981939 0.91000966
vt 0.35981939 0.90475363
vt 0.35981939 0.90016376
vt 0.35981939 0.89576075
vt 0.35981939 0.89144792
vt 0.35981939 0.88717784
vt 0.35981939 0.88290986
vt 0.35981939 0.87867324
vt 0.35981939 0.87439863
vt 0.35981939 0.86940913
vt 0.35981939 0.86376698
vt 0.35981939 0.85856381
vt 0.35981939 0.85495828
vt 0.37477456 1.06728681
vt 0.37477456 1.06305013
vt 0.37477456 1.05617169
vt 0.37477456 1.04806511
vt 0.37477456 1.04013821
vt 0.37477456 1.03256725
vt 0.37477456 1.02491252
vt 0.37477456 1.01759671
vt 0.37477456 1.01105361
vt 0.37477456 1.00538537
vt 0.37477456 1.00040656
vt 0.37477456 0.99608969
vt 0.37477456 0.99229911
vt 0.37477456 0.98819424
vt 0.37477456 0.98303325
vt 0.37477456 0.97705145
vt 0.37477456 0.97065727
vt 0.37477456 0.96389370
vt 0.37477456 0.95657530
vt 0.37477456 0.94884516
vt 0.37477456 0.94088461
vt 0.37477456 0.93268108
vt 0.37477456 0.92448641
vt 0.37477456 0.91687927
vt 0.37477456 0.91038778
vt 0.37477456 0.90513531
vt 0.37477456 0.90061623
vt 0.37477456 0.89630497
vt 0.37477456 0.89208202
vt 0.37477456 0.88790094
vt 0.37477456 0.88372190
vt 0.37477456 0.87957357
vt 0.37477456 0.87538805
vt 0.37477456 0.87050253
vt 0.37477456 0.86497796
vt 0.37477456 0.85988323
vt 0.37477456 0.85635284
vt 0.38972974 1.06849567
vt 0.38972974 1.06432257
vt 0.38972974 1.05749642
vt 0.38972974 1.04940292
vt 0.38972974 1.04142729
vt 0.38972974 1.03376013
vt 0.38972974 1.02599114
vt 0.38972974 1.01855274
vt 0.38972974 1.01188904
vt 0.38972974 1.00612794
vt 0.38972974 1.00111393
vt 0.38972974 0.99682762
vt 0.38972974 0.99312272
vt 0.38972974 0.98913131
vt 0.38972974 0.98406643
vt 0.38972974 0.97813318
vt 0.38972974 0.97172527
vt 0.38972974 0.96489197
vt 0.38972974 0.95746886
vt 0.38972974 0.94961423
vt 0.38972974 0.94152524
vt 0.38972974 0.93321026
vt 0.38972974 0.92493475
vt 0.38972974 0.91728076
vt 0.38972974 0.91077825
vt 0.38972974 0.90556066
vt 0.38972974 0.90112908
vt 0.38972974 0.89692183
vt 0.38972974 0.89280075
vt 0.38972974 0.88872053
vt 0.38972974 0.88464230
vt 0.38972974 0.88059405
vt 0.38972974 0.87650950
vt 0.38972974 0.87174183
vt 0.38972974 0.86635055
vt 0.38972974 0.86137872
vt 0.38972974 0.85793350
vt 0.40468491 1.06837429
vt 0.40468491 1.06428297
vt 0.40468491 1.05754960
vt 0.40468491 1.04952734
vt 0.40468491 1.04157306
vt 0.40468491 1.03388704
vt 0.40468491 1.02608522
vt 0.40468491 1.01860432
vt 0.40468491 1.01189310
vt 0.40468491 1.00609832
vt 0.40468491 1.00108940
vt 0.40468491 0.99685492
vt 0.40468491 0.99324333
vt 0.40468491 0.98937167
vt 0.40468491 0.98442091
vt 0.40468491 0.97857020
vt 0.40468491 0.97219892
vt 0.40468491 0.96536128
vt 0.40468491 0.95791077
vt 0.40468491 0.95001648
vt 0.40468491 0.94188654
vt 0.40468491 0.93354575
vt 0.40468491 0.92526827
vt 0.40468491 0.91763446
vt 0.40468491 0.91117175
vt 0.40468491 0.90602059
vt 0.40468491 0.90169158
vt 0.40468491 0.89759840
vt 0.40468491 0.89358906
vt 0.40468491 0.88961947
vt 0.40468491 0.88565183
vt 0.40468491 0.88171333
vt 0.40468491 0.87773954
vt 0.40468491 0.87310114
vt 0.40468491 0.86785603
vt 0.40468491 0.86301901
vt 0.40468491 0.85966720
vt 0.41964008 1.06691824
vt 0.41964008 1.06292518
vt 0.41964008 1.05632301
vt 0.41964008 1.04842837
vt 0.41964008 1.04056463
vt 0.41964008 1.03293711
vt 0.41964008 1.02518445
vt 0.41964008 1.01774232
vt 0.41964008 1.01105853
vt 0.41964008 1.00529191
vt 0.41964008 1.00033125
vt 0.41964008 0.99617185
vt 0.41964008 0.99266093
vt 0.41964008 0.98891307
vt 0.41964008 0.98409221
vt 0.41964008 0.97835659
vt 0.41964008 0.97207171
vt 0.41964008 0.96529507
vt 0.41964008 0.95789464
vt 0.41964008 0.95004575
vt 0.41964008 0.94196253
vt 0.41964008 0.93368148
vt 0.41964008 0.92548050
vt 0.41964008 0.91793321
vt 0.41964008 0.91156025
vt 0.41964008 0.90650588
vt 0.41964008 0.90229250
vt 0.41964008 0.89832119
vt 0.41964008 0.89443122
vt 0.41964008 0.89057981
vt 0.41964008 0.88673029
vt 0.41964008 0.88290906
vt 0.41964008 0.87905357
vt 0.41964008 0.87455328
vt 0.41964008 0.86946433
vt 0.41964008 0.86477132
vt 0.41964008 0.86151930
vt 0.43459525 1.06419070
vt 0.43459525 1.06031013
vt 0.43459525 1.05387393
vt 0.43459525 1.04615902
vt 0.43459525 1.03845091
vt 0.43459525 1.03095551
vt 0.43459525 1.02333044
vt 0.43459525 1.01600526
vt 0.43459525 1.00942156
vt 0.43459525 1.00374375
vt 0.43459525 0.99887439
vt 0.43459525 0.99481346
vt 0.43459525 0.99140987
vt 0.43459525 0.98778774
vt 0.43459525 0.98310985
vt 0.43459525 0.97751898
vt 0.43459525 0.97136728
vt 0.43459525 0.96471374
vt 0.43459525 0.95743722
vt 0.43459525 0.94971487
vt 0.43459525 0.94176197
vt 0.43459525 0.93362202
vt 0.43459525 0.92557184
vt 0.43459525 0.91817361
vt 0.43459525 0.91193716
vt 0.43459525 0.90700739
vt 0.43459525 0.90292030
vt 0.43459525 0.89907631
vt 0.43459525 0.89531105
vt 0.43459525 0.89158312
vt 0.43459525 0.88785702
vt 0.43459525 0.88415829
vt 0.43459525 0.88042641
vt 0.43459525 0.87607039
vt 0.43459525 0.87114459
vt 0.43459525 0.86660204
vt 0.43459525 0.86345428
vt 0.44955042 1.06031446
vt 0.44955042 1.05655787
vt 0.44955042 1.05031745
vt 0.44955042 1.04282803
vt 0.44955042 1.03533374
vt 0.44955042 1.02803704
vt 0.44955042 1.02061083
vt 0.44955042 1.01347394
vt 0.44955042 1.00705701
vt 0.44955042 1.00152410
vt 0.44955042 0.99678612
vt 0.44955042 0.99284535
vt 0.44955042 0.98955443
vt 0.44955042 0.98605793
vt 0.44955042 0.98153302
vt 0.44955042 0.97611244
vt 0.44955042 0.97013563
vt 0.44955042 0.96366125
vt 0.44955042 0.95657556
vt 0.44955042 0.94905336
vt 0.44955042 0.94130660
vt 0.44955042 0.93338131
vt 0.44955042 0.92554882
vt 0.44955042 0.91835565
vt 0.44955042 0.91229723
vt 0.44955042 0.90751617
vt 0.44955042 0.90356341
vt 0.44955042 0.89984984
vt 0.44955042 0.89621233
vt 0.44955042 0.89261089
vt 0.44955042 0.88901120
vt 0.44955042 0.88543797
vt 0.44955042 0.88183271
vt 0.44955042 0.87762448
vt 0.44955042 0.87286581
vt 0.44955042 0.86847738
vt 0.44955042 0.86543642
vt 0.46450560 1.05546004
vt 0.46450560 1.05183588
vt 0.46450560 1.04581508
vt 0.46450560 1.03858887
vt 0.46450560 1.03135751
vt 0.46450560 1.02431647
vt 0.46450560 1.01715032
vt 0.46450560 1.01026326
vt 0.46450560 1.00407085
vt 0.46450560 0.99873158
vt 0.46450560 0.99415968
vt 0.46450560 0.99035746
vt 0.46450560 0.98718271
vt 0.46450560 0.98380985
vt 0.46450560 0.97944459
vt 0.46450560 0.97421479
vt 0.46450560 0.96844784
vt 0.46450560 0.96220040
vt 0.46450560 0.95536289
vt 0.46450560 0.94810407
vt 0.46450560 0.94062855
vt 0.46450560 0.93298089
vt 0.46450560 0.92542299
vt 0.46450560 0.91848219
vt 0.46450560 0.91263652
vt 0.46450560 0.90802367
vt 0.46450560 0.90421040
vt 0.46450560 0.90062804
vt 0.46450560 0.89711905
vt 0.46450560 0.89364485
vt 0.46450560 0.89017235
vt 0.46450560 0.88672537
vt 0.46450560 0.88324749
vt 0.46450560 0.87918795
vt 0.46450560 0.87459741
vt 0.46450560 0.87036404
vt 0.46450560 0.86743052
vt 0.47946077 1.04983153
vt 0.47946077 1.04634501
vt 0.47946077 1.04056103
vt 0.47946077 1.03362664
vt 0.47946077 1.02669678
vt 0.47946077 1.01995688
vt 0.47946077 1.01309994
vt 0.47946077 1.00651230
vt 0.47946077 1.00059115
vt 0.47946077 0.99548487
vt 0.47946077 0.99110665
vt 0.47946077 0.98745679
vt 0.47946077 0.98439936
vt 0.47946077 0.98114641
vt 0.47946077 0.97694402
vt 0.47946077 0.97191973
vt 0.47946077 0.96638973
vt 0.47946077 0.96040722
vt 0.47946077 0.95386386
vt 0.47946077 0.94691927
vt 0.47946077 0.93976734
vt 0.47946077 0.93244770
vt 0.47946077 0.92520954
vt 0.47946077 0.91855826
vt 0.47946077 0.91295216
vt 0.47946077 0.90852178
vt 0.47946077 0.90485023
vt 0.47946077 0.90139763
vt 0.47946077 0.89801574
vt 0.47946077 0.89466738
vt 0.47946077 0.89132066
vt 0.47946077 0.88799854
vt 0.47946077 0.88464663
vt 0.47946077 0.88073413
vt 0.47946077 0.87630986
vt 0.47946077 0.87222982
vt 0.47946077 0.86940256
vt 0.49441594 1.01071961
vt 0.49441594 1.00827778
vt 0.49441594 1.00423823
vt 0.49441594 0.99940585
vt 0.49441594 0.99458984
vt 0.49441594 0.98991644
vt 0.49441594 0.98516565
vt 0.49441594 0.98060455
vt 0.49441594 0.97650770
vt 0.49441594 0.97297330
vt 0.49441594 0.96993452
vt 0.49441594 0.96738897
vt 0.49441594 0.96524291
vt 0.49441594 0.96295322
vt 0.49441594 0.96000594
vt 0.49441594 0.95649666
vt 0.49441594 0.95264856
vt 0.49441594 0.94849713
vt 0.49441594 0.94396240
vt 0.49441594 0.93915235
vt 0.49441594 0.93419869
vt 0.49441594 0.92912462
vt 0.49441594 0.92410082
vt 0.49441594 0.91947858
vt 0.49441594 0.91557671
vt 0.49441594 0.91248392
vt 0.49441594 0.90990818
vt 0.49441594 0.90748132
vt 0.49441594 0.90510417
vt 0.49441594 0.90275058
vt 0.49441594 0.90039815
vt 0.49441594 0.89806300
vt 0.49441594 0.89570692
vt 0.49441594 0.89295680
vt 0.49441594 0.88984696
vt 0.49441594 0.88697907
vt 0.49441594 0.88499177
vt 0.50937111 0.97168378
vt 0.50937111 0.97029733
vt 0.50937111 0.96801312
vt 0.50937111 0.96528939
vt 0.50937111 0.96258588
vt 0.50937111 0.95997125
vt 0.50937111 0.95731642
vt 0.50937111 0.95477014
vt 0.50937111 0.95248526
vt 0.50937111 0.95051277
vt 0.50937111 0.94880970
vt 0.50937111 0.94737269
vt 0.50937111 0.94614995
vt 0.50937111 0.94484039
vt 0.50937111 0.94316357
vt 0.50937111 0.94117888
vt 0.50937111 0.93901452
vt 0.50937111 0.93668921
vt 0.50937111 0.93415416
vt 0.50937111 0.93146751
vt 0.50937111 0.92870066
vt 0.50937111 0.92586299
vt 0.50937111 0.92304822
vt 0.50937111 0.92045361
vt 0.50937111 0.91825835
vt 0.50937111 0.91651061
vt 0.50937111 0.91504453
vt 0.50937111 0.91365932
vt 0.50937111 0.91230248
vt 0.50937111 0.91095910
vt 0.50937111 0.90961637
vt 0.50937111 0.90828350
vt 0.50937111 0.90693869
vt 0.50937111 0.90536897
vt 0.50937111 0.90359392
vt 0.50937111 0.90195697
vt 0.50937111 0.90082266
vn -0.962634 -0.091175 -0.254996
vn -0.962230 -0.095633 -0.254889
vn -0.964307 -0.069735 -0.255439
vn -0.966373 0.024396 -0.255986
vn -0.944462 0.213076 -0.250182
vn -0.876314 0.422124 -0.232130
vn -0.790071 0.576184 -0.209285
vn -0.669915 0.720918 -0.177456
vn -0.478124 0.869113 -0.126652
vn -0.231526 0.970894 -0.061330
vn -0.011051 0.999935 -0.002927
vn 0.182482 0.982020 0.048338
vn 0.378981 0.919943 0.100390
vn 0.541178 0.828599 0.143355
vn 0.648245 0.741816 0.171716
vn 0.734364 0.650283 0.194529
vn 0.818612 0.531839 0.216845
vn 0.890418 0.389260 0.235866
vn 0.937558 0.243526 0.248353
vn 0.962142 0.096569 0.254866
vn 0.965489 -0.049209 0.255752
vn 0.951080 -0.178817 0.251935
vn 0.925193 -0.289751 0.245078
vn 0.884702 -0.402966 0.234352
vn 0.799977 -0.561366 0.211909
vn 0.658574 -0.732016 0.174452
vn 0.559575 -0.815416 0.148228
vn 0.570401 -0.807349 0.151096
vn 0.630710 -0.757821 0.167071
vn 0.662937 -0.727789 0.175608
vn 0.701422 -0.688102 0.185802
vn 0.785682 -0.582571 0.208122
vn 0.889190 -0.392252 0.235541
vn 0.943854 -0.215936 0.250021
vn 0.958920 -0.126295 0.254012
vn 0.961644 -0.101742 0.254734
vn 0.966660 0.000000 0.256062
vn -0.956894 -0.091126 -0.275771
vn -0.956496 -0.095551 -0.275656
vn -0.958559 -0.069641 -0.276251
vn -0.960607 0.024348 -0.276841
vn -0.938951 0.212476 -0.270600
vn -0.871694 0.420760 -0.251217
vn -0.786602 0.574340 -0.226694
vn -0.668024 0.718804 -0.192520
vn -0.478367 0.867271 -0.137862
vn -0.233485 0.970029 -0.067289
vn -0.013695 0.999898 -0.003947
vn 0.179596 0.982378 0.051758
vn 0.375952 0.920283 0.108347
vn 0.537972 0.828582 0.155040
vn 0.644828 0.741392 0.185836
vn 0.730661 0.649457 0.210572
vn 0.814426 0.530679 0.234713
vn 0.885589 0.388064 0.255221
vn 0.932178 0.242636 0.268648
vn 0.956436 0.096193 0.275639
vn 0.959737 -0.049028 0.276590
vn 0.945503 -0.178254 0.272488
vn 0.919890 -0.289000 0.265107
vn 0.879775 -0.402133 0.253546
vn 0.795718 -0.560576 0.229321
vn 0.655093 -0.731580 0.188794
vn 0.556365 -0.815321 0.160341
vn 0.566997 -0.807349 0.163405
vn 0.626946 -0.757821 0.180682
vn 0.658981 -0.727789 0.189914
vn 0.697237 -0.688102 0.200939
vn 0.780994 -0.582571 0.225078
vn 0.883884 -0.392252 0.254730
vn 0.938222 -0.215936 0.270390
vn 0.953198 -0.126295 0.274706
vn 0.955906 -0.101742 0.275486
vn 0.960892 0.000000 0.276923
vn -0.950777 -0.090843 -0.296262
vn -0.950399 -0.095078 -0.296144
vn -0.952442 -0.069101 -0.296781
vn -0.954448 0.024069 -0.297406
vn -0.933631 0.209043 -0.290919
vn -0.869514 0.412961 -0.270940
vn -0.788542 0.563763 -0.245710
vn -0.675583 0.706592 -0.210511
vn -0.492849 0.856455 -0.153572
vn -0.251162 0.964776 -0.078262
vn -0.029299 0.999529 -0.009130
vn 0.167987 0.984399 0.052345
vn 0.369074 0.922257 0.115003
vn 0.534656 0.828486 0.166599
vn 0.643288 0.738918 0.200449
vn 0.729851 0.644668 0.227421
vn 0.813157 0.523998 0.253380
vn 0.882627 0.381222 0.275026
vn 0.927391 0.237570 0.288975
vn 0.950492 0.094057 0.296173
vn 0.953624 -0.047997 0.297149
vn 0.939984 -0.175041 0.292899
vn 0.915216 -0.284696 0.285181
vn 0.876124 -0.397339 0.273000
vn 0.793549 -0.556002 0.247270
vn 0.653477 -0.729045 0.203623
vn 0.553537 -0.814768 0.172482
vn 0.563358 -0.807349 0.175542
vn 0.622922 -0.757821 0.194102
vn 0.654751 -0.727789 0.204020
vn 0.692761 -0.688102 0.215864
vn 0.775981 -0.582571 0.241795
vn 0.878210 -0.392252 0.273650
vn 0.932200 -0.215936 0.290473
vn 0.947080 -0.126295 0.295110
vn 0.949770 -0.101742 0.295948
vn 0.954724 0.000000 0.297492
vn -0.944299 -0.090341 -0.316446
vn -0.943956 -0.094245 -0.316331
vn -0.945971 -0.068156 -0.317007
vn -0.947912 0.023586 -0.317657
vn -0.928400 0.203169 -0.311119
vn -0.869162 0.399651 -0.291267
vn -0.794622 0.545588 -0.266288
vn -0.690530 0.685288 -0.231405
vn -0.519014 0.836883 -0.173928
vn -0.282676 0.954527 -0.094728
vn -0.056889 0.998198 -0.019064
vn 0.148120 0.987723 0.049637
vn 0.358546 0.925747 0.120153
vn 0.531230 0.828313 0.178022
vn 0.643426 0.734514 0.215620
vn 0.731523 0.636222 0.245143
vn 0.814248 0.512392 0.272865
vn 0.881064 0.369528 0.295256
vn 0.922978 0.229009 0.309301
vn 0.944288 0.090464 0.316443
vn 0.947161 -0.046257 0.317406
vn 0.934444 -0.169573 0.313144
vn 0.910992 -0.277299 0.305285
vn 0.873487 -0.389022 0.292716
vn 0.793147 -0.547971 0.265793
vn 0.653522 -0.724532 0.219004
vn 0.551057 -0.813778 0.184666
vn 0.559494 -0.807349 0.187493
vn 0.618650 -0.757821 0.207317
vn 0.650260 -0.727789 0.217910
vn 0.688010 -0.688102 0.230561
vn 0.770659 -0.582571 0.258257
vn 0.872187 -0.392252 0.292281
vn 0.925806 -0.215936 0.310249
vn 0.940584 -0.126295 0.315201
vn 0.943256 -0.101742 0.316097
vn 0.948176 0.000000 0.317746
vn -0.937477 -0.089646 -0.336304
vn -0.937179 -0.093100 -0.336197
vn -0.939160 -0.066873 -0.336907
vn -0.941019 0.022941 -0.337574
vn -0.923112 0.195456 -0.331151
vn -0.869788 0.382246 -0.312021
vn -0.803070 0.521616 -0.288088
vn -0.709925 0.656618 -0.254673
vn -0.553021 0.809204 -0.198387
vn -0.325024 0.938491 -0.116597
vn -0.094904 0.994904 -0.034045
vn 0.120691 0.991746 0.043296
vn 0.344651 0.930554 0.123637
vn 0.527696 0.828071 0.189302
vn 0.644937 0.728374 0.231360
vn 0.735061 0.624622 0.263691
vn 0.816886 0.496813 0.293044
vn 0.880244 0.354201 0.315772
vn 0.918635 0.217967 0.329545
vn 0.937791 0.085864 0.336416
vn 0.940355 -0.044020 0.337336
vn 0.928764 -0.162448 0.333178
vn 0.906958 -0.267526 0.325356
vn 0.871476 -0.377880 0.312627
vn 0.794030 -0.537010 0.284845
vn 0.654925 -0.718245 0.234943
vn 0.548867 -0.812390 0.196896
vn 0.555417 -0.807349 0.199246
vn 0.614142 -0.757821 0.220313
vn 0.645522 -0.727789 0.231570
vn 0.682996 -0.688102 0.245013
vn 0.765043 -0.582571 0.274446
vn 0.865832 -0.392252 0.310602
vn 0.919060 -0.215936 0.329697
vn 0.933730 -0.126295 0.334960
vn 0.936383 -0.101742 0.335911
vn 0.941267 0.000000 0.337663
vn -0.930329 -0.088792 -0.355815
vn -0.930082 -0.091707 -0.355720
vn -0.932022 -0.065336 -0.356462
vn -0.933788 0.022183 -0.357138
vn -0.917615 0.186586 -0.350952
vn -0.870542 0.362355 -0.332949
vn -0.812104 0.493980 -0.310598
vn -0.730718 0.622854 -0.279471
vn -0.590528 0.774769 -0.225854
vn -0.374334 0.916175 -0.143168
vn -0.141161 0.988513 -0.053989
vn 0.086677 0.995685 0.033151
vn 0.327758 0.936409 0.125355
vn 0.524049 0.827769 0.200428
vn 0.647446 0.720761 0.247623
vn 0.739741 0.610523 0.282922
vn 0.820188 0.478425 0.313690
vn 0.879505 0.336632 0.336377
vn 0.914075 0.205545 0.349598
vn 0.930970 0.080729 0.356060
vn 0.933213 -0.041510 0.356918
vn 0.922828 -0.154332 0.352946
vn 0.902843 -0.256205 0.345302
vn 0.869669 -0.364752 0.332615
vn 0.795638 -0.523794 0.304301
vn 0.657306 -0.710457 0.251394
vn 0.546890 -0.810655 0.209164
vn 0.551140 -0.807349 0.210790
vn 0.609412 -0.757821 0.233077
vn 0.640551 -0.727789 0.244986
vn 0.677736 -0.688102 0.259208
vn 0.759151 -0.582571 0.290346
vn 0.859164 -0.392252 0.328597
vn 0.911982 -0.215936 0.348798
vn 0.926539 -0.126295 0.354365
vn 0.929171 -0.101742 0.355372
vn 0.934018 0.000000 0.357226
vn -0.922872 -0.087818 -0.374961
vn -0.922680 -0.090137 -0.374883
vn -0.924573 -0.063634 -0.375653
vn -0.926239 0.021361 -0.376330
vn -0.911788 0.177210 -0.370458
vn -0.870756 0.341495 -0.353787
vn -0.820302 0.464783 -0.333288
vn -0.750392 0.586479 -0.304883
vn -0.627544 0.735648 -0.254970
vn -0.426351 0.887816 -0.173226
vn -0.192902 0.978083 -0.078376
vn 0.047374 0.998692 0.019248
vn 0.308333 0.942993 0.125275
vn 0.520284 0.827417 0.211391
vn 0.650540 0.711994 0.264314
vn 0.744838 0.594671 0.302627
vn 0.823360 0.458441 0.334530
vn 0.878316 0.318139 0.356859
vn 0.909082 0.192727 0.369359
vn 0.923808 0.075474 0.375342
vn 0.925749 -0.038926 0.376130
vn 0.916545 -0.145841 0.372391
vn 0.898416 -0.244142 0.365025
vn 0.867680 -0.350497 0.352537
vn 0.797422 -0.509065 0.323991
vn 0.660254 -0.701499 0.268260
vn 0.545039 -0.808636 0.221449
vn 0.546675 -0.807349 0.222113
vn 0.604475 -0.757821 0.245597
vn 0.635361 -0.727789 0.258146
vn 0.672246 -0.688102 0.273132
vn 0.753001 -0.582571 0.305943
vn 0.852203 -0.392252 0.346249
vn 0.904594 -0.215936 0.367535
vn 0.919032 -0.126295 0.373402
vn 0.921643 -0.101742 0.374462
vn 0.926451 0.000000 0.376416
vn -0.915123 -0.086766 -0.393728
vn -0.914986 -0.088463 -0.393669
vn -0.916828 -0.061852 -0.394462
vn -0.918394 0.020520 -0.395135
vn -0.905552 0.167871 -0.389610
vn -0.870002 0.320914 -0.374315
vn -0.826761 0.435818 -0.355710
vn -0.767285 0.549813 -0.330121
vn -0.661081 0.694315 -0.284427
vn -0.477082 0.854553 -0.205262
vn -0.247012 0.963167 -0.106276
vn 0.004394 0.999989 0.001891
vn 0.286940 0.949960 0.123455
vn 0.516394 0.827028 0.222176
vn 0.653812 0.702425 0.281300
vn 0.749706 0.577838 0.322558
vn 0.825795 0.437983 0.355295
vn 0.876329 0.299817 0.377037
vn 0.903538 0.180271 0.388743
vn 0.916308 0.070407 0.394237
vn 0.917978 -0.036420 0.394956
vn 0.909866 -0.137471 0.391466
vn 0.893518 -0.232029 0.384432
vn 0.865214 -0.335905 0.372254
vn 0.798903 -0.493566 0.343725
vn 0.663361 -0.691733 0.285408
vn 0.543218 -0.806406 0.233717
vn 0.542034 -0.807349 0.233208
vn 0.599344 -0.757821 0.257865
vn 0.629968 -0.727789 0.271041
vn 0.666540 -0.688102 0.286776
vn 0.746609 -0.582571 0.321225
vn 0.844969 -0.392252 0.363544
vn 0.896915 -0.215936 0.385894
vn 0.911232 -0.126295 0.392054
vn 0.913821 -0.101742 0.393167
vn 0.918587 0.000000 0.395218
vn -0.907102 -0.085678 -0.412099
vn -0.907017 -0.086755 -0.412061
vn -0.908805 -0.060069 -0.412873
vn -0.910273 0.019699 -0.413540
vn -0.898871 0.158974 -0.408360
vn -0.868080 0.301510 -0.394372
vn -0.831052 0.408421 -0.377550
vn -0.780583 0.514716 -0.354622
vn -0.689389 0.653187 -0.313192
vn -0.523385 0.818249 -0.237776
vn -0.300370 0.944011 -0.136459
vn -0.040410 0.999015 -0.018358
vn 0.264228 0.956961 0.120039
vn 0.512371 0.826615 0.232772
vn 0.656881 0.692424 0.298423
vn 0.753832 0.560761 0.342468
vn 0.827100 0.417989 0.375754
vn 0.873373 0.282469 0.396776
vn 0.897403 0.168687 0.407693
vn 0.908481 0.065727 0.412726
vn 0.909920 -0.034094 0.413380
vn 0.902774 -0.129578 0.410133
vn 0.888061 -0.220403 0.403449
vn 0.862073 -0.321631 0.391643
vn 0.799712 -0.477981 0.363312
vn 0.666249 -0.681541 0.302679
vn 0.541328 -0.804042 0.245927
vn 0.537233 -0.807349 0.244067
vn 0.594035 -0.757821 0.269872
vn 0.624387 -0.727789 0.283661
vn 0.660635 -0.688102 0.300129
vn 0.739995 -0.582571 0.336182
vn 0.837484 -0.392252 0.380472
vn 0.888970 -0.215936 0.403862
vn 0.903159 -0.126295 0.410308
vn 0.905725 -0.101742 0.411474
vn 0.910450 0.000000 0.413620
vn -0.898827 -0.084594 -0.430063
vn -0.898790 -0.085076 -0.430046
vn -0.900523 -0.058349 -0.430875
vn -0.901899 0.018924 -0.431533
vn -0.891745 0.150794 -0.426675
vn -0.864955 0.283857 -0.413857
vn -0.833104 0.383461 -0.398617
vn -0.790121 0.482480 -0.378051
vn -0.711826 0.614250 -0.340589
vn -0.563279 0.781076 -0.269513
vn -0.350253 0.921541 -0.167587
vn -0.085075 0.995543 -0.040706
vn 0.240920 0.963675 0.115273
vn 0.508208 0.826194 0.243164
vn 0.659421 0.682360 0.315515
vn 0.756850 0.544094 0.362132
vn 0.827075 0.399178 0.395732
vn 0.869408 0.266618 0.415987
vn 0.890690 0.158270 0.426170
vn 0.900350 0.061544 0.430792
vn 0.901598 -0.032003 0.431389
vn 0.895279 -0.122388 0.428366
vn 0.882016 -0.209637 0.422020
vn 0.858156 -0.308177 0.410604
vn 0.799598 -0.462896 0.382585
vn 0.668597 -0.671297 0.319905
vn 0.539274 -0.801627 0.258027
vn 0.532282 -0.807349 0.254682
vn 0.588561 -0.757821 0.281610
vn 0.618634 -0.727789 0.295999
vn 0.654547 -0.688102 0.313183
vn 0.733176 -0.582571 0.350804
vn 0.829767 -0.392252 0.397020
vn 0.880778 -0.215936 0.421428
vn 0.894837 -0.126295 0.428155
vn 0.897379 -0.101742 0.429371
vn 0.902060 0.000000 0.431611
vn -0.890317 -0.083549 -0.447610
vn -0.890323 -0.083479 -0.447612
vn -0.892002 -0.056744 -0.448456
vn -0.893293 0.018216 -0.449106
vn -0.884195 0.143491 -0.444532
vn -0.860693 0.268262 -0.432716
vn -0.833051 0.361410 -0.418819
vn -0.796122 0.453858 -0.400253
vn -0.728521 0.578883 -0.366266
vn -0.595906 0.745077 -0.299593
vn -0.394629 0.897165 -0.198401
vn -0.127713 0.989731 -0.064208
vn 0.217782 0.969836 0.109491
vn 0.503898 0.825777 0.253336
vn 0.661169 0.672579 0.332405
vn 0.758535 0.528386 0.381356
vn 0.825667 0.382047 0.415107
vn 0.864478 0.252557 0.434619
vn 0.883447 0.149157 0.444155
vn 0.891942 0.057903 0.448427
vn 0.893034 -0.030176 0.448976
vn 0.887407 -0.116022 0.446147
vn 0.875396 -0.199966 0.440108
vn 0.853433 -0.295897 0.429066
vn 0.798415 -0.448783 0.401406
vn 0.670146 -0.661355 0.336918
vn 0.536966 -0.799243 0.269961
vn 0.527196 -0.807349 0.265050
vn 0.582937 -0.757821 0.293073
vn 0.612723 -0.727789 0.308048
vn 0.648293 -0.688102 0.325931
vn 0.726171 -0.582571 0.365085
vn 0.821839 -0.392252 0.413182
vn 0.872363 -0.215936 0.438583
vn 0.886287 -0.126295 0.445583
vn 0.888805 -0.101742 0.446849
vn 0.893441 0.000000 0.449180
vn -0.881594 -0.082575 -0.464729
vn -0.881635 -0.082010 -0.464751
vn -0.883262 -0.055292 -0.465608
vn -0.884478 0.017589 -0.466250
vn -0.876256 0.137146 -0.461915
vn -0.855407 0.254843 -0.450925
vn -0.831126 0.342455 -0.438125
vn -0.799000 0.429184 -0.421190
vn -0.740025 0.547890 -0.390102
vn -0.621264 0.711883 -0.327497
vn -0.432267 0.872480 -0.227868
vn -0.166679 0.982089 -0.087864
vn 0.195586 0.975252 0.103103
vn 0.499435 0.825379 0.263275
vn 0.661928 0.663398 0.348933
vn 0.758780 0.514064 0.399988
vn 0.822919 0.366911 0.433799
vn 0.858670 0.240414 0.452645
vn 0.875730 0.141378 0.461638
vn 0.883286 0.054807 0.465621
vn 0.884253 -0.028616 0.466131
vn 0.879195 -0.110532 0.463464
vn 0.868240 -0.191519 0.457690
vn 0.847924 -0.285016 0.446980
vn 0.796106 -0.436001 0.419665
vn 0.670706 -0.652035 0.353560
vn 0.534326 -0.796969 0.281668
vn 0.521988 -0.807349 0.275164
vn 0.577179 -0.757821 0.304258
vn 0.606670 -0.727789 0.319804
vn 0.641889 -0.688102 0.338370
vn 0.718998 -0.582571 0.379017
vn 0.813720 -0.392252 0.428950
vn 0.863745 -0.215936 0.455320
vn 0.877532 -0.126295 0.462588
vn 0.880025 -0.101742 0.463902
vn 0.884615 0.000000 0.466322
vn -0.872677 -0.081700 -0.481415
vn -0.872748 -0.080704 -0.481454
vn -0.874325 -0.054021 -0.482325
vn -0.875477 0.017048 -0.482960
vn -0.867967 0.131782 -0.478817
vn -0.849227 0.243599 -0.468479
vn -0.827590 0.326594 -0.456543
vn -0.799209 0.408513 -0.440887
vn -0.747045 0.521621 -0.412110
vn -0.639873 0.682614 -0.352988
vn -0.462666 0.848998 -0.255232
vn -0.200695 0.973378 -0.110714
vn 0.175065 0.979809 0.096575
vn 0.494815 0.825014 0.272967
vn 0.661565 0.655088 0.364955
vn 0.757563 0.501446 0.417912
vn 0.818925 0.353936 0.451763
vn 0.852087 0.230206 0.470057
vn 0.867600 0.134901 0.478615
vn 0.874408 0.052239 0.482371
vn 0.875277 -0.027317 0.482850
vn 0.870678 -0.105920 0.480313
vn 0.860597 -0.184345 0.474752
vn 0.841678 -0.275665 0.464315
vn 0.792672 -0.424801 0.437281
vn 0.670148 -0.643608 0.369690
vn 0.531289 -0.794879 0.293087
vn 0.516671 -0.807349 0.285023
vn 0.571299 -0.757821 0.315159
vn 0.600490 -0.727789 0.331263
vn 0.635350 -0.688102 0.350493
vn 0.711673 -0.582571 0.392597
vn 0.805431 -0.392252 0.444319
vn 0.854946 -0.215936 0.471634
vn 0.868593 -0.126295 0.479162
vn 0.871060 -0.101742 0.480524
vn 0.875604 0.000000 0.483030
vn -0.863585 -0.080944 -0.497663
vn -0.863680 -0.079586 -0.497717
vn -0.865213 -0.052949 -0.498601
vn -0.866309 0.016599 -0.499232
vn -0.859369 0.127389 -0.495233
vn -0.842277 0.234460 -0.485384
vn -0.822686 0.313723 -0.474094
vn -0.797182 0.391735 -0.459396
vn -0.750286 0.500127 -0.432371
vn -0.652483 0.657939 -0.376010
vn -0.485865 0.827973 -0.279992
vn -0.228893 0.964474 -0.131905
vn 0.156870 0.983473 0.090400
vn 0.490037 0.824691 0.282396
vn 0.660001 0.647872 0.380342
vn 0.754920 0.490749 0.435042
vn 0.813806 0.343192 0.468976
vn 0.844831 0.221885 0.486855
vn 0.859114 0.129662 0.495086
vn 0.865337 0.050167 0.498673
vn 0.866129 -0.026267 0.499129
vn 0.861895 -0.102162 0.496689
vn 0.852522 -0.178448 0.491287
vn 0.834758 -0.267900 0.481050
vn 0.788157 -0.415350 0.454195
vn 0.668400 -0.636299 0.385182
vn 0.527804 -0.793038 0.304160
vn 0.511257 -0.807349 0.294625
vn 0.565312 -0.757821 0.325776
vn 0.594198 -0.727789 0.342421
vn 0.628692 -0.688102 0.362300
vn 0.704216 -0.582571 0.405822
vn 0.796991 -0.392252 0.459286
vn 0.845987 -0.215936 0.487521
vn 0.859491 -0.126295 0.495303
vn 0.861932 -0.101742 0.496710
vn 0.866428 0.000000 0.499301
vn -0.854341 -0.080323 -0.513469
vn -0.854453 -0.078677 -0.513537
vn -0.855947 -0.052085 -0.514434
vn -0.856997 0.016242 -0.515065
vn -0.850502 0.123939 -0.511162
vn -0.834670 0.227326 -0.501647
vn -0.816629 0.303693 -0.490804
vn -0.793285 0.378663 -0.476774
vn -0.750367 0.483288 -0.450979
vn -0.659881 0.638175 -0.396597
vn -0.502234 0.810339 -0.301848
vn -0.250793 0.956234 -0.150729
vn 0.141540 0.986271 0.085067
vn 0.485103 0.824422 0.291553
vn 0.657203 0.641927 0.394987
vn 0.750924 0.482109 0.451314
vn 0.807682 0.334679 0.485427
vn 0.836995 0.215375 0.503044
vn 0.850324 0.125588 0.511055
vn 0.856099 0.048559 0.514526
vn 0.856832 -0.025450 0.514967
vn 0.852880 -0.099222 0.512591
vn 0.844065 -0.173803 0.507293
vn 0.827232 -0.261733 0.497176
vn 0.782624 -0.407744 0.470366
vn 0.665432 -0.630281 0.399933
vn 0.523836 -0.791503 0.314831
vn 0.505758 -0.807349 0.303967
vn 0.559233 -0.757821 0.336105
vn 0.587807 -0.727789 0.353279
vn 0.621931 -0.688102 0.373788
vn 0.696642 -0.582571 0.418690
vn 0.788419 -0.392252 0.473849
vn 0.836889 -0.215936 0.502980
vn 0.850247 -0.126295 0.511009
vn 0.852662 -0.101742 0.512460
vn 0.857110 0.000000 0.515133
vn -0.844962 -0.079849 -0.528832
vn -0.845087 -0.077988 -0.528910
vn -0.846547 -0.051437 -0.529824
vn -0.847561 0.015976 -0.530458
vn -0.841400 0.121395 -0.526602
vn -0.826499 0.222091 -0.517277
vn -0.809593 0.296343 -0.506696
vn -0.787819 0.369088 -0.493068
vn -0.747797 0.470910 -0.468020
vn -0.662783 0.623418 -0.414812
vn -0.512292 0.796716 -0.320625
vn -0.266229 0.949399 -0.166624
vn 0.129468 0.988267 0.081029
vn 0.480016 0.824214 0.300425
vn 0.653173 0.637377 0.408798
vn 0.745661 0.475602 0.466683
vn 0.800667 0.328361 0.501109
vn 0.828659 0.210590 0.518629
vn 0.841273 0.122608 0.526523
vn 0.846717 0.047384 0.529930
vn 0.847407 -0.024852 0.530362
vn 0.843666 -0.097061 0.528021
vn 0.835276 -0.170370 0.522770
vn 0.819164 -0.257147 0.512686
vn 0.776148 -0.402031 0.485763
vn 0.661250 -0.625679 0.413853
vn 0.519366 -0.790316 0.325053
vn 0.500187 -0.807349 0.313050
vn 0.553072 -0.757821 0.346149
vn 0.581332 -0.727789 0.363835
vn 0.615080 -0.688102 0.384957
vn 0.688968 -0.582571 0.431201
vn 0.779735 -0.392252 0.488008
vn 0.827670 -0.215936 0.518009
vn 0.840881 -0.126295 0.526278
vn 0.843270 -0.101742 0.527773
vn 0.847669 0.000000 0.530526
vn -0.835469 -0.079530 -0.543752
vn -0.835602 -0.077525 -0.543838
vn -0.837033 -0.051004 -0.544770
vn -0.838019 0.015799 -0.545412
vn -0.832096 0.119719 -0.541557
vn -0.817843 0.218656 -0.532280
vn -0.801718 0.291526 -0.521786
vn -0.781015 0.362816 -0.508311
vn -0.742973 0.462784 -0.483552
vn -0.661780 0.613627 -0.430709
vn -0.516584 0.787466 -0.336211
vn -0.275268 0.944527 -0.179154
vn 0.120892 0.989543 0.078681
vn 0.474784 0.824072 0.309006
vn 0.647943 0.634300 0.421703
vn 0.739224 0.471253 0.481112
vn 0.792860 0.324183 0.516021
vn 0.819892 0.207447 0.533614
vn 0.832001 0.120656 0.541495
vn 0.837213 0.046616 0.544887
vn 0.837873 -0.024461 0.545317
vn 0.834282 -0.095642 0.542979
vn 0.826197 -0.168106 0.537717
vn 0.810613 -0.254110 0.527575
vn 0.768803 -0.398221 0.500363
vn 0.655887 -0.622569 0.426873
vn 0.514390 -0.789508 0.334783
vn 0.494555 -0.807349 0.321873
vn 0.546845 -0.757821 0.355905
vn 0.574786 -0.727789 0.374091
vn 0.608154 -0.688102 0.395808
vn 0.681210 -0.582571 0.443355
vn 0.770955 -0.392252 0.501764
vn 0.818351 -0.215936 0.532611
vn 0.831413 -0.126295 0.541112
vn 0.833775 -0.101742 0.542649
vn 0.838124 0.000000 0.545480
vn -0.825881 -0.079367 -0.558231
vn -0.826016 -0.077290 -0.558322
vn -0.827425 -0.050785 -0.559275
vn -0.828392 0.015711 -0.559928
vn -0.822619 0.118880 -0.556026
vn -0.808764 0.216938 -0.546661
vn -0.793113 0.289118 -0.536082
vn -0.773048 0.359681 -0.522520
vn -0.736186 0.458717 -0.497604
vn -0.657329 0.608698 -0.444303
vn -0.515606 0.782746 -0.348509
vn -0.278123 0.941970 -0.187989
vn 0.115892 0.990168 0.078334
vn 0.469417 0.824000 0.317289
vn 0.641561 0.632733 0.433645
vn 0.731701 0.469054 0.494572
vn 0.784345 0.322084 0.530156
vn 0.810747 0.205873 0.548001
vn 0.822540 0.119680 0.555972
vn 0.827609 0.046232 0.559398
vn 0.828251 -0.024265 0.559832
vn 0.824753 -0.094931 0.557468
vn 0.816864 -0.166970 0.552136
vn 0.801631 -0.252583 0.541839
vn 0.760660 -0.396295 0.514146
vn 0.649393 -0.620985 0.438938
vn 0.508921 -0.789094 0.343990
vn 0.488873 -0.807349 0.330440
vn 0.540562 -0.757821 0.365377
vn 0.568183 -0.727789 0.384047
vn 0.601167 -0.688102 0.406342
vn 0.673384 -0.582571 0.455155
vn 0.762097 -0.392252 0.515118
vn 0.808948 -0.215936 0.546785
vn 0.821861 -0.126295 0.555513
vn 0.824195 -0.101742 0.557091
vn 0.828495 0.000000 0.559997
vn -0.816216 -0.079361 -0.572271
vn -0.816349 -0.077281 -0.572365
vn -0.817742 -0.050776 -0.573341
vn -0.818697 0.015707 -0.574011
vn -0.812995 0.118846 -0.570013
vn -0.799311 0.216870 -0.560419
vn -0.783854 0.289021 -0.549581
vn -0.764040 0.359556 -0.535689
vn -0.727638 0.458555 -0.510167
vn -0.649760 0.608501 -0.455564
vn -0.509767 0.782557 -0.357411
vn -0.275106 0.941867 -0.192884
vn 0.114392 0.990193 0.080203
vn 0.463926 0.823997 0.325271
vn 0.634095 0.632670 0.444581
vn 0.723176 0.468966 0.507038
vn 0.775189 0.322000 0.543506
vn 0.801269 0.205811 0.561791
vn 0.812917 0.119641 0.569958
vn 0.817923 0.046216 0.573468
vn 0.818557 -0.024257 0.573913
vn 0.815103 -0.094903 0.571490
vn 0.807310 -0.166925 0.566027
vn 0.792262 -0.252522 0.555476
vn 0.751785 -0.396218 0.527097
vn 0.641834 -0.620921 0.450007
vn 0.502982 -0.789078 0.352654
vn 0.483151 -0.807349 0.338751
vn 0.534235 -0.757821 0.374567
vn 0.561533 -0.727789 0.393706
vn 0.594131 -0.688102 0.416561
vn 0.665503 -0.582571 0.466602
vn 0.753178 -0.392252 0.528073
vn 0.799481 -0.215936 0.560537
vn 0.812242 -0.126295 0.569485
vn 0.814549 -0.101742 0.571102
vn 0.818798 0.000000 0.574081
vn -0.806491 -0.079506 -0.585877
vn -0.806619 -0.077490 -0.585970
vn -0.808000 -0.050971 -0.586973
vn -0.808951 0.015786 -0.587664
vn -0.803245 0.119594 -0.583519
vn -0.789521 0.218400 -0.573549
vn -0.773998 0.291166 -0.562272
vn -0.754071 0.362348 -0.547796
vn -0.717457 0.462177 -0.521198
vn -0.639285 0.612893 -0.464410
vn -0.499388 0.786766 -0.362782
vn -0.266593 0.944151 -0.193667
vn 0.116176 0.989636 0.084397
vn 0.458328 0.824062 0.332953
vn 0.625622 0.634068 0.454484
vn 0.713723 0.470926 0.518486
vn 0.765445 0.323871 0.556059
vn 0.791492 0.207212 0.574981
vn 0.803156 0.120510 0.583454
vn 0.808175 0.046558 0.587100
vn 0.808810 -0.024431 0.587562
vn 0.805351 -0.095536 0.585049
vn 0.797562 -0.167937 0.579390
vn 0.782543 -0.253883 0.568480
vn 0.742235 -0.397934 0.539198
vn 0.633287 -0.622334 0.460053
vn 0.496611 -0.789447 0.360764
vn 0.477400 -0.807349 0.346808
vn 0.527876 -0.757821 0.383477
vn 0.554849 -0.727789 0.403071
vn 0.587059 -0.688102 0.426470
vn 0.657581 -0.582571 0.477701
vn 0.744213 -0.392252 0.540635
vn 0.789964 -0.215936 0.573871
vn 0.802574 -0.126295 0.583031
vn 0.804854 -0.101742 0.584687
vn 0.809052 0.000000 0.587737
vn -0.796723 -0.079794 -0.599054
vn -0.796842 -0.077908 -0.599143
vn -0.798217 -0.051361 -0.600177
vn -0.799170 0.015945 -0.600893
vn -0.793389 0.121102 -0.596547
vn -0.779420 0.221491 -0.586043
vn -0.763578 0.295502 -0.574132
vn -0.743186 0.367993 -0.558799
vn -0.705706 0.469492 -0.530618
vn -0.626025 0.621714 -0.470706
vn -0.484721 0.795119 -0.364460
vn -0.253021 0.948571 -0.190245
vn 0.120908 0.988492 0.090910
vn 0.452639 0.824190 0.340338
vn 0.616232 0.636845 0.463343
vn 0.703414 0.474847 0.528894
vn 0.755156 0.327634 0.567799
vn 0.781442 0.210042 0.587564
vn 0.793275 0.122267 0.596461
vn 0.798379 0.047250 0.600299
vn 0.799026 -0.024784 0.600785
vn 0.795517 -0.096813 0.598147
vn 0.787641 -0.169975 0.592225
vn 0.772506 -0.256619 0.580845
vn 0.732066 -0.401369 0.550438
vn 0.623841 -0.625141 0.469064
vn 0.489857 -0.790177 0.368322
vn 0.471629 -0.807349 0.354617
vn 0.521495 -0.757821 0.392111
vn 0.548141 -0.727789 0.412146
vn 0.579963 -0.688102 0.436072
vn 0.649632 -0.582571 0.488456
vn 0.735216 -0.392252 0.552807
vn 0.780415 -0.215936 0.586791
vn 0.792872 -0.126295 0.596158
vn 0.795124 -0.101742 0.597851
vn 0.799272 0.000000 0.600970
vn -0.786929 -0.080215 -0.611808
vn -0.787035 -0.078519 -0.611891
vn -0.788407 -0.051936 -0.612957
vn -0.789369 0.016180 -0.613705
vn -0.783444 0.123350 -0.609098
vn -0.769026 0.226112 -0.597889
vn -0.752613 0.301988 -0.585129
vn -0.731399 0.376442 -0.568636
vn -0.692398 0.480420 -0.538314
vn -0.610025 0.634773 -0.474272
vn -0.465974 0.807232 -0.362277
vn -0.234895 0.954711 -0.182622
vn 0.128145 0.986739 0.099628
vn 0.446876 0.824375 0.347430
vn 0.606027 0.640887 0.471164
vn 0.692314 0.480614 0.538249
vn 0.744354 0.333220 0.578707
vn 0.771137 0.214267 0.599531
vn 0.783291 0.124897 0.608980
vn 0.788552 0.048286 0.613070
vn 0.789220 -0.025311 0.613589
vn 0.785616 -0.098721 0.610787
vn 0.777568 -0.173009 0.604530
vn 0.762178 -0.260674 0.592565
vn 0.721327 -0.406430 0.560805
vn 0.613594 -0.629229 0.477047
vn 0.482774 -0.791233 0.375339
vn 0.465847 -0.807349 0.362179
vn 0.515102 -0.757821 0.400472
vn 0.541421 -0.727789 0.420935
vn 0.572852 -0.688102 0.445371
vn 0.641668 -0.582571 0.498873
vn 0.726202 -0.392252 0.564595
vn 0.770847 -0.215936 0.599305
vn 0.783151 -0.126295 0.608871
vn 0.785376 -0.101742 0.610601
vn 0.789473 0.000000 0.613786
f 1/1/1 38/38/38 39/39/39
f 1/1/1 39/39/39 2/2/2
f 2/2/2 39/39/39 40/40/40
f 2/2/2 40/40/40 3/3/3
f 3/3/3 40/40/40 41/41/41
f 3/3/3 41/41/41 4/4/4
f 4/4/4 41/41/41 42/42/42
f 4/4/4 42/42/42 5/5/5
f 5/5/5 42/42/42 43/43/43
f 5/5/5 43/43/43 6/6/6
f 6/6/6 43/43/43 44/44/44
f 6/6/6 44/44/44 7/7/7
f 7/7/7 44/44/44 45/45/45
f 7/7/7 45/45/45 8/8/8
f 8/8/8 45/45/45 46/46/46
f 8/8/8 46/46/46 9/9/9
f 9/9/9 46/46/46 47/47/47
f 9/9/9 47/47/47 10/10/10
f 10/10/10 47/47/47 48/48/48
f 10/10/10 48/48/48 11/11/11
f 11/11/11 48/48/48 49/49/49
f 11/11/11 49/49/49 12/12/12
f 12/12/12 49/49/49 50/50/50
f 12/12/12 50/50/50 13/13/13
f 13/13/13 50/50/50 51/51/51
f 13/13/13 51/51/51 14/14/14
f 14/14/14 51/51/51 52/52/52
f 14/14/14 52/52/52 15/15/15
f 15/15/15 52/52/52 53/53/53
f 15/15/15 53/53/53 16/16/16
f 16/16/16 53/53/53 54/54/54
f 16/16/16 54/54/54 17/17/17
f 17/17/17 54/54/54 55/55/55
f 17/17/17 55/55/55 18/18/18
f 18/18/18 55/55/55 56/56/56
f 18/18/18 56/56/56 19/19/19
f 19/19/19 56/56/56 57/57/57
f 19/19/19 57/57/57 20/20/20
f 20/20/20 57/57/57 58/58/58
f 20/20/20 58/58/58 21/21/21
f 21/21/21 58/58/58 59/59/59
f 21/21/21 59/59/59 22/22/22
f 22/22/22 59/59/59 60/60/60
f 22/22/22 60/60/60 23/23/23
f 23/23/23 60/60/60 61/61/61
f 23/23/23 61/61/61 24/24/24
f 24/24/24 61/61/61 62/62/62
f 24/24/24 62/62/62 25/25/25
f 25/25/25 62/62/62 63/63/63
f 25/25/25 63/63/63 26/26/26
f 26/26/26 63/63/63 64/64/64
f 26/26/26 64/64/64 27/27/27
f 27/27/27 64/64/64 65/65/65
f 27/27/27 65/65/65 28/28/28
f 28/28/28 65/65/65 66/66/66
f 28/28/28 66/66/66 29/29/29
f 29/29/29 66/66/66 67/67/67
f 29/29/29 67/67/67 30/30/30
f 30/30/30 67/67/67 68/68/68
f 30/30/30 68/68/68 31/31/31
f 31/31/31 68/68/68 69/69/69
f 31/31/31 69/69/69 32/32/32
f 32/32/32 69/69/69 70/70/70
f 32/32/32 70/70/70 33/33/33
f 33/33/33 70/70/70 71/71/71
f 33/33/33 71/71/71 34/34/34
f 34/34/34 71/71/71 72/72/72
f 34/34/34 72/72/72 35/35/35
f 35/35/35 72/72/72 73/73/73
f 35/35/35 73/73/73 36/36/36
f 36/36/36 73/73/73 74/74/74
f 36/36/36 74/74/74 37/37/37
f 38/38/38 75/75/75 76/76/76
f 38/38/38 76/76/76 39/39/39
f 39/39/39 76/76/76 77/77/77
f 39/39/39 77/77/77 40/40/40
f 40/40/40 77/77/77 78/78/78
f 40/40/40 78/78/78 41/41/41
f 41/41/41 78/78/78 79/79/79
f 41/41/41 79/79/79 42/42/42
f 42/42/42 79/79/79 80/80/80
f 42/42/42 80/80/80 43/43/43
f 43/43/43 80/80/80 81/81/81
f 43/43/43 81/81/81 44/44/44
f 44/44/44 81/81/81 82/82/82
f 44/44/44 82/82/82 45/45/45
f 45/45/45 82/82/82 83/83/83
f 45/45/45 83/83/83 46/46/46
f 46/46/46 83/83/83 84/84/84
f 46/46/46 84/84/84 47/47/47
f 47/47/47 84/84/84 85/85/85
f 47/47/47 85/85/85 48/48/48
f 48/48/48 85/85/85 86/86/86
f 48/48/48 86/86/86 49/49/49
f 49/49/49 86/86/86 87/87/87
f 49/49/49 87/87/87 50/50/50
f 50/50/50 87/87/87 88/88/88
f 50/50/50 88/88/88 51/51/51
f 51/51/51 88/88/88 89/89/89
f 51/51/51 89/89/89 52/52/52
f 52/52/52 89/89/89 90/90/90
f 52/52/52 90/90/90 53/53/53
f 53/53/53 90/90/90 91/91/91
f 53/53/53 91/91/91 54/54/54
f 54/54/54 91/91/91 92/92/92
f 54/54/54 92/92/92 55/55/55
f 55/55/55 92/92/92 93/93/93
f 55/55/55 93/93/93 56/56/56
f 56/56/56 93/93/93 94/94/94
f 56/56/56 94/94/94 57/57/57
f 57/57/57 94/94/94 95/95/95
f 57/57/57 95/95/95 58/58/58
f 58/58/58 95/95/95 96/96/96
f 58/58/58 96/96/96 59/59/59
f 59/59/59 96/96/96 97/97/97
f 59/59/59 97/97/97 60/60/60
f 60/60/60 97/97/97 98/98/98
f 60/60/60 98/98/98 61/61/61
f 61/61/61 98/98/98 99/99/99
f 61/61/61 99/99/99 62/62/62
f 62/62/62 99/99/99 100/100/100
f 62/62/62 100/100/100 63/63/63
f 63/63/63 100/100/100 101/101/101
f 63/63/63 101/101/101 64/64/64
f 64/64/64 101/101/101 102/102/102
f 64/64/64 102/102/102 65/65/65
f 65/65/65 102/102/102 103/103/103
f 65/65/65 103/103/103 66/66/66
f 66/66/66 103/103/103 104/104/104
f 66/66/66 104/104/104 67/67/67
f 67/67/67 104/104/104 105/105/105
f 67/67/67 105/105/105 68/68/68
f 68/68/68 105/105/105 106/106/106
f 68/68/68 106/106/106 69/69/69
f 69/69/69 106/106/106 107/107/107
f 69/69/69 107/107/107 70/70/70
f 70/70/70 107/107/107 108/108/108
f 70/70/70 108/108/108 71/71/71
f 71/71/71 108/108/108 109/109/109
f 71/71/71 109/109/109 72/72/72
f 72/72/72 109/109/109 110/110/110
f 72/72/72 110/110/110 73/73/73
f 73/73/73 110/110/110 111/111/111
f 73/73/73 111/111/111 74/74/74
f 75/75/75 112/112/112 113/113/113
f 75/75/75 113/113/113 76/76/76
f 76/76/76 113/113/113 114/114/114
f 76/76/76 114/114/114 77/77/77
f 77/77/77 114/114/114 115/115/115
f 77/77/77 115/115/115 78/78/78
f 78/78/78 115/115/115 116/116/116
f 78/78/78 116/116/116 79/79/79
f 79/79/79 116/116/116 117/117/117
f 79/79/79 117/117/117 80/80/80
f 80/80/80 117/117/117 118/118/118
f 80/80/80 118/118/118 81/81/81
f 81/81/81 118/118/118 119/119/119
f 81/81/81 119/119/119 82/82/82
f 82/82/82 119/119/119 120/120/120
f 82/82/82 120/120/120 83/83/83
f 83/83/83 120/120/120 121/121/121
f 83/83/83 121/121/121 84/84/84
f 84/84/84 121/121/121 122/122/122
f 84/84/84 122/122/122 85/85/85
f 85/85/85 122/122/122 123/123/123
f 85/85/85 123/123/123 86/86/86
f 86/86/86 123/123/123 124/124/124
f 86/86/86 124/124/124 87/87/87
f 87/87/87 124/124/124 125/125/125
f 87/87/87 125/125/125 88/88/88
f 88/88/88 125/125/125 126/126/126
f 88/88/88 126/126/126 89/89/89
f 89/89/89 126/126/126 127/127/127
f 89/89/89 127/127/127 90/90/90
f 90/90/90 127/127/127 128/128/128
f 90/90/90 128/128/128 91/91/91
f 91/91/91 128/128/128 129/129/129
f 91/91/91 129/129/129 92/92/92
f 92/92/92 129/129/129 130/130/130
f 92/92/92 130/130/130 93/93/93
f 93/93/93 130/130/130 131/131/131
f 93/93/93 131/131/131 94/94/94
f 94/94/94 131/131/131 132/132/132
f 94/94/94 132/132/132 95/95/95
f 95/95/95 132/132/132 133/133/133
f 95/95/95 133/133/133 96/96/96
f 96/96/96 133/133/133 134/134/134
f 96/96/96 134/134/134 97/97/97
f 97/97/97 134/134/134 135/135/135
f 97/97/97 135/135/135 98/98/98
f 98/98/98 135/135/135 136/136/136
f 98/98/98 136/136/136 99/99/99
f 99/99/99 136/136/136 137/137/137
f 99/99/99 137/137/137 100/100/100
f 100/100/100 137/137/137 138/138/138
f 100/100/100 138/138/138 101/101/101
f 101/101/101 138/138/138 139/139/139
f 101/101/101 139/139/139 102/102/102
f 102/102/102 139/139/139 140/140/140
f 102/102/102 140/140/140 103/103/103
f 103/103/103 140/140/140 141/141/141
f 103/103/103 141/141/141 104/104/104
f 104/104/104 141/141/141 142/142/142
f 104/104/104 142/142/142 105/105/105
f 105/105/105 142/142/142 143/143/143
f 105/105/105 143/143/143 106/106/106
f 106/106/106 143/143/143 144/144/144
f 106/106/106 144/144/144 107/107/107
f 107/107/107 144/144/144 145/145/145
f 107/107/107 145/145/145 108/108/108
f 108/108/108 145/145/145 146/146/146
f 108/108/108 146/146/146 109/109/109
f 109/109/109 146/146/146 147/147/147
f 109/109/109 147/147/147 110/110/110
f 110/110/110 147/147/147 148/148/148
f 110/110/110 148/148/148 111/111/111
f 112/112/112 149/149/149 150/150/150
f 112/112/112 150/150/150 113/113/113
f 113/113/113 150/150/150 151/151/151
f 113/113/113 151/151/151 114/114/114
f 114/114/114 151/151/151 152/152/152
f 114/114/114 152/152/152 115/115/115
f 115/115/115 152/152/152 153/153/153
f 115/115/115 153/153/153 116/116/116
f 116/116/116 153/153/153 154/154/154
f 116/116/116 154/154/154 117/117/117
f 117/117/117 154/154/154 155/155/155
f 117/117/117 155/155/155 118/118/118
f 118/118/118 155/155/155 156/156/156
f 118/118/118 156/156/156 119/119/119
f 119/119/119 156/156/156 157/157/157
f 119/119/119 157/157/157 120/120/120
f 120/120/120 157/157/157 158/158/158
f 120/120/120 158/158/158 121/121/121
f 121/121/121 158/158/158 159/159/159
f 121/121/121 159/159/159 122/122/122
f 122/122/122 159/159/159 160/160/160
f 122/122/122 160/160/160 123/123/123
f 123/123/123 160/160/160 161/161/161
f 123/123/123 161/161/161 124/124/124
f 124/124/124 161/161/161 162/162/162
f 124/124/124 162/162/162 125/125/125
f 125/125/125 162/162/162 163/163/163
f 125/125/125 163/163/163 126/126/126
f 126/126/126 163/163/163 164/164/164
f 126/126/126 164/164/164 127/127/127
f 127/127/127 164/164/164 165/165/165
f 127/127/127 165/165/165 128/128/128
f 128/128/128 165/165/165 166/166/166
f 128/128/128 166/166/166 129/129/129
f 129/129/129 166/166/166 167/167/167
f 129/129/129 167/167/167 130/130/130
f 130/130/130 167/167/167 168/168/168
f 130/130/130 168/168/168 131/131/131
f 131/131/131 168/168/168 169/169/169
f 131/131/131 169/169/169 132/132/132
f 132/132/132 169/169/169 170/170/170
f 132/132/132 170/170/170 133/133/133
f 133/133/133 170/170/170 171/171/171
f 133/133/133 171/171/171 134/134/134
f 134/134/134 171/171/171 172/172/172
f 134/134/134 172/172/172 135/135/135
f 135/135/135 172/172/172 173/173/173
f 135/135/135 173/173/173 136/136/136
f 136/136/136 173/173/173 174/174/174
f 136/136/136 174/174/174 137/137/137
f 137/137/137 174/174/174 175/175/175
f 137/137/137 175/175/175 138/138/138
f 138/138/138 175/175/175 176/176/176
f 138/138/138 176/176/176 139/139/139
f 139/139/139 176/176/176 177/177/177
f 139/139/139 177/177/177 140/140/140
f 140/140/140 177/177/177 178/178/178
f 140/140/140 178/178/178 141/141/141
f 141/141/141 178/178/178 179/179/179
f 141/141/141 179/179/179 142/142/142
f 142/142/142 179/179/179 180/180/180
f 142/142/142 180/180/180 143/143/143
f 143/143/143 180/180/180 181/181/181
f 143/143/143 181/181/181 144/144/144
f 144/144/144 181/181/181 182/182/182
f 144/144/144 182/182/182 145/145/145
f 145/145/145 182/182/182 183/183/183
f 145/145/145 183/183/183 146/146/146
f 146/146/146 183/183/183 184/184/184
f 146/146/146 184/184/184 147/147/147
f 147/147/147 184/184/184 185/185/185
f 147/147/147 185/185/185 148/148/148
f 149/149/149 186/186/186 187/187/187
f 149/149/149 187/187/187 150/150/150
f 150/150/150 187/187/187 188/188/188
f 150/150/150 188/188/188 151/151/151
f 151/151/151 188/188/188 189/189/189
f 151/151/151 189/189/189 152/152/152
f 152/152/152 189/189/189 190/190/190
f 152/152/152 190/190/190 153/153/153
f 153/153/153 190/190/190 191/191/191
f 153/153/153 191/191/191 154/154/154
f 154/154/154 191/191/191 192/192/192
f 154/154/154 192/192/192 155/155/155
f 155/155/155 192/192/192 193/193/193
f 155/155/155 193/193/193 156/156/156
f 156/156/156 193/193/193 194/194/194
f 156/156/156 194/194/194 157/157/157
f 157/157/157 194/194/194 195/195/195
f 157/157/157 195/195/195 158/158/158
f 158/158/158 195/195/195 196/196/196
f 158/158/158 196/196/196 159/159/159
f 159/159/159 196/196/196 197/197/197
f 159/159/159 197/197/197 160/160/160
f 160/160/160 197/197/197 198/198/198
f 160/160/160 198/198/198 161/161/161
f 161/161/161 198/198/198 199/199/199
f 161/161/161 199/199/199 162/162/162
f 162/162/162 199/199/199 200/200/200
f 162/162/162 200/200/200 163/163/163
f 163/163/163 200/200/200 201/201/201
f 163/163/163 201/201/201 164/164/164
f 164/164/164 201/201/201 202/202/202
f 164/164/164 202/202/202 165/165/165
f 165/165/165 202/202/202 203/203/203
f 165/165/165 203/203/203 166/166/166
f 166/166/166 203/203/203 204/204/204
f 166/166/166 204/204/204 167/167/167
f 167/167/167 204/204/204 205/205/205
f 167/167/167 205/205/205 168/168/168
f 168/168/168 205/205/205 206/206/206
f 168/168/168 206/206/206 169/169/169
f 169/169/169 206/206/206 207/207/207
f 169/169/169 207/207/207 170/170/170
f 170/170/170 207/207/207 208/208/208
f 170/170/170 208/208/208 171/171/171
f 171/171/171 208/208/208 209/209/209
f 171/171/171 209/209/209 172/172/172
f 172/172/172 209/209/209 210/210/210
f 172/172/172 210/210/210 173/173/173
f 173/173/173 210/210/210 211/211/211
f 173/173/173 211/211/211 174/174/174
f 174/174/174 211/211/211 212/212/212
f 174/174/174 212/212/212 175/175/175
f 175/175/175 212/212/212 213/213/213
f 175/175/175 213/213/213 176/176/176
f 176/176/176 213/213/213 214/214/214
f 176/176/176 214/214/214 177/177/177
f 177/177/177 214/214/214 215/215/215
f 177/177/177 215/215/215 178/178/178
f 178/178/178 215/215/215 216/216/216
f 178/178/178 216/216/216 179/179/179
f 179/179/179 216/216/216 217/217/217
f 179/179/179 217/217/217 180/180/180
f 180/180/180 217/217/217 218/218/218
f 180/180/180 218/218/218 181/181/181
f 181/181/181 218/218/218 219/219/219
f 181/181/181 219/219/219 182/182/182
f 182/182/182 219/219/219 220/220/220
f 182/182/182 220/220/220 183/183/183
f 183/183/183 220/220/220 221/221/221
f 183/183/183 221/221/221 184/184/184
f 184/184/184 221/221/221 222/222/222
f 184/184/184 222/222/222 185/185/185
f 186/186/186 223/223/223 224/224/224
f 186/186/186 224/224/224 187/187/187
f 187/187/187 224/224/224 225/225/225
f 187/187/187 225/225/225 188/188/188
f 188/188/188 225/225/225 226/226/226
f 188/188/188 226/226/226 189/189/189
f 189/189/189 226/226/226 227/227/227
f 189/189/189 227/227/227 190/190/190
f 190/190/190 227/227/227 228/228/228
f 190/190/190 228/228/228 191/191/191
f 191/191/191 228/228/228 229/229/229
f 191/191/191 229/229/229 192/192/192
f 192/192/192 229/229/229 230/230/230
f 192/192/192 230/230/230 193/193/193
f 193/193/193 230/230/230 231/231/231
f 193/193/193 231/231/231 194/194/194
f 194/194/194 231/231/231 232/232/232
f 194/194/194 232/232/232 195/195/195
f 195/195/195 232/232/232 233/233/233
f 195/195/195 233/233/233 196/196/196
f 196/196/196 233/233/233 234/234/234
f 196/196/196 234/234/234 197/197/197
f 197/197/197 234/234/234 235/235/235
f 197/197/197 235/235/235 198/198/198
f 198/198/198 235/235/235 236/236/236
f 198/198/198 236/236/236 199/199/199
f 199/199/199 236/236/236 237/237/237
f 199/199/199 237/237/237 200/200/200
f 200/200/200 237/237/237 238/238/238
f 200/200/200 238/238/238 201/201/201
f 201/201/201 238/238/238 239/239/239
f 201/201/201 239/239/239 202/202/202
f 202/202/202 239/239/239 240/240/240
f 202/202/202 240/240/240 203/203/203
f 203/203/203 240/240/240 241/241/241
f 203/203/203 241/241/241 204/204/204
f 204/204/204 241/241/241 242/242/242
f 204/204/204 242/242/242 205/205/205
f 205/205/205 242/242/242 243/243/243
f 205/205/205 243/243/243 206/206/206
f 206/206/206 243/243/243 244/244/244
f 206/206/206 244/244/244 207/207/207
f 207/207/207 244/244/244 245/245/245
f 207/207/207 245/245/245 208/208/208
f 208/208/208 245/245/245 246/246/246
f 208/208/208 246/246/246 209/209/209
f 209/209/209 246/246/246 247/247/247
f 209/209/209 247/247/247 210/210/210
f 210/210/210 247/247/247 248/248/248
f 210/210/210 248/248/248 211/211/211
f 211/211/211 248/248/248 249/249/249
f 211/211/211 249/249/249 212/212/212
f 212/212/212 249/249/249 250/250/250
f 212/212/212 250/250/250 213/213/213
f 213/213/213 250/250/250 251/251/251
f 213/213/213 251/251/251 214/214/214
f 214/214/214 251/251/251 252/252/252
f 214/214/214 252/252/252 215/215/215
f 215/215/215 252/252/252 253/253/253
f 215/215/215 253/253/253 216/216/216
f 216/216/216 253/253/253 254/254/254
f 216/216/216 254/254/254 217/217/217
f 217/217/217 254/254/254 255/255/255
f 217/217/217 255/255/255 218/218/218
f 218/218/218 255/255/255 256/256/256
f 218/218/218 256/256/256 219/219/219
f 219/219/219 256/256/256 257/257/257
f 219/219/219 257/257/257 220/220/220
f 220/220/220 257/257/257 258/258/258
f 220/220/220 258/258/258 221/221/221
f 221/221/221 258/258/258 259/259/259
f 221/221/221 259/259/259 222/222/222
f 223/223/223 260/260/260 261/261/261
f 223/223/223 261/261/261 224/224/224
f 224/224/224 261/261/261 262/262/262
f 224/224/224 262/262/262 225/225/225
f 225/225/225 262/262/262 263/263/263
f 225/225/225 263/263/263 226/226/226
f 226/226/226 263/263/263 264/264/264
f 226/226/226 264/264/264 227/227/227
f 227/227/227 264/264/264 265/265/265
f 227/227/227 265/265/265 228/228/228
f 228/228/228 265/265/265 266/266/266
f 228/228/228 266/266/266 229/229/229
f 229/229/229 266/266/266 267/267/267
f 229/229/229 267/267/267 230/230/230
f 230/230/230 267/267/267 268/268/268
f 230/230/230 268/268/268 231/231/231
f 231/231/231 268/268/268 269/269/269
f 231/231/231 269/269/269 232/232/232
f 232/232/232 269/269/269 270/270/270
f 232/232/232 270/270/270 233/233/233
f 233/233/233 270/270/270 271/271/271
f 233/233/233 271/271/271 234/234/234
f 234/234/234 271/271/271 272/272/272
f 234/234/234 272/272/272 235/235/235
f 235/235/235 272/272/272 273/273/273
f 235/235/235 273/273/273 236/236/236
f 236/236/236 273/273/273 274/274/274
f 236/236/236 274/274/274 237/237/237
f 237/237/237 274/274/274 275/275/275
f 237/237/237 275/275/275 238/238/238
f 238/238/238 275/275/275 276/276/276
f 238/238/238 276/276/276 239/239/239
f 239/239/239 276/276/276 277/277/277
f 239/239/239 277/277/277 240/240/240
f 240/240/240 277/277/277 278/278/278
f 240/240/240 278/278/278 241/241/241
f 241/241/241 278/278/278 279/279/279
f 241/241/241 279/279/279 242/242/242
f 242/242/242 279/279/279 280/280/280
f 242/242/242 280/280/280 243/243/243
f 243/243/243 280/280/280 281/281/281
f 243/243/243 281/281/281 244/244/244
f 244/244/244 281/281/281 282/282/282
f 244/244/244 282/282/282 245/245/245
f 245/245/245 282/282/282 283/283/283
f 245/245/245 283/283/283 246/246/246
f 246/246/246 283/283/283 284/284/284
f 246/246/246 284/284/284 247/247/247
f 247/247/247 284/284/284 285/285/285
f 247/247/247 285/285/285 248/248/248
f 248/248/248 285/285/285 286/286/286
f 248/248/248 286/286/286 249/249/249
f 249/249/249 286/286/286 287/287/287
f 249/249/249 287/287/287 250/250/250
f 250/250/250 287/287/287 288/288/288
f 250/250/250 288/288/288 251/251/251
f 251/251/251 288/288/288 289/289/289
f 251/251/251 289/289/289 252/252/252
f 252/252/252 289/289/289 290/290/290
f 252/252/252 290/290/290 253/253/253
f 253/253/253 290/290/290 291/291/291
f 253/253/253 291/291/291 254/254/254
f 254/254/254 291/291/291 292/292/292
f 254/254/254 292/292/292 255/255/255
f 255/255/255 292/292/292 293/293/293
f 255/255/255 293/293/293 256/256/256
f 256/256/256 293/293/293 294/294/294
f 256/256/256 294/294/294 257/257/257
f 257/257/257 294/294/294 295/295/295
f 257/257/257 295/295/295 258/258/258
f 258/258/258 295/295/295 296/296/296
f 258/258/258 296/296/296 259/259/259
f 260/260/260 297/297/297 298/298/298
f 260/260/260 298/298/298 261/261/261
f 261/261/261 298/298/298 299/299/299
f 261/261/261 299/299/299 262/262/262
f 262/262/262 299/299/299 300/300/300
f 262/262/262 300/300/300 263/263/263
f 263/263/263 300/300/300 301/301/301
f 263/263/263 301/301/301 264/264/264
f 264/264/264 301/301/301 302/302/302
f 264/264/264 302/302/302 265/265/265
f 265/265/265 302/302/302 303/303/303
f 265/265/265 303/303/303 266/266/266
f 266/266/266 303/303/303 304/304/304
f 266/266/266 304/304/304 267/267/267
f 267/267/267 304/304/304 305/305/305
f 267/267/267 305/305/305 268/268/268
f 268/268/268 305/305/305 306/306/306
f 268/268/268 306/306/306 269/269/269
f 269/269/269 306/306/306 307/307/307
f 269/269/269 307/307/307 270/270/270
f 270/270/270 307/307/307 308/308/308
f 270/270/270 308/308/308 271/271/271
f 271/271/271 308/308/308 309/309/309
f 271/271/271 309/309/309 272/272/272
f 272/272/272 309/309/309 310/310/310
f 272/272/272 310/310/310 273/273/273
f 273/273/273 310/310/310 311/311/311
f 273/273/273 311/311/311 274/274/274
f 274/274/274 311/311/311 312/312/312
f 274/274/274 312/312/312 275/275/275
f 275/275/275 312/312/312 313/313/313
f 275/275/275 313/313/313 276/276/276
f 276/276/276 313/313/313 314/314/314
f 276/276/276 314/314/314 277/277/277
f 277/277/277 314/314/314 315/315/315
f 277/277/277 315/315/315 278/278/278
f 278/278/278 315/315/315 316/316/316
f 278/278/278 316/316/316 279/279/279
f 279/279/279 316/316/316 317/317/317
f 279/279/279 317/317/317 280/280/280
f 280/280/280 317/317/317 318/318/318
f 280/280/280 318/318/318 281/281/281
f 281/281/281 318/318/318 319/319/319
f 281/281/281 319/319/319 282/282/282
f 282/282/282 319/319/319 320/320/320
f 282/282/282 320/320/320 283/283/283
f 283/283/283 320/320/320 321/321/321
f 283/283/283 321/321/321 284/284/284
f 284/284/284 321/321/321 322/322/322
f 284/284/284 322/322/322 285/285/285
f 285/285/285 322/322/322 323/323/323
f 285/285/285 323/323/323 286/286/286
f 286/286/286 323/323/323 324/324/324
f 286/286/286 324/324/324 287/287/287
f 287/287/287 324/324/324 325/325/325
f 287/287/287 325/325/325 288/288/288
f 288/288/288 325/325/325 326/326/326
f 288/288/288 326/326/326 289/289/289
f 289/289/289 326/326/326 327/327/327
f 289/289/289 327/327/327 290/290/290
f 290/290/290 327/327/327 328/328/328
f 290/290/290 328/328/328 291/291/291
f 291/291/291 328/328/328 329/329/329
f 291/291/291 329/329/329 292/292/292
f 292/292/292 329/329/329 330/330/330
f 292/292/292 330/330/330 293/293/293
f 293/293/293 330/330/330 331/331/331
f 293/293/293 331/331/331 294/294/294
f 294/294/294 331/331/331 332/332/332
f 294/294/294 332/332/332 295/295/295
f 295/295/295 332/332/332 333/333/333
f 295/295/295 333/333/333 296/296/296
f 297/297/297 334/334/334 335/335/335
f 297/297/297 335/335/335 298/298/298
f 298/298/298 335/335/335 336/336/336
f 298/298/298 336/336/336 299/299/299
f 299/299/299 336/336/336 337/337/337
f 299/299/299 337/337/337 300/300/300
f 300/300/300 337/337/337 338/338/338
f 300/300/300 338/338/338 301/301/301
f 301/301/301 338/338/338 339/339/339
f 301/301/301 339/339/339 302/302/302
f 302/302/302 339/339/339 340/340/340
f 302/302/302 340/340/340 303/303/303
f 303/303/303 340/340/340 341/341/341
f 303/303/303 341/341/341 304/304/304
f 304/304/304 341/341/341 342/342/342
f 304/304/304 342/342/342 305/305/305
f 305/305/305 342/342/342 343/343/343
f 305/305/305 343/343/343 306/306/306
f 306/306/306 343/343/343 344/344/344
f 306/306/306 344/344/344 307/307/307
f 307/307/307 344/344/344 345/345/345
f 307/307/307 345/345/345 308/308/308
f 308/308/308 345/345/345 346/346/346
f 308/308/308 346/346/346 309/309/309
f 309/309/309 346/346/346 347/347/347
f 309/309/309 347/347/347 310/310/310
f 310/310/310 347/347/347 348/348/348
f 310/310/310 348/348/348 311/311/311
f 311/311/311 348/348/348 349/349/349
f 311/311/311 349/349/349 312/312/312
f 312/312/312 349/349/349 350/350/350
f 312/312/312 350/350/350 313/313/313
f 313/313/313 350/350/350 351/351/351
f 313/313/313 351/351/351 314/314/314
f 314/314/314 351/351/351 352/352/352
f 314/314/314 352/352/352 315/315/315
f 315/315/315 352/352/352 353/353/353
f 315/315/315 353/353/353 316/316/316
f 316/316/316 353/353/353 354/354/354
f 316/316/316 354/354/354 317/317/317
f 317/317/317 354/354/354 355/355/355
f 317/317/317 355/355/355 318/318/318
f 318/318/318 355/355/355 356/356/356
f 318/318/318 356/356/356 319/319/319
f 319/319/319 356/356/356 357/357/357
f 319/319/319 357/357/357 320/320/320
f 320/320/320 357/357/357 358/358/358
f 320/320/320 358/358/358 321/321/321
f 321/321/321 358/358/358 359/359/359
f 321/321/321 359/359/359 322/322/322
f 322/322/322 359/359/359 360/360/360
f 322/322/322 360/360/360 323/323/323
f 323/323/323 360/360/360 361/361/361
f 323/323/323 361/361/361 324/324/324
f 324/324/324 361/361/361 362/362/362
f 324/324/324 362/362/362 325/325/325
f 325/325/325 362/362/362 363/363/363
f 325/325/325 363/363/363 326/326/326
f 326/326/326 363/363/363 364/364/364
f 326/326/326 364/364/364 327/327/327
f 327/327/327 364/364/364 365/365/365
f 327/327/327 365/365/365 328/328/328
f 328/328/328 365/365/365 366/366/366
f 328/328/328 366/366/366 329/329/329
f 329/329/329 366/366/366 367/367/367
f 329/329/329 367/367/367 330/330/330
f 330/330/330 367/367/367 368/368/368
f 330/330/330 368/368/368 331/331/331
f 331/331/331 368/368/368 369/369/369
f 331/331/331 369/369/369 332/332/332
f 332/332/332 369/369/369 370/370/370
f 332/332/332 370/370/370 333/333/333
f 334/334/334 371/371/371 372/372/372
f 334/334/334 372/372/372 335/335/335
f 335/335/335 372/372/372 373/373/373
f 335/335/335 373/373/373 336/336/336
f 336/336/336 373/373/373 374/374/374
f 336/336/336 374/374/374 337/337/337
f 337/337/337 374/374/374 375/375/375
f 337/337/337 375/375/375 338/338/338
f 338/338/338 375/375/375 376/376/376
f 338/338/338 376/376/376 339/339/339
f 339/339/339 376/376/376 377/377/377
f 339/339/339 377/377/377 340/340/340
f 340/340/340 377/377/377 378/378/378
f 340/340/340 378/378/378 341/341/341
f 341/341/341 378/378/378 379/379/379
f 341/341/341 379/379/379 342/342/342
f 342/342/342 379/379/379 380/380/380
f 342/342/342 380/380/380 343/343/343
f 343/343/343 380/380/380 381/381/381
f 343/343/343 381/381/381 344/344/344
f 344/344/344 381/381/381 382/382/382
f 344/344/344 382/382/382 345/345/345
f 345/345/345 382/382/382 383/383/383
f 345/345/345 383/383/383 346/346/346
f 346/346/346 383/383/383 384/384/384
f 346/346/346 384/384/384 347/347/347
f 347/347/347 384/384/384 385/385/385
f 347/347/347 385/385/385 348/348/348
f 348/348/348 385/385/385 386/386/386
f 348/348/348 386/386/386 349/349/349
f 349/349/349 386/386/386 387/387/387
f 349/349/349 387/387/387 350/350/350
f 350/350/350 387/387/387 388/388/388
f 350/350/350 388/388/388 351/351/351
f 351/351/351 388/388/388 389/389/389
f 351/351/351 389/389/389 352/352/352
f 352/352/352 389/389/389 390/390/390
f 352/352/352 390/390/390 353/353/353
f 353/353/353 390/390/390 391/391/391
f 353/353/353 391/391/391 354/354/354
f 354/354/354 391/391/391 392/392/392
f 354/354/354 392/392/392 355/355/355
f 355/355/355 392/392/392 393/393/393
f 355/355/355 393/393/393 356/356/356
f 356/356/356 393/393/393 394/394/394
f 356/356/356 394/394/394 357/357/357
f 357/357/357 394/394/394 395/395/395
f 357/357/357 395/395/395 358/358/358
f 358/358/358 395/395/395 396/396/396
f 358/358/358 396/396/396 359/359/359
f 359/359/359 396/396/396 397/397/397
f 359/359/359 397/397/397 360/360/360
f 360/360/360 397/397/397 398/398/398
f 360/360/360 398/398/398 361/361/361
f 361/361/361 398/398/398 399/399/399
f 361/361/361 399/399/399 362/362/362
f 362/362/362 399/399/399 400/400/400
f 362/362/362 400/400/400 363/363/363
f 363/363/363 400/400/400 401/401/401
f 363/363/363 401/401/401 364/364/364
f 364/364/364 401/401/401 402/402/402
f 364/364/364 402/402/402 365/365/365
f 365/365/365 402/402/402 403/403/403
f 365/365/365 403/403/403 366/366/366
f 366/366/366 403/403/403 404/404/404
f 366/366/366 404/404/404 367/367/367
f 367/367/367 404/404/404 405/405/405
f 367/367/367 405/405/405 368/368/368
f 368/368/368 405/405/405 406/406/406
f 368/368/368 406/406/406 369/369/369
f 369/369/369 406/406/406 407/407/407
f 369/369/369 407/407/407 370/370/370
f 371/371/371 408/408/408 409/409/409
f 371/371/371 409/409/409 372/372/372
f 372/372/372 409/409/409 410/410/410
f 372/372/372 410/410/410 373/373/373
f 373/373/373 410/410/410 411/411/411
f 373/373/373 411/411/411 374/374/374
f 374/374/374 411/411/411 412/412/412
f 374/374/374 412/412/412 375/375/375
f 375/375/375 412/412/412 413/413/413
f 375/375/375 413/413/413 376/376/376
f 376/376/376 413/413/413 414/414/414
f 376/376/376 414/414/414 377/377/377
f 377/377/377 414/414/414 415/415/415
f 377/377/377 415/415/415 378/378/378
f 378/378/378 415/415/415 416/416/416
f 378/378/378 416/416/416 379/379/379
f 379/379/379 416/416/416 417/417/417
f 379/379/379 417/417/417 380/380/380
f 380/380/380 417/417/417 418/418/418
f 380/380/380 418/418/418 381/381/381
f 381/381/381 418/418/418 419/419/419
f 381/381/381 419/419/419 382/382/382
f 382/382/382 419/419/419 420/420/420
f 382/382/382 420/420/420 383/383/383
f 383/383/383 420/420/420 421/421/421
f 383/383/383 421/421/421 384/384/384
f 384/384/384 421/421/421 422/422/422
f 384/384/384 422/422/422 385/385/385
f 385/385/385 422/422/422 423/423/423
f 385/385/385 423/423/423 386/386/386
f 386/386/386 423/423/423 424/424/424
f 386/386/386 424/424/424 387/387/387
f 387/387/387 424/424/424 425/425/425
f 387/387/387 425/425/425 388/388/388
f 388/388/388 425/425/425 426/426/426
f 388/388/388 426/426/426 389/389/389
f 389/389/389 426/426/426 427/427/427
f 389/389/389 427/427/427 390/390/390
f 390/390/390 427/427/427 428/428/428
f 390/390/390 428/428/428 391/391/391
f 391/391/391 428/428/428 429/429/429
f 391/391/391 429/429/429 392/392/392
f 392/392/392 429/429/429 430/430/430
f 392/392/392 430/430/430 393/393/393
f 393/393/393 430/430/430 431/431/431
f 393/393/393 431/431/431 394/394/394
f 394/394/394 431/431/431 432/432/432
f 394/394/394 432/432/432 395/395/395
f 395/395/395 432/432/432 433/433/433
f 395/395/395 433/433/433 396/396/396
f 396/396/396 433/433/433 434/434/434
f 396/396/396 434/434/434 397/397/397
f 397/397/397 434/434/434 435/435/435
f 397/397/397 435/435/435 398/398/398
f 398/398/398 435/435/435 436/436/436
f 398/398/398 436/436/436 399/399/399
f 399/399/399 436/436/436 437/437/437
f 399/399/399 437/437/437 400/400/400
f 400/400/400 437/437/437 438/438/438
f 400/400/400 438/438/438 401/401/401
f 401/401/401 438/438/438 439/439/439
f 401/401/401 439/439/439 402/402/402
f 402/402/402 439/439/439 440/440/440
f 402/402/402 440/440/440 403/403/403
f 403/403/403 440/440/440 441/441/441
f 403/403/403 441/441/441 404/404/404
f 404/404/404 441/441/441 442/442/442
f 404/404/404 442/442/442 405/405/405
f 405/405/405 442/442/442 443/443/443
f 405/405/405 443/443/443 406/406/406
f 406/406/406 443/443/443 444/444/444
f 406/406/406 444/444/444 407/407/407
f 408/408/408 445/445/445 446/446/446
f 408/408/408 446/446/446 409/409/409
f 409/409/409 446/446/446 447/447/447
f 409/409/409 447/447/447 410/410/410
f 410/410/410 447/447/447 448/448/448
f 410/410/410 448/448/448 411/411/411
f 411/411/411 448/448/448 449/449/449
f 411/411/411 449/449/449 412/412/412
f 412/412/412 449/449/449 450/450/450
f 412/412/412 450/450/450 413/413/413
f 413/413/413 450/450/450 451/451/451
f 413/413/413 451/451/451 414/414/414
f 414/414/414 451/451/451 452/452/452
f 414/414/414 452/452/452 415/415/415
f 415/415/415 452/452/452 453/453/453
f 415/415/415 453/453/453 416/416/416
f 416/416/416 453/453/453 454/454/454
f 416/416/416 454/454/454 417/417/417
f 417/417/417 454/454/454 455/455/455
f 417/417/417 455/455/455 418/418/418
f 418/418/418 455/455/455 456/456/456
f 418/418/418 456/456/456 419/419/419
f 419/419/419 456/456/456 457/457/457
f 419/419/419 457/457/457 420/420/420
f 420/420/420 457/457/457 458/458/458
f 420/420/420 458/458/458 421/421/421
f 421/421/421 458/458/458 459/459/459
f 421/421/421 459/459/459 422/422/422
f 422/422/422 459/459/459 460/460/460
f 422/422/422 460/460/460 423/423/423
f 423/423/423 460/460/460 461/461/461
f 423/423/423 461/461/461 424/424/424
f 424/424/424 461/461/461 462/462/462
f 424/424/424 462/462/462 425/425/425
f 425/425/425 462/462/462 463/463/463
f 425/425/425 463/463/463 426/426/426
f 426/426/426 463/463/463 464/464/464
f 426/426/426 464/464/464 427/427/427
f 427/427/427 464/464/464 465/465/465
f 427/427/427 465/465/465 428/428/428
f 428/428/428 465/465/465 466/466/466
f 428/428/428 466/466/466 429/429/429
f 429/429/429 466/466/466 467/467/467
f 429/429/429 467/467/467 430/430/430
f 430/430/430 467/467/467 468/468/468
f 430/430/430 468/468/468 431/431/431
f 431/431/431 468/468/468 469/469/469
f 431/431/431 469/469/469 432/432/432
f 432/432/432 469/469/469 470/470/470
f 432/432/432 470/470/470 433/433/433
f 433/433/433 470/470/470 471/471/471
f 433/433/433 471/471/471 434/434/434
f 434/434/434 471/471/471 472/472/472
f 434/434/434 472/472/472 435/435/435
f 435/435/435 472/472/472 473/473/473
f 435/435/435 473/473/473 436/436/436
f 436/436/436 473/473/473 474/474/474
f 436/436/436 474/474/474 437/437/437
f 437/437/437 474/474/474 475/475/475
f 437/437/437 475/475/475 438/438/438
f 438/438/438 475/475/475 476/476/476
f 438/438/438 476/476/476 439/439/439
f 439/439/439 476/476/476 477/477/477
f 439/439/439 477/477/477 440/440/440
f 440/440/440 477/477/477 478/478/478
f 440/440/440 478/478/478 441/441/441
f 441/441/441 478/478/478 479/479/479
f 441/441/441 479/479/479 442/442/442
f 442/442/442 479/479/479 480/480/480
f 442/442/442 480/480/480 443/443/443
f 443/443/443 480/480/480 481/481/481
f 443/443/443 481/481/481 444/444/444
f 445/445/445 482/482/482 483/483/483
f 445/445/445 483/483/483 446/446/446
f 446/446/446 483/483/483 484/484/484
f 446/446/446 484/484/484 447/447/447
f 447/447/447 484/484/484 485/485/485
f 447/447/447 485/485/485 448/448/448
f 448/448/448 485/485/485 486/486/486
f 448/448/448 486/486/486 449/449/449
f 449/449/449 486/486/486 487/487/487
f 449/449/449 487/487/487 450/450/450
f 450/450/450 487/487/487 488/488/488
f 450/450/450 488/488/488 451/451/451
f 451/451/451 488/488/488 489/489/489
f 451/451/451 489/489/489 452/452/452
f 452/452/452 489/489/489 490/490/490
f 452/452/452 490/490/490 453/453/453
f 453/453/453 490/490/490 491/491/491
f 453/453/453 491/491/491 454/454/454
f 454/454/454 491/491/491 492/492/492
f 454/454/454 492/492/492 455/455/455
f 455/455/455 492/492/492 493/493/493
f 455/455/455 493/493/493 456/456/456
f 456/456/456 493/493/493 494/494/494
f 456/456/456 494/494/494 457/457/457
f 457/457/457 494/494/494 495/495/495
f 457/457/457 495/495/495 458/458/458
f 458/458/458 495/495/495 496/496/496
f 458/458/458 496/496/496 459/459/459
f 459/459/459 496/496/496 497/497/497
f 459/459/459 497/497/497 460/460/460
f 460/460/460 497/497/497 498/498/498
f 460/460/460 498/498/498 461/461/461
f 461/461/461 498/498/498 499/499/499
f 461/461/461 499/499/499 462/462/462
f 462/462/462 499/499/499 500/500/500
f 462/462/462 500/500/500 463/463/463
f 463/463/463 500/500/500 501/501/501
f 463/463/463 501/501/501 464/464/464
f 464/464/464 501/501/501 502/502/502
f 464/464/464 502/502/502 465/465/465
f 465/465/465 502/502/502 503/503/503
f 465/465/465 503/503/503 466/466/466
f 466/466/466 503/503/503 504/504/504
f 466/466/466 504/504/504 467/467/467
f 467/467/467 504/504/504 505/505/505
f 467/467/467 505/505/505 468/468/468
f 468/468/468 505/505/505 506/506/506
f 468/468/468 506/506/506 469/469/469
f 469/469/469 506/506/506 507/507/507
f 469/469/469 507/507/507 470/470/470
f 470/470/470 507/507/507 508/508/508
f 470/470/470 508/508/508 471/471/471
f 471/471/471 508/508/508 509/509/509
f 471/471/471 509/509/509 472/472/472
f 472/472/472 509/509/509 510/510/510
f 472/472/472 510/510/510 473/473/473
f 473/473/473 510/510/510 511/511/511
f 473/473/473 511/511/511 474/474/474
f 474/474/474 511/511/511 512/512/512
f 474/474/474 512/512/512 475/475/475
f 475/475/475 512/512/512 513/513/513
f 475/475/475 513/513/513 476/476/476
f 476/476/476 513/513/513 514/514/514
f 476/476/476 514/514/514 477/477/477
f 477/477/477 514/514/514 515/515/515
f 477/477/477 515/515/515 478/478/478
f 478/478/478 515/515/515 516/516/516
f 478/478/478 516/516/516 479/479/479
f 479/479/479 516/516/516 517/517/517
f 479/479/479 517/517/517 480/480/480
f 480/480/480 517/517/517 518/518/518
f 480/480/480 518/518/518 481/481/481
f 482/482/482 519/519/519 520/520/520
f 482/482/482 520/520/520 483/483/483
f 483/483/483 520/520/520 521/521/521
f 483/483/483 521/521/521 484/484/484
f 484/484/484 521/521/521 522/522/522
f 484/484/484 522/522/522 485/485/485
f 485/485/485 522/522/522 523/523/523
f 485/485/485 523/523/523 486/486/486
f 486/486/486 523/523/523 524/524/524
f 486/486/486 524/524/524 487/487/487
f 487/487/487 524/524/524 525/525/525
f 487/487/487 525/525/525 488/488/488
f 488/488/488 525/525/525 526/526/526
f 488/488/488 526/526/526 489/489/489
f 489/489/489 526/526/526 527/527/527
f 489/489/489 527/527/527 490/490/490
f 490/490/490 527/527/527 528/528/528
f 490/490/490 528/528/528 491/491/491
f 491/491/491 528/528/528 529/529/529
f 491/491/491 529/529/529 492/492/492
f 492/492/492 529/529/529 530/530/530
f 492/492/492 530/530/530 493/493/493
f 493/493/493 530/530/530 531/531/531
f 493/493/493 531/531/531 494/494/494
f 494/494/494 531/531/531 532/532/532
f 494/494/494 532/532/532 495/495/495
f 495/495/495 532/532/532 533/533/533
f 495/495/495 533/533/533 496/496/496
f 496/496/496 533/533/533 534/534/534
f 496/496/496 534/534/534 497/497/497
f 497/497/497 534/534/534 535/535/535
f 497/497/497 535/535/535 498/498/498
f 498/498/498 535/535/535 536/536/536
f 498/498/498 536/536/536 499/499/499
f 499/499/499 536/536/536 537/537/537
f 499/499/499 537/537/537 500/500/500
f 500/500/500 537/537/537 538/538/538
f 500/500/500 538/538/538 501/501/501
f 501/501/501 538/538/538 539/539/539
f 501/501/501 539/539/539 502/502/502
f 502/502/502 539/539/539 540/540/540
f 502/502/502 540/540/540 503/503/503
f 503/503/503 540/540/540 541/541/541
f 503/503/503 541/541/541 504/504/504
f 504/504/504 541/541/541 542/542/542
f 504/504/504 542/542/542 505/505/505
f 505/505/505 542/542/542 543/543/543
f 505/505/505 543/543/543 506/506/506
f 506/506/506 543/543/543 544/544/544
f 506/506/506 544/544/544 507/507/507
f 507/507/507 544/544/544 545/545/545
f 507/507/507 545/545/545 508/508/508
f 508/508/508 545/545/545 546/546/546
f 508/508/508 546/546/546 509/509/509
f 509/509/509 546/546/546 547/547/547
f 509/509/509 547/547/547 510/510/510
f 510/510/510 547/547/547 548/548/548
f 510/510/510 548/548/548 511/511/511
f 511/511/511 548/548/548 549/549/549
f 511/511/511 549/549/549 512/512/512
f 512/512/512 549/549/549 550/550/550
f 512/512/512 550/550/550 513/513/513
f 513/513/513 550/550/550 551/551/551
f 513/513/513 551/551/551 514/514/514
f 514/514/514 551/551/551 552/552/552
f 514/514/514 552/552/552 515/515/515
f 515/515/515 552/552/552 553/553/553
f 515/515/515 553/553/553 516/516/516
f 516/516/516 553/553/553 554/554/554
f 516/516/516 554/554/554 517/517/517
f 517/517/517 554/554/554 555/555/555
f 517/517/517 555/555/555 518/518/518
f 519/519/519 556/556/556 557/557/557
f 519/519/519 557/557/557 520/520/520
f 520/520/520 557/557/557 558/558/558
f 520/520/520 558/558/558 521/521/521
f 521/521/521 558/558/558 559/559/559
f 521/521/521 559/559/559 522/522/522
f 522/522/522 559/559/559 560/560/560
f 522/522/522 560/560/560 523/523/523
f 523/523/523 560/560/560 561/561/561
f 523/523/523 561/561/561 524/524/524
f 524/524/524 561/561/561 562/562/562
f 524/524/524 562/562/562 525/525/525
f 525/525/525 562/562/562 563/563/563
f 525/525/525 563/563/563 526/526/526
f 526/526/526 563/563/563 564/564/564
f 526/526/526 564/564/564 527/527/527
f 527/527/527 564/564/564 565/565/565
f 527/527/527 565/565/565 528/528/528
f 528/528/528 565/565/565 566/566/566
f 528/528/528 566/566/566 529/529/529
f 529/529/529 566/566/566 567/567/567
f 529/529/529 567/567/567 530/530/530
f 530/530/530 567/567/567 568/568/568
f 530/530/530 568/568/568 531/531/531
f 531/531/531 568/568/568 569/569/569
f 531/531/531 569/569/569 532/532/532
f 532/532/532 569/569/569 570/570/570
f 532/532/532 570/570/570 533/533/533
f 533/533/533 570/570/570 571/571/571
f 533/533/533 571/571/571 534/534/534
f 534/534/534 571/571/571 572/572/572
f 534/534/534 572/572/572 535/535/535
f 535/535/535 572/572/572 573/573/573
f 535/535/535 573/573/573 536/536/536
f 536/536/536 573/573/573 574/574/574
f 536/536/536 574/574/574 537/537/537
f 537/537/537 574/574/574 575/575/575
f 537/537/537 575/575/575 538/538/538
f 538/538/538 575/575/575 576/576/576
f 538/538/538 576/576/576 539/539/539
f 539/539/539 576/576/576 577/577/577
f 539/539/539 577/577/577 540/540/540
f 540/540/540 577/577/577 578/578/578
f 540/540/540 578/578/578 541/541/541
f 541/541/541 578/578/578 579/579/579
f 541/541/541 579/579/579 542/542/542
f 542/542/542 579/579/579 580/580/580
f 542/542/542 580/580/580 543/543/543
f 543/543/543 580/580/580 581/581/581
f 543/543/543 581/581/581 544/544/544
f 544/544/544 581/581/581 582/582/582
f 544/544/544 582/582/582 545/545/545
f 545/545/545 582/582/582 583/583/583
f 545/545/545 583/583/583 546/546/546
f 546/546/546 583/583/583 584/584/584
f 546/546/546 584/584/584 547/547/547
f 547/547/547 584/584/584 585/585/585
f 547/547/547 585/585/585 548/548/548
f 548/548/548 585/585/585 586/586/586
f 548/548/548 586/586/586 549/549/549
f 549/549/549 586/586/586 587/587/587
f 549/549/549 587/587/587 550/550/550
f 550/550/550 587/587/587 588/588/588
f 550/550/550 588/588/588 551/551/551
f 551/551/551 588/588/588 589/589/589
f 551/551/551 589/589/589 552/552/552
f 552/552/552 589/589/589 590/590/590
f 552/552/552 590/590/590 553/553/553
f 553/553/553 590/590/590 591/591/591
f 553/553/553 591/591/591 554/554/554
f 554/554/554 591/591/591 592/592/592
f 554/554/554 592/592/592 555/555/555
f 556/556/556 593/593/593 594/594/594
f 556/556/556 594/594/594 557/557/557
f 557/557/557 594/594/594 595/595/595
f 557/557/557 595/595/595 558/558/558
f 558/558/558 595/595/595 596/596/596
f 558/558/558 596/596/596 559/559/559
f 559/559/559 596/596/596 597/597/597
f 559/559/559 597/597/597 560/560/560
f 560/560/560 597/597/597 598/598/598
f 560/560/560 598/598/598 561/561/561
f 561/561/561 598/598/598 599/599/599
f 561/561/561 599/599/599 562/562/562
f 562/562/562 599/599/599 600/600/600
f 562/562/562 600/600/600 563/563/563
f 563/563/563 600/600/600 601/601/601
f 563/563/563 601/601/601 564/564/564
f 564/564/564 601/601/601 602/602/602
f 564/564/564 602/602/602 565/565/565
f 565/565/565 602/602/602 603/603/603
f 565/565/565 603/603/603 566/566/566
f 566/566/566 603/603/603 604/604/604
f 566/566/566 604/604/604 567/567/567
f 567/567/567 604/604/604 605/605/605
f 567/567/567 605/605/605 568/568/568
f 568/568/568 605/605/605 606/606/606
f 568/568/568 606/606/606 569/569/569
f 569/569/569 606/606/606 607/607/607
f 569/569/569 607/607/607 570/570/570
f 570/570/570 607/607/607 608/608/608
f 570/570/570 608/608/608 571/571/571
f 571/571/571 608/608/608 609/609/609
f 571/571/571 609/609/609 572/572/572
f 572/572/572 609/609/609 610/610/610
f 572/572/572 610/610/610 573/573/573
f 573/573/573 610/610/610 611/611/611
f 573/573/573 611/611/611 574/574/574
f 574/574/574 611/611/611 612/612/612
f 574/574/574 612/612/612 575/575/575
f 575/575/575 612/612/612 613/613/613
f 575/575/575 613/613/613 576/576/576
f 576/576/576 613/613/613 614/614/614
f 576/576/576 614/614/614 577/577/577
f 577/577/577 614/614/614 615/615/615
f 577/577/577 615/615/615 578/578/578
f 578/578/578 615/615/615 616/616/616
f 578/578/578 616/616/616 579/579/579
f 579/579/579 616/616/616 617/617/617
f 579/579/579 617/617/617 580/580/580
f 580/580/580 617/617/617 618/618/618
f 580/580/580 618/618/618 581/581/581
f 581/581/581 618/618/618 619/619/619
f 581/581/581 619/619/619 582/582/582
f 582/582/582 619/619/619 620/620/620
f 582/582/582 620/620/620 583/583/583
f 583/583/583 620/620/620 621/621/621
f 583/583/583 621/621/621 584/584/584
f 584/584/584 621/621/621 622/622/622
f 584/584/584 622/622/622 585/585/585
f 585/585/585 622/622/622 623/623/623
f 585/585/585 623/623/623 586/586/586
f 586/586/586 623/623/623 624/624/624
f 586/586/586 624/624/624 587/587/587
f 587/587/587 624/624/624 625/625/625
f 587/587/587 625/625/625 588/588/588
f 588/588/588 625/625/625 626/626/626
f 588/588/588 626/626/626 589/589/589
f 589/589/589 626/626/626 627/627/627
f 589/589/589 627/627/627 590/590/590
f 590/590/590 627/627/627 628/628/628
f 590/590/590 628/628/628 591/591/591
f 591/591/591 628/628/628 629/629/629
f 591/591/591 629/629/629 592/592/592
f 593/593/593 630/630/630 631/631/631
f 593/593/593 631/631/631 594/594/594
f 594/594/594 631/631/631 632/632/632
f 594/594/594 632/632/632 595/595/595
f 595/595/595 632/632/632 633/633/633
f 595/595/595 633/633/633 596/596/596
f 596/596/596 633/633/633 634/634/634
f 596/596/596 634/634/634 597/597/597
f 597/597/597 634/634/634 635/635/635
f 597/597/597 635/635/635 598/598/598
f 598/598/598 635/635/635 636/636/636
f 598/598/598 636/636/636 599/599/599
f 599/599/599 636/636/636 637/637/637
f 599/599/599 637/637/637 600/600/600
f 600/600/600 637/637/637 638/638/638
f 600/600/600 638/638/638 601/601/601
f 601/601/601 638/638/638 639/639/639
f 601/601/601 639/639/639 602/602/602
f 602/602/602 639/639/639 640/640/640
f 602/602/602 640/640/640 603/603/603
f 603/603/603 640/640/640 641/641/641
f 603/603/603 641/641/641 604/604/604
f 604/604/604 641/641/641 642/642/642
f 604/604/604 642/642/642 605/605/605
f 605/605/605 642/642/642 643/643/643
f 605/605/605 643/643/643 606/606/606
f 606/606/606 643/643/643 644/644/644
f 606/606/606 644/644/644 607/607/607
f 607/607/607 644/644/644 645/645/645
f 607/607/607 645/645/645 608/608/608
f 608/608/608 645/645/645 646/646/646
f 608/608/608 646/646/646 609/609/609
f 609/609/609 646/646/646 647/647/647
f 609/609/609 647/647/647 610/610/610
f 610/610/610 647/647/647 648/648/648
f 610/610/610 648/648/648 611/611/611
f 611/611/611 648/648/648 649/649/649
f 611/611/611 649/649/649 612/612/612
f 612/612/612 649/649/649 650/650/650
f 612/612/612 650/650/650 613/613/613
f 613/613/613 650/650/650 651/651/651
f 613/613/613 651/651/651 614/614/614
f 614/614/614 651/651/651 652/652/652
f 614/614/614 652/652/652 615/615/615
f 615/615/615 652/652/652 653/653/653
f 615/615/615 653/653/653 616/616/616
f 616/616/616 653/653/653 654/654/654
f 616/616/616 654/654/654 617/617/617
f 617/617/617 654/654/654 655/655/655
f 617/617/617 655/655/655 618/618/618
f 618/618/618 655/655/655 656/656/656
f 618/618/618 656/656/656 619/619/619
f 619/619/619 656/656/656 657/657/657
f 619/619/619 657/657/657 620/620/620
f 620/620/620 657/657/657 658/658/658
f 620/620/620 658/658/658 621/621/621
f 621/621/621 658/658/658 659/659/659
f 621/621/621 659/659/659 622/622/622
f 622/622/622 659/659/659 660/660/660
f 622/622/622 660/660/660 623/623/623
f 623/623/623 660/660/660 661/661/661
f 623/623/623 661/661/661 624/624/624
f 624/624/624 661/661/661 662/662/662
f 624/624/624 662/662/662 625/625/625
f 625/625/625 662/662/662 663/663/663
f 625/625/625 663/663/663 626/626/626
f 626/626/626 663/663/663 664/664/664
f 626/626/626 664/664/664 627/627/627
f 627/627/627 664/664/664 665/665/665
f 627/627/627 665/665/665 628/628/628
f 628/628/628 665/665/665 666/666/666
f 628/628/628 666/666/666 629/629/629
f 630/630/630 667/667/667 668/668/668
f 630/630/630 668/668/668 631/631/631
f 631/631/631 668/668/668 669/669/669
f 631/631/631 669/669/669 632/632/632
f 632/632/632 669/669/669 670/670/670
f 632/632/632 670/670/670 633/633/633
f 633/633/633 670/670/670 671/671/671
f 633/633/633 671/671/671 634/634/634
f 634/634/634 671/671/671 672/672/672
f 634/634/634 672/672/672 635/635/635
f 635/635/635 672/672/672 673/673/673
f 635/635/635 673/673/673 636/636/636
f 636/636/636 673/673/673 674/674/674
f 636/636/636 674/674/674 637/637/637
f 637/637/637 674/674/674 675/675/675
f 637/637/637 675/675/675 638/638/638
f 638/638/638 675/675/675 676/676/676
f 638/638/638 676/676/676 639/639/639
f 639/639/639 676/676/676 677/677/677
f 639/639/639 677/677/677 640/640/640
f 640/640/640 677/677/677 678/678/678
f 640/640/640 678/678/678 641/641/641
f 641/641/641 678/678/678 679/679/679
f 641/641/641 679/679/679 642/642/642
f 642/642/642 679/679/679 680/680/680
f 642/642/642 680/680/680 643/643/643
f 643/643/643 680/680/680 681/681/681
f 643/643/643 681/681/681 644/644/644
f 644/644/644 681/681/681 682/682/682
f 644/644/644 682/682/682 645/645/645
f 645/645/645 682/682/682 683/683/683
f 645/645/645 683/683/683 646/646/646
f 646/646/646 683/683/683 684/684/684
f 646/646/646 684/684/684 647/647/647
f 647/647/647 684/684/684 685/685/685
f 647/647/647 685/685/685 648/648/648
f 648/648/648 685/685/685 686/686/686
f 648/648/648 686/686/686 649/649/649
f 649/649/649 686/686/686 687/687/687
f 649/649/649 687/687/687 650/650/650
f 650/650/650 687/687/687 688/688/688
f 650/650/650 688/688/688 651/651/651
f 651/651/651 688/688/688 689/689/689
f 651/651/651 689/689/689 652/652/652
f 652/652/652 689/689/689 690/690/690
f 652/652/652 690/690/690 653/653/653
f 653/653/653 690/690/690 691/691/691
f 653/653/653 691/691/691 654/654/654
f 654/654/654 691/691/691 692/692/692
f 654/654/654 692/692/692 655/655/655
f 655/655/655 692/692/692 693/693/693
f 655/655/655 693/693/693 656/656/656
f 656/656/656 693/693/693 694/694/694
f 656/656/656 694/694/694 657/657/657
f 657/657/657 694/694/694 695/695/695
f 657/657/657 695/695/695 658/658/658
f 658/658/658 695/695/695 696/696/696
f 658/658/658 696/696/696 659/659/659
f 659/659/659 696/696/696 697/697/697
f 659/659/659 697/697/697 660/660/660
f 660/660/660 697/697/697 698/698/698
f 660/660/660 698/698/698 661/661/661
f 661/661/661 698/698/698 699/699/699
f 661/661/661 699/699/699 662/662/662
f 662/662/662 699/699/699 700/700/700
f 662/662/662 700/700/700 663/663/663
f 663/663/663 700/700/700 701/701/701
f 663/663/663 701/701/701 664/664/664
f 664/664/664 701/701/701 702/702/702
f 664/664/664 702/702/702 665/665/665
f 665/665/665 702/702/702 703/703/703
f 665/665/665 703/703/703 666/666/666
f 667/667/667 704/704/704 705/705/705
f 667/667/667 705/705/705 668/668/668
f 668/668/668 705/705/705 706/706/706
f 668/668/668 706/706/706 669/669/669
f 669/669/669 706/706/706 707/707/707
f 669/669/669 707/707/707 670/670/670
f 670/670/670 707/707/707 708/708/708
f 670/670/670 708/708/708 671/671/671
f 671/671/671 708/708/708 709/709/709
f 671/671/671 709/709/709 672/672/672
f 672/672/672 709/709/709 710/710/710
f 672/672/672 710/710/710 673/673/673
f 673/673/673 710/710/710 711/711/711
f 673/673/673 711/711/711 674/674/674
f 674/674/674 711/711/711 712/712/712
f 674/674/674 712/712/712 675/675/675
f 675/675/675 712/712/712 713/713/713
f 675/675/675 713/713/713 676/676/676
f 676/676/676 713/713/713 714/714/714
f 676/676/676 714/714/714 677/677/677
f 677/677/677 714/714/714 715/715/715
f 677/677/677 715/715/715 678/678/678
f 678/678/678 715/715/715 716/716/716
f 678/678/678 716/716/716 679/679/679
f 679/679/679 716/716/716 717/717/717
f 679/679/679 717/717/717 680/680/680
f 680/680/680 717/717/717 718/718/718
f 680/680/680 718/718/718 681/681/681
f 681/681/681 718/718/718 719/719/719
f 681/681/681 719/719/719 682/682/682
f 682/682/682 719/719/719 720/720/720
f 682/682/682 720/720/720 683/683/683
f 683/683/683 720/720/720 721/721/721
f 683/683/683 721/721/721 684/684/684
f 684/684/684 721/721/721 722/722/722
f 684/684/684 722/722/722 685/685/685
f 685/685/685 722/722/722 723/723/723
f 685/685/685 723/723/723 686/686/686
f 686/686/686 723/723/723 724/724/724
f 686/686/686 724/724/724 687/687/687
f 687/687/687 724/724/724 725/725/725
f 687/687/687 725/725/725 688/688/688
f 688/688/688 725/725/725 726/726/726
f 688/688/688 726/726/726 689/689/689
f 689/689/689 726/726/726 727/727/727
f 689/689/689 727/727/727 690/690/690
f 690/690/690 727/727/727 728/728/728
f 690/690/690 728/728/728 691/691/691
f 691/691/691 728/728/728 729/729/729
f 691/691/691 729/729/729 692/692/692
f 692/692/692 729/729/729 730/730/730
f 692/692/692 730/730/730 693/693/693
f 693/693/693 730/730/730 731/731/731
f 693/693/693 731/731/731 694/694/694
f 694/694/694 731/731/731 732/732/732
f 694/694/694 732/732/732 695/695/695
f 695/695/695 732/732/732 733/733/733
f 695/695/695 733/733/733 696/696/696
f 696/696/696 733/733/733 734/734/734
f 696/696/696 734/734/734 697/697/697
f 697/697/697 734/734/734 735/735/735
f 697/697/697 735/735/735 698/698/698
f 698/698/698 735/735/735 736/736/736
f 698/698/698 736/736/736 699/699/699
f 699/699/699 736/736/736 737/737/737
f 699/699/699 737/737/737 700/700/700
f 700/700/700 737/737/737 738/738/738
f 700/700/700 738/738/738 701/701/701
f 701/701/701 738/738/738 739/739/739
f 701/701/701 739/739/739 702/702/702
f 702/702/702 739/739/739 740/740/740
f 702/702/702 740/740/740 703/703/703
f 704/704/704 741/741/741 742/742/742
f 704/704/704 742/742/742 705/705/705
f 705/705/705 742/742/742 743/743/743
f 705/705/705 743/743/743 706/706/706
f 706/706/706 743/743/743 744/744/744
f 706/706/706 744/744/744 707/707/707
f 707/707/707 744/744/744 745/745/745
f 707/707/707 745/745/745 708/708/708
f 708/708/708 745/745/745 746/746/746
f 708/708/708 746/746/746 709/709/709
f 709/709/709 746/746/746 747/747/747
f 709/709/709 747/747/747 710/710/710
f 710/710/710 747/747/747 748/748/748
f 710/710/710 748/748/748 711/711/711
f 711/711/711 748/748/748 749/749/749
f 711/711/711 749/749/749 712/712/712
f 712/712/712 749/749/749 750/750/750
f 712/712/712 750/750/750 713/713/713
f 713/713/713 750/750/750 751/751/751
f 713/713/713 751/751/751 714/714/714
f 714/714/714 751/751/751 752/752/752
f 714/714/714 752/752/752 715/715/715
f 715/715/715 752/752/752 753/753/753
f 715/715/715 753/753/753 716/716/716
f 716/716/716 753/753/753 754/754/754
f 716/716/716 754/754/754 717/717/717
f 717/717/717 754/754/754 755/755/755
f 717/717/717 755/755/755 718/718/718
f 718/718/718 755/755/755 756/756/756
f 718/718/718 756/756/756 719/719/719
f 719/719/719 756/756/756 757/757/757
f 719/719/719 757/757/757 720/720/720
f 720/720/720 757/757/757 758/758/758
f 720/720/720 758/758/758 721/721/721
f 721/721/721 758/758/758 759/759/759
f 721/721/721 759/759/759 722/722/722
f 722/722/722 759/759/759 760/760/760
f 722/722/722 760/760/760 723/723/723
f 723/723/723 760/760/760 761/761/761
f 723/723/723 761/761/761 724/724/724
f 724/724/724 761/761/761 762/762/762
f 724/724/724 762/762/762 725/725/725
f 725/725/725 762/762/762 763/763/763
f 725/725/725 763/763/763 726/726/726
f 726/726/726 763/763/763 764/764/764
f 726/726/726 764/764/764 727/727/727
f 727/727/727 764/764/764 765/765/765
f 727/727/727 765/765/765 728/728/728
f 728/728/728 765/765/765 766/766/766
f 728/728/728 766/766/766 729/729/729
f 729/729/729 766/766/766 767/767/767
f 729/729/729 767/767/767 730/730/730
f 730/730/730 767/767/767 768/768/768
f 730/730/730 768/768/768 731/731/731
f 731/731/731 768/768/768 769/769/769
f 731/731/731 769/769/769 732/732/732
f 732/732/732 769/769/769 770/770/770
f 732/732/732 770/770/770 733/733/733
f 733/733/733 770/770/770 771/771/771
f 733/733/733 771/771/771 734/734/734
f 734/734/734 771/771/771 772/772/772
f 734/734/734 772/772/772 735/735/735
f 735/735/735 772/772/772 773/773/773
f 735/735/735 773/773/773 736/736/736
f 736/736/736 773/773/773 774/774/774
f 736/736/736 774/774/774 737/737/737
f 737/737/737 774/774/774 775/775/775
f 737/737/737 775/775/775 738/738/738
f 738/738/738 775/775/775 776/776/776
f 738/738/738 776/776/776 739/739/739
f 739/739/739 776/776/776 777/777/777
f 739/739/739 777/777/777 740/740/740
f 741/741/741 778/778/778 779/779/779
f 741/741/741 779/779/779 742/742/742
f 742/742/742 779/779/779 780/780/780
f 742/742/742 780/780/780 743/743/743
f 743/743/743 780/780/780 781/781/781
f 743/743/743 781/781/781 744/744/744
f 744/744/744 781/781/781 782/782/782
f 744/744/744 782/782/782 745/745/745
f 745/745/745 782/782/782 783/783/783
f 745/745/745 783/783/783 746/746/746
f 746/746/746 783/783/783 784/784/784
f 746/746/746 784/784/784 747/747/747
f 747/747/747 784/784/784 785/785/785
f 747/747/747 785/785/785 748/748/748
f 748/748/748 785/785/785 786/786/786
f 748/748/748 786/786/786 749/749/749
f 749/749/749 786/786/786 787/787/787
f 749/749/749 787/787/787 750/750/750
f 750/750/750 787/787/787 788/788/788
f 750/750/750 788/788/788 751/751/751
f 751/751/751 788/788/788 789/789/789
f 751/751/751 789/789/789 752/752/752
f 752/752/752 789/789/789 790/790/790
f 752/752/752 790/790/790 753/753/753
f 753/753/753 790/790/790 791/791/791
f 753/753/753 791/791/791 754/754/754
f 754/754/754 791/791/791 792/792/792
f 754/754/754 792/792/792 755/755/755
f 755/755/755 792/792/792 793/793/793
f 755/755/755 793/793/793 756/756/756
f 756/756/756 793/793/793 794/794/794
f 756/756/756 794/794/794 757/757/757
f 757/757/757 794/794/794 795/795/795
f 757/757/757 795/795/795 758/758/758
f 758/758/758 795/795/795 796/796/796
f 758/758/758 796/796/796 759/759/759
f 759/759/759 796/796/796 797/797/797
f 759/759/759 797/797/797 760/760/760
f 760/760/760 797/797/797 798/798/798
f 760/760/760 798/798/798 761/761/761
f 761/761/761 798/798/798 799/799/799
f 761/761/761 799/799/799 762/762/762
f 762/762/762 799/799/799 800/800/800
f 762/762/762 800/800/800 763/763/763
f 763/763/763 800/800/800 801/801/801
f 763/763/763 801/801/801 764/764/764
f 764/764/764 801/801/801 802/802/802
f 764/764/764 802/802/802 765/765/765
f 765/765/765 802/802/802 803/803/803
f 765/765/765 803/803/803 766/766/766
f 766/766/766 803/803/803 804/804/804
f 766/766/766 804/804/804 767/767/767
f 767/767/767 804/804/804 805/805/805
f 767/767/767 805/805/805 768/768/768
f 768/768/768 805/805/805 806/806/806
f 768/768/768 806/806/806 769/769/769
f 769/769/769 806/806/806 807/807/807
f 769/769/769 807/807/807 770/770/770
f 770/770/770 807/807/807 808/808/808
f 770/770/770 808/808/808 771/771/771
f 771/771/771 808/808/808 809/809/809
f 771/771/771 809/809/809 772/772/772
f 772/772/772 809/809/809 810/810/810
f 772/772/772 810/810/810 773/773/773
f 773/773/773 810/810/810 811/811/811
f 773/773/773 811/811/811 774/774/774
f 774/774/774 811/811/811 812/812/812
f 774/774/774 812/812/812 775/775/775
f 775/775/775 812/812/812 813/813/813
f 775/775/775 813/813/813 776/776/776
f 776/776/776 813/813/813 814/814/814
f 776/776/776 814/814/814 777/777/777
