# Generated sky cornice; visual geometry only.
s 1
v -95.691886 -8.276815 -39.377613
v -95.685920 -5.130637 -39.652160
v -95.676426 -0.093388 -40.089117
v -95.671972 5.792457 -40.294061
v -95.681131 11.450793 -39.872572
v -95.707094 16.676849 -38.677709
v -95.744988 21.798608 -36.933750
v -95.791285 26.508096 -34.803104
v -95.842455 30.492926 -32.448179
v -95.900682 33.547102 -29.768437
v -95.966808 35.618732 -26.725209
v -96.035287 36.646317 -23.573709
v -96.100572 36.597000 -20.569150
v -96.165144 35.275889 -17.597459
v -96.230640 32.687662 -14.583232
v -96.290254 29.152134 -11.839687
v -96.337180 25.025928 -9.680039
v -96.370285 20.449718 -8.156492
v -96.392972 15.392793 -7.112437
v -96.405239 9.995287 -6.547873
v -96.407087 4.410335 -6.462802
v -96.397635 -1.360071 -6.897825
v -96.377175 -7.112164 -7.839408
v -96.347473 -12.397560 -9.206348
v -96.310293 -16.789980 -10.917438
v -96.262022 -20.006571 -13.138956
v -96.203080 -22.199601 -15.851566
v -96.141281 -24.013849 -18.695650
v -96.084440 -26.012848 -21.311589
v -96.031590 -28.167036 -23.743851
v -95.979580 -30.358175 -26.137445
v -95.932947 -32.741455 -28.283558
v -95.896229 -35.472065 -29.973381
v -95.872073 -39.019271 -31.085107
v -95.857579 -43.157679 -31.752142
v -95.848966 -47.000486 -32.148496
v -95.842455 -49.660891 -32.448179
v -88.291556 -8.542472 -37.134858
v -88.284966 -5.279921 -37.418074
v -88.274478 -0.035719 -37.868825
v -88.269559 6.111554 -38.080240
v -88.279676 12.047010 -37.645444
v -88.308355 17.553724 -36.412857
v -88.350215 22.963602 -34.613839
v -88.401355 27.951550 -32.415926
v -88.457879 32.187710 -29.986654
v -88.522199 35.452259 -27.222309
v -88.595244 37.685069 -24.083003
v -88.670888 38.817129 -20.832006
v -88.743005 38.810348 -17.732589
v -88.814332 37.461000 -14.667079
v -88.886681 34.773084 -11.557690
v -88.952533 31.077650 -8.727527
v -89.004370 26.745485 -6.499697
v -89.040938 21.926075 -4.928050
v -89.065998 16.593356 -3.851032
v -89.079549 10.898596 -3.268645
v -89.081591 5.007097 -3.180888
v -89.071149 -1.071643 -3.629645
v -89.048549 -7.120116 -4.600955
v -89.015739 -12.669013 -6.011050
v -88.974669 -17.272883 -7.776162
v -88.921347 -20.635676 -10.067816
v -88.856238 -22.912131 -12.866066
v -88.787973 -24.784611 -15.799942
v -88.725184 -26.847770 -18.498468
v -88.666804 -29.071101 -21.007520
v -88.609352 -31.332568 -23.476682
v -88.557840 -33.792343 -25.690551
v -88.517280 -36.610596 -27.433724
v -88.490596 -40.271656 -28.580548
v -88.474586 -44.542892 -29.268642
v -88.465072 -48.509040 -29.677510
v -88.457879 -51.254834 -29.986654
v -80.893051 -8.687439 -34.790936
v -80.885909 -5.359958 -35.078811
v -80.874543 0.001373 -35.536979
v -80.869212 6.298023 -35.751872
v -80.880176 12.393553 -35.309923
v -80.911257 18.063883 -34.057057
v -80.956622 23.642450 -32.228442
v -81.012046 28.794147 -29.994368
v -81.073304 33.178895 -27.525129
v -81.143011 36.568653 -24.715304
v -81.222173 38.898190 -21.524350
v -81.304152 40.093888 -18.219867
v -81.382308 40.114407 -15.069458
v -81.459610 38.750963 -11.953513
v -81.538018 36.007107 -8.792968
v -81.609384 32.220112 -5.916243
v -81.665563 27.768744 -3.651760
v -81.705194 22.807696 -2.054256
v -81.732353 17.313962 -0.959519
v -81.747038 11.445502 -0.367550
v -81.749251 5.374927 -0.278350
v -81.737935 -0.883477 -0.734490
v -81.713442 -7.104038 -1.721780
v -81.677884 -12.805423 -3.155074
v -81.633375 -17.531210 -4.949226
v -81.575587 -20.977764 -7.278582
v -81.505025 -23.300953 -10.122870
v -81.431043 -25.205208 -13.105014
v -81.362996 -27.303380 -15.847938
v -81.299726 -29.564441 -18.398269
v -81.237462 -31.864286 -20.908054
v -81.181636 -34.365803 -23.158346
v -81.137680 -37.231882 -24.930197
v -81.108761 -40.955070 -26.095889
v -81.091409 -45.298790 -26.795304
v -81.081099 -49.332244 -27.210899
v -81.073304 -52.124635 -27.525129
v -73.497470 -8.682850 -32.321873
v -73.489892 -5.359745 -32.609449
v -73.477832 -0.008949 -33.067141
v -73.472175 6.272038 -33.281811
v -73.483808 12.348098 -32.840320
v -73.516788 17.996221 -31.588755
v -73.564923 23.550790 -29.762037
v -73.623730 28.678108 -27.530281
v -73.688728 33.039539 -25.063603
v -73.762692 36.408392 -22.256695
v -73.846687 38.720590 -19.069051
v -73.933672 39.903491 -15.767996
v -74.016600 39.916494 -12.620856
v -74.098622 38.551359 -9.508144
v -74.181817 35.811780 -6.350878
v -74.257541 32.034685 -3.477138
v -74.317149 27.598177 -1.215005
v -74.359201 22.656137 0.380843
v -74.388018 17.184613 1.474443
v -74.403600 11.340352 2.065798
v -74.405948 5.294641 2.154906
v -74.393941 -0.939510 1.699239
v -74.367952 -7.137771 0.712973
v -74.330224 -12.820175 -0.718834
v -74.282996 -17.531477 -2.511124
v -74.221680 -20.968901 -4.838064
v -74.146810 -23.288644 -7.679401
v -74.068310 -25.191894 -10.658450
v -73.996108 -27.288957 -13.398528
v -73.928976 -29.548824 -15.946213
v -73.862910 -31.847454 -18.453394
v -73.803676 -34.347649 -20.701351
v -73.757035 -37.212215 -22.471364
v -73.726350 -40.933436 -23.635847
v -73.707940 -45.274861 -24.334536
v -73.697000 -49.306184 -24.749699
v -73.688728 -52.097100 -25.063603
v -66.105679 -8.516103 -29.717329
v -66.097816 -5.274915 -29.999239
v -66.085300 -0.080117 -30.447913
v -66.079430 5.994981 -30.658353
v -66.091503 11.842045 -30.225561
v -66.125726 17.248917 -28.998657
v -66.175677 22.551321 -27.207933
v -66.236703 27.430476 -25.020152
v -66.304153 31.563004 -22.602078
v -66.380906 34.735054 -19.850477
v -66.468071 36.891503 -16.725643
v -66.558336 37.967618 -13.489634
v -66.644393 37.928489 -10.404506
v -66.729509 36.572913 -7.353127
v -66.815843 33.905485 -4.258072
v -66.894424 30.255520 -1.440957
v -66.956280 25.990668 0.776603
v -66.999918 21.256800 2.341005
v -67.029822 16.023800 3.413057
v -67.045992 10.437602 3.992760
v -67.048429 4.657676 4.080112
v -67.035969 -1.311969 3.633424
v -67.009000 -7.259779 2.666591
v -66.969848 -12.722688 1.262997
v -66.920839 -17.260647 -0.493978
v -66.857210 -20.581541 -2.775067
v -66.779515 -22.841405 -5.560417
v -66.698054 -24.708104 -8.480767
v -66.623128 -26.764895 -11.166854
v -66.553463 -28.981363 -13.664339
v -66.484906 -31.235849 -16.122118
v -66.423436 -33.688031 -18.325781
v -66.375036 -36.497584 -20.060917
v -66.343194 -40.147343 -21.202454
v -66.324089 -44.405394 -21.887377
v -66.312736 -48.359299 -22.294360
v -66.304153 -51.096618 -22.602078
v -58.718173 -8.192456 -26.981903
v -58.710193 -5.107166 -27.252961
v -58.697493 -0.206038 -27.684363
v -58.691536 5.484037 -27.886702
v -58.703786 10.905860 -27.470571
v -58.738515 15.867206 -26.290896
v -58.789204 20.705079 -24.569106
v -58.851131 25.128190 -22.465543
v -58.919577 28.841276 -20.140553
v -58.997465 31.653956 -17.494875
v -59.085916 33.527166 -14.490331
v -59.177515 34.410404 -11.378891
v -59.264843 34.278974 -8.412524
v -59.351216 32.944802 -5.478608
v -59.438825 30.414070 -2.502697
v -59.518566 27.001512 0.205974
v -59.581336 23.055036 2.338169
v -59.625619 18.705829 3.842350
v -59.655964 13.912947 4.873133
v -59.672373 8.802671 5.430520
v -59.674846 3.512997 5.514510
v -59.662202 -1.968043 5.085017
v -59.634835 -7.452238 4.155403
v -59.595104 -12.508012 2.805839
v -59.545371 -16.723708 1.116499
v -59.480803 -19.827072 -1.076780
v -59.401960 -21.973336 -3.754909
v -59.319297 -23.769093 -6.562840
v -59.243264 -25.747718 -9.145526
v -59.172570 -27.879950 -11.546870
v -59.103000 -30.048757 -13.910038
v -59.040623 -32.407745 -16.028871
v -58.991508 -35.110524 -17.697214
v -58.959195 -38.621576 -18.794808
v -58.939808 -42.717804 -19.453364
v -58.928288 -46.521444 -19.844680
v -58.919577 -49.154734 -20.140553
v -51.334966 -7.734532 -24.134680
v -51.327041 -4.864334 -24.390456
v -51.314427 -0.362573 -24.797537
v -51.308510 4.808589 -24.988468
v -51.320678 9.662793 -24.595798
v -51.355171 14.034028 -23.482630
v -51.405514 18.258751 -21.857910
v -51.467021 22.081996 -19.872941
v -51.535002 25.245624 -17.679028
v -51.612360 27.589887 -15.182506
v -51.700210 29.096104 -12.347351
v -51.791186 29.731931 -9.411327
v -51.877921 29.485632 -6.612196
v -51.963706 28.186795 -3.843687
v -52.050720 25.843548 -1.035551
v -52.129919 22.750344 1.520412
v -52.192263 19.228121 3.532399
v -52.236244 15.388826 4.951778
v -52.266383 11.178204 5.924449
v -52.282681 6.697093 6.450411
v -52.285137 2.055688 6.529666
v -52.272579 -2.777925 6.124387
v -52.245398 -7.646000 5.247182
v -52.205937 -12.159187 3.973704
v -52.156542 -15.944040 2.379604
v -52.092412 -18.754938 0.309977
v -52.014106 -20.745121 -2.217166
v -51.932004 -22.440503 -4.866793
v -51.856488 -24.308530 -7.303873
v -51.786275 -26.321581 -9.569836
v -51.717178 -28.369160 -11.799774
v -51.655225 -30.596291 -13.799152
v -51.606443 -33.147996 -15.373438
v -51.574351 -36.462796 -16.409152
v -51.555095 -40.330062 -17.030581
v -51.543653 -43.921095 -17.399835
v -51.535002 -46.407194 -17.679028
v -43.955558 -7.179800 -21.207085
v -43.947837 -4.561044 -21.444396
v -43.935549 -0.516253 -21.822087
v -43.929786 4.069261 -21.999234
v -43.941639 8.292439 -21.634913
v -43.975241 12.015718 -20.602111
v -44.024284 15.570980 -19.094688
v -44.084202 18.742974 -17.253025
v -44.150427 21.314122 -15.217503
v -44.225786 23.157511 -12.901219
v -44.311367 24.275255 -10.270749
v -44.399993 24.653729 -7.546693
v -44.484487 24.294422 -4.949647
v -44.568056 23.046783 -2.381012
v -44.652822 20.920812 0.224390
v -44.729976 18.186964 2.595823
v -44.790709 15.135121 4.462554
v -44.833554 11.856465 5.779460
v -44.862915 8.283951 6.681908
v -44.878791 4.491532 7.169899
v -44.881184 0.560023 7.243432
v -44.868950 -3.562248 6.867412
v -44.842471 -7.750172 6.053537
v -44.804030 -11.661679 4.871998
v -44.755911 -14.966361 3.392986
v -44.693438 -17.448419 1.472776
v -44.617154 -19.257248 -0.871918
v -44.537173 -20.831035 -3.330254
v -44.463608 -22.565085 -5.591388
v -44.395208 -24.433756 -7.693758
v -44.327896 -26.334480 -9.762704
v -44.267543 -28.401877 -11.617737
v -44.220022 -30.770570 -13.078366
v -44.188759 -33.847627 -14.039306
v -44.170000 -37.437527 -14.615871
v -44.158854 -40.771005 -14.958467
v -44.150427 -43.078798 -15.217503
v -36.578954 -6.576303 -18.239304
v -36.571549 -4.219129 -18.456556
v -36.559764 -0.636286 -18.802324
v -36.554236 3.368460 -18.964499
v -36.565605 6.979379 -18.630970
v -36.597832 10.085515 -17.685464
v -36.644869 13.008639 -16.305452
v -36.702335 15.571085 -14.619452
v -36.765851 17.593613 -12.755978
v -36.838128 18.979422 -10.635473
v -36.920208 19.748145 -8.227338
v -37.005208 19.902215 -5.733526
v -37.086246 19.454259 -3.355989
v -37.166396 18.273330 -1.004462
v -37.247694 16.370819 1.380723
v -37.321692 13.991830 3.551717
v -37.379941 11.394566 5.260666
v -37.421033 8.650964 6.466264
v -37.449193 5.684442 7.292435
v -37.464420 2.544861 7.739179
v -37.466714 -0.713291 7.806497
v -37.454981 -4.157392 7.462259
v -37.429585 -7.692245 6.717175
v -37.392717 -11.022135 5.635503
v -37.346566 -13.859212 4.281501
v -37.286649 -16.016915 2.523593
v -37.213486 -17.638583 0.377079
v -37.136777 -19.080086 -1.873472
v -37.066221 -20.668380 -3.943489
v -37.000619 -22.379980 -5.868161
v -36.936061 -24.120939 -7.762234
v -36.878177 -26.014562 -9.460474
v -36.832600 -28.184155 -10.797647
v -36.802615 -31.002570 -11.677366
v -36.784624 -34.290721 -12.205197
v -36.773934 -37.344005 -12.518836
v -36.765851 -39.457816 -12.755978
v -29.203764 -5.977167 -15.275672
v -29.196731 -3.866736 -15.473030
v -29.185538 -0.704417 -15.787136
v -29.180288 2.784757 -15.934460
v -29.191085 5.868185 -15.631473
v -29.221694 8.456627 -14.772546
v -29.266369 10.856266 -13.518902
v -29.320950 12.920657 -11.987289
v -29.381276 14.502364 -10.294453
v -29.449923 15.528407 -8.368122
v -29.527881 16.030283 -6.180499
v -29.608613 16.021714 -3.915045
v -29.685581 15.522864 -1.755220
v -29.761707 14.420080 0.380978
v -29.838922 12.725435 2.547753
v -29.909204 10.659685 4.519949
v -29.964527 8.451866 6.072410
v -30.003556 6.158425 7.167611
v -30.030302 3.698050 7.918130
v -30.044764 1.102268 8.323966
v -30.046943 -1.594472 8.385119
v -30.035799 -4.468880 8.072403
v -30.011679 -7.449394 7.395547
v -29.976662 -10.280826 6.412923
v -29.932829 -12.712958 5.182907
v -29.875920 -14.584788 3.585970
v -29.806431 -16.031615 1.636012
v -29.733574 -17.341789 -0.408456
v -29.666562 -18.785381 -2.288922
v -29.604255 -20.341046 -4.037352
v -29.542938 -21.923394 -5.757985
v -29.487961 -23.644498 -7.300718
v -29.444673 -25.616429 -8.515446
v -29.416194 -28.178072 -9.314609
v -29.399106 -31.166655 -9.794107
v -29.388953 -33.941768 -10.079026
v -29.381276 -35.863001 -10.294453
v -21.828357 -5.434506 -12.359591
v -21.821687 -3.535490 -12.538939
v -21.811072 -0.718549 -12.824382
v -21.806093 2.360515 -12.958262
v -21.816332 5.041072 -12.682924
v -21.845360 7.249173 -11.902377
v -21.887728 9.271699 -10.763133
v -21.939490 10.984814 -9.371286
v -21.996700 12.264049 -7.832927
v -22.061802 13.052339 -6.082382
v -22.135734 13.386776 -4.094389
v -22.212296 13.286965 -2.035666
v -22.285289 12.776618 -0.072933
v -22.357483 11.755722 1.868328
v -22.430711 10.236319 3.837376
v -22.497362 8.417874 5.629601
v -22.549829 6.505132 7.040394
v -22.586842 4.543884 8.035654
v -22.612206 2.452952 8.717685
v -22.625921 0.252456 9.086487
v -22.627988 -2.035613 9.142060
v -22.617420 -4.490582 8.857880
v -22.594545 -7.056653 8.242789
v -22.561336 -9.510217 7.349834
v -22.519767 -11.630836 6.232062
v -22.465798 -13.277431 4.780852
v -22.399898 -14.576121 3.008835
v -22.330804 -15.767345 1.150933
v -22.267252 -17.079875 -0.557933
v -22.208163 -18.494302 -2.146812
v -22.150013 -19.932991 -3.710431
v -22.097875 -21.497837 -5.112383
v -22.056823 -23.290739 -6.216262
v -22.029815 -25.619813 -6.942498
v -22.013610 -28.337066 -7.378240
v -22.003981 -30.860229 -7.637159
v -21.996700 -32.607035 -7.832927
v -14.451060 -4.993455 -9.528565
v -14.444678 -3.255978 -9.693274
v -14.434522 -0.689476 -9.955416
v -14.429758 2.104747 -10.078368
v -14.439555 4.521720 -9.825505
v -14.467328 6.496187 -9.108673
v -14.507864 8.294931 -8.062423
v -14.557388 9.807652 -6.784188
v -14.612125 10.923571 -5.371402
v -14.674412 11.593733 -3.763750
v -14.745148 11.855388 -1.938032
v -14.818400 11.729216 -0.047358
v -14.888237 11.239021 1.755162
v -14.957310 10.294150 3.537963
v -15.027371 8.906068 5.346282
v -15.091141 7.257581 6.992212
v -15.141339 5.535513 8.287846
v -15.176752 3.779863 9.201865
v -15.201020 1.913326 9.828223
v -15.214142 -0.048807 10.166920
v -15.216120 -2.089826 10.217957
v -15.206008 -4.286208 9.956974
v -15.184122 -6.590153 9.392092
v -15.152350 -8.799350 8.572027
v -15.112578 -10.713898 7.545495
v -15.060941 -12.206152 6.212744
v -14.997891 -13.393159 4.585373
v -14.931784 -14.487707 2.879127
v -14.870980 -15.693715 1.309752
v -14.814445 -16.993351 -0.149431
v -14.758809 -18.315279 -1.585415
v -14.708926 -19.753126 -2.872929
v -14.669648 -21.400521 -3.886701
v -14.643808 -23.540573 -4.553657
v -14.628303 -26.037300 -4.953830
v -14.619091 -28.355690 -5.191614
v -14.612125 -29.960729 -5.371402
v -7.070376 -4.687026 -6.809933
v -7.064148 -3.052718 -6.964456
v -7.054237 -0.633554 -7.210385
v -7.049589 2.005469 -7.325733
v -7.059149 4.295551 -7.088509
v -7.086251 6.174189 -6.416010
v -7.125808 7.890312 -5.434467
v -7.174135 9.338766 -4.235287
v -7.227549 10.413900 -2.909877
v -7.288331 11.068144 -1.401652
v -7.357358 11.334987 0.311151
v -7.428841 11.232599 2.084894
v -7.496990 10.782385 3.775933
v -7.564394 9.898675 5.448474
v -7.632763 8.592046 7.144955
v -7.694992 7.034303 8.689090
v -7.743977 5.401415 9.904593
v -7.778535 3.731891 10.762083
v -7.802216 1.954433 11.349703
v -7.815021 0.084884 11.667453
v -7.816951 -1.859446 11.715334
v -7.807084 -3.948670 11.470492
v -7.785727 -6.136307 10.940546
v -7.754722 -8.230993 10.171199
v -7.715911 -10.043864 9.208155
v -7.665522 -11.454183 7.957830
v -7.603995 -12.571274 6.431106
v -7.539485 -13.598653 4.830385
v -7.480150 -14.730653 3.358070
v -7.424981 -15.950536 1.989133
v -7.370690 -17.191342 0.641960
v -7.322012 -18.540955 -0.565926
v -7.283683 -20.087255 -1.517000
v -7.258467 -22.095980 -2.142706
v -7.243337 -24.439493 -2.518130
v -7.234347 -26.615612 -2.741208
v -7.227549 -28.122156 -2.909877
v 0.314809 -4.532392 -4.217806
v 0.321060 -2.940108 -4.367154
v 0.331010 -0.565768 -4.604848
v 0.335676 2.042224 -4.716333
v 0.326079 4.330560 -4.487053
v 0.298872 6.234482 -3.837074
v 0.259162 7.989602 -2.888400
v 0.210648 9.488648 -1.729377
v 0.157026 10.623698 -0.448352
v 0.096008 11.343176 1.009367
v 0.026714 11.674390 2.664813
v -0.045045 11.630629 4.379157
v -0.113459 11.229364 6.013569
v -0.181124 10.385757 7.630101
v -0.249758 9.109395 9.269771
v -0.312229 7.567167 10.762197
v -0.361404 5.931333 11.936996
v -0.396095 4.242455 12.765771
v -0.419868 2.435939 13.333714
v -0.432723 0.532234 13.640823
v -0.434660 -1.446318 13.687100
v -0.424755 -3.561763 13.450457
v -0.403315 -5.763592 12.938258
v -0.372190 -7.861703 12.194674
v -0.333228 -9.669222 11.263880
v -0.282644 -11.066211 10.055425
v -0.220878 -12.156522 8.579827
v -0.156119 -13.150006 7.032710
v -0.096554 -14.244659 5.609699
v -0.041171 -15.424295 4.286604
v 0.013331 -16.624165 2.984544
v 0.062198 -17.929251 1.817107
v 0.100675 -19.424536 0.897882
v 0.125989 -21.366989 0.293128
v 0.141177 -23.633185 -0.069724
v 0.150202 -25.737510 -0.285331
v 0.157026 -27.194350 -0.448352
v 7.705058 -4.529029 -1.751554
v 7.711534 -2.920483 -1.900715
v 7.721841 -0.496596 -2.138111
v 7.726676 2.191638 -2.249456
v 7.716733 4.586513 -2.020463
v 7.688548 6.616990 -1.371300
v 7.647410 8.511027 -0.423815
v 7.597151 10.153228 0.733754
v 7.541601 11.427319 2.013173
v 7.478390 12.273580 3.469064
v 7.406604 12.711854 5.122435
v 7.332264 12.749148 6.834629
v 7.261391 12.398181 8.466991
v 7.191292 11.571253 10.081496
v 7.120191 10.277007 11.719111
v 7.055474 8.683309 13.209665
v 7.004531 6.965367 14.382991
v 6.968592 5.168585 15.210727
v 6.943964 3.234801 15.777957
v 6.930647 1.191967 16.084682
v 6.928640 -0.929371 16.130900
v 6.938902 -3.182780 15.894555
v 6.961112 -5.509628 15.382997
v 6.993357 -7.712550 14.640346
v 7.033719 -9.598588 13.710719
v 7.086122 -11.043226 12.503779
v 7.150109 -12.147503 11.030031
v 7.217197 -13.140250 9.484854
v 7.278904 -14.234092 8.063628
v 7.336278 -15.412852 6.742192
v 7.392739 -16.611832 5.441764
v 7.443363 -17.915950 4.275791
v 7.483224 -19.410125 3.357719
v 7.509448 -21.351137 2.753724
v 7.525183 -23.615652 2.391327
v 7.534532 -25.718415 2.175989
v 7.541601 -27.174175 2.013173
v 15.100279 -4.658947 0.603963
v 15.107177 -2.984548 0.450603
v 15.118155 -0.433150 0.206522
v 15.123304 2.425056 0.092041
v 15.112714 5.010937 0.327482
v 15.082694 7.244266 0.994925
v 15.038877 9.351081 1.969089
v 14.985344 11.203413 3.159253
v 14.926177 12.672119 4.474698
v 14.858848 13.686524 5.971584
v 14.782387 14.258628 7.671511
v 14.703206 14.388547 9.431918
v 14.627717 14.084012 11.110244
v 14.553053 13.251504 12.770211
v 14.477321 11.898853 14.453937
v 14.408389 10.199984 15.986463
v 14.354128 8.338607 17.192828
v 14.315849 6.366936 18.043871
v 14.289617 4.232352 18.627074
v 14.275433 1.972108 18.942435
v 14.273295 -0.373090 18.989955
v 14.284225 -2.848813 18.746954
v 14.307883 -5.385527 18.220992
v 14.342227 -7.771835 17.457429
v 14.385218 -9.802219 16.501625
v 14.441033 -11.343311 15.260700
v 14.509188 -12.495961 13.745454
v 14.580645 -13.517186 12.156768
v 14.646371 -14.642405 10.695523
v 14.707481 -15.854979 9.336877
v 14.767620 -17.088352 7.999832
v 14.821541 -18.429879 6.801027
v 14.863998 -19.966915 5.857104
v 14.891930 -21.963607 5.236101
v 14.908689 -24.293080 4.863500
v 14.918647 -26.456163 4.642099
v 14.926177 -27.953682 4.474698
v 22.499700 -4.888960 2.876473
v 22.507186 -3.113558 2.715623
v 22.519101 -0.382255 2.459623
v 22.524689 2.703452 2.339553
v 22.513196 5.530788 2.586491
v 22.480615 8.008909 3.286526
v 22.433062 10.367148 4.308260
v 22.374965 12.462598 5.556543
v 22.310752 14.150872 6.936223
v 22.237683 15.349206 8.506205
v 22.154702 16.062366 10.289143
v 22.068768 16.283878 12.135513
v 21.986842 16.016872 13.895796
v 21.905812 15.160141 15.636822
v 21.823621 13.720912 17.402768
v 21.748812 11.882856 19.010130
v 21.689924 9.841987 20.275404
v 21.648381 7.658218 21.168006
v 21.619912 5.283044 21.779687
v 21.604518 2.763461 22.110448
v 21.602198 0.150826 22.160288
v 21.614060 -2.593814 21.905421
v 21.639735 -5.388916 21.353775
v 21.677008 -8.004859 20.552926
v 21.723665 -10.219441 19.550449
v 21.784240 -11.887800 18.248927
v 21.858206 -13.112890 16.659689
v 21.935756 -14.184532 14.993424
v 22.007086 -15.365303 13.460823
v 22.073408 -16.637743 12.035832
v 22.138675 -17.932008 10.633496
v 22.197194 -19.339766 9.376152
v 22.243271 -20.952687 8.386134
v 22.273585 -23.047955 7.734807
v 22.291773 -25.492435 7.344011
v 22.302581 -27.762310 7.111799
v 22.310752 -29.333761 6.936223
v 29.901937 -5.174750 5.102886
v 29.910123 -3.282229 4.932721
v 29.923151 -0.352038 4.661896
v 29.929262 2.976872 4.534871
v 29.916694 6.052231 4.796110
v 29.881068 8.773048 5.536686
v 29.829070 11.376339 6.617592
v 29.765542 13.704576 7.938166
v 29.695328 15.598481 9.397749
v 29.615428 16.964201 11.058653
v 29.524691 17.801087 12.944845
v 29.430725 18.097489 14.898145
v 29.341141 17.853101 16.760370
v 29.252537 16.958562 18.602224
v 29.162664 15.420805 20.470441
v 29.080862 13.435078 22.170890
v 29.016470 11.211208 23.509440
v 28.971044 8.816333 24.453735
v 28.939914 6.203992 25.100840
v 28.923081 3.429679 25.450756
v 28.920544 0.554035 25.503483
v 28.933515 -2.457721 25.233856
v 28.961589 -5.513041 24.650263
v 29.002346 -8.363222 23.803034
v 29.053364 -10.768314 22.742500
v 29.119601 -12.571419 21.365604
v 29.200481 -13.879418 19.684328
v 29.285281 -15.013705 17.921565
v 29.363278 -16.263500 16.300206
v 29.435798 -17.610321 14.792690
v 29.507166 -18.980243 13.309141
v 29.571155 -20.470294 11.978980
v 29.621539 -22.177499 10.931628
v 29.654686 -24.395249 10.242581
v 29.674575 -26.982624 9.829152
v 29.686392 -29.385187 9.583492
v 29.695328 -31.048499 9.397749
v 37.305138 -5.466225 7.324826
v 37.314062 -3.461552 7.145169
v 37.328265 -0.349979 6.859236
v 37.334927 3.192598 6.725126
v 37.321226 6.475640 7.000937
v 37.282388 9.390450 7.782826
v 37.225703 12.185015 8.924029
v 37.156448 14.690322 10.318270
v 37.079903 16.735438 11.859274
v 36.992801 18.218616 13.612830
v 36.893883 19.136803 15.604241
v 36.791446 19.475695 17.666504
v 36.693786 19.233459 19.632612
v 36.597194 18.293644 21.577212
v 36.499219 16.663276 23.549646
v 36.410042 14.548950 25.344953
v 36.339845 12.173291 26.758172
v 36.290323 9.608770 27.755143
v 36.256387 6.808342 28.438347
v 36.238037 3.833019 28.807783
v 36.235272 0.749476 28.863451
v 36.249412 -2.476344 28.578783
v 36.280017 -5.744080 27.962635
v 36.324448 -8.788664 27.068144
v 36.380066 -11.354651 25.948449
v 36.452274 -13.274819 24.494744
v 36.540445 -14.661196 22.719680
v 36.632889 -15.859373 20.858583
v 36.717918 -17.179564 19.146778
v 36.796977 -18.602247 17.555167
v 36.874778 -20.049332 15.988860
v 36.944536 -21.623312 14.584497
v 36.999462 -23.426679 13.478719
v 37.035598 -25.769347 12.751234
v 37.057279 -28.502459 12.314743
v 37.070162 -31.040349 12.055378
v 37.079903 -32.797350 11.859274
v 44.707210 -5.713557 9.583615
v 44.716827 -3.621313 9.395925
v 44.732133 -0.378172 9.097208
v 44.739312 3.309926 8.957101
v 44.724548 6.722061 9.245245
v 44.682693 9.745758 10.062092
v 44.621604 12.641566 11.254318
v 44.546969 15.234300 12.710897
v 44.464479 17.346808 14.320799
v 44.370610 18.874212 16.152757
v 44.264009 19.814656 18.233205
v 44.153615 20.154319 20.387672
v 44.048368 19.892135 22.441686
v 43.944273 18.906911 24.473229
v 43.838687 17.206157 26.533852
v 43.742583 15.005621 28.409427
v 43.666933 12.537446 29.885832
v 43.613565 9.876508 30.927378
v 43.576993 6.972485 31.641128
v 43.557216 3.887798 32.027082
v 43.554236 0.690662 32.085239
v 43.569475 -2.656037 31.787843
v 43.602458 -6.048865 31.144147
v 43.650340 -9.212089 30.209663
v 43.710278 -11.879825 29.039906
v 43.788096 -13.878125 27.521205
v 43.883116 -15.324577 25.666778
v 43.982741 -16.576968 23.722470
v 44.074375 -17.956894 21.934130
v 44.159575 -19.443949 20.271358
v 44.243420 -20.956511 18.635020
v 44.318596 -22.601710 17.167868
v 44.377789 -24.486674 16.012650
v 44.416732 -26.935341 15.252639
v 44.440097 -29.792120 14.796632
v 44.453981 -32.444843 14.525672
v 44.464479 -34.281343 14.320799
v 52.106075 -5.873176 11.915301
v 52.116259 -3.732679 11.722467
v 52.132466 -0.428933 11.415562
v 52.140068 3.314155 11.271616
v 52.124434 6.758334 11.567657
v 52.080115 9.791686 12.406892
v 52.015429 12.686416 13.631796
v 51.936401 15.267237 15.128297
v 51.849054 17.356980 16.782324
v 51.749659 18.852619 18.664493
v 51.636782 19.756599 20.801963
v 51.519889 20.058382 23.015481
v 51.408446 19.759642 25.125792
v 51.298222 18.737507 27.213016
v 51.186421 17.000250 29.330117
v 51.084659 14.768999 31.257099
v 51.004555 12.280585 32.773970
v 50.948045 9.609127 33.844063
v 50.909320 6.699165 34.577376
v 50.888380 3.610469 34.973908
v 50.885224 0.408352 35.033659
v 50.901360 -2.950265 34.728112
v 50.936284 -6.363830 34.066773
v 50.986986 -9.553238 33.106677
v 51.050452 -12.248811 31.904859
v 51.132851 -14.274473 30.344533
v 51.233465 -15.752696 28.439278
v 51.338956 -17.040075 26.441680
v 51.435984 -18.458552 24.604325
v 51.526200 -19.987150 22.895978
v 51.614981 -21.541969 21.214791
v 51.694583 -23.233129 19.707426
v 51.757261 -25.170752 18.520546
v 51.798496 -27.687827 17.739704
v 51.823237 -30.624415 17.271199
v 51.837938 -33.351247 16.992812
v 51.849054 -35.239053 16.782324
v 59.499954 -5.913017 14.346330
v 59.510506 -3.771299 14.152288
v 59.527300 -0.484261 13.843460
v 59.535177 3.221567 13.698612
v 59.518977 6.606589 13.996508
v 59.473054 9.562953 14.841002
v 59.406027 12.370416 16.073580
v 59.324138 14.858753 17.579458
v 59.233629 16.856024 19.243849
v 59.130637 18.264741 21.137812
v 59.013674 19.093042 23.288675
v 58.892550 19.335099 25.516062
v 58.777073 18.996212 27.639596
v 58.662859 17.954904 29.739899
v 58.547011 16.220219 31.870265
v 58.441566 14.013946 33.809322
v 58.358563 11.572177 35.335697
v 58.300007 8.965819 36.412495
v 58.259880 6.134169 37.150403
v 58.238181 3.131670 37.549419
v 58.234912 0.017813 37.609545
v 58.251631 -3.257206 37.302084
v 58.287820 -6.597365 36.636600
v 58.340357 -9.727313 35.670488
v 58.406121 -12.380286 34.461140
v 58.491502 -14.382571 32.891037
v 58.595758 -15.859556 30.973844
v 58.705067 -17.155669 28.963730
v 58.805608 -18.583768 27.114862
v 58.899089 -20.122736 25.395811
v 58.991084 -21.688102 23.704090
v 59.073567 -23.390734 22.187280
v 59.138513 -25.341502 20.992963
v 59.181241 -27.875652 20.207228
v 59.206878 -30.832160 19.735787
v 59.222111 -33.577490 19.455656
v 59.233629 -35.478102 19.243849
v 66.887615 -5.816413 16.890347
v 66.898289 -3.720935 16.699573
v 66.915278 -0.520688 16.395947
v 66.923246 3.071602 16.253539
v 66.906858 6.331520 16.546417
v 66.860403 9.157058 17.376687
v 66.792600 11.828228 18.588504
v 66.709762 14.182874 20.069018
v 66.618205 16.057306 21.705374
v 66.514019 17.360902 23.567436
v 66.395701 18.106469 25.682071
v 66.273174 18.292321 27.871941
v 66.156359 17.926726 29.959706
v 66.040823 16.892078 32.024633
v 65.923632 15.197877 34.119116
v 65.816966 13.061580 36.025512
v 65.733001 10.713436 37.526177
v 65.673767 8.220054 38.584838
v 65.633175 5.517606 39.310316
v 65.611225 2.654794 39.702612
v 65.607917 -0.315161 39.761725
v 65.624831 -3.446691 39.459443
v 65.661439 -6.650603 38.805169
v 65.714584 -9.660820 37.855329
v 65.781110 -12.218948 36.666351
v 65.867480 -14.157124 35.122694
v 65.972944 -15.600451 33.237794
v 66.083519 -16.875388 31.261537
v 66.185225 -18.280156 29.443810
v 66.279789 -19.793981 27.753714
v 66.372849 -21.333773 26.090488
v 66.456288 -23.008588 24.599227
v 66.521987 -24.927485 23.425027
v 66.565210 -27.420233 22.652527
v 66.591144 -30.328440 22.189027
v 66.606553 -33.028918 21.913613
v 66.618205 -34.898479 21.705374
v 74.268572 -5.584154 19.546524
v 74.279103 -3.576907 19.363463
v 74.295863 -0.517850 19.072111
v 74.303724 2.909534 18.935459
v 74.287557 6.011013 19.216498
v 74.241726 8.690305 20.013203
v 74.174833 11.218195 21.176032
v 74.093108 13.441142 22.596694
v 74.002780 15.204196 24.166899
v 73.899994 16.422489 25.953685
v 73.783265 17.110263 27.982834
v 73.662383 17.267535 30.084177
v 73.547138 16.903482 32.087543
v 73.433153 15.905957 34.068993
v 73.317537 14.284325 36.078804
v 73.212303 12.247074 37.908132
v 73.129466 10.014454 39.348132
v 73.071027 7.649142 40.363996
v 73.030980 5.088192 41.060146
v 73.009326 2.376398 41.436583
v 73.006062 -0.437292 41.493306
v 73.022749 -3.407337 41.203244
v 73.058865 -6.450237 40.575419
v 73.111296 -9.312475 39.663978
v 73.176928 -11.747597 38.523065
v 73.262139 -13.595665 37.041812
v 73.366186 -14.977499 35.233110
v 73.475276 -16.201526 33.336746
v 73.575616 -17.550199 31.592502
v 73.668910 -19.003575 29.970730
v 73.760720 -20.481880 28.374741
v 73.843038 -22.089817 26.943766
v 73.907855 -23.932089 25.817033
v 73.950497 -26.325298 25.075762
v 73.976083 -29.117375 24.631000
v 73.991285 -31.710019 24.366720
v 74.002780 -33.504925 24.166899
v 81.643196 -5.234489 22.299596
v 81.653333 -3.348177 22.128085
v 81.669466 -0.466688 21.855118
v 81.677032 2.768475 21.727089
v 81.661471 5.705242 21.990394
v 81.617355 8.251636 22.736827
v 81.552967 10.659445 23.826281
v 81.474302 12.782510 25.157299
v 81.387356 14.473284 26.628425
v 81.288417 15.649985 28.302464
v 81.176059 16.323933 30.203573
v 81.059703 16.493437 32.172321
v 80.948772 16.165804 34.049274
v 80.839054 15.235116 35.905694
v 80.727767 13.709895 37.788686
v 80.626473 11.785874 39.502583
v 80.546737 9.670350 40.851719
v 80.490486 7.423402 41.803482
v 80.451938 4.987766 42.455705
v 80.431094 2.407479 42.808388
v 80.427953 -0.269334 42.861532
v 80.444015 -3.091425 42.589773
v 80.478779 -5.978300 42.001564
v 80.529247 -8.690297 41.147635
v 80.592422 -10.994701 40.078714
v 80.674443 -12.740314 38.690928
v 80.774595 -14.039648 36.996356
v 80.879601 -15.187029 35.219652
v 80.976183 -16.451252 33.585471
v 81.065984 -17.813621 32.066033
v 81.154358 -19.199359 30.570751
v 81.233594 -20.706611 29.230070
v 81.295984 -22.433525 28.174435
v 81.337030 -24.676878 27.479938
v 81.361657 -27.294123 27.063240
v 81.376291 -29.724421 26.815637
v 81.387356 -31.406936 26.628425
v 89.012726 -4.801059 25.121606
v 89.022266 -3.056984 24.964378
v 89.037450 -0.373042 24.714142
v 89.044572 2.659984 24.596775
v 89.029925 5.440171 24.838153
v 88.988404 7.878093 25.522426
v 88.927803 10.198707 26.521156
v 88.853764 12.261394 27.741333
v 88.771931 13.924076 29.089950
v 88.678811 15.105199 30.624583
v 88.573061 15.809190 32.367377
v 88.463548 16.029477 34.172176
v 88.359141 15.768975 35.892825
v 88.255876 14.928193 37.594651
v 88.151133 13.514200 39.320836
v 88.055796 11.707400 40.892008
v 87.980749 9.700388 42.128794
v 87.927807 7.552166 43.001298
v 87.891526 5.215317 43.599207
v 87.871908 2.736250 43.922521
v 87.868952 0.165678 43.971239
v 87.884068 -2.534366 43.722110
v 87.916788 -5.283525 43.182885
v 87.964289 -7.856057 42.400067
v 88.023748 -10.033540 41.420161
v 88.100945 -11.673561 40.147944
v 88.195207 -12.877127 38.594488
v 88.294037 -13.929502 36.965739
v 88.384940 -15.089044 35.467645
v 88.469460 -16.338605 34.074739
v 88.552636 -17.609600 32.703977
v 88.627213 -18.992048 31.474942
v 88.685933 -20.575969 30.507215
v 88.724565 -22.633565 29.870553
v 88.747744 -25.034095 29.488556
v 88.761517 -27.263158 29.261572
v 88.771931 -28.806356 29.089950
v 96.379160 -4.329007 27.975154
v 96.387982 -2.735704 27.833458
v 96.402022 -0.254736 27.607942
v 96.408607 2.577638 27.502169
v 96.395064 5.212973 27.719702
v 96.356671 7.563124 28.336378
v 96.300635 9.822043 29.236446
v 96.232174 11.853203 30.336085
v 96.156507 13.518481 31.551475
v 96.070402 14.734631 32.934505
v 95.972618 15.496803 34.505133
v 95.871356 15.791625 36.131641
v 95.774815 15.616098 37.682311
v 95.679329 14.877044 39.216018
v 95.582478 13.579721 40.771678
v 95.494323 11.888104 42.187638
v 95.424930 9.979503 43.302244
v 95.375976 7.912903 44.088556
v 95.342429 5.653129 44.627399
v 95.324289 3.250953 44.918774
v 95.321555 0.761860 44.962679
v 95.335533 -1.838370 44.738161
v 95.365788 -4.467593 44.252205
v 95.409710 -6.913471 43.546720
v 95.464690 -8.971673 42.663616
v 95.536071 -10.508245 41.517077
v 95.623231 -11.611015 40.117083
v 95.714616 -12.559918 38.649235
v 95.798670 -13.605450 37.299134
v 95.876823 -14.732151 36.043829
v 95.953733 -15.878179 34.808482
v 96.022691 -17.124701 33.700860
v 96.076987 -18.552886 32.828732
v 96.112709 -20.408175 32.254964
v 96.134142 -22.572678 31.910704
v 96.146877 -24.582574 31.706143
v 96.156507 -25.974041 31.551475
vt 0.83517953 1.07751203
vt 0.83517953 1.07134582
vt 0.83517953 1.06147371
vt 0.83517953 1.04997155
vt 0.83517953 1.03889216
vt 0.83517953 1.02844426
vt 0.83517953 1.01792464
vt 0.83517953 1.00790369
vt 0.83517953 0.99896560
vt 0.83517953 0.99118126
vt 0.83517953 0.98420777
vt 0.83517953 0.97799307
vt 0.83517953 0.97238479
vt 0.83517953 0.96626781
vt 0.83517953 0.95870470
vt 0.83517953 0.95010812
vt 0.83517953 0.94109740
vt 0.83517953 0.93171810
vt 0.83517953 0.92165092
vt 0.83517953 0.91105639
vt 0.83517953 0.90014712
vt 0.83517953 0.88884759
vt 0.83517953 0.87747643
vt 0.83517953 0.86684283
vt 0.83517953 0.85768879
vt 0.83517953 0.85016162
vt 0.83517953 0.84353016
vt 0.83517953 0.83714812
vt 0.83517953 0.83089679
vt 0.83517953 0.82470743
vt 0.83517953 0.81852110
vt 0.83517953 0.81238024
vt 0.83517953 0.80618432
vt 0.83517953 0.79895217
vt 0.83517953 0.79077404
vt 0.83517953 0.78323219
vt 0.83517953 0.77800607
vt 0.85038278 1.08761419
vt 0.85038278 1.08122011
vt 0.85038278 1.07094300
vt 0.85038278 1.05893012
vt 0.85038278 1.04730904
vt 0.85038278 1.03631024
vt 0.85038278 1.02522293
vt 0.85038278 1.01465165
vt 0.85038278 1.00521602
vt 0.85038278 0.99701247
vt 0.85038278 0.98970630
vt 0.85038278 0.98324569
vt 0.85038278 0.97745823
vt 0.85038278 0.97115655
vt 0.85038278 0.96332896
vt 0.85038278 0.95438345
vt 0.85038278 0.94495487
vt 0.85038278 0.93509509
vt 0.85038278 0.92448724
vt 0.85038278 0.91331163
vt 0.85038278 0.90180363
vt 0.85038278 0.88990155
vt 0.85038278 0.87794971
vt 0.85038278 0.86679676
vt 0.85038278 0.85721981
vt 0.85038278 0.84938087
vt 0.85038278 0.84252009
vt 0.85038278 0.83593320
vt 0.85038278 0.82948123
vt 0.85038278 0.82309321
vt 0.85038278 0.81670833
vt 0.85038278 0.81037036
vt 0.85038278 0.80397558
vt 0.85038278 0.79651130
vt 0.85038278 0.78807067
vt 0.85038278 0.78028676
vt 0.85038278 0.77489290
vt 0.86558604 1.09346799
vt 0.86558604 1.08694679
vt 0.86558604 1.07644052
vt 0.86558604 1.06413582
vt 0.86558604 1.05220189
vt 0.86558604 1.04088239
vt 0.86558604 1.02946373
vt 0.86558604 1.01857052
vt 0.86558604 1.00884314
vt 0.86558604 1.00039397
vt 0.86558604 0.99289465
vt 0.86558604 0.98629420
vt 0.86558604 0.98040841
vt 0.86558604 0.97400696
vt 0.86558604 0.96603299
vt 0.86558604 0.95689015
vt 0.86558604 0.94722141
vt 0.86558604 0.93708265
vt 0.86558604 0.92615953
vt 0.86558604 0.91464446
vt 0.86558604 0.90278670
vt 0.86558604 0.89053358
vt 0.86558604 0.87824484
vt 0.86558604 0.86679190
vt 0.86558604 0.85697207
vt 0.86558604 0.84895637
vt 0.86558604 0.84196890
vt 0.86558604 0.83527023
vt 0.86558604 0.82870877
vt 0.86558604 0.82221235
vt 0.86558604 0.81571911
vt 0.86558604 0.80927359
vt 0.86558604 0.80277028
vt 0.86558604 0.79517934
vt 0.86558604 0.78659547
vt 0.86558604 0.77867947
vt 0.86558604 0.77319407
vt 0.88078930 1.09273717
vt 0.88078930 1.08622451
vt 0.88078930 1.07573878
vt 0.88078930 1.06346466
vt 0.88078930 1.05156870
vt 0.88078930 1.04029189
vt 0.88078930 1.02891849
vt 0.88078930 1.01807009
vt 0.88078930 1.00838394
vt 0.88078930 0.99996845
vt 0.88078930 0.99249214
vt 0.88078930 0.98590355
vt 0.88078930 0.98002095
vt 0.88078930 0.97362091
vt 0.88078930 0.96565487
vt 0.88078930 0.95652934
vt 0.88078930 0.94688767
vt 0.88078930 0.93678485
vt 0.88078930 0.92590453
vt 0.88078930 0.91443657
vt 0.88078930 0.90262736
vt 0.88078930 0.89042153
vt 0.88078930 0.87817600
vt 0.88078930 0.86675943
vt 0.88078930 0.85696680
vt 0.88078930 0.84896732
vt 0.88078930 0.84198635
vt 0.88078930 0.83529122
vt 0.88078930 0.82873322
vt 0.88078930 0.82224023
vt 0.88078930 0.81575042
vt 0.88078930 0.80930831
vt 0.88078930 0.80280844
vt 0.88078930 0.79522150
vt 0.88078930 0.78664217
vt 0.88078930 0.77873035
vt 0.88078930 0.77324785
vt 0.89599256 1.08431364
vt 0.89599256 1.07796128
vt 0.89599256 1.06778055
vt 0.89599256 1.05590860
vt 0.89599256 1.04445991
vt 0.89599256 1.03365322
vt 0.89599256 1.02276896
vt 0.89599256 1.01239819
vt 0.89599256 1.00314638
vt 0.89599256 0.99509263
vt 0.89599256 0.98788918
vt 0.89599256 0.98148285
vt 0.89599256 0.97571276
vt 0.89599256 0.96942202
vt 0.89599256 0.96163454
vt 0.89599256 0.95277023
vt 0.89599256 0.94346518
vt 0.89599256 0.93376751
vt 0.89599256 0.92335203
vt 0.89599256 0.91238776
vt 0.89599256 0.90109766
vt 0.89599256 0.88940831
vt 0.89599256 0.87765162
vt 0.89599256 0.86666374
vt 0.89599256 0.85721109
vt 0.89599256 0.84944786
vt 0.89599256 0.84262035
vt 0.89599256 0.83605379
vt 0.89599256 0.82962174
vt 0.89599256 0.82325344
vt 0.89599256 0.81688826
vt 0.89599256 0.81056986
vt 0.89599256 0.80419482
vt 0.89599256 0.79675358
vt 0.89599256 0.78833901
vt 0.89599256 0.78057913
vt 0.89599256 0.77520192
vt 0.91119582 1.06874539
vt 0.91119582 1.06269813
vt 0.91119582 1.05309164
vt 0.91119582 1.04197177
vt 0.91119582 1.03135368
vt 0.91119582 1.02141534
vt 0.91119582 1.01143227
vt 0.91119582 1.00193901
vt 0.91119582 0.99348219
vt 0.91119582 0.98608733
vt 0.91119582 0.97937991
vt 0.91119582 0.97330795
vt 0.91119582 0.96775171
vt 0.91119582 0.96167505
vt 0.91119582 0.95422950
vt 0.91119582 0.94585632
vt 0.91119582 0.93717710
vt 0.91119582 0.92822844
vt 0.91119582 0.91867073
vt 0.91119582 0.90863538
vt 0.91119582 0.89830279
vt 0.91119582 0.88756752
vt 0.91119582 0.87671589
vt 0.91119582 0.86652358
vt 0.91119582 0.85770392
vt 0.91119582 0.85038408
vt 0.91119582 0.84385091
vt 0.91119582 0.83753391
vt 0.91119582 0.83134630
vt 0.91119582 0.82522003
vt 0.91119582 0.81909675
vt 0.91119582 0.81301848
vt 0.91119582 0.80688571
vt 0.91119582 0.79972727
vt 0.91119582 0.79163249
vt 0.91119582 0.78416751
vt 0.91119582 0.77899466
vt 0.92639907 1.04811780
vt 0.92639907 1.04249153
vt 0.92639907 1.03366606
vt 0.92639907 1.02355981
vt 0.92639907 1.01405049
vt 0.92639907 1.00526228
vt 0.92639907 0.99646815
vt 0.92639907 0.98812738
vt 0.92639907 0.98070797
vt 0.92639907 0.97416532
vt 0.92639907 0.96809704
vt 0.92639907 0.96246216
vt 0.92639907 0.95720005
vt 0.92639907 0.95142977
vt 0.92639907 0.94445976
vt 0.92639907 0.93675304
vt 0.92639907 0.92891008
vt 0.92639907 0.92095460
vt 0.92639907 0.91253156
vt 0.92639907 0.90372418
vt 0.92639907 0.89465772
vt 0.92639907 0.88518663
vt 0.92639907 0.87553790
vt 0.92639907 0.86640640
vt 0.92639907 0.85843448
vt 0.92639907 0.85171499
vt 0.92639907 0.84559201
vt 0.92639907 0.83962811
vt 0.92639907 0.83378635
vt 0.92639907 0.82800251
vt 0.92639907 0.82222151
vt 0.92639907 0.81648298
vt 0.92639907 0.81069301
vt 0.92639907 0.80393469
vt 0.92639907 0.79629238
vt 0.92639907 0.78924466
vt 0.92639907 0.78436095
vt 0.94160233 1.02541245
vt 0.94160233 1.02027842
vt 0.94160233 1.01234683
vt 0.94160233 1.00338460
vt 0.94160233 0.99510803
vt 0.94160233 0.98758311
vt 0.94160233 0.98008718
vt 0.94160233 0.97299633
vt 0.94160233 0.96669129
vt 0.94160233 0.96105354
vt 0.94160233 0.95566469
vt 0.94160233 0.95050929
vt 0.94160233 0.94559468
vt 0.94160233 0.94020172
vt 0.94160233 0.93379431
vt 0.94160233 0.92684887
vt 0.94160233 0.91993846
vt 0.94160233 0.91307622
vt 0.94160233 0.90589684
vt 0.94160233 0.89843360
vt 0.94160233 0.89075363
vt 0.94160233 0.88267158
vt 0.94160233 0.87435121
vt 0.94160233 0.86639747
vt 0.94160233 0.85937366
vt 0.94160233 0.85333745
vt 0.94160233 0.84770120
vt 0.94160233 0.84216503
vt 0.94160233 0.83674226
vt 0.94160233 0.83137325
vt 0.94160233 0.82600686
vt 0.94160233 0.82067991
vt 0.94160233 0.81530521
vt 0.94160233 0.80903161
vt 0.94160233 0.80193741
vt 0.94160233 0.79539517
vt 0.94160233 0.79086172
vt 0.95680559 1.00362384
vt 0.95680559 0.99900202
vt 0.95680559 0.99197435
vt 0.95680559 0.98414668
vt 0.95680559 0.97706646
vt 0.95680559 0.97074634
vt 0.95680559 0.96447873
vt 0.95680559 0.95856010
vt 0.95680559 0.95328763
vt 0.95680559 0.94847968
vt 0.95680559 0.94372375
vt 0.95680559 0.93904079
vt 0.95680559 0.93450032
vt 0.95680559 0.92952654
vt 0.95680559 0.92371398
vt 0.95680559 0.91753815
vt 0.95680559 0.91153907
vt 0.95680559 0.90572368
vt 0.95680559 0.89972641
vt 0.95680559 0.89353754
vt 0.95680559 0.88717271
vt 0.95680559 0.88041509
vt 0.95680559 0.87337130
vt 0.95680559 0.86655906
vt 0.95680559 0.86046459
vt 0.95680559 0.85511557
vt 0.95680559 0.84999580
vt 0.95680559 0.84492497
vt 0.95680559 0.83995801
vt 0.95680559 0.83504029
vt 0.95680559 0.83012497
vt 0.95680559 0.82524578
vt 0.95680559 0.82032284
vt 0.95680559 0.81457657
vt 0.95680559 0.80807868
vt 0.95680559 0.80208634
vt 0.95680559 0.79793395
vt 0.97200885 0.98502576
vt 0.97200885 0.98088725
vt 0.97200885 0.97468284
vt 0.97200885 0.96786245
vt 0.97200885 0.96181340
vt 0.97200885 0.95650755
vt 0.97200885 0.95126439
vt 0.97200885 0.94631430
vt 0.97200885 0.94188515
vt 0.97200885 0.93775474
vt 0.97200885 0.93353765
vt 0.97200885 0.92929010
vt 0.97200885 0.92512507
vt 0.97200885 0.92057747
vt 0.97200885 0.91533734
vt 0.97200885 0.90986455
vt 0.97200885 0.90466196
vt 0.97200885 0.89973436
vt 0.97200885 0.89472715
vt 0.97200885 0.88960048
vt 0.97200885 0.88433216
vt 0.97200885 0.87868755
vt 0.97200885 0.87272951
vt 0.97200885 0.86690057
vt 0.97200885 0.86162010
vt 0.97200885 0.85689459
vt 0.97200885 0.85227381
vt 0.97200885 0.84766497
vt 0.97200885 0.84315052
vt 0.97200885 0.83868083
vt 0.97200885 0.83421332
vt 0.97200885 0.82977865
vt 0.97200885 0.82530422
vt 0.97200885 0.82008147
vt 0.97200885 0.81417556
vt 0.97200885 0.80872916
vt 0.97200885 0.80495508
vt 0.98721211 0.97087359
vt 0.98721211 0.96714935
vt 0.98721211 0.96162152
vt 0.98721211 0.95560248
vt 0.98721211 0.95034160
vt 0.98721211 0.94578712
vt 0.98721211 0.94129585
vt 0.98721211 0.93705178
vt 0.98721211 0.93323470
vt 0.98721211 0.92960789
vt 0.98721211 0.92582191
vt 0.98721211 0.92195511
vt 0.98721211 0.91814074
vt 0.98721211 0.91398903
vt 0.98721211 0.90925092
vt 0.98721211 0.90436041
vt 0.98721211 0.89978218
vt 0.98721211 0.89552087
vt 0.98721211 0.89124130
vt 0.98721211 0.88688813
vt 0.98721211 0.88241803
vt 0.98721211 0.87759363
vt 0.98721211 0.87245067
vt 0.98721211 0.86737423
vt 0.98721211 0.86273189
vt 0.98721211 0.85851840
vt 0.98721211 0.85433710
vt 0.98721211 0.85014669
vt 0.98721211 0.84604210
vt 0.98721211 0.84197821
vt 0.98721211 0.83791631
vt 0.98721211 0.83388425
vt 0.98721211 0.82981605
vt 0.98721211 0.82506746
vt 0.98721211 0.81969775
vt 0.98721211 0.81474582
vt 0.98721211 0.81131439
vt 1.00241536 0.96155653
vt 1.00241536 0.95814896
vt 1.00241536 0.95311218
vt 1.00241536 0.94764984
vt 1.00241536 0.94290539
vt 1.00241536 0.93882107
vt 1.00241536 0.93479637
vt 1.00241536 0.93099050
vt 1.00241536 0.92755814
vt 1.00241536 0.92426918
vt 1.00241536 0.92080473
vt 1.00241536 0.91724772
vt 1.00241536 0.91373183
vt 1.00241536 0.90991065
vt 1.00241536 0.90556684
vt 1.00241536 0.90110487
vt 1.00241536 0.89695450
vt 1.00241536 0.89312033
vt 1.00241536 0.88928990
vt 1.00241536 0.88540524
vt 1.00241536 0.88141773
vt 1.00241536 0.87710005
vt 1.00241536 0.87247695
vt 1.00241536 0.86789582
vt 1.00241536 0.86368932
vt 1.00241536 0.85984857
vt 1.00241536 0.85601405
vt 1.00241536 0.85216372
vt 1.00241536 0.84839225
vt 1.00241536 0.84465818
vt 1.00241536 0.84092593
vt 1.00241536 0.83722110
vt 1.00241536 0.83348307
vt 1.00241536 0.82911986
vt 1.00241536 0.82418595
vt 1.00241536 0.81963590
vt 1.00241536 0.81648295
vt 1.01761862 0.95695835
vt 1.01761862 0.95375318
vt 1.01761862 0.94900574
vt 1.01761862 0.94384685
vt 1.01761862 0.93935191
vt 1.01761862 0.93547147
vt 1.01761862 0.93164632
vt 1.01761862 0.92803053
vt 1.01761862 0.92477419
vt 1.01761862 0.92166714
vt 1.01761862 0.91840890
vt 1.01761862 0.91507219
vt 1.01761862 0.91177728
vt 1.01761862 0.90819358
vt 1.01761862 0.90411179
vt 1.01761862 0.89990893
vt 1.01761862 0.89598709
vt 1.01761862 0.89235041
vt 1.01761862 0.88870767
vt 1.01761862 0.88500778
vt 1.01761862 0.88120920
vt 1.01761862 0.87710286
vt 1.01761862 0.87271578
vt 1.01761862 0.86837702
vt 1.01761862 0.86440118
vt 1.01761862 0.86078181
vt 1.01761862 0.85717914
vt 1.01761862 0.85356509
vt 1.01761862 0.85002507
vt 1.01761862 0.84652013
vt 1.01761862 0.84301692
vt 1.01761862 0.83953945
vt 1.01761862 0.83603080
vt 1.01761862 0.83193535
vt 1.01761862 0.82730420
vt 1.01761862 0.82303338
vt 1.01761862 0.82007391
vt 1.03282188 0.95673628
vt 1.03282188 0.95361372
vt 1.03282188 0.94895489
vt 1.03282188 0.94385685
vt 1.03282188 0.93936673
vt 1.03282188 0.93545276
vt 1.03282188 0.93158913
vt 1.03282188 0.92794033
vt 1.03282188 0.92466818
vt 1.03282188 0.92159002
vt 1.03282188 0.91841328
vt 1.03282188 0.91519133
vt 1.03282188 0.91202224
vt 1.03282188 0.90856702
vt 1.03282188 0.90460417
vt 1.03282188 0.90048896
vt 1.03282188 0.89660572
vt 1.03282188 0.89295810
vt 1.03282188 0.88927194
vt 1.03282188 0.88550927
vt 1.03282188 0.88164393
vt 1.03282188 0.87748835
vt 1.03282188 0.87308155
vt 1.03282188 0.86875209
vt 1.03282188 0.86481241
vt 1.03282188 0.86126285
vt 1.03282188 0.85776709
vt 1.03282188 0.85427227
vt 1.03282188 0.85084904
vt 1.03282188 0.84745974
vt 1.03282188 0.84407210
vt 1.03282188 0.84070936
vt 1.03282188 0.83731647
vt 1.03282188 0.83335614
vt 1.03282188 0.82887779
vt 1.03282188 0.82474786
vt 1.03282188 0.82188604
vt 1.04802514 0.96038016
vt 1.04802514 0.95722598
vt 1.04802514 0.95247084
vt 1.04802514 0.94721621
vt 1.04802514 0.94251896
vt 1.04802514 0.93836970
vt 1.04802514 0.93426401
vt 1.04802514 0.93038817
vt 1.04802514 0.92692751
vt 1.04802514 0.92373045
vt 1.04802514 0.92050685
vt 1.04802514 0.91728759
vt 1.04802514 0.91414358
vt 1.04802514 0.91070577
vt 1.04802514 0.90672262
vt 1.04802514 0.90253466
vt 1.04802514 0.89851934
vt 1.04802514 0.89468055
vt 1.04802514 0.89075602
vt 1.04802514 0.88672467
vt 1.04802514 0.88258052
vt 1.04802514 0.87815696
vt 1.04802514 0.87351172
vt 1.04802514 0.86898835
vt 1.04802514 0.86491122
vt 1.04802514 0.86129070
vt 1.04802514 0.85777987
vt 1.04802514 0.85428765
vt 1.04802514 0.85086696
vt 1.04802514 0.84748017
vt 1.04802514 0.84409505
vt 1.04802514 0.84073480
vt 1.04802514 0.83734443
vt 1.04802514 0.83338703
vt 1.04802514 0.82891200
vt 1.04802514 0.82478514
vt 1.04802514 0.82192544
vt 1.06322840 0.96709844
vt 1.06322840 0.96381544
vt 1.06322840 0.95881114
vt 1.06322840 0.95322456
vt 1.06322840 0.94815464
vt 1.06322840 0.94361565
vt 1.06322840 0.93911135
vt 1.06322840 0.93485708
vt 1.06322840 0.93106907
vt 1.06322840 0.92762661
vt 1.06322840 0.92423995
vt 1.06322840 0.92091949
vt 1.06322840 0.91770754
vt 1.06322840 0.91418762
vt 1.06322840 0.91006371
vt 1.06322840 0.90566862
vt 1.06322840 0.90138327
vt 1.06322840 0.89721298
vt 1.06322840 0.89290201
vt 1.06322840 0.88844780
vt 1.06322840 0.88386647
vt 1.06322840 0.87900952
vt 1.06322840 0.87395722
vt 1.06322840 0.86908026
vt 1.06322840 0.86472628
vt 1.06322840 0.86091756
vt 1.06322840 0.85728590
vt 1.06322840 0.85369351
vt 1.06322840 0.85017469
vt 1.06322840 0.84669075
vt 1.06322840 0.84320852
vt 1.06322840 0.83975188
vt 1.06322840 0.83626426
vt 1.06322840 0.83219334
vt 1.06322840 0.82758994
vt 1.06322840 0.82334470
vt 1.06322840 0.82040297
vt 1.07843165 0.97568561
vt 1.07843165 0.97220485
vt 1.07843165 0.96684857
vt 1.07843165 0.96081756
vt 1.07843165 0.95527591
vt 1.07843165 0.95025979
vt 1.07843165 0.94526872
vt 1.07843165 0.94054993
vt 1.07843165 0.93635321
vt 1.07843165 0.93258427
vt 1.07843165 0.92895175
vt 1.07843165 0.92545071
vt 1.07843165 0.92209768
vt 1.07843165 0.91841909
vt 1.07843165 0.91406671
vt 1.07843165 0.90937254
vt 1.07843165 0.90472959
vt 1.07843165 0.90014564
vt 1.07843165 0.89536598
vt 1.07843165 0.89040572
vt 1.07843165 0.88530205
vt 1.07843165 0.87992002
vt 1.07843165 0.87436303
vt 1.07843165 0.86903618
vt 1.07843165 0.86431740
vt 1.07843165 0.86024119
vt 1.07843165 0.85641136
vt 1.07843165 0.85264160
vt 1.07843165 0.84894906
vt 1.07843165 0.84529312
vt 1.07843165 0.84163897
vt 1.07843165 0.83801168
vt 1.07843165 0.83435186
vt 1.07843165 0.83007997
vt 1.07843165 0.82524930
vt 1.07843165 0.82079447
vt 1.07843165 0.81770750
vt 1.09363491 0.98454535
vt 1.09363491 0.98083516
vt 1.09363491 0.97508947
vt 1.09363491 0.96858330
vt 1.09363491 0.96255663
vt 1.09363491 0.95706269
vt 1.09363491 0.95158605
vt 1.09363491 0.94640347
vt 1.09363491 0.94179550
vt 1.09363491 0.93768549
vt 1.09363491 0.93377639
vt 1.09363491 0.93005380
vt 1.09363491 0.92651561
vt 1.09363491 0.92263283
vt 1.09363491 0.91800781
vt 1.09363491 0.91297890
vt 1.09363491 0.90795733
vt 1.09363491 0.90295340
vt 1.09363491 0.89770775
vt 1.09363491 0.89224927
vt 1.09363491 0.88663191
vt 1.09363491 0.88072771
vt 1.09363491 0.87465999
vt 1.09363491 0.86886924
vt 1.09363491 0.86376509
vt 1.09363491 0.85939227
vt 1.09363491 0.85532474
vt 1.09363491 0.85133461
vt 1.09363491 0.84742622
vt 1.09363491 0.84355657
vt 1.09363491 0.83968881
vt 1.09363491 0.83584948
vt 1.09363491 0.83197573
vt 1.09363491 0.82745412
vt 1.09363491 0.82234106
vt 1.09363491 0.81762582
vt 1.09363491 0.81435840
vt 1.10883817 0.99196207
vt 1.10883817 0.98803210
vt 1.10883817 0.98193099
vt 1.10883817 0.97500728
vt 1.10883817 0.96857408
vt 1.10883817 0.96269368
vt 1.10883817 0.95682753
vt 1.10883817 0.95127416
vt 1.10883817 0.94633654
vt 1.10883817 0.94194324
vt 1.10883817 0.93778561
vt 1.10883817 0.93384519
vt 1.10883817 0.93011178
vt 1.10883817 0.92601477
vt 1.10883817 0.92112163
vt 1.10883817 0.91578419
vt 1.10883817 0.91043489
vt 1.10883817 0.90508562
vt 1.10883817 0.89946668
vt 1.10883817 0.89361399
vt 1.10883817 0.88759053
vt 1.10883817 0.88126733
vt 1.10883817 0.87478037
vt 1.10883817 0.86859984
vt 1.10883817 0.86316246
vt 1.10883817 0.85851892
vt 1.10883817 0.85421650
vt 1.10883817 0.85000163
vt 1.10883817 0.84587309
vt 1.10883817 0.84178547
vt 1.10883817 0.83769986
vt 1.10883817 0.83364427
vt 1.10883817 0.82955233
vt 1.10883817 0.82477603
vt 1.10883817 0.81937497
vt 1.10883817 0.81439414
vt 1.10883817 0.81094268
vt 1.12404143 0.99655000
vt 1.12404143 0.99244830
vt 1.12404143 0.98608908
vt 1.12404143 0.97888092
vt 1.12404143 0.97219451
vt 1.12404143 0.96609152
vt 1.12404143 0.96000571
vt 1.12404143 0.95424565
vt 1.12404143 0.94912426
vt 1.12404143 0.94456152
vt 1.12404143 0.94023188
vt 1.12404143 0.93611785
vt 1.12404143 0.93221325
vt 1.12404143 0.92792834
vt 1.12404143 0.92281810
vt 1.12404143 0.91725343
vt 1.12404143 0.91168745
vt 1.12404143 0.90613199
vt 1.12404143 0.90030276
vt 1.12404143 0.89423423
vt 1.12404143 0.88798887
vt 1.12404143 0.88142836
vt 1.12404143 0.87469163
vt 1.12404143 0.86826736
vt 1.12404143 0.86260979
vt 1.12404143 0.85776993
vt 1.12404143 0.85327610
vt 1.12404143 0.84887052
vt 1.12404143 0.84455517
vt 1.12404143 0.84028260
vt 1.12404143 0.83601213
vt 1.12404143 0.83177304
vt 1.12404143 0.82749594
vt 1.12404143 0.82250353
vt 1.12404143 0.81685809
vt 1.12404143 0.81165189
vt 1.12404143 0.80804425
vt 1.13924469 0.99766405
vt 1.13924469 0.99346761
vt 1.13924469 0.98698908
vt 1.13924469 0.97967333
vt 1.13924469 0.97292330
vt 1.13924469 0.96679110
vt 1.13924469 0.96068379
vt 1.13924469 0.95490710
vt 1.13924469 0.94977046
vt 1.13924469 0.94517398
vt 1.13924469 0.94077397
vt 1.13924469 0.93655894
vt 1.13924469 0.93253737
vt 1.13924469 0.92812449
vt 1.13924469 0.92288544
vt 1.13924469 0.91721158
vt 1.13924469 0.91157231
vt 1.13924469 0.90597809
vt 1.13924469 0.90012880
vt 1.13924469 0.89405003
vt 1.13924469 0.88779488
vt 1.13924469 0.88120983
vt 1.13924469 0.87442711
vt 1.13924469 0.86794009
vt 1.13924469 0.86220833
vt 1.13924469 0.85727799
vt 1.13924469 0.85266920
vt 1.13924469 0.84814054
vt 1.13924469 0.84370464
vt 1.13924469 0.83931271
vt 1.13924469 0.83492293
vt 1.13924469 0.83056542
vt 1.13924469 0.82616883
vt 1.13924469 0.82103694
vt 1.13924469 0.81523379
vt 1.13924469 0.80988214
vt 1.13924469 0.80617372
vt 1.15444794 0.99554241
vt 1.15444794 0.99134338
vt 1.15444794 0.98489700
vt 1.15444794 0.97765390
vt 1.15444794 0.97101869
vt 1.15444794 0.96502879
vt 1.15444794 0.95907282
vt 1.15444794 0.95344342
vt 1.15444794 0.94843584
vt 1.15444794 0.94392630
vt 1.15444794 0.93955811
vt 1.15444794 0.93532967
vt 1.15444794 0.93126934
vt 1.15444794 0.92681566
vt 1.15444794 0.92155919
vt 1.15444794 0.91590680
vt 1.15444794 0.91033584
vt 1.15444794 0.90485496
vt 1.15444794 0.89915190
vt 1.15444794 0.89323953
vt 1.15444794 0.88715672
vt 1.15444794 0.88073395
vt 1.15444794 0.87409050
vt 1.15444794 0.86771142
vt 1.15444794 0.86204983
vt 1.15444794 0.85714402
vt 1.15444794 0.85251772
vt 1.15444794 0.84795834
vt 1.15444794 0.84349234
vt 1.15444794 0.83907062
vt 1.15444794 0.83465107
vt 1.15444794 0.83026399
vt 1.15444794 0.82583758
vt 1.15444794 0.82067088
vt 1.15444794 0.81482836
vt 1.15444794 0.80944041
vt 1.15444794 0.80570683
vt 1.16965120 0.99109486
vt 1.16965120 0.98698632
vt 1.16965120 0.98070962
vt 1.16965120 0.97368828
vt 1.16965120 0.96729730
vt 1.16965120 0.96156048
vt 1.16965120 0.95586400
vt 1.16965120 0.95048267
vt 1.16965120 0.94569288
vt 1.16965120 0.94135299
vt 1.16965120 0.93710437
vt 1.16965120 0.93295518
vt 1.16965120 0.92895044
vt 1.16965120 0.92456025
vt 1.16965120 0.91940491
vt 1.16965120 0.91389522
vt 1.16965120 0.90850485
vt 1.16965120 0.90324097
vt 1.16965120 0.89778802
vt 1.16965120 0.89214778
vt 1.16965120 0.88634601
vt 1.16965120 0.88020319
vt 1.16965120 0.87382486
vt 1.16965120 0.86767827
vt 1.16965120 0.86220108
vt 1.16965120 0.85742416
vt 1.16965120 0.85288502
vt 1.16965120 0.84840013
vt 1.16965120 0.84400710
vt 1.16965120 0.83965762
vt 1.16965120 0.83531027
vt 1.16965120 0.83099486
vt 1.16965120 0.82664077
vt 1.16965120 0.82155848
vt 1.16965120 0.81581141
vt 1.16965120 0.81051149
vt 1.16965120 0.80683891
vt 1.18485446 0.98546113
vt 1.18485446 0.98152551
vt 1.18485446 0.97552551
vt 1.18485446 0.96882643
vt 1.18485446 0.96274565
vt 1.18485446 0.95730067
vt 1.18485446 0.95189708
vt 1.18485446 0.94679337
vt 1.18485446 0.94224915
vt 1.18485446 0.93812032
vt 1.18485446 0.93405979
vt 1.18485446 0.93007968
vt 1.18485446 0.92623023
vt 1.18485446 0.92201158
vt 1.18485446 0.91706826
vt 1.18485446 0.91179887
vt 1.18485446 0.90665986
vt 1.18485446 0.90165763
vt 1.18485446 0.89648590
vt 1.18485446 0.89114193
vt 1.18485446 0.88564540
vt 1.18485446 0.87981872
vt 1.18485446 0.87375846
vt 1.18485446 0.86790918
vt 1.18485446 0.86268783
vt 1.18485446 0.85812131
vt 1.18485446 0.85376811
vt 1.18485446 0.84946231
vt 1.18485446 0.84524470
vt 1.18485446 0.84106890
vt 1.18485446 0.83689514
vt 1.18485446 0.83275206
vt 1.18485446 0.82857183
vt 1.18485446 0.82369249
vt 1.18485446 0.81817491
vt 1.18485446 0.81308662
vt 1.18485446 0.80956069
vt 1.20005772 0.97958583
vt 1.20005772 0.97588740
vt 1.20005772 0.97023591
vt 1.20005772 0.96391260
vt 1.20005772 0.95815519
vt 1.20005772 0.95298568
vt 1.20005772 0.94785216
vt 1.20005772 0.94300255
vt 1.20005772 0.93868619
vt 1.20005772 0.93477645
vt 1.20005772 0.93095090
vt 1.20005772 0.92721645
vt 1.20005772 0.92361286
vt 1.20005772 0.91966230
vt 1.20005772 0.91502209
vt 1.20005772 0.91006148
vt 1.20005772 0.90520657
vt 1.20005772 0.90046386
vt 1.20005772 0.89554974
vt 1.20005772 0.89046625
vt 1.20005772 0.88523714
vt 1.20005772 0.87970138
vt 1.20005772 0.87395447
vt 1.20005772 0.86841733
vt 1.20005772 0.86348418
vt 1.20005772 0.85918309
vt 1.20005772 0.85509760
vt 1.20005772 0.85106141
vt 1.20005772 0.84710790
vt 1.20005772 0.84319357
vt 1.20005772 0.83928117
vt 1.20005772 0.83539751
vt 1.20005772 0.83147904
vt 1.20005772 0.82690523
vt 1.20005772 0.82173315
vt 1.20005772 0.81696347
vt 1.20005772 0.81365833
vt 1.21526098 0.97400718
vt 1.21526098 0.97058784
vt 1.21526098 0.96532447
vt 1.21526098 0.95939644
vt 1.21526098 0.95394725
vt 1.21526098 0.94901311
vt 1.21526098 0.94410316
vt 1.21526098 0.93946089
vt 1.21526098 0.93533231
vt 1.21526098 0.93162588
vt 1.21526098 0.92805593
vt 1.21526098 0.92461716
vt 1.21526098 0.92132494
vt 1.21526098 0.91771297
vt 1.21526098 0.91343803
vt 1.21526098 0.90882558
vt 1.21526098 0.90426136
vt 1.21526098 0.89975307
vt 1.21526098 0.89505104
vt 1.21526098 0.89017069
vt 1.21526098 0.88514920
vt 1.21526098 0.87985469
vt 1.21526098 0.87438934
vt 1.21526098 0.86915147
vt 1.21526098 0.86451267
vt 1.21526098 0.86050716
vt 1.21526098 0.85674557
vt 1.21526098 0.85304359
vt 1.21526098 0.84941744
vt 1.21526098 0.84582723
vt 1.21526098 0.84223878
vt 1.21526098 0.83867671
vt 1.21526098 0.83508270
vt 1.21526098 0.83088761
vt 1.21526098 0.82614379
vt 1.21526098 0.82176905
vt 1.21526098 0.81873759
vt 1.23046423 0.96891117
vt 1.23046423 0.96578773
vt 1.23046423 0.96092336
vt 1.23046423 0.95538776
vt 1.23046423 0.95022420
vt 1.23046423 0.94548820
vt 1.23046423 0.94075922
vt 1.23046423 0.93627998
vt 1.23046423 0.93229716
vt 1.23046423 0.92876383
vt 1.23046423 0.92544111
vt 1.23046423 0.92231139
vt 1.23046423 0.91935856
vt 1.23046423 0.91611848
vt 1.23046423 0.91223552
vt 1.23046423 0.90798251
vt 1.23046423 0.90369997
vt 1.23046423 0.89939838
vt 1.23046423 0.89486862
vt 1.23046423 0.89014462
vt 1.23046423 0.88528240
vt 1.23046423 0.88018610
vt 1.23046423 0.87496929
vt 1.23046423 0.87000934
vt 1.23046423 0.86565623
vt 1.23046423 0.86195365
vt 1.23046423 0.85854039
vt 1.23046423 0.85520240
vt 1.23046423 0.85193278
vt 1.23046423 0.84869557
vt 1.23046423 0.84545995
vt 1.23046423 0.84224811
vt 1.23046423 0.83900747
vt 1.23046423 0.83522485
vt 1.23046423 0.83094746
vt 1.23046423 0.82700286
vt 1.23046423 0.82426945
vn 0.021649 -0.083097 -0.996306
vn 0.021649 -0.082795 -0.996331
vn 0.021690 -0.056065 -0.998191
vn 0.021720 0.017921 -0.999603
vn 0.021508 0.140494 -0.989848
vn 0.020965 0.261908 -0.964865
vn 0.020330 0.352432 -0.935617
vn 0.019485 0.442176 -0.896717
vn 0.017935 0.564263 -0.825400
vn 0.014856 0.729605 -0.683708
vn 0.010076 0.885919 -0.463730
vn 0.003564 0.986452 -0.164011
vn -0.005069 0.972392 0.233298
vn -0.012258 0.825594 0.564132
vn -0.016160 0.668326 0.743693
vn -0.018533 0.521701 0.852927
vn -0.020139 0.374926 0.926836
vn -0.021052 0.246813 0.968834
vn -0.021493 0.145467 0.989130
vn -0.021689 0.056433 0.998171
vn -0.021714 -0.029436 0.999331
vn -0.021584 -0.113424 0.993312
vn -0.021302 -0.195981 0.980376
vn -0.020785 -0.290782 0.956564
vn -0.019478 -0.442807 0.896405
vn -0.016377 -0.657036 0.753681
vn -0.013086 -0.798194 0.602259
vn -0.012819 -0.807349 0.589935
vn -0.014174 -0.757821 0.652309
vn -0.014898 -0.727789 0.685639
vn -0.015763 -0.688102 0.725443
vn -0.017657 -0.582571 0.812588
vn -0.019983 -0.392252 0.919641
vn -0.021211 -0.215936 0.976177
vn -0.021550 -0.126295 0.991759
vn -0.021611 -0.101742 0.994576
vn -0.021724 0.000000 0.999764
vn 0.023182 -0.082708 -0.996304
vn 0.023183 -0.082209 -0.996345
vn 0.023226 -0.055487 -0.998189
vn 0.023258 0.017672 -0.999573
vn 0.023039 0.137984 -0.990166
vn 0.022483 0.256608 -0.966254
vn 0.021834 0.344946 -0.938368
vn 0.020974 0.432430 -0.901424
vn 0.019397 0.551991 -0.833624
vn 0.016230 0.716360 -0.697542
vn 0.011222 0.875931 -0.482306
vn 0.004239 0.983254 -0.182192
vn -0.005216 0.974536 0.224170
vn -0.013131 0.825434 0.564346
vn -0.017380 0.664649 0.746953
vn -0.019926 0.515993 0.856361
vn -0.021621 0.368923 0.929209
vn -0.022570 0.242014 0.970010
vn -0.023024 0.142398 0.989542
vn -0.023226 0.055213 0.998204
vn -0.023252 -0.028820 0.999314
vn -0.023117 -0.111255 0.993523
vn -0.022826 -0.192637 0.981005
vn -0.022287 -0.286465 0.957832
vn -0.020915 -0.437718 0.898869
vn -0.017611 -0.653304 0.756890
vn -0.014041 -0.797281 0.603445
vn -0.013726 -0.807349 0.589914
vn -0.015177 -0.757821 0.652286
vn -0.015953 -0.727789 0.685616
vn -0.016879 -0.688102 0.725417
vn -0.018907 -0.582571 0.812560
vn -0.021397 -0.392252 0.919609
vn -0.022713 -0.215936 0.976143
vn -0.023075 -0.126295 0.991724
vn -0.023141 -0.101742 0.994542
vn -0.023262 0.000000 0.999729
vn 0.024716 -0.082472 -0.996287
vn 0.024717 -0.081854 -0.996338
vn 0.024763 -0.055140 -0.998172
vn 0.024797 0.017523 -0.999539
vn 0.024569 0.136494 -0.990336
vn 0.023991 0.253471 -0.967046
vn 0.023319 0.340517 -0.939949
vn 0.022430 0.426660 -0.904134
vn 0.020799 0.544696 -0.838376
vn 0.017505 0.708378 -0.705616
vn 0.012239 0.869752 -0.493337
vn 0.004793 0.981146 -0.193208
vn -0.005422 0.975809 0.218560
vn -0.014004 0.825336 0.564468
vn -0.018579 0.662415 0.748907
vn -0.021295 0.512555 0.858390
vn -0.023086 0.365341 0.930587
vn -0.024081 0.239170 0.970679
vn -0.024554 0.140585 0.989764
vn -0.024764 0.054493 0.998207
vn -0.024791 -0.028457 0.999288
vn -0.024650 -0.109970 0.993629
vn -0.024346 -0.190648 0.981357
vn -0.023780 -0.283886 0.958563
vn -0.022335 -0.434658 0.900318
vn -0.018825 -0.651037 0.758812
vn -0.014988 -0.796723 0.604159
vn -0.014634 -0.807349 0.589892
vn -0.016182 -0.757821 0.652262
vn -0.017008 -0.727789 0.685590
vn -0.017996 -0.688102 0.725391
vn -0.020158 -0.582571 0.812530
vn -0.022813 -0.392252 0.919575
vn -0.024216 -0.215936 0.976107
vn -0.024602 -0.126295 0.991688
vn -0.024672 -0.101742 0.994505
vn -0.024801 0.000000 0.999692
vn 0.026251 -0.082536 -0.996242
vn 0.026253 -0.081951 -0.996291
vn 0.026301 -0.055235 -0.998127
vn 0.026337 0.017564 -0.999499
vn 0.026093 0.136899 -0.990241
vn 0.025475 0.254323 -0.966784
vn 0.024756 0.341720 -0.939476
vn 0.023804 0.428227 -0.903358
vn 0.022057 0.546679 -0.837051
vn 0.018535 0.710556 -0.703397
vn 0.012920 0.871450 -0.490314
vn 0.005012 0.981735 -0.190188
vn -0.005799 0.975463 0.220088
vn -0.014872 0.825363 0.564406
vn -0.019719 0.663026 0.748337
vn -0.022603 0.513493 0.857796
vn -0.024510 0.366316 0.930168
vn -0.025572 0.239942 0.970450
vn -0.026078 0.141077 0.989655
vn -0.026302 0.054688 0.998157
vn -0.026331 -0.028556 0.999245
vn -0.026181 -0.110319 0.993551
vn -0.025855 -0.191188 0.981213
vn -0.025252 -0.284588 0.958317
vn -0.023712 -0.435493 0.899880
vn -0.019980 -0.651657 0.758250
vn -0.015914 -0.796876 0.603934
vn -0.015543 -0.807349 0.589869
vn -0.017187 -0.757821 0.652237
vn -0.018065 -0.727789 0.685563
vn -0.019114 -0.688102 0.725362
vn -0.021410 -0.582571 0.812498
vn -0.024230 -0.392252 0.919538
vn -0.025720 -0.215936 0.976069
vn -0.026130 -0.126295 0.991648
vn -0.026205 -0.101742 0.994466
vn -0.026341 0.000000 0.999653
vn 0.027787 -0.082994 -0.996163
vn 0.027788 -0.082639 -0.996192
vn 0.027840 -0.055912 -0.998048
vn 0.027879 0.017855 -0.999452
vn 0.027609 0.139823 -0.989792
vn 0.026921 0.260488 -0.965102
vn 0.026115 0.350426 -0.936226
vn 0.025045 0.439565 -0.897861
vn 0.023083 0.560982 -0.827506
vn 0.019173 0.726086 -0.687337
vn 0.013072 0.883298 -0.468630
vn 0.004709 0.985638 -0.168805
vn -0.006440 0.972966 0.230860
vn -0.015735 0.825551 0.564108
vn -0.020766 0.667353 0.744452
vn -0.023814 0.520184 0.853722
vn -0.025867 0.373323 0.927341
vn -0.027030 0.245528 0.969013
vn -0.027590 0.144644 0.989099
vn -0.027839 0.056105 0.998037
vn -0.027871 -0.029271 0.999183
vn -0.027705 -0.112843 0.993226
vn -0.027348 -0.195087 0.980405
vn -0.026688 -0.289630 0.956767
vn -0.025019 -0.441453 0.896935
vn -0.021044 -0.656048 0.754426
vn -0.016806 -0.797952 0.602486
vn -0.016453 -0.807349 0.589845
vn -0.018193 -0.757821 0.652209
vn -0.019122 -0.727789 0.685534
vn -0.020232 -0.688102 0.725332
vn -0.022663 -0.582571 0.812464
vn -0.025649 -0.392252 0.919500
vn -0.027225 -0.215936 0.976028
vn -0.027660 -0.126295 0.991607
vn -0.027739 -0.101742 0.994424
vn -0.027883 0.000000 0.999611
vn 0.029323 -0.083868 -0.996045
vn 0.029323 -0.083964 -0.996037
vn 0.029378 -0.057229 -0.997929
vn 0.029422 0.018429 -0.999397
vn 0.029113 0.145665 -0.988906
vn 0.028310 0.272888 -0.961629
vn 0.027362 0.367949 -0.929443
vn 0.026092 0.462356 -0.886310
vn 0.023771 0.589454 -0.807452
vn 0.019260 0.756053 -0.654227
vn 0.012527 0.904864 -0.425516
vn 0.003768 0.991767 -0.128003
vn -0.007386 0.967990 0.250879
vn -0.016591 0.825905 0.563565
vn -0.021696 0.675574 0.736972
vn -0.024896 0.533147 0.845656
vn -0.027131 0.387179 0.921605
vn -0.028440 0.256734 0.966064
vn -0.029085 0.151852 0.987975
vn -0.029375 0.058978 0.997827
vn -0.029413 -0.030716 0.999095
vn -0.029221 -0.117912 0.992594
vn -0.028815 -0.202851 0.978786
vn -0.028075 -0.299579 0.953658
vn -0.026233 -0.453050 0.891099
vn -0.021993 -0.664399 0.747055
vn -0.017657 -0.799977 0.599771
vn -0.017364 -0.807349 0.589818
vn -0.019200 -0.757821 0.652180
vn -0.020181 -0.727789 0.685504
vn -0.021352 -0.688102 0.725300
vn -0.023917 -0.582571 0.812428
vn -0.027068 -0.392252 0.919459
vn -0.028732 -0.215936 0.975985
vn -0.029191 -0.126295 0.991563
vn -0.029274 -0.101742 0.994380
vn -0.029427 0.000000 0.999567
vn 0.030859 -0.085105 -0.995894
vn 0.030857 -0.085865 -0.995829
vn 0.030917 -0.059153 -0.997770
vn 0.030966 0.019284 -0.999334
vn 0.030599 0.154570 -0.987508
vn 0.029622 0.291982 -0.955965
vn 0.028453 0.394950 -0.918262
vn 0.026869 0.497344 -0.867137
vn 0.023993 0.632331 -0.774327
vn 0.018638 0.798667 -0.601485
vn 0.011184 0.932523 -0.360937
vn 0.002189 0.997499 -0.070650
vn -0.008614 0.960547 0.277985
vn -0.017440 0.826394 0.562823
vn -0.022502 0.687115 0.726200
vn -0.025827 0.551906 0.833507
vn -0.028277 0.407911 0.912584
vn -0.029787 0.273921 0.961291
vn -0.030557 0.163050 0.986144
vn -0.030909 0.063461 0.997506
vn -0.030954 -0.032962 0.998977
vn -0.030726 -0.125699 0.991593
vn -0.030250 -0.214615 0.976230
vn -0.029401 -0.314426 0.948827
vn -0.027338 -0.469951 0.882269
vn -0.022819 -0.676136 0.736424
vn -0.018468 -0.802773 0.595999
vn -0.018275 -0.807349 0.589791
vn -0.020208 -0.757821 0.652150
vn -0.021240 -0.727789 0.685472
vn -0.022473 -0.688102 0.725266
vn -0.025173 -0.582571 0.812390
vn -0.028489 -0.392252 0.919416
vn -0.030241 -0.215936 0.975939
vn -0.030723 -0.126295 0.991517
vn -0.030811 -0.101742 0.994334
vn -0.030971 0.000000 0.999520
vn 0.032395 -0.086575 -0.995718
vn 0.032391 -0.088162 -0.995579
vn 0.032456 -0.061535 -0.997577
vn 0.032511 0.020373 -0.999264
vn 0.032065 0.166257 -0.985561
vn 0.030836 0.317379 -0.947797
vn 0.029345 0.430833 -0.901955
vn 0.027296 0.543453 -0.838996
vn 0.023630 0.686969 -0.726302
vn 0.017219 0.848299 -0.529238
vn 0.009097 0.960073 -0.279603
vn 0.000122 0.999993 -0.003754
vn -0.010034 0.951204 0.308398
vn -0.018283 0.826956 0.561969
vn -0.023200 0.700679 0.713100
vn -0.026608 0.574818 0.817848
vn -0.029289 0.434393 0.900247
vn -0.031054 0.296663 0.954477
vn -0.031997 0.178150 0.983483
vn -0.032439 0.069548 0.997051
vn -0.032496 -0.035994 0.998824
vn -0.032215 -0.136034 0.990180
vn -0.031646 -0.229927 0.972693
vn -0.030658 -0.333343 0.942307
vn -0.028331 -0.490801 0.870811
vn -0.023538 -0.689953 0.723472
vn -0.019248 -0.805995 0.591609
vn -0.019188 -0.807349 0.589762
vn -0.021216 -0.757821 0.652118
vn -0.022300 -0.727789 0.685438
vn -0.023595 -0.688102 0.725230
vn -0.026429 -0.582571 0.812350
vn -0.029911 -0.392252 0.919371
vn -0.031750 -0.215936 0.975891
vn -0.032257 -0.126295 0.991468
vn -0.032349 -0.101742 0.994285
vn -0.032517 0.000000 0.999471
vn 0.033932 -0.088086 -0.995535
vn 0.033925 -0.090568 -0.995312
vn 0.033995 -0.064098 -0.997364
vn 0.034057 0.021583 -0.999187
vn 0.033510 0.179722 -0.983146
vn 0.031947 0.347066 -0.937296
vn 0.030021 0.472599 -0.880766
vn 0.027346 0.596279 -0.802311
vn 0.022671 0.746383 -0.665131
vn 0.015133 0.895907 -0.443985
vn 0.006559 0.981290 -0.192421
vn -0.002138 0.998029 0.062718
vn -0.011510 0.941189 0.337685
vn -0.019125 0.827515 0.561118
vn -0.023836 0.714421 0.699310
vn -0.027277 0.599018 0.800271
vn -0.030178 0.463851 0.885399
vn -0.032238 0.323085 0.945821
vn -0.033403 0.196130 0.980009
vn -0.033964 0.076865 0.996463
vn -0.034038 -0.039611 0.998635
vn -0.033689 -0.148108 0.988397
vn -0.033006 -0.247383 0.968355
vn -0.031854 -0.354355 0.934568
vn -0.029239 -0.513091 0.857836
vn -0.024194 -0.703978 0.709810
vn -0.020014 -0.809197 0.587196
vn -0.020101 -0.807349 0.589731
vn -0.022226 -0.757821 0.652084
vn -0.023362 -0.727789 0.685403
vn -0.024718 -0.688102 0.725193
vn -0.027687 -0.582571 0.812308
vn -0.031335 -0.392252 0.919324
vn -0.033261 -0.215936 0.975841
vn -0.033792 -0.126295 0.991417
vn -0.033888 -0.101742 0.994233
vn -0.034065 0.000000 0.999420
vn 0.035471 -0.089411 -0.995363
vn 0.035460 -0.092716 -0.995061
vn 0.035535 -0.066447 -0.997157
vn 0.035604 0.022729 -0.999107
vn 0.034944 0.192956 -0.980585
vn 0.032991 0.376626 -0.925778
vn 0.030553 0.513831 -0.857347
vn 0.027150 0.647179 -0.761854
vn 0.021379 0.799770 -0.599925
vn 0.012850 0.932632 -0.360600
vn 0.004083 0.993407 -0.114567
vn -0.004224 0.992942 0.118529
vn -0.012893 0.932168 0.361797
vn -0.019970 0.827989 0.560389
vn -0.024480 0.726291 0.686952
vn -0.027922 0.620732 0.783525
vn -0.031011 0.491682 0.870223
vn -0.033371 0.349243 0.936438
vn -0.034785 0.214436 0.976118
vn -0.035486 0.084400 0.995800
vn -0.035580 -0.043306 0.998428
vn -0.035154 -0.160153 0.986466
vn -0.034347 -0.264344 0.963817
vn -0.033026 -0.374214 0.926754
vn -0.030125 -0.533353 0.845356
vn -0.024858 -0.716113 0.697542
vn -0.020790 -0.811917 0.583403
vn -0.021015 -0.807349 0.589700
vn -0.023237 -0.757821 0.652049
vn -0.024424 -0.727789 0.685366
vn -0.025842 -0.688102 0.725153
vn -0.028946 -0.582571 0.812264
vn -0.032759 -0.392252 0.919274
vn -0.034773 -0.215936 0.975788
vn -0.035328 -0.126295 0.991363
vn -0.035429 -0.101742 0.994180
vn -0.035614 0.000000 0.999366
vn 0.037012 -0.090336 -0.995223
vn 0.036998 -0.094237 -0.994862
vn 0.037077 -0.068148 -0.996986
vn 0.037153 0.023582 -0.999031
vn 0.036389 0.203119 -0.978478
vn 0.034069 0.399536 -0.916084
vn 0.031149 0.545431 -0.837577
vn 0.027072 0.685102 -0.727944
vn 0.020353 0.836709 -0.547270
vn 0.011091 0.954431 -0.298226
vn 0.002239 0.998183 -0.060216
vn -0.005799 0.987751 0.155932
vn -0.014050 0.925778 0.377807
vn -0.020822 0.828312 0.559881
vn -0.025221 0.734475 0.678167
vn -0.028674 0.636148 0.771034
vn -0.031917 0.512291 0.858219
vn -0.034535 0.369427 0.928618
vn -0.036177 0.228936 0.972769
vn -0.037011 0.090434 0.995214
vn -0.037124 -0.046242 0.998240
vn -0.036626 -0.169526 0.984845
vn -0.035707 -0.277235 0.960138
vn -0.034237 -0.388950 0.920623
vn -0.031089 -0.547900 0.835966
vn -0.025616 -0.724492 0.688807
vn -0.021599 -0.813769 0.580787
vn -0.021929 -0.807349 0.589666
vn -0.024248 -0.757821 0.652012
vn -0.025487 -0.727789 0.685327
vn -0.026966 -0.688102 0.725113
vn -0.030206 -0.582571 0.812219
vn -0.034185 -0.392252 0.919222
vn -0.036287 -0.215936 0.975733
vn -0.036866 -0.126295 0.991307
vn -0.036971 -0.101742 0.994124
vn -0.037164 0.000000 0.999309
vn 0.038555 -0.090719 -0.995130
vn 0.038540 -0.094872 -0.994743
vn 0.038623 -0.068866 -0.996878
vn 0.038704 0.023949 -0.998964
vn 0.037872 0.207567 -0.977487
vn 0.035318 0.409613 -0.911575
vn 0.032096 0.559205 -0.828408
vn 0.027599 0.701287 -0.712345
vn 0.020290 0.851663 -0.523696
vn 0.010523 0.962354 -0.271597
vn 0.001468 0.999281 -0.037882
vn -0.006625 0.985251 0.170987
vn -0.014886 0.923121 0.384222
vn -0.021683 0.828443 0.559653
vn -0.026132 0.737833 0.674478
vn -0.029664 0.642577 0.765647
vn -0.033043 0.521103 0.852854
vn -0.035838 0.378282 0.924996
vn -0.037627 0.235407 0.971168
vn -0.038547 0.093147 0.994906
vn -0.038671 -0.047557 0.998120
vn -0.038127 -0.173664 0.984067
vn -0.037134 -0.282841 0.958448
vn -0.035562 -0.395263 0.917879
vn -0.032231 -0.554009 0.831886
vn -0.026545 -0.727932 0.685135
vn -0.022460 -0.814524 0.579695
vn -0.022845 -0.807349 0.589632
vn -0.025260 -0.757821 0.651974
vn -0.026551 -0.727789 0.685287
vn -0.028092 -0.688102 0.725070
vn -0.031467 -0.582571 0.812171
vn -0.035612 -0.392252 0.919168
vn -0.037802 -0.215936 0.975675
vn -0.038405 -0.126295 0.991249
vn -0.038514 -0.101742 0.994065
vn -0.038715 0.000000 0.999250
vn 0.040102 -0.090529 -0.995086
vn 0.040087 -0.094556 -0.994712
vn 0.040173 -0.068508 -0.996841
vn 0.040256 0.023765 -0.998907
vn 0.039410 0.205338 -0.977897
vn 0.036825 0.404559 -0.913770
vn 0.033569 0.552307 -0.832965
vn 0.029022 0.693210 -0.720151
vn 0.021581 0.844263 -0.535494
vn 0.011480 0.958501 -0.284859
vn 0.001973 0.998799 -0.048962
vn -0.006590 0.986518 0.163521
vn -0.015355 0.924442 0.381013
vn -0.022557 0.828378 0.559715
vn -0.027253 0.736166 0.676252
vn -0.030962 0.639378 0.768269
vn -0.034476 0.516702 0.855471
vn -0.037348 0.373843 0.926740
vn -0.039168 0.232154 0.971890
vn -0.040098 0.091781 0.994972
vn -0.040223 -0.046896 0.998090
vn -0.039670 -0.171587 0.984370
vn -0.038657 -0.280034 0.959211
vn -0.037043 -0.392109 0.919173
vn -0.033604 -0.550966 0.833851
vn -0.027682 -0.726224 0.686901
vn -0.023382 -0.814150 0.580184
vn -0.023761 -0.807349 0.589595
vn -0.026273 -0.757821 0.651934
vn -0.027616 -0.727789 0.685245
vn -0.029219 -0.688102 0.725025
vn -0.032729 -0.582571 0.812121
vn -0.037041 -0.392252 0.919112
vn -0.039318 -0.215936 0.975616
vn -0.039945 -0.126295 0.991188
vn -0.040059 -0.101742 0.994004
vn -0.040268 0.000000 0.999189
vn 0.041653 -0.089858 -0.995083
vn 0.041639 -0.093448 -0.994753
vn 0.041727 -0.067262 -0.996862
vn 0.041810 0.023136 -0.998858
vn 0.040996 0.197763 -0.979392
vn 0.038555 0.387442 -0.921088
vn 0.035496 0.528795 -0.848007
vn 0.031224 0.665268 -0.745952
vn 0.024074 0.817711 -0.575126
vn 0.013846 0.943605 -0.330784
vn 0.003694 0.996091 -0.088256
vn -0.005723 0.990591 0.136734
vn -0.015468 0.929089 0.369533
vn -0.023442 0.828146 0.560023
vn -0.028572 0.730255 0.682577
vn -0.032541 0.628153 0.777409
vn -0.036182 0.501513 0.864393
vn -0.039037 0.358781 0.932605
vn -0.040785 0.221246 0.974365
vn -0.041662 0.087226 0.995317
vn -0.041780 -0.044683 0.998127
vn -0.041251 -0.164573 0.985502
vn -0.040263 -0.270456 0.961890
vn -0.038663 -0.381239 0.923668
vn -0.035191 -0.540339 0.840711
vn -0.029016 -0.720170 0.693191
vn -0.024362 -0.812816 0.582011
vn -0.024678 -0.807349 0.589558
vn -0.027287 -0.757821 0.651892
vn -0.028681 -0.727789 0.685201
vn -0.030346 -0.688102 0.724979
vn -0.033992 -0.582571 0.812069
vn -0.038470 -0.392252 0.919053
vn -0.040835 -0.215936 0.975553
vn -0.041487 -0.126295 0.991125
vn -0.041605 -0.101742 0.993940
vn -0.041822 0.000000 0.999125
vn 0.043205 -0.088891 -0.995104
vn 0.043194 -0.091869 -0.994834
vn 0.043284 -0.065513 -0.996912
vn 0.043366 0.022269 -0.998811
vn 0.042607 0.187589 -0.981323
vn 0.040391 0.364596 -0.930289
vn 0.037638 0.497105 -0.866874
vn 0.033802 0.626706 -0.778522
vn 0.027210 0.778793 -0.626690
vn 0.017110 0.918914 -0.394088
vn 0.006301 0.989393 -0.145129
vn -0.004207 0.995285 0.096898
vn -0.015300 0.935729 0.352388
vn -0.024335 0.827804 0.560489
vn -0.030028 0.721654 0.691603
vn -0.034300 0.612159 0.789991
vn -0.038041 0.480529 0.876153
vn -0.040814 0.338615 0.940040
vn -0.042438 0.206935 0.977434
vn -0.043233 0.081301 0.995751
vn -0.043339 -0.041790 0.998186
vn -0.042851 -0.155246 0.986946
vn -0.041914 -0.257489 0.965372
vn -0.040363 -0.366253 0.929640
vn -0.036910 -0.525322 0.850102
vn -0.030486 -0.711370 0.702157
vn -0.025386 -0.810859 0.584690
vn -0.025596 -0.807349 0.589519
vn -0.028302 -0.757821 0.651849
vn -0.029748 -0.727789 0.685156
vn -0.031475 -0.688102 0.724931
vn -0.035256 -0.582571 0.812015
vn -0.039901 -0.392252 0.918992
vn -0.042354 -0.215936 0.975488
vn -0.043030 -0.126295 0.991059
vn -0.043152 -0.101742 0.993874
vn -0.043377 0.000000 0.999059
vn 0.044760 -0.087853 -0.995127
vn 0.044750 -0.090193 -0.994918
vn 0.044842 -0.063694 -0.996961
vn 0.044923 0.021390 -0.998761
vn 0.044220 0.177536 -0.983120
vn 0.042221 0.342217 -0.938672
vn 0.039761 0.465796 -0.883998
vn 0.036353 0.587752 -0.808224
vn 0.030368 0.737050 -0.675155
vn 0.020585 0.888886 -0.457666
vn 0.009264 0.978517 -0.205958
vn -0.002366 0.998612 0.052609
vn -0.014984 0.942758 0.333142
vn -0.025233 0.827430 0.561002
vn -0.031537 0.712312 0.701154
vn -0.036106 0.595239 0.802737
vn -0.039917 0.459145 0.887464
vn -0.042589 0.318780 0.946871
vn -0.044087 0.193167 0.980175
vn -0.044805 0.075654 0.996127
vn -0.044899 -0.039015 0.998229
vn -0.044451 -0.146135 0.988266
vn -0.043569 -0.244563 0.968654
vn -0.042075 -0.350999 0.935430
vn -0.038662 -0.509591 0.859548
vn -0.032008 -0.701824 0.711631
vn -0.026430 -0.808710 0.587614
vn -0.026514 -0.807349 0.589478
vn -0.029317 -0.757821 0.651804
vn -0.030815 -0.727789 0.685108
vn -0.032604 -0.688102 0.724881
vn -0.036521 -0.582571 0.811959
vn -0.041332 -0.392252 0.918929
vn -0.043873 -0.215936 0.975421
vn -0.044574 -0.126295 0.990991
vn -0.044700 -0.101742 0.993806
vn -0.044934 0.000000 0.998990
vn 0.046315 -0.086952 -0.995135
vn 0.046308 -0.088758 -0.994976
vn 0.046401 -0.062164 -0.996987
vn 0.046481 0.020666 -0.998705
vn 0.045819 0.169471 -0.984470
vn 0.043977 0.324425 -0.944889
vn 0.041732 0.440767 -0.896651
vn 0.038639 0.556114 -0.830208
vn 0.033131 0.701543 -0.711857
vn 0.023677 0.860607 -0.508719
vn 0.012006 0.966078 -0.257971
vn -0.000609 0.999914 0.013078
vn -0.014694 0.948738 0.315721
vn -0.026131 0.827097 0.561451
vn -0.033012 0.704128 0.709305
vn -0.037846 0.580799 0.813167
vn -0.041714 0.441526 0.896278
vn -0.044307 0.302948 0.951977
vn -0.045712 0.182383 0.982164
vn -0.046373 0.071263 0.996379
vn -0.046460 -0.036845 0.998240
vn -0.046041 -0.138899 0.989236
vn -0.045199 -0.234111 0.971159
vn -0.043748 -0.338433 0.939973
vn -0.040362 -0.496283 0.867222
vn -0.033496 -0.693471 0.719706
vn -0.027468 -0.806805 0.590179
vn -0.027433 -0.807349 0.589436
vn -0.030334 -0.757821 0.651757
vn -0.031884 -0.727789 0.685060
vn -0.033735 -0.688102 0.724829
vn -0.037787 -0.582571 0.811901
vn -0.042765 -0.392252 0.918863
vn -0.045395 -0.215936 0.975352
vn -0.046119 -0.126295 0.990920
vn -0.046250 -0.101742 0.993735
vn -0.046491 0.000000 0.998919
vn 0.047871 -0.086344 -0.995115
vn 0.047865 -0.087799 -0.994988
vn 0.047961 -0.061154 -0.996975
vn 0.048041 0.020196 -0.998641
vn 0.047397 0.164335 -0.985265
vn 0.045633 0.313178 -0.948597
vn 0.043497 0.424904 -0.904193
vn 0.040569 0.535874 -0.843323
vn 0.035313 0.678151 -0.734074
vn 0.026023 0.840657 -0.540942
vn 0.014069 0.956173 -0.292463
vn 0.000680 0.999900 -0.014125
vn -0.014603 0.952701 0.303557
vn -0.027023 0.826869 0.561745
vn -0.034383 0.698561 0.714724
vn -0.039441 0.571178 0.819878
vn -0.043379 0.430096 0.901740
vn -0.045943 0.292910 0.955036
vn -0.047304 0.175635 0.983318
vn -0.047938 0.068530 0.996497
vn -0.048020 -0.035489 0.998216
vn -0.047615 -0.134325 0.989793
vn -0.046791 -0.227419 0.972672
vn -0.045354 -0.330277 0.942794
vn -0.041955 -0.487472 0.872130
vn -0.034880 -0.687793 0.725068
vn -0.028475 -0.805497 0.591916
vn -0.028353 -0.807349 0.589392
vn -0.031351 -0.757821 0.651709
vn -0.032953 -0.727789 0.685009
vn -0.034866 -0.688102 0.724776
vn -0.039054 -0.582571 0.811841
vn -0.044200 -0.392252 0.918795
vn -0.046917 -0.215936 0.975280
vn -0.047666 -0.126295 0.990847
vn -0.047801 -0.101742 0.993662
vn -0.048050 0.000000 0.998845
vn 0.049427 -0.086107 -0.995059
vn 0.049421 -0.087426 -0.994944
vn 0.049519 -0.060765 -0.996923
vn 0.049601 0.020017 -0.998569
vn 0.048952 0.162394 -0.985511
vn 0.047184 0.308945 -0.949909
vn 0.045048 0.418926 -0.906902
vn 0.042125 0.528214 -0.848065
vn 0.036866 0.669172 -0.742193
vn 0.027469 0.832728 -0.553000
vn 0.015187 0.951992 -0.305745
vn 0.001234 0.999691 -0.024842
vn -0.014837 0.954230 0.298707
vn -0.027907 0.826779 0.561834
vn -0.035604 0.696379 0.716791
vn -0.040850 0.567451 0.822393
vn -0.044890 0.425733 0.903734
vn -0.047492 0.289125 0.956112
vn -0.048862 0.173108 0.983690
vn -0.049498 0.067510 0.996490
vn -0.049580 -0.034981 0.998157
vn -0.049173 -0.132603 0.989949
vn -0.048340 -0.224883 0.973186
vn -0.046881 -0.327162 0.943805
vn -0.043411 -0.484071 0.873951
vn -0.036117 -0.685569 0.727111
vn -0.029434 -0.804981 0.592570
vn -0.029274 -0.807349 0.589347
vn -0.032369 -0.757821 0.651660
vn -0.034023 -0.727789 0.684957
vn -0.035998 -0.688102 0.724720
vn -0.040323 -0.582571 0.811779
vn -0.045635 -0.392252 0.918725
vn -0.048440 -0.215936 0.975205
vn -0.049214 -0.126295 0.990771
vn -0.049353 -0.101742 0.993586
vn -0.049611 0.000000 0.998769
vn 0.050982 -0.086235 -0.994970
vn 0.050976 -0.087627 -0.994848
vn 0.051077 -0.060974 -0.996832
vn 0.051162 0.020113 -0.998488
vn 0.050484 0.163437 -0.985261
vn 0.048631 0.311218 -0.949093
vn 0.046389 0.422136 -0.905345
vn 0.043319 0.532330 -0.845428
vn 0.037802 0.674005 -0.737759
vn 0.028001 0.837014 -0.546464
vn 0.015298 0.954269 -0.298557
vn 0.000976 0.999818 -0.019052
vn -0.015438 0.953406 0.301293
vn -0.028782 0.826828 0.561718
vn -0.036667 0.697556 0.715591
vn -0.042065 0.569460 0.820942
vn -0.046247 0.428080 0.902557
vn -0.048955 0.291158 0.955422
vn -0.050388 0.174464 0.983373
vn -0.051054 0.068057 0.996374
vn -0.051141 -0.035254 0.998069
vn -0.050714 -0.133528 0.989747
vn -0.049846 -0.226246 0.972794
vn -0.048327 -0.328837 0.943149
vn -0.044725 -0.485903 0.872868
vn -0.037196 -0.686770 0.725923
vn -0.030341 -0.805259 0.592146
vn -0.030196 -0.807349 0.589301
vn -0.033388 -0.757821 0.651608
vn -0.035094 -0.727789 0.684903
vn -0.037131 -0.688102 0.724663
vn -0.041592 -0.582571 0.811715
vn -0.047071 -0.392252 0.918652
vn -0.049965 -0.215936 0.975128
vn -0.050763 -0.126295 0.990693
vn -0.050907 -0.101742 0.993507
vn -0.051172 0.000000 0.998690
vn 0.052537 -0.086643 -0.994853
vn 0.052529 -0.088269 -0.994711
vn 0.052635 -0.061647 -0.996709
vn 0.052724 0.020425 -0.998400
vn 0.051996 0.166826 -0.984614
vn 0.049987 0.318624 -0.946562
vn 0.047546 0.432588 -0.900337
vn 0.044191 0.545694 -0.836818
vn 0.038192 0.689563 -0.723218
vn 0.027736 0.850519 -0.525212
vn 0.014551 0.961181 -0.275534
vn 0.000038 1.000000 -0.000728
vn -0.016343 0.950765 0.309482
vn -0.029649 0.826982 0.561447
vn -0.037593 0.701297 0.711877
vn -0.043113 0.575886 0.816392
vn -0.047468 0.435660 0.898859
vn -0.050343 0.297774 0.953308
vn -0.051885 0.178896 0.982499
vn -0.052606 0.069850 0.996169
vn -0.052701 -0.036144 0.997956
vn -0.052241 -0.136540 0.989256
vn -0.051313 -0.230668 0.971679
vn -0.049702 -0.334247 0.941174
vn -0.045918 -0.491778 0.869509
vn -0.038141 -0.690583 0.722247
vn -0.031205 -0.806141 0.590900
vn -0.031118 -0.807349 0.589253
vn -0.034408 -0.757821 0.651555
vn -0.036166 -0.727789 0.684847
vn -0.038265 -0.688102 0.724604
vn -0.042862 -0.582571 0.811649
vn -0.048509 -0.392252 0.918578
vn -0.051491 -0.215936 0.975049
vn -0.052313 -0.126295 0.990612
vn -0.052462 -0.101742 0.993427
vn -0.052735 0.000000 0.998609
vn 0.054093 -0.087177 -0.994723
vn 0.054083 -0.089114 -0.994552
vn 0.054193 -0.062541 -0.996570
vn 0.054287 0.020843 -0.998308
vn 0.053495 0.171426 -0.983744
vn 0.051282 0.328724 -0.943033
vn 0.048577 0.446824 -0.893302
vn 0.044846 0.563805 -0.824689
vn 0.038221 0.710298 -0.702863
vn 0.026981 0.867807 -0.496168
vn 0.013323 0.969429 -0.245008
vn -0.001251 0.999735 0.023001
vn -0.017401 0.947261 0.319992
vn -0.030513 0.827181 0.561107
vn -0.038446 0.706173 0.706995
vn -0.044063 0.584374 0.810288
vn -0.048604 0.445835 0.893794
vn -0.051681 0.306779 0.950376
vn -0.053362 0.184977 0.981293
vn -0.054157 0.072317 0.995910
vn -0.054261 -0.037366 0.997827
vn -0.053760 -0.140647 0.988599
vn -0.052757 -0.236651 0.970161
vn -0.051035 -0.341507 0.938493
vn -0.047038 -0.499567 0.864997
vn -0.039012 -0.695557 0.717411
vn -0.032046 -0.807283 0.589294
vn -0.032041 -0.807349 0.589203
vn -0.035428 -0.757821 0.651500
vn -0.037239 -0.727789 0.684789
vn -0.039400 -0.688102 0.724543
vn -0.044133 -0.582571 0.811581
vn -0.049948 -0.392252 0.918501
vn -0.053018 -0.215936 0.974967
vn -0.053864 -0.126295 0.990529
vn -0.054018 -0.101742 0.993343
vn -0.054299 0.000000 0.998525
vn 0.055650 -0.087641 -0.994596
vn 0.055639 -0.089854 -0.994400
vn 0.055752 -0.063330 -0.996434
vn 0.055852 0.021216 -0.998214
vn 0.054997 0.175586 -0.982927
vn 0.052579 0.337902 -0.939711
vn 0.049611 0.459736 -0.886669
vn 0.045503 0.580128 -0.813253
vn 0.038263 0.728619 -0.683850
vn 0.026285 0.882394 -0.469777
vn 0.012206 0.975837 -0.218159
vn -0.002427 0.999056 0.043372
vn -0.018404 0.944176 0.328928
vn -0.031378 0.827352 0.560806
vn -0.039318 0.710393 0.702706
vn -0.045031 0.591821 0.804810
vn -0.049749 0.454924 0.889140
vn -0.053022 0.314946 0.947627
vn -0.054841 0.190539 0.980147
vn -0.055709 0.074581 0.995658
vn -0.055823 -0.038486 0.997699
vn -0.055279 -0.144380 0.987977
vn -0.054203 -0.242043 0.968750
vn -0.052373 -0.347988 0.936035
vn -0.048171 -0.506432 0.860933
vn -0.039903 -0.699865 0.713160
vn -0.032894 -0.808265 0.587899
vn -0.032964 -0.807349 0.589152
vn -0.036450 -0.757821 0.651444
vn -0.038312 -0.727789 0.684730
vn -0.040536 -0.688102 0.724481
vn -0.045406 -0.582571 0.811511
vn -0.051387 -0.392252 0.918421
vn -0.054547 -0.215936 0.974883
vn -0.055417 -0.126295 0.990444
vn -0.055575 -0.101742 0.993257
vn -0.055865 0.000000 0.998438
vn 0.057209 -0.087838 -0.994491
vn 0.057197 -0.090170 -0.994283
vn 0.057314 -0.063669 -0.996324
vn 0.057418 0.021378 -0.998121
vn 0.056520 0.177401 -0.982514
vn 0.053970 0.341919 -0.938178
vn 0.050833 0.465378 -0.883651
vn 0.046486 0.587226 -0.808087
vn 0.038850 0.736471 -0.675353
vn 0.026360 0.888445 -0.458226
vn 0.011889 0.978338 -0.206671
vn -0.002988 0.998645 0.051946
vn -0.019136 0.942855 0.332653
vn -0.032252 0.827424 0.560650
vn -0.040316 0.712181 0.700837
vn -0.046159 0.595004 0.802396
vn -0.051028 0.458854 0.887045
vn -0.054440 0.318515 0.946353
vn -0.056351 0.192985 0.979582
vn -0.057267 0.075580 0.995494
vn -0.057387 -0.038978 0.997591
vn -0.056815 -0.146013 0.987650
vn -0.055690 -0.244389 0.968077
vn -0.053781 -0.350792 0.934908
vn -0.049422 -0.509374 0.859125
vn -0.040919 -0.701690 0.711307
vn -0.033784 -0.808680 0.587279
vn -0.033889 -0.807349 0.589100
vn -0.037472 -0.757821 0.651386
vn -0.039386 -0.727789 0.684669
vn -0.041673 -0.688102 0.724416
vn -0.046679 -0.582571 0.811439
vn -0.052828 -0.392252 0.918339
vn -0.056076 -0.215936 0.974796
vn -0.056971 -0.126295 0.990355
vn -0.057133 -0.101742 0.993169
vn -0.057431 0.000000 0.998349
vn 0.058772 -0.087619 -0.994419
vn 0.058760 -0.089819 -0.994223
vn 0.058880 -0.063292 -0.996257
vn 0.058985 0.021198 -0.998034
vn 0.058084 0.175383 -0.982785
vn 0.055538 0.337453 -0.939703
vn 0.052413 0.459105 -0.886835
vn 0.048089 0.579333 -0.813671
vn 0.040465 0.727734 -0.684665
vn 0.027836 0.881705 -0.470980
vn 0.012968 0.975546 -0.219413
vn -0.002505 0.999098 0.042393
vn -0.019412 0.944324 0.328443
vn -0.033139 0.827344 0.560717
vn -0.041536 0.710191 0.702782
vn -0.047573 0.591463 0.804928
vn -0.052553 0.454483 0.889204
vn -0.056004 0.314547 0.947588
vn -0.057921 0.190266 0.980022
vn -0.058835 0.074470 0.995486
vn -0.058955 -0.038431 0.997521
vn -0.058382 -0.144197 0.987825
vn -0.057248 -0.241780 0.968641
vn -0.055318 -0.347674 0.935982
vn -0.050885 -0.506100 0.860972
vn -0.042153 -0.699658 0.713233
vn -0.034743 -0.808218 0.587857
vn -0.034814 -0.807349 0.589046
vn -0.038494 -0.757821 0.651326
vn -0.040461 -0.727789 0.684607
vn -0.042810 -0.688102 0.724350
vn -0.047953 -0.582571 0.811364
vn -0.054270 -0.392252 0.918255
vn -0.057607 -0.215936 0.974707
vn -0.058526 -0.126295 0.990265
vn -0.058692 -0.101742 0.993078
vn -0.058999 0.000000 0.998258
vn 0.060338 -0.086923 -0.994386
vn 0.060329 -0.088712 -0.994229
vn 0.060450 -0.062114 -0.996237
vn 0.060555 0.020643 -0.997951
vn 0.059694 0.169217 -0.983769
vn 0.057303 0.323868 -0.944365
vn 0.054390 0.439982 -0.896358
vn 0.050378 0.555115 -0.830247
vn 0.043230 0.700400 -0.712440
vn 0.030942 0.859657 -0.509934
vn 0.015743 0.965627 -0.259455
vn -0.000714 0.999931 0.011763
vn -0.019108 0.948931 0.314904
vn -0.034043 0.827086 0.561043
vn -0.043023 0.703860 0.709035
vn -0.049325 0.580332 0.812885
vn -0.054361 0.440966 0.895876
vn -0.057731 0.302452 0.951415
vn -0.059555 0.182048 0.981485
vn -0.060414 0.071127 0.995636
vn -0.060526 -0.036778 0.997489
vn -0.059982 -0.138672 0.988520
vn -0.058889 -0.233781 0.970504
vn -0.057002 -0.338033 0.939407
vn -0.052597 -0.495854 0.866812
vn -0.043654 -0.693197 0.719425
vn -0.035790 -0.806742 0.589819
vn -0.035739 -0.807349 0.588991
vn -0.039518 -0.757821 0.651265
vn -0.041537 -0.727789 0.684542
vn -0.043949 -0.688102 0.724282
vn -0.049228 -0.582571 0.811288
vn -0.055713 -0.392252 0.918169
vn -0.059139 -0.215936 0.974615
vn -0.060082 -0.126295 0.990171
vn -0.060253 -0.101742 0.992984
vn -0.060567 0.000000 0.998164
vn 0.061908 -0.085802 -0.994387
vn 0.061902 -0.086948 -0.994288
vn 0.062024 -0.060269 -0.996253
vn 0.062125 0.019790 -0.997872
vn 0.061337 0.159949 -0.985218
vn 0.059204 0.303626 -0.950950
vn 0.056635 0.411411 -0.909689
vn 0.053130 0.518562 -0.853387
vn 0.046804 0.657762 -0.751770
vn 0.035347 0.822440 -0.567753
vn 0.020076 0.946367 -0.322470
vn 0.002407 0.999249 -0.038670
vn -0.018193 0.956178 0.292221
vn -0.034965 0.826663 0.561610
vn -0.044763 0.693566 0.719001
vn -0.051367 0.562683 0.825075
vn -0.056385 0.420203 0.905677
vn -0.059572 0.284364 0.956864
vn -0.061234 0.169943 0.983550
vn -0.062001 0.066233 0.995876
vn -0.062101 -0.034346 0.997479
vn -0.061607 -0.130439 0.989540
vn -0.060591 -0.221681 0.973235
vn -0.058802 -0.323212 0.944498
vn -0.054520 -0.479729 0.875721
vn -0.045404 -0.682703 0.729284
vn -0.036922 -0.804314 0.593057
vn -0.036666 -0.807349 0.588934
vn -0.040542 -0.757821 0.651202
vn -0.042614 -0.727789 0.684476
vn -0.045088 -0.688102 0.724212
vn -0.050504 -0.582571 0.811209
vn -0.057158 -0.392252 0.918080
vn -0.060671 -0.215936 0.974521
vn -0.061640 -0.126295 0.990076
vn -0.061815 -0.101742 0.992888
vn -0.062137 0.000000 0.998068
f 1/1/1 38/38/38 39/39/39
f 1/1/1 39/39/39 2/2/2
f 2/2/2 39/39/39 40/40/40
f 2/2/2 40/40/40 3/3/3
f 3/3/3 40/40/40 41/41/41
f 3/3/3 41/41/41 4/4/4
f 4/4/4 41/41/41 42/42/42
f 4/4/4 42/42/42 5/5/5
f 5/5/5 42/42/42 43/43/43
f 5/5/5 43/43/43 6/6/6
f 6/6/6 43/43/43 44/44/44
f 6/6/6 44/44/44 7/7/7
f 7/7/7 44/44/44 45/45/45
f 7/7/7 45/45/45 8/8/8
f 8/8/8 45/45/45 46/46/46
f 8/8/8 46/46/46 9/9/9
f 9/9/9 46/46/46 47/47/47
f 9/9/9 47/47/47 10/10/10
f 10/10/10 47/47/47 48/48/48
f 10/10/10 48/48/48 11/11/11
f 11/11/11 48/48/48 49/49/49
f 11/11/11 49/49/49 12/12/12
f 12/12/12 49/49/49 50/50/50
f 12/12/12 50/50/50 13/13/13
f 13/13/13 50/50/50 51/51/51
f 13/13/13 51/51/51 14/14/14
f 14/14/14 51/51/51 52/52/52
f 14/14/14 52/52/52 15/15/15
f 15/15/15 52/52/52 53/53/53
f 15/15/15 53/53/53 16/16/16
f 16/16/16 53/53/53 54/54/54
f 16/16/16 54/54/54 17/17/17
f 17/17/17 54/54/54 55/55/55
f 17/17/17 55/55/55 18/18/18
f 18/18/18 55/55/55 56/56/56
f 18/18/18 56/56/56 19/19/19
f 19/19/19 56/56/56 57/57/57
f 19/19/19 57/57/57 20/20/20
f 20/20/20 57/57/57 58/58/58
f 20/20/20 58/58/58 21/21/21
f 21/21/21 58/58/58 59/59/59
f 21/21/21 59/59/59 22/22/22
f 22/22/22 59/59/59 60/60/60
f 22/22/22 60/60/60 23/23/23
f 23/23/23 60/60/60 61/61/61
f 23/23/23 61/61/61 24/24/24
f 24/24/24 61/61/61 62/62/62
f 24/24/24 62/62/62 25/25/25
f 25/25/25 62/62/62 63/63/63
f 25/25/25 63/63/63 26/26/26
f 26/26/26 63/63/63 64/64/64
f 26/26/26 64/64/64 27/27/27
f 27/27/27 64/64/64 65/65/65
f 27/27/27 65/65/65 28/28/28
f 28/28/28 65/65/65 66/66/66
f 28/28/28 66/66/66 29/29/29
f 29/29/29 66/66/66 67/67/67
f 29/29/29 67/67/67 30/30/30
f 30/30/30 67/67/67 68/68/68
f 30/30/30 68/68/68 31/31/31
f 31/31/31 68/68/68 69/69/69
f 31/31/31 69/69/69 32/32/32
f 32/32/32 69/69/69 70/70/70
f 32/32/32 70/70/70 33/33/33
f 33/33/33 70/70/70 71/71/71
f 33/33/33 71/71/71 34/34/34
f 34/34/34 71/71/71 72/72/72
f 34/34/34 72/72/72 35/35/35
f 35/35/35 72/72/72 73/73/73
f 35/35/35 73/73/73 36/36/36
f 36/36/36 73/73/73 74/74/74
f 36/36/36 74/74/74 37/37/37
f 38/38/38 75/75/75 76/76/76
f 38/38/38 76/76/76 39/39/39
f 39/39/39 76/76/76 77/77/77
f 39/39/39 77/77/77 40/40/40
f 40/40/40 77/77/77 78/78/78
f 40/40/40 78/78/78 41/41/41
f 41/41/41 78/78/78 79/79/79
f 41/41/41 79/79/79 42/42/42
f 42/42/42 79/79/79 80/80/80
f 42/42/42 80/80/80 43/43/43
f 43/43/43 80/80/80 81/81/81
f 43/43/43 81/81/81 44/44/44
f 44/44/44 81/81/81 82/82/82
f 44/44/44 82/82/82 45/45/45
f 45/45/45 82/82/82 83/83/83
f 45/45/45 83/83/83 46/46/46
f 46/46/46 83/83/83 84/84/84
f 46/46/46 84/84/84 47/47/47
f 47/47/47 84/84/84 85/85/85
f 47/47/47 85/85/85 48/48/48
f 48/48/48 85/85/85 86/86/86
f 48/48/48 86/86/86 49/49/49
f 49/49/49 86/86/86 87/87/87
f 49/49/49 87/87/87 50/50/50
f 50/50/50 87/87/87 88/88/88
f 50/50/50 88/88/88 51/51/51
f 51/51/51 88/88/88 89/89/89
f 51/51/51 89/89/89 52/52/52
f 52/52/52 89/89/89 90/90/90
f 52/52/52 90/90/90 53/53/53
f 53/53/53 90/90/90 91/91/91
f 53/53/53 91/91/91 54/54/54
f 54/54/54 91/91/91 92/92/92
f 54/54/54 92/92/92 55/55/55
f 55/55/55 92/92/92 93/93/93
f 55/55/55 93/93/93 56/56/56
f 56/56/56 93/93/93 94/94/94
f 56/56/56 94/94/94 57/57/57
f 57/57/57 94/94/94 95/95/95
f 57/57/57 95/95/95 58/58/58
f 58/58/58 95/95/95 96/96/96
f 58/58/58 96/96/96 59/59/59
f 59/59/59 96/96/96 97/97/97
f 59/59/59 97/97/97 60/60/60
f 60/60/60 97/97/97 98/98/98
f 60/60/60 98/98/98 61/61/61
f 61/61/61 98/98/98 99/99/99
f 61/61/61 99/99/99 62/62/62
f 62/62/62 99/99/99 100/100/100
f 62/62/62 100/100/100 63/63/63
f 63/63/63 100/100/100 101/101/101
f 63/63/63 101/101/101 64/64/64
f 64/64/64 101/101/101 102/102/102
f 64/64/64 102/102/102 65/65/65
f 65/65/65 102/102/102 103/103/103
f 65/65/65 103/103/103 66/66/66
f 66/66/66 103/103/103 104/104/104
f 66/66/66 104/104/104 67/67/67
f 67/67/67 104/104/104 105/105/105
f 67/67/67 105/105/105 68/68/68
f 68/68/68 105/105/105 106/106/106
f 68/68/68 106/106/106 69/69/69
f 69/69/69 106/106/106 107/107/107
f 69/69/69 107/107/107 70/70/70
f 70/70/70 107/107/107 108/108/108
f 70/70/70 108/108/108 71/71/71
f 71/71/71 108/108/108 109/109/109
f 71/71/71 109/109/109 72/72/72
f 72/72/72 109/109/109 110/110/110
f 72/72/72 110/110/110 73/73/73
f 73/73/73 110/110/110 111/111/111
f 73/73/73 111/111/111 74/74/74
f 75/75/75 112/112/112 113/113/113
f 75/75/75 113/113/113 76/76/76
f 76/76/76 113/113/113 114/114/114
f 76/76/76 114/114/114 77/77/77
f 77/77/77 114/114/114 115/115/115
f 77/77/77 115/115/115 78/78/78
f 78/78/78 115/115/115 116/116/116
f 78/78/78 116/116/116 79/79/79
f 79/79/79 116/116/116 117/117/117
f 79/79/79 117/117/117 80/80/80
f 80/80/80 117/117/117 118/118/118
f 80/80/80 118/118/118 81/81/81
f 81/81/81 118/118/118 119/119/119
f 81/81/81 119/119/119 82/82/82
f 82/82/82 119/119/119 120/120/120
f 82/82/82 120/120/120 83/83/83
f 83/83/83 120/120/120 121/121/121
f 83/83/83 121/121/121 84/84/84
f 84/84/84 121/121/121 122/122/122
f 84/84/84 122/122/122 85/85/85
f 85/85/85 122/122/122 123/123/123
f 85/85/85 123/123/123 86/86/86
f 86/86/86 123/123/123 124/124/124
f 86/86/86 124/124/124 87/87/87
f 87/87/87 124/124/124 125/125/125
f 87/87/87 125/125/125 88/88/88
f 88/88/88 125/125/125 126/126/126
f 88/88/88 126/126/126 89/89/89
f 89/89/89 126/126/126 127/127/127
f 89/89/89 127/127/127 90/90/90
f 90/90/90 127/127/127 128/128/128
f 90/90/90 128/128/128 91/91/91
f 91/91/91 128/128/128 129/129/129
f 91/91/91 129/129/129 92/92/92
f 92/92/92 129/129/129 130/130/130
f 92/92/92 130/130/130 93/93/93
f 93/93/93 130/130/130 131/131/131
f 93/93/93 131/131/131 94/94/94
f 94/94/94 131/131/131 132/132/132
f 94/94/94 132/132/132 95/95/95
f 95/95/95 132/132/132 133/133/133
f 95/95/95 133/133/133 96/96/96
f 96/96/96 133/133/133 134/134/134
f 96/96/96 134/134/134 97/97/97
f 97/97/97 134/134/134 135/135/135
f 97/97/97 135/135/135 98/98/98
f 98/98/98 135/135/135 136/136/136
f 98/98/98 136/136/136 99/99/99
f 99/99/99 136/136/136 137/137/137
f 99/99/99 137/137/137 100/100/100
f 100/100/100 137/137/137 138/138/138
f 100/100/100 138/138/138 101/101/101
f 101/101/101 138/138/138 139/139/139
f 101/101/101 139/139/139 102/102/102
f 102/102/102 139/139/139 140/140/140
f 102/102/102 140/140/140 103/103/103
f 103/103/103 140/140/140 141/141/141
f 103/103/103 141/141/141 104/104/104
f 104/104/104 141/141/141 142/142/142
f 104/104/104 142/142/142 105/105/105
f 105/105/105 142/142/142 143/143/143
f 105/105/105 143/143/143 106/106/106
f 106/106/106 143/143/143 144/144/144
f 106/106/106 144/144/144 107/107/107
f 107/107/107 144/144/144 145/145/145
f 107/107/107 145/145/145 108/108/108
f 108/108/108 145/145/145 146/146/146
f 108/108/108 146/146/146 109/109/109
f 109/109/109 146/146/146 147/147/147
f 109/109/109 147/147/147 110/110/110
f 110/110/110 147/147/147 148/148/148
f 110/110/110 148/148/148 111/111/111
f 112/112/112 149/149/149 150/150/150
f 112/112/112 150/150/150 113/113/113
f 113/113/113 150/150/150 151/151/151
f 113/113/113 151/151/151 114/114/114
f 114/114/114 151/151/151 152/152/152
f 114/114/114 152/152/152 115/115/115
f 115/115/115 152/152/152 153/153/153
f 115/115/115 153/153/153 116/116/116
f 116/116/116 153/153/153 154/154/154
f 116/116/116 154/154/154 117/117/117
f 117/117/117 154/154/154 155/155/155
f 117/117/117 155/155/155 118/118/118
f 118/118/118 155/155/155 156/156/156
f 118/118/118 156/156/156 119/119/119
f 119/119/119 156/156/156 157/157/157
f 119/119/119 157/157/157 120/120/120
f 120/120/120 157/157/157 158/158/158
f 120/120/120 158/158/158 121/121/121
f 121/121/121 158/158/158 159/159/159
f 121/121/121 159/159/159 122/122/122
f 122/122/122 159/159/159 160/160/160
f 122/122/122 160/160/160 123/123/123
f 123/123/123 160/160/160 161/161/161
f 123/123/123 161/161/161 124/124/124
f 124/124/124 161/161/161 162/162/162
f 124/124/124 162/162/162 125/125/125
f 125/125/125 162/162/162 163/163/163
f 125/125/125 163/163/163 126/126/126
f 126/126/126 163/163/163 164/164/164
f 126/126/126 164/164/164 127/127/127
f 127/127/127 164/164/164 165/165/165
f 127/127/127 165/165/165 128/128/128
f 128/128/128 165/165/165 166/166/166
f 128/128/128 166/166/166 129/129/129
f 129/129/129 166/166/166 167/167/167
f 129/129/129 167/167/167 130/130/130
f 130/130/130 167/167/167 168/168/168
f 130/130/130 168/168/168 131/131/131
f 131/131/131 168/168/168 169/169/169
f 131/131/131 169/169/169 132/132/132
f 132/132/132 169/169/169 170/170/170
f 132/132/132 170/170/170 133/133/133
f 133/133/133 170/170/170 171/171/171
f 133/133/133 171/171/171 134/134/134
f 134/134/134 171/171/171 172/172/172
f 134/134/134 172/172/172 135/135/135
f 135/135/135 172/172/172 173/173/173
f 135/135/135 173/173/173 136/136/136
f 136/136/136 173/173/173 174/174/174
f 136/136/136 174/174/174 137/137/137
f 137/137/137 174/174/174 175/175/175
f 137/137/137 175/175/175 138/138/138
f 138/138/138 175/175/175 176/176/176
f 138/138/138 176/176/176 139/139/139
f 139/139/139 176/176/176 177/177/177
f 139/139/139 177/177/177 140/140/140
f 140/140/140 177/177/177 178/178/178
f 140/140/140 178/178/178 141/141/141
f 141/141/141 178/178/178 179/179/179
f 141/141/141 179/179/179 142/142/142
f 142/142/142 179/179/179 180/180/180
f 142/142/142 180/180/180 143/143/143
f 143/143/143 180/180/180 181/181/181
f 143/143/143 181/181/181 144/144/144
f 144/144/144 181/181/181 182/182/182
f 144/144/144 182/182/182 145/145/145
f 145/145/145 182/182/182 183/183/183
f 145/145/145 183/183/183 146/146/146
f 146/146/146 183/183/183 184/184/184
f 146/146/146 184/184/184 147/147/147
f 147/147/147 184/184/184 185/185/185
f 147/147/147 185/185/185 148/148/148
f 149/149/149 186/186/186 187/187/187
f 149/149/149 187/187/187 150/150/150
f 150/150/150 187/187/187 188/188/188
f 150/150/150 188/188/188 151/151/151
f 151/151/151 188/188/188 189/189/189
f 151/151/151 189/189/189 152/152/152
f 152/152/152 189/189/189 190/190/190
f 152/152/152 190/190/190 153/153/153
f 153/153/153 190/190/190 191/191/191
f 153/153/153 191/191/191 154/154/154
f 154/154/154 191/191/191 192/192/192
f 154/154/154 192/192/192 155/155/155
f 155/155/155 192/192/192 193/193/193
f 155/155/155 193/193/193 156/156/156
f 156/156/156 193/193/193 194/194/194
f 156/156/156 194/194/194 157/157/157
f 157/157/157 194/194/194 195/195/195
f 157/157/157 195/195/195 158/158/158
f 158/158/158 195/195/195 196/196/196
f 158/158/158 196/196/196 159/159/159
f 159/159/159 196/196/196 197/197/197
f 159/159/159 197/197/197 160/160/160
f 160/160/160 197/197/197 198/198/198
f 160/160/160 198/198/198 161/161/161
f 161/161/161 198/198/198 199/199/199
f 161/161/161 199/199/199 162/162/162
f 162/162/162 199/199/199 200/200/200
f 162/162/162 200/200/200 163/163/163
f 163/163/163 200/200/200 201/201/201
f 163/163/163 201/201/201 164/164/164
f 164/164/164 201/201/201 202/202/202
f 164/164/164 202/202/202 165/165/165
f 165/165/165 202/202/202 203/203/203
f 165/165/165 203/203/203 166/166/166
f 166/166/166 203/203/203 204/204/204
f 166/166/166 204/204/204 167/167/167
f 167/167/167 204/204/204 205/205/205
f 167/167/167 205/205/205 168/168/168
f 168/168/168 205/205/205 206/206/206
f 168/168/168 206/206/206 169/169/169
f 169/169/169 206/206/206 207/207/207
f 169/169/169 207/207/207 170/170/170
f 170/170/170 207/207/207 208/208/208
f 170/170/170 208/208/208 171/171/171
f 171/171/171 208/208/208 209/209/209
f 171/171/171 209/209/209 172/172/172
f 172/172/172 209/209/209 210/210/210
f 172/172/172 210/210/210 173/173/173
f 173/173/173 210/210/210 211/211/211
f 173/173/173 211/211/211 174/174/174
f 174/174/174 211/211/211 212/212/212
f 174/174/174 212/212/212 175/175/175
f 175/175/175 212/212/212 213/213/213
f 175/175/175 213/213/213 176/176/176
f 176/176/176 213/213/213 214/214/214
f 176/176/176 214/214/214 177/177/177
f 177/177/177 214/214/214 215/215/215
f 177/177/177 215/215/215 178/178/178
f 178/178/178 215/215/215 216/216/216
f 178/178/178 216/216/216 179/179/179
f 179/179/179 216/216/216 217/217/217
f 179/179/179 217/217/217 180/180/180
f 180/180/180 217/217/217 218/218/218
f 180/180/180 218/218/218 181/181/181
f 181/181/181 218/218/218 219/219/219
f 181/181/181 219/219/219 182/182/182
f 182/182/182 219/219/219 220/220/220
f 182/182/182 220/220/220 183/183/183
f 183/183/183 220/220/220 221/221/221
f 183/183/183 221/221/221 184/184/184
f 184/184/184 221/221/221 222/222/222
f 184/184/184 222/222/222 185/185/185
f 186/186/186 223/223/223 224/224/224
f 186/186/186 224/224/224 187/187/187
f 187/187/187 224/224/224 225/225/225
f 187/187/187 225/225/225 188/188/188
f 188/188/188 225/225/225 226/226/226
f 188/188/188 226/226/226 189/189/189
f 189/189/189 226/226/226 227/227/227
f 189/189/189 227/227/227 190/190/190
f 190/190/190 227/227/227 228/228/228
f 190/190/190 228/228/228 191/191/191
f 191/191/191 228/228/228 229/229/229
f 191/191/191 229/229/229 192/192/192
f 192/192/192 229/229/229 230/230/230
f 192/192/192 230/230/230 193/193/193
f 193/193/193 230/230/230 231/231/231
f 193/193/193 231/231/231 194/194/194
f 194/194/194 231/231/231 232/232/232
f 194/194/194 232/232/232 195/195/195
f 195/195/195 232/232/232 233/233/233
f 195/195/195 233/233/233 196/196/196
f 196/196/196 233/233/233 234/234/234
f 196/196/196 234/234/234 197/197/197
f 197/197/197 234/234/234 235/235/235
f 197/197/197 235/235/235 198/198/198
f 198/198/198 235/235/235 236/236/236
f 198/198/198 236/236/236 199/199/199
f 199/199/199 236/236/236 237/237/237
f 199/199/199 237/237/237 200/200/200
f 200/200/200 237/237/237 238/238/238
f 200/200/200 238/238/238 201/201/201
f 201/201/201 238/238/238 239/239/239
f 201/201/201 239/239/239 202/202/202
f 202/202/202 239/239/239 240/240/240
f 202/202/202 240/240/240 203/203/203
f 203/203/203 240/240/240 241/241/241
f 203/203/203 241/241/241 204/204/204
f 204/204/204 241/241/241 242/242/242
f 204/204/204 242/242/242 205/205/205
f 205/205/205 242/242/242 243/243/243
f 205/205/205 243/243/243 206/206/206
f 206/206/206 243/243/243 244/244/244
f 206/206/206 244/244/244 207/207/207
f 207/207/207 244/244/244 245/245/245
f 207/207/207 245/245/245 208/208/208
f 208/208/208 245/245/245 246/246/246
f 208/208/208 246/246/246 209/209/209
f 209/209/209 246/246/246 247/247/247
f 209/209/209 247/247/247 210/210/210
f 210/210/210 247/247/247 248/248/248
f 210/210/210 248/248/248 211/211/211
f 211/211/211 248/248/248 249/249/249
f 211/211/211 249/249/249 212/212/212
f 212/212/212 249/249/249 250/250/250
f 212/212/212 250/250/250 213/213/213
f 213/213/213 250/250/250 251/251/251
f 213/213/213 251/251/251 214/214/214
f 214/214/214 251/251/251 252/252/252
f 214/214/214 252/252/252 215/215/215
f 215/215/215 252/252/252 253/253/253
f 215/215/215 253/253/253 216/216/216
f 216/216/216 253/253/253 254/254/254
f 216/216/216 254/254/254 217/217/217
f 217/217/217 254/254/254 255/255/255
f 217/217/217 255/255/255 218/218/218
f 218/218/218 255/255/255 256/256/256
f 218/218/218 256/256/256 219/219/219
f 219/219/219 256/256/256 257/257/257
f 219/219/219 257/257/257 220/220/220
f 220/220/220 257/257/257 258/258/258
f 220/220/220 258/258/258 221/221/221
f 221/221/221 258/258/258 259/259/259
f 221/221/221 259/259/259 222/222/222
f 223/223/223 260/260/260 261/261/261
f 223/223/223 261/261/261 224/224/224
f 224/224/224 261/261/261 262/262/262
f 224/224/224 262/262/262 225/225/225
f 225/225/225 262/262/262 263/263/263
f 225/225/225 263/263/263 226/226/226
f 226/226/226 263/263/263 264/264/264
f 226/226/226 264/264/264 227/227/227
f 227/227/227 264/264/264 265/265/265
f 227/227/227 265/265/265 228/228/228
f 228/228/228 265/265/265 266/266/266
f 228/228/228 266/266/266 229/229/229
f 229/229/229 266/266/266 267/267/267
f 229/229/229 267/267/267 230/230/230
f 230/230/230 267/267/267 268/268/268
f 230/230/230 268/268/268 231/231/231
f 231/231/231 268/268/268 269/269/269
f 231/231/231 269/269/269 232/232/232
f 232/232/232 269/269/269 270/270/270
f 232/232/232 270/270/270 233/233/233
f 233/233/233 270/270/270 271/271/271
f 233/233/233 271/271/271 234/234/234
f 234/234/234 271/271/271 272/272/272
f 234/234/234 272/272/272 235/235/235
f 235/235/235 272/272/272 273/273/273
f 235/235/235 273/273/273 236/236/236
f 236/236/236 273/273/273 274/274/274
f 236/236/236 274/274/274 237/237/237
f 237/237/237 274/274/274 275/275/275
f 237/237/237 275/275/275 238/238/238
f 238/238/238 275/275/275 276/276/276
f 238/238/238 276/276/276 239/239/239
f 239/239/239 276/276/276 277/277/277
f 239/239/239 277/277/277 240/240/240
f 240/240/240 277/277/277 278/278/278
f 240/240/240 278/278/278 241/241/241
f 241/241/241 278/278/278 279/279/279
f 241/241/241 279/279/279 242/242/242
f 242/242/242 279/279/279 280/280/280
f 242/242/242 280/280/280 243/243/243
f 243/243/243 280/280/280 281/281/281
f 243/243/243 281/281/281 244/244/244
f 244/244/244 281/281/281 282/282/282
f 244/244/244 282/282/282 245/245/245
f 245/245/245 282/282/282 283/283/283
f 245/245/245 283/283/283 246/246/246
f 246/246/246 283/283/283 284/284/284
f 246/246/246 284/284/284 247/247/247
f 247/247/247 284/284/284 285/285/285
f 247/247/247 285/285/285 248/248/248
f 248/248/248 285/285/285 286/286/286
f 248/248/248 286/286/286 249/249/249
f 249/249/249 286/286/286 287/287/287
f 249/249/249 287/287/287 250/250/250
f 250/250/250 287/287/287 288/288/288
f 250/250/250 288/288/288 251/251/251
f 251/251/251 288/288/288 289/289/289
f 251/251/251 289/289/289 252/252/252
f 252/252/252 289/289/289 290/290/290
f 252/252/252 290/290/290 253/253/253
f 253/253/253 290/290/290 291/291/291
f 253/253/253 291/291/291 254/254/254
f 254/254/254 291/291/291 292/292/292
f 254/254/254 292/292/292 255/255/255
f 255/255/255 292/292/292 293/293/293
f 255/255/255 293/293/293 256/256/256
f 256/256/256 293/293/293 294/294/294
f 256/256/256 294/294/294 257/257/257
f 257/257/257 294/294/294 295/295/295
f 257/257/257 295/295/295 258/258/258
f 258/258/258 295/295/295 296/296/296
f 258/258/258 296/296/296 259/259/259
f 260/260/260 297/297/297 298/298/298
f 260/260/260 298/298/298 261/261/261
f 261/261/261 298/298/298 299/299/299
f 261/261/261 299/299/299 262/262/262
f 262/262/262 299/299/299 300/300/300
f 262/262/262 300/300/300 263/263/263
f 263/263/263 300/300/300 301/301/301
f 263/263/263 301/301/301 264/264/264
f 264/264/264 301/301/301 302/302/302
f 264/264/264 302/302/302 265/265/265
f 265/265/265 302/302/302 303/303/303
f 265/265/265 303/303/303 266/266/266
f 266/266/266 303/303/303 304/304/304
f 266/266/266 304/304/304 267/267/267
f 267/267/267 304/304/304 305/305/305
f 267/267/267 305/305/305 268/268/268
f 268/268/268 305/305/305 306/306/306
f 268/268/268 306/306/306 269/269/269
f 269/269/269 306/306/306 307/307/307
f 269/269/269 307/307/307 270/270/270
f 270/270/270 307/307/307 308/308/308
f 270/270/270 308/308/308 271/271/271
f 271/271/271 308/308/308 309/309/309
f 271/271/271 309/309/309 272/272/272
f 272/272/272 309/309/309 310/310/310
f 272/272/272 310/310/310 273/273/273
f 273/273/273 310/310/310 311/311/311
f 273/273/273 311/311/311 274/274/274
f 274/274/274 311/311/311 312/312/312
f 274/274/274 312/312/312 275/275/275
f 275/275/275 312/312/312 313/313/313
f 275/275/275 313/313/313 276/276/276
f 276/276/276 313/313/313 314/314/314
f 276/276/276 314/314/314 277/277/277
f 277/277/277 314/314/314 315/315/315
f 277/277/277 315/315/315 278/278/278
f 278/278/278 315/315/315 316/316/316
f 278/278/278 316/316/316 279/279/279
f 279/279/279 316/316/316 317/317/317
f 279/279/279 317/317/317 280/280/280
f 280/280/280 317/317/317 318/318/318
f 280/280/280 318/318/318 281/281/281
f 281/281/281 318/318/318 319/319/319
f 281/281/281 319/319/319 282/282/282
f 282/282/282 319/319/319 320/320/320
f 282/282/282 320/320/320 283/283/283
f 283/283/283 320/320/320 321/321/321
f 283/283/283 321/321/321 284/284/284
f 284/284/284 321/321/321 322/322/322
f 284/284/284 322/322/322 285/285/285
f 285/285/285 322/322/322 323/323/323
f 285/285/285 323/323/323 286/286/286
f 286/286/286 323/323/323 324/324/324
f 286/286/286 324/324/324 287/287/287
f 287/287/287 324/324/324 325/325/325
f 287/287/287 325/325/325 288/288/288
f 288/288/288 325/325/325 326/326/326
f 288/288/288 326/326/326 289/289/289
f 289/289/289 326/326/326 327/327/327
f 289/289/289 327/327/327 290/290/290
f 290/290/290 327/327/327 328/328/328
f 290/290/290 328/328/328 291/291/291
f 291/291/291 328/328/328 329/329/329
f 291/291/291 329/329/329 292/292/292
f 292/292/292 329/329/329 330/330/330
f 292/292/292 330/330/330 293/293/293
f 293/293/293 330/330/330 331/331/331
f 293/293/293 331/331/331 294/294/294
f 294/294/294 331/331/331 332/332/332
f 294/294/294 332/332/332 295/295/295
f 295/295/295 332/332/332 333/333/333
f 295/295/295 333/333/333 296/296/296
f 297/297/297 334/334/334 335/335/335
f 297/297/297 335/335/335 298/298/298
f 298/298/298 335/335/335 336/336/336
f 298/298/298 336/336/336 299/299/299
f 299/299/299 336/336/336 337/337/337
f 299/299/299 337/337/337 300/300/300
f 300/300/300 337/337/337 338/338/338
f 300/300/300 338/338/338 301/301/301
f 301/301/301 338/338/338 339/339/339
f 301/301/301 339/339/339 302/302/302
f 302/302/302 339/339/339 340/340/340
f 302/302/302 340/340/340 303/303/303
f 303/303/303 340/340/340 341/341/341
f 303/303/303 341/341/341 304/304/304
f 304/304/304 341/341/341 342/342/342
f 304/304/304 342/342/342 305/305/305
f 305/305/305 342/342/342 343/343/343
f 305/305/305 343/343/343 306/306/306
f 306/306/306 343/343/343 344/344/344
f 306/306/306 344/344/344 307/307/307
f 307/307/307 344/344/344 345/345/345
f 307/307/307 345/345/345 308/308/308
f 308/308/308 345/345/345 346/346/346
f 308/308/308 346/346/346 309/309/309
f 309/309/309 346/346/346 347/347/347
f 309/309/309 347/347/347 310/310/310
f 310/310/310 347/347/347 348/348/348
f 310/310/310 348/348/348 311/311/311
f 311/311/311 348/348/348 349/349/349
f 311/311/311 349/349/349 312/312/312
f 312/312/312 349/349/349 350/350/350
f 312/312/312 350/350/350 313/313/313
f 313/313/313 350/350/350 351/351/351
f 313/313/313 351/351/351 314/314/314
f 314/314/314 351/351/351 352/352/352
f 314/314/314 352/352/352 315/315/315
f 315/315/315 352/352/352 353/353/353
f 315/315/315 353/353/353 316/316/316
f 316/316/316 353/353/353 354/354/354
f 316/316/316 354/354/354 317/317/317
f 317/317/317 354/354/354 355/355/355
f 317/317/317 355/355/355 318/318/318
f 318/318/318 355/355/355 356/356/356
f 318/318/318 356/356/356 319/319/319
f 319/319/319 356/356/356 357/357/357
f 319/319/319 357/357/357 320/320/320
f 320/320/320 357/357/357 358/358/358
f 320/320/320 358/358/358 321/321/321
f 321/321/321 358/358/358 359/359/359
f 321/321/321 359/359/359 322/322/322
f 322/322/322 359/359/359 360/360/360
f 322/322/322 360/360/360 323/323/323
f 323/323/323 360/360/360 361/361/361
f 323/323/323 361/361/361 324/324/324
f 324/324/324 361/361/361 362/362/362
f 324/324/324 362/362/362 325/325/325
f 325/325/325 362/362/362 363/363/363
f 325/325/325 363/363/363 326/326/326
f 326/326/326 363/363/363 364/364/364
f 326/326/326 364/364/364 327/327/327
f 327/327/327 364/364/364 365/365/365
f 327/327/327 365/365/365 328/328/328
f 328/328/328 365/365/365 366/366/366
f 328/328/328 366/366/366 329/329/329
f 329/329/329 366/366/366 367/367/367
f 329/329/329 367/367/367 330/330/330
f 330/330/330 367/367/367 368/368/368
f 330/330/330 368/368/368 331/331/331
f 331/331/331 368/368/368 369/369/369
f 331/331/331 369/369/369 332/332/332
f 332/332/332 369/369/369 370/370/370
f 332/332/332 370/370/370 333/333/333
f 334/334/334 371/371/371 372/372/372
f 334/334/334 372/372/372 335/335/335
f 335/335/335 372/372/372 373/373/373
f 335/335/335 373/373/373 336/336/336
f 336/336/336 373/373/373 374/374/374
f 336/336/336 374/374/374 337/337/337
f 337/337/337 374/374/374 375/375/375
f 337/337/337 375/375/375 338/338/338
f 338/338/338 375/375/375 376/376/376
f 338/338/338 376/376/376 339/339/339
f 339/339/339 376/376/376 377/377/377
f 339/339/339 377/377/377 340/340/340
f 340/340/340 377/377/377 378/378/378
f 340/340/340 378/378/378 341/341/341
f 341/341/341 378/378/378 379/379/379
f 341/341/341 379/379/379 342/342/342
f 342/342/342 379/379/379 380/380/380
f 342/342/342 380/380/380 343/343/343
f 343/343/343 380/380/380 381/381/381
f 343/343/343 381/381/381 344/344/344
f 344/344/344 381/381/381 382/382/382
f 344/344/344 382/382/382 345/345/345
f 345/345/345 382/382/382 383/383/383
f 345/345/345 383/383/383 346/346/346
f 346/346/346 383/383/383 384/384/384
f 346/346/346 384/384/384 347/347/347
f 347/347/347 384/384/384 385/385/385
f 347/347/347 385/385/385 348/348/348
f 348/348/348 385/385/385 386/386/386
f 348/348/348 386/386/386 349/349/349
f 349/349/349 386/386/386 387/387/387
f 349/349/349 387/387/387 350/350/350
f 350/350/350 387/387/387 388/388/388
f 350/350/350 388/388/388 351/351/351
f 351/351/351 388/388/388 389/389/389
f 351/351/351 389/389/389 352/352/352
f 352/352/352 389/389/389 390/390/390
f 352/352/352 390/390/390 353/353/353
f 353/353/353 390/390/390 391/391/391
f 353/353/353 391/391/391 354/354/354
f 354/354/354 391/391/391 392/392/392
f 354/354/354 392/392/392 355/355/355
f 355/355/355 392/392/392 393/393/393
f 355/355/355 393/393/393 356/356/356
f 356/356/356 393/393/393 394/394/394
f 356/356/356 394/394/394 357/357/357
f 357/357/357 394/394/394 395/395/395
f 357/357/357 395/395/395 358/358/358
f 358/358/358 395/395/395 396/396/396
f 358/358/358 396/396/396 359/359/359
f 359/359/359 396/396/396 397/397/397
f 359/359/359 397/397/397 360/360/360
f 360/360/360 397/397/397 398/398/398
f 360/360/360 398/398/398 361/361/361
f 361/361/361 398/398/398 399/399/399
f 361/361/361 399/399/399 362/362/362
f 362/362/362 399/399/399 400/400/400
f 362/362/362 400/400/400 363/363/363
f 363/363/363 400/400/400 401/401/401
f 363/363/363 401/401/401 364/364/364
f 364/364/364 401/401/401 402/402/402
f 364/364/364 402/402/402 365/365/365
f 365/365/365 402/402/402 403/403/403
f 365/365/365 403/403/403 366/366/366
f 366/366/366 403/403/403 404/404/404
f 366/366/366 404/404/404 367/367/367
f 367/367/367 404/404/404 405/405/405
f 367/367/367 405/405/405 368/368/368
f 368/368/368 405/405/405 406/406/406
f 368/368/368 406/406/406 369/369/369
f 369/369/369 406/406/406 407/407/407
f 369/369/369 407/407/407 370/370/370
f 371/371/371 408/408/408 409/409/409
f 371/371/371 409/409/409 372/372/372
f 372/372/372 409/409/409 410/410/410
f 372/372/372 410/410/410 373/373/373
f 373/373/373 410/410/410 411/411/411
f 373/373/373 411/411/411 374/374/374
f 374/374/374 411/411/411 412/412/412
f 374/374/374 412/412/412 375/375/375
f 375/375/375 412/412/412 413/413/413
f 375/375/375 413/413/413 376/376/376
f 376/376/376 413/413/413 414/414/414
f 376/376/376 414/414/414 377/377/377
f 377/377/377 414/414/414 415/415/415
f 377/377/377 415/415/415 378/378/378
f 378/378/378 415/415/415 416/416/416
f 378/378/378 416/416/416 379/379/379
f 379/379/379 416/416/416 417/417/417
f 379/379/379 417/417/417 380/380/380
f 380/380/380 417/417/417 418/418/418
f 380/380/380 418/418/418 381/381/381
f 381/381/381 418/418/418 419/419/419
f 381/381/381 419/419/419 382/382/382
f 382/382/382 419/419/419 420/420/420
f 382/382/382 420/420/420 383/383/383
f 383/383/383 420/420/420 421/421/421
f 383/383/383 421/421/421 384/384/384
f 384/384/384 421/421/421 422/422/422
f 384/384/384 422/422/422 385/385/385
f 385/385/385 422/422/422 423/423/423
f 385/385/385 423/423/423 386/386/386
f 386/386/386 423/423/423 424/424/424
f 386/386/386 424/424/424 387/387/387
f 387/387/387 424/424/424 425/425/425
f 387/387/387 425/425/425 388/388/388
f 388/388/388 425/425/425 426/426/426
f 388/388/388 426/426/426 389/389/389
f 389/389/389 426/426/426 427/427/427
f 389/389/389 427/427/427 390/390/390
f 390/390/390 427/427/427 428/428/428
f 390/390/390 428/428/428 391/391/391
f 391/391/391 428/428/428 429/429/429
f 391/391/391 429/429/429 392/392/392
f 392/392/392 429/429/429 430/430/430
f 392/392/392 430/430/430 393/393/393
f 393/393/393 430/430/430 431/431/431
f 393/393/393 431/431/431 394/394/394
f 394/394/394 431/431/431 432/432/432
f 394/394/394 432/432/432 395/395/395
f 395/395/395 432/432/432 433/433/433
f 395/395/395 433/433/433 396/396/396
f 396/396/396 433/433/433 434/434/434
f 396/396/396 434/434/434 397/397/397
f 397/397/397 434/434/434 435/435/435
f 397/397/397 435/435/435 398/398/398
f 398/398/398 435/435/435 436/436/436
f 398/398/398 436/436/436 399/399/399
f 399/399/399 436/436/436 437/437/437
f 399/399/399 437/437/437 400/400/400
f 400/400/400 437/437/437 438/438/438
f 400/400/400 438/438/438 401/401/401
f 401/401/401 438/438/438 439/439/439
f 401/401/401 439/439/439 402/402/402
f 402/402/402 439/439/439 440/440/440
f 402/402/402 440/440/440 403/403/403
f 403/403/403 440/440/440 441/441/441
f 403/403/403 441/441/441 404/404/404
f 404/404/404 441/441/441 442/442/442
f 404/404/404 442/442/442 405/405/405
f 405/405/405 442/442/442 443/443/443
f 405/405/405 443/443/443 406/406/406
f 406/406/406 443/443/443 444/444/444
f 406/406/406 444/444/444 407/407/407
f 408/408/408 445/445/445 446/446/446
f 408/408/408 446/446/446 409/409/409
f 409/409/409 446/446/446 447/447/447
f 409/409/409 447/447/447 410/410/410
f 410/410/410 447/447/447 448/448/448
f 410/410/410 448/448/448 411/411/411
f 411/411/411 448/448/448 449/449/449
f 411/411/411 449/449/449 412/412/412
f 412/412/412 449/449/449 450/450/450
f 412/412/412 450/450/450 413/413/413
f 413/413/413 450/450/450 451/451/451
f 413/413/413 451/451/451 414/414/414
f 414/414/414 451/451/451 452/452/452
f 414/414/414 452/452/452 415/415/415
f 415/415/415 452/452/452 453/453/453
f 415/415/415 453/453/453 416/416/416
f 416/416/416 453/453/453 454/454/454
f 416/416/416 454/454/454 417/417/417
f 417/417/417 454/454/454 455/455/455
f 417/417/417 455/455/455 418/418/418
f 418/418/418 455/455/455 456/456/456
f 418/418/418 456/456/456 419/419/419
f 419/419/419 456/456/456 457/457/457
f 419/419/419 457/457/457 420/420/420
f 420/420/420 457/457/457 458/458/458
f 420/420/420 458/458/458 421/421/421
f 421/421/421 458/458/458 459/459/459
f 421/421/421 459/459/459 422/422/422
f 422/422/422 459/459/459 460/460/460
f 422/422/422 460/460/460 423/423/423
f 423/423/423 460/460/460 461/461/461
f 423/423/423 461/461/461 424/424/424
f 424/424/424 461/461/461 462/462/462
f 424/424/424 462/462/462 425/425/425
f 425/425/425 462/462/462 463/463/463
f 425/425/425 463/463/463 426/426/426
f 426/426/426 463/463/463 464/464/464
f 426/426/426 464/464/464 427/427/427
f 427/427/427 464/464/464 465/465/465
f 427/427/427 465/465/465 428/428/428
f 428/428/428 465/465/465 466/466/466
f 428/428/428 466/466/466 429/429/429
f 429/429/429 466/466/466 467/467/467
f 429/429/429 467/467/467 430/430/430
f 430/430/430 467/467/467 468/468/468
f 430/430/430 468/468/468 431/431/431
f 431/431/431 468/468/468 469/469/469
f 431/431/431 469/469/469 432/432/432
f 432/432/432 469/469/469 470/470/470
f 432/432/432 470/470/470 433/433/433
f 433/433/433 470/470/470 471/471/471
f 433/433/433 471/471/471 434/434/434
f 434/434/434 471/471/471 472/472/472
f 434/434/434 472/472/472 435/435/435
f 435/435/435 472/472/472 473/473/473
f 435/435/435 473/473/473 436/436/436
f 436/436/436 473/473/473 474/474/474
f 436/436/436 474/474/474 437/437/437
f 437/437/437 474/474/474 475/475/475
f 437/437/437 475/475/475 438/438/438
f 438/438/438 475/475/475 476/476/476
f 438/438/438 476/476/476 439/439/439
f 439/439/439 476/476/476 477/477/477
f 439/439/439 477/477/477 440/440/440
f 440/440/440 477/477/477 478/478/478
f 440/440/440 478/478/478 441/441/441
f 441/441/441 478/478/478 479/479/479
f 441/441/441 479/479/479 442/442/442
f 442/442/442 479/479/479 480/480/480
f 442/442/442 480/480/480 443/443/443
f 443/443/443 480/480/480 481/481/481
f 443/443/443 481/481/481 444/444/444
f 445/445/445 482/482/482 483/483/483
f 445/445/445 483/483/483 446/446/446
f 446/446/446 483/483/483 484/484/484
f 446/446/446 484/484/484 447/447/447
f 447/447/447 484/484/484 485/485/485
f 447/447/447 485/485/485 448/448/448
f 448/448/448 485/485/485 486/486/486
f 448/448/448 486/486/486 449/449/449
f 449/449/449 486/486/486 487/487/487
f 449/449/449 487/487/487 450/450/450
f 450/450/450 487/487/487 488/488/488
f 450/450/450 488/488/488 451/451/451
f 451/451/451 488/488/488 489/489/489
f 451/451/451 489/489/489 452/452/452
f 452/452/452 489/489/489 490/490/490
f 452/452/452 490/490/490 453/453/453
f 453/453/453 490/490/490 491/491/491
f 453/453/453 491/491/491 454/454/454
f 454/454/454 491/491/491 492/492/492
f 454/454/454 492/492/492 455/455/455
f 455/455/455 492/492/492 493/493/493
f 455/455/455 493/493/493 456/456/456
f 456/456/456 493/493/493 494/494/494
f 456/456/456 494/494/494 457/457/457
f 457/457/457 494/494/494 495/495/495
f 457/457/457 495/495/495 458/458/458
f 458/458/458 495/495/495 496/496/496
f 458/458/458 496/496/496 459/459/459
f 459/459/459 496/496/496 497/497/497
f 459/459/459 497/497/497 460/460/460
f 460/460/460 497/497/497 498/498/498
f 460/460/460 498/498/498 461/461/461
f 461/461/461 498/498/498 499/499/499
f 461/461/461 499/499/499 462/462/462
f 462/462/462 499/499/499 500/500/500
f 462/462/462 500/500/500 463/463/463
f 463/463/463 500/500/500 501/501/501
f 463/463/463 501/501/501 464/464/464
f 464/464/464 501/501/501 502/502/502
f 464/464/464 502/502/502 465/465/465
f 465/465/465 502/502/502 503/503/503
f 465/465/465 503/503/503 466/466/466
f 466/466/466 503/503/503 504/504/504
f 466/466/466 504/504/504 467/467/467
f 467/467/467 504/504/504 505/505/505
f 467/467/467 505/505/505 468/468/468
f 468/468/468 505/505/505 506/506/506
f 468/468/468 506/506/506 469/469/469
f 469/469/469 506/506/506 507/507/507
f 469/469/469 507/507/507 470/470/470
f 470/470/470 507/507/507 508/508/508
f 470/470/470 508/508/508 471/471/471
f 471/471/471 508/508/508 509/509/509
f 471/471/471 509/509/509 472/472/472
f 472/472/472 509/509/509 510/510/510
f 472/472/472 510/510/510 473/473/473
f 473/473/473 510/510/510 511/511/511
f 473/473/473 511/511/511 474/474/474
f 474/474/474 511/511/511 512/512/512
f 474/474/474 512/512/512 475/475/475
f 475/475/475 512/512/512 513/513/513
f 475/475/475 513/513/513 476/476/476
f 476/476/476 513/513/513 514/514/514
f 476/476/476 514/514/514 477/477/477
f 477/477/477 514/514/514 515/515/515
f 477/477/477 515/515/515 478/478/478
f 478/478/478 515/515/515 516/516/516
f 478/478/478 516/516/516 479/479/479
f 479/479/479 516/516/516 517/517/517
f 479/479/479 517/517/517 480/480/480
f 480/480/480 517/517/517 518/518/518
f 480/480/480 518/518/518 481/481/481
f 482/482/482 519/519/519 520/520/520
f 482/482/482 520/520/520 483/483/483
f 483/483/483 520/520/520 521/521/521
f 483/483/483 521/521/521 484/484/484
f 484/484/484 521/521/521 522/522/522
f 484/484/484 522/522/522 485/485/485
f 485/485/485 522/522/522 523/523/523
f 485/485/485 523/523/523 486/486/486
f 486/486/486 523/523/523 524/524/524
f 486/486/486 524/524/524 487/487/487
f 487/487/487 524/524/524 525/525/525
f 487/487/487 525/525/525 488/488/488
f 488/488/488 525/525/525 526/526/526
f 488/488/488 526/526/526 489/489/489
f 489/489/489 526/526/526 527/527/527
f 489/489/489 527/527/527 490/490/490
f 490/490/490 527/527/527 528/528/528
f 490/490/490 528/528/528 491/491/491
f 491/491/491 528/528/528 529/529/529
f 491/491/491 529/529/529 492/492/492
f 492/492/492 529/529/529 530/530/530
f 492/492/492 530/530/530 493/493/493
f 493/493/493 530/530/530 531/531/531
f 493/493/493 531/531/531 494/494/494
f 494/494/494 531/531/531 532/532/532
f 494/494/494 532/532/532 495/495/495
f 495/495/495 532/532/532 533/533/533
f 495/495/495 533/533/533 496/496/496
f 496/496/496 533/533/533 534/534/534
f 496/496/496 534/534/534 497/497/497
f 497/497/497 534/534/534 535/535/535
f 497/497/497 535/535/535 498/498/498
f 498/498/498 535/535/535 536/536/536
f 498/498/498 536/536/536 499/499/499
f 499/499/499 536/536/536 537/537/537
f 499/499/499 537/537/537 500/500/500
f 500/500/500 537/537/537 538/538/538
f 500/500/500 538/538/538 501/501/501
f 501/501/501 538/538/538 539/539/539
f 501/501/501 539/539/539 502/502/502
f 502/502/502 539/539/539 540/540/540
f 502/502/502 540/540/540 503/503/503
f 503/503/503 540/540/540 541/541/541
f 503/503/503 541/541/541 504/504/504
f 504/504/504 541/541/541 542/542/542
f 504/504/504 542/542/542 505/505/505
f 505/505/505 542/542/542 543/543/543
f 505/505/505 543/543/543 506/506/506
f 506/506/506 543/543/543 544/544/544
f 506/506/506 544/544/544 507/507/507
f 507/507/507 544/544/544 545/545/545
f 507/507/507 545/545/545 508/508/508
f 508/508/508 545/545/545 546/546/546
f 508/508/508 546/546/546 509/509/509
f 509/509/509 546/546/546 547/547/547
f 509/509/509 547/547/547 510/510/510
f 510/510/510 547/547/547 548/548/548
f 510/510/510 548/548/548 511/511/511
f 511/511/511 548/548/548 549/549/549
f 511/511/511 549/549/549 512/512/512
f 512/512/512 549/549/549 550/550/550
f 512/512/512 550/550/550 513/513/513
f 513/513/513 550/550/550 551/551/551
f 513/513/513 551/551/551 514/514/514
f 514/514/514 551/551/551 552/552/552
f 514/514/514 552/552/552 515/515/515
f 515/515/515 552/552/552 553/553/553
f 515/515/515 553/553/553 516/516/516
f 516/516/516 553/553/553 554/554/554
f 516/516/516 554/554/554 517/517/517
f 517/517/517 554/554/554 555/555/555
f 517/517/517 555/555/555 518/518/518
f 519/519/519 556/556/556 557/557/557
f 519/519/519 557/557/557 520/520/520
f 520/520/520 557/557/557 558/558/558
f 520/520/520 558/558/558 521/521/521
f 521/521/521 558/558/558 559/559/559
f 521/521/521 559/559/559 522/522/522
f 522/522/522 559/559/559 560/560/560
f 522/522/522 560/560/560 523/523/523
f 523/523/523 560/560/560 561/561/561
f 523/523/523 561/561/561 524/524/524
f 524/524/524 561/561/561 562/562/562
f 524/524/524 562/562/562 525/525/525
f 525/525/525 562/562/562 563/563/563
f 525/525/525 563/563/563 526/526/526
f 526/526/526 563/563/563 564/564/564
f 526/526/526 564/564/564 527/527/527
f 527/527/527 564/564/564 565/565/565
f 527/527/527 565/565/565 528/528/528
f 528/528/528 565/565/565 566/566/566
f 528/528/528 566/566/566 529/529/529
f 529/529/529 566/566/566 567/567/567
f 529/529/529 567/567/567 530/530/530
f 530/530/530 567/567/567 568/568/568
f 530/530/530 568/568/568 531/531/531
f 531/531/531 568/568/568 569/569/569
f 531/531/531 569/569/569 532/532/532
f 532/532/532 569/569/569 570/570/570
f 532/532/532 570/570/570 533/533/533
f 533/533/533 570/570/570 571/571/571
f 533/533/533 571/571/571 534/534/534
f 534/534/534 571/571/571 572/572/572
f 534/534/534 572/572/572 535/535/535
f 535/535/535 572/572/572 573/573/573
f 535/535/535 573/573/573 536/536/536
f 536/536/536 573/573/573 574/574/574
f 536/536/536 574/574/574 537/537/537
f 537/537/537 574/574/574 575/575/575
f 537/537/537 575/575/575 538/538/538
f 538/538/538 575/575/575 576/576/576
f 538/538/538 576/576/576 539/539/539
f 539/539/539 576/576/576 577/577/577
f 539/539/539 577/577/577 540/540/540
f 540/540/540 577/577/577 578/578/578
f 540/540/540 578/578/578 541/541/541
f 541/541/541 578/578/578 579/579/579
f 541/541/541 579/579/579 542/542/542
f 542/542/542 579/579/579 580/580/580
f 542/542/542 580/580/580 543/543/543
f 543/543/543 580/580/580 581/581/581
f 543/543/543 581/581/581 544/544/544
f 544/544/544 581/581/581 582/582/582
f 544/544/544 582/582/582 545/545/545
f 545/545/545 582/582/582 583/583/583
f 545/545/545 583/583/583 546/546/546
f 546/546/546 583/583/583 584/584/584
f 546/546/546 584/584/584 547/547/547
f 547/547/547 584/584/584 585/585/585
f 547/547/547 585/585/585 548/548/548
f 548/548/548 585/585/585 586/586/586
f 548/548/548 586/586/586 549/549/549
f 549/549/549 586/586/586 587/587/587
f 549/549/549 587/587/587 550/550/550
f 550/550/550 587/587/587 588/588/588
f 550/550/550 588/588/588 551/551/551
f 551/551/551 588/588/588 589/589/589
f 551/551/551 589/589/589 552/552/552
f 552/552/552 589/589/589 590/590/590
f 552/552/552 590/590/590 553/553/553
f 553/553/553 590/590/590 591/591/591
f 553/553/553 591/591/591 554/554/554
f 554/554/554 591/591/591 592/592/592
f 554/554/554 592/592/592 555/555/555
f 556/556/556 593/593/593 594/594/594
f 556/556/556 594/594/594 557/557/557
f 557/557/557 594/594/594 595/595/595
f 557/557/557 595/595/595 558/558/558
f 558/558/558 595/595/595 596/596/596
f 558/558/558 596/596/596 559/559/559
f 559/559/559 596/596/596 597/597/597
f 559/559/559 597/597/597 560/560/560
f 560/560/560 597/597/597 598/598/598
f 560/560/560 598/598/598 561/561/561
f 561/561/561 598/598/598 599/599/599
f 561/561/561 599/599/599 562/562/562
f 562/562/562 599/599/599 600/600/600
f 562/562/562 600/600/600 563/563/563
f 563/563/563 600/600/600 601/601/601
f 563/563/563 601/601/601 564/564/564
f 564/564/564 601/601/601 602/602/602
f 564/564/564 602/602/602 565/565/565
f 565/565/565 602/602/602 603/603/603
f 565/565/565 603/603/603 566/566/566
f 566/566/566 603/603/603 604/604/604
f 566/566/566 604/604/604 567/567/567
f 567/567/567 604/604/604 605/605/605
f 567/567/567 605/605/605 568/568/568
f 568/568/568 605/605/605 606/606/606
f 568/568/568 606/606/606 569/569/569
f 569/569/569 606/606/606 607/607/607
f 569/569/569 607/607/607 570/570/570
f 570/570/570 607/607/607 608/608/608
f 570/570/570 608/608/608 571/571/571
f 571/571/571 608/608/608 609/609/609
f 571/571/571 609/609/609 572/572/572
f 572/572/572 609/609/609 610/610/610
f 572/572/572 610/610/610 573/573/573
f 573/573/573 610/610/610 611/611/611
f 573/573/573 611/611/611 574/574/574
f 574/574/574 611/611/611 612/612/612
f 574/574/574 612/612/612 575/575/575
f 575/575/575 612/612/612 613/613/613
f 575/575/575 613/613/613 576/576/576
f 576/576/576 613/613/613 614/614/614
f 576/576/576 614/614/614 577/577/577
f 577/577/577 614/614/614 615/615/615
f 577/577/577 615/615/615 578/578/578
f 578/578/578 615/615/615 616/616/616
f 578/578/578 616/616/616 579/579/579
f 579/579/579 616/616/616 617/617/617
f 579/579/579 617/617/617 580/580/580
f 580/580/580 617/617/617 618/618/618
f 580/580/580 618/618/618 581/581/581
f 581/581/581 618/618/618 619/619/619
f 581/581/581 619/619/619 582/582/582
f 582/582/582 619/619/619 620/620/620
f 582/582/582 620/620/620 583/583/583
f 583/583/583 620/620/620 621/621/621
f 583/583/583 621/621/621 584/584/584
f 584/584/584 621/621/621 622/622/622
f 584/584/584 622/622/622 585/585/585
f 585/585/585 622/622/622 623/623/623
f 585/585/585 623/623/623 586/586/586
f 586/586/586 623/623/623 624/624/624
f 586/586/586 624/624/624 587/587/587
f 587/587/587 624/624/624 625/625/625
f 587/587/587 625/625/625 588/588/588
f 588/588/588 625/625/625 626/626/626
f 588/588/588 626/626/626 589/589/589
f 589/589/589 626/626/626 627/627/627
f 589/589/589 627/627/627 590/590/590
f 590/590/590 627/627/627 628/628/628
f 590/590/590 628/628/628 591/591/591
f 591/591/591 628/628/628 629/629/629
f 591/591/591 629/629/629 592/592/592
f 593/593/593 630/630/630 631/631/631
f 593/593/593 631/631/631 594/594/594
f 594/594/594 631/631/631 632/632/632
f 594/594/594 632/632/632 595/595/595
f 595/595/595 632/632/632 633/633/633
f 595/595/595 633/633/633 596/596/596
f 596/596/596 633/633/633 634/634/634
f 596/596/596 634/634/634 597/597/597
f 597/597/597 634/634/634 635/635/635
f 597/597/597 635/635/635 598/598/598
f 598/598/598 635/635/635 636/636/636
f 598/598/598 636/636/636 599/599/599
f 599/599/599 636/636/636 637/637/637
f 599/599/599 637/637/637 600/600/600
f 600/600/600 637/637/637 638/638/638
f 600/600/600 638/638/638 601/601/601
f 601/601/601 638/638/638 639/639/639
f 601/601/601 639/639/639 602/602/602
f 602/602/602 639/639/639 640/640/640
f 602/602/602 640/640/640 603/603/603
f 603/603/603 640/640/640 641/641/641
f 603/603/603 641/641/641 604/604/604
f 604/604/604 641/641/641 642/642/642
f 604/604/604 642/642/642 605/605/605
f 605/605/605 642/642/642 643/643/643
f 605/605/605 643/643/643 606/606/606
f 606/606/606 643/643/643 644/644/644
f 606/606/606 644/644/644 607/607/607
f 607/607/607 644/644/644 645/645/645
f 607/607/607 645/645/645 608/608/608
f 608/608/608 645/645/645 646/646/646
f 608/608/608 646/646/646 609/609/609
f 609/609/609 646/646/646 647/647/647
f 609/609/609 647/647/647 610/610/610
f 610/610/610 647/647/647 648/648/648
f 610/610/610 648/648/648 611/611/611
f 611/611/611 648/648/648 649/649/649
f 611/611/611 649/649/649 612/612/612
f 612/612/612 649/649/649 650/650/650
f 612/612/612 650/650/650 613/613/613
f 613/613/613 650/650/650 651/651/651
f 613/613/613 651/651/651 614/614/614
f 614/614/614 651/651/651 652/652/652
f 614/614/614 652/652/652 615/615/615
f 615/615/615 652/652/652 653/653/653
f 615/615/615 653/653/653 616/616/616
f 616/616/616 653/653/653 654/654/654
f 616/616/616 654/654/654 617/617/617
f 617/617/617 654/654/654 655/655/655
f 617/617/617 655/655/655 618/618/618
f 618/618/618 655/655/655 656/656/656
f 618/618/618 656/656/656 619/619/619
f 619/619/619 656/656/656 657/657/657
f 619/619/619 657/657/657 620/620/620
f 620/620/620 657/657/657 658/658/658
f 620/620/620 658/658/658 621/621/621
f 621/621/621 658/658/658 659/659/659
f 621/621/621 659/659/659 622/622/622
f 622/622/622 659/659/659 660/660/660
f 622/622/622 660/660/660 623/623/623
f 623/623/623 660/660/660 661/661/661
f 623/623/623 661/661/661 624/624/624
f 624/624/624 661/661/661 662/662/662
f 624/624/624 662/662/662 625/625/625
f 625/625/625 662/662/662 663/663/663
f 625/625/625 663/663/663 626/626/626
f 626/626/626 663/663/663 664/664/664
f 626/626/626 664/664/664 627/627/627
f 627/627/627 664/664/664 665/665/665
f 627/627/627 665/665/665 628/628/628
f 628/628/628 665/665/665 666/666/666
f 628/628/628 666/666/666 629/629/629
f 630/630/630 667/667/667 668/668/668
f 630/630/630 668/668/668 631/631/631
f 631/631/631 668/668/668 669/669/669
f 631/631/631 669/669/669 632/632/632
f 632/632/632 669/669/669 670/670/670
f 632/632/632 670/670/670 633/633/633
f 633/633/633 670/670/670 671/671/671
f 633/633/633 671/671/671 634/634/634
f 634/634/634 671/671/671 672/672/672
f 634/634/634 672/672/672 635/635/635
f 635/635/635 672/672/672 673/673/673
f 635/635/635 673/673/673 636/636/636
f 636/636/636 673/673/673 674/674/674
f 636/636/636 674/674/674 637/637/637
f 637/637/637 674/674/674 675/675/675
f 637/637/637 675/675/675 638/638/638
f 638/638/638 675/675/675 676/676/676
f 638/638/638 676/676/676 639/639/639
f 639/639/639 676/676/676 677/677/677
f 639/639/639 677/677/677 640/640/640
f 640/640/640 677/677/677 678/678/678
f 640/640/640 678/678/678 641/641/641
f 641/641/641 678/678/678 679/679/679
f 641/641/641 679/679/679 642/642/642
f 642/642/642 679/679/679 680/680/680
f 642/642/642 680/680/680 643/643/643
f 643/643/643 680/680/680 681/681/681
f 643/643/643 681/681/681 644/644/644
f 644/644/644 681/681/681 682/682/682
f 644/644/644 682/682/682 645/645/645
f 645/645/645 682/682/682 683/683/683
f 645/645/645 683/683/683 646/646/646
f 646/646/646 683/683/683 684/684/684
f 646/646/646 684/684/684 647/647/647
f 647/647/647 684/684/684 685/685/685
f 647/647/647 685/685/685 648/648/648
f 648/648/648 685/685/685 686/686/686
f 648/648/648 686/686/686 649/649/649
f 649/649/649 686/686/686 687/687/687
f 649/649/649 687/687/687 650/650/650
f 650/650/650 687/687/687 688/688/688
f 650/650/650 688/688/688 651/651/651
f 651/651/651 688/688/688 689/689/689
f 651/651/651 689/689/689 652/652/652
f 652/652/652 689/689/689 690/690/690
f 652/652/652 690/690/690 653/653/653
f 653/653/653 690/690/690 691/691/691
f 653/653/653 691/691/691 654/654/654
f 654/654/654 691/691/691 692/692/692
f 654/654/654 692/692/692 655/655/655
f 655/655/655 692/692/692 693/693/693
f 655/655/655 693/693/693 656/656/656
f 656/656/656 693/693/693 694/694/694
f 656/656/656 694/694/694 657/657/657
f 657/657/657 694/694/694 695/695/695
f 657/657/657 695/695/695 658/658/658
f 658/658/658 695/695/695 696/696/696
f 658/658/658 696/696/696 659/659/659
f 659/659/659 696/696/696 697/697/697
f 659/659/659 697/697/697 660/660/660
f 660/660/660 697/697/697 698/698/698
f 660/660/660 698/698/698 661/661/661
f 661/661/661 698/698/698 699/699/699
f 661/661/661 699/699/699 662/662/662
f 662/662/662 699/699/699 700/700/700
f 662/662/662 700/700/700 663/663/663
f 663/663/663 700/700/700 701/701/701
f 663/663/663 701/701/701 664/664/664
f 664/664/664 701/701/701 702/702/702
f 664/664/664 702/702/702 665/665/665
f 665/665/665 702/702/702 703/703/703
f 665/665/665 703/703/703 666/666/666
f 667/667/667 704/704/704 705/705/705
f 667/667/667 705/705/705 668/668/668
f 668/668/668 705/705/705 706/706/706
f 668/668/668 706/706/706 669/669/669
f 669/669/669 706/706/706 707/707/707
f 669/669/669 707/707/707 670/670/670
f 670/670/670 707/707/707 708/708/708
f 670/670/670 708/708/708 671/671/671
f 671/671/671 708/708/708 709/709/709
f 671/671/671 709/709/709 672/672/672
f 672/672/672 709/709/709 710/710/710
f 672/672/672 710/710/710 673/673/673
f 673/673/673 710/710/710 711/711/711
f 673/673/673 711/711/711 674/674/674
f 674/674/674 711/711/711 712/712/712
f 674/674/674 712/712/712 675/675/675
f 675/675/675 712/712/712 713/713/713
f 675/675/675 713/713/713 676/676/676
f 676/676/676 713/713/713 714/714/714
f 676/676/676 714/714/714 677/677/677
f 677/677/677 714/714/714 715/715/715
f 677/677/677 715/715/715 678/678/678
f 678/678/678 715/715/715 716/716/716
f 678/678/678 716/716/716 679/679/679
f 679/679/679 716/716/716 717/717/717
f 679/679/679 717/717/717 680/680/680
f 680/680/680 717/717/717 718/718/718
f 680/680/680 718/718/718 681/681/681
f 681/681/681 718/718/718 719/719/719
f 681/681/681 719/719/719 682/682/682
f 682/682/682 719/719/719 720/720/720
f 682/682/682 720/720/720 683/683/683
f 683/683/683 720/720/720 721/721/721
f 683/683/683 721/721/721 684/684/684
f 684/684/684 721/721/721 722/722/722
f 684/684/684 722/722/722 685/685/685
f 685/685/685 722/722/722 723/723/723
f 685/685/685 723/723/723 686/686/686
f 686/686/686 723/723/723 724/724/724
f 686/686/686 724/724/724 687/687/687
f 687/687/687 724/724/724 725/725/725
f 687/687/687 725/725/725 688/688/688
f 688/688/688 725/725/725 726/726/726
f 688/688/688 726/726/726 689/689/689
f 689/689/689 726/726/726 727/727/727
f 689/689/689 727/727/727 690/690/690
f 690/690/690 727/727/727 728/728/728
f 690/690/690 728/728/728 691/691/691
f 691/691/691 728/728/728 729/729/729
f 691/691/691 729/729/729 692/692/692
f 692/692/692 729/729/729 730/730/730
f 692/692/692 730/730/730 693/693/693
f 693/693/693 730/730/730 731/731/731
f 693/693/693 731/731/731 694/694/694
f 694/694/694 731/731/731 732/732/732
f 694/694/694 732/732/732 695/695/695
f 695/695/695 732/732/732 733/733/733
f 695/695/695 733/733/733 696/696/696
f 696/696/696 733/733/733 734/734/734
f 696/696/696 734/734/734 697/697/697
f 697/697/697 734/734/734 735/735/735
f 697/697/697 735/735/735 698/698/698
f 698/698/698 735/735/735 736/736/736
f 698/698/698 736/736/736 699/699/699
f 699/699/699 736/736/736 737/737/737
f 699/699/699 737/737/737 700/700/700
f 700/700/700 737/737/737 738/738/738
f 700/700/700 738/738/738 701/701/701
f 701/701/701 738/738/738 739/739/739
f 701/701/701 739/739/739 702/702/702
f 702/702/702 739/739/739 740/740/740
f 702/702/702 740/740/740 703/703/703
f 704/704/704 741/741/741 742/742/742
f 704/704/704 742/742/742 705/705/705
f 705/705/705 742/742/742 743/743/743
f 705/705/705 743/743/743 706/706/706
f 706/706/706 743/743/743 744/744/744
f 706/706/706 744/744/744 707/707/707
f 707/707/707 744/744/744 745/745/745
f 707/707/707 745/745/745 708/708/708
f 708/708/708 745/745/745 746/746/746
f 708/708/708 746/746/746 709/709/709
f 709/709/709 746/746/746 747/747/747
f 709/709/709 747/747/747 710/710/710
f 710/710/710 747/747/747 748/748/748
f 710/710/710 748/748/748 711/711/711
f 711/711/711 748/748/748 749/749/749
f 711/711/711 749/749/749 712/712/712
f 712/712/712 749/749/749 750/750/750
f 712/712/712 750/750/750 713/713/713
f 713/713/713 750/750/750 751/751/751
f 713/713/713 751/751/751 714/714/714
f 714/714/714 751/751/751 752/752/752
f 714/714/714 752/752/752 715/715/715
f 715/715/715 752/752/752 753/753/753
f 715/715/715 753/753/753 716/716/716
f 716/716/716 753/753/753 754/754/754
f 716/716/716 754/754/754 717/717/717
f 717/717/717 754/754/754 755/755/755
f 717/717/717 755/755/755 718/718/718
f 718/718/718 755/755/755 756/756/756
f 718/718/718 756/756/756 719/719/719
f 719/719/719 756/756/756 757/757/757
f 719/719/719 757/757/757 720/720/720
f 720/720/720 757/757/757 758/758/758
f 720/720/720 758/758/758 721/721/721
f 721/721/721 758/758/758 759/759/759
f 721/721/721 759/759/759 722/722/722
f 722/722/722 759/759/759 760/760/760
f 722/722/722 760/760/760 723/723/723
f 723/723/723 760/760/760 761/761/761
f 723/723/723 761/761/761 724/724/724
f 724/724/724 761/761/761 762/762/762
f 724/724/724 762/762/762 725/725/725
f 725/725/725 762/762/762 763/763/763
f 725/725/725 763/763/763 726/726/726
f 726/726/726 763/763/763 764/764/764
f 726/726/726 764/764/764 727/727/727
f 727/727/727 764/764/764 765/765/765
f 727/727/727 765/765/765 728/728/728
f 728/728/728 765/765/765 766/766/766
f 728/728/728 766/766/766 729/729/729
f 729/729/729 766/766/766 767/767/767
f 729/729/729 767/767/767 730/730/730
f 730/730/730 767/767/767 768/768/768
f 730/730/730 768/768/768 731/731/731
f 731/731/731 768/768/768 769/769/769
f 731/731/731 769/769/769 732/732/732
f 732/732/732 769/769/769 770/770/770
f 732/732/732 770/770/770 733/733/733
f 733/733/733 770/770/770 771/771/771
f 733/733/733 771/771/771 734/734/734
f 734/734/734 771/771/771 772/772/772
f 734/734/734 772/772/772 735/735/735
f 735/735/735 772/772/772 773/773/773
f 735/735/735 773/773/773 736/736/736
f 736/736/736 773/773/773 774/774/774
f 736/736/736 774/774/774 737/737/737
f 737/737/737 774/774/774 775/775/775
f 737/737/737 775/775/775 738/738/738
f 738/738/738 775/775/775 776/776/776
f 738/738/738 776/776/776 739/739/739
f 739/739/739 776/776/776 777/777/777
f 739/739/739 777/777/777 740/740/740
f 741/741/741 778/778/778 779/779/779
f 741/741/741 779/779/779 742/742/742
f 742/742/742 779/779/779 780/780/780
f 742/742/742 780/780/780 743/743/743
f 743/743/743 780/780/780 781/781/781
f 743/743/743 781/781/781 744/744/744
f 744/744/744 781/781/781 782/782/782
f 744/744/744 782/782/782 745/745/745
f 745/745/745 782/782/782 783/783/783
f 745/745/745 783/783/783 746/746/746
f 746/746/746 783/783/783 784/784/784
f 746/746/746 784/784/784 747/747/747
f 747/747/747 784/784/784 785/785/785
f 747/747/747 785/785/785 748/748/748
f 748/748/748 785/785/785 786/786/786
f 748/748/748 786/786/786 749/749/749
f 749/749/749 786/786/786 787/787/787
f 749/749/749 787/787/787 750/750/750
f 750/750/750 787/787/787 788/788/788
f 750/750/750 788/788/788 751/751/751
f 751/751/751 788/788/788 789/789/789
f 751/751/751 789/789/789 752/752/752
f 752/752/752 789/789/789 790/790/790
f 752/752/752 790/790/790 753/753/753
f 753/753/753 790/790/790 791/791/791
f 753/753/753 791/791/791 754/754/754
f 754/754/754 791/791/791 792/792/792
f 754/754/754 792/792/792 755/755/755
f 755/755/755 792/792/792 793/793/793
f 755/755/755 793/793/793 756/756/756
f 756/756/756 793/793/793 794/794/794
f 756/756/756 794/794/794 757/757/757
f 757/757/757 794/794/794 795/795/795
f 757/757/757 795/795/795 758/758/758
f 758/758/758 795/795/795 796/796/796
f 758/758/758 796/796/796 759/759/759
f 759/759/759 796/796/796 797/797/797
f 759/759/759 797/797/797 760/760/760
f 760/760/760 797/797/797 798/798/798
f 760/760/760 798/798/798 761/761/761
f 761/761/761 798/798/798 799/799/799
f 761/761/761 799/799/799 762/762/762
f 762/762/762 799/799/799 800/800/800
f 762/762/762 800/800/800 763/763/763
f 763/763/763 800/800/800 801/801/801
f 763/763/763 801/801/801 764/764/764
f 764/764/764 801/801/801 802/802/802
f 764/764/764 802/802/802 765/765/765
f 765/765/765 802/802/802 803/803/803
f 765/765/765 803/803/803 766/766/766
f 766/766/766 803/803/803 804/804/804
f 766/766/766 804/804/804 767/767/767
f 767/767/767 804/804/804 805/805/805
f 767/767/767 805/805/805 768/768/768
f 768/768/768 805/805/805 806/806/806
f 768/768/768 806/806/806 769/769/769
f 769/769/769 806/806/806 807/807/807
f 769/769/769 807/807/807 770/770/770
f 770/770/770 807/807/807 808/808/808
f 770/770/770 808/808/808 771/771/771
f 771/771/771 808/808/808 809/809/809
f 771/771/771 809/809/809 772/772/772
f 772/772/772 809/809/809 810/810/810
f 772/772/772 810/810/810 773/773/773
f 773/773/773 810/810/810 811/811/811
f 773/773/773 811/811/811 774/774/774
f 774/774/774 811/811/811 812/812/812
f 774/774/774 812/812/812 775/775/775
f 775/775/775 812/812/812 813/813/813
f 775/775/775 813/813/813 776/776/776
f 776/776/776 813/813/813 814/814/814
f 776/776/776 814/814/814 777/777/777
f 778/778/778 815/815/815 816/816/816
f 778/778/778 816/816/816 779/779/779
f 779/779/779 816/816/816 817/817/817
f 779/779/779 817/817/817 780/780/780
f 780/780/780 817/817/817 818/818/818
f 780/780/780 818/818/818 781/781/781
f 781/781/781 818/818/818 819/819/819
f 781/781/781 819/819/819 782/782/782
f 782/782/782 819/819/819 820/820/820
f 782/782/782 820/820/820 783/783/783
f 783/783/783 820/820/820 821/821/821
f 783/783/783 821/821/821 784/784/784
f 784/784/784 821/821/821 822/822/822
f 784/784/784 822/822/822 785/785/785
f 785/785/785 822/822/822 823/823/823
f 785/785/785 823/823/823 786/786/786
f 786/786/786 823/823/823 824/824/824
f 786/786/786 824/824/824 787/787/787
f 787/787/787 824/824/824 825/825/825
f 787/787/787 825/825/825 788/788/788
f 788/788/788 825/825/825 826/826/826
f 788/788/788 826/826/826 789/789/789
f 789/789/789 826/826/826 827/827/827
f 789/789/789 827/827/827 790/790/790
f 790/790/790 827/827/827 828/828/828
f 790/790/790 828/828/828 791/791/791
f 791/791/791 828/828/828 829/829/829
f 791/791/791 829/829/829 792/792/792
f 792/792/792 829/829/829 830/830/830
f 792/792/792 830/830/830 793/793/793
f 793/793/793 830/830/830 831/831/831
f 793/793/793 831/831/831 794/794/794
f 794/794/794 831/831/831 832/832/832
f 794/794/794 832/832/832 795/795/795
f 795/795/795 832/832/832 833/833/833
f 795/795/795 833/833/833 796/796/796
f 796/796/796 833/833/833 834/834/834
f 796/796/796 834/834/834 797/797/797
f 797/797/797 834/834/834 835/835/835
f 797/797/797 835/835/835 798/798/798
f 798/798/798 835/835/835 836/836/836
f 798/798/798 836/836/836 799/799/799
f 799/799/799 836/836/836 837/837/837
f 799/799/799 837/837/837 800/800/800
f 800/800/800 837/837/837 838/838/838
f 800/800/800 838/838/838 801/801/801
f 801/801/801 838/838/838 839/839/839
f 801/801/801 839/839/839 802/802/802
f 802/802/802 839/839/839 840/840/840
f 802/802/802 840/840/840 803/803/803
f 803/803/803 840/840/840 841/841/841
f 803/803/803 841/841/841 804/804/804
f 804/804/804 841/841/841 842/842/842
f 804/804/804 842/842/842 805/805/805
f 805/805/805 842/842/842 843/843/843
f 805/805/805 843/843/843 806/806/806
f 806/806/806 843/843/843 844/844/844
f 806/806/806 844/844/844 807/807/807
f 807/807/807 844/844/844 845/845/845
f 807/807/807 845/845/845 808/808/808
f 808/808/808 845/845/845 846/846/846
f 808/808/808 846/846/846 809/809/809
f 809/809/809 846/846/846 847/847/847
f 809/809/809 847/847/847 810/810/810
f 810/810/810 847/847/847 848/848/848
f 810/810/810 848/848/848 811/811/811
f 811/811/811 848/848/848 849/849/849
f 811/811/811 849/849/849 812/812/812
f 812/812/812 849/849/849 850/850/850
f 812/812/812 850/850/850 813/813/813
f 813/813/813 850/850/850 851/851/851
f 813/813/813 851/851/851 814/814/814
f 815/815/815 852/852/852 853/853/853
f 815/815/815 853/853/853 816/816/816
f 816/816/816 853/853/853 854/854/854
f 816/816/816 854/854/854 817/817/817
f 817/817/817 854/854/854 855/855/855
f 817/817/817 855/855/855 818/818/818
f 818/818/818 855/855/855 856/856/856
f 818/818/818 856/856/856 819/819/819
f 819/819/819 856/856/856 857/857/857
f 819/819/819 857/857/857 820/820/820
f 820/820/820 857/857/857 858/858/858
f 820/820/820 858/858/858 821/821/821
f 821/821/821 858/858/858 859/859/859
f 821/821/821 859/859/859 822/822/822
f 822/822/822 859/859/859 860/860/860
f 822/822/822 860/860/860 823/823/823
f 823/823/823 860/860/860 861/861/861
f 823/823/823 861/861/861 824/824/824
f 824/824/824 861/861/861 862/862/862
f 824/824/824 862/862/862 825/825/825
f 825/825/825 862/862/862 863/863/863
f 825/825/825 863/863/863 826/826/826
f 826/826/826 863/863/863 864/864/864
f 826/826/826 864/864/864 827/827/827
f 827/827/827 864/864/864 865/865/865
f 827/827/827 865/865/865 828/828/828
f 828/828/828 865/865/865 866/866/866
f 828/828/828 866/866/866 829/829/829
f 829/829/829 866/866/866 867/867/867
f 829/829/829 867/867/867 830/830/830
f 830/830/830 867/867/867 868/868/868
f 830/830/830 868/868/868 831/831/831
f 831/831/831 868/868/868 869/869/869
f 831/831/831 869/869/869 832/832/832
f 832/832/832 869/869/869 870/870/870
f 832/832/832 870/870/870 833/833/833
f 833/833/833 870/870/870 871/871/871
f 833/833/833 871/871/871 834/834/834
f 834/834/834 871/871/871 872/872/872
f 834/834/834 872/872/872 835/835/835
f 835/835/835 872/872/872 873/873/873
f 835/835/835 873/873/873 836/836/836
f 836/836/836 873/873/873 874/874/874
f 836/836/836 874/874/874 837/837/837
f 837/837/837 874/874/874 875/875/875
f 837/837/837 875/875/875 838/838/838
f 838/838/838 875/875/875 876/876/876
f 838/838/838 876/876/876 839/839/839
f 839/839/839 876/876/876 877/877/877
f 839/839/839 877/877/877 840/840/840
f 840/840/840 877/877/877 878/878/878
f 840/840/840 878/878/878 841/841/841
f 841/841/841 878/878/878 879/879/879
f 841/841/841 879/879/879 842/842/842
f 842/842/842 879/879/879 880/880/880
f 842/842/842 880/880/880 843/843/843
f 843/843/843 880/880/880 881/881/881
f 843/843/843 881/881/881 844/844/844
f 844/844/844 881/881/881 882/882/882
f 844/844/844 882/882/882 845/845/845
f 845/845/845 882/882/882 883/883/883
f 845/845/845 883/883/883 846/846/846
f 846/846/846 883/883/883 884/884/884
f 846/846/846 884/884/884 847/847/847
f 847/847/847 884/884/884 885/885/885
f 847/847/847 885/885/885 848/848/848
f 848/848/848 885/885/885 886/886/886
f 848/848/848 886/886/886 849/849/849
f 849/849/849 886/886/886 887/887/887
f 849/849/849 887/887/887 850/850/850
f 850/850/850 887/887/887 888/888/888
f 850/850/850 888/888/888 851/851/851
f 852/852/852 889/889/889 890/890/890
f 852/852/852 890/890/890 853/853/853
f 853/853/853 890/890/890 891/891/891
f 853/853/853 891/891/891 854/854/854
f 854/854/854 891/891/891 892/892/892
f 854/854/854 892/892/892 855/855/855
f 855/855/855 892/892/892 893/893/893
f 855/855/855 893/893/893 856/856/856
f 856/856/856 893/893/893 894/894/894
f 856/856/856 894/894/894 857/857/857
f 857/857/857 894/894/894 895/895/895
f 857/857/857 895/895/895 858/858/858
f 858/858/858 895/895/895 896/896/896
f 858/858/858 896/896/896 859/859/859
f 859/859/859 896/896/896 897/897/897
f 859/859/859 897/897/897 860/860/860
f 860/860/860 897/897/897 898/898/898
f 860/860/860 898/898/898 861/861/861
f 861/861/861 898/898/898 899/899/899
f 861/861/861 899/899/899 862/862/862
f 862/862/862 899/899/899 900/900/900
f 862/862/862 900/900/900 863/863/863
f 863/863/863 900/900/900 901/901/901
f 863/863/863 901/901/901 864/864/864
f 864/864/864 901/901/901 902/902/902
f 864/864/864 902/902/902 865/865/865
f 865/865/865 902/902/902 903/903/903
f 865/865/865 903/903/903 866/866/866
f 866/866/866 903/903/903 904/904/904
f 866/866/866 904/904/904 867/867/867
f 867/867/867 904/904/904 905/905/905
f 867/867/867 905/905/905 868/868/868
f 868/868/868 905/905/905 906/906/906
f 868/868/868 906/906/906 869/869/869
f 869/869/869 906/906/906 907/907/907
f 869/869/869 907/907/907 870/870/870
f 870/870/870 907/907/907 908/908/908
f 870/870/870 908/908/908 871/871/871
f 871/871/871 908/908/908 909/909/909
f 871/871/871 909/909/909 872/872/872
f 872/872/872 909/909/909 910/910/910
f 872/872/872 910/910/910 873/873/873
f 873/873/873 910/910/910 911/911/911
f 873/873/873 911/911/911 874/874/874
f 874/874/874 911/911/911 912/912/912
f 874/874/874 912/912/912 875/875/875
f 875/875/875 912/912/912 913/913/913
f 875/875/875 913/913/913 876/876/876
f 876/876/876 913/913/913 914/914/914
f 876/876/876 914/914/914 877/877/877
f 877/877/877 914/914/914 915/915/915
f 877/877/877 915/915/915 878/878/878
f 878/878/878 915/915/915 916/916/916
f 878/878/878 916/916/916 879/879/879
f 879/879/879 916/916/916 917/917/917
f 879/879/879 917/917/917 880/880/880
f 880/880/880 917/917/917 918/918/918
f 880/880/880 918/918/918 881/881/881
f 881/881/881 918/918/918 919/919/919
f 881/881/881 919/919/919 882/882/882
f 882/882/882 919/919/919 920/920/920
f 882/882/882 920/920/920 883/883/883
f 883/883/883 920/920/920 921/921/921
f 883/883/883 921/921/921 884/884/884
f 884/884/884 921/921/921 922/922/922
f 884/884/884 922/922/922 885/885/885
f 885/885/885 922/922/922 923/923/923
f 885/885/885 923/923/923 886/886/886
f 886/886/886 923/923/923 924/924/924
f 886/886/886 924/924/924 887/887/887
f 887/887/887 924/924/924 925/925/925
f 887/887/887 925/925/925 888/888/888
f 889/889/889 926/926/926 927/927/927
f 889/889/889 927/927/927 890/890/890
f 890/890/890 927/927/927 928/928/928
f 890/890/890 928/928/928 891/891/891
f 891/891/891 928/928/928 929/929/929
f 891/891/891 929/929/929 892/892/892
f 892/892/892 929/929/929 930/930/930
f 892/892/892 930/930/930 893/893/893
f 893/893/893 930/930/930 931/931/931
f 893/893/893 931/931/931 894/894/894
f 894/894/894 931/931/931 932/932/932
f 894/894/894 932/932/932 895/895/895
f 895/895/895 932/932/932 933/933/933
f 895/895/895 933/933/933 896/896/896
f 896/896/896 933/933/933 934/934/934
f 896/896/896 934/934/934 897/897/897
f 897/897/897 934/934/934 935/935/935
f 897/897/897 935/935/935 898/898/898
f 898/898/898 935/935/935 936/936/936
f 898/898/898 936/936/936 899/899/899
f 899/899/899 936/936/936 937/937/937
f 899/899/899 937/937/937 900/900/900
f 900/900/900 937/937/937 938/938/938
f 900/900/900 938/938/938 901/901/901
f 901/901/901 938/938/938 939/939/939
f 901/901/901 939/939/939 902/902/902
f 902/902/902 939/939/939 940/940/940
f 902/902/902 940/940/940 903/903/903
f 903/903/903 940/940/940 941/941/941
f 903/903/903 941/941/941 904/904/904
f 904/904/904 941/941/941 942/942/942
f 904/904/904 942/942/942 905/905/905
f 905/905/905 942/942/942 943/943/943
f 905/905/905 943/943/943 906/906/906
f 906/906/906 943/943/943 944/944/944
f 906/906/906 944/944/944 907/907/907
f 907/907/907 944/944/944 945/945/945
f 907/907/907 945/945/945 908/908/908
f 908/908/908 945/945/945 946/946/946
f 908/908/908 946/946/946 909/909/909
f 909/909/909 946/946/946 947/947/947
f 909/909/909 947/947/947 910/910/910
f 910/910/910 947/947/947 948/948/948
f 910/910/910 948/948/948 911/911/911
f 911/911/911 948/948/948 949/949/949
f 911/911/911 949/949/949 912/912/912
f 912/912/912 949/949/949 950/950/950
f 912/912/912 950/950/950 913/913/913
f 913/913/913 950/950/950 951/951/951
f 913/913/913 951/951/951 914/914/914
f 914/914/914 951/951/951 952/952/952
f 914/914/914 952/952/952 915/915/915
f 915/915/915 952/952/952 953/953/953
f 915/915/915 953/953/953 916/916/916
f 916/916/916 953/953/953 954/954/954
f 916/916/916 954/954/954 917/917/917
f 917/917/917 954/954/954 955/955/955
f 917/917/917 955/955/955 918/918/918
f 918/918/918 955/955/955 956/956/956
f 918/918/918 956/956/956 919/919/919
f 919/919/919 956/956/956 957/957/957
f 919/919/919 957/957/957 920/920/920
f 920/920/920 957/957/957 958/958/958
f 920/920/920 958/958/958 921/921/921
f 921/921/921 958/958/958 959/959/959
f 921/921/921 959/959/959 922/922/922
f 922/922/922 959/959/959 960/960/960
f 922/922/922 960/960/960 923/923/923
f 923/923/923 960/960/960 961/961/961
f 923/923/923 961/961/961 924/924/924
f 924/924/924 961/961/961 962/962/962
f 924/924/924 962/962/962 925/925/925
f 926/926/926 963/963/963 964/964/964
f 926/926/926 964/964/964 927/927/927
f 927/927/927 964/964/964 965/965/965
f 927/927/927 965/965/965 928/928/928
f 928/928/928 965/965/965 966/966/966
f 928/928/928 966/966/966 929/929/929
f 929/929/929 966/966/966 967/967/967
f 929/929/929 967/967/967 930/930/930
f 930/930/930 967/967/967 968/968/968
f 930/930/930 968/968/968 931/931/931
f 931/931/931 968/968/968 969/969/969
f 931/931/931 969/969/969 932/932/932
f 932/932/932 969/969/969 970/970/970
f 932/932/932 970/970/970 933/933/933
f 933/933/933 970/970/970 971/971/971
f 933/933/933 971/971/971 934/934/934
f 934/934/934 971/971/971 972/972/972
f 934/934/934 972/972/972 935/935/935
f 935/935/935 972/972/972 973/973/973
f 935/935/935 973/973/973 936/936/936
f 936/936/936 973/973/973 974/974/974
f 936/936/936 974/974/974 937/937/937
f 937/937/937 974/974/974 975/975/975
f 937/937/937 975/975/975 938/938/938
f 938/938/938 975/975/975 976/976/976
f 938/938/938 976/976/976 939/939/939
f 939/939/939 976/976/976 977/977/977
f 939/939/939 977/977/977 940/940/940
f 940/940/940 977/977/977 978/978/978
f 940/940/940 978/978/978 941/941/941
f 941/941/941 978/978/978 979/979/979
f 941/941/941 979/979/979 942/942/942
f 942/942/942 979/979/979 980/980/980
f 942/942/942 980/980/980 943/943/943
f 943/943/943 980/980/980 981/981/981
f 943/943/943 981/981/981 944/944/944
f 944/944/944 981/981/981 982/982/982
f 944/944/944 982/982/982 945/945/945
f 945/945/945 982/982/982 983/983/983
f 945/945/945 983/983/983 946/946/946
f 946/946/946 983/983/983 984/984/984
f 946/946/946 984/984/984 947/947/947
f 947/947/947 984/984/984 985/985/985
f 947/947/947 985/985/985 948/948/948
f 948/948/948 985/985/985 986/986/986
f 948/948/948 986/986/986 949/949/949
f 949/949/949 986/986/986 987/987/987
f 949/949/949 987/987/987 950/950/950
f 950/950/950 987/987/987 988/988/988
f 950/950/950 988/988/988 951/951/951
f 951/951/951 988/988/988 989/989/989
f 951/951/951 989/989/989 952/952/952
f 952/952/952 989/989/989 990/990/990
f 952/952/952 990/990/990 953/953/953
f 953/953/953 990/990/990 991/991/991
f 953/953/953 991/991/991 954/954/954
f 954/954/954 991/991/991 992/992/992
f 954/954/954 992/992/992 955/955/955
f 955/955/955 992/992/992 993/993/993
f 955/955/955 993/993/993 956/956/956
f 956/956/956 993/993/993 994/994/994
f 956/956/956 994/994/994 957/957/957
f 957/957/957 994/994/994 995/995/995
f 957/957/957 995/995/995 958/958/958
f 958/958/958 995/995/995 996/996/996
f 958/958/958 996/996/996 959/959/959
f 959/959/959 996/996/996 997/997/997
f 959/959/959 997/997/997 960/960/960
f 960/960/960 997/997/997 998/998/998
f 960/960/960 998/998/998 961/961/961
f 961/961/961 998/998/998 999/999/999
f 961/961/961 999/999/999 962/962/962
