# Generated sky cornice; visual geometry only.
s 1
v -63.565129 -0.014000 -128.217435
v -63.564733 -0.008595 -128.217634
v -63.564101 0.000172 -128.217950
v -63.563805 0.010521 -128.218098
v -63.564414 0.020611 -128.217793
v -63.566141 0.030065 -128.216929
v -63.568662 0.039400 -128.215669
v -63.571743 0.048058 -128.214129
v -63.575147 0.055469 -128.212426
v -63.579021 0.061246 -128.210489
v -63.583421 0.065264 -128.208290
v -63.587977 0.067391 -128.206012
v -63.592320 0.067547 -128.203840
v -63.596616 0.065390 -128.201692
v -63.600974 0.060921 -128.199513
v -63.604940 0.054689 -128.197530
v -63.608062 0.047310 -128.195969
v -63.610265 0.039046 -128.194868
v -63.611774 0.029876 -128.194113
v -63.612590 0.020072 -128.193705
v -63.612713 0.009934 -128.193643
v -63.612084 -0.000496 -128.193958
v -63.610723 -0.010833 -128.194639
v -63.608747 -0.020283 -128.195627
v -63.606273 -0.028095 -128.196863
v -63.603062 -0.033770 -128.198469
v -63.599140 -0.037550 -128.200430
v -63.595029 -0.040619 -128.202486
v -63.591247 -0.044000 -128.204377
v -63.587731 -0.047644 -128.206135
v -63.584270 -0.051350 -128.207865
v -63.581168 -0.055381 -128.209416
v -63.578725 -0.060000 -128.210638
v -63.577118 -0.066000 -128.211441
v -63.576153 -0.073000 -128.211923
v -63.575580 -0.079500 -128.212210
v -63.575147 -0.084000 -128.212426
v -58.663498 -1.901330 -121.790331
v -58.609771 -1.165631 -121.817636
v -58.524263 0.029657 -121.861093
v -58.484158 1.442829 -121.881475
v -58.566639 2.823110 -121.839556
v -58.800462 4.118759 -121.720722
v -59.141737 5.399554 -121.547278
v -59.558683 6.588654 -121.335376
v -60.019518 7.608027 -121.101169
v -60.543917 8.404272 -120.834657
v -61.139446 8.959933 -120.531995
v -61.756163 9.256218 -120.218565
v -62.344125 9.282059 -119.919748
v -62.925655 8.990511 -119.624201
v -63.515509 8.381950 -119.324423
v -64.052393 7.530664 -119.051566
v -64.475014 6.520861 -118.836780
v -64.773157 5.388479 -118.685256
v -64.977468 4.131207 -118.581421
v -65.087948 2.786828 -118.525272
v -65.104595 1.396629 -118.516812
v -65.019466 -0.032663 -118.560077
v -64.835207 -1.448173 -118.653721
v -64.567711 -2.741394 -118.789669
v -64.232868 -3.809778 -118.959844
v -63.798139 -4.584878 -119.180784
v -63.267309 -5.099639 -119.450564
v -62.710750 -5.516404 -119.733421
v -62.198837 -5.975609 -119.993587
v -61.722868 -6.470465 -120.235486
v -61.254466 -6.973808 -120.473539
v -60.834493 -7.521289 -120.686979
v -60.503811 -8.148558 -120.855039
v -60.286258 -8.963414 -120.965605
v -60.155726 -9.914079 -121.031945
v -60.078163 -10.796840 -121.071364
v -60.019518 -11.407982 -121.101169
v -53.627403 -3.990277 -115.454962
v -53.515019 -2.449147 -115.513008
v -53.336156 0.050947 -115.605391
v -53.252265 3.003236 -115.648721
v -53.424796 5.882220 -115.559608
v -53.913900 8.580344 -115.306985
v -54.627771 11.245284 -114.938270
v -55.499927 13.717120 -114.487799
v -56.463889 15.833475 -113.989911
v -57.560812 17.483619 -113.423348
v -58.806523 18.632144 -112.779936
v -60.096555 19.240641 -112.113632
v -61.326438 19.286658 -111.478396
v -62.542867 18.672155 -110.850108
v -63.776707 17.398078 -110.212828
v -64.899747 15.620147 -109.632775
v -65.783774 13.514586 -109.176173
v -66.407422 11.156014 -108.854059
v -66.834794 8.538535 -108.633320
v -67.065892 5.740206 -108.513957
v -67.100715 2.846325 -108.495971
v -66.922643 -0.130374 -108.587946
v -66.537216 -3.080264 -108.787019
v -65.977675 -5.776843 -109.076023
v -65.277259 -8.005916 -109.437790
v -64.367905 -9.624602 -109.907472
v -63.257528 -10.702492 -110.480984
v -62.093334 -11.577147 -111.082292
v -61.022529 -12.540870 -111.635365
v -60.026909 -13.579411 -112.149605
v -59.047118 -14.635765 -112.655669
v -58.168631 -15.784751 -113.109409
v -57.476920 -17.101186 -113.466679
v -57.021848 -18.811305 -113.701724
v -56.748804 -20.806443 -113.842752
v -56.586561 -22.659072 -113.926551
v -56.463889 -23.941660 -113.989911
v -49.815517 -4.365177 -108.501832
v -49.692981 -2.689308 -108.566143
v -49.497959 0.016101 -108.668498
v -49.406488 3.198398 -108.716505
v -49.594607 6.285480 -108.617773
v -50.127898 9.163334 -108.337884
v -50.906262 11.997826 -107.929372
v -51.857211 14.618737 -107.430280
v -52.908260 16.853296 -106.878653
v -54.104282 18.585086 -106.250940
v -55.462535 19.779661 -105.538081
v -56.869112 20.398624 -104.799861
v -58.210106 20.420142 -104.096061
v -59.536430 19.738651 -103.399960
v -60.881739 18.355725 -102.693895
v -62.106237 16.441081 -102.051236
v -63.070131 14.185725 -101.545351
v -63.750120 11.668480 -101.188469
v -64.216103 8.879217 -100.943905
v -64.468078 5.898990 -100.811660
v -64.506047 2.816374 -100.791732
v -64.311888 -0.359563 -100.893634
v -63.891641 -3.513597 -101.114194
v -63.281549 -6.402213 -101.434392
v -62.517855 -8.794680 -101.835204
v -61.526348 -10.537383 -102.355582
v -60.315656 -11.708027 -102.990995
v -59.046286 -12.664858 -103.657205
v -57.878741 -13.719126 -104.269973
v -56.793174 -14.855242 -104.839716
v -55.724866 -16.010844 -105.400401
v -54.767013 -17.267781 -105.903115
v -54.012812 -18.707900 -106.298946
v -53.516627 -20.578690 -106.559362
v -53.218915 -22.761278 -106.715611
v -53.042015 -24.787967 -106.808454
v -52.908260 -26.191059 -106.878653
v -45.967145 -4.794238 -101.572615
v -45.833010 -2.971100 -101.644139
v -45.619528 -0.051118 -101.757972
v -45.519399 3.361739 -101.811363
v -45.725324 6.643942 -101.701559
v -46.309094 9.676607 -101.390280
v -47.161133 12.649390 -100.935953
v -48.202095 15.383545 -100.380888
v -49.352632 17.697761 -99.767395
v -50.661863 19.472365 -99.069283
v -52.148681 20.676975 -98.276478
v -53.688398 21.275697 -97.455466
v -55.156324 21.249295 -96.672734
v -56.608191 20.484754 -95.898565
v -58.080840 18.984742 -95.113315
v -59.421244 16.934555 -94.398581
v -60.476375 14.540897 -93.835961
v -61.220728 11.885462 -93.439054
v -61.730818 8.950736 -93.167062
v -62.006645 5.818217 -93.019985
v -62.048208 2.576961 -92.997823
v -61.835670 -0.771512 -93.111153
v -61.375644 -4.108820 -93.356449
v -60.707804 -7.174921 -93.712557
v -59.871823 -9.722631 -94.158321
v -58.786465 -11.587907 -94.737059
v -57.461175 -12.858831 -95.443734
v -56.071652 -13.909710 -96.184660
v -54.793593 -15.067604 -96.866150
v -53.605272 -16.315390 -97.499790
v -52.435843 -17.584579 -98.123356
v -51.387324 -18.965063 -98.682451
v -50.561734 -20.546733 -99.122674
v -50.018583 -22.601407 -99.412295
v -49.692692 -24.998525 -99.586068
v -49.499046 -27.224422 -99.689324
v -49.352632 -28.765427 -99.767395
v -42.107387 -5.242335 -94.654681
v -41.961203 -3.272403 -94.733864
v -41.728543 -0.148943 -94.859889
v -41.619419 3.471686 -94.918997
v -41.843843 6.914179 -94.797434
v -42.480055 10.057107 -94.452819
v -43.408636 13.117977 -93.949838
v -44.543110 15.912436 -93.335330
v -45.797003 18.253641 -92.656138
v -47.223846 20.021804 -91.883264
v -48.844230 21.193779 -91.005555
v -50.522264 21.738809 -90.096619
v -52.122058 21.642272 -89.230064
v -53.704351 20.784545 -88.372987
v -55.309292 19.169819 -87.503643
v -56.770108 16.999216 -86.712367
v -57.920025 14.494598 -86.089496
v -58.731246 11.738698 -85.650084
v -59.287159 8.703729 -85.348964
v -59.587764 5.468629 -85.186136
v -59.633061 2.119655 -85.161600
v -59.401430 -1.352947 -85.287067
v -58.900079 -4.830772 -85.558633
v -58.172245 -8.039497 -85.952876
v -57.261165 -10.717249 -86.446378
v -56.078305 -12.690976 -87.087094
v -54.633961 -14.060692 -87.869448
v -53.119613 -15.209793 -88.689721
v -51.726742 -16.475910 -89.444193
v -50.431670 -17.840322 -90.145691
v -49.157188 -19.228136 -90.836036
v -48.014478 -20.737648 -91.455004
v -47.114723 -22.467150 -91.942372
v -46.522778 -24.713865 -92.263009
v -46.167611 -27.335033 -92.455391
v -45.956570 -29.768974 -92.569705
v -45.797003 -31.454011 -92.656138
v -38.262139 -5.672746 -87.734127
v -38.104480 -3.567985 -87.820866
v -37.853557 -0.267231 -87.958915
v -37.735868 3.523897 -88.023664
v -37.977908 7.082060 -87.890501
v -38.664060 10.285625 -87.513003
v -39.665530 13.381499 -86.962026
v -40.889056 16.182840 -86.288882
v -42.241374 18.500481 -85.544880
v -43.780219 20.217414 -84.698257
v -45.527795 21.320078 -83.736797
v -47.337548 21.784871 -82.741129
v -49.062919 21.603277 -81.791886
v -50.769416 20.650364 -80.853026
v -52.500339 18.932112 -79.900729
v -54.075822 16.664461 -79.033948
v -55.316002 14.082740 -78.351641
v -56.190901 11.268959 -77.870300
v -56.790451 8.183205 -77.540447
v -57.114652 4.899294 -77.362082
v -57.163504 1.497889 -77.335205
v -56.913692 -2.044578 -77.472644
v -56.372987 -5.612565 -77.770122
v -55.588020 -8.920652 -78.201986
v -54.605425 -11.695061 -78.742578
v -53.329716 -13.755734 -79.444432
v -51.771996 -15.215115 -80.301439
v -50.138778 -16.458560 -81.199983
v -48.636573 -17.828630 -82.026448
v -47.239843 -19.305063 -82.794883
v -45.865320 -20.806821 -83.551102
v -44.632912 -22.440268 -84.229133
v -43.662529 -24.311768 -84.763006
v -43.024120 -26.742945 -85.114239
v -42.641074 -29.579317 -85.324978
v -42.413467 -32.213092 -85.450200
v -42.241374 -34.036475 -85.544880
v -34.455741 -6.050474 -80.797033
v -34.288146 -3.831708 -80.890673
v -34.021411 -0.388070 -81.039705
v -33.896305 3.532332 -81.109605
v -34.153598 7.165199 -80.965848
v -34.882991 10.390281 -80.558318
v -35.947573 13.482143 -79.963509
v -37.248205 16.253791 -79.236813
v -38.685745 18.516103 -78.433622
v -40.321567 20.156541 -77.519647
v -42.179275 21.171798 -76.481698
v -44.103077 21.546106 -75.406821
v -45.937180 21.277482 -74.382061
v -47.751219 20.237056 -73.368511
v -49.591223 18.432616 -72.340454
v -51.265993 16.092827 -71.404718
v -52.584328 13.464079 -70.668130
v -53.514362 10.626539 -70.148496
v -54.151696 7.528071 -69.792402
v -54.496328 4.236135 -69.599847
v -54.548258 0.824447 -69.570832
v -54.282703 -2.744771 -69.719205
v -53.707923 -6.360513 -70.040349
v -52.873489 -9.729454 -70.506569
v -51.828970 -12.568908 -71.090168
v -50.472867 -14.693825 -71.847857
v -48.816981 -16.228237 -72.773043
v -47.080839 -17.554479 -73.743070
v -45.483965 -19.015777 -74.635284
v -43.999215 -20.590521 -75.464851
v -42.538070 -22.192276 -76.281230
v -41.227996 -23.934489 -77.013202
v -40.196461 -25.930605 -77.589547
v -39.517819 -28.523665 -77.968721
v -39.110634 -31.548903 -78.196226
v -38.868683 -34.358052 -78.331410
v -38.685745 -36.302847 -78.433622
v -30.708796 -6.345421 -73.830759
v -30.533621 -4.039483 -73.930143
v -30.254822 -0.489709 -74.088318
v -30.124057 3.522931 -74.162506
v -30.392988 7.202664 -74.009931
v -31.155369 10.430992 -73.577400
v -32.268101 13.504868 -72.946102
v -33.627558 16.238047 -72.174827
v -35.130116 18.442339 -71.322365
v -36.839923 20.009559 -70.352321
v -38.781652 20.945199 -69.250699
v -40.792465 21.240270 -68.109883
v -42.709521 20.898392 -67.022259
v -44.605606 19.787933 -65.946533
v -46.528831 17.918187 -64.855409
v -48.279348 15.527644 -63.862269
v -49.657309 12.871000 -63.080496
v -50.629407 10.026473 -62.528985
v -51.295566 6.931701 -62.151046
v -51.655785 3.648385 -61.946679
v -51.710065 0.243949 -61.915884
v -51.432499 -3.331377 -62.073358
v -50.831722 -6.970993 -62.414203
v -49.959548 -10.376184 -62.909023
v -48.867788 -13.257967 -63.528423
v -47.450350 -15.427892 -64.332593
v -45.719571 -17.019326 -65.314535
v -43.904906 -18.410219 -66.344069
v -42.235808 -19.942752 -67.291016
v -40.683905 -21.594261 -68.171473
v -39.156675 -23.274098 -69.037933
v -37.787349 -25.101239 -69.814808
v -36.709159 -27.194662 -70.426509
v -35.999823 -29.914128 -70.828944
v -35.574222 -33.086838 -71.070405
v -35.321328 -36.032927 -71.213882
v -35.130116 -38.072526 -71.322365
v -27.036333 -6.535105 -66.825149
v -26.856529 -4.172491 -66.928718
v -26.570362 -0.552657 -67.093555
v -26.436142 3.522193 -67.170867
v -26.712179 7.235872 -67.011866
v -27.494707 10.470788 -66.561119
v -28.636843 13.538028 -65.903232
v -30.032224 16.251540 -65.099473
v -31.574487 18.423437 -64.211107
v -33.329477 19.948048 -63.200208
v -35.322517 20.836259 -62.052188
v -37.386465 21.083220 -60.863324
v -39.354181 20.695990 -59.729892
v -41.300370 19.541056 -58.608859
v -43.274417 17.628649 -57.471780
v -45.071192 15.203615 -56.436812
v -46.485566 12.526102 -55.622112
v -47.483353 9.673241 -55.047373
v -48.167115 6.576323 -54.653516
v -48.536853 3.293609 -54.440542
v -48.592567 -0.111235 -54.408450
v -48.307666 -3.695396 -54.572557
v -47.691014 -7.354819 -54.927757
v -46.795792 -10.787063 -55.443418
v -45.675182 -13.698878 -56.088905
v -44.220288 -15.899460 -56.926945
v -42.443772 -17.528085 -57.950243
v -40.581154 -18.960556 -59.023138
v -38.867950 -20.538901 -60.009968
v -37.275037 -22.239779 -60.927508
v -35.707449 -23.969831 -61.830461
v -34.301938 -25.851591 -62.640056
v -33.195257 -28.007592 -63.277520
v -32.467177 -30.808351 -63.696905
v -32.030329 -34.075904 -63.948536
v -31.770752 -37.110060 -64.098055
v -31.574487 -39.210629 -64.211107
v -23.446487 -6.606698 -59.773528
v -23.265327 -4.219975 -59.879460
v -22.977003 -0.565700 -60.048057
v -22.841771 3.545439 -60.127134
v -23.119889 7.288801 -59.964505
v -23.908317 10.546149 -59.503474
v -25.059065 13.632740 -58.830579
v -26.464967 16.361316 -58.008482
v -28.018858 18.542790 -57.099849
v -29.787080 20.071163 -56.065887
v -31.795147 20.958197 -54.891677
v -33.874657 21.199629 -53.675690
v -35.857209 20.803075 -52.516400
v -37.818072 19.633856 -51.369791
v -39.807003 17.702413 -50.206771
v -41.617325 15.256160 -49.148191
v -43.042364 12.557783 -48.314905
v -44.047673 9.684762 -47.727053
v -44.736590 6.566989 -47.324211
v -45.109116 3.262597 -47.106378
v -45.165250 -0.164887 -47.073554
v -44.878201 -3.774131 -47.241405
v -44.256900 -7.460770 -47.604709
v -43.354928 -10.919805 -48.132134
v -42.225869 -13.855402 -48.792347
v -40.760005 -16.075144 -49.649506
v -38.970096 -17.720108 -50.696150
v -37.093433 -19.168273 -51.793522
v -35.367312 -20.763909 -52.802865
v -33.762389 -22.483420 -53.741339
v -32.182982 -24.232425 -54.664892
v -30.766874 -26.134800 -55.492956
v -29.651848 -28.314421 -56.144964
v -28.918278 -31.145863 -56.573916
v -28.478137 -34.449212 -56.831288
v -28.216603 -37.516608 -56.984218
v -28.018858 -39.640189 -57.099849
v -19.939820 -6.558185 -52.673409
v -19.760600 -4.180849 -52.779783
v -19.475362 -0.529469 -52.949082
v -19.341578 3.589819 -53.028488
v -19.616719 7.356191 -52.865182
v -20.396704 10.649323 -52.402230
v -21.535129 13.778666 -51.726531
v -22.925977 16.554513 -50.901010
v -24.463230 18.785228 -49.988591
v -26.212517 20.361777 -48.950322
v -28.199081 21.292361 -47.771220
v -30.256324 21.569820 -46.550167
v -32.217647 21.199505 -45.386047
v -34.157513 20.046362 -44.234662
v -36.125146 18.120316 -43.066796
v -37.916083 15.667479 -42.003806
v -39.325862 12.950043 -41.167048
v -40.320407 10.047194 -40.576748
v -41.001947 6.892313 -40.172227
v -41.370484 3.546617 -39.953487
v -41.426017 0.077001 -39.920526
v -41.142042 -3.570838 -40.089076
v -40.527393 -7.289495 -40.453893
v -39.635080 -10.772754 -40.983516
v -38.518110 -13.724053 -41.646480
v -37.067944 -15.950209 -42.507209
v -35.297200 -17.589988 -43.558214
v -33.440633 -19.027519 -44.660157
v -31.732996 -20.611438 -45.673706
v -30.145258 -22.318322 -46.616089
v -28.582764 -24.054485 -47.543490
v -27.181819 -25.942890 -48.375004
v -26.078733 -28.106506 -49.029728
v -25.353019 -30.917156 -49.460467
v -24.917590 -34.196249 -49.718911
v -24.658857 -37.241120 -49.872479
v -24.463230 -39.349108 -49.988591
v -16.509317 -6.398537 -45.526817
v -16.335054 -4.063741 -45.631791
v -16.057707 -0.456147 -45.798862
v -15.927624 3.635097 -45.877223
v -16.195153 7.404922 -45.716065
v -16.953563 10.730373 -45.259207
v -18.060497 13.906789 -44.592401
v -19.412871 16.741874 -43.777744
v -20.907601 19.041242 -42.877334
v -22.608500 20.691324 -41.852729
v -24.540112 21.693577 -40.689144
v -26.540448 22.035499 -39.484162
v -28.447516 21.718149 -38.335363
v -30.333722 20.607188 -37.199131
v -32.246927 18.711476 -36.046635
v -33.988323 16.272101 -34.997635
v -35.359106 13.547577 -34.171889
v -36.326139 10.619444 -33.589358
v -36.988827 7.428317 -33.190161
v -37.347169 4.040531 -32.974299
v -37.401166 0.528578 -32.941772
v -37.125046 -3.153110 -33.108104
v -36.527400 -6.892571 -33.468120
v -35.659770 -10.384532 -33.990772
v -34.573698 -13.334184 -34.645011
v -33.163645 -15.548942 -35.494413
v -31.441884 -17.161791 -36.531585
v -29.636673 -18.564327 -37.619026
v -27.976272 -20.109688 -38.619236
v -26.432454 -21.775022 -39.549216
v -24.913181 -23.468921 -40.464411
v -23.550989 -25.311356 -41.284982
v -22.478416 -27.422302 -41.931090
v -21.772777 -30.164533 -42.356160
v -21.349393 -33.363801 -42.611202
v -21.097817 -36.334551 -42.762749
v -20.907601 -38.391223 -42.877334
v -13.141081 -6.146900 -38.340204
v -12.974243 -3.885470 -38.442192
v -12.708713 -0.365465 -38.604512
v -12.584172 3.651826 -38.680644
v -12.840303 7.387912 -38.524070
v -13.566400 10.717977 -38.080206
v -14.626172 13.917828 -37.432364
v -15.920927 16.794057 -36.640877
v -17.351972 19.150997 -35.766076
v -18.980402 20.870890 -34.770612
v -20.829716 21.947261 -33.640122
v -22.744826 22.361461 -32.469411
v -24.570641 22.109492 -31.353285
v -26.376484 21.059208 -30.249369
v -28.208174 19.218125 -29.129652
v -29.875377 16.819016 -28.110486
v -31.187755 14.113484 -27.308226
v -32.113587 11.185015 -26.742263
v -32.748041 7.983314 -26.354420
v -33.091115 4.580065 -26.144697
v -33.142812 1.053601 -26.113095
v -32.878456 -2.630926 -26.274696
v -32.306273 -6.357327 -26.624473
v -31.475609 -9.824498 -27.132260
v -30.435810 -12.742644 -27.767892
v -29.085835 -14.921812 -28.593136
v -27.437431 -16.486864 -29.600809
v -25.709133 -17.834243 -30.657322
v -24.119475 -19.318829 -31.629084
v -22.641433 -20.918670 -32.532615
v -21.186890 -22.545952 -33.421781
v -19.882736 -24.315930 -34.219013
v -18.855861 -26.343858 -34.846744
v -18.180286 -28.978244 -35.259725
v -17.774941 -32.051694 -35.507514
v -17.534083 -34.905612 -35.654751
v -17.351972 -36.881401 -35.766076
v -9.815640 -5.830849 -31.123953
v -9.657923 -3.668446 -31.221782
v -9.406908 -0.278693 -31.377480
v -9.289175 3.613298 -31.450507
v -9.531304 7.264311 -31.300320
v -10.217709 10.549690 -30.874559
v -11.219549 13.723662 -30.253142
v -12.443526 16.594655 -29.493938
v -13.796343 18.968723 -28.654818
v -15.335755 20.726075 -27.699957
v -17.083977 21.853206 -26.615577
v -18.894397 22.326223 -25.492617
v -20.620404 22.136649 -24.422015
v -22.327530 21.156240 -23.363126
v -24.059092 19.391199 -22.289079
v -25.635157 17.063419 -21.311484
v -26.875794 14.414608 -20.541946
v -27.751015 11.528778 -19.999067
v -28.350786 8.364530 -19.627043
v -28.675107 4.997299 -19.425875
v -28.723977 1.509517 -19.395562
v -28.474073 -2.123534 -19.550572
v -27.933168 -5.783569 -19.886082
v -27.147912 -9.177644 -20.373157
v -26.164954 -12.024715 -20.982863
v -24.888775 -14.139978 -21.774447
v -23.330481 -15.639170 -22.741019
v -21.696660 -16.917272 -23.754439
v -20.193901 -18.325526 -24.686565
v -18.796656 -19.843109 -25.553243
v -17.421626 -21.386722 -26.406142
v -16.188763 -23.065694 -27.170857
v -15.218022 -24.989354 -27.772984
v -14.579377 -27.488289 -28.169120
v -14.196190 -30.403713 -28.406802
v -13.968499 -33.110893 -28.548034
v -13.796343 -34.985095 -28.654818
v -6.509747 -5.483886 -23.891501
v -6.361925 -3.437692 -23.984528
v -6.126657 -0.212980 -24.132585
v -6.016310 3.506139 -24.202027
v -6.243250 7.017243 -24.059211
v -6.886592 10.198569 -23.654349
v -7.825579 13.283871 -23.063433
v -8.972768 16.087117 -22.341493
v -10.240714 18.419873 -21.543560
v -11.683549 20.163631 -20.635568
v -13.322093 21.300371 -19.604413
v -15.018933 21.803137 -18.536571
v -16.636657 21.660572 -17.518519
v -18.236684 20.749974 -16.511603
v -19.859612 19.076505 -15.490275
v -21.336800 16.849641 -14.560663
v -22.499604 14.298908 -13.828897
v -23.319917 11.506798 -13.312664
v -23.882061 8.438938 -12.958901
v -24.186035 5.171646 -12.767607
v -24.231839 1.788323 -12.738781
v -23.997612 -1.728251 -12.886183
v -23.490642 -5.260999 -13.205225
v -22.754651 -8.529118 -13.668393
v -21.833360 -11.263842 -14.248172
v -20.637244 -13.288026 -15.000902
v -19.176712 -14.708567 -15.920032
v -17.645392 -15.910615 -16.883710
v -16.236910 -17.235072 -17.770084
v -14.927324 -18.662351 -18.594221
v -13.638559 -20.114112 -19.405257
v -12.483042 -21.693178 -20.132437
v -11.573202 -23.502371 -20.705010
v -10.974623 -25.852608 -21.081703
v -10.615476 -28.594551 -21.307718
v -10.402070 -31.140641 -21.442017
v -10.240714 -32.903319 -21.543560
v -3.198514 -5.142399 -16.658164
v -3.060374 -3.218138 -16.746354
v -2.840518 -0.178097 -16.886712
v -2.737399 3.335271 -16.952544
v -2.949473 6.661772 -16.817154
v -3.550673 9.685236 -16.433342
v -4.428153 12.622506 -15.873150
v -5.500196 15.296559 -15.188748
v -6.685085 17.528040 -14.432303
v -8.033408 19.203250 -13.571520
v -9.564619 20.302949 -12.593980
v -11.150309 20.799886 -11.581660
v -12.662064 20.681922 -10.616540
v -14.157282 19.833076 -9.661979
v -15.673902 18.257894 -8.693754
v -17.054327 16.153154 -7.812477
v -18.140962 13.735054 -7.118759
v -18.907541 11.082486 -6.629367
v -19.432861 8.165221 -6.293997
v -19.716924 5.057192 -6.112649
v -19.759727 1.839188 -6.085323
v -19.540844 -1.502284 -6.225060
v -19.067083 -4.854873 -6.527514
v -18.379302 -7.952932 -6.966600
v -17.518360 -10.542475 -7.516234
v -16.400595 -12.455921 -8.229826
v -15.035735 -13.792650 -9.101166
v -13.604723 -14.919846 -10.014738
v -12.288503 -16.161827 -10.855026
v -11.064701 -17.500228 -11.636313
v -9.860355 -18.861587 -12.405179
v -8.780530 -20.342322 -13.094550
v -7.930289 -22.038855 -13.637352
v -7.370920 -24.242740 -13.994459
v -7.035299 -26.813940 -14.208723
v -6.835872 -29.201483 -14.336039
v -6.685085 -30.854397 -14.432303
v 0.142324 -4.842357 -9.439755
v 0.271954 -3.032559 -9.523700
v 0.478266 -0.176334 -9.657301
v 0.575032 3.121728 -9.719964
v 0.376023 6.240556 -9.591092
v -0.188140 9.071551 -9.225756
v -1.011563 11.819846 -8.692532
v -2.017562 14.319771 -8.041075
v -3.129456 16.403499 -7.321045
v -4.394715 17.964988 -6.501700
v -5.831597 18.987057 -5.571217
v -7.319599 19.444832 -4.607630
v -8.738223 19.327476 -3.688970
v -10.141328 18.526143 -2.780360
v -11.564516 17.045231 -1.858745
v -12.859900 15.069898 -1.019891
v -13.879593 12.803343 -0.359568
v -14.598946 10.319242 0.106265
v -15.091904 7.588330 0.425490
v -15.358467 4.679280 0.598108
v -15.398634 1.667140 0.624119
v -15.193235 -1.461858 0.491109
v -14.748659 -4.602941 0.203215
v -14.103250 -7.506890 -0.214734
v -13.295346 -9.935320 -0.737909
v -12.246441 -11.731013 -1.417150
v -10.965663 -12.987893 -2.246544
v -9.622809 -14.049321 -3.116138
v -8.387675 -15.218837 -3.915975
v -7.239266 -16.479146 -4.659651
v -6.109114 -17.761074 -5.391505
v -5.095811 -19.155413 -6.047690
v -4.297949 -20.752959 -6.564363
v -3.773040 -22.828255 -6.904278
v -3.458095 -25.249433 -7.108228
v -3.270954 -27.497671 -7.229415
v -3.129456 -29.054143 -7.321045
v 3.534214 -4.616044 -2.251136
v 3.657356 -2.900158 -2.332016
v 3.853343 -0.204864 -2.460739
v 3.945266 2.895110 -2.521114
v 3.756216 5.810287 -2.396947
v 3.220288 8.440531 -2.044951
v 2.438074 10.985388 -1.531196
v 1.482421 13.291318 -0.903527
v 0.426173 15.202847 -0.209787
v -0.775765 16.623265 0.579641
v -2.140736 17.540175 1.476149
v -3.554270 17.933222 2.404552
v -4.901898 17.794609 3.289669
v -6.234782 17.022141 4.165102
v -7.586745 15.620513 5.053066
v -8.817301 13.765639 5.861290
v -9.785962 11.649578 6.497503
v -10.469315 9.339954 6.946327
v -10.937602 6.805458 7.253896
v -11.190824 4.107531 7.420211
v -11.228981 1.313318 7.445273
v -11.033861 -1.594816 7.317119
v -10.611535 -4.521358 7.039737
v -9.998426 -7.232700 6.637049
v -9.230955 -9.504922 6.132977
v -8.234543 -11.190653 5.478537
v -7.017863 -12.380890 4.679427
v -5.742213 -13.392711 3.841585
v -4.568893 -14.507568 3.070953
v -3.477957 -15.708976 2.354430
v -2.404365 -16.930991 1.649299
v -1.441774 -18.260165 1.017073
v -0.683842 -19.783047 0.519266
v -0.185203 -21.761352 0.191762
v 0.113981 -24.069374 -0.004741
v 0.291757 -26.212537 -0.121503
v 0.426173 -27.696266 -0.209787
v 6.993858 -4.489131 4.895183
v 7.113197 -2.835546 4.815693
v 7.303132 -0.258846 4.689180
v 7.392216 2.684644 4.629842
v 7.209005 5.425821 4.751877
v 6.689627 7.872790 5.097827
v 5.931570 10.226098 5.602758
v 5.005430 12.343536 6.219646
v 3.981801 14.081220 6.901471
v 2.816983 15.352192 7.677340
v 1.494165 16.150849 8.558449
v 0.124285 16.462837 9.470907
v -1.181724 16.284681 10.340821
v -2.473446 15.519531 11.201219
v -3.783657 14.172767 12.073931
v -4.976209 12.414513 12.868274
v -5.914956 10.428877 13.493559
v -6.577205 8.277401 13.934674
v -7.031030 5.924103 14.236960
v -7.276432 3.422214 14.400419
v -7.313410 0.829905 14.425050
v -7.124316 -1.877286 14.299097
v -6.715033 -4.613548 14.026479
v -6.120858 -7.158115 13.630708
v -5.377088 -9.298619 13.135293
v -4.411449 -10.895788 12.492095
v -3.232343 -12.040489 11.706709
v -1.996089 -13.024491 10.883258
v -0.859004 -14.108696 10.125862
v 0.198242 -15.277072 9.421646
v 1.238679 -16.465489 8.728626
v 2.171542 -17.758119 8.107259
v 2.906067 -19.239131 7.618002
v 3.389307 -21.163044 7.296123
v 3.679251 -23.407609 7.102995
v 3.851537 -25.491848 6.988238
v 3.981801 -26.934783 6.901471
v 10.531738 -4.478337 11.990251
v 10.650375 -2.847818 11.910120
v 10.839190 -0.333468 11.782586
v 10.927749 2.513010 11.722770
v 10.745618 5.129140 11.845789
v 10.229300 7.430174 12.194531
v 9.475710 9.624366 12.703536
v 8.555027 11.578824 13.325402
v 7.537430 13.159240 14.012728
v 6.379475 14.287818 14.794858
v 5.064453 14.967115 15.683078
v 3.702644 15.189681 16.602898
v 2.404331 14.957233 17.479832
v 1.120220 14.176353 18.347172
v -0.182270 12.853436 19.226927
v -1.367796 11.156992 20.027679
v -2.301011 9.267319 20.658010
v -2.959358 7.240479 21.102684
v -3.410509 5.033591 21.407410
v -3.654465 2.691527 21.572188
v -3.691225 0.263326 21.597017
v -3.503246 -2.284648 21.470048
v -3.096374 -4.875719 21.195230
v -2.505700 -7.297758 20.796265
v -1.766313 -9.345714 20.296853
v -0.806363 -10.885761 19.648464
v 0.365795 -12.011540 18.856741
v 1.594765 -12.993176 18.026645
v 2.725149 -14.074774 17.263138
v 3.776165 -15.240342 16.553239
v 4.810471 -16.425901 15.854627
v 5.737838 -17.715423 15.228246
v 6.468035 -19.192874 14.735042
v 6.948427 -21.112162 14.410565
v 7.236663 -23.351330 14.215879
v 7.407933 -25.430558 14.100196
v 7.537430 -26.870024 14.012728
v 14.151204 -4.589917 19.029582
v 14.272369 -2.939637 18.946600
v 14.465210 -0.424009 18.814531
v 14.555657 2.395102 18.752587
v 14.369643 4.946956 18.879981
v 13.842318 7.152261 19.241126
v 13.072662 9.233413 19.768233
v 12.132351 11.064013 20.412216
v 11.093059 12.516497 21.123986
v 9.910417 13.520914 21.933932
v 8.567359 14.088791 22.853740
v 7.176518 14.219994 23.806273
v 5.850525 13.921951 24.714394
v 4.539039 13.102413 25.612580
v 3.208780 11.769058 26.523623
v 1.997980 10.093277 27.352853
v 1.044869 8.256180 28.005601
v 0.372487 6.309400 28.466090
v -0.088282 4.201350 28.781653
v -0.337439 1.969029 28.952291
v -0.374983 -0.347134 28.978003
v -0.182996 -2.791700 28.846519
v 0.232550 -5.295844 28.561927
v 0.835817 -7.651008 28.148773
v 1.590967 -9.654471 27.631600
v 2.571382 -11.174658 26.960152
v 3.768530 -12.310814 26.140272
v 5.023700 -13.316908 25.280655
v 6.178184 -14.425455 24.489993
v 7.251606 -15.620063 23.754848
v 8.307963 -16.835162 23.031390
v 9.255101 -18.156812 22.382733
v 10.000865 -19.671075 21.871988
v 10.491499 -21.638182 21.535971
v 10.785879 -23.933141 21.334362
v 10.960801 -26.064174 21.214564
v 11.093059 -27.539505 21.123986
v 17.848214 -4.819083 26.013658
v 17.974981 -3.106477 25.925638
v 18.176737 -0.524286 25.785549
v 18.271366 2.341026 25.719843
v 18.076751 4.895751 25.854973
v 17.525048 7.063922 26.238048
v 16.719810 9.087647 26.797164
v 15.736027 10.843650 27.480252
v 14.648688 12.207705 28.235244
v 13.411371 13.115780 29.094373
v 12.006222 13.588542 30.070036
v 10.551081 13.633071 31.080411
v 9.163787 13.262617 32.043677
v 7.791668 12.383691 32.996405
v 6.399910 11.005431 33.962770
v 5.133134 9.306520 34.842354
v 4.135960 7.473570 35.534740
v 3.432493 5.555187 36.023191
v 2.950422 3.489864 36.357917
v 2.689746 1.307794 36.538916
v 2.650466 -0.958031 36.566190
v 2.851329 -3.364103 36.426721
v 3.286086 -5.847547 36.124849
v 3.917243 -8.197913 35.686606
v 4.707304 -10.209517 35.138028
v 5.733045 -11.749586 34.425807
v 6.985538 -12.925469 33.556140
v 8.298736 -13.981794 32.644323
v 9.506593 -15.145689 31.805649
v 10.629641 -16.399941 31.025863
v 11.734834 -17.675707 30.258474
v 12.725759 -19.063345 29.570427
v 13.506000 -20.653212 29.028667
v 14.019317 -22.718533 28.672247
v 14.327307 -25.128075 28.458394
v 14.510316 -27.365506 28.331322
v 14.648688 -28.914497 28.235244
v 21.611752 -5.150433 32.947998
v 21.746757 -3.336456 32.852968
v 21.961623 -0.624913 32.701723
v 22.062401 2.360227 32.630785
v 21.855140 4.988945 32.776676
v 21.267586 7.185998 33.190257
v 20.410023 9.217167 33.793899
v 19.362313 10.958402 34.531385
v 18.204317 12.284859 35.346502
v 16.886598 13.135785 36.274048
v 15.390140 13.540263 37.327409
v 13.840442 13.511752 38.418246
v 12.362999 13.068864 39.458222
v 10.901719 12.114425 40.486822
v 9.419523 10.659086 41.530144
v 8.070429 8.892781 42.479775
v 7.008458 7.012063 43.227300
v 6.259279 5.064304 43.754649
v 5.745881 2.977772 44.116031
v 5.468267 0.777674 44.311445
v 5.426434 -1.508450 44.340891
v 5.640350 -3.948899 44.190315
v 6.103358 -6.484137 43.864402
v 6.775528 -8.896202 43.391260
v 7.616929 -10.971108 42.798996
v 8.709323 -12.571341 42.030056
v 10.043205 -13.814197 41.091132
v 11.441737 -14.943153 40.106702
v 12.728082 -16.187075 39.201240
v 13.924107 -17.527567 38.359354
v 15.101117 -18.891052 37.530853
v 16.156433 -20.374101 36.788013
v 16.987376 -22.073284 36.203110
v 17.534049 -24.280612 35.818305
v 17.862052 -26.855829 35.587423
v 18.056953 -29.247101 35.450231
v 18.204317 -30.902597 35.346502
v 25.424868 -5.559345 39.842744
v 25.570074 -3.611121 39.739136
v 25.801177 -0.713040 39.574238
v 25.909570 2.463069 39.496897
v 25.686648 5.239862 39.655957
v 25.054694 7.539663 40.106872
v 24.132328 9.653549 40.765004
v 23.005447 11.452213 41.569063
v 21.759946 12.805627 42.457759
v 20.342652 13.652793 43.469035
v 18.733113 14.029274 44.617482
v 17.066310 13.953114 45.806788
v 15.477223 13.447055 46.940642
v 13.905519 12.407847 48.062093
v 12.311319 10.847512 49.199595
v 10.860280 8.970446 50.234949
v 9.718060 6.987085 51.049952
v 8.912268 4.945831 51.624905
v 8.360075 2.765684 52.018908
v 8.061482 0.469636 52.231962
v 8.016489 -1.917185 52.264066
v 8.246569 -4.473229 52.099898
v 8.744565 -7.138803 51.744565
v 9.467528 -9.682788 51.228713
v 10.372510 -11.877694 50.582985
v 11.547453 -13.577703 49.744633
v 12.982131 -14.910958 48.720954
v 14.486344 -16.129546 47.647660
v 15.869893 -17.472227 46.660462
v 17.156297 -18.919146 45.742580
v 18.422249 -20.390884 44.839291
v 19.557311 -21.991677 44.029395
v 20.451045 -23.825765 43.391693
v 21.039028 -26.208341 42.972153
v 21.391817 -28.988014 42.720428
v 21.601446 -31.569138 42.570853
v 21.759946 -33.356070 42.457759
v 29.266245 -6.014201 46.711826
v 29.422772 -3.907371 46.598623
v 29.671894 -0.774512 46.418454
v 29.788738 2.657717 46.333950
v 29.548435 5.656770 46.507741
v 28.867209 8.138907 47.000415
v 27.872928 10.419359 47.719496
v 26.658185 12.358614 48.598019
v 25.315575 13.816388 49.569017
v 23.787777 14.727067 50.673946
v 22.052745 15.129463 51.928750
v 20.255984 15.043380 53.228198
v 18.542998 14.493638 54.467058
v 16.848751 13.368672 55.692366
v 15.130254 11.681531 56.935212
v 13.566080 9.653283 58.066449
v 12.334802 7.511444 58.956929
v 11.466184 5.308151 59.585129
v 10.870938 2.955488 60.015620
v 10.549064 0.477985 60.248405
v 10.500563 -2.097550 60.283482
v 10.748582 -4.856368 60.104110
v 11.285406 -7.734264 59.715870
v 12.064737 -10.481548 59.152245
v 13.040279 -12.852398 58.446717
v 14.306830 -14.689281 57.530726
v 15.853368 -16.130947 56.412244
v 17.474862 -17.449239 55.239552
v 18.966284 -18.901776 54.160931
v 20.352987 -20.467079 53.158044
v 21.717643 -22.059231 52.171101
v 22.941204 -23.790999 51.286201
v 23.904621 -25.775149 50.589442
v 24.538448 -28.352663 50.131048
v 24.918744 -31.359764 49.856012
v 25.144717 -34.152072 49.692584
v 25.315575 -36.085208 49.569017
v 33.112158 -6.479248 53.571751
v 33.280186 -4.200287 53.448589
v 33.547613 -0.798057 53.252572
v 33.673043 2.943008 53.160635
v 33.415083 6.231178 53.349713
v 32.683802 8.972892 53.885726
v 31.616464 11.503801 54.668061
v 30.312465 13.669272 55.623862
v 28.871204 15.313712 56.680275
v 27.231147 16.362111 57.882399
v 25.368630 16.852346 59.247582
v 23.439848 16.802436 60.661336
v 21.600997 16.236616 62.009173
v 19.782262 15.033149 63.342265
v 17.937494 13.205595 64.694438
v 16.258388 10.992701 65.925184
v 14.936640 8.641199 66.893996
v 14.004198 6.209835 67.577455
v 13.365215 3.607267 68.045815
v 13.019691 0.863900 68.299077
v 12.967626 -1.987043 68.337239
v 13.233869 -5.032945 68.142089
v 13.810137 -8.200325 67.719698
v 14.646731 -11.216270 67.106493
v 15.693953 -13.812661 66.338903
v 17.053567 -15.817317 65.342336
v 18.713740 -17.378270 64.125467
v 20.454377 -18.798498 62.849619
v 22.055385 -20.363352 61.676117
v 23.543978 -22.049692 60.585011
v 25.008906 -23.764958 59.511252
v 26.322371 -25.630634 58.548512
v 27.356577 -27.768208 57.790462
v 28.036976 -30.545028 57.291745
v 28.445215 -33.784653 56.992515
v 28.687792 -36.792875 56.814712
v 28.871204 -38.875491 56.680275
v 36.938630 -6.917833 60.440131
v 37.117390 -4.466287 60.307347
v 37.401895 -0.779869 60.096014
v 37.535335 3.300739 59.996893
v 37.260901 6.925166 60.200745
v 36.482918 9.986872 60.778638
v 35.347416 12.836367 61.622099
v 33.960139 15.299941 62.652580
v 32.426832 17.202609 63.791533
v 30.682036 18.455693 65.087582
v 28.700571 19.091814 66.559431
v 26.648609 19.123622 68.083645
v 24.692322 18.572015 69.536792
v 22.757436 17.303945 70.974042
v 20.794854 15.332905 72.431864
v 19.008515 12.914959 73.758773
v 17.602355 10.316771 74.803280
v 16.610363 7.606181 75.540140
v 15.930572 4.692370 76.045094
v 15.562982 1.615695 76.318144
v 15.507591 -1.579737 76.359288
v 15.790838 -4.978367 76.148890
v 16.403908 -8.493170 75.693496
v 17.293931 -11.824980 75.032380
v 18.408033 -14.681000 74.204816
v 19.854477 -16.872485 73.130385
v 21.620674 -18.554618 71.818438
v 23.472475 -20.070982 70.442905
v 25.175729 -21.741762 69.177713
v 26.759390 -23.542252 68.001357
v 28.317874 -25.373625 66.843702
v 29.715222 -27.365590 65.805740
v 30.815476 -29.647858 64.988462
v 31.539328 -32.612643 64.450779
v 31.973638 -36.071560 64.128169
v 32.231707 -39.283411 63.936473
v 32.426832 -41.507001 63.791533
v 40.723600 -7.295720 67.334086
v 40.911446 -4.685892 67.192692
v 41.210413 -0.726429 66.967657
v 41.350636 3.691872 66.862109
v 41.062252 7.665478 67.079179
v 40.244724 11.073187 67.694541
v 39.051502 14.274205 68.592692
v 37.593708 17.073877 69.689988
v 35.982461 19.275878 70.902790
v 34.148974 20.775259 72.282875
v 32.066789 21.596023 73.850158
v 29.910523 21.742747 75.473201
v 27.854796 21.230852 77.020569
v 25.821556 19.915940 78.551009
v 23.759214 17.810927 80.103356
v 21.882072 15.187404 81.516300
v 20.404435 12.330899 82.628533
v 19.362020 9.319764 83.413170
v 18.647674 6.067134 83.950865
v 18.261398 2.626077 84.241619
v 18.203192 -0.945413 84.285431
v 18.500836 -4.724605 84.061391
v 19.145070 -8.608324 83.576470
v 20.080334 -12.270716 82.872487
v 21.251067 -15.394302 81.991264
v 22.771036 -17.773506 80.847168
v 24.627012 -19.568164 79.450156
v 26.572942 -21.167359 77.985433
v 28.362775 -22.929406 76.638208
v 30.026935 -24.828248 75.385577
v 31.664639 -26.759659 74.152860
v 33.133016 -28.860436 73.047597
v 34.289198 -31.267372 72.177327
v 35.049843 -34.394109 71.604781
v 35.506231 -38.041969 71.261254
v 35.777418 -41.429268 71.057129
v 35.982461 -43.774321 70.902790
v 44.448896 -7.584187 74.268654
v 44.643465 -4.845493 74.120260
v 44.953131 -0.653949 73.884082
v 45.098372 4.060008 73.773309
v 44.799668 8.350050 74.001126
v 43.952883 12.080863 74.646956
v 42.716960 15.614844 75.589574
v 41.206997 18.737572 76.741199
v 39.538090 21.232541 78.014048
v 37.638989 22.978614 79.462462
v 35.482290 23.989784 81.107342
v 33.248860 24.261571 82.810744
v 31.119565 23.803035 84.434723
v 29.013564 22.459763 86.040937
v 26.877418 20.243801 87.670142
v 24.933100 17.439098 89.153042
v 23.402584 14.347002 90.320342
v 22.322864 11.056134 91.143827
v 21.582955 7.485588 91.708144
v 21.182856 3.701603 92.013294
v 21.122567 -0.223440 92.059275
v 21.430863 -4.357448 91.824143
v 22.098151 -8.581155 91.315212
v 23.066884 -12.544925 90.576375
v 24.279514 -15.909569 89.651522
v 25.853877 -18.454507 88.450780
v 27.776271 -20.341873 86.984601
v 29.791839 -22.004300 85.447359
v 31.645723 -23.836016 84.033431
v 33.369438 -25.809937 82.718781
v 35.065749 -27.817715 81.425032
v 36.586674 -30.001554 80.265046
v 37.784231 -32.503659 79.351689
v 38.572097 -35.754025 78.750795
v 39.044817 -39.546118 78.390259
v 39.325709 -43.067348 78.176028
v 39.538090 -45.505122 78.014048
v 48.101853 -7.762625 81.255368
v 48.300278 -4.937890 81.102039
v 48.616081 -0.584175 80.858009
v 48.764201 4.342478 80.743552
v 48.459577 8.867521 80.978944
v 47.596009 12.844619 81.646249
v 46.335592 16.635427 82.620212
v 44.795702 20.010322 83.810132
v 43.093719 22.737256 85.125306
v 41.156980 24.682110 86.621883
v 38.957537 25.849985 88.321459
v 36.679842 26.228525 90.081503
v 34.508346 25.821132 91.759484
v 32.360605 24.466141 93.419108
v 30.182123 22.174718 95.102488
v 28.199271 19.238856 96.634698
v 26.638421 15.970804 97.840814
v 25.537302 12.467304 98.691682
v 24.782728 8.653451 99.274764
v 24.374699 4.606357 99.590060
v 24.313216 0.410288 99.637571
v 24.627621 -3.993815 99.394620
v 25.308135 -8.473775 98.868766
v 26.296068 -12.662554 98.105361
v 27.532730 -16.205278 97.149754
v 29.138296 -18.870397 95.909085
v 31.098790 -20.820469 94.394151
v 33.154305 -22.522009 92.805792
v 35.044932 -24.396822 91.344848
v 36.802809 -26.417183 89.986483
v 38.532740 -28.472200 88.649713
v 40.083808 -30.707420 87.451155
v 41.305100 -33.268393 86.507426
v 42.108581 -36.595232 85.886552
v 42.590670 -40.476545 85.514027
v 42.877128 -44.080621 85.292672
v 43.093719 -46.575750 85.125306
v 51.676409 -7.820400 88.301129
v 51.875584 -4.961799 88.145205
v 52.192580 -0.537906 87.897044
v 52.341260 4.485913 87.780650
v 52.035485 9.124320 88.020027
v 51.168653 13.225232 88.698626
v 49.903472 17.147484 89.689072
v 48.357763 20.653709 90.899131
v 46.649348 23.503923 92.236563
v 44.705289 25.556984 93.758470
v 42.497534 26.812552 95.486811
v 40.211231 27.253559 97.276643
v 38.031529 26.879945 98.983022
v 35.875671 25.526688 100.670735
v 33.688956 23.204347 102.382605
v 31.698610 20.207899 103.940747
v 30.131861 16.854181 105.167277
v 29.026581 13.244242 106.032545
v 28.269156 9.307321 106.625496
v 27.859585 5.126638 106.946128
v 27.797869 0.793136 106.994443
v 28.113463 -3.746472 106.747380
v 28.796548 -8.353018 106.212626
v 29.788215 -12.651282 105.436300
v 31.029551 -16.279169 104.464520
v 32.641184 -18.999966 103.202854
v 34.609088 -20.975430 101.662280
v 36.672371 -22.689634 100.047039
v 38.570142 -24.578400 98.561369
v 40.334663 -26.613798 97.180014
v 42.071132 -28.684110 95.820620
v 43.628062 -30.935966 94.601777
v 44.853969 -33.516000 93.642076
v 45.660487 -36.867600 93.010693
v 46.144398 -40.777800 92.631864
v 46.431939 -44.408700 92.406762
v 46.649348 -46.922400 92.236563
v 55.173604 -7.757810 95.407483
v 55.370464 -4.920827 95.251365
v 55.683776 -0.528629 95.002895
v 55.830727 4.460926 94.886356
v 55.528506 9.070038 95.126030
v 54.671751 13.147382 95.805475
v 53.421276 17.048383 96.797156
v 51.893534 20.536981 98.008722
v 50.204977 23.374499 99.347821
v 48.283515 25.420336 100.871624
v 46.101423 26.673615 102.602119
v 43.841695 27.116952 104.394181
v 41.687330 26.749944 106.102687
v 39.556532 25.408679 107.792503
v 37.395234 23.103562 109.506506
v 35.428024 20.127291 111.066590
v 33.879486 16.794388 112.294647
v 32.787054 13.205447 113.160994
v 32.038433 9.290734 113.754683
v 31.633623 5.133347 114.075715
v 31.572624 0.824095 114.124090
v 31.884549 -3.689272 113.876719
v 32.559695 -8.268109 113.341300
v 33.539834 -12.539665 112.564006
v 34.766741 -16.144292 111.591015
v 36.359641 -18.846834 110.327776
v 38.304670 -20.807556 108.785283
v 40.343970 -22.508040 107.168030
v 42.219683 -24.381690 105.680508
v 43.963693 -26.400799 104.297432
v 45.679977 -28.454541 102.936344
v 47.218809 -30.688374 101.715982
v 48.430467 -33.247759 100.755085
v 49.227610 -36.572535 100.122916
v 49.705896 -40.451440 99.743614
v 49.990095 -44.053281 99.518232
v 50.204977 -46.546863 99.347821
v 58.601433 -7.586056 102.570383
v 58.793229 -4.822476 102.416311
v 59.098482 -0.558683 102.171098
v 59.241654 4.270495 102.056086
v 58.947206 8.711824 102.292619
v 58.112487 12.621175 102.963159
v 56.894177 16.350646 103.941843
v 55.405730 19.674385 105.137530
v 53.760606 22.364122 106.459079
v 51.888567 24.287338 107.962911
v 49.762601 25.447697 109.670725
v 47.560997 25.832009 111.439300
v 45.462045 25.442758 113.125415
v 43.386054 24.121437 114.793083
v 41.280349 21.878792 116.484623
v 39.363738 19.000370 118.024260
v 37.855031 15.791863 119.236222
v 36.790698 12.348677 120.091214
v 36.061332 8.598745 120.677123
v 35.666934 4.618760 120.993947
v 35.607505 0.492528 121.041688
v 35.911407 -3.836168 120.797559
v 36.569187 -8.236708 120.269157
v 37.524116 -12.349090 119.502051
v 38.719465 -15.825408 118.541812
v 40.271393 -18.438547 117.295129
v 42.166393 -20.346886 115.772852
v 44.153239 -22.009722 114.176795
v 45.980705 -23.841890 112.708769
v 47.679857 -25.816297 111.343819
v 49.351995 -27.824570 110.000570
v 50.851247 -30.008948 108.796202
v 52.031739 -32.511669 107.847899
v 52.808378 -35.762836 107.224015
v 53.274362 -39.555864 106.849685
v 53.551251 -43.077961 106.627256
v 53.760606 -45.516336 106.459079
v 61.974064 -7.326215 109.780463
v 62.158609 -4.677537 109.630306
v 62.452323 -0.619333 109.391324
v 62.590082 3.949070 109.279235
v 62.306766 8.112665 109.509757
v 61.503602 11.739606 110.163257
v 60.331347 15.178613 111.117070
v 58.899169 18.221084 112.282372
v 57.316234 20.656361 113.570337
v 55.514965 22.365953 115.035952
v 53.469367 23.362038 116.700367
v 51.350990 23.639161 118.423998
v 49.331385 23.205219 120.067264
v 47.333872 21.910526 121.692553
v 45.307769 19.766551 123.341106
v 43.463611 17.047780 124.841617
v 42.011939 14.045866 126.022780
v 40.987840 10.847292 126.856045
v 40.286047 7.375053 127.427064
v 39.906558 3.694487 127.735837
v 39.849375 -0.123007 127.782364
v 40.141789 -4.141508 127.544440
v 40.774703 -8.244340 127.029465
v 41.693532 -12.092426 126.281853
v 42.843694 -15.356994 125.346017
v 44.336954 -17.824129 124.131015
v 46.160318 -19.649956 122.647423
v 48.072055 -21.255836 121.091925
v 49.830438 -23.025248 119.661206
v 51.465356 -24.932026 118.330943
v 53.074283 -26.871511 117.021829
v 54.516858 -28.981069 115.848068
v 55.652724 -31.398066 114.923863
v 56.400004 -34.537872 114.315834
v 56.848372 -38.200980 113.951016
v 57.114794 -41.602437 113.734240
v 57.316234 -43.957292 113.570337
v 65.248866 -6.910006 117.074604
v 65.422285 -4.437350 116.931693
v 65.698290 -0.684848 116.704243
v 65.827744 3.503661 116.597563
v 65.561509 7.272190 116.816962
v 64.806769 10.505651 117.438926
v 63.705191 13.543914 118.346712
v 62.359360 16.202238 119.455781
v 60.871863 18.294286 120.681594
v 59.179194 19.720279 122.076485
v 57.256928 20.502609 123.660582
v 55.266272 20.645319 125.301038
v 53.368431 20.162797 126.865007
v 51.491351 18.918144 128.411866
v 49.587404 16.923550 129.980867
v 47.854434 14.436298 131.408969
v 46.490284 11.726962 132.533135
v 45.527930 8.869978 133.326189
v 44.868449 5.783367 133.869653
v 44.511840 2.517741 134.163526
v 44.458105 -0.871595 134.207809
v 44.732889 -4.457434 133.981365
v 45.327643 -8.141678 133.491241
v 46.191075 -11.615360 132.779706
v 47.271892 -14.577497 131.889029
v 48.675122 -16.833164 130.732659
v 50.388552 -18.533624 129.320659
v 52.185028 -20.048273 127.840223
v 53.837395 -21.717163 126.478543
v 55.373743 -23.515615 125.212474
v 56.885665 -25.344916 123.966532
v 58.241265 -27.334628 122.849412
v 59.308648 -29.614313 121.969805
v 60.010874 -32.575744 121.391117
v 60.432209 -36.030747 121.043904
v 60.682568 -39.238965 120.837589
v 60.871863 -41.460038 120.681594
v 68.632886 -6.663768 124.283130
v 68.799506 -4.306103 124.144073
v 69.064690 -0.766381 123.922756
v 69.189069 3.146249 123.818953
v 68.933272 6.613709 124.032435
v 68.208123 9.534764 124.637627
v 67.149734 12.248704 125.520934
v 65.856669 14.590002 126.600095
v 64.427492 16.391961 127.792852
v 62.801187 17.570962 129.150128
v 60.954287 18.160069 130.691507
v 59.041678 18.172851 132.287726
v 57.218245 17.630481 133.809519
v 55.414760 16.405444 135.314666
v 53.585460 14.510944 136.841356
v 51.920434 12.193396 138.230947
v 50.609768 9.708994 139.324798
v 49.685145 7.122014 140.096467
v 49.051520 4.343562 140.625275
v 48.708893 1.410858 140.911224
v 48.657264 -1.635423 140.954312
v 48.921274 -4.878480 140.733975
v 49.492710 -8.236282 140.257068
v 50.322290 -11.422284 139.564720
v 51.360732 -14.155811 138.698062
v 52.708945 -16.256081 137.572874
v 54.355198 -17.873178 136.198951
v 56.081240 -19.333853 134.758437
v 57.668823 -20.943272 133.433478
v 59.144935 -22.677636 132.201549
v 60.597580 -24.441750 130.989207
v 61.900032 -26.360558 129.902211
v 62.925566 -28.559007 129.046325
v 63.600259 -31.414908 128.483241
v 64.005075 -34.746792 128.145391
v 64.245618 -37.840684 127.944640
v 64.427492 -39.982610 127.792852
vt 0.97714265 0.96911221
vt 0.97714265 0.96910162
vt 0.97714265 0.96908444
vt 0.97714265 0.96906421
vt 0.97714265 0.96904446
vt 0.97714265 0.96902562
vt 0.97714265 0.96900657
vt 0.97714265 0.96898837
vt 0.97714265 0.96897210
vt 0.97714265 0.96895800
vt 0.97714265 0.96894559
vt 0.97714265 0.96893481
vt 0.97714265 0.96892532
vt 0.97714265 0.96891504
vt 0.97714265 0.96890213
vt 0.97714265 0.96888719
vt 0.97714265 0.96887124
vt 0.97714265 0.96885440
vt 0.97714265 0.96883619
vt 0.97714265 0.96881696
vt 0.97714265 0.96879716
vt 0.97714265 0.96877674
vt 0.97714265 0.96875633
vt 0.97714265 0.96873738
vt 0.97714265 0.96872119
vt 0.97714265 0.96870808
vt 0.97714265 0.96869677
vt 0.97714265 0.96868597
vt 0.97714265 0.96867540
vt 0.97714265 0.96866493
vt 0.97714265 0.96865447
vt 0.97714265 0.96864408
vt 0.97714265 0.96863360
vt 0.97714265 0.96862137
vt 0.97714265 0.96860753
vt 0.97714265 0.96859478
vt 0.97714265 0.96858594
vt 0.99267090 1.01832204
vt 0.99267090 1.01688031
vt 0.99267090 1.01453826
vt 0.99267090 1.01177676
vt 0.99267090 1.00907485
vt 0.99267090 1.00649296
vt 0.99267090 1.00388206
vt 0.99267090 1.00138642
vt 0.99267090 0.99915409
vt 0.99267090 0.99722059
vt 0.99267090 0.99552350
vt 0.99267090 0.99405366
vt 0.99267090 0.99276454
vt 0.99267090 0.99136904
vt 0.99267090 0.98961327
vt 0.99267090 0.98757661
vt 0.99267090 0.98539781
vt 0.99267090 0.98309169
vt 0.99267090 0.98059562
vt 0.99267090 0.97795875
vt 0.99267090 0.97524327
vt 0.99267090 0.97244546
vt 0.99267090 0.96965148
vt 0.99267090 0.96705856
vt 0.99267090 0.96484668
vt 0.99267090 0.96305813
vt 0.99267090 0.96152082
vt 0.99267090 0.96005476
vt 0.99267090 0.95861871
vt 0.99267090 0.95719691
vt 0.99267090 0.95577580
vt 0.99267090 0.95436514
vt 0.99267090 0.95294183
vt 0.99267090 0.95128047
vt 0.99267090 0.94940181
vt 0.99267090 0.94766932
vt 0.99267090 0.94646879
vt 1.00819915 1.07210701
vt 1.00819915 1.06908687
vt 1.00819915 1.06418807
vt 1.00819915 1.05841893
vt 1.00819915 1.05278314
vt 1.00819915 1.04740482
vt 1.00819915 1.04196848
vt 1.00819915 1.03677398
vt 1.00819915 1.03212904
vt 1.00819915 1.02810402
vt 1.00819915 1.02456431
vt 1.00819915 1.02148973
vt 1.00819915 1.01878487
vt 1.00819915 1.01585405
vt 1.00819915 1.01217334
vt 1.00819915 1.00791282
vt 1.00819915 1.00336443
vt 1.00819915 0.99855820
vt 1.00819915 0.99336035
vt 1.00819915 0.98787131
vt 1.00819915 0.98221868
vt 1.00819915 0.97639165
vt 1.00819915 0.97056819
vt 1.00819915 0.96515973
vt 1.00819915 0.96054188
vt 1.00819915 0.95680151
vt 1.00819915 0.95357830
vt 1.00819915 0.95050150
vt 1.00819915 0.94748771
vt 1.00819915 0.94450381
vt 1.00819915 0.94152136
vt 1.00819915 0.93856083
vt 1.00819915 0.93557376
vt 1.00819915 0.93208712
vt 1.00819915 0.92814442
vt 1.00819915 0.92450847
vt 1.00819915 0.92198894
vt 1.02372739 1.07944365
vt 1.02372739 1.07615934
vt 1.02372739 1.07085786
vt 1.02372739 1.06463916
vt 1.02372739 1.05859545
vt 1.02372739 1.05285292
vt 1.02372739 1.04705678
vt 1.02372739 1.04152488
vt 1.02372739 1.03658316
vt 1.02372739 1.03229389
vt 1.02372739 1.02849702
vt 1.02372739 1.02516778
vt 1.02372739 1.02221012
vt 1.02372739 1.01899650
vt 1.02372739 1.01498428
vt 1.02372739 1.01037162
vt 1.02372739 1.00548054
vt 1.02372739 1.00034043
vt 1.02372739 0.99479657
vt 1.02372739 0.98894935
vt 1.02372739 0.98292803
vt 1.02372739 0.97671027
vt 1.02372739 0.97048072
vt 1.02372739 0.96468067
vt 1.02372739 0.95971363
vt 1.02372739 0.95566806
vt 1.02372739 0.95215287
vt 1.02372739 0.94878699
vt 1.02372739 0.94549005
vt 1.02372739 0.94222579
vt 1.02372739 0.93896314
vt 1.02372739 0.93572446
vt 1.02372739 0.93245674
vt 1.02372739 0.92864252
vt 1.02372739 0.92432939
vt 1.02372739 0.92035183
vt 1.02372739 0.91759559
vt 1.03925564 1.08622885
vt 1.03925564 1.08265569
vt 1.03925564 1.07693307
vt 1.03925564 1.07026365
vt 1.03925564 1.06383692
vt 1.03925564 1.05777454
vt 1.03925564 1.05166992
vt 1.03925564 1.04585421
vt 1.03925564 1.04066664
vt 1.03925564 1.03614941
vt 1.03925564 1.03210483
vt 1.03925564 1.02850283
vt 1.03925564 1.02525437
vt 1.03925564 1.02171177
vt 1.03925564 1.01732987
vt 1.03925564 1.01234684
vt 1.03925564 1.00712119
vt 1.03925564 1.00167956
vt 1.03925564 0.99583761
vt 1.03925564 0.98968904
vt 1.03925564 0.98335779
vt 1.03925564 0.97680092
vt 1.03925564 0.97020374
vt 1.03925564 0.96403564
vt 1.03925564 0.95872695
vt 1.03925564 0.95436350
vt 1.03925564 0.95052151
vt 1.03925564 0.94682479
vt 1.03925564 0.94320379
vt 1.03925564 0.93961868
vt 1.03925564 0.93603533
vt 1.03925564 0.93247832
vt 1.03925564 0.92888941
vt 1.03925564 0.92470028
vt 1.03925564 0.91996320
vt 1.03925564 0.91559469
vt 1.03925564 0.91256753
vt 1.05478389 1.09172389
vt 1.05478389 1.08786270
vt 1.05478389 1.08174037
vt 1.05478389 1.07466468
vt 1.05478389 1.06792262
vt 1.05478389 1.06162369
vt 1.05478389 1.05529998
vt 1.05478389 1.04928896
vt 1.05478389 1.04393562
vt 1.05478389 1.03924942
vt 1.05478389 1.03498557
vt 1.05478389 1.03111113
vt 1.05478389 1.02755450
vt 1.05478389 1.02366271
vt 1.05478389 1.01890439
vt 1.05478389 1.01356673
vt 1.05478389 1.00804883
vt 1.05478389 1.00237291
vt 1.05478389 0.99631812
vt 1.05478389 0.98996442
vt 1.05478389 0.98342269
vt 1.05478389 0.97662079
vt 1.05478389 0.96973758
vt 1.05478389 0.96326559
vt 1.05478389 0.95765811
vt 1.05478389 0.95299372
vt 1.05478389 0.94881777
vt 1.05478389 0.94477553
vt 1.05478389 0.94081609
vt 1.05478389 0.93689590
vt 1.05478389 0.93297763
vt 1.05478389 0.92908815
vt 1.05478389 0.92516381
vt 1.05478389 0.92058314
vt 1.05478389 0.91540331
vt 1.05478389 0.91062648
vt 1.05478389 0.90731639
vt 1.07031214 1.09564428
vt 1.07031214 1.09151845
vt 1.07031214 1.08504748
vt 1.07031214 1.07763830
vt 1.07031214 1.07066788
vt 1.07031214 1.06422695
vt 1.07031214 1.05778195
vt 1.07031214 1.05166938
vt 1.07031214 1.04623208
vt 1.07031214 1.04143681
vt 1.07031214 1.03698807
vt 1.07031214 1.03285594
vt 1.07031214 1.02899638
vt 1.07031214 1.02476401
vt 1.07031214 1.01965244
vt 1.07031214 1.01400163
vt 1.07031214 1.00825208
vt 1.07031214 1.00242111
vt 1.07031214 0.99624805
vt 1.07031214 0.98979364
vt 1.07031214 0.98314938
vt 1.07031214 0.97620816
vt 1.07031214 0.96913612
vt 1.07031214 0.96244260
vt 1.07031214 0.95659851
vt 1.07031214 0.95167170
vt 1.07031214 0.94718127
vt 1.07031214 0.94280716
vt 1.07031214 0.93852263
vt 1.07031214 0.93428059
vt 1.07031214 0.93004062
vt 1.07031214 0.92583180
vt 1.07031214 0.92158526
vt 1.07031214 0.91662850
vt 1.07031214 0.91102339
vt 1.07031214 0.90585438
vt 1.07031214 0.90227251
vt 1.08584039 1.09817435
vt 1.08584039 1.09382467
vt 1.08584039 1.08707244
vt 1.08584039 1.07941030
vt 1.08584039 1.07229160
vt 1.08584039 1.06578509
vt 1.08584039 1.05929447
vt 1.08584039 1.05315001
vt 1.08584039 1.04768685
vt 1.08584039 1.04282560
vt 1.08584039 1.03822449
vt 1.08584039 1.03386317
vt 1.08584039 1.02973059
vt 1.08584039 1.02519555
vt 1.08584039 1.01977965
vt 1.08584039 1.01387251
vt 1.08584039 1.00795287
vt 1.08584039 1.00203383
vt 1.08584039 0.99581676
vt 1.08584039 0.98934122
vt 1.08584039 0.98267676
vt 1.08584039 0.97568041
vt 1.08584039 0.96850253
vt 1.08584039 0.96166339
vt 1.08584039 0.95564628
vt 1.08584039 0.95050718
vt 1.08584039 0.94574508
vt 1.08584039 0.94107971
vt 1.08584039 0.93650990
vt 1.08584039 0.93198539
vt 1.08584039 0.92746309
vt 1.08584039 0.92297403
vt 1.08584039 0.91844472
vt 1.08584039 0.91315791
vt 1.08584039 0.90717957
vt 1.08584039 0.90166637
vt 1.08584039 0.89784600
vt 1.10136864 1.09979252
vt 1.10136864 1.09527163
vt 1.10136864 1.08831035
vt 1.10136864 1.08046767
vt 1.10136864 1.07325544
vt 1.10136864 1.06672245
vt 1.10136864 1.06022088
vt 1.10136864 1.05407348
vt 1.10136864 1.04860645
vt 1.10136864 1.04370025
vt 1.10136864 1.03897804
vt 1.10136864 1.03443215
vt 1.10136864 1.03008164
vt 1.10136864 1.02530850
vt 1.10136864 1.01965729
vt 1.10136864 1.01355734
vt 1.10136864 1.00751817
vt 1.10136864 1.00155009
vt 1.10136864 0.99532375
vt 1.10136864 0.98886035
vt 1.10136864 0.98220994
vt 1.10136864 0.97519920
vt 1.10136864 0.96796404
vt 1.10136864 0.96103165
vt 1.10136864 0.95489376
vt 1.10136864 0.94959611
vt 1.10136864 0.94462365
vt 1.10136864 0.93973085
vt 1.10136864 0.93493827
vt 1.10136864 0.93019320
vt 1.10136864 0.92545045
vt 1.10136864 0.92074256
vt 1.10136864 0.91599246
vt 1.10136864 0.91044793
vt 1.10136864 0.90417816
vt 1.10136864 0.89839620
vt 1.10136864 0.89438960
vt 1.11689689 1.10099654
vt 1.11689689 1.09636436
vt 1.11689689 1.08926511
vt 1.11689689 1.08130069
vt 1.11689689 1.07402086
vt 1.11689689 1.06746192
vt 1.11689689 1.06094327
vt 1.11689689 1.05478326
vt 1.11689689 1.04930269
vt 1.11689689 1.04435696
vt 1.11689689 1.03954866
vt 1.11689689 1.03487967
vt 1.11689689 1.03038807
vt 1.11689689 1.02546219
vt 1.11689689 1.01965872
vt 1.11689689 1.01343152
vt 1.11689689 1.00730978
vt 1.11689689 1.00130250
vt 1.11689689 0.99506123
vt 1.11689689 0.98859593
vt 1.11689689 0.98194467
vt 1.11689689 0.97491506
vt 1.11689689 0.96763432
vt 1.11689689 0.96063463
vt 1.11689689 0.95441360
vt 1.11689689 0.94901089
vt 1.11689689 0.94390244
vt 1.11689689 0.93886338
vt 1.11689689 0.93392753
vt 1.11689689 0.92904062
vt 1.11689689 0.92415610
vt 1.11689689 0.91930747
vt 1.11689689 0.91441537
vt 1.11689689 0.90870510
vt 1.11689689 0.90224791
vt 1.11689689 0.89629311
vt 1.11689689 0.89216674
vt 1.13242514 1.10205450
vt 1.13242514 1.09737502
vt 1.13242514 1.09020814
vt 1.13242514 1.08217277
vt 1.13242514 1.07483460
vt 1.13242514 1.06822827
vt 1.13242514 1.06166378
vt 1.13242514 1.05546090
vt 1.13242514 1.04994176
vt 1.13242514 1.04495703
vt 1.13242514 1.04010369
vt 1.13242514 1.03538520
vt 1.13242514 1.03084271
vt 1.13242514 1.02586140
vt 1.13242514 1.01999676
vt 1.13242514 1.01370928
vt 1.13242514 1.00753460
vt 1.13242514 1.00148160
vt 1.13242514 0.99519670
vt 1.13242514 0.98868824
vt 1.13242514 0.98199273
vt 1.13242514 0.97491370
vt 1.13242514 0.96757788
vt 1.13242514 0.96052172
vt 1.13242514 0.95424703
vt 1.13242514 0.94879282
vt 1.13242514 0.94363023
vt 1.13242514 0.93853597
vt 1.13242514 0.93354605
vt 1.13242514 0.92860559
vt 1.13242514 0.92366756
vt 1.13242514 0.91876582
vt 1.13242514 0.91382013
vt 1.13242514 0.90804730
vt 1.13242514 0.90151937
vt 1.13242514 0.89549933
vt 1.13242514 0.89132776
vt 1.14795339 1.10287306
vt 1.14795339 1.09821211
vt 1.14795339 1.09105129
vt 1.14795339 1.08300010
vt 1.14795339 1.07561755
vt 1.14795339 1.06894736
vt 1.14795339 1.06231355
vt 1.14795339 1.05604291
vt 1.14795339 1.05046531
vt 1.14795339 1.04544684
vt 1.14795339 1.04059338
vt 1.14795339 1.03590158
vt 1.14795339 1.03139999
vt 1.14795339 1.02646196
vt 1.14795339 1.02062932
vt 1.14795339 1.01435150
vt 1.14795339 1.00815724
vt 1.14795339 1.00205636
vt 1.14795339 0.99570400
vt 1.14795339 0.98911632
vt 1.14795339 0.98233856
vt 1.14795339 0.97518489
vt 1.14795339 0.96778962
vt 1.14795339 0.96069243
vt 1.14795339 0.95439725
vt 1.14795339 0.94894775
vt 1.14795339 0.94381469
vt 1.14795339 0.93875783
vt 1.14795339 0.93380455
vt 1.14795339 0.92890038
vt 1.14795339 0.92399860
vt 1.14795339 0.91913285
vt 1.14795339 0.91422348
vt 1.14795339 0.90849304
vt 1.14795339 0.90201305
vt 1.14795339 0.89603722
vt 1.14795339 0.89189627
vt 1.16348164 1.10301820
vt 1.16348164 1.09844088
vt 1.16348164 1.09136665
vt 1.16348164 1.08337047
vt 1.16348164 1.07598246
vt 1.16348164 1.06926254
vt 1.16348164 1.06256777
vt 1.16348164 1.05623442
vt 1.16348164 1.05060301
vt 1.16348164 1.04556964
vt 1.16348164 1.04076230
vt 1.16348164 1.03616657
vt 1.16348164 1.03178754
vt 1.16348164 1.02698222
vt 1.16348164 1.02127066
vt 1.16348164 1.01507646
vt 1.16348164 1.00890997
vt 1.16348164 1.00278307
vt 1.16348164 0.99637095
vt 1.16348164 0.98970423
vt 1.16348164 0.98284385
vt 1.16348164 0.97562571
vt 1.16348164 0.96819681
vt 1.16348164 0.96109715
vt 1.16348164 0.95482943
vt 1.16348164 0.94944567
vt 1.16348164 0.94442169
vt 1.16348164 0.93948794
vt 1.16348164 0.93465524
vt 1.16348164 0.92987045
vt 1.16348164 0.92508800
vt 1.16348164 0.92034069
vt 1.16348164 0.91555083
vt 1.16348164 0.90995989
vt 1.16348164 0.90363764
vt 1.16348164 0.89780728
vt 1.16348164 0.89376714
vt 1.17900989 1.10188238
vt 1.17900989 1.09744917
vt 1.17900989 1.09054753
vt 1.17900989 1.08269612
vt 1.17900989 1.07537573
vt 1.17900989 1.06866415
vt 1.17900989 1.06196327
vt 1.17900989 1.05561669
vt 1.17900989 1.04997354
vt 1.17900989 1.04496557
vt 1.17900989 1.04025265
vt 1.17900989 1.03581024
vt 1.17900989 1.03161680
vt 1.17900989 1.02701534
vt 1.17900989 1.02150310
vt 1.17900989 1.01546847
vt 1.17900989 1.00939529
vt 1.17900989 1.00329825
vt 1.17900989 0.99687967
vt 1.17900989 0.99018680
vt 1.17900989 0.98329816
vt 1.17900989 0.97607660
vt 1.17900989 0.96868239
vt 1.17900989 0.96165052
vt 1.17900989 0.95547727
vt 1.17900989 0.95022406
vt 1.17900989 0.94537846
vt 1.17900989 0.94063873
vt 1.17900989 0.93599609
vt 1.17900989 0.93139947
vt 1.17900989 0.92680511
vt 1.17900989 0.92224450
vt 1.17900989 0.91764301
vt 1.17900989 0.91227195
vt 1.17900989 0.90619833
vt 1.17900989 0.90059727
vt 1.17900989 0.89671601
vt 1.19453814 1.09894882
vt 1.19453814 1.09470998
vt 1.19453814 1.08806449
vt 1.19453814 1.08045817
vt 1.19453814 1.07330579
vt 1.19453814 1.06669952
vt 1.19453814 1.06008989
vt 1.19453814 1.05382168
vt 1.19453814 1.04824611
vt 1.19453814 1.04332734
vt 1.19453814 1.03876052
vt 1.19453814 1.03451524
vt 1.19453814 1.03054758
vt 1.19453814 1.02619645
vt 1.19453814 1.02094383
vt 1.19453814 1.01514023
vt 1.19453814 1.00923877
vt 1.19453814 1.00325701
vt 1.19453814 0.99692623
vt 1.19453814 0.99030785
vt 1.19453814 0.98349486
vt 1.19453814 0.97637604
vt 1.19453814 0.96912113
vt 1.19453814 0.96225277
vt 1.19453814 0.95625423
vt 1.19453814 0.95119465
vt 1.19453814 0.94658014
vt 1.19453814 0.94208411
vt 1.19453814 0.93768018
vt 1.19453814 0.93331990
vt 1.19453814 0.92896176
vt 1.19453814 0.92463564
vt 1.19453814 0.92027075
vt 1.19453814 0.91517584
vt 1.19453814 0.90941451
vt 1.19453814 0.90410143
vt 1.19453814 0.90041974
vt 1.21006639 1.09405086
vt 1.21006639 1.09003999
vt 1.21006639 1.08371859
vt 1.21006639 1.07645027
vt 1.21006639 1.06957286
vt 1.21006639 1.06318609
vt 1.21006639 1.05678586
vt 1.21006639 1.05070985
vt 1.21006639 1.04530261
vt 1.21006639 1.04055082
vt 1.21006639 1.03618160
vt 1.21006639 1.03216280
vt 1.21006639 1.02843710
vt 1.21006639 1.02435469
vt 1.21006639 1.01939734
vt 1.21006639 1.01388137
vt 1.21006639 1.00822885
vt 1.21006639 1.00245926
vt 1.21006639 0.99632984
vt 1.21006639 0.98991034
vt 1.21006639 0.98330145
vt 1.21006639 0.97641211
vt 1.21006639 0.96941467
vt 1.21006639 0.96281161
vt 1.21006639 0.95706654
vt 1.21006639 0.95225239
vt 1.21006639 0.94789935
vt 1.21006639 0.94367086
vt 1.21006639 0.93952898
vt 1.21006639 0.93542816
vt 1.21006639 0.93132934
vt 1.21006639 0.92726065
vt 1.21006639 0.92315549
vt 1.21006639 0.91836375
vt 1.21006639 0.91294525
vt 1.21006639 0.90794832
vt 1.21006639 0.90448571
vt 1.22559464 1.08750827
vt 1.22559464 1.08373649
vt 1.22559464 1.07777733
vt 1.22559464 1.07091117
vt 1.22559464 1.06439574
vt 1.22559464 1.05833018
vt 1.22559464 1.05224735
vt 1.22559464 1.04646972
vt 1.22559464 1.04132660
vt 1.22559464 1.03681433
vt 1.22559464 1.03268330
vt 1.22559464 1.02890229
vt 1.22559464 1.02541076
vt 1.22559464 1.02158685
vt 1.22559464 1.01693057
vt 1.22559464 1.01173256
vt 1.22559464 1.00638687
vt 1.22559464 1.00091315
vt 1.22559464 0.99508817
vt 1.22559464 0.98898260
vt 1.22559464 0.98269667
vt 1.22559464 0.97615089
vt 1.22559464 0.96951246
vt 1.22559464 0.96325741
vt 1.22559464 0.95782446
vt 1.22559464 0.95328550
vt 1.22559464 0.94919774
vt 1.22559464 0.94523256
vt 1.22559464 0.94134860
vt 1.22559464 0.93750314
vt 1.22559464 0.93365957
vt 1.22559464 0.92984424
vt 1.22559464 0.92599470
vt 1.22559464 0.92150135
vt 1.22559464 0.91642026
vt 1.22559464 0.91173450
vt 1.22559464 0.90848751
vt 1.24112289 1.08007585
vt 1.24112289 1.07652840
vt 1.24112289 1.07092947
vt 1.24112289 1.06448406
vt 1.24112289 1.05837524
vt 1.24112289 1.05269411
vt 1.24112289 1.04699860
vt 1.24112289 1.04159002
vt 1.24112289 1.03677600
vt 1.24112289 1.03254958
vt 1.24112289 1.02867319
vt 1.24112289 1.02511784
vt 1.24112289 1.02182920
vt 1.24112289 1.01822669
vt 1.24112289 1.01384514
vt 1.24112289 1.00896061
vt 1.24112289 1.00394485
vt 1.24112289 0.99881582
vt 1.24112289 0.99336154
vt 1.24112289 0.98764646
vt 1.24112289 0.98176264
vt 1.24112289 0.97563289
vt 1.24112289 0.96941241
vt 1.24112289 0.96354754
vt 1.24112289 0.95844980
vt 1.24112289 0.95418549
vt 1.24112289 0.95033855
vt 1.24112289 0.94660473
vt 1.24112289 0.94294738
vt 1.24112289 0.93932629
vt 1.24112289 0.93570698
vt 1.24112289 0.93211426
vt 1.24112289 0.92848934
vt 1.24112289 0.92425816
vt 1.24112289 0.91947354
vt 1.24112289 0.91506117
vt 1.24112289 0.91200363
vt 1.25665114 1.07273559
vt 1.25665114 1.06937209
vt 1.25665114 1.06408824
vt 1.25665114 1.05802984
vt 1.25665114 1.05231926
vt 1.25665114 1.04703366
vt 1.25665114 1.04174215
vt 1.25665114 1.03672198
vt 1.25665114 1.03225579
vt 1.25665114 1.02832179
vt 1.25665114 1.02468303
vt 1.25665114 1.02131413
vt 1.25665114 1.01817511
vt 1.25665114 1.01473365
vt 1.25665114 1.01056983
vt 1.25665114 1.00595687
vt 1.25665114 1.00125218
vt 1.25665114 0.99647057
vt 1.25665114 0.99140250
vt 1.25665114 0.98610045
vt 1.25665114 0.98064229
vt 1.25665114 0.97494432
vt 1.25665114 0.96914500
vt 1.25665114 0.96366161
vt 1.25665114 0.95887964
vt 1.25665114 0.95485635
vt 1.25665114 0.95119903
vt 1.25665114 0.94763971
vt 1.25665114 0.94415329
vt 1.25665114 0.94070144
vt 1.25665114 0.93725128
vt 1.25665114 0.93382647
vt 1.25665114 0.93037096
vt 1.25665114 0.92633753
vt 1.25665114 0.92177652
vt 1.25665114 0.91757038
vt 1.25665114 0.91465573
vt 1.27217939 1.06643937
vt 1.27217939 1.06319778
vt 1.27217939 1.05814576
vt 1.27217939 1.05239302
vt 1.27217939 1.04702218
vt 1.27217939 1.04209228
vt 1.27217939 1.03716863
vt 1.27217939 1.03250442
vt 1.27217939 1.02835702
vt 1.27217939 1.02468005
vt 1.27217939 1.02122714
vt 1.27217939 1.01797938
vt 1.27217939 1.01491820
vt 1.27217939 1.01155936
vt 1.27217939 1.00753091
vt 1.27217939 1.00311442
vt 1.27217939 0.99866252
vt 1.27217939 0.99418636
vt 1.27217939 0.98947014
vt 1.27217939 0.98455033
vt 1.27217939 0.97948650
vt 1.27217939 0.97418071
vt 1.27217939 0.96875212
vt 1.27217939 0.96359324
vt 1.27217939 0.95906798
vt 1.27217939 0.95522249
vt 1.27217939 0.95168157
vt 1.27217939 0.94822012
vt 1.27217939 0.94482956
vt 1.27217939 0.94147261
vt 1.27217939 0.93811731
vt 1.27217939 0.93478666
vt 1.27217939 0.93142616
vt 1.27217939 0.92750362
vt 1.27217939 0.92306802
vt 1.27217939 0.91897751
vt 1.27217939 0.91614300
vt 1.28770764 1.06192010
vt 1.28770764 1.05872344
vt 1.28770764 1.05379282
vt 1.28770764 1.04822944
vt 1.28770764 1.04310212
vt 1.28770764 1.03844876
vt 1.28770764 1.03381550
vt 1.28770764 1.02943361
vt 1.28770764 1.02553707
vt 1.28770764 1.02204690
vt 1.28770764 1.01869965
vt 1.28770764 1.01548768
vt 1.28770764 1.01241987
vt 1.28770764 1.00905370
vt 1.28770764 1.00506110
vt 1.28770764 1.00074210
vt 1.28770764 0.99645516
vt 1.28770764 0.99220804
vt 1.28770764 0.98777065
vt 1.28770764 0.98316092
vt 1.28770764 0.97841756
vt 1.28770764 0.97342170
vt 1.28770764 0.96827246
vt 1.28770764 0.96334464
vt 1.28770764 0.95898748
vt 1.28770764 0.95523516
vt 1.28770764 0.95172261
vt 1.28770764 0.94826948
vt 1.28770764 0.94488707
vt 1.28770764 0.94153819
vt 1.28770764 0.93819096
vt 1.28770764 0.93486832
vt 1.28770764 0.93151589
vt 1.28770764 0.92760279
vt 1.28770764 0.92317785
vt 1.28770764 0.91909718
vt 1.28770764 0.91626948
vt 1.30323589 1.05963493
vt 1.30323589 1.05639923
vt 1.30323589 1.05146512
vt 1.30323589 1.04595496
vt 1.30323589 1.04095182
vt 1.30323589 1.03647057
vt 1.30323589 1.03202310
vt 1.30323589 1.02782237
vt 1.30323589 1.02408229
vt 1.30323589 1.02068516
vt 1.30323589 1.01734593
vt 1.30323589 1.01407418
vt 1.30323589 1.01091054
vt 1.30323589 1.00744334
vt 1.30323589 1.00337960
vt 1.30323589 0.99904656
vt 1.30323589 0.99481923
vt 1.30323589 0.99070293
vt 1.30323589 0.98644621
vt 1.30323589 0.98204723
vt 1.30323589 0.97752262
vt 1.30323589 0.97272690
vt 1.30323589 0.96773985
vt 1.30323589 0.96292728
vt 1.30323589 0.95863218
vt 1.30323589 0.95487692
vt 1.30323589 0.95129837
vt 1.30323589 0.94775919
vt 1.30323589 0.94429251
vt 1.30323589 0.94086020
vt 1.30323589 0.93742956
vt 1.30323589 0.93402414
vt 1.30323589 0.93058819
vt 1.30323589 0.92657759
vt 1.30323589 0.92204239
vt 1.30323589 0.91786005
vt 1.30323589 0.91496190
vt 1.31876414 1.05982207
vt 1.31876414 1.05646386
vt 1.31876414 1.05139822
vt 1.31876414 1.04579748
vt 1.31876414 1.04078680
vt 1.31876414 1.03635752
vt 1.31876414 1.03197412
vt 1.31876414 1.02783610
vt 1.31876414 1.02414204
vt 1.31876414 1.02073251
vt 1.31876414 1.01729912
vt 1.31876414 1.01387346
vt 1.31876414 1.01052937
vt 1.31876414 1.00687226
vt 1.31876414 1.00263262
vt 1.31876414 0.99817188
vt 1.31876414 0.99389128
vt 1.31876414 0.98979497
vt 1.31876414 0.98560464
vt 1.31876414 0.98129885
vt 1.31876414 0.97687245
vt 1.31876414 0.97214937
vt 1.31876414 0.96719216
vt 1.31876414 0.96236727
vt 1.31876414 0.95802060
vt 1.31876414 0.95416377
vt 1.31876414 0.95042704
vt 1.31876414 0.94671116
vt 1.31876414 0.94307140
vt 1.31876414 0.93946772
vt 1.31876414 0.93586580
vt 1.31876414 0.93229035
vt 1.31876414 0.92868284
vt 1.31876414 0.92447200
vt 1.31876414 0.91971038
vt 1.31876414 0.91531922
vt 1.31876414 0.91227637
vt 1.33429239 1.06259447
vt 1.33429239 1.05903722
vt 1.33429239 1.05371699
vt 1.33429239 1.04788178
vt 1.33429239 1.04272428
vt 1.33429239 1.03821437
vt 1.33429239 1.03376014
vt 1.33429239 1.02955435
vt 1.33429239 1.02578717
vt 1.33429239 1.02225906
vt 1.33429239 1.01863757
vt 1.33429239 1.01497713
vt 1.33429239 1.01138214
vt 1.33429239 1.00745967
vt 1.33429239 1.00295038
vt 1.33429239 0.99825428
vt 1.33429239 0.99380640
vt 1.33429239 0.98961083
vt 1.33429239 0.98535902
vt 1.33429239 0.98101221
vt 1.33429239 0.97654604
vt 1.33429239 0.97175283
vt 1.33429239 0.96668189
vt 1.33429239 0.96171054
vt 1.33429239 0.95719700
vt 1.33429239 0.95314425
vt 1.33429239 0.94916719
vt 1.33429239 0.94519582
vt 1.33429239 0.94130579
vt 1.33429239 0.93745433
vt 1.33429239 0.93360475
vt 1.33429239 0.92978346
vt 1.33429239 0.92592791
vt 1.33429239 0.92142754
vt 1.33429239 0.91633852
vt 1.33429239 0.91164543
vt 1.33429239 0.90839336
vt 1.34982064 1.06799104
vt 1.34982064 1.06417039
vt 1.34982064 1.05848363
vt 1.34982064 1.05227497
vt 1.34982064 1.04682588
vt 1.34982064 1.04209092
vt 1.34982064 1.03741916
vt 1.34982064 1.03300612
vt 1.34982064 1.02904354
vt 1.34982064 1.02529892
vt 1.34982064 1.02141382
vt 1.34982064 1.01746042
vt 1.34982064 1.01356649
vt 1.34982064 1.00932423
vt 1.34982064 1.00446988
vt 1.34982064 0.99944308
vt 1.34982064 0.99471707
vt 1.34982064 0.99029640
vt 1.34982064 0.98584170
vt 1.34982064 0.98130173
vt 1.34982064 0.97663875
vt 1.34982064 0.97161678
vt 1.34982064 0.96627846
vt 1.34982064 0.96102256
vt 1.34982064 0.95622897
vt 1.34982064 0.95189540
vt 1.34982064 0.94761244
vt 1.34982064 0.94332577
vt 1.34982064 0.93912689
vt 1.34982064 0.93496965
vt 1.34982064 0.93081443
vt 1.34982064 0.92668976
vt 1.34982064 0.92252810
vt 1.34982064 0.91767043
vt 1.34982064 0.91217737
vt 1.34982064 0.90711169
vt 1.34982064 0.90360142
vt 1.36534889 1.07594459
vt 1.36534889 1.07181287
vt 1.36534889 1.06566538
vt 1.36534889 1.05895605
vt 1.36534889 1.05307070
vt 1.36534889 1.04795915
vt 1.36534889 1.04291618
vt 1.36534889 1.03815228
vt 1.36534889 1.03387378
vt 1.36534889 1.02982777
vt 1.36534889 1.02562660
vt 1.36534889 1.02134946
vt 1.36534889 1.01713581
vt 1.36534889 1.01254576
vt 1.36534889 1.00729530
vt 1.36534889 1.00186062
vt 1.36534889 0.99675401
vt 1.36534889 0.99198041
vt 1.36534889 0.98717217
vt 1.36534889 0.98227311
vt 1.36534889 0.97724144
vt 1.36534889 0.97182093
vt 1.36534889 0.96605682
vt 1.36534889 0.96037985
vt 1.36534889 0.95520040
vt 1.36534889 0.95051559
vt 1.36534889 0.94588300
vt 1.36534889 0.94124560
vt 1.36534889 0.93670318
vt 1.36534889 0.93220579
vt 1.36534889 0.92771061
vt 1.36534889 0.92324846
vt 1.36534889 0.91874631
vt 1.36534889 0.91349119
vt 1.36534889 0.90754869
vt 1.36534889 0.90206854
vt 1.36534889 0.89827108
vt 1.38087714 1.08616860
vt 1.38087714 1.08169946
vt 1.38087714 1.07502389
vt 1.38087714 1.06771099
vt 1.38087714 1.06125932
vt 1.38087714 1.05562705
vt 1.38087714 1.05006586
vt 1.38087714 1.04481439
vt 1.38087714 1.04010771
vt 1.38087714 1.03568949
vt 1.38087714 1.03114144
vt 1.38087714 1.02653610
vt 1.38087714 1.02200950
vt 1.38087714 1.01707244
vt 1.38087714 1.01140376
vt 1.38087714 1.00550914
vt 1.38087714 0.99993697
vt 1.38087714 0.99469243
vt 1.38087714 0.98938536
vt 1.38087714 0.98396410
vt 1.38087714 0.97839447
vt 1.38087714 0.97241159
vt 1.38087714 0.96607419
vt 1.38087714 0.95985434
vt 1.38087714 0.95420056
vt 1.38087714 0.94911490
vt 1.38087714 0.94411481
vt 1.38087714 0.93911882
vt 1.38087714 0.93422517
vt 1.38087714 0.92938002
vt 1.38087714 0.92453725
vt 1.38087714 0.91973006
vt 1.38087714 0.91487978
vt 1.38087714 0.90921831
vt 1.38087714 0.90281631
vt 1.38087714 0.89691241
vt 1.38087714 0.89282131
vt 1.39640539 1.09800402
vt 1.39640539 1.09319673
vt 1.39640539 1.08596451
vt 1.39640539 1.07798816
vt 1.39640539 1.07087873
vt 1.39640539 1.06461510
vt 1.39640539 1.05842040
vt 1.39640539 1.05257248
vt 1.39640539 1.04734718
vt 1.39640539 1.04250332
vt 1.39640539 1.03759634
vt 1.39640539 1.03267997
vt 1.39640539 1.02787097
vt 1.39640539 1.02261533
vt 1.39640539 1.01653853
vt 1.39640539 1.01016534
vt 1.39640539 1.00407434
vt 1.39640539 0.99827126
vt 1.39640539 0.99235178
vt 1.39640539 0.98627846
vt 1.39640539 0.98003597
vt 1.39640539 0.97336343
vt 1.39640539 0.96634321
vt 1.39640539 0.95949534
vt 1.39640539 0.95331149
vt 1.39640539 0.94780432
vt 1.39640539 0.94244724
vt 1.39640539 0.93711307
vt 1.39640539 0.93188815
vt 1.39640539 0.92671504
vt 1.39640539 0.92154445
vt 1.39640539 0.91641186
vt 1.39640539 0.91123326
vt 1.39640539 0.90518857
vt 1.39640539 0.89835321
vt 1.39640539 0.89204967
vt 1.39640539 0.88768164
vt 1.41193364 1.11031207
vt 1.41193364 1.10519478
vt 1.41193364 1.09742812
vt 1.41193364 1.08879204
vt 1.41193364 1.08100017
vt 1.41193364 1.07406030
vt 1.41193364 1.06718146
vt 1.41193364 1.06068638
vt 1.41193364 1.05489802
vt 1.41193364 1.04960555
vt 1.41193364 1.04434877
vt 1.41193364 1.03915635
vt 1.41193364 1.03411347
vt 1.41193364 1.02859123
vt 1.41193364 1.02214982
vt 1.41193364 1.01532145
vt 1.41193364 1.00870714
vt 1.41193364 1.00231421
vt 1.41193364 0.99573333
vt 1.41193364 0.98894865
vt 1.41193364 0.98197168
vt 1.41193364 0.97455583
vt 1.41193364 0.96681390
vt 1.41193364 0.95931564
vt 1.41193364 0.95259680
vt 1.41193364 0.94668498
vt 1.41193364 0.94101045
vt 1.41193364 0.93538490
vt 1.41193364 0.92987458
vt 1.41193364 0.92441888
vt 1.41193364 0.91896585
vt 1.41193364 0.91355289
vt 1.41193364 0.90809141
vt 1.41193364 0.90171653
vt 1.41193364 0.89450779
vt 1.41193364 0.88785992
vt 1.41193364 0.88325328
vt 1.42746189 1.12152307
vt 1.42746189 1.11615349
vt 1.42746189 1.10793285
vt 1.42746189 1.09871923
vt 1.42746189 1.09030930
vt 1.42746189 1.08274147
vt 1.42746189 1.07522238
vt 1.42746189 1.06811779
vt 1.42746189 1.06179602
vt 1.42746189 1.05608362
vt 1.42746189 1.05051715
vt 1.42746189 1.04510157
vt 1.42746189 1.03988589
vt 1.42746189 1.03416663
vt 1.42746189 1.02743585
vt 1.42746189 1.02022328
vt 1.42746189 1.01314423
vt 1.42746189 1.00620874
vt 1.42746189 0.99901008
vt 1.42746189 0.99155669
vt 1.42746189 0.98388921
vt 1.42746189 0.97578077
vt 1.42746189 0.96737566
vt 1.42746189 0.95928869
vt 1.42746189 0.95209506
vt 1.42746189 0.94583888
vt 1.42746189 0.93991365
vt 1.42746189 0.93406567
vt 1.42746189 0.92833747
vt 1.42746189 0.92266606
vt 1.42746189 0.91699742
vt 1.42746189 0.91137044
vt 1.42746189 0.90569302
vt 1.42746189 0.89906608
vt 1.42746189 0.89157231
vt 1.42746189 0.88466159
vt 1.42746189 0.87987281
vt 1.44299014 1.12990096
vt 1.44299014 1.12436301
vt 1.44299014 1.11582533
vt 1.44299014 1.10619628
vt 1.44299014 1.09732757
vt 1.44299014 1.08928316
vt 1.44299014 1.08127465
vt 1.44299014 1.07370116
vt 1.44299014 1.06696635
vt 1.44299014 1.06093061
vt 1.44299014 1.05513599
vt 1.44299014 1.04957036
vt 1.44299014 1.04425140
vt 1.44299014 1.03841530
vt 1.44299014 1.03149677
vt 1.44299014 1.02401738
vt 1.44299014 1.01659906
vt 1.44299014 1.00925500
vt 1.44299014 1.00158517
vt 1.44299014 0.99361916
vt 1.44299014 0.98542236
vt 1.44299014 0.97678695
vt 1.44299014 0.96788317
vt 1.44299014 0.95935926
vt 1.44299014 0.95181949
vt 1.44299014 0.94532213
vt 1.44299014 0.93923520
vt 1.44299014 0.93324963
vt 1.44299014 0.92738666
vt 1.44299014 0.92158181
vt 1.44299014 0.91577981
vt 1.44299014 0.91002044
vt 1.44299014 0.90420944
vt 1.44299014 0.89742658
vt 1.44299014 0.88975650
vt 1.44299014 0.88268319
vt 1.44299014 0.87778174
vt 1.45851839 1.13396725
vt 1.45851839 1.12836309
vt 1.45851839 1.11968839
vt 1.45851839 1.10986959
vt 1.45851839 1.10077976
vt 1.45851839 1.09249767
vt 1.45851839 1.08424279
vt 1.45851839 1.07643172
vt 1.45851839 1.06948663
vt 1.45851839 1.06328911
vt 1.45851839 1.05738892
vt 1.45851839 1.05176521
vt 1.45851839 1.04641695
vt 1.45851839 1.04054784
vt 1.45851839 1.03356027
vt 1.45851839 1.02596705
vt 1.45851839 1.01839019
vt 1.45851839 1.01084501
vt 1.45851839 1.00293837
vt 1.45851839 0.99471250
vt 1.45851839 0.98624730
vt 1.45851839 0.97734776
vt 1.45851839 0.96819867
vt 1.45851839 0.95946442
vt 1.45851839 0.95176301
vt 1.45851839 0.94516108
vt 1.45851839 0.93901553
vt 1.45851839 0.93298541
vt 1.45851839 0.92707881
vt 1.45851839 0.92123076
vt 1.45851839 0.91538557
vt 1.45851839 0.90958333
vt 1.45851839 0.90372908
vt 1.45851839 0.89689574
vt 1.45851839 0.88916858
vt 1.45851839 0.88204262
vt 1.45851839 0.87710469
vt 1.47404664 1.13292748
vt 1.47404664 1.12736573
vt 1.47404664 1.11875323
vt 1.47404664 1.10900141
vt 1.47404664 1.09996910
vt 1.47404664 1.09173580
vt 1.47404664 1.08352861
vt 1.47404664 1.07576218
vt 1.47404664 1.06885683
vt 1.47404664 1.06269727
vt 1.47404664 1.05683798
vt 1.47404664 1.05125751
vt 1.47404664 1.04595301
vt 1.47404664 1.04013189
vt 1.47404664 1.03319853
vt 1.47404664 1.02566035
vt 1.47404664 1.01813395
vt 1.47404664 1.01063475
vt 1.47404664 1.00277372
vt 1.47404664 0.99459399
vt 1.47404664 0.98617616
vt 1.47404664 0.97732821
vt 1.47404664 0.96823475
vt 1.47404664 0.95955596
vt 1.47404664 0.95190581
vt 1.47404664 0.94535118
vt 1.47404664 0.93925351
vt 1.47404664 0.93327165
vt 1.47404664 0.92741232
vt 1.47404664 0.92161107
vt 1.47404664 0.91581266
vt 1.47404664 0.91005686
vt 1.47404664 0.90424947
vt 1.47404664 0.89747081
vt 1.47404664 0.88980550
vt 1.47404664 0.88273657
vt 1.47404664 0.87783816
vt 1.48957489 1.12692510
vt 1.48957489 1.12150709
vt 1.48957489 1.11314590
vt 1.48957489 1.10370740
vt 1.48957489 1.09500301
vt 1.48957489 1.08709874
vt 1.48957489 1.07922742
vt 1.48957489 1.07178263
vt 1.48957489 1.06516259
vt 1.48957489 1.05923626
vt 1.48957489 1.05355869
vt 1.48957489 1.04811586
vt 1.48957489 1.04292045
vt 1.48957489 1.03721962
vt 1.48957489 1.03045424
vt 1.48957489 1.02313097
vt 1.48957489 1.01585652
vt 1.48957489 1.00864423
vt 1.48957489 1.00110555
vt 1.48957489 0.99327239
vt 1.48957489 0.98521202
vt 1.48957489 0.97672486
vt 1.48957489 0.96798044
vt 1.48957489 0.95961502
vt 1.48957489 0.95222133
vt 1.48957489 0.94585823
vt 1.48957489 0.93990655
vt 1.48957489 0.93405713
vt 1.48957489 0.92832751
vt 1.48957489 0.92265470
vt 1.48957489 0.91698467
vt 1.48957489 0.91135630
vt 1.48957489 0.90567748
vt 1.48957489 0.89904890
vt 1.48957489 0.89155329
vt 1.48957489 0.88464087
vt 1.48957489 0.87985091
vt 1.50510314 1.11701834
vt 1.50510314 1.11182530
vt 1.50510314 1.10386632
vt 1.50510314 1.09493724
vt 1.50510314 1.08677546
vt 1.50510314 1.07942173
vt 1.50510314 1.07211314
vt 1.50510314 1.06520662
vt 1.50510314 1.05906191
vt 1.50510314 1.05351698
vt 1.50510314 1.04812635
vt 1.50510314 1.04289211
vt 1.50510314 1.03785683
vt 1.50510314 1.03233469
vt 1.50510314 1.02582860
vt 1.50510314 1.01884731
vt 1.50510314 1.01198404
vt 1.50510314 1.00524889
vt 1.50510314 0.99825129
vt 1.50510314 0.99100244
vt 1.50510314 0.98354507
vt 1.50510314 0.97566360
vt 1.50510314 0.96750069
vt 1.50510314 0.95965299
vt 1.50510314 0.95267841
vt 1.50510314 0.94662142
vt 1.50510314 0.94089450
vt 1.50510314 0.93524544
vt 1.50510314 0.92971208
vt 1.50510314 0.92423358
vt 1.50510314 0.91875776
vt 1.50510314 0.91332218
vt 1.50510314 0.90783787
vt 1.50510314 0.90143633
vt 1.50510314 0.89419747
vt 1.50510314 0.88752181
vt 1.50510314 0.88289591
vt 1.52063139 1.10300286
vt 1.52063139 1.09815455
vt 1.52063139 1.09079388
vt 1.52063139 1.08260697
vt 1.52063139 1.07521732
vt 1.52063139 1.06863327
vt 1.52063139 1.06210661
vt 1.52063139 1.05594395
vt 1.52063139 1.05045222
vt 1.52063139 1.04543320
vt 1.52063139 1.04045137
vt 1.52063139 1.03553305
vt 1.52063139 1.03075767
vt 1.52063139 1.02552807
vt 1.52063139 1.01942612
vt 1.52063139 1.01295518
vt 1.52063139 1.00668422
vt 1.52063139 1.00062022
vt 1.52063139 0.99437605
vt 1.52063139 0.98793750
vt 1.52063139 0.98131638
vt 1.52063139 0.97428006
vt 1.52063139 0.96693624
vt 1.52063139 0.95982525
vt 1.52063139 0.95345507
vt 1.52063139 0.94785235
vt 1.52063139 0.94247700
vt 1.52063139 0.93714886
vt 1.52063139 0.93192986
vt 1.52063139 0.92676260
vt 1.52063139 0.92159786
vt 1.52063139 0.91647108
vt 1.52063139 0.91129834
vt 1.52063139 0.90526049
vt 1.52063139 0.89843286
vt 1.52063139 0.89213646
vt 1.52063139 0.88777336
vt 1.53615964 1.09243687
vt 1.53615964 1.08781361
vt 1.53615964 1.08086898
vt 1.53615964 1.07322092
vt 1.53615964 1.06641899
vt 1.53615964 1.06043797
vt 1.53615964 1.05452495
vt 1.53615964 1.04894279
vt 1.53615964 1.04395204
vt 1.53615964 1.03931352
vt 1.53615964 1.03459825
vt 1.53615964 1.02986275
vt 1.53615964 1.02522550
vt 1.53615964 1.02015961
vt 1.53615964 1.01431112
vt 1.53615964 1.00818876
vt 1.53615964 1.00235131
vt 1.53615964 0.99680419
vt 1.53615964 0.99115532
vt 1.53615964 0.98536490
vt 1.53615964 0.97941376
vt 1.53615964 0.97304603
vt 1.53615964 0.96633694
vt 1.53615964 0.95978406
vt 1.53615964 0.95385832
vt 1.53615964 0.94856968
vt 1.53615964 0.94341324
vt 1.53615964 0.93827497
vt 1.53615964 0.93324195
vt 1.53615964 0.92825882
vt 1.53615964 0.92327813
vt 1.53615964 0.91833404
vt 1.53615964 0.91334563
vt 1.53615964 0.90752293
vt 1.53615964 0.90093862
vt 1.53615964 0.89486658
vt 1.53615964 0.89065897
vn 0.891428 -0.081820 -0.445714
vn 0.891497 -0.080882 -0.445748
vn 0.893113 -0.054194 -0.446556
vn 0.894296 0.017121 -0.447148
vn 0.886541 0.132499 -0.443271
vn 0.867146 0.245097 -0.433573
vn 0.844726 0.328705 -0.422363
vn 0.815285 0.411265 -0.407642
vn 0.761176 0.525132 -0.380588
vn 0.650294 0.686584 -0.325147
vn 0.467869 0.852276 -0.233934
vn 0.200023 0.974674 -0.100012
vn -0.181461 0.979204 0.090731
vn -0.505386 0.825064 0.252693
vn -0.674900 0.656229 0.337450
vn -0.772958 0.503160 0.386479
vn -0.835939 0.355680 0.417969
vn -0.870116 0.231567 0.435058
vn -0.886146 0.135761 0.443073
vn -0.893190 0.052580 0.446595
vn -0.894089 -0.027490 0.447045
vn -0.889337 -0.106535 0.444668
vn -0.878937 -0.185306 0.439468
vn -0.859448 -0.276923 0.429724
vn -0.809074 -0.426320 0.404537
vn -0.683683 -0.644765 0.341842
vn -0.542371 -0.795168 0.271186
vn -0.527778 -0.807349 0.263889
vn -0.583581 -0.757821 0.291790
vn -0.613399 -0.727789 0.306700
vn -0.649009 -0.688102 0.324504
vn -0.726973 -0.582571 0.363486
vn -0.822746 -0.392252 0.411373
vn -0.873325 -0.215936 0.436663
vn -0.887265 -0.126295 0.443633
vn -0.889786 -0.101742 0.444893
vn -0.894427 0.000000 0.447214
vn 0.888499 -0.081642 -0.451557
vn 0.888574 -0.080618 -0.451594
vn 0.890178 -0.053939 -0.452409
vn 0.891346 0.017013 -0.453003
vn 0.883741 0.131440 -0.449138
vn 0.864781 0.242884 -0.439502
vn 0.842901 0.325586 -0.428382
vn 0.814219 0.407200 -0.413806
vn 0.761499 0.519943 -0.387012
vn 0.653052 0.680712 -0.331896
vn 0.473311 0.847416 -0.240548
vn 0.206719 0.972743 -0.105060
vn -0.176972 0.980098 0.089941
vn -0.503816 0.824989 0.256051
vn -0.673981 0.654539 0.342533
vn -0.771719 0.500624 0.392206
vn -0.834051 0.353102 0.423884
vn -0.867669 0.229555 0.440970
vn -0.883376 0.134490 0.448953
vn -0.890266 0.052076 0.452454
vn -0.891145 -0.027235 0.452901
vn -0.886488 -0.105626 0.450535
vn -0.876274 -0.183886 0.445343
vn -0.857088 -0.275062 0.435592
vn -0.807345 -0.424073 0.410312
vn -0.682712 -0.643051 0.346971
vn -0.541082 -0.794739 0.274991
vn -0.526036 -0.807349 0.267344
vn -0.581655 -0.757821 0.295611
vn -0.611375 -0.727789 0.310715
vn -0.646867 -0.688102 0.328753
vn -0.724573 -0.582571 0.368245
vn -0.820030 -0.392252 0.416759
vn -0.870443 -0.215936 0.442380
vn -0.884337 -0.126295 0.449441
vn -0.886849 -0.101742 0.450718
vn -0.891475 0.000000 0.453069
vn 0.885509 -0.081793 -0.457367
vn 0.885578 -0.080842 -0.457402
vn 0.887182 -0.054155 -0.458231
vn 0.888356 0.017105 -0.458837
vn 0.880671 0.132338 -0.454868
vn 0.861461 0.244760 -0.444946
vn 0.839261 0.328231 -0.433480
vn 0.810116 0.410647 -0.418427
vn 0.756551 0.524344 -0.390760
vn 0.646719 0.685694 -0.334032
vn 0.465819 0.851544 -0.240596
vn 0.199803 0.974386 -0.103199
vn -0.179672 0.979340 0.092801
vn -0.502044 0.825053 0.259307
vn -0.670614 0.655974 0.346374
vn -0.768022 0.502776 0.396685
vn -0.830518 0.355289 0.428964
vn -0.864400 0.231261 0.446464
vn -0.880283 0.135568 0.454668
vn -0.887260 0.052503 0.458272
vn -0.888151 -0.027451 0.458732
vn -0.883442 -0.106397 0.456300
vn -0.873134 -0.185090 0.450975
vn -0.853811 -0.276640 0.440995
vn -0.803842 -0.425979 0.415186
vn -0.679335 -0.644506 0.350878
vn -0.538844 -0.795103 0.278314
vn -0.524272 -0.807349 0.270788
vn -0.579704 -0.757821 0.299418
vn -0.609324 -0.727789 0.314717
vn -0.644697 -0.688102 0.332987
vn -0.722143 -0.582571 0.372988
vn -0.817280 -0.392252 0.422127
vn -0.867524 -0.215936 0.448078
vn -0.881371 -0.126295 0.455230
vn -0.883875 -0.101742 0.456523
vn -0.888486 0.000000 0.458904
vn 0.882456 -0.082281 -0.463143
vn 0.882508 -0.081568 -0.463171
vn 0.884125 -0.054861 -0.464019
vn 0.885324 0.017404 -0.464649
vn 0.877316 0.135304 -0.460446
vn 0.857118 0.250972 -0.449845
vn 0.833666 0.336991 -0.437537
vn 0.802726 0.422065 -0.421298
vn 0.745899 0.538872 -0.391474
vn 0.630647 0.701949 -0.330986
vn 0.444773 0.864689 -0.233432
vn 0.179025 0.979348 -0.093959
vn -0.189534 0.976822 0.099474
vn -0.500069 0.825257 0.262454
vn -0.664744 0.660604 0.348881
vn -0.761761 0.509786 0.399799
vn -0.825242 0.362474 0.433115
vn -0.860252 0.236903 0.451490
vn -0.876845 0.139144 0.460198
vn -0.884170 0.053921 0.464043
vn -0.885107 -0.028168 0.464535
vn -0.880188 -0.108946 0.461953
vn -0.869490 -0.189059 0.456338
vn -0.849568 -0.281821 0.445883
vn -0.798488 -0.432197 0.419074
vn -0.673495 -0.649200 0.353474
vn -0.535651 -0.796269 0.281128
vn -0.522486 -0.807349 0.274219
vn -0.577729 -0.757821 0.303212
vn -0.607248 -0.727789 0.318705
vn -0.642501 -0.688102 0.337207
vn -0.719683 -0.582571 0.377714
vn -0.814495 -0.392252 0.427475
vn -0.864568 -0.215936 0.453755
vn -0.878368 -0.126295 0.460998
vn -0.880863 -0.101742 0.462308
vn -0.885458 0.000000 0.464719
vn 0.879344 -0.083063 -0.468886
vn 0.879368 -0.082743 -0.468899
vn 0.881008 -0.056014 -0.469774
vn 0.882252 0.017899 -0.470437
vn 0.873669 0.140271 -0.465860
vn 0.851704 0.261437 -0.454148
vn 0.825998 0.351765 -0.440441
vn 0.791820 0.441309 -0.422217
vn 0.729156 0.563174 -0.388802
vn 0.604538 0.728438 -0.322353
vn 0.410746 0.885053 -0.219019
vn 0.146166 0.986185 -0.077939
vn -0.205208 0.972583 0.109421
vn -0.497922 0.825580 0.265503
vn -0.656640 0.668004 0.350136
vn -0.753066 0.521198 0.401552
vn -0.818217 0.374394 0.436292
vn -0.855191 0.246386 0.456007
vn -0.873043 0.145193 0.465527
vn -0.880993 0.056324 0.469765
vn -0.882012 -0.029381 0.470309
vn -0.876718 -0.113232 0.467486
vn -0.865334 -0.195684 0.461416
vn -0.844367 -0.290400 0.450236
vn -0.791364 -0.442358 0.421974
vn -0.665452 -0.656709 0.354834
vn -0.531648 -0.798114 0.283487
vn -0.520677 -0.807349 0.277637
vn -0.575729 -0.757821 0.306992
vn -0.605146 -0.727789 0.322678
vn -0.640277 -0.688102 0.341410
vn -0.717192 -0.582571 0.382423
vn -0.811676 -0.392252 0.432804
vn -0.861575 -0.215936 0.459412
vn -0.875328 -0.126295 0.466745
vn -0.877814 -0.101742 0.468071
vn -0.882393 0.000000 0.470512
vn 0.876180 -0.084051 -0.474598
vn 0.876166 -0.084244 -0.474590
vn 0.877837 -0.057510 -0.475495
vn 0.879140 0.018552 -0.476201
vn 0.869748 0.146937 -0.471114
vn 0.845239 0.275600 -0.457838
vn 0.816264 0.371784 -0.442143
vn 0.777364 0.467336 -0.421072
vn 0.706304 0.595623 -0.382582
vn 0.569023 0.762373 -0.308221
vn 0.366118 0.909192 -0.198314
vn 0.105086 0.992833 -0.056922
vn -0.224308 0.966915 0.121500
vn -0.495658 0.825979 0.268482
vn -0.646907 0.677293 0.350408
vn -0.742371 0.535898 0.402118
vn -0.809602 0.390168 0.438535
vn -0.849246 0.259180 0.460008
vn -0.868880 0.153435 0.470644
vn -0.877728 0.059610 0.475436
vn -0.878868 -0.031034 0.476054
vn -0.873042 -0.119019 0.472898
vn -0.860703 -0.204536 0.466214
vn -0.838313 -0.301722 0.454087
vn -0.782768 -0.455519 0.424000
vn -0.655795 -0.666145 0.355223
vn -0.527110 -0.800396 0.285518
vn -0.518847 -0.807349 0.281042
vn -0.573705 -0.757821 0.310757
vn -0.603019 -0.727789 0.326636
vn -0.638026 -0.688102 0.345598
vn -0.714671 -0.582571 0.387114
vn -0.808823 -0.392252 0.438113
vn -0.858547 -0.215936 0.465047
vn -0.872251 -0.126295 0.472470
vn -0.874729 -0.101742 0.473812
vn -0.879292 0.000000 0.476283
vn 0.872974 -0.085118 -0.480282
vn 0.872916 -0.085885 -0.480250
vn 0.874619 -0.059174 -0.481187
vn 0.875991 0.019293 -0.481942
vn 0.865610 0.154670 -0.476231
vn 0.837917 0.292198 -0.460995
vn 0.804809 0.395256 -0.442780
vn 0.759911 0.497740 -0.418079
vn 0.678413 0.632809 -0.373241
vn 0.526714 0.799124 -0.289781
vn 0.315760 0.932800 -0.173721
vn 0.061392 0.997542 -0.033776
vn -0.243924 0.960464 0.134199
vn -0.493349 0.826399 0.271425
vn -0.636466 0.687239 0.350163
vn -0.730512 0.552110 0.401904
vn -0.799857 0.408141 0.440056
vn -0.842594 0.274116 0.463568
vn -0.864410 0.163178 0.475571
vn -0.874385 0.063512 0.481058
vn -0.875677 -0.032988 0.481769
vn -0.869195 -0.125787 0.478203
vn -0.855713 -0.214747 0.470786
vn -0.831669 -0.314591 0.457557
vn -0.773288 -0.470136 0.425438
vn -0.645429 -0.676262 0.355094
vn -0.522402 -0.802802 0.287409
vn -0.516996 -0.807349 0.284434
vn -0.571658 -0.757821 0.314508
vn -0.600867 -0.727789 0.330578
vn -0.635749 -0.688102 0.349769
vn -0.712120 -0.582571 0.391786
vn -0.805937 -0.392252 0.443400
vn -0.855483 -0.215936 0.470659
vn -0.869138 -0.126295 0.478172
vn -0.871607 -0.101742 0.479530
vn -0.876154 0.000000 0.482032
vn 0.869737 -0.086114 -0.485944
vn 0.869637 -0.087436 -0.485888
vn 0.871366 -0.060776 -0.486854
vn 0.872805 0.020022 -0.487658
vn 0.861384 0.162449 -0.481277
vn 0.830240 0.309063 -0.463876
vn 0.792616 0.419093 -0.442855
vn 0.741141 0.528428 -0.414094
vn 0.648520 0.669423 -0.362345
vn 0.483059 0.832953 -0.269897
vn 0.266912 0.952113 -0.149130
vn 0.021448 0.999698 -0.011984
vn -0.261206 0.954187 0.145943
vn -0.491071 0.826782 0.274374
vn -0.626463 0.696440 0.350021
vn -0.718755 0.567556 0.401587
vn -0.789865 0.425855 0.441317
vn -0.835668 0.289231 0.466909
vn -0.859790 0.173179 0.480386
vn -0.870987 0.067538 0.486642
vn -0.872445 -0.034995 0.487457
vn -0.865265 -0.132651 0.483446
vn -0.850605 -0.224953 0.475255
vn -0.824912 -0.327249 0.460899
vn -0.763837 -0.484166 0.426775
vn -0.635484 -0.685632 0.355061
vn -0.517923 -0.804995 0.289376
vn -0.515123 -0.807349 0.287812
vn -0.569587 -0.757821 0.318243
vn -0.598691 -0.727789 0.334504
vn -0.633446 -0.688102 0.353923
vn -0.709541 -0.582571 0.396438
vn -0.803017 -0.392252 0.448666
vn -0.852384 -0.215936 0.476249
vn -0.865990 -0.126295 0.483850
vn -0.868450 -0.101742 0.485225
vn -0.872980 0.000000 0.487756
vn 0.866481 -0.086892 -0.491590
vn 0.866345 -0.088662 -0.491513
vn 0.868094 -0.062061 -0.492505
vn 0.869586 0.020618 -0.493351
vn 0.857268 0.168945 -0.486363
vn 0.823070 0.323270 -0.466961
vn 0.781418 0.439140 -0.443330
vn 0.724073 0.554043 -0.410796
vn 0.621844 0.699173 -0.352798
vn 0.445836 0.858633 -0.252941
vn 0.227654 0.965138 -0.129157
vn -0.009027 0.999946 0.005121
vn -0.273855 0.949139 0.155369
vn -0.488891 0.827075 0.277368
vn -0.618080 0.703572 0.350662
vn -0.708635 0.579829 0.402038
vn -0.780897 0.440363 0.443035
vn -0.829182 0.301919 0.470429
vn -0.855294 0.181688 0.485243
vn -0.867577 0.070981 0.492212
vn -0.869184 -0.036705 0.493124
vn -0.861397 -0.138429 0.488705
vn -0.845743 -0.233427 0.479824
vn -0.818705 -0.337603 0.464485
vn -0.755543 -0.495393 0.428650
vn -0.627132 -0.692903 0.355797
vn -0.514031 -0.806675 0.291631
vn -0.513229 -0.807349 0.291176
vn -0.567493 -0.757821 0.321962
vn -0.596490 -0.727789 0.338413
vn -0.631118 -0.688102 0.358059
vn -0.706932 -0.582571 0.401071
vn -0.800065 -0.392252 0.453910
vn -0.849250 -0.215936 0.481814
vn -0.862806 -0.126295 0.489505
vn -0.865257 -0.101742 0.490896
vn -0.869771 0.000000 0.493456
vn 0.863215 -0.087339 -0.497224
vn 0.863059 -0.089372 -0.497134
vn 0.864815 -0.062815 -0.498146
vn 0.866336 0.020972 -0.499022
vn 0.853482 0.172861 -0.491618
vn 0.817411 0.331885 -0.470841
vn 0.773275 0.451274 -0.445418
vn 0.712312 0.569442 -0.410302
vn 0.604330 0.716665 -0.348103
vn 0.422698 0.872951 -0.243480
vn 0.204517 0.971748 -0.117805
vn -0.026158 0.999544 0.015067
vn -0.280425 0.946187 0.161529
vn -0.486856 0.827241 0.280436
vn -0.612257 0.707649 0.352669
vn -0.701549 0.586966 0.404102
vn -0.774276 0.448982 0.445994
vn -0.823953 0.309594 0.474609
vn -0.851259 0.186888 0.490337
vn -0.864208 0.073094 0.497796
vn -0.865909 -0.037751 0.498776
vn -0.857754 -0.141933 0.494078
vn -0.841518 -0.238513 0.484726
vn -0.813721 -0.343751 0.468715
vn -0.749454 -0.501954 0.431696
vn -0.621308 -0.697063 0.357882
vn -0.510985 -0.807627 0.294335
vn -0.511315 -0.807349 0.294524
vn -0.565376 -0.757821 0.325665
vn -0.594265 -0.727789 0.342305
vn -0.628763 -0.688102 0.362177
vn -0.704295 -0.582571 0.405684
vn -0.797081 -0.392252 0.459130
vn -0.846083 -0.215936 0.487356
vn -0.859588 -0.126295 0.495135
vn -0.862030 -0.101742 0.496541
vn -0.866526 0.000000 0.499132
vn 0.859944 -0.087403 -0.502849
vn 0.859785 -0.089475 -0.502756
vn 0.861537 -0.062924 -0.503781
vn 0.863057 0.021024 -0.504669
vn 0.850165 0.173436 -0.497131
vn 0.813932 0.333153 -0.475944
vn 0.769569 0.453058 -0.450003
vn 0.708263 0.571699 -0.414154
vn 0.599784 0.719203 -0.350722
vn 0.417951 0.874979 -0.244395
vn 0.200530 0.972645 -0.117259
vn -0.028503 0.999455 0.016667
vn -0.280440 0.945760 0.163986
vn -0.484983 0.827265 0.283592
vn -0.609434 0.708234 0.356364
vn -0.698248 0.587998 0.408298
vn -0.770800 0.450240 0.450723
vn -0.820517 0.310722 0.479795
vn -0.847912 0.187656 0.495813
vn -0.860918 0.073407 0.503419
vn -0.862627 -0.037905 0.504418
vn -0.854444 -0.142448 0.499633
vn -0.838175 -0.239258 0.490120
vn -0.810358 -0.344648 0.473854
vn -0.746141 -0.502905 0.436303
vn -0.618456 -0.697660 0.361640
vn -0.508890 -0.807763 0.297572
vn -0.509380 -0.807349 0.297858
vn -0.563237 -0.757821 0.329351
vn -0.592016 -0.727789 0.346179
vn -0.626384 -0.688102 0.366276
vn -0.701630 -0.582571 0.410276
vn -0.794065 -0.392252 0.464327
vn -0.842881 -0.215936 0.492872
vn -0.856335 -0.126295 0.500739
vn -0.858768 -0.101742 0.502162
vn -0.863247 0.000000 0.504781
vn 0.856666 -0.087106 -0.508464
vn 0.856522 -0.089002 -0.508379
vn 0.858258 -0.062422 -0.509409
vn 0.859749 0.020787 -0.510294
vn 0.847297 0.170808 -0.502903
vn 0.812551 0.327365 -0.482280
vn 0.770136 0.444909 -0.457106
vn 0.711648 0.561376 -0.422391
vn 0.607692 0.707541 -0.360688
vn 0.430666 0.865556 -0.255617
vn 0.214488 0.968395 -0.127307
vn -0.017128 0.999802 0.010166
vn -0.274394 0.947726 0.162863
vn -0.483261 0.827155 0.286834
vn -0.609417 0.705531 0.361713
vn -0.698519 0.583249 0.414598
vn -0.770321 0.444476 0.457215
vn -0.818804 0.305568 0.485992
vn -0.845227 0.184156 0.501675
vn -0.857704 0.071983 0.509080
vn -0.859339 -0.037201 0.510051
vn -0.851454 -0.140094 0.505371
vn -0.835676 -0.235849 0.496006
vn -0.808537 -0.340537 0.479898
vn -0.745452 -0.498534 0.442454
vn -0.618383 -0.694902 0.367034
vn -0.507679 -0.807133 0.301327
vn -0.507425 -0.807349 0.301176
vn -0.561075 -0.757821 0.333020
vn -0.589744 -0.727789 0.350036
vn -0.623980 -0.688102 0.370356
vn -0.698938 -0.582571 0.414846
vn -0.791017 -0.392252 0.469499
vn -0.839647 -0.215936 0.498362
vn -0.853049 -0.126295 0.506317
vn -0.855472 -0.101742 0.507756
vn -0.859935 0.000000 0.510404
vn 0.853375 -0.086539 -0.514065
vn 0.853257 -0.088104 -0.513994
vn 0.854968 -0.061474 -0.515024
vn 0.856411 0.020345 -0.515894
vn 0.844711 0.165949 -0.508846
vn 0.812494 0.316706 -0.489439
vn 0.773401 0.429883 -0.465889
vn 0.719726 0.542240 -0.433556
vn 0.623608 0.685562 -0.375656
vn 0.455235 0.847089 -0.274229
vn 0.241414 0.959464 -0.145425
vn 0.004628 0.999985 -0.002788
vn -0.263679 0.951443 0.158838
vn -0.481648 0.826942 0.290140
vn -0.611439 0.700342 0.368325
vn -0.701278 0.574239 0.422443
vn -0.771833 0.433707 0.464944
vn -0.818187 0.296062 0.492868
vn -0.842948 0.177746 0.507784
vn -0.854524 0.069384 0.514757
vn -0.856036 -0.035913 0.515668
vn -0.848658 -0.135760 0.511223
vn -0.833720 -0.229526 0.502225
vn -0.807744 -0.332853 0.486577
vn -0.746577 -0.490270 0.449731
vn -0.620325 -0.689610 0.373678
vn -0.507126 -0.805916 0.305487
vn -0.505450 -0.807349 0.304478
vn -0.558892 -0.757821 0.336671
vn -0.587449 -0.727789 0.353874
vn -0.621552 -0.688102 0.374417
vn -0.696218 -0.582571 0.419395
vn -0.787939 -0.392252 0.474647
vn -0.836379 -0.215936 0.503827
vn -0.849729 -0.126295 0.511869
vn -0.852143 -0.101742 0.513323
vn -0.856588 0.000000 0.516000
vn 0.850060 -0.085838 -0.519644
vn 0.849974 -0.087004 -0.519591
vn 0.851655 -0.060327 -0.520619
vn 0.853042 0.019816 -0.521467
vn 0.842185 0.160234 -0.514830
vn 0.812762 0.304244 -0.496844
vn 0.777321 0.412285 -0.475178
vn 0.728946 0.519686 -0.445606
vn 0.641664 0.659095 -0.392251
vn 0.483848 0.823655 -0.295778
vn 0.273972 0.947042 -0.167480
vn 0.031662 0.999311 -0.019355
vn -0.250443 0.955950 0.153096
vn -0.480082 0.826676 0.293475
vn -0.614374 0.693897 0.375569
vn -0.705000 0.563243 0.430968
vn -0.773972 0.420849 0.473131
vn -0.817845 0.284918 0.499951
vn -0.840744 0.170310 0.513949
vn -0.851327 0.066381 0.520419
vn -0.852704 -0.034419 0.521260
vn -0.845891 -0.130691 0.517096
vn -0.831908 -0.222054 0.508548
vn -0.807280 -0.323674 0.493492
vn -0.748383 -0.480237 0.457488
vn -0.623167 -0.683041 0.380944
vn -0.506890 -0.804392 0.309863
vn -0.503456 -0.807349 0.307764
vn -0.556687 -0.757821 0.340304
vn -0.585132 -0.727789 0.357693
vn -0.619100 -0.688102 0.378458
vn -0.693471 -0.582571 0.423921
vn -0.784831 -0.392252 0.479769
vn -0.833080 -0.215936 0.509264
vn -0.846377 -0.126295 0.517393
vn -0.848782 -0.101742 0.518862
vn -0.853209 0.000000 0.521569
vn 0.846711 -0.085158 -0.525194
vn 0.846653 -0.085947 -0.525159
vn 0.848305 -0.059237 -0.526184
vn 0.849639 0.019322 -0.527011
vn 0.839531 0.154970 -0.520741
vn 0.812542 0.292846 -0.504001
vn 0.780264 0.396172 -0.483979
vn 0.736474 0.498923 -0.456817
vn 0.657011 0.634238 -0.407528
vn 0.509323 0.800490 -0.315921
vn 0.304440 0.933626 -0.188837
vn 0.057988 0.997669 -0.035969
vn -0.237308 0.960218 0.147196
vn -0.478489 0.826414 0.296795
vn -0.617022 0.687608 0.382724
vn -0.708192 0.552722 0.439275
vn -0.775534 0.408832 0.481045
vn -0.817107 0.274697 0.506832
vn -0.838354 0.163560 0.520011
vn -0.848074 0.063665 0.526040
vn -0.849333 -0.033065 0.526821
vn -0.843019 -0.126050 0.522905
vn -0.829898 -0.215142 0.514766
vn -0.806512 -0.315085 0.500260
vn -0.749775 -0.470690 0.465068
vn -0.625720 -0.676637 0.388119
vn -0.506586 -0.802891 0.314223
vn -0.501443 -0.807349 0.311033
vn -0.554461 -0.757821 0.343919
vn -0.582792 -0.727789 0.361492
vn -0.616625 -0.688102 0.382478
vn -0.690699 -0.582571 0.428424
vn -0.781693 -0.392252 0.484865
vn -0.829749 -0.215936 0.514673
vn -0.842993 -0.126295 0.522888
vn -0.845388 -0.101742 0.524374
vn -0.849798 0.000000 0.527109
vn 0.843317 -0.084643 -0.530709
vn 0.843280 -0.085152 -0.530686
vn 0.844908 -0.058426 -0.531711
vn 0.846202 0.018958 -0.532525
vn 0.836630 0.151152 -0.526501
vn 0.811348 0.284626 -0.510591
vn 0.781274 0.384548 -0.491665
vn 0.740669 0.483889 -0.466112
vn 0.666731 0.615972 -0.419582
vn 0.526690 0.782776 -0.331452
vn 0.326429 0.922629 -0.205426
vn 0.077887 0.995757 -0.049015
vn -0.226952 0.963376 0.142824
vn -0.476800 0.826213 0.300056
vn -0.618336 0.682819 0.389126
vn -0.709699 0.544844 0.446622
vn -0.775693 0.400010 0.488153
vn -0.815556 0.267310 0.513239
vn -0.835625 0.158722 0.525869
vn -0.844740 0.061725 0.531605
vn -0.845918 -0.032094 0.532346
vn -0.839959 -0.122701 0.528596
vn -0.827462 -0.210110 0.520731
vn -0.804998 -0.308773 0.506595
vn -0.749920 -0.463572 0.471933
vn -0.626949 -0.671764 0.394547
vn -0.505845 -0.801738 0.318334
vn -0.499412 -0.807349 0.314286
vn -0.552215 -0.757821 0.347515
vn -0.580431 -0.727789 0.365272
vn -0.614126 -0.688102 0.386477
vn -0.687900 -0.582571 0.432903
vn -0.778525 -0.392252 0.489935
vn -0.826386 -0.215936 0.520055
vn -0.839577 -0.126295 0.528356
vn -0.841962 -0.101742 0.529857
vn -0.846354 0.000000 0.532621
vn 0.839872 -0.084403 -0.536182
vn 0.839845 -0.084783 -0.536165
vn 0.841458 -0.058053 -0.537195
vn 0.842731 0.018792 -0.538007
vn 0.833417 0.149424 -0.532061
vn 0.808938 0.280919 -0.516434
vn 0.779892 0.379306 -0.497891
vn 0.740766 0.477095 -0.472912
vn 0.669420 0.607649 -0.427364
vn 0.533168 0.774515 -0.340380
vn 0.335657 0.917287 -0.214287
vn 0.086934 0.994667 -0.055500
vn -0.221599 0.964821 0.141471
vn -0.474960 0.826118 0.303219
vn -0.617552 0.680585 0.394251
vn -0.708768 0.541208 0.452484
vn -0.773979 0.395987 0.494116
vn -0.812983 0.263973 0.519016
vn -0.832487 0.156547 0.531468
vn -0.841317 0.060854 0.537105
vn -0.842457 -0.031658 0.537833
vn -0.836667 -0.121190 0.534136
vn -0.824476 -0.207827 0.526353
vn -0.802477 -0.305892 0.512309
vn -0.748280 -0.460295 0.477709
vn -0.626107 -0.669492 0.399713
vn -0.504380 -0.801197 0.322001
vn -0.497361 -0.807349 0.317520
vn -0.549948 -0.757821 0.351092
vn -0.578048 -0.727789 0.369031
vn -0.611605 -0.688102 0.390455
vn -0.685076 -0.582571 0.437359
vn -0.775329 -0.392252 0.494978
vn -0.822994 -0.215936 0.525407
vn -0.836130 -0.126295 0.533794
vn -0.838506 -0.101742 0.535310
vn -0.842879 0.000000 0.538102
vn 0.836372 -0.084505 -0.541610
vn 0.836341 -0.084939 -0.541590
vn 0.837951 -0.058211 -0.542633
vn 0.839225 0.018862 -0.543458
vn 0.829858 0.150151 -0.537392
vn 0.805189 0.282479 -0.521417
vn 0.775887 0.381511 -0.502442
vn 0.736377 0.479954 -0.476857
vn 0.664373 0.611157 -0.430228
vn 0.527338 0.778011 -0.341489
vn 0.329824 0.919564 -0.213584
vn 0.082623 0.995144 -0.053505
vn -0.222546 0.964212 0.144114
vn -0.472935 0.826159 0.306259
vn -0.614245 0.681531 0.397767
vn -0.704988 0.542744 0.456530
vn -0.770145 0.397683 0.498723
vn -0.809278 0.265377 0.524065
vn -0.828903 0.157461 0.536774
vn -0.837800 0.061220 0.542535
vn -0.838948 -0.031841 0.543279
vn -0.833122 -0.121826 0.539506
vn -0.820875 -0.208788 0.531575
vn -0.798811 -0.307107 0.517287
vn -0.744564 -0.461679 0.482158
vn -0.622775 -0.670454 0.403291
vn -0.502024 -0.801426 0.325096
vn -0.495293 -0.807349 0.320737
vn -0.547660 -0.757821 0.354649
vn -0.575644 -0.727789 0.372770
vn -0.609061 -0.688102 0.394410
vn -0.682226 -0.582571 0.441790
vn -0.772105 -0.392252 0.499993
vn -0.819571 -0.215936 0.530730
vn -0.832653 -0.126295 0.539202
vn -0.835018 -0.101742 0.540734
vn -0.839374 0.000000 0.543554
vn 0.832816 -0.084961 -0.546991
vn 0.832768 -0.085642 -0.546959
vn 0.834386 -0.058925 -0.548022
vn 0.835685 0.019182 -0.548874
vn 0.825934 0.153492 -0.542470
vn 0.800006 0.289659 -0.525441
vn 0.769061 0.391666 -0.505116
vn 0.727157 0.493100 -0.477594
vn 0.651007 0.627189 -0.427579
vn 0.508425 0.793722 -0.333931
vn 0.308279 0.929499 -0.202476
vn 0.064630 0.997006 -0.042448
vn -0.229884 0.961435 0.150987
vn -0.470723 0.826338 0.309169
vn -0.608332 0.685778 0.399550
vn -0.698229 0.549698 0.458594
vn -0.764063 0.405427 0.501833
vn -0.804364 0.271835 0.528303
vn -0.824841 0.161682 0.541753
vn -0.834183 0.062911 0.547888
vn -0.835392 -0.032688 0.548682
vn -0.829309 -0.124752 0.544687
vn -0.816622 -0.213196 0.536354
vn -0.793937 -0.312650 0.521454
vn -0.738675 -0.467954 0.485159
vn -0.616869 -0.674775 0.405157
vn -0.498759 -0.802451 0.327583
vn -0.493206 -0.807349 0.323936
vn -0.545354 -0.757821 0.358186
vn -0.573219 -0.727789 0.376488
vn -0.606496 -0.688102 0.398344
vn -0.679353 -0.582571 0.446196
vn -0.768852 -0.392252 0.504979
vn -0.816119 -0.215936 0.536024
vn -0.829146 -0.126295 0.544580
vn -0.831501 -0.101742 0.546127
vn -0.835838 0.000000 0.548975
vn 0.829209 -0.085732 -0.552324
vn 0.829129 -0.086840 -0.552271
vn 0.830766 -0.060156 -0.553361
vn 0.832111 0.019738 -0.554257
vn 0.821632 0.159400 -0.547277
vn 0.793298 0.302435 -0.528405
vn 0.759206 0.409728 -0.505696
vn 0.712716 0.516398 -0.474730
vn 0.628753 0.655189 -0.418803
vn 0.476258 0.820088 -0.317229
vn 0.272094 0.945049 -0.181238
vn 0.034881 0.999121 -0.023234
vn -0.242479 0.956618 0.161512
vn -0.468351 0.826636 0.311962
vn -0.600077 0.692925 0.399703
vn -0.688629 0.561603 0.458686
vn -0.755709 0.418958 0.503367
vn -0.798177 0.283297 0.531654
vn -0.820268 0.169236 0.546369
vn -0.830462 0.065948 0.553159
vn -0.831786 -0.034204 0.554041
vn -0.825216 -0.129954 0.549664
vn -0.811702 -0.220962 0.540663
vn -0.787855 -0.322323 0.524779
vn -0.730697 -0.478746 0.486707
vn -0.608646 -0.682050 0.405410
vn -0.494713 -0.804161 0.329521
vn -0.491103 -0.807349 0.327117
vn -0.543028 -0.757821 0.361703
vn -0.570774 -0.727789 0.380184
vn -0.603909 -0.688102 0.402255
vn -0.676455 -0.582571 0.450577
vn -0.765573 -0.392252 0.509937
vn -0.812638 -0.215936 0.541287
vn -0.825609 -0.126295 0.549926
vn -0.827955 -0.101742 0.551489
vn -0.832273 0.000000 0.554365
vn 0.825557 -0.086728 -0.557615
vn 0.825435 -0.088404 -0.557532
vn 0.827096 -0.061789 -0.558654
vn 0.828505 0.020491 -0.559606
vn 0.816965 0.167551 -0.551811
vn 0.785046 0.320213 -0.530252
vn 0.746236 0.434830 -0.504038
vn 0.692872 0.548554 -0.467994
vn 0.597534 0.692864 -0.403599
vn 0.432055 0.853326 -0.291828
vn 0.224609 0.962567 -0.151710
vn -0.002573 0.999995 0.001738
vn -0.258236 0.950206 0.174423
vn -0.465868 0.827014 0.314666
vn -0.590100 0.702081 0.398577
vn -0.676677 0.577243 0.457055
vn -0.745255 0.437273 0.503376
vn -0.790720 0.299192 0.534084
vn -0.815167 0.179850 0.550597
vn -0.826633 0.070236 0.558341
vn -0.828132 -0.036336 0.559354
vn -0.820844 -0.137186 0.554432
vn -0.806146 -0.231613 0.544504
vn -0.780679 -0.335398 0.527302
vn -0.720966 -0.493021 0.486969
vn -0.598711 -0.691383 0.404394
vn -0.490141 -0.806325 0.331061
vn -0.488982 -0.807349 0.330278
vn -0.540683 -0.757821 0.365199
vn -0.568309 -0.727789 0.383859
vn -0.601301 -0.688102 0.406143
vn -0.673534 -0.582571 0.454932
vn -0.762267 -0.392252 0.514866
vn -0.809129 -0.215936 0.546518
vn -0.822044 -0.126295 0.555242
vn -0.824379 -0.101742 0.556819
vn -0.828679 0.000000 0.559724
vn 0.821870 -0.087817 -0.562867
vn 0.821699 -0.090135 -0.562750
vn 0.823385 -0.063631 -0.563904
vn 0.824869 0.021360 -0.564921
vn 0.812001 0.177198 -0.556108
vn 0.775466 0.341468 -0.531086
vn 0.730542 0.464745 -0.500320
vn 0.668295 0.586431 -0.457689
vn 0.558911 0.735595 -0.382777
vn 0.379754 0.887776 -0.260079
vn 0.171854 0.978066 -0.117696
vn -0.042142 0.998695 0.028862
vn -0.274568 0.943002 0.188041
vn -0.463343 0.827416 0.317326
vn -0.579353 0.711982 0.396776
vn -0.663334 0.594649 0.454291
vn -0.733260 0.458415 0.502181
vn -0.782197 0.318115 0.535696
vn -0.809592 0.192711 0.554458
vn -0.822704 0.075467 0.563438
vn -0.824432 -0.038923 0.564621
vn -0.816237 -0.145830 0.559009
vn -0.800094 -0.244126 0.547953
vn -0.772724 -0.350478 0.529209
vn -0.710159 -0.509046 0.486360
vn -0.588004 -0.701487 0.402701
vn -0.485392 -0.808633 0.332426
vn -0.486845 -0.807349 0.333421
vn -0.538319 -0.757821 0.368674
vn -0.565825 -0.727789 0.387512
vn -0.598673 -0.688102 0.410008
vn -0.670590 -0.582571 0.459261
vn -0.758935 -0.392252 0.519765
vn -0.805592 -0.215936 0.551719
vn -0.818451 -0.126295 0.560525
vn -0.820776 -0.101742 0.562117
vn -0.825057 0.000000 0.565050
vn 0.818159 -0.088838 -0.568088
vn 0.817940 -0.091781 -0.567935
vn 0.819647 -0.065418 -0.569121
vn 0.821204 0.022223 -0.570202
vn 0.806910 0.187047 -0.560277
vn 0.765255 0.363385 -0.531353
vn 0.713519 0.495417 -0.495431
vn 0.641456 0.624626 -0.445394
vn 0.517458 0.776624 -0.359296
vn 0.326814 0.917441 -0.226923
vn 0.121921 0.988923 -0.084655
vn -0.077814 0.995503 0.054030
vn -0.288927 0.936095 0.200616
vn -0.460846 0.827785 0.319988
vn -0.569034 0.721173 0.395108
vn -0.650076 0.611276 0.451379
vn -0.720867 0.479394 0.500533
vn -0.773198 0.337544 0.536869
vn -0.803758 0.206184 0.558088
vn -0.818708 0.080992 0.568469
vn -0.820695 -0.041638 0.569848
vn -0.811512 -0.154752 0.563472
vn -0.793862 -0.256796 0.551217
vn -0.764593 -0.365442 0.530894
vn -0.699355 -0.524498 0.485596
vn -0.577708 -0.710878 0.401131
vn -0.480846 -0.810749 0.333875
vn -0.484691 -0.807349 0.336544
vn -0.535938 -0.757821 0.372127
vn -0.563322 -0.727789 0.391142
vn -0.596024 -0.688102 0.413848
vn -0.667623 -0.582571 0.463563
vn -0.755577 -0.392252 0.524634
vn -0.802028 -0.215936 0.556887
vn -0.814830 -0.126295 0.565776
vn -0.817144 -0.101742 0.567383
vn -0.821407 0.000000 0.570343
vn 0.814438 -0.089634 -0.573285
vn 0.814180 -0.093080 -0.573103
vn 0.815900 -0.066851 -0.574315
vn 0.817515 0.022930 -0.575451
vn 0.801979 0.195325 -0.564515
vn 0.755731 0.381952 -0.531961
vn 0.697874 0.521210 -0.491236
vn 0.617100 0.656127 -0.434379
vn 0.480988 0.808716 -0.338569
vn 0.283027 0.938193 -0.199224
vn 0.083033 0.994831 -0.058447
vn -0.104445 0.991810 0.073519
vn -0.299243 0.930637 0.210638
vn -0.458443 0.828067 0.322700
vn -0.560386 0.728266 0.394457
vn -0.638719 0.624420 0.449597
vn -0.709798 0.496546 0.499629
vn -0.764796 0.353942 0.538342
vn -0.798102 0.217782 0.561786
vn -0.814715 0.085787 0.573480
vn -0.816938 -0.043982 0.575045
vn -0.806884 -0.162328 0.567968
vn -0.787962 -0.267360 0.554649
vn -0.757162 -0.377689 0.532969
vn -0.689916 -0.536821 0.485634
vn -0.569062 -0.718134 0.400564
vn -0.476858 -0.812365 0.335662
vn -0.482521 -0.807349 0.339648
vn -0.533538 -0.757821 0.375559
vn -0.560800 -0.727789 0.394749
vn -0.593356 -0.688102 0.417665
vn -0.664634 -0.582571 0.467838
vn -0.752195 -0.392252 0.529472
vn -0.798437 -0.215936 0.562022
vn -0.811182 -0.126295 0.570993
vn -0.813486 -0.101742 0.572615
vn -0.817730 0.000000 0.575602
vn 0.810717 -0.090079 -0.578467
vn 0.810436 -0.093813 -0.578267
vn 0.812160 -0.067670 -0.579497
vn 0.813804 0.023341 -0.580670
vn 0.797544 0.200215 -0.569068
vn 0.748538 0.392973 -0.534101
vn 0.687000 0.536416 -0.490192
vn 0.601055 0.674392 -0.428868
vn 0.458197 0.826540 -0.326936
vn 0.257279 0.948740 -0.183575
vn 0.061313 0.997159 -0.043748
vn -0.118670 0.989317 0.084674
vn -0.304185 0.927558 0.217044
vn -0.456180 0.828223 0.325496
vn -0.554415 0.732211 0.395589
vn -0.630945 0.631848 0.450195
vn -0.701900 0.506470 0.500824
vn -0.758294 0.363652 0.541062
vn -0.793200 0.224752 0.565968
vn -0.810818 0.088687 0.578540
vn -0.813187 -0.045394 0.580230
vn -0.802617 -0.166836 0.572688
vn -0.782974 -0.273563 0.558672
vn -0.751352 -0.384784 0.536108
vn -0.683128 -0.543829 0.487429
vn -0.563072 -0.722173 0.401766
vn -0.473684 -0.813259 0.337985
vn -0.480336 -0.807349 0.342732
vn -0.531122 -0.757821 0.378969
vn -0.558260 -0.727789 0.398333
vn -0.590669 -0.688102 0.421457
vn -0.661624 -0.582571 0.472086
vn -0.748788 -0.392252 0.534279
vn -0.794821 -0.215936 0.567125
vn -0.807508 -0.126295 0.576177
vn -0.809802 -0.101742 0.577814
vn -0.814026 0.000000 0.580828
vn 0.807000 -0.090113 -0.583636
vn 0.806719 -0.093869 -0.583433
vn 0.808436 -0.067733 -0.584674
vn 0.810075 0.023372 -0.585860
vn 0.793827 0.200592 -0.574109
vn 0.744813 0.393825 -0.538661
vn 0.683248 0.537588 -0.494136
vn 0.597265 0.675790 -0.431952
vn 0.454501 0.827879 -0.328703
vn 0.254237 0.949503 -0.183868
vn 0.059429 0.997307 -0.042980
vn -0.119222 0.989117 0.086223
vn -0.303260 0.927324 0.219323
vn -0.454076 0.828234 0.328395
vn -0.551615 0.732509 0.398938
vn -0.627682 0.632412 0.453950
vn -0.698323 0.507229 0.505039
vn -0.754582 0.364402 0.545726
vn -0.789464 0.225294 0.570954
vn -0.807087 0.088913 0.583699
vn -0.809457 -0.045504 0.585413
vn -0.798892 -0.167185 0.577772
vn -0.779277 -0.274041 0.563586
vn -0.747725 -0.385327 0.540768
vn -0.679718 -0.544361 0.491583
vn -0.560234 -0.722478 0.405171
vn -0.471438 -0.813326 0.340952
vn -0.478135 -0.807349 0.345795
vn -0.528688 -0.757821 0.382356
vn -0.555702 -0.727789 0.401893
vn -0.587962 -0.688102 0.425224
vn -0.658593 -0.582571 0.476305
vn -0.745357 -0.392252 0.539055
vn -0.791180 -0.215936 0.572194
vn -0.803808 -0.126295 0.581328
vn -0.806092 -0.101742 0.582979
vn -0.810297 0.000000 0.586020
vn 0.803287 -0.089752 -0.588791
vn 0.803026 -0.093273 -0.588600
vn 0.804726 -0.067067 -0.589846
vn 0.806328 0.023038 -0.591020
vn 0.790801 0.196600 -0.579639
vn 0.744430 0.384823 -0.545651
vn 0.686361 0.525178 -0.503087
vn 0.605277 0.660917 -0.443654
vn 0.469115 0.813448 -0.343851
vn 0.272799 0.941063 -0.199955
vn 0.076297 0.995516 -0.055924
vn -0.106893 0.991179 0.078350
vn -0.296811 0.929824 0.217556
vn -0.452122 0.828108 0.331395
vn -0.551821 0.729312 0.404472
vn -0.628713 0.626381 0.460833
vn -0.698882 0.499149 0.512264
vn -0.753557 0.356473 0.552340
vn -0.786856 0.219591 0.576748
vn -0.803516 0.086538 0.588959
vn -0.805748 -0.044348 0.590595
vn -0.795688 -0.163501 0.583222
vn -0.776817 -0.268981 0.569390
vn -0.746190 -0.379549 0.546940
vn -0.679527 -0.538667 0.498078
vn -0.560384 -0.719205 0.410749
vn -0.470067 -0.812603 0.344549
vn -0.475919 -0.807349 0.348838
vn -0.526239 -0.757821 0.385721
vn -0.553127 -0.727789 0.405430
vn -0.585238 -0.688102 0.428966
vn -0.655541 -0.582571 0.480497
vn -0.741904 -0.392252 0.543799
vn -0.787513 -0.215936 0.577230
vn -0.800084 -0.126295 0.586443
vn -0.802357 -0.101742 0.588109
vn -0.806542 0.000000 0.591177
vn 0.799571 -0.089086 -0.593928
vn 0.799344 -0.092185 -0.593760
vn 0.801020 -0.065861 -0.595004
vn 0.802560 0.022440 -0.596149
vn 0.788206 0.189573 -0.585486
vn 0.746099 0.369037 -0.554209
vn 0.693682 0.503289 -0.515273
vn 0.620602 0.634305 -0.460988
vn 0.495615 0.786660 -0.368147
vn 0.306643 0.924168 -0.227777
vn 0.107402 0.991010 -0.079779
vn -0.084400 0.994458 0.062693
vn -0.285971 0.934397 0.212422
vn -0.450281 0.827874 0.334473
vn -0.554255 0.723395 0.411705
vn -0.632772 0.615364 0.470028
vn -0.702173 0.484674 0.521580
vn -0.754198 0.342541 0.560225
vn -0.784915 0.209695 0.583041
vn -0.800030 0.082440 0.594269
vn -0.802042 -0.042348 0.595764
vn -0.792800 -0.157056 0.588899
vn -0.775149 -0.260027 0.575787
vn -0.746044 -0.369211 0.554168
vn -0.681582 -0.528320 0.506285
vn -0.562746 -0.713150 0.418012
vn -0.469367 -0.811257 0.348650
vn -0.473689 -0.807349 0.351860
vn -0.523773 -0.757821 0.389063
vn -0.550535 -0.727789 0.408942
vn -0.582496 -0.688102 0.432683
vn -0.652469 -0.582571 0.484660
vn -0.738427 -0.392252 0.548510
vn -0.783823 -0.215936 0.582231
vn -0.796335 -0.126295 0.591524
vn -0.798597 -0.101742 0.593205
vn -0.802763 0.000000 0.596299
vn 0.795841 -0.088261 -0.599038
vn 0.795655 -0.090849 -0.598898
vn 0.797301 -0.064402 -0.600137
vn 0.798771 0.021729 -0.601243
vn 0.785707 0.181384 -0.591409
vn 0.748198 0.350758 -0.563177
vn 0.701873 0.477772 -0.528307
vn 0.637519 0.602742 -0.479867
vn 0.525380 0.753384 -0.395459
vn 0.346506 0.901059 -0.260819
vn 0.145662 0.983240 -0.109642
vn -0.056129 0.997529 0.042249
vn -0.272560 0.940011 0.205158
vn -0.448497 0.827578 0.337588
vn -0.557758 0.715994 0.419831
vn -0.638055 0.601852 0.480271
vn -0.706314 0.467407 0.531650
vn -0.755213 0.326360 0.568456
vn -0.783078 0.198394 0.589431
vn -0.796538 0.077792 0.599563
vn -0.798318 -0.040067 0.600902
vn -0.789967 -0.149610 0.594616
vn -0.773687 -0.249524 0.582362
vn -0.746345 -0.356891 0.561781
vn -0.684513 -0.515722 0.515240
vn -0.566163 -0.705585 0.426157
vn -0.469019 -0.809560 0.353035
vn -0.471445 -0.807349 0.354862
vn -0.521291 -0.757821 0.392381
vn -0.547927 -0.727789 0.412431
vn -0.579736 -0.688102 0.436373
vn -0.649378 -0.582571 0.488794
vn -0.734929 -0.392252 0.553189
vn -0.780110 -0.215936 0.587197
vn -0.792562 -0.126295 0.596570
vn -0.794813 -0.101742 0.598264
vn -0.798959 0.000000 0.601385
vn 0.792087 -0.087440 -0.604112
vn 0.791940 -0.089533 -0.604000
vn 0.793554 -0.062987 -0.605231
vn 0.794957 0.021053 -0.606301
vn 0.783037 0.173764 -0.597210
vn 0.749506 0.333877 -0.571636
vn 0.708434 0.454076 -0.540311
vn 0.651663 0.572986 -0.497013
vn 0.551268 0.720647 -0.420443
vn 0.383318 0.876127 -0.292350
vn 0.183024 0.973148 -0.139589
vn -0.027532 0.999400 0.020998
vn -0.258874 0.945517 0.197439
vn -0.446700 0.827278 0.340691
vn -0.561081 0.708566 0.427928
vn -0.642814 0.588585 0.490264
vn -0.709693 0.450956 0.541271
vn -0.755607 0.311366 0.576289
vn -0.780940 0.188095 0.595611
vn -0.792977 0.073585 0.604791
vn -0.794559 -0.037994 0.605997
vn -0.786991 -0.142742 0.600225
vn -0.771956 -0.239683 0.588758
vn -0.746267 -0.345159 0.569166
vn -0.687016 -0.503446 0.523976
vn -0.569394 -0.697999 0.434267
vn -0.468652 -0.807841 0.357434
vn -0.469187 -0.807349 0.357842
vn -0.518795 -0.757821 0.395677
vn -0.545303 -0.727789 0.415894
vn -0.576959 -0.688102 0.440038
vn -0.646268 -0.582571 0.492898
vn -0.731409 -0.392252 0.557834
vn -0.776374 -0.215936 0.592128
vn -0.788766 -0.126295 0.601579
vn -0.791007 -0.101742 0.603288
vn -0.795133 0.000000 0.606435
vn 0.788299 -0.086776 -0.609143
vn 0.788180 -0.088479 -0.609051
vn 0.789768 -0.061869 -0.610278
vn 0.791117 0.020528 -0.611320
vn 0.780043 0.167956 -0.602763
vn 0.749381 0.321100 -0.579070
vn 0.712082 0.436081 -0.550247
vn 0.660775 0.550148 -0.510601
vn 0.569170 0.694701 -0.439815
vn 0.410540 0.854879 -0.317237
vn 0.212329 0.963326 -0.164073
vn -0.004138 0.999986 0.003198
vn -0.247331 0.949895 0.191120
vn -0.444825 0.827032 0.343729
vn -0.563131 0.702516 0.435149
vn -0.645719 0.577996 0.498966
vn -0.711278 0.438172 0.549626
vn -0.754841 0.299984 0.583288
vn -0.778304 0.180383 0.601419
vn -0.789318 0.070452 0.609930
vn -0.790758 -0.036443 0.611043
vn -0.783763 -0.137547 0.605637
vn -0.769668 -0.232140 0.594746
vn -0.745269 -0.336040 0.575892
vn -0.688121 -0.493711 0.531732
vn -0.571357 -0.691826 0.441505
vn -0.467913 -0.806427 0.361570
vn -0.466916 -0.807349 0.360800
vn -0.516283 -0.757821 0.398948
vn -0.542663 -0.727789 0.419332
vn -0.574166 -0.688102 0.443676
vn -0.643140 -0.582571 0.496974
vn -0.727868 -0.392252 0.562446
vn -0.772615 -0.215936 0.597023
vn -0.784948 -0.126295 0.606553
vn -0.787178 -0.101742 0.608276
vn -0.791284 0.000000 0.611449
vn 0.784469 -0.086389 -0.614122
vn 0.784367 -0.087869 -0.614042
vn 0.785935 -0.061228 -0.615270
vn 0.787252 0.020230 -0.616300
vn 0.776659 0.164705 -0.608007
vn 0.747591 0.313986 -0.585252
vn 0.712374 0.426044 -0.557682
vn 0.664081 0.537333 -0.519875
vn 0.577447 0.679854 -0.452055
vn 0.424614 0.842144 -0.332409
vn 0.228569 0.956942 -0.178935
vn 0.009547 0.999926 -0.007474
vn -0.240014 0.952412 0.187895
vn -0.442817 0.826886 0.346659
vn -0.563118 0.698972 0.440837
vn -0.645943 0.571882 0.505676
vn -0.710552 0.430925 0.556255
vn -0.752702 0.293632 0.589253
vn -0.775105 0.176118 0.606791
vn -0.785551 0.068726 0.614969
vn -0.786914 -0.035586 0.616036
vn -0.780242 -0.134654 0.610812
vn -0.766691 -0.227902 0.600204
vn -0.743063 -0.330868 0.581707
vn -0.687237 -0.488115 0.538004
vn -0.571275 -0.688212 0.447223
vn -0.466517 -0.805593 0.365213
vn -0.464632 -0.807349 0.363737
vn -0.513758 -0.757821 0.402195
vn -0.540009 -0.727789 0.422746
vn -0.571358 -0.688102 0.447287
vn -0.639993 -0.582571 0.501019
vn -0.724308 -0.392252 0.567024
vn -0.768836 -0.215936 0.601883
vn -0.781108 -0.126295 0.611490
vn -0.783327 -0.101742 0.613227
vn -0.787413 0.000000 0.616426
vn 0.780594 -0.086351 -0.619045
vn 0.780494 -0.087809 -0.618966
vn 0.782053 -0.061165 -0.620203
vn 0.783361 0.020201 -0.621239
vn 0.772861 0.164390 -0.612912
vn 0.744074 0.313298 -0.590083
vn 0.709211 0.425073 -0.562435
vn 0.661418 0.536090 -0.524533
vn 0.575645 0.678403 -0.456511
vn 0.424061 0.840878 -0.336299
vn 0.229123 0.956288 -0.181705
vn 0.010846 0.999904 -0.008601
vn -0.238224 0.952658 0.188922
vn -0.440645 0.826872 0.349450
vn -0.560602 0.698622 0.444582
vn -0.643077 0.571282 0.509988
vn -0.707303 0.430219 0.560922
vn -0.749130 0.293017 0.594092
vn -0.771331 0.175707 0.611699
vn -0.781677 0.068559 0.619904
vn -0.783027 -0.035503 0.620974
vn -0.776415 -0.134374 0.615731
vn -0.762977 -0.227491 0.605074
vn -0.739529 -0.330364 0.586478
vn -0.684080 -0.487567 0.542506
vn -0.568716 -0.687856 0.451017
vn -0.464299 -0.805511 0.368210
vn -0.462335 -0.807349 0.366652
vn -0.511218 -0.757821 0.405418
vn -0.537339 -0.727789 0.426133
vn -0.568533 -0.688102 0.450872
vn -0.636830 -0.582571 0.505034
vn -0.720727 -0.392252 0.571568
vn -0.765035 -0.215936 0.606706
vn -0.777247 -0.126295 0.616390
vn -0.779455 -0.101742 0.618142
vn -0.783520 0.000000 0.621366
vn 0.776673 -0.086680 -0.623911
vn 0.776561 -0.088327 -0.623821
vn 0.778122 -0.061708 -0.625075
vn 0.779444 0.020453 -0.626137
vn 0.768641 0.167136 -0.617459
vn 0.738797 0.319304 -0.593485
vn 0.702528 0.433548 -0.564350
vn 0.652677 0.546918 -0.524303
vn 0.563560 0.690977 -0.452715
vn 0.408507 0.851724 -0.328159
vn 0.213480 0.961778 -0.171491
vn -0.000714 1.000000 0.000574
vn -0.242183 0.950525 0.194549
vn -0.438302 0.826995 0.352094
vn -0.555500 0.701634 0.446240
vn -0.637033 0.576468 0.511736
vn -0.701473 0.436351 0.563502
vn -0.744094 0.298381 0.597740
vn -0.766973 0.179304 0.616119
vn -0.777694 0.070015 0.624731
vn -0.779096 -0.036226 0.625857
vn -0.772276 -0.136817 0.620379
vn -0.758509 -0.231072 0.609319
vn -0.734632 -0.334740 0.590139
vn -0.678586 -0.492310 0.545116
vn -0.563598 -0.690926 0.452745
vn -0.461228 -0.806220 0.370510
vn -0.460026 -0.807349 0.369545
vn -0.508665 -0.757821 0.408617
vn -0.534656 -0.727789 0.429496
vn -0.565694 -0.688102 0.454429
vn -0.633649 -0.582571 0.509018
vn -0.717128 -0.392252 0.576078
vn -0.761215 -0.215936 0.611493
vn -0.773365 -0.126295 0.621254
vn -0.775562 -0.101742 0.623019
vn -0.779608 0.000000 0.626268
vn 0.772711 -0.087337 -0.628721
vn 0.772571 -0.089369 -0.628607
vn 0.774143 -0.062812 -0.629887
vn 0.775504 0.020971 -0.630994
vn 0.764000 0.172844 -0.621634
vn 0.731719 0.331848 -0.595368
vn 0.692221 0.451222 -0.563230
vn 0.637664 0.569377 -0.518840
vn 0.541028 0.716592 -0.440211
vn 0.378462 0.872892 -0.307938
vn 0.183158 0.971722 -0.149028
vn -0.023351 0.999547 0.019000
vn -0.250995 0.946200 0.204224
vn -0.435812 0.827240 0.354601
vn -0.548078 0.707631 0.445947
vn -0.628012 0.586936 0.510986
vn -0.693111 0.448946 0.563954
vn -0.737573 0.309561 0.600131
vn -0.762011 0.186866 0.620016
vn -0.773600 0.073085 0.629445
vn -0.775122 -0.037746 0.630683
vn -0.767824 -0.141918 0.624745
vn -0.753292 -0.238491 0.612921
vn -0.728413 -0.343725 0.592678
vn -0.670889 -0.501926 0.545873
vn -0.556180 -0.697045 0.452539
vn -0.457415 -0.807623 0.372179
vn -0.457705 -0.807349 0.372415
vn -0.506099 -0.757821 0.411791
vn -0.531959 -0.727789 0.432832
vn -0.562840 -0.688102 0.457959
vn -0.630453 -0.582571 0.512972
vn -0.713510 -0.392252 0.580552
vn -0.757375 -0.215936 0.616243
vn -0.769464 -0.126295 0.626079
vn -0.771650 -0.101742 0.627858
vn -0.775675 0.000000 0.631133
vn 0.768713 -0.088232 -0.633479
vn 0.768534 -0.090803 -0.633332
vn 0.770123 -0.064352 -0.634641
vn 0.771541 0.021705 -0.635810
vn 0.758960 0.181110 -0.625442
vn 0.722867 0.350150 -0.595699
vn 0.678303 0.476920 -0.558974
vn 0.616404 0.601679 -0.507965
vn 0.508482 0.752237 -0.419029
vn 0.336032 0.900222 -0.276917
vn 0.141988 0.982928 -0.117009
vn -0.053271 0.997615 0.043899
vn -0.262857 0.940204 0.216615
vn -0.433219 0.827568 0.357006
vn -0.538948 0.715737 0.444135
vn -0.616573 0.601388 0.508104
vn -0.682474 0.466823 0.562411
vn -0.729611 0.325821 0.601256
vn -0.756441 0.198021 0.623366
vn -0.769393 0.077639 0.634040
vn -0.771105 -0.039992 0.635451
vn -0.763066 -0.149363 0.628826
vn -0.747382 -0.249172 0.615901
vn -0.721024 -0.356474 0.594180
vn -0.661378 -0.515291 0.545027
vn -0.547064 -0.705322 0.450823
vn -0.453093 -0.809501 0.373384
vn -0.455373 -0.807349 0.375263
vn -0.503520 -0.757821 0.414940
vn -0.529248 -0.727789 0.436142
vn -0.559972 -0.688102 0.461461
vn -0.627241 -0.582571 0.516895
vn -0.709875 -0.392252 0.584992
vn -0.753516 -0.215936 0.620955
vn -0.765543 -0.126295 0.630867
vn -0.767718 -0.101742 0.632659
vn -0.771723 0.000000 0.635959
vn 0.764689 -0.089230 -0.638192
vn 0.764466 -0.092420 -0.638005
vn 0.766072 -0.066120 -0.639345
vn 0.767556 0.022568 -0.640584
vn 0.753608 0.191061 -0.628944
vn 0.712537 0.372374 -0.594667
vn 0.661341 0.507928 -0.551939
vn 0.589932 0.639984 -0.492343
vn 0.468253 0.792477 -0.390793
vn 0.286108 0.927969 -0.238779
vn 0.096198 0.992119 -0.080285
vn -0.085319 0.993806 0.071205
vn -0.275479 0.933410 0.229908
vn -0.430585 0.827925 0.359356
vn -0.529047 0.724680 0.441530
vn -0.603746 0.617741 0.503872
vn -0.670227 0.487766 0.559356
vn -0.720476 0.345489 0.601292
vn -0.750338 0.211776 0.626214
vn -0.765083 0.083299 0.638521
vn -0.767049 -0.042768 0.640161
vn -0.758057 -0.158417 0.632656
vn -0.740947 -0.261928 0.618377
vn -0.712831 -0.371419 0.594912
vn -0.650789 -0.530547 0.543133
vn -0.537174 -0.714465 0.448312
vn -0.448584 -0.811550 0.374378
vn -0.453030 -0.807349 0.378088
vn -0.500930 -0.757821 0.418064
vn -0.526525 -0.727789 0.439425
vn -0.557091 -0.688102 0.464935
vn -0.624013 -0.582571 0.520787
vn -0.706222 -0.392252 0.589396
vn -0.749639 -0.215936 0.625631
vn -0.761604 -0.126295 0.635617
vn -0.763768 -0.101742 0.637422
vn -0.767752 0.000000 0.640747
f 1/1/1 38/38/38 39/39/39
f 1/1/1 39/39/39 2/2/2
f 2/2/2 39/39/39 40/40/40
f 2/2/2 40/40/40 3/3/3
f 3/3/3 40/40/40 41/41/41
f 3/3/3 41/41/41 4/4/4
f 4/4/4 41/41/41 42/42/42
f 4/4/4 42/42/42 5/5/5
f 5/5/5 42/42/42 43/43/43
f 5/5/5 43/43/43 6/6/6
f 6/6/6 43/43/43 44/44/44
f 6/6/6 44/44/44 7/7/7
f 7/7/7 44/44/44 45/45/45
f 7/7/7 45/45/45 8/8/8
f 8/8/8 45/45/45 46/46/46
f 8/8/8 46/46/46 9/9/9
f 9/9/9 46/46/46 47/47/47
f 9/9/9 47/47/47 10/10/10
f 10/10/10 47/47/47 48/48/48
f 10/10/10 48/48/48 11/11/11
f 11/11/11 48/48/48 49/49/49
f 11/11/11 49/49/49 12/12/12
f 12/12/12 49/49/49 50/50/50
f 12/12/12 50/50/50 13/13/13
f 13/13/13 50/50/50 51/51/51
f 13/13/13 51/51/51 14/14/14
f 14/14/14 51/51/51 52/52/52
f 14/14/14 52/52/52 15/15/15
f 15/15/15 52/52/52 53/53/53
f 15/15/15 53/53/53 16/16/16
f 16/16/16 53/53/53 54/54/54
f 16/16/16 54/54/54 17/17/17
f 17/17/17 54/54/54 55/55/55
f 17/17/17 55/55/55 18/18/18
f 18/18/18 55/55/55 56/56/56
f 18/18/18 56/56/56 19/19/19
f 19/19/19 56/56/56 57/57/57
f 19/19/19 57/57/57 20/20/20
f 20/20/20 57/57/57 58/58/58
f 20/20/20 58/58/58 21/21/21
f 21/21/21 58/58/58 59/59/59
f 21/21/21 59/59/59 22/22/22
f 22/22/22 59/59/59 60/60/60
f 22/22/22 60/60/60 23/23/23
f 23/23/23 60/60/60 61/61/61
f 23/23/23 61/61/61 24/24/24
f 24/24/24 61/61/61 62/62/62
f 24/24/24 62/62/62 25/25/25
f 25/25/25 62/62/62 63/63/63
f 25/25/25 63/63/63 26/26/26
f 26/26/26 63/63/63 64/64/64
f 26/26/26 64/64/64 27/27/27
f 27/27/27 64/64/64 65/65/65
f 27/27/27 65/65/65 28/28/28
f 28/28/28 65/65/65 66/66/66
f 28/28/28 66/66/66 29/29/29
f 29/29/29 66/66/66 67/67/67
f 29/29/29 67/67/67 30/30/30
f 30/30/30 67/67/67 68/68/68
f 30/30/30 68/68/68 31/31/31
f 31/31/31 68/68/68 69/69/69
f 31/31/31 69/69/69 32/32/32
f 32/32/32 69/69/69 70/70/70
f 32/32/32 70/70/70 33/33/33
f 33/33/33 70/70/70 71/71/71
f 33/33/33 71/71/71 34/34/34
f 34/34/34 71/71/71 72/72/72
f 34/34/34 72/72/72 35/35/35
f 35/35/35 72/72/72 73/73/73
f 35/35/35 73/73/73 36/36/36
f 36/36/36 73/73/73 74/74/74
f 36/36/36 74/74/74 37/37/37
f 38/38/38 75/75/75 76/76/76
f 38/38/38 76/76/76 39/39/39
f 39/39/39 76/76/76 77/77/77
f 39/39/39 77/77/77 40/40/40
f 40/40/40 77/77/77 78/78/78
f 40/40/40 78/78/78 41/41/41
f 41/41/41 78/78/78 79/79/79
f 41/41/41 79/79/79 42/42/42
f 42/42/42 79/79/79 80/80/80
f 42/42/42 80/80/80 43/43/43
f 43/43/43 80/80/80 81/81/81
f 43/43/43 81/81/81 44/44/44
f 44/44/44 81/81/81 82/82/82
f 44/44/44 82/82/82 45/45/45
f 45/45/45 82/82/82 83/83/83
f 45/45/45 83/83/83 46/46/46
f 46/46/46 83/83/83 84/84/84
f 46/46/46 84/84/84 47/47/47
f 47/47/47 84/84/84 85/85/85
f 47/47/47 85/85/85 48/48/48
f 48/48/48 85/85/85 86/86/86
f 48/48/48 86/86/86 49/49/49
f 49/49/49 86/86/86 87/87/87
f 49/49/49 87/87/87 50/50/50
f 50/50/50 87/87/87 88/88/88
f 50/50/50 88/88/88 51/51/51
f 51/51/51 88/88/88 89/89/89
f 51/51/51 89/89/89 52/52/52
f 52/52/52 89/89/89 90/90/90
f 52/52/52 90/90/90 53/53/53
f 53/53/53 90/90/90 91/91/91
f 53/53/53 91/91/91 54/54/54
f 54/54/54 91/91/91 92/92/92
f 54/54/54 92/92/92 55/55/55
f 55/55/55 92/92/92 93/93/93
f 55/55/55 93/93/93 56/56/56
f 56/56/56 93/93/93 94/94/94
f 56/56/56 94/94/94 57/57/57
f 57/57/57 94/94/94 95/95/95
f 57/57/57 95/95/95 58/58/58
f 58/58/58 95/95/95 96/96/96
f 58/58/58 96/96/96 59/59/59
f 59/59/59 96/96/96 97/97/97
f 59/59/59 97/97/97 60/60/60
f 60/60/60 97/97/97 98/98/98
f 60/60/60 98/98/98 61/61/61
f 61/61/61 98/98/98 99/99/99
f 61/61/61 99/99/99 62/62/62
f 62/62/62 99/99/99 100/100/100
f 62/62/62 100/100/100 63/63/63
f 63/63/63 100/100/100 101/101/101
f 63/63/63 101/101/101 64/64/64
f 64/64/64 101/101/101 102/102/102
f 64/64/64 102/102/102 65/65/65
f 65/65/65 102/102/102 103/103/103
f 65/65/65 103/103/103 66/66/66
f 66/66/66 103/103/103 104/104/104
f 66/66/66 104/104/104 67/67/67
f 67/67/67 104/104/104 105/105/105
f 67/67/67 105/105/105 68/68/68
f 68/68/68 105/105/105 106/106/106
f 68/68/68 106/106/106 69/69/69
f 69/69/69 106/106/106 107/107/107
f 69/69/69 107/107/107 70/70/70
f 70/70/70 107/107/107 108/108/108
f 70/70/70 108/108/108 71/71/71
f 71/71/71 108/108/108 109/109/109
f 71/71/71 109/109/109 72/72/72
f 72/72/72 109/109/109 110/110/110
f 72/72/72 110/110/110 73/73/73
f 73/73/73 110/110/110 111/111/111
f 73/73/73 111/111/111 74/74/74
f 75/75/75 112/112/112 113/113/113
f 75/75/75 113/113/113 76/76/76
f 76/76/76 113/113/113 114/114/114
f 76/76/76 114/114/114 77/77/77
f 77/77/77 114/114/114 115/115/115
f 77/77/77 115/115/115 78/78/78
f 78/78/78 115/115/115 116/116/116
f 78/78/78 116/116/116 79/79/79
f 79/79/79 116/116/116 117/117/117
f 79/79/79 117/117/117 80/80/80
f 80/80/80 117/117/117 118/118/118
f 80/80/80 118/118/118 81/81/81
f 81/81/81 118/118/118 119/119/119
f 81/81/81 119/119/119 82/82/82
f 82/82/82 119/119/119 120/120/120
f 82/82/82 120/120/120 83/83/83
f 83/83/83 120/120/120 121/121/121
f 83/83/83 121/121/121 84/84/84
f 84/84/84 121/121/121 122/122/122
f 84/84/84 122/122/122 85/85/85
f 85/85/85 122/122/122 123/123/123
f 85/85/85 123/123/123 86/86/86
f 86/86/86 123/123/123 124/124/124
f 86/86/86 124/124/124 87/87/87
f 87/87/87 124/124/124 125/125/125
f 87/87/87 125/125/125 88/88/88
f 88/88/88 125/125/125 126/126/126
f 88/88/88 126/126/126 89/89/89
f 89/89/89 126/126/126 127/127/127
f 89/89/89 127/127/127 90/90/90
f 90/90/90 127/127/127 128/128/128
f 90/90/90 128/128/128 91/91/91
f 91/91/91 128/128/128 129/129/129
f 91/91/91 129/129/129 92/92/92
f 92/92/92 129/129/129 130/130/130
f 92/92/92 130/130/130 93/93/93
f 93/93/93 130/130/130 131/131/131
f 93/93/93 131/131/131 94/94/94
f 94/94/94 131/131/131 132/132/132
f 94/94/94 132/132/132 95/95/95
f 95/95/95 132/132/132 133/133/133
f 95/95/95 133/133/133 96/96/96
f 96/96/96 133/133/133 134/134/134
f 96/96/96 134/134/134 97/97/97
f 97/97/97 134/134/134 135/135/135
f 97/97/97 135/135/135 98/98/98
f 98/98/98 135/135/135 136/136/136
f 98/98/98 136/136/136 99/99/99
f 99/99/99 136/136/136 137/137/137
f 99/99/99 137/137/137 100/100/100
f 100/100/100 137/137/137 138/138/138
f 100/100/100 138/138/138 101/101/101
f 101/101/101 138/138/138 139/139/139
f 101/101/101 139/139/139 102/102/102
f 102/102/102 139/139/139 140/140/140
f 102/102/102 140/140/140 103/103/103
f 103/103/103 140/140/140 141/141/141
f 103/103/103 141/141/141 104/104/104
f 104/104/104 141/141/141 142/142/142
f 104/104/104 142/142/142 105/105/105
f 105/105/105 142/142/142 143/143/143
f 105/105/105 143/143/143 106/106/106
f 106/106/106 143/143/143 144/144/144
f 106/106/106 144/144/144 107/107/107
f 107/107/107 144/144/144 145/145/145
f 107/107/107 145/145/145 108/108/108
f 108/108/108 145/145/145 146/146/146
f 108/108/108 146/146/146 109/109/109
f 109/109/109 146/146/146 147/147/147
f 109/109/109 147/147/147 110/110/110
f 110/110/110 147/147/147 148/148/148
f 110/110/110 148/148/148 111/111/111
f 112/112/112 149/149/149 150/150/150
f 112/112/112 150/150/150 113/113/113
f 113/113/113 150/150/150 151/151/151
f 113/113/113 151/151/151 114/114/114
f 114/114/114 151/151/151 152/152/152
f 114/114/114 152/152/152 115/115/115
f 115/115/115 152/152/152 153/153/153
f 115/115/115 153/153/153 116/116/116
f 116/116/116 153/153/153 154/154/154
f 116/116/116 154/154/154 117/117/117
f 117/117/117 154/154/154 155/155/155
f 117/117/117 155/155/155 118/118/118
f 118/118/118 155/155/155 156/156/156
f 118/118/118 156/156/156 119/119/119
f 119/119/119 156/156/156 157/157/157
f 119/119/119 157/157/157 120/120/120
f 120/120/120 157/157/157 158/158/158
f 120/120/120 158/158/158 121/121/121
f 121/121/121 158/158/158 159/159/159
f 121/121/121 159/159/159 122/122/122
f 122/122/122 159/159/159 160/160/160
f 122/122/122 160/160/160 123/123/123
f 123/123/123 160/160/160 161/161/161
f 123/123/123 161/161/161 124/124/124
f 124/124/124 161/161/161 162/162/162
f 124/124/124 162/162/162 125/125/125
f 125/125/125 162/162/162 163/163/163
f 125/125/125 163/163/163 126/126/126
f 126/126/126 163/163/163 164/164/164
f 126/126/126 164/164/164 127/127/127
f 127/127/127 164/164/164 165/165/165
f 127/127/127 165/165/165 128/128/128
f 128/128/128 165/165/165 166/166/166
f 128/128/128 166/166/166 129/129/129
f 129/129/129 166/166/166 167/167/167
f 129/129/129 167/167/167 130/130/130
f 130/130/130 167/167/167 168/168/168
f 130/130/130 168/168/168 131/131/131
f 131/131/131 168/168/168 169/169/169
f 131/131/131 169/169/169 132/132/132
f 132/132/132 169/169/169 170/170/170
f 132/132/132 170/170/170 133/133/133
f 133/133/133 170/170/170 171/171/171
f 133/133/133 171/171/171 134/134/134
f 134/134/134 171/171/171 172/172/172
f 134/134/134 172/172/172 135/135/135
f 135/135/135 172/172/172 173/173/173
f 135/135/135 173/173/173 136/136/136
f 136/136/136 173/173/173 174/174/174
f 136/136/136 174/174/174 137/137/137
f 137/137/137 174/174/174 175/175/175
f 137/137/137 175/175/175 138/138/138
f 138/138/138 175/175/175 176/176/176
f 138/138/138 176/176/176 139/139/139
f 139/139/139 176/176/176 177/177/177
f 139/139/139 177/177/177 140/140/140
f 140/140/140 177/177/177 178/178/178
f 140/140/140 178/178/178 141/141/141
f 141/141/141 178/178/178 179/179/179
f 141/141/141 179/179/179 142/142/142
f 142/142/142 179/179/179 180/180/180
f 142/142/142 180/180/180 143/143/143
f 143/143/143 180/180/180 181/181/181
f 143/143/143 181/181/181 144/144/144
f 144/144/144 181/181/181 182/182/182
f 144/144/144 182/182/182 145/145/145
f 145/145/145 182/182/182 183/183/183
f 145/145/145 183/183/183 146/146/146
f 146/146/146 183/183/183 184/184/184
f 146/146/146 184/184/184 147/147/147
f 147/147/147 184/184/184 185/185/185
f 147/147/147 185/185/185 148/148/148
f 149/149/149 186/186/186 187/187/187
f 149/149/149 187/187/187 150/150/150
f 150/150/150 187/187/187 188/188/188
f 150/150/150 188/188/188 151/151/151
f 151/151/151 188/188/188 189/189/189
f 151/151/151 189/189/189 152/152/152
f 152/152/152 189/189/189 190/190/190
f 152/152/152 190/190/190 153/153/153
f 153/153/153 190/190/190 191/191/191
f 153/153/153 191/191/191 154/154/154
f 154/154/154 191/191/191 192/192/192
f 154/154/154 192/192/192 155/155/155
f 155/155/155 192/192/192 193/193/193
f 155/155/155 193/193/193 156/156/156
f 156/156/156 193/193/193 194/194/194
f 156/156/156 194/194/194 157/157/157
f 157/157/157 194/194/194 195/195/195
f 157/157/157 195/195/195 158/158/158
f 158/158/158 195/195/195 196/196/196
f 158/158/158 196/196/196 159/159/159
f 159/159/159 196/196/196 197/197/197
f 159/159/159 197/197/197 160/160/160
f 160/160/160 197/197/197 198/198/198
f 160/160/160 198/198/198 161/161/161
f 161/161/161 198/198/198 199/199/199
f 161/161/161 199/199/199 162/162/162
f 162/162/162 199/199/199 200/200/200
f 162/162/162 200/200/200 163/163/163
f 163/163/163 200/200/200 201/201/201
f 163/163/163 201/201/201 164/164/164
f 164/164/164 201/201/201 202/202/202
f 164/164/164 202/202/202 165/165/165
f 165/165/165 202/202/202 203/203/203
f 165/165/165 203/203/203 166/166/166
f 166/166/166 203/203/203 204/204/204
f 166/166/166 204/204/204 167/167/167
f 167/167/167 204/204/204 205/205/205
f 167/167/167 205/205/205 168/168/168
f 168/168/168 205/205/205 206/206/206
f 168/168/168 206/206/206 169/169/169
f 169/169/169 206/206/206 207/207/207
f 169/169/169 207/207/207 170/170/170
f 170/170/170 207/207/207 208/208/208
f 170/170/170 208/208/208 171/171/171
f 171/171/171 208/208/208 209/209/209
f 171/171/171 209/209/209 172/172/172
f 172/172/172 209/209/209 210/210/210
f 172/172/172 210/210/210 173/173/173
f 173/173/173 210/210/210 211/211/211
f 173/173/173 211/211/211 174/174/174
f 174/174/174 211/211/211 212/212/212
f 174/174/174 212/212/212 175/175/175
f 175/175/175 212/212/212 213/213/213
f 175/175/175 213/213/213 176/176/176
f 176/176/176 213/213/213 214/214/214
f 176/176/176 214/214/214 177/177/177
f 177/177/177 214/214/214 215/215/215
f 177/177/177 215/215/215 178/178/178
f 178/178/178 215/215/215 216/216/216
f 178/178/178 216/216/216 179/179/179
f 179/179/179 216/216/216 217/217/217
f 179/179/179 217/217/217 180/180/180
f 180/180/180 217/217/217 218/218/218
f 180/180/180 218/218/218 181/181/181
f 181/181/181 218/218/218 219/219/219
f 181/181/181 219/219/219 182/182/182
f 182/182/182 219/219/219 220/220/220
f 182/182/182 220/220/220 183/183/183
f 183/183/183 220/220/220 221/221/221
f 183/183/183 221/221/221 184/184/184
f 184/184/184 221/221/221 222/222/222
f 184/184/184 222/222/222 185/185/185
f 186/186/186 223/223/223 224/224/224
f 186/186/186 224/224/224 187/187/187
f 187/187/187 224/224/224 225/225/225
f 187/187/187 225/225/225 188/188/188
f 188/188/188 225/225/225 226/226/226
f 188/188/188 226/226/226 189/189/189
f 189/189/189 226/226/226 227/227/227
f 189/189/189 227/227/227 190/190/190
f 190/190/190 227/227/227 228/228/228
f 190/190/190 228/228/228 191/191/191
f 191/191/191 228/228/228 229/229/229
f 191/191/191 229/229/229 192/192/192
f 192/192/192 229/229/229 230/230/230
f 192/192/192 230/230/230 193/193/193
f 193/193/193 230/230/230 231/231/231
f 193/193/193 231/231/231 194/194/194
f 194/194/194 231/231/231 232/232/232
f 194/194/194 232/232/232 195/195/195
f 195/195/195 232/232/232 233/233/233
f 195/195/195 233/233/233 196/196/196
f 196/196/196 233/233/233 234/234/234
f 196/196/196 234/234/234 197/197/197
f 197/197/197 234/234/234 235/235/235
f 197/197/197 235/235/235 198/198/198
f 198/198/198 235/235/235 236/236/236
f 198/198/198 236/236/236 199/199/199
f 199/199/199 236/236/236 237/237/237
f 199/199/199 237/237/237 200/200/200
f 200/200/200 237/237/237 238/238/238
f 200/200/200 238/238/238 201/201/201
f 201/201/201 238/238/238 239/239/239
f 201/201/201 239/239/239 202/202/202
f 202/202/202 239/239/239 240/240/240
f 202/202/202 240/240/240 203/203/203
f 203/203/203 240/240/240 241/241/241
f 203/203/203 241/241/241 204/204/204
f 204/204/204 241/241/241 242/242/242
f 204/204/204 242/242/242 205/205/205
f 205/205/205 242/242/242 243/243/243
f 205/205/205 243/243/243 206/206/206
f 206/206/206 243/243/243 244/244/244
f 206/206/206 244/244/244 207/207/207
f 207/207/207 244/244/244 245/245/245
f 207/207/207 245/245/245 208/208/208
f 208/208/208 245/245/245 246/246/246
f 208/208/208 246/246/246 209/209/209
f 209/209/209 246/246/246 247/247/247
f 209/209/209 247/247/247 210/210/210
f 210/210/210 247/247/247 248/248/248
f 210/210/210 248/248/248 211/211/211
f 211/211/211 248/248/248 249/249/249
f 211/211/211 249/249/249 212/212/212
f 212/212/212 249/249/249 250/250/250
f 212/212/212 250/250/250 213/213/213
f 213/213/213 250/250/250 251/251/251
f 213/213/213 251/251/251 214/214/214
f 214/214/214 251/251/251 252/252/252
f 214/214/214 252/252/252 215/215/215
f 215/215/215 252/252/252 253/253/253
f 215/215/215 253/253/253 216/216/216
f 216/216/216 253/253/253 254/254/254
f 216/216/216 254/254/254 217/217/217
f 217/217/217 254/254/254 255/255/255
f 217/217/217 255/255/255 218/218/218
f 218/218/218 255/255/255 256/256/256
f 218/218/218 256/256/256 219/219/219
f 219/219/219 256/256/256 257/257/257
f 219/219/219 257/257/257 220/220/220
f 220/220/220 257/257/257 258/258/258
f 220/220/220 258/258/258 221/221/221
f 221/221/221 258/258/258 259/259/259
f 221/221/221 259/259/259 222/222/222
f 223/223/223 260/260/260 261/261/261
f 223/223/223 261/261/261 224/224/224
f 224/224/224 261/261/261 262/262/262
f 224/224/224 262/262/262 225/225/225
f 225/225/225 262/262/262 263/263/263
f 225/225/225 263/263/263 226/226/226
f 226/226/226 263/263/263 264/264/264
f 226/226/226 264/264/264 227/227/227
f 227/227/227 264/264/264 265/265/265
f 227/227/227 265/265/265 228/228/228
f 228/228/228 265/265/265 266/266/266
f 228/228/228 266/266/266 229/229/229
f 229/229/229 266/266/266 267/267/267
f 229/229/229 267/267/267 230/230/230
f 230/230/230 267/267/267 268/268/268
f 230/230/230 268/268/268 231/231/231
f 231/231/231 268/268/268 269/269/269
f 231/231/231 269/269/269 232/232/232
f 232/232/232 269/269/269 270/270/270
f 232/232/232 270/270/270 233/233/233
f 233/233/233 270/270/270 271/271/271
f 233/233/233 271/271/271 234/234/234
f 234/234/234 271/271/271 272/272/272
f 234/234/234 272/272/272 235/235/235
f 235/235/235 272/272/272 273/273/273
f 235/235/235 273/273/273 236/236/236
f 236/236/236 273/273/273 274/274/274
f 236/236/236 274/274/274 237/237/237
f 237/237/237 274/274/274 275/275/275
f 237/237/237 275/275/275 238/238/238
f 238/238/238 275/275/275 276/276/276
f 238/238/238 276/276/276 239/239/239
f 239/239/239 276/276/276 277/277/277
f 239/239/239 277/277/277 240/240/240
f 240/240/240 277/277/277 278/278/278
f 240/240/240 278/278/278 241/241/241
f 241/241/241 278/278/278 279/279/279
f 241/241/241 279/279/279 242/242/242
f 242/242/242 279/279/279 280/280/280
f 242/242/242 280/280/280 243/243/243
f 243/243/243 280/280/280 281/281/281
f 243/243/243 281/281/281 244/244/244
f 244/244/244 281/281/281 282/282/282
f 244/244/244 282/282/282 245/245/245
f 245/245/245 282/282/282 283/283/283
f 245/245/245 283/283/283 246/246/246
f 246/246/246 283/283/283 284/284/284
f 246/246/246 284/284/284 247/247/247
f 247/247/247 284/284/284 285/285/285
f 247/247/247 285/285/285 248/248/248
f 248/248/248 285/285/285 286/286/286
f 248/248/248 286/286/286 249/249/249
f 249/249/249 286/286/286 287/287/287
f 249/249/249 287/287/287 250/250/250
f 250/250/250 287/287/287 288/288/288
f 250/250/250 288/288/288 251/251/251
f 251/251/251 288/288/288 289/289/289
f 251/251/251 289/289/289 252/252/252
f 252/252/252 289/289/289 290/290/290
f 252/252/252 290/290/290 253/253/253
f 253/253/253 290/290/290 291/291/291
f 253/253/253 291/291/291 254/254/254
f 254/254/254 291/291/291 292/292/292
f 254/254/254 292/292/292 255/255/255
f 255/255/255 292/292/292 293/293/293
f 255/255/255 293/293/293 256/256/256
f 256/256/256 293/293/293 294/294/294
f 256/256/256 294/294/294 257/257/257
f 257/257/257 294/294/294 295/295/295
f 257/257/257 295/295/295 258/258/258
f 258/258/258 295/295/295 296/296/296
f 258/258/258 296/296/296 259/259/259
f 260/260/260 297/297/297 298/298/298
f 260/260/260 298/298/298 261/261/261
f 261/261/261 298/298/298 299/299/299
f 261/261/261 299/299/299 262/262/262
f 262/262/262 299/299/299 300/300/300
f 262/262/262 300/300/300 263/263/263
f 263/263/263 300/300/300 301/301/301
f 263/263/263 301/301/301 264/264/264
f 264/264/264 301/301/301 302/302/302
f 264/264/264 302/302/302 265/265/265
f 265/265/265 302/302/302 303/303/303
f 265/265/265 303/303/303 266/266/266
f 266/266/266 303/303/303 304/304/304
f 266/266/266 304/304/304 267/267/267
f 267/267/267 304/304/304 305/305/305
f 267/267/267 305/305/305 268/268/268
f 268/268/268 305/305/305 306/306/306
f 268/268/268 306/306/306 269/269/269
f 269/269/269 306/306/306 307/307/307
f 269/269/269 307/307/307 270/270/270
f 270/270/270 307/307/307 308/308/308
f 270/270/270 308/308/308 271/271/271
f 271/271/271 308/308/308 309/309/309
f 271/271/271 309/309/309 272/272/272
f 272/272/272 309/309/309 310/310/310
f 272/272/272 310/310/310 273/273/273
f 273/273/273 310/310/310 311/311/311
f 273/273/273 311/311/311 274/274/274
f 274/274/274 311/311/311 312/312/312
f 274/274/274 312/312/312 275/275/275
f 275/275/275 312/312/312 313/313/313
f 275/275/275 313/313/313 276/276/276
f 276/276/276 313/313/313 314/314/314
f 276/276/276 314/314/314 277/277/277
f 277/277/277 314/314/314 315/315/315
f 277/277/277 315/315/315 278/278/278
f 278/278/278 315/315/315 316/316/316
f 278/278/278 316/316/316 279/279/279
f 279/279/279 316/316/316 317/317/317
f 279/279/279 317/317/317 280/280/280
f 280/280/280 317/317/317 318/318/318
f 280/280/280 318/318/318 281/281/281
f 281/281/281 318/318/318 319/319/319
f 281/281/281 319/319/319 282/282/282
f 282/282/282 319/319/319 320/320/320
f 282/282/282 320/320/320 283/283/283
f 283/283/283 320/320/320 321/321/321
f 283/283/283 321/321/321 284/284/284
f 284/284/284 321/321/321 322/322/322
f 284/284/284 322/322/322 285/285/285
f 285/285/285 322/322/322 323/323/323
f 285/285/285 323/323/323 286/286/286
f 286/286/286 323/323/323 324/324/324
f 286/286/286 324/324/324 287/287/287
f 287/287/287 324/324/324 325/325/325
f 287/287/287 325/325/325 288/288/288
f 288/288/288 325/325/325 326/326/326
f 288/288/288 326/326/326 289/289/289
f 289/289/289 326/326/326 327/327/327
f 289/289/289 327/327/327 290/290/290
f 290/290/290 327/327/327 328/328/328
f 290/290/290 328/328/328 291/291/291
f 291/291/291 328/328/328 329/329/329
f 291/291/291 329/329/329 292/292/292
f 292/292/292 329/329/329 330/330/330
f 292/292/292 330/330/330 293/293/293
f 293/293/293 330/330/330 331/331/331
f 293/293/293 331/331/331 294/294/294
f 294/294/294 331/331/331 332/332/332
f 294/294/294 332/332/332 295/295/295
f 295/295/295 332/332/332 333/333/333
f 295/295/295 333/333/333 296/296/296
f 297/297/297 334/334/334 335/335/335
f 297/297/297 335/335/335 298/298/298
f 298/298/298 335/335/335 336/336/336
f 298/298/298 336/336/336 299/299/299
f 299/299/299 336/336/336 337/337/337
f 299/299/299 337/337/337 300/300/300
f 300/300/300 337/337/337 338/338/338
f 300/300/300 338/338/338 301/301/301
f 301/301/301 338/338/338 339/339/339
f 301/301/301 339/339/339 302/302/302
f 302/302/302 339/339/339 340/340/340
f 302/302/302 340/340/340 303/303/303
f 303/303/303 340/340/340 341/341/341
f 303/303/303 341/341/341 304/304/304
f 304/304/304 341/341/341 342/342/342
f 304/304/304 342/342/342 305/305/305
f 305/305/305 342/342/342 343/343/343
f 305/305/305 343/343/343 306/306/306
f 306/306/306 343/343/343 344/344/344
f 306/306/306 344/344/344 307/307/307
f 307/307/307 344/344/344 345/345/345
f 307/307/307 345/345/345 308/308/308
f 308/308/308 345/345/345 346/346/346
f 308/308/308 346/346/346 309/309/309
f 309/309/309 346/346/346 347/347/347
f 309/309/309 347/347/347 310/310/310
f 310/310/310 347/347/347 348/348/348
f 310/310/310 348/348/348 311/311/311
f 311/311/311 348/348/348 349/349/349
f 311/311/311 349/349/349 312/312/312
f 312/312/312 349/349/349 350/350/350
f 312/312/312 350/350/350 313/313/313
f 313/313/313 350/350/350 351/351/351
f 313/313/313 351/351/351 314/314/314
f 314/314/314 351/351/351 352/352/352
f 314/314/314 352/352/352 315/315/315
f 315/315/315 352/352/352 353/353/353
f 315/315/315 353/353/353 316/316/316
f 316/316/316 353/353/353 354/354/354
f 316/316/316 354/354/354 317/317/317
f 317/317/317 354/354/354 355/355/355
f 317/317/317 355/355/355 318/318/318
f 318/318/318 355/355/355 356/356/356
f 318/318/318 356/356/356 319/319/319
f 319/319/319 356/356/356 357/357/357
f 319/319/319 357/357/357 320/320/320
f 320/320/320 357/357/357 358/358/358
f 320/320/320 358/358/358 321/321/321
f 321/321/321 358/358/358 359/359/359
f 321/321/321 359/359/359 322/322/322
f 322/322/322 359/359/359 360/360/360
f 322/322/322 360/360/360 323/323/323
f 323/323/323 360/360/360 361/361/361
f 323/323/323 361/361/361 324/324/324
f 324/324/324 361/361/361 362/362/362
f 324/324/324 362/362/362 325/325/325
f 325/325/325 362/362/362 363/363/363
f 325/325/325 363/363/363 326/326/326
f 326/326/326 363/363/363 364/364/364
f 326/326/326 364/364/364 327/327/327
f 327/327/327 364/364/364 365/365/365
f 327/327/327 365/365/365 328/328/328
f 328/328/328 365/365/365 366/366/366
f 328/328/328 366/366/366 329/329/329
f 329/329/329 366/366/366 367/367/367
f 329/329/329 367/367/367 330/330/330
f 330/330/330 367/367/367 368/368/368
f 330/330/330 368/368/368 331/331/331
f 331/331/331 368/368/368 369/369/369
f 331/331/331 369/369/369 332/332/332
f 332/332/332 369/369/369 370/370/370
f 332/332/332 370/370/370 333/333/333
f 334/334/334 371/371/371 372/372/372
f 334/334/334 372/372/372 335/335/335
f 335/335/335 372/372/372 373/373/373
f 335/335/335 373/373/373 336/336/336
f 336/336/336 373/373/373 374/374/374
f 336/336/336 374/374/374 337/337/337
f 337/337/337 374/374/374 375/375/375
f 337/337/337 375/375/375 338/338/338
f 338/338/338 375/375/375 376/376/376
f 338/338/338 376/376/376 339/339/339
f 339/339/339 376/376/376 377/377/377
f 339/339/339 377/377/377 340/340/340
f 340/340/340 377/377/377 378/378/378
f 340/340/340 378/378/378 341/341/341
f 341/341/341 378/378/378 379/379/379
f 341/341/341 379/379/379 342/342/342
f 342/342/342 379/379/379 380/380/380
f 342/342/342 380/380/380 343/343/343
f 343/343/343 380/380/380 381/381/381
f 343/343/343 381/381/381 344/344/344
f 344/344/344 381/381/381 382/382/382
f 344/344/344 382/382/382 345/345/345
f 345/345/345 382/382/382 383/383/383
f 345/345/345 383/383/383 346/346/346
f 346/346/346 383/383/383 384/384/384
f 346/346/346 384/384/384 347/347/347
f 347/347/347 384/384/384 385/385/385
f 347/347/347 385/385/385 348/348/348
f 348/348/348 385/385/385 386/386/386
f 348/348/348 386/386/386 349/349/349
f 349/349/349 386/386/386 387/387/387
f 349/349/349 387/387/387 350/350/350
f 350/350/350 387/387/387 388/388/388
f 350/350/350 388/388/388 351/351/351
f 351/351/351 388/388/388 389/389/389
f 351/351/351 389/389/389 352/352/352
f 352/352/352 389/389/389 390/390/390
f 352/352/352 390/390/390 353/353/353
f 353/353/353 390/390/390 391/391/391
f 353/353/353 391/391/391 354/354/354
f 354/354/354 391/391/391 392/392/392
f 354/354/354 392/392/392 355/355/355
f 355/355/355 392/392/392 393/393/393
f 355/355/355 393/393/393 356/356/356
f 356/356/356 393/393/393 394/394/394
f 356/356/356 394/394/394 357/357/357
f 357/357/357 394/394/394 395/395/395
f 357/357/357 395/395/395 358/358/358
f 358/358/358 395/395/395 396/396/396
f 358/358/358 396/396/396 359/359/359
f 359/359/359 396/396/396 397/397/397
f 359/359/359 397/397/397 360/360/360
f 360/360/360 397/397/397 398/398/398
f 360/360/360 398/398/398 361/361/361
f 361/361/361 398/398/398 399/399/399
f 361/361/361 399/399/399 362/362/362
f 362/362/362 399/399/399 400/400/400
f 362/362/362 400/400/400 363/363/363
f 363/363/363 400/400/400 401/401/401
f 363/363/363 401/401/401 364/364/364
f 364/364/364 401/401/401 402/402/402
f 364/364/364 402/402/402 365/365/365
f 365/365/365 402/402/402 403/403/403
f 365/365/365 403/403/403 366/366/366
f 366/366/366 403/403/403 404/404/404
f 366/366/366 404/404/404 367/367/367
f 367/367/367 404/404/404 405/405/405
f 367/367/367 405/405/405 368/368/368
f 368/368/368 405/405/405 406/406/406
f 368/368/368 406/406/406 369/369/369
f 369/369/369 406/406/406 407/407/407
f 369/369/369 407/407/407 370/370/370
f 371/371/371 408/408/408 409/409/409
f 371/371/371 409/409/409 372/372/372
f 372/372/372 409/409/409 410/410/410
f 372/372/372 410/410/410 373/373/373
f 373/373/373 410/410/410 411/411/411
f 373/373/373 411/411/411 374/374/374
f 374/374/374 411/411/411 412/412/412
f 374/374/374 412/412/412 375/375/375
f 375/375/375 412/412/412 413/413/413
f 375/375/375 413/413/413 376/376/376
f 376/376/376 413/413/413 414/414/414
f 376/376/376 414/414/414 377/377/377
f 377/377/377 414/414/414 415/415/415
f 377/377/377 415/415/415 378/378/378
f 378/378/378 415/415/415 416/416/416
f 378/378/378 416/416/416 379/379/379
f 379/379/379 416/416/416 417/417/417
f 379/379/379 417/417/417 380/380/380
f 380/380/380 417/417/417 418/418/418
f 380/380/380 418/418/418 381/381/381
f 381/381/381 418/418/418 419/419/419
f 381/381/381 419/419/419 382/382/382
f 382/382/382 419/419/419 420/420/420
f 382/382/382 420/420/420 383/383/383
f 383/383/383 420/420/420 421/421/421
f 383/383/383 421/421/421 384/384/384
f 384/384/384 421/421/421 422/422/422
f 384/384/384 422/422/422 385/385/385
f 385/385/385 422/422/422 423/423/423
f 385/385/385 423/423/423 386/386/386
f 386/386/386 423/423/423 424/424/424
f 386/386/386 424/424/424 387/387/387
f 387/387/387 424/424/424 425/425/425
f 387/387/387 425/425/425 388/388/388
f 388/388/388 425/425/425 426/426/426
f 388/388/388 426/426/426 389/389/389
f 389/389/389 426/426/426 427/427/427
f 389/389/389 427/427/427 390/390/390
f 390/390/390 427/427/427 428/428/428
f 390/390/390 428/428/428 391/391/391
f 391/391/391 428/428/428 429/429/429
f 391/391/391 429/429/429 392/392/392
f 392/392/392 429/429/429 430/430/430
f 392/392/392 430/430/430 393/393/393
f 393/393/393 430/430/430 431/431/431
f 393/393/393 431/431/431 394/394/394
f 394/394/394 431/431/431 432/432/432
f 394/394/394 432/432/432 395/395/395
f 395/395/395 432/432/432 433/433/433
f 395/395/395 433/433/433 396/396/396
f 396/396/396 433/433/433 434/434/434
f 396/396/396 434/434/434 397/397/397
f 397/397/397 434/434/434 435/435/435
f 397/397/397 435/435/435 398/398/398
f 398/398/398 435/435/435 436/436/436
f 398/398/398 436/436/436 399/399/399
f 399/399/399 436/436/436 437/437/437
f 399/399/399 437/437/437 400/400/400
f 400/400/400 437/437/437 438/438/438
f 400/400/400 438/438/438 401/401/401
f 401/401/401 438/438/438 439/439/439
f 401/401/401 439/439/439 402/402/402
f 402/402/402 439/439/439 440/440/440
f 402/402/402 440/440/440 403/403/403
f 403/403/403 440/440/440 441/441/441
f 403/403/403 441/441/441 404/404/404
f 404/404/404 441/441/441 442/442/442
f 404/404/404 442/442/442 405/405/405
f 405/405/405 442/442/442 443/443/443
f 405/405/405 443/443/443 406/406/406
f 406/406/406 443/443/443 444/444/444
f 406/406/406 444/444/444 407/407/407
f 408/408/408 445/445/445 446/446/446
f 408/408/408 446/446/446 409/409/409
f 409/409/409 446/446/446 447/447/447
f 409/409/409 447/447/447 410/410/410
f 410/410/410 447/447/447 448/448/448
f 410/410/410 448/448/448 411/411/411
f 411/411/411 448/448/448 449/449/449
f 411/411/411 449/449/449 412/412/412
f 412/412/412 449/449/449 450/450/450
f 412/412/412 450/450/450 413/413/413
f 413/413/413 450/450/450 451/451/451
f 413/413/413 451/451/451 414/414/414
f 414/414/414 451/451/451 452/452/452
f 414/414/414 452/452/452 415/415/415
f 415/415/415 452/452/452 453/453/453
f 415/415/415 453/453/453 416/416/416
f 416/416/416 453/453/453 454/454/454
f 416/416/416 454/454/454 417/417/417
f 417/417/417 454/454/454 455/455/455
f 417/417/417 455/455/455 418/418/418
f 418/418/418 455/455/455 456/456/456
f 418/418/418 456/456/456 419/419/419
f 419/419/419 456/456/456 457/457/457
f 419/419/419 457/457/457 420/420/420
f 420/420/420 457/457/457 458/458/458
f 420/420/420 458/458/458 421/421/421
f 421/421/421 458/458/458 459/459/459
f 421/421/421 459/459/459 422/422/422
f 422/422/422 459/459/459 460/460/460
f 422/422/422 460/460/460 423/423/423
f 423/423/423 460/460/460 461/461/461
f 423/423/423 461/461/461 424/424/424
f 424/424/424 461/461/461 462/462/462
f 424/424/424 462/462/462 425/425/425
f 425/425/425 462/462/462 463/463/463
f 425/425/425 463/463/463 426/426/426
f 426/426/426 463/463/463 464/464/464
f 426/426/426 464/464/464 427/427/427
f 427/427/427 464/464/464 465/465/465
f 427/427/427 465/465/465 428/428/428
f 428/428/428 465/465/465 466/466/466
f 428/428/428 466/466/466 429/429/429
f 429/429/429 466/466/466 467/467/467
f 429/429/429 467/467/467 430/430/430
f 430/430/430 467/467/467 468/468/468
f 430/430/430 468/468/468 431/431/431
f 431/431/431 468/468/468 469/469/469
f 431/431/431 469/469/469 432/432/432
f 432/432/432 469/469/469 470/470/470
f 432/432/432 470/470/470 433/433/433
f 433/433/433 470/470/470 471/471/471
f 433/433/433 471/471/471 434/434/434
f 434/434/434 471/471/471 472/472/472
f 434/434/434 472/472/472 435/435/435
f 435/435/435 472/472/472 473/473/473
f 435/435/435 473/473/473 436/436/436
f 436/436/436 473/473/473 474/474/474
f 436/436/436 474/474/474 437/437/437
f 437/437/437 474/474/474 475/475/475
f 437/437/437 475/475/475 438/438/438
f 438/438/438 475/475/475 476/476/476
f 438/438/438 476/476/476 439/439/439
f 439/439/439 476/476/476 477/477/477
f 439/439/439 477/477/477 440/440/440
f 440/440/440 477/477/477 478/478/478
f 440/440/440 478/478/478 441/441/441
f 441/441/441 478/478/478 479/479/479
f 441/441/441 479/479/479 442/442/442
f 442/442/442 479/479/479 480/480/480
f 442/442/442 480/480/480 443/443/443
f 443/443/443 480/480/480 481/481/481
f 443/443/443 481/481/481 444/444/444
f 445/445/445 482/482/482 483/483/483
f 445/445/445 483/483/483 446/446/446
f 446/446/446 483/483/483 484/484/484
f 446/446/446 484/484/484 447/447/447
f 447/447/447 484/484/484 485/485/485
f 447/447/447 485/485/485 448/448/448
f 448/448/448 485/485/485 486/486/486
f 448/448/448 486/486/486 449/449/449
f 449/449/449 486/486/486 487/487/487
f 449/449/449 487/487/487 450/450/450
f 450/450/450 487/487/487 488/488/488
f 450/450/450 488/488/488 451/451/451
f 451/451/451 488/488/488 489/489/489
f 451/451/451 489/489/489 452/452/452
f 452/452/452 489/489/489 490/490/490
f 452/452/452 490/490/490 453/453/453
f 453/453/453 490/490/490 491/491/491
f 453/453/453 491/491/491 454/454/454
f 454/454/454 491/491/491 492/492/492
f 454/454/454 492/492/492 455/455/455
f 455/455/455 492/492/492 493/493/493
f 455/455/455 493/493/493 456/456/456
f 456/456/456 493/493/493 494/494/494
f 456/456/456 494/494/494 457/457/457
f 457/457/457 494/494/494 495/495/495
f 457/457/457 495/495/495 458/458/458
f 458/458/458 495/495/495 496/496/496
f 458/458/458 496/496/496 459/459/459
f 459/459/459 496/496/496 497/497/497
f 459/459/459 497/497/497 460/460/460
f 460/460/460 497/497/497 498/498/498
f 460/460/460 498/498/498 461/461/461
f 461/461/461 498/498/498 499/499/499
f 461/461/461 499/499/499 462/462/462
f 462/462/462 499/499/499 500/500/500
f 462/462/462 500/500/500 463/463/463
f 463/463/463 500/500/500 501/501/501
f 463/463/463 501/501/501 464/464/464
f 464/464/464 501/501/501 502/502/502
f 464/464/464 502/502/502 465/465/465
f 465/465/465 502/502/502 503/503/503
f 465/465/465 503/503/503 466/466/466
f 466/466/466 503/503/503 504/504/504
f 466/466/466 504/504/504 467/467/467
f 467/467/467 504/504/504 505/505/505
f 467/467/467 505/505/505 468/468/468
f 468/468/468 505/505/505 506/506/506
f 468/468/468 506/506/506 469/469/469
f 469/469/469 506/506/506 507/507/507
f 469/469/469 507/507/507 470/470/470
f 470/470/470 507/507/507 508/508/508
f 470/470/470 508/508/508 471/471/471
f 471/471/471 508/508/508 509/509/509
f 471/471/471 509/509/509 472/472/472
f 472/472/472 509/509/509 510/510/510
f 472/472/472 510/510/510 473/473/473
f 473/473/473 510/510/510 511/511/511
f 473/473/473 511/511/511 474/474/474
f 474/474/474 511/511/511 512/512/512
f 474/474/474 512/512/512 475/475/475
f 475/475/475 512/512/512 513/513/513
f 475/475/475 513/513/513 476/476/476
f 476/476/476 513/513/513 514/514/514
f 476/476/476 514/514/514 477/477/477
f 477/477/477 514/514/514 515/515/515
f 477/477/477 515/515/515 478/478/478
f 478/478/478 515/515/515 516/516/516
f 478/478/478 516/516/516 479/479/479
f 479/479/479 516/516/516 517/517/517
f 479/479/479 517/517/517 480/480/480
f 480/480/480 517/517/517 518/518/518
f 480/480/480 518/518/518 481/481/481
f 482/482/482 519/519/519 520/520/520
f 482/482/482 520/520/520 483/483/483
f 483/483/483 520/520/520 521/521/521
f 483/483/483 521/521/521 484/484/484
f 484/484/484 521/521/521 522/522/522
f 484/484/484 522/522/522 485/485/485
f 485/485/485 522/522/522 523/523/523
f 485/485/485 523/523/523 486/486/486
f 486/486/486 523/523/523 524/524/524
f 486/486/486 524/524/524 487/487/487
f 487/487/487 524/524/524 525/525/525
f 487/487/487 525/525/525 488/488/488
f 488/488/488 525/525/525 526/526/526
f 488/488/488 526/526/526 489/489/489
f 489/489/489 526/526/526 527/527/527
f 489/489/489 527/527/527 490/490/490
f 490/490/490 527/527/527 528/528/528
f 490/490/490 528/528/528 491/491/491
f 491/491/491 528/528/528 529/529/529
f 491/491/491 529/529/529 492/492/492
f 492/492/492 529/529/529 530/530/530
f 492/492/492 530/530/530 493/493/493
f 493/493/493 530/530/530 531/531/531
f 493/493/493 531/531/531 494/494/494
f 494/494/494 531/531/531 532/532/532
f 494/494/494 532/532/532 495/495/495
f 495/495/495 532/532/532 533/533/533
f 495/495/495 533/533/533 496/496/496
f 496/496/496 533/533/533 534/534/534
f 496/496/496 534/534/534 497/497/497
f 497/497/497 534/534/534 535/535/535
f 497/497/497 535/535/535 498/498/498
f 498/498/498 535/535/535 536/536/536
f 498/498/498 536/536/536 499/499/499
f 499/499/499 536/536/536 537/537/537
f 499/499/499 537/537/537 500/500/500
f 500/500/500 537/537/537 538/538/538
f 500/500/500 538/538/538 501/501/501
f 501/501/501 538/538/538 539/539/539
f 501/501/501 539/539/539 502/502/502
f 502/502/502 539/539/539 540/540/540
f 502/502/502 540/540/540 503/503/503
f 503/503/503 540/540/540 541/541/541
f 503/503/503 541/541/541 504/504/504
f 504/504/504 541/541/541 542/542/542
f 504/504/504 542/542/542 505/505/505
f 505/505/505 542/542/542 543/543/543
f 505/505/505 543/543/543 506/506/506
f 506/506/506 543/543/543 544/544/544
f 506/506/506 544/544/544 507/507/507
f 507/507/507 544/544/544 545/545/545
f 507/507/507 545/545/545 508/508/508
f 508/508/508 545/545/545 546/546/546
f 508/508/508 546/546/546 509/509/509
f 509/509/509 546/546/546 547/547/547
f 509/509/509 547/547/547 510/510/510
f 510/510/510 547/547/547 548/548/548
f 510/510/510 548/548/548 511/511/511
f 511/511/511 548/548/548 549/549/549
f 511/511/511 549/549/549 512/512/512
f 512/512/512 549/549/549 550/550/550
f 512/512/512 550/550/550 513/513/513
f 513/513/513 550/550/550 551/551/551
f 513/513/513 551/551/551 514/514/514
f 514/514/514 551/551/551 552/552/552
f 514/514/514 552/552/552 515/515/515
f 515/515/515 552/552/552 553/553/553
f 515/515/515 553/553/553 516/516/516
f 516/516/516 553/553/553 554/554/554
f 516/516/516 554/554/554 517/517/517
f 517/517/517 554/554/554 555/555/555
f 517/517/517 555/555/555 518/518/518
f 519/519/519 556/556/556 557/557/557
f 519/519/519 557/557/557 520/520/520
f 520/520/520 557/557/557 558/558/558
f 520/520/520 558/558/558 521/521/521
f 521/521/521 558/558/558 559/559/559
f 521/521/521 559/559/559 522/522/522
f 522/522/522 559/559/559 560/560/560
f 522/522/522 560/560/560 523/523/523
f 523/523/523 560/560/560 561/561/561
f 523/523/523 561/561/561 524/524/524
f 524/524/524 561/561/561 562/562/562
f 524/524/524 562/562/562 525/525/525
f 525/525/525 562/562/562 563/563/563
f 525/525/525 563/563/563 526/526/526
f 526/526/526 563/563/563 564/564/564
f 526/526/526 564/564/564 527/527/527
f 527/527/527 564/564/564 565/565/565
f 527/527/527 565/565/565 528/528/528
f 528/528/528 565/565/565 566/566/566
f 528/528/528 566/566/566 529/529/529
f 529/529/529 566/566/566 567/567/567
f 529/529/529 567/567/567 530/530/530
f 530/530/530 567/567/567 568/568/568
f 530/530/530 568/568/568 531/531/531
f 531/531/531 568/568/568 569/569/569
f 531/531/531 569/569/569 532/532/532
f 532/532/532 569/569/569 570/570/570
f 532/532/532 570/570/570 533/533/533
f 533/533/533 570/570/570 571/571/571
f 533/533/533 571/571/571 534/534/534
f 534/534/534 571/571/571 572/572/572
f 534/534/534 572/572/572 535/535/535
f 535/535/535 572/572/572 573/573/573
f 535/535/535 573/573/573 536/536/536
f 536/536/536 573/573/573 574/574/574
f 536/536/536 574/574/574 537/537/537
f 537/537/537 574/574/574 575/575/575
f 537/537/537 575/575/575 538/538/538
f 538/538/538 575/575/575 576/576/576
f 538/538/538 576/576/576 539/539/539
f 539/539/539 576/576/576 577/577/577
f 539/539/539 577/577/577 540/540/540
f 540/540/540 577/577/577 578/578/578
f 540/540/540 578/578/578 541/541/541
f 541/541/541 578/578/578 579/579/579
f 541/541/541 579/579/579 542/542/542
f 542/542/542 579/579/579 580/580/580
f 542/542/542 580/580/580 543/543/543
f 543/543/543 580/580/580 581/581/581
f 543/543/543 581/581/581 544/544/544
f 544/544/544 581/581/581 582/582/582
f 544/544/544 582/582/582 545/545/545
f 545/545/545 582/582/582 583/583/583
f 545/545/545 583/583/583 546/546/546
f 546/546/546 583/583/583 584/584/584
f 546/546/546 584/584/584 547/547/547
f 547/547/547 584/584/584 585/585/585
f 547/547/547 585/585/585 548/548/548
f 548/548/548 585/585/585 586/586/586
f 548/548/548 586/586/586 549/549/549
f 549/549/549 586/586/586 587/587/587
f 549/549/549 587/587/587 550/550/550
f 550/550/550 587/587/587 588/588/588
f 550/550/550 588/588/588 551/551/551
f 551/551/551 588/588/588 589/589/589
f 551/551/551 589/589/589 552/552/552
f 552/552/552 589/589/589 590/590/590
f 552/552/552 590/590/590 553/553/553
f 553/553/553 590/590/590 591/591/591
f 553/553/553 591/591/591 554/554/554
f 554/554/554 591/591/591 592/592/592
f 554/554/554 592/592/592 555/555/555
f 556/556/556 593/593/593 594/594/594
f 556/556/556 594/594/594 557/557/557
f 557/557/557 594/594/594 595/595/595
f 557/557/557 595/595/595 558/558/558
f 558/558/558 595/595/595 596/596/596
f 558/558/558 596/596/596 559/559/559
f 559/559/559 596/596/596 597/597/597
f 559/559/559 597/597/597 560/560/560
f 560/560/560 597/597/597 598/598/598
f 560/560/560 598/598/598 561/561/561
f 561/561/561 598/598/598 599/599/599
f 561/561/561 599/599/599 562/562/562
f 562/562/562 599/599/599 600/600/600
f 562/562/562 600/600/600 563/563/563
f 563/563/563 600/600/600 601/601/601
f 563/563/563 601/601/601 564/564/564
f 564/564/564 601/601/601 602/602/602
f 564/564/564 602/602/602 565/565/565
f 565/565/565 602/602/602 603/603/603
f 565/565/565 603/603/603 566/566/566
f 566/566/566 603/603/603 604/604/604
f 566/566/566 604/604/604 567/567/567
f 567/567/567 604/604/604 605/605/605
f 567/567/567 605/605/605 568/568/568
f 568/568/568 605/605/605 606/606/606
f 568/568/568 606/606/606 569/569/569
f 569/569/569 606/606/606 607/607/607
f 569/569/569 607/607/607 570/570/570
f 570/570/570 607/607/607 608/608/608
f 570/570/570 608/608/608 571/571/571
f 571/571/571 608/608/608 609/609/609
f 571/571/571 609/609/609 572/572/572
f 572/572/572 609/609/609 610/610/610
f 572/572/572 610/610/610 573/573/573
f 573/573/573 610/610/610 611/611/611
f 573/573/573 611/611/611 574/574/574
f 574/574/574 611/611/611 612/612/612
f 574/574/574 612/612/612 575/575/575
f 575/575/575 612/612/612 613/613/613
f 575/575/575 613/613/613 576/576/576
f 576/576/576 613/613/613 614/614/614
f 576/576/576 614/614/614 577/577/577
f 577/577/577 614/614/614 615/615/615
f 577/577/577 615/615/615 578/578/578
f 578/578/578 615/615/615 616/616/616
f 578/578/578 616/616/616 579/579/579
f 579/579/579 616/616/616 617/617/617
f 579/579/579 617/617/617 580/580/580
f 580/580/580 617/617/617 618/618/618
f 580/580/580 618/618/618 581/581/581
f 581/581/581 618/618/618 619/619/619
f 581/581/581 619/619/619 582/582/582
f 582/582/582 619/619/619 620/620/620
f 582/582/582 620/620/620 583/583/583
f 583/583/583 620/620/620 621/621/621
f 583/583/583 621/621/621 584/584/584
f 584/584/584 621/621/621 622/622/622
f 584/584/584 622/622/622 585/585/585
f 585/585/585 622/622/622 623/623/623
f 585/585/585 623/623/623 586/586/586
f 586/586/586 623/623/623 624/624/624
f 586/586/586 624/624/624 587/587/587
f 587/587/587 624/624/624 625/625/625
f 587/587/587 625/625/625 588/588/588
f 588/588/588 625/625/625 626/626/626
f 588/588/588 626/626/626 589/589/589
f 589/589/589 626/626/626 627/627/627
f 589/589/589 627/627/627 590/590/590
f 590/590/590 627/627/627 628/628/628
f 590/590/590 628/628/628 591/591/591
f 591/591/591 628/628/628 629/629/629
f 591/591/591 629/629/629 592/592/592
f 593/593/593 630/630/630 631/631/631
f 593/593/593 631/631/631 594/594/594
f 594/594/594 631/631/631 632/632/632
f 594/594/594 632/632/632 595/595/595
f 595/595/595 632/632/632 633/633/633
f 595/595/595 633/633/633 596/596/596
f 596/596/596 633/633/633 634/634/634
f 596/596/596 634/634/634 597/597/597
f 597/597/597 634/634/634 635/635/635
f 597/597/597 635/635/635 598/598/598
f 598/598/598 635/635/635 636/636/636
f 598/598/598 636/636/636 599/599/599
f 599/599/599 636/636/636 637/637/637
f 599/599/599 637/637/637 600/600/600
f 600/600/600 637/637/637 638/638/638
f 600/600/600 638/638/638 601/601/601
f 601/601/601 638/638/638 639/639/639
f 601/601/601 639/639/639 602/602/602
f 602/602/602 639/639/639 640/640/640
f 602/602/602 640/640/640 603/603/603
f 603/603/603 640/640/640 641/641/641
f 603/603/603 641/641/641 604/604/604
f 604/604/604 641/641/641 642/642/642
f 604/604/604 642/642/642 605/605/605
f 605/605/605 642/642/642 643/643/643
f 605/605/605 643/643/643 606/606/606
f 606/606/606 643/643/643 644/644/644
f 606/606/606 644/644/644 607/607/607
f 607/607/607 644/644/644 645/645/645
f 607/607/607 645/645/645 608/608/608
f 608/608/608 645/645/645 646/646/646
f 608/608/608 646/646/646 609/609/609
f 609/609/609 646/646/646 647/647/647
f 609/609/609 647/647/647 610/610/610
f 610/610/610 647/647/647 648/648/648
f 610/610/610 648/648/648 611/611/611
f 611/611/611 648/648/648 649/649/649
f 611/611/611 649/649/649 612/612/612
f 612/612/612 649/649/649 650/650/650
f 612/612/612 650/650/650 613/613/613
f 613/613/613 650/650/650 651/651/651
f 613/613/613 651/651/651 614/614/614
f 614/614/614 651/651/651 652/652/652
f 614/614/614 652/652/652 615/615/615
f 615/615/615 652/652/652 653/653/653
f 615/615/615 653/653/653 616/616/616
f 616/616/616 653/653/653 654/654/654
f 616/616/616 654/654/654 617/617/617
f 617/617/617 654/654/654 655/655/655
f 617/617/617 655/655/655 618/618/618
f 618/618/618 655/655/655 656/656/656
f 618/618/618 656/656/656 619/619/619
f 619/619/619 656/656/656 657/657/657
f 619/619/619 657/657/657 620/620/620
f 620/620/620 657/657/657 658/658/658
f 620/620/620 658/658/658 621/621/621
f 621/621/621 658/658/658 659/659/659
f 621/621/621 659/659/659 622/622/622
f 622/622/622 659/659/659 660/660/660
f 622/622/622 660/660/660 623/623/623
f 623/623/623 660/660/660 661/661/661
f 623/623/623 661/661/661 624/624/624
f 624/624/624 661/661/661 662/662/662
f 624/624/624 662/662/662 625/625/625
f 625/625/625 662/662/662 663/663/663
f 625/625/625 663/663/663 626/626/626
f 626/626/626 663/663/663 664/664/664
f 626/626/626 664/664/664 627/627/627
f 627/627/627 664/664/664 665/665/665
f 627/627/627 665/665/665 628/628/628
f 628/628/628 665/665/665 666/666/666
f 628/628/628 666/666/666 629/629/629
f 630/630/630 667/667/667 668/668/668
f 630/630/630 668/668/668 631/631/631
f 631/631/631 668/668/668 669/669/669
f 631/631/631 669/669/669 632/632/632
f 632/632/632 669/669/669 670/670/670
f 632/632/632 670/670/670 633/633/633
f 633/633/633 670/670/670 671/671/671
f 633/633/633 671/671/671 634/634/634
f 634/634/634 671/671/671 672/672/672
f 634/634/634 672/672/672 635/635/635
f 635/635/635 672/672/672 673/673/673
f 635/635/635 673/673/673 636/636/636
f 636/636/636 673/673/673 674/674/674
f 636/636/636 674/674/674 637/637/637
f 637/637/637 674/674/674 675/675/675
f 637/637/637 675/675/675 638/638/638
f 638/638/638 675/675/675 676/676/676
f 638/638/638 676/676/676 639/639/639
f 639/639/639 676/676/676 677/677/677
f 639/639/639 677/677/677 640/640/640
f 640/640/640 677/677/677 678/678/678
f 640/640/640 678/678/678 641/641/641
f 641/641/641 678/678/678 679/679/679
f 641/641/641 679/679/679 642/642/642
f 642/642/642 679/679/679 680/680/680
f 642/642/642 680/680/680 643/643/643
f 643/643/643 680/680/680 681/681/681
f 643/643/643 681/681/681 644/644/644
f 644/644/644 681/681/681 682/682/682
f 644/644/644 682/682/682 645/645/645
f 645/645/645 682/682/682 683/683/683
f 645/645/645 683/683/683 646/646/646
f 646/646/646 683/683/683 684/684/684
f 646/646/646 684/684/684 647/647/647
f 647/647/647 684/684/684 685/685/685
f 647/647/647 685/685/685 648/648/648
f 648/648/648 685/685/685 686/686/686
f 648/648/648 686/686/686 649/649/649
f 649/649/649 686/686/686 687/687/687
f 649/649/649 687/687/687 650/650/650
f 650/650/650 687/687/687 688/688/688
f 650/650/650 688/688/688 651/651/651
f 651/651/651 688/688/688 689/689/689
f 651/651/651 689/689/689 652/652/652
f 652/652/652 689/689/689 690/690/690
f 652/652/652 690/690/690 653/653/653
f 653/653/653 690/690/690 691/691/691
f 653/653/653 691/691/691 654/654/654
f 654/654/654 691/691/691 692/692/692
f 654/654/654 692/692/692 655/655/655
f 655/655/655 692/692/692 693/693/693
f 655/655/655 693/693/693 656/656/656
f 656/656/656 693/693/693 694/694/694
f 656/656/656 694/694/694 657/657/657
f 657/657/657 694/694/694 695/695/695
f 657/657/657 695/695/695 658/658/658
f 658/658/658 695/695/695 696/696/696
f 658/658/658 696/696/696 659/659/659
f 659/659/659 696/696/696 697/697/697
f 659/659/659 697/697/697 660/660/660
f 660/660/660 697/697/697 698/698/698
f 660/660/660 698/698/698 661/661/661
f 661/661/661 698/698/698 699/699/699
f 661/661/661 699/699/699 662/662/662
f 662/662/662 699/699/699 700/700/700
f 662/662/662 700/700/700 663/663/663
f 663/663/663 700/700/700 701/701/701
f 663/663/663 701/701/701 664/664/664
f 664/664/664 701/701/701 702/702/702
f 664/664/664 702/702/702 665/665/665
f 665/665/665 702/702/702 703/703/703
f 665/665/665 703/703/703 666/666/666
f 667/667/667 704/704/704 705/705/705
f 667/667/667 705/705/705 668/668/668
f 668/668/668 705/705/705 706/706/706
f 668/668/668 706/706/706 669/669/669
f 669/669/669 706/706/706 707/707/707
f 669/669/669 707/707/707 670/670/670
f 670/670/670 707/707/707 708/708/708
f 670/670/670 708/708/708 671/671/671
f 671/671/671 708/708/708 709/709/709
f 671/671/671 709/709/709 672/672/672
f 672/672/672 709/709/709 710/710/710
f 672/672/672 710/710/710 673/673/673
f 673/673/673 710/710/710 711/711/711
f 673/673/673 711/711/711 674/674/674
f 674/674/674 711/711/711 712/712/712
f 674/674/674 712/712/712 675/675/675
f 675/675/675 712/712/712 713/713/713
f 675/675/675 713/713/713 676/676/676
f 676/676/676 713/713/713 714/714/714
f 676/676/676 714/714/714 677/677/677
f 677/677/677 714/714/714 715/715/715
f 677/677/677 715/715/715 678/678/678
f 678/678/678 715/715/715 716/716/716
f 678/678/678 716/716/716 679/679/679
f 679/679/679 716/716/716 717/717/717
f 679/679/679 717/717/717 680/680/680
f 680/680/680 717/717/717 718/718/718
f 680/680/680 718/718/718 681/681/681
f 681/681/681 718/718/718 719/719/719
f 681/681/681 719/719/719 682/682/682
f 682/682/682 719/719/719 720/720/720
f 682/682/682 720/720/720 683/683/683
f 683/683/683 720/720/720 721/721/721
f 683/683/683 721/721/721 684/684/684
f 684/684/684 721/721/721 722/722/722
f 684/684/684 722/722/722 685/685/685
f 685/685/685 722/722/722 723/723/723
f 685/685/685 723/723/723 686/686/686
f 686/686/686 723/723/723 724/724/724
f 686/686/686 724/724/724 687/687/687
f 687/687/687 724/724/724 725/725/725
f 687/687/687 725/725/725 688/688/688
f 688/688/688 725/725/725 726/726/726
f 688/688/688 726/726/726 689/689/689
f 689/689/689 726/726/726 727/727/727
f 689/689/689 727/727/727 690/690/690
f 690/690/690 727/727/727 728/728/728
f 690/690/690 728/728/728 691/691/691
f 691/691/691 728/728/728 729/729/729
f 691/691/691 729/729/729 692/692/692
f 692/692/692 729/729/729 730/730/730
f 692/692/692 730/730/730 693/693/693
f 693/693/693 730/730/730 731/731/731
f 693/693/693 731/731/731 694/694/694
f 694/694/694 731/731/731 732/732/732
f 694/694/694 732/732/732 695/695/695
f 695/695/695 732/732/732 733/733/733
f 695/695/695 733/733/733 696/696/696
f 696/696/696 733/733/733 734/734/734
f 696/696/696 734/734/734 697/697/697
f 697/697/697 734/734/734 735/735/735
f 697/697/697 735/735/735 698/698/698
f 698/698/698 735/735/735 736/736/736
f 698/698/698 736/736/736 699/699/699
f 699/699/699 736/736/736 737/737/737
f 699/699/699 737/737/737 700/700/700
f 700/700/700 737/737/737 738/738/738
f 700/700/700 738/738/738 701/701/701
f 701/701/701 738/738/738 739/739/739
f 701/701/701 739/739/739 702/702/702
f 702/702/702 739/739/739 740/740/740
f 702/702/702 740/740/740 703/703/703
f 704/704/704 741/741/741 742/742/742
f 704/704/704 742/742/742 705/705/705
f 705/705/705 742/742/742 743/743/743
f 705/705/705 743/743/743 706/706/706
f 706/706/706 743/743/743 744/744/744
f 706/706/706 744/744/744 707/707/707
f 707/707/707 744/744/744 745/745/745
f 707/707/707 745/745/745 708/708/708
f 708/708/708 745/745/745 746/746/746
f 708/708/708 746/746/746 709/709/709
f 709/709/709 746/746/746 747/747/747
f 709/709/709 747/747/747 710/710/710
f 710/710/710 747/747/747 748/748/748
f 710/710/710 748/748/748 711/711/711
f 711/711/711 748/748/748 749/749/749
f 711/711/711 749/749/749 712/712/712
f 712/712/712 749/749/749 750/750/750
f 712/712/712 750/750/750 713/713/713
f 713/713/713 750/750/750 751/751/751
f 713/713/713 751/751/751 714/714/714
f 714/714/714 751/751/751 752/752/752
f 714/714/714 752/752/752 715/715/715
f 715/715/715 752/752/752 753/753/753
f 715/715/715 753/753/753 716/716/716
f 716/716/716 753/753/753 754/754/754
f 716/716/716 754/754/754 717/717/717
f 717/717/717 754/754/754 755/755/755
f 717/717/717 755/755/755 718/718/718
f 718/718/718 755/755/755 756/756/756
f 718/718/718 756/756/756 719/719/719
f 719/719/719 756/756/756 757/757/757
f 719/719/719 757/757/757 720/720/720
f 720/720/720 757/757/757 758/758/758
f 720/720/720 758/758/758 721/721/721
f 721/721/721 758/758/758 759/759/759
f 721/721/721 759/759/759 722/722/722
f 722/722/722 759/759/759 760/760/760
f 722/722/722 760/760/760 723/723/723
f 723/723/723 760/760/760 761/761/761
f 723/723/723 761/761/761 724/724/724
f 724/724/724 761/761/761 762/762/762
f 724/724/724 762/762/762 725/725/725
f 725/725/725 762/762/762 763/763/763
f 725/725/725 763/763/763 726/726/726
f 726/726/726 763/763/763 764/764/764
f 726/726/726 764/764/764 727/727/727
f 727/727/727 764/764/764 765/765/765
f 727/727/727 765/765/765 728/728/728
f 728/728/728 765/765/765 766/766/766
f 728/728/728 766/766/766 729/729/729
f 729/729/729 766/766/766 767/767/767
f 729/729/729 767/767/767 730/730/730
f 730/730/730 767/767/767 768/768/768
f 730/730/730 768/768/768 731/731/731
f 731/731/731 768/768/768 769/769/769
f 731/731/731 769/769/769 732/732/732
f 732/732/732 769/769/769 770/770/770
f 732/732/732 770/770/770 733/733/733
f 733/733/733 770/770/770 771/771/771
f 733/733/733 771/771/771 734/734/734
f 734/734/734 771/771/771 772/772/772
f 734/734/734 772/772/772 735/735/735
f 735/735/735 772/772/772 773/773/773
f 735/735/735 773/773/773 736/736/736
f 736/736/736 773/773/773 774/774/774
f 736/736/736 774/774/774 737/737/737
f 737/737/737 774/774/774 775/775/775
f 737/737/737 775/775/775 738/738/738
f 738/738/738 775/775/775 776/776/776
f 738/738/738 776/776/776 739/739/739
f 739/739/739 776/776/776 777/777/777
f 739/739/739 777/777/777 740/740/740
f 741/741/741 778/778/778 779/779/779
f 741/741/741 779/779/779 742/742/742
f 742/742/742 779/779/779 780/780/780
f 742/742/742 780/780/780 743/743/743
f 743/743/743 780/780/780 781/781/781
f 743/743/743 781/781/781 744/744/744
f 744/744/744 781/781/781 782/782/782
f 744/744/744 782/782/782 745/745/745
f 745/745/745 782/782/782 783/783/783
f 745/745/745 783/783/783 746/746/746
f 746/746/746 783/783/783 784/784/784
f 746/746/746 784/784/784 747/747/747
f 747/747/747 784/784/784 785/785/785
f 747/747/747 785/785/785 748/748/748
f 748/748/748 785/785/785 786/786/786
f 748/748/748 786/786/786 749/749/749
f 749/749/749 786/786/786 787/787/787
f 749/749/749 787/787/787 750/750/750
f 750/750/750 787/787/787 788/788/788
f 750/750/750 788/788/788 751/751/751
f 751/751/751 788/788/788 789/789/789
f 751/751/751 789/789/789 752/752/752
f 752/752/752 789/789/789 790/790/790
f 752/752/752 790/790/790 753/753/753
f 753/753/753 790/790/790 791/791/791
f 753/753/753 791/791/791 754/754/754
f 754/754/754 791/791/791 792/792/792
f 754/754/754 792/792/792 755/755/755
f 755/755/755 792/792/792 793/793/793
f 755/755/755 793/793/793 756/756/756
f 756/756/756 793/793/793 794/794/794
f 756/756/756 794/794/794 757/757/757
f 757/757/757 794/794/794 795/795/795
f 757/757/757 795/795/795 758/758/758
f 758/758/758 795/795/795 796/796/796
f 758/758/758 796/796/796 759/759/759
f 759/759/759 796/796/796 797/797/797
f 759/759/759 797/797/797 760/760/760
f 760/760/760 797/797/797 798/798/798
f 760/760/760 798/798/798 761/761/761
f 761/761/761 798/798/798 799/799/799
f 761/761/761 799/799/799 762/762/762
f 762/762/762 799/799/799 800/800/800
f 762/762/762 800/800/800 763/763/763
f 763/763/763 800/800/800 801/801/801
f 763/763/763 801/801/801 764/764/764
f 764/764/764 801/801/801 802/802/802
f 764/764/764 802/802/802 765/765/765
f 765/765/765 802/802/802 803/803/803
f 765/765/765 803/803/803 766/766/766
f 766/766/766 803/803/803 804/804/804
f 766/766/766 804/804/804 767/767/767
f 767/767/767 804/804/804 805/805/805
f 767/767/767 805/805/805 768/768/768
f 768/768/768 805/805/805 806/806/806
f 768/768/768 806/806/806 769/769/769
f 769/769/769 806/806/806 807/807/807
f 769/769/769 807/807/807 770/770/770
f 770/770/770 807/807/807 808/808/808
f 770/770/770 808/808/808 771/771/771
f 771/771/771 808/808/808 809/809/809
f 771/771/771 809/809/809 772/772/772
f 772/772/772 809/809/809 810/810/810
f 772/772/772 810/810/810 773/773/773
f 773/773/773 810/810/810 811/811/811
f 773/773/773 811/811/811 774/774/774
f 774/774/774 811/811/811 812/812/812
f 774/774/774 812/812/812 775/775/775
f 775/775/775 812/812/812 813/813/813
f 775/775/775 813/813/813 776/776/776
f 776/776/776 813/813/813 814/814/814
f 776/776/776 814/814/814 777/777/777
f 778/778/778 815/815/815 816/816/816
f 778/778/778 816/816/816 779/779/779
f 779/779/779 816/816/816 817/817/817
f 779/779/779 817/817/817 780/780/780
f 780/780/780 817/817/817 818/818/818
f 780/780/780 818/818/818 781/781/781
f 781/781/781 818/818/818 819/819/819
f 781/781/781 819/819/819 782/782/782
f 782/782/782 819/819/819 820/820/820
f 782/782/782 820/820/820 783/783/783
f 783/783/783 820/820/820 821/821/821
f 783/783/783 821/821/821 784/784/784
f 784/784/784 821/821/821 822/822/822
f 784/784/784 822/822/822 785/785/785
f 785/785/785 822/822/822 823/823/823
f 785/785/785 823/823/823 786/786/786
f 786/786/786 823/823/823 824/824/824
f 786/786/786 824/824/824 787/787/787
f 787/787/787 824/824/824 825/825/825
f 787/787/787 825/825/825 788/788/788
f 788/788/788 825/825/825 826/826/826
f 788/788/788 826/826/826 789/789/789
f 789/789/789 826/826/826 827/827/827
f 789/789/789 827/827/827 790/790/790
f 790/790/790 827/827/827 828/828/828
f 790/790/790 828/828/828 791/791/791
f 791/791/791 828/828/828 829/829/829
f 791/791/791 829/829/829 792/792/792
f 792/792/792 829/829/829 830/830/830
f 792/792/792 830/830/830 793/793/793
f 793/793/793 830/830/830 831/831/831
f 793/793/793 831/831/831 794/794/794
f 794/794/794 831/831/831 832/832/832
f 794/794/794 832/832/832 795/795/795
f 795/795/795 832/832/832 833/833/833
f 795/795/795 833/833/833 796/796/796
f 796/796/796 833/833/833 834/834/834
f 796/796/796 834/834/834 797/797/797
f 797/797/797 834/834/834 835/835/835
f 797/797/797 835/835/835 798/798/798
f 798/798/798 835/835/835 836/836/836
f 798/798/798 836/836/836 799/799/799
f 799/799/799 836/836/836 837/837/837
f 799/799/799 837/837/837 800/800/800
f 800/800/800 837/837/837 838/838/838
f 800/800/800 838/838/838 801/801/801
f 801/801/801 838/838/838 839/839/839
f 801/801/801 839/839/839 802/802/802
f 802/802/802 839/839/839 840/840/840
f 802/802/802 840/840/840 803/803/803
f 803/803/803 840/840/840 841/841/841
f 803/803/803 841/841/841 804/804/804
f 804/804/804 841/841/841 842/842/842
f 804/804/804 842/842/842 805/805/805
f 805/805/805 842/842/842 843/843/843
f 805/805/805 843/843/843 806/806/806
f 806/806/806 843/843/843 844/844/844
f 806/806/806 844/844/844 807/807/807
f 807/807/807 844/844/844 845/845/845
f 807/807/807 845/845/845 808/808/808
f 808/808/808 845/845/845 846/846/846
f 808/808/808 846/846/846 809/809/809
f 809/809/809 846/846/846 847/847/847
f 809/809/809 847/847/847 810/810/810
f 810/810/810 847/847/847 848/848/848
f 810/810/810 848/848/848 811/811/811
f 811/811/811 848/848/848 849/849/849
f 811/811/811 849/849/849 812/812/812
f 812/812/812 849/849/849 850/850/850
f 812/812/812 850/850/850 813/813/813
f 813/813/813 850/850/850 851/851/851
f 813/813/813 851/851/851 814/814/814
f 815/815/815 852/852/852 853/853/853
f 815/815/815 853/853/853 816/816/816
f 816/816/816 853/853/853 854/854/854
f 816/816/816 854/854/854 817/817/817
f 817/817/817 854/854/854 855/855/855
f 817/817/817 855/855/855 818/818/818
f 818/818/818 855/855/855 856/856/856
f 818/818/818 856/856/856 819/819/819
f 819/819/819 856/856/856 857/857/857
f 819/819/819 857/857/857 820/820/820
f 820/820/820 857/857/857 858/858/858
f 820/820/820 858/858/858 821/821/821
f 821/821/821 858/858/858 859/859/859
f 821/821/821 859/859/859 822/822/822
f 822/822/822 859/859/859 860/860/860
f 822/822/822 860/860/860 823/823/823
f 823/823/823 860/860/860 861/861/861
f 823/823/823 861/861/861 824/824/824
f 824/824/824 861/861/861 862/862/862
f 824/824/824 862/862/862 825/825/825
f 825/825/825 862/862/862 863/863/863
f 825/825/825 863/863/863 826/826/826
f 826/826/826 863/863/863 864/864/864
f 826/826/826 864/864/864 827/827/827
f 827/827/827 864/864/864 865/865/865
f 827/827/827 865/865/865 828/828/828
f 828/828/828 865/865/865 866/866/866
f 828/828/828 866/866/866 829/829/829
f 829/829/829 866/866/866 867/867/867
f 829/829/829 867/867/867 830/830/830
f 830/830/830 867/867/867 868/868/868
f 830/830/830 868/868/868 831/831/831
f 831/831/831 868/868/868 869/869/869
f 831/831/831 869/869/869 832/832/832
f 832/832/832 869/869/869 870/870/870
f 832/832/832 870/870/870 833/833/833
f 833/833/833 870/870/870 871/871/871
f 833/833/833 871/871/871 834/834/834
f 834/834/834 871/871/871 872/872/872
f 834/834/834 872/872/872 835/835/835
f 835/835/835 872/872/872 873/873/873
f 835/835/835 873/873/873 836/836/836
f 836/836/836 873/873/873 874/874/874
f 836/836/836 874/874/874 837/837/837
f 837/837/837 874/874/874 875/875/875
f 837/837/837 875/875/875 838/838/838
f 838/838/838 875/875/875 876/876/876
f 838/838/838 876/876/876 839/839/839
f 839/839/839 876/876/876 877/877/877
f 839/839/839 877/877/877 840/840/840
f 840/840/840 877/877/877 878/878/878
f 840/840/840 878/878/878 841/841/841
f 841/841/841 878/878/878 879/879/879
f 841/841/841 879/879/879 842/842/842
f 842/842/842 879/879/879 880/880/880
f 842/842/842 880/880/880 843/843/843
f 843/843/843 880/880/880 881/881/881
f 843/843/843 881/881/881 844/844/844
f 844/844/844 881/881/881 882/882/882
f 844/844/844 882/882/882 845/845/845
f 845/845/845 882/882/882 883/883/883
f 845/845/845 883/883/883 846/846/846
f 846/846/846 883/883/883 884/884/884
f 846/846/846 884/884/884 847/847/847
f 847/847/847 884/884/884 885/885/885
f 847/847/847 885/885/885 848/848/848
f 848/848/848 885/885/885 886/886/886
f 848/848/848 886/886/886 849/849/849
f 849/849/849 886/886/886 887/887/887
f 849/849/849 887/887/887 850/850/850
f 850/850/850 887/887/887 888/888/888
f 850/850/850 888/888/888 851/851/851
f 852/852/852 889/889/889 890/890/890
f 852/852/852 890/890/890 853/853/853
f 853/853/853 890/890/890 891/891/891
f 853/853/853 891/891/891 854/854/854
f 854/854/854 891/891/891 892/892/892
f 854/854/854 892/892/892 855/855/855
f 855/855/855 892/892/892 893/893/893
f 855/855/855 893/893/893 856/856/856
f 856/856/856 893/893/893 894/894/894
f 856/856/856 894/894/894 857/857/857
f 857/857/857 894/894/894 895/895/895
f 857/857/857 895/895/895 858/858/858
f 858/858/858 895/895/895 896/896/896
f 858/858/858 896/896/896 859/859/859
f 859/859/859 896/896/896 897/897/897
f 859/859/859 897/897/897 860/860/860
f 860/860/860 897/897/897 898/898/898
f 860/860/860 898/898/898 861/861/861
f 861/861/861 898/898/898 899/899/899
f 861/861/861 899/899/899 862/862/862
f 862/862/862 899/899/899 900/900/900
f 862/862/862 900/900/900 863/863/863
f 863/863/863 900/900/900 901/901/901
f 863/863/863 901/901/901 864/864/864
f 864/864/864 901/901/901 902/902/902
f 864/864/864 902/902/902 865/865/865
f 865/865/865 902/902/902 903/903/903
f 865/865/865 903/903/903 866/866/866
f 866/866/866 903/903/903 904/904/904
f 866/866/866 904/904/904 867/867/867
f 867/867/867 904/904/904 905/905/905
f 867/867/867 905/905/905 868/868/868
f 868/868/868 905/905/905 906/906/906
f 868/868/868 906/906/906 869/869/869
f 869/869/869 906/906/906 907/907/907
f 869/869/869 907/907/907 870/870/870
f 870/870/870 907/907/907 908/908/908
f 870/870/870 908/908/908 871/871/871
f 871/871/871 908/908/908 909/909/909
f 871/871/871 909/909/909 872/872/872
f 872/872/872 909/909/909 910/910/910
f 872/872/872 910/910/910 873/873/873
f 873/873/873 910/910/910 911/911/911
f 873/873/873 911/911/911 874/874/874
f 874/874/874 911/911/911 912/912/912
f 874/874/874 912/912/912 875/875/875
f 875/875/875 912/912/912 913/913/913
f 875/875/875 913/913/913 876/876/876
f 876/876/876 913/913/913 914/914/914
f 876/876/876 914/914/914 877/877/877
f 877/877/877 914/914/914 915/915/915
f 877/877/877 915/915/915 878/878/878
f 878/878/878 915/915/915 916/916/916
f 878/878/878 916/916/916 879/879/879
f 879/879/879 916/916/916 917/917/917
f 879/879/879 917/917/917 880/880/880
f 880/880/880 917/917/917 918/918/918
f 880/880/880 918/918/918 881/881/881
f 881/881/881 918/918/918 919/919/919
f 881/881/881 919/919/919 882/882/882
f 882/882/882 919/919/919 920/920/920
f 882/882/882 920/920/920 883/883/883
f 883/883/883 920/920/920 921/921/921
f 883/883/883 921/921/921 884/884/884
f 884/884/884 921/921/921 922/922/922
f 884/884/884 922/922/922 885/885/885
f 885/885/885 922/922/922 923/923/923
f 885/885/885 923/923/923 886/886/886
f 886/886/886 923/923/923 924/924/924
f 886/886/886 924/924/924 887/887/887
f 887/887/887 924/924/924 925/925/925
f 887/887/887 925/925/925 888/888/888
f 889/889/889 926/926/926 927/927/927
f 889/889/889 927/927/927 890/890/890
f 890/890/890 927/927/927 928/928/928
f 890/890/890 928/928/928 891/891/891
f 891/891/891 928/928/928 929/929/929
f 891/891/891 929/929/929 892/892/892
f 892/892/892 929/929/929 930/930/930
f 892/892/892 930/930/930 893/893/893
f 893/893/893 930/930/930 931/931/931
f 893/893/893 931/931/931 894/894/894
f 894/894/894 931/931/931 932/932/932
f 894/894/894 932/932/932 895/895/895
f 895/895/895 932/932/932 933/933/933
f 895/895/895 933/933/933 896/896/896
f 896/896/896 933/933/933 934/934/934
f 896/896/896 934/934/934 897/897/897
f 897/897/897 934/934/934 935/935/935
f 897/897/897 935/935/935 898/898/898
f 898/898/898 935/935/935 936/936/936
f 898/898/898 936/936/936 899/899/899
f 899/899/899 936/936/936 937/937/937
f 899/899/899 937/937/937 900/900/900
f 900/900/900 937/937/937 938/938/938
f 900/900/900 938/938/938 901/901/901
f 901/901/901 938/938/938 939/939/939
f 901/901/901 939/939/939 902/902/902
f 902/902/902 939/939/939 940/940/940
f 902/902/902 940/940/940 903/903/903
f 903/903/903 940/940/940 941/941/941
f 903/903/903 941/941/941 904/904/904
f 904/904/904 941/941/941 942/942/942
f 904/904/904 942/942/942 905/905/905
f 905/905/905 942/942/942 943/943/943
f 905/905/905 943/943/943 906/906/906
f 906/906/906 943/943/943 944/944/944
f 906/906/906 944/944/944 907/907/907
f 907/907/907 944/944/944 945/945/945
f 907/907/907 945/945/945 908/908/908
f 908/908/908 945/945/945 946/946/946
f 908/908/908 946/946/946 909/909/909
f 909/909/909 946/946/946 947/947/947
f 909/909/909 947/947/947 910/910/910
f 910/910/910 947/947/947 948/948/948
f 910/910/910 948/948/948 911/911/911
f 911/911/911 948/948/948 949/949/949
f 911/911/911 949/949/949 912/912/912
f 912/912/912 949/949/949 950/950/950
f 912/912/912 950/950/950 913/913/913
f 913/913/913 950/950/950 951/951/951
f 913/913/913 951/951/951 914/914/914
f 914/914/914 951/951/951 952/952/952
f 914/914/914 952/952/952 915/915/915
f 915/915/915 952/952/952 953/953/953
f 915/915/915 953/953/953 916/916/916
f 916/916/916 953/953/953 954/954/954
f 916/916/916 954/954/954 917/917/917
f 917/917/917 954/954/954 955/955/955
f 917/917/917 955/955/955 918/918/918
f 918/918/918 955/955/955 956/956/956
f 918/918/918 956/956/956 919/919/919
f 919/919/919 956/956/956 957/957/957
f 919/919/919 957/957/957 920/920/920
f 920/920/920 957/957/957 958/958/958
f 920/920/920 958/958/958 921/921/921
f 921/921/921 958/958/958 959/959/959
f 921/921/921 959/959/959 922/922/922
f 922/922/922 959/959/959 960/960/960
f 922/922/922 960/960/960 923/923/923
f 923/923/923 960/960/960 961/961/961
f 923/923/923 961/961/961 924/924/924
f 924/924/924 961/961/961 962/962/962
f 924/924/924 962/962/962 925/925/925
f 926/926/926 963/963/963 964/964/964
f 926/926/926 964/964/964 927/927/927
f 927/927/927 964/964/964 965/965/965
f 927/927/927 965/965/965 928/928/928
f 928/928/928 965/965/965 966/966/966
f 928/928/928 966/966/966 929/929/929
f 929/929/929 966/966/966 967/967/967
f 929/929/929 967/967/967 930/930/930
f 930/930/930 967/967/967 968/968/968
f 930/930/930 968/968/968 931/931/931
f 931/931/931 968/968/968 969/969/969
f 931/931/931 969/969/969 932/932/932
f 932/932/932 969/969/969 970/970/970
f 932/932/932 970/970/970 933/933/933
f 933/933/933 970/970/970 971/971/971
f 933/933/933 971/971/971 934/934/934
f 934/934/934 971/971/971 972/972/972
f 934/934/934 972/972/972 935/935/935
f 935/935/935 972/972/972 973/973/973
f 935/935/935 973/973/973 936/936/936
f 936/936/936 973/973/973 974/974/974
f 936/936/936 974/974/974 937/937/937
f 937/937/937 974/974/974 975/975/975
f 937/937/937 975/975/975 938/938/938
f 938/938/938 975/975/975 976/976/976
f 938/938/938 976/976/976 939/939/939
f 939/939/939 976/976/976 977/977/977
f 939/939/939 977/977/977 940/940/940
f 940/940/940 977/977/977 978/978/978
f 940/940/940 978/978/978 941/941/941
f 941/941/941 978/978/978 979/979/979
f 941/941/941 979/979/979 942/942/942
f 942/942/942 979/979/979 980/980/980
f 942/942/942 980/980/980 943/943/943
f 943/943/943 980/980/980 981/981/981
f 943/943/943 981/981/981 944/944/944
f 944/944/944 981/981/981 982/982/982
f 944/944/944 982/982/982 945/945/945
f 945/945/945 982/982/982 983/983/983
f 945/945/945 983/983/983 946/946/946
f 946/946/946 983/983/983 984/984/984
f 946/946/946 984/984/984 947/947/947
f 947/947/947 984/984/984 985/985/985
f 947/947/947 985/985/985 948/948/948
f 948/948/948 985/985/985 986/986/986
f 948/948/948 986/986/986 949/949/949
f 949/949/949 986/986/986 987/987/987
f 949/949/949 987/987/987 950/950/950
f 950/950/950 987/987/987 988/988/988
f 950/950/950 988/988/988 951/951/951
f 951/951/951 988/988/988 989/989/989
f 951/951/951 989/989/989 952/952/952
f 952/952/952 989/989/989 990/990/990
f 952/952/952 990/990/990 953/953/953
f 953/953/953 990/990/990 991/991/991
f 953/953/953 991/991/991 954/954/954
f 954/954/954 991/991/991 992/992/992
f 954/954/954 992/992/992 955/955/955
f 955/955/955 992/992/992 993/993/993
f 955/955/955 993/993/993 956/956/956
f 956/956/956 993/993/993 994/994/994
f 956/956/956 994/994/994 957/957/957
f 957/957/957 994/994/994 995/995/995
f 957/957/957 995/995/995 958/958/958
f 958/958/958 995/995/995 996/996/996
f 958/958/958 996/996/996 959/959/959
f 959/959/959 996/996/996 997/997/997
f 959/959/959 997/997/997 960/960/960
f 960/960/960 997/997/997 998/998/998
f 960/960/960 998/998/998 961/961/961
f 961/961/961 998/998/998 999/999/999
f 961/961/961 999/999/999 962/962/962
f 963/963/963 1000/1000/1000 1001/1001/1001
f 963/963/963 1001/1001/1001 964/964/964
f 964/964/964 1001/1001/1001 1002/1002/1002
f 964/964/964 1002/1002/1002 965/965/965
f 965/965/965 1002/1002/1002 1003/1003/1003
f 965/965/965 1003/1003/1003 966/966/966
f 966/966/966 1003/1003/1003 1004/1004/1004
f 966/966/966 1004/1004/1004 967/967/967
f 967/967/967 1004/1004/1004 1005/1005/1005
f 967/967/967 1005/1005/1005 968/968/968
f 968/968/968 1005/1005/1005 1006/1006/1006
f 968/968/968 1006/1006/1006 969/969/969
f 969/969/969 1006/1006/1006 1007/1007/1007
f 969/969/969 1007/1007/1007 970/970/970
f 970/970/970 1007/1007/1007 1008/1008/1008
f 970/970/970 1008/1008/1008 971/971/971
f 971/971/971 1008/1008/1008 1009/1009/1009
f 971/971/971 1009/1009/1009 972/972/972
f 972/972/972 1009/1009/1009 1010/1010/1010
f 972/972/972 1010/1010/1010 973/973/973
f 973/973/973 1010/1010/1010 1011/1011/1011
f 973/973/973 1011/1011/1011 974/974/974
f 974/974/974 1011/1011/1011 1012/1012/1012
f 974/974/974 1012/1012/1012 975/975/975
f 975/975/975 1012/1012/1012 1013/1013/1013
f 975/975/975 1013/1013/1013 976/976/976
f 976/976/976 1013/1013/1013 1014/1014/1014
f 976/976/976 1014/1014/1014 977/977/977
f 977/977/977 1014/1014/1014 1015/1015/1015
f 977/977/977 1015/1015/1015 978/978/978
f 978/978/978 1015/1015/1015 1016/1016/1016
f 978/978/978 1016/1016/1016 979/979/979
f 979/979/979 1016/1016/1016 1017/1017/1017
f 979/979/979 1017/1017/1017 980/980/980
f 980/980/980 1017/1017/1017 1018/1018/1018
f 980/980/980 1018/1018/1018 981/981/981
f 981/981/981 1018/1018/1018 1019/1019/1019
f 981/981/981 1019/1019/1019 982/982/982
f 982/982/982 1019/1019/1019 1020/1020/1020
f 982/982/982 1020/1020/1020 983/983/983
f 983/983/983 1020/1020/1020 1021/1021/1021
f 983/983/983 1021/1021/1021 984/984/984
f 984/984/984 1021/1021/1021 1022/1022/1022
f 984/984/984 1022/1022/1022 985/985/985
f 985/985/985 1022/1022/1022 1023/1023/1023
f 985/985/985 1023/1023/1023 986/986/986
f 986/986/986 1023/1023/1023 1024/1024/1024
f 986/986/986 1024/1024/1024 987/987/987
f 987/987/987 1024/1024/1024 1025/1025/1025
f 987/987/987 1025/1025/1025 988/988/988
f 988/988/988 1025/1025/1025 1026/1026/1026
f 988/988/988 1026/1026/1026 989/989/989
f 989/989/989 1026/1026/1026 1027/1027/1027
f 989/989/989 1027/1027/1027 990/990/990
f 990/990/990 1027/1027/1027 1028/1028/1028
f 990/990/990 1028/1028/1028 991/991/991
f 991/991/991 1028/1028/1028 1029/1029/1029
f 991/991/991 1029/1029/1029 992/992/992
f 992/992/992 1029/1029/1029 1030/1030/1030
f 992/992/992 1030/1030/1030 993/993/993
f 993/993/993 1030/1030/1030 1031/1031/1031
f 993/993/993 1031/1031/1031 994/994/994
f 994/994/994 1031/1031/1031 1032/1032/1032
f 994/994/994 1032/1032/1032 995/995/995
f 995/995/995 1032/1032/1032 1033/1033/1033
f 995/995/995 1033/1033/1033 996/996/996
f 996/996/996 1033/1033/1033 1034/1034/1034
f 996/996/996 1034/1034/1034 997/997/997
f 997/997/997 1034/1034/1034 1035/1035/1035
f 997/997/997 1035/1035/1035 998/998/998
f 998/998/998 1035/1035/1035 1036/1036/1036
f 998/998/998 1036/1036/1036 999/999/999
f 1000/1000/1000 1037/1037/1037 1038/1038/1038
f 1000/1000/1000 1038/1038/1038 1001/1001/1001
f 1001/1001/1001 1038/1038/1038 1039/1039/1039
f 1001/1001/1001 1039/1039/1039 1002/1002/1002
f 1002/1002/1002 1039/1039/1039 1040/1040/1040
f 1002/1002/1002 1040/1040/1040 1003/1003/1003
f 1003/1003/1003 1040/1040/1040 1041/1041/1041
f 1003/1003/1003 1041/1041/1041 1004/1004/1004
f 1004/1004/1004 1041/1041/1041 1042/1042/1042
f 1004/1004/1004 1042/1042/1042 1005/1005/1005
f 1005/1005/1005 1042/1042/1042 1043/1043/1043
f 1005/1005/1005 1043/1043/1043 1006/1006/1006
f 1006/1006/1006 1043/1043/1043 1044/1044/1044
f 1006/1006/1006 1044/1044/1044 1007/1007/1007
f 1007/1007/1007 1044/1044/1044 1045/1045/1045
f 1007/1007/1007 1045/1045/1045 1008/1008/1008
f 1008/1008/1008 1045/1045/1045 1046/1046/1046
f 1008/1008/1008 1046/1046/1046 1009/1009/1009
f 1009/1009/1009 1046/1046/1046 1047/1047/1047
f 1009/1009/1009 1047/1047/1047 1010/1010/1010
f 1010/1010/1010 1047/1047/1047 1048/1048/1048
f 1010/1010/1010 1048/1048/1048 1011/1011/1011
f 1011/1011/1011 1048/1048/1048 1049/1049/1049
f 1011/1011/1011 1049/1049/1049 1012/1012/1012
f 1012/1012/1012 1049/1049/1049 1050/1050/1050
f 1012/1012/1012 1050/1050/1050 1013/1013/1013
f 1013/1013/1013 1050/1050/1050 1051/1051/1051
f 1013/1013/1013 1051/1051/1051 1014/1014/1014
f 1014/1014/1014 1051/1051/1051 1052/1052/1052
f 1014/1014/1014 1052/1052/1052 1015/1015/1015
f 1015/1015/1015 1052/1052/1052 1053/1053/1053
f 1015/1015/1015 1053/1053/1053 1016/1016/1016
f 1016/1016/1016 1053/1053/1053 1054/1054/1054
f 1016/1016/1016 1054/1054/1054 1017/1017/1017
f 1017/1017/1017 1054/1054/1054 1055/1055/1055
f 1017/1017/1017 1055/1055/1055 1018/1018/1018
f 1018/1018/1018 1055/1055/1055 1056/1056/1056
f 1018/1018/1018 1056/1056/1056 1019/1019/1019
f 1019/1019/1019 1056/1056/1056 1057/1057/1057
f 1019/1019/1019 1057/1057/1057 1020/1020/1020
f 1020/1020/1020 1057/1057/1057 1058/1058/1058
f 1020/1020/1020 1058/1058/1058 1021/1021/1021
f 1021/1021/1021 1058/1058/1058 1059/1059/1059
f 1021/1021/1021 1059/1059/1059 1022/1022/1022
f 1022/1022/1022 1059/1059/1059 1060/1060/1060
f 1022/1022/1022 1060/1060/1060 1023/1023/1023
f 1023/1023/1023 1060/1060/1060 1061/1061/1061
f 1023/1023/1023 1061/1061/1061 1024/1024/1024
f 1024/1024/1024 1061/1061/1061 1062/1062/1062
f 1024/1024/1024 1062/1062/1062 1025/1025/1025
f 1025/1025/1025 1062/1062/1062 1063/1063/1063
f 1025/1025/1025 1063/1063/1063 1026/1026/1026
f 1026/1026/1026 1063/1063/1063 1064/1064/1064
f 1026/1026/1026 1064/1064/1064 1027/1027/1027
f 1027/1027/1027 1064/1064/1064 1065/1065/1065
f 1027/1027/1027 1065/1065/1065 1028/1028/1028
f 1028/1028/1028 1065/1065/1065 1066/1066/1066
f 1028/1028/1028 1066/1066/1066 1029/1029/1029
f 1029/1029/1029 1066/1066/1066 1067/1067/1067
f 1029/1029/1029 1067/1067/1067 1030/1030/1030
f 1030/1030/1030 1067/1067/1067 1068/1068/1068
f 1030/1030/1030 1068/1068/1068 1031/1031/1031
f 1031/1031/1031 1068/1068/1068 1069/1069/1069
f 1031/1031/1031 1069/1069/1069 1032/1032/1032
f 1032/1032/1032 1069/1069/1069 1070/1070/1070
f 1032/1032/1032 1070/1070/1070 1033/1033/1033
f 1033/1033/1033 1070/1070/1070 1071/1071/1071
f 1033/1033/1033 1071/1071/1071 1034/1034/1034
f 1034/1034/1034 1071/1071/1071 1072/1072/1072
f 1034/1034/1034 1072/1072/1072 1035/1035/1035
f 1035/1035/1035 1072/1072/1072 1073/1073/1073
f 1035/1035/1035 1073/1073/1073 1036/1036/1036
f 1037/1037/1037 1074/1074/1074 1075/1075/1075
f 1037/1037/1037 1075/1075/1075 1038/1038/1038
f 1038/1038/1038 1075/1075/1075 1076/1076/1076
f 1038/1038/1038 1076/1076/1076 1039/1039/1039
f 1039/1039/1039 1076/1076/1076 1077/1077/1077
f 1039/1039/1039 1077/1077/1077 1040/1040/1040
f 1040/1040/1040 1077/1077/1077 1078/1078/1078
f 1040/1040/1040 1078/1078/1078 1041/1041/1041
f 1041/1041/1041 1078/1078/1078 1079/1079/1079
f 1041/1041/1041 1079/1079/1079 1042/1042/1042
f 1042/1042/1042 1079/1079/1079 1080/1080/1080
f 1042/1042/1042 1080/1080/1080 1043/1043/1043
f 1043/1043/1043 1080/1080/1080 1081/1081/1081
f 1043/1043/1043 1081/1081/1081 1044/1044/1044
f 1044/1044/1044 1081/1081/1081 1082/1082/1082
f 1044/1044/1044 1082/1082/1082 1045/1045/1045
f 1045/1045/1045 1082/1082/1082 1083/1083/1083
f 1045/1045/1045 1083/1083/1083 1046/1046/1046
f 1046/1046/1046 1083/1083/1083 1084/1084/1084
f 1046/1046/1046 1084/1084/1084 1047/1047/1047
f 1047/1047/1047 1084/1084/1084 1085/1085/1085
f 1047/1047/1047 1085/1085/1085 1048/1048/1048
f 1048/1048/1048 1085/1085/1085 1086/1086/1086
f 1048/1048/1048 1086/1086/1086 1049/1049/1049
f 1049/1049/1049 1086/1086/1086 1087/1087/1087
f 1049/1049/1049 1087/1087/1087 1050/1050/1050
f 1050/1050/1050 1087/1087/1087 1088/1088/1088
f 1050/1050/1050 1088/1088/1088 1051/1051/1051
f 1051/1051/1051 1088/1088/1088 1089/1089/1089
f 1051/1051/1051 1089/1089/1089 1052/1052/1052
f 1052/1052/1052 1089/1089/1089 1090/1090/1090
f 1052/1052/1052 1090/1090/1090 1053/1053/1053
f 1053/1053/1053 1090/1090/1090 1091/1091/1091
f 1053/1053/1053 1091/1091/1091 1054/1054/1054
f 1054/1054/1054 1091/1091/1091 1092/1092/1092
f 1054/1054/1054 1092/1092/1092 1055/1055/1055
f 1055/1055/1055 1092/1092/1092 1093/1093/1093
f 1055/1055/1055 1093/1093/1093 1056/1056/1056
f 1056/1056/1056 1093/1093/1093 1094/1094/1094
f 1056/1056/1056 1094/1094/1094 1057/1057/1057
f 1057/1057/1057 1094/1094/1094 1095/1095/1095
f 1057/1057/1057 1095/1095/1095 1058/1058/1058
f 1058/1058/1058 1095/1095/1095 1096/1096/1096
f 1058/1058/1058 1096/1096/1096 1059/1059/1059
f 1059/1059/1059 1096/1096/1096 1097/1097/1097
f 1059/1059/1059 1097/1097/1097 1060/1060/1060
f 1060/1060/1060 1097/1097/1097 1098/1098/1098
f 1060/1060/1060 1098/1098/1098 1061/1061/1061
f 1061/1061/1061 1098/1098/1098 1099/1099/1099
f 1061/1061/1061 1099/1099/1099 1062/1062/1062
f 1062/1062/1062 1099/1099/1099 1100/1100/1100
f 1062/1062/1062 1100/1100/1100 1063/1063/1063
f 1063/1063/1063 1100/1100/1100 1101/1101/1101
f 1063/1063/1063 1101/1101/1101 1064/1064/1064
f 1064/1064/1064 1101/1101/1101 1102/1102/1102
f 1064/1064/1064 1102/1102/1102 1065/1065/1065
f 1065/1065/1065 1102/1102/1102 1103/1103/1103
f 1065/1065/1065 1103/1103/1103 1066/1066/1066
f 1066/1066/1066 1103/1103/1103 1104/1104/1104
f 1066/1066/1066 1104/1104/1104 1067/1067/1067
f 1067/1067/1067 1104/1104/1104 1105/1105/1105
f 1067/1067/1067 1105/1105/1105 1068/1068/1068
f 1068/1068/1068 1105/1105/1105 1106/1106/1106
f 1068/1068/1068 1106/1106/1106 1069/1069/1069
f 1069/1069/1069 1106/1106/1106 1107/1107/1107
f 1069/1069/1069 1107/1107/1107 1070/1070/1070
f 1070/1070/1070 1107/1107/1107 1108/1108/1108
f 1070/1070/1070 1108/1108/1108 1071/1071/1071
f 1071/1071/1071 1108/1108/1108 1109/1109/1109
f 1071/1071/1071 1109/1109/1109 1072/1072/1072
f 1072/1072/1072 1109/1109/1109 1110/1110/1110
f 1072/1072/1072 1110/1110/1110 1073/1073/1073
f 1074/1074/1074 1111/1111/1111 1112/1112/1112
f 1074/1074/1074 1112/1112/1112 1075/1075/1075
f 1075/1075/1075 1112/1112/1112 1113/1113/1113
f 1075/1075/1075 1113/1113/1113 1076/1076/1076
f 1076/1076/1076 1113/1113/1113 1114/1114/1114
f 1076/1076/1076 1114/1114/1114 1077/1077/1077
f 1077/1077/1077 1114/1114/1114 1115/1115/1115
f 1077/1077/1077 1115/1115/1115 1078/1078/1078
f 1078/1078/1078 1115/1115/1115 1116/1116/1116
f 1078/1078/1078 1116/1116/1116 1079/1079/1079
f 1079/1079/1079 1116/1116/1116 1117/1117/1117
f 1079/1079/1079 1117/1117/1117 1080/1080/1080
f 1080/1080/1080 1117/1117/1117 1118/1118/1118
f 1080/1080/1080 1118/1118/1118 1081/1081/1081
f 1081/1081/1081 1118/1118/1118 1119/1119/1119
f 1081/1081/1081 1119/1119/1119 1082/1082/1082
f 1082/1082/1082 1119/1119/1119 1120/1120/1120
f 1082/1082/1082 1120/1120/1120 1083/1083/1083
f 1083/1083/1083 1120/1120/1120 1121/1121/1121
f 1083/1083/1083 1121/1121/1121 1084/1084/1084
f 1084/1084/1084 1121/1121/1121 1122/1122/1122
f 1084/1084/1084 1122/1122/1122 1085/1085/1085
f 1085/1085/1085 1122/1122/1122 1123/1123/1123
f 1085/1085/1085 1123/1123/1123 1086/1086/1086
f 1086/1086/1086 1123/1123/1123 1124/1124/1124
f 1086/1086/1086 1124/1124/1124 1087/1087/1087
f 1087/1087/1087 1124/1124/1124 1125/1125/1125
f 1087/1087/1087 1125/1125/1125 1088/1088/1088
f 1088/1088/1088 1125/1125/1125 1126/1126/1126
f 1088/1088/1088 1126/1126/1126 1089/1089/1089
f 1089/1089/1089 1126/1126/1126 1127/1127/1127
f 1089/1089/1089 1127/1127/1127 1090/1090/1090
f 1090/1090/1090 1127/1127/1127 1128/1128/1128
f 1090/1090/1090 1128/1128/1128 1091/1091/1091
f 1091/1091/1091 1128/1128/1128 1129/1129/1129
f 1091/1091/1091 1129/1129/1129 1092/1092/1092
f 1092/1092/1092 1129/1129/1129 1130/1130/1130
f 1092/1092/1092 1130/1130/1130 1093/1093/1093
f 1093/1093/1093 1130/1130/1130 1131/1131/1131
f 1093/1093/1093 1131/1131/1131 1094/1094/1094
f 1094/1094/1094 1131/1131/1131 1132/1132/1132
f 1094/1094/1094 1132/1132/1132 1095/1095/1095
f 1095/1095/1095 1132/1132/1132 1133/1133/1133
f 1095/1095/1095 1133/1133/1133 1096/1096/1096
f 1096/1096/1096 1133/1133/1133 1134/1134/1134
f 1096/1096/1096 1134/1134/1134 1097/1097/1097
f 1097/1097/1097 1134/1134/1134 1135/1135/1135
f 1097/1097/1097 1135/1135/1135 1098/1098/1098
f 1098/1098/1098 1135/1135/1135 1136/1136/1136
f 1098/1098/1098 1136/1136/1136 1099/1099/1099
f 1099/1099/1099 1136/1136/1136 1137/1137/1137
f 1099/1099/1099 1137/1137/1137 1100/1100/1100
f 1100/1100/1100 1137/1137/1137 1138/1138/1138
f 1100/1100/1100 1138/1138/1138 1101/1101/1101
f 1101/1101/1101 1138/1138/1138 1139/1139/1139
f 1101/1101/1101 1139/1139/1139 1102/1102/1102
f 1102/1102/1102 1139/1139/1139 1140/1140/1140
f 1102/1102/1102 1140/1140/1140 1103/1103/1103
f 1103/1103/1103 1140/1140/1140 1141/1141/1141
f 1103/1103/1103 1141/1141/1141 1104/1104/1104
f 1104/1104/1104 1141/1141/1141 1142/1142/1142
f 1104/1104/1104 1142/1142/1142 1105/1105/1105
f 1105/1105/1105 1142/1142/1142 1143/1143/1143
f 1105/1105/1105 1143/1143/1143 1106/1106/1106
f 1106/1106/1106 1143/1143/1143 1144/1144/1144
f 1106/1106/1106 1144/1144/1144 1107/1107/1107
f 1107/1107/1107 1144/1144/1144 1145/1145/1145
f 1107/1107/1107 1145/1145/1145 1108/1108/1108
f 1108/1108/1108 1145/1145/1145 1146/1146/1146
f 1108/1108/1108 1146/1146/1146 1109/1109/1109
f 1109/1109/1109 1146/1146/1146 1147/1147/1147
f 1109/1109/1109 1147/1147/1147 1110/1110/1110
f 1111/1111/1111 1148/1148/1148 1149/1149/1149
f 1111/1111/1111 1149/1149/1149 1112/1112/1112
f 1112/1112/1112 1149/1149/1149 1150/1150/1150
f 1112/1112/1112 1150/1150/1150 1113/1113/1113
f 1113/1113/1113 1150/1150/1150 1151/1151/1151
f 1113/1113/1113 1151/1151/1151 1114/1114/1114
f 1114/1114/1114 1151/1151/1151 1152/1152/1152
f 1114/1114/1114 1152/1152/1152 1115/1115/1115
f 1115/1115/1115 1152/1152/1152 1153/1153/1153
f 1115/1115/1115 1153/1153/1153 1116/1116/1116
f 1116/1116/1116 1153/1153/1153 1154/1154/1154
f 1116/1116/1116 1154/1154/1154 1117/1117/1117
f 1117/1117/1117 1154/1154/1154 1155/1155/1155
f 1117/1117/1117 1155/1155/1155 1118/1118/1118
f 1118/1118/1118 1155/1155/1155 1156/1156/1156
f 1118/1118/1118 1156/1156/1156 1119/1119/1119
f 1119/1119/1119 1156/1156/1156 1157/1157/1157
f 1119/1119/1119 1157/1157/1157 1120/1120/1120
f 1120/1120/1120 1157/1157/1157 1158/1158/1158
f 1120/1120/1120 1158/1158/1158 1121/1121/1121
f 1121/1121/1121 1158/1158/1158 1159/1159/1159
f 1121/1121/1121 1159/1159/1159 1122/1122/1122
f 1122/1122/1122 1159/1159/1159 1160/1160/1160
f 1122/1122/1122 1160/1160/1160 1123/1123/1123
f 1123/1123/1123 1160/1160/1160 1161/1161/1161
f 1123/1123/1123 1161/1161/1161 1124/1124/1124
f 1124/1124/1124 1161/1161/1161 1162/1162/1162
f 1124/1124/1124 1162/1162/1162 1125/1125/1125
f 1125/1125/1125 1162/1162/1162 1163/1163/1163
f 1125/1125/1125 1163/1163/1163 1126/1126/1126
f 1126/1126/1126 1163/1163/1163 1164/1164/1164
f 1126/1126/1126 1164/1164/1164 1127/1127/1127
f 1127/1127/1127 1164/1164/1164 1165/1165/1165
f 1127/1127/1127 1165/1165/1165 1128/1128/1128
f 1128/1128/1128 1165/1165/1165 1166/1166/1166
f 1128/1128/1128 1166/1166/1166 1129/1129/1129
f 1129/1129/1129 1166/1166/1166 1167/1167/1167
f 1129/1129/1129 1167/1167/1167 1130/1130/1130
f 1130/1130/1130 1167/1167/1167 1168/1168/1168
f 1130/1130/1130 1168/1168/1168 1131/1131/1131
f 1131/1131/1131 1168/1168/1168 1169/1169/1169
f 1131/1131/1131 1169/1169/1169 1132/1132/1132
f 1132/1132/1132 1169/1169/1169 1170/1170/1170
f 1132/1132/1132 1170/1170/1170 1133/1133/1133
f 1133/1133/1133 1170/1170/1170 1171/1171/1171
f 1133/1133/1133 1171/1171/1171 1134/1134/1134
f 1134/1134/1134 1171/1171/1171 1172/1172/1172
f 1134/1134/1134 1172/1172/1172 1135/1135/1135
f 1135/1135/1135 1172/1172/1172 1173/1173/1173
f 1135/1135/1135 1173/1173/1173 1136/1136/1136
f 1136/1136/1136 1173/1173/1173 1174/1174/1174
f 1136/1136/1136 1174/1174/1174 1137/1137/1137
f 1137/1137/1137 1174/1174/1174 1175/1175/1175
f 1137/1137/1137 1175/1175/1175 1138/1138/1138
f 1138/1138/1138 1175/1175/1175 1176/1176/1176
f 1138/1138/1138 1176/1176/1176 1139/1139/1139
f 1139/1139/1139 1176/1176/1176 1177/1177/1177
f 1139/1139/1139 1177/1177/1177 1140/1140/1140
f 1140/1140/1140 1177/1177/1177 1178/1178/1178
f 1140/1140/1140 1178/1178/1178 1141/1141/1141
f 1141/1141/1141 1178/1178/1178 1179/1179/1179
f 1141/1141/1141 1179/1179/1179 1142/1142/1142
f 1142/1142/1142 1179/1179/1179 1180/1180/1180
f 1142/1142/1142 1180/1180/1180 1143/1143/1143
f 1143/1143/1143 1180/1180/1180 1181/1181/1181
f 1143/1143/1143 1181/1181/1181 1144/1144/1144
f 1144/1144/1144 1181/1181/1181 1182/1182/1182
f 1144/1144/1144 1182/1182/1182 1145/1145/1145
f 1145/1145/1145 1182/1182/1182 1183/1183/1183
f 1145/1145/1145 1183/1183/1183 1146/1146/1146
f 1146/1146/1146 1183/1183/1183 1184/1184/1184
f 1146/1146/1146 1184/1184/1184 1147/1147/1147
f 1148/1148/1148 1185/1185/1185 1186/1186/1186
f 1148/1148/1148 1186/1186/1186 1149/1149/1149
f 1149/1149/1149 1186/1186/1186 1187/1187/1187
f 1149/1149/1149 1187/1187/1187 1150/1150/1150
f 1150/1150/1150 1187/1187/1187 1188/1188/1188
f 1150/1150/1150 1188/1188/1188 1151/1151/1151
f 1151/1151/1151 1188/1188/1188 1189/1189/1189
f 1151/1151/1151 1189/1189/1189 1152/1152/1152
f 1152/1152/1152 1189/1189/1189 1190/1190/1190
f 1152/1152/1152 1190/1190/1190 1153/1153/1153
f 1153/1153/1153 1190/1190/1190 1191/1191/1191
f 1153/1153/1153 1191/1191/1191 1154/1154/1154
f 1154/1154/1154 1191/1191/1191 1192/1192/1192
f 1154/1154/1154 1192/1192/1192 1155/1155/1155
f 1155/1155/1155 1192/1192/1192 1193/1193/1193
f 1155/1155/1155 1193/1193/1193 1156/1156/1156
f 1156/1156/1156 1193/1193/1193 1194/1194/1194
f 1156/1156/1156 1194/1194/1194 1157/1157/1157
f 1157/1157/1157 1194/1194/1194 1195/1195/1195
f 1157/1157/1157 1195/1195/1195 1158/1158/1158
f 1158/1158/1158 1195/1195/1195 1196/1196/1196
f 1158/1158/1158 1196/1196/1196 1159/1159/1159
f 1159/1159/1159 1196/1196/1196 1197/1197/1197
f 1159/1159/1159 1197/1197/1197 1160/1160/1160
f 1160/1160/1160 1197/1197/1197 1198/1198/1198
f 1160/1160/1160 1198/1198/1198 1161/1161/1161
f 1161/1161/1161 1198/1198/1198 1199/1199/1199
f 1161/1161/1161 1199/1199/1199 1162/1162/1162
f 1162/1162/1162 1199/1199/1199 1200/1200/1200
f 1162/1162/1162 1200/1200/1200 1163/1163/1163
f 1163/1163/1163 1200/1200/1200 1201/1201/1201
f 1163/1163/1163 1201/1201/1201 1164/1164/1164
f 1164/1164/1164 1201/1201/1201 1202/1202/1202
f 1164/1164/1164 1202/1202/1202 1165/1165/1165
f 1165/1165/1165 1202/1202/1202 1203/1203/1203
f 1165/1165/1165 1203/1203/1203 1166/1166/1166
f 1166/1166/1166 1203/1203/1203 1204/1204/1204
f 1166/1166/1166 1204/1204/1204 1167/1167/1167
f 1167/1167/1167 1204/1204/1204 1205/1205/1205
f 1167/1167/1167 1205/1205/1205 1168/1168/1168
f 1168/1168/1168 1205/1205/1205 1206/1206/1206
f 1168/1168/1168 1206/1206/1206 1169/1169/1169
f 1169/1169/1169 1206/1206/1206 1207/1207/1207
f 1169/1169/1169 1207/1207/1207 1170/1170/1170
f 1170/1170/1170 1207/1207/1207 1208/1208/1208
f 1170/1170/1170 1208/1208/1208 1171/1171/1171
f 1171/1171/1171 1208/1208/1208 1209/1209/1209
f 1171/1171/1171 1209/1209/1209 1172/1172/1172
f 1172/1172/1172 1209/1209/1209 1210/1210/1210
f 1172/1172/1172 1210/1210/1210 1173/1173/1173
f 1173/1173/1173 1210/1210/1210 1211/1211/1211
f 1173/1173/1173 1211/1211/1211 1174/1174/1174
f 1174/1174/1174 1211/1211/1211 1212/1212/1212
f 1174/1174/1174 1212/1212/1212 1175/1175/1175
f 1175/1175/1175 1212/1212/1212 1213/1213/1213
f 1175/1175/1175 1213/1213/1213 1176/1176/1176
f 1176/1176/1176 1213/1213/1213 1214/1214/1214
f 1176/1176/1176 1214/1214/1214 1177/1177/1177
f 1177/1177/1177 1214/1214/1214 1215/1215/1215
f 1177/1177/1177 1215/1215/1215 1178/1178/1178
f 1178/1178/1178 1215/1215/1215 1216/1216/1216
f 1178/1178/1178 1216/1216/1216 1179/1179/1179
f 1179/1179/1179 1216/1216/1216 1217/1217/1217
f 1179/1179/1179 1217/1217/1217 1180/1180/1180
f 1180/1180/1180 1217/1217/1217 1218/1218/1218
f 1180/1180/1180 1218/1218/1218 1181/1181/1181
f 1181/1181/1181 1218/1218/1218 1219/1219/1219
f 1181/1181/1181 1219/1219/1219 1182/1182/1182
f 1182/1182/1182 1219/1219/1219 1220/1220/1220
f 1182/1182/1182 1220/1220/1220 1183/1183/1183
f 1183/1183/1183 1220/1220/1220 1221/1221/1221
f 1183/1183/1183 1221/1221/1221 1184/1184/1184
f 1185/1185/1185 1222/1222/1222 1223/1223/1223
f 1185/1185/1185 1223/1223/1223 1186/1186/1186
f 1186/1186/1186 1223/1223/1223 1224/1224/1224
f 1186/1186/1186 1224/1224/1224 1187/1187/1187
f 1187/1187/1187 1224/1224/1224 1225/1225/1225
f 1187/1187/1187 1225/1225/1225 1188/1188/1188
f 1188/1188/1188 1225/1225/1225 1226/1226/1226
f 1188/1188/1188 1226/1226/1226 1189/1189/1189
f 1189/1189/1189 1226/1226/1226 1227/1227/1227
f 1189/1189/1189 1227/1227/1227 1190/1190/1190
f 1190/1190/1190 1227/1227/1227 1228/1228/1228
f 1190/1190/1190 1228/1228/1228 1191/1191/1191
f 1191/1191/1191 1228/1228/1228 1229/1229/1229
f 1191/1191/1191 1229/1229/1229 1192/1192/1192
f 1192/1192/1192 1229/1229/1229 1230/1230/1230
f 1192/1192/1192 1230/1230/1230 1193/1193/1193
f 1193/1193/1193 1230/1230/1230 1231/1231/1231
f 1193/1193/1193 1231/1231/1231 1194/1194/1194
f 1194/1194/1194 1231/1231/1231 1232/1232/1232
f 1194/1194/1194 1232/1232/1232 1195/1195/1195
f 1195/1195/1195 1232/1232/1232 1233/1233/1233
f 1195/1195/1195 1233/1233/1233 1196/1196/1196
f 1196/1196/1196 1233/1233/1233 1234/1234/1234
f 1196/1196/1196 1234/1234/1234 1197/1197/1197
f 1197/1197/1197 1234/1234/1234 1235/1235/1235
f 1197/1197/1197 1235/1235/1235 1198/1198/1198
f 1198/1198/1198 1235/1235/1235 1236/1236/1236
f 1198/1198/1198 1236/1236/1236 1199/1199/1199
f 1199/1199/1199 1236/1236/1236 1237/1237/1237
f 1199/1199/1199 1237/1237/1237 1200/1200/1200
f 1200/1200/1200 1237/1237/1237 1238/1238/1238
f 1200/1200/1200 1238/1238/1238 1201/1201/1201
f 1201/1201/1201 1238/1238/1238 1239/1239/1239
f 1201/1201/1201 1239/1239/1239 1202/1202/1202
f 1202/1202/1202 1239/1239/1239 1240/1240/1240
f 1202/1202/1202 1240/1240/1240 1203/1203/1203
f 1203/1203/1203 1240/1240/1240 1241/1241/1241
f 1203/1203/1203 1241/1241/1241 1204/1204/1204
f 1204/1204/1204 1241/1241/1241 1242/1242/1242
f 1204/1204/1204 1242/1242/1242 1205/1205/1205
f 1205/1205/1205 1242/1242/1242 1243/1243/1243
f 1205/1205/1205 1243/1243/1243 1206/1206/1206
f 1206/1206/1206 1243/1243/1243 1244/1244/1244
f 1206/1206/1206 1244/1244/1244 1207/1207/1207
f 1207/1207/1207 1244/1244/1244 1245/1245/1245
f 1207/1207/1207 1245/1245/1245 1208/1208/1208
f 1208/1208/1208 1245/1245/1245 1246/1246/1246
f 1208/1208/1208 1246/1246/1246 1209/1209/1209
f 1209/1209/1209 1246/1246/1246 1247/1247/1247
f 1209/1209/1209 1247/1247/1247 1210/1210/1210
f 1210/1210/1210 1247/1247/1247 1248/1248/1248
f 1210/1210/1210 1248/1248/1248 1211/1211/1211
f 1211/1211/1211 1248/1248/1248 1249/1249/1249
f 1211/1211/1211 1249/1249/1249 1212/1212/1212
f 1212/1212/1212 1249/1249/1249 1250/1250/1250
f 1212/1212/1212 1250/1250/1250 1213/1213/1213
f 1213/1213/1213 1250/1250/1250 1251/1251/1251
f 1213/1213/1213 1251/1251/1251 1214/1214/1214
f 1214/1214/1214 1251/1251/1251 1252/1252/1252
f 1214/1214/1214 1252/1252/1252 1215/1215/1215
f 1215/1215/1215 1252/1252/1252 1253/1253/1253
f 1215/1215/1215 1253/1253/1253 1216/1216/1216
f 1216/1216/1216 1253/1253/1253 1254/1254/1254
f 1216/1216/1216 1254/1254/1254 1217/1217/1217
f 1217/1217/1217 1254/1254/1254 1255/1255/1255
f 1217/1217/1217 1255/1255/1255 1218/1218/1218
f 1218/1218/1218 1255/1255/1255 1256/1256/1256
f 1218/1218/1218 1256/1256/1256 1219/1219/1219
f 1219/1219/1219 1256/1256/1256 1257/1257/1257
f 1219/1219/1219 1257/1257/1257 1220/1220/1220
f 1220/1220/1220 1257/1257/1257 1258/1258/1258
f 1220/1220/1220 1258/1258/1258 1221/1221/1221
f 1222/1222/1222 1259/1259/1259 1260/1260/1260
f 1222/1222/1222 1260/1260/1260 1223/1223/1223
f 1223/1223/1223 1260/1260/1260 1261/1261/1261
f 1223/1223/1223 1261/1261/1261 1224/1224/1224
f 1224/1224/1224 1261/1261/1261 1262/1262/1262
f 1224/1224/1224 1262/1262/1262 1225/1225/1225
f 1225/1225/1225 1262/1262/1262 1263/1263/1263
f 1225/1225/1225 1263/1263/1263 1226/1226/1226
f 1226/1226/1226 1263/1263/1263 1264/1264/1264
f 1226/1226/1226 1264/1264/1264 1227/1227/1227
f 1227/1227/1227 1264/1264/1264 1265/1265/1265
f 1227/1227/1227 1265/1265/1265 1228/1228/1228
f 1228/1228/1228 1265/1265/1265 1266/1266/1266
f 1228/1228/1228 1266/1266/1266 1229/1229/1229
f 1229/1229/1229 1266/1266/1266 1267/1267/1267
f 1229/1229/1229 1267/1267/1267 1230/1230/1230
f 1230/1230/1230 1267/1267/1267 1268/1268/1268
f 1230/1230/1230 1268/1268/1268 1231/1231/1231
f 1231/1231/1231 1268/1268/1268 1269/1269/1269
f 1231/1231/1231 1269/1269/1269 1232/1232/1232
f 1232/1232/1232 1269/1269/1269 1270/1270/1270
f 1232/1232/1232 1270/1270/1270 1233/1233/1233
f 1233/1233/1233 1270/1270/1270 1271/1271/1271
f 1233/1233/1233 1271/1271/1271 1234/1234/1234
f 1234/1234/1234 1271/1271/1271 1272/1272/1272
f 1234/1234/1234 1272/1272/1272 1235/1235/1235
f 1235/1235/1235 1272/1272/1272 1273/1273/1273
f 1235/1235/1235 1273/1273/1273 1236/1236/1236
f 1236/1236/1236 1273/1273/1273 1274/1274/1274
f 1236/1236/1236 1274/1274/1274 1237/1237/1237
f 1237/1237/1237 1274/1274/1274 1275/1275/1275
f 1237/1237/1237 1275/1275/1275 1238/1238/1238
f 1238/1238/1238 1275/1275/1275 1276/1276/1276
f 1238/1238/1238 1276/1276/1276 1239/1239/1239
f 1239/1239/1239 1276/1276/1276 1277/1277/1277
f 1239/1239/1239 1277/1277/1277 1240/1240/1240
f 1240/1240/1240 1277/1277/1277 1278/1278/1278
f 1240/1240/1240 1278/1278/1278 1241/1241/1241
f 1241/1241/1241 1278/1278/1278 1279/1279/1279
f 1241/1241/1241 1279/1279/1279 1242/1242/1242
f 1242/1242/1242 1279/1279/1279 1280/1280/1280
f 1242/1242/1242 1280/1280/1280 1243/1243/1243
f 1243/1243/1243 1280/1280/1280 1281/1281/1281
f 1243/1243/1243 1281/1281/1281 1244/1244/1244
f 1244/1244/1244 1281/1281/1281 1282/1282/1282
f 1244/1244/1244 1282/1282/1282 1245/1245/1245
f 1245/1245/1245 1282/1282/1282 1283/1283/1283
f 1245/1245/1245 1283/1283/1283 1246/1246/1246
f 1246/1246/1246 1283/1283/1283 1284/1284/1284
f 1246/1246/1246 1284/1284/1284 1247/1247/1247
f 1247/1247/1247 1284/1284/1284 1285/1285/1285
f 1247/1247/1247 1285/1285/1285 1248/1248/1248
f 1248/1248/1248 1285/1285/1285 1286/1286/1286
f 1248/1248/1248 1286/1286/1286 1249/1249/1249
f 1249/1249/1249 1286/1286/1286 1287/1287/1287
f 1249/1249/1249 1287/1287/1287 1250/1250/1250
f 1250/1250/1250 1287/1287/1287 1288/1288/1288
f 1250/1250/1250 1288/1288/1288 1251/1251/1251
f 1251/1251/1251 1288/1288/1288 1289/1289/1289
f 1251/1251/1251 1289/1289/1289 1252/1252/1252
f 1252/1252/1252 1289/1289/1289 1290/1290/1290
f 1252/1252/1252 1290/1290/1290 1253/1253/1253
f 1253/1253/1253 1290/1290/1290 1291/1291/1291
f 1253/1253/1253 1291/1291/1291 1254/1254/1254
f 1254/1254/1254 1291/1291/1291 1292/1292/1292
f 1254/1254/1254 1292/1292/1292 1255/1255/1255
f 1255/1255/1255 1292/1292/1292 1293/1293/1293
f 1255/1255/1255 1293/1293/1293 1256/1256/1256
f 1256/1256/1256 1293/1293/1293 1294/1294/1294
f 1256/1256/1256 1294/1294/1294 1257/1257/1257
f 1257/1257/1257 1294/1294/1294 1295/1295/1295
f 1257/1257/1257 1295/1295/1295 1258/1258/1258
f 1259/1259/1259 1296/1296/1296 1297/1297/1297
f 1259/1259/1259 1297/1297/1297 1260/1260/1260
f 1260/1260/1260 1297/1297/1297 1298/1298/1298
f 1260/1260/1260 1298/1298/1298 1261/1261/1261
f 1261/1261/1261 1298/1298/1298 1299/1299/1299
f 1261/1261/1261 1299/1299/1299 1262/1262/1262
f 1262/1262/1262 1299/1299/1299 1300/1300/1300
f 1262/1262/1262 1300/1300/1300 1263/1263/1263
f 1263/1263/1263 1300/1300/1300 1301/1301/1301
f 1263/1263/1263 1301/1301/1301 1264/1264/1264
f 1264/1264/1264 1301/1301/1301 1302/1302/1302
f 1264/1264/1264 1302/1302/1302 1265/1265/1265
f 1265/1265/1265 1302/1302/1302 1303/1303/1303
f 1265/1265/1265 1303/1303/1303 1266/1266/1266
f 1266/1266/1266 1303/1303/1303 1304/1304/1304
f 1266/1266/1266 1304/1304/1304 1267/1267/1267
f 1267/1267/1267 1304/1304/1304 1305/1305/1305
f 1267/1267/1267 1305/1305/1305 1268/1268/1268
f 1268/1268/1268 1305/1305/1305 1306/1306/1306
f 1268/1268/1268 1306/1306/1306 1269/1269/1269
f 1269/1269/1269 1306/1306/1306 1307/1307/1307
f 1269/1269/1269 1307/1307/1307 1270/1270/1270
f 1270/1270/1270 1307/1307/1307 1308/1308/1308
f 1270/1270/1270 1308/1308/1308 1271/1271/1271
f 1271/1271/1271 1308/1308/1308 1309/1309/1309
f 1271/1271/1271 1309/1309/1309 1272/1272/1272
f 1272/1272/1272 1309/1309/1309 1310/1310/1310
f 1272/1272/1272 1310/1310/1310 1273/1273/1273
f 1273/1273/1273 1310/1310/1310 1311/1311/1311
f 1273/1273/1273 1311/1311/1311 1274/1274/1274
f 1274/1274/1274 1311/1311/1311 1312/1312/1312
f 1274/1274/1274 1312/1312/1312 1275/1275/1275
f 1275/1275/1275 1312/1312/1312 1313/1313/1313
f 1275/1275/1275 1313/1313/1313 1276/1276/1276
f 1276/1276/1276 1313/1313/1313 1314/1314/1314
f 1276/1276/1276 1314/1314/1314 1277/1277/1277
f 1277/1277/1277 1314/1314/1314 1315/1315/1315
f 1277/1277/1277 1315/1315/1315 1278/1278/1278
f 1278/1278/1278 1315/1315/1315 1316/1316/1316
f 1278/1278/1278 1316/1316/1316 1279/1279/1279
f 1279/1279/1279 1316/1316/1316 1317/1317/1317
f 1279/1279/1279 1317/1317/1317 1280/1280/1280
f 1280/1280/1280 1317/1317/1317 1318/1318/1318
f 1280/1280/1280 1318/1318/1318 1281/1281/1281
f 1281/1281/1281 1318/1318/1318 1319/1319/1319
f 1281/1281/1281 1319/1319/1319 1282/1282/1282
f 1282/1282/1282 1319/1319/1319 1320/1320/1320
f 1282/1282/1282 1320/1320/1320 1283/1283/1283
f 1283/1283/1283 1320/1320/1320 1321/1321/1321
f 1283/1283/1283 1321/1321/1321 1284/1284/1284
f 1284/1284/1284 1321/1321/1321 1322/1322/1322
f 1284/1284/1284 1322/1322/1322 1285/1285/1285
f 1285/1285/1285 1322/1322/1322 1323/1323/1323
f 1285/1285/1285 1323/1323/1323 1286/1286/1286
f 1286/1286/1286 1323/1323/1323 1324/1324/1324
f 1286/1286/1286 1324/1324/1324 1287/1287/1287
f 1287/1287/1287 1324/1324/1324 1325/1325/1325
f 1287/1287/1287 1325/1325/1325 1288/1288/1288
f 1288/1288/1288 1325/1325/1325 1326/1326/1326
f 1288/1288/1288 1326/1326/1326 1289/1289/1289
f 1289/1289/1289 1326/1326/1326 1327/1327/1327
f 1289/1289/1289 1327/1327/1327 1290/1290/1290
f 1290/1290/1290 1327/1327/1327 1328/1328/1328
f 1290/1290/1290 1328/1328/1328 1291/1291/1291
f 1291/1291/1291 1328/1328/1328 1329/1329/1329
f 1291/1291/1291 1329/1329/1329 1292/1292/1292
f 1292/1292/1292 1329/1329/1329 1330/1330/1330
f 1292/1292/1292 1330/1330/1330 1293/1293/1293
f 1293/1293/1293 1330/1330/1330 1331/1331/1331
f 1293/1293/1293 1331/1331/1331 1294/1294/1294
f 1294/1294/1294 1331/1331/1331 1332/1332/1332
f 1294/1294/1294 1332/1332/1332 1295/1295/1295
f 1296/1296/1296 1333/1333/1333 1334/1334/1334
f 1296/1296/1296 1334/1334/1334 1297/1297/1297
f 1297/1297/1297 1334/1334/1334 1335/1335/1335
f 1297/1297/1297 1335/1335/1335 1298/1298/1298
f 1298/1298/1298 1335/1335/1335 1336/1336/1336
f 1298/1298/1298 1336/1336/1336 1299/1299/1299
f 1299/1299/1299 1336/1336/1336 1337/1337/1337
f 1299/1299/1299 1337/1337/1337 1300/1300/1300
f 1300/1300/1300 1337/1337/1337 1338/1338/1338
f 1300/1300/1300 1338/1338/1338 1301/1301/1301
f 1301/1301/1301 1338/1338/1338 1339/1339/1339
f 1301/1301/1301 1339/1339/1339 1302/1302/1302
f 1302/1302/1302 1339/1339/1339 1340/1340/1340
f 1302/1302/1302 1340/1340/1340 1303/1303/1303
f 1303/1303/1303 1340/1340/1340 1341/1341/1341
f 1303/1303/1303 1341/1341/1341 1304/1304/1304
f 1304/1304/1304 1341/1341/1341 1342/1342/1342
f 1304/1304/1304 1342/1342/1342 1305/1305/1305
f 1305/1305/1305 1342/1342/1342 1343/1343/1343
f 1305/1305/1305 1343/1343/1343 1306/1306/1306
f 1306/1306/1306 1343/1343/1343 1344/1344/1344
f 1306/1306/1306 1344/1344/1344 1307/1307/1307
f 1307/1307/1307 1344/1344/1344 1345/1345/1345
f 1307/1307/1307 1345/1345/1345 1308/1308/1308
f 1308/1308/1308 1345/1345/1345 1346/1346/1346
f 1308/1308/1308 1346/1346/1346 1309/1309/1309
f 1309/1309/1309 1346/1346/1346 1347/1347/1347
f 1309/1309/1309 1347/1347/1347 1310/1310/1310
f 1310/1310/1310 1347/1347/1347 1348/1348/1348
f 1310/1310/1310 1348/1348/1348 1311/1311/1311
f 1311/1311/1311 1348/1348/1348 1349/1349/1349
f 1311/1311/1311 1349/1349/1349 1312/1312/1312
f 1312/1312/1312 1349/1349/1349 1350/1350/1350
f 1312/1312/1312 1350/1350/1350 1313/1313/1313
f 1313/1313/1313 1350/1350/1350 1351/1351/1351
f 1313/1313/1313 1351/1351/1351 1314/1314/1314
f 1314/1314/1314 1351/1351/1351 1352/1352/1352
f 1314/1314/1314 1352/1352/1352 1315/1315/1315
f 1315/1315/1315 1352/1352/1352 1353/1353/1353
f 1315/1315/1315 1353/1353/1353 1316/1316/1316
f 1316/1316/1316 1353/1353/1353 1354/1354/1354
f 1316/1316/1316 1354/1354/1354 1317/1317/1317
f 1317/1317/1317 1354/1354/1354 1355/1355/1355
f 1317/1317/1317 1355/1355/1355 1318/1318/1318
f 1318/1318/1318 1355/1355/1355 1356/1356/1356
f 1318/1318/1318 1356/1356/1356 1319/1319/1319
f 1319/1319/1319 1356/1356/1356 1357/1357/1357
f 1319/1319/1319 1357/1357/1357 1320/1320/1320
f 1320/1320/1320 1357/1357/1357 1358/1358/1358
f 1320/1320/1320 1358/1358/1358 1321/1321/1321
f 1321/1321/1321 1358/1358/1358 1359/1359/1359
f 1321/1321/1321 1359/1359/1359 1322/1322/1322
f 1322/1322/1322 1359/1359/1359 1360/1360/1360
f 1322/1322/1322 1360/1360/1360 1323/1323/1323
f 1323/1323/1323 1360/1360/1360 1361/1361/1361
f 1323/1323/1323 1361/1361/1361 1324/1324/1324
f 1324/1324/1324 1361/1361/1361 1362/1362/1362
f 1324/1324/1324 1362/1362/1362 1325/1325/1325
f 1325/1325/1325 1362/1362/1362 1363/1363/1363
f 1325/1325/1325 1363/1363/1363 1326/1326/1326
f 1326/1326/1326 1363/1363/1363 1364/1364/1364
f 1326/1326/1326 1364/1364/1364 1327/1327/1327
f 1327/1327/1327 1364/1364/1364 1365/1365/1365
f 1327/1327/1327 1365/1365/1365 1328/1328/1328
f 1328/1328/1328 1365/1365/1365 1366/1366/1366
f 1328/1328/1328 1366/1366/1366 1329/1329/1329
f 1329/1329/1329 1366/1366/1366 1367/1367/1367
f 1329/1329/1329 1367/1367/1367 1330/1330/1330
f 1330/1330/1330 1367/1367/1367 1368/1368/1368
f 1330/1330/1330 1368/1368/1368 1331/1331/1331
f 1331/1331/1331 1368/1368/1368 1369/1369/1369
f 1331/1331/1331 1369/1369/1369 1332/1332/1332
