# Generated sky cornice; visual geometry only.
s 1
v 16.128817 -4.322847 -64.677319
v 16.273981 -2.753118 -64.708027
v 16.505018 -0.338355 -64.756901
v 16.613380 2.389611 -64.779825
v 16.390522 4.888986 -64.732681
v 15.758750 7.079479 -64.599034
v 14.836650 9.163907 -64.403970
v 13.710092 11.015954 -64.165654
v 12.464950 12.507997 -63.902253
v 11.048064 13.566899 -63.602520
v 9.438988 14.196912 -63.262131
v 7.772665 14.392346 -62.909632
v 6.184035 14.155994 -62.573568
v 4.612784 13.398382 -62.241181
v 3.019042 12.125907 -61.904036
v 1.568421 10.500965 -61.597167
v 0.426529 8.696858 -61.355607
v -0.379031 6.766533 -61.185197
v -0.931064 4.667070 -61.068418
v -1.229571 2.439982 -61.005271
v -1.274552 0.130637 -60.995755
v -1.044538 -2.295453 -61.044413
v -0.546685 -4.766229 -61.149731
v 0.176070 -7.078700 -61.302624
v 1.080791 -9.036423 -61.494012
v 2.255396 -10.511339 -61.742492
v 3.689661 -11.594492 -62.045901
v 5.193441 -12.542045 -62.364015
v 6.576592 -13.586090 -62.656611
v 7.862626 -14.711188 -62.928663
v 9.128214 -15.855584 -63.196389
v 10.262949 -17.100332 -63.436435
v 11.156426 -18.526486 -63.625443
v 11.744239 -20.379134 -63.749791
v 12.096928 -22.540558 -63.824400
v 12.306496 -24.547594 -63.868733
v 12.464950 -25.937080 -63.902253
v 14.965863 -4.630002 -57.141529
v 15.120882 -2.967980 -57.171968
v 15.367603 -0.438241 -57.220414
v 15.483321 2.392905 -57.243136
v 15.245334 4.950469 -57.196405
v 14.570673 7.155436 -57.063930
v 13.585973 9.233290 -56.870576
v 12.382936 11.057783 -56.634350
v 11.053263 12.501530 -56.373259
v 9.540188 13.495221 -56.076154
v 7.821876 14.051623 -55.738750
v 6.042429 14.171564 -55.389341
v 4.345951 13.863261 -55.056224
v 2.668031 13.034108 -54.726751
v 0.966094 11.691992 -54.392562
v -0.583007 10.009634 -54.088384
v -1.802420 8.169253 -53.848942
v -2.662667 6.222188 -53.680026
v -3.252177 4.115424 -53.564271
v -3.570949 1.885131 -53.501677
v -3.618983 -0.429168 -53.492245
v -3.373354 -2.873715 -53.540477
v -2.841704 -5.380332 -53.644871
v -2.069882 -7.739774 -53.796424
v -1.103741 -9.748503 -53.986133
v 0.150605 -11.274510 -54.232434
v 1.682239 -12.418327 -54.533183
v 3.288108 -13.433206 -54.848508
v 4.765158 -14.551435 -55.138539
v 6.138497 -15.756475 -55.408205
v 7.490003 -16.982186 -55.673584
v 8.701774 -18.315378 -55.911525
v 9.655907 -19.842865 -56.098876
v 10.283626 -21.827152 -56.222134
v 10.660257 -24.142153 -56.296089
v 10.884052 -26.291797 -56.340033
v 11.053263 -27.780012 -56.373259
v 13.819118 -4.958223 -49.600744
v 13.984635 -3.196619 -49.630716
v 14.248062 -0.541195 -49.678418
v 14.371617 2.404730 -49.700792
v 14.117514 5.030429 -49.654778
v 13.397168 7.257906 -49.524336
v 12.345789 9.336449 -49.333950
v 11.061288 11.139437 -49.101349
v 9.641577 12.539273 -48.844264
v 8.026044 13.470287 -48.551719
v 6.191376 13.953935 -48.219493
v 4.291434 13.997663 -47.875447
v 2.480078 13.615226 -47.547442
v 0.688537 12.710509 -47.223025
v -1.128646 11.292940 -46.893965
v -2.782645 9.546331 -46.594455
v -4.084630 7.662606 -46.358688
v -5.003129 5.691645 -46.192364
v -5.632558 3.570003 -46.078385
v -5.972916 1.328550 -46.016752
v -6.024202 -0.998980 -46.007465
v -5.761940 -3.470928 -46.054956
v -5.194289 -6.022813 -46.157748
v -4.370204 -8.438301 -46.306975
v -3.338640 -10.505928 -46.493774
v -1.999356 -12.089210 -46.736295
v -0.364007 -13.298663 -47.032428
v 1.350603 -14.385487 -47.342914
v 2.927672 -15.582987 -47.628493
v 4.394007 -16.873453 -47.894021
v 5.837031 -18.186054 -48.155327
v 7.130856 -19.613757 -48.389617
v 8.149598 -21.249528 -48.574093
v 8.819823 -23.374480 -48.695459
v 9.221958 -25.853592 -48.768279
v 9.460908 -28.155624 -48.811548
v 9.641577 -29.749339 -48.844264
v 12.684448 -5.302775 -42.053461
v 12.860940 -3.435115 -42.082709
v 13.141835 -0.643285 -42.129258
v 13.273583 2.430285 -42.151091
v 13.002630 5.136933 -42.106189
v 12.234518 7.399180 -41.978901
v 11.113421 9.490656 -41.793117
v 9.743744 11.283629 -41.566140
v 8.229891 12.649549 -41.315270
v 6.507230 13.525852 -41.029798
v 4.550904 13.942469 -40.705603
v 2.524975 13.913247 -40.369875
v 0.593507 13.457340 -40.049799
v -1.316832 12.474696 -39.733226
v -3.254514 10.976280 -39.412121
v -5.018191 9.157644 -39.119851
v -6.406511 7.221162 -38.889785
v -7.385917 5.215613 -38.727481
v -8.057084 3.067155 -38.616258
v -8.420011 0.801752 -38.556115
v -8.474698 -1.552227 -38.547053
v -8.195046 -4.065088 -38.593396
v -7.589753 -6.675521 -38.693702
v -6.711022 -9.159105 -38.839322
v -5.611054 -11.295514 -39.021604
v -4.182961 -12.943159 -39.258262
v -2.439171 -14.222800 -39.547236
v -0.610864 -15.385150 -39.850216
v 1.070781 -16.665864 -40.128891
v 2.634351 -18.046006 -40.388000
v 4.173062 -19.449821 -40.642989
v 5.552682 -20.976736 -40.871614
v 6.638977 -22.726179 -41.051630
v 7.353645 -24.998797 -41.170062
v 7.782446 -27.650184 -41.241121
v 8.037241 -30.112187 -41.283345
v 8.229891 -31.816650 -41.315270
v 11.557560 -5.658681 -34.498400
v 11.745336 -3.679222 -34.526614
v 12.044191 -0.739877 -34.571520
v 12.184361 2.476136 -34.592581
v 11.896086 5.280354 -34.549266
v 11.078864 7.595012 -34.426472
v 9.886091 9.717922 -34.247249
v 8.428845 11.519147 -34.028287
v 6.818204 12.868064 -33.786276
v 4.985406 13.704265 -33.510884
v 2.904004 14.065473 -33.198138
v 0.748549 13.971340 -32.874265
v -1.306406 13.445987 -32.565492
v -3.338881 12.384919 -32.260098
v -5.400449 10.800564 -31.950332
v -7.276885 8.900745 -31.668384
v -8.753966 6.899028 -31.446441
v -9.795990 4.843680 -31.289869
v -10.510067 2.650945 -31.182574
v -10.896198 0.342685 -31.124555
v -10.954382 -2.057209 -31.115812
v -10.656850 -4.630318 -31.160519
v -10.012858 -7.317554 -31.257283
v -9.077946 -9.885188 -31.397761
v -7.907653 -12.102940 -31.573606
v -6.388255 -13.823344 -31.801907
v -4.532977 -15.177392 -32.080676
v -2.587778 -16.417755 -32.372957
v -0.798618 -17.784428 -32.641791
v 0.864917 -19.257200 -32.891750
v 2.502005 -20.755235 -33.137735
v 3.969830 -22.384632 -33.358286
v 5.125577 -24.251492 -33.531946
v 5.885937 -26.676641 -33.646196
v 6.342153 -29.505982 -33.714746
v 6.613238 -32.133227 -33.755478
v 6.818204 -33.952089 -33.786276
v 10.434075 -6.020797 -26.934525
v 10.633269 -3.924478 -26.961358
v 10.950297 -0.825899 -27.004063
v 11.098991 2.549690 -27.024093
v 10.793186 5.472472 -26.982899
v 9.926269 7.863266 -26.866120
v 8.660963 10.043151 -26.695676
v 7.115102 11.878487 -26.487439
v 5.406518 13.235038 -26.257282
v 3.462267 14.053130 -25.995379
v 1.254295 14.377090 -25.697952
v -1.032234 14.231357 -25.389942
v -3.212151 13.644259 -25.096294
v -5.368221 12.506259 -24.805858
v -7.555152 10.831109 -24.511264
v -9.545694 8.839313 -24.243126
v -11.112597 6.756370 -24.032054
v -12.217987 4.630898 -23.883152
v -12.975487 2.370189 -23.781112
v -13.385098 -0.006725 -23.725934
v -13.446820 -2.479049 -23.717620
v -13.131195 -5.138327 -23.760137
v -12.448042 -7.926282 -23.852162
v -11.456278 -10.598393 -23.985758
v -10.214819 -12.913140 -24.152991
v -8.603027 -14.716251 -24.370109
v -6.634930 -16.148638 -24.635224
v -4.571443 -17.468375 -24.913189
v -2.673484 -18.922505 -25.168855
v -0.908789 -20.489525 -25.406571
v 0.827850 -22.083423 -25.640507
v 2.384934 -23.817090 -25.850256
v 3.610962 -25.803416 -26.015409
v 4.417559 -28.383757 -26.124063
v 4.901518 -31.394156 -26.189255
v 5.189087 -34.189526 -26.227993
v 5.406518 -36.124782 -26.257282
v 9.309581 -6.383882 -19.361069
v 9.520154 -4.166338 -19.386140
v 9.855292 -0.896177 -19.426042
v 10.012480 2.658509 -19.444757
v 9.689206 5.725321 -19.406267
v 8.772768 8.222188 -19.297155
v 7.435183 10.491779 -19.137900
v 5.801016 12.394838 -18.943334
v 3.994831 13.791545 -18.728288
v 1.939518 14.621063 -18.483579
v -0.394582 14.932607 -18.205678
v -2.811726 14.753960 -17.917890
v -5.116168 14.116569 -17.643520
v -7.395401 12.905162 -17.372151
v -9.707258 11.134599 -17.096899
v -11.811507 9.038354 -16.846364
v -13.467917 6.854609 -16.649149
v -14.636451 4.633463 -16.510022
v -15.437222 2.274716 -16.414681
v -15.870232 -0.203690 -16.363127
v -15.935480 -2.782155 -16.355358
v -15.601825 -5.560253 -16.395083
v -14.879648 -8.478624 -16.481067
v -13.831230 -11.280205 -16.605893
v -12.518855 -13.710764 -16.762146
v -10.814991 -15.608115 -16.965010
v -8.734469 -17.122482 -17.212720
v -6.553108 -18.521807 -17.472436
v -4.546731 -20.063628 -17.711318
v -2.681230 -21.725147 -17.933427
v -0.845387 -23.415166 -18.152005
v 0.800643 -25.253382 -18.347983
v 2.096707 -27.359493 -18.502294
v 2.949380 -30.095442 -18.603815
v 3.460984 -33.287383 -18.664727
v 3.764980 -36.251328 -18.700921
v 3.994831 -38.303290 -18.728288
v 8.179707 -6.742676 -11.777542
v 8.401446 -4.400313 -11.800452
v 8.754354 -0.945808 -11.836915
v 8.919878 2.809542 -11.854017
v 8.579462 6.049878 -11.818845
v 7.614430 8.688447 -11.719136
v 6.205920 11.087098 -11.573606
v 4.485102 13.098661 -11.395807
v 2.583145 14.575365 -11.199293
v 0.418849 15.452868 -10.975674
v -2.039016 15.783071 -10.721722
v -4.584328 15.595251 -10.458736
v -7.010962 14.922572 -10.208011
v -9.411050 13.643252 -9.960029
v -11.845493 11.772977 -9.708497
v -14.061319 9.558352 -9.479554
v -15.805560 7.250981 -9.299335
v -17.036054 4.903830 -9.172198
v -17.879286 2.411137 -9.085074
v -18.335256 -0.208069 -9.037962
v -18.403964 -2.932996 -9.030863
v -18.052618 -5.868727 -9.067165
v -17.292147 -8.952476 -9.145738
v -16.188138 -11.912654 -9.259806
v -14.806174 -14.480674 -9.402594
v -13.011964 -16.485184 -9.587975
v -10.821122 -18.084821 -9.814337
v -8.524095 -19.562792 -10.051671
v -6.411330 -21.191269 -10.269966
v -4.446912 -22.946170 -10.472934
v -2.513724 -24.731174 -10.672675
v -0.780414 -26.672703 -10.851764
v 0.584373 -28.897184 -10.992776
v 1.482259 -31.786903 -11.085548
v 2.020990 -35.158241 -11.141210
v 2.341106 -38.288769 -11.174285
v 2.583145 -40.456058 -11.199293
v 7.040182 -7.091980 -4.183739
v 7.272704 -4.622117 -4.204081
v 7.642774 -0.970552 -4.236458
v 7.816347 3.008332 -4.251643
v 7.459376 6.454715 -4.220413
v 6.447415 9.275118 -4.131879
v 4.970409 11.847495 -4.002659
v 3.165908 14.014159 -3.844788
v 1.171459 15.616708 -3.670299
v -1.098087 16.584583 -3.471743
v -3.675478 16.969747 -3.246253
v -6.344568 16.800778 -3.012742
v -8.889210 16.110890 -2.790117
v -11.406014 14.770958 -2.569929
v -13.958844 12.797150 -2.346588
v -16.282426 10.449236 -2.143304
v -18.111489 7.992940 -1.983284
v -19.401822 5.485688 -1.870396
v -20.286061 2.818493 -1.793037
v -20.764205 0.014022 -1.751205
v -20.836254 -2.902958 -1.744902
v -20.467821 -6.039996 -1.777135
v -19.670369 -9.328177 -1.846902
v -18.512672 -12.479229 -1.948186
v -17.063503 -15.208457 -2.074970
v -15.182040 -17.333984 -2.239574
v -12.884658 -19.021703 -2.440566
v -10.475927 -20.576240 -2.651300
v -8.260418 -22.289080 -2.845129
v -6.200470 -24.134894 -3.025348
v -4.173272 -26.012369 -3.202703
v -2.355670 -28.054479 -3.361720
v -0.924514 -30.394199 -3.486928
v 0.017036 -33.433619 -3.569302
v 0.581966 -36.979609 -3.618726
v 0.917649 -40.272314 -3.648094
v 1.171459 -42.551879 -3.670299
v 5.886894 -7.426724 3.420259
v 6.129654 -4.827807 3.402888
v 6.516018 -0.967192 3.375241
v 6.697233 3.258268 3.362274
v 6.324546 6.944731 3.388942
v 5.268027 9.989780 3.464543
v 3.725989 12.783856 3.574886
v 1.842036 15.155965 3.709695
v -0.240228 16.934197 3.858695
v -2.609701 18.038811 4.028246
v -5.300574 18.518899 4.220796
v -8.087184 18.399902 4.420196
v -10.743865 17.713209 4.610300
v -13.371484 16.321513 4.798323
v -16.036714 14.241074 4.989038
v -18.462603 11.744708 5.162626
v -20.372200 9.112883 5.299271
v -21.719346 6.409221 5.395668
v -22.642517 3.524155 5.461727
v -23.141713 0.486798 5.497448
v -23.216935 -2.671032 5.502830
v -22.832280 -6.055932 5.475306
v -21.999716 -9.589896 5.415730
v -20.791046 -12.965751 5.329242
v -19.278071 -15.880915 5.220978
v -17.313767 -18.141587 5.080419
v -14.915232 -19.919534 4.908788
v -12.400445 -21.547445 4.728839
v -10.087388 -23.341131 4.563324
v -7.936741 -25.274069 4.409431
v -5.820285 -27.240161 4.257985
v -3.922655 -29.378660 4.122197
v -2.428486 -31.828816 4.015279
v -1.445479 -35.011697 3.944939
v -0.855675 -38.725059 3.902734
v -0.505212 -42.173181 3.877656
v -0.240228 -44.560342 3.858695
v 4.715954 -7.742046 11.034089
v 4.968253 -5.013906 11.020080
v 5.369798 -0.933845 10.997782
v 5.558134 3.559958 10.987324
v 5.170802 7.520085 11.008832
v 4.072771 10.832920 11.069805
v 2.470144 13.897385 11.158796
v 0.512166 16.526350 11.267521
v -1.651914 18.531477 11.387689
v -4.114488 19.820786 11.524433
v -6.911092 20.437396 11.679725
v -9.807192 20.401037 11.840542
v -12.568261 19.739304 11.993860
v -15.299124 18.305895 12.145502
v -18.069076 16.116743 12.299314
v -20.590283 13.457443 12.439313
v -22.574911 10.623697 12.549517
v -23.974990 7.687103 12.627262
v -24.934434 4.540350 12.680538
v -25.453245 1.221926 12.709347
v -25.531422 -2.226106 12.713688
v -25.131653 -5.905738 12.691490
v -24.266376 -9.726824 12.643442
v -23.010215 -13.361131 12.573689
v -21.437792 -16.486500 12.486374
v -19.396307 -18.895848 12.373013
v -16.903528 -20.765273 12.234592
v -14.289930 -22.462302 12.089462
v -11.885989 -24.332144 11.955975
v -9.650839 -26.347150 11.831859
v -7.451223 -28.396718 11.709718
v -5.479032 -30.626012 11.600204
v -3.926153 -33.180196 11.513975
v -2.904522 -36.498216 11.457245
v -2.291544 -40.369239 11.423207
v -1.927310 -43.963760 11.402982
v -1.651914 -46.452275 11.387689
v 3.523750 -8.033362 18.657122
v 3.784744 -5.177505 18.646838
v 4.200129 -0.870195 18.630471
v 4.394956 3.910775 18.622794
v 3.994275 8.175434 18.638582
v 2.858398 11.796797 18.683339
v 1.200532 15.178045 18.748664
v -0.824931 18.113226 18.828473
v -3.063601 20.394793 18.916683
v -5.611053 21.915552 19.017061
v -8.504046 22.709549 19.131053
v -11.499967 22.788239 19.249101
v -14.356201 22.173449 19.361645
v -17.181189 20.709172 19.472958
v -20.046613 18.410590 19.585864
v -22.654719 15.575625 19.688631
v -24.707752 12.515531 19.769527
v -26.156086 9.311596 19.826596
v -27.148600 5.861644 19.865704
v -27.685293 2.216419 19.886851
v -27.766164 -1.568629 19.890037
v -27.352617 -5.587208 19.873742
v -26.457517 -9.734055 19.838473
v -25.158059 -13.657947 19.787270
v -23.531439 -17.015666 19.723177
v -21.419590 -19.585626 19.639964
v -18.840893 -21.546623 19.538355
v -16.137212 -23.307508 19.431822
v -13.650414 -25.247708 19.333835
v -11.338224 -27.338534 19.242728
v -9.062795 -29.465223 19.153069
v -7.022628 -31.778400 19.072681
v -5.416226 -34.428692 19.009384
v -4.359382 -37.871562 18.967741
v -3.725276 -41.888243 18.942755
v -3.348489 -45.618018 18.927909
v -3.063601 -48.200169 18.916683
v 2.306993 -8.296430 26.288476
v 2.575711 -5.316334 26.282247
v 3.003388 -0.777612 26.272334
v 3.203980 4.304638 26.267685
v 2.791442 8.899566 26.277247
v 1.621953 12.864882 26.304354
v -0.084972 16.603790 26.343917
v -2.170371 19.889157 26.392253
v -4.475287 22.491783 26.445678
v -7.098122 24.286558 26.506470
v -10.076724 25.295532 26.575509
v -13.161299 25.519485 26.647005
v -16.102053 24.972617 26.715167
v -19.010637 23.488660 26.782583
v -21.960853 21.081644 26.850964
v -24.646137 18.061185 26.913204
v -26.759922 14.754145 26.962198
v -28.251116 11.253057 26.996761
v -29.272999 7.463639 27.020447
v -29.825574 3.451540 27.033255
v -29.908838 -0.711500 27.035185
v -29.483053 -5.107405 27.025316
v -28.561466 -9.613095 27.003955
v -27.223555 -13.852804 26.972944
v -25.548801 -17.461119 26.934126
v -23.374459 -20.200977 26.883729
v -20.719454 -22.252211 26.822190
v -17.935767 -24.070759 26.757669
v -15.375380 -26.074495 26.698323
v -12.994770 -28.233789 26.643145
v -10.652007 -30.430121 26.588844
v -8.551468 -32.819048 26.540157
v -6.897530 -35.556129 26.501821
v -5.809413 -39.111742 26.476600
v -5.156543 -43.259957 26.461468
v -4.768606 -47.111871 26.452476
v -4.475287 -49.778581 26.445678
v 1.062772 -8.527417 33.927039
v 1.338125 -5.428804 33.925151
v 1.776362 -0.659158 33.922148
v 1.981907 4.732048 33.920739
v 1.559182 9.675470 33.923636
v 0.360817 14.011961 33.931850
v -1.388254 18.140702 33.943838
v -3.525146 21.811528 33.958484
v -5.886973 24.771665 33.974672
v -8.574570 26.875856 33.993092
v -11.626719 28.131590 34.014012
v -14.787457 28.526885 34.035675
v -17.800823 28.066681 34.056328
v -20.781224 26.574123 34.076756
v -23.804286 24.061717 34.097476
v -26.555873 20.849945 34.116335
v -28.721851 17.281040 34.131180
v -30.249865 13.460038 34.141653
v -31.296980 9.303038 34.148830
v -31.863198 4.892843 34.152711
v -31.948519 0.319935 34.153296
v -31.512221 -4.482698 34.150305
v -30.567878 -9.371927 34.143833
v -29.196932 -13.946429 34.134437
v -27.480825 -17.817947 34.122675
v -25.252796 -20.733297 34.107404
v -22.532234 -22.871750 34.088757
v -19.679814 -24.740929 34.069207
v -17.056207 -26.800452 34.051225
v -14.616816 -29.019865 34.034505
v -12.216206 -31.277346 34.018052
v -10.063802 -33.732785 34.003299
v -8.369025 -36.546071 33.991684
v -7.254041 -40.200678 33.984042
v -6.585051 -44.464387 33.979456
v -6.187534 -48.423544 33.976732
v -5.886973 -51.164500 33.974672
v -0.211414 -8.722947 41.571499
v 0.069387 -5.514009 41.574187
v 0.516295 -0.519468 41.578464
v 0.725906 5.180384 41.580470
v 0.294818 10.480863 41.576344
v -0.927257 15.204924 41.564648
v -2.710934 19.744050 41.547576
v -4.890104 23.823881 41.526719
v -7.298660 27.166852 41.503666
v -10.039431 29.605958 41.477434
v -13.151966 31.132098 41.447643
v -16.375239 31.718887 41.416793
v -19.448225 31.360710 41.387381
v -22.487593 29.870075 41.358291
v -25.570466 27.257661 41.328784
v -28.376494 23.853777 41.301927
v -30.585326 20.015430 41.280786
v -32.143571 15.861037 41.265872
v -33.211403 11.319143 41.255651
v -33.788824 6.491382 41.250125
v -33.875833 1.488815 41.249292
v -33.430902 -3.738114 41.253551
v -32.467875 -9.024623 41.262768
v -31.069805 -13.943514 41.276149
v -29.319746 -18.083619 41.292899
v -27.047635 -21.175437 41.314646
v -24.273247 -23.396191 41.341200
v -21.364391 -25.308230 41.369041
v -18.688877 -27.414977 41.394649
v -16.201222 -29.685280 41.418458
v -13.753116 -31.994525 41.441889
v -11.558126 -34.506266 41.462898
v -9.829819 -37.384060 41.479440
v -8.692775 -41.122466 41.490323
v -8.010548 -45.483940 41.496852
v -7.605167 -49.533880 41.500732
v -7.298660 -52.337684 41.503666
v -1.517616 -8.880160 49.220375
v -1.232636 -5.571699 49.227812
v -0.779077 -0.364515 49.239649
v -0.566345 5.634461 49.245201
v -1.003850 11.289152 49.233783
v -2.244114 16.404193 49.201415
v -4.054338 21.360242 49.154172
v -6.265942 25.858397 49.096454
v -8.710346 29.595930 49.032660
v -11.491910 32.383277 48.960067
v -14.650771 34.193381 48.877628
v -17.922018 34.984385 48.792256
v -21.040741 34.739249 48.710864
v -24.125346 33.260117 48.630362
v -27.254104 30.555614 48.548708
v -30.101895 26.964636 48.474387
v -32.343603 22.857976 48.415884
v -33.925040 18.367829 48.374612
v -35.008766 13.436709 48.346329
v -35.594781 8.186052 48.331035
v -35.683085 2.748564 48.328730
v -35.231532 -2.906049 48.340515
v -34.254172 -8.590530 48.366022
v -32.835293 -13.852285 48.403052
v -31.059187 -18.257871 48.449404
v -28.753258 -21.521768 48.509584
v -25.937577 -23.817858 48.583067
v -22.985427 -25.764357 48.660112
v -20.270091 -27.909075 48.730976
v -17.745411 -30.220295 48.796865
v -15.260868 -32.571159 48.861706
v -13.033209 -35.128169 48.919843
v -11.279179 -38.057829 48.965619
v -10.125211 -41.863612 48.995735
v -9.432830 -46.303692 49.013805
v -9.021416 -50.426624 49.024542
v -8.710346 -53.280961 49.032660
v -2.857412 -8.996745 56.872050
v -2.569584 -5.602217 56.884348
v -2.111491 -0.201266 56.903921
v -1.896633 6.077309 56.913102
v -2.338510 12.070773 56.894221
v -3.591171 17.565727 56.840699
v -5.419488 22.929540 56.762580
v -7.653197 27.839345 56.667140
v -10.122033 31.967824 56.561654
v -12.931398 35.102931 56.441618
v -16.121831 37.199061 56.305301
v -19.425774 38.198471 56.164133
v -22.575669 38.072318 56.029547
v -25.691104 36.613002 55.896434
v -28.851133 33.826969 55.761415
v -31.727388 30.060255 55.638521
v -33.991501 25.696039 55.541782
v -35.588745 20.880160 55.473537
v -36.683303 15.569976 55.426769
v -37.275175 9.906899 55.401480
v -37.364361 4.045461 55.397670
v -36.908295 -2.024412 55.417156
v -35.921166 -8.093068 55.459333
v -34.488106 -13.683866 55.520564
v -32.694248 -18.342474 55.597210
v -30.365272 -21.768211 55.696720
v -27.521448 -24.130556 55.818228
v -24.539792 -26.102611 55.945626
v -21.797316 -28.275485 56.062804
v -19.247402 -30.617049 56.171754
v -16.738027 -32.998777 56.278972
v -14.488102 -35.589357 56.375105
v -12.716540 -38.557480 56.450799
v -11.551039 -42.413228 56.500597
v -10.851738 -46.911601 56.530476
v -10.436211 -51.088661 56.548230
v -10.122033 -53.980472 56.561654
v -4.231882 -9.070980 64.524814
v -3.942580 -5.606414 64.542016
v -3.482140 -0.037272 64.569394
v -3.266182 6.491106 64.582235
v -3.710322 12.794812 64.555826
v -4.969400 18.643439 64.480962
v -6.807084 24.389355 64.371693
v -9.052235 29.687276 64.238197
v -11.533719 34.186856 64.090649
v -14.357476 37.654593 63.922748
v -17.564254 40.026567 63.732074
v -20.885123 41.229440 63.534616
v -24.051154 41.222717 63.346364
v -27.182550 39.790040 63.160172
v -30.358767 36.935647 62.971315
v -33.249757 33.011081 62.799417
v -35.525469 28.410097 62.664103
v -37.130895 23.291476 62.568645
v -38.231060 17.627603 62.503230
v -38.825964 11.579176 62.467857
v -38.915608 5.321803 62.462526
v -38.457205 -1.134350 62.489783
v -37.465019 -7.558241 62.548778
v -36.024618 -13.451454 62.634424
v -34.221570 -18.340920 62.741633
v -31.880663 -21.912228 62.880823
v -29.022270 -24.329665 63.050782
v -26.025339 -26.317991 63.228979
v -23.268814 -28.508795 63.392882
v -20.705837 -30.869680 63.545276
v -18.183606 -33.271060 63.695247
v -15.922156 -35.883016 63.829713
v -14.141518 -38.875630 63.935589
v -12.970046 -42.763193 64.005245
v -12.267163 -47.298683 64.047038
v -11.849507 -51.510209 64.071872
v -11.533719 -54.425882 64.090649
vt 0.45572637 1.08900635
vt 0.45572637 1.08592882
vt 0.45572637 1.08119329
vt 0.45572637 1.07586149
vt 0.45572637 1.07096264
vt 0.45572637 1.06652863
vt 0.45572637 1.06211683
vt 0.45572637 1.05794574
vt 0.45572637 1.05423611
vt 0.45572637 1.05090441
vt 0.45572637 1.04769294
vt 0.45572637 1.04459740
vt 0.45572637 1.04163256
vt 0.45572637 1.03837985
vt 0.45572637 1.03453157
vt 0.45572637 1.03038138
vt 0.45572637 1.02627679
vt 0.45572637 1.02222469
vt 0.45572637 1.01799977
vt 0.45572637 1.01361532
vt 0.45572637 1.00910412
vt 0.45572637 1.00434672
vt 0.45572637 0.99943449
vt 0.45572637 0.99472550
vt 0.45572637 0.99055389
vt 0.45572637 0.98695008
vt 0.45572637 0.98356381
vt 0.45572637 0.98023057
vt 0.45572637 0.97696561
vt 0.45572637 0.97373300
vt 0.45572637 0.97050199
vt 0.45572637 0.96729471
vt 0.45572637 0.96405869
vt 0.45572637 0.96028145
vt 0.45572637 0.95601014
vt 0.45572637 0.95207116
vt 0.45572637 0.94934164
vt 0.47068852 1.09109495
vt 0.47068852 1.08783619
vt 0.47068852 1.08287428
vt 0.47068852 1.07734056
vt 0.47068852 1.07232597
vt 0.47068852 1.06784236
vt 0.47068852 1.06339435
vt 0.47068852 1.05919360
vt 0.47068852 1.05545250
vt 0.47068852 1.05204755
vt 0.47068852 1.04868968
vt 0.47068852 1.04539116
vt 0.47068852 1.04219711
vt 0.47068852 1.03869741
vt 0.47068852 1.03460179
vt 0.47068852 1.03024278
vt 0.47068852 1.02599967
vt 0.47068852 1.02187756
vt 0.47068852 1.01762087
vt 0.47068852 1.01322513
vt 0.47068852 1.00870414
vt 0.47068852 1.00390809
vt 0.47068852 0.99891463
vt 0.47068852 0.99409044
vt 0.47068852 0.98977958
vt 0.47068852 0.98600303
vt 0.47068852 0.98239596
vt 0.47068852 0.97882588
vt 0.47068852 0.97532892
vt 0.47068852 0.97186663
vt 0.47068852 0.96840604
vt 0.47068852 0.96497087
vt 0.47068852 0.96150491
vt 0.47068852 0.95745929
vt 0.47068852 0.95288449
vt 0.47068852 0.94866562
vt 0.47068852 0.94574216
vt 0.48565068 1.09360514
vt 0.48565068 1.09015084
vt 0.48565068 1.08494151
vt 0.48565068 1.07918319
vt 0.48565068 1.07403327
vt 0.48565068 1.06948225
vt 0.48565068 1.06497865
vt 0.48565068 1.06072717
vt 0.48565068 1.05693152
vt 0.48565068 1.05342688
vt 0.48565068 1.04989580
vt 0.48565068 1.04637134
vt 0.48565068 1.04293014
vt 0.48565068 1.03916707
vt 0.48565068 1.03480562
vt 0.48565068 1.03021805
vt 0.48565068 1.02581736
vt 0.48565068 1.02160781
vt 0.48565068 1.01730272
vt 0.48565068 1.01287961
vt 0.48565068 1.00833266
vt 0.48565068 1.00348020
vt 0.48565068 0.99838609
vt 0.48565068 0.99342698
vt 0.48565068 0.98895845
vt 0.48565068 0.98499217
vt 0.48565068 0.98114801
vt 0.48565068 0.97732484
vt 0.48565068 0.97357999
vt 0.48565068 0.96987225
vt 0.48565068 0.96616634
vt 0.48565068 0.96248766
vt 0.48565068 0.95877599
vt 0.48565068 0.95444358
vt 0.48565068 0.94954447
vt 0.48565068 0.94502653
vt 0.48565068 0.94189582
vt 0.50061283 1.09662625
vt 0.50061283 1.09296374
vt 0.50061283 1.08748597
vt 0.50061283 1.08147791
vt 0.50061283 1.07616751
vt 0.50061283 1.07152382
vt 0.50061283 1.06693744
vt 0.50061283 1.06260688
vt 0.50061283 1.05872796
vt 0.50061283 1.05509531
vt 0.50061283 1.05136663
vt 0.50061283 1.04759792
vt 0.50061283 1.04389663
vt 0.50061283 1.03985817
vt 0.50061283 1.03521546
vt 0.50061283 1.03038033
vt 0.50061283 1.02580067
vt 0.50061283 1.02148069
vt 0.50061283 1.01710272
vt 0.50061283 1.01262690
vt 0.50061283 1.00802816
vt 0.50061283 1.00309274
vt 0.50061283 0.99787141
vt 0.50061283 0.99275270
vt 0.50061283 0.98810542
vt 0.50061283 0.98393268
vt 0.50061283 0.97983796
vt 0.50061283 0.97574912
vt 0.50061283 0.97174403
vt 0.50061283 0.96777865
vt 0.50061283 0.96381520
vt 0.50061283 0.95988088
vt 0.50061283 0.95591130
vt 0.50061283 0.95127781
vt 0.50061283 0.94603826
vt 0.50061283 0.94120636
vt 0.50061283 0.93785810
vt 0.51557498 1.10026754
vt 0.51557498 1.09638557
vt 0.51557498 1.09061765
vt 0.51557498 1.08433093
vt 0.51557498 1.07882760
vt 0.51557498 1.07405663
vt 0.51557498 1.06935094
vt 0.51557498 1.06490489
vt 0.51557498 1.06090865
vt 0.51557498 1.05711938
vt 0.51557498 1.05317277
vt 0.51557498 1.04914738
vt 0.51557498 1.04517874
vt 0.51557498 1.04085759
vt 0.51557498 1.03592124
vt 0.51557498 1.03081996
vt 0.51557498 1.02603681
vt 0.51557498 1.02157653
vt 0.51557498 1.01709144
vt 0.51557498 1.01252593
vt 0.51557498 1.00783738
vt 0.51557498 1.00278122
vt 0.51557498 0.99739696
vt 0.51557498 0.99208739
vt 0.51557498 0.98723672
vt 0.51557498 0.98284065
vt 0.51557498 0.97848475
vt 0.51557498 0.97412148
vt 0.51557498 0.96984758
vt 0.51557498 0.96561605
vt 0.51557498 0.96138659
vt 0.51557498 0.95718821
vt 0.51557498 0.95295219
vt 0.51557498 0.94800773
vt 0.51557498 0.94241651
vt 0.51557498 0.93726031
vt 0.51557498 0.93368733
vt 0.53053713 1.10464857
vt 0.53053713 1.10053726
vt 0.53053713 1.09445635
vt 0.53053713 1.08785753
vt 0.53053713 1.08212036
vt 0.53053713 1.07717710
vt 0.53053713 1.07230548
vt 0.53053713 1.06769932
vt 0.53053713 1.06354706
vt 0.53053713 1.05957358
vt 0.53053713 1.05539388
vt 0.53053713 1.05110591
vt 0.53053713 1.04686877
vt 0.53053713 1.04226261
vt 0.53053713 1.03702331
vt 0.53053713 1.03163749
vt 0.53053713 1.02662281
vt 0.53053713 1.02198474
vt 0.53053713 1.01734737
vt 0.53053713 1.01264211
vt 0.53053713 1.00781197
vt 0.53053713 1.00258460
vt 0.53053713 0.99699134
vt 0.53053713 0.99145225
vt 0.53053713 0.98636937
vt 0.53053713 0.98173273
vt 0.53053713 0.97710792
vt 0.53053713 0.97246543
vt 0.53053713 0.96791803
vt 0.53053713 0.96341572
vt 0.53053713 0.95891560
vt 0.53053713 0.95444856
vt 0.53053713 0.94994147
vt 0.53053713 0.94468059
vt 0.53053713 0.93873158
vt 0.53053713 0.93324542
vt 0.53053713 0.92944378
vt 0.54549928 1.10989001
vt 0.54549928 1.10554087
vt 0.54549928 1.09912294
vt 0.54549928 1.09217393
vt 0.54549928 1.08615341
vt 0.54549928 1.08098229
vt 0.54549928 1.07588800
vt 0.54549928 1.07106907
vt 0.54549928 1.06671787
vt 0.54549928 1.06253399
vt 0.54549928 1.05811126
vt 0.54549928 1.05356132
vt 0.54549928 1.04906070
vt 0.54549928 1.04417226
vt 0.54549928 1.03862384
vt 0.54549928 1.03293529
vt 0.54549928 1.02765743
vt 0.54549928 1.02279640
vt 0.54549928 1.01795053
vt 0.54549928 1.01304214
vt 0.54549928 1.00800459
vt 0.54549928 1.00254260
vt 0.54549928 0.99668373
vt 0.54549928 0.99086885
vt 0.54549928 0.98552071
vt 0.54549928 0.98062593
vt 0.54549928 0.97572741
vt 0.54549928 0.97080496
vt 0.54549928 0.96598333
vt 0.54549928 0.96120950
vt 0.54549928 0.95643800
vt 0.54549928 0.95170157
vt 0.54549928 0.94692268
vt 0.54549928 0.94134455
vt 0.54549928 0.93503678
vt 0.54549928 0.92921978
vt 0.54549928 0.92518889
vt 0.56046143 1.11610455
vt 0.56046143 1.11151061
vt 0.56046143 1.10473091
vt 0.56046143 1.09738962
vt 0.56046143 1.09102848
vt 0.56046143 1.08556420
vt 0.56046143 1.08018104
vt 0.56046143 1.07508894
vt 0.56046143 1.07049135
vt 0.56046143 1.06607130
vt 0.56046143 1.06139968
vt 0.56046143 1.05659415
vt 0.56046143 1.05184088
vt 0.56046143 1.04667785
vt 0.56046143 1.04081734
vt 0.56046143 1.03480829
vt 0.56046143 1.02923238
vt 0.56046143 1.02409611
vt 0.56046143 1.01897533
vt 0.56046143 1.01378818
vt 0.56046143 1.00846449
vt 0.56046143 1.00269262
vt 0.56046143 0.99650187
vt 0.56046143 0.99035809
vt 0.56046143 0.98470788
vt 0.56046143 0.97953723
vt 0.56046143 0.97436322
vt 0.56046143 0.96916411
vt 0.56046143 0.96407148
vt 0.56046143 0.95902935
vt 0.56046143 0.95398968
vt 0.56046143 0.94898705
vt 0.56046143 0.94393957
vt 0.56046143 0.93804792
vt 0.56046143 0.93138564
vt 0.56046143 0.92524170
vt 0.56046143 0.92098426
vt 0.57542358 1.12338670
vt 0.57542358 1.11854281
vt 0.57542358 1.11137670
vt 0.57542358 1.10359854
vt 0.57542358 1.09683366
vt 0.57542358 1.09100307
vt 0.57542358 1.08525677
vt 0.57542358 1.07982381
vt 0.57542358 1.07492701
vt 0.57542358 1.07024327
vt 0.57542358 1.06531888
vt 0.57542358 1.06026836
vt 0.57542358 1.05527825
vt 0.57542358 1.04985310
vt 0.57542358 1.04368090
vt 0.57542358 1.03733439
vt 0.57542358 1.03142314
vt 0.57542358 1.02595355
vt 0.57542358 1.02048317
vt 0.57542358 1.01493179
vt 0.57542358 1.00923294
vt 0.57542358 1.00306654
vt 0.57542358 0.99647016
vt 0.57542358 0.98993908
vt 0.57542358 0.98394727
vt 0.57542358 0.97848331
vt 0.57542358 0.97303511
vt 0.57542358 0.96756666
vt 0.57542358 0.96221021
vt 0.57542358 0.95690687
vt 0.57542358 0.95160612
vt 0.57542358 0.94634433
vt 0.57542358 0.94103536
vt 0.57542358 0.93483850
vt 0.57542358 0.92783108
vt 0.57542358 0.92136885
vt 0.57542358 0.91689086
vt 0.59038573 1.13179999
vt 0.59038573 1.12670321
vt 0.59038573 1.11912752
vt 0.59038573 1.11086753
vt 0.59038573 1.10363290
vt 0.59038573 1.09735795
vt 0.59038573 1.09116844
vt 0.59038573 1.08532071
vt 0.59038573 1.08006574
vt 0.59038573 1.07508648
vt 0.59038573 1.06990465
vt 0.59038573 1.06462193
vt 0.59038573 1.05941471
vt 0.59038573 1.05374428
vt 0.59038573 1.04726428
vt 0.59038573 1.04056492
vt 0.59038573 1.03427983
vt 0.59038573 1.02841517
vt 0.59038573 1.02251526
vt 0.59038573 1.01650806
vt 0.59038573 1.01033877
vt 0.59038573 1.00368762
vt 0.59038573 0.99660753
vt 0.59038573 0.98962800
vt 0.59038573 0.98325393
vt 0.59038573 0.97748023
vt 0.59038573 0.97176235
vt 0.59038573 0.96603579
vt 0.59038573 0.96042652
vt 0.59038573 0.95487286
vt 0.59038573 0.94932191
vt 0.59038573 0.94381176
vt 0.59038573 0.93825221
vt 0.59038573 0.93176286
vt 0.59038573 0.92442468
vt 0.59038573 0.91765744
vt 0.59038573 0.91296808
vt 0.60534789 1.14136109
vt 0.60534789 1.13601118
vt 0.60534789 1.12800589
vt 0.60534789 1.11922164
vt 0.60534789 1.11145210
vt 0.60534789 1.10465380
vt 0.60534789 1.09793870
vt 0.60534789 1.09159834
vt 0.60534789 1.08592049
vt 0.60534789 1.08060767
vt 0.60534789 1.07516022
vt 0.60534789 1.06965808
vt 0.60534789 1.06425603
vt 0.60534789 1.05836103
vt 0.60534789 1.05158088
vt 0.60534789 1.04451572
vt 0.60534789 1.03781896
vt 0.60534789 1.03149674
vt 0.60534789 1.02508618
vt 0.60534789 1.01853037
vt 0.60534789 1.01179430
vt 0.60534789 1.00456750
vt 0.60534789 0.99692557
vt 0.60534789 0.98943693
vt 0.60534789 0.98264101
vt 0.60534789 0.97654311
vt 0.60534789 0.97056345
vt 0.60534789 0.96459375
vt 0.60534789 0.95874632
vt 0.60534789 0.95295686
vt 0.60534789 0.94717024
vt 0.60534789 0.94142614
vt 0.60534789 0.93563054
vt 0.60534789 0.92886566
vt 0.60534789 0.92121592
vt 0.60534789 0.91416136
vt 0.60534789 0.90927290
vt 0.62031004 1.15202242
vt 0.62031004 1.14642245
vt 0.62031004 1.13797258
vt 0.62031004 1.12862738
vt 0.62031004 1.12026305
vt 0.62031004 1.11286631
vt 0.62031004 1.10554563
vt 0.62031004 1.09863474
vt 0.62031004 1.09246592
vt 0.62031004 1.08677514
vt 0.62031004 1.08104860
vt 0.62031004 1.07533783
vt 0.62031004 1.06976442
vt 0.62031004 1.06366888
vt 0.62031004 1.05660015
vt 0.62031004 1.04915993
vt 0.62031004 1.04201672
vt 0.62031004 1.03517749
vt 0.62031004 1.02817892
vt 0.62031004 1.02098627
vt 0.62031004 1.01359199
vt 0.62031004 1.00570375
vt 0.62031004 0.99742680
vt 0.62031004 0.98937287
vt 0.62031004 0.98211926
vt 0.62031004 0.97568588
vt 0.62031004 0.96945582
vt 0.62031004 0.96326149
vt 0.62031004 0.95719404
vt 0.62031004 0.95118673
vt 0.62031004 0.94518237
vt 0.62031004 0.93922213
vt 0.62031004 0.93320846
vt 0.62031004 0.92618904
vt 0.62031004 0.91825145
vt 0.62031004 0.91093144
vt 0.62031004 0.90585904
vt 0.63527219 1.16365632
vt 0.63527219 1.15781320
vt 0.63527219 1.14891090
vt 0.63527219 1.13897723
vt 0.63527219 1.12996819
vt 0.63527219 1.12190731
vt 0.63527219 1.11390911
vt 0.63527219 1.10635519
vt 0.63527219 1.09962857
vt 0.63527219 1.09351145
vt 0.63527219 1.08748693
vt 0.63527219 1.08157509
vt 0.63527219 1.07585376
vt 0.63527219 1.06958432
vt 0.63527219 1.06224281
vt 0.63527219 1.05442333
vt 0.63527219 1.04680478
vt 0.63527219 1.03939651
vt 0.63527219 1.03174192
vt 0.63527219 1.02383494
vt 0.63527219 1.01570244
vt 0.63527219 1.00707821
vt 0.63527219 0.99810347
vt 0.63527219 0.98943694
vt 0.63527219 0.98169655
vt 0.63527219 0.97492103
vt 0.63527219 0.96845558
vt 0.63527219 0.96205841
vt 0.63527219 0.95579227
vt 0.63527219 0.94958824
vt 0.63527219 0.94338726
vt 0.63527219 0.93723184
vt 0.63527219 0.93102124
vt 0.63527219 0.92377195
vt 0.63527219 0.91557443
vt 0.63527219 0.90801471
vt 0.63527219 0.90277621
vt 0.65023434 1.17604467
vt 0.65023434 1.16996971
vt 0.65023434 1.16061619
vt 0.65023434 1.15007911
vt 0.65023434 1.14039004
vt 0.65023434 1.13161425
vt 0.65023434 1.12288086
vt 0.65023434 1.11462331
vt 0.65023434 1.10727962
vt 0.65023434 1.10068871
vt 0.65023434 1.09434392
vt 0.65023434 1.08823515
vt 0.65023434 1.08238840
vt 0.65023434 1.07597370
vt 0.65023434 1.06837958
vt 0.65023434 1.06018325
vt 0.65023434 1.05206953
vt 0.65023434 1.04405225
vt 0.65023434 1.03568860
vt 0.65023434 1.02700680
vt 0.65023434 1.01807384
vt 0.65023434 1.00865648
vt 0.65023434 0.99893708
vt 0.65023434 0.98962392
vt 0.65023434 0.98137758
vt 0.65023434 0.97425939
vt 0.65023434 0.96757734
vt 0.65023434 0.96100205
vt 0.65023434 0.95456145
vt 0.65023434 0.94818470
vt 0.65023434 0.94181106
vt 0.65023434 0.93548427
vt 0.65023434 0.92910076
vt 0.65023434 0.92164963
vt 0.65023434 0.91322388
vt 0.65023434 0.90545369
vt 0.65023434 0.90006934
vt 0.66519649 1.18887729
vt 0.66519649 1.18258661
vt 0.66519649 1.17279386
vt 0.66519649 1.16165404
vt 0.66519649 1.15126840
vt 0.66519649 1.14174710
vt 0.66519649 1.13224115
vt 0.66519649 1.12323790
vt 0.66519649 1.11523254
vt 0.66519649 1.10812788
vt 0.66519649 1.10144101
vt 0.66519649 1.09513722
vt 0.66519649 1.08918625
vt 0.66519649 1.08265624
vt 0.66519649 1.07483422
vt 0.66519649 1.06627157
vt 0.66519649 1.05765497
vt 0.66519649 1.04900524
vt 0.66519649 1.03989976
vt 0.66519649 1.03040538
vt 0.66519649 1.02063331
vt 0.66519649 1.01038866
vt 0.66519649 0.99989867
vt 0.66519649 0.98992233
vt 0.66519649 0.98116375
vt 0.66519649 0.97370997
vt 0.66519649 0.96683390
vt 0.66519649 0.96010785
vt 0.66519649 0.95351956
vt 0.66519649 0.94699659
vt 0.66519649 0.94047681
vt 0.66519649 0.93400494
vt 0.66519649 0.92747506
vt 0.66519649 0.91985308
vt 0.66519649 0.91123414
vt 0.66519649 0.90328577
vt 0.66519649 0.89777796
vt 0.68015864 1.20176055
vt 0.68015864 1.19527537
vt 0.68015864 1.18506752
vt 0.68015864 1.17334359
vt 0.68015864 1.16226707
vt 0.68015864 1.15199426
vt 0.68015864 1.14170385
vt 0.68015864 1.13193728
vt 0.68015864 1.12324687
vt 0.68015864 1.11560295
vt 0.68015864 1.10855799
vt 0.68015864 1.10206118
vt 0.68015864 1.09602594
vt 0.68015864 1.08941131
vt 0.68015864 1.08139070
vt 0.68015864 1.07248170
vt 0.68015864 1.06336940
vt 0.68015864 1.05408411
vt 0.68015864 1.04422873
vt 0.68015864 1.03391143
vt 0.68015864 1.02328997
vt 0.68015864 1.01221150
vt 0.68015864 1.00095005
vt 0.68015864 0.99031493
vt 0.68015864 0.98105323
vt 0.68015864 0.97327986
vt 0.68015864 0.96623615
vt 0.68015864 0.95938887
vt 0.68015864 0.95268185
vt 0.68015864 0.94604131
vt 0.68015864 0.93940403
vt 0.68015864 0.93281552
vt 0.68015864 0.92616795
vt 0.68015864 0.91840860
vt 0.68015864 0.90963432
vt 0.68015864 0.90154270
vt 0.68015864 0.89593562
vt 0.69512079 1.21423607
vt 0.69512079 1.20758277
vt 0.69512079 1.19699686
vt 0.69512079 1.18472698
vt 0.69512079 1.17298981
vt 0.69512079 1.16198714
vt 0.69512079 1.15092969
vt 0.69512079 1.14041111
vt 0.69512079 1.13103871
vt 0.69512079 1.12285048
vt 0.69512079 1.11544272
vt 0.69512079 1.10875807
vt 0.69512079 1.10265789
vt 0.69512079 1.09598954
vt 0.69512079 1.08780415
vt 0.69512079 1.07857915
vt 0.69512079 1.06899527
vt 0.69512079 1.05909447
vt 0.69512079 1.04850896
vt 0.69512079 1.03738912
vt 0.69512079 1.02593970
vt 0.69512079 1.01405168
vt 0.69512079 1.00204591
vt 0.69512079 0.99077977
vt 0.69512079 0.98104127
vt 0.69512079 0.97297416
vt 0.69512079 0.96579287
vt 0.69512079 0.95885570
vt 0.69512079 0.95206062
vt 0.69512079 0.94533291
vt 0.69512079 0.93860848
vt 0.69512079 0.93193348
vt 0.69512079 0.92519863
vt 0.69512079 0.91733741
vt 0.69512079 0.90844793
vt 0.69512079 0.90025008
vt 0.69512079 0.89456939
vt 0.71008294 1.22580732
vt 0.71008294 1.21901733
vt 0.71008294 1.20810344
vt 0.71008294 1.19534581
vt 0.71008294 1.18300374
vt 0.71008294 1.17132212
vt 0.71008294 1.15954637
vt 0.71008294 1.14831859
vt 0.71008294 1.13829690
vt 0.71008294 1.12958397
vt 0.71008294 1.12182459
vt 0.71008294 1.11496375
vt 0.71008294 1.10881823
vt 0.71008294 1.10212680
vt 0.71008294 1.09381470
vt 0.71008294 1.08431495
vt 0.71008294 1.07430165
vt 0.71008294 1.06382991
vt 0.71008294 1.05256342
vt 0.71008294 1.04069379
vt 0.71008294 1.02847112
vt 0.71008294 1.01583009
vt 0.71008294 1.00313647
vt 0.71008294 0.99129158
vt 0.71008294 0.98112072
vt 0.71008294 0.97279603
vt 0.71008294 0.96551062
vt 0.71008294 0.95851621
vt 0.71008294 0.95166506
vt 0.71008294 0.94488183
vt 0.71008294 0.93810192
vt 0.71008294 0.93137184
vt 0.71008294 0.92458142
vt 0.71008294 0.91665534
vt 0.71008294 0.90769251
vt 0.71008294 0.89942702
vt 0.71008294 0.89369945
vn 0.974643 -0.086958 -0.206179
vn 0.974487 -0.088766 -0.206146
vn 0.976456 -0.062172 -0.206563
vn 0.978140 0.020670 -0.206919
vn 0.964190 0.169514 -0.203968
vn 0.925399 0.324521 -0.195762
vn 0.878122 0.440903 -0.185761
vn 0.812999 0.556286 -0.171984
vn 0.697008 0.701740 -0.147447
vn 0.497973 0.860771 -0.105343
vn 0.252375 0.966156 -0.053388
vn -0.013029 0.999911 0.002756
vn -0.309318 0.948705 0.065434
vn -0.549887 0.827099 0.116325
vn -0.694654 0.704175 0.146949
vn -0.796366 0.580880 0.168466
vn -0.877775 0.441623 0.185687
vn -0.932347 0.303034 0.197232
vn -0.961929 0.182441 0.203489
vn -0.975860 0.071287 0.206436
vn -0.977684 -0.036857 0.206822
vn -0.968860 -0.138938 0.204956
vn -0.951147 -0.234168 0.201209
vn -0.920593 -0.338502 0.194745
vn -0.849323 -0.496356 0.179668
vn -0.704841 -0.693518 0.149104
vn -0.578011 -0.806816 0.122274
vn -0.577298 -0.807349 0.122123
vn -0.638336 -0.757821 0.135036
vn -0.670953 -0.727789 0.141935
vn -0.709903 -0.688102 0.150175
vn -0.795182 -0.582571 0.168215
vn -0.899942 -0.392252 0.190376
vn -0.955267 -0.215936 0.202080
vn -0.970515 -0.126295 0.205306
vn -0.973272 -0.101742 0.205889
vn -0.978349 0.000000 0.206963
vn 0.977459 -0.087957 -0.191932
vn 0.977248 -0.090360 -0.191890
vn 0.979258 -0.063873 -0.192285
vn 0.981036 0.021475 -0.192634
vn 0.965503 0.178501 -0.189584
vn 0.921247 0.344356 -0.180894
vn 0.866754 0.468798 -0.170194
vn 0.791183 0.591519 -0.155355
vn 0.658721 0.741186 -0.129345
vn 0.443529 0.892019 -0.087090
vn 0.196373 0.979771 -0.038559
vn -0.056078 0.998366 0.011011
vn -0.329152 0.942062 0.064632
vn -0.550992 0.827467 0.108192
vn -0.687777 0.713249 0.135051
vn -0.787272 0.596914 0.154587
vn -0.870657 0.461226 0.170960
vn -0.929439 0.320680 0.182503
vn -0.962528 0.194473 0.189000
vn -0.978410 0.076187 0.192119
vn -0.980505 -0.039278 0.192530
vn -0.970601 -0.147005 0.190585
vn -0.951155 -0.245808 0.186767
vn -0.918283 -0.352483 0.180312
vn -0.843391 -0.511142 0.165607
vn -0.698077 -0.702780 0.137073
vn -0.576893 -0.808927 0.113278
vn -0.579017 -0.807349 0.113695
vn -0.640237 -0.757821 0.125716
vn -0.672951 -0.727789 0.132139
vn -0.712017 -0.688102 0.139810
vn -0.797550 -0.582571 0.156605
vn -0.902621 -0.392252 0.177237
vn -0.958111 -0.215936 0.188133
vn -0.973405 -0.126295 0.191136
vn -0.976170 -0.101742 0.191679
vn -0.981262 0.000000 0.192679
vn 0.980104 -0.088860 -0.177480
vn 0.979840 -0.091818 -0.177432
vn 0.981887 -0.065458 -0.177803
vn 0.983754 0.022242 -0.178141
vn 0.966588 0.187273 -0.175032
vn 0.916536 0.363891 -0.165969
vn 0.854358 0.496122 -0.154709
vn 0.767742 0.625496 -0.139025
vn 0.618781 0.777531 -0.112050
vn 0.390101 0.918058 -0.070640
vn 0.144751 0.989121 -0.026212
vn -0.094146 0.995412 0.017048
vn -0.346518 0.935942 0.062748
vn -0.552055 0.827793 0.099968
vn -0.681463 0.721374 0.123401
vn -0.778472 0.611645 0.140968
vn -0.863300 0.479868 0.156329
vn -0.926088 0.337991 0.167698
vn -0.962789 0.206497 0.174344
vn -0.980754 0.081121 0.177597
vn -0.983141 -0.041702 0.178030
vn -0.972111 -0.154958 0.176032
vn -0.950924 -0.257085 0.172196
vn -0.915807 -0.365781 0.165837
vn -0.837578 -0.524843 0.151671
vn -0.691856 -0.711084 0.125283
vn -0.575963 -0.810795 0.104297
vn -0.580631 -0.807349 0.105142
vn -0.642022 -0.757821 0.116259
vn -0.674826 -0.727789 0.122199
vn -0.714002 -0.688102 0.129293
vn -0.799773 -0.582571 0.144825
vn -0.905137 -0.392252 0.163905
vn -0.960782 -0.215936 0.173981
vn -0.976118 -0.126295 0.176758
vn -0.978891 -0.101742 0.177260
vn -0.983997 0.000000 0.178185
vn 0.982575 -0.089632 -0.162828
vn 0.982263 -0.093078 -0.162777
vn 0.984339 -0.066849 -0.163121
vn 0.986286 0.022929 -0.163443
vn 0.967546 0.195311 -0.160338
vn 0.911761 0.381920 -0.151093
vn 0.841974 0.521164 -0.139528
vn 0.744544 0.656072 -0.123383
vn 0.580359 0.808662 -0.096175
vn 0.341545 0.938159 -0.056600
vn 0.100253 0.994823 -0.016614
vn -0.125953 0.991817 0.020872
vn -0.360996 0.930646 0.059823
vn -0.553087 0.828066 0.091655
vn -0.676087 0.728254 0.112038
vn -0.770597 0.624398 0.127700
vn -0.856349 0.496516 0.141911
vn -0.922695 0.353913 0.152905
vn -0.962871 0.217761 0.159563
vn -0.982909 0.085778 0.162884
vn -0.985591 -0.043978 0.163328
vn -0.973463 -0.162315 0.161318
vn -0.950637 -0.267342 0.157536
vn -0.913483 -0.377668 0.151379
vn -0.832358 -0.536799 0.137935
vn -0.686554 -0.718122 0.113773
vn -0.575306 -0.812363 0.095337
vn -0.582135 -0.807349 0.096469
vn -0.643684 -0.757821 0.106669
vn -0.676574 -0.727789 0.112119
vn -0.715851 -0.688102 0.118628
vn -0.801845 -0.582571 0.132878
vn -0.907481 -0.392252 0.150384
vn -0.963270 -0.215936 0.159629
vn -0.978646 -0.126295 0.162177
vn -0.981426 -0.101742 0.162638
vn -0.986546 0.000000 0.163486
vn 0.984864 -0.090241 -0.147983
vn 0.984513 -0.094079 -0.147930
vn 0.986612 -0.067970 -0.148246
vn 0.988626 0.023492 -0.148548
vn 0.968507 0.202032 -0.145525
vn 0.907596 0.397079 -0.136373
vn 0.831012 0.542059 -0.124866
vn 0.724056 0.681107 -0.108795
vn 0.547220 0.832940 -0.082224
vn 0.301621 0.952350 -0.045321
vn 0.065120 0.997829 -0.009785
vn -0.150550 0.988344 0.022621
vn -0.372264 0.926440 0.055935
vn -0.554096 0.828279 0.083257
vn -0.672001 0.733635 0.100973
vn -0.764303 0.634548 0.114842
vn -0.850556 0.510119 0.127802
vn -0.919791 0.367265 0.138205
vn -0.962999 0.227366 0.144698
vn -0.984906 0.089778 0.147989
vn -0.987856 -0.045924 0.148433
vn -0.974756 -0.168518 0.146464
vn -0.950527 -0.275862 0.142824
vn -0.911680 -0.387395 0.136987
vn -0.828237 -0.546384 0.124449
vn -0.682525 -0.723631 0.102555
vn -0.574999 -0.813580 0.086398
vn -0.583524 -0.807349 0.087679
vn -0.645220 -0.757821 0.096949
vn -0.678188 -0.727789 0.101903
vn -0.717559 -0.688102 0.107819
vn -0.803757 -0.582571 0.120771
vn -0.909646 -0.392252 0.136681
vn -0.965568 -0.215936 0.145084
vn -0.980981 -0.126295 0.147400
vn -0.983767 -0.101742 0.147818
vn -0.988899 0.000000 0.148589
vn 0.986968 -0.090660 -0.132951
vn 0.986588 -0.094774 -0.132900
vn 0.988704 -0.068755 -0.133185
vn 0.990766 0.023891 -0.133462
vn 0.969611 0.206870 -0.130613
vn 0.904795 0.408032 -0.121882
vn 0.823046 0.557049 -0.110869
vn 0.708944 0.698769 -0.095499
vn 0.523074 0.849370 -0.070461
vn 0.273474 0.961174 -0.036839
vn 0.040985 0.999145 -0.005521
vn -0.167291 0.985650 0.022535
vn -0.380089 0.923532 0.051200
vn -0.555089 0.828423 0.074774
vn -0.669502 0.737315 0.090186
vn -0.760189 0.641582 0.102402
vn -0.846683 0.519731 0.114053
vn -0.917965 0.376894 0.123656
vn -0.963441 0.234387 0.129782
vn -0.986780 0.092719 0.132925
vn -0.989937 -0.047349 0.133351
vn -0.976103 -0.173014 0.131487
vn -0.950837 -0.281964 0.128084
vn -0.910765 -0.394279 0.122686
vn -0.825683 -0.553062 0.111225
vn -0.680070 -0.727401 0.091610
vn -0.575098 -0.814408 0.077469
vn -0.584792 -0.807349 0.078775
vn -0.646623 -0.757821 0.087104
vn -0.679662 -0.727789 0.091555
vn -0.719119 -0.688102 0.096870
vn -0.805505 -0.582571 0.108506
vn -0.911624 -0.392252 0.122801
vn -0.967667 -0.215936 0.130351
vn -0.983113 -0.126295 0.132431
vn -0.985906 -0.101742 0.132808
vn -0.991049 0.000000 0.133500
vn 0.988878 -0.090870 -0.117737
vn 0.988484 -0.095124 -0.117690
vn 0.990610 -0.069153 -0.117943
vn 0.992698 0.024096 -0.118192
vn 0.970978 0.209371 -0.115606
vn 0.904026 0.413706 -0.107634
vn 0.819457 0.564775 -0.097566
vn 0.701491 0.707767 -0.083520
vn 0.510861 0.857509 -0.060824
vn 0.259309 0.965301 -0.030874
vn 0.028892 0.999577 -0.003440
vn -0.175776 0.984208 0.020928
vn -0.384317 0.922067 0.045757
vn -0.556069 0.828495 0.066206
vn -0.668808 0.739158 0.079629
vn -0.758714 0.645131 0.090333
vn -0.845353 0.524640 0.100649
vn -0.917732 0.381876 0.109266
vn -0.964441 0.238052 0.114828
vn -0.988566 0.094260 0.117700
vn -0.991838 -0.048095 0.118090
vn -0.977602 -0.175348 0.116395
vn -0.951773 -0.285108 0.113319
vn -0.911038 -0.397799 0.108469
vn -0.825058 -0.556443 0.098233
vn -0.679406 -0.729290 0.080891
vn -0.575646 -0.814821 0.068537
vn -0.585936 -0.807349 0.069762
vn -0.647887 -0.757821 0.077138
vn -0.680991 -0.727789 0.081080
vn -0.720525 -0.688102 0.085787
vn -0.807080 -0.582571 0.096092
vn -0.913406 -0.392252 0.108751
vn -0.969560 -0.215936 0.115437
vn -0.985036 -0.126295 0.117280
vn -0.987834 -0.101742 0.117613
vn -0.992987 0.000000 0.118226
vn 0.990590 -0.090863 -0.102350
vn 0.990195 -0.095112 -0.102309
vn 0.992324 -0.069139 -0.102529
vn 0.994416 0.024089 -0.102745
vn 0.972677 0.209285 -0.100499
vn 0.905678 0.413510 -0.093576
vn 0.821056 0.564509 -0.084833
vn 0.703012 0.707459 -0.072637
vn 0.512203 0.857232 -0.052922
vn 0.260262 0.965164 -0.026891
vn 0.029357 0.999564 -0.003033
vn -0.175803 0.984258 0.018164
vn -0.384863 0.922117 0.039765
vn -0.557035 0.828493 0.057554
vn -0.670034 0.739095 0.069229
vn -0.760128 0.645009 0.078538
vn -0.846919 0.524472 0.087505
vn -0.919390 0.381704 0.094993
vn -0.966140 0.237926 0.099824
vn -0.990281 0.094206 0.102318
vn -0.993555 -0.048069 0.102656
vn -0.979308 -0.175267 0.101184
vn -0.953452 -0.284999 0.098513
vn -0.912666 -0.397678 0.094299
vn -0.826563 -0.556327 0.085402
vn -0.680650 -0.729226 0.070326
vn -0.576662 -0.814807 0.059582
vn -0.586949 -0.807349 0.060645
vn -0.649008 -0.757821 0.067057
vn -0.682170 -0.727789 0.070483
vn -0.721771 -0.688102 0.074575
vn -0.808476 -0.582571 0.083533
vn -0.914987 -0.392252 0.094538
vn -0.971237 -0.215936 0.100350
vn -0.986740 -0.126295 0.101952
vn -0.989543 -0.101742 0.102242
vn -0.994705 0.000000 0.102775
vn 0.992094 -0.090639 -0.086796
vn 0.991714 -0.094739 -0.086762
vn 0.993840 -0.068715 -0.086948
vn 0.995911 0.023871 -0.087130
vn 0.974698 0.206622 -0.085274
vn 0.909744 0.407470 -0.079591
vn 0.827832 0.556282 -0.072425
vn 0.713498 0.697871 -0.062422
vn 0.527103 0.848549 -0.046115
vn 0.276365 0.960749 -0.024178
vn 0.042424 0.999093 -0.003712
vn -0.167335 0.985791 0.014640
vn -0.381711 0.923678 0.033395
vn -0.557982 0.828416 0.048816
vn -0.673180 0.737130 0.058895
vn -0.764432 0.641226 0.066878
vn -0.851376 0.519241 0.074485
vn -0.922932 0.376400 0.080745
vn -0.968531 0.234025 0.084734
vn -0.991918 0.092567 0.086780
vn -0.995081 -0.047276 0.087057
vn -0.981212 -0.172783 0.085844
vn -0.955866 -0.281652 0.083626
vn -0.915644 -0.393928 0.080107
vn -0.830193 -0.552724 0.072631
vn -0.683801 -0.727212 0.059824
vn -0.578143 -0.814366 0.050580
vn -0.587829 -0.807349 0.051428
vn -0.649980 -0.757821 0.056865
vn -0.683192 -0.727789 0.059771
vn -0.722853 -0.688102 0.063241
vn -0.809687 -0.582571 0.070837
vn -0.916357 -0.392252 0.080170
vn -0.972692 -0.215936 0.085098
vn -0.988218 -0.126295 0.086457
vn -0.991025 -0.101742 0.086702
vn -0.996195 0.000000 0.087154
vn 0.993383 -0.090207 -0.071083
vn 0.993031 -0.094024 -0.071058
vn 0.995147 -0.067907 -0.071209
vn 0.997175 0.023460 -0.071354
vn 0.976960 0.201650 -0.069908
vn 0.915816 0.396216 -0.065533
vn 0.838958 0.540874 -0.060033
vn 0.731619 0.679700 -0.052352
vn 0.553949 0.831606 -0.039639
vn 0.306538 0.951606 -0.021935
vn 0.067654 0.997697 -0.004841
vn -0.150510 0.988550 0.010770
vn -0.374909 0.926673 0.026827
vn -0.558905 0.828267 0.039993
vn -0.678131 0.733338 0.048525
vn -0.771374 0.633984 0.055197
vn -0.858362 0.509354 0.061421
vn -0.928043 0.366506 0.066408
vn -0.971454 0.226816 0.069514
vn -0.993442 0.089548 0.071087
vn -0.996402 -0.045812 0.071299
vn -0.983245 -0.168165 0.070358
vn -0.958884 -0.275380 0.068614
vn -0.919792 -0.386848 0.065817
vn -0.835746 -0.545850 0.059803
vn -0.688745 -0.723327 0.049284
vn -0.580064 -0.813513 0.041507
vn -0.588569 -0.807349 0.042116
vn -0.650799 -0.757821 0.046569
vn -0.684052 -0.727789 0.048948
vn -0.723763 -0.688102 0.051790
vn -0.810707 -0.582571 0.058011
vn -0.917512 -0.392252 0.065654
vn -0.973917 -0.215936 0.069690
vn -0.989463 -0.126295 0.070803
vn -0.992274 -0.101742 0.071004
vn -0.997450 0.000000 0.071374
vn 0.994447 -0.089588 -0.055220
vn 0.994134 -0.093005 -0.055203
vn 0.996234 -0.066768 -0.055320
vn 0.998200 0.022889 -0.055429
vn 0.979327 0.194836 -0.054381
vn 0.923214 0.380851 -0.051265
vn 0.853043 0.519686 -0.047368
vn 0.755086 0.654284 -0.041929
vn 0.589801 0.806885 -0.032751
vn 0.348608 0.937069 -0.019358
vn 0.104065 0.994554 -0.005779
vn -0.125668 0.992048 0.006978
vn -0.364582 0.930951 0.020245
vn -0.559790 0.828051 0.031084
vn -0.684669 0.727862 0.038019
vn -0.780491 0.623663 0.043340
vn -0.867247 0.495544 0.048157
vn -0.934195 0.352971 0.051875
vn -0.974650 0.217089 0.054121
vn -0.994806 0.085499 0.055240
vn -0.997502 -0.043842 0.055390
vn -0.985293 -0.161878 0.054712
vn -0.962287 -0.266738 0.053435
vn -0.924799 -0.376974 0.051353
vn -0.842851 -0.536108 0.046802
vn -0.695260 -0.717720 0.038607
vn -0.582379 -0.812274 0.032339
vn -0.589166 -0.807349 0.032716
vn -0.651459 -0.757821 0.036175
vn -0.684746 -0.727789 0.038023
vn -0.724498 -0.688102 0.040230
vn -0.811530 -0.582571 0.045063
vn -0.918443 -0.392252 0.051000
vn -0.974906 -0.215936 0.054135
vn -0.990467 -0.126295 0.054999
vn -0.993281 -0.101742 0.055156
vn -0.998462 0.000000 0.055443
vn 0.995276 -0.088808 -0.039217
vn 0.995011 -0.091733 -0.039206
vn 0.997088 -0.065365 -0.039288
vn 0.998978 0.022197 -0.039363
vn 0.981646 0.186749 -0.038680
vn 0.931176 0.362720 -0.036691
vn 0.868510 0.494489 -0.034222
vn 0.781231 0.623482 -0.030783
vn 0.630947 0.775427 -0.024861
vn 0.399438 0.916625 -0.015739
vn 0.150057 0.988660 -0.005913
vn -0.093414 0.995621 0.003681
vn -0.350935 0.936298 0.013828
vn -0.560626 0.827775 0.022090
vn -0.692494 0.720907 0.027286
vn -0.791179 0.610790 0.031175
vn -0.877260 0.478769 0.034567
vn -0.940791 0.336955 0.037070
vn -0.977841 0.205771 0.038530
vn -0.995956 0.080822 0.039244
vn -0.998361 -0.041555 0.039338
vn -0.987230 -0.154481 0.038900
vn -0.965817 -0.256414 0.038056
vn -0.930287 -0.364997 0.036656
vn -0.851031 -0.524044 0.033533
vn -0.703044 -0.710607 0.027702
vn -0.585024 -0.810688 0.023052
vn -0.589616 -0.807349 0.023233
vn -0.651957 -0.757821 0.025689
vn -0.685269 -0.727789 0.027002
vn -0.725051 -0.688102 0.028569
vn -0.812150 -0.582571 0.032001
vn -0.919144 -0.392252 0.036217
vn -0.975650 -0.215936 0.038444
vn -0.991223 -0.126295 0.039057
vn -0.994039 -0.101742 0.039168
vn -0.999225 0.000000 0.039372
vn 0.995862 -0.087900 -0.023082
vn 0.995650 -0.090268 -0.023077
vn 0.997696 -0.063775 -0.023125
vn 0.999502 0.021428 -0.023167
vn 0.983772 0.177969 -0.022802
vn 0.939018 0.343177 -0.021765
vn 0.883944 0.467144 -0.020488
vn 0.807592 0.589444 -0.018719
vn 0.673623 0.738910 -0.015613
vn 0.455254 0.890299 -0.010552
vn 0.203393 0.979086 -0.004714
vn -0.054668 0.998504 0.001267
vn -0.334272 0.942445 0.007748
vn -0.561394 0.827447 0.013012
vn -0.701246 0.712734 0.016254
vn -0.802775 0.595992 0.018607
vn -0.887639 0.460080 0.020574
vn -0.947287 0.319633 0.021957
vn -0.980787 0.193753 0.022733
vn -0.996848 0.075893 0.023105
vn -0.998966 -0.039133 0.023154
vn -0.988941 -0.146525 0.022922
vn -0.969232 -0.245122 0.022465
vn -0.935874 -0.351666 0.021692
vn -0.859772 -0.510288 0.019928
vn -0.711735 -0.702254 0.016497
vn -0.587916 -0.808807 0.013627
vn -0.589915 -0.807349 0.013673
vn -0.652288 -0.757821 0.015119
vn -0.685617 -0.727789 0.015891
vn -0.725419 -0.688102 0.016814
vn -0.812562 -0.582571 0.018834
vn -0.919611 -0.392252 0.021315
vn -0.976145 -0.215936 0.022625
vn -0.991726 -0.126295 0.022987
vn -0.994544 -0.101742 0.023052
vn -0.999731 0.000000 0.023172
vn 0.996194 -0.086899 -0.006828
vn 0.996037 -0.088674 -0.006827
vn 0.998048 -0.062074 -0.006841
vn 0.999764 0.020624 -0.006852
vn 0.985591 0.169009 -0.006755
vn 0.946237 0.323410 -0.006485
vn 0.898301 0.439338 -0.006157
vn 0.832301 0.554295 -0.005705
vn 0.714653 0.699462 -0.004898
vn 0.512174 0.858874 -0.003510
vn 0.261309 0.965254 -0.001791
vn -0.010709 0.999943 0.000073
vn -0.314998 0.949090 0.002159
vn -0.562075 0.827077 0.003852
vn -0.710541 0.703639 0.004870
vn -0.814635 0.579948 0.005583
vn -0.897729 0.440505 0.006153
vn -0.953272 0.302044 0.006534
vn -0.983318 0.181772 0.006740
vn -0.997452 0.071016 0.006836
vn -0.999302 -0.036722 0.006849
vn -0.990341 -0.138486 0.006788
vn -0.972332 -0.233510 0.006664
vn -0.941230 -0.337704 0.006451
vn -0.868587 -0.495501 0.005953
vn -0.720948 -0.692972 0.004941
vn -0.590960 -0.806690 0.004050
vn -0.590060 -0.807349 0.004044
vn -0.652448 -0.757821 0.004472
vn -0.685785 -0.727789 0.004700
vn -0.725597 -0.688102 0.004973
vn -0.812761 -0.582571 0.005571
vn -0.919836 -0.392252 0.006304
vn -0.976385 -0.215936 0.006692
vn -0.991969 -0.126295 0.006799
vn -0.994787 -0.101742 0.006818
vn -0.999977 0.000000 0.006854
vn 0.996263 -0.085843 0.009535
vn 0.996162 -0.087013 0.009534
vn 0.998132 -0.060336 0.009553
vn 0.999758 0.019820 0.009569
vn 0.987027 0.160279 0.009447
vn 0.952519 0.304342 0.009117
vn 0.910951 0.412423 0.008719
vn 0.854210 0.519864 0.008176
vn 0.751840 0.659307 0.007196
vn 0.566787 0.823847 0.005425
vn 0.320779 0.947149 0.003070
vn 0.036849 0.999321 0.000353
vn -0.293635 0.955914 -0.002810
vn -0.562649 0.826679 -0.005385
vn -0.719991 0.693949 -0.006891
vn -0.826193 0.563331 -0.007908
vn -0.907042 0.420951 -0.008681
vn -0.958482 0.285006 -0.009174
vn -0.985335 0.170368 -0.009431
vn -0.997747 0.066404 -0.009550
vn -0.999361 -0.034431 -0.009565
vn -0.991373 -0.130731 -0.009489
vn -0.974976 -0.222113 -0.009332
vn -0.946100 -0.323747 -0.009055
vn -0.877054 -0.480318 -0.008394
vn -0.730297 -0.683094 -0.006990
vn -0.594055 -0.804405 -0.005686
vn -0.590047 -0.807349 -0.005647
vn -0.652433 -0.757821 -0.006245
vn -0.685770 -0.727789 -0.006564
vn -0.725581 -0.688102 -0.006945
vn -0.812743 -0.582571 -0.007779
vn -0.919815 -0.392252 -0.008804
vn -0.976363 -0.215936 -0.009345
vn -0.991947 -0.126295 -0.009494
vn -0.994765 -0.101742 -0.009521
vn -0.999954 0.000000 -0.009571
vn 0.996061 -0.084769 0.025995
vn 0.996012 -0.085346 0.025994
vn 0.997940 -0.058624 0.026044
vn 0.999478 0.019047 0.026084
vn 0.988032 0.152077 0.025785
vn 0.957720 0.286613 0.024994
vn 0.921615 0.387359 0.024052
vn 0.872811 0.487527 0.022778
vn 0.784009 0.620412 0.020461
vn 0.616572 0.787134 0.016091
vn 0.378880 0.925393 0.009888
vn 0.086140 0.996280 0.002248
vn -0.270810 0.962607 -0.007068
vn -0.563093 0.826263 -0.014696
vn -0.729236 0.683998 -0.019031
vn -0.836997 0.546772 -0.021844
vn -0.915260 0.402155 -0.023886
vn -0.962785 0.269097 -0.025127
vn -0.986799 0.159889 -0.025753
vn -0.997724 0.062193 -0.026038
vn -0.999137 -0.032328 -0.026075
vn -0.992005 -0.123511 -0.025889
vn -0.977082 -0.211330 -0.025500
vn -0.950312 -0.310308 -0.024801
vn -0.884846 -0.465311 -0.023093
vn -0.739424 -0.672963 -0.019297
vn -0.597091 -0.802023 -0.015583
vn -0.589873 -0.807349 -0.015394
vn -0.652241 -0.757821 -0.017022
vn -0.685568 -0.727789 -0.017892
vn -0.725367 -0.688102 -0.018930
vn -0.812503 -0.582571 -0.021205
vn -0.919545 -0.392252 -0.023998
vn -0.976075 -0.215936 -0.025473
vn -0.991655 -0.126295 -0.025880
vn -0.994472 -0.101742 -0.025954
vn -0.999660 0.000000 -0.026089
vn 0.995582 -0.083712 0.042538
vn 0.995580 -0.083727 0.042538
vn 0.997465 -0.056992 0.042619
vn 0.998921 0.018325 0.042681
vn 0.988588 0.144599 0.042239
vn 0.961809 0.270617 0.041095
vn 0.930261 0.364739 0.039747
vn 0.888046 0.458185 0.037944
vn 0.810817 0.584274 0.034644
vn 0.660045 0.750696 0.028202
vn 0.433142 0.901136 0.018507
vn 0.135192 0.990803 0.005776
vn -0.247247 0.968895 -0.010564
vn -0.563386 0.825843 -0.024072
vn -0.737953 0.674115 -0.031531
vn -0.846712 0.530821 -0.036177
vn -0.922215 0.384666 -0.039404
vn -0.966143 0.254684 -0.041280
vn -0.987705 0.150528 -0.042202
vn -0.997380 0.058450 -0.042615
vn -0.998625 -0.030451 -0.042668
vn -0.992228 -0.116985 -0.042395
vn -0.978609 -0.201437 -0.041813
vn -0.953766 -0.297776 -0.040752
vn -0.891728 -0.450964 -0.038101
vn -0.748012 -0.662915 -0.031960
vn -0.599960 -0.799619 -0.025635
vn -0.589536 -0.807349 -0.025189
vn -0.651868 -0.757821 -0.027852
vn -0.685176 -0.727789 -0.029276
vn -0.724952 -0.688102 -0.030975
vn -0.812039 -0.582571 -0.034696
vn -0.919019 -0.392252 -0.039267
vn -0.975517 -0.215936 -0.041681
vn -0.991088 -0.126295 -0.042346
vn -0.993904 -0.101742 -0.042467
vn -0.999088 0.000000 -0.042688
vn 0.994817 -0.082704 0.059152
vn 0.994859 -0.082203 0.059154
vn 0.996699 -0.055482 0.059264
vn 0.998081 0.017670 0.059346
vn 0.988692 0.137959 0.058787
vn 0.964825 0.256555 0.057368
vn 0.936995 0.344872 0.055714
vn 0.900125 0.432332 0.053521
vn 0.832461 0.551868 0.049498
vn 0.696638 0.716226 0.041422
vn 0.481772 0.875828 0.028646
vn 0.182104 0.983220 0.010828
vn -0.223742 0.974558 -0.013304
vn -0.563506 0.825432 -0.033506
vn -0.745871 0.664612 -0.044349
vn -0.855117 0.515935 -0.050845
vn -0.927845 0.368862 -0.055170
vn -0.968574 0.241966 -0.057591
vn -0.988069 0.142368 -0.058750
vn -0.996715 0.055200 -0.059264
vn -0.997822 -0.028814 -0.059330
vn -0.992042 -0.111233 -0.058987
vn -0.979547 -0.192603 -0.058244
vn -0.956415 -0.286421 -0.056868
vn -0.897552 -0.437666 -0.053368
vn -0.755793 -0.653267 -0.044939
vn -0.602557 -0.797271 -0.035828
vn -0.589034 -0.807349 -0.035024
vn -0.651313 -0.757821 -0.038727
vn -0.684592 -0.727789 -0.040706
vn -0.724334 -0.688102 -0.043069
vn -0.811347 -0.582571 -0.048243
vn -0.918236 -0.392252 -0.054598
vn -0.974686 -0.215936 -0.057955
vn -0.990244 -0.126295 -0.058880
vn -0.993057 -0.101742 -0.059047
vn -0.998237 0.000000 -0.059355
f 1/1/1 38/38/38 39/39/39
f 1/1/1 39/39/39 2/2/2
f 2/2/2 39/39/39 40/40/40
f 2/2/2 40/40/40 3/3/3
f 3/3/3 40/40/40 41/41/41
f 3/3/3 41/41/41 4/4/4
f 4/4/4 41/41/41 42/42/42
f 4/4/4 42/42/42 5/5/5
f 5/5/5 42/42/42 43/43/43
f 5/5/5 43/43/43 6/6/6
f 6/6/6 43/43/43 44/44/44
f 6/6/6 44/44/44 7/7/7
f 7/7/7 44/44/44 45/45/45
f 7/7/7 45/45/45 8/8/8
f 8/8/8 45/45/45 46/46/46
f 8/8/8 46/46/46 9/9/9
f 9/9/9 46/46/46 47/47/47
f 9/9/9 47/47/47 10/10/10
f 10/10/10 47/47/47 48/48/48
f 10/10/10 48/48/48 11/11/11
f 11/11/11 48/48/48 49/49/49
f 11/11/11 49/49/49 12/12/12
f 12/12/12 49/49/49 50/50/50
f 12/12/12 50/50/50 13/13/13
f 13/13/13 50/50/50 51/51/51
f 13/13/13 51/51/51 14/14/14
f 14/14/14 51/51/51 52/52/52
f 14/14/14 52/52/52 15/15/15
f 15/15/15 52/52/52 53/53/53
f 15/15/15 53/53/53 16/16/16
f 16/16/16 53/53/53 54/54/54
f 16/16/16 54/54/54 17/17/17
f 17/17/17 54/54/54 55/55/55
f 17/17/17 55/55/55 18/18/18
f 18/18/18 55/55/55 56/56/56
f 18/18/18 56/56/56 19/19/19
f 19/19/19 56/56/56 57/57/57
f 19/19/19 57/57/57 20/20/20
f 20/20/20 57/57/57 58/58/58
f 20/20/20 58/58/58 21/21/21
f 21/21/21 58/58/58 59/59/59
f 21/21/21 59/59/59 22/22/22
f 22/22/22 59/59/59 60/60/60
f 22/22/22 60/60/60 23/23/23
f 23/23/23 60/60/60 61/61/61
f 23/23/23 61/61/61 24/24/24
f 24/24/24 61/61/61 62/62/62
f 24/24/24 62/62/62 25/25/25
f 25/25/25 62/62/62 63/63/63
f 25/25/25 63/63/63 26/26/26
f 26/26/26 63/63/63 64/64/64
f 26/26/26 64/64/64 27/27/27
f 27/27/27 64/64/64 65/65/65
f 27/27/27 65/65/65 28/28/28
f 28/28/28 65/65/65 66/66/66
f 28/28/28 66/66/66 29/29/29
f 29/29/29 66/66/66 67/67/67
f 29/29/29 67/67/67 30/30/30
f 30/30/30 67/67/67 68/68/68
f 30/30/30 68/68/68 31/31/31
f 31/31/31 68/68/68 69/69/69
f 31/31/31 69/69/69 32/32/32
f 32/32/32 69/69/69 70/70/70
f 32/32/32 70/70/70 33/33/33
f 33/33/33 70/70/70 71/71/71
f 33/33/33 71/71/71 34/34/34
f 34/34/34 71/71/71 72/72/72
f 34/34/34 72/72/72 35/35/35
f 35/35/35 72/72/72 73/73/73
f 35/35/35 73/73/73 36/36/36
f 36/36/36 73/73/73 74/74/74
f 36/36/36 74/74/74 37/37/37
f 38/38/38 75/75/75 76/76/76
f 38/38/38 76/76/76 39/39/39
f 39/39/39 76/76/76 77/77/77
f 39/39/39 77/77/77 40/40/40
f 40/40/40 77/77/77 78/78/78
f 40/40/40 78/78/78 41/41/41
f 41/41/41 78/78/78 79/79/79
f 41/41/41 79/79/79 42/42/42
f 42/42/42 79/79/79 80/80/80
f 42/42/42 80/80/80 43/43/43
f 43/43/43 80/80/80 81/81/81
f 43/43/43 81/81/81 44/44/44
f 44/44/44 81/81/81 82/82/82
f 44/44/44 82/82/82 45/45/45
f 45/45/45 82/82/82 83/83/83
f 45/45/45 83/83/83 46/46/46
f 46/46/46 83/83/83 84/84/84
f 46/46/46 84/84/84 47/47/47
f 47/47/47 84/84/84 85/85/85
f 47/47/47 85/85/85 48/48/48
f 48/48/48 85/85/85 86/86/86
f 48/48/48 86/86/86 49/49/49
f 49/49/49 86/86/86 87/87/87
f 49/49/49 87/87/87 50/50/50
f 50/50/50 87/87/87 88/88/88
f 50/50/50 88/88/88 51/51/51
f 51/51/51 88/88/88 89/89/89
f 51/51/51 89/89/89 52/52/52
f 52/52/52 89/89/89 90/90/90
f 52/52/52 90/90/90 53/53/53
f 53/53/53 90/90/90 91/91/91
f 53/53/53 91/91/91 54/54/54
f 54/54/54 91/91/91 92/92/92
f 54/54/54 92/92/92 55/55/55
f 55/55/55 92/92/92 93/93/93
f 55/55/55 93/93/93 56/56/56
f 56/56/56 93/93/93 94/94/94
f 56/56/56 94/94/94 57/57/57
f 57/57/57 94/94/94 95/95/95
f 57/57/57 95/95/95 58/58/58
f 58/58/58 95/95/95 96/96/96
f 58/58/58 96/96/96 59/59/59
f 59/59/59 96/96/96 97/97/97
f 59/59/59 97/97/97 60/60/60
f 60/60/60 97/97/97 98/98/98
f 60/60/60 98/98/98 61/61/61
f 61/61/61 98/98/98 99/99/99
f 61/61/61 99/99/99 62/62/62
f 62/62/62 99/99/99 100/100/100
f 62/62/62 100/100/100 63/63/63
f 63/63/63 100/100/100 101/101/101
f 63/63/63 101/101/101 64/64/64
f 64/64/64 101/101/101 102/102/102
f 64/64/64 102/102/102 65/65/65
f 65/65/65 102/102/102 103/103/103
f 65/65/65 103/103/103 66/66/66
f 66/66/66 103/103/103 104/104/104
f 66/66/66 104/104/104 67/67/67
f 67/67/67 104/104/104 105/105/105
f 67/67/67 105/105/105 68/68/68
f 68/68/68 105/105/105 106/106/106
f 68/68/68 106/106/106 69/69/69
f 69/69/69 106/106/106 107/107/107
f 69/69/69 107/107/107 70/70/70
f 70/70/70 107/107/107 108/108/108
f 70/70/70 108/108/108 71/71/71
f 71/71/71 108/108/108 109/109/109
f 71/71/71 109/109/109 72/72/72
f 72/72/72 109/109/109 110/110/110
f 72/72/72 110/110/110 73/73/73
f 73/73/73 110/110/110 111/111/111
f 73/73/73 111/111/111 74/74/74
f 75/75/75 112/112/112 113/113/113
f 75/75/75 113/113/113 76/76/76
f 76/76/76 113/113/113 114/114/114
f 76/76/76 114/114/114 77/77/77
f 77/77/77 114/114/114 115/115/115
f 77/77/77 115/115/115 78/78/78
f 78/78/78 115/115/115 116/116/116
f 78/78/78 116/116/116 79/79/79
f 79/79/79 116/116/116 117/117/117
f 79/79/79 117/117/117 80/80/80
f 80/80/80 117/117/117 118/118/118
f 80/80/80 118/118/118 81/81/81
f 81/81/81 118/118/118 119/119/119
f 81/81/81 119/119/119 82/82/82
f 82/82/82 119/119/119 120/120/120
f 82/82/82 120/120/120 83/83/83
f 83/83/83 120/120/120 121/121/121
f 83/83/83 121/121/121 84/84/84
f 84/84/84 121/121/121 122/122/122
f 84/84/84 122/122/122 85/85/85
f 85/85/85 122/122/122 123/123/123
f 85/85/85 123/123/123 86/86/86
f 86/86/86 123/123/123 124/124/124
f 86/86/86 124/124/124 87/87/87
f 87/87/87 124/124/124 125/125/125
f 87/87/87 125/125/125 88/88/88
f 88/88/88 125/125/125 126/126/126
f 88/88/88 126/126/126 89/89/89
f 89/89/89 126/126/126 127/127/127
f 89/89/89 127/127/127 90/90/90
f 90/90/90 127/127/127 128/128/128
f 90/90/90 128/128/128 91/91/91
f 91/91/91 128/128/128 129/129/129
f 91/91/91 129/129/129 92/92/92
f 92/92/92 129/129/129 130/130/130
f 92/92/92 130/130/130 93/93/93
f 93/93/93 130/130/130 131/131/131
f 93/93/93 131/131/131 94/94/94
f 94/94/94 131/131/131 132/132/132
f 94/94/94 132/132/132 95/95/95
f 95/95/95 132/132/132 133/133/133
f 95/95/95 133/133/133 96/96/96
f 96/96/96 133/133/133 134/134/134
f 96/96/96 134/134/134 97/97/97
f 97/97/97 134/134/134 135/135/135
f 97/97/97 135/135/135 98/98/98
f 98/98/98 135/135/135 136/136/136
f 98/98/98 136/136/136 99/99/99
f 99/99/99 136/136/136 137/137/137
f 99/99/99 137/137/137 100/100/100
f 100/100/100 137/137/137 138/138/138
f 100/100/100 138/138/138 101/101/101
f 101/101/101 138/138/138 139/139/139
f 101/101/101 139/139/139 102/102/102
f 102/102/102 139/139/139 140/140/140
f 102/102/102 140/140/140 103/103/103
f 103/103/103 140/140/140 141/141/141
f 103/103/103 141/141/141 104/104/104
f 104/104/104 141/141/141 142/142/142
f 104/104/104 142/142/142 105/105/105
f 105/105/105 142/142/142 143/143/143
f 105/105/105 143/143/143 106/106/106
f 106/106/106 143/143/143 144/144/144
f 106/106/106 144/144/144 107/107/107
f 107/107/107 144/144/144 145/145/145
f 107/107/107 145/145/145 108/108/108
f 108/108/108 145/145/145 146/146/146
f 108/108/108 146/146/146 109/109/109
f 109/109/109 146/146/146 147/147/147
f 109/109/109 147/147/147 110/110/110
f 110/110/110 147/147/147 148/148/148
f 110/110/110 148/148/148 111/111/111
f 112/112/112 149/149/149 150/150/150
f 112/112/112 150/150/150 113/113/113
f 113/113/113 150/150/150 151/151/151
f 113/113/113 151/151/151 114/114/114
f 114/114/114 151/151/151 152/152/152
f 114/114/114 152/152/152 115/115/115
f 115/115/115 152/152/152 153/153/153
f 115/115/115 153/153/153 116/116/116
f 116/116/116 153/153/153 154/154/154
f 116/116/116 154/154/154 117/117/117
f 117/117/117 154/154/154 155/155/155
f 117/117/117 155/155/155 118/118/118
f 118/118/118 155/155/155 156/156/156
f 118/118/118 156/156/156 119/119/119
f 119/119/119 156/156/156 157/157/157
f 119/119/119 157/157/157 120/120/120
f 120/120/120 157/157/157 158/158/158
f 120/120/120 158/158/158 121/121/121
f 121/121/121 158/158/158 159/159/159
f 121/121/121 159/159/159 122/122/122
f 122/122/122 159/159/159 160/160/160
f 122/122/122 160/160/160 123/123/123
f 123/123/123 160/160/160 161/161/161
f 123/123/123 161/161/161 124/124/124
f 124/124/124 161/161/161 162/162/162
f 124/124/124 162/162/162 125/125/125
f 125/125/125 162/162/162 163/163/163
f 125/125/125 163/163/163 126/126/126
f 126/126/126 163/163/163 164/164/164
f 126/126/126 164/164/164 127/127/127
f 127/127/127 164/164/164 165/165/165
f 127/127/127 165/165/165 128/128/128
f 128/128/128 165/165/165 166/166/166
f 128/128/128 166/166/166 129/129/129
f 129/129/129 166/166/166 167/167/167
f 129/129/129 167/167/167 130/130/130
f 130/130/130 167/167/167 168/168/168
f 130/130/130 168/168/168 131/131/131
f 131/131/131 168/168/168 169/169/169
f 131/131/131 169/169/169 132/132/132
f 132/132/132 169/169/169 170/170/170
f 132/132/132 170/170/170 133/133/133
f 133/133/133 170/170/170 171/171/171
f 133/133/133 171/171/171 134/134/134
f 134/134/134 171/171/171 172/172/172
f 134/134/134 172/172/172 135/135/135
f 135/135/135 172/172/172 173/173/173
f 135/135/135 173/173/173 136/136/136
f 136/136/136 173/173/173 174/174/174
f 136/136/136 174/174/174 137/137/137
f 137/137/137 174/174/174 175/175/175
f 137/137/137 175/175/175 138/138/138
f 138/138/138 175/175/175 176/176/176
f 138/138/138 176/176/176 139/139/139
f 139/139/139 176/176/176 177/177/177
f 139/139/139 177/177/177 140/140/140
f 140/140/140 177/177/177 178/178/178
f 140/140/140 178/178/178 141/141/141
f 141/141/141 178/178/178 179/179/179
f 141/141/141 179/179/179 142/142/142
f 142/142/142 179/179/179 180/180/180
f 142/142/142 180/180/180 143/143/143
f 143/143/143 180/180/180 181/181/181
f 143/143/143 181/181/181 144/144/144
f 144/144/144 181/181/181 182/182/182
f 144/144/144 182/182/182 145/145/145
f 145/145/145 182/182/182 183/183/183
f 145/145/145 183/183/183 146/146/146
f 146/146/146 183/183/183 184/184/184
f 146/146/146 184/184/184 147/147/147
f 147/147/147 184/184/184 185/185/185
f 147/147/147 185/185/185 148/148/148
f 149/149/149 186/186/186 187/187/187
f 149/149/149 187/187/187 150/150/150
f 150/150/150 187/187/187 188/188/188
f 150/150/150 188/188/188 151/151/151
f 151/151/151 188/188/188 189/189/189
f 151/151/151 189/189/189 152/152/152
f 152/152/152 189/189/189 190/190/190
f 152/152/152 190/190/190 153/153/153
f 153/153/153 190/190/190 191/191/191
f 153/153/153 191/191/191 154/154/154
f 154/154/154 191/191/191 192/192/192
f 154/154/154 192/192/192 155/155/155
f 155/155/155 192/192/192 193/193/193
f 155/155/155 193/193/193 156/156/156
f 156/156/156 193/193/193 194/194/194
f 156/156/156 194/194/194 157/157/157
f 157/157/157 194/194/194 195/195/195
f 157/157/157 195/195/195 158/158/158
f 158/158/158 195/195/195 196/196/196
f 158/158/158 196/196/196 159/159/159
f 159/159/159 196/196/196 197/197/197
f 159/159/159 197/197/197 160/160/160
f 160/160/160 197/197/197 198/198/198
f 160/160/160 198/198/198 161/161/161
f 161/161/161 198/198/198 199/199/199
f 161/161/161 199/199/199 162/162/162
f 162/162/162 199/199/199 200/200/200
f 162/162/162 200/200/200 163/163/163
f 163/163/163 200/200/200 201/201/201
f 163/163/163 201/201/201 164/164/164
f 164/164/164 201/201/201 202/202/202
f 164/164/164 202/202/202 165/165/165
f 165/165/165 202/202/202 203/203/203
f 165/165/165 203/203/203 166/166/166
f 166/166/166 203/203/203 204/204/204
f 166/166/166 204/204/204 167/167/167
f 167/167/167 204/204/204 205/205/205
f 167/167/167 205/205/205 168/168/168
f 168/168/168 205/205/205 206/206/206
f 168/168/168 206/206/206 169/169/169
f 169/169/169 206/206/206 207/207/207
f 169/169/169 207/207/207 170/170/170
f 170/170/170 207/207/207 208/208/208
f 170/170/170 208/208/208 171/171/171
f 171/171/171 208/208/208 209/209/209
f 171/171/171 209/209/209 172/172/172
f 172/172/172 209/209/209 210/210/210
f 172/172/172 210/210/210 173/173/173
f 173/173/173 210/210/210 211/211/211
f 173/173/173 211/211/211 174/174/174
f 174/174/174 211/211/211 212/212/212
f 174/174/174 212/212/212 175/175/175
f 175/175/175 212/212/212 213/213/213
f 175/175/175 213/213/213 176/176/176
f 176/176/176 213/213/213 214/214/214
f 176/176/176 214/214/214 177/177/177
f 177/177/177 214/214/214 215/215/215
f 177/177/177 215/215/215 178/178/178
f 178/178/178 215/215/215 216/216/216
f 178/178/178 216/216/216 179/179/179
f 179/179/179 216/216/216 217/217/217
f 179/179/179 217/217/217 180/180/180
f 180/180/180 217/217/217 218/218/218
f 180/180/180 218/218/218 181/181/181
f 181/181/181 218/218/218 219/219/219
f 181/181/181 219/219/219 182/182/182
f 182/182/182 219/219/219 220/220/220
f 182/182/182 220/220/220 183/183/183
f 183/183/183 220/220/220 221/221/221
f 183/183/183 221/221/221 184/184/184
f 184/184/184 221/221/221 222/222/222
f 184/184/184 222/222/222 185/185/185
f 186/186/186 223/223/223 224/224/224
f 186/186/186 224/224/224 187/187/187
f 187/187/187 224/224/224 225/225/225
f 187/187/187 225/225/225 188/188/188
f 188/188/188 225/225/225 226/226/226
f 188/188/188 226/226/226 189/189/189
f 189/189/189 226/226/226 227/227/227
f 189/189/189 227/227/227 190/190/190
f 190/190/190 227/227/227 228/228/228
f 190/190/190 228/228/228 191/191/191
f 191/191/191 228/228/228 229/229/229
f 191/191/191 229/229/229 192/192/192
f 192/192/192 229/229/229 230/230/230
f 192/192/192 230/230/230 193/193/193
f 193/193/193 230/230/230 231/231/231
f 193/193/193 231/231/231 194/194/194
f 194/194/194 231/231/231 232/232/232
f 194/194/194 232/232/232 195/195/195
f 195/195/195 232/232/232 233/233/233
f 195/195/195 233/233/233 196/196/196
f 196/196/196 233/233/233 234/234/234
f 196/196/196 234/234/234 197/197/197
f 197/197/197 234/234/234 235/235/235
f 197/197/197 235/235/235 198/198/198
f 198/198/198 235/235/235 236/236/236
f 198/198/198 236/236/236 199/199/199
f 199/199/199 236/236/236 237/237/237
f 199/199/199 237/237/237 200/200/200
f 200/200/200 237/237/237 238/238/238
f 200/200/200 238/238/238 201/201/201
f 201/201/201 238/238/238 239/239/239
f 201/201/201 239/239/239 202/202/202
f 202/202/202 239/239/239 240/240/240
f 202/202/202 240/240/240 203/203/203
f 203/203/203 240/240/240 241/241/241
f 203/203/203 241/241/241 204/204/204
f 204/204/204 241/241/241 242/242/242
f 204/204/204 242/242/242 205/205/205
f 205/205/205 242/242/242 243/243/243
f 205/205/205 243/243/243 206/206/206
f 206/206/206 243/243/243 244/244/244
f 206/206/206 244/244/244 207/207/207
f 207/207/207 244/244/244 245/245/245
f 207/207/207 245/245/245 208/208/208
f 208/208/208 245/245/245 246/246/246
f 208/208/208 246/246/246 209/209/209
f 209/209/209 246/246/246 247/247/247
f 209/209/209 247/247/247 210/210/210
f 210/210/210 247/247/247 248/248/248
f 210/210/210 248/248/248 211/211/211
f 211/211/211 248/248/248 249/249/249
f 211/211/211 249/249/249 212/212/212
f 212/212/212 249/249/249 250/250/250
f 212/212/212 250/250/250 213/213/213
f 213/213/213 250/250/250 251/251/251
f 213/213/213 251/251/251 214/214/214
f 214/214/214 251/251/251 252/252/252
f 214/214/214 252/252/252 215/215/215
f 215/215/215 252/252/252 253/253/253
f 215/215/215 253/253/253 216/216/216
f 216/216/216 253/253/253 254/254/254
f 216/216/216 254/254/254 217/217/217
f 217/217/217 254/254/254 255/255/255
f 217/217/217 255/255/255 218/218/218
f 218/218/218 255/255/255 256/256/256
f 218/218/218 256/256/256 219/219/219
f 219/219/219 256/256/256 257/257/257
f 219/219/219 257/257/257 220/220/220
f 220/220/220 257/257/257 258/258/258
f 220/220/220 258/258/258 221/221/221
f 221/221/221 258/258/258 259/259/259
f 221/221/221 259/259/259 222/222/222
f 223/223/223 260/260/260 261/261/261
f 223/223/223 261/261/261 224/224/224
f 224/224/224 261/261/261 262/262/262
f 224/224/224 262/262/262 225/225/225
f 225/225/225 262/262/262 263/263/263
f 225/225/225 263/263/263 226/226/226
f 226/226/226 263/263/263 264/264/264
f 226/226/226 264/264/264 227/227/227
f 227/227/227 264/264/264 265/265/265
f 227/227/227 265/265/265 228/228/228
f 228/228/228 265/265/265 266/266/266
f 228/228/228 266/266/266 229/229/229
f 229/229/229 266/266/266 267/267/267
f 229/229/229 267/267/267 230/230/230
f 230/230/230 267/267/267 268/268/268
f 230/230/230 268/268/268 231/231/231
f 231/231/231 268/268/268 269/269/269
f 231/231/231 269/269/269 232/232/232
f 232/232/232 269/269/269 270/270/270
f 232/232/232 270/270/270 233/233/233
f 233/233/233 270/270/270 271/271/271
f 233/233/233 271/271/271 234/234/234
f 234/234/234 271/271/271 272/272/272
f 234/234/234 272/272/272 235/235/235
f 235/235/235 272/272/272 273/273/273
f 235/235/235 273/273/273 236/236/236
f 236/236/236 273/273/273 274/274/274
f 236/236/236 274/274/274 237/237/237
f 237/237/237 274/274/274 275/275/275
f 237/237/237 275/275/275 238/238/238
f 238/238/238 275/275/275 276/276/276
f 238/238/238 276/276/276 239/239/239
f 239/239/239 276/276/276 277/277/277
f 239/239/239 277/277/277 240/240/240
f 240/240/240 277/277/277 278/278/278
f 240/240/240 278/278/278 241/241/241
f 241/241/241 278/278/278 279/279/279
f 241/241/241 279/279/279 242/242/242
f 242/242/242 279/279/279 280/280/280
f 242/242/242 280/280/280 243/243/243
f 243/243/243 280/280/280 281/281/281
f 243/243/243 281/281/281 244/244/244
f 244/244/244 281/281/281 282/282/282
f 244/244/244 282/282/282 245/245/245
f 245/245/245 282/282/282 283/283/283
f 245/245/245 283/283/283 246/246/246
f 246/246/246 283/283/283 284/284/284
f 246/246/246 284/284/284 247/247/247
f 247/247/247 284/284/284 285/285/285
f 247/247/247 285/285/285 248/248/248
f 248/248/248 285/285/285 286/286/286
f 248/248/248 286/286/286 249/249/249
f 249/249/249 286/286/286 287/287/287
f 249/249/249 287/287/287 250/250/250
f 250/250/250 287/287/287 288/288/288
f 250/250/250 288/288/288 251/251/251
f 251/251/251 288/288/288 289/289/289
f 251/251/251 289/289/289 252/252/252
f 252/252/252 289/289/289 290/290/290
f 252/252/252 290/290/290 253/253/253
f 253/253/253 290/290/290 291/291/291
f 253/253/253 291/291/291 254/254/254
f 254/254/254 291/291/291 292/292/292
f 254/254/254 292/292/292 255/255/255
f 255/255/255 292/292/292 293/293/293
f 255/255/255 293/293/293 256/256/256
f 256/256/256 293/293/293 294/294/294
f 256/256/256 294/294/294 257/257/257
f 257/257/257 294/294/294 295/295/295
f 257/257/257 295/295/295 258/258/258
f 258/258/258 295/295/295 296/296/296
f 258/258/258 296/296/296 259/259/259
f 260/260/260 297/297/297 298/298/298
f 260/260/260 298/298/298 261/261/261
f 261/261/261 298/298/298 299/299/299
f 261/261/261 299/299/299 262/262/262
f 262/262/262 299/299/299 300/300/300
f 262/262/262 300/300/300 263/263/263
f 263/263/263 300/300/300 301/301/301
f 263/263/263 301/301/301 264/264/264
f 264/264/264 301/301/301 302/302/302
f 264/264/264 302/302/302 265/265/265
f 265/265/265 302/302/302 303/303/303
f 265/265/265 303/303/303 266/266/266
f 266/266/266 303/303/303 304/304/304
f 266/266/266 304/304/304 267/267/267
f 267/267/267 304/304/304 305/305/305
f 267/267/267 305/305/305 268/268/268
f 268/268/268 305/305/305 306/306/306
f 268/268/268 306/306/306 269/269/269
f 269/269/269 306/306/306 307/307/307
f 269/269/269 307/307/307 270/270/270
f 270/270/270 307/307/307 308/308/308
f 270/270/270 308/308/308 271/271/271
f 271/271/271 308/308/308 309/309/309
f 271/271/271 309/309/309 272/272/272
f 272/272/272 309/309/309 310/310/310
f 272/272/272 310/310/310 273/273/273
f 273/273/273 310/310/310 311/311/311
f 273/273/273 311/311/311 274/274/274
f 274/274/274 311/311/311 312/312/312
f 274/274/274 312/312/312 275/275/275
f 275/275/275 312/312/312 313/313/313
f 275/275/275 313/313/313 276/276/276
f 276/276/276 313/313/313 314/314/314
f 276/276/276 314/314/314 277/277/277
f 277/277/277 314/314/314 315/315/315
f 277/277/277 315/315/315 278/278/278
f 278/278/278 315/315/315 316/316/316
f 278/278/278 316/316/316 279/279/279
f 279/279/279 316/316/316 317/317/317
f 279/279/279 317/317/317 280/280/280
f 280/280/280 317/317/317 318/318/318
f 280/280/280 318/318/318 281/281/281
f 281/281/281 318/318/318 319/319/319
f 281/281/281 319/319/319 282/282/282
f 282/282/282 319/319/319 320/320/320
f 282/282/282 320/320/320 283/283/283
f 283/283/283 320/320/320 321/321/321
f 283/283/283 321/321/321 284/284/284
f 284/284/284 321/321/321 322/322/322
f 284/284/284 322/322/322 285/285/285
f 285/285/285 322/322/322 323/323/323
f 285/285/285 323/323/323 286/286/286
f 286/286/286 323/323/323 324/324/324
f 286/286/286 324/324/324 287/287/287
f 287/287/287 324/324/324 325/325/325
f 287/287/287 325/325/325 288/288/288
f 288/288/288 325/325/325 326/326/326
f 288/288/288 326/326/326 289/289/289
f 289/289/289 326/326/326 327/327/327
f 289/289/289 327/327/327 290/290/290
f 290/290/290 327/327/327 328/328/328
f 290/290/290 328/328/328 291/291/291
f 291/291/291 328/328/328 329/329/329
f 291/291/291 329/329/329 292/292/292
f 292/292/292 329/329/329 330/330/330
f 292/292/292 330/330/330 293/293/293
f 293/293/293 330/330/330 331/331/331
f 293/293/293 331/331/331 294/294/294
f 294/294/294 331/331/331 332/332/332
f 294/294/294 332/332/332 295/295/295
f 295/295/295 332/332/332 333/333/333
f 295/295/295 333/333/333 296/296/296
f 297/297/297 334/334/334 335/335/335
f 297/297/297 335/335/335 298/298/298
f 298/298/298 335/335/335 336/336/336
f 298/298/298 336/336/336 299/299/299
f 299/299/299 336/336/336 337/337/337
f 299/299/299 337/337/337 300/300/300
f 300/300/300 337/337/337 338/338/338
f 300/300/300 338/338/338 301/301/301
f 301/301/301 338/338/338 339/339/339
f 301/301/301 339/339/339 302/302/302
f 302/302/302 339/339/339 340/340/340
f 302/302/302 340/340/340 303/303/303
f 303/303/303 340/340/340 341/341/341
f 303/303/303 341/341/341 304/304/304
f 304/304/304 341/341/341 342/342/342
f 304/304/304 342/342/342 305/305/305
f 305/305/305 342/342/342 343/343/343
f 305/305/305 343/343/343 306/306/306
f 306/306/306 343/343/343 344/344/344
f 306/306/306 344/344/344 307/307/307
f 307/307/307 344/344/344 345/345/345
f 307/307/307 345/345/345 308/308/308
f 308/308/308 345/345/345 346/346/346
f 308/308/308 346/346/346 309/309/309
f 309/309/309 346/346/346 347/347/347
f 309/309/309 347/347/347 310/310/310
f 310/310/310 347/347/347 348/348/348
f 310/310/310 348/348/348 311/311/311
f 311/311/311 348/348/348 349/349/349
f 311/311/311 349/349/349 312/312/312
f 312/312/312 349/349/349 350/350/350
f 312/312/312 350/350/350 313/313/313
f 313/313/313 350/350/350 351/351/351
f 313/313/313 351/351/351 314/314/314
f 314/314/314 351/351/351 352/352/352
f 314/314/314 352/352/352 315/315/315
f 315/315/315 352/352/352 353/353/353
f 315/315/315 353/353/353 316/316/316
f 316/316/316 353/353/353 354/354/354
f 316/316/316 354/354/354 317/317/317
f 317/317/317 354/354/354 355/355/355
f 317/317/317 355/355/355 318/318/318
f 318/318/318 355/355/355 356/356/356
f 318/318/318 356/356/356 319/319/319
f 319/319/319 356/356/356 357/357/357
f 319/319/319 357/357/357 320/320/320
f 320/320/320 357/357/357 358/358/358
f 320/320/320 358/358/358 321/321/321
f 321/321/321 358/358/358 359/359/359
f 321/321/321 359/359/359 322/322/322
f 322/322/322 359/359/359 360/360/360
f 322/322/322 360/360/360 323/323/323
f 323/323/323 360/360/360 361/361/361
f 323/323/323 361/361/361 324/324/324
f 324/324/324 361/361/361 362/362/362
f 324/324/324 362/362/362 325/325/325
f 325/325/325 362/362/362 363/363/363
f 325/325/325 363/363/363 326/326/326
f 326/326/326 363/363/363 364/364/364
f 326/326/326 364/364/364 327/327/327
f 327/327/327 364/364/364 365/365/365
f 327/327/327 365/365/365 328/328/328
f 328/328/328 365/365/365 366/366/366
f 328/328/328 366/366/366 329/329/329
f 329/329/329 366/366/366 367/367/367
f 329/329/329 367/367/367 330/330/330
f 330/330/330 367/367/367 368/368/368
f 330/330/330 368/368/368 331/331/331
f 331/331/331 368/368/368 369/369/369
f 331/331/331 369/369/369 332/332/332
f 332/332/332 369/369/369 370/370/370
f 332/332/332 370/370/370 333/333/333
f 334/334/334 371/371/371 372/372/372
f 334/334/334 372/372/372 335/335/335
f 335/335/335 372/372/372 373/373/373
f 335/335/335 373/373/373 336/336/336
f 336/336/336 373/373/373 374/374/374
f 336/336/336 374/374/374 337/337/337
f 337/337/337 374/374/374 375/375/375
f 337/337/337 375/375/375 338/338/338
f 338/338/338 375/375/375 376/376/376
f 338/338/338 376/376/376 339/339/339
f 339/339/339 376/376/376 377/377/377
f 339/339/339 377/377/377 340/340/340
f 340/340/340 377/377/377 378/378/378
f 340/340/340 378/378/378 341/341/341
f 341/341/341 378/378/378 379/379/379
f 341/341/341 379/379/379 342/342/342
f 342/342/342 379/379/379 380/380/380
f 342/342/342 380/380/380 343/343/343
f 343/343/343 380/380/380 381/381/381
f 343/343/343 381/381/381 344/344/344
f 344/344/344 381/381/381 382/382/382
f 344/344/344 382/382/382 345/345/345
f 345/345/345 382/382/382 383/383/383
f 345/345/345 383/383/383 346/346/346
f 346/346/346 383/383/383 384/384/384
f 346/346/346 384/384/384 347/347/347
f 347/347/347 384/384/384 385/385/385
f 347/347/347 385/385/385 348/348/348
f 348/348/348 385/385/385 386/386/386
f 348/348/348 386/386/386 349/349/349
f 349/349/349 386/386/386 387/387/387
f 349/349/349 387/387/387 350/350/350
f 350/350/350 387/387/387 388/388/388
f 350/350/350 388/388/388 351/351/351
f 351/351/351 388/388/388 389/389/389
f 351/351/351 389/389/389 352/352/352
f 352/352/352 389/389/389 390/390/390
f 352/352/352 390/390/390 353/353/353
f 353/353/353 390/390/390 391/391/391
f 353/353/353 391/391/391 354/354/354
f 354/354/354 391/391/391 392/392/392
f 354/354/354 392/392/392 355/355/355
f 355/355/355 392/392/392 393/393/393
f 355/355/355 393/393/393 356/356/356
f 356/356/356 393/393/393 394/394/394
f 356/356/356 394/394/394 357/357/357
f 357/357/357 394/394/394 395/395/395
f 357/357/357 395/395/395 358/358/358
f 358/358/358 395/395/395 396/396/396
f 358/358/358 396/396/396 359/359/359
f 359/359/359 396/396/396 397/397/397
f 359/359/359 397/397/397 360/360/360
f 360/360/360 397/397/397 398/398/398
f 360/360/360 398/398/398 361/361/361
f 361/361/361 398/398/398 399/399/399
f 361/361/361 399/399/399 362/362/362
f 362/362/362 399/399/399 400/400/400
f 362/362/362 400/400/400 363/363/363
f 363/363/363 400/400/400 401/401/401
f 363/363/363 401/401/401 364/364/364
f 364/364/364 401/401/401 402/402/402
f 364/364/364 402/402/402 365/365/365
f 365/365/365 402/402/402 403/403/403
f 365/365/365 403/403/403 366/366/366
f 366/366/366 403/403/403 404/404/404
f 366/366/366 404/404/404 367/367/367
f 367/367/367 404/404/404 405/405/405
f 367/367/367 405/405/405 368/368/368
f 368/368/368 405/405/405 406/406/406
f 368/368/368 406/406/406 369/369/369
f 369/369/369 406/406/406 407/407/407
f 369/369/369 407/407/407 370/370/370
f 371/371/371 408/408/408 409/409/409
f 371/371/371 409/409/409 372/372/372
f 372/372/372 409/409/409 410/410/410
f 372/372/372 410/410/410 373/373/373
f 373/373/373 410/410/410 411/411/411
f 373/373/373 411/411/411 374/374/374
f 374/374/374 411/411/411 412/412/412
f 374/374/374 412/412/412 375/375/375
f 375/375/375 412/412/412 413/413/413
f 375/375/375 413/413/413 376/376/376
f 376/376/376 413/413/413 414/414/414
f 376/376/376 414/414/414 377/377/377
f 377/377/377 414/414/414 415/415/415
f 377/377/377 415/415/415 378/378/378
f 378/378/378 415/415/415 416/416/416
f 378/378/378 416/416/416 379/379/379
f 379/379/379 416/416/416 417/417/417
f 379/379/379 417/417/417 380/380/380
f 380/380/380 417/417/417 418/418/418
f 380/380/380 418/418/418 381/381/381
f 381/381/381 418/418/418 419/419/419
f 381/381/381 419/419/419 382/382/382
f 382/382/382 419/419/419 420/420/420
f 382/382/382 420/420/420 383/383/383
f 383/383/383 420/420/420 421/421/421
f 383/383/383 421/421/421 384/384/384
f 384/384/384 421/421/421 422/422/422
f 384/384/384 422/422/422 385/385/385
f 385/385/385 422/422/422 423/423/423
f 385/385/385 423/423/423 386/386/386
f 386/386/386 423/423/423 424/424/424
f 386/386/386 424/424/424 387/387/387
f 387/387/387 424/424/424 425/425/425
f 387/387/387 425/425/425 388/388/388
f 388/388/388 425/425/425 426/426/426
f 388/388/388 426/426/426 389/389/389
f 389/389/389 426/426/426 427/427/427
f 389/389/389 427/427/427 390/390/390
f 390/390/390 427/427/427 428/428/428
f 390/390/390 428/428/428 391/391/391
f 391/391/391 428/428/428 429/429/429
f 391/391/391 429/429/429 392/392/392
f 392/392/392 429/429/429 430/430/430
f 392/392/392 430/430/430 393/393/393
f 393/393/393 430/430/430 431/431/431
f 393/393/393 431/431/431 394/394/394
f 394/394/394 431/431/431 432/432/432
f 394/394/394 432/432/432 395/395/395
f 395/395/395 432/432/432 433/433/433
f 395/395/395 433/433/433 396/396/396
f 396/396/396 433/433/433 434/434/434
f 396/396/396 434/434/434 397/397/397
f 397/397/397 434/434/434 435/435/435
f 397/397/397 435/435/435 398/398/398
f 398/398/398 435/435/435 436/436/436
f 398/398/398 436/436/436 399/399/399
f 399/399/399 436/436/436 437/437/437
f 399/399/399 437/437/437 400/400/400
f 400/400/400 437/437/437 438/438/438
f 400/400/400 438/438/438 401/401/401
f 401/401/401 438/438/438 439/439/439
f 401/401/401 439/439/439 402/402/402
f 402/402/402 439/439/439 440/440/440
f 402/402/402 440/440/440 403/403/403
f 403/403/403 440/440/440 441/441/441
f 403/403/403 441/441/441 404/404/404
f 404/404/404 441/441/441 442/442/442
f 404/404/404 442/442/442 405/405/405
f 405/405/405 442/442/442 443/443/443
f 405/405/405 443/443/443 406/406/406
f 406/406/406 443/443/443 444/444/444
f 406/406/406 444/444/444 407/407/407
f 408/408/408 445/445/445 446/446/446
f 408/408/408 446/446/446 409/409/409
f 409/409/409 446/446/446 447/447/447
f 409/409/409 447/447/447 410/410/410
f 410/410/410 447/447/447 448/448/448
f 410/410/410 448/448/448 411/411/411
f 411/411/411 448/448/448 449/449/449
f 411/411/411 449/449/449 412/412/412
f 412/412/412 449/449/449 450/450/450
f 412/412/412 450/450/450 413/413/413
f 413/413/413 450/450/450 451/451/451
f 413/413/413 451/451/451 414/414/414
f 414/414/414 451/451/451 452/452/452
f 414/414/414 452/452/452 415/415/415
f 415/415/415 452/452/452 453/453/453
f 415/415/415 453/453/453 416/416/416
f 416/416/416 453/453/453 454/454/454
f 416/416/416 454/454/454 417/417/417
f 417/417/417 454/454/454 455/455/455
f 417/417/417 455/455/455 418/418/418
f 418/418/418 455/455/455 456/456/456
f 418/418/418 456/456/456 419/419/419
f 419/419/419 456/456/456 457/457/457
f 419/419/419 457/457/457 420/420/420
f 420/420/420 457/457/457 458/458/458
f 420/420/420 458/458/458 421/421/421
f 421/421/421 458/458/458 459/459/459
f 421/421/421 459/459/459 422/422/422
f 422/422/422 459/459/459 460/460/460
f 422/422/422 460/460/460 423/423/423
f 423/423/423 460/460/460 461/461/461
f 423/423/423 461/461/461 424/424/424
f 424/424/424 461/461/461 462/462/462
f 424/424/424 462/462/462 425/425/425
f 425/425/425 462/462/462 463/463/463
f 425/425/425 463/463/463 426/426/426
f 426/426/426 463/463/463 464/464/464
f 426/426/426 464/464/464 427/427/427
f 427/427/427 464/464/464 465/465/465
f 427/427/427 465/465/465 428/428/428
f 428/428/428 465/465/465 466/466/466
f 428/428/428 466/466/466 429/429/429
f 429/429/429 466/466/466 467/467/467
f 429/429/429 467/467/467 430/430/430
f 430/430/430 467/467/467 468/468/468
f 430/430/430 468/468/468 431/431/431
f 431/431/431 468/468/468 469/469/469
f 431/431/431 469/469/469 432/432/432
f 432/432/432 469/469/469 470/470/470
f 432/432/432 470/470/470 433/433/433
f 433/433/433 470/470/470 471/471/471
f 433/433/433 471/471/471 434/434/434
f 434/434/434 471/471/471 472/472/472
f 434/434/434 472/472/472 435/435/435
f 435/435/435 472/472/472 473/473/473
f 435/435/435 473/473/473 436/436/436
f 436/436/436 473/473/473 474/474/474
f 436/436/436 474/474/474 437/437/437
f 437/437/437 474/474/474 475/475/475
f 437/437/437 475/475/475 438/438/438
f 438/438/438 475/475/475 476/476/476
f 438/438/438 476/476/476 439/439/439
f 439/439/439 476/476/476 477/477/477
f 439/439/439 477/477/477 440/440/440
f 440/440/440 477/477/477 478/478/478
f 440/440/440 478/478/478 441/441/441
f 441/441/441 478/478/478 479/479/479
f 441/441/441 479/479/479 442/442/442
f 442/442/442 479/479/479 480/480/480
f 442/442/442 480/480/480 443/443/443
f 443/443/443 480/480/480 481/481/481
f 443/443/443 481/481/481 444/444/444
f 445/445/445 482/482/482 483/483/483
f 445/445/445 483/483/483 446/446/446
f 446/446/446 483/483/483 484/484/484
f 446/446/446 484/484/484 447/447/447
f 447/447/447 484/484/484 485/485/485
f 447/447/447 485/485/485 448/448/448
f 448/448/448 485/485/485 486/486/486
f 448/448/448 486/486/486 449/449/449
f 449/449/449 486/486/486 487/487/487
f 449/449/449 487/487/487 450/450/450
f 450/450/450 487/487/487 488/488/488
f 450/450/450 488/488/488 451/451/451
f 451/451/451 488/488/488 489/489/489
f 451/451/451 489/489/489 452/452/452
f 452/452/452 489/489/489 490/490/490
f 452/452/452 490/490/490 453/453/453
f 453/453/453 490/490/490 491/491/491
f 453/453/453 491/491/491 454/454/454
f 454/454/454 491/491/491 492/492/492
f 454/454/454 492/492/492 455/455/455
f 455/455/455 492/492/492 493/493/493
f 455/455/455 493/493/493 456/456/456
f 456/456/456 493/493/493 494/494/494
f 456/456/456 494/494/494 457/457/457
f 457/457/457 494/494/494 495/495/495
f 457/457/457 495/495/495 458/458/458
f 458/458/458 495/495/495 496/496/496
f 458/458/458 496/496/496 459/459/459
f 459/459/459 496/496/496 497/497/497
f 459/459/459 497/497/497 460/460/460
f 460/460/460 497/497/497 498/498/498
f 460/460/460 498/498/498 461/461/461
f 461/461/461 498/498/498 499/499/499
f 461/461/461 499/499/499 462/462/462
f 462/462/462 499/499/499 500/500/500
f 462/462/462 500/500/500 463/463/463
f 463/463/463 500/500/500 501/501/501
f 463/463/463 501/501/501 464/464/464
f 464/464/464 501/501/501 502/502/502
f 464/464/464 502/502/502 465/465/465
f 465/465/465 502/502/502 503/503/503
f 465/465/465 503/503/503 466/466/466
f 466/466/466 503/503/503 504/504/504
f 466/466/466 504/504/504 467/467/467
f 467/467/467 504/504/504 505/505/505
f 467/467/467 505/505/505 468/468/468
f 468/468/468 505/505/505 506/506/506
f 468/468/468 506/506/506 469/469/469
f 469/469/469 506/506/506 507/507/507
f 469/469/469 507/507/507 470/470/470
f 470/470/470 507/507/507 508/508/508
f 470/470/470 508/508/508 471/471/471
f 471/471/471 508/508/508 509/509/509
f 471/471/471 509/509/509 472/472/472
f 472/472/472 509/509/509 510/510/510
f 472/472/472 510/510/510 473/473/473
f 473/473/473 510/510/510 511/511/511
f 473/473/473 511/511/511 474/474/474
f 474/474/474 511/511/511 512/512/512
f 474/474/474 512/512/512 475/475/475
f 475/475/475 512/512/512 513/513/513
f 475/475/475 513/513/513 476/476/476
f 476/476/476 513/513/513 514/514/514
f 476/476/476 514/514/514 477/477/477
f 477/477/477 514/514/514 515/515/515
f 477/477/477 515/515/515 478/478/478
f 478/478/478 515/515/515 516/516/516
f 478/478/478 516/516/516 479/479/479
f 479/479/479 516/516/516 517/517/517
f 479/479/479 517/517/517 480/480/480
f 480/480/480 517/517/517 518/518/518
f 480/480/480 518/518/518 481/481/481
f 482/482/482 519/519/519 520/520/520
f 482/482/482 520/520/520 483/483/483
f 483/483/483 520/520/520 521/521/521
f 483/483/483 521/521/521 484/484/484
f 484/484/484 521/521/521 522/522/522
f 484/484/484 522/522/522 485/485/485
f 485/485/485 522/522/522 523/523/523
f 485/485/485 523/523/523 486/486/486
f 486/486/486 523/523/523 524/524/524
f 486/486/486 524/524/524 487/487/487
f 487/487/487 524/524/524 525/525/525
f 487/487/487 525/525/525 488/488/488
f 488/488/488 525/525/525 526/526/526
f 488/488/488 526/526/526 489/489/489
f 489/489/489 526/526/526 527/527/527
f 489/489/489 527/527/527 490/490/490
f 490/490/490 527/527/527 528/528/528
f 490/490/490 528/528/528 491/491/491
f 491/491/491 528/528/528 529/529/529
f 491/491/491 529/529/529 492/492/492
f 492/492/492 529/529/529 530/530/530
f 492/492/492 530/530/530 493/493/493
f 493/493/493 530/530/530 531/531/531
f 493/493/493 531/531/531 494/494/494
f 494/494/494 531/531/531 532/532/532
f 494/494/494 532/532/532 495/495/495
f 495/495/495 532/532/532 533/533/533
f 495/495/495 533/533/533 496/496/496
f 496/496/496 533/533/533 534/534/534
f 496/496/496 534/534/534 497/497/497
f 497/497/497 534/534/534 535/535/535
f 497/497/497 535/535/535 498/498/498
f 498/498/498 535/535/535 536/536/536
f 498/498/498 536/536/536 499/499/499
f 499/499/499 536/536/536 537/537/537
f 499/499/499 537/537/537 500/500/500
f 500/500/500 537/537/537 538/538/538
f 500/500/500 538/538/538 501/501/501
f 501/501/501 538/538/538 539/539/539
f 501/501/501 539/539/539 502/502/502
f 502/502/502 539/539/539 540/540/540
f 502/502/502 540/540/540 503/503/503
f 503/503/503 540/540/540 541/541/541
f 503/503/503 541/541/541 504/504/504
f 504/504/504 541/541/541 542/542/542
f 504/504/504 542/542/542 505/505/505
f 505/505/505 542/542/542 543/543/543
f 505/505/505 543/543/543 506/506/506
f 506/506/506 543/543/543 544/544/544
f 506/506/506 544/544/544 507/507/507
f 507/507/507 544/544/544 545/545/545
f 507/507/507 545/545/545 508/508/508
f 508/508/508 545/545/545 546/546/546
f 508/508/508 546/546/546 509/509/509
f 509/509/509 546/546/546 547/547/547
f 509/509/509 547/547/547 510/510/510
f 510/510/510 547/547/547 548/548/548
f 510/510/510 548/548/548 511/511/511
f 511/511/511 548/548/548 549/549/549
f 511/511/511 549/549/549 512/512/512
f 512/512/512 549/549/549 550/550/550
f 512/512/512 550/550/550 513/513/513
f 513/513/513 550/550/550 551/551/551
f 513/513/513 551/551/551 514/514/514
f 514/514/514 551/551/551 552/552/552
f 514/514/514 552/552/552 515/515/515
f 515/515/515 552/552/552 553/553/553
f 515/515/515 553/553/553 516/516/516
f 516/516/516 553/553/553 554/554/554
f 516/516/516 554/554/554 517/517/517
f 517/517/517 554/554/554 555/555/555
f 517/517/517 555/555/555 518/518/518
f 519/519/519 556/556/556 557/557/557
f 519/519/519 557/557/557 520/520/520
f 520/520/520 557/557/557 558/558/558
f 520/520/520 558/558/558 521/521/521
f 521/521/521 558/558/558 559/559/559
f 521/521/521 559/559/559 522/522/522
f 522/522/522 559/559/559 560/560/560
f 522/522/522 560/560/560 523/523/523
f 523/523/523 560/560/560 561/561/561
f 523/523/523 561/561/561 524/524/524
f 524/524/524 561/561/561 562/562/562
f 524/524/524 562/562/562 525/525/525
f 525/525/525 562/562/562 563/563/563
f 525/525/525 563/563/563 526/526/526
f 526/526/526 563/563/563 564/564/564
f 526/526/526 564/564/564 527/527/527
f 527/527/527 564/564/564 565/565/565
f 527/527/527 565/565/565 528/528/528
f 528/528/528 565/565/565 566/566/566
f 528/528/528 566/566/566 529/529/529
f 529/529/529 566/566/566 567/567/567
f 529/529/529 567/567/567 530/530/530
f 530/530/530 567/567/567 568/568/568
f 530/530/530 568/568/568 531/531/531
f 531/531/531 568/568/568 569/569/569
f 531/531/531 569/569/569 532/532/532
f 532/532/532 569/569/569 570/570/570
f 532/532/532 570/570/570 533/533/533
f 533/533/533 570/570/570 571/571/571
f 533/533/533 571/571/571 534/534/534
f 534/534/534 571/571/571 572/572/572
f 534/534/534 572/572/572 535/535/535
f 535/535/535 572/572/572 573/573/573
f 535/535/535 573/573/573 536/536/536
f 536/536/536 573/573/573 574/574/574
f 536/536/536 574/574/574 537/537/537
f 537/537/537 574/574/574 575/575/575
f 537/537/537 575/575/575 538/538/538
f 538/538/538 575/575/575 576/576/576
f 538/538/538 576/576/576 539/539/539
f 539/539/539 576/576/576 577/577/577
f 539/539/539 577/577/577 540/540/540
f 540/540/540 577/577/577 578/578/578
f 540/540/540 578/578/578 541/541/541
f 541/541/541 578/578/578 579/579/579
f 541/541/541 579/579/579 542/542/542
f 542/542/542 579/579/579 580/580/580
f 542/542/542 580/580/580 543/543/543
f 543/543/543 580/580/580 581/581/581
f 543/543/543 581/581/581 544/544/544
f 544/544/544 581/581/581 582/582/582
f 544/544/544 582/582/582 545/545/545
f 545/545/545 582/582/582 583/583/583
f 545/545/545 583/583/583 546/546/546
f 546/546/546 583/583/583 584/584/584
f 546/546/546 584/584/584 547/547/547
f 547/547/547 584/584/584 585/585/585
f 547/547/547 585/585/585 548/548/548
f 548/548/548 585/585/585 586/586/586
f 548/548/548 586/586/586 549/549/549
f 549/549/549 586/586/586 587/587/587
f 549/549/549 587/587/587 550/550/550
f 550/550/550 587/587/587 588/588/588
f 550/550/550 588/588/588 551/551/551
f 551/551/551 588/588/588 589/589/589
f 551/551/551 589/589/589 552/552/552
f 552/552/552 589/589/589 590/590/590
f 552/552/552 590/590/590 553/553/553
f 553/553/553 590/590/590 591/591/591
f 553/553/553 591/591/591 554/554/554
f 554/554/554 591/591/591 592/592/592
f 554/554/554 592/592/592 555/555/555
f 556/556/556 593/593/593 594/594/594
f 556/556/556 594/594/594 557/557/557
f 557/557/557 594/594/594 595/595/595
f 557/557/557 595/595/595 558/558/558
f 558/558/558 595/595/595 596/596/596
f 558/558/558 596/596/596 559/559/559
f 559/559/559 596/596/596 597/597/597
f 559/559/559 597/597/597 560/560/560
f 560/560/560 597/597/597 598/598/598
f 560/560/560 598/598/598 561/561/561
f 561/561/561 598/598/598 599/599/599
f 561/561/561 599/599/599 562/562/562
f 562/562/562 599/599/599 600/600/600
f 562/562/562 600/600/600 563/563/563
f 563/563/563 600/600/600 601/601/601
f 563/563/563 601/601/601 564/564/564
f 564/564/564 601/601/601 602/602/602
f 564/564/564 602/602/602 565/565/565
f 565/565/565 602/602/602 603/603/603
f 565/565/565 603/603/603 566/566/566
f 566/566/566 603/603/603 604/604/604
f 566/566/566 604/604/604 567/567/567
f 567/567/567 604/604/604 605/605/605
f 567/567/567 605/605/605 568/568/568
f 568/568/568 605/605/605 606/606/606
f 568/568/568 606/606/606 569/569/569
f 569/569/569 606/606/606 607/607/607
f 569/569/569 607/607/607 570/570/570
f 570/570/570 607/607/607 608/608/608
f 570/570/570 608/608/608 571/571/571
f 571/571/571 608/608/608 609/609/609
f 571/571/571 609/609/609 572/572/572
f 572/572/572 609/609/609 610/610/610
f 572/572/572 610/610/610 573/573/573
f 573/573/573 610/610/610 611/611/611
f 573/573/573 611/611/611 574/574/574
f 574/574/574 611/611/611 612/612/612
f 574/574/574 612/612/612 575/575/575
f 575/575/575 612/612/612 613/613/613
f 575/575/575 613/613/613 576/576/576
f 576/576/576 613/613/613 614/614/614
f 576/576/576 614/614/614 577/577/577
f 577/577/577 614/614/614 615/615/615
f 577/577/577 615/615/615 578/578/578
f 578/578/578 615/615/615 616/616/616
f 578/578/578 616/616/616 579/579/579
f 579/579/579 616/616/616 617/617/617
f 579/579/579 617/617/617 580/580/580
f 580/580/580 617/617/617 618/618/618
f 580/580/580 618/618/618 581/581/581
f 581/581/581 618/618/618 619/619/619
f 581/581/581 619/619/619 582/582/582
f 582/582/582 619/619/619 620/620/620
f 582/582/582 620/620/620 583/583/583
f 583/583/583 620/620/620 621/621/621
f 583/583/583 621/621/621 584/584/584
f 584/584/584 621/621/621 622/622/622
f 584/584/584 622/622/622 585/585/585
f 585/585/585 622/622/622 623/623/623
f 585/585/585 623/623/623 586/586/586
f 586/586/586 623/623/623 624/624/624
f 586/586/586 624/624/624 587/587/587
f 587/587/587 624/624/624 625/625/625
f 587/587/587 625/625/625 588/588/588
f 588/588/588 625/625/625 626/626/626
f 588/588/588 626/626/626 589/589/589
f 589/589/589 626/626/626 627/627/627
f 589/589/589 627/627/627 590/590/590
f 590/590/590 627/627/627 628/628/628
f 590/590/590 628/628/628 591/591/591
f 591/591/591 628/628/628 629/629/629
f 591/591/591 629/629/629 592/592/592
f 593/593/593 630/630/630 631/631/631
f 593/593/593 631/631/631 594/594/594
f 594/594/594 631/631/631 632/632/632
f 594/594/594 632/632/632 595/595/595
f 595/595/595 632/632/632 633/633/633
f 595/595/595 633/633/633 596/596/596
f 596/596/596 633/633/633 634/634/634
f 596/596/596 634/634/634 597/597/597
f 597/597/597 634/634/634 635/635/635
f 597/597/597 635/635/635 598/598/598
f 598/598/598 635/635/635 636/636/636
f 598/598/598 636/636/636 599/599/599
f 599/599/599 636/636/636 637/637/637
f 599/599/599 637/637/637 600/600/600
f 600/600/600 637/637/637 638/638/638
f 600/600/600 638/638/638 601/601/601
f 601/601/601 638/638/638 639/639/639
f 601/601/601 639/639/639 602/602/602
f 602/602/602 639/639/639 640/640/640
f 602/602/602 640/640/640 603/603/603
f 603/603/603 640/640/640 641/641/641
f 603/603/603 641/641/641 604/604/604
f 604/604/604 641/641/641 642/642/642
f 604/604/604 642/642/642 605/605/605
f 605/605/605 642/642/642 643/643/643
f 605/605/605 643/643/643 606/606/606
f 606/606/606 643/643/643 644/644/644
f 606/606/606 644/644/644 607/607/607
f 607/607/607 644/644/644 645/645/645
f 607/607/607 645/645/645 608/608/608
f 608/608/608 645/645/645 646/646/646
f 608/608/608 646/646/646 609/609/609
f 609/609/609 646/646/646 647/647/647
f 609/609/609 647/647/647 610/610/610
f 610/610/610 647/647/647 648/648/648
f 610/610/610 648/648/648 611/611/611
f 611/611/611 648/648/648 649/649/649
f 611/611/611 649/649/649 612/612/612
f 612/612/612 649/649/649 650/650/650
f 612/612/612 650/650/650 613/613/613
f 613/613/613 650/650/650 651/651/651
f 613/613/613 651/651/651 614/614/614
f 614/614/614 651/651/651 652/652/652
f 614/614/614 652/652/652 615/615/615
f 615/615/615 652/652/652 653/653/653
f 615/615/615 653/653/653 616/616/616
f 616/616/616 653/653/653 654/654/654
f 616/616/616 654/654/654 617/617/617
f 617/617/617 654/654/654 655/655/655
f 617/617/617 655/655/655 618/618/618
f 618/618/618 655/655/655 656/656/656
f 618/618/618 656/656/656 619/619/619
f 619/619/619 656/656/656 657/657/657
f 619/619/619 657/657/657 620/620/620
f 620/620/620 657/657/657 658/658/658
f 620/620/620 658/658/658 621/621/621
f 621/621/621 658/658/658 659/659/659
f 621/621/621 659/659/659 622/622/622
f 622/622/622 659/659/659 660/660/660
f 622/622/622 660/660/660 623/623/623
f 623/623/623 660/660/660 661/661/661
f 623/623/623 661/661/661 624/624/624
f 624/624/624 661/661/661 662/662/662
f 624/624/624 662/662/662 625/625/625
f 625/625/625 662/662/662 663/663/663
f 625/625/625 663/663/663 626/626/626
f 626/626/626 663/663/663 664/664/664
f 626/626/626 664/664/664 627/627/627
f 627/627/627 664/664/664 665/665/665
f 627/627/627 665/665/665 628/628/628
f 628/628/628 665/665/665 666/666/666
f 628/628/628 666/666/666 629/629/629
