# Generated sky cornice; visual geometry only.
s 1
v 99.571627 -5.694178 25.044288
v 99.558467 -3.524959 25.225715
v 99.537523 -0.045521 25.514466
v 99.5277 4.026132 25.649898
v 99.547902 7.948363 25.371368
v 99.605174 11.578576 24.581776
v 99.688765 15.140371 23.429328
v 99.79089 18.419641 22.021348
v 99.903765 21.199176 20.46516
v 100.032209 23.335028 18.694325
v 100.178075 24.789471 16.683291
v 100.329131 25.518485 14.600707
v 100.473144 25.498175 12.615226
v 100.615582 24.593667 10.651465
v 100.760058 22.807922 8.659595
v 100.891561 20.361263 6.846598
v 100.995076 17.499874 5.419453
v 101.068102 14.321858 4.412658
v 101.118145 10.807828 3.722723
v 101.145205 7.056239 3.349646
v 101.149283 3.174683 3.293429
v 101.128431 -0.833174 3.580903
v 101.0833 -4.824924 4.203122
v 101.01778 -8.490076 5.106427
v 100.935765 -11.53367 6.237155
v 100.829285 -13.759841 7.705184
v 100.699265 -15.272598 9.497739
v 100.562944 -16.520741 11.377175
v 100.437558 -17.895987 13.105847
v 100.320976 -19.377998 14.713141
v 100.206248 -20.88543 16.294882
v 100.103381 -22.525048 17.713083
v 100.022385 -24.403619 18.829757
v 99.969099 -26.843981 19.564411
v 99.937127 -29.691069 20.005203
v 99.918129 -32.334795 20.267123
v 99.903765 -34.165066 20.46516
v 91.85153 -5.841435 23.620408
v 91.837266 -3.625283 23.806374
v 91.814563 -0.08282 24.102349
v 91.803915 4.050956 24.241169
v 91.825814 8.017756 23.955671
v 91.887895 11.674617 23.146324
v 91.978505 15.254856 21.965044
v 92.089206 18.543136 20.52184
v 92.21156 21.32106 18.926719
v 92.350791 23.445259 17.111582
v 92.508906 24.880937 15.050235
v 92.672648 25.586237 12.91555
v 92.828754 25.539133 10.880396
v 92.983153 24.602799 8.867505
v 93.139762 22.780767 6.825803
v 93.282308 20.298477 4.967448
v 93.394516 17.406865 3.504599
v 93.473674 14.204011 2.472616
v 93.52792 10.666673 1.76542
v 93.557253 6.891902 1.38301
v 93.561673 2.985753 1.325387
v 93.53907 -1.052443 1.620052
v 93.490149 -5.080883 2.257838
v 93.419127 -8.784937 3.183742
v 93.330225 -11.865284 4.342758
v 93.214802 -14.123447 5.847515
v 93.073864 -15.667563 7.684916
v 92.926095 -16.947985 9.611371
v 92.79018 -18.358796 11.383291
v 92.663808 -19.879134 13.030796
v 92.539445 -21.425549 14.65211
v 92.42794 -23.107569 16.105791
v 92.340142 -25.034721 17.250402
v 92.282381 -27.538194 18.003435
v 92.247724 -30.458911 18.455255
v 92.227131 -33.171006 18.723727
v 92.21156 -35.04861 18.926719
v 84.12289 -6.105282 22.289937
v 84.107182 -3.808935 22.484144
v 84.082181 -0.165015 22.793233
v 84.070455 4.061704 22.938204
v 84.094571 8.084165 22.640056
v 84.162935 11.760173 21.794848
v 84.262715 15.342121 20.561227
v 84.384619 18.614299 19.054076
v 84.519356 21.358076 17.388278
v 84.672677 23.432937 15.492714
v 84.846794 24.811013 13.340033
v 85.027107 25.455714 11.110762
v 85.199012 25.349427 8.985433
v 85.369037 24.352481 6.883354
v 85.541495 22.469639 4.751187
v 85.698466 19.935268 2.810491
v 85.82203 17.008127 1.282826
v 85.9092 13.785166 0.205117
v 85.968935 10.234811 -0.533414
v 86.001236 6.449913 -0.932768
v 86.006104 2.531941 -0.992945
v 85.981214 -1.52943 -0.685223
v 85.927341 -5.595301 -0.019178
v 85.849132 -9.345283 0.947751
v 85.751233 -12.473634 2.158122
v 85.624129 -14.778239 3.729552
v 85.468928 -16.37524 5.648366
v 85.306204 -17.713496 7.66018
v 85.156533 -19.18803 9.510611
v 85.017372 -20.777039 11.231115
v 84.880423 -22.393304 12.924267
v 84.757634 -24.151298 14.442359
v 84.660951 -26.165496 15.637685
v 84.597344 -28.782046 16.424084
v 84.559179 -31.834687 16.895924
v 84.536502 -34.669282 17.176292
v 84.519356 -36.631694 17.388278
v 76.385731 -6.468402 21.038754
v 76.368242 -4.06659 21.244342
v 76.340406 -0.297465 21.571545
v 76.327351 4.034065 21.725011
v 76.354201 8.102704 21.409391
v 76.430316 11.769087 20.51465
v 76.54141 15.313967 19.208734
v 76.677137 18.52343 17.613258
v 76.827151 21.180886 15.849837
v 76.997857 23.152056 13.843186
v 77.191717 24.42069 11.564348
v 77.392475 24.959215 9.204433
v 77.583872 24.757421 6.954551
v 77.773176 23.672545 4.729282
v 77.965189 21.711308 2.472161
v 78.139959 19.120051 0.417732
v 78.277533 16.167436 -1.199461
v 78.374587 12.94749 -2.340328
v 78.441095 9.415374 -3.12214
v 78.477059 5.656049 -3.544898
v 78.482478 1.762359 -3.608601
v 78.454766 -2.291679 -3.282846
v 78.394785 -6.373461 -2.577767
v 78.307708 -10.15675 -1.554172
v 78.198708 -13.328714 -0.272869
v 78.057192 -15.683547 1.390654
v 77.884393 -17.349177 3.421918
v 77.703218 -18.767028 5.551632
v 77.536577 -20.329262 7.510506
v 77.381637 -22.012779 9.331839
v 77.229159 -23.725173 11.124216
v 77.092447 -25.587726 12.731275
v 76.984802 -27.721721 13.996653
v 76.913982 -30.493894 14.829138
v 76.871491 -33.728094 15.328629
v 76.846242 -36.731281 15.625428
v 76.827151 -38.81041 15.849837
v 68.641222 -6.900704 19.842544
v 68.621661 -4.379008 20.061691
v 68.590527 -0.477511 20.410474
v 68.575925 3.952073 20.574063
v 68.605956 8.040485 20.237626
v 68.691091 11.65379 19.283873
v 68.815348 15.108936 17.891826
v 68.967158 18.196813 16.191122
v 69.134947 20.706008 14.311396
v 69.32588 22.512321 12.172398
v 69.542711 23.615762 9.743261
v 69.767256 24.001531 7.2277
v 69.981332 23.669771 4.829429
v 70.193066 22.474991 2.457394
v 70.407831 20.426547 0.051407
v 70.603309 17.784679 -2.13852
v 70.757185 14.828837 -3.862374
v 70.865738 11.647981 -5.078485
v 70.940128 8.179407 -5.911861
v 70.980353 4.496236 -6.362502
v 70.986414 0.678372 -6.430406
v 70.955419 -3.321556 -6.083166
v 70.888331 -7.381087 -5.331585
v 70.790936 -11.169435 -4.240479
v 70.66902 -14.367348 -2.874669
v 70.510736 -16.766146 -1.10143
v 70.317461 -18.508675 1.063804
v 70.114819 -20.021285 3.333982
v 69.928433 -21.687928 5.422052
v 69.755133 -23.48396 7.36351
v 69.584589 -25.310798 9.274101
v 69.431678 -27.297831 10.987152
v 69.311277 -29.574448 12.335986
v 69.232066 -32.531893 13.223378
v 69.18454 -35.982245 13.755812
v 69.156299 -39.186143 14.072186
v 69.134947 -41.404227 14.311396
v 60.891645 -7.362558 18.669428
v 60.86981 -4.718065 18.90305
v 60.835059 -0.690691 19.27487
v 60.81876 3.818757 19.449263
v 60.852281 7.895506 19.090605
v 60.947308 11.413339 18.073858
v 61.086005 14.730142 16.589869
v 61.255456 17.644419 14.776835
v 61.442743 19.952844 12.772955
v 61.655862 21.544466 10.492679
v 61.89789 22.438915 7.903101
v 62.148529 22.636942 5.22139
v 62.387481 22.151187 2.664716
v 62.62382 20.834127 0.136011
v 62.863541 18.698219 -2.428888
v 63.081735 16.018218 -4.763457
v 63.253492 13.084168 -6.601169
v 63.374659 9.978141 -7.897604
v 63.457693 6.616412 -8.786023
v 63.502593 3.057173 -9.266428
v 63.509358 -0.635984 -9.338818
v 63.474761 -4.535835 -8.968643
v 63.399877 -8.533228 -8.16742
v 63.291164 -12.294759 -7.004249
v 63.155081 -15.496203 -5.548228
v 62.978404 -17.927222 -3.657869
v 62.76267 -19.747432 -1.349623
v 62.536481 -21.361279 1.070497
v 62.328435 -23.139468 3.296481
v 62.134997 -25.055705 5.36617
v 61.944635 -27.004811 7.402953
v 61.773955 -29.124833 9.229149
v 61.639563 -31.55382 10.667072
v 61.551148 -34.709202 11.613074
v 61.498098 -38.390481 12.180676
v 61.466576 -41.808811 12.517946
v 61.442743 -44.175348 12.772955
v 53.140212 -7.809096 17.483447
v 53.116031 -5.049166 17.731033
v 53.077545 -0.909755 18.125078
v 53.059494 3.661427 18.309896
v 53.096618 7.706508 17.929799
v 53.201858 11.107927 16.852277
v 53.355461 14.264556 15.279582
v 53.543123 16.983811 13.358175
v 53.750538 19.071771 11.234514
v 53.986563 20.431833 8.817935
v 54.254602 21.104005 6.073566
v 54.532178 21.105251 3.231557
v 54.796811 20.461188 0.522059
v 55.05855 19.022878 -2.157799
v 55.324035 16.805954 -4.876014
v 55.565679 14.098998 -7.350131
v 55.755895 11.201714 -9.297692
v 55.890085 8.1886 -10.67162
v 55.982042 4.954402 -11.613145
v 56.031767 1.541463 -12.122265
v 56.03926 -2.003945 -12.198982
v 56.000945 -5.78075 -11.80668
v 55.918012 -9.694204 -10.957565
v 55.797616 -13.409768 -9.724865
v 55.646908 -16.599582 -8.181811
v 55.451243 -19.052581 -6.178456
v 55.212323 -20.945112 -3.732237
v 54.961824 -22.656838 -1.167454
v 54.731419 -24.542874 1.191587
v 54.517192 -26.575331 3.384991
v 54.306371 -28.64265 5.543522
v 54.117347 -30.891251 7.478878
v 53.968512 -33.467556 9.002753
v 53.870594 -36.814312 10.005302
v 53.811843 -40.71886 10.606832
v 53.776933 -44.344512 10.964262
v 53.750538 -46.854578 11.234514
v 45.390756 -8.19514 16.248507
v 45.364307 -5.335273 16.508117
v 45.322211 -1.098597 16.921301
v 45.302466 3.526605 17.115095
v 45.343072 7.545165 16.716538
v 45.458185 10.846953 15.586682
v 45.626197 13.866219 13.937604
v 45.831462 16.418013 11.922877
v 46.058334 18.316482 9.696074
v 46.316498 19.477363 7.162125
v 46.609681 19.95822 4.284466
v 46.913295 19.789985 1.304425
v 47.202752 19.009456 -1.536669
v 47.489043 17.46645 -4.346682
v 47.779432 15.179337 -7.196918
v 48.043743 12.44866 -9.791199
v 48.251802 9.582503 -11.833349
v 48.39858 6.64885 -13.274007
v 48.499163 3.523888 -14.26126
v 48.553553 0.236318 -14.795107
v 48.561749 -3.182499 -14.87555
v 48.519839 -6.854031 -14.464195
v 48.429127 -10.695921 -13.573839
v 48.297437 -14.372588 -12.281269
v 48.132592 -17.552977 -10.663272
v 47.918572 -20.025365 -8.562617
v 47.657241 -21.980536 -5.997588
v 47.383244 -23.776881 -3.308239
v 47.131226 -25.756154 -0.834622
v 46.896903 -27.889085 1.465311
v 46.666306 -30.058602 3.728679
v 46.459551 -32.418363 5.758032
v 46.296754 -35.122028 7.355919
v 46.189651 -38.634231 8.40716
v 46.125389 -42.7318 9.037905
v 46.087205 -46.536687 9.412695
v 46.058334 -49.170839 9.696074
v 37.647311 -8.480172 14.93236
v 37.618831 -5.542194 15.200778
v 37.573504 -1.220984 15.627979
v 37.552244 3.464474 15.828347
v 37.595967 7.490283 15.416269
v 37.719915 10.750232 14.248082
v 37.900823 13.702835 12.543059
v 38.121844 16.166748 10.459981
v 38.366129 17.959984 8.157633
v 38.64411 19.005362 5.537719
v 38.959796 19.371562 2.562434
v 39.286714 19.098277 -0.518705
v 39.598389 18.229383 -3.456185
v 39.906654 16.613055 -6.361529
v 40.219332 14.26945 -9.30846
v 40.503931 11.508217 -11.990753
v 40.72796 8.644388 -14.102184
v 40.886003 5.742345 -15.591717
v 40.994307 2.666157 -16.612462
v 41.052872 -0.563688 -17.164421
v 41.061696 -3.924797 -17.247593
v 41.01657 -7.55319 -16.822282
v 40.918896 -11.373637 -15.901721
v 40.777098 -15.047951 -14.5653
v 40.599599 -18.241179 -12.892411
v 40.369152 -20.739951 -10.720491
v 40.087762 -22.745034 -8.068443
v 39.792734 -24.603858 -5.287856
v 39.521372 -26.651971 -2.730321
v 39.269064 -28.859087 -0.352362
v 39.020767 -31.104061 1.987792
v 38.798142 -33.545897 4.085992
v 38.62285 -36.343596 5.738087
v 38.507526 -39.977956 6.824993
v 38.438332 -44.218042 7.477136
v 38.397217 -48.155265 7.864641
v 38.366129 -50.881035 8.157633
v 29.913641 -8.632827 13.510168
v 29.883518 -5.644086 13.783192
v 29.835576 -1.25134 14.217723
v 29.81309 3.50845 14.42153
v 29.859335 7.593542 14.00238
v 29.990433 10.896582 12.814148
v 30.181777 13.885252 11.079868
v 30.415547 16.375941 8.961047
v 30.673925 18.184414 6.619192
v 30.967941 19.233098 3.954322
v 31.301838 19.592816 0.927984
v 31.647614 19.304739 -2.206025
v 31.977269 18.414113 -5.193909
v 32.303317 16.766733 -8.149107
v 32.634032 14.383234 -11.146605
v 32.935048 11.578705 -13.874924
v 33.172 8.673475 -16.022585
v 33.339161 5.732492 -17.537677
v 33.453713 2.616598 -18.575938
v 33.515655 -0.654265 -19.137368
v 33.524989 -4.058302 -19.221967
v 33.477259 -7.735011 -18.789358
v 33.373951 -11.608799 -17.853001
v 33.223973 -15.336296 -16.493648
v 33.036235 -18.577277 -14.792054
v 32.792495 -21.115098 -12.582866
v 32.494872 -23.154475 -9.88531
v 32.182825 -25.04676 -7.057011
v 31.89581 -27.131742 -4.455591
v 31.628947 -29.378589 -2.036827
v 31.366326 -31.663976 0.343482
v 31.130859 -34.149767 2.477685
v 30.945455 -36.99783 4.158129
v 30.823478 -40.697612 5.263685
v 30.750293 -45.014026 5.927018
v 30.706805 -49.022124 6.321173
v 30.673925 -51.796961 6.619192
v 22.192769 -8.634374 11.967256
v 22.16151 -5.627785 12.240103
v 22.111761 -1.183328 12.674352
v 22.088427 3.658874 12.878027
v 22.136415 7.852122 12.459149
v 22.272457 11.282762 11.271688
v 22.471015 14.411132 9.538533
v 22.7136 17.045453 7.421086
v 22.98172 18.993082 5.080751
v 23.286823 20.168314 2.41761
v 23.63331 20.634598 -0.606764
v 23.992124 20.426883 -3.73874
v 24.334209 19.585721 -6.724686
v 24.672551 17.953979 -9.677966
v 25.015736 15.551363 -12.673519
v 25.328102 12.694112 -15.400067
v 25.573989 9.705666 -17.546336
v 25.747453 6.655818 -19.060444
v 25.866324 3.411723 -20.098032
v 25.930602 0.000789 -20.659097
v 25.940288 -3.54703 -20.743641
v 25.890759 -7.362883 -20.311313
v 25.783555 -11.363067 -19.375563
v 25.627922 -15.1968 -18.017093
v 25.433105 -18.517623 -16.316603
v 25.180174 -21.104219 -14.108848
v 24.87133 -23.158625 -11.413042
v 24.547516 -25.051249 -8.586578
v 24.249678 -27.136605 -5.986846
v 23.972753 -29.383855 -3.569652
v 23.70023 -31.669651 -1.190887
v 23.455884 -34.155889 0.941931
v 23.263489 -37.004461 2.621285
v 23.136913 -40.704907 3.726123
v 23.060968 -45.022095 4.389026
v 23.015841 -49.030911 4.782925
v 22.98172 -51.806246 5.080751
v 14.48657 -8.480833 10.30075
v 14.454757 -5.494774 10.568523
v 14.404125 -1.032472 10.994697
v 14.380377 3.878782 11.194584
v 14.429217 8.201827 10.783496
v 14.567671 11.813082 9.618117
v 14.769752 15.15057 7.917193
v 15.01664 18.010441 5.839124
v 15.289516 20.187551 3.54231
v 15.60003 21.582274 0.928695
v 15.952663 22.242875 -2.039437
v 16.317842 22.191834 -5.11317
v 16.665995 21.460035 -8.043587
v 17.010338 19.887621 -10.941947
v 17.359611 17.492175 -13.881793
v 17.677518 14.586391 -16.557637
v 17.927767 11.493765 -18.663993
v 18.104307 8.292051 -20.149944
v 18.225287 4.862815 -21.168236
v 18.290705 1.247178 -21.718868
v 18.300563 -2.509921 -21.80184
v 18.250155 -6.521374 -21.377552
v 18.141049 -10.689561 -20.459203
v 17.982655 -14.655954 -19.125996
v 17.784383 -18.068511 -17.457128
v 17.526966 -20.701034 -15.29043
v 17.212643 -22.746805 -12.644757
v 16.883086 -24.605774 -9.870855
v 16.579965 -26.654046 -7.319469
v 16.298127 -28.861334 -4.947226
v 16.02077 -31.106483 -2.612698
v 15.77209 -33.548509 -0.519543
v 15.576282 -36.346427 1.128581
v 15.447462 -39.981069 2.212874
v 15.370169 -44.221486 2.863449
v 15.324242 -48.159015 3.250023
v 15.289516 -50.884997 3.54231
v 6.795479 -8.183458 8.519921
v 6.76371 -5.260295 8.77809
v 6.713148 -0.83148 9.188979
v 6.689433 4.104524 9.381697
v 6.738205 8.535409 8.985353
v 6.876468 12.326757 7.86177
v 7.078268 15.883296 6.221849
v 7.324814 18.988673 4.218308
v 7.597312 21.424717 2.003869
v 7.907395 23.075691 -0.51601
v 8.259539 23.970324 -3.377691
v 8.624212 24.115269 -6.341185
v 8.971881 23.528971 -9.166505
v 9.315747 22.050171 -11.960916
v 9.664536 19.693585 -14.795326
v 9.982002 16.763582 -17.375202
v 10.231904 13.57969 -19.406014
v 10.408199 10.228613 -20.838673
v 10.529011 6.611368 -21.820444
v 10.594339 2.78566 -22.351327
v 10.604183 -1.185452 -22.431323
v 10.553845 -5.390683 -22.022252
v 10.44489 -9.71628 -21.13684
v 10.286716 -13.798536 -19.851447
v 10.088719 -17.282847 -18.242433
v 9.831659 -19.939752 -16.153442
v 9.517772 -21.949203 -13.602656
v 9.188671 -23.742988 -10.928238
v 8.885971 -25.719439 -8.468356
v 8.604524 -27.84933 -6.181193
v 8.327552 -30.015754 -3.930392
v 8.079216 -32.372152 -1.912307
v 7.88368 -35.071962 -0.323292
v 7.755038 -38.579159 0.722112
v 7.677853 -42.670888 1.349355
v 7.631989 -46.47035 1.722064
v 7.597312 -49.100747 2.003869
v -0.881642 -7.76756 6.645189
v -0.912813 -4.950044 6.890034
v -0.962424 -0.62008 7.279718
v -0.985693 4.267235 7.462489
v -0.937838 8.739215 7.0866
v -0.802177 12.652704 6.021005
v -0.604172 16.373453 4.46572
v -0.362265 19.675932 2.565581
v -0.094893 22.332305 0.465428
v 0.209358 24.212595 -1.924401
v 0.554877 25.325754 -4.638392
v 0.91269 25.66266 -7.448941
v 1.253819 25.229167 -10.128446
v 1.591217 23.865017 -12.778639
v 1.933444 21.58187 -15.466766
v 2.244938 18.671335 -17.913496
v 2.490139 15.444268 -19.839498
v 2.663118 11.994955 -21.198218
v 2.781657 8.245146 -22.12932
v 2.845756 4.268115 -22.632805
v 2.855415 0.143932 -22.708673
v 2.806024 -4.190856 -22.320714
v 2.699119 -8.608206 -21.480997
v 2.543921 -12.744675 -20.261943
v 2.349648 -16.248378 -18.73597
v 2.097423 -18.890029 -16.754791
v 1.789441 -20.833704 -14.335649
v 1.466531 -22.536326 -11.799258
v 1.169525 -24.41233 -9.466329
v 0.893373 -26.433976 -7.297206
v 0.621611 -28.490299 -5.162568
v 0.377947 -30.72694 -3.248635
v 0.186089 -33.289541 -1.741629
v 0.059867 -36.618495 -0.750177
v -0.015867 -40.502275 -0.155307
v -0.060868 -44.108642 0.198167
v -0.094893 -46.605357 0.465428
v -8.54745 -7.269778 4.705916
v -8.577575 -4.595558 4.93488
v -8.625522 -0.433466 5.299288
v -8.64801 4.316197 5.470205
v -8.601761 8.732816 5.118696
v -8.470651 12.668889 4.122218
v -8.27929 16.45074 2.667811
v -8.045498 19.849779 0.89092
v -7.787097 22.634748 -1.073013
v -7.493055 24.666525 -3.307832
v -7.159128 25.937585 -5.845788
v -6.81332 26.425987 -8.474039
v -6.483636 26.127088 -10.979747
v -6.157558 24.884655 -13.458043
v -5.826814 22.707594 -15.971812
v -5.52577 19.87118 -18.259842
v -5.288796 16.672919 -20.060919
v -5.121621 13.211465 -21.33151
v -5.007059 9.427217 -22.202219
v -4.94511 5.404817 -22.673047
v -4.935776 1.236763 -22.743993
v -4.98351 -3.118315 -22.381198
v -5.086828 -7.523148 -21.595947
v -5.236819 -11.621762 -20.455963
v -5.424574 -15.071537 -19.028968
v -5.668336 -17.647904 -17.176293
v -5.965985 -19.498584 -14.914062
v -6.278061 -21.092094 -12.542186
v -6.565102 -22.847875 -10.360576
v -6.831989 -24.739965 -8.332146
v -7.094633 -26.664509 -6.335965
v -7.330122 -28.757815 -4.546174
v -7.515543 -31.156193 -3.136916
v -7.63753 -34.271812 -2.209772
v -7.710723 -37.906701 -1.653485
v -7.754214 -41.281956 -1.322938
v -7.787097 -43.61867 -1.073013
v -16.205882 -6.734121 2.737217
v -16.234669 -4.229618 2.949134
v -16.280486 -0.293817 3.286411
v -16.301975 4.234617 3.444603
v -16.25778 8.495376 3.119265
v -16.132494 12.341908 2.196977
v -15.949632 16.064772 0.850856
v -15.726225 19.439375 -0.793741
v -15.479302 22.238284 -2.611453
v -15.19832 24.319813 -4.679885
v -14.879225 25.665328 -7.028882
v -14.548777 26.244676 -9.461453
v -14.233736 26.046132 -11.780603
v -13.922142 24.920395 -14.074383
v -13.606088 22.874245 -16.400995
v -13.318416 20.164397 -18.518674
v -13.091968 17.071259 -20.185656
v -12.932218 13.693846 -21.361648
v -12.822744 9.986948 -22.16753
v -12.763548 6.040755 -22.603303
v -12.754628 1.95382 -22.668968
v -12.800242 -2.298961 -22.333183
v -12.89897 -6.577652 -21.606397
v -13.0423 -10.540907 -20.551288
v -13.221715 -13.861606 -19.230537
v -13.45465 -16.324411 -17.515798
v -13.739078 -18.061875 -15.421997
v -14.037292 -19.53797 -13.226714
v -14.311584 -21.164381 -11.207531
v -14.566617 -22.917056 -9.330124
v -14.817595 -24.699794 -7.482564
v -15.042624 -26.63886 -5.826028
v -15.219809 -28.860519 -4.521693
v -15.336378 -31.746571 -3.663578
v -15.406319 -35.113632 -3.148708
v -15.447879 -38.240188 -2.842772
v -15.479302 -40.404727 -2.611453
v -23.861744 -6.207198 0.776158
v -23.889092 -3.882603 0.97133
v -23.932617 -0.207521 1.281958
v -23.953031 4.042244 1.42765
v -23.911047 8.069273 1.128018
v -23.792027 11.732656 0.278604
v -23.618312 15.293328 -0.961155
v -23.406079 18.536718 -2.475806
v -23.171506 21.24542 -4.149894
v -22.904578 23.281307 -6.054891
v -22.601443 24.620345 -8.218286
v -22.287524 25.228964 -10.45865
v -21.988241 25.091994 -12.594555
v -21.692232 24.069124 -14.707094
v -21.391986 22.16574 -16.849872
v -21.118702 19.619483 -18.800226
v -20.903581 16.691652 -20.335494
v -20.751821 13.478002 -21.418565
v -20.647823 9.942738 -22.160772
v -20.591587 6.175915 -22.562113
v -20.583113 2.275944 -22.622589
v -20.626445 -1.772549 -22.313337
v -20.720236 -5.833065 -21.643976
v -20.856396 -9.584148 -20.672236
v -21.026837 -12.718547 -19.455842
v -21.248122 -15.033474 -17.876591
v -21.518324 -16.648591 -15.948229
v -21.801622 -18.009187 -13.926403
v -22.062195 -19.508336 -12.066764
v -22.304471 -21.12387 -10.337697
v -22.542896 -22.767115 -8.63612
v -22.75667 -24.554455 -7.110474
v -22.924992 -26.602276 -5.909199
v -23.035731 -29.262504 -5.118886
v -23.102174 -32.366103 -4.644699
v -23.141655 -35.248016 -4.362935
v -23.171506 -37.243187 -4.149894
v -31.520184 -5.733188 -1.142248
v -31.546194 -3.580099 -0.96213
v -31.587589 -0.167983 -0.675462
v -31.607005 3.785565 -0.541008
v -31.567075 7.542367 -0.817528
v -31.453877 10.970093 -1.601423
v -31.28866 14.30717 -2.745556
v -31.086809 17.352591 -4.143376
v -30.863711 19.902644 -5.688335
v -30.60984 21.82693 -7.446392
v -30.321534 23.100689 -9.442916
v -30.022971 23.690748 -11.510473
v -29.738328 23.581467 -13.481628
v -29.456799 22.64224 -15.431219
v -29.171241 20.877718 -17.408716
v -28.911326 18.507775 -19.208632
v -28.706727 15.774817 -20.625479
v -28.562391 12.768963 -21.625009
v -28.463481 9.459353 -22.309966
v -28.409996 5.931756 -22.680351
v -28.401936 2.279898 -22.736162
v -28.443149 -1.507513 -22.450763
v -28.532352 -5.30159 -21.833033
v -28.661851 -8.802874 -20.936246
v -28.823955 -11.725434 -19.813678
v -29.034414 -13.880358 -18.356241
v -29.291399 -15.377229 -16.57662
v -29.560838 -16.633923 -14.710745
v -29.808664 -18.01859 -12.994547
v -30.039089 -19.510755 -11.39885
v -30.265851 -21.028514 -9.828522
v -30.469167 -22.679365 -8.420554
v -30.629256 -24.570805 -7.311938
v -30.734577 -27.027885 -6.582585
v -30.79777 -29.894479 -6.144973
v -30.83532 -32.556316 -5.884943
v -30.863711 -34.399127 -5.688335
v -39.186084 -5.349095 -2.988787
v -39.211051 -3.341448 -2.820876
v -39.250788 -0.161445 -2.553637
v -39.269426 3.5216 -2.428294
v -39.231096 7.019293 -2.686074
v -39.122434 10.208601 -3.416843
v -38.963837 13.312494 -4.483435
v -38.770074 16.143992 -5.786522
v -38.555915 18.513611 -7.226776
v -38.312217 20.300247 -8.865686
v -38.035463 21.48131 -10.726901
v -37.748863 22.026282 -12.654334
v -37.475626 21.920892 -14.4919
v -37.205378 21.043487 -16.309363
v -36.931262 19.39847 -18.152841
v -36.681762 17.190909 -19.830772
v -36.485361 14.64676 -21.151597
v -36.346809 11.84977 -22.083386
v -36.251861 8.770707 -22.721923
v -36.20052 5.48908 -23.067205
v -36.192783 2.091772 -23.119234
v -36.232344 -1.432332 -22.853177
v -36.317973 -4.963539 -22.277312
v -36.442283 -8.22296 -21.441303
v -36.597891 -10.944246 -20.394813
v -36.799918 -12.951463 -19.03615
v -37.046605 -14.347037 -17.377138
v -37.305249 -15.51954 -15.637718
v -37.543144 -16.811442 -14.03783
v -37.764336 -18.20364 -12.550277
v -37.982012 -19.619717 -11.086373
v -38.177181 -21.15997 -9.773826
v -38.330855 -22.924694 -8.740344
v -38.431956 -25.217163 -8.060421
v -38.492617 -27.891711 -7.652467
v -38.528662 -30.375219 -7.41006
v -38.555915 -32.094571 -7.226776
v -46.863472 -5.080819 -4.743136
v -46.887852 -3.178724 -4.583779
v -46.926655 -0.17251 -4.330155
v -46.944855 3.302915 -4.211198
v -46.907426 6.595019 -4.455845
v -46.801318 9.588707 -5.149384
v -46.64645 12.49785 -6.161638
v -46.457243 15.14713 -7.398338
v -46.248119 17.358918 -8.765217
v -46.010151 19.020464 -10.320631
v -45.739904 20.112386 -12.087025
v -45.460043 20.607443 -13.916264
v -45.19323 20.493404 -15.660213
v -44.929336 19.655529 -17.385084
v -44.661664 18.098264 -19.134645
v -44.41803 16.016085 -20.727092
v -44.226247 13.622755 -21.980626
v -44.090952 10.996467 -22.864945
v -43.998237 8.107674 -23.470951
v -43.948103 5.029802 -23.798642
v -43.940548 1.843085 -23.848021
v -43.979179 -1.465384 -23.595518
v -44.062794 -4.78419 -23.048991
v -44.184182 -7.850494 -22.255573
v -44.336132 -10.41304 -21.262397
v -44.533409 -12.306019 -19.972952
v -44.774296 -13.627483 -18.39846
v -45.026858 -14.741181 -16.747656
v -45.25916 -15.968289 -15.229276
v -45.475152 -17.290663 -13.817507
v -45.687709 -18.635719 -12.428184
v -45.87829 -20.098723 -11.182506
v -46.028351 -21.77494 -10.201675
v -46.127075 -23.952434 -9.556391
v -46.186309 -26.492843 -9.169221
v -46.221507 -28.851795 -8.939163
v -46.248119 -30.484916 -8.765217
v -54.555004 -4.940475 -6.395941
v -54.579358 -3.095844 -6.241115
v -54.618119 -0.187151 -5.994702
v -54.636298 3.169079 -5.879128
v -54.59891 6.339696 -6.116818
v -54.492919 9.214571 -6.790638
v -54.33822 12.003777 -7.774109
v -54.149219 14.539156 -8.975645
v -53.940324 16.650366 -10.303658
v -53.702616 18.230079 -11.814845
v -53.432664 19.261551 -13.531013
v -53.153108 19.720064 -15.30824
v -52.886586 19.595061 -17.002601
v -52.622981 18.775799 -18.678427
v -52.355602 17.266864 -20.378241
v -52.112233 15.257051 -21.925409
v -51.92066 12.95335 -23.143299
v -51.785513 10.430416 -24.002474
v -51.692899 7.65772 -24.591248
v -51.64282 4.704535 -24.909622
v -51.635273 1.646561 -24.957596
v -51.673862 -1.531135 -24.712274
v -51.757386 -4.722518 -24.181286
v -51.878641 -7.6741 -23.410428
v -52.030425 -10.143321 -22.445493
v -52.227486 -11.970269 -21.192712
v -52.46811 -13.251061 -19.662989
v -52.720396 -14.333996 -18.059124
v -52.952445 -15.527209 -16.583917
v -53.168201 -16.813056 -15.212291
v -53.380526 -18.120958 -13.862472
v -53.570898 -19.543551 -12.652213
v -53.720795 -21.173466 -11.699271
v -53.819412 -23.290813 -11.072335
v -53.878581 -25.761051 -10.696174
v -53.91374 -28.054843 -10.472658
v -53.940324 -29.642853 -10.303658
v -62.261591 -4.925263 -7.949669
v -62.286515 -3.087966 -7.795449
v -62.326182 -0.193094 -7.55
v -62.344787 3.14501 -7.434878
v -62.306524 6.295602 -7.671638
v -62.198053 9.149491 -8.342822
v -62.039734 11.916814 -9.322446
v -61.846311 14.430707 -10.519281
v -61.632528 16.522153 -11.842099
v -61.389258 18.08493 -13.347374
v -61.11299 19.103051 -15.056829
v -60.826893 19.55247 -16.827102
v -60.554135 19.423111 -18.514836
v -60.284362 18.60485 -20.184106
v -60.010727 17.102347 -21.877269
v -59.761664 15.10371 -23.418385
v -59.565609 12.815003 -24.631511
v -59.427299 10.310187 -25.487324
v -59.332518 7.558223 -26.073795
v -59.281267 4.627457 -26.390924
v -59.273544 1.592577 -26.43871
v -59.313036 -1.562104 -26.194348
v -59.398514 -4.731652 -25.665438
v -59.522606 -7.664061 -24.897595
v -59.677941 -10.118106 -23.936434
v -59.879613 -11.934813 -22.688554
v -60.125867 -13.21026 -21.164816
v -60.384057 -14.28986 -19.567225
v -60.621535 -15.479399 -18.09779
v -60.842339 -16.761287 -16.731529
v -61.059632 -18.065163 -15.38699
v -61.254459 -19.483375 -14.181466
v -61.407863 -21.108272 -13.232252
v -61.508787 -23.219099 -12.607769
v -61.569341 -25.681731 -12.233079
v -61.605323 -27.96846 -12.010438
v -61.632528 -29.55158 -11.842099
v -69.982222 -5.018005 -9.418133
v -70.008272 -3.141676 -9.26114
v -70.049732 -0.179249 -9.011279
v -70.069178 3.242605 -8.894087
v -70.029185 6.480043 -9.135104
v -69.915812 9.420207 -9.818354
v -69.750339 12.275291 -10.815589
v -69.548176 14.873201 -12.03394
v -69.324733 17.039595 -13.38054
v -69.070469 18.664171 -14.912877
v -68.781717 19.728747 -16.653063
v -68.482692 20.207229 -18.455162
v -68.197609 20.088148 -20.173237
v -67.915644 19.258561 -21.872517
v -67.629644 17.722978 -23.59612
v -67.369327 15.67333 -25.164941
v -67.164412 13.320341 -26.399877
v -67.019852 10.740606 -27.271075
v -66.920788 7.904123 -27.86809
v -66.867221 4.882437 -28.19092
v -66.859149 1.753732 -28.239565
v -66.900425 -1.495829 -27.990809
v -66.989766 -4.757261 -27.452391
v -67.119466 -7.771932 -26.670744
v -67.28182 -10.292492 -25.692304
v -67.492606 -12.155786 -24.42199
v -67.749988 -13.459006 -22.870858
v -68.019844 -14.558934 -21.244546
v -68.268054 -15.770872 -19.748694
v -68.498836 -17.076898 -18.357871
v -68.725948 -18.405325 -16.98916
v -68.929579 -19.850241 -15.761964
v -69.089915 -21.505735 -14.795685
v -69.1954 -23.656308 -14.159975
v -69.25869 -26.165311 -13.778549
v -69.296298 -28.495099 -13.551905
v -69.324733 -30.108029 -13.38054
v -77.714016 -5.189289 -10.824751
v -77.741635 -3.236461 -10.662535
v -77.785591 -0.136285 -10.404361
v -77.806208 3.461036 -10.28327
v -77.763808 6.88625 -10.532306
v -77.643608 10.01813 -11.238286
v -77.468171 13.07077 -12.268698
v -77.253835 15.86035 -13.527582
v -77.016937 18.200552 -14.918981
v -76.747364 19.971473 -16.502296
v -76.441224 21.148993 -18.300376
v -76.124193 21.701649 -20.162428
v -75.821944 21.614198 -21.937661
v -75.523002 20.767754 -23.693473
v -75.21978 19.166312 -25.474417
v -74.943788 17.00914 -27.095431
v -74.726534 14.516351 -28.371451
v -74.57327 11.770634 -29.271633
v -74.468241 8.745517 -29.888509
v -74.411448 5.520358 -30.222079
v -74.40289 2.181875 -30.272343
v -74.446652 -1.278219 -30.015311
v -74.541373 -4.741394 -29.45898
v -74.678882 -7.934902 -28.65133
v -74.851013 -10.598511 -27.640338
v -75.07449 -12.560163 -26.327763
v -75.34737 -13.918415 -24.725027
v -75.633476 -15.055888 -23.044611
v -75.896631 -16.309194 -21.498993
v -76.141309 -17.659799 -20.0619
v -76.382097 -19.033571 -18.647654
v -76.597989 -20.527808 -17.379631
v -76.76798 -22.23981 -16.381206
v -76.879816 -24.463791 -15.724347
v -76.946918 -27.058436 -15.330231
v -76.98679 -29.467749 -15.096047
v -77.016937 -31.135735 -14.918981
v -85.452505 -5.400985 -12.199738
v -85.481957 -3.347539 -12.031046
v -85.528832 -0.059259 -11.762565
v -85.550818 3.783522 -11.63664
v -85.505602 7.47848 -11.895618
v -85.377422 10.891839 -12.629783
v -85.190337 14.237439 -13.701332
v -84.961769 17.314113 -15.010474
v -84.709142 19.917809 -16.457421
v -84.421669 21.913905 -18.103948
v -84.095203 23.268358 -19.973812
v -83.757122 23.940883 -21.910203
v -83.434805 23.909923 -23.756308
v -83.116013 23.048233 -25.582217
v -82.792658 21.358841 -27.434262
v -82.498341 19.050467 -29.119991
v -82.266662 16.355901 -30.446953
v -82.103222 13.367054 -31.383073
v -81.99122 10.064045 -32.024577
v -81.930655 6.5385 -32.371464
v -81.921529 2.890548 -32.423735
v -81.968197 -0.878306 -32.156442
v -82.069206 -4.634895 -31.5779
v -82.215846 -8.086448 -30.738006
v -82.399406 -10.954646 -29.686652
v -82.637722 -13.054803 -28.321675
v -82.92872 -14.486212 -26.654954
v -83.233823 -15.670089 -24.90745
v -83.514451 -16.974523 -23.300127
v -83.775374 -18.380226 -21.805661
v -84.03215 -19.81004 -20.334955
v -84.262377 -21.365234 -19.016308
v -84.443655 -23.147077 -17.978023
v -84.562916 -25.461785 -17.29494
v -84.634473 -28.162277 -16.885091
v -84.676993 -30.669877 -16.641557
v -84.709142 -32.405908 -16.457421
v -93.192116 -5.610721 -13.576548
v -93.223447 -3.449557 -13.401452
v -93.273312 0.048712 -13.122779
v -93.296699 4.172522 -12.992074
v -93.2486 8.184568 -13.260883
v -93.112245 11.935727 -14.022919
v -92.913229 15.636143 -15.135146
v -92.670084 19.063685 -16.493986
v -92.401346 21.992847 -17.995862
v -92.09554 24.270662 -19.704894
v -91.748254 25.849822 -21.645742
v -91.388613 26.678414 -23.655643
v -91.04574 26.726447 -25.57183
v -90.706618 25.857044 -27.467055
v -90.362641 24.071845 -29.389407
v -90.049555 21.589441 -31.13913
v -89.803101 18.656597 -32.516466
v -89.629237 15.376608 -33.488124
v -89.510092 11.739057 -34.15398
v -89.445665 7.851192 -34.514036
v -89.435957 3.830208 -34.568291
v -89.485601 -0.308799 -34.290851
v -89.593052 -4.414406 -33.690347
v -89.749044 -8.170595 -32.818568
v -89.94431 -11.278264 -31.727303
v -90.197824 -13.538063 -30.310508
v -90.507381 -15.048756 -28.580515
v -90.831941 -16.278606 -26.766672
v -91.130465 -17.633695 -25.098332
v -91.408029 -19.093986 -23.547133
v -91.68118 -20.579324 -22.020595
v -91.92609 -22.194911 -20.65189
v -92.118928 -24.045948 -19.574189
v -92.245796 -26.450543 -18.865175
v -92.321916 -29.255904 -18.439767
v -92.367147 -31.860881 -18.186988
v -92.401346 -33.664327 -17.995862
v -100.926823 -5.776841 -14.987961
v -100.959837 -3.52023 -14.807833
v -101.012382 0.174156 -14.521149
v -101.037026 4.568274 -14.386687
v -100.986342 8.894321 -14.663223
v -100.842658 12.987346 -15.447162
v -100.632945 17.050218 -16.591359
v -100.376733 20.839442 -17.989257
v -100.09355 24.107619 -19.534303
v -99.771309 26.682502 -21.292459
v -99.405357 28.501954 -23.289095
v -99.026386 29.50121 -25.356767
v -98.665084 29.640844 -27.328032
v -98.307735 28.774653 -29.277733
v -97.945271 26.902636 -31.255341
v -97.615356 24.251839 -33.055358
v -97.355656 21.081882 -34.472284
v -97.172448 17.507907 -35.47187
v -97.046899 13.5307 -36.156866
v -96.97901 9.274247 -36.527271
v -96.96878 4.874036 -36.583086
v -97.021092 0.360822 -36.297671
v -97.134319 -4.094772 -35.679906
v -97.298694 -8.154015 -34.783069
v -97.504455 -11.497731 -33.660437
v -97.771595 -13.912245 -32.202919
v -98.097789 -15.494314 -30.423198
v -98.439794 -16.760577 -28.557219
v -98.754363 -18.155788 -26.840924
v -99.046845 -19.659314 -25.245138
v -99.334678 -21.188629 -23.674722
v -99.59275 -22.85205 -22.266675
v -99.795953 -24.757892 -21.157997
v -99.92964 -27.233681 -20.428603
v -100.009851 -30.122102 -19.990967
v -100.057513 -32.804207 -19.730922
v -100.09355 -34.661049 -19.534303
vt 0.63994817 1.04668237
vt 0.63994817 1.04243098
vt 0.63994817 1.03561208
vt 0.63994817 1.02765528
vt 0.63994817 1.01997558
vt 0.63994817 1.01272124
vt 0.63994817 1.00541312
vt 0.63994817 0.99844852
vt 0.63994817 0.9922345
vt 0.63994817 0.98682704
vt 0.63994817 0.98199617
vt 0.63994817 0.97770654
vt 0.63994817 0.97384859
vt 0.63994817 0.96964391
vt 0.63994817 0.96443404
vt 0.63994817 0.95849736
vt 0.63994817 0.9522586
vt 0.63994817 0.94575059
vt 0.63994817 0.93875756
vt 0.63994817 0.93139447
vt 0.63994817 0.92381252
vt 0.63994817 0.91596477
vt 0.63994817 0.9080752
vt 0.63994817 0.90070469
vt 0.63994817 0.89436718
vt 0.63994817 0.88916709
vt 0.63994817 0.88459978
vt 0.63994817 0.88020914
vt 0.63994817 0.87590843
vt 0.63994817 0.87165036
vt 0.63994817 0.86739437
vt 0.63994817 0.86316966
vt 0.63994817 0.85890707
vt 0.63994817 0.85393158
vt 0.63994817 0.8483053
vt 0.63994817 0.84311675
vt 0.63994817 0.83952136
vt 0.65526974 1.04817356
vt 0.65526974 1.04383005
vt 0.65526974 1.03688728
vt 0.65526974 1.02880899
vt 0.65526974 1.02104147
vt 0.65526974 1.01372782
vt 0.65526974 1.00636753
vt 0.65526974 0.99935871
vt 0.65526974 0.993109
vt 0.65526974 0.98766186
vt 0.65526974 0.98276999
vt 0.65526974 0.97839632
vt 0.65526974 0.97443774
vt 0.65526974 0.97011737
vt 0.65526974 0.96478568
vt 0.65526974 0.95873885
vt 0.65526974 0.95241523
vt 0.65526974 0.94584565
vt 0.65526974 0.93880126
vt 0.65526974 0.93139125
vt 0.65526974 0.92376123
vt 0.65526974 0.91585334
vt 0.65526974 0.90788815
vt 0.65526974 0.90043298
vt 0.65526974 0.89400838
vt 0.65526974 0.88871551
vt 0.65526974 0.88403989
vt 0.65526974 0.8795357
vt 0.65526974 0.87512377
vt 0.65526974 0.87075558
vt 0.65526974 0.86638952
vt 0.65526974 0.86205555
vt 0.65526974 0.85768273
vt 0.65526974 0.85257858
vt 0.65526974 0.84680679
vt 0.65526974 0.84148406
vt 0.65526974 0.83779568
vt 0.67059131 1.04996201
vt 0.67059131 1.04546106
vt 0.67059131 1.03831866
vt 0.67059131 1.03005853
vt 0.67059131 1.02218076
vt 0.67059131 1.01481503
vt 0.67059131 1.00741855
vt 0.67059131 1.00038661
vt 0.67059131 0.99412336
vt 0.67059131 0.98864321
vt 0.67059131 0.98366362
vt 0.67059131 0.97914602
vt 0.67059131 0.97500455
vt 0.67059131 0.97047378
vt 0.67059131 0.96492919
vt 0.67059131 0.95870286
vt 0.67059131 0.95225892
vt 0.67059131 0.94562385
vt 0.67059131 0.93854217
vt 0.67059131 0.93110904
vt 0.67059131 0.92345586
vt 0.67059131 0.91550092
vt 0.67059131 0.90745466
vt 0.67059131 0.89989259
vt 0.67059131 0.89334419
vt 0.67059131 0.88790233
vt 0.67059131 0.8830367
vt 0.67059131 0.87832906
vt 0.67059131 0.87371785
vt 0.67059131 0.86915236
vt 0.67059131 0.8645891
vt 0.67059131 0.86005937
vt 0.67059131 0.85548903
vt 0.67059131 0.85015433
vt 0.67059131 0.84412184
vt 0.67059131 0.8385587
vt 0.67059131 0.83470372
vt 0.68591289 1.05136172
vt 0.68591289 1.04665362
vt 0.68591289 1.03926451
vt 0.68591289 1.03079921
vt 0.68591289 1.02282891
vt 0.68591289 1.01545899
vt 0.68591289 1.00808293
vt 0.68591289 1.00108641
vt 0.68591289 0.99486248
vt 0.68591289 0.98937627
vt 0.68591289 0.98429283
vt 0.68591289 0.97957742
vt 0.68591289 0.97517746
vt 0.68591289 0.97035291
vt 0.68591289 0.96452186
vt 0.68591289 0.95806997
vt 0.68591289 0.95149894
vt 0.68591289 0.94482894
vt 0.68591289 0.9377642
vt 0.68591289 0.93037574
vt 0.68591289 0.92276987
vt 0.68591289 0.91482644
vt 0.68591289 0.90673679
vt 0.68591289 0.8990833
vt 0.68591289 0.89240427
vt 0.68591289 0.88677824
vt 0.68591289 0.88165606
vt 0.68591289 0.87666843
vt 0.68591289 0.87178296
vt 0.68591289 0.86694593
vt 0.68591289 0.86211126
vt 0.68591289 0.85731212
vt 0.68591289 0.85246996
vt 0.68591289 0.84681797
vt 0.68591289 0.84042669
vt 0.68591289 0.83453267
vt 0.68591289 0.83044842
vt 0.70123446 1.05187469
vt 0.70123446 1.04693101
vt 0.70123446 1.03928063
vt 0.70123446 1.03062322
vt 0.70123446 1.02261115
vt 0.70123446 1.01531312
vt 0.70123446 1.00803962
vt 0.70123446 1.00115743
vt 0.70123446 0.99503822
vt 0.70123446 0.98957624
vt 0.70123446 0.98437354
vt 0.70123446 0.9794122
vt 0.70123446 0.97469235
vt 0.70123446 0.96951287
vt 0.70123446 0.96334805
vt 0.70123446 0.95665111
vt 0.70123446 0.94997116
vt 0.70123446 0.9433216
vt 0.70123446 0.93635498
vt 0.70123446 0.92910784
vt 0.70123446 0.9216499
vt 0.70123446 0.91380827
vt 0.70123446 0.90574527
vt 0.70123446 0.89804651
vt 0.70123446 0.89125677
vt 0.70123446 0.88543444
vt 0.70123446 0.88001237
vt 0.70123446 0.8746914
vt 0.70123446 0.86947943
vt 0.70123446 0.86431912
vt 0.70123446 0.85916134
vt 0.70123446 0.85404146
vt 0.70123446 0.84887568
vt 0.70123446 0.84284595
vt 0.70123446 0.83602752
vt 0.70123446 0.82973959
vt 0.70123446 0.82538237
vt 0.71655603 1.05145088
vt 0.71655603 1.04626578
vt 0.71655603 1.03836644
vt 0.71655603 1.02955235
vt 0.71655603 1.02155926
vt 0.71655603 1.01440787
vt 0.71655603 1.00731219
vt 0.71655603 1.00061068
vt 0.71655603 0.99464306
vt 0.71655603 0.98921576
vt 0.71655603 0.98387
vt 0.71655603 0.97862371
vt 0.71655603 0.97354623
vt 0.71655603 0.96798237
vt 0.71655603 0.96146745
vt 0.71655603 0.95452884
vt 0.71655603 0.94776909
vt 0.71655603 0.94119646
vt 0.71655603 0.93440565
vt 0.71655603 0.92739111
vt 0.71655603 0.92017653
vt 0.71655603 0.91252547
vt 0.71655603 0.90456311
vt 0.71655603 0.89687386
vt 0.71655603 0.89000602
vt 0.71655603 0.88399384
vt 0.71655603 0.87825632
vt 0.71655603 0.87257924
vt 0.71655603 0.86701843
vt 0.71655603 0.86151275
vt 0.71655603 0.85600976
vt 0.71655603 0.85054722
vt 0.71655603 0.8450357
vt 0.71655603 0.83860242
vt 0.71655603 0.83132764
vt 0.71655603 0.82461886
vt 0.71655603 0.81997002
vt 0.73187761 1.05056627
vt 0.73187761 1.04515414
vt 0.73187761 1.03703283
vt 0.73187761 1.02809745
vt 0.73187761 1.02016211
vt 0.73187761 1.01319351
vt 0.73187761 1.00630577
vt 0.73187761 0.99980324
vt 0.73187761 0.99398728
vt 0.73187761 0.98857232
vt 0.73187761 0.98305517
vt 0.73187761 0.97750584
vt 0.73187761 0.97206776
vt 0.73187761 0.96612867
vt 0.73187761 0.95927892
vt 0.73187761 0.95211715
vt 0.73187761 0.94529931
vt 0.73187761 0.93883168
vt 0.73187761 0.9322528
vt 0.73187761 0.92551318
vt 0.73187761 0.91858694
vt 0.73187761 0.9111707
vt 0.73187761 0.90334948
vt 0.73187761 0.89570376
vt 0.73187761 0.88878334
vt 0.73187761 0.88259821
vt 0.73187761 0.87655851
vt 0.73187761 0.87053711
vt 0.73187761 0.86463904
vt 0.73187761 0.85879944
vt 0.73187761 0.8529627
vt 0.73187761 0.84716885
vt 0.73187761 0.84132306
vt 0.73187761 0.8344996
vt 0.73187761 0.82678361
vt 0.73187761 0.81966794
vt 0.73187761 0.81473715
vt 0.74719918 1.05003332
vt 0.74719918 1.04442465
vt 0.74719918 1.03611059
vt 0.74719918 1.02706906
vt 0.74719918 1.01918176
vt 0.74719918 1.01236543
vt 0.74719918 1.0056453
vt 0.74719918 0.99929378
vt 0.74719918 0.99357663
vt 0.74719918 0.98813033
vt 0.74719918 0.98242886
vt 0.74719918 0.97659594
vt 0.74719918 0.97083832
vt 0.74719918 0.96457433
vt 0.74719918 0.95743437
vt 0.74719918 0.95007587
vt 0.74719918 0.943201
vt 0.74719918 0.9368169
vt 0.74719918 0.93041579
vt 0.74719918 0.92391055
vt 0.74719918 0.91723132
vt 0.74719918 0.91001544
vt 0.74719918 0.90231266
vt 0.74719918 0.89470036
vt 0.74719918 0.88773022
vt 0.74719918 0.88139221
vt 0.74719918 0.87509071
vt 0.74719918 0.86877164
vt 0.74719918 0.862582
vt 0.74719918 0.85645372
vt 0.74719918 0.85032844
vt 0.74719918 0.84424817
vt 0.74719918 0.83811339
vt 0.74719918 0.83095261
vt 0.74719918 0.82285518
vt 0.74719918 0.81538775
vt 0.74719918 0.81021321
vt 0.76252075 1.05063884
vt 0.76252075 1.04487664
vt 0.76252075 1.03639552
vt 0.76252075 1.02723585
vt 0.76252075 1.01933174
vt 0.76252075 1.01256712
vt 0.76252075 1.00590555
vt 0.76252075 0.99960021
vt 0.76252075 0.99389546
vt 0.76252075 0.98837954
vt 0.76252075 0.98251657
vt 0.76252075 0.97646677
vt 0.76252075 0.97047613
vt 0.76252075 0.96397572
vt 0.76252075 0.95661551
vt 0.76252075 0.94909177
vt 0.76252075 0.94213907
vt 0.76252075 0.93576615
vt 0.76252075 0.92943497
vt 0.76252075 0.92303497
vt 0.76252075 0.91646829
vt 0.76252075 0.90933293
vt 0.76252075 0.90165698
vt 0.76252075 0.89401939
vt 0.76252075 0.88697647
vt 0.76252075 0.88050629
vt 0.76252075 0.87400697
vt 0.76252075 0.86746811
vt 0.76252075 0.86106319
vt 0.76252075 0.85472177
vt 0.76252075 0.84838345
vt 0.76252075 0.8420917
vt 0.76252075 0.83574356
vt 0.76252075 0.82833371
vt 0.76252075 0.81995465
vt 0.76252075 0.8122275
vt 0.76252075 0.80687298
vt 0.77784233 1.05280446
vt 0.77784233 1.04694266
vt 0.77784233 1.03832102
vt 0.77784233 1.029016
vt 0.77784233 1.02099523
vt 0.77784233 1.0141375
vt 0.77784233 1.00738487
vt 0.77784233 1.00099219
vt 0.77784233 0.99520513
vt 0.77784233 0.98960105
vt 0.77784233 0.98363561
vt 0.77784233 0.97747517
vt 0.77784233 0.97137331
vt 0.77784233 0.96475402
vt 0.77784233 0.95726411
vt 0.77784233 0.9496139
vt 0.77784233 0.94255198
vt 0.77784233 0.93608744
vt 0.77784233 0.92967132
vt 0.77784233 0.92318908
vt 0.77784233 0.91653851
vt 0.77784233 0.90930768
vt 0.77784233 0.90152284
vt 0.77784233 0.89377155
vt 0.77784233 0.88661867
vt 0.77784233 0.88004075
vt 0.77784233 0.87342655
vt 0.77784233 0.86676999
vt 0.77784233 0.86024977
vt 0.77784233 0.85379419
vt 0.77784233 0.84734177
vt 0.77784233 0.84093677
vt 0.77784233 0.83447435
vt 0.77784233 0.82693112
vt 0.77784233 0.81840122
vt 0.77784233 0.81053497
vt 0.77784233 0.80508406
vt 0.7931639 1.05638254
vt 0.7931639 1.05048602
vt 0.7931639 1.04176385
vt 0.7931639 1.03229801
vt 0.7931639 1.02406706
vt 0.7931639 1.01697424
vt 0.7931639 1.00998411
vt 0.7931639 1.00337498
vt 0.7931639 0.99741751
vt 0.7931639 0.99171759
vt 0.7931639 0.98572302
vt 0.7931639 0.97957383
vt 0.7931639 0.9734978
vt 0.7931639 0.9668924
vt 0.7931639 0.9593784
vt 0.7931639 0.95165346
vt 0.7931639 0.94445986
vt 0.7931639 0.93780544
vt 0.7931639 0.93115123
vt 0.7931639 0.92439918
vt 0.7931639 0.91746787
vt 0.7931639 0.90996706
vt 0.7931639 0.90194201
vt 0.7931639 0.89399536
vt 0.7931639 0.88670384
vt 0.7931639 0.88005334
vt 0.7931639 0.87342066
vt 0.7931639 0.86676291
vt 0.7931639 0.86024152
vt 0.7931639 0.85378479
vt 0.7931639 0.84733121
vt 0.7931639 0.84092506
vt 0.7931639 0.83446148
vt 0.7931639 0.8269169
vt 0.7931639 0.81838547
vt 0.7931639 0.81051781
vt 0.7931639 0.80506593
vt 0.80848547 1.06059053
vt 0.80848547 1.0547348
vt 0.80848547 1.0459794
vt 0.80848547 1.0363791
vt 0.80848547 1.02789727
vt 0.80848547 1.02048315
vt 0.80848547 1.01316102
vt 0.80848547 1.00624718
vt 0.80848547 1.00005353
vt 0.80848547 0.99424997
vt 0.80848547 0.98828903
vt 0.80848547 0.98226153
vt 0.80848547 0.97634074
vt 0.80848547 0.96988115
vt 0.80848547 0.9624572
vt 0.80848547 0.9547283
vt 0.80848547 0.9474111
vt 0.80848547 0.94051234
vt 0.80848547 0.93352336
vt 0.80848547 0.92637952
vt 0.80848547 0.91903963
vt 0.80848547 0.91116072
vt 0.80848547 0.90282298
vt 0.80848547 0.89464698
vt 0.80848547 0.88722194
vt 0.80848547 0.88055229
vt 0.80848547 0.87400446
vt 0.80848547 0.86746509
vt 0.80848547 0.86105967
vt 0.80848547 0.85471775
vt 0.80848547 0.84837894
vt 0.80848547 0.84208671
vt 0.80848547 0.83573807
vt 0.80848547 0.82832765
vt 0.80848547 0.81994793
vt 0.80848547 0.81222018
vt 0.80848547 0.80686524
vt 0.82380704 1.06412095
vt 0.82380704 1.05838922
vt 0.82380704 1.04970169
vt 0.82380704 1.04005364
vt 0.82380704 1.03136469
vt 0.82380704 1.02363844
vt 0.82380704 1.01598285
vt 0.82380704 1.00875485
vt 0.82380704 1.00231119
vt 0.82380704 0.99640787
vt 0.82380704 0.99052674
vt 0.82380704 0.98470449
vt 0.82380704 0.97904326
vt 0.82380704 0.97284555
vt 0.82380704 0.96562604
vt 0.82380704 0.95798545
vt 0.82380704 0.95059956
vt 0.82380704 0.94347624
vt 0.82380704 0.93615334
vt 0.82380704 0.92860898
vt 0.82380704 0.92085131
vt 0.82380704 0.91259884
vt 0.82380704 0.90397359
vt 0.82380704 0.89561096
vt 0.82380704 0.88810888
vt 0.82380704 0.88149581
vt 0.82380704 0.87513512
vt 0.82380704 0.86882506
vt 0.82380704 0.86264424
vt 0.82380704 0.8565247
vt 0.82380704 0.85040815
vt 0.82380704 0.84433655
vt 0.82380704 0.83821052
vt 0.82380704 0.83105994
vt 0.82380704 0.82297405
vt 0.82380704 0.81551727
vt 0.82380704 0.8103501
vt 0.83912862 1.06550123
vt 0.83912862 1.0599773
vt 0.83912862 1.05148578
vt 0.83912862 1.0419335
vt 0.83912862 1.03316802
vt 0.83912862 1.02524316
vt 0.83912862 1.01736022
vt 0.83912862 1.00990832
vt 0.83912862 1.00328034
vt 0.83912862 0.9973208
vt 0.83912862 0.99156427
vt 0.83912862 0.98600538
vt 0.83912862 0.98067526
vt 0.83912862 0.97482808
vt 0.83912862 0.96791744
vt 0.83912862 0.96047392
vt 0.83912862 0.95312313
vt 0.83912862 0.94587696
vt 0.83912862 0.93832827
vt 0.83912862 0.93049794
vt 0.83912862 0.92244152
vt 0.83912862 0.91394092
vt 0.83912862 0.90515708
vt 0.83912862 0.89673075
vt 0.83912862 0.8892601
vt 0.83912862 0.88279792
vt 0.83912862 0.87671644
vt 0.83912862 0.87072707
vt 0.83912862 0.86486037
vt 0.83912862 0.85905183
vt 0.83912862 0.85324614
vt 0.83912862 0.84748311
vt 0.83912862 0.84166841
vt 0.83912862 0.83488124
vt 0.83912862 0.82720629
vt 0.83912862 0.82012848
vt 0.83912862 0.81522391
vt 0.85445019 1.06363119
vt 0.85445019 1.05838875
vt 0.85445019 1.05022817
vt 0.85445019 1.0409454
vt 0.85445019 1.03229156
vt 0.85445019 1.02435833
vt 0.85445019 1.01643798
vt 0.85445019 1.00893654
vt 0.85445019 1.00226655
vt 0.85445019 0.99634677
vt 0.85445019 0.9907746
vt 0.85445019 0.98552119
vt 0.85445019 0.98056151
vt 0.85445019 0.97511924
vt 0.85445019 0.96860049
vt 0.85445019 0.96146493
vt 0.85445019 0.95428489
vt 0.85445019 0.94707769
vt 0.85445019 0.93949101
vt 0.85445019 0.93158044
vt 0.85445019 0.92343852
vt 0.85445019 0.91490267
vt 0.85445019 0.90616212
vt 0.85445019 0.89784932
vt 0.85445019 0.89055097
vt 0.85445019 0.88433952
vt 0.85445019 0.87860909
vt 0.85445019 0.87300354
vt 0.85445019 0.86751281
vt 0.85445019 0.86207651
vt 0.85445019 0.85664287
vt 0.85445019 0.85124916
vt 0.85445019 0.8458071
vt 0.85445019 0.83945488
vt 0.85445019 0.83227178
vt 0.85445019 0.82564754
vt 0.85445019 0.82105728
vt 0.86977176 1.05824219
vt 0.86977176 1.05333285
vt 0.86977176 1.04561716
vt 0.86977176 1.03676709
vt 0.86977176 1.02842072
vt 0.86977176 1.02069198
vt 0.86977176 1.01295356
vt 0.86977176 1.0056113
vt 0.86977176 0.99907902
vt 0.86977176 0.99332701
vt 0.86977176 0.988011
vt 0.86977176 0.98309362
vt 0.86977176 0.97851486
vt 0.86977176 0.9734953
vt 0.86977176 0.96741913
vt 0.86977176 0.96068358
vt 0.86977176 0.95380963
vt 0.86977176 0.94681921
vt 0.86977176 0.93940764
vt 0.86977176 0.9316527
vt 0.86977176 0.92366936
vt 0.86977176 0.91533692
vt 0.86977176 0.90685868
vt 0.86977176 0.89884449
vt 0.86977176 0.89185768
vt 0.86977176 0.88598258
vt 0.86977176 0.88064575
vt 0.86977176 0.87545323
vt 0.86977176 0.87036707
vt 0.86977176 0.86533133
vt 0.86977176 0.86029806
vt 0.86977176 0.85530177
vt 0.86977176 0.8502607
vt 0.86977176 0.84437653
vt 0.86977176 0.8377227
vt 0.86977176 0.83158655
vt 0.86977176 0.82733452
vt 0.88509334 1.05003389
vt 0.88509334 1.04547743
vt 0.88509334 1.03827353
vt 0.88509334 1.02996826
vt 0.88509334 1.02208087
vt 0.88509334 1.01473298
vt 0.88509334 1.00736261
vt 0.88509334 1.00036103
vt 0.88509334 0.99412783
vt 0.88509334 0.98866167
vt 0.88509334 0.9836634
vt 0.88509334 0.97909506
vt 0.88509334 0.97488124
vt 0.88509334 0.97026702
vt 0.88509334 0.96464396
vt 0.88509334 0.95836082
vt 0.88509334 0.95189265
vt 0.88509334 0.94526364
vt 0.88509334 0.93820589
vt 0.88509334 0.9308065
vt 0.88509334 0.92318844
vt 0.88509334 0.91525782
vt 0.88509334 0.90721837
vt 0.88509334 0.89964634
vt 0.88509334 0.89307268
vt 0.88509334 0.88758538
vt 0.88509334 0.8826492
vt 0.88509334 0.87786298
vt 0.88509334 0.87317479
vt 0.88509334 0.86853309
vt 0.88509334 0.86389365
vt 0.88509334 0.85928831
vt 0.88509334 0.85464168
vt 0.88509334 0.84921793
vt 0.88509334 0.84308474
vt 0.88509334 0.83742873
vt 0.88509334 0.8335094
vt 0.90041491 1.04043972
vt 0.90041491 1.03621951
vt 0.90041491 1.02953133
vt 0.90041491 1.02180501
vt 0.90041491 1.0144473
vt 0.90041491 1.00757664
vt 0.90041491 1.00067999
vt 0.90041491 0.99412511
vt 0.90041491 0.98828779
vt 0.90041491 0.98317638
vt 0.90041491 0.97852162
vt 0.90041491 0.97428761
vt 0.90041491 0.97039758
vt 0.90041491 0.96614038
vt 0.90041491 0.96093834
vt 0.90041491 0.95510694
vt 0.90041491 0.94908307
vt 0.90041491 0.94289069
vt 0.90041491 0.9362872
vt 0.90041491 0.92935881
vt 0.90041491 0.92222543
vt 0.90041491 0.91480679
vt 0.90041491 0.90729718
vt 0.90041491 0.9002341
vt 0.90041491 0.89411235
vt 0.90041491 0.88901706
vt 0.90041491 0.88445146
vt 0.90041491 0.88003074
vt 0.90041491 0.87570057
vt 0.90041491 0.87141332
vt 0.90041491 0.86712818
vt 0.90041491 0.86287452
vt 0.90041491 0.85858273
vt 0.90041491 0.85357316
vt 0.90041491 0.84790833
vt 0.90041491 0.84268424
vt 0.90041491 0.83906421
vt 0.91573648 1.03117355
vt 0.91573648 1.02723841
vt 0.91573648 1.02100514
vt 0.91573648 1.01380745
vt 0.91573648 1.00695713
vt 0.91573648 1.00056347
vt 0.91573648 0.99414661
vt 0.91573648 0.9880484
vt 0.91573648 0.98261814
vt 0.91573648 0.97786169
vt 0.91573648 0.97352643
vt 0.91573648 0.96957903
vt 0.91573648 0.96594923
vt 0.91573648 0.96197632
vt 0.91573648 0.95712445
vt 0.91573648 0.95168932
vt 0.91573648 0.94607891
vt 0.91573648 0.94031524
vt 0.91573648 0.93417101
vt 0.91573648 0.92772551
vt 0.91573648 0.92108935
vt 0.91573648 0.91418637
vt 0.91573648 0.9071966
vt 0.91573648 0.9006205
vt 0.91573648 0.89491886
vt 0.91573648 0.8901703
vt 0.91573648 0.88591185
vt 0.91573648 0.88178729
vt 0.91573648 0.87774721
vt 0.91573648 0.87374719
vt 0.91573648 0.86974913
vt 0.91573648 0.86578044
vt 0.91573648 0.86177618
vt 0.91573648 0.85710222
vt 0.91573648 0.8518169
vt 0.91573648 0.8469428
vt 0.91573648 0.84356529
vt 0.93105806 1.02378782
vt 0.93105806 1.0200595
vt 0.93105806 1.01416668
vt 0.93105806 1.00737469
vt 0.93105806 1.00092669
vt 0.93105806 0.99492153
vt 0.93105806 0.98889857
vt 0.93105806 0.98317732
vt 0.93105806 0.97808415
vt 0.93105806 0.97361685
vt 0.93105806 0.9695298
vt 0.93105806 0.96579203
vt 0.93105806 0.96234262
vt 0.93105806 0.95856519
vt 0.93105806 0.95396344
vt 0.93105806 0.94882359
vt 0.93105806 0.94353469
vt 0.93105806 0.93811638
vt 0.93105806 0.93234881
vt 0.93105806 0.92630264
vt 0.93105806 0.92007783
vt 0.93105806 0.91359678
vt 0.93105806 0.90702559
vt 0.93105806 0.90083534
vt 0.93105806 0.89546016
vt 0.93105806 0.89097161
vt 0.93105806 0.88693188
vt 0.93105806 0.88301418
vt 0.93105806 0.87917673
vt 0.93105806 0.87537732
vt 0.93105806 0.87157977
vt 0.93105806 0.86781013
vt 0.93105806 0.8640067
vt 0.93105806 0.85956716
vt 0.93105806 0.85454691
vt 0.93105806 0.84991726
vt 0.93105806 0.84670915
vt 0.94637963 1.01940951
vt 0.94637963 1.01579376
vt 0.94637963 1.0100919
vt 0.94637963 1.00353279
vt 0.94637963 0.9973224
vt 0.94637963 0.99155179
vt 0.94637963 0.98576806
vt 0.94637963 0.98027668
vt 0.94637963 0.97538942
vt 0.94637963 0.97109624
vt 0.94637963 0.96715263
vt 0.94637963 0.9635294
vt 0.94637963 0.96017338
vt 0.94637963 0.95649645
vt 0.94637963 0.95202867
vt 0.94637963 0.94705371
vt 0.94637963 0.94195146
vt 0.94637963 0.93673974
vt 0.94637963 0.93120083
vt 0.94637963 0.9253987
vt 0.94637963 0.91942534
vt 0.94637963 0.91320001
vt 0.94637963 0.9068792
vt 0.94637963 0.90091666
vt 0.94637963 0.89573092
vt 0.94637963 0.89138844
vt 0.94637963 0.88746549
vt 0.94637963 0.88365601
vt 0.94637963 0.87992455
vt 0.94637963 0.87623009
vt 0.94637963 0.87253744
vt 0.94637963 0.86887193
vt 0.94637963 0.86517355
vt 0.94637963 0.86085664
vt 0.94637963 0.85597507
vt 0.94637963 0.8514733
vt 0.94637963 0.8483538
vt 0.9617012 1.01868165
vt 0.9617012 1.01508025
vt 0.9617012 1.00940542
vt 0.9617012 1.00288171
vt 0.9617012 0.99671043
vt 0.9617012 0.99098065
vt 0.9617012 0.98523918
vt 0.9617012 0.97978878
vt 0.9617012 0.97493842
vt 0.9617012 0.97067537
vt 0.9617012 0.96675401
vt 0.9617012 0.96314562
vt 0.9617012 0.95979925
vt 0.9617012 0.95613234
vt 0.9617012 0.95168061
vt 0.9617012 0.94672866
vt 0.9617012 0.94165572
vt 0.9617012 0.93647916
vt 0.9617012 0.93098058
vt 0.9617012 0.9252222
vt 0.9617012 0.91929394
vt 0.9617012 0.91311354
vt 0.9617012 0.90683532
vt 0.9617012 0.90091018
vt 0.9617012 0.89575415
vt 0.9617012 0.89143245
vt 0.9617012 0.88752332
vt 0.9617012 0.88372558
vt 0.9617012 0.88000561
vt 0.9617012 0.87632253
vt 0.9617012 0.87264125
vt 0.9617012 0.86898702
vt 0.9617012 0.86530003
vt 0.9617012 0.86099641
vt 0.9617012 0.85612987
vt 0.9617012 0.85164196
vt 0.9617012 0.84853207
vt 0.97702277 1.02181697
vt 0.97702277 1.01813912
vt 0.97702277 1.01233205
vt 0.97702277 1.00564472
vt 0.97702277 0.99930364
vt 0.97702277 0.99340412
vt 0.97702277 0.98748894
vt 0.97702277 0.98187129
vt 0.97702277 0.97687095
vt 0.97702277 0.97248214
vt 0.97702277 0.96845966
vt 0.97702277 0.96477333
vt 0.97702277 0.96136573
vt 0.97702277 0.95763324
vt 0.97702277 0.95309152
vt 0.97702277 0.9480257
vt 0.97702277 0.94282074
vt 0.97702277 0.93749545
vt 0.97702277 0.93183089
vt 0.97702277 0.92589469
vt 0.97702277 0.91978318
vt 0.97702277 0.91341732
vt 0.97702277 0.90695886
vt 0.97702277 0.90087107
vt 0.97702277 0.89558107
vt 0.97702277 0.89115812
vt 0.97702277 0.88717071
vt 0.97702277 0.88330145
vt 0.97702277 0.87951144
vt 0.97702277 0.875759
vt 0.97702277 0.8720084
vt 0.97702277 0.86828537
vt 0.97702277 0.86452895
vt 0.97702277 0.8601443
vt 0.97702277 0.85518612
vt 0.97702277 0.85061371
vt 0.97702277 0.84744526
vt 0.99234435 1.02863362
vt 0.99234435 1.02480599
vt 0.99234435 1.01872941
vt 0.99234435 1.01169931
vt 0.99234435 1.00499128
vt 0.99234435 0.99871658
vt 0.99234435 0.99241484
vt 0.99234435 0.98642313
vt 0.99234435 0.98108605
vt 0.99234435 0.97641747
vt 0.99234435 0.97217842
vt 0.99234435 0.96833606
vt 0.99234435 0.96481622
vt 0.99234435 0.96096599
vt 0.99234435 0.95625186
vt 0.99234435 0.95095496
vt 0.99234435 0.94546949
vt 0.99234435 0.9398182
vt 0.99234435 0.93378479
vt 0.99234435 0.92745111
vt 0.99234435 0.92092988
vt 0.99234435 0.91415274
vt 0.99234435 0.90729958
vt 0.99234435 0.90086044
vt 0.99234435 0.8952861
vt 0.99234435 0.89065616
vt 0.99234435 0.88651946
vt 0.99234435 0.88251812
vt 0.99234435 0.87859875
vt 0.99234435 0.87471822
vt 0.99234435 0.8708396
vt 0.99234435 0.86698948
vt 0.99234435 0.86310485
vt 0.99234435 0.85857053
vt 0.99234435 0.85344311
vt 0.99234435 0.84871462
vt 0.99234435 0.84543802
vt 1.00766592 1.03849757
vt 1.00766592 1.03447302
vt 1.00766592 1.02802859
vt 1.00766592 1.02051901
vt 1.00766592 1.01328407
vt 1.00766592 1.00646038
vt 1.00766592 0.99958951
vt 1.00766592 0.99304407
vt 1.00766592 0.98720576
vt 1.00766592 0.98212148
vt 1.00766592 0.977568
vt 1.00766592 0.97351138
vt 1.00766592 0.96985177
vt 1.00766592 0.9658605
vt 1.00766592 0.96092464
vt 1.00766592 0.95531297
vt 1.00766592 0.94942952
vt 1.00766592 0.94330415
vt 1.00766592 0.93672885
vt 1.00766592 0.92980878
vt 1.00766592 0.92268312
vt 1.00766592 0.91530304
vt 1.00766592 0.90787688
vt 1.00766592 0.90093306
vt 1.00766592 0.89495608
vt 1.00766592 0.89004232
vt 1.00766592 0.88571455
vt 1.00766592 0.88154999
vt 1.00766592 0.87747072
vt 1.00766592 0.87343189
vt 1.00766592 0.86939505
vt 1.00766592 0.86538786
vt 1.00766592 0.86134475
vt 1.00766592 0.85662546
vt 1.00766592 0.85128887
vt 1.00766592 0.84636748
vt 1.00766592 0.84295721
vt 1.02298749 1.05020511
vt 1.02298749 1.04596982
vt 1.02298749 1.03911493
vt 1.02298749 1.03105644
vt 1.02298749 1.02320229
vt 1.02298749 1.01572148
vt 1.02298749 1.00816483
vt 1.02298749 1.00094809
vt 1.02298749 0.99449778
vt 1.02298749 0.98890437
vt 1.02298749 0.98397118
vt 1.02298749 0.97966814
vt 1.02298749 0.97586578
vt 1.02298749 0.97174047
vt 1.02298749 0.96657331
vt 1.02298749 0.9606105
vt 1.02298749 0.95426402
vt 1.02298749 0.9475741
vt 1.02298749 0.94034776
vt 1.02298749 0.93272076
vt 1.02298749 0.92486654
vt 1.02298749 0.91676383
vt 1.02298749 0.90865706
vt 1.02298749 0.90111968
vt 1.02298749 0.89467552
vt 1.02298749 0.88944297
vt 1.02298749 0.8849171
vt 1.02298749 0.88059081
vt 1.02298749 0.87635313
vt 1.02298749 0.87215747
vt 1.02298749 0.86796386
vt 1.02298749 0.86380106
vt 1.02298749 0.85960095
vt 1.02298749 0.85469839
vt 1.02298749 0.84915456
vt 1.02298749 0.84404206
vt 1.02298749 0.84049936
vt 1.03830907 1.06193722
vt 1.03830907 1.05751529
vt 1.03830907 1.05027728
vt 1.03830907 1.04169086
vt 1.03830907 1.03322373
vt 1.03830907 1.02507944
vt 1.03830907 1.01682538
vt 1.03830907 1.00892126
vt 1.03830907 1.00183928
vt 1.03830907 0.9957175
vt 1.03830907 0.99039374
vt 1.03830907 0.98584826
vt 1.03830907 0.98192502
vt 1.03830907 0.97770053
vt 1.03830907 0.9723354
vt 1.03830907 0.96604441
vt 1.03830907 0.95924394
vt 1.03830907 0.95198689
vt 1.03830907 0.94410075
vt 1.03830907 0.9357549
vt 1.03830907 0.92716003
vt 1.03830907 0.91832696
vt 1.03830907 0.90953862
vt 1.03830907 0.90141292
vt 1.03830907 0.89451236
vt 1.03830907 0.88897945
vt 1.03830907 0.88428548
vt 1.03830907 0.8798311
vt 1.03830907 0.87546796
vt 1.03830907 0.87114807
vt 1.03830907 0.86683029
vt 1.03830907 0.86254425
vt 1.03830907 0.85821978
vt 1.03830907 0.85317207
vt 1.03830907 0.8474641
vt 1.03830907 0.84220023
vt 1.03830907 0.83855264
vn -0.072094 -0.082916 0.993945
vn -0.072096 -0.082522 0.993978
vn -0.07223 -0.055796 0.995826
vn -0.072332 0.017805 0.997222
vn -0.071637 0.139321 0.987653
vn -0.069866 0.259428 0.963232
vn -0.067796 0.348928 0.934694
vn -0.065048 0.437615 0.896806
vn -0.060007 0.558528 0.827312
vn -0.049944 0.723444 0.688574
vn -0.034184 0.881314 0.471292
vn -0.012479 0.98501 0.172044
vn 0.016576 0.973394 -0.228535
vn 0.040828 0.82552 -0.562895
vn 0.053924 0.66662 -0.743444
vn 0.061835 0.519045 -0.852507
vn 0.067148 0.372124 -0.925751
vn 0.070146 0.244568 -0.967092
vn 0.071589 0.14403 -0.986981
vn 0.07223 0.055861 -0.995822
vn 0.072312 -0.029148 -0.996956
vn 0.071884 -0.112409 -0.991058
vn 0.070963 -0.194418 -0.978349
vn 0.069261 -0.288767 -0.954891
vn 0.064948 -0.440437 -0.895431
vn 0.054645 -0.655305 -0.753385
vn 0.04362 -0.797771 -0.601381
vn 0.042688 -0.807349 -0.588528
vn 0.047201 -0.757821 -0.650753
vn 0.049613 -0.727789 -0.684004
vn 0.052493 -0.688102 -0.723713
vn 0.058799 -0.582571 -0.81065
vn 0.066545 -0.392252 -0.917447
vn 0.070636 -0.215936 -0.973849
vn 0.071764 -0.126295 -0.989393
vn 0.071968 -0.101742 -0.992204
vn 0.072343 0 -0.99738
vn -0.076215 -0.083257 0.993609
vn -0.076216 -0.083036 0.993628
vn -0.076359 -0.056304 0.995489
vn -0.076468 0.018025 0.996909
vn -0.07571 0.141543 0.987033
vn -0.073764 0.26413 0.961662
vn -0.071482 0.35557 0.931912
vn -0.068443 0.446261 0.892282
vn -0.062872 0.569386 0.819662
vn -0.051853 0.735065 0.676011
vn -0.034881 0.88994 0.454742
vn -0.011976 0.987664 0.156126
vn 0.01813 0.971496 -0.23636
vn 0.043148 0.825659 -0.562518
vn 0.056788 0.669832 -0.740338
vn 0.065137 0.524058 -0.849188
vn 0.070824 0.377425 -0.923328
vn 0.074075 0.248822 -0.965712
vn 0.075652 0.146755 -0.986276
vn 0.076356 0.056946 -0.995453
vn 0.076447 -0.029694 -0.996631
vn 0.075979 -0.114333 -0.990533
vn 0.074976 -0.197377 -0.977456
vn 0.073134 -0.292577 -0.953441
vn 0.068494 -0.444912 -0.892951
vn 0.057553 -0.658565 -0.75032
vn 0.046034 -0.798566 -0.600145
vn 0.045129 -0.807349 -0.588346
vn 0.049901 -0.757821 -0.650552
vn 0.05245 -0.727789 -0.683792
vn 0.055495 -0.688102 -0.723488
vn 0.062162 -0.582571 -0.810399
vn 0.070351 -0.392252 -0.917163
vn 0.074676 -0.215936 -0.973548
vn 0.075868 -0.126295 -0.989087
vn 0.076084 -0.101742 -0.991897
vn 0.07648 0 -0.997071
vn -0.080336 -0.083973 0.993224
vn -0.080335 -0.084125 0.993212
vn -0.080488 -0.05739 0.995102
vn -0.080607 0.0185 0.996574
vn -0.079752 0.146395 0.986006
vn -0.077525 0.274443 0.958473
vn -0.074894 0.370149 0.925949
vn -0.071365 0.465213 0.882317
vn -0.064916 0.592995 0.802585
vn -0.052427 0.759689 0.64817
vn -0.033889 0.907363 0.41898
vn -0.009928 0.992389 0.122739
vn 0.020426 0.967373 -0.252533
vn 0.04545 0.825948 -0.561912
vn 0.059368 0.676564 -0.733987
vn 0.068126 0.534728 -0.842273
vn 0.074274 0.388896 -0.918283
vn 0.077888 0.258137 -0.962963
vn 0.079675 0.15276 -0.985046
vn 0.080479 0.05934 -0.994988
vn 0.080582 -0.030898 -0.996269
vn 0.080052 -0.118547 -0.989716
vn 0.078928 -0.203818 -0.975822
vn 0.076887 -0.30081 -0.95058
vn 0.071814 -0.454469 -0.887863
vn 0.060182 -0.665404 -0.744054
vn 0.048349 -0.800219 -0.597756
vn 0.047572 -0.807349 -0.588153
vn 0.052602 -0.757821 -0.650339
vn 0.05529 -0.727789 -0.683569
vn 0.0585 -0.688102 -0.723252
vn 0.065527 -0.582571 -0.810134
vn 0.07416 -0.392252 -0.916863
vn 0.078719 -0.215936 -0.973229
vn 0.079975 -0.126295 -0.988764
vn 0.080202 -0.101742 -0.991573
vn 0.080621 0 -0.996745
vn -0.084457 -0.085053 0.992791
vn -0.084451 -0.085785 0.992728
vn -0.084616 -0.059071 0.994661
vn -0.084748 0.019247 0.996217
vn -0.08375 0.154184 0.984486
vn -0.081092 0.29115 0.953234
vn -0.077915 0.393774 0.915899
vn -0.073611 0.495825 0.865297
vn -0.065793 0.630492 0.773403
vn -0.051206 0.796903 0.601933
vn -0.030843 0.93145 0.362559
vn -0.006192 0.997328 0.072789
vn 0.023481 0.960864 -0.276023
vn 0.047732 0.826374 -0.561095
vn 0.061623 0.686638 -0.724383
vn 0.070729 0.551117 -0.831425
vn 0.077425 0.407022 -0.910131
vn 0.08154 0.273174 -0.958503
vn 0.083636 0.16256 -0.983148
vn 0.084594 0.063264 -0.994405
vn 0.084718 -0.032864 -0.995863
vn 0.084095 -0.12536 -0.988541
vn 0.082798 -0.214107 -0.973295
vn 0.080482 -0.313791 -0.946075
vn 0.074852 -0.469237 -0.879894
vn 0.06249 -0.67565 -0.734569
vn 0.050556 -0.802658 -0.594293
vn 0.050017 -0.807349 -0.58795
vn 0.055305 -0.757821 -0.650115
vn 0.058131 -0.727789 -0.683333
vn 0.061506 -0.688102 -0.723002
vn 0.068894 -0.582571 -0.809855
vn 0.077971 -0.392252 -0.916547
vn 0.082764 -0.215936 -0.972893
vn 0.084085 -0.126295 -0.988423
vn 0.084324 -0.101742 -0.991231
vn 0.084764 0 -0.996401
vn -0.088577 -0.086414 0.992314
vn -0.088565 -0.087908 0.992184
vn -0.088742 -0.061268 0.994169
vn -0.088891 0.020249 0.995836
vn -0.087692 0.16491 0.982403
vn -0.0844 0.314434 0.94552
vn -0.08041 0.426675 0.900823
vn -0.074938 0.53814 0.839517
vn -0.065124 0.680795 0.729573
vn -0.04783 0.842964 0.53584
vn -0.025684 0.957364 0.287741
vn -0.000979 0.999939 0.010968
vn 0.027145 0.952252 -0.304104
vn 0.049999 0.826895 -0.560129
vn 0.063564 0.699198 -0.712096
vn 0.072911 0.572271 -0.816817
vn 0.080211 0.431383 -0.898596
vn 0.084979 0.294032 -0.95201
vn 0.087515 0.176386 -0.980423
vn 0.088698 0.068834 -0.993677
vn 0.088853 -0.03564 -0.995407
vn 0.088097 -0.134836 -0.986944
vn 0.086564 -0.228169 -0.969766
vn 0.083891 -0.331195 -0.939825
vn 0.07758 -0.488471 -0.869124
vn 0.064485 -0.688443 -0.722418
vn 0.052669 -0.805647 -0.59005
vn 0.052463 -0.807349 -0.587737
vn 0.05801 -0.757821 -0.649879
vn 0.060974 -0.727789 -0.683085
vn 0.064514 -0.688102 -0.72274
vn 0.072264 -0.582571 -0.809561
vn 0.081784 -0.392252 -0.916215
vn 0.086812 -0.215936 -0.972541
vn 0.088197 -0.126295 -0.988064
vn 0.088448 -0.101742 -0.990871
vn 0.088909 0 -0.99604
vn -0.092696 -0.087905 0.991806
vn -0.092677 -0.090276 0.991595
vn -0.092867 -0.063783 0.993633
vn -0.093035 0.021432 0.995432
vn -0.09157 0.178017 0.979758
vn -0.087402 0.343283 0.935157
vn -0.082272 0.467292 0.880267
vn -0.075159 0.58963 0.804169
vn -0.062681 0.739114 0.670658
vn -0.042348 0.890453 0.4531
vn -0.018904 0.979148 0.202269
vn 0.005109 0.998492 -0.054666
vn 0.031124 0.942411 -0.333007
vn 0.052255 0.827449 -0.559105
vn 0.065269 0.71278 -0.698344
vn 0.074718 0.596075 -0.799445
vn 0.082618 0.460183 -0.883972
vn 0.088172 0.319727 -0.943398
vn 0.091292 0.193817 -0.976781
vn 0.092788 0.075919 -0.992787
vn 0.092985 -0.039146 -0.994898
vn 0.092052 -0.146568 -0.984908
vn 0.090216 -0.245183 -0.96527
vn 0.08711 -0.351739 -0.932036
vn 0.080025 -0.510365 -0.856227
vn 0.066245 -0.702301 -0.708791
vn 0.054723 -0.808818 -0.585507
vn 0.05491 -0.807349 -0.587513
vn 0.060716 -0.757821 -0.649632
vn 0.063818 -0.727789 -0.682825
vn 0.067523 -0.688102 -0.722465
vn 0.075635 -0.582571 -0.809253
vn 0.085599 -0.392252 -0.915866
vn 0.090861 -0.215936 -0.972171
vn 0.092312 -0.126295 -0.987688
vn 0.092574 -0.101742 -0.990494
vn 0.093057 0 -0.995661
vn -0.096818 -0.089325 0.991286
vn -0.096789 -0.092575 0.99099
vn -0.096992 -0.066291 0.993075
vn -0.097181 0.022652 0.995009
vn -0.095397 0.192051 0.976737
vn -0.090129 0.374593 0.922798
vn -0.083556 0.511011 0.855503
vn -0.074386 0.643746 0.761615
vn -0.0588 0.796301 0.602036
vn -0.035624 0.930429 0.364738
vn -0.011637 0.992809 0.119144
vn 0.011184 0.993359 -0.114508
vn 0.035043 0.932759 -0.358793
vn 0.054512 0.827958 -0.558134
vn 0.066897 0.725525 -0.684937
vn 0.076321 0.619308 -0.78143
vn 0.084747 0.489814 -0.867698
vn 0.09115 0.347449 -0.933258
vn 0.094972 0.213164 -0.97239
vn 0.096864 0.083873 -0.991757
vn 0.097116 -0.043048 -0.994342
vn 0.095965 -0.159323 -0.982551
vn 0.093779 -0.263191 -0.960175
vn 0.090196 -0.372881 -0.923485
vn 0.082308 -0.532016 -0.842724
vn 0.067927 -0.715329 -0.695478
vn 0.05677 -0.811742 -0.58125
vn 0.057359 -0.807349 -0.587279
vn 0.063424 -0.757821 -0.649373
vn 0.066664 -0.727789 -0.682553
vn 0.070534 -0.688102 -0.722177
vn 0.079007 -0.582571 -0.808931
vn 0.089416 -0.392252 -0.915501
vn 0.094913 -0.215936 -0.971783
vn 0.096428 -0.126295 -0.987295
vn 0.096702 -0.101742 -0.9901
vn 0.097206 0 -0.995264
vn -0.100942 -0.090456 0.990772
vn -0.100905 -0.094435 0.990404
vn -0.10112 -0.068371 0.992522
vn -0.101329 0.023696 0.994571
vn -0.099216 0.204492 0.973827
vn -0.092778 0.402645 0.910642
vn -0.084671 0.549689 0.831067
vn -0.073351 0.69013 0.719959
vn -0.054774 0.841408 0.537618
vn -0.02941 0.956978 0.288665
vn -0.005399 0.99858 0.052989
vn 0.016296 0.986991 -0.159948
vn 0.038525 0.924948 -0.378135
vn 0.056781 0.828353 -0.557322
vn 0.06867 0.735526 -0.674008
vn 0.078036 0.638153 -0.765944
vn 0.086881 0.515026 -0.85276
vn 0.094077 0.37216 -0.923388
vn 0.098618 0.230926 -0.967961
vn 0.100935 0.091267 -0.990698
vn 0.101247 -0.046646 -0.993767
vn 0.099868 -0.170801 -0.980231
vn 0.097334 -0.278969 -0.955355
vn 0.093293 -0.390908 -0.91569
vn 0.084663 -0.549803 -0.830993
vn 0.069749 -0.725568 -0.684607
vn 0.058874 -0.814006 -0.577865
vn 0.059809 -0.807349 -0.587035
vn 0.066132 -0.757821 -0.649103
vn 0.069511 -0.727789 -0.682269
vn 0.073547 -0.688102 -0.721877
vn 0.082381 -0.582571 -0.808594
vn 0.093235 -0.392252 -0.91512
vn 0.098966 -0.215936 -0.971379
vn 0.100546 -0.126295 -0.986884
vn 0.100832 -0.101742 -0.989688
vn 0.101358 0 -0.99485
vn -0.105072 -0.091108 0.990282
vn -0.105028 -0.09552 0.989871
vn -0.105255 -0.069606 0.992006
vn -0.105479 0.02433 0.994124
vn -0.103107 0.21225 0.971761
vn -0.095741 0.420246 0.902345
vn -0.086424 0.573645 0.814532
vn -0.073439 0.718006 0.692152
vn -0.052655 0.866573 0.496264
vn -0.025776 0.9697 0.242937
vn -0.001616 0.999883 0.015233
vn 0.019646 0.982512 -0.185158
vn 0.041249 0.920412 -0.388768
vn 0.059073 0.828576 -0.556752
vn 0.070824 0.741231 -0.667503
vn 0.080258 0.649145 -0.756419
vn 0.089457 0.530242 -0.843114
vn 0.097262 0.387614 -0.916676
vn 0.102367 0.242301 -0.964786
vn 0.105023 0.096052 -0.98982
vn 0.105384 -0.04896 -0.993226
vn 0.103825 -0.178042 -0.97853
vn 0.101017 -0.288718 -0.95207
vn 0.096618 -0.401819 -0.910608
vn 0.087395 -0.560277 -0.823682
vn 0.071951 -0.731415 -0.678126
vn 0.061097 -0.815286 -0.575827
vn 0.062259 -0.807349 -0.58678
vn 0.068842 -0.757821 -0.648821
vn 0.072359 -0.727789 -0.681973
vn 0.07656 -0.688102 -0.721564
vn 0.085757 -0.582571 -0.808243
vn 0.097055 -0.392252 -0.914723
vn 0.103021 -0.215936 -0.970957
vn 0.104666 -0.126295 -0.986456
vn 0.104963 -0.101742 -0.989258
vn 0.105511 0 -0.994418
vn -0.109208 -0.091172 0.989829
vn -0.109162 -0.095628 0.989413
vn -0.109398 -0.069729 0.991549
vn -0.109632 0.024393 0.993673
vn -0.107147 0.21304 0.971151
vn -0.09942 0.422041 0.901109
vn -0.08964 0.576072 0.812469
vn -0.076015 0.72079 0.688973
vn -0.054263 0.869001 0.491826
vn -0.026289 0.970842 0.238276
vn -0.001272 0.999933 0.011533
vn 0.02069 0.982042 -0.187525
vn 0.042989 0.919964 -0.389639
vn 0.061395 0.828598 -0.556468
vn 0.073545 0.741791 -0.666587
vn 0.083316 0.650233 -0.755153
vn 0.092874 0.531768 -0.841782
vn 0.101019 0.389187 -0.915603
vn 0.106365 0.243472 -0.964058
vn 0.109153 0.096546 -0.989325
vn 0.109532 -0.049198 -0.992765
vn 0.107898 -0.178783 -0.977954
vn 0.104962 -0.289706 -0.951343
vn 0.100369 -0.402915 -0.909717
vn 0.090759 -0.561318 -0.822609
vn 0.074716 -0.731989 -0.677207
vn 0.063483 -0.815411 -0.575391
vn 0.06471 -0.807349 -0.586515
vn 0.071552 -0.757821 -0.648528
vn 0.075208 -0.727789 -0.681665
vn 0.079574 -0.688102 -0.721237
vn 0.089133 -0.582571 -0.807878
vn 0.100876 -0.392252 -0.91431
vn 0.107078 -0.215936 -0.970518
vn 0.108787 -0.126295 -0.98601
vn 0.109096 -0.101742 -0.988811
vn 0.109665 0 -0.993969
vn -0.113352 -0.090652 0.989411
vn -0.113308 -0.09476 0.989031
vn -0.113551 -0.068739 0.991151
vn -0.113788 0.023883 0.993218
vn -0.111361 0.206773 0.972031
vn -0.103925 0.407812 0.907132
vn -0.094548 0.556749 0.825282
vn -0.08146 0.698418 0.711039
vn -0.060133 0.849049 0.52488
vn -0.031474 0.961008 0.274724
vn -0.004762 0.999124 0.041564
vn 0.019176 0.985705 -0.167384
vn 0.043637 0.923589 -0.380893
vn 0.063752 0.82842 -0.556467
vn 0.0769 0.737243 -0.671237
vn 0.08732 0.641443 -0.762185
vn 0.097253 0.519539 -0.848894
vn 0.105436 0.376701 -0.920315
vn 0.110654 0.234246 -0.96586
vn 0.113331 0.092659 -0.989227
vn 0.113693 -0.047321 -0.992388
vn 0.112106 -0.172923 -0.978535
vn 0.109206 -0.281842 -0.953226
vn 0.104607 -0.394142 -0.913077
vn 0.094838 -0.55293 -0.827813
vn 0.078114 -0.727327 -0.681831
vn 0.066052 -0.814392 -0.576544
vn 0.067162 -0.807349 -0.586239
vn 0.074264 -0.757821 -0.648223
vn 0.078058 -0.727789 -0.681344
vn 0.08259 -0.688102 -0.720898
vn 0.092511 -0.582571 -0.807498
vn 0.104699 -0.392252 -0.91388
vn 0.111135 -0.215936 -0.970062
vn 0.112909 -0.126295 -0.985546
vn 0.11323 -0.101742 -0.988346
vn 0.11382 0 -0.993501
vn -0.117502 -0.08966 0.989017
vn -0.117464 -0.093123 0.988701
vn -0.117712 -0.066899 0.990792
vn -0.117946 0.022954 0.992755
vn -0.115698 0.195608 0.973833
vn -0.109001 0.382588 0.917467
vn -0.100621 0.522089 0.846934
vn -0.088922 0.65719 0.748461
vn -0.069223 0.80977 0.58265
vn -0.040627 0.938836 0.341959
vn -0.011797 0.994988 0.099297
vn 0.015195 0.991671 -0.127898
vn 0.043227 0.930456 -0.363844
vn 0.06614 0.828076 -0.5567
vn 0.08082 0.728499 -0.680263
vn 0.092109 0.624856 -0.775288
vn 0.102366 0.497124 -0.86162
vn 0.110315 0.354503 -0.928525
vn 0.115134 0.218182 -0.969093
vn 0.11754 0.085953 -0.989341
vn 0.117862 -0.044063 -0.992052
vn 0.116407 -0.162588 -0.979803
vn 0.11367 -0.26772 -0.956768
vn 0.109219 -0.378102 -0.919299
vn 0.099506 -0.537231 -0.837545
vn 0.082071 -0.718373 -0.6908
vn 0.068789 -0.812418 -0.579003
vn 0.069615 -0.807349 -0.585953
vn 0.076975 -0.757821 -0.647906
vn 0.080909 -0.727789 -0.681012
vn 0.085606 -0.688102 -0.720546
vn 0.095889 -0.582571 -0.807104
vn 0.108522 -0.392252 -0.913434
vn 0.115193 -0.215936 -0.969589
vn 0.117032 -0.126295 -0.985065
vn 0.117364 -0.101742 -0.987863
vn 0.117977 0 -0.993016
vn -0.121656 -0.088388 0.988629
vn -0.121626 -0.091053 0.988391
vn -0.121878 -0.064623 0.990439
vn -0.122105 0.021836 0.992277
vn -0.12008 0.182604 0.975826
vn -0.114249 0.353474 0.928441
vn -0.107039 0.481574 0.869845
vn -0.097015 0.607478 0.78839
vn -0.079595 0.758476 0.646822
vn -0.052024 0.904743 0.422769
vn -0.02136 0.984588 0.173579
vn 0.009242 0.997133 -0.075101
vn 0.041952 0.939155 -0.340923
vn 0.068552 0.827624 -0.557081
vn 0.085119 0.717134 -0.691718
vn 0.097347 0.603914 -0.791082
vn 0.107803 0.470008 -0.876054
vn 0.115344 0.328768 -0.937341
vn 0.119665 0.200063 -0.972448
vn 0.121757 0.078476 -0.989453
vn 0.122034 -0.040404 -0.991703
vn 0.120739 -0.150716 -0.981176
vn 0.118221 -0.251094 -0.960716
vn 0.114004 -0.358746 -0.926447
vn 0.104498 -0.517638 -0.849194
vn 0.086405 -0.70675 -0.702167
vn 0.071653 -0.809823 -0.582283
vn 0.072068 -0.807349 -0.585656
vn 0.079688 -0.757821 -0.647578
vn 0.083759 -0.727789 -0.680667
vn 0.088622 -0.688102 -0.720182
vn 0.099268 -0.582571 -0.806695
vn 0.112346 -0.392252 -0.912971
vn 0.119252 -0.215936 -0.969098
vn 0.121156 -0.126295 -0.984566
vn 0.1215 -0.101742 -0.987363
vn 0.122134 0 -0.992514
vn -0.125812 -0.087052 0.988227
vn -0.125791 -0.088916 0.988064
vn -0.126046 -0.06233 0.990064
vn -0.126264 0.020744 0.99178
vn -0.124446 0.17033 0.977497
vn -0.119378 0.326314 0.937693
vn -0.113196 0.44343 0.889132
vn -0.104674 0.559498 0.822196
vn -0.089516 0.705404 0.70313
vn -0.06363 0.863801 0.499799
vn -0.031897 0.96758 0.250544
vn 0.002209 0.999847 -0.017353
vn 0.040162 0.948086 -0.315467
vn 0.070976 0.827134 -0.557504
vn 0.089563 0.705033 -0.703497
vn 0.102665 0.582377 -0.80641
vn 0.113196 0.443424 -0.889135
vn 0.120289 0.304633 -0.944844
vn 0.124146 0.183522 -0.975145
vn 0.125966 0.071726 -0.989438
vn 0.126204 -0.037074 -0.991311
vn 0.125053 -0.139667 -0.98227
vn 0.122747 -0.235229 -0.964158
vn 0.118777 -0.339787 -0.932972
vn 0.109536 -0.497732 -0.860386
vn 0.090879 -0.694393 -0.713834
vn 0.074579 -0.807017 -0.585801
vn 0.074521 -0.807349 -0.585349
vn 0.0824 -0.757821 -0.647239
vn 0.086611 -0.727789 -0.68031
vn 0.091639 -0.688102 -0.719804
vn 0.102647 -0.582571 -0.806272
vn 0.11617 -0.392252 -0.912493
vn 0.123312 -0.215936 -0.96859
vn 0.12528 -0.126295 -0.98405
vn 0.125636 -0.101742 -0.986846
vn 0.126291 0 -0.991993
vn -0.129967 -0.085848 0.987795
vn -0.129954 -0.08702 0.987694
vn -0.130211 -0.060343 0.989648
vn -0.130423 0.019824 0.99126
vn -0.128762 0.160313 0.978632
vn -0.124258 0.304417 0.944399
vn -0.118832 0.412529 0.90316
vn -0.111425 0.52 0.846867
vn -0.098063 0.659468 0.745309
vn -0.073912 0.823993 0.561758
vn -0.041816 0.947231 0.317814
vn -0.004781 0.999328 0.03634
vn 0.038318 0.955886 -0.291228
vn 0.0734 0.82668 -0.557864
vn 0.093921 0.693989 -0.713833
vn 0.107775 0.563399 -0.819125
vn 0.118323 0.421029 -0.899296
vn 0.125036 0.285073 -0.950316
vn 0.128541 0.170413 -0.976953
vn 0.130161 0.066422 -0.989265
vn 0.130372 -0.03444 -0.990867
vn 0.129329 -0.130761 -0.982942
vn 0.127189 -0.222158 -0.966679
vn 0.123421 -0.323803 -0.93804
vn 0.114412 -0.480379 -0.869566
vn 0.095266 -0.683135 -0.724052
vn 0.077496 -0.804414 -0.588993
vn 0.076975 -0.807349 -0.585032
vn 0.085113 -0.757821 -0.646888
vn 0.089462 -0.727789 -0.679941
vn 0.094656 -0.688102 -0.719413
vn 0.106026 -0.582571 -0.805835
vn 0.119994 -0.392252 -0.911997
vn 0.127371 -0.215936 -0.968064
vn 0.129404 -0.126295 -0.983516
vn 0.129772 -0.101742 -0.98631
vn 0.130449 0 -0.991455
vn -0.134121 -0.084918 0.98732
vn -0.134113 -0.085575 0.987264
vn -0.134373 -0.058857 0.989181
vn -0.134582 0.019151 0.990717
vn -0.133018 0.153172 0.979206
vn -0.128864 0.288969 0.948626
vn -0.123909 0.390689 0.912145
vn -0.1172 0.491837 0.862763
vn -0.105007 0.625655 0.773
vn -0.082139 0.792238 0.604659
vn -0.049956 0.928581 0.367751
vn -0.010676 0.99685 0.078593
vn 0.036896 0.9617 -0.271611
vn 0.075811 0.826321 -0.558074
vn 0.098019 0.685377 -0.721561
vn 0.112504 0.549037 -0.828191
vn 0.123092 0.404687 -0.906133
vn 0.129562 0.271214 -0.953759
vn 0.132845 0.161275 -0.977928
vn 0.134342 0.062748 -0.988946
vn 0.134535 -0.032606 -0.990372
vn 0.13356 -0.124471 -0.983193
vn 0.131524 -0.212773 -0.968209
vn 0.127882 -0.31212 -0.941396
vn 0.119002 -0.467357 -0.876023
vn 0.099393 -0.674367 -0.731677
vn 0.08034 -0.802355 -0.591415
vn 0.079428 -0.807349 -0.584704
vn 0.087826 -0.757821 -0.646525
vn 0.092313 -0.727789 -0.67956
vn 0.097673 -0.688102 -0.71901
vn 0.109406 -0.582571 -0.805383
vn 0.123819 -0.392252 -0.911486
vn 0.131431 -0.215936 -0.967521
vn 0.133529 -0.126295 -0.982965
vn 0.133908 -0.101742 -0.985757
vn 0.134607 0 -0.990899
vn -0.13827 -0.084335 0.986797
vn -0.138266 -0.084679 0.986768
vn -0.138531 -0.057947 0.988661
vn -0.13874 0.018746 0.990151
vn -0.137217 0.148937 0.97928
vn -0.133219 0.279877 0.950748
vn -0.128478 0.377832 0.916917
vn -0.122097 0.475185 0.871374
vn -0.110456 0.605301 0.788296
vn -0.088174 0.772163 0.629277
vn -0.055751 0.915741 0.397881
vn -0.014752 0.994333 0.105278
vn 0.036274 0.96523 -0.258875
vn 0.078199 0.826091 -0.558084
vn 0.10175 0.679948 -0.726167
vn 0.116777 0.540177 -0.83341
vn 0.127489 0.394852 -0.909856
vn 0.133878 0.263035 -0.955453
vn 0.137067 0.155937 -0.978211
vn 0.138509 0.06061 -0.988505
vn 0.138695 -0.031535 -0.989833
vn 0.137749 -0.120765 -0.983077
vn 0.135753 -0.207183 -0.968837
vn 0.132149 -0.305079 -0.943114
vn 0.123257 -0.459367 -0.879653
vn 0.103158 -0.668844 -0.736211
vn 0.083065 -0.801042 -0.592816
vn 0.081881 -0.807349 -0.584365
vn 0.090539 -0.757821 -0.646151
vn 0.095165 -0.727789 -0.679166
vn 0.100689 -0.688102 -0.718594
vn 0.112785 -0.582571 -0.804917
vn 0.127643 -0.392252 -0.910958
vn 0.135491 -0.215936 -0.966961
vn 0.137653 -0.126295 -0.982396
vn 0.138044 -0.101742 -0.985186
vn 0.138764 0 -0.990325
vn -0.142415 -0.084101 0.986228
vn -0.142413 -0.084321 0.986209
vn -0.142684 -0.057587 0.988092
vn -0.142897 0.018586 0.989563
vn -0.141363 0.147287 0.97894
vn -0.137356 0.276348 0.951191
vn -0.132616 0.372841 0.918369
vn -0.12625 0.468709 0.874284
vn -0.114624 0.597319 0.79377
vn -0.092198 0.7641 0.638475
vn -0.059143 0.910361 0.409567
vn -0.016747 0.993111 0.115976
vn 0.036619 0.966619 -0.253588
vn 0.080561 0.825999 -0.557886
vn 0.105088 0.677762 -0.727733
vn 0.120598 0.536651 -0.835142
vn 0.131544 0.39099 -0.910946
vn 0.138012 0.259854 -0.955735
vn 0.141219 0.153872 -0.977947
vn 0.142666 0.059784 -0.987964
vn 0.142852 -0.031121 -0.989255
vn 0.1419 -0.119324 -0.982663
vn 0.139886 -0.205 -0.968714
vn 0.136234 -0.302311 -0.943424
vn 0.127183 -0.456196 -0.880744
vn 0.106533 -0.666622 -0.737744
vn 0.085656 -0.800511 -0.593166
vn 0.084334 -0.807349 -0.584016
vn 0.093251 -0.757821 -0.645765
vn 0.098016 -0.727789 -0.678761
vn 0.103706 -0.688102 -0.718165
vn 0.116164 -0.582571 -0.804436
vn 0.131467 -0.392252 -0.910414
vn 0.13955 -0.215936 -0.966384
vn 0.141777 -0.126295 -0.981809
vn 0.14218 -0.101742 -0.984598
vn 0.142922 0 -0.989734
vn -0.146556 -0.084151 0.985616
vn -0.146553 -0.084397 0.985596
vn -0.146833 -0.057663 0.987479
vn -0.147053 0.01862 0.988953
vn -0.145466 0.147636 0.978286
vn -0.141319 0.277094 0.950394
vn -0.136411 0.373896 0.917384
vn -0.129815 0.470078 0.873026
vn -0.117772 0.599009 0.792034
vn -0.09458 0.765817 0.636066
vn -0.060488 0.911517 0.40679
vn -0.016894 0.993381 0.113614
vn 0.037847 0.966325 -0.254528
vn 0.0829 0.826018 -0.557513
vn 0.108081 0.678228 -0.72686
vn 0.124035 0.5374 -0.834156
vn 0.135319 0.391808 -0.910041
vn 0.141999 0.260527 -0.954967
vn 0.145317 0.154308 -0.977278
vn 0.146813 0.059959 -0.987345
vn 0.147006 -0.031209 -0.988643
vn 0.146022 -0.119629 -0.982022
vn 0.14394 -0.205462 -0.968022
vn 0.140169 -0.302898 -0.942659
vn 0.130831 -0.456869 -0.87986
vn 0.109569 -0.667095 -0.736871
vn 0.088124 -0.800624 -0.592651
vn 0.086787 -0.807349 -0.583657
vn 0.095963 -0.757821 -0.645367
vn 0.100866 -0.727789 -0.678343
vn 0.106722 -0.688102 -0.717723
vn 0.119542 -0.582571 -0.803941
vn 0.135291 -0.392252 -0.909854
vn 0.143608 -0.215936 -0.965789
vn 0.1459 -0.126295 -0.981205
vn 0.146315 -0.101742 -0.983992
vn 0.147078 0 -0.989125
vn -0.150695 -0.084365 0.984974
vn -0.15069 -0.084724 0.984944
vn -0.150979 -0.057993 0.986834
vn -0.151207 0.018766 0.988324
vn -0.149542 0.149148 0.977442
vn -0.14517 0.280328 0.948863
vn -0.139984 0.37847 0.914967
vn -0.133001 0.476012 0.869324
vn -0.120265 0.606318 0.786076
vn -0.09591 0.773183 0.626889
vn -0.060529 0.916413 0.395631
vn -0.015869 0.994479 0.103726
vn 0.039632 0.965053 -0.259042
vn 0.085223 0.826103 -0.557037
vn 0.110855 0.680224 -0.724573
vn 0.127228 0.540624 -0.831588
vn 0.138913 0.395344 -0.907968
vn 0.145892 0.263441 -0.95358
vn 0.149377 0.156201 -0.976365
vn 0.150955 0.060716 -0.986674
vn 0.151158 -0.031588 -0.988005
vn 0.150124 -0.120949 -0.981241
vn 0.147943 -0.207462 -0.966991
vn 0.144007 -0.305431 -0.941262
vn 0.134301 -0.459769 -0.877824
vn 0.112389 -0.669125 -0.734602
vn 0.090516 -0.801109 -0.591634
vn 0.089239 -0.807349 -0.583287
vn 0.098674 -0.757821 -0.644958
vn 0.103716 -0.727789 -0.677913
vn 0.109737 -0.688102 -0.717268
vn 0.12292 -0.582571 -0.803431
vn 0.139114 -0.392252 -0.909277
vn 0.147666 -0.215936 -0.965177
vn 0.150023 -0.126295 -0.980583
vn 0.150449 -0.101742 -0.983369
vn 0.151234 0 -0.988498
vn -0.154831 -0.084588 0.984313
vn -0.154825 -0.085068 0.984273
vn -0.155124 -0.058341 0.986171
vn -0.155361 0.01892 0.987677
vn -0.153612 0.150756 0.976563
vn -0.149001 0.283775 0.947244
vn -0.143518 0.383344 0.912387
vn -0.136119 0.482329 0.86535
vn -0.122641 0.614065 0.779669
vn -0.097066 0.780893 0.617077
vn -0.060378 0.921424 0.38384
vn -0.014693 0.995519 0.093409
vn 0.041483 0.963707 -0.263719
vn 0.087544 0.826191 -0.556546
vn 0.113599 0.68231 -0.722183
vn 0.130383 0.544014 -0.828884
vn 0.142478 0.399088 -0.905775
vn 0.149767 0.266544 -0.952116
vn 0.153431 0.158222 -0.97541
vn 0.155094 0.061525 -0.985982
vn 0.155309 -0.031994 -0.987348
vn 0.154221 -0.122354 -0.980431
vn 0.151937 -0.209586 -0.965913
vn 0.147829 -0.308113 -0.939794
vn 0.137744 -0.462823 -0.875683
vn 0.115179 -0.671247 -0.732231
vn 0.092898 -0.801615 -0.590579
vn 0.091691 -0.807349 -0.582907
vn 0.101385 -0.757821 -0.644538
vn 0.106566 -0.727789 -0.677471
vn 0.112752 -0.688102 -0.7168
vn 0.126297 -0.582571 -0.802908
vn 0.142935 -0.392252 -0.908685
vn 0.151722 -0.215936 -0.964547
vn 0.154144 -0.126295 -0.979943
vn 0.154582 -0.101742 -0.982727
vn 0.155388 0 -0.987853
vn -0.158969 -0.084664 0.983647
vn -0.158962 -0.085184 0.983603
vn -0.159269 -0.058459 0.985503
vn -0.159513 0.018973 0.987013
vn -0.157705 0.151305 0.975826
vn -0.152927 0.284955 0.946263
vn -0.147243 0.385013 0.91109
vn -0.139567 0.48449 0.863592
vn -0.12559 0.616707 0.77711
vn -0.099138 0.783499 0.613434
vn -0.061357 0.92309 0.379657
vn -0.014527 0.995846 0.089888
vn 0.042855 0.963249 -0.26517
vn 0.089877 0.826221 -0.55613
vn 0.11653 0.683015 -0.721049
vn 0.133749 0.545164 -0.827591
vn 0.146197 0.400365 -0.904618
vn 0.153723 0.267605 -0.951187
vn 0.157514 0.158914 -0.974646
vn 0.159237 0.061802 -0.985304
vn 0.159459 -0.032133 -0.986681
vn 0.158334 -0.122835 -0.979715
vn 0.155973 -0.210312 -0.965112
vn 0.151733 -0.309027 -0.938871
vn 0.141339 -0.46386 -0.874561
vn 0.118154 -0.671963 -0.731098
vn 0.095344 -0.801785 -0.589958
vn 0.094141 -0.807349 -0.582516
vn 0.104095 -0.757821 -0.644106
vn 0.109414 -0.727789 -0.677017
vn 0.115766 -0.688102 -0.71632
vn 0.129672 -0.582571 -0.802369
vn 0.146756 -0.392252 -0.908075
vn 0.155778 -0.215936 -0.963901
vn 0.158264 -0.126295 -0.979286
vn 0.158714 -0.101742 -0.982068
vn 0.159542 0 -0.987191
vn -0.163109 -0.084465 0.982986
vn -0.163103 -0.084878 0.982951
vn -0.163417 -0.058149 0.984842
vn -0.163664 0.018835 0.986336
vn -0.161845 0.149867 0.97537
vn -0.157056 0.28187 0.946511
vn -0.151371 0.38065 0.912246
vn -0.143707 0.478838 0.866062
vn -0.129738 0.609788 0.781874
vn -0.103116 0.776649 0.621437
vn -0.064659 0.91868 0.389675
vn -0.016413 0.994961 0.098915
vn 0.043259 0.96445 -0.260702
vn 0.092235 0.826143 -0.55586
vn 0.119845 0.681162 -0.722257
vn 0.137549 0.542145 -0.82895
vn 0.150239 0.397021 -0.905429
vn 0.157849 0.264829 -0.951288
vn 0.161661 0.157104 -0.974261
vn 0.163388 0.061077 -0.984669
vn 0.163611 -0.031769 -0.986013
vn 0.162479 -0.121577 -0.979193
vn 0.160099 -0.208413 -0.964848
vn 0.155808 -0.306633 -0.938989
vn 0.14525 -0.461139 -0.875359
vn 0.121508 -0.670079 -0.732277
vn 0.097924 -0.801337 -0.590144
vn 0.096591 -0.807349 -0.582115
vn 0.106804 -0.757821 -0.643662
vn 0.112261 -0.727789 -0.676551
vn 0.118778 -0.688102 -0.715826
vn 0.133047 -0.582571 -0.801817
vn 0.150575 -0.392252 -0.90745
vn 0.159832 -0.215936 -0.963237
vn 0.162383 -0.126295 -0.978612
vn 0.162844 -0.101742 -0.981392
vn 0.163694 0 -0.986511
vn -0.167251 -0.08393 0.982335
vn -0.16725 -0.08406 0.982325
vn -0.167568 -0.057325 0.984193
vn -0.167815 0.018471 0.985645
vn -0.166043 0.146096 0.975236
vn -0.161429 0.273807 0.94814
vn -0.155982 0.369249 0.916147
vn -0.148678 0.464045 0.873245
vn -0.135327 0.591549 0.794831
vn -0.109437 0.758206 0.642766
vn -0.07092 0.906347 0.41654
vn -0.021005 0.992138 0.12337
vn 0.042362 0.967625 -0.248812
vn 0.094626 0.82593 -0.555774
vn 0.12366 0.67616 -0.726303
vn 0.1419 0.534083 -0.833439
vn 0.154681 0.388194 -0.908504
vn 0.162181 0.257563 -0.952554
vn 0.165883 0.152388 -0.9743
vn 0.167549 0.059192 -0.984085
vn 0.167764 -0.030824 -0.985345
vn 0.166665 -0.118288 -0.978893
vn 0.164334 -0.203423 -0.965201
vn 0.160096 -0.300307 -0.940311
vn 0.149558 -0.45389 -0.878417
vn 0.125354 -0.664994 -0.736254
vn 0.100679 -0.80012 -0.59133
vn 0.09904 -0.807349 -0.581703
vn 0.109512 -0.757821 -0.643207
vn 0.115107 -0.727789 -0.676072
vn 0.12179 -0.688102 -0.71532
vn 0.13642 -0.582571 -0.80125
vn 0.154392 -0.392252 -0.906808
vn 0.163884 -0.215936 -0.962556
vn 0.1665 -0.126295 -0.97792
vn 0.166973 -0.101742 -0.980698
vn 0.167844 0 -0.985814
vn -0.171397 -0.08308 0.981693
vn -0.171401 -0.082769 0.981718
vn -0.171721 -0.05604 0.98355
vn -0.171964 0.01791 0.98494
vn -0.170288 0.140382 0.975343
vn -0.165999 0.261672 0.950775
vn -0.160978 0.352097 0.922016
vn -0.154301 0.441741 0.883774
vn -0.14206 0.563717 0.81366
vn -0.117727 0.72902 0.674292
vn -0.079919 0.885485 0.457744
vn -0.028353 0.986319 0.162394
vn 0.040066 0.972488 -0.229483
vn 0.097051 0.825587 -0.555867
vn 0.127964 0.668164 -0.732927
vn 0.146757 0.521449 -0.840567
vn 0.159464 0.374659 -0.913346
vn 0.16668 0.246599 -0.954676
vn 0.170166 0.14533 -0.97464
vn 0.171718 0.056378 -0.983532
vn 0.171917 -0.029408 -0.984672
vn 0.170884 -0.113328 -0.978752
vn 0.168661 -0.195832 -0.966024
vn 0.16457 -0.29059 -0.942589
vn 0.15423 -0.442582 -0.883365
vn 0.129682 -0.656872 -0.742766
vn 0.103617 -0.798154 -0.593477
vn 0.101488 -0.807349 -0.581281
vn 0.112218 -0.757821 -0.64274
vn 0.117952 -0.727789 -0.675582
vn 0.124799 -0.688102 -0.714801
vn 0.139791 -0.582571 -0.800668
vn 0.158208 -0.392252 -0.90615
vn 0.167934 -0.215936 -0.961857
vn 0.170614 -0.126295 -0.97721
vn 0.171099 -0.101742 -0.979987
vn 0.171992 0 -0.985098
vn -0.175544 -0.082012 0.98105
vn -0.175556 -0.081167 0.981118
vn -0.175876 -0.05447 0.982904
vn -0.176111 0.017238 0.984219
vn -0.174557 0.133657 0.975533
vn -0.170657 0.247518 0.953735
vn -0.166139 0.332119 0.92849
vn -0.160196 0.415716 0.895275
vn -0.149276 0.530803 0.834245
vn -0.126991 0.692959 0.709705
vn -0.090626 0.857479 0.506475
vn -0.037818 0.976678 0.211353
vn 0.036559 0.978223 -0.204312
vn 0.099504 0.825145 -0.556089
vn 0.132627 0.658052 -0.7412
vn 0.151934 0.505911 -0.8491
vn 0.16443 0.358489 -0.918939
vn 0.171257 0.233767 -0.957091
vn 0.174473 0.137154 -0.975063
vn 0.175889 0.053132 -0.982975
vn 0.17607 -0.027769 -0.983986
vn 0.175116 -0.107529 -0.978658
vn 0.173035 -0.186856 -0.967028
vn 0.169146 -0.278949 -0.945292
vn 0.159126 -0.428757 -0.889295
vn 0.134361 -0.646613 -0.750892
vn 0.106702 -0.795628 -0.596315
vn 0.103934 -0.807349 -0.580848
vn 0.114923 -0.757821 -0.642262
vn 0.120795 -0.727789 -0.675079
vn 0.127808 -0.688102 -0.714269
vn 0.143161 -0.582571 -0.800073
vn 0.162021 -0.392252 -0.905476
vn 0.171982 -0.215936 -0.961142
vn 0.174727 -0.126295 -0.976483
vn 0.175224 -0.101742 -0.979258
vn 0.176138 0 -0.984366
vn -0.17969 -0.080876 0.980393
vn -0.179711 -0.079487 0.980503
vn -0.180029 -0.052854 0.98224
vn -0.180256 0.016559 0.98348
vn -0.178821 0.127006 0.97565
vn -0.17529 0.233664 0.956386
vn -0.171246 0.312604 0.93432
vn -0.165984 0.390277 0.905612
vn -0.15631 0.498251 0.852826
vn -0.136107 0.655756 0.742603
vn -0.101603 0.82606 0.554348
vn -0.048189 0.963613 0.26292
vn 0.03233 0.983788 -0.176394
vn 0.101972 0.824662 -0.556358
vn 0.137428 0.647224 -0.74981
vn 0.157175 0.489798 -0.857551
vn 0.169394 0.342249 -0.924214
vn 0.175817 0.22116 -0.959258
vn 0.17877 0.129207 -0.97537
vn 0.180056 0.049987 -0.982385
vn 0.180219 -0.026176 -0.983278
vn 0.179344 -0.101834 -0.978502
vn 0.177404 -0.177932 -0.967919
vn 0.173725 -0.267217 -0.947847
vn 0.164064 -0.414512 -0.895133
vn 0.139174 -0.635642 -0.759335
vn 0.109861 -0.792872 -0.599404
vn 0.106379 -0.807349 -0.580406
vn 0.117627 -0.757821 -0.641772
vn 0.123637 -0.727789 -0.674564
vn 0.130814 -0.688102 -0.713725
vn 0.146529 -0.582571 -0.799463
vn 0.165833 -0.392252 -0.904786
vn 0.176028 -0.215936 -0.960409
vn 0.178837 -0.126295 -0.975739
vn 0.179345 -0.101742 -0.978511
vn 0.180281 0 -0.983615
f 1/1/1 38/38/38 39/39/39
f 1/1/1 39/39/39 2/2/2
f 2/2/2 39/39/39 40/40/40
f 2/2/2 40/40/40 3/3/3
f 3/3/3 40/40/40 41/41/41
f 3/3/3 41/41/41 4/4/4
f 4/4/4 41/41/41 42/42/42
f 4/4/4 42/42/42 5/5/5
f 5/5/5 42/42/42 43/43/43
f 5/5/5 43/43/43 6/6/6
f 6/6/6 43/43/43 44/44/44
f 6/6/6 44/44/44 7/7/7
f 7/7/7 44/44/44 45/45/45
f 7/7/7 45/45/45 8/8/8
f 8/8/8 45/45/45 46/46/46
f 8/8/8 46/46/46 9/9/9
f 9/9/9 46/46/46 47/47/47
f 9/9/9 47/47/47 10/10/10
f 10/10/10 47/47/47 48/48/48
f 10/10/10 48/48/48 11/11/11
f 11/11/11 48/48/48 49/49/49
f 11/11/11 49/49/49 12/12/12
f 12/12/12 49/49/49 50/50/50
f 12/12/12 50/50/50 13/13/13
f 13/13/13 50/50/50 51/51/51
f 13/13/13 51/51/51 14/14/14
f 14/14/14 51/51/51 52/52/52
f 14/14/14 52/52/52 15/15/15
f 15/15/15 52/52/52 53/53/53
f 15/15/15 53/53/53 16/16/16
f 16/16/16 53/53/53 54/54/54
f 16/16/16 54/54/54 17/17/17
f 17/17/17 54/54/54 55/55/55
f 17/17/17 55/55/55 18/18/18
f 18/18/18 55/55/55 56/56/56
f 18/18/18 56/56/56 19/19/19
f 19/19/19 56/56/56 57/57/57
f 19/19/19 57/57/57 20/20/20
f 20/20/20 57/57/57 58/58/58
f 20/20/20 58/58/58 21/21/21
f 21/21/21 58/58/58 59/59/59
f 21/21/21 59/59/59 22/22/22
f 22/22/22 59/59/59 60/60/60
f 22/22/22 60/60/60 23/23/23
f 23/23/23 60/60/60 61/61/61
f 23/23/23 61/61/61 24/24/24
f 24/24/24 61/61/61 62/62/62
f 24/24/24 62/62/62 25/25/25
f 25/25/25 62/62/62 63/63/63
f 25/25/25 63/63/63 26/26/26
f 26/26/26 63/63/63 64/64/64
f 26/26/26 64/64/64 27/27/27
f 27/27/27 64/64/64 65/65/65
f 27/27/27 65/65/65 28/28/28
f 28/28/28 65/65/65 66/66/66
f 28/28/28 66/66/66 29/29/29
f 29/29/29 66/66/66 67/67/67
f 29/29/29 67/67/67 30/30/30
f 30/30/30 67/67/67 68/68/68
f 30/30/30 68/68/68 31/31/31
f 31/31/31 68/68/68 69/69/69
f 31/31/31 69/69/69 32/32/32
f 32/32/32 69/69/69 70/70/70
f 32/32/32 70/70/70 33/33/33
f 33/33/33 70/70/70 71/71/71
f 33/33/33 71/71/71 34/34/34
f 34/34/34 71/71/71 72/72/72
f 34/34/34 72/72/72 35/35/35
f 35/35/35 72/72/72 73/73/73
f 35/35/35 73/73/73 36/36/36
f 36/36/36 73/73/73 74/74/74
f 36/36/36 74/74/74 37/37/37
f 38/38/38 75/75/75 76/76/76
f 38/38/38 76/76/76 39/39/39
f 39/39/39 76/76/76 77/77/77
f 39/39/39 77/77/77 40/40/40
f 40/40/40 77/77/77 78/78/78
f 40/40/40 78/78/78 41/41/41
f 41/41/41 78/78/78 79/79/79
f 41/41/41 79/79/79 42/42/42
f 42/42/42 79/79/79 80/80/80
f 42/42/42 80/80/80 43/43/43
f 43/43/43 80/80/80 81/81/81
f 43/43/43 81/81/81 44/44/44
f 44/44/44 81/81/81 82/82/82
f 44/44/44 82/82/82 45/45/45
f 45/45/45 82/82/82 83/83/83
f 45/45/45 83/83/83 46/46/46
f 46/46/46 83/83/83 84/84/84
f 46/46/46 84/84/84 47/47/47
f 47/47/47 84/84/84 85/85/85
f 47/47/47 85/85/85 48/48/48
f 48/48/48 85/85/85 86/86/86
f 48/48/48 86/86/86 49/49/49
f 49/49/49 86/86/86 87/87/87
f 49/49/49 87/87/87 50/50/50
f 50/50/50 87/87/87 88/88/88
f 50/50/50 88/88/88 51/51/51
f 51/51/51 88/88/88 89/89/89
f 51/51/51 89/89/89 52/52/52
f 52/52/52 89/89/89 90/90/90
f 52/52/52 90/90/90 53/53/53
f 53/53/53 90/90/90 91/91/91
f 53/53/53 91/91/91 54/54/54
f 54/54/54 91/91/91 92/92/92
f 54/54/54 92/92/92 55/55/55
f 55/55/55 92/92/92 93/93/93
f 55/55/55 93/93/93 56/56/56
f 56/56/56 93/93/93 94/94/94
f 56/56/56 94/94/94 57/57/57
f 57/57/57 94/94/94 95/95/95
f 57/57/57 95/95/95 58/58/58
f 58/58/58 95/95/95 96/96/96
f 58/58/58 96/96/96 59/59/59
f 59/59/59 96/96/96 97/97/97
f 59/59/59 97/97/97 60/60/60
f 60/60/60 97/97/97 98/98/98
f 60/60/60 98/98/98 61/61/61
f 61/61/61 98/98/98 99/99/99
f 61/61/61 99/99/99 62/62/62
f 62/62/62 99/99/99 100/100/100
f 62/62/62 100/100/100 63/63/63
f 63/63/63 100/100/100 101/101/101
f 63/63/63 101/101/101 64/64/64
f 64/64/64 101/101/101 102/102/102
f 64/64/64 102/102/102 65/65/65
f 65/65/65 102/102/102 103/103/103
f 65/65/65 103/103/103 66/66/66
f 66/66/66 103/103/103 104/104/104
f 66/66/66 104/104/104 67/67/67
f 67/67/67 104/104/104 105/105/105
f 67/67/67 105/105/105 68/68/68
f 68/68/68 105/105/105 106/106/106
f 68/68/68 106/106/106 69/69/69
f 69/69/69 106/106/106 107/107/107
f 69/69/69 107/107/107 70/70/70
f 70/70/70 107/107/107 108/108/108
f 70/70/70 108/108/108 71/71/71
f 71/71/71 108/108/108 109/109/109
f 71/71/71 109/109/109 72/72/72
f 72/72/72 109/109/109 110/110/110
f 72/72/72 110/110/110 73/73/73
f 73/73/73 110/110/110 111/111/111
f 73/73/73 111/111/111 74/74/74
f 75/75/75 112/112/112 113/113/113
f 75/75/75 113/113/113 76/76/76
f 76/76/76 113/113/113 114/114/114
f 76/76/76 114/114/114 77/77/77
f 77/77/77 114/114/114 115/115/115
f 77/77/77 115/115/115 78/78/78
f 78/78/78 115/115/115 116/116/116
f 78/78/78 116/116/116 79/79/79
f 79/79/79 116/116/116 117/117/117
f 79/79/79 117/117/117 80/80/80
f 80/80/80 117/117/117 118/118/118
f 80/80/80 118/118/118 81/81/81
f 81/81/81 118/118/118 119/119/119
f 81/81/81 119/119/119 82/82/82
f 82/82/82 119/119/119 120/120/120
f 82/82/82 120/120/120 83/83/83
f 83/83/83 120/120/120 121/121/121
f 83/83/83 121/121/121 84/84/84
f 84/84/84 121/121/121 122/122/122
f 84/84/84 122/122/122 85/85/85
f 85/85/85 122/122/122 123/123/123
f 85/85/85 123/123/123 86/86/86
f 86/86/86 123/123/123 124/124/124
f 86/86/86 124/124/124 87/87/87
f 87/87/87 124/124/124 125/125/125
f 87/87/87 125/125/125 88/88/88
f 88/88/88 125/125/125 126/126/126
f 88/88/88 126/126/126 89/89/89
f 89/89/89 126/126/126 127/127/127
f 89/89/89 127/127/127 90/90/90
f 90/90/90 127/127/127 128/128/128
f 90/90/90 128/128/128 91/91/91
f 91/91/91 128/128/128 129/129/129
f 91/91/91 129/129/129 92/92/92
f 92/92/92 129/129/129 130/130/130
f 92/92/92 130/130/130 93/93/93
f 93/93/93 130/130/130 131/131/131
f 93/93/93 131/131/131 94/94/94
f 94/94/94 131/131/131 132/132/132
f 94/94/94 132/132/132 95/95/95
f 95/95/95 132/132/132 133/133/133
f 95/95/95 133/133/133 96/96/96
f 96/96/96 133/133/133 134/134/134
f 96/96/96 134/134/134 97/97/97
f 97/97/97 134/134/134 135/135/135
f 97/97/97 135/135/135 98/98/98
f 98/98/98 135/135/135 136/136/136
f 98/98/98 136/136/136 99/99/99
f 99/99/99 136/136/136 137/137/137
f 99/99/99 137/137/137 100/100/100
f 100/100/100 137/137/137 138/138/138
f 100/100/100 138/138/138 101/101/101
f 101/101/101 138/138/138 139/139/139
f 101/101/101 139/139/139 102/102/102
f 102/102/102 139/139/139 140/140/140
f 102/102/102 140/140/140 103/103/103
f 103/103/103 140/140/140 141/141/141
f 103/103/103 141/141/141 104/104/104
f 104/104/104 141/141/141 142/142/142
f 104/104/104 142/142/142 105/105/105
f 105/105/105 142/142/142 143/143/143
f 105/105/105 143/143/143 106/106/106
f 106/106/106 143/143/143 144/144/144
f 106/106/106 144/144/144 107/107/107
f 107/107/107 144/144/144 145/145/145
f 107/107/107 145/145/145 108/108/108
f 108/108/108 145/145/145 146/146/146
f 108/108/108 146/146/146 109/109/109
f 109/109/109 146/146/146 147/147/147
f 109/109/109 147/147/147 110/110/110
f 110/110/110 147/147/147 148/148/148
f 110/110/110 148/148/148 111/111/111
f 112/112/112 149/149/149 150/150/150
f 112/112/112 150/150/150 113/113/113
f 113/113/113 150/150/150 151/151/151
f 113/113/113 151/151/151 114/114/114
f 114/114/114 151/151/151 152/152/152
f 114/114/114 152/152/152 115/115/115
f 115/115/115 152/152/152 153/153/153
f 115/115/115 153/153/153 116/116/116
f 116/116/116 153/153/153 154/154/154
f 116/116/116 154/154/154 117/117/117
f 117/117/117 154/154/154 155/155/155
f 117/117/117 155/155/155 118/118/118
f 118/118/118 155/155/155 156/156/156
f 118/118/118 156/156/156 119/119/119
f 119/119/119 156/156/156 157/157/157
f 119/119/119 157/157/157 120/120/120
f 120/120/120 157/157/157 158/158/158
f 120/120/120 158/158/158 121/121/121
f 121/121/121 158/158/158 159/159/159
f 121/121/121 159/159/159 122/122/122
f 122/122/122 159/159/159 160/160/160
f 122/122/122 160/160/160 123/123/123
f 123/123/123 160/160/160 161/161/161
f 123/123/123 161/161/161 124/124/124
f 124/124/124 161/161/161 162/162/162
f 124/124/124 162/162/162 125/125/125
f 125/125/125 162/162/162 163/163/163
f 125/125/125 163/163/163 126/126/126
f 126/126/126 163/163/163 164/164/164
f 126/126/126 164/164/164 127/127/127
f 127/127/127 164/164/164 165/165/165
f 127/127/127 165/165/165 128/128/128
f 128/128/128 165/165/165 166/166/166
f 128/128/128 166/166/166 129/129/129
f 129/129/129 166/166/166 167/167/167
f 129/129/129 167/167/167 130/130/130
f 130/130/130 167/167/167 168/168/168
f 130/130/130 168/168/168 131/131/131
f 131/131/131 168/168/168 169/169/169
f 131/131/131 169/169/169 132/132/132
f 132/132/132 169/169/169 170/170/170
f 132/132/132 170/170/170 133/133/133
f 133/133/133 170/170/170 171/171/171
f 133/133/133 171/171/171 134/134/134
f 134/134/134 171/171/171 172/172/172
f 134/134/134 172/172/172 135/135/135
f 135/135/135 172/172/172 173/173/173
f 135/135/135 173/173/173 136/136/136
f 136/136/136 173/173/173 174/174/174
f 136/136/136 174/174/174 137/137/137
f 137/137/137 174/174/174 175/175/175
f 137/137/137 175/175/175 138/138/138
f 138/138/138 175/175/175 176/176/176
f 138/138/138 176/176/176 139/139/139
f 139/139/139 176/176/176 177/177/177
f 139/139/139 177/177/177 140/140/140
f 140/140/140 177/177/177 178/178/178
f 140/140/140 178/178/178 141/141/141
f 141/141/141 178/178/178 179/179/179
f 141/141/141 179/179/179 142/142/142
f 142/142/142 179/179/179 180/180/180
f 142/142/142 180/180/180 143/143/143
f 143/143/143 180/180/180 181/181/181
f 143/143/143 181/181/181 144/144/144
f 144/144/144 181/181/181 182/182/182
f 144/144/144 182/182/182 145/145/145
f 145/145/145 182/182/182 183/183/183
f 145/145/145 183/183/183 146/146/146
f 146/146/146 183/183/183 184/184/184
f 146/146/146 184/184/184 147/147/147
f 147/147/147 184/184/184 185/185/185
f 147/147/147 185/185/185 148/148/148
f 149/149/149 186/186/186 187/187/187
f 149/149/149 187/187/187 150/150/150
f 150/150/150 187/187/187 188/188/188
f 150/150/150 188/188/188 151/151/151
f 151/151/151 188/188/188 189/189/189
f 151/151/151 189/189/189 152/152/152
f 152/152/152 189/189/189 190/190/190
f 152/152/152 190/190/190 153/153/153
f 153/153/153 190/190/190 191/191/191
f 153/153/153 191/191/191 154/154/154
f 154/154/154 191/191/191 192/192/192
f 154/154/154 192/192/192 155/155/155
f 155/155/155 192/192/192 193/193/193
f 155/155/155 193/193/193 156/156/156
f 156/156/156 193/193/193 194/194/194
f 156/156/156 194/194/194 157/157/157
f 157/157/157 194/194/194 195/195/195
f 157/157/157 195/195/195 158/158/158
f 158/158/158 195/195/195 196/196/196
f 158/158/158 196/196/196 159/159/159
f 159/159/159 196/196/196 197/197/197
f 159/159/159 197/197/197 160/160/160
f 160/160/160 197/197/197 198/198/198
f 160/160/160 198/198/198 161/161/161
f 161/161/161 198/198/198 199/199/199
f 161/161/161 199/199/199 162/162/162
f 162/162/162 199/199/199 200/200/200
f 162/162/162 200/200/200 163/163/163
f 163/163/163 200/200/200 201/201/201
f 163/163/163 201/201/201 164/164/164
f 164/164/164 201/201/201 202/202/202
f 164/164/164 202/202/202 165/165/165
f 165/165/165 202/202/202 203/203/203
f 165/165/165 203/203/203 166/166/166
f 166/166/166 203/203/203 204/204/204
f 166/166/166 204/204/204 167/167/167
f 167/167/167 204/204/204 205/205/205
f 167/167/167 205/205/205 168/168/168
f 168/168/168 205/205/205 206/206/206
f 168/168/168 206/206/206 169/169/169
f 169/169/169 206/206/206 207/207/207
f 169/169/169 207/207/207 170/170/170
f 170/170/170 207/207/207 208/208/208
f 170/170/170 208/208/208 171/171/171
f 171/171/171 208/208/208 209/209/209
f 171/171/171 209/209/209 172/172/172
f 172/172/172 209/209/209 210/210/210
f 172/172/172 210/210/210 173/173/173
f 173/173/173 210/210/210 211/211/211
f 173/173/173 211/211/211 174/174/174
f 174/174/174 211/211/211 212/212/212
f 174/174/174 212/212/212 175/175/175
f 175/175/175 212/212/212 213/213/213
f 175/175/175 213/213/213 176/176/176
f 176/176/176 213/213/213 214/214/214
f 176/176/176 214/214/214 177/177/177
f 177/177/177 214/214/214 215/215/215
f 177/177/177 215/215/215 178/178/178
f 178/178/178 215/215/215 216/216/216
f 178/178/178 216/216/216 179/179/179
f 179/179/179 216/216/216 217/217/217
f 179/179/179 217/217/217 180/180/180
f 180/180/180 217/217/217 218/218/218
f 180/180/180 218/218/218 181/181/181
f 181/181/181 218/218/218 219/219/219
f 181/181/181 219/219/219 182/182/182
f 182/182/182 219/219/219 220/220/220
f 182/182/182 220/220/220 183/183/183
f 183/183/183 220/220/220 221/221/221
f 183/183/183 221/221/221 184/184/184
f 184/184/184 221/221/221 222/222/222
f 184/184/184 222/222/222 185/185/185
f 186/186/186 223/223/223 224/224/224
f 186/186/186 224/224/224 187/187/187
f 187/187/187 224/224/224 225/225/225
f 187/187/187 225/225/225 188/188/188
f 188/188/188 225/225/225 226/226/226
f 188/188/188 226/226/226 189/189/189
f 189/189/189 226/226/226 227/227/227
f 189/189/189 227/227/227 190/190/190
f 190/190/190 227/227/227 228/228/228
f 190/190/190 228/228/228 191/191/191
f 191/191/191 228/228/228 229/229/229
f 191/191/191 229/229/229 192/192/192
f 192/192/192 229/229/229 230/230/230
f 192/192/192 230/230/230 193/193/193
f 193/193/193 230/230/230 231/231/231
f 193/193/193 231/231/231 194/194/194
f 194/194/194 231/231/231 232/232/232
f 194/194/194 232/232/232 195/195/195
f 195/195/195 232/232/232 233/233/233
f 195/195/195 233/233/233 196/196/196
f 196/196/196 233/233/233 234/234/234
f 196/196/196 234/234/234 197/197/197
f 197/197/197 234/234/234 235/235/235
f 197/197/197 235/235/235 198/198/198
f 198/198/198 235/235/235 236/236/236
f 198/198/198 236/236/236 199/199/199
f 199/199/199 236/236/236 237/237/237
f 199/199/199 237/237/237 200/200/200
f 200/200/200 237/237/237 238/238/238
f 200/200/200 238/238/238 201/201/201
f 201/201/201 238/238/238 239/239/239
f 201/201/201 239/239/239 202/202/202
f 202/202/202 239/239/239 240/240/240
f 202/202/202 240/240/240 203/203/203
f 203/203/203 240/240/240 241/241/241
f 203/203/203 241/241/241 204/204/204
f 204/204/204 241/241/241 242/242/242
f 204/204/204 242/242/242 205/205/205
f 205/205/205 242/242/242 243/243/243
f 205/205/205 243/243/243 206/206/206
f 206/206/206 243/243/243 244/244/244
f 206/206/206 244/244/244 207/207/207
f 207/207/207 244/244/244 245/245/245
f 207/207/207 245/245/245 208/208/208
f 208/208/208 245/245/245 246/246/246
f 208/208/208 246/246/246 209/209/209
f 209/209/209 246/246/246 247/247/247
f 209/209/209 247/247/247 210/210/210
f 210/210/210 247/247/247 248/248/248
f 210/210/210 248/248/248 211/211/211
f 211/211/211 248/248/248 249/249/249
f 211/211/211 249/249/249 212/212/212
f 212/212/212 249/249/249 250/250/250
f 212/212/212 250/250/250 213/213/213
f 213/213/213 250/250/250 251/251/251
f 213/213/213 251/251/251 214/214/214
f 214/214/214 251/251/251 252/252/252
f 214/214/214 252/252/252 215/215/215
f 215/215/215 252/252/252 253/253/253
f 215/215/215 253/253/253 216/216/216
f 216/216/216 253/253/253 254/254/254
f 216/216/216 254/254/254 217/217/217
f 217/217/217 254/254/254 255/255/255
f 217/217/217 255/255/255 218/218/218
f 218/218/218 255/255/255 256/256/256
f 218/218/218 256/256/256 219/219/219
f 219/219/219 256/256/256 257/257/257
f 219/219/219 257/257/257 220/220/220
f 220/220/220 257/257/257 258/258/258
f 220/220/220 258/258/258 221/221/221
f 221/221/221 258/258/258 259/259/259
f 221/221/221 259/259/259 222/222/222
f 223/223/223 260/260/260 261/261/261
f 223/223/223 261/261/261 224/224/224
f 224/224/224 261/261/261 262/262/262
f 224/224/224 262/262/262 225/225/225
f 225/225/225 262/262/262 263/263/263
f 225/225/225 263/263/263 226/226/226
f 226/226/226 263/263/263 264/264/264
f 226/226/226 264/264/264 227/227/227
f 227/227/227 264/264/264 265/265/265
f 227/227/227 265/265/265 228/228/228
f 228/228/228 265/265/265 266/266/266
f 228/228/228 266/266/266 229/229/229
f 229/229/229 266/266/266 267/267/267
f 229/229/229 267/267/267 230/230/230
f 230/230/230 267/267/267 268/268/268
f 230/230/230 268/268/268 231/231/231
f 231/231/231 268/268/268 269/269/269
f 231/231/231 269/269/269 232/232/232
f 232/232/232 269/269/269 270/270/270
f 232/232/232 270/270/270 233/233/233
f 233/233/233 270/270/270 271/271/271
f 233/233/233 271/271/271 234/234/234
f 234/234/234 271/271/271 272/272/272
f 234/234/234 272/272/272 235/235/235
f 235/235/235 272/272/272 273/273/273
f 235/235/235 273/273/273 236/236/236
f 236/236/236 273/273/273 274/274/274
f 236/236/236 274/274/274 237/237/237
f 237/237/237 274/274/274 275/275/275
f 237/237/237 275/275/275 238/238/238
f 238/238/238 275/275/275 276/276/276
f 238/238/238 276/276/276 239/239/239
f 239/239/239 276/276/276 277/277/277
f 239/239/239 277/277/277 240/240/240
f 240/240/240 277/277/277 278/278/278
f 240/240/240 278/278/278 241/241/241
f 241/241/241 278/278/278 279/279/279
f 241/241/241 279/279/279 242/242/242
f 242/242/242 279/279/279 280/280/280
f 242/242/242 280/280/280 243/243/243
f 243/243/243 280/280/280 281/281/281
f 243/243/243 281/281/281 244/244/244
f 244/244/244 281/281/281 282/282/282
f 244/244/244 282/282/282 245/245/245
f 245/245/245 282/282/282 283/283/283
f 245/245/245 283/283/283 246/246/246
f 246/246/246 283/283/283 284/284/284
f 246/246/246 284/284/284 247/247/247
f 247/247/247 284/284/284 285/285/285
f 247/247/247 285/285/285 248/248/248
f 248/248/248 285/285/285 286/286/286
f 248/248/248 286/286/286 249/249/249
f 249/249/249 286/286/286 287/287/287
f 249/249/249 287/287/287 250/250/250
f 250/250/250 287/287/287 288/288/288
f 250/250/250 288/288/288 251/251/251
f 251/251/251 288/288/288 289/289/289
f 251/251/251 289/289/289 252/252/252
f 252/252/252 289/289/289 290/290/290
f 252/252/252 290/290/290 253/253/253
f 253/253/253 290/290/290 291/291/291
f 253/253/253 291/291/291 254/254/254
f 254/254/254 291/291/291 292/292/292
f 254/254/254 292/292/292 255/255/255
f 255/255/255 292/292/292 293/293/293
f 255/255/255 293/293/293 256/256/256
f 256/256/256 293/293/293 294/294/294
f 256/256/256 294/294/294 257/257/257
f 257/257/257 294/294/294 295/295/295
f 257/257/257 295/295/295 258/258/258
f 258/258/258 295/295/295 296/296/296
f 258/258/258 296/296/296 259/259/259
f 260/260/260 297/297/297 298/298/298
f 260/260/260 298/298/298 261/261/261
f 261/261/261 298/298/298 299/299/299
f 261/261/261 299/299/299 262/262/262
f 262/262/262 299/299/299 300/300/300
f 262/262/262 300/300/300 263/263/263
f 263/263/263 300/300/300 301/301/301
f 263/263/263 301/301/301 264/264/264
f 264/264/264 301/301/301 302/302/302
f 264/264/264 302/302/302 265/265/265
f 265/265/265 302/302/302 303/303/303
f 265/265/265 303/303/303 266/266/266
f 266/266/266 303/303/303 304/304/304
f 266/266/266 304/304/304 267/267/267
f 267/267/267 304/304/304 305/305/305
f 267/267/267 305/305/305 268/268/268
f 268/268/268 305/305/305 306/306/306
f 268/268/268 306/306/306 269/269/269
f 269/269/269 306/306/306 307/307/307
f 269/269/269 307/307/307 270/270/270
f 270/270/270 307/307/307 308/308/308
f 270/270/270 308/308/308 271/271/271
f 271/271/271 308/308/308 309/309/309
f 271/271/271 309/309/309 272/272/272
f 272/272/272 309/309/309 310/310/310
f 272/272/272 310/310/310 273/273/273
f 273/273/273 310/310/310 311/311/311
f 273/273/273 311/311/311 274/274/274
f 274/274/274 311/311/311 312/312/312
f 274/274/274 312/312/312 275/275/275
f 275/275/275 312/312/312 313/313/313
f 275/275/275 313/313/313 276/276/276
f 276/276/276 313/313/313 314/314/314
f 276/276/276 314/314/314 277/277/277
f 277/277/277 314/314/314 315/315/315
f 277/277/277 315/315/315 278/278/278
f 278/278/278 315/315/315 316/316/316
f 278/278/278 316/316/316 279/279/279
f 279/279/279 316/316/316 317/317/317
f 279/279/279 317/317/317 280/280/280
f 280/280/280 317/317/317 318/318/318
f 280/280/280 318/318/318 281/281/281
f 281/281/281 318/318/318 319/319/319
f 281/281/281 319/319/319 282/282/282
f 282/282/282 319/319/319 320/320/320
f 282/282/282 320/320/320 283/283/283
f 283/283/283 320/320/320 321/321/321
f 283/283/283 321/321/321 284/284/284
f 284/284/284 321/321/321 322/322/322
f 284/284/284 322/322/322 285/285/285
f 285/285/285 322/322/322 323/323/323
f 285/285/285 323/323/323 286/286/286
f 286/286/286 323/323/323 324/324/324
f 286/286/286 324/324/324 287/287/287
f 287/287/287 324/324/324 325/325/325
f 287/287/287 325/325/325 288/288/288
f 288/288/288 325/325/325 326/326/326
f 288/288/288 326/326/326 289/289/289
f 289/289/289 326/326/326 327/327/327
f 289/289/289 327/327/327 290/290/290
f 290/290/290 327/327/327 328/328/328
f 290/290/290 328/328/328 291/291/291
f 291/291/291 328/328/328 329/329/329
f 291/291/291 329/329/329 292/292/292
f 292/292/292 329/329/329 330/330/330
f 292/292/292 330/330/330 293/293/293
f 293/293/293 330/330/330 331/331/331
f 293/293/293 331/331/331 294/294/294
f 294/294/294 331/331/331 332/332/332
f 294/294/294 332/332/332 295/295/295
f 295/295/295 332/332/332 333/333/333
f 295/295/295 333/333/333 296/296/296
f 297/297/297 334/334/334 335/335/335
f 297/297/297 335/335/335 298/298/298
f 298/298/298 335/335/335 336/336/336
f 298/298/298 336/336/336 299/299/299
f 299/299/299 336/336/336 337/337/337
f 299/299/299 337/337/337 300/300/300
f 300/300/300 337/337/337 338/338/338
f 300/300/300 338/338/338 301/301/301
f 301/301/301 338/338/338 339/339/339
f 301/301/301 339/339/339 302/302/302
f 302/302/302 339/339/339 340/340/340
f 302/302/302 340/340/340 303/303/303
f 303/303/303 340/340/340 341/341/341
f 303/303/303 341/341/341 304/304/304
f 304/304/304 341/341/341 342/342/342
f 304/304/304 342/342/342 305/305/305
f 305/305/305 342/342/342 343/343/343
f 305/305/305 343/343/343 306/306/306
f 306/306/306 343/343/343 344/344/344
f 306/306/306 344/344/344 307/307/307
f 307/307/307 344/344/344 345/345/345
f 307/307/307 345/345/345 308/308/308
f 308/308/308 345/345/345 346/346/346
f 308/308/308 346/346/346 309/309/309
f 309/309/309 346/346/346 347/347/347
f 309/309/309 347/347/347 310/310/310
f 310/310/310 347/347/347 348/348/348
f 310/310/310 348/348/348 311/311/311
f 311/311/311 348/348/348 349/349/349
f 311/311/311 349/349/349 312/312/312
f 312/312/312 349/349/349 350/350/350
f 312/312/312 350/350/350 313/313/313
f 313/313/313 350/350/350 351/351/351
f 313/313/313 351/351/351 314/314/314
f 314/314/314 351/351/351 352/352/352
f 314/314/314 352/352/352 315/315/315
f 315/315/315 352/352/352 353/353/353
f 315/315/315 353/353/353 316/316/316
f 316/316/316 353/353/353 354/354/354
f 316/316/316 354/354/354 317/317/317
f 317/317/317 354/354/354 355/355/355
f 317/317/317 355/355/355 318/318/318
f 318/318/318 355/355/355 356/356/356
f 318/318/318 356/356/356 319/319/319
f 319/319/319 356/356/356 357/357/357
f 319/319/319 357/357/357 320/320/320
f 320/320/320 357/357/357 358/358/358
f 320/320/320 358/358/358 321/321/321
f 321/321/321 358/358/358 359/359/359
f 321/321/321 359/359/359 322/322/322
f 322/322/322 359/359/359 360/360/360
f 322/322/322 360/360/360 323/323/323
f 323/323/323 360/360/360 361/361/361
f 323/323/323 361/361/361 324/324/324
f 324/324/324 361/361/361 362/362/362
f 324/324/324 362/362/362 325/325/325
f 325/325/325 362/362/362 363/363/363
f 325/325/325 363/363/363 326/326/326
f 326/326/326 363/363/363 364/364/364
f 326/326/326 364/364/364 327/327/327
f 327/327/327 364/364/364 365/365/365
f 327/327/327 365/365/365 328/328/328
f 328/328/328 365/365/365 366/366/366
f 328/328/328 366/366/366 329/329/329
f 329/329/329 366/366/366 367/367/367
f 329/329/329 367/367/367 330/330/330
f 330/330/330 367/367/367 368/368/368
f 330/330/330 368/368/368 331/331/331
f 331/331/331 368/368/368 369/369/369
f 331/331/331 369/369/369 332/332/332
f 332/332/332 369/369/369 370/370/370
f 332/332/332 370/370/370 333/333/333
f 334/334/334 371/371/371 372/372/372
f 334/334/334 372/372/372 335/335/335
f 335/335/335 372/372/372 373/373/373
f 335/335/335 373/373/373 336/336/336
f 336/336/336 373/373/373 374/374/374
f 336/336/336 374/374/374 337/337/337
f 337/337/337 374/374/374 375/375/375
f 337/337/337 375/375/375 338/338/338
f 338/338/338 375/375/375 376/376/376
f 338/338/338 376/376/376 339/339/339
f 339/339/339 376/376/376 377/377/377
f 339/339/339 377/377/377 340/340/340
f 340/340/340 377/377/377 378/378/378
f 340/340/340 378/378/378 341/341/341
f 341/341/341 378/378/378 379/379/379
f 341/341/341 379/379/379 342/342/342
f 342/342/342 379/379/379 380/380/380
f 342/342/342 380/380/380 343/343/343
f 343/343/343 380/380/380 381/381/381
f 343/343/343 381/381/381 344/344/344
f 344/344/344 381/381/381 382/382/382
f 344/344/344 382/382/382 345/345/345
f 345/345/345 382/382/382 383/383/383
f 345/345/345 383/383/383 346/346/346
f 346/346/346 383/383/383 384/384/384
f 346/346/346 384/384/384 347/347/347
f 347/347/347 384/384/384 385/385/385
f 347/347/347 385/385/385 348/348/348
f 348/348/348 385/385/385 386/386/386
f 348/348/348 386/386/386 349/349/349
f 349/349/349 386/386/386 387/387/387
f 349/349/349 387/387/387 350/350/350
f 350/350/350 387/387/387 388/388/388
f 350/350/350 388/388/388 351/351/351
f 351/351/351 388/388/388 389/389/389
f 351/351/351 389/389/389 352/352/352
f 352/352/352 389/389/389 390/390/390
f 352/352/352 390/390/390 353/353/353
f 353/353/353 390/390/390 391/391/391
f 353/353/353 391/391/391 354/354/354
f 354/354/354 391/391/391 392/392/392
f 354/354/354 392/392/392 355/355/355
f 355/355/355 392/392/392 393/393/393
f 355/355/355 393/393/393 356/356/356
f 356/356/356 393/393/393 394/394/394
f 356/356/356 394/394/394 357/357/357
f 357/357/357 394/394/394 395/395/395
f 357/357/357 395/395/395 358/358/358
f 358/358/358 395/395/395 396/396/396
f 358/358/358 396/396/396 359/359/359
f 359/359/359 396/396/396 397/397/397
f 359/359/359 397/397/397 360/360/360
f 360/360/360 397/397/397 398/398/398
f 360/360/360 398/398/398 361/361/361
f 361/361/361 398/398/398 399/399/399
f 361/361/361 399/399/399 362/362/362
f 362/362/362 399/399/399 400/400/400
f 362/362/362 400/400/400 363/363/363
f 363/363/363 400/400/400 401/401/401
f 363/363/363 401/401/401 364/364/364
f 364/364/364 401/401/401 402/402/402
f 364/364/364 402/402/402 365/365/365
f 365/365/365 402/402/402 403/403/403
f 365/365/365 403/403/403 366/366/366
f 366/366/366 403/403/403 404/404/404
f 366/366/366 404/404/404 367/367/367
f 367/367/367 404/404/404 405/405/405
f 367/367/367 405/405/405 368/368/368
f 368/368/368 405/405/405 406/406/406
f 368/368/368 406/406/406 369/369/369
f 369/369/369 406/406/406 407/407/407
f 369/369/369 407/407/407 370/370/370
f 371/371/371 408/408/408 409/409/409
f 371/371/371 409/409/409 372/372/372
f 372/372/372 409/409/409 410/410/410
f 372/372/372 410/410/410 373/373/373
f 373/373/373 410/410/410 411/411/411
f 373/373/373 411/411/411 374/374/374
f 374/374/374 411/411/411 412/412/412
f 374/374/374 412/412/412 375/375/375
f 375/375/375 412/412/412 413/413/413
f 375/375/375 413/413/413 376/376/376
f 376/376/376 413/413/413 414/414/414
f 376/376/376 414/414/414 377/377/377
f 377/377/377 414/414/414 415/415/415
f 377/377/377 415/415/415 378/378/378
f 378/378/378 415/415/415 416/416/416
f 378/378/378 416/416/416 379/379/379
f 379/379/379 416/416/416 417/417/417
f 379/379/379 417/417/417 380/380/380
f 380/380/380 417/417/417 418/418/418
f 380/380/380 418/418/418 381/381/381
f 381/381/381 418/418/418 419/419/419
f 381/381/381 419/419/419 382/382/382
f 382/382/382 419/419/419 420/420/420
f 382/382/382 420/420/420 383/383/383
f 383/383/383 420/420/420 421/421/421
f 383/383/383 421/421/421 384/384/384
f 384/384/384 421/421/421 422/422/422
f 384/384/384 422/422/422 385/385/385
f 385/385/385 422/422/422 423/423/423
f 385/385/385 423/423/423 386/386/386
f 386/386/386 423/423/423 424/424/424
f 386/386/386 424/424/424 387/387/387
f 387/387/387 424/424/424 425/425/425
f 387/387/387 425/425/425 388/388/388
f 388/388/388 425/425/425 426/426/426
f 388/388/388 426/426/426 389/389/389
f 389/389/389 426/426/426 427/427/427
f 389/389/389 427/427/427 390/390/390
f 390/390/390 427/427/427 428/428/428
f 390/390/390 428/428/428 391/391/391
f 391/391/391 428/428/428 429/429/429
f 391/391/391 429/429/429 392/392/392
f 392/392/392 429/429/429 430/430/430
f 392/392/392 430/430/430 393/393/393
f 393/393/393 430/430/430 431/431/431
f 393/393/393 431/431/431 394/394/394
f 394/394/394 431/431/431 432/432/432
f 394/394/394 432/432/432 395/395/395
f 395/395/395 432/432/432 433/433/433
f 395/395/395 433/433/433 396/396/396
f 396/396/396 433/433/433 434/434/434
f 396/396/396 434/434/434 397/397/397
f 397/397/397 434/434/434 435/435/435
f 397/397/397 435/435/435 398/398/398
f 398/398/398 435/435/435 436/436/436
f 398/398/398 436/436/436 399/399/399
f 399/399/399 436/436/436 437/437/437
f 399/399/399 437/437/437 400/400/400
f 400/400/400 437/437/437 438/438/438
f 400/400/400 438/438/438 401/401/401
f 401/401/401 438/438/438 439/439/439
f 401/401/401 439/439/439 402/402/402
f 402/402/402 439/439/439 440/440/440
f 402/402/402 440/440/440 403/403/403
f 403/403/403 440/440/440 441/441/441
f 403/403/403 441/441/441 404/404/404
f 404/404/404 441/441/441 442/442/442
f 404/404/404 442/442/442 405/405/405
f 405/405/405 442/442/442 443/443/443
f 405/405/405 443/443/443 406/406/406
f 406/406/406 443/443/443 444/444/444
f 406/406/406 444/444/444 407/407/407
f 408/408/408 445/445/445 446/446/446
f 408/408/408 446/446/446 409/409/409
f 409/409/409 446/446/446 447/447/447
f 409/409/409 447/447/447 410/410/410
f 410/410/410 447/447/447 448/448/448
f 410/410/410 448/448/448 411/411/411
f 411/411/411 448/448/448 449/449/449
f 411/411/411 449/449/449 412/412/412
f 412/412/412 449/449/449 450/450/450
f 412/412/412 450/450/450 413/413/413
f 413/413/413 450/450/450 451/451/451
f 413/413/413 451/451/451 414/414/414
f 414/414/414 451/451/451 452/452/452
f 414/414/414 452/452/452 415/415/415
f 415/415/415 452/452/452 453/453/453
f 415/415/415 453/453/453 416/416/416
f 416/416/416 453/453/453 454/454/454
f 416/416/416 454/454/454 417/417/417
f 417/417/417 454/454/454 455/455/455
f 417/417/417 455/455/455 418/418/418
f 418/418/418 455/455/455 456/456/456
f 418/418/418 456/456/456 419/419/419
f 419/419/419 456/456/456 457/457/457
f 419/419/419 457/457/457 420/420/420
f 420/420/420 457/457/457 458/458/458
f 420/420/420 458/458/458 421/421/421
f 421/421/421 458/458/458 459/459/459
f 421/421/421 459/459/459 422/422/422
f 422/422/422 459/459/459 460/460/460
f 422/422/422 460/460/460 423/423/423
f 423/423/423 460/460/460 461/461/461
f 423/423/423 461/461/461 424/424/424
f 424/424/424 461/461/461 462/462/462
f 424/424/424 462/462/462 425/425/425
f 425/425/425 462/462/462 463/463/463
f 425/425/425 463/463/463 426/426/426
f 426/426/426 463/463/463 464/464/464
f 426/426/426 464/464/464 427/427/427
f 427/427/427 464/464/464 465/465/465
f 427/427/427 465/465/465 428/428/428
f 428/428/428 465/465/465 466/466/466
f 428/428/428 466/466/466 429/429/429
f 429/429/429 466/466/466 467/467/467
f 429/429/429 467/467/467 430/430/430
f 430/430/430 467/467/467 468/468/468
f 430/430/430 468/468/468 431/431/431
f 431/431/431 468/468/468 469/469/469
f 431/431/431 469/469/469 432/432/432
f 432/432/432 469/469/469 470/470/470
f 432/432/432 470/470/470 433/433/433
f 433/433/433 470/470/470 471/471/471
f 433/433/433 471/471/471 434/434/434
f 434/434/434 471/471/471 472/472/472
f 434/434/434 472/472/472 435/435/435
f 435/435/435 472/472/472 473/473/473
f 435/435/435 473/473/473 436/436/436
f 436/436/436 473/473/473 474/474/474
f 436/436/436 474/474/474 437/437/437
f 437/437/437 474/474/474 475/475/475
f 437/437/437 475/475/475 438/438/438
f 438/438/438 475/475/475 476/476/476
f 438/438/438 476/476/476 439/439/439
f 439/439/439 476/476/476 477/477/477
f 439/439/439 477/477/477 440/440/440
f 440/440/440 477/477/477 478/478/478
f 440/440/440 478/478/478 441/441/441
f 441/441/441 478/478/478 479/479/479
f 441/441/441 479/479/479 442/442/442
f 442/442/442 479/479/479 480/480/480
f 442/442/442 480/480/480 443/443/443
f 443/443/443 480/480/480 481/481/481
f 443/443/443 481/481/481 444/444/444
f 445/445/445 482/482/482 483/483/483
f 445/445/445 483/483/483 446/446/446
f 446/446/446 483/483/483 484/484/484
f 446/446/446 484/484/484 447/447/447
f 447/447/447 484/484/484 485/485/485
f 447/447/447 485/485/485 448/448/448
f 448/448/448 485/485/485 486/486/486
f 448/448/448 486/486/486 449/449/449
f 449/449/449 486/486/486 487/487/487
f 449/449/449 487/487/487 450/450/450
f 450/450/450 487/487/487 488/488/488
f 450/450/450 488/488/488 451/451/451
f 451/451/451 488/488/488 489/489/489
f 451/451/451 489/489/489 452/452/452
f 452/452/452 489/489/489 490/490/490
f 452/452/452 490/490/490 453/453/453
f 453/453/453 490/490/490 491/491/491
f 453/453/453 491/491/491 454/454/454
f 454/454/454 491/491/491 492/492/492
f 454/454/454 492/492/492 455/455/455
f 455/455/455 492/492/492 493/493/493
f 455/455/455 493/493/493 456/456/456
f 456/456/456 493/493/493 494/494/494
f 456/456/456 494/494/494 457/457/457
f 457/457/457 494/494/494 495/495/495
f 457/457/457 495/495/495 458/458/458
f 458/458/458 495/495/495 496/496/496
f 458/458/458 496/496/496 459/459/459
f 459/459/459 496/496/496 497/497/497
f 459/459/459 497/497/497 460/460/460
f 460/460/460 497/497/497 498/498/498
f 460/460/460 498/498/498 461/461/461
f 461/461/461 498/498/498 499/499/499
f 461/461/461 499/499/499 462/462/462
f 462/462/462 499/499/499 500/500/500
f 462/462/462 500/500/500 463/463/463
f 463/463/463 500/500/500 501/501/501
f 463/463/463 501/501/501 464/464/464
f 464/464/464 501/501/501 502/502/502
f 464/464/464 502/502/502 465/465/465
f 465/465/465 502/502/502 503/503/503
f 465/465/465 503/503/503 466/466/466
f 466/466/466 503/503/503 504/504/504
f 466/466/466 504/504/504 467/467/467
f 467/467/467 504/504/504 505/505/505
f 467/467/467 505/505/505 468/468/468
f 468/468/468 505/505/505 506/506/506
f 468/468/468 506/506/506 469/469/469
f 469/469/469 506/506/506 507/507/507
f 469/469/469 507/507/507 470/470/470
f 470/470/470 507/507/507 508/508/508
f 470/470/470 508/508/508 471/471/471
f 471/471/471 508/508/508 509/509/509
f 471/471/471 509/509/509 472/472/472
f 472/472/472 509/509/509 510/510/510
f 472/472/472 510/510/510 473/473/473
f 473/473/473 510/510/510 511/511/511
f 473/473/473 511/511/511 474/474/474
f 474/474/474 511/511/511 512/512/512
f 474/474/474 512/512/512 475/475/475
f 475/475/475 512/512/512 513/513/513
f 475/475/475 513/513/513 476/476/476
f 476/476/476 513/513/513 514/514/514
f 476/476/476 514/514/514 477/477/477
f 477/477/477 514/514/514 515/515/515
f 477/477/477 515/515/515 478/478/478
f 478/478/478 515/515/515 516/516/516
f 478/478/478 516/516/516 479/479/479
f 479/479/479 516/516/516 517/517/517
f 479/479/479 517/517/517 480/480/480
f 480/480/480 517/517/517 518/518/518
f 480/480/480 518/518/518 481/481/481
f 482/482/482 519/519/519 520/520/520
f 482/482/482 520/520/520 483/483/483
f 483/483/483 520/520/520 521/521/521
f 483/483/483 521/521/521 484/484/484
f 484/484/484 521/521/521 522/522/522
f 484/484/484 522/522/522 485/485/485
f 485/485/485 522/522/522 523/523/523
f 485/485/485 523/523/523 486/486/486
f 486/486/486 523/523/523 524/524/524
f 486/486/486 524/524/524 487/487/487
f 487/487/487 524/524/524 525/525/525
f 487/487/487 525/525/525 488/488/488
f 488/488/488 525/525/525 526/526/526
f 488/488/488 526/526/526 489/489/489
f 489/489/489 526/526/526 527/527/527
f 489/489/489 527/527/527 490/490/490
f 490/490/490 527/527/527 528/528/528
f 490/490/490 528/528/528 491/491/491
f 491/491/491 528/528/528 529/529/529
f 491/491/491 529/529/529 492/492/492
f 492/492/492 529/529/529 530/530/530
f 492/492/492 530/530/530 493/493/493
f 493/493/493 530/530/530 531/531/531
f 493/493/493 531/531/531 494/494/494
f 494/494/494 531/531/531 532/532/532
f 494/494/494 532/532/532 495/495/495
f 495/495/495 532/532/532 533/533/533
f 495/495/495 533/533/533 496/496/496
f 496/496/496 533/533/533 534/534/534
f 496/496/496 534/534/534 497/497/497
f 497/497/497 534/534/534 535/535/535
f 497/497/497 535/535/535 498/498/498
f 498/498/498 535/535/535 536/536/536
f 498/498/498 536/536/536 499/499/499
f 499/499/499 536/536/536 537/537/537
f 499/499/499 537/537/537 500/500/500
f 500/500/500 537/537/537 538/538/538
f 500/500/500 538/538/538 501/501/501
f 501/501/501 538/538/538 539/539/539
f 501/501/501 539/539/539 502/502/502
f 502/502/502 539/539/539 540/540/540
f 502/502/502 540/540/540 503/503/503
f 503/503/503 540/540/540 541/541/541
f 503/503/503 541/541/541 504/504/504
f 504/504/504 541/541/541 542/542/542
f 504/504/504 542/542/542 505/505/505
f 505/505/505 542/542/542 543/543/543
f 505/505/505 543/543/543 506/506/506
f 506/506/506 543/543/543 544/544/544
f 506/506/506 544/544/544 507/507/507
f 507/507/507 544/544/544 545/545/545
f 507/507/507 545/545/545 508/508/508
f 508/508/508 545/545/545 546/546/546
f 508/508/508 546/546/546 509/509/509
f 509/509/509 546/546/546 547/547/547
f 509/509/509 547/547/547 510/510/510
f 510/510/510 547/547/547 548/548/548
f 510/510/510 548/548/548 511/511/511
f 511/511/511 548/548/548 549/549/549
f 511/511/511 549/549/549 512/512/512
f 512/512/512 549/549/549 550/550/550
f 512/512/512 550/550/550 513/513/513
f 513/513/513 550/550/550 551/551/551
f 513/513/513 551/551/551 514/514/514
f 514/514/514 551/551/551 552/552/552
f 514/514/514 552/552/552 515/515/515
f 515/515/515 552/552/552 553/553/553
f 515/515/515 553/553/553 516/516/516
f 516/516/516 553/553/553 554/554/554
f 516/516/516 554/554/554 517/517/517
f 517/517/517 554/554/554 555/555/555
f 517/517/517 555/555/555 518/518/518
f 519/519/519 556/556/556 557/557/557
f 519/519/519 557/557/557 520/520/520
f 520/520/520 557/557/557 558/558/558
f 520/520/520 558/558/558 521/521/521
f 521/521/521 558/558/558 559/559/559
f 521/521/521 559/559/559 522/522/522
f 522/522/522 559/559/559 560/560/560
f 522/522/522 560/560/560 523/523/523
f 523/523/523 560/560/560 561/561/561
f 523/523/523 561/561/561 524/524/524
f 524/524/524 561/561/561 562/562/562
f 524/524/524 562/562/562 525/525/525
f 525/525/525 562/562/562 563/563/563
f 525/525/525 563/563/563 526/526/526
f 526/526/526 563/563/563 564/564/564
f 526/526/526 564/564/564 527/527/527
f 527/527/527 564/564/564 565/565/565
f 527/527/527 565/565/565 528/528/528
f 528/528/528 565/565/565 566/566/566
f 528/528/528 566/566/566 529/529/529
f 529/529/529 566/566/566 567/567/567
f 529/529/529 567/567/567 530/530/530
f 530/530/530 567/567/567 568/568/568
f 530/530/530 568/568/568 531/531/531
f 531/531/531 568/568/568 569/569/569
f 531/531/531 569/569/569 532/532/532
f 532/532/532 569/569/569 570/570/570
f 532/532/532 570/570/570 533/533/533
f 533/533/533 570/570/570 571/571/571
f 533/533/533 571/571/571 534/534/534
f 534/534/534 571/571/571 572/572/572
f 534/534/534 572/572/572 535/535/535
f 535/535/535 572/572/572 573/573/573
f 535/535/535 573/573/573 536/536/536
f 536/536/536 573/573/573 574/574/574
f 536/536/536 574/574/574 537/537/537
f 537/537/537 574/574/574 575/575/575
f 537/537/537 575/575/575 538/538/538
f 538/538/538 575/575/575 576/576/576
f 538/538/538 576/576/576 539/539/539
f 539/539/539 576/576/576 577/577/577
f 539/539/539 577/577/577 540/540/540
f 540/540/540 577/577/577 578/578/578
f 540/540/540 578/578/578 541/541/541
f 541/541/541 578/578/578 579/579/579
f 541/541/541 579/579/579 542/542/542
f 542/542/542 579/579/579 580/580/580
f 542/542/542 580/580/580 543/543/543
f 543/543/543 580/580/580 581/581/581
f 543/543/543 581/581/581 544/544/544
f 544/544/544 581/581/581 582/582/582
f 544/544/544 582/582/582 545/545/545
f 545/545/545 582/582/582 583/583/583
f 545/545/545 583/583/583 546/546/546
f 546/546/546 583/583/583 584/584/584
f 546/546/546 584/584/584 547/547/547
f 547/547/547 584/584/584 585/585/585
f 547/547/547 585/585/585 548/548/548
f 548/548/548 585/585/585 586/586/586
f 548/548/548 586/586/586 549/549/549
f 549/549/549 586/586/586 587/587/587
f 549/549/549 587/587/587 550/550/550
f 550/550/550 587/587/587 588/588/588
f 550/550/550 588/588/588 551/551/551
f 551/551/551 588/588/588 589/589/589
f 551/551/551 589/589/589 552/552/552
f 552/552/552 589/589/589 590/590/590
f 552/552/552 590/590/590 553/553/553
f 553/553/553 590/590/590 591/591/591
f 553/553/553 591/591/591 554/554/554
f 554/554/554 591/591/591 592/592/592
f 554/554/554 592/592/592 555/555/555
f 556/556/556 593/593/593 594/594/594
f 556/556/556 594/594/594 557/557/557
f 557/557/557 594/594/594 595/595/595
f 557/557/557 595/595/595 558/558/558
f 558/558/558 595/595/595 596/596/596
f 558/558/558 596/596/596 559/559/559
f 559/559/559 596/596/596 597/597/597
f 559/559/559 597/597/597 560/560/560
f 560/560/560 597/597/597 598/598/598
f 560/560/560 598/598/598 561/561/561
f 561/561/561 598/598/598 599/599/599
f 561/561/561 599/599/599 562/562/562
f 562/562/562 599/599/599 600/600/600
f 562/562/562 600/600/600 563/563/563
f 563/563/563 600/600/600 601/601/601
f 563/563/563 601/601/601 564/564/564
f 564/564/564 601/601/601 602/602/602
f 564/564/564 602/602/602 565/565/565
f 565/565/565 602/602/602 603/603/603
f 565/565/565 603/603/603 566/566/566
f 566/566/566 603/603/603 604/604/604
f 566/566/566 604/604/604 567/567/567
f 567/567/567 604/604/604 605/605/605
f 567/567/567 605/605/605 568/568/568
f 568/568/568 605/605/605 606/606/606
f 568/568/568 606/606/606 569/569/569
f 569/569/569 606/606/606 607/607/607
f 569/569/569 607/607/607 570/570/570
f 570/570/570 607/607/607 608/608/608
f 570/570/570 608/608/608 571/571/571
f 571/571/571 608/608/608 609/609/609
f 571/571/571 609/609/609 572/572/572
f 572/572/572 609/609/609 610/610/610
f 572/572/572 610/610/610 573/573/573
f 573/573/573 610/610/610 611/611/611
f 573/573/573 611/611/611 574/574/574
f 574/574/574 611/611/611 612/612/612
f 574/574/574 612/612/612 575/575/575
f 575/575/575 612/612/612 613/613/613
f 575/575/575 613/613/613 576/576/576
f 576/576/576 613/613/613 614/614/614
f 576/576/576 614/614/614 577/577/577
f 577/577/577 614/614/614 615/615/615
f 577/577/577 615/615/615 578/578/578
f 578/578/578 615/615/615 616/616/616
f 578/578/578 616/616/616 579/579/579
f 579/579/579 616/616/616 617/617/617
f 579/579/579 617/617/617 580/580/580
f 580/580/580 617/617/617 618/618/618
f 580/580/580 618/618/618 581/581/581
f 581/581/581 618/618/618 619/619/619
f 581/581/581 619/619/619 582/582/582
f 582/582/582 619/619/619 620/620/620
f 582/582/582 620/620/620 583/583/583
f 583/583/583 620/620/620 621/621/621
f 583/583/583 621/621/621 584/584/584
f 584/584/584 621/621/621 622/622/622
f 584/584/584 622/622/622 585/585/585
f 585/585/585 622/622/622 623/623/623
f 585/585/585 623/623/623 586/586/586
f 586/586/586 623/623/623 624/624/624
f 586/586/586 624/624/624 587/587/587
f 587/587/587 624/624/624 625/625/625
f 587/587/587 625/625/625 588/588/588
f 588/588/588 625/625/625 626/626/626
f 588/588/588 626/626/626 589/589/589
f 589/589/589 626/626/626 627/627/627
f 589/589/589 627/627/627 590/590/590
f 590/590/590 627/627/627 628/628/628
f 590/590/590 628/628/628 591/591/591
f 591/591/591 628/628/628 629/629/629
f 591/591/591 629/629/629 592/592/592
f 593/593/593 630/630/630 631/631/631
f 593/593/593 631/631/631 594/594/594
f 594/594/594 631/631/631 632/632/632
f 594/594/594 632/632/632 595/595/595
f 595/595/595 632/632/632 633/633/633
f 595/595/595 633/633/633 596/596/596
f 596/596/596 633/633/633 634/634/634
f 596/596/596 634/634/634 597/597/597
f 597/597/597 634/634/634 635/635/635
f 597/597/597 635/635/635 598/598/598
f 598/598/598 635/635/635 636/636/636
f 598/598/598 636/636/636 599/599/599
f 599/599/599 636/636/636 637/637/637
f 599/599/599 637/637/637 600/600/600
f 600/600/600 637/637/637 638/638/638
f 600/600/600 638/638/638 601/601/601
f 601/601/601 638/638/638 639/639/639
f 601/601/601 639/639/639 602/602/602
f 602/602/602 639/639/639 640/640/640
f 602/602/602 640/640/640 603/603/603
f 603/603/603 640/640/640 641/641/641
f 603/603/603 641/641/641 604/604/604
f 604/604/604 641/641/641 642/642/642
f 604/604/604 642/642/642 605/605/605
f 605/605/605 642/642/642 643/643/643
f 605/605/605 643/643/643 606/606/606
f 606/606/606 643/643/643 644/644/644
f 606/606/606 644/644/644 607/607/607
f 607/607/607 644/644/644 645/645/645
f 607/607/607 645/645/645 608/608/608
f 608/608/608 645/645/645 646/646/646
f 608/608/608 646/646/646 609/609/609
f 609/609/609 646/646/646 647/647/647
f 609/609/609 647/647/647 610/610/610
f 610/610/610 647/647/647 648/648/648
f 610/610/610 648/648/648 611/611/611
f 611/611/611 648/648/648 649/649/649
f 611/611/611 649/649/649 612/612/612
f 612/612/612 649/649/649 650/650/650
f 612/612/612 650/650/650 613/613/613
f 613/613/613 650/650/650 651/651/651
f 613/613/613 651/651/651 614/614/614
f 614/614/614 651/651/651 652/652/652
f 614/614/614 652/652/652 615/615/615
f 615/615/615 652/652/652 653/653/653
f 615/615/615 653/653/653 616/616/616
f 616/616/616 653/653/653 654/654/654
f 616/616/616 654/654/654 617/617/617
f 617/617/617 654/654/654 655/655/655
f 617/617/617 655/655/655 618/618/618
f 618/618/618 655/655/655 656/656/656
f 618/618/618 656/656/656 619/619/619
f 619/619/619 656/656/656 657/657/657
f 619/619/619 657/657/657 620/620/620
f 620/620/620 657/657/657 658/658/658
f 620/620/620 658/658/658 621/621/621
f 621/621/621 658/658/658 659/659/659
f 621/621/621 659/659/659 622/622/622
f 622/622/622 659/659/659 660/660/660
f 622/622/622 660/660/660 623/623/623
f 623/623/623 660/660/660 661/661/661
f 623/623/623 661/661/661 624/624/624
f 624/624/624 661/661/661 662/662/662
f 624/624/624 662/662/662 625/625/625
f 625/625/625 662/662/662 663/663/663
f 625/625/625 663/663/663 626/626/626
f 626/626/626 663/663/663 664/664/664
f 626/626/626 664/664/664 627/627/627
f 627/627/627 664/664/664 665/665/665
f 627/627/627 665/665/665 628/628/628
f 628/628/628 665/665/665 666/666/666
f 628/628/628 666/666/666 629/629/629
f 630/630/630 667/667/667 668/668/668
f 630/630/630 668/668/668 631/631/631
f 631/631/631 668/668/668 669/669/669
f 631/631/631 669/669/669 632/632/632
f 632/632/632 669/669/669 670/670/670
f 632/632/632 670/670/670 633/633/633
f 633/633/633 670/670/670 671/671/671
f 633/633/633 671/671/671 634/634/634
f 634/634/634 671/671/671 672/672/672
f 634/634/634 672/672/672 635/635/635
f 635/635/635 672/672/672 673/673/673
f 635/635/635 673/673/673 636/636/636
f 636/636/636 673/673/673 674/674/674
f 636/636/636 674/674/674 637/637/637
f 637/637/637 674/674/674 675/675/675
f 637/637/637 675/675/675 638/638/638
f 638/638/638 675/675/675 676/676/676
f 638/638/638 676/676/676 639/639/639
f 639/639/639 676/676/676 677/677/677
f 639/639/639 677/677/677 640/640/640
f 640/640/640 677/677/677 678/678/678
f 640/640/640 678/678/678 641/641/641
f 641/641/641 678/678/678 679/679/679
f 641/641/641 679/679/679 642/642/642
f 642/642/642 679/679/679 680/680/680
f 642/642/642 680/680/680 643/643/643
f 643/643/643 680/680/680 681/681/681
f 643/643/643 681/681/681 644/644/644
f 644/644/644 681/681/681 682/682/682
f 644/644/644 682/682/682 645/645/645
f 645/645/645 682/682/682 683/683/683
f 645/645/645 683/683/683 646/646/646
f 646/646/646 683/683/683 684/684/684
f 646/646/646 684/684/684 647/647/647
f 647/647/647 684/684/684 685/685/685
f 647/647/647 685/685/685 648/648/648
f 648/648/648 685/685/685 686/686/686
f 648/648/648 686/686/686 649/649/649
f 649/649/649 686/686/686 687/687/687
f 649/649/649 687/687/687 650/650/650
f 650/650/650 687/687/687 688/688/688
f 650/650/650 688/688/688 651/651/651
f 651/651/651 688/688/688 689/689/689
f 651/651/651 689/689/689 652/652/652
f 652/652/652 689/689/689 690/690/690
f 652/652/652 690/690/690 653/653/653
f 653/653/653 690/690/690 691/691/691
f 653/653/653 691/691/691 654/654/654
f 654/654/654 691/691/691 692/692/692
f 654/654/654 692/692/692 655/655/655
f 655/655/655 692/692/692 693/693/693
f 655/655/655 693/693/693 656/656/656
f 656/656/656 693/693/693 694/694/694
f 656/656/656 694/694/694 657/657/657
f 657/657/657 694/694/694 695/695/695
f 657/657/657 695/695/695 658/658/658
f 658/658/658 695/695/695 696/696/696
f 658/658/658 696/696/696 659/659/659
f 659/659/659 696/696/696 697/697/697
f 659/659/659 697/697/697 660/660/660
f 660/660/660 697/697/697 698/698/698
f 660/660/660 698/698/698 661/661/661
f 661/661/661 698/698/698 699/699/699
f 661/661/661 699/699/699 662/662/662
f 662/662/662 699/699/699 700/700/700
f 662/662/662 700/700/700 663/663/663
f 663/663/663 700/700/700 701/701/701
f 663/663/663 701/701/701 664/664/664
f 664/664/664 701/701/701 702/702/702
f 664/664/664 702/702/702 665/665/665
f 665/665/665 702/702/702 703/703/703
f 665/665/665 703/703/703 666/666/666
f 667/667/667 704/704/704 705/705/705
f 667/667/667 705/705/705 668/668/668
f 668/668/668 705/705/705 706/706/706
f 668/668/668 706/706/706 669/669/669
f 669/669/669 706/706/706 707/707/707
f 669/669/669 707/707/707 670/670/670
f 670/670/670 707/707/707 708/708/708
f 670/670/670 708/708/708 671/671/671
f 671/671/671 708/708/708 709/709/709
f 671/671/671 709/709/709 672/672/672
f 672/672/672 709/709/709 710/710/710
f 672/672/672 710/710/710 673/673/673
f 673/673/673 710/710/710 711/711/711
f 673/673/673 711/711/711 674/674/674
f 674/674/674 711/711/711 712/712/712
f 674/674/674 712/712/712 675/675/675
f 675/675/675 712/712/712 713/713/713
f 675/675/675 713/713/713 676/676/676
f 676/676/676 713/713/713 714/714/714
f 676/676/676 714/714/714 677/677/677
f 677/677/677 714/714/714 715/715/715
f 677/677/677 715/715/715 678/678/678
f 678/678/678 715/715/715 716/716/716
f 678/678/678 716/716/716 679/679/679
f 679/679/679 716/716/716 717/717/717
f 679/679/679 717/717/717 680/680/680
f 680/680/680 717/717/717 718/718/718
f 680/680/680 718/718/718 681/681/681
f 681/681/681 718/718/718 719/719/719
f 681/681/681 719/719/719 682/682/682
f 682/682/682 719/719/719 720/720/720
f 682/682/682 720/720/720 683/683/683
f 683/683/683 720/720/720 721/721/721
f 683/683/683 721/721/721 684/684/684
f 684/684/684 721/721/721 722/722/722
f 684/684/684 722/722/722 685/685/685
f 685/685/685 722/722/722 723/723/723
f 685/685/685 723/723/723 686/686/686
f 686/686/686 723/723/723 724/724/724
f 686/686/686 724/724/724 687/687/687
f 687/687/687 724/724/724 725/725/725
f 687/687/687 725/725/725 688/688/688
f 688/688/688 725/725/725 726/726/726
f 688/688/688 726/726/726 689/689/689
f 689/689/689 726/726/726 727/727/727
f 689/689/689 727/727/727 690/690/690
f 690/690/690 727/727/727 728/728/728
f 690/690/690 728/728/728 691/691/691
f 691/691/691 728/728/728 729/729/729
f 691/691/691 729/729/729 692/692/692
f 692/692/692 729/729/729 730/730/730
f 692/692/692 730/730/730 693/693/693
f 693/693/693 730/730/730 731/731/731
f 693/693/693 731/731/731 694/694/694
f 694/694/694 731/731/731 732/732/732
f 694/694/694 732/732/732 695/695/695
f 695/695/695 732/732/732 733/733/733
f 695/695/695 733/733/733 696/696/696
f 696/696/696 733/733/733 734/734/734
f 696/696/696 734/734/734 697/697/697
f 697/697/697 734/734/734 735/735/735
f 697/697/697 735/735/735 698/698/698
f 698/698/698 735/735/735 736/736/736
f 698/698/698 736/736/736 699/699/699
f 699/699/699 736/736/736 737/737/737
f 699/699/699 737/737/737 700/700/700
f 700/700/700 737/737/737 738/738/738
f 700/700/700 738/738/738 701/701/701
f 701/701/701 738/738/738 739/739/739
f 701/701/701 739/739/739 702/702/702
f 702/702/702 739/739/739 740/740/740
f 702/702/702 740/740/740 703/703/703
f 704/704/704 741/741/741 742/742/742
f 704/704/704 742/742/742 705/705/705
f 705/705/705 742/742/742 743/743/743
f 705/705/705 743/743/743 706/706/706
f 706/706/706 743/743/743 744/744/744
f 706/706/706 744/744/744 707/707/707
f 707/707/707 744/744/744 745/745/745
f 707/707/707 745/745/745 708/708/708
f 708/708/708 745/745/745 746/746/746
f 708/708/708 746/746/746 709/709/709
f 709/709/709 746/746/746 747/747/747
f 709/709/709 747/747/747 710/710/710
f 710/710/710 747/747/747 748/748/748
f 710/710/710 748/748/748 711/711/711
f 711/711/711 748/748/748 749/749/749
f 711/711/711 749/749/749 712/712/712
f 712/712/712 749/749/749 750/750/750
f 712/712/712 750/750/750 713/713/713
f 713/713/713 750/750/750 751/751/751
f 713/713/713 751/751/751 714/714/714
f 714/714/714 751/751/751 752/752/752
f 714/714/714 752/752/752 715/715/715
f 715/715/715 752/752/752 753/753/753
f 715/715/715 753/753/753 716/716/716
f 716/716/716 753/753/753 754/754/754
f 716/716/716 754/754/754 717/717/717
f 717/717/717 754/754/754 755/755/755
f 717/717/717 755/755/755 718/718/718
f 718/718/718 755/755/755 756/756/756
f 718/718/718 756/756/756 719/719/719
f 719/719/719 756/756/756 757/757/757
f 719/719/719 757/757/757 720/720/720
f 720/720/720 757/757/757 758/758/758
f 720/720/720 758/758/758 721/721/721
f 721/721/721 758/758/758 759/759/759
f 721/721/721 759/759/759 722/722/722
f 722/722/722 759/759/759 760/760/760
f 722/722/722 760/760/760 723/723/723
f 723/723/723 760/760/760 761/761/761
f 723/723/723 761/761/761 724/724/724
f 724/724/724 761/761/761 762/762/762
f 724/724/724 762/762/762 725/725/725
f 725/725/725 762/762/762 763/763/763
f 725/725/725 763/763/763 726/726/726
f 726/726/726 763/763/763 764/764/764
f 726/726/726 764/764/764 727/727/727
f 727/727/727 764/764/764 765/765/765
f 727/727/727 765/765/765 728/728/728
f 728/728/728 765/765/765 766/766/766
f 728/728/728 766/766/766 729/729/729
f 729/729/729 766/766/766 767/767/767
f 729/729/729 767/767/767 730/730/730
f 730/730/730 767/767/767 768/768/768
f 730/730/730 768/768/768 731/731/731
f 731/731/731 768/768/768 769/769/769
f 731/731/731 769/769/769 732/732/732
f 732/732/732 769/769/769 770/770/770
f 732/732/732 770/770/770 733/733/733
f 733/733/733 770/770/770 771/771/771
f 733/733/733 771/771/771 734/734/734
f 734/734/734 771/771/771 772/772/772
f 734/734/734 772/772/772 735/735/735
f 735/735/735 772/772/772 773/773/773
f 735/735/735 773/773/773 736/736/736
f 736/736/736 773/773/773 774/774/774
f 736/736/736 774/774/774 737/737/737
f 737/737/737 774/774/774 775/775/775
f 737/737/737 775/775/775 738/738/738
f 738/738/738 775/775/775 776/776/776
f 738/738/738 776/776/776 739/739/739
f 739/739/739 776/776/776 777/777/777
f 739/739/739 777/777/777 740/740/740
f 741/741/741 778/778/778 779/779/779
f 741/741/741 779/779/779 742/742/742
f 742/742/742 779/779/779 780/780/780
f 742/742/742 780/780/780 743/743/743
f 743/743/743 780/780/780 781/781/781
f 743/743/743 781/781/781 744/744/744
f 744/744/744 781/781/781 782/782/782
f 744/744/744 782/782/782 745/745/745
f 745/745/745 782/782/782 783/783/783
f 745/745/745 783/783/783 746/746/746
f 746/746/746 783/783/783 784/784/784
f 746/746/746 784/784/784 747/747/747
f 747/747/747 784/784/784 785/785/785
f 747/747/747 785/785/785 748/748/748
f 748/748/748 785/785/785 786/786/786
f 748/748/748 786/786/786 749/749/749
f 749/749/749 786/786/786 787/787/787
f 749/749/749 787/787/787 750/750/750
f 750/750/750 787/787/787 788/788/788
f 750/750/750 788/788/788 751/751/751
f 751/751/751 788/788/788 789/789/789
f 751/751/751 789/789/789 752/752/752
f 752/752/752 789/789/789 790/790/790
f 752/752/752 790/790/790 753/753/753
f 753/753/753 790/790/790 791/791/791
f 753/753/753 791/791/791 754/754/754
f 754/754/754 791/791/791 792/792/792
f 754/754/754 792/792/792 755/755/755
f 755/755/755 792/792/792 793/793/793
f 755/755/755 793/793/793 756/756/756
f 756/756/756 793/793/793 794/794/794
f 756/756/756 794/794/794 757/757/757
f 757/757/757 794/794/794 795/795/795
f 757/757/757 795/795/795 758/758/758
f 758/758/758 795/795/795 796/796/796
f 758/758/758 796/796/796 759/759/759
f 759/759/759 796/796/796 797/797/797
f 759/759/759 797/797/797 760/760/760
f 760/760/760 797/797/797 798/798/798
f 760/760/760 798/798/798 761/761/761
f 761/761/761 798/798/798 799/799/799
f 761/761/761 799/799/799 762/762/762
f 762/762/762 799/799/799 800/800/800
f 762/762/762 800/800/800 763/763/763
f 763/763/763 800/800/800 801/801/801
f 763/763/763 801/801/801 764/764/764
f 764/764/764 801/801/801 802/802/802
f 764/764/764 802/802/802 765/765/765
f 765/765/765 802/802/802 803/803/803
f 765/765/765 803/803/803 766/766/766
f 766/766/766 803/803/803 804/804/804
f 766/766/766 804/804/804 767/767/767
f 767/767/767 804/804/804 805/805/805
f 767/767/767 805/805/805 768/768/768
f 768/768/768 805/805/805 806/806/806
f 768/768/768 806/806/806 769/769/769
f 769/769/769 806/806/806 807/807/807
f 769/769/769 807/807/807 770/770/770
f 770/770/770 807/807/807 808/808/808
f 770/770/770 808/808/808 771/771/771
f 771/771/771 808/808/808 809/809/809
f 771/771/771 809/809/809 772/772/772
f 772/772/772 809/809/809 810/810/810
f 772/772/772 810/810/810 773/773/773
f 773/773/773 810/810/810 811/811/811
f 773/773/773 811/811/811 774/774/774
f 774/774/774 811/811/811 812/812/812
f 774/774/774 812/812/812 775/775/775
f 775/775/775 812/812/812 813/813/813
f 775/775/775 813/813/813 776/776/776
f 776/776/776 813/813/813 814/814/814
f 776/776/776 814/814/814 777/777/777
f 778/778/778 815/815/815 816/816/816
f 778/778/778 816/816/816 779/779/779
f 779/779/779 816/816/816 817/817/817
f 779/779/779 817/817/817 780/780/780
f 780/780/780 817/817/817 818/818/818
f 780/780/780 818/818/818 781/781/781
f 781/781/781 818/818/818 819/819/819
f 781/781/781 819/819/819 782/782/782
f 782/782/782 819/819/819 820/820/820
f 782/782/782 820/820/820 783/783/783
f 783/783/783 820/820/820 821/821/821
f 783/783/783 821/821/821 784/784/784
f 784/784/784 821/821/821 822/822/822
f 784/784/784 822/822/822 785/785/785
f 785/785/785 822/822/822 823/823/823
f 785/785/785 823/823/823 786/786/786
f 786/786/786 823/823/823 824/824/824
f 786/786/786 824/824/824 787/787/787
f 787/787/787 824/824/824 825/825/825
f 787/787/787 825/825/825 788/788/788
f 788/788/788 825/825/825 826/826/826
f 788/788/788 826/826/826 789/789/789
f 789/789/789 826/826/826 827/827/827
f 789/789/789 827/827/827 790/790/790
f 790/790/790 827/827/827 828/828/828
f 790/790/790 828/828/828 791/791/791
f 791/791/791 828/828/828 829/829/829
f 791/791/791 829/829/829 792/792/792
f 792/792/792 829/829/829 830/830/830
f 792/792/792 830/830/830 793/793/793
f 793/793/793 830/830/830 831/831/831
f 793/793/793 831/831/831 794/794/794
f 794/794/794 831/831/831 832/832/832
f 794/794/794 832/832/832 795/795/795
f 795/795/795 832/832/832 833/833/833
f 795/795/795 833/833/833 796/796/796
f 796/796/796 833/833/833 834/834/834
f 796/796/796 834/834/834 797/797/797
f 797/797/797 834/834/834 835/835/835
f 797/797/797 835/835/835 798/798/798
f 798/798/798 835/835/835 836/836/836
f 798/798/798 836/836/836 799/799/799
f 799/799/799 836/836/836 837/837/837
f 799/799/799 837/837/837 800/800/800
f 800/800/800 837/837/837 838/838/838
f 800/800/800 838/838/838 801/801/801
f 801/801/801 838/838/838 839/839/839
f 801/801/801 839/839/839 802/802/802
f 802/802/802 839/839/839 840/840/840
f 802/802/802 840/840/840 803/803/803
f 803/803/803 840/840/840 841/841/841
f 803/803/803 841/841/841 804/804/804
f 804/804/804 841/841/841 842/842/842
f 804/804/804 842/842/842 805/805/805
f 805/805/805 842/842/842 843/843/843
f 805/805/805 843/843/843 806/806/806
f 806/806/806 843/843/843 844/844/844
f 806/806/806 844/844/844 807/807/807
f 807/807/807 844/844/844 845/845/845
f 807/807/807 845/845/845 808/808/808
f 808/808/808 845/845/845 846/846/846
f 808/808/808 846/846/846 809/809/809
f 809/809/809 846/846/846 847/847/847
f 809/809/809 847/847/847 810/810/810
f 810/810/810 847/847/847 848/848/848
f 810/810/810 848/848/848 811/811/811
f 811/811/811 848/848/848 849/849/849
f 811/811/811 849/849/849 812/812/812
f 812/812/812 849/849/849 850/850/850
f 812/812/812 850/850/850 813/813/813
f 813/813/813 850/850/850 851/851/851
f 813/813/813 851/851/851 814/814/814
f 815/815/815 852/852/852 853/853/853
f 815/815/815 853/853/853 816/816/816
f 816/816/816 853/853/853 854/854/854
f 816/816/816 854/854/854 817/817/817
f 817/817/817 854/854/854 855/855/855
f 817/817/817 855/855/855 818/818/818
f 818/818/818 855/855/855 856/856/856
f 818/818/818 856/856/856 819/819/819
f 819/819/819 856/856/856 857/857/857
f 819/819/819 857/857/857 820/820/820
f 820/820/820 857/857/857 858/858/858
f 820/820/820 858/858/858 821/821/821
f 821/821/821 858/858/858 859/859/859
f 821/821/821 859/859/859 822/822/822
f 822/822/822 859/859/859 860/860/860
f 822/822/822 860/860/860 823/823/823
f 823/823/823 860/860/860 861/861/861
f 823/823/823 861/861/861 824/824/824
f 824/824/824 861/861/861 862/862/862
f 824/824/824 862/862/862 825/825/825
f 825/825/825 862/862/862 863/863/863
f 825/825/825 863/863/863 826/826/826
f 826/826/826 863/863/863 864/864/864
f 826/826/826 864/864/864 827/827/827
f 827/827/827 864/864/864 865/865/865
f 827/827/827 865/865/865 828/828/828
f 828/828/828 865/865/865 866/866/866
f 828/828/828 866/866/866 829/829/829
f 829/829/829 866/866/866 867/867/867
f 829/829/829 867/867/867 830/830/830
f 830/830/830 867/867/867 868/868/868
f 830/830/830 868/868/868 831/831/831
f 831/831/831 868/868/868 869/869/869
f 831/831/831 869/869/869 832/832/832
f 832/832/832 869/869/869 870/870/870
f 832/832/832 870/870/870 833/833/833
f 833/833/833 870/870/870 871/871/871
f 833/833/833 871/871/871 834/834/834
f 834/834/834 871/871/871 872/872/872
f 834/834/834 872/872/872 835/835/835
f 835/835/835 872/872/872 873/873/873
f 835/835/835 873/873/873 836/836/836
f 836/836/836 873/873/873 874/874/874
f 836/836/836 874/874/874 837/837/837
f 837/837/837 874/874/874 875/875/875
f 837/837/837 875/875/875 838/838/838
f 838/838/838 875/875/875 876/876/876
f 838/838/838 876/876/876 839/839/839
f 839/839/839 876/876/876 877/877/877
f 839/839/839 877/877/877 840/840/840
f 840/840/840 877/877/877 878/878/878
f 840/840/840 878/878/878 841/841/841
f 841/841/841 878/878/878 879/879/879
f 841/841/841 879/879/879 842/842/842
f 842/842/842 879/879/879 880/880/880
f 842/842/842 880/880/880 843/843/843
f 843/843/843 880/880/880 881/881/881
f 843/843/843 881/881/881 844/844/844
f 844/844/844 881/881/881 882/882/882
f 844/844/844 882/882/882 845/845/845
f 845/845/845 882/882/882 883/883/883
f 845/845/845 883/883/883 846/846/846
f 846/846/846 883/883/883 884/884/884
f 846/846/846 884/884/884 847/847/847
f 847/847/847 884/884/884 885/885/885
f 847/847/847 885/885/885 848/848/848
f 848/848/848 885/885/885 886/886/886
f 848/848/848 886/886/886 849/849/849
f 849/849/849 886/886/886 887/887/887
f 849/849/849 887/887/887 850/850/850
f 850/850/850 887/887/887 888/888/888
f 850/850/850 888/888/888 851/851/851
f 852/852/852 889/889/889 890/890/890
f 852/852/852 890/890/890 853/853/853
f 853/853/853 890/890/890 891/891/891
f 853/853/853 891/891/891 854/854/854
f 854/854/854 891/891/891 892/892/892
f 854/854/854 892/892/892 855/855/855
f 855/855/855 892/892/892 893/893/893
f 855/855/855 893/893/893 856/856/856
f 856/856/856 893/893/893 894/894/894
f 856/856/856 894/894/894 857/857/857
f 857/857/857 894/894/894 895/895/895
f 857/857/857 895/895/895 858/858/858
f 858/858/858 895/895/895 896/896/896
f 858/858/858 896/896/896 859/859/859
f 859/859/859 896/896/896 897/897/897
f 859/859/859 897/897/897 860/860/860
f 860/860/860 897/897/897 898/898/898
f 860/860/860 898/898/898 861/861/861
f 861/861/861 898/898/898 899/899/899
f 861/861/861 899/899/899 862/862/862
f 862/862/862 899/899/899 900/900/900
f 862/862/862 900/900/900 863/863/863
f 863/863/863 900/900/900 901/901/901
f 863/863/863 901/901/901 864/864/864
f 864/864/864 901/901/901 902/902/902
f 864/864/864 902/902/902 865/865/865
f 865/865/865 902/902/902 903/903/903
f 865/865/865 903/903/903 866/866/866
f 866/866/866 903/903/903 904/904/904
f 866/866/866 904/904/904 867/867/867
f 867/867/867 904/904/904 905/905/905
f 867/867/867 905/905/905 868/868/868
f 868/868/868 905/905/905 906/906/906
f 868/868/868 906/906/906 869/869/869
f 869/869/869 906/906/906 907/907/907
f 869/869/869 907/907/907 870/870/870
f 870/870/870 907/907/907 908/908/908
f 870/870/870 908/908/908 871/871/871
f 871/871/871 908/908/908 909/909/909
f 871/871/871 909/909/909 872/872/872
f 872/872/872 909/909/909 910/910/910
f 872/872/872 910/910/910 873/873/873
f 873/873/873 910/910/910 911/911/911
f 873/873/873 911/911/911 874/874/874
f 874/874/874 911/911/911 912/912/912
f 874/874/874 912/912/912 875/875/875
f 875/875/875 912/912/912 913/913/913
f 875/875/875 913/913/913 876/876/876
f 876/876/876 913/913/913 914/914/914
f 876/876/876 914/914/914 877/877/877
f 877/877/877 914/914/914 915/915/915
f 877/877/877 915/915/915 878/878/878
f 878/878/878 915/915/915 916/916/916
f 878/878/878 916/916/916 879/879/879
f 879/879/879 916/916/916 917/917/917
f 879/879/879 917/917/917 880/880/880
f 880/880/880 917/917/917 918/918/918
f 880/880/880 918/918/918 881/881/881
f 881/881/881 918/918/918 919/919/919
f 881/881/881 919/919/919 882/882/882
f 882/882/882 919/919/919 920/920/920
f 882/882/882 920/920/920 883/883/883
f 883/883/883 920/920/920 921/921/921
f 883/883/883 921/921/921 884/884/884
f 884/884/884 921/921/921 922/922/922
f 884/884/884 922/922/922 885/885/885
f 885/885/885 922/922/922 923/923/923
f 885/885/885 923/923/923 886/886/886
f 886/886/886 923/923/923 924/924/924
f 886/886/886 924/924/924 887/887/887
f 887/887/887 924/924/924 925/925/925
f 887/887/887 925/925/925 888/888/888
f 889/889/889 926/926/926 927/927/927
f 889/889/889 927/927/927 890/890/890
f 890/890/890 927/927/927 928/928/928
f 890/890/890 928/928/928 891/891/891
f 891/891/891 928/928/928 929/929/929
f 891/891/891 929/929/929 892/892/892
f 892/892/892 929/929/929 930/930/930
f 892/892/892 930/930/930 893/893/893
f 893/893/893 930/930/930 931/931/931
f 893/893/893 931/931/931 894/894/894
f 894/894/894 931/931/931 932/932/932
f 894/894/894 932/932/932 895/895/895
f 895/895/895 932/932/932 933/933/933
f 895/895/895 933/933/933 896/896/896
f 896/896/896 933/933/933 934/934/934
f 896/896/896 934/934/934 897/897/897
f 897/897/897 934/934/934 935/935/935
f 897/897/897 935/935/935 898/898/898
f 898/898/898 935/935/935 936/936/936
f 898/898/898 936/936/936 899/899/899
f 899/899/899 936/936/936 937/937/937
f 899/899/899 937/937/937 900/900/900
f 900/900/900 937/937/937 938/938/938
f 900/900/900 938/938/938 901/901/901
f 901/901/901 938/938/938 939/939/939
f 901/901/901 939/939/939 902/902/902
f 902/902/902 939/939/939 940/940/940
f 902/902/902 940/940/940 903/903/903
f 903/903/903 940/940/940 941/941/941
f 903/903/903 941/941/941 904/904/904
f 904/904/904 941/941/941 942/942/942
f 904/904/904 942/942/942 905/905/905
f 905/905/905 942/942/942 943/943/943
f 905/905/905 943/943/943 906/906/906
f 906/906/906 943/943/943 944/944/944
f 906/906/906 944/944/944 907/907/907
f 907/907/907 944/944/944 945/945/945
f 907/907/907 945/945/945 908/908/908
f 908/908/908 945/945/945 946/946/946
f 908/908/908 946/946/946 909/909/909
f 909/909/909 946/946/946 947/947/947
f 909/909/909 947/947/947 910/910/910
f 910/910/910 947/947/947 948/948/948
f 910/910/910 948/948/948 911/911/911
f 911/911/911 948/948/948 949/949/949
f 911/911/911 949/949/949 912/912/912
f 912/912/912 949/949/949 950/950/950
f 912/912/912 950/950/950 913/913/913
f 913/913/913 950/950/950 951/951/951
f 913/913/913 951/951/951 914/914/914
f 914/914/914 951/951/951 952/952/952
f 914/914/914 952/952/952 915/915/915
f 915/915/915 952/952/952 953/953/953
f 915/915/915 953/953/953 916/916/916
f 916/916/916 953/953/953 954/954/954
f 916/916/916 954/954/954 917/917/917
f 917/917/917 954/954/954 955/955/955
f 917/917/917 955/955/955 918/918/918
f 918/918/918 955/955/955 956/956/956
f 918/918/918 956/956/956 919/919/919
f 919/919/919 956/956/956 957/957/957
f 919/919/919 957/957/957 920/920/920
f 920/920/920 957/957/957 958/958/958
f 920/920/920 958/958/958 921/921/921
f 921/921/921 958/958/958 959/959/959
f 921/921/921 959/959/959 922/922/922
f 922/922/922 959/959/959 960/960/960
f 922/922/922 960/960/960 923/923/923
f 923/923/923 960/960/960 961/961/961
f 923/923/923 961/961/961 924/924/924
f 924/924/924 961/961/961 962/962/962
f 924/924/924 962/962/962 925/925/925
f 926/926/926 963/963/963 964/964/964
f 926/926/926 964/964/964 927/927/927
f 927/927/927 964/964/964 965/965/965
f 927/927/927 965/965/965 928/928/928
f 928/928/928 965/965/965 966/966/966
f 928/928/928 966/966/966 929/929/929
f 929/929/929 966/966/966 967/967/967
f 929/929/929 967/967/967 930/930/930
f 930/930/930 967/967/967 968/968/968
f 930/930/930 968/968/968 931/931/931
f 931/931/931 968/968/968 969/969/969
f 931/931/931 969/969/969 932/932/932
f 932/932/932 969/969/969 970/970/970
f 932/932/932 970/970/970 933/933/933
f 933/933/933 970/970/970 971/971/971
f 933/933/933 971/971/971 934/934/934
f 934/934/934 971/971/971 972/972/972
f 934/934/934 972/972/972 935/935/935
f 935/935/935 972/972/972 973/973/973
f 935/935/935 973/973/973 936/936/936
f 936/936/936 973/973/973 974/974/974
f 936/936/936 974/974/974 937/937/937
f 937/937/937 974/974/974 975/975/975
f 937/937/937 975/975/975 938/938/938
f 938/938/938 975/975/975 976/976/976
f 938/938/938 976/976/976 939/939/939
f 939/939/939 976/976/976 977/977/977
f 939/939/939 977/977/977 940/940/940
f 940/940/940 977/977/977 978/978/978
f 940/940/940 978/978/978 941/941/941
f 941/941/941 978/978/978 979/979/979
f 941/941/941 979/979/979 942/942/942
f 942/942/942 979/979/979 980/980/980
f 942/942/942 980/980/980 943/943/943
f 943/943/943 980/980/980 981/981/981
f 943/943/943 981/981/981 944/944/944
f 944/944/944 981/981/981 982/982/982
f 944/944/944 982/982/982 945/945/945
f 945/945/945 982/982/982 983/983/983
f 945/945/945 983/983/983 946/946/946
f 946/946/946 983/983/983 984/984/984
f 946/946/946 984/984/984 947/947/947
f 947/947/947 984/984/984 985/985/985
f 947/947/947 985/985/985 948/948/948
f 948/948/948 985/985/985 986/986/986
f 948/948/948 986/986/986 949/949/949
f 949/949/949 986/986/986 987/987/987
f 949/949/949 987/987/987 950/950/950
f 950/950/950 987/987/987 988/988/988
f 950/950/950 988/988/988 951/951/951
f 951/951/951 988/988/988 989/989/989
f 951/951/951 989/989/989 952/952/952
f 952/952/952 989/989/989 990/990/990
f 952/952/952 990/990/990 953/953/953
f 953/953/953 990/990/990 991/991/991
f 953/953/953 991/991/991 954/954/954
f 954/954/954 991/991/991 992/992/992
f 954/954/954 992/992/992 955/955/955
f 955/955/955 992/992/992 993/993/993
f 955/955/955 993/993/993 956/956/956
f 956/956/956 993/993/993 994/994/994
f 956/956/956 994/994/994 957/957/957
f 957/957/957 994/994/994 995/995/995
f 957/957/957 995/995/995 958/958/958
f 958/958/958 995/995/995 996/996/996
f 958/958/958 996/996/996 959/959/959
f 959/959/959 996/996/996 997/997/997
f 959/959/959 997/997/997 960/960/960
f 960/960/960 997/997/997 998/998/998
f 960/960/960 998/998/998 961/961/961
f 961/961/961 998/998/998 999/999/999
f 961/961/961 999/999/999 962/962/962
