# Generated sky cornice; visual geometry only.
s 1
v -64.555598 -1.488656 46.334293
v -64.565942 -0.915412 46.283069
v -64.582405 0.012281 46.201545
v -64.590127 1.105656 46.163308
v -64.574247 2.169133 46.241946
v -64.529228 3.163206 46.464876
v -64.463521 4.143701 46.790252
v -64.383245 5.051759 47.187774
v -64.294519 5.827625 47.627140
v -64.193555 6.430792 48.127108
v -64.078896 6.848776 48.694893
v -63.960158 7.067863 49.282878
v -63.846956 7.080139 49.843449
v -63.734992 6.849316 50.397887
v -63.621426 6.375836 50.960261
v -63.518058 5.717689 51.472133
v -63.436689 4.940316 51.875066
v -63.379287 4.071079 52.159319
v -63.339950 3.107155 52.354112
v -63.318679 2.076928 52.459444
v -63.315474 1.011417 52.475316
v -63.331864 -0.085453 52.394152
v -63.367340 -1.173582 52.218478
v -63.418842 -2.169192 51.963444
v -63.483310 -2.992982 51.644200
v -63.567010 -3.592104 51.229724
v -63.669212 -3.992788 50.723624
v -63.776368 -4.319097 50.192994
v -63.874928 -4.678634 49.704929
v -63.966568 -5.066083 49.251134
v -64.056751 -5.460178 48.804554
v -64.137610 -5.888831 48.404146
v -64.201277 -6.379955 48.088871
v -64.243163 -7.017950 47.881452
v -64.268295 -7.762279 47.757001
v -64.283228 -8.453440 47.683052
v -64.294519 -8.931937 47.627140
v -58.170894 -1.502321 41.532100
v -58.181855 -0.923970 41.480798
v -58.199300 0.011779 41.399148
v -58.207483 1.114455 41.360853
v -58.190655 2.186726 41.439612
v -58.142952 3.188780 41.662884
v -58.073326 4.177021 41.988760
v -57.988263 5.092123 42.386893
v -57.894245 5.873861 42.826934
v -57.787260 6.481425 43.327671
v -57.665763 6.902286 43.896328
v -57.539943 7.122660 44.485217
v -57.419990 7.134602 45.046649
v -57.301349 6.901516 45.601939
v -57.181009 6.423859 46.165178
v -57.071477 5.760141 46.677837
v -56.985256 4.976377 47.081388
v -56.924430 4.100138 47.366078
v -56.882747 3.128516 47.561171
v -56.860208 2.090089 47.666665
v -56.856811 1.016087 47.682561
v -56.874179 -0.089603 47.601273
v -56.911771 -1.186588 47.425329
v -56.966344 -2.190385 47.169902
v -57.034657 -3.021023 46.850168
v -57.123348 -3.625209 46.435055
v -57.231646 -4.029439 45.928177
v -57.345193 -4.358742 45.396731
v -57.449631 -4.721579 44.907917
v -57.546736 -5.112585 44.453425
v -57.642297 -5.510298 44.006158
v -57.727978 -5.942886 43.605135
v -57.795442 -6.438517 43.289375
v -57.839826 -7.082369 43.081638
v -57.866457 -7.833530 42.956995
v -57.882281 -8.531036 42.882933
v -57.894245 -9.013924 42.826934
v -51.790391 -1.536514 36.712529
v -51.802135 -0.946565 36.660460
v -51.820826 0.005879 36.577589
v -51.829593 1.126279 36.538721
v -51.811563 2.213244 36.618658
v -51.760451 3.226622 36.845269
v -51.685850 4.224776 37.176019
v -51.594708 5.147762 37.580106
v -51.493971 5.934742 38.026729
v -51.379340 6.544711 38.534954
v -51.249161 6.965524 39.112116
v -51.114350 7.183643 39.709813
v -50.985824 7.191371 40.279641
v -50.858705 6.951540 40.843236
v -50.729766 6.464701 41.414898
v -50.612405 5.790597 41.935224
v -50.520022 4.996471 42.344811
v -50.454850 4.110082 42.633759
v -50.410189 3.127885 42.831769
v -50.386038 2.078433 42.938841
v -50.382399 0.992929 42.954975
v -50.401008 -0.125408 42.872471
v -50.441286 -1.235996 42.693896
v -50.499759 -2.253097 42.434649
v -50.572954 -3.095475 42.110133
v -50.667984 -3.709044 41.688812
v -50.784021 -4.121149 41.174353
v -50.905682 -4.457947 40.634959
v -51.017583 -4.829043 40.138834
v -51.121628 -5.228948 39.677545
v -51.224018 -5.635712 39.223588
v -51.315822 -6.078146 38.816568
v -51.388107 -6.585058 38.496085
v -51.435663 -7.243564 38.285241
v -51.464197 -8.011821 38.158735
v -51.481152 -8.725202 38.083565
v -51.493971 -9.219081 38.026729
v -45.414321 -1.589717 31.877273
v -45.427024 -0.982246 31.823815
v -45.447242 -0.005369 31.738734
v -45.456724 1.140140 31.698829
v -45.437222 2.246714 31.780898
v -45.381936 3.273869 32.013553
v -45.301244 4.283230 32.353125
v -45.202659 5.214148 32.767989
v -45.093697 6.005079 33.226523
v -44.969706 6.614965 33.748303
v -44.828897 7.032476 34.340859
v -44.683078 7.244653 34.954496
v -44.544057 7.244321 35.539523
v -44.406558 6.993512 36.118149
v -44.267091 6.492952 36.705058
v -44.140147 5.804269 37.239261
v -44.040221 4.996523 37.659772
v -43.969727 4.097623 37.956427
v -43.921419 3.102836 38.159717
v -43.895296 2.040453 38.269645
v -43.891360 0.941389 38.286210
v -43.911489 -0.192432 38.201505
v -43.955055 -1.320381 38.018167
v -44.018303 -2.354984 37.752006
v -44.097475 -3.213229 37.418835
v -44.200264 -3.839935 36.986277
v -44.325776 -4.263849 36.458097
v -44.457371 -4.612309 35.904317
v -44.578410 -4.996254 35.394960
v -44.690950 -5.410006 34.921367
v -44.801701 -5.830856 34.455304
v -44.901001 -6.288609 34.037428
v -44.979189 -6.813074 33.708398
v -45.030628 -7.494381 33.491931
v -45.061492 -8.289240 33.362050
v -45.079831 -9.027323 33.284875
v -45.093697 -9.538303 33.226523
v -39.042761 -1.659921 27.028400
v -39.056602 -1.029732 26.973013
v -39.078631 -0.021797 26.884864
v -39.088963 1.154946 26.843519
v -39.067714 2.284899 26.928548
v -39.007477 3.327278 27.169596
v -38.919557 4.348193 27.521415
v -38.812144 5.286246 27.951244
v -38.693423 6.079165 28.426317
v -38.558328 6.686000 28.966918
v -38.404907 7.096679 29.580848
v -38.246029 7.299146 30.216620
v -38.094558 7.287024 30.822748
v -37.944744 7.021358 31.422246
v -37.792786 6.503127 32.030324
v -37.654474 5.796422 32.583797
v -37.545598 4.972627 33.019476
v -37.468790 4.059736 33.326831
v -37.416156 3.051305 33.537454
v -37.387694 1.975103 33.651347
v -37.383405 0.861475 33.668509
v -37.405336 -0.289558 33.580749
v -37.452805 -1.437492 33.390798
v -37.521717 -2.492736 33.115037
v -37.607980 -3.370075 32.769848
v -37.719975 -4.012992 32.321687
v -37.856727 -4.452146 31.774455
v -38.000108 -4.815995 31.200701
v -38.131987 -5.216896 30.672971
v -38.254606 -5.648920 30.182296
v -38.375276 -6.088355 29.699421
v -38.483469 -6.566323 29.266472
v -38.568660 -7.113949 28.925574
v -38.624706 -7.825344 28.701299
v -38.658334 -8.655304 28.566733
v -38.678315 -9.425982 28.486774
v -38.693423 -9.959528 28.426317
v -32.675627 -1.744691 22.168279
v -32.690781 -1.087405 22.110519
v -32.714899 -0.042960 22.018591
v -32.726211 1.169914 21.975474
v -32.702946 2.326008 22.064148
v -32.636995 3.384302 22.315527
v -32.540735 4.416463 22.682426
v -32.423132 5.360350 23.130677
v -32.293149 6.152969 23.626112
v -32.145238 6.753668 24.189883
v -31.977264 7.154026 24.830126
v -31.803314 7.343205 25.493147
v -31.637474 7.315884 26.125254
v -31.473448 7.031969 26.750446
v -31.307075 6.492765 27.384587
v -31.155642 5.765313 27.961781
v -31.036438 4.923746 28.416134
v -30.952344 3.996067 28.736662
v -30.894716 2.973642 28.956313
v -30.863555 1.883464 29.075087
v -30.858859 0.755031 29.092985
v -30.882871 -0.414092 29.001463
v -30.934842 -1.583716 28.803371
v -31.010292 -2.661830 28.515790
v -31.104737 -3.560685 28.155806
v -31.227356 -4.222237 27.688438
v -31.377082 -4.679510 27.117751
v -31.534064 -5.061940 26.519405
v -31.678453 -5.483314 25.969057
v -31.812705 -5.937401 25.457352
v -31.944822 -6.399276 24.953781
v -32.063279 -6.901654 24.502276
v -32.156550 -7.477246 24.146766
v -32.217913 -8.224971 23.912879
v -32.254731 -9.097316 23.772546
v -32.276608 -9.907351 23.689160
v -32.293149 -10.468144 23.626112
v -26.312665 -1.841243 17.299505
v -26.329297 -1.153327 17.239029
v -26.355768 -0.067979 17.142777
v -26.368184 1.184955 17.097632
v -26.342650 2.369384 17.190477
v -26.270264 3.444102 17.453679
v -26.164614 4.487208 17.837834
v -26.035538 5.435821 18.307169
v -25.892875 6.226238 18.825906
v -25.730535 6.818252 19.416194
v -25.546174 7.205429 20.086550
v -25.355254 7.378396 20.780756
v -25.173236 7.333096 21.442594
v -24.993209 7.028182 22.097192
v -24.810605 6.465340 22.761159
v -24.644399 5.714957 23.365501
v -24.513566 4.854256 23.841224
v -24.421269 3.911186 24.176828
v -24.358019 2.874532 24.406810
v -24.323817 1.770305 24.531171
v -24.318664 0.626929 24.549910
v -24.345018 -0.560944 24.454084
v -24.402060 -1.753586 24.246674
v -24.484870 -2.856336 23.945568
v -24.588529 -3.778634 23.568652
v -24.723110 -4.460765 23.079301
v -24.887441 -4.938477 22.481773
v -25.059738 -5.342071 21.855284
v -25.218213 -5.786764 21.279051
v -25.365561 -6.265981 20.743277
v -25.510567 -6.753417 20.216022
v -25.640580 -7.283597 19.743280
v -25.742950 -7.891042 19.371050
v -25.810299 -8.680147 19.126161
v -25.850709 -9.600768 18.979228
v -25.874720 -10.455631 18.891920
v -25.892875 -11.047459 18.825906
v -19.953466 -1.946538 12.424812
v -19.971726 -1.225265 12.361384
v -20.000787 -0.095449 12.260435
v -20.014418 1.200949 12.213088
v -19.986385 2.415987 12.310463
v -19.906917 3.508271 12.586509
v -19.790929 4.562934 12.989411
v -19.649223 5.516310 13.481649
v -19.492601 6.303949 14.025701
v -19.314376 6.886148 14.644795
v -19.111976 7.258660 15.347863
v -18.902375 7.413728 16.075946
v -18.702547 7.348687 16.770082
v -18.504905 7.020830 17.456623
v -18.304433 6.432260 18.152992
v -18.121965 5.657012 18.786826
v -17.978330 4.775670 19.285764
v -17.877002 3.816110 19.637745
v -17.807563 2.764286 19.878950
v -17.770015 1.645118 20.009380
v -17.764357 0.485836 20.029034
v -17.793290 -0.722108 19.928531
v -17.855913 -1.939511 19.711000
v -17.946826 -3.068839 19.395200
v -18.060627 -4.016488 18.999891
v -18.208377 -4.720928 18.486659
v -18.388788 -5.220892 17.859972
v -18.577943 -5.647566 17.202911
v -18.751925 -6.117689 16.598558
v -18.913691 -6.624311 16.036639
v -19.072885 -7.139622 15.483653
v -19.215619 -7.700120 14.987842
v -19.328007 -8.342304 14.597447
v -19.401946 -9.176534 14.340608
v -19.446309 -10.149803 14.186504
v -19.472670 -11.053552 14.094936
v -19.492601 -11.679225 14.025701
v -13.597473 -2.057366 7.546989
v -13.617487 -1.300747 7.480485
v -13.649341 -0.123431 7.374642
v -13.664281 1.219829 7.324999
v -13.633555 2.468548 7.427095
v -13.546451 3.581054 7.716525
v -13.419319 4.649780 8.138962
v -13.263998 5.610124 8.655065
v -13.092327 6.396733 9.225495
v -12.896978 6.970325 9.874605
v -12.675131 7.328854 10.611762
v -12.445391 7.466179 11.375145
v -12.226363 7.381037 12.102935
v -12.009731 7.029248 12.822764
v -11.789998 6.413342 13.552895
v -11.589997 5.611211 14.217460
v -11.432562 4.707015 14.740588
v -11.321497 3.728619 15.109635
v -11.245387 2.659087 15.362535
v -11.204231 1.522289 15.499288
v -11.198030 0.344312 15.519895
v -11.229742 -0.886646 15.414520
v -11.298382 -2.131827 15.186442
v -11.398030 -3.290571 14.855330
v -11.522767 -4.265985 14.440855
v -11.684712 -4.994566 13.902740
v -11.882457 -5.518150 13.245669
v -12.089787 -5.969117 12.556750
v -12.280485 -6.466008 11.923095
v -12.457794 -7.001474 11.333932
v -12.632284 -7.546125 10.754135
v -12.788732 -8.138536 10.234285
v -12.911918 -8.817283 9.824962
v -12.992961 -9.699011 9.555670
v -13.041587 -10.727694 9.394095
v -13.070481 -11.682900 9.298087
v -13.092327 -12.344196 9.225495
v -7.243998 -2.170451 2.668797
v -7.265866 -1.377152 2.599204
v -7.300670 -0.149558 2.488443
v -7.316995 1.244417 2.436493
v -7.283422 2.531324 2.543333
v -7.188249 3.668979 2.846211
v -7.049339 4.757001 3.288274
v -6.879628 5.729544 3.828357
v -6.692053 6.520037 4.425290
v -6.478606 7.089340 5.104559
v -6.236206 7.437387 5.875965
v -5.985182 7.559466 6.674816
v -5.745863 7.455579 7.436421
v -5.509161 7.079937 8.189693
v -5.269072 6.435475 8.953748
v -5.050542 5.604055 9.649190
v -4.878522 4.673600 10.196624
v -4.757168 3.672135 10.582817
v -4.674006 2.579996 10.847467
v -4.629038 1.420251 10.990574
v -4.622262 0.218107 11.012139
v -4.656912 -1.041257 10.901868
v -4.731911 -2.319249 10.663192
v -4.840791 -3.511761 10.316697
v -4.977083 -4.518322 9.882964
v -5.154032 -5.273254 9.319848
v -5.370097 -5.821460 8.632247
v -5.596634 -6.297216 7.911321
v -5.805000 -6.821418 7.248225
v -5.998735 -7.386317 6.631688
v -6.189390 -7.960905 6.024953
v -6.360332 -8.585879 5.480950
v -6.494930 -9.301934 5.052609
v -6.583481 -10.232127 4.770805
v -6.636612 -11.317353 4.601723
v -6.668183 -12.325063 4.501254
v -6.692053 -13.022708 4.425290
v -0.892244 -2.282542 -2.207110
v -0.916034 -1.451813 -2.279702
v -0.953899 -0.171235 -2.395237
v -0.971658 1.278054 -2.449425
v -0.935134 2.609456 -2.337981
v -0.831594 3.779893 -2.022050
v -0.680473 4.895648 -1.560934
v -0.495843 5.889140 -0.997575
v -0.291779 6.692069 -0.374916
v -0.059568 7.264934 0.333628
v 0.204140 7.609178 1.138280
v 0.477231 7.721119 1.971560
v 0.737589 7.601719 2.765988
v 0.995098 7.203420 3.551725
v 1.256294 6.529497 4.348709
v 1.494033 5.665817 5.074123
v 1.681176 4.704219 5.645150
v 1.813198 3.673186 6.047987
v 1.903669 2.550745 6.324043
v 1.952591 1.359628 6.473318
v 1.959963 0.124677 6.495811
v 1.922266 -1.171408 6.380788
v 1.840674 -2.489698 6.131826
v 1.722223 -3.722209 5.770398
v 1.573950 -4.764545 5.317972
v 1.381446 -5.548585 4.730587
v 1.146387 -6.122104 4.013352
v 0.899935 -6.622430 3.261355
v 0.673253 -7.173704 2.569682
v 0.462487 -7.767777 1.926573
v 0.255073 -8.372039 1.293689
v 0.069103 -9.029289 0.726241
v -0.077327 -9.782324 0.279439
v -0.173663 -10.760556 -0.014509
v -0.231465 -11.901828 -0.190878
v -0.265810 -12.961579 -0.295677
v -0.291779 -13.695254 -0.374916
v 5.458666 -2.390509 -7.078258
v 5.432919 -1.522159 -7.153661
v 5.391942 -0.185929 -7.273669
v 5.372723 1.324030 -7.329956
v 5.412249 2.708026 -7.214196
v 5.524301 3.921552 -6.886033
v 5.687846 5.076634 -6.407062
v 5.887654 6.103280 -5.821890
v 6.108495 6.930771 -5.175121
v 6.359796 7.518521 -4.439143
v 6.645184 7.868756 -3.603334
v 6.940726 7.978219 -2.737789
v 7.222488 7.848376 -1.912601
v 7.501168 7.429696 -1.096440
v 7.783836 6.725702 -0.268597
v 8.041121 5.826216 0.484905
v 8.243648 4.827126 1.078042
v 8.386524 3.757795 1.496478
v 8.484433 2.594598 1.783222
v 8.537377 1.360621 1.938277
v 8.545355 0.081092 1.961642
v 8.504559 -1.262916 1.842164
v 8.416259 -2.631413 1.583563
v 8.288070 -3.912020 1.208140
v 8.127607 -4.996000 0.738197
v 7.919278 -5.812455 0.128067
v 7.664894 -6.411686 -0.616939
v 7.398181 -6.935677 -1.398053
v 7.152863 -7.513027 -2.116509
v 6.924770 -8.135200 -2.784518
v 6.700304 -8.768045 -3.441907
v 6.499045 -9.456383 -4.031328
v 6.340577 -10.245037 -4.495429
v 6.236321 -11.269541 -4.800760
v 6.173768 -12.464796 -4.983958
v 6.136599 -13.574675 -5.092815
v 6.108495 -14.343052 -5.175121
v 11.809658 -2.491430 -11.942423
v 11.781959 -1.585841 -12.020361
v 11.737875 -0.191495 -12.144402
v 11.717198 1.384939 -12.202581
v 11.759722 2.830959 -12.082930
v 11.880272 4.099966 -11.743738
v 12.056220 5.308469 -11.248671
v 12.271181 6.383248 -10.643832
v 12.508769 7.250319 -9.975327
v 12.779128 7.867111 -9.214614
v 13.086159 8.235695 -8.350716
v 13.404114 8.352471 -7.456082
v 13.707244 8.218806 -6.603161
v 14.007058 7.782985 -5.759571
v 14.311163 7.048644 -4.903906
v 14.587960 6.109437 -4.125080
v 14.805847 5.065401 -3.512009
v 14.959557 3.947301 -3.079511
v 15.064892 2.730725 -2.783130
v 15.121851 1.439985 -2.622864
v 15.130434 0.101647 -2.598714
v 15.086544 -1.303734 -2.722207
v 14.991548 -2.734212 -2.989499
v 14.853637 -4.072416 -3.377540
v 14.681005 -5.204810 -3.863277
v 14.456876 -6.057351 -4.493911
v 14.183201 -6.682370 -5.263955
v 13.896262 -7.228482 -6.071321
v 13.632340 -7.830207 -6.813921
v 13.386949 -8.478646 -7.504381
v 13.145459 -9.138208 -8.183864
v 12.928938 -9.855606 -8.793093
v 12.758451 -10.677555 -9.272792
v 12.646289 -11.745311 -9.588384
v 12.578992 -12.991026 -9.777739
v 12.539004 -14.147761 -9.890254
v 12.508769 -14.948577 -9.975327
v 18.161681 -2.582674 -16.797685
v 18.132071 -1.640870 -16.877804
v 18.084943 -0.186489 -17.005317
v 18.062839 1.462045 -17.065124
v 18.108298 2.979944 -16.942124
v 18.237168 4.317797 -16.593438
v 18.425260 5.595071 -16.084515
v 18.655057 6.734433 -15.462748
v 18.909043 7.657712 -14.775532
v 19.198062 8.319350 -13.993528
v 19.526284 8.720191 -13.105451
v 19.866183 8.855408 -12.185778
v 20.190234 8.725589 -11.308985
v 20.510741 8.276612 -10.441784
v 20.835835 7.512086 -9.562170
v 21.131735 6.529284 -8.761547
v 21.364660 5.432446 -8.131317
v 21.528979 4.254315 -7.686714
v 21.641584 2.970702 -7.382037
v 21.702474 1.608123 -7.217286
v 21.711649 0.195553 -7.192460
v 21.664730 -1.285691 -7.319409
v 21.563178 -2.790698 -7.594182
v 21.415749 -4.196506 -7.993083
v 21.231202 -5.384334 -8.492415
v 20.991604 -6.276608 -9.140700
v 20.699041 -6.927100 -9.932296
v 20.392297 -7.493213 -10.762259
v 20.110160 -8.116975 -11.525644
v 19.847833 -8.789162 -12.235429
v 19.589676 -9.472879 -12.933929
v 19.358211 -10.216550 -13.560209
v 19.175958 -11.068602 -14.053335
v 19.056055 -12.175462 -14.377759
v 18.984113 -13.466799 -14.572414
v 18.941365 -14.665898 -14.688079
v 18.909043 -15.496043 -14.775532
v 24.515666 -2.661971 -21.642471
v 24.484221 -1.685722 -21.724356
v 24.434175 -0.170422 -21.854680
v 24.410702 1.554776 -21.915806
v 24.458977 3.153589 -21.790095
v 24.595828 4.573082 -21.433722
v 24.795570 5.934020 -20.913578
v 25.039600 7.154094 -20.278104
v 25.309317 8.150061 -19.575738
v 25.616237 8.872370 -18.776493
v 25.964788 9.319533 -17.868838
v 26.325739 9.484584 -16.928889
v 26.669862 9.366628 -16.032767
v 27.010219 8.908954 -15.146447
v 27.355449 8.114986 -14.247442
v 27.669676 7.085330 -13.429167
v 27.917027 5.928404 -12.785043
v 28.091524 4.679500 -12.330639
v 28.211104 3.315709 -12.019245
v 28.275765 1.866745 -11.850862
v 28.285508 0.365078 -11.825489
v 28.235684 -1.205874 -11.955236
v 28.127841 -2.797237 -12.236067
v 27.971281 -4.279924 -12.643763
v 27.775304 -5.529537 -13.154103
v 27.520866 -6.464639 -13.816680
v 27.210182 -7.139787 -14.625727
v 26.884440 -7.723282 -15.473988
v 26.584828 -8.366196 -16.254202
v 26.306253 -9.059021 -16.979635
v 26.032106 -9.763731 -17.693534
v 25.786305 -10.530236 -18.333622
v 25.592764 -11.408449 -18.837619
v 25.465434 -12.549293 -19.169196
v 25.389036 -13.880279 -19.368142
v 25.343641 -15.116194 -19.486356
v 25.309317 -15.971828 -19.575738
v 30.872494 -2.727472 -26.475592
v 30.839328 -1.719409 -26.558782
v 30.786543 -0.143904 -26.691181
v 30.761785 1.660452 -26.753280
v 30.812702 3.346954 -26.625567
v 30.957045 4.858538 -26.263519
v 31.167720 6.315598 -25.735091
v 31.425109 7.630137 -25.089496
v 31.709591 8.713095 -24.375943
v 32.033312 9.510049 -23.563970
v 32.400943 10.016148 -22.641858
v 32.781654 10.221452 -21.686939
v 33.144614 10.122928 -20.776545
v 33.503603 9.661165 -19.876109
v 33.867731 8.839248 -18.962785
v 34.199159 7.760754 -18.131479
v 34.460051 6.538141 -17.477096
v 34.644100 5.209747 -17.015454
v 34.770225 3.754950 -16.699101
v 34.838426 2.207554 -16.528036
v 34.848703 0.604499 -16.502259
v 34.796151 -1.067436 -16.634073
v 34.682405 -2.754531 -16.919377
v 34.517275 -4.321215 -17.333565
v 34.310570 -5.637249 -17.852033
v 34.042204 -6.617108 -18.525163
v 33.714512 -7.315469 -19.347096
v 33.370938 -7.913321 -20.208866
v 33.054925 -8.572054 -21.001507
v 32.761100 -9.281927 -21.738493
v 32.471947 -10.003976 -22.463763
v 32.212690 -10.789342 -23.114045
v 32.008554 -11.689164 -23.626069
v 31.874254 -12.858081 -23.962926
v 31.793674 -14.221816 -24.165041
v 31.745794 -15.488142 -24.285138
v 31.709591 -16.364830 -24.375943
v 37.232967 -2.777789 -31.296264
v 37.198224 -1.741513 -31.380264
v 37.142929 -0.108656 -31.513954
v 37.116994 1.774289 -31.576659
v 37.170332 3.551573 -31.447701
v 37.321538 5.161591 -31.082123
v 37.542230 6.722831 -30.548545
v 37.811857 8.141154 -29.896657
v 38.109865 9.321206 -29.176149
v 38.448978 10.203050 -28.356260
v 38.834089 10.777643 -27.425161
v 39.232901 11.031401 -26.460934
v 39.613118 10.958624 -25.541665
v 39.989176 10.497192 -24.632453
v 40.370617 9.649731 -23.710227
v 40.717804 8.522335 -22.870817
v 40.991101 7.231233 -22.210056
v 41.183901 5.818156 -21.743914
v 41.316023 4.265620 -21.424477
v 41.387466 2.612199 -21.251745
v 41.398232 0.900046 -21.225717
v 41.343181 -0.879657 -21.358815
v 41.224027 -2.667698 -21.646900
v 41.051045 -4.321923 -22.065126
v 40.834512 -5.706261 -22.588648
v 40.553386 -6.731036 -23.268339
v 40.210114 -7.450426 -24.098283
v 39.850204 -8.059307 -24.968453
v 39.519165 -8.730193 -25.768821
v 39.211370 -9.453162 -26.512991
v 38.908468 -10.188532 -27.245330
v 38.636885 -10.988386 -27.901950
v 38.423043 -11.904808 -28.418965
v 38.282358 -13.095289 -28.759106
v 38.197946 -14.484184 -28.963191
v 38.147789 -15.773871 -29.084459
v 38.109865 -16.666732 -29.176149
v 43.597773 -2.812031 -36.104111
v 43.561625 -1.752168 -36.188414
v 43.504093 -0.067378 -36.322586
v 43.477108 1.889717 -36.385516
v 43.532604 3.756002 -36.256094
v 43.689926 5.465190 -35.889198
v 43.919545 7.132592 -35.353697
v 44.200077 8.657826 -34.699459
v 44.510139 9.939133 -33.976354
v 44.862968 10.910767 -33.153511
v 45.263656 11.558959 -32.219055
v 45.678599 11.866067 -31.251353
v 46.074195 11.823386 -30.328772
v 46.465464 11.366217 -29.416282
v 46.862333 10.496637 -28.490732
v 47.223563 9.322729 -27.648297
v 47.507913 7.964063 -26.985154
v 47.708512 6.465904 -26.517332
v 47.845978 4.814510 -26.196744
v 47.920311 3.053591 -26.023389
v 47.931512 1.230913 -25.997267
v 47.874235 -0.657220 -26.130845
v 47.750261 -2.545811 -26.419969
v 47.570282 -4.286360 -26.839702
v 47.344991 -5.737267 -27.365110
v 47.052494 -6.804853 -28.047251
v 46.695337 -7.542269 -28.880187
v 46.320870 -8.158657 -29.753494
v 45.976442 -8.837812 -30.556745
v 45.656197 -9.569694 -31.303598
v 45.341044 -10.314129 -32.038576
v 45.058475 -11.123843 -32.697563
v 44.835984 -12.051562 -33.216441
v 44.689608 -13.256719 -33.557808
v 44.601783 -14.662734 -33.762629
v 44.549597 -15.968320 -33.884334
v 44.510139 -16.872187 -33.976354
v 49.967462 -2.829818 -40.899164
v 49.930101 -1.752007 -40.983263
v 49.870641 -0.023486 -41.117110
v 49.842752 1.998959 -41.179888
v 49.900108 3.946820 -41.050779
v 50.062704 5.749309 -40.684772
v 50.300020 7.517643 -40.150567
v 50.589957 9.145520 -39.497914
v 50.910413 10.525101 -38.776560
v 51.275070 11.584950 -37.955709
v 51.689190 12.306413 -37.023516
v 52.118044 12.667691 -36.058158
v 52.526902 12.656970 -35.137810
v 52.931287 12.207258 -34.227530
v 53.341460 11.320039 -33.304221
v 53.714799 10.104791 -32.463826
v 54.008683 8.683821 -31.802288
v 54.216006 7.105822 -31.335600
v 54.358080 5.361080 -31.015788
v 54.434905 3.498430 -30.842852
v 54.446481 1.571235 -30.816794
v 54.387284 -0.418785 -30.950049
v 54.259154 -2.400963 -31.238472
v 54.073142 -4.221087 -31.657189
v 53.840298 -5.732650 -32.181325
v 53.537996 -6.838371 -32.861814
v 53.168866 -7.589976 -33.692733
v 52.781846 -8.210262 -34.563925
v 52.425871 -8.893714 -35.365231
v 52.094891 -9.630224 -36.110275
v 51.769173 -10.379368 -36.843474
v 51.477131 -11.194204 -37.500865
v 51.247182 -12.127791 -38.018487
v 51.095899 -13.340571 -38.359027
v 51.005129 -14.755480 -38.563352
v 50.951194 -16.069324 -38.684762
v 50.910413 -16.978908 -38.776560
v 56.342422 -2.831276 -45.681843
v 56.304059 -1.742066 -45.765247
v 56.243002 0.019245 -45.897990
v 56.214365 2.093820 -45.960249
v 56.273261 4.109974 -45.832206
v 56.440221 5.992949 -45.469221
v 56.683909 7.849366 -44.939427
v 56.981628 9.567773 -44.292163
v 57.310687 11.035027 -43.576765
v 57.685133 12.174575 -42.762692
v 58.110370 12.963120 -41.838197
v 58.550736 13.374956 -40.880809
v 58.970570 13.395314 -39.968061
v 59.385811 12.955350 -39.065297
v 59.806995 12.055966 -38.149612
v 60.190356 10.807382 -37.316156
v 60.492129 9.333880 -36.660081
v 60.705017 7.687207 -36.197246
v 60.850905 5.861611 -35.880075
v 60.929793 3.910627 -35.708567
v 60.941680 1.892759 -35.682724
v 60.880894 -0.185034 -35.814878
v 60.749324 -2.246972 -36.100920
v 60.558319 -4.134161 -36.516179
v 60.319224 -5.696151 -37.035988
v 60.008807 -6.832710 -37.710858
v 59.629768 -7.593888 -38.534916
v 59.232358 -8.214493 -39.398914
v 58.866827 -8.898297 -40.193605
v 58.526962 -9.635188 -40.932496
v 58.192500 -10.384717 -41.659641
v 57.892619 -11.199973 -42.311604
v 57.656496 -12.134042 -42.824952
v 57.501152 -13.347446 -43.162681
v 57.407946 -14.763084 -43.365318
v 57.352562 -16.077605 -43.485725
v 57.310687 -16.987658 -43.576765
v 62.722867 -2.817027 -50.452927
v 62.683718 -1.723674 -50.535177
v 62.621411 0.057081 -50.666083
v 62.592187 2.166552 -50.727481
v 62.652289 4.232275 -50.601210
v 62.822669 6.176376 -50.243246
v 63.071347 8.100811 -49.720782
v 63.375164 9.890164 -49.082472
v 63.710961 11.427210 -48.376971
v 64.093076 12.631265 -47.574160
v 64.527021 13.475046 -46.662454
v 64.976405 13.929510 -45.718311
v 65.404836 13.977351 -44.818189
v 65.828581 13.548459 -43.927914
v 66.258391 12.643213 -43.024897
v 66.649603 11.371884 -42.202971
v 66.957555 9.859827 -41.555972
v 67.174804 8.161218 -41.099540
v 67.323679 6.273855 -40.786756
v 67.404183 4.255152 -40.617622
v 67.416313 2.167851 -40.592136
v 67.354282 0.023532 -40.722462
v 67.220018 -2.097905 -41.004546
v 67.025101 -4.034280 -41.414061
v 66.781110 -5.632470 -41.926679
v 66.464336 -6.790169 -42.592213
v 66.077534 -7.555668 -43.404871
v 65.671986 -8.173150 -44.256916
v 65.298969 -8.853512 -45.040613
v 64.952144 -9.586693 -45.769283
v 64.610832 -10.332451 -46.486368
v 64.304810 -11.143604 -47.129312
v 64.063852 -12.072971 -47.635558
v 63.905327 -13.280268 -47.968615
v 63.810212 -14.688781 -48.168449
v 63.753694 -15.996686 -48.287190
v 63.710961 -16.902159 -48.376971
vt 0.68140383 1.00690613
vt 0.68140383 1.00578272
vt 0.68140383 1.00396489
vt 0.68140383 1.00182829
vt 0.68140383 0.99974637
vt 0.68140383 0.99776383
vt 0.68140383 0.99576132
vt 0.68140383 0.99384900
vt 0.68140383 0.99213985
vt 0.68140383 0.99065763
vt 0.68140383 0.98934997
vt 0.68140383 0.98820883
vt 0.68140383 0.98719999
vt 0.68140383 0.98610533
vt 0.68140383 0.98473459
vt 0.68140383 0.98315330
vt 0.68140383 0.98147081
vt 0.68140383 0.97969772
vt 0.68140383 0.97778272
vt 0.68140383 0.97576165
vt 0.68140383 0.97368038
vt 0.68140383 0.97153308
vt 0.68140383 0.96938446
vt 0.68140383 0.96738650
vt 0.68140383 0.96567809
vt 0.68140383 0.96429052
vt 0.68140383 0.96308988
vt 0.68140383 0.96194201
vt 0.68140383 0.96081766
vt 0.68140383 0.95970445
vt 0.68140383 0.95859179
vt 0.68140383 0.95748730
vt 0.68140383 0.95637291
vt 0.68140383 0.95507215
vt 0.68140383 0.95360124
vt 0.68140383 0.95224477
vt 0.68140383 0.95130481
vt 0.69702883 1.00721954
vt 0.69702883 1.00608613
vt 0.69702883 1.00425251
vt 0.69702883 1.00209772
vt 0.69702883 0.99999858
vt 0.69702883 0.99800003
vt 0.69702883 0.99598148
vt 0.69702883 0.99405394
vt 0.69702883 0.99233127
vt 0.69702883 0.99083722
vt 0.69702883 0.98951872
vt 0.69702883 0.98836763
vt 0.69702883 0.98734956
vt 0.69702883 0.98624473
vt 0.69702883 0.98486163
vt 0.69702883 0.98326657
vt 0.69702883 0.98156995
vt 0.69702883 0.97978242
vt 0.69702883 0.97785204
vt 0.69702883 0.97581487
vt 0.69702883 0.97371701
vt 0.69702883 0.97155243
vt 0.69702883 0.96938627
vt 0.69702883 0.96737179
vt 0.69702883 0.96564901
vt 0.69702883 0.96424942
vt 0.69702883 0.96303793
vt 0.69702883 0.96187952
vt 0.69702883 0.96074485
vt 0.69702883 0.95962142
vt 0.69702883 0.95849854
vt 0.69702883 0.95738392
vt 0.69702883 0.95625930
vt 0.69702883 0.95494660
vt 0.69702883 0.95346219
vt 0.69702883 0.95209327
vt 0.69702883 0.95114468
vt 0.71265383 1.00772606
vt 0.71265383 1.00656990
vt 0.71265383 1.00470350
vt 0.71265383 1.00251407
vt 0.71265383 1.00038608
vt 0.71265383 0.99836399
vt 0.71265383 0.99632299
vt 0.71265383 0.99437499
vt 0.71265383 0.99263480
vt 0.71265383 0.99112440
vt 0.71265383 0.98978753
vt 0.71265383 0.98861548
vt 0.71265383 0.98757440
vt 0.71265383 0.98644327
vt 0.71265383 0.98503092
vt 0.71265383 0.98340704
vt 0.71265383 0.98168496
vt 0.71265383 0.97987505
vt 0.71265383 0.97792289
vt 0.71265383 0.97586386
vt 0.71265383 0.97374353
vt 0.71265383 0.97155409
vt 0.71265383 0.96936058
vt 0.71265383 0.96731838
vt 0.71265383 0.96556956
vt 0.71265383 0.96414530
vt 0.71265383 0.96290792
vt 0.71265383 0.96172315
vt 0.71265383 0.96056265
vt 0.71265383 0.95941365
vt 0.71265383 0.95826522
vt 0.71265383 0.95712523
vt 0.71265383 0.95597501
vt 0.71265383 0.95463243
vt 0.71265383 0.95311424
vt 0.71265383 0.95171416
vt 0.71265383 0.95074398
vt 0.72827883 1.00839264
vt 0.72827883 1.00720210
vt 0.72827883 1.00528772
vt 0.72827883 1.00304919
vt 0.72827883 1.00088264
vt 0.72827883 0.99883127
vt 0.72827883 0.99676311
vt 0.72827883 0.99479102
vt 0.72827883 0.99303063
vt 0.72827883 0.99150039
vt 0.72827883 0.99013842
vt 0.72827883 0.98893511
vt 0.72827883 0.98785809
vt 0.72827883 0.98668562
vt 0.72827883 0.98522848
vt 0.72827883 0.98356222
vt 0.72827883 0.98180489
vt 0.72827883 0.97996624
vt 0.72827883 0.97798758
vt 0.72827883 0.97590277
vt 0.72827883 0.97375594
vt 0.72827883 0.97153596
vt 0.72827883 0.96930723
vt 0.72827883 0.96722796
vt 0.72827883 0.96544301
vt 0.72827883 0.96398274
vt 0.72827883 0.96270563
vt 0.72827883 0.96147984
vt 0.72827883 0.96027915
vt 0.72827883 0.95909037
vt 0.72827883 0.95790217
vt 0.72827883 0.95672270
vt 0.72827883 0.95553266
vt 0.72827883 0.95414359
vt 0.72827883 0.95257283
vt 0.72827883 0.95112428
vt 0.72827883 0.95012050
vt 0.74390383 1.00918224
vt 0.74390383 1.00794712
vt 0.74390383 1.00597171
vt 0.74390383 1.00367211
vt 0.74390383 1.00145954
vt 0.74390383 0.99937510
vt 0.74390383 0.99727700
vt 0.74390383 0.99527883
vt 0.74390383 0.99349689
vt 0.74390383 0.99194422
vt 0.74390383 0.99055109
vt 0.74390383 0.98930699
vt 0.74390383 0.98818216
vt 0.74390383 0.98695481
vt 0.74390383 0.98543912
vt 0.74390383 0.98371875
vt 0.74390383 0.98191813
vt 0.74390383 0.98004617
vt 0.74390383 0.97803819
vt 0.74390383 0.97592564
vt 0.74390383 0.97375035
vt 0.74390383 0.97149635
vt 0.74390383 0.96922676
vt 0.74390383 0.96710318
vt 0.74390383 0.96527385
vt 0.74390383 0.96376781
vt 0.74390383 0.96243870
vt 0.74390383 0.96115878
vt 0.74390383 0.95990507
vt 0.74390383 0.95866379
vt 0.74390383 0.95742312
vt 0.74390383 0.95619156
vt 0.74390383 0.95494897
vt 0.74390383 0.95349855
vt 0.74390383 0.95185842
vt 0.74390383 0.95034590
vt 0.74390383 0.94929780
vt 0.75952883 1.01006459
vt 0.75952883 1.00877629
vt 0.75952883 1.00672913
vt 0.75952883 1.00435886
vt 0.75952883 1.00209478
vt 0.75952883 0.99997503
vt 0.75952883 0.99784554
vt 0.75952883 0.99582040
vt 0.75952883 0.99401628
vt 0.75952883 0.99243897
vt 0.75952883 0.99100901
vt 0.75952883 0.98971531
vt 0.75952883 0.98853209
vt 0.75952883 0.98723817
vt 0.75952883 0.98565222
vt 0.75952883 0.98386794
vt 0.75952883 0.98201766
vt 0.75952883 0.98010922
vt 0.75952883 0.97807049
vt 0.75952883 0.97592969
vt 0.75952883 0.97372546
vt 0.75952883 0.97143561
vt 0.75952883 0.96912136
vt 0.75952883 0.96694808
vt 0.75952883 0.96506787
vt 0.75952883 0.96350796
vt 0.75952883 0.96211639
vt 0.75952883 0.96077111
vt 0.75952883 0.95945337
vt 0.75952883 0.95814870
vt 0.75952883 0.95684467
vt 0.75952883 0.95555022
vt 0.75952883 0.95424417
vt 0.75952883 0.95271969
vt 0.75952883 0.95099580
vt 0.75952883 0.94940603
vt 0.75952883 0.94830441
vt 0.77515383 1.01102600
vt 0.77515383 1.00967758
vt 0.77515383 1.00755001
vt 0.77515383 1.00510140
vt 0.77515383 1.00278145
vt 0.77515383 1.00062457
vt 0.77515383 0.99846242
vt 0.77515383 0.99640931
vt 0.77515383 0.99458197
vt 0.77515383 0.99297736
vt 0.77515383 0.99150487
vt 0.77515383 0.99015353
vt 0.77515383 0.98890297
vt 0.77515383 0.98753298
vt 0.77515383 0.98586728
vt 0.77515383 0.98401110
vt 0.77515383 0.98210587
vt 0.77515383 0.98015835
vt 0.77515383 0.97808775
vt 0.77515383 0.97591836
vt 0.77515383 0.97368492
vt 0.77515383 0.97135784
vt 0.77515383 0.96899589
vt 0.77515383 0.96676856
vt 0.77515383 0.96483218
vt 0.77515383 0.96321179
vt 0.77515383 0.96174929
vt 0.77515383 0.96032955
vt 0.77515383 0.95893889
vt 0.77515383 0.95756202
vt 0.77515383 0.95618582
vt 0.77515383 0.95481974
vt 0.77515383 0.95344141
vt 0.77515383 0.95183256
vt 0.77515383 0.95001327
vt 0.77515383 0.94833552
vt 0.77515383 0.94717293
vt 0.79077883 1.01207552
vt 0.79077883 1.01066163
vt 0.79077883 1.00844664
vt 0.79077883 1.00591302
vt 0.79077883 1.00353270
vt 0.79077883 1.00133581
vt 0.79077883 0.99913830
vt 0.79077883 0.99705459
vt 0.79077883 0.99520124
vt 0.79077883 0.99356525
vt 0.79077883 0.99204423
vt 0.79077883 0.99062820
vt 0.79077883 0.98930334
vt 0.79077883 0.98785030
vt 0.79077883 0.98609764
vt 0.79077883 0.98416302
vt 0.79077883 0.98219791
vt 0.79077883 0.98020804
vt 0.79077883 0.97810320
vt 0.79077883 0.97590333
vt 0.79077883 0.97363880
vt 0.79077883 0.97127182
vt 0.79077883 0.96885843
vt 0.79077883 0.96657257
vt 0.79077883 0.96457512
vt 0.79077883 0.96288878
vt 0.79077883 0.96134894
vt 0.79077883 0.95984801
vt 0.79077883 0.95837783
vt 0.79077883 0.95692222
vt 0.79077883 0.95546732
vt 0.79077883 0.95402311
vt 0.79077883 0.95256596
vt 0.79077883 0.95086511
vt 0.79077883 0.94894178
vt 0.79077883 0.94716809
vt 0.79077883 0.94593901
vt 0.80640383 1.01324583
vt 0.80640383 1.01176258
vt 0.80640383 1.00945421
vt 0.80640383 1.00682894
vt 0.80640383 1.00438221
vt 0.80640383 1.00213975
vt 0.80640383 0.99990109
vt 0.80640383 0.99778092
vt 0.80640383 0.99589575
vt 0.80640383 0.99422228
vt 0.80640383 0.99264637
vt 0.80640383 0.99115996
vt 0.80640383 0.98975623
vt 0.80640383 0.98821590
vt 0.80640383 0.98637134
vt 0.80640383 0.98435284
vt 0.80640383 0.98232243
vt 0.80640383 0.98028498
vt 0.80640383 0.97814064
vt 0.80640383 0.97590494
vt 0.80640383 0.97360386
vt 0.80640383 0.97119119
vt 0.80640383 0.96872028
vt 0.80640383 0.96636994
vt 0.80640383 0.96430608
vt 0.80640383 0.96254908
vt 0.80640383 0.96092755
vt 0.80640383 0.95934117
vt 0.80640383 0.95778727
vt 0.80640383 0.95624879
vt 0.80640383 0.95471105
vt 0.80640383 0.95318462
vt 0.80640383 0.95164450
vt 0.80640383 0.94984681
vt 0.80640383 0.94781397
vt 0.80640383 0.94593930
vt 0.80640383 0.94464024
vt 0.82202883 1.01458865
vt 0.82202883 1.01303342
vt 0.82202883 1.01062626
vt 0.82202883 1.00790180
vt 0.82202883 1.00537986
vt 0.82202883 1.00308222
vt 0.82202883 1.00079218
vt 0.82202883 0.99862528
vt 0.82202883 0.99669862
vt 0.82202883 0.99497921
vt 0.82202883 0.99334202
vt 0.82202883 0.99178133
vt 0.82202883 0.99029694
vt 0.82202883 0.98866798
vt 0.82202883 0.98672877
vt 0.82202883 0.98462168
vt 0.82202883 0.98251937
vt 0.82202883 0.98042608
vt 0.82202883 0.97823265
vt 0.82202883 0.97595073
vt 0.82202883 0.97360243
vt 0.82202883 0.97113353
vt 0.82202883 0.96859527
vt 0.82202883 0.96617198
vt 0.82202883 0.96403511
vt 0.82202883 0.96220313
vt 0.82202883 0.96049758
vt 0.82202883 0.95882400
vt 0.82202883 0.95718470
vt 0.82202883 0.95556165
vt 0.82202883 0.95393939
vt 0.82202883 0.95232905
vt 0.82202883 0.95070428
vt 0.82202883 0.94880778
vt 0.82202883 0.94666320
vt 0.82202883 0.94468548
vt 0.82202883 0.94331502
vt 0.83765383 1.01616561
vt 0.83765383 1.01453695
vt 0.83765383 1.01202573
vt 0.83765383 1.00919313
vt 0.83765383 1.00658370
vt 0.83765383 1.00421642
vt 0.83765383 1.00185959
vt 0.83765383 0.99963074
vt 0.83765383 0.99764873
vt 0.83765383 0.99587274
vt 0.83765383 0.99416823
vt 0.83765383 0.99253154
vt 0.83765383 0.99096765
vt 0.83765383 0.98925170
vt 0.83765383 0.98721717
vt 0.83765383 0.98501729
vt 0.83765383 0.98283490
vt 0.83765383 0.98067388
vt 0.83765383 0.97841671
vt 0.83765383 0.97607224
vt 0.83765383 0.97365982
vt 0.83765383 0.97111852
vt 0.83765383 0.96849853
vt 0.83765383 0.96599058
vt 0.83765383 0.96377245
vt 0.83765383 0.96186135
vt 0.83765383 0.96007139
vt 0.83765383 0.95831138
vt 0.83765383 0.95658742
vt 0.83765383 0.95488054
vt 0.83765383 0.95317451
vt 0.83765383 0.95148101
vt 0.83765383 0.94977233
vt 0.83765383 0.94777788
vt 0.83765383 0.94552255
vt 0.83765383 0.94344269
vt 0.83765383 0.94200146
vt 0.85327883 1.01803642
vt 0.85327883 1.01633398
vt 0.85327883 1.01371355
vt 0.85327883 1.01076234
vt 0.85327883 1.00804969
vt 0.85327883 1.00559357
vt 0.85327883 1.00314954
vt 0.85327883 1.00083876
vt 0.85327883 0.99878367
vt 0.85327883 0.99693861
vt 0.85327883 0.99516130
vt 0.85327883 0.99344915
vt 0.85327883 0.99180987
vt 0.85327883 0.99001139
vt 0.85327883 0.98788290
vt 0.85327883 0.98558652
vt 0.85327883 0.98331431
vt 0.85327883 0.98107012
vt 0.85327883 0.97872958
vt 0.85327883 0.97630033
vt 0.85327883 0.97380083
vt 0.85327883 0.97116537
vt 0.85327883 0.96844476
vt 0.85327883 0.96583730
vt 0.85327883 0.96352797
vt 0.85327883 0.96153378
vt 0.85327883 0.95966089
vt 0.85327883 0.95781762
vt 0.85327883 0.95601212
vt 0.85327883 0.95422451
vt 0.85327883 0.95243777
vt 0.85327883 0.95066417
vt 0.85327883 0.94887466
vt 0.85327883 0.94678588
vt 0.85327883 0.94442387
vt 0.85327883 0.94224563
vt 0.85327883 0.94073623
vt 0.86890383 1.02024584
vt 0.86890383 1.01847040
vt 0.86890383 1.01573603
vt 0.86890383 1.01265490
vt 0.86890383 1.00982074
vt 0.86890383 1.00725292
vt 0.86890383 1.00469730
vt 0.86890383 1.00228084
vt 0.86890383 1.00013185
vt 0.86890383 0.99820375
vt 0.86890383 0.99634872
vt 0.86890383 0.99456362
vt 0.86890383 0.99285563
vt 0.86890383 0.99098170
vt 0.86890383 0.98876257
vt 0.86890383 0.98636662
vt 0.86890383 0.98399385
vt 0.86890383 0.98164832
vt 0.86890383 0.97920087
vt 0.86890383 0.97666002
vt 0.86890383 0.97404565
vt 0.86890383 0.97128990
vt 0.86890383 0.96844637
vt 0.86890383 0.96572221
vt 0.86890383 0.96331064
vt 0.86890383 0.96122973
vt 0.86890383 0.95927717
vt 0.86890383 0.95735609
vt 0.86890383 0.95547436
vt 0.86890383 0.95361128
vt 0.86890383 0.95174911
vt 0.86890383 0.94990063
vt 0.86890383 0.94803558
vt 0.86890383 0.94585861
vt 0.86890383 0.94339688
vt 0.86890383 0.94112669
vt 0.86890383 0.93955356
vt 0.88452883 1.02281095
vt 0.88452883 1.02096455
vt 0.88452883 1.01811259
vt 0.88452883 1.01489059
vt 0.88452883 1.01191580
vt 0.88452883 1.00921174
vt 0.88452883 1.00651825
vt 0.88452883 1.00397038
vt 0.88452883 1.00170486
vt 0.88452883 0.99967870
vt 0.88452883 0.99774122
vt 0.88452883 0.99588701
vt 0.88452883 0.99411900
vt 0.88452883 0.99217891
vt 0.88452883 0.98987435
vt 0.88452883 0.98737688
vt 0.88452883 0.98489271
vt 0.88452883 0.98242654
vt 0.88452883 0.97984681
vt 0.88452883 0.97716529
vt 0.88452883 0.97440592
vt 0.88452883 0.97150180
vt 0.88452883 0.96851162
vt 0.88452883 0.96565283
vt 0.88452883 0.96312791
vt 0.88452883 0.96095747
vt 0.88452883 0.95893024
vt 0.88452883 0.95693881
vt 0.88452883 0.95498816
vt 0.88452883 0.95305685
vt 0.88452883 0.95112649
vt 0.88452883 0.94921031
vt 0.88452883 0.94727695
vt 0.88452883 0.94502025
vt 0.88452883 0.94246837
vt 0.88452883 0.94011503
vt 0.88452883 0.93848429
vt 0.90015383 1.02570953
vt 0.90015383 1.02379568
vt 0.90015383 1.02082451
vt 0.90015383 1.01745274
vt 0.90015383 1.01431983
vt 0.90015383 1.01145612
vt 0.90015383 1.00859934
vt 0.90015383 1.00589488
vt 0.90015383 1.00349030
vt 0.90015383 1.00135079
vt 0.90015383 0.99932607
vt 0.90015383 0.99740714
vt 0.90015383 0.99558903
vt 0.90015383 0.99359385
vt 0.90015383 0.99121096
vt 0.90015383 0.98861168
vt 0.90015383 0.98600663
vt 0.90015383 0.98340157
vt 0.90015383 0.98066519
vt 0.90015383 0.97781497
vt 0.90015383 0.97488158
vt 0.90015383 0.97180222
vt 0.90015383 0.96864312
vt 0.90015383 0.96563326
vt 0.90015383 0.96298531
vt 0.90015383 0.96072396
vt 0.90015383 0.95862874
vt 0.90015383 0.95657616
vt 0.90015383 0.95456562
vt 0.90015383 0.95257501
vt 0.90015383 0.95058538
vt 0.90015383 0.94861037
vt 0.90015383 0.94661765
vt 0.90015383 0.94429166
vt 0.90015383 0.94166143
vt 0.90015383 0.93923584
vt 0.90015383 0.93755502
vt 0.91577883 1.02887134
vt 0.91577883 1.02689524
vt 0.91577883 1.02380637
vt 0.91577883 1.02027998
vt 0.91577883 1.01697585
vt 0.91577883 1.01393345
vt 0.91577883 1.01089223
vt 0.91577883 1.00800971
vt 0.91577883 1.00544622
vt 0.91577883 1.00317929
vt 0.91577883 1.00106268
vt 0.91577883 0.99908343
vt 0.91577883 0.99722561
vt 0.91577883 0.99518757
vt 0.91577883 0.99273532
vt 0.91577883 0.99003642
vt 0.91577883 0.98730397
vt 0.91577883 0.98454544
vt 0.91577883 0.98163239
vt 0.91577883 0.97859025
vt 0.91577883 0.97545885
vt 0.91577883 0.97218241
vt 0.91577883 0.96883681
vt 0.91577883 0.96566349
vt 0.91577883 0.96288604
vt 0.91577883 0.96053460
vt 0.91577883 0.95837970
vt 0.91577883 0.95627661
vt 0.91577883 0.95421660
vt 0.91577883 0.95217701
vt 0.91577883 0.95013842
vt 0.91577883 0.94811481
vt 0.91577883 0.94607306
vt 0.91577883 0.94368984
vt 0.91577883 0.94099489
vt 0.91577883 0.93850961
vt 0.91577883 0.93678744
vt 0.93140383 1.03217444
vt 0.93140383 1.03014317
vt 0.93140383 1.02694228
vt 0.93140383 1.02326241
vt 0.93140383 1.01978113
vt 0.93140383 1.01654873
vt 0.93140383 1.01330968
vt 0.93140383 1.01023481
vt 0.93140383 1.00749844
vt 0.93140383 1.00509349
vt 0.93140383 1.00288152
vt 0.93140383 1.00084629
vt 0.93140383 0.99895900
vt 0.93140383 0.99689096
vt 0.93140383 0.99438015
vt 0.93140383 0.99158702
vt 0.93140383 0.98872543
vt 0.93140383 0.98580519
vt 0.93140383 0.98270318
vt 0.93140383 0.97945454
vt 0.93140383 0.97611006
vt 0.93140383 0.97262342
vt 0.93140383 0.96908170
vt 0.93140383 0.96573927
vt 0.93140383 0.96283082
vt 0.93140383 0.96039315
vt 0.93140383 0.95818838
vt 0.93140383 0.95604650
vt 0.93140383 0.95394848
vt 0.93140383 0.95187127
vt 0.93140383 0.94979507
vt 0.93140383 0.94773413
vt 0.93140383 0.94565472
vt 0.93140383 0.94322753
vt 0.93140383 0.94048286
vt 0.93140383 0.93795173
vt 0.93140383 0.93619779
vt 0.94702883 1.03544891
vt 0.94702883 1.03337156
vt 0.94702883 1.03006931
vt 0.94702883 1.02624465
vt 0.94702883 1.02258978
vt 0.94702883 1.01916662
vt 0.94702883 1.01572736
vt 0.94702883 1.01245636
vt 0.94702883 1.00954218
vt 0.94702883 1.00699492
vt 0.94702883 1.00468705
vt 0.94702883 1.00260067
vt 0.94702883 1.00069373
vt 0.94702883 0.99860859
vt 0.94702883 0.99605174
vt 0.94702883 0.99317370
vt 0.94702883 0.99018755
vt 0.94702883 0.98710612
vt 0.94702883 0.98381350
vt 0.94702883 0.98035562
vt 0.94702883 0.97679530
vt 0.94702883 0.97309724
vt 0.94702883 0.96936058
vt 0.94702883 0.96585231
vt 0.94702883 0.96281791
vt 0.94702883 0.96030157
vt 0.94702883 0.95805819
vt 0.94702883 0.95588990
vt 0.94702883 0.95376602
vt 0.94702883 0.95166320
vt 0.94702883 0.94956141
vt 0.94702883 0.94747506
vt 0.94702883 0.94537001
vt 0.94702883 0.94291290
vt 0.94702883 0.94013440
vt 0.94702883 0.93757207
vt 0.94702883 0.93579651
vt 0.96265383 1.03848900
vt 0.96265383 1.03637663
vt 0.96265383 1.03298911
vt 0.96265383 1.02903686
vt 0.96265383 1.02522295
vt 0.96265383 1.02162085
vt 0.96265383 1.01799223
vt 0.96265383 1.01453431
vt 0.96265383 1.01144914
vt 0.96265383 1.00876422
vt 0.96265383 1.00636498
vt 0.96265383 1.00423384
vt 0.96265383 1.00231655
vt 0.96265383 1.00022680
vt 0.96265383 0.99763797
vt 0.96265383 0.99468868
vt 0.96265383 0.99159005
vt 0.96265383 0.98835834
vt 0.96265383 0.98488613
vt 0.96265383 0.98123035
vt 0.96265383 0.97746590
vt 0.96265383 0.97356925
vt 0.96265383 0.96965146
vt 0.96265383 0.96599109
vt 0.96265383 0.96284340
vt 0.96265383 0.96026012
vt 0.96265383 0.95799056
vt 0.96265383 0.95580856
vt 0.96265383 0.95367125
vt 0.96265383 0.95155512
vt 0.96265383 0.94944004
vt 0.96265383 0.94734049
vt 0.96265383 0.94522213
vt 0.96265383 0.94274948
vt 0.96265383 0.93995340
vt 0.96265383 0.93737486
vt 0.96265383 0.93558807
vt 0.97827883 1.04107292
vt 0.97827883 1.03893835
vt 0.97827883 1.03548699
vt 0.97827883 1.03143298
vt 0.97827883 1.02748599
vt 0.97827883 1.02373003
vt 0.97827883 1.01993712
vt 0.97827883 1.01631569
vt 0.97827883 1.01307954
vt 0.97827883 1.01027232
vt 0.97827883 1.00779308
vt 0.97827883 1.00562627
vt 0.97827883 1.00370770
vt 0.97827883 1.00162499
vt 0.97827883 0.99901947
vt 0.97827883 0.99601700
vt 0.97827883 0.99282584
vt 0.97827883 0.98946582
vt 0.97827883 0.98583844
vt 0.97827883 0.98201092
vt 0.97827883 0.97806940
vt 0.97827883 0.97400171
vt 0.97827883 0.96992988
vt 0.97827883 0.96614206
vt 0.97827883 0.96290162
vt 0.97827883 0.96026739
vt 0.97827883 0.95798501
vt 0.97827883 0.95580189
vt 0.97827883 0.95366347
vt 0.97827883 0.95154626
vt 0.97827883 0.94943009
vt 0.97827883 0.94732946
vt 0.97827883 0.94521000
vt 0.97827883 0.94273608
vt 0.97827883 0.93993856
vt 0.97827883 0.93735869
vt 0.97827883 0.93557098
vt 0.99390383 1.04298737
vt 0.99390383 1.04084481
vt 0.99390383 1.03735571
vt 0.99390383 1.03323360
vt 0.99390383 1.02919011
vt 0.99390383 1.02531792
vt 0.99390383 1.02139942
vt 0.99390383 1.01765168
vt 0.99390383 1.01429760
vt 0.99390383 1.01139454
vt 0.99390383 1.00885432
vt 0.99390383 1.00666451
vt 0.99390383 1.00475372
vt 0.99390383 1.00268857
vt 0.99390383 1.00008244
vt 0.99390383 0.99704885
vt 0.99390383 0.99379255
vt 0.99390383 0.99033669
vt 0.99390383 0.98659125
vt 0.99390383 0.98263219
vt 0.99390383 0.97855507
vt 0.99390383 0.97435785
vt 0.99390383 0.97017147
vt 0.99390383 0.96629110
vt 0.99390383 0.96298581
vt 0.99390383 0.96032049
vt 0.99390383 0.95803919
vt 0.99390383 0.95586705
vt 0.99390383 0.95373940
vt 0.99390383 0.95163285
vt 0.99390383 0.94952732
vt 0.99390383 0.94743727
vt 0.99390383 0.94532848
vt 0.99390383 0.94286701
vt 0.99390383 0.94008357
vt 0.99390383 0.93751669
vt 0.99390383 0.93573797
vn -0.197278 -0.082035 -0.976909
vn -0.197292 -0.081202 -0.976976
vn -0.197651 -0.054504 -0.978756
vn -0.197916 0.017252 -0.980067
vn -0.196165 0.133798 -0.971400
vn -0.191771 0.247814 -0.949638
vn -0.186680 0.332536 -0.924430
vn -0.179981 0.416259 -0.891255
vn -0.167672 0.531494 -0.830302
vn -0.142567 0.693732 -0.705982
vn -0.101640 0.858105 -0.503315
vn -0.042287 0.976915 -0.209403
vn 0.041196 0.978103 0.204002
vn 0.111821 0.825154 0.553729
vn 0.149009 0.658273 0.737884
vn 0.170706 0.506244 0.845326
vn 0.184763 0.358831 0.914933
vn 0.192448 0.234036 0.952991
vn 0.196070 0.137324 0.970927
vn 0.197665 0.053199 0.978825
vn 0.197869 -0.027803 0.979834
vn 0.196795 -0.107650 0.974517
vn 0.194452 -0.187044 0.962914
vn 0.190074 -0.279196 0.941234
vn 0.178800 -0.429053 0.885406
vn 0.150959 -0.646836 0.747539
vn 0.119898 -0.795683 0.593728
vn 0.116802 -0.807349 0.578398
vn 0.129152 -0.757821 0.639553
vn 0.135751 -0.727789 0.672231
vn 0.143632 -0.688102 0.711256
vn 0.160886 -0.582571 0.796698
vn 0.182081 -0.392252 0.901656
vn 0.193275 -0.215936 0.957087
vn 0.196360 -0.126295 0.972364
vn 0.196918 -0.101742 0.975127
vn 0.197945 0.000000 0.980213
vn -0.208236 -0.082057 -0.974630
vn -0.208250 -0.081234 -0.974696
vn -0.208629 -0.054536 -0.976473
vn -0.208909 0.017266 -0.977783
vn -0.207058 0.133932 -0.969118
vn -0.202408 0.248094 -0.947354
vn -0.197021 0.332931 -0.922139
vn -0.189929 0.416774 -0.888947
vn -0.176899 0.532149 -0.827964
vn -0.150338 0.694465 -0.703645
vn -0.107078 0.858697 -0.501172
vn -0.044422 0.977138 -0.207914
vn 0.043596 0.977990 0.204048
vn 0.118029 0.825164 0.552426
vn 0.157248 0.658481 0.735986
vn 0.180149 0.506560 0.843174
vn 0.194999 0.359155 0.912679
vn 0.203125 0.234290 0.950709
vn 0.206956 0.137486 0.968642
vn 0.208644 0.053263 0.976540
vn 0.208859 -0.027836 0.977549
vn 0.207724 -0.107765 0.972233
vn 0.205246 -0.187223 0.960636
vn 0.200617 -0.279429 0.938974
vn 0.188704 -0.429334 0.883212
vn 0.159306 -0.647048 0.745621
vn 0.126543 -0.795736 0.592276
vn 0.123290 -0.807349 0.577050
vn 0.136326 -0.757821 0.638062
vn 0.143292 -0.727789 0.670664
vn 0.151610 -0.688102 0.709598
vn 0.169823 -0.582571 0.794841
vn 0.192195 -0.392252 0.899555
vn 0.204011 -0.215936 0.954857
vn 0.207267 -0.126295 0.970098
vn 0.207856 -0.101742 0.972854
vn 0.208940 0.000000 0.977928
vn -0.219278 -0.082273 -0.972187
vn -0.219291 -0.081557 -0.972245
vn -0.219693 -0.054850 -0.974026
vn -0.219991 0.017399 -0.975347
vn -0.218002 0.135259 -0.966530
vn -0.212987 0.250876 -0.944297
vn -0.207165 0.336855 -0.918483
vn -0.199484 0.421888 -0.884430
vn -0.185377 0.538648 -0.821884
vn -0.156761 0.701700 -0.695013
vn -0.110595 0.864491 -0.490331
vn -0.044561 0.979276 -0.197567
vn 0.047057 0.976861 0.208632
vn 0.124261 0.825254 0.550922
vn 0.165193 0.660533 0.732398
vn 0.189301 0.509678 0.839281
vn 0.205070 0.362363 0.909197
vn 0.213765 0.236816 0.947746
vn 0.217885 0.139088 0.966013
vn 0.219704 0.053899 0.974077
vn 0.219937 -0.028157 0.975108
vn 0.218715 -0.108906 0.969692
vn 0.216059 -0.188998 0.957914
vn 0.211111 -0.281742 0.935978
vn 0.198423 -0.432102 0.879725
vn 0.167367 -0.649129 0.742038
vn 0.133107 -0.796252 0.590141
vn 0.129830 -0.807349 0.575614
vn 0.143557 -0.757821 0.636474
vn 0.150893 -0.727789 0.668995
vn 0.159652 -0.688102 0.707832
vn 0.178831 -0.582571 0.792862
vn 0.202391 -0.392252 0.897316
vn 0.214833 -0.215936 0.952480
vn 0.218262 -0.126295 0.967683
vn 0.218882 -0.101742 0.970432
vn 0.220024 0.000000 0.975494
vn -0.230402 -0.082664 -0.969578
vn -0.230412 -0.082143 -0.969620
vn -0.230837 -0.055423 -0.971413
vn -0.231157 0.017644 -0.972756
vn -0.228990 0.137706 -0.963639
vn -0.223487 0.256021 -0.940482
vn -0.217073 0.344118 -0.913489
vn -0.208579 0.431350 -0.877742
vn -0.192988 0.550628 -0.812136
vn -0.161662 0.714875 -0.680309
vn -0.112013 0.874790 -0.471376
vn -0.042606 0.982872 -0.179297
vn 0.051601 0.974774 0.217147
vn 0.130514 0.825416 0.549231
vn 0.172822 0.664235 0.727272
vn 0.198127 0.515353 0.833761
vn 0.214946 0.368254 0.904537
vn 0.224351 0.241482 0.944115
vn 0.228848 0.142059 0.963041
vn 0.230842 0.055078 0.971431
vn 0.231097 -0.028752 0.972506
vn 0.229764 -0.111015 0.966894
vn 0.226879 -0.192265 0.954756
vn 0.221537 -0.285984 0.932274
vn 0.207932 -0.437148 0.875023
vn 0.175119 -0.652884 0.736937
vn 0.139582 -0.797177 0.587389
vn 0.136421 -0.807349 0.574088
vn 0.150845 -0.757821 0.634786
vn 0.158552 -0.727789 0.667221
vn 0.167757 -0.688102 0.705955
vn 0.187909 -0.582571 0.790760
vn 0.212665 -0.392252 0.894937
vn 0.225738 -0.215936 0.949955
vn 0.229342 -0.126295 0.965118
vn 0.229993 -0.101742 0.967859
vn 0.231193 0.000000 0.972908
vn -0.241603 -0.083199 -0.966802
vn -0.241608 -0.082949 -0.966822
vn -0.242060 -0.056218 -0.968631
vn -0.242404 0.017987 -0.970009
vn -0.240016 0.141162 -0.960451
vn -0.233887 0.263322 -0.935926
vn -0.226705 0.354429 -0.907185
vn -0.217142 0.444777 -0.868921
vn -0.199617 0.567526 -0.798791
vn -0.164894 0.733087 -0.659843
vn -0.111256 0.888490 -0.445205
vn -0.038618 0.987232 -0.154534
vn 0.057148 0.971822 0.228685
vn 0.136788 0.825635 0.547372
vn 0.180136 0.669287 0.720837
vn 0.206612 0.523204 0.826783
vn 0.224602 0.376518 0.898770
vn 0.234864 0.248092 0.939835
vn 0.239835 0.146287 0.959729
vn 0.242053 0.056759 0.968602
vn 0.242337 -0.029600 0.969740
vn 0.240863 -0.114003 0.963840
vn 0.237699 -0.196871 0.951179
vn 0.231883 -0.291926 0.927906
vn 0.217218 -0.444149 0.869223
vn 0.182562 -0.658012 0.730542
vn 0.145972 -0.798431 0.584123
vn 0.143060 -0.807349 0.572469
vn 0.158185 -0.757821 0.632997
vn 0.166268 -0.727789 0.665341
vn 0.175920 -0.688102 0.703965
vn 0.197053 -0.582571 0.788531
vn 0.223013 -0.392252 0.892414
vn 0.236723 -0.215936 0.947277
vn 0.240502 -0.126295 0.962397
vn 0.241185 -0.101742 0.965131
vn 0.242443 0.000000 0.970166
vn -0.252878 -0.083838 -0.963859
vn -0.252877 -0.083919 -0.963852
vn -0.253356 -0.057184 -0.965681
vn -0.253729 0.018409 -0.967100
vn -0.251073 0.145462 -0.956976
vn -0.244171 0.272455 -0.930671
vn -0.236030 0.367337 -0.899641
vn -0.225123 0.461561 -0.858068
vn -0.205180 0.588468 -0.782053
vn -0.166394 0.755036 -0.634219
vn -0.108410 0.904160 -0.413209
vn -0.032847 0.991588 -0.125198
vn 0.063525 0.968163 0.242128
vn 0.143083 0.825893 0.545369
vn 0.187168 0.675298 0.713401
vn 0.214767 0.532705 0.818597
vn 0.234030 0.386701 0.892016
vn 0.245292 0.256343 0.934944
vn 0.250839 0.151599 0.956085
vn 0.253331 0.058877 0.965586
vn 0.253652 -0.030665 0.966809
vn 0.252007 -0.117735 0.960537
vn 0.248510 -0.202581 0.947208
vn 0.242144 -0.299236 0.922943
vn 0.226285 -0.452653 0.862496
vn 0.189727 -0.664117 0.723154
vn 0.152294 -0.799909 0.580476
vn 0.149744 -0.807349 0.570757
vn 0.165577 -0.757821 0.631104
vn 0.174037 -0.727789 0.663351
vn 0.184140 -0.688102 0.701860
vn 0.206261 -0.582571 0.786173
vn 0.233434 -0.392252 0.889745
vn 0.247785 -0.215936 0.944444
vn 0.251740 -0.126295 0.959519
vn 0.252455 -0.101742 0.962245
vn 0.253772 0.000000 0.967264
vn -0.264225 -0.084533 -0.960749
vn -0.264214 -0.084983 -0.960713
vn -0.264723 -0.058255 -0.962563
vn -0.265127 0.018882 -0.964029
vn -0.262159 0.150359 -0.953239
vn -0.254339 0.282924 -0.924806
vn -0.245048 0.382141 -0.891022
vn -0.232517 0.480770 -0.845456
vn -0.209683 0.612156 -0.762429
vn -0.166269 0.779003 -0.604573
vn -0.103798 0.920206 -0.377421
vn -0.025748 0.995275 -0.093623
vn 0.070473 0.964038 0.256249
vn 0.149405 0.826170 0.543251
vn 0.193985 0.681799 0.705351
vn 0.222644 0.543181 0.809558
vn 0.243247 0.398166 0.884474
vn 0.255637 0.265778 0.929522
vn 0.261855 0.157723 0.952132
vn 0.264675 0.061325 0.962386
vn 0.265039 -0.031893 0.963710
vn 0.263193 -0.122007 0.956997
vn 0.259314 -0.209062 0.942894
vn 0.252330 -0.307453 0.917498
vn 0.235167 -0.462072 0.855094
vn 0.196681 -0.670727 0.715152
vn 0.158576 -0.801491 0.576598
vn 0.156472 -0.807349 0.568950
vn 0.173016 -0.757821 0.629105
vn 0.181856 -0.727789 0.661250
vn 0.192414 -0.688102 0.699637
vn 0.215528 -0.582571 0.783683
vn 0.243922 -0.392252 0.886927
vn 0.258918 -0.215936 0.941453
vn 0.263050 -0.126295 0.956480
vn 0.263798 -0.101742 0.959197
vn 0.265174 0.000000 0.964201
vn -0.275639 -0.085230 -0.957475
vn -0.275619 -0.086058 -0.957407
vn -0.276158 -0.059351 -0.959278
vn -0.276593 0.019373 -0.960792
vn -0.273280 0.155513 -0.949281
vn -0.264418 0.294018 -0.918497
vn -0.253811 0.397830 -0.881653
vn -0.239412 0.501063 -0.831636
vn -0.213297 0.636821 -0.740921
vn -0.164894 0.802948 -0.572787
vn -0.098038 0.935102 -0.340549
vn -0.017965 0.997889 -0.062404
vn 0.077676 0.959773 0.269820
vn 0.155757 0.826442 0.541048
vn 0.200693 0.688274 0.697138
vn 0.230344 0.553825 0.800137
vn 0.252314 0.410079 0.876455
vn 0.265920 0.275750 0.923715
vn 0.272888 0.164252 0.947921
vn 0.276079 0.063943 0.959005
vn 0.276493 -0.033204 0.960442
vn 0.274422 -0.126528 0.953249
vn 0.270124 -0.215856 0.938317
vn 0.262472 -0.315977 0.911738
vn 0.243936 -0.471689 0.847352
vn 0.203526 -0.677315 0.706981
vn 0.164856 -0.803051 0.572654
vn 0.163241 -0.807349 0.567045
vn 0.180501 -0.757821 0.626999
vn 0.189724 -0.727789 0.659036
vn 0.200738 -0.688102 0.697295
vn 0.224852 -0.582571 0.781059
vn 0.254474 -0.392252 0.883957
vn 0.270119 -0.215936 0.938300
vn 0.274430 -0.126295 0.953277
vn 0.275210 -0.101742 0.955985
vn 0.276645 0.000000 0.960972
vn -0.287118 -0.085869 -0.954039
vn -0.287088 -0.087054 -0.953940
vn -0.287656 -0.060378 -0.955829
vn -0.288125 0.019840 -0.957387
vn -0.284447 0.160486 -0.945164
vn -0.274470 0.304792 -0.912013
vn -0.262449 0.413059 -0.872068
vn -0.246036 0.520681 -0.817531
vn -0.216432 0.660275 -0.719162
vn -0.162976 0.824726 -0.541539
vn -0.092031 0.947636 -0.305803
vn -0.010278 0.999364 -0.034153
vn 0.084779 0.955748 0.281706
vn 0.162148 0.826689 0.538789
vn 0.207431 0.694189 0.689256
vn 0.238025 0.563737 0.790914
vn 0.261342 0.421420 0.868392
vn 0.276195 0.285408 0.917746
vn 0.283956 0.170636 0.943532
vn 0.287544 0.066512 0.955455
vn 0.288011 -0.034485 0.957006
vn 0.285702 -0.130914 0.949335
vn 0.280966 -0.222384 0.933597
vn 0.272629 -0.324082 0.905894
vn 0.252705 -0.480687 0.839691
vn 0.210402 -0.683339 0.699128
vn 0.171181 -0.804462 0.568804
vn 0.170049 -0.807349 0.565040
vn 0.188028 -0.757821 0.624783
vn 0.197636 -0.727789 0.656706
vn 0.209109 -0.688102 0.694830
vn 0.234229 -0.582571 0.778298
vn 0.265086 -0.392252 0.880833
vn 0.281383 -0.215936 0.934984
vn 0.285874 -0.126295 0.949908
vn 0.286687 -0.101742 0.952607
vn 0.288182 0.000000 0.957576
vn -0.298658 -0.086397 -0.950441
vn -0.298619 -0.087881 -0.950318
vn -0.299216 -0.061240 -0.952218
vn -0.299718 0.020236 -0.953813
vn -0.295682 0.164766 -0.940970
vn -0.284605 0.314120 -0.905720
vn -0.271184 0.426232 -0.863009
vn -0.252779 0.537574 -0.804436
vn -0.219764 0.680135 -0.699371
vn -0.161542 0.842389 -0.514087
vn -0.086895 0.957068 -0.276532
vn -0.003535 0.999930 -0.011250
vn 0.091422 0.952364 0.290937
vn 0.168585 0.826889 0.536502
vn 0.214367 0.699039 0.682196
vn 0.245895 0.571998 0.782530
vn 0.270497 0.431062 0.860823
vn 0.286553 0.293751 0.911920
vn 0.295089 0.176198 0.939083
vn 0.299070 0.068758 0.951751
vn 0.299589 -0.035602 0.953404
vn 0.297047 -0.134708 0.945313
vn 0.291884 -0.227982 0.928885
vn 0.282884 -0.330966 0.900243
vn 0.261623 -0.488222 0.832582
vn 0.217473 -0.688281 0.692080
vn 0.177603 -0.805609 0.565200
vn 0.176892 -0.807349 0.562936
vn 0.195595 -0.757821 0.622455
vn 0.205589 -0.727789 0.654260
vn 0.217524 -0.688102 0.692242
vn 0.243654 -0.582571 0.775399
vn 0.275754 -0.392252 0.877552
vn 0.292706 -0.215936 0.931501
vn 0.297379 -0.126295 0.946370
vn 0.298223 -0.101742 0.949058
vn 0.299779 0.000000 0.954009
vn -0.310257 -0.086762 -0.946685
vn -0.310211 -0.088457 -0.946544
vn -0.310835 -0.061845 -0.948450
vn -0.311366 0.020517 -0.950069
vn -0.307014 0.167835 -0.936789
vn -0.294967 0.320836 -0.900032
vn -0.280316 0.435709 -0.855325
vn -0.260163 0.549673 -0.793835
vn -0.224176 0.694154 -0.684028
vn -0.161816 0.854417 -0.493748
vn -0.083819 0.963101 -0.255756
vn 0.001432 0.999989 0.004369
vn 0.097256 0.949987 0.296758
vn 0.175075 0.827026 0.534206
vn 0.221675 0.702387 0.676397
vn 0.254190 0.577772 0.775607
vn 0.279984 0.437904 0.854312
vn 0.297111 0.299748 0.906574
vn 0.306332 0.180224 0.934708
vn 0.310659 0.070388 0.947912
vn 0.311225 -0.036411 0.949639
vn 0.308476 -0.137440 0.941251
vn 0.302935 -0.231983 0.924345
vn 0.293342 -0.335849 0.895073
vn 0.270865 -0.493506 0.826489
vn 0.224913 -0.691695 0.686275
vn 0.184173 -0.806397 0.561965
vn 0.183768 -0.807349 0.560729
vn 0.203197 -0.757821 0.620015
vn 0.213580 -0.727789 0.651695
vn 0.225979 -0.688102 0.689528
vn 0.253125 -0.582571 0.772359
vn 0.286473 -0.392252 0.874112
vn 0.304084 -0.215936 0.927849
vn 0.308938 -0.126295 0.942660
vn 0.309815 -0.101742 0.945338
vn 0.311431 0.000000 0.950269
vn -0.321911 -0.086928 -0.942771
vn -0.321860 -0.088719 -0.942621
vn -0.322510 -0.062122 -0.944525
vn -0.323065 0.020646 -0.946152
vn -0.318472 0.169257 -0.932699
vn -0.305708 0.323957 -0.895318
vn -0.290156 0.440108 -0.849773
vn -0.268740 0.555275 -0.787051
vn -0.230579 0.700583 -0.675290
vn -0.164997 0.859809 -0.483223
vn -0.083906 0.965699 -0.245733
vn 0.003876 0.999928 0.011351
vn 0.101973 0.948900 0.298646
vn 0.181625 0.827088 0.531919
vn 0.229521 0.703903 0.672191
vn 0.263137 0.580407 0.770641
vn 0.290006 0.441055 0.849333
vn 0.307992 0.302531 0.902007
vn 0.317731 0.182101 0.930530
vn 0.322315 0.071149 0.943955
vn 0.322915 -0.036788 0.945713
vn 0.320010 -0.138709 0.937205
vn 0.314176 -0.233834 0.920117
vn 0.304105 -0.338097 0.890624
vn 0.280599 -0.495922 0.821782
vn 0.232885 -0.693241 0.682042
vn 0.190937 -0.806752 0.559191
vn 0.190673 -0.807349 0.558418
vn 0.210833 -0.757821 0.617460
vn 0.221606 -0.727789 0.649010
vn 0.234470 -0.688102 0.686687
vn 0.262637 -0.582571 0.769177
vn 0.297237 -0.392252 0.870510
vn 0.315510 -0.215936 0.924026
vn 0.320547 -0.126295 0.938775
vn 0.321457 -0.101742 0.941442
vn 0.323134 0.000000 0.946353
vn -0.333615 -0.086873 -0.938698
vn -0.333563 -0.088632 -0.938552
vn -0.334237 -0.062030 -0.940446
vn -0.334810 0.020603 -0.942060
vn -0.330077 0.168782 -0.928742
vn -0.316941 0.322914 -0.891782
vn -0.300946 0.438638 -0.846775
vn -0.278927 0.553404 -0.784821
vn -0.239664 0.698441 -0.674346
vn -0.172000 0.858021 -0.483959
vn -0.088014 0.964845 -0.247645
vn 0.003194 0.999955 0.008987
vn 0.105315 0.949262 0.296327
vn 0.188238 0.827068 0.529647
vn 0.238032 0.703399 0.669754
vn 0.272912 0.579529 0.767896
vn 0.300722 0.440004 0.846146
vn 0.319287 0.301601 0.898383
vn 0.329321 0.181474 0.926615
vn 0.334039 0.070894 0.939889
vn 0.334656 -0.036662 0.941627
vn 0.331664 -0.138284 0.933208
vn 0.325647 -0.233216 0.916277
vn 0.315251 -0.337347 0.887025
vn 0.290954 -0.495117 0.818660
vn 0.241517 -0.692727 0.679558
vn 0.197932 -0.806634 0.556924
vn 0.197605 -0.807349 0.556003
vn 0.218498 -0.757821 0.614790
vn 0.229662 -0.727789 0.646203
vn 0.242995 -0.688102 0.683717
vn 0.272185 -0.582571 0.765850
vn 0.308043 -0.392252 0.866745
vn 0.326981 -0.215936 0.920030
vn 0.332200 -0.126295 0.934715
vn 0.333144 -0.101742 0.937371
vn 0.334881 0.000000 0.942260
vn -0.345366 -0.086593 -0.934464
vn -0.345317 -0.088191 -0.934333
vn -0.346011 -0.061565 -0.936209
vn -0.346596 0.020387 -0.937793
vn -0.341835 0.166410 -0.924909
vn -0.328706 0.317714 -0.889388
vn -0.312766 0.431304 -0.846259
vn -0.290872 0.544056 -0.787018
vn -0.251690 0.687667 -0.681004
vn -0.183234 0.848897 -0.495781
vn -0.096623 0.960373 -0.261436
vn -0.001019 0.999996 -0.002758
vn 0.107095 0.951086 0.289769
vn 0.194916 0.826963 0.527390
vn 0.247283 0.700845 0.669079
vn 0.283602 0.575106 0.767348
vn 0.312195 0.434734 0.844713
vn 0.331030 0.296961 0.895675
vn 0.341110 0.178350 0.922949
vn 0.345827 0.069629 0.935711
vn 0.346443 -0.036034 0.937379
vn 0.343439 -0.136170 0.929251
vn 0.337364 -0.230126 0.912813
vn 0.326811 -0.333586 0.884259
vn 0.301991 -0.491064 0.817103
vn 0.250881 -0.690122 0.678815
vn 0.205182 -0.806035 0.555165
vn 0.204560 -0.807349 0.553482
vn 0.226188 -0.757821 0.612002
vn 0.237745 -0.727789 0.643273
vn 0.251547 -0.688102 0.680617
vn 0.281765 -0.582571 0.762378
vn 0.318885 -0.392252 0.862815
vn 0.338489 -0.215936 0.915858
vn 0.343892 -0.126295 0.930477
vn 0.344869 -0.101742 0.933120
vn 0.346668 0.000000 0.937988
vn -0.357157 -0.086107 -0.930067
vn -0.357116 -0.087425 -0.929960
vn -0.357826 -0.060764 -0.931809
vn -0.358417 0.020017 -0.933347
vn -0.353730 0.162392 -0.921143
vn -0.340952 0.308940 -0.887867
vn -0.325516 0.418919 -0.847671
vn -0.304399 0.528205 -0.792679
vn -0.266399 0.669161 -0.693725
vn -0.198494 0.832719 -0.516894
vn -0.109747 0.951987 -0.285790
vn -0.008921 0.999690 -0.023231
vn 0.107213 0.954231 0.279192
vn 0.201659 0.826779 0.525138
vn 0.257279 0.696376 0.669976
vn 0.295183 0.567447 0.768681
vn 0.324379 0.425728 0.844709
vn 0.343179 0.289121 0.893665
vn 0.353077 0.173105 0.919441
vn 0.357671 0.067508 0.931404
vn 0.358269 -0.034981 0.932963
vn 0.355323 -0.132601 0.925290
vn 0.349306 -0.224880 0.909623
vn 0.338761 -0.327158 0.882161
vn 0.313689 -0.484067 0.816871
vn 0.260983 -0.685567 0.679622
vn 0.212692 -0.804980 0.553867
vn 0.211535 -0.807349 0.550854
vn 0.233901 -0.757821 0.609096
vn 0.245852 -0.727789 0.640219
vn 0.260124 -0.688102 0.677385
vn 0.291372 -0.582571 0.758758
vn 0.329758 -0.392252 0.858718
vn 0.350031 -0.215936 0.911510
vn 0.355618 -0.126295 0.926059
vn 0.356628 -0.101742 0.928690
vn 0.358489 0.000000 0.933534
vn -0.368982 -0.085446 -0.925500
vn -0.368952 -0.086394 -0.925425
vn -0.369676 -0.059696 -0.927241
vn -0.370266 0.019529 -0.928720
vn -0.365734 0.157169 -0.917353
vn -0.353557 0.297598 -0.886810
vn -0.338950 0.402892 -0.850171
vn -0.319081 0.507594 -0.800335
vn -0.283107 0.644673 -0.710104
vn -0.216998 0.810348 -0.544287
vn -0.126888 0.939471 -0.318267
vn -0.020369 0.998486 -0.051091
vn 0.105678 0.958422 0.265066
vn 0.208462 0.826526 0.522875
vn 0.267955 0.690278 0.672098
vn 0.307528 0.557164 0.771359
vn 0.337130 0.413873 0.845608
vn 0.355635 0.278962 0.892022
vn 0.365175 0.166369 0.915952
vn 0.369558 0.064794 0.926946
vn 0.370127 -0.033628 0.928372
vn 0.367291 -0.127986 0.921258
vn 0.361427 -0.218033 0.906550
vn 0.351027 -0.318689 0.880464
vn 0.325948 -0.474715 0.817559
vn 0.271756 -0.679356 0.681634
vn 0.220448 -0.803530 0.552939
vn 0.218526 -0.807349 0.548118
vn 0.241631 -0.757821 0.606071
vn 0.253977 -0.727789 0.637039
vn 0.268721 -0.688102 0.674021
vn 0.301002 -0.582571 0.754989
vn 0.340657 -0.392252 0.854454
vn 0.361599 -0.215936 0.906983
vn 0.367371 -0.126295 0.921460
vn 0.368415 -0.101742 0.924077
vn 0.370337 0.000000 0.928898
vn -0.380834 -0.084659 -0.920760
vn -0.380817 -0.085176 -0.920719
vn -0.381553 -0.058451 -0.922497
vn -0.382137 0.018969 -0.923911
vn -0.377808 0.151268 -0.913444
vn -0.366369 0.284875 -0.885788
vn -0.352760 0.384900 -0.852884
vn -0.334384 0.484345 -0.808454
vn -0.300923 0.616529 -0.727556
vn -0.237585 0.783324 -0.574419
vn -0.147092 0.922979 -0.355632
vn -0.034891 0.995824 -0.084358
vn 0.102622 0.963280 0.248114
vn 0.215315 0.826219 0.520578
vn 0.279182 0.682968 0.674991
vn 0.320434 0.545087 0.774727
vn 0.350251 0.400279 0.846818
vn 0.368274 0.267534 0.890393
vn 0.377352 0.158868 0.912341
vn 0.381476 0.061783 0.922312
vn 0.382009 -0.032123 0.923600
vn 0.379313 -0.122803 0.917083
vn 0.373662 -0.210263 0.903419
vn 0.363506 -0.308965 0.878865
vn 0.338614 -0.463790 0.818681
vn 0.283073 -0.671915 0.684397
vn 0.228417 -0.801774 0.552254
vn 0.225530 -0.807349 0.545274
vn 0.249375 -0.757821 0.602926
vn 0.262117 -0.727789 0.633733
vn 0.277334 -0.688102 0.670523
vn 0.310650 -0.582571 0.751071
vn 0.351575 -0.392252 0.850019
vn 0.373189 -0.215936 0.902276
vn 0.379146 -0.126295 0.916678
vn 0.380223 -0.101742 0.919282
vn 0.382206 0.000000 0.924077
vn -0.392705 -0.083801 -0.915839
vn -0.392703 -0.083863 -0.915834
vn -0.393447 -0.057127 -0.917571
vn -0.394024 0.018384 -0.918916
vn -0.389914 0.145207 -0.909330
vn -0.379242 0.271912 -0.884443
vn -0.366659 0.366569 -0.855096
vn -0.349806 0.460563 -0.815793
vn -0.318985 0.587229 -0.743915
vn -0.258978 0.753758 -0.603970
vn -0.169091 0.903273 -0.394343
vn -0.051692 0.991360 -0.120551
vn 0.098320 0.968379 0.229294
vn 0.222207 0.825879 0.518217
vn 0.290786 0.674949 0.678150
vn 0.333657 0.532149 0.778132
vn 0.363532 0.386100 0.847804
vn 0.380974 0.255853 0.888481
vn 0.389555 0.151283 0.908493
vn 0.393410 0.058750 0.917484
vn 0.393906 -0.030602 0.918641
vn 0.391360 -0.117513 0.912703
vn 0.385947 -0.202243 0.900079
vn 0.376087 -0.298805 0.877083
vn 0.351505 -0.452155 0.819756
vn 0.294757 -0.663763 0.687413
vn 0.236547 -0.799824 0.551659
vn 0.232543 -0.807349 0.542320
vn 0.257130 -0.757821 0.599660
vn 0.270268 -0.727789 0.630300
vn 0.285958 -0.688102 0.666891
vn 0.320309 -0.582571 0.747003
vn 0.362508 -0.392252 0.845415
vn 0.384793 -0.215936 0.897388
vn 0.390935 -0.126295 0.911712
vn 0.392046 -0.101742 0.914302
vn 0.394091 0.000000 0.919071
vn -0.404586 -0.082933 -0.910732
vn -0.404599 -0.082548 -0.910761
vn -0.405352 -0.055821 -0.912455
vn -0.405920 0.017816 -0.913735
vn -0.402019 0.139429 -0.904953
vn -0.392060 0.259656 -0.882535
vn -0.380419 0.349250 -0.856332
vn -0.364963 0.438035 -0.821540
vn -0.336614 0.559056 -0.757725
vn -0.280042 0.724013 -0.630382
vn -0.191515 0.881743 -0.431105
vn -0.069713 0.985147 -0.156926
vn 0.093185 0.973302 0.209761
vn 0.229123 0.825526 0.515760
vn 0.302562 0.666778 0.681075
vn 0.346954 0.519290 0.781000
vn 0.376786 0.372382 0.848153
vn 0.393635 0.244774 0.886080
vn 0.401744 0.144162 0.904334
vn 0.405349 0.055914 0.912450
vn 0.405812 -0.029174 0.913491
vn 0.403407 -0.112503 0.908078
vn 0.398226 -0.194562 0.896416
vn 0.388667 -0.288953 0.874897
vn 0.364443 -0.440656 0.820368
vn 0.306610 -0.655465 0.690185
vn 0.244772 -0.797810 0.550986
vn 0.239561 -0.807349 0.539257
vn 0.264890 -0.757821 0.596273
vn 0.278425 -0.727789 0.626740
vn 0.294588 -0.688102 0.663124
vn 0.329976 -0.582571 0.742783
vn 0.373448 -0.392252 0.840639
vn 0.396406 -0.215936 0.892319
vn 0.402734 -0.126295 0.906562
vn 0.403878 -0.101742 0.909138
vn 0.405985 0.000000 0.913880
vn -0.416469 -0.082113 -0.905434
vn -0.416496 -0.081318 -0.905493
vn -0.417257 -0.054617 -0.907146
vn -0.417818 0.017300 -0.908366
vn -0.414096 0.134274 -0.900275
vn -0.404739 0.248811 -0.879932
vn -0.393891 0.333943 -0.856348
vn -0.379604 0.418092 -0.825287
vn -0.353357 0.533826 -0.768224
vn -0.299919 0.696337 -0.652045
vn -0.213097 0.860206 -0.463288
vn -0.087752 0.977703 -0.190780
vn 0.087760 0.977699 0.190796
vn 0.236044 0.825187 0.513176
vn 0.314301 0.659014 0.683312
vn 0.360100 0.507368 0.782883
vn 0.389865 0.359984 0.847595
vn 0.406184 0.234941 0.883073
vn 0.413888 0.137899 0.899823
vn 0.417284 0.053427 0.907205
vn 0.417717 -0.027918 0.908148
vn 0.415433 -0.108059 0.903182
vn 0.410455 -0.187681 0.892358
vn 0.401162 -0.280027 0.872155
vn 0.377265 -0.430050 0.820200
vn 0.318421 -0.647588 0.692270
vn 0.253013 -0.795870 0.550069
vn 0.246580 -0.807349 0.536083
vn 0.272651 -0.757821 0.592764
vn 0.286583 -0.727789 0.623052
vn 0.303220 -0.688102 0.659222
vn 0.339645 -0.582571 0.738412
vn 0.384390 -0.392252 0.835693
vn 0.408021 -0.215936 0.887068
vn 0.414534 -0.126295 0.901227
vn 0.415712 -0.101742 0.903788
vn 0.417880 0.000000 0.908502
vn -0.428346 -0.081395 -0.899942
vn -0.428385 -0.080252 -0.900025
vn -0.429154 -0.053586 -0.901640
vn -0.429711 0.016865 -0.902809
vn -0.426125 0.129985 -0.895277
vn -0.417226 0.239852 -0.876580
vn -0.406982 0.321315 -0.855057
vn -0.393585 0.401632 -0.826911
vn -0.368957 0.512822 -0.775167
vn -0.318038 0.672590 -0.668188
vn -0.232795 0.840591 -0.489095
vn -0.104584 0.969939 -0.219727
vn 0.082683 0.981319 0.173716
vn 0.242951 0.824884 0.510432
vn 0.325794 0.652182 0.684483
vn 0.372908 0.497110 0.783468
vn 0.402660 0.349554 0.845977
vn 0.418573 0.226797 0.879409
vn 0.425968 0.132750 0.894946
vn 0.429204 0.051388 0.901745
vn 0.429616 -0.026886 0.902611
vn 0.427424 -0.104380 0.898005
vn 0.422599 -0.181935 0.887868
vn 0.413507 -0.272499 0.868767
vn 0.389836 -0.420965 0.819034
vn 0.329988 -0.640664 0.693295
vn 0.261187 -0.794140 0.548746
vn 0.253597 -0.807349 0.532800
vn 0.280410 -0.757821 0.589133
vn 0.294738 -0.727789 0.619236
vn 0.311848 -0.688102 0.655184
vn 0.349310 -0.582571 0.733890
vn 0.395329 -0.392252 0.830574
vn 0.419632 -0.215936 0.881635
vn 0.426330 -0.126295 0.895707
vn 0.427542 -0.101742 0.898252
vn 0.429772 0.000000 0.902938
f 1/1/1 38/38/38 39/39/39
f 1/1/1 39/39/39 2/2/2
f 2/2/2 39/39/39 40/40/40
f 2/2/2 40/40/40 3/3/3
f 3/3/3 40/40/40 41/41/41
f 3/3/3 41/41/41 4/4/4
f 4/4/4 41/41/41 42/42/42
f 4/4/4 42/42/42 5/5/5
f 5/5/5 42/42/42 43/43/43
f 5/5/5 43/43/43 6/6/6
f 6/6/6 43/43/43 44/44/44
f 6/6/6 44/44/44 7/7/7
f 7/7/7 44/44/44 45/45/45
f 7/7/7 45/45/45 8/8/8
f 8/8/8 45/45/45 46/46/46
f 8/8/8 46/46/46 9/9/9
f 9/9/9 46/46/46 47/47/47
f 9/9/9 47/47/47 10/10/10
f 10/10/10 47/47/47 48/48/48
f 10/10/10 48/48/48 11/11/11
f 11/11/11 48/48/48 49/49/49
f 11/11/11 49/49/49 12/12/12
f 12/12/12 49/49/49 50/50/50
f 12/12/12 50/50/50 13/13/13
f 13/13/13 50/50/50 51/51/51
f 13/13/13 51/51/51 14/14/14
f 14/14/14 51/51/51 52/52/52
f 14/14/14 52/52/52 15/15/15
f 15/15/15 52/52/52 53/53/53
f 15/15/15 53/53/53 16/16/16
f 16/16/16 53/53/53 54/54/54
f 16/16/16 54/54/54 17/17/17
f 17/17/17 54/54/54 55/55/55
f 17/17/17 55/55/55 18/18/18
f 18/18/18 55/55/55 56/56/56
f 18/18/18 56/56/56 19/19/19
f 19/19/19 56/56/56 57/57/57
f 19/19/19 57/57/57 20/20/20
f 20/20/20 57/57/57 58/58/58
f 20/20/20 58/58/58 21/21/21
f 21/21/21 58/58/58 59/59/59
f 21/21/21 59/59/59 22/22/22
f 22/22/22 59/59/59 60/60/60
f 22/22/22 60/60/60 23/23/23
f 23/23/23 60/60/60 61/61/61
f 23/23/23 61/61/61 24/24/24
f 24/24/24 61/61/61 62/62/62
f 24/24/24 62/62/62 25/25/25
f 25/25/25 62/62/62 63/63/63
f 25/25/25 63/63/63 26/26/26
f 26/26/26 63/63/63 64/64/64
f 26/26/26 64/64/64 27/27/27
f 27/27/27 64/64/64 65/65/65
f 27/27/27 65/65/65 28/28/28
f 28/28/28 65/65/65 66/66/66
f 28/28/28 66/66/66 29/29/29
f 29/29/29 66/66/66 67/67/67
f 29/29/29 67/67/67 30/30/30
f 30/30/30 67/67/67 68/68/68
f 30/30/30 68/68/68 31/31/31
f 31/31/31 68/68/68 69/69/69
f 31/31/31 69/69/69 32/32/32
f 32/32/32 69/69/69 70/70/70
f 32/32/32 70/70/70 33/33/33
f 33/33/33 70/70/70 71/71/71
f 33/33/33 71/71/71 34/34/34
f 34/34/34 71/71/71 72/72/72
f 34/34/34 72/72/72 35/35/35
f 35/35/35 72/72/72 73/73/73
f 35/35/35 73/73/73 36/36/36
f 36/36/36 73/73/73 74/74/74
f 36/36/36 74/74/74 37/37/37
f 38/38/38 75/75/75 76/76/76
f 38/38/38 76/76/76 39/39/39
f 39/39/39 76/76/76 77/77/77
f 39/39/39 77/77/77 40/40/40
f 40/40/40 77/77/77 78/78/78
f 40/40/40 78/78/78 41/41/41
f 41/41/41 78/78/78 79/79/79
f 41/41/41 79/79/79 42/42/42
f 42/42/42 79/79/79 80/80/80
f 42/42/42 80/80/80 43/43/43
f 43/43/43 80/80/80 81/81/81
f 43/43/43 81/81/81 44/44/44
f 44/44/44 81/81/81 82/82/82
f 44/44/44 82/82/82 45/45/45
f 45/45/45 82/82/82 83/83/83
f 45/45/45 83/83/83 46/46/46
f 46/46/46 83/83/83 84/84/84
f 46/46/46 84/84/84 47/47/47
f 47/47/47 84/84/84 85/85/85
f 47/47/47 85/85/85 48/48/48
f 48/48/48 85/85/85 86/86/86
f 48/48/48 86/86/86 49/49/49
f 49/49/49 86/86/86 87/87/87
f 49/49/49 87/87/87 50/50/50
f 50/50/50 87/87/87 88/88/88
f 50/50/50 88/88/88 51/51/51
f 51/51/51 88/88/88 89/89/89
f 51/51/51 89/89/89 52/52/52
f 52/52/52 89/89/89 90/90/90
f 52/52/52 90/90/90 53/53/53
f 53/53/53 90/90/90 91/91/91
f 53/53/53 91/91/91 54/54/54
f 54/54/54 91/91/91 92/92/92
f 54/54/54 92/92/92 55/55/55
f 55/55/55 92/92/92 93/93/93
f 55/55/55 93/93/93 56/56/56
f 56/56/56 93/93/93 94/94/94
f 56/56/56 94/94/94 57/57/57
f 57/57/57 94/94/94 95/95/95
f 57/57/57 95/95/95 58/58/58
f 58/58/58 95/95/95 96/96/96
f 58/58/58 96/96/96 59/59/59
f 59/59/59 96/96/96 97/97/97
f 59/59/59 97/97/97 60/60/60
f 60/60/60 97/97/97 98/98/98
f 60/60/60 98/98/98 61/61/61
f 61/61/61 98/98/98 99/99/99
f 61/61/61 99/99/99 62/62/62
f 62/62/62 99/99/99 100/100/100
f 62/62/62 100/100/100 63/63/63
f 63/63/63 100/100/100 101/101/101
f 63/63/63 101/101/101 64/64/64
f 64/64/64 101/101/101 102/102/102
f 64/64/64 102/102/102 65/65/65
f 65/65/65 102/102/102 103/103/103
f 65/65/65 103/103/103 66/66/66
f 66/66/66 103/103/103 104/104/104
f 66/66/66 104/104/104 67/67/67
f 67/67/67 104/104/104 105/105/105
f 67/67/67 105/105/105 68/68/68
f 68/68/68 105/105/105 106/106/106
f 68/68/68 106/106/106 69/69/69
f 69/69/69 106/106/106 107/107/107
f 69/69/69 107/107/107 70/70/70
f 70/70/70 107/107/107 108/108/108
f 70/70/70 108/108/108 71/71/71
f 71/71/71 108/108/108 109/109/109
f 71/71/71 109/109/109 72/72/72
f 72/72/72 109/109/109 110/110/110
f 72/72/72 110/110/110 73/73/73
f 73/73/73 110/110/110 111/111/111
f 73/73/73 111/111/111 74/74/74
f 75/75/75 112/112/112 113/113/113
f 75/75/75 113/113/113 76/76/76
f 76/76/76 113/113/113 114/114/114
f 76/76/76 114/114/114 77/77/77
f 77/77/77 114/114/114 115/115/115
f 77/77/77 115/115/115 78/78/78
f 78/78/78 115/115/115 116/116/116
f 78/78/78 116/116/116 79/79/79
f 79/79/79 116/116/116 117/117/117
f 79/79/79 117/117/117 80/80/80
f 80/80/80 117/117/117 118/118/118
f 80/80/80 118/118/118 81/81/81
f 81/81/81 118/118/118 119/119/119
f 81/81/81 119/119/119 82/82/82
f 82/82/82 119/119/119 120/120/120
f 82/82/82 120/120/120 83/83/83
f 83/83/83 120/120/120 121/121/121
f 83/83/83 121/121/121 84/84/84
f 84/84/84 121/121/121 122/122/122
f 84/84/84 122/122/122 85/85/85
f 85/85/85 122/122/122 123/123/123
f 85/85/85 123/123/123 86/86/86
f 86/86/86 123/123/123 124/124/124
f 86/86/86 124/124/124 87/87/87
f 87/87/87 124/124/124 125/125/125
f 87/87/87 125/125/125 88/88/88
f 88/88/88 125/125/125 126/126/126
f 88/88/88 126/126/126 89/89/89
f 89/89/89 126/126/126 127/127/127
f 89/89/89 127/127/127 90/90/90
f 90/90/90 127/127/127 128/128/128
f 90/90/90 128/128/128 91/91/91
f 91/91/91 128/128/128 129/129/129
f 91/91/91 129/129/129 92/92/92
f 92/92/92 129/129/129 130/130/130
f 92/92/92 130/130/130 93/93/93
f 93/93/93 130/130/130 131/131/131
f 93/93/93 131/131/131 94/94/94
f 94/94/94 131/131/131 132/132/132
f 94/94/94 132/132/132 95/95/95
f 95/95/95 132/132/132 133/133/133
f 95/95/95 133/133/133 96/96/96
f 96/96/96 133/133/133 134/134/134
f 96/96/96 134/134/134 97/97/97
f 97/97/97 134/134/134 135/135/135
f 97/97/97 135/135/135 98/98/98
f 98/98/98 135/135/135 136/136/136
f 98/98/98 136/136/136 99/99/99
f 99/99/99 136/136/136 137/137/137
f 99/99/99 137/137/137 100/100/100
f 100/100/100 137/137/137 138/138/138
f 100/100/100 138/138/138 101/101/101
f 101/101/101 138/138/138 139/139/139
f 101/101/101 139/139/139 102/102/102
f 102/102/102 139/139/139 140/140/140
f 102/102/102 140/140/140 103/103/103
f 103/103/103 140/140/140 141/141/141
f 103/103/103 141/141/141 104/104/104
f 104/104/104 141/141/141 142/142/142
f 104/104/104 142/142/142 105/105/105
f 105/105/105 142/142/142 143/143/143
f 105/105/105 143/143/143 106/106/106
f 106/106/106 143/143/143 144/144/144
f 106/106/106 144/144/144 107/107/107
f 107/107/107 144/144/144 145/145/145
f 107/107/107 145/145/145 108/108/108
f 108/108/108 145/145/145 146/146/146
f 108/108/108 146/146/146 109/109/109
f 109/109/109 146/146/146 147/147/147
f 109/109/109 147/147/147 110/110/110
f 110/110/110 147/147/147 148/148/148
f 110/110/110 148/148/148 111/111/111
f 112/112/112 149/149/149 150/150/150
f 112/112/112 150/150/150 113/113/113
f 113/113/113 150/150/150 151/151/151
f 113/113/113 151/151/151 114/114/114
f 114/114/114 151/151/151 152/152/152
f 114/114/114 152/152/152 115/115/115
f 115/115/115 152/152/152 153/153/153
f 115/115/115 153/153/153 116/116/116
f 116/116/116 153/153/153 154/154/154
f 116/116/116 154/154/154 117/117/117
f 117/117/117 154/154/154 155/155/155
f 117/117/117 155/155/155 118/118/118
f 118/118/118 155/155/155 156/156/156
f 118/118/118 156/156/156 119/119/119
f 119/119/119 156/156/156 157/157/157
f 119/119/119 157/157/157 120/120/120
f 120/120/120 157/157/157 158/158/158
f 120/120/120 158/158/158 121/121/121
f 121/121/121 158/158/158 159/159/159
f 121/121/121 159/159/159 122/122/122
f 122/122/122 159/159/159 160/160/160
f 122/122/122 160/160/160 123/123/123
f 123/123/123 160/160/160 161/161/161
f 123/123/123 161/161/161 124/124/124
f 124/124/124 161/161/161 162/162/162
f 124/124/124 162/162/162 125/125/125
f 125/125/125 162/162/162 163/163/163
f 125/125/125 163/163/163 126/126/126
f 126/126/126 163/163/163 164/164/164
f 126/126/126 164/164/164 127/127/127
f 127/127/127 164/164/164 165/165/165
f 127/127/127 165/165/165 128/128/128
f 128/128/128 165/165/165 166/166/166
f 128/128/128 166/166/166 129/129/129
f 129/129/129 166/166/166 167/167/167
f 129/129/129 167/167/167 130/130/130
f 130/130/130 167/167/167 168/168/168
f 130/130/130 168/168/168 131/131/131
f 131/131/131 168/168/168 169/169/169
f 131/131/131 169/169/169 132/132/132
f 132/132/132 169/169/169 170/170/170
f 132/132/132 170/170/170 133/133/133
f 133/133/133 170/170/170 171/171/171
f 133/133/133 171/171/171 134/134/134
f 134/134/134 171/171/171 172/172/172
f 134/134/134 172/172/172 135/135/135
f 135/135/135 172/172/172 173/173/173
f 135/135/135 173/173/173 136/136/136
f 136/136/136 173/173/173 174/174/174
f 136/136/136 174/174/174 137/137/137
f 137/137/137 174/174/174 175/175/175
f 137/137/137 175/175/175 138/138/138
f 138/138/138 175/175/175 176/176/176
f 138/138/138 176/176/176 139/139/139
f 139/139/139 176/176/176 177/177/177
f 139/139/139 177/177/177 140/140/140
f 140/140/140 177/177/177 178/178/178
f 140/140/140 178/178/178 141/141/141
f 141/141/141 178/178/178 179/179/179
f 141/141/141 179/179/179 142/142/142
f 142/142/142 179/179/179 180/180/180
f 142/142/142 180/180/180 143/143/143
f 143/143/143 180/180/180 181/181/181
f 143/143/143 181/181/181 144/144/144
f 144/144/144 181/181/181 182/182/182
f 144/144/144 182/182/182 145/145/145
f 145/145/145 182/182/182 183/183/183
f 145/145/145 183/183/183 146/146/146
f 146/146/146 183/183/183 184/184/184
f 146/146/146 184/184/184 147/147/147
f 147/147/147 184/184/184 185/185/185
f 147/147/147 185/185/185 148/148/148
f 149/149/149 186/186/186 187/187/187
f 149/149/149 187/187/187 150/150/150
f 150/150/150 187/187/187 188/188/188
f 150/150/150 188/188/188 151/151/151
f 151/151/151 188/188/188 189/189/189
f 151/151/151 189/189/189 152/152/152
f 152/152/152 189/189/189 190/190/190
f 152/152/152 190/190/190 153/153/153
f 153/153/153 190/190/190 191/191/191
f 153/153/153 191/191/191 154/154/154
f 154/154/154 191/191/191 192/192/192
f 154/154/154 192/192/192 155/155/155
f 155/155/155 192/192/192 193/193/193
f 155/155/155 193/193/193 156/156/156
f 156/156/156 193/193/193 194/194/194
f 156/156/156 194/194/194 157/157/157
f 157/157/157 194/194/194 195/195/195
f 157/157/157 195/195/195 158/158/158
f 158/158/158 195/195/195 196/196/196
f 158/158/158 196/196/196 159/159/159
f 159/159/159 196/196/196 197/197/197
f 159/159/159 197/197/197 160/160/160
f 160/160/160 197/197/197 198/198/198
f 160/160/160 198/198/198 161/161/161
f 161/161/161 198/198/198 199/199/199
f 161/161/161 199/199/199 162/162/162
f 162/162/162 199/199/199 200/200/200
f 162/162/162 200/200/200 163/163/163
f 163/163/163 200/200/200 201/201/201
f 163/163/163 201/201/201 164/164/164
f 164/164/164 201/201/201 202/202/202
f 164/164/164 202/202/202 165/165/165
f 165/165/165 202/202/202 203/203/203
f 165/165/165 203/203/203 166/166/166
f 166/166/166 203/203/203 204/204/204
f 166/166/166 204/204/204 167/167/167
f 167/167/167 204/204/204 205/205/205
f 167/167/167 205/205/205 168/168/168
f 168/168/168 205/205/205 206/206/206
f 168/168/168 206/206/206 169/169/169
f 169/169/169 206/206/206 207/207/207
f 169/169/169 207/207/207 170/170/170
f 170/170/170 207/207/207 208/208/208
f 170/170/170 208/208/208 171/171/171
f 171/171/171 208/208/208 209/209/209
f 171/171/171 209/209/209 172/172/172
f 172/172/172 209/209/209 210/210/210
f 172/172/172 210/210/210 173/173/173
f 173/173/173 210/210/210 211/211/211
f 173/173/173 211/211/211 174/174/174
f 174/174/174 211/211/211 212/212/212
f 174/174/174 212/212/212 175/175/175
f 175/175/175 212/212/212 213/213/213
f 175/175/175 213/213/213 176/176/176
f 176/176/176 213/213/213 214/214/214
f 176/176/176 214/214/214 177/177/177
f 177/177/177 214/214/214 215/215/215
f 177/177/177 215/215/215 178/178/178
f 178/178/178 215/215/215 216/216/216
f 178/178/178 216/216/216 179/179/179
f 179/179/179 216/216/216 217/217/217
f 179/179/179 217/217/217 180/180/180
f 180/180/180 217/217/217 218/218/218
f 180/180/180 218/218/218 181/181/181
f 181/181/181 218/218/218 219/219/219
f 181/181/181 219/219/219 182/182/182
f 182/182/182 219/219/219 220/220/220
f 182/182/182 220/220/220 183/183/183
f 183/183/183 220/220/220 221/221/221
f 183/183/183 221/221/221 184/184/184
f 184/184/184 221/221/221 222/222/222
f 184/184/184 222/222/222 185/185/185
f 186/186/186 223/223/223 224/224/224
f 186/186/186 224/224/224 187/187/187
f 187/187/187 224/224/224 225/225/225
f 187/187/187 225/225/225 188/188/188
f 188/188/188 225/225/225 226/226/226
f 188/188/188 226/226/226 189/189/189
f 189/189/189 226/226/226 227/227/227
f 189/189/189 227/227/227 190/190/190
f 190/190/190 227/227/227 228/228/228
f 190/190/190 228/228/228 191/191/191
f 191/191/191 228/228/228 229/229/229
f 191/191/191 229/229/229 192/192/192
f 192/192/192 229/229/229 230/230/230
f 192/192/192 230/230/230 193/193/193
f 193/193/193 230/230/230 231/231/231
f 193/193/193 231/231/231 194/194/194
f 194/194/194 231/231/231 232/232/232
f 194/194/194 232/232/232 195/195/195
f 195/195/195 232/232/232 233/233/233
f 195/195/195 233/233/233 196/196/196
f 196/196/196 233/233/233 234/234/234
f 196/196/196 234/234/234 197/197/197
f 197/197/197 234/234/234 235/235/235
f 197/197/197 235/235/235 198/198/198
f 198/198/198 235/235/235 236/236/236
f 198/198/198 236/236/236 199/199/199
f 199/199/199 236/236/236 237/237/237
f 199/199/199 237/237/237 200/200/200
f 200/200/200 237/237/237 238/238/238
f 200/200/200 238/238/238 201/201/201
f 201/201/201 238/238/238 239/239/239
f 201/201/201 239/239/239 202/202/202
f 202/202/202 239/239/239 240/240/240
f 202/202/202 240/240/240 203/203/203
f 203/203/203 240/240/240 241/241/241
f 203/203/203 241/241/241 204/204/204
f 204/204/204 241/241/241 242/242/242
f 204/204/204 242/242/242 205/205/205
f 205/205/205 242/242/242 243/243/243
f 205/205/205 243/243/243 206/206/206
f 206/206/206 243/243/243 244/244/244
f 206/206/206 244/244/244 207/207/207
f 207/207/207 244/244/244 245/245/245
f 207/207/207 245/245/245 208/208/208
f 208/208/208 245/245/245 246/246/246
f 208/208/208 246/246/246 209/209/209
f 209/209/209 246/246/246 247/247/247
f 209/209/209 247/247/247 210/210/210
f 210/210/210 247/247/247 248/248/248
f 210/210/210 248/248/248 211/211/211
f 211/211/211 248/248/248 249/249/249
f 211/211/211 249/249/249 212/212/212
f 212/212/212 249/249/249 250/250/250
f 212/212/212 250/250/250 213/213/213
f 213/213/213 250/250/250 251/251/251
f 213/213/213 251/251/251 214/214/214
f 214/214/214 251/251/251 252/252/252
f 214/214/214 252/252/252 215/215/215
f 215/215/215 252/252/252 253/253/253
f 215/215/215 253/253/253 216/216/216
f 216/216/216 253/253/253 254/254/254
f 216/216/216 254/254/254 217/217/217
f 217/217/217 254/254/254 255/255/255
f 217/217/217 255/255/255 218/218/218
f 218/218/218 255/255/255 256/256/256
f 218/218/218 256/256/256 219/219/219
f 219/219/219 256/256/256 257/257/257
f 219/219/219 257/257/257 220/220/220
f 220/220/220 257/257/257 258/258/258
f 220/220/220 258/258/258 221/221/221
f 221/221/221 258/258/258 259/259/259
f 221/221/221 259/259/259 222/222/222
f 223/223/223 260/260/260 261/261/261
f 223/223/223 261/261/261 224/224/224
f 224/224/224 261/261/261 262/262/262
f 224/224/224 262/262/262 225/225/225
f 225/225/225 262/262/262 263/263/263
f 225/225/225 263/263/263 226/226/226
f 226/226/226 263/263/263 264/264/264
f 226/226/226 264/264/264 227/227/227
f 227/227/227 264/264/264 265/265/265
f 227/227/227 265/265/265 228/228/228
f 228/228/228 265/265/265 266/266/266
f 228/228/228 266/266/266 229/229/229
f 229/229/229 266/266/266 267/267/267
f 229/229/229 267/267/267 230/230/230
f 230/230/230 267/267/267 268/268/268
f 230/230/230 268/268/268 231/231/231
f 231/231/231 268/268/268 269/269/269
f 231/231/231 269/269/269 232/232/232
f 232/232/232 269/269/269 270/270/270
f 232/232/232 270/270/270 233/233/233
f 233/233/233 270/270/270 271/271/271
f 233/233/233 271/271/271 234/234/234
f 234/234/234 271/271/271 272/272/272
f 234/234/234 272/272/272 235/235/235
f 235/235/235 272/272/272 273/273/273
f 235/235/235 273/273/273 236/236/236
f 236/236/236 273/273/273 274/274/274
f 236/236/236 274/274/274 237/237/237
f 237/237/237 274/274/274 275/275/275
f 237/237/237 275/275/275 238/238/238
f 238/238/238 275/275/275 276/276/276
f 238/238/238 276/276/276 239/239/239
f 239/239/239 276/276/276 277/277/277
f 239/239/239 277/277/277 240/240/240
f 240/240/240 277/277/277 278/278/278
f 240/240/240 278/278/278 241/241/241
f 241/241/241 278/278/278 279/279/279
f 241/241/241 279/279/279 242/242/242
f 242/242/242 279/279/279 280/280/280
f 242/242/242 280/280/280 243/243/243
f 243/243/243 280/280/280 281/281/281
f 243/243/243 281/281/281 244/244/244
f 244/244/244 281/281/281 282/282/282
f 244/244/244 282/282/282 245/245/245
f 245/245/245 282/282/282 283/283/283
f 245/245/245 283/283/283 246/246/246
f 246/246/246 283/283/283 284/284/284
f 246/246/246 284/284/284 247/247/247
f 247/247/247 284/284/284 285/285/285
f 247/247/247 285/285/285 248/248/248
f 248/248/248 285/285/285 286/286/286
f 248/248/248 286/286/286 249/249/249
f 249/249/249 286/286/286 287/287/287
f 249/249/249 287/287/287 250/250/250
f 250/250/250 287/287/287 288/288/288
f 250/250/250 288/288/288 251/251/251
f 251/251/251 288/288/288 289/289/289
f 251/251/251 289/289/289 252/252/252
f 252/252/252 289/289/289 290/290/290
f 252/252/252 290/290/290 253/253/253
f 253/253/253 290/290/290 291/291/291
f 253/253/253 291/291/291 254/254/254
f 254/254/254 291/291/291 292/292/292
f 254/254/254 292/292/292 255/255/255
f 255/255/255 292/292/292 293/293/293
f 255/255/255 293/293/293 256/256/256
f 256/256/256 293/293/293 294/294/294
f 256/256/256 294/294/294 257/257/257
f 257/257/257 294/294/294 295/295/295
f 257/257/257 295/295/295 258/258/258
f 258/258/258 295/295/295 296/296/296
f 258/258/258 296/296/296 259/259/259
f 260/260/260 297/297/297 298/298/298
f 260/260/260 298/298/298 261/261/261
f 261/261/261 298/298/298 299/299/299
f 261/261/261 299/299/299 262/262/262
f 262/262/262 299/299/299 300/300/300
f 262/262/262 300/300/300 263/263/263
f 263/263/263 300/300/300 301/301/301
f 263/263/263 301/301/301 264/264/264
f 264/264/264 301/301/301 302/302/302
f 264/264/264 302/302/302 265/265/265
f 265/265/265 302/302/302 303/303/303
f 265/265/265 303/303/303 266/266/266
f 266/266/266 303/303/303 304/304/304
f 266/266/266 304/304/304 267/267/267
f 267/267/267 304/304/304 305/305/305
f 267/267/267 305/305/305 268/268/268
f 268/268/268 305/305/305 306/306/306
f 268/268/268 306/306/306 269/269/269
f 269/269/269 306/306/306 307/307/307
f 269/269/269 307/307/307 270/270/270
f 270/270/270 307/307/307 308/308/308
f 270/270/270 308/308/308 271/271/271
f 271/271/271 308/308/308 309/309/309
f 271/271/271 309/309/309 272/272/272
f 272/272/272 309/309/309 310/310/310
f 272/272/272 310/310/310 273/273/273
f 273/273/273 310/310/310 311/311/311
f 273/273/273 311/311/311 274/274/274
f 274/274/274 311/311/311 312/312/312
f 274/274/274 312/312/312 275/275/275
f 275/275/275 312/312/312 313/313/313
f 275/275/275 313/313/313 276/276/276
f 276/276/276 313/313/313 314/314/314
f 276/276/276 314/314/314 277/277/277
f 277/277/277 314/314/314 315/315/315
f 277/277/277 315/315/315 278/278/278
f 278/278/278 315/315/315 316/316/316
f 278/278/278 316/316/316 279/279/279
f 279/279/279 316/316/316 317/317/317
f 279/279/279 317/317/317 280/280/280
f 280/280/280 317/317/317 318/318/318
f 280/280/280 318/318/318 281/281/281
f 281/281/281 318/318/318 319/319/319
f 281/281/281 319/319/319 282/282/282
f 282/282/282 319/319/319 320/320/320
f 282/282/282 320/320/320 283/283/283
f 283/283/283 320/320/320 321/321/321
f 283/283/283 321/321/321 284/284/284
f 284/284/284 321/321/321 322/322/322
f 284/284/284 322/322/322 285/285/285
f 285/285/285 322/322/322 323/323/323
f 285/285/285 323/323/323 286/286/286
f 286/286/286 323/323/323 324/324/324
f 286/286/286 324/324/324 287/287/287
f 287/287/287 324/324/324 325/325/325
f 287/287/287 325/325/325 288/288/288
f 288/288/288 325/325/325 326/326/326
f 288/288/288 326/326/326 289/289/289
f 289/289/289 326/326/326 327/327/327
f 289/289/289 327/327/327 290/290/290
f 290/290/290 327/327/327 328/328/328
f 290/290/290 328/328/328 291/291/291
f 291/291/291 328/328/328 329/329/329
f 291/291/291 329/329/329 292/292/292
f 292/292/292 329/329/329 330/330/330
f 292/292/292 330/330/330 293/293/293
f 293/293/293 330/330/330 331/331/331
f 293/293/293 331/331/331 294/294/294
f 294/294/294 331/331/331 332/332/332
f 294/294/294 332/332/332 295/295/295
f 295/295/295 332/332/332 333/333/333
f 295/295/295 333/333/333 296/296/296
f 297/297/297 334/334/334 335/335/335
f 297/297/297 335/335/335 298/298/298
f 298/298/298 335/335/335 336/336/336
f 298/298/298 336/336/336 299/299/299
f 299/299/299 336/336/336 337/337/337
f 299/299/299 337/337/337 300/300/300
f 300/300/300 337/337/337 338/338/338
f 300/300/300 338/338/338 301/301/301
f 301/301/301 338/338/338 339/339/339
f 301/301/301 339/339/339 302/302/302
f 302/302/302 339/339/339 340/340/340
f 302/302/302 340/340/340 303/303/303
f 303/303/303 340/340/340 341/341/341
f 303/303/303 341/341/341 304/304/304
f 304/304/304 341/341/341 342/342/342
f 304/304/304 342/342/342 305/305/305
f 305/305/305 342/342/342 343/343/343
f 305/305/305 343/343/343 306/306/306
f 306/306/306 343/343/343 344/344/344
f 306/306/306 344/344/344 307/307/307
f 307/307/307 344/344/344 345/345/345
f 307/307/307 345/345/345 308/308/308
f 308/308/308 345/345/345 346/346/346
f 308/308/308 346/346/346 309/309/309
f 309/309/309 346/346/346 347/347/347
f 309/309/309 347/347/347 310/310/310
f 310/310/310 347/347/347 348/348/348
f 310/310/310 348/348/348 311/311/311
f 311/311/311 348/348/348 349/349/349
f 311/311/311 349/349/349 312/312/312
f 312/312/312 349/349/349 350/350/350
f 312/312/312 350/350/350 313/313/313
f 313/313/313 350/350/350 351/351/351
f 313/313/313 351/351/351 314/314/314
f 314/314/314 351/351/351 352/352/352
f 314/314/314 352/352/352 315/315/315
f 315/315/315 352/352/352 353/353/353
f 315/315/315 353/353/353 316/316/316
f 316/316/316 353/353/353 354/354/354
f 316/316/316 354/354/354 317/317/317
f 317/317/317 354/354/354 355/355/355
f 317/317/317 355/355/355 318/318/318
f 318/318/318 355/355/355 356/356/356
f 318/318/318 356/356/356 319/319/319
f 319/319/319 356/356/356 357/357/357
f 319/319/319 357/357/357 320/320/320
f 320/320/320 357/357/357 358/358/358
f 320/320/320 358/358/358 321/321/321
f 321/321/321 358/358/358 359/359/359
f 321/321/321 359/359/359 322/322/322
f 322/322/322 359/359/359 360/360/360
f 322/322/322 360/360/360 323/323/323
f 323/323/323 360/360/360 361/361/361
f 323/323/323 361/361/361 324/324/324
f 324/324/324 361/361/361 362/362/362
f 324/324/324 362/362/362 325/325/325
f 325/325/325 362/362/362 363/363/363
f 325/325/325 363/363/363 326/326/326
f 326/326/326 363/363/363 364/364/364
f 326/326/326 364/364/364 327/327/327
f 327/327/327 364/364/364 365/365/365
f 327/327/327 365/365/365 328/328/328
f 328/328/328 365/365/365 366/366/366
f 328/328/328 366/366/366 329/329/329
f 329/329/329 366/366/366 367/367/367
f 329/329/329 367/367/367 330/330/330
f 330/330/330 367/367/367 368/368/368
f 330/330/330 368/368/368 331/331/331
f 331/331/331 368/368/368 369/369/369
f 331/331/331 369/369/369 332/332/332
f 332/332/332 369/369/369 370/370/370
f 332/332/332 370/370/370 333/333/333
f 334/334/334 371/371/371 372/372/372
f 334/334/334 372/372/372 335/335/335
f 335/335/335 372/372/372 373/373/373
f 335/335/335 373/373/373 336/336/336
f 336/336/336 373/373/373 374/374/374
f 336/336/336 374/374/374 337/337/337
f 337/337/337 374/374/374 375/375/375
f 337/337/337 375/375/375 338/338/338
f 338/338/338 375/375/375 376/376/376
f 338/338/338 376/376/376 339/339/339
f 339/339/339 376/376/376 377/377/377
f 339/339/339 377/377/377 340/340/340
f 340/340/340 377/377/377 378/378/378
f 340/340/340 378/378/378 341/341/341
f 341/341/341 378/378/378 379/379/379
f 341/341/341 379/379/379 342/342/342
f 342/342/342 379/379/379 380/380/380
f 342/342/342 380/380/380 343/343/343
f 343/343/343 380/380/380 381/381/381
f 343/343/343 381/381/381 344/344/344
f 344/344/344 381/381/381 382/382/382
f 344/344/344 382/382/382 345/345/345
f 345/345/345 382/382/382 383/383/383
f 345/345/345 383/383/383 346/346/346
f 346/346/346 383/383/383 384/384/384
f 346/346/346 384/384/384 347/347/347
f 347/347/347 384/384/384 385/385/385
f 347/347/347 385/385/385 348/348/348
f 348/348/348 385/385/385 386/386/386
f 348/348/348 386/386/386 349/349/349
f 349/349/349 386/386/386 387/387/387
f 349/349/349 387/387/387 350/350/350
f 350/350/350 387/387/387 388/388/388
f 350/350/350 388/388/388 351/351/351
f 351/351/351 388/388/388 389/389/389
f 351/351/351 389/389/389 352/352/352
f 352/352/352 389/389/389 390/390/390
f 352/352/352 390/390/390 353/353/353
f 353/353/353 390/390/390 391/391/391
f 353/353/353 391/391/391 354/354/354
f 354/354/354 391/391/391 392/392/392
f 354/354/354 392/392/392 355/355/355
f 355/355/355 392/392/392 393/393/393
f 355/355/355 393/393/393 356/356/356
f 356/356/356 393/393/393 394/394/394
f 356/356/356 394/394/394 357/357/357
f 357/357/357 394/394/394 395/395/395
f 357/357/357 395/395/395 358/358/358
f 358/358/358 395/395/395 396/396/396
f 358/358/358 396/396/396 359/359/359
f 359/359/359 396/396/396 397/397/397
f 359/359/359 397/397/397 360/360/360
f 360/360/360 397/397/397 398/398/398
f 360/360/360 398/398/398 361/361/361
f 361/361/361 398/398/398 399/399/399
f 361/361/361 399/399/399 362/362/362
f 362/362/362 399/399/399 400/400/400
f 362/362/362 400/400/400 363/363/363
f 363/363/363 400/400/400 401/401/401
f 363/363/363 401/401/401 364/364/364
f 364/364/364 401/401/401 402/402/402
f 364/364/364 402/402/402 365/365/365
f 365/365/365 402/402/402 403/403/403
f 365/365/365 403/403/403 366/366/366
f 366/366/366 403/403/403 404/404/404
f 366/366/366 404/404/404 367/367/367
f 367/367/367 404/404/404 405/405/405
f 367/367/367 405/405/405 368/368/368
f 368/368/368 405/405/405 406/406/406
f 368/368/368 406/406/406 369/369/369
f 369/369/369 406/406/406 407/407/407
f 369/369/369 407/407/407 370/370/370
f 371/371/371 408/408/408 409/409/409
f 371/371/371 409/409/409 372/372/372
f 372/372/372 409/409/409 410/410/410
f 372/372/372 410/410/410 373/373/373
f 373/373/373 410/410/410 411/411/411
f 373/373/373 411/411/411 374/374/374
f 374/374/374 411/411/411 412/412/412
f 374/374/374 412/412/412 375/375/375
f 375/375/375 412/412/412 413/413/413
f 375/375/375 413/413/413 376/376/376
f 376/376/376 413/413/413 414/414/414
f 376/376/376 414/414/414 377/377/377
f 377/377/377 414/414/414 415/415/415
f 377/377/377 415/415/415 378/378/378
f 378/378/378 415/415/415 416/416/416
f 378/378/378 416/416/416 379/379/379
f 379/379/379 416/416/416 417/417/417
f 379/379/379 417/417/417 380/380/380
f 380/380/380 417/417/417 418/418/418
f 380/380/380 418/418/418 381/381/381
f 381/381/381 418/418/418 419/419/419
f 381/381/381 419/419/419 382/382/382
f 382/382/382 419/419/419 420/420/420
f 382/382/382 420/420/420 383/383/383
f 383/383/383 420/420/420 421/421/421
f 383/383/383 421/421/421 384/384/384
f 384/384/384 421/421/421 422/422/422
f 384/384/384 422/422/422 385/385/385
f 385/385/385 422/422/422 423/423/423
f 385/385/385 423/423/423 386/386/386
f 386/386/386 423/423/423 424/424/424
f 386/386/386 424/424/424 387/387/387
f 387/387/387 424/424/424 425/425/425
f 387/387/387 425/425/425 388/388/388
f 388/388/388 425/425/425 426/426/426
f 388/388/388 426/426/426 389/389/389
f 389/389/389 426/426/426 427/427/427
f 389/389/389 427/427/427 390/390/390
f 390/390/390 427/427/427 428/428/428
f 390/390/390 428/428/428 391/391/391
f 391/391/391 428/428/428 429/429/429
f 391/391/391 429/429/429 392/392/392
f 392/392/392 429/429/429 430/430/430
f 392/392/392 430/430/430 393/393/393
f 393/393/393 430/430/430 431/431/431
f 393/393/393 431/431/431 394/394/394
f 394/394/394 431/431/431 432/432/432
f 394/394/394 432/432/432 395/395/395
f 395/395/395 432/432/432 433/433/433
f 395/395/395 433/433/433 396/396/396
f 396/396/396 433/433/433 434/434/434
f 396/396/396 434/434/434 397/397/397
f 397/397/397 434/434/434 435/435/435
f 397/397/397 435/435/435 398/398/398
f 398/398/398 435/435/435 436/436/436
f 398/398/398 436/436/436 399/399/399
f 399/399/399 436/436/436 437/437/437
f 399/399/399 437/437/437 400/400/400
f 400/400/400 437/437/437 438/438/438
f 400/400/400 438/438/438 401/401/401
f 401/401/401 438/438/438 439/439/439
f 401/401/401 439/439/439 402/402/402
f 402/402/402 439/439/439 440/440/440
f 402/402/402 440/440/440 403/403/403
f 403/403/403 440/440/440 441/441/441
f 403/403/403 441/441/441 404/404/404
f 404/404/404 441/441/441 442/442/442
f 404/404/404 442/442/442 405/405/405
f 405/405/405 442/442/442 443/443/443
f 405/405/405 443/443/443 406/406/406
f 406/406/406 443/443/443 444/444/444
f 406/406/406 444/444/444 407/407/407
f 408/408/408 445/445/445 446/446/446
f 408/408/408 446/446/446 409/409/409
f 409/409/409 446/446/446 447/447/447
f 409/409/409 447/447/447 410/410/410
f 410/410/410 447/447/447 448/448/448
f 410/410/410 448/448/448 411/411/411
f 411/411/411 448/448/448 449/449/449
f 411/411/411 449/449/449 412/412/412
f 412/412/412 449/449/449 450/450/450
f 412/412/412 450/450/450 413/413/413
f 413/413/413 450/450/450 451/451/451
f 413/413/413 451/451/451 414/414/414
f 414/414/414 451/451/451 452/452/452
f 414/414/414 452/452/452 415/415/415
f 415/415/415 452/452/452 453/453/453
f 415/415/415 453/453/453 416/416/416
f 416/416/416 453/453/453 454/454/454
f 416/416/416 454/454/454 417/417/417
f 417/417/417 454/454/454 455/455/455
f 417/417/417 455/455/455 418/418/418
f 418/418/418 455/455/455 456/456/456
f 418/418/418 456/456/456 419/419/419
f 419/419/419 456/456/456 457/457/457
f 419/419/419 457/457/457 420/420/420
f 420/420/420 457/457/457 458/458/458
f 420/420/420 458/458/458 421/421/421
f 421/421/421 458/458/458 459/459/459
f 421/421/421 459/459/459 422/422/422
f 422/422/422 459/459/459 460/460/460
f 422/422/422 460/460/460 423/423/423
f 423/423/423 460/460/460 461/461/461
f 423/423/423 461/461/461 424/424/424
f 424/424/424 461/461/461 462/462/462
f 424/424/424 462/462/462 425/425/425
f 425/425/425 462/462/462 463/463/463
f 425/425/425 463/463/463 426/426/426
f 426/426/426 463/463/463 464/464/464
f 426/426/426 464/464/464 427/427/427
f 427/427/427 464/464/464 465/465/465
f 427/427/427 465/465/465 428/428/428
f 428/428/428 465/465/465 466/466/466
f 428/428/428 466/466/466 429/429/429
f 429/429/429 466/466/466 467/467/467
f 429/429/429 467/467/467 430/430/430
f 430/430/430 467/467/467 468/468/468
f 430/430/430 468/468/468 431/431/431
f 431/431/431 468/468/468 469/469/469
f 431/431/431 469/469/469 432/432/432
f 432/432/432 469/469/469 470/470/470
f 432/432/432 470/470/470 433/433/433
f 433/433/433 470/470/470 471/471/471
f 433/433/433 471/471/471 434/434/434
f 434/434/434 471/471/471 472/472/472
f 434/434/434 472/472/472 435/435/435
f 435/435/435 472/472/472 473/473/473
f 435/435/435 473/473/473 436/436/436
f 436/436/436 473/473/473 474/474/474
f 436/436/436 474/474/474 437/437/437
f 437/437/437 474/474/474 475/475/475
f 437/437/437 475/475/475 438/438/438
f 438/438/438 475/475/475 476/476/476
f 438/438/438 476/476/476 439/439/439
f 439/439/439 476/476/476 477/477/477
f 439/439/439 477/477/477 440/440/440
f 440/440/440 477/477/477 478/478/478
f 440/440/440 478/478/478 441/441/441
f 441/441/441 478/478/478 479/479/479
f 441/441/441 479/479/479 442/442/442
f 442/442/442 479/479/479 480/480/480
f 442/442/442 480/480/480 443/443/443
f 443/443/443 480/480/480 481/481/481
f 443/443/443 481/481/481 444/444/444
f 445/445/445 482/482/482 483/483/483
f 445/445/445 483/483/483 446/446/446
f 446/446/446 483/483/483 484/484/484
f 446/446/446 484/484/484 447/447/447
f 447/447/447 484/484/484 485/485/485
f 447/447/447 485/485/485 448/448/448
f 448/448/448 485/485/485 486/486/486
f 448/448/448 486/486/486 449/449/449
f 449/449/449 486/486/486 487/487/487
f 449/449/449 487/487/487 450/450/450
f 450/450/450 487/487/487 488/488/488
f 450/450/450 488/488/488 451/451/451
f 451/451/451 488/488/488 489/489/489
f 451/451/451 489/489/489 452/452/452
f 452/452/452 489/489/489 490/490/490
f 452/452/452 490/490/490 453/453/453
f 453/453/453 490/490/490 491/491/491
f 453/453/453 491/491/491 454/454/454
f 454/454/454 491/491/491 492/492/492
f 454/454/454 492/492/492 455/455/455
f 455/455/455 492/492/492 493/493/493
f 455/455/455 493/493/493 456/456/456
f 456/456/456 493/493/493 494/494/494
f 456/456/456 494/494/494 457/457/457
f 457/457/457 494/494/494 495/495/495
f 457/457/457 495/495/495 458/458/458
f 458/458/458 495/495/495 496/496/496
f 458/458/458 496/496/496 459/459/459
f 459/459/459 496/496/496 497/497/497
f 459/459/459 497/497/497 460/460/460
f 460/460/460 497/497/497 498/498/498
f 460/460/460 498/498/498 461/461/461
f 461/461/461 498/498/498 499/499/499
f 461/461/461 499/499/499 462/462/462
f 462/462/462 499/499/499 500/500/500
f 462/462/462 500/500/500 463/463/463
f 463/463/463 500/500/500 501/501/501
f 463/463/463 501/501/501 464/464/464
f 464/464/464 501/501/501 502/502/502
f 464/464/464 502/502/502 465/465/465
f 465/465/465 502/502/502 503/503/503
f 465/465/465 503/503/503 466/466/466
f 466/466/466 503/503/503 504/504/504
f 466/466/466 504/504/504 467/467/467
f 467/467/467 504/504/504 505/505/505
f 467/467/467 505/505/505 468/468/468
f 468/468/468 505/505/505 506/506/506
f 468/468/468 506/506/506 469/469/469
f 469/469/469 506/506/506 507/507/507
f 469/469/469 507/507/507 470/470/470
f 470/470/470 507/507/507 508/508/508
f 470/470/470 508/508/508 471/471/471
f 471/471/471 508/508/508 509/509/509
f 471/471/471 509/509/509 472/472/472
f 472/472/472 509/509/509 510/510/510
f 472/472/472 510/510/510 473/473/473
f 473/473/473 510/510/510 511/511/511
f 473/473/473 511/511/511 474/474/474
f 474/474/474 511/511/511 512/512/512
f 474/474/474 512/512/512 475/475/475
f 475/475/475 512/512/512 513/513/513
f 475/475/475 513/513/513 476/476/476
f 476/476/476 513/513/513 514/514/514
f 476/476/476 514/514/514 477/477/477
f 477/477/477 514/514/514 515/515/515
f 477/477/477 515/515/515 478/478/478
f 478/478/478 515/515/515 516/516/516
f 478/478/478 516/516/516 479/479/479
f 479/479/479 516/516/516 517/517/517
f 479/479/479 517/517/517 480/480/480
f 480/480/480 517/517/517 518/518/518
f 480/480/480 518/518/518 481/481/481
f 482/482/482 519/519/519 520/520/520
f 482/482/482 520/520/520 483/483/483
f 483/483/483 520/520/520 521/521/521
f 483/483/483 521/521/521 484/484/484
f 484/484/484 521/521/521 522/522/522
f 484/484/484 522/522/522 485/485/485
f 485/485/485 522/522/522 523/523/523
f 485/485/485 523/523/523 486/486/486
f 486/486/486 523/523/523 524/524/524
f 486/486/486 524/524/524 487/487/487
f 487/487/487 524/524/524 525/525/525
f 487/487/487 525/525/525 488/488/488
f 488/488/488 525/525/525 526/526/526
f 488/488/488 526/526/526 489/489/489
f 489/489/489 526/526/526 527/527/527
f 489/489/489 527/527/527 490/490/490
f 490/490/490 527/527/527 528/528/528
f 490/490/490 528/528/528 491/491/491
f 491/491/491 528/528/528 529/529/529
f 491/491/491 529/529/529 492/492/492
f 492/492/492 529/529/529 530/530/530
f 492/492/492 530/530/530 493/493/493
f 493/493/493 530/530/530 531/531/531
f 493/493/493 531/531/531 494/494/494
f 494/494/494 531/531/531 532/532/532
f 494/494/494 532/532/532 495/495/495
f 495/495/495 532/532/532 533/533/533
f 495/495/495 533/533/533 496/496/496
f 496/496/496 533/533/533 534/534/534
f 496/496/496 534/534/534 497/497/497
f 497/497/497 534/534/534 535/535/535
f 497/497/497 535/535/535 498/498/498
f 498/498/498 535/535/535 536/536/536
f 498/498/498 536/536/536 499/499/499
f 499/499/499 536/536/536 537/537/537
f 499/499/499 537/537/537 500/500/500
f 500/500/500 537/537/537 538/538/538
f 500/500/500 538/538/538 501/501/501
f 501/501/501 538/538/538 539/539/539
f 501/501/501 539/539/539 502/502/502
f 502/502/502 539/539/539 540/540/540
f 502/502/502 540/540/540 503/503/503
f 503/503/503 540/540/540 541/541/541
f 503/503/503 541/541/541 504/504/504
f 504/504/504 541/541/541 542/542/542
f 504/504/504 542/542/542 505/505/505
f 505/505/505 542/542/542 543/543/543
f 505/505/505 543/543/543 506/506/506
f 506/506/506 543/543/543 544/544/544
f 506/506/506 544/544/544 507/507/507
f 507/507/507 544/544/544 545/545/545
f 507/507/507 545/545/545 508/508/508
f 508/508/508 545/545/545 546/546/546
f 508/508/508 546/546/546 509/509/509
f 509/509/509 546/546/546 547/547/547
f 509/509/509 547/547/547 510/510/510
f 510/510/510 547/547/547 548/548/548
f 510/510/510 548/548/548 511/511/511
f 511/511/511 548/548/548 549/549/549
f 511/511/511 549/549/549 512/512/512
f 512/512/512 549/549/549 550/550/550
f 512/512/512 550/550/550 513/513/513
f 513/513/513 550/550/550 551/551/551
f 513/513/513 551/551/551 514/514/514
f 514/514/514 551/551/551 552/552/552
f 514/514/514 552/552/552 515/515/515
f 515/515/515 552/552/552 553/553/553
f 515/515/515 553/553/553 516/516/516
f 516/516/516 553/553/553 554/554/554
f 516/516/516 554/554/554 517/517/517
f 517/517/517 554/554/554 555/555/555
f 517/517/517 555/555/555 518/518/518
f 519/519/519 556/556/556 557/557/557
f 519/519/519 557/557/557 520/520/520
f 520/520/520 557/557/557 558/558/558
f 520/520/520 558/558/558 521/521/521
f 521/521/521 558/558/558 559/559/559
f 521/521/521 559/559/559 522/522/522
f 522/522/522 559/559/559 560/560/560
f 522/522/522 560/560/560 523/523/523
f 523/523/523 560/560/560 561/561/561
f 523/523/523 561/561/561 524/524/524
f 524/524/524 561/561/561 562/562/562
f 524/524/524 562/562/562 525/525/525
f 525/525/525 562/562/562 563/563/563
f 525/525/525 563/563/563 526/526/526
f 526/526/526 563/563/563 564/564/564
f 526/526/526 564/564/564 527/527/527
f 527/527/527 564/564/564 565/565/565
f 527/527/527 565/565/565 528/528/528
f 528/528/528 565/565/565 566/566/566
f 528/528/528 566/566/566 529/529/529
f 529/529/529 566/566/566 567/567/567
f 529/529/529 567/567/567 530/530/530
f 530/530/530 567/567/567 568/568/568
f 530/530/530 568/568/568 531/531/531
f 531/531/531 568/568/568 569/569/569
f 531/531/531 569/569/569 532/532/532
f 532/532/532 569/569/569 570/570/570
f 532/532/532 570/570/570 533/533/533
f 533/533/533 570/570/570 571/571/571
f 533/533/533 571/571/571 534/534/534
f 534/534/534 571/571/571 572/572/572
f 534/534/534 572/572/572 535/535/535
f 535/535/535 572/572/572 573/573/573
f 535/535/535 573/573/573 536/536/536
f 536/536/536 573/573/573 574/574/574
f 536/536/536 574/574/574 537/537/537
f 537/537/537 574/574/574 575/575/575
f 537/537/537 575/575/575 538/538/538
f 538/538/538 575/575/575 576/576/576
f 538/538/538 576/576/576 539/539/539
f 539/539/539 576/576/576 577/577/577
f 539/539/539 577/577/577 540/540/540
f 540/540/540 577/577/577 578/578/578
f 540/540/540 578/578/578 541/541/541
f 541/541/541 578/578/578 579/579/579
f 541/541/541 579/579/579 542/542/542
f 542/542/542 579/579/579 580/580/580
f 542/542/542 580/580/580 543/543/543
f 543/543/543 580/580/580 581/581/581
f 543/543/543 581/581/581 544/544/544
f 544/544/544 581/581/581 582/582/582
f 544/544/544 582/582/582 545/545/545
f 545/545/545 582/582/582 583/583/583
f 545/545/545 583/583/583 546/546/546
f 546/546/546 583/583/583 584/584/584
f 546/546/546 584/584/584 547/547/547
f 547/547/547 584/584/584 585/585/585
f 547/547/547 585/585/585 548/548/548
f 548/548/548 585/585/585 586/586/586
f 548/548/548 586/586/586 549/549/549
f 549/549/549 586/586/586 587/587/587
f 549/549/549 587/587/587 550/550/550
f 550/550/550 587/587/587 588/588/588
f 550/550/550 588/588/588 551/551/551
f 551/551/551 588/588/588 589/589/589
f 551/551/551 589/589/589 552/552/552
f 552/552/552 589/589/589 590/590/590
f 552/552/552 590/590/590 553/553/553
f 553/553/553 590/590/590 591/591/591
f 553/553/553 591/591/591 554/554/554
f 554/554/554 591/591/591 592/592/592
f 554/554/554 592/592/592 555/555/555
f 556/556/556 593/593/593 594/594/594
f 556/556/556 594/594/594 557/557/557
f 557/557/557 594/594/594 595/595/595
f 557/557/557 595/595/595 558/558/558
f 558/558/558 595/595/595 596/596/596
f 558/558/558 596/596/596 559/559/559
f 559/559/559 596/596/596 597/597/597
f 559/559/559 597/597/597 560/560/560
f 560/560/560 597/597/597 598/598/598
f 560/560/560 598/598/598 561/561/561
f 561/561/561 598/598/598 599/599/599
f 561/561/561 599/599/599 562/562/562
f 562/562/562 599/599/599 600/600/600
f 562/562/562 600/600/600 563/563/563
f 563/563/563 600/600/600 601/601/601
f 563/563/563 601/601/601 564/564/564
f 564/564/564 601/601/601 602/602/602
f 564/564/564 602/602/602 565/565/565
f 565/565/565 602/602/602 603/603/603
f 565/565/565 603/603/603 566/566/566
f 566/566/566 603/603/603 604/604/604
f 566/566/566 604/604/604 567/567/567
f 567/567/567 604/604/604 605/605/605
f 567/567/567 605/605/605 568/568/568
f 568/568/568 605/605/605 606/606/606
f 568/568/568 606/606/606 569/569/569
f 569/569/569 606/606/606 607/607/607
f 569/569/569 607/607/607 570/570/570
f 570/570/570 607/607/607 608/608/608
f 570/570/570 608/608/608 571/571/571
f 571/571/571 608/608/608 609/609/609
f 571/571/571 609/609/609 572/572/572
f 572/572/572 609/609/609 610/610/610
f 572/572/572 610/610/610 573/573/573
f 573/573/573 610/610/610 611/611/611
f 573/573/573 611/611/611 574/574/574
f 574/574/574 611/611/611 612/612/612
f 574/574/574 612/612/612 575/575/575
f 575/575/575 612/612/612 613/613/613
f 575/575/575 613/613/613 576/576/576
f 576/576/576 613/613/613 614/614/614
f 576/576/576 614/614/614 577/577/577
f 577/577/577 614/614/614 615/615/615
f 577/577/577 615/615/615 578/578/578
f 578/578/578 615/615/615 616/616/616
f 578/578/578 616/616/616 579/579/579
f 579/579/579 616/616/616 617/617/617
f 579/579/579 617/617/617 580/580/580
f 580/580/580 617/617/617 618/618/618
f 580/580/580 618/618/618 581/581/581
f 581/581/581 618/618/618 619/619/619
f 581/581/581 619/619/619 582/582/582
f 582/582/582 619/619/619 620/620/620
f 582/582/582 620/620/620 583/583/583
f 583/583/583 620/620/620 621/621/621
f 583/583/583 621/621/621 584/584/584
f 584/584/584 621/621/621 622/622/622
f 584/584/584 622/622/622 585/585/585
f 585/585/585 622/622/622 623/623/623
f 585/585/585 623/623/623 586/586/586
f 586/586/586 623/623/623 624/624/624
f 586/586/586 624/624/624 587/587/587
f 587/587/587 624/624/624 625/625/625
f 587/587/587 625/625/625 588/588/588
f 588/588/588 625/625/625 626/626/626
f 588/588/588 626/626/626 589/589/589
f 589/589/589 626/626/626 627/627/627
f 589/589/589 627/627/627 590/590/590
f 590/590/590 627/627/627 628/628/628
f 590/590/590 628/628/628 591/591/591
f 591/591/591 628/628/628 629/629/629
f 591/591/591 629/629/629 592/592/592
f 593/593/593 630/630/630 631/631/631
f 593/593/593 631/631/631 594/594/594
f 594/594/594 631/631/631 632/632/632
f 594/594/594 632/632/632 595/595/595
f 595/595/595 632/632/632 633/633/633
f 595/595/595 633/633/633 596/596/596
f 596/596/596 633/633/633 634/634/634
f 596/596/596 634/634/634 597/597/597
f 597/597/597 634/634/634 635/635/635
f 597/597/597 635/635/635 598/598/598
f 598/598/598 635/635/635 636/636/636
f 598/598/598 636/636/636 599/599/599
f 599/599/599 636/636/636 637/637/637
f 599/599/599 637/637/637 600/600/600
f 600/600/600 637/637/637 638/638/638
f 600/600/600 638/638/638 601/601/601
f 601/601/601 638/638/638 639/639/639
f 601/601/601 639/639/639 602/602/602
f 602/602/602 639/639/639 640/640/640
f 602/602/602 640/640/640 603/603/603
f 603/603/603 640/640/640 641/641/641
f 603/603/603 641/641/641 604/604/604
f 604/604/604 641/641/641 642/642/642
f 604/604/604 642/642/642 605/605/605
f 605/605/605 642/642/642 643/643/643
f 605/605/605 643/643/643 606/606/606
f 606/606/606 643/643/643 644/644/644
f 606/606/606 644/644/644 607/607/607
f 607/607/607 644/644/644 645/645/645
f 607/607/607 645/645/645 608/608/608
f 608/608/608 645/645/645 646/646/646
f 608/608/608 646/646/646 609/609/609
f 609/609/609 646/646/646 647/647/647
f 609/609/609 647/647/647 610/610/610
f 610/610/610 647/647/647 648/648/648
f 610/610/610 648/648/648 611/611/611
f 611/611/611 648/648/648 649/649/649
f 611/611/611 649/649/649 612/612/612
f 612/612/612 649/649/649 650/650/650
f 612/612/612 650/650/650 613/613/613
f 613/613/613 650/650/650 651/651/651
f 613/613/613 651/651/651 614/614/614
f 614/614/614 651/651/651 652/652/652
f 614/614/614 652/652/652 615/615/615
f 615/615/615 652/652/652 653/653/653
f 615/615/615 653/653/653 616/616/616
f 616/616/616 653/653/653 654/654/654
f 616/616/616 654/654/654 617/617/617
f 617/617/617 654/654/654 655/655/655
f 617/617/617 655/655/655 618/618/618
f 618/618/618 655/655/655 656/656/656
f 618/618/618 656/656/656 619/619/619
f 619/619/619 656/656/656 657/657/657
f 619/619/619 657/657/657 620/620/620
f 620/620/620 657/657/657 658/658/658
f 620/620/620 658/658/658 621/621/621
f 621/621/621 658/658/658 659/659/659
f 621/621/621 659/659/659 622/622/622
f 622/622/622 659/659/659 660/660/660
f 622/622/622 660/660/660 623/623/623
f 623/623/623 660/660/660 661/661/661
f 623/623/623 661/661/661 624/624/624
f 624/624/624 661/661/661 662/662/662
f 624/624/624 662/662/662 625/625/625
f 625/625/625 662/662/662 663/663/663
f 625/625/625 663/663/663 626/626/626
f 626/626/626 663/663/663 664/664/664
f 626/626/626 664/664/664 627/627/627
f 627/627/627 664/664/664 665/665/665
f 627/627/627 665/665/665 628/628/628
f 628/628/628 665/665/665 666/666/666
f 628/628/628 666/666/666 629/629/629
f 630/630/630 667/667/667 668/668/668
f 630/630/630 668/668/668 631/631/631
f 631/631/631 668/668/668 669/669/669
f 631/631/631 669/669/669 632/632/632
f 632/632/632 669/669/669 670/670/670
f 632/632/632 670/670/670 633/633/633
f 633/633/633 670/670/670 671/671/671
f 633/633/633 671/671/671 634/634/634
f 634/634/634 671/671/671 672/672/672
f 634/634/634 672/672/672 635/635/635
f 635/635/635 672/672/672 673/673/673
f 635/635/635 673/673/673 636/636/636
f 636/636/636 673/673/673 674/674/674
f 636/636/636 674/674/674 637/637/637
f 637/637/637 674/674/674 675/675/675
f 637/637/637 675/675/675 638/638/638
f 638/638/638 675/675/675 676/676/676
f 638/638/638 676/676/676 639/639/639
f 639/639/639 676/676/676 677/677/677
f 639/639/639 677/677/677 640/640/640
f 640/640/640 677/677/677 678/678/678
f 640/640/640 678/678/678 641/641/641
f 641/641/641 678/678/678 679/679/679
f 641/641/641 679/679/679 642/642/642
f 642/642/642 679/679/679 680/680/680
f 642/642/642 680/680/680 643/643/643
f 643/643/643 680/680/680 681/681/681
f 643/643/643 681/681/681 644/644/644
f 644/644/644 681/681/681 682/682/682
f 644/644/644 682/682/682 645/645/645
f 645/645/645 682/682/682 683/683/683
f 645/645/645 683/683/683 646/646/646
f 646/646/646 683/683/683 684/684/684
f 646/646/646 684/684/684 647/647/647
f 647/647/647 684/684/684 685/685/685
f 647/647/647 685/685/685 648/648/648
f 648/648/648 685/685/685 686/686/686
f 648/648/648 686/686/686 649/649/649
f 649/649/649 686/686/686 687/687/687
f 649/649/649 687/687/687 650/650/650
f 650/650/650 687/687/687 688/688/688
f 650/650/650 688/688/688 651/651/651
f 651/651/651 688/688/688 689/689/689
f 651/651/651 689/689/689 652/652/652
f 652/652/652 689/689/689 690/690/690
f 652/652/652 690/690/690 653/653/653
f 653/653/653 690/690/690 691/691/691
f 653/653/653 691/691/691 654/654/654
f 654/654/654 691/691/691 692/692/692
f 654/654/654 692/692/692 655/655/655
f 655/655/655 692/692/692 693/693/693
f 655/655/655 693/693/693 656/656/656
f 656/656/656 693/693/693 694/694/694
f 656/656/656 694/694/694 657/657/657
f 657/657/657 694/694/694 695/695/695
f 657/657/657 695/695/695 658/658/658
f 658/658/658 695/695/695 696/696/696
f 658/658/658 696/696/696 659/659/659
f 659/659/659 696/696/696 697/697/697
f 659/659/659 697/697/697 660/660/660
f 660/660/660 697/697/697 698/698/698
f 660/660/660 698/698/698 661/661/661
f 661/661/661 698/698/698 699/699/699
f 661/661/661 699/699/699 662/662/662
f 662/662/662 699/699/699 700/700/700
f 662/662/662 700/700/700 663/663/663
f 663/663/663 700/700/700 701/701/701
f 663/663/663 701/701/701 664/664/664
f 664/664/664 701/701/701 702/702/702
f 664/664/664 702/702/702 665/665/665
f 665/665/665 702/702/702 703/703/703
f 665/665/665 703/703/703 666/666/666
f 667/667/667 704/704/704 705/705/705
f 667/667/667 705/705/705 668/668/668
f 668/668/668 705/705/705 706/706/706
f 668/668/668 706/706/706 669/669/669
f 669/669/669 706/706/706 707/707/707
f 669/669/669 707/707/707 670/670/670
f 670/670/670 707/707/707 708/708/708
f 670/670/670 708/708/708 671/671/671
f 671/671/671 708/708/708 709/709/709
f 671/671/671 709/709/709 672/672/672
f 672/672/672 709/709/709 710/710/710
f 672/672/672 710/710/710 673/673/673
f 673/673/673 710/710/710 711/711/711
f 673/673/673 711/711/711 674/674/674
f 674/674/674 711/711/711 712/712/712
f 674/674/674 712/712/712 675/675/675
f 675/675/675 712/712/712 713/713/713
f 675/675/675 713/713/713 676/676/676
f 676/676/676 713/713/713 714/714/714
f 676/676/676 714/714/714 677/677/677
f 677/677/677 714/714/714 715/715/715
f 677/677/677 715/715/715 678/678/678
f 678/678/678 715/715/715 716/716/716
f 678/678/678 716/716/716 679/679/679
f 679/679/679 716/716/716 717/717/717
f 679/679/679 717/717/717 680/680/680
f 680/680/680 717/717/717 718/718/718
f 680/680/680 718/718/718 681/681/681
f 681/681/681 718/718/718 719/719/719
f 681/681/681 719/719/719 682/682/682
f 682/682/682 719/719/719 720/720/720
f 682/682/682 720/720/720 683/683/683
f 683/683/683 720/720/720 721/721/721
f 683/683/683 721/721/721 684/684/684
f 684/684/684 721/721/721 722/722/722
f 684/684/684 722/722/722 685/685/685
f 685/685/685 722/722/722 723/723/723
f 685/685/685 723/723/723 686/686/686
f 686/686/686 723/723/723 724/724/724
f 686/686/686 724/724/724 687/687/687
f 687/687/687 724/724/724 725/725/725
f 687/687/687 725/725/725 688/688/688
f 688/688/688 725/725/725 726/726/726
f 688/688/688 726/726/726 689/689/689
f 689/689/689 726/726/726 727/727/727
f 689/689/689 727/727/727 690/690/690
f 690/690/690 727/727/727 728/728/728
f 690/690/690 728/728/728 691/691/691
f 691/691/691 728/728/728 729/729/729
f 691/691/691 729/729/729 692/692/692
f 692/692/692 729/729/729 730/730/730
f 692/692/692 730/730/730 693/693/693
f 693/693/693 730/730/730 731/731/731
f 693/693/693 731/731/731 694/694/694
f 694/694/694 731/731/731 732/732/732
f 694/694/694 732/732/732 695/695/695
f 695/695/695 732/732/732 733/733/733
f 695/695/695 733/733/733 696/696/696
f 696/696/696 733/733/733 734/734/734
f 696/696/696 734/734/734 697/697/697
f 697/697/697 734/734/734 735/735/735
f 697/697/697 735/735/735 698/698/698
f 698/698/698 735/735/735 736/736/736
f 698/698/698 736/736/736 699/699/699
f 699/699/699 736/736/736 737/737/737
f 699/699/699 737/737/737 700/700/700
f 700/700/700 737/737/737 738/738/738
f 700/700/700 738/738/738 701/701/701
f 701/701/701 738/738/738 739/739/739
f 701/701/701 739/739/739 702/702/702
f 702/702/702 739/739/739 740/740/740
f 702/702/702 740/740/740 703/703/703
f 704/704/704 741/741/741 742/742/742
f 704/704/704 742/742/742 705/705/705
f 705/705/705 742/742/742 743/743/743
f 705/705/705 743/743/743 706/706/706
f 706/706/706 743/743/743 744/744/744
f 706/706/706 744/744/744 707/707/707
f 707/707/707 744/744/744 745/745/745
f 707/707/707 745/745/745 708/708/708
f 708/708/708 745/745/745 746/746/746
f 708/708/708 746/746/746 709/709/709
f 709/709/709 746/746/746 747/747/747
f 709/709/709 747/747/747 710/710/710
f 710/710/710 747/747/747 748/748/748
f 710/710/710 748/748/748 711/711/711
f 711/711/711 748/748/748 749/749/749
f 711/711/711 749/749/749 712/712/712
f 712/712/712 749/749/749 750/750/750
f 712/712/712 750/750/750 713/713/713
f 713/713/713 750/750/750 751/751/751
f 713/713/713 751/751/751 714/714/714
f 714/714/714 751/751/751 752/752/752
f 714/714/714 752/752/752 715/715/715
f 715/715/715 752/752/752 753/753/753
f 715/715/715 753/753/753 716/716/716
f 716/716/716 753/753/753 754/754/754
f 716/716/716 754/754/754 717/717/717
f 717/717/717 754/754/754 755/755/755
f 717/717/717 755/755/755 718/718/718
f 718/718/718 755/755/755 756/756/756
f 718/718/718 756/756/756 719/719/719
f 719/719/719 756/756/756 757/757/757
f 719/719/719 757/757/757 720/720/720
f 720/720/720 757/757/757 758/758/758
f 720/720/720 758/758/758 721/721/721
f 721/721/721 758/758/758 759/759/759
f 721/721/721 759/759/759 722/722/722
f 722/722/722 759/759/759 760/760/760
f 722/722/722 760/760/760 723/723/723
f 723/723/723 760/760/760 761/761/761
f 723/723/723 761/761/761 724/724/724
f 724/724/724 761/761/761 762/762/762
f 724/724/724 762/762/762 725/725/725
f 725/725/725 762/762/762 763/763/763
f 725/725/725 763/763/763 726/726/726
f 726/726/726 763/763/763 764/764/764
f 726/726/726 764/764/764 727/727/727
f 727/727/727 764/764/764 765/765/765
f 727/727/727 765/765/765 728/728/728
f 728/728/728 765/765/765 766/766/766
f 728/728/728 766/766/766 729/729/729
f 729/729/729 766/766/766 767/767/767
f 729/729/729 767/767/767 730/730/730
f 730/730/730 767/767/767 768/768/768
f 730/730/730 768/768/768 731/731/731
f 731/731/731 768/768/768 769/769/769
f 731/731/731 769/769/769 732/732/732
f 732/732/732 769/769/769 770/770/770
f 732/732/732 770/770/770 733/733/733
f 733/733/733 770/770/770 771/771/771
f 733/733/733 771/771/771 734/734/734
f 734/734/734 771/771/771 772/772/772
f 734/734/734 772/772/772 735/735/735
f 735/735/735 772/772/772 773/773/773
f 735/735/735 773/773/773 736/736/736
f 736/736/736 773/773/773 774/774/774
f 736/736/736 774/774/774 737/737/737
f 737/737/737 774/774/774 775/775/775
f 737/737/737 775/775/775 738/738/738
f 738/738/738 775/775/775 776/776/776
f 738/738/738 776/776/776 739/739/739
f 739/739/739 776/776/776 777/777/777
f 739/739/739 777/777/777 740/740/740
