# Generated sky cornice; visual geometry only.
s 1
v 59.894947 -6.765592 100.456215
v 59.748108 -4.105269 100.622552
v 59.514405 0.272845 100.887286
v 59.404793 5.501377 101.011453
v 59.630222 10.676298 100.75609
v 60.269285 15.598083 100.032172
v 61.202026 20.496824 98.97558
v 62.341583 25.079138 97.68471
v 63.601093 29.046831 96.257959
v 65.03433 32.189978 94.634414
v 66.661973 34.428349 92.790648
v 68.347525 35.679808 90.881285
v 69.954487 35.893434 89.060947
v 71.543869 34.895073 87.260523
v 73.156002 32.683779 85.434328
v 74.623362 29.526566 83.772128
v 75.778431 25.73057 82.463687
v 76.593287 21.435522 81.540633
v 77.15169 16.648738 80.908083
v 77.453642 11.522959 80.566038
v 77.499142 6.225096 80.514497
v 77.266473 0.799619 80.778059
v 76.762876 -4.545473 81.348525
v 76.031781 -9.40605 82.176697
v 75.116619 -13.402077 83.213376
v 73.92846 -16.27863 84.559301
v 72.477644 -18.146285 86.202759
v 70.956511 -19.629278 87.925872
v 69.5574 -21.26329 89.510761
v 68.256526 -23.024156 90.984367
v 66.976334 -24.815226 92.434546
v 65.828504 -26.763354 93.734788
v 64.924717 -28.995395 94.758581
v 64.33012 -31.894934 95.43213
v 63.973363 -35.277731 95.836259
v 63.761376 -38.418898 96.076393
v 63.601093 -40.593553 96.257959
v 55.339599 -6.972509 93.921613
v 55.187146 -4.20434 94.091354
v 54.94451 0.385576 94.361504
v 54.830707 5.898783 94.488212
v 55.064754 11.396307 94.227624
v 55.728247 16.662911 93.488895
v 56.696646 21.924365 92.410684
v 57.879767 26.865864 91.093402
v 59.187427 31.167285 89.637459
v 60.675455 34.599864 87.980697
v 62.365321 37.069616 86.099207
v 64.11531 38.482363 84.150778
v 65.783704 38.778437 82.293196
v 67.433847 37.773916 80.455934
v 69.107609 35.466401 78.592375
v 70.631066 32.132745 76.896166
v 71.830291 28.094147 75.560954
v 72.676298 23.50201 74.619014
v 73.256049 18.373564 73.973522
v 73.569544 12.877638 73.624478
v 73.616783 7.198728 73.571882
v 73.37522 1.395467 73.840837
v 72.852371 -4.305393 74.422975
v 72.093326 -9.47612 75.268092
v 71.143179 -13.715613 76.325981
v 69.909598 -16.754059 77.699445
v 68.403319 -18.701266 79.376528
v 66.824035 -20.229616 81.134896
v 65.371437 -21.913601 82.752212
v 64.020832 -23.728321 84.255969
v 62.691699 -25.574169 85.735819
v 61.499989 -27.581878 87.062664
v 60.561652 -29.882183 88.107404
v 59.944324 -32.870402 88.794734
v 59.573928 -36.356656 89.207131
v 59.353837 -39.593893 89.452179
v 59.187427 -41.835057 89.637459
v 50.609829 -7.490156 87.573518
v 50.444851 -4.49684 87.754051
v 50.182282 0.491589 88.041378
v 50.05913 6.506599 88.176143
v 50.312405 12.534096 87.898986
v 51.030404 18.33574 87.113285
v 52.078358 24.145638 85.966517
v 53.358675 29.616387 84.565478
v 54.773761 34.3946 83.01696
v 56.384032 38.225325 81.254854
v 58.212723 40.999218 79.253732
v 60.106476 42.608048 77.181414
v 61.911931 42.982382 75.205719
v 63.697636 41.921354 73.251637
v 65.5089 39.421331 71.269586
v 67.15751 35.780958 69.465525
v 68.455254 31.348744 68.045414
v 69.370761 26.292816 67.043582
v 69.99814 20.638866 66.357047
v 70.337389 14.576726 65.98581
v 70.388508 8.313835 65.92987
v 70.127101 1.922676 66.215926
v 69.561299 -4.343981 66.835079
v 68.739898 -10.018315 67.733931
v 67.711695 -14.662443 68.859085
v 66.376773 -17.981267 70.319879
v 64.746751 -20.089668 72.103598
v 63.037727 -21.731483 73.97377
v 61.465796 -23.54049 75.693922
v 60.004237 -25.489936 77.293293
v 58.565914 -27.472821 78.867238
v 57.276303 -29.629585 80.278449
v 56.26088 -32.100668 81.389618
v 55.592838 -35.310734 82.120651
v 55.192013 -39.055812 82.55927
v 54.953842 -42.533385 82.819899
v 54.773761 -44.940935 83.01696
v 45.931339 -7.908713 81.159435
v 45.75587 -4.740527 81.348147
v 45.476601 0.549019 81.648491
v 45.345617 6.935963 81.78936
v 45.615 13.347447 81.499648
v 46.378663 19.529056 80.678354
v 47.493267 25.724718 79.479636
v 48.85501 31.564043 78.015128
v 50.360095 36.670223 76.396461
v 52.072778 40.770491 74.554529
v 54.017773 43.746151 72.462754
v 56.031967 45.480191 70.296558
v 57.952248 45.897231 68.231362
v 59.851521 44.783907 66.188758
v 61.777981 42.135975 64.116918
v 63.531442 38.269247 62.231131
v 64.911721 33.553048 60.746688
v 65.885454 28.167024 59.699471
v 66.552733 22.141084 58.981836
v 66.913558 15.678944 58.593781
v 66.967929 9.003216 58.535307
v 66.689896 2.194111 58.834322
v 66.088109 -4.477924 59.481523
v 65.214468 -10.515694 60.421094
v 64.120872 -15.454141 61.597219
v 62.70105 -18.979639 63.124188
v 60.96736 -21.212298 64.988712
v 59.149643 -22.945859 66.943605
v 57.477738 -24.855955 68.741681
v 55.923225 -26.914339 70.413506
v 54.393426 -29.008029 72.058752
v 53.021797 -31.285315 73.533892
v 51.941794 -33.894484 74.695399
v 51.231265 -37.283932 75.459548
v 50.804948 -41.238289 75.918037
v 50.551629 -44.910191 76.190473
v 50.360095 -47.452277 76.396461
v 41.261885 -8.305221 74.727106
v 41.076281 -4.985353 74.923273
v 40.780883 0.548335 75.235482
v 40.642334 7.221774 75.381917
v 40.927275 13.910291 75.080759
v 41.735045 20.349311 74.227018
v 42.914024 26.798064 72.980943
v 44.354416 32.870952 71.458577
v 45.946429 38.175738 69.775962
v 47.75803 42.429337 67.861262
v 49.81536 45.510155 65.686847
v 51.945886 47.297887 63.435071
v 53.977075 47.71532 61.288286
v 55.986044 46.539592 59.164986
v 58.023768 43.766631 57.011294
v 59.878502 39.727631 55.051005
v 61.338501 34.809171 53.507917
v 62.368473 29.197903 52.419329
v 63.074291 22.922619 51.673342
v 63.455956 16.19416 51.269956
v 63.513467 9.24293 51.209172
v 63.219376 2.149698 51.52
v 62.582833 -4.804876 52.19277
v 61.658733 -11.10171 53.16946
v 60.501975 -16.254981 54.39205
v 59.00015 -19.937256 55.979345
v 57.166329 -22.275788 57.91753
v 55.243627 -24.096263 59.949654
v 53.47516 -26.102122 61.818766
v 51.830864 -28.263704 63.55664
v 50.21271 -30.462362 65.266884
v 48.761861 -32.853821 66.800302
v 47.61948 -35.593802 68.007696
v 46.867914 -39.153182 68.802034
v 46.416975 -43.305793 69.278637
v 46.149025 -47.161788 69.561836
v 45.946429 -49.831323 69.775962
v 36.626165 -8.636677 68.251559
v 36.431763 -5.205866 68.453469
v 36.122362 0.485278 68.774819
v 35.977245 7.323526 68.925541
v 36.275694 14.145256 68.615566
v 37.121753 20.683155 67.736831
v 38.356617 27.216041 66.454275
v 39.865286 33.353058 64.887339
v 41.532763 38.696738 63.155463
v 43.430236 42.962801 61.184707
v 45.585087 46.034 58.946633
v 47.816603 47.792981 56.628933
v 49.944074 48.165301 54.419298
v 52.04827 46.922817 52.233834
v 54.182586 44.062453 50.017089
v 56.125237 39.927261 47.999411
v 57.654442 34.915448 46.411146
v 58.733236 29.215096 45.290687
v 59.472511 22.848258 44.52286
v 59.872268 16.024902 44.107665
v 59.932505 8.974472 44.045101
v 59.624474 1.77054 44.365029
v 58.957757 -5.305114 45.057496
v 57.989854 -11.72184 46.06278
v 56.778263 -16.982111 47.321163
v 55.20525 -20.751195 48.954929
v 53.284503 -23.164802 50.949857
v 51.270662 -25.057931 53.041475
v 49.418367 -27.143843 54.965308
v 47.696129 -29.391693 56.75406
v 46.001272 -31.678099 58.514375
v 44.48165 -34.164999 60.092686
v 43.285119 -37.014331 61.335428
v 42.497928 -40.715765 62.153022
v 42.025613 -45.034103 62.643578
v 41.744962 -49.043989 62.935068
v 41.532763 -51.820064 63.155463
v 32.045702 -8.866852 61.712827
v 31.844691 -5.376739 61.917977
v 31.524773 0.371561 62.244482
v 31.374723 7.240677 62.397622
v 31.683317 14.044828 62.082674
v 32.558137 20.521235 61.18984
v 33.83498 26.969932 59.886705
v 35.394935 33.004749 58.294628
v 37.119097 38.233163 56.534963
v 39.081074 42.37839 54.532587
v 41.309177 45.333768 52.258603
v 43.616553 46.990375 49.903716
v 45.816345 47.280513 47.658626
v 47.992073 45.975343 45.438097
v 50.198943 43.073437 43.185785
v 52.207633 38.924961 41.135732
v 53.788823 33.933066 39.521984
v 54.90429 28.281873 38.383548
v 55.668697 21.982265 37.603401
v 56.082042 15.235951 37.181544
v 56.144327 8.263353 37.117976
v 55.825825 1.124466 37.443037
v 55.136443 -5.906451 38.146614
v 54.135637 -12.29825 39.168029
v 52.882859 -17.551599 40.446602
v 51.256372 -21.331449 42.106582
v 49.27033 -23.782163 44.133519
v 47.18803 -25.725746 46.258696
v 45.272767 -27.867249 48.213397
v 43.491983 -30.175005 50.030851
v 41.73951 -32.522346 51.819409
v 40.16823 -35.075524 53.423045
v 38.931023 -38.000794 54.685727
v 38.117072 -41.800873 55.516438
v 37.628701 -46.234299 56.014866
v 37.33851 -50.351052 56.311032
v 37.119097 -53.201111 56.534963
v 27.53653 -8.970063 55.097921
v 27.331735 -5.475474 55.303292
v 27.005794 0.2334 55.630151
v 26.852919 7.012168 55.783456
v 27.167322 13.671206 55.468168
v 28.058612 19.957791 54.574369
v 29.35949 26.190958 53.269827
v 30.948812 31.997034 51.67603
v 32.705431 36.996411 49.914464
v 34.704342 40.926031 47.909924
v 36.974389 43.693423 45.633484
v 39.325201 45.2014 43.276053
v 41.566404 45.391294 41.028539
v 43.783089 44.037661 38.805611
v 46.031504 41.141002 36.550865
v 48.078008 37.053278 34.498598
v 49.688963 32.175957 32.883107
v 50.825429 26.685203 31.74344
v 51.604225 20.578801 30.962451
v 52.025352 14.045222 30.540138
v 52.088809 7.290421 30.476502
v 51.764311 0.357611 30.801914
v 51.061952 -6.492666 31.506251
v 50.042305 -12.738427 32.528769
v 48.765945 -17.887418 33.808724
v 47.108839 -21.610368 35.470496
v 45.08541 -24.058989 37.499623
v 42.963911 -26.025195 39.627096
v 41.012593 -28.191625 41.583909
v 39.198286 -30.526244 43.403325
v 37.412823 -32.900908 45.193816
v 35.811963 -35.483806 46.799184
v 34.551467 -38.443125 48.06323
v 33.722193 -42.287438 48.894839
v 33.224628 -46.772469 49.393805
v 32.928974 -50.937141 49.690291
v 32.705431 -53.820375 49.914464
v 23.107422 -8.933857 48.402044
v 22.902016 -5.485858 48.604428
v 22.575101 0.104423 48.926534
v 22.421769 6.702799 49.07761
v 22.737112 13.133396 48.766906
v 23.631064 19.156298 47.886105
v 24.935828 25.103185 46.600534
v 26.529898 30.617164 45.029914
v 28.291764 35.335867 43.293965
v 30.296647 39.012531 41.318575
v 32.573476 41.568921 39.07524
v 34.93131 42.919928 36.75209
v 37.179209 43.015943 34.537259
v 39.402516 41.637878 32.346657
v 41.657648 38.787979 30.1247
v 43.710265 34.814735 28.102278
v 45.326033 30.112265 26.510279
v 46.465894 24.84695 25.387186
v 47.247017 19.004696 24.617553
v 47.669402 12.759209 24.201382
v 47.733049 6.30031 24.138671
v 47.407581 -0.344673 24.459351
v 46.703124 -6.931441 25.153445
v 45.680431 -12.953912 26.161094
v 44.400257 -17.9334 27.422436
v 42.738201 -21.550659 29.060042
v 40.708728 -23.961882 31.059661
v 38.580891 -25.920151 33.156197
v 36.623744 -28.077837 35.084553
v 34.804016 -30.403033 36.877512
v 33.013219 -32.768113 38.641965
v 31.407578 -35.340585 40.223987
v 30.143315 -38.28796 41.469651
v 29.311564 -42.116756 42.289167
v 28.812513 -46.583685 42.780877
v 28.515976 -50.731547 43.073052
v 28.291764 -53.603144 43.293965
v 18.758865 -8.760313 41.628919
v 18.556038 -5.401357 41.825256
v 18.23323 0.015424 42.137738
v 18.081824 6.381674 42.284299
v 18.393206 12.550437 41.98288
v 19.275931 18.294464 41.128396
v 20.564309 23.948459 39.881237
v 22.138359 29.172831 38.357546
v 23.878098 33.622924 36.673466
v 25.857802 37.067115 34.7571
v 28.106037 39.438107 32.580793
v 30.434259 40.660379 30.327058
v 32.653927 40.691281 28.178404
v 34.849312 39.319677 26.053256
v 37.076122 36.54896 23.897689
v 39.102961 32.719454 21.935695
v 40.698436 28.213731 20.391264
v 41.823982 23.188778 19.301728
v 42.595295 17.622699 18.555092
v 43.012375 11.676312 18.151355
v 43.075223 5.525358 18.090518
v 42.753843 -0.814037 18.401617
v 42.058233 -7.112642 19.074972
v 41.048384 -12.883572 20.052513
v 39.784287 -17.66531 21.276166
v 38.143105 -21.150716 22.864843
v 36.139119 -23.49641 24.804714
v 34.038005 -25.416639 26.838607
v 32.105438 -27.532411 28.709346
v 30.308564 -29.812439 30.448732
v 28.540257 -32.131575 32.160464
v 26.95478 -34.654076 33.695217
v 25.706396 -37.544197 34.903661
v 24.88509 -41.298617 35.698691
v 24.392307 -45.678773 36.175708
v 24.099494 -49.746061 36.459154
v 23.878098 -52.561876 36.673466
v 14.48289 -8.465817 34.790228
v 14.285519 -5.22736 34.977921
v 13.971392 -0.014972 35.276644
v 13.824059 6.101552 35.416752
v 14.127065 12.015903 35.128604
v 14.986048 17.511222 34.311744
v 16.239773 22.914212 33.119498
v 17.771486 27.900261 31.662896
v 19.464432 32.139967 30.052967
v 21.390888 35.413047 28.220979
v 23.578653 37.6577 26.140496
v 25.844254 38.803673 23.985994
v 28.004219 38.811808 21.931947
v 30.140556 37.479337 19.90037
v 32.307471 34.809946 17.839714
v 34.279795 31.132042 15.964108
v 35.832357 26.813997 14.487679
v 36.927629 22.005404 13.446116
v 37.678197 16.682329 12.732354
v 38.084059 10.996917 12.346394
v 38.145216 5.115428 12.288236
v 37.83248 -0.950218 12.585637
v 37.155579 -6.982044 13.229344
v 36.172892 -12.512749 14.163843
v 34.942796 -17.099033 15.333618
v 33.345756 -20.446113 16.852344
v 31.395671 -22.706531 18.706802
v 29.35107 -24.562208 20.651142
v 27.470482 -26.606854 22.439511
v 25.721939 -28.810234 24.102311
v 24.001194 -31.051408 25.738675
v 22.458361 -33.48911 27.205851
v 21.243555 -36.282074 28.361088
v 20.444339 -39.910281 29.121112
v 19.96481 -44.143189 29.577126
v 19.679873 -48.073747 29.848091
v 19.464432 -50.794903 30.052967
v 10.263794 -8.079362 27.904231
v 10.074131 -4.981312 28.081404
v 9.772274 0.014978 28.363385
v 9.630695 5.88727 28.495641
v 9.921867 11.577711 28.223642
v 10.747299 16.876647 27.452563
v 11.952056 22.092684 26.327136
v 13.423943 26.912537 24.952168
v 15.050766 31.018249 23.432468
v 16.901978 34.196112 21.703153
v 19.004293 36.383977 19.739271
v 21.181404 37.512127 17.705517
v 23.257005 37.541174 15.766588
v 25.3099 36.276363 13.848871
v 27.39218 33.720811 11.903704
v 29.287468 30.188402 10.133215
v 30.77939 26.032003 8.739532
v 31.831883 21.396451 7.756343
v 32.553135 16.261624 7.082584
v 32.943145 10.77592 6.718255
v 33.001913 5.101509 6.663357
v 32.701392 -0.746643 6.944089
v 32.05093 -6.557036 7.55172
v 31.106625 -11.880548 8.433845
v 29.924574 -16.291468 9.538061
v 28.389911 -19.506482 10.971671
v 26.515993 -21.670004 12.722196
v 24.551251 -23.440971 14.557565
v 22.744115 -25.392281 16.245706
v 21.063866 -27.49508 17.815315
v 19.41033 -29.633946 19.359969
v 17.927758 -31.96037 20.744918
v 16.760399 -34.625838 21.835409
v 15.9924 -38.088422 22.552838
v 15.5316 -42.128103 22.983295
v 15.257792 -45.879235 23.239074
v 15.050766 -48.476173 23.432468
v 6.079688 -7.639518 20.993719
v 5.899121 -4.690474 21.159403
v 5.61174 0.091623 21.423096
v 5.47695 5.736808 21.546775
v 5.754159 11.239405 21.292416
v 6.540007 16.394042 20.571344
v 7.68699 21.484093 19.518905
v 9.088292 26.204091 18.23311
v 10.6371 30.243886 16.811968
v 12.399537 33.392187 15.194807
v 14.401034 35.581841 13.35829
v 16.473741 36.739858 11.456434
v 18.449806 36.823657 9.643253
v 20.404254 35.64579 7.849907
v 22.386678 33.208147 6.030892
v 24.191077 29.808765 4.375226
v 25.611454 25.784768 3.07193
v 26.613474 21.278596 2.152504
v 27.300137 16.278413 1.522442
v 27.671444 10.933013 1.181741
v 27.727395 5.404994 1.130402
v 27.441285 -0.281988 1.392929
v 26.822016 -5.918754 1.961152
v 25.922995 -11.07229 2.786068
v 24.79763 -15.333054 3.818671
v 23.336562 -18.427893 5.159305
v 21.552509 -20.490277 6.796302
v 19.681986 -22.164832 8.51264
v 17.961512 -24.009912 10.091297
v 16.36184 -25.998233 11.559111
v 14.7876 -28.020659 13.003588
v 13.376125 -30.220431 14.298717
v 12.264747 -32.740789 15.318486
v 11.533578 -36.014868 15.989386
v 11.094876 -39.834627 16.391927
v 10.834198 -43.381546 16.631117
v 10.6371 -45.837105 16.811968
v 1.904722 -7.190408 14.083555
v 1.733613 -4.38781 14.237762
v 1.461283 0.192349 14.483189
v 1.333553 5.632496 14.598301
v 1.596243 10.978659 14.361561
v 2.340931 16.027771 13.690437
v 3.427839 21.035 12.7109
v 4.755747 25.700182 11.51417
v 6.223434 29.718379 10.191469
v 7.893561 32.878098 8.686327
v 9.790227 35.104643 6.977023
v 11.754373 36.319632 5.206906
v 13.62694 36.475673 3.519322
v 15.479021 35.391827 1.850199
v 17.357612 33.068424 0.157185
v 19.067504 29.78768 -1.383794
v 20.413487 25.871647 -2.596813
v 21.363025 21.461912 -3.452551
v 22.013723 16.557185 -4.03897
v 22.365583 11.30912 -4.356071
v 22.418603 5.883441 -4.403853
v 22.147478 0.315429 -4.159512
v 21.560644 -5.185439 -3.630649
v 20.708711 -10.200175 -2.862874
v 19.642288 -14.333715 -1.901798
v 18.257746 -17.321755 -0.654028
v 16.567134 -19.285701 0.869576
v 14.794582 -20.861812 2.467025
v 13.164221 -22.598424 3.936331
v 11.648333 -24.469856 5.302471
v 10.156546 -26.373388 6.646891
v 8.818999 -28.443841 7.852308
v 7.765831 -30.816033 8.801439
v 7.072957 -33.897636 9.425866
v 6.657233 -37.49284 9.800523
v 6.410209 -40.831244 10.023145
v 6.223434 -43.142446 10.191469
v -2.288248 -6.777109 7.198032
v -2.450614 -4.107096 7.341738
v -2.709026 0.293651 7.570454
v -2.830229 5.555398 7.677727
v -2.580963 10.771152 7.457108
v -1.87433 15.739177 6.831683
v -0.842966 20.687744 5.918845
v 0.417083 25.320543 4.803605
v 1.809768 29.336377 3.57097
v 3.394547 32.522543 2.168317
v 5.19429 34.796474 0.575405
v 7.058064 36.074035 -1.074179
v 8.834938 36.302818 -2.646851
v 10.592374 35.307507 -4.202318
v 12.374965 33.086877 -5.780049
v 13.997477 29.908723 -7.216099
v 15.274677 26.081613 -8.34652
v 16.175691 21.746958 -9.143987
v 16.793138 16.913974 -9.690476
v 17.127016 11.737887 -9.985984
v 17.177327 6.388325 -10.030513
v 16.920057 0.912328 -9.802809
v 16.363212 -4.479335 -9.309958
v 15.554814 -9.379657 -8.594463
v 14.542888 -13.406115 -7.69883
v 13.229099 -16.301969 -6.536025
v 11.624881 -18.177175 -5.116167
v 9.942911 -19.662693 -3.627493
v 8.395865 -21.299486 -2.258237
v 6.957443 -23.063349 -0.985122
v 5.541889 -24.857468 0.267753
v 4.272694 -26.808912 1.39109
v 3.273345 -29.044753 2.275591
v 2.615879 -31.949228 2.8575
v 2.221399 -35.337783 3.206645
v 1.986998 -38.484298 3.414108
v 1.809768 -40.662654 3.57097
v -6.524816 -6.440947 0.358361
v -6.680165 -3.878456 0.493383
v -6.92741 0.3773 0.708278
v -7.043375 5.49544 0.809069
v -6.804882 10.607098 0.601781
v -6.128786 15.511502 0.014149
v -5.141992 20.414911 -0.843529
v -3.936398 25.024001 -1.891379
v -2.603898 29.040464 -3.049529
v -1.087606 32.250463 -4.367424
v 0.63436 34.56489 -5.864081
v 2.41759 35.894823 -7.413986
v 4.117675 36.183683 -8.891626
v 5.799162 35.260675 -10.353101
v 7.504718 33.123294 -11.835494
v 9.057112 30.027623 -13.184768
v 10.279117 26.271321 -14.246881
v 11.141194 21.995743 -14.99616
v 11.731957 17.218768 -15.509625
v 12.051407 12.098663 -15.787277
v 12.099543 6.808384 -15.829115
v 11.853392 1.404684 -15.615171
v 11.320611 -3.900465 -15.152101
v 10.547149 -8.709665 -14.479842
v 9.578953 -12.650484 -13.638329
v 8.32194 -15.472244 -12.545788
v 6.78705 -17.275541 -11.211729
v 5.177767 -18.687373 -9.813011
v 3.697577 -20.242977 -8.526494
v 2.321317 -21.919349 -7.33031
v 0.966938 -23.624475 -6.153143
v -0.247409 -25.479122 -5.097686
v -1.203571 -27.60406 -4.266632
v -1.832624 -30.364466 -3.719887
v -2.210056 -33.584939 -3.391839
v -2.434327 -36.575379 -3.196913
v -2.603898 -38.645684 -3.049529
v -10.826307 -6.215186 -6.419473
v -10.977212 -3.725136 -6.290684
v -11.217383 0.432566 -6.085711
v -11.33003 5.453173 -5.989572
v -11.09836 10.493487 -6.18729
v -10.441607 15.353468 -6.747794
v -9.483045 20.224691 -7.565874
v -8.311942 24.815946 -8.565347
v -7.017564 28.830977 -9.670028
v -5.544652 32.055293 -10.927079
v -3.871951 34.395496 -12.354639
v -2.139738 35.759526 -13.832988
v -0.488291 36.088071 -15.242409
v 1.14509 35.213408 -16.636411
v 2.801851 33.132184 -18.050366
v 4.309832 30.092605 -19.337346
v 5.496876 26.384961 -20.350424
v 6.334289 22.150506 -21.065111
v 6.908151 17.41285 -21.554871
v 7.218462 12.332205 -21.819704
v 7.265221 7.08365 -21.85961
v 7.026112 1.730354 -21.655544
v 6.508573 -3.515014 -21.213853
v 5.757239 -8.261609 -20.57263
v 4.816743 -12.143855 -19.769968
v 3.595693 -14.91521 -18.727867
v 2.104715 -16.670018 -17.455398
v 0.541472 -18.032365 -16.121256
v -0.896371 -19.533443 -14.894135
v -2.233256 -21.151056 -13.753175
v -3.548888 -22.796416 -12.630355
v -4.728493 -24.586057 -11.623626
v -5.657299 -26.636513 -10.830941
v -6.268356 -29.300165 -10.309437
v -6.63499 -32.407758 -9.996535
v -6.852845 -35.29338 -9.810607
v -7.017564 -37.291119 -9.670028
v -15.207473 -6.121559 -13.126254
v -15.35709 -3.661707 -13.000883
v -15.595213 0.454873 -12.80135
v -15.706898 5.434298 -12.707764
v -15.477205 10.444059 -12.900234
v -14.826056 15.284476 -13.445859
v -13.875673 20.141101 -14.242225
v -12.714563 24.723673 -15.215169
v -11.431231 28.736862 -16.290527
v -9.970887 31.965982 -17.514211
v -8.312459 34.315917 -18.903878
v -6.595027 35.693366 -20.342987
v -4.957671 36.037923 -21.714997
v -3.338228 35.183165 -23.071997
v -1.695605 33.1254 -24.448421
v -0.200491 30.109553 -25.70124
v 0.976424 26.422831 -26.687427
v 1.806692 22.206403 -27.383143
v 2.375657 17.4862 -27.859903
v 2.68332 12.423173 -28.117707
v 2.72968 7.193209 -28.156554
v 2.492611 1.86206 -27.957904
v 1.979489 -3.357387 -27.527937
v 1.234566 -8.07707 -26.903735
v 0.302095 -11.934312 -26.122378
v -0.908536 -14.684328 -25.107939
v -2.386792 -16.418896 -23.869246
v -3.936695 -17.76072 -22.570516
v -5.362269 -19.239185 -21.375967
v -6.687747 -20.832431 -20.265293
v -7.992152 -22.453004 -19.172277
v -9.161692 -24.215685 -18.19227
v -10.082572 -26.235253 -17.420625
v -10.688415 -28.858778 -16.912964
v -11.05192 -31.919558 -16.608367
v -11.267916 -34.76171 -16.427375
v -11.431231 -36.729354 -16.290527
v -19.674852 -6.167999 -19.760345
v -19.826597 -3.693347 -19.635513
v -20.068106 0.443104 -19.436838
v -20.18138 5.442114 -19.343653
v -19.94842 10.465921 -19.535296
v -19.288009 15.314731 -20.078578
v -18.324109 20.177161 -20.871523
v -17.146483 24.762562 -21.840287
v -15.844897 28.775232 -22.911027
v -14.363781 32.000666 -24.129454
v -12.681764 34.344674 -25.513152
v -10.939904 35.714638 -26.946079
v -9.279259 36.05074 -28.312195
v -7.636781 35.185945 -29.663366
v -5.970794 33.116737 -31.033877
v -4.454414 30.089658 -32.281315
v -3.260759 26.393412 -33.263266
v -2.418681 22.169161 -33.955994
v -1.841623 17.441618 -34.430706
v -1.529585 12.371292 -34.687402
v -1.482565 7.133584 -34.726082
v -1.723006 1.792879 -34.528285
v -2.243427 -3.438128 -34.100165
v -2.998945 -8.17007 -33.478644
v -3.944679 -12.038896 -32.700644
v -5.17253 -14.798998 -31.690562
v -6.671812 -16.543453 -30.45719
v -8.243761 -17.895457 -29.164039
v -9.689612 -19.385138 -27.974622
v -11.033943 -20.99047 -26.868718
v -12.356902 -22.623338 -25.780397
v -13.543077 -24.399391 -24.8046
v -14.477056 -26.43428 -24.03627
v -15.091515 -29.077708 -23.530789
v -15.460191 -32.161707 -23.227501
v -15.67926 -35.025421 -23.047286
v -15.844897 -37.007992 -22.911027
v -24.225967 -6.347813 -26.327686
v -24.383158 -3.815709 -26.200749
v -24.633335 0.398116 -25.998721
v -24.750674 5.47365 -25.903964
v -24.509353 10.552754 -26.098841
v -23.825242 15.435141 -26.651289
v -22.826749 20.321227 -27.457612
v -21.60686 24.918799 -28.442721
v -20.258563 28.930636 -29.531526
v -18.724293 32.142869 -30.77051
v -16.981912 34.464835 -32.177554
v -15.17754 35.806497 -33.634657
v -13.457298 36.110287 -35.023822
v -11.755875 35.206759 -36.397789
v -10.030098 33.093088 -37.791424
v -8.459299 30.022075 -39.059908
v -7.222806 26.288249 -40.058426
v -6.350508 22.032785 -40.762842
v -5.752741 17.275739 -41.245563
v -5.429503 12.175967 -41.50659
v -5.380796 6.907061 -41.545923
v -5.629866 1.52818 -41.344789
v -6.168964 -3.748654 -40.909446
v -6.951596 -8.52896 -40.277438
v -7.931271 -12.443312 -39.486312
v -9.203187 -15.242873 -38.459188
v -10.756275 -17.025741 -37.205007
v -12.384638 -18.417159 -35.890038
v -13.882377 -19.950269 -34.680553
v -15.274954 -21.6024 -33.555991
v -16.645391 -23.28287 -32.449308
v -17.874135 -25.1107 -31.457047
v -18.841633 -27.204912 -30.675754
v -19.478144 -29.925403 -30.161745
v -19.860051 -33.099309 -29.85334
v -20.086981 -36.046508 -29.670085
v -20.258563 -38.086877 -29.531526
v -28.849474 -6.640381 -32.840998
v -29.014979 -4.015111 -32.709814
v -29.278388 0.323692 -32.501027
v -29.401933 5.522271 -32.4031
v -29.147849 10.689418 -32.604497
v -28.427554 15.624155 -33.175427
v -27.376249 20.546235 -34.008726
v -26.09184 25.161036 -35.026793
v -24.672229 29.169025 -36.152025
v -23.05681 32.357512 -37.432461
v -21.222272 34.6417 -38.886578
v -19.322465 35.935871 -40.39243
v -17.511237 36.186194 -41.82807
v -15.719824 35.219361 -43.248005
v -13.902769 33.033681 -44.688265
v -12.248887 29.892122 -45.999188
v -10.946995 26.098637 -47.031112
v -10.02856 21.794332 -47.759094
v -9.399176 16.991576 -48.257965
v -9.058843 11.846398 -48.527725
v -9.00756 6.529302 -48.568374
v -9.269803 1.090791 -48.360511
v -9.837414 -4.258349 -47.910603
v -10.661441 -9.11545 -47.257452
v -11.692931 -13.102451 -46.439857
v -13.032121 -15.965349 -45.37837
v -14.667354 -17.810451 -44.082229
v -16.381843 -19.265999 -42.723267
v -17.958799 -20.86977 -41.473317
v -19.425031 -22.598048 -40.311132
v -20.867952 -24.35597 -39.167424
v -22.161686 -26.268044 -38.141967
v -23.180356 -28.458777 -37.334534
v -23.850533 -31.304655 -36.803329
v -24.25264 -34.624846 -36.484606
v -24.491572 -37.70788 -36.295219
v -24.672229 -39.842288 -36.152025
v -33.526236 -7.013308 -39.318299
v -33.702164 -4.269211 -39.181441
v -33.982164 0.229106 -38.963624
v -34.113491 5.584858 -38.861462
v -33.843403 10.864669 -39.071568
v -33.077742 15.866656 -39.667191
v -31.960223 20.835183 -40.53653
v -30.594917 25.472532 -41.598627
v -29.085895 29.476184 -42.772524
v -27.368732 32.634919 -44.108338
v -25.418649 34.871388 -45.625344
v -23.399186 36.105351 -47.196323
v -21.473882 36.287726 -48.694053
v -19.56964 35.240264 -50.175399
v -17.638141 32.962722 -51.677948
v -15.880094 29.731027 -53.045567
v -14.496204 25.861159 -54.122121
v -13.519924 21.494155 -54.881588
v -12.850899 16.632612 -55.402035
v -12.48913 11.428987 -55.683462
v -12.434617 6.049879 -55.725869
v -12.713377 0.534795 -55.509016
v -13.316738 -4.907026 -55.03965
v -14.192665 -9.862446 -54.35825
v -15.289122 -13.942374 -53.505295
v -16.712657 -16.886203 -52.3979
v -18.450882 -18.810693 -51.045702
v -20.273355 -20.347986 -49.627966
v -21.949633 -22.041825 -48.323957
v -23.508212 -23.867163 -47.111509
v -25.042013 -25.723811 -45.918336
v -26.41723 -27.743268 -44.848529
v -27.500059 -30.057034 -44.006176
v -28.212446 -33.062737 -43.451996
v -28.639879 -36.569391 -43.119489
v -28.89386 -39.825569 -42.921912
v -29.085895 -42.079847 -42.772524
v -38.231239 -7.425799 -45.7809
v -38.418711 -4.548643 -45.637786
v -38.717081 0.130892 -45.410012
v -38.857025 5.66815 -45.303181
v -38.569216 11.082665 -45.522891
v -37.753318 16.17096 -46.145741
v -36.562478 21.203929 -47.054818
v -35.107592 25.879662 -48.165466
v -33.499561 29.891552 -49.393023
v -31.669733 33.029242 -50.789899
v -29.591702 35.22293 -52.37625
v -27.439739 36.397848 -54.01904
v -25.388113 36.509724 -55.585234
v -23.358931 35.374576 -57.134295
v -21.300704 32.99367 -58.705528
v -19.427308 29.657375 -60.135663
v -17.952619 25.695254 -61.261428
v -16.912284 21.248729 -62.055611
v -16.199363 16.310177 -62.599849
v -15.813858 11.028806 -62.89414
v -15.755769 5.567666 -62.938485
v -16.052819 -0.045119 -62.71172
v -16.695767 -5.601255 -62.220898
v -17.629165 -10.675337 -61.50835
v -18.797562 -14.865494 -60.616406
v -20.314497 -17.903376 -59.45839
v -22.16677 -19.917055 -58.044381
v -24.108817 -21.544763 -56.561838
v -25.895079 -23.338227 -55.198221
v -27.555919 -25.270923 -53.93035
v -29.190354 -27.236771 -52.682635
v -30.655802 -29.375004 -51.563925
v -31.809676 -31.824854 -50.683067
v -32.568804 -35.00734 -50.103555
v -33.024281 -38.72024 -49.755848
v -33.294927 -42.167932 -49.549239
v -33.499561 -44.554796 -49.393023
v -42.936152 -7.832923 -52.251108
v -43.135163 -4.820007 -52.10204
v -43.451899 0.051426 -51.864789
v -43.600457 5.788709 -51.753512
v -43.294933 11.363677 -51.982365
v -42.428815 16.569674 -52.631129
v -41.164674 21.701875 -53.578031
v -39.620237 26.452151 -54.73489
v -37.913227 30.507715 -56.013522
v -35.970768 33.656986 -57.468518
v -33.764829 35.835716 -59.120873
v -31.480407 36.972945 -60.832016
v -29.302498 37.027945 -62.463375
v -27.148415 35.81033 -64.076888
v -24.963498 33.32262 -65.713496
v -22.97479 29.869716 -67.203134
v -21.40933 25.795372 -68.375739
v -20.304959 21.242623 -69.202967
v -19.548157 16.195386 -69.769848
v -19.138923 10.80157 -70.076384
v -19.077258 5.22281 -70.122575
v -19.392592 -0.521858 -69.886374
v -20.075115 -6.223004 -69.375131
v -21.065966 -11.441232 -68.632936
v -22.306281 -15.760476 -67.70388
v -23.916588 -18.903558 -66.497682
v -25.882873 -21.009018 -65.02484
v -27.944458 -22.725966 -63.480612
v -29.840669 -24.617757 -62.060259
v -31.603738 -26.656415 -60.739635
v -33.338777 -28.730041 -59.440006
v -34.894427 -30.985504 -58.27475
v -36.119325 -33.569669 -57.357242
v -36.92518 -36.926636 -56.753618
v -37.408692 -40.843097 -56.391443
v -37.695997 -44.479811 -56.176238
v -37.913227 -46.997536 -56.013522
v -47.612267 -8.190292 -58.749875
v -47.821677 -5.050127 -58.595983
v -48.154962 0.013523 -58.351057
v -48.311282 5.964458 -58.23618
v -47.989794 11.730416 -58.472436
v -47.078421 17.099018 -59.142192
v -45.748229 22.383285 -60.119731
v -44.123095 27.265832 -61.314019
v -42.326893 31.424539 -62.634022
v -40.28294 34.64296 -64.136094
v -37.961741 36.858274 -65.84191
v -35.557957 37.999957 -67.608416
v -33.266252 38.028196 -69.292558
v -30.999617 36.745631 -70.958276
v -28.700538 34.155446 -72.647836
v -26.60792 30.575807 -74.185672
v -24.960664 26.364352 -75.396216
v -23.79859 21.66779 -76.250208
v -23.002245 16.465566 -76.835431
v -22.571628 10.907936 -77.151885
v -22.506741 5.159098 -77.19957
v -22.838551 -0.765981 -76.955727
v -23.556737 -6.653092 -76.427942
v -24.59936 -12.047128 -75.661734
v -25.904481 -16.516682 -74.702618
v -27.598927 -19.774663 -73.457394
v -29.667951 -21.967533 -71.936898
v -31.837255 -23.762816 -70.342708
v -33.832542 -25.740918 -68.876399
v -35.687732 -27.872587 -67.513047
v -37.513428 -30.040821 -66.171369
v -39.15036 -32.399186 -64.968411
v -40.43926 -35.101251 -64.021217
v -41.28722 -38.611377 -63.398063
v -41.795996 -42.706523 -63.02417
v -42.098313 -46.509158 -62.802002
v -42.326893 -49.141752 -62.634022
v -52.233516 -8.4587 -65.294646
v -52.45115 -5.210889 -65.137753
v -52.797525 0.032639 -64.888051
v -52.959984 6.200912 -64.770935
v -52.62587 12.185225 -65.011798
v -51.678703 17.764518 -65.694611
v -50.296268 23.26004 -66.691209
v -48.607306 28.341777 -67.908782
v -46.740559 32.67476 -69.254521
v -44.61633 36.033231 -70.785879
v -42.203966 38.350287 -72.524953
v -39.705774 39.55139 -74.325901
v -37.324062 39.594133 -76.042878
v -34.968405 38.273897 -77.741072
v -32.57903 35.593713 -79.463573
v -30.404224 31.882475 -81.031392
v -28.692273 27.510376 -82.265538
v -27.484558 22.630255 -83.136181
v -26.656936 17.222618 -83.732814
v -26.209407 11.444688 -84.055437
v -26.141971 5.468274 -84.104052
v -26.486814 -0.688874 -83.855455
v -27.233206 -6.803311 -83.31738
v -28.316778 -12.403006 -82.536233
v -29.673158 -17.040723 -81.558418
v -31.434153 -20.418695 -80.288916
v -33.584437 -22.687441 -78.738775
v -35.838941 -24.541558 -77.113502
v -37.912593 -26.584485 -75.618605
v -39.840645 -28.786013 -74.228672
v -41.738045 -31.025302 -72.860835
v -43.439268 -33.460955 -71.634423
v -44.778789 -36.25157 -70.668762
v -45.660053 -39.876727 -70.033458
v -46.188812 -44.106077 -69.652276
v -46.503001 -48.033331 -69.425776
v -46.740559 -50.752198 -69.254521
v -56.779251 -8.608207 -71.897626
v -57.002118 -5.283507 -71.740039
v -57.356821 0.110016 -71.489233
v -57.523186 6.479107 -71.371598
v -57.181039 12.690098 -71.613526
v -56.211099 18.510952 -72.29936
v -54.795425 24.260237 -73.300367
v -53.065855 29.592947 -74.523327
v -51.154226 34.158771 -75.87502
v -48.978923 37.718821 -77.413153
v -46.508557 40.196698 -79.159921
v -43.9503 41.509535 -80.968837
v -41.511324 41.608886 -82.69341
v -39.099029 40.283248 -84.399117
v -36.652206 37.534657 -86.129239
v -34.42511 33.69905 -87.703994
v -32.671998 29.1566 -88.9436
v -31.435246 24.06829 -89.818094
v -30.587725 18.421411 -90.417367
v -30.129436 12.384366 -90.741418
v -30.060379 6.141181 -90.790248
v -30.413512 -0.280659 -90.540551
v -31.177851 -6.644647 -90.000096
v -32.287475 -12.462132 -89.215493
v -33.676467 -17.271029 -88.233351
v -35.479802 -20.76309 -86.958233
v -37.681787 -23.088441 -85.401234
v -39.990496 -24.975329 -83.768771
v -42.114006 -27.054365 -82.26726
v -44.088415 -29.294805 -80.871177
v -46.031434 -31.573674 -79.497289
v -47.77356 -34.052376 -78.265451
v -49.145288 -36.892316 -77.295518
v -50.04774 -40.581547 -76.657403
v -50.589212 -44.885651 -76.274535
v -50.910956 -48.882318 -76.047033
v -51.154226 -51.649242 -75.87502
v -61.236486 -8.621267 -78.564642
v -61.461079 -5.261064 -78.408898
v -61.818529 0.230239 -78.161025
v -61.986183 6.752488 -78.044766
v -61.641385 13.161905 -78.283865
v -60.663933 19.215048 -78.961678
v -59.237294 25.217904 -79.950978
v -57.494328 30.810625 -81.159635
v -55.567892 35.627637 -82.495519
v -53.37574 39.415409 -84.015663
v -50.88624 42.084423 -85.742003
v -48.308169 43.540733 -87.529762
v -45.850302 43.727544 -89.234166
v -43.419322 42.427927 -90.919925
v -40.953547 39.642284 -92.629812
v -38.709201 35.708982 -94.18615
v -36.942511 31.014144 -95.411259
v -35.696179 25.727506 -96.275526
v -34.842094 19.847484 -96.867789
v -34.380255 13.555868 -97.188051
v -34.310663 7.051315 -97.236309
v -34.666532 0.376079 -96.989533
v -35.43679 -6.218724 -96.455398
v -36.555009 -12.230773 -95.679971
v -37.95476 -17.186418 -94.709317
v -39.772063 -20.768792 -93.449111
v -41.991102 -23.123471 -91.910321
v -44.317693 -25.013222 -90.296951
v -46.457651 -27.095412 -88.813001
v -48.447353 -29.339251 -87.433245
v -50.405422 -31.621577 -86.075425
v -52.161041 -34.10404 -84.857994
v -53.543394 -36.948289 -83.899404
v -54.452836 -40.643118 -83.268752
v -54.998502 -44.953752 -82.890362
v -55.322738 -48.956483 -82.665521
v -55.567892 -51.727605 -82.495519
v -62.888351 -4.393737 -87.139471
v -63.00352 -2.663134 -87.061159
v -63.186816 0.188723 -86.936522
v -63.272787 3.59804 -86.878064
v -63.095979 6.976911 -86.998289
v -62.594752 10.194698 -87.339111
v -61.863187 13.399575 -87.836557
v -60.969413 16.399636 -88.444301
v -59.981558 18.999812 -89.116018
v -58.857446 21.0624 -89.880386
v -57.580858 22.534049 -90.748435
v -56.258851 23.360366 -91.647367
v -54.998484 23.507486 -92.504385
v -53.751904 22.861819 -93.352029
v -52.487482 21.422593 -94.211805
v -51.336606 19.363399 -94.994372
v -50.430666 16.884214 -95.610388
v -49.791561 14.0766 -96.044964
v -49.353595 10.946378 -96.34277
v -49.11677 7.594003 -96.503805
v -49.081083 4.12925 -96.528071
v -49.263569 0.582413 -96.403985
v -49.658549 -2.91006 -96.135409
v -50.231959 -6.084475 -95.745504
v -50.949736 -8.692985 -95.257433
v -51.881629 -10.569252 -94.623769
v -53.019529 -11.784629 -93.850026
v -54.212579 -12.747721 -93.038781
v -55.309926 -13.808887 -92.292612
v -56.330223 -14.952435 -91.598835
v -57.3343 -16.115598 -90.916088
v -58.234562 -17.380759 -90.303932
v -58.943417 -18.8303 -89.821928
v -59.40977 -20.71333 -89.50482
v -59.689581 -22.910198 -89.314555
v -59.855845 -24.950148 -89.2015
v -59.981558 -26.36242 -89.116018
v -64.404543 -0.014 -95.730305
v -64.404912 -0.008431 -95.730059
v -64.4055 0.000817 -95.729667
v -64.405775 0.011939 -95.729483
v -64.405208 0.023045 -95.729861
v -64.403602 0.033701 -95.730932
v -64.401256 0.044353 -95.732496
v -64.398391 0.054366 -95.734406
v -64.395224 0.06309 -95.736517
v -64.39162 0.070063 -95.73892
v -64.387527 0.075089 -95.741648
v -64.383289 0.077977 -95.744474
v -64.379249 0.078603 -95.747168
v -64.375252 0.076596 -95.749832
v -64.371198 0.071951 -95.752534
v -64.367509 0.065224 -95.754994
v -64.364604 0.057062 -95.75693
v -64.362556 0.047773 -95.758296
v -64.361151 0.037395 -95.759232
v -64.360392 0.026272 -95.759739
v -64.360278 0.014778 -95.759815
v -64.360863 0.003038 -95.759425
v -64.362129 -0.008488 -95.758581
v -64.363967 -0.018937 -95.757355
v -64.366269 -0.027499 -95.755821
v -64.369256 -0.033631 -95.753829
v -64.372904 -0.03755 -95.751397
v -64.376729 -0.040619 -95.748847
v -64.380247 -0.044 -95.746502
v -64.383518 -0.047644 -95.744321
v -64.386737 -0.05135 -95.742175
v -64.389623 -0.055381 -95.740251
v -64.391896 -0.06 -95.738736
v -64.393391 -0.066 -95.737739
v -64.394288 -0.073 -95.737141
v -64.394821 -0.0795 -95.736786
v -64.395224 -0.084 -95.736517
vt 0.52644874 1.15526453
vt 0.52644874 1.15005173
vt 0.52644874 1.14147479
vt 0.52644874 1.13125802
vt 0.52644874 1.12113032
vt 0.52644874 1.11134616
vt 0.52644874 1.10141529
vt 0.52644874 1.09189349
vt 0.52644874 1.08335184
vt 0.52644874 1.07597625
vt 0.52644874 1.06959921
vt 0.52644874 1.06420577
vt 0.52644874 1.05960319
vt 0.52644874 1.05466815
vt 0.52644874 1.04835957
vt 0.52644874 1.04090687
vt 0.52644874 1.03279373
vt 0.52644874 1.02408893
vt 0.52644874 1.01460504
vt 0.52644874 1.00455677
vt 0.52644874 0.99420857
vt 0.52644874 0.98359118
vt 0.52644874 0.97305318
vt 0.52644874 0.96333353
vt 0.52644874 0.95510383
vt 0.52644874 0.94854253
vt 0.52644874 0.94302609
vt 0.52644874 0.93780931
vt 0.52644874 0.93269938
vt 0.52644874 0.9276401
vt 0.52644874 0.92258331
vt 0.52644874 0.91756367
vt 0.52644874 0.91249904
vt 0.52644874 0.90658737
vt 0.52644874 0.89990244
vt 0.52644874 0.89373762
vt 0.52644874 0.88946572
vt 0.54198991 1.16733791
vt 0.54198991 1.16191413
vt 0.54198991 1.15292316
vt 0.54198991 1.14215036
vt 0.54198991 1.13139258
vt 0.54198991 1.12093611
vt 0.54198991 1.11030033
vt 0.54198991 1.10008416
vt 0.54198991 1.09090329
vt 0.54198991 1.08298511
vt 0.54198991 1.07619094
vt 0.54198991 1.07051961
vt 0.54198991 1.06576054
vt 0.54198991 1.06069319
vt 0.54198991 1.05415331
vt 0.54198991 1.04634309
vt 0.54198991 1.03775545
vt 0.54198991 1.02847208
vt 0.54198991 1.01832197
vt 0.54198991 1.0075511
vt 0.54198991 0.99645868
vt 0.54198991 0.98510357
vt 0.54198991 0.9738711
vt 0.54198991 0.96354588
vt 0.54198991 0.95483957
vt 0.54198991 0.94795358
vt 0.54198991 0.94223935
vt 0.54198991 0.93686302
vt 0.54198991 0.93159681
vt 0.54198991 0.92638281
vt 0.54198991 0.92117136
vt 0.54198991 0.9159982
vt 0.54198991 0.91077867
vt 0.54198991 0.9046862
vt 0.54198991 0.89779682
vt 0.54198991 0.89144346
vt 0.54198991 0.88704091
vt 0.55753107 1.18682681
vt 0.55753107 1.18096213
vt 0.55753107 1.17119119
vt 0.55753107 1.15943803
vt 0.55753107 1.14764407
vt 0.55753107 1.13613444
vt 0.55753107 1.12441094
vt 0.55753107 1.1131362
vt 0.55753107 1.10299156
vt 0.55753107 1.09424728
vt 0.55753107 1.08677936
vt 0.55753107 1.08059837
vt 0.55753107 1.07547146
vt 0.55753107 1.07004147
vt 0.55753107 1.06298747
vt 0.55753107 1.05450075
vt 0.55753107 1.04510701
vt 0.55753107 1.0349024
vt 0.55753107 1.02371963
vt 0.55753107 1.01184118
vt 0.55753107 0.99960813
vt 0.55753107 0.9871038
vt 0.55753107 0.97476135
vt 0.55753107 0.96344076
vt 0.55753107 0.95392095
vt 0.55753107 0.9464313
vt 0.55753107 0.94027118
vt 0.55753107 0.9344957
vt 0.55753107 0.92883852
vt 0.55753107 0.92323742
vt 0.55753107 0.91763907
vt 0.55753107 0.91208186
vt 0.55753107 0.90647482
vt 0.55753107 0.89993004
vt 0.55753107 0.89252919
vt 0.55753107 0.88570415
vt 0.55753107 0.88097474
vt 0.57307224 1.20085517
vt 0.57307224 1.19464797
vt 0.57307224 1.18428748
vt 0.57307224 1.17180763
vt 0.57307224 1.15926266
vt 0.57307224 1.14700262
vt 0.57307224 1.13450845
vt 0.57307224 1.12248724
vt 0.57307224 1.11166609
vt 0.57307224 1.10234029
vt 0.57307224 1.09438855
vt 0.57307224 1.08782683
vt 0.57307224 1.0824072
vt 0.57307224 1.07667897
vt 0.57307224 1.06921969
vt 0.57307224 1.06022117
vt 0.57307224 1.05023712
vt 0.57307224 1.03937234
vt 0.57307224 1.02745656
vt 0.57307224 1.0147951
vt 0.57307224 1.00175569
vt 0.57307224 0.98843405
vt 0.57307224 0.97529499
vt 0.57307224 0.96325316
vt 0.57307224 0.95313659
vt 0.57307224 0.94519252
vt 0.57307224 0.93867975
vt 0.57307224 0.93258154
vt 0.57307224 0.92660823
vt 0.57307224 0.92069414
vt 0.57307224 0.91478294
vt 0.57307224 0.90891518
vt 0.57307224 0.90299483
vt 0.57307224 0.89608432
vt 0.57307224 0.88826989
vt 0.57307224 0.88106346
vt 0.57307224 0.87606977
vt 0.58861341 1.21075733
vt 0.58861341 1.20425286
vt 0.58861341 1.19341394
vt 0.58861341 1.18037423
vt 0.58861341 1.16728689
vt 0.58861341 1.15451317
vt 0.58861341 1.1415014
vt 0.58861341 1.12898713
vt 0.58861341 1.11772669
vt 0.58861341 1.1080208
vt 0.58861341 1.09973305
vt 0.58861341 1.09287564
vt 0.58861341 1.08719018
vt 0.58861341 1.08116987
vt 0.58861341 1.07334706
vt 0.58861341 1.06393276
vt 0.58861341 1.05350972
vt 0.58861341 1.04218491
vt 0.58861341 1.02977352
vt 0.58861341 1.01658953
vt 0.58861341 1.00301198
vt 0.58861341 0.98913408
vt 0.58861341 0.97543695
vt 0.58861341 0.96287485
vt 0.58861341 0.95231208
vt 0.58861341 0.94400353
vt 0.58861341 0.93717216
vt 0.58861341 0.93076821
vt 0.58861341 0.92449543
vt 0.58861341 0.91828483
vt 0.58861341 0.91207727
vt 0.58861341 0.90591533
vt 0.58861341 0.89969815
vt 0.58861341 0.89244118
vt 0.58861341 0.88423498
vt 0.58861341 0.87666725
vt 0.58861341 0.8714232
vt 0.60415458 1.21520575
vt 0.60415458 1.20848365
vt 0.60415458 1.19733561
vt 0.60415458 1.1839737
vt 0.60415458 1.17062474
vt 0.60415458 1.15764512
vt 0.60415458 1.14444131
vt 0.60415458 1.13175706
vt 0.60415458 1.12035702
vt 0.60415458 1.11052546
vt 0.60415458 1.10209306
vt 0.60415458 1.09505952
vt 0.60415458 1.08916324
vt 0.60415458 1.08288778
vt 0.60415458 1.07478417
vt 0.60415458 1.06510028
vt 0.60415458 1.05444628
vt 0.60415458 1.04292421
vt 0.60415458 1.03032385
vt 0.60415458 1.0169517
vt 0.60415458 1.00318033
vt 0.60415458 0.98908467
vt 0.60415458 0.97514391
vt 0.60415458 0.96233164
vt 0.60415458 0.95153078
vt 0.60415458 0.94299213
vt 0.60415458 0.93591191
vt 0.60415458 0.92925238
vt 0.60415458 0.92272925
vt 0.60415458 0.91627079
vt 0.60415458 0.9098155
vt 0.60415458 0.90340764
vt 0.60415458 0.89694233
vt 0.60415458 0.88939574
vt 0.60415458 0.88086203
vt 0.60415458 0.87299228
vt 0.60415458 0.86753894
vt 0.61969575 1.21404262
vt 0.61969575 1.20720393
vt 0.61969575 1.19594284
vt 0.61969575 1.18252034
vt 0.61969575 1.16920429
vt 0.61969575 1.15633144
vt 0.61969575 1.1432626
vt 0.61969575 1.13072966
vt 0.61969575 1.11948473
vt 0.61969575 1.10977632
vt 0.61969575 1.10138943
vt 0.61969575 1.09430625
vt 0.61969575 1.08827238
vt 0.61969575 1.08180712
vt 0.61969575 1.0735341
vt 0.61969575 1.06374945
vt 0.61969575 1.05308629
vt 0.61969575 1.04163618
vt 0.61969575 1.02915644
vt 0.61969575 1.01593179
vt 0.61969575 1.00231237
vt 0.61969575 0.98834213
vt 0.61969575 0.97448143
vt 0.61969575 0.96170179
vt 0.61969575 0.95088603
vt 0.61969575 0.94227037
vt 0.61969575 0.93503675
vt 0.61969575 0.92819974
vt 0.61969575 0.92150276
vt 0.61969575 0.91487218
vt 0.61969575 0.90824484
vt 0.61969575 0.90166621
vt 0.61969575 0.8950286
vt 0.61969575 0.88728088
vt 0.61969575 0.87851975
vt 0.61969575 0.87044026
vt 0.61969575 0.86484158
vt 0.63523692 1.20825561
vt 0.63523692 1.20140769
vt 0.63523692 1.19022258
vt 0.63523692 1.17697631
vt 0.63523692 1.16394246
vt 0.63523692 1.15142839
vt 0.63523692 1.13875351
vt 0.63523692 1.12662225
vt 0.63523692 1.11575803
vt 0.63523692 1.10636207
vt 0.63523692 1.09817043
vt 0.63523692 1.09114855
vt 0.63523692 1.08506011
vt 0.63523692 1.07849371
vt 0.63523692 1.07017642
vt 0.63523692 1.0604535
vt 0.63523692 1.04997371
vt 0.63523692 1.03881561
vt 0.63523692 1.02670354
vt 0.63523692 1.01389165
vt 0.63523692 1.00069756
vt 0.63523692 0.98712835
vt 0.63523692 0.97361404
vt 0.63523692 0.96110589
vt 0.63523692 0.9504704
vt 0.63523692 0.94192271
vt 0.63523692 0.93464432
vt 0.63523692 0.92772773
vt 0.63523692 0.9209528
vt 0.63523692 0.91424504
vt 0.63523692 0.90754056
vt 0.63523692 0.90088535
vt 0.63523692 0.89417048
vt 0.63523692 0.88633258
vt 0.63523692 0.87746946
vt 0.63523692 0.86929592
vt 0.63523692 0.86363208
vt 0.65077809 1.1995779
vt 0.65077809 1.19282086
vt 0.65077809 1.18186692
vt 0.65077809 1.16897285
vt 0.65077809 1.15638442
vt 0.65077809 1.14437721
vt 0.65077809 1.13224251
vt 0.65077809 1.12064923
vt 0.65077809 1.11028373
vt 0.65077809 1.10129998
vt 0.65077809 1.09339349
vt 0.65077809 1.08651836
vt 0.65077809 1.08046285
vt 0.65077809 1.07389922
vt 0.65077809 1.06566194
vt 0.65077809 1.05613478
vt 0.65077809 1.04597198
vt 0.65077809 1.03523994
vt 0.65077809 1.02363708
vt 0.65077809 1.01138596
vt 0.65077809 0.99876975
vt 0.65077809 0.98576172
vt 0.65077809 0.97275786
vt 0.65077809 0.9606772
vt 0.65077809 0.95035887
vt 0.65077809 0.9419958
vt 0.65077809 0.93478198
vt 0.65077809 0.9278933
vt 0.65077809 0.92114572
vt 0.65077809 0.91446503
vt 0.65077809 0.90778761
vt 0.65077809 0.90115927
vt 0.65077809 0.8944715
vt 0.65077809 0.88666523
vt 0.65077809 0.87783789
vt 0.65077809 0.86969734
vt 0.65077809 0.86405636
vt 0.66631926 1.18988833
vt 0.66631926 1.18330549
vt 0.66631926 1.17269069
vt 0.66631926 1.16025002
vt 0.66631926 1.14817292
vt 0.66631926 1.13670853
vt 0.66631926 1.12514071
vt 0.66631926 1.11410295
vt 0.66631926 1.10424482
vt 0.66631926 1.09568493
vt 0.66631926 1.08809666
vt 0.66631926 1.08142934
vt 0.66631926 1.07549401
vt 0.66631926 1.06904152
vt 0.66631926 1.06099562
vt 0.66631926 1.0517591
vt 0.66631926 1.04197936
vt 0.66631926 1.03171394
vt 0.66631926 1.02064879
vt 0.66631926 1.00898134
vt 0.66631926 0.99696658
vt 0.66631926 0.98455517
vt 0.66631926 0.97211339
vt 0.66631926 0.96052313
vt 0.66631926 0.95059099
vt 0.66631926 0.94249173
vt 0.66631926 0.93544183
vt 0.66631926 0.92868696
vt 0.66631926 0.92207046
vt 0.66631926 0.91551955
vt 0.66631926 0.90897184
vt 0.66631926 0.90247225
vt 0.66631926 0.89591439
vt 0.66631926 0.88825977
vt 0.66631926 0.8796039
vt 0.66631926 0.87162149
vt 0.66631926 0.86609009
vt 0.68186043 1.18067245
vt 0.68186043 1.17432567
vt 0.68186043 1.16411111
vt 0.68186043 1.15215837
vt 0.68186043 1.14057891
vt 0.68186043 1.12960618
vt 0.68186043 1.1185408
vt 0.68186043 1.10798719
vt 0.68186043 1.09856497
vt 0.68186043 1.09037749
vt 0.68186043 1.08309954
vt 0.68186043 1.07668066
vt 0.68186043 1.07094513
vt 0.68186043 1.06470388
vt 0.68186043 1.0569392
vt 0.68186043 1.04804931
vt 0.68186043 1.03866193
vt 0.68186043 1.02883013
vt 0.68186043 1.01824419
vt 0.68186043 1.0070877
vt 0.68186043 0.99559927
vt 0.68186043 0.98372323
vt 0.68186043 0.971806
vt 0.68186043 0.96069314
vt 0.68186043 0.9511586
vt 0.68186043 0.94336632
vt 0.68186043 0.93656155
vt 0.68186043 0.93003376
vt 0.68186043 0.92363968
vt 0.68186043 0.91730899
vt 0.68186043 0.9109814
vt 0.68186043 0.90470031
vt 0.68186043 0.89836291
vt 0.68186043 0.89096561
vt 0.68186043 0.88260073
vt 0.68186043 0.87488666
vt 0.68186043 0.86954121
vt 0.6974016 1.17274387
vt 0.6974016 1.16667235
vt 0.6974016 1.15688156
vt 0.6974016 1.14540616
vt 0.6974016 1.13426553
vt 0.6974016 1.1236896
vt 0.6974016 1.1130181
vt 0.6974016 1.10283547
vt 0.6974016 1.09374099
vt 0.6974016 1.08584433
vt 0.6974016 1.07884451
vt 0.6974016 1.07269483
vt 0.6974016 1.06722085
vt 0.6974016 1.06127006
vt 0.6974016 1.05384931
vt 0.6974016 1.04532985
vt 0.6974016 1.0363087
vt 0.6974016 1.02683899
vt 0.6974016 1.01663125
vt 0.6974016 1.00586773
vt 0.6974016 0.99478381
vt 0.6974016 0.98333418
vt 0.6974016 0.97185685
vt 0.6974016 0.9611653
vt 0.6974016 0.95200359
vt 0.6974016 0.94453303
vt 0.6974016 0.93803091
vt 0.6974016 0.93180112
vt 0.6974016 0.92569892
vt 0.6974016 0.91965722
vt 0.6974016 0.91361847
vt 0.6974016 0.90762411
vt 0.6974016 0.901576
vt 0.6974016 0.89451638
vt 0.6974016 0.88653334
vt 0.6974016 0.87917142
vt 0.6974016 0.87406997
vt 0.71294277 1.16627527
vt 0.71294277 1.16049603
vt 0.71294277 1.15112572
vt 0.71294277 1.14009432
vt 0.71294277 1.12932256
vt 0.71294277 1.11904666
vt 0.71294277 1.10866116
vt 0.71294277 1.09873865
vt 0.71294277 1.08986668
vt 0.71294277 1.08217776
vt 0.71294277 1.07541228
vt 0.71294277 1.06953115
vt 0.71294277 1.06435287
vt 0.71294277 1.05874062
vt 0.71294277 1.05169591
vt 0.71294277 1.04354621
vt 0.71294277 1.03485082
vt 0.71294277 1.02566672
vt 0.71294277 1.01573652
vt 0.71294277 1.00525108
vt 0.71294277 0.99445318
vt 0.71294277 0.98332054
vt 0.71294277 0.97219239
vt 0.71294277 0.96185513
vt 0.71294277 0.95302674
vt 0.71294277 0.94587259
vt 0.71294277 0.93970328
vt 0.71294277 0.93381263
vt 0.71294277 0.92804264
vt 0.71294277 0.92232985
vt 0.71294277 0.91661986
vt 0.71294277 0.91095183
vt 0.71294277 0.90523299
vt 0.71294277 0.8985577
vt 0.71294277 0.89100926
vt 0.71294277 0.88404812
vt 0.71294277 0.8792244
vt 0.72848394 1.16105552
vt 0.72848394 1.15556363
vt 0.72848394 1.14659
vt 0.72848394 1.13595952
vt 0.72848394 1.12549545
vt 0.72848394 1.11544542
vt 0.72848394 1.10526512
vt 0.72848394 1.09552056
vt 0.72848394 1.08679302
vt 0.72848394 1.07924567
vt 0.72848394 1.07266866
vt 0.72848394 1.06703484
vt 0.72848394 1.06215388
vt 0.72848394 1.05689121
vt 0.72848394 1.05022216
vt 0.72848394 1.04242181
vt 0.72848394 1.03400989
vt 0.72848394 1.02504989
vt 0.72848394 1.01532193
vt 0.72848394 1.00503102
vt 0.72848394 0.99443309
vt 0.72848394 0.98353522
vt 0.72848394 0.97268342
vt 0.72848394 0.96264139
vt 0.72848394 0.9541047
vt 0.72848394 0.94724668
vt 0.72848394 0.94141087
vt 0.72848394 0.93586652
vt 0.72848394 0.93043574
vt 0.72848394 0.92505879
vt 0.72848394 0.91968447
vt 0.72848394 0.91434965
vt 0.72848394 0.90896701
vt 0.72848394 0.90268414
vt 0.72848394 0.89557946
vt 0.72848394 0.88902755
vt 0.72848394 0.88448741
vt 0.74402511 1.1568201
vt 0.74402511 1.15158838
vt 0.74402511 1.14296728
vt 0.74402511 1.13268566
vt 0.74402511 1.12247829
vt 0.74402511 1.11260481
vt 0.74402511 1.10257895
vt 0.74402511 1.09296254
vt 0.74402511 1.08433295
vt 0.74402511 1.07688345
vt 0.74402511 1.07045288
vt 0.74402511 1.06502888
vt 0.74402511 1.06041576
vt 0.74402511 1.05547598
vt 0.74402511 1.0491492
vt 0.74402511 1.04165864
vt 0.74402511 1.03348767
vt 0.74402511 1.02470725
vt 0.74402511 1.01513394
vt 0.74402511 1.00498765
vt 0.74402511 0.99453848
vt 0.74402511 0.98382253
vt 0.74402511 0.97319409
vt 0.74402511 0.96339784
vt 0.74402511 0.95511035
vt 0.74402511 0.94851379
vt 0.74402511 0.9429823
vt 0.74402511 0.93775664
vt 0.74402511 0.93263801
vt 0.74402511 0.92757012
vt 0.74402511 0.92250472
vt 0.74402511 0.91747654
vt 0.74402511 0.91240328
vt 0.74402511 0.90648155
vt 0.74402511 0.89978524
vt 0.74402511 0.89360993
vt 0.74402511 0.88933075
vt 0.75956628 1.15349151
vt 0.75956628 1.14847078
vt 0.75956628 1.14013457
vt 0.75956628 1.13013377
vt 0.75956628 1.12013131
vt 0.75956628 1.11039648
vt 0.75956628 1.10049023
vt 0.75956628 1.0909711
vt 0.75956628 1.08241328
vt 0.75956628 1.07503398
vt 0.75956628 1.0687119
vt 0.75956628 1.06344912
vt 0.75956628 1.05904912
vt 0.75956628 1.0543718
vt 0.75956628 1.04832271
vt 0.75956628 1.04108159
vt 0.75956628 1.03310269
vt 0.75956628 1.02446377
vt 0.75956628 1.01501133
vt 0.75956628 1.00497756
vt 0.75956628 0.99464425
vt 0.75956628 0.98407125
vt 0.75956628 0.97361978
vt 0.75956628 0.9640193
vt 0.75956628 0.95593115
vt 0.75956628 0.94954494
vt 0.75956628 0.94426044
vt 0.75956628 0.93929399
vt 0.75956628 0.93442925
vt 0.75956628 0.92961275
vt 0.75956628 0.9247986
vt 0.75956628 0.92001983
vt 0.75956628 0.91519822
vt 0.75956628 0.90957023
vt 0.75956628 0.90320607
vt 0.75956628 0.89733707
vt 0.75956628 0.89327015
vt 0.77510744 1.15122182
vt 0.77510744 1.14634324
vt 0.77510744 1.13819967
vt 0.77510744 1.12838959
vt 0.77510744 1.11852753
vt 0.77510744 1.1088888
vt 0.77510744 1.09906578
vt 0.77510744 1.08961441
vt 0.77510744 1.08110637
vt 0.77510744 1.07377409
vt 0.77510744 1.06752262
vt 0.77510744 1.06236467
vt 0.77510744 1.05810533
vt 0.77510744 1.05360391
vt 0.77510744 1.0477415
vt 0.77510744 1.04066848
vt 0.77510744 1.03281993
vt 0.77510744 1.02427834
vt 0.77510744 1.01491013
vt 0.77510744 1.0049555
vt 0.77510744 0.99470373
vt 0.77510744 0.98423031
vt 0.77510744 0.97390082
vt 0.77510744 0.96443426
vt 0.77510744 0.9564816
vt 0.77510744 0.9502373
vt 0.77510744 0.94511882
vt 0.77510744 0.94032644
vt 0.77510744 0.93563223
vt 0.77510744 0.93098454
vt 0.77510744 0.92633914
vt 0.77510744 0.92172787
vt 0.77510744 0.91707526
vt 0.77510744 0.91164453
vt 0.77510744 0.90550344
vt 0.77510744 0.89984015
vt 0.77510744 0.89591578
vt 0.79064861 1.15024799
vt 0.79064861 1.14542867
vt 0.79064861 1.13736588
vt 0.79064861 1.12763633
vt 0.79064861 1.11783436
vt 0.79064861 1.10823763
vt 0.79064861 1.09845134
vt 0.79064861 1.0890302
vt 0.79064861 1.08054464
vt 0.79064861 1.07323309
vt 0.79064861 1.06701126
vt 0.79064861 1.06189643
vt 0.79064861 1.05769489
vt 0.79064861 1.05326625
vt 0.79064861 1.04748145
vt 0.79064861 1.04047878
vt 0.79064861 1.03268548
vt 0.79064861 1.02418599
vt 0.79064861 1.01485488
vt 0.79064861 1.0049355
vt 0.79064861 0.99472005
vt 0.79064861 0.98429035
vt 0.79064861 0.9740136
vt 0.79064861 0.96460434
vt 0.79064861 0.95670911
vt 0.79064861 0.95052429
vt 0.79064861 0.94547481
vt 0.79064861 0.94075463
vt 0.79064861 0.93613112
vt 0.79064861 0.93155345
vt 0.79064861 0.92697803
vt 0.79064861 0.92243622
vt 0.79064861 0.9178537
vt 0.79064861 0.91250478
vt 0.79064861 0.90645621
vt 0.79064861 0.90087823
vt 0.79064861 0.89701298
vt 0.80618978 1.15068727
vt 0.80618978 1.14583891
vt 0.80618978 1.13773708
vt 0.80618978 1.12796923
vt 0.80618978 1.11813961
vt 0.80618978 1.10852458
vt 0.80618978 1.0987228
vt 0.80618978 1.08928942
vt 0.80618978 1.08079532
vt 0.80618978 1.07347573
vt 0.80618978 1.06724085
vt 0.80618978 1.06210556
vt 0.80618978 1.05787555
vt 0.80618978 1.05341069
vt 0.80618978 1.04758766
vt 0.80618978 1.04055099
vt 0.80618978 1.03273184
vt 0.80618978 1.02421359
vt 0.80618978 1.01486662
vt 0.80618978 1.00493256
vt 0.80618978 0.99470198
vt 0.80618978 0.98425338
vt 0.80618978 0.97395299
vt 0.80618978 0.9645174
vt 0.80618978 0.95659521
vt 0.80618978 0.95038174
vt 0.80618978 0.94529824
vt 0.80618978 0.94054225
vt 0.80618978 0.93588367
vt 0.80618978 0.93127127
vt 0.80618978 0.92666114
vt 0.80618978 0.92208488
vt 0.80618978 0.91746759
vt 0.80618978 0.91207809
vt 0.80618978 0.90598363
vt 0.80618978 0.90036334
vt 0.80618978 0.89646877
vt 0.82173095 1.15243133
vt 0.82173095 1.14747023
vt 0.82173095 1.13921637
vt 0.82173095 1.12929888
vt 0.82173095 1.11936043
vt 0.82173095 1.10967236
vt 0.82173095 1.09980815
vt 0.82173095 1.09032477
vt 0.82173095 1.0817949
vt 0.82173095 1.0744414
vt 0.82173095 1.06815322
vt 0.82173095 1.06293643
vt 0.82173095 1.05859511
vt 0.82173095 1.05399003
vt 0.82173095 1.0480187
vt 0.82173095 1.04084946
vt 0.82173095 1.03292873
vt 0.82173095 1.02433595
vt 0.82173095 1.01492543
vt 0.82173095 1.00493221
vt 0.82173095 0.99464066
vt 0.82173095 0.98411659
vt 0.82173095 0.97372253
vt 0.82173095 0.96418319
vt 0.82173095 0.95615525
vt 0.82173095 0.94982999
vt 0.82173095 0.94461455
vt 0.82173095 0.93971991
vt 0.82173095 0.93492552
vt 0.82173095 0.93017866
vt 0.82173095 0.92543413
vt 0.82173095 0.92072446
vt 0.82173095 0.91597257
vt 0.82173095 0.91042595
vt 0.82173095 0.90415382
vt 0.82173095 0.89836968
vt 0.82173095 0.89436157
vt 0.83727212 1.15521865
vt 0.83727212 1.15007471
vt 0.83727212 1.14157527
vt 0.83727212 1.13141716
vt 0.83727212 1.12130536
vt 0.83727212 1.11150256
vt 0.83727212 1.10154079
vt 0.83727212 1.09197956
vt 0.83727212 1.08339396
vt 0.83727212 1.07598575
vt 0.83727212 1.06960871
vt 0.83727212 1.06425555
vt 0.83727212 1.05973026
vt 0.83727212 1.05489657
vt 0.83727212 1.04868423
vt 0.83727212 1.04130018
vt 0.83727212 1.03321611
vt 0.83727212 1.02450525
vt 0.83727212 1.01499549
vt 0.83727212 1.00491082
vt 0.83727212 0.99452509
vt 0.83727212 0.98388305
vt 0.83727212 0.97334081
vt 0.83727212 0.963636
vt 0.83727212 0.95543824
vt 0.83727212 0.94893206
vt 0.83727212 0.94350216
vt 0.83727212 0.93838192
vt 0.83727212 0.93336656
vt 0.83727212 0.92840092
vt 0.83727212 0.92343772
vt 0.83727212 0.91851098
vt 0.83727212 0.91354008
vt 0.83727212 0.90773781
vt 0.83727212 0.9011766
vt 0.83727212 0.89512588
vt 0.83727212 0.89093303
vt 0.85281329 1.15883104
vt 0.85281329 1.15345392
vt 0.85281329 1.14464101
vt 0.85281329 1.13417554
vt 0.85281329 1.12384189
vt 0.85281329 1.11389132
vt 0.85281329 1.10380288
vt 0.85281329 1.09413912
vt 0.85281329 1.08547797
vt 0.85281329 1.07799329
vt 0.85281329 1.07149395
vt 0.85281329 1.06595798
vt 0.85281329 1.0611932
vt 0.85281329 1.05606773
vt 0.85281329 1.04954781
vt 0.85281329 1.04188856
vt 0.85281329 1.03359442
vt 0.85281329 1.02473135
vt 0.85281329 1.01509367
vt 0.85281329 1.0048912
vt 0.85281329 0.99438427
vt 0.85281329 0.98359067
vt 0.85281329 0.97285832
vt 0.85281329 0.96294129
vt 0.85281329 0.95452578
vt 0.85281329 0.94778777
vt 0.85281329 0.94208423
vt 0.85281329 0.93667644
vt 0.85281329 0.93137942
vt 0.85281329 0.9261349
vt 0.85281329 0.92089296
vt 0.85281329 0.91568954
vt 0.85281329 0.91043946
vt 0.85281329 0.90431135
vt 0.85281329 0.89738165
vt 0.85281329 0.89099112
vt 0.85281329 0.8865628
vt 0.86835446 1.16326379
vt 0.86835446 1.15762557
vt 0.86835446 1.14845661
vt 0.86835446 1.13763621
vt 0.86835446 1.12703747
vt 0.86835446 1.1169
vt 0.86835446 1.10664542
vt 0.86835446 1.09684101
vt 0.86835446 1.08806907
vt 0.86835446 1.08047371
vt 0.86835446 1.07381615
vt 0.86835446 1.06806184
vt 0.86835446 1.06302619
vt 0.86835446 1.05757874
vt 0.86835446 1.05071597
vt 0.86835446 1.04274324
vt 0.86835446 1.0342015
vt 0.86835446 1.02514995
vt 0.86835446 1.0153472
vt 0.86835446 1.0049888
vt 0.86835446 0.99432155
vt 0.86835446 0.98333491
vt 0.86835446 0.97236915
vt 0.86835446 0.96219796
vt 0.86835446 0.95352703
vt 0.86835446 0.94652407
vt 0.86835446 0.94051587
vt 0.86835446 0.93479002
vt 0.86835446 0.92918145
vt 0.86835446 0.92362847
vt 0.86835446 0.91807822
vt 0.86835446 0.91256876
vt 0.86835446 0.9070099
vt 0.86835446 0.90052135
vt 0.86835446 0.89318409
vt 0.86835446 0.88641769
vt 0.86835446 0.88172891
vt 0.88389563 1.16872758
vt 0.88389563 1.16282304
vt 0.88389563 1.15327727
vt 0.88389563 1.14206579
vt 0.88389563 1.13115176
vt 0.88389563 1.1207671
vt 0.88389563 1.11028068
vt 0.88389563 1.10026865
vt 0.88389563 1.091322
vt 0.88389563 1.08356085
vt 0.88389563 1.07670529
vt 0.88389563 1.07071223
vt 0.88389563 1.06540441
vt 0.88389563 1.0596421
vt 0.88389563 1.05243441
vt 0.88389563 1.04413008
vt 0.88389563 1.0353054
vt 0.88389563 1.02601507
vt 0.88389563 1.01598619
vt 0.88389563 1.00540431
vt 0.88389563 0.99450726
vt 0.88389563 0.98326092
vt 0.88389563 0.97200237
vt 0.88389563 0.96152846
vt 0.88389563 0.95256743
vt 0.88389563 0.94528178
vt 0.88389563 0.93896792
vt 0.88389563 0.93292814
vt 0.88389563 0.92701208
vt 0.88389563 0.92115466
vt 0.88389563 0.91530011
vt 0.88389563 0.90948859
vt 0.88389563 0.90362497
vt 0.88389563 0.89678068
vt 0.88389563 0.88904115
vt 0.88389563 0.88190377
vt 0.88389563 0.87695794
vt 0.8994368 1.17544562
vt 0.8994368 1.16929156
vt 0.8994368 1.15936875
vt 0.8994368 1.14773967
vt 0.8994368 1.13645117
vt 0.8994368 1.12573593
vt 0.8994368 1.11492423
vt 0.8994368 1.10460808
vt 0.8994368 1.09539455
vt 0.8994368 1.08739418
vt 0.8994368 1.08030135
vt 0.8994368 1.0740686
vt 0.8994368 1.06851948
vt 0.8994368 1.06248667
vt 0.8994368 1.05496463
vt 0.8994368 1.04633021
vt 0.8994368 1.03718873
vt 0.8994368 1.02759392
vt 0.8994368 1.01725199
vt 0.8994368 1.00634729
vt 0.8994368 0.99511799
vt 0.8994368 0.98351772
vt 0.8994368 0.9718887
vt 0.8994368 0.96105524
vt 0.8994368 0.95177128
vt 0.8994368 0.94420008
vt 0.8994368 0.93760914
vt 0.8994368 0.93129381
vt 0.8994368 0.92510783
vt 0.8994368 0.91898317
vt 0.8994368 0.91286152
vt 0.8994368 0.90678485
vt 0.8994368 0.9006537
vt 0.8994368 0.89349715
vt 0.8994368 0.88540451
vt 0.8994368 0.8779415
vt 0.8994368 0.87277002
vt 0.91497797 1.18333461
vt 0.91497797 1.17696965
vt 0.91497797 1.16669453
vt 0.91497797 1.15464078
vt 0.91497797 1.14292506
vt 0.91497797 1.13179224
vt 0.91497797 1.1205552
vt 0.91497797 1.10983019
vt 0.91497797 1.10024924
vt 0.91497797 1.09193353
vt 0.91497797 1.08457338
vt 0.91497797 1.07812088
vt 0.91497797 1.07238959
vt 0.91497797 1.06616261
vt 0.91497797 1.05838733
vt 0.91497797 1.04944733
vt 0.91497797 1.03996649
vt 0.91497797 1.03000188
vt 0.91497797 1.01925399
vt 0.91497797 1.00791772
vt 0.91497797 0.99624391
vt 0.91497797 0.98418964
vt 0.91497797 0.97211309
vt 0.91497797 0.96086972
vt 0.91497797 0.95124168
vt 0.91497797 0.94340064
vt 0.91497797 0.93658861
vt 0.91497797 0.93006631
vt 0.91497797 0.92367761
vt 0.91497797 0.91735224
vt 0.91497797 0.91102997
vt 0.91497797 0.90475416
vt 0.91497797 0.89842209
vt 0.91497797 0.89103101
vt 0.91497797 0.88267316
vt 0.91497797 0.87496558
vt 0.91497797 0.86962461
vt 0.93051914 1.19172815
vt 0.93051914 1.18521277
vt 0.93051914 1.17464446
vt 0.93051914 1.16219847
vt 0.93051914 1.15004007
vt 0.93051914 1.13843705
vt 0.93051914 1.12670884
vt 0.93051914 1.11550235
vt 0.93051914 1.10548147
vt 0.93051914 1.09679799
vt 0.93051914 1.08916157
vt 0.93051914 1.08252871
vt 0.93051914 1.07669351
vt 0.93051914 1.07037089
vt 0.93051914 1.06243047
vt 0.93051914 1.05323914
vt 0.93051914 1.04342667
vt 0.93051914 1.0330579
vt 0.93051914 1.0218442
vt 0.93051914 1.01000228
vt 0.93051914 0.99780744
vt 0.93051914 0.9852364
vt 0.93051914 0.97267308
vt 0.93051914 0.96100513
vt 0.93051914 0.95104281
vt 0.93051914 0.9429736
vt 0.93051914 0.93602016
vt 0.93051914 0.92938258
vt 0.93051914 0.92288096
vt 0.93051914 0.91644379
vt 0.93051914 0.91000977
vt 0.93051914 0.90362303
vt 0.93051914 0.89717904
vt 0.93051914 0.88965732
vt 0.93051914 0.88115175
vt 0.93051914 0.87330794
vt 0.93051914 0.86787257
vt 0.94606031 1.19930008
vt 0.94606031 1.19271551
vt 0.94606031 1.18195673
vt 0.94606031 1.16921173
vt 0.94606031 1.15666655
vt 0.94606031 1.14461799
vt 0.94606031 1.13241333
vt 0.94606031 1.12073113
vt 0.94606031 1.11026823
vt 0.94606031 1.10122014
vt 0.94606031 1.09333512
vt 0.94606031 1.08658056
vt 0.94606031 1.08072835
vt 0.94606031 1.07441836
vt 0.94606031 1.06642234
vt 0.94606031 1.05707022
vt 0.94606031 1.04698521
vt 0.94606031 1.03624336
vt 0.94606031 1.02458097
vt 0.94606031 1.01224375
vt 0.94606031 0.99953847
vt 0.94606031 0.9864735
vt 0.94606031 0.97346361
vt 0.94606031 0.96142441
vt 0.94606031 0.95118979
vt 0.94606031 0.94296751
vt 0.94606031 0.9359705
vt 0.94606031 0.92932285
vt 0.94606031 0.92281136
vt 0.94606031 0.91636443
vt 0.94606031 0.90992065
vt 0.94606031 0.90352422
vt 0.94606031 0.89707045
vt 0.94606031 0.88953732
vt 0.94606031 0.88101885
vt 0.94606031 0.87316313
vt 0.94606031 0.86771952
vt 0.96160148 1.09057876
vt 0.96160148 1.08718775
vt 0.96160148 1.08160092
vt 0.96160148 1.074939
vt 0.96160148 1.06832645
vt 0.96160148 1.06193119
vt 0.96160148 1.05543758
vt 0.96160148 1.04920945
vt 0.96160148 1.0436207
vt 0.96160148 1.03879604
vt 0.96160148 1.03463046
vt 0.96160148 1.03111573
vt 0.96160148 1.02812518
vt 0.96160148 1.02492232
vt 0.96160148 1.02082115
vt 0.96160148 1.01596692
vt 0.96160148 1.0106731
vt 0.96160148 1.00498552
vt 0.96160148 0.99878492
vt 0.96160148 0.99221347
vt 0.96160148 0.98544585
vt 0.96160148 0.97850504
vt 0.96160148 0.97162031
vt 0.96160148 0.9652741
vt 0.96160148 0.95990472
vt 0.96160148 0.95562999
vt 0.96160148 0.95204428
vt 0.96160148 0.94865638
vt 0.96160148 0.94533787
vt 0.96160148 0.94205225
vt 0.96160148 0.93876825
vt 0.96160148 0.93550838
vt 0.96160148 0.93221929
vt 0.96160148 0.92838011
vt 0.96160148 0.92403876
vt 0.96160148 0.92003518
vt 0.96160148 0.9172609
vt 0.97714265 0.96915139
vt 0.97714265 0.96914048
vt 0.97714265 0.96912236
vt 0.97714265 0.96910063
vt 0.97714265 0.9690789
vt 0.97714265 0.96905775
vt 0.97714265 0.96903622
vt 0.97714265 0.96901554
vt 0.97714265 0.96899695
vt 0.97714265 0.96898092
vt 0.97714265 0.96896719
vt 0.97714265 0.96895575
vt 0.97714265 0.96894619
vt 0.97714265 0.96893602
vt 0.97714265 0.96892287
vt 0.97714265 0.96890714
vt 0.97714265 0.9688898
vt 0.97714265 0.96887103
vt 0.97714265 0.96885049
vt 0.97714265 0.96882869
vt 0.97714265 0.96880625
vt 0.97714265 0.96878327
vt 0.97714265 0.96876057
vt 0.97714265 0.96873971
vt 0.97714265 0.96872213
vt 0.97714265 0.96870826
vt 0.97714265 0.96869677
vt 0.97714265 0.96868597
vt 0.97714265 0.9686754
vt 0.97714265 0.96866493
vt 0.97714265 0.96865447
vt 0.97714265 0.96864408
vt 0.97714265 0.9686336
vt 0.97714265 0.96862137
vt 0.97714265 0.96860753
vt 0.97714265 0.96859478
vt 0.97714265 0.96858594
vn -0.659663 -0.080348 0.747254
vn -0.659749 -0.078714 0.747352
vn -0.660903 -0.05212 0.748659
vn -0.661715 0.016256 0.749579
vn -0.656689 0.124075 0.743885
vn -0.644432 0.227607 0.730001
vn -0.630462 0.304088 0.714176
vn -0.612382 0.379178 0.693695
vn -0.57914 0.483952 0.656039
vn -0.509084 0.638963 0.576681
vn -0.387135 0.811055 0.43854
vn -0.192891 0.956582 0.218504
vn 0.109717 0.986162 -0.124285
vn 0.374553 0.824433 -0.424287
vn 0.507315 0.642167 -0.574677
vn 0.579687 0.482455 -0.656659
vn 0.623558 0.335017 -0.706356
vn 0.646233 0.215632 -0.732042
vn 0.656549 0.125749 -0.743727
vn 0.66102 0.048622 -0.748791
vn 0.661588 -0.025482 -0.749435
vn 0.658529 -0.099338 -0.74597
vn 0.651709 -0.173987 -0.738244
vn 0.638688 -0.261978 -0.723495
vn 0.6042 -0.408048 -0.684427
vn 0.513671 -0.630524 -0.581878
vn 0.404417 -0.791566 -0.458117
vn 0.390512 -0.807349 -0.442366
vn 0.431802 -0.757821 -0.489137
vn 0.453865 -0.727789 -0.51413
vn 0.480213 -0.688102 -0.543977
vn 0.5379 -0.582571 -0.609323
vn 0.608764 -0.392252 -0.689597
vn 0.646189 -0.215936 -0.731991
vn 0.656503 -0.126295 -0.743675
vn 0.658368 -0.101742 -0.745788
vn 0.661803 0 -0.749678
vn -0.666086 -0.079584 0.741617
vn -0.66619 -0.077604 0.741733
vn -0.667333 -0.051077 0.743006
vn -0.668122 0.015829 0.743884
vn -0.663377 0.120002 0.738601
vn -0.651949 0.219235 0.725877
vn -0.639015 0.292337 0.711476
vn -0.622399 0.363872 0.692976
vn -0.591866 0.464153 0.658981
vn -0.526751 0.615282 0.586482
vn -0.410505 0.789042 0.457054
vn -0.217833 0.945371 0.242535
vn 0.097353 0.98933 -0.108392
vn 0.378505 0.824097 -0.421425
vn 0.516294 0.634824 -0.574839
vn 0.589092 0.471991 -0.655893
vn 0.631957 0.324889 -0.703618
vn 0.653594 0.207977 -0.727709
vn 0.663297 0.120984 -0.738512
vn 0.667475 0.046745 -0.743164
vn 0.668004 -0.024526 -0.743753
vn 0.665127 -0.095881 -0.740549
vn 0.658653 -0.168488 -0.733341
vn 0.646182 -0.254624 -0.719455
vn 0.61275 -0.398866 -0.682234
vn 0.522633 -0.623098 -0.581897
vn 0.409986 -0.789646 -0.456476
vn 0.394291 -0.807349 -0.439001
vn 0.435979 -0.757821 -0.485417
vn 0.458256 -0.727789 -0.51022
vn 0.484859 -0.688102 -0.53984
vn 0.543104 -0.582571 -0.60469
vn 0.614654 -0.392252 -0.684353
vn 0.652441 -0.215936 -0.726425
vn 0.662855 -0.126295 -0.73802
vn 0.664738 -0.101742 -0.740116
vn 0.668205 0 -0.743977
vn -0.672475 -0.079065 0.735884
vn -0.672592 -0.076856 0.736012
vn -0.67373 -0.050381 0.737258
vn -0.674506 0.015548 0.738106
vn -0.669927 0.117342 0.733095
vn -0.658989 0.213799 0.721126
vn -0.646666 0.284721 0.707642
vn -0.630915 0.35396 0.690405
vn -0.601987 0.451288 0.65875
vn -0.539851 0.599642 0.590754
vn -0.427167 0.773965 0.467446
vn -0.235499 0.937085 0.257705
vn 0.088856 0.991287 -0.097235
vn 0.382347 0.823864 -0.4184
vn 0.523979 0.629821 -0.573386
vn 0.597222 0.464993 -0.653535
vn 0.639518 0.31823 -0.699819
vn 0.660542 0.202997 -0.722826
vn 0.669882 0.1179 -0.733047
vn 0.673888 0.045532 -0.73743
vn 0.674394 -0.023908 -0.737984
vn 0.671624 -0.093631 -0.734952
vn 0.665354 -0.164889 -0.728091
vn 0.653205 -0.249777 -0.714797
vn 0.620382 -0.392745 -0.678879
vn 0.530323 -0.618042 -0.580328
vn 0.415048 -0.788322 -0.454184
vn 0.398056 -0.807349 -0.43559
vn 0.440143 -0.757821 -0.481645
vn 0.462633 -0.727789 -0.506255
vn 0.48949 -0.688102 -0.535645
vn 0.548291 -0.582571 -0.59999
vn 0.620524 -0.392252 -0.679034
vn 0.658672 -0.215936 -0.720779
vn 0.669186 -0.126295 -0.732284
vn 0.671087 -0.101742 -0.734365
vn 0.674587 0 -0.738195
vn -0.678824 -0.078877 0.730052
vn -0.678946 -0.076585 0.730183
vn -0.68009 -0.050131 0.731413
vn -0.680865 0.015447 0.732246
vn -0.676317 0.116396 0.727356
vn -0.665487 0.211872 0.715708
vn -0.653305 0.282022 0.702607
vn -0.637761 0.35045 0.68589
vn -0.609223 0.446725 0.655198
vn -0.547772 0.59405 0.58911
vn -0.435726 0.768472 0.468608
vn -0.243382 0.933944 0.261749
vn 0.086192 0.991957 -0.092696
vn 0.386036 0.823779 -0.415168
vn 0.529921 0.628 -0.569912
vn 0.603749 0.462472 -0.649312
vn 0.646087 0.315852 -0.694844
vn 0.667017 0.201229 -0.717353
vn 0.676284 0.116808 -0.727321
vn 0.680253 0.045102 -0.731589
vn 0.680755 -0.023689 -0.732128
vn 0.678005 -0.092833 -0.729171
vn 0.67177 -0.163607 -0.722466
vn 0.659665 -0.248044 -0.709447
vn 0.626868 -0.390544 -0.674175
vn 0.536304 -0.616203 -0.576777
vn 0.419383 -0.787837 -0.451032
vn 0.401808 -0.807349 -0.432131
vn 0.444292 -0.757821 -0.477821
vn 0.466993 -0.727789 -0.502235
vn 0.494104 -0.688102 -0.531391
vn 0.553459 -0.582571 -0.595226
vn 0.626373 -0.392252 -0.673643
vn 0.664881 -0.215936 -0.715056
vn 0.675493 -0.126295 -0.72647
vn 0.677412 -0.101742 -0.728534
vn 0.680946 0 -0.732334
vn -0.685129 -0.079046 0.72412
vn -0.685248 -0.076828 0.724246
vn -0.686408 -0.050355 0.725472
vn -0.687197 0.015537 0.726305
vn -0.682539 0.117244 0.721383
vn -0.671418 0.213599 0.709629
vn -0.658891 0.284439 0.696389
vn -0.642881 0.353594 0.679467
vn -0.613479 0.450812 0.648392
vn -0.550307 0.599061 0.581625
vn -0.435682 0.773397 0.460477
vn -0.240524 0.936763 0.254212
vn 0.090163 0.991357 -0.095294
vn 0.38955 0.823855 -0.41172
vn 0.533943 0.629632 -0.56433
vn 0.608553 0.464732 -0.643186
vn 0.651607 0.317983 -0.688691
vn 0.672996 0.202812 -0.711297
vn 0.682495 0.117786 -0.721337
vn 0.686568 0.045487 -0.725641
vn 0.687083 -0.023885 -0.726186
vn 0.684266 -0.093548 -0.723208
vn 0.677887 -0.164755 -0.716466
vn 0.665527 -0.249597 -0.703403
vn 0.632122 -0.392517 -0.668096
vn 0.540404 -0.617852 -0.571159
vn 0.422902 -0.788272 -0.446969
vn 0.405546 -0.807349 -0.428626
vn 0.448424 -0.757821 -0.473945
vn 0.471337 -0.727789 -0.498161
vn 0.498699 -0.688102 -0.527081
vn 0.558607 -0.582571 -0.590398
vn 0.632199 -0.392252 -0.668178
vn 0.671065 -0.215936 -0.709256
vn 0.681776 -0.126295 -0.720577
vn 0.683713 -0.101742 -0.722624
vn 0.68728 0 -0.726393
vn -0.691389 -0.079539 0.718091
vn -0.691498 -0.077539 0.718205
vn -0.692683 -0.051017 0.719435
vn -0.6935 0.015805 0.720284
vn -0.688594 0.119769 0.715188
vn -0.676787 0.218757 0.702926
vn -0.663429 0.291667 0.689052
vn -0.646276 0.363 0.671236
vn -0.614758 0.463022 0.638501
vn -0.547498 0.613915 0.568643
vn -0.427254 0.787741 0.443755
vn -0.227502 0.944675 0.236289
vn 0.100219 0.989506 -0.10409
vn 0.392902 0.824077 -0.408076
vn 0.536151 0.634391 -0.556857
vn 0.611694 0.471382 -0.635318
vn 0.656099 0.324306 -0.681439
vn 0.678485 0.207539 -0.704689
vn 0.688515 0.120713 -0.715106
vn 0.692832 0.046638 -0.71959
vn 0.693379 -0.024472 -0.720158
vn 0.690404 -0.095683 -0.717068
vn 0.683708 -0.168172 -0.710114
vn 0.670803 -0.2542 -0.69671
vn 0.636186 -0.398333 -0.660756
vn 0.542726 -0.622661 -0.563686
vn 0.42566 -0.789532 -0.4421
vn 0.409267 -0.807349 -0.425074
vn 0.452539 -0.757821 -0.470017
vn 0.475662 -0.727789 -0.494033
vn 0.503276 -0.688102 -0.522713
vn 0.563733 -0.582571 -0.585505
vn 0.638001 -0.392252 -0.662641
vn 0.677223 -0.215936 -0.703378
vn 0.688033 -0.126295 -0.714605
vn 0.689987 -0.101742 -0.716635
vn 0.693586 0 -0.720373
vn -0.697606 -0.080267 0.711971
vn -0.6977 -0.078595 0.712066
vn -0.698917 -0.052008 0.713309
vn -0.699773 0.01621 0.714182
vn -0.694495 0.123634 0.708796
vn -0.681644 0.226696 0.69568
vn -0.667007 0.302809 0.680741
vn -0.648078 0.377511 0.661423
vn -0.613278 0.481801 0.625906
vn -0.53984 0.636412 0.550956
vn -0.411645 0.808732 0.420121
vn -0.206569 0.955449 0.210823
vn 0.114553 0.986514 -0.116912
vn 0.396131 0.824398 -0.404288
vn 0.536947 0.641389 -0.548004
vn 0.613457 0.481335 -0.626089
vn 0.659692 0.333923 -0.673276
vn 0.683528 0.2148 -0.697603
vn 0.694355 0.12523 -0.708653
vn 0.699044 0.048417 -0.713438
vn 0.699639 -0.025378 -0.714046
vn 0.696429 -0.098962 -0.710769
vn 0.689264 -0.173391 -0.703457
vn 0.675571 -0.261184 -0.689482
vn 0.639256 -0.407063 -0.652419
vn 0.543661 -0.629736 -0.554856
vn 0.427859 -0.791363 -0.43667
vn 0.412972 -0.807349 -0.421475
vn 0.456636 -0.757821 -0.466038
vn 0.479968 -0.727789 -0.489851
vn 0.507831 -0.688102 -0.518288
vn 0.568836 -0.582571 -0.580549
vn 0.643776 -0.392252 -0.657032
vn 0.683353 -0.215936 -0.697424
vn 0.69426 -0.126295 -0.708556
vn 0.696233 -0.101742 -0.710569
vn 0.699864 0 -0.714276
vn -0.703786 -0.081092 0.705768
vn -0.70386 -0.079804 0.705842
vn -0.705114 -0.053157 0.707099
vn -0.706014 0.016686 0.708002
vn -0.700282 0.128233 0.702254
vn -0.68613 0.23621 0.688062
vn -0.669886 0.316187 0.671773
vn -0.648708 0.394946 0.650535
vn -0.609768 0.504251 0.611485
vn -0.528783 0.662722 0.530272
vn -0.39159 0.832136 0.392692
vn -0.181722 0.966317 0.182234
vn 0.130487 0.982777 -0.130855
vn 0.399299 0.824755 -0.400424
vn 0.537028 0.649288 -0.53854
vn 0.614406 0.492829 -0.616137
vn 0.66269 0.345264 -0.664556
vn 0.688253 0.22348 -0.690191
vn 0.700058 0.130664 -0.70203
vn 0.705209 0.050563 -0.707195
vn 0.705865 -0.026468 -0.707852
vn 0.702365 -0.102882 -0.704343
vn 0.694633 -0.179582 -0.696589
vn 0.680006 -0.269398 -0.681921
vn 0.64173 -0.417185 -0.643537
vn 0.543888 -0.637733 -0.54542
vn 0.429809 -0.793401 -0.43102
vn 0.416658 -0.807349 -0.417832
vn 0.460712 -0.757821 -0.462009
vn 0.484252 -0.727789 -0.485616
vn 0.512364 -0.688102 -0.513807
vn 0.573914 -0.582571 -0.57553
vn 0.649522 -0.392252 -0.651351
vn 0.689453 -0.215936 -0.691394
vn 0.700458 -0.126295 -0.70243
vn 0.702448 -0.101742 -0.704426
vn 0.706112 0 -0.7081
vn -0.709937 -0.081851 0.699493
vn -0.70999 -0.080928 0.699546
vn -0.711278 -0.054238 0.700815
vn -0.712222 0.01714 0.701745
vn -0.706029 0.132684 0.695643
vn -0.69053 0.245483 0.680372
vn -0.672609 0.329249 0.662715
vn -0.649069 0.411975 0.639521
vn -0.605806 0.526038 0.596895
vn -0.51721 0.687605 0.509601
vn -0.371638 0.853114 0.366171
vn -0.15828 0.975001 0.155951
vn 0.145053 0.979047 -0.14292
vn 0.402479 0.825077 -0.396558
vn 0.537313 0.656522 -0.529409
vn 0.615405 0.503601 -0.606352
vn 0.665624 0.356129 -0.655833
vn 0.692905 0.231918 -0.682712
vn 0.70571 0.135983 -0.695329
vn 0.711338 0.052668 -0.700874
vn 0.712057 -0.027534 -0.701582
vn 0.708261 -0.106693 -0.697842
vn 0.699957 -0.185553 -0.68966
vn 0.684403 -0.277247 -0.674335
vn 0.64422 -0.42671 -0.634743
vn 0.544311 -0.645062 -0.536304
vn 0.431878 -0.795242 -0.425525
vn 0.420325 -0.807349 -0.414142
vn 0.464767 -0.757821 -0.45793
vn 0.488514 -0.727789 -0.481328
vn 0.516874 -0.688102 -0.509271
vn 0.578965 -0.582571 -0.570448
vn 0.655239 -0.392252 -0.6456
vn 0.695521 -0.215936 -0.68529
vn 0.706623 -0.126295 -0.696228
vn 0.70863 -0.101742 -0.698206
vn 0.712327 0 -0.701848
vn -0.716065 -0.082385 0.693155
vn -0.716104 -0.081724 0.693193
vn -0.717419 -0.055013 0.694466
vn -0.718397 0.017469 0.695414
vn -0.711836 0.135951 0.689062
vn -0.695257 0.252331 0.673013
vn -0.675985 0.338908 0.654358
vn -0.650535 0.424563 0.629722
vn -0.603799 0.54204 0.584482
vn -0.509247 0.705452 0.492955
vn -0.357465 0.867457 0.346029
vn -0.141776 0.980339 0.137241
vn 0.155594 0.976271 -0.150616
vn 0.405737 0.8253 -0.392756
vn 0.538783 0.661592 -0.521545
vn 0.617489 0.511295 -0.597733
vn 0.669207 0.364034 -0.647797
vn 0.697837 0.238136 -0.675511
vn 0.711438 0.139927 -0.688677
vn 0.71745 0.054231 -0.694496
vn 0.718219 -0.028325 -0.695241
vn 0.714186 -0.109502 -0.691337
vn 0.705429 -0.189923 -0.682861
vn 0.689146 -0.282945 -0.667098
vn 0.647472 -0.433538 -0.626757
vn 0.545894 -0.650203 -0.528429
vn 0.434421 -0.796517 -0.420522
vn 0.423972 -0.807349 -0.410408
vn 0.468799 -0.757821 -0.453801
vn 0.492753 -0.727789 -0.476988
vn 0.521359 -0.688102 -0.504679
vn 0.583988 -0.582571 -0.565305
vn 0.660924 -0.392252 -0.639779
vn 0.701556 -0.215936 -0.679111
vn 0.712754 -0.126295 -0.68995
vn 0.714779 -0.101742 -0.691911
vn 0.718507 0 -0.69552
vn -0.722176 -0.082576 0.686763
vn -0.72221 -0.082011 0.686795
vn -0.723542 -0.055294 0.688062
vn -0.724539 0.017589 0.689009
vn -0.717803 0.137151 0.682604
vn -0.700723 0.254855 0.666361
vn -0.68083 0.342471 0.647444
vn -0.65451 0.429205 0.622415
vn -0.606195 0.547916 0.576469
vn -0.5089 0.711911 0.483945
vn -0.354072 0.872502 0.336709
vn -0.13651 0.982096 0.129816
vn 0.160233 0.975247 -0.152376
vn 0.409122 0.82538 -0.38906
vn 0.542227 0.663406 -0.515638
vn 0.621565 0.514077 -0.591085
vn 0.674107 0.366923 -0.641051
vn 0.703395 0.240424 -0.668903
vn 0.717372 0.141385 -0.682194
vn 0.723562 0.05481 -0.68808
vn 0.724354 -0.028617 -0.688834
vn 0.72021 -0.110537 -0.684893
vn 0.711236 -0.191526 -0.676359
vn 0.694592 -0.285026 -0.660532
vn 0.652143 -0.436012 -0.620164
vn 0.549418 -0.652043 -0.522476
vn 0.437702 -0.796971 -0.416239
vn 0.427598 -0.807349 -0.406629
vn 0.472808 -0.757821 -0.449623
vn 0.496966 -0.727789 -0.472597
vn 0.525817 -0.688102 -0.500032
vn 0.588982 -0.582571 -0.5601
vn 0.666576 -0.392252 -0.633889
vn 0.707555 -0.215936 -0.672858
vn 0.718848 -0.126295 -0.683598
vn 0.720891 -0.101742 -0.68554
vn 0.724651 0 -0.689116
vn -0.728273 -0.08238 0.680318
vn -0.728313 -0.081717 0.680355
vn -0.72965 -0.055006 0.681605
vn -0.730645 0.017466 0.682534
vn -0.723975 0.13592 0.676303
vn -0.707123 0.252265 0.66056
vn -0.687535 0.338815 0.642262
vn -0.661667 0.424442 0.618098
vn -0.614166 0.541886 0.573724
vn -0.518053 0.705283 0.48394
vn -0.36373 0.867324 0.339779
vn -0.144365 0.980292 0.134859
vn 0.158159 0.976298 -0.147744
vn 0.412656 0.825298 -0.385484
vn 0.547999 0.661544 -0.511915
vn 0.628048 0.511222 -0.586693
vn 0.680638 0.363959 -0.635819
vn 0.709745 0.238076 -0.66301
vn 0.723571 0.139889 -0.675926
vn 0.729682 0.054216 -0.681634
vn 0.730464 -0.028317 -0.682364
vn 0.726364 -0.109475 -0.678535
vn 0.717462 -0.189881 -0.670219
vn 0.700907 -0.282891 -0.654754
vn 0.658533 -0.433473 -0.615171
vn 0.555231 -0.650154 -0.51867
vn 0.441839 -0.796505 -0.412745
vn 0.4312 -0.807349 -0.402807
vn 0.476792 -0.757821 -0.445396
vn 0.501154 -0.727789 -0.468154
vn 0.530247 -0.688102 -0.495332
vn 0.593944 -0.582571 -0.554835
vn 0.672192 -0.392252 -0.62793
vn 0.713516 -0.215936 -0.666533
vn 0.724905 -0.126295 -0.677172
vn 0.726965 -0.101742 -0.679096
vn 0.730757 0 -0.682638
vn -0.734351 -0.081834 0.673819
vn -0.734407 -0.080903 0.673871
vn -0.735738 -0.054215 0.675092
vn -0.736714 0.01713 0.675988
vn -0.730317 0.132586 0.670118
vn -0.714314 0.245278 0.655434
vn -0.695813 0.328961 0.638458
vn -0.671514 0.411599 0.616162
vn -0.626857 0.525558 0.575186
vn -0.535372 0.687065 0.491242
vn -0.384952 0.852671 0.353221
vn -0.164281 0.974828 0.150739
vn 0.149748 0.97913 -0.137404
vn 0.416327 0.82507 -0.382009
vn 0.555889 0.656367 -0.510068
vn 0.636667 0.503368 -0.584188
vn 0.68858 0.355891 -0.631822
vn 0.716765 0.231732 -0.657683
vn 0.72999 0.135866 -0.669818
vn 0.735801 0.052621 -0.67515
vn 0.736543 -0.027511 -0.675831
vn 0.732623 -0.106609 -0.672234
vn 0.724045 -0.185422 -0.664363
vn 0.707974 -0.277075 -0.649617
vn 0.666445 -0.426503 -0.611511
vn 0.563126 -0.644905 -0.516708
vn 0.446768 -0.795202 -0.409941
vn 0.434779 -0.807349 -0.398941
vn 0.480749 -0.757821 -0.441122
vn 0.505313 -0.727789 -0.463661
vn 0.534648 -0.688102 -0.490578
vn 0.598874 -0.582571 -0.54951
vn 0.677771 -0.392252 -0.621904
vn 0.719438 -0.215936 -0.660136
vn 0.730922 -0.126295 -0.670673
vn 0.732998 -0.101742 -0.672578
vn 0.736822 0 -0.676087
vn -0.740401 -0.081054 0.66726
vn -0.740479 -0.079748 0.667331
vn -0.741797 -0.053103 0.668518
vn -0.742742 0.016663 0.66937
vn -0.736733 0.128014 0.663955
vn -0.721906 0.235755 0.650593
vn -0.704893 0.315547 0.63526
vn -0.682721 0.394112 0.615278
vn -0.641953 0.50318 0.578538
vn -0.557105 0.661482 0.502071
vn -0.413157 0.831061 0.372343
vn -0.192488 0.965844 0.173473
vn 0.136557 0.982958 -0.123068
vn 0.42009 0.824738 -0.378591
vn 0.565198 0.648922 -0.509364
vn 0.646596 0.49229 -0.582722
vn 0.697311 0.344726 -0.628427
vn 0.724128 0.223066 -0.652595
vn 0.736502 0.130403 -0.663747
vn 0.741899 0.05046 -0.66861
vn 0.742586 -0.026416 -0.669229
vn 0.738918 -0.102695 -0.665924
vn 0.730809 -0.179288 -0.658616
vn 0.715462 -0.269009 -0.644785
vn 0.675276 -0.416709 -0.608569
vn 0.57241 -0.637362 -0.515865
vn 0.45226 -0.793308 -0.407583
vn 0.438334 -0.807349 -0.395033
vn 0.484679 -0.757821 -0.4368
vn 0.509444 -0.727789 -0.459119
vn 0.539019 -0.688102 -0.485772
vn 0.60377 -0.582571 -0.544126
vn 0.683312 -0.392252 -0.615811
vn 0.72532 -0.215936 -0.653669
vn 0.736897 -0.126295 -0.664102
vn 0.738991 -0.101742 -0.665989
vn 0.742845 0 -0.669463
vn -0.746413 -0.080194 0.660633
vn -0.746515 -0.078489 0.660723
vn -0.747815 -0.051907 0.661875
vn -0.748727 0.016169 0.662681
vn -0.743117 0.123237 0.657716
vn -0.729472 0.225879 0.645639
vn -0.713941 0.301661 0.631893
vn -0.693871 0.376015 0.61413
vn -0.656974 0.479869 0.581473
vn -0.579018 0.634118 0.512476
vn -0.442596 0.806632 0.391732
vn -0.223513 0.954414 0.197826
vn 0.121139 0.986828 -0.107218
vn 0.423878 0.824366 -0.375165
vn 0.57495 0.640686 -0.508875
vn 0.656787 0.480325 -0.581307
vn 0.706103 0.332939 -0.624956
vn 0.731468 0.214054 -0.647406
vn 0.742974 0.124764 -0.657589
vn 0.747953 0.048234 -0.661997
vn 0.748585 -0.025285 -0.662556
vn 0.745174 -0.098625 -0.659537
vn 0.737553 -0.172856 -0.652791
vn 0.722977 -0.260471 -0.63989
vn 0.684272 -0.406177 -0.605634
vn 0.582125 -0.629026 -0.515226
vn 0.457968 -0.791181 -0.405337
vn 0.441862 -0.807349 -0.391082
vn 0.48858 -0.757821 -0.432432
vn 0.513545 -0.727789 -0.454527
vn 0.543358 -0.688102 -0.480914
vn 0.60863 -0.582571 -0.538685
vn 0.688812 -0.392252 -0.609652
vn 0.731158 -0.215936 -0.647132
vn 0.742829 -0.126295 -0.657461
vn 0.744939 -0.101742 -0.659329
vn 0.748825 0 -0.662768
vn -0.752374 -0.079419 0.653931
vn -0.752496 -0.077365 0.654037
vn -0.753782 -0.050854 0.655154
vn -0.754665 0.015739 0.655922
vn -0.749382 0.119145 0.65133
vn -0.736693 0.217481 0.640301
vn -0.722352 0.289878 0.627836
vn -0.703958 0.360671 0.611849
vn -0.670163 0.460002 0.582477
vn -0.597922 0.610257 0.519688
vn -0.468292 0.784244 0.407018
vn -0.251633 0.942787 0.218709
vn 0.106623 0.989971 -0.092672
vn 0.427613 0.824023 -0.371663
vn 0.584155 0.63323 -0.507722
vn 0.6663 0.469751 -0.579119
vn 0.714368 0.322748 -0.620897
vn 0.738511 0.206371 -0.641882
vn 0.749305 0.119988 -0.651263
vn 0.753947 0.046353 -0.655298
vn 0.754535 -0.024327 -0.655809
vn 0.751334 -0.095155 -0.653026
vn 0.744117 -0.167329 -0.646754
vn 0.73019 -0.253066 -0.634649
vn 0.692762 -0.396905 -0.602119
vn 0.591296 -0.621487 -0.513929
vn 0.463499 -0.789226 -0.402853
vn 0.445363 -0.807349 -0.38709
vn 0.492452 -0.757821 -0.428018
vn 0.517614 -0.727789 -0.449888
vn 0.547663 -0.688102 -0.476005
vn 0.613453 -0.582571 -0.533186
vn 0.69427 -0.392252 -0.603429
vn 0.736952 -0.215936 -0.640526
vn 0.748715 -0.126295 -0.65075
vn 0.750842 -0.101742 -0.652599
vn 0.754758 0 -0.656003
vn -0.758275 -0.078868 0.647147
vn -0.758411 -0.076572 0.647263
vn -0.759688 -0.050119 0.648353
vn -0.760554 0.015442 0.649091
vn -0.755478 0.116352 0.64476
vn -0.743391 0.211782 0.634444
vn -0.729796 0.281896 0.622842
vn -0.712452 0.350286 0.608039
vn -0.680608 0.446512 0.580862
vn -0.612031 0.593788 0.522335
vn -0.48696 0.768213 0.415594
vn -0.272165 0.933795 0.232278
vn 0.096095 0.991988 -0.082012
vn 0.431222 0.823775 -0.368025
vn 0.591996 0.627914 -0.505237
vn 0.67446 0.462354 -0.575615
vn 0.721734 0.315741 -0.615961
vn 0.745098 0.201146 -0.635901
vn 0.755442 0.116757 -0.644729
vn 0.759871 0.045082 -0.648509
vn 0.760431 -0.023678 -0.648987
vn 0.757362 -0.092796 -0.646368
vn 0.750403 -0.163547 -0.640428
vn 0.736889 -0.247963 -0.628895
vn 0.700271 -0.39044 -0.597643
vn 0.599125 -0.616116 -0.511321
vn 0.468491 -0.787814 -0.399831
vn 0.448836 -0.807349 -0.383058
vn 0.496292 -0.757821 -0.423559
vn 0.521651 -0.727789 -0.445201
vn 0.551934 -0.688102 -0.471046
vn 0.618237 -0.582571 -0.527631
vn 0.699685 -0.392252 -0.597143
vn 0.742699 -0.215936 -0.633853
vn 0.754554 -0.126295 -0.643971
vn 0.756697 -0.101742 -0.6458
vn 0.760644 0 -0.649169
vn -0.764108 -0.078635 0.640278
vn -0.76425 -0.076239 0.640398
vn -0.76553 -0.049812 0.64147
vn -0.766391 0.015319 0.642192
vn -0.761378 0.115198 0.637991
vn -0.749483 0.209435 0.628023
vn -0.736131 0.278612 0.616835
vn -0.719134 0.346016 0.602593
vn -0.687938 0.440957 0.576453
vn -0.620562 0.586947 0.519995
vn -0.49688 0.761418 0.416357
vn -0.282083 0.929817 0.236369
vn 0.091921 0.992783 -0.077024
vn 0.434649 0.823669 -0.364211
vn 0.597928 0.625661 -0.501029
vn 0.680869 0.459255 -0.570529
vn 0.72801 0.312834 -0.61003
vn 0.751152 0.198992 -0.629422
vn 0.761358 0.115428 -0.637974
vn 0.76572 0.044561 -0.641629
vn 0.766271 -0.023412 -0.642091
vn 0.763243 -0.091822 -0.639554
vn 0.756359 -0.161982 -0.633785
vn 0.742957 -0.245843 -0.622556
vn 0.70652 -0.387736 -0.592023
vn 0.605083 -0.613841 -0.507025
vn 0.472676 -0.787211 -0.396075
vn 0.45228 -0.807349 -0.378985
vn 0.5001 -0.757821 -0.419055
vn 0.525654 -0.727789 -0.440467
vn 0.556169 -0.688102 -0.466038
vn 0.622981 -0.582571 -0.522022
vn 0.705053 -0.392252 -0.590794
vn 0.748398 -0.215936 -0.627114
vn 0.760344 -0.126295 -0.637124
vn 0.762504 -0.101742 -0.638934
vn 0.766481 0 -0.642267
vn -0.769868 -0.078757 0.633325
vn -0.770009 -0.076413 0.633441
vn -0.771302 -0.049972 0.634505
vn -0.772175 0.015383 0.635224
vn -0.767071 0.1158 0.631025
vn -0.754937 0.210658 0.621042
vn -0.741303 0.280324 0.609827
vn -0.723926 0.348241 0.595532
vn -0.692028 0.443853 0.569291
vn -0.623238 0.590518 0.512702
vn -0.497386 0.764974 0.409171
vn -0.28009 0.931911 0.230414
vn 0.095209 0.992371 -0.078323
vn 0.437867 0.823725 -0.360208
vn 0.60171 0.62684 -0.494992
vn 0.68536 0.460875 -0.563806
vn 0.733118 0.314351 -0.603093
vn 0.756645 0.200115 -0.622448
vn 0.767042 0.116121 -0.631001
vn 0.77149 0.044832 -0.63466
vn 0.772052 -0.023551 -0.635123
vn 0.768968 -0.09233 -0.632585
vn 0.761964 -0.162798 -0.626823
vn 0.748348 -0.24695 -0.615622
vn 0.711392 -0.389149 -0.585221
vn 0.608934 -0.615032 -0.500934
vn 0.475932 -0.787527 -0.391522
vn 0.455694 -0.807349 -0.374873
vn 0.503875 -0.757821 -0.414509
vn 0.529621 -0.727789 -0.435689
vn 0.560367 -0.688102 -0.460982
vn 0.627683 -0.582571 -0.516358
vn 0.710375 -0.392252 -0.584384
vn 0.754047 -0.215936 -0.62031
vn 0.766083 -0.126295 -0.630212
vn 0.768259 -0.101742 -0.632002
vn 0.772266 0 -0.635299
vn -0.775554 -0.079211 0.626291
vn -0.775685 -0.077065 0.626397
vn -0.777003 -0.050576 0.627462
vn -0.777904 0.015626 0.628189
vn -0.772556 0.118081 0.62387
vn -0.759752 0.215306 0.613531
vn -0.745309 0.28683 0.601867
vn -0.72682 0.356705 0.586937
vn -0.69286 0.454853 0.559512
vn -0.620055 0.603996 0.50072
vn -0.488591 0.778205 0.394557
vn -0.266579 0.939464 0.215273
vn 0.105551 0.990754 -0.085236
vn 0.440886 0.82393 -0.356033
vn 0.603415 0.631227 -0.487282
vn 0.687972 0.466949 -0.555565
vn 0.737068 0.320082 -0.595212
vn 0.761577 0.204378 -0.615004
vn 0.772494 0.118754 -0.62382
vn 0.77718 0.045867 -0.627604
vn 0.777773 -0.024079 -0.628083
vn 0.774535 -0.094255 -0.625469
vn 0.767219 -0.165889 -0.619561
vn 0.753068 -0.251126 -0.608132
vn 0.714915 -0.394454 -0.577323
vn 0.61075 -0.619463 -0.493205
vn 0.478301 -0.788696 -0.386248
vn 0.459077 -0.807349 -0.370723
vn 0.507615 -0.757821 -0.40992
vn 0.533553 -0.727789 -0.430865
vn 0.564527 -0.688102 -0.455878
vn 0.632342 -0.582571 -0.510642
vn 0.715648 -0.392252 -0.577915
vn 0.759644 -0.215936 -0.613443
vn 0.771769 -0.126295 -0.623235
vn 0.773962 -0.101742 -0.625005
vn 0.777999 0 -0.628266
vn -0.78117 -0.079917 0.619182
vn -0.781284 -0.078086 0.619272
vn -0.782636 -0.051528 0.620344
vn -0.783576 0.016013 0.621089
vn -0.777847 0.121752 0.616548
vn -0.763974 0.222825 0.605552
vn -0.748224 0.297373 0.593068
vn -0.727926 0.37043 0.576979
vn -0.690617 0.472646 0.547406
vn -0.611444 0.625499 0.484651
vn -0.471602 0.798661 0.373808
vn -0.243748 0.9504 0.193203
vn 0.121087 0.987991 -0.095978
vn 0.443745 0.824244 -0.351727
vn 0.603444 0.638025 -0.47831
vn 0.688979 0.476523 -0.546108
vn 0.739981 0.329251 -0.586534
vn 0.765989 0.211261 -0.607149
vn 0.777724 0.123025 -0.61645
vn 0.78279 0.047548 -0.620466
vn 0.783433 -0.024936 -0.620976
vn 0.779953 -0.097364 -0.618218
vn 0.772154 -0.170852 -0.612036
vn 0.757189 -0.257793 -0.600173
vn 0.717277 -0.402839 -0.568538
vn 0.610919 -0.626334 -0.484235
vn 0.479986 -0.790486 -0.380454
vn 0.462427 -0.807349 -0.366536
vn 0.51132 -0.757821 -0.40529
vn 0.537446 -0.727789 -0.425998
vn 0.568647 -0.688102 -0.450729
vn 0.636957 -0.582571 -0.504874
vn 0.720871 -0.392252 -0.571387
vn 0.765188 -0.215936 -0.606514
vn 0.777402 -0.126295 -0.616195
vn 0.77961 -0.101742 -0.617945
vn 0.783677 0 -0.621169
vn -0.786721 -0.080745 0.612005
vn -0.786813 -0.079294 0.612077
vn -0.788203 -0.05267 0.613158
vn -0.789191 0.016483 0.613927
vn -0.782981 0.126268 0.609096
vn -0.767737 0.232136 0.597237
vn -0.750298 0.310455 0.583671
vn -0.727639 0.387475 0.566044
vn -0.685975 0.494647 0.533633
vn -0.598768 0.651547 0.465793
vn -0.4491 0.822347 0.349363
vn -0.215739 0.96192 0.167828
vn 0.138907 0.984392 -0.108059
vn 0.446513 0.824605 -0.347351
vn 0.602523 0.645967 -0.468714
vn 0.68895 0.487963 -0.535947
vn 0.742153 0.340432 -0.577335
vn 0.770002 0.219766 -0.598999
vn 0.782772 0.128334 -0.608933
vn 0.788325 0.049642 -0.613253
vn 0.789031 -0.026 -0.613802
vn 0.785246 -0.101205 -0.610857
vn 0.776844 -0.176939 -0.604322
vn 0.760884 -0.265901 -0.591906
vn 0.718876 -0.412895 -0.559227
vn 0.610151 -0.63437 -0.474648
vn 0.481321 -0.792548 -0.374429
vn 0.465744 -0.807349 -0.362311
vn 0.514988 -0.757821 -0.400619
vn 0.541302 -0.727789 -0.421089
vn 0.572726 -0.688102 -0.445534
vn 0.641526 -0.582571 -0.499055
vn 0.726042 -0.392252 -0.564802
vn 0.770677 -0.215936 -0.599524
vn 0.782978 -0.126295 -0.609093
vn 0.785202 -0.101742 -0.610824
vn 0.789298 0 -0.61401
vn -0.792215 -0.081535 0.60477
vn -0.792285 -0.080458 0.604823
vn -0.793711 -0.053785 0.605912
vn -0.794747 0.016949 0.606704
vn -0.788032 0.130803 0.601577
vn -0.771323 0.241557 0.588822
vn -0.752062 0.323716 0.574118
vn -0.726839 0.404761 0.554863
vn -0.680473 0.516827 0.519467
vn -0.584883 0.677166 0.446495
vn -0.425754 0.844451 0.325017
vn -0.188288 0.971539 0.143737
vn 0.155677 0.980633 -0.118843
vn 0.449268 0.824944 -0.342967
vn 0.601643 0.653513 -0.459289
vn 0.688787 0.499091 -0.525814
vn 0.744125 0.351551 -0.568058
vn 0.773861 0.228348 -0.590759
vn 0.787722 0.133728 -0.601341
vn 0.793796 0.051774 -0.605977
vn 0.79457 -0.027082 -0.606568
vn 0.790461 -0.105081 -0.603431
vn 0.781434 -0.183032 -0.59654
vn 0.764455 -0.273942 -0.583579
vn 0.720353 -0.422717 -0.549911
vn 0.609416 -0.642012 -0.465223
vn 0.482713 -0.794479 -0.368499
vn 0.469027 -0.807349 -0.358051
vn 0.518618 -0.757821 -0.395908
vn 0.545117 -0.727789 -0.416138
vn 0.576763 -0.688102 -0.440296
vn 0.646048 -0.582571 -0.493187
vn 0.73116 -0.392252 -0.558161
vn 0.776109 -0.215936 -0.592475
vn 0.788497 -0.126295 -0.601932
vn 0.790737 -0.101742 -0.603642
vn 0.794862 0 -0.606791
vn -0.797662 -0.082125 0.597487
vn -0.797714 -0.081337 0.597526
vn -0.79917 -0.054635 0.598617
vn -0.800246 0.017308 0.599423
vn -0.793109 0.13435 0.594077
vn -0.775163 0.248971 0.580634
vn -0.754355 0.334168 0.565049
vn -0.726947 0.418386 0.544519
vn -0.676596 0.5342 0.506803
vn -0.57411 0.696755 0.430036
vn -0.407691 0.860541 0.30538
vn -0.167607 0.977827 0.125545
vn 0.168328 0.977634 -0.126086
vn 0.452088 0.825192 -0.338636
vn 0.601896 0.659132 -0.45085
vn 0.689614 0.507547 -0.516554
vn 0.746651 0.360168 -0.559278
vn 0.777935 0.235087 -0.582711
vn 0.792709 0.137991 -0.593777
vn 0.799221 0.053463 -0.598655
vn 0.800053 -0.027937 -0.599278
vn 0.795673 -0.108125 -0.595998
vn 0.786127 -0.187783 -0.588847
vn 0.768314 -0.28016 -0.575504
vn 0.722513 -0.430209 -0.541197
vn 0.609789 -0.647708 -0.456762
vn 0.484564 -0.7959 -0.362962
vn 0.472275 -0.807349 -0.353757
vn 0.522209 -0.757821 -0.39116
vn 0.548892 -0.727789 -0.411146
vn 0.580756 -0.688102 -0.435014
vn 0.650521 -0.582571 -0.487272
vn 0.736222 -0.392252 -0.551466
vn 0.781483 -0.215936 -0.585368
vn 0.793957 -0.126295 -0.594712
vn 0.796212 -0.101742 -0.596401
vn 0.800365 0 -0.599512
vn -0.803068 -0.082391 0.590164
vn -0.803112 -0.081733 0.590196
vn -0.804587 -0.055022 0.59128
vn -0.805685 0.017473 0.592086
vn -0.798322 0.135988 0.586676
vn -0.779717 0.252408 0.573003
vn -0.758088 0.339018 0.557108
vn -0.729523 0.424706 0.536116
vn -0.677069 0.542221 0.497568
vn -0.570962 0.705652 0.419592
vn -0.400678 0.867614 0.294453
vn -0.15878 0.980395 0.116685
vn 0.174614 0.97624 -0.128321
vn 0.455032 0.825303 -0.334397
vn 0.604207 0.661648 -0.444023
vn 0.692475 0.511381 -0.50889
vn 0.75049 0.364123 -0.551524
vn 0.782613 0.238206 -0.575131
vn 0.797875 0.139972 -0.586347
vn 0.804621 0.054249 -0.591305
vn 0.805485 -0.028334 -0.591939
vn 0.800959 -0.109534 -0.588614
vn 0.791134 -0.189973 -0.581393
vn 0.772864 -0.28301 -0.567967
vn 0.726112 -0.433614 -0.53361
vn 0.612182 -0.65026 -0.449884
vn 0.48719 -0.796531 -0.358029
vn 0.475486 -0.807349 -0.349428
vn 0.52576 -0.757821 -0.386373
vn 0.552624 -0.727789 -0.406116
vn 0.584705 -0.688102 -0.429692
vn 0.654945 -0.582571 -0.48131
vn 0.741229 -0.392252 -0.544718
vn 0.786797 -0.215936 -0.578206
vn 0.799356 -0.126295 -0.587435
vn 0.801627 -0.101742 -0.589104
vn 0.805808 0 -0.592177
vn -0.808438 -0.082271 0.582803
vn -0.808486 -0.081555 0.582838
vn -0.809967 -0.054847 0.583905
vn -0.811065 0.017398 0.584697
vn -0.803735 0.135248 0.579413
vn -0.78525 0.250853 0.566087
vn -0.763788 0.336823 0.550615
vn -0.735478 0.421846 0.530206
vn -0.683479 0.538594 0.49272
vn -0.577996 0.701641 0.416678
vn -0.407808 0.864444 0.293989
vn -0.164357 0.979259 0.118485
vn 0.173457 0.976871 -0.125045
vn 0.458129 0.825253 -0.330265
vn 0.609049 0.660517 -0.439064
vn 0.69793 0.509653 -0.503138
vn 0.756065 0.362337 -0.545048
vn 0.788117 0.236795 -0.568154
vn 0.803305 0.139075 -0.579103
vn 0.810009 0.053893 -0.583936
vn 0.810866 -0.028154 -0.584554
vn 0.806364 -0.108897 -0.581308
vn 0.796571 -0.188983 -0.574248
vn 0.778331 -0.281723 -0.561099
vn 0.731558 -0.432079 -0.527381
vn 0.617065 -0.649112 -0.444842
vn 0.490745 -0.796247 -0.353778
vn 0.478661 -0.807349 -0.345067
vn 0.52927 -0.757821 -0.381551
vn 0.556314 -0.727789 -0.401047
vn 0.588609 -0.688102 -0.424329
vn 0.659317 -0.582571 -0.475302
vn 0.746177 -0.392252 -0.53792
vn 0.79205 -0.215936 -0.570989
vn 0.804692 -0.126295 -0.580103
vn 0.806978 -0.101742 -0.581751
vn 0.811188 0 -0.584786
vn -0.813768 -0.081792 0.575406
vn -0.813831 -0.080841 0.575451
vn -0.815305 -0.054154 0.576493
vn -0.816384 0.017104 0.577256
vn -0.809322 0.132334 0.572263
vn -0.79167 0.244752 0.559781
vn -0.771271 0.328219 0.545357
vn -0.744489 0.410631 0.52642
vn -0.695268 0.524324 0.491616
vn -0.594341 0.685672 0.420252
vn -0.428104 0.851525 0.302708
vn -0.183641 0.974379 0.129851
vn 0.165102 0.979343 -0.116742
vn 0.46137 0.825053 -0.32623
vn 0.616288 0.655967 -0.435771
vn 0.705804 0.502767 -0.499066
vn 0.763235 0.355279 -0.539675
vn 0.794371 0.231254 -0.561691
vn 0.808966 0.135563 -0.572011
vn 0.815377 0.052501 -0.576544
vn 0.816196 -0.02745 -0.577123
vn 0.811869 -0.106393 -0.574064
vn 0.802396 -0.185085 -0.567366
vn 0.78464 -0.276633 -0.55481
vn 0.738721 -0.425971 -0.522341
vn 0.624302 -0.644499 -0.441437
vn 0.49519 -0.795101 -0.350144
vn 0.481797 -0.807349 -0.340674
vn 0.532738 -0.757821 -0.376693
vn 0.559959 -0.727789 -0.395941
vn 0.592466 -0.688102 -0.418926
vn 0.663638 -0.582571 -0.469251
vn 0.751067 -0.392252 -0.531071
vn 0.79724 -0.215936 -0.56372
vn 0.809965 -0.126295 -0.572718
vn 0.812266 -0.101742 -0.574345
vn 0.816503 0 -0.577341
vn -0.819049 -0.081056 0.567968
vn -0.819136 -0.079751 0.568028
vn -0.820594 -0.053106 0.569039
vn -0.821639 0.016665 0.569764
vn -0.814991 0.128028 0.565154
vn -0.798584 0.235783 0.553777
vn -0.779759 0.315586 0.540723
vn -0.755224 0.394163 0.523709
vn -0.710113 0.503246 0.492426
vn -0.616228 0.661558 0.427322
vn -0.456963 0.831127 0.31688
vn -0.212846 0.965874 0.147598
vn 0.151112 0.982947 -0.104788
vn 0.464712 0.824739 -0.322254
vn 0.625219 0.648945 -0.433557
vn 0.715264 0.492323 -0.495999
vn 0.771372 0.344759 -0.534907
vn 0.801043 0.223091 -0.555482
vn 0.814735 0.130419 -0.564976
vn 0.820706 0.050466 -0.569117
vn 0.821466 -0.026419 -0.569645
vn 0.817408 -0.102707 -0.56683
vn 0.808435 -0.179306 -0.560608
vn 0.791456 -0.269033 -0.548834
vn 0.746995 -0.416738 -0.518003
vn 0.633199 -0.637384 -0.439091
vn 0.500294 -0.793313 -0.346928
vn 0.484895 -0.807349 -0.33625
vn 0.536164 -0.757821 -0.371802
vn 0.563559 -0.727789 -0.390799
vn 0.596275 -0.688102 -0.413486
vn 0.667905 -0.582571 -0.463157
vn 0.755896 -0.392252 -0.524175
vn 0.802366 -0.215936 -0.556399
vn 0.815173 -0.126295 -0.565281
vn 0.817489 -0.101742 -0.566886
vn 0.821753 0 -0.569843
vn -0.824271 -0.080213 0.560484
vn -0.824383 -0.078517 0.56056
vn -0.82582 -0.051934 0.561537
vn -0.826828 0.016179 0.562222
vn -0.820622 0.123342 0.558002
vn -0.805523 0.226095 0.547736
vn -0.788334 0.301964 0.536048
vn -0.766118 0.37641 0.520941
vn -0.725274 0.480378 0.493168
vn -0.639006 0.634724 0.434508
vn -0.488137 0.807187 0.331921
vn -0.2461 0.954689 0.167342
vn 0.134193 0.986745 -0.091248
vn 0.468083 0.824374 -0.318285
vn 0.634796 0.640872 -0.431645
vn 0.725177 0.480592 -0.493102
vn 0.779682 0.333199 -0.530164
vn 0.807734 0.214251 -0.549239
vn 0.820462 0.124887 -0.557894
vn 0.825972 0.048282 -0.56164
vn 0.826671 -0.025309 -0.562116
vn 0.822897 -0.098714 -0.55955
vn 0.814468 -0.172997 -0.553818
vn 0.79835 -0.260659 -0.542858
vn 0.755564 -0.406411 -0.513765
vn 0.642722 -0.629213 -0.437035
vn 0.505688 -0.791229 -0.343855
vn 0.487953 -0.807349 -0.331796
vn 0.539545 -0.757821 -0.366877
vn 0.567114 -0.727789 -0.385623
vn 0.600036 -0.688102 -0.40801
vn 0.672117 -0.582571 -0.457023
vn 0.760663 -0.392252 -0.517232
vn 0.807426 -0.215936 -0.54903
vn 0.820314 -0.126295 -0.557794
vn 0.822645 -0.101742 -0.559378
vn 0.826936 0 -0.562296
vn -0.829421 -0.079429 0.552948
vn -0.829556 -0.077379 0.553037
vn -0.830973 -0.050867 0.553982
vn -0.831947 0.015744 0.554631
vn -0.826118 0.119195 0.550746
vn -0.812116 0.217583 0.541411
vn -0.796289 0.290021 0.530859
vn -0.775988 0.360858 0.517325
vn -0.738688 0.460244 0.492459
vn -0.658965 0.61055 0.43931
vn -0.515952 0.784525 0.343968
vn -0.277042 0.94294 0.184695
vn 0.117758 0.989934 -0.078505
vn 0.471398 0.824027 -0.314266
vn 0.643913 0.633324 -0.429275
vn 0.734475 0.469881 -0.48965
vn 0.787488 0.322873 -0.524992
vn 0.814123 0.206464 -0.542749
vn 0.826033 0.120046 -0.550689
vn 0.831155 0.046376 -0.554103
vn 0.831804 -0.024338 -0.554536
vn 0.828271 -0.095198 -0.552181
vn 0.82031 -0.167397 -0.546873
vn 0.804946 -0.253157 -0.536631
vn 0.763664 -0.39702 -0.509109
vn 0.651786 -0.621582 -0.434524
vn 0.510938 -0.78925 -0.340626
vn 0.490971 -0.807349 -0.327314
vn 0.542882 -0.757821 -0.361921
vn 0.570621 -0.727789 -0.380414
vn 0.603747 -0.688102 -0.402498
vn 0.676274 -0.582571 -0.450849
vn 0.765368 -0.392252 -0.510245
vn 0.81242 -0.215936 -0.541613
vn 0.825388 -0.126295 -0.550259
vn 0.827733 -0.101742 -0.551822
vn 0.83205 0 -0.5547
f 1/1/1 38/38/38 39/39/39
f 1/1/1 39/39/39 2/2/2
f 2/2/2 39/39/39 40/40/40
f 2/2/2 40/40/40 3/3/3
f 3/3/3 40/40/40 41/41/41
f 3/3/3 41/41/41 4/4/4
f 4/4/4 41/41/41 42/42/42
f 4/4/4 42/42/42 5/5/5
f 5/5/5 42/42/42 43/43/43
f 5/5/5 43/43/43 6/6/6
f 6/6/6 43/43/43 44/44/44
f 6/6/6 44/44/44 7/7/7
f 7/7/7 44/44/44 45/45/45
f 7/7/7 45/45/45 8/8/8
f 8/8/8 45/45/45 46/46/46
f 8/8/8 46/46/46 9/9/9
f 9/9/9 46/46/46 47/47/47
f 9/9/9 47/47/47 10/10/10
f 10/10/10 47/47/47 48/48/48
f 10/10/10 48/48/48 11/11/11
f 11/11/11 48/48/48 49/49/49
f 11/11/11 49/49/49 12/12/12
f 12/12/12 49/49/49 50/50/50
f 12/12/12 50/50/50 13/13/13
f 13/13/13 50/50/50 51/51/51
f 13/13/13 51/51/51 14/14/14
f 14/14/14 51/51/51 52/52/52
f 14/14/14 52/52/52 15/15/15
f 15/15/15 52/52/52 53/53/53
f 15/15/15 53/53/53 16/16/16
f 16/16/16 53/53/53 54/54/54
f 16/16/16 54/54/54 17/17/17
f 17/17/17 54/54/54 55/55/55
f 17/17/17 55/55/55 18/18/18
f 18/18/18 55/55/55 56/56/56
f 18/18/18 56/56/56 19/19/19
f 19/19/19 56/56/56 57/57/57
f 19/19/19 57/57/57 20/20/20
f 20/20/20 57/57/57 58/58/58
f 20/20/20 58/58/58 21/21/21
f 21/21/21 58/58/58 59/59/59
f 21/21/21 59/59/59 22/22/22
f 22/22/22 59/59/59 60/60/60
f 22/22/22 60/60/60 23/23/23
f 23/23/23 60/60/60 61/61/61
f 23/23/23 61/61/61 24/24/24
f 24/24/24 61/61/61 62/62/62
f 24/24/24 62/62/62 25/25/25
f 25/25/25 62/62/62 63/63/63
f 25/25/25 63/63/63 26/26/26
f 26/26/26 63/63/63 64/64/64
f 26/26/26 64/64/64 27/27/27
f 27/27/27 64/64/64 65/65/65
f 27/27/27 65/65/65 28/28/28
f 28/28/28 65/65/65 66/66/66
f 28/28/28 66/66/66 29/29/29
f 29/29/29 66/66/66 67/67/67
f 29/29/29 67/67/67 30/30/30
f 30/30/30 67/67/67 68/68/68
f 30/30/30 68/68/68 31/31/31
f 31/31/31 68/68/68 69/69/69
f 31/31/31 69/69/69 32/32/32
f 32/32/32 69/69/69 70/70/70
f 32/32/32 70/70/70 33/33/33
f 33/33/33 70/70/70 71/71/71
f 33/33/33 71/71/71 34/34/34
f 34/34/34 71/71/71 72/72/72
f 34/34/34 72/72/72 35/35/35
f 35/35/35 72/72/72 73/73/73
f 35/35/35 73/73/73 36/36/36
f 36/36/36 73/73/73 74/74/74
f 36/36/36 74/74/74 37/37/37
f 38/38/38 75/75/75 76/76/76
f 38/38/38 76/76/76 39/39/39
f 39/39/39 76/76/76 77/77/77
f 39/39/39 77/77/77 40/40/40
f 40/40/40 77/77/77 78/78/78
f 40/40/40 78/78/78 41/41/41
f 41/41/41 78/78/78 79/79/79
f 41/41/41 79/79/79 42/42/42
f 42/42/42 79/79/79 80/80/80
f 42/42/42 80/80/80 43/43/43
f 43/43/43 80/80/80 81/81/81
f 43/43/43 81/81/81 44/44/44
f 44/44/44 81/81/81 82/82/82
f 44/44/44 82/82/82 45/45/45
f 45/45/45 82/82/82 83/83/83
f 45/45/45 83/83/83 46/46/46
f 46/46/46 83/83/83 84/84/84
f 46/46/46 84/84/84 47/47/47
f 47/47/47 84/84/84 85/85/85
f 47/47/47 85/85/85 48/48/48
f 48/48/48 85/85/85 86/86/86
f 48/48/48 86/86/86 49/49/49
f 49/49/49 86/86/86 87/87/87
f 49/49/49 87/87/87 50/50/50
f 50/50/50 87/87/87 88/88/88
f 50/50/50 88/88/88 51/51/51
f 51/51/51 88/88/88 89/89/89
f 51/51/51 89/89/89 52/52/52
f 52/52/52 89/89/89 90/90/90
f 52/52/52 90/90/90 53/53/53
f 53/53/53 90/90/90 91/91/91
f 53/53/53 91/91/91 54/54/54
f 54/54/54 91/91/91 92/92/92
f 54/54/54 92/92/92 55/55/55
f 55/55/55 92/92/92 93/93/93
f 55/55/55 93/93/93 56/56/56
f 56/56/56 93/93/93 94/94/94
f 56/56/56 94/94/94 57/57/57
f 57/57/57 94/94/94 95/95/95
f 57/57/57 95/95/95 58/58/58
f 58/58/58 95/95/95 96/96/96
f 58/58/58 96/96/96 59/59/59
f 59/59/59 96/96/96 97/97/97
f 59/59/59 97/97/97 60/60/60
f 60/60/60 97/97/97 98/98/98
f 60/60/60 98/98/98 61/61/61
f 61/61/61 98/98/98 99/99/99
f 61/61/61 99/99/99 62/62/62
f 62/62/62 99/99/99 100/100/100
f 62/62/62 100/100/100 63/63/63
f 63/63/63 100/100/100 101/101/101
f 63/63/63 101/101/101 64/64/64
f 64/64/64 101/101/101 102/102/102
f 64/64/64 102/102/102 65/65/65
f 65/65/65 102/102/102 103/103/103
f 65/65/65 103/103/103 66/66/66
f 66/66/66 103/103/103 104/104/104
f 66/66/66 104/104/104 67/67/67
f 67/67/67 104/104/104 105/105/105
f 67/67/67 105/105/105 68/68/68
f 68/68/68 105/105/105 106/106/106
f 68/68/68 106/106/106 69/69/69
f 69/69/69 106/106/106 107/107/107
f 69/69/69 107/107/107 70/70/70
f 70/70/70 107/107/107 108/108/108
f 70/70/70 108/108/108 71/71/71
f 71/71/71 108/108/108 109/109/109
f 71/71/71 109/109/109 72/72/72
f 72/72/72 109/109/109 110/110/110
f 72/72/72 110/110/110 73/73/73
f 73/73/73 110/110/110 111/111/111
f 73/73/73 111/111/111 74/74/74
f 75/75/75 112/112/112 113/113/113
f 75/75/75 113/113/113 76/76/76
f 76/76/76 113/113/113 114/114/114
f 76/76/76 114/114/114 77/77/77
f 77/77/77 114/114/114 115/115/115
f 77/77/77 115/115/115 78/78/78
f 78/78/78 115/115/115 116/116/116
f 78/78/78 116/116/116 79/79/79
f 79/79/79 116/116/116 117/117/117
f 79/79/79 117/117/117 80/80/80
f 80/80/80 117/117/117 118/118/118
f 80/80/80 118/118/118 81/81/81
f 81/81/81 118/118/118 119/119/119
f 81/81/81 119/119/119 82/82/82
f 82/82/82 119/119/119 120/120/120
f 82/82/82 120/120/120 83/83/83
f 83/83/83 120/120/120 121/121/121
f 83/83/83 121/121/121 84/84/84
f 84/84/84 121/121/121 122/122/122
f 84/84/84 122/122/122 85/85/85
f 85/85/85 122/122/122 123/123/123
f 85/85/85 123/123/123 86/86/86
f 86/86/86 123/123/123 124/124/124
f 86/86/86 124/124/124 87/87/87
f 87/87/87 124/124/124 125/125/125
f 87/87/87 125/125/125 88/88/88
f 88/88/88 125/125/125 126/126/126
f 88/88/88 126/126/126 89/89/89
f 89/89/89 126/126/126 127/127/127
f 89/89/89 127/127/127 90/90/90
f 90/90/90 127/127/127 128/128/128
f 90/90/90 128/128/128 91/91/91
f 91/91/91 128/128/128 129/129/129
f 91/91/91 129/129/129 92/92/92
f 92/92/92 129/129/129 130/130/130
f 92/92/92 130/130/130 93/93/93
f 93/93/93 130/130/130 131/131/131
f 93/93/93 131/131/131 94/94/94
f 94/94/94 131/131/131 132/132/132
f 94/94/94 132/132/132 95/95/95
f 95/95/95 132/132/132 133/133/133
f 95/95/95 133/133/133 96/96/96
f 96/96/96 133/133/133 134/134/134
f 96/96/96 134/134/134 97/97/97
f 97/97/97 134/134/134 135/135/135
f 97/97/97 135/135/135 98/98/98
f 98/98/98 135/135/135 136/136/136
f 98/98/98 136/136/136 99/99/99
f 99/99/99 136/136/136 137/137/137
f 99/99/99 137/137/137 100/100/100
f 100/100/100 137/137/137 138/138/138
f 100/100/100 138/138/138 101/101/101
f 101/101/101 138/138/138 139/139/139
f 101/101/101 139/139/139 102/102/102
f 102/102/102 139/139/139 140/140/140
f 102/102/102 140/140/140 103/103/103
f 103/103/103 140/140/140 141/141/141
f 103/103/103 141/141/141 104/104/104
f 104/104/104 141/141/141 142/142/142
f 104/104/104 142/142/142 105/105/105
f 105/105/105 142/142/142 143/143/143
f 105/105/105 143/143/143 106/106/106
f 106/106/106 143/143/143 144/144/144
f 106/106/106 144/144/144 107/107/107
f 107/107/107 144/144/144 145/145/145
f 107/107/107 145/145/145 108/108/108
f 108/108/108 145/145/145 146/146/146
f 108/108/108 146/146/146 109/109/109
f 109/109/109 146/146/146 147/147/147
f 109/109/109 147/147/147 110/110/110
f 110/110/110 147/147/147 148/148/148
f 110/110/110 148/148/148 111/111/111
f 112/112/112 149/149/149 150/150/150
f 112/112/112 150/150/150 113/113/113
f 113/113/113 150/150/150 151/151/151
f 113/113/113 151/151/151 114/114/114
f 114/114/114 151/151/151 152/152/152
f 114/114/114 152/152/152 115/115/115
f 115/115/115 152/152/152 153/153/153
f 115/115/115 153/153/153 116/116/116
f 116/116/116 153/153/153 154/154/154
f 116/116/116 154/154/154 117/117/117
f 117/117/117 154/154/154 155/155/155
f 117/117/117 155/155/155 118/118/118
f 118/118/118 155/155/155 156/156/156
f 118/118/118 156/156/156 119/119/119
f 119/119/119 156/156/156 157/157/157
f 119/119/119 157/157/157 120/120/120
f 120/120/120 157/157/157 158/158/158
f 120/120/120 158/158/158 121/121/121
f 121/121/121 158/158/158 159/159/159
f 121/121/121 159/159/159 122/122/122
f 122/122/122 159/159/159 160/160/160
f 122/122/122 160/160/160 123/123/123
f 123/123/123 160/160/160 161/161/161
f 123/123/123 161/161/161 124/124/124
f 124/124/124 161/161/161 162/162/162
f 124/124/124 162/162/162 125/125/125
f 125/125/125 162/162/162 163/163/163
f 125/125/125 163/163/163 126/126/126
f 126/126/126 163/163/163 164/164/164
f 126/126/126 164/164/164 127/127/127
f 127/127/127 164/164/164 165/165/165
f 127/127/127 165/165/165 128/128/128
f 128/128/128 165/165/165 166/166/166
f 128/128/128 166/166/166 129/129/129
f 129/129/129 166/166/166 167/167/167
f 129/129/129 167/167/167 130/130/130
f 130/130/130 167/167/167 168/168/168
f 130/130/130 168/168/168 131/131/131
f 131/131/131 168/168/168 169/169/169
f 131/131/131 169/169/169 132/132/132
f 132/132/132 169/169/169 170/170/170
f 132/132/132 170/170/170 133/133/133
f 133/133/133 170/170/170 171/171/171
f 133/133/133 171/171/171 134/134/134
f 134/134/134 171/171/171 172/172/172
f 134/134/134 172/172/172 135/135/135
f 135/135/135 172/172/172 173/173/173
f 135/135/135 173/173/173 136/136/136
f 136/136/136 173/173/173 174/174/174
f 136/136/136 174/174/174 137/137/137
f 137/137/137 174/174/174 175/175/175
f 137/137/137 175/175/175 138/138/138
f 138/138/138 175/175/175 176/176/176
f 138/138/138 176/176/176 139/139/139
f 139/139/139 176/176/176 177/177/177
f 139/139/139 177/177/177 140/140/140
f 140/140/140 177/177/177 178/178/178
f 140/140/140 178/178/178 141/141/141
f 141/141/141 178/178/178 179/179/179
f 141/141/141 179/179/179 142/142/142
f 142/142/142 179/179/179 180/180/180
f 142/142/142 180/180/180 143/143/143
f 143/143/143 180/180/180 181/181/181
f 143/143/143 181/181/181 144/144/144
f 144/144/144 181/181/181 182/182/182
f 144/144/144 182/182/182 145/145/145
f 145/145/145 182/182/182 183/183/183
f 145/145/145 183/183/183 146/146/146
f 146/146/146 183/183/183 184/184/184
f 146/146/146 184/184/184 147/147/147
f 147/147/147 184/184/184 185/185/185
f 147/147/147 185/185/185 148/148/148
f 149/149/149 186/186/186 187/187/187
f 149/149/149 187/187/187 150/150/150
f 150/150/150 187/187/187 188/188/188
f 150/150/150 188/188/188 151/151/151
f 151/151/151 188/188/188 189/189/189
f 151/151/151 189/189/189 152/152/152
f 152/152/152 189/189/189 190/190/190
f 152/152/152 190/190/190 153/153/153
f 153/153/153 190/190/190 191/191/191
f 153/153/153 191/191/191 154/154/154
f 154/154/154 191/191/191 192/192/192
f 154/154/154 192/192/192 155/155/155
f 155/155/155 192/192/192 193/193/193
f 155/155/155 193/193/193 156/156/156
f 156/156/156 193/193/193 194/194/194
f 156/156/156 194/194/194 157/157/157
f 157/157/157 194/194/194 195/195/195
f 157/157/157 195/195/195 158/158/158
f 158/158/158 195/195/195 196/196/196
f 158/158/158 196/196/196 159/159/159
f 159/159/159 196/196/196 197/197/197
f 159/159/159 197/197/197 160/160/160
f 160/160/160 197/197/197 198/198/198
f 160/160/160 198/198/198 161/161/161
f 161/161/161 198/198/198 199/199/199
f 161/161/161 199/199/199 162/162/162
f 162/162/162 199/199/199 200/200/200
f 162/162/162 200/200/200 163/163/163
f 163/163/163 200/200/200 201/201/201
f 163/163/163 201/201/201 164/164/164
f 164/164/164 201/201/201 202/202/202
f 164/164/164 202/202/202 165/165/165
f 165/165/165 202/202/202 203/203/203
f 165/165/165 203/203/203 166/166/166
f 166/166/166 203/203/203 204/204/204
f 166/166/166 204/204/204 167/167/167
f 167/167/167 204/204/204 205/205/205
f 167/167/167 205/205/205 168/168/168
f 168/168/168 205/205/205 206/206/206
f 168/168/168 206/206/206 169/169/169
f 169/169/169 206/206/206 207/207/207
f 169/169/169 207/207/207 170/170/170
f 170/170/170 207/207/207 208/208/208
f 170/170/170 208/208/208 171/171/171
f 171/171/171 208/208/208 209/209/209
f 171/171/171 209/209/209 172/172/172
f 172/172/172 209/209/209 210/210/210
f 172/172/172 210/210/210 173/173/173
f 173/173/173 210/210/210 211/211/211
f 173/173/173 211/211/211 174/174/174
f 174/174/174 211/211/211 212/212/212
f 174/174/174 212/212/212 175/175/175
f 175/175/175 212/212/212 213/213/213
f 175/175/175 213/213/213 176/176/176
f 176/176/176 213/213/213 214/214/214
f 176/176/176 214/214/214 177/177/177
f 177/177/177 214/214/214 215/215/215
f 177/177/177 215/215/215 178/178/178
f 178/178/178 215/215/215 216/216/216
f 178/178/178 216/216/216 179/179/179
f 179/179/179 216/216/216 217/217/217
f 179/179/179 217/217/217 180/180/180
f 180/180/180 217/217/217 218/218/218
f 180/180/180 218/218/218 181/181/181
f 181/181/181 218/218/218 219/219/219
f 181/181/181 219/219/219 182/182/182
f 182/182/182 219/219/219 220/220/220
f 182/182/182 220/220/220 183/183/183
f 183/183/183 220/220/220 221/221/221
f 183/183/183 221/221/221 184/184/184
f 184/184/184 221/221/221 222/222/222
f 184/184/184 222/222/222 185/185/185
f 186/186/186 223/223/223 224/224/224
f 186/186/186 224/224/224 187/187/187
f 187/187/187 224/224/224 225/225/225
f 187/187/187 225/225/225 188/188/188
f 188/188/188 225/225/225 226/226/226
f 188/188/188 226/226/226 189/189/189
f 189/189/189 226/226/226 227/227/227
f 189/189/189 227/227/227 190/190/190
f 190/190/190 227/227/227 228/228/228
f 190/190/190 228/228/228 191/191/191
f 191/191/191 228/228/228 229/229/229
f 191/191/191 229/229/229 192/192/192
f 192/192/192 229/229/229 230/230/230
f 192/192/192 230/230/230 193/193/193
f 193/193/193 230/230/230 231/231/231
f 193/193/193 231/231/231 194/194/194
f 194/194/194 231/231/231 232/232/232
f 194/194/194 232/232/232 195/195/195
f 195/195/195 232/232/232 233/233/233
f 195/195/195 233/233/233 196/196/196
f 196/196/196 233/233/233 234/234/234
f 196/196/196 234/234/234 197/197/197
f 197/197/197 234/234/234 235/235/235
f 197/197/197 235/235/235 198/198/198
f 198/198/198 235/235/235 236/236/236
f 198/198/198 236/236/236 199/199/199
f 199/199/199 236/236/236 237/237/237
f 199/199/199 237/237/237 200/200/200
f 200/200/200 237/237/237 238/238/238
f 200/200/200 238/238/238 201/201/201
f 201/201/201 238/238/238 239/239/239
f 201/201/201 239/239/239 202/202/202
f 202/202/202 239/239/239 240/240/240
f 202/202/202 240/240/240 203/203/203
f 203/203/203 240/240/240 241/241/241
f 203/203/203 241/241/241 204/204/204
f 204/204/204 241/241/241 242/242/242
f 204/204/204 242/242/242 205/205/205
f 205/205/205 242/242/242 243/243/243
f 205/205/205 243/243/243 206/206/206
f 206/206/206 243/243/243 244/244/244
f 206/206/206 244/244/244 207/207/207
f 207/207/207 244/244/244 245/245/245
f 207/207/207 245/245/245 208/208/208
f 208/208/208 245/245/245 246/246/246
f 208/208/208 246/246/246 209/209/209
f 209/209/209 246/246/246 247/247/247
f 209/209/209 247/247/247 210/210/210
f 210/210/210 247/247/247 248/248/248
f 210/210/210 248/248/248 211/211/211
f 211/211/211 248/248/248 249/249/249
f 211/211/211 249/249/249 212/212/212
f 212/212/212 249/249/249 250/250/250
f 212/212/212 250/250/250 213/213/213
f 213/213/213 250/250/250 251/251/251
f 213/213/213 251/251/251 214/214/214
f 214/214/214 251/251/251 252/252/252
f 214/214/214 252/252/252 215/215/215
f 215/215/215 252/252/252 253/253/253
f 215/215/215 253/253/253 216/216/216
f 216/216/216 253/253/253 254/254/254
f 216/216/216 254/254/254 217/217/217
f 217/217/217 254/254/254 255/255/255
f 217/217/217 255/255/255 218/218/218
f 218/218/218 255/255/255 256/256/256
f 218/218/218 256/256/256 219/219/219
f 219/219/219 256/256/256 257/257/257
f 219/219/219 257/257/257 220/220/220
f 220/220/220 257/257/257 258/258/258
f 220/220/220 258/258/258 221/221/221
f 221/221/221 258/258/258 259/259/259
f 221/221/221 259/259/259 222/222/222
f 223/223/223 260/260/260 261/261/261
f 223/223/223 261/261/261 224/224/224
f 224/224/224 261/261/261 262/262/262
f 224/224/224 262/262/262 225/225/225
f 225/225/225 262/262/262 263/263/263
f 225/225/225 263/263/263 226/226/226
f 226/226/226 263/263/263 264/264/264
f 226/226/226 264/264/264 227/227/227
f 227/227/227 264/264/264 265/265/265
f 227/227/227 265/265/265 228/228/228
f 228/228/228 265/265/265 266/266/266
f 228/228/228 266/266/266 229/229/229
f 229/229/229 266/266/266 267/267/267
f 229/229/229 267/267/267 230/230/230
f 230/230/230 267/267/267 268/268/268
f 230/230/230 268/268/268 231/231/231
f 231/231/231 268/268/268 269/269/269
f 231/231/231 269/269/269 232/232/232
f 232/232/232 269/269/269 270/270/270
f 232/232/232 270/270/270 233/233/233
f 233/233/233 270/270/270 271/271/271
f 233/233/233 271/271/271 234/234/234
f 234/234/234 271/271/271 272/272/272
f 234/234/234 272/272/272 235/235/235
f 235/235/235 272/272/272 273/273/273
f 235/235/235 273/273/273 236/236/236
f 236/236/236 273/273/273 274/274/274
f 236/236/236 274/274/274 237/237/237
f 237/237/237 274/274/274 275/275/275
f 237/237/237 275/275/275 238/238/238
f 238/238/238 275/275/275 276/276/276
f 238/238/238 276/276/276 239/239/239
f 239/239/239 276/276/276 277/277/277
f 239/239/239 277/277/277 240/240/240
f 240/240/240 277/277/277 278/278/278
f 240/240/240 278/278/278 241/241/241
f 241/241/241 278/278/278 279/279/279
f 241/241/241 279/279/279 242/242/242
f 242/242/242 279/279/279 280/280/280
f 242/242/242 280/280/280 243/243/243
f 243/243/243 280/280/280 281/281/281
f 243/243/243 281/281/281 244/244/244
f 244/244/244 281/281/281 282/282/282
f 244/244/244 282/282/282 245/245/245
f 245/245/245 282/282/282 283/283/283
f 245/245/245 283/283/283 246/246/246
f 246/246/246 283/283/283 284/284/284
f 246/246/246 284/284/284 247/247/247
f 247/247/247 284/284/284 285/285/285
f 247/247/247 285/285/285 248/248/248
f 248/248/248 285/285/285 286/286/286
f 248/248/248 286/286/286 249/249/249
f 249/249/249 286/286/286 287/287/287
f 249/249/249 287/287/287 250/250/250
f 250/250/250 287/287/287 288/288/288
f 250/250/250 288/288/288 251/251/251
f 251/251/251 288/288/288 289/289/289
f 251/251/251 289/289/289 252/252/252
f 252/252/252 289/289/289 290/290/290
f 252/252/252 290/290/290 253/253/253
f 253/253/253 290/290/290 291/291/291
f 253/253/253 291/291/291 254/254/254
f 254/254/254 291/291/291 292/292/292
f 254/254/254 292/292/292 255/255/255
f 255/255/255 292/292/292 293/293/293
f 255/255/255 293/293/293 256/256/256
f 256/256/256 293/293/293 294/294/294
f 256/256/256 294/294/294 257/257/257
f 257/257/257 294/294/294 295/295/295
f 257/257/257 295/295/295 258/258/258
f 258/258/258 295/295/295 296/296/296
f 258/258/258 296/296/296 259/259/259
f 260/260/260 297/297/297 298/298/298
f 260/260/260 298/298/298 261/261/261
f 261/261/261 298/298/298 299/299/299
f 261/261/261 299/299/299 262/262/262
f 262/262/262 299/299/299 300/300/300
f 262/262/262 300/300/300 263/263/263
f 263/263/263 300/300/300 301/301/301
f 263/263/263 301/301/301 264/264/264
f 264/264/264 301/301/301 302/302/302
f 264/264/264 302/302/302 265/265/265
f 265/265/265 302/302/302 303/303/303
f 265/265/265 303/303/303 266/266/266
f 266/266/266 303/303/303 304/304/304
f 266/266/266 304/304/304 267/267/267
f 267/267/267 304/304/304 305/305/305
f 267/267/267 305/305/305 268/268/268
f 268/268/268 305/305/305 306/306/306
f 268/268/268 306/306/306 269/269/269
f 269/269/269 306/306/306 307/307/307
f 269/269/269 307/307/307 270/270/270
f 270/270/270 307/307/307 308/308/308
f 270/270/270 308/308/308 271/271/271
f 271/271/271 308/308/308 309/309/309
f 271/271/271 309/309/309 272/272/272
f 272/272/272 309/309/309 310/310/310
f 272/272/272 310/310/310 273/273/273
f 273/273/273 310/310/310 311/311/311
f 273/273/273 311/311/311 274/274/274
f 274/274/274 311/311/311 312/312/312
f 274/274/274 312/312/312 275/275/275
f 275/275/275 312/312/312 313/313/313
f 275/275/275 313/313/313 276/276/276
f 276/276/276 313/313/313 314/314/314
f 276/276/276 314/314/314 277/277/277
f 277/277/277 314/314/314 315/315/315
f 277/277/277 315/315/315 278/278/278
f 278/278/278 315/315/315 316/316/316
f 278/278/278 316/316/316 279/279/279
f 279/279/279 316/316/316 317/317/317
f 279/279/279 317/317/317 280/280/280
f 280/280/280 317/317/317 318/318/318
f 280/280/280 318/318/318 281/281/281
f 281/281/281 318/318/318 319/319/319
f 281/281/281 319/319/319 282/282/282
f 282/282/282 319/319/319 320/320/320
f 282/282/282 320/320/320 283/283/283
f 283/283/283 320/320/320 321/321/321
f 283/283/283 321/321/321 284/284/284
f 284/284/284 321/321/321 322/322/322
f 284/284/284 322/322/322 285/285/285
f 285/285/285 322/322/322 323/323/323
f 285/285/285 323/323/323 286/286/286
f 286/286/286 323/323/323 324/324/324
f 286/286/286 324/324/324 287/287/287
f 287/287/287 324/324/324 325/325/325
f 287/287/287 325/325/325 288/288/288
f 288/288/288 325/325/325 326/326/326
f 288/288/288 326/326/326 289/289/289
f 289/289/289 326/326/326 327/327/327
f 289/289/289 327/327/327 290/290/290
f 290/290/290 327/327/327 328/328/328
f 290/290/290 328/328/328 291/291/291
f 291/291/291 328/328/328 329/329/329
f 291/291/291 329/329/329 292/292/292
f 292/292/292 329/329/329 330/330/330
f 292/292/292 330/330/330 293/293/293
f 293/293/293 330/330/330 331/331/331
f 293/293/293 331/331/331 294/294/294
f 294/294/294 331/331/331 332/332/332
f 294/294/294 332/332/332 295/295/295
f 295/295/295 332/332/332 333/333/333
f 295/295/295 333/333/333 296/296/296
f 297/297/297 334/334/334 335/335/335
f 297/297/297 335/335/335 298/298/298
f 298/298/298 335/335/335 336/336/336
f 298/298/298 336/336/336 299/299/299
f 299/299/299 336/336/336 337/337/337
f 299/299/299 337/337/337 300/300/300
f 300/300/300 337/337/337 338/338/338
f 300/300/300 338/338/338 301/301/301
f 301/301/301 338/338/338 339/339/339
f 301/301/301 339/339/339 302/302/302
f 302/302/302 339/339/339 340/340/340
f 302/302/302 340/340/340 303/303/303
f 303/303/303 340/340/340 341/341/341
f 303/303/303 341/341/341 304/304/304
f 304/304/304 341/341/341 342/342/342
f 304/304/304 342/342/342 305/305/305
f 305/305/305 342/342/342 343/343/343
f 305/305/305 343/343/343 306/306/306
f 306/306/306 343/343/343 344/344/344
f 306/306/306 344/344/344 307/307/307
f 307/307/307 344/344/344 345/345/345
f 307/307/307 345/345/345 308/308/308
f 308/308/308 345/345/345 346/346/346
f 308/308/308 346/346/346 309/309/309
f 309/309/309 346/346/346 347/347/347
f 309/309/309 347/347/347 310/310/310
f 310/310/310 347/347/347 348/348/348
f 310/310/310 348/348/348 311/311/311
f 311/311/311 348/348/348 349/349/349
f 311/311/311 349/349/349 312/312/312
f 312/312/312 349/349/349 350/350/350
f 312/312/312 350/350/350 313/313/313
f 313/313/313 350/350/350 351/351/351
f 313/313/313 351/351/351 314/314/314
f 314/314/314 351/351/351 352/352/352
f 314/314/314 352/352/352 315/315/315
f 315/315/315 352/352/352 353/353/353
f 315/315/315 353/353/353 316/316/316
f 316/316/316 353/353/353 354/354/354
f 316/316/316 354/354/354 317/317/317
f 317/317/317 354/354/354 355/355/355
f 317/317/317 355/355/355 318/318/318
f 318/318/318 355/355/355 356/356/356
f 318/318/318 356/356/356 319/319/319
f 319/319/319 356/356/356 357/357/357
f 319/319/319 357/357/357 320/320/320
f 320/320/320 357/357/357 358/358/358
f 320/320/320 358/358/358 321/321/321
f 321/321/321 358/358/358 359/359/359
f 321/321/321 359/359/359 322/322/322
f 322/322/322 359/359/359 360/360/360
f 322/322/322 360/360/360 323/323/323
f 323/323/323 360/360/360 361/361/361
f 323/323/323 361/361/361 324/324/324
f 324/324/324 361/361/361 362/362/362
f 324/324/324 362/362/362 325/325/325
f 325/325/325 362/362/362 363/363/363
f 325/325/325 363/363/363 326/326/326
f 326/326/326 363/363/363 364/364/364
f 326/326/326 364/364/364 327/327/327
f 327/327/327 364/364/364 365/365/365
f 327/327/327 365/365/365 328/328/328
f 328/328/328 365/365/365 366/366/366
f 328/328/328 366/366/366 329/329/329
f 329/329/329 366/366/366 367/367/367
f 329/329/329 367/367/367 330/330/330
f 330/330/330 367/367/367 368/368/368
f 330/330/330 368/368/368 331/331/331
f 331/331/331 368/368/368 369/369/369
f 331/331/331 369/369/369 332/332/332
f 332/332/332 369/369/369 370/370/370
f 332/332/332 370/370/370 333/333/333
f 334/334/334 371/371/371 372/372/372
f 334/334/334 372/372/372 335/335/335
f 335/335/335 372/372/372 373/373/373
f 335/335/335 373/373/373 336/336/336
f 336/336/336 373/373/373 374/374/374
f 336/336/336 374/374/374 337/337/337
f 337/337/337 374/374/374 375/375/375
f 337/337/337 375/375/375 338/338/338
f 338/338/338 375/375/375 376/376/376
f 338/338/338 376/376/376 339/339/339
f 339/339/339 376/376/376 377/377/377
f 339/339/339 377/377/377 340/340/340
f 340/340/340 377/377/377 378/378/378
f 340/340/340 378/378/378 341/341/341
f 341/341/341 378/378/378 379/379/379
f 341/341/341 379/379/379 342/342/342
f 342/342/342 379/379/379 380/380/380
f 342/342/342 380/380/380 343/343/343
f 343/343/343 380/380/380 381/381/381
f 343/343/343 381/381/381 344/344/344
f 344/344/344 381/381/381 382/382/382
f 344/344/344 382/382/382 345/345/345
f 345/345/345 382/382/382 383/383/383
f 345/345/345 383/383/383 346/346/346
f 346/346/346 383/383/383 384/384/384
f 346/346/346 384/384/384 347/347/347
f 347/347/347 384/384/384 385/385/385
f 347/347/347 385/385/385 348/348/348
f 348/348/348 385/385/385 386/386/386
f 348/348/348 386/386/386 349/349/349
f 349/349/349 386/386/386 387/387/387
f 349/349/349 387/387/387 350/350/350
f 350/350/350 387/387/387 388/388/388
f 350/350/350 388/388/388 351/351/351
f 351/351/351 388/388/388 389/389/389
f 351/351/351 389/389/389 352/352/352
f 352/352/352 389/389/389 390/390/390
f 352/352/352 390/390/390 353/353/353
f 353/353/353 390/390/390 391/391/391
f 353/353/353 391/391/391 354/354/354
f 354/354/354 391/391/391 392/392/392
f 354/354/354 392/392/392 355/355/355
f 355/355/355 392/392/392 393/393/393
f 355/355/355 393/393/393 356/356/356
f 356/356/356 393/393/393 394/394/394
f 356/356/356 394/394/394 357/357/357
f 357/357/357 394/394/394 395/395/395
f 357/357/357 395/395/395 358/358/358
f 358/358/358 395/395/395 396/396/396
f 358/358/358 396/396/396 359/359/359
f 359/359/359 396/396/396 397/397/397
f 359/359/359 397/397/397 360/360/360
f 360/360/360 397/397/397 398/398/398
f 360/360/360 398/398/398 361/361/361
f 361/361/361 398/398/398 399/399/399
f 361/361/361 399/399/399 362/362/362
f 362/362/362 399/399/399 400/400/400
f 362/362/362 400/400/400 363/363/363
f 363/363/363 400/400/400 401/401/401
f 363/363/363 401/401/401 364/364/364
f 364/364/364 401/401/401 402/402/402
f 364/364/364 402/402/402 365/365/365
f 365/365/365 402/402/402 403/403/403
f 365/365/365 403/403/403 366/366/366
f 366/366/366 403/403/403 404/404/404
f 366/366/366 404/404/404 367/367/367
f 367/367/367 404/404/404 405/405/405
f 367/367/367 405/405/405 368/368/368
f 368/368/368 405/405/405 406/406/406
f 368/368/368 406/406/406 369/369/369
f 369/369/369 406/406/406 407/407/407
f 369/369/369 407/407/407 370/370/370
f 371/371/371 408/408/408 409/409/409
f 371/371/371 409/409/409 372/372/372
f 372/372/372 409/409/409 410/410/410
f 372/372/372 410/410/410 373/373/373
f 373/373/373 410/410/410 411/411/411
f 373/373/373 411/411/411 374/374/374
f 374/374/374 411/411/411 412/412/412
f 374/374/374 412/412/412 375/375/375
f 375/375/375 412/412/412 413/413/413
f 375/375/375 413/413/413 376/376/376
f 376/376/376 413/413/413 414/414/414
f 376/376/376 414/414/414 377/377/377
f 377/377/377 414/414/414 415/415/415
f 377/377/377 415/415/415 378/378/378
f 378/378/378 415/415/415 416/416/416
f 378/378/378 416/416/416 379/379/379
f 379/379/379 416/416/416 417/417/417
f 379/379/379 417/417/417 380/380/380
f 380/380/380 417/417/417 418/418/418
f 380/380/380 418/418/418 381/381/381
f 381/381/381 418/418/418 419/419/419
f 381/381/381 419/419/419 382/382/382
f 382/382/382 419/419/419 420/420/420
f 382/382/382 420/420/420 383/383/383
f 383/383/383 420/420/420 421/421/421
f 383/383/383 421/421/421 384/384/384
f 384/384/384 421/421/421 422/422/422
f 384/384/384 422/422/422 385/385/385
f 385/385/385 422/422/422 423/423/423
f 385/385/385 423/423/423 386/386/386
f 386/386/386 423/423/423 424/424/424
f 386/386/386 424/424/424 387/387/387
f 387/387/387 424/424/424 425/425/425
f 387/387/387 425/425/425 388/388/388
f 388/388/388 425/425/425 426/426/426
f 388/388/388 426/426/426 389/389/389
f 389/389/389 426/426/426 427/427/427
f 389/389/389 427/427/427 390/390/390
f 390/390/390 427/427/427 428/428/428
f 390/390/390 428/428/428 391/391/391
f 391/391/391 428/428/428 429/429/429
f 391/391/391 429/429/429 392/392/392
f 392/392/392 429/429/429 430/430/430
f 392/392/392 430/430/430 393/393/393
f 393/393/393 430/430/430 431/431/431
f 393/393/393 431/431/431 394/394/394
f 394/394/394 431/431/431 432/432/432
f 394/394/394 432/432/432 395/395/395
f 395/395/395 432/432/432 433/433/433
f 395/395/395 433/433/433 396/396/396
f 396/396/396 433/433/433 434/434/434
f 396/396/396 434/434/434 397/397/397
f 397/397/397 434/434/434 435/435/435
f 397/397/397 435/435/435 398/398/398
f 398/398/398 435/435/435 436/436/436
f 398/398/398 436/436/436 399/399/399
f 399/399/399 436/436/436 437/437/437
f 399/399/399 437/437/437 400/400/400
f 400/400/400 437/437/437 438/438/438
f 400/400/400 438/438/438 401/401/401
f 401/401/401 438/438/438 439/439/439
f 401/401/401 439/439/439 402/402/402
f 402/402/402 439/439/439 440/440/440
f 402/402/402 440/440/440 403/403/403
f 403/403/403 440/440/440 441/441/441
f 403/403/403 441/441/441 404/404/404
f 404/404/404 441/441/441 442/442/442
f 404/404/404 442/442/442 405/405/405
f 405/405/405 442/442/442 443/443/443
f 405/405/405 443/443/443 406/406/406
f 406/406/406 443/443/443 444/444/444
f 406/406/406 444/444/444 407/407/407
f 408/408/408 445/445/445 446/446/446
f 408/408/408 446/446/446 409/409/409
f 409/409/409 446/446/446 447/447/447
f 409/409/409 447/447/447 410/410/410
f 410/410/410 447/447/447 448/448/448
f 410/410/410 448/448/448 411/411/411
f 411/411/411 448/448/448 449/449/449
f 411/411/411 449/449/449 412/412/412
f 412/412/412 449/449/449 450/450/450
f 412/412/412 450/450/450 413/413/413
f 413/413/413 450/450/450 451/451/451
f 413/413/413 451/451/451 414/414/414
f 414/414/414 451/451/451 452/452/452
f 414/414/414 452/452/452 415/415/415
f 415/415/415 452/452/452 453/453/453
f 415/415/415 453/453/453 416/416/416
f 416/416/416 453/453/453 454/454/454
f 416/416/416 454/454/454 417/417/417
f 417/417/417 454/454/454 455/455/455
f 417/417/417 455/455/455 418/418/418
f 418/418/418 455/455/455 456/456/456
f 418/418/418 456/456/456 419/419/419
f 419/419/419 456/456/456 457/457/457
f 419/419/419 457/457/457 420/420/420
f 420/420/420 457/457/457 458/458/458
f 420/420/420 458/458/458 421/421/421
f 421/421/421 458/458/458 459/459/459
f 421/421/421 459/459/459 422/422/422
f 422/422/422 459/459/459 460/460/460
f 422/422/422 460/460/460 423/423/423
f 423/423/423 460/460/460 461/461/461
f 423/423/423 461/461/461 424/424/424
f 424/424/424 461/461/461 462/462/462
f 424/424/424 462/462/462 425/425/425
f 425/425/425 462/462/462 463/463/463
f 425/425/425 463/463/463 426/426/426
f 426/426/426 463/463/463 464/464/464
f 426/426/426 464/464/464 427/427/427
f 427/427/427 464/464/464 465/465/465
f 427/427/427 465/465/465 428/428/428
f 428/428/428 465/465/465 466/466/466
f 428/428/428 466/466/466 429/429/429
f 429/429/429 466/466/466 467/467/467
f 429/429/429 467/467/467 430/430/430
f 430/430/430 467/467/467 468/468/468
f 430/430/430 468/468/468 431/431/431
f 431/431/431 468/468/468 469/469/469
f 431/431/431 469/469/469 432/432/432
f 432/432/432 469/469/469 470/470/470
f 432/432/432 470/470/470 433/433/433
f 433/433/433 470/470/470 471/471/471
f 433/433/433 471/471/471 434/434/434
f 434/434/434 471/471/471 472/472/472
f 434/434/434 472/472/472 435/435/435
f 435/435/435 472/472/472 473/473/473
f 435/435/435 473/473/473 436/436/436
f 436/436/436 473/473/473 474/474/474
f 436/436/436 474/474/474 437/437/437
f 437/437/437 474/474/474 475/475/475
f 437/437/437 475/475/475 438/438/438
f 438/438/438 475/475/475 476/476/476
f 438/438/438 476/476/476 439/439/439
f 439/439/439 476/476/476 477/477/477
f 439/439/439 477/477/477 440/440/440
f 440/440/440 477/477/477 478/478/478
f 440/440/440 478/478/478 441/441/441
f 441/441/441 478/478/478 479/479/479
f 441/441/441 479/479/479 442/442/442
f 442/442/442 479/479/479 480/480/480
f 442/442/442 480/480/480 443/443/443
f 443/443/443 480/480/480 481/481/481
f 443/443/443 481/481/481 444/444/444
f 445/445/445 482/482/482 483/483/483
f 445/445/445 483/483/483 446/446/446
f 446/446/446 483/483/483 484/484/484
f 446/446/446 484/484/484 447/447/447
f 447/447/447 484/484/484 485/485/485
f 447/447/447 485/485/485 448/448/448
f 448/448/448 485/485/485 486/486/486
f 448/448/448 486/486/486 449/449/449
f 449/449/449 486/486/486 487/487/487
f 449/449/449 487/487/487 450/450/450
f 450/450/450 487/487/487 488/488/488
f 450/450/450 488/488/488 451/451/451
f 451/451/451 488/488/488 489/489/489
f 451/451/451 489/489/489 452/452/452
f 452/452/452 489/489/489 490/490/490
f 452/452/452 490/490/490 453/453/453
f 453/453/453 490/490/490 491/491/491
f 453/453/453 491/491/491 454/454/454
f 454/454/454 491/491/491 492/492/492
f 454/454/454 492/492/492 455/455/455
f 455/455/455 492/492/492 493/493/493
f 455/455/455 493/493/493 456/456/456
f 456/456/456 493/493/493 494/494/494
f 456/456/456 494/494/494 457/457/457
f 457/457/457 494/494/494 495/495/495
f 457/457/457 495/495/495 458/458/458
f 458/458/458 495/495/495 496/496/496
f 458/458/458 496/496/496 459/459/459
f 459/459/459 496/496/496 497/497/497
f 459/459/459 497/497/497 460/460/460
f 460/460/460 497/497/497 498/498/498
f 460/460/460 498/498/498 461/461/461
f 461/461/461 498/498/498 499/499/499
f 461/461/461 499/499/499 462/462/462
f 462/462/462 499/499/499 500/500/500
f 462/462/462 500/500/500 463/463/463
f 463/463/463 500/500/500 501/501/501
f 463/463/463 501/501/501 464/464/464
f 464/464/464 501/501/501 502/502/502
f 464/464/464 502/502/502 465/465/465
f 465/465/465 502/502/502 503/503/503
f 465/465/465 503/503/503 466/466/466
f 466/466/466 503/503/503 504/504/504
f 466/466/466 504/504/504 467/467/467
f 467/467/467 504/504/504 505/505/505
f 467/467/467 505/505/505 468/468/468
f 468/468/468 505/505/505 506/506/506
f 468/468/468 506/506/506 469/469/469
f 469/469/469 506/506/506 507/507/507
f 469/469/469 507/507/507 470/470/470
f 470/470/470 507/507/507 508/508/508
f 470/470/470 508/508/508 471/471/471
f 471/471/471 508/508/508 509/509/509
f 471/471/471 509/509/509 472/472/472
f 472/472/472 509/509/509 510/510/510
f 472/472/472 510/510/510 473/473/473
f 473/473/473 510/510/510 511/511/511
f 473/473/473 511/511/511 474/474/474
f 474/474/474 511/511/511 512/512/512
f 474/474/474 512/512/512 475/475/475
f 475/475/475 512/512/512 513/513/513
f 475/475/475 513/513/513 476/476/476
f 476/476/476 513/513/513 514/514/514
f 476/476/476 514/514/514 477/477/477
f 477/477/477 514/514/514 515/515/515
f 477/477/477 515/515/515 478/478/478
f 478/478/478 515/515/515 516/516/516
f 478/478/478 516/516/516 479/479/479
f 479/479/479 516/516/516 517/517/517
f 479/479/479 517/517/517 480/480/480
f 480/480/480 517/517/517 518/518/518
f 480/480/480 518/518/518 481/481/481
f 482/482/482 519/519/519 520/520/520
f 482/482/482 520/520/520 483/483/483
f 483/483/483 520/520/520 521/521/521
f 483/483/483 521/521/521 484/484/484
f 484/484/484 521/521/521 522/522/522
f 484/484/484 522/522/522 485/485/485
f 485/485/485 522/522/522 523/523/523
f 485/485/485 523/523/523 486/486/486
f 486/486/486 523/523/523 524/524/524
f 486/486/486 524/524/524 487/487/487
f 487/487/487 524/524/524 525/525/525
f 487/487/487 525/525/525 488/488/488
f 488/488/488 525/525/525 526/526/526
f 488/488/488 526/526/526 489/489/489
f 489/489/489 526/526/526 527/527/527
f 489/489/489 527/527/527 490/490/490
f 490/490/490 527/527/527 528/528/528
f 490/490/490 528/528/528 491/491/491
f 491/491/491 528/528/528 529/529/529
f 491/491/491 529/529/529 492/492/492
f 492/492/492 529/529/529 530/530/530
f 492/492/492 530/530/530 493/493/493
f 493/493/493 530/530/530 531/531/531
f 493/493/493 531/531/531 494/494/494
f 494/494/494 531/531/531 532/532/532
f 494/494/494 532/532/532 495/495/495
f 495/495/495 532/532/532 533/533/533
f 495/495/495 533/533/533 496/496/496
f 496/496/496 533/533/533 534/534/534
f 496/496/496 534/534/534 497/497/497
f 497/497/497 534/534/534 535/535/535
f 497/497/497 535/535/535 498/498/498
f 498/498/498 535/535/535 536/536/536
f 498/498/498 536/536/536 499/499/499
f 499/499/499 536/536/536 537/537/537
f 499/499/499 537/537/537 500/500/500
f 500/500/500 537/537/537 538/538/538
f 500/500/500 538/538/538 501/501/501
f 501/501/501 538/538/538 539/539/539
f 501/501/501 539/539/539 502/502/502
f 502/502/502 539/539/539 540/540/540
f 502/502/502 540/540/540 503/503/503
f 503/503/503 540/540/540 541/541/541
f 503/503/503 541/541/541 504/504/504
f 504/504/504 541/541/541 542/542/542
f 504/504/504 542/542/542 505/505/505
f 505/505/505 542/542/542 543/543/543
f 505/505/505 543/543/543 506/506/506
f 506/506/506 543/543/543 544/544/544
f 506/506/506 544/544/544 507/507/507
f 507/507/507 544/544/544 545/545/545
f 507/507/507 545/545/545 508/508/508
f 508/508/508 545/545/545 546/546/546
f 508/508/508 546/546/546 509/509/509
f 509/509/509 546/546/546 547/547/547
f 509/509/509 547/547/547 510/510/510
f 510/510/510 547/547/547 548/548/548
f 510/510/510 548/548/548 511/511/511
f 511/511/511 548/548/548 549/549/549
f 511/511/511 549/549/549 512/512/512
f 512/512/512 549/549/549 550/550/550
f 512/512/512 550/550/550 513/513/513
f 513/513/513 550/550/550 551/551/551
f 513/513/513 551/551/551 514/514/514
f 514/514/514 551/551/551 552/552/552
f 514/514/514 552/552/552 515/515/515
f 515/515/515 552/552/552 553/553/553
f 515/515/515 553/553/553 516/516/516
f 516/516/516 553/553/553 554/554/554
f 516/516/516 554/554/554 517/517/517
f 517/517/517 554/554/554 555/555/555
f 517/517/517 555/555/555 518/518/518
f 519/519/519 556/556/556 557/557/557
f 519/519/519 557/557/557 520/520/520
f 520/520/520 557/557/557 558/558/558
f 520/520/520 558/558/558 521/521/521
f 521/521/521 558/558/558 559/559/559
f 521/521/521 559/559/559 522/522/522
f 522/522/522 559/559/559 560/560/560
f 522/522/522 560/560/560 523/523/523
f 523/523/523 560/560/560 561/561/561
f 523/523/523 561/561/561 524/524/524
f 524/524/524 561/561/561 562/562/562
f 524/524/524 562/562/562 525/525/525
f 525/525/525 562/562/562 563/563/563
f 525/525/525 563/563/563 526/526/526
f 526/526/526 563/563/563 564/564/564
f 526/526/526 564/564/564 527/527/527
f 527/527/527 564/564/564 565/565/565
f 527/527/527 565/565/565 528/528/528
f 528/528/528 565/565/565 566/566/566
f 528/528/528 566/566/566 529/529/529
f 529/529/529 566/566/566 567/567/567
f 529/529/529 567/567/567 530/530/530
f 530/530/530 567/567/567 568/568/568
f 530/530/530 568/568/568 531/531/531
f 531/531/531 568/568/568 569/569/569
f 531/531/531 569/569/569 532/532/532
f 532/532/532 569/569/569 570/570/570
f 532/532/532 570/570/570 533/533/533
f 533/533/533 570/570/570 571/571/571
f 533/533/533 571/571/571 534/534/534
f 534/534/534 571/571/571 572/572/572
f 534/534/534 572/572/572 535/535/535
f 535/535/535 572/572/572 573/573/573
f 535/535/535 573/573/573 536/536/536
f 536/536/536 573/573/573 574/574/574
f 536/536/536 574/574/574 537/537/537
f 537/537/537 574/574/574 575/575/575
f 537/537/537 575/575/575 538/538/538
f 538/538/538 575/575/575 576/576/576
f 538/538/538 576/576/576 539/539/539
f 539/539/539 576/576/576 577/577/577
f 539/539/539 577/577/577 540/540/540
f 540/540/540 577/577/577 578/578/578
f 540/540/540 578/578/578 541/541/541
f 541/541/541 578/578/578 579/579/579
f 541/541/541 579/579/579 542/542/542
f 542/542/542 579/579/579 580/580/580
f 542/542/542 580/580/580 543/543/543
f 543/543/543 580/580/580 581/581/581
f 543/543/543 581/581/581 544/544/544
f 544/544/544 581/581/581 582/582/582
f 544/544/544 582/582/582 545/545/545
f 545/545/545 582/582/582 583/583/583
f 545/545/545 583/583/583 546/546/546
f 546/546/546 583/583/583 584/584/584
f 546/546/546 584/584/584 547/547/547
f 547/547/547 584/584/584 585/585/585
f 547/547/547 585/585/585 548/548/548
f 548/548/548 585/585/585 586/586/586
f 548/548/548 586/586/586 549/549/549
f 549/549/549 586/586/586 587/587/587
f 549/549/549 587/587/587 550/550/550
f 550/550/550 587/587/587 588/588/588
f 550/550/550 588/588/588 551/551/551
f 551/551/551 588/588/588 589/589/589
f 551/551/551 589/589/589 552/552/552
f 552/552/552 589/589/589 590/590/590
f 552/552/552 590/590/590 553/553/553
f 553/553/553 590/590/590 591/591/591
f 553/553/553 591/591/591 554/554/554
f 554/554/554 591/591/591 592/592/592
f 554/554/554 592/592/592 555/555/555
f 556/556/556 593/593/593 594/594/594
f 556/556/556 594/594/594 557/557/557
f 557/557/557 594/594/594 595/595/595
f 557/557/557 595/595/595 558/558/558
f 558/558/558 595/595/595 596/596/596
f 558/558/558 596/596/596 559/559/559
f 559/559/559 596/596/596 597/597/597
f 559/559/559 597/597/597 560/560/560
f 560/560/560 597/597/597 598/598/598
f 560/560/560 598/598/598 561/561/561
f 561/561/561 598/598/598 599/599/599
f 561/561/561 599/599/599 562/562/562
f 562/562/562 599/599/599 600/600/600
f 562/562/562 600/600/600 563/563/563
f 563/563/563 600/600/600 601/601/601
f 563/563/563 601/601/601 564/564/564
f 564/564/564 601/601/601 602/602/602
f 564/564/564 602/602/602 565/565/565
f 565/565/565 602/602/602 603/603/603
f 565/565/565 603/603/603 566/566/566
f 566/566/566 603/603/603 604/604/604
f 566/566/566 604/604/604 567/567/567
f 567/567/567 604/604/604 605/605/605
f 567/567/567 605/605/605 568/568/568
f 568/568/568 605/605/605 606/606/606
f 568/568/568 606/606/606 569/569/569
f 569/569/569 606/606/606 607/607/607
f 569/569/569 607/607/607 570/570/570
f 570/570/570 607/607/607 608/608/608
f 570/570/570 608/608/608 571/571/571
f 571/571/571 608/608/608 609/609/609
f 571/571/571 609/609/609 572/572/572
f 572/572/572 609/609/609 610/610/610
f 572/572/572 610/610/610 573/573/573
f 573/573/573 610/610/610 611/611/611
f 573/573/573 611/611/611 574/574/574
f 574/574/574 611/611/611 612/612/612
f 574/574/574 612/612/612 575/575/575
f 575/575/575 612/612/612 613/613/613
f 575/575/575 613/613/613 576/576/576
f 576/576/576 613/613/613 614/614/614
f 576/576/576 614/614/614 577/577/577
f 577/577/577 614/614/614 615/615/615
f 577/577/577 615/615/615 578/578/578
f 578/578/578 615/615/615 616/616/616
f 578/578/578 616/616/616 579/579/579
f 579/579/579 616/616/616 617/617/617
f 579/579/579 617/617/617 580/580/580
f 580/580/580 617/617/617 618/618/618
f 580/580/580 618/618/618 581/581/581
f 581/581/581 618/618/618 619/619/619
f 581/581/581 619/619/619 582/582/582
f 582/582/582 619/619/619 620/620/620
f 582/582/582 620/620/620 583/583/583
f 583/583/583 620/620/620 621/621/621
f 583/583/583 621/621/621 584/584/584
f 584/584/584 621/621/621 622/622/622
f 584/584/584 622/622/622 585/585/585
f 585/585/585 622/622/622 623/623/623
f 585/585/585 623/623/623 586/586/586
f 586/586/586 623/623/623 624/624/624
f 586/586/586 624/624/624 587/587/587
f 587/587/587 624/624/624 625/625/625
f 587/587/587 625/625/625 588/588/588
f 588/588/588 625/625/625 626/626/626
f 588/588/588 626/626/626 589/589/589
f 589/589/589 626/626/626 627/627/627
f 589/589/589 627/627/627 590/590/590
f 590/590/590 627/627/627 628/628/628
f 590/590/590 628/628/628 591/591/591
f 591/591/591 628/628/628 629/629/629
f 591/591/591 629/629/629 592/592/592
f 593/593/593 630/630/630 631/631/631
f 593/593/593 631/631/631 594/594/594
f 594/594/594 631/631/631 632/632/632
f 594/594/594 632/632/632 595/595/595
f 595/595/595 632/632/632 633/633/633
f 595/595/595 633/633/633 596/596/596
f 596/596/596 633/633/633 634/634/634
f 596/596/596 634/634/634 597/597/597
f 597/597/597 634/634/634 635/635/635
f 597/597/597 635/635/635 598/598/598
f 598/598/598 635/635/635 636/636/636
f 598/598/598 636/636/636 599/599/599
f 599/599/599 636/636/636 637/637/637
f 599/599/599 637/637/637 600/600/600
f 600/600/600 637/637/637 638/638/638
f 600/600/600 638/638/638 601/601/601
f 601/601/601 638/638/638 639/639/639
f 601/601/601 639/639/639 602/602/602
f 602/602/602 639/639/639 640/640/640
f 602/602/602 640/640/640 603/603/603
f 603/603/603 640/640/640 641/641/641
f 603/603/603 641/641/641 604/604/604
f 604/604/604 641/641/641 642/642/642
f 604/604/604 642/642/642 605/605/605
f 605/605/605 642/642/642 643/643/643
f 605/605/605 643/643/643 606/606/606
f 606/606/606 643/643/643 644/644/644
f 606/606/606 644/644/644 607/607/607
f 607/607/607 644/644/644 645/645/645
f 607/607/607 645/645/645 608/608/608
f 608/608/608 645/645/645 646/646/646
f 608/608/608 646/646/646 609/609/609
f 609/609/609 646/646/646 647/647/647
f 609/609/609 647/647/647 610/610/610
f 610/610/610 647/647/647 648/648/648
f 610/610/610 648/648/648 611/611/611
f 611/611/611 648/648/648 649/649/649
f 611/611/611 649/649/649 612/612/612
f 612/612/612 649/649/649 650/650/650
f 612/612/612 650/650/650 613/613/613
f 613/613/613 650/650/650 651/651/651
f 613/613/613 651/651/651 614/614/614
f 614/614/614 651/651/651 652/652/652
f 614/614/614 652/652/652 615/615/615
f 615/615/615 652/652/652 653/653/653
f 615/615/615 653/653/653 616/616/616
f 616/616/616 653/653/653 654/654/654
f 616/616/616 654/654/654 617/617/617
f 617/617/617 654/654/654 655/655/655
f 617/617/617 655/655/655 618/618/618
f 618/618/618 655/655/655 656/656/656
f 618/618/618 656/656/656 619/619/619
f 619/619/619 656/656/656 657/657/657
f 619/619/619 657/657/657 620/620/620
f 620/620/620 657/657/657 658/658/658
f 620/620/620 658/658/658 621/621/621
f 621/621/621 658/658/658 659/659/659
f 621/621/621 659/659/659 622/622/622
f 622/622/622 659/659/659 660/660/660
f 622/622/622 660/660/660 623/623/623
f 623/623/623 660/660/660 661/661/661
f 623/623/623 661/661/661 624/624/624
f 624/624/624 661/661/661 662/662/662
f 624/624/624 662/662/662 625/625/625
f 625/625/625 662/662/662 663/663/663
f 625/625/625 663/663/663 626/626/626
f 626/626/626 663/663/663 664/664/664
f 626/626/626 664/664/664 627/627/627
f 627/627/627 664/664/664 665/665/665
f 627/627/627 665/665/665 628/628/628
f 628/628/628 665/665/665 666/666/666
f 628/628/628 666/666/666 629/629/629
f 630/630/630 667/667/667 668/668/668
f 630/630/630 668/668/668 631/631/631
f 631/631/631 668/668/668 669/669/669
f 631/631/631 669/669/669 632/632/632
f 632/632/632 669/669/669 670/670/670
f 632/632/632 670/670/670 633/633/633
f 633/633/633 670/670/670 671/671/671
f 633/633/633 671/671/671 634/634/634
f 634/634/634 671/671/671 672/672/672
f 634/634/634 672/672/672 635/635/635
f 635/635/635 672/672/672 673/673/673
f 635/635/635 673/673/673 636/636/636
f 636/636/636 673/673/673 674/674/674
f 636/636/636 674/674/674 637/637/637
f 637/637/637 674/674/674 675/675/675
f 637/637/637 675/675/675 638/638/638
f 638/638/638 675/675/675 676/676/676
f 638/638/638 676/676/676 639/639/639
f 639/639/639 676/676/676 677/677/677
f 639/639/639 677/677/677 640/640/640
f 640/640/640 677/677/677 678/678/678
f 640/640/640 678/678/678 641/641/641
f 641/641/641 678/678/678 679/679/679
f 641/641/641 679/679/679 642/642/642
f 642/642/642 679/679/679 680/680/680
f 642/642/642 680/680/680 643/643/643
f 643/643/643 680/680/680 681/681/681
f 643/643/643 681/681/681 644/644/644
f 644/644/644 681/681/681 682/682/682
f 644/644/644 682/682/682 645/645/645
f 645/645/645 682/682/682 683/683/683
f 645/645/645 683/683/683 646/646/646
f 646/646/646 683/683/683 684/684/684
f 646/646/646 684/684/684 647/647/647
f 647/647/647 684/684/684 685/685/685
f 647/647/647 685/685/685 648/648/648
f 648/648/648 685/685/685 686/686/686
f 648/648/648 686/686/686 649/649/649
f 649/649/649 686/686/686 687/687/687
f 649/649/649 687/687/687 650/650/650
f 650/650/650 687/687/687 688/688/688
f 650/650/650 688/688/688 651/651/651
f 651/651/651 688/688/688 689/689/689
f 651/651/651 689/689/689 652/652/652
f 652/652/652 689/689/689 690/690/690
f 652/652/652 690/690/690 653/653/653
f 653/653/653 690/690/690 691/691/691
f 653/653/653 691/691/691 654/654/654
f 654/654/654 691/691/691 692/692/692
f 654/654/654 692/692/692 655/655/655
f 655/655/655 692/692/692 693/693/693
f 655/655/655 693/693/693 656/656/656
f 656/656/656 693/693/693 694/694/694
f 656/656/656 694/694/694 657/657/657
f 657/657/657 694/694/694 695/695/695
f 657/657/657 695/695/695 658/658/658
f 658/658/658 695/695/695 696/696/696
f 658/658/658 696/696/696 659/659/659
f 659/659/659 696/696/696 697/697/697
f 659/659/659 697/697/697 660/660/660
f 660/660/660 697/697/697 698/698/698
f 660/660/660 698/698/698 661/661/661
f 661/661/661 698/698/698 699/699/699
f 661/661/661 699/699/699 662/662/662
f 662/662/662 699/699/699 700/700/700
f 662/662/662 700/700/700 663/663/663
f 663/663/663 700/700/700 701/701/701
f 663/663/663 701/701/701 664/664/664
f 664/664/664 701/701/701 702/702/702
f 664/664/664 702/702/702 665/665/665
f 665/665/665 702/702/702 703/703/703
f 665/665/665 703/703/703 666/666/666
f 667/667/667 704/704/704 705/705/705
f 667/667/667 705/705/705 668/668/668
f 668/668/668 705/705/705 706/706/706
f 668/668/668 706/706/706 669/669/669
f 669/669/669 706/706/706 707/707/707
f 669/669/669 707/707/707 670/670/670
f 670/670/670 707/707/707 708/708/708
f 670/670/670 708/708/708 671/671/671
f 671/671/671 708/708/708 709/709/709
f 671/671/671 709/709/709 672/672/672
f 672/672/672 709/709/709 710/710/710
f 672/672/672 710/710/710 673/673/673
f 673/673/673 710/710/710 711/711/711
f 673/673/673 711/711/711 674/674/674
f 674/674/674 711/711/711 712/712/712
f 674/674/674 712/712/712 675/675/675
f 675/675/675 712/712/712 713/713/713
f 675/675/675 713/713/713 676/676/676
f 676/676/676 713/713/713 714/714/714
f 676/676/676 714/714/714 677/677/677
f 677/677/677 714/714/714 715/715/715
f 677/677/677 715/715/715 678/678/678
f 678/678/678 715/715/715 716/716/716
f 678/678/678 716/716/716 679/679/679
f 679/679/679 716/716/716 717/717/717
f 679/679/679 717/717/717 680/680/680
f 680/680/680 717/717/717 718/718/718
f 680/680/680 718/718/718 681/681/681
f 681/681/681 718/718/718 719/719/719
f 681/681/681 719/719/719 682/682/682
f 682/682/682 719/719/719 720/720/720
f 682/682/682 720/720/720 683/683/683
f 683/683/683 720/720/720 721/721/721
f 683/683/683 721/721/721 684/684/684
f 684/684/684 721/721/721 722/722/722
f 684/684/684 722/722/722 685/685/685
f 685/685/685 722/722/722 723/723/723
f 685/685/685 723/723/723 686/686/686
f 686/686/686 723/723/723 724/724/724
f 686/686/686 724/724/724 687/687/687
f 687/687/687 724/724/724 725/725/725
f 687/687/687 725/725/725 688/688/688
f 688/688/688 725/725/725 726/726/726
f 688/688/688 726/726/726 689/689/689
f 689/689/689 726/726/726 727/727/727
f 689/689/689 727/727/727 690/690/690
f 690/690/690 727/727/727 728/728/728
f 690/690/690 728/728/728 691/691/691
f 691/691/691 728/728/728 729/729/729
f 691/691/691 729/729/729 692/692/692
f 692/692/692 729/729/729 730/730/730
f 692/692/692 730/730/730 693/693/693
f 693/693/693 730/730/730 731/731/731
f 693/693/693 731/731/731 694/694/694
f 694/694/694 731/731/731 732/732/732
f 694/694/694 732/732/732 695/695/695
f 695/695/695 732/732/732 733/733/733
f 695/695/695 733/733/733 696/696/696
f 696/696/696 733/733/733 734/734/734
f 696/696/696 734/734/734 697/697/697
f 697/697/697 734/734/734 735/735/735
f 697/697/697 735/735/735 698/698/698
f 698/698/698 735/735/735 736/736/736
f 698/698/698 736/736/736 699/699/699
f 699/699/699 736/736/736 737/737/737
f 699/699/699 737/737/737 700/700/700
f 700/700/700 737/737/737 738/738/738
f 700/700/700 738/738/738 701/701/701
f 701/701/701 738/738/738 739/739/739
f 701/701/701 739/739/739 702/702/702
f 702/702/702 739/739/739 740/740/740
f 702/702/702 740/740/740 703/703/703
f 704/704/704 741/741/741 742/742/742
f 704/704/704 742/742/742 705/705/705
f 705/705/705 742/742/742 743/743/743
f 705/705/705 743/743/743 706/706/706
f 706/706/706 743/743/743 744/744/744
f 706/706/706 744/744/744 707/707/707
f 707/707/707 744/744/744 745/745/745
f 707/707/707 745/745/745 708/708/708
f 708/708/708 745/745/745 746/746/746
f 708/708/708 746/746/746 709/709/709
f 709/709/709 746/746/746 747/747/747
f 709/709/709 747/747/747 710/710/710
f 710/710/710 747/747/747 748/748/748
f 710/710/710 748/748/748 711/711/711
f 711/711/711 748/748/748 749/749/749
f 711/711/711 749/749/749 712/712/712
f 712/712/712 749/749/749 750/750/750
f 712/712/712 750/750/750 713/713/713
f 713/713/713 750/750/750 751/751/751
f 713/713/713 751/751/751 714/714/714
f 714/714/714 751/751/751 752/752/752
f 714/714/714 752/752/752 715/715/715
f 715/715/715 752/752/752 753/753/753
f 715/715/715 753/753/753 716/716/716
f 716/716/716 753/753/753 754/754/754
f 716/716/716 754/754/754 717/717/717
f 717/717/717 754/754/754 755/755/755
f 717/717/717 755/755/755 718/718/718
f 718/718/718 755/755/755 756/756/756
f 718/718/718 756/756/756 719/719/719
f 719/719/719 756/756/756 757/757/757
f 719/719/719 757/757/757 720/720/720
f 720/720/720 757/757/757 758/758/758
f 720/720/720 758/758/758 721/721/721
f 721/721/721 758/758/758 759/759/759
f 721/721/721 759/759/759 722/722/722
f 722/722/722 759/759/759 760/760/760
f 722/722/722 760/760/760 723/723/723
f 723/723/723 760/760/760 761/761/761
f 723/723/723 761/761/761 724/724/724
f 724/724/724 761/761/761 762/762/762
f 724/724/724 762/762/762 725/725/725
f 725/725/725 762/762/762 763/763/763
f 725/725/725 763/763/763 726/726/726
f 726/726/726 763/763/763 764/764/764
f 726/726/726 764/764/764 727/727/727
f 727/727/727 764/764/764 765/765/765
f 727/727/727 765/765/765 728/728/728
f 728/728/728 765/765/765 766/766/766
f 728/728/728 766/766/766 729/729/729
f 729/729/729 766/766/766 767/767/767
f 729/729/729 767/767/767 730/730/730
f 730/730/730 767/767/767 768/768/768
f 730/730/730 768/768/768 731/731/731
f 731/731/731 768/768/768 769/769/769
f 731/731/731 769/769/769 732/732/732
f 732/732/732 769/769/769 770/770/770
f 732/732/732 770/770/770 733/733/733
f 733/733/733 770/770/770 771/771/771
f 733/733/733 771/771/771 734/734/734
f 734/734/734 771/771/771 772/772/772
f 734/734/734 772/772/772 735/735/735
f 735/735/735 772/772/772 773/773/773
f 735/735/735 773/773/773 736/736/736
f 736/736/736 773/773/773 774/774/774
f 736/736/736 774/774/774 737/737/737
f 737/737/737 774/774/774 775/775/775
f 737/737/737 775/775/775 738/738/738
f 738/738/738 775/775/775 776/776/776
f 738/738/738 776/776/776 739/739/739
f 739/739/739 776/776/776 777/777/777
f 739/739/739 777/777/777 740/740/740
f 741/741/741 778/778/778 779/779/779
f 741/741/741 779/779/779 742/742/742
f 742/742/742 779/779/779 780/780/780
f 742/742/742 780/780/780 743/743/743
f 743/743/743 780/780/780 781/781/781
f 743/743/743 781/781/781 744/744/744
f 744/744/744 781/781/781 782/782/782
f 744/744/744 782/782/782 745/745/745
f 745/745/745 782/782/782 783/783/783
f 745/745/745 783/783/783 746/746/746
f 746/746/746 783/783/783 784/784/784
f 746/746/746 784/784/784 747/747/747
f 747/747/747 784/784/784 785/785/785
f 747/747/747 785/785/785 748/748/748
f 748/748/748 785/785/785 786/786/786
f 748/748/748 786/786/786 749/749/749
f 749/749/749 786/786/786 787/787/787
f 749/749/749 787/787/787 750/750/750
f 750/750/750 787/787/787 788/788/788
f 750/750/750 788/788/788 751/751/751
f 751/751/751 788/788/788 789/789/789
f 751/751/751 789/789/789 752/752/752
f 752/752/752 789/789/789 790/790/790
f 752/752/752 790/790/790 753/753/753
f 753/753/753 790/790/790 791/791/791
f 753/753/753 791/791/791 754/754/754
f 754/754/754 791/791/791 792/792/792
f 754/754/754 792/792/792 755/755/755
f 755/755/755 792/792/792 793/793/793
f 755/755/755 793/793/793 756/756/756
f 756/756/756 793/793/793 794/794/794
f 756/756/756 794/794/794 757/757/757
f 757/757/757 794/794/794 795/795/795
f 757/757/757 795/795/795 758/758/758
f 758/758/758 795/795/795 796/796/796
f 758/758/758 796/796/796 759/759/759
f 759/759/759 796/796/796 797/797/797
f 759/759/759 797/797/797 760/760/760
f 760/760/760 797/797/797 798/798/798
f 760/760/760 798/798/798 761/761/761
f 761/761/761 798/798/798 799/799/799
f 761/761/761 799/799/799 762/762/762
f 762/762/762 799/799/799 800/800/800
f 762/762/762 800/800/800 763/763/763
f 763/763/763 800/800/800 801/801/801
f 763/763/763 801/801/801 764/764/764
f 764/764/764 801/801/801 802/802/802
f 764/764/764 802/802/802 765/765/765
f 765/765/765 802/802/802 803/803/803
f 765/765/765 803/803/803 766/766/766
f 766/766/766 803/803/803 804/804/804
f 766/766/766 804/804/804 767/767/767
f 767/767/767 804/804/804 805/805/805
f 767/767/767 805/805/805 768/768/768
f 768/768/768 805/805/805 806/806/806
f 768/768/768 806/806/806 769/769/769
f 769/769/769 806/806/806 807/807/807
f 769/769/769 807/807/807 770/770/770
f 770/770/770 807/807/807 808/808/808
f 770/770/770 808/808/808 771/771/771
f 771/771/771 808/808/808 809/809/809
f 771/771/771 809/809/809 772/772/772
f 772/772/772 809/809/809 810/810/810
f 772/772/772 810/810/810 773/773/773
f 773/773/773 810/810/810 811/811/811
f 773/773/773 811/811/811 774/774/774
f 774/774/774 811/811/811 812/812/812
f 774/774/774 812/812/812 775/775/775
f 775/775/775 812/812/812 813/813/813
f 775/775/775 813/813/813 776/776/776
f 776/776/776 813/813/813 814/814/814
f 776/776/776 814/814/814 777/777/777
f 778/778/778 815/815/815 816/816/816
f 778/778/778 816/816/816 779/779/779
f 779/779/779 816/816/816 817/817/817
f 779/779/779 817/817/817 780/780/780
f 780/780/780 817/817/817 818/818/818
f 780/780/780 818/818/818 781/781/781
f 781/781/781 818/818/818 819/819/819
f 781/781/781 819/819/819 782/782/782
f 782/782/782 819/819/819 820/820/820
f 782/782/782 820/820/820 783/783/783
f 783/783/783 820/820/820 821/821/821
f 783/783/783 821/821/821 784/784/784
f 784/784/784 821/821/821 822/822/822
f 784/784/784 822/822/822 785/785/785
f 785/785/785 822/822/822 823/823/823
f 785/785/785 823/823/823 786/786/786
f 786/786/786 823/823/823 824/824/824
f 786/786/786 824/824/824 787/787/787
f 787/787/787 824/824/824 825/825/825
f 787/787/787 825/825/825 788/788/788
f 788/788/788 825/825/825 826/826/826
f 788/788/788 826/826/826 789/789/789
f 789/789/789 826/826/826 827/827/827
f 789/789/789 827/827/827 790/790/790
f 790/790/790 827/827/827 828/828/828
f 790/790/790 828/828/828 791/791/791
f 791/791/791 828/828/828 829/829/829
f 791/791/791 829/829/829 792/792/792
f 792/792/792 829/829/829 830/830/830
f 792/792/792 830/830/830 793/793/793
f 793/793/793 830/830/830 831/831/831
f 793/793/793 831/831/831 794/794/794
f 794/794/794 831/831/831 832/832/832
f 794/794/794 832/832/832 795/795/795
f 795/795/795 832/832/832 833/833/833
f 795/795/795 833/833/833 796/796/796
f 796/796/796 833/833/833 834/834/834
f 796/796/796 834/834/834 797/797/797
f 797/797/797 834/834/834 835/835/835
f 797/797/797 835/835/835 798/798/798
f 798/798/798 835/835/835 836/836/836
f 798/798/798 836/836/836 799/799/799
f 799/799/799 836/836/836 837/837/837
f 799/799/799 837/837/837 800/800/800
f 800/800/800 837/837/837 838/838/838
f 800/800/800 838/838/838 801/801/801
f 801/801/801 838/838/838 839/839/839
f 801/801/801 839/839/839 802/802/802
f 802/802/802 839/839/839 840/840/840
f 802/802/802 840/840/840 803/803/803
f 803/803/803 840/840/840 841/841/841
f 803/803/803 841/841/841 804/804/804
f 804/804/804 841/841/841 842/842/842
f 804/804/804 842/842/842 805/805/805
f 805/805/805 842/842/842 843/843/843
f 805/805/805 843/843/843 806/806/806
f 806/806/806 843/843/843 844/844/844
f 806/806/806 844/844/844 807/807/807
f 807/807/807 844/844/844 845/845/845
f 807/807/807 845/845/845 808/808/808
f 808/808/808 845/845/845 846/846/846
f 808/808/808 846/846/846 809/809/809
f 809/809/809 846/846/846 847/847/847
f 809/809/809 847/847/847 810/810/810
f 810/810/810 847/847/847 848/848/848
f 810/810/810 848/848/848 811/811/811
f 811/811/811 848/848/848 849/849/849
f 811/811/811 849/849/849 812/812/812
f 812/812/812 849/849/849 850/850/850
f 812/812/812 850/850/850 813/813/813
f 813/813/813 850/850/850 851/851/851
f 813/813/813 851/851/851 814/814/814
f 815/815/815 852/852/852 853/853/853
f 815/815/815 853/853/853 816/816/816
f 816/816/816 853/853/853 854/854/854
f 816/816/816 854/854/854 817/817/817
f 817/817/817 854/854/854 855/855/855
f 817/817/817 855/855/855 818/818/818
f 818/818/818 855/855/855 856/856/856
f 818/818/818 856/856/856 819/819/819
f 819/819/819 856/856/856 857/857/857
f 819/819/819 857/857/857 820/820/820
f 820/820/820 857/857/857 858/858/858
f 820/820/820 858/858/858 821/821/821
f 821/821/821 858/858/858 859/859/859
f 821/821/821 859/859/859 822/822/822
f 822/822/822 859/859/859 860/860/860
f 822/822/822 860/860/860 823/823/823
f 823/823/823 860/860/860 861/861/861
f 823/823/823 861/861/861 824/824/824
f 824/824/824 861/861/861 862/862/862
f 824/824/824 862/862/862 825/825/825
f 825/825/825 862/862/862 863/863/863
f 825/825/825 863/863/863 826/826/826
f 826/826/826 863/863/863 864/864/864
f 826/826/826 864/864/864 827/827/827
f 827/827/827 864/864/864 865/865/865
f 827/827/827 865/865/865 828/828/828
f 828/828/828 865/865/865 866/866/866
f 828/828/828 866/866/866 829/829/829
f 829/829/829 866/866/866 867/867/867
f 829/829/829 867/867/867 830/830/830
f 830/830/830 867/867/867 868/868/868
f 830/830/830 868/868/868 831/831/831
f 831/831/831 868/868/868 869/869/869
f 831/831/831 869/869/869 832/832/832
f 832/832/832 869/869/869 870/870/870
f 832/832/832 870/870/870 833/833/833
f 833/833/833 870/870/870 871/871/871
f 833/833/833 871/871/871 834/834/834
f 834/834/834 871/871/871 872/872/872
f 834/834/834 872/872/872 835/835/835
f 835/835/835 872/872/872 873/873/873
f 835/835/835 873/873/873 836/836/836
f 836/836/836 873/873/873 874/874/874
f 836/836/836 874/874/874 837/837/837
f 837/837/837 874/874/874 875/875/875
f 837/837/837 875/875/875 838/838/838
f 838/838/838 875/875/875 876/876/876
f 838/838/838 876/876/876 839/839/839
f 839/839/839 876/876/876 877/877/877
f 839/839/839 877/877/877 840/840/840
f 840/840/840 877/877/877 878/878/878
f 840/840/840 878/878/878 841/841/841
f 841/841/841 878/878/878 879/879/879
f 841/841/841 879/879/879 842/842/842
f 842/842/842 879/879/879 880/880/880
f 842/842/842 880/880/880 843/843/843
f 843/843/843 880/880/880 881/881/881
f 843/843/843 881/881/881 844/844/844
f 844/844/844 881/881/881 882/882/882
f 844/844/844 882/882/882 845/845/845
f 845/845/845 882/882/882 883/883/883
f 845/845/845 883/883/883 846/846/846
f 846/846/846 883/883/883 884/884/884
f 846/846/846 884/884/884 847/847/847
f 847/847/847 884/884/884 885/885/885
f 847/847/847 885/885/885 848/848/848
f 848/848/848 885/885/885 886/886/886
f 848/848/848 886/886/886 849/849/849
f 849/849/849 886/886/886 887/887/887
f 849/849/849 887/887/887 850/850/850
f 850/850/850 887/887/887 888/888/888
f 850/850/850 888/888/888 851/851/851
f 852/852/852 889/889/889 890/890/890
f 852/852/852 890/890/890 853/853/853
f 853/853/853 890/890/890 891/891/891
f 853/853/853 891/891/891 854/854/854
f 854/854/854 891/891/891 892/892/892
f 854/854/854 892/892/892 855/855/855
f 855/855/855 892/892/892 893/893/893
f 855/855/855 893/893/893 856/856/856
f 856/856/856 893/893/893 894/894/894
f 856/856/856 894/894/894 857/857/857
f 857/857/857 894/894/894 895/895/895
f 857/857/857 895/895/895 858/858/858
f 858/858/858 895/895/895 896/896/896
f 858/858/858 896/896/896 859/859/859
f 859/859/859 896/896/896 897/897/897
f 859/859/859 897/897/897 860/860/860
f 860/860/860 897/897/897 898/898/898
f 860/860/860 898/898/898 861/861/861
f 861/861/861 898/898/898 899/899/899
f 861/861/861 899/899/899 862/862/862
f 862/862/862 899/899/899 900/900/900
f 862/862/862 900/900/900 863/863/863
f 863/863/863 900/900/900 901/901/901
f 863/863/863 901/901/901 864/864/864
f 864/864/864 901/901/901 902/902/902
f 864/864/864 902/902/902 865/865/865
f 865/865/865 902/902/902 903/903/903
f 865/865/865 903/903/903 866/866/866
f 866/866/866 903/903/903 904/904/904
f 866/866/866 904/904/904 867/867/867
f 867/867/867 904/904/904 905/905/905
f 867/867/867 905/905/905 868/868/868
f 868/868/868 905/905/905 906/906/906
f 868/868/868 906/906/906 869/869/869
f 869/869/869 906/906/906 907/907/907
f 869/869/869 907/907/907 870/870/870
f 870/870/870 907/907/907 908/908/908
f 870/870/870 908/908/908 871/871/871
f 871/871/871 908/908/908 909/909/909
f 871/871/871 909/909/909 872/872/872
f 872/872/872 909/909/909 910/910/910
f 872/872/872 910/910/910 873/873/873
f 873/873/873 910/910/910 911/911/911
f 873/873/873 911/911/911 874/874/874
f 874/874/874 911/911/911 912/912/912
f 874/874/874 912/912/912 875/875/875
f 875/875/875 912/912/912 913/913/913
f 875/875/875 913/913/913 876/876/876
f 876/876/876 913/913/913 914/914/914
f 876/876/876 914/914/914 877/877/877
f 877/877/877 914/914/914 915/915/915
f 877/877/877 915/915/915 878/878/878
f 878/878/878 915/915/915 916/916/916
f 878/878/878 916/916/916 879/879/879
f 879/879/879 916/916/916 917/917/917
f 879/879/879 917/917/917 880/880/880
f 880/880/880 917/917/917 918/918/918
f 880/880/880 918/918/918 881/881/881
f 881/881/881 918/918/918 919/919/919
f 881/881/881 919/919/919 882/882/882
f 882/882/882 919/919/919 920/920/920
f 882/882/882 920/920/920 883/883/883
f 883/883/883 920/920/920 921/921/921
f 883/883/883 921/921/921 884/884/884
f 884/884/884 921/921/921 922/922/922
f 884/884/884 922/922/922 885/885/885
f 885/885/885 922/922/922 923/923/923
f 885/885/885 923/923/923 886/886/886
f 886/886/886 923/923/923 924/924/924
f 886/886/886 924/924/924 887/887/887
f 887/887/887 924/924/924 925/925/925
f 887/887/887 925/925/925 888/888/888
f 889/889/889 926/926/926 927/927/927
f 889/889/889 927/927/927 890/890/890
f 890/890/890 927/927/927 928/928/928
f 890/890/890 928/928/928 891/891/891
f 891/891/891 928/928/928 929/929/929
f 891/891/891 929/929/929 892/892/892
f 892/892/892 929/929/929 930/930/930
f 892/892/892 930/930/930 893/893/893
f 893/893/893 930/930/930 931/931/931
f 893/893/893 931/931/931 894/894/894
f 894/894/894 931/931/931 932/932/932
f 894/894/894 932/932/932 895/895/895
f 895/895/895 932/932/932 933/933/933
f 895/895/895 933/933/933 896/896/896
f 896/896/896 933/933/933 934/934/934
f 896/896/896 934/934/934 897/897/897
f 897/897/897 934/934/934 935/935/935
f 897/897/897 935/935/935 898/898/898
f 898/898/898 935/935/935 936/936/936
f 898/898/898 936/936/936 899/899/899
f 899/899/899 936/936/936 937/937/937
f 899/899/899 937/937/937 900/900/900
f 900/900/900 937/937/937 938/938/938
f 900/900/900 938/938/938 901/901/901
f 901/901/901 938/938/938 939/939/939
f 901/901/901 939/939/939 902/902/902
f 902/902/902 939/939/939 940/940/940
f 902/902/902 940/940/940 903/903/903
f 903/903/903 940/940/940 941/941/941
f 903/903/903 941/941/941 904/904/904
f 904/904/904 941/941/941 942/942/942
f 904/904/904 942/942/942 905/905/905
f 905/905/905 942/942/942 943/943/943
f 905/905/905 943/943/943 906/906/906
f 906/906/906 943/943/943 944/944/944
f 906/906/906 944/944/944 907/907/907
f 907/907/907 944/944/944 945/945/945
f 907/907/907 945/945/945 908/908/908
f 908/908/908 945/945/945 946/946/946
f 908/908/908 946/946/946 909/909/909
f 909/909/909 946/946/946 947/947/947
f 909/909/909 947/947/947 910/910/910
f 910/910/910 947/947/947 948/948/948
f 910/910/910 948/948/948 911/911/911
f 911/911/911 948/948/948 949/949/949
f 911/911/911 949/949/949 912/912/912
f 912/912/912 949/949/949 950/950/950
f 912/912/912 950/950/950 913/913/913
f 913/913/913 950/950/950 951/951/951
f 913/913/913 951/951/951 914/914/914
f 914/914/914 951/951/951 952/952/952
f 914/914/914 952/952/952 915/915/915
f 915/915/915 952/952/952 953/953/953
f 915/915/915 953/953/953 916/916/916
f 916/916/916 953/953/953 954/954/954
f 916/916/916 954/954/954 917/917/917
f 917/917/917 954/954/954 955/955/955
f 917/917/917 955/955/955 918/918/918
f 918/918/918 955/955/955 956/956/956
f 918/918/918 956/956/956 919/919/919
f 919/919/919 956/956/956 957/957/957
f 919/919/919 957/957/957 920/920/920
f 920/920/920 957/957/957 958/958/958
f 920/920/920 958/958/958 921/921/921
f 921/921/921 958/958/958 959/959/959
f 921/921/921 959/959/959 922/922/922
f 922/922/922 959/959/959 960/960/960
f 922/922/922 960/960/960 923/923/923
f 923/923/923 960/960/960 961/961/961
f 923/923/923 961/961/961 924/924/924
f 924/924/924 961/961/961 962/962/962
f 924/924/924 962/962/962 925/925/925
f 926/926/926 963/963/963 964/964/964
f 926/926/926 964/964/964 927/927/927
f 927/927/927 964/964/964 965/965/965
f 927/927/927 965/965/965 928/928/928
f 928/928/928 965/965/965 966/966/966
f 928/928/928 966/966/966 929/929/929
f 929/929/929 966/966/966 967/967/967
f 929/929/929 967/967/967 930/930/930
f 930/930/930 967/967/967 968/968/968
f 930/930/930 968/968/968 931/931/931
f 931/931/931 968/968/968 969/969/969
f 931/931/931 969/969/969 932/932/932
f 932/932/932 969/969/969 970/970/970
f 932/932/932 970/970/970 933/933/933
f 933/933/933 970/970/970 971/971/971
f 933/933/933 971/971/971 934/934/934
f 934/934/934 971/971/971 972/972/972
f 934/934/934 972/972/972 935/935/935
f 935/935/935 972/972/972 973/973/973
f 935/935/935 973/973/973 936/936/936
f 936/936/936 973/973/973 974/974/974
f 936/936/936 974/974/974 937/937/937
f 937/937/937 974/974/974 975/975/975
f 937/937/937 975/975/975 938/938/938
f 938/938/938 975/975/975 976/976/976
f 938/938/938 976/976/976 939/939/939
f 939/939/939 976/976/976 977/977/977
f 939/939/939 977/977/977 940/940/940
f 940/940/940 977/977/977 978/978/978
f 940/940/940 978/978/978 941/941/941
f 941/941/941 978/978/978 979/979/979
f 941/941/941 979/979/979 942/942/942
f 942/942/942 979/979/979 980/980/980
f 942/942/942 980/980/980 943/943/943
f 943/943/943 980/980/980 981/981/981
f 943/943/943 981/981/981 944/944/944
f 944/944/944 981/981/981 982/982/982
f 944/944/944 982/982/982 945/945/945
f 945/945/945 982/982/982 983/983/983
f 945/945/945 983/983/983 946/946/946
f 946/946/946 983/983/983 984/984/984
f 946/946/946 984/984/984 947/947/947
f 947/947/947 984/984/984 985/985/985
f 947/947/947 985/985/985 948/948/948
f 948/948/948 985/985/985 986/986/986
f 948/948/948 986/986/986 949/949/949
f 949/949/949 986/986/986 987/987/987
f 949/949/949 987/987/987 950/950/950
f 950/950/950 987/987/987 988/988/988
f 950/950/950 988/988/988 951/951/951
f 951/951/951 988/988/988 989/989/989
f 951/951/951 989/989/989 952/952/952
f 952/952/952 989/989/989 990/990/990
f 952/952/952 990/990/990 953/953/953
f 953/953/953 990/990/990 991/991/991
f 953/953/953 991/991/991 954/954/954
f 954/954/954 991/991/991 992/992/992
f 954/954/954 992/992/992 955/955/955
f 955/955/955 992/992/992 993/993/993
f 955/955/955 993/993/993 956/956/956
f 956/956/956 993/993/993 994/994/994
f 956/956/956 994/994/994 957/957/957
f 957/957/957 994/994/994 995/995/995
f 957/957/957 995/995/995 958/958/958
f 958/958/958 995/995/995 996/996/996
f 958/958/958 996/996/996 959/959/959
f 959/959/959 996/996/996 997/997/997
f 959/959/959 997/997/997 960/960/960
f 960/960/960 997/997/997 998/998/998
f 960/960/960 998/998/998 961/961/961
f 961/961/961 998/998/998 999/999/999
f 961/961/961 999/999/999 962/962/962
f 963/963/963 1000/1000/1000 1001/1001/1001
f 963/963/963 1001/1001/1001 964/964/964
f 964/964/964 1001/1001/1001 1002/1002/1002
f 964/964/964 1002/1002/1002 965/965/965
f 965/965/965 1002/1002/1002 1003/1003/1003
f 965/965/965 1003/1003/1003 966/966/966
f 966/966/966 1003/1003/1003 1004/1004/1004
f 966/966/966 1004/1004/1004 967/967/967
f 967/967/967 1004/1004/1004 1005/1005/1005
f 967/967/967 1005/1005/1005 968/968/968
f 968/968/968 1005/1005/1005 1006/1006/1006
f 968/968/968 1006/1006/1006 969/969/969
f 969/969/969 1006/1006/1006 1007/1007/1007
f 969/969/969 1007/1007/1007 970/970/970
f 970/970/970 1007/1007/1007 1008/1008/1008
f 970/970/970 1008/1008/1008 971/971/971
f 971/971/971 1008/1008/1008 1009/1009/1009
f 971/971/971 1009/1009/1009 972/972/972
f 972/972/972 1009/1009/1009 1010/1010/1010
f 972/972/972 1010/1010/1010 973/973/973
f 973/973/973 1010/1010/1010 1011/1011/1011
f 973/973/973 1011/1011/1011 974/974/974
f 974/974/974 1011/1011/1011 1012/1012/1012
f 974/974/974 1012/1012/1012 975/975/975
f 975/975/975 1012/1012/1012 1013/1013/1013
f 975/975/975 1013/1013/1013 976/976/976
f 976/976/976 1013/1013/1013 1014/1014/1014
f 976/976/976 1014/1014/1014 977/977/977
f 977/977/977 1014/1014/1014 1015/1015/1015
f 977/977/977 1015/1015/1015 978/978/978
f 978/978/978 1015/1015/1015 1016/1016/1016
f 978/978/978 1016/1016/1016 979/979/979
f 979/979/979 1016/1016/1016 1017/1017/1017
f 979/979/979 1017/1017/1017 980/980/980
f 980/980/980 1017/1017/1017 1018/1018/1018
f 980/980/980 1018/1018/1018 981/981/981
f 981/981/981 1018/1018/1018 1019/1019/1019
f 981/981/981 1019/1019/1019 982/982/982
f 982/982/982 1019/1019/1019 1020/1020/1020
f 982/982/982 1020/1020/1020 983/983/983
f 983/983/983 1020/1020/1020 1021/1021/1021
f 983/983/983 1021/1021/1021 984/984/984
f 984/984/984 1021/1021/1021 1022/1022/1022
f 984/984/984 1022/1022/1022 985/985/985
f 985/985/985 1022/1022/1022 1023/1023/1023
f 985/985/985 1023/1023/1023 986/986/986
f 986/986/986 1023/1023/1023 1024/1024/1024
f 986/986/986 1024/1024/1024 987/987/987
f 987/987/987 1024/1024/1024 1025/1025/1025
f 987/987/987 1025/1025/1025 988/988/988
f 988/988/988 1025/1025/1025 1026/1026/1026
f 988/988/988 1026/1026/1026 989/989/989
f 989/989/989 1026/1026/1026 1027/1027/1027
f 989/989/989 1027/1027/1027 990/990/990
f 990/990/990 1027/1027/1027 1028/1028/1028
f 990/990/990 1028/1028/1028 991/991/991
f 991/991/991 1028/1028/1028 1029/1029/1029
f 991/991/991 1029/1029/1029 992/992/992
f 992/992/992 1029/1029/1029 1030/1030/1030
f 992/992/992 1030/1030/1030 993/993/993
f 993/993/993 1030/1030/1030 1031/1031/1031
f 993/993/993 1031/1031/1031 994/994/994
f 994/994/994 1031/1031/1031 1032/1032/1032
f 994/994/994 1032/1032/1032 995/995/995
f 995/995/995 1032/1032/1032 1033/1033/1033
f 995/995/995 1033/1033/1033 996/996/996
f 996/996/996 1033/1033/1033 1034/1034/1034
f 996/996/996 1034/1034/1034 997/997/997
f 997/997/997 1034/1034/1034 1035/1035/1035
f 997/997/997 1035/1035/1035 998/998/998
f 998/998/998 1035/1035/1035 1036/1036/1036
f 998/998/998 1036/1036/1036 999/999/999
f 1000/1000/1000 1037/1037/1037 1038/1038/1038
f 1000/1000/1000 1038/1038/1038 1001/1001/1001
f 1001/1001/1001 1038/1038/1038 1039/1039/1039
f 1001/1001/1001 1039/1039/1039 1002/1002/1002
f 1002/1002/1002 1039/1039/1039 1040/1040/1040
f 1002/1002/1002 1040/1040/1040 1003/1003/1003
f 1003/1003/1003 1040/1040/1040 1041/1041/1041
f 1003/1003/1003 1041/1041/1041 1004/1004/1004
f 1004/1004/1004 1041/1041/1041 1042/1042/1042
f 1004/1004/1004 1042/1042/1042 1005/1005/1005
f 1005/1005/1005 1042/1042/1042 1043/1043/1043
f 1005/1005/1005 1043/1043/1043 1006/1006/1006
f 1006/1006/1006 1043/1043/1043 1044/1044/1044
f 1006/1006/1006 1044/1044/1044 1007/1007/1007
f 1007/1007/1007 1044/1044/1044 1045/1045/1045
f 1007/1007/1007 1045/1045/1045 1008/1008/1008
f 1008/1008/1008 1045/1045/1045 1046/1046/1046
f 1008/1008/1008 1046/1046/1046 1009/1009/1009
f 1009/1009/1009 1046/1046/1046 1047/1047/1047
f 1009/1009/1009 1047/1047/1047 1010/1010/1010
f 1010/1010/1010 1047/1047/1047 1048/1048/1048
f 1010/1010/1010 1048/1048/1048 1011/1011/1011
f 1011/1011/1011 1048/1048/1048 1049/1049/1049
f 1011/1011/1011 1049/1049/1049 1012/1012/1012
f 1012/1012/1012 1049/1049/1049 1050/1050/1050
f 1012/1012/1012 1050/1050/1050 1013/1013/1013
f 1013/1013/1013 1050/1050/1050 1051/1051/1051
f 1013/1013/1013 1051/1051/1051 1014/1014/1014
f 1014/1014/1014 1051/1051/1051 1052/1052/1052
f 1014/1014/1014 1052/1052/1052 1015/1015/1015
f 1015/1015/1015 1052/1052/1052 1053/1053/1053
f 1015/1015/1015 1053/1053/1053 1016/1016/1016
f 1016/1016/1016 1053/1053/1053 1054/1054/1054
f 1016/1016/1016 1054/1054/1054 1017/1017/1017
f 1017/1017/1017 1054/1054/1054 1055/1055/1055
f 1017/1017/1017 1055/1055/1055 1018/1018/1018
f 1018/1018/1018 1055/1055/1055 1056/1056/1056
f 1018/1018/1018 1056/1056/1056 1019/1019/1019
f 1019/1019/1019 1056/1056/1056 1057/1057/1057
f 1019/1019/1019 1057/1057/1057 1020/1020/1020
f 1020/1020/1020 1057/1057/1057 1058/1058/1058
f 1020/1020/1020 1058/1058/1058 1021/1021/1021
f 1021/1021/1021 1058/1058/1058 1059/1059/1059
f 1021/1021/1021 1059/1059/1059 1022/1022/1022
f 1022/1022/1022 1059/1059/1059 1060/1060/1060
f 1022/1022/1022 1060/1060/1060 1023/1023/1023
f 1023/1023/1023 1060/1060/1060 1061/1061/1061
f 1023/1023/1023 1061/1061/1061 1024/1024/1024
f 1024/1024/1024 1061/1061/1061 1062/1062/1062
f 1024/1024/1024 1062/1062/1062 1025/1025/1025
f 1025/1025/1025 1062/1062/1062 1063/1063/1063
f 1025/1025/1025 1063/1063/1063 1026/1026/1026
f 1026/1026/1026 1063/1063/1063 1064/1064/1064
f 1026/1026/1026 1064/1064/1064 1027/1027/1027
f 1027/1027/1027 1064/1064/1064 1065/1065/1065
f 1027/1027/1027 1065/1065/1065 1028/1028/1028
f 1028/1028/1028 1065/1065/1065 1066/1066/1066
f 1028/1028/1028 1066/1066/1066 1029/1029/1029
f 1029/1029/1029 1066/1066/1066 1067/1067/1067
f 1029/1029/1029 1067/1067/1067 1030/1030/1030
f 1030/1030/1030 1067/1067/1067 1068/1068/1068
f 1030/1030/1030 1068/1068/1068 1031/1031/1031
f 1031/1031/1031 1068/1068/1068 1069/1069/1069
f 1031/1031/1031 1069/1069/1069 1032/1032/1032
f 1032/1032/1032 1069/1069/1069 1070/1070/1070
f 1032/1032/1032 1070/1070/1070 1033/1033/1033
f 1033/1033/1033 1070/1070/1070 1071/1071/1071
f 1033/1033/1033 1071/1071/1071 1034/1034/1034
f 1034/1034/1034 1071/1071/1071 1072/1072/1072
f 1034/1034/1034 1072/1072/1072 1035/1035/1035
f 1035/1035/1035 1072/1072/1072 1073/1073/1073
f 1035/1035/1035 1073/1073/1073 1036/1036/1036
f 1037/1037/1037 1074/1074/1074 1075/1075/1075
f 1037/1037/1037 1075/1075/1075 1038/1038/1038
f 1038/1038/1038 1075/1075/1075 1076/1076/1076
f 1038/1038/1038 1076/1076/1076 1039/1039/1039
f 1039/1039/1039 1076/1076/1076 1077/1077/1077
f 1039/1039/1039 1077/1077/1077 1040/1040/1040
f 1040/1040/1040 1077/1077/1077 1078/1078/1078
f 1040/1040/1040 1078/1078/1078 1041/1041/1041
f 1041/1041/1041 1078/1078/1078 1079/1079/1079
f 1041/1041/1041 1079/1079/1079 1042/1042/1042
f 1042/1042/1042 1079/1079/1079 1080/1080/1080
f 1042/1042/1042 1080/1080/1080 1043/1043/1043
f 1043/1043/1043 1080/1080/1080 1081/1081/1081
f 1043/1043/1043 1081/1081/1081 1044/1044/1044
f 1044/1044/1044 1081/1081/1081 1082/1082/1082
f 1044/1044/1044 1082/1082/1082 1045/1045/1045
f 1045/1045/1045 1082/1082/1082 1083/1083/1083
f 1045/1045/1045 1083/1083/1083 1046/1046/1046
f 1046/1046/1046 1083/1083/1083 1084/1084/1084
f 1046/1046/1046 1084/1084/1084 1047/1047/1047
f 1047/1047/1047 1084/1084/1084 1085/1085/1085
f 1047/1047/1047 1085/1085/1085 1048/1048/1048
f 1048/1048/1048 1085/1085/1085 1086/1086/1086
f 1048/1048/1048 1086/1086/1086 1049/1049/1049
f 1049/1049/1049 1086/1086/1086 1087/1087/1087
f 1049/1049/1049 1087/1087/1087 1050/1050/1050
f 1050/1050/1050 1087/1087/1087 1088/1088/1088
f 1050/1050/1050 1088/1088/1088 1051/1051/1051
f 1051/1051/1051 1088/1088/1088 1089/1089/1089
f 1051/1051/1051 1089/1089/1089 1052/1052/1052
f 1052/1052/1052 1089/1089/1089 1090/1090/1090
f 1052/1052/1052 1090/1090/1090 1053/1053/1053
f 1053/1053/1053 1090/1090/1090 1091/1091/1091
f 1053/1053/1053 1091/1091/1091 1054/1054/1054
f 1054/1054/1054 1091/1091/1091 1092/1092/1092
f 1054/1054/1054 1092/1092/1092 1055/1055/1055
f 1055/1055/1055 1092/1092/1092 1093/1093/1093
f 1055/1055/1055 1093/1093/1093 1056/1056/1056
f 1056/1056/1056 1093/1093/1093 1094/1094/1094
f 1056/1056/1056 1094/1094/1094 1057/1057/1057
f 1057/1057/1057 1094/1094/1094 1095/1095/1095
f 1057/1057/1057 1095/1095/1095 1058/1058/1058
f 1058/1058/1058 1095/1095/1095 1096/1096/1096
f 1058/1058/1058 1096/1096/1096 1059/1059/1059
f 1059/1059/1059 1096/1096/1096 1097/1097/1097
f 1059/1059/1059 1097/1097/1097 1060/1060/1060
f 1060/1060/1060 1097/1097/1097 1098/1098/1098
f 1060/1060/1060 1098/1098/1098 1061/1061/1061
f 1061/1061/1061 1098/1098/1098 1099/1099/1099
f 1061/1061/1061 1099/1099/1099 1062/1062/1062
f 1062/1062/1062 1099/1099/1099 1100/1100/1100
f 1062/1062/1062 1100/1100/1100 1063/1063/1063
f 1063/1063/1063 1100/1100/1100 1101/1101/1101
f 1063/1063/1063 1101/1101/1101 1064/1064/1064
f 1064/1064/1064 1101/1101/1101 1102/1102/1102
f 1064/1064/1064 1102/1102/1102 1065/1065/1065
f 1065/1065/1065 1102/1102/1102 1103/1103/1103
f 1065/1065/1065 1103/1103/1103 1066/1066/1066
f 1066/1066/1066 1103/1103/1103 1104/1104/1104
f 1066/1066/1066 1104/1104/1104 1067/1067/1067
f 1067/1067/1067 1104/1104/1104 1105/1105/1105
f 1067/1067/1067 1105/1105/1105 1068/1068/1068
f 1068/1068/1068 1105/1105/1105 1106/1106/1106
f 1068/1068/1068 1106/1106/1106 1069/1069/1069
f 1069/1069/1069 1106/1106/1106 1107/1107/1107
f 1069/1069/1069 1107/1107/1107 1070/1070/1070
f 1070/1070/1070 1107/1107/1107 1108/1108/1108
f 1070/1070/1070 1108/1108/1108 1071/1071/1071
f 1071/1071/1071 1108/1108/1108 1109/1109/1109
f 1071/1071/1071 1109/1109/1109 1072/1072/1072
f 1072/1072/1072 1109/1109/1109 1110/1110/1110
f 1072/1072/1072 1110/1110/1110 1073/1073/1073
