# Generated outdoor terrain edge; cosmetic only.
s 1
v 640.339023 0.049821 -639.660977
v 640.335876 0.049821 -639.664124
v 640.331942 0.049529 -639.668058
v 640.326697 0.048463 -639.673303
v 640.321452 0.047050 -639.678548
v 640.316207 0.045753 -639.683793
v 640.309651 0.045000 -639.690349
v 629.578528 0.763665 -627.968612
v 629.107741 0.763665 -628.435990
v 628.519258 0.720006 -629.020213
v 627.734613 0.561181 -629.799176
v 626.949968 0.350612 -630.578140
v 626.165323 0.157291 -631.357104
v 625.184517 0.045000 -632.330808
v 618.697655 1.289261 -616.401611
v 617.879607 1.289261 -617.207855
v 616.857047 1.213672 -618.215661
v 615.493633 0.938690 -619.559402
v 614.130220 0.574122 -620.903143
v 612.766806 0.239416 -622.246884
v 611.062539 0.045000 -623.926560
v 607.339425 1.087623 -605.306605
v 606.651473 1.087623 -605.979721
v 605.791532 1.024283 -606.821116
v 604.644944 0.793864 -607.942977
v 603.498357 0.488375 -609.064838
v 602.351770 0.207910 -610.186698
v 600.918535 0.045000 -611.589024
v 596.463668 1.495000 -593.741063
v 595.423338 1.495000 -594.751587
v 594.122925 1.406912 -596.014741
v 592.389042 1.086462 -597.698947
v 590.655158 0.661612 -599.383153
v 588.921275 0.271563 -601.067358
v 586.753920 0.045000 -603.172615
v 585.025290 1.294054 -582.722989
v 584.195204 1.294054 -583.523452
v 583.157596 1.218174 -584.524032
v 581.774119 0.942133 -585.858138
v 580.390642 0.576160 -587.192244
v 579.007165 0.240165 -588.526350
v 577.277819 0.045000 -590.193982
v 573.964865 1.495000 -571.340099
v 572.967069 1.495000 -572.295318
v 571.719824 1.406912 -573.489341
v 570.056831 1.086462 -575.081373
v 568.393838 0.661612 -576.673404
v 566.730845 0.271563 -578.265435
v 564.652103 0.045000 -580.255474
v 562.464907 1.129650 -560.377224
v 561.738935 1.129650 -561.067183
v 560.831469 1.063757 -561.929633
v 559.621515 0.824050 -563.079565
v 558.411561 0.506247 -564.229498
v 557.201606 0.214477 -565.379430
v 555.689164 0.045000 -566.816846
v 551.416262 1.393042 -548.984739
v 550.510800 1.393042 -549.839049
v 549.378973 1.311148 -550.906936
v 547.869870 1.013231 -552.330785
v 546.360767 0.618255 -553.754635
v 544.851663 0.255632 -555.178484
v 542.965284 0.045000 -556.958295
v 540.133379 1.307076 -537.814078
v 539.282666 1.307076 -538.610915
v 538.219275 1.230405 -539.606960
v 536.801420 0.951486 -540.935021
v 535.383565 0.581698 -542.263081
v 533.965710 0.242199 -543.591142
v 532.193391 0.045000 -545.251218
v 528.919493 1.323715 -526.578471
v 528.054532 1.323715 -527.382780
v 526.973330 1.246033 -528.388167
v 525.531728 0.963437 -529.728682
v 524.090125 0.588774 -531.069198
v 522.648523 0.244799 -532.409713
v 520.846520 0.045000 -534.085357
v 517.669128 1.286497 -515.376691
v 516.826397 1.286497 -516.154646
v 515.772984 1.211076 -517.127089
v 514.368433 0.936706 -518.423681
v 512.963883 0.572947 -519.720273
v 511.559332 0.238984 -521.016864
v 509.803644 0.045000 -522.637603
v 506.294493 1.067104 -504.288458
v 505.598263 1.067104 -504.926511
v 504.727976 1.005011 -505.724078
v 503.567593 0.779126 -506.787500
v 502.407210 0.479650 -507.850921
v 501.246827 0.204704 -508.914343
v 499.796348 0.045000 -510.243621
v 495.401133 1.495000 -492.760378
v 494.370128 1.495000 -493.698377
v 493.081373 1.406912 -494.870876
v 491.363032 1.086462 -496.434207
v 489.644691 0.661612 -497.997538
v 487.926350 0.271563 -499.560870
v 485.778424 0.045000 -501.515034
v 483.898645 1.148124 -481.786845
v 483.141994 1.148124 -482.470243
v 482.196181 1.081109 -483.324490
v 480.935096 0.837319 -484.463486
v 479.674012 0.514103 -485.602482
v 478.412927 0.217363 -486.741479
v 476.836572 0.045000 -488.165224
v 472.925689 1.495000 -470.334871
v 471.913860 1.495000 -471.242108
v 470.649072 1.406912 -472.376155
v 468.962689 1.086462 -473.888217
v 467.276306 0.661612 -475.400279
v 465.589923 0.271563 -476.912341
v 463.481944 0.045000 -478.802419
v 461.452395 1.155054 -459.331548
v 460.685725 1.155054 -460.013974
v 459.727388 1.087618 -460.867006
v 458.449606 0.842296 -462.004383
v 457.171823 0.517050 -463.141759
v 455.894041 0.218446 -464.279136
v 454.296813 0.045000 -465.700857
v 450.373989 1.367305 -447.976064
v 449.457591 1.367305 -448.785839
v 448.312093 1.286975 -449.798058
v 446.784762 0.994745 -451.147683
v 445.257431 0.607310 -452.497309
v 443.730100 0.251610 -453.846934
v 441.820936 0.045000 -455.533965
v 439.177620 1.408473 -436.725952
v 438.229456 1.408473 -437.557705
v 437.044252 1.325642 -438.597396
v 435.463980 1.024315 -439.983651
v 433.883708 0.624817 -441.369906
v 432.303436 0.258043 -442.756160
v 430.328096 0.045000 -444.488979
v 427.831503 1.234756 -425.606611
v 427.001322 1.234756 -426.329571
v 425.963595 1.162478 -427.233270
v 424.579960 0.899542 -428.438202
v 423.196325 0.550944 -429.643134
v 421.812689 0.230899 -430.848066
v 420.083145 0.045000 -432.354231
v 416.646855 1.292835 -414.346144
v 415.773188 1.292835 -415.101436
v 414.681104 1.217029 -416.045551
v 413.224992 0.941258 -417.304372
v 411.768880 0.575642 -418.563192
v 410.312768 0.239974 -419.822012
v 408.492629 0.045000 -421.395537
v 405.295650 1.113439 -403.229129
v 404.545053 1.113439 -403.873302
v 403.606807 1.048531 -404.678518
v 402.355811 0.812406 -405.752139
v 401.104816 0.499354 -406.825761
v 399.853820 0.211944 -407.899382
v 398.290076 0.045000 -409.241409
v 394.431317 1.495000 -391.695743
v 393.316919 1.495000 -392.645167
v 391.923921 1.406912 -393.831948
v 390.066591 1.086462 -395.414322
v 388.209261 0.661612 -396.996696
v 386.351931 0.271563 -398.579070
v 384.030268 0.045000 -400.557038
v 382.873750 1.154868 -380.753147
v 382.088784 1.154868 -381.417033
v 381.107577 1.087443 -382.246891
v 379.799300 0.842163 -383.353368
v 378.491023 0.516971 -384.459846
v 377.182746 0.218417 -385.566323
v 375.547400 0.045000 -386.949419
v 371.816847 1.392455 -369.386091
v 370.860650 1.392455 -370.188899
v 369.665403 1.310597 -371.192408
v 368.071741 1.012809 -372.530420
v 366.478078 0.618005 -373.868432
v 364.884416 0.255540 -375.206444
v 362.892338 0.045000 -376.878959
v 360.383812 1.100186 -358.334592
v 359.632516 1.100186 -358.960764
v 358.693395 1.036083 -359.743480
v 357.441234 0.802887 -360.787100
v 356.189073 0.493718 -361.830721
v 354.936911 0.209873 -362.874342
v 353.371710 0.045000 -364.178868
v 349.319310 1.325739 -346.975646
v 348.404381 1.325739 -347.732630
v 347.260720 1.247934 -348.678859
v 345.735840 0.964891 -349.940498
v 344.210959 0.589634 -351.202137
v 342.686078 0.245115 -352.463776
v 340.779977 0.045000 -354.040825
v 338.239918 1.495000 -335.630878
v 337.176247 1.495000 -336.504495
v 335.846657 1.406912 -337.596517
v 334.073872 1.086462 -339.052545
v 332.301086 0.661612 -340.508574
v 330.528300 0.271563 -341.964603
v 328.312318 0.045000 -343.784638
v 326.789646 1.215229 -324.590245
v 325.948112 1.215229 -325.276361
v 324.896195 1.144137 -326.134006
v 323.493639 0.885517 -327.277532
v 322.091083 0.542640 -328.421058
v 320.688527 0.227848 -329.564584
v 318.935331 0.045000 -330.993992
v 315.670289 1.362150 -313.279093
v 314.719978 1.362150 -314.048226
v 313.532089 1.282134 -315.009643
v 311.948236 0.991043 -316.291532
v 310.364384 0.605118 -317.573421
v 308.780531 0.250805 -318.855310
v 306.800716 0.045000 -320.457671
v 304.237340 1.074888 -302.221144
v 303.491844 1.074888 -302.820092
v 302.559972 1.012322 -303.568777
v 301.317477 0.784717 -304.567023
v 300.074983 0.482960 -305.565269
v 298.832488 0.205920 -306.563515
v 297.279369 0.045000 -307.811323
v 293.400938 1.495000 -290.684982
v 292.263709 1.495000 -291.591958
v 290.842173 1.406912 -292.725677
v 288.946791 1.086462 -294.237304
v 287.051410 0.661612 -295.748930
v 285.156028 0.271563 -297.260557
v 282.786801 0.045000 -299.150090
v 281.926848 1.268260 -279.658219
v 281.035575 1.268260 -280.363823
v 279.921483 1.193947 -281.245828
v 278.436026 0.923606 -282.421835
v 276.950570 0.565191 -283.597841
v 275.465114 0.236134 -284.773848
v 273.608294 0.045000 -286.243856
v 270.695753 1.260240 -268.437593
v 269.807440 1.260240 -269.135689
v 268.697050 1.186414 -270.008309
v 267.216529 0.917846 -271.171802
v 265.736008 0.561781 -272.335295
v 264.255488 0.234881 -273.498788
v 262.404837 0.045000 -274.953154
v 259.406159 1.172503 -257.262533
v 258.579306 1.172503 -257.907554
v 257.545740 1.104007 -258.713831
v 256.167652 0.854829 -259.788867
v 254.789564 0.524471 -260.863902
v 253.411476 0.221172 -261.938938
v 251.688866 0.045000 -263.282732
v 248.313334 1.352783 -245.934366
v 247.351171 1.352783 -246.679420
v 246.148469 1.273335 -247.610738
v 244.544865 0.984315 -248.852495
v 242.941261 0.601135 -250.094252
v 241.337657 0.249341 -251.336009
v 239.333152 0.045000 -252.888205
v 237.290890 1.495000 -234.553612
v 236.123037 1.495000 -235.451286
v 234.663220 1.406912 -236.573378
v 232.716798 1.086462 -238.069500
v 230.770376 0.661612 -239.565623
v 228.823954 0.271563 -241.061745
v 226.390926 0.045000 -242.931899
v 225.670889 1.092975 -223.631083
v 224.894903 1.092975 -224.223151
v 223.924919 1.029310 -224.963237
v 222.631608 0.797708 -225.950018
v 221.338297 0.490651 -226.936799
v 220.044985 0.208746 -227.923580
v 218.428346 0.045000 -229.157056
v 214.613683 1.319731 -212.277862
v 213.666768 1.319731 -212.995017
v 212.483125 1.242291 -213.891460
v 210.904934 0.960575 -215.086718
v 209.326743 0.587079 -216.281975
v 207.748553 0.244177 -217.477233
v 205.775814 0.045000 -218.971304
v 203.308300 1.212014 -201.113096
v 202.438634 1.212014 -201.766882
v 201.351551 1.141118 -202.584115
v 199.902107 0.883208 -203.673759
v 198.452663 0.541273 -204.763402
v 197.003219 0.227346 -205.853046
v 195.191414 0.045000 -207.215100
v 192.356092 1.495000 -189.683897
v 191.210499 1.495000 -190.538748
v 189.778509 1.406912 -191.607312
v 187.869189 1.086462 -193.032065
v 185.959869 0.661612 -194.456817
v 184.050549 0.271563 -195.881569
v 181.663899 0.045000 -197.662510
v 180.932599 1.312064 -178.606787
v 179.982365 1.312064 -179.310614
v 178.794572 1.235090 -180.190396
v 177.210849 0.955069 -181.363440
v 175.627125 0.583819 -182.536484
v 174.043401 0.242979 -183.709528
v 172.063747 0.045000 -185.175832
v 169.599358 1.168360 -167.461141
v 168.754231 1.168360 -168.082479
v 167.697821 1.100116 -168.859151
v 166.289275 0.851853 -169.894714
v 164.880729 0.522709 -170.930277
v 163.472182 0.220525 -171.965840
v 161.711500 0.045000 -173.260294
v 158.386819 1.185494 -156.226235
v 157.526096 1.185494 -156.854345
v 156.450192 1.116209 -157.639482
v 155.015654 0.864160 -158.686332
v 153.581116 0.529995 -159.733183
v 152.146577 0.223202 -160.780033
v 150.353404 0.045000 -162.088595
v 147.261604 1.317867 -144.928217
v 146.297962 1.317867 -145.626210
v 145.093409 1.240540 -146.498702
v 143.487339 0.959236 -147.662024
v 141.881268 0.586287 -148.825347
v 140.275198 0.243885 -149.988669
v 138.267610 0.045000 -151.442822
v 136.381259 1.495000 -133.455231
v 135.069827 1.495000 -134.398076
v 133.430538 1.406912 -135.576633
v 131.244818 1.086462 -137.148042
v 129.059098 0.661612 -138.719451
v 126.873379 0.271563 -140.290860
v 124.141229 0.045000 -142.255121
v 124.601271 1.042072 -122.627913
v 123.841693 1.042072 -123.169942
v 122.892221 0.981500 -123.847477
v 121.626259 0.761147 -124.750858
v 120.360296 0.469005 -125.654239
v 119.094333 0.200793 -126.557621
v 117.511880 0.045000 -127.686847
v 113.548133 1.267977 -111.279872
v 112.613559 1.267977 -111.941807
v 111.445341 1.193682 -112.769226
v 109.887717 0.923404 -113.872450
v 108.330094 0.565071 -114.975675
v 106.772470 0.236090 -116.078899
v 104.825441 0.045000 -117.457930
v 102.265665 1.193313 -100.094873
v 101.385424 1.193313 -100.713673
v 100.285123 1.123553 -101.487172
v 98.818055 0.869776 -102.518505
v 97.350987 0.533320 -103.549837
v 95.883920 0.224424 -104.581170
v 94.050085 0.045000 -105.870336
v 91.391574 1.495000 -88.624333
v 90.157290 1.495000 -89.485538
v 88.614434 1.406912 -90.562045
v 86.557294 1.086462 -91.997387
v 84.500153 0.661612 -93.432728
v 82.443013 0.271563 -94.868070
v 79.871587 0.045000 -96.662248
v 80.044242 1.490734 -77.485189
v 78.929155 1.490734 -78.257404
v 77.535298 1.402906 -79.222673
v 75.676821 1.083398 -80.509698
v 73.818343 0.659798 -81.796724
v 71.959866 0.270896 -83.083749
v 69.636770 0.045000 -84.692531
v 68.546168 1.137393 -66.448377
v 67.701021 1.137393 -67.029270
v 66.644587 1.071030 -67.755386
v 65.236009 0.829611 -68.723541
v 63.827431 0.509540 -69.691696
v 62.418853 0.215686 -70.659851
v 60.658130 0.045000 -71.870045
v 57.425903 1.273055 -55.151015
v 56.472887 1.273055 -55.801135
v 55.281616 1.198450 -56.613786
v 53.693256 0.927050 -57.697320
v 52.104895 0.567230 -58.780854
v 50.516535 0.236884 -59.864388
v 48.531084 0.045000 -61.218805
v 46.290859 1.388903 -43.864738
v 45.244752 1.388903 -44.573001
v 43.937119 1.307261 -45.458329
v 42.193608 1.010259 -46.638766
v 40.450097 0.616495 -47.819204
v 38.706586 0.254985 -48.999641
v 36.527198 0.045000 -50.475188
v 35.380997 1.495000 -32.428069
v 34.016618 1.495000 -33.344866
v 32.311143 1.406912 -34.490864
v 30.037178 1.086462 -36.018860
v 27.763212 0.661612 -37.546856
v 25.489246 0.271563 -39.074853
v 22.646789 0.045000 -40.984848
v 23.511803 0.968600 -21.634358
v 22.788483 0.968600 -22.116732
v 21.884334 0.912491 -22.719699
v 20.678802 0.708376 -23.523655
v 19.473270 0.437761 -24.327611
v 18.267738 0.189312 -25.131567
v 16.760823 0.045000 -26.136513
v 12.430640 1.152912 -10.312589
v 11.560349 1.152912 -10.888598
v 10.472485 1.085606 -11.608608
v 9.021999 0.840758 -12.568621
v 7.571513 0.516140 -13.528634
v 6.121028 0.218111 -14.488648
v 4.307921 0.045000 -15.688664
v 1.277896 1.245262 0.960711
v 0.332215 1.245262 0.339537
v -0.849887 1.172346 -0.436931
v -2.426022 0.907088 -1.472222
v -4.002157 0.555411 -2.507513
v -5.578292 0.232541 -3.542804
v -7.548461 0.045000 -4.836918
v -9.699067 1.495000 12.347878
v -10.895920 1.495000 11.567671
v -12.391986 1.406912 10.592413
v -14.386741 1.086462 9.292068
v -16.381496 0.661612 7.991723
v -18.376251 0.271563 6.691378
v -20.869694 0.045000 5.065947
v -21.078295 1.364339 23.472349
v -22.124054 1.364339 22.795806
v -23.431253 1.284189 21.950127
v -25.174185 0.992615 20.822556
v -26.917117 0.606049 19.694984
v -28.660049 0.251147 18.567413
v -30.838714 0.045000 17.157948
v -32.550950 1.052834 34.538357
v -33.352189 1.052834 34.023940
v -34.353737 0.991608 33.380919
v -35.689135 0.768877 32.523559
v -37.024533 0.473582 31.666198
v -38.359931 0.202474 30.808837
v -40.029178 0.045000 29.737136
v -43.502956 1.396130 45.938511
v -44.580323 1.396130 45.252075
v -45.927032 1.314049 44.394029
v -47.722643 1.015449 43.249968
v -49.518254 0.619568 42.105908
v -51.313865 0.256114 40.961847
v -53.558380 0.045000 39.531771
v -54.750836 1.367435 57.148930
v -55.808457 1.367435 56.480209
v -57.130485 1.287097 55.644307
v -58.893188 0.994839 54.529771
v -60.655890 0.607365 53.415236
v -62.418593 0.251630 52.300700
v -64.621972 0.045000 50.907530
v -65.650670 1.495000 68.577956
v -67.036592 1.495000 67.708343
v -68.768994 1.406912 66.621327
v -71.078863 1.086462 65.171973
v -73.388732 0.661612 63.722618
v -75.698601 0.271563 62.273263
v -78.585938 0.045000 60.461570
v -77.505848 0.988295 79.409004
v -78.264726 0.988295 78.936478
v -79.213324 0.930990 78.345820
v -80.478120 0.722522 77.558277
v -81.742916 0.446136 76.770734
v -83.007713 0.192390 75.983190
v -84.588708 0.045000 74.998761
v -88.659181 1.078229 90.679739
v -89.492861 1.078229 90.164612
v -90.534961 1.015461 89.520704
v -91.924427 0.787117 88.662160
v -93.313894 0.484381 87.803616
v -94.703360 0.206442 86.945072
v -96.440194 0.045000 85.871892
v -99.681734 1.329243 102.029973
v -100.720995 1.329243 101.392747
v -102.020071 1.251225 100.596214
v -103.752173 0.967408 99.534170
v -105.484274 0.591124 98.472127
v -107.216375 0.245663 97.410083
v -109.381502 0.045000 96.082529
v -110.694433 1.495000 113.384288
v -111.949130 1.495000 112.620881
v -113.517500 1.406912 111.666622
v -115.608661 1.086462 110.394278
v -117.699822 0.661612 109.121933
v -119.790983 0.271563 107.849588
v -122.404934 0.045000 106.259157
v -122.063515 1.413271 124.521445
v -123.177264 1.413271 123.849015
v -124.569450 1.330148 123.008478
v -126.425699 1.027760 121.887763
v -128.281948 0.626857 120.767047
v -130.138196 0.258792 119.646331
v -132.458507 0.045000 118.245436
v -133.659783 0.958347 135.523844
v -134.405398 0.958347 135.077150
v -135.337418 0.902862 134.518783
v -136.580110 0.701012 133.774293
v -137.822803 0.433401 133.029803
v -139.065495 0.187711 132.285314
v -140.618861 0.045000 131.354702
v -144.532965 1.389243 146.959529
v -145.633533 1.389243 146.305284
v -147.009242 1.307580 145.487478
v -148.843521 1.010503 144.397069
v -150.677799 0.616639 143.306660
v -152.512078 0.255038 142.216251
v -154.804927 0.045000 140.853240
v -155.835327 1.294961 158.138812
v -156.861667 1.294961 157.533419
v -158.144592 1.219025 156.776677
v -159.855159 0.942784 155.767688
v -161.565725 0.576546 154.758699
v -163.276292 0.240306 153.749710
v -165.414500 0.045000 152.488474
v -166.725684 1.495000 169.559941
v -168.089802 1.495000 168.761553
v -169.794949 1.406912 167.763568
v -172.068478 1.086462 166.432922
v -174.342008 0.661612 165.102276
v -176.615537 0.271563 163.771630
v -179.457449 0.045000 162.108322
v -178.468616 1.073430 180.482909
v -179.317936 1.073430 179.989687
v -180.379586 1.010953 179.373160
v -181.795119 0.783670 178.551125
v -183.210652 0.482340 177.729089
v -184.626185 0.205692 176.907053
v -186.395602 0.045000 175.879508
v -189.668284 1.104856 191.723601
v -190.546070 1.104856 191.217822
v -191.643303 1.040470 190.585598
v -193.106280 0.806241 189.742632
v -194.569257 0.495704 188.899667
v -196.032233 0.210602 188.056701
v -197.860954 0.045000 187.002994
v -200.635901 1.415485 203.096722
v -201.774205 1.415485 202.445956
v -203.197084 1.332228 201.632499
v -205.094256 1.029351 200.547889
v -206.991429 0.627799 199.463278
v -208.888601 0.259138 198.378668
v -211.260067 0.045000 197.022906
v -211.781398 1.495000 214.366637
v -213.002339 1.495000 213.674091
v -214.528516 1.406912 212.808408
v -216.563417 1.086462 211.654164
v -218.598319 0.661612 210.499921
v -220.633221 0.271563 209.345677
v -223.176848 0.045000 207.902872
v -223.015488 1.495000 225.585987
v -224.230474 1.495000 224.902225
v -225.749205 1.406912 224.047523
v -227.774180 1.086462 222.907920
v -229.799155 0.661612 221.768317
v -231.824130 0.271563 220.628715
v -234.355349 0.045000 219.204211
v -234.734373 0.909552 236.534735
v -235.458608 0.909552 236.130359
v -236.363901 0.857031 235.624889
v -237.570959 0.665965 234.950929
v -238.778017 0.412651 234.276970
v -239.985075 0.180086 233.603010
v -241.493897 0.045000 232.760560
v -245.563123 1.382529 247.980923
v -246.686742 1.382529 247.358494
v -248.091266 1.301274 246.580458
v -249.963965 1.005680 245.543077
v -251.836664 0.613784 244.505695
v -253.709362 0.253989 243.468314
v -256.050236 0.045000 242.171587
v -256.748583 1.429420 259.227595
v -257.914877 1.429420 258.586628
v -259.372744 1.345316 257.785420
v -261.316567 1.039360 256.717143
v -263.260391 0.633725 255.648866
v -265.204214 0.261316 254.580588
v -267.633993 0.045000 253.245242
v -267.768234 1.495000 270.564326
v -269.143011 1.495000 269.814763
v -270.861483 1.406912 268.877808
v -273.152779 1.086462 267.628536
v -275.444074 0.661612 266.379264
v -277.735370 0.271563 265.129991
v -280.599490 0.045000 263.568401
v -279.476399 1.101140 281.526865
v -280.371146 1.101140 281.042897
v -281.489579 1.036979 280.437937
v -282.980823 0.803572 279.631324
v -284.472067 0.494123 278.824710
v -285.963311 0.210022 278.018097
v -287.827366 0.045000 277.009831
v -290.771790 1.019025 292.715061
v -291.599280 1.019025 292.271031
v -292.633642 0.959853 291.715995
v -294.012792 0.744594 290.975945
v -295.391942 0.459204 290.235896
v -296.771092 0.197191 289.495847
v -298.495030 0.045000 288.570785
v -301.599058 1.486853 304.153045
v -302.827414 1.486853 303.499166
v -304.362860 1.399261 302.681817
v -306.410120 1.080611 301.592018
v -308.457381 0.658148 300.502219
v -310.504641 0.270290 299.412421
v -313.063717 0.045000 298.050172
v -312.777158 1.495000 315.402376
v -314.055549 1.495000 314.727300
v -315.653537 1.406912 313.883456
v -317.784189 1.086462 312.758330
v -319.914840 0.661612 311.633204
v -322.045492 0.271563 310.508078
v -324.708806 0.045000 309.101670
v -324.021986 1.495000 326.616358
v -325.283683 1.495000 325.955435
v -326.860805 1.406912 325.129281
v -328.963635 1.086462 324.027742
v -331.066464 0.661612 322.926204
v -333.169294 0.271563 321.824665
v -335.797831 0.045000 320.447742
v -335.843544 0.822928 337.530824
v -336.511818 0.822928 337.183569
v -337.347160 0.775669 336.749501
v -338.460950 0.603747 336.170743
v -339.574739 0.375814 335.591985
v -340.688529 0.166551 335.013227
v -342.080766 0.045000 334.289780
v -346.629309 1.334324 348.984180
v -347.739952 1.334324 348.411703
v -349.128256 1.255997 347.696108
v -350.979328 0.971057 346.741981
v -352.830399 0.593285 345.787855
v -354.681471 0.246457 344.833728
v -356.995311 0.045000 343.641069
v -357.749626 1.455604 360.262818
v -358.968086 1.455604 359.639838
v -360.491162 1.369909 358.861112
v -362.521930 1.058166 357.822811
v -364.552698 0.644859 356.784510
v -366.583466 0.265407 355.746209
v -369.121926 0.045000 354.448333
v -368.880584 1.495000 371.535193
v -370.196221 1.495000 370.867972
v -371.840767 1.406912 370.033946
v -374.033494 1.086462 368.921911
v -376.226222 0.661612 367.809876
v -378.418950 0.271563 366.697841
v -381.159860 0.045000 365.307798
v -380.401663 1.222497 382.610553
v -381.424355 1.222497 382.096107
v -382.702720 1.150964 381.453049
v -384.407206 0.890737 380.595639
v -386.111693 0.545731 379.738229
v -387.816179 0.228984 378.880818
v -389.946787 0.045000 377.809056
v -391.806045 1.016917 393.746565
v -392.652490 1.016917 393.324241
v -393.710545 0.957873 392.796337
v -395.121285 0.743080 392.092464
v -396.532026 0.458308 391.388591
v -397.942766 0.196862 390.684719
v -399.706192 0.045000 389.804878
v -402.622197 1.486046 405.175130
v -403.880624 1.486046 404.552376
v -405.453658 1.398502 403.773932
v -407.551036 1.080031 402.736007
v -409.648414 0.657805 401.698083
v -411.745792 0.270163 400.660158
v -414.367515 0.045000 399.362752
v -413.865552 1.464761 416.390699
v -415.108758 1.464761 415.780510
v -416.662767 1.378511 415.017773
v -418.734778 1.064744 414.000791
v -420.806789 0.648754 412.983808
v -422.878800 0.266838 411.966826
v -425.468814 0.045000 410.695598
v -424.899000 1.495000 427.708599
v -426.336893 1.495000 427.008644
v -428.134259 1.406912 426.133701
v -430.530747 1.086462 424.967109
v -432.927235 0.661612 423.800518
v -435.323723 0.271563 422.633926
v -438.319333 0.045000 421.175687
v -436.800523 0.913372 438.605872
v -437.565027 0.913372 438.236779
v -438.520658 0.860619 437.775413
v -439.794832 0.668708 437.160258
v -441.069006 0.414275 436.545103
v -442.343180 0.180683 435.929949
v -443.935898 0.045000 435.161006
v -447.659096 1.329683 450.007908
v -448.793162 1.329683 449.464913
v -450.210744 1.251638 448.786170
v -452.100854 0.967723 447.881179
v -453.990964 0.591311 446.976188
v -455.881074 0.245732 446.071197
v -458.243712 0.045000 444.939958
v -458.653392 1.495000 461.342585
v -460.021296 1.495000 460.693048
v -461.731176 1.406912 459.881126
v -464.011016 1.086462 458.798565
v -466.290856 0.661612 457.716003
v -468.570696 0.271563 456.633442
v -471.420496 0.045000 455.280240
v -469.891059 1.495000 472.560839
v -471.249431 1.495000 471.921182
v -472.947395 1.406912 471.121610
v -475.211348 1.086462 470.055515
v -477.475301 0.661612 468.989420
v -479.739254 0.271563 467.923324
v -482.569195 0.045000 466.590705
v -481.473549 1.173267 483.618171
v -482.477565 1.173267 483.149316
v -483.732584 1.104724 482.563248
v -485.405944 0.855377 481.781822
v -487.079303 0.524795 481.000397
v -488.752663 0.221292 480.218972
v -490.844362 0.045000 479.242191
v -492.900436 0.947512 494.750353
v -493.705699 0.947512 494.377451
v -494.712278 0.892685 493.911324
v -496.054383 0.693230 493.289821
v -497.396489 0.428793 492.668318
v -498.738594 0.186018 492.046815
v -500.416225 0.045000 491.269936
v -503.612593 1.495000 506.212302
v -504.933834 1.495000 505.605585
v -506.585385 1.406912 504.847190
v -508.787453 1.086462 503.835995
v -510.989521 0.661612 502.824801
v -513.191589 0.271563 501.813607
v -515.944174 0.045000 500.549614
v -514.940900 1.406296 517.389725
v -516.161968 1.406296 516.833720
v -517.688303 1.323597 516.138712
v -519.723416 1.022751 515.212036
v -521.758528 0.623891 514.285360
v -523.793641 0.257702 513.358683
v -526.337532 0.045000 512.200338
v -526.065310 1.495000 528.660006
v -527.390103 1.495000 528.061854
v -529.046094 1.406912 527.314164
v -531.254081 1.086462 526.317243
v -533.462069 0.661612 525.320323
v -535.670057 0.271563 524.323403
v -538.430042 0.045000 523.077252
v -537.883223 0.860114 539.619046
v -538.618237 0.860114 539.289988
v -539.537005 0.810595 538.878666
v -540.762029 0.630455 538.330237
v -541.987053 0.391627 537.781808
v -543.212076 0.172361 537.233378
v -544.743356 0.045000 536.547842
v -548.680928 1.334059 551.035453
v -549.846371 1.334059 550.518123
v -551.303176 1.255749 549.871460
v -553.245582 0.970867 549.009243
v -555.187989 0.593172 548.147026
v -557.130395 0.246416 547.284809
v -559.558403 0.045000 546.207038
v -559.571620 1.495000 562.407698
v -561.074506 1.495000 561.746257
v -562.953113 1.406912 560.919457
v -565.457923 1.086462 559.817056
v -567.962733 0.661612 558.714655
v -570.467542 0.271563 557.612255
v -573.598555 0.045000 556.234254
v -570.986434 1.493215 573.548726
v -572.302640 1.493215 572.974392
v -573.947898 1.405236 572.256474
v -576.141575 1.085180 571.299251
v -578.335252 0.660853 570.342028
v -580.528929 0.271284 569.384805
v -583.271025 0.045000 568.188275
v -582.467401 1.211980 584.662560
v -583.530775 1.211980 584.202526
v -584.859992 1.141086 583.627484
v -586.632282 0.883183 582.860761
v -588.404571 0.541258 582.094038
v -590.176861 0.227341 581.327314
v -592.392223 0.045000 580.368911
v -593.973134 0.905095 595.767678
v -594.758909 0.905095 595.430660
v -595.741128 0.852845 595.009388
v -597.050753 0.662764 594.447692
v -598.360378 0.410756 593.885997
v -599.670003 0.179390 593.324301
v -601.307035 0.045000 592.622181
v -604.580515 1.495000 607.256849
v -605.987043 1.495000 606.658795
v -607.745204 1.406912 605.911227
v -610.089419 1.086462 604.914471
v -612.433633 0.661612 603.917714
v -614.777848 0.271563 602.920957
v -617.708116 0.045000 601.675011
v -615.898475 1.478796 618.441943
v -617.215178 1.478796 617.886929
v -618.861057 1.391693 617.193162
v -621.055561 1.074824 616.268138
v -623.250066 0.654722 615.343115
v -625.444571 0.269031 614.418092
v -628.187703 0.045000 613.261813
v -627.151849 1.447689 629.654710
v -628.443312 1.447689 629.115064
v -630.057641 1.362475 628.440506
v -632.210079 1.052481 627.541096
v -634.362518 0.641493 626.641686
v -636.514956 0.264170 625.742276
v -639.205504 0.045000 624.618013
v -638.889375 0.892244 640.667143
v -639.671447 0.892244 640.343198
v -640.649036 0.840774 639.938267
v -641.952488 0.653533 639.398360
v -643.255940 0.405290 638.858452
v -644.559392 0.177382 638.318545
v -646.188707 0.045000 637.643660
vt 11.98434662 -2.99997162
vt 11.98434047 -2.99996547
vt 11.98433279 -2.99995779
vt 11.98432255 -2.99994755
vt 11.98431230 -2.99993730
vt 11.98430206 -2.99992706
vt 11.98428925 -2.99991425
vt 11.96333003 -3.02280827
vt 11.96241052 -3.02189542
vt 11.96126114 -3.02075436
vt 11.95972863 -3.01923295
vt 11.95819612 -3.01771154
vt 11.95666361 -3.01619012
vt 11.95474798 -3.01428836
vt 11.94207832 -3.04540007
vt 11.94048057 -3.04382537
vt 11.93848339 -3.04185700
vt 11.93582047 -3.03923251
vt 11.93315755 -3.03660802
vt 11.93049463 -3.03398352
vt 11.92716599 -3.03070290
vt 11.91989428 -3.06707000
vt 11.91855062 -3.06575532
vt 11.91687105 -3.06411197
vt 11.91463162 -3.06192084
vt 11.91239219 -3.05972971
vt 11.91015277 -3.05753857
vt 11.90735348 -3.05479965
vt 11.89865257 -3.08965895
vt 11.89662067 -3.08768527
vt 11.89408080 -3.08521818
vt 11.89069431 -3.08192871
vt 11.88730782 -3.07863925
vt 11.88392133 -3.07534978
vt 11.87968822 -3.07123795
vt 11.87631199 -3.11117863
vt 11.87469072 -3.10961522
vt 11.87266415 -3.10766097
vt 11.86996204 -3.10505529
vt 11.86725994 -3.10244962
vt 11.86455784 -3.09984394
vt 11.86118021 -3.09658684
vt 11.85470959 -3.13341084
vt 11.85276077 -3.13154517
vt 11.85032475 -3.12921310
vt 11.84707671 -3.12610366
vt 11.84382868 -3.12299422
vt 11.84058065 -3.11988479
vt 11.83652061 -3.11599799
vt 11.83224874 -3.15482270
vt 11.83083082 -3.15347512
vt 11.82905843 -3.15179065
vt 11.82669524 -3.14954469
vt 11.82433205 -3.14729873
vt 11.82196885 -3.14505277
vt 11.81901486 -3.14224531
vt 11.81066935 -3.17707365
vt 11.80890087 -3.17540507
vt 11.80669027 -3.17331936
vt 11.80374281 -3.17053840
vt 11.80079534 -3.16775745
vt 11.79784787 -3.16497649
vt 11.79416354 -3.16150030
vt 11.78863247 -3.19889134
vt 11.78697092 -3.19733502
vt 11.78489399 -3.19538962
vt 11.78212474 -3.19279575
vt 11.77935549 -3.19020189
vt 11.77658624 -3.18760802
vt 11.77312468 -3.18436568
vt 11.76673035 -3.22083589
vt 11.76504097 -3.21926497
vt 11.76292925 -3.21730133
vt 11.76011362 -3.21468313
vt 11.75729799 -3.21206494
vt 11.75448236 -3.20944675
vt 11.75096283 -3.20617400
vt 11.74475698 -3.24271437
vt 11.74311102 -3.24119492
vt 11.74105358 -3.23929562
vt 11.73831031 -3.23676321
vt 11.73556705 -3.23423081
vt 11.73282379 -3.23169840
vt 11.72939471 -3.22853290
vt 11.72254090 -3.26437107
vt 11.72118107 -3.26312487
vt 11.71948129 -3.26156713
vt 11.71721492 -3.25949013
vt 11.71494855 -3.25741314
vt 11.71268217 -3.25533614
vt 11.70984921 -3.25273989
vt 11.70126480 -3.28688685
vt 11.69925112 -3.28505482
vt 11.69673402 -3.28276479
vt 11.69337789 -3.27971141
vt 11.69002175 -3.27665802
vt 11.68666562 -3.27360464
vt 11.68247045 -3.26978791
vt 11.67879901 -3.30831953
vt 11.67732117 -3.30698477
vt 11.67547388 -3.30531632
vt 11.67301083 -3.30309172
vt 11.67054777 -3.30086712
vt 11.66808471 -3.29864252
vt 11.66500590 -3.29586176
vt 11.65736745 -3.33068667
vt 11.65539122 -3.32891472
vt 11.65292094 -3.32669979
vt 11.64962722 -3.32374654
vt 11.64633350 -3.32079330
vt 11.64303978 -3.31784005
vt 11.63892264 -3.31414849
vt 11.63495867 -3.35217754
vt 11.63346127 -3.35084467
vt 11.63158952 -3.34917859
vt 11.62909385 -3.34695716
vt 11.62659818 -3.34473572
vt 11.62410251 -3.34251428
vt 11.62098293 -3.33973748
vt 11.61332116 -3.37435622
vt 11.61153132 -3.37277462
vt 11.60929402 -3.37079763
vt 11.60631095 -3.36816165
vt 11.60332789 -3.36552566
vt 11.60034482 -3.36288967
vt 11.59661598 -3.35959469
vt 11.59145325 -3.39632909
vt 11.58960137 -3.39470457
vt 11.58728652 -3.39267393
vt 11.58420005 -3.38996640
vt 11.58111358 -3.38725887
vt 11.57802712 -3.38455134
vt 11.57416903 -3.38116693
vt 11.56929287 -3.41804655
vt 11.56767142 -3.41663452
vt 11.56564461 -3.41486949
vt 11.56294220 -3.41251610
vt 11.56023979 -3.41016272
vt 11.55753737 -3.40780934
vt 11.55415936 -3.40486761
vt 11.54744785 -3.44003965
vt 11.54574147 -3.43856447
vt 11.54360850 -3.43672050
vt 11.54076453 -3.43426187
vt 11.53792056 -3.43180323
vt 11.53507659 -3.42934460
vt 11.53152163 -3.42627131
vt 11.52527753 -3.46175257
vt 11.52381152 -3.46049442
vt 11.52197901 -3.45892174
vt 11.51953566 -3.45682482
vt 11.51709231 -3.45472790
vt 11.51464896 -3.45263099
vt 11.51159477 -3.45000984
vt 11.50405813 -3.48427872
vt 11.50188157 -3.48242437
vt 11.49916087 -3.48010644
vt 11.49553328 -3.47701587
vt 11.49190568 -3.47392529
vt 11.48827808 -3.47083472
vt 11.48374358 -3.46697150
vt 11.48148476 -3.50565098
vt 11.47995162 -3.50435432
vt 11.47803520 -3.50273351
vt 11.47547997 -3.50057242
vt 11.47292475 -3.49841133
vt 11.47036952 -3.49625024
vt 11.46717548 -3.49354888
vt 11.45988925 -3.52785226
vt 11.45802167 -3.52628427
vt 11.45568721 -3.52432429
vt 11.45257458 -3.52171099
vt 11.44946196 -3.51909769
vt 11.44634934 -3.51648438
vt 11.44245856 -3.51321775
vt 11.43755910 -3.54943722
vt 11.43609172 -3.54821422
vt 11.43425750 -3.54668548
vt 11.43181188 -3.54464716
vt 11.42936625 -3.54260884
vt 11.42692062 -3.54057052
vt 11.42386359 -3.53802261
vt 11.41594874 -3.57162266
vt 11.41416177 -3.57014417
vt 11.41192806 -3.56829607
vt 11.40894978 -3.56583193
vt 11.40597149 -3.56336779
vt 11.40299321 -3.56090365
vt 11.39927036 -3.55782348
vt 11.39430931 -3.59378041
vt 11.39223182 -3.59207412
vt 11.38963497 -3.58994127
vt 11.38617250 -3.58709746
vt 11.38271002 -3.58425366
vt 11.37924755 -3.58140985
vt 11.37491946 -3.57785509
vt 11.37194549 -3.61534414
vt 11.37030187 -3.61400407
vt 11.36824735 -3.61232899
vt 11.36550798 -3.61009554
vt 11.36276861 -3.60786209
vt 11.36002924 -3.60562864
vt 11.35660504 -3.60283683
vt 11.35022800 -3.63743624
vt 11.34837192 -3.63593402
vt 11.34605183 -3.63405626
vt 11.34295836 -3.63155257
vt 11.33986490 -3.62904888
vt 11.33677144 -3.62654519
vt 11.33290461 -3.62341558
vt 11.32789802 -3.65903379
vt 11.32644197 -3.65786397
vt 11.32462191 -3.65640170
vt 11.32219516 -3.65445200
vt 11.31976842 -3.65250230
vt 11.31734167 -3.65055260
vt 11.31430823 -3.64811548
vt 11.30673317 -3.68156536
vt 11.30451202 -3.67979392
vt 11.30173558 -3.67757963
vt 11.29803367 -3.67462723
vt 11.29433175 -3.67167484
vt 11.29062983 -3.66872244
vt 11.28600244 -3.66503195
vt 11.28432284 -3.70310201
vt 11.28258207 -3.70172387
vt 11.28040611 -3.70000121
vt 11.27750483 -3.69770432
vt 11.27460355 -3.69540743
vt 11.27170227 -3.69311054
vt 11.26807567 -3.69023943
vt 11.26238711 -3.72501729
vt 11.26065212 -3.72365382
vt 11.25848339 -3.72194949
vt 11.25559175 -3.71967704
vt 11.25270011 -3.71740459
vt 11.24980847 -3.71513215
vt 11.24619391 -3.71229159
vt 11.24033712 -3.74684358
vt 11.23872217 -3.74558377
vt 11.23670349 -3.74400901
vt 11.23401191 -3.74190934
vt 11.23132033 -3.73980966
vt 11.22862875 -3.73770998
vt 11.22526428 -3.73508538
vt 11.21867145 -3.76896891
vt 11.21679222 -3.76751372
vt 11.21444319 -3.76569474
vt 11.21131116 -3.76326944
vt 11.20817912 -3.76084413
vt 11.20504708 -3.75841882
vt 11.20113203 -3.75538719
vt 11.19714324 -3.79119694
vt 11.19486227 -3.78944367
vt 11.19201107 -3.78725209
vt 11.18820946 -3.78432997
vt 11.18440786 -3.78140786
vt 11.18060625 -3.77848574
vt 11.17585424 -3.77483310
vt 11.17444792 -3.81253001
vt 11.17293232 -3.81137362
vt 11.17103782 -3.80992814
vt 11.16851183 -3.80800084
vt 11.16598583 -3.80607353
vt 11.16345983 -3.80414622
vt 11.16030233 -3.80173709
vt 11.15285182 -3.83470427
vt 11.15100237 -3.83330357
vt 11.14869057 -3.83155271
vt 11.14560817 -3.82921822
vt 11.14252576 -3.82688373
vt 11.13944336 -3.82454925
vt 11.13559035 -3.82163114
vt 11.13077099 -3.85651045
vt 11.12907242 -3.85523352
vt 11.12694921 -3.85363737
vt 11.12411827 -3.85150916
vt 11.12128732 -3.84938095
vt 11.11845638 -3.84725274
vt 11.11491770 -3.84459247
vt 11.10937996 -3.87883311
vt 11.10714247 -3.87716347
vt 11.10434562 -3.87507643
vt 11.10061648 -3.87229371
vt 11.09688734 -3.86951100
vt 11.09315819 -3.86672828
vt 11.08849677 -3.86324988
vt 11.08706845 -3.90046808
vt 11.08521252 -3.89909342
vt 11.08289262 -3.89737510
vt 11.07979940 -3.89508400
vt 11.07670619 -3.89279290
vt 11.07361298 -3.89050179
vt 11.06974647 -3.88763792
vt 11.06493321 -3.92223692
vt 11.06328257 -3.92102337
vt 11.06121927 -3.91950644
vt 11.05846821 -3.91748385
vt 11.05571714 -3.91546127
vt 11.05296607 -3.91343868
vt 11.04952724 -3.91091045
vt 11.04303372 -3.94418010
vt 11.04135262 -3.94295332
vt 11.03925125 -3.94141985
vt 11.03644942 -3.93937522
vt 11.03364758 -3.93733059
vt 11.03084575 -3.93528596
vt 11.02734346 -3.93273018
vt 11.02130479 -3.96624654
vt 11.01942267 -3.96488327
vt 11.01707003 -3.96317919
vt 11.01393317 -3.96090707
vt 11.01079632 -3.95863496
vt 11.00765946 -3.95636285
vt 11.00373839 -3.95352270
vt 11.00005411 -3.98865472
vt 10.99749272 -3.98681322
vt 10.99429098 -3.98451136
vt 10.99002200 -3.98144220
vt 10.98575302 -3.97837304
vt 10.98148403 -3.97530388
vt 10.97614780 -3.97146743
vt 10.97704632 -4.00980182
vt 10.97556277 -4.00874317
vt 10.97370834 -4.00741986
vt 10.97123575 -4.00565545
vt 10.96876317 -4.00389103
vt 10.96629059 -4.00212661
vt 10.96319986 -3.99992109
vt 10.95545816 -4.03196597
vt 10.95363282 -4.03067312
vt 10.95135115 -4.02905707
vt 10.94830891 -4.02690234
vt 10.94526668 -4.02474760
vt 10.94222445 -4.02259287
vt 10.93842166 -4.01989945
vt 10.93342209 -4.05381167
vt 10.93170287 -4.05260307
vt 10.92955385 -4.05109233
vt 10.92668848 -4.04907801
vt 10.92382311 -4.04706369
vt 10.92095775 -4.04504937
vt 10.91737604 -4.04253147
vt 10.91218363 -4.07621507
vt 10.90977292 -4.07453302
vt 10.90675953 -4.07243047
vt 10.90274168 -4.06962707
vt 10.89872383 -4.06682367
vt 10.89470598 -4.06402027
vt 10.88968366 -4.06051601
vt 10.89002088 -4.09797121
vt 10.88784297 -4.09646297
vt 10.88512059 -4.09457768
vt 10.88149076 -4.09206396
vt 10.87786092 -4.08955024
vt 10.87423108 -4.08703652
vt 10.86969378 -4.08389437
vt 10.86756370 -4.11952748
vt 10.86591302 -4.11839292
vt 10.86384968 -4.11697473
vt 10.86109855 -4.11508380
vt 10.85834742 -4.11319287
vt 10.85559629 -4.11130194
vt 10.85215738 -4.10893828
vt 10.84584443 -4.14159264
vt 10.84398307 -4.14032287
vt 10.84165637 -4.13873567
vt 10.83855411 -4.13661939
vt 10.83545184 -4.13450311
vt 10.83234957 -4.13238683
vt 10.82847174 -4.12974149
vt 10.82409630 -4.16363615
vt 10.82205312 -4.16225282
vt 10.81949915 -4.16052367
vt 10.81609386 -4.15821813
vt 10.81268856 -4.15591258
vt 10.80928327 -4.15360704
vt 10.80502665 -4.15072511
vt 10.80278798 -4.18597339
vt 10.80012317 -4.18418277
vt 10.79679217 -4.18194450
vt 10.79235083 -4.17896013
vt 10.78790949 -4.17597576
vt 10.78346815 -4.17299139
vt 10.77791648 -4.16926093
vt 10.77960596 -4.20705486
vt 10.77819322 -4.20611272
vt 10.77642731 -4.20493505
vt 10.77407275 -4.20336483
vt 10.77171820 -4.20179460
vt 10.76936364 -4.20022437
vt 10.76642045 -4.19826159
vt 10.75796306 -4.22916769
vt 10.75626327 -4.22804267
vt 10.75413854 -4.22663640
vt 10.75130556 -4.22476138
vt 10.74847258 -4.22288635
vt 10.74563960 -4.22101133
vt 10.74209837 -4.21866754
vt 10.73618036 -4.25118586
vt 10.73433332 -4.24997262
vt 10.73202453 -4.24845608
vt 10.72894614 -4.24643403
vt 10.72586775 -4.24441198
vt 10.72278936 -4.24238993
vt 10.71894138 -4.23986236
vt 10.71474098 -4.27342642
vt 10.71240337 -4.27190257
vt 10.70948137 -4.26999777
vt 10.70558536 -4.26745804
vt 10.70168936 -4.26491830
vt 10.69779335 -4.26237856
vt 10.69292334 -4.25920389
vt 10.69251592 -4.29515390
vt 10.69047342 -4.29383252
vt 10.68792030 -4.29218081
vt 10.68451614 -4.28997852
vt 10.68111197 -4.28777623
vt 10.67770781 -4.28557394
vt 10.67345260 -4.28282108
vt 10.67010839 -4.31676719
vt 10.66854347 -4.31576247
vt 10.66658732 -4.31450657
vt 10.66397912 -4.31283204
vt 10.66137093 -4.31115751
vt 10.65876273 -4.30948298
vt 10.65550248 -4.30738981
vt 10.64871775 -4.33903312
vt 10.64661352 -4.33769242
vt 10.64398323 -4.33601655
vt 10.64047618 -4.33378206
vt 10.63696913 -4.33154757
vt 10.63346207 -4.32931307
vt 10.62907826 -4.32651996
vt 10.62674924 -4.36092847
vt 10.62468357 -4.35962237
vt 10.62210149 -4.35798975
vt 10.61865871 -4.35581293
vt 10.61521593 -4.35363610
vt 10.61177315 -4.35145927
vt 10.60746968 -4.34873824
vt 10.60546050 -4.38325079
vt 10.60275362 -4.38155232
vt 10.59937003 -4.37942925
vt 10.59485856 -4.37659848
vt 10.59034710 -4.37376770
vt 10.58583564 -4.37093693
vt 10.58019631 -4.36739847
vt 10.58230586 -4.40440518
vt 10.58082367 -4.40348227
vt 10.57897094 -4.40232865
vt 10.57650064 -4.40079048
vt 10.57403033 -4.39925230
vt 10.57156003 -4.39771413
vt 10.56847215 -4.39579142
vt 10.56052200 -4.42641833
vt 10.55889372 -4.42541222
vt 10.55685837 -4.42415459
vt 10.55414457 -4.42247775
vt 10.55143077 -4.42080090
vt 10.54871697 -4.41912406
vt 10.54532471 -4.41702801
vt 10.53899358 -4.44858676
vt 10.53696377 -4.44734217
vt 10.53442651 -4.44578645
vt 10.53104350 -4.44371214
vt 10.52766049 -4.44163784
vt 10.52427748 -4.43956354
vt 10.52004872 -4.43697066
vt 10.51748440 -4.47076315
vt 10.51503382 -4.46927212
vt 10.51197060 -4.46740834
vt 10.50788630 -4.46492329
vt 10.50380200 -4.46243824
vt 10.49971770 -4.45995319
vt 10.49461233 -4.45684688
vt 10.49527916 -4.49251541
vt 10.49310387 -4.49120207
vt 10.49038476 -4.48956040
vt 10.48675927 -4.48737150
vt 10.48313379 -4.48518260
vt 10.47950830 -4.48299371
vt 10.47497644 -4.48025758
vt 10.47263020 -4.51400447
vt 10.47117392 -4.51313202
vt 10.46935357 -4.51204146
vt 10.46692644 -4.51058738
vt 10.46449930 -4.50913330
vt 10.46207217 -4.50767922
vt 10.45903825 -4.50586162
vt 10.45139352 -4.53633980
vt 10.44924397 -4.53506197
vt 10.44655704 -4.53346470
vt 10.44297446 -4.53133499
vt 10.43939189 -4.52920529
vt 10.43580931 -4.52707558
vt 10.43133109 -4.52441345
vt 10.42931859 -4.55817433
vt 10.42731402 -4.55699192
vt 10.42480831 -4.55551391
vt 10.42146736 -4.55354323
vt 10.41812641 -4.55157255
vt 10.41478546 -4.54960187
vt 10.41060927 -4.54713852
vt 10.40804836 -4.58048123
vt 10.40538407 -4.57892187
vt 10.40205371 -4.57697269
vt 10.39761322 -4.57437377
vt 10.39317273 -4.57177485
vt 10.38873225 -4.56917593
vt 10.38318164 -4.56592728
vt 10.38511295 -4.60181515
vt 10.38345412 -4.60085182
vt 10.38138059 -4.59964767
vt 10.37861587 -4.59804213
vt 10.37585116 -4.59643659
vt 10.37308645 -4.59483105
vt 10.36963056 -4.59282413
vt 10.36323860 -4.62376962
vt 10.36152417 -4.62278177
vt 10.35938114 -4.62154696
vt 10.35652376 -4.61990054
vt 10.35366639 -4.61825413
vt 10.35080901 -4.61660771
vt 10.34723729 -4.61454969
vt 10.34181747 -4.64598275
vt 10.33959422 -4.64471172
vt 10.33681516 -4.64312294
vt 10.33310975 -4.64100456
vt 10.32940433 -4.63888618
vt 10.32569892 -4.63676780
vt 10.32106715 -4.63411983
vt 10.32004892 -4.66799430
vt 10.31766427 -4.66664167
vt 10.31468346 -4.66495089
vt 10.31070904 -4.66269651
vt 10.30673462 -4.66044212
vt 10.30276021 -4.65818774
vt 10.29779218 -4.65536976
vt 10.29810734 -4.68990710
vt 10.29573432 -4.68857162
vt 10.29276805 -4.68690228
vt 10.28881302 -4.68467650
vt 10.28485799 -4.68245071
vt 10.28090296 -4.68022492
vt 10.27595917 -4.67744269
vt 10.27521889 -4.71129137
vt 10.27380437 -4.71050157
vt 10.27203622 -4.70951433
vt 10.26967869 -4.70819800
vt 10.26732115 -4.70688167
vt 10.26496362 -4.70556534
vt 10.26201670 -4.70391993
vt 10.25406899 -4.73364721
vt 10.25187442 -4.73243152
vt 10.24913121 -4.73091192
vt 10.24547360 -4.72888579
vt 10.24181598 -4.72685965
vt 10.23815837 -4.72483352
vt 10.23358635 -4.72230085
vt 10.23222239 -4.75561336
vt 10.22994447 -4.75436147
vt 10.22709708 -4.75279661
vt 10.22330055 -4.75071014
vt 10.21950402 -4.74862366
vt 10.21570749 -4.74653718
vt 10.21096182 -4.74392908
vt 10.21069963 -4.77775542
vt 10.20801452 -4.77629142
vt 10.20465813 -4.77446144
vt 10.20018295 -4.77202145
vt 10.19570776 -4.76958147
vt 10.19123257 -4.76714148
vt 10.18563859 -4.76409150
vt 10.18783212 -4.79916662
vt 10.18608457 -4.79822137
vt 10.18390013 -4.79703981
vt 10.18098755 -4.79546440
vt 10.17807496 -4.79388898
vt 10.17516238 -4.79231356
vt 10.17152164 -4.79034429
vt 10.16577081 -4.82101857
vt 10.16415462 -4.82015132
vt 10.16213438 -4.81906727
vt 10.15944073 -4.81762186
vt 10.15674708 -4.81617645
vt 10.15405343 -4.81473104
vt 10.15068636 -4.81292428
vt 10.14462381 -4.84335838
vt 10.14222467 -4.84208127
vt 10.13922576 -4.84048489
vt 10.13522720 -4.83835638
vt 10.13122864 -4.83622786
vt 10.12723009 -4.83409935
vt 10.12223189 -4.83143871
vt 10.12279158 -4.86532973
vt 10.12029472 -4.86401122
vt 10.11717365 -4.86236309
vt 10.11301222 -4.86016558
vt 10.10885079 -4.85796807
vt 10.10468936 -4.85577056
vt 10.09948758 -4.85302367
vt 10.10082903 -4.88723204
vt 10.09836477 -4.88594117
vt 10.09528446 -4.88432759
vt 10.09117737 -4.88217615
vt 10.08707028 -4.88002471
vt 10.08296319 -4.87787327
vt 10.07782933 -4.87518396
vt 10.07774004 -4.90854936
vt 10.07643482 -4.90787112
vt 10.07480329 -4.90702333
vt 10.07262792 -4.90589295
vt 10.07045255 -4.90476256
vt 10.06827718 -4.90363217
vt 10.06555797 -4.90221919
vt 10.05667410 -4.93091919
vt 10.05450487 -4.92980107
vt 10.05179334 -4.92840343
vt 10.04817797 -4.92653990
vt 10.04456259 -4.92467637
vt 10.04094722 -4.92281284
vt 10.03642800 -4.92048343
vt 10.03495473 -4.95294778
vt 10.03257492 -4.95173102
vt 10.02960016 -4.95021008
vt 10.02563382 -4.94818214
vt 10.02166748 -4.94615421
vt 10.01770113 -4.94412628
vt 10.01274320 -4.94159137
vt 10.01321457 -4.97496414
vt 10.01064497 -4.97366097
vt 10.00743297 -4.97203202
vt 10.00315030 -4.96986007
vt 9.99886763 -4.96768813
vt 9.99458495 -4.96551619
vt 9.98923162 -4.96280126
vt 9.99071247 -4.99659570
vt 9.98871502 -4.99559092
vt 9.98621822 -4.99433495
vt 9.98288914 -4.99266032
vt 9.97956007 -4.99098569
vt 9.97623099 -4.98931106
vt 9.97206965 -4.98721778
vt 9.96843828 -5.01834573
vt 9.96678507 -5.01752087
vt 9.96471856 -5.01648981
vt 9.96196321 -5.01511506
vt 9.95920785 -5.01374031
vt 9.95645250 -5.01236556
vt 9.95300831 -5.01064712
vt 9.94731299 -5.04066714
vt 9.94485512 -5.03945082
vt 9.94178279 -5.03793043
vt 9.93768635 -5.03590323
vt 9.93358991 -5.03387603
vt 9.92949347 -5.03184884
vt 9.92437291 -5.02931484
vt 9.92535331 -5.06257255
vt 9.92292517 -5.06138077
vt 9.91989000 -5.05989105
vt 9.91584310 -5.05790476
vt 9.91179621 -5.05591847
vt 9.90774931 -5.05393217
vt 9.90269069 -5.05144931
vt 9.90380361 -5.08467782
vt 9.90099522 -5.08331072
vt 9.89748474 -5.08160185
vt 9.89280410 -5.07932335
vt 9.88812346 -5.07704485
vt 9.88344282 -5.07476635
vt 9.87759202 -5.07191823
vt 9.88055844 -5.10596156
vt 9.87906527 -5.10524067
vt 9.87719881 -5.10433957
vt 9.87471018 -5.10313810
vt 9.87222156 -5.10193662
vt 9.86973294 -5.10073515
vt 9.86662217 -5.09923331
vt 9.85935029 -5.12823116
vt 9.85713532 -5.12717062
vt 9.85436661 -5.12584495
vt 9.85067498 -5.12407739
vt 9.84698336 -5.12230983
vt 9.84329174 -5.12054227
vt 9.83867722 -5.11833282
vt 9.83787706 -5.15036920
vt 9.83520537 -5.14910057
vt 9.83186576 -5.14751479
vt 9.82741295 -5.14540041
vt 9.82296014 -5.14328603
vt 9.81850733 -5.14117166
vt 9.81294131 -5.13852868
vt 9.81592849 -5.17227986
vt 9.81327542 -5.17103052
vt 9.80995908 -5.16946886
vt 9.80553730 -5.16738664
vt 9.80111552 -5.16530443
vt 9.79669374 -5.16322221
vt 9.79116651 -5.16061944
vt 9.79330644 -5.19387621
vt 9.79134547 -5.19296047
vt 9.78889426 -5.19181581
vt 9.78562598 -5.19028959
vt 9.78235770 -5.18876337
vt 9.77908942 -5.18723715
vt 9.77500407 -5.18532937
vt 9.77098830 -5.21561875
vt 9.76941552 -5.21489042
vt 9.76744955 -5.21398002
vt 9.76482825 -5.21276615
vt 9.76220695 -5.21155227
vt 9.75958565 -5.21033840
vt 9.75630903 -5.20882106
vt 9.75006612 -5.23800537
vt 9.74748557 -5.23682037
vt 9.74425989 -5.23533913
vt 9.73995897 -5.23336414
vt 9.73565806 -5.23138916
vt 9.73135714 -5.22941417
vt 9.72598100 -5.22694543
vt 9.72794052 -5.25983627
vt 9.72555562 -5.25875032
vt 9.72257450 -5.25739289
vt 9.71859967 -5.25558297
vt 9.71462484 -5.25377306
vt 9.71065001 -5.25196314
vt 9.70568147 -5.24970075
vt 9.70621316 -5.28184854
vt 9.70362567 -5.28068027
vt 9.70039131 -5.27921994
vt 9.69607884 -5.27727283
vt 9.69176636 -5.27532572
vt 9.68745389 -5.27337861
vt 9.68206329 -5.27094472
vt 9.68313130 -5.30325292
vt 9.68169572 -5.30261022
vt 9.67990125 -5.30180686
vt 9.67750863 -5.30073571
vt 9.67511600 -5.29966456
vt 9.67272338 -5.29859341
vt 9.66973260 -5.29725447
vt 9.66204203 -5.32555059
vt 9.65976577 -5.32454017
vt 9.65692045 -5.32327716
vt 9.65312669 -5.32159314
vt 9.64933293 -5.31990913
vt 9.64553916 -5.31822511
vt 9.64079696 -5.31612009
vt 9.64077115 -5.34776200
vt 9.63783582 -5.34647012
vt 9.63416667 -5.34485528
vt 9.62927446 -5.34270215
vt 9.62438225 -5.34054903
vt 9.61949005 -5.33839590
vt 9.61337479 -5.33570449
vt 9.61847659 -5.36952182
vt 9.61590587 -5.36840007
vt 9.61269248 -5.36699789
vt 9.60840795 -5.36512832
vt 9.60412343 -5.36325874
vt 9.59983890 -5.36138916
vt 9.59448325 -5.35905219
vt 9.59605282 -5.39122853
vt 9.59397592 -5.39033002
vt 9.59137979 -5.38920690
vt 9.58791829 -5.38770939
vt 9.58445679 -5.38621188
vt 9.58099528 -5.38471438
vt 9.57666841 -5.38284249
vt 9.57358069 -5.41291821
vt 9.57204597 -5.41225997
vt 9.57012758 -5.41143718
vt 9.56756971 -5.41034012
vt 9.56501185 -5.40924305
vt 9.56245399 -5.40814599
vt 9.55925666 -5.40677466
vt 9.55286315 -5.43535800
vt 9.55011602 -5.43418992
vt 9.54668211 -5.43272983
vt 9.54210357 -5.43078304
vt 9.53752503 -5.42883625
vt 9.53294648 -5.42688946
vt 9.52722330 -5.42445597
vt 9.53075776 -5.45720389
vt 9.52818607 -5.45611987
vt 9.52497147 -5.45476486
vt 9.52068532 -5.45295817
vt 9.51639918 -5.45115149
vt 9.51211304 -5.44934480
vt 9.50675536 -5.44708644
vt 9.50877851 -5.47910382
vt 9.50625612 -5.47804982
vt 9.50310314 -5.47673233
vt 9.49889915 -5.47497567
vt 9.49469517 -5.47321901
vt 9.49049119 -5.47146235
vt 9.48523622 -5.46926652
vt 9.48585365 -5.50061248
vt 9.48432617 -5.49997977
vt 9.48241682 -5.49918889
vt 9.47987101 -5.49813439
vt 9.47732521 -5.49707988
vt 9.47477940 -5.49602537
vt 9.47159715 -5.49470724
vn 0.031642 0.998991 -0.031871
vn -0.005345 0.997618 -0.068770
vn -0.065523 0.988684 -0.134947
vn -0.093663 0.980917 -0.170379
vn -0.085382 0.983698 -0.158267
vn -0.037776 0.996273 -0.077543
vn -0.037472 0.996326 -0.077011
vn 0.025504 0.999343 -0.025769
vn 0.000086 0.998630 -0.052321
vn -0.054669 0.992372 -0.110494
vn -0.090599 0.984220 -0.151994
vn -0.094719 0.983164 -0.156260
vn -0.056226 0.993627 -0.097691
vn -0.040133 0.996414 -0.074485
vn 0.002424 0.999994 -0.002440
vn -0.015615 0.999498 -0.027550
vn -0.069151 0.994307 -0.081062
vn -0.110137 0.986092 -0.124467
vn -0.119127 0.983723 -0.134530
vn -0.078572 0.992759 -0.090857
vn -0.050555 0.996666 -0.064041
vn 0.010266 0.999892 -0.010550
vn -0.015036 0.999529 -0.026770
vn -0.066033 0.994580 -0.080313
vn -0.107404 0.986600 -0.122823
vn -0.116889 0.984220 -0.132843
vn -0.078553 0.992939 -0.088890
vn -0.056533 0.996713 -0.058026
vn 0.000742 0.999999 -0.000745
vn -0.016181 0.999586 -0.023812
vn -0.066875 0.995037 -0.073688
vn -0.106449 0.987693 -0.114593
vn -0.115505 0.985472 -0.124511
vn -0.076748 0.993451 -0.084650
vn -0.048618 0.997046 -0.059454
vn 0.003279 0.999989 -0.003425
vn -0.019970 0.999588 -0.020604
vn -0.071596 0.994771 -0.072827
vn -0.114398 0.986879 -0.113945
vn -0.125598 0.984377 -0.123399
vn -0.086222 0.992827 -0.082823
vn -0.059074 0.996900 -0.051962
vn -0.006847 0.999951 0.007185
vn -0.023578 0.999595 -0.015936
vn -0.075673 0.994890 -0.066841
vn -0.117845 0.986998 -0.109303
vn -0.128281 0.984406 -0.120372
vn -0.087171 0.992760 -0.082631
vn -0.055664 0.996856 -0.056392
vn 0.003001 0.999990 -0.003191
vn -0.022208 0.999585 -0.018326
vn -0.074385 0.994693 -0.071088
vn -0.118431 0.986559 -0.112583
vn -0.130085 0.983913 -0.122444
vn -0.089890 0.992544 -0.082323
vn -0.062045 0.996780 -0.050797
vn 0.001432 0.999998 -0.001509
vn -0.017680 0.999539 -0.024699
vn -0.070895 0.994437 -0.077907
vn -0.112781 0.986202 -0.121183
vn -0.122531 0.983706 -0.131559
vn -0.081971 0.992636 -0.089186
vn -0.053523 0.996689 -0.061210
vn -0.000751 0.999999 0.000800
vn -0.021941 0.999579 -0.018988
vn -0.074765 0.994614 -0.071785
vn -0.118065 0.986375 -0.114563
vn -0.128909 0.983724 -0.125175
vn -0.087935 0.992495 -0.084982
vn -0.058673 0.996718 -0.055765
vn -0.000817 0.999999 0.000883
vn -0.021105 0.999575 -0.020108
vn -0.074054 0.994583 -0.072936
vn -0.116994 0.986347 -0.115898
vn -0.127567 0.983727 -0.126522
vn -0.086612 0.992526 -0.085965
vn -0.057300 0.996716 -0.057223
vn -0.006611 0.999952 0.007183
vn -0.025502 0.999576 -0.014081
vn -0.078370 0.994729 -0.066129
vn -0.122168 0.986483 -0.109207
vn -0.133496 0.983702 -0.120452
vn -0.091771 0.992352 -0.082553
vn -0.059853 0.996720 -0.054462
vn 0.010263 0.999884 -0.011261
vn -0.015449 0.999511 -0.027182
vn -0.067240 0.994438 -0.081069
vn -0.109330 0.986321 -0.123360
vn -0.119244 0.983908 -0.133061
vn -0.080395 0.992792 -0.088887
vn -0.057269 0.996715 -0.057275
vn -0.002668 0.999992 0.002964
vn -0.019194 0.999586 -0.021414
vn -0.071186 0.994825 -0.072499
vn -0.112112 0.987040 -0.114820
vn -0.121696 0.984616 -0.125387
vn -0.081463 0.992990 -0.085640
vn -0.051690 0.996864 -0.059911
vn 0.005841 0.999962 -0.006514
vn -0.019902 0.999578 -0.021144
vn -0.071795 0.994661 -0.074134
vn -0.115228 0.986607 -0.115451
vn -0.126482 0.984063 -0.124991
vn -0.086940 0.992695 -0.083661
vn -0.060727 0.996821 -0.051581
vn -0.003802 0.999984 0.004273
vn -0.020785 0.999581 -0.020122
vn -0.073597 0.994678 -0.072100
vn -0.115548 0.986599 -0.115197
vn -0.125580 0.984042 -0.126061
vn -0.084554 0.992684 -0.086197
vn -0.054038 0.996756 -0.059643
vn 0.001632 0.999997 -0.001861
vn -0.022733 0.999587 -0.017602
vn -0.075093 0.994686 -0.070429
vn -0.119149 0.986501 -0.112332
vn -0.130667 0.983827 -0.122515
vn -0.090124 0.992498 -0.082615
vn -0.061777 0.996757 -0.051567
vn 0.004077 0.999981 -0.004618
vn -0.016220 0.999504 -0.026983
vn -0.069364 0.994336 -0.080524
vn -0.111111 0.986081 -0.123684
vn -0.120731 0.983628 -0.133787
vn -0.080580 0.992645 -0.090352
vn -0.053307 0.996669 -0.061722
vn -0.004109 0.999981 0.004702
vn -0.023204 0.999584 -0.017127
vn -0.076190 0.994666 -0.069532
vn -0.119419 0.986435 -0.112626
vn -0.130252 0.983748 -0.123587
vn -0.088818 0.992467 -0.084381
vn -0.058070 0.996721 -0.056343
vn -0.000747 0.999999 0.000851
vn -0.022676 0.999585 -0.017773
vn -0.075381 0.994658 -0.070526
vn -0.119011 0.986427 -0.113128
vn -0.130113 0.983747 -0.123740
vn -0.089142 0.992475 -0.083950
vn -0.059849 0.996729 -0.054310
vn -0.003967 0.999982 0.004607
vn -0.022953 0.999586 -0.017364
vn -0.075936 0.994669 -0.069767
vn -0.119124 0.986439 -0.112909
vn -0.129942 0.983751 -0.123894
vn -0.088577 0.992467 -0.084632
vn -0.057835 0.996720 -0.056599
vn 0.009038 0.999903 -0.010588
vn -0.015538 0.999517 -0.026917
vn -0.066541 0.994535 -0.080453
vn -0.107803 0.986520 -0.123110
vn -0.117217 0.984124 -0.133265
vn -0.078696 0.992892 -0.089283
vn -0.056272 0.996704 -0.058432
vn -0.002979 0.999989 0.003527
vn -0.019169 0.999619 -0.019840
vn -0.069508 0.995196 -0.068946
vn -0.109378 0.987918 -0.109791
vn -0.118762 0.985625 -0.120161
vn -0.079578 0.993430 -0.082244
vn -0.050275 0.997063 -0.057774
vn 0.002346 0.999993 -0.002806
vn -0.022054 0.999598 -0.017812
vn -0.073916 0.994812 -0.069895
vn -0.117692 0.986906 -0.110293
vn -0.129658 0.984340 -0.119429
vn -0.089926 0.992737 -0.079912
vn -0.061370 0.996952 -0.048171
vn -0.004129 0.999979 0.004947
vn -0.021906 0.999582 -0.018892
vn -0.075076 0.994624 -0.071326
vn -0.117765 0.986390 -0.114740
vn -0.128195 0.983745 -0.125748
vn -0.086803 0.992506 -0.086001
vn -0.055994 0.996701 -0.058759
vn 0.002595 0.999992 -0.003144
vn -0.021518 0.999582 -0.019307
vn -0.074033 0.994620 -0.072454
vn -0.117799 0.986394 -0.114671
vn -0.128966 0.983750 -0.124917
vn -0.088472 0.992511 -0.084228
vn -0.060656 0.996739 -0.053222
vn 0.007535 0.999930 -0.009129
vn -0.013648 0.999426 -0.031021
vn -0.066384 0.994169 -0.084983
vn -0.107311 0.985920 -0.128239
vn -0.116320 0.983562 -0.138111
vn -0.076951 0.992703 -0.092837
vn -0.051795 0.996615 -0.063846
vn -0.004757 0.999972 0.005820
vn -0.022492 0.999600 -0.017159
vn -0.074823 0.994837 -0.068559
vn -0.117137 0.986872 -0.111188
vn -0.127563 0.984281 -0.122140
vn -0.086580 0.992729 -0.083626
vn -0.055822 0.996813 -0.056985
vn 0.000408 1.000000 -0.000519
vn -0.022769 0.999592 -0.017223
vn -0.075183 0.994722 -0.069831
vn -0.119036 0.986588 -0.111688
vn -0.130500 0.983933 -0.121843
vn -0.089893 0.992550 -0.082241
vn -0.060935 0.996804 -0.051664
vn -0.005214 0.999965 0.006471
vn -0.023235 0.999590 -0.016718
vn -0.076296 0.994699 -0.068946
vn -0.119395 0.986479 -0.112271
vn -0.130166 0.983781 -0.123418
vn -0.088651 0.992469 -0.084539
vn -0.057343 0.996717 -0.057155
vn 0.008668 0.999904 -0.010854
vn -0.016853 0.999535 -0.025417
vn -0.067912 0.994562 -0.078960
vn -0.109832 0.986520 -0.121303
vn -0.119721 0.984075 -0.131389
vn -0.080970 0.992831 -0.087924
vn -0.058168 0.996726 -0.056165
vn 0.000241 1.000000 -0.000279
vn -0.016845 0.999573 -0.023856
vn -0.067597 0.994983 -0.073759
vn -0.107319 0.987569 -0.114846
vn -0.116447 0.985316 -0.124871
vn -0.077510 0.993358 -0.085036
vn -0.049336 0.996977 -0.060017
vn -0.003191 0.999987 0.004032
vn -0.024480 0.999603 -0.013977
vn -0.076634 0.994907 -0.065484
vn -0.120536 0.986979 -0.106502
vn -0.132586 0.984326 -0.116289
vn -0.092021 0.992654 -0.078549
vn -0.061064 0.996941 -0.048776
vn -0.002367 0.999993 0.003023
vn -0.022341 0.999588 -0.017997
vn -0.075246 0.994665 -0.070570
vn -0.118471 0.986444 -0.113547
vn -0.129296 0.983776 -0.124367
vn -0.088152 0.992498 -0.084719
vn -0.058106 0.996728 -0.056194
vn 0.003716 0.999982 -0.004788
vn -0.018843 0.999544 -0.023594
vn -0.071658 0.994450 -0.077030
vn -0.114442 0.986200 -0.119636
vn -0.124835 0.983660 -0.129729
vn -0.084514 0.992578 -0.087444
vn -0.057283 0.996715 -0.057246
vn 0.005981 0.999952 -0.007743
vn -0.014786 0.999467 -0.029109
vn -0.066365 0.994368 -0.082628
vn -0.106631 0.986242 -0.126323
vn -0.115284 0.983849 -0.136935
vn -0.076297 0.992791 -0.092440
vn -0.052101 0.996595 -0.063902
vn -0.007633 0.999921 0.009968
vn -0.023920 0.999639 -0.012254
vn -0.073978 0.995412 -0.060685
vn -0.114945 0.988170 -0.101523
vn -0.125162 0.985727 -0.112594
vn -0.085275 0.993325 -0.077674
vn -0.054219 0.997097 -0.053463
vn 0.001191 0.999998 -0.001593
vn -0.023251 0.999610 -0.015489
vn -0.074972 0.994909 -0.067346
vn -0.119010 0.987057 -0.107498
vn -0.131223 0.984464 -0.116667
vn -0.091412 0.992751 -0.078031
vn -0.062165 0.996998 -0.046168
vn 0.000274 1.000000 -0.000350
vn -0.019002 0.999542 -0.023559
vn -0.072184 0.994445 -0.076612
vn -0.114357 0.986177 -0.119905
vn -0.124313 0.983636 -0.130411
vn -0.083496 0.992564 -0.088571
vn -0.054671 0.996660 -0.060664
vn 0.006291 0.999945 -0.008411
vn -0.016918 0.999516 -0.026115
vn -0.068716 0.994450 -0.079668
vn -0.110462 0.986304 -0.122484
vn -0.120168 0.983842 -0.132717
vn -0.080818 0.992726 -0.089238
vn -0.056191 0.996693 -0.058697
vn -0.000681 0.999999 0.000933
vn -0.018596 0.999583 -0.022081
vn -0.069971 0.994894 -0.072731
vn -0.110719 0.987242 -0.114434
vn -0.120321 0.984863 -0.124772
vn -0.080686 0.993103 -0.085065
vn -0.051973 0.996896 -0.059136
vn -0.005955 0.999950 0.008056
vn -0.025897 0.999600 -0.011331
vn -0.078239 0.994963 -0.062676
vn -0.122334 0.986994 -0.104293
vn -0.134390 0.984271 -0.114670
vn -0.093310 0.992580 -0.077966
vn -0.061205 0.996909 -0.049263
vn -0.001367 0.999997 0.001858
vn -0.022668 0.999595 -0.017180
vn -0.075398 0.994706 -0.069829
vn -0.118981 0.986502 -0.112502
vn -0.130080 0.983819 -0.123206
vn -0.089098 0.992500 -0.083703
vn -0.059436 0.996753 -0.054326
vn 0.003577 0.999981 -0.004920
vn -0.018136 0.999521 -0.025096
vn -0.071100 0.994368 -0.078594
vn -0.113500 0.986092 -0.121408
vn -0.123585 0.983584 -0.131489
vn -0.083219 0.992577 -0.088685
vn -0.055959 0.996686 -0.059046
vn 0.006117 0.999945 -0.008473
vn -0.014603 0.999477 -0.028866
vn -0.064556 0.994533 -0.082078
vn -0.103561 0.986567 -0.126334
vn -0.111461 0.984182 -0.137706
vn -0.073404 0.992943 -0.093145
vn -0.051591 0.996547 -0.065063
vn -0.007750 0.999911 0.010819
vn -0.022789 0.999686 -0.010402
vn -0.069862 0.996017 -0.055400
vn -0.108368 0.989673 -0.093832
vn -0.117775 0.987509 -0.104667
vn -0.079919 0.994153 -0.072615
vn -0.050141 0.997429 -0.051195
vn 0.000562 1.000000 -0.000821
vn -0.023885 0.999630 -0.013006
vn -0.074753 0.995175 -0.063551
vn -0.118623 0.987732 -0.101557
vn -0.131595 0.985240 -0.109471
vn -0.092730 0.993054 -0.072427
vn -0.062309 0.997251 -0.040102
vn 0.001023 0.999998 -0.001436
vn -0.018577 0.999525 -0.024570
vn -0.071772 0.994386 -0.077753
vn -0.113850 0.986099 -0.121026
vn -0.123707 0.983577 -0.131423
vn -0.082953 0.992560 -0.089131
vn -0.054517 0.996641 -0.061115
vn 0.007000 0.999925 -0.010006
vn -0.015894 0.999490 -0.027704
vn -0.066909 0.994448 -0.081212
vn -0.107720 0.986371 -0.124374
vn -0.116817 0.983952 -0.134880
vn -0.078052 0.992815 -0.090695
vn -0.055006 0.996653 -0.060473
vn 0.003705 0.999979 -0.005310
vn -0.014838 0.999524 -0.027045
vn -0.064820 0.994963 -0.076467
vn -0.103969 0.987720 -0.116621
vn -0.112908 0.985571 -0.126102
vn -0.074981 0.993514 -0.085487
vn -0.048432 0.997022 -0.060010
vn -0.008245 0.999895 0.011944
vn -0.025902 0.999611 -0.010377
vn -0.078217 0.995075 -0.060898
vn -0.121971 0.987281 -0.101981
vn -0.134184 0.984619 -0.111891
vn -0.093205 0.992736 -0.076073
vn -0.059927 0.997017 -0.048640
vn -0.000765 0.999999 0.001093
vn -0.023968 0.999607 -0.014525
vn -0.076424 0.994809 -0.067184
vn -0.120707 0.986652 -0.109301
vn -0.132348 0.983929 -0.119865
vn -0.091455 0.992502 -0.081087
vn -0.061934 0.996801 -0.050515
vn 0.004409 0.999969 -0.006480
vn -0.016787 0.999469 -0.027918
vn -0.069887 0.994211 -0.081615
vn -0.111801 0.985881 -0.124659
vn -0.121496 0.983418 -0.134637
vn -0.081247 0.992552 -0.090770
vn -0.054362 0.996626 -0.061494
vn 0.003915 0.999976 -0.005799
vn -0.016263 0.999520 -0.026384
vn -0.066114 0.994650 -0.079374
vn -0.105354 0.986686 -0.123898
vn -0.113450 0.984227 -0.135743
vn -0.075070 0.992903 -0.092244
vn -0.052456 0.996549 -0.064332
vn -0.009871 0.999843 0.014734
vn -0.024541 0.999680 -0.006166
vn -0.071030 0.996200 -0.050392
vn -0.109567 0.990020 -0.088635
vn -0.119155 0.987838 -0.099889
vn -0.081348 0.994244 -0.069722
vn -0.051023 0.997489 -0.049110
vn -0.001359 0.999997 0.002010
vn -0.025611 0.999633 -0.008809
vn -0.076072 0.995374 -0.058690
vn -0.120242 0.988079 -0.096132
vn -0.133702 0.985547 -0.104026
vn -0.095001 0.993102 -0.068730
vn -0.063178 0.997327 -0.036718
vn 0.004329 0.999969 -0.006554
vn -0.016667 0.999450 -0.028662
vn -0.069882 0.994143 -0.082440
vn -0.111587 0.985796 -0.125514
vn -0.121070 0.983367 -0.135391
vn -0.080670 0.992562 -0.091171
vn -0.053902 0.996600 -0.062312
vn 0.007099 0.999916 -0.010847
vn -0.015003 0.999409 -0.030944
vn -0.067302 0.994113 -0.084913
vn -0.108375 0.985821 -0.128108
vn -0.117500 0.983424 -0.138099
vn -0.078093 0.992620 -0.092773
vn -0.053561 0.996583 -0.062875
vn 0.000071 1.000000 -0.000092
vn -0.018543 0.999564 -0.022997
vn -0.070277 0.994763 -0.074214
vn -0.111363 0.986957 -0.116254
vn -0.121059 0.984540 -0.126595
vn -0.081240 0.992959 -0.086209
vn -0.052774 0.996819 -0.059719
vn -0.008595 0.999874 0.013322
vn -0.027109 0.999603 -0.007663
vn -0.079527 0.995108 -0.058621
vn -0.123826 0.987187 -0.100639
vn -0.136018 0.984410 -0.111518
vn -0.094636 0.992584 -0.076301
vn -0.061265 0.996925 -0.048862
vn 0.005107 0.999955 -0.008012
vn -0.019672 0.999553 -0.022515
vn -0.072209 0.994475 -0.076188
vn -0.115620 0.986244 -0.118130
vn -0.126477 0.983686 -0.127929
vn -0.086329 0.992574 -0.085697
vn -0.059740 0.996782 -0.053448
vn 0.003336 0.999981 -0.005232
vn -0.016436 0.999438 -0.029215
vn -0.069737 0.994122 -0.082817
vn -0.111230 0.985737 -0.126298
vn -0.120601 0.983281 -0.136434
vn -0.080172 0.992499 -0.092294
vn -0.052766 0.996536 -0.064272
vn 0.002763 0.999987 -0.004391
vn -0.018102 0.999563 -0.023360
vn -0.068067 0.994767 -0.076199
vn -0.108185 0.986818 -0.120360
vn -0.116933 0.984300 -0.132213
vn -0.078172 0.992881 -0.089872
vn -0.054795 0.996623 -0.061157
vn -0.008827 0.999861 0.014114
vn -0.023810 0.999691 -0.007153
vn -0.070684 0.996151 -0.051842
vn -0.109433 0.989879 -0.090352
vn -0.119082 0.987678 -0.101544
vn -0.081222 0.994181 -0.070755
vn -0.051105 0.997447 -0.049881
vn -0.003520 0.999978 0.005639
vn -0.026453 0.999630 -0.006306
vn -0.077016 0.995459 -0.055946
vn -0.121342 0.988174 -0.093743
vn -0.134882 0.985598 -0.101995
vn -0.095931 0.993085 -0.067676
vn -0.063089 0.997336 -0.036609
vn 0.006833 0.999915 -0.011100
vn -0.015611 0.999384 -0.031444
vn -0.068761 0.993946 -0.085697
vn -0.110381 0.985548 -0.128495
vn -0.119741 0.983174 -0.137950
vn -0.079637 0.992537 -0.092344
vn -0.054182 0.996590 -0.062225
vn 0.006503 0.999922 -0.010632
vn -0.014437 0.999361 -0.032689
vn -0.066583 0.994013 -0.086632
vn -0.106957 0.985675 -0.130401
vn -0.115581 0.983285 -0.140686
vn -0.076250 0.992573 -0.094785
vn -0.051881 0.996471 -0.065986
vn 0.000141 1.000000 -0.000220
vn -0.018745 0.999584 -0.021925
vn -0.069755 0.994939 -0.072324
vn -0.110553 0.987354 -0.113619
vn -0.120271 0.984985 -0.123854
vn -0.080902 0.993146 -0.084354
vn -0.052713 0.996917 -0.058117
vn -0.010544 0.999791 0.017512
vn -0.027898 0.999599 -0.004769
vn -0.080174 0.995258 -0.055073
vn -0.124575 0.987476 -0.096809
vn -0.137096 0.984694 -0.107622
vn -0.095796 0.992664 -0.073770
vn -0.061311 0.997002 -0.047210
vn 0.005835 0.999935 -0.009819
vn -0.020394 0.999571 -0.021043
vn -0.072723 0.994541 -0.074830
vn -0.116620 0.986348 -0.116261
vn -0.127855 0.983773 -0.125875
vn -0.087825 0.992593 -0.083937
vn -0.061475 0.996840 -0.050305
vn 0.002827 0.999985 -0.004742
vn -0.016557 0.999420 -0.029758
vn -0.069952 0.994063 -0.083338
vn -0.111303 0.985642 -0.126971
vn -0.120536 0.983191 -0.137139
vn -0.079944 0.992465 -0.092854
vn -0.052391 0.996483 -0.065396
vn 0.003673 0.999974 -0.006262
vn -0.018128 0.999546 -0.024081
vn -0.068741 0.994645 -0.077178
vn -0.109624 0.986607 -0.120783
vn -0.118864 0.984089 -0.132059
vn -0.079800 0.992795 -0.089386
vn -0.055855 0.996655 -0.059651
vn -0.006047 0.999928 0.010376
vn -0.022013 0.999687 -0.011909
vn -0.070436 0.995799 -0.058506
vn -0.109957 0.989086 -0.098076
vn -0.119699 0.986811 -0.108976
vn -0.081259 0.993838 -0.075389
vn -0.051550 0.997261 -0.053036
vn -0.003865 0.999970 0.006651
vn -0.025775 0.999639 -0.007529
vn -0.076967 0.995357 -0.057805
vn -0.121211 0.987893 -0.096828
vn -0.134205 0.985298 -0.105723
vn -0.094608 0.993004 -0.070654
vn -0.062197 0.997252 -0.040245
vn 0.007334 0.999891 -0.012781
vn -0.015645 0.999365 -0.031999
vn -0.068713 0.993891 -0.086363
vn -0.110466 0.985466 -0.129050
vn -0.119935 0.983082 -0.138437
vn -0.079934 0.992492 -0.092575
vn -0.054717 0.996596 -0.061662
vn 0.005011 0.999949 -0.008778
vn -0.015511 0.999367 -0.032012
vn -0.068606 0.993937 -0.085915
vn -0.109827 0.985483 -0.129466
vn -0.118986 0.983049 -0.139487
vn -0.078890 0.992428 -0.094148
vn -0.052550 0.996471 -0.065446
vn 0.000857 0.999998 -0.001510
vn -0.019462 0.999550 -0.022827
vn -0.072074 0.994539 -0.075478
vn -0.114337 0.986379 -0.118255
vn -0.124505 0.983837 -0.128696
vn -0.084054 0.992625 -0.087349
vn -0.055690 0.996711 -0.058868
vn -0.011517 0.999723 0.020524
vn -0.028240 0.999596 -0.003281
vn -0.080775 0.995277 -0.053837
vn -0.125205 0.987400 -0.096773
vn -0.137357 0.984548 -0.108619
vn -0.095562 0.992581 -0.075175
vn -0.060980 0.996896 -0.049789
vn 0.005538 0.999935 -0.010012
vn -0.021640 0.999602 -0.018094
vn -0.073741 0.994691 -0.071779
vn -0.118186 0.986580 -0.112658
vn -0.129905 0.983971 -0.122171
vn -0.089925 0.992636 -0.081168
vn -0.063178 0.996916 -0.046553
vn 0.005944 0.999925 -0.010737
vn -0.014344 0.999264 -0.035570
vn -0.067813 0.993649 -0.089794
vn -0.108603 0.985083 -0.133476
vn -0.117334 0.982720 -0.143161
vn -0.077122 0.992352 -0.096384
vn -0.051075 0.996354 -0.068344
vn 0.001882 0.999992 -0.003436
vn -0.018584 0.999543 -0.023823
vn -0.069750 0.994599 -0.076864
vn -0.110718 0.986475 -0.120866
vn -0.119972 0.983917 -0.132338
vn -0.080413 0.992691 -0.089996
vn -0.055038 0.996601 -0.061290
vn -0.006912 0.999895 0.012721
vn -0.023501 0.999684 -0.008892
vn -0.072445 0.995797 -0.056027
vn -0.112908 0.988955 -0.096018
vn -0.123131 0.986585 -0.107189
vn -0.084146 0.993688 -0.074184
vn -0.053755 0.997233 -0.051354
vn -0.005899 0.999923 0.010917
vn -0.026611 0.999635 -0.004675
vn -0.077935 0.995454 -0.054749
vn -0.122410 0.987987 -0.094322
vn -0.135495 0.985331 -0.103749
vn -0.095621 0.992970 -0.069766
vn -0.062252 0.997240 -0.040453
vn 0.009603 0.999792 -0.017988
vn -0.014917 0.999290 -0.034602
vn -0.067890 0.993672 -0.089481
vn -0.109662 0.985196 -0.131769
vn -0.119093 0.982865 -0.140689
vn -0.079354 0.992456 -0.093456
vn -0.055401 0.996616 -0.060727
vn 0.004934 0.999945 -0.009270
vn -0.014896 0.999305 -0.034160
vn -0.067812 0.993800 -0.088105
vn -0.108396 0.985279 -0.132193
vn -0.117087 0.982852 -0.142454
vn -0.077110 0.992356 -0.096348
vn -0.051205 0.996333 -0.068548
vn 0.000084 1.000000 -0.000159
vn -0.020091 0.999590 -0.020416
vn -0.071799 0.994811 -0.072084
vn -0.113679 0.986931 -0.114215
vn -0.123837 0.984428 -0.124761
vn -0.083825 0.992864 -0.084814
vn -0.055609 0.996828 -0.056942
vn -0.012413 0.999641 0.023762
vn -0.028495 0.999594 -0.000289
vn -0.080348 0.995522 -0.049798
vn -0.124563 0.987936 -0.092017
vn -0.136949 0.985134 -0.103715
vn -0.095714 0.992811 -0.071869
vn -0.060672 0.997034 -0.047361
vn 0.005683 0.999923 -0.011046
vn -0.022211 0.999623 -0.016170
vn -0.074034 0.994816 -0.069717
vn -0.118753 0.986825 -0.109887
vn -0.130833 0.984223 -0.119111
vn -0.091094 0.992726 -0.078724
vn -0.064051 0.997016 -0.043091
vn 0.007486 0.999866 -0.014545
vn -0.013353 0.999132 -0.039451
vn -0.066920 0.993310 -0.094110
vn -0.107337 0.984623 -0.137824
vn -0.115700 0.982324 -0.147148
vn -0.075558 0.992248 -0.098662
vn -0.050418 0.996242 -0.070430
vn 0.001987 0.999990 -0.003893
vn -0.018471 0.999505 -0.025458
vn -0.070826 0.994378 -0.078720
vn -0.112533 0.986091 -0.122311
vn -0.122196 0.983540 -0.133103
vn -0.081997 0.992530 -0.090334
vn -0.055065 0.996585 -0.061531
vn -0.004787 0.999944 0.009475
vn -0.023054 0.999656 -0.012534
vn -0.074382 0.995258 -0.062676
vn -0.116587 0.987672 -0.104459
vn -0.127268 0.985118 -0.115526
vn -0.086945 0.993052 -0.079305
vn -0.056377 0.996961 -0.053769
vn -0.006825 0.999884 0.013596
vn -0.026433 0.999638 -0.005038
vn -0.078523 0.995345 -0.055877
vn -0.123063 0.987610 -0.097371
vn -0.135543 0.984860 -0.108068
vn -0.094750 0.992776 -0.073612
vn -0.061631 0.997055 -0.045632
vn 0.008132 0.999833 -0.016395
vn -0.016685 0.999381 -0.030961
vn -0.069486 0.993906 -0.085568
vn -0.111880 0.985501 -0.127559
vn -0.121839 0.983095 -0.136670
vn -0.081945 0.992484 -0.090883
vn -0.057188 0.996710 -0.057438
vn 0.004218 0.999955 -0.008519
vn -0.015696 0.999308 -0.033726
vn -0.069107 0.993753 -0.087629
vn -0.110233 0.985174 -0.131454
vn -0.119260 0.982732 -0.141471
vn -0.078833 0.992285 -0.095687
vn -0.051995 0.996342 -0.067810
vn 0.000406 1.000000 -0.000832
vn -0.019968 0.999587 -0.020690
vn -0.071040 0.994761 -0.073512
vn -0.112390 0.986691 -0.117513
vn -0.121968 0.984080 -0.129272
vn -0.082208 0.992713 -0.088111
vn -0.056203 0.996650 -0.059416
vn -0.009888 0.999744 0.020374
vn -0.025515 0.999673 -0.001780
vn -0.073903 0.996112 -0.047961
vn -0.114657 0.989502 -0.087978
vn -0.125330 0.987080 -0.099829
vn -0.086443 0.993813 -0.069734
vn -0.054864 0.997325 -0.048295
vn 0.003727 0.999963 -0.007808
vn -0.022154 0.999648 -0.014597
vn -0.073198 0.995103 -0.066430
vn -0.116904 0.987631 -0.104493
vn -0.129184 0.985236 -0.112345
vn -0.090325 0.993187 -0.073632
vn -0.061533 0.997349 -0.038851
vn 0.007017 0.999868 -0.014686
vn -0.013818 0.999167 -0.038409
vn -0.066241 0.993475 -0.092840
vn -0.106095 0.984864 -0.137062
vn -0.114207 0.982500 -0.147141
vn -0.074642 0.992287 -0.098970
vn -0.050806 0.996208 -0.070628
vn 0.001586 0.999993 -0.003339
vn -0.017711 0.999540 -0.024600
vn -0.067999 0.994844 -0.075241
vn -0.108012 0.987235 -0.117046
vn -0.117200 0.984874 -0.127625
vn -0.078417 0.993123 -0.086935
vn -0.052072 0.996813 -0.060433
vn -0.005809 0.999907 0.012379
vn -0.023575 0.999678 -0.009387
vn -0.074200 0.995539 -0.058275
vn -0.116277 0.988318 -0.098528
vn -0.127469 0.985864 -0.108734
vn -0.087793 0.993367 -0.074262
vn -0.056492 0.997199 -0.049025
vn -0.007362 0.999848 0.015798
vn -0.026832 0.999637 -0.002239
vn -0.078702 0.995504 -0.052707
vn -0.123468 0.987895 -0.093915
vn -0.136279 0.985133 -0.104601
vn -0.095739 0.992854 -0.071233
vn -0.061995 0.997131 -0.043428
vn 0.009398 0.999747 -0.020421
vn -0.015896 0.999304 -0.033746
vn -0.068403 0.993710 -0.088666
vn -0.110357 0.985276 -0.130583
vn -0.119978 0.982930 -0.139480
vn -0.080349 0.992478 -0.092363
vn -0.056913 0.996690 -0.058044
vn 0.003622 0.999962 -0.007872
vn -0.015767 0.999307 -0.033710
vn -0.068615 0.993864 -0.086751
vn -0.109214 0.985471 -0.130074
vn -0.118082 0.983086 -0.139994
vn -0.077943 0.992438 -0.094825
vn -0.051114 0.996374 -0.068016
vn 0.000863 0.999998 -0.001911
vn -0.020457 0.999575 -0.020784
vn -0.072962 0.994612 -0.073651
vn -0.115741 0.986476 -0.116061
vn -0.126340 0.983914 -0.126296
vn -0.085899 0.992643 -0.085325
vn -0.057581 0.996801 -0.055424
vn -0.009715 0.999720 0.021587
vn -0.026359 0.999647 -0.003255
vn -0.078460 0.995487 -0.053381
vn -0.122301 0.987805 -0.096351
vn -0.134108 0.985018 -0.108418
vn -0.092940 0.992821 -0.075292
vn -0.059251 0.996943 -0.050923
vn 0.004493 0.999938 -0.010145
vn -0.022057 0.999630 -0.015904
vn -0.074007 0.994841 -0.069388
vn -0.118482 0.986887 -0.109618
vn -0.130398 0.984309 -0.118875
vn -0.090535 0.992785 -0.078619
vn -0.062959 0.997075 -0.043334
vn 0.007004 0.999850 -0.015813
vn -0.013429 0.999115 -0.039868
vn -0.064755 0.993438 -0.094271
vn -0.103484 0.984818 -0.139373
vn -0.110888 0.982418 -0.150198
vn -0.071928 0.992257 -0.101254
vn -0.049830 0.996024 -0.073844
vn 0.001493 0.999993 -0.003392
vn -0.017155 0.999572 -0.023689
vn -0.065947 0.995255 -0.071540
vn -0.104887 0.988309 -0.110654
vn -0.114046 0.986166 -0.120291
vn -0.076410 0.993702 -0.081959
vn -0.049754 0.997108 -0.057441
vn -0.004902 0.999924 0.011277
vn -0.023367 0.999666 -0.011025
vn -0.075350 0.995273 -0.061266
vn -0.118545 0.987763 -0.101353
vn -0.130499 0.985296 -0.110285
vn -0.090379 0.993136 -0.074245
vn -0.058154 0.997214 -0.046726
vn -0.007988 0.999797 0.018508
vn -0.027004 0.999635 -0.000879
vn -0.079293 0.995504 -0.051806
vn -0.124351 0.987739 -0.094382
vn -0.136966 0.984872 -0.106153
vn -0.095911 0.992708 -0.073015
vn -0.062128 0.997002 -0.046111
vn 0.009390 0.999713 -0.022044
vn -0.016131 0.999321 -0.033113
vn -0.067837 0.993819 -0.087879
vn -0.109522 0.985486 -0.129704
vn -0.119074 0.983135 -0.138804
vn -0.079859 0.992572 -0.091774
vn -0.057514 0.996732 -0.056725
vn 0.005060 0.999916 -0.011898
vn -0.014261 0.999211 -0.037072
vn -0.065854 0.993872 -0.088780
vn -0.105192 0.985817 -0.130764
vn -0.113618 0.983607 -0.140027
vn -0.074585 0.992718 -0.094594
vn -0.048884 0.996451 -0.068519
vn -0.000688 0.999998 0.001637
vn -0.021023 0.999600 -0.018902
vn -0.073578 0.994757 -0.071021
vn -0.116437 0.986785 -0.112688
vn -0.127384 0.984275 -0.122373
vn -0.086950 0.992783 -0.082588
vn -0.057312 0.996925 -0.053446
vn -0.009272 0.999709 0.022260
vn -0.026692 0.999642 -0.001575
vn -0.079251 0.995483 -0.052272
vn -0.123820 0.987707 -0.095410
vn -0.136015 0.984865 -0.107433
vn -0.094629 0.992731 -0.074369
vn -0.060618 0.996944 -0.049286
vn -0.014483 0.999284 0.034965
vn -0.026428 0.999386 0.023014
vn -0.073554 0.997037 -0.022512
vn -0.125850 0.989569 -0.070102
vn -0.147049 0.985208 -0.087992
vn -0.115793 0.990996 -0.067222
vn -0.066340 0.997163 -0.035559
f 1/1/1 8/8/8 9/9/9
f 1/1/1 9/9/9 2/2/2
f 2/2/2 9/9/9 10/10/10
f 2/2/2 10/10/10 3/3/3
f 3/3/3 10/10/10 11/11/11
f 3/3/3 11/11/11 4/4/4
f 4/4/4 11/11/11 12/12/12
f 4/4/4 12/12/12 5/5/5
f 5/5/5 12/12/12 13/13/13
f 5/5/5 13/13/13 6/6/6
f 6/6/6 13/13/13 14/14/14
f 6/6/6 14/14/14 7/7/7
f 8/8/8 15/15/15 16/16/16
f 8/8/8 16/16/16 9/9/9
f 9/9/9 16/16/16 17/17/17
f 9/9/9 17/17/17 10/10/10
f 10/10/10 17/17/17 18/18/18
f 10/10/10 18/18/18 11/11/11
f 11/11/11 18/18/18 19/19/19
f 11/11/11 19/19/19 12/12/12
f 12/12/12 19/19/19 20/20/20
f 12/12/12 20/20/20 13/13/13
f 13/13/13 20/20/20 21/21/21
f 13/13/13 21/21/21 14/14/14
f 15/15/15 22/22/22 23/23/23
f 15/15/15 23/23/23 16/16/16
f 16/16/16 23/23/23 24/24/24
f 16/16/16 24/24/24 17/17/17
f 17/17/17 24/24/24 25/25/25
f 17/17/17 25/25/25 18/18/18
f 18/18/18 25/25/25 26/26/26
f 18/18/18 26/26/26 19/19/19
f 19/19/19 26/26/26 27/27/27
f 19/19/19 27/27/27 20/20/20
f 20/20/20 27/27/27 28/28/28
f 20/20/20 28/28/28 21/21/21
f 22/22/22 29/29/29 30/30/30
f 22/22/22 30/30/30 23/23/23
f 23/23/23 30/30/30 31/31/31
f 23/23/23 31/31/31 24/24/24
f 24/24/24 31/31/31 32/32/32
f 24/24/24 32/32/32 25/25/25
f 25/25/25 32/32/32 33/33/33
f 25/25/25 33/33/33 26/26/26
f 26/26/26 33/33/33 34/34/34
f 26/26/26 34/34/34 27/27/27
f 27/27/27 34/34/34 35/35/35
f 27/27/27 35/35/35 28/28/28
f 29/29/29 36/36/36 37/37/37
f 29/29/29 37/37/37 30/30/30
f 30/30/30 37/37/37 38/38/38
f 30/30/30 38/38/38 31/31/31
f 31/31/31 38/38/38 39/39/39
f 31/31/31 39/39/39 32/32/32
f 32/32/32 39/39/39 40/40/40
f 32/32/32 40/40/40 33/33/33
f 33/33/33 40/40/40 41/41/41
f 33/33/33 41/41/41 34/34/34
f 34/34/34 41/41/41 42/42/42
f 34/34/34 42/42/42 35/35/35
f 36/36/36 43/43/43 44/44/44
f 36/36/36 44/44/44 37/37/37
f 37/37/37 44/44/44 45/45/45
f 37/37/37 45/45/45 38/38/38
f 38/38/38 45/45/45 46/46/46
f 38/38/38 46/46/46 39/39/39
f 39/39/39 46/46/46 47/47/47
f 39/39/39 47/47/47 40/40/40
f 40/40/40 47/47/47 48/48/48
f 40/40/40 48/48/48 41/41/41
f 41/41/41 48/48/48 49/49/49
f 41/41/41 49/49/49 42/42/42
f 43/43/43 50/50/50 51/51/51
f 43/43/43 51/51/51 44/44/44
f 44/44/44 51/51/51 52/52/52
f 44/44/44 52/52/52 45/45/45
f 45/45/45 52/52/52 53/53/53
f 45/45/45 53/53/53 46/46/46
f 46/46/46 53/53/53 54/54/54
f 46/46/46 54/54/54 47/47/47
f 47/47/47 54/54/54 55/55/55
f 47/47/47 55/55/55 48/48/48
f 48/48/48 55/55/55 56/56/56
f 48/48/48 56/56/56 49/49/49
f 50/50/50 57/57/57 58/58/58
f 50/50/50 58/58/58 51/51/51
f 51/51/51 58/58/58 59/59/59
f 51/51/51 59/59/59 52/52/52
f 52/52/52 59/59/59 60/60/60
f 52/52/52 60/60/60 53/53/53
f 53/53/53 60/60/60 61/61/61
f 53/53/53 61/61/61 54/54/54
f 54/54/54 61/61/61 62/62/62
f 54/54/54 62/62/62 55/55/55
f 55/55/55 62/62/62 63/63/63
f 55/55/55 63/63/63 56/56/56
f 57/57/57 64/64/64 65/65/65
f 57/57/57 65/65/65 58/58/58
f 58/58/58 65/65/65 66/66/66
f 58/58/58 66/66/66 59/59/59
f 59/59/59 66/66/66 67/67/67
f 59/59/59 67/67/67 60/60/60
f 60/60/60 67/67/67 68/68/68
f 60/60/60 68/68/68 61/61/61
f 61/61/61 68/68/68 69/69/69
f 61/61/61 69/69/69 62/62/62
f 62/62/62 69/69/69 70/70/70
f 62/62/62 70/70/70 63/63/63
f 64/64/64 71/71/71 72/72/72
f 64/64/64 72/72/72 65/65/65
f 65/65/65 72/72/72 73/73/73
f 65/65/65 73/73/73 66/66/66
f 66/66/66 73/73/73 74/74/74
f 66/66/66 74/74/74 67/67/67
f 67/67/67 74/74/74 75/75/75
f 67/67/67 75/75/75 68/68/68
f 68/68/68 75/75/75 76/76/76
f 68/68/68 76/76/76 69/69/69
f 69/69/69 76/76/76 77/77/77
f 69/69/69 77/77/77 70/70/70
f 71/71/71 78/78/78 79/79/79
f 71/71/71 79/79/79 72/72/72
f 72/72/72 79/79/79 80/80/80
f 72/72/72 80/80/80 73/73/73
f 73/73/73 80/80/80 81/81/81
f 73/73/73 81/81/81 74/74/74
f 74/74/74 81/81/81 82/82/82
f 74/74/74 82/82/82 75/75/75
f 75/75/75 82/82/82 83/83/83
f 75/75/75 83/83/83 76/76/76
f 76/76/76 83/83/83 84/84/84
f 76/76/76 84/84/84 77/77/77
f 78/78/78 85/85/85 86/86/86
f 78/78/78 86/86/86 79/79/79
f 79/79/79 86/86/86 87/87/87
f 79/79/79 87/87/87 80/80/80
f 80/80/80 87/87/87 88/88/88
f 80/80/80 88/88/88 81/81/81
f 81/81/81 88/88/88 89/89/89
f 81/81/81 89/89/89 82/82/82
f 82/82/82 89/89/89 90/90/90
f 82/82/82 90/90/90 83/83/83
f 83/83/83 90/90/90 91/91/91
f 83/83/83 91/91/91 84/84/84
f 85/85/85 92/92/92 93/93/93
f 85/85/85 93/93/93 86/86/86
f 86/86/86 93/93/93 94/94/94
f 86/86/86 94/94/94 87/87/87
f 87/87/87 94/94/94 95/95/95
f 87/87/87 95/95/95 88/88/88
f 88/88/88 95/95/95 96/96/96
f 88/88/88 96/96/96 89/89/89
f 89/89/89 96/96/96 97/97/97
f 89/89/89 97/97/97 90/90/90
f 90/90/90 97/97/97 98/98/98
f 90/90/90 98/98/98 91/91/91
f 92/92/92 99/99/99 100/100/100
f 92/92/92 100/100/100 93/93/93
f 93/93/93 100/100/100 101/101/101
f 93/93/93 101/101/101 94/94/94
f 94/94/94 101/101/101 102/102/102
f 94/94/94 102/102/102 95/95/95
f 95/95/95 102/102/102 103/103/103
f 95/95/95 103/103/103 96/96/96
f 96/96/96 103/103/103 104/104/104
f 96/96/96 104/104/104 97/97/97
f 97/97/97 104/104/104 105/105/105
f 97/97/97 105/105/105 98/98/98
f 99/99/99 106/106/106 107/107/107
f 99/99/99 107/107/107 100/100/100
f 100/100/100 107/107/107 108/108/108
f 100/100/100 108/108/108 101/101/101
f 101/101/101 108/108/108 109/109/109
f 101/101/101 109/109/109 102/102/102
f 102/102/102 109/109/109 110/110/110
f 102/102/102 110/110/110 103/103/103
f 103/103/103 110/110/110 111/111/111
f 103/103/103 111/111/111 104/104/104
f 104/104/104 111/111/111 112/112/112
f 104/104/104 112/112/112 105/105/105
f 106/106/106 113/113/113 114/114/114
f 106/106/106 114/114/114 107/107/107
f 107/107/107 114/114/114 115/115/115
f 107/107/107 115/115/115 108/108/108
f 108/108/108 115/115/115 116/116/116
f 108/108/108 116/116/116 109/109/109
f 109/109/109 116/116/116 117/117/117
f 109/109/109 117/117/117 110/110/110
f 110/110/110 117/117/117 118/118/118
f 110/110/110 118/118/118 111/111/111
f 111/111/111 118/118/118 119/119/119
f 111/111/111 119/119/119 112/112/112
f 113/113/113 120/120/120 121/121/121
f 113/113/113 121/121/121 114/114/114
f 114/114/114 121/121/121 122/122/122
f 114/114/114 122/122/122 115/115/115
f 115/115/115 122/122/122 123/123/123
f 115/115/115 123/123/123 116/116/116
f 116/116/116 123/123/123 124/124/124
f 116/116/116 124/124/124 117/117/117
f 117/117/117 124/124/124 125/125/125
f 117/117/117 125/125/125 118/118/118
f 118/118/118 125/125/125 126/126/126
f 118/118/118 126/126/126 119/119/119
f 120/120/120 127/127/127 128/128/128
f 120/120/120 128/128/128 121/121/121
f 121/121/121 128/128/128 129/129/129
f 121/121/121 129/129/129 122/122/122
f 122/122/122 129/129/129 130/130/130
f 122/122/122 130/130/130 123/123/123
f 123/123/123 130/130/130 131/131/131
f 123/123/123 131/131/131 124/124/124
f 124/124/124 131/131/131 132/132/132
f 124/124/124 132/132/132 125/125/125
f 125/125/125 132/132/132 133/133/133
f 125/125/125 133/133/133 126/126/126
f 127/127/127 134/134/134 135/135/135
f 127/127/127 135/135/135 128/128/128
f 128/128/128 135/135/135 136/136/136
f 128/128/128 136/136/136 129/129/129
f 129/129/129 136/136/136 137/137/137
f 129/129/129 137/137/137 130/130/130
f 130/130/130 137/137/137 138/138/138
f 130/130/130 138/138/138 131/131/131
f 131/131/131 138/138/138 139/139/139
f 131/131/131 139/139/139 132/132/132
f 132/132/132 139/139/139 140/140/140
f 132/132/132 140/140/140 133/133/133
f 134/134/134 141/141/141 142/142/142
f 134/134/134 142/142/142 135/135/135
f 135/135/135 142/142/142 143/143/143
f 135/135/135 143/143/143 136/136/136
f 136/136/136 143/143/143 144/144/144
f 136/136/136 144/144/144 137/137/137
f 137/137/137 144/144/144 145/145/145
f 137/137/137 145/145/145 138/138/138
f 138/138/138 145/145/145 146/146/146
f 138/138/138 146/146/146 139/139/139
f 139/139/139 146/146/146 147/147/147
f 139/139/139 147/147/147 140/140/140
f 141/141/141 148/148/148 149/149/149
f 141/141/141 149/149/149 142/142/142
f 142/142/142 149/149/149 150/150/150
f 142/142/142 150/150/150 143/143/143
f 143/143/143 150/150/150 151/151/151
f 143/143/143 151/151/151 144/144/144
f 144/144/144 151/151/151 152/152/152
f 144/144/144 152/152/152 145/145/145
f 145/145/145 152/152/152 153/153/153
f 145/145/145 153/153/153 146/146/146
f 146/146/146 153/153/153 154/154/154
f 146/146/146 154/154/154 147/147/147
f 148/148/148 155/155/155 156/156/156
f 148/148/148 156/156/156 149/149/149
f 149/149/149 156/156/156 157/157/157
f 149/149/149 157/157/157 150/150/150
f 150/150/150 157/157/157 158/158/158
f 150/150/150 158/158/158 151/151/151
f 151/151/151 158/158/158 159/159/159
f 151/151/151 159/159/159 152/152/152
f 152/152/152 159/159/159 160/160/160
f 152/152/152 160/160/160 153/153/153
f 153/153/153 160/160/160 161/161/161
f 153/153/153 161/161/161 154/154/154
f 155/155/155 162/162/162 163/163/163
f 155/155/155 163/163/163 156/156/156
f 156/156/156 163/163/163 164/164/164
f 156/156/156 164/164/164 157/157/157
f 157/157/157 164/164/164 165/165/165
f 157/157/157 165/165/165 158/158/158
f 158/158/158 165/165/165 166/166/166
f 158/158/158 166/166/166 159/159/159
f 159/159/159 166/166/166 167/167/167
f 159/159/159 167/167/167 160/160/160
f 160/160/160 167/167/167 168/168/168
f 160/160/160 168/168/168 161/161/161
f 162/162/162 169/169/169 170/170/170
f 162/162/162 170/170/170 163/163/163
f 163/163/163 170/170/170 171/171/171
f 163/163/163 171/171/171 164/164/164
f 164/164/164 171/171/171 172/172/172
f 164/164/164 172/172/172 165/165/165
f 165/165/165 172/172/172 173/173/173
f 165/165/165 173/173/173 166/166/166
f 166/166/166 173/173/173 174/174/174
f 166/166/166 174/174/174 167/167/167
f 167/167/167 174/174/174 175/175/175
f 167/167/167 175/175/175 168/168/168
f 169/169/169 176/176/176 177/177/177
f 169/169/169 177/177/177 170/170/170
f 170/170/170 177/177/177 178/178/178
f 170/170/170 178/178/178 171/171/171
f 171/171/171 178/178/178 179/179/179
f 171/171/171 179/179/179 172/172/172
f 172/172/172 179/179/179 180/180/180
f 172/172/172 180/180/180 173/173/173
f 173/173/173 180/180/180 181/181/181
f 173/173/173 181/181/181 174/174/174
f 174/174/174 181/181/181 182/182/182
f 174/174/174 182/182/182 175/175/175
f 176/176/176 183/183/183 184/184/184
f 176/176/176 184/184/184 177/177/177
f 177/177/177 184/184/184 185/185/185
f 177/177/177 185/185/185 178/178/178
f 178/178/178 185/185/185 186/186/186
f 178/178/178 186/186/186 179/179/179
f 179/179/179 186/186/186 187/187/187
f 179/179/179 187/187/187 180/180/180
f 180/180/180 187/187/187 188/188/188
f 180/180/180 188/188/188 181/181/181
f 181/181/181 188/188/188 189/189/189
f 181/181/181 189/189/189 182/182/182
f 183/183/183 190/190/190 191/191/191
f 183/183/183 191/191/191 184/184/184
f 184/184/184 191/191/191 192/192/192
f 184/184/184 192/192/192 185/185/185
f 185/185/185 192/192/192 193/193/193
f 185/185/185 193/193/193 186/186/186
f 186/186/186 193/193/193 194/194/194
f 186/186/186 194/194/194 187/187/187
f 187/187/187 194/194/194 195/195/195
f 187/187/187 195/195/195 188/188/188
f 188/188/188 195/195/195 196/196/196
f 188/188/188 196/196/196 189/189/189
f 190/190/190 197/197/197 198/198/198
f 190/190/190 198/198/198 191/191/191
f 191/191/191 198/198/198 199/199/199
f 191/191/191 199/199/199 192/192/192
f 192/192/192 199/199/199 200/200/200
f 192/192/192 200/200/200 193/193/193
f 193/193/193 200/200/200 201/201/201
f 193/193/193 201/201/201 194/194/194
f 194/194/194 201/201/201 202/202/202
f 194/194/194 202/202/202 195/195/195
f 195/195/195 202/202/202 203/203/203
f 195/195/195 203/203/203 196/196/196
f 197/197/197 204/204/204 205/205/205
f 197/197/197 205/205/205 198/198/198
f 198/198/198 205/205/205 206/206/206
f 198/198/198 206/206/206 199/199/199
f 199/199/199 206/206/206 207/207/207
f 199/199/199 207/207/207 200/200/200
f 200/200/200 207/207/207 208/208/208
f 200/200/200 208/208/208 201/201/201
f 201/201/201 208/208/208 209/209/209
f 201/201/201 209/209/209 202/202/202
f 202/202/202 209/209/209 210/210/210
f 202/202/202 210/210/210 203/203/203
f 204/204/204 211/211/211 212/212/212
f 204/204/204 212/212/212 205/205/205
f 205/205/205 212/212/212 213/213/213
f 205/205/205 213/213/213 206/206/206
f 206/206/206 213/213/213 214/214/214
f 206/206/206 214/214/214 207/207/207
f 207/207/207 214/214/214 215/215/215
f 207/207/207 215/215/215 208/208/208
f 208/208/208 215/215/215 216/216/216
f 208/208/208 216/216/216 209/209/209
f 209/209/209 216/216/216 217/217/217
f 209/209/209 217/217/217 210/210/210
f 211/211/211 218/218/218 219/219/219
f 211/211/211 219/219/219 212/212/212
f 212/212/212 219/219/219 220/220/220
f 212/212/212 220/220/220 213/213/213
f 213/213/213 220/220/220 221/221/221
f 213/213/213 221/221/221 214/214/214
f 214/214/214 221/221/221 222/222/222
f 214/214/214 222/222/222 215/215/215
f 215/215/215 222/222/222 223/223/223
f 215/215/215 223/223/223 216/216/216
f 216/216/216 223/223/223 224/224/224
f 216/216/216 224/224/224 217/217/217
f 218/218/218 225/225/225 226/226/226
f 218/218/218 226/226/226 219/219/219
f 219/219/219 226/226/226 227/227/227
f 219/219/219 227/227/227 220/220/220
f 220/220/220 227/227/227 228/228/228
f 220/220/220 228/228/228 221/221/221
f 221/221/221 228/228/228 229/229/229
f 221/221/221 229/229/229 222/222/222
f 222/222/222 229/229/229 230/230/230
f 222/222/222 230/230/230 223/223/223
f 223/223/223 230/230/230 231/231/231
f 223/223/223 231/231/231 224/224/224
f 225/225/225 232/232/232 233/233/233
f 225/225/225 233/233/233 226/226/226
f 226/226/226 233/233/233 234/234/234
f 226/226/226 234/234/234 227/227/227
f 227/227/227 234/234/234 235/235/235
f 227/227/227 235/235/235 228/228/228
f 228/228/228 235/235/235 236/236/236
f 228/228/228 236/236/236 229/229/229
f 229/229/229 236/236/236 237/237/237
f 229/229/229 237/237/237 230/230/230
f 230/230/230 237/237/237 238/238/238
f 230/230/230 238/238/238 231/231/231
f 232/232/232 239/239/239 240/240/240
f 232/232/232 240/240/240 233/233/233
f 233/233/233 240/240/240 241/241/241
f 233/233/233 241/241/241 234/234/234
f 234/234/234 241/241/241 242/242/242
f 234/234/234 242/242/242 235/235/235
f 235/235/235 242/242/242 243/243/243
f 235/235/235 243/243/243 236/236/236
f 236/236/236 243/243/243 244/244/244
f 236/236/236 244/244/244 237/237/237
f 237/237/237 244/244/244 245/245/245
f 237/237/237 245/245/245 238/238/238
f 239/239/239 246/246/246 247/247/247
f 239/239/239 247/247/247 240/240/240
f 240/240/240 247/247/247 248/248/248
f 240/240/240 248/248/248 241/241/241
f 241/241/241 248/248/248 249/249/249
f 241/241/241 249/249/249 242/242/242
f 242/242/242 249/249/249 250/250/250
f 242/242/242 250/250/250 243/243/243
f 243/243/243 250/250/250 251/251/251
f 243/243/243 251/251/251 244/244/244
f 244/244/244 251/251/251 252/252/252
f 244/244/244 252/252/252 245/245/245
f 246/246/246 253/253/253 254/254/254
f 246/246/246 254/254/254 247/247/247
f 247/247/247 254/254/254 255/255/255
f 247/247/247 255/255/255 248/248/248
f 248/248/248 255/255/255 256/256/256
f 248/248/248 256/256/256 249/249/249
f 249/249/249 256/256/256 257/257/257
f 249/249/249 257/257/257 250/250/250
f 250/250/250 257/257/257 258/258/258
f 250/250/250 258/258/258 251/251/251
f 251/251/251 258/258/258 259/259/259
f 251/251/251 259/259/259 252/252/252
f 253/253/253 260/260/260 261/261/261
f 253/253/253 261/261/261 254/254/254
f 254/254/254 261/261/261 262/262/262
f 254/254/254 262/262/262 255/255/255
f 255/255/255 262/262/262 263/263/263
f 255/255/255 263/263/263 256/256/256
f 256/256/256 263/263/263 264/264/264
f 256/256/256 264/264/264 257/257/257
f 257/257/257 264/264/264 265/265/265
f 257/257/257 265/265/265 258/258/258
f 258/258/258 265/265/265 266/266/266
f 258/258/258 266/266/266 259/259/259
f 260/260/260 267/267/267 268/268/268
f 260/260/260 268/268/268 261/261/261
f 261/261/261 268/268/268 269/269/269
f 261/261/261 269/269/269 262/262/262
f 262/262/262 269/269/269 270/270/270
f 262/262/262 270/270/270 263/263/263
f 263/263/263 270/270/270 271/271/271
f 263/263/263 271/271/271 264/264/264
f 264/264/264 271/271/271 272/272/272
f 264/264/264 272/272/272 265/265/265
f 265/265/265 272/272/272 273/273/273
f 265/265/265 273/273/273 266/266/266
f 267/267/267 274/274/274 275/275/275
f 267/267/267 275/275/275 268/268/268
f 268/268/268 275/275/275 276/276/276
f 268/268/268 276/276/276 269/269/269
f 269/269/269 276/276/276 277/277/277
f 269/269/269 277/277/277 270/270/270
f 270/270/270 277/277/277 278/278/278
f 270/270/270 278/278/278 271/271/271
f 271/271/271 278/278/278 279/279/279
f 271/271/271 279/279/279 272/272/272
f 272/272/272 279/279/279 280/280/280
f 272/272/272 280/280/280 273/273/273
f 274/274/274 281/281/281 282/282/282
f 274/274/274 282/282/282 275/275/275
f 275/275/275 282/282/282 283/283/283
f 275/275/275 283/283/283 276/276/276
f 276/276/276 283/283/283 284/284/284
f 276/276/276 284/284/284 277/277/277
f 277/277/277 284/284/284 285/285/285
f 277/277/277 285/285/285 278/278/278
f 278/278/278 285/285/285 286/286/286
f 278/278/278 286/286/286 279/279/279
f 279/279/279 286/286/286 287/287/287
f 279/279/279 287/287/287 280/280/280
f 281/281/281 288/288/288 289/289/289
f 281/281/281 289/289/289 282/282/282
f 282/282/282 289/289/289 290/290/290
f 282/282/282 290/290/290 283/283/283
f 283/283/283 290/290/290 291/291/291
f 283/283/283 291/291/291 284/284/284
f 284/284/284 291/291/291 292/292/292
f 284/284/284 292/292/292 285/285/285
f 285/285/285 292/292/292 293/293/293
f 285/285/285 293/293/293 286/286/286
f 286/286/286 293/293/293 294/294/294
f 286/286/286 294/294/294 287/287/287
f 288/288/288 295/295/295 296/296/296
f 288/288/288 296/296/296 289/289/289
f 289/289/289 296/296/296 297/297/297
f 289/289/289 297/297/297 290/290/290
f 290/290/290 297/297/297 298/298/298
f 290/290/290 298/298/298 291/291/291
f 291/291/291 298/298/298 299/299/299
f 291/291/291 299/299/299 292/292/292
f 292/292/292 299/299/299 300/300/300
f 292/292/292 300/300/300 293/293/293
f 293/293/293 300/300/300 301/301/301
f 293/293/293 301/301/301 294/294/294
f 295/295/295 302/302/302 303/303/303
f 295/295/295 303/303/303 296/296/296
f 296/296/296 303/303/303 304/304/304
f 296/296/296 304/304/304 297/297/297
f 297/297/297 304/304/304 305/305/305
f 297/297/297 305/305/305 298/298/298
f 298/298/298 305/305/305 306/306/306
f 298/298/298 306/306/306 299/299/299
f 299/299/299 306/306/306 307/307/307
f 299/299/299 307/307/307 300/300/300
f 300/300/300 307/307/307 308/308/308
f 300/300/300 308/308/308 301/301/301
f 302/302/302 309/309/309 310/310/310
f 302/302/302 310/310/310 303/303/303
f 303/303/303 310/310/310 311/311/311
f 303/303/303 311/311/311 304/304/304
f 304/304/304 311/311/311 312/312/312
f 304/304/304 312/312/312 305/305/305
f 305/305/305 312/312/312 313/313/313
f 305/305/305 313/313/313 306/306/306
f 306/306/306 313/313/313 314/314/314
f 306/306/306 314/314/314 307/307/307
f 307/307/307 314/314/314 315/315/315
f 307/307/307 315/315/315 308/308/308
f 309/309/309 316/316/316 317/317/317
f 309/309/309 317/317/317 310/310/310
f 310/310/310 317/317/317 318/318/318
f 310/310/310 318/318/318 311/311/311
f 311/311/311 318/318/318 319/319/319
f 311/311/311 319/319/319 312/312/312
f 312/312/312 319/319/319 320/320/320
f 312/312/312 320/320/320 313/313/313
f 313/313/313 320/320/320 321/321/321
f 313/313/313 321/321/321 314/314/314
f 314/314/314 321/321/321 322/322/322
f 314/314/314 322/322/322 315/315/315
f 316/316/316 323/323/323 324/324/324
f 316/316/316 324/324/324 317/317/317
f 317/317/317 324/324/324 325/325/325
f 317/317/317 325/325/325 318/318/318
f 318/318/318 325/325/325 326/326/326
f 318/318/318 326/326/326 319/319/319
f 319/319/319 326/326/326 327/327/327
f 319/319/319 327/327/327 320/320/320
f 320/320/320 327/327/327 328/328/328
f 320/320/320 328/328/328 321/321/321
f 321/321/321 328/328/328 329/329/329
f 321/321/321 329/329/329 322/322/322
f 323/323/323 330/330/330 331/331/331
f 323/323/323 331/331/331 324/324/324
f 324/324/324 331/331/331 332/332/332
f 324/324/324 332/332/332 325/325/325
f 325/325/325 332/332/332 333/333/333
f 325/325/325 333/333/333 326/326/326
f 326/326/326 333/333/333 334/334/334
f 326/326/326 334/334/334 327/327/327
f 327/327/327 334/334/334 335/335/335
f 327/327/327 335/335/335 328/328/328
f 328/328/328 335/335/335 336/336/336
f 328/328/328 336/336/336 329/329/329
f 330/330/330 337/337/337 338/338/338
f 330/330/330 338/338/338 331/331/331
f 331/331/331 338/338/338 339/339/339
f 331/331/331 339/339/339 332/332/332
f 332/332/332 339/339/339 340/340/340
f 332/332/332 340/340/340 333/333/333
f 333/333/333 340/340/340 341/341/341
f 333/333/333 341/341/341 334/334/334
f 334/334/334 341/341/341 342/342/342
f 334/334/334 342/342/342 335/335/335
f 335/335/335 342/342/342 343/343/343
f 335/335/335 343/343/343 336/336/336
f 337/337/337 344/344/344 345/345/345
f 337/337/337 345/345/345 338/338/338
f 338/338/338 345/345/345 346/346/346
f 338/338/338 346/346/346 339/339/339
f 339/339/339 346/346/346 347/347/347
f 339/339/339 347/347/347 340/340/340
f 340/340/340 347/347/347 348/348/348
f 340/340/340 348/348/348 341/341/341
f 341/341/341 348/348/348 349/349/349
f 341/341/341 349/349/349 342/342/342
f 342/342/342 349/349/349 350/350/350
f 342/342/342 350/350/350 343/343/343
f 344/344/344 351/351/351 352/352/352
f 344/344/344 352/352/352 345/345/345
f 345/345/345 352/352/352 353/353/353
f 345/345/345 353/353/353 346/346/346
f 346/346/346 353/353/353 354/354/354
f 346/346/346 354/354/354 347/347/347
f 347/347/347 354/354/354 355/355/355
f 347/347/347 355/355/355 348/348/348
f 348/348/348 355/355/355 356/356/356
f 348/348/348 356/356/356 349/349/349
f 349/349/349 356/356/356 357/357/357
f 349/349/349 357/357/357 350/350/350
f 351/351/351 358/358/358 359/359/359
f 351/351/351 359/359/359 352/352/352
f 352/352/352 359/359/359 360/360/360
f 352/352/352 360/360/360 353/353/353
f 353/353/353 360/360/360 361/361/361
f 353/353/353 361/361/361 354/354/354
f 354/354/354 361/361/361 362/362/362
f 354/354/354 362/362/362 355/355/355
f 355/355/355 362/362/362 363/363/363
f 355/355/355 363/363/363 356/356/356
f 356/356/356 363/363/363 364/364/364
f 356/356/356 364/364/364 357/357/357
f 358/358/358 365/365/365 366/366/366
f 358/358/358 366/366/366 359/359/359
f 359/359/359 366/366/366 367/367/367
f 359/359/359 367/367/367 360/360/360
f 360/360/360 367/367/367 368/368/368
f 360/360/360 368/368/368 361/361/361
f 361/361/361 368/368/368 369/369/369
f 361/361/361 369/369/369 362/362/362
f 362/362/362 369/369/369 370/370/370
f 362/362/362 370/370/370 363/363/363
f 363/363/363 370/370/370 371/371/371
f 363/363/363 371/371/371 364/364/364
f 365/365/365 372/372/372 373/373/373
f 365/365/365 373/373/373 366/366/366
f 366/366/366 373/373/373 374/374/374
f 366/366/366 374/374/374 367/367/367
f 367/367/367 374/374/374 375/375/375
f 367/367/367 375/375/375 368/368/368
f 368/368/368 375/375/375 376/376/376
f 368/368/368 376/376/376 369/369/369
f 369/369/369 376/376/376 377/377/377
f 369/369/369 377/377/377 370/370/370
f 370/370/370 377/377/377 378/378/378
f 370/370/370 378/378/378 371/371/371
f 372/372/372 379/379/379 380/380/380
f 372/372/372 380/380/380 373/373/373
f 373/373/373 380/380/380 381/381/381
f 373/373/373 381/381/381 374/374/374
f 374/374/374 381/381/381 382/382/382
f 374/374/374 382/382/382 375/375/375
f 375/375/375 382/382/382 383/383/383
f 375/375/375 383/383/383 376/376/376
f 376/376/376 383/383/383 384/384/384
f 376/376/376 384/384/384 377/377/377
f 377/377/377 384/384/384 385/385/385
f 377/377/377 385/385/385 378/378/378
f 379/379/379 386/386/386 387/387/387
f 379/379/379 387/387/387 380/380/380
f 380/380/380 387/387/387 388/388/388
f 380/380/380 388/388/388 381/381/381
f 381/381/381 388/388/388 389/389/389
f 381/381/381 389/389/389 382/382/382
f 382/382/382 389/389/389 390/390/390
f 382/382/382 390/390/390 383/383/383
f 383/383/383 390/390/390 391/391/391
f 383/383/383 391/391/391 384/384/384
f 384/384/384 391/391/391 392/392/392
f 384/384/384 392/392/392 385/385/385
f 386/386/386 393/393/393 394/394/394
f 386/386/386 394/394/394 387/387/387
f 387/387/387 394/394/394 395/395/395
f 387/387/387 395/395/395 388/388/388
f 388/388/388 395/395/395 396/396/396
f 388/388/388 396/396/396 389/389/389
f 389/389/389 396/396/396 397/397/397
f 389/389/389 397/397/397 390/390/390
f 390/390/390 397/397/397 398/398/398
f 390/390/390 398/398/398 391/391/391
f 391/391/391 398/398/398 399/399/399
f 391/391/391 399/399/399 392/392/392
f 393/393/393 400/400/400 401/401/401
f 393/393/393 401/401/401 394/394/394
f 394/394/394 401/401/401 402/402/402
f 394/394/394 402/402/402 395/395/395
f 395/395/395 402/402/402 403/403/403
f 395/395/395 403/403/403 396/396/396
f 396/396/396 403/403/403 404/404/404
f 396/396/396 404/404/404 397/397/397
f 397/397/397 404/404/404 405/405/405
f 397/397/397 405/405/405 398/398/398
f 398/398/398 405/405/405 406/406/406
f 398/398/398 406/406/406 399/399/399
f 400/400/400 407/407/407 408/408/408
f 400/400/400 408/408/408 401/401/401
f 401/401/401 408/408/408 409/409/409
f 401/401/401 409/409/409 402/402/402
f 402/402/402 409/409/409 410/410/410
f 402/402/402 410/410/410 403/403/403
f 403/403/403 410/410/410 411/411/411
f 403/403/403 411/411/411 404/404/404
f 404/404/404 411/411/411 412/412/412
f 404/404/404 412/412/412 405/405/405
f 405/405/405 412/412/412 413/413/413
f 405/405/405 413/413/413 406/406/406
f 407/407/407 414/414/414 415/415/415
f 407/407/407 415/415/415 408/408/408
f 408/408/408 415/415/415 416/416/416
f 408/408/408 416/416/416 409/409/409
f 409/409/409 416/416/416 417/417/417
f 409/409/409 417/417/417 410/410/410
f 410/410/410 417/417/417 418/418/418
f 410/410/410 418/418/418 411/411/411
f 411/411/411 418/418/418 419/419/419
f 411/411/411 419/419/419 412/412/412
f 412/412/412 419/419/419 420/420/420
f 412/412/412 420/420/420 413/413/413
f 414/414/414 421/421/421 422/422/422
f 414/414/414 422/422/422 415/415/415
f 415/415/415 422/422/422 423/423/423
f 415/415/415 423/423/423 416/416/416
f 416/416/416 423/423/423 424/424/424
f 416/416/416 424/424/424 417/417/417
f 417/417/417 424/424/424 425/425/425
f 417/417/417 425/425/425 418/418/418
f 418/418/418 425/425/425 426/426/426
f 418/418/418 426/426/426 419/419/419
f 419/419/419 426/426/426 427/427/427
f 419/419/419 427/427/427 420/420/420
f 421/421/421 428/428/428 429/429/429
f 421/421/421 429/429/429 422/422/422
f 422/422/422 429/429/429 430/430/430
f 422/422/422 430/430/430 423/423/423
f 423/423/423 430/430/430 431/431/431
f 423/423/423 431/431/431 424/424/424
f 424/424/424 431/431/431 432/432/432
f 424/424/424 432/432/432 425/425/425
f 425/425/425 432/432/432 433/433/433
f 425/425/425 433/433/433 426/426/426
f 426/426/426 433/433/433 434/434/434
f 426/426/426 434/434/434 427/427/427
f 428/428/428 435/435/435 436/436/436
f 428/428/428 436/436/436 429/429/429
f 429/429/429 436/436/436 437/437/437
f 429/429/429 437/437/437 430/430/430
f 430/430/430 437/437/437 438/438/438
f 430/430/430 438/438/438 431/431/431
f 431/431/431 438/438/438 439/439/439
f 431/431/431 439/439/439 432/432/432
f 432/432/432 439/439/439 440/440/440
f 432/432/432 440/440/440 433/433/433
f 433/433/433 440/440/440 441/441/441
f 433/433/433 441/441/441 434/434/434
f 435/435/435 442/442/442 443/443/443
f 435/435/435 443/443/443 436/436/436
f 436/436/436 443/443/443 444/444/444
f 436/436/436 444/444/444 437/437/437
f 437/437/437 444/444/444 445/445/445
f 437/437/437 445/445/445 438/438/438
f 438/438/438 445/445/445 446/446/446
f 438/438/438 446/446/446 439/439/439
f 439/439/439 446/446/446 447/447/447
f 439/439/439 447/447/447 440/440/440
f 440/440/440 447/447/447 448/448/448
f 440/440/440 448/448/448 441/441/441
f 442/442/442 449/449/449 450/450/450
f 442/442/442 450/450/450 443/443/443
f 443/443/443 450/450/450 451/451/451
f 443/443/443 451/451/451 444/444/444
f 444/444/444 451/451/451 452/452/452
f 444/444/444 452/452/452 445/445/445
f 445/445/445 452/452/452 453/453/453
f 445/445/445 453/453/453 446/446/446
f 446/446/446 453/453/453 454/454/454
f 446/446/446 454/454/454 447/447/447
f 447/447/447 454/454/454 455/455/455
f 447/447/447 455/455/455 448/448/448
f 449/449/449 456/456/456 457/457/457
f 449/449/449 457/457/457 450/450/450
f 450/450/450 457/457/457 458/458/458
f 450/450/450 458/458/458 451/451/451
f 451/451/451 458/458/458 459/459/459
f 451/451/451 459/459/459 452/452/452
f 452/452/452 459/459/459 460/460/460
f 452/452/452 460/460/460 453/453/453
f 453/453/453 460/460/460 461/461/461
f 453/453/453 461/461/461 454/454/454
f 454/454/454 461/461/461 462/462/462
f 454/454/454 462/462/462 455/455/455
f 456/456/456 463/463/463 464/464/464
f 456/456/456 464/464/464 457/457/457
f 457/457/457 464/464/464 465/465/465
f 457/457/457 465/465/465 458/458/458
f 458/458/458 465/465/465 466/466/466
f 458/458/458 466/466/466 459/459/459
f 459/459/459 466/466/466 467/467/467
f 459/459/459 467/467/467 460/460/460
f 460/460/460 467/467/467 468/468/468
f 460/460/460 468/468/468 461/461/461
f 461/461/461 468/468/468 469/469/469
f 461/461/461 469/469/469 462/462/462
f 463/463/463 470/470/470 471/471/471
f 463/463/463 471/471/471 464/464/464
f 464/464/464 471/471/471 472/472/472
f 464/464/464 472/472/472 465/465/465
f 465/465/465 472/472/472 473/473/473
f 465/465/465 473/473/473 466/466/466
f 466/466/466 473/473/473 474/474/474
f 466/466/466 474/474/474 467/467/467
f 467/467/467 474/474/474 475/475/475
f 467/467/467 475/475/475 468/468/468
f 468/468/468 475/475/475 476/476/476
f 468/468/468 476/476/476 469/469/469
f 470/470/470 477/477/477 478/478/478
f 470/470/470 478/478/478 471/471/471
f 471/471/471 478/478/478 479/479/479
f 471/471/471 479/479/479 472/472/472
f 472/472/472 479/479/479 480/480/480
f 472/472/472 480/480/480 473/473/473
f 473/473/473 480/480/480 481/481/481
f 473/473/473 481/481/481 474/474/474
f 474/474/474 481/481/481 482/482/482
f 474/474/474 482/482/482 475/475/475
f 475/475/475 482/482/482 483/483/483
f 475/475/475 483/483/483 476/476/476
f 477/477/477 484/484/484 485/485/485
f 477/477/477 485/485/485 478/478/478
f 478/478/478 485/485/485 486/486/486
f 478/478/478 486/486/486 479/479/479
f 479/479/479 486/486/486 487/487/487
f 479/479/479 487/487/487 480/480/480
f 480/480/480 487/487/487 488/488/488
f 480/480/480 488/488/488 481/481/481
f 481/481/481 488/488/488 489/489/489
f 481/481/481 489/489/489 482/482/482
f 482/482/482 489/489/489 490/490/490
f 482/482/482 490/490/490 483/483/483
f 484/484/484 491/491/491 492/492/492
f 484/484/484 492/492/492 485/485/485
f 485/485/485 492/492/492 493/493/493
f 485/485/485 493/493/493 486/486/486
f 486/486/486 493/493/493 494/494/494
f 486/486/486 494/494/494 487/487/487
f 487/487/487 494/494/494 495/495/495
f 487/487/487 495/495/495 488/488/488
f 488/488/488 495/495/495 496/496/496
f 488/488/488 496/496/496 489/489/489
f 489/489/489 496/496/496 497/497/497
f 489/489/489 497/497/497 490/490/490
f 491/491/491 498/498/498 499/499/499
f 491/491/491 499/499/499 492/492/492
f 492/492/492 499/499/499 500/500/500
f 492/492/492 500/500/500 493/493/493
f 493/493/493 500/500/500 501/501/501
f 493/493/493 501/501/501 494/494/494
f 494/494/494 501/501/501 502/502/502
f 494/494/494 502/502/502 495/495/495
f 495/495/495 502/502/502 503/503/503
f 495/495/495 503/503/503 496/496/496
f 496/496/496 503/503/503 504/504/504
f 496/496/496 504/504/504 497/497/497
f 498/498/498 505/505/505 506/506/506
f 498/498/498 506/506/506 499/499/499
f 499/499/499 506/506/506 507/507/507
f 499/499/499 507/507/507 500/500/500
f 500/500/500 507/507/507 508/508/508
f 500/500/500 508/508/508 501/501/501
f 501/501/501 508/508/508 509/509/509
f 501/501/501 509/509/509 502/502/502
f 502/502/502 509/509/509 510/510/510
f 502/502/502 510/510/510 503/503/503
f 503/503/503 510/510/510 511/511/511
f 503/503/503 511/511/511 504/504/504
f 505/505/505 512/512/512 513/513/513
f 505/505/505 513/513/513 506/506/506
f 506/506/506 513/513/513 514/514/514
f 506/506/506 514/514/514 507/507/507
f 507/507/507 514/514/514 515/515/515
f 507/507/507 515/515/515 508/508/508
f 508/508/508 515/515/515 516/516/516
f 508/508/508 516/516/516 509/509/509
f 509/509/509 516/516/516 517/517/517
f 509/509/509 517/517/517 510/510/510
f 510/510/510 517/517/517 518/518/518
f 510/510/510 518/518/518 511/511/511
f 512/512/512 519/519/519 520/520/520
f 512/512/512 520/520/520 513/513/513
f 513/513/513 520/520/520 521/521/521
f 513/513/513 521/521/521 514/514/514
f 514/514/514 521/521/521 522/522/522
f 514/514/514 522/522/522 515/515/515
f 515/515/515 522/522/522 523/523/523
f 515/515/515 523/523/523 516/516/516
f 516/516/516 523/523/523 524/524/524
f 516/516/516 524/524/524 517/517/517
f 517/517/517 524/524/524 525/525/525
f 517/517/517 525/525/525 518/518/518
f 519/519/519 526/526/526 527/527/527
f 519/519/519 527/527/527 520/520/520
f 520/520/520 527/527/527 528/528/528
f 520/520/520 528/528/528 521/521/521
f 521/521/521 528/528/528 529/529/529
f 521/521/521 529/529/529 522/522/522
f 522/522/522 529/529/529 530/530/530
f 522/522/522 530/530/530 523/523/523
f 523/523/523 530/530/530 531/531/531
f 523/523/523 531/531/531 524/524/524
f 524/524/524 531/531/531 532/532/532
f 524/524/524 532/532/532 525/525/525
f 526/526/526 533/533/533 534/534/534
f 526/526/526 534/534/534 527/527/527
f 527/527/527 534/534/534 535/535/535
f 527/527/527 535/535/535 528/528/528
f 528/528/528 535/535/535 536/536/536
f 528/528/528 536/536/536 529/529/529
f 529/529/529 536/536/536 537/537/537
f 529/529/529 537/537/537 530/530/530
f 530/530/530 537/537/537 538/538/538
f 530/530/530 538/538/538 531/531/531
f 531/531/531 538/538/538 539/539/539
f 531/531/531 539/539/539 532/532/532
f 533/533/533 540/540/540 541/541/541
f 533/533/533 541/541/541 534/534/534
f 534/534/534 541/541/541 542/542/542
f 534/534/534 542/542/542 535/535/535
f 535/535/535 542/542/542 543/543/543
f 535/535/535 543/543/543 536/536/536
f 536/536/536 543/543/543 544/544/544
f 536/536/536 544/544/544 537/537/537
f 537/537/537 544/544/544 545/545/545
f 537/537/537 545/545/545 538/538/538
f 538/538/538 545/545/545 546/546/546
f 538/538/538 546/546/546 539/539/539
f 540/540/540 547/547/547 548/548/548
f 540/540/540 548/548/548 541/541/541
f 541/541/541 548/548/548 549/549/549
f 541/541/541 549/549/549 542/542/542
f 542/542/542 549/549/549 550/550/550
f 542/542/542 550/550/550 543/543/543
f 543/543/543 550/550/550 551/551/551
f 543/543/543 551/551/551 544/544/544
f 544/544/544 551/551/551 552/552/552
f 544/544/544 552/552/552 545/545/545
f 545/545/545 552/552/552 553/553/553
f 545/545/545 553/553/553 546/546/546
f 547/547/547 554/554/554 555/555/555
f 547/547/547 555/555/555 548/548/548
f 548/548/548 555/555/555 556/556/556
f 548/548/548 556/556/556 549/549/549
f 549/549/549 556/556/556 557/557/557
f 549/549/549 557/557/557 550/550/550
f 550/550/550 557/557/557 558/558/558
f 550/550/550 558/558/558 551/551/551
f 551/551/551 558/558/558 559/559/559
f 551/551/551 559/559/559 552/552/552
f 552/552/552 559/559/559 560/560/560
f 552/552/552 560/560/560 553/553/553
f 554/554/554 561/561/561 562/562/562
f 554/554/554 562/562/562 555/555/555
f 555/555/555 562/562/562 563/563/563
f 555/555/555 563/563/563 556/556/556
f 556/556/556 563/563/563 564/564/564
f 556/556/556 564/564/564 557/557/557
f 557/557/557 564/564/564 565/565/565
f 557/557/557 565/565/565 558/558/558
f 558/558/558 565/565/565 566/566/566
f 558/558/558 566/566/566 559/559/559
f 559/559/559 566/566/566 567/567/567
f 559/559/559 567/567/567 560/560/560
f 561/561/561 568/568/568 569/569/569
f 561/561/561 569/569/569 562/562/562
f 562/562/562 569/569/569 570/570/570
f 562/562/562 570/570/570 563/563/563
f 563/563/563 570/570/570 571/571/571
f 563/563/563 571/571/571 564/564/564
f 564/564/564 571/571/571 572/572/572
f 564/564/564 572/572/572 565/565/565
f 565/565/565 572/572/572 573/573/573
f 565/565/565 573/573/573 566/566/566
f 566/566/566 573/573/573 574/574/574
f 566/566/566 574/574/574 567/567/567
f 568/568/568 575/575/575 576/576/576
f 568/568/568 576/576/576 569/569/569
f 569/569/569 576/576/576 577/577/577
f 569/569/569 577/577/577 570/570/570
f 570/570/570 577/577/577 578/578/578
f 570/570/570 578/578/578 571/571/571
f 571/571/571 578/578/578 579/579/579
f 571/571/571 579/579/579 572/572/572
f 572/572/572 579/579/579 580/580/580
f 572/572/572 580/580/580 573/573/573
f 573/573/573 580/580/580 581/581/581
f 573/573/573 581/581/581 574/574/574
f 575/575/575 582/582/582 583/583/583
f 575/575/575 583/583/583 576/576/576
f 576/576/576 583/583/583 584/584/584
f 576/576/576 584/584/584 577/577/577
f 577/577/577 584/584/584 585/585/585
f 577/577/577 585/585/585 578/578/578
f 578/578/578 585/585/585 586/586/586
f 578/578/578 586/586/586 579/579/579
f 579/579/579 586/586/586 587/587/587
f 579/579/579 587/587/587 580/580/580
f 580/580/580 587/587/587 588/588/588
f 580/580/580 588/588/588 581/581/581
f 582/582/582 589/589/589 590/590/590
f 582/582/582 590/590/590 583/583/583
f 583/583/583 590/590/590 591/591/591
f 583/583/583 591/591/591 584/584/584
f 584/584/584 591/591/591 592/592/592
f 584/584/584 592/592/592 585/585/585
f 585/585/585 592/592/592 593/593/593
f 585/585/585 593/593/593 586/586/586
f 586/586/586 593/593/593 594/594/594
f 586/586/586 594/594/594 587/587/587
f 587/587/587 594/594/594 595/595/595
f 587/587/587 595/595/595 588/588/588
f 589/589/589 596/596/596 597/597/597
f 589/589/589 597/597/597 590/590/590
f 590/590/590 597/597/597 598/598/598
f 590/590/590 598/598/598 591/591/591
f 591/591/591 598/598/598 599/599/599
f 591/591/591 599/599/599 592/592/592
f 592/592/592 599/599/599 600/600/600
f 592/592/592 600/600/600 593/593/593
f 593/593/593 600/600/600 601/601/601
f 593/593/593 601/601/601 594/594/594
f 594/594/594 601/601/601 602/602/602
f 594/594/594 602/602/602 595/595/595
f 596/596/596 603/603/603 604/604/604
f 596/596/596 604/604/604 597/597/597
f 597/597/597 604/604/604 605/605/605
f 597/597/597 605/605/605 598/598/598
f 598/598/598 605/605/605 606/606/606
f 598/598/598 606/606/606 599/599/599
f 599/599/599 606/606/606 607/607/607
f 599/599/599 607/607/607 600/600/600
f 600/600/600 607/607/607 608/608/608
f 600/600/600 608/608/608 601/601/601
f 601/601/601 608/608/608 609/609/609
f 601/601/601 609/609/609 602/602/602
f 603/603/603 610/610/610 611/611/611
f 603/603/603 611/611/611 604/604/604
f 604/604/604 611/611/611 612/612/612
f 604/604/604 612/612/612 605/605/605
f 605/605/605 612/612/612 613/613/613
f 605/605/605 613/613/613 606/606/606
f 606/606/606 613/613/613 614/614/614
f 606/606/606 614/614/614 607/607/607
f 607/607/607 614/614/614 615/615/615
f 607/607/607 615/615/615 608/608/608
f 608/608/608 615/615/615 616/616/616
f 608/608/608 616/616/616 609/609/609
f 610/610/610 617/617/617 618/618/618
f 610/610/610 618/618/618 611/611/611
f 611/611/611 618/618/618 619/619/619
f 611/611/611 619/619/619 612/612/612
f 612/612/612 619/619/619 620/620/620
f 612/612/612 620/620/620 613/613/613
f 613/613/613 620/620/620 621/621/621
f 613/613/613 621/621/621 614/614/614
f 614/614/614 621/621/621 622/622/622
f 614/614/614 622/622/622 615/615/615
f 615/615/615 622/622/622 623/623/623
f 615/615/615 623/623/623 616/616/616
f 617/617/617 624/624/624 625/625/625
f 617/617/617 625/625/625 618/618/618
f 618/618/618 625/625/625 626/626/626
f 618/618/618 626/626/626 619/619/619
f 619/619/619 626/626/626 627/627/627
f 619/619/619 627/627/627 620/620/620
f 620/620/620 627/627/627 628/628/628
f 620/620/620 628/628/628 621/621/621
f 621/621/621 628/628/628 629/629/629
f 621/621/621 629/629/629 622/622/622
f 622/622/622 629/629/629 630/630/630
f 622/622/622 630/630/630 623/623/623
f 624/624/624 631/631/631 632/632/632
f 624/624/624 632/632/632 625/625/625
f 625/625/625 632/632/632 633/633/633
f 625/625/625 633/633/633 626/626/626
f 626/626/626 633/633/633 634/634/634
f 626/626/626 634/634/634 627/627/627
f 627/627/627 634/634/634 635/635/635
f 627/627/627 635/635/635 628/628/628
f 628/628/628 635/635/635 636/636/636
f 628/628/628 636/636/636 629/629/629
f 629/629/629 636/636/636 637/637/637
f 629/629/629 637/637/637 630/630/630
f 631/631/631 638/638/638 639/639/639
f 631/631/631 639/639/639 632/632/632
f 632/632/632 639/639/639 640/640/640
f 632/632/632 640/640/640 633/633/633
f 633/633/633 640/640/640 641/641/641
f 633/633/633 641/641/641 634/634/634
f 634/634/634 641/641/641 642/642/642
f 634/634/634 642/642/642 635/635/635
f 635/635/635 642/642/642 643/643/643
f 635/635/635 643/643/643 636/636/636
f 636/636/636 643/643/643 644/644/644
f 636/636/636 644/644/644 637/637/637
f 638/638/638 645/645/645 646/646/646
f 638/638/638 646/646/646 639/639/639
f 639/639/639 646/646/646 647/647/647
f 639/639/639 647/647/647 640/640/640
f 640/640/640 647/647/647 648/648/648
f 640/640/640 648/648/648 641/641/641
f 641/641/641 648/648/648 649/649/649
f 641/641/641 649/649/649 642/642/642
f 642/642/642 649/649/649 650/650/650
f 642/642/642 650/650/650 643/643/643
f 643/643/643 650/650/650 651/651/651
f 643/643/643 651/651/651 644/644/644
f 645/645/645 652/652/652 653/653/653
f 645/645/645 653/653/653 646/646/646
f 646/646/646 653/653/653 654/654/654
f 646/646/646 654/654/654 647/647/647
f 647/647/647 654/654/654 655/655/655
f 647/647/647 655/655/655 648/648/648
f 648/648/648 655/655/655 656/656/656
f 648/648/648 656/656/656 649/649/649
f 649/649/649 656/656/656 657/657/657
f 649/649/649 657/657/657 650/650/650
f 650/650/650 657/657/657 658/658/658
f 650/650/650 658/658/658 651/651/651
f 652/652/652 659/659/659 660/660/660
f 652/652/652 660/660/660 653/653/653
f 653/653/653 660/660/660 661/661/661
f 653/653/653 661/661/661 654/654/654
f 654/654/654 661/661/661 662/662/662
f 654/654/654 662/662/662 655/655/655
f 655/655/655 662/662/662 663/663/663
f 655/655/655 663/663/663 656/656/656
f 656/656/656 663/663/663 664/664/664
f 656/656/656 664/664/664 657/657/657
f 657/657/657 664/664/664 665/665/665
f 657/657/657 665/665/665 658/658/658
f 659/659/659 666/666/666 667/667/667
f 659/659/659 667/667/667 660/660/660
f 660/660/660 667/667/667 668/668/668
f 660/660/660 668/668/668 661/661/661
f 661/661/661 668/668/668 669/669/669
f 661/661/661 669/669/669 662/662/662
f 662/662/662 669/669/669 670/670/670
f 662/662/662 670/670/670 663/663/663
f 663/663/663 670/670/670 671/671/671
f 663/663/663 671/671/671 664/664/664
f 664/664/664 671/671/671 672/672/672
f 664/664/664 672/672/672 665/665/665
f 666/666/666 673/673/673 674/674/674
f 666/666/666 674/674/674 667/667/667
f 667/667/667 674/674/674 675/675/675
f 667/667/667 675/675/675 668/668/668
f 668/668/668 675/675/675 676/676/676
f 668/668/668 676/676/676 669/669/669
f 669/669/669 676/676/676 677/677/677
f 669/669/669 677/677/677 670/670/670
f 670/670/670 677/677/677 678/678/678
f 670/670/670 678/678/678 671/671/671
f 671/671/671 678/678/678 679/679/679
f 671/671/671 679/679/679 672/672/672
f 673/673/673 680/680/680 681/681/681
f 673/673/673 681/681/681 674/674/674
f 674/674/674 681/681/681 682/682/682
f 674/674/674 682/682/682 675/675/675
f 675/675/675 682/682/682 683/683/683
f 675/675/675 683/683/683 676/676/676
f 676/676/676 683/683/683 684/684/684
f 676/676/676 684/684/684 677/677/677
f 677/677/677 684/684/684 685/685/685
f 677/677/677 685/685/685 678/678/678
f 678/678/678 685/685/685 686/686/686
f 678/678/678 686/686/686 679/679/679
f 680/680/680 687/687/687 688/688/688
f 680/680/680 688/688/688 681/681/681
f 681/681/681 688/688/688 689/689/689
f 681/681/681 689/689/689 682/682/682
f 682/682/682 689/689/689 690/690/690
f 682/682/682 690/690/690 683/683/683
f 683/683/683 690/690/690 691/691/691
f 683/683/683 691/691/691 684/684/684
f 684/684/684 691/691/691 692/692/692
f 684/684/684 692/692/692 685/685/685
f 685/685/685 692/692/692 693/693/693
f 685/685/685 693/693/693 686/686/686
f 687/687/687 694/694/694 695/695/695
f 687/687/687 695/695/695 688/688/688
f 688/688/688 695/695/695 696/696/696
f 688/688/688 696/696/696 689/689/689
f 689/689/689 696/696/696 697/697/697
f 689/689/689 697/697/697 690/690/690
f 690/690/690 697/697/697 698/698/698
f 690/690/690 698/698/698 691/691/691
f 691/691/691 698/698/698 699/699/699
f 691/691/691 699/699/699 692/692/692
f 692/692/692 699/699/699 700/700/700
f 692/692/692 700/700/700 693/693/693
f 694/694/694 701/701/701 702/702/702
f 694/694/694 702/702/702 695/695/695
f 695/695/695 702/702/702 703/703/703
f 695/695/695 703/703/703 696/696/696
f 696/696/696 703/703/703 704/704/704
f 696/696/696 704/704/704 697/697/697
f 697/697/697 704/704/704 705/705/705
f 697/697/697 705/705/705 698/698/698
f 698/698/698 705/705/705 706/706/706
f 698/698/698 706/706/706 699/699/699
f 699/699/699 706/706/706 707/707/707
f 699/699/699 707/707/707 700/700/700
f 701/701/701 708/708/708 709/709/709
f 701/701/701 709/709/709 702/702/702
f 702/702/702 709/709/709 710/710/710
f 702/702/702 710/710/710 703/703/703
f 703/703/703 710/710/710 711/711/711
f 703/703/703 711/711/711 704/704/704
f 704/704/704 711/711/711 712/712/712
f 704/704/704 712/712/712 705/705/705
f 705/705/705 712/712/712 713/713/713
f 705/705/705 713/713/713 706/706/706
f 706/706/706 713/713/713 714/714/714
f 706/706/706 714/714/714 707/707/707
f 708/708/708 715/715/715 716/716/716
f 708/708/708 716/716/716 709/709/709
f 709/709/709 716/716/716 717/717/717
f 709/709/709 717/717/717 710/710/710
f 710/710/710 717/717/717 718/718/718
f 710/710/710 718/718/718 711/711/711
f 711/711/711 718/718/718 719/719/719
f 711/711/711 719/719/719 712/712/712
f 712/712/712 719/719/719 720/720/720
f 712/712/712 720/720/720 713/713/713
f 713/713/713 720/720/720 721/721/721
f 713/713/713 721/721/721 714/714/714
f 715/715/715 722/722/722 723/723/723
f 715/715/715 723/723/723 716/716/716
f 716/716/716 723/723/723 724/724/724
f 716/716/716 724/724/724 717/717/717
f 717/717/717 724/724/724 725/725/725
f 717/717/717 725/725/725 718/718/718
f 718/718/718 725/725/725 726/726/726
f 718/718/718 726/726/726 719/719/719
f 719/719/719 726/726/726 727/727/727
f 719/719/719 727/727/727 720/720/720
f 720/720/720 727/727/727 728/728/728
f 720/720/720 728/728/728 721/721/721
f 722/722/722 729/729/729 730/730/730
f 722/722/722 730/730/730 723/723/723
f 723/723/723 730/730/730 731/731/731
f 723/723/723 731/731/731 724/724/724
f 724/724/724 731/731/731 732/732/732
f 724/724/724 732/732/732 725/725/725
f 725/725/725 732/732/732 733/733/733
f 725/725/725 733/733/733 726/726/726
f 726/726/726 733/733/733 734/734/734
f 726/726/726 734/734/734 727/727/727
f 727/727/727 734/734/734 735/735/735
f 727/727/727 735/735/735 728/728/728
f 729/729/729 736/736/736 737/737/737
f 729/729/729 737/737/737 730/730/730
f 730/730/730 737/737/737 738/738/738
f 730/730/730 738/738/738 731/731/731
f 731/731/731 738/738/738 739/739/739
f 731/731/731 739/739/739 732/732/732
f 732/732/732 739/739/739 740/740/740
f 732/732/732 740/740/740 733/733/733
f 733/733/733 740/740/740 741/741/741
f 733/733/733 741/741/741 734/734/734
f 734/734/734 741/741/741 742/742/742
f 734/734/734 742/742/742 735/735/735
f 736/736/736 743/743/743 744/744/744
f 736/736/736 744/744/744 737/737/737
f 737/737/737 744/744/744 745/745/745
f 737/737/737 745/745/745 738/738/738
f 738/738/738 745/745/745 746/746/746
f 738/738/738 746/746/746 739/739/739
f 739/739/739 746/746/746 747/747/747
f 739/739/739 747/747/747 740/740/740
f 740/740/740 747/747/747 748/748/748
f 740/740/740 748/748/748 741/741/741
f 741/741/741 748/748/748 749/749/749
f 741/741/741 749/749/749 742/742/742
f 743/743/743 750/750/750 751/751/751
f 743/743/743 751/751/751 744/744/744
f 744/744/744 751/751/751 752/752/752
f 744/744/744 752/752/752 745/745/745
f 745/745/745 752/752/752 753/753/753
f 745/745/745 753/753/753 746/746/746
f 746/746/746 753/753/753 754/754/754
f 746/746/746 754/754/754 747/747/747
f 747/747/747 754/754/754 755/755/755
f 747/747/747 755/755/755 748/748/748
f 748/748/748 755/755/755 756/756/756
f 748/748/748 756/756/756 749/749/749
f 750/750/750 757/757/757 758/758/758
f 750/750/750 758/758/758 751/751/751
f 751/751/751 758/758/758 759/759/759
f 751/751/751 759/759/759 752/752/752
f 752/752/752 759/759/759 760/760/760
f 752/752/752 760/760/760 753/753/753
f 753/753/753 760/760/760 761/761/761
f 753/753/753 761/761/761 754/754/754
f 754/754/754 761/761/761 762/762/762
f 754/754/754 762/762/762 755/755/755
f 755/755/755 762/762/762 763/763/763
f 755/755/755 763/763/763 756/756/756
f 757/757/757 764/764/764 765/765/765
f 757/757/757 765/765/765 758/758/758
f 758/758/758 765/765/765 766/766/766
f 758/758/758 766/766/766 759/759/759
f 759/759/759 766/766/766 767/767/767
f 759/759/759 767/767/767 760/760/760
f 760/760/760 767/767/767 768/768/768
f 760/760/760 768/768/768 761/761/761
f 761/761/761 768/768/768 769/769/769
f 761/761/761 769/769/769 762/762/762
f 762/762/762 769/769/769 770/770/770
f 762/762/762 770/770/770 763/763/763
f 764/764/764 771/771/771 772/772/772
f 764/764/764 772/772/772 765/765/765
f 765/765/765 772/772/772 773/773/773
f 765/765/765 773/773/773 766/766/766
f 766/766/766 773/773/773 774/774/774
f 766/766/766 774/774/774 767/767/767
f 767/767/767 774/774/774 775/775/775
f 767/767/767 775/775/775 768/768/768
f 768/768/768 775/775/775 776/776/776
f 768/768/768 776/776/776 769/769/769
f 769/769/769 776/776/776 777/777/777
f 769/769/769 777/777/777 770/770/770
f 771/771/771 778/778/778 779/779/779
f 771/771/771 779/779/779 772/772/772
f 772/772/772 779/779/779 780/780/780
f 772/772/772 780/780/780 773/773/773
f 773/773/773 780/780/780 781/781/781
f 773/773/773 781/781/781 774/774/774
f 774/774/774 781/781/781 782/782/782
f 774/774/774 782/782/782 775/775/775
f 775/775/775 782/782/782 783/783/783
f 775/775/775 783/783/783 776/776/776
f 776/776/776 783/783/783 784/784/784
f 776/776/776 784/784/784 777/777/777
f 778/778/778 785/785/785 786/786/786
f 778/778/778 786/786/786 779/779/779
f 779/779/779 786/786/786 787/787/787
f 779/779/779 787/787/787 780/780/780
f 780/780/780 787/787/787 788/788/788
f 780/780/780 788/788/788 781/781/781
f 781/781/781 788/788/788 789/789/789
f 781/781/781 789/789/789 782/782/782
f 782/782/782 789/789/789 790/790/790
f 782/782/782 790/790/790 783/783/783
f 783/783/783 790/790/790 791/791/791
f 783/783/783 791/791/791 784/784/784
f 785/785/785 792/792/792 793/793/793
f 785/785/785 793/793/793 786/786/786
f 786/786/786 793/793/793 794/794/794
f 786/786/786 794/794/794 787/787/787
f 787/787/787 794/794/794 795/795/795
f 787/787/787 795/795/795 788/788/788
f 788/788/788 795/795/795 796/796/796
f 788/788/788 796/796/796 789/789/789
f 789/789/789 796/796/796 797/797/797
f 789/789/789 797/797/797 790/790/790
f 790/790/790 797/797/797 798/798/798
f 790/790/790 798/798/798 791/791/791
f 792/792/792 799/799/799 800/800/800
f 792/792/792 800/800/800 793/793/793
f 793/793/793 800/800/800 801/801/801
f 793/793/793 801/801/801 794/794/794
f 794/794/794 801/801/801 802/802/802
f 794/794/794 802/802/802 795/795/795
f 795/795/795 802/802/802 803/803/803
f 795/795/795 803/803/803 796/796/796
f 796/796/796 803/803/803 804/804/804
f 796/796/796 804/804/804 797/797/797
f 797/797/797 804/804/804 805/805/805
f 797/797/797 805/805/805 798/798/798
