# Generated sky cornice; visual geometry only.
s 1
v -508.940138 -4.730880 -275.197943
v -509.346434 7.319924 -274.801555
v -511.174765 21.940474 -273.017811
v -514.628280 22.882549 -269.648516
v -520.925865 11.720943 -263.504507
v -522.144753 0.834577 -262.315344
v -518.386516 -9.804293 -265.981930
v -514.628280 -14.868480 -269.648516
v -512.495227 -20.545536 -271.729551
v -511.784209 -28.385280 -272.423229
v -493.107078 -4.890732 -266.931437
v -493.524675 7.901230 -266.520366
v -495.403859 23.727563 -264.670547
v -498.953430 25.172659 -261.176445
v -505.426177 13.455159 -254.804846
v -506.678967 1.527557 -253.571633
v -502.816199 -10.053792 -257.374039
v -498.953430 -15.370871 -261.176445
v -496.761048 -21.239749 -263.334567
v -496.030254 -29.344391 -264.053941
v -476.366215 -6.580169 -259.568287
v -476.924799 11.079943 -259.013482
v -479.438424 33.330907 -256.516860
v -484.186384 35.909147 -251.801018
v -492.844428 19.903495 -243.201542
v -494.520178 2.949651 -241.537127
v -489.353281 -13.416711 -246.669073
v -484.186384 -20.680531 -251.801018
v -481.253821 -28.576733 -254.713744
v -480.276300 -39.481013 -255.684652
v -460.623882 -6.599199 -251.222411
v -461.180805 12.561362 -250.664262
v -463.686960 37.965607 -248.152588
v -468.420807 42.596168 -243.408317
v -477.053118 25.768476 -234.756998
v -478.723887 5.843196 -233.082550
v -473.572347 -13.100611 -238.245433
v -468.420807 -20.740338 -243.408317
v -465.496960 -28.659376 -246.338602
v -464.522345 -39.595191 -247.315364
v -444.953922 -6.495218 -242.803550
v -445.498846 12.937715 -242.252482
v -447.951004 39.165582 -239.772677
v -452.582858 44.533405 -235.088601
v -461.029180 27.663489 -226.547050
v -462.663953 6.894238 -224.893846
v -457.623405 -12.753571 -229.991224
v -452.582858 -20.413541 -235.088601
v -449.722007 -28.207803 -237.981707
v -448.768390 -38.971306 -238.946076
v -428.258377 -8.146742 -235.430131
v -428.937814 15.671042 -234.736796
v -431.995280 47.382181 -231.616789
v -437.770493 53.329984 -225.723443
v -448.301764 32.468351 -214.976753
v -450.340075 7.539860 -212.896749
v -444.055284 -16.132614 -219.310096
v -437.770493 -25.604047 -225.723443
v -434.203450 -35.380137 -229.363451
v -433.014435 -48.880453 -230.576787
v -412.037713 -8.999741 -227.585621
v -412.783823 16.697303 -226.817318
v -416.141316 50.418964 -223.359953
v -422.483248 56.122463 -216.829376
v -434.047947 33.405462 -204.920677
v -436.286276 7.106011 -202.615768
v -429.384762 -17.972253 -209.722572
v -422.483248 -28.284900 -216.829376
v -418.566172 -39.084590 -220.862968
v -417.260481 -53.998446 -222.207499
v -396.740474 -8.262209 -218.790844
v -397.421338 13.593362 -218.083325
v -400.485229 40.852607 -214.899489
v -406.272578 43.640030 -208.885576
v -416.825979 23.713638 -197.919029
v -418.868572 3.068941 -195.796472
v -412.570575 -16.924405 -202.341024
v -406.272578 -25.966943 -208.885576
v -402.698039 -35.881593 -212.600052
v -401.506526 -49.573254 -213.838210
v -381.175568 -7.982564 -210.268662
v -381.829426 12.451823 -209.582985
v -384.771785 37.336118 -206.497438
v -390.329574 39.067761 -200.669181
v -400.464366 20.180539 -190.041184
v -402.425938 1.608619 -187.984152
v -396.377756 -16.518441 -194.326667
v -390.329574 -25.088058 -200.669181
v -386.896822 -34.667135 -204.268987
v -385.752571 -47.895384 -205.468922
v -365.261765 -8.311716 -202.112628
v -365.938458 13.532842 -201.396486
v -368.983577 40.652853 -198.173847
v -374.735467 43.256677 -192.086638
v -385.224209 23.286873 -180.986435
v -387.254288 2.804733 -178.838008
v -380.994877 -17.060580 -185.462323
v -374.735467 -26.122537 -192.086638
v -371.182829 -36.096597 -195.846385
v -369.998616 -49.870299 -197.099633
v -350.452080 -6.695636 -192.781002
v -350.993878 11.358822 -192.202337
v -353.431966 34.180223 -189.598343
v -358.037243 36.922854 -184.679687
v -366.435101 20.591138 -175.710375
v -368.060493 3.169513 -173.974379
v -363.048868 -13.631464 -179.327033
v -358.037243 -21.043426 -184.679687
v -355.192807 -29.078189 -187.717681
v -354.244662 -40.173814 -188.730345
v -335.348301 -5.582021 -183.748314
v -335.797216 10.588815 -183.264420
v -337.817334 31.999798 -181.086897
v -341.633113 35.865288 -176.973798
v -348.591298 21.650831 -169.473441
v -349.938044 4.870124 -168.021759
v -345.785578 -11.090238 -172.497779
v -341.633113 -17.543496 -176.973798
v -339.276308 -24.241922 -179.514242
v -338.490707 -33.492128 -180.361056
v -319.429588 -5.911174 -175.589672
v -319.902040 11.699811 -175.075686
v -322.028074 35.410397 -172.762747
v -326.043916 40.190360 -168.393864
v -333.366923 24.877277 -160.427076
v -334.784279 6.125907 -158.885117
v -330.414098 -11.625038 -163.639490
v -326.043916 -18.577975 -168.393864
v -323.563543 -25.671384 -171.092292
v -322.736752 -35.467043 -171.991768
v -304.116232 -5.155674 -166.770056
v -304.525741 9.852406 -166.320403
v -306.368533 29.782243 -164.296960
v -309.849363 33.454571 -160.474903
v -316.196758 20.287071 -153.505268
v -317.425286 4.642169 -152.156306
v -313.637325 -10.225463 -156.315604
v -309.849363 -16.203546 -160.474903
v -307.699439 -22.390354 -162.835585
v -306.982797 -30.934042 -163.622480
v -288.562057 -4.826521 -158.208727
v -288.943026 8.893813 -157.786508
v -290.657389 26.848850 -155.886520
v -293.895629 29.821723 -152.297655
v -299.800655 17.671279 -145.753254
v -300.943563 3.689747 -144.486596
v -297.419596 -9.653346 -148.392125
v -293.895629 -15.169066 -152.297655
v -291.895539 -20.960892 -154.514307
v -291.228843 -28.959127 -155.253191
v -272.080650 -6.181986 -150.680873
v -272.565541 10.211180 -150.138449
v -274.747551 30.693087 -147.697539
v -278.869126 32.835555 -143.086932
v -286.384939 17.904575 -134.679354
v -287.839613 2.376463 -133.052080
v -283.354369 -12.653386 -138.069506
v -278.869126 -19.429100 -143.086932
v -276.323448 -26.847484 -145.934660
v -275.474888 -37.091919 -146.883903
v -255.598425 -7.556216 -143.169583
v -256.187355 11.882078 -142.504588
v -258.837539 35.640422 -139.512108
v -263.843442 37.414041 -133.859645
v -272.971853 19.484573 -123.552213
v -274.738642 1.712411 -121.557226
v -269.291042 -15.612856 -127.708435
v -263.843442 -23.748108 -133.859645
v -260.751560 -32.815567 -137.350872
v -259.720933 -45.337297 -138.514614
v -240.049160 -7.227064 -134.610862
v -240.608848 11.858003 -133.972929
v -243.127446 35.633207 -131.102226
v -247.884797 38.025845 -125.679789
v -256.559968 20.613249 -115.791815
v -258.239033 2.620168 -113.878013
v -253.061915 -14.811908 -119.778901
v -247.884797 -22.713629 -125.679789
v -244.946433 -31.386105 -129.028942
v -243.966979 -43.362382 -130.145326
v -224.039423 -7.748560 -126.578104
v -224.635651 13.242788 -125.892095
v -227.318681 39.861262 -122.805052
v -232.386625 43.173071 -116.973970
v -241.628170 24.220798 -106.340821
v -243.416856 3.862472 -104.282792
v -237.901740 -15.751153 -110.628381
v -232.386625 -24.352616 -116.973970
v -229.256424 -33.650888 -120.575520
v -228.213024 -46.491359 -121.776037
v -207.428570 -9.400084 -119.249678
v -208.147213 17.770219 -118.414974
v -211.381105 53.695582 -114.658805
v -217.489568 60.118598 -107.563820
v -228.628530 36.214347 -94.625906
v -230.784459 8.079296 -92.121793
v -224.137013 -18.690885 -99.842807
v -217.489568 -29.543122 -107.563820
v -213.716694 -40.823223 -111.946017
v -212.459069 -56.400505 -113.406749
v -192.100556 -8.660391 -110.436595
v -192.758350 17.032023 -109.665290
v -195.718423 51.537326 -106.194418
v -201.309672 58.386283 -99.638326
v -211.505479 36.009729 -87.683099
v -213.478861 8.757565 -85.369184
v -207.394266 -17.058453 -92.503755
v -201.309672 -27.218373 -99.638326
v -197.856254 -37.610843 -103.687677
v -196.705114 -51.962348 -105.037460
v -177.240227 -7.025546 -101.061066
v -177.770360 13.337090 -100.433510
v -180.155960 40.306278 -97.609506
v -184.662092 45.185475 -92.275278
v -192.879157 27.289782 -82.548156
v -194.469556 6.149417 -80.665487
v -189.565824 -13.955758 -86.470382
v -184.662092 -22.080288 -92.275278
v -181.878893 -30.510944 -95.569948
v -180.951160 -42.153278 -96.668172
v -161.337967 -7.354699 -92.911164
v -161.889286 13.459713 -92.252267
v -164.370225 40.622069 -89.287229
v -169.056443 45.021286 -83.686603
v -177.601899 26.555974 -73.473696
v -179.255858 5.437823 -71.497005
v -174.156151 -14.732575 -77.591804
v -169.056443 -23.114768 -83.686603
v -166.162014 -31.940406 -87.145813
v -165.197205 -44.128193 -88.298883
v -145.745552 -7.093818 -84.391366
v -146.273795 11.763547 -83.753970
v -148.650886 35.365041 -80.885689
v -153.140948 37.888753 -75.467824
v -161.328708 20.730733 -65.588188
v -162.913435 2.819024 -63.676000
v -158.027192 -14.508416 -69.571912
v -153.140948 -22.294857 -75.467824
v -150.367675 -30.807439 -78.814152
v -149.443250 -42.562909 -79.929595
v -130.871375 -5.442294 -74.993370
v -131.273935 8.626598 -74.502933
v -133.085455 25.884615 -72.295963
v -136.507216 27.258893 -68.127243
v -142.746897 14.308622 -60.525458
v -143.954578 1.369983 -59.054145
v -140.230897 -11.228204 -63.590694
v -136.507216 -17.104352 -68.127243
v -134.393776 -23.635104 -70.702041
v -133.689295 -32.653762 -71.560307
v -115.387382 -4.954156 -66.325304
v -115.751376 8.191154 -65.877549
v -117.389350 24.622241 -63.862651
v -120.483299 26.350555 -60.056732
v -126.125207 14.380766 -53.116528
v -127.217189 1.920507 -51.773263
v -123.850244 -10.138271 -55.914997
v -120.483299 -15.570206 -60.056732
v -118.572330 -21.515193 -62.407447
v -117.935341 -29.724938 -63.191018
v -99.183434 -5.868755 -58.545477
v -99.611713 10.104103 -58.013513
v -101.538968 30.422677 -55.619675
v -105.179338 33.035474 -51.097983
v -111.817659 18.641414 -42.852543
v -113.102496 3.072776 -41.256652
v -109.140917 -11.911790 -46.177317
v -105.179338 -18.444659 -51.097983
v -102.930874 -25.487165 -53.890793
v -102.181386 -35.212531 -54.821730
v -83.493106 -5.783539 -50.132794
v -83.912295 10.895689 -49.607029
v -85.798647 32.918951 -47.241088
v -89.361756 36.817620 -42.772089
v -95.859190 22.130358 -34.622737
v -97.116758 4.895868 -33.045443
v -93.239257 -11.509070 -37.908766
v -89.361756 -18.176836 -42.772089
v -87.161012 -25.117082 -45.532353
v -86.427431 -34.701232 -46.452441
v -67.759113 -5.783804 -41.774350
v -68.175451 11.301811 -41.247036
v -70.048970 34.190552 -38.874124
v -73.587840 38.661675 -34.391955
v -80.041073 23.756638 -26.218590
v -81.290086 5.703492 -24.636648
v -77.438963 -11.410276 -29.514302
v -73.587840 -18.177670 -34.391955
v -71.402067 -25.118235 -37.160353
v -70.673476 -34.702824 -38.083153
v -51.198817 -7.435328 -34.472782
v -51.730346 14.021227 -33.792936
v -54.122228 42.363592 -30.733632
v -58.640226 47.395069 -24.954947
v -66.878930 28.505760 -14.417344
v -68.473517 6.321424 -12.377808
v -63.556872 -14.792726 -18.666378
v -58.640226 -23.368175 -24.954947
v -55.849698 -32.290569 -28.524135
v -54.919522 -44.611971 -29.713864
v -35.098616 -8.184081 -26.597833
v -35.679609 14.874327 -25.847367
v -38.294077 44.879763 -22.470274
v -43.232518 49.629439 -16.091319
v -52.237910 29.137060 -4.459108
v -53.980889 5.845570 -2.207712
v -48.606703 -16.419230 -9.149515
v -43.232518 -25.721398 -16.091319
v -40.182305 -35.542296 -20.031262
v -39.165567 -49.104487 -21.344576
v -19.535521 -7.854929 -18.031765
v -20.089248 13.076881 -17.309411
v -22.581021 39.319744 -14.058818
v -27.287704 42.186463 -7.918810
v -35.870477 23.160121 3.277675
v -37.531659 3.223394 5.444737
v -32.409681 -16.052517 -1.237037
v -27.287704 -24.686919 -7.918810
v -24.380635 -34.112833 -11.711168
v -23.411612 -47.129572 -12.975287
v -3.346658 -8.798224 -10.285947
v -3.962515 14.057065 -9.474526
v -6.733872 42.193549 -5.823131
v -11.968657 44.571824 1.073949
v -21.514441 23.576517 13.650976
v -23.362012 2.435658 16.085239
v -17.665335 -18.124779 8.579594
v -11.968657 -27.651560 1.073949
v -8.735407 -38.209429 -3.186012
v -7.657658 -52.789343 -4.605999
v 12.503390 -9.058574 -2.101456
v 11.873805 15.091613 -1.263635
v 9.040674 45.379022 2.506558
v 3.689205 48.700405 9.628035
v -6.069357 26.752737 22.614256
v -7.958111 3.739033 25.127718
v -2.134453 -18.509645 17.377876
v 3.689205 -28.469803 9.628035
v 6.994524 -39.340092 5.229476
v 8.096297 -54.351443 3.763290
v 27.428124 -7.407049 7.323398
v 26.916999 12.845973 8.010424
v 24.616939 38.689476 11.102039
v 20.272380 42.118937 16.941758
v 12.349950 23.901961 27.590656
v 10.816576 4.064163 29.651733
v 15.544478 -15.011184 23.296745
v 20.272380 -23.279298 16.941758
v 22.955784 -32.167757 13.334873
v 23.850252 -44.442296 12.132578
v 42.672288 -6.397681 16.336231
v 42.233991 12.010980 16.931321
v 40.261653 36.283978 19.609230
v 36.536125 40.537806 24.667502
v 29.742517 24.313252 33.891410
v 28.427624 5.332745 35.676683
v 32.481875 -12.741406 30.172093
v 36.536125 -20.106998 24.667502
v 38.837186 -27.784216 21.543275
v 39.604207 -38.386087 20.501866
v 58.560719 -6.726834 24.478786
v 58.103211 13.059688 25.106267
v 56.044424 39.499539 27.929933
v 52.155604 44.579960 33.263524
v 45.064227 27.290118 42.989485
v 43.691703 6.464542 44.871929
v 47.923653 -13.291458 39.067727
v 52.155604 -21.141477 33.263524
v 54.557522 -29.213678 29.969247
v 55.358161 -40.361002 28.871155
v 73.872397 -5.840476 33.416051
v 73.478071 10.940057 33.962393
v 71.703605 33.046086 36.420931
v 68.351835 36.894397 41.064835
v 62.239785 22.096208 49.533132
v 61.056807 4.818869 51.172157
v 64.704321 -11.637775 46.118496
v 68.351835 -18.355782 41.064835
v 70.422046 -25.364353 38.196541
v 71.112116 -35.042856 37.240443
v 88.831266 -4.188952 42.859039
v 88.550524 7.560462 43.251996
v 87.287184 22.805884 45.020298
v 84.900876 25.162423 48.360424
v 80.549372 14.701854 54.451243
v 79.707145 2.886836 55.630111
v 82.304010 -8.416979 51.995268
v 84.900876 -13.165277 48.360424
v 86.374772 -18.192019 46.297405
v 86.866071 -25.133710 45.609732
v 105.167470 -5.470573 50.376648
v 104.803549 9.143064 50.891273
v 103.165907 27.495924 53.207083
v 100.072581 29.542761 57.581392
v 94.431812 16.272761 65.558074
v 93.340050 2.315913 67.101947
v 96.706316 -11.171060 62.341670
v 100.072581 -17.193229 57.581392
v 101.983165 -23.757916 54.879613
v 102.620026 -32.823437 53.979020
v 121.489389 -6.740556 57.897210
v 121.044330 10.854514 58.533081
v 119.041568 32.591824 61.394502
v 115.258572 34.533833 66.799407
v 108.360168 18.403258 76.655411
v 107.024993 2.035252 78.563025
v 111.141783 -13.865064 72.681216
v 115.258572 -21.184606 66.799407
v 117.595128 -29.273273 63.461083
v 118.373980 -40.443338 62.348309
v 137.068936 -6.411404 66.472019
v 136.648793 10.762285 67.078530
v 134.758150 32.371205 69.807830
v 131.186934 34.836078 74.963176
v 124.674718 19.258853 84.364100
v 123.414290 2.807349 86.183633
v 127.300612 -13.080805 80.573405
v 131.186934 -20.150126 74.963176
v 133.392685 -27.843811 71.778992
v 134.127935 -38.468423 70.717597
v 153.085476 -7.037146 74.413956
v 152.627821 12.293212 75.081517
v 150.568373 37.035271 78.085544
v 146.678303 40.418693 83.759815
v 139.584648 23.063954 94.107016
v 138.211682 4.037877 96.109701
v 142.444993 -14.239801 89.934758
v 146.678303 -22.116745 83.759815
v 149.080993 -30.561320 80.255118
v 149.881890 -42.222877 79.086886
v 169.561081 -8.688671 81.670532
v 169.000333 16.255441 82.497052
v 166.476967 49.099826 86.216394
v 161.710609 54.797035 93.241816
v 153.019015 32.792831 106.052881
v 151.336771 7.129656 108.532442
v 156.523690 -17.317931 100.887129
v 161.710609 -27.307250 93.241816
v 164.654536 -37.733655 88.902585
v 165.635845 -52.132023 87.456174
v 185.340109 -8.811946 89.941467
v 184.775779 16.996648 90.782038
v 182.236294 51.395172 94.564606
v 177.439489 57.893560 101.709458
v 168.692375 35.303883 114.738304
v 166.999385 8.247118 117.260016
v 172.219437 -17.438618 109.484737
v 177.439489 -27.694688 101.709458
v 180.402222 -38.269024 97.296461
v 181.389799 -52.871678 95.825463
v 200.631646 -7.841206 98.944474
v 200.133375 14.588814 99.694513
v 197.891159 44.056770 103.069692
v 193.655862 49.083836 109.445028
v 185.932674 29.269271 121.070642
v 184.437863 6.272771 123.320761
v 189.046863 -15.648661 116.382894
v 193.655862 -24.643791 109.445028
v 196.271781 -34.053238 105.507320
v 197.143754 -47.047237 104.194751
v 216.503624 -8.170359 107.078288
v 215.988493 14.643284 107.861967
v 213.670405 44.159158 111.388521
v 209.291793 48.610087 118.049790
v 201.307267 28.262382 130.196810
v 199.761874 5.425515 132.547847
v 204.526834 -16.442166 125.298818
v 209.291793 -25.678270 118.049790
v 211.996230 -35.482700 113.935477
v 212.897709 -49.022152 112.564039
v 232.069313 -7.805232 115.678323
v 231.581078 13.095895 116.429038
v 229.384017 39.389571 119.807255
v 225.234014 42.381707 126.188332
v 217.666360 23.421282 137.824414
v 216.201653 3.405534 140.076559
v 220.717833 -15.926041 133.132445
v 225.234014 -24.530728 126.188332
v 227.797251 -33.897006 122.247079
v 228.651664 -46.831391 120.933328
v 247.078739 -6.153707 125.148170
v 246.696865 9.987110 125.741662
v 244.978430 29.997333 128.412378
v 241.732497 31.879771 133.457063
v 235.813443 17.112021 142.656195
v 234.667820 2.012555 144.436672
v 238.200159 -12.638933 138.946867
v 241.732497 -19.340223 133.457063
v 243.737338 -26.724672 130.341228
v 244.405618 -36.922244 129.302616
v 262.645887 -5.769816 133.765978
v 262.290699 9.758080 134.323967
v 260.692355 29.359697 136.834920
v 257.673259 31.680584 141.577832
v 252.167849 17.623218 150.226670
v 251.102286 2.671276 151.900639
v 254.387772 -11.753992 146.739236
v 257.673259 -18.133708 141.577832
v 259.537994 -25.057487 138.648387
v 260.159573 -34.618897 137.671905
v 278.520488 -6.098969 141.901186
v 278.148065 10.731232 142.492615
v 276.472162 32.338677 145.154049
v 273.306567 35.379559 150.181201
v 267.534012 20.297344 159.348361
v 266.416744 3.652678 161.122650
v 269.861655 -12.322544 155.651925
v 273.306567 -19.168187 150.181201
v 275.261788 -26.486949 147.076195
v 275.913528 -36.593812 146.041193
v 293.773705 -4.967879 151.029093
v 293.472816 9.261914 151.512148
v 292.118816 27.972178 153.685898
v 289.561260 31.183959 157.791871
v 284.897480 18.620054 165.279232
v 283.994813 4.012034 166.728398
v 286.778036 -9.909718 162.260134
v 289.561260 -15.613334 157.791871
v 291.140927 -21.574788 155.255829
v 291.667482 -29.807273 154.410482
v 309.554345 -5.072390 159.317883
v 309.249644 9.719745 159.812438
v 307.878489 29.384099 162.037937
v 305.288529 33.034481 166.241658
v 300.565661 20.065506 173.907266
v 299.651558 4.619912 175.390932
v 302.470043 -10.053798 170.816295
v 305.288529 -15.941798 166.241658
v 306.888210 -22.028667 163.645242
v 307.421437 -30.434342 162.779770
v 325.979393 -6.723915 166.547600
v 325.578821 12.425250 167.204951
v 323.776249 37.513581 170.163032
v 320.371391 41.704690 175.750517
v 314.162532 24.758889 185.939460
v 312.960817 5.210154 187.911514
v 316.666104 -13.439654 181.831015
v 320.371391 -21.132304 175.750517
v 322.474392 -29.201002 172.299423
v 323.175392 -40.343489 171.149059
v 341.976517 -7.368421 174.462225
v 341.541207 13.113079 175.184528
v 339.582312 39.533842 178.434892
v 335.882176 43.416783 184.574470
v 329.134871 25.115989 195.770169
v 327.828941 4.707997 197.937079
v 331.855558 -14.851091 191.255774
v 335.882176 -23.157896 184.574470
v 338.167554 -32.000002 180.782378
v 338.929347 -44.210528 179.518347
v 357.569894 -7.039269 183.044380
v 357.157524 11.856617 183.736274
v 355.301857 35.667760 186.849795
v 351.796709 38.430997 192.730891
v 345.404968 21.306687 203.455243
v 344.167857 3.162662 205.530924
v 347.982283 -14.351911 199.130907
v 351.796709 -22.123417 192.730891
v 353.961653 -30.570539 189.098449
v 354.683301 -42.235614 187.887636
v 373.808130 -8.290488 190.537484
v 373.326577 13.559548 191.354547
v 371.159586 40.740870 195.031330
v 367.066382 43.424485 201.976364
v 359.602304 23.472891 214.640838
v 358.157643 2.919526 217.092027
v 362.612013 -17.002005 209.534195
v 367.066382 -26.055820 201.976364
v 369.594538 -36.004406 197.686784
v 370.437256 -49.742929 196.256924
v 390.129283 -9.768964 197.868770
v 389.566702 16.644769 198.834119
v 387.035084 50.095163 203.178189
v 382.253138 54.198531 211.383655
v 373.533121 30.331841 226.346564
v 371.845375 4.768039 229.242611
v 377.049257 -19.870693 220.313133
v 382.253138 -30.702458 211.383655
v 385.206693 -42.425215 206.315573
v 386.191211 -58.613784 204.626212
v 405.189679 -8.118463 207.364766
v 404.726177 14.386962 208.169157
v 402.640418 43.367307 211.788915
v 398.700653 47.559556 218.626235
v 391.516374 27.428503 231.094290
v 390.125868 5.065978 233.507462
v 394.413260 -16.377720 226.066849
v 398.700653 -25.515169 218.626235
v 401.134037 -35.257325 214.403184
v 401.945166 -48.710778 212.995501
v 420.556841 -7.213341 216.348507
v 420.148596 13.401247 217.065119
v 418.311489 40.468276 220.289872
v 414.841399 45.065436 226.381072
v 408.513588 26.847859 237.488555
v 407.288850 5.731871 239.638390
v 411.065125 -14.400385 233.009731
v 414.841399 -22.670500 226.381072
v 416.984690 -31.326510 222.618860
v 417.699120 -43.280046 221.364789
v 436.414990 -7.542494 224.474974
v 435.991859 14.357839 225.226275
v 434.087771 43.395401 228.607127
v 430.491160 48.689191 234.993181
v 423.932634 29.455629 246.638339
v 422.663242 6.680308 248.892240
v 426.577201 -14.972992 241.942711
v 430.491160 -23.704980 234.993181
v 432.712596 -32.755972 231.048854
v 433.453075 -45.254961 229.734078
v 451.757173 -6.551890 233.522880
v 451.392866 12.024723 234.177236
v 449.753489 36.295074 237.121834
v 446.656887 40.262366 242.683852
v 441.010142 23.794338 252.826356
v 439.917224 4.912364 254.789421
v 443.287055 -13.116048 248.736637
v 446.656887 -20.591653 242.683852
v 448.569494 -28.453921 239.248488
v 449.207030 -39.311338 238.103366
v 466.851290 -4.900365 243.037719
v 466.581247 8.659039 243.528424
v 465.366050 26.098430 245.736597
v 463.070679 28.593577 249.907590
v 458.885002 16.455723 257.513518
v 458.074871 3.008022 258.985634
v 460.572775 -9.891846 254.446612
v 463.070679 -15.401148 249.907590
v 464.488408 -21.281586 247.331389
v 464.960985 -29.402192 246.472655
v 482.680570 -5.141951 251.228176
v 482.399766 8.694378 251.744428
v 481.136146 26.159051 254.067564
v 478.749309 28.224789 258.455711
v 474.396840 15.698114 266.457624
v 473.554427 2.376932 268.006382
v 476.151868 -10.475385 263.231046
v 478.749309 -16.160417 258.455711
v 480.223532 -22.330759 255.745385
v 480.714939 -30.851706 254.841943
v 497.608330 -3.008024 261.091637
v 497.445553 4.957729 261.394436
v 496.713059 14.900742 262.757033
v 495.329458 15.927961 265.330826
v 492.806421 8.668650 270.024214
v 492.318092 1.134807 270.932611
v 493.823775 -6.159520 268.131719
v 495.329458 -9.453791 265.330826
v 496.184035 -13.063420 263.741130
v 496.468894 -18.048146 263.211232
v 512.228103 -0.014000 271.570629
v 512.227353 0.024030 271.572042
v 512.223975 0.072345 271.578401
v 512.217594 0.078474 271.590411
v 512.205959 0.044176 271.612312
v 512.203707 0.007185 271.616551
v 512.210651 -0.028434 271.603481
v 512.217594 -0.044000 271.590411
v 512.221535 -0.060800 271.582993
v 512.222849 -0.084000 271.580520
vt 0.20614570 1.05983554
vt 0.20614570 1.04805534
vt 0.20614570 1.03358111
vt 0.20614570 1.02899978
vt 0.20614570 1.01536938
vt 0.20614570 1.00462080
vt 0.20614570 0.99314058
vt 0.20614570 0.98618994
vt 0.20614570 0.97999156
vt 0.20614570 0.97228000
vt 0.22356654 1.06434809
vt 0.22356654 1.05184402
vt 0.22356654 1.03619465
vt 0.22356654 1.03134513
vt 0.22356654 1.01711418
vt 0.22356654 1.00535159
vt 0.22356654 0.99296584
vt 0.22356654 0.98572331
vt 0.22356654 0.97931549
vt 0.22356654 0.97134337
vt 0.24098737 1.08999060
vt 0.24098737 1.07272877
vt 0.24098737 1.05074944
vt 0.24098737 1.04401845
vt 0.24098737 1.02468226
vt 0.24098737 1.00797983
vt 0.24098737 0.99061331
vt 0.24098737 0.98079162
vt 0.24098737 0.97217031
vt 0.24098737 0.96144432
vt 0.25840821 1.10162451
vt 0.25840821 1.08289853
vt 0.25840821 1.05786929
vt 0.25840821 1.05014651
vt 0.25840821 1.03013704
vt 0.25840821 1.01055371
vt 0.25840821 0.99083932
vt 0.25840821 0.98073607
vt 0.25840821 0.97208983
vt 0.25840821 0.96133282
vt 0.27582905 1.10465215
vt 0.27582905 1.08566083
vt 0.27582905 1.05984079
vt 0.27582905 1.05175092
vt 0.27582905 1.03180948
vt 0.27582905 1.01141075
vt 0.27582905 0.99108549
vt 0.27582905 0.98103960
vt 0.27582905 0.97252959
vt 0.27582905 0.96194208
vt 0.29324989 1.12677108
vt 0.29324989 1.10349376
vt 0.29324989 1.07225673
vt 0.29324989 1.06258889
vt 0.29324989 1.03781667
vt 0.29324989 1.01332010
vt 0.29324989 0.98872008
vt 0.29324989 0.97621859
vt 0.29324989 0.96554476
vt 0.29324989 0.95226518
vt 0.31067072 1.13513475
vt 0.31067072 1.11001989
vt 0.31067072 1.07677983
vt 0.31067072 1.06658595
vt 0.31067072 1.03948353
vt 0.31067072 1.01362431
vt 0.31067072 0.98743065
vt 0.31067072 0.97372857
vt 0.31067072 0.96193714
vt 0.31067072 0.94726714
vt 0.32809156 1.11056199
vt 0.32809156 1.08919875
vt 0.32809156 1.06225692
vt 0.32809156 1.05395966
vt 0.32809156 1.02981523
vt 0.32809156 1.00946548
vt 0.32809156 0.98815890
vt 0.32809156 0.97588152
vt 0.32809156 0.96505641
vt 0.32809156 0.95158862
vt 0.34551240 1.10170723
vt 0.34551240 1.08173189
vt 0.34551240 1.05710234
vt 0.34551240 1.04934308
vt 0.34551240 1.02630196
vt 0.34551240 1.00796944
vt 0.34551240 0.98844302
vt 0.34551240 0.97669784
vt 0.34551240 0.96623912
vt 0.34551240 0.95322716
vt 0.36293324 1.11014929
vt 0.36293324 1.08879655
vt 0.36293324 1.06198521
vt 0.36293324 1.05370034
vt 0.36293324 1.02947100
vt 0.36293324 1.00927624
vt 0.36293324 0.98806355
vt 0.36293324 0.97573700
vt 0.36293324 0.96484703
vt 0.36293324 0.95129854
vt 0.38035407 1.09221801
vt 0.38035407 1.07457088
vt 0.38035407 1.05203208
vt 0.38035407 1.04513860
vt 0.38035407 1.02542741
vt 0.38035407 1.00826703
vt 0.38035407 0.99046319
vt 0.38035407 0.98045456
vt 0.38035407 0.97168196
vt 0.38035407 0.96076776
vt 0.39777491 1.08566927
vt 0.39777491 1.06986516
vt 0.39777491 1.04876889
vt 0.39777491 1.04226569
vt 0.39777491 1.02535603
vt 0.39777491 1.00886239
vt 0.39777491 0.99224489
vt 0.39777491 0.98370534
vt 0.39777491 0.97639180
vt 0.39777491 0.96729284
vt 0.41519575 1.09463776
vt 0.41519575 1.07742688
vt 0.41519575 1.05408247
vt 0.41519575 1.04678617
vt 0.41519575 1.02867003
vt 0.41519575 1.01025150
vt 0.41519575 0.99187381
vt 0.41519575 0.98274450
vt 0.41519575 0.97499971
vt 0.41519575 0.96536422
vt 0.43261659 1.07970537
vt 0.43261659 1.06503775
vt 0.43261659 1.04540353
vt 0.43261659 1.03933863
vt 0.43261659 1.02368945
vt 0.43261659 1.00831401
vt 0.43261659 0.99285000
vt 0.43261659 0.98494991
vt 0.43261659 0.97819497
vt 0.43261659 0.96979098
vt 0.45003742 1.07198912
vt 0.45003742 1.05857953
vt 0.45003742 1.04087856
vt 0.45003742 1.03545699
vt 0.45003742 1.02094812
vt 0.45003742 1.00719898
vt 0.45003742 0.99324842
vt 0.45003742 0.98591075
vt 0.45003742 0.97958706
vt 0.45003742 0.97171960
vt 0.46745826 1.08303128
vt 0.46745826 1.06700747
vt 0.46745826 1.04676607
vt 0.46745826 1.04053942
vt 0.46745826 1.02245699
vt 0.46745826 1.00715221
vt 0.46745826 0.99114713
vt 0.46745826 0.98195397
vt 0.46745826 0.97385435
vt 0.46745826 0.96377742
vt 0.48487910 1.09698275
vt 0.48487910 1.07798131
vt 0.48487910 1.05447149
vt 0.48487910 1.04709692
vt 0.48487910 1.02524652
vt 0.48487910 1.00770746
vt 0.48487910 0.98907653
vt 0.48487910 0.97794241
vt 0.48487910 0.96804228
vt 0.48487910 0.95572530
vt 0.50229994 1.09646508
vt 0.50229994 1.07780988
vt 0.50229994 1.05430990
vt 0.50229994 1.04706665
vt 0.50229994 1.02596080
vt 0.50229994 1.00822360
vt 0.50229994 0.98963688
vt 0.50229994 0.97890325
vt 0.50229994 0.96943438
vt 0.50229994 0.95765392
vt 0.51972077 1.10747227
vt 0.51972077 1.08695467
vt 0.51972077 1.06067038
vt 0.51972077 1.05263959
vt 0.51972077 1.02978736
vt 0.51972077 1.00973762
vt 0.51972077 0.98898039
vt 0.51972077 0.97738093
vt 0.51972077 0.96722880
vt 0.51972077 0.95459828
vt 0.53714161 1.14377659
vt 0.53714161 1.11722236
vt 0.53714161 1.08182277
vt 0.53714161 1.07092022
vt 0.53714161 1.04247076
vt 0.53714161 1.01481544
vt 0.53714161 0.98692965
vt 0.53714161 0.97255991
vt 0.53714161 0.96024396
vt 0.53714161 0.94492138
vt 0.55456245 1.13776900
vt 0.55456245 1.11266014
vt 0.55456245 1.07868400
vt 0.55456245 1.06808994
vt 0.55456245 1.04159530
vt 0.55456245 1.01482436
vt 0.55456245 0.98807500
vt 0.55456245 0.97471918
vt 0.55456245 0.96337236
vt 0.55456245 0.94925552
vt 0.57198328 1.10790341
vt 0.57198328 1.08800257
vt 0.57198328 1.06143016
vt 0.57198328 1.05323724
vt 0.57198328 1.03195041
vt 0.57198328 1.01117194
vt 0.57198328 0.99024116
vt 0.57198328 0.97949150
vt 0.57198328 0.97028666
vt 0.57198328 0.95883469
vt 0.58940412 1.10896331
vt 0.58940412 1.08862017
vt 0.58940412 1.06183848
vt 0.58940412 1.05364478
vt 0.58940412 1.03157566
vt 0.58940412 1.01080597
vt 0.58940412 0.98969561
vt 0.58940412 0.97853066
vt 0.58940412 0.96889457
vt 0.58940412 0.95690606
vt 0.60682496 1.09563009
vt 0.60682496 1.07719769
vt 0.60682496 1.05387562
vt 0.60682496 1.04670889
vt 0.60682496 1.02593984
vt 0.60682496 1.00828742
vt 0.60682496 0.98984931
vt 0.60682496 0.97929221
vt 0.60682496 0.96999792
vt 0.60682496 0.95843466
vt 0.62424580 1.07036250
vt 0.62424580 1.05660992
vt 0.62424580 1.03953619
vt 0.62424580 1.03420172
vt 0.62424580 1.01843541
vt 0.62424580 1.00566930
vt 0.62424580 0.99214419
vt 0.62424580 0.98411323
vt 0.62424580 0.97698276
vt 0.62424580 0.96811156
vt 0.64166663 1.06660139
vt 0.64166663 1.05375227
vt 0.64166663 1.03751452
vt 0.64166663 1.03252083
vt 0.64166663 1.01802643
vt 0.64166663 1.00574567
vt 0.64166663 0.99290683
vt 0.64166663 0.98553816
vt 0.64166663 0.97904725
vt 0.64166663 0.97097174
vt 0.65908747 1.08197105
vt 0.65908747 1.06635881
vt 0.65908747 1.04629873
vt 0.65908747 1.04017443
vt 0.65908747 1.02283481
vt 0.65908747 1.00750461
vt 0.65908747 0.99166658
vt 0.65908747 0.98286833
vt 0.65908747 0.97517911
vt 0.65908747 0.96561276
vt 0.67650831 1.08815957
vt 0.67650831 1.07185848
vt 0.67650831 1.05015612
vt 0.67650831 1.04347791
vt 0.67650831 1.02599013
vt 0.67650831 1.00904854
vt 0.67650831 0.99195163
vt 0.67650831 0.98311709
vt 0.67650831 0.97553952
vt 0.67650831 0.96611208
vt 0.69392915 1.09141930
vt 0.69392915 1.07472165
vt 0.69392915 1.05218140
vt 0.69392915 1.04516923
vt 0.69392915 1.02750634
vt 0.69392915 1.00977027
vt 0.69392915 0.99202299
vt 0.69392915 0.98311631
vt 0.69392915 0.97553840
vt 0.69392915 0.96611052
vt 0.71134998 1.11344755
vt 0.71134998 1.09247746
vt 0.71134998 1.06454860
vt 0.71134998 1.05595230
vt 0.71134998 1.03346409
vt 0.71134998 1.01165713
vt 0.71134998 0.98965541
vt 0.71134998 0.97829530
vt 0.71134998 0.96855356
vt 0.71134998 0.95643362
vt 0.72877082 1.12043567
vt 0.72877082 1.09789918
vt 0.72877082 1.06831012
vt 0.72877082 1.05926618
vt 0.72877082 1.03475241
vt 0.72877082 1.01184235
vt 0.72877082 0.98851551
vt 0.72877082 0.97610959
vt 0.72877082 0.96538684
vt 0.72877082 0.95204640
vt 0.74619166 1.10628069
vt 0.74619166 1.08582068
vt 0.74619166 1.05989103
vt 0.74619166 1.05193084
vt 0.74619166 1.02891184
vt 0.74619166 1.00926555
vt 0.74619166 0.98876905
vt 0.74619166 0.97707043
vt 0.74619166 0.96677893
vt 0.74619166 0.95397503
vt 0.76361250 1.11458079
vt 0.76361250 1.09223958
vt 0.76361250 1.06440951
vt 0.76361250 1.05574587
vt 0.76361250 1.03021089
vt 0.76361250 1.00935641
vt 0.76361250 0.98731897
vt 0.76361250 0.97431682
vt 0.76361250 0.96278943
vt 0.76361250 0.94844791
vt 0.78103333 1.12264974
vt 0.78103333 1.09904391
vt 0.78103333 1.06911851
vt 0.78103333 1.05993325
vt 0.78103333 1.03338235
vt 0.78103333 1.01070430
vt 0.78103333 0.98704996
vt 0.78103333 0.97355683
vt 0.78103333 0.96168832
vt 0.78103333 0.94692242
vt 0.79845417 1.10418049
vt 0.79845417 1.08438488
vt 0.79845417 1.05887439
vt 0.79845417 1.05109031
vt 0.79845417 1.02916609
vt 0.79845417 1.00963514
vt 0.79845417 0.98949846
vt 0.79845417 0.97837785
vt 0.79845417 0.96867316
vt 0.79845417 0.95659932
vt 0.81587501 1.09718837
vt 0.81587501 1.07919699
vt 0.81587501 1.05527611
vt 0.81587501 1.04792136
vt 0.81587501 1.02859446
vt 0.81587501 1.00993544
vt 0.81587501 0.99108964
vt 0.81587501 0.98132432
vt 0.81587501 0.97294211
vt 0.81587501 0.96251359
vt 0.83329585 1.10564096
vt 0.83329585 1.08630360
vt 0.83329585 1.06026335
vt 0.83329585 1.05218014
vt 0.83329585 1.03167390
vt 0.83329585 1.01121209
vt 0.83329585 0.99070732
vt 0.83329585 0.98036349
vt 0.83329585 0.97155001
vt 0.83329585 0.96058496
vt 0.85071668 1.08852586
vt 0.85071668 1.07212566
vt 0.85071668 1.05033937
vt 0.85071668 1.04364445
vt 0.85071668 1.02601145
vt 0.85071668 1.00902611
vt 0.85071668 0.99186132
vt 0.85071668 0.98295088
vt 0.85071668 0.97529871
vt 0.85071668 0.96577846
vt 0.86813752 1.06122764
vt 0.86813752 1.04974409
vt 0.86813752 1.03470807
vt 0.86813752 1.03011592
vt 0.86813752 1.01759129
vt 0.86813752 1.00596825
vt 0.86813752 0.99411252
vt 0.86813752 0.98777190
vt 0.86813752 0.98228355
vt 0.86813752 0.97545536
vt 0.88555836 1.07429152
vt 0.88555836 1.06000734
vt 0.88555836 1.04187526
vt 0.88555836 1.03631391
vt 0.88555836 1.02026725
vt 0.88555836 1.00651499
vt 0.88555836 0.99218434
vt 0.88555836 0.98403068
vt 0.88555836 0.97686315
vt 0.88555836 0.96794586
vt 0.90297920 1.08842161
vt 0.90297920 1.07122246
vt 0.90297920 1.04972637
vt 0.90297920 1.04305657
vt 0.90297920 1.02345783
vt 0.90297920 1.00731491
vt 0.90297920 0.99029928
vt 0.90297920 0.98032343
vt 0.90297920 0.97149198
vt 0.90297920 0.96050455
vt 0.92040003 1.08742608
vt 0.92040003 1.07063965
vt 0.92040003 1.04929293
vt 0.92040003 1.04275168
vt 0.92040003 1.02392557
vt 0.92040003 1.00771686
vt 0.92040003 0.99084827
vt 0.92040003 0.98128427
vt 0.92040003 0.97288407
vt 0.92040003 0.96243318
vt 0.93782087 1.09966711
vt 0.93782087 1.08077347
vt 0.93782087 1.05635419
vt 0.93782087 1.04890540
vt 0.93782087 1.02803840
vt 0.93782087 1.00930945
vt 0.93782087 0.99003833
vt 0.93782087 0.97945764
vt 0.93782087 0.97023760
vt 0.93782087 0.95876672
vt 0.95524171 1.13153990
vt 0.95524171 1.10716112
vt 0.95524171 1.07479104
vt 0.95524171 1.06484645
vt 0.95524171 1.03862290
vt 0.95524171 1.01339292
vt 0.95524171 0.98788890
vt 0.95524171 0.97463663
vt 0.95524171 0.96325276
vt 0.95524171 0.94908982
vt 0.97266255 1.13749211
vt 0.97266255 1.11226923
vt 0.97266255 1.07838664
vt 0.97266255 1.06789118
vt 0.97266255 1.04107645
vt 0.97266255 1.01448961
vt 0.97266255 0.98780719
vt 0.97266255 0.97427677
vt 0.97266255 0.96273139
vt 0.97266255 0.94836750
vt 0.99008338 1.11806434
vt 0.99008338 1.09614254
vt 0.99008338 1.06709703
vt 0.99008338 1.05818445
vt 0.99008338 1.03455340
vt 0.99008338 1.01194294
vt 0.99008338 0.98905590
vt 0.99008338 0.97711049
vt 0.99008338 0.96683697
vt 0.99008338 0.95405543
vt 1.00750422 1.11861168
vt 1.00750422 1.09631408
vt 1.00750422 1.06719937
vt 1.00750422 1.05831289
vt 1.00750422 1.03392809
vt 1.00750422 1.01145931
vt 1.00750422 0.98849872
vt 1.00750422 0.97614965
vt 1.00750422 0.96544487
vt 1.00750422 0.95212680
vt 1.02492506 1.10638573
vt 1.02492506 1.08595589
vt 1.02492506 1.05998097
vt 1.02492506 1.05202076
vt 1.02492506 1.02910445
vt 1.02492506 1.00938389
vt 1.02492506 0.98885765
vt 1.02492506 0.97721550
vt 1.02492506 0.96698912
vt 1.02492506 0.95426622
vt 1.04234590 1.08130805
vt 1.04234590 1.06553058
vt 1.04234590 1.04574646
vt 1.04234590 1.03962607
vt 1.04234590 1.02170103
vt 1.04234590 1.00681220
vt 1.04234590 0.99115715
vt 1.04234590 0.98203652
vt 1.04234590 0.97397395
vt 1.04234590 0.96394312
vt 1.05976673 1.07923531
vt 1.05976673 1.06405768
vt 1.05976673 1.04469738
vt 1.05976673 1.03877309
vt 1.05976673 1.02180015
vt 1.05976673 1.00707140
vt 1.05976673 0.99177665
vt 1.05976673 0.98315715
vt 1.05976673 0.97559756
vt 1.05976673 0.96619248
vt 1.07718757 1.08697876
vt 1.07718757 1.07052893
vt 1.07718757 1.04920674
vt 1.07718757 1.04270331
vt 1.07718757 1.02458558
vt 1.07718757 1.00820325
vt 1.07718757 0.99137978
vt 1.07718757 0.98219631
vt 1.07718757 0.97420546
vt 1.07718757 0.96426386
vt 1.09460841 1.07495216
vt 1.09460841 1.06104482
vt 1.09460841 1.04260351
vt 1.09460841 1.03694238
vt 1.09460841 1.02196254
vt 1.09460841 1.00760025
vt 1.09460841 0.99306960
vt 1.09460841 0.98549811
vt 1.09460841 0.97898921
vt 1.09460841 0.97089133
vt 1.11202925 1.07863030
vt 1.11202925 1.06417376
vt 1.11202925 1.04480205
vt 1.11202925 1.03881347
vt 1.11202925 1.02340570
vt 1.11202925 1.00822680
vt 1.11202925 0.99297018
vt 1.11202925 0.98519302
vt 1.11202925 0.97854720
vt 1.11202925 0.97027896
vt 1.12945008 1.10056782
vt 1.12945008 1.08185242
vt 1.12945008 1.05712046
vt 1.12945008 1.04954156
vt 1.12945008 1.02931397
vt 1.12945008 1.01009112
vt 1.12945008 0.99060042
vt 1.12945008 0.98037201
vt 1.12945008 0.97156236
vt 1.12945008 0.96060206
vt 1.14687092 1.10624101
vt 1.14687092 1.08622265
vt 1.14687092 1.06015708
vt 1.14687092 1.05220468
vt 1.14687092 1.03025286
vt 1.14687092 1.01017106
vt 1.14687092 0.98961137
vt 1.14687092 0.97849061
vt 1.14687092 0.96883653
vt 1.14687092 0.95682566
vt 1.16429176 1.09629705
vt 1.16429176 1.07782732
vt 1.16429176 1.05430703
vt 1.16429176 1.04710454
vt 1.16429176 1.02641773
vt 1.16429176 1.00854289
vt 1.16429176 0.98995902
vt 1.16429176 0.97945145
vt 1.16429176 0.97022862
vt 1.16429176 0.95875428
vt 1.18171260 1.11033138
vt 1.18171260 1.08897340
vt 1.18171260 1.06210456
vt 1.18171260 1.05381455
vt 1.18171260 1.02962132
vt 1.18171260 1.00935864
vt 1.18171260 0.98810456
vt 1.18171260 0.97579897
vt 1.18171260 0.96493681
vt 1.18171260 0.95142292
vt 1.19913343 1.13510203
vt 1.19913343 1.10928434
vt 1.19913343 1.07625155
vt 1.19913343 1.06615487
vt 1.19913343 1.03736561
vt 1.19913343 1.01218759
vt 1.19913343 0.98609824
vt 1.19913343 0.97148311
vt 1.19913343 0.95868385
vt 1.19913343 0.94275998
vt 1.21655427 1.11657878
vt 1.21655427 1.09458216
vt 1.21655427 1.06598884
vt 1.21655427 1.05726665
vt 1.21655427 1.03310624
vt 1.21655427 1.01109932
vt 1.21655427 0.98854328
vt 1.21655427 0.97630114
vt 1.21655427 0.96566436
vt 1.21655427 0.95243088
vt 1.23397511 1.10845639
vt 1.23397511 1.08830886
vt 1.23397511 1.06162911
vt 1.23397511 1.05344488
vt 1.23397511 1.03171432
vt 1.23397511 1.01095229
vt 1.23397511 0.98992881
vt 1.23397511 0.97894331
vt 1.23397511 0.96949242
vt 1.23397511 0.95773433
vt 1.25139594 1.11615837
vt 1.25139594 1.09475476
vt 1.25139594 1.06614587
vt 1.25139594 1.05731842
vt 1.25139594 1.03444838
vt 1.25139594 1.01206394
vt 1.25139594 0.98953005
vt 1.25139594 0.97798247
vt 1.25139594 0.96810032
vt 1.25139594 0.95580570
vt 1.26881678 1.09734004
vt 1.26881678 1.07918408
vt 1.26881678 1.05525524
vt 1.26881678 1.04793110
vt 1.26881678 1.02825634
vt 1.26881678 1.00968687
vt 1.26881678 0.99082639
vt 1.26881678 0.98087417
vt 1.26881678 0.97228991
vt 1.26881678 0.96161002
vt 1.28623762 1.07017216
vt 1.28623762 1.05691926
vt 1.28623762 1.03971170
vt 1.28623762 1.03446303
vt 1.28623762 1.01989027
vt 1.28623762 1.00665565
vt 1.28623762 0.99308027
vt 1.28623762 0.98569519
vt 1.28623762 0.97927475
vt 1.28623762 0.97128692
vt 1.30365846 1.07059890
vt 1.30365846 1.05707468
vt 1.30365846 1.03982493
vt 1.30365846 1.03454628
vt 1.30365846 1.01942109
vt 1.30365846 1.00629869
vt 1.30365846 0.99267119
vt 1.30365846 0.98498997
vt 1.30365846 0.97825300
vt 1.30365846 0.96987138
vt 1.32107929 1.04031907
vt 1.32107929 1.03253278
vt 1.32107929 1.02270598
vt 1.32107929 1.01968120
vt 1.32107929 1.01088723
vt 1.32107929 1.00346135
vt 1.32107929 0.99569052
vt 1.32107929 0.99121918
vt 1.32107929 0.98727808
vt 1.32107929 0.98237486
vt 1.33850013 1.00019498
vt 1.33850013 1.00015781
vt 1.33850013 1.00011010
vt 1.33850013 1.00009554
vt 1.33850013 1.00005420
vt 1.33850013 1.00001777
vt 1.33850013 0.99998011
vt 1.33850013 0.99995913
vt 1.33850013 0.99994079
vt 1.33850013 0.99991797
vn 0.715061 0.044821 -0.697623
vn 0.711373 0.110807 -0.694025
vn 0.652334 0.411609 -0.636426
vn -0.442868 0.785612 0.432068
vn -0.651838 0.413140 0.635942
vn -0.707120 -0.155088 0.689876
vn -0.603710 -0.537242 0.588987
vn -0.578162 -0.589545 0.564062
vn -0.689271 -0.269630 0.672462
vn -0.715781 0.000000 0.698325
vn 0.711974 0.043653 -0.700848
vn 0.708577 0.106805 -0.697504
vn 0.656887 0.387787 -0.646622
vn -0.433279 0.793952 0.426508
vn -0.652946 0.400678 0.642743
vn -0.704913 -0.146984 0.693897
vn -0.607876 -0.521949 0.598377
vn -0.577098 -0.586722 0.568080
vn -0.686259 -0.269630 0.675535
vn -0.712653 0.000000 0.701517
vn 0.708860 0.042544 -0.704065
vn 0.705723 0.103081 -0.700949
vn 0.660172 0.366364 -0.655706
vn -0.423499 0.802318 0.420635
vn -0.653656 0.388880 0.649235
vn -0.702547 -0.139676 0.697795
vn -0.611406 -0.507352 0.607270
vn -0.575983 -0.583919 0.572086
vn -0.683225 -0.269630 0.678604
vn -0.709502 0.000000 0.704703
vn 0.705782 0.039331 -0.707336
vn 0.703289 0.092679 -0.704837
vn 0.671458 0.310323 -0.672937
vn -0.394709 0.829291 0.395578
vn -0.660345 0.354917 0.661799
vn -0.701191 -0.120389 0.702735
vn -0.625418 -0.464736 0.626796
vn -0.577866 -0.575038 0.579139
vn -0.680169 -0.269630 0.681667
vn -0.706329 0.000000 0.707884
vn 0.702619 0.038171 -0.710541
vn 0.700338 0.089059 -0.708234
vn 0.672466 0.292102 -0.680048
vn -0.381380 0.840119 0.385680
vn -0.660540 0.342752 0.667988
vn -0.698545 -0.114040 0.706421
vn -0.628173 -0.449276 0.635255
vn -0.576982 -0.571520 0.583487
vn -0.677091 -0.269630 0.684725
vn -0.703132 0.000000 0.711059
vn 0.699378 0.039061 -0.713684
vn 0.696955 0.091829 -0.711211
vn 0.666341 0.305988 -0.679971
vn -0.388547 0.831759 0.396495
vn -0.655097 0.352077 0.668498
vn -0.694949 -0.118883 0.709164
vn -0.621053 -0.461136 0.633756
vn -0.573012 -0.574234 0.584733
vn -0.673990 -0.269630 0.687777
vn -0.699912 0.000000 0.714229
vn 0.696112 0.039994 -0.716818
vn 0.693533 0.094777 -0.714163
vn 0.659758 0.321181 -0.679383
vn -0.395355 0.823379 0.407115
vn -0.649451 0.361886 0.668769
vn -0.691279 -0.124152 0.711842
vn -0.613604 -0.473548 0.631856
vn -0.569016 -0.576968 0.585942
vn -0.670868 -0.269630 0.690823
vn -0.696669 0.000000 0.717392
vn 0.692758 0.043164 -0.719878
vn 0.689560 0.105154 -0.716555
vn 0.641901 0.378196 -0.667031
vn -0.418263 0.797588 0.434638
vn -0.636877 0.395469 0.661810
vn -0.686206 -0.143715 0.713069
vn -0.594163 -0.515518 0.617423
vn -0.562123 -0.585501 0.584129
vn -0.667723 -0.269630 0.693863
vn -0.693404 0.000000 0.720549
vn 0.689429 0.044601 -0.722979
vn 0.685924 0.110046 -0.719304
vn 0.630367 0.407012 -0.661043
vn -0.425637 0.787150 0.446350
vn -0.629200 0.410786 0.659820
vn -0.681934 -0.153526 0.715120
vn -0.583323 -0.534363 0.611711
vn -0.557694 -0.589022 0.584834
vn -0.664556 -0.269630 0.696897
vn -0.690115 0.000000 0.723699
vn 0.686156 0.043444 -0.726156
vn 0.682928 0.106098 -0.722740
vn 0.634246 0.383660 -0.671221
vn -0.416175 0.795496 0.440437
vn -0.629930 0.398450 0.666653
vn -0.679487 -0.145578 0.719099
vn -0.586978 -0.519202 0.621197
vn -0.556424 -0.586203 0.588862
vn -0.661368 -0.269630 0.699923
vn -0.686804 0.000000 0.726843
vn 0.682857 0.042346 -0.729324
vn 0.679876 0.102421 -0.726140
vn 0.636945 0.362644 -0.680287
vn -0.406535 0.803866 0.434199
vn -0.630280 0.386770 0.673169
vn -0.676892 -0.138405 0.722953
vn -0.590024 -0.504729 0.630174
vn -0.555102 -0.583403 0.592876
vn -0.658157 -0.269630 0.702943
vn -0.683470 0.000000 0.729979
vn 0.679585 0.039420 -0.732537
vn 0.677169 0.092957 -0.729933
vn 0.646219 0.311752 -0.696572
vn -0.380865 0.828491 0.410542
vn -0.635596 0.355845 0.685121
vn -0.675126 -0.120885 0.727731
vn -0.601786 -0.465912 0.648676
vn -0.556294 -0.575299 0.599640
vn -0.654925 -0.269630 0.705956
vn -0.680113 0.000000 0.733107
vn 0.676237 0.038332 -0.735686
vn 0.674015 0.089558 -0.733269
vn 0.646706 0.294576 -0.703560
vn -0.368673 0.838577 0.401084
vn -0.635324 0.344440 0.691177
vn -0.672252 -0.114905 0.731351
vn -0.603856 -0.451427 0.656942
vn -0.555084 -0.572020 0.603883
vn -0.651671 -0.269630 0.708961
vn -0.676734 0.000000 0.736227
vn 0.672814 0.039230 -0.738771
vn 0.670455 0.092360 -0.736180
vn 0.640449 0.308691 -0.703232
vn -0.375347 0.830213 0.412143
vn -0.629769 0.353852 0.691506
vn -0.668481 -0.119823 0.734013
vn -0.596678 -0.463386 0.655171
vn -0.551013 -0.574738 0.605030
vn -0.648395 -0.269630 0.711958
vn -0.673333 0.000000 0.739340
vn 0.669368 0.040171 -0.741844
vn 0.666857 0.095342 -0.739062
vn 0.633739 0.324144 -0.702357
vn -0.381669 0.821829 0.422995
vn -0.624017 0.363753 0.691583
vn -0.664639 -0.125176 0.736604
vn -0.589183 -0.475903 0.652978
vn -0.546919 -0.577475 0.606137
vn -0.645098 -0.269630 0.714947
vn -0.669908 0.000000 0.742444
vn 0.665844 0.043058 -0.744848
vn 0.662792 0.104798 -0.741434
vn 0.617517 0.376149 -0.690786
vn -0.401307 0.798386 0.448923
vn -0.612454 0.394342 0.685123
vn -0.659611 -0.143017 0.737875
vn -0.571635 -0.514124 0.639461
vn -0.540411 -0.585233 0.604532
vn -0.641779 -0.269630 0.717927
vn -0.666462 0.000000 0.745539
vn 0.662340 0.044382 -0.747888
vn 0.659022 0.109295 -0.744141
vn 0.606915 0.402508 -0.685304
vn -0.407603 0.788689 0.460249
vn -0.605166 0.408456 0.683329
vn -0.655290 -0.151994 0.739927
vn -0.561590 -0.531510 0.634125
vn -0.536029 -0.588500 0.605262
vn -0.638439 -0.269630 0.720899
vn -0.662993 0.000000 0.748625
vn 0.658886 0.043237 -0.750999
vn 0.655829 0.105399 -0.747515
vn 0.610136 0.379612 -0.695434
vn -0.398291 0.797040 0.453973
vn -0.605519 0.396245 0.690172
vn -0.652610 -0.144198 0.743846
vn -0.564733 -0.516478 0.643683
vn -0.534553 -0.585684 0.609284
vn -0.635077 -0.269630 0.723862
vn -0.659503 0.000000 0.751702
vn 0.655407 0.042149 -0.754099
vn 0.652584 0.101770 -0.750851
vn 0.612262 0.358993 -0.704457
vn -0.388814 0.805414 0.447362
vn -0.605511 0.384680 0.696690
vn -0.649790 -0.137156 0.747637
vn -0.567295 -0.502129 0.652719
vn -0.533026 -0.582889 0.613290
vn -0.631695 -0.269630 0.726816
vn -0.655990 0.000000 0.754770
vn 0.651946 0.039508 -0.757236
vn 0.649613 0.093238 -0.754526
vn 0.619630 0.313193 -0.719701
vn -0.366148 0.827691 0.425281
vn -0.609516 0.356779 0.707954
vn -0.647631 -0.121385 0.752223
vn -0.576906 -0.467093 0.670077
vn -0.533552 -0.575559 0.619721
vn -0.628291 -0.269630 0.729760
vn -0.652455 0.000000 0.757827
vn 0.648418 0.038495 -0.760311
vn 0.646262 0.090062 -0.757783
vn 0.619601 0.297090 -0.726521
vn -0.355045 0.837034 0.416313
vn -0.608785 0.346143 0.713839
vn -0.644535 -0.115783 0.755758
vn -0.578304 -0.453595 0.678098
vn -0.532026 -0.572520 0.623834
vn -0.624866 -0.269630 0.732695
vn -0.648899 0.000000 0.760875
vn 0.644820 0.039400 -0.763319
vn 0.642530 0.092897 -0.760608
vn 0.613226 0.311439 -0.725920
vn -0.361215 0.828665 0.427596
vn -0.603131 0.355643 0.713969
vn -0.640597 -0.120777 0.758320
vn -0.571087 -0.465655 0.676036
vn -0.527862 -0.575242 0.624867
vn -0.621421 -0.269630 0.735620
vn -0.645321 0.000000 0.763912
vn 0.641198 0.040350 -0.766314
vn 0.638762 0.095914 -0.763402
vn 0.606407 0.327159 -0.724733
vn -0.367040 0.820280 0.438660
vn -0.597286 0.365638 0.713833
vn -0.636589 -0.126218 0.760805
vn -0.563565 -0.478278 0.673532
vn -0.523676 -0.577983 0.625859
vn -0.617954 -0.269630 0.738534
vn -0.641721 0.000000 0.766938
vn 0.637511 0.042953 -0.769243
vn 0.634610 0.104444 -0.765742
vn 0.591761 0.374122 -0.714039
vn -0.383553 0.799185 0.462808
vn -0.586697 0.393221 0.707929
vn -0.631604 -0.142326 0.762115
vn -0.547838 -0.512736 0.661041
vn -0.517536 -0.584966 0.624477
vn -0.614467 -0.269630 0.741438
vn -0.638100 0.000000 0.769954
vn 0.633838 0.044166 -0.772203
vn 0.630708 0.108554 -0.768390
vn 0.582017 0.398092 -0.709069
vn -0.388802 0.790230 0.473677
vn -0.579771 0.406150 0.706334
vn -0.627232 -0.150492 0.764155
vn -0.538541 -0.528680 0.656103
vn -0.513198 -0.587978 0.625228
vn -0.610960 -0.269630 0.744330
vn -0.634458 0.000000 0.772958
vn 0.630210 0.043032 -0.775232
vn 0.627327 0.104709 -0.771685
vn 0.584598 0.375641 -0.719124
vn -0.379663 0.798585 0.467030
vn -0.579753 0.394062 0.713163
vn -0.624325 -0.142844 0.767993
vn -0.541173 -0.513777 0.665706
vn -0.511519 -0.585166 0.629228
vn -0.607432 -0.269630 0.747212
vn -0.630794 0.000000 0.775950
vn 0.626557 0.041954 -0.778245
vn 0.623895 0.101126 -0.774938
vn 0.586166 0.355409 -0.728075
vn -0.370373 0.806962 0.460039
vn -0.579392 0.382612 0.719662
vn -0.621289 -0.135929 0.771701
vn -0.543255 -0.499551 0.674776
vn -0.509790 -0.582374 0.633209
vn -0.603884 -0.269630 0.750083
vn -0.627110 0.000000 0.778931
vn 0.622915 0.039598 -0.781286
vn 0.620672 0.093519 -0.778473
vn 0.591741 0.314647 -0.742186
vn -0.350579 0.826891 0.439711
vn -0.582154 0.357716 0.730162
vn -0.618756 -0.121890 0.776070
vn -0.550828 -0.468279 0.690871
vn -0.509681 -0.575820 0.639262
vn -0.600316 -0.269630 0.752941
vn -0.623404 0.000000 0.781900
vn 0.619215 0.038659 -0.784269
vn 0.617131 0.090573 -0.781630
vn 0.591205 0.299645 -0.748792
vn -0.340517 0.835490 0.431282
vn -0.580977 0.347862 0.735838
vn -0.615446 -0.116674 0.779495
vn -0.551571 -0.455781 0.698594
vn -0.507851 -0.573022 0.643221
vn -0.596728 -0.269630 0.755788
vn -0.619678 0.000000 0.784856
vn 0.615449 0.039572 -0.787182
vn 0.613237 0.093440 -0.784353
vn 0.584732 0.314234 -0.747894
vn -0.346172 0.827117 0.442766
vn -0.575239 0.357450 0.735751
vn -0.611350 -0.121747 0.781939
vn -0.544335 -0.467943 0.696224
vn -0.503603 -0.575747 0.644127
vn -0.593120 -0.269630 0.758622
vn -0.615932 0.000000 0.787799
vn 0.611662 0.040530 -0.790080
vn 0.609309 0.096493 -0.787040
vn 0.577823 0.330227 -0.746371
vn -0.351492 0.818730 0.454020
vn -0.569318 0.367541 0.735385
vn -0.607187 -0.127276 0.784299
vn -0.536807 -0.480674 0.693391
vn -0.499336 -0.578491 0.644989
vn -0.589493 -0.269630 0.761445
vn -0.612165 0.000000 0.790730
vn 0.607819 0.042848 -0.792918
vn 0.605073 0.104093 -0.789336
vn 0.564688 0.372115 -0.736653
vn -0.365040 0.799984 0.476206
vn -0.559659 0.392106 0.730092
vn -0.602244 -0.141640 0.785646
vn -0.522822 -0.511354 0.682037
vn -0.493547 -0.584698 0.643847
vn -0.585846 -0.269630 0.764254
vn -0.608378 0.000000 0.793647
vn 0.603987 0.043952 -0.795781
vn 0.601046 0.107823 -0.791907
vn 0.555729 0.393764 -0.732199
vn -0.369283 0.791771 0.486548
vn -0.553072 0.403867 0.728699
vn -0.597821 -0.149019 0.787657
vn -0.514225 -0.525875 0.677516
vn -0.489252 -0.587457 0.644613
vn -0.582180 -0.269630 0.767050
vn -0.604571 0.000000 0.796551
vn 0.600193 0.042828 -0.798708
vn 0.597485 0.104029 -0.795104
vn 0.557691 0.371746 -0.742149
vn -0.360341 0.800131 0.479525
vn -0.552689 0.391900 0.735492
vn -0.594698 -0.141515 0.791396
vn -0.516353 -0.511099 0.687137
vn -0.487376 -0.584649 0.648576
vn -0.578495 -0.269630 0.769833
vn -0.600744 0.000000 0.799441
vn 0.596377 0.041761 -0.801617
vn 0.593876 0.100491 -0.798256
vn 0.558721 0.351891 -0.751002
vn -0.351263 0.808511 0.472149
vn -0.551984 0.380563 0.741947
vn -0.591456 -0.134723 0.795003
vn -0.517960 -0.496995 0.696214
vn -0.485450 -0.581861 0.652515
vn -0.574791 -0.269630 0.772603
vn -0.596898 0.000000 0.802317
vn 0.592565 0.039687 -0.804545
vn 0.590417 0.093803 -0.801629
vn 0.562622 0.316114 -0.763891
vn -0.334195 0.826091 0.453748
vn -0.553577 0.358658 0.751610
vn -0.588573 -0.122398 0.799125
vn -0.523616 -0.469471 0.710931
vn -0.484740 -0.576082 0.658147
vn -0.571068 -0.269630 0.775358
vn -0.593032 0.000000 0.805179
vn 0.588703 0.038824 -0.807417
vn 0.586697 0.091089 -0.804667
vn 0.561593 0.302242 -0.770236
vn -0.325119 0.833945 0.445907
vn -0.551972 0.349597 0.757040
vn -0.585060 -0.117579 0.802421
vn -0.523727 -0.457986 0.718302
vn -0.482623 -0.573523 0.661926
vn -0.567327 -0.269630 0.778100
vn -0.589147 0.000000 0.808026
vn 0.584780 0.039746 -0.810218
vn 0.582652 0.093989 -0.807269
vn 0.555044 0.317077 -0.769018
vn -0.330253 0.825569 0.457568
vn -0.546167 0.359275 0.756719
vn -0.580818 -0.122732 0.804728
vn -0.516496 -0.470251 0.715609
vn -0.478302 -0.576252 0.662692
vn -0.563567 -0.269630 0.780827
vn -0.585243 0.000000 0.810858
vn 0.580838 0.040712 -0.813001
vn 0.578574 0.097079 -0.809832
vn 0.548070 0.333350 -0.767136
vn -0.335062 0.817180 0.468988
vn -0.540189 0.369463 0.756104
vn -0.576511 -0.128352 0.806945
vn -0.508986 -0.483090 0.712430
vn -0.473966 -0.579000 0.663412
vn -0.559790 -0.269630 0.783540
vn -0.581319 0.000000 0.813675
vn 0.576850 0.042743 -0.815731
vn 0.574262 0.103744 -0.812071
vn 0.536373 0.370127 -0.758492
vn -0.345823 0.800783 0.489033
vn -0.531414 0.390996 0.751479
vn -0.571613 -0.140962 0.808325
vn -0.496653 -0.509978 0.702323
vn -0.468509 -0.584431 0.662525
vn -0.555994 -0.269630 0.786238
vn -0.577378 0.000000 0.816477
vn 0.572869 0.043740 -0.818479
vn 0.570120 0.107101 -0.814551
vn 0.528128 0.389520 -0.754556
vn -0.349105 0.793313 0.498779
vn -0.525143 0.401607 0.750291
vn -0.567139 -0.147574 0.810293
vn -0.488710 -0.523094 0.698238
vn -0.464258 -0.586937 0.663302
vn -0.552181 -0.269630 0.788921
vn -0.573418 0.000000 0.819263
vn 0.568922 0.042627 -0.821286
vn 0.566390 0.103357 -0.817631
vn 0.529496 0.367925 -0.764372
vn -0.340386 0.801678 0.491376
vn -0.524406 0.389760 0.757024
vn -0.563815 -0.140210 0.813913
vn -0.490341 -0.508445 0.707848
vn -0.462190 -0.584133 0.667210
vn -0.548350 -0.269630 0.791588
vn -0.569440 0.000000 0.822033
vn 0.564955 0.041569 -0.824074
vn 0.562617 0.099864 -0.820664
vn 0.530008 0.348438 -0.773099
vn -0.331546 0.810060 0.483612
vn -0.523367 0.378534 0.763412
vn -0.560379 -0.133539 0.817400
vn -0.491483 -0.494460 0.716905
vn -0.460076 -0.581348 0.671092
vn -0.544502 -0.269630 0.794240
vn -0.565443 0.000000 0.824787
vn 0.560985 0.039777 -0.826870
vn 0.558939 0.094088 -0.823854
vn 0.532363 0.317593 -0.784681
vn -0.317044 0.825291 0.467310
vn -0.523872 0.359605 0.772167
vn -0.557173 -0.122910 0.821250
vn -0.495355 -0.470668 0.730134
vn -0.458805 -0.576343 0.676260
vn -0.540636 -0.269630 0.796876
vn -0.561429 0.000000 0.827525
vn 0.556974 0.038991 -0.829614
vn 0.555054 0.091611 -0.826754
vn 0.530860 0.304882 -0.790718
vn -0.308897 0.832400 0.460102
vn -0.521861 0.351348 0.777313
vn -0.553471 -0.118498 0.824396
vn -0.494864 -0.460210 0.737100
vn -0.456418 -0.574026 0.679836
vn -0.536754 -0.269630 0.799497
vn -0.557398 0.000000 0.830245
vn 0.552908 0.039921 -0.832285
vn 0.550871 0.094545 -0.829218
vn 0.524259 0.319969 -0.789160
vn -0.313506 0.824020 0.471916
vn -0.516009 0.361118 0.776742
vn -0.549097 -0.123733 0.826549
vn -0.487661 -0.472578 0.734069
vn -0.452039 -0.576758 0.680449
vn -0.532855 -0.269630 0.802100
vn -0.553349 0.000000 0.832949
vn 0.548824 0.040895 -0.834937
vn 0.546657 0.097671 -0.831641
vn 0.517246 0.336529 -0.786896
vn -0.317801 0.815631 0.483477
vn -0.509994 0.371403 0.775865
vn -0.544662 -0.129447 0.828605
vn -0.480196 -0.485527 0.730531
vn -0.447647 -0.579510 0.681014
vn -0.528940 -0.269630 0.804687
vn -0.549284 0.000000 0.835636
vn 0.544705 0.042640 -0.837543
vn 0.542279 0.103398 -0.833812
vn 0.506908 0.368159 -0.779425
vn -0.325967 0.801582 0.501210
vn -0.502054 0.389892 0.771962
vn -0.539809 -0.140290 0.830015
vn -0.469417 -0.508608 0.721779
vn -0.442504 -0.584165 0.680398
vn -0.525009 -0.269630 0.807258
vn -0.545201 0.000000 0.838305
vn 0.540589 0.043530 -0.840160
vn 0.538031 0.106390 -0.836184
vn 0.499311 0.385359 -0.776007
vn -0.328339 0.794857 0.510290
vn -0.496077 0.399370 0.770981
vn -0.535291 -0.146157 0.831926
vn -0.462080 -0.520337 0.718145
vn -0.438298 -0.586418 0.681183
vn -0.521062 -0.269630 0.809811
vn -0.541102 0.000000 0.840957
vn 0.536503 0.042428 -0.842831
vn 0.534148 0.102693 -0.839131
vn 0.500112 0.364176 -0.785662
vn -0.319870 0.803225 0.502506
vn -0.495000 0.387641 0.777631
vn -0.531779 -0.138928 0.835410
vn -0.463228 -0.505813 0.727718
vn -0.436049 -0.583617 0.685020
vn -0.517099 -0.269630 0.812347
vn -0.536987 0.000000 0.843591
vn 0.532399 0.041380 -0.845481
vn 0.530225 0.099244 -0.842029
vn 0.500130 0.345047 -0.794237
vn -0.311295 0.811609 0.494354
vn -0.493641 0.376525 0.783931
vn -0.528166 -0.132375 0.838759
vn -0.463917 -0.491948 0.736728
vn -0.433755 -0.580836 0.688829
vn -0.513121 -0.269630 0.814866
vn -0.532856 0.000000 0.846206
vn 0.528288 0.039867 -0.848129
vn 0.526349 0.094375 -0.845015
vn 0.501071 0.319086 -0.804433
vn -0.299184 0.824490 0.480318
vn -0.493146 0.360557 0.791711
vn -0.524666 -0.123427 0.842313
vn -0.466146 -0.471870 0.748363
vn -0.431967 -0.576605 0.693492
vn -0.509127 -0.269630 0.817367
vn -0.528709 0.000000 0.848803
vn 0.524144 0.039160 -0.850729
vn 0.522315 0.092139 -0.847760
vn 0.499120 0.307566 -0.810113
vn -0.291906 0.830853 0.473787
vn -0.490755 0.353115 0.796536
vn -0.520792 -0.119432 0.845288
vn -0.465086 -0.462452 0.754873
vn -0.429333 -0.574529 0.696843
vn -0.505119 -0.269630 0.819850
vn -0.524546 0.000000 0.851382
vn 0.519950 0.040097 -0.853255
vn 0.518010 0.095107 -0.850071
vn 0.492492 0.322911 -0.808196
vn -0.295989 0.822471 0.485728
vn -0.484878 0.362978 0.795701
vn -0.516303 -0.124750 0.847271
vn -0.457938 -0.474925 0.751491
vn -0.424910 -0.577265 0.697292
vn -0.501096 -0.269630 0.822315
vn -0.520368 0.000000 0.853942
vn 0.515740 0.041081 -0.855760
vn 0.513677 0.098272 -0.852337
vn 0.485469 0.339764 -0.805531
vn -0.299770 0.814081 0.497404
vn -0.478849 0.373362 0.794547
vn -0.511758 -0.130560 0.849151
vn -0.450545 -0.487984 0.747583
vn -0.420478 -0.580020 0.697692
vn -0.497059 -0.269630 0.824762
vn -0.516176 0.000000 0.856483
vn 0.511505 0.042536 -0.858227
vn 0.509243 0.103054 -0.854431
vn 0.476403 0.366211 -0.799331
vn -0.305549 0.802382 0.512663
vn -0.471689 0.388794 0.791422
vn -0.506954 -0.139624 0.850590
vn -0.441216 -0.507244 0.740292
vn -0.415630 -0.583898 0.697363
vn -0.493007 -0.269630 0.827190
vn -0.511969 0.000000 0.859004
vn 0.507270 0.043322 -0.860697
vn 0.504903 0.105687 -0.856681
vn 0.469392 0.381278 -0.796428
vn -0.307070 0.796401 0.521013
vn -0.465986 0.397156 0.790648
vn -0.502398 -0.144766 0.852431
vn -0.434439 -0.517603 0.737123
vn -0.411470 -0.585899 0.698151
vn -0.488942 -0.269630 0.829599
vn -0.507747 0.000000 0.861506
vn 0.503062 0.042230 -0.863218
vn 0.500883 0.102038 -0.859479
vn 0.469656 0.360496 -0.805895
vn -0.298876 0.804773 0.512849
vn -0.464585 0.385543 0.797193
vn -0.498717 -0.137670 0.855762
vn -0.435119 -0.503203 0.746631
vn -0.409052 -0.583102 0.701904
vn -0.484863 -0.269630 0.831990
vn -0.503511 0.000000 0.863989
vn 0.498838 0.041192 -0.865716
vn 0.496828 0.098632 -0.862226
vn 0.469208 0.341717 -0.814293
vn -0.290591 0.813159 0.504311
vn -0.462922 0.374536 0.803384
vn -0.494944 -0.131231 0.858958
vn -0.435370 -0.489456 0.755569
vn -0.406592 -0.580324 0.705625
vn -0.480771 -0.269630 0.834361
vn -0.499262 0.000000 0.866451
vn 0.494604 0.039958 -0.868200
vn 0.492776 0.094664 -0.864992
vn 0.468872 0.320592 -0.823031
vn -0.280685 0.823690 0.492698
vn -0.461521 0.361513 0.810128
vn -0.491182 -0.123948 0.862193
vn -0.436105 -0.473077 0.765513
vn -0.404334 -0.576866 0.709746
vn -0.476666 -0.269630 0.836713
vn -0.494999 0.000000 0.868893
vn 0.490343 0.039330 -0.870641
vn 0.488611 0.092674 -0.867566
vn 0.466501 0.310296 -0.828308
vn -0.274213 0.829306 0.486887
vn -0.458779 0.354899 0.814597
vn -0.487154 -0.120380 0.864979
vn -0.434516 -0.464713 0.771516
vn -0.401475 -0.575033 0.712850
vn -0.472549 -0.269630 0.839046
vn -0.490723 0.000000 0.871316
vn 0.486039 0.040275 -0.873008
vn 0.484202 0.095676 -0.869709
vn 0.459876 0.325904 -0.826015
vn -0.277774 0.820921 0.498929
vn -0.452901 0.364855 0.813487
vn -0.482571 -0.125784 0.866778
vn -0.427451 -0.477292 0.767774
vn -0.397026 -0.577772 0.713126
vn -0.468418 -0.269630 0.841358
vn -0.486434 0.000000 0.873717
vn 0.481722 0.041268 -0.875352
vn 0.479770 0.098879 -0.871805
vn 0.452874 0.343059 -0.822931
vn -0.281044 0.812531 0.510693
vn -0.446882 0.375340 0.812045
vn -0.477933 -0.131692 0.868468
vn -0.420160 -0.490463 0.763486
vn -0.392570 -0.580532 0.713352
vn -0.464276 -0.269630 0.843651
vn -0.482132 0.000000 0.876098
vn 0.477388 0.042433 -0.877667
vn 0.475291 0.102712 -0.873813
vn 0.444987 0.364281 -0.818099
vn -0.284653 0.803181 0.523328
vn -0.440446 0.387701 0.809750
vn -0.473182 -0.138964 0.869935
vn -0.412166 -0.505887 0.757758
vn -0.387998 -0.583631 0.713325
vn -0.460122 -0.269630 0.845924
vn -0.477819 0.000000 0.878459
vn 0.473052 0.043116 -0.879979
vn 0.470876 0.104994 -0.875929
vn 0.438502 0.377276 -0.815708
vn -0.285388 0.797945 0.530883
vn -0.434996 0.394963 0.809186
vn -0.468599 -0.143402 0.871694
vn -0.405904 -0.514892 0.755068
vn -0.383888 -0.585381 0.714114
vn -0.455956 -0.269630 0.848177
vn -0.473493 0.000000 0.880798
vn 0.468741 0.042034 -0.882335
vn 0.466737 0.101392 -0.878565
vn 0.438261 0.356885 -0.824961
vn -0.277495 0.806321 0.522344
vn -0.433291 0.383466 0.815606
vn -0.464768 -0.136434 0.874858
vn -0.406133 -0.500616 0.764486
vn -0.381314 -0.582587 0.717768
vn -0.451780 -0.269630 0.850409
vn -0.469155 0.000000 0.883116
vn 0.462712 0.044723 -0.885380
vn 0.452758 0.163554 -0.876505
vn 0.021769 0.968398 -0.248457
vn -0.443599 0.611135 0.655541
vn -0.496614 0.149008 0.855085
vn -0.430643 -0.426289 0.795502
vn 0.405842 0.042587 -0.912951
vn 0.382957 0.151972 -0.911180
vn -0.208350 0.810798 -0.546989
vn -0.691523 0.600398 0.401644
vn -0.710047 0.145804 0.688894
vn -0.611795 -0.423421 0.668148
vn 0.468017 0.042534 -0.882695
vn 0.452193 0.149738 -0.879261
vn -0.002241 0.876475 -0.481442
vn -0.558520 0.606281 0.566108
vn -0.505480 0.133648 0.852425
vn -0.380091 -0.383872 0.841530
vn 0.472710 0.039384 -0.880338
vn 0.466054 0.132465 -0.874784
vn 0.232185 0.801691 -0.550801
vn -0.433804 0.577915 0.691251
vn -0.463609 0.112729 0.878839
vn -0.409032 -0.341819 0.846080
vn 0.406798 0.037291 -0.912756
vn 0.393227 0.122916 -0.911189
vn 0.031632 0.672516 -0.739406
vn -0.652991 0.575951 0.491816
vn -0.691162 0.111242 0.714087
vn -0.646027 -0.342688 0.682066
vn 0.436693 0.038621 -0.898781
vn 0.429859 0.129363 -0.893581
vn 0.170803 0.772215 -0.611972
vn -0.485875 0.581443 0.652571
vn -0.577695 0.114668 0.808158
vn -0.559719 -0.351863 0.750271
vn 0.496554 0.040341 -0.867068
vn 0.510420 0.137845 -0.848805
vn 0.572679 0.806300 -0.148048
vn -0.054160 0.485100 0.872780
vn -0.320721 0.109748 0.940794
vn -0.410823 -0.351456 0.841251
vn 0.479202 0.043307 -0.876635
vn 0.481605 0.154881 -0.862594
vn 0.293739 0.943309 -0.154547
vn -0.244829 0.563785 0.788800
vn -0.406466 0.133150 0.903912
vn -0.422137 -0.399369 0.813821
vn 0.456377 0.044423 -0.888677
vn 0.443221 0.161734 -0.881701
vn -0.033740 0.948799 -0.314074
vn -0.500981 0.612748 0.611194
vn -0.527308 0.148359 0.836622
vn -0.442787 -0.424141 0.789965
vn 0.529125 0.044172 -0.847393
vn 0.533997 0.158643 -0.830470
vn 0.393935 0.918902 -0.020828
vn -0.160050 0.542467 0.824690
vn -0.251465 0.125588 0.959684
vn -0.221520 -0.370580 0.901997
vn 0.510459 0.042845 -0.858834
vn 0.506826 0.150988 -0.848722
vn 0.271969 0.926034 -0.261713
vn -0.316667 0.576506 0.753235
vn -0.333965 0.124263 0.934358
vn -0.259927 -0.362655 0.894941
vn 0.456395 0.039270 -0.888910
vn 0.446640 0.132136 -0.884902
vn 0.147379 0.785308 -0.601307
vn -0.509851 0.583247 0.632357
vn -0.525346 0.115095 0.843069
vn -0.462514 -0.348917 0.815069
vn 0.497280 0.038637 -0.866729
vn 0.502321 0.128454 -0.855087
vn 0.492467 0.775260 -0.395535
vn -0.188996 0.522832 0.831220
vn -0.348112 0.102935 0.931785
vn -0.365888 -0.323774 0.872523
vn 0.481188 0.039367 -0.875733
vn 0.482359 0.132513 -0.865893
vn 0.384201 0.815214 -0.433378
vn -0.278040 0.550635 0.787080
vn -0.410390 0.110277 0.905218
vn -0.412699 -0.341392 0.844471
vn 0.417826 0.039534 -0.907666
vn 0.410361 0.134623 -0.901932
vn 0.102106 0.809386 -0.578333
vn -0.505524 0.586518 0.632805
vn -0.633158 0.121017 0.764504
vn -0.632265 -0.366739 0.682454
vn 0.417240 0.042379 -0.907808
vn 0.404979 0.150619 -0.901835
vn -0.043846 0.890447 -0.452970
vn -0.542842 0.602630 0.584944
vn -0.641921 0.139155 0.754038
vn -0.613558 -0.408662 0.675679
vn 0.481003 0.044528 -0.875587
vn 0.474195 0.161897 -0.865406
vn 0.111072 0.972089 -0.206654
vn -0.383252 0.599211 0.702896
vn -0.431100 0.142866 0.890922
vn -0.365885 -0.411428 0.834779
vn 0.449163 0.043002 -0.892415
vn 0.435479 0.153239 -0.887060
vn -0.022279 0.907301 -0.419891
vn -0.533495 0.602744 0.593366
vn -0.553384 0.138991 0.821248
vn -0.472623 -0.405263 0.782553
vn 0.406740 0.041377 -0.912606
vn 0.375615 0.144036 -0.915515
vn -0.282972 0.707391 -0.647707
vn -0.792716 0.542514 0.277993
vn -0.728013 0.131971 0.672741
vn -0.566014 -0.393524 0.724408
vn 0.496611 0.039772 -0.867061
vn 0.494649 0.134303 -0.858653
vn 0.352787 0.824409 -0.442596
vn -0.314910 0.561074 0.765525
vn -0.372315 0.110546 0.921499
vn -0.330841 -0.336444 0.881674
vn 0.530110 0.039001 -0.847032
vn 0.543033 0.130032 -0.829582
vn 0.646467 0.732382 -0.213770
vn -0.012040 0.475463 0.879654
vn -0.221398 0.098410 0.970205
vn -0.268466 -0.314868 0.910376
vn 0.456382 0.039277 -0.888916
vn 0.453121 0.132392 -0.881563
vn 0.259588 0.811720 -0.523188
vn -0.390994 0.571625 0.721365
vn -0.503292 0.114143 0.856545
vn -0.495416 -0.350336 0.794876
vn 0.478582 0.040442 -0.877111
vn 0.484976 0.138554 -0.863482
vn 0.441468 0.847060 -0.295965
vn -0.182830 0.539273 0.822045
vn -0.399059 0.116385 0.909509
vn -0.449028 -0.360560 0.817539
vn 0.530187 0.043473 -0.846765
vn 0.541869 0.154966 -0.826053
vn 0.510765 0.859413 0.022972
vn -0.048079 0.515549 0.855510
vn -0.221136 0.122849 0.967474
vn -0.246547 -0.373773 0.894152
vn 0.486931 0.044341 -0.872314
vn 0.482842 0.160765 -0.860824
vn 0.173154 0.968813 -0.177255
vn -0.335559 0.591869 0.732865
vn -0.403597 0.140479 0.904088
vn -0.352954 -0.407594 0.842194
vn 0.434381 0.042674 -0.899718
vn 0.418391 0.151526 -0.895538
vn -0.080399 0.881343 -0.465587
vn -0.583437 0.595316 0.552449
vn -0.604081 0.137562 0.784960
vn -0.525140 -0.403899 0.749062
vn 0.471940 0.041983 -0.880631
vn 0.461169 0.146840 -0.875078
vn 0.093107 0.892721 -0.440887
vn -0.481641 0.592187 0.646016
vn -0.476588 0.128480 0.869687
vn -0.388376 -0.378568 0.840149
vn 0.468777 0.039598 -0.882428
vn 0.462236 0.133765 -0.876610
vn 0.219122 0.815062 -0.536339
vn -0.434944 0.576307 0.691877
vn -0.475258 0.114517 0.872362
vn -0.425907 -0.348228 0.835069
vn 0.406319 0.038077 -0.912938
vn 0.392085 0.126557 -0.911182
vn -0.001665 0.707320 -0.706891
vn -0.650733 0.561830 0.510778
vn -0.685284 0.110489 0.719846
vn -0.641331 -0.340313 0.687664
vn 0.440514 0.039330 -0.896884
vn 0.434037 0.132810 -0.891052
vn 0.168971 0.804957 -0.568765
vn -0.468435 0.577373 0.668737
vn -0.562030 0.115692 0.818986
vn -0.545107 -0.353366 0.760257
vn 0.481136 0.040624 -0.875704
vn 0.487959 0.139495 -0.861648
vn 0.450611 0.847058 -0.281855
vn -0.169151 0.541709 0.823371
vn -0.389023 0.117433 0.913713
vn -0.440003 -0.362378 0.821632
vn 0.433231 0.042529 -0.900279
vn 0.424551 0.150892 -0.892742
vn 0.040188 0.916829 -0.397253
vn -0.473638 0.595504 0.648877
vn -0.582846 0.135650 0.801180
vn -0.564409 -0.400239 0.721977
vn 0.458939 0.043871 -0.887384
vn 0.446324 0.158262 -0.880765
vn -0.013354 0.942123 -0.335001
vn -0.499399 0.600918 0.624098
vn -0.518561 0.142398 0.843100
vn -0.434908 -0.412670 0.800349
vn 0.530020 0.043198 -0.846884
vn 0.535066 0.153464 -0.830755
vn 0.434944 0.895850 -0.090975
vn -0.144119 0.550591 0.822241
vn -0.240721 0.124879 0.962527
vn -0.211527 -0.370417 0.904460
vn 0.506424 0.041996 -0.861261
vn 0.503796 0.146675 -0.851279
vn 0.304106 0.902843 -0.303963
vn -0.304425 0.575908 0.758719
vn -0.340586 0.123169 0.932111
vn -0.277736 -0.364896 0.888658
vn 0.456371 0.039601 -0.888908
vn 0.446821 0.133894 -0.884547
vn 0.139114 0.805990 -0.575349
vn -0.503378 0.576625 0.643517
vn -0.523664 0.115666 0.844036
vn -0.463779 -0.351684 0.813159
vn 0.502032 0.039007 -0.863969
vn 0.508310 0.130488 -0.851231
vn 0.516336 0.775854 -0.362556
vn -0.149946 0.530739 0.834166
vn -0.325747 0.106387 0.939452
vn -0.349348 -0.332232 0.876115
vn 0.530210 0.040034 -0.846921
vn 0.541704 0.135740 -0.829537
vn 0.611359 0.767097 -0.194426
vn -0.023487 0.503831 0.863483
vn -0.217423 0.106926 0.970203
vn -0.251728 -0.334660 0.908094
vn 0.420312 0.040360 -0.906482
vn 0.410194 0.138546 -0.901414
vn 0.041489 0.830125 -0.556032
vn -0.538809 0.579927 0.611040
vn -0.628444 0.121458 0.768314
vn -0.608064 -0.366194 0.704386
vn 0.420821 0.042390 -0.906153
vn 0.407947 0.150041 -0.900593
vn -0.051953 0.889918 -0.453152
vn -0.551859 0.589284 0.590081
vn -0.629977 0.133900 0.764983
vn -0.594471 -0.395492 0.700136
vn 0.481007 0.043811 -0.875622
vn 0.475026 0.157727 -0.865721
vn 0.143984 0.959072 -0.243822
vn -0.375547 0.594859 0.710709
vn -0.429017 0.139017 0.892535
vn -0.369730 -0.405053 0.836201
vn 0.445173 0.042479 -0.894436
vn 0.431209 0.150098 -0.889679
vn -0.029301 0.893746 -0.447615
vn -0.549135 0.587992 0.593899
vn -0.565756 0.133343 0.813720
vn -0.489087 -0.394350 0.777999
vn 0.406189 0.041142 -0.912863
vn 0.379528 0.142578 -0.914128
vn -0.250650 0.746176 -0.616762
vn -0.753186 0.535574 0.381930
vn -0.708082 0.124264 0.695110
vn -0.587961 -0.377813 0.715233
vn 0.464136 0.039754 -0.884871
vn 0.455760 0.134651 -0.879859
vn 0.171024 0.818819 -0.547984
vn -0.472634 0.575336 0.667537
vn -0.495564 0.115658 0.860837
vn -0.436412 -0.351591 0.828208
vn 0.505120 0.039125 -0.862162
vn 0.512898 0.131154 -0.848371
vn 0.543090 0.769742 -0.335484
vn -0.113729 0.529055 0.840932
vn -0.309435 0.107421 0.944834
vn -0.342930 -0.335312 0.877476
vn 0.456357 0.039862 -0.888903
vn 0.453357 0.135401 -0.880985
vn 0.252856 0.834310 -0.489889
vn -0.381429 0.573867 0.724699
vn -0.501309 0.116478 0.857392
vn -0.496555 -0.355077 0.792056
vn 0.482456 0.040950 -0.874963
vn 0.487439 0.141233 -0.861659
vn 0.419590 0.857659 -0.297264
vn -0.194004 0.557853 0.806947
vn -0.390027 0.120376 0.912901
vn -0.424225 -0.366885 0.827906
vn 0.529737 0.042799 -0.847081
vn 0.540874 0.151493 -0.827348
vn 0.534618 0.843733 -0.047938
vn -0.033669 0.532489 0.845767
vn -0.214572 0.124700 0.968715
vn -0.239674 -0.377318 0.894532
vn 0.483045 0.043584 -0.874510
vn 0.477992 0.156408 -0.864326
vn 0.170674 0.954074 -0.246197
vn -0.359627 0.592942 0.720478
vn -0.419619 0.137633 0.897205
vn -0.365107 -0.402553 0.839433
vn 0.456354 0.042377 -0.888789
vn 0.445542 0.149404 -0.882706
vn 0.047080 0.908735 -0.414710
vn -0.492354 0.587785 0.641948
vn -0.522850 0.131553 0.842213
vn -0.456524 -0.390089 0.799635
vn 0.510793 0.041479 -0.858702
vn 0.512159 0.144017 -0.846730
vn 0.396400 0.874535 -0.279386
vn -0.224467 0.567439 0.792229
vn -0.310331 0.121337 0.942853
vn -0.276204 -0.364151 0.889441
vn 0.464845 0.039855 -0.884495
vn 0.458249 0.135223 -0.878478
vn 0.202425 0.828559 -0.522029
vn -0.438792 0.574599 0.690868
vn -0.487304 0.115972 0.865497
vn -0.442414 -0.353042 0.824397
vn 0.405833 0.038889 -0.913120
vn 0.390895 0.130376 -0.911155
vn -0.038157 0.742745 -0.668486
vn -0.648259 0.548333 0.528291
vn -0.679694 0.109888 0.725218
vn -0.636790 -0.338314 0.692851
vn 0.444387 0.040017 -0.894941
vn 0.438268 0.136244 -0.888458
vn 0.167594 0.834961 -0.524168
vn -0.451468 0.575443 0.681940
vn -0.547023 0.117242 0.828867
vn -0.530647 -0.356187 0.769119
vn 0.481095 0.041108 -0.875704
vn 0.484210 0.142110 -0.863334
vn 0.383294 0.867327 -0.317537
vn -0.227539 0.567835 0.791068
vn -0.400396 0.122052 0.908178
vn -0.420148 -0.369602 0.828776
vn 0.421304 0.042366 -0.905929
vn 0.408493 0.149573 -0.900423
vn -0.052833 0.891324 -0.450278
vn -0.552134 0.580742 0.598237
vn -0.625784 0.130639 0.768978
vn -0.591306 -0.387262 0.707379
vn 0.412616 0.043118 -0.909884
vn 0.389077 0.153878 -0.908262
vn -0.253007 0.842926 -0.474829
vn -0.685571 0.555306 0.470773
vn -0.675349 0.133960 0.725230
vn -0.577916 -0.399250 0.711767
vn 0.529564 0.042243 -0.847217
vn 0.534476 0.148504 -0.832035
vn 0.465374 0.869831 -0.163774
vn -0.133352 0.560953 0.817037
vn -0.234401 0.124696 0.964109
vn -0.205193 -0.371497 0.905475
vn 0.502452 0.041216 -0.863622
vn 0.501370 0.142676 -0.853388
vn 0.345269 0.875566 -0.337897
vn -0.280105 0.575724 0.768169
vn -0.345827 0.121899 0.930346
vn -0.300478 -0.365729 0.880883
vn 0.456346 0.039938 -0.888906
vn 0.447212 0.135682 -0.884077
vn 0.134943 0.826333 -0.546776
vn -0.493271 0.571294 0.655978
vn -0.521332 0.116307 0.845391
vn -0.466088 -0.354346 0.810679
vn 0.505704 0.039335 -0.861810
vn 0.512982 0.132386 -0.848129
vn 0.535186 0.773414 -0.339715
vn -0.113168 0.542553 0.832364
vn -0.305960 0.110631 0.945595
vn -0.335096 -0.342298 0.877805
vn 0.529674 0.040231 -0.847246
vn 0.541192 0.137210 -0.829629
vn 0.611835 0.764120 -0.204400
vn -0.001544 0.524793 0.851228
vn -0.208330 0.113061 0.971502
vn -0.245608 -0.349475 0.904182
vn 0.459657 0.041259 -0.887138
vn 0.455939 0.142999 -0.878448
vn 0.214213 0.885675 -0.411938
vn -0.378778 0.581690 0.719836
vn -0.491107 0.123974 0.862232
vn -0.478559 -0.372453 0.795148
vn 0.546567 0.042298 -0.836347
vn 0.559796 0.148932 -0.815136
vn 0.602369 0.796806 -0.047454
vn 0.039865 0.528028 0.848291
vn -0.143195 0.123225 0.981993
vn -0.167025 -0.372882 0.912722
vn 0.576235 0.042800 -0.816163
vn 0.594428 0.152005 -0.789652
vn 0.669993 0.739514 0.065024
vn 0.151919 0.498862 0.853263
vn -0.027253 0.121405 0.992229
vn -0.052772 -0.367440 0.928549
f 1/1/661 11/11/661 12/12/661
f 1/1/661 12/12/661 2/2/661
f 2/2/662 12/12/662 13/13/662
f 2/2/662 13/13/662 3/3/662
f 3/3/663 13/13/663 14/14/663
f 3/3/663 14/14/663 4/4/663
f 4/4/664 14/14/664 15/15/664
f 4/4/664 15/15/664 5/5/664
f 5/5/665 15/15/665 16/16/665
f 5/5/665 16/16/665 6/6/665
f 6/6/666 16/16/666 17/17/666
f 6/6/666 17/17/666 7/7/666
f 7/7/7 17/17/17 18/18/18
f 7/7/7 18/18/18 8/8/8
f 8/8/8 18/18/18 19/19/19
f 8/8/8 19/19/19 9/9/9
f 9/9/9 19/19/19 20/20/20
f 9/9/9 20/20/20 10/10/10
f 11/11/667 21/21/667 22/22/667
f 11/11/667 22/22/667 12/12/667
f 12/12/668 22/22/668 23/23/668
f 12/12/668 23/23/668 13/13/668
f 13/13/669 23/23/669 24/24/669
f 13/13/669 24/24/669 14/14/669
f 14/14/670 24/24/670 25/25/670
f 14/14/670 25/25/670 15/15/670
f 15/15/671 25/25/671 26/26/671
f 15/15/671 26/26/671 16/16/671
f 16/16/672 26/26/672 27/27/672
f 16/16/672 27/27/672 17/17/672
f 17/17/17 27/27/27 28/28/28
f 17/17/17 28/28/28 18/18/18
f 18/18/18 28/28/28 29/29/29
f 18/18/18 29/29/29 19/19/19
f 19/19/19 29/29/29 30/30/30
f 19/19/19 30/30/30 20/20/20
f 21/21/673 31/31/673 32/32/673
f 21/21/673 32/32/673 22/22/673
f 22/22/674 32/32/674 33/33/674
f 22/22/674 33/33/674 23/23/674
f 23/23/675 33/33/675 34/34/675
f 23/23/675 34/34/675 24/24/675
f 24/24/676 34/34/676 35/35/676
f 24/24/676 35/35/676 25/25/676
f 25/25/677 35/35/677 36/36/677
f 25/25/677 36/36/677 26/26/677
f 26/26/678 36/36/678 37/37/678
f 26/26/678 37/37/678 27/27/678
f 27/27/27 37/37/37 38/38/38
f 27/27/27 38/38/38 28/28/28
f 28/28/28 38/38/38 39/39/39
f 28/28/28 39/39/39 29/29/29
f 29/29/29 39/39/39 40/40/40
f 29/29/29 40/40/40 30/30/30
f 31/31/679 41/41/679 42/42/679
f 31/31/679 42/42/679 32/32/679
f 32/32/680 42/42/680 43/43/680
f 32/32/680 43/43/680 33/33/680
f 33/33/681 43/43/681 44/44/681
f 33/33/681 44/44/681 34/34/681
f 34/34/682 44/44/682 45/45/682
f 34/34/682 45/45/682 35/35/682
f 35/35/683 45/45/683 46/46/683
f 35/35/683 46/46/683 36/36/683
f 36/36/684 46/46/684 47/47/684
f 36/36/684 47/47/684 37/37/684
f 37/37/37 47/47/47 48/48/48
f 37/37/37 48/48/48 38/38/38
f 38/38/38 48/48/48 49/49/49
f 38/38/38 49/49/49 39/39/39
f 39/39/39 49/49/49 50/50/50
f 39/39/39 50/50/50 40/40/40
f 41/41/685 51/51/685 52/52/685
f 41/41/685 52/52/685 42/42/685
f 42/42/686 52/52/686 53/53/686
f 42/42/686 53/53/686 43/43/686
f 43/43/687 53/53/687 54/54/687
f 43/43/687 54/54/687 44/44/687
f 44/44/688 54/54/688 55/55/688
f 44/44/688 55/55/688 45/45/688
f 45/45/689 55/55/689 56/56/689
f 45/45/689 56/56/689 46/46/689
f 46/46/690 56/56/690 57/57/690
f 46/46/690 57/57/690 47/47/690
f 47/47/47 57/57/57 58/58/58
f 47/47/47 58/58/58 48/48/48
f 48/48/48 58/58/58 59/59/59
f 48/48/48 59/59/59 49/49/49
f 49/49/49 59/59/59 60/60/60
f 49/49/49 60/60/60 50/50/50
f 51/51/691 61/61/691 62/62/691
f 51/51/691 62/62/691 52/52/691
f 52/52/692 62/62/692 63/63/692
f 52/52/692 63/63/692 53/53/692
f 53/53/693 63/63/693 64/64/693
f 53/53/693 64/64/693 54/54/693
f 54/54/694 64/64/694 65/65/694
f 54/54/694 65/65/694 55/55/694
f 55/55/695 65/65/695 66/66/695
f 55/55/695 66/66/695 56/56/695
f 56/56/696 66/66/696 67/67/696
f 56/56/696 67/67/696 57/57/696
f 57/57/57 67/67/67 68/68/68
f 57/57/57 68/68/68 58/58/58
f 58/58/58 68/68/68 69/69/69
f 58/58/58 69/69/69 59/59/59
f 59/59/59 69/69/69 70/70/70
f 59/59/59 70/70/70 60/60/60
f 61/61/697 71/71/697 72/72/697
f 61/61/697 72/72/697 62/62/697
f 62/62/698 72/72/698 73/73/698
f 62/62/698 73/73/698 63/63/698
f 63/63/699 73/73/699 74/74/699
f 63/63/699 74/74/699 64/64/699
f 64/64/700 74/74/700 75/75/700
f 64/64/700 75/75/700 65/65/700
f 65/65/701 75/75/701 76/76/701
f 65/65/701 76/76/701 66/66/701
f 66/66/702 76/76/702 77/77/702
f 66/66/702 77/77/702 67/67/702
f 67/67/67 77/77/77 78/78/78
f 67/67/67 78/78/78 68/68/68
f 68/68/68 78/78/78 79/79/79
f 68/68/68 79/79/79 69/69/69
f 69/69/69 79/79/79 80/80/80
f 69/69/69 80/80/80 70/70/70
f 71/71/703 81/81/703 82/82/703
f 71/71/703 82/82/703 72/72/703
f 72/72/704 82/82/704 83/83/704
f 72/72/704 83/83/704 73/73/704
f 73/73/705 83/83/705 84/84/705
f 73/73/705 84/84/705 74/74/705
f 74/74/706 84/84/706 85/85/706
f 74/74/706 85/85/706 75/75/706
f 75/75/707 85/85/707 86/86/707
f 75/75/707 86/86/707 76/76/707
f 76/76/708 86/86/708 87/87/708
f 76/76/708 87/87/708 77/77/708
f 77/77/77 87/87/87 88/88/88
f 77/77/77 88/88/88 78/78/78
f 78/78/78 88/88/88 89/89/89
f 78/78/78 89/89/89 79/79/79
f 79/79/79 89/89/89 90/90/90
f 79/79/79 90/90/90 80/80/80
f 81/81/709 91/91/709 92/92/709
f 81/81/709 92/92/709 82/82/709
f 82/82/710 92/92/710 93/93/710
f 82/82/710 93/93/710 83/83/710
f 83/83/711 93/93/711 94/94/711
f 83/83/711 94/94/711 84/84/711
f 84/84/712 94/94/712 95/95/712
f 84/84/712 95/95/712 85/85/712
f 85/85/713 95/95/713 96/96/713
f 85/85/713 96/96/713 86/86/713
f 86/86/714 96/96/714 97/97/714
f 86/86/714 97/97/714 87/87/714
f 87/87/87 97/97/97 98/98/98
f 87/87/87 98/98/98 88/88/88
f 88/88/88 98/98/98 99/99/99
f 88/88/88 99/99/99 89/89/89
f 89/89/89 99/99/99 100/100/100
f 89/89/89 100/100/100 90/90/90
f 91/91/715 101/101/715 102/102/715
f 91/91/715 102/102/715 92/92/715
f 92/92/716 102/102/716 103/103/716
f 92/92/716 103/103/716 93/93/716
f 93/93/717 103/103/717 104/104/717
f 93/93/717 104/104/717 94/94/717
f 94/94/718 104/104/718 105/105/718
f 94/94/718 105/105/718 95/95/718
f 95/95/719 105/105/719 106/106/719
f 95/95/719 106/106/719 96/96/719
f 96/96/720 106/106/720 107/107/720
f 96/96/720 107/107/720 97/97/720
f 97/97/97 107/107/107 108/108/108
f 97/97/97 108/108/108 98/98/98
f 98/98/98 108/108/108 109/109/109
f 98/98/98 109/109/109 99/99/99
f 99/99/99 109/109/109 110/110/110
f 99/99/99 110/110/110 100/100/100
f 101/101/721 111/111/721 112/112/721
f 101/101/721 112/112/721 102/102/721
f 102/102/722 112/112/722 113/113/722
f 102/102/722 113/113/722 103/103/722
f 103/103/723 113/113/723 114/114/723
f 103/103/723 114/114/723 104/104/723
f 104/104/724 114/114/724 115/115/724
f 104/104/724 115/115/724 105/105/724
f 105/105/725 115/115/725 116/116/725
f 105/105/725 116/116/725 106/106/725
f 106/106/726 116/116/726 117/117/726
f 106/106/726 117/117/726 107/107/726
f 107/107/107 117/117/117 118/118/118
f 107/107/107 118/118/118 108/108/108
f 108/108/108 118/118/118 119/119/119
f 108/108/108 119/119/119 109/109/109
f 109/109/109 119/119/119 120/120/120
f 109/109/109 120/120/120 110/110/110
f 111/111/727 121/121/727 122/122/727
f 111/111/727 122/122/727 112/112/727
f 112/112/728 122/122/728 123/123/728
f 112/112/728 123/123/728 113/113/728
f 113/113/729 123/123/729 124/124/729
f 113/113/729 124/124/729 114/114/729
f 114/114/730 124/124/730 125/125/730
f 114/114/730 125/125/730 115/115/730
f 115/115/731 125/125/731 126/126/731
f 115/115/731 126/126/731 116/116/731
f 116/116/732 126/126/732 127/127/732
f 116/116/732 127/127/732 117/117/732
f 117/117/117 127/127/127 128/128/128
f 117/117/117 128/128/128 118/118/118
f 118/118/118 128/128/128 129/129/129
f 118/118/118 129/129/129 119/119/119
f 119/119/119 129/129/129 130/130/130
f 119/119/119 130/130/130 120/120/120
f 121/121/733 131/131/733 132/132/733
f 121/121/733 132/132/733 122/122/733
f 122/122/734 132/132/734 133/133/734
f 122/122/734 133/133/734 123/123/734
f 123/123/735 133/133/735 134/134/735
f 123/123/735 134/134/735 124/124/735
f 124/124/736 134/134/736 135/135/736
f 124/124/736 135/135/736 125/125/736
f 125/125/737 135/135/737 136/136/737
f 125/125/737 136/136/737 126/126/737
f 126/126/738 136/136/738 137/137/738
f 126/126/738 137/137/738 127/127/738
f 127/127/127 137/137/137 138/138/138
f 127/127/127 138/138/138 128/128/128
f 128/128/128 138/138/138 139/139/139
f 128/128/128 139/139/139 129/129/129
f 129/129/129 139/139/139 140/140/140
f 129/129/129 140/140/140 130/130/130
f 131/131/739 141/141/739 142/142/739
f 131/131/739 142/142/739 132/132/739
f 132/132/740 142/142/740 143/143/740
f 132/132/740 143/143/740 133/133/740
f 133/133/741 143/143/741 144/144/741
f 133/133/741 144/144/741 134/134/741
f 134/134/742 144/144/742 145/145/742
f 134/134/742 145/145/742 135/135/742
f 135/135/743 145/145/743 146/146/743
f 135/135/743 146/146/743 136/136/743
f 136/136/744 146/146/744 147/147/744
f 136/136/744 147/147/744 137/137/744
f 137/137/137 147/147/147 148/148/148
f 137/137/137 148/148/148 138/138/138
f 138/138/138 148/148/148 149/149/149
f 138/138/138 149/149/149 139/139/139
f 139/139/139 149/149/149 150/150/150
f 139/139/139 150/150/150 140/140/140
f 141/141/745 151/151/745 152/152/745
f 141/141/745 152/152/745 142/142/745
f 142/142/746 152/152/746 153/153/746
f 142/142/746 153/153/746 143/143/746
f 143/143/747 153/153/747 154/154/747
f 143/143/747 154/154/747 144/144/747
f 144/144/748 154/154/748 155/155/748
f 144/144/748 155/155/748 145/145/748
f 145/145/749 155/155/749 156/156/749
f 145/145/749 156/156/749 146/146/749
f 146/146/750 156/156/750 157/157/750
f 146/146/750 157/157/750 147/147/750
f 147/147/147 157/157/157 158/158/158
f 147/147/147 158/158/158 148/148/148
f 148/148/148 158/158/158 159/159/159
f 148/148/148 159/159/159 149/149/149
f 149/149/149 159/159/159 160/160/160
f 149/149/149 160/160/160 150/150/150
f 151/151/751 161/161/751 162/162/751
f 151/151/751 162/162/751 152/152/751
f 152/152/752 162/162/752 163/163/752
f 152/152/752 163/163/752 153/153/752
f 153/153/753 163/163/753 164/164/753
f 153/153/753 164/164/753 154/154/753
f 154/154/754 164/164/754 165/165/754
f 154/154/754 165/165/754 155/155/754
f 155/155/755 165/165/755 166/166/755
f 155/155/755 166/166/755 156/156/755
f 156/156/756 166/166/756 167/167/756
f 156/156/756 167/167/756 157/157/756
f 157/157/157 167/167/167 168/168/168
f 157/157/157 168/168/168 158/158/158
f 158/158/158 168/168/168 169/169/169
f 158/158/158 169/169/169 159/159/159
f 159/159/159 169/169/169 170/170/170
f 159/159/159 170/170/170 160/160/160
f 161/161/757 171/171/757 172/172/757
f 161/161/757 172/172/757 162/162/757
f 162/162/758 172/172/758 173/173/758
f 162/162/758 173/173/758 163/163/758
f 163/163/759 173/173/759 174/174/759
f 163/163/759 174/174/759 164/164/759
f 164/164/760 174/174/760 175/175/760
f 164/164/760 175/175/760 165/165/760
f 165/165/761 175/175/761 176/176/761
f 165/165/761 176/176/761 166/166/761
f 166/166/762 176/176/762 177/177/762
f 166/166/762 177/177/762 167/167/762
f 167/167/167 177/177/177 178/178/178
f 167/167/167 178/178/178 168/168/168
f 168/168/168 178/178/178 179/179/179
f 168/168/168 179/179/179 169/169/169
f 169/169/169 179/179/179 180/180/180
f 169/169/169 180/180/180 170/170/170
f 171/171/763 181/181/763 182/182/763
f 171/171/763 182/182/763 172/172/763
f 172/172/764 182/182/764 183/183/764
f 172/172/764 183/183/764 173/173/764
f 173/173/765 183/183/765 184/184/765
f 173/173/765 184/184/765 174/174/765
f 174/174/766 184/184/766 185/185/766
f 174/174/766 185/185/766 175/175/766
f 175/175/767 185/185/767 186/186/767
f 175/175/767 186/186/767 176/176/767
f 176/176/768 186/186/768 187/187/768
f 176/176/768 187/187/768 177/177/768
f 177/177/177 187/187/187 188/188/188
f 177/177/177 188/188/188 178/178/178
f 178/178/178 188/188/188 189/189/189
f 178/178/178 189/189/189 179/179/179
f 179/179/179 189/189/189 190/190/190
f 179/179/179 190/190/190 180/180/180
f 181/181/769 191/191/769 192/192/769
f 181/181/769 192/192/769 182/182/769
f 182/182/770 192/192/770 193/193/770
f 182/182/770 193/193/770 183/183/770
f 183/183/771 193/193/771 194/194/771
f 183/183/771 194/194/771 184/184/771
f 184/184/772 194/194/772 195/195/772
f 184/184/772 195/195/772 185/185/772
f 185/185/773 195/195/773 196/196/773
f 185/185/773 196/196/773 186/186/773
f 186/186/774 196/196/774 197/197/774
f 186/186/774 197/197/774 187/187/774
f 187/187/187 197/197/197 198/198/198
f 187/187/187 198/198/198 188/188/188
f 188/188/188 198/198/198 199/199/199
f 188/188/188 199/199/199 189/189/189
f 189/189/189 199/199/199 200/200/200
f 189/189/189 200/200/200 190/190/190
f 191/191/775 201/201/775 202/202/775
f 191/191/775 202/202/775 192/192/775
f 192/192/776 202/202/776 203/203/776
f 192/192/776 203/203/776 193/193/776
f 193/193/777 203/203/777 204/204/777
f 193/193/777 204/204/777 194/194/777
f 194/194/778 204/204/778 205/205/778
f 194/194/778 205/205/778 195/195/778
f 195/195/779 205/205/779 206/206/779
f 195/195/779 206/206/779 196/196/779
f 196/196/780 206/206/780 207/207/780
f 196/196/780 207/207/780 197/197/780
f 197/197/197 207/207/207 208/208/208
f 197/197/197 208/208/208 198/198/198
f 198/198/198 208/208/208 209/209/209
f 198/198/198 209/209/209 199/199/199
f 199/199/199 209/209/209 210/210/210
f 199/199/199 210/210/210 200/200/200
f 201/201/781 211/211/781 212/212/781
f 201/201/781 212/212/781 202/202/781
f 202/202/782 212/212/782 213/213/782
f 202/202/782 213/213/782 203/203/782
f 203/203/783 213/213/783 214/214/783
f 203/203/783 214/214/783 204/204/783
f 204/204/784 214/214/784 215/215/784
f 204/204/784 215/215/784 205/205/784
f 205/205/785 215/215/785 216/216/785
f 205/205/785 216/216/785 206/206/785
f 206/206/786 216/216/786 217/217/786
f 206/206/786 217/217/786 207/207/786
f 207/207/207 217/217/217 218/218/218
f 207/207/207 218/218/218 208/208/208
f 208/208/208 218/218/218 219/219/219
f 208/208/208 219/219/219 209/209/209
f 209/209/209 219/219/219 220/220/220
f 209/209/209 220/220/220 210/210/210
f 211/211/787 221/221/787 222/222/787
f 211/211/787 222/222/787 212/212/787
f 212/212/788 222/222/788 223/223/788
f 212/212/788 223/223/788 213/213/788
f 213/213/789 223/223/789 224/224/789
f 213/213/789 224/224/789 214/214/789
f 214/214/790 224/224/790 225/225/790
f 214/214/790 225/225/790 215/215/790
f 215/215/791 225/225/791 226/226/791
f 215/215/791 226/226/791 216/216/791
f 216/216/792 226/226/792 227/227/792
f 216/216/792 227/227/792 217/217/792
f 217/217/217 227/227/227 228/228/228
f 217/217/217 228/228/228 218/218/218
f 218/218/218 228/228/228 229/229/229
f 218/218/218 229/229/229 219/219/219
f 219/219/219 229/229/229 230/230/230
f 219/219/219 230/230/230 220/220/220
f 221/221/793 231/231/793 232/232/793
f 221/221/793 232/232/793 222/222/793
f 222/222/794 232/232/794 233/233/794
f 222/222/794 233/233/794 223/223/794
f 223/223/795 233/233/795 234/234/795
f 223/223/795 234/234/795 224/224/795
f 224/224/796 234/234/796 235/235/796
f 224/224/796 235/235/796 225/225/796
f 225/225/797 235/235/797 236/236/797
f 225/225/797 236/236/797 226/226/797
f 226/226/798 236/236/798 237/237/798
f 226/226/798 237/237/798 227/227/798
f 227/227/227 237/237/237 238/238/238
f 227/227/227 238/238/238 228/228/228
f 228/228/228 238/238/238 239/239/239
f 228/228/228 239/239/239 229/229/229
f 229/229/229 239/239/239 240/240/240
f 229/229/229 240/240/240 230/230/230
f 231/231/799 241/241/799 242/242/799
f 231/231/799 242/242/799 232/232/799
f 232/232/800 242/242/800 243/243/800
f 232/232/800 243/243/800 233/233/800
f 233/233/801 243/243/801 244/244/801
f 233/233/801 244/244/801 234/234/801
f 234/234/802 244/244/802 245/245/802
f 234/234/802 245/245/802 235/235/802
f 235/235/803 245/245/803 246/246/803
f 235/235/803 246/246/803 236/236/803
f 236/236/804 246/246/804 247/247/804
f 236/236/804 247/247/804 237/237/804
f 237/237/237 247/247/247 248/248/248
f 237/237/237 248/248/248 238/238/238
f 238/238/238 248/248/248 249/249/249
f 238/238/238 249/249/249 239/239/239
f 239/239/239 249/249/249 250/250/250
f 239/239/239 250/250/250 240/240/240
f 241/241/805 251/251/805 252/252/805
f 241/241/805 252/252/805 242/242/805
f 242/242/806 252/252/806 253/253/806
f 242/242/806 253/253/806 243/243/806
f 243/243/807 253/253/807 254/254/807
f 243/243/807 254/254/807 244/244/807
f 244/244/808 254/254/808 255/255/808
f 244/244/808 255/255/808 245/245/808
f 245/245/809 255/255/809 256/256/809
f 245/245/809 256/256/809 246/246/809
f 246/246/810 256/256/810 257/257/810
f 246/246/810 257/257/810 247/247/810
f 247/247/247 257/257/257 258/258/258
f 247/247/247 258/258/258 248/248/248
f 248/248/248 258/258/258 259/259/259
f 248/248/248 259/259/259 249/249/249
f 249/249/249 259/259/259 260/260/260
f 249/249/249 260/260/260 250/250/250
f 251/251/811 261/261/811 262/262/811
f 251/251/811 262/262/811 252/252/811
f 252/252/812 262/262/812 263/263/812
f 252/252/812 263/263/812 253/253/812
f 253/253/813 263/263/813 264/264/813
f 253/253/813 264/264/813 254/254/813
f 254/254/814 264/264/814 265/265/814
f 254/254/814 265/265/814 255/255/814
f 255/255/815 265/265/815 266/266/815
f 255/255/815 266/266/815 256/256/815
f 256/256/816 266/266/816 267/267/816
f 256/256/816 267/267/816 257/257/816
f 257/257/257 267/267/267 268/268/268
f 257/257/257 268/268/268 258/258/258
f 258/258/258 268/268/268 269/269/269
f 258/258/258 269/269/269 259/259/259
f 259/259/259 269/269/269 270/270/270
f 259/259/259 270/270/270 260/260/260
f 261/261/817 271/271/817 272/272/817
f 261/261/817 272/272/817 262/262/817
f 262/262/818 272/272/818 273/273/818
f 262/262/818 273/273/818 263/263/818
f 263/263/819 273/273/819 274/274/819
f 263/263/819 274/274/819 264/264/819
f 264/264/820 274/274/820 275/275/820
f 264/264/820 275/275/820 265/265/820
f 265/265/821 275/275/821 276/276/821
f 265/265/821 276/276/821 266/266/821
f 266/266/822 276/276/822 277/277/822
f 266/266/822 277/277/822 267/267/822
f 267/267/267 277/277/277 278/278/278
f 267/267/267 278/278/278 268/268/268
f 268/268/268 278/278/278 279/279/279
f 268/268/268 279/279/279 269/269/269
f 269/269/269 279/279/279 280/280/280
f 269/269/269 280/280/280 270/270/270
f 271/271/823 281/281/823 282/282/823
f 271/271/823 282/282/823 272/272/823
f 272/272/824 282/282/824 283/283/824
f 272/272/824 283/283/824 273/273/824
f 273/273/825 283/283/825 284/284/825
f 273/273/825 284/284/825 274/274/825
f 274/274/826 284/284/826 285/285/826
f 274/274/826 285/285/826 275/275/826
f 275/275/827 285/285/827 286/286/827
f 275/275/827 286/286/827 276/276/827
f 276/276/828 286/286/828 287/287/828
f 276/276/828 287/287/828 277/277/828
f 277/277/277 287/287/287 288/288/288
f 277/277/277 288/288/288 278/278/278
f 278/278/278 288/288/288 289/289/289
f 278/278/278 289/289/289 279/279/279
f 279/279/279 289/289/289 290/290/290
f 279/279/279 290/290/290 280/280/280
f 281/281/829 291/291/829 292/292/829
f 281/281/829 292/292/829 282/282/829
f 282/282/830 292/292/830 293/293/830
f 282/282/830 293/293/830 283/283/830
f 283/283/831 293/293/831 294/294/831
f 283/283/831 294/294/831 284/284/831
f 284/284/832 294/294/832 295/295/832
f 284/284/832 295/295/832 285/285/832
f 285/285/833 295/295/833 296/296/833
f 285/285/833 296/296/833 286/286/833
f 286/286/834 296/296/834 297/297/834
f 286/286/834 297/297/834 287/287/834
f 287/287/287 297/297/297 298/298/298
f 287/287/287 298/298/298 288/288/288
f 288/288/288 298/298/298 299/299/299
f 288/288/288 299/299/299 289/289/289
f 289/289/289 299/299/299 300/300/300
f 289/289/289 300/300/300 290/290/290
f 291/291/835 301/301/835 302/302/835
f 291/291/835 302/302/835 292/292/835
f 292/292/836 302/302/836 303/303/836
f 292/292/836 303/303/836 293/293/836
f 293/293/837 303/303/837 304/304/837
f 293/293/837 304/304/837 294/294/837
f 294/294/838 304/304/838 305/305/838
f 294/294/838 305/305/838 295/295/838
f 295/295/839 305/305/839 306/306/839
f 295/295/839 306/306/839 296/296/839
f 296/296/840 306/306/840 307/307/840
f 296/296/840 307/307/840 297/297/840
f 297/297/297 307/307/307 308/308/308
f 297/297/297 308/308/308 298/298/298
f 298/298/298 308/308/308 309/309/309
f 298/298/298 309/309/309 299/299/299
f 299/299/299 309/309/309 310/310/310
f 299/299/299 310/310/310 300/300/300
f 301/301/841 311/311/841 312/312/841
f 301/301/841 312/312/841 302/302/841
f 302/302/842 312/312/842 313/313/842
f 302/302/842 313/313/842 303/303/842
f 303/303/843 313/313/843 314/314/843
f 303/303/843 314/314/843 304/304/843
f 304/304/844 314/314/844 315/315/844
f 304/304/844 315/315/844 305/305/844
f 305/305/845 315/315/845 316/316/845
f 305/305/845 316/316/845 306/306/845
f 306/306/846 316/316/846 317/317/846
f 306/306/846 317/317/846 307/307/846
f 307/307/307 317/317/317 318/318/318
f 307/307/307 318/318/318 308/308/308
f 308/308/308 318/318/318 319/319/319
f 308/308/308 319/319/319 309/309/309
f 309/309/309 319/319/319 320/320/320
f 309/309/309 320/320/320 310/310/310
f 311/311/847 321/321/847 322/322/847
f 311/311/847 322/322/847 312/312/847
f 312/312/848 322/322/848 323/323/848
f 312/312/848 323/323/848 313/313/848
f 313/313/849 323/323/849 324/324/849
f 313/313/849 324/324/849 314/314/849
f 314/314/850 324/324/850 325/325/850
f 314/314/850 325/325/850 315/315/850
f 315/315/851 325/325/851 326/326/851
f 315/315/851 326/326/851 316/316/851
f 316/316/852 326/326/852 327/327/852
f 316/316/852 327/327/852 317/317/852
f 317/317/317 327/327/327 328/328/328
f 317/317/317 328/328/328 318/318/318
f 318/318/318 328/328/328 329/329/329
f 318/318/318 329/329/329 319/319/319
f 319/319/319 329/329/329 330/330/330
f 319/319/319 330/330/330 320/320/320
f 321/321/853 331/331/853 332/332/853
f 321/321/853 332/332/853 322/322/853
f 322/322/854 332/332/854 333/333/854
f 322/322/854 333/333/854 323/323/854
f 323/323/855 333/333/855 334/334/855
f 323/323/855 334/334/855 324/324/855
f 324/324/856 334/334/856 335/335/856
f 324/324/856 335/335/856 325/325/856
f 325/325/857 335/335/857 336/336/857
f 325/325/857 336/336/857 326/326/857
f 326/326/858 336/336/858 337/337/858
f 326/326/858 337/337/858 327/327/858
f 327/327/327 337/337/337 338/338/338
f 327/327/327 338/338/338 328/328/328
f 328/328/328 338/338/338 339/339/339
f 328/328/328 339/339/339 329/329/329
f 329/329/329 339/339/339 340/340/340
f 329/329/329 340/340/340 330/330/330
f 331/331/859 341/341/859 342/342/859
f 331/331/859 342/342/859 332/332/859
f 332/332/860 342/342/860 343/343/860
f 332/332/860 343/343/860 333/333/860
f 333/333/861 343/343/861 344/344/861
f 333/333/861 344/344/861 334/334/861
f 334/334/862 344/344/862 345/345/862
f 334/334/862 345/345/862 335/335/862
f 335/335/863 345/345/863 346/346/863
f 335/335/863 346/346/863 336/336/863
f 336/336/864 346/346/864 347/347/864
f 336/336/864 347/347/864 337/337/864
f 337/337/337 347/347/347 348/348/348
f 337/337/337 348/348/348 338/338/338
f 338/338/338 348/348/348 349/349/349
f 338/338/338 349/349/349 339/339/339
f 339/339/339 349/349/349 350/350/350
f 339/339/339 350/350/350 340/340/340
f 341/341/865 351/351/865 352/352/865
f 341/341/865 352/352/865 342/342/865
f 342/342/866 352/352/866 353/353/866
f 342/342/866 353/353/866 343/343/866
f 343/343/867 353/353/867 354/354/867
f 343/343/867 354/354/867 344/344/867
f 344/344/868 354/354/868 355/355/868
f 344/344/868 355/355/868 345/345/868
f 345/345/869 355/355/869 356/356/869
f 345/345/869 356/356/869 346/346/869
f 346/346/870 356/356/870 357/357/870
f 346/346/870 357/357/870 347/347/870
f 347/347/347 357/357/357 358/358/358
f 347/347/347 358/358/358 348/348/348
f 348/348/348 358/358/358 359/359/359
f 348/348/348 359/359/359 349/349/349
f 349/349/349 359/359/359 360/360/360
f 349/349/349 360/360/360 350/350/350
f 351/351/871 361/361/871 362/362/871
f 351/351/871 362/362/871 352/352/871
f 352/352/872 362/362/872 363/363/872
f 352/352/872 363/363/872 353/353/872
f 353/353/873 363/363/873 364/364/873
f 353/353/873 364/364/873 354/354/873
f 354/354/874 364/364/874 365/365/874
f 354/354/874 365/365/874 355/355/874
f 355/355/875 365/365/875 366/366/875
f 355/355/875 366/366/875 356/356/875
f 356/356/876 366/366/876 367/367/876
f 356/356/876 367/367/876 357/357/876
f 357/357/357 367/367/367 368/368/368
f 357/357/357 368/368/368 358/358/358
f 358/358/358 368/368/368 369/369/369
f 358/358/358 369/369/369 359/359/359
f 359/359/359 369/369/369 370/370/370
f 359/359/359 370/370/370 360/360/360
f 361/361/877 371/371/877 372/372/877
f 361/361/877 372/372/877 362/362/877
f 362/362/878 372/372/878 373/373/878
f 362/362/878 373/373/878 363/363/878
f 363/363/879 373/373/879 374/374/879
f 363/363/879 374/374/879 364/364/879
f 364/364/880 374/374/880 375/375/880
f 364/364/880 375/375/880 365/365/880
f 365/365/881 375/375/881 376/376/881
f 365/365/881 376/376/881 366/366/881
f 366/366/882 376/376/882 377/377/882
f 366/366/882 377/377/882 367/367/882
f 367/367/367 377/377/377 378/378/378
f 367/367/367 378/378/378 368/368/368
f 368/368/368 378/378/378 379/379/379
f 368/368/368 379/379/379 369/369/369
f 369/369/369 379/379/379 380/380/380
f 369/369/369 380/380/380 370/370/370
f 371/371/883 381/381/883 382/382/883
f 371/371/883 382/382/883 372/372/883
f 372/372/884 382/382/884 383/383/884
f 372/372/884 383/383/884 373/373/884
f 373/373/885 383/383/885 384/384/885
f 373/373/885 384/384/885 374/374/885
f 374/374/886 384/384/886 385/385/886
f 374/374/886 385/385/886 375/375/886
f 375/375/887 385/385/887 386/386/887
f 375/375/887 386/386/887 376/376/887
f 376/376/888 386/386/888 387/387/888
f 376/376/888 387/387/888 377/377/888
f 377/377/377 387/387/387 388/388/388
f 377/377/377 388/388/388 378/378/378
f 378/378/378 388/388/388 389/389/389
f 378/378/378 389/389/389 379/379/379
f 379/379/379 389/389/389 390/390/390
f 379/379/379 390/390/390 380/380/380
f 381/381/889 391/391/889 392/392/889
f 381/381/889 392/392/889 382/382/889
f 382/382/890 392/392/890 393/393/890
f 382/382/890 393/393/890 383/383/890
f 383/383/891 393/393/891 394/394/891
f 383/383/891 394/394/891 384/384/891
f 384/384/892 394/394/892 395/395/892
f 384/384/892 395/395/892 385/385/892
f 385/385/893 395/395/893 396/396/893
f 385/385/893 396/396/893 386/386/893
f 386/386/894 396/396/894 397/397/894
f 386/386/894 397/397/894 387/387/894
f 387/387/387 397/397/397 398/398/398
f 387/387/387 398/398/398 388/388/388
f 388/388/388 398/398/398 399/399/399
f 388/388/388 399/399/399 389/389/389
f 389/389/389 399/399/399 400/400/400
f 389/389/389 400/400/400 390/390/390
f 391/391/895 401/401/895 402/402/895
f 391/391/895 402/402/895 392/392/895
f 392/392/896 402/402/896 403/403/896
f 392/392/896 403/403/896 393/393/896
f 393/393/897 403/403/897 404/404/897
f 393/393/897 404/404/897 394/394/897
f 394/394/898 404/404/898 405/405/898
f 394/394/898 405/405/898 395/395/898
f 395/395/899 405/405/899 406/406/899
f 395/395/899 406/406/899 396/396/899
f 396/396/900 406/406/900 407/407/900
f 396/396/900 407/407/900 397/397/900
f 397/397/397 407/407/407 408/408/408
f 397/397/397 408/408/408 398/398/398
f 398/398/398 408/408/408 409/409/409
f 398/398/398 409/409/409 399/399/399
f 399/399/399 409/409/409 410/410/410
f 399/399/399 410/410/410 400/400/400
f 401/401/901 411/411/901 412/412/901
f 401/401/901 412/412/901 402/402/901
f 402/402/902 412/412/902 413/413/902
f 402/402/902 413/413/902 403/403/902
f 403/403/903 413/413/903 414/414/903
f 403/403/903 414/414/903 404/404/903
f 404/404/904 414/414/904 415/415/904
f 404/404/904 415/415/904 405/405/904
f 405/405/905 415/415/905 416/416/905
f 405/405/905 416/416/905 406/406/905
f 406/406/906 416/416/906 417/417/906
f 406/406/906 417/417/906 407/407/906
f 407/407/407 417/417/417 418/418/418
f 407/407/407 418/418/418 408/408/408
f 408/408/408 418/418/418 419/419/419
f 408/408/408 419/419/419 409/409/409
f 409/409/409 419/419/419 420/420/420
f 409/409/409 420/420/420 410/410/410
f 411/411/907 421/421/907 422/422/907
f 411/411/907 422/422/907 412/412/907
f 412/412/908 422/422/908 423/423/908
f 412/412/908 423/423/908 413/413/908
f 413/413/909 423/423/909 424/424/909
f 413/413/909 424/424/909 414/414/909
f 414/414/910 424/424/910 425/425/910
f 414/414/910 425/425/910 415/415/910
f 415/415/911 425/425/911 426/426/911
f 415/415/911 426/426/911 416/416/911
f 416/416/912 426/426/912 427/427/912
f 416/416/912 427/427/912 417/417/912
f 417/417/417 427/427/427 428/428/428
f 417/417/417 428/428/428 418/418/418
f 418/418/418 428/428/428 429/429/429
f 418/418/418 429/429/429 419/419/419
f 419/419/419 429/429/429 430/430/430
f 419/419/419 430/430/430 420/420/420
f 421/421/913 431/431/913 432/432/913
f 421/421/913 432/432/913 422/422/913
f 422/422/914 432/432/914 433/433/914
f 422/422/914 433/433/914 423/423/914
f 423/423/915 433/433/915 434/434/915
f 423/423/915 434/434/915 424/424/915
f 424/424/916 434/434/916 435/435/916
f 424/424/916 435/435/916 425/425/916
f 425/425/917 435/435/917 436/436/917
f 425/425/917 436/436/917 426/426/917
f 426/426/918 436/436/918 437/437/918
f 426/426/918 437/437/918 427/427/918
f 427/427/427 437/437/437 438/438/438
f 427/427/427 438/438/438 428/428/428
f 428/428/428 438/438/438 439/439/439
f 428/428/428 439/439/439 429/429/429
f 429/429/429 439/439/439 440/440/440
f 429/429/429 440/440/440 430/430/430
f 431/431/919 441/441/919 442/442/919
f 431/431/919 442/442/919 432/432/919
f 432/432/920 442/442/920 443/443/920
f 432/432/920 443/443/920 433/433/920
f 433/433/921 443/443/921 444/444/921
f 433/433/921 444/444/921 434/434/921
f 434/434/922 444/444/922 445/445/922
f 434/434/922 445/445/922 435/435/922
f 435/435/923 445/445/923 446/446/923
f 435/435/923 446/446/923 436/436/923
f 436/436/924 446/446/924 447/447/924
f 436/436/924 447/447/924 437/437/924
f 437/437/437 447/447/447 448/448/448
f 437/437/437 448/448/448 438/438/438
f 438/438/438 448/448/448 449/449/449
f 438/438/438 449/449/449 439/439/439
f 439/439/439 449/449/449 450/450/450
f 439/439/439 450/450/450 440/440/440
f 441/441/925 451/451/925 452/452/925
f 441/441/925 452/452/925 442/442/925
f 442/442/926 452/452/926 453/453/926
f 442/442/926 453/453/926 443/443/926
f 443/443/927 453/453/927 454/454/927
f 443/443/927 454/454/927 444/444/927
f 444/444/928 454/454/928 455/455/928
f 444/444/928 455/455/928 445/445/928
f 445/445/929 455/455/929 456/456/929
f 445/445/929 456/456/929 446/446/929
f 446/446/930 456/456/930 457/457/930
f 446/446/930 457/457/930 447/447/930
f 447/447/447 457/457/457 458/458/458
f 447/447/447 458/458/458 448/448/448
f 448/448/448 458/458/458 459/459/459
f 448/448/448 459/459/459 449/449/449
f 449/449/449 459/459/459 460/460/460
f 449/449/449 460/460/460 450/450/450
f 451/451/931 461/461/931 462/462/931
f 451/451/931 462/462/931 452/452/931
f 452/452/932 462/462/932 463/463/932
f 452/452/932 463/463/932 453/453/932
f 453/453/933 463/463/933 464/464/933
f 453/453/933 464/464/933 454/454/933
f 454/454/934 464/464/934 465/465/934
f 454/454/934 465/465/934 455/455/934
f 455/455/935 465/465/935 466/466/935
f 455/455/935 466/466/935 456/456/935
f 456/456/936 466/466/936 467/467/936
f 456/456/936 467/467/936 457/457/936
f 457/457/457 467/467/467 468/468/468
f 457/457/457 468/468/468 458/458/458
f 458/458/458 468/468/468 469/469/469
f 458/458/458 469/469/469 459/459/459
f 459/459/459 469/469/469 470/470/470
f 459/459/459 470/470/470 460/460/460
f 461/461/937 471/471/937 472/472/937
f 461/461/937 472/472/937 462/462/937
f 462/462/938 472/472/938 473/473/938
f 462/462/938 473/473/938 463/463/938
f 463/463/939 473/473/939 474/474/939
f 463/463/939 474/474/939 464/464/939
f 464/464/940 474/474/940 475/475/940
f 464/464/940 475/475/940 465/465/940
f 465/465/941 475/475/941 476/476/941
f 465/465/941 476/476/941 466/466/941
f 466/466/942 476/476/942 477/477/942
f 466/466/942 477/477/942 467/467/942
f 467/467/467 477/477/477 478/478/478
f 467/467/467 478/478/478 468/468/468
f 468/468/468 478/478/478 479/479/479
f 468/468/468 479/479/479 469/469/469
f 469/469/469 479/479/479 480/480/480
f 469/469/469 480/480/480 470/470/470
f 471/471/943 481/481/943 482/482/943
f 471/471/943 482/482/943 472/472/943
f 472/472/944 482/482/944 483/483/944
f 472/472/944 483/483/944 473/473/944
f 473/473/945 483/483/945 484/484/945
f 473/473/945 484/484/945 474/474/945
f 474/474/946 484/484/946 485/485/946
f 474/474/946 485/485/946 475/475/946
f 475/475/947 485/485/947 486/486/947
f 475/475/947 486/486/947 476/476/947
f 476/476/948 486/486/948 487/487/948
f 476/476/948 487/487/948 477/477/948
f 477/477/477 487/487/487 488/488/488
f 477/477/477 488/488/488 478/478/478
f 478/478/478 488/488/488 489/489/489
f 478/478/478 489/489/489 479/479/479
f 479/479/479 489/489/489 490/490/490
f 479/479/479 490/490/490 480/480/480
f 481/481/949 491/491/949 492/492/949
f 481/481/949 492/492/949 482/482/949
f 482/482/950 492/492/950 493/493/950
f 482/482/950 493/493/950 483/483/950
f 483/483/951 493/493/951 494/494/951
f 483/483/951 494/494/951 484/484/951
f 484/484/952 494/494/952 495/495/952
f 484/484/952 495/495/952 485/485/952
f 485/485/953 495/495/953 496/496/953
f 485/485/953 496/496/953 486/486/953
f 486/486/954 496/496/954 497/497/954
f 486/486/954 497/497/954 487/487/954
f 487/487/487 497/497/497 498/498/498
f 487/487/487 498/498/498 488/488/488
f 488/488/488 498/498/498 499/499/499
f 488/488/488 499/499/499 489/489/489
f 489/489/489 499/499/499 500/500/500
f 489/489/489 500/500/500 490/490/490
f 491/491/955 501/501/955 502/502/955
f 491/491/955 502/502/955 492/492/955
f 492/492/956 502/502/956 503/503/956
f 492/492/956 503/503/956 493/493/956
f 493/493/957 503/503/957 504/504/957
f 493/493/957 504/504/957 494/494/957
f 494/494/958 504/504/958 505/505/958
f 494/494/958 505/505/958 495/495/958
f 495/495/959 505/505/959 506/506/959
f 495/495/959 506/506/959 496/496/959
f 496/496/960 506/506/960 507/507/960
f 496/496/960 507/507/960 497/497/960
f 497/497/497 507/507/507 508/508/508
f 497/497/497 508/508/508 498/498/498
f 498/498/498 508/508/508 509/509/509
f 498/498/498 509/509/509 499/499/499
f 499/499/499 509/509/509 510/510/510
f 499/499/499 510/510/510 500/500/500
f 501/501/961 511/511/961 512/512/961
f 501/501/961 512/512/961 502/502/961
f 502/502/962 512/512/962 513/513/962
f 502/502/962 513/513/962 503/503/962
f 503/503/963 513/513/963 514/514/963
f 503/503/963 514/514/963 504/504/963
f 504/504/964 514/514/964 515/515/964
f 504/504/964 515/515/964 505/505/964
f 505/505/965 515/515/965 516/516/965
f 505/505/965 516/516/965 506/506/965
f 506/506/966 516/516/966 517/517/966
f 506/506/966 517/517/966 507/507/966
f 507/507/507 517/517/517 518/518/518
f 507/507/507 518/518/518 508/508/508
f 508/508/508 518/518/518 519/519/519
f 508/508/508 519/519/519 509/509/509
f 509/509/509 519/519/519 520/520/520
f 509/509/509 520/520/520 510/510/510
f 511/511/967 521/521/967 522/522/967
f 511/511/967 522/522/967 512/512/967
f 512/512/968 522/522/968 523/523/968
f 512/512/968 523/523/968 513/513/968
f 513/513/969 523/523/969 524/524/969
f 513/513/969 524/524/969 514/514/969
f 514/514/970 524/524/970 525/525/970
f 514/514/970 525/525/970 515/515/970
f 515/515/971 525/525/971 526/526/971
f 515/515/971 526/526/971 516/516/971
f 516/516/972 526/526/972 527/527/972
f 516/516/972 527/527/972 517/517/972
f 517/517/517 527/527/527 528/528/528
f 517/517/517 528/528/528 518/518/518
f 518/518/518 528/528/528 529/529/529
f 518/518/518 529/529/529 519/519/519
f 519/519/519 529/529/529 530/530/530
f 519/519/519 530/530/530 520/520/520
f 521/521/973 531/531/973 532/532/973
f 521/521/973 532/532/973 522/522/973
f 522/522/974 532/532/974 533/533/974
f 522/522/974 533/533/974 523/523/974
f 523/523/975 533/533/975 534/534/975
f 523/523/975 534/534/975 524/524/975
f 524/524/976 534/534/976 535/535/976
f 524/524/976 535/535/976 525/525/976
f 525/525/977 535/535/977 536/536/977
f 525/525/977 536/536/977 526/526/977
f 526/526/978 536/536/978 537/537/978
f 526/526/978 537/537/978 527/527/978
f 527/527/527 537/537/537 538/538/538
f 527/527/527 538/538/538 528/528/528
f 528/528/528 538/538/538 539/539/539
f 528/528/528 539/539/539 529/529/529
f 529/529/529 539/539/539 540/540/540
f 529/529/529 540/540/540 530/530/530
f 531/531/979 541/541/979 542/542/979
f 531/531/979 542/542/979 532/532/979
f 532/532/980 542/542/980 543/543/980
f 532/532/980 543/543/980 533/533/980
f 533/533/981 543/543/981 544/544/981
f 533/533/981 544/544/981 534/534/981
f 534/534/982 544/544/982 545/545/982
f 534/534/982 545/545/982 535/535/982
f 535/535/983 545/545/983 546/546/983
f 535/535/983 546/546/983 536/536/983
f 536/536/984 546/546/984 547/547/984
f 536/536/984 547/547/984 537/537/984
f 537/537/537 547/547/547 548/548/548
f 537/537/537 548/548/548 538/538/538
f 538/538/538 548/548/548 549/549/549
f 538/538/538 549/549/549 539/539/539
f 539/539/539 549/549/549 550/550/550
f 539/539/539 550/550/550 540/540/540
f 541/541/985 551/551/985 552/552/985
f 541/541/985 552/552/985 542/542/985
f 542/542/986 552/552/986 553/553/986
f 542/542/986 553/553/986 543/543/986
f 543/543/987 553/553/987 554/554/987
f 543/543/987 554/554/987 544/544/987
f 544/544/988 554/554/988 555/555/988
f 544/544/988 555/555/988 545/545/988
f 545/545/989 555/555/989 556/556/989
f 545/545/989 556/556/989 546/546/989
f 546/546/990 556/556/990 557/557/990
f 546/546/990 557/557/990 547/547/990
f 547/547/547 557/557/557 558/558/558
f 547/547/547 558/558/558 548/548/548
f 548/548/548 558/558/558 559/559/559
f 548/548/548 559/559/559 549/549/549
f 549/549/549 559/559/559 560/560/560
f 549/549/549 560/560/560 550/550/550
f 551/551/991 561/561/991 562/562/991
f 551/551/991 562/562/991 552/552/991
f 552/552/992 562/562/992 563/563/992
f 552/552/992 563/563/992 553/553/992
f 553/553/993 563/563/993 564/564/993
f 553/553/993 564/564/993 554/554/993
f 554/554/994 564/564/994 565/565/994
f 554/554/994 565/565/994 555/555/994
f 555/555/995 565/565/995 566/566/995
f 555/555/995 566/566/995 556/556/995
f 556/556/996 566/566/996 567/567/996
f 556/556/996 567/567/996 557/557/996
f 557/557/557 567/567/567 568/568/568
f 557/557/557 568/568/568 558/558/558
f 558/558/558 568/568/568 569/569/569
f 558/558/558 569/569/569 559/559/559
f 559/559/559 569/569/569 570/570/570
f 559/559/559 570/570/570 560/560/560
f 561/561/997 571/571/997 572/572/997
f 561/561/997 572/572/997 562/562/997
f 562/562/998 572/572/998 573/573/998
f 562/562/998 573/573/998 563/563/998
f 563/563/999 573/573/999 574/574/999
f 563/563/999 574/574/999 564/564/999
f 564/564/1000 574/574/1000 575/575/1000
f 564/564/1000 575/575/1000 565/565/1000
f 565/565/1001 575/575/1001 576/576/1001
f 565/565/1001 576/576/1001 566/566/1001
f 566/566/1002 576/576/1002 577/577/1002
f 566/566/1002 577/577/1002 567/567/1002
f 567/567/567 577/577/577 578/578/578
f 567/567/567 578/578/578 568/568/568
f 568/568/568 578/578/578 579/579/579
f 568/568/568 579/579/579 569/569/569
f 569/569/569 579/579/579 580/580/580
f 569/569/569 580/580/580 570/570/570
f 571/571/1003 581/581/1003 582/582/1003
f 571/571/1003 582/582/1003 572/572/1003
f 572/572/1004 582/582/1004 583/583/1004
f 572/572/1004 583/583/1004 573/573/1004
f 573/573/1005 583/583/1005 584/584/1005
f 573/573/1005 584/584/1005 574/574/1005
f 574/574/1006 584/584/1006 585/585/1006
f 574/574/1006 585/585/1006 575/575/1006
f 575/575/1007 585/585/1007 586/586/1007
f 575/575/1007 586/586/1007 576/576/1007
f 576/576/1008 586/586/1008 587/587/1008
f 576/576/1008 587/587/1008 577/577/1008
f 577/577/577 587/587/587 588/588/588
f 577/577/577 588/588/588 578/578/578
f 578/578/578 588/588/588 589/589/589
f 578/578/578 589/589/589 579/579/579
f 579/579/579 589/589/589 590/590/590
f 579/579/579 590/590/590 580/580/580
f 581/581/1009 591/591/1009 592/592/1009
f 581/581/1009 592/592/1009 582/582/1009
f 582/582/1010 592/592/1010 593/593/1010
f 582/582/1010 593/593/1010 583/583/1010
f 583/583/1011 593/593/1011 594/594/1011
f 583/583/1011 594/594/1011 584/584/1011
f 584/584/1012 594/594/1012 595/595/1012
f 584/584/1012 595/595/1012 585/585/1012
f 585/585/1013 595/595/1013 596/596/1013
f 585/585/1013 596/596/1013 586/586/1013
f 586/586/1014 596/596/1014 597/597/1014
f 586/586/1014 597/597/1014 587/587/1014
f 587/587/587 597/597/597 598/598/598
f 587/587/587 598/598/598 588/588/588
f 588/588/588 598/598/598 599/599/599
f 588/588/588 599/599/599 589/589/589
f 589/589/589 599/599/599 600/600/600
f 589/589/589 600/600/600 590/590/590
f 591/591/1015 601/601/1015 602/602/1015
f 591/591/1015 602/602/1015 592/592/1015
f 592/592/1016 602/602/1016 603/603/1016
f 592/592/1016 603/603/1016 593/593/1016
f 593/593/1017 603/603/1017 604/604/1017
f 593/593/1017 604/604/1017 594/594/1017
f 594/594/1018 604/604/1018 605/605/1018
f 594/594/1018 605/605/1018 595/595/1018
f 595/595/1019 605/605/1019 606/606/1019
f 595/595/1019 606/606/1019 596/596/1019
f 596/596/1020 606/606/1020 607/607/1020
f 596/596/1020 607/607/1020 597/597/1020
f 597/597/597 607/607/607 608/608/608
f 597/597/597 608/608/608 598/598/598
f 598/598/598 608/608/608 609/609/609
f 598/598/598 609/609/609 599/599/599
f 599/599/599 609/609/609 610/610/610
f 599/599/599 610/610/610 600/600/600
f 601/601/1021 611/611/1021 612/612/1021
f 601/601/1021 612/612/1021 602/602/1021
f 602/602/1022 612/612/1022 613/613/1022
f 602/602/1022 613/613/1022 603/603/1022
f 603/603/1023 613/613/1023 614/614/1023
f 603/603/1023 614/614/1023 604/604/1023
f 604/604/1024 614/614/1024 615/615/1024
f 604/604/1024 615/615/1024 605/605/1024
f 605/605/1025 615/615/1025 616/616/1025
f 605/605/1025 616/616/1025 606/606/1025
f 606/606/1026 616/616/1026 617/617/1026
f 606/606/1026 617/617/1026 607/607/1026
f 607/607/607 617/617/617 618/618/618
f 607/607/607 618/618/618 608/608/608
f 608/608/608 618/618/618 619/619/619
f 608/608/608 619/619/619 609/609/609
f 609/609/609 619/619/619 620/620/620
f 609/609/609 620/620/620 610/610/610
f 611/611/1027 621/621/1027 622/622/1027
f 611/611/1027 622/622/1027 612/612/1027
f 612/612/1028 622/622/1028 623/623/1028
f 612/612/1028 623/623/1028 613/613/1028
f 613/613/1029 623/623/1029 624/624/1029
f 613/613/1029 624/624/1029 614/614/1029
f 614/614/1030 624/624/1030 625/625/1030
f 614/614/1030 625/625/1030 615/615/1030
f 615/615/1031 625/625/1031 626/626/1031
f 615/615/1031 626/626/1031 616/616/1031
f 616/616/1032 626/626/1032 627/627/1032
f 616/616/1032 627/627/1032 617/617/1032
f 617/617/617 627/627/627 628/628/628
f 617/617/617 628/628/628 618/618/618
f 618/618/618 628/628/628 629/629/629
f 618/618/618 629/629/629 619/619/619
f 619/619/619 629/629/629 630/630/630
f 619/619/619 630/630/630 620/620/620
f 621/621/1033 631/631/1033 632/632/1033
f 621/621/1033 632/632/1033 622/622/1033
f 622/622/1034 632/632/1034 633/633/1034
f 622/622/1034 633/633/1034 623/623/1034
f 623/623/1035 633/633/1035 634/634/1035
f 623/623/1035 634/634/1035 624/624/1035
f 624/624/1036 634/634/1036 635/635/1036
f 624/624/1036 635/635/1036 625/625/1036
f 625/625/1037 635/635/1037 636/636/1037
f 625/625/1037 636/636/1037 626/626/1037
f 626/626/1038 636/636/1038 637/637/1038
f 626/626/1038 637/637/1038 627/627/1038
f 627/627/627 637/637/637 638/638/638
f 627/627/627 638/638/638 628/628/628
f 628/628/628 638/638/638 639/639/639
f 628/628/628 639/639/639 629/629/629
f 629/629/629 639/639/639 640/640/640
f 629/629/629 640/640/640 630/630/630
f 631/631/1039 641/641/1039 642/642/1039
f 631/631/1039 642/642/1039 632/632/1039
f 632/632/1040 642/642/1040 643/643/1040
f 632/632/1040 643/643/1040 633/633/1040
f 633/633/1041 643/643/1041 644/644/1041
f 633/633/1041 644/644/1041 634/634/1041
f 634/634/1042 644/644/1042 645/645/1042
f 634/634/1042 645/645/1042 635/635/1042
f 635/635/1043 645/645/1043 646/646/1043
f 635/635/1043 646/646/1043 636/636/1043
f 636/636/1044 646/646/1044 647/647/1044
f 636/636/1044 647/647/1044 637/637/1044
f 637/637/637 647/647/647 648/648/648
f 637/637/637 648/648/648 638/638/638
f 638/638/638 648/648/648 649/649/649
f 638/638/638 649/649/649 639/639/639
f 639/639/639 649/649/649 650/650/650
f 639/639/639 650/650/650 640/640/640
f 641/641/1045 651/651/1045 652/652/1045
f 641/641/1045 652/652/1045 642/642/1045
f 642/642/1046 652/652/1046 653/653/1046
f 642/642/1046 653/653/1046 643/643/1046
f 643/643/1047 653/653/1047 654/654/1047
f 643/643/1047 654/654/1047 644/644/1047
f 644/644/1048 654/654/1048 655/655/1048
f 644/644/1048 655/655/1048 645/645/1048
f 645/645/1049 655/655/1049 656/656/1049
f 645/645/1049 656/656/1049 646/646/1049
f 646/646/1050 656/656/1050 657/657/1050
f 646/646/1050 657/657/1050 647/647/1050
f 647/647/647 657/657/657 658/658/658
f 647/647/647 658/658/658 648/648/648
f 648/648/648 658/658/658 659/659/659
f 648/648/648 659/659/659 649/649/649
f 649/649/649 659/659/659 660/660/660
f 649/649/649 660/660/660 650/650/650
