UTNTSkyEdge_tnt03a2_197_0|197|0|0|499|499|8016.0|-7648.0|7984.0|-7648.0|8000.0|-7647.5|-16.0|-16.0|-16.0|QROCK3|QROCK3X8|1.0|1.0|357.106110555|-944.0|22|rock|-|SG000971|-|352
UTNTSkyEdge_tnt03a2_432_0|432|0|1|158|158|6336.0|-2944.0|6336.0|-2991.0|6335.5|-2967.5|808.0|808.0|808.0|ICEY|XA00TEX|1.0|1.0|288.0|88.0|19.2|snow|-|SG000972|-|353
UTNTSkyEdge_tnt03a2_436_0|436|0|1|158|158|5632.0|-2944.0|6336.0|-2944.0|5984.0|-2944.5|808.0|808.0|808.0|ICEY|XA00TEX|1.0|1.0|96.0|88.0|19.2|snow|-|SG000972|-|353
UTNTSkyEdge_tnt03a2_441_0|441|0|1|158|158|6336.0|-2991.0|6336.0|-3040.0|6335.5|-3015.5|808.0|808.0|808.0|ICEY|XA00TEX|1.0|1.0|335.0|88.0|19.2|snow|-|SG000972|-|353
UTNTSkyEdge_tnt03a2_524_0|524|0|1|151|151|4528.0|-6784.0|4544.0|-6784.0|4536.0|-6784.5|478.0|478.0|478.0|ICEY|XA00TEX|1.0|1.0|35.77708764|34.0|9.6|snow|-|SG000973|-|354
UTNTSkyEdge_tnt03a2_525_0|525|0|1|583|583|4544.0|-6784.0|4544.0|-6800.0|4543.5|-6792.0|478.0|478.0|478.0|ICEY|XA00TEX|1.0|1.0|51.77708764|34.0|9.6|snow|-|SG000974|-|355
UTNTSkyEdge_tnt03a2_591_0|591|0|1|151|151|4512.0|-6816.0|4528.0|-6784.0|4520.4472135955|-6800.22360679775|478.0|478.0|478.0|ICEY|XA00TEX|1.0|1.0|0.0|34.0|9.6|snow|-|SG000973|-|354
UTNTSkyEdge_tnt03a2_642_0|642|0|1|158|158|5632.0|-3040.0|5632.0|-2944.0|5632.5|-2992.0|808.0|808.0|808.0|ICEY|XA00TEX|1.0|1.0|0.0|88.0|19.2|snow|-|SG000972|-|353
UTNTSkyEdge_tnt03a2_647_0|647|0|1|218|218|6336.0|-3072.0|6336.0|-3136.0|6335.5|-3104.0|808.0|808.0|808.0|ICEY|XA00TEX|1.0|1.0|0.0|88.0|19.2|snow|-|SG000975|-|356
UTNTSkyEdge_tnt03a2_1041_0|1041|0|0|499|499|8000.0|-7536.0|7936.0|-7488.0|7968.3|-7511.6|-16.0|-16.0|-16.0|QROCK3|QROCK3X8|1.0|1.0|511.256728397|-944.0|22|rock|-|SG000971|-|352
UTNTSkyEdge_tnt03a2_1234_0|1234|0|1|218|218|6336.0|-3136.0|5632.0|-3136.0|5984.0|-3135.5|808.0|808.0|808.0|ICEY|XA00TEX|1.0|1.0|64.0|88.0|19.2|snow|-|SG000975|-|356
UTNTSkyEdge_tnt03a2_1608_0|1608|0|0|499|499|7984.0|-7648.0|8000.0|-7616.0|7992.4472135955|-7632.22360679775|-16.0|-16.0|-16.0|QROCK3|QROCK3X8|1.0|1.0|389.106110555|-944.0|22|rock|-|SG000971|-|352
UTNTSkyEdge_tnt03a2_3045_0|3045|0|0|499|499|8032.0|-7568.0|8048.0|-7616.0|8039.5256583509745|-7592.158113883009|-16.0|-16.0|-16.0|QROCK3|QROCK3X8|1.0|1.0|261.254833996|-944.0|22|rock|-|SG000971|-|352
UTNTSkyEdge_tnt03a2_3196_0|3196|0|0|272|272|7840.0|-7360.0|7808.0|-7392.0|7823.646446609407|-7375.646446609407|0.0|0.0|0.0|QROCK3|QROCK3X8|1.0|1.0|206.74677765|-944.0|22|rock|-|SG000976|-|357
UTNTSkyEdge_tnt03a2_3206_0|3206|0|0|499|499|8032.0|-7520.0|8032.0|-7568.0|8031.5|-7544.0|-16.0|-16.0|-16.0|QROCK3|QROCK3X8|1.0|1.0|213.254833996|-944.0|22|rock|-|SG000971|-|352
UTNTSkyEdge_tnt03a2_3212_0|3212|0|0|499|499|8048.0|-7616.0|8016.0|-7648.0|8031.646446609407|-7631.646446609407|-16.0|-16.0|-16.0|QROCK3|QROCK3X8|1.0|1.0|311.851276559|-944.0|22|rock|-|SG000971|-|352
UTNTSkyEdge_tnt03a2_3214_0|3214|0|0|499|499|8000.0|-7616.0|8016.0|-7584.0|8008.4472135955|-7600.22360679775|-16.0|-16.0|-16.0|QROCK3|QROCK3X8|1.0|1.0|424.883198195|-944.0|22|rock|-|SG000971|-|352
UTNTSkyEdge_tnt03a2_3216_0|3216|0|0|499|499|8000.0|-7488.0|8032.0|-7520.0|8015.646446609407|-7504.353553390593|-16.0|-16.0|-16.0|QROCK3|QROCK3X8|1.0|1.0|168.0|-944.0|22|rock|-|SG000971|-|352
UTNTSkyEdge_tnt03a2_3258_0|3258|0|0|272|272|7776.0|-7376.0|7840.0|-7360.0|7808.121267812518|-7368.485071250073|0.0|0.0|0.0|QROCK3|QROCK3X8|1.0|1.0|140.77708764|-944.0|22|rock|-|SG000976|-|357
UTNTSkyEdge_tnt03a2_3316_0|3316|0|1|583|583|4544.0|-6800.0|4512.0|-6816.0|4527.77639320225|-6807.5527864045|478.0|478.0|478.0|ICEY|XA00TEX|1.0|1.0|67.77708764|34.0|9.6|snow|-|SG000974|-|355
UTNTSkyEdge_tnt03a2_3608_0|3608|0|0|272|272|7728.0|-7360.0|7760.0|-7376.0|7743.77639320225|-7368.4472135955|0.0|0.0|0.0|QROCK3|QROCK3X8|1.0|1.0|89.0|-944.0|22|rock|-|SG000976|-|357
UTNTSkyEdge_tnt03a2_4324_0|4324|0|1|218|218|5632.0|-3136.0|5632.0|-3072.0|5632.5|-3104.0|808.0|808.0|808.0|ICEY|XA00TEX|1.0|1.0|256.0|88.0|19.2|snow|-|SG000975|-|356
UTNTSkyEdge_tnt03a2_4577_0|4577|0|0|272|272|7808.0|-7392.0|7776.0|-7392.0|7792.0|-7391.5|0.0|0.0|0.0|QROCK3|QROCK3X8|1.0|1.0|252.001611646|-944.0|22|rock|-|SG000976|-|357
UTNTSkyEdge_tnt03a2_4591_0|4591|0|0|272|272|7776.0|-7392.0|7728.0|-7360.0|7752.277350098113|-7375.5839748528315|0.0|0.0|0.0|QROCK3|QROCK3X8|1.0|1.0|284.001611646|-944.0|22|rock|-|SG000976|-|357
UTNTSkyEdge_tnt03a2_4610_0|4610|0|0|499|499|8016.0|-7584.0|8000.0|-7536.0|8008.4743416490255|-7559.841886116991|-16.0|-16.0|-16.0|QROCK3|QROCK3X8|1.0|1.0|460.660285835|-944.0|22|rock|-|SG000971|-|352
UTNTSkyEdge_tnt03a2_4619_0|4619|0|0|499|499|7936.0|-7488.0|8000.0|-7488.0|7968.0|-7488.5|-16.0|-16.0|-16.0|QROCK3|QROCK3X8|1.0|1.0|104.0|-944.0|22|rock|-|SG000971|-|352
UTNTSkyEdge_tnt03a2_4637_0|4637|0|0|272|272|7760.0|-7376.0|7776.0|-7376.0|7768.0|-7376.5|0.0|0.0|0.0|QROCK3|QROCK3X8|1.0|1.0|124.77708764|-944.0|22|rock|-|SG000976|-|357
UTNTSkyEdge_tnt03a2_8669_0|8669|0|1|1702|1702|8720.0|-5216.0|8768.0|-5072.0|8744.474341649026|-5144.158113883009|88.0|88.0|88.0|ICEY|XA00TEX|1.0|1.0|405.149378675|40.0|24|snow|-|SG000977|-|358
UTNTSkyEdge_tnt03a2_8676_0|8676|0|1|1702|1702|9880.0|-5096.0|9888.0|-5216.0|9883.501107421072|-5156.033259505262|88.0|88.0|88.0|ICEY|XA00TEX|1.0|1.0|53.0|40.0|24|snow|-|SG000977|-|358
UTNTSkyEdge_tnt03a2_8679_0|8679|0|1|1702|1702|8992.0|-5376.0|8768.0|-5376.0|8880.0|-5375.5|88.0|88.0|88.0|ICEY|XA00TEX|1.0|1.0|14.104474533|40.0|24|snow|-|SG000977|-|358
UTNTSkyEdge_tnt03a2_8683_0|8683|0|1|1702|1702|8768.0|-5376.0|8720.0|-5216.0|8744.478913142611|-5295.856326057216|88.0|88.0|88.0|ICEY|XA00TEX|1.0|1.0|238.104474533|40.0|24|snow|-|SG000977|-|358
UTNTSkyEdge_tnt03a2_8684_1|8684|1|0|1710|1710|9280.0|-4672.0|9408.0|-4672.0|9344.0|-4672.5|88.0|88.0|88.0|ICEY|XA00TEX|1.0|1.0|94.0|-376.0|24|snow|-|SG000978|-|359
UTNTSkyEdge_tnt03a2_8688_0|8688|0|1|1792|1792|8848.0|-4608.0|9024.0|-4544.0|8936.170871531544|-4576.469896711744|88.0|88.0|88.0|ICEY|XA00TEX|1.0|1.0|5.0|40.0|7|snow|-|SG000979|-|360
UTNTSkyEdge_tnt03a2_8689_0|8689|0|1|1798|1798|9408.0|-4672.0|9520.0|-4608.0|9464.248069469179|-4640.434121571062|88.0|88.0|88.0|ICEY|XA00TEX|1.0|1.0|94.0|40.0|24|snow|-|SG000980|-|361
UTNTSkyEdge_tnt03a2_8695_0|8695|0|1|1702|1702|9232.0|-5312.0|9104.0|-5312.0|9168.0|-5311.5|88.0|88.0|88.0|ICEY|XA00TEX|1.0|1.0|269.10835056|40.0|24|snow|-|SG000977|-|358
UTNTSkyEdge_tnt03a2_8699_0|8699|0|1|1792|1792|9024.0|-4544.0|9152.0|-4608.0|9087.77639320225|-4576.4472135955|88.0|88.0|88.0|ICEY|XA00TEX|1.0|1.0|192.275198572|40.0|7|snow|-|SG000979|-|360
UTNTSkyEdge_tnt03a2_8708_0|8708|0|1|1798|1798|9864.0|-4768.0|9896.0|-4912.0|9879.511906469908|-4840.108465228909|88.0|88.0|88.0|ICEY|XA00TEX|1.0|1.0|179.924225025|40.0|24|snow|-|SG000980|-|361
UTNTSkyEdge_tnt03a2_8715_0|8715|0|1|1793|1793|8832.0|-4768.0|8848.0|-4608.0|8840.497518595104|-4688.04975185951|88.0|88.0|88.0|ICEY|XA00TEX|1.0|1.0|100.0|40.0|16.2|snow|-|SG000981|-|362
UTNTSkyEdge_tnt03a2_8727_0|8727|0|1|1796|1796|9840.0|-5376.0|9488.0|-5440.0|9663.9105572809|-5407.50806504495|88.0|88.0|88.0|ICEY|XA00TEX|1.0|1.0|70.0|40.0|9.0|snow|-|SG000982|-|363
UTNTSkyEdge_tnt03a2_8732_0|8732|0|1|1795|1795|9888.0|-5216.0|9840.0|-5376.0|9863.521086857389|-5295.856326057216|88.0|88.0|88.0|ICEY|XA00TEX|1.0|1.0|45.0|40.0|16.2|snow|-|SG000983|-|364
UTNTSkyEdge_tnt03a2_8734_0|8734|0|1|1797|1797|9488.0|-5440.0|9360.0|-5376.0|9424.22360679775|-5407.5527864045|88.0|88.0|88.0|ICEY|XA00TEX|1.0|1.0|111.0|40.0|16.2|snow|-|SG000984|-|365
UTNTSkyEdge_tnt03a2_8735_0|8735|0|1|1798|1798|9824.0|-4608.0|9864.0|-4768.0|9843.514928749928|-4688.121267812518|88.0|88.0|88.0|ICEY|XA00TEX|1.0|1.0|15.0|40.0|24|snow|-|SG000980|-|361
UTNTSkyEdge_tnt03a2_8736_0|8736|0|1|1702|1702|9104.0|-5312.0|8992.0|-5376.0|9047.751930530821|-5343.565878428938|88.0|88.0|88.0|ICEY|XA00TEX|1.0|1.0|397.10835056|40.0|24|snow|-|SG000977|-|358
UTNTSkyEdge_tnt03a2_8743_0|8743|0|1|1798|1798|9520.0|-4608.0|9584.0|-4608.0|9552.0|-4608.5|88.0|88.0|88.0|ICEY|XA00TEX|1.0|1.0|222.996123973|40.0|24|snow|-|SG000980|-|361
UTNTSkyEdge_tnt03a2_8744_0|8744|0|1|1704|1704|8768.0|-4912.0|8832.0|-4768.0|8800.45690577431|-4840.203069233026|88.0|88.0|88.0|ICEY|XA00TEX|1.0|1.0|70.0|40.0|24|snow|-|SG000985|-|366
UTNTSkyEdge_tnt03a2_9127_0|9127|0|1|1704|1704|9152.0|-4608.0|9280.0|-4672.0|9215.77639320225|-4640.4472135955|88.0|88.0|88.0|ICEY|XA00TEX|1.0|1.0|79.0|40.0|24|snow|-|SG000985|-|366
UTNTSkyEdge_tnt03a2_9130_0|9130|0|1|1703|1703|9584.0|-4608.0|9712.0|-4608.0|9648.0|-4608.5|88.0|88.0|88.0|ICEY|XA00TEX|1.0|1.0|31.0|40.0|11.4|snow|-|SG000986|-|367
UTNTSkyEdge_tnt03a2_9136_0|9136|0|1|1794|1794|9712.0|-4608.0|9824.0|-4608.0|9768.0|-4608.5|88.0|88.0|88.0|ICEY|XA00TEX|1.0|1.0|31.0|40.0|16.8|snow|-|SG000987|-|368
UTNTSkyEdge_tnt03a2_9138_0|9138|0|1|1702|1702|9360.0|-5376.0|9232.0|-5312.0|9296.22360679775|-5343.5527864045|88.0|88.0|88.0|ICEY|XA00TEX|1.0|1.0|126.0|40.0|24|snow|-|SG000977|-|358
UTNTSkyEdge_tnt03a2_864_1_terrain_1_0|864|1|2|146|252|15328.0|-3224.0|15392.0|-3472.0|15359.515861338145|-3348.124939009511|32.0|32.0|32.0|ICEY|XA00TEX|1.0|1.0|113.780804634|480.0|8|snow|-|SG000988|-|369|1|0|252|XA00TEX|-|1.0|1.0|0.0|0.0|0.0|XA00TEX|-|1.0|1.0|113.780804634|480.0|-32.0|-32.0|32.0|32.0|416.0|416.0|416.0|416.0
UTNTSkyEdge_tnt03a2_864_1_terrain_1_1|864|1|2|146|252|15328.0|-3224.0|15392.0|-3472.0|15360.484138661855|-3347.875060990489|32.0|32.0|32.0|ICEY|XA00TEX|1.0|1.0|0.0|0.0|8|snow|-|SG000989|-|370|1|1|252|XA00TEX|-|1.0|1.0|0.0|0.0|0.0|XA00TEX|-|1.0|1.0|113.780804634|480.0|-32.0|-32.0|32.0|32.0|416.0|416.0|416.0|416.0
UTNTSkyEdge_tnt03a2_865_1_terrain_1_0|865|1|2|146|252|15336.0|-3664.0|15392.0|-3808.0|15363.53399766423|-3736.1812231305776|32.0|32.0|32.0|ICEY|XA00TEX|1.0|1.0|57.905774132|480.0|8|snow|-|SG000988|-|369|1|0|252|XA00TEX|-|1.0|1.0|0.0|0.0|0.0|XA00TEX|-|1.0|1.0|57.905774132|480.0|-32.0|-32.0|32.0|32.0|416.0|416.0|416.0|416.0
UTNTSkyEdge_tnt03a2_865_1_terrain_1_1|865|1|2|146|252|15336.0|-3664.0|15392.0|-3808.0|15364.46600233577|-3735.8187768694224|32.0|32.0|32.0|ICEY|XA00TEX|1.0|1.0|0.0|0.0|8|snow|-|SG000989|-|370|1|1|252|XA00TEX|-|1.0|1.0|0.0|0.0|0.0|XA00TEX|-|1.0|1.0|57.905774132|480.0|-32.0|-32.0|32.0|32.0|416.0|416.0|416.0|416.0
UTNTSkyEdge_tnt03a2_877_1_terrain_1_0|877|1|2|146|252|15344.0|-3944.0|15384.0|-4144.0|15363.509709662154|-4044.098058067569|32.0|32.0|32.0|ICEY|XA00TEX|1.0|1.0|356.633488477|480.0|8|snow|-|SG000988|-|369|1|0|252|XA00TEX|-|1.0|1.0|0.0|0.0|0.0|XA00TEX|-|1.0|1.0|356.633488477|480.0|-32.0|-32.0|32.0|32.0|416.0|416.0|416.0|416.0
UTNTSkyEdge_tnt03a2_877_1_terrain_1_1|877|1|2|146|252|15344.0|-3944.0|15384.0|-4144.0|15364.490290337846|-4043.901941932431|32.0|32.0|32.0|ICEY|XA00TEX|1.0|1.0|0.0|0.0|8|snow|-|SG000989|-|370|1|1|252|XA00TEX|-|1.0|1.0|0.0|0.0|0.0|XA00TEX|-|1.0|1.0|356.633488477|480.0|-32.0|-32.0|32.0|32.0|416.0|416.0|416.0|416.0
UTNTSkyEdge_tnt03a2_878_1_terrain_1_0|878|1|2|146|252|15384.0|-4144.0|15352.0|-4296.0|15367.510725107506|-4219.896994759475|32.0|32.0|32.0|ICEY|XA00TEX|1.0|1.0|48.59426902|480.0|8|snow|-|SG000988|-|369|1|0|252|XA00TEX|-|1.0|1.0|0.0|0.0|0.0|XA00TEX|-|1.0|1.0|48.59426902|480.0|-32.0|-32.0|32.0|32.0|416.0|416.0|416.0|416.0
UTNTSkyEdge_tnt03a2_878_1_terrain_1_1|878|1|2|146|252|15384.0|-4144.0|15352.0|-4296.0|15368.489274892494|-4220.103005240525|32.0|32.0|32.0|ICEY|XA00TEX|1.0|1.0|0.0|0.0|8|snow|-|SG000989|-|370|1|1|252|XA00TEX|-|1.0|1.0|0.0|0.0|0.0|XA00TEX|-|1.0|1.0|48.59426902|480.0|-32.0|-32.0|32.0|32.0|416.0|416.0|416.0|416.0
UTNTSkyEdge_tnt03a2_881_1_terrain_1_0|881|1|2|266|252|15424.0|-4400.0|15424.0|-1936.0|15424.5|-3168.0|32.0|32.0|32.0|ICEY|XA00TEX|1.0|1.0|0.0|480.0|8|snow|-|SG000990|-|371|1|0|252|XA00TEX|-|1.0|1.0|0.0|0.0|0.0|XA00TEX|-|1.0|1.0|0.0|480.0|-32.0|-32.0|32.0|32.0|416.0|416.0|416.0|416.0
UTNTSkyEdge_tnt03a2_881_1_terrain_1_1|881|1|2|266|252|15424.0|-4400.0|15424.0|-1936.0|15423.5|-3168.0|32.0|32.0|32.0|ICEY|XA00TEX|1.0|1.0|0.0|0.0|8|snow|-|SG000989|-|370|1|1|252|XA00TEX|-|1.0|1.0|0.0|0.0|0.0|XA00TEX|-|1.0|1.0|0.0|480.0|-32.0|-32.0|32.0|32.0|416.0|416.0|416.0|416.0
UTNTSkyEdge_tnt03a2_883_1_terrain_1_0|883|1|2|266|252|15424.0|-1936.0|13024.0|-1936.0|14224.0|-1935.5|32.0|32.0|32.0|ICEY|XA00TEX|1.0|1.0|416.0|480.0|8|snow|-|SG000990|-|371|1|0|252|XA00TEX|-|1.0|1.0|0.0|0.0|0.0|XA00TEX|-|1.0|1.0|416.0|480.0|-32.0|-32.0|32.0|32.0|416.0|416.0|416.0|416.0
UTNTSkyEdge_tnt03a2_883_1_terrain_1_1|883|1|2|266|252|15424.0|-1936.0|13024.0|-1936.0|14224.0|-1936.5|32.0|32.0|32.0|ICEY|XA00TEX|1.0|1.0|0.0|0.0|8|snow|-|SG000989|-|370|1|1|252|XA00TEX|-|1.0|1.0|0.0|0.0|0.0|XA00TEX|-|1.0|1.0|416.0|480.0|-32.0|-32.0|32.0|32.0|416.0|416.0|416.0|416.0
UTNTSkyEdge_tnt03a2_887_0_terrain_1_0|887|0|2|146|2047|14832.0|-4408.0|14760.0|-4320.0|14796.386978649602|-4363.683381104871|32.0|32.0|32.0|ICEY|XA00TEX|1.0|1.0|73.951899422|480.0|8|snow|-|SG000988|-|369|1|0|2047|XA00TEX|-|1.0|1.0|0.0|0.0|0.0|XA00TEX|-|1.0|1.0|73.951899422|480.0|-32.0|-32.0|32.0|32.0|416.0|416.0|416.0|416.0
UTNTSkyEdge_tnt03a2_887_0_terrain_1_1|887|0|2|146|2047|14832.0|-4408.0|14760.0|-4320.0|14795.613021350398|-4364.316618895129|32.0|32.0|32.0|ICEY|XA00TEX|1.0|1.0|0.0|0.0|8|snow|-|SG000991|-|372|1|1|2047|XA00TEX|-|1.0|1.0|0.0|0.0|0.0|XA00TEX|-|1.0|1.0|73.951899422|480.0|-32.0|-32.0|32.0|32.0|416.0|416.0|416.0|416.0
UTNTSkyEdge_tnt03a2_888_0_terrain_1_0|888|0|2|146|2047|14232.0|-3984.0|14272.0|-3920.0|14252.423999152003|-3952.2649994700014|32.0|32.0|32.0|ICEY|XA00TEX|1.0|1.0|107.340638016|480.0|8|snow|-|SG000988|-|369|1|0|2047|XA00TEX|-|1.0|1.0|0.0|0.0|0.0|XA00TEX|-|1.0|1.0|107.340638016|480.0|-32.0|-32.0|32.0|32.0|416.0|416.0|416.0|416.0
UTNTSkyEdge_tnt03a2_888_0_terrain_1_1|888|0|2|146|2047|14232.0|-3984.0|14272.0|-3920.0|14251.576000847997|-3951.7350005299986|32.0|32.0|32.0|ICEY|XA00TEX|1.0|1.0|0.0|0.0|8|snow|-|SG000991|-|372|1|1|2047|XA00TEX|-|1.0|1.0|0.0|0.0|0.0|XA00TEX|-|1.0|1.0|107.340638016|480.0|-32.0|-32.0|32.0|32.0|416.0|416.0|416.0|416.0
UTNTSkyEdge_tnt03a2_889_0_terrain_1_0|889|0|2|146|2047|14272.0|-3920.0|14272.0|-3800.0|14272.5|-3860.0|32.0|32.0|32.0|ICEY|XA00TEX|1.0|1.0|182.812487072|480.0|8|snow|-|SG000988|-|369|1|0|2047|XA00TEX|-|1.0|1.0|0.0|0.0|0.0|XA00TEX|-|1.0|1.0|182.812487072|480.0|-32.0|-32.0|32.0|32.0|416.0|416.0|416.0|416.0
UTNTSkyEdge_tnt03a2_889_0_terrain_1_1|889|0|2|146|2047|14272.0|-3920.0|14272.0|-3800.0|14271.5|-3860.0|32.0|32.0|32.0|ICEY|XA00TEX|1.0|1.0|0.0|0.0|8|snow|-|SG000991|-|372|1|1|2047|XA00TEX|-|1.0|1.0|0.0|0.0|0.0|XA00TEX|-|1.0|1.0|182.812487072|480.0|-32.0|-32.0|32.0|32.0|416.0|416.0|416.0|416.0
UTNTSkyEdge_tnt03a2_890_0_terrain_1_0|890|0|2|146|2047|14760.0|-4320.0|14696.0|-4280.0|14728.264999470002|-4299.576000847997|32.0|32.0|32.0|ICEY|XA00TEX|1.0|1.0|187.653262651|480.0|8|snow|-|SG000988|-|369|1|0|2047|XA00TEX|-|1.0|1.0|0.0|0.0|0.0|XA00TEX|-|1.0|1.0|187.653262651|480.0|-32.0|-32.0|32.0|32.0|416.0|416.0|416.0|416.0
UTNTSkyEdge_tnt03a2_890_0_terrain_1_1|890|0|2|146|2047|14760.0|-4320.0|14696.0|-4280.0|14727.735000529998|-4300.423999152003|32.0|32.0|32.0|ICEY|XA00TEX|1.0|1.0|0.0|0.0|8|snow|-|SG000991|-|372|1|1|2047|XA00TEX|-|1.0|1.0|0.0|0.0|0.0|XA00TEX|-|1.0|1.0|187.653262651|480.0|-32.0|-32.0|32.0|32.0|416.0|416.0|416.0|416.0
UTNTSkyEdge_tnt03a2_891_0_terrain_1_0|891|0|2|146|2047|14696.0|-4280.0|14640.0|-4312.0|14667.751930530821|-4295.565878428938|32.0|32.0|32.0|ICEY|XA00TEX|1.0|1.0|263.125111707|480.0|8|snow|-|SG000988|-|369|1|0|2047|XA00TEX|-|1.0|1.0|0.0|0.0|0.0|XA00TEX|-|1.0|1.0|263.125111707|480.0|-32.0|-32.0|32.0|32.0|416.0|416.0|416.0|416.0
UTNTSkyEdge_tnt03a2_891_0_terrain_1_1|891|0|2|146|2047|14696.0|-4280.0|14640.0|-4312.0|14668.248069469179|-4296.434121571062|32.0|32.0|32.0|ICEY|XA00TEX|1.0|1.0|0.0|0.0|8|snow|-|SG000991|-|372|1|1|2047|XA00TEX|-|1.0|1.0|0.0|0.0|0.0|XA00TEX|-|1.0|1.0|263.125111707|480.0|-32.0|-32.0|32.0|32.0|416.0|416.0|416.0|416.0
UTNTSkyEdge_tnt03a2_892_0_terrain_1_0|892|0|2|146|2047|14640.0|-4312.0|14576.0|-4296.0|14608.121267812518|-4303.514928749927|32.0|32.0|32.0|ICEY|XA00TEX|1.0|1.0|327.623173694|480.0|8|snow|-|SG000988|-|369|1|0|2047|XA00TEX|-|1.0|1.0|0.0|0.0|0.0|XA00TEX|-|1.0|1.0|327.623173694|480.0|-32.0|-32.0|32.0|32.0|416.0|416.0|416.0|416.0
UTNTSkyEdge_tnt03a2_892_0_terrain_1_1|892|0|2|146|2047|14640.0|-4312.0|14576.0|-4296.0|14607.878732187482|-4304.485071250073|32.0|32.0|32.0|ICEY|XA00TEX|1.0|1.0|0.0|0.0|8|snow|-|SG000991|-|372|1|1|2047|XA00TEX|-|1.0|1.0|0.0|0.0|0.0|XA00TEX|-|1.0|1.0|327.623173694|480.0|-32.0|-32.0|32.0|32.0|416.0|416.0|416.0|416.0
UTNTSkyEdge_tnt03a2_893_0_terrain_1_0|893|0|2|146|2047|14208.0|-3688.0|14160.0|-3640.0|14184.353553390592|-3663.6464466094067|32.0|32.0|32.0|ICEY|XA00TEX|1.0|1.0|454.366662352|480.0|8|snow|-|SG000988|-|369|1|0|2047|XA00TEX|-|1.0|1.0|0.0|0.0|0.0|XA00TEX|-|1.0|1.0|454.366662352|480.0|-32.0|-32.0|32.0|32.0|416.0|416.0|416.0|416.0
UTNTSkyEdge_tnt03a2_893_0_terrain_1_1|893|0|2|146|2047|14208.0|-3688.0|14160.0|-3640.0|14183.646446609408|-3664.3535533905933|32.0|32.0|32.0|ICEY|XA00TEX|1.0|1.0|0.0|0.0|8|snow|-|SG000991|-|372|1|1|2047|XA00TEX|-|1.0|1.0|0.0|0.0|0.0|XA00TEX|-|1.0|1.0|454.366662352|480.0|-32.0|-32.0|32.0|32.0|416.0|416.0|416.0|416.0
UTNTSkyEdge_tnt03a2_894_1_terrain_1_0|894|1|2|258|259|13648.0|-3976.0|13760.0|-3936.0|13704.1681681985|-3956.4708709557976|-8.0|-8.0|-8.0|ICEY|XA00TEX|1.0|1.0|458.878105487|8.0|3.84|snow|-|SG000992|-|373|1|0|259|XA00TEX|-|1.0|1.0|0.0|0.0|0.0|XA00TEX|-|1.0|1.0|458.878105487|8.0|-32.0|-32.0|-8.0|-8.0|416.0|416.0|416.0|416.0
UTNTSkyEdge_tnt03a2_894_1_terrain_1_1|894|1|2|258|259|13648.0|-3976.0|13760.0|-3936.0|13703.8318318015|-3955.5291290442024|-8.0|-8.0|-8.0|ICEY|XA00TEX|1.0|1.0|0.0|0.0|3.84|snow|-|SG000993|-|374|1|1|259|XA00TEX|-|1.0|1.0|0.0|0.0|0.0|XA00TEX|-|1.0|1.0|458.878105487|8.0|-32.0|-32.0|-8.0|-8.0|416.0|416.0|416.0|416.0
UTNTSkyEdge_tnt03a2_895_1_terrain_1_0|895|1|2|258|259|13576.0|-3984.0|13648.0|-3976.0|13612.055215763037|-3980.496941867337|-8.0|-8.0|-8.0|ICEY|XA00TEX|1.0|1.0|386.435024381|8.0|3.84|snow|-|SG000992|-|373|1|0|259|XA00TEX|-|1.0|1.0|0.0|0.0|0.0|XA00TEX|-|1.0|1.0|386.435024381|8.0|-32.0|-32.0|-8.0|-8.0|416.0|416.0|416.0|416.0
UTNTSkyEdge_tnt03a2_895_1_terrain_1_1|895|1|2|258|259|13576.0|-3984.0|13648.0|-3976.0|13611.944784236963|-3979.503058132663|-8.0|-8.0|-8.0|ICEY|XA00TEX|1.0|1.0|0.0|0.0|3.84|snow|-|SG000993|-|374|1|1|259|XA00TEX|-|1.0|1.0|0.0|0.0|0.0|XA00TEX|-|1.0|1.0|386.435024381|8.0|-32.0|-32.0|-8.0|-8.0|416.0|416.0|416.0|416.0
UTNTSkyEdge_tnt03a2_896_0_terrain_1_0|896|0|2|146|2047|14208.0|-3768.0|14208.0|-3688.0|14208.5|-3728.0|32.0|32.0|32.0|ICEY|XA00TEX|1.0|1.0|374.366662352|480.0|8|snow|-|SG000988|-|369|1|0|2047|XA00TEX|-|1.0|1.0|0.0|0.0|0.0|XA00TEX|-|1.0|1.0|374.366662352|480.0|-32.0|-32.0|32.0|32.0|416.0|416.0|416.0|416.0
UTNTSkyEdge_tnt03a2_896_0_terrain_1_1|896|0|2|146|2047|14208.0|-3768.0|14208.0|-3688.0|14207.5|-3728.0|32.0|32.0|32.0|ICEY|XA00TEX|1.0|1.0|0.0|0.0|8|snow|-|SG000991|-|372|1|1|2047|XA00TEX|-|1.0|1.0|0.0|0.0|0.0|XA00TEX|-|1.0|1.0|374.366662352|480.0|-32.0|-32.0|32.0|32.0|416.0|416.0|416.0|416.0
UTNTSkyEdge_tnt03a2_897_1_terrain_1_0|897|1|2|146|262|14960.0|-3352.0|14896.0|-3416.0|14927.646446609408|-3383.6464466094067|0.0|0.0|0.0|ICEY|XA00TEX|1.0|1.0|146.447719121|512.0|5.12|snow|-|SG000988|-|369|1|0|262|XA00TEX|-|1.0|1.0|0.0|0.0|0.0|XA00TEX|-|1.0|1.0|146.447719121|512.0|-32.0|-32.0|0.0|0.0|416.0|416.0|416.0|416.0
UTNTSkyEdge_tnt03a2_897_1_terrain_1_1|897|1|2|146|262|14960.0|-3352.0|14896.0|-3416.0|14928.353553390592|-3384.3535533905933|0.0|0.0|0.0|ICEY|XA00TEX|1.0|1.0|0.0|0.0|5.12|snow|-|SG000994|-|375|1|1|262|XA00TEX|-|1.0|1.0|0.0|0.0|0.0|XA00TEX|-|1.0|1.0|146.447719121|512.0|-32.0|-32.0|0.0|0.0|416.0|416.0|416.0|416.0
UTNTSkyEdge_tnt03a2_898_1_terrain_1_0|898|1|2|258|259|13864.0|-3984.0|13904.0|-4072.0|13883.544816761269|-4028.2069014721505|-8.0|-8.0|-8.0|ICEY|XA00TEX|1.0|1.0|180.349223971|8.0|3.84|snow|-|SG000992|-|373|1|0|259|XA00TEX|-|1.0|1.0|0.0|0.0|0.0|XA00TEX|-|1.0|1.0|180.349223971|8.0|-32.0|-32.0|-8.0|-8.0|416.0|416.0|416.0|416.0
UTNTSkyEdge_tnt03a2_898_1_terrain_1_1|898|1|2|258|259|13864.0|-3984.0|13904.0|-4072.0|13884.455183238731|-4027.7930985278495|-8.0|-8.0|-8.0|ICEY|XA00TEX|1.0|1.0|0.0|0.0|3.84|snow|-|SG000993|-|374|1|1|259|XA00TEX|-|1.0|1.0|0.0|0.0|0.0|XA00TEX|-|1.0|1.0|180.349223971|8.0|-32.0|-32.0|-8.0|-8.0|416.0|416.0|416.0|416.0
UTNTSkyEdge_tnt03a2_899_1_terrain_1_0|899|1|2|258|259|13480.0|-3968.0|13576.0|-3984.0|13527.917800506348|-3976.493196961916|-8.0|-8.0|-8.0|ICEY|XA00TEX|1.0|1.0|289.110823897|8.0|3.84|snow|-|SG000992|-|373|1|0|259|XA00TEX|-|1.0|1.0|0.0|0.0|0.0|XA00TEX|-|1.0|1.0|289.110823897|8.0|-32.0|-32.0|-8.0|-8.0|416.0|416.0|416.0|416.0
UTNTSkyEdge_tnt03a2_899_1_terrain_1_1|899|1|2|258|259|13480.0|-3968.0|13576.0|-3984.0|13528.082199493652|-3975.506803038084|-8.0|-8.0|-8.0|ICEY|XA00TEX|1.0|1.0|0.0|0.0|3.84|snow|-|SG000993|-|374|1|1|259|XA00TEX|-|1.0|1.0|0.0|0.0|0.0|XA00TEX|-|1.0|1.0|289.110823897|8.0|-32.0|-32.0|-8.0|-8.0|416.0|416.0|416.0|416.0
UTNTSkyEdge_tnt03a2_900_1_terrain_1_0|900|1|2|258|259|13440.0|-3920.0|13480.0|-3968.0|13459.6158893602|-3944.3200921998323|-8.0|-8.0|-8.0|ICEY|XA00TEX|1.0|1.0|226.628826489|8.0|3.84|snow|-|SG000992|-|373|1|0|259|XA00TEX|-|1.0|1.0|0.0|0.0|0.0|XA00TEX|-|1.0|1.0|226.628826489|8.0|-32.0|-32.0|-8.0|-8.0|416.0|416.0|416.0|416.0
UTNTSkyEdge_tnt03a2_900_1_terrain_1_1|900|1|2|258|259|13440.0|-3920.0|13480.0|-3968.0|13460.3841106398|-3943.6799078001677|-8.0|-8.0|-8.0|ICEY|XA00TEX|1.0|1.0|0.0|0.0|3.84|snow|-|SG000993|-|374|1|1|259|XA00TEX|-|1.0|1.0|0.0|0.0|0.0|XA00TEX|-|1.0|1.0|226.628826489|8.0|-32.0|-32.0|-8.0|-8.0|416.0|416.0|416.0|416.0
UTNTSkyEdge_tnt03a2_901_1_terrain_1_0|901|1|2|146|259|13264.0|-3640.0|13136.0|-3672.0|13199.878732187482|-3655.5149287499275|-8.0|-8.0|-8.0|ICEY|XA00TEX|1.0|1.0|210.258984248|520.0|3.84|snow|-|SG000988|-|369|1|0|259|XA00TEX|-|1.0|1.0|0.0|0.0|0.0|XA00TEX|-|1.0|1.0|210.258984248|520.0|-32.0|-32.0|-8.0|-8.0|416.0|416.0|416.0|416.0
UTNTSkyEdge_tnt03a2_901_1_terrain_1_1|901|1|2|146|259|13264.0|-3640.0|13136.0|-3672.0|13200.121267812518|-3656.4850712500725|-8.0|-8.0|-8.0|ICEY|XA00TEX|1.0|1.0|0.0|0.0|3.84|snow|-|SG000993|-|374|1|1|259|XA00TEX|-|1.0|1.0|0.0|0.0|0.0|XA00TEX|-|1.0|1.0|210.258984248|520.0|-32.0|-32.0|-8.0|-8.0|416.0|416.0|416.0|416.0
UTNTSkyEdge_tnt03a2_902_0_terrain_1_0|902|0|2|146|2047|13904.0|-3664.0|13904.0|-3704.0|13903.5|-3684.0|32.0|32.0|32.0|ICEY|XA00TEX|1.0|1.0|404.455016809|480.0|8|snow|-|SG000988|-|369|1|0|2047|XA00TEX|-|1.0|1.0|0.0|0.0|0.0|XA00TEX|-|1.0|1.0|404.455016809|480.0|-32.0|-32.0|32.0|32.0|416.0|416.0|416.0|416.0
UTNTSkyEdge_tnt03a2_902_0_terrain_1_1|902|0|2|146|2047|13904.0|-3664.0|13904.0|-3704.0|13904.5|-3684.0|32.0|32.0|32.0|ICEY|XA00TEX|1.0|1.0|0.0|0.0|8|snow|-|SG000991|-|372|1|1|2047|XA00TEX|-|1.0|1.0|0.0|0.0|0.0|XA00TEX|-|1.0|1.0|404.455016809|480.0|-32.0|-32.0|32.0|32.0|416.0|416.0|416.0|416.0
UTNTSkyEdge_tnt03a2_903_1_terrain_1_0|903|1|2|146|259|13592.0|-3664.0|13496.0|-3704.0|13543.807692307691|-3683.5384615384614|-8.0|-8.0|-8.0|ICEY|XA00TEX|1.0|1.0|368.144284068|520.0|3.84|snow|-|SG000988|-|369|1|0|259|XA00TEX|-|1.0|1.0|0.0|0.0|0.0|XA00TEX|-|1.0|1.0|368.144284068|520.0|-32.0|-32.0|-8.0|-8.0|416.0|416.0|416.0|416.0
UTNTSkyEdge_tnt03a2_903_1_terrain_1_1|903|1|2|146|259|13592.0|-3664.0|13496.0|-3704.0|13544.192307692309|-3684.4615384615386|-8.0|-8.0|-8.0|ICEY|XA00TEX|1.0|1.0|0.0|0.0|3.84|snow|-|SG000993|-|374|1|1|259|XA00TEX|-|1.0|1.0|0.0|0.0|0.0|XA00TEX|-|1.0|1.0|368.144284068|520.0|-32.0|-32.0|-8.0|-8.0|416.0|416.0|416.0|416.0
UTNTSkyEdge_tnt03a2_904_1_terrain_1_0|904|1|2|146|261|14896.0|-3256.0|14800.0|-3352.0|14847.646446609408|-3303.6464466094067|8.0|8.0|8.0|ICEY|XA00TEX|1.0|1.0|233.618018552|504.0|6.4|snow|-|SG000988|-|369|1|0|261|XA00TEX|-|1.0|1.0|0.0|0.0|0.0|XA00TEX|-|1.0|1.0|233.618018552|504.0|-32.0|-32.0|8.0|8.0|416.0|416.0|416.0|416.0
UTNTSkyEdge_tnt03a2_904_1_terrain_1_1|904|1|2|146|261|14896.0|-3256.0|14800.0|-3352.0|14848.353553390592|-3304.3535533905933|8.0|8.0|8.0|ICEY|XA00TEX|1.0|1.0|0.0|0.0|6.4|snow|-|SG000995|-|376|1|1|261|XA00TEX|-|1.0|1.0|0.0|0.0|0.0|XA00TEX|-|1.0|1.0|233.618018552|504.0|-32.0|-32.0|8.0|8.0|416.0|416.0|416.0|416.0
UTNTSkyEdge_tnt03a2_905_1_terrain_1_0|905|1|2|146|259|13792.0|-3736.0|13704.0|-3720.0|13748.0894427191|-3727.50806504495|-8.0|-8.0|-8.0|ICEY|XA00TEX|1.0|1.0|153.481758228|520.0|3.84|snow|-|SG000988|-|369|1|0|259|XA00TEX|-|1.0|1.0|0.0|0.0|0.0|XA00TEX|-|1.0|1.0|153.481758228|520.0|-32.0|-32.0|-8.0|-8.0|416.0|416.0|416.0|416.0
UTNTSkyEdge_tnt03a2_905_1_terrain_1_1|905|1|2|146|259|13792.0|-3736.0|13704.0|-3720.0|13747.9105572809|-3728.49193495505|-8.0|-8.0|-8.0|ICEY|XA00TEX|1.0|1.0|0.0|0.0|3.84|snow|-|SG000993|-|374|1|1|259|XA00TEX|-|1.0|1.0|0.0|0.0|0.0|XA00TEX|-|1.0|1.0|153.481758228|520.0|-32.0|-32.0|-8.0|-8.0|416.0|416.0|416.0|416.0
UTNTSkyEdge_tnt03a2_906_1_terrain_1_0|906|1|2|146|252|13072.0|-1968.0|13128.0|-1968.0|13100.0|-1968.5|32.0|32.0|32.0|ICEY|XA00TEX|1.0|1.0|41.0|480.0|8|snow|-|SG000988|-|369|1|0|252|XA00TEX|-|1.0|1.0|0.0|0.0|0.0|XA00TEX|-|1.0|1.0|41.0|480.0|-32.0|-32.0|32.0|32.0|416.0|416.0|416.0|416.0
UTNTSkyEdge_tnt03a2_906_1_terrain_1_1|906|1|2|146|252|13072.0|-1968.0|13128.0|-1968.0|13100.0|-1967.5|32.0|32.0|32.0|ICEY|XA00TEX|1.0|1.0|0.0|0.0|8|snow|-|SG000989|-|370|1|1|252|XA00TEX|-|1.0|1.0|0.0|0.0|0.0|XA00TEX|-|1.0|1.0|41.0|480.0|-32.0|-32.0|32.0|32.0|416.0|416.0|416.0|416.0
UTNTSkyEdge_tnt03a2_907_1_terrain_1_0|907|1|2|146|260|14768.0|-3320.0|14864.0|-3224.0|14816.353553390592|-3272.3535533905933|48.0|48.0|48.0|ICEY|XA00TEX|1.0|1.0|0.0|464.0|8|snow|-|SG000988|-|369|1|0|260|XA00TEX|-|1.0|1.0|0.0|0.0|0.0|XA00TEX|-|1.0|1.0|0.0|464.0|-32.0|-32.0|48.0|48.0|416.0|416.0|416.0|416.0
UTNTSkyEdge_tnt03a2_907_1_terrain_1_1|907|1|2|146|260|14768.0|-3320.0|14864.0|-3224.0|14815.646446609408|-3271.6464466094067|48.0|48.0|48.0|ICEY|XA00TEX|1.0|1.0|0.0|0.0|8|snow|-|SG000996|-|377|1|1|260|XA00TEX|-|1.0|1.0|0.0|0.0|0.0|XA00TEX|-|1.0|1.0|0.0|464.0|-32.0|-32.0|48.0|48.0|416.0|416.0|416.0|416.0
UTNTSkyEdge_tnt03a2_908_1_terrain_1_0|908|1|2|146|260|14672.0|-3128.0|14640.0|-3224.0|14655.525658350974|-3175.8418861169916|48.0|48.0|48.0|ICEY|XA00TEX|1.0|1.0|410.812232568|464.0|8|snow|-|SG000988|-|369|1|0|260|XA00TEX|-|1.0|1.0|0.0|0.0|0.0|XA00TEX|-|1.0|1.0|410.812232568|464.0|-32.0|-32.0|48.0|48.0|416.0|416.0|416.0|416.0
UTNTSkyEdge_tnt03a2_908_1_terrain_1_1|908|1|2|146|260|14672.0|-3128.0|14640.0|-3224.0|14656.474341649026|-3176.1581138830084|48.0|48.0|48.0|ICEY|XA00TEX|1.0|1.0|0.0|0.0|8|snow|-|SG000996|-|377|1|1|260|XA00TEX|-|1.0|1.0|0.0|0.0|0.0|XA00TEX|-|1.0|1.0|410.812232568|464.0|-32.0|-32.0|48.0|48.0|416.0|416.0|416.0|416.0
UTNTSkyEdge_tnt03a2_909_1_terrain_1_0|909|1|2|146|259|13368.0|-3704.0|13264.0|-3640.0|13316.262048712832|-3671.5741708416476|-8.0|-8.0|-8.0|ICEY|XA00TEX|1.0|1.0|88.144284068|520.0|3.84|snow|-|SG000988|-|369|1|0|259|XA00TEX|-|1.0|1.0|0.0|0.0|0.0|XA00TEX|-|1.0|1.0|88.144284068|520.0|-32.0|-32.0|-8.0|-8.0|416.0|416.0|416.0|416.0
UTNTSkyEdge_tnt03a2_909_1_terrain_1_1|909|1|2|146|259|13368.0|-3704.0|13264.0|-3640.0|13315.737951287168|-3672.4258291583524|-8.0|-8.0|-8.0|ICEY|XA00TEX|1.0|1.0|0.0|0.0|3.84|snow|-|SG000993|-|374|1|1|259|XA00TEX|-|1.0|1.0|0.0|0.0|0.0|XA00TEX|-|1.0|1.0|88.144284068|520.0|-32.0|-32.0|-8.0|-8.0|416.0|416.0|416.0|416.0
UTNTSkyEdge_tnt03a2_910_1_terrain_1_0|910|1|2|258|259|13264.0|-3896.0|13440.0|-3920.0|13351.932443397633|-3908.495415084022|-8.0|-8.0|-8.0|ICEY|XA00TEX|1.0|1.0|49.0|8.0|3.84|snow|-|SG000992|-|373|1|0|259|XA00TEX|-|1.0|1.0|0.0|0.0|0.0|XA00TEX|-|1.0|1.0|49.0|8.0|-32.0|-32.0|-8.0|-8.0|416.0|416.0|416.0|416.0
UTNTSkyEdge_tnt03a2_910_1_terrain_1_1|910|1|2|258|259|13264.0|-3896.0|13440.0|-3920.0|13352.067556602367|-3907.504584915978|-8.0|-8.0|-8.0|ICEY|XA00TEX|1.0|1.0|0.0|0.0|3.84|snow|-|SG000993|-|374|1|1|259|XA00TEX|-|1.0|1.0|0.0|0.0|0.0|XA00TEX|-|1.0|1.0|49.0|8.0|-32.0|-32.0|-8.0|-8.0|416.0|416.0|416.0|416.0
UTNTSkyEdge_tnt03a2_911_1_terrain_1_0|911|1|2|146|260|14864.0|-3224.0|14800.0|-3096.0|14832.4472135955|-3159.77639320225|48.0|48.0|48.0|ICEY|XA00TEX|1.0|1.0|135.764501988|464.0|8|snow|-|SG000988|-|369|1|0|260|XA00TEX|-|1.0|1.0|0.0|0.0|0.0|XA00TEX|-|1.0|1.0|135.764501988|464.0|-32.0|-32.0|48.0|48.0|416.0|416.0|416.0|416.0
UTNTSkyEdge_tnt03a2_911_1_terrain_1_1|911|1|2|146|260|14864.0|-3224.0|14800.0|-3096.0|14831.5527864045|-3160.22360679775|48.0|48.0|48.0|ICEY|XA00TEX|1.0|1.0|0.0|0.0|8|snow|-|SG000996|-|377|1|1|260|XA00TEX|-|1.0|1.0|0.0|0.0|0.0|XA00TEX|-|1.0|1.0|135.764501988|464.0|-32.0|-32.0|48.0|48.0|416.0|416.0|416.0|416.0
UTNTSkyEdge_tnt03a2_912_1_terrain_1_0|912|1|2|146|260|14640.0|-3224.0|14768.0|-3320.0|14703.7|-3272.4|48.0|48.0|48.0|ICEY|XA00TEX|1.0|1.0|0.005117693|464.0|8|snow|-|SG000988|-|369|1|0|260|XA00TEX|-|1.0|1.0|0.0|0.0|0.0|XA00TEX|-|1.0|1.0|0.005117693|464.0|-32.0|-32.0|48.0|48.0|416.0|416.0|416.0|416.0
UTNTSkyEdge_tnt03a2_912_1_terrain_1_1|912|1|2|146|260|14640.0|-3224.0|14768.0|-3320.0|14704.3|-3271.6|48.0|48.0|48.0|ICEY|XA00TEX|1.0|1.0|0.0|0.0|8|snow|-|SG000996|-|377|1|1|260|XA00TEX|-|1.0|1.0|0.0|0.0|0.0|XA00TEX|-|1.0|1.0|0.005117693|464.0|-32.0|-32.0|48.0|48.0|416.0|416.0|416.0|416.0
UTNTSkyEdge_tnt03a2_913_1_terrain_1_0|913|1|2|146|261|14928.0|-3320.0|14896.0|-3256.0|14912.4472135955|-3287.77639320225|8.0|8.0|8.0|ICEY|XA00TEX|1.0|1.0|162.063843272|504.0|6.4|snow|-|SG000988|-|369|1|0|261|XA00TEX|-|1.0|1.0|0.0|0.0|0.0|XA00TEX|-|1.0|1.0|162.063843272|504.0|-32.0|-32.0|8.0|8.0|416.0|416.0|416.0|416.0
UTNTSkyEdge_tnt03a2_913_1_terrain_1_1|913|1|2|146|261|14928.0|-3320.0|14896.0|-3256.0|14911.5527864045|-3288.22360679775|8.0|8.0|8.0|ICEY|XA00TEX|1.0|1.0|0.0|0.0|6.4|snow|-|SG000995|-|376|1|1|261|XA00TEX|-|1.0|1.0|0.0|0.0|0.0|XA00TEX|-|1.0|1.0|162.063843272|504.0|-32.0|-32.0|8.0|8.0|416.0|416.0|416.0|416.0
UTNTSkyEdge_tnt03a2_914_0_terrain_1_0|914|0|2|146|2047|14576.0|-4296.0|14512.0|-4304.0|14543.937982632706|-4299.503861061643|32.0|32.0|32.0|ICEY|XA00TEX|1.0|1.0|393.592863703|480.0|8|snow|-|SG000988|-|369|1|0|2047|XA00TEX|-|1.0|1.0|0.0|0.0|0.0|XA00TEX|-|1.0|1.0|393.592863703|480.0|-32.0|-32.0|32.0|32.0|416.0|416.0|416.0|416.0
UTNTSkyEdge_tnt03a2_914_0_terrain_1_1|914|0|2|146|2047|14576.0|-4296.0|14512.0|-4304.0|14544.062017367294|-4300.496138938357|32.0|32.0|32.0|ICEY|XA00TEX|1.0|1.0|0.0|0.0|8|snow|-|SG000991|-|372|1|1|2047|XA00TEX|-|1.0|1.0|0.0|0.0|0.0|XA00TEX|-|1.0|1.0|393.592863703|480.0|-32.0|-32.0|32.0|32.0|416.0|416.0|416.0|416.0
UTNTSkyEdge_tnt03a2_915_0_terrain_1_0|915|0|2|146|2047|14272.0|-3800.0|14208.0|-3768.0|14240.22360679775|-3783.5527864045002|32.0|32.0|32.0|ICEY|XA00TEX|1.0|1.0|302.812487072|480.0|8|snow|-|SG000988|-|369|1|0|2047|XA00TEX|-|1.0|1.0|0.0|0.0|0.0|XA00TEX|-|1.0|1.0|302.812487072|480.0|-32.0|-32.0|32.0|32.0|416.0|416.0|416.0|416.0
UTNTSkyEdge_tnt03a2_915_0_terrain_1_1|915|0|2|146|2047|14272.0|-3800.0|14208.0|-3768.0|14239.77639320225|-3784.4472135954998|32.0|32.0|32.0|ICEY|XA00TEX|1.0|1.0|0.0|0.0|8|snow|-|SG000991|-|372|1|1|2047|XA00TEX|-|1.0|1.0|0.0|0.0|0.0|XA00TEX|-|1.0|1.0|302.812487072|480.0|-32.0|-32.0|32.0|32.0|416.0|416.0|416.0|416.0
UTNTSkyEdge_tnt03a2_916_1_terrain_1_0|916|1|2|146|261|14800.0|-3352.0|14864.0|-3384.0|14831.77639320225|-3368.4472135954998|8.0|8.0|8.0|ICEY|XA00TEX|1.0|1.0|0.0|504.0|6.4|snow|-|SG000988|-|369|1|0|261|XA00TEX|-|1.0|1.0|0.0|0.0|0.0|XA00TEX|-|1.0|1.0|0.0|504.0|-32.0|-32.0|8.0|8.0|416.0|416.0|416.0|416.0
UTNTSkyEdge_tnt03a2_916_1_terrain_1_1|916|1|2|146|261|14800.0|-3352.0|14864.0|-3384.0|14832.22360679775|-3367.5527864045002|8.0|8.0|8.0|ICEY|XA00TEX|1.0|1.0|0.0|0.0|6.4|snow|-|SG000995|-|376|1|1|261|XA00TEX|-|1.0|1.0|0.0|0.0|0.0|XA00TEX|-|1.0|1.0|0.0|504.0|-32.0|-32.0|8.0|8.0|416.0|416.0|416.0|416.0
UTNTSkyEdge_tnt03a2_917_0_terrain_1_0|917|0|2|146|263|14928.0|-3224.0|14960.0|-3288.0|14943.5527864045|-3256.22360679775|16.0|16.0|16.0|ICEY|XA00TEX|1.0|1.0|90.509667992|496.0|7.68|snow|-|SG000988|-|369|1|0|263|XA00TEX|-|1.0|1.0|0.0|0.0|0.0|XA00TEX|-|1.0|1.0|90.509667992|496.0|-32.0|-32.0|16.0|16.0|416.0|416.0|416.0|416.0
UTNTSkyEdge_tnt03a2_917_0_terrain_1_1|917|0|2|146|263|14928.0|-3224.0|14960.0|-3288.0|14944.4472135955|-3255.77639320225|16.0|16.0|16.0|ICEY|XA00TEX|1.0|1.0|0.0|0.0|7.68|snow|-|SG000997|-|378|1|1|263|XA00TEX|-|1.0|1.0|0.0|0.0|0.0|XA00TEX|-|1.0|1.0|90.509667992|496.0|-32.0|-32.0|16.0|16.0|416.0|416.0|416.0|416.0
UTNTSkyEdge_tnt03a2_918_0_terrain_1_0|918|0|2|146|264|14832.0|-2968.0|14928.0|-3032.0|14879.722649901887|-3000.416025147169|8.0|8.0|8.0|ICEY|XA00TEX|1.0|1.0|90.509667992|504.0|6.4|snow|-|SG000988|-|369|1|0|264|XA00TEX|-|1.0|1.0|0.0|0.0|0.0|XA00TEX|-|1.0|1.0|90.509667992|504.0|-32.0|-32.0|8.0|8.0|416.0|416.0|416.0|416.0
UTNTSkyEdge_tnt03a2_918_0_terrain_1_1|918|0|2|146|264|14832.0|-2968.0|14928.0|-3032.0|14880.277350098113|-2999.583974852831|8.0|8.0|8.0|ICEY|XA00TEX|1.0|1.0|0.0|0.0|6.4|snow|-|SG000998|-|379|1|1|264|XA00TEX|-|1.0|1.0|0.0|0.0|0.0|XA00TEX|-|1.0|1.0|90.509667992|504.0|-32.0|-32.0|8.0|8.0|416.0|416.0|416.0|416.0
UTNTSkyEdge_tnt03a2_920_0_terrain_1_0|920|0|2|146|264|14896.0|-2776.0|14832.0|-2904.0|14863.5527864045|-2839.77639320225|8.0|8.0|8.0|ICEY|XA00TEX|1.0|1.0|511.059502639|504.0|6.4|snow|-|SG000988|-|369|1|0|264|XA00TEX|-|1.0|1.0|0.0|0.0|0.0|XA00TEX|-|1.0|1.0|511.059502639|504.0|-32.0|-32.0|8.0|8.0|416.0|416.0|416.0|416.0
UTNTSkyEdge_tnt03a2_920_0_terrain_1_1|920|0|2|146|264|14896.0|-2776.0|14832.0|-2904.0|14864.4472135955|-2840.22360679775|8.0|8.0|8.0|ICEY|XA00TEX|1.0|1.0|0.0|0.0|6.4|snow|-|SG000998|-|379|1|1|264|XA00TEX|-|1.0|1.0|0.0|0.0|0.0|XA00TEX|-|1.0|1.0|511.059502639|504.0|-32.0|-32.0|8.0|8.0|416.0|416.0|416.0|416.0
UTNTSkyEdge_tnt03a2_921_1_terrain_1_0|921|1|2|146|260|14800.0|-3096.0|14672.0|-3128.0|14735.878732187482|-3111.5149287499275|48.0|48.0|48.0|ICEY|XA00TEX|1.0|1.0|278.872852548|464.0|8|snow|-|SG000988|-|369|1|0|260|XA00TEX|-|1.0|1.0|0.0|0.0|0.0|XA00TEX|-|1.0|1.0|278.872852548|464.0|-32.0|-32.0|48.0|48.0|416.0|416.0|416.0|416.0
UTNTSkyEdge_tnt03a2_921_1_terrain_1_1|921|1|2|146|260|14800.0|-3096.0|14672.0|-3128.0|14736.121267812518|-3112.4850712500725|48.0|48.0|48.0|ICEY|XA00TEX|1.0|1.0|0.0|0.0|8|snow|-|SG000996|-|377|1|1|260|XA00TEX|-|1.0|1.0|0.0|0.0|0.0|XA00TEX|-|1.0|1.0|278.872852548|464.0|-32.0|-32.0|48.0|48.0|416.0|416.0|416.0|416.0
UTNTSkyEdge_tnt03a2_923_1_terrain_1_0|923|1|2|258|259|13760.0|-3936.0|13864.0|-3984.0|13811.79047091127|-3960.4539796922504|-8.0|-8.0|-8.0|ICEY|XA00TEX|1.0|1.0|65.806655465|8.0|3.84|snow|-|SG000992|-|373|1|0|259|XA00TEX|-|1.0|1.0|0.0|0.0|0.0|XA00TEX|-|1.0|1.0|65.806655465|8.0|-32.0|-32.0|-8.0|-8.0|416.0|416.0|416.0|416.0
UTNTSkyEdge_tnt03a2_923_1_terrain_1_1|923|1|2|258|259|13760.0|-3936.0|13864.0|-3984.0|13812.20952908873|-3959.5460203077496|-8.0|-8.0|-8.0|ICEY|XA00TEX|1.0|1.0|0.0|0.0|3.84|snow|-|SG000993|-|374|1|1|259|XA00TEX|-|1.0|1.0|0.0|0.0|0.0|XA00TEX|-|1.0|1.0|65.806655465|8.0|-32.0|-32.0|-8.0|-8.0|416.0|416.0|416.0|416.0
UTNTSkyEdge_tnt03a2_924_1_terrain_1_0|924|1|2|146|262|14896.0|-3416.0|14992.0|-3384.0|14944.158113883008|-3400.474341649025|0.0|0.0|0.0|ICEY|XA00TEX|1.0|1.0|0.0|512.0|5.12|snow|-|SG000988|-|369|1|0|262|XA00TEX|-|1.0|1.0|0.0|0.0|0.0|XA00TEX|-|1.0|1.0|0.0|512.0|-32.0|-32.0|0.0|0.0|416.0|416.0|416.0|416.0
UTNTSkyEdge_tnt03a2_924_1_terrain_1_1|924|1|2|146|262|14896.0|-3416.0|14992.0|-3384.0|14943.841886116992|-3399.525658350975|0.0|0.0|0.0|ICEY|XA00TEX|1.0|1.0|0.0|0.0|5.12|snow|-|SG000994|-|375|1|1|262|XA00TEX|-|1.0|1.0|0.0|0.0|0.0|XA00TEX|-|1.0|1.0|0.0|512.0|-32.0|-32.0|0.0|0.0|416.0|416.0|416.0|416.0
UTNTSkyEdge_tnt03a2_925_1_terrain_1_0|925|1|2|146|262|14992.0|-3384.0|14960.0|-3352.0|14976.353553390592|-3367.6464466094067|0.0|0.0|0.0|ICEY|XA00TEX|1.0|1.0|101.192885125|512.0|5.12|snow|-|SG000988|-|369|1|0|262|XA00TEX|-|1.0|1.0|0.0|0.0|0.0|XA00TEX|-|1.0|1.0|101.192885125|512.0|-32.0|-32.0|0.0|0.0|416.0|416.0|416.0|416.0
UTNTSkyEdge_tnt03a2_925_1_terrain_1_1|925|1|2|146|262|14992.0|-3384.0|14960.0|-3352.0|14975.646446609408|-3368.3535533905933|0.0|0.0|0.0|ICEY|XA00TEX|1.0|1.0|0.0|0.0|5.12|snow|-|SG000994|-|375|1|1|262|XA00TEX|-|1.0|1.0|0.0|0.0|0.0|XA00TEX|-|1.0|1.0|101.192885125|512.0|-32.0|-32.0|0.0|0.0|416.0|416.0|416.0|416.0
UTNTSkyEdge_tnt03a2_927_0_terrain_1_0|927|0|2|146|263|14960.0|-3288.0|15024.0|-3256.0|14992.22360679775|-3272.4472135954998|16.0|16.0|16.0|ICEY|XA00TEX|1.0|1.0|162.063843272|496.0|7.68|snow|-|SG000988|-|369|1|0|263|XA00TEX|-|1.0|1.0|0.0|0.0|0.0|XA00TEX|-|1.0|1.0|162.063843272|496.0|-32.0|-32.0|16.0|16.0|416.0|416.0|416.0|416.0
UTNTSkyEdge_tnt03a2_927_0_terrain_1_1|927|0|2|146|263|14960.0|-3288.0|15024.0|-3256.0|14991.77639320225|-3271.5527864045002|16.0|16.0|16.0|ICEY|XA00TEX|1.0|1.0|0.0|0.0|7.68|snow|-|SG000997|-|378|1|1|263|XA00TEX|-|1.0|1.0|0.0|0.0|0.0|XA00TEX|-|1.0|1.0|162.063843272|496.0|-32.0|-32.0|16.0|16.0|416.0|416.0|416.0|416.0
UTNTSkyEdge_tnt03a2_928_0_terrain_1_0|928|0|2|146|263|15024.0|-3256.0|14992.0|-3160.0|15008.474341649026|-3207.8418861169916|16.0|16.0|16.0|ICEY|XA00TEX|1.0|1.0|233.618018552|496.0|7.68|snow|-|SG000988|-|369|1|0|263|XA00TEX|-|1.0|1.0|0.0|0.0|0.0|XA00TEX|-|1.0|1.0|233.618018552|496.0|-32.0|-32.0|16.0|16.0|416.0|416.0|416.0|416.0
UTNTSkyEdge_tnt03a2_928_0_terrain_1_1|928|0|2|146|263|15024.0|-3256.0|14992.0|-3160.0|15007.525658350974|-3208.1581138830084|16.0|16.0|16.0|ICEY|XA00TEX|1.0|1.0|0.0|0.0|7.68|snow|-|SG000997|-|378|1|1|263|XA00TEX|-|1.0|1.0|0.0|0.0|0.0|XA00TEX|-|1.0|1.0|233.618018552|496.0|-32.0|-32.0|16.0|16.0|416.0|416.0|416.0|416.0
UTNTSkyEdge_tnt03a2_929_0_terrain_1_0|929|0|2|146|263|14992.0|-3160.0|14928.0|-3224.0|14959.646446609408|-3191.6464466094067|16.0|16.0|16.0|ICEY|XA00TEX|1.0|1.0|0.0|496.0|7.68|snow|-|SG000988|-|369|1|0|263|XA00TEX|-|1.0|1.0|0.0|0.0|0.0|XA00TEX|-|1.0|1.0|0.0|496.0|-32.0|-32.0|16.0|16.0|416.0|416.0|416.0|416.0
UTNTSkyEdge_tnt03a2_929_0_terrain_1_1|929|0|2|146|263|14992.0|-3160.0|14928.0|-3224.0|14960.353553390592|-3192.3535533905933|16.0|16.0|16.0|ICEY|XA00TEX|1.0|1.0|0.0|0.0|7.68|snow|-|SG000997|-|378|1|1|263|XA00TEX|-|1.0|1.0|0.0|0.0|0.0|XA00TEX|-|1.0|1.0|0.0|496.0|-32.0|-32.0|16.0|16.0|416.0|416.0|416.0|416.0
UTNTSkyEdge_tnt03a2_930_0_terrain_1_0|930|0|2|146|264|14928.0|-3032.0|14992.0|-2968.0|14960.353553390592|-3000.3535533905933|8.0|8.0|8.0|ICEY|XA00TEX|1.0|1.0|205.887308807|504.0|6.4|snow|-|SG000988|-|369|1|0|264|XA00TEX|-|1.0|1.0|0.0|0.0|0.0|XA00TEX|-|1.0|1.0|205.887308807|504.0|-32.0|-32.0|8.0|8.0|416.0|416.0|416.0|416.0
UTNTSkyEdge_tnt03a2_930_0_terrain_1_1|930|0|2|146|264|14928.0|-3032.0|14992.0|-2968.0|14959.646446609408|-2999.6464466094067|8.0|8.0|8.0|ICEY|XA00TEX|1.0|1.0|0.0|0.0|6.4|snow|-|SG000998|-|379|1|1|264|XA00TEX|-|1.0|1.0|0.0|0.0|0.0|XA00TEX|-|1.0|1.0|205.887308807|504.0|-32.0|-32.0|8.0|8.0|416.0|416.0|416.0|416.0
UTNTSkyEdge_tnt03a2_932_0_terrain_1_0|932|0|2|146|264|14992.0|-2968.0|14896.0|-2776.0|14944.4472135955|-2871.77639320225|8.0|8.0|8.0|ICEY|XA00TEX|1.0|1.0|296.396976799|504.0|6.4|snow|-|SG000988|-|369|1|0|264|XA00TEX|-|1.0|1.0|0.0|0.0|0.0|XA00TEX|-|1.0|1.0|296.396976799|504.0|-32.0|-32.0|8.0|8.0|416.0|416.0|416.0|416.0
UTNTSkyEdge_tnt03a2_932_0_terrain_1_1|932|0|2|146|264|14992.0|-2968.0|14896.0|-2776.0|14943.5527864045|-2872.22360679775|8.0|8.0|8.0|ICEY|XA00TEX|1.0|1.0|0.0|0.0|6.4|snow|-|SG000998|-|379|1|1|264|XA00TEX|-|1.0|1.0|0.0|0.0|0.0|XA00TEX|-|1.0|1.0|296.396976799|504.0|-32.0|-32.0|8.0|8.0|416.0|416.0|416.0|416.0
UTNTSkyEdge_tnt03a2_933_0_terrain_1_0|933|0|2|146|264|14896.0|-2904.0|14832.0|-2968.0|14863.646446609408|-2935.6464466094067|8.0|8.0|8.0|ICEY|XA00TEX|1.0|1.0|0.0|504.0|6.4|snow|-|SG000988|-|369|1|0|264|XA00TEX|-|1.0|1.0|0.0|0.0|0.0|XA00TEX|-|1.0|1.0|0.0|504.0|-32.0|-32.0|8.0|8.0|416.0|416.0|416.0|416.0
UTNTSkyEdge_tnt03a2_933_0_terrain_1_1|933|0|2|146|264|14896.0|-2904.0|14832.0|-2968.0|14864.353553390592|-2936.3535533905933|8.0|8.0|8.0|ICEY|XA00TEX|1.0|1.0|0.0|0.0|6.4|snow|-|SG000998|-|379|1|1|264|XA00TEX|-|1.0|1.0|0.0|0.0|0.0|XA00TEX|-|1.0|1.0|0.0|504.0|-32.0|-32.0|8.0|8.0|416.0|416.0|416.0|416.0
UTNTSkyEdge_tnt03a2_934_0_terrain_1_0|934|0|2|146|264|14832.0|-2904.0|14896.0|-2904.0|14864.0|-2904.5|8.0|8.0|8.0|ICEY|XA00TEX|1.0|1.0|142.167853199|504.0|6.4|snow|-|SG000988|-|369|1|0|264|XA00TEX|-|1.0|1.0|0.0|0.0|0.0|XA00TEX|-|1.0|1.0|142.167853199|504.0|-32.0|-32.0|8.0|8.0|416.0|416.0|416.0|416.0
UTNTSkyEdge_tnt03a2_934_0_terrain_1_1|934|0|2|146|264|14832.0|-2904.0|14896.0|-2904.0|14864.0|-2903.5|8.0|8.0|8.0|ICEY|XA00TEX|1.0|1.0|0.0|0.0|6.4|snow|-|SG000998|-|379|1|1|264|XA00TEX|-|1.0|1.0|0.0|0.0|0.0|XA00TEX|-|1.0|1.0|142.167853199|504.0|-32.0|-32.0|8.0|8.0|416.0|416.0|416.0|416.0
UTNTSkyEdge_tnt03a2_935_0_terrain_1_0|935|0|2|146|265|14032.0|-2168.0|13904.0|-2168.0|13968.0|-2167.5|238.15929203539824|250.05309734513276|226.26548672566372|ICEY|XA00TEX|1.0|1.0|363.090311766|256.0|8|snow|-|SG000988|-|369|1|0|265|XA00TEX|-|1.0|1.0|0.0|0.0|0.0|XA00TEX|-|1.0|1.0|363.090311766|256.0|-32.0|-32.0|250.05309734513276|226.26548672566372|416.0|416.0|416.0|416.0
UTNTSkyEdge_tnt03a2_935_0_terrain_1_1|935|0|2|146|265|14032.0|-2168.0|13904.0|-2168.0|13968.0|-2168.5|238.15929203539824|250.05309734513276|226.26548672566372|ICEY|XA00TEX|1.0|1.0|0.0|0.0|8|snow|-|SG000999|-|380|1|1|265|XA00TEX|-|1.0|1.0|0.0|0.0|0.0|XA00TEX|-|1.0|1.0|363.090311766|256.0|-32.0|-32.0|250.05309734513276|226.26548672566372|416.0|416.0|416.0|416.0
UTNTSkyEdge_tnt03a2_936_0_terrain_1_0|936|0|2|146|265|13904.0|-2168.0|13840.0|-2328.0|13871.535761654557|-2247.814304661823|210.4070796460177|226.26548672566372|194.5486725663717|ICEY|XA00TEX|1.0|1.0|491.090311766|256.0|8|snow|-|SG000988|-|369|1|0|265|XA00TEX|-|1.0|1.0|0.0|0.0|0.0|XA00TEX|-|1.0|1.0|491.090311766|256.0|-32.0|-32.0|226.26548672566372|194.5486725663717|416.0|416.0|416.0|416.0
UTNTSkyEdge_tnt03a2_936_0_terrain_1_1|936|0|2|146|265|13904.0|-2168.0|13840.0|-2328.0|13872.464238345443|-2248.185695338177|210.4070796460177|226.26548672566372|194.5486725663717|ICEY|XA00TEX|1.0|1.0|0.0|0.0|8|snow|-|SG000999|-|380|1|1|265|XA00TEX|-|1.0|1.0|0.0|0.0|0.0|XA00TEX|-|1.0|1.0|491.090311766|256.0|-32.0|-32.0|226.26548672566372|194.5486725663717|416.0|416.0|416.0|416.0
UTNTSkyEdge_tnt03a2_937_0_terrain_1_0|937|0|2|146|265|13520.0|-2520.0|13456.0|-2744.0|13487.51923802618|-2631.8626394360513|91.46902654867256|111.29203539823008|71.64601769911505|ICEY|XA00TEX|1.0|1.0|60.886087132|256.0|8|snow|-|SG000988|-|369|1|0|265|XA00TEX|-|1.0|1.0|0.0|0.0|0.0|XA00TEX|-|1.0|1.0|60.886087132|256.0|-32.0|-32.0|111.29203539823008|71.64601769911505|416.0|416.0|416.0|416.0
UTNTSkyEdge_tnt03a2_937_0_terrain_1_1|937|0|2|146|265|13520.0|-2520.0|13456.0|-2744.0|13488.48076197382|-2632.1373605639487|91.46902654867256|111.29203539823008|71.64601769911505|ICEY|XA00TEX|1.0|1.0|0.0|0.0|8|snow|-|SG000999|-|380|1|1|265|XA00TEX|-|1.0|1.0|0.0|0.0|0.0|XA00TEX|-|1.0|1.0|60.886087132|256.0|-32.0|-32.0|111.29203539823008|71.64601769911505|416.0|416.0|416.0|416.0
UTNTSkyEdge_tnt03a2_938_0_terrain_1_0|938|0|2|146|265|13680.0|-2456.0|13584.0|-2424.0|13632.158113883008|-2439.525658350975|142.01769911504425|148.95575221238937|135.0796460176991|ICEY|XA00TEX|1.0|1.0|356.315561192|256.0|8|snow|-|SG000988|-|369|1|0|265|XA00TEX|-|1.0|1.0|0.0|0.0|0.0|XA00TEX|-|1.0|1.0|356.315561192|256.0|-32.0|-32.0|148.95575221238937|135.0796460176991|416.0|416.0|416.0|416.0
UTNTSkyEdge_tnt03a2_938_0_terrain_1_1|938|0|2|146|265|13680.0|-2456.0|13584.0|-2424.0|13631.841886116992|-2440.474341649025|142.01769911504425|148.95575221238937|135.0796460176991|ICEY|XA00TEX|1.0|1.0|0.0|0.0|8|snow|-|SG000999|-|380|1|1|265|XA00TEX|-|1.0|1.0|0.0|0.0|0.0|XA00TEX|-|1.0|1.0|356.315561192|256.0|-32.0|-32.0|148.95575221238937|135.0796460176991|416.0|416.0|416.0|416.0
UTNTSkyEdge_tnt03a2_939_0_terrain_1_0|939|0|2|146|265|14128.0|-2392.0|14128.0|-2264.0|14128.5|-2328.0|248.07079646017698|240.141592920354|256.0|ICEY|XA00TEX|1.0|1.0|99.325809778|256.0|8|snow|-|SG000988|-|369|1|0|265|XA00TEX|-|1.0|1.0|0.0|0.0|0.0|XA00TEX|-|1.0|1.0|99.325809778|256.0|-32.0|-32.0|240.141592920354|256.0|416.0|416.0|416.0|416.0
UTNTSkyEdge_tnt03a2_939_0_terrain_1_1|939|0|2|146|265|14128.0|-2392.0|14128.0|-2264.0|14127.5|-2328.0|248.07079646017698|240.141592920354|256.0|ICEY|XA00TEX|1.0|1.0|0.0|0.0|8|snow|-|SG000999|-|380|1|1|265|XA00TEX|-|1.0|1.0|0.0|0.0|0.0|XA00TEX|-|1.0|1.0|99.325809778|256.0|-32.0|-32.0|240.141592920354|256.0|416.0|416.0|416.0|416.0
UTNTSkyEdge_tnt03a2_941_0_terrain_1_0|941|0|2|146|2047|13240.0|-3080.0|13392.0|-2968.0|13316.296599519024|-3024.4025279186767|32.0|32.0|32.0|ICEY|XA00TEX|1.0|1.0|259.320405246|480.0|8|snow|-|SG000988|-|369|1|0|2047|XA00TEX|-|1.0|1.0|0.0|0.0|0.0|XA00TEX|-|1.0|1.0|259.320405246|480.0|-32.0|-32.0|32.0|32.0|416.0|416.0|416.0|416.0
UTNTSkyEdge_tnt03a2_941_0_terrain_1_1|941|0|2|146|2047|13240.0|-3080.0|13392.0|-2968.0|13315.703400480976|-3023.5974720813233|32.0|32.0|32.0|ICEY|XA00TEX|1.0|1.0|0.0|0.0|8|snow|-|SG000991|-|372|1|1|2047|XA00TEX|-|1.0|1.0|0.0|0.0|0.0|XA00TEX|-|1.0|1.0|259.320405246|480.0|-32.0|-32.0|32.0|32.0|416.0|416.0|416.0|416.0
UTNTSkyEdge_tnt03a2_942_0_terrain_1_0|942|0|2|146|265|13648.0|-2904.0|13712.0|-2744.0|13680.464238345443|-2824.185695338177|103.36283185840708|87.50442477876106|119.22123893805309|ICEY|XA00TEX|1.0|1.0|362.933126423|256.0|8|snow|-|SG000988|-|369|1|0|265|XA00TEX|-|1.0|1.0|0.0|0.0|0.0|XA00TEX|-|1.0|1.0|362.933126423|256.0|-32.0|-32.0|87.50442477876106|119.22123893805309|416.0|416.0|416.0|416.0
UTNTSkyEdge_tnt03a2_942_0_terrain_1_1|942|0|2|146|265|13648.0|-2904.0|13712.0|-2744.0|13679.535761654557|-2823.814304661823|103.36283185840708|87.50442477876106|119.22123893805309|ICEY|XA00TEX|1.0|1.0|0.0|0.0|8|snow|-|SG000999|-|380|1|1|265|XA00TEX|-|1.0|1.0|0.0|0.0|0.0|XA00TEX|-|1.0|1.0|362.933126423|256.0|-32.0|-32.0|87.50442477876106|119.22123893805309|416.0|416.0|416.0|416.0
UTNTSkyEdge_tnt03a2_957_0_terrain_1_0|957|0|2|146|265|13552.0|-3000.0|13648.0|-2904.0|13600.353553390592|-2952.3535533905933|72.63716814159292|57.769911504424776|87.50442477876106|ICEY|XA00TEX|1.0|1.0|227.168624435|256.0|8|snow|-|SG000988|-|369|1|0|265|XA00TEX|-|1.0|1.0|0.0|0.0|0.0|XA00TEX|-|1.0|1.0|227.168624435|256.0|-32.0|-32.0|57.769911504424776|87.50442477876106|416.0|416.0|416.0|416.0
UTNTSkyEdge_tnt03a2_957_0_terrain_1_1|957|0|2|146|265|13552.0|-3000.0|13648.0|-2904.0|13599.646446609408|-2951.6464466094067|72.63716814159292|57.769911504424776|87.50442477876106|ICEY|XA00TEX|1.0|1.0|0.0|0.0|8|snow|-|SG000999|-|380|1|1|265|XA00TEX|-|1.0|1.0|0.0|0.0|0.0|XA00TEX|-|1.0|1.0|227.168624435|256.0|-32.0|-32.0|57.769911504424776|87.50442477876106|416.0|416.0|416.0|416.0
UTNTSkyEdge_tnt03a2_962_0_terrain_1_0|962|0|2|146|265|13392.0|-2968.0|13552.0|-3000.0|13471.90194193243|-2984.4902903378456|44.88495575221239|32.0|57.769911504424776|ICEY|XA00TEX|1.0|1.0|64.0|256.0|8|snow|-|SG000988|-|369|1|0|265|XA00TEX|-|1.0|1.0|0.0|0.0|0.0|XA00TEX|-|1.0|1.0|64.0|256.0|-32.0|-32.0|32.0|57.769911504424776|416.0|416.0|416.0|416.0
UTNTSkyEdge_tnt03a2_962_0_terrain_1_1|962|0|2|146|265|13392.0|-2968.0|13552.0|-3000.0|13472.09805806757|-2983.5097096621544|44.88495575221239|32.0|57.769911504424776|ICEY|XA00TEX|1.0|1.0|0.0|0.0|8|snow|-|SG000999|-|380|1|1|265|XA00TEX|-|1.0|1.0|0.0|0.0|0.0|XA00TEX|-|1.0|1.0|64.0|256.0|-32.0|-32.0|32.0|57.769911504424776|416.0|416.0|416.0|416.0
UTNTSkyEdge_tnt03a2_964_0_terrain_1_0|964|0|2|146|265|13712.0|-2744.0|13776.0|-2712.0|13744.22360679775|-2728.4472135954998|127.15044247787611|119.22123893805309|135.0796460176991|ICEY|XA00TEX|1.0|1.0|23.258400251|256.0|8|snow|-|SG000988|-|369|1|0|265|XA00TEX|-|1.0|1.0|0.0|0.0|0.0|XA00TEX|-|1.0|1.0|23.258400251|256.0|-32.0|-32.0|119.22123893805309|135.0796460176991|416.0|416.0|416.0|416.0
UTNTSkyEdge_tnt03a2_964_0_terrain_1_1|964|0|2|146|265|13712.0|-2744.0|13776.0|-2712.0|13743.77639320225|-2727.5527864045002|127.15044247787611|119.22123893805309|135.0796460176991|ICEY|XA00TEX|1.0|1.0|0.0|0.0|8|snow|-|SG000999|-|380|1|1|265|XA00TEX|-|1.0|1.0|0.0|0.0|0.0|XA00TEX|-|1.0|1.0|23.258400251|256.0|-32.0|-32.0|119.22123893805309|135.0796460176991|416.0|416.0|416.0|416.0
UTNTSkyEdge_tnt03a2_965_0_terrain_1_0|965|0|2|146|265|13776.0|-2712.0|13936.0|-2680.0|13856.09805806757|-2696.4902903378456|151.92920353982302|135.0796460176991|168.7787610619469|ICEY|XA00TEX|1.0|1.0|94.812575531|256.0|8|snow|-|SG000988|-|369|1|0|265|XA00TEX|-|1.0|1.0|0.0|0.0|0.0|XA00TEX|-|1.0|1.0|94.812575531|256.0|-32.0|-32.0|135.0796460176991|168.7787610619469|416.0|416.0|416.0|416.0
UTNTSkyEdge_tnt03a2_965_0_terrain_1_1|965|0|2|146|265|13776.0|-2712.0|13936.0|-2680.0|13855.90194193243|-2695.5097096621544|151.92920353982302|135.0796460176991|168.7787610619469|ICEY|XA00TEX|1.0|1.0|0.0|0.0|8|snow|-|SG000999|-|380|1|1|265|XA00TEX|-|1.0|1.0|0.0|0.0|0.0|XA00TEX|-|1.0|1.0|94.812575531|256.0|-32.0|-32.0|135.0796460176991|168.7787610619469|416.0|416.0|416.0|416.0
UTNTSkyEdge_tnt03a2_968_0_terrain_1_0|968|0|2|146|265|13936.0|-2680.0|14000.0|-2520.0|13968.464238345443|-2600.185695338177|184.63716814159292|168.7787610619469|200.49557522123894|ICEY|XA00TEX|1.0|1.0|257.981199966|256.0|8|snow|-|SG000988|-|369|1|0|265|XA00TEX|-|1.0|1.0|0.0|0.0|0.0|XA00TEX|-|1.0|1.0|257.981199966|256.0|-32.0|-32.0|168.7787610619469|200.49557522123894|416.0|416.0|416.0|416.0
UTNTSkyEdge_tnt03a2_968_0_terrain_1_1|968|0|2|146|265|13936.0|-2680.0|14000.0|-2520.0|13967.535761654557|-2599.814304661823|184.63716814159292|168.7787610619469|200.49557522123894|ICEY|XA00TEX|1.0|1.0|0.0|0.0|8|snow|-|SG000999|-|380|1|1|265|XA00TEX|-|1.0|1.0|0.0|0.0|0.0|XA00TEX|-|1.0|1.0|257.981199966|256.0|-32.0|-32.0|168.7787610619469|200.49557522123894|416.0|416.0|416.0|416.0
UTNTSkyEdge_tnt03a2_975_0_terrain_1_0|975|0|2|146|265|14000.0|-2520.0|14128.0|-2392.0|14064.353553390592|-2456.3535533905933|220.31858407079645|200.49557522123894|240.141592920354|ICEY|XA00TEX|1.0|1.0|430.306473794|256.0|8|snow|-|SG000988|-|369|1|0|265|XA00TEX|-|1.0|1.0|0.0|0.0|0.0|XA00TEX|-|1.0|1.0|430.306473794|256.0|-32.0|-32.0|200.49557522123894|240.141592920354|416.0|416.0|416.0|416.0
UTNTSkyEdge_tnt03a2_975_0_terrain_1_1|975|0|2|146|265|14000.0|-2520.0|14128.0|-2392.0|14063.646446609408|-2455.6464466094067|220.31858407079645|200.49557522123894|240.141592920354|ICEY|XA00TEX|1.0|1.0|0.0|0.0|8|snow|-|SG000999|-|380|1|1|265|XA00TEX|-|1.0|1.0|0.0|0.0|0.0|XA00TEX|-|1.0|1.0|430.306473794|256.0|-32.0|-32.0|200.49557522123894|240.141592920354|416.0|416.0|416.0|416.0
UTNTSkyEdge_tnt03a2_976_0_terrain_1_0|976|0|2|146|265|14128.0|-2264.0|14032.0|-2168.0|14080.353553390592|-2215.6464466094067|253.02654867256638|256.0|250.05309734513276|ICEY|XA00TEX|1.0|1.0|227.325809778|256.0|8|snow|-|SG000988|-|369|1|0|265|XA00TEX|-|1.0|1.0|0.0|0.0|0.0|XA00TEX|-|1.0|1.0|227.325809778|256.0|-32.0|-32.0|256.0|250.05309734513276|416.0|416.0|416.0|416.0
UTNTSkyEdge_tnt03a2_976_0_terrain_1_1|976|0|2|146|265|14128.0|-2264.0|14032.0|-2168.0|14079.646446609408|-2216.3535533905933|253.02654867256638|256.0|250.05309734513276|ICEY|XA00TEX|1.0|1.0|0.0|0.0|8|snow|-|SG000999|-|380|1|1|265|XA00TEX|-|1.0|1.0|0.0|0.0|0.0|XA00TEX|-|1.0|1.0|227.325809778|256.0|-32.0|-32.0|256.0|250.05309734513276|416.0|416.0|416.0|416.0
UTNTSkyEdge_tnt03a2_1010_0_terrain_1_0|1010|0|2|146|265|13840.0|-2328.0|13680.0|-2456.0|13759.687652476223|-2391.6095655952786|171.75221238938053|194.5486725663717|148.95575221238937|ICEY|XA00TEX|1.0|1.0|151.415585594|256.0|8|snow|-|SG000988|-|369|1|0|265|XA00TEX|-|1.0|1.0|0.0|0.0|0.0|XA00TEX|-|1.0|1.0|151.415585594|256.0|-32.0|-32.0|194.5486725663717|148.95575221238937|416.0|416.0|416.0|416.0
UTNTSkyEdge_tnt03a2_1010_0_terrain_1_1|1010|0|2|146|265|13840.0|-2328.0|13680.0|-2456.0|13760.312347523777|-2392.3904344047214|171.75221238938053|194.5486725663717|148.95575221238937|ICEY|XA00TEX|1.0|1.0|0.0|0.0|8|snow|-|SG000999|-|380|1|1|265|XA00TEX|-|1.0|1.0|0.0|0.0|0.0|XA00TEX|-|1.0|1.0|151.415585594|256.0|-32.0|-32.0|194.5486725663717|148.95575221238937|416.0|416.0|416.0|416.0
UTNTSkyEdge_tnt03a2_1013_0_terrain_1_0|1013|0|2|146|265|13584.0|-2424.0|13520.0|-2520.0|13551.58397485283|-2471.7226499018875|123.1858407079646|135.0796460176991|111.29203539823008|ICEY|XA00TEX|1.0|1.0|457.508446317|256.0|8|snow|-|SG000988|-|369|1|0|265|XA00TEX|-|1.0|1.0|0.0|0.0|0.0|XA00TEX|-|1.0|1.0|457.508446317|256.0|-32.0|-32.0|135.0796460176991|111.29203539823008|416.0|416.0|416.0|416.0
UTNTSkyEdge_tnt03a2_1013_0_terrain_1_1|1013|0|2|146|265|13584.0|-2424.0|13520.0|-2520.0|13552.41602514717|-2472.2773500981125|123.1858407079646|135.0796460176991|111.29203539823008|ICEY|XA00TEX|1.0|1.0|0.0|0.0|8|snow|-|SG000999|-|380|1|1|265|XA00TEX|-|1.0|1.0|0.0|0.0|0.0|XA00TEX|-|1.0|1.0|457.508446317|256.0|-32.0|-32.0|135.0796460176991|111.29203539823008|416.0|416.0|416.0|416.0
UTNTSkyEdge_tnt03a2_1016_0_terrain_1_0|1016|0|2|266|2047|13024.0|-1936.0|13024.0|-4416.0|13023.5|-3176.0|32.0|32.0|32.0|ICEY|XA00TEX|1.0|1.0|0.0|480.0|8|snow|-|SG000990|-|371|1|0|2047|XA00TEX|-|1.0|1.0|0.0|0.0|0.0|XA00TEX|-|1.0|1.0|0.0|480.0|-32.0|-32.0|32.0|32.0|416.0|416.0|416.0|416.0
UTNTSkyEdge_tnt03a2_1016_0_terrain_1_1|1016|0|2|266|2047|13024.0|-1936.0|13024.0|-4416.0|13024.5|-3176.0|32.0|32.0|32.0|ICEY|XA00TEX|1.0|1.0|0.0|0.0|8|snow|-|SG000991|-|372|1|1|2047|XA00TEX|-|1.0|1.0|0.0|0.0|0.0|XA00TEX|-|1.0|1.0|0.0|480.0|-32.0|-32.0|32.0|32.0|416.0|416.0|416.0|416.0
UTNTSkyEdge_tnt03a2_1017_1_terrain_1_0|1017|1|2|146|252|13400.0|-1944.0|13536.0|-1976.0|13467.885480333138|-1960.4867085841668|32.0|32.0|32.0|ICEY|XA00TEX|1.0|1.0|370.056770654|480.0|8|snow|-|SG000988|-|369|1|0|252|XA00TEX|-|1.0|1.0|0.0|0.0|0.0|XA00TEX|-|1.0|1.0|370.056770654|480.0|-32.0|-32.0|32.0|32.0|416.0|416.0|416.0|416.0
UTNTSkyEdge_tnt03a2_1017_1_terrain_1_1|1017|1|2|146|252|13400.0|-1944.0|13536.0|-1976.0|13468.114519666862|-1959.5132914158332|32.0|32.0|32.0|ICEY|XA00TEX|1.0|1.0|0.0|0.0|8|snow|-|SG000989|-|370|1|1|252|XA00TEX|-|1.0|1.0|0.0|0.0|0.0|XA00TEX|-|1.0|1.0|370.056770654|480.0|-32.0|-32.0|32.0|32.0|416.0|416.0|416.0|416.0
UTNTSkyEdge_tnt03a2_1028_0_terrain_1_0|1028|0|2|146|2047|14512.0|-4304.0|14456.0|-4288.0|14484.13736056395|-4295.51923802618|32.0|32.0|32.0|ICEY|XA00TEX|1.0|1.0|458.09092569|480.0|8|snow|-|SG000988|-|369|1|0|2047|XA00TEX|-|1.0|1.0|0.0|0.0|0.0|XA00TEX|-|1.0|1.0|458.09092569|480.0|-32.0|-32.0|32.0|32.0|416.0|416.0|416.0|416.0
UTNTSkyEdge_tnt03a2_1028_0_terrain_1_1|1028|0|2|146|2047|14512.0|-4304.0|14456.0|-4288.0|14483.86263943605|-4296.48076197382|32.0|32.0|32.0|ICEY|XA00TEX|1.0|1.0|0.0|0.0|8|snow|-|SG000991|-|372|1|1|2047|XA00TEX|-|1.0|1.0|0.0|0.0|0.0|XA00TEX|-|1.0|1.0|458.09092569|480.0|-32.0|-32.0|32.0|32.0|416.0|416.0|416.0|416.0
UTNTSkyEdge_tnt03a2_1060_0_terrain_1_0|1060|0|2|146|2047|14272.0|-4248.0|14288.0|-4200.0|14280.474341649026|-4224.158113883009|32.0|32.0|32.0|ICEY|XA00TEX|1.0|1.0|223.651476327|480.0|8|snow|-|SG000988|-|369|1|0|2047|XA00TEX|-|1.0|1.0|0.0|0.0|0.0|XA00TEX|-|1.0|1.0|223.651476327|480.0|-32.0|-32.0|32.0|32.0|416.0|416.0|416.0|416.0
UTNTSkyEdge_tnt03a2_1060_0_terrain_1_1|1060|0|2|146|2047|14272.0|-4248.0|14288.0|-4200.0|14279.525658350974|-4223.841886116991|32.0|32.0|32.0|ICEY|XA00TEX|1.0|1.0|0.0|0.0|8|snow|-|SG000991|-|372|1|1|2047|XA00TEX|-|1.0|1.0|0.0|0.0|0.0|XA00TEX|-|1.0|1.0|223.651476327|480.0|-32.0|-32.0|32.0|32.0|416.0|416.0|416.0|416.0
UTNTSkyEdge_tnt03a2_1070_0_terrain_1_0|1070|0|2|146|2047|14288.0|-4200.0|14248.0|-4200.0|14268.0|-4199.5|32.0|32.0|32.0|ICEY|XA00TEX|1.0|1.0|274.247918889|480.0|8|snow|-|SG000988|-|369|1|0|2047|XA00TEX|-|1.0|1.0|0.0|0.0|0.0|XA00TEX|-|1.0|1.0|274.247918889|480.0|-32.0|-32.0|32.0|32.0|416.0|416.0|416.0|416.0
UTNTSkyEdge_tnt03a2_1070_0_terrain_1_1|1070|0|2|146|2047|14288.0|-4200.0|14248.0|-4200.0|14268.0|-4200.5|32.0|32.0|32.0|ICEY|XA00TEX|1.0|1.0|0.0|0.0|8|snow|-|SG000991|-|372|1|1|2047|XA00TEX|-|1.0|1.0|0.0|0.0|0.0|XA00TEX|-|1.0|1.0|274.247918889|480.0|-32.0|-32.0|32.0|32.0|416.0|416.0|416.0|416.0
UTNTSkyEdge_tnt03a2_1072_0_terrain_1_0|1072|0|2|146|2047|14248.0|-4200.0|14208.0|-4160.0|14228.353553390592|-4179.646446609407|32.0|32.0|32.0|ICEY|XA00TEX|1.0|1.0|314.247918889|480.0|8|snow|-|SG000988|-|369|1|0|2047|XA00TEX|-|1.0|1.0|0.0|0.0|0.0|XA00TEX|-|1.0|1.0|314.247918889|480.0|-32.0|-32.0|32.0|32.0|416.0|416.0|416.0|416.0
UTNTSkyEdge_tnt03a2_1072_0_terrain_1_1|1072|0|2|146|2047|14248.0|-4200.0|14208.0|-4160.0|14227.646446609408|-4180.353553390593|32.0|32.0|32.0|ICEY|XA00TEX|1.0|1.0|0.0|0.0|8|snow|-|SG000991|-|372|1|1|2047|XA00TEX|-|1.0|1.0|0.0|0.0|0.0|XA00TEX|-|1.0|1.0|314.247918889|480.0|-32.0|-32.0|32.0|32.0|416.0|416.0|416.0|416.0
UTNTSkyEdge_tnt03a2_1094_1_terrain_1_0|1094|1|2|146|252|13128.0|-1968.0|13400.0|-1944.0|13264.043946905149|-1956.4980649250126|32.0|32.0|32.0|ICEY|XA00TEX|1.0|1.0|97.0|480.0|8|snow|-|SG000988|-|369|1|0|252|XA00TEX|-|1.0|1.0|0.0|0.0|0.0|XA00TEX|-|1.0|1.0|97.0|480.0|-32.0|-32.0|32.0|32.0|416.0|416.0|416.0|416.0
UTNTSkyEdge_tnt03a2_1094_1_terrain_1_1|1094|1|2|146|252|13128.0|-1968.0|13400.0|-1944.0|13263.956053094851|-1955.5019350749874|32.0|32.0|32.0|ICEY|XA00TEX|1.0|1.0|0.0|0.0|8|snow|-|SG000989|-|370|1|1|252|XA00TEX|-|1.0|1.0|0.0|0.0|0.0|XA00TEX|-|1.0|1.0|97.0|480.0|-32.0|-32.0|32.0|32.0|416.0|416.0|416.0|416.0
UTNTSkyEdge_tnt03a2_1242_1_terrain_1_0|1242|1|2|146|252|13536.0|-1976.0|13720.0|-2008.0|13627.914329412624|-1992.49260587741|32.0|32.0|32.0|ICEY|XA00TEX|1.0|1.0|509.770764227|480.0|8|snow|-|SG000988|-|369|1|0|252|XA00TEX|-|1.0|1.0|0.0|0.0|0.0|XA00TEX|-|1.0|1.0|509.770764227|480.0|-32.0|-32.0|32.0|32.0|416.0|416.0|416.0|416.0
UTNTSkyEdge_tnt03a2_1242_1_terrain_1_1|1242|1|2|146|252|13536.0|-1976.0|13720.0|-2008.0|13628.085670587376|-1991.50739412259|32.0|32.0|32.0|ICEY|XA00TEX|1.0|1.0|0.0|0.0|8|snow|-|SG000989|-|370|1|1|252|XA00TEX|-|1.0|1.0|0.0|0.0|0.0|XA00TEX|-|1.0|1.0|509.770764227|480.0|-32.0|-32.0|32.0|32.0|416.0|416.0|416.0|416.0
UTNTSkyEdge_tnt03a2_1244_1_terrain_1_0|1244|1|2|146|252|13720.0|-2008.0|13792.0|-1952.0|13756.306970306758|-1980.3946761086881|32.0|32.0|32.0|ICEY|XA00TEX|1.0|1.0|184.532644705|480.0|8|snow|-|SG000988|-|369|1|0|252|XA00TEX|-|1.0|1.0|0.0|0.0|0.0|XA00TEX|-|1.0|1.0|184.532644705|480.0|-32.0|-32.0|32.0|32.0|416.0|416.0|416.0|416.0
UTNTSkyEdge_tnt03a2_1244_1_terrain_1_1|1244|1|2|146|252|13720.0|-2008.0|13792.0|-1952.0|13755.693029693242|-1979.6053238913119|32.0|32.0|32.0|ICEY|XA00TEX|1.0|1.0|0.0|0.0|8|snow|-|SG000989|-|370|1|1|252|XA00TEX|-|1.0|1.0|0.0|0.0|0.0|XA00TEX|-|1.0|1.0|184.532644705|480.0|-32.0|-32.0|32.0|32.0|416.0|416.0|416.0|416.0
UTNTSkyEdge_tnt03a2_1257_0_terrain_1_0|1257|0|2|146|2047|14160.0|-3640.0|14232.0|-3584.0|14196.306970306758|-3612.394676108688|32.0|32.0|32.0|ICEY|XA00TEX|1.0|1.0|10.248913346|480.0|8|snow|-|SG000988|-|369|1|0|2047|XA00TEX|-|1.0|1.0|0.0|0.0|0.0|XA00TEX|-|1.0|1.0|10.248913346|480.0|-32.0|-32.0|32.0|32.0|416.0|416.0|416.0|416.0
UTNTSkyEdge_tnt03a2_1257_0_terrain_1_1|1257|0|2|146|2047|14160.0|-3640.0|14232.0|-3584.0|14195.693029693242|-3611.605323891312|32.0|32.0|32.0|ICEY|XA00TEX|1.0|1.0|0.0|0.0|8|snow|-|SG000991|-|372|1|1|2047|XA00TEX|-|1.0|1.0|0.0|0.0|0.0|XA00TEX|-|1.0|1.0|10.248913346|480.0|-32.0|-32.0|32.0|32.0|416.0|416.0|416.0|416.0
UTNTSkyEdge_tnt03a2_1260_0_terrain_1_0|1260|0|2|146|2047|14232.0|-3584.0|14256.0|-3560.0|14244.353553390592|-3572.3535533905933|32.0|32.0|32.0|ICEY|XA00TEX|1.0|1.0|101.462947354|480.0|8|snow|-|SG000988|-|369|1|0|2047|XA00TEX|-|1.0|1.0|0.0|0.0|0.0|XA00TEX|-|1.0|1.0|101.462947354|480.0|-32.0|-32.0|32.0|32.0|416.0|416.0|416.0|416.0
UTNTSkyEdge_tnt03a2_1260_0_terrain_1_1|1260|0|2|146|2047|14232.0|-3584.0|14256.0|-3560.0|14243.646446609408|-3571.6464466094067|32.0|32.0|32.0|ICEY|XA00TEX|1.0|1.0|0.0|0.0|8|snow|-|SG000991|-|372|1|1|2047|XA00TEX|-|1.0|1.0|0.0|0.0|0.0|XA00TEX|-|1.0|1.0|101.462947354|480.0|-32.0|-32.0|32.0|32.0|416.0|416.0|416.0|416.0
UTNTSkyEdge_tnt03a2_1267_0_terrain_1_0|1267|0|2|146|2047|14256.0|-3560.0|14288.0|-3472.0|14272.469896711744|-3516.1708715315435|32.0|32.0|32.0|ICEY|XA00TEX|1.0|1.0|135.404072851|480.0|8|snow|-|SG000988|-|369|1|0|2047|XA00TEX|-|1.0|1.0|0.0|0.0|0.0|XA00TEX|-|1.0|1.0|135.404072851|480.0|-32.0|-32.0|32.0|32.0|416.0|416.0|416.0|416.0
UTNTSkyEdge_tnt03a2_1267_0_terrain_1_1|1267|0|2|146|2047|14256.0|-3560.0|14288.0|-3472.0|14271.530103288256|-3515.8291284684565|32.0|32.0|32.0|ICEY|XA00TEX|1.0|1.0|0.0|0.0|8|snow|-|SG000991|-|372|1|1|2047|XA00TEX|-|1.0|1.0|0.0|0.0|0.0|XA00TEX|-|1.0|1.0|135.404072851|480.0|-32.0|-32.0|32.0|32.0|416.0|416.0|416.0|416.0
UTNTSkyEdge_tnt03a2_1271_1_terrain_1_0|1271|1|2|146|252|13792.0|-1952.0|14000.0|-1960.0|13895.980783438948|-1956.4996305873156|32.0|32.0|32.0|ICEY|XA00TEX|1.0|1.0|275.746678713|480.0|8|snow|-|SG000988|-|369|1|0|252|XA00TEX|-|1.0|1.0|0.0|0.0|0.0|XA00TEX|-|1.0|1.0|275.746678713|480.0|-32.0|-32.0|32.0|32.0|416.0|416.0|416.0|416.0
UTNTSkyEdge_tnt03a2_1271_1_terrain_1_1|1271|1|2|146|252|13792.0|-1952.0|14000.0|-1960.0|13896.019216561052|-1955.5003694126844|32.0|32.0|32.0|ICEY|XA00TEX|1.0|1.0|0.0|0.0|8|snow|-|SG000989|-|370|1|1|252|XA00TEX|-|1.0|1.0|0.0|0.0|0.0|XA00TEX|-|1.0|1.0|275.746678713|480.0|-32.0|-32.0|32.0|32.0|416.0|416.0|416.0|416.0
UTNTSkyEdge_tnt03a2_1272_0_terrain_1_0|1272|0|2|146|2047|14288.0|-3472.0|14280.0|-3408.0|14284.496138938357|-3439.9379826327054|32.0|32.0|32.0|ICEY|XA00TEX|1.0|1.0|229.041672137|480.0|8|snow|-|SG000988|-|369|1|0|2047|XA00TEX|-|1.0|1.0|0.0|0.0|0.0|XA00TEX|-|1.0|1.0|229.041672137|480.0|-32.0|-32.0|32.0|32.0|416.0|416.0|416.0|416.0
UTNTSkyEdge_tnt03a2_1272_0_terrain_1_1|1272|0|2|146|2047|14288.0|-3472.0|14280.0|-3408.0|14283.503861061643|-3440.0620173672946|32.0|32.0|32.0|ICEY|XA00TEX|1.0|1.0|0.0|0.0|8|snow|-|SG000991|-|372|1|1|2047|XA00TEX|-|1.0|1.0|0.0|0.0|0.0|XA00TEX|-|1.0|1.0|229.041672137|480.0|-32.0|-32.0|32.0|32.0|416.0|416.0|416.0|416.0
UTNTSkyEdge_tnt03a2_1276_1_terrain_1_0|1276|1|2|146|252|14000.0|-1960.0|14128.0|-2000.0|14063.850862503432|-1980.4772399890176|32.0|32.0|32.0|ICEY|XA00TEX|1.0|1.0|483.900468014|480.0|8|snow|-|SG000988|-|369|1|0|252|XA00TEX|-|1.0|1.0|0.0|0.0|0.0|XA00TEX|-|1.0|1.0|483.900468014|480.0|-32.0|-32.0|32.0|32.0|416.0|416.0|416.0|416.0
UTNTSkyEdge_tnt03a2_1276_1_terrain_1_1|1276|1|2|146|252|14000.0|-1960.0|14128.0|-2000.0|14064.149137496568|-1979.5227600109824|32.0|32.0|32.0|ICEY|XA00TEX|1.0|1.0|0.0|0.0|8|snow|-|SG000989|-|370|1|1|252|XA00TEX|-|1.0|1.0|0.0|0.0|0.0|XA00TEX|-|1.0|1.0|483.900468014|480.0|-32.0|-32.0|32.0|32.0|416.0|416.0|416.0|416.0
UTNTSkyEdge_tnt03a2_1279_1_terrain_1_0|1279|1|2|146|252|14128.0|-2000.0|14248.0|-1960.0|14188.158113883008|-1980.4743416490253|32.0|32.0|32.0|ICEY|XA00TEX|1.0|1.0|106.004904927|480.0|8|snow|-|SG000988|-|369|1|0|252|XA00TEX|-|1.0|1.0|0.0|0.0|0.0|XA00TEX|-|1.0|1.0|106.004904927|480.0|-32.0|-32.0|32.0|32.0|416.0|416.0|416.0|416.0
UTNTSkyEdge_tnt03a2_1279_1_terrain_1_1|1279|1|2|146|252|14128.0|-2000.0|14248.0|-1960.0|14187.841886116992|-1979.5256583509747|32.0|32.0|32.0|ICEY|XA00TEX|1.0|1.0|0.0|0.0|8|snow|-|SG000989|-|370|1|1|252|XA00TEX|-|1.0|1.0|0.0|0.0|0.0|XA00TEX|-|1.0|1.0|106.004904927|480.0|-32.0|-32.0|32.0|32.0|416.0|416.0|416.0|416.0
UTNTSkyEdge_tnt03a2_1282_0_terrain_1_0|1282|0|2|146|2047|14280.0|-3408.0|14288.0|-3328.0|14284.497518595104|-3368.0497518595107|32.0|32.0|32.0|ICEY|XA00TEX|1.0|1.0|293.539734123|480.0|8|snow|-|SG000988|-|369|1|0|2047|XA00TEX|-|1.0|1.0|0.0|0.0|0.0|XA00TEX|-|1.0|1.0|293.539734123|480.0|-32.0|-32.0|32.0|32.0|416.0|416.0|416.0|416.0
UTNTSkyEdge_tnt03a2_1282_0_terrain_1_1|1282|0|2|146|2047|14280.0|-3408.0|14288.0|-3328.0|14283.502481404896|-3367.9502481404893|32.0|32.0|32.0|ICEY|XA00TEX|1.0|1.0|0.0|0.0|8|snow|-|SG000991|-|372|1|1|2047|XA00TEX|-|1.0|1.0|0.0|0.0|0.0|XA00TEX|-|1.0|1.0|293.539734123|480.0|-32.0|-32.0|32.0|32.0|416.0|416.0|416.0|416.0
UTNTSkyEdge_tnt03a2_1284_0_terrain_1_0|1284|0|2|146|2047|14288.0|-3328.0|14272.0|-3264.0|14280.485071250072|-3295.878732187482|32.0|32.0|32.0|ICEY|XA00TEX|1.0|1.0|373.938739092|480.0|8|snow|-|SG000988|-|369|1|0|2047|XA00TEX|-|1.0|1.0|0.0|0.0|0.0|XA00TEX|-|1.0|1.0|373.938739092|480.0|-32.0|-32.0|32.0|32.0|416.0|416.0|416.0|416.0
UTNTSkyEdge_tnt03a2_1284_0_terrain_1_1|1284|0|2|146|2047|14288.0|-3328.0|14272.0|-3264.0|14279.514928749928|-3296.121267812518|32.0|32.0|32.0|ICEY|XA00TEX|1.0|1.0|0.0|0.0|8|snow|-|SG000991|-|372|1|1|2047|XA00TEX|-|1.0|1.0|0.0|0.0|0.0|XA00TEX|-|1.0|1.0|373.938739092|480.0|-32.0|-32.0|32.0|32.0|416.0|416.0|416.0|416.0
UTNTSkyEdge_tnt03a2_1286_0_terrain_1_0|1286|0|2|146|2047|14272.0|-3264.0|14224.0|-3248.0|14248.158113883008|-3255.525658350975|32.0|32.0|32.0|ICEY|XA00TEX|1.0|1.0|439.908429102|480.0|8|snow|-|SG000988|-|369|1|0|2047|XA00TEX|-|1.0|1.0|0.0|0.0|0.0|XA00TEX|-|1.0|1.0|439.908429102|480.0|-32.0|-32.0|32.0|32.0|416.0|416.0|416.0|416.0
UTNTSkyEdge_tnt03a2_1286_0_terrain_1_1|1286|0|2|146|2047|14272.0|-3264.0|14224.0|-3248.0|14247.841886116992|-3256.474341649025|32.0|32.0|32.0|ICEY|XA00TEX|1.0|1.0|0.0|0.0|8|snow|-|SG000991|-|372|1|1|2047|XA00TEX|-|1.0|1.0|0.0|0.0|0.0|XA00TEX|-|1.0|1.0|439.908429102|480.0|-32.0|-32.0|32.0|32.0|416.0|416.0|416.0|416.0
UTNTSkyEdge_tnt03a2_1287_1_terrain_1_0|1287|1|2|146|252|14248.0|-1960.0|14432.0|-1992.0|14339.914329412624|-1976.49260587741|32.0|32.0|32.0|ICEY|XA00TEX|1.0|1.0|232.496011334|480.0|8|snow|-|SG000988|-|369|1|0|252|XA00TEX|-|1.0|1.0|0.0|0.0|0.0|XA00TEX|-|1.0|1.0|232.496011334|480.0|-32.0|-32.0|32.0|32.0|416.0|416.0|416.0|416.0
UTNTSkyEdge_tnt03a2_1287_1_terrain_1_1|1287|1|2|146|252|14248.0|-1960.0|14432.0|-1992.0|14340.085670587376|-1975.50739412259|32.0|32.0|32.0|ICEY|XA00TEX|1.0|1.0|0.0|0.0|8|snow|-|SG000989|-|370|1|1|252|XA00TEX|-|1.0|1.0|0.0|0.0|0.0|XA00TEX|-|1.0|1.0|232.496011334|480.0|-32.0|-32.0|32.0|32.0|416.0|416.0|416.0|416.0
UTNTSkyEdge_tnt03a2_1290_0_terrain_1_0|1290|0|2|146|2047|14224.0|-3248.0|14160.0|-3200.0|14192.3|-3223.6|32.0|32.0|32.0|ICEY|XA00TEX|1.0|1.0|490.504871665|480.0|8|snow|-|SG000988|-|369|1|0|2047|XA00TEX|-|1.0|1.0|0.0|0.0|0.0|XA00TEX|-|1.0|1.0|490.504871665|480.0|-32.0|-32.0|32.0|32.0|416.0|416.0|416.0|416.0
UTNTSkyEdge_tnt03a2_1290_0_terrain_1_1|1290|0|2|146|2047|14224.0|-3248.0|14160.0|-3200.0|14191.7|-3224.4|32.0|32.0|32.0|ICEY|XA00TEX|1.0|1.0|0.0|0.0|8|snow|-|SG000991|-|372|1|1|2047|XA00TEX|-|1.0|1.0|0.0|0.0|0.0|XA00TEX|-|1.0|1.0|490.504871665|480.0|-32.0|-32.0|32.0|32.0|416.0|416.0|416.0|416.0
UTNTSkyEdge_tnt03a2_1291_1_terrain_1_0|1291|1|2|146|252|14432.0|-1992.0|14512.0|-1960.0|14472.185695338178|-1976.4642383454427|32.0|32.0|32.0|ICEY|XA00TEX|1.0|1.0|419.257891813|480.0|8|snow|-|SG000988|-|369|1|0|252|XA00TEX|-|1.0|1.0|0.0|0.0|0.0|XA00TEX|-|1.0|1.0|419.257891813|480.0|-32.0|-32.0|32.0|32.0|416.0|416.0|416.0|416.0
UTNTSkyEdge_tnt03a2_1291_1_terrain_1_1|1291|1|2|146|252|14432.0|-1992.0|14512.0|-1960.0|14471.814304661822|-1975.5357616545573|32.0|32.0|32.0|ICEY|XA00TEX|1.0|1.0|0.0|0.0|8|snow|-|SG000989|-|370|1|1|252|XA00TEX|-|1.0|1.0|0.0|0.0|0.0|XA00TEX|-|1.0|1.0|419.257891813|480.0|-32.0|-32.0|32.0|32.0|416.0|416.0|416.0|416.0
UTNTSkyEdge_tnt03a2_1296_0_terrain_1_0|1296|0|2|146|2047|14160.0|-3200.0|14080.0|-3192.0|14120.049751859511|-3195.502481404895|32.0|32.0|32.0|ICEY|XA00TEX|1.0|1.0|58.504871665|480.0|8|snow|-|SG000988|-|369|1|0|2047|XA00TEX|-|1.0|1.0|0.0|0.0|0.0|XA00TEX|-|1.0|1.0|58.504871665|480.0|-32.0|-32.0|32.0|32.0|416.0|416.0|416.0|416.0
UTNTSkyEdge_tnt03a2_1296_0_terrain_1_1|1296|0|2|146|2047|14160.0|-3200.0|14080.0|-3192.0|14119.950248140489|-3196.497518595105|32.0|32.0|32.0|ICEY|XA00TEX|1.0|1.0|0.0|0.0|8|snow|-|SG000991|-|372|1|1|2047|XA00TEX|-|1.0|1.0|0.0|0.0|0.0|XA00TEX|-|1.0|1.0|58.504871665|480.0|-32.0|-32.0|32.0|32.0|416.0|416.0|416.0|416.0
UTNTSkyEdge_tnt03a2_1307_1_terrain_1_0|1307|1|2|146|252|14512.0|-1960.0|14568.0|-1984.0|14539.803040350711|-1972.459572515009|32.0|32.0|32.0|ICEY|XA00TEX|1.0|1.0|505.420528727|480.0|8|snow|-|SG000988|-|369|1|0|252|XA00TEX|-|1.0|1.0|0.0|0.0|0.0|XA00TEX|-|1.0|1.0|505.420528727|480.0|-32.0|-32.0|32.0|32.0|416.0|416.0|416.0|416.0
UTNTSkyEdge_tnt03a2_1307_1_terrain_1_1|1307|1|2|146|252|14512.0|-1960.0|14568.0|-1984.0|14540.196959649289|-1971.540427484991|32.0|32.0|32.0|ICEY|XA00TEX|1.0|1.0|0.0|0.0|8|snow|-|SG000989|-|370|1|1|252|XA00TEX|-|1.0|1.0|0.0|0.0|0.0|XA00TEX|-|1.0|1.0|505.420528727|480.0|-32.0|-32.0|32.0|32.0|416.0|416.0|416.0|416.0
UTNTSkyEdge_tnt03a2_1320_0_terrain_1_0|1320|0|2|146|2047|14080.0|-3192.0|14016.0|-3200.0|14047.937982632706|-3195.503861061643|32.0|32.0|32.0|ICEY|XA00TEX|1.0|1.0|138.903876634|480.0|8|snow|-|SG000988|-|369|1|0|2047|XA00TEX|-|1.0|1.0|0.0|0.0|0.0|XA00TEX|-|1.0|1.0|138.903876634|480.0|-32.0|-32.0|32.0|32.0|416.0|416.0|416.0|416.0
UTNTSkyEdge_tnt03a2_1320_0_terrain_1_1|1320|0|2|146|2047|14080.0|-3192.0|14016.0|-3200.0|14048.062017367294|-3196.496138938357|32.0|32.0|32.0|ICEY|XA00TEX|1.0|1.0|0.0|0.0|8|snow|-|SG000991|-|372|1|1|2047|XA00TEX|-|1.0|1.0|0.0|0.0|0.0|XA00TEX|-|1.0|1.0|138.903876634|480.0|-32.0|-32.0|32.0|32.0|416.0|416.0|416.0|416.0
UTNTSkyEdge_tnt03a2_1321_0_terrain_1_0|1321|0|2|146|2047|14016.0|-3200.0|13976.0|-3192.0|13996.09805806757|-3195.5097096621544|32.0|32.0|32.0|ICEY|XA00TEX|1.0|1.0|203.40193862|480.0|8|snow|-|SG000988|-|369|1|0|2047|XA00TEX|-|1.0|1.0|0.0|0.0|0.0|XA00TEX|-|1.0|1.0|203.40193862|480.0|-32.0|-32.0|32.0|32.0|416.0|416.0|416.0|416.0
UTNTSkyEdge_tnt03a2_1321_0_terrain_1_1|1321|0|2|146|2047|14016.0|-3200.0|13976.0|-3192.0|13995.90194193243|-3196.4902903378456|32.0|32.0|32.0|ICEY|XA00TEX|1.0|1.0|0.0|0.0|8|snow|-|SG000991|-|372|1|1|2047|XA00TEX|-|1.0|1.0|0.0|0.0|0.0|XA00TEX|-|1.0|1.0|203.40193862|480.0|-32.0|-32.0|32.0|32.0|416.0|416.0|416.0|416.0
UTNTSkyEdge_tnt03a2_1322_0_terrain_1_0|1322|0|2|146|2047|13976.0|-3192.0|13904.0|-3184.0|13940.055215763037|-3187.503058132663|32.0|32.0|32.0|ICEY|XA00TEX|1.0|1.0|244.194094729|480.0|8|snow|-|SG000988|-|369|1|0|2047|XA00TEX|-|1.0|1.0|0.0|0.0|0.0|XA00TEX|-|1.0|1.0|244.194094729|480.0|-32.0|-32.0|32.0|32.0|416.0|416.0|416.0|416.0
UTNTSkyEdge_tnt03a2_1322_0_terrain_1_1|1322|0|2|146|2047|13976.0|-3192.0|13904.0|-3184.0|13939.944784236963|-3188.496941867337|32.0|32.0|32.0|ICEY|XA00TEX|1.0|1.0|0.0|0.0|8|snow|-|SG000991|-|372|1|1|2047|XA00TEX|-|1.0|1.0|0.0|0.0|0.0|XA00TEX|-|1.0|1.0|244.194094729|480.0|-32.0|-32.0|32.0|32.0|416.0|416.0|416.0|416.0
UTNTSkyEdge_tnt03a2_1323_0_terrain_1_0|1323|0|2|146|2047|13904.0|-3184.0|13856.0|-3232.0|13879.646446609408|-3207.6464466094067|32.0|32.0|32.0|ICEY|XA00TEX|1.0|1.0|316.637175834|480.0|8|snow|-|SG000988|-|369|1|0|2047|XA00TEX|-|1.0|1.0|0.0|0.0|0.0|XA00TEX|-|1.0|1.0|316.637175834|480.0|-32.0|-32.0|32.0|32.0|416.0|416.0|416.0|416.0
UTNTSkyEdge_tnt03a2_1323_0_terrain_1_1|1323|0|2|146|2047|13904.0|-3184.0|13856.0|-3232.0|13880.353553390592|-3208.3535533905933|32.0|32.0|32.0|ICEY|XA00TEX|1.0|1.0|0.0|0.0|8|snow|-|SG000991|-|372|1|1|2047|XA00TEX|-|1.0|1.0|0.0|0.0|0.0|XA00TEX|-|1.0|1.0|316.637175834|480.0|-32.0|-32.0|32.0|32.0|416.0|416.0|416.0|416.0
UTNTSkyEdge_tnt03a2_1326_0_terrain_1_0|1326|0|2|146|2047|13856.0|-3232.0|13808.0|-3272.0|13831.679907800168|-3251.6158893602014|32.0|32.0|32.0|ICEY|XA00TEX|1.0|1.0|384.519426828|480.0|8|snow|-|SG000988|-|369|1|0|2047|XA00TEX|-|1.0|1.0|0.0|0.0|0.0|XA00TEX|-|1.0|1.0|384.519426828|480.0|-32.0|-32.0|32.0|32.0|416.0|416.0|416.0|416.0
UTNTSkyEdge_tnt03a2_1326_0_terrain_1_1|1326|0|2|146|2047|13856.0|-3232.0|13808.0|-3272.0|13832.320092199832|-3252.3841106397986|32.0|32.0|32.0|ICEY|XA00TEX|1.0|1.0|0.0|0.0|8|snow|-|SG000991|-|372|1|1|2047|XA00TEX|-|1.0|1.0|0.0|0.0|0.0|XA00TEX|-|1.0|1.0|384.519426828|480.0|-32.0|-32.0|32.0|32.0|416.0|416.0|416.0|416.0
UTNTSkyEdge_tnt03a2_1327_0_terrain_1_0|1327|0|2|146|2047|13808.0|-3272.0|13792.0|-3328.0|13799.51923802618|-3299.8626394360513|32.0|32.0|32.0|ICEY|XA00TEX|1.0|1.0|447.001424235|480.0|8|snow|-|SG000988|-|369|1|0|2047|XA00TEX|-|1.0|1.0|0.0|0.0|0.0|XA00TEX|-|1.0|1.0|447.001424235|480.0|-32.0|-32.0|32.0|32.0|416.0|416.0|416.0|416.0
UTNTSkyEdge_tnt03a2_1327_0_terrain_1_1|1327|0|2|146|2047|13808.0|-3272.0|13792.0|-3328.0|13800.48076197382|-3300.1373605639487|32.0|32.0|32.0|ICEY|XA00TEX|1.0|1.0|0.0|0.0|8|snow|-|SG000991|-|372|1|1|2047|XA00TEX|-|1.0|1.0|0.0|0.0|0.0|XA00TEX|-|1.0|1.0|447.001424235|480.0|-32.0|-32.0|32.0|32.0|416.0|416.0|416.0|416.0
UTNTSkyEdge_tnt03a2_1332_0_terrain_1_0|1332|0|2|146|2047|13792.0|-3328.0|13776.0|-3384.0|13783.51923802618|-3355.8626394360513|32.0|32.0|32.0|ICEY|XA00TEX|1.0|1.0|505.242303349|480.0|8|snow|-|SG000988|-|369|1|0|2047|XA00TEX|-|1.0|1.0|0.0|0.0|0.0|XA00TEX|-|1.0|1.0|505.242303349|480.0|-32.0|-32.0|32.0|32.0|416.0|416.0|416.0|416.0
UTNTSkyEdge_tnt03a2_1332_0_terrain_1_1|1332|0|2|146|2047|13792.0|-3328.0|13776.0|-3384.0|13784.48076197382|-3356.1373605639487|32.0|32.0|32.0|ICEY|XA00TEX|1.0|1.0|0.0|0.0|8|snow|-|SG000991|-|372|1|1|2047|XA00TEX|-|1.0|1.0|0.0|0.0|0.0|XA00TEX|-|1.0|1.0|505.242303349|480.0|-32.0|-32.0|32.0|32.0|416.0|416.0|416.0|416.0
UTNTSkyEdge_tnt03a2_1335_0_terrain_1_0|1335|0|2|146|2047|13776.0|-3384.0|13792.0|-3456.0|13783.511906469908|-3420.108465228909|32.0|32.0|32.0|ICEY|XA00TEX|1.0|1.0|51.483182464|480.0|8|snow|-|SG000988|-|369|1|0|2047|XA00TEX|-|1.0|1.0|0.0|0.0|0.0|XA00TEX|-|1.0|1.0|51.483182464|480.0|-32.0|-32.0|32.0|32.0|416.0|416.0|416.0|416.0
UTNTSkyEdge_tnt03a2_1335_0_terrain_1_1|1335|0|2|146|2047|13776.0|-3384.0|13792.0|-3456.0|13784.488093530092|-3419.891534771091|32.0|32.0|32.0|ICEY|XA00TEX|1.0|1.0|0.0|0.0|8|snow|-|SG000991|-|372|1|1|2047|XA00TEX|-|1.0|1.0|0.0|0.0|0.0|XA00TEX|-|1.0|1.0|51.483182464|480.0|-32.0|-32.0|32.0|32.0|416.0|416.0|416.0|416.0
UTNTSkyEdge_tnt03a2_1336_0_terrain_1_0|1336|0|2|146|2047|13792.0|-3456.0|13792.0|-3536.0|13791.5|-3496.0|32.0|32.0|32.0|ICEY|XA00TEX|1.0|1.0|125.239538122|480.0|8|snow|-|SG000988|-|369|1|0|2047|XA00TEX|-|1.0|1.0|0.0|0.0|0.0|XA00TEX|-|1.0|1.0|125.239538122|480.0|-32.0|-32.0|32.0|32.0|416.0|416.0|416.0|416.0
UTNTSkyEdge_tnt03a2_1336_0_terrain_1_1|1336|0|2|146|2047|13792.0|-3456.0|13792.0|-3536.0|13792.5|-3496.0|32.0|32.0|32.0|ICEY|XA00TEX|1.0|1.0|0.0|0.0|8|snow|-|SG000991|-|372|1|1|2047|XA00TEX|-|1.0|1.0|0.0|0.0|0.0|XA00TEX|-|1.0|1.0|125.239538122|480.0|-32.0|-32.0|32.0|32.0|416.0|416.0|416.0|416.0
UTNTSkyEdge_tnt03a2_1337_1_terrain_1_0|1337|1|2|146|252|14568.0|-1984.0|14656.0|-1984.0|14612.0|-1984.5|32.0|32.0|32.0|ICEY|XA00TEX|1.0|1.0|54.346713574|480.0|8|snow|-|SG000988|-|369|1|0|252|XA00TEX|-|1.0|1.0|0.0|0.0|0.0|XA00TEX|-|1.0|1.0|54.346713574|480.0|-32.0|-32.0|32.0|32.0|416.0|416.0|416.0|416.0
UTNTSkyEdge_tnt03a2_1337_1_terrain_1_1|1337|1|2|146|252|14568.0|-1984.0|14656.0|-1984.0|14612.0|-1983.5|32.0|32.0|32.0|ICEY|XA00TEX|1.0|1.0|0.0|0.0|8|snow|-|SG000989|-|370|1|1|252|XA00TEX|-|1.0|1.0|0.0|0.0|0.0|XA00TEX|-|1.0|1.0|54.346713574|480.0|-32.0|-32.0|32.0|32.0|416.0|416.0|416.0|416.0
UTNTSkyEdge_tnt03a2_1338_1_terrain_1_0|1338|1|2|146|252|14656.0|-1984.0|14752.0|-2008.0|14703.878732187482|-1996.4850712500727|32.0|32.0|32.0|ICEY|XA00TEX|1.0|1.0|142.346713574|480.0|8|snow|-|SG000988|-|369|1|0|252|XA00TEX|-|1.0|1.0|0.0|0.0|0.0|XA00TEX|-|1.0|1.0|142.346713574|480.0|-32.0|-32.0|32.0|32.0|416.0|416.0|416.0|416.0
UTNTSkyEdge_tnt03a2_1338_1_terrain_1_1|1338|1|2|146|252|14656.0|-1984.0|14752.0|-2008.0|14704.121267812518|-1995.5149287499273|32.0|32.0|32.0|ICEY|XA00TEX|1.0|1.0|0.0|0.0|8|snow|-|SG000989|-|370|1|1|252|XA00TEX|-|1.0|1.0|0.0|0.0|0.0|XA00TEX|-|1.0|1.0|142.346713574|480.0|-32.0|-32.0|32.0|32.0|416.0|416.0|416.0|416.0
UTNTSkyEdge_tnt03a2_1339_0_terrain_1_0|1339|0|2|146|2047|13792.0|-3536.0|13800.0|-3576.0|13795.509709662154|-3556.098058067569|32.0|32.0|32.0|ICEY|XA00TEX|1.0|1.0|205.239538122|480.0|8|snow|-|SG000988|-|369|1|0|2047|XA00TEX|-|1.0|1.0|0.0|0.0|0.0|XA00TEX|-|1.0|1.0|205.239538122|480.0|-32.0|-32.0|32.0|32.0|416.0|416.0|416.0|416.0
UTNTSkyEdge_tnt03a2_1339_0_terrain_1_1|1339|0|2|146|2047|13792.0|-3536.0|13800.0|-3576.0|13796.490290337846|-3555.901941932431|32.0|32.0|32.0|ICEY|XA00TEX|1.0|1.0|0.0|0.0|8|snow|-|SG000991|-|372|1|1|2047|XA00TEX|-|1.0|1.0|0.0|0.0|0.0|XA00TEX|-|1.0|1.0|205.239538122|480.0|-32.0|-32.0|32.0|32.0|416.0|416.0|416.0|416.0
UTNTSkyEdge_tnt03a2_1340_1_terrain_1_0|1340|1|2|146|252|14752.0|-2008.0|14912.0|-1992.0|14832.049751859511|-2000.497518595105|32.0|32.0|32.0|ICEY|XA00TEX|1.0|1.0|241.301248589|480.0|8|snow|-|SG000988|-|369|1|0|252|XA00TEX|-|1.0|1.0|0.0|0.0|0.0|XA00TEX|-|1.0|1.0|241.301248589|480.0|-32.0|-32.0|32.0|32.0|416.0|416.0|416.0|416.0
UTNTSkyEdge_tnt03a2_1340_1_terrain_1_1|1340|1|2|146|252|14752.0|-2008.0|14912.0|-1992.0|14831.950248140489|-1999.502481404895|32.0|32.0|32.0|ICEY|XA00TEX|1.0|1.0|0.0|0.0|8|snow|-|SG000989|-|370|1|1|252|XA00TEX|-|1.0|1.0|0.0|0.0|0.0|XA00TEX|-|1.0|1.0|241.301248589|480.0|-32.0|-32.0|32.0|32.0|416.0|416.0|416.0|416.0
UTNTSkyEdge_tnt03a2_1341_0_terrain_1_0|1341|0|2|146|2047|13800.0|-3576.0|13872.0|-3608.0|13835.796930766974|-3592.45690577431|32.0|32.0|32.0|ICEY|XA00TEX|1.0|1.0|246.031694231|480.0|8|snow|-|SG000988|-|369|1|0|2047|XA00TEX|-|1.0|1.0|0.0|0.0|0.0|XA00TEX|-|1.0|1.0|246.031694231|480.0|-32.0|-32.0|32.0|32.0|416.0|416.0|416.0|416.0
UTNTSkyEdge_tnt03a2_1341_0_terrain_1_1|1341|0|2|146|2047|13800.0|-3576.0|13872.0|-3608.0|13836.203069233026|-3591.54309422569|32.0|32.0|32.0|ICEY|XA00TEX|1.0|1.0|0.0|0.0|8|snow|-|SG000991|-|372|1|1|2047|XA00TEX|-|1.0|1.0|0.0|0.0|0.0|XA00TEX|-|1.0|1.0|246.031694231|480.0|-32.0|-32.0|32.0|32.0|416.0|416.0|416.0|416.0
UTNTSkyEdge_tnt03a2_1342_1_terrain_1_0|1342|1|2|146|252|14912.0|-1992.0|15120.0|-1968.0|15016.057312053992|-1980.4967044679356|32.0|32.0|32.0|ICEY|XA00TEX|1.0|1.0|402.099258527|480.0|8|snow|-|SG000988|-|369|1|0|252|XA00TEX|-|1.0|1.0|0.0|0.0|0.0|XA00TEX|-|1.0|1.0|402.099258527|480.0|-32.0|-32.0|32.0|32.0|416.0|416.0|416.0|416.0
UTNTSkyEdge_tnt03a2_1342_1_terrain_1_1|1342|1|2|146|252|14912.0|-1992.0|15120.0|-1968.0|15015.942687946008|-1979.5032955320644|32.0|32.0|32.0|ICEY|XA00TEX|1.0|1.0|0.0|0.0|8|snow|-|SG000989|-|370|1|1|252|XA00TEX|-|1.0|1.0|0.0|0.0|0.0|XA00TEX|-|1.0|1.0|402.099258527|480.0|-32.0|-32.0|32.0|32.0|416.0|416.0|416.0|416.0
UTNTSkyEdge_tnt03a2_1357_0_terrain_1_0|1357|0|2|146|2047|13872.0|-3608.0|13864.0|-3640.0|13867.514928749928|-3623.878732187482|32.0|32.0|32.0|ICEY|XA00TEX|1.0|1.0|324.822556645|480.0|8|snow|-|SG000988|-|369|1|0|2047|XA00TEX|-|1.0|1.0|0.0|0.0|0.0|XA00TEX|-|1.0|1.0|324.822556645|480.0|-32.0|-32.0|32.0|32.0|416.0|416.0|416.0|416.0
UTNTSkyEdge_tnt03a2_1357_0_terrain_1_1|1357|0|2|146|2047|13872.0|-3608.0|13864.0|-3640.0|13868.485071250072|-3624.121267812518|32.0|32.0|32.0|ICEY|XA00TEX|1.0|1.0|0.0|0.0|8|snow|-|SG000991|-|372|1|1|2047|XA00TEX|-|1.0|1.0|0.0|0.0|0.0|XA00TEX|-|1.0|1.0|324.822556645|480.0|-32.0|-32.0|32.0|32.0|416.0|416.0|416.0|416.0
UTNTSkyEdge_tnt03a2_1362_0_terrain_1_0|1362|0|2|146|2047|13864.0|-3640.0|13904.0|-3664.0|13883.742752122287|-3652.4287464628565|32.0|32.0|32.0|ICEY|XA00TEX|1.0|1.0|357.80740165|480.0|8|snow|-|SG000988|-|369|1|0|2047|XA00TEX|-|1.0|1.0|0.0|0.0|0.0|XA00TEX|-|1.0|1.0|357.80740165|480.0|-32.0|-32.0|32.0|32.0|416.0|416.0|416.0|416.0
UTNTSkyEdge_tnt03a2_1362_0_terrain_1_1|1362|0|2|146|2047|13864.0|-3640.0|13904.0|-3664.0|13884.257247877713|-3651.5712535371435|32.0|32.0|32.0|ICEY|XA00TEX|1.0|1.0|0.0|0.0|8|snow|-|SG000991|-|372|1|1|2047|XA00TEX|-|1.0|1.0|0.0|0.0|0.0|XA00TEX|-|1.0|1.0|357.80740165|480.0|-32.0|-32.0|32.0|32.0|416.0|416.0|416.0|416.0
UTNTSkyEdge_tnt03a2_1369_0_terrain_1_0|1369|0|2|258|2047|13904.0|-4072.0|13904.0|-4112.0|13903.5|-4092.0|32.0|32.0|32.0|ICEY|XA00TEX|1.0|1.0|21.0|96.0|8|snow|-|SG000992|-|373|1|0|2047|XA00TEX|-|1.0|1.0|0.0|0.0|0.0|XA00TEX|-|1.0|1.0|21.0|96.0|-32.0|-32.0|32.0|32.0|416.0|416.0|416.0|416.0
UTNTSkyEdge_tnt03a2_1369_0_terrain_1_1|1369|0|2|258|2047|13904.0|-4072.0|13904.0|-4112.0|13904.5|-4092.0|32.0|32.0|32.0|ICEY|XA00TEX|1.0|1.0|0.0|0.0|8|snow|-|SG000991|-|372|1|1|2047|XA00TEX|-|1.0|1.0|0.0|0.0|0.0|XA00TEX|-|1.0|1.0|21.0|96.0|-32.0|-32.0|32.0|32.0|416.0|416.0|416.0|416.0
UTNTSkyEdge_tnt03a2_1370_0_terrain_1_0|1370|0|2|258|2047|13904.0|-4112.0|13880.0|-4128.0|13891.722649901887|-4119.5839748528315|32.0|32.0|32.0|ICEY|XA00TEX|1.0|1.0|61.0|96.0|8|snow|-|SG000992|-|373|1|0|2047|XA00TEX|-|1.0|1.0|0.0|0.0|0.0|XA00TEX|-|1.0|1.0|61.0|96.0|-32.0|-32.0|32.0|32.0|416.0|416.0|416.0|416.0
UTNTSkyEdge_tnt03a2_1370_0_terrain_1_1|1370|0|2|258|2047|13904.0|-4112.0|13880.0|-4128.0|13892.277350098113|-4120.4160251471685|32.0|32.0|32.0|ICEY|XA00TEX|1.0|1.0|0.0|0.0|8|snow|-|SG000991|-|372|1|1|2047|XA00TEX|-|1.0|1.0|0.0|0.0|0.0|XA00TEX|-|1.0|1.0|61.0|96.0|-32.0|-32.0|32.0|32.0|416.0|416.0|416.0|416.0
UTNTSkyEdge_tnt03a2_1383_0_terrain_1_0|1383|0|2|258|2047|13880.0|-4128.0|13864.0|-4176.0|13871.525658350974|-4151.841886116991|32.0|32.0|32.0|ICEY|XA00TEX|1.0|1.0|89.844410204|96.0|8|snow|-|SG000992|-|373|1|0|2047|XA00TEX|-|1.0|1.0|0.0|0.0|0.0|XA00TEX|-|1.0|1.0|89.844410204|96.0|-32.0|-32.0|32.0|32.0|416.0|416.0|416.0|416.0
UTNTSkyEdge_tnt03a2_1383_0_terrain_1_1|1383|0|2|258|2047|13880.0|-4128.0|13864.0|-4176.0|13872.474341649026|-4152.158113883009|32.0|32.0|32.0|ICEY|XA00TEX|1.0|1.0|0.0|0.0|8|snow|-|SG000991|-|372|1|1|2047|XA00TEX|-|1.0|1.0|0.0|0.0|0.0|XA00TEX|-|1.0|1.0|89.844410204|96.0|-32.0|-32.0|32.0|32.0|416.0|416.0|416.0|416.0
UTNTSkyEdge_tnt03a2_1388_1_terrain_1_0|1388|1|2|146|252|15120.0|-1968.0|15240.0|-2008.0|15179.841886116992|-1988.4743416490253|32.0|32.0|32.0|ICEY|XA00TEX|1.0|1.0|99.47929578|480.0|8|snow|-|SG000988|-|369|1|0|252|XA00TEX|-|1.0|1.0|0.0|0.0|0.0|XA00TEX|-|1.0|1.0|99.47929578|480.0|-32.0|-32.0|32.0|32.0|416.0|416.0|416.0|416.0
UTNTSkyEdge_tnt03a2_1388_1_terrain_1_1|1388|1|2|146|252|15120.0|-1968.0|15240.0|-2008.0|15180.158113883008|-1987.5256583509747|32.0|32.0|32.0|ICEY|XA00TEX|1.0|1.0|0.0|0.0|8|snow|-|SG000989|-|370|1|1|252|XA00TEX|-|1.0|1.0|0.0|0.0|0.0|XA00TEX|-|1.0|1.0|99.47929578|480.0|-32.0|-32.0|32.0|32.0|416.0|416.0|416.0|416.0
UTNTSkyEdge_tnt03a2_1389_0_terrain_1_0|1389|0|2|258|2047|13864.0|-4176.0|13808.0|-4232.0|13835.646446609408|-4203.646446609407|32.0|32.0|32.0|ICEY|XA00TEX|1.0|1.0|140.440852766|96.0|8|snow|-|SG000992|-|373|1|0|2047|XA00TEX|-|1.0|1.0|0.0|0.0|0.0|XA00TEX|-|1.0|1.0|140.440852766|96.0|-32.0|-32.0|32.0|32.0|416.0|416.0|416.0|416.0
UTNTSkyEdge_tnt03a2_1389_0_terrain_1_1|1389|0|2|258|2047|13864.0|-4176.0|13808.0|-4232.0|13836.353553390592|-4204.353553390593|32.0|32.0|32.0|ICEY|XA00TEX|1.0|1.0|0.0|0.0|8|snow|-|SG000991|-|372|1|1|2047|XA00TEX|-|1.0|1.0|0.0|0.0|0.0|XA00TEX|-|1.0|1.0|140.440852766|96.0|-32.0|-32.0|32.0|32.0|416.0|416.0|416.0|416.0
UTNTSkyEdge_tnt03a2_1401_1_terrain_1_0|1401|1|2|146|252|15240.0|-2008.0|15376.0|-1984.0|15308.086892666954|-1996.492391779409|32.0|32.0|32.0|ICEY|XA00TEX|1.0|1.0|225.970402186|480.0|8|snow|-|SG000988|-|369|1|0|252|XA00TEX|-|1.0|1.0|0.0|0.0|0.0|XA00TEX|-|1.0|1.0|225.970402186|480.0|-32.0|-32.0|32.0|32.0|416.0|416.0|416.0|416.0
UTNTSkyEdge_tnt03a2_1401_1_terrain_1_1|1401|1|2|146|252|15240.0|-2008.0|15376.0|-1984.0|15307.913107333046|-1995.507608220591|32.0|32.0|32.0|ICEY|XA00TEX|1.0|1.0|0.0|0.0|8|snow|-|SG000989|-|370|1|1|252|XA00TEX|-|1.0|1.0|0.0|0.0|0.0|XA00TEX|-|1.0|1.0|225.970402186|480.0|-32.0|-32.0|32.0|32.0|416.0|416.0|416.0|416.0
UTNTSkyEdge_tnt03a2_1452_0_terrain_1_0|1452|0|2|258|2047|13808.0|-4232.0|13784.0|-4280.0|13795.5527864045|-4255.77639320225|32.0|32.0|32.0|ICEY|XA00TEX|1.0|1.0|219.636812259|96.0|8|snow|-|SG000992|-|373|1|0|2047|XA00TEX|-|1.0|1.0|0.0|0.0|0.0|XA00TEX|-|1.0|1.0|219.636812259|96.0|-32.0|-32.0|32.0|32.0|416.0|416.0|416.0|416.0
UTNTSkyEdge_tnt03a2_1452_0_terrain_1_1|1452|0|2|258|2047|13808.0|-4232.0|13784.0|-4280.0|13796.4472135955|-4256.22360679775|32.0|32.0|32.0|ICEY|XA00TEX|1.0|1.0|0.0|0.0|8|snow|-|SG000991|-|372|1|1|2047|XA00TEX|-|1.0|1.0|0.0|0.0|0.0|XA00TEX|-|1.0|1.0|219.636812259|96.0|-32.0|-32.0|32.0|32.0|416.0|416.0|416.0|416.0
UTNTSkyEdge_tnt03a2_1458_1_terrain_1_0|1458|1|2|146|252|15376.0|-1984.0|15376.0|-2184.0|15375.5|-2084.0|32.0|32.0|32.0|ICEY|XA00TEX|1.0|1.0|364.071814199|480.0|8|snow|-|SG000988|-|369|1|0|252|XA00TEX|-|1.0|1.0|0.0|0.0|0.0|XA00TEX|-|1.0|1.0|364.071814199|480.0|-32.0|-32.0|32.0|32.0|416.0|416.0|416.0|416.0
UTNTSkyEdge_tnt03a2_1458_1_terrain_1_1|1458|1|2|146|252|15376.0|-1984.0|15376.0|-2184.0|15376.5|-2084.0|32.0|32.0|32.0|ICEY|XA00TEX|1.0|1.0|0.0|0.0|8|snow|-|SG000989|-|370|1|1|252|XA00TEX|-|1.0|1.0|0.0|0.0|0.0|XA00TEX|-|1.0|1.0|364.071814199|480.0|-32.0|-32.0|32.0|32.0|416.0|416.0|416.0|416.0
UTNTSkyEdge_tnt03a2_1484_1_terrain_1_0|1484|1|2|146|252|15376.0|-2184.0|15320.0|-2384.0|15347.518517990144|-2283.86518503724|32.0|32.0|32.0|ICEY|XA00TEX|1.0|1.0|52.071814199|480.0|8|snow|-|SG000988|-|369|1|0|252|XA00TEX|-|1.0|1.0|0.0|0.0|0.0|XA00TEX|-|1.0|1.0|52.071814199|480.0|-32.0|-32.0|32.0|32.0|416.0|416.0|416.0|416.0
UTNTSkyEdge_tnt03a2_1484_1_terrain_1_1|1484|1|2|146|252|15376.0|-2184.0|15320.0|-2384.0|15348.481482009856|-2284.13481496276|32.0|32.0|32.0|ICEY|XA00TEX|1.0|1.0|0.0|0.0|8|snow|-|SG000989|-|370|1|1|252|XA00TEX|-|1.0|1.0|0.0|0.0|0.0|XA00TEX|-|1.0|1.0|52.071814199|480.0|-32.0|-32.0|32.0|32.0|416.0|416.0|416.0|416.0
UTNTSkyEdge_tnt03a2_1501_0_terrain_1_0|1501|0|2|258|2047|13784.0|-4280.0|13712.0|-4296.0|13747.89153477109|-4287.511906469908|32.0|32.0|32.0|ICEY|XA00TEX|1.0|1.0|273.302443719|96.0|8|snow|-|SG000992|-|373|1|0|2047|XA00TEX|-|1.0|1.0|0.0|0.0|0.0|XA00TEX|-|1.0|1.0|273.302443719|96.0|-32.0|-32.0|32.0|32.0|416.0|416.0|416.0|416.0
UTNTSkyEdge_tnt03a2_1501_0_terrain_1_1|1501|0|2|258|2047|13784.0|-4280.0|13712.0|-4296.0|13748.10846522891|-4288.488093530092|32.0|32.0|32.0|ICEY|XA00TEX|1.0|1.0|0.0|0.0|8|snow|-|SG000991|-|372|1|1|2047|XA00TEX|-|1.0|1.0|0.0|0.0|0.0|XA00TEX|-|1.0|1.0|273.302443719|96.0|-32.0|-32.0|32.0|32.0|416.0|416.0|416.0|416.0
UTNTSkyEdge_tnt03a2_1519_0_terrain_1_0|1519|0|2|258|2047|13712.0|-4296.0|13664.0|-4312.0|13687.841886116992|-4303.5256583509745|32.0|32.0|32.0|ICEY|XA00TEX|1.0|1.0|347.058799378|96.0|8|snow|-|SG000992|-|373|1|0|2047|XA00TEX|-|1.0|1.0|0.0|0.0|0.0|XA00TEX|-|1.0|1.0|347.058799378|96.0|-32.0|-32.0|32.0|32.0|416.0|416.0|416.0|416.0
UTNTSkyEdge_tnt03a2_1519_0_terrain_1_1|1519|0|2|258|2047|13712.0|-4296.0|13664.0|-4312.0|13688.158113883008|-4304.4743416490255|32.0|32.0|32.0|ICEY|XA00TEX|1.0|1.0|0.0|0.0|8|snow|-|SG000991|-|372|1|1|2047|XA00TEX|-|1.0|1.0|0.0|0.0|0.0|XA00TEX|-|1.0|1.0|347.058799378|96.0|-32.0|-32.0|32.0|32.0|416.0|416.0|416.0|416.0
UTNTSkyEdge_tnt03a2_1527_0_terrain_1_0|1527|0|2|258|2047|13664.0|-4312.0|13584.0|-4304.0|13624.049751859511|-4307.502481404895|32.0|32.0|32.0|ICEY|XA00TEX|1.0|1.0|397.65524194|96.0|8|snow|-|SG000992|-|373|1|0|2047|XA00TEX|-|1.0|1.0|0.0|0.0|0.0|XA00TEX|-|1.0|1.0|397.65524194|96.0|-32.0|-32.0|32.0|32.0|416.0|416.0|416.0|416.0
UTNTSkyEdge_tnt03a2_1527_0_terrain_1_1|1527|0|2|258|2047|13664.0|-4312.0|13584.0|-4304.0|13623.950248140489|-4308.497518595105|32.0|32.0|32.0|ICEY|XA00TEX|1.0|1.0|0.0|0.0|8|snow|-|SG000991|-|372|1|1|2047|XA00TEX|-|1.0|1.0|0.0|0.0|0.0|XA00TEX|-|1.0|1.0|397.65524194|96.0|-32.0|-32.0|32.0|32.0|416.0|416.0|416.0|416.0
UTNTSkyEdge_tnt03a2_1535_0_terrain_1_0|1535|0|2|258|2047|13584.0|-4304.0|13472.0|-4312.0|13527.964376475005|-4307.501270650085|32.0|32.0|32.0|ICEY|XA00TEX|1.0|1.0|478.054246909|96.0|8|snow|-|SG000992|-|373|1|0|2047|XA00TEX|-|1.0|1.0|0.0|0.0|0.0|XA00TEX|-|1.0|1.0|478.054246909|96.0|-32.0|-32.0|32.0|32.0|416.0|416.0|416.0|416.0
UTNTSkyEdge_tnt03a2_1535_0_terrain_1_1|1535|0|2|258|2047|13584.0|-4304.0|13472.0|-4312.0|13528.035623524995|-4308.498729349915|32.0|32.0|32.0|ICEY|XA00TEX|1.0|1.0|0.0|0.0|8|snow|-|SG000991|-|372|1|1|2047|XA00TEX|-|1.0|1.0|0.0|0.0|0.0|XA00TEX|-|1.0|1.0|478.054246909|96.0|-32.0|-32.0|32.0|32.0|416.0|416.0|416.0|416.0
UTNTSkyEdge_tnt03a2_1536_0_terrain_1_0|1536|0|2|258|2047|13472.0|-4312.0|13424.0|-4296.0|13448.158113883008|-4303.5256583509745|32.0|32.0|32.0|ICEY|XA00TEX|1.0|1.0|78.33959769|96.0|8|snow|-|SG000992|-|373|1|0|2047|XA00TEX|-|1.0|1.0|0.0|0.0|0.0|XA00TEX|-|1.0|1.0|78.33959769|96.0|-32.0|-32.0|32.0|32.0|416.0|416.0|416.0|416.0
UTNTSkyEdge_tnt03a2_1536_0_terrain_1_1|1536|0|2|258|2047|13472.0|-4312.0|13424.0|-4296.0|13447.841886116992|-4304.4743416490255|32.0|32.0|32.0|ICEY|XA00TEX|1.0|1.0|0.0|0.0|8|snow|-|SG000991|-|372|1|1|2047|XA00TEX|-|1.0|1.0|0.0|0.0|0.0|XA00TEX|-|1.0|1.0|78.33959769|96.0|-32.0|-32.0|32.0|32.0|416.0|416.0|416.0|416.0
UTNTSkyEdge_tnt03a2_1537_0_terrain_1_0|1537|0|2|258|2047|13424.0|-4296.0|13400.0|-4320.0|13411.646446609408|-4307.646446609407|32.0|32.0|32.0|ICEY|XA00TEX|1.0|1.0|128.936040253|96.0|8|snow|-|SG000992|-|373|1|0|2047|XA00TEX|-|1.0|1.0|0.0|0.0|0.0|XA00TEX|-|1.0|1.0|128.936040253|96.0|-32.0|-32.0|32.0|32.0|416.0|416.0|416.0|416.0
UTNTSkyEdge_tnt03a2_1537_0_terrain_1_1|1537|0|2|258|2047|13424.0|-4296.0|13400.0|-4320.0|13412.353553390592|-4308.353553390593|32.0|32.0|32.0|ICEY|XA00TEX|1.0|1.0|0.0|0.0|8|snow|-|SG000991|-|372|1|1|2047|XA00TEX|-|1.0|1.0|0.0|0.0|0.0|XA00TEX|-|1.0|1.0|128.936040253|96.0|-32.0|-32.0|32.0|32.0|416.0|416.0|416.0|416.0
UTNTSkyEdge_tnt03a2_1538_0_terrain_1_0|1538|0|2|258|2047|13400.0|-4320.0|13388.0|-4356.0|13393.525658350974|-4337.841886116991|32.0|32.0|32.0|ICEY|XA00TEX|1.0|1.0|162.87716575|96.0|8|snow|-|SG000992|-|373|1|0|2047|XA00TEX|-|1.0|1.0|0.0|0.0|0.0|XA00TEX|-|1.0|1.0|162.87716575|96.0|-32.0|-32.0|32.0|32.0|416.0|416.0|416.0|416.0
UTNTSkyEdge_tnt03a2_1538_0_terrain_1_1|1538|0|2|258|2047|13400.0|-4320.0|13388.0|-4356.0|13394.474341649026|-4338.158113883009|32.0|32.0|32.0|ICEY|XA00TEX|1.0|1.0|0.0|0.0|8|snow|-|SG000991|-|372|1|1|2047|XA00TEX|-|1.0|1.0|0.0|0.0|0.0|XA00TEX|-|1.0|1.0|162.87716575|96.0|-32.0|-32.0|32.0|32.0|416.0|416.0|416.0|416.0
UTNTSkyEdge_tnt03a2_1544_0_terrain_1_0|1544|0|2|258|2047|13388.0|-4356.0|13232.0|-4184.0|13310.37035951737|-4269.664092530757|32.0|32.0|32.0|ICEY|XA00TEX|1.0|1.0|200.824497672|96.0|8|snow|-|SG000992|-|373|1|0|2047|XA00TEX|-|1.0|1.0|0.0|0.0|0.0|XA00TEX|-|1.0|1.0|200.824497672|96.0|-32.0|-32.0|32.0|32.0|416.0|416.0|416.0|416.0
UTNTSkyEdge_tnt03a2_1544_0_terrain_1_1|1544|0|2|258|2047|13388.0|-4356.0|13232.0|-4184.0|13309.62964048263|-4270.335907469243|32.0|32.0|32.0|ICEY|XA00TEX|1.0|1.0|0.0|0.0|8|snow|-|SG000991|-|372|1|1|2047|XA00TEX|-|1.0|1.0|0.0|0.0|0.0|XA00TEX|-|1.0|1.0|200.824497672|96.0|-32.0|-32.0|32.0|32.0|416.0|416.0|416.0|416.0
UTNTSkyEdge_tnt03a2_1548_0_terrain_1_0|1548|0|2|258|2047|13232.0|-4184.0|13264.0|-3896.0|13248.496941867337|-4040.0552157630373|32.0|32.0|32.0|ICEY|XA00TEX|1.0|1.0|433.031302051|96.0|8|snow|-|SG000992|-|373|1|0|2047|XA00TEX|-|1.0|1.0|0.0|0.0|0.0|XA00TEX|-|1.0|1.0|433.031302051|96.0|-32.0|-32.0|32.0|32.0|416.0|416.0|416.0|416.0
UTNTSkyEdge_tnt03a2_1548_0_terrain_1_1|1548|0|2|258|2047|13232.0|-4184.0|13264.0|-3896.0|13247.503058132663|-4039.9447842369627|32.0|32.0|32.0|ICEY|XA00TEX|1.0|1.0|0.0|0.0|8|snow|-|SG000991|-|372|1|1|2047|XA00TEX|-|1.0|1.0|0.0|0.0|0.0|XA00TEX|-|1.0|1.0|433.031302051|96.0|-32.0|-32.0|32.0|32.0|416.0|416.0|416.0|416.0
UTNTSkyEdge_tnt03a2_1550_0_terrain_1_0|1550|0|2|259|2047|13264.0|-3896.0|13136.0|-3672.0|13200.434121571063|-3783.7519305308215|32.0|32.0|32.0|ICEY|XA00TEX|1.0|1.0|83.0|480.0|6.4|snow|-|SG001000|-|374|1|0|2047|XA00TEX|-|1.0|1.0|0.0|0.0|0.0|XA00TEX|-|1.0|1.0|83.0|480.0|-8.0|-8.0|32.0|32.0|416.0|416.0|416.0|416.0
UTNTSkyEdge_tnt03a2_1550_0_terrain_1_1|1550|0|2|259|2047|13264.0|-3896.0|13136.0|-3672.0|13199.565878428937|-3784.2480694691785|32.0|32.0|32.0|ICEY|XA00TEX|1.0|1.0|0.0|0.0|6.4|snow|-|SG000991|-|372|1|1|2047|XA00TEX|-|1.0|1.0|0.0|0.0|0.0|XA00TEX|-|1.0|1.0|83.0|480.0|-8.0|-8.0|32.0|32.0|416.0|416.0|416.0|416.0
UTNTSkyEdge_tnt03a2_1553_0_terrain_1_0|1553|0|2|146|2047|13136.0|-3672.0|13264.0|-3448.0|13200.434121571063|-3560.2480694691785|32.0|32.0|32.0|ICEY|XA00TEX|1.0|1.0|85.0|480.0|8|snow|-|SG000988|-|369|1|0|2047|XA00TEX|-|1.0|1.0|0.0|0.0|0.0|XA00TEX|-|1.0|1.0|85.0|480.0|-32.0|-32.0|32.0|32.0|416.0|416.0|416.0|416.0
UTNTSkyEdge_tnt03a2_1553_0_terrain_1_1|1553|0|2|146|2047|13136.0|-3672.0|13264.0|-3448.0|13199.565878428937|-3559.7519305308215|32.0|32.0|32.0|ICEY|XA00TEX|1.0|1.0|0.0|0.0|8|snow|-|SG000991|-|372|1|1|2047|XA00TEX|-|1.0|1.0|0.0|0.0|0.0|XA00TEX|-|1.0|1.0|85.0|480.0|-32.0|-32.0|32.0|32.0|416.0|416.0|416.0|416.0
UTNTSkyEdge_tnt03a2_1556_0_terrain_1_0|1556|0|2|146|2047|13264.0|-3448.0|13360.0|-3320.0|13312.4|-3384.3|32.0|32.0|32.0|ICEY|XA00TEX|1.0|1.0|342.992247946|480.0|8|snow|-|SG000988|-|369|1|0|2047|XA00TEX|-|1.0|1.0|0.0|0.0|0.0|XA00TEX|-|1.0|1.0|342.992247946|480.0|-32.0|-32.0|32.0|32.0|416.0|416.0|416.0|416.0
UTNTSkyEdge_tnt03a2_1556_0_terrain_1_1|1556|0|2|146|2047|13264.0|-3448.0|13360.0|-3320.0|13311.6|-3383.7|32.0|32.0|32.0|ICEY|XA00TEX|1.0|1.0|0.0|0.0|8|snow|-|SG000991|-|372|1|1|2047|XA00TEX|-|1.0|1.0|0.0|0.0|0.0|XA00TEX|-|1.0|1.0|342.992247946|480.0|-32.0|-32.0|32.0|32.0|416.0|416.0|416.0|416.0
UTNTSkyEdge_tnt03a2_1557_0_terrain_1_0|1557|0|2|146|2047|13360.0|-3320.0|13240.0|-3080.0|13300.4472135955|-3199.77639320225|32.0|32.0|32.0|ICEY|XA00TEX|1.0|1.0|502.992247946|480.0|8|snow|-|SG000988|-|369|1|0|2047|XA00TEX|-|1.0|1.0|0.0|0.0|0.0|XA00TEX|-|1.0|1.0|502.992247946|480.0|-32.0|-32.0|32.0|32.0|416.0|416.0|416.0|416.0
UTNTSkyEdge_tnt03a2_1557_0_terrain_1_1|1557|0|2|146|2047|13360.0|-3320.0|13240.0|-3080.0|13299.5527864045|-3200.22360679775|32.0|32.0|32.0|ICEY|XA00TEX|1.0|1.0|0.0|0.0|8|snow|-|SG000991|-|372|1|1|2047|XA00TEX|-|1.0|1.0|0.0|0.0|0.0|XA00TEX|-|1.0|1.0|502.992247946|480.0|-32.0|-32.0|32.0|32.0|416.0|416.0|416.0|416.0
UTNTSkyEdge_tnt03a2_1574_1_terrain_1_0|1574|1|2|146|252|15320.0|-2384.0|15368.0|-2608.0|15343.511098792962|-2496.1047645443655|32.0|32.0|32.0|ICEY|XA00TEX|1.0|1.0|259.763893971|480.0|8|snow|-|SG000988|-|369|1|0|252|XA00TEX|-|1.0|1.0|0.0|0.0|0.0|XA00TEX|-|1.0|1.0|259.763893971|480.0|-32.0|-32.0|32.0|32.0|416.0|416.0|416.0|416.0
UTNTSkyEdge_tnt03a2_1574_1_terrain_1_1|1574|1|2|146|252|15320.0|-2384.0|15368.0|-2608.0|15344.488901207038|-2495.8952354556345|32.0|32.0|32.0|ICEY|XA00TEX|1.0|1.0|0.0|0.0|8|snow|-|SG000989|-|370|1|1|252|XA00TEX|-|1.0|1.0|0.0|0.0|0.0|XA00TEX|-|1.0|1.0|259.763893971|480.0|-32.0|-32.0|32.0|32.0|416.0|416.0|416.0|416.0
UTNTSkyEdge_tnt03a2_1575_1_terrain_1_0|1575|1|2|146|252|15368.0|-2608.0|15304.0|-2720.0|15335.565878428937|-2663.7519305308215|32.0|32.0|32.0|ICEY|XA00TEX|1.0|1.0|488.849030984|480.0|8|snow|-|SG000988|-|369|1|0|252|XA00TEX|-|1.0|1.0|0.0|0.0|0.0|XA00TEX|-|1.0|1.0|488.849030984|480.0|-32.0|-32.0|32.0|32.0|416.0|416.0|416.0|416.0
UTNTSkyEdge_tnt03a2_1575_1_terrain_1_1|1575|1|2|146|252|15368.0|-2608.0|15304.0|-2720.0|15336.434121571063|-2664.2480694691785|32.0|32.0|32.0|ICEY|XA00TEX|1.0|1.0|0.0|0.0|8|snow|-|SG000989|-|370|1|1|252|XA00TEX|-|1.0|1.0|0.0|0.0|0.0|XA00TEX|-|1.0|1.0|488.849030984|480.0|-32.0|-32.0|32.0|32.0|416.0|416.0|416.0|416.0
UTNTSkyEdge_tnt03a2_1584_0_terrain_1_0|1584|0|2|146|2047|13456.0|-2744.0|13232.0|-2328.0|13344.44023554996|-2535.7629500884823|32.0|32.0|32.0|ICEY|XA00TEX|1.0|1.0|37.0|480.0|8|snow|-|SG000988|-|369|1|0|2047|XA00TEX|-|1.0|1.0|0.0|0.0|0.0|XA00TEX|-|1.0|1.0|37.0|480.0|-32.0|-32.0|32.0|32.0|416.0|416.0|416.0|416.0
UTNTSkyEdge_tnt03a2_1584_0_terrain_1_1|1584|0|2|146|2047|13456.0|-2744.0|13232.0|-2328.0|13343.55976445004|-2536.2370499115177|32.0|32.0|32.0|ICEY|XA00TEX|1.0|1.0|0.0|0.0|8|snow|-|SG000991|-|372|1|1|2047|XA00TEX|-|1.0|1.0|0.0|0.0|0.0|XA00TEX|-|1.0|1.0|37.0|480.0|-32.0|-32.0|32.0|32.0|416.0|416.0|416.0|416.0
UTNTSkyEdge_tnt03a2_1589_0_terrain_1_0|1589|0|2|146|2047|13232.0|-2328.0|13360.0|-2168.0|13296.390434404722|-2248.312347523777|32.0|32.0|32.0|ICEY|XA00TEX|1.0|1.0|509.474337927|480.0|8|snow|-|SG000988|-|369|1|0|2047|XA00TEX|-|1.0|1.0|0.0|0.0|0.0|XA00TEX|-|1.0|1.0|509.474337927|480.0|-32.0|-32.0|32.0|32.0|416.0|416.0|416.0|416.0
UTNTSkyEdge_tnt03a2_1589_0_terrain_1_1|1589|0|2|146|2047|13232.0|-2328.0|13360.0|-2168.0|13295.609565595278|-2247.687652476223|32.0|32.0|32.0|ICEY|XA00TEX|1.0|1.0|0.0|0.0|8|snow|-|SG000991|-|372|1|1|2047|XA00TEX|-|1.0|1.0|0.0|0.0|0.0|XA00TEX|-|1.0|1.0|509.474337927|480.0|-32.0|-32.0|32.0|32.0|416.0|416.0|416.0|416.0
UTNTSkyEdge_tnt03a2_1592_0_terrain_1_0|1592|0|2|146|2047|13360.0|-2168.0|13072.0|-1968.0|13216.285197904748|-2067.5893150171632|32.0|32.0|32.0|ICEY|XA00TEX|1.0|1.0|202.374313525|480.0|8|snow|-|SG000988|-|369|1|0|2047|XA00TEX|-|1.0|1.0|0.0|0.0|0.0|XA00TEX|-|1.0|1.0|202.374313525|480.0|-32.0|-32.0|32.0|32.0|416.0|416.0|416.0|416.0
UTNTSkyEdge_tnt03a2_1592_0_terrain_1_1|1592|0|2|146|2047|13360.0|-2168.0|13072.0|-1968.0|13215.714802095252|-2068.4106849828368|32.0|32.0|32.0|ICEY|XA00TEX|1.0|1.0|0.0|0.0|8|snow|-|SG000991|-|372|1|1|2047|XA00TEX|-|1.0|1.0|0.0|0.0|0.0|XA00TEX|-|1.0|1.0|202.374313525|480.0|-32.0|-32.0|32.0|32.0|416.0|416.0|416.0|416.0
UTNTSkyEdge_tnt03a2_1627_0_terrain_1_0|1627|0|2|146|2047|15280.0|-4264.0|15088.0|-4344.0|15183.807692307691|-4303.538461538462|32.0|32.0|32.0|ICEY|XA00TEX|1.0|1.0|26.0|480.0|8|snow|-|SG000988|-|369|1|0|2047|XA00TEX|-|1.0|1.0|0.0|0.0|0.0|XA00TEX|-|1.0|1.0|26.0|480.0|-32.0|-32.0|32.0|32.0|416.0|416.0|416.0|416.0
UTNTSkyEdge_tnt03a2_1627_0_terrain_1_1|1627|0|2|146|2047|15280.0|-4264.0|15088.0|-4344.0|15184.192307692309|-4304.461538461538|32.0|32.0|32.0|ICEY|XA00TEX|1.0|1.0|0.0|0.0|8|snow|-|SG000991|-|372|1|1|2047|XA00TEX|-|1.0|1.0|0.0|0.0|0.0|XA00TEX|-|1.0|1.0|26.0|480.0|-32.0|-32.0|32.0|32.0|416.0|416.0|416.0|416.0
UTNTSkyEdge_tnt03a2_1630_0_terrain_1_0|1630|0|2|146|2047|15088.0|-4344.0|14928.0|-4264.0|15008.22360679775|-4303.5527864045|32.0|32.0|32.0|ICEY|XA00TEX|1.0|1.0|234.0|480.0|8|snow|-|SG000988|-|369|1|0|2047|XA00TEX|-|1.0|1.0|0.0|0.0|0.0|XA00TEX|-|1.0|1.0|234.0|480.0|-32.0|-32.0|32.0|32.0|416.0|416.0|416.0|416.0
UTNTSkyEdge_tnt03a2_1630_0_terrain_1_1|1630|0|2|146|2047|15088.0|-4344.0|14928.0|-4264.0|15007.77639320225|-4304.4472135955|32.0|32.0|32.0|ICEY|XA00TEX|1.0|1.0|0.0|0.0|8|snow|-|SG000991|-|372|1|1|2047|XA00TEX|-|1.0|1.0|0.0|0.0|0.0|XA00TEX|-|1.0|1.0|234.0|480.0|-32.0|-32.0|32.0|32.0|416.0|416.0|416.0|416.0
UTNTSkyEdge_tnt03a2_1637_0_terrain_1_0|1637|0|2|146|2047|14928.0|-4264.0|14832.0|-4408.0|14879.58397485283|-4335.722649901887|32.0|32.0|32.0|ICEY|XA00TEX|1.0|1.0|412.8854382|480.0|8|snow|-|SG000988|-|369|1|0|2047|XA00TEX|-|1.0|1.0|0.0|0.0|0.0|XA00TEX|-|1.0|1.0|412.8854382|480.0|-32.0|-32.0|32.0|32.0|416.0|416.0|416.0|416.0
UTNTSkyEdge_tnt03a2_1637_0_terrain_1_1|1637|0|2|146|2047|14928.0|-4264.0|14832.0|-4408.0|14880.41602514717|-4336.277350098113|32.0|32.0|32.0|ICEY|XA00TEX|1.0|1.0|0.0|0.0|8|snow|-|SG000991|-|372|1|1|2047|XA00TEX|-|1.0|1.0|0.0|0.0|0.0|XA00TEX|-|1.0|1.0|412.8854382|480.0|-32.0|-32.0|32.0|32.0|416.0|416.0|416.0|416.0
UTNTSkyEdge_tnt03a2_1641_1_terrain_1_0|1641|1|2|146|259|13704.0|-3720.0|13592.0|-3664.0|13648.22360679775|-3691.5527864045002|-8.0|-8.0|-8.0|ICEY|XA00TEX|1.0|1.0|242.924477328|520.0|3.84|snow|-|SG000988|-|369|1|0|259|XA00TEX|-|1.0|1.0|0.0|0.0|0.0|XA00TEX|-|1.0|1.0|242.924477328|520.0|-32.0|-32.0|-8.0|-8.0|416.0|416.0|416.0|416.0
UTNTSkyEdge_tnt03a2_1641_1_terrain_1_1|1641|1|2|146|259|13704.0|-3720.0|13592.0|-3664.0|13647.77639320225|-3692.4472135954998|-8.0|-8.0|-8.0|ICEY|XA00TEX|1.0|1.0|0.0|0.0|3.84|snow|-|SG000993|-|374|1|1|259|XA00TEX|-|1.0|1.0|0.0|0.0|0.0|XA00TEX|-|1.0|1.0|242.924477328|520.0|-32.0|-32.0|-8.0|-8.0|416.0|416.0|416.0|416.0
UTNTSkyEdge_tnt03a2_1645_1_terrain_1_0|1645|1|2|146|252|15304.0|-2720.0|15376.0|-3104.0|15339.508563906533|-2912.092144267525|32.0|32.0|32.0|ICEY|XA00TEX|1.0|1.0|105.845154957|480.0|8|snow|-|SG000988|-|369|1|0|252|XA00TEX|-|1.0|1.0|0.0|0.0|0.0|XA00TEX|-|1.0|1.0|105.845154957|480.0|-32.0|-32.0|32.0|32.0|416.0|416.0|416.0|416.0
UTNTSkyEdge_tnt03a2_1645_1_terrain_1_1|1645|1|2|146|252|15304.0|-2720.0|15376.0|-3104.0|15340.491436093467|-2911.907855732475|32.0|32.0|32.0|ICEY|XA00TEX|1.0|1.0|0.0|0.0|8|snow|-|SG000989|-|370|1|1|252|XA00TEX|-|1.0|1.0|0.0|0.0|0.0|XA00TEX|-|1.0|1.0|105.845154957|480.0|-32.0|-32.0|32.0|32.0|416.0|416.0|416.0|416.0
UTNTSkyEdge_tnt03a2_1666_1_terrain_1_0|1666|1|2|146|261|14864.0|-3384.0|14928.0|-3320.0|14896.353553390592|-3352.3535533905933|8.0|8.0|8.0|ICEY|XA00TEX|1.0|1.0|71.55417528|504.0|6.4|snow|-|SG000988|-|369|1|0|261|XA00TEX|-|1.0|1.0|0.0|0.0|0.0|XA00TEX|-|1.0|1.0|71.55417528|504.0|-32.0|-32.0|8.0|8.0|416.0|416.0|416.0|416.0
UTNTSkyEdge_tnt03a2_1666_1_terrain_1_1|1666|1|2|146|261|14864.0|-3384.0|14928.0|-3320.0|14895.646446609408|-3351.6464466094067|8.0|8.0|8.0|ICEY|XA00TEX|1.0|1.0|0.0|0.0|6.4|snow|-|SG000995|-|376|1|1|261|XA00TEX|-|1.0|1.0|0.0|0.0|0.0|XA00TEX|-|1.0|1.0|71.55417528|504.0|-32.0|-32.0|8.0|8.0|416.0|416.0|416.0|416.0
UTNTSkyEdge_tnt03a2_1690_0_terrain_1_0|1690|0|2|146|2047|14304.0|-4096.0|14232.0|-3984.0|14268.420589237689|-4039.7296212043434|32.0|32.0|32.0|ICEY|XA00TEX|1.0|1.0|486.194102199|480.0|8|snow|-|SG000988|-|369|1|0|2047|XA00TEX|-|1.0|1.0|0.0|0.0|0.0|XA00TEX|-|1.0|1.0|486.194102199|480.0|-32.0|-32.0|32.0|32.0|416.0|416.0|416.0|416.0
UTNTSkyEdge_tnt03a2_1690_0_terrain_1_1|1690|0|2|146|2047|14304.0|-4096.0|14232.0|-3984.0|14267.579410762311|-4040.2703787956566|32.0|32.0|32.0|ICEY|XA00TEX|1.0|1.0|0.0|0.0|8|snow|-|SG000991|-|372|1|1|2047|XA00TEX|-|1.0|1.0|0.0|0.0|0.0|XA00TEX|-|1.0|1.0|486.194102199|480.0|-32.0|-32.0|32.0|32.0|416.0|416.0|416.0|416.0
UTNTSkyEdge_tnt03a2_1801_1_terrain_1_0|1801|1|2|146|259|13496.0|-3704.0|13368.0|-3704.0|13432.0|-3703.5|-8.0|-8.0|-8.0|ICEY|XA00TEX|1.0|1.0|472.144284068|520.0|3.84|snow|-|SG000988|-|369|1|0|259|XA00TEX|-|1.0|1.0|0.0|0.0|0.0|XA00TEX|-|1.0|1.0|472.144284068|520.0|-32.0|-32.0|-8.0|-8.0|416.0|416.0|416.0|416.0
UTNTSkyEdge_tnt03a2_1801_1_terrain_1_1|1801|1|2|146|259|13496.0|-3704.0|13368.0|-3704.0|13432.0|-3704.5|-8.0|-8.0|-8.0|ICEY|XA00TEX|1.0|1.0|0.0|0.0|3.84|snow|-|SG000993|-|374|1|1|259|XA00TEX|-|1.0|1.0|0.0|0.0|0.0|XA00TEX|-|1.0|1.0|472.144284068|520.0|-32.0|-32.0|-8.0|-8.0|416.0|416.0|416.0|416.0
UTNTSkyEdge_tnt03a2_1804_1_terrain_1_0|1804|1|2|146|252|15376.0|-3104.0|15328.0|-3224.0|15351.535761654557|-3163.814304661823|32.0|32.0|32.0|ICEY|XA00TEX|1.0|1.0|496.536849263|480.0|8|snow|-|SG000988|-|369|1|0|252|XA00TEX|-|1.0|1.0|0.0|0.0|0.0|XA00TEX|-|1.0|1.0|496.536849263|480.0|-32.0|-32.0|32.0|32.0|416.0|416.0|416.0|416.0
UTNTSkyEdge_tnt03a2_1804_1_terrain_1_1|1804|1|2|146|252|15376.0|-3104.0|15328.0|-3224.0|15352.464238345443|-3164.185695338177|32.0|32.0|32.0|ICEY|XA00TEX|1.0|1.0|0.0|0.0|8|snow|-|SG000989|-|370|1|1|252|XA00TEX|-|1.0|1.0|0.0|0.0|0.0|XA00TEX|-|1.0|1.0|496.536849263|480.0|-32.0|-32.0|32.0|32.0|416.0|416.0|416.0|416.0
UTNTSkyEdge_tnt03a2_1825_1_terrain_1_0|1825|1|2|146|252|15392.0|-3808.0|15344.0|-3944.0|15367.528504833208|-3875.8335899411322|32.0|32.0|32.0|ICEY|XA00TEX|1.0|1.0|212.411437458|480.0|8|snow|-|SG000988|-|369|1|0|252|XA00TEX|-|1.0|1.0|0.0|0.0|0.0|XA00TEX|-|1.0|1.0|212.411437458|480.0|-32.0|-32.0|32.0|32.0|416.0|416.0|416.0|416.0
UTNTSkyEdge_tnt03a2_1825_1_terrain_1_1|1825|1|2|146|252|15392.0|-3808.0|15344.0|-3944.0|15368.471495166792|-3876.1664100588678|32.0|32.0|32.0|ICEY|XA00TEX|1.0|1.0|0.0|0.0|8|snow|-|SG000989|-|370|1|1|252|XA00TEX|-|1.0|1.0|0.0|0.0|0.0|XA00TEX|-|1.0|1.0|212.411437458|480.0|-32.0|-32.0|32.0|32.0|416.0|416.0|416.0|416.0
UTNTSkyEdge_tnt03a2_1828_1_terrain_1_0|1828|1|2|146|252|15392.0|-3472.0|15336.0|-3664.0|15363.52|-3567.86|32.0|32.0|32.0|ICEY|XA00TEX|1.0|1.0|369.905774132|480.0|8|snow|-|SG000988|-|369|1|0|252|XA00TEX|-|1.0|1.0|0.0|0.0|0.0|XA00TEX|-|1.0|1.0|369.905774132|480.0|-32.0|-32.0|32.0|32.0|416.0|416.0|416.0|416.0
UTNTSkyEdge_tnt03a2_1828_1_terrain_1_1|1828|1|2|146|252|15392.0|-3472.0|15336.0|-3664.0|15364.48|-3568.14|32.0|32.0|32.0|ICEY|XA00TEX|1.0|1.0|0.0|0.0|8|snow|-|SG000989|-|370|1|1|252|XA00TEX|-|1.0|1.0|0.0|0.0|0.0|XA00TEX|-|1.0|1.0|369.905774132|480.0|-32.0|-32.0|32.0|32.0|416.0|416.0|416.0|416.0
UTNTSkyEdge_tnt03a2_1830_0_terrain_1_0|1830|0|2|146|2047|14456.0|-4288.0|14384.0|-4304.0|14419.89153477109|-4295.511906469908|32.0|32.0|32.0|ICEY|XA00TEX|1.0|1.0|4.331804804|480.0|8|snow|-|SG000988|-|369|1|0|2047|XA00TEX|-|1.0|1.0|0.0|0.0|0.0|XA00TEX|-|1.0|1.0|4.331804804|480.0|-32.0|-32.0|32.0|32.0|416.0|416.0|416.0|416.0
UTNTSkyEdge_tnt03a2_1830_0_terrain_1_1|1830|0|2|146|2047|14456.0|-4288.0|14384.0|-4304.0|14420.10846522891|-4296.488093530092|32.0|32.0|32.0|ICEY|XA00TEX|1.0|1.0|0.0|0.0|8|snow|-|SG000991|-|372|1|1|2047|XA00TEX|-|1.0|1.0|0.0|0.0|0.0|XA00TEX|-|1.0|1.0|4.331804804|480.0|-32.0|-32.0|32.0|32.0|416.0|416.0|416.0|416.0
UTNTSkyEdge_tnt03a2_1836_0_terrain_1_0|1836|0|2|146|2047|14208.0|-4160.0|14304.0|-4096.0|14256.277350098113|-4128.4160251471685|32.0|32.0|32.0|ICEY|XA00TEX|1.0|1.0|370.816461384|480.0|8|snow|-|SG000988|-|369|1|0|2047|XA00TEX|-|1.0|1.0|0.0|0.0|0.0|XA00TEX|-|1.0|1.0|370.816461384|480.0|-32.0|-32.0|32.0|32.0|416.0|416.0|416.0|416.0
UTNTSkyEdge_tnt03a2_1836_0_terrain_1_1|1836|0|2|146|2047|14208.0|-4160.0|14304.0|-4096.0|14255.722649901887|-4127.5839748528315|32.0|32.0|32.0|ICEY|XA00TEX|1.0|1.0|0.0|0.0|8|snow|-|SG000991|-|372|1|1|2047|XA00TEX|-|1.0|1.0|0.0|0.0|0.0|XA00TEX|-|1.0|1.0|370.816461384|480.0|-32.0|-32.0|32.0|32.0|416.0|416.0|416.0|416.0
UTNTSkyEdge_tnt03a2_1849_0_terrain_1_0|1849|0|2|146|2047|14384.0|-4304.0|14336.0|-4264.0|14360.320092199832|-4283.615889360201|32.0|32.0|32.0|ICEY|XA00TEX|1.0|1.0|78.088160462|480.0|8|snow|-|SG000988|-|369|1|0|2047|XA00TEX|-|1.0|1.0|0.0|0.0|0.0|XA00TEX|-|1.0|1.0|78.088160462|480.0|-32.0|-32.0|32.0|32.0|416.0|416.0|416.0|416.0
UTNTSkyEdge_tnt03a2_1849_0_terrain_1_1|1849|0|2|146|2047|14384.0|-4304.0|14336.0|-4264.0|14359.679907800168|-4284.384110639799|32.0|32.0|32.0|ICEY|XA00TEX|1.0|1.0|0.0|0.0|8|snow|-|SG000991|-|372|1|1|2047|XA00TEX|-|1.0|1.0|0.0|0.0|0.0|XA00TEX|-|1.0|1.0|78.088160462|480.0|-32.0|-32.0|32.0|32.0|416.0|416.0|416.0|416.0
UTNTSkyEdge_tnt03a2_2313_0_terrain_1_0|2313|0|2|259|2047|13904.0|-3704.0|13904.0|-4072.0|13903.5|-3888.0|32.0|32.0|32.0|ICEY|XA00TEX|1.0|1.0|37.0|480.0|6.4|snow|-|SG001000|-|374|1|0|2047|XA00TEX|-|1.0|1.0|0.0|0.0|0.0|XA00TEX|-|1.0|1.0|37.0|480.0|-8.0|-8.0|32.0|32.0|416.0|416.0|416.0|416.0
UTNTSkyEdge_tnt03a2_2313_0_terrain_1_1|2313|0|2|259|2047|13904.0|-3704.0|13904.0|-4072.0|13904.5|-3888.0|32.0|32.0|32.0|ICEY|XA00TEX|1.0|1.0|0.0|0.0|6.4|snow|-|SG000991|-|372|1|1|2047|XA00TEX|-|1.0|1.0|0.0|0.0|0.0|XA00TEX|-|1.0|1.0|37.0|480.0|-8.0|-8.0|32.0|32.0|416.0|416.0|416.0|416.0
UTNTSkyEdge_tnt03a2_2335_0_terrain_1_0|2335|0|2|146|2047|14336.0|-4264.0|14296.0|-4280.0|14315.814304661822|-4271.535761654557|32.0|32.0|32.0|ICEY|XA00TEX|1.0|1.0|140.57015787|480.0|8|snow|-|SG000988|-|369|1|0|2047|XA00TEX|-|1.0|1.0|0.0|0.0|0.0|XA00TEX|-|1.0|1.0|140.57015787|480.0|-32.0|-32.0|32.0|32.0|416.0|416.0|416.0|416.0
UTNTSkyEdge_tnt03a2_2335_0_terrain_1_1|2335|0|2|146|2047|14336.0|-4264.0|14296.0|-4280.0|14316.185695338178|-4272.464238345443|32.0|32.0|32.0|ICEY|XA00TEX|1.0|1.0|0.0|0.0|8|snow|-|SG000991|-|372|1|1|2047|XA00TEX|-|1.0|1.0|0.0|0.0|0.0|XA00TEX|-|1.0|1.0|140.57015787|480.0|-32.0|-32.0|32.0|32.0|416.0|416.0|416.0|416.0
UTNTSkyEdge_tnt03a2_3028_1_terrain_1_0|3028|1|2|146|259|13904.0|-3704.0|13792.0|-3736.0|13847.86263943605|-3719.5192380261797|-8.0|-8.0|-8.0|ICEY|XA00TEX|1.0|1.0|37.0|520.0|3.84|snow|-|SG000988|-|369|1|0|259|XA00TEX|-|1.0|1.0|0.0|0.0|0.0|XA00TEX|-|1.0|1.0|37.0|520.0|-32.0|-32.0|-8.0|-8.0|416.0|416.0|416.0|416.0
UTNTSkyEdge_tnt03a2_3028_1_terrain_1_1|3028|1|2|146|259|13904.0|-3704.0|13792.0|-3736.0|13848.13736056395|-3720.4807619738203|-8.0|-8.0|-8.0|ICEY|XA00TEX|1.0|1.0|0.0|0.0|3.84|snow|-|SG000993|-|374|1|1|259|XA00TEX|-|1.0|1.0|0.0|0.0|0.0|XA00TEX|-|1.0|1.0|37.0|520.0|-32.0|-32.0|-8.0|-8.0|416.0|416.0|416.0|416.0
UTNTSkyEdge_tnt03a2_4318_0_terrain_1_0|4318|0|2|146|2047|14296.0|-4280.0|14272.0|-4248.0|14284.4|-4263.7|32.0|32.0|32.0|ICEY|XA00TEX|1.0|1.0|183.651476327|480.0|8|snow|-|SG000988|-|369|1|0|2047|XA00TEX|-|1.0|1.0|0.0|0.0|0.0|XA00TEX|-|1.0|1.0|183.651476327|480.0|-32.0|-32.0|32.0|32.0|416.0|416.0|416.0|416.0
UTNTSkyEdge_tnt03a2_4318_0_terrain_1_1|4318|0|2|146|2047|14296.0|-4280.0|14272.0|-4248.0|14283.6|-4264.3|32.0|32.0|32.0|ICEY|XA00TEX|1.0|1.0|0.0|0.0|8|snow|-|SG000991|-|372|1|1|2047|XA00TEX|-|1.0|1.0|0.0|0.0|0.0|XA00TEX|-|1.0|1.0|183.651476327|480.0|-32.0|-32.0|32.0|32.0|416.0|416.0|416.0|416.0
UTNTSkyEdge_tnt03a2_8669_0_terrain_2_1|8669|0|1|1702|1702|8720.0|-5216.0|8768.0|-5072.0|8744.474341649026|-5144.158113883009|-1128.0|-1128.0|-1128.0|ICEY|XA16TEX|1.0|1.0|0.0|0.0|7|snow|-|SG001001|-|358|2|1|1702|XA16TEX|-|1.0|1.0|0.0|0.0|0.0|XA00TEX|-|1.0|1.0|405.149378675|40.0|-1128.0|-1128.0|0|0|88.0|88.0|0|0
UTNTSkyEdge_tnt03a2_8679_0_terrain_2_1|8679|0|1|1702|1702|8992.0|-5376.0|8768.0|-5376.0|8880.0|-5375.5|-1128.0|-1128.0|-1128.0|ICEY|XA16TEX|1.0|1.0|0.0|0.0|7|snow|-|SG001001|-|358|2|1|1702|XA16TEX|-|1.0|1.0|0.0|0.0|0.0|XA00TEX|-|1.0|1.0|14.104474533|40.0|-1128.0|-1128.0|0|0|88.0|88.0|0|0
UTNTSkyEdge_tnt03a2_8683_0_terrain_2_1|8683|0|1|1702|1702|8768.0|-5376.0|8720.0|-5216.0|8744.478913142611|-5295.856326057216|-1128.0|-1128.0|-1128.0|ICEY|XA16TEX|1.0|1.0|0.0|0.0|7|snow|-|SG001001|-|358|2|1|1702|XA16TEX|-|1.0|1.0|0.0|0.0|0.0|XA00TEX|-|1.0|1.0|238.104474533|40.0|-1128.0|-1128.0|0|0|88.0|88.0|0|0
UTNTSkyEdge_tnt03a2_8689_0_terrain_2_1|8689|0|1|1798|1798|9408.0|-4672.0|9520.0|-4608.0|9464.248069469179|-4640.434121571062|-1128.0|-1128.0|-1128.0|ICEY|XA16TEX|1.0|1.0|0.0|0.0|7|snow|-|SG001002|-|361|2|1|1798|XA16TEX|-|1.0|1.0|0.0|0.0|0.0|XA00TEX|-|1.0|1.0|94.0|40.0|-1128.0|-1128.0|0|0|88.0|88.0|0|0
UTNTSkyEdge_tnt03a2_8695_0_terrain_2_1|8695|0|1|1702|1702|9232.0|-5312.0|9104.0|-5312.0|9168.0|-5311.5|-1128.0|-1128.0|-1128.0|ICEY|XA16TEX|1.0|1.0|0.0|0.0|7|snow|-|SG001001|-|358|2|1|1702|XA16TEX|-|1.0|1.0|0.0|0.0|0.0|XA00TEX|-|1.0|1.0|269.10835056|40.0|-1128.0|-1128.0|0|0|88.0|88.0|0|0
UTNTSkyEdge_tnt03a2_8708_0_terrain_2_1|8708|0|1|1798|1798|9864.0|-4768.0|9896.0|-4912.0|9879.511906469908|-4840.108465228909|-1128.0|-1128.0|-1128.0|ICEY|XA16TEX|1.0|1.0|0.0|0.0|7|snow|-|SG001002|-|361|2|1|1798|XA16TEX|-|1.0|1.0|0.0|0.0|0.0|XA00TEX|-|1.0|1.0|179.924225025|40.0|-1128.0|-1128.0|0|0|88.0|88.0|0|0
UTNTSkyEdge_tnt03a2_8715_0_terrain_2_1|8715|0|1|1793|1793|8832.0|-4768.0|8848.0|-4608.0|8840.497518595104|-4688.04975185951|-128.0|-128.0|-128.0|ICEY|XA16TEX|1.0|1.0|0.0|0.0|7|snow|-|SG001003|-|362|2|1|1793|XA16TEX|-|1.0|1.0|0.0|0.0|0.0|XA00TEX|-|1.0|1.0|100.0|40.0|-128.0|-128.0|0|0|88.0|88.0|0|0
UTNTSkyEdge_tnt03a2_8732_0_terrain_2_1|8732|0|1|1795|1795|9888.0|-5216.0|9840.0|-5376.0|9863.521086857389|-5295.856326057216|-128.0|-128.0|-128.0|ICEY|XA16TEX|1.0|1.0|0.0|0.0|7|snow|-|SG001004|-|364|2|1|1795|XA16TEX|-|1.0|1.0|0.0|0.0|0.0|XA00TEX|-|1.0|1.0|45.0|40.0|-128.0|-128.0|0|0|88.0|88.0|0|0
UTNTSkyEdge_tnt03a2_8734_0_terrain_2_1|8734|0|1|1797|1797|9488.0|-5440.0|9360.0|-5376.0|9424.22360679775|-5407.5527864045|-128.0|-128.0|-128.0|ICEY|XA16TEX|1.0|1.0|0.0|0.0|7|snow|-|SG001005|-|365|2|1|1797|XA16TEX|-|1.0|1.0|0.0|0.0|0.0|XA00TEX|-|1.0|1.0|111.0|40.0|-128.0|-128.0|0|0|88.0|88.0|0|0
UTNTSkyEdge_tnt03a2_8735_0_terrain_2_1|8735|0|1|1798|1798|9824.0|-4608.0|9864.0|-4768.0|9843.514928749928|-4688.121267812518|-1128.0|-1128.0|-1128.0|ICEY|XA16TEX|1.0|1.0|0.0|0.0|7|snow|-|SG001002|-|361|2|1|1798|XA16TEX|-|1.0|1.0|0.0|0.0|0.0|XA00TEX|-|1.0|1.0|15.0|40.0|-1128.0|-1128.0|0|0|88.0|88.0|0|0
UTNTSkyEdge_tnt03a2_8736_0_terrain_2_1|8736|0|1|1702|1702|9104.0|-5312.0|8992.0|-5376.0|9047.751930530821|-5343.565878428938|-1128.0|-1128.0|-1128.0|ICEY|XA16TEX|1.0|1.0|0.0|0.0|7|snow|-|SG001001|-|358|2|1|1702|XA16TEX|-|1.0|1.0|0.0|0.0|0.0|XA00TEX|-|1.0|1.0|397.10835056|40.0|-1128.0|-1128.0|0|0|88.0|88.0|0|0
UTNTSkyEdge_tnt03a2_8744_0_terrain_2_1|8744|0|1|1704|1704|8768.0|-4912.0|8832.0|-4768.0|8800.45690577431|-4840.203069233026|-1128.0|-1128.0|-1128.0|ICEY|XA16TEX|1.0|1.0|0.0|0.0|7|snow|-|SG001006|-|366|2|1|1704|XA16TEX|-|1.0|1.0|0.0|0.0|0.0|XA00TEX|-|1.0|1.0|70.0|40.0|-1128.0|-1128.0|0|0|88.0|88.0|0|0
UTNTSkyEdge_tnt03a2_9125_0_terrain_1_0|9125|0|2|1704|1793|8832.0|-4768.0|8960.0|-4768.0|8896.0|-4768.5|-128.0|-128.0|-128.0|ICEY|XA00TEX|1.0|1.0|62.0|0.0|8|snow|-|SG000985|-|366|1|0|1793|XA16TEX|-|1.0|1.0|0.0|0.0|0.0|XA00TEX|-|1.0|1.0|62.0|0.0|-1128.0|-1128.0|-128.0|-128.0|88.0|88.0|88.0|88.0
UTNTSkyEdge_tnt03a2_9125_0_terrain_1_1|9125|0|2|1704|1793|8832.0|-4768.0|8960.0|-4768.0|8896.0|-4767.5|-128.0|-128.0|-128.0|ICEY|XA16TEX|1.0|1.0|0.0|0.0|8|snow|-|SG001003|-|362|1|1|1793|XA16TEX|-|1.0|1.0|0.0|0.0|0.0|XA00TEX|-|1.0|1.0|62.0|0.0|-1128.0|-1128.0|-128.0|-128.0|88.0|88.0|88.0|88.0
UTNTSkyEdge_tnt03a2_9125_0_terrain_2_1|9125|0|2|1704|1704|8832.0|-4768.0|8960.0|-4768.0|8896.0|-4768.5|-1128.0|-1128.0|-1128.0|ICEY|XA16TEX|1.0|1.0|0.0|0.0|7|snow|-|SG001006|-|366|2|1|1704|XA16TEX|-|1.0|1.0|0.0|0.0|0.0|XA00TEX|-|1.0|1.0|62.0|0.0|-1128.0|-1128.0|-128.0|-128.0|88.0|88.0|88.0|88.0
UTNTSkyEdge_tnt03a2_9126_0_terrain_1_0|9126|0|2|1704|1793|8960.0|-4768.0|8992.0|-4672.0|8976.474341649026|-4720.158113883009|-128.0|-128.0|-128.0|ICEY|XA00TEX|1.0|1.0|190.0|0.0|8|snow|-|SG000985|-|366|1|0|1793|XA16TEX|-|1.0|1.0|0.0|0.0|0.0|XA00TEX|-|1.0|1.0|190.0|0.0|-1128.0|-1128.0|-128.0|-128.0|88.0|88.0|88.0|88.0
UTNTSkyEdge_tnt03a2_9126_0_terrain_1_1|9126|0|2|1704|1793|8960.0|-4768.0|8992.0|-4672.0|8975.525658350974|-4719.841886116991|-128.0|-128.0|-128.0|ICEY|XA16TEX|1.0|1.0|0.0|0.0|8|snow|-|SG001003|-|362|1|1|1793|XA16TEX|-|1.0|1.0|0.0|0.0|0.0|XA00TEX|-|1.0|1.0|190.0|0.0|-1128.0|-1128.0|-128.0|-128.0|88.0|88.0|88.0|88.0
UTNTSkyEdge_tnt03a2_9126_0_terrain_2_1|9126|0|2|1704|1704|8960.0|-4768.0|8992.0|-4672.0|8976.474341649026|-4720.158113883009|-1128.0|-1128.0|-1128.0|ICEY|XA16TEX|1.0|1.0|0.0|0.0|7|snow|-|SG001006|-|366|2|1|1704|XA16TEX|-|1.0|1.0|0.0|0.0|0.0|XA00TEX|-|1.0|1.0|190.0|0.0|-1128.0|-1128.0|-128.0|-128.0|88.0|88.0|88.0|88.0
UTNTSkyEdge_tnt03a2_9127_0_terrain_2_1|9127|0|1|1704|1704|9152.0|-4608.0|9280.0|-4672.0|9215.77639320225|-4640.4472135955|-1128.0|-1128.0|-1128.0|ICEY|XA16TEX|1.0|1.0|0.0|0.0|7|snow|-|SG001006|-|366|2|1|1704|XA16TEX|-|1.0|1.0|0.0|0.0|0.0|XA00TEX|-|1.0|1.0|79.0|40.0|-1128.0|-1128.0|0|0|88.0|88.0|0|0
UTNTSkyEdge_tnt03a2_9128_0_terrain_1_0|9128|0|2|1704|1792|8992.0|-4672.0|9152.0|-4608.0|9072.185695338178|-4640.464238345443|16.0|16.0|16.0|ICEY|XA00TEX|1.0|1.0|35.0|112.0|8|snow|-|SG000985|-|366|1|0|1792|XA16TEX|-|1.0|1.0|0.0|0.0|0.0|XA00TEX|-|1.0|1.0|35.0|112.0|-1128.0|-1128.0|16.0|16.0|88.0|88.0|88.0|88.0
UTNTSkyEdge_tnt03a2_9128_0_terrain_1_1|9128|0|2|1704|1792|8992.0|-4672.0|9152.0|-4608.0|9071.814304661822|-4639.535761654557|16.0|16.0|16.0|ICEY|XA16TEX|1.0|1.0|0.0|0.0|8|snow|-|SG001007|-|360|1|1|1792|XA16TEX|-|1.0|1.0|0.0|0.0|0.0|XA00TEX|-|1.0|1.0|35.0|112.0|-1128.0|-1128.0|16.0|16.0|88.0|88.0|88.0|88.0
UTNTSkyEdge_tnt03a2_9128_0_terrain_2_1|9128|0|2|1704|1704|8992.0|-4672.0|9152.0|-4608.0|9072.185695338178|-4640.464238345443|-1128.0|-1128.0|-1128.0|ICEY|XA16TEX|1.0|1.0|0.0|0.0|7|snow|-|SG001006|-|366|2|1|1704|XA16TEX|-|1.0|1.0|0.0|0.0|0.0|XA00TEX|-|1.0|1.0|35.0|112.0|-1128.0|-1128.0|16.0|16.0|88.0|88.0|88.0|88.0
UTNTSkyEdge_tnt03a2_9129_1_terrain_1_0|9129|1|2|1793|1792|8848.0|-4608.0|8992.0|-4672.0|8919.796930766974|-4640.45690577431|16.0|16.0|16.0|ICEY|XA00TEX|1.0|1.0|5.0|112.0|8|snow|-|SG000981|-|362|1|0|1792|XA16TEX|-|1.0|1.0|0.0|0.0|0.0|XA00TEX|-|1.0|1.0|5.0|112.0|-128.0|-128.0|16.0|16.0|88.0|88.0|88.0|88.0
UTNTSkyEdge_tnt03a2_9129_1_terrain_1_1|9129|1|2|1793|1792|8848.0|-4608.0|8992.0|-4672.0|8920.203069233026|-4639.54309422569|16.0|16.0|16.0|ICEY|XA16TEX|1.0|1.0|0.0|0.0|8|snow|-|SG001007|-|360|1|1|1792|XA16TEX|-|1.0|1.0|0.0|0.0|0.0|XA00TEX|-|1.0|1.0|5.0|112.0|-128.0|-128.0|16.0|16.0|88.0|88.0|88.0|88.0
UTNTSkyEdge_tnt03a2_9129_1_terrain_2_1|9129|1|2|1793|1793|8848.0|-4608.0|8992.0|-4672.0|8919.796930766974|-4640.45690577431|-128.0|-128.0|-128.0|ICEY|XA16TEX|1.0|1.0|0.0|0.0|7|snow|-|SG001003|-|362|2|1|1793|XA16TEX|-|1.0|1.0|0.0|0.0|0.0|XA00TEX|-|1.0|1.0|5.0|112.0|-128.0|-128.0|16.0|16.0|88.0|88.0|88.0|88.0
UTNTSkyEdge_tnt03a2_9130_0_terrain_2_1|9130|0|1|1703|1703|9584.0|-4608.0|9712.0|-4608.0|9648.0|-4608.5|-64.0|-64.0|-64.0|ICEY|XA16TEX|1.0|1.0|0.0|0.0|7|snow|-|SG001008|-|367|2|1|1703|XA16TEX|-|1.0|1.0|0.0|0.0|0.0|XA00TEX|-|1.0|1.0|31.0|40.0|-64.0|-64.0|0|0|88.0|88.0|0|0
UTNTSkyEdge_tnt03a2_9131_0_terrain_1_0|9131|0|2|1798|1703|9584.0|-4608.0|9632.0|-4688.0|9607.571253537144|-4648.257247877714|-64.0|-64.0|-64.0|ICEY|XA00TEX|1.0|1.0|3.0|64.0|8|snow|-|SG000980|-|361|1|0|1703|XA16TEX|-|1.0|1.0|0.0|0.0|0.0|XA00TEX|-|1.0|1.0|3.0|64.0|-1128.0|-1128.0|-64.0|-64.0|88.0|88.0|88.0|88.0
UTNTSkyEdge_tnt03a2_9131_0_terrain_1_1|9131|0|2|1798|1703|9584.0|-4608.0|9632.0|-4688.0|9608.428746462856|-4647.742752122286|-64.0|-64.0|-64.0|ICEY|XA16TEX|1.0|1.0|0.0|0.0|8|snow|-|SG001008|-|367|1|1|1703|XA16TEX|-|1.0|1.0|0.0|0.0|0.0|XA00TEX|-|1.0|1.0|3.0|64.0|-1128.0|-1128.0|-64.0|-64.0|88.0|88.0|88.0|88.0
UTNTSkyEdge_tnt03a2_9132_0_terrain_1_0|9132|0|2|1798|1703|9632.0|-4688.0|9696.0|-4704.0|9663.878732187482|-4696.485071250073|-64.0|-64.0|-64.0|ICEY|XA00TEX|1.0|1.0|96.295230318|64.0|8|snow|-|SG000980|-|361|1|0|1703|XA16TEX|-|1.0|1.0|0.0|0.0|0.0|XA00TEX|-|1.0|1.0|96.295230318|64.0|-1128.0|-1128.0|-64.0|-64.0|88.0|88.0|88.0|88.0
UTNTSkyEdge_tnt03a2_9132_0_terrain_1_1|9132|0|2|1798|1703|9632.0|-4688.0|9696.0|-4704.0|9664.121267812518|-4695.514928749927|-64.0|-64.0|-64.0|ICEY|XA16TEX|1.0|1.0|0.0|0.0|8|snow|-|SG001008|-|367|1|1|1703|XA16TEX|-|1.0|1.0|0.0|0.0|0.0|XA00TEX|-|1.0|1.0|96.295230318|64.0|-1128.0|-1128.0|-64.0|-64.0|88.0|88.0|88.0|88.0
UTNTSkyEdge_tnt03a2_9133_0_terrain_1_0|9133|0|2|1797|1796|9552.0|-5360.0|9488.0|-5440.0|9519.609565595278|-5399.687652476223|-32.0|-32.0|-32.0|ICEY|XA00TEX|1.0|1.0|9.0|32.0|8|snow|-|SG000984|-|365|1|0|1796|XA16TEX|-|1.0|1.0|0.0|0.0|0.0|XA00TEX|-|1.0|1.0|9.0|32.0|-128.0|-128.0|-32.0|-32.0|88.0|88.0|88.0|88.0
UTNTSkyEdge_tnt03a2_9133_0_terrain_1_1|9133|0|2|1797|1796|9552.0|-5360.0|9488.0|-5440.0|9520.390434404722|-5400.312347523777|-32.0|-32.0|-32.0|ICEY|XA16TEX|1.0|1.0|0.0|0.0|8|snow|-|SG001009|-|363|1|1|1796|XA16TEX|-|1.0|1.0|0.0|0.0|0.0|XA00TEX|-|1.0|1.0|9.0|32.0|-128.0|-128.0|-32.0|-32.0|88.0|88.0|88.0|88.0
UTNTSkyEdge_tnt03a2_9133_0_terrain_2_1|9133|0|2|1797|1797|9552.0|-5360.0|9488.0|-5440.0|9519.609565595278|-5399.687652476223|-128.0|-128.0|-128.0|ICEY|XA16TEX|1.0|1.0|0.0|0.0|7|snow|-|SG001005|-|365|2|1|1797|XA16TEX|-|1.0|1.0|0.0|0.0|0.0|XA00TEX|-|1.0|1.0|9.0|32.0|-128.0|-128.0|-32.0|-32.0|88.0|88.0|88.0|88.0
UTNTSkyEdge_tnt03a2_9134_1_terrain_1_0|9134|1|2|1795|1796|9840.0|-5376.0|9680.0|-5312.0|9760.185695338178|-5343.535761654557|-32.0|-32.0|-32.0|ICEY|XA00TEX|1.0|1.0|84.0|32.0|8|snow|-|SG000983|-|364|1|0|1796|XA16TEX|-|1.0|1.0|0.0|0.0|0.0|XA00TEX|-|1.0|1.0|84.0|32.0|-128.0|-128.0|-32.0|-32.0|88.0|88.0|88.0|88.0
UTNTSkyEdge_tnt03a2_9134_1_terrain_1_1|9134|1|2|1795|1796|9840.0|-5376.0|9680.0|-5312.0|9759.814304661822|-5344.464238345443|-32.0|-32.0|-32.0|ICEY|XA16TEX|1.0|1.0|0.0|0.0|8|snow|-|SG001009|-|363|1|1|1796|XA16TEX|-|1.0|1.0|0.0|0.0|0.0|XA00TEX|-|1.0|1.0|84.0|32.0|-128.0|-128.0|-32.0|-32.0|88.0|88.0|88.0|88.0
UTNTSkyEdge_tnt03a2_9134_1_terrain_2_1|9134|1|2|1795|1795|9840.0|-5376.0|9680.0|-5312.0|9760.185695338178|-5343.535761654557|-128.0|-128.0|-128.0|ICEY|XA16TEX|1.0|1.0|0.0|0.0|7|snow|-|SG001004|-|364|2|1|1795|XA16TEX|-|1.0|1.0|0.0|0.0|0.0|XA00TEX|-|1.0|1.0|84.0|32.0|-128.0|-128.0|-32.0|-32.0|88.0|88.0|88.0|88.0
UTNTSkyEdge_tnt03a2_9135_0_terrain_1_0|9135|0|2|1794|1703|9696.0|-4704.0|9744.0|-4640.0|9720.4|-4672.3|-64.0|-64.0|-64.0|ICEY|XA00TEX|1.0|1.0|34.0|64.0|8|snow|-|SG000987|-|368|1|0|1703|XA16TEX|-|1.0|1.0|0.0|0.0|0.0|XA00TEX|-|1.0|1.0|34.0|64.0|-136.0|-136.0|-64.0|-64.0|88.0|88.0|88.0|88.0
UTNTSkyEdge_tnt03a2_9135_0_terrain_1_1|9135|0|2|1794|1703|9696.0|-4704.0|9744.0|-4640.0|9719.6|-4671.7|-64.0|-64.0|-64.0|ICEY|XA16TEX|1.0|1.0|0.0|0.0|8|snow|-|SG001008|-|367|1|1|1703|XA16TEX|-|1.0|1.0|0.0|0.0|0.0|XA00TEX|-|1.0|1.0|34.0|64.0|-136.0|-136.0|-64.0|-64.0|88.0|88.0|88.0|88.0
UTNTSkyEdge_tnt03a2_9137_0_terrain_1_0|9137|0|2|1794|1703|9744.0|-4640.0|9712.0|-4608.0|9728.353553390592|-4623.646446609407|-64.0|-64.0|-64.0|ICEY|XA00TEX|1.0|1.0|114.0|64.0|8|snow|-|SG000987|-|368|1|0|1703|XA16TEX|-|1.0|1.0|0.0|0.0|0.0|XA00TEX|-|1.0|1.0|114.0|64.0|-136.0|-136.0|-64.0|-64.0|88.0|88.0|88.0|88.0
UTNTSkyEdge_tnt03a2_9137_0_terrain_1_1|9137|0|2|1794|1703|9744.0|-4640.0|9712.0|-4608.0|9727.646446609408|-4624.353553390593|-64.0|-64.0|-64.0|ICEY|XA16TEX|1.0|1.0|0.0|0.0|8|snow|-|SG001008|-|367|1|1|1703|XA16TEX|-|1.0|1.0|0.0|0.0|0.0|XA00TEX|-|1.0|1.0|114.0|64.0|-136.0|-136.0|-64.0|-64.0|88.0|88.0|88.0|88.0
UTNTSkyEdge_tnt03a2_9138_0_terrain_2_1|9138|0|1|1702|1702|9360.0|-5376.0|9232.0|-5312.0|9296.22360679775|-5343.5527864045|-1128.0|-1128.0|-1128.0|ICEY|XA16TEX|1.0|1.0|0.0|0.0|7|snow|-|SG001001|-|358|2|1|1702|XA16TEX|-|1.0|1.0|0.0|0.0|0.0|XA00TEX|-|1.0|1.0|126.0|40.0|-1128.0|-1128.0|0|0|88.0|88.0|0|0
UTNTSkyEdge_tnt03a2_9139_1_terrain_1_0|9139|1|2|1702|1797|9440.0|-5312.0|9360.0|-5376.0|9399.687652476223|-5343.609565595279|-128.0|-128.0|-128.0|ICEY|XA00TEX|1.0|1.0|130.852369694|0.0|8|snow|-|SG000977|-|358|1|0|1797|XA16TEX|-|1.0|1.0|0.0|0.0|0.0|XA00TEX|-|1.0|1.0|130.852369694|0.0|-1128.0|-1128.0|-128.0|-128.0|88.0|88.0|88.0|88.0
UTNTSkyEdge_tnt03a2_9139_1_terrain_1_1|9139|1|2|1702|1797|9440.0|-5312.0|9360.0|-5376.0|9400.312347523777|-5344.390434404721|-128.0|-128.0|-128.0|ICEY|XA16TEX|1.0|1.0|0.0|0.0|8|snow|-|SG001005|-|365|1|1|1797|XA16TEX|-|1.0|1.0|0.0|0.0|0.0|XA00TEX|-|1.0|1.0|130.852369694|0.0|-1128.0|-1128.0|-128.0|-128.0|88.0|88.0|88.0|88.0
UTNTSkyEdge_tnt03a2_9140_1_terrain_1_0|9140|1|2|1702|1797|9552.0|-5360.0|9440.0|-5312.0|9496.196959649289|-5335.540427484991|-128.0|-128.0|-128.0|ICEY|XA00TEX|1.0|1.0|9.0|0.0|8|snow|-|SG000977|-|358|1|0|1797|XA16TEX|-|1.0|1.0|0.0|0.0|0.0|XA00TEX|-|1.0|1.0|9.0|0.0|-1128.0|-1128.0|-128.0|-128.0|88.0|88.0|88.0|88.0
UTNTSkyEdge_tnt03a2_9140_1_terrain_1_1|9140|1|2|1702|1797|9552.0|-5360.0|9440.0|-5312.0|9495.803040350711|-5336.459572515009|-128.0|-128.0|-128.0|ICEY|XA16TEX|1.0|1.0|0.0|0.0|8|snow|-|SG001005|-|365|1|1|1797|XA16TEX|-|1.0|1.0|0.0|0.0|0.0|XA00TEX|-|1.0|1.0|9.0|0.0|-1128.0|-1128.0|-128.0|-128.0|88.0|88.0|88.0|88.0
UTNTSkyEdge_tnt03a2_9140_1_terrain_2_1|9140|1|2|1702|1702|9552.0|-5360.0|9440.0|-5312.0|9496.196959649289|-5335.540427484991|-1128.0|-1128.0|-1128.0|ICEY|XA16TEX|1.0|1.0|0.0|0.0|7|snow|-|SG001001|-|358|2|1|1702|XA16TEX|-|1.0|1.0|0.0|0.0|0.0|XA00TEX|-|1.0|1.0|9.0|0.0|-1128.0|-1128.0|-128.0|-128.0|88.0|88.0|88.0|88.0
UTNTSkyEdge_tnt03a2_9141_1_terrain_1_0|9141|1|2|1702|1796|9680.0|-5312.0|9552.0|-5360.0|9615.824438279205|-5335.531835411215|-32.0|-32.0|-32.0|ICEY|XA00TEX|1.0|1.0|0.0|32.0|8|snow|-|SG000977|-|358|1|0|1796|XA16TEX|-|1.0|1.0|0.0|0.0|0.0|XA00TEX|-|1.0|1.0|0.0|32.0|-1128.0|-1128.0|-32.0|-32.0|88.0|88.0|88.0|88.0
UTNTSkyEdge_tnt03a2_9141_1_terrain_1_1|9141|1|2|1702|1796|9680.0|-5312.0|9552.0|-5360.0|9616.175561720795|-5336.468164588785|-32.0|-32.0|-32.0|ICEY|XA16TEX|1.0|1.0|0.0|0.0|8|snow|-|SG001009|-|363|1|1|1796|XA16TEX|-|1.0|1.0|0.0|0.0|0.0|XA00TEX|-|1.0|1.0|0.0|32.0|-1128.0|-1128.0|-32.0|-32.0|88.0|88.0|88.0|88.0
UTNTSkyEdge_tnt03a2_9141_1_terrain_2_1|9141|1|2|1702|1702|9680.0|-5312.0|9552.0|-5360.0|9615.824438279205|-5335.531835411215|-1128.0|-1128.0|-1128.0|ICEY|XA16TEX|1.0|1.0|0.0|0.0|7|snow|-|SG001001|-|358|2|1|1702|XA16TEX|-|1.0|1.0|0.0|0.0|0.0|XA00TEX|-|1.0|1.0|0.0|32.0|-1128.0|-1128.0|-32.0|-32.0|88.0|88.0|88.0|88.0
UTNTSkyEdge_tnt03a2_9142_1_terrain_1_0|9142|1|2|1702|1795|9728.0|-5200.0|9680.0|-5312.0|9703.540427484992|-5255.80304035071|-128.0|-128.0|-128.0|ICEY|XA00TEX|1.0|1.0|160.798009938|0.0|8|snow|-|SG000977|-|358|1|0|1795|XA16TEX|-|1.0|1.0|0.0|0.0|0.0|XA00TEX|-|1.0|1.0|160.798009938|0.0|-1128.0|-1128.0|-128.0|-128.0|88.0|88.0|88.0|88.0
UTNTSkyEdge_tnt03a2_9142_1_terrain_1_1|9142|1|2|1702|1795|9728.0|-5200.0|9680.0|-5312.0|9704.459572515008|-5256.19695964929|-128.0|-128.0|-128.0|ICEY|XA16TEX|1.0|1.0|0.0|0.0|8|snow|-|SG001004|-|364|1|1|1795|XA16TEX|-|1.0|1.0|0.0|0.0|0.0|XA00TEX|-|1.0|1.0|160.798009938|0.0|-1128.0|-1128.0|-128.0|-128.0|88.0|88.0|88.0|88.0
UTNTSkyEdge_tnt03a2_9143_1_terrain_1_0|9143|1|2|1702|1795|9888.0|-5216.0|9728.0|-5200.0|9808.049751859511|-5207.502481404895|-128.0|-128.0|-128.0|ICEY|XA00TEX|1.0|1.0|0.0|0.0|8|snow|-|SG000977|-|358|1|0|1795|XA16TEX|-|1.0|1.0|0.0|0.0|0.0|XA00TEX|-|1.0|1.0|0.0|0.0|-1128.0|-1128.0|-128.0|-128.0|88.0|88.0|88.0|88.0
UTNTSkyEdge_tnt03a2_9143_1_terrain_1_1|9143|1|2|1702|1795|9888.0|-5216.0|9728.0|-5200.0|9807.950248140489|-5208.497518595105|-128.0|-128.0|-128.0|ICEY|XA16TEX|1.0|1.0|0.0|0.0|8|snow|-|SG001004|-|364|1|1|1795|XA16TEX|-|1.0|1.0|0.0|0.0|0.0|XA00TEX|-|1.0|1.0|0.0|0.0|-1128.0|-1128.0|-128.0|-128.0|88.0|88.0|88.0|88.0
UTNTSkyEdge_tnt03a2_9144_0_terrain_1_0|9144|0|2|1798|1794|9696.0|-4704.0|9776.0|-4688.0|9736.09805806757|-4696.490290337845|-136.0|-136.0|-136.0|ICEY|XA00TEX|1.0|1.0|0.0|8.0|8|snow|-|SG000980|-|361|1|0|1794|XA16TEX|-|1.0|1.0|0.0|0.0|0.0|XA00TEX|-|1.0|1.0|0.0|8.0|-1128.0|-1128.0|-136.0|-136.0|88.0|88.0|88.0|88.0
UTNTSkyEdge_tnt03a2_9144_0_terrain_1_1|9144|0|2|1798|1794|9696.0|-4704.0|9776.0|-4688.0|9735.90194193243|-4695.509709662155|-136.0|-136.0|-136.0|ICEY|XA16TEX|1.0|1.0|0.0|0.0|8|snow|-|SG001010|-|368|1|1|1794|XA16TEX|-|1.0|1.0|0.0|0.0|0.0|XA00TEX|-|1.0|1.0|0.0|8.0|-1128.0|-1128.0|-136.0|-136.0|88.0|88.0|88.0|88.0
UTNTSkyEdge_tnt03a2_9145_0_terrain_1_0|9145|0|2|1798|1794|9776.0|-4688.0|9824.0|-4608.0|9800.428746462856|-4648.257247877714|-136.0|-136.0|-136.0|ICEY|XA00TEX|1.0|1.0|81.584312217|8.0|8|snow|-|SG000980|-|361|1|0|1794|XA16TEX|-|1.0|1.0|0.0|0.0|0.0|XA00TEX|-|1.0|1.0|81.584312217|8.0|-1128.0|-1128.0|-136.0|-136.0|88.0|88.0|88.0|88.0
UTNTSkyEdge_tnt03a2_9145_0_terrain_1_1|9145|0|2|1798|1794|9776.0|-4688.0|9824.0|-4608.0|9799.571253537144|-4647.742752122286|-136.0|-136.0|-136.0|ICEY|XA16TEX|1.0|1.0|0.0|0.0|8|snow|-|SG001010|-|368|1|1|1794|XA16TEX|-|1.0|1.0|0.0|0.0|0.0|XA00TEX|-|1.0|1.0|81.584312217|8.0|-1128.0|-1128.0|-136.0|-136.0|88.0|88.0|88.0|88.0
UTNTSkyEdge_tnt03a2_10442_1_terrain_1_0|10442|1|2|1985|2066|15072.0|-5248.0|15072.0|-5568.0|15071.5|-5408.0|256.0|256.0|256.0|ICEY|XA00TEX|1.0|1.0|0.0|0.0|8|snow|-|SG001011|-|381|1|0|2066|XA00TEX|-|1.0|1.0|0.0|0.0|0.0|XA00TEX|-|1.0|1.0|0.0|0.0|160.0|160.0|256.0|256.0|408.0|408.0|408.0|408.0
UTNTSkyEdge_tnt03a2_10442_1_terrain_1_1|10442|1|2|1985|2066|15072.0|-5248.0|15072.0|-5568.0|15072.5|-5408.0|256.0|256.0|256.0|ICEY|XA00TEX|1.0|1.0|0.0|0.0|8|snow|-|SG001012|-|382|1|1|2066|XA00TEX|-|1.0|1.0|0.0|0.0|0.0|XA00TEX|-|1.0|1.0|0.0|0.0|160.0|160.0|256.0|256.0|408.0|408.0|408.0|408.0
UTNTSkyEdge_tnt03a2_10947_1_terrain_1_0|10947|1|2|1985|2066|13072.0|-5360.0|13104.0|-5248.0|13088.48076197382|-5304.137360563948|256.0|256.0|256.0|ICEY|XA00TEX|1.0|1.0|149.019586716|0.0|8|snow|-|SG001011|-|381|1|0|2066|XA00TEX|-|1.0|1.0|0.0|0.0|0.0|XA00TEX|-|1.0|1.0|149.019586716|0.0|160.0|160.0|256.0|256.0|408.0|408.0|408.0|408.0
UTNTSkyEdge_tnt03a2_10947_1_terrain_1_1|10947|1|2|1985|2066|13072.0|-5360.0|13104.0|-5248.0|13087.51923802618|-5303.862639436052|256.0|256.0|256.0|ICEY|XA00TEX|1.0|1.0|0.0|0.0|8|snow|-|SG001012|-|382|1|1|2066|XA00TEX|-|1.0|1.0|0.0|0.0|0.0|XA00TEX|-|1.0|1.0|149.019586716|0.0|160.0|160.0|256.0|256.0|408.0|408.0|408.0|408.0
UTNTSkyEdge_tnt03a2_10948_1_terrain_1_0|10948|1|2|1985|2066|13088.0|-5536.0|13072.0|-5360.0|13080.497946603235|-5447.954732126978|256.0|256.0|256.0|ICEY|XA00TEX|1.0|1.0|484.293810441|0.0|8|snow|-|SG001011|-|381|1|0|2066|XA00TEX|-|1.0|1.0|0.0|0.0|0.0|XA00TEX|-|1.0|1.0|484.293810441|0.0|160.0|160.0|256.0|256.0|408.0|408.0|408.0|408.0
UTNTSkyEdge_tnt03a2_10948_1_terrain_1_1|10948|1|2|1985|2066|13088.0|-5536.0|13072.0|-5360.0|13079.502053396765|-5448.045267873022|256.0|256.0|256.0|ICEY|XA00TEX|1.0|1.0|0.0|0.0|8|snow|-|SG001012|-|382|1|1|2066|XA00TEX|-|1.0|1.0|0.0|0.0|0.0|XA00TEX|-|1.0|1.0|484.293810441|0.0|160.0|160.0|256.0|256.0|408.0|408.0|408.0|408.0
UTNTSkyEdge_tnt03a2_10949_1_terrain_1_0|10949|1|2|1985|2066|13072.0|-5760.0|13088.0|-5536.0|13080.498729349916|-5648.035623524994|256.0|256.0|256.0|ICEY|XA00TEX|1.0|1.0|259.723108879|0.0|8|snow|-|SG001011|-|381|1|0|2066|XA00TEX|-|1.0|1.0|0.0|0.0|0.0|XA00TEX|-|1.0|1.0|259.723108879|0.0|160.0|160.0|256.0|256.0|408.0|408.0|408.0|408.0
UTNTSkyEdge_tnt03a2_10949_1_terrain_1_1|10949|1|2|1985|2066|13072.0|-5760.0|13088.0|-5536.0|13079.501270650084|-5647.964376475006|256.0|256.0|256.0|ICEY|XA00TEX|1.0|1.0|0.0|0.0|8|snow|-|SG001012|-|382|1|1|2066|XA00TEX|-|1.0|1.0|0.0|0.0|0.0|XA00TEX|-|1.0|1.0|259.723108879|0.0|160.0|160.0|256.0|256.0|408.0|408.0|408.0|408.0
UTNTSkyEdge_tnt03a2_10950_1_terrain_1_0|10950|1|2|1985|2066|13104.0|-6048.0|13072.0|-5760.0|13088.496941867337|-5903.944784236963|256.0|256.0|256.0|ICEY|XA00TEX|1.0|1.0|481.950784458|0.0|8|snow|-|SG001011|-|381|1|0|2066|XA00TEX|-|1.0|1.0|0.0|0.0|0.0|XA00TEX|-|1.0|1.0|481.950784458|0.0|160.0|160.0|256.0|256.0|408.0|408.0|408.0|408.0
UTNTSkyEdge_tnt03a2_10950_1_terrain_1_1|10950|1|2|1985|2066|13104.0|-6048.0|13072.0|-5760.0|13087.503058132663|-5904.055215763037|256.0|256.0|256.0|ICEY|XA00TEX|1.0|1.0|0.0|0.0|8|snow|-|SG001012|-|382|1|1|2066|XA00TEX|-|1.0|1.0|0.0|0.0|0.0|XA00TEX|-|1.0|1.0|481.950784458|0.0|160.0|160.0|256.0|256.0|408.0|408.0|408.0|408.0
UTNTSkyEdge_tnt03a2_10951_1_terrain_1_0|10951|1|2|1985|2066|13088.0|-6160.0|13104.0|-6048.0|13096.49497474683|-6104.070710678118|256.0|256.0|256.0|ICEY|XA00TEX|1.0|1.0|368.813699468|0.0|8|snow|-|SG001011|-|381|1|0|2066|XA00TEX|-|1.0|1.0|0.0|0.0|0.0|XA00TEX|-|1.0|1.0|368.813699468|0.0|160.0|160.0|256.0|256.0|408.0|408.0|408.0|408.0
UTNTSkyEdge_tnt03a2_10951_1_terrain_1_1|10951|1|2|1985|2066|13088.0|-6160.0|13104.0|-6048.0|13095.50502525317|-6103.929289321882|256.0|256.0|256.0|ICEY|XA00TEX|1.0|1.0|0.0|0.0|8|snow|-|SG001012|-|382|1|1|2066|XA00TEX|-|1.0|1.0|0.0|0.0|0.0|XA00TEX|-|1.0|1.0|368.813699468|0.0|160.0|160.0|256.0|256.0|408.0|408.0|408.0|408.0
UTNTSkyEdge_tnt03a2_10952_1_terrain_1_0|10952|1|2|1985|2066|13200.0|-6160.0|13088.0|-6160.0|13144.0|-6159.5|256.0|256.0|256.0|ICEY|XA00TEX|1.0|1.0|256.813699468|0.0|8|snow|-|SG001011|-|381|1|0|2066|XA00TEX|-|1.0|1.0|0.0|0.0|0.0|XA00TEX|-|1.0|1.0|256.813699468|0.0|160.0|160.0|256.0|256.0|408.0|408.0|408.0|408.0
UTNTSkyEdge_tnt03a2_10952_1_terrain_1_1|10952|1|2|1985|2066|13200.0|-6160.0|13088.0|-6160.0|13144.0|-6160.5|256.0|256.0|256.0|ICEY|XA00TEX|1.0|1.0|0.0|0.0|8|snow|-|SG001012|-|382|1|1|2066|XA00TEX|-|1.0|1.0|0.0|0.0|0.0|XA00TEX|-|1.0|1.0|256.813699468|0.0|160.0|160.0|256.0|256.0|408.0|408.0|408.0|408.0
UTNTSkyEdge_tnt03a2_10953_1_terrain_1_0|10953|1|2|1985|2066|13344.0|-6240.0|13200.0|-6160.0|13272.24282146559|-6199.5629213619395|256.0|256.0|256.0|ICEY|XA00TEX|1.0|1.0|92.083617213|0.0|8|snow|-|SG001011|-|381|1|0|2066|XA00TEX|-|1.0|1.0|0.0|0.0|0.0|XA00TEX|-|1.0|1.0|92.083617213|0.0|160.0|160.0|256.0|256.0|408.0|408.0|408.0|408.0
UTNTSkyEdge_tnt03a2_10953_1_terrain_1_1|10953|1|2|1985|2066|13344.0|-6240.0|13200.0|-6160.0|13271.75717853441|-6200.4370786380605|256.0|256.0|256.0|ICEY|XA00TEX|1.0|1.0|0.0|0.0|8|snow|-|SG001012|-|382|1|1|2066|XA00TEX|-|1.0|1.0|0.0|0.0|0.0|XA00TEX|-|1.0|1.0|92.083617213|0.0|160.0|160.0|256.0|256.0|408.0|408.0|408.0|408.0
UTNTSkyEdge_tnt03a2_10954_1_terrain_1_0|10954|1|2|1985|2066|13568.0|-6208.0|13344.0|-6240.0|13455.92928932188|-6223.505025253169|256.0|256.0|256.0|ICEY|XA00TEX|1.0|1.0|377.809447233|0.0|8|snow|-|SG001011|-|381|1|0|2066|XA00TEX|-|1.0|1.0|0.0|0.0|0.0|XA00TEX|-|1.0|1.0|377.809447233|0.0|160.0|160.0|256.0|256.0|408.0|408.0|408.0|408.0
UTNTSkyEdge_tnt03a2_10954_1_terrain_1_1|10954|1|2|1985|2066|13568.0|-6208.0|13344.0|-6240.0|13456.07071067812|-6224.494974746831|256.0|256.0|256.0|ICEY|XA00TEX|1.0|1.0|0.0|0.0|8|snow|-|SG001012|-|382|1|1|2066|XA00TEX|-|1.0|1.0|0.0|0.0|0.0|XA00TEX|-|1.0|1.0|377.809447233|0.0|160.0|160.0|256.0|256.0|408.0|408.0|408.0|408.0
UTNTSkyEdge_tnt03a2_10955_1_terrain_1_0|10955|1|2|1985|2066|13696.0|-6240.0|13568.0|-6208.0|13632.121267812518|-6223.514928749927|256.0|256.0|256.0|ICEY|XA00TEX|1.0|1.0|245.870067213|0.0|8|snow|-|SG001011|-|381|1|0|2066|XA00TEX|-|1.0|1.0|0.0|0.0|0.0|XA00TEX|-|1.0|1.0|245.870067213|0.0|160.0|160.0|256.0|256.0|408.0|408.0|408.0|408.0
UTNTSkyEdge_tnt03a2_10955_1_terrain_1_1|10955|1|2|1985|2066|13696.0|-6240.0|13568.0|-6208.0|13631.878732187482|-6224.485071250073|256.0|256.0|256.0|ICEY|XA00TEX|1.0|1.0|0.0|0.0|8|snow|-|SG001012|-|382|1|1|2066|XA00TEX|-|1.0|1.0|0.0|0.0|0.0|XA00TEX|-|1.0|1.0|245.870067213|0.0|160.0|160.0|256.0|256.0|408.0|408.0|408.0|408.0
UTNTSkyEdge_tnt03a2_10956_1_terrain_1_0|10956|1|2|1985|2066|14496.0|-6240.0|13696.0|-6240.0|14096.0|-6239.5|256.0|256.0|256.0|ICEY|XA00TEX|1.0|1.0|469.870067213|0.0|8|snow|-|SG001011|-|381|1|0|2066|XA00TEX|-|1.0|1.0|0.0|0.0|0.0|XA00TEX|-|1.0|1.0|469.870067213|0.0|160.0|160.0|256.0|256.0|408.0|408.0|408.0|408.0
UTNTSkyEdge_tnt03a2_10956_1_terrain_1_1|10956|1|2|1985|2066|14496.0|-6240.0|13696.0|-6240.0|14096.0|-6240.5|256.0|256.0|256.0|ICEY|XA00TEX|1.0|1.0|0.0|0.0|8|snow|-|SG001012|-|382|1|1|2066|XA00TEX|-|1.0|1.0|0.0|0.0|0.0|XA00TEX|-|1.0|1.0|469.870067213|0.0|160.0|160.0|256.0|256.0|408.0|408.0|408.0|408.0
UTNTSkyEdge_tnt03a2_10957_1_terrain_1_0|10957|1|2|1985|2066|14656.0|-6176.0|14496.0|-6240.0|14575.814304661822|-6207.535761654557|256.0|256.0|256.0|ICEY|XA00TEX|1.0|1.0|297.544793385|0.0|8|snow|-|SG001011|-|381|1|0|2066|XA00TEX|-|1.0|1.0|0.0|0.0|0.0|XA00TEX|-|1.0|1.0|297.544793385|0.0|160.0|160.0|256.0|256.0|408.0|408.0|408.0|408.0
UTNTSkyEdge_tnt03a2_10957_1_terrain_1_1|10957|1|2|1985|2066|14656.0|-6176.0|14496.0|-6240.0|14576.185695338178|-6208.464238345443|256.0|256.0|256.0|ICEY|XA00TEX|1.0|1.0|0.0|0.0|8|snow|-|SG001012|-|382|1|1|2066|XA00TEX|-|1.0|1.0|0.0|0.0|0.0|XA00TEX|-|1.0|1.0|297.544793385|0.0|160.0|160.0|256.0|256.0|408.0|408.0|408.0|408.0
UTNTSkyEdge_tnt03a2_10958_1_terrain_1_0|10958|1|2|1985|2066|14768.0|-6208.0|14656.0|-6176.0|14712.13736056395|-6191.51923802618|256.0|256.0|256.0|ICEY|XA00TEX|1.0|1.0|181.063035156|0.0|8|snow|-|SG001011|-|381|1|0|2066|XA00TEX|-|1.0|1.0|0.0|0.0|0.0|XA00TEX|-|1.0|1.0|181.063035156|0.0|160.0|160.0|256.0|256.0|408.0|408.0|408.0|408.0
UTNTSkyEdge_tnt03a2_10958_1_terrain_1_1|10958|1|2|1985|2066|14768.0|-6208.0|14656.0|-6176.0|14711.86263943605|-6192.48076197382|256.0|256.0|256.0|ICEY|XA00TEX|1.0|1.0|0.0|0.0|8|snow|-|SG001012|-|382|1|1|2066|XA00TEX|-|1.0|1.0|0.0|0.0|0.0|XA00TEX|-|1.0|1.0|181.063035156|0.0|160.0|160.0|256.0|256.0|408.0|408.0|408.0|408.0
UTNTSkyEdge_tnt03a2_10959_1_terrain_1_0|10959|1|2|1985|2066|14848.0|-6128.0|14768.0|-6208.0|14807.646446609408|-6167.646446609407|256.0|256.0|256.0|ICEY|XA00TEX|1.0|1.0|67.925950167|0.0|8|snow|-|SG001011|-|381|1|0|2066|XA00TEX|-|1.0|1.0|0.0|0.0|0.0|XA00TEX|-|1.0|1.0|67.925950167|0.0|160.0|160.0|256.0|256.0|408.0|408.0|408.0|408.0
UTNTSkyEdge_tnt03a2_10959_1_terrain_1_1|10959|1|2|1985|2066|14848.0|-6128.0|14768.0|-6208.0|14808.353553390592|-6168.353553390593|256.0|256.0|256.0|ICEY|XA00TEX|1.0|1.0|0.0|0.0|8|snow|-|SG001012|-|382|1|1|2066|XA00TEX|-|1.0|1.0|0.0|0.0|0.0|XA00TEX|-|1.0|1.0|67.925950167|0.0|160.0|160.0|256.0|256.0|408.0|408.0|408.0|408.0
UTNTSkyEdge_tnt03a2_10960_1_terrain_1_0|10960|1|2|1985|2066|14944.0|-6176.0|14848.0|-6128.0|14896.22360679775|-6151.5527864045|256.0|256.0|256.0|ICEY|XA00TEX|1.0|1.0|472.594687247|0.0|8|snow|-|SG001011|-|381|1|0|2066|XA00TEX|-|1.0|1.0|0.0|0.0|0.0|XA00TEX|-|1.0|1.0|472.594687247|0.0|160.0|160.0|256.0|256.0|408.0|408.0|408.0|408.0
UTNTSkyEdge_tnt03a2_10960_1_terrain_1_1|10960|1|2|1985|2066|14944.0|-6176.0|14848.0|-6128.0|14895.77639320225|-6152.4472135955|256.0|256.0|256.0|ICEY|XA00TEX|1.0|1.0|0.0|0.0|8|snow|-|SG001012|-|382|1|1|2066|XA00TEX|-|1.0|1.0|0.0|0.0|0.0|XA00TEX|-|1.0|1.0|472.594687247|0.0|160.0|160.0|256.0|256.0|408.0|408.0|408.0|408.0
UTNTSkyEdge_tnt03a2_10961_1_terrain_1_0|10961|1|2|1985|2066|15072.0|-6016.0|14944.0|-6176.0|15007.609565595278|-6095.687652476223|256.0|256.0|256.0|ICEY|XA00TEX|1.0|1.0|267.694711649|0.0|8|snow|-|SG001011|-|381|1|0|2066|XA00TEX|-|1.0|1.0|0.0|0.0|0.0|XA00TEX|-|1.0|1.0|267.694711649|0.0|160.0|160.0|256.0|256.0|408.0|408.0|408.0|408.0
UTNTSkyEdge_tnt03a2_10961_1_terrain_1_1|10961|1|2|1985|2066|15072.0|-6016.0|14944.0|-6176.0|15008.390434404722|-6096.312347523777|256.0|256.0|256.0|ICEY|XA00TEX|1.0|1.0|0.0|0.0|8|snow|-|SG001012|-|382|1|1|2066|XA00TEX|-|1.0|1.0|0.0|0.0|0.0|XA00TEX|-|1.0|1.0|267.694711649|0.0|160.0|160.0|256.0|256.0|408.0|408.0|408.0|408.0
UTNTSkyEdge_tnt03a2_10962_1_terrain_1_0|10962|1|2|1985|2066|15056.0|-5664.0|15072.0|-6016.0|15063.500515729895|-5840.022703830459|256.0|256.0|256.0|ICEY|XA00TEX|1.0|1.0|427.33126292|0.0|8|snow|-|SG001011|-|381|1|0|2066|XA00TEX|-|1.0|1.0|0.0|0.0|0.0|XA00TEX|-|1.0|1.0|427.33126292|0.0|160.0|160.0|256.0|256.0|408.0|408.0|408.0|408.0
UTNTSkyEdge_tnt03a2_10962_1_terrain_1_1|10962|1|2|1985|2066|15056.0|-5664.0|15072.0|-6016.0|15064.499484270105|-5839.977296169541|256.0|256.0|256.0|ICEY|XA00TEX|1.0|1.0|0.0|0.0|8|snow|-|SG001012|-|382|1|1|2066|XA00TEX|-|1.0|1.0|0.0|0.0|0.0|XA00TEX|-|1.0|1.0|427.33126292|0.0|160.0|160.0|256.0|256.0|408.0|408.0|408.0|408.0
UTNTSkyEdge_tnt03a2_10963_1_terrain_1_0|10963|1|2|1985|2066|15088.0|-5600.0|15056.0|-5664.0|15071.5527864045|-5631.77639320225|256.0|256.0|256.0|ICEY|XA00TEX|1.0|1.0|355.77708764|0.0|8|snow|-|SG001011|-|381|1|0|2066|XA00TEX|-|1.0|1.0|0.0|0.0|0.0|XA00TEX|-|1.0|1.0|355.77708764|0.0|160.0|160.0|256.0|256.0|408.0|408.0|408.0|408.0
UTNTSkyEdge_tnt03a2_10963_1_terrain_1_1|10963|1|2|1985|2066|15088.0|-5600.0|15056.0|-5664.0|15072.4472135955|-5632.22360679775|256.0|256.0|256.0|ICEY|XA00TEX|1.0|1.0|0.0|0.0|8|snow|-|SG001012|-|382|1|1|2066|XA00TEX|-|1.0|1.0|0.0|0.0|0.0|XA00TEX|-|1.0|1.0|355.77708764|0.0|160.0|160.0|256.0|256.0|408.0|408.0|408.0|408.0
UTNTSkyEdge_tnt03a2_10964_1_terrain_1_0|10964|1|2|1985|2066|15072.0|-5568.0|15088.0|-5600.0|15079.5527864045|-5584.22360679775|256.0|256.0|256.0|ICEY|XA00TEX|1.0|1.0|320.0|0.0|8|snow|-|SG001011|-|381|1|0|2066|XA00TEX|-|1.0|1.0|0.0|0.0|0.0|XA00TEX|-|1.0|1.0|320.0|0.0|160.0|160.0|256.0|256.0|408.0|408.0|408.0|408.0
UTNTSkyEdge_tnt03a2_10964_1_terrain_1_1|10964|1|2|1985|2066|15072.0|-5568.0|15088.0|-5600.0|15080.4472135955|-5583.77639320225|256.0|256.0|256.0|ICEY|XA00TEX|1.0|1.0|0.0|0.0|8|snow|-|SG001012|-|382|1|1|2066|XA00TEX|-|1.0|1.0|0.0|0.0|0.0|XA00TEX|-|1.0|1.0|320.0|0.0|160.0|160.0|256.0|256.0|408.0|408.0|408.0|408.0
