UTNTSkyEdge_tnt02_4_0|4|0|1|6|6|832.0|384.0|1456.0|512.0|1144.1004720718606|447.51019864967924|128.0|128.0|128.0|QROCK3|QROCK3X8|1.0|1.0|73.0|0.0|14.85|rock|EV000001|SG000232|SG000233|99
UTNTSkyEdge_tnt02_5_0|5|0|1|7|7|576.0|64.0|832.0|384.0|704.3904344047215|223.68765247622278|128.0|128.0|128.0|QROCK3|QROCK3X8|1.0|1.0|47.0|0.0|20.099999999999998|rock|EV000007|SG000234|SG000235|100
UTNTSkyEdge_tnt02_6_0|6|0|1|8|8|448.0|-320.0|576.0|64.0|512.4743416490253|-128.1581138830084|128.0|128.0|128.0|QROCK3|QROCK3X8|1.0|1.0|26.0|0.0|22|rock|EV000010|SG000236|SG000237|101
UTNTSkyEdge_tnt02_7_0|7|0|2|9|10|-768.0|64.0|-576.0|-64.0|-672.2773500981126|-0.41602514716892186|-178.5|-192.0|-165.0|QROCK3|QROCK3X8|1.0|1.0|222.385770251|10.0|10.049999999999999|rock|EV000014|SG000238|SG000239|102
UTNTSkyEdge_tnt02_9_0|9|0|1|12|12|2048.0|448.0|2560.0|192.0|2303.77639320225|319.55278640450007|128.0|128.0|128.0|QROCK3|QROCK3X8|1.0|1.0|30.0|0.0|18.599999999999998|rock|EV000024|SG000240|SG000241|103
UTNTSkyEdge_tnt02_10_0|10|0|1|13|13|1792.0|512.0|2048.0|448.0|1919.8787321874818|479.5149287499273|128.0|128.0|128.0|QROCK3|QROCK3X8|1.0|1.0|22.0|0.0|14.85|rock|EV000027|SG000242|SG000243|104
UTNTSkyEdge_tnt02_28_0|28|0|1|17|17|256.0|-448.0|448.0|-320.0|352.2773500981126|-384.4160251471689|128.0|128.0|128.0|QROCK3|QROCK3X8|1.0|1.0|51.0|0.0|22|rock|EV000060|SG000244|SG000245|105
UTNTSkyEdge_tnt02_30_0|30|0|1|19|19|-320.0|-320.0|-64.0|-448.0|-192.22360679774997|-384.44721359549993|-128.0|-128.0|-128.0|QROCK3|QROCK3X8|1.0|1.0|47.0|0.0|16.349999999999998|rock|EV000072|SG000246|SG000247|106
UTNTSkyEdge_tnt02_31_0|31|0|2|20|21|-576.0|-64.0|-320.0|-320.0|-448.3535533905933|-192.35355339059328|-127.0|-127.0|-127.0|QROCK3|QROCK3X8|1.0|1.0|69.0|-1.0|16.425|rock|EV000077|SG000248|SG000249|107
UTNTSkyEdge_tnt02_32_0|32|0|2|9|22|-960.0|0.0|-768.0|64.0|-863.8418861169915|31.525658350974744|-192.0|-192.0|-192.0|QROCK3|QROCK3X8|1.0|1.0|20.0|64.0|10.049999999999999|rock|EV000016|SG000238|SG000250|102
UTNTSkyEdge_tnt02_33_0|33|0|2|23|24|-1080.0|-152.0|-960.0|0.0|-1019.6075586172333|-76.30982214428951|-176.8|-161.6|-192.0|QROCK3|QROCK3X8|1.0|1.0|82.0|32.0|14.399999999999999|rock|EV000086|SG000251|SG000252|108
UTNTSkyEdge_tnt02_35_0|35|0|1|27|27|-1024.0|-768.0|-1088.0|-512.0|-1055.5149287499273|-639.8787321874819|-128.0|-128.0|-128.0|QROCK3|QROCK3X8|1.0|1.0|226.385770251|0.0|11.85|rock|EV000137|SG000253|SG000254|109
UTNTSkyEdge_tnt02_36_0|36|0|1|27|27|-832.0|-832.0|-1024.0|-768.0|-927.8418861169915|-799.5256583509747|-128.0|-128.0|-128.0|QROCK3|QROCK3X8|1.0|1.0|24.0|0.0|11.85|rock|EV000138|SG000253|SG000255|109
UTNTSkyEdge_tnt02_37_0|37|0|1|25|25|-640.0|-704.0|-832.0|-832.0|-736.2773500981126|-767.583974852831|-128.0|-128.0|-128.0|QROCK3|QROCK3X8|1.0|1.0|49.0|0.0|19.2|rock|EV000113|SG000256|SG000257|110
UTNTSkyEdge_tnt02_38_0|38|0|1|20|20|-448.0|-576.0|-640.0|-704.0|-544.2773500981126|-639.583974852831|-128.0|-128.0|-128.0|QROCK3|QROCK3X8|1.0|1.0|74.0|0.0|16.349999999999998|rock|EV000078|SG000248|SG000258|107
UTNTSkyEdge_tnt02_39_0|39|0|1|19|19|-256.0|-576.0|-448.0|-576.0|-352.0|-575.5|-128.0|-128.0|-128.0|QROCK3|QROCK3X8|1.0|1.0|10.0|0.0|16.349999999999998|rock|EV000073|SG000246|SG000259|106
UTNTSkyEdge_tnt02_41_0|41|0|1|17|17|448.0|-768.0|320.0|-768.0|384.0|-767.5|128.0|128.0|128.0|QROCK3|QROCK3X8|1.0|1.0|276.0|0.0|22|rock|EV000061|SG000244|SG000260|105
UTNTSkyEdge_tnt02_42_0|42|0|1|17|17|640.0|-768.0|448.0|-768.0|544.0|-767.5|128.0|128.0|128.0|QROCK3|QROCK3X8|1.0|1.0|84.0|0.0|22|rock|EV000062|SG000244|SG000261|105
UTNTSkyEdge_tnt02_43_0|43|0|1|28|28|832.0|-1024.0|640.0|-768.0|736.4|-895.7|128.0|128.0|128.0|QROCK3|QROCK3X8|1.0|1.0|659.548339959|0.0|22|rock|EV000139|SG000262|SG000263|111
UTNTSkyEdge_tnt02_44_0|44|0|1|28|28|1280.0|-1088.0|832.0|-1024.0|1056.0707106781188|-1055.5050252531694|128.0|128.0|128.0|QROCK3|QROCK3X8|1.0|1.0|207.0|0.0|22|rock|EV000140|SG000262|SG000264|111
UTNTSkyEdge_tnt02_45_0|45|0|1|28|28|1920.0|-1088.0|1872.0|-1088.0|1896.0|-1087.5|128.0|128.0|128.0|QROCK3|QROCK3X8|1.0|1.0|287.509667992|0.0|22|rock|EV000141|SG000262|SG000265|111
UTNTSkyEdge_tnt02_46_0|46|0|1|28|28|1984.0|-1024.0|1920.0|-1088.0|1951.6464466094067|-1055.6464466094067|128.0|128.0|128.0|QROCK3|QROCK3X8|1.0|1.0|197.0|0.0|22|rock|EV000142|SG000262|SG000266|111
UTNTSkyEdge_tnt02_47_0|47|0|1|29|29|2560.0|192.0|2816.0|0.0|2687.7|95.6|128.0|128.0|128.0|QROCK3|QROCK3X8|1.0|1.0|90.0|0.0|17.099999999999998|rock|EV000194|SG000267|SG000268|112
UTNTSkyEdge_tnt02_48_0|48|0|1|28|28|2176.0|-1024.0|1984.0|-1024.0|2080.0|-1023.5|128.0|128.0|128.0|QROCK3|QROCK3X8|1.0|1.0|5.0|0.0|22|rock|EV000143|SG000262|SG000269|111
UTNTSkyEdge_tnt02_49_0|49|0|1|28|28|2180.0|-1024.0|2176.0|-1024.0|2178.0|-1023.5|128.0|128.0|128.0|QROCK3|QROCK3X8|1.0|1.0|1.0|0.0|22|rock|-|SG000262|-|111
UTNTSkyEdge_tnt02_52_0|52|0|1|32|32|4800.0|-384.0|4672.0|-384.0|4736.0|-383.5|320.0|320.0|320.0|QROCK3|QROCK3X8|1.0|1.0|305.21670112|64.0|22|rock|EV000213|SG000270|SG000271|113
UTNTSkyEdge_tnt02_53_0|53|0|1|32|32|4032.0|-384.0|3840.0|-320.0|3936.1581138830084|-351.52565835097477|320.0|320.0|320.0|QROCK3|QROCK3X8|1.0|1.0|132.0|64.0|22|rock|EV000214|SG000270|SG000272|113
UTNTSkyEdge_tnt02_56_0|56|0|1|35|35|2816.0|-384.0|2592.0|-512.0|2703.7519305308215|-447.56587842893776|128.0|128.0|128.0|QROCK3|QROCK3X8|1.0|1.0|57.0|0.0|17.099999999999998|rock|EV000245|SG000273|SG000274|114
UTNTSkyEdge_tnt02_62_0|62|0|1|38|38|4416.0|384.0|4800.0|320.0|4607.917800506348|351.50680303808394|320.0|320.0|320.0|QROCK3|QROCK3X8|1.0|1.0|112.0|64.0|22|rock|EV000307|SG000275|SG000276|115
UTNTSkyEdge_tnt02_63_0|63|0|1|39|39|4800.0|320.0|4928.0|64.0|4863.5527864045|191.77639320225003|320.0|320.0|320.0|QROCK3|QROCK3X8|1.0|1.0|117.0|64.0|22|rock|EV000309|SG000277|SG000278|116
UTNTSkyEdge_tnt02_65_0|65|0|1|32|32|4928.0|-128.0|4800.0|-384.0|4863.5527864045|-255.77639320225003|320.0|320.0|320.0|QROCK3|QROCK3X8|1.0|1.0|19.0|64.0|22|rock|EV000216|SG000270|SG000279|113
UTNTSkyEdge_tnt02_67_0|67|0|0|19|19|-64.0|-448.0|-256.0|-576.0|-160.2773500981126|-511.5839748528311|-128.0|-128.0|-128.0|QROCK3|QROCK3X8|1.0|1.0|35.0|-976.0|17.28|rock|EV000074|SG000246|SG000280|106
UTNTSkyEdge_tnt02_73_0|73|0|0|17|17|320.0|-768.0|256.0|-448.0|288.49029033784547|-607.9019419324309|128.0|128.0|128.0|QROCK3|QROCK3X8|1.0|1.0|0.0|-730.0|22|rock|EV000063|SG000244|SG000281|105
UTNTSkyEdge_tnt02_82_0|82|0|0|28|28|1472.0|320.0|1792.0|320.0|1632.0|319.5|128.0|128.0|128.0|QROCK3|QROCK3X8|1.0|1.0|125.0|-992.0|11.52|rock|EV000150|SG000262|SG000282|111
UTNTSkyEdge_tnt02_92_0|92|0|0|42|42|2816.0|0.0|2800.0|-184.0|2807.501879705902|-91.95668519181758|128.0|128.0|128.0|QROCK3|QROCK3X8|1.0|1.0|106.0|-986.0|15.03|rock|EV000350|SG000283|SG000284|117
UTNTSkyEdge_tnt02_94_0|94|0|0|32|32|3840.0|-320.0|3872.0|0.0|3856.497518595105|-160.0497518595105|320.0|320.0|320.0|QROCK3|QROCK3X8|1.0|1.0|30.0|-768.0|22|rock|EV000217|SG000270|SG000285|113
UTNTSkyEdge_tnt02_99_0|99|0|1|26|26|-1088.0|-512.0|-1152.0|-448.0|-1119.6464466094067|-479.6464466094067|-128.0|-128.0|-128.0|QROCK3|QROCK3X8|1.0|1.0|41.0|0.0|18.0|rock|EV000122|SG000286|SG000287|118
UTNTSkyEdge_tnt02_101_0|101|0|1|26|26|-1152.0|-448.0|-1152.0|-384.0|-1151.5|-416.0|-128.0|-128.0|-128.0|QROCK3|QROCK3X8|1.0|1.0|131.509667992|0.0|18.0|rock|EV000123|SG000286|SG000288|118
UTNTSkyEdge_tnt02_104_1|104|1|2|26|24|-1120.0|-160.0|-1080.0|-152.0|-1099.9019419324309|-156.49029033784547|-160.8|-160.0|-161.6|QROCK3|QROCK3X8|1.0|1.0|101.688820407|32.0|15.48|rock|EV000125|SG000286|SG000289|118
UTNTSkyEdge_tnt02_117_1|117|1|0|6|6|1440.0|416.0|1472.0|320.0|1455.5256583509747|367.8418861169916|128.0|128.0|128.0|QROCK3|QROCK3X8|1.0|1.0|152.324200485|-1008.0|5.76|rock|EV000002|SG000232|SG000290|99
UTNTSkyEdge_tnt02_118_0|118|0|0|13|13|1792.0|320.0|1840.0|384.0|1816.4|351.7|128.0|128.0|128.0|QROCK3|QROCK3X8|1.0|1.0|61.0|-1008.0|5.76|rock|EV000028|SG000242|SG000291|104
UTNTSkyEdge_tnt02_142_0|142|0|0|32|32|3872.0|0.0|4096.0|384.0|3984.431889450449|191.74806448723797|320.0|320.0|320.0|QROCK3|QROCK3X8|1.0|1.0|96.0|-896.0|22|rock|EV000219|SG000270|SG000292|113
UTNTSkyEdge_tnt02_164_0|164|0|1|28|28|1456.0|-1088.0|1392.0|-1088.0|1424.0|-1087.5|128.0|128.0|128.0|QROCK3|QROCK3X8|1.0|1.0|31.0|0.0|22|rock|EV000172|SG000262|SG000293|111
UTNTSkyEdge_tnt02_245_0|245|0|1|68|68|2384.0|-752.0|2336.0|-880.0|2359.5318354112155|-815.8244382792058|128.0|128.0|128.0|QROCK3|QROCK3X8|1.0|1.0|121.0|0.0|22|rock|EV000464|SG000294|SG000295|119
UTNTSkyEdge_tnt02_246_0|246|0|1|67|67|2480.0|-624.0|2384.0|-752.0|2431.6|-687.7|128.0|128.0|128.0|QROCK3|QROCK3X8|1.0|1.0|89.0|0.0|22|rock|EV000461|SG000296|SG000297|120
UTNTSkyEdge_tnt02_247_0|247|0|1|66|66|2592.0|-512.0|2480.0|-624.0|2535.6464466094067|-567.6464466094068|128.0|128.0|128.0|QROCK3|QROCK3X8|1.0|1.0|59.0|0.0|17.099999999999998|rock|EV000458|SG000298|SG000299|121
UTNTSkyEdge_tnt02_248_0|248|0|1|43|43|2336.0|-880.0|2272.0|-976.0|2303.583974852831|-927.7226499018874|128.0|128.0|128.0|QROCK3|QROCK3X8|1.0|1.0|2.0|0.0|22|rock|EV000355|SG000300|SG000301|122
UTNTSkyEdge_tnt02_249_0|249|0|1|43|43|2272.0|-976.0|2272.0|-1024.0|2271.5|-1000.0|128.0|128.0|128.0|QROCK3|QROCK3X8|1.0|1.0|117.377640815|0.0|22|rock|EV000356|SG000300|SG000302|122
UTNTSkyEdge_tnt02_250_0|250|0|1|43|43|2272.0|-1024.0|2256.0|-1024.0|2264.0|-1023.5|128.0|128.0|128.0|QROCK3|QROCK3X8|1.0|1.0|165.377640815|0.0|22|rock|EV000357|SG000300|SG000303|122
UTNTSkyEdge_tnt02_255_0|255|0|0|42|42|2800.0|-184.0|2816.0|-384.0|2807.501592360732|-284.03987261114145|128.0|128.0|128.0|QROCK3|QROCK3X8|1.0|1.0|290.69434209|-986.0|13.68|rock|EV000352|SG000283|SG000304|117
UTNTSkyEdge_tnt02_256_0|256|0|0|13|13|1840.0|384.0|1792.0|512.0|1816.4681645887845|448.1755617207942|128.0|128.0|128.0|QROCK3|QROCK3X8|1.0|1.0|141.0|-1008.0|5.76|rock|EV000031|SG000242|SG000305|104
UTNTSkyEdge_tnt02_257_1|257|1|0|6|6|1456.0|512.0|1440.0|416.0|1447.506803038084|464.0821994936527|128.0|128.0|128.0|QROCK3|QROCK3X8|1.0|1.0|55.0|-1008.0|5.76|rock|EV000004|SG000232|SG000306|99
UTNTSkyEdge_tnt02_278_0|278|0|0|32|32|4672.0|-384.0|4696.0|-288.0|4684.485071250073|-336.12126781251817|320.0|320.0|320.0|QROCK3|QROCK3X8|1.0|1.0|20.0|-928.0|11.52|rock|EV000220|SG000270|SG000307|113
UTNTSkyEdge_tnt02_279_0|279|0|0|32|32|4288.0|-64.0|4160.0|-256.0|4223.5839748528315|-159.7226499018874|320.0|320.0|320.0|QROCK3|QROCK3X8|1.0|1.0|541.0|-928.0|11.52|rock|EV000221|SG000270|SG000308|113
UTNTSkyEdge_tnt02_281_0|281|0|0|32|32|4096.0|384.0|4288.0|128.0|4191.6|255.7|320.0|320.0|320.0|QROCK3|QROCK3X8|1.0|1.0|29.0|-928.0|11.52|rock|EV000222|SG000270|SG000309|113
UTNTSkyEdge_tnt02_282_0|282|0|0|32|32|4288.0|128.0|4288.0|-64.0|4287.5|32.0|320.0|320.0|320.0|QROCK3|QROCK3X8|1.0|1.0|349.0|-928.0|11.52|rock|EV000223|SG000270|SG000310|113
UTNTSkyEdge_tnt02_283_0|283|0|0|32|32|4672.0|-192.0|4464.0|128.0|4568.419221808151|-31.72750582470229|320.0|320.0|320.0|QROCK3|QROCK3X8|1.0|1.0|217.90907003|-928.0|11.52|rock|EV000224|SG000270|SG000311|113
UTNTSkyEdge_tnt02_284_0|284|0|0|32|32|4384.0|288.0|4416.0|384.0|4400.4743416490255|335.8418861169916|320.0|320.0|320.0|QROCK3|QROCK3X8|1.0|1.0|778.45404237|-928.0|11.52|rock|EV000225|SG000270|SG000312|113
UTNTSkyEdge_tnt02_285_0|285|0|0|32|32|4160.0|-256.0|4168.0|-320.0|4163.503861061643|-288.06201736729463|320.0|320.0|320.0|QROCK3|QROCK3X8|1.0|1.0|771.75528163|-928.0|11.52|rock|EV000226|SG000270|SG000313|113
UTNTSkyEdge_tnt02_294_0|294|0|0|32|32|4424.0|56.0|4472.0|32.0|4447.77639320225|43.55278640450004|320.0|320.0|320.0|QROCK3|QROCK3X8|1.0|1.0|256.438170716|-928.0|11.52|rock|EV000227|SG000270|SG000314|113
UTNTSkyEdge_tnt02_295_0|295|0|0|32|32|4464.0|128.0|4384.0|288.0|4424.4472135955|208.22360679774997|320.0|320.0|320.0|QROCK3|QROCK3X8|1.0|1.0|599.56860417|-928.0|11.52|rock|EV000228|SG000270|SG000315|113
UTNTSkyEdge_tnt02_296_0|296|0|0|32|32|4368.0|48.0|4424.0|56.0|4396.070710678118|51.505025253169414|320.0|320.0|320.0|QROCK3|QROCK3X8|1.0|1.0|199.869628221|-928.0|11.52|rock|EV000229|SG000270|SG000316|113
UTNTSkyEdge_tnt02_297_0|297|0|0|32|32|4328.0|0.0|4368.0|48.0|4348.384110639799|23.67990780016776|320.0|320.0|320.0|QROCK3|QROCK3X8|1.0|1.0|137.387630814|-928.0|11.52|rock|EV000230|SG000270|SG000317|113
UTNTSkyEdge_tnt02_298_0|298|0|0|32|32|4368.0|-32.0|4328.0|0.0|4348.312347523777|-15.609565595278484|320.0|320.0|320.0|QROCK3|QROCK3X8|1.0|1.0|86.162636914|-928.0|11.52|rock|EV000231|SG000270|SG000318|113
UTNTSkyEdge_tnt02_299_0|299|0|0|32|32|4400.0|-112.0|4368.0|-32.0|4384.464238345443|-71.81430466182294|320.0|320.0|320.0|QROCK3|QROCK3X8|1.0|1.0|0.0|-928.0|11.52|rock|EV000232|SG000270|SG000319|113
UTNTSkyEdge_tnt02_300_0|300|0|0|32|32|4464.0|-80.0|4400.0|-112.0|4431.77639320225|-95.55278640450004|320.0|320.0|320.0|QROCK3|QROCK3X8|1.0|1.0|424.913223785|-928.0|11.52|rock|EV000233|SG000270|SG000320|113
UTNTSkyEdge_tnt02_301_0|301|0|0|32|32|4480.0|-24.0|4464.0|-80.0|4471.51923802618|-51.86263943605131|320.0|320.0|320.0|QROCK3|QROCK3X8|1.0|1.0|366.672344671|-928.0|11.52|rock|EV000234|SG000270|SG000321|113
UTNTSkyEdge_tnt02_302_0|302|0|0|32|32|4472.0|32.0|4480.0|-24.0|4475.505025253169|3.9292893218813454|320.0|320.0|320.0|QROCK3|QROCK3X8|1.0|1.0|310.103802176|-928.0|11.52|rock|EV000235|SG000270|SG000322|113
UTNTSkyEdge_tnt02_661_0|661|0|1|28|28|1328.0|-1088.0|1280.0|-1088.0|1304.0|-1087.5|128.0|128.0|128.0|QROCK3|QROCK3X8|1.0|1.0|159.0|0.0|22|rock|EV000181|SG000262|SG000323|111
UTNTSkyEdge_tnt02_662_0|662|0|1|308|308|1392.0|-1088.0|1328.0|-1088.0|1360.0|-1087.5|128.0|128.0|128.0|QROCK3|QROCK3X8|1.0|1.0|95.0|0.0|22|rock|EV000632|SG000324|SG000325|123
UTNTSkyEdge_tnt02_669_0|669|0|1|28|28|1808.0|-1088.0|1744.0|-1088.0|1776.0|-1087.5|128.0|128.0|128.0|QROCK3|QROCK3X8|1.0|1.0|399.509667992|0.0|22|rock|EV000182|SG000262|SG000326|111
UTNTSkyEdge_tnt02_670_0|670|0|1|306|306|1872.0|-1088.0|1808.0|-1088.0|1840.0|-1087.5|128.0|128.0|128.0|QROCK3|QROCK3X8|1.0|1.0|335.509667992|0.0|22|rock|EV000627|SG000327|SG000328|124
UTNTSkyEdge_tnt02_1188_0|1188|0|1|43|43|2192.0|-1024.0|2180.0|-1024.0|2186.0|-1023.5|128.0|128.0|128.0|QROCK3|QROCK3X8|1.0|1.0|117.0|0.0|22|rock|EV000358|SG000300|SG000329|122
UTNTSkyEdge_tnt02_1191_1|1191|1|0|43|43|2256.0|-1024.0|2192.0|-1024.0|2224.0|-1023.5|128.0|128.0|128.0|QROCK3|QROCK3X8|1.0|1.0|53.0|-576.0|22|rock|EV000359|SG000300|SG000330|122
UTNTSkyEdge_tnt02_2919_0|2919|0|1|721|721|800.0|1748.0|800.0|1880.0|800.5|1814.0|256.0|256.0|256.0|QROCK3|QROCK3X8|1.0|1.0|0.0|0.0|22|rock|EV000699|SG000331|SG000332|125
UTNTSkyEdge_tnt02_2920_0|2920|0|1|722|722|800.0|2132.0|992.0|2516.0|896.4472135955|2323.77639320225|256.0|256.0|256.0|QROCK3|QROCK3X8|1.0|1.0|0.0|0.0|22|rock|EV000704|SG000333|SG000334|126
UTNTSkyEdge_tnt02_2921_0|2921|0|1|723|723|1184.0|2708.0|1568.0|2912.0|1376.234577612981|2809.5584421402714|256.0|256.0|256.0|QROCK3|QROCK3X8|1.0|1.0|0.0|0.0|22|rock|EV000706|SG000335|SG000336|127
UTNTSkyEdge_tnt02_2922_0|2922|0|1|724|724|2143.0|2708.0|2240.0|2624.0|2191.172683104877|2665.622026918727|256.0|256.0|256.0|QROCK3|QROCK3X8|1.0|1.0|0.0|0.0|22|rock|EV000708|SG000337|SG000338|128
UTNTSkyEdge_tnt02_2923_0|2923|0|1|725|725|2335.0|2516.0|2528.0|2128.0|2431.0523258373128|2321.777316718045|256.0|256.0|256.0|QROCK3|QROCK3X8|1.0|1.0|0.0|0.0|22|rock|EV000713|SG000339|SG000340|129
UTNTSkyEdge_tnt02_2924_0|2924|0|1|726|726|2528.0|2128.0|2528.0|1960.0|2527.5|2044.0|256.0|256.0|256.0|QROCK3|QROCK3X8|1.0|1.0|0.0|0.0|22|rock|EV000715|SG000341|SG000342|130
UTNTSkyEdge_tnt02_2925_0|2925|0|1|726|726|2528.0|1744.0|2496.0|1616.0|2511.5149287499275|1680.1212678125182|256.0|256.0|256.0|QROCK3|QROCK3X8|1.0|1.0|136.0|0.0|22|rock|EV000716|SG000341|SG000343|130
UTNTSkyEdge_tnt02_2926_0|2926|0|1|727|727|992.0|2516.0|1040.0|2592.0|1016.4227444515155|2553.733003504306|256.0|256.0|256.0|QROCK3|QROCK3X8|1.0|1.0|0.0|0.0|22|rock|EV000722|SG000344|SG000345|131
UTNTSkyEdge_tnt02_2927_0|2927|0|1|728|728|1568.0|2912.0|1600.0|2912.0|1584.0|2911.5|256.0|256.0|256.0|QROCK3|QROCK3X8|1.0|1.0|0.0|0.0|22|rock|EV000727|SG000346|SG000347|132
UTNTSkyEdge_tnt02_2928_0|2928|0|1|729|729|1760.0|2912.0|2143.0|2708.0|1951.264945134188|2809.5586960117357|256.0|256.0|256.0|QROCK3|QROCK3X8|1.0|1.0|0.0|0.0|22|rock|EV000731|SG000348|SG000349|133
UTNTSkyEdge_tnt02_2965_0|2965|0|1|730|730|832.0|1616.0|800.0|1748.0|816.4859250528443|1682.1178000128107|256.0|256.0|256.0|QROCK3|QROCK3X8|1.0|1.0|0.0|0.0|22|rock|EV000735|SG000350|SG000351|134
UTNTSkyEdge_tnt02_3091_0|3091|0|1|727|727|1104.0|2656.0|1184.0|2708.0|1144.2724941752977|2681.5807781918497|256.0|256.0|256.0|QROCK3|QROCK3X8|1.0|1.0|0.0|0.0|22|rock|EV000724|SG000344|SG000352|131
UTNTSkyEdge_tnt02_3094_0|3094|0|1|724|724|2304.0|2560.0|2335.0|2516.0|2319.0912587834346|2537.7120232337834|256.0|256.0|256.0|QROCK3|QROCK3X8|1.0|1.0|0.0|0.0|22|rock|EV000710|SG000337|SG000353|128
UTNTSkyEdge_tnt02_3133_0|3133|0|1|728|728|1728.0|2912.0|1760.0|2912.0|1744.0|2911.5|256.0|256.0|256.0|QROCK3|QROCK3X8|1.0|1.0|0.0|0.0|22|rock|EV000728|SG000346|SG000354|132
UTNTSkyEdge_tnt02_3135_0|3135|0|0|728|728|1600.0|2912.0|1728.0|2912.0|1664.0|2911.5|256.0|256.0|256.0|QROCK3|QROCK3X8|1.0|1.0|0.0|-826.0|22|rock|EV000729|SG000346|SG000355|132
UTNTSkyEdge_tnt02_3139_0|3139|0|1|794|794|1600.0|2976.0|1472.0|3008.0|1536.1212678125182|2992.4850712500725|128.0|128.0|128.0|QROCK3|QROCK3X8|1.0|1.0|121.0|0.0|15.45|rock|EV000995|SG000356|SG000357|135
UTNTSkyEdge_tnt02_3143_0|3143|0|1|795|795|3648.0|4864.0|3816.0|4816.0|3731.8626394360513|4839.51923802618|128.0|128.0|128.0|QROCK3|QROCK3X8|1.0|1.0|0.0|0.0|19.95|rock|EV000999|SG000358|SG000359|136
UTNTSkyEdge_tnt02_3144_0|3144|0|1|796|796|1856.0|3072.0|1728.0|2976.0|1791.7|3024.4|128.0|128.0|128.0|QROCK3|QROCK3X8|1.0|1.0|89.0|0.0|16.063636363636363|rock|EV001001|SG000360|SG000361|137
UTNTSkyEdge_tnt02_3145_0|3145|0|0|794|794|1728.0|2976.0|1600.0|2976.0|1664.0|2976.5|128.0|128.0|128.0|QROCK3|QROCK3X8|1.0|1.0|121.0|-954.0|22|rock|EV000996|SG000356|SG000362|135
UTNTSkyEdge_tnt02_3146_0|3146|0|1|797|797|3392.0|4896.0|3648.0|4864.0|3519.9379826327054|4879.503861061643|128.0|128.0|128.0|QROCK3|QROCK3X8|1.0|1.0|57.0|0.0|19.95|rock|EV001003|SG000363|SG000364|138
UTNTSkyEdge_tnt02_3147_0|3147|0|1|1837|1837|2112.0|4864.0|2224.0|4896.0|2168.1373605639487|4879.51923802618|128.0|128.0|128.0|QROCK3|QROCK3X8|1.0|1.0|60.0|0.0|22|rock|EV001424|SG000365|SG000366|139
UTNTSkyEdge_tnt02_3149_0|3149|0|1|1837|1837|1344.0|4096.0|1376.0|4352.0|1360.4961389383568|4223.937982632706|128.0|128.0|128.0|QROCK3|QROCK3X8|1.0|1.0|30.0|0.0|22|rock|EV001426|SG000365|SG000367|139
UTNTSkyEdge_tnt02_3150_0|3150|0|1|798|798|1408.0|3168.0|1280.0|3472.0|1344.460817687569|3320.194028500029|128.0|128.0|128.0|QROCK3X8|QROCK3X8|1.0|1.0|0.0|0.0|22|rock|EV001006|SG000368|SG000369|140
UTNTSkyEdge_tnt02_3151_0|3151|0|1|799|799|2240.0|3072.0|2128.0|3072.0|2184.0|3072.5|128.0|128.0|128.0|QROCK3|QROCK3X8|1.0|1.0|87.0|0.0|22|rock|EV001062|SG000370|SG000371|141
UTNTSkyEdge_tnt02_3152_0|3152|0|1|800|800|2496.0|3200.0|2368.0|3152.0|2431.824438279206|3176.4681645887845|128.0|128.0|128.0|QROCK3|QROCK3X8|1.0|1.0|55.0|0.0|22|rock|EV001066|SG000372|SG000373|142
UTNTSkyEdge_tnt02_3153_0|3153|0|1|801|801|3008.0|3200.0|2832.0|3216.0|2920.045267873021|3208.4979466032337|128.0|128.0|128.0|QROCK3|QROCK3X8|1.0|1.0|45.0|0.0|22|rock|EV001069|SG000374|SG000375|143
UTNTSkyEdge_tnt02_3154_0|3154|0|1|798|798|3616.0|3456.0|3320.0|3368.0|3467.8575148659584|3412.4792681781396|128.0|128.0|128.0|QROCK3X8|QROCK3X8|1.0|1.0|305.679570793|0.0|22|rock|EV001007|SG000368|SG000376|140
UTNTSkyEdge_tnt02_3155_0|3155|0|1|798|798|4032.0|3840.0|4016.0|3776.0|4023.5149287499275|3808.121267812518|128.0|128.0|128.0|QROCK3|QROCK3X8|1.0|1.0|251.0|0.0|22|rock|EV001008|SG000368|SG000377|140
UTNTSkyEdge_tnt02_3158_0|3158|0|1|794|794|1472.0|3008.0|1408.0|3168.0|1440.4642383454427|3088.185695338177|128.0|128.0|128.0|QROCK3|QROCK3X8|1.0|1.0|252.93938002|0.0|15.45|rock|EV000997|SG000356|SG000378|135
UTNTSkyEdge_tnt02_3164_0|3164|0|1|804|804|2832.0|3216.0|2656.0|3168.0|2743.868441297104|3192.4823819106186|128.0|128.0|128.0|QROCK3|QROCK3X8|1.0|1.0|94.0|0.0|22|rock|EV001078|SG000379|SG000380|144
UTNTSkyEdge_tnt02_3165_0|3165|0|1|803|803|2656.0|3168.0|2496.0|3200.0|2576.098058067569|3184.4902903378456|128.0|128.0|128.0|QROCK3|QROCK3X8|1.0|1.0|20.0|0.0|22|rock|EV001075|SG000381|SG000382|145
UTNTSkyEdge_tnt02_3166_0|3166|0|1|802|802|2368.0|3152.0|2240.0|3072.0|2303.7350005299986|3112.4239991520026|128.0|128.0|128.0|QROCK3|QROCK3X8|1.0|1.0|64.0|0.0|22|rock|EV001072|SG000383|SG000384|146
UTNTSkyEdge_tnt02_3167_0|3167|0|1|799|799|2128.0|3072.0|2032.0|3088.0|2080.0821994936528|3080.493196961916|128.0|128.0|128.0|QROCK3|QROCK3X8|1.0|1.0|199.0|0.0|22|rock|EV001063|SG000370|SG000385|141
UTNTSkyEdge_tnt02_3168_0|3168|0|1|805|805|2032.0|3088.0|1856.0|3072.0|1943.9547321269788|3080.4979466032337|128.0|128.0|128.0|QROCK3|QROCK3X8|1.0|1.0|40.0|0.0|21.094897959183672|rock|EV001081|SG000386|SG000387|147
UTNTSkyEdge_tnt02_3172_0|3172|0|1|1837|1837|3960.0|4624.0|3995.0|4480.0|3977.0141452640332|4551.88191030723|128.0|128.0|128.0|QROCK3|QROCK3X8|1.0|1.0|64.0|0.0|22|rock|EV001427|SG000365|SG000388|139
UTNTSkyEdge_tnt02_3173_0|3173|0|1|806|806|2224.0|4896.0|2432.0|4944.0|2328.1124297533493|4919.512804402153|128.0|128.0|128.0|QROCK3|QROCK3X8|1.0|1.0|48.0|0.0|22|rock|EV001084|SG000389|SG000390|148
UTNTSkyEdge_tnt02_3179_0|3179|0|1|810|810|2592.0|4992.0|2816.0|4992.0|2704.0|4991.5|128.0|128.0|128.0|QROCK3|QROCK3X8|1.0|1.0|44.0|0.0|22|rock|EV001095|SG000391|SG000392|149
UTNTSkyEdge_tnt02_3180_0|3180|0|1|808|808|2816.0|4992.0|3072.0|4864.0|2943.77639320225|4927.5527864045|128.0|128.0|128.0|QROCK3|QROCK3X8|1.0|1.0|12.0|0.0|22|rock|EV001089|SG000393|SG000394|150
UTNTSkyEdge_tnt02_3181_0|3181|0|1|809|809|3072.0|4864.0|3232.0|4880.0|3152.0497518595107|4871.502481404895|128.0|128.0|128.0|QROCK3|QROCK3X8|1.0|1.0|42.0|0.0|22|rock|EV001092|SG000395|SG000396|151
UTNTSkyEdge_tnt02_3182_0|3182|0|1|807|807|3896.0|4784.0|3960.0|4624.0|3927.5357616545575|4703.814304661823|128.0|128.0|128.0|QROCK3|QROCK3X8|1.0|1.0|86.162636914|0.0|19.95|rock|EV001086|SG000397|SG000398|152
UTNTSkyEdge_tnt02_3186_0|3186|0|1|798|798|1280.0|3472.0|1280.0|3808.0|1280.5|3640.0|128.0|128.0|128.0|QROCK3X8|QROCK3X8|1.0|1.0|329.848450049|0.0|22|rock|EV001019|SG000368|SG000399|140
UTNTSkyEdge_tnt02_3188_0|3188|0|1|798|798|3840.0|3664.0|3616.0|3456.0|3727.6597744503165|3560.3663967458133|128.0|128.0|128.0|QROCK3X8|QROCK3X8|1.0|1.0|0.0|0.0|22|rock|EV001020|SG000368|SG000400|140
UTNTSkyEdge_tnt02_3189_0|3189|0|1|798|798|3320.0|3368.0|3008.0|3200.0|3163.7629500884823|3284.440235549961|128.0|128.0|128.0|QROCK3X8|QROCK3X8|1.0|1.0|614.483715843|0.0|22|rock|EV001021|SG000368|SG000401|140
UTNTSkyEdge_tnt02_3201_0|3201|0|1|811|811|3232.0|4880.0|3392.0|4896.0|3312.0497518595107|4887.502481404895|128.0|128.0|128.0|QROCK3|QROCK3X8|1.0|1.0|75.0|0.0|22|rock|EV001099|SG000402|SG000403|153
UTNTSkyEdge_tnt02_3207_0|3207|0|1|807|807|3816.0|4816.0|3896.0|4784.0|3855.814304661823|4799.535761654557|128.0|128.0|128.0|QROCK3|QROCK3X8|1.0|1.0|0.0|0.0|19.95|rock|EV001087|SG000397|SG000404|152
UTNTSkyEdge_tnt02_3209_0|3209|0|1|812|812|2432.0|4944.0|2592.0|4992.0|2512.143673942783|4967.5210868573895|128.0|128.0|128.0|QROCK3|QROCK3X8|1.0|1.0|5.0|0.0|22|rock|EV001102|SG000405|SG000406|154
UTNTSkyEdge_tnt02_3307_0|3307|0|1|1835|1835|4032.0|4048.0|4032.0|3968.0|4031.5|4008.0|128.0|128.0|128.0|QROCK3|QROCK3X8|1.0|1.0|43.0|0.0|22|rock|EV001420|SG000407|SG000408|155
UTNTSkyEdge_tnt02_3421_0|3421|0|1|1841|1841|2072.0|4872.0|2112.0|4864.0|2091.901941932431|4867.509709662155|128.0|128.0|128.0|QROCK3|QROCK3X8|1.0|1.0|19.0|0.0|19.2|rock|EV001461|SG000409|SG000410|156
UTNTSkyEdge_tnt02_3422_0|3422|0|1|1820|1820|1376.0|4352.0|1344.0|4360.0|1360.1212678125182|4356.485071250073|128.0|128.0|128.0|QROCK3|QROCK3X8|1.0|1.0|91.0|0.0|19.2|rock|EV001386|SG000411|SG000412|157
UTNTSkyEdge_tnt02_3423_0|3423|0|1|1842|1842|1344.0|4360.0|1248.0|4384.0|1296.1212678125182|4372.485071250073|128.0|128.0|128.0|QROCK3|QROCK3X8|1.0|1.0|65.0|0.0|19.2|rock|EV001468|SG000413|SG000414|158
UTNTSkyEdge_tnt02_3424_0|3424|0|1|1843|1843|1888.0|4896.0|1984.0|4884.0|1935.9379826327054|4889.503861061643|128.0|128.0|128.0|QROCK3|QROCK3X8|1.0|1.0|89.0|0.0|14.549999999999999|rock|EV001478|SG000415|SG000416|159
UTNTSkyEdge_tnt02_3425_0|3425|0|1|1825|1825|1600.0|4832.0|1888.0|4896.0|1744.1084652289094|4863.511906469908|128.0|128.0|128.0|QROCK3|QROCK3X8|1.0|1.0|50.0|0.0|9.75|rock|EV001391|SG000417|SG000418|160
UTNTSkyEdge_tnt02_3467_0|3467|0|1|1842|1842|1984.0|4884.0|2072.0|4872.0|2027.9324433976333|4877.504584915978|128.0|128.0|128.0|QROCK3|QROCK3X8|1.0|1.0|58.0|0.0|19.2|rock|EV001473|SG000413|SG000419|158
UTNTSkyEdge_tnt02_3471_0|3471|0|1|1845|1845|1344.0|4704.0|1472.0|4768.0|1408.2236067977499|4735.5527864045|128.0|128.0|128.0|QROCK3|QROCK3X8|1.0|1.0|20.0|0.0|9.75|rock|-|SG000420|-|161
UTNTSkyEdge_tnt02_3472_0|3472|0|1|1844|1844|1216.0|4544.0|1344.0|4704.0|1280.3904344047214|4623.687652476223|128.0|128.0|128.0|QROCK3|QROCK3X8|1.0|1.0|71.0|0.0|14.549999999999999|rock|-|SG000421|-|162
UTNTSkyEdge_tnt02_3473_0|3473|0|1|1842|1842|1248.0|4384.0|1216.0|4544.0|1232.4902903378454|4464.098058067569|128.0|128.0|128.0|QROCK3|QROCK3X8|1.0|1.0|163.954535015|0.0|19.2|rock|EV001474|SG000413|SG000422|158
UTNTSkyEdge_tnt02_3476_0|3476|0|1|1842|1842|1472.0|4768.0|1600.0|4832.0|1536.2236067977499|4799.5527864045|128.0|128.0|128.0|QROCK3|QROCK3X8|1.0|1.0|35.0|0.0|19.2|rock|EV001476|SG000413|SG000423|158
UTNTSkyEdge_tnt02_3493_0|3493|0|1|721|721|800.0|1960.0|800.0|2132.0|800.5|2046.0|256.0|256.0|256.0|QROCK3|QROCK3X8|1.0|1.0|0.0|0.0|22|rock|EV000700|SG000331|SG000424|125
UTNTSkyEdge_tnt02_3496_0|3496|0|0|721|721|800.0|1880.0|800.0|1960.0|800.5|1920.0|256.0|256.0|256.0|QROCK3|QROCK3X8|1.0|1.0|0.0|-854.0|22|rock|EV000701|SG000331|SG000425|125
UTNTSkyEdge_tnt02_3509_0|3509|0|0|726|726|2528.0|1960.0|2528.0|1880.0|2527.5|1920.0|256.0|256.0|256.0|QROCK3|QROCK3X8|1.0|1.0|0.0|-854.0|22|rock|EV000718|SG000341|SG000426|130
UTNTSkyEdge_tnt02_3511_0|3511|0|1|726|726|2528.0|1880.0|2528.0|1744.0|2527.5|1812.0|256.0|256.0|256.0|QROCK3|QROCK3X8|1.0|1.0|0.0|0.0|22|rock|EV000720|SG000341|SG000427|130
UTNTSkyEdge_tnt02_5376_0|5376|0|1|1112|1112|3872.0|3664.0|3840.0|3664.0|3856.0|3664.5|128.0|128.0|128.0|QROCK3|QROCK3X8|1.0|1.0|117.55417528|0.0|19.95|rock|EV001350|SG000428|SG000429|163
UTNTSkyEdge_tnt02_5379_1|5379|1|0|1112|1112|3936.0|3696.0|3872.0|3664.0|3903.77639320225|3680.4472135954998|128.0|128.0|128.0|QROCK3|QROCK3X8|1.0|1.0|46.0|-886.0|22|rock|EV001351|SG000428|SG000430|163
UTNTSkyEdge_tnt02_5381_1|5381|1|0|1112|1112|4016.0|3776.0|3936.0|3696.0|3975.6464466094067|3736.3535533905933|128.0|128.0|128.0|QROCK3|QROCK3X8|1.0|1.0|61.0|-918.0|22|rock|EV001352|SG000428|SG000431|163
UTNTSkyEdge_tnt02_9166_0|9166|0|1|1891|1891|1088.0|-3296.0|1136.0|-3248.0|1112.3535533905933|-3272.3535533905933|288.0|288.0|288.0|QROCK3|QROCK3X8|1.0|1.0|219.33126292|96.0|19.2|rock|-|SG000432|-|164
UTNTSkyEdge_tnt02_9168_0|9168|0|1|1891|1891|1216.0|-3264.0|1280.0|-3248.0|1248.1212678125182|-3256.4850712500725|288.0|288.0|288.0|QROCK3|QROCK3X8|1.0|1.0|383.064790473|96.0|19.2|rock|-|SG000432|-|164
UTNTSkyEdge_tnt02_9169_0|9169|0|1|1891|1891|1280.0|-3248.0|1312.0|-3280.0|1295.6464466094067|-3264.3535533905933|288.0|288.0|288.0|QROCK3|QROCK3X8|1.0|1.0|449.034480482|96.0|19.2|rock|-|SG000432|-|164
UTNTSkyEdge_tnt02_9170_0|9170|0|1|1891|1891|1440.0|-3280.0|1424.0|-3328.0|1431.5256583509747|-3303.8418861169916|288.0|288.0|288.0|QROCK3|QROCK3X8|1.0|1.0|627.482199604|96.0|19.2|rock|-|SG000432|-|164
UTNTSkyEdge_tnt02_9171_0|9171|0|1|1891|1891|1392.0|-3264.0|1440.0|-3280.0|1415.8418861169916|-3272.474341649025|288.0|288.0|288.0|QROCK3|QROCK3X8|1.0|1.0|576.885757041|96.0|19.2|rock|-|SG000432|-|164
UTNTSkyEdge_tnt02_9172_0|9172|0|1|1891|1891|1344.0|-3376.0|1280.0|-3376.0|1312.0|-3375.5|288.0|288.0|288.0|QROCK3|QROCK3X8|1.0|1.0|0.0|96.0|19.2|rock|-|SG000432|-|164
UTNTSkyEdge_tnt02_9173_0|9173|0|1|1891|1891|1152.0|-3376.0|1120.0|-3360.0|1136.2236067977499|-3367.5527864045002|288.0|288.0|288.0|QROCK3|QROCK3X8|1.0|1.0|112.0|96.0|19.2|rock|-|SG000432|-|164
UTNTSkyEdge_tnt02_9174_0|9174|0|1|1891|1891|1248.0|-3808.0|1200.0|-3776.0|1224.2773500981127|-3791.583974852831|288.0|288.0|288.0|QROCK3|QROCK3X8|1.0|1.0|469.268866453|96.0|19.2|rock|-|SG000432|-|164
UTNTSkyEdge_tnt02_9175_0|9175|0|1|1891|1891|1424.0|-3744.0|1440.0|-3792.0|1431.5256583509747|-3768.1581138830084|288.0|288.0|288.0|QROCK3|QROCK3X8|1.0|1.0|208.851276559|96.0|19.2|rock|-|SG000432|-|164
UTNTSkyEdge_tnt02_9176_0|9176|0|1|1891|1891|1200.0|-3776.0|1136.0|-3792.0|1167.8787321874818|-3783.5149287499275|288.0|288.0|288.0|QROCK3|QROCK3X8|1.0|1.0|526.95768686|96.0|19.2|rock|-|SG000432|-|164
UTNTSkyEdge_tnt02_9177_0|9177|0|1|1891|1891|1440.0|-3792.0|1376.0|-3808.0|1407.8787321874818|-3799.5149287499275|288.0|288.0|288.0|QROCK3|QROCK3X8|1.0|1.0|259.447719121|96.0|19.2|rock|-|SG000432|-|164
UTNTSkyEdge_tnt02_9178_0|9178|0|1|1891|1891|1376.0|-3808.0|1328.0|-3776.0|1352.2773500981127|-3791.583974852831|288.0|288.0|288.0|QROCK3|QROCK3X8|1.0|1.0|325.417409131|96.0|19.2|rock|-|SG000432|-|164
UTNTSkyEdge_tnt02_9179_0|9179|0|1|1891|1891|1152.0|-3664.0|1216.0|-3664.0|1184.0|-3664.5|288.0|288.0|288.0|QROCK3|QROCK3X8|1.0|1.0|731.077994713|96.0|19.2|rock|-|SG000432|-|164
UTNTSkyEdge_tnt02_9180_0|9180|0|1|1891|1891|1120.0|-3744.0|1152.0|-3680.0|1136.4472135955|-3712.22360679775|288.0|288.0|288.0|QROCK3|QROCK3X8|1.0|1.0|643.523819433|96.0|19.2|rock|-|SG000432|-|164
UTNTSkyEdge_tnt02_9181_0|9181|0|1|1891|1891|1280.0|-3664.0|1344.0|-3664.0|1312.0|-3664.5|288.0|288.0|288.0|QROCK3|QROCK3X8|1.0|1.0|0.0|96.0|19.2|rock|-|SG000432|-|164
UTNTSkyEdge_tnt02_9216_0|9216|0|1|1891|1891|1136.0|-3248.0|1168.0|-3280.0|1151.6464466094067|-3264.3535533905933|288.0|288.0|288.0|QROCK3|QROCK3X8|1.0|1.0|287.213513914|96.0|19.2|rock|-|SG000432|-|164
UTNTSkyEdge_tnt02_9222_0|9222|0|1|1891|1891|1424.0|-3328.0|1456.0|-3376.0|1439.583974852831|-3352.2773500981125|288.0|288.0|288.0|QROCK3|QROCK3X8|1.0|1.0|678.078642166|96.0|19.2|rock|-|SG000432|-|164
UTNTSkyEdge_tnt02_9224_0|9224|0|1|1891|1891|1120.0|-3360.0|1088.0|-3296.0|1104.4472135955|-3327.77639320225|288.0|288.0|288.0|QROCK3|QROCK3X8|1.0|1.0|147.77708764|96.0|19.2|rock|-|SG000432|-|164
UTNTSkyEdge_tnt02_9225_0|9225|0|1|1891|1891|1168.0|-3280.0|1216.0|-3264.0|1192.1581138830084|-3272.474341649025|288.0|288.0|288.0|QROCK3|QROCK3X8|1.0|1.0|332.46834791|96.0|19.2|rock|-|SG000432|-|164
UTNTSkyEdge_tnt02_9229_0|9229|0|1|1891|1891|1136.0|-3792.0|1120.0|-3744.0|1128.4743416490253|-3767.8418861169916|288.0|288.0|288.0|QROCK3|QROCK3X8|1.0|1.0|592.92737687|96.0|19.2|rock|-|SG000432|-|164
UTNTSkyEdge_tnt02_9230_0|9230|0|1|1891|1891|1344.0|-3280.0|1392.0|-3264.0|1368.1581138830084|-3272.474341649025|288.0|288.0|288.0|QROCK3|QROCK3X8|1.0|1.0|526.289314478|96.0|19.2|rock|-|SG000432|-|164
UTNTSkyEdge_tnt02_9231_0|9231|0|1|1891|1891|1456.0|-3712.0|1424.0|-3744.0|1439.6464466094067|-3727.6464466094067|288.0|288.0|288.0|QROCK3|QROCK3X8|1.0|1.0|163.596442563|96.0|19.2|rock|-|SG000432|-|164
UTNTSkyEdge_tnt02_9232_0|9232|0|1|1891|1891|1152.0|-3680.0|1152.0|-3664.0|1152.5|-3672.0|288.0|288.0|288.0|QROCK3|QROCK3X8|1.0|1.0|715.077994713|96.0|19.2|rock|-|SG000432|-|164
UTNTSkyEdge_tnt02_9233_0|9233|0|1|1891|1891|1456.0|-3376.0|1408.0|-3376.0|1432.0|-3375.5|288.0|288.0|288.0|QROCK3|QROCK3X8|1.0|1.0|735.767462574|96.0|19.2|rock|-|SG000432|-|164
UTNTSkyEdge_tnt02_9235_0|9235|0|1|1891|1891|1408.0|-3664.0|1440.0|-3664.0|1424.0|-3664.5|288.0|288.0|288.0|QROCK3|QROCK3X8|1.0|1.0|81.0|96.0|19.2|rock|-|SG000432|-|164
UTNTSkyEdge_tnt02_9241_0|9241|0|1|1891|1891|1328.0|-3776.0|1248.0|-3808.0|1287.814304661823|-3791.5357616545575|288.0|288.0|288.0|QROCK3|QROCK3X8|1.0|1.0|383.106229539|96.0|19.2|rock|-|SG000432|-|164
UTNTSkyEdge_tnt02_9245_0|9245|0|1|1891|1891|1440.0|-3664.0|1456.0|-3712.0|1447.5256583509747|-3688.1581138830084|288.0|288.0|288.0|QROCK3|QROCK3X8|1.0|1.0|113.0|96.0|19.2|rock|-|SG000432|-|164
UTNTSkyEdge_tnt02_9340_0|9340|0|1|1891|1891|1312.0|-3280.0|1344.0|-3280.0|1328.0|-3280.5|288.0|288.0|288.0|QROCK3|QROCK3X8|1.0|1.0|494.289314478|96.0|19.2|rock|-|SG000432|-|164
UTNTSkyEdge_tnt02_9341_0|9341|0|1|1891|1891|1216.0|-3376.0|1152.0|-3376.0|1184.0|-3375.5|288.0|288.0|288.0|QROCK3|QROCK3X8|1.0|1.0|48.0|96.0|19.2|rock|-|SG000432|-|164
UTNTSkyEdge_tnt02_9443_0|9443|0|1|798|798|4032.0|3936.0|4032.0|3840.0|4031.5|3888.0|128.0|128.0|128.0|QROCK3|QROCK3X8|1.0|1.0|155.0|0.0|22|rock|EV001059|SG000368|SG000433|140
UTNTSkyEdge_tnt02_9451_0|9451|0|1|798|798|4004.0|4448.0|4032.0|4336.0|4017.5149287499275|4391.878732187482|128.0|128.0|128.0|QROCK3|QROCK3X8|1.0|1.0|245.43398273|0.0|22|rock|EV001060|SG000368|SG000434|140
UTNTSkyEdge_tnt02_10199_0|10199|0|1|26|26|-1152.0|-208.0|-1120.0|-160.0|-1135.583974852831|-184.2773500981126|-128.0|-128.0|-128.0|QROCK3|QROCK3X8|1.0|1.0|44.0|0.0|18.0|rock|EV000126|SG000286|SG000435|118
UTNTSkyEdge_tnt02_10200_0|10200|0|0|26|26|-1152.0|-384.0|-1152.0|-360.0|-1151.5|-372.0|-128.0|-128.0|-128.0|QROCK3|QROCK3X8|1.0|1.0|116.0|-872.0|22|rock|EV000127|SG000286|SG000436|118
UTNTSkyEdge_tnt02_10243_0|10243|0|0|26|26|-1152.0|-360.0|-1152.0|-344.0|-1151.5|-352.0|-128.0|-128.0|-128.0|QROCK3|QROCK3X8|1.0|1.0|12.0|-920.0|22|rock|EV000129|SG000286|SG000437|118
UTNTSkyEdge_tnt02_10246_0|10246|0|0|26|26|-1152.0|-232.0|-1152.0|-208.0|-1151.5|-220.0|-128.0|-128.0|-128.0|QROCK3|QROCK3X8|1.0|1.0|20.0|-872.0|22|rock|EV000131|SG000286|SG000438|118
UTNTSkyEdge_tnt02_10249_0|10249|0|0|26|26|-1152.0|-248.0|-1152.0|-232.0|-1151.5|-240.0|-128.0|-128.0|-128.0|QROCK3|QROCK3X8|1.0|1.0|4.0|-920.0|22|rock|EV000133|SG000286|SG000439|118
UTNTSkyEdge_tnt02_10251_0|10251|0|0|26|26|-1152.0|-344.0|-1152.0|-248.0|-1151.5|-296.0|-128.0|-128.0|-128.0|QROCK3|QROCK3X8|1.0|1.0|36.0|0.0|22|rock|EV000135|SG000286|SG000440|118
UTNTSkyEdge_tnt02_10566_0|10566|0|1|32|32|4160.0|-384.0|4032.0|-384.0|4096.0|-383.5|320.0|320.0|320.0|QROCK3|QROCK3X8|1.0|1.0|4.0|64.0|22|rock|EV000236|SG000270|SG000441|113
UTNTSkyEdge_tnt02_10568_0|10568|0|0|32|32|4696.0|-288.0|4672.0|-192.0|4684.485071250073|-239.87873218748183|320.0|320.0|320.0|QROCK3|QROCK3X8|1.0|1.0|118.954535015|-928.0|11.52|rock|EV000237|SG000270|SG000442|113
UTNTSkyEdge_tnt02_10569_0|10569|0|0|32|32|4168.0|-320.0|4160.0|-384.0|4163.503861061643|-351.93798263270537|320.0|320.0|320.0|QROCK3|QROCK3X8|1.0|1.0|836.253343616|-928.0|11.52|rock|EV000238|SG000270|SG000443|113
UTNTSkyEdge_tnt02_15137_0|15137|0|1|4839|4839|4992.0|-128.0|4928.0|-128.0|4960.0|-127.5|320.0|320.0|320.0|QROCK3|QROCK3X8|1.0|1.0|230.309131398|64.0|9.6|rock|EV003164|SG000444|SG000445|165
UTNTSkyEdge_tnt02_15150_0|15150|0|1|4839|4839|5184.0|-16.0|5200.0|-128.0|5191.505025253169|-72.07071067811866|320.0|320.0|320.0|QROCK3|QROCK3X8|1.0|1.0|911.172756165|64.0|9.6|rock|EV003165|SG000444|SG000446|165
UTNTSkyEdge_tnt02_15151_0|15151|0|1|4839|4839|4928.0|64.0|4976.0|64.0|4952.0|63.5|320.0|320.0|320.0|QROCK3|QROCK3X8|1.0|1.0|0.0|64.0|9.6|rock|EV003166|SG000444|SG000447|165
UTNTSkyEdge_tnt02_15152_0|15152|0|1|4839|4839|5200.0|-128.0|5120.0|-176.0|5159.742752122286|-151.57125353714372|320.0|320.0|320.0|QROCK3|QROCK3X8|1.0|1.0|0.309841155|64.0|9.6|rock|EV003167|SG000444|SG000448|165
UTNTSkyEdge_tnt02_15162_0|15162|0|1|4839|4839|4976.0|64.0|5024.0|128.0|5000.4|95.7|320.0|320.0|320.0|QROCK3|QROCK3X8|1.0|1.0|48.0|64.0|9.6|rock|EV003168|SG000444|SG000449|165
UTNTSkyEdge_tnt02_15164_0|15164|0|1|4839|4839|5232.0|320.0|5264.0|240.0|5247.535761654557|279.814304661823|320.0|320.0|320.0|QROCK3|QROCK3X8|1.0|1.0|555.645038241|64.0|9.6|rock|EV003169|SG000444|SG000450|165
UTNTSkyEdge_tnt02_15193_0|15193|0|1|4839|4839|5120.0|-176.0|4992.0|-128.0|5056.175561720795|-151.53183541121547|320.0|320.0|320.0|QROCK3|QROCK3X8|1.0|1.0|93.605071473|64.0|9.6|rock|EV003170|SG000444|SG000451|165
UTNTSkyEdge_tnt02_15201_0|15201|0|1|4839|4839|5264.0|240.0|5232.0|96.0|5247.511906469908|168.10846522890932|320.0|320.0|320.0|QROCK3|QROCK3X8|1.0|1.0|641.807675155|64.0|9.6|rock|EV003171|SG000444|SG000452|165
UTNTSkyEdge_tnt02_15204_0|15204|0|1|4839|4839|5024.0|128.0|5008.0|192.0|5016.485071250073|160.12126781251817|320.0|320.0|320.0|QROCK3|QROCK3X8|1.0|1.0|128.0|64.0|9.6|rock|EV003172|SG000444|SG000453|165
UTNTSkyEdge_tnt02_15205_0|15205|0|1|4839|4839|5008.0|192.0|5008.0|320.0|5008.5|256.0|320.0|320.0|320.0|QROCK3|QROCK3X8|1.0|1.0|193.96969001|64.0|9.6|rock|EV003173|SG000444|SG000454|165
UTNTSkyEdge_tnt02_15207_0|15207|0|1|4839|4839|5008.0|320.0|5088.0|352.0|5048.185695338177|335.53576165455735|320.0|320.0|320.0|QROCK3|QROCK3X8|1.0|1.0|321.96969001|64.0|9.6|rock|EV003174|SG000444|SG000455|165
UTNTSkyEdge_tnt02_15208_0|15208|0|1|4839|4839|5088.0|352.0|5232.0|320.0|5159.891534771091|335.511906469908|320.0|320.0|320.0|QROCK3|QROCK3X8|1.0|1.0|408.132326924|64.0|9.6|rock|EV003175|SG000444|SG000456|165
UTNTSkyEdge_tnt02_15278_0|15278|0|1|4839|4839|5232.0|96.0|5184.0|-16.0|5207.540427484991|40.19695964928958|320.0|320.0|320.0|QROCK3|QROCK3X8|1.0|1.0|789.320386472|64.0|9.6|rock|EV003176|SG000444|SG000457|165
UTNTSkyEdge_tnt02_16488_0|16488|0|1|2962|2962|6832.0|-3760.0|6896.0|-3792.0|6863.77639320225|-3776.4472135954998|2056.0|2056.0|2056.0|ICEY|XA00TEX|1.0|1.0|0.0|120.0|15.0|snow|-|SG000458|-|166
UTNTSkyEdge_tnt02_16489_0|16489|0|1|2962|2962|6896.0|-3792.0|6976.0|-3744.0|6936.257247877714|-3768.4287464628565|2056.0|2056.0|2056.0|ICEY|XA00TEX|1.0|1.0|71.55417528|120.0|15.0|snow|-|SG000458|-|166
UTNTSkyEdge_tnt02_16490_0|16490|0|1|2963|2963|6976.0|-3744.0|7136.0|-3808.0|7055.814304661823|-3776.4642383454425|2080.6153846153848|2056.0|2105.230769230769|ICEY|XA00TEX|1.0|1.0|164.849405598|56.0|14.999999999999982|snow|-|SG000459|-|167
UTNTSkyEdge_tnt02_16491_0|16491|0|1|2963|2963|7136.0|-3808.0|7184.0|-3792.0|7160.158113883009|-3800.474341649025|2112.6153846153848|2105.230769230769|2120.0|ICEY|XA00TEX|1.0|1.0|337.174679426|56.0|14.999999999999982|snow|-|SG000459|-|167
UTNTSkyEdge_tnt02_16492_0|16492|0|1|2964|2964|7184.0|-3792.0|7344.0|-3744.0|7264.143673942784|-3768.4789131426105|2120.0|2120.0|2120.0|ICEY|XA00TEX|1.0|1.0|387.771121989|56.0|15.0|snow|-|SG000460|-|168
UTNTSkyEdge_tnt02_16493_0|16493|0|1|2964|2964|7344.0|-3744.0|7440.0|-3792.0|7391.77639320225|-3768.4472135954998|2120.0|2120.0|2120.0|ICEY|XA00TEX|1.0|1.0|42.816026131|56.0|15.0|snow|-|SG000460|-|168
UTNTSkyEdge_tnt02_16494_0|16494|0|1|2964|2964|7440.0|-3792.0|7488.0|-3872.0|7463.571253537144|-3832.257247877714|2120.0|2120.0|2120.0|ICEY|XA00TEX|1.0|1.0|150.147289051|56.0|15.0|snow|-|SG000460|-|168
UTNTSkyEdge_tnt02_16495_0|16495|0|1|2964|2964|7488.0|-3872.0|7424.0|-3952.0|7455.609565595279|-3911.687652476223|2120.0|2120.0|2120.0|ICEY|XA00TEX|1.0|1.0|243.442519369|56.0|15.0|snow|-|SG000460|-|168
UTNTSkyEdge_tnt02_16496_0|16496|0|1|2964|2964|7424.0|-3952.0|7456.0|-4016.0|7439.5527864045|-3984.22360679775|2120.0|2120.0|2120.0|ICEY|XA00TEX|1.0|1.0|345.892507168|56.0|15.0|snow|-|SG000460|-|168
UTNTSkyEdge_tnt02_16497_0|16497|0|1|2964|2964|7456.0|-4016.0|7504.0|-4096.0|7479.571253537144|-4056.257247877714|2120.0|2120.0|2120.0|ICEY|XA00TEX|1.0|1.0|417.446682448|56.0|15.0|snow|-|SG000460|-|168
UTNTSkyEdge_tnt02_16498_0|16498|0|1|2965|2965|7504.0|-4096.0|7480.0|-4200.0|7491.512804402153|-4147.88757024665|2134.6666666666665|2120.0|2149.3333333333335|ICEY|XA00TEX|1.0|1.0|510.741912765|24.0|15.0|snow|-|SG000461|-|169
UTNTSkyEdge_tnt02_16499_0|16499|0|1|2966|2966|7456.0|-4304.0|7488.0|-4352.0|7471.5839748528315|-4328.277350098113|2152.0|2152.0|2152.0|ICEY|XA00TEX|1.0|1.0|212.208537791|24.0|15.0|snow|-|SG000462|-|170
UTNTSkyEdge_tnt02_16501_0|16501|0|1|2966|2966|7232.0|-4352.0|7264.0|-4272.0|7248.464238345443|-4312.185695338177|2152.0|2152.0|2152.0|ICEY|XA00TEX|1.0|1.0|0.0|24.0|15.0|snow|-|SG000462|-|170
UTNTSkyEdge_tnt02_16502_0|16502|0|1|2966|2966|7264.0|-4272.0|7216.0|-4192.0|7240.428746462856|-4231.742752122286|2152.0|2152.0|2152.0|ICEY|XA00TEX|1.0|1.0|86.162636914|24.0|15.0|snow|-|SG000462|-|170
UTNTSkyEdge_tnt02_16503_0|16503|0|1|2965|2965|7216.0|-4192.0|7264.0|-4080.0|7240.459572515009|-4136.19695964929|2136.0|2152.0|2120.0|ICEY|XA00TEX|1.0|1.0|179.457867232|24.0|15.0|snow|-|SG000461|-|169
UTNTSkyEdge_tnt02_16504_0|16504|0|1|2964|2964|7264.0|-4080.0|7184.0|-4016.0|7224.312347523777|-4047.6095655952786|2120.0|2120.0|2120.0|ICEY|XA00TEX|1.0|1.0|301.310236925|56.0|15.0|snow|-|SG000460|-|168
UTNTSkyEdge_tnt02_16505_0|16505|0|1|2963|2963|7184.0|-4016.0|7088.0|-4048.0|7135.841886116991|-4031.525658350975|2105.230769230769|2120.0|2090.4615384615386|ICEY|XA00TEX|1.0|1.0|403.760224724|56.0|15.0|snow|-|SG000459|-|167
UTNTSkyEdge_tnt02_16506_0|16506|0|1|2963|2963|7088.0|-4048.0|6976.0|-3992.0|7032.22360679775|-4019.5527864045002|2073.230769230769|2090.4615384615386|2056.0|ICEY|XA00TEX|1.0|1.0|504.95310985|56.0|15.0|snow|-|SG000459|-|167
UTNTSkyEdge_tnt02_16507_0|16507|0|1|2962|2962|6976.0|-3992.0|6848.0|-4032.0|6911.850862503432|-4011.5227600109824|2056.0|2056.0|2056.0|ICEY|XA00TEX|1.0|1.0|118.17291659|120.0|15.0|snow|-|SG000458|-|166
UTNTSkyEdge_tnt02_16508_0|16508|0|1|2962|2962|6848.0|-4032.0|6752.0|-4096.0|6799.722649901887|-4063.583974852831|2056.0|2056.0|2056.0|ICEY|XA00TEX|1.0|1.0|252.277353504|120.0|15.0|snow|-|SG000458|-|166
UTNTSkyEdge_tnt02_16509_0|16509|0|1|2962|2962|6752.0|-4096.0|6624.0|-4080.0|6688.062017367294|-4087.503861061643|2056.0|2056.0|2056.0|ICEY|XA00TEX|1.0|1.0|367.654994319|120.0|15.0|snow|-|SG000458|-|166
UTNTSkyEdge_tnt02_16510_0|16510|0|1|2962|2962|6624.0|-4080.0|6528.0|-4080.0|6576.0|-4079.5|2056.0|2056.0|2056.0|ICEY|XA00TEX|1.0|1.0|496.651118291|120.0|15.0|snow|-|SG000458|-|166
UTNTSkyEdge_tnt02_16511_0|16511|0|1|2962|2962|6528.0|-4080.0|6448.0|-4032.0|6488.257247877714|-4055.5712535371435|2056.0|2056.0|2056.0|ICEY|XA00TEX|1.0|1.0|80.651118291|120.0|15.0|snow|-|SG000458|-|166
UTNTSkyEdge_tnt02_16512_0|16512|0|1|2962|2962|6448.0|-4032.0|6440.0|-3936.0|6444.498272879123|-3983.9584772600733|2056.0|2056.0|2056.0|ICEY|XA00TEX|1.0|1.0|173.946348609|120.0|15.0|snow|-|SG000458|-|166
UTNTSkyEdge_tnt02_16515_0|16515|0|0|2962|2962|6440.0|-3936.0|6488.0|-3904.0|6464.277350098113|-3920.416025147169|2056.0|2056.0|2056.0|ICEY|XA00TEX|1.0|1.0|0.0|-320.0|24|snow|-|SG000458|-|166
UTNTSkyEdge_tnt02_16516_0|16516|0|0|2962|2962|6488.0|-3904.0|6528.0|-3928.0|6507.742752122286|-3916.4287464628565|2056.0|2056.0|2056.0|ICEY|XA00TEX|1.0|1.0|57.688820407|-320.0|24|snow|-|SG000458|-|166
UTNTSkyEdge_tnt02_16517_0|16517|0|0|2962|2962|6528.0|-3928.0|6568.0|-3904.0|6548.257247877714|-3916.4287464628565|2056.0|2056.0|2056.0|ICEY|XA00TEX|1.0|1.0|104.336435566|-320.0|24|snow|-|SG000458|-|166
UTNTSkyEdge_tnt02_16518_0|16518|0|0|4760|4760|6608.0|-3880.0|6704.0|-3904.0|6655.878732187482|-3892.4850712500725|2056.0|2056.0|2056.0|ICEY|XA00TEX|1.0|1.0|197.631665884|-320.0|24|snow|-|SG000463|-|171
UTNTSkyEdge_tnt02_16519_0|16519|0|0|2962|2962|6704.0|-3904.0|6840.0|-3912.0|6771.970638989024|-3908.4991371865876|2056.0|2056.0|2056.0|ICEY|XA00TEX|1.0|1.0|296.586200899|-320.0|24|snow|-|SG000458|-|166
UTNTSkyEdge_tnt02_16520_0|16520|0|0|2962|2962|6840.0|-3912.0|6864.0|-3864.0|6852.4472135955|-3888.22360679775|2056.0|2056.0|2056.0|ICEY|XA00TEX|1.0|1.0|432.821291826|-320.0|24|snow|-|SG000458|-|166
UTNTSkyEdge_tnt02_16521_0|16521|0|0|2962|2962|6864.0|-3864.0|6832.0|-3760.0|6848.477889504361|-3811.8529570755813|2056.0|2056.0|2056.0|ICEY|XA00TEX|1.0|1.0|486.486923286|-320.0|24|snow|-|SG000458|-|166
UTNTSkyEdge_tnt02_16525_0|16525|0|1|2966|2966|7480.0|-4200.0|7456.0|-4304.0|7467.512804402153|-4251.88757024665|2152.0|2152.0|2152.0|ICEY|XA00TEX|1.0|1.0|105.475225278|24.0|15.0|snow|-|SG000462|-|170
UTNTSkyEdge_tnt02_21390_0|21390|0|1|3852|3852|7056.0|4928.0|7152.0|4960.0|7104.158113883009|4943.5256583509745|512.0|512.0|512.0|QROCK3|QROCK3X8|1.0|1.0|60.0|0.0|22|rock|EV002399|SG000464|SG000465|172
UTNTSkyEdge_tnt02_21391_0|21391|0|1|3852|3852|7152.0|4960.0|7200.0|4992.0|7176.277350098113|4975.5839748528315|512.0|512.0|512.0|QROCK3|QROCK3X8|1.0|1.0|161.192885125|0.0|22|rock|EV002400|SG000464|SG000466|172
UTNTSkyEdge_tnt02_21392_0|21392|0|1|3852|3852|7200.0|4992.0|7200.0|5088.0|7200.5|5040.0|512.0|512.0|512.0|QROCK3|QROCK3X8|1.0|1.0|218.881705533|0.0|22|rock|EV002401|SG000464|SG000467|172
UTNTSkyEdge_tnt02_21396_0|21396|0|1|3852|3852|7184.0|3536.0|7152.0|3584.0|7168.4160251471685|3560.2773500981125|512.0|512.0|512.0|QROCK3|QROCK3X8|1.0|1.0|131.0|0.0|22|rock|EV002402|SG000464|SG000468|172
UTNTSkyEdge_tnt02_21397_0|21397|0|1|3852|3852|7152.0|3584.0|7072.0|3584.0|7112.0|3584.5|512.0|512.0|512.0|QROCK3|QROCK3X8|1.0|1.0|188.688820407|0.0|22|rock|EV002403|SG000464|SG000469|172
UTNTSkyEdge_tnt02_21398_0|21398|0|1|3852|3852|7072.0|3584.0|7040.0|3536.0|7055.5839748528315|3560.2773500981125|512.0|512.0|512.0|QROCK3|QROCK3X8|1.0|1.0|268.688820407|0.0|22|rock|EV002404|SG000464|SG000470|172
UTNTSkyEdge_tnt02_21399_0|21399|0|1|3852|3852|7040.0|3536.0|6992.0|3552.0|7016.158113883009|3544.474341649025|512.0|512.0|512.0|QROCK3|QROCK3X8|1.0|1.0|326.377640815|0.0|22|rock|EV002405|SG000464|SG000471|172
UTNTSkyEdge_tnt02_21400_0|21400|0|1|3852|3852|6992.0|3552.0|6976.0|3568.0|6984.353553390593|3560.3535533905933|512.0|512.0|512.0|QROCK3|QROCK3X8|1.0|1.0|376.974083378|0.0|22|rock|EV002406|SG000464|SG000472|172
UTNTSkyEdge_tnt02_21401_0|21401|0|1|3852|3852|6976.0|3568.0|6928.0|3568.0|6952.0|3568.5|512.0|512.0|512.0|QROCK3|QROCK3X8|1.0|1.0|399.601500376|0.0|22|rock|EV002407|SG000464|SG000473|172
UTNTSkyEdge_tnt02_21404_0|21404|0|1|3852|3852|7184.0|3488.0|7184.0|3536.0|7184.5|3512.0|512.0|512.0|512.0|QROCK3|QROCK3X8|1.0|1.0|83.0|0.0|22|rock|EV002408|SG000464|SG000474|172
UTNTSkyEdge_tnt02_21406_0|21406|0|0|3852|3852|6928.0|3568.0|6864.0|3616.0|6896.3|3592.4|512.0|512.0|512.0|QROCK3|QROCK3X8|1.0|1.0|65.0|-896.0|22|rock|EV002409|SG000464|SG000475|172
UTNTSkyEdge_tnt02_21407_0|21407|0|0|3852|3852|6864.0|3616.0|6864.0|3680.0|6864.5|3648.0|512.0|512.0|512.0|QROCK3|QROCK3X8|1.0|1.0|145.0|-896.0|22|rock|EV002411|SG000464|SG000476|172
UTNTSkyEdge_tnt02_21408_0|21408|0|0|3852|3852|6864.0|3680.0|6816.0|3728.0|6840.353553390593|3704.3535533905933|512.0|512.0|512.0|QROCK3|QROCK3X8|1.0|1.0|209.0|-896.0|22|rock|EV002413|SG000464|SG000477|172
UTNTSkyEdge_tnt02_21409_0|21409|0|0|3852|3852|6816.0|3728.0|6832.0|3824.0|6824.4931969619165|3775.9178005063472|512.0|512.0|512.0|QROCK3|QROCK3X8|1.0|1.0|276.882250994|-896.0|22|rock|EV002415|SG000464|SG000478|172
UTNTSkyEdge_tnt02_21410_0|21410|0|0|3852|3852|6832.0|3824.0|6880.0|3856.0|6856.277350098113|3839.583974852831|512.0|512.0|512.0|QROCK3|QROCK3X8|1.0|1.0|374.206451479|-896.0|22|rock|EV002417|SG000464|SG000479|172
UTNTSkyEdge_tnt02_21411_0|21411|0|0|3852|3852|6880.0|3856.0|6880.0|3968.0|6880.5|3912.0|512.0|512.0|512.0|QROCK3|QROCK3X8|1.0|1.0|431.895271886|-896.0|22|rock|EV002419|SG000464|SG000480|172
UTNTSkyEdge_tnt02_21412_0|21412|0|0|3852|3852|6880.0|3968.0|6848.0|4000.0|6864.353553390593|3984.3535533905933|512.0|512.0|512.0|QROCK3|QROCK3X8|1.0|1.0|543.895271886|-896.0|22|rock|EV002421|SG000464|SG000481|172
UTNTSkyEdge_tnt02_21413_0|21413|0|0|3852|3852|6848.0|4000.0|6848.0|4080.0|6848.5|4040.0|512.0|512.0|512.0|QROCK3|QROCK3X8|1.0|1.0|589.150105882|-896.0|22|rock|EV002423|SG000464|SG000482|172
UTNTSkyEdge_tnt02_21414_0|21414|0|0|3852|3852|6848.0|4080.0|6816.0|4176.0|6832.4743416490255|4128.158113883009|512.0|512.0|512.0|QROCK3|QROCK3X8|1.0|1.0|669.150105882|-896.0|22|rock|EV002425|SG000464|SG000483|172
UTNTSkyEdge_tnt02_21415_0|21415|0|0|3852|3852|6816.0|4176.0|6832.0|4240.0|6824.485071250073|4207.878732187482|512.0|512.0|512.0|QROCK3|QROCK3X8|1.0|1.0|770.342991007|-896.0|22|rock|EV002427|SG000464|SG000484|172
UTNTSkyEdge_tnt02_21416_0|21416|0|0|3852|3852|6832.0|4240.0|6864.0|4304.0|6848.4472135955|4271.77639320225|512.0|512.0|512.0|QROCK3|QROCK3X8|1.0|1.0|836.312681017|-896.0|22|rock|EV002429|SG000464|SG000485|172
UTNTSkyEdge_tnt02_21417_0|21417|0|0|3852|3852|6864.0|4304.0|6864.0|4384.0|6864.5|4344.0|512.0|512.0|512.0|QROCK3|QROCK3X8|1.0|1.0|907.866856297|-896.0|22|rock|EV002431|SG000464|SG000486|172
UTNTSkyEdge_tnt02_21418_0|21418|0|0|3852|3852|6864.0|4384.0|6832.0|4400.0|6848.22360679775|4392.4472135955|512.0|512.0|512.0|QROCK3|QROCK3X8|1.0|1.0|987.866856297|-896.0|22|rock|EV002433|SG000464|SG000487|172
UTNTSkyEdge_tnt02_21419_0|21419|0|0|3852|3852|6832.0|4400.0|6816.0|4480.0|6824.490290337845|4440.098058067569|512.0|512.0|512.0|QROCK3|QROCK3X8|1.0|1.0|1023.643943937|-896.0|22|rock|EV002435|SG000464|SG000488|172
UTNTSkyEdge_tnt02_21420_0|21420|0|0|3852|3852|6816.0|4480.0|6832.0|4608.0|6824.496138938357|4543.937982632706|512.0|512.0|512.0|QROCK3|QROCK3X8|1.0|1.0|81.228256155|-896.0|22|rock|EV002437|SG000464|SG000489|172
UTNTSkyEdge_tnt02_21421_0|21421|0|0|3852|3852|6832.0|4608.0|6816.0|4672.0|6824.485071250073|4640.121267812518|512.0|512.0|512.0|QROCK3|QROCK3X8|1.0|1.0|210.224380128|-896.0|22|rock|EV002439|SG000464|SG000490|172
UTNTSkyEdge_tnt02_21422_0|21422|0|0|3852|3852|6816.0|4672.0|6832.0|4752.0|6824.490290337845|4711.901941932431|512.0|512.0|512.0|QROCK3|QROCK3X8|1.0|1.0|276.194070137|-896.0|22|rock|EV002441|SG000464|SG000491|172
UTNTSkyEdge_tnt02_21423_0|21423|0|0|3852|3852|6832.0|4752.0|6880.0|4768.0|6856.158113883009|4759.5256583509745|512.0|512.0|512.0|QROCK3|QROCK3X8|1.0|1.0|357.778382355|-896.0|22|rock|EV002443|SG000464|SG000492|172
UTNTSkyEdge_tnt02_21424_0|21424|0|0|3852|3852|6880.0|4768.0|6880.0|4848.0|6880.5|4808.0|512.0|512.0|512.0|QROCK3|QROCK3X8|1.0|1.0|408.374824918|-896.0|22|rock|EV002445|SG000464|SG000493|172
UTNTSkyEdge_tnt02_21425_0|21425|0|0|3852|3852|6880.0|4848.0|6912.0|4896.0|6896.4160251471685|4871.722649901887|512.0|512.0|512.0|QROCK3|QROCK3X8|1.0|1.0|488.374824918|-896.0|22|rock|EV002447|SG000464|SG000494|172
UTNTSkyEdge_tnt02_21426_0|21426|0|0|3852|3852|6912.0|4896.0|6992.0|4896.0|6952.0|4895.5|512.0|512.0|512.0|QROCK3|QROCK3X8|1.0|1.0|546.063645325|-896.0|22|rock|EV002449|SG000464|SG000495|172
UTNTSkyEdge_tnt02_21427_0|21427|0|0|3852|3852|6992.0|4896.0|7056.0|4928.0|7024.22360679775|4911.5527864045|512.0|512.0|512.0|QROCK3|QROCK3X8|1.0|1.0|626.063645325|-896.0|22|rock|EV002451|SG000464|SG000496|172
UTNTSkyEdge_tnt02_26394_0|26394|0|0|4760|4760|6568.0|-3904.0|6608.0|-3880.0|6588.257247877714|-3892.4287464628565|2056.0|2056.0|2056.0|ICEY|XA00TEX|1.0|1.0|150.984050725|-320.0|24|snow|-|SG000463|-|171
UTNTSkyEdge_tnt02_7_0_terrain_2_1|7|0|2|9|9|-768.0|64.0|-576.0|-64.0|-672.2773500981126|-0.41602514716892186|-355.0|-326.0|-384.0|QROCK3|XA11TEX|1.0|1.0|0.0|0.0|14|gravel|EV000012|SG000497|SG000498|102|2|1|9|XA11TEX|EV000012|1.0|1.0|0.0|0.0|0.0|QROCK3X8|EV000014|1.0|1.0|222.385770251|10.0|-326.0|-384.0|-192.0|-165.0|-128.0|-128.0|-192.0|-165.0
UTNTSkyEdge_tnt02_9_0_terrain_2_1|9|0|1|12|12|2048.0|448.0|2560.0|192.0|2303.77639320225|319.55278640450007|-130.0|-140.0|-120.0|QROCK3|XA11TEX|1.0|1.0|0.0|0.0|14|gravel|EV000023|SG000499|SG000500|103|2|1|12|XA11TEX|EV000023|1.0|1.0|0.0|0.0|0.0|QROCK3X8|EV000024|1.0|1.0|30.0|0.0|-140.0|-120.0|0|0|128.0|128.0|0|0
UTNTSkyEdge_tnt02_10_0_terrain_2_1|10|0|1|13|13|1792.0|512.0|2048.0|448.0|1919.8787321874818|479.5149287499273|-105.0|-70.0|-140.0|QROCK3|XA11TEX|1.0|1.0|0.0|0.0|14|gravel|EV000026|SG000501|SG000502|104|2|1|13|XA11TEX|EV000026|1.0|1.0|0.0|0.0|0.0|QROCK3X8|EV000027|1.0|1.0|22.0|0.0|-70.0|-140.0|0|0|128.0|128.0|0|0
UTNTSkyEdge_tnt02_28_0_terrain_2_1|28|0|1|17|17|256.0|-448.0|448.0|-320.0|352.2773500981126|-384.4160251471689|-256.0|-256.0|-256.0|QROCK3|XA11TEX|1.0|1.0|0.0|0.0|14|gravel|EV000059|SG000503|SG000504|105|2|1|17|XA11TEX|EV000059|1.0|1.0|0.0|0.0|0.0|QROCK3X8|EV000060|1.0|1.0|51.0|0.0|-256.0|-256.0|0|0|128.0|128.0|0|0
UTNTSkyEdge_tnt02_30_0_terrain_2_1|30|0|1|19|19|-320.0|-320.0|-64.0|-448.0|-192.22360679774997|-384.44721359549993|-346.0|-346.0|-346.0|QROCK3|XA11TEX|1.0|1.0|0.0|0.0|14|gravel|EV000071|SG000505|SG000506|106|2|1|19|XA11TEX|EV000071|1.0|1.0|0.0|0.0|0.0|QROCK3X8|EV000072|1.0|1.0|47.0|0.0|-346.0|-346.0|0|0|-128.0|-128.0|0|0
UTNTSkyEdge_tnt02_32_0_terrain_2_1|32|0|2|9|9|-960.0|0.0|-768.0|64.0|-863.8418861169915|31.525658350974744|-355.0|-384.0|-326.0|QROCK3|XA11TEX|1.0|1.0|0.0|0.0|14|gravel|EV000012|SG000507|SG000508|102|2|1|9|XA11TEX|EV000012|1.0|1.0|0.0|0.0|0.0|QROCK3X8|EV000016|1.0|1.0|20.0|64.0|-384.0|-326.0|-192.0|-192.0|-128.0|-128.0|-192.0|-192.0
UTNTSkyEdge_tnt02_33_0_terrain_2_1|33|0|2|23|23|-1080.0|-152.0|-960.0|0.0|-1019.6075586172333|-76.30982214428951|-384.0|-384.0|-384.0|QROCK3|XA11TEX|1.0|1.0|0.0|0.0|14|gravel|EV000084|SG000509|SG000510|108|2|1|23|XA11TEX|EV000084|1.0|1.0|0.0|0.0|0.0|QROCK3X8|EV000086|1.0|1.0|82.0|32.0|-384.0|-384.0|-161.6|-192.0|-128.0|-128.0|-161.6|-192.0
UTNTSkyEdge_tnt02_35_0_terrain_2_1|35|0|1|27|27|-1024.0|-768.0|-1088.0|-512.0|-1055.5149287499273|-639.8787321874819|-335.0|-286.0|-384.0|QROCK3|XA11TEX|1.0|1.0|0.0|0.0|14|gravel|EV000136|SG000511|SG000512|109|2|1|27|XA11TEX|EV000136|1.0|1.0|0.0|0.0|0.0|QROCK3X8|EV000137|1.0|1.0|226.385770251|0.0|-286.0|-384.0|0|0|-128.0|-128.0|0|0
UTNTSkyEdge_tnt02_36_0_terrain_2_1|36|0|1|27|27|-832.0|-832.0|-1024.0|-768.0|-927.8418861169915|-799.5256583509747|-335.0|-384.0|-286.0|QROCK3|XA11TEX|1.0|1.0|0.0|0.0|14|gravel|EV000136|SG000513|SG000514|109|2|1|27|XA11TEX|EV000136|1.0|1.0|0.0|0.0|0.0|QROCK3X8|EV000138|1.0|1.0|24.0|0.0|-384.0|-286.0|0|0|-128.0|-128.0|0|0
UTNTSkyEdge_tnt02_38_0_terrain_2_1|38|0|1|20|20|-448.0|-576.0|-640.0|-704.0|-544.2773500981126|-639.583974852831|-352.3333333333333|-346.0|-358.6666666666667|QROCK3|XA11TEX|1.0|1.0|0.0|0.0|14|gravel|EV000076|SG000515|SG000516|107|2|1|20|XA11TEX|EV000076|1.0|1.0|0.0|0.0|0.0|QROCK3X8|EV000078|1.0|1.0|74.0|0.0|-346.0|-358.6666666666667|0|0|-128.0|-128.0|0|0
UTNTSkyEdge_tnt02_39_0_terrain_2_1|39|0|1|19|19|-256.0|-576.0|-448.0|-576.0|-352.0|-575.5|-346.0|-346.0|-346.0|QROCK3|XA11TEX|1.0|1.0|0.0|0.0|14|gravel|EV000071|SG000517|SG000518|106|2|1|19|XA11TEX|EV000071|1.0|1.0|0.0|0.0|0.0|QROCK3X8|EV000073|1.0|1.0|10.0|0.0|-346.0|-346.0|0|0|-128.0|-128.0|0|0
UTNTSkyEdge_tnt02_41_0_terrain_2_1|41|0|1|17|17|448.0|-768.0|320.0|-768.0|384.0|-767.5|-256.0|-256.0|-256.0|QROCK3|XA11TEX|1.0|1.0|0.0|0.0|14|gravel|EV000059|SG000519|SG000520|105|2|1|17|XA11TEX|EV000059|1.0|1.0|0.0|0.0|0.0|QROCK3X8|EV000061|1.0|1.0|276.0|0.0|-256.0|-256.0|0|0|128.0|128.0|0|0
UTNTSkyEdge_tnt02_42_0_terrain_2_1|42|0|1|17|17|640.0|-768.0|448.0|-768.0|544.0|-767.5|-256.0|-256.0|-256.0|QROCK3|XA11TEX|1.0|1.0|0.0|0.0|14|gravel|EV000059|SG000519|SG000520|105|2|1|17|XA11TEX|EV000059|1.0|1.0|0.0|0.0|0.0|QROCK3X8|EV000062|1.0|1.0|84.0|0.0|-256.0|-256.0|0|0|128.0|128.0|0|0
UTNTSkyEdge_tnt02_47_0_terrain_2_1|47|0|1|29|29|2560.0|192.0|2816.0|0.0|2687.7|95.6|-110.0|-120.0|-100.0|QROCK3|XA11TEX|1.0|1.0|0.0|0.0|14|gravel|EV000193|SG000521|SG000522|112|2|1|29|XA11TEX|EV000193|1.0|1.0|0.0|0.0|0.0|QROCK3X8|EV000194|1.0|1.0|90.0|0.0|-120.0|-100.0|0|0|128.0|128.0|0|0
UTNTSkyEdge_tnt02_52_0_terrain_2_1|52|0|1|32|32|4800.0|-384.0|4672.0|-384.0|4736.0|-383.5|0.0|0.0|0.0|QROCK3|XA11TEX|1.0|1.0|0.0|0.0|14|gravel|EV000212|SG000523|SG000524|113|2|1|32|XA11TEX|EV000212|1.0|1.0|0.0|0.0|0.0|QROCK3X8|EV000213|1.0|1.0|305.21670112|64.0|0.0|0.0|0|0|320.0|320.0|0|0
UTNTSkyEdge_tnt02_62_0_terrain_2_1|62|0|1|38|38|4416.0|384.0|4800.0|320.0|4607.917800506348|351.50680303808394|0.0|0.0|0.0|QROCK3|XA11TEX|1.0|1.0|0.0|0.0|14|gravel|EV000306|SG000525|SG000526|115|2|1|38|XA11TEX|EV000306|1.0|1.0|0.0|0.0|0.0|QROCK3X8|EV000307|1.0|1.0|112.0|64.0|0.0|0.0|0|0|320.0|320.0|0|0
UTNTSkyEdge_tnt02_63_0_terrain_2_1|63|0|1|39|39|4800.0|320.0|4928.0|64.0|4863.5527864045|191.77639320225003|0.0|0.0|0.0|QROCK3|XA11TEX|1.0|1.0|0.0|0.0|14|gravel|EV000308|SG000527|SG000528|116|2|1|39|XA11TEX|EV000308|1.0|1.0|0.0|0.0|0.0|QROCK3X8|EV000309|1.0|1.0|117.0|64.0|0.0|0.0|0|0|320.0|320.0|0|0
UTNTSkyEdge_tnt02_64_0_terrain_1_0|64|0|2|32|4839|4928.0|64.0|4928.0|-128.0|4927.5|-32.0|192.0|192.0|192.0|QROCK3|QROCK3X8|1.0|1.0|19.0|64.0|8|rock|EV000215|SG000270|SG000529|113|1|0|4839|XA11TEX|EV003163|1.0|1.0|0.0|0.0|0.0|QROCK3X8|EV000215|1.0|1.0|19.0|64.0|0.0|0.0|192.0|192.0|320.0|320.0|320.0|320.0
UTNTSkyEdge_tnt02_64_0_terrain_1_1|64|0|2|32|4839|4928.0|64.0|4928.0|-128.0|4928.5|-32.0|192.0|192.0|192.0|QROCK3|XA11TEX|1.0|1.0|0.0|0.0|8|gravel|EV003163|SG000530|SG000531|165|1|1|4839|XA11TEX|EV003163|1.0|1.0|0.0|0.0|0.0|QROCK3X8|EV000215|1.0|1.0|19.0|64.0|0.0|0.0|192.0|192.0|320.0|320.0|320.0|320.0
UTNTSkyEdge_tnt02_64_0_terrain_2_1|64|0|2|32|32|4928.0|64.0|4928.0|-128.0|4927.5|-32.0|0.0|0.0|0.0|QROCK3|XA11TEX|1.0|1.0|0.0|0.0|14|gravel|EV000212|SG000532|SG000533|113|2|1|32|XA11TEX|EV000212|1.0|1.0|0.0|0.0|0.0|QROCK3X8|EV000215|1.0|1.0|19.0|64.0|0.0|0.0|192.0|192.0|320.0|320.0|320.0|320.0
UTNTSkyEdge_tnt02_76_0_terrain_1_0|76|0|2|28|40|768.0|-704.0|832.0|-512.0|800.4743416490253|-608.1581138830085|-243.14285714285714|-250.85714285714286|-235.42857142857142|QROCK3|QROCK3X8|1.0|1.0|205.322326615|384.0|8|rock|EV000144|SG000262|SG000534|111|1|0|40|XA11TEX|EV000310|1.0|1.0|0.0|0.0|0.0|QROCK3X8|EV000144|1.0|1.0|205.322326615|384.0|-512.0|-512.0|-250.85714285714286|-235.42857142857142|128.0|128.0|128.0|128.0
UTNTSkyEdge_tnt02_76_0_terrain_1_1|76|0|2|28|40|768.0|-704.0|832.0|-512.0|799.5256583509747|-607.8418861169915|-243.14285714285714|-250.85714285714286|-235.42857142857142|QROCK3|XA11TEX|1.0|1.0|0.0|0.0|8|gravel|EV000310|SG000535|SG000536|173|1|1|40|XA11TEX|EV000310|1.0|1.0|0.0|0.0|0.0|QROCK3X8|EV000144|1.0|1.0|205.322326615|384.0|-512.0|-512.0|-250.85714285714286|-235.42857142857142|128.0|128.0|128.0|128.0
UTNTSkyEdge_tnt02_77_0_terrain_1_0|77|0|2|28|40|832.0|-512.0|704.0|-320.0|768.416025147169|-415.7226499018874|-227.71428571428572|-235.42857142857142|-220.0|QROCK3|QROCK3X8|1.0|1.0|407.708096866|384.0|8|rock|EV000145|SG000262|SG000537|111|1|0|40|XA11TEX|EV000310|1.0|1.0|0.0|0.0|0.0|QROCK3X8|EV000145|1.0|1.0|407.708096866|384.0|-512.0|-512.0|-235.42857142857142|-220.0|128.0|128.0|128.0|128.0
UTNTSkyEdge_tnt02_77_0_terrain_1_1|77|0|2|28|40|832.0|-512.0|704.0|-320.0|767.583974852831|-416.2773500981126|-227.71428571428572|-235.42857142857142|-220.0|QROCK3|XA11TEX|1.0|1.0|0.0|0.0|8|gravel|EV000310|SG000535|SG000536|173|1|1|40|XA11TEX|EV000310|1.0|1.0|0.0|0.0|0.0|QROCK3X8|EV000145|1.0|1.0|407.708096866|384.0|-512.0|-512.0|-235.42857142857142|-220.0|128.0|128.0|128.0|128.0
UTNTSkyEdge_tnt02_78_0_terrain_1_0|78|0|2|28|8|704.0|-320.0|704.0|-128.0|704.5|-224.0|-186.66666666666666|-193.33333333333334|-180.0|QROCK3|QROCK3X8|1.0|1.0|0.0|348.0|8|rock|EV000146|SG000262|SG000538|111|1|0|8|XA11TEX|EV000009|1.0|1.0|0.0|0.0|0.0|QROCK3X8|EV000146|1.0|1.0|0.0|348.0|-512.0|-512.0|-193.33333333333334|-180.0|128.0|128.0|128.0|128.0
UTNTSkyEdge_tnt02_78_0_terrain_1_1|78|0|2|28|8|704.0|-320.0|704.0|-128.0|703.5|-224.0|-186.66666666666666|-193.33333333333334|-180.0|QROCK3|XA11TEX|1.0|1.0|0.0|0.0|8|gravel|EV000009|SG000539|SG000540|101|1|1|8|XA11TEX|EV000009|1.0|1.0|0.0|0.0|0.0|QROCK3X8|EV000146|1.0|1.0|0.0|348.0|-512.0|-512.0|-193.33333333333334|-180.0|128.0|128.0|128.0|128.0
UTNTSkyEdge_tnt02_79_0_terrain_1_0|79|0|2|28|7|704.0|-128.0|832.0|126.0|768.4465082217484|-1.2250120172590815|-150.0|-160.0|-140.0|QROCK3|QROCK3X8|1.0|1.0|64.0|308.0|8|rock|EV000147|SG000262|SG000541|111|1|0|7|XA11TEX|EV000006|1.0|1.0|0.0|0.0|0.0|QROCK3X8|EV000147|1.0|1.0|64.0|308.0|-512.0|-512.0|-160.0|-140.0|128.0|128.0|128.0|128.0
UTNTSkyEdge_tnt02_79_0_terrain_1_1|79|0|2|28|7|704.0|-128.0|832.0|126.0|767.5534917782516|-0.7749879827409184|-150.0|-160.0|-140.0|QROCK3|XA11TEX|1.0|1.0|0.0|0.0|8|gravel|EV000006|SG000542|SG000543|100|1|1|7|XA11TEX|EV000006|1.0|1.0|0.0|0.0|0.0|QROCK3X8|EV000147|1.0|1.0|64.0|308.0|-512.0|-512.0|-160.0|-140.0|128.0|128.0|128.0|128.0
UTNTSkyEdge_tnt02_80_0_terrain_1_0|80|0|2|28|6|832.0|128.0|1152.0|256.0|992.1856953381771|191.53576165455738|-117.69911504424779|-135.04424778761063|-100.35398230088495|QROCK3|QROCK3X8|1.0|1.0|94.0|268.0|8|rock|EV000148|SG000262|SG000544|111|1|0|6|XA11TEX|EV000000|1.0|1.0|0.0|0.0|0.0|QROCK3X8|EV000148|1.0|1.0|94.0|268.0|-512.0|-512.0|-135.04424778761063|-100.35398230088495|128.0|128.0|128.0|128.0
UTNTSkyEdge_tnt02_80_0_terrain_1_1|80|0|2|28|6|832.0|128.0|1152.0|256.0|991.8143046618229|192.46423834544262|-117.69911504424779|-135.04424778761063|-100.35398230088495|QROCK3|XA11TEX|1.0|1.0|0.0|0.0|8|gravel|EV000000|SG000545|SG000546|99|1|1|6|XA11TEX|EV000000|1.0|1.0|0.0|0.0|0.0|QROCK3X8|EV000148|1.0|1.0|94.0|268.0|-512.0|-512.0|-135.04424778761063|-100.35398230088495|128.0|128.0|128.0|128.0
UTNTSkyEdge_tnt02_81_0_terrain_1_0|81|0|2|28|6|1152.0|256.0|1472.0|320.0|1312.0980580675691|287.50970966215453|-82.38938053097345|-100.35398230088495|-64.42477876106194|QROCK3|QROCK3X8|1.0|1.0|438.650547657|268.0|8|rock|EV000149|SG000262|SG000547|111|1|0|6|XA11TEX|EV000000|1.0|1.0|0.0|0.0|0.0|QROCK3X8|EV000149|1.0|1.0|438.650547657|268.0|-512.0|-512.0|-100.35398230088495|-64.42477876106194|128.0|128.0|128.0|128.0
UTNTSkyEdge_tnt02_81_0_terrain_1_1|81|0|2|28|6|1152.0|256.0|1472.0|320.0|1311.9019419324309|288.49029033784547|-82.38938053097345|-100.35398230088495|-64.42477876106194|QROCK3|XA11TEX|1.0|1.0|0.0|0.0|8|gravel|EV000000|SG000545|SG000546|99|1|1|6|XA11TEX|EV000000|1.0|1.0|0.0|0.0|0.0|QROCK3X8|EV000149|1.0|1.0|438.650547657|268.0|-512.0|-512.0|-100.35398230088495|-64.42477876106194|128.0|128.0|128.0|128.0
UTNTSkyEdge_tnt02_83_0_terrain_1_0|83|0|2|28|13|1792.0|320.0|2112.0|192.0|1951.814304661823|255.53576165455738|-89.3103448275862|-48.275862068965516|-130.3448275862069|QROCK3|QROCK3X8|1.0|1.0|25.0|268.0|8|rock|EV000152|SG000262|SG000548|111|1|0|13|XA11TEX|EV000026|1.0|1.0|0.0|0.0|0.0|QROCK3X8|EV000152|1.0|1.0|25.0|268.0|-512.0|-512.0|-48.275862068965516|-130.3448275862069|128.0|128.0|128.0|128.0
UTNTSkyEdge_tnt02_83_0_terrain_1_1|83|0|2|28|13|1792.0|320.0|2112.0|192.0|1952.185695338177|256.46423834544265|-89.3103448275862|-48.275862068965516|-130.3448275862069|QROCK3|XA11TEX|1.0|1.0|0.0|0.0|8|gravel|EV000026|SG000549|SG000550|104|1|1|13|XA11TEX|EV000026|1.0|1.0|0.0|0.0|0.0|QROCK3X8|EV000152|1.0|1.0|25.0|268.0|-512.0|-512.0|-48.275862068965516|-130.3448275862069|128.0|128.0|128.0|128.0
UTNTSkyEdge_tnt02_84_0_terrain_1_0|84|0|2|28|29|2496.0|0.0|2632.0|-192.0|2563.5919877594492|-96.28900867039017|-113.75|-120.0|-107.5|QROCK3|QROCK3X8|1.0|1.0|116.0|228.0|8|rock|EV000153|SG000262|SG000551|111|1|0|29|XA11TEX|EV000193|1.0|1.0|0.0|0.0|0.0|QROCK3X8|EV000153|1.0|1.0|116.0|228.0|-512.0|-512.0|-120.0|-107.5|128.0|128.0|128.0|128.0
UTNTSkyEdge_tnt02_84_0_terrain_1_1|84|0|2|28|29|2496.0|0.0|2632.0|-192.0|2564.4080122405508|-95.71099132960983|-113.75|-120.0|-107.5|QROCK3|XA11TEX|1.0|1.0|0.0|0.0|8|gravel|EV000193|SG000552|SG000553|112|1|1|29|XA11TEX|EV000193|1.0|1.0|0.0|0.0|0.0|QROCK3X8|EV000153|1.0|1.0|116.0|228.0|-512.0|-512.0|-120.0|-107.5|128.0|128.0|128.0|128.0
UTNTSkyEdge_tnt02_87_0_terrain_1_0|87|0|2|28|12|2112.0|192.0|2304.0|128.0|2207.8418861169916|159.52565835097474|-136.07142857142858|-140.0|-132.14285714285714|QROCK3|QROCK3X8|1.0|1.0|118.0|248.0|8|rock|EV000154|SG000262|SG000554|111|1|0|12|XA11TEX|EV000023|1.0|1.0|0.0|0.0|0.0|QROCK3X8|EV000154|1.0|1.0|118.0|248.0|-512.0|-512.0|-140.0|-132.14285714285714|128.0|128.0|128.0|128.0
UTNTSkyEdge_tnt02_87_0_terrain_1_1|87|0|2|28|12|2112.0|192.0|2304.0|128.0|2208.1581138830084|160.47434164902526|-136.07142857142858|-140.0|-132.14285714285714|QROCK3|XA11TEX|1.0|1.0|0.0|0.0|8|gravel|EV000023|SG000555|SG000556|103|1|1|12|XA11TEX|EV000023|1.0|1.0|0.0|0.0|0.0|QROCK3X8|EV000154|1.0|1.0|118.0|248.0|-512.0|-512.0|-140.0|-132.14285714285714|128.0|128.0|128.0|128.0
UTNTSkyEdge_tnt02_88_0_terrain_1_0|88|0|2|28|12|2304.0|128.0|2496.0|0.0|2399.7226499018875|63.583974852831076|-128.57142857142858|-132.14285714285714|-125.0|QROCK3|QROCK3X8|1.0|1.0|320.385770251|248.0|8|rock|EV000155|SG000262|SG000557|111|1|0|12|XA11TEX|EV000023|1.0|1.0|0.0|0.0|0.0|QROCK3X8|EV000155|1.0|1.0|320.385770251|248.0|-512.0|-512.0|-132.14285714285714|-125.0|128.0|128.0|128.0|128.0
UTNTSkyEdge_tnt02_88_0_terrain_1_1|88|0|2|28|12|2304.0|128.0|2496.0|0.0|2400.2773500981125|64.41602514716892|-128.57142857142858|-132.14285714285714|-125.0|QROCK3|XA11TEX|1.0|1.0|0.0|0.0|8|gravel|EV000023|SG000555|SG000556|103|1|1|12|XA11TEX|EV000023|1.0|1.0|0.0|0.0|0.0|QROCK3X8|EV000155|1.0|1.0|320.385770251|248.0|-512.0|-512.0|-132.14285714285714|-125.0|128.0|128.0|128.0|128.0
UTNTSkyEdge_tnt02_89_1_terrain_1_0|89|1|2|28|43|2180.0|-912.0|2180.0|-1024.0|2179.5|-968.0|-384.0|-384.0|-384.0|QROCK3|QROCK3X8|1.0|1.0|215.301697684|512.0|8|rock|EV000156|SG000262|SG000558|111|1|0|43|XA11TEX|EV000354|1.0|1.0|0.0|0.0|0.0|QROCK3X8|EV000156|1.0|1.0|215.301697684|512.0|-512.0|-512.0|-384.0|-384.0|128.0|128.0|128.0|128.0
UTNTSkyEdge_tnt02_89_1_terrain_1_1|89|1|2|28|43|2180.0|-912.0|2180.0|-1024.0|2180.5|-968.0|-384.0|-384.0|-384.0|QROCK3|XA11TEX|1.0|1.0|0.0|0.0|8|gravel|EV000354|SG000559|SG000560|122|1|1|43|XA11TEX|EV000354|1.0|1.0|0.0|0.0|0.0|QROCK3X8|EV000156|1.0|1.0|215.301697684|512.0|-512.0|-512.0|-384.0|-384.0|128.0|128.0|128.0|128.0
UTNTSkyEdge_tnt02_108_0_terrain_1_0|108|0|2|25|44|-864.0|-512.0|-896.0|-480.0|-879.6464466094068|-495.6464466094067|-360.0|-360.0|-360.0|QROCK3|QROCK3X8|1.0|1.0|241.291563774|-1024.0|3.84|rock|EV000115|SG000256|SG000561|110|1|0|44|XA11TEX|EV000360|1.0|1.0|0.0|0.0|0.0|QROCK3X8|EV000115|1.0|1.0|241.291563774|-1024.0|-384.0|-384.0|-360.0|-360.0|-128.0|-128.0|-128.0|-128.0
UTNTSkyEdge_tnt02_108_0_terrain_1_1|108|0|2|25|44|-864.0|-512.0|-896.0|-480.0|-880.3535533905932|-496.3535533905933|-360.0|-360.0|-360.0|QROCK3|XA11TEX|1.0|1.0|0.0|0.0|3.84|gravel|EV000360|SG000562|SG000563|174|1|1|44|XA11TEX|EV000360|1.0|1.0|0.0|0.0|0.0|QROCK3X8|EV000115|1.0|1.0|241.291563774|-1024.0|-384.0|-384.0|-360.0|-360.0|-128.0|-128.0|-128.0|-128.0
UTNTSkyEdge_tnt02_109_0_terrain_1_0|109|0|2|25|44|-896.0|-480.0|-928.0|-512.0|-912.3535533905932|-495.6464466094067|-360.0|-360.0|-360.0|QROCK3|QROCK3X8|1.0|1.0|0.0|-1024.0|3.84|rock|EV000116|SG000256|SG000564|110|1|0|44|XA11TEX|EV000360|1.0|1.0|0.0|0.0|0.0|QROCK3X8|EV000116|1.0|1.0|0.0|-1024.0|-384.0|-384.0|-360.0|-360.0|-128.0|-128.0|-128.0|-128.0
UTNTSkyEdge_tnt02_109_0_terrain_1_1|109|0|2|25|44|-896.0|-480.0|-928.0|-512.0|-911.6464466094068|-496.3535533905933|-360.0|-360.0|-360.0|QROCK3|XA11TEX|1.0|1.0|0.0|0.0|3.84|gravel|EV000360|SG000562|SG000563|174|1|1|44|XA11TEX|EV000360|1.0|1.0|0.0|0.0|0.0|QROCK3X8|EV000116|1.0|1.0|0.0|-1024.0|-384.0|-384.0|-360.0|-360.0|-128.0|-128.0|-128.0|-128.0
UTNTSkyEdge_tnt02_110_0_terrain_1_0|110|0|2|25|44|-928.0|-512.0|-961.0|-540.0|-944.8234887240975|-525.6187454323136|-360.0|-360.0|-360.0|QROCK3|QROCK3X8|1.0|1.0|45.254833996|-1024.0|3.84|rock|EV000117|SG000256|SG000565|110|1|0|44|XA11TEX|EV000360|1.0|1.0|0.0|0.0|0.0|QROCK3X8|EV000117|1.0|1.0|45.254833996|-1024.0|-384.0|-384.0|-360.0|-360.0|-128.0|-128.0|-128.0|-128.0
UTNTSkyEdge_tnt02_110_0_terrain_1_1|110|0|2|25|44|-928.0|-512.0|-961.0|-540.0|-944.1765112759025|-526.3812545676864|-360.0|-360.0|-360.0|QROCK3|XA11TEX|1.0|1.0|0.0|0.0|3.84|gravel|EV000360|SG000562|SG000563|174|1|1|44|XA11TEX|EV000360|1.0|1.0|0.0|0.0|0.0|QROCK3X8|EV000117|1.0|1.0|45.254833996|-1024.0|-384.0|-384.0|-360.0|-360.0|-128.0|-128.0|-128.0|-128.0
UTNTSkyEdge_tnt02_111_0_terrain_1_0|111|0|2|25|44|-961.0|-540.0|-945.0|-567.0|-953.4301457668171|-553.7549011951509|-360.0|-360.0|-360.0|QROCK3|QROCK3X8|1.0|1.0|88.533004013|-1024.0|3.84|rock|EV000118|SG000256|SG000566|110|1|0|44|XA11TEX|EV000360|1.0|1.0|0.0|0.0|0.0|QROCK3X8|EV000118|1.0|1.0|88.533004013|-1024.0|-384.0|-384.0|-360.0|-360.0|-128.0|-128.0|-128.0|-128.0
UTNTSkyEdge_tnt02_111_0_terrain_1_1|111|0|2|25|44|-961.0|-540.0|-945.0|-567.0|-952.5698542331829|-553.2450988048491|-360.0|-360.0|-360.0|QROCK3|XA11TEX|1.0|1.0|0.0|0.0|3.84|gravel|EV000360|SG000562|SG000563|174|1|1|44|XA11TEX|EV000360|1.0|1.0|0.0|0.0|0.0|QROCK3X8|EV000118|1.0|1.0|88.533004013|-1024.0|-384.0|-384.0|-360.0|-360.0|-128.0|-128.0|-128.0|-128.0
UTNTSkyEdge_tnt02_112_0_terrain_1_0|112|0|2|25|44|-945.0|-567.0|-896.0|-576.0|-920.5903257601642|-571.991773583116|-360.0|-360.0|-360.0|QROCK3|QROCK3X8|1.0|1.0|119.917713666|-1024.0|3.84|rock|EV000119|SG000256|SG000567|110|1|0|44|XA11TEX|EV000360|1.0|1.0|0.0|0.0|0.0|QROCK3X8|EV000119|1.0|1.0|119.917713666|-1024.0|-384.0|-384.0|-360.0|-360.0|-128.0|-128.0|-128.0|-128.0
UTNTSkyEdge_tnt02_112_0_terrain_1_1|112|0|2|25|44|-945.0|-567.0|-896.0|-576.0|-920.4096742398358|-571.008226416884|-360.0|-360.0|-360.0|QROCK3|XA11TEX|1.0|1.0|0.0|0.0|3.84|gravel|EV000360|SG000562|SG000563|174|1|1|44|XA11TEX|EV000360|1.0|1.0|0.0|0.0|0.0|QROCK3X8|EV000119|1.0|1.0|119.917713666|-1024.0|-384.0|-384.0|-360.0|-360.0|-128.0|-128.0|-128.0|-128.0
UTNTSkyEdge_tnt02_113_0_terrain_1_0|113|0|2|25|44|-896.0|-576.0|-864.0|-512.0|-879.5527864045|-544.22360679775|-360.0|-360.0|-360.0|QROCK3|QROCK3X8|1.0|1.0|169.737388494|-1024.0|3.84|rock|EV000120|SG000256|SG000568|110|1|0|44|XA11TEX|EV000360|1.0|1.0|0.0|0.0|0.0|QROCK3X8|EV000120|1.0|1.0|169.737388494|-1024.0|-384.0|-384.0|-360.0|-360.0|-128.0|-128.0|-128.0|-128.0
UTNTSkyEdge_tnt02_113_0_terrain_1_1|113|0|2|25|44|-896.0|-576.0|-864.0|-512.0|-880.4472135955|-543.77639320225|-360.0|-360.0|-360.0|QROCK3|XA11TEX|1.0|1.0|0.0|0.0|3.84|gravel|EV000360|SG000562|SG000563|174|1|1|44|XA11TEX|EV000360|1.0|1.0|0.0|0.0|0.0|QROCK3X8|EV000120|1.0|1.0|169.737388494|-1024.0|-384.0|-384.0|-360.0|-360.0|-128.0|-128.0|-128.0|-128.0
UTNTSkyEdge_tnt02_121_0_terrain_2_1|121|0|2|46|46|834.0|-1022.0|642.0|-768.0|738.3988665139565|-894.6984946036234|-700.0|-700.0|-700.0|QROCK3|XA02TEX|1.0|1.0|0.0|0.0|14|gravel|EV000364|SG000569|SG000570|175|2|1|46|XA02TEX|EV000364|1.0|1.0|0.0|0.0|0.0|QROCK3X8|EV000365|1.0|1.0|532.844920978|640.0|-700.0|-700.0|-512.0|-512.0|128.0|128.0|128.0|128.0
UTNTSkyEdge_tnt02_122_0_terrain_2_1|122|0|2|46|46|1280.0|-1084.0|834.0|-1022.0|1057.0688447064647|-1052.504762272851|-700.0|-700.0|-700.0|QROCK3|XA02TEX|1.0|1.0|0.0|0.0|14|gravel|EV000364|SG000571|SG000572|175|2|1|46|XA02TEX|EV000364|1.0|1.0|0.0|0.0|0.0|QROCK3X8|EV000366|1.0|1.0|82.556124759|640.0|-700.0|-700.0|-512.0|-512.0|128.0|128.0|128.0|128.0
UTNTSkyEdge_tnt02_123_0_terrain_2_1|123|0|2|46|46|1920.0|-1085.0|1746.0|-1085.0|1833.0|-1084.5|-700.0|-700.0|-700.0|QROCK3|XA02TEX|1.0|1.0|0.0|0.0|14|gravel|EV000364|SG000573|SG000574|175|2|1|46|XA02TEX|EV000364|1.0|1.0|0.0|0.0|0.0|QROCK3X8|EV000367|1.0|1.0|180.549714766|640.0|-700.0|-700.0|-512.0|-512.0|128.0|128.0|128.0|128.0
UTNTSkyEdge_tnt02_125_0_terrain_2_1|125|0|2|46|46|2176.0|-1022.0|1984.0|-1022.0|2080.0|-1021.5|-700.0|-700.0|-700.0|QROCK3|XA02TEX|1.0|1.0|0.0|0.0|14|gravel|EV000364|SG000575|SG000576|175|2|1|46|XA02TEX|EV000364|1.0|1.0|0.0|0.0|0.0|QROCK3X8|EV000369|1.0|1.0|922.744369714|640.0|-700.0|-700.0|-512.0|-512.0|128.0|128.0|128.0|128.0
UTNTSkyEdge_tnt02_129_0_terrain_2_1|129|0|2|46|46|770.0|-706.0|834.0|-512.0|802.474828890064|-609.1566445822891|-700.0|-700.0|-700.0|QROCK3|XA02TEX|1.0|1.0|0.0|0.0|14|gravel|EV000364|SG000577|SG000578|175|2|1|46|XA02TEX|EV000364|1.0|1.0|0.0|0.0|0.0|QROCK3X8|EV000373|1.0|1.0|142.22517358|640.0|-700.0|-700.0|-512.0|-512.0|128.0|128.0|128.0|128.0
UTNTSkyEdge_tnt02_130_0_terrain_2_1|130|0|2|46|46|834.0|-512.0|706.0|-320.0|770.416025147169|-415.7226499018874|-700.0|-700.0|-700.0|QROCK3|XA02TEX|1.0|1.0|0.0|0.0|14|gravel|EV000364|SG000579|SG000580|175|2|1|46|XA02TEX|EV000364|1.0|1.0|0.0|0.0|0.0|QROCK3X8|EV000374|1.0|1.0|346.509289458|640.0|-700.0|-700.0|-512.0|-512.0|128.0|128.0|128.0|128.0
UTNTSkyEdge_tnt02_131_0_terrain_2_1|131|0|2|46|46|706.0|-320.0|706.0|-128.0|706.5|-224.0|-700.0|-700.0|-700.0|QROCK3|XA02TEX|1.0|1.0|0.0|0.0|14|gravel|EV000364|SG000581|SG000582|175|2|1|46|XA02TEX|EV000364|1.0|1.0|0.0|0.0|0.0|QROCK3X8|EV000375|1.0|1.0|577.264571088|640.0|-700.0|-700.0|-512.0|-512.0|128.0|128.0|128.0|128.0
UTNTSkyEdge_tnt02_133_0_terrain_2_1|133|0|2|46|46|832.0|126.0|1152.0|254.0|992.1856953381771|189.53576165455738|-700.0|-700.0|-700.0|QROCK3|XA02TEX|1.0|1.0|0.0|0.0|14|gravel|EV000364|SG000583|SG000584|175|2|1|46|XA02TEX|EV000364|1.0|1.0|0.0|0.0|0.0|QROCK3X8|EV000377|1.0|1.0|0.0|640.0|-700.0|-700.0|-512.0|-512.0|128.0|128.0|128.0|128.0
UTNTSkyEdge_tnt02_134_0_terrain_2_1|134|0|2|46|46|1152.0|254.0|1472.0|318.0|1312.0980580675691|285.50970966215453|-700.0|-700.0|-700.0|QROCK3|XA02TEX|1.0|1.0|0.0|0.0|14|gravel|EV000364|SG000585|SG000586|175|2|1|46|XA02TEX|EV000364|1.0|1.0|0.0|0.0|0.0|QROCK3X8|EV000378|1.0|1.0|344.650547657|640.0|-700.0|-700.0|-512.0|-512.0|128.0|128.0|128.0|128.0
UTNTSkyEdge_tnt02_136_0_terrain_2_1|136|0|2|46|46|1792.0|318.0|2112.0|190.0|1951.814304661823|253.53576165455738|-700.0|-700.0|-700.0|QROCK3|XA02TEX|1.0|1.0|0.0|0.0|14|gravel|EV000364|SG000587|SG000588|175|2|1|46|XA02TEX|EV000364|1.0|1.0|0.0|0.0|0.0|QROCK3X8|EV000380|1.0|1.0|990.987796527|640.0|-700.0|-700.0|-512.0|-512.0|128.0|128.0|128.0|128.0
UTNTSkyEdge_tnt02_137_0_terrain_2_1|137|0|2|46|46|2496.0|-2.0|2624.0|-192.0|2559.585322814832|-97.27936147211312|-700.0|-700.0|-700.0|QROCK3|XA02TEX|1.0|1.0|0.0|0.0|14|gravel|EV000364|SG000589|SG000590|175|2|1|46|XA02TEX|EV000364|1.0|1.0|0.0|0.0|0.0|QROCK3X8|EV000381|1.0|1.0|744.779396064|640.0|-700.0|-700.0|-512.0|-512.0|128.0|128.0|128.0|128.0
UTNTSkyEdge_tnt02_139_0_terrain_2_1|139|0|2|46|46|2304.0|126.0|2496.0|-2.0|2399.7226499018875|61.583974852831076|-700.0|-700.0|-700.0|QROCK3|XA02TEX|1.0|1.0|0.0|0.0|14|gravel|EV000364|SG000591|SG000592|175|2|1|46|XA02TEX|EV000364|1.0|1.0|0.0|0.0|0.0|QROCK3X8|EV000383|1.0|1.0|514.024114434|640.0|-700.0|-700.0|-512.0|-512.0|128.0|128.0|128.0|128.0
UTNTSkyEdge_tnt02_140_1_terrain_2_1|140|1|2|46|46|2624.0|-192.0|2272.0|-640.0|2447.6068408305887|-415.69108922403404|-700.0|-700.0|-700.0|QROCK3|XA02TEX|1.0|1.0|0.0|0.0|14|gravel|EV000364|SG000593|SG000594|175|2|1|46|XA02TEX|EV000364|1.0|1.0|0.0|0.0|0.0|QROCK3X8|EV000384|1.0|1.0|973.873263288|640.0|-700.0|-700.0|-512.0|-512.0|128.0|128.0|128.0|128.0
UTNTSkyEdge_tnt02_151_0_terrain_2_1|151|0|2|46|46|1455.0|-1084.0|1280.0|-1084.0|1367.5|-1083.5|-700.0|-700.0|-700.0|QROCK3|XA02TEX|1.0|1.0|0.0|0.0|14|gravel|EV000364|SG000595|SG000596|175|2|1|46|XA02TEX|EV000364|1.0|1.0|0.0|0.0|0.0|QROCK3X8|EV000386|1.0|1.0|931.556124759|640.0|-700.0|-700.0|-512.0|-512.0|128.0|128.0|128.0|128.0
UTNTSkyEdge_tnt02_238_1_terrain_1_0|238|1|2|28|35|2632.0|-192.0|2504.0|-352.0|2567.6095655952786|-271.6876524762228|-100.0|-100.0|-100.0|QROCK3|QROCK3X8|1.0|1.0|95.0|228.0|8|rock|EV000176|SG000262|SG000597|111|1|0|35|XA11TEX|EV000244|1.0|1.0|0.0|0.0|0.0|QROCK3X8|EV000176|1.0|1.0|95.0|228.0|-512.0|-512.0|-100.0|-100.0|128.0|128.0|128.0|128.0
UTNTSkyEdge_tnt02_238_1_terrain_1_1|238|1|2|28|35|2632.0|-192.0|2504.0|-352.0|2568.3904344047214|-272.3123475237772|-100.0|-100.0|-100.0|QROCK3|XA11TEX|1.0|1.0|0.0|0.0|8|gravel|EV000244|SG000598|SG000599|114|1|1|35|XA11TEX|EV000244|1.0|1.0|0.0|0.0|0.0|QROCK3X8|EV000176|1.0|1.0|95.0|228.0|-512.0|-512.0|-100.0|-100.0|128.0|128.0|128.0|128.0
UTNTSkyEdge_tnt02_239_1_terrain_1_0|239|1|2|28|66|2504.0|-352.0|2368.0|-528.0|2435.604357499304|-439.6942762494621|-150.0|-100.0|-200.0|QROCK3|QROCK3X8|1.0|1.0|44.0|328.0|8|rock|EV000177|SG000262|SG000600|111|1|0|66|XA11TEX|EV000457|1.0|1.0|0.0|0.0|0.0|QROCK3X8|EV000177|1.0|1.0|44.0|328.0|-512.0|-512.0|-100.0|-200.0|128.0|128.0|128.0|128.0
UTNTSkyEdge_tnt02_239_1_terrain_1_1|239|1|2|28|66|2504.0|-352.0|2368.0|-528.0|2436.395642500696|-440.3057237505379|-150.0|-100.0|-200.0|QROCK3|XA11TEX|1.0|1.0|0.0|0.0|8|gravel|EV000457|SG000601|SG000602|121|1|1|66|XA11TEX|EV000457|1.0|1.0|0.0|0.0|0.0|QROCK3X8|EV000177|1.0|1.0|44.0|328.0|-512.0|-512.0|-100.0|-200.0|128.0|128.0|128.0|128.0
UTNTSkyEdge_tnt02_240_1_terrain_1_0|240|1|2|28|67|2368.0|-528.0|2256.0|-672.0|2311.605323891312|-599.6930296932426|-250.0|-200.0|-300.0|QROCK3|QROCK3X8|1.0|1.0|10.0|428.0|8|rock|EV000178|SG000262|SG000603|111|1|0|67|XA11TEX|EV000460|1.0|1.0|0.0|0.0|0.0|QROCK3X8|EV000178|1.0|1.0|10.0|428.0|-512.0|-512.0|-200.0|-300.0|128.0|128.0|128.0|128.0
UTNTSkyEdge_tnt02_240_1_terrain_1_1|240|1|2|28|67|2368.0|-528.0|2256.0|-672.0|2312.394676108688|-600.3069703067574|-250.0|-200.0|-300.0|QROCK3|XA11TEX|1.0|1.0|0.0|0.0|8|gravel|EV000460|SG000604|SG000605|120|1|1|67|XA11TEX|EV000460|1.0|1.0|0.0|0.0|0.0|QROCK3X8|EV000178|1.0|1.0|10.0|428.0|-512.0|-512.0|-200.0|-300.0|128.0|128.0|128.0|128.0
UTNTSkyEdge_tnt02_241_1_terrain_1_0|241|1|2|28|68|2256.0|-672.0|2224.0|-832.0|2239.5097096621544|-751.9019419324309|-350.0|-300.0|-400.0|QROCK3|QROCK3X8|1.0|1.0|64.0|528.0|8|rock|EV000179|SG000262|SG000606|111|1|0|68|XA11TEX|EV000463|1.0|1.0|0.0|0.0|0.0|QROCK3X8|EV000179|1.0|1.0|64.0|528.0|-512.0|-512.0|-300.0|-400.0|128.0|128.0|128.0|128.0
UTNTSkyEdge_tnt02_241_1_terrain_1_1|241|1|2|28|68|2256.0|-672.0|2224.0|-832.0|2240.4902903378456|-752.0980580675691|-350.0|-300.0|-400.0|QROCK3|XA11TEX|1.0|1.0|0.0|0.0|8|gravel|EV000463|SG000607|SG000608|119|1|1|68|XA11TEX|EV000463|1.0|1.0|0.0|0.0|0.0|QROCK3X8|EV000179|1.0|1.0|64.0|528.0|-512.0|-512.0|-300.0|-400.0|128.0|128.0|128.0|128.0
UTNTSkyEdge_tnt02_242_1_terrain_1_0|242|1|2|28|43|2224.0|-832.0|2180.0|-912.0|2201.561892045662|-871.7590406251139|-384.0|-384.0|-384.0|QROCK3|QROCK3X8|1.0|1.0|124.0|512.0|8|rock|EV000180|SG000262|SG000609|111|1|0|43|XA11TEX|EV000354|1.0|1.0|0.0|0.0|0.0|QROCK3X8|EV000180|1.0|1.0|124.0|512.0|-512.0|-512.0|-384.0|-384.0|128.0|128.0|128.0|128.0
UTNTSkyEdge_tnt02_242_1_terrain_1_1|242|1|2|28|43|2224.0|-832.0|2180.0|-912.0|2202.438107954338|-872.2409593748861|-384.0|-384.0|-384.0|QROCK3|XA11TEX|1.0|1.0|0.0|0.0|8|gravel|EV000354|SG000559|SG000560|122|1|1|43|XA11TEX|EV000354|1.0|1.0|0.0|0.0|0.0|QROCK3X8|EV000180|1.0|1.0|124.0|512.0|-512.0|-512.0|-384.0|-384.0|128.0|128.0|128.0|128.0
UTNTSkyEdge_tnt02_244_0_terrain_2_1|244|0|2|46|46|2224.0|-816.0|2176.0|-912.0|2199.5527864045002|-863.77639320225|-700.0|-700.0|-700.0|QROCK3|XA02TEX|1.0|1.0|0.0|0.0|14|gravel|EV000364|SG000610|SG000611|175|2|1|46|XA02TEX|EV000364|1.0|1.0|0.0|0.0|0.0|QROCK3X8|EV000395|1.0|1.0|705.413106794|640.0|-700.0|-700.0|-512.0|-512.0|128.0|128.0|128.0|128.0
UTNTSkyEdge_tnt02_245_0_terrain_2_1|245|0|1|68|68|2384.0|-752.0|2336.0|-880.0|2359.5318354112155|-815.8244382792058|-343.8888888888889|-300.0|-387.77777777777777|QROCK3|XA11TEX|1.0|1.0|0.0|0.0|14|gravel|EV000463|SG000612|SG000613|119|2|1|68|XA11TEX|EV000463|1.0|1.0|0.0|0.0|0.0|QROCK3X8|EV000464|1.0|1.0|121.0|0.0|-300.0|-387.77777777777777|0|0|128.0|128.0|0|0
UTNTSkyEdge_tnt02_246_0_terrain_2_1|246|0|1|67|67|2480.0|-624.0|2384.0|-752.0|2431.6|-687.7|-243.8095238095238|-200.0|-287.6190476190476|QROCK3|XA11TEX|1.0|1.0|0.0|0.0|14|gravel|EV000460|SG000614|SG000615|120|2|1|67|XA11TEX|EV000460|1.0|1.0|0.0|0.0|0.0|QROCK3X8|EV000461|1.0|1.0|89.0|0.0|-200.0|-287.6190476190476|0|0|128.0|128.0|0|0
UTNTSkyEdge_tnt02_247_0_terrain_2_1|247|0|1|66|66|2592.0|-512.0|2480.0|-624.0|2535.6464466094067|-567.6464466094068|-137.2852233676976|-100.0|-174.5704467353952|QROCK3|XA11TEX|1.0|1.0|0.0|0.0|14|gravel|EV000457|SG000616|SG000617|121|2|1|66|XA11TEX|EV000457|1.0|1.0|0.0|0.0|0.0|QROCK3X8|EV000458|1.0|1.0|59.0|0.0|-100.0|-174.5704467353952|0|0|128.0|128.0|0|0
UTNTSkyEdge_tnt02_248_0_terrain_2_1|248|0|1|43|43|2336.0|-880.0|2272.0|-976.0|2303.583974852831|-927.7226499018874|-384.0|-384.0|-384.0|QROCK3|XA11TEX|1.0|1.0|0.0|0.0|14|gravel|EV000354|SG000618|SG000619|122|2|1|43|XA11TEX|EV000354|1.0|1.0|0.0|0.0|0.0|QROCK3X8|EV000355|1.0|1.0|2.0|0.0|-384.0|-384.0|0|0|128.0|128.0|0|0
UTNTSkyEdge_tnt02_821_0_terrain_1_0|821|0|2|28|202|1780.0|-394.0|1757.0|-260.0|1768.9927936185122|-326.91541602070316|-132.37520467836256|-203.45263157894738|-61.297777777777775|QROCK3|QROCK3X8|1.0|1.0|0.0|-1024.0|8|rock|EV000183|SG000262|SG000620|111|1|0|202|XA11TEX|EV000602|1.0|1.0|0.0|0.0|0.0|QROCK3X8|EV000183|1.0|1.0|0.0|-1024.0|-512.0|-512.0|-203.45263157894738|-61.297777777777775|128.0|128.0|128.0|128.0
UTNTSkyEdge_tnt02_821_0_terrain_1_1|821|0|2|28|202|1780.0|-394.0|1757.0|-260.0|1768.0072063814878|-327.08458397929684|-132.37520467836256|-203.45263157894738|-61.297777777777775|QROCK3|XA11TEX|1.0|1.0|0.0|0.0|8|gravel|EV000602|SG000621|SG000622|176|1|1|202|XA11TEX|EV000602|1.0|1.0|0.0|0.0|0.0|QROCK3X8|EV000183|1.0|1.0|0.0|-1024.0|-512.0|-512.0|-203.45263157894738|-61.297777777777775|128.0|128.0|128.0|128.0
UTNTSkyEdge_tnt02_822_0_terrain_1_0|822|0|2|28|203|1757.0|-260.0|1690.0|-148.0|1723.929084131656|-203.74331574267006|-160.0|-192.0|-128.0|QROCK3|QROCK3X8|1.0|1.0|0.0|-1024.0|8|rock|EV000184|SG000262|SG000623|111|1|0|203|XA11TEX|EV000605|1.0|1.0|0.0|0.0|0.0|QROCK3X8|EV000184|1.0|1.0|0.0|-1024.0|-512.0|-512.0|-192.0|-128.0|128.0|128.0|128.0|128.0
UTNTSkyEdge_tnt02_822_0_terrain_1_1|822|0|2|28|203|1757.0|-260.0|1690.0|-148.0|1723.070915868344|-204.25668425732994|-160.0|-192.0|-128.0|QROCK3|XA11TEX|1.0|1.0|0.0|0.0|8|gravel|EV000605|SG000624|SG000625|177|1|1|203|XA11TEX|EV000605|1.0|1.0|0.0|0.0|0.0|QROCK3X8|EV000184|1.0|1.0|0.0|-1024.0|-512.0|-512.0|-192.0|-128.0|128.0|128.0|128.0|128.0
UTNTSkyEdge_tnt02_823_0_terrain_1_0|823|0|2|28|204|1690.0|-148.0|1489.0|-192.0|1589.3930790914465|-169.511565849562|-128.0|-128.0|-128.0|QROCK3|QROCK3X8|1.0|1.0|0.0|-1024.0|8|rock|EV000185|SG000262|SG000626|111|1|0|204|XA11TEX|EV000607|1.0|1.0|0.0|0.0|0.0|QROCK3X8|EV000185|1.0|1.0|0.0|-1024.0|-512.0|-512.0|-128.0|-128.0|128.0|128.0|128.0|128.0
UTNTSkyEdge_tnt02_823_0_terrain_1_1|823|0|2|28|204|1690.0|-148.0|1489.0|-192.0|1589.6069209085535|-170.488434150438|-128.0|-128.0|-128.0|QROCK3|XA11TEX|1.0|1.0|0.0|0.0|8|gravel|EV000607|SG000627|SG000628|178|1|1|204|XA11TEX|EV000607|1.0|1.0|0.0|0.0|0.0|QROCK3X8|EV000185|1.0|1.0|0.0|-1024.0|-512.0|-512.0|-128.0|-128.0|128.0|128.0|128.0|128.0
UTNTSkyEdge_tnt02_824_0_terrain_1_0|824|0|2|28|205|1489.0|-192.0|1421.0|-327.0|1454.553449917439|-259.2750710695248|-151.65244476168846|-128.0|-175.30488952337691|QROCK3|QROCK3X8|1.0|1.0|0.0|-1024.0|8|rock|EV000186|SG000262|SG000629|111|1|0|205|XA11TEX|EV000608|1.0|1.0|0.0|0.0|0.0|QROCK3X8|EV000186|1.0|1.0|0.0|-1024.0|-512.0|-512.0|-128.0|-175.30488952337691|128.0|128.0|128.0|128.0
UTNTSkyEdge_tnt02_824_0_terrain_1_1|824|0|2|28|205|1489.0|-192.0|1421.0|-327.0|1455.446550082561|-259.7249289304752|-151.65244476168846|-128.0|-175.30488952337691|QROCK3|XA11TEX|1.0|1.0|0.0|0.0|8|gravel|EV000608|SG000630|SG000631|179|1|1|205|XA11TEX|EV000608|1.0|1.0|0.0|0.0|0.0|QROCK3X8|EV000186|1.0|1.0|0.0|-1024.0|-512.0|-512.0|-128.0|-175.30488952337691|128.0|128.0|128.0|128.0
UTNTSkyEdge_tnt02_825_0_terrain_1_0|825|0|2|28|205|1421.0|-327.0|1421.0|-447.0|1420.5|-387.0|-183.65244476168846|-175.30488952337691|-192.0|QROCK3|QROCK3X8|1.0|1.0|151.158856836|-1024.0|8|rock|EV000187|SG000262|SG000632|111|1|0|205|XA11TEX|EV000608|1.0|1.0|0.0|0.0|0.0|QROCK3X8|EV000187|1.0|1.0|151.158856836|-1024.0|-512.0|-512.0|-175.30488952337691|-192.0|128.0|128.0|128.0|128.0
UTNTSkyEdge_tnt02_825_0_terrain_1_1|825|0|2|28|205|1421.0|-327.0|1421.0|-447.0|1421.5|-387.0|-183.65244476168846|-175.30488952337691|-192.0|QROCK3|XA11TEX|1.0|1.0|0.0|0.0|8|gravel|EV000608|SG000630|SG000631|179|1|1|205|XA11TEX|EV000608|1.0|1.0|0.0|0.0|0.0|QROCK3X8|EV000187|1.0|1.0|151.158856836|-1024.0|-512.0|-512.0|-175.30488952337691|-192.0|128.0|128.0|128.0|128.0
UTNTSkyEdge_tnt02_826_0_terrain_1_0|826|0|2|28|205|1421.0|-447.0|1511.0|-484.0|1465.809883561422|-465.9624453911355|-175.69838746309335|-192.0|-159.39677492618668|QROCK3|QROCK3X8|1.0|1.0|271.158856836|-1024.0|8|rock|EV000188|SG000262|SG000633|111|1|0|205|XA11TEX|EV000608|1.0|1.0|0.0|0.0|0.0|QROCK3X8|EV000188|1.0|1.0|271.158856836|-1024.0|-512.0|-512.0|-192.0|-159.39677492618668|128.0|128.0|128.0|128.0
UTNTSkyEdge_tnt02_826_0_terrain_1_1|826|0|2|28|205|1421.0|-447.0|1511.0|-484.0|1466.190116438578|-465.0375546088645|-175.69838746309335|-192.0|-159.39677492618668|QROCK3|XA11TEX|1.0|1.0|0.0|0.0|8|gravel|EV000608|SG000630|SG000631|179|1|1|205|XA11TEX|EV000608|1.0|1.0|0.0|0.0|0.0|QROCK3X8|EV000188|1.0|1.0|271.158856836|-1024.0|-512.0|-512.0|-192.0|-159.39677492618668|128.0|128.0|128.0|128.0
UTNTSkyEdge_tnt02_827_0_terrain_1_0|827|0|2|28|206|1511.0|-484.0|1645.0|-573.0|1577.7233675977895|-528.916502717935|-374.5245576786978|-384.0|-365.04911535739564|QROCK3|QROCK3X8|1.0|1.0|0.0|-1024.0|8|rock|EV000189|SG000262|SG000634|111|1|0|206|XA11TEX|EV000610|1.0|1.0|0.0|0.0|0.0|QROCK3X8|EV000189|1.0|1.0|0.0|-1024.0|-512.0|-512.0|-384.0|-365.04911535739564|128.0|128.0|128.0|128.0
UTNTSkyEdge_tnt02_827_0_terrain_1_1|827|0|2|28|206|1511.0|-484.0|1645.0|-573.0|1578.2766324022105|-528.083497282065|-374.5245576786978|-384.0|-365.04911535739564|QROCK3|XA11TEX|1.0|1.0|0.0|0.0|8|gravel|EV000610|SG000635|SG000636|180|1|1|206|XA11TEX|EV000610|1.0|1.0|0.0|0.0|0.0|QROCK3X8|EV000189|1.0|1.0|0.0|-1024.0|-512.0|-512.0|-384.0|-365.04911535739564|128.0|128.0|128.0|128.0
UTNTSkyEdge_tnt02_828_0_terrain_1_0|828|0|2|28|207|1645.0|-573.0|1748.0|-506.0|1696.7726371897293|-539.9191288140614|-426.82243377483445|-409.6448675496689|-444.0|QROCK3|QROCK3X8|1.0|1.0|0.0|-1024.0|8|rock|EV000190|SG000262|SG000637|111|1|0|207|XA11TEX|EV000613|1.0|1.0|0.0|0.0|0.0|QROCK3X8|EV000190|1.0|1.0|0.0|-1024.0|-512.0|-512.0|-409.6448675496689|-444.0|128.0|128.0|128.0|128.0
UTNTSkyEdge_tnt02_828_0_terrain_1_1|828|0|2|28|207|1645.0|-573.0|1748.0|-506.0|1696.2273628102707|-539.0808711859386|-426.82243377483445|-409.6448675496689|-444.0|QROCK3|XA11TEX|1.0|1.0|0.0|0.0|8|gravel|EV000613|SG000638|SG000639|181|1|1|207|XA11TEX|EV000613|1.0|1.0|0.0|0.0|0.0|QROCK3X8|EV000190|1.0|1.0|0.0|-1024.0|-512.0|-512.0|-409.6448675496689|-444.0|128.0|128.0|128.0|128.0
UTNTSkyEdge_tnt02_829_0_terrain_1_0|829|0|2|28|207|1748.0|-506.0|1780.0|-394.0|1764.4807619738203|-450.1373605639487|-350.0|-444.0|-256.0|QROCK3|QROCK3X8|1.0|1.0|122.87391912|-1024.0|8|rock|EV000191|SG000262|SG000640|111|1|0|207|XA11TEX|EV000613|1.0|1.0|0.0|0.0|0.0|QROCK3X8|EV000191|1.0|1.0|122.87391912|-1024.0|-512.0|-512.0|-444.0|-256.0|128.0|128.0|128.0|128.0
UTNTSkyEdge_tnt02_829_0_terrain_1_1|829|0|2|28|207|1748.0|-506.0|1780.0|-394.0|1763.5192380261797|-449.8626394360513|-350.0|-444.0|-256.0|QROCK3|XA11TEX|1.0|1.0|0.0|0.0|8|gravel|EV000613|SG000638|SG000639|181|1|1|207|XA11TEX|EV000613|1.0|1.0|0.0|0.0|0.0|QROCK3X8|EV000191|1.0|1.0|122.87391912|-1024.0|-512.0|-512.0|-444.0|-256.0|128.0|128.0|128.0|128.0
UTNTSkyEdge_tnt02_831_1_terrain_1_0|831|1|2|206|205|1511.0|-484.0|1556.0|-394.0|1533.9472135955|-439.22360679775|-143.69838746309335|-159.39677492618668|-128.0|QROCK3|QROCK3X8|1.0|1.0|0.0|320.0|8|rock|EV000611|SG000641|SG000642|180|1|0|205|XA11TEX|EV000608|1.0|1.0|0.0|0.0|0.0|QROCK3X8|EV000611|1.0|1.0|0.0|320.0|-384.0|-256.0|-159.39677492618668|-128.0|128.0|128.0|128.0|128.0
UTNTSkyEdge_tnt02_831_1_terrain_1_1|831|1|2|206|205|1511.0|-484.0|1556.0|-394.0|1533.0527864045|-438.77639320225|-143.69838746309335|-159.39677492618668|-128.0|QROCK3|XA11TEX|1.0|1.0|0.0|0.0|8|gravel|EV000608|SG000630|SG000631|179|1|1|205|XA11TEX|EV000608|1.0|1.0|0.0|0.0|0.0|QROCK3X8|EV000611|1.0|1.0|0.0|320.0|-384.0|-256.0|-159.39677492618668|-128.0|128.0|128.0|128.0|128.0
UTNTSkyEdge_tnt02_831_1_terrain_2_1|831|1|2|206|206|1511.0|-484.0|1556.0|-394.0|1533.9472135955|-439.22360679775|-320.0|-384.0|-256.0|QROCK3|XA11TEX|1.0|1.0|0.0|0.0|14|gravel|EV000610|SG000643|SG000644|180|2|1|206|XA11TEX|EV000610|1.0|1.0|0.0|0.0|0.0|QROCK3X8|EV000611|1.0|1.0|0.0|320.0|-384.0|-256.0|-159.39677492618668|-128.0|128.0|128.0|128.0|128.0
UTNTSkyEdge_tnt02_838_0_terrain_2_1|838|0|2|46|46|1645.0|-576.0|1749.0|-509.0|1697.270787205296|-542.920326408221|-700.0|-700.0|-700.0|QROCK3|XA02TEX|1.0|1.0|0.0|0.0|14|gravel|EV000364|SG000645|SG000646|175|2|1|46|XA02TEX|EV000364|1.0|1.0|0.0|0.0|0.0|QROCK3X8|EV000396|1.0|1.0|748.584972648|640.0|-700.0|-700.0|-512.0|-512.0|128.0|128.0|128.0|128.0
UTNTSkyEdge_tnt02_839_0_terrain_2_1|839|0|2|46|46|1511.0|-486.0|1645.0|-576.0|1577.72122190825|-531.415069603272|-700.0|-700.0|-700.0|QROCK3|XA02TEX|1.0|1.0|0.0|0.0|14|gravel|EV000364|SG000647|SG000648|175|2|1|46|XA02TEX|EV000364|1.0|1.0|0.0|0.0|0.0|QROCK3X8|EV000397|1.0|1.0|587.166262457|640.0|-700.0|-700.0|-512.0|-512.0|128.0|128.0|128.0|128.0
UTNTSkyEdge_tnt02_840_0_terrain_2_1|840|0|2|46|46|1417.0|-449.0|1511.0|-486.0|1463.816867584446|-467.96525532600214|-700.0|-700.0|-700.0|QROCK3|XA02TEX|1.0|1.0|0.0|0.0|14|gravel|EV000364|SG000649|SG000650|175|2|1|46|XA02TEX|EV000364|1.0|1.0|0.0|0.0|0.0|QROCK3X8|EV000398|1.0|1.0|486.146462417|640.0|-700.0|-700.0|-512.0|-512.0|128.0|128.0|128.0|128.0
UTNTSkyEdge_tnt02_842_0_terrain_2_1|842|0|2|46|46|1486.0|-190.0|1417.0|-328.0|1451.0527864045|-258.77639320225|-700.0|-700.0|-700.0|QROCK3|XA02TEX|1.0|1.0|0.0|0.0|14|gravel|EV000364|SG000651|SG000652|175|2|1|46|XA02TEX|EV000364|1.0|1.0|0.0|0.0|0.0|QROCK3X8|EV000400|1.0|1.0|210.85777197|640.0|-700.0|-700.0|-512.0|-512.0|128.0|128.0|128.0|128.0
UTNTSkyEdge_tnt02_843_0_terrain_2_1|843|0|2|46|46|1692.0|-145.0|1486.0|-190.0|1588.8932930012975|-167.0115190726058|-700.0|-700.0|-700.0|QROCK3|XA02TEX|1.0|1.0|0.0|0.0|14|gravel|EV000364|SG000653|SG000654|175|2|1|46|XA02TEX|EV000364|1.0|1.0|0.0|0.0|0.0|QROCK3X8|EV000401|1.0|1.0|0.0|640.0|-700.0|-700.0|-512.0|-512.0|128.0|128.0|128.0|128.0
UTNTSkyEdge_tnt02_846_0_terrain_2_1|846|0|2|46|46|1749.0|-509.0|1783.0|-394.0|1766.4794830967332|-451.64176021990374|-700.0|-700.0|-700.0|QROCK3|XA02TEX|1.0|1.0|0.0|0.0|14|gravel|EV000364|SG000655|SG000656|175|2|1|46|XA02TEX|EV000364|1.0|1.0|0.0|0.0|0.0|QROCK3X8|EV000404|1.0|1.0|872.298351068|640.0|-700.0|-700.0|-512.0|-512.0|128.0|128.0|128.0|128.0
UTNTSkyEdge_tnt02_2919_0_terrain_2_1|2919|0|1|721|721|800.0|1748.0|800.0|1880.0|800.5|1814.0|-70.0|-70.0|-70.0|QROCK3|XA11TEX|1.0|1.0|0.0|0.0|14|gravel|EV000698|SG000657|SG000658|125|2|1|721|XA11TEX|EV000698|1.0|1.0|0.0|0.0|0.0|QROCK3X8|EV000699|1.0|1.0|0.0|0.0|-70.0|-70.0|0|0|256.0|256.0|0|0
UTNTSkyEdge_tnt02_2920_0_terrain_2_1|2920|0|1|722|722|800.0|2132.0|992.0|2516.0|896.4472135955|2323.77639320225|-76.9502262443439|-70.0|-83.90045248868778|QROCK3|XA11TEX|1.0|1.0|0.0|0.0|14|gravel|EV000703|SG000659|SG000660|126|2|1|722|XA11TEX|EV000703|1.0|1.0|0.0|0.0|0.0|QROCK3X8|EV000704|1.0|1.0|0.0|0.0|-70.0|-83.90045248868778|0|0|256.0|256.0|0|0
UTNTSkyEdge_tnt02_2921_0_terrain_2_1|2921|0|1|723|723|1184.0|2708.0|1568.0|2912.0|1376.234577612981|2809.5584421402714|-75.22175732217573|-70.0|-80.44351464435147|QROCK3|XA11TEX|1.0|1.0|0.0|0.0|14|gravel|EV000705|SG000661|SG000662|127|2|1|723|XA11TEX|EV000705|1.0|1.0|0.0|0.0|0.0|QROCK3X8|EV000706|1.0|1.0|0.0|0.0|-70.0|-80.44351464435147|0|0|256.0|256.0|0|0
UTNTSkyEdge_tnt02_2922_0_terrain_2_1|2922|0|1|724|724|2143.0|2708.0|2240.0|2624.0|2191.172683104877|2665.622026918727|-71.3|-72.6|-70.0|QROCK3|XA11TEX|1.0|1.0|0.0|0.0|14|gravel|EV000707|SG000663|SG000664|128|2|1|724|XA11TEX|EV000707|1.0|1.0|0.0|0.0|0.0|QROCK3X8|EV000708|1.0|1.0|0.0|0.0|-72.6|-70.0|0|0|256.0|256.0|0|0
UTNTSkyEdge_tnt02_2923_0_terrain_2_1|2923|0|1|725|725|2335.0|2516.0|2528.0|2128.0|2431.0523258373128|2321.777316718045|-74.65837600585223|-70.0|-79.31675201170447|QROCK3|XA11TEX|1.0|1.0|0.0|0.0|14|gravel|EV000712|SG000665|SG000666|129|2|1|725|XA11TEX|EV000712|1.0|1.0|0.0|0.0|0.0|QROCK3X8|EV000713|1.0|1.0|0.0|0.0|-70.0|-79.31675201170447|0|0|256.0|256.0|0|0
UTNTSkyEdge_tnt02_2928_0_terrain_2_1|2928|0|1|729|729|1760.0|2912.0|2143.0|2708.0|1951.264945134188|2809.5586960117357|-71.47058823529412|-70.0|-72.94117647058823|QROCK3|XA11TEX|1.0|1.0|0.0|0.0|14|gravel|EV000730|SG000667|SG000668|133|2|1|729|XA11TEX|EV000730|1.0|1.0|0.0|0.0|0.0|QROCK3X8|EV000731|1.0|1.0|0.0|0.0|-70.0|-72.94117647058823|0|0|256.0|256.0|0|0
UTNTSkyEdge_tnt02_3096_0_terrain_1_0|3096|0|2|777|779|1440.0|1472.0|1376.0|1504.0|1408.2236067977499|1488.4472135955|-54.0|-54.0|-54.0|QROCK3|QROCK3X8|1.0|1.0|71.55417528|-1280.0|8|rock|EV000868|SG000669|SG000670|182|1|0|779|XA11TEX|EV000927|1.0|1.0|0.0|0.0|0.0|QROCK3X8|EV000868|1.0|1.0|71.55417528|-1280.0|-134.0|-134.0|-54.0|-54.0|256.0|256.0|256.0|256.0
UTNTSkyEdge_tnt02_3096_0_terrain_1_1|3096|0|2|777|779|1440.0|1472.0|1376.0|1504.0|1407.7763932022501|1487.5527864045|-54.0|-54.0|-54.0|QROCK3|XA11TEX|1.0|1.0|0.0|0.0|8|gravel|EV000927|SG000671|SG000672|183|1|1|779|XA11TEX|EV000927|1.0|1.0|0.0|0.0|0.0|QROCK3X8|EV000868|1.0|1.0|71.55417528|-1280.0|-134.0|-134.0|-54.0|-54.0|256.0|256.0|256.0|256.0
UTNTSkyEdge_tnt02_3097_0_terrain_1_0|3097|0|2|777|779|1376.0|1504.0|1344.0|1472.0|1359.6464466094067|1488.3535533905933|-54.0|-54.0|-54.0|QROCK3|QROCK3X8|1.0|1.0|143.10835056|-1280.0|8|rock|EV000869|SG000669|SG000673|182|1|0|779|XA11TEX|EV000927|1.0|1.0|0.0|0.0|0.0|QROCK3X8|EV000869|1.0|1.0|143.10835056|-1280.0|-134.0|-134.0|-54.0|-54.0|256.0|256.0|256.0|256.0
UTNTSkyEdge_tnt02_3097_0_terrain_1_1|3097|0|2|777|779|1376.0|1504.0|1344.0|1472.0|1360.3535533905933|1487.6464466094067|-54.0|-54.0|-54.0|QROCK3|XA11TEX|1.0|1.0|0.0|0.0|8|gravel|EV000927|SG000671|SG000672|183|1|1|779|XA11TEX|EV000927|1.0|1.0|0.0|0.0|0.0|QROCK3X8|EV000869|1.0|1.0|143.10835056|-1280.0|-134.0|-134.0|-54.0|-54.0|256.0|256.0|256.0|256.0
UTNTSkyEdge_tnt02_3098_0_terrain_1_0|3098|0|2|777|779|1344.0|1472.0|1344.0|1440.0|1343.5|1456.0|-54.0|-54.0|-54.0|QROCK3|QROCK3X8|1.0|1.0|188.363184556|-1280.0|8|rock|EV000870|SG000669|SG000674|182|1|0|779|XA11TEX|EV000927|1.0|1.0|0.0|0.0|0.0|QROCK3X8|EV000870|1.0|1.0|188.363184556|-1280.0|-134.0|-134.0|-54.0|-54.0|256.0|256.0|256.0|256.0
UTNTSkyEdge_tnt02_3098_0_terrain_1_1|3098|0|2|777|779|1344.0|1472.0|1344.0|1440.0|1344.5|1456.0|-54.0|-54.0|-54.0|QROCK3|XA11TEX|1.0|1.0|0.0|0.0|8|gravel|EV000927|SG000671|SG000672|183|1|1|779|XA11TEX|EV000927|1.0|1.0|0.0|0.0|0.0|QROCK3X8|EV000870|1.0|1.0|188.363184556|-1280.0|-134.0|-134.0|-54.0|-54.0|256.0|256.0|256.0|256.0
UTNTSkyEdge_tnt02_3099_0_terrain_1_0|3099|0|2|777|779|1408.0|1408.0|1440.0|1472.0|1424.4472135955|1439.7763932022501|-54.0|-54.0|-54.0|QROCK3|QROCK3X8|1.0|1.0|0.0|-1280.0|8|rock|EV000871|SG000669|SG000675|182|1|0|779|XA11TEX|EV000927|1.0|1.0|0.0|0.0|0.0|QROCK3X8|EV000871|1.0|1.0|0.0|-1280.0|-134.0|-134.0|-54.0|-54.0|256.0|256.0|256.0|256.0
UTNTSkyEdge_tnt02_3099_0_terrain_1_1|3099|0|2|777|779|1408.0|1408.0|1440.0|1472.0|1423.5527864045|1440.2236067977499|-54.0|-54.0|-54.0|QROCK3|XA11TEX|1.0|1.0|0.0|0.0|8|gravel|EV000927|SG000671|SG000672|183|1|1|779|XA11TEX|EV000927|1.0|1.0|0.0|0.0|0.0|QROCK3X8|EV000871|1.0|1.0|0.0|-1280.0|-134.0|-134.0|-54.0|-54.0|256.0|256.0|256.0|256.0
UTNTSkyEdge_tnt02_3100_0_terrain_1_0|3100|0|2|777|779|1344.0|1440.0|1408.0|1408.0|1375.7763932022501|1423.5527864045|-54.0|-54.0|-54.0|QROCK3|QROCK3X8|1.0|1.0|220.363184556|-1280.0|8|rock|EV000872|SG000669|SG000676|182|1|0|779|XA11TEX|EV000927|1.0|1.0|0.0|0.0|0.0|QROCK3X8|EV000872|1.0|1.0|220.363184556|-1280.0|-134.0|-134.0|-54.0|-54.0|256.0|256.0|256.0|256.0
UTNTSkyEdge_tnt02_3100_0_terrain_1_1|3100|0|2|777|779|1344.0|1440.0|1408.0|1408.0|1376.2236067977499|1424.4472135955|-54.0|-54.0|-54.0|QROCK3|XA11TEX|1.0|1.0|0.0|0.0|8|gravel|EV000927|SG000671|SG000672|183|1|1|779|XA11TEX|EV000927|1.0|1.0|0.0|0.0|0.0|QROCK3X8|EV000872|1.0|1.0|220.363184556|-1280.0|-134.0|-134.0|-54.0|-54.0|256.0|256.0|256.0|256.0
UTNTSkyEdge_tnt02_3101_0_terrain_1_0|3101|0|2|777|780|2080.0|1472.0|2016.0|1504.0|2048.22360679775|1488.4472135955|-62.0|-62.0|-62.0|QROCK3|QROCK3X8|1.0|1.0|0.0|-1280.0|8|rock|EV000873|SG000669|SG000677|182|1|0|780|XA11TEX|EV000928|1.0|1.0|0.0|0.0|0.0|QROCK3X8|EV000873|1.0|1.0|0.0|-1280.0|-134.0|-134.0|-62.0|-62.0|256.0|256.0|256.0|256.0
UTNTSkyEdge_tnt02_3101_0_terrain_1_1|3101|0|2|777|780|2080.0|1472.0|2016.0|1504.0|2047.7763932022501|1487.5527864045|-62.0|-62.0|-62.0|QROCK3|XA11TEX|1.0|1.0|0.0|0.0|8|gravel|EV000928|SG000678|SG000679|184|1|1|780|XA11TEX|EV000928|1.0|1.0|0.0|0.0|0.0|QROCK3X8|EV000873|1.0|1.0|0.0|-1280.0|-134.0|-134.0|-62.0|-62.0|256.0|256.0|256.0|256.0
UTNTSkyEdge_tnt02_3102_0_terrain_1_0|3102|0|2|777|780|2016.0|1504.0|1984.0|1440.0|1999.5527864045|1472.2236067977499|-62.0|-62.0|-62.0|QROCK3|QROCK3X8|1.0|1.0|71.55417528|-1280.0|8|rock|EV000874|SG000669|SG000680|182|1|0|780|XA11TEX|EV000928|1.0|1.0|0.0|0.0|0.0|QROCK3X8|EV000874|1.0|1.0|71.55417528|-1280.0|-134.0|-134.0|-62.0|-62.0|256.0|256.0|256.0|256.0
UTNTSkyEdge_tnt02_3102_0_terrain_1_1|3102|0|2|777|780|2016.0|1504.0|1984.0|1440.0|2000.4472135955|1471.7763932022501|-62.0|-62.0|-62.0|QROCK3|XA11TEX|1.0|1.0|0.0|0.0|8|gravel|EV000928|SG000678|SG000679|184|1|1|780|XA11TEX|EV000928|1.0|1.0|0.0|0.0|0.0|QROCK3X8|EV000874|1.0|1.0|71.55417528|-1280.0|-134.0|-134.0|-62.0|-62.0|256.0|256.0|256.0|256.0
UTNTSkyEdge_tnt02_3103_0_terrain_1_0|3103|0|2|777|780|1984.0|1440.0|2016.0|1408.0|1999.6464466094067|1423.6464466094067|-62.0|-62.0|-62.0|QROCK3|QROCK3X8|1.0|1.0|143.10835056|-1280.0|8|rock|EV000875|SG000669|SG000681|182|1|0|780|XA11TEX|EV000928|1.0|1.0|0.0|0.0|0.0|QROCK3X8|EV000875|1.0|1.0|143.10835056|-1280.0|-134.0|-134.0|-62.0|-62.0|256.0|256.0|256.0|256.0
UTNTSkyEdge_tnt02_3103_0_terrain_1_1|3103|0|2|777|780|1984.0|1440.0|2016.0|1408.0|2000.3535533905933|1424.3535533905933|-62.0|-62.0|-62.0|QROCK3|XA11TEX|1.0|1.0|0.0|0.0|8|gravel|EV000928|SG000678|SG000679|184|1|1|780|XA11TEX|EV000928|1.0|1.0|0.0|0.0|0.0|QROCK3X8|EV000875|1.0|1.0|143.10835056|-1280.0|-134.0|-134.0|-62.0|-62.0|256.0|256.0|256.0|256.0
UTNTSkyEdge_tnt02_3104_0_terrain_1_0|3104|0|2|777|780|2032.0|1456.0|2080.0|1472.0|2056.1581138830084|1463.5256583509747|-62.0|-62.0|-62.0|QROCK3|QROCK3X8|1.0|1.0|238.959627119|-1280.0|8|rock|EV000876|SG000669|SG000682|182|1|0|780|XA11TEX|EV000928|1.0|1.0|0.0|0.0|0.0|QROCK3X8|EV000876|1.0|1.0|238.959627119|-1280.0|-134.0|-134.0|-62.0|-62.0|256.0|256.0|256.0|256.0
UTNTSkyEdge_tnt02_3104_0_terrain_1_1|3104|0|2|777|780|2032.0|1456.0|2080.0|1472.0|2055.8418861169916|1464.4743416490253|-62.0|-62.0|-62.0|QROCK3|XA11TEX|1.0|1.0|0.0|0.0|8|gravel|EV000928|SG000678|SG000679|184|1|1|780|XA11TEX|EV000928|1.0|1.0|0.0|0.0|0.0|QROCK3X8|EV000876|1.0|1.0|238.959627119|-1280.0|-134.0|-134.0|-62.0|-62.0|256.0|256.0|256.0|256.0
UTNTSkyEdge_tnt02_3105_0_terrain_1_0|3105|0|2|777|780|2016.0|1408.0|2032.0|1456.0|2024.4743416490253|1431.8418861169916|-62.0|-62.0|-62.0|QROCK3|QROCK3X8|1.0|1.0|188.363184556|-1280.0|8|rock|EV000877|SG000669|SG000683|182|1|0|780|XA11TEX|EV000928|1.0|1.0|0.0|0.0|0.0|QROCK3X8|EV000877|1.0|1.0|188.363184556|-1280.0|-134.0|-134.0|-62.0|-62.0|256.0|256.0|256.0|256.0
UTNTSkyEdge_tnt02_3105_0_terrain_1_1|3105|0|2|777|780|2016.0|1408.0|2032.0|1456.0|2023.5256583509747|1432.1581138830084|-62.0|-62.0|-62.0|QROCK3|XA11TEX|1.0|1.0|0.0|0.0|8|gravel|EV000928|SG000678|SG000679|184|1|1|780|XA11TEX|EV000928|1.0|1.0|0.0|0.0|0.0|QROCK3X8|EV000877|1.0|1.0|188.363184556|-1280.0|-134.0|-134.0|-62.0|-62.0|256.0|256.0|256.0|256.0
UTNTSkyEdge_tnt02_3106_0_terrain_1_0|3106|0|2|777|781|2048.0|2400.0|1984.0|2432.0|2016.2236067977499|2416.4472135954998|-38.0|-38.0|-38.0|QROCK3|QROCK3X8|1.0|1.0|71.55417528|-1280.0|8|rock|EV000878|SG000669|SG000684|182|1|0|781|XA11TEX|EV000929|1.0|1.0|0.0|0.0|0.0|QROCK3X8|EV000878|1.0|1.0|71.55417528|-1280.0|-134.0|-134.0|-38.0|-38.0|256.0|256.0|256.0|256.0
UTNTSkyEdge_tnt02_3106_0_terrain_1_1|3106|0|2|777|781|2048.0|2400.0|1984.0|2432.0|2015.7763932022501|2415.5527864045002|-38.0|-38.0|-38.0|QROCK3|XA11TEX|1.0|1.0|0.0|0.0|8|gravel|EV000929|SG000685|SG000686|185|1|1|781|XA11TEX|EV000929|1.0|1.0|0.0|0.0|0.0|QROCK3X8|EV000878|1.0|1.0|71.55417528|-1280.0|-134.0|-134.0|-38.0|-38.0|256.0|256.0|256.0|256.0
UTNTSkyEdge_tnt02_3107_0_terrain_1_0|3107|0|2|777|781|1984.0|2432.0|1952.0|2400.0|1967.6464466094067|2416.3535533905933|-38.0|-38.0|-38.0|QROCK3|QROCK3X8|1.0|1.0|143.10835056|-1280.0|8|rock|EV000879|SG000669|SG000687|182|1|0|781|XA11TEX|EV000929|1.0|1.0|0.0|0.0|0.0|QROCK3X8|EV000879|1.0|1.0|143.10835056|-1280.0|-134.0|-134.0|-38.0|-38.0|256.0|256.0|256.0|256.0
UTNTSkyEdge_tnt02_3107_0_terrain_1_1|3107|0|2|777|781|1984.0|2432.0|1952.0|2400.0|1968.3535533905933|2415.6464466094067|-38.0|-38.0|-38.0|QROCK3|XA11TEX|1.0|1.0|0.0|0.0|8|gravel|EV000929|SG000685|SG000686|185|1|1|781|XA11TEX|EV000929|1.0|1.0|0.0|0.0|0.0|QROCK3X8|EV000879|1.0|1.0|143.10835056|-1280.0|-134.0|-134.0|-38.0|-38.0|256.0|256.0|256.0|256.0
UTNTSkyEdge_tnt02_3108_0_terrain_1_0|3108|0|2|777|781|1952.0|2400.0|1952.0|2368.0|1951.5|2384.0|-38.0|-38.0|-38.0|QROCK3|QROCK3X8|1.0|1.0|188.363184556|-1280.0|8|rock|EV000880|SG000669|SG000688|182|1|0|781|XA11TEX|EV000929|1.0|1.0|0.0|0.0|0.0|QROCK3X8|EV000880|1.0|1.0|188.363184556|-1280.0|-134.0|-134.0|-38.0|-38.0|256.0|256.0|256.0|256.0
UTNTSkyEdge_tnt02_3108_0_terrain_1_1|3108|0|2|777|781|1952.0|2400.0|1952.0|2368.0|1952.5|2384.0|-38.0|-38.0|-38.0|QROCK3|XA11TEX|1.0|1.0|0.0|0.0|8|gravel|EV000929|SG000685|SG000686|185|1|1|781|XA11TEX|EV000929|1.0|1.0|0.0|0.0|0.0|QROCK3X8|EV000880|1.0|1.0|188.363184556|-1280.0|-134.0|-134.0|-38.0|-38.0|256.0|256.0|256.0|256.0
UTNTSkyEdge_tnt02_3109_0_terrain_1_0|3109|0|2|777|781|2016.0|2336.0|2048.0|2400.0|2032.4472135955|2367.77639320225|-38.0|-38.0|-38.0|QROCK3|QROCK3X8|1.0|1.0|0.0|-1280.0|8|rock|EV000881|SG000669|SG000689|182|1|0|781|XA11TEX|EV000929|1.0|1.0|0.0|0.0|0.0|QROCK3X8|EV000881|1.0|1.0|0.0|-1280.0|-134.0|-134.0|-38.0|-38.0|256.0|256.0|256.0|256.0
UTNTSkyEdge_tnt02_3109_0_terrain_1_1|3109|0|2|777|781|2016.0|2336.0|2048.0|2400.0|2031.5527864045|2368.22360679775|-38.0|-38.0|-38.0|QROCK3|XA11TEX|1.0|1.0|0.0|0.0|8|gravel|EV000929|SG000685|SG000686|185|1|1|781|XA11TEX|EV000929|1.0|1.0|0.0|0.0|0.0|QROCK3X8|EV000881|1.0|1.0|0.0|-1280.0|-134.0|-134.0|-38.0|-38.0|256.0|256.0|256.0|256.0
UTNTSkyEdge_tnt02_3110_0_terrain_1_0|3110|0|2|777|781|1952.0|2368.0|2016.0|2336.0|1983.7763932022501|2351.5527864045002|-38.0|-38.0|-38.0|QROCK3|QROCK3X8|1.0|1.0|220.363184556|-1280.0|8|rock|EV000882|SG000669|SG000690|182|1|0|781|XA11TEX|EV000929|1.0|1.0|0.0|0.0|0.0|QROCK3X8|EV000882|1.0|1.0|220.363184556|-1280.0|-134.0|-134.0|-38.0|-38.0|256.0|256.0|256.0|256.0
UTNTSkyEdge_tnt02_3110_0_terrain_1_1|3110|0|2|777|781|1952.0|2368.0|2016.0|2336.0|1984.2236067977499|2352.4472135954998|-38.0|-38.0|-38.0|QROCK3|XA11TEX|1.0|1.0|0.0|0.0|8|gravel|EV000929|SG000685|SG000686|185|1|1|781|XA11TEX|EV000929|1.0|1.0|0.0|0.0|0.0|QROCK3X8|EV000882|1.0|1.0|220.363184556|-1280.0|-134.0|-134.0|-38.0|-38.0|256.0|256.0|256.0|256.0
UTNTSkyEdge_tnt02_3111_0_terrain_1_0|3111|0|2|777|782|1332.0|2368.0|1396.0|2336.0|1363.7763932022501|2351.5527864045002|-70.0|-70.0|-70.0|QROCK3|QROCK3X8|1.0|1.0|0.0|-1280.0|8|rock|EV000883|SG000669|SG000691|182|1|0|782|XA11TEX|EV000930|1.0|1.0|0.0|0.0|0.0|QROCK3X8|EV000883|1.0|1.0|0.0|-1280.0|-134.0|-134.0|-70.0|-70.0|256.0|256.0|256.0|256.0
UTNTSkyEdge_tnt02_3111_0_terrain_1_1|3111|0|2|777|782|1332.0|2368.0|1396.0|2336.0|1364.2236067977499|2352.4472135954998|-70.0|-70.0|-70.0|QROCK3|XA11TEX|1.0|1.0|0.0|0.0|8|gravel|EV000930|SG000692|SG000693|186|1|1|782|XA11TEX|EV000930|1.0|1.0|0.0|0.0|0.0|QROCK3X8|EV000883|1.0|1.0|0.0|-1280.0|-134.0|-134.0|-70.0|-70.0|256.0|256.0|256.0|256.0
UTNTSkyEdge_tnt02_3112_0_terrain_1_0|3112|0|2|777|782|1396.0|2336.0|1428.0|2400.0|1412.4472135955|2367.77639320225|-70.0|-70.0|-70.0|QROCK3|QROCK3X8|1.0|1.0|71.55417528|-1280.0|8|rock|EV000884|SG000669|SG000694|182|1|0|782|XA11TEX|EV000930|1.0|1.0|0.0|0.0|0.0|QROCK3X8|EV000884|1.0|1.0|71.55417528|-1280.0|-134.0|-134.0|-70.0|-70.0|256.0|256.0|256.0|256.0
UTNTSkyEdge_tnt02_3112_0_terrain_1_1|3112|0|2|777|782|1396.0|2336.0|1428.0|2400.0|1411.5527864045|2368.22360679775|-70.0|-70.0|-70.0|QROCK3|XA11TEX|1.0|1.0|0.0|0.0|8|gravel|EV000930|SG000692|SG000693|186|1|1|782|XA11TEX|EV000930|1.0|1.0|0.0|0.0|0.0|QROCK3X8|EV000884|1.0|1.0|71.55417528|-1280.0|-134.0|-134.0|-70.0|-70.0|256.0|256.0|256.0|256.0
UTNTSkyEdge_tnt02_3113_0_terrain_1_0|3113|0|2|777|782|1428.0|2400.0|1396.0|2432.0|1412.3535533905933|2416.3535533905933|-70.0|-70.0|-70.0|QROCK3|QROCK3X8|1.0|1.0|143.10835056|-1280.0|8|rock|EV000885|SG000669|SG000695|182|1|0|782|XA11TEX|EV000930|1.0|1.0|0.0|0.0|0.0|QROCK3X8|EV000885|1.0|1.0|143.10835056|-1280.0|-134.0|-134.0|-70.0|-70.0|256.0|256.0|256.0|256.0
UTNTSkyEdge_tnt02_3113_0_terrain_1_1|3113|0|2|777|782|1428.0|2400.0|1396.0|2432.0|1411.6464466094067|2415.6464466094067|-70.0|-70.0|-70.0|QROCK3|XA11TEX|1.0|1.0|0.0|0.0|8|gravel|EV000930|SG000692|SG000693|186|1|1|782|XA11TEX|EV000930|1.0|1.0|0.0|0.0|0.0|QROCK3X8|EV000885|1.0|1.0|143.10835056|-1280.0|-134.0|-134.0|-70.0|-70.0|256.0|256.0|256.0|256.0
UTNTSkyEdge_tnt02_3114_0_terrain_1_0|3114|0|2|777|782|1380.0|2384.0|1332.0|2368.0|1355.8418861169916|2376.474341649025|-70.0|-70.0|-70.0|QROCK3|QROCK3X8|1.0|1.0|238.959627119|-1280.0|8|rock|EV000886|SG000669|SG000696|182|1|0|782|XA11TEX|EV000930|1.0|1.0|0.0|0.0|0.0|QROCK3X8|EV000886|1.0|1.0|238.959627119|-1280.0|-134.0|-134.0|-70.0|-70.0|256.0|256.0|256.0|256.0
UTNTSkyEdge_tnt02_3114_0_terrain_1_1|3114|0|2|777|782|1380.0|2384.0|1332.0|2368.0|1356.1581138830084|2375.525658350975|-70.0|-70.0|-70.0|QROCK3|XA11TEX|1.0|1.0|0.0|0.0|8|gravel|EV000930|SG000692|SG000693|186|1|1|782|XA11TEX|EV000930|1.0|1.0|0.0|0.0|0.0|QROCK3X8|EV000886|1.0|1.0|238.959627119|-1280.0|-134.0|-134.0|-70.0|-70.0|256.0|256.0|256.0|256.0
UTNTSkyEdge_tnt02_3115_0_terrain_1_0|3115|0|2|777|782|1396.0|2432.0|1380.0|2384.0|1387.5256583509747|2408.1581138830084|-70.0|-70.0|-70.0|QROCK3|QROCK3X8|1.0|1.0|188.363184556|-1280.0|8|rock|EV000887|SG000669|SG000697|182|1|0|782|XA11TEX|EV000930|1.0|1.0|0.0|0.0|0.0|QROCK3X8|EV000887|1.0|1.0|188.363184556|-1280.0|-134.0|-134.0|-70.0|-70.0|256.0|256.0|256.0|256.0
UTNTSkyEdge_tnt02_3115_0_terrain_1_1|3115|0|2|777|782|1396.0|2432.0|1380.0|2384.0|1388.4743416490253|2407.8418861169916|-70.0|-70.0|-70.0|QROCK3|XA11TEX|1.0|1.0|0.0|0.0|8|gravel|EV000930|SG000692|SG000693|186|1|1|782|XA11TEX|EV000930|1.0|1.0|0.0|0.0|0.0|QROCK3X8|EV000887|1.0|1.0|188.363184556|-1280.0|-134.0|-134.0|-70.0|-70.0|256.0|256.0|256.0|256.0
UTNTSkyEdge_tnt02_3139_0_terrain_2_1|3139|0|1|794|794|1600.0|2976.0|1472.0|3008.0|1536.1212678125182|2992.4850712500725|-78.0|-78.0|-78.0|QROCK3|XA11TEX|1.0|1.0|0.0|0.0|14|gravel|EV000994|SG000698|SG000699|135|2|1|794|XA11TEX|EV000994|1.0|1.0|0.0|0.0|0.0|QROCK3X8|EV000995|1.0|1.0|121.0|0.0|-78.0|-78.0|0|0|128.0|128.0|0|0
UTNTSkyEdge_tnt02_3144_0_terrain_2_1|3144|0|1|796|796|1856.0|3072.0|1728.0|2976.0|1791.7|3024.4|-112.0909090909091|-138.0|-86.18181818181819|QROCK3|XA11TEX|1.0|1.0|0.0|0.0|14|gravel|EV001000|SG000700|SG000701|137|2|1|796|XA11TEX|EV001000|1.0|1.0|0.0|0.0|0.0|QROCK3X8|EV001001|1.0|1.0|89.0|0.0|-138.0|-86.18181818181819|0|0|128.0|128.0|0|0
UTNTSkyEdge_tnt02_3148_0_terrain_1_0|3148|0|2|1837|1734|1600.0|4608.0|1920.0|4704.0|1760.1436739427832|4655.5210868573895|-158.47619047619048|-156.95238095238096|-160.0|QROCK3|QROCK3X8|1.0|1.0|372.164666008|32.0|8|rock|EV001425|SG000365|SG000702|139|1|0|1734|XA02TEX|EV001383|1.0|1.0|0.0|0.0|0.0|QROCK3X8|EV001425|1.0|1.0|372.164666008|32.0|-512.0|-512.0|-156.95238095238096|-160.0|128.0|128.0|128.0|128.0
UTNTSkyEdge_tnt02_3148_0_terrain_1_1|3148|0|2|1837|1734|1600.0|4608.0|1920.0|4704.0|1759.8563260572168|4656.4789131426105|-158.47619047619048|-156.95238095238096|-160.0|QROCK3|XA02TEX|1.0|1.0|0.0|0.0|8|gravel|EV001383|SG000703|SG000704|187|1|1|1734|XA02TEX|EV001383|1.0|1.0|0.0|0.0|0.0|QROCK3X8|EV001425|1.0|1.0|372.164666008|32.0|-512.0|-512.0|-156.95238095238096|-160.0|128.0|128.0|128.0|128.0
UTNTSkyEdge_tnt02_3151_0_terrain_2_1|3151|0|1|799|799|2240.0|3072.0|2128.0|3072.0|2184.0|3072.5|-249.33333333333334|-266.0|-232.66666666666666|QROCK3|XA11TEX|1.0|1.0|0.0|0.0|14|gravel|EV001061|SG000705|SG000706|141|2|1|799|XA11TEX|EV001061|1.0|1.0|0.0|0.0|0.0|QROCK3X8|EV001062|1.0|1.0|87.0|0.0|-266.0|-232.66666666666666|0|0|128.0|128.0|0|0
UTNTSkyEdge_tnt02_3153_0_terrain_2_1|3153|0|1|801|801|3008.0|3200.0|2832.0|3216.0|2920.045267873021|3208.4979466032337|-506.0|-506.0|-506.0|QROCK3|XA11TEX|1.0|1.0|0.0|0.0|14|gravel|EV001068|SG000707|SG000708|143|2|1|801|XA11TEX|EV001068|1.0|1.0|0.0|0.0|0.0|QROCK3X8|EV001069|1.0|1.0|45.0|0.0|-506.0|-506.0|0|0|128.0|128.0|0|0
UTNTSkyEdge_tnt02_3158_0_terrain_2_1|3158|0|1|794|794|1472.0|3008.0|1408.0|3168.0|1440.4642383454427|3088.185695338177|-78.0|-78.0|-78.0|QROCK3|XA11TEX|1.0|1.0|0.0|0.0|14|gravel|EV000994|SG000709|SG000710|135|2|1|794|XA11TEX|EV000994|1.0|1.0|0.0|0.0|0.0|QROCK3X8|EV000997|1.0|1.0|252.93938002|0.0|-78.0|-78.0|0|0|128.0|128.0|0|0
UTNTSkyEdge_tnt02_3159_0_terrain_1_0|3159|0|2|798|799|2176.0|3232.0|2048.0|3200.0|2111.878732187482|3216.4850712500725|-245.04761904761904|-266.0|-224.0952380952381|QROCK3|QROCK3X8|1.0|1.0|23.0|78.0|8|rock|EV001011|SG000368|SG000711|140|1|0|799|XA11TEX|EV001061|1.0|1.0|0.0|0.0|0.0|QROCK3X8|EV001011|1.0|1.0|23.0|78.0|-512.0|-512.0|-266.0|-224.0952380952381|128.0|128.0|128.0|128.0
UTNTSkyEdge_tnt02_3159_0_terrain_1_1|3159|0|2|798|799|2176.0|3232.0|2048.0|3200.0|2112.121267812518|3215.5149287499275|-245.04761904761904|-266.0|-224.0952380952381|QROCK3|XA11TEX|1.0|1.0|0.0|0.0|8|gravel|EV001061|SG000712|SG000713|141|1|1|799|XA11TEX|EV001061|1.0|1.0|0.0|0.0|0.0|QROCK3X8|EV001011|1.0|1.0|23.0|78.0|-512.0|-512.0|-266.0|-224.0952380952381|128.0|128.0|128.0|128.0
UTNTSkyEdge_tnt02_3160_0_terrain_1_0|3160|0|2|798|802|2304.0|3264.0|2176.0|3232.0|2239.878732187482|3248.4850712500725|-300.7368421052632|-326.0|-275.4736842105263|QROCK3|QROCK3X8|1.0|1.0|19.0|10.0|8|rock|EV001012|SG000368|SG000714|140|1|0|802|XA11TEX|EV001071|1.0|1.0|0.0|0.0|0.0|QROCK3X8|EV001012|1.0|1.0|19.0|10.0|-512.0|-512.0|-326.0|-275.4736842105263|128.0|128.0|128.0|128.0
UTNTSkyEdge_tnt02_3160_0_terrain_1_1|3160|0|2|798|802|2304.0|3264.0|2176.0|3232.0|2240.121267812518|3247.5149287499275|-300.7368421052632|-326.0|-275.4736842105263|QROCK3|XA11TEX|1.0|1.0|0.0|0.0|8|gravel|EV001071|SG000715|SG000716|146|1|1|802|XA11TEX|EV001071|1.0|1.0|0.0|0.0|0.0|QROCK3X8|EV001012|1.0|1.0|19.0|10.0|-512.0|-512.0|-326.0|-275.4736842105263|128.0|128.0|128.0|128.0
UTNTSkyEdge_tnt02_3161_0_terrain_1_0|3161|0|2|798|800|2496.0|3328.0|2304.0|3264.0|2399.8418861169916|3296.474341649025|-356.0|-386.0|-326.0|QROCK3|QROCK3X8|1.0|1.0|73.0|70.0|8|rock|EV001013|SG000368|SG000717|140|1|0|800|XA11TEX|EV001065|1.0|1.0|0.0|0.0|0.0|QROCK3X8|EV001013|1.0|1.0|73.0|70.0|-512.0|-512.0|-386.0|-326.0|128.0|128.0|128.0|128.0
UTNTSkyEdge_tnt02_3161_0_terrain_1_1|3161|0|2|798|800|2496.0|3328.0|2304.0|3264.0|2400.1581138830084|3295.525658350975|-356.0|-386.0|-326.0|QROCK3|XA11TEX|1.0|1.0|0.0|0.0|8|gravel|EV001065|SG000718|SG000719|142|1|1|800|XA11TEX|EV001065|1.0|1.0|0.0|0.0|0.0|QROCK3X8|EV001013|1.0|1.0|73.0|70.0|-512.0|-512.0|-386.0|-326.0|128.0|128.0|128.0|128.0
UTNTSkyEdge_tnt02_3162_0_terrain_1_0|3162|0|2|798|803|2656.0|3296.0|2496.0|3328.0|2576.098058067569|3312.4902903378456|-420.0|-454.0|-386.0|QROCK3|QROCK3X8|1.0|1.0|38.0|2.0|8|rock|EV001014|SG000368|SG000720|140|1|0|803|XA11TEX|EV001074|1.0|1.0|0.0|0.0|0.0|QROCK3X8|EV001014|1.0|1.0|38.0|2.0|-512.0|-512.0|-454.0|-386.0|128.0|128.0|128.0|128.0
UTNTSkyEdge_tnt02_3162_0_terrain_1_1|3162|0|2|798|803|2656.0|3296.0|2496.0|3328.0|2575.901941932431|3311.5097096621544|-420.0|-454.0|-386.0|QROCK3|XA11TEX|1.0|1.0|0.0|0.0|8|gravel|EV001074|SG000721|SG000722|145|1|1|803|XA11TEX|EV001074|1.0|1.0|0.0|0.0|0.0|QROCK3X8|EV001014|1.0|1.0|38.0|2.0|-512.0|-512.0|-454.0|-386.0|128.0|128.0|128.0|128.0
UTNTSkyEdge_tnt02_3164_0_terrain_2_1|3164|0|1|804|804|2832.0|3216.0|2656.0|3168.0|2743.868441297104|3192.4823819106186|-480.0|-506.0|-454.0|QROCK3|XA11TEX|1.0|1.0|0.0|0.0|14|gravel|EV001077|SG000723|SG000724|144|2|1|804|XA11TEX|EV001077|1.0|1.0|0.0|0.0|0.0|QROCK3X8|EV001078|1.0|1.0|94.0|0.0|-506.0|-454.0|0|0|128.0|128.0|0|0
UTNTSkyEdge_tnt02_3165_0_terrain_2_1|3165|0|1|803|803|2656.0|3168.0|2496.0|3200.0|2576.098058067569|3184.4902903378456|-420.0|-454.0|-386.0|QROCK3|XA11TEX|1.0|1.0|0.0|0.0|14|gravel|EV001074|SG000725|SG000726|145|2|1|803|XA11TEX|EV001074|1.0|1.0|0.0|0.0|0.0|QROCK3X8|EV001075|1.0|1.0|20.0|0.0|-454.0|-386.0|0|0|128.0|128.0|0|0
UTNTSkyEdge_tnt02_3166_0_terrain_2_1|3166|0|1|802|802|2368.0|3152.0|2240.0|3072.0|2303.7350005299986|3112.4239991520026|-296.0|-326.0|-266.0|QROCK3|XA11TEX|1.0|1.0|0.0|0.0|14|gravel|EV001071|SG000727|SG000728|146|2|1|802|XA11TEX|EV001071|1.0|1.0|0.0|0.0|0.0|QROCK3X8|EV001072|1.0|1.0|64.0|0.0|-326.0|-266.0|0|0|128.0|128.0|0|0
UTNTSkyEdge_tnt02_3169_0_terrain_1_0|3169|0|2|798|794|1664.0|3136.0|1408.0|3168.0|1536.0620173672946|3152.496138938357|-78.0|-78.0|-78.0|QROCK3|QROCK3X8|1.0|1.0|39.0|78.0|8|rock|EV001016|SG000368|SG000729|140|1|0|794|XA11TEX|EV000994|1.0|1.0|0.0|0.0|0.0|QROCK3X8|EV001016|1.0|1.0|39.0|78.0|-512.0|-512.0|-78.0|-78.0|128.0|128.0|128.0|128.0
UTNTSkyEdge_tnt02_3169_0_terrain_1_1|3169|0|2|798|794|1664.0|3136.0|1408.0|3168.0|1535.9379826327054|3151.503861061643|-78.0|-78.0|-78.0|QROCK3|XA11TEX|1.0|1.0|0.0|0.0|8|gravel|EV000994|SG000730|SG000731|135|1|1|794|XA11TEX|EV000994|1.0|1.0|0.0|0.0|0.0|QROCK3X8|EV001016|1.0|1.0|39.0|78.0|-512.0|-512.0|-78.0|-78.0|128.0|128.0|128.0|128.0
UTNTSkyEdge_tnt02_3170_0_terrain_1_0|3170|0|2|798|796|1824.0|3200.0|1664.0|3136.0|1743.814304661823|3168.4642383454425|-108.0|-138.0|-78.0|QROCK3|QROCK3X8|1.0|1.0|123.0|78.0|8|rock|EV001017|SG000368|SG000732|140|1|0|796|XA11TEX|EV001000|1.0|1.0|0.0|0.0|0.0|QROCK3X8|EV001017|1.0|1.0|123.0|78.0|-512.0|-512.0|-138.0|-78.0|128.0|128.0|128.0|128.0
UTNTSkyEdge_tnt02_3170_0_terrain_1_1|3170|0|2|798|796|1824.0|3200.0|1664.0|3136.0|1744.185695338177|3167.5357616545575|-108.0|-138.0|-78.0|QROCK3|XA11TEX|1.0|1.0|0.0|0.0|8|gravel|EV001000|SG000733|SG000734|137|1|1|796|XA11TEX|EV001000|1.0|1.0|0.0|0.0|0.0|QROCK3X8|EV001017|1.0|1.0|123.0|78.0|-512.0|-512.0|-138.0|-78.0|128.0|128.0|128.0|128.0
UTNTSkyEdge_tnt02_3171_0_terrain_1_0|3171|0|2|798|805|2048.0|3200.0|1824.0|3200.0|1936.0|3200.5|-172.0|-206.0|-138.0|QROCK3|QROCK3X8|1.0|1.0|27.0|10.0|8|rock|EV001018|SG000368|SG000735|140|1|0|805|XA11TEX|EV001080|1.0|1.0|0.0|0.0|0.0|QROCK3X8|EV001018|1.0|1.0|27.0|10.0|-512.0|-512.0|-206.0|-138.0|128.0|128.0|128.0|128.0
UTNTSkyEdge_tnt02_3171_0_terrain_1_1|3171|0|2|798|805|2048.0|3200.0|1824.0|3200.0|1936.0|3199.5|-172.0|-206.0|-138.0|QROCK3|XA11TEX|1.0|1.0|0.0|0.0|8|gravel|EV001080|SG000736|SG000737|147|1|1|805|XA11TEX|EV001080|1.0|1.0|0.0|0.0|0.0|QROCK3X8|EV001018|1.0|1.0|27.0|10.0|-512.0|-512.0|-206.0|-138.0|128.0|128.0|128.0|128.0
UTNTSkyEdge_tnt02_3173_0_terrain_2_1|3173|0|1|806|806|2224.0|4896.0|2432.0|4944.0|2328.1124297533493|4919.512804402153|-498.0|-498.0|-498.0|QROCK3|XA11TEX|1.0|1.0|0.0|0.0|14|gravel|EV001083|SG000738|SG000739|148|2|1|806|XA11TEX|EV001083|1.0|1.0|0.0|0.0|0.0|QROCK3X8|EV001084|1.0|1.0|48.0|0.0|-498.0|-498.0|0|0|128.0|128.0|0|0
UTNTSkyEdge_tnt02_3175_0_terrain_1_0|3175|0|2|1837|807|3768.0|4624.0|3960.0|4624.0|3864.0|4623.5|-138.0|-138.0|-138.0|QROCK3|QROCK3X8|1.0|1.0|384.117621627|10.0|8|rock|EV001429|SG000365|SG000740|139|1|0|807|XA11TEX|EV001085|1.0|1.0|0.0|0.0|0.0|QROCK3X8|EV001429|1.0|1.0|384.117621627|10.0|-512.0|-512.0|-138.0|-138.0|128.0|128.0|128.0|128.0
UTNTSkyEdge_tnt02_3175_0_terrain_1_1|3175|0|2|1837|807|3768.0|4624.0|3960.0|4624.0|3864.0|4624.5|-138.0|-138.0|-138.0|QROCK3|XA11TEX|1.0|1.0|0.0|0.0|8|gravel|EV001085|SG000741|SG000742|152|1|1|807|XA11TEX|EV001085|1.0|1.0|0.0|0.0|0.0|QROCK3X8|EV001429|1.0|1.0|384.117621627|10.0|-512.0|-512.0|-138.0|-138.0|128.0|128.0|128.0|128.0
UTNTSkyEdge_tnt02_3176_0_terrain_1_0|3176|0|2|1837|808|2784.0|4832.0|3040.0|4736.0|2911.824438279206|4783.531835411215|-347.1666666666667|-376.3333333333333|-318.0|QROCK3|QROCK3X8|1.0|1.0|121.0|122.0|8|rock|EV001430|SG000365|SG000743|139|1|0|808|XA11TEX|EV001088|1.0|1.0|0.0|0.0|0.0|QROCK3X8|EV001430|1.0|1.0|121.0|122.0|-512.0|-512.0|-376.3333333333333|-318.0|128.0|128.0|128.0|128.0
UTNTSkyEdge_tnt02_3176_0_terrain_1_1|3176|0|2|1837|808|2784.0|4832.0|3040.0|4736.0|2912.175561720794|4784.468164588785|-347.1666666666667|-376.3333333333333|-318.0|QROCK3|XA11TEX|1.0|1.0|0.0|0.0|8|gravel|EV001088|SG000744|SG000745|150|1|1|808|XA11TEX|EV001088|1.0|1.0|0.0|0.0|0.0|QROCK3X8|EV001430|1.0|1.0|121.0|122.0|-512.0|-512.0|-376.3333333333333|-318.0|128.0|128.0|128.0|128.0
UTNTSkyEdge_tnt02_3177_0_terrain_1_0|3177|0|2|1837|809|3040.0|4736.0|3216.0|4752.0|3128.045267873021|4743.502053396766|-288.0|-318.0|-258.0|QROCK3|QROCK3X8|1.0|1.0|10.0|62.0|8|rock|EV001431|SG000365|SG000746|139|1|0|809|XA11TEX|EV001091|1.0|1.0|0.0|0.0|0.0|QROCK3X8|EV001431|1.0|1.0|10.0|62.0|-512.0|-512.0|-318.0|-258.0|128.0|128.0|128.0|128.0
UTNTSkyEdge_tnt02_3177_0_terrain_1_1|3177|0|2|1837|809|3040.0|4736.0|3216.0|4752.0|3127.954732126979|4744.497946603234|-288.0|-318.0|-258.0|QROCK3|XA11TEX|1.0|1.0|0.0|0.0|8|gravel|EV001091|SG000747|SG000748|151|1|1|809|XA11TEX|EV001091|1.0|1.0|0.0|0.0|0.0|QROCK3X8|EV001431|1.0|1.0|10.0|62.0|-512.0|-512.0|-318.0|-258.0|128.0|128.0|128.0|128.0
UTNTSkyEdge_tnt02_3178_0_terrain_1_0|3178|0|2|1837|795|3520.0|4736.0|3768.0|4624.0|3643.794206638787|4679.544314700171|-138.0|-138.0|-138.0|QROCK3|QROCK3X8|1.0|1.0|112.0|10.0|8|rock|EV001432|SG000365|SG000749|139|1|0|795|XA11TEX|EV000998|1.0|1.0|0.0|0.0|0.0|QROCK3X8|EV001432|1.0|1.0|112.0|10.0|-512.0|-512.0|-138.0|-138.0|128.0|128.0|128.0|128.0
UTNTSkyEdge_tnt02_3178_0_terrain_1_1|3178|0|2|1837|795|3520.0|4736.0|3768.0|4624.0|3644.205793361213|4680.455685299829|-138.0|-138.0|-138.0|QROCK3|XA11TEX|1.0|1.0|0.0|0.0|8|gravel|EV000998|SG000750|SG000751|136|1|1|795|XA11TEX|EV000998|1.0|1.0|0.0|0.0|0.0|QROCK3X8|EV001432|1.0|1.0|112.0|10.0|-512.0|-512.0|-138.0|-138.0|128.0|128.0|128.0|128.0
UTNTSkyEdge_tnt02_3181_0_terrain_2_1|3181|0|1|809|809|3072.0|4864.0|3232.0|4880.0|3152.0497518595107|4871.502481404895|-285.2413793103448|-312.48275862068965|-258.0|QROCK3|XA11TEX|1.0|1.0|0.0|0.0|14|gravel|EV001091|SG000752|SG000753|151|2|1|809|XA11TEX|EV001091|1.0|1.0|0.0|0.0|0.0|QROCK3X8|EV001092|1.0|1.0|42.0|0.0|-312.48275862068965|-258.0|0|0|128.0|128.0|0|0
UTNTSkyEdge_tnt02_3183_0_terrain_1_0|3183|0|2|1837|797|3392.0|4768.0|3520.0|4736.0|3455.878732187482|4751.514928749927|-154.66666666666666|-171.33333333333334|-138.0|QROCK3|QROCK3X8|1.0|1.0|108.0|70.0|8|rock|EV001433|SG000365|SG000754|139|1|0|797|XA11TEX|EV001002|1.0|1.0|0.0|0.0|0.0|QROCK3X8|EV001433|1.0|1.0|108.0|70.0|-512.0|-512.0|-171.33333333333334|-138.0|128.0|128.0|128.0|128.0
UTNTSkyEdge_tnt02_3183_0_terrain_1_1|3183|0|2|1837|797|3392.0|4768.0|3520.0|4736.0|3456.121267812518|4752.485071250073|-154.66666666666666|-171.33333333333334|-138.0|QROCK3|XA11TEX|1.0|1.0|0.0|0.0|8|gravel|EV001002|SG000755|SG000756|138|1|1|797|XA11TEX|EV001002|1.0|1.0|0.0|0.0|0.0|QROCK3X8|EV001433|1.0|1.0|108.0|70.0|-512.0|-512.0|-171.33333333333334|-138.0|128.0|128.0|128.0|128.0
UTNTSkyEdge_tnt02_3185_0_terrain_1_0|3185|0|2|1837|1820|1376.0|4352.0|1600.0|4608.0|1488.3762883473535|4479.6707476960655|-159.2289156626506|-160.0|-158.4578313253012|QROCK3|QROCK3X8|1.0|1.0|32.0|32.0|8|rock|EV001435|SG000365|SG000757|139|1|0|1820|XA02TEX|EV001385|1.0|1.0|0.0|0.0|0.0|QROCK3X8|EV001435|1.0|1.0|32.0|32.0|-512.0|-512.0|-160.0|-158.4578313253012|128.0|128.0|128.0|128.0
UTNTSkyEdge_tnt02_3185_0_terrain_1_1|3185|0|2|1837|1820|1376.0|4352.0|1600.0|4608.0|1487.6237116526465|4480.3292523039345|-159.2289156626506|-160.0|-158.4578313253012|QROCK3|XA02TEX|1.0|1.0|0.0|0.0|8|gravel|EV001385|SG000758|SG000759|157|1|1|1820|XA02TEX|EV001385|1.0|1.0|0.0|0.0|0.0|QROCK3X8|EV001435|1.0|1.0|32.0|32.0|-512.0|-512.0|-160.0|-158.4578313253012|128.0|128.0|128.0|128.0
UTNTSkyEdge_tnt02_3187_0_terrain_1_0|3187|0|2|1837|1841|1920.0|4704.0|2112.0|4864.0|2016.3200921998323|4783.615889360201|-155.69230769230768|-151.3846153846154|-160.0|QROCK3|QROCK3X8|1.0|1.0|706.254474293|32.0|8|rock|EV001436|SG000365|SG000760|139|1|0|1841|XA02TEX|EV001460|1.0|1.0|0.0|0.0|0.0|QROCK3X8|EV001436|1.0|1.0|706.254474293|32.0|-512.0|-512.0|-151.3846153846154|-160.0|128.0|128.0|128.0|128.0
UTNTSkyEdge_tnt02_3187_0_terrain_1_1|3187|0|2|1837|1841|1920.0|4704.0|2112.0|4864.0|2015.6799078001677|4784.384110639799|-155.69230769230768|-151.3846153846154|-160.0|QROCK3|XA02TEX|1.0|1.0|0.0|0.0|8|gravel|EV001460|SG000761|SG000762|156|1|1|1841|XA02TEX|EV001460|1.0|1.0|0.0|0.0|0.0|QROCK3X8|EV001436|1.0|1.0|706.254474293|32.0|-512.0|-512.0|-151.3846153846154|-160.0|128.0|128.0|128.0|128.0
UTNTSkyEdge_tnt02_3202_0_terrain_1_0|3202|0|2|1837|811|3216.0|4752.0|3392.0|4768.0|3304.045267873021|4759.502053396766|-228.0|-258.0|-198.0|QROCK3|QROCK3X8|1.0|1.0|59.0|130.0|8|rock|EV001437|SG000365|SG000763|139|1|0|811|XA11TEX|EV001097|1.0|1.0|0.0|0.0|0.0|QROCK3X8|EV001437|1.0|1.0|59.0|130.0|-512.0|-512.0|-258.0|-198.0|128.0|128.0|128.0|128.0
UTNTSkyEdge_tnt02_3202_0_terrain_1_1|3202|0|2|1837|811|3216.0|4752.0|3392.0|4768.0|3303.954732126979|4760.497946603234|-228.0|-258.0|-198.0|QROCK3|XA11TEX|1.0|1.0|0.0|0.0|8|gravel|EV001097|SG000764|SG000765|153|1|1|811|XA11TEX|EV001097|1.0|1.0|0.0|0.0|0.0|QROCK3X8|EV001437|1.0|1.0|59.0|130.0|-512.0|-512.0|-258.0|-198.0|128.0|128.0|128.0|128.0
UTNTSkyEdge_tnt02_3204_0_terrain_1_0|3204|0|2|1837|810|2672.0|4816.0|2784.0|4832.0|2728.0707106781188|4823.505025253169|-392.57142857142856|-407.14285714285717|-378.0|QROCK3|QROCK3X8|1.0|1.0|8.0|54.0|8|rock|EV001438|SG000365|SG000766|139|1|0|810|XA11TEX|EV001094|1.0|1.0|0.0|0.0|0.0|QROCK3X8|EV001438|1.0|1.0|8.0|54.0|-512.0|-512.0|-407.14285714285717|-378.0|128.0|128.0|128.0|128.0
UTNTSkyEdge_tnt02_3204_0_terrain_1_1|3204|0|2|1837|810|2672.0|4816.0|2784.0|4832.0|2727.9292893218812|4824.494974746831|-392.57142857142856|-407.14285714285717|-378.0|QROCK3|XA11TEX|1.0|1.0|0.0|0.0|8|gravel|EV001094|SG000767|SG000768|149|1|1|810|XA11TEX|EV001094|1.0|1.0|0.0|0.0|0.0|QROCK3X8|EV001438|1.0|1.0|8.0|54.0|-512.0|-512.0|-407.14285714285717|-378.0|128.0|128.0|128.0|128.0
UTNTSkyEdge_tnt02_3209_0_terrain_2_1|3209|0|1|812|812|2432.0|4944.0|2592.0|4992.0|2512.143673942783|4967.5210868573895|-461.73417721518985|-485.46835443037975|-438.0|QROCK3|XA11TEX|1.0|1.0|0.0|0.0|14|gravel|EV001100|SG000769|SG000770|154|2|1|812|XA11TEX|EV001100|1.0|1.0|0.0|0.0|0.0|QROCK3X8|EV001102|1.0|1.0|5.0|0.0|-485.46835443037975|-438.0|0|0|128.0|128.0|0|0
UTNTSkyEdge_tnt02_3316_0_terrain_1_0|3316|0|2|798|825|2288.0|3976.0|2384.0|3912.0|2335.7226499018875|3943.583974852831|-422.4|-448.0|-396.8|QROCK3|QROCK3X8|1.0|1.0|0.0|-1536.0|8|rock|EV001038|SG000368|SG000771|140|1|0|825|XA11TEX|EV001291|1.0|1.0|0.0|0.0|0.0|QROCK3X8|EV001038|1.0|1.0|0.0|-1536.0|-512.0|-512.0|-448.0|-396.8|128.0|128.0|128.0|128.0
UTNTSkyEdge_tnt02_3316_0_terrain_1_1|3316|0|2|798|825|2288.0|3976.0|2384.0|3912.0|2336.2773500981125|3944.416025147169|-422.4|-448.0|-396.8|QROCK3|XA11TEX|1.0|1.0|0.0|0.0|8|gravel|EV001291|SG000772|SG000773|188|1|1|825|XA11TEX|EV001291|1.0|1.0|0.0|0.0|0.0|QROCK3X8|EV001038|1.0|1.0|0.0|-1536.0|-512.0|-512.0|-448.0|-396.8|128.0|128.0|128.0|128.0
UTNTSkyEdge_tnt02_3317_1_terrain_1_0|3317|1|2|825|826|2288.0|3976.0|2336.0|4056.0|2312.4287464628565|4015.742752122286|-213.68470588235294|-235.3694117647059|-192.0|QROCK3|QROCK3X8|1.0|1.0|0.0|384.0|8|rock|EV001292|SG000774|SG000775|188|1|0|826|XA11TEX|EV001294|1.0|1.0|0.0|0.0|0.0|QROCK3X8|EV001292|1.0|1.0|0.0|384.0|-448.0|-320.0|-235.3694117647059|-192.0|128.0|128.0|128.0|128.0
UTNTSkyEdge_tnt02_3317_1_terrain_1_1|3317|1|2|825|826|2288.0|3976.0|2336.0|4056.0|2311.5712535371435|4016.257247877714|-213.68470588235294|-235.3694117647059|-192.0|QROCK3|XA11TEX|1.0|1.0|0.0|0.0|8|gravel|EV001294|SG000776|SG000777|189|1|1|826|XA11TEX|EV001294|1.0|1.0|0.0|0.0|0.0|QROCK3X8|EV001292|1.0|1.0|0.0|384.0|-448.0|-320.0|-235.3694117647059|-192.0|128.0|128.0|128.0|128.0
UTNTSkyEdge_tnt02_3319_1_terrain_1_0|3319|1|2|828|825|2384.0|3912.0|2400.0|3976.0|2392.4850712500725|3943.878732187482|-358.4|-396.8|-320.0|QROCK3|QROCK3X8|1.0|1.0|0.0|576.0|8|rock|EV001300|SG000778|SG000779|190|1|0|825|XA11TEX|EV001291|1.0|1.0|0.0|0.0|0.0|QROCK3X8|EV001300|1.0|1.0|0.0|576.0|-448.0|-448.0|-396.8|-320.0|128.0|128.0|128.0|128.0
UTNTSkyEdge_tnt02_3319_1_terrain_1_1|3319|1|2|828|825|2384.0|3912.0|2400.0|3976.0|2391.5149287499275|3944.121267812518|-358.4|-396.8|-320.0|QROCK3|XA11TEX|1.0|1.0|0.0|0.0|8|gravel|EV001291|SG000772|SG000773|188|1|1|825|XA11TEX|EV001291|1.0|1.0|0.0|0.0|0.0|QROCK3X8|EV001300|1.0|1.0|0.0|576.0|-448.0|-448.0|-396.8|-320.0|128.0|128.0|128.0|128.0
UTNTSkyEdge_tnt02_3320_0_terrain_1_0|3320|0|2|798|826|2288.0|4168.0|2239.0|4085.0|2263.0694334970585|4126.754189863183|-214.2870588235294|-192.0|-236.5741176470588|QROCK3|QROCK3X8|1.0|1.0|116.481758228|-1280.0|8|rock|EV001039|SG000368|SG000780|140|1|0|826|XA11TEX|EV001294|1.0|1.0|0.0|0.0|0.0|QROCK3X8|EV001039|1.0|1.0|116.481758228|-1280.0|-512.0|-512.0|-192.0|-236.5741176470588|128.0|128.0|128.0|128.0
UTNTSkyEdge_tnt02_3320_0_terrain_1_1|3320|0|2|798|826|2288.0|4168.0|2239.0|4085.0|2263.9305665029415|4126.245810136817|-214.2870588235294|-192.0|-236.5741176470588|QROCK3|XA11TEX|1.0|1.0|0.0|0.0|8|gravel|EV001294|SG000776|SG000777|189|1|1|826|XA11TEX|EV001294|1.0|1.0|0.0|0.0|0.0|QROCK3X8|EV001039|1.0|1.0|116.481758228|-1280.0|-512.0|-512.0|-192.0|-236.5741176470588|128.0|128.0|128.0|128.0
UTNTSkyEdge_tnt02_3321_0_terrain_1_0|3321|0|2|798|826|2239.0|4085.0|2239.0|3999.0|2238.5|4042.0|-246.2870588235294|-236.5741176470588|-256.0|QROCK3|QROCK3X8|1.0|1.0|212.866404309|-1280.0|8|rock|EV001040|SG000368|SG000781|140|1|0|826|XA11TEX|EV001294|1.0|1.0|0.0|0.0|0.0|QROCK3X8|EV001040|1.0|1.0|212.866404309|-1280.0|-512.0|-512.0|-236.5741176470588|-256.0|128.0|128.0|128.0|128.0
UTNTSkyEdge_tnt02_3321_0_terrain_1_1|3321|0|2|798|826|2239.0|4085.0|2239.0|3999.0|2239.5|4042.0|-246.2870588235294|-236.5741176470588|-256.0|QROCK3|XA11TEX|1.0|1.0|0.0|0.0|8|gravel|EV001294|SG000776|SG000777|189|1|1|826|XA11TEX|EV001294|1.0|1.0|0.0|0.0|0.0|QROCK3X8|EV001040|1.0|1.0|212.866404309|-1280.0|-512.0|-512.0|-236.5741176470588|-256.0|128.0|128.0|128.0|128.0
UTNTSkyEdge_tnt02_3322_0_terrain_1_0|3322|0|2|798|826|2239.0|3999.0|2288.0|3976.0|2263.287546431493|3987.0473815279634|-245.68470588235294|-256.0|-235.3694117647059|QROCK3|QROCK3X8|1.0|1.0|298.866404309|-1280.0|8|rock|EV001041|SG000368|SG000782|140|1|0|826|XA11TEX|EV001294|1.0|1.0|0.0|0.0|0.0|QROCK3X8|EV001041|1.0|1.0|298.866404309|-1280.0|-512.0|-512.0|-256.0|-235.3694117647059|128.0|128.0|128.0|128.0
UTNTSkyEdge_tnt02_3322_0_terrain_1_1|3322|0|2|798|826|2239.0|3999.0|2288.0|3976.0|2263.712453568507|3987.9526184720366|-245.68470588235294|-256.0|-235.3694117647059|QROCK3|XA11TEX|1.0|1.0|0.0|0.0|8|gravel|EV001294|SG000776|SG000777|189|1|1|826|XA11TEX|EV001294|1.0|1.0|0.0|0.0|0.0|QROCK3X8|EV001041|1.0|1.0|298.866404309|-1280.0|-512.0|-512.0|-256.0|-235.3694117647059|128.0|128.0|128.0|128.0
UTNTSkyEdge_tnt02_3324_0_terrain_1_0|3324|0|2|798|829|2400.0|4200.0|2288.0|4168.0|2343.8626394360513|4184.48076197382|-192.0|-192.0|-192.0|QROCK3|QROCK3X8|1.0|1.0|0.0|-1280.0|8|rock|EV001042|SG000368|SG000783|140|1|0|829|XA11TEX|EV001302|1.0|1.0|0.0|0.0|0.0|QROCK3X8|EV001042|1.0|1.0|0.0|-1280.0|-512.0|-512.0|-192.0|-192.0|128.0|128.0|128.0|128.0
UTNTSkyEdge_tnt02_3324_0_terrain_1_1|3324|0|2|798|829|2400.0|4200.0|2288.0|4168.0|2344.1373605639487|4183.51923802618|-192.0|-192.0|-192.0|QROCK3|XA11TEX|1.0|1.0|0.0|0.0|8|gravel|EV001302|SG000784|SG000785|191|1|1|829|XA11TEX|EV001302|1.0|1.0|0.0|0.0|0.0|QROCK3X8|EV001042|1.0|1.0|0.0|-1280.0|-512.0|-512.0|-192.0|-192.0|128.0|128.0|128.0|128.0
UTNTSkyEdge_tnt02_3327_0_terrain_1_0|3327|0|2|798|830|2448.0|4120.0|2400.0|4200.0|2424.4287464628565|4160.257247877714|-224.0|-256.0|-192.0|QROCK3|QROCK3X8|1.0|1.0|86.162636914|-1280.0|8|rock|EV001043|SG000368|SG000786|140|1|0|830|XA11TEX|EV001303|1.0|1.0|0.0|0.0|0.0|QROCK3X8|EV001043|1.0|1.0|86.162636914|-1280.0|-512.0|-512.0|-256.0|-192.0|128.0|128.0|128.0|128.0
UTNTSkyEdge_tnt02_3327_0_terrain_1_1|3327|0|2|798|830|2448.0|4120.0|2400.0|4200.0|2423.5712535371435|4159.742752122286|-224.0|-256.0|-192.0|QROCK3|XA11TEX|1.0|1.0|0.0|0.0|8|gravel|EV001303|SG000787|SG000788|192|1|1|830|XA11TEX|EV001303|1.0|1.0|0.0|0.0|0.0|QROCK3X8|EV001043|1.0|1.0|86.162636914|-1280.0|-512.0|-512.0|-256.0|-192.0|128.0|128.0|128.0|128.0
UTNTSkyEdge_tnt02_3329_0_terrain_1_0|3329|0|2|798|827|2480.0|4040.0|2448.0|4120.0|2464.4642383454425|4080.185695338177|-224.96969696969697|-281.2121212121212|-168.72727272727272|QROCK3|QROCK3X8|1.0|1.0|0.0|-1280.0|8|rock|EV001044|SG000368|SG000789|140|1|0|827|XA11TEX|EV001296|1.0|1.0|0.0|0.0|0.0|QROCK3X8|EV001044|1.0|1.0|0.0|-1280.0|-512.0|-512.0|-281.2121212121212|-168.72727272727272|128.0|128.0|128.0|128.0
UTNTSkyEdge_tnt02_3329_0_terrain_1_1|3329|0|2|798|827|2480.0|4040.0|2448.0|4120.0|2463.5357616545575|4079.814304661823|-224.96969696969697|-281.2121212121212|-168.72727272727272|QROCK3|XA11TEX|1.0|1.0|0.0|0.0|8|gravel|EV001296|SG000790|SG000791|193|1|1|827|XA11TEX|EV001296|1.0|1.0|0.0|0.0|0.0|QROCK3X8|EV001044|1.0|1.0|0.0|-1280.0|-512.0|-512.0|-281.2121212121212|-168.72727272727272|128.0|128.0|128.0|128.0
UTNTSkyEdge_tnt02_3330_1_terrain_1_0|3330|1|2|828|827|2400.0|3976.0|2480.0|4040.0|2440.312347523777|4007.6095655952786|-300.6060606060606|-320.0|-281.2121212121212|QROCK3|QROCK3X8|1.0|1.0|0.0|448.0|8|rock|EV001301|SG000778|SG000792|190|1|0|827|XA11TEX|EV001296|1.0|1.0|0.0|0.0|0.0|QROCK3X8|EV001301|1.0|1.0|0.0|448.0|-448.0|-508.0|-320.0|-281.2121212121212|128.0|128.0|128.0|128.0
UTNTSkyEdge_tnt02_3330_1_terrain_1_1|3330|1|2|828|827|2400.0|3976.0|2480.0|4040.0|2439.687652476223|4008.3904344047214|-300.6060606060606|-320.0|-281.2121212121212|QROCK3|XA11TEX|1.0|1.0|0.0|0.0|8|gravel|EV001296|SG000790|SG000791|193|1|1|827|XA11TEX|EV001296|1.0|1.0|0.0|0.0|0.0|QROCK3X8|EV001301|1.0|1.0|0.0|448.0|-448.0|-508.0|-320.0|-281.2121212121212|128.0|128.0|128.0|128.0
UTNTSkyEdge_tnt02_3333_0_terrain_1_0|3333|0|2|814|831|3040.0|3584.0|3040.0|3616.0|3040.5|3600.0|-496.0|-496.0|-496.0|QROCK3|QROCK3X8|1.0|1.0|154.509667992|-1536.0|8|rock|EV001156|SG000793|SG000794|194|1|0|831|XA02TEX|EV001305|1.0|1.0|0.0|0.0|0.0|QROCK3X8|EV001156|1.0|1.0|154.509667992|-1536.0|-700.0|-700.0|-496.0|-496.0|128.0|128.0|128.0|128.0
UTNTSkyEdge_tnt02_3333_0_terrain_1_1|3333|0|2|814|831|3040.0|3584.0|3040.0|3616.0|3039.5|3600.0|-496.0|-496.0|-496.0|QROCK3|XA02TEX|1.0|1.0|0.0|0.0|8|gravel|EV001305|SG000795|SG000796|195|1|1|831|XA02TEX|EV001305|1.0|1.0|0.0|0.0|0.0|QROCK3X8|EV001156|1.0|1.0|154.509667992|-1536.0|-700.0|-700.0|-496.0|-496.0|128.0|128.0|128.0|128.0
UTNTSkyEdge_tnt02_3334_0_terrain_1_0|3334|0|2|814|831|2944.0|3680.0|2880.0|3648.0|2911.77639320225|3664.4472135954998|-496.0|-496.0|-496.0|QROCK3|QROCK3X8|1.0|1.0|301.887308807|-1536.0|8|rock|EV001157|SG000793|SG000797|194|1|0|831|XA02TEX|EV001305|1.0|1.0|0.0|0.0|0.0|QROCK3X8|EV001157|1.0|1.0|301.887308807|-1536.0|-700.0|-700.0|-496.0|-496.0|128.0|128.0|128.0|128.0
UTNTSkyEdge_tnt02_3334_0_terrain_1_1|3334|0|2|814|831|2944.0|3680.0|2880.0|3648.0|2912.22360679775|3663.5527864045002|-496.0|-496.0|-496.0|QROCK3|XA02TEX|1.0|1.0|0.0|0.0|8|gravel|EV001305|SG000795|SG000796|195|1|1|831|XA02TEX|EV001305|1.0|1.0|0.0|0.0|0.0|QROCK3X8|EV001157|1.0|1.0|301.887308807|-1536.0|-700.0|-700.0|-496.0|-496.0|128.0|128.0|128.0|128.0
UTNTSkyEdge_tnt02_3335_0_terrain_1_0|3335|0|2|814|831|2848.0|3584.0|2880.0|3488.0|2863.525658350975|3535.8418861169916|-496.0|-496.0|-496.0|QROCK3|QROCK3X8|1.0|1.0|444.995659367|-1536.0|8|rock|EV001158|SG000793|SG000798|194|1|0|831|XA02TEX|EV001305|1.0|1.0|0.0|0.0|0.0|QROCK3X8|EV001158|1.0|1.0|444.995659367|-1536.0|-700.0|-700.0|-496.0|-496.0|128.0|128.0|128.0|128.0
UTNTSkyEdge_tnt02_3335_0_terrain_1_1|3335|0|2|814|831|2848.0|3584.0|2880.0|3488.0|2864.474341649025|3536.1581138830084|-496.0|-496.0|-496.0|QROCK3|XA02TEX|1.0|1.0|0.0|0.0|8|gravel|EV001305|SG000795|SG000796|195|1|1|831|XA02TEX|EV001305|1.0|1.0|0.0|0.0|0.0|QROCK3X8|EV001158|1.0|1.0|444.995659367|-1536.0|-700.0|-700.0|-496.0|-496.0|128.0|128.0|128.0|128.0
UTNTSkyEdge_tnt02_3335_0_terrain_2_1|3335|0|2|814|814|2848.0|3584.0|2880.0|3488.0|2863.525658350975|3535.8418861169916|-700.0|-700.0|-700.0|QROCK3|XA02TEX|1.0|1.0|0.0|0.0|14|gravel|EV001106|SG000799|SG000800|194|2|1|814|XA02TEX|EV001106|1.0|1.0|0.0|0.0|0.0|QROCK3X8|EV001158|1.0|1.0|444.995659367|-1536.0|-700.0|-700.0|-496.0|-496.0|128.0|128.0|128.0|128.0
UTNTSkyEdge_tnt02_3336_0_terrain_1_0|3336|0|2|814|831|2976.0|3456.0|3040.0|3520.0|3008.3535533905933|3487.6464466094067|-496.0|-496.0|-496.0|QROCK3|QROCK3X8|1.0|1.0|0.0|-1536.0|8|rock|EV001159|SG000793|SG000801|194|1|0|831|XA02TEX|EV001305|1.0|1.0|0.0|0.0|0.0|QROCK3X8|EV001159|1.0|1.0|0.0|-1536.0|-700.0|-700.0|-496.0|-496.0|128.0|128.0|128.0|128.0
UTNTSkyEdge_tnt02_3336_0_terrain_1_1|3336|0|2|814|831|2976.0|3456.0|3040.0|3520.0|3007.6464466094067|3488.3535533905933|-496.0|-496.0|-496.0|QROCK3|XA02TEX|1.0|1.0|0.0|0.0|8|gravel|EV001305|SG000795|SG000796|195|1|1|831|XA02TEX|EV001305|1.0|1.0|0.0|0.0|0.0|QROCK3X8|EV001159|1.0|1.0|0.0|-1536.0|-700.0|-700.0|-496.0|-496.0|128.0|128.0|128.0|128.0
UTNTSkyEdge_tnt02_3337_0_terrain_1_0|3337|0|2|814|831|2880.0|3488.0|2976.0|3456.0|2927.8418861169916|3471.525658350975|-496.0|-496.0|-496.0|QROCK3|QROCK3X8|1.0|1.0|546.188544492|-1536.0|8|rock|EV001160|SG000793|SG000802|194|1|0|831|XA02TEX|EV001305|1.0|1.0|0.0|0.0|0.0|QROCK3X8|EV001160|1.0|1.0|546.188544492|-1536.0|-700.0|-700.0|-496.0|-496.0|128.0|128.0|128.0|128.0
UTNTSkyEdge_tnt02_3337_0_terrain_1_1|3337|0|2|814|831|2880.0|3488.0|2976.0|3456.0|2928.1581138830084|3472.474341649025|-496.0|-496.0|-496.0|QROCK3|XA02TEX|1.0|1.0|0.0|0.0|8|gravel|EV001305|SG000795|SG000796|195|1|1|831|XA02TEX|EV001305|1.0|1.0|0.0|0.0|0.0|QROCK3X8|EV001160|1.0|1.0|546.188544492|-1536.0|-700.0|-700.0|-496.0|-496.0|128.0|128.0|128.0|128.0
UTNTSkyEdge_tnt02_3337_0_terrain_2_1|3337|0|2|814|814|2880.0|3488.0|2976.0|3456.0|2927.8418861169916|3471.525658350975|-700.0|-700.0|-700.0|QROCK3|XA02TEX|1.0|1.0|0.0|0.0|14|gravel|EV001106|SG000803|SG000804|194|2|1|814|XA02TEX|EV001106|1.0|1.0|0.0|0.0|0.0|QROCK3X8|EV001160|1.0|1.0|546.188544492|-1536.0|-700.0|-700.0|-496.0|-496.0|128.0|128.0|128.0|128.0
UTNTSkyEdge_tnt02_3338_0_terrain_1_0|3338|0|2|814|831|2880.0|3648.0|2848.0|3584.0|2863.5527864045002|3616.22360679775|-496.0|-496.0|-496.0|QROCK3|QROCK3X8|1.0|1.0|373.441484087|-1536.0|8|rock|EV001161|SG000793|SG000805|194|1|0|831|XA02TEX|EV001305|1.0|1.0|0.0|0.0|0.0|QROCK3X8|EV001161|1.0|1.0|373.441484087|-1536.0|-700.0|-700.0|-496.0|-496.0|128.0|128.0|128.0|128.0
UTNTSkyEdge_tnt02_3338_0_terrain_1_1|3338|0|2|814|831|2880.0|3648.0|2848.0|3584.0|2864.4472135954998|3615.77639320225|-496.0|-496.0|-496.0|QROCK3|XA02TEX|1.0|1.0|0.0|0.0|8|gravel|EV001305|SG000795|SG000796|195|1|1|831|XA02TEX|EV001305|1.0|1.0|0.0|0.0|0.0|QROCK3X8|EV001161|1.0|1.0|373.441484087|-1536.0|-700.0|-700.0|-496.0|-496.0|128.0|128.0|128.0|128.0
UTNTSkyEdge_tnt02_3339_0_terrain_1_0|3339|0|2|814|831|3040.0|3616.0|2944.0|3680.0|2992.2773500981125|3648.416025147169|-496.0|-496.0|-496.0|QROCK3|QROCK3X8|1.0|1.0|186.509667992|-1536.0|8|rock|EV001162|SG000793|SG000806|194|1|0|831|XA02TEX|EV001305|1.0|1.0|0.0|0.0|0.0|QROCK3X8|EV001162|1.0|1.0|186.509667992|-1536.0|-700.0|-700.0|-496.0|-496.0|128.0|128.0|128.0|128.0
UTNTSkyEdge_tnt02_3339_0_terrain_1_1|3339|0|2|814|831|3040.0|3616.0|2944.0|3680.0|2991.7226499018875|3647.583974852831|-496.0|-496.0|-496.0|QROCK3|XA02TEX|1.0|1.0|0.0|0.0|8|gravel|EV001305|SG000795|SG000796|195|1|1|831|XA02TEX|EV001305|1.0|1.0|0.0|0.0|0.0|QROCK3X8|EV001162|1.0|1.0|186.509667992|-1536.0|-700.0|-700.0|-496.0|-496.0|128.0|128.0|128.0|128.0
UTNTSkyEdge_tnt02_3339_0_terrain_2_1|3339|0|2|814|814|3040.0|3616.0|2944.0|3680.0|2992.2773500981125|3648.416025147169|-700.0|-700.0|-700.0|QROCK3|XA02TEX|1.0|1.0|0.0|0.0|14|gravel|EV001106|SG000807|SG000808|194|2|1|814|XA02TEX|EV001106|1.0|1.0|0.0|0.0|0.0|QROCK3X8|EV001162|1.0|1.0|186.509667992|-1536.0|-700.0|-700.0|-496.0|-496.0|128.0|128.0|128.0|128.0
UTNTSkyEdge_tnt02_3340_0_terrain_1_0|3340|0|2|814|831|3040.0|3520.0|3040.0|3584.0|3040.5|3552.0|-496.0|-496.0|-496.0|QROCK3|QROCK3X8|1.0|1.0|90.509667992|-1536.0|8|rock|EV001163|SG000793|SG000809|194|1|0|831|XA02TEX|EV001305|1.0|1.0|0.0|0.0|0.0|QROCK3X8|EV001163|1.0|1.0|90.509667992|-1536.0|-700.0|-700.0|-496.0|-496.0|128.0|128.0|128.0|128.0
UTNTSkyEdge_tnt02_3340_0_terrain_1_1|3340|0|2|814|831|3040.0|3520.0|3040.0|3584.0|3039.5|3552.0|-496.0|-496.0|-496.0|QROCK3|XA02TEX|1.0|1.0|0.0|0.0|8|gravel|EV001305|SG000795|SG000796|195|1|1|831|XA02TEX|EV001305|1.0|1.0|0.0|0.0|0.0|QROCK3X8|EV001163|1.0|1.0|90.509667992|-1536.0|-700.0|-700.0|-496.0|-496.0|128.0|128.0|128.0|128.0
UTNTSkyEdge_tnt02_3352_0_terrain_1_0|3352|0|2|814|832|3296.0|3840.0|3296.0|3872.0|3296.5|3856.0|-496.0|-496.0|-496.0|QROCK3|QROCK3X8|1.0|1.0|154.509667992|-1536.0|8|rock|EV001174|SG000793|SG000810|194|1|0|832|XA02TEX|EV001306|1.0|1.0|0.0|0.0|0.0|QROCK3X8|EV001174|1.0|1.0|154.509667992|-1536.0|-700.0|-700.0|-496.0|-496.0|128.0|128.0|128.0|128.0
UTNTSkyEdge_tnt02_3352_0_terrain_1_1|3352|0|2|814|832|3296.0|3840.0|3296.0|3872.0|3295.5|3856.0|-496.0|-496.0|-496.0|QROCK3|XA02TEX|1.0|1.0|0.0|0.0|8|gravel|EV001306|SG000811|SG000812|196|1|1|832|XA02TEX|EV001306|1.0|1.0|0.0|0.0|0.0|QROCK3X8|EV001174|1.0|1.0|154.509667992|-1536.0|-700.0|-700.0|-496.0|-496.0|128.0|128.0|128.0|128.0
UTNTSkyEdge_tnt02_3353_0_terrain_1_0|3353|0|2|814|832|3200.0|3936.0|3136.0|3904.0|3167.77639320225|3920.4472135954998|-496.0|-496.0|-496.0|QROCK3|QROCK3X8|1.0|1.0|301.887308807|-1536.0|8|rock|EV001175|SG000793|SG000813|194|1|0|832|XA02TEX|EV001306|1.0|1.0|0.0|0.0|0.0|QROCK3X8|EV001175|1.0|1.0|301.887308807|-1536.0|-700.0|-700.0|-496.0|-496.0|128.0|128.0|128.0|128.0
UTNTSkyEdge_tnt02_3353_0_terrain_1_1|3353|0|2|814|832|3200.0|3936.0|3136.0|3904.0|3168.22360679775|3919.5527864045002|-496.0|-496.0|-496.0|QROCK3|XA02TEX|1.0|1.0|0.0|0.0|8|gravel|EV001306|SG000811|SG000812|196|1|1|832|XA02TEX|EV001306|1.0|1.0|0.0|0.0|0.0|QROCK3X8|EV001175|1.0|1.0|301.887308807|-1536.0|-700.0|-700.0|-496.0|-496.0|128.0|128.0|128.0|128.0
UTNTSkyEdge_tnt02_3354_0_terrain_1_0|3354|0|2|814|832|3104.0|3840.0|3136.0|3744.0|3119.525658350975|3791.8418861169916|-496.0|-496.0|-496.0|QROCK3|QROCK3X8|1.0|1.0|444.995659367|-1536.0|8|rock|EV001176|SG000793|SG000814|194|1|0|832|XA02TEX|EV001306|1.0|1.0|0.0|0.0|0.0|QROCK3X8|EV001176|1.0|1.0|444.995659367|-1536.0|-700.0|-700.0|-496.0|-496.0|128.0|128.0|128.0|128.0
UTNTSkyEdge_tnt02_3354_0_terrain_1_1|3354|0|2|814|832|3104.0|3840.0|3136.0|3744.0|3120.474341649025|3792.1581138830084|-496.0|-496.0|-496.0|QROCK3|XA02TEX|1.0|1.0|0.0|0.0|8|gravel|EV001306|SG000811|SG000812|196|1|1|832|XA02TEX|EV001306|1.0|1.0|0.0|0.0|0.0|QROCK3X8|EV001176|1.0|1.0|444.995659367|-1536.0|-700.0|-700.0|-496.0|-496.0|128.0|128.0|128.0|128.0
UTNTSkyEdge_tnt02_3355_0_terrain_1_0|3355|0|2|814|832|3232.0|3712.0|3296.0|3776.0|3264.3535533905933|3743.6464466094067|-496.0|-496.0|-496.0|QROCK3|QROCK3X8|1.0|1.0|0.0|-1536.0|8|rock|EV001177|SG000793|SG000815|194|1|0|832|XA02TEX|EV001306|1.0|1.0|0.0|0.0|0.0|QROCK3X8|EV001177|1.0|1.0|0.0|-1536.0|-700.0|-700.0|-496.0|-496.0|128.0|128.0|128.0|128.0
UTNTSkyEdge_tnt02_3355_0_terrain_1_1|3355|0|2|814|832|3232.0|3712.0|3296.0|3776.0|3263.6464466094067|3744.3535533905933|-496.0|-496.0|-496.0|QROCK3|XA02TEX|1.0|1.0|0.0|0.0|8|gravel|EV001306|SG000811|SG000812|196|1|1|832|XA02TEX|EV001306|1.0|1.0|0.0|0.0|0.0|QROCK3X8|EV001177|1.0|1.0|0.0|-1536.0|-700.0|-700.0|-496.0|-496.0|128.0|128.0|128.0|128.0
UTNTSkyEdge_tnt02_3356_0_terrain_1_0|3356|0|2|814|832|3136.0|3744.0|3232.0|3712.0|3183.8418861169916|3727.525658350975|-496.0|-496.0|-496.0|QROCK3|QROCK3X8|1.0|1.0|546.188544492|-1536.0|8|rock|EV001178|SG000793|SG000816|194|1|0|832|XA02TEX|EV001306|1.0|1.0|0.0|0.0|0.0|QROCK3X8|EV001178|1.0|1.0|546.188544492|-1536.0|-700.0|-700.0|-496.0|-496.0|128.0|128.0|128.0|128.0
UTNTSkyEdge_tnt02_3356_0_terrain_1_1|3356|0|2|814|832|3136.0|3744.0|3232.0|3712.0|3184.1581138830084|3728.474341649025|-496.0|-496.0|-496.0|QROCK3|XA02TEX|1.0|1.0|0.0|0.0|8|gravel|EV001306|SG000811|SG000812|196|1|1|832|XA02TEX|EV001306|1.0|1.0|0.0|0.0|0.0|QROCK3X8|EV001178|1.0|1.0|546.188544492|-1536.0|-700.0|-700.0|-496.0|-496.0|128.0|128.0|128.0|128.0
UTNTSkyEdge_tnt02_3357_0_terrain_1_0|3357|0|2|814|832|3136.0|3904.0|3104.0|3840.0|3119.5527864045002|3872.22360679775|-496.0|-496.0|-496.0|QROCK3|QROCK3X8|1.0|1.0|373.441484087|-1536.0|8|rock|EV001179|SG000793|SG000817|194|1|0|832|XA02TEX|EV001306|1.0|1.0|0.0|0.0|0.0|QROCK3X8|EV001179|1.0|1.0|373.441484087|-1536.0|-700.0|-700.0|-496.0|-496.0|128.0|128.0|128.0|128.0
UTNTSkyEdge_tnt02_3357_0_terrain_1_1|3357|0|2|814|832|3136.0|3904.0|3104.0|3840.0|3120.4472135954998|3871.77639320225|-496.0|-496.0|-496.0|QROCK3|XA02TEX|1.0|1.0|0.0|0.0|8|gravel|EV001306|SG000811|SG000812|196|1|1|832|XA02TEX|EV001306|1.0|1.0|0.0|0.0|0.0|QROCK3X8|EV001179|1.0|1.0|373.441484087|-1536.0|-700.0|-700.0|-496.0|-496.0|128.0|128.0|128.0|128.0
UTNTSkyEdge_tnt02_3358_0_terrain_1_0|3358|0|2|814|832|3296.0|3872.0|3200.0|3936.0|3248.2773500981125|3904.416025147169|-496.0|-496.0|-496.0|QROCK3|QROCK3X8|1.0|1.0|186.509667992|-1536.0|8|rock|EV001180|SG000793|SG000818|194|1|0|832|XA02TEX|EV001306|1.0|1.0|0.0|0.0|0.0|QROCK3X8|EV001180|1.0|1.0|186.509667992|-1536.0|-700.0|-700.0|-496.0|-496.0|128.0|128.0|128.0|128.0
UTNTSkyEdge_tnt02_3358_0_terrain_1_1|3358|0|2|814|832|3296.0|3872.0|3200.0|3936.0|3247.7226499018875|3903.583974852831|-496.0|-496.0|-496.0|QROCK3|XA02TEX|1.0|1.0|0.0|0.0|8|gravel|EV001306|SG000811|SG000812|196|1|1|832|XA02TEX|EV001306|1.0|1.0|0.0|0.0|0.0|QROCK3X8|EV001180|1.0|1.0|186.509667992|-1536.0|-700.0|-700.0|-496.0|-496.0|128.0|128.0|128.0|128.0
UTNTSkyEdge_tnt02_3359_0_terrain_1_0|3359|0|2|814|832|3296.0|3776.0|3296.0|3840.0|3296.5|3808.0|-496.0|-496.0|-496.0|QROCK3|QROCK3X8|1.0|1.0|90.509667992|-1536.0|8|rock|EV001181|SG000793|SG000819|194|1|0|832|XA02TEX|EV001306|1.0|1.0|0.0|0.0|0.0|QROCK3X8|EV001181|1.0|1.0|90.509667992|-1536.0|-700.0|-700.0|-496.0|-496.0|128.0|128.0|128.0|128.0
UTNTSkyEdge_tnt02_3359_0_terrain_1_1|3359|0|2|814|832|3296.0|3776.0|3296.0|3840.0|3295.5|3808.0|-496.0|-496.0|-496.0|QROCK3|XA02TEX|1.0|1.0|0.0|0.0|8|gravel|EV001306|SG000811|SG000812|196|1|1|832|XA02TEX|EV001306|1.0|1.0|0.0|0.0|0.0|QROCK3X8|EV001181|1.0|1.0|90.509667992|-1536.0|-700.0|-700.0|-496.0|-496.0|128.0|128.0|128.0|128.0
UTNTSkyEdge_tnt02_3360_0_terrain_1_0|3360|0|2|814|833|3488.0|4096.0|3488.0|4128.0|3488.5|4112.0|-496.0|-496.0|-496.0|QROCK3|QROCK3X8|1.0|1.0|154.509667992|-1536.0|8|rock|EV001182|SG000793|SG000820|194|1|0|833|XA02TEX|EV001307|1.0|1.0|0.0|0.0|0.0|QROCK3X8|EV001182|1.0|1.0|154.509667992|-1536.0|-700.0|-700.0|-496.0|-496.0|128.0|128.0|128.0|128.0
UTNTSkyEdge_tnt02_3360_0_terrain_1_1|3360|0|2|814|833|3488.0|4096.0|3488.0|4128.0|3487.5|4112.0|-496.0|-496.0|-496.0|QROCK3|XA02TEX|1.0|1.0|0.0|0.0|8|gravel|EV001307|SG000821|SG000822|197|1|1|833|XA02TEX|EV001307|1.0|1.0|0.0|0.0|0.0|QROCK3X8|EV001182|1.0|1.0|154.509667992|-1536.0|-700.0|-700.0|-496.0|-496.0|128.0|128.0|128.0|128.0
UTNTSkyEdge_tnt02_3361_0_terrain_1_0|3361|0|2|814|833|3392.0|4192.0|3328.0|4160.0|3359.77639320225|4176.4472135955|-496.0|-496.0|-496.0|QROCK3|QROCK3X8|1.0|1.0|301.887308807|-1536.0|8|rock|EV001183|SG000793|SG000823|194|1|0|833|XA02TEX|EV001307|1.0|1.0|0.0|0.0|0.0|QROCK3X8|EV001183|1.0|1.0|301.887308807|-1536.0|-700.0|-700.0|-496.0|-496.0|128.0|128.0|128.0|128.0
UTNTSkyEdge_tnt02_3361_0_terrain_1_1|3361|0|2|814|833|3392.0|4192.0|3328.0|4160.0|3360.22360679775|4175.5527864045|-496.0|-496.0|-496.0|QROCK3|XA02TEX|1.0|1.0|0.0|0.0|8|gravel|EV001307|SG000821|SG000822|197|1|1|833|XA02TEX|EV001307|1.0|1.0|0.0|0.0|0.0|QROCK3X8|EV001183|1.0|1.0|301.887308807|-1536.0|-700.0|-700.0|-496.0|-496.0|128.0|128.0|128.0|128.0
UTNTSkyEdge_tnt02_3362_0_terrain_1_0|3362|0|2|814|833|3296.0|4096.0|3328.0|4000.0|3311.525658350975|4047.8418861169916|-496.0|-496.0|-496.0|QROCK3|QROCK3X8|1.0|1.0|444.995659367|-1536.0|8|rock|EV001184|SG000793|SG000824|194|1|0|833|XA02TEX|EV001307|1.0|1.0|0.0|0.0|0.0|QROCK3X8|EV001184|1.0|1.0|444.995659367|-1536.0|-700.0|-700.0|-496.0|-496.0|128.0|128.0|128.0|128.0
UTNTSkyEdge_tnt02_3362_0_terrain_1_1|3362|0|2|814|833|3296.0|4096.0|3328.0|4000.0|3312.474341649025|4048.1581138830084|-496.0|-496.0|-496.0|QROCK3|XA02TEX|1.0|1.0|0.0|0.0|8|gravel|EV001307|SG000821|SG000822|197|1|1|833|XA02TEX|EV001307|1.0|1.0|0.0|0.0|0.0|QROCK3X8|EV001184|1.0|1.0|444.995659367|-1536.0|-700.0|-700.0|-496.0|-496.0|128.0|128.0|128.0|128.0
UTNTSkyEdge_tnt02_3363_0_terrain_1_0|3363|0|2|814|833|3424.0|3968.0|3488.0|4032.0|3456.3535533905933|3999.6464466094067|-496.0|-496.0|-496.0|QROCK3|QROCK3X8|1.0|1.0|0.0|-1536.0|8|rock|EV001185|SG000793|SG000825|194|1|0|833|XA02TEX|EV001307|1.0|1.0|0.0|0.0|0.0|QROCK3X8|EV001185|1.0|1.0|0.0|-1536.0|-700.0|-700.0|-496.0|-496.0|128.0|128.0|128.0|128.0
UTNTSkyEdge_tnt02_3363_0_terrain_1_1|3363|0|2|814|833|3424.0|3968.0|3488.0|4032.0|3455.6464466094067|4000.3535533905933|-496.0|-496.0|-496.0|QROCK3|XA02TEX|1.0|1.0|0.0|0.0|8|gravel|EV001307|SG000821|SG000822|197|1|1|833|XA02TEX|EV001307|1.0|1.0|0.0|0.0|0.0|QROCK3X8|EV001185|1.0|1.0|0.0|-1536.0|-700.0|-700.0|-496.0|-496.0|128.0|128.0|128.0|128.0
UTNTSkyEdge_tnt02_3364_0_terrain_1_0|3364|0|2|814|833|3328.0|4000.0|3424.0|3968.0|3375.8418861169916|3983.525658350975|-496.0|-496.0|-496.0|QROCK3|QROCK3X8|1.0|1.0|546.188544492|-1536.0|8|rock|EV001186|SG000793|SG000826|194|1|0|833|XA02TEX|EV001307|1.0|1.0|0.0|0.0|0.0|QROCK3X8|EV001186|1.0|1.0|546.188544492|-1536.0|-700.0|-700.0|-496.0|-496.0|128.0|128.0|128.0|128.0
UTNTSkyEdge_tnt02_3364_0_terrain_1_1|3364|0|2|814|833|3328.0|4000.0|3424.0|3968.0|3376.1581138830084|3984.474341649025|-496.0|-496.0|-496.0|QROCK3|XA02TEX|1.0|1.0|0.0|0.0|8|gravel|EV001307|SG000821|SG000822|197|1|1|833|XA02TEX|EV001307|1.0|1.0|0.0|0.0|0.0|QROCK3X8|EV001186|1.0|1.0|546.188544492|-1536.0|-700.0|-700.0|-496.0|-496.0|128.0|128.0|128.0|128.0
UTNTSkyEdge_tnt02_3364_0_terrain_2_1|3364|0|2|814|814|3328.0|4000.0|3424.0|3968.0|3375.8418861169916|3983.525658350975|-700.0|-700.0|-700.0|QROCK3|XA02TEX|1.0|1.0|0.0|0.0|14|gravel|EV001106|SG000827|SG000828|194|2|1|814|XA02TEX|EV001106|1.0|1.0|0.0|0.0|0.0|QROCK3X8|EV001186|1.0|1.0|546.188544492|-1536.0|-700.0|-700.0|-496.0|-496.0|128.0|128.0|128.0|128.0
UTNTSkyEdge_tnt02_3365_0_terrain_1_0|3365|0|2|814|833|3328.0|4160.0|3296.0|4096.0|3311.5527864045002|4128.22360679775|-496.0|-496.0|-496.0|QROCK3|QROCK3X8|1.0|1.0|373.441484087|-1536.0|8|rock|EV001187|SG000793|SG000829|194|1|0|833|XA02TEX|EV001307|1.0|1.0|0.0|0.0|0.0|QROCK3X8|EV001187|1.0|1.0|373.441484087|-1536.0|-700.0|-700.0|-496.0|-496.0|128.0|128.0|128.0|128.0
UTNTSkyEdge_tnt02_3365_0_terrain_1_1|3365|0|2|814|833|3328.0|4160.0|3296.0|4096.0|3312.4472135954998|4127.77639320225|-496.0|-496.0|-496.0|QROCK3|XA02TEX|1.0|1.0|0.0|0.0|8|gravel|EV001307|SG000821|SG000822|197|1|1|833|XA02TEX|EV001307|1.0|1.0|0.0|0.0|0.0|QROCK3X8|EV001187|1.0|1.0|373.441484087|-1536.0|-700.0|-700.0|-496.0|-496.0|128.0|128.0|128.0|128.0
UTNTSkyEdge_tnt02_3366_0_terrain_1_0|3366|0|2|814|833|3488.0|4128.0|3392.0|4192.0|3440.2773500981125|4160.4160251471685|-496.0|-496.0|-496.0|QROCK3|QROCK3X8|1.0|1.0|186.509667992|-1536.0|8|rock|EV001188|SG000793|SG000830|194|1|0|833|XA02TEX|EV001307|1.0|1.0|0.0|0.0|0.0|QROCK3X8|EV001188|1.0|1.0|186.509667992|-1536.0|-700.0|-700.0|-496.0|-496.0|128.0|128.0|128.0|128.0
UTNTSkyEdge_tnt02_3366_0_terrain_1_1|3366|0|2|814|833|3488.0|4128.0|3392.0|4192.0|3439.7226499018875|4159.5839748528315|-496.0|-496.0|-496.0|QROCK3|XA02TEX|1.0|1.0|0.0|0.0|8|gravel|EV001307|SG000821|SG000822|197|1|1|833|XA02TEX|EV001307|1.0|1.0|0.0|0.0|0.0|QROCK3X8|EV001188|1.0|1.0|186.509667992|-1536.0|-700.0|-700.0|-496.0|-496.0|128.0|128.0|128.0|128.0
UTNTSkyEdge_tnt02_3367_0_terrain_1_0|3367|0|2|814|833|3488.0|4032.0|3488.0|4096.0|3488.5|4064.0|-496.0|-496.0|-496.0|QROCK3|QROCK3X8|1.0|1.0|90.509667992|-1536.0|8|rock|EV001189|SG000793|SG000831|194|1|0|833|XA02TEX|EV001307|1.0|1.0|0.0|0.0|0.0|QROCK3X8|EV001189|1.0|1.0|90.509667992|-1536.0|-700.0|-700.0|-496.0|-496.0|128.0|128.0|128.0|128.0
UTNTSkyEdge_tnt02_3367_0_terrain_1_1|3367|0|2|814|833|3488.0|4032.0|3488.0|4096.0|3487.5|4064.0|-496.0|-496.0|-496.0|QROCK3|XA02TEX|1.0|1.0|0.0|0.0|8|gravel|EV001307|SG000821|SG000822|197|1|1|833|XA02TEX|EV001307|1.0|1.0|0.0|0.0|0.0|QROCK3X8|EV001189|1.0|1.0|90.509667992|-1536.0|-700.0|-700.0|-496.0|-496.0|128.0|128.0|128.0|128.0
UTNTSkyEdge_tnt02_3368_0_terrain_1_0|3368|0|2|814|834|3762.0|4230.0|3762.0|4262.0|3762.5|4246.0|-496.0|-496.0|-496.0|QROCK3|QROCK3X8|1.0|1.0|154.509667992|-1536.0|8|rock|EV001190|SG000793|SG000832|194|1|0|834|XA02TEX|EV001308|1.0|1.0|0.0|0.0|0.0|QROCK3X8|EV001190|1.0|1.0|154.509667992|-1536.0|-700.0|-700.0|-496.0|-496.0|128.0|128.0|128.0|128.0
UTNTSkyEdge_tnt02_3368_0_terrain_1_1|3368|0|2|814|834|3762.0|4230.0|3762.0|4262.0|3761.5|4246.0|-496.0|-496.0|-496.0|QROCK3|XA02TEX|1.0|1.0|0.0|0.0|8|gravel|EV001308|SG000833|SG000834|198|1|1|834|XA02TEX|EV001308|1.0|1.0|0.0|0.0|0.0|QROCK3X8|EV001190|1.0|1.0|154.509667992|-1536.0|-700.0|-700.0|-496.0|-496.0|128.0|128.0|128.0|128.0
UTNTSkyEdge_tnt02_3369_0_terrain_1_0|3369|0|2|814|834|3666.0|4326.0|3602.0|4294.0|3633.77639320225|4310.4472135955|-496.0|-496.0|-496.0|QROCK3|QROCK3X8|1.0|1.0|301.887308807|-1536.0|8|rock|EV001191|SG000793|SG000835|194|1|0|834|XA02TEX|EV001308|1.0|1.0|0.0|0.0|0.0|QROCK3X8|EV001191|1.0|1.0|301.887308807|-1536.0|-700.0|-700.0|-496.0|-496.0|128.0|128.0|128.0|128.0
UTNTSkyEdge_tnt02_3369_0_terrain_1_1|3369|0|2|814|834|3666.0|4326.0|3602.0|4294.0|3634.22360679775|4309.5527864045|-496.0|-496.0|-496.0|QROCK3|XA02TEX|1.0|1.0|0.0|0.0|8|gravel|EV001308|SG000833|SG000834|198|1|1|834|XA02TEX|EV001308|1.0|1.0|0.0|0.0|0.0|QROCK3X8|EV001191|1.0|1.0|301.887308807|-1536.0|-700.0|-700.0|-496.0|-496.0|128.0|128.0|128.0|128.0
UTNTSkyEdge_tnt02_3370_0_terrain_1_0|3370|0|2|814|834|3570.0|4230.0|3602.0|4134.0|3585.525658350975|4181.841886116991|-496.0|-496.0|-496.0|QROCK3|QROCK3X8|1.0|1.0|444.995659367|-1536.0|8|rock|EV001192|SG000793|SG000836|194|1|0|834|XA02TEX|EV001308|1.0|1.0|0.0|0.0|0.0|QROCK3X8|EV001192|1.0|1.0|444.995659367|-1536.0|-700.0|-700.0|-496.0|-496.0|128.0|128.0|128.0|128.0
UTNTSkyEdge_tnt02_3370_0_terrain_1_1|3370|0|2|814|834|3570.0|4230.0|3602.0|4134.0|3586.474341649025|4182.158113883009|-496.0|-496.0|-496.0|QROCK3|XA02TEX|1.0|1.0|0.0|0.0|8|gravel|EV001308|SG000833|SG000834|198|1|1|834|XA02TEX|EV001308|1.0|1.0|0.0|0.0|0.0|QROCK3X8|EV001192|1.0|1.0|444.995659367|-1536.0|-700.0|-700.0|-496.0|-496.0|128.0|128.0|128.0|128.0
UTNTSkyEdge_tnt02_3370_0_terrain_2_1|3370|0|2|814|814|3570.0|4230.0|3602.0|4134.0|3585.525658350975|4181.841886116991|-700.0|-700.0|-700.0|QROCK3|XA02TEX|1.0|1.0|0.0|0.0|14|gravel|EV001106|SG000837|SG000838|194|2|1|814|XA02TEX|EV001106|1.0|1.0|0.0|0.0|0.0|QROCK3X8|EV001192|1.0|1.0|444.995659367|-1536.0|-700.0|-700.0|-496.0|-496.0|128.0|128.0|128.0|128.0
UTNTSkyEdge_tnt02_3371_0_terrain_1_0|3371|0|2|814|834|3698.0|4102.0|3762.0|4166.0|3730.3535533905933|4133.646446609407|-496.0|-496.0|-496.0|QROCK3|QROCK3X8|1.0|1.0|0.0|-1536.0|8|rock|EV001193|SG000793|SG000839|194|1|0|834|XA02TEX|EV001308|1.0|1.0|0.0|0.0|0.0|QROCK3X8|EV001193|1.0|1.0|0.0|-1536.0|-700.0|-700.0|-496.0|-496.0|128.0|128.0|128.0|128.0
UTNTSkyEdge_tnt02_3371_0_terrain_1_1|3371|0|2|814|834|3698.0|4102.0|3762.0|4166.0|3729.6464466094067|4134.353553390593|-496.0|-496.0|-496.0|QROCK3|XA02TEX|1.0|1.0|0.0|0.0|8|gravel|EV001308|SG000833|SG000834|198|1|1|834|XA02TEX|EV001308|1.0|1.0|0.0|0.0|0.0|QROCK3X8|EV001193|1.0|1.0|0.0|-1536.0|-700.0|-700.0|-496.0|-496.0|128.0|128.0|128.0|128.0
UTNTSkyEdge_tnt02_3372_0_terrain_1_0|3372|0|2|814|834|3602.0|4134.0|3698.0|4102.0|3649.8418861169916|4117.5256583509745|-496.0|-496.0|-496.0|QROCK3|QROCK3X8|1.0|1.0|546.188544492|-1536.0|8|rock|EV001194|SG000793|SG000840|194|1|0|834|XA02TEX|EV001308|1.0|1.0|0.0|0.0|0.0|QROCK3X8|EV001194|1.0|1.0|546.188544492|-1536.0|-700.0|-700.0|-496.0|-496.0|128.0|128.0|128.0|128.0
UTNTSkyEdge_tnt02_3372_0_terrain_1_1|3372|0|2|814|834|3602.0|4134.0|3698.0|4102.0|3650.1581138830084|4118.4743416490255|-496.0|-496.0|-496.0|QROCK3|XA02TEX|1.0|1.0|0.0|0.0|8|gravel|EV001308|SG000833|SG000834|198|1|1|834|XA02TEX|EV001308|1.0|1.0|0.0|0.0|0.0|QROCK3X8|EV001194|1.0|1.0|546.188544492|-1536.0|-700.0|-700.0|-496.0|-496.0|128.0|128.0|128.0|128.0
UTNTSkyEdge_tnt02_3373_0_terrain_1_0|3373|0|2|814|834|3602.0|4294.0|3570.0|4230.0|3585.5527864045002|4262.22360679775|-496.0|-496.0|-496.0|QROCK3|QROCK3X8|1.0|1.0|373.441484087|-1536.0|8|rock|EV001195|SG000793|SG000841|194|1|0|834|XA02TEX|EV001308|1.0|1.0|0.0|0.0|0.0|QROCK3X8|EV001195|1.0|1.0|373.441484087|-1536.0|-700.0|-700.0|-496.0|-496.0|128.0|128.0|128.0|128.0
UTNTSkyEdge_tnt02_3373_0_terrain_1_1|3373|0|2|814|834|3602.0|4294.0|3570.0|4230.0|3586.4472135954998|4261.77639320225|-496.0|-496.0|-496.0|QROCK3|XA02TEX|1.0|1.0|0.0|0.0|8|gravel|EV001308|SG000833|SG000834|198|1|1|834|XA02TEX|EV001308|1.0|1.0|0.0|0.0|0.0|QROCK3X8|EV001195|1.0|1.0|373.441484087|-1536.0|-700.0|-700.0|-496.0|-496.0|128.0|128.0|128.0|128.0
UTNTSkyEdge_tnt02_3374_0_terrain_1_0|3374|0|2|814|834|3762.0|4262.0|3666.0|4326.0|3714.2773500981125|4294.4160251471685|-496.0|-496.0|-496.0|QROCK3|QROCK3X8|1.0|1.0|186.509667992|-1536.0|8|rock|EV001196|SG000793|SG000842|194|1|0|834|XA02TEX|EV001308|1.0|1.0|0.0|0.0|0.0|QROCK3X8|EV001196|1.0|1.0|186.509667992|-1536.0|-700.0|-700.0|-496.0|-496.0|128.0|128.0|128.0|128.0
UTNTSkyEdge_tnt02_3374_0_terrain_1_1|3374|0|2|814|834|3762.0|4262.0|3666.0|4326.0|3713.7226499018875|4293.5839748528315|-496.0|-496.0|-496.0|QROCK3|XA02TEX|1.0|1.0|0.0|0.0|8|gravel|EV001308|SG000833|SG000834|198|1|1|834|XA02TEX|EV001308|1.0|1.0|0.0|0.0|0.0|QROCK3X8|EV001196|1.0|1.0|186.509667992|-1536.0|-700.0|-700.0|-496.0|-496.0|128.0|128.0|128.0|128.0
UTNTSkyEdge_tnt02_3374_0_terrain_2_1|3374|0|2|814|814|3762.0|4262.0|3666.0|4326.0|3714.2773500981125|4294.4160251471685|-700.0|-700.0|-700.0|QROCK3|XA02TEX|1.0|1.0|0.0|0.0|14|gravel|EV001106|SG000843|SG000844|194|2|1|814|XA02TEX|EV001106|1.0|1.0|0.0|0.0|0.0|QROCK3X8|EV001196|1.0|1.0|186.509667992|-1536.0|-700.0|-700.0|-496.0|-496.0|128.0|128.0|128.0|128.0
UTNTSkyEdge_tnt02_3375_0_terrain_1_0|3375|0|2|814|834|3762.0|4166.0|3762.0|4230.0|3762.5|4198.0|-496.0|-496.0|-496.0|QROCK3|QROCK3X8|1.0|1.0|90.509667992|-1536.0|8|rock|EV001197|SG000793|SG000845|194|1|0|834|XA02TEX|EV001308|1.0|1.0|0.0|0.0|0.0|QROCK3X8|EV001197|1.0|1.0|90.509667992|-1536.0|-700.0|-700.0|-496.0|-496.0|128.0|128.0|128.0|128.0
UTNTSkyEdge_tnt02_3375_0_terrain_1_1|3375|0|2|814|834|3762.0|4166.0|3762.0|4230.0|3761.5|4198.0|-496.0|-496.0|-496.0|QROCK3|XA02TEX|1.0|1.0|0.0|0.0|8|gravel|EV001308|SG000833|SG000834|198|1|1|834|XA02TEX|EV001308|1.0|1.0|0.0|0.0|0.0|QROCK3X8|EV001197|1.0|1.0|90.509667992|-1536.0|-700.0|-700.0|-496.0|-496.0|128.0|128.0|128.0|128.0
UTNTSkyEdge_tnt02_3376_0_terrain_1_0|3376|0|2|814|835|2720.0|3712.0|2720.0|3744.0|2720.5|3728.0|-496.0|-496.0|-496.0|QROCK3|QROCK3X8|1.0|1.0|154.509667992|-1536.0|8|rock|EV001198|SG000793|SG000846|194|1|0|835|XA02TEX|EV001309|1.0|1.0|0.0|0.0|0.0|QROCK3X8|EV001198|1.0|1.0|154.509667992|-1536.0|-700.0|-700.0|-496.0|-496.0|128.0|128.0|128.0|128.0
UTNTSkyEdge_tnt02_3376_0_terrain_1_1|3376|0|2|814|835|2720.0|3712.0|2720.0|3744.0|2719.5|3728.0|-496.0|-496.0|-496.0|QROCK3|XA02TEX|1.0|1.0|0.0|0.0|8|gravel|EV001309|SG000847|SG000848|199|1|1|835|XA02TEX|EV001309|1.0|1.0|0.0|0.0|0.0|QROCK3X8|EV001198|1.0|1.0|154.509667992|-1536.0|-700.0|-700.0|-496.0|-496.0|128.0|128.0|128.0|128.0
UTNTSkyEdge_tnt02_3377_0_terrain_1_0|3377|0|2|814|835|2624.0|3808.0|2560.0|3776.0|2591.77639320225|3792.4472135954998|-496.0|-496.0|-496.0|QROCK3|QROCK3X8|1.0|1.0|301.887308807|-1536.0|8|rock|EV001199|SG000793|SG000849|194|1|0|835|XA02TEX|EV001309|1.0|1.0|0.0|0.0|0.0|QROCK3X8|EV001199|1.0|1.0|301.887308807|-1536.0|-700.0|-700.0|-496.0|-496.0|128.0|128.0|128.0|128.0
UTNTSkyEdge_tnt02_3377_0_terrain_1_1|3377|0|2|814|835|2624.0|3808.0|2560.0|3776.0|2592.22360679775|3791.5527864045002|-496.0|-496.0|-496.0|QROCK3|XA02TEX|1.0|1.0|0.0|0.0|8|gravel|EV001309|SG000847|SG000848|199|1|1|835|XA02TEX|EV001309|1.0|1.0|0.0|0.0|0.0|QROCK3X8|EV001199|1.0|1.0|301.887308807|-1536.0|-700.0|-700.0|-496.0|-496.0|128.0|128.0|128.0|128.0
UTNTSkyEdge_tnt02_3378_0_terrain_1_0|3378|0|2|814|835|2528.0|3712.0|2560.0|3616.0|2543.525658350975|3663.8418861169916|-496.0|-496.0|-496.0|QROCK3|QROCK3X8|1.0|1.0|444.995659367|-1536.0|8|rock|EV001200|SG000793|SG000850|194|1|0|835|XA02TEX|EV001309|1.0|1.0|0.0|0.0|0.0|QROCK3X8|EV001200|1.0|1.0|444.995659367|-1536.0|-700.0|-700.0|-496.0|-496.0|128.0|128.0|128.0|128.0
UTNTSkyEdge_tnt02_3378_0_terrain_1_1|3378|0|2|814|835|2528.0|3712.0|2560.0|3616.0|2544.474341649025|3664.1581138830084|-496.0|-496.0|-496.0|QROCK3|XA02TEX|1.0|1.0|0.0|0.0|8|gravel|EV001309|SG000847|SG000848|199|1|1|835|XA02TEX|EV001309|1.0|1.0|0.0|0.0|0.0|QROCK3X8|EV001200|1.0|1.0|444.995659367|-1536.0|-700.0|-700.0|-496.0|-496.0|128.0|128.0|128.0|128.0
UTNTSkyEdge_tnt02_3379_0_terrain_1_0|3379|0|2|814|835|2656.0|3584.0|2720.0|3648.0|2688.3535533905933|3615.6464466094067|-496.0|-496.0|-496.0|QROCK3|QROCK3X8|1.0|1.0|0.0|-1536.0|8|rock|EV001201|SG000793|SG000851|194|1|0|835|XA02TEX|EV001309|1.0|1.0|0.0|0.0|0.0|QROCK3X8|EV001201|1.0|1.0|0.0|-1536.0|-700.0|-700.0|-496.0|-496.0|128.0|128.0|128.0|128.0
UTNTSkyEdge_tnt02_3379_0_terrain_1_1|3379|0|2|814|835|2656.0|3584.0|2720.0|3648.0|2687.6464466094067|3616.3535533905933|-496.0|-496.0|-496.0|QROCK3|XA02TEX|1.0|1.0|0.0|0.0|8|gravel|EV001309|SG000847|SG000848|199|1|1|835|XA02TEX|EV001309|1.0|1.0|0.0|0.0|0.0|QROCK3X8|EV001201|1.0|1.0|0.0|-1536.0|-700.0|-700.0|-496.0|-496.0|128.0|128.0|128.0|128.0
UTNTSkyEdge_tnt02_3380_0_terrain_1_0|3380|0|2|814|835|2560.0|3616.0|2656.0|3584.0|2607.8418861169916|3599.525658350975|-496.0|-496.0|-496.0|QROCK3|QROCK3X8|1.0|1.0|546.188544492|-1536.0|8|rock|EV001202|SG000793|SG000852|194|1|0|835|XA02TEX|EV001309|1.0|1.0|0.0|0.0|0.0|QROCK3X8|EV001202|1.0|1.0|546.188544492|-1536.0|-700.0|-700.0|-496.0|-496.0|128.0|128.0|128.0|128.0
UTNTSkyEdge_tnt02_3380_0_terrain_1_1|3380|0|2|814|835|2560.0|3616.0|2656.0|3584.0|2608.1581138830084|3600.474341649025|-496.0|-496.0|-496.0|QROCK3|XA02TEX|1.0|1.0|0.0|0.0|8|gravel|EV001309|SG000847|SG000848|199|1|1|835|XA02TEX|EV001309|1.0|1.0|0.0|0.0|0.0|QROCK3X8|EV001202|1.0|1.0|546.188544492|-1536.0|-700.0|-700.0|-496.0|-496.0|128.0|128.0|128.0|128.0
UTNTSkyEdge_tnt02_3380_0_terrain_2_1|3380|0|2|814|814|2560.0|3616.0|2656.0|3584.0|2607.8418861169916|3599.525658350975|-700.0|-700.0|-700.0|QROCK3|XA02TEX|1.0|1.0|0.0|0.0|14|gravel|EV001106|SG000853|SG000854|194|2|1|814|XA02TEX|EV001106|1.0|1.0|0.0|0.0|0.0|QROCK3X8|EV001202|1.0|1.0|546.188544492|-1536.0|-700.0|-700.0|-496.0|-496.0|128.0|128.0|128.0|128.0
UTNTSkyEdge_tnt02_3381_0_terrain_1_0|3381|0|2|814|835|2560.0|3776.0|2528.0|3712.0|2543.5527864045002|3744.22360679775|-496.0|-496.0|-496.0|QROCK3|QROCK3X8|1.0|1.0|373.441484087|-1536.0|8|rock|EV001203|SG000793|SG000855|194|1|0|835|XA02TEX|EV001309|1.0|1.0|0.0|0.0|0.0|QROCK3X8|EV001203|1.0|1.0|373.441484087|-1536.0|-700.0|-700.0|-496.0|-496.0|128.0|128.0|128.0|128.0
UTNTSkyEdge_tnt02_3381_0_terrain_1_1|3381|0|2|814|835|2560.0|3776.0|2528.0|3712.0|2544.4472135954998|3743.77639320225|-496.0|-496.0|-496.0|QROCK3|XA02TEX|1.0|1.0|0.0|0.0|8|gravel|EV001309|SG000847|SG000848|199|1|1|835|XA02TEX|EV001309|1.0|1.0|0.0|0.0|0.0|QROCK3X8|EV001203|1.0|1.0|373.441484087|-1536.0|-700.0|-700.0|-496.0|-496.0|128.0|128.0|128.0|128.0
UTNTSkyEdge_tnt02_3382_0_terrain_1_0|3382|0|2|814|835|2720.0|3744.0|2624.0|3808.0|2672.2773500981125|3776.416025147169|-496.0|-496.0|-496.0|QROCK3|QROCK3X8|1.0|1.0|186.509667992|-1536.0|8|rock|EV001204|SG000793|SG000856|194|1|0|835|XA02TEX|EV001309|1.0|1.0|0.0|0.0|0.0|QROCK3X8|EV001204|1.0|1.0|186.509667992|-1536.0|-700.0|-700.0|-496.0|-496.0|128.0|128.0|128.0|128.0
UTNTSkyEdge_tnt02_3382_0_terrain_1_1|3382|0|2|814|835|2720.0|3744.0|2624.0|3808.0|2671.7226499018875|3775.583974852831|-496.0|-496.0|-496.0|QROCK3|XA02TEX|1.0|1.0|0.0|0.0|8|gravel|EV001309|SG000847|SG000848|199|1|1|835|XA02TEX|EV001309|1.0|1.0|0.0|0.0|0.0|QROCK3X8|EV001204|1.0|1.0|186.509667992|-1536.0|-700.0|-700.0|-496.0|-496.0|128.0|128.0|128.0|128.0
UTNTSkyEdge_tnt02_3383_0_terrain_1_0|3383|0|2|814|835|2720.0|3648.0|2720.0|3712.0|2720.5|3680.0|-496.0|-496.0|-496.0|QROCK3|QROCK3X8|1.0|1.0|90.509667992|-1536.0|8|rock|EV001205|SG000793|SG000857|194|1|0|835|XA02TEX|EV001309|1.0|1.0|0.0|0.0|0.0|QROCK3X8|EV001205|1.0|1.0|90.509667992|-1536.0|-700.0|-700.0|-496.0|-496.0|128.0|128.0|128.0|128.0
UTNTSkyEdge_tnt02_3383_0_terrain_1_1|3383|0|2|814|835|2720.0|3648.0|2720.0|3712.0|2719.5|3680.0|-496.0|-496.0|-496.0|QROCK3|XA02TEX|1.0|1.0|0.0|0.0|8|gravel|EV001309|SG000847|SG000848|199|1|1|835|XA02TEX|EV001309|1.0|1.0|0.0|0.0|0.0|QROCK3X8|EV001205|1.0|1.0|90.509667992|-1536.0|-700.0|-700.0|-496.0|-496.0|128.0|128.0|128.0|128.0
UTNTSkyEdge_tnt02_3384_0_terrain_1_0|3384|0|2|814|836|2400.0|3712.0|2400.0|3744.0|2400.5|3728.0|-496.0|-496.0|-496.0|QROCK3|QROCK3X8|1.0|1.0|154.509667992|-1536.0|8|rock|EV001206|SG000793|SG000858|194|1|0|836|XA02TEX|EV001310|1.0|1.0|0.0|0.0|0.0|QROCK3X8|EV001206|1.0|1.0|154.509667992|-1536.0|-700.0|-700.0|-496.0|-496.0|128.0|128.0|128.0|128.0
UTNTSkyEdge_tnt02_3384_0_terrain_1_1|3384|0|2|814|836|2400.0|3712.0|2400.0|3744.0|2399.5|3728.0|-496.0|-496.0|-496.0|QROCK3|XA02TEX|1.0|1.0|0.0|0.0|8|gravel|EV001310|SG000859|SG000860|200|1|1|836|XA02TEX|EV001310|1.0|1.0|0.0|0.0|0.0|QROCK3X8|EV001206|1.0|1.0|154.509667992|-1536.0|-700.0|-700.0|-496.0|-496.0|128.0|128.0|128.0|128.0
UTNTSkyEdge_tnt02_3385_0_terrain_1_0|3385|0|2|814|836|2304.0|3808.0|2240.0|3776.0|2271.77639320225|3792.4472135954998|-496.0|-496.0|-496.0|QROCK3|QROCK3X8|1.0|1.0|301.887308807|-1536.0|8|rock|EV001207|SG000793|SG000861|194|1|0|836|XA02TEX|EV001310|1.0|1.0|0.0|0.0|0.0|QROCK3X8|EV001207|1.0|1.0|301.887308807|-1536.0|-700.0|-700.0|-496.0|-496.0|128.0|128.0|128.0|128.0
UTNTSkyEdge_tnt02_3385_0_terrain_1_1|3385|0|2|814|836|2304.0|3808.0|2240.0|3776.0|2272.22360679775|3791.5527864045002|-496.0|-496.0|-496.0|QROCK3|XA02TEX|1.0|1.0|0.0|0.0|8|gravel|EV001310|SG000859|SG000860|200|1|1|836|XA02TEX|EV001310|1.0|1.0|0.0|0.0|0.0|QROCK3X8|EV001207|1.0|1.0|301.887308807|-1536.0|-700.0|-700.0|-496.0|-496.0|128.0|128.0|128.0|128.0
UTNTSkyEdge_tnt02_3386_0_terrain_1_0|3386|0|2|814|836|2208.0|3712.0|2240.0|3616.0|2223.525658350975|3663.8418861169916|-496.0|-496.0|-496.0|QROCK3|QROCK3X8|1.0|1.0|444.995659367|-1536.0|8|rock|EV001208|SG000793|SG000862|194|1|0|836|XA02TEX|EV001310|1.0|1.0|0.0|0.0|0.0|QROCK3X8|EV001208|1.0|1.0|444.995659367|-1536.0|-700.0|-700.0|-496.0|-496.0|128.0|128.0|128.0|128.0
UTNTSkyEdge_tnt02_3386_0_terrain_1_1|3386|0|2|814|836|2208.0|3712.0|2240.0|3616.0|2224.474341649025|3664.1581138830084|-496.0|-496.0|-496.0|QROCK3|XA02TEX|1.0|1.0|0.0|0.0|8|gravel|EV001310|SG000859|SG000860|200|1|1|836|XA02TEX|EV001310|1.0|1.0|0.0|0.0|0.0|QROCK3X8|EV001208|1.0|1.0|444.995659367|-1536.0|-700.0|-700.0|-496.0|-496.0|128.0|128.0|128.0|128.0
UTNTSkyEdge_tnt02_3387_0_terrain_1_0|3387|0|2|814|836|2336.0|3584.0|2400.0|3648.0|2368.3535533905933|3615.6464466094067|-496.0|-496.0|-496.0|QROCK3|QROCK3X8|1.0|1.0|0.0|-1536.0|8|rock|EV001209|SG000793|SG000863|194|1|0|836|XA02TEX|EV001310|1.0|1.0|0.0|0.0|0.0|QROCK3X8|EV001209|1.0|1.0|0.0|-1536.0|-700.0|-700.0|-496.0|-496.0|128.0|128.0|128.0|128.0
UTNTSkyEdge_tnt02_3387_0_terrain_1_1|3387|0|2|814|836|2336.0|3584.0|2400.0|3648.0|2367.6464466094067|3616.3535533905933|-496.0|-496.0|-496.0|QROCK3|XA02TEX|1.0|1.0|0.0|0.0|8|gravel|EV001310|SG000859|SG000860|200|1|1|836|XA02TEX|EV001310|1.0|1.0|0.0|0.0|0.0|QROCK3X8|EV001209|1.0|1.0|0.0|-1536.0|-700.0|-700.0|-496.0|-496.0|128.0|128.0|128.0|128.0
UTNTSkyEdge_tnt02_3388_0_terrain_1_0|3388|0|2|814|836|2240.0|3616.0|2336.0|3584.0|2287.8418861169916|3599.525658350975|-496.0|-496.0|-496.0|QROCK3|QROCK3X8|1.0|1.0|546.188544492|-1536.0|8|rock|EV001210|SG000793|SG000864|194|1|0|836|XA02TEX|EV001310|1.0|1.0|0.0|0.0|0.0|QROCK3X8|EV001210|1.0|1.0|546.188544492|-1536.0|-700.0|-700.0|-496.0|-496.0|128.0|128.0|128.0|128.0
UTNTSkyEdge_tnt02_3388_0_terrain_1_1|3388|0|2|814|836|2240.0|3616.0|2336.0|3584.0|2288.1581138830084|3600.474341649025|-496.0|-496.0|-496.0|QROCK3|XA02TEX|1.0|1.0|0.0|0.0|8|gravel|EV001310|SG000859|SG000860|200|1|1|836|XA02TEX|EV001310|1.0|1.0|0.0|0.0|0.0|QROCK3X8|EV001210|1.0|1.0|546.188544492|-1536.0|-700.0|-700.0|-496.0|-496.0|128.0|128.0|128.0|128.0
UTNTSkyEdge_tnt02_3388_0_terrain_2_1|3388|0|2|814|814|2240.0|3616.0|2336.0|3584.0|2287.8418861169916|3599.525658350975|-700.0|-700.0|-700.0|QROCK3|XA02TEX|1.0|1.0|0.0|0.0|14|gravel|EV001106|SG000865|SG000866|194|2|1|814|XA02TEX|EV001106|1.0|1.0|0.0|0.0|0.0|QROCK3X8|EV001210|1.0|1.0|546.188544492|-1536.0|-700.0|-700.0|-496.0|-496.0|128.0|128.0|128.0|128.0
UTNTSkyEdge_tnt02_3389_0_terrain_1_0|3389|0|2|814|836|2240.0|3776.0|2208.0|3712.0|2223.5527864045002|3744.22360679775|-496.0|-496.0|-496.0|QROCK3|QROCK3X8|1.0|1.0|373.441484087|-1536.0|8|rock|EV001211|SG000793|SG000867|194|1|0|836|XA02TEX|EV001310|1.0|1.0|0.0|0.0|0.0|QROCK3X8|EV001211|1.0|1.0|373.441484087|-1536.0|-700.0|-700.0|-496.0|-496.0|128.0|128.0|128.0|128.0
UTNTSkyEdge_tnt02_3389_0_terrain_1_1|3389|0|2|814|836|2240.0|3776.0|2208.0|3712.0|2224.4472135954998|3743.77639320225|-496.0|-496.0|-496.0|QROCK3|XA02TEX|1.0|1.0|0.0|0.0|8|gravel|EV001310|SG000859|SG000860|200|1|1|836|XA02TEX|EV001310|1.0|1.0|0.0|0.0|0.0|QROCK3X8|EV001211|1.0|1.0|373.441484087|-1536.0|-700.0|-700.0|-496.0|-496.0|128.0|128.0|128.0|128.0
UTNTSkyEdge_tnt02_3390_0_terrain_1_0|3390|0|2|814|836|2400.0|3744.0|2304.0|3808.0|2352.2773500981125|3776.416025147169|-496.0|-496.0|-496.0|QROCK3|QROCK3X8|1.0|1.0|186.509667992|-1536.0|8|rock|EV001212|SG000793|SG000868|194|1|0|836|XA02TEX|EV001310|1.0|1.0|0.0|0.0|0.0|QROCK3X8|EV001212|1.0|1.0|186.509667992|-1536.0|-700.0|-700.0|-496.0|-496.0|128.0|128.0|128.0|128.0
UTNTSkyEdge_tnt02_3390_0_terrain_1_1|3390|0|2|814|836|2400.0|3744.0|2304.0|3808.0|2351.7226499018875|3775.583974852831|-496.0|-496.0|-496.0|QROCK3|XA02TEX|1.0|1.0|0.0|0.0|8|gravel|EV001310|SG000859|SG000860|200|1|1|836|XA02TEX|EV001310|1.0|1.0|0.0|0.0|0.0|QROCK3X8|EV001212|1.0|1.0|186.509667992|-1536.0|-700.0|-700.0|-496.0|-496.0|128.0|128.0|128.0|128.0
UTNTSkyEdge_tnt02_3391_0_terrain_1_0|3391|0|2|814|836|2400.0|3648.0|2400.0|3712.0|2400.5|3680.0|-496.0|-496.0|-496.0|QROCK3|QROCK3X8|1.0|1.0|90.509667992|-1536.0|8|rock|EV001213|SG000793|SG000869|194|1|0|836|XA02TEX|EV001310|1.0|1.0|0.0|0.0|0.0|QROCK3X8|EV001213|1.0|1.0|90.509667992|-1536.0|-700.0|-700.0|-496.0|-496.0|128.0|128.0|128.0|128.0
UTNTSkyEdge_tnt02_3391_0_terrain_1_1|3391|0|2|814|836|2400.0|3648.0|2400.0|3712.0|2399.5|3680.0|-496.0|-496.0|-496.0|QROCK3|XA02TEX|1.0|1.0|0.0|0.0|8|gravel|EV001310|SG000859|SG000860|200|1|1|836|XA02TEX|EV001310|1.0|1.0|0.0|0.0|0.0|QROCK3X8|EV001213|1.0|1.0|90.509667992|-1536.0|-700.0|-700.0|-496.0|-496.0|128.0|128.0|128.0|128.0
UTNTSkyEdge_tnt02_3392_0_terrain_1_0|3392|0|2|814|837|2144.0|3968.0|2144.0|4000.0|2144.5|3984.0|-496.0|-496.0|-496.0|QROCK3|QROCK3X8|1.0|1.0|154.509667992|-1536.0|8|rock|EV001214|SG000793|SG000870|194|1|0|837|XA02TEX|EV001311|1.0|1.0|0.0|0.0|0.0|QROCK3X8|EV001214|1.0|1.0|154.509667992|-1536.0|-700.0|-700.0|-496.0|-496.0|128.0|128.0|128.0|128.0
UTNTSkyEdge_tnt02_3392_0_terrain_1_1|3392|0|2|814|837|2144.0|3968.0|2144.0|4000.0|2143.5|3984.0|-496.0|-496.0|-496.0|QROCK3|XA02TEX|1.0|1.0|0.0|0.0|8|gravel|EV001311|SG000871|SG000872|201|1|1|837|XA02TEX|EV001311|1.0|1.0|0.0|0.0|0.0|QROCK3X8|EV001214|1.0|1.0|154.509667992|-1536.0|-700.0|-700.0|-496.0|-496.0|128.0|128.0|128.0|128.0
UTNTSkyEdge_tnt02_3393_0_terrain_1_0|3393|0|2|814|837|2048.0|4064.0|1984.0|4032.0|2015.7763932022501|4048.4472135954998|-496.0|-496.0|-496.0|QROCK3|QROCK3X8|1.0|1.0|301.887308807|-1536.0|8|rock|EV001215|SG000793|SG000873|194|1|0|837|XA02TEX|EV001311|1.0|1.0|0.0|0.0|0.0|QROCK3X8|EV001215|1.0|1.0|301.887308807|-1536.0|-700.0|-700.0|-496.0|-496.0|128.0|128.0|128.0|128.0
UTNTSkyEdge_tnt02_3393_0_terrain_1_1|3393|0|2|814|837|2048.0|4064.0|1984.0|4032.0|2016.2236067977499|4047.5527864045002|-496.0|-496.0|-496.0|QROCK3|XA02TEX|1.0|1.0|0.0|0.0|8|gravel|EV001311|SG000871|SG000872|201|1|1|837|XA02TEX|EV001311|1.0|1.0|0.0|0.0|0.0|QROCK3X8|EV001215|1.0|1.0|301.887308807|-1536.0|-700.0|-700.0|-496.0|-496.0|128.0|128.0|128.0|128.0
UTNTSkyEdge_tnt02_3394_0_terrain_1_0|3394|0|2|814|837|1952.0|3968.0|1984.0|3872.0|1967.5256583509747|3919.8418861169916|-496.0|-496.0|-496.0|QROCK3|QROCK3X8|1.0|1.0|444.995659367|-1536.0|8|rock|EV001216|SG000793|SG000874|194|1|0|837|XA02TEX|EV001311|1.0|1.0|0.0|0.0|0.0|QROCK3X8|EV001216|1.0|1.0|444.995659367|-1536.0|-700.0|-700.0|-496.0|-496.0|128.0|128.0|128.0|128.0
UTNTSkyEdge_tnt02_3394_0_terrain_1_1|3394|0|2|814|837|1952.0|3968.0|1984.0|3872.0|1968.4743416490253|3920.1581138830084|-496.0|-496.0|-496.0|QROCK3|XA02TEX|1.0|1.0|0.0|0.0|8|gravel|EV001311|SG000871|SG000872|201|1|1|837|XA02TEX|EV001311|1.0|1.0|0.0|0.0|0.0|QROCK3X8|EV001216|1.0|1.0|444.995659367|-1536.0|-700.0|-700.0|-496.0|-496.0|128.0|128.0|128.0|128.0
UTNTSkyEdge_tnt02_3395_0_terrain_1_0|3395|0|2|814|837|2080.0|3840.0|2144.0|3904.0|2112.3535533905933|3871.6464466094067|-496.0|-496.0|-496.0|QROCK3|QROCK3X8|1.0|1.0|0.0|-1536.0|8|rock|EV001217|SG000793|SG000875|194|1|0|837|XA02TEX|EV001311|1.0|1.0|0.0|0.0|0.0|QROCK3X8|EV001217|1.0|1.0|0.0|-1536.0|-700.0|-700.0|-496.0|-496.0|128.0|128.0|128.0|128.0
UTNTSkyEdge_tnt02_3395_0_terrain_1_1|3395|0|2|814|837|2080.0|3840.0|2144.0|3904.0|2111.6464466094067|3872.3535533905933|-496.0|-496.0|-496.0|QROCK3|XA02TEX|1.0|1.0|0.0|0.0|8|gravel|EV001311|SG000871|SG000872|201|1|1|837|XA02TEX|EV001311|1.0|1.0|0.0|0.0|0.0|QROCK3X8|EV001217|1.0|1.0|0.0|-1536.0|-700.0|-700.0|-496.0|-496.0|128.0|128.0|128.0|128.0
UTNTSkyEdge_tnt02_3396_0_terrain_1_0|3396|0|2|814|837|1984.0|3872.0|2080.0|3840.0|2031.8418861169916|3855.525658350975|-496.0|-496.0|-496.0|QROCK3|QROCK3X8|1.0|1.0|546.188544492|-1536.0|8|rock|EV001218|SG000793|SG000876|194|1|0|837|XA02TEX|EV001311|1.0|1.0|0.0|0.0|0.0|QROCK3X8|EV001218|1.0|1.0|546.188544492|-1536.0|-700.0|-700.0|-496.0|-496.0|128.0|128.0|128.0|128.0
UTNTSkyEdge_tnt02_3396_0_terrain_1_1|3396|0|2|814|837|1984.0|3872.0|2080.0|3840.0|2032.1581138830084|3856.474341649025|-496.0|-496.0|-496.0|QROCK3|XA02TEX|1.0|1.0|0.0|0.0|8|gravel|EV001311|SG000871|SG000872|201|1|1|837|XA02TEX|EV001311|1.0|1.0|0.0|0.0|0.0|QROCK3X8|EV001218|1.0|1.0|546.188544492|-1536.0|-700.0|-700.0|-496.0|-496.0|128.0|128.0|128.0|128.0
UTNTSkyEdge_tnt02_3396_0_terrain_2_1|3396|0|2|814|814|1984.0|3872.0|2080.0|3840.0|2031.8418861169916|3855.525658350975|-700.0|-700.0|-700.0|QROCK3|XA02TEX|1.0|1.0|0.0|0.0|14|gravel|EV001106|SG000877|SG000878|194|2|1|814|XA02TEX|EV001106|1.0|1.0|0.0|0.0|0.0|QROCK3X8|EV001218|1.0|1.0|546.188544492|-1536.0|-700.0|-700.0|-496.0|-496.0|128.0|128.0|128.0|128.0
UTNTSkyEdge_tnt02_3397_0_terrain_1_0|3397|0|2|814|837|1984.0|4032.0|1952.0|3968.0|1967.5527864045|4000.22360679775|-496.0|-496.0|-496.0|QROCK3|QROCK3X8|1.0|1.0|373.441484087|-1536.0|8|rock|EV001219|SG000793|SG000879|194|1|0|837|XA02TEX|EV001311|1.0|1.0|0.0|0.0|0.0|QROCK3X8|EV001219|1.0|1.0|373.441484087|-1536.0|-700.0|-700.0|-496.0|-496.0|128.0|128.0|128.0|128.0
UTNTSkyEdge_tnt02_3397_0_terrain_1_1|3397|0|2|814|837|1984.0|4032.0|1952.0|3968.0|1968.4472135955|3999.77639320225|-496.0|-496.0|-496.0|QROCK3|XA02TEX|1.0|1.0|0.0|0.0|8|gravel|EV001311|SG000871|SG000872|201|1|1|837|XA02TEX|EV001311|1.0|1.0|0.0|0.0|0.0|QROCK3X8|EV001219|1.0|1.0|373.441484087|-1536.0|-700.0|-700.0|-496.0|-496.0|128.0|128.0|128.0|128.0
UTNTSkyEdge_tnt02_3398_0_terrain_1_0|3398|0|2|814|837|2144.0|4000.0|2048.0|4064.0|2096.2773500981125|4032.416025147169|-496.0|-496.0|-496.0|QROCK3|QROCK3X8|1.0|1.0|186.509667992|-1536.0|8|rock|EV001220|SG000793|SG000880|194|1|0|837|XA02TEX|EV001311|1.0|1.0|0.0|0.0|0.0|QROCK3X8|EV001220|1.0|1.0|186.509667992|-1536.0|-700.0|-700.0|-496.0|-496.0|128.0|128.0|128.0|128.0
UTNTSkyEdge_tnt02_3398_0_terrain_1_1|3398|0|2|814|837|2144.0|4000.0|2048.0|4064.0|2095.7226499018875|4031.583974852831|-496.0|-496.0|-496.0|QROCK3|XA02TEX|1.0|1.0|0.0|0.0|8|gravel|EV001311|SG000871|SG000872|201|1|1|837|XA02TEX|EV001311|1.0|1.0|0.0|0.0|0.0|QROCK3X8|EV001220|1.0|1.0|186.509667992|-1536.0|-700.0|-700.0|-496.0|-496.0|128.0|128.0|128.0|128.0
UTNTSkyEdge_tnt02_3399_0_terrain_1_0|3399|0|2|814|837|2144.0|3904.0|2144.0|3968.0|2144.5|3936.0|-496.0|-496.0|-496.0|QROCK3|QROCK3X8|1.0|1.0|90.509667992|-1536.0|8|rock|EV001221|SG000793|SG000881|194|1|0|837|XA02TEX|EV001311|1.0|1.0|0.0|0.0|0.0|QROCK3X8|EV001221|1.0|1.0|90.509667992|-1536.0|-700.0|-700.0|-496.0|-496.0|128.0|128.0|128.0|128.0
UTNTSkyEdge_tnt02_3399_0_terrain_1_1|3399|0|2|814|837|2144.0|3904.0|2144.0|3968.0|2143.5|3936.0|-496.0|-496.0|-496.0|QROCK3|XA02TEX|1.0|1.0|0.0|0.0|8|gravel|EV001311|SG000871|SG000872|201|1|1|837|XA02TEX|EV001311|1.0|1.0|0.0|0.0|0.0|QROCK3X8|EV001221|1.0|1.0|90.509667992|-1536.0|-700.0|-700.0|-496.0|-496.0|128.0|128.0|128.0|128.0
UTNTSkyEdge_tnt02_3400_0_terrain_1_0|3400|0|2|814|838|2272.0|4288.0|2272.0|4320.0|2272.5|4304.0|-496.0|-496.0|-496.0|QROCK3|QROCK3X8|1.0|1.0|154.509667992|-1536.0|8|rock|EV001222|SG000793|SG000882|194|1|0|838|XA02TEX|EV001312|1.0|1.0|0.0|0.0|0.0|QROCK3X8|EV001222|1.0|1.0|154.509667992|-1536.0|-700.0|-700.0|-496.0|-496.0|128.0|128.0|128.0|128.0
UTNTSkyEdge_tnt02_3400_0_terrain_1_1|3400|0|2|814|838|2272.0|4288.0|2272.0|4320.0|2271.5|4304.0|-496.0|-496.0|-496.0|QROCK3|XA02TEX|1.0|1.0|0.0|0.0|8|gravel|EV001312|SG000883|SG000884|202|1|1|838|XA02TEX|EV001312|1.0|1.0|0.0|0.0|0.0|QROCK3X8|EV001222|1.0|1.0|154.509667992|-1536.0|-700.0|-700.0|-496.0|-496.0|128.0|128.0|128.0|128.0
UTNTSkyEdge_tnt02_3401_0_terrain_1_0|3401|0|2|814|838|2176.0|4384.0|2112.0|4352.0|2143.77639320225|4368.4472135955|-496.0|-496.0|-496.0|QROCK3|QROCK3X8|1.0|1.0|301.887308807|-1536.0|8|rock|EV001223|SG000793|SG000885|194|1|0|838|XA02TEX|EV001312|1.0|1.0|0.0|0.0|0.0|QROCK3X8|EV001223|1.0|1.0|301.887308807|-1536.0|-700.0|-700.0|-496.0|-496.0|128.0|128.0|128.0|128.0
UTNTSkyEdge_tnt02_3401_0_terrain_1_1|3401|0|2|814|838|2176.0|4384.0|2112.0|4352.0|2144.22360679775|4367.5527864045|-496.0|-496.0|-496.0|QROCK3|XA02TEX|1.0|1.0|0.0|0.0|8|gravel|EV001312|SG000883|SG000884|202|1|1|838|XA02TEX|EV001312|1.0|1.0|0.0|0.0|0.0|QROCK3X8|EV001223|1.0|1.0|301.887308807|-1536.0|-700.0|-700.0|-496.0|-496.0|128.0|128.0|128.0|128.0
UTNTSkyEdge_tnt02_3402_0_terrain_1_0|3402|0|2|814|838|2080.0|4288.0|2112.0|4192.0|2095.525658350975|4239.841886116991|-496.0|-496.0|-496.0|QROCK3|QROCK3X8|1.0|1.0|444.995659367|-1536.0|8|rock|EV001224|SG000793|SG000886|194|1|0|838|XA02TEX|EV001312|1.0|1.0|0.0|0.0|0.0|QROCK3X8|EV001224|1.0|1.0|444.995659367|-1536.0|-700.0|-700.0|-496.0|-496.0|128.0|128.0|128.0|128.0
UTNTSkyEdge_tnt02_3402_0_terrain_1_1|3402|0|2|814|838|2080.0|4288.0|2112.0|4192.0|2096.474341649025|4240.158113883009|-496.0|-496.0|-496.0|QROCK3|XA02TEX|1.0|1.0|0.0|0.0|8|gravel|EV001312|SG000883|SG000884|202|1|1|838|XA02TEX|EV001312|1.0|1.0|0.0|0.0|0.0|QROCK3X8|EV001224|1.0|1.0|444.995659367|-1536.0|-700.0|-700.0|-496.0|-496.0|128.0|128.0|128.0|128.0
UTNTSkyEdge_tnt02_3403_0_terrain_1_0|3403|0|2|814|838|2208.0|4160.0|2272.0|4224.0|2240.3535533905933|4191.646446609407|-496.0|-496.0|-496.0|QROCK3|QROCK3X8|1.0|1.0|0.0|-1536.0|8|rock|EV001225|SG000793|SG000887|194|1|0|838|XA02TEX|EV001312|1.0|1.0|0.0|0.0|0.0|QROCK3X8|EV001225|1.0|1.0|0.0|-1536.0|-700.0|-700.0|-496.0|-496.0|128.0|128.0|128.0|128.0
UTNTSkyEdge_tnt02_3403_0_terrain_1_1|3403|0|2|814|838|2208.0|4160.0|2272.0|4224.0|2239.6464466094067|4192.353553390593|-496.0|-496.0|-496.0|QROCK3|XA02TEX|1.0|1.0|0.0|0.0|8|gravel|EV001312|SG000883|SG000884|202|1|1|838|XA02TEX|EV001312|1.0|1.0|0.0|0.0|0.0|QROCK3X8|EV001225|1.0|1.0|0.0|-1536.0|-700.0|-700.0|-496.0|-496.0|128.0|128.0|128.0|128.0
UTNTSkyEdge_tnt02_3404_0_terrain_1_0|3404|0|2|814|838|2112.0|4192.0|2208.0|4160.0|2159.8418861169916|4175.5256583509745|-496.0|-496.0|-496.0|QROCK3|QROCK3X8|1.0|1.0|546.188544492|-1536.0|8|rock|EV001226|SG000793|SG000888|194|1|0|838|XA02TEX|EV001312|1.0|1.0|0.0|0.0|0.0|QROCK3X8|EV001226|1.0|1.0|546.188544492|-1536.0|-700.0|-700.0|-496.0|-496.0|128.0|128.0|128.0|128.0
UTNTSkyEdge_tnt02_3404_0_terrain_1_1|3404|0|2|814|838|2112.0|4192.0|2208.0|4160.0|2160.1581138830084|4176.4743416490255|-496.0|-496.0|-496.0|QROCK3|XA02TEX|1.0|1.0|0.0|0.0|8|gravel|EV001312|SG000883|SG000884|202|1|1|838|XA02TEX|EV001312|1.0|1.0|0.0|0.0|0.0|QROCK3X8|EV001226|1.0|1.0|546.188544492|-1536.0|-700.0|-700.0|-496.0|-496.0|128.0|128.0|128.0|128.0
UTNTSkyEdge_tnt02_3405_0_terrain_1_0|3405|0|2|814|838|2112.0|4352.0|2080.0|4288.0|2095.5527864045002|4320.22360679775|-496.0|-496.0|-496.0|QROCK3|QROCK3X8|1.0|1.0|373.441484087|-1536.0|8|rock|EV001227|SG000793|SG000889|194|1|0|838|XA02TEX|EV001312|1.0|1.0|0.0|0.0|0.0|QROCK3X8|EV001227|1.0|1.0|373.441484087|-1536.0|-700.0|-700.0|-496.0|-496.0|128.0|128.0|128.0|128.0
UTNTSkyEdge_tnt02_3405_0_terrain_1_1|3405|0|2|814|838|2112.0|4352.0|2080.0|4288.0|2096.4472135954998|4319.77639320225|-496.0|-496.0|-496.0|QROCK3|XA02TEX|1.0|1.0|0.0|0.0|8|gravel|EV001312|SG000883|SG000884|202|1|1|838|XA02TEX|EV001312|1.0|1.0|0.0|0.0|0.0|QROCK3X8|EV001227|1.0|1.0|373.441484087|-1536.0|-700.0|-700.0|-496.0|-496.0|128.0|128.0|128.0|128.0
UTNTSkyEdge_tnt02_3406_0_terrain_1_0|3406|0|2|814|838|2272.0|4320.0|2176.0|4384.0|2224.2773500981125|4352.4160251471685|-496.0|-496.0|-496.0|QROCK3|QROCK3X8|1.0|1.0|186.509667992|-1536.0|8|rock|EV001228|SG000793|SG000890|194|1|0|838|XA02TEX|EV001312|1.0|1.0|0.0|0.0|0.0|QROCK3X8|EV001228|1.0|1.0|186.509667992|-1536.0|-700.0|-700.0|-496.0|-496.0|128.0|128.0|128.0|128.0
UTNTSkyEdge_tnt02_3406_0_terrain_1_1|3406|0|2|814|838|2272.0|4320.0|2176.0|4384.0|2223.7226499018875|4351.5839748528315|-496.0|-496.0|-496.0|QROCK3|XA02TEX|1.0|1.0|0.0|0.0|8|gravel|EV001312|SG000883|SG000884|202|1|1|838|XA02TEX|EV001312|1.0|1.0|0.0|0.0|0.0|QROCK3X8|EV001228|1.0|1.0|186.509667992|-1536.0|-700.0|-700.0|-496.0|-496.0|128.0|128.0|128.0|128.0
UTNTSkyEdge_tnt02_3407_0_terrain_1_0|3407|0|2|814|838|2272.0|4224.0|2272.0|4288.0|2272.5|4256.0|-496.0|-496.0|-496.0|QROCK3|QROCK3X8|1.0|1.0|90.509667992|-1536.0|8|rock|EV001229|SG000793|SG000891|194|1|0|838|XA02TEX|EV001312|1.0|1.0|0.0|0.0|0.0|QROCK3X8|EV001229|1.0|1.0|90.509667992|-1536.0|-700.0|-700.0|-496.0|-496.0|128.0|128.0|128.0|128.0
UTNTSkyEdge_tnt02_3407_0_terrain_1_1|3407|0|2|814|838|2272.0|4224.0|2272.0|4288.0|2271.5|4256.0|-496.0|-496.0|-496.0|QROCK3|XA02TEX|1.0|1.0|0.0|0.0|8|gravel|EV001312|SG000883|SG000884|202|1|1|838|XA02TEX|EV001312|1.0|1.0|0.0|0.0|0.0|QROCK3X8|EV001229|1.0|1.0|90.509667992|-1536.0|-700.0|-700.0|-496.0|-496.0|128.0|128.0|128.0|128.0
UTNTSkyEdge_tnt02_3408_0_terrain_1_0|3408|0|2|814|839|2528.0|4544.0|2528.0|4576.0|2528.5|4560.0|-496.0|-496.0|-496.0|QROCK3|QROCK3X8|1.0|1.0|154.509667992|-1536.0|8|rock|EV001230|SG000793|SG000892|194|1|0|839|XA02TEX|EV001313|1.0|1.0|0.0|0.0|0.0|QROCK3X8|EV001230|1.0|1.0|154.509667992|-1536.0|-700.0|-700.0|-496.0|-496.0|128.0|128.0|128.0|128.0
UTNTSkyEdge_tnt02_3408_0_terrain_1_1|3408|0|2|814|839|2528.0|4544.0|2528.0|4576.0|2527.5|4560.0|-496.0|-496.0|-496.0|QROCK3|XA02TEX|1.0|1.0|0.0|0.0|8|gravel|EV001313|SG000893|SG000894|203|1|1|839|XA02TEX|EV001313|1.0|1.0|0.0|0.0|0.0|QROCK3X8|EV001230|1.0|1.0|154.509667992|-1536.0|-700.0|-700.0|-496.0|-496.0|128.0|128.0|128.0|128.0
UTNTSkyEdge_tnt02_3409_0_terrain_1_0|3409|0|2|814|839|2432.0|4640.0|2368.0|4608.0|2399.77639320225|4624.4472135955|-496.0|-496.0|-496.0|QROCK3|QROCK3X8|1.0|1.0|301.887308807|-1536.0|8|rock|EV001231|SG000793|SG000895|194|1|0|839|XA02TEX|EV001313|1.0|1.0|0.0|0.0|0.0|QROCK3X8|EV001231|1.0|1.0|301.887308807|-1536.0|-700.0|-700.0|-496.0|-496.0|128.0|128.0|128.0|128.0
UTNTSkyEdge_tnt02_3409_0_terrain_1_1|3409|0|2|814|839|2432.0|4640.0|2368.0|4608.0|2400.22360679775|4623.5527864045|-496.0|-496.0|-496.0|QROCK3|XA02TEX|1.0|1.0|0.0|0.0|8|gravel|EV001313|SG000893|SG000894|203|1|1|839|XA02TEX|EV001313|1.0|1.0|0.0|0.0|0.0|QROCK3X8|EV001231|1.0|1.0|301.887308807|-1536.0|-700.0|-700.0|-496.0|-496.0|128.0|128.0|128.0|128.0
UTNTSkyEdge_tnt02_3410_0_terrain_1_0|3410|0|2|814|839|2336.0|4544.0|2368.0|4448.0|2351.525658350975|4495.841886116991|-496.0|-496.0|-496.0|QROCK3|QROCK3X8|1.0|1.0|444.995659367|-1536.0|8|rock|EV001232|SG000793|SG000896|194|1|0|839|XA02TEX|EV001313|1.0|1.0|0.0|0.0|0.0|QROCK3X8|EV001232|1.0|1.0|444.995659367|-1536.0|-700.0|-700.0|-496.0|-496.0|128.0|128.0|128.0|128.0
UTNTSkyEdge_tnt02_3410_0_terrain_1_1|3410|0|2|814|839|2336.0|4544.0|2368.0|4448.0|2352.474341649025|4496.158113883009|-496.0|-496.0|-496.0|QROCK3|XA02TEX|1.0|1.0|0.0|0.0|8|gravel|EV001313|SG000893|SG000894|203|1|1|839|XA02TEX|EV001313|1.0|1.0|0.0|0.0|0.0|QROCK3X8|EV001232|1.0|1.0|444.995659367|-1536.0|-700.0|-700.0|-496.0|-496.0|128.0|128.0|128.0|128.0
UTNTSkyEdge_tnt02_3410_0_terrain_2_1|3410|0|2|814|814|2336.0|4544.0|2368.0|4448.0|2351.525658350975|4495.841886116991|-700.0|-700.0|-700.0|QROCK3|XA02TEX|1.0|1.0|0.0|0.0|14|gravel|EV001106|SG000897|SG000898|194|2|1|814|XA02TEX|EV001106|1.0|1.0|0.0|0.0|0.0|QROCK3X8|EV001232|1.0|1.0|444.995659367|-1536.0|-700.0|-700.0|-496.0|-496.0|128.0|128.0|128.0|128.0
UTNTSkyEdge_tnt02_3411_0_terrain_1_0|3411|0|2|814|839|2464.0|4416.0|2528.0|4480.0|2496.3535533905933|4447.646446609407|-496.0|-496.0|-496.0|QROCK3|QROCK3X8|1.0|1.0|0.0|-1536.0|8|rock|EV001233|SG000793|SG000899|194|1|0|839|XA02TEX|EV001313|1.0|1.0|0.0|0.0|0.0|QROCK3X8|EV001233|1.0|1.0|0.0|-1536.0|-700.0|-700.0|-496.0|-496.0|128.0|128.0|128.0|128.0
UTNTSkyEdge_tnt02_3411_0_terrain_1_1|3411|0|2|814|839|2464.0|4416.0|2528.0|4480.0|2495.6464466094067|4448.353553390593|-496.0|-496.0|-496.0|QROCK3|XA02TEX|1.0|1.0|0.0|0.0|8|gravel|EV001313|SG000893|SG000894|203|1|1|839|XA02TEX|EV001313|1.0|1.0|0.0|0.0|0.0|QROCK3X8|EV001233|1.0|1.0|0.0|-1536.0|-700.0|-700.0|-496.0|-496.0|128.0|128.0|128.0|128.0
UTNTSkyEdge_tnt02_3412_0_terrain_1_0|3412|0|2|814|839|2368.0|4448.0|2464.0|4416.0|2415.8418861169916|4431.5256583509745|-496.0|-496.0|-496.0|QROCK3|QROCK3X8|1.0|1.0|546.188544492|-1536.0|8|rock|EV001234|SG000793|SG000900|194|1|0|839|XA02TEX|EV001313|1.0|1.0|0.0|0.0|0.0|QROCK3X8|EV001234|1.0|1.0|546.188544492|-1536.0|-700.0|-700.0|-496.0|-496.0|128.0|128.0|128.0|128.0
UTNTSkyEdge_tnt02_3412_0_terrain_1_1|3412|0|2|814|839|2368.0|4448.0|2464.0|4416.0|2416.1581138830084|4432.4743416490255|-496.0|-496.0|-496.0|QROCK3|XA02TEX|1.0|1.0|0.0|0.0|8|gravel|EV001313|SG000893|SG000894|203|1|1|839|XA02TEX|EV001313|1.0|1.0|0.0|0.0|0.0|QROCK3X8|EV001234|1.0|1.0|546.188544492|-1536.0|-700.0|-700.0|-496.0|-496.0|128.0|128.0|128.0|128.0
UTNTSkyEdge_tnt02_3412_0_terrain_2_1|3412|0|2|814|814|2368.0|4448.0|2464.0|4416.0|2415.8418861169916|4431.5256583509745|-700.0|-700.0|-700.0|QROCK3|XA02TEX|1.0|1.0|0.0|0.0|14|gravel|EV001106|SG000901|SG000902|194|2|1|814|XA02TEX|EV001106|1.0|1.0|0.0|0.0|0.0|QROCK3X8|EV001234|1.0|1.0|546.188544492|-1536.0|-700.0|-700.0|-496.0|-496.0|128.0|128.0|128.0|128.0
UTNTSkyEdge_tnt02_3413_0_terrain_1_0|3413|0|2|814|839|2368.0|4608.0|2336.0|4544.0|2351.5527864045002|4576.22360679775|-496.0|-496.0|-496.0|QROCK3|QROCK3X8|1.0|1.0|373.441484087|-1536.0|8|rock|EV001235|SG000793|SG000903|194|1|0|839|XA02TEX|EV001313|1.0|1.0|0.0|0.0|0.0|QROCK3X8|EV001235|1.0|1.0|373.441484087|-1536.0|-700.0|-700.0|-496.0|-496.0|128.0|128.0|128.0|128.0
UTNTSkyEdge_tnt02_3413_0_terrain_1_1|3413|0|2|814|839|2368.0|4608.0|2336.0|4544.0|2352.4472135954998|4575.77639320225|-496.0|-496.0|-496.0|QROCK3|XA02TEX|1.0|1.0|0.0|0.0|8|gravel|EV001313|SG000893|SG000894|203|1|1|839|XA02TEX|EV001313|1.0|1.0|0.0|0.0|0.0|QROCK3X8|EV001235|1.0|1.0|373.441484087|-1536.0|-700.0|-700.0|-496.0|-496.0|128.0|128.0|128.0|128.0
UTNTSkyEdge_tnt02_3414_0_terrain_1_0|3414|0|2|814|839|2528.0|4576.0|2432.0|4640.0|2480.2773500981125|4608.4160251471685|-496.0|-496.0|-496.0|QROCK3|QROCK3X8|1.0|1.0|186.509667992|-1536.0|8|rock|EV001236|SG000793|SG000904|194|1|0|839|XA02TEX|EV001313|1.0|1.0|0.0|0.0|0.0|QROCK3X8|EV001236|1.0|1.0|186.509667992|-1536.0|-700.0|-700.0|-496.0|-496.0|128.0|128.0|128.0|128.0
UTNTSkyEdge_tnt02_3414_0_terrain_1_1|3414|0|2|814|839|2528.0|4576.0|2432.0|4640.0|2479.7226499018875|4607.5839748528315|-496.0|-496.0|-496.0|QROCK3|XA02TEX|1.0|1.0|0.0|0.0|8|gravel|EV001313|SG000893|SG000894|203|1|1|839|XA02TEX|EV001313|1.0|1.0|0.0|0.0|0.0|QROCK3X8|EV001236|1.0|1.0|186.509667992|-1536.0|-700.0|-700.0|-496.0|-496.0|128.0|128.0|128.0|128.0
UTNTSkyEdge_tnt02_3414_0_terrain_2_1|3414|0|2|814|814|2528.0|4576.0|2432.0|4640.0|2480.2773500981125|4608.4160251471685|-700.0|-700.0|-700.0|QROCK3|XA02TEX|1.0|1.0|0.0|0.0|14|gravel|EV001106|SG000905|SG000906|194|2|1|814|XA02TEX|EV001106|1.0|1.0|0.0|0.0|0.0|QROCK3X8|EV001236|1.0|1.0|186.509667992|-1536.0|-700.0|-700.0|-496.0|-496.0|128.0|128.0|128.0|128.0
UTNTSkyEdge_tnt02_3415_0_terrain_1_0|3415|0|2|814|839|2528.0|4480.0|2528.0|4544.0|2528.5|4512.0|-496.0|-496.0|-496.0|QROCK3|QROCK3X8|1.0|1.0|90.509667992|-1536.0|8|rock|EV001237|SG000793|SG000907|194|1|0|839|XA02TEX|EV001313|1.0|1.0|0.0|0.0|0.0|QROCK3X8|EV001237|1.0|1.0|90.509667992|-1536.0|-700.0|-700.0|-496.0|-496.0|128.0|128.0|128.0|128.0
UTNTSkyEdge_tnt02_3415_0_terrain_1_1|3415|0|2|814|839|2528.0|4480.0|2528.0|4544.0|2527.5|4512.0|-496.0|-496.0|-496.0|QROCK3|XA02TEX|1.0|1.0|0.0|0.0|8|gravel|EV001313|SG000893|SG000894|203|1|1|839|XA02TEX|EV001313|1.0|1.0|0.0|0.0|0.0|QROCK3X8|EV001237|1.0|1.0|90.509667992|-1536.0|-700.0|-700.0|-496.0|-496.0|128.0|128.0|128.0|128.0
UTNTSkyEdge_tnt02_3416_0_terrain_1_0|3416|0|2|1842|1843|1920.0|4816.0|1984.0|4884.0|1952.3640999963463|4849.657317650497|-66.0|-66.0|-66.0|QROCK3|QROCK3X8|1.0|1.0|86.162636914|66.0|8|rock|EV001464|SG000413|SG000908|158|1|0|1843|XA02TEX|EV001477|1.0|1.0|0.0|0.0|0.0|QROCK3X8|EV001464|1.0|1.0|86.162636914|66.0|-128.0|-128.0|-66.0|-66.0|128.0|128.0|128.0|128.0
UTNTSkyEdge_tnt02_3416_0_terrain_1_1|3416|0|2|1842|1843|1920.0|4816.0|1984.0|4884.0|1951.6359000036537|4850.342682349503|-66.0|-66.0|-66.0|QROCK3|XA02TEX|1.0|1.0|0.0|0.0|8|gravel|EV001477|SG000909|SG000910|159|1|1|1843|XA02TEX|EV001477|1.0|1.0|0.0|0.0|0.0|QROCK3X8|EV001464|1.0|1.0|86.162636914|66.0|-128.0|-128.0|-66.0|-66.0|128.0|128.0|128.0|128.0
UTNTSkyEdge_tnt02_3417_0_terrain_1_0|3417|0|2|1842|1845|1488.0|4704.0|1472.0|4768.0|1480.4850712500727|4736.121267812518|-2.0|-2.0|-2.0|QROCK3|QROCK3X8|1.0|1.0|160.0|2.0|8|rock|EV001465|SG000413|SG000911|158|1|0|1845|XA02TEX|-|1.0|1.0|0.0|0.0|0.0|QROCK3X8|EV001465|1.0|1.0|160.0|2.0|-128.0|-128.0|-2.0|-2.0|128.0|128.0|128.0|128.0
UTNTSkyEdge_tnt02_3417_0_terrain_1_1|3417|0|2|1842|1845|1488.0|4704.0|1472.0|4768.0|1479.5149287499273|4735.878732187482|-2.0|-2.0|-2.0|QROCK3|XA02TEX|1.0|1.0|0.0|0.0|8|gravel|-|SG000912|-|161|1|1|1845|XA02TEX|-|1.0|1.0|0.0|0.0|0.0|QROCK3X8|EV001465|1.0|1.0|160.0|2.0|-128.0|-128.0|-2.0|-2.0|128.0|128.0|128.0|128.0
UTNTSkyEdge_tnt02_3418_0_terrain_1_0|3418|0|2|1842|1825|1696.0|4768.0|1792.0|4800.0|1744.1581138830084|4783.5256583509745|-2.0|-2.0|-2.0|QROCK3|QROCK3X8|1.0|1.0|115.377640815|2.0|8|rock|EV001466|SG000413|SG000913|158|1|0|1825|XA02TEX|EV001390|1.0|1.0|0.0|0.0|0.0|QROCK3X8|EV001466|1.0|1.0|115.377640815|2.0|-128.0|-128.0|-2.0|-2.0|128.0|128.0|128.0|128.0
UTNTSkyEdge_tnt02_3418_0_terrain_1_1|3418|0|2|1842|1825|1696.0|4768.0|1792.0|4800.0|1743.8418861169916|4784.4743416490255|-2.0|-2.0|-2.0|QROCK3|XA02TEX|1.0|1.0|0.0|0.0|8|gravel|EV001390|SG000914|SG000915|160|1|1|1825|XA02TEX|EV001390|1.0|1.0|0.0|0.0|0.0|QROCK3X8|EV001466|1.0|1.0|115.377640815|2.0|-128.0|-128.0|-2.0|-2.0|128.0|128.0|128.0|128.0
UTNTSkyEdge_tnt02_3418_0_terrain_2_1|3418|0|2|1842|1842|1696.0|4768.0|1792.0|4800.0|1744.1581138830084|4783.5256583509745|-128.0|-128.0|-128.0|QROCK3|XA02TEX|1.0|1.0|0.0|0.0|14|gravel|EV001463|SG000916|SG000917|158|2|1|1842|XA02TEX|EV001463|1.0|1.0|0.0|0.0|0.0|QROCK3X8|EV001466|1.0|1.0|115.377640815|2.0|-128.0|-128.0|-2.0|-2.0|128.0|128.0|128.0|128.0
UTNTSkyEdge_tnt02_3420_0_terrain_1_0|3420|0|2|1842|1844|1280.0|4544.0|1360.0|4608.0|1320.3123475237771|4575.609565595279|-66.0|-66.0|-66.0|QROCK3|QROCK3X8|1.0|1.0|64.0|66.0|8|rock|EV001467|SG000413|SG000918|158|1|0|1844|XA02TEX|-|1.0|1.0|0.0|0.0|0.0|QROCK3X8|EV001467|1.0|1.0|64.0|66.0|-128.0|-128.0|-66.0|-66.0|128.0|128.0|128.0|128.0
UTNTSkyEdge_tnt02_3420_0_terrain_1_1|3420|0|2|1842|1844|1280.0|4544.0|1360.0|4608.0|1319.6876524762229|4576.390434404721|-66.0|-66.0|-66.0|QROCK3|XA02TEX|1.0|1.0|0.0|0.0|8|gravel|-|SG000919|-|162|1|1|1844|XA02TEX|-|1.0|1.0|0.0|0.0|0.0|QROCK3X8|EV001467|1.0|1.0|64.0|66.0|-128.0|-128.0|-66.0|-66.0|128.0|128.0|128.0|128.0
UTNTSkyEdge_tnt02_3423_0_terrain_2_1|3423|0|1|1842|1842|1344.0|4360.0|1248.0|4384.0|1296.1212678125182|4372.485071250073|-128.0|-128.0|-128.0|QROCK3|XA02TEX|1.0|1.0|0.0|0.0|14|gravel|EV001463|SG000920|SG000921|158|2|1|1842|XA02TEX|EV001463|1.0|1.0|0.0|0.0|0.0|QROCK3X8|EV001468|1.0|1.0|65.0|0.0|-128.0|-128.0|0|0|128.0|128.0|0|0
UTNTSkyEdge_tnt02_3425_0_terrain_2_1|3425|0|1|1825|1825|1600.0|4832.0|1888.0|4896.0|1744.1084652289094|4863.511906469908|-2.0|-2.0|-2.0|QROCK3|XA02TEX|1.0|1.0|0.0|0.0|14|gravel|EV001390|SG000922|SG000923|160|2|1|1825|XA02TEX|EV001390|1.0|1.0|0.0|0.0|0.0|QROCK3X8|EV001391|1.0|1.0|50.0|0.0|-2.0|-2.0|0|0|128.0|128.0|0|0
UTNTSkyEdge_tnt02_3434_1_terrain_1_0|3434|1|2|1844|1845|1344.0|4704.0|1360.0|4608.0|1351.506803038084|4655.917800506348|-2.0|-2.0|-2.0|QROCK3|QROCK3X8|1.0|1.0|0.0|2.0|8|rock|-|SG000421|-|162|1|0|1845|XA02TEX|-|1.0|1.0|0.0|0.0|0.0|QROCK3X8|-|1.0|1.0|0.0|2.0|-66.0|-66.0|-2.0|-2.0|128.0|128.0|128.0|128.0
UTNTSkyEdge_tnt02_3434_1_terrain_1_1|3434|1|2|1844|1845|1344.0|4704.0|1360.0|4608.0|1352.493196961916|4656.082199493652|-2.0|-2.0|-2.0|QROCK3|XA02TEX|1.0|1.0|0.0|0.0|8|gravel|-|SG000912|-|161|1|1|1845|XA02TEX|-|1.0|1.0|0.0|0.0|0.0|QROCK3X8|-|1.0|1.0|0.0|2.0|-66.0|-66.0|-2.0|-2.0|128.0|128.0|128.0|128.0
UTNTSkyEdge_tnt02_3434_1_terrain_2_1|3434|1|2|1844|1844|1344.0|4704.0|1360.0|4608.0|1351.506803038084|4655.917800506348|-66.0|-66.0|-66.0|QROCK3|XA02TEX|1.0|1.0|0.0|0.0|14|gravel|-|SG000924|-|162|2|1|1844|XA02TEX|-|1.0|1.0|0.0|0.0|0.0|QROCK3X8|-|1.0|1.0|0.0|2.0|-66.0|-66.0|-2.0|-2.0|128.0|128.0|128.0|128.0
UTNTSkyEdge_tnt02_3438_0_terrain_1_0|3438|0|2|1842|1825|1792.0|4800.0|1840.0|4848.0|1816.3535533905933|4823.646446609407|-2.0|-2.0|-2.0|QROCK3|QROCK3X8|1.0|1.0|216.57052594|2.0|8|rock|EV001469|SG000413|SG000925|158|1|0|1825|XA02TEX|EV001390|1.0|1.0|0.0|0.0|0.0|QROCK3X8|EV001469|1.0|1.0|216.57052594|2.0|-128.0|-128.0|-2.0|-2.0|128.0|128.0|128.0|128.0
UTNTSkyEdge_tnt02_3438_0_terrain_1_1|3438|0|2|1842|1825|1792.0|4800.0|1840.0|4848.0|1815.6464466094067|4824.353553390593|-2.0|-2.0|-2.0|QROCK3|XA02TEX|1.0|1.0|0.0|0.0|8|gravel|EV001390|SG000914|SG000915|160|1|1|1825|XA02TEX|EV001390|1.0|1.0|0.0|0.0|0.0|QROCK3X8|EV001469|1.0|1.0|216.57052594|2.0|-128.0|-128.0|-2.0|-2.0|128.0|128.0|128.0|128.0
UTNTSkyEdge_tnt02_3448_0_terrain_1_0|3448|0|2|1842|1844|1216.0|4544.0|1280.0|4544.0|1248.0|4543.5|-66.0|-66.0|-66.0|QROCK3|QROCK3X8|1.0|1.0|0.0|66.0|8|rock|EV001470|SG000413|SG000926|158|1|0|1844|XA02TEX|-|1.0|1.0|0.0|0.0|0.0|QROCK3X8|EV001470|1.0|1.0|0.0|66.0|-128.0|-128.0|-66.0|-66.0|128.0|128.0|128.0|128.0
UTNTSkyEdge_tnt02_3448_0_terrain_1_1|3448|0|2|1842|1844|1216.0|4544.0|1280.0|4544.0|1248.0|4544.5|-66.0|-66.0|-66.0|QROCK3|XA02TEX|1.0|1.0|0.0|0.0|8|gravel|-|SG000919|-|162|1|1|1844|XA02TEX|-|1.0|1.0|0.0|0.0|0.0|QROCK3X8|EV001470|1.0|1.0|0.0|66.0|-128.0|-128.0|-66.0|-66.0|128.0|128.0|128.0|128.0
UTNTSkyEdge_tnt02_3457_0_terrain_1_0|3457|0|2|1842|1825|1600.0|4832.0|1696.0|4768.0|1647.7226499018873|4799.5839748528315|-2.0|-2.0|-2.0|QROCK3|QROCK3X8|1.0|1.0|0.0|2.0|8|rock|EV001471|SG000413|SG000927|158|1|0|1825|XA02TEX|EV001390|1.0|1.0|0.0|0.0|0.0|QROCK3X8|EV001471|1.0|1.0|0.0|2.0|-128.0|-128.0|-2.0|-2.0|128.0|128.0|128.0|128.0
UTNTSkyEdge_tnt02_3457_0_terrain_1_1|3457|0|2|1842|1825|1600.0|4832.0|1696.0|4768.0|1648.2773500981127|4800.4160251471685|-2.0|-2.0|-2.0|QROCK3|XA02TEX|1.0|1.0|0.0|0.0|8|gravel|EV001390|SG000914|SG000915|160|1|1|1825|XA02TEX|EV001390|1.0|1.0|0.0|0.0|0.0|QROCK3X8|EV001471|1.0|1.0|0.0|2.0|-128.0|-128.0|-2.0|-2.0|128.0|128.0|128.0|128.0
UTNTSkyEdge_tnt02_3465_0_terrain_1_0|3465|0|2|1843|1825|1840.0|4848.0|1888.0|4896.0|1864.3535533905933|4871.646446609407|-2.0|-2.0|-2.0|QROCK3|QROCK3X8|1.0|1.0|0.0|2.0|8|rock|EV001479|SG000415|SG000928|159|1|0|1825|XA02TEX|EV001390|1.0|1.0|0.0|0.0|0.0|QROCK3X8|EV001479|1.0|1.0|0.0|2.0|-66.0|-66.0|-2.0|-2.0|128.0|128.0|128.0|128.0
UTNTSkyEdge_tnt02_3465_0_terrain_1_1|3465|0|2|1843|1825|1840.0|4848.0|1888.0|4896.0|1863.6464466094067|4872.353553390593|-2.0|-2.0|-2.0|QROCK3|XA02TEX|1.0|1.0|0.0|0.0|8|gravel|EV001390|SG000914|SG000915|160|1|1|1825|XA02TEX|EV001390|1.0|1.0|0.0|0.0|0.0|QROCK3X8|EV001479|1.0|1.0|0.0|2.0|-66.0|-66.0|-2.0|-2.0|128.0|128.0|128.0|128.0
UTNTSkyEdge_tnt02_3466_0_terrain_1_0|3466|0|2|1842|1843|1840.0|4848.0|1920.0|4816.0|1879.814304661823|4831.535761654557|-66.0|-66.0|-66.0|QROCK3|QROCK3X8|1.0|1.0|0.0|66.0|8|rock|EV001472|SG000413|SG000929|158|1|0|1843|XA02TEX|EV001477|1.0|1.0|0.0|0.0|0.0|QROCK3X8|EV001472|1.0|1.0|0.0|66.0|-128.0|-128.0|-66.0|-66.0|128.0|128.0|128.0|128.0
UTNTSkyEdge_tnt02_3466_0_terrain_1_1|3466|0|2|1842|1843|1840.0|4848.0|1920.0|4816.0|1880.185695338177|4832.464238345443|-66.0|-66.0|-66.0|QROCK3|XA02TEX|1.0|1.0|0.0|0.0|8|gravel|EV001477|SG000909|SG000910|159|1|1|1843|XA02TEX|EV001477|1.0|1.0|0.0|0.0|0.0|QROCK3X8|EV001472|1.0|1.0|0.0|66.0|-128.0|-128.0|-66.0|-66.0|128.0|128.0|128.0|128.0
UTNTSkyEdge_tnt02_3475_0_terrain_1_0|3475|0|2|1842|1845|1360.0|4608.0|1488.0|4704.0|1424.3|4655.6|-2.0|-2.0|-2.0|QROCK3|QROCK3X8|1.0|1.0|0.0|2.0|8|rock|EV001475|SG000413|SG000930|158|1|0|1845|XA02TEX|-|1.0|1.0|0.0|0.0|0.0|QROCK3X8|EV001475|1.0|1.0|0.0|2.0|-128.0|-128.0|-2.0|-2.0|128.0|128.0|128.0|128.0
UTNTSkyEdge_tnt02_3475_0_terrain_1_1|3475|0|2|1842|1845|1360.0|4608.0|1488.0|4704.0|1423.7|4656.4|-2.0|-2.0|-2.0|QROCK3|XA02TEX|1.0|1.0|0.0|0.0|8|gravel|-|SG000912|-|161|1|1|1845|XA02TEX|-|1.0|1.0|0.0|0.0|0.0|QROCK3X8|EV001475|1.0|1.0|0.0|2.0|-128.0|-128.0|-2.0|-2.0|128.0|128.0|128.0|128.0
UTNTSkyEdge_tnt02_3476_0_terrain_2_1|3476|0|1|1842|1842|1472.0|4768.0|1600.0|4832.0|1536.2236067977499|4799.5527864045|-128.0|-128.0|-128.0|QROCK3|XA02TEX|1.0|1.0|0.0|0.0|14|gravel|EV001463|SG000931|SG000932|158|2|1|1842|XA02TEX|EV001463|1.0|1.0|0.0|0.0|0.0|QROCK3X8|EV001476|1.0|1.0|35.0|0.0|-128.0|-128.0|0|0|128.0|128.0|0|0
UTNTSkyEdge_tnt02_3493_0_terrain_2_1|3493|0|1|721|721|800.0|1960.0|800.0|2132.0|800.5|2046.0|-70.0|-70.0|-70.0|QROCK3|XA11TEX|1.0|1.0|0.0|0.0|14|gravel|EV000698|SG000657|SG000658|125|2|1|721|XA11TEX|EV000698|1.0|1.0|0.0|0.0|0.0|QROCK3X8|EV000700|1.0|1.0|0.0|0.0|-70.0|-70.0|0|0|256.0|256.0|0|0
UTNTSkyEdge_tnt02_3511_0_terrain_2_1|3511|0|1|726|726|2528.0|1880.0|2528.0|1744.0|2527.5|1812.0|-70.0|-70.0|-70.0|QROCK3|XA11TEX|1.0|1.0|0.0|0.0|14|gravel|EV000714|SG000933|SG000934|130|2|1|726|XA11TEX|EV000714|1.0|1.0|0.0|0.0|0.0|QROCK3X8|EV000720|1.0|1.0|0.0|0.0|-70.0|-70.0|0|0|256.0|256.0|0|0
UTNTSkyEdge_tnt02_5374_0_terrain_1_0|5374|0|2|798|1112|4016.0|3776.0|3856.0|3776.0|3936.0|3776.5|-138.0|-138.0|-138.0|QROCK3|QROCK3X8|1.0|1.0|5.0|10.0|8|rock|EV001048|SG000368|SG000935|140|1|0|1112|XA11TEX|EV001349|1.0|1.0|0.0|0.0|0.0|QROCK3X8|EV001048|1.0|1.0|5.0|10.0|-512.0|-512.0|-138.0|-138.0|128.0|128.0|128.0|128.0
UTNTSkyEdge_tnt02_5374_0_terrain_1_1|5374|0|2|798|1112|4016.0|3776.0|3856.0|3776.0|3936.0|3775.5|-138.0|-138.0|-138.0|QROCK3|XA11TEX|1.0|1.0|0.0|0.0|8|gravel|EV001349|SG000936|SG000937|163|1|1|1112|XA11TEX|EV001349|1.0|1.0|0.0|0.0|0.0|QROCK3X8|EV001048|1.0|1.0|5.0|10.0|-512.0|-512.0|-138.0|-138.0|128.0|128.0|128.0|128.0
UTNTSkyEdge_tnt02_5375_0_terrain_1_0|5375|0|2|798|1112|3856.0|3776.0|3840.0|3664.0|3847.5050252531696|3720.0707106781188|-138.0|-138.0|-138.0|QROCK3|QROCK3X8|1.0|1.0|165.0|10.0|8|rock|EV001049|SG000368|SG000938|140|1|0|1112|XA11TEX|EV001349|1.0|1.0|0.0|0.0|0.0|QROCK3X8|EV001049|1.0|1.0|165.0|10.0|-512.0|-512.0|-138.0|-138.0|128.0|128.0|128.0|128.0
UTNTSkyEdge_tnt02_5375_0_terrain_1_1|5375|0|2|798|1112|3856.0|3776.0|3840.0|3664.0|3848.4949747468304|3719.9292893218812|-138.0|-138.0|-138.0|QROCK3|XA11TEX|1.0|1.0|0.0|0.0|8|gravel|EV001349|SG000936|SG000937|163|1|1|1112|XA11TEX|EV001349|1.0|1.0|0.0|0.0|0.0|QROCK3X8|EV001049|1.0|1.0|165.0|10.0|-512.0|-512.0|-138.0|-138.0|128.0|128.0|128.0|128.0
UTNTSkyEdge_tnt02_5728_0_terrain_1_0|5728|0|2|798|1179|2868.0|4152.0|2900.0|4040.0|2883.5192380261797|4095.8626394360513|-192.0|-192.0|-192.0|QROCK3|QROCK3X8|1.0|1.0|0.0|-1280.0|8|rock|EV001050|SG000368|SG000939|140|1|0|1179|XA11TEX|EV001369|1.0|1.0|0.0|0.0|0.0|QROCK3X8|EV001050|1.0|1.0|0.0|-1280.0|-512.0|-512.0|-192.0|-192.0|128.0|128.0|128.0|128.0
UTNTSkyEdge_tnt02_5728_0_terrain_1_1|5728|0|2|798|1179|2868.0|4152.0|2900.0|4040.0|2884.4807619738203|4096.137360563948|-192.0|-192.0|-192.0|QROCK3|XA11TEX|1.0|1.0|0.0|0.0|8|gravel|EV001369|SG000940|SG000941|204|1|1|1179|XA11TEX|EV001369|1.0|1.0|0.0|0.0|0.0|QROCK3X8|EV001050|1.0|1.0|0.0|-1280.0|-512.0|-512.0|-192.0|-192.0|128.0|128.0|128.0|128.0
UTNTSkyEdge_tnt02_5731_1_terrain_1_0|5731|1|2|1183|1180|3092.0|4040.0|3012.0|4088.0|3052.257247877714|4064.4287464628565|-213.68470588235294|-235.3694117647059|-192.0|QROCK3|QROCK3X8|1.0|1.0|0.0|384.0|8|rock|EV001378|SG000942|SG000943|205|1|0|1180|XA11TEX|EV001370|1.0|1.0|0.0|0.0|0.0|QROCK3X8|EV001378|1.0|1.0|0.0|384.0|-448.0|-320.0|-235.3694117647059|-192.0|128.0|128.0|128.0|128.0
UTNTSkyEdge_tnt02_5731_1_terrain_1_1|5731|1|2|1183|1180|3092.0|4040.0|3012.0|4088.0|3051.742752122286|4063.5712535371435|-213.68470588235294|-235.3694117647059|-192.0|QROCK3|XA11TEX|1.0|1.0|0.0|0.0|8|gravel|EV001370|SG000944|SG000945|206|1|1|1180|XA11TEX|EV001370|1.0|1.0|0.0|0.0|0.0|QROCK3X8|EV001378|1.0|1.0|0.0|384.0|-448.0|-320.0|-235.3694117647059|-192.0|128.0|128.0|128.0|128.0
UTNTSkyEdge_tnt02_5732_0_terrain_1_0|5732|0|2|798|1180|2900.0|4040.0|2983.0|3991.0|2941.2458101368175|4015.0694334970585|-214.2870588235294|-192.0|-236.5741176470588|QROCK3|QROCK3X8|1.0|1.0|0.0|-1280.0|8|rock|EV001051|SG000368|SG000946|140|1|0|1180|XA11TEX|EV001370|1.0|1.0|0.0|0.0|0.0|QROCK3X8|EV001051|1.0|1.0|0.0|-1280.0|-512.0|-512.0|-192.0|-236.5741176470588|128.0|128.0|128.0|128.0
UTNTSkyEdge_tnt02_5732_0_terrain_1_1|5732|0|2|798|1180|2900.0|4040.0|2983.0|3991.0|2941.7541898631825|4015.9305665029415|-214.2870588235294|-192.0|-236.5741176470588|QROCK3|XA11TEX|1.0|1.0|0.0|0.0|8|gravel|EV001370|SG000944|SG000945|206|1|1|1180|XA11TEX|EV001370|1.0|1.0|0.0|0.0|0.0|QROCK3X8|EV001051|1.0|1.0|0.0|-1280.0|-512.0|-512.0|-192.0|-236.5741176470588|128.0|128.0|128.0|128.0
UTNTSkyEdge_tnt02_5733_0_terrain_1_0|5733|0|2|798|1180|2983.0|3991.0|3069.0|3991.0|3026.0|3990.5|-246.2870588235294|-236.5741176470588|-256.0|QROCK3|QROCK3X8|1.0|1.0|96.38464608|-1280.0|8|rock|EV001052|SG000368|SG000947|140|1|0|1180|XA11TEX|EV001370|1.0|1.0|0.0|0.0|0.0|QROCK3X8|EV001052|1.0|1.0|96.38464608|-1280.0|-512.0|-512.0|-236.5741176470588|-256.0|128.0|128.0|128.0|128.0
UTNTSkyEdge_tnt02_5733_0_terrain_1_1|5733|0|2|798|1180|2983.0|3991.0|3069.0|3991.0|3026.0|3991.5|-246.2870588235294|-236.5741176470588|-256.0|QROCK3|XA11TEX|1.0|1.0|0.0|0.0|8|gravel|EV001370|SG000944|SG000945|206|1|1|1180|XA11TEX|EV001370|1.0|1.0|0.0|0.0|0.0|QROCK3X8|EV001052|1.0|1.0|96.38464608|-1280.0|-512.0|-512.0|-236.5741176470588|-256.0|128.0|128.0|128.0|128.0
UTNTSkyEdge_tnt02_5734_0_terrain_1_0|5734|0|2|798|1180|3069.0|3991.0|3092.0|4040.0|3080.9526184720366|4015.287546431493|-245.68470588235294|-256.0|-235.3694117647059|QROCK3|QROCK3X8|1.0|1.0|182.38464608|-1280.0|8|rock|EV001053|SG000368|SG000948|140|1|0|1180|XA11TEX|EV001370|1.0|1.0|0.0|0.0|0.0|QROCK3X8|EV001053|1.0|1.0|182.38464608|-1280.0|-512.0|-512.0|-256.0|-235.3694117647059|128.0|128.0|128.0|128.0
UTNTSkyEdge_tnt02_5734_0_terrain_1_1|5734|0|2|798|1180|3069.0|3991.0|3092.0|4040.0|3080.0473815279634|4015.712453568507|-245.68470588235294|-256.0|-235.3694117647059|QROCK3|XA11TEX|1.0|1.0|0.0|0.0|8|gravel|EV001370|SG000944|SG000945|206|1|1|1180|XA11TEX|EV001370|1.0|1.0|0.0|0.0|0.0|QROCK3X8|EV001053|1.0|1.0|182.38464608|-1280.0|-512.0|-512.0|-256.0|-235.3694117647059|128.0|128.0|128.0|128.0
UTNTSkyEdge_tnt02_5735_0_terrain_1_0|5735|0|2|798|1183|3092.0|4040.0|3156.0|4136.0|3124.416025147169|4087.7226499018875|-422.4|-448.0|-396.8|QROCK3|QROCK3X8|1.0|1.0|0.0|-1536.0|8|rock|EV001054|SG000368|SG000949|140|1|0|1183|XA11TEX|EV001377|1.0|1.0|0.0|0.0|0.0|QROCK3X8|EV001054|1.0|1.0|0.0|-1536.0|-512.0|-512.0|-448.0|-396.8|128.0|128.0|128.0|128.0
UTNTSkyEdge_tnt02_5735_0_terrain_1_1|5735|0|2|798|1183|3092.0|4040.0|3156.0|4136.0|3123.583974852831|4088.2773500981125|-422.4|-448.0|-396.8|QROCK3|XA11TEX|1.0|1.0|0.0|0.0|8|gravel|EV001377|SG000950|SG000951|205|1|1|1183|XA11TEX|EV001377|1.0|1.0|0.0|0.0|0.0|QROCK3X8|EV001054|1.0|1.0|0.0|-1536.0|-512.0|-512.0|-448.0|-396.8|128.0|128.0|128.0|128.0
UTNTSkyEdge_tnt02_5737_1_terrain_1_0|5737|1|2|1184|1183|3156.0|4136.0|3092.0|4152.0|3124.121267812518|4144.485071250073|-358.4|-396.8|-320.0|QROCK3|QROCK3X8|1.0|1.0|0.0|576.0|8|rock|EV001381|SG000952|SG000953|207|1|0|1183|XA11TEX|EV001377|1.0|1.0|0.0|0.0|0.0|QROCK3X8|EV001381|1.0|1.0|0.0|576.0|-448.0|-448.0|-396.8|-320.0|128.0|128.0|128.0|128.0
UTNTSkyEdge_tnt02_5737_1_terrain_1_1|5737|1|2|1184|1183|3156.0|4136.0|3092.0|4152.0|3123.878732187482|4143.514928749927|-358.4|-396.8|-320.0|QROCK3|XA11TEX|1.0|1.0|0.0|0.0|8|gravel|EV001377|SG000950|SG000951|205|1|1|1183|XA11TEX|EV001377|1.0|1.0|0.0|0.0|0.0|QROCK3X8|EV001381|1.0|1.0|0.0|576.0|-448.0|-448.0|-396.8|-320.0|128.0|128.0|128.0|128.0
UTNTSkyEdge_tnt02_5738_1_terrain_1_0|5738|1|2|1184|1181|3092.0|4152.0|3028.0|4232.0|3060.3904344047214|4192.312347523777|-300.6060606060606|-320.0|-281.2121212121212|QROCK3|QROCK3X8|1.0|1.0|0.0|448.0|8|rock|EV001382|SG000952|SG000954|207|1|0|1181|XA11TEX|EV001372|1.0|1.0|0.0|0.0|0.0|QROCK3X8|EV001382|1.0|1.0|0.0|448.0|-448.0|-508.0|-320.0|-281.2121212121212|128.0|128.0|128.0|128.0
UTNTSkyEdge_tnt02_5738_1_terrain_1_1|5738|1|2|1184|1181|3092.0|4152.0|3028.0|4232.0|3059.6095655952786|4191.687652476223|-300.6060606060606|-320.0|-281.2121212121212|QROCK3|XA11TEX|1.0|1.0|0.0|0.0|8|gravel|EV001372|SG000955|SG000956|208|1|1|1181|XA11TEX|EV001372|1.0|1.0|0.0|0.0|0.0|QROCK3X8|EV001382|1.0|1.0|0.0|448.0|-448.0|-508.0|-320.0|-281.2121212121212|128.0|128.0|128.0|128.0
UTNTSkyEdge_tnt02_5742_0_terrain_1_0|5742|0|2|798|1181|3028.0|4232.0|2948.0|4200.0|2987.814304661823|4216.464238345443|-224.96969696969697|-281.2121212121212|-168.72727272727272|QROCK3|QROCK3X8|1.0|1.0|0.0|-1280.0|8|rock|EV001057|SG000368|SG000957|140|1|0|1181|XA11TEX|EV001372|1.0|1.0|0.0|0.0|0.0|QROCK3X8|EV001057|1.0|1.0|0.0|-1280.0|-512.0|-512.0|-281.2121212121212|-168.72727272727272|128.0|128.0|128.0|128.0
UTNTSkyEdge_tnt02_5742_0_terrain_1_1|5742|0|2|798|1181|3028.0|4232.0|2948.0|4200.0|2988.185695338177|4215.535761654557|-224.96969696969697|-281.2121212121212|-168.72727272727272|QROCK3|XA11TEX|1.0|1.0|0.0|0.0|8|gravel|EV001372|SG000955|SG000956|208|1|1|1181|XA11TEX|EV001372|1.0|1.0|0.0|0.0|0.0|QROCK3X8|EV001057|1.0|1.0|0.0|-1280.0|-512.0|-512.0|-281.2121212121212|-168.72727272727272|128.0|128.0|128.0|128.0
UTNTSkyEdge_tnt02_5743_0_terrain_1_0|5743|0|2|798|1182|2948.0|4200.0|2868.0|4152.0|2907.742752122286|4176.428746462856|-224.0|-256.0|-192.0|QROCK3|QROCK3X8|1.0|1.0|86.162636914|-1280.0|8|rock|EV001058|SG000368|SG000958|140|1|0|1182|XA11TEX|EV001375|1.0|1.0|0.0|0.0|0.0|QROCK3X8|EV001058|1.0|1.0|86.162636914|-1280.0|-512.0|-512.0|-256.0|-192.0|128.0|128.0|128.0|128.0
UTNTSkyEdge_tnt02_5743_0_terrain_1_1|5743|0|2|798|1182|2948.0|4200.0|2868.0|4152.0|2908.257247877714|4175.571253537144|-224.0|-256.0|-192.0|QROCK3|XA11TEX|1.0|1.0|0.0|0.0|8|gravel|EV001375|SG000959|SG000960|209|1|1|1182|XA11TEX|EV001375|1.0|1.0|0.0|0.0|0.0|QROCK3X8|EV001058|1.0|1.0|86.162636914|-1280.0|-512.0|-512.0|-256.0|-192.0|128.0|128.0|128.0|128.0
UTNTSkyEdge_tnt02_10566_0_terrain_2_1|10566|0|1|32|32|4160.0|-384.0|4032.0|-384.0|4096.0|-383.5|0.0|0.0|0.0|QROCK3|XA11TEX|1.0|1.0|0.0|0.0|14|gravel|EV000212|SG000523|SG000524|113|2|1|32|XA11TEX|EV000212|1.0|1.0|0.0|0.0|0.0|QROCK3X8|EV000236|1.0|1.0|4.0|64.0|0.0|0.0|0|0|320.0|320.0|0|0
UTNTSkyEdge_tnt02_15193_0_terrain_2_1|15193|0|1|4839|4839|5120.0|-176.0|4992.0|-128.0|5056.175561720795|-151.53183541121547|192.0|192.0|192.0|QROCK3|XA11TEX|1.0|1.0|0.0|0.0|14|gravel|EV003163|SG000961|SG000962|165|2|1|4839|XA11TEX|EV003163|1.0|1.0|0.0|0.0|0.0|QROCK3X8|EV003170|1.0|1.0|93.605071473|64.0|192.0|192.0|0|0|320.0|320.0|0|0
UTNTSkyEdge_tnt02_15205_0_terrain_2_1|15205|0|1|4839|4839|5008.0|192.0|5008.0|320.0|5008.5|256.0|192.0|192.0|192.0|QROCK3|XA11TEX|1.0|1.0|0.0|0.0|14|gravel|EV003163|SG000963|SG000964|165|2|1|4839|XA11TEX|EV003163|1.0|1.0|0.0|0.0|0.0|QROCK3X8|EV003173|1.0|1.0|193.96969001|64.0|192.0|192.0|0|0|320.0|320.0|0|0
UTNTSkyEdge_tnt02_15278_0_terrain_2_1|15278|0|1|4839|4839|5232.0|96.0|5184.0|-16.0|5207.540427484991|40.19695964928958|192.0|192.0|192.0|QROCK3|XA11TEX|1.0|1.0|0.0|0.0|14|gravel|EV003163|SG000965|SG000966|165|2|1|4839|XA11TEX|EV003163|1.0|1.0|0.0|0.0|0.0|QROCK3X8|EV003176|1.0|1.0|789.320386472|64.0|192.0|192.0|0|0|320.0|320.0|0|0
UTNTSkyEdge_tnt02_16490_0_terrain_2_1|16490|0|1|2963|2963|6976.0|-3744.0|7136.0|-3808.0|7055.814304661823|-3776.4642383454425|1880.6153846153845|1856.0|1905.2307692307693|ICEY|XA16TEX|1.0|1.0|0.0|0.0|18|snow|-|SG000967|-|167|2|1|2963|XA16TEX|-|1.0|1.0|0.0|0.0|0.0|XA00TEX|-|1.0|1.0|164.849405598|56.0|1856.0|1905.2307692307693|0|0|2056.0|2105.230769230769|0|0
UTNTSkyEdge_tnt02_16492_0_terrain_2_1|16492|0|1|2964|2964|7184.0|-3792.0|7344.0|-3744.0|7264.143673942784|-3768.4789131426105|1920.0|1920.0|1920.0|ICEY|XA16TEX|1.0|1.0|0.0|0.0|18|snow|-|SG000968|-|168|2|1|2964|XA16TEX|-|1.0|1.0|0.0|0.0|0.0|XA00TEX|-|1.0|1.0|387.771121989|56.0|1920.0|1920.0|0|0|2120.0|2120.0|0|0
UTNTSkyEdge_tnt02_16493_0_terrain_2_1|16493|0|1|2964|2964|7344.0|-3744.0|7440.0|-3792.0|7391.77639320225|-3768.4472135954998|1920.0|1920.0|1920.0|ICEY|XA16TEX|1.0|1.0|0.0|0.0|18|snow|-|SG000969|-|168|2|1|2964|XA16TEX|-|1.0|1.0|0.0|0.0|0.0|XA00TEX|-|1.0|1.0|42.816026131|56.0|1920.0|1920.0|0|0|2120.0|2120.0|0|0
UTNTSkyEdge_tnt02_16495_0_terrain_2_1|16495|0|1|2964|2964|7488.0|-3872.0|7424.0|-3952.0|7455.609565595279|-3911.687652476223|1920.0|1920.0|1920.0|ICEY|XA16TEX|1.0|1.0|0.0|0.0|18|snow|-|SG000970|-|168|2|1|2964|XA16TEX|-|1.0|1.0|0.0|0.0|0.0|XA00TEX|-|1.0|1.0|243.442519369|56.0|1920.0|1920.0|0|0|2120.0|2120.0|0|0
UTNTSkyEdge_tnt02_16503_0_terrain_2_1|16503|0|1|2965|2965|7216.0|-4192.0|7264.0|-4080.0|7240.459572515009|-4136.19695964929|1936.0|1952.0|1920.0|ICEY|XA16TEX|1.0|1.0|0.0|0.0|18|snow|-|SG000971|-|169|2|1|2965|XA16TEX|-|1.0|1.0|0.0|0.0|0.0|XA00TEX|-|1.0|1.0|179.457867232|24.0|1952.0|1920.0|0|0|2152.0|2120.0|0|0
UTNTSkyEdge_tnt02_16504_0_terrain_2_1|16504|0|1|2964|2964|7264.0|-4080.0|7184.0|-4016.0|7224.312347523777|-4047.6095655952786|1920.0|1920.0|1920.0|ICEY|XA16TEX|1.0|1.0|0.0|0.0|18|snow|-|SG000972|-|168|2|1|2964|XA16TEX|-|1.0|1.0|0.0|0.0|0.0|XA00TEX|-|1.0|1.0|301.310236925|56.0|1920.0|1920.0|0|0|2120.0|2120.0|0|0
UTNTSkyEdge_tnt02_16506_0_terrain_2_1|16506|0|1|2963|2963|7088.0|-4048.0|6976.0|-3992.0|7032.22360679775|-4019.5527864045002|1873.2307692307693|1890.4615384615386|1856.0|ICEY|XA16TEX|1.0|1.0|0.0|0.0|18|snow|-|SG000973|-|167|2|1|2963|XA16TEX|-|1.0|1.0|0.0|0.0|0.0|XA00TEX|-|1.0|1.0|504.95310985|56.0|1890.4615384615386|1856.0|0|0|2090.4615384615386|2056.0|0|0
UTNTSkyEdge_tnt02_16507_0_terrain_2_1|16507|0|1|2962|2962|6976.0|-3992.0|6848.0|-4032.0|6911.850862503432|-4011.5227600109824|1856.0|1856.0|1856.0|ICEY|XA16TEX|1.0|1.0|0.0|0.0|18|snow|-|SG000974|-|166|2|1|2962|XA16TEX|-|1.0|1.0|0.0|0.0|0.0|XA00TEX|-|1.0|1.0|118.17291659|120.0|1856.0|1856.0|0|0|2056.0|2056.0|0|0
UTNTSkyEdge_tnt02_16508_0_terrain_2_1|16508|0|1|2962|2962|6848.0|-4032.0|6752.0|-4096.0|6799.722649901887|-4063.583974852831|1856.0|1856.0|1856.0|ICEY|XA16TEX|1.0|1.0|0.0|0.0|18|snow|-|SG000975|-|166|2|1|2962|XA16TEX|-|1.0|1.0|0.0|0.0|0.0|XA00TEX|-|1.0|1.0|252.277353504|120.0|1856.0|1856.0|0|0|2056.0|2056.0|0|0
UTNTSkyEdge_tnt02_16509_0_terrain_2_1|16509|0|1|2962|2962|6752.0|-4096.0|6624.0|-4080.0|6688.062017367294|-4087.503861061643|1856.0|1856.0|1856.0|ICEY|XA16TEX|1.0|1.0|0.0|0.0|18|snow|-|SG000976|-|166|2|1|2962|XA16TEX|-|1.0|1.0|0.0|0.0|0.0|XA00TEX|-|1.0|1.0|367.654994319|120.0|1856.0|1856.0|0|0|2056.0|2056.0|0|0
UTNTSkyEdge_tnt02_18993_0_terrain_1_0|18993|0|2|28|40|642.0|-768.0|768.0|-704.0|705.2264327284045|-736.4457894340463|-253.42857142857142|-256.0|-250.85714285714286|QROCK3|QROCK3X8|1.0|1.0|64.0|384.0|8|rock|EV000192|SG000262|SG000977|111|1|0|40|XA11TEX|EV000310|1.0|1.0|0.0|0.0|0.0|QROCK3X8|EV000192|1.0|1.0|64.0|384.0|-512.0|-512.0|-256.0|-250.85714285714286|128.0|128.0|128.0|128.0
UTNTSkyEdge_tnt02_18993_0_terrain_1_1|18993|0|2|28|40|642.0|-768.0|768.0|-704.0|704.7735672715955|-735.5542105659537|-253.42857142857142|-256.0|-250.85714285714286|QROCK3|XA11TEX|1.0|1.0|0.0|0.0|8|gravel|EV000310|SG000535|SG000536|173|1|1|40|XA11TEX|EV000310|1.0|1.0|0.0|0.0|0.0|QROCK3X8|EV000192|1.0|1.0|64.0|384.0|-512.0|-512.0|-256.0|-250.85714285714286|128.0|128.0|128.0|128.0
