UTNTSkyEdge_tnt04b_447_0|447|0|1|312|312|1472.0|-800.0|1472.0|-768.0|1472.5|-784.0|384.0|384.0|384.0|QROCK3|QROCK3X8|1.0|1.0|102.0|0.0|22|rock|-|SG001421|-|424
UTNTSkyEdge_tnt04b_480_0|480|0|1|311|311|1488.0|-176.0|1440.0|-96.0|1464.4287464628562|-135.74275212228625|384.0|384.0|384.0|QROCK3|QROCK3X8|1.0|1.0|94.0|0.0|22|rock|-|SG001422|-|425
UTNTSkyEdge_tnt04b_481_0|481|0|1|311|311|1440.0|-96.0|1488.0|-48.0|1464.3535533905933|-72.35355339059328|384.0|384.0|384.0|QROCK3|QROCK3X8|1.0|1.0|187.295230318|0.0|22|rock|-|SG001422|-|425
UTNTSkyEdge_tnt04b_482_0|482|0|1|311|311|1488.0|-48.0|1632.0|0.0|1560.1581138830084|-24.474341649025256|384.0|384.0|384.0|QROCK3|QROCK3X8|1.0|1.0|255.177481311|0.0|22|rock|-|SG001422|-|425
UTNTSkyEdge_tnt04b_483_0|483|0|1|473|473|1632.0|0.0|1644.0|16.0|1638.4|7.7|384.0|384.0|384.0|QROCK3|QROCK3X8|1.0|1.0|103.0|0.0|22|rock|-|SG001423|-|426
UTNTSkyEdge_tnt04b_484_0|484|0|0|473|473|1696.0|56.0|1680.0|160.0|1688.4941858488253|108.07602859212697|384.0|384.0|384.0|QROCK3|QROCK3X8|1.0|1.0|188.604877867|-768.0|22|rock|-|SG001423|-|426
UTNTSkyEdge_tnt04b_485_0|485|0|0|473|473|1680.0|160.0|1596.0|184.0|1638.1373605639487|172.48076197382042|384.0|384.0|384.0|QROCK3|QROCK3X8|1.0|1.0|293.828449371|-768.0|22|rock|-|SG001423|-|426
UTNTSkyEdge_tnt04b_486_0|486|0|1|473|473|1568.0|192.0|1504.0|256.0|1536.3535533905933|224.35355339059328|384.0|384.0|384.0|QROCK3X8|QROCK3X8|1.0|1.0|29.120439557|0.0|22|rock|-|SG001423|-|426
UTNTSkyEdge_tnt04b_487_0|487|0|1|473|473|1504.0|256.0|1520.0|368.0|1512.4949747468306|311.92928932188136|384.0|384.0|384.0|QROCK3X8|QROCK3X8|1.0|1.0|119.630107549|0.0|22|rock|-|SG001423|-|426
UTNTSkyEdge_tnt04b_488_0|488|0|1|473|473|1520.0|368.0|1456.0|416.0|1488.3|392.4|384.0|384.0|384.0|QROCK3X8|QROCK3X8|1.0|1.0|232.767192539|0.0|22|rock|-|SG001423|-|426
UTNTSkyEdge_tnt04b_489_0|489|0|1|473|473|1456.0|416.0|1440.0|464.0|1448.4743416490253|440.1581138830084|384.0|384.0|384.0|QROCK3X8|QROCK3X8|1.0|1.0|312.767192539|0.0|22|rock|-|SG001423|-|426
UTNTSkyEdge_tnt04b_494_0|494|0|1|510|510|1408.0|896.0|1536.0|1024.0|1472.3535533905933|959.6464466094068|384.0|384.0|384.0|QROCK3|QROCK3X8|1.0|1.0|116.0|0.0|22|rock|-|SG001424|-|427
UTNTSkyEdge_tnt04b_496_0|496|0|1|510|510|4096.0|1024.0|3968.0|960.0|4031.77639320225|992.4472135955|384.0|384.0|384.0|QROCK3X8|QROCK3X8|1.0|1.0|0.0|0.0|22|rock|-|SG001424|-|427
UTNTSkyEdge_tnt04b_497_0|497|0|1|510|510|3968.0|960.0|3904.0|832.0|3935.5527864045002|896.22360679775|384.0|384.0|384.0|QROCK3X8|QROCK3X8|1.0|1.0|143.10835056|0.0|22|rock|-|SG001424|-|427
UTNTSkyEdge_tnt04b_498_0|498|0|1|510|510|3904.0|832.0|3968.0|768.0|3935.6464466094067|799.6464466094068|384.0|384.0|384.0|QROCK3X8|QROCK3X8|1.0|1.0|286.21670112|0.0|22|rock|-|SG001424|-|427
UTNTSkyEdge_tnt04b_499_0|499|0|1|510|510|3968.0|768.0|3904.0|640.0|3935.5527864045002|704.22360679775|384.0|384.0|384.0|QROCK3X8|QROCK3X8|1.0|1.0|376.726369112|0.0|22|rock|-|SG001424|-|427
UTNTSkyEdge_tnt04b_500_0|500|0|1|510|510|3904.0|640.0|3904.0|576.0|3903.5|608.0|384.0|384.0|384.0|QROCK3X8|QROCK3X8|1.0|1.0|519.834719672|0.0|22|rock|-|SG001424|-|427
UTNTSkyEdge_tnt04b_501_0|501|0|1|510|510|3904.0|576.0|3968.0|512.0|3935.6464466094067|543.6464466094068|384.0|384.0|384.0|QROCK3X8|QROCK3X8|1.0|1.0|583.834719672|0.0|22|rock|-|SG001424|-|427
UTNTSkyEdge_tnt04b_502_0|502|0|1|510|510|3968.0|512.0|3968.0|384.0|3967.5|448.0|384.0|384.0|384.0|QROCK3X8|QROCK3X8|1.0|1.0|674.344387664|0.0|22|rock|-|SG001424|-|427
UTNTSkyEdge_tnt04b_503_0|503|0|1|510|510|3968.0|384.0|3904.0|320.0|3935.6464466094067|352.3535533905933|384.0|384.0|384.0|QROCK3X8|QROCK3X8|1.0|1.0|802.344387664|0.0|22|rock|-|SG001424|-|427
UTNTSkyEdge_tnt04b_504_0|504|0|1|510|510|3904.0|320.0|3904.0|192.0|3903.5|256.0|384.0|384.0|384.0|QROCK3X8|QROCK3X8|1.0|1.0|892.854055656|0.0|22|rock|-|SG001424|-|427
UTNTSkyEdge_tnt04b_505_0|505|0|1|510|510|3904.0|192.0|3968.0|64.0|3935.5527864045002|127.77639320225002|384.0|384.0|384.0|QROCK3X8|QROCK3X8|1.0|1.0|1020.854055656|0.0|22|rock|-|SG001424|-|427
UTNTSkyEdge_tnt04b_506_0|506|0|1|510|510|3968.0|64.0|3904.0|-64.0|3935.5527864045002|0.22360679774997896|384.0|384.0|384.0|QROCK3X8|QROCK3X8|1.0|1.0|139.962406216|0.0|22|rock|-|SG001424|-|427
UTNTSkyEdge_tnt04b_507_0|507|0|1|929|929|3904.0|-64.0|3936.0|-80.0|3919.77639320225|-72.44721359549996|384.0|384.0|384.0|QROCK3|QROCK3X8|1.0|1.0|46.0|0.0|22|rock|-|SG001425|-|428
UTNTSkyEdge_tnt04b_509_0|509|0|0|929|929|3928.0|-832.0|4000.0|-848.0|3963.891534771091|-840.488093530092|384.0|384.0|384.0|QROCK3|QROCK3X8|1.0|1.0|870.570748162|-968.0|20.16|rock|-|SG001425|-|428
UTNTSkyEdge_tnt04b_513_0|513|0|1|510|510|3904.0|-896.0|3968.0|-1088.0|3935.525658350975|-992.1581138830085|384.0|384.0|384.0|QROCK3X8|QROCK3X8|1.0|1.0|0.0|0.0|22|rock|-|SG001424|-|427
UTNTSkyEdge_tnt04b_514_0|514|0|1|510|510|3968.0|-1088.0|4032.0|-1216.0|3999.5527864045002|-1152.2236067977499|384.0|384.0|384.0|QROCK3X8|QROCK3X8|1.0|1.0|202.385770251|0.0|22|rock|-|SG001424|-|427
UTNTSkyEdge_tnt04b_515_0|515|0|0|510|510|4032.0|-1216.0|4032.0|-1312.0|4031.5|-1264.0|384.0|384.0|384.0|QROCK3|QROCK3X8|1.0|1.0|118.0|0.0|20.16|rock|-|SG001424|-|427
UTNTSkyEdge_tnt04b_516_0|516|0|1|510|510|4032.0|-1344.0|3968.0|-1408.0|3999.6464466094067|-1375.6464466094067|384.0|384.0|384.0|QROCK3|QROCK3X8|1.0|1.0|118.0|0.0|22|rock|-|SG001424|-|427
UTNTSkyEdge_tnt04b_517_0|517|0|1|510|510|3968.0|-1408.0|3968.0|-1424.0|3967.5|-1416.0|384.0|384.0|384.0|QROCK3|QROCK3X8|1.0|1.0|208.509667992|0.0|22|rock|-|SG001424|-|427
UTNTSkyEdge_tnt04b_518_0|518|0|1|510|510|3968.0|-1536.0|4032.0|-1600.0|3999.6464466094067|-1568.3535533905933|384.0|384.0|384.0|QROCK3X8|QROCK3X8|1.0|1.0|16.0|0.0|22|rock|-|SG001424|-|427
UTNTSkyEdge_tnt04b_519_0|519|0|1|510|510|4032.0|-1600.0|4096.0|-1728.0|4063.5527864045002|-1664.2236067977499|384.0|384.0|384.0|QROCK3X8|QROCK3X8|1.0|1.0|106.509667992|0.0|22|rock|-|SG001424|-|427
UTNTSkyEdge_tnt04b_520_0|520|0|1|510|510|4096.0|-1728.0|4288.0|-1792.0|4191.841886116991|-1760.4743416490253|384.0|384.0|384.0|QROCK3X8|QROCK3X8|1.0|1.0|249.618018552|0.0|22|rock|-|SG001424|-|427
UTNTSkyEdge_tnt04b_521_0|521|0|1|510|510|4288.0|-1792.0|4352.0|-1920.0|4319.5527864045|-1856.2236067977499|384.0|384.0|384.0|QROCK3X8|QROCK3X8|1.0|1.0|452.003788803|0.0|22|rock|-|SG001424|-|427
UTNTSkyEdge_tnt04b_523_0|523|0|1|510|510|-528.0|-1920.0|-192.0|-1984.0|-360.093556053945|-1952.4911692832113|384.0|384.0|384.0|QROCK3X8|QROCK3X8|1.0|1.0|0.0|0.0|22|rock|-|SG001424|-|427
UTNTSkyEdge_tnt04b_524_0|524|0|1|510|510|1280.0|-1856.0|1408.0|-1792.0|1344.2236067977499|-1824.4472135955|384.0|384.0|384.0|QROCK3X8|QROCK3X8|1.0|1.0|349.441467285|0.0|22|rock|-|SG001424|-|427
UTNTSkyEdge_tnt04b_525_0|525|0|1|510|510|1408.0|-1792.0|1472.0|-1728.0|1440.3535533905933|-1760.3535533905933|384.0|384.0|384.0|QROCK3X8|QROCK3X8|1.0|1.0|492.549817845|0.0|22|rock|-|SG001424|-|427
UTNTSkyEdge_tnt04b_527_0|527|0|1|510|510|1472.0|-1536.0|1408.0|-1408.0|1440.4472135955|-1471.7763932022501|384.0|384.0|384.0|QROCK3X8|QROCK3X8|1.0|1.0|0.0|0.0|22|rock|-|SG001424|-|427
UTNTSkyEdge_tnt04b_528_0|528|0|1|510|510|1408.0|-1408.0|1472.0|-1344.0|1440.3535533905933|-1376.3535533905933|384.0|384.0|384.0|QROCK3X8|QROCK3X8|1.0|1.0|143.10835056|0.0|22|rock|-|SG001424|-|427
UTNTSkyEdge_tnt04b_529_0|529|0|1|510|510|1472.0|-1344.0|1536.0|-1152.0|1504.4743416490253|-1248.1581138830084|384.0|384.0|384.0|QROCK3X8|QROCK3X8|1.0|1.0|233.618018552|0.0|22|rock|-|SG001424|-|427
UTNTSkyEdge_tnt04b_530_0|530|0|1|510|510|1536.0|-1152.0|1472.0|-1088.0|1504.3535533905933|-1119.6464466094067|384.0|384.0|384.0|QROCK3X8|QROCK3X8|1.0|1.0|436.003788803|0.0|22|rock|-|SG001424|-|427
UTNTSkyEdge_tnt04b_531_0|531|0|1|510|510|1472.0|-1088.0|1408.0|-1024.0|1440.3535533905933|-1055.6464466094067|384.0|384.0|384.0|QROCK3X8|QROCK3X8|1.0|1.0|526.513456795|0.0|22|rock|-|SG001424|-|427
UTNTSkyEdge_tnt04b_532_0|532|0|1|510|510|1408.0|-1024.0|1472.0|-960.0|1440.3535533905933|-992.3535533905932|384.0|384.0|384.0|QROCK3X8|QROCK3X8|1.0|1.0|617.023124786|0.0|22|rock|-|SG001424|-|427
UTNTSkyEdge_tnt04b_533_0|533|0|1|510|510|1472.0|-960.0|1472.0|-896.0|1472.5|-928.0|384.0|384.0|384.0|QROCK3X8|QROCK3X8|1.0|1.0|707.532792778|0.0|22|rock|-|SG001424|-|427
UTNTSkyEdge_tnt04b_534_0|534|0|1|510|510|1472.0|-896.0|1472.0|-800.0|1472.5|-848.0|384.0|384.0|384.0|QROCK3X8|QROCK3X8|1.0|1.0|771.532792778|0.0|22|rock|-|SG001424|-|427
UTNTSkyEdge_tnt04b_535_0|535|0|1|312|312|1472.0|-768.0|1472.0|-704.0|1472.5|-736.0|384.0|384.0|384.0|QROCK3|QROCK3X8|1.0|1.0|134.0|0.0|22|rock|-|SG001421|-|424
UTNTSkyEdge_tnt04b_548_0|548|0|1|510|510|2208.0|-1696.0|2272.0|-1760.0|2239.6464466094067|-1728.3535533905933|384.0|384.0|384.0|QROCK3X8|QROCK3X8|1.0|1.0|0.0|0.0|22|rock|-|SG001424|-|427
UTNTSkyEdge_tnt04b_549_0|549|0|0|263|263|2208.0|-1472.0|2208.0|-1600.0|2207.5|-1536.0|384.0|384.0|384.0|QROCK3X8|QROCK3X8|1.0|1.0|732.723078811|-528.0|22|rock|-|SG001426|-|429
UTNTSkyEdge_tnt04b_551_0|551|0|1|263|263|2208.0|-1408.0|2208.0|-1472.0|2207.5|-1440.0|384.0|384.0|384.0|QROCK3X8|QROCK3X8|1.0|1.0|668.723078811|0.0|22|rock|-|SG001426|-|429
UTNTSkyEdge_tnt04b_552_0|552|0|1|263|263|2272.0|-1280.0|2208.0|-1408.0|2239.5527864045002|-1343.7763932022501|384.0|384.0|384.0|QROCK3X8|QROCK3X8|1.0|1.0|525.614728251|0.0|22|rock|-|SG001426|-|429
UTNTSkyEdge_tnt04b_553_0|553|0|1|263|263|2400.0|-1248.0|2272.0|-1280.0|2335.878732187482|-1263.5149287499273|384.0|384.0|384.0|QROCK3X8|QROCK3X8|1.0|1.0|393.675348231|0.0|22|rock|-|SG001426|-|429
UTNTSkyEdge_tnt04b_554_0|554|0|1|473|473|2240.0|416.0|2400.0|384.0|2319.901941932431|399.50970966215453|384.0|384.0|384.0|QROCK3|QROCK3X8|1.0|1.0|185.509667992|0.0|22|rock|-|SG001423|-|426
UTNTSkyEdge_tnt04b_555_0|555|0|1|233|233|2400.0|384.0|2432.0|384.0|2416.0|383.5|384.0|384.0|384.0|QROCK3|QROCK3X8|1.0|1.0|93.0|0.0|22|rock|-|SG001427|-|430
UTNTSkyEdge_tnt04b_556_1|556|1|0|233|233|2432.0|384.0|2560.0|384.0|2496.0|383.5|384.0|384.0|384.0|QROCK3|QROCK3X8|1.0|1.0|125.0|-576.0|22|rock|-|SG001427|-|430
UTNTSkyEdge_tnt04b_557_0|557|0|1|510|510|2624.0|384.0|2688.0|416.0|2656.22360679775|399.55278640450007|384.0|384.0|384.0|QROCK3|QROCK3X8|1.0|1.0|61.0|0.0|22|rock|-|SG001424|-|427
UTNTSkyEdge_tnt04b_558_0|558|0|1|510|510|2688.0|416.0|2784.0|448.0|2736.1581138830084|431.52565835097477|384.0|384.0|384.0|QROCK3|QROCK3X8|1.0|1.0|132.55417528|0.0|22|rock|-|SG001424|-|427
UTNTSkyEdge_tnt04b_559_0|559|0|0|510|510|2784.0|448.0|2880.0|416.0|2831.8418861169916|431.52565835097477|384.0|384.0|384.0|QROCK3|QROCK3X8|1.0|1.0|106.0|-776.0|22|rock|-|SG001424|-|427
UTNTSkyEdge_tnt04b_560_0|560|0|0|510|510|2880.0|416.0|2976.0|416.0|2928.0|415.5|384.0|384.0|384.0|QROCK3|QROCK3X8|1.0|1.0|207.192885125|-776.0|22|rock|-|SG001424|-|427
UTNTSkyEdge_tnt04b_561_0|561|0|0|510|510|2976.0|416.0|3072.0|416.0|3024.0|415.5|384.0|384.0|384.0|QROCK3|QROCK3X8|1.0|1.0|303.192885125|-776.0|22|rock|-|SG001424|-|427
UTNTSkyEdge_tnt04b_562_0|562|0|0|510|510|3072.0|416.0|3104.0|448.0|3088.3535533905933|431.6464466094067|384.0|384.0|384.0|QROCK3|QROCK3X8|1.0|1.0|399.192885125|-776.0|22|rock|-|SG001424|-|427
UTNTSkyEdge_tnt04b_563_0|563|0|0|510|510|3104.0|448.0|3104.0|480.0|3104.5|464.0|384.0|384.0|384.0|QROCK3|QROCK3X8|1.0|1.0|444.447719121|-776.0|22|rock|-|SG001424|-|427
UTNTSkyEdge_tnt04b_564_0|564|0|0|510|510|3104.0|480.0|3136.0|528.0|3120.416025147169|503.7226499018874|384.0|384.0|384.0|QROCK3|QROCK3X8|1.0|1.0|476.447719121|-776.0|22|rock|-|SG001424|-|427
UTNTSkyEdge_tnt04b_566_0|566|0|1|510|510|3200.0|672.0|3168.0|768.0|3184.474341649025|720.1581138830085|384.0|384.0|384.0|QROCK3X8|QROCK3X8|1.0|1.0|101.192885125|0.0|22|rock|-|SG001424|-|427
UTNTSkyEdge_tnt04b_567_0|567|0|1|510|510|3168.0|768.0|3104.0|832.0|3136.3535533905933|800.3535533905932|384.0|384.0|384.0|QROCK3X8|QROCK3X8|1.0|1.0|202.385770251|0.0|22|rock|-|SG001424|-|427
UTNTSkyEdge_tnt04b_568_0|568|0|1|510|510|3104.0|832.0|2848.0|960.0|2976.22360679775|896.4472135955|384.0|384.0|384.0|QROCK3X8|QROCK3X8|1.0|1.0|292.895438243|0.0|22|rock|-|SG001424|-|427
UTNTSkyEdge_tnt04b_569_0|569|0|1|510|510|2848.0|960.0|2784.0|928.0|2815.77639320225|944.4472135955|384.0|384.0|384.0|QROCK3X8|QROCK3X8|1.0|1.0|579.112139363|0.0|22|rock|-|SG001424|-|427
UTNTSkyEdge_tnt04b_570_0|570|0|1|510|510|2784.0|928.0|2688.0|896.0|2735.8418861169916|912.4743416490253|384.0|384.0|384.0|QROCK3X8|QROCK3X8|1.0|1.0|650.666314643|0.0|22|rock|-|SG001424|-|427
UTNTSkyEdge_tnt04b_571_0|571|0|1|510|510|2688.0|896.0|2528.0|896.0|2608.0|896.5|384.0|384.0|384.0|QROCK3X8|QROCK3X8|1.0|1.0|751.859199768|0.0|22|rock|-|SG001424|-|427
UTNTSkyEdge_tnt04b_572_0|572|0|1|510|510|2528.0|896.0|2400.0|928.0|2464.121267812518|912.4850712500727|384.0|384.0|384.0|QROCK3X8|QROCK3X8|1.0|1.0|911.859199768|0.0|22|rock|-|SG001424|-|427
UTNTSkyEdge_tnt04b_573_0|573|0|1|510|510|2400.0|928.0|2272.0|896.0|2335.878732187482|912.4850712500727|384.0|384.0|384.0|QROCK3X8|QROCK3X8|1.0|1.0|19.798579788|0.0|22|rock|-|SG001424|-|427
UTNTSkyEdge_tnt04b_574_0|574|0|1|510|510|2272.0|896.0|2144.0|800.0|2207.7|848.4|384.0|384.0|384.0|QROCK3X8|QROCK3X8|1.0|1.0|151.737959808|0.0|22|rock|-|SG001424|-|427
UTNTSkyEdge_tnt04b_578_0|578|0|1|473|473|2176.0|480.0|2240.0|416.0|2207.6464466094067|447.6464466094067|384.0|384.0|384.0|QROCK3|QROCK3X8|1.0|1.0|95.0|0.0|22|rock|-|SG001423|-|426
UTNTSkyEdge_tnt04b_579_0|579|0|1|510|510|2272.0|-1760.0|2400.0|-1792.0|2335.878732187482|-1776.4850712500727|384.0|384.0|384.0|QROCK3X8|QROCK3X8|1.0|1.0|90.509667992|0.0|22|rock|-|SG001424|-|427
UTNTSkyEdge_tnt04b_580_0|580|0|1|510|510|2400.0|-1792.0|2464.0|-1792.0|2432.0|-1792.5|384.0|384.0|384.0|QROCK3X8|QROCK3X8|1.0|1.0|222.449048012|0.0|22|rock|-|SG001424|-|427
UTNTSkyEdge_tnt04b_582_0|582|0|1|510|510|2464.0|-1792.0|2528.0|-1856.0|2495.6464466094067|-1824.3535533905933|384.0|384.0|384.0|QROCK3X8|QROCK3X8|1.0|1.0|286.449048012|0.0|22|rock|-|SG001424|-|427
UTNTSkyEdge_tnt04b_583_0|583|0|1|510|510|2528.0|-1856.0|2592.0|-1888.0|2559.77639320225|-1872.4472135955|384.0|384.0|384.0|QROCK3X8|QROCK3X8|1.0|1.0|376.958716004|0.0|22|rock|-|SG001424|-|427
UTNTSkyEdge_tnt04b_584_0|584|0|1|510|510|2592.0|-1888.0|2688.0|-1856.0|2640.1581138830084|-1872.4743416490253|384.0|384.0|384.0|QROCK3X8|QROCK3X8|1.0|1.0|448.512891284|0.0|22|rock|-|SG001424|-|427
UTNTSkyEdge_tnt04b_585_0|585|0|1|510|510|2688.0|-1856.0|2752.0|-1856.0|2720.0|-1856.5|384.0|384.0|384.0|QROCK3X8|QROCK3X8|1.0|1.0|549.705776409|0.0|22|rock|-|SG001424|-|427
UTNTSkyEdge_tnt04b_586_0|586|0|1|510|510|2752.0|-1856.0|2816.0|-1792.0|2784.3535533905933|-1824.3535533905933|384.0|384.0|384.0|QROCK3X8|QROCK3X8|1.0|1.0|613.705776409|0.0|22|rock|-|SG001424|-|427
UTNTSkyEdge_tnt04b_588_0|588|0|1|510|510|2816.0|-1792.0|2848.0|-1696.0|2832.474341649025|-1744.1581138830084|384.0|384.0|384.0|QROCK3X8|QROCK3X8|1.0|1.0|704.215444401|0.0|22|rock|-|SG001424|-|427
UTNTSkyEdge_tnt04b_589_0|589|0|1|510|510|2848.0|-1696.0|2864.0|-1696.0|2856.0|-1696.5|384.0|384.0|384.0|QROCK3X8|QROCK3X8|1.0|1.0|805.408329526|0.0|22|rock|-|SG001424|-|427
UTNTSkyEdge_tnt04b_590_0|590|0|1|510|510|3136.0|-1696.0|3264.0|-1568.0|3200.3535533905933|-1632.3535533905933|384.0|384.0|384.0|QROCK3|QROCK3X8|1.0|1.0|88.0|0.0|22|rock|-|SG001424|-|427
UTNTSkyEdge_tnt04b_591_0|591|0|1|510|510|3264.0|-1568.0|3264.0|-1552.0|3264.5|-1560.0|384.0|384.0|384.0|QROCK3|QROCK3X8|1.0|1.0|269.019335984|0.0|22|rock|-|SG001424|-|427
UTNTSkyEdge_tnt04b_592_0|592|0|1|510|510|3264.0|-1344.0|3136.0|-1216.0|3200.3535533905933|-1279.6464466094067|384.0|384.0|384.0|QROCK3|QROCK3X8|1.0|1.0|109.0|0.0|22|rock|-|SG001424|-|427
UTNTSkyEdge_tnt04b_593_0|593|0|1|511|511|3136.0|-1216.0|3120.0|-1216.0|3128.0|-1215.5|384.0|384.0|384.0|QROCK3|QROCK3X8|1.0|1.0|34.0|0.0|22|rock|-|SG001428|-|431
UTNTSkyEdge_tnt04b_594_0|594|0|1|512|512|2848.0|-1216.0|2816.0|-1232.0|2831.77639320225|-1223.5527864045|384.0|384.0|384.0|QROCK3|QROCK3X8|1.0|1.0|66.0|0.0|22|rock|-|SG001429|-|432
UTNTSkyEdge_tnt04b_595_0|595|0|1|263|263|2784.0|-1248.0|2704.0|-1280.0|2743.814304661823|-1263.5357616545573|384.0|384.0|384.0|QROCK3X8|QROCK3X8|1.0|1.0|0.0|0.0|22|rock|-|SG001426|-|429
UTNTSkyEdge_tnt04b_596_0|596|0|1|263|263|2704.0|-1280.0|2688.0|-1280.0|2696.0|-1279.5|384.0|384.0|384.0|QROCK3X8|QROCK3X8|1.0|1.0|86.162636914|0.0|22|rock|-|SG001426|-|429
UTNTSkyEdge_tnt04b_597_0|597|0|1|263|263|2544.0|-1280.0|2400.0|-1248.0|2472.108465228909|-1263.5119064699081|384.0|384.0|384.0|QROCK3X8|QROCK3X8|1.0|1.0|246.162636914|0.0|22|rock|-|SG001426|-|429
UTNTSkyEdge_tnt04b_640_0|640|0|0|312|312|1472.0|-704.0|1536.0|-688.0|1504.1212678125182|-696.4850712500727|384.0|384.0|384.0|QROCK3|QROCK3X8|1.0|1.0|70.0|-936.0|22|rock|-|SG001421|-|424
UTNTSkyEdge_tnt04b_641_0|641|0|0|133|133|1536.0|-688.0|1552.0|-640.0|1544.4743416490253|-664.1581138830085|384.0|384.0|384.0|QROCK3|QROCK3X8|1.0|1.0|135.96969001|-936.0|22|rock|-|SG001430|-|433
UTNTSkyEdge_tnt04b_642_0|642|0|0|133|133|1552.0|-640.0|1616.0|-608.0|1584.2236067977499|-624.4472135955|384.0|384.0|384.0|QROCK3|QROCK3X8|1.0|1.0|186.566132573|-936.0|22|rock|-|SG001430|-|433
UTNTSkyEdge_tnt04b_643_0|643|0|0|133|133|1616.0|-608.0|1616.0|-544.0|1616.5|-576.0|384.0|384.0|384.0|QROCK3|QROCK3X8|1.0|1.0|258.120307853|-936.0|22|rock|-|SG001430|-|433
UTNTSkyEdge_tnt04b_644_0|644|0|0|133|133|1616.0|-544.0|1568.0|-496.0|1592.3535533905933|-519.6464466094068|384.0|384.0|384.0|QROCK3|QROCK3X8|1.0|1.0|322.120307853|-936.0|22|rock|-|SG001430|-|433
UTNTSkyEdge_tnt04b_645_0|645|0|0|133|133|1568.0|-496.0|1584.0|-416.0|1576.4902903378454|-456.09805806756907|384.0|384.0|384.0|QROCK3|QROCK3X8|1.0|1.0|390.002558846|-936.0|22|rock|-|SG001430|-|433
UTNTSkyEdge_tnt04b_646_0|646|0|0|133|133|1584.0|-416.0|1648.0|-384.0|1616.2236067977499|-400.44721359549993|384.0|384.0|384.0|QROCK3|QROCK3X8|1.0|1.0|471.586871064|-936.0|22|rock|-|SG001430|-|433
UTNTSkyEdge_tnt04b_647_0|647|0|0|133|133|1648.0|-384.0|1648.0|-304.0|1648.5|-344.0|384.0|384.0|384.0|QROCK3|QROCK3X8|1.0|1.0|543.141046344|-936.0|22|rock|-|SG001430|-|433
UTNTSkyEdge_tnt04b_648_0|648|0|0|133|133|1552.0|-288.0|1536.0|-208.0|1544.4902903378454|-247.9019419324309|384.0|384.0|384.0|QROCK3|QROCK3X8|1.0|1.0|720.465246829|-936.0|22|rock|-|SG001430|-|433
UTNTSkyEdge_tnt04b_649_0|649|0|0|133|133|1536.0|-208.0|1488.0|-176.0|1512.2773500981127|-191.5839748528311|384.0|384.0|384.0|QROCK3|QROCK3X8|1.0|1.0|802.049559046|-936.0|22|rock|-|SG001430|-|433
UTNTSkyEdge_tnt04b_938_0|938|0|0|133|133|1648.0|-304.0|1552.0|-288.0|1600.0821994936528|-295.50680303808394|384.0|384.0|384.0|QROCK3|QROCK3X8|1.0|1.0|623.141046344|-936.0|22|rock|-|SG001430|-|433
UTNTSkyEdge_tnt04b_1129_0|1129|0|1|510|510|2592.0|384.0|2624.0|384.0|2608.0|383.5|384.0|384.0|384.0|QROCK3|QROCK3X8|1.0|1.0|29.0|0.0|22|rock|-|SG001424|-|427
UTNTSkyEdge_tnt04b_1718_0|1718|0|1|233|233|2560.0|384.0|2592.0|384.0|2576.0|383.5|384.0|384.0|384.0|QROCK3|QROCK3X8|1.0|1.0|253.0|0.0|22|rock|-|SG001427|-|430
UTNTSkyEdge_tnt04b_1754_0|1754|0|1|510|510|3168.0|576.0|3200.0|672.0|3184.474341649025|623.8418861169915|384.0|384.0|384.0|QROCK3X8|QROCK3X8|1.0|1.0|0.0|0.0|22|rock|-|SG001424|-|427
UTNTSkyEdge_tnt04b_1936_0|1936|0|0|510|510|3136.0|528.0|3168.0|576.0|3152.416025147169|551.7226499018874|384.0|384.0|384.0|QROCK3|QROCK3X8|1.0|1.0|534.136539529|-776.0|22|rock|-|SG001424|-|427
UTNTSkyEdge_tnt04b_2080_1|2080|1|0|263|263|2688.0|-1280.0|2560.0|-1280.0|2624.0|-1279.5|384.0|384.0|384.0|QROCK3X8|QROCK3X8|1.0|1.0|102.162636914|-528.0|22|rock|-|SG001426|-|429
UTNTSkyEdge_tnt04b_2090_0|2090|0|1|263|263|2560.0|-1280.0|2544.0|-1280.0|2552.0|-1279.5|384.0|384.0|384.0|QROCK3X8|QROCK3X8|1.0|1.0|230.162636914|0.0|22|rock|-|SG001426|-|429
UTNTSkyEdge_tnt04b_2091_0|2091|0|1|263|263|2208.0|-1600.0|2208.0|-1696.0|2207.5|-1648.0|384.0|384.0|384.0|QROCK3X8|QROCK3X8|1.0|1.0|860.723078811|0.0|22|rock|-|SG001426|-|429
UTNTSkyEdge_tnt04b_2182_0|2182|0|0|420|420|2912.0|-1376.0|2976.0|-1376.0|2944.0|-1376.5|112.0|112.0|112.0|QROCK3|QROCK3X8|1.0|1.0|64.0|-920.0|22|rock|-|SG001431|-|434
UTNTSkyEdge_tnt04b_2183_0|2183|0|0|420|420|3104.0|-1376.0|3104.0|-1440.0|3103.5|-1408.0|112.0|112.0|112.0|QROCK3|QROCK3X8|1.0|1.0|64.0|-920.0|22|rock|-|SG001431|-|434
UTNTSkyEdge_tnt04b_2184_0|2184|0|0|420|420|3104.0|-1568.0|3040.0|-1568.0|3072.0|-1567.5|112.0|112.0|112.0|QROCK3|QROCK3X8|1.0|1.0|64.0|-920.0|22|rock|-|SG001431|-|434
UTNTSkyEdge_tnt04b_2185_0|2185|0|0|420|420|2912.0|-1568.0|2912.0|-1504.0|2912.5|-1536.0|112.0|112.0|112.0|QROCK3|QROCK3X8|1.0|1.0|64.0|-920.0|22|rock|-|SG001431|-|434
UTNTSkyEdge_tnt04b_2186_0|2186|0|0|420|420|2912.0|-1440.0|2912.0|-1376.0|2912.5|-1408.0|112.0|112.0|112.0|QROCK3|QROCK3X8|1.0|1.0|0.0|-920.0|22|rock|-|SG001431|-|434
UTNTSkyEdge_tnt04b_2205_0|2205|0|0|420|420|3040.0|-1376.0|3104.0|-1376.0|3072.0|-1376.5|112.0|112.0|112.0|QROCK3|QROCK3X8|1.0|1.0|0.0|-920.0|22|rock|-|SG001431|-|434
UTNTSkyEdge_tnt04b_2212_0|2212|0|0|420|420|2976.0|-1568.0|2912.0|-1568.0|2944.0|-1567.5|112.0|112.0|112.0|QROCK3|QROCK3X8|1.0|1.0|0.0|-920.0|22|rock|-|SG001431|-|434
UTNTSkyEdge_tnt04b_2230_0|2230|0|0|420|420|3104.0|-1504.0|3104.0|-1568.0|3103.5|-1536.0|112.0|112.0|112.0|QROCK3|QROCK3X8|1.0|1.0|0.0|-920.0|22|rock|-|SG001431|-|434
UTNTSkyEdge_tnt04b_2254_0|2254|0|0|510|510|2864.0|-1696.0|2896.0|-1696.0|2880.0|-1696.5|384.0|384.0|384.0|QROCK3|QROCK3X8|1.0|1.0|72.0|-608.0|22|rock|-|SG001424|-|427
UTNTSkyEdge_tnt04b_2266_0|2266|0|1|510|510|3120.0|-1696.0|3136.0|-1696.0|3128.0|-1696.5|384.0|384.0|384.0|QROCK3|QROCK3X8|1.0|1.0|72.0|0.0|22|rock|-|SG001424|-|427
UTNTSkyEdge_tnt04b_2269_0|2269|0|0|510|510|2896.0|-1696.0|3088.0|-1696.0|2992.0|-1696.5|384.0|384.0|384.0|QROCK3|QROCK3X8|1.0|1.0|104.0|-640.0|22|rock|-|SG001424|-|427
UTNTSkyEdge_tnt04b_2278_0|2278|0|0|510|510|3088.0|-1696.0|3120.0|-1696.0|3104.0|-1696.5|384.0|384.0|384.0|QROCK3|QROCK3X8|1.0|1.0|296.0|-608.0|22|rock|-|SG001424|-|427
UTNTSkyEdge_tnt04b_2287_1|2287|1|0|511|511|3120.0|-1216.0|3088.0|-1216.0|3104.0|-1215.5|384.0|384.0|384.0|QROCK3|QROCK3X8|1.0|1.0|50.0|-608.0|22|rock|-|SG001428|-|431
UTNTSkyEdge_tnt04b_2301_1|2301|1|0|514|514|2976.0|-1216.0|2896.0|-1216.0|2936.0|-1215.5|384.0|384.0|384.0|QROCK3|QROCK3X8|1.0|1.0|66.0|-640.0|22|rock|-|SG001432|-|435
UTNTSkyEdge_tnt04b_2310_1|2310|1|0|514|514|2896.0|-1216.0|2864.0|-1216.0|2880.0|-1215.5|384.0|384.0|384.0|QROCK3|QROCK3X8|1.0|1.0|146.0|-608.0|22|rock|-|SG001432|-|435
UTNTSkyEdge_tnt04b_2320_0|2320|0|1|512|512|2864.0|-1216.0|2848.0|-1216.0|2856.0|-1215.5|384.0|384.0|384.0|QROCK3|QROCK3X8|1.0|1.0|50.0|0.0|22|rock|-|SG001429|-|432
UTNTSkyEdge_tnt04b_2321_1|2321|1|0|510|510|3264.0|-1552.0|3264.0|-1520.0|3264.5|-1536.0|384.0|384.0|384.0|QROCK3|QROCK3X8|1.0|1.0|29.0|-608.0|22|rock|-|SG001424|-|427
UTNTSkyEdge_tnt04b_2335_1|2335|1|0|510|510|3264.0|-1520.0|3264.0|-1392.0|3264.5|-1456.0|384.0|384.0|384.0|QROCK3|QROCK3X8|1.0|1.0|61.0|-640.0|22|rock|-|SG001424|-|427
UTNTSkyEdge_tnt04b_2344_1|2344|1|0|510|510|3264.0|-1392.0|3264.0|-1360.0|3264.5|-1376.0|384.0|384.0|384.0|QROCK3|QROCK3X8|1.0|1.0|189.0|-608.0|22|rock|-|SG001424|-|427
UTNTSkyEdge_tnt04b_2351_0|2351|0|1|510|510|3264.0|-1360.0|3264.0|-1344.0|3264.5|-1352.0|384.0|384.0|384.0|QROCK3|QROCK3X8|1.0|1.0|93.0|0.0|22|rock|-|SG001424|-|427
UTNTSkyEdge_tnt04b_2616_0|2616|0|0|473|473|1644.0|16.0|1696.0|56.0|1670.304855380425|35.6036880054477|384.0|384.0|384.0|QROCK3|QROCK3X8|1.0|1.0|123.0|-768.0|22|rock|-|SG001423|-|426
UTNTSkyEdge_tnt04b_2617_0|2617|0|1|473|473|1596.0|184.0|1568.0|192.0|1582.1373605639487|188.48076197382042|384.0|384.0|384.0|QROCK3X8|QROCK3X8|1.0|1.0|0.0|0.0|22|rock|-|SG001423|-|426
UTNTSkyEdge_tnt04b_2663_1|2663|1|0|510|510|1568.0|832.0|1408.0|896.0|1488.185695338177|864.4642383454426|384.0|384.0|384.0|QROCK3|QROCK3X8|1.0|1.0|54.0|-752.0|22|rock|-|SG001424|-|427
UTNTSkyEdge_tnt04b_2664_1|2664|1|0|510|510|1696.0|864.0|1568.0|832.0|1631.8787321874818|848.4850712500727|384.0|384.0|384.0|QROCK3|QROCK3X8|1.0|1.0|50.0|-896.0|22|rock|-|SG001424|-|427
UTNTSkyEdge_tnt04b_2665_1|2665|1|0|510|510|1744.0|848.0|1696.0|864.0|1720.1581138830084|856.4743416490253|384.0|384.0|384.0|QROCK3|QROCK3X8|1.0|1.0|444.711998761|-960.0|22|rock|-|SG001424|-|427
UTNTSkyEdge_tnt04b_2666_1|2666|1|0|510|510|1792.0|800.0|1744.0|848.0|1768.3535533905933|824.3535533905932|384.0|384.0|384.0|QROCK3|QROCK3X8|1.0|1.0|376.829747767|-960.0|22|rock|-|SG001424|-|427
UTNTSkyEdge_tnt04b_2667_1|2667|1|0|510|510|1904.0|784.0|1792.0|800.0|1848.0707106781188|792.4949747468306|384.0|384.0|384.0|QROCK3|QROCK3X8|1.0|1.0|263.692662777|-960.0|22|rock|-|SG001424|-|427
UTNTSkyEdge_tnt04b_2668_1|2668|1|0|510|510|1984.0|800.0|1904.0|784.0|1943.9019419324309|792.4902903378454|384.0|384.0|384.0|QROCK3|QROCK3X8|1.0|1.0|182.10835056|-960.0|22|rock|-|SG001424|-|427
UTNTSkyEdge_tnt04b_2669_1|2669|1|0|510|510|2048.0|832.0|1984.0|800.0|2015.7763932022501|816.4472135955|384.0|384.0|384.0|QROCK3|QROCK3X8|1.0|1.0|110.55417528|-904.0|20.377358490566028|rock|-|SG001424|-|427
UTNTSkyEdge_tnt04b_2670_1|2670|1|0|510|510|2112.0|800.0|2048.0|832.0|2080.22360679775|816.4472135955|384.0|384.0|384.0|QROCK3|QROCK3X8|1.0|1.0|39.0|-904.0|22|rock|-|SG001424|-|427
UTNTSkyEdge_tnt04b_2671_1|2671|1|0|510|510|2144.0|800.0|2112.0|800.0|2128.0|800.5|384.0|384.0|384.0|QROCK3|QROCK3X8|1.0|1.0|7.0|-800.0|22|rock|-|SG001424|-|427
UTNTSkyEdge_tnt04b_2672_1|2672|1|0|473|473|1600.0|480.0|1632.0|512.0|1616.3535533905933|495.6464466094067|384.0|384.0|384.0|QROCK3|QROCK3X8|1.0|1.0|265.798009938|-752.0|22|rock|-|SG001423|-|426
UTNTSkyEdge_tnt04b_2674_1|2674|1|0|473|473|1440.0|464.0|1600.0|480.0|1520.0497518595105|471.502481404895|384.0|384.0|384.0|QROCK3|QROCK3X8|1.0|1.0|105.0|-752.0|22|rock|-|SG001423|-|426
UTNTSkyEdge_tnt04b_2675_1|2675|1|0|473|473|2080.0|464.0|2176.0|480.0|2128.0821994936528|471.50680303808394|384.0|384.0|384.0|QROCK3|QROCK3X8|1.0|1.0|119.0|-800.0|22|rock|-|SG001423|-|426
UTNTSkyEdge_tnt04b_2676_1|2676|1|0|473|473|1968.0|544.0|2032.0|480.0|1999.6464466094067|511.6464466094067|384.0|384.0|384.0|QROCK3|QROCK3X8|1.0|1.0|105.0|-904.0|22|rock|-|SG001423|-|426
UTNTSkyEdge_tnt04b_2677_1|2677|1|0|473|473|1920.0|608.0|1968.0|544.0|1943.6|575.7|384.0|384.0|384.0|QROCK3|QROCK3X8|1.0|1.0|25.0|-904.0|22|rock|-|SG001423|-|426
UTNTSkyEdge_tnt04b_2678_1|2678|1|0|473|473|1856.0|640.0|1920.0|608.0|1887.7763932022501|623.5527864045|384.0|384.0|384.0|QROCK3|QROCK3X8|1.0|1.0|337.001894401|-960.0|22|rock|-|SG001423|-|426
UTNTSkyEdge_tnt04b_2679_1|2679|1|0|473|473|1792.0|640.0|1856.0|640.0|1824.0|639.5|384.0|384.0|384.0|QROCK3|QROCK3X8|1.0|1.0|273.001894401|-960.0|22|rock|-|SG001423|-|426
UTNTSkyEdge_tnt04b_2680_1|2680|1|0|473|473|1696.0|608.0|1792.0|640.0|1744.1581138830084|623.5256583509747|384.0|384.0|384.0|QROCK3|QROCK3X8|1.0|1.0|171.809009276|-960.0|22|rock|-|SG001423|-|426
UTNTSkyEdge_tnt04b_2681_1|2681|1|0|473|473|1664.0|576.0|1696.0|608.0|1680.3535533905933|591.6464466094068|384.0|384.0|384.0|QROCK3|QROCK3X8|1.0|1.0|126.55417528|-896.0|19.54909090909091|rock|-|SG001423|-|426
UTNTSkyEdge_tnt04b_2682_1|2682|1|0|473|473|1632.0|512.0|1664.0|576.0|1648.4472135955|543.77639320225|384.0|384.0|384.0|QROCK3|QROCK3X8|1.0|1.0|55.0|-896.0|22|rock|-|SG001423|-|426
UTNTSkyEdge_tnt04b_2702_1|2702|1|0|473|473|2032.0|480.0|2080.0|464.0|2055.8418861169916|471.52565835097477|384.0|384.0|384.0|QROCK3|QROCK3X8|1.0|1.0|195.509667992|-904.0|22|rock|-|SG001423|-|426
UTNTSkyEdge_tnt04b_2765_1|2765|1|0|511|511|3088.0|-1216.0|3040.0|-1216.0|3064.0|-1215.5|384.0|384.0|384.0|QROCK3|QROCK3X8|1.0|1.0|82.0|-640.0|22|rock|-|SG001428|-|431
UTNTSkyEdge_tnt04b_2769_0|2769|0|1|513|513|2816.0|-1232.0|2784.0|-1248.0|2799.77639320225|-1239.5527864045|384.0|384.0|384.0|QROCK3|QROCK3X8|1.0|1.0|102.0|0.0|22|rock|-|SG001433|-|436
UTNTSkyEdge_tnt04b_2771_1|2771|1|0|525|525|3040.0|-1216.0|2976.0|-1216.0|3008.0|-1215.5|384.0|384.0|384.0|QROCK3|QROCK3X8|1.0|1.0|2.0|-640.0|22|rock|-|SG001434|-|437
UTNTSkyEdge_tnt04b_2780_1|2780|1|0|510|510|1536.0|-1568.0|1472.0|-1536.0|1504.2236067977499|-1551.5527864045|384.0|384.0|384.0|QROCK3|QROCK3X8|1.0|1.0|824.557964083|-744.0|22|rock|-|SG001424|-|427
UTNTSkyEdge_tnt04b_2781_1|2781|1|0|510|510|1600.0|-1568.0|1536.0|-1568.0|1568.0|-1567.5|384.0|384.0|384.0|QROCK3|QROCK3X8|1.0|1.0|760.557964083|-744.0|22|rock|-|SG001424|-|427
UTNTSkyEdge_tnt04b_2782_1|2782|1|0|510|510|1696.0|-1600.0|1600.0|-1568.0|1648.1581138830084|-1583.5256583509747|384.0|384.0|384.0|QROCK3|QROCK3X8|1.0|1.0|659.365078957|-744.0|22|rock|-|SG001424|-|427
UTNTSkyEdge_tnt04b_2783_1|2783|1|0|510|510|1760.0|-1600.0|1696.0|-1600.0|1728.0|-1599.5|384.0|384.0|384.0|QROCK3|QROCK3X8|1.0|1.0|595.365078957|-744.0|22|rock|-|SG001424|-|427
UTNTSkyEdge_tnt04b_2784_1|2784|1|0|510|510|1792.0|-1632.0|1760.0|-1600.0|1776.3535533905933|-1615.6464466094067|384.0|384.0|384.0|QROCK3|QROCK3X8|1.0|1.0|550.110244961|-744.0|22|rock|-|SG001424|-|427
UTNTSkyEdge_tnt04b_2785_1|2785|1|0|510|510|1792.0|-1696.0|1792.0|-1632.0|1792.5|-1664.0|384.0|384.0|384.0|QROCK3|QROCK3X8|1.0|1.0|486.110244961|-744.0|22|rock|-|SG001424|-|427
UTNTSkyEdge_tnt04b_2786_1|2786|1|0|510|510|1760.0|-1728.0|1792.0|-1696.0|1776.3535533905933|-1712.3535533905933|384.0|384.0|384.0|QROCK3|QROCK3X8|1.0|1.0|440.855410965|-744.0|22|rock|-|SG001424|-|427
UTNTSkyEdge_tnt04b_2787_1|2787|1|0|510|510|1696.0|-1760.0|1760.0|-1728.0|1728.2236067977499|-1744.4472135955|384.0|384.0|384.0|QROCK3|QROCK3X8|1.0|1.0|369.301235685|-744.0|22|rock|-|SG001424|-|427
UTNTSkyEdge_tnt04b_2788_1|2788|1|0|510|510|1600.0|-1728.0|1696.0|-1760.0|1647.8418861169916|-1744.4743416490253|384.0|384.0|384.0|QROCK3|QROCK3X8|1.0|1.0|268.10835056|-744.0|22|rock|-|SG001424|-|427
UTNTSkyEdge_tnt04b_2789_1|2789|1|0|510|510|1536.0|-1760.0|1600.0|-1728.0|1568.2236067977499|-1744.4472135955|384.0|384.0|384.0|QROCK3|QROCK3X8|1.0|1.0|196.55417528|-744.0|22|rock|-|SG001424|-|427
UTNTSkyEdge_tnt04b_2791_1|2791|1|0|510|510|1472.0|-1728.0|1536.0|-1760.0|1503.7763932022501|-1744.4472135955|384.0|384.0|384.0|QROCK3|QROCK3X8|1.0|1.0|125.0|-744.0|22|rock|-|SG001424|-|427
UTNTSkyEdge_tnt04b_3584_0|3584|0|0|715|715|-2506.0|-509.0|-2475.0|-574.0|-2490.951301840602|-541.7152362624408|136.0|136.0|136.0|QROCK1|QROCK1X8|1.0|1.0|168.652443516|-848.0|20.16|rock|-|SG001435|-|438
UTNTSkyEdge_tnt04b_3585_0|3585|0|0|715|715|-2504.0|-455.0|-2506.0|-509.0|-2505.4996574168836|-481.9814941697451|136.0|136.0|136.0|QROCK1|QROCK1X8|1.0|1.0|114.615419172|-848.0|20.16|rock|-|SG001435|-|438
UTNTSkyEdge_tnt04b_3586_0|3586|0|0|715|715|-2483.0|-372.0|-2504.0|-455.0|-2493.98472577021|-413.37735854006735|136.0|136.0|136.0|QROCK1|QROCK1X8|1.0|1.0|29.0|-848.0|20.16|rock|-|SG001435|-|438
UTNTSkyEdge_tnt04b_3610_0|3610|0|1|3112|3112|-1344.0|-1344.0|-1328.0|-1248.0|-1335.506803038084|-1296.0821994936528|136.0|136.0|136.0|QROCK1|QROCK1X8|1.0|1.0|88.0|120.0|22|rock|-|SG001436|-|439
UTNTSkyEdge_tnt04b_3662_0|3662|0|1|715|715|-2475.0|-574.0|-2551.0|-614.0|-2513.2328732164165|-593.5575408888091|136.0|136.0|136.0|QROCK1|QROCK1X8|1.0|1.0|113.0|120.0|9.6|rock|-|SG001435|-|438
UTNTSkyEdge_tnt04b_3663_0|3663|0|1|719|719|-2568.0|-623.0|-2753.0|-624.0|-2660.502702663219|-623.0000073044419|136.0|136.0|136.0|QROCK1|QROCK1X8|1.0|1.0|90.235384062|120.0|11.894101633393829|rock|-|SG001437|-|440
UTNTSkyEdge_tnt04b_3664_0|3664|0|1|719|719|-2753.0|-624.0|-2815.0|-591.0|-2783.7650754592773|-607.0586266204604|136.0|136.0|136.0|QROCK1|QROCK1X8|1.0|1.0|275.238086745|120.0|13.652041742286752|rock|-|SG001437|-|440
UTNTSkyEdge_tnt04b_3665_0|3665|0|1|720|720|-2880.0|-556.0|-2980.0|-480.0|-2929.697458366233|-517.6019189029385|136.0|136.0|136.0|QROCK1|QROCK1X8|1.0|1.0|162.824115301|120.0|15.374112426035502|rock|-|SG001438|-|441
UTNTSkyEdge_tnt04b_3666_0|3666|0|1|721|721|-3015.0|-453.0|-3097.0|-414.0|-3055.7852469792642|-433.04846800768394|136.0|136.0|136.0|QROCK1|QROCK1X8|1.0|1.0|77.204072211|120.0|16.739265597920276|rock|-|SG001439|-|442
UTNTSkyEdge_tnt04b_3667_0|3667|0|1|721|721|-3097.0|-414.0|-3212.0|-432.0|-3154.5773194734957|-422.5060144748898|136.0|136.0|136.0|QROCK1|QROCK1X8|1.0|1.0|168.006054568|120.0|17.896273830155977|rock|-|SG001439|-|442
UTNTSkyEdge_tnt04b_3668_0|3668|0|1|93|93|-3298.0|-158.0|-3268.0|-172.0|-3283.2114427326655|-165.45309156999764|136.0|136.0|136.0|QROCK1|QROCK1X8|1.0|1.0|18.0|120.0|19.2|rock|-|SG001440|-|443
UTNTSkyEdge_tnt04b_3669_0|3669|0|1|840|840|-3200.0|-200.0|-3131.0|-210.0|-3165.5717145361596|-205.49483029950017|136.0|136.0|136.0|QROCK1|QROCK1X8|1.0|1.0|124.645722793|120.0|19.2|rock|-|SG001441|-|444
UTNTSkyEdge_tnt04b_3670_0|3670|0|1|721|721|-2984.0|-230.0|-2948.0|-281.0|-2966.4084839316324|-255.78834159879932|136.0|136.0|136.0|QROCK1|QROCK1X8|1.0|1.0|215.354305634|120.0|16.688247400346622|rock|-|SG001439|-|442
UTNTSkyEdge_tnt04b_3671_0|3671|0|1|720|720|-2910.0|-336.0|-2800.0|-422.0|-2855.307960983199|-379.3939035831612|136.0|136.0|136.0|QROCK1|QROCK1X8|1.0|1.0|87.850579653|120.0|14.943934911242604|rock|-|SG001438|-|441
UTNTSkyEdge_tnt04b_3672_0|3672|0|1|720|720|-2800.0|-422.0|-2724.0|-409.0|-2761.9156980875223|-415.9928419498709|136.0|136.0|136.0|QROCK1|QROCK1X8|1.0|1.0|227.478657059|120.0|14.399999999999999|rock|-|SG001438|-|441
UTNTSkyEdge_tnt04b_3673_0|3673|0|1|719|719|-2663.0|-398.0|-2562.0|-339.0|-2612.2477987568686|-368.9317343314621|136.0|136.0|136.0|QROCK1|QROCK1X8|1.0|1.0|110.983868869|120.0|13.189927404718691|rock|-|SG001437|-|440
UTNTSkyEdge_tnt04b_3674_0|3674|0|1|719|719|-2562.0|-339.0|-2534.0|-350.0|-2548.1828261862115|-344.96537574672016|136.0|136.0|136.0|QROCK1|QROCK1X8|1.0|1.0|227.953950514|120.0|12.870735027223231|rock|-|SG001437|-|440
UTNTSkyEdge_tnt04b_3675_0|3675|0|1|719|719|-2724.0|-409.0|-2663.0|-398.0|-2693.411267236132|-403.99206350872254|136.0|136.0|136.0|QROCK1|QROCK1X8|1.0|1.0|49.0|120.0|13.871188747731397|rock|-|SG001437|-|440
UTNTSkyEdge_tnt04b_3676_0|3676|0|1|720|720|-2815.0|-591.0|-2880.0|-556.0|-2847.2629500884823|-573.0597644500389|136.0|136.0|136.0|QROCK1|QROCK1X8|1.0|1.0|89.0|120.0|14.854326923076924|rock|-|SG001438|-|441
UTNTSkyEdge_tnt04b_3678_0|3678|0|1|720|720|-2948.0|-281.0|-2910.0|-336.0|-2929.411365169047|-308.7842159349777|136.0|136.0|136.0|QROCK1|QROCK1X8|1.0|1.0|21.0|120.0|15.85525147928994|rock|-|SG001438|-|441
UTNTSkyEdge_tnt04b_3679_0|3679|0|1|721|721|-2980.0|-480.0|-3015.0|-453.0|-2997.194598272854|-466.10410887221826|136.0|136.0|136.0|QROCK1|QROCK1X8|1.0|1.0|33.0|120.0|16.2|rock|-|SG001439|-|442
UTNTSkyEdge_tnt04b_3681_0|3681|0|1|715|715|-2534.0|-350.0|-2483.0|-372.0|-2508.6980455557173|-361.4591056064356|136.0|136.0|136.0|QROCK1|QROCK1X8|1.0|1.0|2.0|120.0|10.222294160132067|rock|-|SG001435|-|438
UTNTSkyEdge_tnt04b_3682_0|3682|0|1|719|719|-2551.0|-614.0|-2568.0|-623.0|-2559.7339438602094|-618.0581060418265|136.0|136.0|136.0|QROCK1|QROCK1X8|1.0|1.0|71.0|120.0|11.775|rock|-|SG001437|-|440
UTNTSkyEdge_tnt04b_3684_0|3684|0|1|721|721|-3131.0|-210.0|-2984.0|-230.0|-3057.5674062000244|-220.4954355701787|136.0|136.0|136.0|QROCK1|QROCK1X8|1.0|1.0|67.0|120.0|17.344822357019062|rock|-|SG001439|-|442
UTNTSkyEdge_tnt04b_3685_0|3685|0|1|840|840|-3212.0|-432.0|-3268.0|-441.0|-3240.079339047692|-436.00633481436165|136.0|136.0|136.0|QROCK1|QROCK1X8|1.0|1.0|28.0|120.0|19.2|rock|-|SG001441|-|444
UTNTSkyEdge_tnt04b_3687_0|3687|0|1|724|724|-3288.0|-444.0|-3383.0|-573.0|-3335.9026063493243|-508.2035069520481|136.0|136.0|136.0|QROCK1X8|QROCK1X8|1.0|1.0|0.0|120.0|22|rock|-|SG001442|-|445
UTNTSkyEdge_tnt04b_3688_0|3688|0|1|724|724|-3383.0|-573.0|-3476.0|-731.0|-3429.93089698323|-651.7463707630354|136.0|136.0|136.0|QROCK1X8|QROCK1X8|1.0|1.0|160.206117237|120.0|22|rock|-|SG001442|-|445
UTNTSkyEdge_tnt04b_3689_0|3689|0|1|724|724|-3476.0|-731.0|-3632.0|-851.0|-3554.3048553804247|-790.6036880054477|136.0|136.0|136.0|QROCK1X8|QROCK1X8|1.0|1.0|343.544602013|120.0|22|rock|-|SG001442|-|445
UTNTSkyEdge_tnt04b_3690_0|3690|0|1|724|724|-3632.0|-851.0|-3660.0|-855.0|-3646.0707106781188|-852.5050252531694|136.0|136.0|136.0|QROCK1X8|QROCK1X8|1.0|1.0|540.359235615|120.0|22|rock|-|SG001442|-|445
UTNTSkyEdge_tnt04b_3691_0|3691|0|1|724|724|-4490.0|-1084.0|-4543.0|-1009.0|-4516.091667009465|-1046.2114446866883|136.0|136.0|136.0|QROCK1X8|QROCK1X8|1.0|1.0|779.127111393|120.0|22|rock|-|SG001442|-|445
UTNTSkyEdge_tnt04b_3692_0|3692|0|1|724|724|-4764.0|-1026.0|-5033.0|-1135.0|-4898.687772577525|-1080.0365979508788|136.0|136.0|136.0|QROCK1X8|QROCK1X8|1.0|1.0|84.765258154|120.0|22|rock|-|SG001442|-|445
UTNTSkyEdge_tnt04b_3693_0|3693|0|1|724|724|-5033.0|-1135.0|-5213.0|-1021.0|-5122.732473959408|-1077.5775904622228|136.0|136.0|136.0|QROCK1X8|QROCK1X8|1.0|1.0|375.009982482|120.0|22|rock|-|SG001442|-|445
UTNTSkyEdge_tnt04b_3694_0|3694|0|1|724|724|-5213.0|-1021.0|-5253.0|-802.0|-5232.508137074145|-911.410162022675|136.0|136.0|136.0|QROCK1X8|QROCK1X8|1.0|1.0|588.073353337|120.0|22|rock|-|SG001442|-|445
UTNTSkyEdge_tnt04b_3695_0|3695|0|1|723|723|-5253.0|-802.0|-5128.0|-560.0|-5190.055762095674|-681.229461727441|136.0|136.0|136.0|QROCK1|QROCK1X8|1.0|1.0|60.0|120.0|19.2|rock|-|SG001443|-|446
UTNTSkyEdge_tnt04b_3696_0|3696|0|1|742|742|-5383.0|300.0|-5315.0|447.0|-5348.546201182934|373.29007945877214|136.0|136.0|136.0|QROCK1X8|QROCK1X8|1.0|1.0|175.571975973|120.0|22|rock|-|SG001444|-|447
UTNTSkyEdge_tnt04b_3697_0|3697|0|1|742|742|-5339.0|515.0|-5138.0|532.0|-5238.4578618872565|523.0017787846203|136.0|136.0|136.0|QROCK1X8|QROCK1X8|1.0|1.0|409.649047306|120.0|22|rock|-|SG001444|-|447
UTNTSkyEdge_tnt04b_3698_0|3698|0|1|742|742|-5092.0|549.0|-5015.0|561.0|-5053.423007289368|554.5059634401084|136.0|136.0|136.0|QROCK1X8|QROCK1X8|1.0|1.0|660.407471063|120.0|22|rock|-|SG001444|-|447
UTNTSkyEdge_tnt04b_3699_0|3699|0|1|742|742|-4894.0|553.0|-4759.0|497.0|-4826.691578708558|524.5381584704393|136.0|136.0|136.0|QROCK1X8|QROCK1X8|1.0|1.0|859.617283359|120.0|22|rock|-|SG001444|-|447
UTNTSkyEdge_tnt04b_3700_0|3700|0|1|742|742|-4759.0|497.0|-4743.0|502.0|-4750.850862503432|499.0227600109825|136.0|136.0|136.0|QROCK1X8|QROCK1X8|1.0|1.0|1005.771311699|120.0|22|rock|-|SG001444|-|447
UTNTSkyEdge_tnt04b_3701_0|3701|0|1|742|742|-4623.0|543.0|-4502.0|482.0|-4562.7250815244|512.0535268122565|136.0|136.0|136.0|QROCK1X8|QROCK1X8|1.0|1.0|559.831137764|120.0|22|rock|-|SG001444|-|447
UTNTSkyEdge_tnt04b_3702_0|3702|0|1|742|742|-4502.0|482.0|-4433.0|508.0|-4467.323695382913|494.5321146700379|136.0|136.0|136.0|QROCK1X8|QROCK1X8|1.0|1.0|695.337595175|120.0|22|rock|-|SG001444|-|447
UTNTSkyEdge_tnt04b_3703_0|3703|0|1|742|742|-4433.0|508.0|-4301.0|471.0|-4367.13495024319|489.0185558891596|136.0|136.0|136.0|QROCK1X8|QROCK1X8|1.0|1.0|769.073610798|120.0|22|rock|-|SG001444|-|447
UTNTSkyEdge_tnt04b_3704_0|3704|0|1|742|742|-3590.0|382.0|-3484.0|301.0|-3537.303585918204|341.10271472432515|136.0|136.0|136.0|QROCK1X8|QROCK1X8|1.0|1.0|647.997859874|120.0|22|rock|-|SG001444|-|447
UTNTSkyEdge_tnt04b_3705_0|3705|0|1|742|742|-3484.0|301.0|-3413.0|192.0|-3448.9189581632572|246.22710064595162|136.0|136.0|136.0|QROCK1X8|QROCK1X8|1.0|1.0|781.403257066|120.0|22|rock|-|SG001444|-|447
UTNTSkyEdge_tnt04b_3706_0|3706|0|1|742|742|-3413.0|192.0|-3296.0|135.0|-3354.7189847116397|163.05050506558138|136.0|136.0|136.0|QROCK1X8|QROCK1X8|1.0|1.0|911.487844931|120.0|22|rock|-|SG001444|-|447
UTNTSkyEdge_tnt04b_3707_0|3707|0|1|742|742|-3296.0|135.0|-3272.0|68.0|-3284.470711796391|101.33138681920325|136.0|136.0|136.0|QROCK1X8|QROCK1X8|1.0|1.0|17.633916712|120.0|22|rock|-|SG001444|-|447
UTNTSkyEdge_tnt04b_3708_0|3708|0|1|742|742|-3272.0|68.0|-3298.0|-104.0|-3285.4943835246027|-17.92526760674611|136.0|136.0|136.0|QROCK1X8|QROCK1X8|1.0|1.0|88.802730107|120.0|22|rock|-|SG001444|-|447
UTNTSkyEdge_tnt04b_3709_0|3709|0|1|742|742|-3298.0|-104.0|-3298.0|-158.0|-3298.5|-131.0|136.0|136.0|136.0|QROCK1X8|QROCK1X8|1.0|1.0|262.756747019|120.0|22|rock|-|SG001444|-|447
UTNTSkyEdge_tnt04b_3761_0|3761|0|1|93|93|-3268.0|-441.0|-3288.0|-444.0|-3278.074170226465|-442.00553182356583|136.0|136.0|136.0|QROCK1|QROCK1X8|1.0|1.0|84.71860365|120.0|19.2|rock|-|SG001440|-|443
UTNTSkyEdge_tnt04b_3762_0|3762|0|1|840|840|-3236.0|-185.0|-3200.0|-200.0|-3218.1923076923076|-192.96153846153845|136.0|136.0|136.0|QROCK1|QROCK1X8|1.0|1.0|85.645722793|120.0|19.2|rock|-|SG001441|-|444
UTNTSkyEdge_tnt04b_3771_0|3771|0|1|742|742|-4049.0|404.0|-3925.0|422.0|-3986.9281721803977|412.50518613163007|136.0|136.0|136.0|QROCK1X8|QROCK1X8|1.0|1.0|166.585896166|120.0|22|rock|-|SG001444|-|447
UTNTSkyEdge_tnt04b_3772_0|3772|0|1|724|724|-4040.0|-1073.0|-4271.0|-1057.0|-4155.465450741436|-1064.5011950794824|136.0|136.0|136.0|QROCK1X8|QROCK1X8|1.0|1.0|326.915555258|120.0|22|rock|-|SG001442|-|445
UTNTSkyEdge_tnt04b_3773_0|3773|0|1|724|724|-4662.0|-975.0|-4764.0|-1026.0|-4713.22360679775|-1000.0527864045|136.0|136.0|136.0|QROCK1X8|QROCK1X8|1.0|1.0|994.725791302|120.0|22|rock|-|SG001442|-|445
UTNTSkyEdge_tnt04b_3774_0|3774|0|1|724|724|-3836.0|-879.0|-4040.0|-1073.0|-3938.3445613964122|-975.6376777068654|136.0|136.0|136.0|QROCK1X8|QROCK1X8|1.0|1.0|45.398237851|120.0|22|rock|-|SG001442|-|445
UTNTSkyEdge_tnt04b_3775_0|3775|0|1|724|724|-4271.0|-1057.0|-4490.0|-1084.0|-4380.561180621048|-1070.0037571848297|136.0|136.0|136.0|QROCK1X8|QROCK1X8|1.0|1.0|558.469004811|120.0|22|rock|-|SG001442|-|445
UTNTSkyEdge_tnt04b_3776_0|3776|0|1|724|724|-4543.0|-1009.0|-4662.0|-975.0|-4602.362639436052|-991.5192380261796|136.0|136.0|136.0|QROCK1X8|QROCK1X8|1.0|1.0|870.963923184|120.0|22|rock|-|SG001442|-|445
UTNTSkyEdge_tnt04b_3777_0|3777|0|1|742|742|-4301.0|471.0|-4165.0|377.0|-4233.284290372083|423.5886862701773|136.0|136.0|136.0|QROCK1X8|QROCK1X8|1.0|1.0|906.161174056|120.0|22|rock|-|SG001444|-|447
UTNTSkyEdge_tnt04b_3778_0|3778|0|1|742|742|-3769.0|346.0|-3590.0|382.0|-3679.401415361655|363.5098152704516|136.0|136.0|136.0|QROCK1X8|QROCK1X8|1.0|1.0|465.413632735|120.0|22|rock|-|SG001444|-|447
UTNTSkyEdge_tnt04b_3779_0|3779|0|1|742|742|-3925.0|422.0|-3769.0|346.0|-3847.2189847116397|383.5505050655814|136.0|136.0|136.0|QROCK1X8|QROCK1X8|1.0|1.0|291.885537027|120.0|22|rock|-|SG001444|-|447
UTNTSkyEdge_tnt04b_3780_0|3780|0|1|742|742|-4165.0|377.0|-4049.0|404.0|-4106.886650633188|390.0130175351788|136.0|136.0|136.0|QROCK1X8|QROCK1X8|1.0|1.0|47.485098519|120.0|22|rock|-|SG001444|-|447
UTNTSkyEdge_tnt04b_3781_0|3781|0|1|723|723|-5326.0|112.0|-5332.0|132.0|-5328.5210868573895|122.14367394278317|136.0|136.0|136.0|QROCK1|QROCK1X8|1.0|1.0|377.348342753|120.0|19.2|rock|-|SG001443|-|446
UTNTSkyEdge_tnt04b_4029_0|4029|0|1|724|724|-3791.0|-873.0|-3836.0|-879.0|-3813.5660818600454|-875.5043860496587|136.0|136.0|136.0|QROCK1X8|QROCK1X8|1.0|1.0|0.0|120.0|22|rock|-|SG001442|-|445
UTNTSkyEdge_tnt04b_4060_0|4060|0|1|742|742|-4663.0|529.0|-4623.0|543.0|-4642.834824787636|535.528070821817|136.0|136.0|136.0|QROCK1X8|QROCK1X8|1.0|1.0|517.451897563|120.0|22|rock|-|SG001444|-|447
UTNTSkyEdge_tnt04b_4172_0|4172|0|1|742|742|-5138.0|532.0|-5092.0|549.0|-5114.826674929564|540.0310027505855|136.0|136.0|136.0|QROCK1X8|QROCK1X8|1.0|1.0|611.366671722|120.0|22|rock|-|SG001444|-|447
UTNTSkyEdge_tnt04b_4178_0|4178|0|1|742|742|-5355.0|209.0|-5383.0|300.0|-5368.522110495639|254.64704292441877|136.0|136.0|136.0|QROCK1X8|QROCK1X8|1.0|1.0|80.361682411|120.0|22|rock|-|SG001444|-|447
UTNTSkyEdge_tnt04b_4179_0|4179|0|1|742|742|-5315.0|447.0|-5339.0|515.0|-5326.528504833209|481.16641005886754|136.0|136.0|136.0|QROCK1X8|QROCK1X8|1.0|1.0|337.538021797|120.0|22|rock|-|SG001444|-|447
UTNTSkyEdge_tnt04b_4185_0|4185|0|1|742|742|-4901.0|553.0|-4894.0|553.0|-4897.5|552.5|136.0|136.0|136.0|QROCK1X8|QROCK1X8|1.0|1.0|852.617283359|120.0|22|rock|-|SG001444|-|447
UTNTSkyEdge_tnt04b_4187_0|4187|0|1|742|742|-5015.0|561.0|-4901.0|553.0|-4958.03500164074|556.5012266194498|136.0|136.0|136.0|QROCK1X8|QROCK1X8|1.0|1.0|738.336926342|120.0|22|rock|-|SG001444|-|447
UTNTSkyEdge_tnt04b_4194_0|4194|0|1|742|742|-5332.0|132.0|-5355.0|209.0|-5343.020915953416|170.6431030269018|136.0|136.0|136.0|QROCK1X8|QROCK1X8|1.0|1.0|0.0|120.0|22|rock|-|SG001444|-|447
UTNTSkyEdge_tnt04b_4683_0|4683|0|1|723|723|-5144.0|-16.0|-5326.0|112.0|-5234.712364634339|48.408981535549934|136.0|136.0|136.0|QROCK1|QROCK1X8|1.0|1.0|154.844410204|120.0|19.2|rock|-|SG001443|-|446
UTNTSkyEdge_tnt04b_4799_0|4799|0|1|840|840|-3268.0|-172.0|-3236.0|-185.0|-3252.188188523478|-178.96323328856116|136.0|136.0|136.0|QROCK1|QROCK1X8|1.0|1.0|51.105890714|120.0|19.2|rock|-|SG001441|-|444
UTNTSkyEdge_tnt04b_5257_0|5257|0|0|929|929|3936.0|-80.0|3904.0|-144.0|3919.5527864045002|-111.77639320225002|384.0|384.0|384.0|QROCK3|QROCK3X8|1.0|1.0|82.0|-968.0|20.16|rock|-|SG001425|-|428
UTNTSkyEdge_tnt04b_5258_0|5258|0|0|929|929|3904.0|-144.0|3904.0|-240.0|3903.5|-192.0|384.0|384.0|384.0|QROCK3|QROCK3X8|1.0|1.0|153.55417528|-968.0|20.16|rock|-|SG001425|-|428
UTNTSkyEdge_tnt04b_5259_0|5259|0|0|929|929|3904.0|-240.0|3872.0|-336.0|3887.525658350975|-287.8418861169916|384.0|384.0|384.0|QROCK3|QROCK3X8|1.0|1.0|249.55417528|-968.0|20.16|rock|-|SG001425|-|428
UTNTSkyEdge_tnt04b_5260_0|5260|0|0|929|929|3872.0|-336.0|3872.0|-400.0|3871.5|-368.0|384.0|384.0|384.0|QROCK3|QROCK3X8|1.0|1.0|350.747060405|-968.0|20.16|rock|-|SG001425|-|428
UTNTSkyEdge_tnt04b_5261_0|5261|0|0|929|929|3872.0|-400.0|3904.0|-464.0|3887.5527864045002|-432.22360679775|384.0|384.0|384.0|QROCK3|QROCK3X8|1.0|1.0|414.747060405|-968.0|20.16|rock|-|SG001425|-|428
UTNTSkyEdge_tnt04b_5262_0|5262|0|0|929|929|3904.0|-464.0|3872.0|-560.0|3887.525658350975|-511.8418861169916|384.0|384.0|384.0|QROCK3|QROCK3X8|1.0|1.0|486.301235685|-968.0|20.16|rock|-|SG001425|-|428
UTNTSkyEdge_tnt04b_5263_0|5263|0|0|929|929|3872.0|-560.0|3872.0|-656.0|3871.5|-608.0|384.0|384.0|384.0|QROCK3|QROCK3X8|1.0|1.0|587.494120811|-968.0|20.16|rock|-|SG001425|-|428
UTNTSkyEdge_tnt04b_5264_0|5264|0|0|929|929|3872.0|-656.0|3904.0|-720.0|3887.5527864045002|-688.22360679775|384.0|384.0|384.0|QROCK3|QROCK3X8|1.0|1.0|683.494120811|-968.0|20.16|rock|-|SG001425|-|428
UTNTSkyEdge_tnt04b_5265_0|5265|0|0|929|929|3904.0|-720.0|3904.0|-752.0|3903.5|-736.0|384.0|384.0|384.0|QROCK3|QROCK3X8|1.0|1.0|755.048296091|-968.0|20.16|rock|-|SG001425|-|428
UTNTSkyEdge_tnt04b_5266_0|5266|0|0|929|929|3904.0|-752.0|3928.0|-832.0|3915.5210868573895|-792.1436739427832|384.0|384.0|384.0|QROCK3|QROCK3X8|1.0|1.0|787.048296091|-968.0|20.16|rock|-|SG001425|-|428
UTNTSkyEdge_tnt04b_5267_0|5267|0|1|929|929|4000.0|-848.0|3904.0|-896.0|3951.77639320225|-871.5527864045|384.0|384.0|384.0|QROCK3|QROCK3X8|1.0|1.0|50.0|0.0|22|rock|-|SG001425|-|428
UTNTSkyEdge_tnt04b_7105_1|7105|1|0|1266|1266|6800.0|-112.0|6736.0|-64.0|6768.3|-87.6|544.0|544.0|544.0|QROCK3X8|QROCK3X8|1.0|1.0|311.32395003|-632.0|22|rock|-|SG001445|-|448
UTNTSkyEdge_tnt04b_7106_1|7106|1|0|1266|1266|6848.0|-128.0|6800.0|-112.0|6824.158113883009|-119.52565835097474|544.0|544.0|544.0|QROCK3X8|QROCK3X8|1.0|1.0|260.727507468|-632.0|22|rock|-|SG001445|-|448
UTNTSkyEdge_tnt04b_7107_1|7107|1|0|1266|1266|6864.0|-176.0|6848.0|-128.0|6856.4743416490255|-151.8418861169916|544.0|544.0|544.0|QROCK3X8|QROCK3X8|1.0|1.0|210.131064905|-632.0|22|rock|-|SG001445|-|448
UTNTSkyEdge_tnt04b_7108_1|7108|1|0|1266|1266|6816.0|-224.0|6864.0|-176.0|6840.353553390593|-200.35355339059328|544.0|544.0|544.0|QROCK3X8|QROCK3X8|1.0|1.0|142.248813911|-632.0|22|rock|-|SG001445|-|448
UTNTSkyEdge_tnt04b_7109_1|7109|1|0|1266|1266|6864.0|-256.0|6816.0|-224.0|6840.277350098113|-239.5839748528311|544.0|544.0|544.0|QROCK3X8|QROCK3X8|1.0|1.0|84.559993504|-632.0|22|rock|-|SG001445|-|448
UTNTSkyEdge_tnt04b_7110_1|7110|1|0|1266|1266|6912.0|-272.0|6864.0|-256.0|6888.158113883009|-263.52565835097477|544.0|544.0|544.0|QROCK3X8|QROCK3X8|1.0|1.0|33.963550941|-632.0|22|rock|-|SG001445|-|448
UTNTSkyEdge_tnt04b_7111_1|7111|1|0|1266|1266|7040.0|-608.0|7104.0|-544.0|7072.353553390593|-576.3535533905932|544.0|544.0|544.0|QROCK3X8|QROCK3X8|1.0|1.0|537.004834937|-632.0|22|rock|-|SG001445|-|448
UTNTSkyEdge_tnt04b_7112_1|7112|1|0|1266|1266|6912.0|-320.0|6912.0|-272.0|6912.5|-296.0|544.0|544.0|544.0|QROCK3X8|QROCK3X8|1.0|1.0|1009.963550941|-632.0|22|rock|-|SG001445|-|448
UTNTSkyEdge_tnt04b_7113_1|7113|1|0|1266|1266|6976.0|-336.0|6912.0|-320.0|6944.121267812518|-327.5149287499273|544.0|544.0|544.0|QROCK3X8|QROCK3X8|1.0|1.0|943.993860931|-632.0|22|rock|-|SG001445|-|448
UTNTSkyEdge_tnt04b_7114_1|7114|1|0|1266|1266|7040.0|-320.0|6976.0|-336.0|7007.878732187482|-327.5149287499273|544.0|544.0|544.0|QROCK3X8|QROCK3X8|1.0|1.0|878.024170921|-632.0|22|rock|-|SG001445|-|448
UTNTSkyEdge_tnt04b_7115_1|7115|1|0|1266|1266|7104.0|-544.0|7104.0|-384.0|7104.5|-464.0|544.0|544.0|544.0|QROCK3X8|QROCK3X8|1.0|1.0|627.514502929|-632.0|22|rock|-|SG001445|-|448
UTNTSkyEdge_tnt04b_7116_1|7116|1|0|1266|1266|6896.0|-704.0|6928.0|-640.0|6912.4472135955|-672.22360679775|544.0|544.0|544.0|QROCK3X8|QROCK3X8|1.0|1.0|297.734191998|-632.0|22|rock|-|SG001445|-|448
UTNTSkyEdge_tnt04b_7117_1|7117|1|0|1266|1266|6896.0|-800.0|6896.0|-704.0|6896.5|-752.0|544.0|544.0|544.0|QROCK3X8|QROCK3X8|1.0|1.0|201.734191998|-632.0|22|rock|-|SG001445|-|448
UTNTSkyEdge_tnt04b_7118_1|7118|1|0|1266|1266|6832.0|-816.0|6896.0|-800.0|6864.121267812518|-808.4850712500727|544.0|544.0|544.0|QROCK3X8|QROCK3X8|1.0|1.0|135.764501988|-632.0|22|rock|-|SG001445|-|448
UTNTSkyEdge_tnt04b_7119_1|7119|1|0|1266|1266|6784.0|-864.0|6832.0|-816.0|6808.353553390593|-840.3535533905932|544.0|544.0|544.0|QROCK3X8|QROCK3X8|1.0|1.0|67.882250994|-632.0|22|rock|-|SG001445|-|448
UTNTSkyEdge_tnt04b_7120_1|7120|1|0|1266|1266|6736.0|-912.0|6784.0|-864.0|6760.353553390593|-888.3535533905932|544.0|544.0|544.0|QROCK3X8|QROCK3X8|1.0|1.0|0.0|-632.0|22|rock|-|SG001445|-|448
UTNTSkyEdge_tnt04b_8352_1|8352|1|0|1266|1266|6928.0|-640.0|6912.0|-608.0|6920.4472135955|-623.77639320225|544.0|544.0|544.0|QROCK3X8|QROCK3X8|1.0|1.0|369.288367278|-632.0|22|rock|-|SG001445|-|448
UTNTSkyEdge_tnt04b_8353_1|8353|1|0|1266|1266|6912.0|-608.0|6976.0|-592.0|6944.121267812518|-600.4850712500727|544.0|544.0|544.0|QROCK3X8|QROCK3X8|1.0|1.0|405.065454918|-632.0|22|rock|-|SG001445|-|448
UTNTSkyEdge_tnt04b_8354_1|8354|1|0|1266|1266|7104.0|-384.0|7040.0|-320.0|7072.353553390593|-351.6464466094067|544.0|544.0|544.0|QROCK3X8|QROCK3X8|1.0|1.0|787.514502929|-632.0|22|rock|-|SG001445|-|448
UTNTSkyEdge_tnt04b_8355_1|8355|1|0|1266|1266|6976.0|-592.0|7040.0|-608.0|7007.878732187482|-600.4850712500727|544.0|544.0|544.0|QROCK3X8|QROCK3X8|1.0|1.0|471.035144928|-632.0|22|rock|-|SG001445|-|448
UTNTSkyEdge_tnt04b_9178_0|9178|0|1|510|510|1200.0|-1920.0|1280.0|-1856.0|1240.3123475237771|-1888.3904344047214|384.0|384.0|384.0|QROCK3X8|QROCK3X8|1.0|1.0|246.991479486|0.0|22|rock|-|SG001424|-|427
UTNTSkyEdge_tnt04b_9179_0|9179|0|1|510|510|1120.0|-1920.0|1200.0|-1920.0|1160.0|-1920.5|384.0|384.0|384.0|QROCK3X8|QROCK3X8|1.0|1.0|166.991479486|0.0|22|rock|-|SG001424|-|427
UTNTSkyEdge_tnt04b_9180_0|9180|0|1|510|510|-176.0|-1920.0|0.0|-1984.0|-88.17087153154336|-1952.4698967117442|384.0|384.0|384.0|QROCK3X8|QROCK3X8|1.0|1.0|408.010623233|0.0|22|rock|-|SG001424|-|427
UTNTSkyEdge_tnt04b_9181_0|9181|0|1|510|510|176.0|-1920.0|184.0|-1984.0|179.50386106164316|-1952.0620173672946|384.0|384.0|384.0|QROCK3X8|QROCK3X8|1.0|1.0|782.561020376|0.0|22|rock|-|SG001424|-|427
UTNTSkyEdge_tnt04b_9182_0|9182|0|0|510|510|864.0|-2304.0|944.0|-2240.0|904.3123475237772|-2272.3904344047214|384.0|384.0|384.0|QROCK3X8|QROCK3X8|1.0|1.0|583.043773308|0.0|22|rock|-|SG001424|-|427
UTNTSkyEdge_tnt04b_9183_0|9183|0|0|510|510|192.0|-2048.0|216.0|-2168.0|203.50970966215453|-2108.098058067569|384.0|384.0|384.0|QROCK3X8|QROCK3X8|1.0|1.0|143.557144348|-696.0|22|rock|-|SG001424|-|427
UTNTSkyEdge_tnt04b_9184_0|9184|0|1|510|510|224.0|-2208.0|320.0|-2272.0|271.7226499018874|-2240.416025147169|384.0|384.0|384.0|QROCK3X8|QROCK3X8|1.0|1.0|50.725768784|0.0|22|rock|-|SG001424|-|427
UTNTSkyEdge_tnt04b_9185_0|9185|0|0|510|510|320.0|-2272.0|864.0|-2304.0|591.9706389890242|-2288.4991371865876|384.0|384.0|384.0|QROCK3X8|QROCK3X8|1.0|1.0|38.103409598|0.0|22|rock|-|SG001424|-|427
UTNTSkyEdge_tnt04b_9186_0|9186|0|1|510|510|1088.0|-2048.0|1120.0|-1920.0|1104.4850712500727|-1984.1212678125182|384.0|384.0|384.0|QROCK3X8|QROCK3X8|1.0|1.0|35.052099466|0.0|22|rock|-|SG001424|-|427
UTNTSkyEdge_tnt04b_9187_0|9187|0|0|510|510|1024.0|-2176.0|1088.0|-2048.0|1056.4472135955|-2112.22360679775|384.0|384.0|384.0|QROCK3X8|QROCK3X8|1.0|1.0|19.943748906|0.0|22|rock|-|SG001424|-|427
UTNTSkyEdge_tnt04b_9548_0|9548|0|0|510|510|184.0|-1984.0|192.0|-2048.0|187.50386106164316|-2016.0620173672946|384.0|384.0|384.0|QROCK3X8|QROCK3X8|1.0|1.0|79.059082362|-696.0|22|rock|-|SG001424|-|427
UTNTSkyEdge_tnt04b_9554_0|9554|0|1|510|510|216.0|-2168.0|224.0|-2208.0|219.50970966215453|-2188.098058067569|384.0|384.0|384.0|QROCK3X8|QROCK3X8|1.0|1.0|9.933612675|0.0|22|rock|-|SG001424|-|427
UTNTSkyEdge_tnt04b_9565_0|9565|0|1|510|510|944.0|-2240.0|1024.0|-2176.0|984.3123475237772|-2208.3904344047214|384.0|384.0|384.0|QROCK3X8|QROCK3X8|1.0|1.0|45.493761107|0.0|22|rock|-|SG001424|-|427
UTNTSkyEdge_tnt04b_9583_0|9583|0|1|510|510|-192.0|-1984.0|-176.0|-1920.0|-183.51492874992732|-1952.1212678125182|384.0|384.0|384.0|QROCK3X8|QROCK3X8|1.0|1.0|342.040933223|0.0|22|rock|-|SG001424|-|427
UTNTSkyEdge_tnt04b_9584_0|9584|0|1|510|510|0.0|-1984.0|176.0|-1920.0|88.17087153154336|-1952.4698967117442|384.0|384.0|384.0|QROCK3X8|QROCK3X8|1.0|1.0|595.285821804|0.0|22|rock|-|SG001424|-|427
UTNTSkyEdge_tnt04b_9790_0|9790|0|0|1650|1650|-800.0|-736.0|-768.0|-720.0|-783.77639320225|-728.4472135955|256.0|256.0|256.0|QROCK3|QROCK3X8|1.0|1.0|116.0|-944.0|22|rock|-|SG001446|-|449
UTNTSkyEdge_tnt04b_9791_0|9791|0|0|1650|1650|-768.0|-720.0|-752.0|-672.0|-759.5256583509747|-696.1581138830085|256.0|256.0|256.0|QROCK3|QROCK3X8|1.0|1.0|151.77708764|-944.0|22|rock|-|SG001446|-|449
UTNTSkyEdge_tnt04b_9792_0|9792|0|0|1650|1650|-752.0|-672.0|-688.0|-672.0|-720.0|-672.5|256.0|256.0|256.0|QROCK3|QROCK3X8|1.0|1.0|202.373530203|-944.0|22|rock|-|SG001446|-|449
UTNTSkyEdge_tnt04b_9793_0|9793|0|0|1650|1650|-688.0|-672.0|-656.0|-704.0|-672.3535533905932|-688.3535533905932|256.0|256.0|256.0|QROCK3|QROCK3X8|1.0|1.0|266.373530203|-944.0|22|rock|-|SG001446|-|449
UTNTSkyEdge_tnt04b_9794_0|9794|0|0|1650|1650|-656.0|-704.0|-672.0|-752.0|-664.4743416490253|-727.8418861169915|256.0|256.0|256.0|QROCK3|QROCK3X8|1.0|1.0|311.628364199|-944.0|22|rock|-|SG001446|-|449
UTNTSkyEdge_tnt04b_9795_0|9795|0|0|1650|1650|-672.0|-752.0|-688.0|-800.0|-680.4743416490253|-775.8418861169915|256.0|256.0|256.0|QROCK3|QROCK3X8|1.0|1.0|362.224806761|-944.0|22|rock|-|SG001446|-|449
UTNTSkyEdge_tnt04b_9796_0|9796|0|0|1650|1650|-688.0|-800.0|-736.0|-800.0|-712.0|-799.5|256.0|256.0|256.0|QROCK3|QROCK3X8|1.0|1.0|412.821249324|-944.0|22|rock|-|SG001446|-|449
UTNTSkyEdge_tnt04b_9797_0|9797|0|0|1650|1650|-736.0|-800.0|-784.0|-768.0|-759.7226499018874|-783.583974852831|256.0|256.0|256.0|QROCK3|QROCK3X8|1.0|1.0|460.821249324|-944.0|22|rock|-|SG001446|-|449
UTNTSkyEdge_tnt04b_9798_0|9798|0|0|1650|1650|-784.0|-768.0|-800.0|-736.0|-791.5527864045|-751.77639320225|256.0|256.0|256.0|QROCK3|QROCK3X8|1.0|1.0|518.510069731|-944.0|22|rock|-|SG001446|-|449
UTNTSkyEdge_tnt04b_10473_0|10473|0|0|1729|1729|-32.0|1216.0|32.0|1344.0|0.4472135954999579|1279.7763932022501|320.0|320.0|320.0|QROCK3|QROCK3X8|1.0|1.0|984.92095815|-928.0|11.52|rock|-|SG001447|-|450
UTNTSkyEdge_tnt04b_10474_0|10474|0|0|1729|1729|32.0|1344.0|80.0|1360.0|56.15811388300842|1351.5256583509747|320.0|320.0|320.0|QROCK3|QROCK3X8|1.0|1.0|104.02930871|-928.0|11.52|rock|-|SG001447|-|450
UTNTSkyEdge_tnt04b_10475_0|10475|0|0|2593|2593|128.0|1376.0|160.0|1408.0|144.35355339059328|1391.6464466094067|320.0|320.0|320.0|QROCK3|QROCK3X8|1.0|1.0|205.253814901|-928.0|11.52|rock|-|SG001448|-|451
UTNTSkyEdge_tnt04b_10476_0|10476|0|0|2593|2593|160.0|1408.0|288.0|1440.0|224.12126781251817|1423.5149287499273|320.0|320.0|320.0|QROCK3|QROCK3X8|1.0|1.0|250.508648897|-928.0|11.52|rock|-|SG001448|-|451
UTNTSkyEdge_tnt04b_10477_0|10477|0|0|2593|2593|288.0|1440.0|320.0|1408.0|303.6464466094067|1423.6464466094067|320.0|320.0|320.0|QROCK3|QROCK3X8|1.0|1.0|382.448028917|-928.0|11.52|rock|-|SG001448|-|451
UTNTSkyEdge_tnt04b_10478_0|10478|0|0|1734|1734|368.0|1408.0|448.0|1424.0|408.09805806756907|1415.5097096621546|320.0|320.0|320.0|QROCK3|QROCK3X8|1.0|1.0|475.702862913|-928.0|11.52|rock|-|SG001449|-|452
UTNTSkyEdge_tnt04b_10480_0|10480|0|0|1733|1733|608.0|1376.0|608.0|1216.0|607.5|1296.0|320.0|320.0|320.0|QROCK3|QROCK3X8|1.0|1.0|103.509667992|-928.0|11.52|rock|-|SG001450|-|453
UTNTSkyEdge_tnt04b_10481_0|10481|0|0|1733|1733|608.0|1216.0|576.0|1184.0|591.6464466094068|1200.3535533905933|320.0|320.0|320.0|QROCK3|QROCK3X8|1.0|1.0|263.509667992|-928.0|11.52|rock|-|SG001450|-|453
UTNTSkyEdge_tnt04b_10482_0|10482|0|0|1734|1734|512.0|1120.0|368.0|1104.0|439.94478423696256|1112.4969418673368|320.0|320.0|320.0|QROCK3|QROCK3X8|1.0|1.0|399.27416998|-928.0|11.52|rock|-|SG001449|-|452
UTNTSkyEdge_tnt04b_10483_0|10483|0|0|2593|2593|320.0|1104.0|192.0|1120.0|256.06201736729463|1112.4961389383568|320.0|320.0|320.0|QROCK3|QROCK3X8|1.0|1.0|592.16033219|-928.0|11.52|rock|-|SG001448|-|451
UTNTSkyEdge_tnt04b_10484_0|10484|0|0|2593|2593|192.0|1120.0|128.0|1120.0|160.0|1120.5|320.0|320.0|320.0|QROCK3|QROCK3X8|1.0|1.0|721.156456163|-928.0|11.52|rock|-|SG001448|-|451
UTNTSkyEdge_tnt04b_10485_0|10485|0|0|1729|1729|64.0|1120.0|-32.0|1216.0|16.353553390593273|1168.3535533905933|320.0|320.0|320.0|QROCK3|QROCK3X8|1.0|1.0|849.156456163|-928.0|11.52|rock|-|SG001447|-|450
UTNTSkyEdge_tnt04b_10503_0|10503|0|0|1729|1729|80.0|1120.0|64.0|1120.0|72.0|1120.5|320.0|320.0|320.0|QROCK3|QROCK3X8|1.0|1.0|833.156456163|-928.0|11.52|rock|-|SG001447|-|450
UTNTSkyEdge_tnt04b_10515_0|10515|0|0|1733|1733|576.0|1408.0|608.0|1376.0|591.6464466094068|1391.6464466094067|320.0|320.0|320.0|QROCK3|QROCK3X8|1.0|1.0|58.254833996|-928.0|11.52|rock|-|SG001450|-|453
UTNTSkyEdge_tnt04b_10517_0|10517|0|0|1734|1734|512.0|1408.0|528.0|1424.0|520.3535533905932|1415.6464466094067|320.0|320.0|320.0|QROCK3|QROCK3X8|1.0|1.0|623.25686514|-928.0|11.52|rock|-|SG001449|-|452
UTNTSkyEdge_tnt04b_10519_0|10519|0|0|1734|1734|528.0|1136.0|512.0|1120.0|519.6464466094068|1128.3535533905933|320.0|320.0|320.0|QROCK3|QROCK3X8|1.0|1.0|376.646752982|-928.0|11.52|rock|-|SG001449|-|452
UTNTSkyEdge_tnt04b_11313_1|11313|1|0|1869|1869|384.0|2944.0|320.0|2816.0|351.55278640450007|2880.22360679775|32.0|32.0|32.0|QROCK3|QROCK3X8|1.0|1.0|61.0|-832.0|22|rock|-|SG001451|-|454
UTNTSkyEdge_tnt04b_11325_0|11325|0|1|1869|1869|-896.0|2880.0|-896.0|2944.0|-895.5|2912.0|32.0|32.0|32.0|QROCK3|QROCK3X8|1.0|1.0|470.295504726|96.0|22|rock|-|SG001451|-|454
UTNTSkyEdge_tnt04b_11326_0|11326|0|1|1869|1869|-832.0|2624.0|-896.0|2880.0|-863.5149287499273|2752.121267812518|32.0|32.0|32.0|QROCK3|QROCK3X8|1.0|1.0|206.416744686|96.0|22|rock|-|SG001451|-|454
UTNTSkyEdge_tnt04b_11327_0|11327|0|1|1869|1869|-544.0|2592.0|-576.0|2608.0|-559.77639320225|2600.4472135954998|32.0|32.0|32.0|QROCK3X8|QROCK3X8|1.0|1.0|995.582444179|96.0|22|rock|-|SG001451|-|454
UTNTSkyEdge_tnt04b_11328_0|11328|0|1|1869|1869|-448.0|2624.0|-544.0|2592.0|-496.1581138830084|2608.474341649025|32.0|32.0|32.0|QROCK3X8|QROCK3X8|1.0|1.0|894.389559053|96.0|22|rock|-|SG001451|-|454
UTNTSkyEdge_tnt04b_11329_0|11329|0|1|1869|1869|-320.0|2624.0|-352.0|2624.0|-336.0|2624.5|32.0|32.0|32.0|QROCK3X8|QROCK3X8|1.0|1.0|766.389559053|96.0|22|rock|-|SG001451|-|454
UTNTSkyEdge_tnt04b_11330_0|11330|0|1|1869|1869|-128.0|2560.0|-320.0|2624.0|-223.8418861169916|2592.474341649025|32.0|32.0|32.0|QROCK3X8|QROCK3X8|1.0|1.0|564.003788803|96.0|22|rock|-|SG001451|-|454
UTNTSkyEdge_tnt04b_11331_0|11331|0|1|1869|1869|0.0|2624.0|-128.0|2560.0|-64.22360679774998|2592.4472135954998|32.0|32.0|32.0|QROCK3X8|QROCK3X8|1.0|1.0|420.895438243|96.0|22|rock|-|SG001451|-|454
UTNTSkyEdge_tnt04b_11332_0|11332|0|1|1869|1869|64.0|2688.0|0.0|2624.0|31.646446609406727|2656.3535533905933|32.0|32.0|32.0|QROCK3X8|QROCK3X8|1.0|1.0|330.385770251|96.0|22|rock|-|SG001451|-|454
UTNTSkyEdge_tnt04b_11333_0|11333|0|1|1869|1869|192.0|2688.0|160.0|2688.0|176.0|2688.5|32.0|32.0|32.0|QROCK3X8|QROCK3X8|1.0|1.0|202.385770251|96.0|22|rock|-|SG001451|-|454
UTNTSkyEdge_tnt04b_11334_0|11334|0|1|1869|1869|224.0|2784.0|192.0|2688.0|207.52565835097474|2736.1581138830084|32.0|32.0|32.0|QROCK3X8|QROCK3X8|1.0|1.0|101.192885125|96.0|22|rock|-|SG001451|-|454
UTNTSkyEdge_tnt04b_11335_0|11335|0|1|1869|1869|320.0|2816.0|224.0|2784.0|271.8418861169916|2800.474341649025|32.0|32.0|32.0|QROCK3X8|QROCK3X8|1.0|1.0|0.0|96.0|22|rock|-|SG001451|-|454
UTNTSkyEdge_tnt04b_11337_0|11337|0|0|1869|1869|-896.0|2944.0|-736.0|2912.0|-816.0980580675691|2927.5097096621544|32.0|32.0|32.0|QROCK3X8|QROCK3X8|1.0|1.0|0.0|-864.0|22|rock|-|SG001451|-|454
UTNTSkyEdge_tnt04b_11338_0|11338|0|0|1869|1869|-736.0|2912.0|-640.0|2976.0|-687.7226499018874|2943.583974852831|32.0|32.0|32.0|QROCK3X8|QROCK3X8|1.0|1.0|163.168624435|-864.0|22|rock|-|SG001451|-|454
UTNTSkyEdge_tnt04b_11339_0|11339|0|0|1869|1869|-640.0|2976.0|-384.0|2944.0|-512.0620173672946|2959.503861061643|32.0|32.0|32.0|QROCK3X8|QROCK3X8|1.0|1.0|278.54626525|-864.0|22|rock|-|SG001451|-|454
UTNTSkyEdge_tnt04b_11340_0|11340|0|0|1869|1869|-384.0|2944.0|-288.0|2912.0|-336.1581138830084|2927.525658350975|32.0|32.0|32.0|QROCK3X8|QROCK3X8|1.0|1.0|536.538513195|-864.0|22|rock|-|SG001451|-|454
UTNTSkyEdge_tnt04b_11341_0|11341|0|0|1869|1869|-288.0|2912.0|-128.0|2912.0|-208.0|2911.5|32.0|32.0|32.0|QROCK3X8|QROCK3X8|1.0|1.0|637.731398321|-864.0|22|rock|-|SG001451|-|454
UTNTSkyEdge_tnt04b_11342_0|11342|0|0|1869|1869|-128.0|2912.0|0.0|2944.0|-63.87873218748183|2927.5149287499275|32.0|32.0|32.0|QROCK3X8|QROCK3X8|1.0|1.0|797.731398321|-864.0|22|rock|-|SG001451|-|454
UTNTSkyEdge_tnt04b_11343_0|11343|0|0|1869|1869|0.0|2944.0|160.0|2912.0|79.9019419324309|2927.5097096621544|32.0|32.0|32.0|QROCK3X8|QROCK3X8|1.0|1.0|929.670778341|-864.0|22|rock|-|SG001451|-|454
UTNTSkyEdge_tnt04b_11344_0|11344|0|0|1869|1869|160.0|2912.0|384.0|2944.0|272.07071067811864|2927.5050252531696|32.0|32.0|32.0|QROCK3X8|QROCK3X8|1.0|1.0|68.839402775|-864.0|22|rock|-|SG001451|-|454
UTNTSkyEdge_tnt04b_11345_0|11345|0|1|1869|1869|96.0|2688.0|64.0|2688.0|80.0|2688.5|32.0|32.0|32.0|QROCK3X8|QROCK3X8|1.0|1.0|298.385770251|96.0|22|rock|-|SG001451|-|454
UTNTSkyEdge_tnt04b_11350_0|11350|0|1|1869|1869|-416.0|2624.0|-448.0|2624.0|-432.0|2624.5|32.0|32.0|32.0|QROCK3X8|QROCK3X8|1.0|1.0|862.389559053|96.0|22|rock|-|SG001451|-|454
UTNTSkyEdge_tnt04b_11355_0|11355|0|1|1869|1869|-736.0|2592.0|-832.0|2624.0|-783.8418861169915|2608.474341649025|32.0|32.0|32.0|QROCK3|QROCK3X8|1.0|1.0|105.223859561|96.0|22|rock|-|SG001451|-|454
UTNTSkyEdge_tnt04b_11356_0|11356|0|1|1869|1869|-672.0|2592.0|-688.0|2608.0|-679.6464466094068|2600.3535533905933|32.0|32.0|32.0|QROCK3|QROCK3X8|1.0|1.0|32.0|96.0|22|rock|-|SG001451|-|454
UTNTSkyEdge_tnt04b_11364_0|11364|0|1|1869|1869|-688.0|2608.0|-736.0|2592.0|-712.1581138830085|2600.474341649025|32.0|32.0|32.0|QROCK3|QROCK3X8|1.0|1.0|54.627416998|96.0|22|rock|-|SG001451|-|454
UTNTSkyEdge_tnt04b_11365_0|11365|0|1|1869|1869|-576.0|2608.0|-592.0|2592.0|-584.3535533905932|2600.3535533905933|32.0|32.0|32.0|QROCK3X8|QROCK3X8|1.0|1.0|7.359531819|96.0|22|rock|-|SG001451|-|454
UTNTSkyEdge_tnt04b_11367_1|11367|1|0|1869|1869|-632.0|2600.0|-672.0|2592.0|-652.0980580675691|2596.4902903378456|32.0|32.0|32.0|QROCK3|QROCK3X8|1.0|1.0|118.792156109|96.0|22|rock|-|SG001451|-|454
UTNTSkyEdge_tnt04b_11368_1|11368|1|0|1869|1869|-592.0|2592.0|-632.0|2600.0|-611.9019419324309|2596.4902903378456|32.0|32.0|32.0|QROCK3|QROCK3X8|1.0|1.0|78.0|96.0|22|rock|-|SG001451|-|454
UTNTSkyEdge_tnt04b_15092_0|15092|0|0|1734|1734|448.0|1424.0|512.0|1408.0|479.87873218748183|1415.5149287499273|320.0|320.0|320.0|QROCK3|QROCK3X8|1.0|1.0|557.28717513|-928.0|11.52|rock|-|SG001449|-|452
UTNTSkyEdge_tnt04b_16019_0|16019|0|1|2876|2876|4768.0|-2176.0|4736.0|-2016.0|4752.490290337845|-2095.901941932431|528.0|528.0|528.0|QROCK3|QROCK3X8|1.0|1.0|97.55417528|112.0|22|rock|-|SG001452|-|455
UTNTSkyEdge_tnt04b_16283_0|16283|0|0|2808|2808|6032.0|-2720.0|6016.0|-2688.0|6024.4472135955|-2703.77639320225|336.0|336.0|336.0|QROCK3|QROCK3X8|1.0|1.0|93.0|-944.0|11.52|rock|-|SG001453|-|456
UTNTSkyEdge_tnt04b_16284_0|16284|0|0|2808|2808|6016.0|-2688.0|6048.0|-2656.0|6032.353553390593|-2672.3535533905933|336.0|336.0|336.0|QROCK3|QROCK3X8|1.0|1.0|128.77708764|-944.0|11.52|rock|-|SG001453|-|456
UTNTSkyEdge_tnt04b_16285_0|16285|0|0|2808|2808|6048.0|-2656.0|6096.0|-2624.0|6072.277350098113|-2640.416025147169|336.0|336.0|336.0|QROCK3|QROCK3X8|1.0|1.0|174.031921636|-944.0|11.52|rock|-|SG001453|-|456
UTNTSkyEdge_tnt04b_16286_0|16286|0|0|2808|2808|6096.0|-2624.0|6080.0|-2592.0|6088.4472135955|-2607.77639320225|336.0|336.0|336.0|QROCK3|QROCK3X8|1.0|1.0|231.720742043|-944.0|11.52|rock|-|SG001453|-|456
UTNTSkyEdge_tnt04b_16287_0|16287|0|0|2808|2808|6080.0|-2592.0|6096.0|-2544.0|6088.4743416490255|-2568.1581138830084|336.0|336.0|336.0|QROCK3|QROCK3X8|1.0|1.0|267.497829683|-944.0|11.52|rock|-|SG001453|-|456
UTNTSkyEdge_tnt04b_16288_0|16288|0|0|2808|2808|6096.0|-2544.0|6112.0|-2528.0|6104.353553390593|-2536.3535533905933|336.0|336.0|336.0|QROCK3|QROCK3X8|1.0|1.0|318.094272246|-944.0|11.52|rock|-|SG001453|-|456
UTNTSkyEdge_tnt04b_16289_0|16289|0|0|2808|2808|6112.0|-2528.0|6128.0|-2544.0|6119.646446609407|-2536.3535533905933|336.0|336.0|336.0|QROCK3|QROCK3X8|1.0|1.0|340.721689244|-944.0|11.52|rock|-|SG001453|-|456
UTNTSkyEdge_tnt04b_16290_0|16290|0|0|2808|2808|6128.0|-2544.0|6160.0|-2528.0|6144.22360679775|-2536.4472135954998|336.0|336.0|336.0|QROCK3|QROCK3X8|1.0|1.0|363.349106242|-944.0|11.52|rock|-|SG001453|-|456
UTNTSkyEdge_tnt04b_16291_0|16291|0|0|2808|2808|6160.0|-2528.0|6192.0|-2528.0|6176.0|-2528.5|336.0|336.0|336.0|QROCK3|QROCK3X8|1.0|1.0|399.126193882|-944.0|11.52|rock|-|SG001453|-|456
UTNTSkyEdge_tnt04b_16292_0|16292|0|0|2808|2808|6192.0|-2528.0|6224.0|-2496.0|6208.353553390593|-2512.3535533905933|336.0|336.0|336.0|QROCK3|QROCK3X8|1.0|1.0|431.126193882|-944.0|11.52|rock|-|SG001453|-|456
UTNTSkyEdge_tnt04b_16293_0|16293|0|1|2808|2808|6288.0|-2528.0|6272.0|-2592.0|6279.514928749927|-2559.878732187482|336.0|336.0|336.0|QROCK3|QROCK3X8|1.0|1.0|38.0|48.0|22|rock|-|SG001453|-|456
UTNTSkyEdge_tnt04b_16294_0|16294|0|0|2808|2808|6224.0|-2496.0|6288.0|-2528.0|6255.77639320225|-2512.4472135954998|336.0|336.0|336.0|QROCK3|QROCK3X8|1.0|1.0|476.381027878|-944.0|11.52|rock|-|SG001453|-|456
UTNTSkyEdge_tnt04b_16295_0|16295|0|1|2808|2808|6048.0|-2720.0|6032.0|-2720.0|6040.0|-2719.5|336.0|336.0|336.0|QROCK3|QROCK3X8|1.0|1.0|70.0|48.0|22|rock|-|SG001453|-|456
UTNTSkyEdge_tnt04b_16296_0|16296|0|1|2809|2809|6080.0|-2736.0|6048.0|-2720.0|6064.22360679775|-2727.5527864045002|288.0|288.0|288.0|QROCK3|QROCK3X8|1.0|1.0|34.0|96.0|13.2|rock|-|SG001454|-|457
UTNTSkyEdge_tnt04b_16299_0|16299|0|1|2809|2809|6288.0|-2608.0|6256.0|-2640.0|6271.646446609407|-2623.6464466094067|288.0|288.0|288.0|QROCK3|QROCK3X8|1.0|1.0|37.627416998|96.0|13.2|rock|-|SG001454|-|457
UTNTSkyEdge_tnt04b_16300_0|16300|0|1|2809|2809|6272.0|-2592.0|6288.0|-2608.0|6279.646446609407|-2600.3535533905933|288.0|288.0|288.0|QROCK3|QROCK3X8|1.0|1.0|15.0|96.0|13.2|rock|-|SG001454|-|457
UTNTSkyEdge_tnt04b_16357_1|16357|1|0|2830|2830|5248.0|-2080.0|5280.0|-2096.0|5263.77639320225|-2088.4472135954998|448.0|448.0|448.0|QROCK3|QROCK3X8|1.0|1.0|0.0|-928.0|2.88|rock|-|SG001455|-|458
UTNTSkyEdge_tnt04b_16358_1|16358|1|0|2830|2830|5200.0|-2096.0|5248.0|-2080.0|5224.158113883009|-2088.474341649025|448.0|448.0|448.0|QROCK3|QROCK3X8|1.0|1.0|62.596442563|-928.0|2.88|rock|-|SG001455|-|458
UTNTSkyEdge_tnt04b_16359_1|16359|1|0|2830|2830|5184.0|-2144.0|5200.0|-2096.0|5192.4743416490255|-2120.1581138830084|448.0|448.0|448.0|QROCK3|QROCK3X8|1.0|1.0|12.0|-928.0|2.88|rock|-|SG001455|-|458
UTNTSkyEdge_tnt04b_16360_1|16360|1|0|2830|2830|5216.0|-2160.0|5184.0|-2144.0|5200.22360679775|-2151.5527864045002|448.0|448.0|448.0|QROCK3|QROCK3X8|1.0|1.0|103.77708764|-928.0|2.88|rock|-|SG001455|-|458
UTNTSkyEdge_tnt04b_16361_1|16361|1|0|2830|2830|5248.0|-2144.0|5216.0|-2160.0|5231.77639320225|-2151.5527864045002|448.0|448.0|448.0|QROCK3|QROCK3X8|1.0|1.0|68.0|-928.0|2.88|rock|-|SG001455|-|458
UTNTSkyEdge_tnt04b_16362_1|16362|1|0|2830|2830|5296.0|-2160.0|5248.0|-2144.0|5272.158113883009|-2151.525658350975|448.0|448.0|448.0|QROCK3|QROCK3X8|1.0|1.0|144.688820407|-928.0|2.88|rock|-|SG001455|-|458
UTNTSkyEdge_tnt04b_16363_1|16363|1|0|2830|2830|5328.0|-2112.0|5296.0|-2160.0|5311.5839748528315|-2135.7226499018875|448.0|448.0|448.0|QROCK3|QROCK3X8|1.0|1.0|87.0|-928.0|2.88|rock|-|SG001455|-|458
UTNTSkyEdge_tnt04b_16364_1|16364|1|0|2830|2830|5280.0|-2096.0|5328.0|-2112.0|5303.841886116991|-2104.474341649025|448.0|448.0|448.0|QROCK3|QROCK3X8|1.0|1.0|35.77708764|-928.0|2.88|rock|-|SG001455|-|458
UTNTSkyEdge_tnt04b_16429_1|16429|1|0|2857|2857|4896.0|-1760.0|4912.0|-1728.0|4904.4472135955|-1744.2236067977499|448.0|448.0|448.0|QROCK3|QROCK3X8|1.0|1.0|101.192885125|-928.0|2.88|rock|-|SG001456|-|459
UTNTSkyEdge_tnt04b_16430_1|16430|1|0|2857|2857|4912.0|-1808.0|4896.0|-1760.0|4904.4743416490255|-1783.8418861169916|448.0|448.0|448.0|QROCK3|QROCK3X8|1.0|1.0|50.596442563|-928.0|2.88|rock|-|SG001456|-|459
UTNTSkyEdge_tnt04b_16431_1|16431|1|0|2857|2857|4960.0|-1824.0|4912.0|-1808.0|4936.158113883009|-1815.5256583509747|448.0|448.0|448.0|QROCK3|QROCK3X8|1.0|1.0|0.0|-928.0|2.88|rock|-|SG001456|-|459
UTNTSkyEdge_tnt04b_16432_1|16432|1|0|2857|2857|4976.0|-1792.0|4960.0|-1824.0|4967.5527864045|-1807.7763932022501|448.0|448.0|448.0|QROCK3|QROCK3X8|1.0|1.0|77.77708764|-928.0|2.88|rock|-|SG001456|-|459
UTNTSkyEdge_tnt04b_16433_1|16433|1|0|2857|2857|4960.0|-1760.0|4976.0|-1792.0|4967.5527864045|-1776.2236067977499|448.0|448.0|448.0|QROCK3|QROCK3X8|1.0|1.0|42.0|-928.0|2.88|rock|-|SG001456|-|459
UTNTSkyEdge_tnt04b_16434_1|16434|1|0|2857|2857|4976.0|-1712.0|4960.0|-1760.0|4967.5256583509745|-1735.8418861169916|448.0|448.0|448.0|QROCK3|QROCK3X8|1.0|1.0|118.688820407|-928.0|2.88|rock|-|SG001456|-|459
UTNTSkyEdge_tnt04b_16435_1|16435|1|0|2857|2857|4928.0|-1680.0|4976.0|-1712.0|4951.722649901887|-1696.416025147169|448.0|448.0|448.0|QROCK3|QROCK3X8|1.0|1.0|61.0|-928.0|2.88|rock|-|SG001456|-|459
UTNTSkyEdge_tnt04b_16436_1|16436|1|0|2857|2857|4912.0|-1728.0|4928.0|-1680.0|4920.4743416490255|-1704.1581138830084|448.0|448.0|448.0|QROCK3|QROCK3X8|1.0|1.0|136.969972765|-928.0|2.88|rock|-|SG001456|-|459
UTNTSkyEdge_tnt04b_16505_0|16505|0|1|2876|2876|4800.0|-2240.0|4768.0|-2176.0|4784.4472135955|-2207.77639320225|528.0|528.0|528.0|QROCK3|QROCK3X8|1.0|1.0|26.0|112.0|22|rock|-|SG001452|-|455
UTNTSkyEdge_tnt04b_16506_1|16506|1|0|2876|2876|4832.0|-2240.0|4800.0|-2240.0|4816.0|-2239.5|528.0|528.0|528.0|QROCK3|QROCK3X8|1.0|1.0|377.363184556|-864.0|17.28|rock|-|SG001452|-|455
UTNTSkyEdge_tnt04b_16507_1|16507|1|0|2876|2876|4848.0|-2208.0|4832.0|-2240.0|4839.5527864045|-2223.77639320225|528.0|528.0|528.0|QROCK3|QROCK3X8|1.0|1.0|341.586096916|-864.0|17.28|rock|-|SG001452|-|455
UTNTSkyEdge_tnt04b_16508_1|16508|1|0|2876|2876|4848.0|-2160.0|4848.0|-2208.0|4847.5|-2184.0|528.0|528.0|528.0|QROCK3|QROCK3X8|1.0|1.0|293.586096916|-864.0|17.28|rock|-|SG001452|-|455
UTNTSkyEdge_tnt04b_16509_1|16509|1|0|2876|2876|4864.0|-2128.0|4848.0|-2160.0|4855.5527864045|-2143.77639320225|528.0|528.0|528.0|QROCK3|QROCK3X8|1.0|1.0|257.809009276|-864.0|17.28|rock|-|SG001452|-|455
UTNTSkyEdge_tnt04b_16510_1|16510|1|0|2876|2876|4848.0|-2096.0|4864.0|-2128.0|4855.5527864045|-2112.22360679775|528.0|528.0|528.0|QROCK3|QROCK3X8|1.0|1.0|222.031921636|-864.0|17.28|rock|-|SG001452|-|455
UTNTSkyEdge_tnt04b_16511_1|16511|1|0|2876|2876|4848.0|-2080.0|4848.0|-2096.0|4847.5|-2088.0|528.0|528.0|528.0|QROCK3|QROCK3X8|1.0|1.0|206.031921636|-864.0|17.28|rock|-|SG001452|-|455
UTNTSkyEdge_tnt04b_16512_1|16512|1|0|2876|2876|4816.0|-2048.0|4848.0|-2080.0|4831.646446609407|-2064.3535533905933|528.0|528.0|528.0|QROCK3|QROCK3X8|1.0|1.0|160.77708764|-864.0|17.28|rock|-|SG001452|-|455
UTNTSkyEdge_tnt04b_16513_1|16513|1|0|2876|2876|4800.0|-2016.0|4816.0|-2048.0|4807.5527864045|-2032.2236067977499|528.0|528.0|528.0|QROCK3|QROCK3X8|1.0|1.0|125.0|-864.0|17.28|rock|-|SG001452|-|455
UTNTSkyEdge_tnt04b_16514_1|16514|1|0|2876|2876|4736.0|-2016.0|4800.0|-2016.0|4768.0|-2016.5|528.0|528.0|528.0|QROCK3|QROCK3X8|1.0|1.0|61.0|-864.0|17.28|rock|-|SG001452|-|455
UTNTSkyEdge_tnt04b_17102_0|17102|0|1|510|510|3968.0|-1520.0|3968.0|-1536.0|3967.5|-1528.0|384.0|384.0|384.0|QROCK3X8|QROCK3X8|1.0|1.0|0.0|0.0|22|rock|-|SG001424|-|427
UTNTSkyEdge_tnt04b_17104_0|17104|0|0|510|510|3968.0|-1424.0|3968.0|-1520.0|3967.5|-1472.0|384.0|384.0|384.0|QROCK3|QROCK3X8|1.0|1.0|97.0|0.0|20.16|rock|-|SG001424|-|427
UTNTSkyEdge_tnt04b_17109_0|17109|0|1|510|510|4032.0|-1312.0|4032.0|-1344.0|4031.5|-1328.0|384.0|384.0|384.0|QROCK3|QROCK3X8|1.0|1.0|86.0|0.0|22|rock|-|SG001424|-|427
UTNTSkyEdge_tnt04b_17692_0|17692|0|1|3112|3112|-1152.0|-832.0|-1168.0|-928.0|-1160.493196961916|-879.9178005063474|136.0|136.0|136.0|QROCK1|QROCK1X8|1.0|1.0|4.0|120.0|22|rock|-|SG001436|-|439
UTNTSkyEdge_tnt04b_17694_0|17694|0|1|3112|3112|-1152.0|-1152.0|-1168.0|-1248.0|-1160.493196961916|-1199.9178005063472|136.0|136.0|136.0|QROCK1|QROCK1X8|1.0|1.0|70.0|120.0|22|rock|-|SG001436|-|439
UTNTSkyEdge_tnt04b_17698_1|17698|1|0|3112|3112|-1280.0|-1312.0|-1344.0|-1344.0|-1312.2236067977499|-1327.5527864045|136.0|136.0|136.0|QROCK1|QROCK1X8|1.0|1.0|143.55417528|-776.0|22|rock|-|SG001436|-|439
UTNTSkyEdge_tnt04b_17699_1|17699|1|0|3112|3112|-1216.0|-1312.0|-1280.0|-1312.0|-1248.0|-1311.5|136.0|136.0|136.0|QROCK1|QROCK1X8|1.0|1.0|79.55417528|-776.0|22|rock|-|SG001436|-|439
UTNTSkyEdge_tnt04b_17700_1|17700|1|0|3112|3112|-1152.0|-1344.0|-1216.0|-1312.0|-1183.7763932022501|-1327.5527864045|136.0|136.0|136.0|QROCK1|QROCK1X8|1.0|1.0|8.0|-776.0|22|rock|-|SG001436|-|439
UTNTSkyEdge_tnt04b_17701_0|17701|0|0|3112|3112|-1344.0|-800.0|-1280.0|-832.0|-1312.2236067977499|-816.4472135955|136.0|136.0|136.0|QROCK1|QROCK1X8|1.0|1.0|124.0|-776.0|22|rock|-|SG001436|-|439
UTNTSkyEdge_tnt04b_17702_0|17702|0|0|3112|3112|-1280.0|-832.0|-1216.0|-832.0|-1248.0|-832.5|136.0|136.0|136.0|QROCK1|QROCK1X8|1.0|1.0|195.55417528|-776.0|22|rock|-|SG001436|-|439
UTNTSkyEdge_tnt04b_17703_0|17703|0|0|3112|3112|-1216.0|-832.0|-1184.0|-800.0|-1199.6464466094067|-816.3535533905932|136.0|136.0|136.0|QROCK1|QROCK1X8|1.0|1.0|259.55417528|-776.0|22|rock|-|SG001436|-|439
UTNTSkyEdge_tnt04b_17704_0|17704|0|0|3112|3112|-1184.0|-800.0|-1152.0|-832.0|-1168.3535533905933|-816.3535533905932|136.0|136.0|136.0|QROCK1|QROCK1X8|1.0|1.0|304.809009276|-776.0|22|rock|-|SG001436|-|439
UTNTSkyEdge_tnt04b_17706_0|17706|0|1|3112|3112|-1344.0|-1024.0|-1328.0|-928.0|-1335.506803038084|-976.0821994936526|136.0|136.0|136.0|QROCK1|QROCK1X8|1.0|1.0|26.0|120.0|22|rock|-|SG001436|-|439
UTNTSkyEdge_tnt04b_17709_0|17709|0|0|3112|3112|-1344.0|-1152.0|-1344.0|-1024.0|-1343.5|-1088.0|136.0|136.0|136.0|QROCK1|QROCK1X8|1.0|1.0|26.0|120.0|22|rock|-|SG001436|-|439
UTNTSkyEdge_tnt04b_17713_0|17713|0|0|3112|3112|-1152.0|-1024.0|-1152.0|-1152.0|-1152.5|-1088.0|136.0|136.0|136.0|QROCK1|QROCK1X8|1.0|1.0|70.0|120.0|22|rock|-|SG001436|-|439
UTNTSkyEdge_tnt04b_17742_0|17742|0|1|3112|3112|-1328.0|-928.0|-1344.0|-800.0|-1335.5038610616432|-863.9379826327054|136.0|136.0|136.0|QROCK1|QROCK1X8|1.0|1.0|123.324200485|120.0|22|rock|-|SG001436|-|439
UTNTSkyEdge_tnt04b_17743_0|17743|0|1|3112|3112|-1168.0|-928.0|-1152.0|-1024.0|-1160.493196961916|-976.0821994936526|136.0|136.0|136.0|QROCK1|QROCK1X8|1.0|1.0|101.324200485|120.0|22|rock|-|SG001436|-|439
UTNTSkyEdge_tnt04b_17744_0|17744|0|1|3112|3112|-1328.0|-1248.0|-1344.0|-1152.0|-1335.506803038084|-1199.9178005063472|136.0|136.0|136.0|QROCK1|QROCK1X8|1.0|1.0|185.324200485|120.0|22|rock|-|SG001436|-|439
UTNTSkyEdge_tnt04b_17745_0|17745|0|1|3112|3112|-1168.0|-1248.0|-1152.0|-1344.0|-1160.493196961916|-1296.0821994936528|136.0|136.0|136.0|QROCK1|QROCK1X8|1.0|1.0|167.324200485|120.0|22|rock|-|SG001436|-|439
UTNTSkyEdge_tnt04b_1_1_terrain_1_0|1|1|2|13|0|416.0|-320.0|384.0|-384.0|399.55278640450007|-351.77639320225|0.0|0.0|0.0|QROCK3|QROCK3X8|1.0|1.0|238.809009276|0.0|12.8|rock|-|SG001457|-|460|1|0|0|QROCK3X8|-|1.0|1.0|0.0|0.0|0.0|QROCK3X8|-|1.0|1.0|238.809009276|0.0|-40.0|-40.0|0.0|0.0|288.0|288.0|288.0|288.0
UTNTSkyEdge_tnt04b_1_1_terrain_1_1|1|1|2|13|0|416.0|-320.0|384.0|-384.0|400.44721359549993|-352.22360679775|0.0|0.0|0.0|QROCK3|QROCK3X8|1.0|1.0|0.0|0.0|12.8|rock|-|SG001458|-|461|1|1|0|QROCK3X8|-|1.0|1.0|0.0|0.0|0.0|QROCK3X8|-|1.0|1.0|238.809009276|0.0|-40.0|-40.0|0.0|0.0|288.0|288.0|288.0|288.0
UTNTSkyEdge_tnt04b_2_1_terrain_1_0|2|1|2|13|0|448.0|-288.0|416.0|-320.0|431.6464466094067|-303.6464466094067|0.0|0.0|0.0|QROCK3|QROCK3X8|1.0|1.0|193.55417528|0.0|12.8|rock|-|SG001457|-|460|1|0|0|QROCK3X8|-|1.0|1.0|0.0|0.0|0.0|QROCK3X8|-|1.0|1.0|193.55417528|0.0|-40.0|-40.0|0.0|0.0|288.0|288.0|288.0|288.0
UTNTSkyEdge_tnt04b_2_1_terrain_1_1|2|1|2|13|0|448.0|-288.0|416.0|-320.0|432.3535533905933|-304.3535533905933|0.0|0.0|0.0|QROCK3|QROCK3X8|1.0|1.0|0.0|0.0|12.8|rock|-|SG001458|-|461|1|1|0|QROCK3X8|-|1.0|1.0|0.0|0.0|0.0|QROCK3X8|-|1.0|1.0|193.55417528|0.0|-40.0|-40.0|0.0|0.0|288.0|288.0|288.0|288.0
UTNTSkyEdge_tnt04b_3_1_terrain_1_0|3|1|2|13|0|512.0|-256.0|448.0|-288.0|479.77639320225|-271.55278640450007|0.0|0.0|0.0|QROCK3|QROCK3X8|1.0|1.0|122.0|0.0|12.8|rock|-|SG001457|-|460|1|0|0|QROCK3X8|-|1.0|1.0|0.0|0.0|0.0|QROCK3X8|-|1.0|1.0|122.0|0.0|-40.0|-40.0|0.0|0.0|288.0|288.0|288.0|288.0
UTNTSkyEdge_tnt04b_3_1_terrain_1_1|3|1|2|13|0|512.0|-256.0|448.0|-288.0|480.22360679775|-272.44721359549993|0.0|0.0|0.0|QROCK3|QROCK3X8|1.0|1.0|0.0|0.0|12.8|rock|-|SG001458|-|461|1|1|0|QROCK3X8|-|1.0|1.0|0.0|0.0|0.0|QROCK3X8|-|1.0|1.0|122.0|0.0|-40.0|-40.0|0.0|0.0|288.0|288.0|288.0|288.0
UTNTSkyEdge_tnt04b_5_0_terrain_1_0|5|0|2|13|0|704.0|-288.0|640.0|-256.0|672.22360679775|-271.55278640450007|0.0|0.0|0.0|QROCK3|QROCK3X8|1.0|1.0|163.898562944|0.0|12.8|rock|-|SG001457|-|460|1|0|0|QROCK3X8|-|1.0|1.0|0.0|0.0|0.0|QROCK3X8|-|1.0|1.0|163.898562944|0.0|-40.0|-40.0|0.0|0.0|288.0|288.0|288.0|288.0
UTNTSkyEdge_tnt04b_5_0_terrain_1_1|5|0|2|13|0|704.0|-288.0|640.0|-256.0|671.77639320225|-272.44721359549993|0.0|0.0|0.0|QROCK3|QROCK3X8|1.0|1.0|0.0|0.0|12.8|rock|-|SG001458|-|461|1|1|0|QROCK3X8|-|1.0|1.0|0.0|0.0|0.0|QROCK3X8|-|1.0|1.0|163.898562944|0.0|-40.0|-40.0|0.0|0.0|288.0|288.0|288.0|288.0
UTNTSkyEdge_tnt04b_6_0_terrain_1_0|6|0|2|13|0|736.0|-320.0|704.0|-288.0|720.3535533905932|-303.6464466094067|0.0|0.0|0.0|QROCK3|QROCK3X8|1.0|1.0|118.643728948|0.0|12.8|rock|-|SG001457|-|460|1|0|0|QROCK3X8|-|1.0|1.0|0.0|0.0|0.0|QROCK3X8|-|1.0|1.0|118.643728948|0.0|-40.0|-40.0|0.0|0.0|288.0|288.0|288.0|288.0
UTNTSkyEdge_tnt04b_6_0_terrain_1_1|6|0|2|13|0|736.0|-320.0|704.0|-288.0|719.6464466094068|-304.3535533905933|0.0|0.0|0.0|QROCK3|QROCK3X8|1.0|1.0|0.0|0.0|12.8|rock|-|SG001458|-|461|1|1|0|QROCK3X8|-|1.0|1.0|0.0|0.0|0.0|QROCK3X8|-|1.0|1.0|118.643728948|0.0|-40.0|-40.0|0.0|0.0|288.0|288.0|288.0|288.0
UTNTSkyEdge_tnt04b_7_0_terrain_1_0|7|0|2|13|0|768.0|-384.0|736.0|-320.0|752.4472135955|-351.77639320225|0.0|0.0|0.0|QROCK3|QROCK3X8|1.0|1.0|47.089553668|0.0|12.8|rock|-|SG001457|-|460|1|0|0|QROCK3X8|-|1.0|1.0|0.0|0.0|0.0|QROCK3X8|-|1.0|1.0|47.089553668|0.0|-40.0|-40.0|0.0|0.0|288.0|288.0|288.0|288.0
UTNTSkyEdge_tnt04b_7_0_terrain_1_1|7|0|2|13|0|768.0|-384.0|736.0|-320.0|751.5527864045|-352.22360679775|0.0|0.0|0.0|QROCK3|QROCK3X8|1.0|1.0|0.0|0.0|12.8|rock|-|SG001458|-|461|1|1|0|QROCK3X8|-|1.0|1.0|0.0|0.0|0.0|QROCK3X8|-|1.0|1.0|47.089553668|0.0|-40.0|-40.0|0.0|0.0|288.0|288.0|288.0|288.0
UTNTSkyEdge_tnt04b_8_0_terrain_1_0|8|0|2|13|0|768.0|-512.0|768.0|-384.0|768.5|-448.0|0.0|0.0|0.0|QROCK3|QROCK3X8|1.0|1.0|943.089553668|0.0|12.8|rock|-|SG001457|-|460|1|0|0|QROCK3X8|-|1.0|1.0|0.0|0.0|0.0|QROCK3X8|-|1.0|1.0|943.089553668|0.0|-40.0|-40.0|0.0|0.0|288.0|288.0|288.0|288.0
UTNTSkyEdge_tnt04b_8_0_terrain_1_1|8|0|2|13|0|768.0|-512.0|768.0|-384.0|767.5|-448.0|0.0|0.0|0.0|QROCK3|QROCK3X8|1.0|1.0|0.0|0.0|12.8|rock|-|SG001458|-|461|1|1|0|QROCK3X8|-|1.0|1.0|0.0|0.0|0.0|QROCK3X8|-|1.0|1.0|943.089553668|0.0|-40.0|-40.0|0.0|0.0|288.0|288.0|288.0|288.0
UTNTSkyEdge_tnt04b_9_0_terrain_1_0|9|0|2|13|0|736.0|-576.0|768.0|-512.0|752.4472135955|-544.22360679775|0.0|0.0|0.0|QROCK3|QROCK3X8|1.0|1.0|871.535378388|0.0|12.8|rock|-|SG001457|-|460|1|0|0|QROCK3X8|-|1.0|1.0|0.0|0.0|0.0|QROCK3X8|-|1.0|1.0|871.535378388|0.0|-40.0|-40.0|0.0|0.0|288.0|288.0|288.0|288.0
UTNTSkyEdge_tnt04b_9_0_terrain_1_1|9|0|2|13|0|736.0|-576.0|768.0|-512.0|751.5527864045|-543.77639320225|0.0|0.0|0.0|QROCK3|QROCK3X8|1.0|1.0|0.0|0.0|12.8|rock|-|SG001458|-|461|1|1|0|QROCK3X8|-|1.0|1.0|0.0|0.0|0.0|QROCK3X8|-|1.0|1.0|871.535378388|0.0|-40.0|-40.0|0.0|0.0|288.0|288.0|288.0|288.0
UTNTSkyEdge_tnt04b_10_0_terrain_1_0|10|0|2|13|0|704.0|-608.0|736.0|-576.0|720.3535533905932|-592.3535533905932|0.0|0.0|0.0|QROCK3|QROCK3X8|1.0|1.0|826.280544392|0.0|12.8|rock|-|SG001457|-|460|1|0|0|QROCK3X8|-|1.0|1.0|0.0|0.0|0.0|QROCK3X8|-|1.0|1.0|826.280544392|0.0|-40.0|-40.0|0.0|0.0|288.0|288.0|288.0|288.0
UTNTSkyEdge_tnt04b_10_0_terrain_1_1|10|0|2|13|0|704.0|-608.0|736.0|-576.0|719.6464466094068|-591.6464466094068|0.0|0.0|0.0|QROCK3|QROCK3X8|1.0|1.0|0.0|0.0|12.8|rock|-|SG001458|-|461|1|1|0|QROCK3X8|-|1.0|1.0|0.0|0.0|0.0|QROCK3X8|-|1.0|1.0|826.280544392|0.0|-40.0|-40.0|0.0|0.0|288.0|288.0|288.0|288.0
UTNTSkyEdge_tnt04b_11_0_terrain_1_0|11|0|2|13|0|640.0|-640.0|704.0|-608.0|672.22360679775|-624.4472135955|0.0|0.0|0.0|QROCK3|QROCK3X8|1.0|1.0|754.726369112|0.0|12.8|rock|-|SG001457|-|460|1|0|0|QROCK3X8|-|1.0|1.0|0.0|0.0|0.0|QROCK3X8|-|1.0|1.0|754.726369112|0.0|-40.0|-40.0|0.0|0.0|288.0|288.0|288.0|288.0
UTNTSkyEdge_tnt04b_11_0_terrain_1_1|11|0|2|13|0|640.0|-640.0|704.0|-608.0|671.77639320225|-623.5527864045|0.0|0.0|0.0|QROCK3|QROCK3X8|1.0|1.0|0.0|0.0|12.8|rock|-|SG001458|-|461|1|1|0|QROCK3X8|-|1.0|1.0|0.0|0.0|0.0|QROCK3X8|-|1.0|1.0|754.726369112|0.0|-40.0|-40.0|0.0|0.0|288.0|288.0|288.0|288.0
UTNTSkyEdge_tnt04b_13_0_terrain_1_0|13|0|2|13|0|448.0|-608.0|512.0|-640.0|479.77639320225|-624.4472135955|0.0|0.0|0.0|QROCK3|QROCK3X8|1.0|1.0|555.172193832|0.0|12.8|rock|-|SG001457|-|460|1|0|0|QROCK3X8|-|1.0|1.0|0.0|0.0|0.0|QROCK3X8|-|1.0|1.0|555.172193832|0.0|-40.0|-40.0|0.0|0.0|288.0|288.0|288.0|288.0
UTNTSkyEdge_tnt04b_13_0_terrain_1_1|13|0|2|13|0|448.0|-608.0|512.0|-640.0|480.22360679775|-623.5527864045|0.0|0.0|0.0|QROCK3|QROCK3X8|1.0|1.0|0.0|0.0|12.8|rock|-|SG001458|-|461|1|1|0|QROCK3X8|-|1.0|1.0|0.0|0.0|0.0|QROCK3X8|-|1.0|1.0|555.172193832|0.0|-40.0|-40.0|0.0|0.0|288.0|288.0|288.0|288.0
UTNTSkyEdge_tnt04b_14_0_terrain_1_0|14|0|2|13|0|416.0|-576.0|448.0|-608.0|431.6464466094067|-592.3535533905932|0.0|0.0|0.0|QROCK3|QROCK3X8|1.0|1.0|509.917359836|0.0|12.8|rock|-|SG001457|-|460|1|0|0|QROCK3X8|-|1.0|1.0|0.0|0.0|0.0|QROCK3X8|-|1.0|1.0|509.917359836|0.0|-40.0|-40.0|0.0|0.0|288.0|288.0|288.0|288.0
UTNTSkyEdge_tnt04b_14_0_terrain_1_1|14|0|2|13|0|416.0|-576.0|448.0|-608.0|432.3535533905933|-591.6464466094068|0.0|0.0|0.0|QROCK3|QROCK3X8|1.0|1.0|0.0|0.0|12.8|rock|-|SG001458|-|461|1|1|0|QROCK3X8|-|1.0|1.0|0.0|0.0|0.0|QROCK3X8|-|1.0|1.0|509.917359836|0.0|-40.0|-40.0|0.0|0.0|288.0|288.0|288.0|288.0
UTNTSkyEdge_tnt04b_15_0_terrain_1_0|15|0|2|13|0|384.0|-512.0|416.0|-576.0|399.55278640450007|-544.22360679775|0.0|0.0|0.0|QROCK3|QROCK3X8|1.0|1.0|438.363184556|0.0|12.8|rock|-|SG001457|-|460|1|0|0|QROCK3X8|-|1.0|1.0|0.0|0.0|0.0|QROCK3X8|-|1.0|1.0|438.363184556|0.0|-40.0|-40.0|0.0|0.0|288.0|288.0|288.0|288.0
UTNTSkyEdge_tnt04b_15_0_terrain_1_1|15|0|2|13|0|384.0|-512.0|416.0|-576.0|400.44721359549993|-543.77639320225|0.0|0.0|0.0|QROCK3|QROCK3X8|1.0|1.0|0.0|0.0|12.8|rock|-|SG001458|-|461|1|1|0|QROCK3X8|-|1.0|1.0|0.0|0.0|0.0|QROCK3X8|-|1.0|1.0|438.363184556|0.0|-40.0|-40.0|0.0|0.0|288.0|288.0|288.0|288.0
UTNTSkyEdge_tnt04b_94_1_terrain_1_0|94|1|2|468|929|3712.0|-320.0|3744.0|-384.0|3727.5527864045002|-352.22360679775|0.0|0.0|0.0|QROCK3|QROCK3X8|1.0|1.0|93.0|0.0|8|rock|-|SG001459|-|462|1|0|929|XA11TEX|-|1.0|1.0|0.0|0.0|0.0|QROCK3X8|-|1.0|1.0|93.0|0.0|-118.0|-118.0|0.0|0.0|384.0|384.0|384.0|384.0
UTNTSkyEdge_tnt04b_94_1_terrain_1_1|94|1|2|468|929|3712.0|-320.0|3744.0|-384.0|3728.4472135954998|-351.77639320225|0.0|0.0|0.0|QROCK3|XA11TEX|1.0|1.0|0.0|0.0|8|gravel|-|SG001460|-|428|1|1|929|XA11TEX|-|1.0|1.0|0.0|0.0|0.0|QROCK3X8|-|1.0|1.0|93.0|0.0|-118.0|-118.0|0.0|0.0|384.0|384.0|384.0|384.0
UTNTSkyEdge_tnt04b_95_1_terrain_1_0|95|1|2|462|929|3680.0|-256.0|3712.0|-320.0|3695.5527864045002|-288.22360679775|0.0|0.0|0.0|QROCK3|QROCK3X8|1.0|1.0|149.192885125|0.0|8|rock|-|SG001461|-|463|1|0|929|XA11TEX|-|1.0|1.0|0.0|0.0|0.0|QROCK3X8|-|1.0|1.0|149.192885125|0.0|-158.0|-158.0|0.0|0.0|384.0|384.0|384.0|384.0
UTNTSkyEdge_tnt04b_95_1_terrain_1_1|95|1|2|462|929|3680.0|-256.0|3712.0|-320.0|3696.4472135954998|-287.77639320225|0.0|0.0|0.0|QROCK3|XA11TEX|1.0|1.0|0.0|0.0|8|gravel|-|SG001460|-|428|1|1|929|XA11TEX|-|1.0|1.0|0.0|0.0|0.0|QROCK3X8|-|1.0|1.0|149.192885125|0.0|-158.0|-158.0|0.0|0.0|384.0|384.0|384.0|384.0
UTNTSkyEdge_tnt04b_313_1_terrain_1_0|313|1|2|118|929|3680.0|-832.0|3744.0|-864.0|3711.77639320225|-848.4472135955|0.0|0.0|0.0|QROCK3|QROCK3X8|1.0|1.0|45.0|0.0|8|rock|-|SG001462|-|464|1|0|929|XA11TEX|-|1.0|1.0|0.0|0.0|0.0|QROCK3X8|-|1.0|1.0|45.0|0.0|-354.0|-354.0|0.0|0.0|384.0|384.0|384.0|384.0
UTNTSkyEdge_tnt04b_313_1_terrain_1_1|313|1|2|118|929|3680.0|-832.0|3744.0|-864.0|3712.22360679775|-847.5527864045|0.0|0.0|0.0|QROCK3|XA11TEX|1.0|1.0|0.0|0.0|8|gravel|-|SG001460|-|428|1|1|929|XA11TEX|-|1.0|1.0|0.0|0.0|0.0|QROCK3X8|-|1.0|1.0|45.0|0.0|-354.0|-354.0|0.0|0.0|384.0|384.0|384.0|384.0
UTNTSkyEdge_tnt04b_314_1_terrain_1_0|314|1|2|510|929|3744.0|-864.0|3840.0|-864.0|3792.0|-864.5|0.0|0.0|0.0|QROCK3|QROCK3X8|1.0|1.0|117.0|0.0|8|rock|-|SG001424|-|427|1|0|929|XA11TEX|-|1.0|1.0|0.0|0.0|0.0|QROCK3X8|-|1.0|1.0|117.0|0.0|-512.0|-512.0|0.0|0.0|384.0|384.0|384.0|384.0
UTNTSkyEdge_tnt04b_314_1_terrain_1_1|314|1|2|510|929|3744.0|-864.0|3840.0|-864.0|3792.0|-863.5|0.0|0.0|0.0|QROCK3|XA11TEX|1.0|1.0|0.0|0.0|8|gravel|-|SG001460|-|428|1|1|929|XA11TEX|-|1.0|1.0|0.0|0.0|0.0|QROCK3X8|-|1.0|1.0|117.0|0.0|-512.0|-512.0|0.0|0.0|384.0|384.0|384.0|384.0
UTNTSkyEdge_tnt04b_315_1_terrain_1_0|315|1|2|510|929|3840.0|-864.0|3904.0|-896.0|3871.77639320225|-880.4472135955|0.0|0.0|0.0|QROCK3|QROCK3X8|1.0|1.0|213.0|0.0|8|rock|-|SG001424|-|427|1|0|929|XA11TEX|-|1.0|1.0|0.0|0.0|0.0|QROCK3X8|-|1.0|1.0|213.0|0.0|-512.0|-512.0|0.0|0.0|384.0|384.0|384.0|384.0
UTNTSkyEdge_tnt04b_315_1_terrain_1_1|315|1|2|510|929|3840.0|-864.0|3904.0|-896.0|3872.22360679775|-879.5527864045|0.0|0.0|0.0|QROCK3|XA11TEX|1.0|1.0|0.0|0.0|8|gravel|-|SG001460|-|428|1|1|929|XA11TEX|-|1.0|1.0|0.0|0.0|0.0|QROCK3X8|-|1.0|1.0|213.0|0.0|-512.0|-512.0|0.0|0.0|384.0|384.0|384.0|384.0
UTNTSkyEdge_tnt04b_420_1_terrain_1_0|420|1|2|468|929|3744.0|-384.0|3680.0|-448.0|3711.6464466094067|-415.6464466094067|0.0|0.0|0.0|QROCK3|QROCK3X8|1.0|1.0|164.55417528|0.0|8|rock|-|SG001459|-|462|1|0|929|XA11TEX|-|1.0|1.0|0.0|0.0|0.0|QROCK3X8|-|1.0|1.0|164.55417528|0.0|-118.0|-118.0|0.0|0.0|384.0|384.0|384.0|384.0
UTNTSkyEdge_tnt04b_420_1_terrain_1_1|420|1|2|468|929|3744.0|-384.0|3680.0|-448.0|3712.3535533905933|-416.3535533905933|0.0|0.0|0.0|QROCK3|XA11TEX|1.0|1.0|0.0|0.0|8|gravel|-|SG001460|-|428|1|1|929|XA11TEX|-|1.0|1.0|0.0|0.0|0.0|QROCK3X8|-|1.0|1.0|164.55417528|0.0|-118.0|-118.0|0.0|0.0|384.0|384.0|384.0|384.0
UTNTSkyEdge_tnt04b_421_1_terrain_1_0|421|1|2|469|929|3648.0|-544.0|3712.0|-608.0|3679.6464466094067|-576.3535533905932|0.0|0.0|0.0|QROCK3|QROCK3X8|1.0|1.0|109.0|0.0|8|rock|-|SG001463|-|465|1|0|929|XA11TEX|-|1.0|1.0|0.0|0.0|0.0|QROCK3X8|-|1.0|1.0|109.0|0.0|-79.0|-79.0|0.0|0.0|384.0|384.0|384.0|384.0
UTNTSkyEdge_tnt04b_421_1_terrain_1_1|421|1|2|469|929|3648.0|-544.0|3712.0|-608.0|3680.3535533905933|-575.6464466094068|0.0|0.0|0.0|QROCK3|XA11TEX|1.0|1.0|0.0|0.0|8|gravel|-|SG001460|-|428|1|1|929|XA11TEX|-|1.0|1.0|0.0|0.0|0.0|QROCK3X8|-|1.0|1.0|109.0|0.0|-79.0|-79.0|0.0|0.0|384.0|384.0|384.0|384.0
UTNTSkyEdge_tnt04b_431_1_terrain_1_0|431|1|2|469|929|3648.0|-512.0|3648.0|-544.0|3647.5|-528.0|0.0|0.0|0.0|QROCK3|QROCK3X8|1.0|1.0|77.0|0.0|8|rock|-|SG001463|-|465|1|0|929|XA11TEX|-|1.0|1.0|0.0|0.0|0.0|QROCK3X8|-|1.0|1.0|77.0|0.0|-79.0|-79.0|0.0|0.0|384.0|384.0|384.0|384.0
UTNTSkyEdge_tnt04b_431_1_terrain_1_1|431|1|2|469|929|3648.0|-512.0|3648.0|-544.0|3648.5|-528.0|0.0|0.0|0.0|QROCK3|XA11TEX|1.0|1.0|0.0|0.0|8|gravel|-|SG001460|-|428|1|1|929|XA11TEX|-|1.0|1.0|0.0|0.0|0.0|QROCK3X8|-|1.0|1.0|77.0|0.0|-79.0|-79.0|0.0|0.0|384.0|384.0|384.0|384.0
UTNTSkyEdge_tnt04b_432_1_terrain_1_0|432|1|2|468|929|3680.0|-448.0|3648.0|-480.0|3663.6464466094067|-463.6464466094067|0.0|0.0|0.0|QROCK3|QROCK3X8|1.0|1.0|255.063843272|0.0|8|rock|-|SG001459|-|462|1|0|929|XA11TEX|-|1.0|1.0|0.0|0.0|0.0|QROCK3X8|-|1.0|1.0|255.063843272|0.0|-118.0|-118.0|0.0|0.0|384.0|384.0|384.0|384.0
UTNTSkyEdge_tnt04b_432_1_terrain_1_1|432|1|2|468|929|3680.0|-448.0|3648.0|-480.0|3664.3535533905933|-464.3535533905933|0.0|0.0|0.0|QROCK3|XA11TEX|1.0|1.0|0.0|0.0|8|gravel|-|SG001460|-|428|1|1|929|XA11TEX|-|1.0|1.0|0.0|0.0|0.0|QROCK3X8|-|1.0|1.0|255.063843272|0.0|-118.0|-118.0|0.0|0.0|384.0|384.0|384.0|384.0
UTNTSkyEdge_tnt04b_433_1_terrain_1_0|433|1|2|470|929|3712.0|-704.0|3680.0|-800.0|3695.525658350975|-751.8418861169915|0.0|0.0|0.0|QROCK3|QROCK3X8|1.0|1.0|168.0|0.0|6.24|rock|-|SG001464|-|466|1|0|929|XA11TEX|-|1.0|1.0|0.0|0.0|0.0|QROCK3X8|-|1.0|1.0|168.0|0.0|-39.0|-39.0|0.0|0.0|384.0|384.0|384.0|384.0
UTNTSkyEdge_tnt04b_433_1_terrain_1_1|433|1|2|470|929|3712.0|-704.0|3680.0|-800.0|3696.474341649025|-752.1581138830085|0.0|0.0|0.0|QROCK3|XA11TEX|1.0|1.0|0.0|0.0|6.24|gravel|-|SG001460|-|428|1|1|929|XA11TEX|-|1.0|1.0|0.0|0.0|0.0|QROCK3X8|-|1.0|1.0|168.0|0.0|-39.0|-39.0|0.0|0.0|384.0|384.0|384.0|384.0
UTNTSkyEdge_tnt04b_434_1_terrain_1_0|434|1|2|470|929|3712.0|-608.0|3712.0|-704.0|3711.5|-656.0|0.0|0.0|0.0|QROCK3|QROCK3X8|1.0|1.0|72.0|0.0|6.24|rock|-|SG001464|-|466|1|0|929|XA11TEX|-|1.0|1.0|0.0|0.0|0.0|QROCK3X8|-|1.0|1.0|72.0|0.0|-39.0|-39.0|0.0|0.0|384.0|384.0|384.0|384.0
UTNTSkyEdge_tnt04b_434_1_terrain_1_1|434|1|2|470|929|3712.0|-608.0|3712.0|-704.0|3712.5|-656.0|0.0|0.0|0.0|QROCK3|XA11TEX|1.0|1.0|0.0|0.0|6.24|gravel|-|SG001460|-|428|1|1|929|XA11TEX|-|1.0|1.0|0.0|0.0|0.0|QROCK3X8|-|1.0|1.0|72.0|0.0|-39.0|-39.0|0.0|0.0|384.0|384.0|384.0|384.0
UTNTSkyEdge_tnt04b_435_1_terrain_1_0|435|1|2|118|929|3680.0|-800.0|3680.0|-832.0|3679.5|-816.0|0.0|0.0|0.0|QROCK3|QROCK3X8|1.0|1.0|13.0|0.0|8|rock|-|SG001462|-|464|1|0|929|XA11TEX|-|1.0|1.0|0.0|0.0|0.0|QROCK3X8|-|1.0|1.0|13.0|0.0|-354.0|-354.0|0.0|0.0|384.0|384.0|384.0|384.0
UTNTSkyEdge_tnt04b_435_1_terrain_1_1|435|1|2|118|929|3680.0|-800.0|3680.0|-832.0|3680.5|-816.0|0.0|0.0|0.0|QROCK3|XA11TEX|1.0|1.0|0.0|0.0|8|gravel|-|SG001460|-|428|1|1|929|XA11TEX|-|1.0|1.0|0.0|0.0|0.0|QROCK3X8|-|1.0|1.0|13.0|0.0|-354.0|-354.0|0.0|0.0|384.0|384.0|384.0|384.0
UTNTSkyEdge_tnt04b_440_1_terrain_1_0|440|1|2|510|312|1504.0|-832.0|1568.0|-816.0|1536.1212678125182|-824.4850712500727|0.0|0.0|0.0|QROCK3|QROCK3X8|1.0|1.0|147.254833996|0.0|8|rock|-|SG001424|-|427|1|0|312|XA11TEX|-|1.0|1.0|0.0|0.0|0.0|QROCK3X8|-|1.0|1.0|147.254833996|0.0|-512.0|-512.0|0.0|0.0|384.0|384.0|384.0|384.0
UTNTSkyEdge_tnt04b_440_1_terrain_1_1|440|1|2|510|312|1504.0|-832.0|1568.0|-816.0|1535.8787321874818|-823.5149287499273|0.0|0.0|0.0|QROCK3|XA11TEX|1.0|1.0|0.0|0.0|8|gravel|-|SG001465|-|424|1|1|312|XA11TEX|-|1.0|1.0|0.0|0.0|0.0|QROCK3X8|-|1.0|1.0|147.254833996|0.0|-512.0|-512.0|0.0|0.0|384.0|384.0|384.0|384.0
UTNTSkyEdge_tnt04b_441_1_terrain_1_0|441|1|2|510|929|3744.0|32.0|3680.0|-96.0|3711.5527864045002|-31.77639320225002|0.0|0.0|0.0|QROCK3|QROCK3X8|1.0|1.0|216.10835056|0.0|8|rock|-|SG001424|-|427|1|0|929|XA11TEX|-|1.0|1.0|0.0|0.0|0.0|QROCK3X8|-|1.0|1.0|216.10835056|0.0|-512.0|-512.0|0.0|0.0|384.0|384.0|384.0|384.0
UTNTSkyEdge_tnt04b_441_1_terrain_1_1|441|1|2|510|929|3744.0|32.0|3680.0|-96.0|3712.4472135954998|-32.22360679774998|0.0|0.0|0.0|QROCK3|XA11TEX|1.0|1.0|0.0|0.0|8|gravel|-|SG001460|-|428|1|1|929|XA11TEX|-|1.0|1.0|0.0|0.0|0.0|QROCK3X8|-|1.0|1.0|216.10835056|0.0|-512.0|-512.0|0.0|0.0|384.0|384.0|384.0|384.0
UTNTSkyEdge_tnt04b_442_1_terrain_1_0|442|1|2|510|312|1648.0|-752.0|1712.0|-768.0|1679.8787321874818|-760.4850712500727|0.0|0.0|0.0|QROCK3|QROCK3X8|1.0|1.0|315.674511805|0.0|8|rock|-|SG001424|-|427|1|0|312|XA11TEX|-|1.0|1.0|0.0|0.0|0.0|QROCK3X8|-|1.0|1.0|315.674511805|0.0|-512.0|-512.0|0.0|0.0|384.0|384.0|384.0|384.0
UTNTSkyEdge_tnt04b_442_1_terrain_1_1|442|1|2|510|312|1648.0|-752.0|1712.0|-768.0|1680.1212678125182|-759.5149287499273|0.0|0.0|0.0|QROCK3|XA11TEX|1.0|1.0|0.0|0.0|8|gravel|-|SG001465|-|424|1|1|312|XA11TEX|-|1.0|1.0|0.0|0.0|0.0|QROCK3X8|-|1.0|1.0|315.674511805|0.0|-512.0|-512.0|0.0|0.0|384.0|384.0|384.0|384.0
UTNTSkyEdge_tnt04b_443_1_terrain_1_0|443|1|2|467|929|3680.0|-96.0|3648.0|-160.0|3663.5527864045002|-127.77639320225002|0.0|0.0|0.0|QROCK3|QROCK3X8|1.0|1.0|104.0|0.0|8|rock|-|SG001466|-|467|1|0|929|XA11TEX|-|1.0|1.0|0.0|0.0|0.0|QROCK3X8|-|1.0|1.0|104.0|0.0|-197.0|-197.0|0.0|0.0|384.0|384.0|384.0|384.0
UTNTSkyEdge_tnt04b_443_1_terrain_1_1|443|1|2|467|929|3680.0|-96.0|3648.0|-160.0|3664.4472135954998|-128.22360679774997|0.0|0.0|0.0|QROCK3|XA11TEX|1.0|1.0|0.0|0.0|8|gravel|-|SG001460|-|428|1|1|929|XA11TEX|-|1.0|1.0|0.0|0.0|0.0|QROCK3X8|-|1.0|1.0|104.0|0.0|-197.0|-197.0|0.0|0.0|384.0|384.0|384.0|384.0
UTNTSkyEdge_tnt04b_444_1_terrain_1_0|444|1|2|510|929|3808.0|32.0|3744.0|32.0|3776.0|32.5|0.0|0.0|0.0|QROCK3|QROCK3X8|1.0|1.0|152.10835056|0.0|8|rock|-|SG001424|-|427|1|0|929|XA11TEX|-|1.0|1.0|0.0|0.0|0.0|QROCK3X8|-|1.0|1.0|152.10835056|0.0|-512.0|-512.0|0.0|0.0|384.0|384.0|384.0|384.0
UTNTSkyEdge_tnt04b_444_1_terrain_1_1|444|1|2|510|929|3808.0|32.0|3744.0|32.0|3776.0|31.5|0.0|0.0|0.0|QROCK3|XA11TEX|1.0|1.0|0.0|0.0|8|gravel|-|SG001460|-|428|1|1|929|XA11TEX|-|1.0|1.0|0.0|0.0|0.0|QROCK3X8|-|1.0|1.0|152.10835056|0.0|-512.0|-512.0|0.0|0.0|384.0|384.0|384.0|384.0
UTNTSkyEdge_tnt04b_445_1_terrain_1_0|445|1|2|510|312|1568.0|-816.0|1648.0|-752.0|1608.3123475237771|-784.3904344047215|0.0|0.0|0.0|QROCK3|QROCK3X8|1.0|1.0|213.224524006|0.0|8|rock|-|SG001424|-|427|1|0|312|XA11TEX|-|1.0|1.0|0.0|0.0|0.0|QROCK3X8|-|1.0|1.0|213.224524006|0.0|-512.0|-512.0|0.0|0.0|384.0|384.0|384.0|384.0
UTNTSkyEdge_tnt04b_445_1_terrain_1_1|445|1|2|510|312|1568.0|-816.0|1648.0|-752.0|1607.6876524762229|-783.6095655952785|0.0|0.0|0.0|QROCK3|XA11TEX|1.0|1.0|0.0|0.0|8|gravel|-|SG001465|-|424|1|1|312|XA11TEX|-|1.0|1.0|0.0|0.0|0.0|QROCK3X8|-|1.0|1.0|213.224524006|0.0|-512.0|-512.0|0.0|0.0|384.0|384.0|384.0|384.0
UTNTSkyEdge_tnt04b_446_1_terrain_1_0|446|1|2|254|312|1712.0|-768.0|1792.0|-624.0|1752.4370786380607|-696.2428214655894|0.0|0.0|0.0|QROCK3|QROCK3X8|1.0|1.0|125.0|0.0|3.84|rock|-|SG001467|-|468|1|0|312|XA11TEX|-|1.0|1.0|0.0|0.0|0.0|QROCK3X8|-|1.0|1.0|125.0|0.0|-24.0|-24.0|0.0|0.0|384.0|384.0|384.0|384.0
UTNTSkyEdge_tnt04b_446_1_terrain_1_1|446|1|2|254|312|1712.0|-768.0|1792.0|-624.0|1751.5629213619393|-695.7571785344106|0.0|0.0|0.0|QROCK3|XA11TEX|1.0|1.0|0.0|0.0|3.84|gravel|-|SG001465|-|424|1|1|312|XA11TEX|-|1.0|1.0|0.0|0.0|0.0|QROCK3X8|-|1.0|1.0|125.0|0.0|-24.0|-24.0|0.0|0.0|384.0|384.0|384.0|384.0
UTNTSkyEdge_tnt04b_448_1_terrain_1_0|448|1|2|510|312|1472.0|-800.0|1504.0|-832.0|1487.6464466094067|-816.3535533905932|0.0|0.0|0.0|QROCK3|QROCK3X8|1.0|1.0|102.0|0.0|8|rock|-|SG001424|-|427|1|0|312|XA11TEX|-|1.0|1.0|0.0|0.0|0.0|QROCK3X8|-|1.0|1.0|102.0|0.0|-512.0|-512.0|0.0|0.0|384.0|384.0|384.0|384.0
UTNTSkyEdge_tnt04b_448_1_terrain_1_1|448|1|2|510|312|1472.0|-800.0|1504.0|-832.0|1488.3535533905933|-815.6464466094068|0.0|0.0|0.0|QROCK3|XA11TEX|1.0|1.0|0.0|0.0|8|gravel|-|SG001465|-|424|1|1|312|XA11TEX|-|1.0|1.0|0.0|0.0|0.0|QROCK3X8|-|1.0|1.0|102.0|0.0|-512.0|-512.0|0.0|0.0|384.0|384.0|384.0|384.0
UTNTSkyEdge_tnt04b_449_1_terrain_1_0|449|1|2|510|133|1728.0|-448.0|1728.0|-384.0|1728.5|-416.0|0.0|0.0|0.0|QROCK3|QROCK3X8|1.0|1.0|221.275198572|0.0|8|rock|-|SG001424|-|427|1|0|133|XA11TEX|-|1.0|1.0|0.0|0.0|0.0|QROCK3X8|-|1.0|1.0|221.275198572|0.0|-512.0|-512.0|0.0|0.0|384.0|384.0|384.0|384.0
UTNTSkyEdge_tnt04b_449_1_terrain_1_1|449|1|2|510|133|1728.0|-448.0|1728.0|-384.0|1727.5|-416.0|0.0|0.0|0.0|QROCK3|XA11TEX|1.0|1.0|0.0|0.0|8|gravel|-|SG001468|-|433|1|1|133|XA11TEX|-|1.0|1.0|0.0|0.0|0.0|QROCK3X8|-|1.0|1.0|221.275198572|0.0|-512.0|-512.0|0.0|0.0|384.0|384.0|384.0|384.0
UTNTSkyEdge_tnt04b_450_1_terrain_1_0|450|1|2|510|133|1792.0|-624.0|1728.0|-448.0|1760.4698967117442|-535.8291284684567|0.0|0.0|0.0|QROCK3|QROCK3X8|1.0|1.0|34.0|0.0|8|rock|-|SG001424|-|427|1|0|133|XA11TEX|-|1.0|1.0|0.0|0.0|0.0|QROCK3X8|-|1.0|1.0|34.0|0.0|-512.0|-512.0|0.0|0.0|384.0|384.0|384.0|384.0
UTNTSkyEdge_tnt04b_450_1_terrain_1_1|450|1|2|510|133|1792.0|-624.0|1728.0|-448.0|1759.5301032882558|-536.1708715315433|0.0|0.0|0.0|QROCK3|XA11TEX|1.0|1.0|0.0|0.0|8|gravel|-|SG001468|-|433|1|1|133|XA11TEX|-|1.0|1.0|0.0|0.0|0.0|QROCK3X8|-|1.0|1.0|34.0|0.0|-512.0|-512.0|0.0|0.0|384.0|384.0|384.0|384.0
UTNTSkyEdge_tnt04b_451_1_terrain_1_0|451|1|2|462|929|3648.0|-160.0|3680.0|-256.0|3663.525658350975|-208.1581138830084|0.0|0.0|0.0|QROCK3|QROCK3X8|1.0|1.0|48.0|0.0|8|rock|-|SG001461|-|463|1|0|929|XA11TEX|-|1.0|1.0|0.0|0.0|0.0|QROCK3X8|-|1.0|1.0|48.0|0.0|-158.0|-158.0|0.0|0.0|384.0|384.0|384.0|384.0
UTNTSkyEdge_tnt04b_451_1_terrain_1_1|451|1|2|462|929|3648.0|-160.0|3680.0|-256.0|3664.474341649025|-207.8418861169916|0.0|0.0|0.0|QROCK3|XA11TEX|1.0|1.0|0.0|0.0|8|gravel|-|SG001460|-|428|1|1|929|XA11TEX|-|1.0|1.0|0.0|0.0|0.0|QROCK3X8|-|1.0|1.0|48.0|0.0|-158.0|-158.0|0.0|0.0|384.0|384.0|384.0|384.0
UTNTSkyEdge_tnt04b_451_1_terrain_2_1|451|1|2|462|462|3648.0|-160.0|3680.0|-256.0|3663.525658350975|-208.1581138830084|-158.0|-158.0|-158.0|QROCK3|XA11TEX|1.0|1.0|0.0|0.0|14|gravel|-|SG001469|-|463|2|1|462|XA11TEX|-|1.0|1.0|0.0|0.0|0.0|QROCK3X8|-|1.0|1.0|48.0|0.0|-158.0|-158.0|0.0|0.0|384.0|384.0|384.0|384.0
UTNTSkyEdge_tnt04b_539_1_terrain_1_0|539|1|2|473|311|1696.0|-64.0|1632.0|0.0|1664.3535533905933|-31.646446609406727|0.0|0.0|0.0|QROCK3|QROCK3X8|1.0|1.0|12.0|0.0|8|rock|-|SG001423|-|426|1|0|311|XA11TEX|-|1.0|1.0|0.0|0.0|0.0|QROCK3X8|-|1.0|1.0|12.0|0.0|-512.0|-512.0|0.0|0.0|384.0|384.0|384.0|384.0
UTNTSkyEdge_tnt04b_539_1_terrain_1_1|539|1|2|473|311|1696.0|-64.0|1632.0|0.0|1663.6464466094067|-32.35355339059328|0.0|0.0|0.0|QROCK3|XA11TEX|1.0|1.0|0.0|0.0|8|gravel|-|SG001470|-|425|1|1|311|XA11TEX|-|1.0|1.0|0.0|0.0|0.0|QROCK3X8|-|1.0|1.0|12.0|0.0|-512.0|-512.0|0.0|0.0|384.0|384.0|384.0|384.0
UTNTSkyEdge_tnt04b_540_1_terrain_1_0|540|1|2|226|311|1664.0|-112.0|1696.0|-64.0|1680.416025147169|-88.27735009811262|0.0|0.0|0.0|QROCK3|QROCK3X8|1.0|1.0|313.881705533|0.0|3.84|rock|-|SG001471|-|469|1|0|311|XA11TEX|-|1.0|1.0|0.0|0.0|0.0|QROCK3X8|-|1.0|1.0|313.881705533|0.0|-24.0|-24.0|0.0|0.0|384.0|384.0|384.0|384.0
UTNTSkyEdge_tnt04b_540_1_terrain_1_1|540|1|2|226|311|1664.0|-112.0|1696.0|-64.0|1679.583974852831|-87.72264990188738|0.0|0.0|0.0|QROCK3|XA11TEX|1.0|1.0|0.0|0.0|3.84|gravel|-|SG001470|-|425|1|1|311|XA11TEX|-|1.0|1.0|0.0|0.0|0.0|QROCK3X8|-|1.0|1.0|313.881705533|0.0|-24.0|-24.0|0.0|0.0|384.0|384.0|384.0|384.0
UTNTSkyEdge_tnt04b_541_1_terrain_1_0|541|1|2|226|311|1712.0|-176.0|1664.0|-112.0|1688.4|-143.7|0.0|0.0|0.0|QROCK3|QROCK3X8|1.0|1.0|233.881705533|0.0|3.84|rock|-|SG001471|-|469|1|0|311|XA11TEX|-|1.0|1.0|0.0|0.0|0.0|QROCK3X8|-|1.0|1.0|233.881705533|0.0|-24.0|-24.0|0.0|0.0|384.0|384.0|384.0|384.0
UTNTSkyEdge_tnt04b_541_1_terrain_1_1|541|1|2|226|311|1712.0|-176.0|1664.0|-112.0|1687.6|-144.3|0.0|0.0|0.0|QROCK3|XA11TEX|1.0|1.0|0.0|0.0|3.84|gravel|-|SG001470|-|425|1|1|311|XA11TEX|-|1.0|1.0|0.0|0.0|0.0|QROCK3X8|-|1.0|1.0|233.881705533|0.0|-24.0|-24.0|0.0|0.0|384.0|384.0|384.0|384.0
UTNTSkyEdge_tnt04b_542_1_terrain_1_0|542|1|2|226|133|1808.0|-208.0|1712.0|-176.0|1760.1581138830084|-191.52565835097474|0.0|0.0|0.0|QROCK3|QROCK3X8|1.0|1.0|132.688820407|0.0|3.84|rock|-|SG001471|-|469|1|0|133|XA11TEX|-|1.0|1.0|0.0|0.0|0.0|QROCK3X8|-|1.0|1.0|132.688820407|0.0|-24.0|-24.0|0.0|0.0|384.0|384.0|384.0|384.0
UTNTSkyEdge_tnt04b_542_1_terrain_1_1|542|1|2|226|133|1808.0|-208.0|1712.0|-176.0|1759.8418861169916|-192.47434164902526|0.0|0.0|0.0|QROCK3|XA11TEX|1.0|1.0|0.0|0.0|3.84|gravel|-|SG001468|-|433|1|1|133|XA11TEX|-|1.0|1.0|0.0|0.0|0.0|QROCK3X8|-|1.0|1.0|132.688820407|0.0|-24.0|-24.0|0.0|0.0|384.0|384.0|384.0|384.0
UTNTSkyEdge_tnt04b_543_1_terrain_1_0|543|1|2|226|133|1840.0|-256.0|1808.0|-208.0|1824.416025147169|-231.7226499018874|0.0|0.0|0.0|QROCK3|QROCK3X8|1.0|1.0|75.0|0.0|3.84|rock|-|SG001471|-|469|1|0|133|XA11TEX|-|1.0|1.0|0.0|0.0|0.0|QROCK3X8|-|1.0|1.0|75.0|0.0|-24.0|-24.0|0.0|0.0|384.0|384.0|384.0|384.0
UTNTSkyEdge_tnt04b_543_1_terrain_1_1|543|1|2|226|133|1840.0|-256.0|1808.0|-208.0|1823.583974852831|-232.2773500981126|0.0|0.0|0.0|QROCK3|XA11TEX|1.0|1.0|0.0|0.0|3.84|gravel|-|SG001468|-|433|1|1|133|XA11TEX|-|1.0|1.0|0.0|0.0|0.0|QROCK3X8|-|1.0|1.0|75.0|0.0|-24.0|-24.0|0.0|0.0|384.0|384.0|384.0|384.0
UTNTSkyEdge_tnt04b_544_1_terrain_1_0|544|1|2|510|133|1808.0|-320.0|1840.0|-256.0|1824.4472135955|-288.22360679775|0.0|0.0|0.0|QROCK3|QROCK3X8|1.0|1.0|387.72518637|0.0|8|rock|-|SG001424|-|427|1|0|133|XA11TEX|-|1.0|1.0|0.0|0.0|0.0|QROCK3X8|-|1.0|1.0|387.72518637|0.0|-512.0|-512.0|0.0|0.0|384.0|384.0|384.0|384.0
UTNTSkyEdge_tnt04b_544_1_terrain_1_1|544|1|2|510|133|1808.0|-320.0|1840.0|-256.0|1823.5527864045|-287.77639320225|0.0|0.0|0.0|QROCK3|XA11TEX|1.0|1.0|0.0|0.0|8|gravel|-|SG001468|-|433|1|1|133|XA11TEX|-|1.0|1.0|0.0|0.0|0.0|QROCK3X8|-|1.0|1.0|387.72518637|0.0|-512.0|-512.0|0.0|0.0|384.0|384.0|384.0|384.0
UTNTSkyEdge_tnt04b_545_1_terrain_1_0|545|1|2|510|133|1728.0|-384.0|1808.0|-320.0|1768.3123475237771|-352.39043440472153|0.0|0.0|0.0|QROCK3|QROCK3X8|1.0|1.0|285.275198572|0.0|8|rock|-|SG001424|-|427|1|0|133|XA11TEX|-|1.0|1.0|0.0|0.0|0.0|QROCK3X8|-|1.0|1.0|285.275198572|0.0|-512.0|-512.0|0.0|0.0|384.0|384.0|384.0|384.0
UTNTSkyEdge_tnt04b_545_1_terrain_1_1|545|1|2|510|133|1728.0|-384.0|1808.0|-320.0|1767.6876524762229|-351.60956559527847|0.0|0.0|0.0|QROCK3|XA11TEX|1.0|1.0|0.0|0.0|8|gravel|-|SG001468|-|433|1|1|133|XA11TEX|-|1.0|1.0|0.0|0.0|0.0|QROCK3X8|-|1.0|1.0|285.275198572|0.0|-512.0|-512.0|0.0|0.0|384.0|384.0|384.0|384.0
UTNTSkyEdge_tnt04b_546_1_terrain_1_0|546|1|2|510|929|3872.0|0.0|3808.0|32.0|3840.22360679775|16.447213595499957|0.0|0.0|0.0|QROCK3|QROCK3X8|1.0|1.0|80.55417528|0.0|8|rock|-|SG001424|-|427|1|0|929|XA11TEX|-|1.0|1.0|0.0|0.0|0.0|QROCK3X8|-|1.0|1.0|80.55417528|0.0|-512.0|-512.0|0.0|0.0|384.0|384.0|384.0|384.0
UTNTSkyEdge_tnt04b_546_1_terrain_1_1|546|1|2|510|929|3872.0|0.0|3808.0|32.0|3839.77639320225|15.552786404500042|0.0|0.0|0.0|QROCK3|XA11TEX|1.0|1.0|0.0|0.0|8|gravel|-|SG001460|-|428|1|1|929|XA11TEX|-|1.0|1.0|0.0|0.0|0.0|QROCK3X8|-|1.0|1.0|80.55417528|0.0|-512.0|-512.0|0.0|0.0|384.0|384.0|384.0|384.0
UTNTSkyEdge_tnt04b_547_1_terrain_1_0|547|1|2|510|929|3904.0|-64.0|3872.0|0.0|3888.4472135954998|-31.77639320225002|0.0|0.0|0.0|QROCK3|QROCK3X8|1.0|1.0|9.0|0.0|8|rock|-|SG001424|-|427|1|0|929|XA11TEX|-|1.0|1.0|0.0|0.0|0.0|QROCK3X8|-|1.0|1.0|9.0|0.0|-512.0|-512.0|0.0|0.0|384.0|384.0|384.0|384.0
UTNTSkyEdge_tnt04b_547_1_terrain_1_1|547|1|2|510|929|3904.0|-64.0|3872.0|0.0|3887.5527864045002|-32.22360679774998|0.0|0.0|0.0|QROCK3|XA11TEX|1.0|1.0|0.0|0.0|8|gravel|-|SG001460|-|428|1|1|929|XA11TEX|-|1.0|1.0|0.0|0.0|0.0|QROCK3X8|-|1.0|1.0|9.0|0.0|-512.0|-512.0|0.0|0.0|384.0|384.0|384.0|384.0
UTNTSkyEdge_tnt04b_552_0_terrain_2_1|552|0|1|263|263|2272.0|-1280.0|2208.0|-1408.0|2239.5527864045002|-1343.7763932022501|-240.0|-240.0|-240.0|QROCK3X8|XA11TEX|1.0|1.0|0.0|0.0|14|gravel|-|SG001472|-|429|2|1|263|XA11TEX|-|1.0|1.0|0.0|0.0|0.0|QROCK3X8|-|1.0|1.0|525.614728251|0.0|-240.0|-240.0|0|0|384.0|384.0|0|0
UTNTSkyEdge_tnt04b_597_0_terrain_2_1|597|0|1|263|263|2544.0|-1280.0|2400.0|-1248.0|2472.108465228909|-1263.5119064699081|-240.0|-240.0|-240.0|QROCK3X8|XA11TEX|1.0|1.0|0.0|0.0|14|gravel|-|SG001473|-|429|2|1|263|XA11TEX|-|1.0|1.0|0.0|0.0|0.0|QROCK3X8|-|1.0|1.0|246.162636914|0.0|-240.0|-240.0|0|0|384.0|384.0|0|0
UTNTSkyEdge_tnt04b_1113_0_terrain_1_0|1113|0|2|473|233|2400.0|384.0|2400.0|352.0|2399.5|368.0|-192.0|-192.0|-192.0|QROCK3|QROCK3X8|1.0|1.0|93.0|64.0|8|rock|-|SG001423|-|426|1|0|233|XA11TEX|-|1.0|1.0|0.0|0.0|0.0|QROCK3X8|-|1.0|1.0|93.0|64.0|-512.0|-512.0|-192.0|-192.0|384.0|384.0|384.0|384.0
UTNTSkyEdge_tnt04b_1113_0_terrain_1_1|1113|0|2|473|233|2400.0|384.0|2400.0|352.0|2400.5|368.0|-192.0|-192.0|-192.0|QROCK3|XA11TEX|1.0|1.0|0.0|0.0|8|gravel|-|SG001474|-|430|1|1|233|XA11TEX|-|1.0|1.0|0.0|0.0|0.0|QROCK3X8|-|1.0|1.0|93.0|64.0|-512.0|-512.0|-192.0|-192.0|384.0|384.0|384.0|384.0
UTNTSkyEdge_tnt04b_1114_0_terrain_1_0|1114|0|2|473|233|2400.0|352.0|2368.0|256.0|2383.525658350975|304.1581138830084|-192.0|-192.0|-192.0|QROCK3|QROCK3X8|1.0|1.0|125.0|64.0|8|rock|-|SG001423|-|426|1|0|233|XA11TEX|-|1.0|1.0|0.0|0.0|0.0|QROCK3X8|-|1.0|1.0|125.0|64.0|-512.0|-512.0|-192.0|-192.0|384.0|384.0|384.0|384.0
UTNTSkyEdge_tnt04b_1114_0_terrain_1_1|1114|0|2|473|233|2400.0|352.0|2368.0|256.0|2384.474341649025|303.8418861169916|-192.0|-192.0|-192.0|QROCK3|XA11TEX|1.0|1.0|0.0|0.0|8|gravel|-|SG001474|-|430|1|1|233|XA11TEX|-|1.0|1.0|0.0|0.0|0.0|QROCK3X8|-|1.0|1.0|125.0|64.0|-512.0|-512.0|-192.0|-192.0|384.0|384.0|384.0|384.0
UTNTSkyEdge_tnt04b_1115_0_terrain_1_0|1115|0|2|473|231|2368.0|256.0|2304.0|224.0|2335.77639320225|240.44721359549996|-168.0|-168.0|-168.0|QROCK3|QROCK3X8|1.0|1.0|98.0|40.0|8|rock|-|SG001423|-|426|1|0|231|XA11TEX|-|1.0|1.0|0.0|0.0|0.0|QROCK3X8|-|1.0|1.0|98.0|40.0|-512.0|-512.0|-168.0|-168.0|384.0|384.0|384.0|384.0
UTNTSkyEdge_tnt04b_1115_0_terrain_1_1|1115|0|2|473|231|2368.0|256.0|2304.0|224.0|2336.22360679775|239.55278640450004|-168.0|-168.0|-168.0|QROCK3|XA11TEX|1.0|1.0|0.0|0.0|8|gravel|-|SG001475|-|470|1|1|231|XA11TEX|-|1.0|1.0|0.0|0.0|0.0|QROCK3X8|-|1.0|1.0|98.0|40.0|-512.0|-512.0|-168.0|-168.0|384.0|384.0|384.0|384.0
UTNTSkyEdge_tnt04b_1116_0_terrain_1_0|1116|0|2|473|232|2304.0|224.0|2240.0|224.0|2272.0|224.5|-144.0|-144.0|-144.0|QROCK3|QROCK3X8|1.0|1.0|42.0|16.0|8|rock|-|SG001423|-|426|1|0|232|XA11TEX|-|1.0|1.0|0.0|0.0|0.0|QROCK3X8|-|1.0|1.0|42.0|16.0|-512.0|-512.0|-144.0|-144.0|384.0|384.0|384.0|384.0
UTNTSkyEdge_tnt04b_1116_0_terrain_1_1|1116|0|2|473|232|2304.0|224.0|2240.0|224.0|2272.0|223.5|-144.0|-144.0|-144.0|QROCK3|XA11TEX|1.0|1.0|0.0|0.0|8|gravel|-|SG001476|-|471|1|1|232|XA11TEX|-|1.0|1.0|0.0|0.0|0.0|QROCK3X8|-|1.0|1.0|42.0|16.0|-512.0|-512.0|-144.0|-144.0|384.0|384.0|384.0|384.0
UTNTSkyEdge_tnt04b_1117_0_terrain_1_0|1117|0|2|473|229|2240.0|224.0|2176.0|224.0|2208.0|224.5|-120.0|-120.0|-120.0|QROCK3|QROCK3X8|1.0|1.0|106.0|120.0|8|rock|-|SG001423|-|426|1|0|229|XA11TEX|-|1.0|1.0|0.0|0.0|0.0|QROCK3X8|-|1.0|1.0|106.0|120.0|-512.0|-512.0|-120.0|-120.0|384.0|384.0|384.0|384.0
UTNTSkyEdge_tnt04b_1117_0_terrain_1_1|1117|0|2|473|229|2240.0|224.0|2176.0|224.0|2208.0|223.5|-120.0|-120.0|-120.0|QROCK3|XA11TEX|1.0|1.0|0.0|0.0|8|gravel|-|SG001477|-|472|1|1|229|XA11TEX|-|1.0|1.0|0.0|0.0|0.0|QROCK3X8|-|1.0|1.0|106.0|120.0|-512.0|-512.0|-120.0|-120.0|384.0|384.0|384.0|384.0
UTNTSkyEdge_tnt04b_1118_0_terrain_1_0|1118|0|2|473|229|2176.0|224.0|2144.0|192.0|2159.6464466094067|208.35355339059328|-120.0|-120.0|-120.0|QROCK3|QROCK3X8|1.0|1.0|170.0|120.0|8|rock|-|SG001423|-|426|1|0|229|XA11TEX|-|1.0|1.0|0.0|0.0|0.0|QROCK3X8|-|1.0|1.0|170.0|120.0|-512.0|-512.0|-120.0|-120.0|384.0|384.0|384.0|384.0
UTNTSkyEdge_tnt04b_1118_0_terrain_1_1|1118|0|2|473|229|2176.0|224.0|2144.0|192.0|2160.3535533905933|207.64644660940672|-120.0|-120.0|-120.0|QROCK3|XA11TEX|1.0|1.0|0.0|0.0|8|gravel|-|SG001477|-|472|1|1|229|XA11TEX|-|1.0|1.0|0.0|0.0|0.0|QROCK3X8|-|1.0|1.0|170.0|120.0|-512.0|-512.0|-120.0|-120.0|384.0|384.0|384.0|384.0
UTNTSkyEdge_tnt04b_1119_0_terrain_1_0|1119|0|2|473|229|2144.0|192.0|2112.0|128.0|2127.5527864045002|160.22360679774997|-120.0|-120.0|-120.0|QROCK3|QROCK3X8|1.0|1.0|215.254833996|120.0|8|rock|-|SG001423|-|426|1|0|229|XA11TEX|-|1.0|1.0|0.0|0.0|0.0|QROCK3X8|-|1.0|1.0|215.254833996|120.0|-512.0|-512.0|-120.0|-120.0|384.0|384.0|384.0|384.0
UTNTSkyEdge_tnt04b_1119_0_terrain_1_1|1119|0|2|473|229|2144.0|192.0|2112.0|128.0|2128.4472135954998|159.77639320225003|-120.0|-120.0|-120.0|QROCK3|XA11TEX|1.0|1.0|0.0|0.0|8|gravel|-|SG001477|-|472|1|1|229|XA11TEX|-|1.0|1.0|0.0|0.0|0.0|QROCK3X8|-|1.0|1.0|215.254833996|120.0|-512.0|-512.0|-120.0|-120.0|384.0|384.0|384.0|384.0
UTNTSkyEdge_tnt04b_1120_0_terrain_1_0|1120|0|2|473|230|2112.0|128.0|2080.0|64.0|2095.5527864045002|96.22360679774998|-96.0|-96.0|-96.0|QROCK3|QROCK3X8|1.0|1.0|31.0|96.0|8|rock|-|SG001423|-|426|1|0|230|XA11TEX|-|1.0|1.0|0.0|0.0|0.0|QROCK3X8|-|1.0|1.0|31.0|96.0|-512.0|-512.0|-96.0|-96.0|384.0|384.0|384.0|384.0
UTNTSkyEdge_tnt04b_1120_0_terrain_1_1|1120|0|2|473|230|2112.0|128.0|2080.0|64.0|2096.4472135954998|95.77639320225002|-96.0|-96.0|-96.0|QROCK3|XA11TEX|1.0|1.0|0.0|0.0|8|gravel|-|SG001478|-|473|1|1|230|XA11TEX|-|1.0|1.0|0.0|0.0|0.0|QROCK3X8|-|1.0|1.0|31.0|96.0|-512.0|-512.0|-96.0|-96.0|384.0|384.0|384.0|384.0
UTNTSkyEdge_tnt04b_1121_0_terrain_1_0|1121|0|2|473|228|2080.0|64.0|2016.0|32.0|2047.7763932022501|48.44721359549996|-72.0|-72.0|-72.0|QROCK3|QROCK3X8|1.0|1.0|103.0|72.0|8|rock|-|SG001423|-|426|1|0|228|XA11TEX|-|1.0|1.0|0.0|0.0|0.0|QROCK3X8|-|1.0|1.0|103.0|72.0|-512.0|-512.0|-72.0|-72.0|384.0|384.0|384.0|384.0
UTNTSkyEdge_tnt04b_1121_0_terrain_1_1|1121|0|2|473|228|2080.0|64.0|2016.0|32.0|2048.22360679775|47.55278640450004|-72.0|-72.0|-72.0|QROCK3|XA11TEX|1.0|1.0|0.0|0.0|8|gravel|-|SG001479|-|474|1|1|228|XA11TEX|-|1.0|1.0|0.0|0.0|0.0|QROCK3X8|-|1.0|1.0|103.0|72.0|-512.0|-512.0|-72.0|-72.0|384.0|384.0|384.0|384.0
UTNTSkyEdge_tnt04b_1122_0_terrain_1_0|1122|0|2|473|228|2016.0|32.0|1952.0|0.0|1983.7763932022501|16.447213595499957|-72.0|-72.0|-72.0|QROCK3|QROCK3X8|1.0|1.0|174.55417528|72.0|8|rock|-|SG001423|-|426|1|0|228|XA11TEX|-|1.0|1.0|0.0|0.0|0.0|QROCK3X8|-|1.0|1.0|174.55417528|72.0|-512.0|-512.0|-72.0|-72.0|384.0|384.0|384.0|384.0
UTNTSkyEdge_tnt04b_1122_0_terrain_1_1|1122|0|2|473|228|2016.0|32.0|1952.0|0.0|1984.2236067977499|15.552786404500042|-72.0|-72.0|-72.0|QROCK3|XA11TEX|1.0|1.0|0.0|0.0|8|gravel|-|SG001479|-|474|1|1|228|XA11TEX|-|1.0|1.0|0.0|0.0|0.0|QROCK3X8|-|1.0|1.0|174.55417528|72.0|-512.0|-512.0|-72.0|-72.0|384.0|384.0|384.0|384.0
UTNTSkyEdge_tnt04b_1123_0_terrain_1_0|1123|0|2|473|227|1952.0|0.0|1888.0|0.0|1920.0|0.5|-48.0|-48.0|-48.0|QROCK3|QROCK3X8|1.0|1.0|119.0|48.0|8|rock|-|SG001423|-|426|1|0|227|XA11TEX|-|1.0|1.0|0.0|0.0|0.0|QROCK3X8|-|1.0|1.0|119.0|48.0|-512.0|-512.0|-48.0|-48.0|384.0|384.0|384.0|384.0
UTNTSkyEdge_tnt04b_1123_0_terrain_1_1|1123|0|2|473|227|1952.0|0.0|1888.0|0.0|1920.0|-0.5|-48.0|-48.0|-48.0|QROCK3|XA11TEX|1.0|1.0|0.0|0.0|8|gravel|-|SG001480|-|475|1|1|227|XA11TEX|-|1.0|1.0|0.0|0.0|0.0|QROCK3X8|-|1.0|1.0|119.0|48.0|-512.0|-512.0|-48.0|-48.0|384.0|384.0|384.0|384.0
UTNTSkyEdge_tnt04b_1124_0_terrain_1_0|1124|0|2|473|227|1888.0|0.0|1856.0|-32.0|1871.6464466094067|-15.646446609406727|-48.0|-48.0|-48.0|QROCK3|QROCK3X8|1.0|1.0|183.0|48.0|8|rock|-|SG001423|-|426|1|0|227|XA11TEX|-|1.0|1.0|0.0|0.0|0.0|QROCK3X8|-|1.0|1.0|183.0|48.0|-512.0|-512.0|-48.0|-48.0|384.0|384.0|384.0|384.0
UTNTSkyEdge_tnt04b_1124_0_terrain_1_1|1124|0|2|473|227|1888.0|0.0|1856.0|-32.0|1872.3535533905933|-16.353553390593273|-48.0|-48.0|-48.0|QROCK3|XA11TEX|1.0|1.0|0.0|0.0|8|gravel|-|SG001480|-|475|1|1|227|XA11TEX|-|1.0|1.0|0.0|0.0|0.0|QROCK3X8|-|1.0|1.0|183.0|48.0|-512.0|-512.0|-48.0|-48.0|384.0|384.0|384.0|384.0
UTNTSkyEdge_tnt04b_1125_0_terrain_1_0|1125|0|2|473|227|1856.0|-32.0|1792.0|-64.0|1823.7763932022501|-47.55278640450004|-48.0|-48.0|-48.0|QROCK3|QROCK3X8|1.0|1.0|228.254833996|48.0|8|rock|-|SG001423|-|426|1|0|227|XA11TEX|-|1.0|1.0|0.0|0.0|0.0|QROCK3X8|-|1.0|1.0|228.254833996|48.0|-512.0|-512.0|-48.0|-48.0|384.0|384.0|384.0|384.0
UTNTSkyEdge_tnt04b_1125_0_terrain_1_1|1125|0|2|473|227|1856.0|-32.0|1792.0|-64.0|1824.2236067977499|-48.44721359549996|-48.0|-48.0|-48.0|QROCK3|XA11TEX|1.0|1.0|0.0|0.0|8|gravel|-|SG001480|-|475|1|1|227|XA11TEX|-|1.0|1.0|0.0|0.0|0.0|QROCK3X8|-|1.0|1.0|228.254833996|48.0|-512.0|-512.0|-48.0|-48.0|384.0|384.0|384.0|384.0
UTNTSkyEdge_tnt04b_1126_0_terrain_1_0|1126|0|2|473|226|1792.0|-64.0|1696.0|-64.0|1744.0|-63.5|-24.0|-24.0|-24.0|QROCK3|QROCK3X8|1.0|1.0|44.0|24.0|8|rock|-|SG001423|-|426|1|0|226|XA11TEX|-|1.0|1.0|0.0|0.0|0.0|QROCK3X8|-|1.0|1.0|44.0|24.0|-512.0|-512.0|-24.0|-24.0|384.0|384.0|384.0|384.0
UTNTSkyEdge_tnt04b_1126_0_terrain_1_1|1126|0|2|473|226|1792.0|-64.0|1696.0|-64.0|1744.0|-64.5|-24.0|-24.0|-24.0|QROCK3|XA11TEX|1.0|1.0|0.0|0.0|8|gravel|-|SG001481|-|469|1|1|226|XA11TEX|-|1.0|1.0|0.0|0.0|0.0|QROCK3X8|-|1.0|1.0|44.0|24.0|-512.0|-512.0|-24.0|-24.0|384.0|384.0|384.0|384.0
UTNTSkyEdge_tnt04b_1127_0_terrain_1_0|1127|0|2|510|233|2624.0|192.0|2592.0|224.0|2608.3535533905933|208.35355339059328|-192.0|-192.0|-192.0|QROCK3|QROCK3X8|1.0|1.0|249.001894401|64.0|8|rock|-|SG001424|-|427|1|0|233|XA11TEX|-|1.0|1.0|0.0|0.0|0.0|QROCK3X8|-|1.0|1.0|249.001894401|64.0|-512.0|-512.0|-192.0|-192.0|384.0|384.0|384.0|384.0
UTNTSkyEdge_tnt04b_1127_0_terrain_1_1|1127|0|2|510|233|2624.0|192.0|2592.0|224.0|2607.6464466094067|207.64644660940672|-192.0|-192.0|-192.0|QROCK3|XA11TEX|1.0|1.0|0.0|0.0|8|gravel|-|SG001474|-|430|1|1|233|XA11TEX|-|1.0|1.0|0.0|0.0|0.0|QROCK3X8|-|1.0|1.0|249.001894401|64.0|-512.0|-512.0|-192.0|-192.0|384.0|384.0|384.0|384.0
UTNTSkyEdge_tnt04b_1128_0_terrain_1_0|1128|0|2|510|233|2592.0|224.0|2592.0|288.0|2592.5|256.0|-192.0|-192.0|-192.0|QROCK3|QROCK3X8|1.0|1.0|294.256728397|64.0|8|rock|-|SG001424|-|427|1|0|233|XA11TEX|-|1.0|1.0|0.0|0.0|0.0|QROCK3X8|-|1.0|1.0|294.256728397|64.0|-512.0|-512.0|-192.0|-192.0|384.0|384.0|384.0|384.0
UTNTSkyEdge_tnt04b_1128_0_terrain_1_1|1128|0|2|510|233|2592.0|224.0|2592.0|288.0|2591.5|256.0|-192.0|-192.0|-192.0|QROCK3|XA11TEX|1.0|1.0|0.0|0.0|8|gravel|-|SG001474|-|430|1|1|233|XA11TEX|-|1.0|1.0|0.0|0.0|0.0|QROCK3X8|-|1.0|1.0|294.256728397|64.0|-512.0|-512.0|-192.0|-192.0|384.0|384.0|384.0|384.0
UTNTSkyEdge_tnt04b_1130_0_terrain_1_0|1130|0|2|510|233|2592.0|288.0|2592.0|384.0|2592.5|336.0|-192.0|-192.0|-192.0|QROCK3|QROCK3X8|1.0|1.0|358.256728397|64.0|8|rock|-|SG001424|-|427|1|0|233|XA11TEX|-|1.0|1.0|0.0|0.0|0.0|QROCK3X8|-|1.0|1.0|358.256728397|64.0|-512.0|-512.0|-192.0|-192.0|384.0|384.0|384.0|384.0
UTNTSkyEdge_tnt04b_1130_0_terrain_1_1|1130|0|2|510|233|2592.0|288.0|2592.0|384.0|2591.5|336.0|-192.0|-192.0|-192.0|QROCK3|XA11TEX|1.0|1.0|0.0|0.0|8|gravel|-|SG001474|-|430|1|1|233|XA11TEX|-|1.0|1.0|0.0|0.0|0.0|QROCK3X8|-|1.0|1.0|358.256728397|64.0|-512.0|-512.0|-192.0|-192.0|384.0|384.0|384.0|384.0
UTNTSkyEdge_tnt04b_1131_0_terrain_1_0|1131|0|2|510|226|1840.0|-256.0|1920.0|-256.0|1880.0|-256.5|-24.0|-24.0|-24.0|QROCK3|QROCK3X8|1.0|1.0|75.0|24.0|8|rock|-|SG001424|-|427|1|0|226|XA11TEX|-|1.0|1.0|0.0|0.0|0.0|QROCK3X8|-|1.0|1.0|75.0|24.0|-512.0|-512.0|-24.0|-24.0|384.0|384.0|384.0|384.0
UTNTSkyEdge_tnt04b_1131_0_terrain_1_1|1131|0|2|510|226|1840.0|-256.0|1920.0|-256.0|1880.0|-255.5|-24.0|-24.0|-24.0|QROCK3|XA11TEX|1.0|1.0|0.0|0.0|8|gravel|-|SG001481|-|469|1|1|226|XA11TEX|-|1.0|1.0|0.0|0.0|0.0|QROCK3X8|-|1.0|1.0|75.0|24.0|-512.0|-512.0|-24.0|-24.0|384.0|384.0|384.0|384.0
UTNTSkyEdge_tnt04b_1132_0_terrain_1_0|1132|0|2|510|226|1920.0|-256.0|1952.0|-224.0|1936.3535533905933|-240.35355339059328|-24.0|-24.0|-24.0|QROCK3|QROCK3X8|1.0|1.0|155.0|24.0|8|rock|-|SG001424|-|427|1|0|226|XA11TEX|-|1.0|1.0|0.0|0.0|0.0|QROCK3X8|-|1.0|1.0|155.0|24.0|-512.0|-512.0|-24.0|-24.0|384.0|384.0|384.0|384.0
UTNTSkyEdge_tnt04b_1132_0_terrain_1_1|1132|0|2|510|226|1920.0|-256.0|1952.0|-224.0|1935.6464466094067|-239.64644660940672|-24.0|-24.0|-24.0|QROCK3|XA11TEX|1.0|1.0|0.0|0.0|8|gravel|-|SG001481|-|469|1|1|226|XA11TEX|-|1.0|1.0|0.0|0.0|0.0|QROCK3X8|-|1.0|1.0|155.0|24.0|-512.0|-512.0|-24.0|-24.0|384.0|384.0|384.0|384.0
UTNTSkyEdge_tnt04b_1133_0_terrain_1_0|1133|0|2|510|226|1952.0|-224.0|1952.0|-160.0|1952.5|-192.0|-24.0|-24.0|-24.0|QROCK3|QROCK3X8|1.0|1.0|200.254833996|24.0|8|rock|-|SG001424|-|427|1|0|226|XA11TEX|-|1.0|1.0|0.0|0.0|0.0|QROCK3X8|-|1.0|1.0|200.254833996|24.0|-512.0|-512.0|-24.0|-24.0|384.0|384.0|384.0|384.0
UTNTSkyEdge_tnt04b_1133_0_terrain_1_1|1133|0|2|510|226|1952.0|-224.0|1952.0|-160.0|1951.5|-192.0|-24.0|-24.0|-24.0|QROCK3|XA11TEX|1.0|1.0|0.0|0.0|8|gravel|-|SG001481|-|469|1|1|226|XA11TEX|-|1.0|1.0|0.0|0.0|0.0|QROCK3X8|-|1.0|1.0|200.254833996|24.0|-512.0|-512.0|-24.0|-24.0|384.0|384.0|384.0|384.0
UTNTSkyEdge_tnt04b_1134_0_terrain_1_0|1134|0|2|510|227|1952.0|-160.0|2016.0|-128.0|1984.2236067977499|-144.44721359549996|-48.0|-48.0|-48.0|QROCK3|QROCK3X8|1.0|1.0|8.0|48.0|8|rock|-|SG001424|-|427|1|0|227|XA11TEX|-|1.0|1.0|0.0|0.0|0.0|QROCK3X8|-|1.0|1.0|8.0|48.0|-512.0|-512.0|-48.0|-48.0|384.0|384.0|384.0|384.0
UTNTSkyEdge_tnt04b_1134_0_terrain_1_1|1134|0|2|510|227|1952.0|-160.0|2016.0|-128.0|1983.7763932022501|-143.55278640450004|-48.0|-48.0|-48.0|QROCK3|XA11TEX|1.0|1.0|0.0|0.0|8|gravel|-|SG001480|-|475|1|1|227|XA11TEX|-|1.0|1.0|0.0|0.0|0.0|QROCK3X8|-|1.0|1.0|8.0|48.0|-512.0|-512.0|-48.0|-48.0|384.0|384.0|384.0|384.0
UTNTSkyEdge_tnt04b_1135_0_terrain_1_0|1135|0|2|510|228|2016.0|-128.0|2080.0|-160.0|2047.7763932022501|-144.44721359549996|-72.0|-72.0|-72.0|QROCK3|QROCK3X8|1.0|1.0|80.0|72.0|8|rock|-|SG001424|-|427|1|0|228|XA11TEX|-|1.0|1.0|0.0|0.0|0.0|QROCK3X8|-|1.0|1.0|80.0|72.0|-512.0|-512.0|-72.0|-72.0|384.0|384.0|384.0|384.0
UTNTSkyEdge_tnt04b_1135_0_terrain_1_1|1135|0|2|510|228|2016.0|-128.0|2080.0|-160.0|2048.22360679775|-143.55278640450004|-72.0|-72.0|-72.0|QROCK3|XA11TEX|1.0|1.0|0.0|0.0|8|gravel|-|SG001479|-|474|1|1|228|XA11TEX|-|1.0|1.0|0.0|0.0|0.0|QROCK3X8|-|1.0|1.0|80.0|72.0|-512.0|-512.0|-72.0|-72.0|384.0|384.0|384.0|384.0
UTNTSkyEdge_tnt04b_1136_0_terrain_1_0|1136|0|2|510|228|2080.0|-160.0|2144.0|-128.0|2112.22360679775|-144.44721359549996|-72.0|-72.0|-72.0|QROCK3|QROCK3X8|1.0|1.0|151.55417528|72.0|8|rock|-|SG001424|-|427|1|0|228|XA11TEX|-|1.0|1.0|0.0|0.0|0.0|QROCK3X8|-|1.0|1.0|151.55417528|72.0|-512.0|-512.0|-72.0|-72.0|384.0|384.0|384.0|384.0
UTNTSkyEdge_tnt04b_1136_0_terrain_1_1|1136|0|2|510|228|2080.0|-160.0|2144.0|-128.0|2111.77639320225|-143.55278640450004|-72.0|-72.0|-72.0|QROCK3|XA11TEX|1.0|1.0|0.0|0.0|8|gravel|-|SG001479|-|474|1|1|228|XA11TEX|-|1.0|1.0|0.0|0.0|0.0|QROCK3X8|-|1.0|1.0|151.55417528|72.0|-512.0|-512.0|-72.0|-72.0|384.0|384.0|384.0|384.0
UTNTSkyEdge_tnt04b_1137_0_terrain_1_0|1137|0|2|510|228|2144.0|-128.0|2176.0|-96.0|2160.3535533905933|-112.35355339059328|-72.0|-72.0|-72.0|QROCK3|QROCK3X8|1.0|1.0|223.10835056|72.0|8|rock|-|SG001424|-|427|1|0|228|XA11TEX|-|1.0|1.0|0.0|0.0|0.0|QROCK3X8|-|1.0|1.0|223.10835056|72.0|-512.0|-512.0|-72.0|-72.0|384.0|384.0|384.0|384.0
UTNTSkyEdge_tnt04b_1137_0_terrain_1_1|1137|0|2|510|228|2144.0|-128.0|2176.0|-96.0|2159.6464466094067|-111.64644660940672|-72.0|-72.0|-72.0|QROCK3|XA11TEX|1.0|1.0|0.0|0.0|8|gravel|-|SG001479|-|474|1|1|228|XA11TEX|-|1.0|1.0|0.0|0.0|0.0|QROCK3X8|-|1.0|1.0|223.10835056|72.0|-512.0|-512.0|-72.0|-72.0|384.0|384.0|384.0|384.0
UTNTSkyEdge_tnt04b_1138_0_terrain_1_0|1138|0|2|510|230|2176.0|-96.0|2208.0|-64.0|2192.3535533905933|-80.35355339059328|-96.0|-96.0|-96.0|QROCK3|QROCK3X8|1.0|1.0|13.0|96.0|8|rock|-|SG001424|-|427|1|0|230|XA11TEX|-|1.0|1.0|0.0|0.0|0.0|QROCK3X8|-|1.0|1.0|13.0|96.0|-512.0|-512.0|-96.0|-96.0|384.0|384.0|384.0|384.0
UTNTSkyEdge_tnt04b_1138_0_terrain_1_1|1138|0|2|510|230|2176.0|-96.0|2208.0|-64.0|2191.6464466094067|-79.64644660940672|-96.0|-96.0|-96.0|QROCK3|XA11TEX|1.0|1.0|0.0|0.0|8|gravel|-|SG001478|-|473|1|1|230|XA11TEX|-|1.0|1.0|0.0|0.0|0.0|QROCK3X8|-|1.0|1.0|13.0|96.0|-512.0|-512.0|-96.0|-96.0|384.0|384.0|384.0|384.0
UTNTSkyEdge_tnt04b_1139_0_terrain_1_0|1139|0|2|510|230|2208.0|-64.0|2240.0|0.0|2224.4472135954998|-32.22360679774998|-96.0|-96.0|-96.0|QROCK3|QROCK3X8|1.0|1.0|58.254833996|96.0|8|rock|-|SG001424|-|427|1|0|230|XA11TEX|-|1.0|1.0|0.0|0.0|0.0|QROCK3X8|-|1.0|1.0|58.254833996|96.0|-512.0|-512.0|-96.0|-96.0|384.0|384.0|384.0|384.0
UTNTSkyEdge_tnt04b_1139_0_terrain_1_1|1139|0|2|510|230|2208.0|-64.0|2240.0|0.0|2223.5527864045002|-31.77639320225002|-96.0|-96.0|-96.0|QROCK3|XA11TEX|1.0|1.0|0.0|0.0|8|gravel|-|SG001478|-|473|1|1|230|XA11TEX|-|1.0|1.0|0.0|0.0|0.0|QROCK3X8|-|1.0|1.0|58.254833996|96.0|-512.0|-512.0|-96.0|-96.0|384.0|384.0|384.0|384.0
UTNTSkyEdge_tnt04b_1140_0_terrain_1_0|1140|0|2|510|229|2240.0|0.0|2272.0|32.0|2256.3535533905933|15.646446609406727|-120.0|-120.0|-120.0|QROCK3|QROCK3X8|1.0|1.0|2.0|120.0|8|rock|-|SG001424|-|427|1|0|229|XA11TEX|-|1.0|1.0|0.0|0.0|0.0|QROCK3X8|-|1.0|1.0|2.0|120.0|-512.0|-512.0|-120.0|-120.0|384.0|384.0|384.0|384.0
UTNTSkyEdge_tnt04b_1140_0_terrain_1_1|1140|0|2|510|229|2240.0|0.0|2272.0|32.0|2255.6464466094067|16.353553390593273|-120.0|-120.0|-120.0|QROCK3|XA11TEX|1.0|1.0|0.0|0.0|8|gravel|-|SG001477|-|472|1|1|229|XA11TEX|-|1.0|1.0|0.0|0.0|0.0|QROCK3X8|-|1.0|1.0|2.0|120.0|-512.0|-512.0|-120.0|-120.0|384.0|384.0|384.0|384.0
UTNTSkyEdge_tnt04b_1141_0_terrain_1_0|1141|0|2|510|232|2272.0|32.0|2336.0|32.0|2304.0|31.5|-144.0|-144.0|-144.0|QROCK3|QROCK3X8|1.0|1.0|47.0|16.0|8|rock|-|SG001424|-|427|1|0|232|XA11TEX|-|1.0|1.0|0.0|0.0|0.0|QROCK3X8|-|1.0|1.0|47.0|16.0|-512.0|-512.0|-144.0|-144.0|384.0|384.0|384.0|384.0
UTNTSkyEdge_tnt04b_1141_0_terrain_1_1|1141|0|2|510|232|2272.0|32.0|2336.0|32.0|2304.0|32.5|-144.0|-144.0|-144.0|QROCK3|XA11TEX|1.0|1.0|0.0|0.0|8|gravel|-|SG001476|-|471|1|1|232|XA11TEX|-|1.0|1.0|0.0|0.0|0.0|QROCK3X8|-|1.0|1.0|47.0|16.0|-512.0|-512.0|-144.0|-144.0|384.0|384.0|384.0|384.0
UTNTSkyEdge_tnt04b_1142_0_terrain_1_0|1142|0|2|510|232|2336.0|32.0|2400.0|64.0|2368.22360679775|47.55278640450004|-144.0|-144.0|-144.0|QROCK3|QROCK3X8|1.0|1.0|111.0|16.0|8|rock|-|SG001424|-|427|1|0|232|XA11TEX|-|1.0|1.0|0.0|0.0|0.0|QROCK3X8|-|1.0|1.0|111.0|16.0|-512.0|-512.0|-144.0|-144.0|384.0|384.0|384.0|384.0
UTNTSkyEdge_tnt04b_1142_0_terrain_1_1|1142|0|2|510|232|2336.0|32.0|2400.0|64.0|2367.77639320225|48.44721359549996|-144.0|-144.0|-144.0|QROCK3|XA11TEX|1.0|1.0|0.0|0.0|8|gravel|-|SG001476|-|471|1|1|232|XA11TEX|-|1.0|1.0|0.0|0.0|0.0|QROCK3X8|-|1.0|1.0|111.0|16.0|-512.0|-512.0|-144.0|-144.0|384.0|384.0|384.0|384.0
UTNTSkyEdge_tnt04b_1143_0_terrain_1_0|1143|0|2|510|232|2400.0|64.0|2400.0|96.0|2400.5|80.0|-144.0|-144.0|-144.0|QROCK3|QROCK3X8|1.0|1.0|182.55417528|16.0|8|rock|-|SG001424|-|427|1|0|232|XA11TEX|-|1.0|1.0|0.0|0.0|0.0|QROCK3X8|-|1.0|1.0|182.55417528|16.0|-512.0|-512.0|-144.0|-144.0|384.0|384.0|384.0|384.0
UTNTSkyEdge_tnt04b_1143_0_terrain_1_1|1143|0|2|510|232|2400.0|64.0|2400.0|96.0|2399.5|80.0|-144.0|-144.0|-144.0|QROCK3|XA11TEX|1.0|1.0|0.0|0.0|8|gravel|-|SG001476|-|471|1|1|232|XA11TEX|-|1.0|1.0|0.0|0.0|0.0|QROCK3X8|-|1.0|1.0|182.55417528|16.0|-512.0|-512.0|-144.0|-144.0|384.0|384.0|384.0|384.0
UTNTSkyEdge_tnt04b_1144_0_terrain_1_0|1144|0|2|510|231|2400.0|96.0|2464.0|128.0|2432.22360679775|111.55278640450004|-168.0|-168.0|-168.0|QROCK3|QROCK3X8|1.0|1.0|87.0|40.0|8|rock|-|SG001424|-|427|1|0|231|XA11TEX|-|1.0|1.0|0.0|0.0|0.0|QROCK3X8|-|1.0|1.0|87.0|40.0|-512.0|-512.0|-168.0|-168.0|384.0|384.0|384.0|384.0
UTNTSkyEdge_tnt04b_1144_0_terrain_1_1|1144|0|2|510|231|2400.0|96.0|2464.0|128.0|2431.77639320225|112.44721359549996|-168.0|-168.0|-168.0|QROCK3|XA11TEX|1.0|1.0|0.0|0.0|8|gravel|-|SG001475|-|470|1|1|231|XA11TEX|-|1.0|1.0|0.0|0.0|0.0|QROCK3X8|-|1.0|1.0|87.0|40.0|-512.0|-512.0|-168.0|-168.0|384.0|384.0|384.0|384.0
UTNTSkyEdge_tnt04b_1145_0_terrain_1_0|1145|0|2|510|233|2464.0|128.0|2560.0|96.0|2511.8418861169916|111.52565835097474|-192.0|-192.0|-192.0|QROCK3|QROCK3X8|1.0|1.0|31.0|64.0|8|rock|-|SG001424|-|427|1|0|233|XA11TEX|-|1.0|1.0|0.0|0.0|0.0|QROCK3X8|-|1.0|1.0|31.0|64.0|-512.0|-512.0|-192.0|-192.0|384.0|384.0|384.0|384.0
UTNTSkyEdge_tnt04b_1145_0_terrain_1_1|1145|0|2|510|233|2464.0|128.0|2560.0|96.0|2512.1581138830084|112.47434164902526|-192.0|-192.0|-192.0|QROCK3|XA11TEX|1.0|1.0|0.0|0.0|8|gravel|-|SG001474|-|430|1|1|233|XA11TEX|-|1.0|1.0|0.0|0.0|0.0|QROCK3X8|-|1.0|1.0|31.0|64.0|-512.0|-512.0|-192.0|-192.0|384.0|384.0|384.0|384.0
UTNTSkyEdge_tnt04b_1146_0_terrain_1_0|1146|0|2|510|233|2560.0|96.0|2592.0|128.0|2576.3535533905933|111.64644660940672|-192.0|-192.0|-192.0|QROCK3|QROCK3X8|1.0|1.0|132.192885125|64.0|8|rock|-|SG001424|-|427|1|0|233|XA11TEX|-|1.0|1.0|0.0|0.0|0.0|QROCK3X8|-|1.0|1.0|132.192885125|64.0|-512.0|-512.0|-192.0|-192.0|384.0|384.0|384.0|384.0
UTNTSkyEdge_tnt04b_1146_0_terrain_1_1|1146|0|2|510|233|2560.0|96.0|2592.0|128.0|2575.6464466094067|112.35355339059328|-192.0|-192.0|-192.0|QROCK3|XA11TEX|1.0|1.0|0.0|0.0|8|gravel|-|SG001474|-|430|1|1|233|XA11TEX|-|1.0|1.0|0.0|0.0|0.0|QROCK3X8|-|1.0|1.0|132.192885125|64.0|-512.0|-512.0|-192.0|-192.0|384.0|384.0|384.0|384.0
UTNTSkyEdge_tnt04b_1147_0_terrain_1_0|1147|0|2|510|233|2592.0|128.0|2624.0|192.0|2608.4472135954998|159.77639320225003|-192.0|-192.0|-192.0|QROCK3|QROCK3X8|1.0|1.0|177.447719121|64.0|8|rock|-|SG001424|-|427|1|0|233|XA11TEX|-|1.0|1.0|0.0|0.0|0.0|QROCK3X8|-|1.0|1.0|177.447719121|64.0|-512.0|-512.0|-192.0|-192.0|384.0|384.0|384.0|384.0
UTNTSkyEdge_tnt04b_1147_0_terrain_1_1|1147|0|2|510|233|2592.0|128.0|2624.0|192.0|2607.5527864045002|160.22360679774997|-192.0|-192.0|-192.0|QROCK3|XA11TEX|1.0|1.0|0.0|0.0|8|gravel|-|SG001474|-|430|1|1|233|XA11TEX|-|1.0|1.0|0.0|0.0|0.0|QROCK3X8|-|1.0|1.0|177.447719121|64.0|-512.0|-512.0|-192.0|-192.0|384.0|384.0|384.0|384.0
UTNTSkyEdge_tnt04b_1148_1_terrain_1_0|1148|1|2|227|226|1824.0|-128.0|1792.0|-64.0|1808.4472135955|-95.77639320225002|-24.0|-24.0|-24.0|QROCK3|QROCK3X8|1.0|1.0|139.93938002|24.0|3.84|rock|-|SG001482|-|475|1|0|226|XA11TEX|-|1.0|1.0|0.0|0.0|0.0|QROCK3X8|-|1.0|1.0|139.93938002|24.0|-48.0|-48.0|-24.0|-24.0|384.0|384.0|384.0|384.0
UTNTSkyEdge_tnt04b_1148_1_terrain_1_1|1148|1|2|227|226|1824.0|-128.0|1792.0|-64.0|1807.5527864045|-96.22360679774998|-24.0|-24.0|-24.0|QROCK3|XA11TEX|1.0|1.0|0.0|0.0|3.84|gravel|-|SG001481|-|469|1|1|226|XA11TEX|-|1.0|1.0|0.0|0.0|0.0|QROCK3X8|-|1.0|1.0|139.93938002|24.0|-48.0|-48.0|-24.0|-24.0|384.0|384.0|384.0|384.0
UTNTSkyEdge_tnt04b_1149_1_terrain_1_0|1149|1|2|227|226|1952.0|-160.0|1824.0|-128.0|1888.1212678125182|-143.51492874992732|-24.0|-24.0|-24.0|QROCK3|QROCK3X8|1.0|1.0|8.0|24.0|3.84|rock|-|SG001482|-|475|1|0|226|XA11TEX|-|1.0|1.0|0.0|0.0|0.0|QROCK3X8|-|1.0|1.0|8.0|24.0|-48.0|-48.0|-24.0|-24.0|384.0|384.0|384.0|384.0
UTNTSkyEdge_tnt04b_1149_1_terrain_1_1|1149|1|2|227|226|1952.0|-160.0|1824.0|-128.0|1887.8787321874818|-144.48507125007268|-24.0|-24.0|-24.0|QROCK3|XA11TEX|1.0|1.0|0.0|0.0|3.84|gravel|-|SG001481|-|469|1|1|226|XA11TEX|-|1.0|1.0|0.0|0.0|0.0|QROCK3X8|-|1.0|1.0|8.0|24.0|-48.0|-48.0|-24.0|-24.0|384.0|384.0|384.0|384.0
UTNTSkyEdge_tnt04b_1150_1_terrain_1_0|1150|1|2|228|227|1952.0|-64.0|1952.0|0.0|1952.5|-32.0|-48.0|-48.0|-48.0|QROCK3|QROCK3X8|1.0|1.0|170.509667992|48.0|3.84|rock|-|SG001483|-|474|1|0|227|XA11TEX|-|1.0|1.0|0.0|0.0|0.0|QROCK3X8|-|1.0|1.0|170.509667992|48.0|-72.0|-72.0|-48.0|-48.0|384.0|384.0|384.0|384.0
UTNTSkyEdge_tnt04b_1150_1_terrain_1_1|1150|1|2|228|227|1952.0|-64.0|1952.0|0.0|1951.5|-32.0|-48.0|-48.0|-48.0|QROCK3|XA11TEX|1.0|1.0|0.0|0.0|3.84|gravel|-|SG001480|-|475|1|1|227|XA11TEX|-|1.0|1.0|0.0|0.0|0.0|QROCK3X8|-|1.0|1.0|170.509667992|48.0|-72.0|-72.0|-48.0|-48.0|384.0|384.0|384.0|384.0
UTNTSkyEdge_tnt04b_1151_1_terrain_1_0|1151|1|2|228|227|2016.0|-128.0|1952.0|-64.0|1984.3535533905933|-95.64644660940672|-48.0|-48.0|-48.0|QROCK3|QROCK3X8|1.0|1.0|80.0|48.0|3.84|rock|-|SG001483|-|474|1|0|227|XA11TEX|-|1.0|1.0|0.0|0.0|0.0|QROCK3X8|-|1.0|1.0|80.0|48.0|-72.0|-72.0|-48.0|-48.0|384.0|384.0|384.0|384.0
UTNTSkyEdge_tnt04b_1151_1_terrain_1_1|1151|1|2|228|227|2016.0|-128.0|1952.0|-64.0|1983.6464466094067|-96.35355339059328|-48.0|-48.0|-48.0|QROCK3|XA11TEX|1.0|1.0|0.0|0.0|3.84|gravel|-|SG001480|-|475|1|1|227|XA11TEX|-|1.0|1.0|0.0|0.0|0.0|QROCK3X8|-|1.0|1.0|80.0|48.0|-72.0|-72.0|-48.0|-48.0|384.0|384.0|384.0|384.0
UTNTSkyEdge_tnt04b_1152_1_terrain_1_0|1152|1|2|230|228|2080.0|0.0|2080.0|64.0|2080.5|32.0|-72.0|-72.0|-72.0|QROCK3|QROCK3X8|1.0|1.0|148.764501988|72.0|3.84|rock|-|SG001484|-|473|1|0|228|XA11TEX|-|1.0|1.0|0.0|0.0|0.0|QROCK3X8|-|1.0|1.0|148.764501988|72.0|-96.0|-96.0|-72.0|-72.0|384.0|384.0|384.0|384.0
UTNTSkyEdge_tnt04b_1152_1_terrain_1_1|1152|1|2|230|228|2080.0|0.0|2080.0|64.0|2079.5|32.0|-72.0|-72.0|-72.0|QROCK3|XA11TEX|1.0|1.0|0.0|0.0|3.84|gravel|-|SG001479|-|474|1|1|228|XA11TEX|-|1.0|1.0|0.0|0.0|0.0|QROCK3X8|-|1.0|1.0|148.764501988|72.0|-96.0|-96.0|-72.0|-72.0|384.0|384.0|384.0|384.0
UTNTSkyEdge_tnt04b_1153_1_terrain_1_0|1153|1|2|230|228|2176.0|-96.0|2080.0|0.0|2128.3535533905933|-47.64644660940672|-72.0|-72.0|-72.0|QROCK3|QROCK3X8|1.0|1.0|13.0|72.0|3.84|rock|-|SG001484|-|473|1|0|228|XA11TEX|-|1.0|1.0|0.0|0.0|0.0|QROCK3X8|-|1.0|1.0|13.0|72.0|-96.0|-96.0|-72.0|-72.0|384.0|384.0|384.0|384.0
UTNTSkyEdge_tnt04b_1153_1_terrain_1_1|1153|1|2|230|228|2176.0|-96.0|2080.0|0.0|2127.6464466094067|-48.35355339059328|-72.0|-72.0|-72.0|QROCK3|XA11TEX|1.0|1.0|0.0|0.0|3.84|gravel|-|SG001479|-|474|1|1|228|XA11TEX|-|1.0|1.0|0.0|0.0|0.0|QROCK3X8|-|1.0|1.0|13.0|72.0|-96.0|-96.0|-72.0|-72.0|384.0|384.0|384.0|384.0
UTNTSkyEdge_tnt04b_1154_0_terrain_1_0|1154|0|2|229|230|2240.0|0.0|2144.0|64.0|2192.2773500981125|32.416025147168924|-96.0|-96.0|-96.0|QROCK3|QROCK3X8|1.0|1.0|2.0|96.0|3.84|rock|-|SG001485|-|472|1|0|230|XA11TEX|-|1.0|1.0|0.0|0.0|0.0|QROCK3X8|-|1.0|1.0|2.0|96.0|-120.0|-120.0|-96.0|-96.0|384.0|384.0|384.0|384.0
UTNTSkyEdge_tnt04b_1154_0_terrain_1_1|1154|0|2|229|230|2240.0|0.0|2144.0|64.0|2191.7226499018875|31.583974852831076|-96.0|-96.0|-96.0|QROCK3|XA11TEX|1.0|1.0|0.0|0.0|3.84|gravel|-|SG001478|-|473|1|1|230|XA11TEX|-|1.0|1.0|0.0|0.0|0.0|QROCK3X8|-|1.0|1.0|2.0|96.0|-120.0|-120.0|-96.0|-96.0|384.0|384.0|384.0|384.0
UTNTSkyEdge_tnt04b_1155_0_terrain_1_0|1155|0|2|229|230|2144.0|64.0|2112.0|128.0|2128.4472135954998|96.22360679774998|-96.0|-96.0|-96.0|QROCK3|QROCK3X8|1.0|1.0|117.377640815|96.0|3.84|rock|-|SG001485|-|472|1|0|230|XA11TEX|-|1.0|1.0|0.0|0.0|0.0|QROCK3X8|-|1.0|1.0|117.377640815|96.0|-120.0|-120.0|-96.0|-96.0|384.0|384.0|384.0|384.0
UTNTSkyEdge_tnt04b_1155_0_terrain_1_1|1155|0|2|229|230|2144.0|64.0|2112.0|128.0|2127.5527864045002|95.77639320225002|-96.0|-96.0|-96.0|QROCK3|XA11TEX|1.0|1.0|0.0|0.0|3.84|gravel|-|SG001478|-|473|1|1|230|XA11TEX|-|1.0|1.0|0.0|0.0|0.0|QROCK3X8|-|1.0|1.0|117.377640815|96.0|-120.0|-120.0|-96.0|-96.0|384.0|384.0|384.0|384.0
UTNTSkyEdge_tnt04b_1156_1_terrain_1_0|1156|1|2|232|229|2240.0|128.0|2240.0|224.0|2240.5|176.0|-120.0|-120.0|-120.0|QROCK3|QROCK3X8|1.0|1.0|148.192885125|120.0|3.84|rock|-|SG001486|-|471|1|0|229|XA11TEX|-|1.0|1.0|0.0|0.0|0.0|QROCK3X8|-|1.0|1.0|148.192885125|120.0|-144.0|-144.0|-120.0|-120.0|384.0|384.0|384.0|384.0
UTNTSkyEdge_tnt04b_1156_1_terrain_1_1|1156|1|2|232|229|2240.0|128.0|2240.0|224.0|2239.5|176.0|-120.0|-120.0|-120.0|QROCK3|XA11TEX|1.0|1.0|0.0|0.0|3.84|gravel|-|SG001477|-|472|1|1|229|XA11TEX|-|1.0|1.0|0.0|0.0|0.0|QROCK3X8|-|1.0|1.0|148.192885125|120.0|-144.0|-144.0|-120.0|-120.0|384.0|384.0|384.0|384.0
UTNTSkyEdge_tnt04b_1157_1_terrain_1_0|1157|1|2|232|229|2272.0|32.0|2240.0|128.0|2256.474341649025|80.15811388300843|-120.0|-120.0|-120.0|QROCK3|QROCK3X8|1.0|1.0|47.0|120.0|3.84|rock|-|SG001486|-|471|1|0|229|XA11TEX|-|1.0|1.0|0.0|0.0|0.0|QROCK3X8|-|1.0|1.0|47.0|120.0|-144.0|-144.0|-120.0|-120.0|384.0|384.0|384.0|384.0
UTNTSkyEdge_tnt04b_1157_1_terrain_1_1|1157|1|2|232|229|2272.0|32.0|2240.0|128.0|2255.525658350975|79.84188611699157|-120.0|-120.0|-120.0|QROCK3|XA11TEX|1.0|1.0|0.0|0.0|3.84|gravel|-|SG001477|-|472|1|1|229|XA11TEX|-|1.0|1.0|0.0|0.0|0.0|QROCK3X8|-|1.0|1.0|47.0|120.0|-144.0|-144.0|-120.0|-120.0|384.0|384.0|384.0|384.0
UTNTSkyEdge_tnt04b_1158_0_terrain_1_0|1158|0|2|231|232|2400.0|96.0|2336.0|160.0|2368.3535533905933|128.35355339059328|-144.0|-144.0|-144.0|QROCK3|QROCK3X8|1.0|1.0|87.0|16.0|3.84|rock|-|SG001487|-|470|1|0|232|XA11TEX|-|1.0|1.0|0.0|0.0|0.0|QROCK3X8|-|1.0|1.0|87.0|16.0|-168.0|-168.0|-144.0|-144.0|384.0|384.0|384.0|384.0
UTNTSkyEdge_tnt04b_1158_0_terrain_1_1|1158|0|2|231|232|2400.0|96.0|2336.0|160.0|2367.6464466094067|127.64644660940672|-144.0|-144.0|-144.0|QROCK3|XA11TEX|1.0|1.0|0.0|0.0|3.84|gravel|-|SG001476|-|471|1|1|232|XA11TEX|-|1.0|1.0|0.0|0.0|0.0|QROCK3X8|-|1.0|1.0|87.0|16.0|-168.0|-168.0|-144.0|-144.0|384.0|384.0|384.0|384.0
UTNTSkyEdge_tnt04b_1159_0_terrain_1_0|1159|0|2|231|232|2336.0|160.0|2304.0|224.0|2320.4472135954998|192.22360679774997|-144.0|-144.0|-144.0|QROCK3|QROCK3X8|1.0|1.0|177.509667992|16.0|3.84|rock|-|SG001487|-|470|1|0|232|XA11TEX|-|1.0|1.0|0.0|0.0|0.0|QROCK3X8|-|1.0|1.0|177.509667992|16.0|-168.0|-168.0|-144.0|-144.0|384.0|384.0|384.0|384.0
UTNTSkyEdge_tnt04b_1159_0_terrain_1_1|1159|0|2|231|232|2336.0|160.0|2304.0|224.0|2319.5527864045002|191.77639320225003|-144.0|-144.0|-144.0|QROCK3|XA11TEX|1.0|1.0|0.0|0.0|3.84|gravel|-|SG001476|-|471|1|1|232|XA11TEX|-|1.0|1.0|0.0|0.0|0.0|QROCK3X8|-|1.0|1.0|177.509667992|16.0|-168.0|-168.0|-144.0|-144.0|384.0|384.0|384.0|384.0
UTNTSkyEdge_tnt04b_1160_1_terrain_1_0|1160|1|2|233|231|2432.0|192.0|2368.0|256.0|2400.3535533905933|224.35355339059328|-168.0|-168.0|-168.0|QROCK3|QROCK3X8|1.0|1.0|102.55417528|40.0|3.84|rock|-|SG001427|-|430|1|0|231|XA11TEX|-|1.0|1.0|0.0|0.0|0.0|QROCK3X8|-|1.0|1.0|102.55417528|40.0|-192.0|-192.0|-168.0|-168.0|384.0|384.0|384.0|384.0
UTNTSkyEdge_tnt04b_1160_1_terrain_1_1|1160|1|2|233|231|2432.0|192.0|2368.0|256.0|2399.6464466094067|223.64644660940672|-168.0|-168.0|-168.0|QROCK3|XA11TEX|1.0|1.0|0.0|0.0|3.84|gravel|-|SG001475|-|470|1|1|231|XA11TEX|-|1.0|1.0|0.0|0.0|0.0|QROCK3X8|-|1.0|1.0|102.55417528|40.0|-192.0|-192.0|-168.0|-168.0|384.0|384.0|384.0|384.0
UTNTSkyEdge_tnt04b_1161_1_terrain_1_0|1161|1|2|233|231|2464.0|128.0|2432.0|192.0|2448.4472135954998|160.22360679774997|-168.0|-168.0|-168.0|QROCK3|QROCK3X8|1.0|1.0|31.0|40.0|3.84|rock|-|SG001427|-|430|1|0|231|XA11TEX|-|1.0|1.0|0.0|0.0|0.0|QROCK3X8|-|1.0|1.0|31.0|40.0|-192.0|-192.0|-168.0|-168.0|384.0|384.0|384.0|384.0
UTNTSkyEdge_tnt04b_1161_1_terrain_1_1|1161|1|2|233|231|2464.0|128.0|2432.0|192.0|2447.5527864045002|159.77639320225003|-168.0|-168.0|-168.0|QROCK3|XA11TEX|1.0|1.0|0.0|0.0|3.84|gravel|-|SG001475|-|470|1|1|231|XA11TEX|-|1.0|1.0|0.0|0.0|0.0|QROCK3X8|-|1.0|1.0|31.0|40.0|-192.0|-192.0|-168.0|-168.0|384.0|384.0|384.0|384.0
UTNTSkyEdge_tnt04b_1322_1_terrain_1_0|1322|1|2|510|254|1856.0|-672.0|1792.0|-624.0|1824.3|-647.6|-24.0|-24.0|-24.0|QROCK3|QROCK3X8|1.0|1.0|13.0|24.0|8|rock|-|SG001424|-|427|1|0|254|XA11TEX|-|1.0|1.0|0.0|0.0|0.0|QROCK3X8|-|1.0|1.0|13.0|24.0|-512.0|-512.0|-24.0|-24.0|384.0|384.0|384.0|384.0
UTNTSkyEdge_tnt04b_1322_1_terrain_1_1|1322|1|2|510|254|1856.0|-672.0|1792.0|-624.0|1823.7|-648.4|-24.0|-24.0|-24.0|QROCK3|XA11TEX|1.0|1.0|0.0|0.0|8|gravel|-|SG001488|-|468|1|1|254|XA11TEX|-|1.0|1.0|0.0|0.0|0.0|QROCK3X8|-|1.0|1.0|13.0|24.0|-512.0|-512.0|-24.0|-24.0|384.0|384.0|384.0|384.0
UTNTSkyEdge_tnt04b_1323_1_terrain_1_0|1323|1|2|510|255|1952.0|-672.0|1856.0|-672.0|1904.0|-671.5|-48.0|-48.0|-48.0|QROCK3|QROCK3X8|1.0|1.0|45.0|48.0|8|rock|-|SG001424|-|427|1|0|255|XA11TEX|-|1.0|1.0|0.0|0.0|0.0|QROCK3X8|-|1.0|1.0|45.0|48.0|-512.0|-512.0|-48.0|-48.0|384.0|384.0|384.0|384.0
UTNTSkyEdge_tnt04b_1323_1_terrain_1_1|1323|1|2|510|255|1952.0|-672.0|1856.0|-672.0|1904.0|-672.5|-48.0|-48.0|-48.0|QROCK3|XA11TEX|1.0|1.0|0.0|0.0|8|gravel|-|SG001489|-|476|1|1|255|XA11TEX|-|1.0|1.0|0.0|0.0|0.0|QROCK3X8|-|1.0|1.0|45.0|48.0|-512.0|-512.0|-48.0|-48.0|384.0|384.0|384.0|384.0
UTNTSkyEdge_tnt04b_1324_1_terrain_1_0|1324|1|2|510|256|2016.0|-640.0|1952.0|-672.0|1983.7763932022501|-655.5527864045|-72.0|-72.0|-72.0|QROCK3|QROCK3X8|1.0|1.0|101.0|72.0|8|rock|-|SG001424|-|427|1|0|256|XA11TEX|-|1.0|1.0|0.0|0.0|0.0|QROCK3X8|-|1.0|1.0|101.0|72.0|-512.0|-512.0|-72.0|-72.0|384.0|384.0|384.0|384.0
UTNTSkyEdge_tnt04b_1324_1_terrain_1_1|1324|1|2|510|256|2016.0|-640.0|1952.0|-672.0|1984.2236067977499|-656.4472135955|-72.0|-72.0|-72.0|QROCK3|XA11TEX|1.0|1.0|0.0|0.0|8|gravel|-|SG001490|-|477|1|1|256|XA11TEX|-|1.0|1.0|0.0|0.0|0.0|QROCK3X8|-|1.0|1.0|101.0|72.0|-512.0|-512.0|-72.0|-72.0|384.0|384.0|384.0|384.0
UTNTSkyEdge_tnt04b_1325_1_terrain_1_0|1325|1|2|510|256|2080.0|-640.0|2016.0|-640.0|2048.0|-639.5|-72.0|-72.0|-72.0|QROCK3|QROCK3X8|1.0|1.0|37.0|72.0|8|rock|-|SG001424|-|427|1|0|256|XA11TEX|-|1.0|1.0|0.0|0.0|0.0|QROCK3X8|-|1.0|1.0|37.0|72.0|-512.0|-512.0|-72.0|-72.0|384.0|384.0|384.0|384.0
UTNTSkyEdge_tnt04b_1325_1_terrain_1_1|1325|1|2|510|256|2080.0|-640.0|2016.0|-640.0|2048.0|-640.5|-72.0|-72.0|-72.0|QROCK3|XA11TEX|1.0|1.0|0.0|0.0|8|gravel|-|SG001490|-|477|1|1|256|XA11TEX|-|1.0|1.0|0.0|0.0|0.0|QROCK3X8|-|1.0|1.0|37.0|72.0|-512.0|-512.0|-72.0|-72.0|384.0|384.0|384.0|384.0
UTNTSkyEdge_tnt04b_1326_1_terrain_1_0|1326|1|2|510|257|2112.0|-672.0|2080.0|-640.0|2096.3535533905933|-655.6464466094068|-96.0|-96.0|-96.0|QROCK3|QROCK3X8|1.0|1.0|247.10835056|96.0|8|rock|-|SG001424|-|427|1|0|257|XA11TEX|-|1.0|1.0|0.0|0.0|0.0|QROCK3X8|-|1.0|1.0|247.10835056|96.0|-512.0|-512.0|-96.0|-96.0|384.0|384.0|384.0|384.0
UTNTSkyEdge_tnt04b_1326_1_terrain_1_1|1326|1|2|510|257|2112.0|-672.0|2080.0|-640.0|2095.6464466094067|-656.3535533905932|-96.0|-96.0|-96.0|QROCK3|XA11TEX|1.0|1.0|0.0|0.0|8|gravel|-|SG001491|-|478|1|1|257|XA11TEX|-|1.0|1.0|0.0|0.0|0.0|QROCK3X8|-|1.0|1.0|247.10835056|96.0|-512.0|-512.0|-96.0|-96.0|384.0|384.0|384.0|384.0
UTNTSkyEdge_tnt04b_1327_1_terrain_1_0|1327|1|2|510|257|2144.0|-736.0|2112.0|-672.0|2128.4472135954998|-703.77639320225|-96.0|-96.0|-96.0|QROCK3|QROCK3X8|1.0|1.0|175.55417528|96.0|8|rock|-|SG001424|-|427|1|0|257|XA11TEX|-|1.0|1.0|0.0|0.0|0.0|QROCK3X8|-|1.0|1.0|175.55417528|96.0|-512.0|-512.0|-96.0|-96.0|384.0|384.0|384.0|384.0
UTNTSkyEdge_tnt04b_1327_1_terrain_1_1|1327|1|2|510|257|2144.0|-736.0|2112.0|-672.0|2127.5527864045002|-704.22360679775|-96.0|-96.0|-96.0|QROCK3|XA11TEX|1.0|1.0|0.0|0.0|8|gravel|-|SG001491|-|478|1|1|257|XA11TEX|-|1.0|1.0|0.0|0.0|0.0|QROCK3X8|-|1.0|1.0|175.55417528|96.0|-512.0|-512.0|-96.0|-96.0|384.0|384.0|384.0|384.0
UTNTSkyEdge_tnt04b_1328_1_terrain_1_0|1328|1|2|510|257|2176.0|-800.0|2144.0|-736.0|2160.4472135954998|-767.77639320225|-96.0|-96.0|-96.0|QROCK3|QROCK3X8|1.0|1.0|104.0|96.0|8|rock|-|SG001424|-|427|1|0|257|XA11TEX|-|1.0|1.0|0.0|0.0|0.0|QROCK3X8|-|1.0|1.0|104.0|96.0|-512.0|-512.0|-96.0|-96.0|384.0|384.0|384.0|384.0
UTNTSkyEdge_tnt04b_1328_1_terrain_1_1|1328|1|2|510|257|2176.0|-800.0|2144.0|-736.0|2159.5527864045002|-768.22360679775|-96.0|-96.0|-96.0|QROCK3|XA11TEX|1.0|1.0|0.0|0.0|8|gravel|-|SG001491|-|478|1|1|257|XA11TEX|-|1.0|1.0|0.0|0.0|0.0|QROCK3X8|-|1.0|1.0|104.0|96.0|-512.0|-512.0|-96.0|-96.0|384.0|384.0|384.0|384.0
UTNTSkyEdge_tnt04b_1329_1_terrain_1_0|1329|1|2|510|258|2208.0|-800.0|2176.0|-800.0|2192.0|-799.5|-120.0|-120.0|-120.0|QROCK3|QROCK3X8|1.0|1.0|72.0|120.0|8|rock|-|SG001424|-|427|1|0|258|XA11TEX|-|1.0|1.0|0.0|0.0|0.0|QROCK3X8|-|1.0|1.0|72.0|120.0|-512.0|-512.0|-120.0|-120.0|384.0|384.0|384.0|384.0
UTNTSkyEdge_tnt04b_1329_1_terrain_1_1|1329|1|2|510|258|2208.0|-800.0|2176.0|-800.0|2192.0|-800.5|-120.0|-120.0|-120.0|QROCK3|XA11TEX|1.0|1.0|0.0|0.0|8|gravel|-|SG001492|-|479|1|1|258|XA11TEX|-|1.0|1.0|0.0|0.0|0.0|QROCK3X8|-|1.0|1.0|72.0|120.0|-512.0|-512.0|-120.0|-120.0|384.0|384.0|384.0|384.0
UTNTSkyEdge_tnt04b_1330_1_terrain_1_0|1330|1|2|510|259|2304.0|-832.0|2240.0|-800.0|2272.22360679775|-815.5527864045|-144.0|-144.0|-144.0|QROCK3|QROCK3X8|1.0|1.0|96.0|16.0|8|rock|-|SG001424|-|427|1|0|259|XA11TEX|-|1.0|1.0|0.0|0.0|0.0|QROCK3X8|-|1.0|1.0|96.0|16.0|-512.0|-512.0|-144.0|-144.0|384.0|384.0|384.0|384.0
UTNTSkyEdge_tnt04b_1330_1_terrain_1_1|1330|1|2|510|259|2304.0|-832.0|2240.0|-800.0|2271.77639320225|-816.4472135955|-144.0|-144.0|-144.0|QROCK3|XA11TEX|1.0|1.0|0.0|0.0|8|gravel|-|SG001493|-|480|1|1|259|XA11TEX|-|1.0|1.0|0.0|0.0|0.0|QROCK3X8|-|1.0|1.0|96.0|16.0|-512.0|-512.0|-144.0|-144.0|384.0|384.0|384.0|384.0
UTNTSkyEdge_tnt04b_1331_1_terrain_1_0|1331|1|2|510|259|2368.0|-832.0|2304.0|-832.0|2336.0|-831.5|-144.0|-144.0|-144.0|QROCK3|QROCK3X8|1.0|1.0|32.0|16.0|8|rock|-|SG001424|-|427|1|0|259|XA11TEX|-|1.0|1.0|0.0|0.0|0.0|QROCK3X8|-|1.0|1.0|32.0|16.0|-512.0|-512.0|-144.0|-144.0|384.0|384.0|384.0|384.0
UTNTSkyEdge_tnt04b_1331_1_terrain_1_1|1331|1|2|510|259|2368.0|-832.0|2304.0|-832.0|2336.0|-832.5|-144.0|-144.0|-144.0|QROCK3|XA11TEX|1.0|1.0|0.0|0.0|8|gravel|-|SG001493|-|480|1|1|259|XA11TEX|-|1.0|1.0|0.0|0.0|0.0|QROCK3X8|-|1.0|1.0|32.0|16.0|-512.0|-512.0|-144.0|-144.0|384.0|384.0|384.0|384.0
UTNTSkyEdge_tnt04b_1332_1_terrain_1_0|1332|1|2|510|260|2432.0|-864.0|2368.0|-832.0|2400.22360679775|-847.5527864045|-168.0|-168.0|-168.0|QROCK3|QROCK3X8|1.0|1.0|88.0|40.0|8|rock|-|SG001424|-|427|1|0|260|XA11TEX|-|1.0|1.0|0.0|0.0|0.0|QROCK3X8|-|1.0|1.0|88.0|40.0|-512.0|-512.0|-168.0|-168.0|384.0|384.0|384.0|384.0
UTNTSkyEdge_tnt04b_1332_1_terrain_1_1|1332|1|2|510|260|2432.0|-864.0|2368.0|-832.0|2399.77639320225|-848.4472135955|-168.0|-168.0|-168.0|QROCK3|XA11TEX|1.0|1.0|0.0|0.0|8|gravel|-|SG001494|-|481|1|1|260|XA11TEX|-|1.0|1.0|0.0|0.0|0.0|QROCK3X8|-|1.0|1.0|88.0|40.0|-512.0|-512.0|-168.0|-168.0|384.0|384.0|384.0|384.0
UTNTSkyEdge_tnt04b_1333_1_terrain_1_0|1333|1|2|510|261|2464.0|-928.0|2432.0|-864.0|2448.4472135954998|-895.77639320225|-192.0|-192.0|-192.0|QROCK3|QROCK3X8|1.0|1.0|272.063843272|64.0|8|rock|-|SG001424|-|427|1|0|261|XA11TEX|-|1.0|1.0|0.0|0.0|0.0|QROCK3X8|-|1.0|1.0|272.063843272|64.0|-512.0|-512.0|-192.0|-192.0|384.0|384.0|384.0|384.0
UTNTSkyEdge_tnt04b_1333_1_terrain_1_1|1333|1|2|510|261|2464.0|-928.0|2432.0|-864.0|2447.5527864045002|-896.22360679775|-192.0|-192.0|-192.0|QROCK3|XA11TEX|1.0|1.0|0.0|0.0|8|gravel|-|SG001495|-|482|1|1|261|XA11TEX|-|1.0|1.0|0.0|0.0|0.0|QROCK3X8|-|1.0|1.0|272.063843272|64.0|-512.0|-512.0|-192.0|-192.0|384.0|384.0|384.0|384.0
UTNTSkyEdge_tnt04b_1334_1_terrain_1_0|1334|1|2|510|261|2496.0|-960.0|2464.0|-928.0|2480.3535533905933|-943.6464466094068|-192.0|-192.0|-192.0|QROCK3|QROCK3X8|1.0|1.0|226.809009276|64.0|8|rock|-|SG001424|-|427|1|0|261|XA11TEX|-|1.0|1.0|0.0|0.0|0.0|QROCK3X8|-|1.0|1.0|226.809009276|64.0|-512.0|-512.0|-192.0|-192.0|384.0|384.0|384.0|384.0
UTNTSkyEdge_tnt04b_1334_1_terrain_1_1|1334|1|2|510|261|2496.0|-960.0|2464.0|-928.0|2479.6464466094067|-944.3535533905932|-192.0|-192.0|-192.0|QROCK3|XA11TEX|1.0|1.0|0.0|0.0|8|gravel|-|SG001495|-|482|1|1|261|XA11TEX|-|1.0|1.0|0.0|0.0|0.0|QROCK3X8|-|1.0|1.0|226.809009276|64.0|-512.0|-512.0|-192.0|-192.0|384.0|384.0|384.0|384.0
UTNTSkyEdge_tnt04b_1335_1_terrain_1_0|1335|1|2|510|261|2528.0|-992.0|2496.0|-960.0|2512.3535533905933|-975.6464466094068|-192.0|-192.0|-192.0|QROCK3|QROCK3X8|1.0|1.0|181.55417528|64.0|8|rock|-|SG001424|-|427|1|0|261|XA11TEX|-|1.0|1.0|0.0|0.0|0.0|QROCK3X8|-|1.0|1.0|181.55417528|64.0|-512.0|-512.0|-192.0|-192.0|384.0|384.0|384.0|384.0
UTNTSkyEdge_tnt04b_1335_1_terrain_1_1|1335|1|2|510|261|2528.0|-992.0|2496.0|-960.0|2511.6464466094067|-976.3535533905932|-192.0|-192.0|-192.0|QROCK3|XA11TEX|1.0|1.0|0.0|0.0|8|gravel|-|SG001495|-|482|1|1|261|XA11TEX|-|1.0|1.0|0.0|0.0|0.0|QROCK3X8|-|1.0|1.0|181.55417528|64.0|-512.0|-512.0|-192.0|-192.0|384.0|384.0|384.0|384.0
UTNTSkyEdge_tnt04b_1336_1_terrain_1_0|1336|1|2|510|261|2592.0|-1024.0|2528.0|-992.0|2560.22360679775|-1007.5527864045|-192.0|-192.0|-192.0|QROCK3|QROCK3X8|1.0|1.0|110.0|64.0|8|rock|-|SG001424|-|427|1|0|261|XA11TEX|-|1.0|1.0|0.0|0.0|0.0|QROCK3X8|-|1.0|1.0|110.0|64.0|-512.0|-512.0|-192.0|-192.0|384.0|384.0|384.0|384.0
UTNTSkyEdge_tnt04b_1336_1_terrain_1_1|1336|1|2|510|261|2592.0|-1024.0|2528.0|-992.0|2559.77639320225|-1008.4472135955|-192.0|-192.0|-192.0|QROCK3|XA11TEX|1.0|1.0|0.0|0.0|8|gravel|-|SG001495|-|482|1|1|261|XA11TEX|-|1.0|1.0|0.0|0.0|0.0|QROCK3X8|-|1.0|1.0|110.0|64.0|-512.0|-512.0|-192.0|-192.0|384.0|384.0|384.0|384.0
UTNTSkyEdge_tnt04b_1337_1_terrain_1_0|1337|1|2|510|262|2624.0|-1056.0|2592.0|-1024.0|2608.3535533905933|-1039.6464466094067|-216.0|-216.0|-216.0|QROCK3|QROCK3X8|1.0|1.0|192.509667992|88.0|8|rock|-|SG001424|-|427|1|0|262|XA11TEX|-|1.0|1.0|0.0|0.0|0.0|QROCK3X8|-|1.0|1.0|192.509667992|88.0|-512.0|-512.0|-216.0|-216.0|384.0|384.0|384.0|384.0
UTNTSkyEdge_tnt04b_1337_1_terrain_1_1|1337|1|2|510|262|2624.0|-1056.0|2592.0|-1024.0|2607.6464466094067|-1040.3535533905933|-216.0|-216.0|-216.0|QROCK3|XA11TEX|1.0|1.0|0.0|0.0|8|gravel|-|SG001496|-|483|1|1|262|XA11TEX|-|1.0|1.0|0.0|0.0|0.0|QROCK3X8|-|1.0|1.0|192.509667992|88.0|-512.0|-512.0|-216.0|-216.0|384.0|384.0|384.0|384.0
UTNTSkyEdge_tnt04b_1338_1_terrain_1_0|1338|1|2|510|262|2688.0|-1120.0|2624.0|-1056.0|2656.3535533905933|-1087.6464466094067|-216.0|-216.0|-216.0|QROCK3|QROCK3X8|1.0|1.0|102.0|88.0|8|rock|-|SG001424|-|427|1|0|262|XA11TEX|-|1.0|1.0|0.0|0.0|0.0|QROCK3X8|-|1.0|1.0|102.0|88.0|-512.0|-512.0|-216.0|-216.0|384.0|384.0|384.0|384.0
UTNTSkyEdge_tnt04b_1338_1_terrain_1_1|1338|1|2|510|262|2688.0|-1120.0|2624.0|-1056.0|2655.6464466094067|-1088.3535533905933|-216.0|-216.0|-216.0|QROCK3|XA11TEX|1.0|1.0|0.0|0.0|8|gravel|-|SG001496|-|483|1|1|262|XA11TEX|-|1.0|1.0|0.0|0.0|0.0|QROCK3X8|-|1.0|1.0|102.0|88.0|-512.0|-512.0|-216.0|-216.0|384.0|384.0|384.0|384.0
UTNTSkyEdge_tnt04b_1339_1_terrain_1_0|1339|1|2|510|263|2704.0|-1152.0|2688.0|-1120.0|2696.4472135954998|-1135.7763932022501|-240.0|-240.0|-240.0|QROCK3|QROCK3X8|1.0|1.0|66.0|112.0|8|rock|-|SG001424|-|427|1|0|263|XA11TEX|-|1.0|1.0|0.0|0.0|0.0|QROCK3X8|-|1.0|1.0|66.0|112.0|-512.0|-512.0|-240.0|-240.0|384.0|384.0|384.0|384.0
UTNTSkyEdge_tnt04b_1339_1_terrain_1_1|1339|1|2|510|263|2704.0|-1152.0|2688.0|-1120.0|2695.5527864045002|-1136.2236067977499|-240.0|-240.0|-240.0|QROCK3|XA11TEX|1.0|1.0|0.0|0.0|8|gravel|-|SG001497|-|429|1|1|263|XA11TEX|-|1.0|1.0|0.0|0.0|0.0|QROCK3X8|-|1.0|1.0|66.0|112.0|-512.0|-512.0|-240.0|-240.0|384.0|384.0|384.0|384.0
UTNTSkyEdge_tnt04b_1340_1_terrain_1_0|1340|1|2|518|263|2752.0|-1216.0|2720.0|-1184.0|2736.3535533905933|-1199.6464466094067|-240.0|-240.0|-240.0|QROCK3|QROCK3X8|1.0|1.0|113.0|112.0|8|rock|-|SG001498|-|484|1|0|263|XA11TEX|-|1.0|1.0|0.0|0.0|0.0|QROCK3X8|-|1.0|1.0|113.0|112.0|-485.0|-485.0|-240.0|-240.0|384.0|384.0|384.0|384.0
UTNTSkyEdge_tnt04b_1340_1_terrain_1_1|1340|1|2|518|263|2752.0|-1216.0|2720.0|-1184.0|2735.6464466094067|-1200.3535533905933|-240.0|-240.0|-240.0|QROCK3|XA11TEX|1.0|1.0|0.0|0.0|8|gravel|-|SG001497|-|429|1|1|263|XA11TEX|-|1.0|1.0|0.0|0.0|0.0|QROCK3X8|-|1.0|1.0|113.0|112.0|-485.0|-485.0|-240.0|-240.0|384.0|384.0|384.0|384.0
UTNTSkyEdge_tnt04b_1341_1_terrain_1_0|1341|1|2|510|258|2080.0|-928.0|2112.0|-960.0|2095.6464466094067|-944.3535533905932|-120.0|-120.0|-120.0|QROCK3|QROCK3X8|1.0|1.0|174.55417528|120.0|8|rock|-|SG001424|-|427|1|0|258|XA11TEX|-|1.0|1.0|0.0|0.0|0.0|QROCK3X8|-|1.0|1.0|174.55417528|120.0|-512.0|-512.0|-120.0|-120.0|384.0|384.0|384.0|384.0
UTNTSkyEdge_tnt04b_1341_1_terrain_1_1|1341|1|2|510|258|2080.0|-928.0|2112.0|-960.0|2096.3535533905933|-943.6464466094068|-120.0|-120.0|-120.0|QROCK3|XA11TEX|1.0|1.0|0.0|0.0|8|gravel|-|SG001492|-|479|1|1|258|XA11TEX|-|1.0|1.0|0.0|0.0|0.0|QROCK3X8|-|1.0|1.0|174.55417528|120.0|-512.0|-512.0|-120.0|-120.0|384.0|384.0|384.0|384.0
UTNTSkyEdge_tnt04b_1342_1_terrain_1_0|1342|1|2|510|258|2048.0|-864.0|2080.0|-928.0|2063.5527864045002|-896.22360679775|-120.0|-120.0|-120.0|QROCK3|QROCK3X8|1.0|1.0|103.0|120.0|8|rock|-|SG001424|-|427|1|0|258|XA11TEX|-|1.0|1.0|0.0|0.0|0.0|QROCK3X8|-|1.0|1.0|103.0|120.0|-512.0|-512.0|-120.0|-120.0|384.0|384.0|384.0|384.0
UTNTSkyEdge_tnt04b_1342_1_terrain_1_1|1342|1|2|510|258|2048.0|-864.0|2080.0|-928.0|2064.4472135954998|-895.77639320225|-120.0|-120.0|-120.0|QROCK3|XA11TEX|1.0|1.0|0.0|0.0|8|gravel|-|SG001492|-|479|1|1|258|XA11TEX|-|1.0|1.0|0.0|0.0|0.0|QROCK3X8|-|1.0|1.0|103.0|120.0|-512.0|-512.0|-120.0|-120.0|384.0|384.0|384.0|384.0
UTNTSkyEdge_tnt04b_1343_1_terrain_1_0|1343|1|2|510|257|2016.0|-832.0|2048.0|-864.0|2031.6464466094067|-848.3535533905932|-96.0|-96.0|-96.0|QROCK3|QROCK3X8|1.0|1.0|58.0|96.0|8|rock|-|SG001424|-|427|1|0|257|XA11TEX|-|1.0|1.0|0.0|0.0|0.0|QROCK3X8|-|1.0|1.0|58.0|96.0|-512.0|-512.0|-96.0|-96.0|384.0|384.0|384.0|384.0
UTNTSkyEdge_tnt04b_1343_1_terrain_1_1|1343|1|2|510|257|2016.0|-832.0|2048.0|-864.0|2032.3535533905933|-847.6464466094068|-96.0|-96.0|-96.0|QROCK3|XA11TEX|1.0|1.0|0.0|0.0|8|gravel|-|SG001491|-|478|1|1|257|XA11TEX|-|1.0|1.0|0.0|0.0|0.0|QROCK3X8|-|1.0|1.0|58.0|96.0|-512.0|-512.0|-96.0|-96.0|384.0|384.0|384.0|384.0
UTNTSkyEdge_tnt04b_1344_1_terrain_1_0|1344|1|2|510|256|1952.0|-832.0|2016.0|-832.0|1984.0|-832.5|-72.0|-72.0|-72.0|QROCK3|QROCK3X8|1.0|1.0|122.0|72.0|8|rock|-|SG001424|-|427|1|0|256|XA11TEX|-|1.0|1.0|0.0|0.0|0.0|QROCK3X8|-|1.0|1.0|122.0|72.0|-512.0|-512.0|-72.0|-72.0|384.0|384.0|384.0|384.0
UTNTSkyEdge_tnt04b_1344_1_terrain_1_1|1344|1|2|510|256|1952.0|-832.0|2016.0|-832.0|1984.0|-831.5|-72.0|-72.0|-72.0|QROCK3|XA11TEX|1.0|1.0|0.0|0.0|8|gravel|-|SG001490|-|477|1|1|256|XA11TEX|-|1.0|1.0|0.0|0.0|0.0|QROCK3X8|-|1.0|1.0|122.0|72.0|-512.0|-512.0|-72.0|-72.0|384.0|384.0|384.0|384.0
UTNTSkyEdge_tnt04b_1345_1_terrain_1_0|1345|1|2|510|255|1856.0|-800.0|1952.0|-832.0|1903.8418861169916|-816.4743416490253|-48.0|-48.0|-48.0|QROCK3|QROCK3X8|1.0|1.0|149.0|48.0|8|rock|-|SG001424|-|427|1|0|255|XA11TEX|-|1.0|1.0|0.0|0.0|0.0|QROCK3X8|-|1.0|1.0|149.0|48.0|-512.0|-512.0|-48.0|-48.0|384.0|384.0|384.0|384.0
UTNTSkyEdge_tnt04b_1345_1_terrain_1_1|1345|1|2|510|255|1856.0|-800.0|1952.0|-832.0|1904.1581138830084|-815.5256583509747|-48.0|-48.0|-48.0|QROCK3|XA11TEX|1.0|1.0|0.0|0.0|8|gravel|-|SG001489|-|476|1|1|255|XA11TEX|-|1.0|1.0|0.0|0.0|0.0|QROCK3X8|-|1.0|1.0|149.0|48.0|-512.0|-512.0|-48.0|-48.0|384.0|384.0|384.0|384.0
UTNTSkyEdge_tnt04b_1346_1_terrain_1_0|1346|1|2|510|255|1792.0|-800.0|1856.0|-800.0|1824.0|-800.5|-48.0|-48.0|-48.0|QROCK3|QROCK3X8|1.0|1.0|85.0|48.0|8|rock|-|SG001424|-|427|1|0|255|XA11TEX|-|1.0|1.0|0.0|0.0|0.0|QROCK3X8|-|1.0|1.0|85.0|48.0|-512.0|-512.0|-48.0|-48.0|384.0|384.0|384.0|384.0
UTNTSkyEdge_tnt04b_1346_1_terrain_1_1|1346|1|2|510|255|1792.0|-800.0|1856.0|-800.0|1824.0|-799.5|-48.0|-48.0|-48.0|QROCK3|XA11TEX|1.0|1.0|0.0|0.0|8|gravel|-|SG001489|-|476|1|1|255|XA11TEX|-|1.0|1.0|0.0|0.0|0.0|QROCK3X8|-|1.0|1.0|85.0|48.0|-512.0|-512.0|-48.0|-48.0|384.0|384.0|384.0|384.0
UTNTSkyEdge_tnt04b_1347_1_terrain_1_0|1347|1|2|510|254|1728.0|-768.0|1792.0|-800.0|1759.7763932022501|-784.4472135955|-24.0|-24.0|-24.0|QROCK3|QROCK3X8|1.0|1.0|141.0|24.0|8|rock|-|SG001424|-|427|1|0|254|XA11TEX|-|1.0|1.0|0.0|0.0|0.0|QROCK3X8|-|1.0|1.0|141.0|24.0|-512.0|-512.0|-24.0|-24.0|384.0|384.0|384.0|384.0
UTNTSkyEdge_tnt04b_1347_1_terrain_1_1|1347|1|2|510|254|1728.0|-768.0|1792.0|-800.0|1760.2236067977499|-783.5527864045|-24.0|-24.0|-24.0|QROCK3|XA11TEX|1.0|1.0|0.0|0.0|8|gravel|-|SG001488|-|468|1|1|254|XA11TEX|-|1.0|1.0|0.0|0.0|0.0|QROCK3X8|-|1.0|1.0|141.0|24.0|-512.0|-512.0|-24.0|-24.0|384.0|384.0|384.0|384.0
UTNTSkyEdge_tnt04b_1349_1_terrain_1_0|1349|1|2|510|263|2144.0|-1728.0|2208.0|-1696.0|2176.22360679775|-1712.4472135955|-240.0|-240.0|-240.0|QROCK3|QROCK3X8|1.0|1.0|968.4908711|112.0|8|rock|-|SG001424|-|427|1|0|263|XA11TEX|-|1.0|1.0|0.0|0.0|0.0|QROCK3X8|-|1.0|1.0|968.4908711|112.0|-512.0|-512.0|-240.0|-240.0|384.0|384.0|384.0|384.0
UTNTSkyEdge_tnt04b_1349_1_terrain_1_1|1349|1|2|510|263|2144.0|-1728.0|2208.0|-1696.0|2175.77639320225|-1711.5527864045|-240.0|-240.0|-240.0|QROCK3|XA11TEX|1.0|1.0|0.0|0.0|8|gravel|-|SG001497|-|429|1|1|263|XA11TEX|-|1.0|1.0|0.0|0.0|0.0|QROCK3X8|-|1.0|1.0|968.4908711|112.0|-512.0|-512.0|-240.0|-240.0|384.0|384.0|384.0|384.0
UTNTSkyEdge_tnt04b_1350_1_terrain_1_0|1350|1|2|510|263|2112.0|-1728.0|2144.0|-1728.0|2128.0|-1728.5|-240.0|-240.0|-240.0|QROCK3|QROCK3X8|1.0|1.0|936.4908711|112.0|8|rock|-|SG001424|-|427|1|0|263|XA11TEX|-|1.0|1.0|0.0|0.0|0.0|QROCK3X8|-|1.0|1.0|936.4908711|112.0|-512.0|-512.0|-240.0|-240.0|384.0|384.0|384.0|384.0
UTNTSkyEdge_tnt04b_1350_1_terrain_1_1|1350|1|2|510|263|2112.0|-1728.0|2144.0|-1728.0|2128.0|-1727.5|-240.0|-240.0|-240.0|QROCK3|XA11TEX|1.0|1.0|0.0|0.0|8|gravel|-|SG001497|-|429|1|1|263|XA11TEX|-|1.0|1.0|0.0|0.0|0.0|QROCK3X8|-|1.0|1.0|936.4908711|112.0|-512.0|-512.0|-240.0|-240.0|384.0|384.0|384.0|384.0
UTNTSkyEdge_tnt04b_1351_1_terrain_1_0|1351|1|2|510|263|2080.0|-1696.0|2112.0|-1728.0|2095.6464466094067|-1712.3535533905933|-240.0|-240.0|-240.0|QROCK3|QROCK3X8|1.0|1.0|891.236037104|112.0|8|rock|-|SG001424|-|427|1|0|263|XA11TEX|-|1.0|1.0|0.0|0.0|0.0|QROCK3X8|-|1.0|1.0|891.236037104|112.0|-512.0|-512.0|-240.0|-240.0|384.0|384.0|384.0|384.0
UTNTSkyEdge_tnt04b_1351_1_terrain_1_1|1351|1|2|510|263|2080.0|-1696.0|2112.0|-1728.0|2096.3535533905933|-1711.6464466094067|-240.0|-240.0|-240.0|QROCK3|XA11TEX|1.0|1.0|0.0|0.0|8|gravel|-|SG001497|-|429|1|1|263|XA11TEX|-|1.0|1.0|0.0|0.0|0.0|QROCK3X8|-|1.0|1.0|891.236037104|112.0|-512.0|-512.0|-240.0|-240.0|384.0|384.0|384.0|384.0
UTNTSkyEdge_tnt04b_1352_1_terrain_1_0|1352|1|2|510|263|2080.0|-1632.0|2080.0|-1696.0|2079.5|-1664.0|-240.0|-240.0|-240.0|QROCK3|QROCK3X8|1.0|1.0|827.236037104|112.0|8|rock|-|SG001424|-|427|1|0|263|XA11TEX|-|1.0|1.0|0.0|0.0|0.0|QROCK3X8|-|1.0|1.0|827.236037104|112.0|-512.0|-512.0|-240.0|-240.0|384.0|384.0|384.0|384.0
UTNTSkyEdge_tnt04b_1352_1_terrain_1_1|1352|1|2|510|263|2080.0|-1632.0|2080.0|-1696.0|2080.5|-1664.0|-240.0|-240.0|-240.0|QROCK3|XA11TEX|1.0|1.0|0.0|0.0|8|gravel|-|SG001497|-|429|1|1|263|XA11TEX|-|1.0|1.0|0.0|0.0|0.0|QROCK3X8|-|1.0|1.0|827.236037104|112.0|-512.0|-512.0|-240.0|-240.0|384.0|384.0|384.0|384.0
UTNTSkyEdge_tnt04b_1353_1_terrain_1_0|1353|1|2|510|263|2112.0|-1568.0|2080.0|-1632.0|2095.5527864045002|-1599.7763932022501|-240.0|-240.0|-240.0|QROCK3|QROCK3X8|1.0|1.0|755.681861824|112.0|8|rock|-|SG001424|-|427|1|0|263|XA11TEX|-|1.0|1.0|0.0|0.0|0.0|QROCK3X8|-|1.0|1.0|755.681861824|112.0|-512.0|-512.0|-240.0|-240.0|384.0|384.0|384.0|384.0
UTNTSkyEdge_tnt04b_1353_1_terrain_1_1|1353|1|2|510|263|2112.0|-1568.0|2080.0|-1632.0|2096.4472135954998|-1600.2236067977499|-240.0|-240.0|-240.0|QROCK3|XA11TEX|1.0|1.0|0.0|0.0|8|gravel|-|SG001497|-|429|1|1|263|XA11TEX|-|1.0|1.0|0.0|0.0|0.0|QROCK3X8|-|1.0|1.0|755.681861824|112.0|-512.0|-512.0|-240.0|-240.0|384.0|384.0|384.0|384.0
UTNTSkyEdge_tnt04b_1354_1_terrain_1_0|1354|1|2|510|263|2080.0|-1536.0|2112.0|-1568.0|2095.6464466094067|-1552.3535533905933|-240.0|-240.0|-240.0|QROCK3|QROCK3X8|1.0|1.0|710.427027828|112.0|8|rock|-|SG001424|-|427|1|0|263|XA11TEX|-|1.0|1.0|0.0|0.0|0.0|QROCK3X8|-|1.0|1.0|710.427027828|112.0|-512.0|-512.0|-240.0|-240.0|384.0|384.0|384.0|384.0
UTNTSkyEdge_tnt04b_1354_1_terrain_1_1|1354|1|2|510|263|2080.0|-1536.0|2112.0|-1568.0|2096.3535533905933|-1551.6464466094067|-240.0|-240.0|-240.0|QROCK3|XA11TEX|1.0|1.0|0.0|0.0|8|gravel|-|SG001497|-|429|1|1|263|XA11TEX|-|1.0|1.0|0.0|0.0|0.0|QROCK3X8|-|1.0|1.0|710.427027828|112.0|-512.0|-512.0|-240.0|-240.0|384.0|384.0|384.0|384.0
UTNTSkyEdge_tnt04b_1355_1_terrain_1_0|1355|1|2|510|263|2080.0|-1472.0|2080.0|-1536.0|2079.5|-1504.0|-240.0|-240.0|-240.0|QROCK3|QROCK3X8|1.0|1.0|646.427027828|112.0|8|rock|-|SG001424|-|427|1|0|263|XA11TEX|-|1.0|1.0|0.0|0.0|0.0|QROCK3X8|-|1.0|1.0|646.427027828|112.0|-512.0|-512.0|-240.0|-240.0|384.0|384.0|384.0|384.0
UTNTSkyEdge_tnt04b_1355_1_terrain_1_1|1355|1|2|510|263|2080.0|-1472.0|2080.0|-1536.0|2080.5|-1504.0|-240.0|-240.0|-240.0|QROCK3|XA11TEX|1.0|1.0|0.0|0.0|8|gravel|-|SG001497|-|429|1|1|263|XA11TEX|-|1.0|1.0|0.0|0.0|0.0|QROCK3X8|-|1.0|1.0|646.427027828|112.0|-512.0|-512.0|-240.0|-240.0|384.0|384.0|384.0|384.0
UTNTSkyEdge_tnt04b_1356_1_terrain_1_0|1356|1|2|510|263|2112.0|-1440.0|2080.0|-1472.0|2095.6464466094067|-1455.6464466094067|-240.0|-240.0|-240.0|QROCK3|QROCK3X8|1.0|1.0|601.172193832|112.0|8|rock|-|SG001424|-|427|1|0|263|XA11TEX|-|1.0|1.0|0.0|0.0|0.0|QROCK3X8|-|1.0|1.0|601.172193832|112.0|-512.0|-512.0|-240.0|-240.0|384.0|384.0|384.0|384.0
UTNTSkyEdge_tnt04b_1356_1_terrain_1_1|1356|1|2|510|263|2112.0|-1440.0|2080.0|-1472.0|2096.3535533905933|-1456.3535533905933|-240.0|-240.0|-240.0|QROCK3|XA11TEX|1.0|1.0|0.0|0.0|8|gravel|-|SG001497|-|429|1|1|263|XA11TEX|-|1.0|1.0|0.0|0.0|0.0|QROCK3X8|-|1.0|1.0|601.172193832|112.0|-512.0|-512.0|-240.0|-240.0|384.0|384.0|384.0|384.0
UTNTSkyEdge_tnt04b_1357_1_terrain_1_0|1357|1|2|510|263|2112.0|-1376.0|2112.0|-1440.0|2111.5|-1408.0|-240.0|-240.0|-240.0|QROCK3|QROCK3X8|1.0|1.0|537.172193832|112.0|8|rock|-|SG001424|-|427|1|0|263|XA11TEX|-|1.0|1.0|0.0|0.0|0.0|QROCK3X8|-|1.0|1.0|537.172193832|112.0|-512.0|-512.0|-240.0|-240.0|384.0|384.0|384.0|384.0
UTNTSkyEdge_tnt04b_1357_1_terrain_1_1|1357|1|2|510|263|2112.0|-1376.0|2112.0|-1440.0|2112.5|-1408.0|-240.0|-240.0|-240.0|QROCK3|XA11TEX|1.0|1.0|0.0|0.0|8|gravel|-|SG001497|-|429|1|1|263|XA11TEX|-|1.0|1.0|0.0|0.0|0.0|QROCK3X8|-|1.0|1.0|537.172193832|112.0|-512.0|-512.0|-240.0|-240.0|384.0|384.0|384.0|384.0
UTNTSkyEdge_tnt04b_1358_1_terrain_1_0|1358|1|2|510|263|2112.0|-1344.0|2112.0|-1376.0|2111.5|-1360.0|-240.0|-240.0|-240.0|QROCK3|QROCK3X8|1.0|1.0|505.172193832|112.0|8|rock|-|SG001424|-|427|1|0|263|XA11TEX|-|1.0|1.0|0.0|0.0|0.0|QROCK3X8|-|1.0|1.0|505.172193832|112.0|-512.0|-512.0|-240.0|-240.0|384.0|384.0|384.0|384.0
UTNTSkyEdge_tnt04b_1358_1_terrain_1_1|1358|1|2|510|263|2112.0|-1344.0|2112.0|-1376.0|2112.5|-1360.0|-240.0|-240.0|-240.0|QROCK3|XA11TEX|1.0|1.0|0.0|0.0|8|gravel|-|SG001497|-|429|1|1|263|XA11TEX|-|1.0|1.0|0.0|0.0|0.0|QROCK3X8|-|1.0|1.0|505.172193832|112.0|-512.0|-512.0|-240.0|-240.0|384.0|384.0|384.0|384.0
UTNTSkyEdge_tnt04b_1359_1_terrain_1_0|1359|1|2|510|263|2080.0|-1312.0|2112.0|-1344.0|2095.6464466094067|-1328.3535533905933|-240.0|-240.0|-240.0|QROCK3|QROCK3X8|1.0|1.0|459.917359836|112.0|8|rock|-|SG001424|-|427|1|0|263|XA11TEX|-|1.0|1.0|0.0|0.0|0.0|QROCK3X8|-|1.0|1.0|459.917359836|112.0|-512.0|-512.0|-240.0|-240.0|384.0|384.0|384.0|384.0
UTNTSkyEdge_tnt04b_1359_1_terrain_1_1|1359|1|2|510|263|2080.0|-1312.0|2112.0|-1344.0|2096.3535533905933|-1327.6464466094067|-240.0|-240.0|-240.0|QROCK3|XA11TEX|1.0|1.0|0.0|0.0|8|gravel|-|SG001497|-|429|1|1|263|XA11TEX|-|1.0|1.0|0.0|0.0|0.0|QROCK3X8|-|1.0|1.0|459.917359836|112.0|-512.0|-512.0|-240.0|-240.0|384.0|384.0|384.0|384.0
UTNTSkyEdge_tnt04b_1360_1_terrain_1_0|1360|1|2|510|263|2112.0|-1248.0|2080.0|-1312.0|2095.5527864045002|-1279.7763932022501|-240.0|-240.0|-240.0|QROCK3|QROCK3X8|1.0|1.0|388.363184556|112.0|8|rock|-|SG001424|-|427|1|0|263|XA11TEX|-|1.0|1.0|0.0|0.0|0.0|QROCK3X8|-|1.0|1.0|388.363184556|112.0|-512.0|-512.0|-240.0|-240.0|384.0|384.0|384.0|384.0
UTNTSkyEdge_tnt04b_1360_1_terrain_1_1|1360|1|2|510|263|2112.0|-1248.0|2080.0|-1312.0|2096.4472135954998|-1280.2236067977499|-240.0|-240.0|-240.0|QROCK3|XA11TEX|1.0|1.0|0.0|0.0|8|gravel|-|SG001497|-|429|1|1|263|XA11TEX|-|1.0|1.0|0.0|0.0|0.0|QROCK3X8|-|1.0|1.0|388.363184556|112.0|-512.0|-512.0|-240.0|-240.0|384.0|384.0|384.0|384.0
UTNTSkyEdge_tnt04b_1361_1_terrain_1_0|1361|1|2|510|263|2176.0|-1248.0|2112.0|-1248.0|2144.0|-1247.5|-240.0|-240.0|-240.0|QROCK3|QROCK3X8|1.0|1.0|324.363184556|112.0|8|rock|-|SG001424|-|427|1|0|263|XA11TEX|-|1.0|1.0|0.0|0.0|0.0|QROCK3X8|-|1.0|1.0|324.363184556|112.0|-512.0|-512.0|-240.0|-240.0|384.0|384.0|384.0|384.0
UTNTSkyEdge_tnt04b_1361_1_terrain_1_1|1361|1|2|510|263|2176.0|-1248.0|2112.0|-1248.0|2144.0|-1248.5|-240.0|-240.0|-240.0|QROCK3|XA11TEX|1.0|1.0|0.0|0.0|8|gravel|-|SG001497|-|429|1|1|263|XA11TEX|-|1.0|1.0|0.0|0.0|0.0|QROCK3X8|-|1.0|1.0|324.363184556|112.0|-512.0|-512.0|-240.0|-240.0|384.0|384.0|384.0|384.0
UTNTSkyEdge_tnt04b_1362_1_terrain_1_0|1362|1|2|510|263|2208.0|-1216.0|2176.0|-1248.0|2191.6464466094067|-1231.6464466094067|-240.0|-240.0|-240.0|QROCK3|QROCK3X8|1.0|1.0|279.10835056|112.0|8|rock|-|SG001424|-|427|1|0|263|XA11TEX|-|1.0|1.0|0.0|0.0|0.0|QROCK3X8|-|1.0|1.0|279.10835056|112.0|-512.0|-512.0|-240.0|-240.0|384.0|384.0|384.0|384.0
UTNTSkyEdge_tnt04b_1362_1_terrain_1_1|1362|1|2|510|263|2208.0|-1216.0|2176.0|-1248.0|2192.3535533905933|-1232.3535533905933|-240.0|-240.0|-240.0|QROCK3|XA11TEX|1.0|1.0|0.0|0.0|8|gravel|-|SG001497|-|429|1|1|263|XA11TEX|-|1.0|1.0|0.0|0.0|0.0|QROCK3X8|-|1.0|1.0|279.10835056|112.0|-512.0|-512.0|-240.0|-240.0|384.0|384.0|384.0|384.0
UTNTSkyEdge_tnt04b_1363_1_terrain_1_0|1363|1|2|510|263|2272.0|-1184.0|2208.0|-1216.0|2239.77639320225|-1199.5527864045|-240.0|-240.0|-240.0|QROCK3|QROCK3X8|1.0|1.0|207.55417528|112.0|8|rock|-|SG001424|-|427|1|0|263|XA11TEX|-|1.0|1.0|0.0|0.0|0.0|QROCK3X8|-|1.0|1.0|207.55417528|112.0|-512.0|-512.0|-240.0|-240.0|384.0|384.0|384.0|384.0
UTNTSkyEdge_tnt04b_1363_1_terrain_1_1|1363|1|2|510|263|2272.0|-1184.0|2208.0|-1216.0|2240.22360679775|-1200.4472135955|-240.0|-240.0|-240.0|QROCK3|XA11TEX|1.0|1.0|0.0|0.0|8|gravel|-|SG001497|-|429|1|1|263|XA11TEX|-|1.0|1.0|0.0|0.0|0.0|QROCK3X8|-|1.0|1.0|207.55417528|112.0|-512.0|-512.0|-240.0|-240.0|384.0|384.0|384.0|384.0
UTNTSkyEdge_tnt04b_1364_1_terrain_1_0|1364|1|2|510|263|2368.0|-1184.0|2272.0|-1184.0|2320.0|-1183.5|-240.0|-240.0|-240.0|QROCK3|QROCK3X8|1.0|1.0|111.55417528|112.0|8|rock|-|SG001424|-|427|1|0|263|XA11TEX|-|1.0|1.0|0.0|0.0|0.0|QROCK3X8|-|1.0|1.0|111.55417528|112.0|-512.0|-512.0|-240.0|-240.0|384.0|384.0|384.0|384.0
UTNTSkyEdge_tnt04b_1364_1_terrain_1_1|1364|1|2|510|263|2368.0|-1184.0|2272.0|-1184.0|2320.0|-1184.5|-240.0|-240.0|-240.0|QROCK3|XA11TEX|1.0|1.0|0.0|0.0|8|gravel|-|SG001497|-|429|1|1|263|XA11TEX|-|1.0|1.0|0.0|0.0|0.0|QROCK3X8|-|1.0|1.0|111.55417528|112.0|-512.0|-512.0|-240.0|-240.0|384.0|384.0|384.0|384.0
UTNTSkyEdge_tnt04b_1365_1_terrain_1_0|1365|1|2|510|263|2432.0|-1152.0|2368.0|-1184.0|2399.77639320225|-1167.5527864045|-240.0|-240.0|-240.0|QROCK3|QROCK3X8|1.0|1.0|40.0|112.0|8|rock|-|SG001424|-|427|1|0|263|XA11TEX|-|1.0|1.0|0.0|0.0|0.0|QROCK3X8|-|1.0|1.0|40.0|112.0|-512.0|-512.0|-240.0|-240.0|384.0|384.0|384.0|384.0
UTNTSkyEdge_tnt04b_1365_1_terrain_1_1|1365|1|2|510|263|2432.0|-1152.0|2368.0|-1184.0|2400.22360679775|-1168.4472135955|-240.0|-240.0|-240.0|QROCK3|XA11TEX|1.0|1.0|0.0|0.0|8|gravel|-|SG001497|-|429|1|1|263|XA11TEX|-|1.0|1.0|0.0|0.0|0.0|QROCK3X8|-|1.0|1.0|40.0|112.0|-512.0|-512.0|-240.0|-240.0|384.0|384.0|384.0|384.0
UTNTSkyEdge_tnt04b_1366_1_terrain_1_0|1366|1|2|510|262|2432.0|-1088.0|2432.0|-1152.0|2431.5|-1120.0|-216.0|-216.0|-216.0|QROCK3|QROCK3X8|1.0|1.0|104.0|88.0|8|rock|-|SG001424|-|427|1|0|262|XA11TEX|-|1.0|1.0|0.0|0.0|0.0|QROCK3X8|-|1.0|1.0|104.0|88.0|-512.0|-512.0|-216.0|-216.0|384.0|384.0|384.0|384.0
UTNTSkyEdge_tnt04b_1366_1_terrain_1_1|1366|1|2|510|262|2432.0|-1088.0|2432.0|-1152.0|2432.5|-1120.0|-216.0|-216.0|-216.0|QROCK3|XA11TEX|1.0|1.0|0.0|0.0|8|gravel|-|SG001496|-|483|1|1|262|XA11TEX|-|1.0|1.0|0.0|0.0|0.0|QROCK3X8|-|1.0|1.0|104.0|88.0|-512.0|-512.0|-216.0|-216.0|384.0|384.0|384.0|384.0
UTNTSkyEdge_tnt04b_1367_1_terrain_1_0|1367|1|2|510|261|2400.0|-1056.0|2432.0|-1088.0|2415.6464466094067|-1072.3535533905933|-192.0|-192.0|-192.0|QROCK3|QROCK3X8|1.0|1.0|59.0|64.0|8|rock|-|SG001424|-|427|1|0|261|XA11TEX|-|1.0|1.0|0.0|0.0|0.0|QROCK3X8|-|1.0|1.0|59.0|64.0|-512.0|-512.0|-192.0|-192.0|384.0|384.0|384.0|384.0
UTNTSkyEdge_tnt04b_1367_1_terrain_1_1|1367|1|2|510|261|2400.0|-1056.0|2432.0|-1088.0|2416.3535533905933|-1071.6464466094067|-192.0|-192.0|-192.0|QROCK3|XA11TEX|1.0|1.0|0.0|0.0|8|gravel|-|SG001495|-|482|1|1|261|XA11TEX|-|1.0|1.0|0.0|0.0|0.0|QROCK3X8|-|1.0|1.0|59.0|64.0|-512.0|-512.0|-192.0|-192.0|384.0|384.0|384.0|384.0
UTNTSkyEdge_tnt04b_1368_1_terrain_1_0|1368|1|2|510|260|2336.0|-1024.0|2400.0|-1056.0|2367.77639320225|-1040.4472135955|-168.0|-168.0|-168.0|QROCK3|QROCK3X8|1.0|1.0|115.254833996|40.0|8|rock|-|SG001424|-|427|1|0|260|XA11TEX|-|1.0|1.0|0.0|0.0|0.0|QROCK3X8|-|1.0|1.0|115.254833996|40.0|-512.0|-512.0|-168.0|-168.0|384.0|384.0|384.0|384.0
UTNTSkyEdge_tnt04b_1368_1_terrain_1_1|1368|1|2|510|260|2336.0|-1024.0|2400.0|-1056.0|2368.22360679775|-1039.5527864045|-168.0|-168.0|-168.0|QROCK3|XA11TEX|1.0|1.0|0.0|0.0|8|gravel|-|SG001494|-|481|1|1|260|XA11TEX|-|1.0|1.0|0.0|0.0|0.0|QROCK3X8|-|1.0|1.0|115.254833996|40.0|-512.0|-512.0|-168.0|-168.0|384.0|384.0|384.0|384.0
UTNTSkyEdge_tnt04b_1369_1_terrain_1_0|1369|1|2|510|260|2304.0|-992.0|2336.0|-1024.0|2319.6464466094067|-1008.3535533905932|-168.0|-168.0|-168.0|QROCK3|QROCK3X8|1.0|1.0|70.0|40.0|8|rock|-|SG001424|-|427|1|0|260|XA11TEX|-|1.0|1.0|0.0|0.0|0.0|QROCK3X8|-|1.0|1.0|70.0|40.0|-512.0|-512.0|-168.0|-168.0|384.0|384.0|384.0|384.0
UTNTSkyEdge_tnt04b_1369_1_terrain_1_1|1369|1|2|510|260|2304.0|-992.0|2336.0|-1024.0|2320.3535533905933|-1007.6464466094068|-168.0|-168.0|-168.0|QROCK3|XA11TEX|1.0|1.0|0.0|0.0|8|gravel|-|SG001494|-|481|1|1|260|XA11TEX|-|1.0|1.0|0.0|0.0|0.0|QROCK3X8|-|1.0|1.0|70.0|40.0|-512.0|-512.0|-168.0|-168.0|384.0|384.0|384.0|384.0
UTNTSkyEdge_tnt04b_1370_1_terrain_1_0|1370|1|2|510|260|2304.0|-960.0|2304.0|-992.0|2303.5|-976.0|-168.0|-168.0|-168.0|QROCK3|QROCK3X8|1.0|1.0|38.0|40.0|8|rock|-|SG001424|-|427|1|0|260|XA11TEX|-|1.0|1.0|0.0|0.0|0.0|QROCK3X8|-|1.0|1.0|38.0|40.0|-512.0|-512.0|-168.0|-168.0|384.0|384.0|384.0|384.0
UTNTSkyEdge_tnt04b_1370_1_terrain_1_1|1370|1|2|510|260|2304.0|-960.0|2304.0|-992.0|2304.5|-976.0|-168.0|-168.0|-168.0|QROCK3|XA11TEX|1.0|1.0|0.0|0.0|8|gravel|-|SG001494|-|481|1|1|260|XA11TEX|-|1.0|1.0|0.0|0.0|0.0|QROCK3X8|-|1.0|1.0|38.0|40.0|-512.0|-512.0|-168.0|-168.0|384.0|384.0|384.0|384.0
UTNTSkyEdge_tnt04b_1371_1_terrain_1_0|1371|1|2|510|259|2208.0|-928.0|2304.0|-960.0|2255.8418861169916|-944.4743416490253|-144.0|-144.0|-144.0|QROCK3|QROCK3X8|1.0|1.0|65.0|16.0|8|rock|-|SG001424|-|427|1|0|259|XA11TEX|-|1.0|1.0|0.0|0.0|0.0|QROCK3X8|-|1.0|1.0|65.0|16.0|-512.0|-512.0|-144.0|-144.0|384.0|384.0|384.0|384.0
UTNTSkyEdge_tnt04b_1371_1_terrain_1_1|1371|1|2|510|259|2208.0|-928.0|2304.0|-960.0|2256.1581138830084|-943.5256583509747|-144.0|-144.0|-144.0|QROCK3|XA11TEX|1.0|1.0|0.0|0.0|8|gravel|-|SG001493|-|480|1|1|259|XA11TEX|-|1.0|1.0|0.0|0.0|0.0|QROCK3X8|-|1.0|1.0|65.0|16.0|-512.0|-512.0|-144.0|-144.0|384.0|384.0|384.0|384.0
UTNTSkyEdge_tnt04b_1372_1_terrain_1_0|1372|1|2|510|258|2112.0|-960.0|2208.0|-928.0|2160.1581138830084|-944.4743416490253|-120.0|-120.0|-120.0|QROCK3|QROCK3X8|1.0|1.0|219.809009276|120.0|8|rock|-|SG001424|-|427|1|0|258|XA11TEX|-|1.0|1.0|0.0|0.0|0.0|QROCK3X8|-|1.0|1.0|219.809009276|120.0|-512.0|-512.0|-120.0|-120.0|384.0|384.0|384.0|384.0
UTNTSkyEdge_tnt04b_1372_1_terrain_1_1|1372|1|2|510|258|2112.0|-960.0|2208.0|-928.0|2159.8418861169916|-943.5256583509747|-120.0|-120.0|-120.0|QROCK3|XA11TEX|1.0|1.0|0.0|0.0|8|gravel|-|SG001492|-|479|1|1|258|XA11TEX|-|1.0|1.0|0.0|0.0|0.0|QROCK3X8|-|1.0|1.0|219.809009276|120.0|-512.0|-512.0|-120.0|-120.0|384.0|384.0|384.0|384.0
UTNTSkyEdge_tnt04b_1373_0_terrain_1_0|1373|0|2|255|254|1792.0|-800.0|1856.0|-736.0|1824.3535533905933|-768.3535533905932|-24.0|-24.0|-24.0|QROCK3|QROCK3X8|1.0|1.0|85.0|24.0|3.84|rock|-|SG001499|-|476|1|0|254|XA11TEX|-|1.0|1.0|0.0|0.0|0.0|QROCK3X8|-|1.0|1.0|85.0|24.0|-48.0|-48.0|-24.0|-24.0|384.0|384.0|384.0|384.0
UTNTSkyEdge_tnt04b_1373_0_terrain_1_1|1373|0|2|255|254|1792.0|-800.0|1856.0|-736.0|1823.6464466094067|-767.6464466094068|-24.0|-24.0|-24.0|QROCK3|XA11TEX|1.0|1.0|0.0|0.0|3.84|gravel|-|SG001488|-|468|1|1|254|XA11TEX|-|1.0|1.0|0.0|0.0|0.0|QROCK3X8|-|1.0|1.0|85.0|24.0|-48.0|-48.0|-24.0|-24.0|384.0|384.0|384.0|384.0
UTNTSkyEdge_tnt04b_1374_0_terrain_1_0|1374|0|2|255|254|1856.0|-736.0|1856.0|-672.0|1856.5|-704.0|-24.0|-24.0|-24.0|QROCK3|QROCK3X8|1.0|1.0|175.509667992|24.0|3.84|rock|-|SG001499|-|476|1|0|254|XA11TEX|-|1.0|1.0|0.0|0.0|0.0|QROCK3X8|-|1.0|1.0|175.509667992|24.0|-48.0|-48.0|-24.0|-24.0|384.0|384.0|384.0|384.0
UTNTSkyEdge_tnt04b_1374_0_terrain_1_1|1374|0|2|255|254|1856.0|-736.0|1856.0|-672.0|1855.5|-704.0|-24.0|-24.0|-24.0|QROCK3|XA11TEX|1.0|1.0|0.0|0.0|3.84|gravel|-|SG001488|-|468|1|1|254|XA11TEX|-|1.0|1.0|0.0|0.0|0.0|QROCK3X8|-|1.0|1.0|175.509667992|24.0|-48.0|-48.0|-24.0|-24.0|384.0|384.0|384.0|384.0
UTNTSkyEdge_tnt04b_1375_0_terrain_1_0|1375|0|2|256|255|1952.0|-832.0|1920.0|-736.0|1936.4743416490253|-783.8418861169915|-48.0|-48.0|-48.0|QROCK3|QROCK3X8|1.0|1.0|122.0|48.0|3.84|rock|-|SG001500|-|477|1|0|255|XA11TEX|-|1.0|1.0|0.0|0.0|0.0|QROCK3X8|-|1.0|1.0|122.0|48.0|-72.0|-72.0|-48.0|-48.0|384.0|384.0|384.0|384.0
UTNTSkyEdge_tnt04b_1375_0_terrain_1_1|1375|0|2|256|255|1952.0|-832.0|1920.0|-736.0|1935.5256583509747|-784.1581138830085|-48.0|-48.0|-48.0|QROCK3|XA11TEX|1.0|1.0|0.0|0.0|3.84|gravel|-|SG001489|-|476|1|1|255|XA11TEX|-|1.0|1.0|0.0|0.0|0.0|QROCK3X8|-|1.0|1.0|122.0|48.0|-72.0|-72.0|-48.0|-48.0|384.0|384.0|384.0|384.0
UTNTSkyEdge_tnt04b_1376_0_terrain_1_0|1376|0|2|256|255|1920.0|-736.0|1952.0|-672.0|1936.4472135955|-704.22360679775|-48.0|-48.0|-48.0|QROCK3|QROCK3X8|1.0|1.0|223.192885125|48.0|3.84|rock|-|SG001500|-|477|1|0|255|XA11TEX|-|1.0|1.0|0.0|0.0|0.0|QROCK3X8|-|1.0|1.0|223.192885125|48.0|-72.0|-72.0|-48.0|-48.0|384.0|384.0|384.0|384.0
UTNTSkyEdge_tnt04b_1376_0_terrain_1_1|1376|0|2|256|255|1920.0|-736.0|1952.0|-672.0|1935.5527864045|-703.77639320225|-48.0|-48.0|-48.0|QROCK3|XA11TEX|1.0|1.0|0.0|0.0|3.84|gravel|-|SG001489|-|476|1|1|255|XA11TEX|-|1.0|1.0|0.0|0.0|0.0|QROCK3X8|-|1.0|1.0|223.192885125|48.0|-72.0|-72.0|-48.0|-48.0|384.0|384.0|384.0|384.0
UTNTSkyEdge_tnt04b_1377_0_terrain_1_0|1377|0|2|257|256|2016.0|-832.0|2048.0|-768.0|2032.4472135955|-800.22360679775|-72.0|-72.0|-72.0|QROCK3|QROCK3X8|1.0|1.0|58.0|72.0|3.84|rock|-|SG001501|-|478|1|0|256|XA11TEX|-|1.0|1.0|0.0|0.0|0.0|QROCK3X8|-|1.0|1.0|58.0|72.0|-96.0|-96.0|-72.0|-72.0|384.0|384.0|384.0|384.0
UTNTSkyEdge_tnt04b_1377_0_terrain_1_1|1377|0|2|257|256|2016.0|-832.0|2048.0|-768.0|2031.5527864045|-799.77639320225|-72.0|-72.0|-72.0|QROCK3|XA11TEX|1.0|1.0|0.0|0.0|3.84|gravel|-|SG001490|-|477|1|1|256|XA11TEX|-|1.0|1.0|0.0|0.0|0.0|QROCK3X8|-|1.0|1.0|58.0|72.0|-96.0|-96.0|-72.0|-72.0|384.0|384.0|384.0|384.0
UTNTSkyEdge_tnt04b_1378_0_terrain_1_0|1378|0|2|257|256|2048.0|-768.0|2080.0|-640.0|2064.4850712500725|-704.1212678125181|-72.0|-72.0|-72.0|QROCK3|QROCK3X8|1.0|1.0|129.55417528|72.0|3.84|rock|-|SG001501|-|478|1|0|256|XA11TEX|-|1.0|1.0|0.0|0.0|0.0|QROCK3X8|-|1.0|1.0|129.55417528|72.0|-96.0|-96.0|-72.0|-72.0|384.0|384.0|384.0|384.0
UTNTSkyEdge_tnt04b_1378_0_terrain_1_1|1378|0|2|257|256|2048.0|-768.0|2080.0|-640.0|2063.5149287499275|-703.8787321874819|-72.0|-72.0|-72.0|QROCK3|XA11TEX|1.0|1.0|0.0|0.0|3.84|gravel|-|SG001490|-|477|1|1|256|XA11TEX|-|1.0|1.0|0.0|0.0|0.0|QROCK3X8|-|1.0|1.0|129.55417528|72.0|-96.0|-96.0|-72.0|-72.0|384.0|384.0|384.0|384.0
UTNTSkyEdge_tnt04b_1379_0_terrain_1_0|1379|0|2|258|257|2048.0|-864.0|2112.0|-832.0|2080.22360679775|-848.4472135955|-96.0|-96.0|-96.0|QROCK3|QROCK3X8|1.0|1.0|103.0|96.0|3.84|rock|-|SG001502|-|479|1|0|257|XA11TEX|-|1.0|1.0|0.0|0.0|0.0|QROCK3X8|-|1.0|1.0|103.0|96.0|-120.0|-120.0|-96.0|-96.0|384.0|384.0|384.0|384.0
UTNTSkyEdge_tnt04b_1379_0_terrain_1_1|1379|0|2|258|257|2048.0|-864.0|2112.0|-832.0|2079.77639320225|-847.5527864045|-96.0|-96.0|-96.0|QROCK3|XA11TEX|1.0|1.0|0.0|0.0|3.84|gravel|-|SG001491|-|478|1|1|257|XA11TEX|-|1.0|1.0|0.0|0.0|0.0|QROCK3X8|-|1.0|1.0|103.0|96.0|-120.0|-120.0|-96.0|-96.0|384.0|384.0|384.0|384.0
UTNTSkyEdge_tnt04b_1380_0_terrain_1_0|1380|0|2|258|257|2112.0|-832.0|2176.0|-800.0|2144.22360679775|-816.4472135955|-96.0|-96.0|-96.0|QROCK3|QROCK3X8|1.0|1.0|174.55417528|96.0|3.84|rock|-|SG001502|-|479|1|0|257|XA11TEX|-|1.0|1.0|0.0|0.0|0.0|QROCK3X8|-|1.0|1.0|174.55417528|96.0|-120.0|-120.0|-96.0|-96.0|384.0|384.0|384.0|384.0
UTNTSkyEdge_tnt04b_1380_0_terrain_1_1|1380|0|2|258|257|2112.0|-832.0|2176.0|-800.0|2143.77639320225|-815.5527864045|-96.0|-96.0|-96.0|QROCK3|XA11TEX|1.0|1.0|0.0|0.0|3.84|gravel|-|SG001491|-|478|1|1|257|XA11TEX|-|1.0|1.0|0.0|0.0|0.0|QROCK3X8|-|1.0|1.0|174.55417528|96.0|-120.0|-120.0|-96.0|-96.0|384.0|384.0|384.0|384.0
UTNTSkyEdge_tnt04b_1381_0_terrain_1_0|1381|0|2|259|258|2208.0|-928.0|2240.0|-864.0|2224.4472135954998|-896.22360679775|-120.0|-120.0|-120.0|QROCK3|QROCK3X8|1.0|1.0|65.0|120.0|3.84|rock|-|SG001503|-|480|1|0|258|XA11TEX|-|1.0|1.0|0.0|0.0|0.0|QROCK3X8|-|1.0|1.0|65.0|120.0|-144.0|-144.0|-120.0|-120.0|384.0|384.0|384.0|384.0
UTNTSkyEdge_tnt04b_1381_0_terrain_1_1|1381|0|2|259|258|2208.0|-928.0|2240.0|-864.0|2223.5527864045002|-895.77639320225|-120.0|-120.0|-120.0|QROCK3|XA11TEX|1.0|1.0|0.0|0.0|3.84|gravel|-|SG001492|-|479|1|1|258|XA11TEX|-|1.0|1.0|0.0|0.0|0.0|QROCK3X8|-|1.0|1.0|65.0|120.0|-144.0|-144.0|-120.0|-120.0|384.0|384.0|384.0|384.0
UTNTSkyEdge_tnt04b_1382_1_terrain_1_0|1382|1|2|510|259|2240.0|-800.0|2208.0|-800.0|2224.0|-799.5|-144.0|-144.0|-144.0|QROCK3|QROCK3X8|1.0|1.0|167.55417528|16.0|8|rock|-|SG001424|-|427|1|0|259|XA11TEX|-|1.0|1.0|0.0|0.0|0.0|QROCK3X8|-|1.0|1.0|167.55417528|16.0|-512.0|-512.0|-144.0|-144.0|384.0|384.0|384.0|384.0
UTNTSkyEdge_tnt04b_1382_1_terrain_1_1|1382|1|2|510|259|2240.0|-800.0|2208.0|-800.0|2224.0|-800.5|-144.0|-144.0|-144.0|QROCK3|XA11TEX|1.0|1.0|0.0|0.0|8|gravel|-|SG001493|-|480|1|1|259|XA11TEX|-|1.0|1.0|0.0|0.0|0.0|QROCK3X8|-|1.0|1.0|167.55417528|16.0|-512.0|-512.0|-144.0|-144.0|384.0|384.0|384.0|384.0
UTNTSkyEdge_tnt04b_1383_0_terrain_1_0|1383|0|2|259|258|2240.0|-864.0|2208.0|-800.0|2224.4472135954998|-831.77639320225|-120.0|-120.0|-120.0|QROCK3|QROCK3X8|1.0|1.0|136.55417528|120.0|3.84|rock|-|SG001503|-|480|1|0|258|XA11TEX|-|1.0|1.0|0.0|0.0|0.0|QROCK3X8|-|1.0|1.0|136.55417528|120.0|-144.0|-144.0|-120.0|-120.0|384.0|384.0|384.0|384.0
UTNTSkyEdge_tnt04b_1383_0_terrain_1_1|1383|0|2|259|258|2240.0|-864.0|2208.0|-800.0|2223.5527864045002|-832.22360679775|-120.0|-120.0|-120.0|QROCK3|XA11TEX|1.0|1.0|0.0|0.0|3.84|gravel|-|SG001492|-|479|1|1|258|XA11TEX|-|1.0|1.0|0.0|0.0|0.0|QROCK3X8|-|1.0|1.0|136.55417528|120.0|-144.0|-144.0|-120.0|-120.0|384.0|384.0|384.0|384.0
UTNTSkyEdge_tnt04b_1384_0_terrain_1_0|1384|0|2|260|259|2304.0|-960.0|2336.0|-928.0|2320.3535533905933|-944.3535533905932|-144.0|-144.0|-144.0|QROCK3|QROCK3X8|1.0|1.0|38.0|16.0|3.84|rock|-|SG001504|-|481|1|0|259|XA11TEX|-|1.0|1.0|0.0|0.0|0.0|QROCK3X8|-|1.0|1.0|38.0|16.0|-168.0|-168.0|-144.0|-144.0|384.0|384.0|384.0|384.0
UTNTSkyEdge_tnt04b_1384_0_terrain_1_1|1384|0|2|260|259|2304.0|-960.0|2336.0|-928.0|2319.6464466094067|-943.6464466094068|-144.0|-144.0|-144.0|QROCK3|XA11TEX|1.0|1.0|0.0|0.0|3.84|gravel|-|SG001493|-|480|1|1|259|XA11TEX|-|1.0|1.0|0.0|0.0|0.0|QROCK3X8|-|1.0|1.0|38.0|16.0|-168.0|-168.0|-144.0|-144.0|384.0|384.0|384.0|384.0
UTNTSkyEdge_tnt04b_1385_0_terrain_1_0|1385|0|2|260|259|2336.0|-928.0|2368.0|-832.0|2352.474341649025|-880.1581138830085|-144.0|-144.0|-144.0|QROCK3|QROCK3X8|1.0|1.0|83.254833996|16.0|3.84|rock|-|SG001504|-|481|1|0|259|XA11TEX|-|1.0|1.0|0.0|0.0|0.0|QROCK3X8|-|1.0|1.0|83.254833996|16.0|-168.0|-168.0|-144.0|-144.0|384.0|384.0|384.0|384.0
UTNTSkyEdge_tnt04b_1385_0_terrain_1_1|1385|0|2|260|259|2336.0|-928.0|2368.0|-832.0|2351.525658350975|-879.8418861169915|-144.0|-144.0|-144.0|QROCK3|XA11TEX|1.0|1.0|0.0|0.0|3.84|gravel|-|SG001493|-|480|1|1|259|XA11TEX|-|1.0|1.0|0.0|0.0|0.0|QROCK3X8|-|1.0|1.0|83.254833996|16.0|-168.0|-168.0|-144.0|-144.0|384.0|384.0|384.0|384.0
UTNTSkyEdge_tnt04b_1386_0_terrain_1_0|1386|0|2|261|260|2400.0|-1056.0|2432.0|-992.0|2416.4472135954998|-1024.2236067977499|-168.0|-168.0|-168.0|QROCK3|QROCK3X8|1.0|1.0|59.0|40.0|3.84|rock|-|SG001505|-|482|1|0|260|XA11TEX|-|1.0|1.0|0.0|0.0|0.0|QROCK3X8|-|1.0|1.0|59.0|40.0|-192.0|-192.0|-168.0|-168.0|384.0|384.0|384.0|384.0
UTNTSkyEdge_tnt04b_1386_0_terrain_1_1|1386|0|2|261|260|2400.0|-1056.0|2432.0|-992.0|2415.5527864045002|-1023.77639320225|-168.0|-168.0|-168.0|QROCK3|XA11TEX|1.0|1.0|0.0|0.0|3.84|gravel|-|SG001494|-|481|1|1|260|XA11TEX|-|1.0|1.0|0.0|0.0|0.0|QROCK3X8|-|1.0|1.0|59.0|40.0|-192.0|-192.0|-168.0|-168.0|384.0|384.0|384.0|384.0
UTNTSkyEdge_tnt04b_1387_0_terrain_1_0|1387|0|2|261|260|2432.0|-992.0|2432.0|-864.0|2432.5|-928.0|-168.0|-168.0|-168.0|QROCK3|QROCK3X8|1.0|1.0|130.55417528|40.0|3.84|rock|-|SG001505|-|482|1|0|260|XA11TEX|-|1.0|1.0|0.0|0.0|0.0|QROCK3X8|-|1.0|1.0|130.55417528|40.0|-192.0|-192.0|-168.0|-168.0|384.0|384.0|384.0|384.0
UTNTSkyEdge_tnt04b_1387_0_terrain_1_1|1387|0|2|261|260|2432.0|-992.0|2432.0|-864.0|2431.5|-928.0|-168.0|-168.0|-168.0|QROCK3|XA11TEX|1.0|1.0|0.0|0.0|3.84|gravel|-|SG001494|-|481|1|1|260|XA11TEX|-|1.0|1.0|0.0|0.0|0.0|QROCK3X8|-|1.0|1.0|130.55417528|40.0|-192.0|-192.0|-168.0|-168.0|384.0|384.0|384.0|384.0
UTNTSkyEdge_tnt04b_1388_0_terrain_1_0|1388|0|2|262|261|2432.0|-1088.0|2528.0|-1056.0|2480.1581138830084|-1072.4743416490253|-192.0|-192.0|-192.0|QROCK3|QROCK3X8|1.0|1.0|104.0|64.0|3.84|rock|-|SG001506|-|483|1|0|261|XA11TEX|-|1.0|1.0|0.0|0.0|0.0|QROCK3X8|-|1.0|1.0|104.0|64.0|-216.0|-216.0|-192.0|-192.0|384.0|384.0|384.0|384.0
UTNTSkyEdge_tnt04b_1388_0_terrain_1_1|1388|0|2|262|261|2432.0|-1088.0|2528.0|-1056.0|2479.8418861169916|-1071.5256583509747|-192.0|-192.0|-192.0|QROCK3|XA11TEX|1.0|1.0|0.0|0.0|3.84|gravel|-|SG001495|-|482|1|1|261|XA11TEX|-|1.0|1.0|0.0|0.0|0.0|QROCK3X8|-|1.0|1.0|104.0|64.0|-216.0|-216.0|-192.0|-192.0|384.0|384.0|384.0|384.0
UTNTSkyEdge_tnt04b_1389_0_terrain_1_0|1389|0|2|262|261|2528.0|-1056.0|2592.0|-1024.0|2560.22360679775|-1040.4472135955|-192.0|-192.0|-192.0|QROCK3|QROCK3X8|1.0|1.0|205.192885125|64.0|3.84|rock|-|SG001506|-|483|1|0|261|XA11TEX|-|1.0|1.0|0.0|0.0|0.0|QROCK3X8|-|1.0|1.0|205.192885125|64.0|-216.0|-216.0|-192.0|-192.0|384.0|384.0|384.0|384.0
UTNTSkyEdge_tnt04b_1389_0_terrain_1_1|1389|0|2|262|261|2528.0|-1056.0|2592.0|-1024.0|2559.77639320225|-1039.5527864045|-192.0|-192.0|-192.0|QROCK3|XA11TEX|1.0|1.0|0.0|0.0|3.84|gravel|-|SG001495|-|482|1|1|261|XA11TEX|-|1.0|1.0|0.0|0.0|0.0|QROCK3X8|-|1.0|1.0|205.192885125|64.0|-216.0|-216.0|-192.0|-192.0|384.0|384.0|384.0|384.0
UTNTSkyEdge_tnt04b_1390_0_terrain_1_0|1390|0|2|263|262|2432.0|-1152.0|2560.0|-1152.0|2496.0|-1152.5|-216.0|-216.0|-216.0|QROCK3|QROCK3X8|1.0|1.0|40.0|88.0|3.84|rock|-|SG001426|-|429|1|0|262|XA11TEX|-|1.0|1.0|0.0|0.0|0.0|QROCK3X8|-|1.0|1.0|40.0|88.0|-240.0|-240.0|-216.0|-216.0|384.0|384.0|384.0|384.0
UTNTSkyEdge_tnt04b_1390_0_terrain_1_1|1390|0|2|263|262|2432.0|-1152.0|2560.0|-1152.0|2496.0|-1151.5|-216.0|-216.0|-216.0|QROCK3|XA11TEX|1.0|1.0|0.0|0.0|3.84|gravel|-|SG001496|-|483|1|1|262|XA11TEX|-|1.0|1.0|0.0|0.0|0.0|QROCK3X8|-|1.0|1.0|40.0|88.0|-240.0|-240.0|-216.0|-216.0|384.0|384.0|384.0|384.0
UTNTSkyEdge_tnt04b_1391_0_terrain_1_0|1391|0|2|263|262|2560.0|-1152.0|2688.0|-1120.0|2624.121267812518|-1136.4850712500727|-216.0|-216.0|-216.0|QROCK3|QROCK3X8|1.0|1.0|168.0|88.0|3.84|rock|-|SG001426|-|429|1|0|262|XA11TEX|-|1.0|1.0|0.0|0.0|0.0|QROCK3X8|-|1.0|1.0|168.0|88.0|-240.0|-240.0|-216.0|-216.0|384.0|384.0|384.0|384.0
UTNTSkyEdge_tnt04b_1391_0_terrain_1_1|1391|0|2|263|262|2560.0|-1152.0|2688.0|-1120.0|2623.878732187482|-1135.5149287499273|-216.0|-216.0|-216.0|QROCK3|XA11TEX|1.0|1.0|0.0|0.0|3.84|gravel|-|SG001496|-|483|1|1|262|XA11TEX|-|1.0|1.0|0.0|0.0|0.0|QROCK3X8|-|1.0|1.0|168.0|88.0|-240.0|-240.0|-216.0|-216.0|384.0|384.0|384.0|384.0
UTNTSkyEdge_tnt04b_1394_0_terrain_1_0|1394|0|2|510|264|1984.0|-2528.0|2048.0|-2464.0|2016.3535533905933|-2496.3535533905933|-464.0|-464.0|-464.0|QROCK3|QROCK3X8|1.0|1.0|906.672641466|208.0|7.68|rock|-|SG001424|-|427|1|0|264|XA11TEX|-|1.0|1.0|0.0|0.0|0.0|QROCK3X8|-|1.0|1.0|906.672641466|208.0|-512.0|-512.0|-464.0|-464.0|384.0|384.0|384.0|384.0
UTNTSkyEdge_tnt04b_1394_0_terrain_1_1|1394|0|2|510|264|1984.0|-2528.0|2048.0|-2464.0|2015.6464466094067|-2495.6464466094067|-464.0|-464.0|-464.0|QROCK3|XA11TEX|1.0|1.0|0.0|0.0|7.68|gravel|-|SG001507|-|485|1|1|264|XA11TEX|-|1.0|1.0|0.0|0.0|0.0|QROCK3X8|-|1.0|1.0|906.672641466|208.0|-512.0|-512.0|-464.0|-464.0|384.0|384.0|384.0|384.0
UTNTSkyEdge_tnt04b_1395_0_terrain_1_0|1395|0|2|510|264|1920.0|-2528.0|1984.0|-2528.0|1952.0|-2528.5|-464.0|-464.0|-464.0|QROCK3|QROCK3X8|1.0|1.0|842.672641466|208.0|7.68|rock|-|SG001424|-|427|1|0|264|XA11TEX|-|1.0|1.0|0.0|0.0|0.0|QROCK3X8|-|1.0|1.0|842.672641466|208.0|-512.0|-512.0|-464.0|-464.0|384.0|384.0|384.0|384.0
UTNTSkyEdge_tnt04b_1395_0_terrain_1_1|1395|0|2|510|264|1920.0|-2528.0|1984.0|-2528.0|1952.0|-2527.5|-464.0|-464.0|-464.0|QROCK3|XA11TEX|1.0|1.0|0.0|0.0|7.68|gravel|-|SG001507|-|485|1|1|264|XA11TEX|-|1.0|1.0|0.0|0.0|0.0|QROCK3X8|-|1.0|1.0|842.672641466|208.0|-512.0|-512.0|-464.0|-464.0|384.0|384.0|384.0|384.0
UTNTSkyEdge_tnt04b_1397_0_terrain_1_0|1397|0|2|510|264|1888.0|-2496.0|1920.0|-2528.0|1903.6464466094067|-2512.3535533905933|-464.0|-464.0|-464.0|QROCK3|QROCK3X8|1.0|1.0|797.41780747|208.0|7.68|rock|-|SG001424|-|427|1|0|264|XA11TEX|-|1.0|1.0|0.0|0.0|0.0|QROCK3X8|-|1.0|1.0|797.41780747|208.0|-512.0|-512.0|-464.0|-464.0|384.0|384.0|384.0|384.0
UTNTSkyEdge_tnt04b_1397_0_terrain_1_1|1397|0|2|510|264|1888.0|-2496.0|1920.0|-2528.0|1904.3535533905933|-2511.6464466094067|-464.0|-464.0|-464.0|QROCK3|XA11TEX|1.0|1.0|0.0|0.0|7.68|gravel|-|SG001507|-|485|1|1|264|XA11TEX|-|1.0|1.0|0.0|0.0|0.0|QROCK3X8|-|1.0|1.0|797.41780747|208.0|-512.0|-512.0|-464.0|-464.0|384.0|384.0|384.0|384.0
UTNTSkyEdge_tnt04b_1399_0_terrain_1_0|1399|0|2|510|264|2048.0|-2464.0|2112.0|-2464.0|2080.0|-2464.5|-464.0|-464.0|-464.0|QROCK3|QROCK3X8|1.0|1.0|997.182309457|208.0|7.68|rock|-|SG001424|-|427|1|0|264|XA11TEX|-|1.0|1.0|0.0|0.0|0.0|QROCK3X8|-|1.0|1.0|997.182309457|208.0|-512.0|-512.0|-464.0|-464.0|384.0|384.0|384.0|384.0
UTNTSkyEdge_tnt04b_1399_0_terrain_1_1|1399|0|2|510|264|2048.0|-2464.0|2112.0|-2464.0|2080.0|-2463.5|-464.0|-464.0|-464.0|QROCK3|XA11TEX|1.0|1.0|0.0|0.0|7.68|gravel|-|SG001507|-|485|1|1|264|XA11TEX|-|1.0|1.0|0.0|0.0|0.0|QROCK3X8|-|1.0|1.0|997.182309457|208.0|-512.0|-512.0|-464.0|-464.0|384.0|384.0|384.0|384.0
UTNTSkyEdge_tnt04b_1400_0_terrain_1_0|1400|0|2|510|264|1888.0|-2432.0|1888.0|-2496.0|1887.5|-2464.0|-464.0|-464.0|-464.0|QROCK3|QROCK3X8|1.0|1.0|733.41780747|208.0|7.68|rock|-|SG001424|-|427|1|0|264|XA11TEX|-|1.0|1.0|0.0|0.0|0.0|QROCK3X8|-|1.0|1.0|733.41780747|208.0|-512.0|-512.0|-464.0|-464.0|384.0|384.0|384.0|384.0
UTNTSkyEdge_tnt04b_1400_0_terrain_1_1|1400|0|2|510|264|1888.0|-2432.0|1888.0|-2496.0|1888.5|-2464.0|-464.0|-464.0|-464.0|QROCK3|XA11TEX|1.0|1.0|0.0|0.0|7.68|gravel|-|SG001507|-|485|1|1|264|XA11TEX|-|1.0|1.0|0.0|0.0|0.0|QROCK3X8|-|1.0|1.0|733.41780747|208.0|-512.0|-512.0|-464.0|-464.0|384.0|384.0|384.0|384.0
UTNTSkyEdge_tnt04b_1405_1_terrain_1_0|1405|1|2|299|298|1792.0|1536.0|1728.0|1472.0|1759.6464466094067|1504.3535533905933|-384.0|-384.0|-384.0|QROCK3|QROCK3X8|1.0|1.0|214.66252584|0.0|3.4133333333333304|rock|-|SG001508|-|486|1|0|298|XA11TEX|-|1.0|1.0|0.0|0.0|0.0|QROCK3X8|-|1.0|1.0|214.66252584|0.0|-405.3333333333333|-448.0|-384.0|-384.0|384.0|384.0|384.0|384.0
UTNTSkyEdge_tnt04b_1405_1_terrain_1_1|1405|1|2|299|298|1792.0|1536.0|1728.0|1472.0|1760.3535533905933|1503.6464466094067|-384.0|-384.0|-384.0|QROCK3|XA11TEX|1.0|1.0|0.0|0.0|3.4133333333333304|gravel|-|SG001509|-|487|1|1|298|XA11TEX|-|1.0|1.0|0.0|0.0|0.0|QROCK3X8|-|1.0|1.0|214.66252584|0.0|-405.3333333333333|-448.0|-384.0|-384.0|384.0|384.0|384.0|384.0
UTNTSkyEdge_tnt04b_1406_0_terrain_1_0|1406|0|2|298|296|1664.0|1376.0|1664.0|1408.0|1664.5|1392.0|-362.10526315789474|-367.1578947368421|-357.05263157894734|QROCK3|QROCK3X8|1.0|1.0|244.301235685|832.0|2.694736842105267|rock|-|SG001510|-|487|1|0|296|XA11TEX|-|1.0|1.0|0.0|0.0|0.0|QROCK3X8|-|1.0|1.0|244.301235685|832.0|-384.0|-384.0|-367.1578947368421|-357.05263157894734|384.0|384.0|384.0|384.0
UTNTSkyEdge_tnt04b_1406_0_terrain_1_1|1406|0|2|298|296|1664.0|1376.0|1664.0|1408.0|1663.5|1392.0|-362.10526315789474|-367.1578947368421|-357.05263157894734|QROCK3|XA11TEX|1.0|1.0|0.0|0.0|2.694736842105267|gravel|-|SG001511|-|488|1|1|296|XA11TEX|-|1.0|1.0|0.0|0.0|0.0|QROCK3X8|-|1.0|1.0|244.301235685|832.0|-384.0|-384.0|-367.1578947368421|-357.05263157894734|384.0|384.0|384.0|384.0
UTNTSkyEdge_tnt04b_1552_1_terrain_1_0|1552|1|2|510|284|1856.0|-2176.0|1728.0|-2240.0|1791.7763932022501|-2207.5527864045002|-431.1578947368421|-414.3157894736842|-448.0|QROCK3|QROCK3X8|1.0|1.0|307.377640815|192.0|8|rock|-|SG001424|-|427|1|0|284|XA11TEX|-|1.0|1.0|0.0|0.0|0.0|QROCK3X8|-|1.0|1.0|307.377640815|192.0|-512.0|-512.0|-414.3157894736842|-448.0|384.0|384.0|384.0|384.0
UTNTSkyEdge_tnt04b_1552_1_terrain_1_1|1552|1|2|510|284|1856.0|-2176.0|1728.0|-2240.0|1792.2236067977499|-2208.4472135954998|-431.1578947368421|-414.3157894736842|-448.0|QROCK3|XA11TEX|1.0|1.0|0.0|0.0|8|gravel|-|SG001512|-|489|1|1|284|XA11TEX|-|1.0|1.0|0.0|0.0|0.0|QROCK3X8|-|1.0|1.0|307.377640815|192.0|-512.0|-512.0|-414.3157894736842|-448.0|384.0|384.0|384.0|384.0
UTNTSkyEdge_tnt04b_1553_1_terrain_1_0|1553|1|2|510|284|1856.0|-2080.0|1856.0|-2176.0|1855.5|-2128.0|-419.36842105263156|-424.42105263157896|-414.3157894736842|QROCK3|QROCK3X8|1.0|1.0|211.377640815|192.0|8|rock|-|SG001424|-|427|1|0|284|XA11TEX|-|1.0|1.0|0.0|0.0|0.0|QROCK3X8|-|1.0|1.0|211.377640815|192.0|-512.0|-512.0|-424.42105263157896|-414.3157894736842|384.0|384.0|384.0|384.0
UTNTSkyEdge_tnt04b_1553_1_terrain_1_1|1553|1|2|510|284|1856.0|-2080.0|1856.0|-2176.0|1856.5|-2128.0|-419.36842105263156|-424.42105263157896|-414.3157894736842|QROCK3|XA11TEX|1.0|1.0|0.0|0.0|8|gravel|-|SG001512|-|489|1|1|284|XA11TEX|-|1.0|1.0|0.0|0.0|0.0|QROCK3X8|-|1.0|1.0|211.377640815|192.0|-512.0|-512.0|-424.42105263157896|-414.3157894736842|384.0|384.0|384.0|384.0
UTNTSkyEdge_tnt04b_1554_1_terrain_1_0|1554|1|2|510|284|1952.0|-2080.0|1856.0|-2080.0|1904.0|-2079.5|-409.2631578947368|-394.10526315789474|-424.42105263157896|QROCK3|QROCK3X8|1.0|1.0|115.377640815|192.0|8|rock|-|SG001424|-|427|1|0|284|XA11TEX|-|1.0|1.0|0.0|0.0|0.0|QROCK3X8|-|1.0|1.0|115.377640815|192.0|-512.0|-512.0|-394.10526315789474|-424.42105263157896|384.0|384.0|384.0|384.0
UTNTSkyEdge_tnt04b_1554_1_terrain_1_1|1554|1|2|510|284|1952.0|-2080.0|1856.0|-2080.0|1904.0|-2080.5|-409.2631578947368|-394.10526315789474|-424.42105263157896|QROCK3|XA11TEX|1.0|1.0|0.0|0.0|8|gravel|-|SG001512|-|489|1|1|284|XA11TEX|-|1.0|1.0|0.0|0.0|0.0|QROCK3X8|-|1.0|1.0|115.377640815|192.0|-512.0|-512.0|-394.10526315789474|-424.42105263157896|384.0|384.0|384.0|384.0
UTNTSkyEdge_tnt04b_1555_1_terrain_1_0|1555|1|2|510|284|2048.0|-2144.0|1952.0|-2080.0|2000.2773500981127|-2111.583974852831|-375.57894736842104|-357.05263157894734|-394.10526315789474|QROCK3|QROCK3X8|1.0|1.0|0.0|192.0|8|rock|-|SG001424|-|427|1|0|284|XA11TEX|-|1.0|1.0|0.0|0.0|0.0|QROCK3X8|-|1.0|1.0|0.0|192.0|-512.0|-512.0|-357.05263157894734|-394.10526315789474|384.0|384.0|384.0|384.0
UTNTSkyEdge_tnt04b_1555_1_terrain_1_1|1555|1|2|510|284|2048.0|-2144.0|1952.0|-2080.0|1999.7226499018873|-2112.416025147169|-375.57894736842104|-357.05263157894734|-394.10526315789474|QROCK3|XA11TEX|1.0|1.0|0.0|0.0|8|gravel|-|SG001512|-|489|1|1|284|XA11TEX|-|1.0|1.0|0.0|0.0|0.0|QROCK3X8|-|1.0|1.0|0.0|192.0|-512.0|-512.0|-357.05263157894734|-394.10526315789474|384.0|384.0|384.0|384.0
UTNTSkyEdge_tnt04b_1556_1_terrain_1_0|1556|1|2|510|287|2112.0|-2208.0|2048.0|-2144.0|2080.3535533905933|-2175.6464466094067|-384.0|-384.0|-384.0|QROCK3|QROCK3X8|1.0|1.0|0.0|0.0|8|rock|-|SG001424|-|427|1|0|287|XA11TEX|-|1.0|1.0|0.0|0.0|0.0|QROCK3X8|-|1.0|1.0|0.0|0.0|-512.0|-512.0|-384.0|-384.0|384.0|384.0|384.0|384.0
UTNTSkyEdge_tnt04b_1556_1_terrain_1_1|1556|1|2|510|287|2112.0|-2208.0|2048.0|-2144.0|2079.6464466094067|-2176.3535533905933|-384.0|-384.0|-384.0|QROCK3|XA11TEX|1.0|1.0|0.0|0.0|8|gravel|-|SG001513|-|490|1|1|287|XA11TEX|-|1.0|1.0|0.0|0.0|0.0|QROCK3X8|-|1.0|1.0|0.0|0.0|-512.0|-512.0|-384.0|-384.0|384.0|384.0|384.0|384.0
UTNTSkyEdge_tnt04b_1557_1_terrain_1_0|1557|1|2|510|285|2240.0|-2208.0|2112.0|-2208.0|2176.0|-2207.5|-433.77777777777777|-419.55555555555554|-448.0|QROCK3|QROCK3X8|1.0|1.0|329.132265145|192.0|8|rock|-|SG001424|-|427|1|0|285|XA11TEX|-|1.0|1.0|0.0|0.0|0.0|QROCK3X8|-|1.0|1.0|329.132265145|192.0|-512.0|-512.0|-419.55555555555554|-448.0|384.0|384.0|384.0|384.0
UTNTSkyEdge_tnt04b_1557_1_terrain_1_1|1557|1|2|510|285|2240.0|-2208.0|2112.0|-2208.0|2176.0|-2208.5|-433.77777777777777|-419.55555555555554|-448.0|QROCK3|XA11TEX|1.0|1.0|0.0|0.0|8|gravel|-|SG001514|-|491|1|1|285|XA11TEX|-|1.0|1.0|0.0|0.0|0.0|QROCK3X8|-|1.0|1.0|329.132265145|192.0|-512.0|-512.0|-419.55555555555554|-448.0|384.0|384.0|384.0|384.0
UTNTSkyEdge_tnt04b_1558_1_terrain_1_0|1558|1|2|510|285|2240.0|-2304.0|2240.0|-2208.0|2240.5|-2256.0|-398.22222222222223|-376.8888888888889|-419.55555555555554|QROCK3|QROCK3X8|1.0|1.0|233.132265145|192.0|8|rock|-|SG001424|-|427|1|0|285|XA11TEX|-|1.0|1.0|0.0|0.0|0.0|QROCK3X8|-|1.0|1.0|233.132265145|192.0|-512.0|-512.0|-376.8888888888889|-419.55555555555554|384.0|384.0|384.0|384.0
UTNTSkyEdge_tnt04b_1558_1_terrain_1_1|1558|1|2|510|285|2240.0|-2304.0|2240.0|-2208.0|2239.5|-2256.0|-398.22222222222223|-376.8888888888889|-419.55555555555554|QROCK3|XA11TEX|1.0|1.0|0.0|0.0|8|gravel|-|SG001514|-|491|1|1|285|XA11TEX|-|1.0|1.0|0.0|0.0|0.0|QROCK3X8|-|1.0|1.0|233.132265145|192.0|-512.0|-512.0|-376.8888888888889|-419.55555555555554|384.0|384.0|384.0|384.0
UTNTSkyEdge_tnt04b_1559_1_terrain_1_0|1559|1|2|510|285|2208.0|-2432.0|2240.0|-2304.0|2224.4850712500725|-2368.121267812518|-352.0|-327.1111111111111|-376.8888888888889|QROCK3|QROCK3X8|1.0|1.0|101.192885125|192.0|8|rock|-|SG001424|-|427|1|0|285|XA11TEX|-|1.0|1.0|0.0|0.0|0.0|QROCK3X8|-|1.0|1.0|101.192885125|192.0|-512.0|-512.0|-327.1111111111111|-376.8888888888889|384.0|384.0|384.0|384.0
UTNTSkyEdge_tnt04b_1559_1_terrain_1_1|1559|1|2|510|285|2208.0|-2432.0|2240.0|-2304.0|2223.5149287499275|-2367.878732187482|-352.0|-327.1111111111111|-376.8888888888889|QROCK3|XA11TEX|1.0|1.0|0.0|0.0|8|gravel|-|SG001514|-|491|1|1|285|XA11TEX|-|1.0|1.0|0.0|0.0|0.0|QROCK3X8|-|1.0|1.0|101.192885125|192.0|-512.0|-512.0|-327.1111111111111|-376.8888888888889|384.0|384.0|384.0|384.0
UTNTSkyEdge_tnt04b_1560_1_terrain_1_0|1560|1|2|510|285|2112.0|-2464.0|2208.0|-2432.0|2160.1581138830084|-2448.474341649025|-330.6666666666667|-334.22222222222223|-327.1111111111111|QROCK3|QROCK3X8|1.0|1.0|0.0|192.0|8|rock|-|SG001424|-|427|1|0|285|XA11TEX|-|1.0|1.0|0.0|0.0|0.0|QROCK3X8|-|1.0|1.0|0.0|192.0|-512.0|-512.0|-334.22222222222223|-327.1111111111111|384.0|384.0|384.0|384.0
UTNTSkyEdge_tnt04b_1560_1_terrain_1_1|1560|1|2|510|285|2112.0|-2464.0|2208.0|-2432.0|2159.8418861169916|-2447.525658350975|-330.6666666666667|-334.22222222222223|-327.1111111111111|QROCK3|XA11TEX|1.0|1.0|0.0|0.0|8|gravel|-|SG001514|-|491|1|1|285|XA11TEX|-|1.0|1.0|0.0|0.0|0.0|QROCK3X8|-|1.0|1.0|0.0|192.0|-512.0|-512.0|-334.22222222222223|-327.1111111111111|384.0|384.0|384.0|384.0
UTNTSkyEdge_tnt04b_1561_1_terrain_1_0|1561|1|2|264|285|2016.0|-2400.0|2112.0|-2464.0|2063.7226499018875|-2432.416025147169|-359.1111111111111|-384.0|-334.22222222222223|QROCK3|QROCK3X8|1.0|1.0|0.0|192.0|8|rock|-|SG001515|-|485|1|0|285|XA11TEX|-|1.0|1.0|0.0|0.0|0.0|QROCK3X8|-|1.0|1.0|0.0|192.0|-464.0|-464.0|-384.0|-334.22222222222223|384.0|384.0|384.0|384.0
UTNTSkyEdge_tnt04b_1561_1_terrain_1_1|1561|1|2|264|285|2016.0|-2400.0|2112.0|-2464.0|2064.2773500981125|-2431.583974852831|-359.1111111111111|-384.0|-334.22222222222223|QROCK3|XA11TEX|1.0|1.0|0.0|0.0|8|gravel|-|SG001514|-|491|1|1|285|XA11TEX|-|1.0|1.0|0.0|0.0|0.0|QROCK3X8|-|1.0|1.0|0.0|192.0|-464.0|-464.0|-384.0|-334.22222222222223|384.0|384.0|384.0|384.0
UTNTSkyEdge_tnt04b_1562_1_terrain_1_0|1562|1|2|264|287|1952.0|-2368.0|2016.0|-2400.0|1983.7763932022501|-2384.4472135954998|-384.0|-384.0|-384.0|QROCK3|QROCK3X8|1.0|1.0|0.0|0.0|8|rock|-|SG001515|-|485|1|0|287|XA11TEX|-|1.0|1.0|0.0|0.0|0.0|QROCK3X8|-|1.0|1.0|0.0|0.0|-464.0|-464.0|-384.0|-384.0|384.0|384.0|384.0|384.0
UTNTSkyEdge_tnt04b_1562_1_terrain_1_1|1562|1|2|264|287|1952.0|-2368.0|2016.0|-2400.0|1984.2236067977499|-2383.5527864045002|-384.0|-384.0|-384.0|QROCK3|XA11TEX|1.0|1.0|0.0|0.0|8|gravel|-|SG001513|-|490|1|1|287|XA11TEX|-|1.0|1.0|0.0|0.0|0.0|QROCK3X8|-|1.0|1.0|0.0|0.0|-464.0|-464.0|-384.0|-384.0|384.0|384.0|384.0|384.0
UTNTSkyEdge_tnt04b_1564_1_terrain_1_0|1564|1|2|510|286|1792.0|-2368.0|1888.0|-2432.0|1839.7226499018873|-2400.416025147169|-464.0|-464.0|-464.0|QROCK3|QROCK3X8|1.0|1.0|618.040166655|208.0|7.68|rock|-|SG001424|-|427|1|0|286|XA11TEX|-|1.0|1.0|0.0|0.0|0.0|QROCK3X8|-|1.0|1.0|618.040166655|208.0|-512.0|-512.0|-464.0|-464.0|384.0|384.0|384.0|384.0
UTNTSkyEdge_tnt04b_1564_1_terrain_1_1|1564|1|2|510|286|1792.0|-2368.0|1888.0|-2432.0|1840.2773500981127|-2399.583974852831|-464.0|-464.0|-464.0|QROCK3|XA11TEX|1.0|1.0|0.0|0.0|7.68|gravel|-|SG001516|-|492|1|1|286|XA11TEX|-|1.0|1.0|0.0|0.0|0.0|QROCK3X8|-|1.0|1.0|618.040166655|208.0|-512.0|-512.0|-464.0|-464.0|384.0|384.0|384.0|384.0
UTNTSkyEdge_tnt04b_1565_1_terrain_1_0|1565|1|2|510|286|1792.0|-2336.0|1792.0|-2368.0|1791.5|-2352.0|-452.0|-440.0|-464.0|QROCK3|QROCK3X8|1.0|1.0|586.040166655|208.0|7.68|rock|-|SG001424|-|427|1|0|286|XA11TEX|-|1.0|1.0|0.0|0.0|0.0|QROCK3X8|-|1.0|1.0|586.040166655|208.0|-512.0|-512.0|-440.0|-464.0|384.0|384.0|384.0|384.0
UTNTSkyEdge_tnt04b_1565_1_terrain_1_1|1565|1|2|510|286|1792.0|-2336.0|1792.0|-2368.0|1792.5|-2352.0|-452.0|-440.0|-464.0|QROCK3|XA11TEX|1.0|1.0|0.0|0.0|7.68|gravel|-|SG001516|-|492|1|1|286|XA11TEX|-|1.0|1.0|0.0|0.0|0.0|QROCK3X8|-|1.0|1.0|586.040166655|208.0|-512.0|-512.0|-440.0|-464.0|384.0|384.0|384.0|384.0
UTNTSkyEdge_tnt04b_1566_1_terrain_1_0|1566|1|2|510|286|1792.0|-2272.0|1792.0|-2336.0|1791.5|-2304.0|-416.0|-392.0|-440.0|QROCK3|QROCK3X8|1.0|1.0|522.040166655|208.0|8|rock|-|SG001424|-|427|1|0|286|XA11TEX|-|1.0|1.0|0.0|0.0|0.0|QROCK3X8|-|1.0|1.0|522.040166655|208.0|-512.0|-512.0|-392.0|-440.0|384.0|384.0|384.0|384.0
UTNTSkyEdge_tnt04b_1566_1_terrain_1_1|1566|1|2|510|286|1792.0|-2272.0|1792.0|-2336.0|1792.5|-2304.0|-416.0|-392.0|-440.0|QROCK3|XA11TEX|1.0|1.0|0.0|0.0|8|gravel|-|SG001516|-|492|1|1|286|XA11TEX|-|1.0|1.0|0.0|0.0|0.0|QROCK3X8|-|1.0|1.0|522.040166655|208.0|-512.0|-512.0|-392.0|-440.0|384.0|384.0|384.0|384.0
UTNTSkyEdge_tnt04b_1567_1_terrain_1_0|1567|1|2|510|284|1728.0|-2240.0|1792.0|-2272.0|1759.7763932022501|-2256.4472135954998|-436.2105263157895|-448.0|-424.42105263157896|QROCK3|QROCK3X8|1.0|1.0|450.485991375|192.0|8|rock|-|SG001424|-|427|1|0|284|XA11TEX|-|1.0|1.0|0.0|0.0|0.0|QROCK3X8|-|1.0|1.0|450.485991375|192.0|-512.0|-512.0|-448.0|-424.42105263157896|384.0|384.0|384.0|384.0
UTNTSkyEdge_tnt04b_1567_1_terrain_1_1|1567|1|2|510|284|1728.0|-2240.0|1792.0|-2272.0|1760.2236067977499|-2255.5527864045002|-436.2105263157895|-448.0|-424.42105263157896|QROCK3|XA11TEX|1.0|1.0|0.0|0.0|8|gravel|-|SG001512|-|489|1|1|284|XA11TEX|-|1.0|1.0|0.0|0.0|0.0|QROCK3X8|-|1.0|1.0|450.485991375|192.0|-512.0|-512.0|-448.0|-424.42105263157896|384.0|384.0|384.0|384.0
UTNTSkyEdge_tnt04b_1568_1_terrain_1_0|1568|1|2|284|286|1856.0|-2304.0|1792.0|-2272.0|1824.2236067977499|-2287.5527864045002|-388.0|-384.0|-392.0|QROCK3|QROCK3X8|1.0|1.0|0.0|80.0|2.694736842105267|rock|-|SG001517|-|489|1|0|286|XA11TEX|-|1.0|1.0|0.0|0.0|0.0|QROCK3X8|-|1.0|1.0|0.0|80.0|-400.8421052631579|-424.42105263157896|-384.0|-392.0|384.0|384.0|384.0|384.0
UTNTSkyEdge_tnt04b_1568_1_terrain_1_1|1568|1|2|284|286|1856.0|-2304.0|1792.0|-2272.0|1823.7763932022501|-2288.4472135954998|-388.0|-384.0|-392.0|QROCK3|XA11TEX|1.0|1.0|0.0|0.0|2.694736842105267|gravel|-|SG001516|-|492|1|1|286|XA11TEX|-|1.0|1.0|0.0|0.0|0.0|QROCK3X8|-|1.0|1.0|0.0|80.0|-400.8421052631579|-424.42105263157896|-384.0|-392.0|384.0|384.0|384.0|384.0
UTNTSkyEdge_tnt04b_1572_0_terrain_1_0|1572|0|2|287|284|2016.0|-2144.0|2048.0|-2144.0|2032.0|-2144.5|-362.10526315789474|-367.1578947368421|-357.05263157894734|QROCK3|QROCK3X8|1.0|1.0|244.301235685|832.0|2.694736842105267|rock|-|SG001518|-|490|1|0|284|XA11TEX|-|1.0|1.0|0.0|0.0|0.0|QROCK3X8|-|1.0|1.0|244.301235685|832.0|-384.0|-384.0|-367.1578947368421|-357.05263157894734|384.0|384.0|384.0|384.0
UTNTSkyEdge_tnt04b_1572_0_terrain_1_1|1572|0|2|287|284|2016.0|-2144.0|2048.0|-2144.0|2032.0|-2143.5|-362.10526315789474|-367.1578947368421|-357.05263157894734|QROCK3|XA11TEX|1.0|1.0|0.0|0.0|2.694736842105267|gravel|-|SG001512|-|489|1|1|284|XA11TEX|-|1.0|1.0|0.0|0.0|0.0|QROCK3X8|-|1.0|1.0|244.301235685|832.0|-384.0|-384.0|-367.1578947368421|-357.05263157894734|384.0|384.0|384.0|384.0
UTNTSkyEdge_tnt04b_1573_1_terrain_1_0|1573|1|2|285|287|2176.0|-2272.0|2112.0|-2208.0|2144.3535533905933|-2239.6464466094067|-384.0|-384.0|-384.0|QROCK3|QROCK3X8|1.0|1.0|214.66252584|0.0|3.4133333333333304|rock|-|SG001519|-|491|1|0|287|XA11TEX|-|1.0|1.0|0.0|0.0|0.0|QROCK3X8|-|1.0|1.0|214.66252584|0.0|-405.3333333333333|-448.0|-384.0|-384.0|384.0|384.0|384.0|384.0
UTNTSkyEdge_tnt04b_1573_1_terrain_1_1|1573|1|2|285|287|2176.0|-2272.0|2112.0|-2208.0|2143.6464466094067|-2240.3535533905933|-384.0|-384.0|-384.0|QROCK3|XA11TEX|1.0|1.0|0.0|0.0|3.4133333333333304|gravel|-|SG001513|-|490|1|1|287|XA11TEX|-|1.0|1.0|0.0|0.0|0.0|QROCK3X8|-|1.0|1.0|214.66252584|0.0|-405.3333333333333|-448.0|-384.0|-384.0|384.0|384.0|384.0|384.0
UTNTSkyEdge_tnt04b_1578_1_terrain_1_0|1578|1|2|510|288|4064.0|-2208.0|4000.0|-2080.0|4032.4472135954998|-2143.77639320225|-431.1578947368421|-414.3157894736842|-448.0|QROCK3|QROCK3X8|1.0|1.0|307.377640815|192.0|8|rock|-|SG001424|-|427|1|0|288|XA11TEX|-|1.0|1.0|0.0|0.0|0.0|QROCK3X8|-|1.0|1.0|307.377640815|192.0|-512.0|-512.0|-414.3157894736842|-448.0|384.0|384.0|384.0|384.0
UTNTSkyEdge_tnt04b_1578_1_terrain_1_1|1578|1|2|510|288|4064.0|-2208.0|4000.0|-2080.0|4031.5527864045002|-2144.22360679775|-431.1578947368421|-414.3157894736842|-448.0|QROCK3|XA11TEX|1.0|1.0|0.0|0.0|8|gravel|-|SG001520|-|493|1|1|288|XA11TEX|-|1.0|1.0|0.0|0.0|0.0|QROCK3X8|-|1.0|1.0|307.377640815|192.0|-512.0|-512.0|-414.3157894736842|-448.0|384.0|384.0|384.0|384.0
UTNTSkyEdge_tnt04b_1579_1_terrain_1_0|1579|1|2|510|288|4160.0|-2208.0|4064.0|-2208.0|4112.0|-2207.5|-419.36842105263156|-424.42105263157896|-414.3157894736842|QROCK3|QROCK3X8|1.0|1.0|211.377640815|192.0|8|rock|-|SG001424|-|427|1|0|288|XA11TEX|-|1.0|1.0|0.0|0.0|0.0|QROCK3X8|-|1.0|1.0|211.377640815|192.0|-512.0|-512.0|-424.42105263157896|-414.3157894736842|384.0|384.0|384.0|384.0
UTNTSkyEdge_tnt04b_1579_1_terrain_1_1|1579|1|2|510|288|4160.0|-2208.0|4064.0|-2208.0|4112.0|-2208.5|-419.36842105263156|-424.42105263157896|-414.3157894736842|QROCK3|XA11TEX|1.0|1.0|0.0|0.0|8|gravel|-|SG001520|-|493|1|1|288|XA11TEX|-|1.0|1.0|0.0|0.0|0.0|QROCK3X8|-|1.0|1.0|211.377640815|192.0|-512.0|-512.0|-424.42105263157896|-414.3157894736842|384.0|384.0|384.0|384.0
UTNTSkyEdge_tnt04b_1580_1_terrain_1_0|1580|1|2|510|288|4160.0|-2304.0|4160.0|-2208.0|4160.5|-2256.0|-409.2631578947368|-394.10526315789474|-424.42105263157896|QROCK3|QROCK3X8|1.0|1.0|115.377640815|192.0|8|rock|-|SG001424|-|427|1|0|288|XA11TEX|-|1.0|1.0|0.0|0.0|0.0|QROCK3X8|-|1.0|1.0|115.377640815|192.0|-512.0|-512.0|-394.10526315789474|-424.42105263157896|384.0|384.0|384.0|384.0
UTNTSkyEdge_tnt04b_1580_1_terrain_1_1|1580|1|2|510|288|4160.0|-2304.0|4160.0|-2208.0|4159.5|-2256.0|-409.2631578947368|-394.10526315789474|-424.42105263157896|QROCK3|XA11TEX|1.0|1.0|0.0|0.0|8|gravel|-|SG001520|-|493|1|1|288|XA11TEX|-|1.0|1.0|0.0|0.0|0.0|QROCK3X8|-|1.0|1.0|115.377640815|192.0|-512.0|-512.0|-394.10526315789474|-424.42105263157896|384.0|384.0|384.0|384.0
UTNTSkyEdge_tnt04b_1581_1_terrain_1_0|1581|1|2|510|288|4096.0|-2400.0|4160.0|-2304.0|4128.4160251471685|-2352.2773500981125|-375.57894736842104|-357.05263157894734|-394.10526315789474|QROCK3|QROCK3X8|1.0|1.0|0.0|192.0|8|rock|-|SG001424|-|427|1|0|288|XA11TEX|-|1.0|1.0|0.0|0.0|0.0|QROCK3X8|-|1.0|1.0|0.0|192.0|-512.0|-512.0|-357.05263157894734|-394.10526315789474|384.0|384.0|384.0|384.0
UTNTSkyEdge_tnt04b_1581_1_terrain_1_1|1581|1|2|510|288|4096.0|-2400.0|4160.0|-2304.0|4127.5839748528315|-2351.7226499018875|-375.57894736842104|-357.05263157894734|-394.10526315789474|QROCK3|XA11TEX|1.0|1.0|0.0|0.0|8|gravel|-|SG001520|-|493|1|1|288|XA11TEX|-|1.0|1.0|0.0|0.0|0.0|QROCK3X8|-|1.0|1.0|0.0|192.0|-512.0|-512.0|-357.05263157894734|-394.10526315789474|384.0|384.0|384.0|384.0
UTNTSkyEdge_tnt04b_1582_1_terrain_1_0|1582|1|2|510|290|4032.0|-2464.0|4096.0|-2400.0|4064.3535533905933|-2432.3535533905933|-384.0|-384.0|-384.0|QROCK3|QROCK3X8|1.0|1.0|0.0|0.0|8|rock|-|SG001424|-|427|1|0|290|XA11TEX|-|1.0|1.0|0.0|0.0|0.0|QROCK3X8|-|1.0|1.0|0.0|0.0|-512.0|-512.0|-384.0|-384.0|384.0|384.0|384.0|384.0
UTNTSkyEdge_tnt04b_1582_1_terrain_1_1|1582|1|2|510|290|4032.0|-2464.0|4096.0|-2400.0|4063.6464466094067|-2431.6464466094067|-384.0|-384.0|-384.0|QROCK3|XA11TEX|1.0|1.0|0.0|0.0|8|gravel|-|SG001521|-|494|1|1|290|XA11TEX|-|1.0|1.0|0.0|0.0|0.0|QROCK3X8|-|1.0|1.0|0.0|0.0|-512.0|-512.0|-384.0|-384.0|384.0|384.0|384.0|384.0
UTNTSkyEdge_tnt04b_1583_1_terrain_1_0|1583|1|2|510|291|4032.0|-2592.0|4032.0|-2464.0|4032.5|-2528.0|-433.77777777777777|-419.55555555555554|-448.0|QROCK3|QROCK3X8|1.0|1.0|444.50990596|192.0|8|rock|-|SG001424|-|427|1|0|291|XA11TEX|-|1.0|1.0|0.0|0.0|0.0|QROCK3X8|-|1.0|1.0|444.50990596|192.0|-512.0|-512.0|-419.55555555555554|-448.0|384.0|384.0|384.0|384.0
UTNTSkyEdge_tnt04b_1583_1_terrain_1_1|1583|1|2|510|291|4032.0|-2592.0|4032.0|-2464.0|4031.5|-2528.0|-433.77777777777777|-419.55555555555554|-448.0|QROCK3|XA11TEX|1.0|1.0|0.0|0.0|8|gravel|-|SG001522|-|495|1|1|291|XA11TEX|-|1.0|1.0|0.0|0.0|0.0|QROCK3X8|-|1.0|1.0|444.50990596|192.0|-512.0|-512.0|-419.55555555555554|-448.0|384.0|384.0|384.0|384.0
UTNTSkyEdge_tnt04b_1584_1_terrain_1_0|1584|1|2|510|291|3936.0|-2592.0|4032.0|-2592.0|3984.0|-2592.5|-398.22222222222223|-376.8888888888889|-419.55555555555554|QROCK3|QROCK3X8|1.0|1.0|348.50990596|192.0|8|rock|-|SG001424|-|427|1|0|291|XA11TEX|-|1.0|1.0|0.0|0.0|0.0|QROCK3X8|-|1.0|1.0|348.50990596|192.0|-512.0|-512.0|-376.8888888888889|-419.55555555555554|384.0|384.0|384.0|384.0
UTNTSkyEdge_tnt04b_1584_1_terrain_1_1|1584|1|2|510|291|3936.0|-2592.0|4032.0|-2592.0|3984.0|-2591.5|-398.22222222222223|-376.8888888888889|-419.55555555555554|QROCK3|XA11TEX|1.0|1.0|0.0|0.0|8|gravel|-|SG001522|-|495|1|1|291|XA11TEX|-|1.0|1.0|0.0|0.0|0.0|QROCK3X8|-|1.0|1.0|348.50990596|192.0|-512.0|-512.0|-376.8888888888889|-419.55555555555554|384.0|384.0|384.0|384.0
UTNTSkyEdge_tnt04b_1585_1_terrain_1_0|1585|1|2|510|291|3808.0|-2560.0|3936.0|-2592.0|3871.878732187482|-2576.4850712500725|-352.0|-327.1111111111111|-376.8888888888889|QROCK3|QROCK3X8|1.0|1.0|216.57052594|192.0|8|rock|-|SG001424|-|427|1|0|291|XA11TEX|-|1.0|1.0|0.0|0.0|0.0|QROCK3X8|-|1.0|1.0|216.57052594|192.0|-512.0|-512.0|-327.1111111111111|-376.8888888888889|384.0|384.0|384.0|384.0
UTNTSkyEdge_tnt04b_1585_1_terrain_1_1|1585|1|2|510|291|3808.0|-2560.0|3936.0|-2592.0|3872.121267812518|-2575.5149287499275|-352.0|-327.1111111111111|-376.8888888888889|QROCK3|XA11TEX|1.0|1.0|0.0|0.0|8|gravel|-|SG001522|-|495|1|1|291|XA11TEX|-|1.0|1.0|0.0|0.0|0.0|QROCK3X8|-|1.0|1.0|216.57052594|192.0|-512.0|-512.0|-327.1111111111111|-376.8888888888889|384.0|384.0|384.0|384.0
UTNTSkyEdge_tnt04b_1586_1_terrain_1_0|1586|1|2|510|291|3776.0|-2464.0|3808.0|-2560.0|3791.525658350975|-2512.1581138830084|-330.6666666666667|-334.22222222222223|-327.1111111111111|QROCK3|QROCK3X8|1.0|1.0|115.377640815|192.0|8|rock|-|SG001424|-|427|1|0|291|XA11TEX|-|1.0|1.0|0.0|0.0|0.0|QROCK3X8|-|1.0|1.0|115.377640815|192.0|-512.0|-512.0|-334.22222222222223|-327.1111111111111|384.0|384.0|384.0|384.0
UTNTSkyEdge_tnt04b_1586_1_terrain_1_1|1586|1|2|510|291|3776.0|-2464.0|3808.0|-2560.0|3792.474341649025|-2511.8418861169916|-330.6666666666667|-334.22222222222223|-327.1111111111111|QROCK3|XA11TEX|1.0|1.0|0.0|0.0|8|gravel|-|SG001522|-|495|1|1|291|XA11TEX|-|1.0|1.0|0.0|0.0|0.0|QROCK3X8|-|1.0|1.0|115.377640815|192.0|-512.0|-512.0|-334.22222222222223|-327.1111111111111|384.0|384.0|384.0|384.0
UTNTSkyEdge_tnt04b_1587_1_terrain_1_0|1587|1|2|510|291|3840.0|-2368.0|3776.0|-2464.0|3807.583974852831|-2415.7226499018875|-359.1111111111111|-384.0|-334.22222222222223|QROCK3|QROCK3X8|1.0|1.0|0.0|192.0|8|rock|-|SG001424|-|427|1|0|291|XA11TEX|-|1.0|1.0|0.0|0.0|0.0|QROCK3X8|-|1.0|1.0|0.0|192.0|-512.0|-512.0|-384.0|-334.22222222222223|384.0|384.0|384.0|384.0
UTNTSkyEdge_tnt04b_1587_1_terrain_1_1|1587|1|2|510|291|3840.0|-2368.0|3776.0|-2464.0|3808.416025147169|-2416.2773500981125|-359.1111111111111|-384.0|-334.22222222222223|QROCK3|XA11TEX|1.0|1.0|0.0|0.0|8|gravel|-|SG001522|-|495|1|1|291|XA11TEX|-|1.0|1.0|0.0|0.0|0.0|QROCK3X8|-|1.0|1.0|0.0|192.0|-512.0|-512.0|-384.0|-334.22222222222223|384.0|384.0|384.0|384.0
UTNTSkyEdge_tnt04b_1588_1_terrain_1_0|1588|1|2|510|290|3872.0|-2304.0|3840.0|-2368.0|3855.5527864045002|-2335.77639320225|-384.0|-384.0|-384.0|QROCK3|QROCK3X8|1.0|1.0|823.927475462|128.0|8|rock|-|SG001424|-|427|1|0|290|XA11TEX|-|1.0|1.0|0.0|0.0|0.0|QROCK3X8|-|1.0|1.0|823.927475462|128.0|-512.0|-512.0|-384.0|-384.0|384.0|384.0|384.0|384.0
UTNTSkyEdge_tnt04b_1588_1_terrain_1_1|1588|1|2|510|290|3872.0|-2304.0|3840.0|-2368.0|3856.4472135954998|-2336.22360679775|-384.0|-384.0|-384.0|QROCK3|XA11TEX|1.0|1.0|0.0|0.0|8|gravel|-|SG001521|-|494|1|1|290|XA11TEX|-|1.0|1.0|0.0|0.0|0.0|QROCK3X8|-|1.0|1.0|823.927475462|128.0|-512.0|-512.0|-384.0|-384.0|384.0|384.0|384.0|384.0
UTNTSkyEdge_tnt04b_1589_1_terrain_1_0|1589|1|2|510|289|3808.0|-2240.0|3872.0|-2304.0|3839.6464466094067|-2272.3535533905933|-424.0|-464.0|-384.0|QROCK3|QROCK3X8|1.0|1.0|733.41780747|208.0|7.68|rock|-|SG001424|-|427|1|0|289|XA11TEX|-|1.0|1.0|0.0|0.0|0.0|QROCK3X8|-|1.0|1.0|733.41780747|208.0|-512.0|-512.0|-464.0|-384.0|384.0|384.0|384.0|384.0
UTNTSkyEdge_tnt04b_1589_1_terrain_1_1|1589|1|2|510|289|3808.0|-2240.0|3872.0|-2304.0|3840.3535533905933|-2271.6464466094067|-424.0|-464.0|-384.0|QROCK3|XA11TEX|1.0|1.0|0.0|0.0|7.68|gravel|-|SG001523|-|496|1|1|289|XA11TEX|-|1.0|1.0|0.0|0.0|0.0|QROCK3X8|-|1.0|1.0|733.41780747|208.0|-512.0|-512.0|-464.0|-384.0|384.0|384.0|384.0|384.0
UTNTSkyEdge_tnt04b_1590_1_terrain_1_0|1590|1|2|510|289|3872.0|-2144.0|3808.0|-2240.0|3839.583974852831|-2191.7226499018875|-464.0|-464.0|-464.0|QROCK3|QROCK3X8|1.0|1.0|618.040166655|208.0|7.68|rock|-|SG001424|-|427|1|0|289|XA11TEX|-|1.0|1.0|0.0|0.0|0.0|QROCK3X8|-|1.0|1.0|618.040166655|208.0|-512.0|-512.0|-464.0|-464.0|384.0|384.0|384.0|384.0
UTNTSkyEdge_tnt04b_1590_1_terrain_1_1|1590|1|2|510|289|3872.0|-2144.0|3808.0|-2240.0|3840.416025147169|-2192.2773500981125|-464.0|-464.0|-464.0|QROCK3|XA11TEX|1.0|1.0|0.0|0.0|7.68|gravel|-|SG001523|-|496|1|1|289|XA11TEX|-|1.0|1.0|0.0|0.0|0.0|QROCK3X8|-|1.0|1.0|618.040166655|208.0|-512.0|-512.0|-464.0|-464.0|384.0|384.0|384.0|384.0
UTNTSkyEdge_tnt04b_1591_1_terrain_1_0|1591|1|2|510|289|3904.0|-2144.0|3872.0|-2144.0|3888.0|-2143.5|-452.0|-440.0|-464.0|QROCK3|QROCK3X8|1.0|1.0|586.040166655|208.0|7.68|rock|-|SG001424|-|427|1|0|289|XA11TEX|-|1.0|1.0|0.0|0.0|0.0|QROCK3X8|-|1.0|1.0|586.040166655|208.0|-512.0|-512.0|-440.0|-464.0|384.0|384.0|384.0|384.0
UTNTSkyEdge_tnt04b_1591_1_terrain_1_1|1591|1|2|510|289|3904.0|-2144.0|3872.0|-2144.0|3888.0|-2144.5|-452.0|-440.0|-464.0|QROCK3|XA11TEX|1.0|1.0|0.0|0.0|7.68|gravel|-|SG001523|-|496|1|1|289|XA11TEX|-|1.0|1.0|0.0|0.0|0.0|QROCK3X8|-|1.0|1.0|586.040166655|208.0|-512.0|-512.0|-440.0|-464.0|384.0|384.0|384.0|384.0
UTNTSkyEdge_tnt04b_1592_1_terrain_1_0|1592|1|2|510|289|3968.0|-2144.0|3904.0|-2144.0|3936.0|-2143.5|-416.0|-392.0|-440.0|QROCK3|QROCK3X8|1.0|1.0|522.040166655|208.0|8|rock|-|SG001424|-|427|1|0|289|XA11TEX|-|1.0|1.0|0.0|0.0|0.0|QROCK3X8|-|1.0|1.0|522.040166655|208.0|-512.0|-512.0|-392.0|-440.0|384.0|384.0|384.0|384.0
UTNTSkyEdge_tnt04b_1592_1_terrain_1_1|1592|1|2|510|289|3968.0|-2144.0|3904.0|-2144.0|3936.0|-2144.5|-416.0|-392.0|-440.0|QROCK3|XA11TEX|1.0|1.0|0.0|0.0|8|gravel|-|SG001523|-|496|1|1|289|XA11TEX|-|1.0|1.0|0.0|0.0|0.0|QROCK3X8|-|1.0|1.0|522.040166655|208.0|-512.0|-512.0|-392.0|-440.0|384.0|384.0|384.0|384.0
UTNTSkyEdge_tnt04b_1593_1_terrain_1_0|1593|1|2|510|288|4000.0|-2080.0|3968.0|-2144.0|3983.5527864045002|-2111.77639320225|-436.2105263157895|-448.0|-424.42105263157896|QROCK3|QROCK3X8|1.0|1.0|450.485991375|192.0|8|rock|-|SG001424|-|427|1|0|288|XA11TEX|-|1.0|1.0|0.0|0.0|0.0|QROCK3X8|-|1.0|1.0|450.485991375|192.0|-512.0|-512.0|-448.0|-424.42105263157896|384.0|384.0|384.0|384.0
UTNTSkyEdge_tnt04b_1593_1_terrain_1_1|1593|1|2|510|288|4000.0|-2080.0|3968.0|-2144.0|3984.4472135954998|-2112.22360679775|-436.2105263157895|-448.0|-424.42105263157896|QROCK3|XA11TEX|1.0|1.0|0.0|0.0|8|gravel|-|SG001520|-|493|1|1|288|XA11TEX|-|1.0|1.0|0.0|0.0|0.0|QROCK3X8|-|1.0|1.0|450.485991375|192.0|-512.0|-512.0|-448.0|-424.42105263157896|384.0|384.0|384.0|384.0
UTNTSkyEdge_tnt04b_1594_1_terrain_1_0|1594|1|2|288|289|3936.0|-2208.0|3968.0|-2144.0|3952.4472135954998|-2176.22360679775|-388.0|-384.0|-392.0|QROCK3|QROCK3X8|1.0|1.0|71.55417528|80.0|2.694736842105267|rock|-|SG001524|-|493|1|0|289|XA11TEX|-|1.0|1.0|0.0|0.0|0.0|QROCK3X8|-|1.0|1.0|71.55417528|80.0|-400.8421052631579|-424.42105263157896|-384.0|-392.0|384.0|384.0|384.0|384.0
UTNTSkyEdge_tnt04b_1594_1_terrain_1_1|1594|1|2|288|289|3936.0|-2208.0|3968.0|-2144.0|3951.5527864045002|-2175.77639320225|-388.0|-384.0|-392.0|QROCK3|XA11TEX|1.0|1.0|0.0|0.0|2.694736842105267|gravel|-|SG001523|-|496|1|1|289|XA11TEX|-|1.0|1.0|0.0|0.0|0.0|QROCK3X8|-|1.0|1.0|71.55417528|80.0|-400.8421052631579|-424.42105263157896|-384.0|-392.0|384.0|384.0|384.0|384.0
UTNTSkyEdge_tnt04b_1598_0_terrain_1_0|1598|0|2|290|288|4096.0|-2368.0|4096.0|-2400.0|4095.5|-2384.0|-362.10526315789474|-367.1578947368421|-357.05263157894734|QROCK3|QROCK3X8|1.0|1.0|244.301235685|832.0|2.694736842105267|rock|-|SG001525|-|494|1|0|288|XA11TEX|-|1.0|1.0|0.0|0.0|0.0|QROCK3X8|-|1.0|1.0|244.301235685|832.0|-384.0|-384.0|-367.1578947368421|-357.05263157894734|384.0|384.0|384.0|384.0
UTNTSkyEdge_tnt04b_1598_0_terrain_1_1|1598|0|2|290|288|4096.0|-2368.0|4096.0|-2400.0|4096.5|-2384.0|-362.10526315789474|-367.1578947368421|-357.05263157894734|QROCK3|XA11TEX|1.0|1.0|0.0|0.0|2.694736842105267|gravel|-|SG001520|-|493|1|1|288|XA11TEX|-|1.0|1.0|0.0|0.0|0.0|QROCK3X8|-|1.0|1.0|244.301235685|832.0|-384.0|-384.0|-367.1578947368421|-357.05263157894734|384.0|384.0|384.0|384.0
UTNTSkyEdge_tnt04b_1599_1_terrain_1_0|1599|1|2|291|290|3968.0|-2528.0|4032.0|-2464.0|4000.3535533905933|-2496.3535533905933|-384.0|-384.0|-384.0|QROCK3|QROCK3X8|1.0|1.0|71.55417528|0.0|3.4133333333333304|rock|-|SG001526|-|495|1|0|290|XA11TEX|-|1.0|1.0|0.0|0.0|0.0|QROCK3X8|-|1.0|1.0|71.55417528|0.0|-405.3333333333333|-448.0|-384.0|-384.0|384.0|384.0|384.0|384.0
UTNTSkyEdge_tnt04b_1599_1_terrain_1_1|1599|1|2|291|290|3968.0|-2528.0|4032.0|-2464.0|3999.6464466094067|-2495.6464466094067|-384.0|-384.0|-384.0|QROCK3|XA11TEX|1.0|1.0|0.0|0.0|3.4133333333333304|gravel|-|SG001521|-|494|1|1|290|XA11TEX|-|1.0|1.0|0.0|0.0|0.0|QROCK3X8|-|1.0|1.0|71.55417528|0.0|-405.3333333333333|-448.0|-384.0|-384.0|384.0|384.0|384.0|384.0
UTNTSkyEdge_tnt04b_1604_1_terrain_1_0|1604|1|2|510|292|3584.0|1504.0|3456.0|1440.0|3519.77639320225|1472.4472135955|-431.1578947368421|-414.3157894736842|-448.0|QROCK3|QROCK3X8|1.0|1.0|307.377640815|192.0|8|rock|-|SG001424|-|427|1|0|292|XA11TEX|-|1.0|1.0|0.0|0.0|0.0|QROCK3X8|-|1.0|1.0|307.377640815|192.0|-512.0|-512.0|-414.3157894736842|-448.0|384.0|384.0|384.0|384.0
UTNTSkyEdge_tnt04b_1604_1_terrain_1_1|1604|1|2|510|292|3584.0|1504.0|3456.0|1440.0|3520.22360679775|1471.5527864045|-431.1578947368421|-414.3157894736842|-448.0|QROCK3|XA11TEX|1.0|1.0|0.0|0.0|8|gravel|-|SG001527|-|497|1|1|292|XA11TEX|-|1.0|1.0|0.0|0.0|0.0|QROCK3X8|-|1.0|1.0|307.377640815|192.0|-512.0|-512.0|-414.3157894736842|-448.0|384.0|384.0|384.0|384.0
UTNTSkyEdge_tnt04b_1605_1_terrain_1_0|1605|1|2|510|292|3584.0|1600.0|3584.0|1504.0|3583.5|1552.0|-419.36842105263156|-424.42105263157896|-414.3157894736842|QROCK3|QROCK3X8|1.0|1.0|211.377640815|192.0|8|rock|-|SG001424|-|427|1|0|292|XA11TEX|-|1.0|1.0|0.0|0.0|0.0|QROCK3X8|-|1.0|1.0|211.377640815|192.0|-512.0|-512.0|-424.42105263157896|-414.3157894736842|384.0|384.0|384.0|384.0
UTNTSkyEdge_tnt04b_1605_1_terrain_1_1|1605|1|2|510|292|3584.0|1600.0|3584.0|1504.0|3584.5|1552.0|-419.36842105263156|-424.42105263157896|-414.3157894736842|QROCK3|XA11TEX|1.0|1.0|0.0|0.0|8|gravel|-|SG001527|-|497|1|1|292|XA11TEX|-|1.0|1.0|0.0|0.0|0.0|QROCK3X8|-|1.0|1.0|211.377640815|192.0|-512.0|-512.0|-424.42105263157896|-414.3157894736842|384.0|384.0|384.0|384.0
UTNTSkyEdge_tnt04b_1606_1_terrain_1_0|1606|1|2|510|292|3680.0|1600.0|3584.0|1600.0|3632.0|1600.5|-409.2631578947368|-394.10526315789474|-424.42105263157896|QROCK3|QROCK3X8|1.0|1.0|115.377640815|192.0|8|rock|-|SG001424|-|427|1|0|292|XA11TEX|-|1.0|1.0|0.0|0.0|0.0|QROCK3X8|-|1.0|1.0|115.377640815|192.0|-512.0|-512.0|-394.10526315789474|-424.42105263157896|384.0|384.0|384.0|384.0
UTNTSkyEdge_tnt04b_1606_1_terrain_1_1|1606|1|2|510|292|3680.0|1600.0|3584.0|1600.0|3632.0|1599.5|-409.2631578947368|-394.10526315789474|-424.42105263157896|QROCK3|XA11TEX|1.0|1.0|0.0|0.0|8|gravel|-|SG001527|-|497|1|1|292|XA11TEX|-|1.0|1.0|0.0|0.0|0.0|QROCK3X8|-|1.0|1.0|115.377640815|192.0|-512.0|-512.0|-394.10526315789474|-424.42105263157896|384.0|384.0|384.0|384.0
UTNTSkyEdge_tnt04b_1607_1_terrain_1_0|1607|1|2|510|292|3776.0|1536.0|3680.0|1600.0|3728.2773500981125|1568.416025147169|-375.57894736842104|-357.05263157894734|-394.10526315789474|QROCK3|QROCK3X8|1.0|1.0|0.0|192.0|8|rock|-|SG001424|-|427|1|0|292|XA11TEX|-|1.0|1.0|0.0|0.0|0.0|QROCK3X8|-|1.0|1.0|0.0|192.0|-512.0|-512.0|-357.05263157894734|-394.10526315789474|384.0|384.0|384.0|384.0
UTNTSkyEdge_tnt04b_1607_1_terrain_1_1|1607|1|2|510|292|3776.0|1536.0|3680.0|1600.0|3727.7226499018875|1567.583974852831|-375.57894736842104|-357.05263157894734|-394.10526315789474|QROCK3|XA11TEX|1.0|1.0|0.0|0.0|8|gravel|-|SG001527|-|497|1|1|292|XA11TEX|-|1.0|1.0|0.0|0.0|0.0|QROCK3X8|-|1.0|1.0|0.0|192.0|-512.0|-512.0|-357.05263157894734|-394.10526315789474|384.0|384.0|384.0|384.0
UTNTSkyEdge_tnt04b_1608_1_terrain_1_0|1608|1|2|510|294|3840.0|1472.0|3776.0|1536.0|3808.3535533905933|1504.3535533905933|-384.0|-384.0|-384.0|QROCK3|QROCK3X8|1.0|1.0|0.0|0.0|8|rock|-|SG001424|-|427|1|0|294|XA11TEX|-|1.0|1.0|0.0|0.0|0.0|QROCK3X8|-|1.0|1.0|0.0|0.0|-512.0|-512.0|-384.0|-384.0|384.0|384.0|384.0|384.0
UTNTSkyEdge_tnt04b_1608_1_terrain_1_1|1608|1|2|510|294|3840.0|1472.0|3776.0|1536.0|3807.6464466094067|1503.6464466094067|-384.0|-384.0|-384.0|QROCK3|XA11TEX|1.0|1.0|0.0|0.0|8|gravel|-|SG001528|-|498|1|1|294|XA11TEX|-|1.0|1.0|0.0|0.0|0.0|QROCK3X8|-|1.0|1.0|0.0|0.0|-512.0|-512.0|-384.0|-384.0|384.0|384.0|384.0|384.0
UTNTSkyEdge_tnt04b_1609_1_terrain_1_0|1609|1|2|510|295|3968.0|1472.0|3840.0|1472.0|3904.0|1472.5|-433.77777777777777|-419.55555555555554|-448.0|QROCK3|QROCK3X8|1.0|1.0|444.50990596|192.0|8|rock|-|SG001424|-|427|1|0|295|XA11TEX|-|1.0|1.0|0.0|0.0|0.0|QROCK3X8|-|1.0|1.0|444.50990596|192.0|-512.0|-512.0|-419.55555555555554|-448.0|384.0|384.0|384.0|384.0
UTNTSkyEdge_tnt04b_1609_1_terrain_1_1|1609|1|2|510|295|3968.0|1472.0|3840.0|1472.0|3904.0|1471.5|-433.77777777777777|-419.55555555555554|-448.0|QROCK3|XA11TEX|1.0|1.0|0.0|0.0|8|gravel|-|SG001529|-|499|1|1|295|XA11TEX|-|1.0|1.0|0.0|0.0|0.0|QROCK3X8|-|1.0|1.0|444.50990596|192.0|-512.0|-512.0|-419.55555555555554|-448.0|384.0|384.0|384.0|384.0
UTNTSkyEdge_tnt04b_1610_1_terrain_1_0|1610|1|2|510|295|3968.0|1376.0|3968.0|1472.0|3968.5|1424.0|-398.22222222222223|-376.8888888888889|-419.55555555555554|QROCK3|QROCK3X8|1.0|1.0|348.50990596|192.0|8|rock|-|SG001424|-|427|1|0|295|XA11TEX|-|1.0|1.0|0.0|0.0|0.0|QROCK3X8|-|1.0|1.0|348.50990596|192.0|-512.0|-512.0|-376.8888888888889|-419.55555555555554|384.0|384.0|384.0|384.0
UTNTSkyEdge_tnt04b_1610_1_terrain_1_1|1610|1|2|510|295|3968.0|1376.0|3968.0|1472.0|3967.5|1424.0|-398.22222222222223|-376.8888888888889|-419.55555555555554|QROCK3|XA11TEX|1.0|1.0|0.0|0.0|8|gravel|-|SG001529|-|499|1|1|295|XA11TEX|-|1.0|1.0|0.0|0.0|0.0|QROCK3X8|-|1.0|1.0|348.50990596|192.0|-512.0|-512.0|-376.8888888888889|-419.55555555555554|384.0|384.0|384.0|384.0
UTNTSkyEdge_tnt04b_1611_1_terrain_1_0|1611|1|2|510|295|3936.0|1248.0|3968.0|1376.0|3952.4850712500725|1311.8787321874818|-352.0|-327.1111111111111|-376.8888888888889|QROCK3|QROCK3X8|1.0|1.0|216.57052594|192.0|8|rock|-|SG001424|-|427|1|0|295|XA11TEX|-|1.0|1.0|0.0|0.0|0.0|QROCK3X8|-|1.0|1.0|216.57052594|192.0|-512.0|-512.0|-327.1111111111111|-376.8888888888889|384.0|384.0|384.0|384.0
UTNTSkyEdge_tnt04b_1611_1_terrain_1_1|1611|1|2|510|295|3936.0|1248.0|3968.0|1376.0|3951.5149287499275|1312.1212678125182|-352.0|-327.1111111111111|-376.8888888888889|QROCK3|XA11TEX|1.0|1.0|0.0|0.0|8|gravel|-|SG001529|-|499|1|1|295|XA11TEX|-|1.0|1.0|0.0|0.0|0.0|QROCK3X8|-|1.0|1.0|216.57052594|192.0|-512.0|-512.0|-327.1111111111111|-376.8888888888889|384.0|384.0|384.0|384.0
UTNTSkyEdge_tnt04b_1612_1_terrain_1_0|1612|1|2|510|295|3840.0|1216.0|3936.0|1248.0|3888.1581138830084|1231.5256583509747|-330.6666666666667|-334.22222222222223|-327.1111111111111|QROCK3|QROCK3X8|1.0|1.0|115.377640815|192.0|8|rock|-|SG001424|-|427|1|0|295|XA11TEX|-|1.0|1.0|0.0|0.0|0.0|QROCK3X8|-|1.0|1.0|115.377640815|192.0|-512.0|-512.0|-334.22222222222223|-327.1111111111111|384.0|384.0|384.0|384.0
UTNTSkyEdge_tnt04b_1612_1_terrain_1_1|1612|1|2|510|295|3840.0|1216.0|3936.0|1248.0|3887.8418861169916|1232.4743416490253|-330.6666666666667|-334.22222222222223|-327.1111111111111|QROCK3|XA11TEX|1.0|1.0|0.0|0.0|8|gravel|-|SG001529|-|499|1|1|295|XA11TEX|-|1.0|1.0|0.0|0.0|0.0|QROCK3X8|-|1.0|1.0|115.377640815|192.0|-512.0|-512.0|-334.22222222222223|-327.1111111111111|384.0|384.0|384.0|384.0
UTNTSkyEdge_tnt04b_1613_1_terrain_1_0|1613|1|2|510|295|3744.0|1280.0|3840.0|1216.0|3791.7226499018875|1247.583974852831|-359.1111111111111|-384.0|-334.22222222222223|QROCK3|QROCK3X8|1.0|1.0|0.0|192.0|8|rock|-|SG001424|-|427|1|0|295|XA11TEX|-|1.0|1.0|0.0|0.0|0.0|QROCK3X8|-|1.0|1.0|0.0|192.0|-512.0|-512.0|-384.0|-334.22222222222223|384.0|384.0|384.0|384.0
UTNTSkyEdge_tnt04b_1613_1_terrain_1_1|1613|1|2|510|295|3744.0|1280.0|3840.0|1216.0|3792.2773500981125|1248.416025147169|-359.1111111111111|-384.0|-334.22222222222223|QROCK3|XA11TEX|1.0|1.0|0.0|0.0|8|gravel|-|SG001529|-|499|1|1|295|XA11TEX|-|1.0|1.0|0.0|0.0|0.0|QROCK3X8|-|1.0|1.0|0.0|192.0|-512.0|-512.0|-384.0|-334.22222222222223|384.0|384.0|384.0|384.0
UTNTSkyEdge_tnt04b_1614_1_terrain_1_0|1614|1|2|510|294|3680.0|1312.0|3744.0|1280.0|3711.77639320225|1295.5527864045|-384.0|-384.0|-384.0|QROCK3|QROCK3X8|1.0|1.0|0.0|0.0|8|rock|-|SG001424|-|427|1|0|294|XA11TEX|-|1.0|1.0|0.0|0.0|0.0|QROCK3X8|-|1.0|1.0|0.0|0.0|-512.0|-512.0|-384.0|-384.0|384.0|384.0|384.0|384.0
UTNTSkyEdge_tnt04b_1614_1_terrain_1_1|1614|1|2|510|294|3680.0|1312.0|3744.0|1280.0|3712.22360679775|1296.4472135955|-384.0|-384.0|-384.0|QROCK3|XA11TEX|1.0|1.0|0.0|0.0|8|gravel|-|SG001528|-|498|1|1|294|XA11TEX|-|1.0|1.0|0.0|0.0|0.0|QROCK3X8|-|1.0|1.0|0.0|0.0|-512.0|-512.0|-384.0|-384.0|384.0|384.0|384.0|384.0
UTNTSkyEdge_tnt04b_1615_1_terrain_1_0|1615|1|2|510|293|3616.0|1248.0|3680.0|1312.0|3648.3535533905933|1279.6464466094067|-424.0|-464.0|-384.0|QROCK3|QROCK3X8|1.0|1.0|733.41780747|208.0|7.68|rock|-|SG001424|-|427|1|0|293|XA11TEX|-|1.0|1.0|0.0|0.0|0.0|QROCK3X8|-|1.0|1.0|733.41780747|208.0|-512.0|-512.0|-464.0|-384.0|384.0|384.0|384.0|384.0
UTNTSkyEdge_tnt04b_1615_1_terrain_1_1|1615|1|2|510|293|3616.0|1248.0|3680.0|1312.0|3647.6464466094067|1280.3535533905933|-424.0|-464.0|-384.0|QROCK3|XA11TEX|1.0|1.0|0.0|0.0|7.68|gravel|-|SG001530|-|500|1|1|293|XA11TEX|-|1.0|1.0|0.0|0.0|0.0|QROCK3X8|-|1.0|1.0|733.41780747|208.0|-512.0|-512.0|-464.0|-384.0|384.0|384.0|384.0|384.0
UTNTSkyEdge_tnt04b_1616_1_terrain_1_0|1616|1|2|510|293|3520.0|1312.0|3616.0|1248.0|3567.7226499018875|1279.583974852831|-464.0|-464.0|-464.0|QROCK3|QROCK3X8|1.0|1.0|618.040166655|208.0|7.68|rock|-|SG001424|-|427|1|0|293|XA11TEX|-|1.0|1.0|0.0|0.0|0.0|QROCK3X8|-|1.0|1.0|618.040166655|208.0|-512.0|-512.0|-464.0|-464.0|384.0|384.0|384.0|384.0
UTNTSkyEdge_tnt04b_1616_1_terrain_1_1|1616|1|2|510|293|3520.0|1312.0|3616.0|1248.0|3568.2773500981125|1280.416025147169|-464.0|-464.0|-464.0|QROCK3|XA11TEX|1.0|1.0|0.0|0.0|7.68|gravel|-|SG001530|-|500|1|1|293|XA11TEX|-|1.0|1.0|0.0|0.0|0.0|QROCK3X8|-|1.0|1.0|618.040166655|208.0|-512.0|-512.0|-464.0|-464.0|384.0|384.0|384.0|384.0
UTNTSkyEdge_tnt04b_1617_1_terrain_1_0|1617|1|2|510|293|3520.0|1344.0|3520.0|1312.0|3519.5|1328.0|-452.0|-440.0|-464.0|QROCK3|QROCK3X8|1.0|1.0|586.040166655|208.0|7.68|rock|-|SG001424|-|427|1|0|293|XA11TEX|-|1.0|1.0|0.0|0.0|0.0|QROCK3X8|-|1.0|1.0|586.040166655|208.0|-512.0|-512.0|-440.0|-464.0|384.0|384.0|384.0|384.0
UTNTSkyEdge_tnt04b_1617_1_terrain_1_1|1617|1|2|510|293|3520.0|1344.0|3520.0|1312.0|3520.5|1328.0|-452.0|-440.0|-464.0|QROCK3|XA11TEX|1.0|1.0|0.0|0.0|7.68|gravel|-|SG001530|-|500|1|1|293|XA11TEX|-|1.0|1.0|0.0|0.0|0.0|QROCK3X8|-|1.0|1.0|586.040166655|208.0|-512.0|-512.0|-440.0|-464.0|384.0|384.0|384.0|384.0
UTNTSkyEdge_tnt04b_1618_1_terrain_1_0|1618|1|2|510|293|3520.0|1408.0|3520.0|1344.0|3519.5|1376.0|-416.0|-392.0|-440.0|QROCK3|QROCK3X8|1.0|1.0|522.040166655|208.0|8|rock|-|SG001424|-|427|1|0|293|XA11TEX|-|1.0|1.0|0.0|0.0|0.0|QROCK3X8|-|1.0|1.0|522.040166655|208.0|-512.0|-512.0|-392.0|-440.0|384.0|384.0|384.0|384.0
UTNTSkyEdge_tnt04b_1618_1_terrain_1_1|1618|1|2|510|293|3520.0|1408.0|3520.0|1344.0|3520.5|1376.0|-416.0|-392.0|-440.0|QROCK3|XA11TEX|1.0|1.0|0.0|0.0|8|gravel|-|SG001530|-|500|1|1|293|XA11TEX|-|1.0|1.0|0.0|0.0|0.0|QROCK3X8|-|1.0|1.0|522.040166655|208.0|-512.0|-512.0|-392.0|-440.0|384.0|384.0|384.0|384.0
UTNTSkyEdge_tnt04b_1619_1_terrain_1_0|1619|1|2|510|292|3456.0|1440.0|3520.0|1408.0|3487.77639320225|1423.5527864045|-436.2105263157895|-448.0|-424.42105263157896|QROCK3|QROCK3X8|1.0|1.0|450.485991375|192.0|8|rock|-|SG001424|-|427|1|0|292|XA11TEX|-|1.0|1.0|0.0|0.0|0.0|QROCK3X8|-|1.0|1.0|450.485991375|192.0|-512.0|-512.0|-448.0|-424.42105263157896|384.0|384.0|384.0|384.0
UTNTSkyEdge_tnt04b_1619_1_terrain_1_1|1619|1|2|510|292|3456.0|1440.0|3520.0|1408.0|3488.22360679775|1424.4472135955|-436.2105263157895|-448.0|-424.42105263157896|QROCK3|XA11TEX|1.0|1.0|0.0|0.0|8|gravel|-|SG001527|-|497|1|1|292|XA11TEX|-|1.0|1.0|0.0|0.0|0.0|QROCK3X8|-|1.0|1.0|450.485991375|192.0|-512.0|-512.0|-448.0|-424.42105263157896|384.0|384.0|384.0|384.0
UTNTSkyEdge_tnt04b_1620_1_terrain_1_0|1620|1|2|292|293|3584.0|1376.0|3520.0|1408.0|3552.22360679775|1392.4472135955|-388.0|-384.0|-392.0|QROCK3|QROCK3X8|1.0|1.0|0.0|80.0|2.694736842105267|rock|-|SG001531|-|497|1|0|293|XA11TEX|-|1.0|1.0|0.0|0.0|0.0|QROCK3X8|-|1.0|1.0|0.0|80.0|-400.8421052631579|-424.42105263157896|-384.0|-392.0|384.0|384.0|384.0|384.0
UTNTSkyEdge_tnt04b_1620_1_terrain_1_1|1620|1|2|292|293|3584.0|1376.0|3520.0|1408.0|3551.77639320225|1391.5527864045|-388.0|-384.0|-392.0|QROCK3|XA11TEX|1.0|1.0|0.0|0.0|2.694736842105267|gravel|-|SG001530|-|500|1|1|293|XA11TEX|-|1.0|1.0|0.0|0.0|0.0|QROCK3X8|-|1.0|1.0|0.0|80.0|-400.8421052631579|-424.42105263157896|-384.0|-392.0|384.0|384.0|384.0|384.0
UTNTSkyEdge_tnt04b_1624_0_terrain_1_0|1624|0|2|294|292|3744.0|1536.0|3776.0|1536.0|3760.0|1535.5|-362.10526315789474|-367.1578947368421|-357.05263157894734|QROCK3|QROCK3X8|1.0|1.0|244.301235685|832.0|2.694736842105267|rock|-|SG001532|-|498|1|0|292|XA11TEX|-|1.0|1.0|0.0|0.0|0.0|QROCK3X8|-|1.0|1.0|244.301235685|832.0|-384.0|-384.0|-367.1578947368421|-357.05263157894734|384.0|384.0|384.0|384.0
UTNTSkyEdge_tnt04b_1624_0_terrain_1_1|1624|0|2|294|292|3744.0|1536.0|3776.0|1536.0|3760.0|1536.5|-362.10526315789474|-367.1578947368421|-357.05263157894734|QROCK3|XA11TEX|1.0|1.0|0.0|0.0|2.694736842105267|gravel|-|SG001527|-|497|1|1|292|XA11TEX|-|1.0|1.0|0.0|0.0|0.0|QROCK3X8|-|1.0|1.0|244.301235685|832.0|-384.0|-384.0|-367.1578947368421|-357.05263157894734|384.0|384.0|384.0|384.0
UTNTSkyEdge_tnt04b_1625_1_terrain_1_0|1625|1|2|295|294|3904.0|1408.0|3840.0|1472.0|3872.3535533905933|1440.3535533905933|-384.0|-384.0|-384.0|QROCK3|QROCK3X8|1.0|1.0|214.66252584|0.0|3.4133333333333304|rock|-|SG001533|-|499|1|0|294|XA11TEX|-|1.0|1.0|0.0|0.0|0.0|QROCK3X8|-|1.0|1.0|214.66252584|0.0|-405.3333333333333|-448.0|-384.0|-384.0|384.0|384.0|384.0|384.0
UTNTSkyEdge_tnt04b_1625_1_terrain_1_1|1625|1|2|295|294|3904.0|1408.0|3840.0|1472.0|3871.6464466094067|1439.6464466094067|-384.0|-384.0|-384.0|QROCK3|XA11TEX|1.0|1.0|0.0|0.0|3.4133333333333304|gravel|-|SG001528|-|498|1|1|294|XA11TEX|-|1.0|1.0|0.0|0.0|0.0|QROCK3X8|-|1.0|1.0|214.66252584|0.0|-405.3333333333333|-448.0|-384.0|-384.0|384.0|384.0|384.0|384.0
UTNTSkyEdge_tnt04b_1630_1_terrain_1_0|1630|1|2|510|296|1696.0|1216.0|1760.0|1088.0|1727.5527864045|1151.7763932022501|-431.1578947368421|-414.3157894736842|-448.0|QROCK3|QROCK3X8|1.0|1.0|307.377640815|192.0|8|rock|-|SG001424|-|427|1|0|296|XA11TEX|-|1.0|1.0|0.0|0.0|0.0|QROCK3X8|-|1.0|1.0|307.377640815|192.0|-512.0|-512.0|-414.3157894736842|-448.0|384.0|384.0|384.0|384.0
UTNTSkyEdge_tnt04b_1630_1_terrain_1_1|1630|1|2|510|296|1696.0|1216.0|1760.0|1088.0|1728.4472135955|1152.2236067977499|-431.1578947368421|-414.3157894736842|-448.0|QROCK3|XA11TEX|1.0|1.0|0.0|0.0|8|gravel|-|SG001511|-|488|1|1|296|XA11TEX|-|1.0|1.0|0.0|0.0|0.0|QROCK3X8|-|1.0|1.0|307.377640815|192.0|-512.0|-512.0|-414.3157894736842|-448.0|384.0|384.0|384.0|384.0
UTNTSkyEdge_tnt04b_1631_1_terrain_1_0|1631|1|2|510|296|1600.0|1216.0|1696.0|1216.0|1648.0|1215.5|-419.36842105263156|-424.42105263157896|-414.3157894736842|QROCK3|QROCK3X8|1.0|1.0|211.377640815|192.0|8|rock|-|SG001424|-|427|1|0|296|XA11TEX|-|1.0|1.0|0.0|0.0|0.0|QROCK3X8|-|1.0|1.0|211.377640815|192.0|-512.0|-512.0|-424.42105263157896|-414.3157894736842|384.0|384.0|384.0|384.0
UTNTSkyEdge_tnt04b_1631_1_terrain_1_1|1631|1|2|510|296|1600.0|1216.0|1696.0|1216.0|1648.0|1216.5|-419.36842105263156|-424.42105263157896|-414.3157894736842|QROCK3|XA11TEX|1.0|1.0|0.0|0.0|8|gravel|-|SG001511|-|488|1|1|296|XA11TEX|-|1.0|1.0|0.0|0.0|0.0|QROCK3X8|-|1.0|1.0|211.377640815|192.0|-512.0|-512.0|-424.42105263157896|-414.3157894736842|384.0|384.0|384.0|384.0
UTNTSkyEdge_tnt04b_1632_1_terrain_1_0|1632|1|2|510|296|1600.0|1312.0|1600.0|1216.0|1599.5|1264.0|-409.2631578947368|-394.10526315789474|-424.42105263157896|QROCK3|QROCK3X8|1.0|1.0|115.377640815|192.0|8|rock|-|SG001424|-|427|1|0|296|XA11TEX|-|1.0|1.0|0.0|0.0|0.0|QROCK3X8|-|1.0|1.0|115.377640815|192.0|-512.0|-512.0|-394.10526315789474|-424.42105263157896|384.0|384.0|384.0|384.0
UTNTSkyEdge_tnt04b_1632_1_terrain_1_1|1632|1|2|510|296|1600.0|1312.0|1600.0|1216.0|1600.5|1264.0|-409.2631578947368|-394.10526315789474|-424.42105263157896|QROCK3|XA11TEX|1.0|1.0|0.0|0.0|8|gravel|-|SG001511|-|488|1|1|296|XA11TEX|-|1.0|1.0|0.0|0.0|0.0|QROCK3X8|-|1.0|1.0|115.377640815|192.0|-512.0|-512.0|-394.10526315789474|-424.42105263157896|384.0|384.0|384.0|384.0
UTNTSkyEdge_tnt04b_1633_1_terrain_1_0|1633|1|2|510|296|1664.0|1408.0|1600.0|1312.0|1631.583974852831|1360.2773500981127|-375.57894736842104|-357.05263157894734|-394.10526315789474|QROCK3|QROCK3X8|1.0|1.0|0.0|192.0|8|rock|-|SG001424|-|427|1|0|296|XA11TEX|-|1.0|1.0|0.0|0.0|0.0|QROCK3X8|-|1.0|1.0|0.0|192.0|-512.0|-512.0|-357.05263157894734|-394.10526315789474|384.0|384.0|384.0|384.0
UTNTSkyEdge_tnt04b_1633_1_terrain_1_1|1633|1|2|510|296|1664.0|1408.0|1600.0|1312.0|1632.416025147169|1359.7226499018873|-375.57894736842104|-357.05263157894734|-394.10526315789474|QROCK3|XA11TEX|1.0|1.0|0.0|0.0|8|gravel|-|SG001511|-|488|1|1|296|XA11TEX|-|1.0|1.0|0.0|0.0|0.0|QROCK3X8|-|1.0|1.0|0.0|192.0|-512.0|-512.0|-357.05263157894734|-394.10526315789474|384.0|384.0|384.0|384.0
UTNTSkyEdge_tnt04b_1634_1_terrain_1_0|1634|1|2|510|298|1728.0|1472.0|1664.0|1408.0|1695.6464466094067|1440.3535533905933|-384.0|-384.0|-384.0|QROCK3|QROCK3X8|1.0|1.0|0.0|0.0|8|rock|-|SG001424|-|427|1|0|298|XA11TEX|-|1.0|1.0|0.0|0.0|0.0|QROCK3X8|-|1.0|1.0|0.0|0.0|-512.0|-512.0|-384.0|-384.0|384.0|384.0|384.0|384.0
UTNTSkyEdge_tnt04b_1634_1_terrain_1_1|1634|1|2|510|298|1728.0|1472.0|1664.0|1408.0|1696.3535533905933|1439.6464466094067|-384.0|-384.0|-384.0|QROCK3|XA11TEX|1.0|1.0|0.0|0.0|8|gravel|-|SG001509|-|487|1|1|298|XA11TEX|-|1.0|1.0|0.0|0.0|0.0|QROCK3X8|-|1.0|1.0|0.0|0.0|-512.0|-512.0|-384.0|-384.0|384.0|384.0|384.0|384.0
UTNTSkyEdge_tnt04b_1635_1_terrain_1_0|1635|1|2|510|299|1728.0|1600.0|1728.0|1472.0|1727.5|1536.0|-433.77777777777777|-419.55555555555554|-448.0|QROCK3|QROCK3X8|1.0|1.0|444.50990596|192.0|8|rock|-|SG001424|-|427|1|0|299|XA11TEX|-|1.0|1.0|0.0|0.0|0.0|QROCK3X8|-|1.0|1.0|444.50990596|192.0|-512.0|-512.0|-419.55555555555554|-448.0|384.0|384.0|384.0|384.0
UTNTSkyEdge_tnt04b_1635_1_terrain_1_1|1635|1|2|510|299|1728.0|1600.0|1728.0|1472.0|1728.5|1536.0|-433.77777777777777|-419.55555555555554|-448.0|QROCK3|XA11TEX|1.0|1.0|0.0|0.0|8|gravel|-|SG001534|-|486|1|1|299|XA11TEX|-|1.0|1.0|0.0|0.0|0.0|QROCK3X8|-|1.0|1.0|444.50990596|192.0|-512.0|-512.0|-419.55555555555554|-448.0|384.0|384.0|384.0|384.0
UTNTSkyEdge_tnt04b_1636_1_terrain_1_0|1636|1|2|510|299|1824.0|1600.0|1728.0|1600.0|1776.0|1600.5|-398.22222222222223|-376.8888888888889|-419.55555555555554|QROCK3|QROCK3X8|1.0|1.0|348.50990596|192.0|8|rock|-|SG001424|-|427|1|0|299|XA11TEX|-|1.0|1.0|0.0|0.0|0.0|QROCK3X8|-|1.0|1.0|348.50990596|192.0|-512.0|-512.0|-376.8888888888889|-419.55555555555554|384.0|384.0|384.0|384.0
UTNTSkyEdge_tnt04b_1636_1_terrain_1_1|1636|1|2|510|299|1824.0|1600.0|1728.0|1600.0|1776.0|1599.5|-398.22222222222223|-376.8888888888889|-419.55555555555554|QROCK3|XA11TEX|1.0|1.0|0.0|0.0|8|gravel|-|SG001534|-|486|1|1|299|XA11TEX|-|1.0|1.0|0.0|0.0|0.0|QROCK3X8|-|1.0|1.0|348.50990596|192.0|-512.0|-512.0|-376.8888888888889|-419.55555555555554|384.0|384.0|384.0|384.0
UTNTSkyEdge_tnt04b_1637_1_terrain_1_0|1637|1|2|510|299|1952.0|1568.0|1824.0|1600.0|1888.1212678125182|1584.4850712500727|-352.0|-327.1111111111111|-376.8888888888889|QROCK3|QROCK3X8|1.0|1.0|216.57052594|192.0|8|rock|-|SG001424|-|427|1|0|299|XA11TEX|-|1.0|1.0|0.0|0.0|0.0|QROCK3X8|-|1.0|1.0|216.57052594|192.0|-512.0|-512.0|-327.1111111111111|-376.8888888888889|384.0|384.0|384.0|384.0
UTNTSkyEdge_tnt04b_1637_1_terrain_1_1|1637|1|2|510|299|1952.0|1568.0|1824.0|1600.0|1887.8787321874818|1583.5149287499273|-352.0|-327.1111111111111|-376.8888888888889|QROCK3|XA11TEX|1.0|1.0|0.0|0.0|8|gravel|-|SG001534|-|486|1|1|299|XA11TEX|-|1.0|1.0|0.0|0.0|0.0|QROCK3X8|-|1.0|1.0|216.57052594|192.0|-512.0|-512.0|-327.1111111111111|-376.8888888888889|384.0|384.0|384.0|384.0
UTNTSkyEdge_tnt04b_1638_1_terrain_1_0|1638|1|2|510|299|1984.0|1472.0|1952.0|1568.0|1968.4743416490253|1520.1581138830084|-330.6666666666667|-334.22222222222223|-327.1111111111111|QROCK3|QROCK3X8|1.0|1.0|115.377640815|192.0|8|rock|-|SG001424|-|427|1|0|299|XA11TEX|-|1.0|1.0|0.0|0.0|0.0|QROCK3X8|-|1.0|1.0|115.377640815|192.0|-512.0|-512.0|-334.22222222222223|-327.1111111111111|384.0|384.0|384.0|384.0
UTNTSkyEdge_tnt04b_1638_1_terrain_1_1|1638|1|2|510|299|1984.0|1472.0|1952.0|1568.0|1967.5256583509747|1519.8418861169916|-330.6666666666667|-334.22222222222223|-327.1111111111111|QROCK3|XA11TEX|1.0|1.0|0.0|0.0|8|gravel|-|SG001534|-|486|1|1|299|XA11TEX|-|1.0|1.0|0.0|0.0|0.0|QROCK3X8|-|1.0|1.0|115.377640815|192.0|-512.0|-512.0|-334.22222222222223|-327.1111111111111|384.0|384.0|384.0|384.0
UTNTSkyEdge_tnt04b_1639_1_terrain_1_0|1639|1|2|510|299|1920.0|1376.0|1984.0|1472.0|1952.416025147169|1423.7226499018873|-359.1111111111111|-384.0|-334.22222222222223|QROCK3|QROCK3X8|1.0|1.0|0.0|192.0|8|rock|-|SG001424|-|427|1|0|299|XA11TEX|-|1.0|1.0|0.0|0.0|0.0|QROCK3X8|-|1.0|1.0|0.0|192.0|-512.0|-512.0|-384.0|-334.22222222222223|384.0|384.0|384.0|384.0
UTNTSkyEdge_tnt04b_1639_1_terrain_1_1|1639|1|2|510|299|1920.0|1376.0|1984.0|1472.0|1951.583974852831|1424.2773500981127|-359.1111111111111|-384.0|-334.22222222222223|QROCK3|XA11TEX|1.0|1.0|0.0|0.0|8|gravel|-|SG001534|-|486|1|1|299|XA11TEX|-|1.0|1.0|0.0|0.0|0.0|QROCK3X8|-|1.0|1.0|0.0|192.0|-512.0|-512.0|-384.0|-334.22222222222223|384.0|384.0|384.0|384.0
UTNTSkyEdge_tnt04b_1640_1_terrain_1_0|1640|1|2|510|298|1888.0|1312.0|1920.0|1376.0|1904.4472135955|1343.7763932022501|-384.0|-384.0|-384.0|QROCK3|QROCK3X8|1.0|1.0|0.0|0.0|8|rock|-|SG001424|-|427|1|0|298|XA11TEX|-|1.0|1.0|0.0|0.0|0.0|QROCK3X8|-|1.0|1.0|0.0|0.0|-512.0|-512.0|-384.0|-384.0|384.0|384.0|384.0|384.0
UTNTSkyEdge_tnt04b_1640_1_terrain_1_1|1640|1|2|510|298|1888.0|1312.0|1920.0|1376.0|1903.5527864045|1344.2236067977499|-384.0|-384.0|-384.0|QROCK3|XA11TEX|1.0|1.0|0.0|0.0|8|gravel|-|SG001509|-|487|1|1|298|XA11TEX|-|1.0|1.0|0.0|0.0|0.0|QROCK3X8|-|1.0|1.0|0.0|0.0|-512.0|-512.0|-384.0|-384.0|384.0|384.0|384.0|384.0
UTNTSkyEdge_tnt04b_1641_1_terrain_1_0|1641|1|2|510|297|1952.0|1248.0|1888.0|1312.0|1920.3535533905933|1280.3535533905933|-424.0|-464.0|-384.0|QROCK3|QROCK3X8|1.0|1.0|733.41780747|208.0|7.68|rock|-|SG001424|-|427|1|0|297|XA11TEX|-|1.0|1.0|0.0|0.0|0.0|QROCK3X8|-|1.0|1.0|733.41780747|208.0|-512.0|-512.0|-464.0|-384.0|384.0|384.0|384.0|384.0
UTNTSkyEdge_tnt04b_1641_1_terrain_1_1|1641|1|2|510|297|1952.0|1248.0|1888.0|1312.0|1919.6464466094067|1279.6464466094067|-424.0|-464.0|-384.0|QROCK3|XA11TEX|1.0|1.0|0.0|0.0|7.68|gravel|-|SG001535|-|501|1|1|297|XA11TEX|-|1.0|1.0|0.0|0.0|0.0|QROCK3X8|-|1.0|1.0|733.41780747|208.0|-512.0|-512.0|-464.0|-384.0|384.0|384.0|384.0|384.0
UTNTSkyEdge_tnt04b_1642_1_terrain_1_0|1642|1|2|510|297|1888.0|1152.0|1952.0|1248.0|1920.416025147169|1199.7226499018873|-464.0|-464.0|-464.0|QROCK3|QROCK3X8|1.0|1.0|618.040166655|208.0|7.68|rock|-|SG001424|-|427|1|0|297|XA11TEX|-|1.0|1.0|0.0|0.0|0.0|QROCK3X8|-|1.0|1.0|618.040166655|208.0|-512.0|-512.0|-464.0|-464.0|384.0|384.0|384.0|384.0
UTNTSkyEdge_tnt04b_1642_1_terrain_1_1|1642|1|2|510|297|1888.0|1152.0|1952.0|1248.0|1919.583974852831|1200.2773500981127|-464.0|-464.0|-464.0|QROCK3|XA11TEX|1.0|1.0|0.0|0.0|7.68|gravel|-|SG001535|-|501|1|1|297|XA11TEX|-|1.0|1.0|0.0|0.0|0.0|QROCK3X8|-|1.0|1.0|618.040166655|208.0|-512.0|-512.0|-464.0|-464.0|384.0|384.0|384.0|384.0
UTNTSkyEdge_tnt04b_1643_1_terrain_1_0|1643|1|2|510|297|1856.0|1152.0|1888.0|1152.0|1872.0|1151.5|-452.0|-440.0|-464.0|QROCK3|QROCK3X8|1.0|1.0|586.040166655|208.0|7.68|rock|-|SG001424|-|427|1|0|297|XA11TEX|-|1.0|1.0|0.0|0.0|0.0|QROCK3X8|-|1.0|1.0|586.040166655|208.0|-512.0|-512.0|-440.0|-464.0|384.0|384.0|384.0|384.0
UTNTSkyEdge_tnt04b_1643_1_terrain_1_1|1643|1|2|510|297|1856.0|1152.0|1888.0|1152.0|1872.0|1152.5|-452.0|-440.0|-464.0|QROCK3|XA11TEX|1.0|1.0|0.0|0.0|7.68|gravel|-|SG001535|-|501|1|1|297|XA11TEX|-|1.0|1.0|0.0|0.0|0.0|QROCK3X8|-|1.0|1.0|586.040166655|208.0|-512.0|-512.0|-440.0|-464.0|384.0|384.0|384.0|384.0
UTNTSkyEdge_tnt04b_1644_1_terrain_1_0|1644|1|2|510|297|1792.0|1152.0|1856.0|1152.0|1824.0|1151.5|-416.0|-392.0|-440.0|QROCK3|QROCK3X8|1.0|1.0|522.040166655|208.0|8|rock|-|SG001424|-|427|1|0|297|XA11TEX|-|1.0|1.0|0.0|0.0|0.0|QROCK3X8|-|1.0|1.0|522.040166655|208.0|-512.0|-512.0|-392.0|-440.0|384.0|384.0|384.0|384.0
UTNTSkyEdge_tnt04b_1644_1_terrain_1_1|1644|1|2|510|297|1792.0|1152.0|1856.0|1152.0|1824.0|1152.5|-416.0|-392.0|-440.0|QROCK3|XA11TEX|1.0|1.0|0.0|0.0|8|gravel|-|SG001535|-|501|1|1|297|XA11TEX|-|1.0|1.0|0.0|0.0|0.0|QROCK3X8|-|1.0|1.0|522.040166655|208.0|-512.0|-512.0|-392.0|-440.0|384.0|384.0|384.0|384.0
UTNTSkyEdge_tnt04b_1645_1_terrain_1_0|1645|1|2|510|296|1760.0|1088.0|1792.0|1152.0|1776.4472135955|1119.7763932022501|-436.2105263157895|-448.0|-424.42105263157896|QROCK3|QROCK3X8|1.0|1.0|450.485991375|192.0|8|rock|-|SG001424|-|427|1|0|296|XA11TEX|-|1.0|1.0|0.0|0.0|0.0|QROCK3X8|-|1.0|1.0|450.485991375|192.0|-512.0|-512.0|-448.0|-424.42105263157896|384.0|384.0|384.0|384.0
UTNTSkyEdge_tnt04b_1645_1_terrain_1_1|1645|1|2|510|296|1760.0|1088.0|1792.0|1152.0|1775.5527864045|1120.2236067977499|-436.2105263157895|-448.0|-424.42105263157896|QROCK3|XA11TEX|1.0|1.0|0.0|0.0|8|gravel|-|SG001511|-|488|1|1|296|XA11TEX|-|1.0|1.0|0.0|0.0|0.0|QROCK3X8|-|1.0|1.0|450.485991375|192.0|-512.0|-512.0|-448.0|-424.42105263157896|384.0|384.0|384.0|384.0
UTNTSkyEdge_tnt04b_1646_1_terrain_1_0|1646|1|2|296|297|1824.0|1216.0|1792.0|1152.0|1807.5527864045|1184.2236067977499|-388.0|-384.0|-392.0|QROCK3|QROCK3X8|1.0|1.0|0.0|80.0|2.694736842105267|rock|-|SG001536|-|488|1|0|297|XA11TEX|-|1.0|1.0|0.0|0.0|0.0|QROCK3X8|-|1.0|1.0|0.0|80.0|-400.8421052631579|-424.42105263157896|-384.0|-392.0|384.0|384.0|384.0|384.0
UTNTSkyEdge_tnt04b_1646_1_terrain_1_1|1646|1|2|296|297|1824.0|1216.0|1792.0|1152.0|1808.4472135955|1183.7763932022501|-388.0|-384.0|-392.0|QROCK3|XA11TEX|1.0|1.0|0.0|0.0|2.694736842105267|gravel|-|SG001535|-|501|1|1|297|XA11TEX|-|1.0|1.0|0.0|0.0|0.0|QROCK3X8|-|1.0|1.0|0.0|80.0|-400.8421052631579|-424.42105263157896|-384.0|-392.0|384.0|384.0|384.0|384.0
UTNTSkyEdge_tnt04b_2355_1_terrain_1_0|2355|1|2|118|470|3616.0|-736.0|3680.0|-800.0|3647.6464466094067|-768.3535533905932|-39.0|-39.0|-39.0|QROCK3|QROCK3X8|1.0|1.0|50.0|39.0|8|rock|-|SG001462|-|464|1|0|470|XA11TEX|-|1.0|1.0|0.0|0.0|0.0|QROCK3X8|-|1.0|1.0|50.0|39.0|-354.0|-354.0|-39.0|-39.0|384.0|384.0|384.0|384.0
UTNTSkyEdge_tnt04b_2355_1_terrain_1_1|2355|1|2|118|470|3616.0|-736.0|3680.0|-800.0|3648.3535533905933|-767.6464466094068|-39.0|-39.0|-39.0|QROCK3|XA11TEX|1.0|1.0|0.0|0.0|8|gravel|-|SG001537|-|466|1|1|470|XA11TEX|-|1.0|1.0|0.0|0.0|0.0|QROCK3X8|-|1.0|1.0|50.0|39.0|-354.0|-354.0|-39.0|-39.0|384.0|384.0|384.0|384.0
UTNTSkyEdge_tnt04b_2356_1_terrain_1_0|2356|1|2|464|470|3648.0|-672.0|3616.0|-736.0|3631.5527864045002|-703.77639320225|-39.0|-39.0|-39.0|QROCK3|QROCK3X8|1.0|1.0|105.688820407|39.0|8|rock|-|SG001538|-|502|1|0|470|XA11TEX|-|1.0|1.0|0.0|0.0|0.0|QROCK3X8|-|1.0|1.0|105.688820407|39.0|-315.0|-315.0|-39.0|-39.0|384.0|384.0|384.0|384.0
UTNTSkyEdge_tnt04b_2356_1_terrain_1_1|2356|1|2|464|470|3648.0|-672.0|3616.0|-736.0|3632.4472135954998|-704.22360679775|-39.0|-39.0|-39.0|QROCK3|XA11TEX|1.0|1.0|0.0|0.0|8|gravel|-|SG001537|-|466|1|1|470|XA11TEX|-|1.0|1.0|0.0|0.0|0.0|QROCK3X8|-|1.0|1.0|105.688820407|39.0|-315.0|-315.0|-39.0|-39.0|384.0|384.0|384.0|384.0
UTNTSkyEdge_tnt04b_2357_1_terrain_1_0|2357|1|2|464|470|3616.0|-624.0|3648.0|-672.0|3631.583974852831|-648.2773500981126|-39.0|-39.0|-39.0|QROCK3|QROCK3X8|1.0|1.0|48.0|39.0|8|rock|-|SG001538|-|502|1|0|470|XA11TEX|-|1.0|1.0|0.0|0.0|0.0|QROCK3X8|-|1.0|1.0|48.0|39.0|-315.0|-315.0|-39.0|-39.0|384.0|384.0|384.0|384.0
UTNTSkyEdge_tnt04b_2357_1_terrain_1_1|2357|1|2|464|470|3616.0|-624.0|3648.0|-672.0|3632.416025147169|-647.7226499018874|-39.0|-39.0|-39.0|QROCK3|XA11TEX|1.0|1.0|0.0|0.0|8|gravel|-|SG001537|-|466|1|1|470|XA11TEX|-|1.0|1.0|0.0|0.0|0.0|QROCK3X8|-|1.0|1.0|48.0|39.0|-315.0|-315.0|-39.0|-39.0|384.0|384.0|384.0|384.0
UTNTSkyEdge_tnt04b_2358_1_terrain_1_0|2358|1|2|464|469|3520.0|-544.0|3584.0|-576.0|3551.77639320225|-560.4472135955|-79.0|-79.0|-79.0|QROCK3|QROCK3X8|1.0|1.0|46.0|79.0|8|rock|-|SG001538|-|502|1|0|469|XA11TEX|-|1.0|1.0|0.0|0.0|0.0|QROCK3X8|-|1.0|1.0|46.0|79.0|-315.0|-315.0|-79.0|-79.0|384.0|384.0|384.0|384.0
UTNTSkyEdge_tnt04b_2358_1_terrain_1_1|2358|1|2|464|469|3520.0|-544.0|3584.0|-576.0|3552.22360679775|-559.5527864045|-79.0|-79.0|-79.0|QROCK3|XA11TEX|1.0|1.0|0.0|0.0|8|gravel|-|SG001539|-|465|1|1|469|XA11TEX|-|1.0|1.0|0.0|0.0|0.0|QROCK3X8|-|1.0|1.0|46.0|79.0|-315.0|-315.0|-79.0|-79.0|384.0|384.0|384.0|384.0
UTNTSkyEdge_tnt04b_2359_1_terrain_1_0|2359|1|2|465|469|3552.0|-448.0|3520.0|-544.0|3535.525658350975|-495.8418861169916|-79.0|-79.0|-79.0|QROCK3|QROCK3X8|1.0|1.0|73.0|79.0|8|rock|-|SG001540|-|503|1|0|469|XA11TEX|-|1.0|1.0|0.0|0.0|0.0|QROCK3X8|-|1.0|1.0|73.0|79.0|-276.0|-276.0|-79.0|-79.0|384.0|384.0|384.0|384.0
UTNTSkyEdge_tnt04b_2359_1_terrain_1_1|2359|1|2|465|469|3552.0|-448.0|3520.0|-544.0|3536.474341649025|-496.1581138830084|-79.0|-79.0|-79.0|QROCK3|XA11TEX|1.0|1.0|0.0|0.0|8|gravel|-|SG001539|-|465|1|1|469|XA11TEX|-|1.0|1.0|0.0|0.0|0.0|QROCK3X8|-|1.0|1.0|73.0|79.0|-276.0|-276.0|-79.0|-79.0|384.0|384.0|384.0|384.0
UTNTSkyEdge_tnt04b_2359_1_terrain_2_1|2359|1|2|465|465|3552.0|-448.0|3520.0|-544.0|3535.525658350975|-495.8418861169916|-276.0|-276.0|-276.0|QROCK3|XA11TEX|1.0|1.0|0.0|0.0|14|gravel|-|SG001541|-|503|2|1|465|XA11TEX|-|1.0|1.0|0.0|0.0|0.0|QROCK3X8|-|1.0|1.0|73.0|79.0|-276.0|-276.0|-79.0|-79.0|384.0|384.0|384.0|384.0
UTNTSkyEdge_tnt04b_2360_1_terrain_1_0|2360|1|2|465|468|3616.0|-416.0|3552.0|-448.0|3583.77639320225|-431.55278640450007|-118.0|-118.0|-118.0|QROCK3|QROCK3X8|1.0|1.0|1.0|118.0|8|rock|-|SG001540|-|503|1|0|468|XA11TEX|-|1.0|1.0|0.0|0.0|0.0|QROCK3X8|-|1.0|1.0|1.0|118.0|-276.0|-276.0|-118.0|-118.0|384.0|384.0|384.0|384.0
UTNTSkyEdge_tnt04b_2360_1_terrain_1_1|2360|1|2|465|468|3616.0|-416.0|3552.0|-448.0|3584.22360679775|-432.44721359549993|-118.0|-118.0|-118.0|QROCK3|XA11TEX|1.0|1.0|0.0|0.0|8|gravel|-|SG001542|-|462|1|1|468|XA11TEX|-|1.0|1.0|0.0|0.0|0.0|QROCK3X8|-|1.0|1.0|1.0|118.0|-276.0|-276.0|-118.0|-118.0|384.0|384.0|384.0|384.0
UTNTSkyEdge_tnt04b_2361_1_terrain_1_0|2361|1|2|466|468|3616.0|-352.0|3616.0|-416.0|3615.5|-384.0|-118.0|-118.0|-118.0|QROCK3|QROCK3X8|1.0|1.0|65.0|118.0|8|rock|-|SG001543|-|504|1|0|468|XA11TEX|-|1.0|1.0|0.0|0.0|0.0|QROCK3X8|-|1.0|1.0|65.0|118.0|-236.0|-236.0|-118.0|-118.0|384.0|384.0|384.0|384.0
UTNTSkyEdge_tnt04b_2361_1_terrain_1_1|2361|1|2|466|468|3616.0|-352.0|3616.0|-416.0|3616.5|-384.0|-118.0|-118.0|-118.0|QROCK3|XA11TEX|1.0|1.0|0.0|0.0|8|gravel|-|SG001542|-|462|1|1|468|XA11TEX|-|1.0|1.0|0.0|0.0|0.0|QROCK3X8|-|1.0|1.0|65.0|118.0|-236.0|-236.0|-118.0|-118.0|384.0|384.0|384.0|384.0
UTNTSkyEdge_tnt04b_2362_1_terrain_1_0|2362|1|2|466|462|3584.0|-256.0|3616.0|-288.0|3599.6464466094067|-272.3535533905933|-158.0|-158.0|-158.0|QROCK3|QROCK3X8|1.0|1.0|84.0|30.0|8|rock|-|SG001543|-|504|1|0|462|XA11TEX|-|1.0|1.0|0.0|0.0|0.0|QROCK3X8|-|1.0|1.0|84.0|30.0|-236.0|-236.0|-158.0|-158.0|384.0|384.0|384.0|384.0
UTNTSkyEdge_tnt04b_2362_1_terrain_1_1|2362|1|2|466|462|3584.0|-256.0|3616.0|-288.0|3600.3535533905933|-271.6464466094067|-158.0|-158.0|-158.0|QROCK3|XA11TEX|1.0|1.0|0.0|0.0|8|gravel|-|SG001544|-|463|1|1|462|XA11TEX|-|1.0|1.0|0.0|0.0|0.0|QROCK3X8|-|1.0|1.0|84.0|30.0|-236.0|-236.0|-158.0|-158.0|384.0|384.0|384.0|384.0
UTNTSkyEdge_tnt04b_2363_1_terrain_1_0|2363|1|2|467|462|3648.0|-160.0|3584.0|-256.0|3615.583974852831|-207.7226499018874|-158.0|-158.0|-158.0|QROCK3|QROCK3X8|1.0|1.0|97.0|30.0|6.24|rock|-|SG001466|-|467|1|0|462|XA11TEX|-|1.0|1.0|0.0|0.0|0.0|QROCK3X8|-|1.0|1.0|97.0|30.0|-197.0|-197.0|-158.0|-158.0|384.0|384.0|384.0|384.0
UTNTSkyEdge_tnt04b_2363_1_terrain_1_1|2363|1|2|467|462|3648.0|-160.0|3584.0|-256.0|3616.416025147169|-208.2773500981126|-158.0|-158.0|-158.0|QROCK3|XA11TEX|1.0|1.0|0.0|0.0|6.24|gravel|-|SG001544|-|463|1|1|462|XA11TEX|-|1.0|1.0|0.0|0.0|0.0|QROCK3X8|-|1.0|1.0|97.0|30.0|-197.0|-197.0|-158.0|-158.0|384.0|384.0|384.0|384.0
UTNTSkyEdge_tnt04b_2364_0_terrain_1_0|2364|0|2|510|467|3680.0|-96.0|3616.0|-96.0|3648.0|-95.5|-197.0|-197.0|-197.0|QROCK3|QROCK3X8|1.0|1.0|87.0|69.0|8|rock|-|SG001424|-|427|1|0|467|XA11TEX|-|1.0|1.0|0.0|0.0|0.0|QROCK3X8|-|1.0|1.0|87.0|69.0|-512.0|-512.0|-197.0|-197.0|384.0|384.0|384.0|384.0
UTNTSkyEdge_tnt04b_2364_0_terrain_1_1|2364|0|2|510|467|3680.0|-96.0|3616.0|-96.0|3648.0|-96.5|-197.0|-197.0|-197.0|QROCK3|XA11TEX|1.0|1.0|0.0|0.0|8|gravel|-|SG001545|-|467|1|1|467|XA11TEX|-|1.0|1.0|0.0|0.0|0.0|QROCK3X8|-|1.0|1.0|87.0|69.0|-512.0|-512.0|-197.0|-197.0|384.0|384.0|384.0|384.0
UTNTSkyEdge_tnt04b_2365_0_terrain_1_0|2365|0|2|510|467|3616.0|-96.0|3584.0|-128.0|3599.6464466094067|-111.64644660940672|-197.0|-197.0|-197.0|QROCK3|QROCK3X8|1.0|1.0|151.0|69.0|8|rock|-|SG001424|-|427|1|0|467|XA11TEX|-|1.0|1.0|0.0|0.0|0.0|QROCK3X8|-|1.0|1.0|151.0|69.0|-512.0|-512.0|-197.0|-197.0|384.0|384.0|384.0|384.0
UTNTSkyEdge_tnt04b_2365_0_terrain_1_1|2365|0|2|510|467|3616.0|-96.0|3584.0|-128.0|3600.3535533905933|-112.35355339059328|-197.0|-197.0|-197.0|QROCK3|XA11TEX|1.0|1.0|0.0|0.0|8|gravel|-|SG001545|-|467|1|1|467|XA11TEX|-|1.0|1.0|0.0|0.0|0.0|QROCK3X8|-|1.0|1.0|151.0|69.0|-512.0|-512.0|-197.0|-197.0|384.0|384.0|384.0|384.0
UTNTSkyEdge_tnt04b_2366_0_terrain_1_0|2366|0|2|510|467|3584.0|-128.0|3520.0|-128.0|3552.0|-127.5|-197.0|-197.0|-197.0|QROCK3|QROCK3X8|1.0|1.0|196.254833996|69.0|8|rock|-|SG001424|-|427|1|0|467|XA11TEX|-|1.0|1.0|0.0|0.0|0.0|QROCK3X8|-|1.0|1.0|196.254833996|69.0|-512.0|-512.0|-197.0|-197.0|384.0|384.0|384.0|384.0
UTNTSkyEdge_tnt04b_2366_0_terrain_1_1|2366|0|2|510|467|3584.0|-128.0|3520.0|-128.0|3552.0|-128.5|-197.0|-197.0|-197.0|QROCK3|XA11TEX|1.0|1.0|0.0|0.0|8|gravel|-|SG001545|-|467|1|1|467|XA11TEX|-|1.0|1.0|0.0|0.0|0.0|QROCK3X8|-|1.0|1.0|196.254833996|69.0|-512.0|-512.0|-197.0|-197.0|384.0|384.0|384.0|384.0
UTNTSkyEdge_tnt04b_2367_0_terrain_1_0|2367|0|2|510|467|3520.0|-128.0|3488.0|-192.0|3503.5527864045002|-159.77639320225003|-197.0|-197.0|-197.0|QROCK3|QROCK3X8|1.0|1.0|260.254833996|69.0|8|rock|-|SG001424|-|427|1|0|467|XA11TEX|-|1.0|1.0|0.0|0.0|0.0|QROCK3X8|-|1.0|1.0|260.254833996|69.0|-512.0|-512.0|-197.0|-197.0|384.0|384.0|384.0|384.0
UTNTSkyEdge_tnt04b_2367_0_terrain_1_1|2367|0|2|510|467|3520.0|-128.0|3488.0|-192.0|3504.4472135954998|-160.22360679774997|-197.0|-197.0|-197.0|QROCK3|XA11TEX|1.0|1.0|0.0|0.0|8|gravel|-|SG001545|-|467|1|1|467|XA11TEX|-|1.0|1.0|0.0|0.0|0.0|QROCK3X8|-|1.0|1.0|260.254833996|69.0|-512.0|-512.0|-197.0|-197.0|384.0|384.0|384.0|384.0
UTNTSkyEdge_tnt04b_2368_0_terrain_1_0|2368|0|2|510|467|3488.0|-192.0|3520.0|-256.0|3503.5527864045002|-224.22360679774997|-197.0|-197.0|-197.0|QROCK3|QROCK3X8|1.0|1.0|331.809009276|69.0|8|rock|-|SG001424|-|427|1|0|467|XA11TEX|-|1.0|1.0|0.0|0.0|0.0|QROCK3X8|-|1.0|1.0|331.809009276|69.0|-512.0|-512.0|-197.0|-197.0|384.0|384.0|384.0|384.0
UTNTSkyEdge_tnt04b_2368_0_terrain_1_1|2368|0|2|510|467|3488.0|-192.0|3520.0|-256.0|3504.4472135954998|-223.77639320225003|-197.0|-197.0|-197.0|QROCK3|XA11TEX|1.0|1.0|0.0|0.0|8|gravel|-|SG001545|-|467|1|1|467|XA11TEX|-|1.0|1.0|0.0|0.0|0.0|QROCK3X8|-|1.0|1.0|331.809009276|69.0|-512.0|-512.0|-197.0|-197.0|384.0|384.0|384.0|384.0
UTNTSkyEdge_tnt04b_2369_0_terrain_1_0|2369|0|2|510|466|3520.0|-256.0|3488.0|-320.0|3503.5527864045002|-287.77639320225|-236.0|-236.0|-236.0|QROCK3|QROCK3X8|1.0|1.0|78.0|108.0|8|rock|-|SG001424|-|427|1|0|466|XA11TEX|-|1.0|1.0|0.0|0.0|0.0|QROCK3X8|-|1.0|1.0|78.0|108.0|-512.0|-512.0|-236.0|-236.0|384.0|384.0|384.0|384.0
UTNTSkyEdge_tnt04b_2369_0_terrain_1_1|2369|0|2|510|466|3520.0|-256.0|3488.0|-320.0|3504.4472135954998|-288.22360679775|-236.0|-236.0|-236.0|QROCK3|XA11TEX|1.0|1.0|0.0|0.0|8|gravel|-|SG001546|-|504|1|1|466|XA11TEX|-|1.0|1.0|0.0|0.0|0.0|QROCK3X8|-|1.0|1.0|78.0|108.0|-512.0|-512.0|-236.0|-236.0|384.0|384.0|384.0|384.0
UTNTSkyEdge_tnt04b_2370_0_terrain_1_0|2370|0|2|510|466|3488.0|-320.0|3456.0|-384.0|3471.5527864045002|-351.77639320225|-236.0|-236.0|-236.0|QROCK3|QROCK3X8|1.0|1.0|149.55417528|108.0|8|rock|-|SG001424|-|427|1|0|466|XA11TEX|-|1.0|1.0|0.0|0.0|0.0|QROCK3X8|-|1.0|1.0|149.55417528|108.0|-512.0|-512.0|-236.0|-236.0|384.0|384.0|384.0|384.0
UTNTSkyEdge_tnt04b_2370_0_terrain_1_1|2370|0|2|510|466|3488.0|-320.0|3456.0|-384.0|3472.4472135954998|-352.22360679775|-236.0|-236.0|-236.0|QROCK3|XA11TEX|1.0|1.0|0.0|0.0|8|gravel|-|SG001546|-|504|1|1|466|XA11TEX|-|1.0|1.0|0.0|0.0|0.0|QROCK3X8|-|1.0|1.0|149.55417528|108.0|-512.0|-512.0|-236.0|-236.0|384.0|384.0|384.0|384.0
UTNTSkyEdge_tnt04b_2371_0_terrain_1_0|2371|0|2|472|465|3456.0|-384.0|3488.0|-448.0|3471.5527864045002|-416.22360679775|-276.0|-276.0|-276.0|QROCK3|QROCK3X8|1.0|1.0|75.0|20.0|8|rock|-|SG001547|-|505|1|0|465|XA11TEX|-|1.0|1.0|0.0|0.0|0.0|QROCK3X8|-|1.0|1.0|75.0|20.0|-473.0|-473.0|-276.0|-276.0|384.0|384.0|384.0|384.0
UTNTSkyEdge_tnt04b_2371_0_terrain_1_1|2371|0|2|472|465|3456.0|-384.0|3488.0|-448.0|3472.4472135954998|-415.77639320225|-276.0|-276.0|-276.0|QROCK3|XA11TEX|1.0|1.0|0.0|0.0|8|gravel|-|SG001548|-|503|1|1|465|XA11TEX|-|1.0|1.0|0.0|0.0|0.0|QROCK3X8|-|1.0|1.0|75.0|20.0|-473.0|-473.0|-276.0|-276.0|384.0|384.0|384.0|384.0
UTNTSkyEdge_tnt04b_2372_0_terrain_1_0|2372|0|2|472|465|3488.0|-448.0|3424.0|-512.0|3455.6464466094067|-479.6464466094067|-276.0|-276.0|-276.0|QROCK3|QROCK3X8|1.0|1.0|146.55417528|20.0|8|rock|-|SG001547|-|505|1|0|465|XA11TEX|-|1.0|1.0|0.0|0.0|0.0|QROCK3X8|-|1.0|1.0|146.55417528|20.0|-473.0|-473.0|-276.0|-276.0|384.0|384.0|384.0|384.0
UTNTSkyEdge_tnt04b_2372_0_terrain_1_1|2372|0|2|472|465|3488.0|-448.0|3424.0|-512.0|3456.3535533905933|-480.3535533905933|-276.0|-276.0|-276.0|QROCK3|XA11TEX|1.0|1.0|0.0|0.0|8|gravel|-|SG001548|-|503|1|1|465|XA11TEX|-|1.0|1.0|0.0|0.0|0.0|QROCK3X8|-|1.0|1.0|146.55417528|20.0|-473.0|-473.0|-276.0|-276.0|384.0|384.0|384.0|384.0
UTNTSkyEdge_tnt04b_2373_0_terrain_1_0|2373|0|2|463|465|3424.0|-512.0|3456.0|-608.0|3439.525658350975|-560.1581138830085|-276.0|-276.0|-276.0|QROCK3|QROCK3X8|1.0|1.0|110.0|20.0|8|rock|-|SG001549|-|506|1|0|465|XA11TEX|-|1.0|1.0|0.0|0.0|0.0|QROCK3X8|-|1.0|1.0|110.0|20.0|-433.0|-433.0|-276.0|-276.0|384.0|384.0|384.0|384.0
UTNTSkyEdge_tnt04b_2373_0_terrain_1_1|2373|0|2|463|465|3424.0|-512.0|3456.0|-608.0|3440.474341649025|-559.8418861169915|-276.0|-276.0|-276.0|QROCK3|XA11TEX|1.0|1.0|0.0|0.0|8|gravel|-|SG001548|-|503|1|1|465|XA11TEX|-|1.0|1.0|0.0|0.0|0.0|QROCK3X8|-|1.0|1.0|110.0|20.0|-433.0|-433.0|-276.0|-276.0|384.0|384.0|384.0|384.0
UTNTSkyEdge_tnt04b_2373_0_terrain_2_1|2373|0|2|463|463|3424.0|-512.0|3456.0|-608.0|3439.525658350975|-560.1581138830085|-433.0|-433.0|-433.0|QROCK3|XA11TEX|1.0|1.0|0.0|0.0|14|gravel|-|SG001550|-|506|2|1|463|XA11TEX|-|1.0|1.0|0.0|0.0|0.0|QROCK3X8|-|1.0|1.0|110.0|20.0|-433.0|-433.0|-276.0|-276.0|384.0|384.0|384.0|384.0
UTNTSkyEdge_tnt04b_2374_0_terrain_1_0|2374|0|2|463|464|3456.0|-608.0|3456.0|-704.0|3455.5|-656.0|-315.0|-315.0|-315.0|QROCK3|QROCK3X8|1.0|1.0|45.0|59.0|8|rock|-|SG001549|-|506|1|0|464|XA11TEX|-|1.0|1.0|0.0|0.0|0.0|QROCK3X8|-|1.0|1.0|45.0|59.0|-433.0|-433.0|-315.0|-315.0|384.0|384.0|384.0|384.0
UTNTSkyEdge_tnt04b_2374_0_terrain_1_1|2374|0|2|463|464|3456.0|-608.0|3456.0|-704.0|3456.5|-656.0|-315.0|-315.0|-315.0|QROCK3|XA11TEX|1.0|1.0|0.0|0.0|8|gravel|-|SG001551|-|502|1|1|464|XA11TEX|-|1.0|1.0|0.0|0.0|0.0|QROCK3X8|-|1.0|1.0|45.0|59.0|-433.0|-433.0|-315.0|-315.0|384.0|384.0|384.0|384.0
UTNTSkyEdge_tnt04b_2374_0_terrain_2_1|2374|0|2|463|463|3456.0|-608.0|3456.0|-704.0|3455.5|-656.0|-433.0|-433.0|-433.0|QROCK3|XA11TEX|1.0|1.0|0.0|0.0|14|gravel|-|SG001552|-|506|2|1|463|XA11TEX|-|1.0|1.0|0.0|0.0|0.0|QROCK3X8|-|1.0|1.0|45.0|59.0|-433.0|-433.0|-315.0|-315.0|384.0|384.0|384.0|384.0
UTNTSkyEdge_tnt04b_2375_0_terrain_1_0|2375|0|2|471|464|3456.0|-704.0|3552.0|-736.0|3503.8418861169916|-720.4743416490253|-315.0|-315.0|-315.0|QROCK3|QROCK3X8|1.0|1.0|13.0|59.0|8|rock|-|SG001553|-|507|1|0|464|XA11TEX|-|1.0|1.0|0.0|0.0|0.0|QROCK3X8|-|1.0|1.0|13.0|59.0|-394.0|-394.0|-315.0|-315.0|384.0|384.0|384.0|384.0
UTNTSkyEdge_tnt04b_2375_0_terrain_1_1|2375|0|2|471|464|3456.0|-704.0|3552.0|-736.0|3504.1581138830084|-719.5256583509747|-315.0|-315.0|-315.0|QROCK3|XA11TEX|1.0|1.0|0.0|0.0|8|gravel|-|SG001551|-|502|1|1|464|XA11TEX|-|1.0|1.0|0.0|0.0|0.0|QROCK3X8|-|1.0|1.0|13.0|59.0|-394.0|-394.0|-315.0|-315.0|384.0|384.0|384.0|384.0
UTNTSkyEdge_tnt04b_2375_0_terrain_2_1|2375|0|2|471|471|3456.0|-704.0|3552.0|-736.0|3503.8418861169916|-720.4743416490253|-394.0|-394.0|-394.0|QROCK3|XA11TEX|1.0|1.0|0.0|0.0|14|gravel|-|SG001554|-|507|2|1|471|XA11TEX|-|1.0|1.0|0.0|0.0|0.0|QROCK3X8|-|1.0|1.0|13.0|59.0|-394.0|-394.0|-315.0|-315.0|384.0|384.0|384.0|384.0
UTNTSkyEdge_tnt04b_2376_0_terrain_1_0|2376|0|2|471|118|3552.0|-736.0|3520.0|-864.0|3535.5149287499275|-799.8787321874819|-354.0|-354.0|-354.0|QROCK3|QROCK3X8|1.0|1.0|4.0|98.0|6.4|rock|-|SG001553|-|507|1|0|118|XA11TEX|-|1.0|1.0|0.0|0.0|0.0|QROCK3X8|-|1.0|1.0|4.0|98.0|-394.0|-394.0|-354.0|-354.0|384.0|384.0|384.0|384.0
UTNTSkyEdge_tnt04b_2376_0_terrain_1_1|2376|0|2|471|118|3552.0|-736.0|3520.0|-864.0|3536.4850712500725|-800.1212678125181|-354.0|-354.0|-354.0|QROCK3|XA11TEX|1.0|1.0|0.0|0.0|6.4|gravel|-|SG001555|-|464|1|1|118|XA11TEX|-|1.0|1.0|0.0|0.0|0.0|QROCK3X8|-|1.0|1.0|4.0|98.0|-394.0|-394.0|-354.0|-354.0|384.0|384.0|384.0|384.0
UTNTSkyEdge_tnt04b_2377_0_terrain_1_0|2377|0|2|510|118|3520.0|-864.0|3616.0|-896.0|3567.8418861169916|-880.4743416490253|-354.0|-354.0|-354.0|QROCK3|QROCK3X8|1.0|1.0|8.0|98.0|8|rock|-|SG001424|-|427|1|0|118|XA11TEX|-|1.0|1.0|0.0|0.0|0.0|QROCK3X8|-|1.0|1.0|8.0|98.0|-512.0|-512.0|-354.0|-354.0|384.0|384.0|384.0|384.0
UTNTSkyEdge_tnt04b_2377_0_terrain_1_1|2377|0|2|510|118|3520.0|-864.0|3616.0|-896.0|3568.1581138830084|-879.5256583509747|-354.0|-354.0|-354.0|QROCK3|XA11TEX|1.0|1.0|0.0|0.0|8|gravel|-|SG001555|-|464|1|1|118|XA11TEX|-|1.0|1.0|0.0|0.0|0.0|QROCK3X8|-|1.0|1.0|8.0|98.0|-512.0|-512.0|-354.0|-354.0|384.0|384.0|384.0|384.0
UTNTSkyEdge_tnt04b_2378_0_terrain_1_0|2378|0|2|510|118|3616.0|-896.0|3680.0|-864.0|3648.22360679775|-880.4472135955|-354.0|-354.0|-354.0|QROCK3|QROCK3X8|1.0|1.0|109.192885125|98.0|8|rock|-|SG001424|-|427|1|0|118|XA11TEX|-|1.0|1.0|0.0|0.0|0.0|QROCK3X8|-|1.0|1.0|109.192885125|98.0|-512.0|-512.0|-354.0|-354.0|384.0|384.0|384.0|384.0
UTNTSkyEdge_tnt04b_2378_0_terrain_1_1|2378|0|2|510|118|3616.0|-896.0|3680.0|-864.0|3647.77639320225|-879.5527864045|-354.0|-354.0|-354.0|QROCK3|XA11TEX|1.0|1.0|0.0|0.0|8|gravel|-|SG001555|-|464|1|1|118|XA11TEX|-|1.0|1.0|0.0|0.0|0.0|QROCK3X8|-|1.0|1.0|109.192885125|98.0|-512.0|-512.0|-354.0|-354.0|384.0|384.0|384.0|384.0
UTNTSkyEdge_tnt04b_2380_0_terrain_1_0|2380|0|2|118|464|3552.0|-736.0|3616.0|-736.0|3584.0|-736.5|-315.0|-315.0|-315.0|QROCK3|QROCK3X8|1.0|1.0|114.0|59.0|6.24|rock|-|SG001462|-|464|1|0|464|XA11TEX|-|1.0|1.0|0.0|0.0|0.0|QROCK3X8|-|1.0|1.0|114.0|59.0|-354.0|-354.0|-315.0|-315.0|384.0|384.0|384.0|384.0
UTNTSkyEdge_tnt04b_2380_0_terrain_1_1|2380|0|2|118|464|3552.0|-736.0|3616.0|-736.0|3584.0|-735.5|-315.0|-315.0|-315.0|QROCK3|XA11TEX|1.0|1.0|0.0|0.0|6.24|gravel|-|SG001551|-|502|1|1|464|XA11TEX|-|1.0|1.0|0.0|0.0|0.0|QROCK3X8|-|1.0|1.0|114.0|59.0|-354.0|-354.0|-315.0|-315.0|384.0|384.0|384.0|384.0
UTNTSkyEdge_tnt04b_2381_0_terrain_1_0|2381|0|2|464|465|3456.0|-608.0|3520.0|-544.0|3488.3535533905933|-576.3535533905932|-276.0|-276.0|-276.0|QROCK3|QROCK3X8|1.0|1.0|83.0|20.0|6.24|rock|-|SG001538|-|502|1|0|465|XA11TEX|-|1.0|1.0|0.0|0.0|0.0|QROCK3X8|-|1.0|1.0|83.0|20.0|-315.0|-315.0|-276.0|-276.0|384.0|384.0|384.0|384.0
UTNTSkyEdge_tnt04b_2381_0_terrain_1_1|2381|0|2|464|465|3456.0|-608.0|3520.0|-544.0|3487.6464466094067|-575.6464466094068|-276.0|-276.0|-276.0|QROCK3|XA11TEX|1.0|1.0|0.0|0.0|6.24|gravel|-|SG001548|-|503|1|1|465|XA11TEX|-|1.0|1.0|0.0|0.0|0.0|QROCK3X8|-|1.0|1.0|83.0|20.0|-315.0|-315.0|-276.0|-276.0|384.0|384.0|384.0|384.0
UTNTSkyEdge_tnt04b_2382_0_terrain_1_0|2382|0|2|465|466|3456.0|-384.0|3616.0|-416.0|3535.901941932431|-400.49029033784547|-236.0|-236.0|-236.0|QROCK3|QROCK3X8|1.0|1.0|94.0|108.0|6.4|rock|-|SG001540|-|503|1|0|466|XA11TEX|-|1.0|1.0|0.0|0.0|0.0|QROCK3X8|-|1.0|1.0|94.0|108.0|-276.0|-276.0|-236.0|-236.0|384.0|384.0|384.0|384.0
UTNTSkyEdge_tnt04b_2382_0_terrain_1_1|2382|0|2|465|466|3456.0|-384.0|3616.0|-416.0|3536.098058067569|-399.50970966215453|-236.0|-236.0|-236.0|QROCK3|XA11TEX|1.0|1.0|0.0|0.0|6.4|gravel|-|SG001546|-|504|1|1|466|XA11TEX|-|1.0|1.0|0.0|0.0|0.0|QROCK3X8|-|1.0|1.0|94.0|108.0|-276.0|-276.0|-236.0|-236.0|384.0|384.0|384.0|384.0
UTNTSkyEdge_tnt04b_2383_0_terrain_1_0|2383|0|2|466|467|3520.0|-256.0|3584.0|-256.0|3552.0|-256.5|-197.0|-197.0|-197.0|QROCK3|QROCK3X8|1.0|1.0|20.0|69.0|6.24|rock|-|SG001543|-|504|1|0|467|XA11TEX|-|1.0|1.0|0.0|0.0|0.0|QROCK3X8|-|1.0|1.0|20.0|69.0|-236.0|-236.0|-197.0|-197.0|384.0|384.0|384.0|384.0
UTNTSkyEdge_tnt04b_2383_0_terrain_1_1|2383|0|2|466|467|3520.0|-256.0|3584.0|-256.0|3552.0|-255.5|-197.0|-197.0|-197.0|QROCK3|XA11TEX|1.0|1.0|0.0|0.0|6.24|gravel|-|SG001545|-|467|1|1|467|XA11TEX|-|1.0|1.0|0.0|0.0|0.0|QROCK3X8|-|1.0|1.0|20.0|69.0|-236.0|-236.0|-197.0|-197.0|384.0|384.0|384.0|384.0
UTNTSkyEdge_tnt04b_2384_1_terrain_1_0|2384|1|2|466|462|3616.0|-288.0|3616.0|-352.0|3615.5|-320.0|-158.0|-158.0|-158.0|QROCK3|QROCK3X8|1.0|1.0|129.254833996|30.0|8|rock|-|SG001543|-|504|1|0|462|XA11TEX|-|1.0|1.0|0.0|0.0|0.0|QROCK3X8|-|1.0|1.0|129.254833996|30.0|-236.0|-236.0|-158.0|-158.0|384.0|384.0|384.0|384.0
UTNTSkyEdge_tnt04b_2384_1_terrain_1_1|2384|1|2|466|462|3616.0|-288.0|3616.0|-352.0|3616.5|-320.0|-158.0|-158.0|-158.0|QROCK3|XA11TEX|1.0|1.0|0.0|0.0|8|gravel|-|SG001544|-|463|1|1|462|XA11TEX|-|1.0|1.0|0.0|0.0|0.0|QROCK3X8|-|1.0|1.0|129.254833996|30.0|-236.0|-236.0|-158.0|-158.0|384.0|384.0|384.0|384.0
UTNTSkyEdge_tnt04b_2385_1_terrain_1_0|2385|1|2|462|468|3712.0|-320.0|3616.0|-352.0|3663.8418861169916|-335.52565835097477|-118.0|-118.0|-118.0|QROCK3|QROCK3X8|1.0|1.0|92.0|118.0|6.4|rock|-|SG001461|-|463|1|0|468|XA11TEX|-|1.0|1.0|0.0|0.0|0.0|QROCK3X8|-|1.0|1.0|92.0|118.0|-158.0|-158.0|-118.0|-118.0|384.0|384.0|384.0|384.0
UTNTSkyEdge_tnt04b_2385_1_terrain_1_1|2385|1|2|462|468|3712.0|-320.0|3616.0|-352.0|3664.1581138830084|-336.47434164902523|-118.0|-118.0|-118.0|QROCK3|XA11TEX|1.0|1.0|0.0|0.0|6.4|gravel|-|SG001542|-|462|1|1|468|XA11TEX|-|1.0|1.0|0.0|0.0|0.0|QROCK3X8|-|1.0|1.0|92.0|118.0|-158.0|-158.0|-118.0|-118.0|384.0|384.0|384.0|384.0
UTNTSkyEdge_tnt04b_2386_1_terrain_1_0|2386|1|2|468|929|3648.0|-480.0|3648.0|-512.0|3647.5|-496.0|0.0|0.0|0.0|QROCK3|QROCK3X8|1.0|1.0|300.318677268|0.0|8|rock|-|SG001459|-|462|1|0|929|XA11TEX|-|1.0|1.0|0.0|0.0|0.0|QROCK3X8|-|1.0|1.0|300.318677268|0.0|-118.0|-118.0|0.0|0.0|384.0|384.0|384.0|384.0
UTNTSkyEdge_tnt04b_2386_1_terrain_1_1|2386|1|2|468|929|3648.0|-480.0|3648.0|-512.0|3648.5|-496.0|0.0|0.0|0.0|QROCK3|XA11TEX|1.0|1.0|0.0|0.0|8|gravel|-|SG001460|-|428|1|1|929|XA11TEX|-|1.0|1.0|0.0|0.0|0.0|QROCK3X8|-|1.0|1.0|300.318677268|0.0|-118.0|-118.0|0.0|0.0|384.0|384.0|384.0|384.0
UTNTSkyEdge_tnt04b_2387_0_terrain_1_0|2387|0|2|468|469|3584.0|-480.0|3552.0|-448.0|3568.3535533905933|-463.6464466094067|-79.0|-79.0|-79.0|QROCK3|QROCK3X8|1.0|1.0|155.55417528|79.0|6.24|rock|-|SG001459|-|462|1|0|469|XA11TEX|-|1.0|1.0|0.0|0.0|0.0|QROCK3X8|-|1.0|1.0|155.55417528|79.0|-118.0|-118.0|-79.0|-79.0|384.0|384.0|384.0|384.0
UTNTSkyEdge_tnt04b_2387_0_terrain_1_1|2387|0|2|468|469|3584.0|-480.0|3552.0|-448.0|3567.6464466094067|-464.3535533905933|-79.0|-79.0|-79.0|QROCK3|XA11TEX|1.0|1.0|0.0|0.0|6.24|gravel|-|SG001539|-|465|1|1|469|XA11TEX|-|1.0|1.0|0.0|0.0|0.0|QROCK3X8|-|1.0|1.0|155.55417528|79.0|-118.0|-118.0|-79.0|-79.0|384.0|384.0|384.0|384.0
UTNTSkyEdge_tnt04b_2388_0_terrain_1_0|2388|0|2|468|469|3648.0|-512.0|3584.0|-480.0|3616.22360679775|-495.55278640450007|-79.0|-79.0|-79.0|QROCK3|QROCK3X8|1.0|1.0|84.0|79.0|6.24|rock|-|SG001459|-|462|1|0|469|XA11TEX|-|1.0|1.0|0.0|0.0|0.0|QROCK3X8|-|1.0|1.0|84.0|79.0|-118.0|-118.0|-79.0|-79.0|384.0|384.0|384.0|384.0
UTNTSkyEdge_tnt04b_2388_0_terrain_1_1|2388|0|2|468|469|3648.0|-512.0|3584.0|-480.0|3615.77639320225|-496.44721359549993|-79.0|-79.0|-79.0|QROCK3|XA11TEX|1.0|1.0|0.0|0.0|6.24|gravel|-|SG001539|-|465|1|1|469|XA11TEX|-|1.0|1.0|0.0|0.0|0.0|QROCK3X8|-|1.0|1.0|84.0|79.0|-118.0|-118.0|-79.0|-79.0|384.0|384.0|384.0|384.0
UTNTSkyEdge_tnt04b_2389_1_terrain_1_0|2389|1|2|464|469|3584.0|-576.0|3616.0|-624.0|3599.583974852831|-600.2773500981126|-79.0|-79.0|-79.0|QROCK3|QROCK3X8|1.0|1.0|117.55417528|79.0|8|rock|-|SG001538|-|502|1|0|469|XA11TEX|-|1.0|1.0|0.0|0.0|0.0|QROCK3X8|-|1.0|1.0|117.55417528|79.0|-315.0|-315.0|-79.0|-79.0|384.0|384.0|384.0|384.0
UTNTSkyEdge_tnt04b_2389_1_terrain_1_1|2389|1|2|464|469|3584.0|-576.0|3616.0|-624.0|3600.416025147169|-599.7226499018874|-79.0|-79.0|-79.0|QROCK3|XA11TEX|1.0|1.0|0.0|0.0|8|gravel|-|SG001539|-|465|1|1|469|XA11TEX|-|1.0|1.0|0.0|0.0|0.0|QROCK3X8|-|1.0|1.0|117.55417528|79.0|-315.0|-315.0|-79.0|-79.0|384.0|384.0|384.0|384.0
UTNTSkyEdge_tnt04b_2390_1_terrain_1_0|2390|1|2|469|470|3712.0|-608.0|3616.0|-624.0|3663.9178005063472|-615.506803038084|-39.0|-39.0|-39.0|QROCK3|QROCK3X8|1.0|1.0|79.0|39.0|6.4|rock|-|SG001463|-|465|1|0|470|XA11TEX|-|1.0|1.0|0.0|0.0|0.0|QROCK3X8|-|1.0|1.0|79.0|39.0|-79.0|-79.0|-39.0|-39.0|384.0|384.0|384.0|384.0
UTNTSkyEdge_tnt04b_2390_1_terrain_1_1|2390|1|2|469|470|3712.0|-608.0|3616.0|-624.0|3664.0821994936528|-616.493196961916|-39.0|-39.0|-39.0|QROCK3|XA11TEX|1.0|1.0|0.0|0.0|6.4|gravel|-|SG001537|-|466|1|1|470|XA11TEX|-|1.0|1.0|0.0|0.0|0.0|QROCK3X8|-|1.0|1.0|79.0|39.0|-79.0|-79.0|-39.0|-39.0|384.0|384.0|384.0|384.0
UTNTSkyEdge_tnt04b_2391_1_terrain_1_0|2391|1|2|510|471|3424.0|-896.0|3520.0|-864.0|3472.1581138830084|-880.4743416490253|-394.0|-394.0|-394.0|QROCK3|QROCK3X8|1.0|1.0|290.55417528|10.0|8|rock|-|SG001424|-|427|1|0|471|XA11TEX|-|1.0|1.0|0.0|0.0|0.0|QROCK3X8|-|1.0|1.0|290.55417528|10.0|-512.0|-512.0|-394.0|-394.0|384.0|384.0|384.0|384.0
UTNTSkyEdge_tnt04b_2391_1_terrain_1_1|2391|1|2|510|471|3424.0|-896.0|3520.0|-864.0|3471.8418861169916|-879.5256583509747|-394.0|-394.0|-394.0|QROCK3|XA11TEX|1.0|1.0|0.0|0.0|8|gravel|-|SG001556|-|507|1|1|471|XA11TEX|-|1.0|1.0|0.0|0.0|0.0|QROCK3X8|-|1.0|1.0|290.55417528|10.0|-512.0|-512.0|-394.0|-394.0|384.0|384.0|384.0|384.0
UTNTSkyEdge_tnt04b_2392_1_terrain_1_0|2392|1|2|510|471|3360.0|-864.0|3424.0|-896.0|3391.77639320225|-880.4472135955|-394.0|-394.0|-394.0|QROCK3|QROCK3X8|1.0|1.0|219.0|10.0|8|rock|-|SG001424|-|427|1|0|471|XA11TEX|-|1.0|1.0|0.0|0.0|0.0|QROCK3X8|-|1.0|1.0|219.0|10.0|-512.0|-512.0|-394.0|-394.0|384.0|384.0|384.0|384.0
UTNTSkyEdge_tnt04b_2392_1_terrain_1_1|2392|1|2|510|471|3360.0|-864.0|3424.0|-896.0|3392.22360679775|-879.5527864045|-394.0|-394.0|-394.0|QROCK3|XA11TEX|1.0|1.0|0.0|0.0|8|gravel|-|SG001556|-|507|1|1|471|XA11TEX|-|1.0|1.0|0.0|0.0|0.0|QROCK3X8|-|1.0|1.0|219.0|10.0|-512.0|-512.0|-394.0|-394.0|384.0|384.0|384.0|384.0
UTNTSkyEdge_tnt04b_2393_1_terrain_1_0|2393|1|2|510|471|3360.0|-768.0|3360.0|-864.0|3359.5|-816.0|-394.0|-394.0|-394.0|QROCK3|QROCK3X8|1.0|1.0|123.0|10.0|8|rock|-|SG001424|-|427|1|0|471|XA11TEX|-|1.0|1.0|0.0|0.0|0.0|QROCK3X8|-|1.0|1.0|123.0|10.0|-512.0|-512.0|-394.0|-394.0|384.0|384.0|384.0|384.0
UTNTSkyEdge_tnt04b_2393_1_terrain_1_1|2393|1|2|510|471|3360.0|-768.0|3360.0|-864.0|3360.5|-816.0|-394.0|-394.0|-394.0|QROCK3|XA11TEX|1.0|1.0|0.0|0.0|8|gravel|-|SG001556|-|507|1|1|471|XA11TEX|-|1.0|1.0|0.0|0.0|0.0|QROCK3X8|-|1.0|1.0|123.0|10.0|-512.0|-512.0|-394.0|-394.0|384.0|384.0|384.0|384.0
UTNTSkyEdge_tnt04b_2394_1_terrain_1_0|2394|1|2|463|471|3456.0|-704.0|3360.0|-768.0|3407.7226499018875|-735.583974852831|-394.0|-394.0|-394.0|QROCK3|QROCK3X8|1.0|1.0|8.0|10.0|6.24|rock|-|SG001549|-|506|1|0|471|XA11TEX|-|1.0|1.0|0.0|0.0|0.0|QROCK3X8|-|1.0|1.0|8.0|10.0|-433.0|-433.0|-394.0|-394.0|384.0|384.0|384.0|384.0
UTNTSkyEdge_tnt04b_2394_1_terrain_1_1|2394|1|2|463|471|3456.0|-704.0|3360.0|-768.0|3408.2773500981125|-736.416025147169|-394.0|-394.0|-394.0|QROCK3|XA11TEX|1.0|1.0|0.0|0.0|6.24|gravel|-|SG001556|-|507|1|1|471|XA11TEX|-|1.0|1.0|0.0|0.0|0.0|QROCK3X8|-|1.0|1.0|8.0|10.0|-433.0|-433.0|-394.0|-394.0|384.0|384.0|384.0|384.0
UTNTSkyEdge_tnt04b_2395_1_terrain_1_0|2395|1|2|510|463|3296.0|-736.0|3360.0|-768.0|3327.77639320225|-752.4472135955|-433.0|-433.0|-433.0|QROCK3|QROCK3X8|1.0|1.0|307.447719121|49.0|8|rock|-|SG001424|-|427|1|0|463|XA11TEX|-|1.0|1.0|0.0|0.0|0.0|QROCK3X8|-|1.0|1.0|307.447719121|49.0|-512.0|-512.0|-433.0|-433.0|384.0|384.0|384.0|384.0
UTNTSkyEdge_tnt04b_2395_1_terrain_1_1|2395|1|2|510|463|3296.0|-736.0|3360.0|-768.0|3328.22360679775|-751.5527864045|-433.0|-433.0|-433.0|QROCK3|XA11TEX|1.0|1.0|0.0|0.0|8|gravel|-|SG001557|-|506|1|1|463|XA11TEX|-|1.0|1.0|0.0|0.0|0.0|QROCK3X8|-|1.0|1.0|307.447719121|49.0|-512.0|-512.0|-433.0|-433.0|384.0|384.0|384.0|384.0
UTNTSkyEdge_tnt04b_2396_1_terrain_1_0|2396|1|2|510|463|3296.0|-672.0|3296.0|-736.0|3295.5|-704.0|-433.0|-433.0|-433.0|QROCK3|QROCK3X8|1.0|1.0|243.447719121|49.0|8|rock|-|SG001424|-|427|1|0|463|XA11TEX|-|1.0|1.0|0.0|0.0|0.0|QROCK3X8|-|1.0|1.0|243.447719121|49.0|-512.0|-512.0|-433.0|-433.0|384.0|384.0|384.0|384.0
UTNTSkyEdge_tnt04b_2396_1_terrain_1_1|2396|1|2|510|463|3296.0|-672.0|3296.0|-736.0|3296.5|-704.0|-433.0|-433.0|-433.0|QROCK3|XA11TEX|1.0|1.0|0.0|0.0|8|gravel|-|SG001557|-|506|1|1|463|XA11TEX|-|1.0|1.0|0.0|0.0|0.0|QROCK3X8|-|1.0|1.0|243.447719121|49.0|-512.0|-512.0|-433.0|-433.0|384.0|384.0|384.0|384.0
UTNTSkyEdge_tnt04b_2397_1_terrain_1_0|2397|1|2|510|463|3264.0|-640.0|3296.0|-672.0|3279.6464466094067|-656.3535533905932|-433.0|-433.0|-433.0|QROCK3|QROCK3X8|1.0|1.0|198.192885125|49.0|8|rock|-|SG001424|-|427|1|0|463|XA11TEX|-|1.0|1.0|0.0|0.0|0.0|QROCK3X8|-|1.0|1.0|198.192885125|49.0|-512.0|-512.0|-433.0|-433.0|384.0|384.0|384.0|384.0
UTNTSkyEdge_tnt04b_2397_1_terrain_1_1|2397|1|2|510|463|3264.0|-640.0|3296.0|-672.0|3280.3535533905933|-655.6464466094068|-433.0|-433.0|-433.0|QROCK3|XA11TEX|1.0|1.0|0.0|0.0|8|gravel|-|SG001557|-|506|1|1|463|XA11TEX|-|1.0|1.0|0.0|0.0|0.0|QROCK3X8|-|1.0|1.0|198.192885125|49.0|-512.0|-512.0|-433.0|-433.0|384.0|384.0|384.0|384.0
UTNTSkyEdge_tnt04b_2398_1_terrain_1_0|2398|1|2|510|463|3296.0|-544.0|3264.0|-640.0|3279.525658350975|-591.8418861169915|-433.0|-433.0|-433.0|QROCK3|QROCK3X8|1.0|1.0|97.0|49.0|8|rock|-|SG001424|-|427|1|0|463|XA11TEX|-|1.0|1.0|0.0|0.0|0.0|QROCK3X8|-|1.0|1.0|97.0|49.0|-512.0|-512.0|-433.0|-433.0|384.0|384.0|384.0|384.0
UTNTSkyEdge_tnt04b_2398_1_terrain_1_1|2398|1|2|510|463|3296.0|-544.0|3264.0|-640.0|3280.474341649025|-592.1581138830085|-433.0|-433.0|-433.0|QROCK3|XA11TEX|1.0|1.0|0.0|0.0|8|gravel|-|SG001557|-|506|1|1|463|XA11TEX|-|1.0|1.0|0.0|0.0|0.0|QROCK3X8|-|1.0|1.0|97.0|49.0|-512.0|-512.0|-433.0|-433.0|384.0|384.0|384.0|384.0
UTNTSkyEdge_tnt04b_2399_1_terrain_1_0|2399|1|2|472|463|3360.0|-512.0|3296.0|-544.0|3327.77639320225|-527.5527864045|-433.0|-433.0|-433.0|QROCK3|QROCK3X8|1.0|1.0|153.0|49.0|6.4|rock|-|SG001547|-|505|1|0|463|XA11TEX|-|1.0|1.0|0.0|0.0|0.0|QROCK3X8|-|1.0|1.0|153.0|49.0|-473.0|-473.0|-433.0|-433.0|384.0|384.0|384.0|384.0
UTNTSkyEdge_tnt04b_2399_1_terrain_1_1|2399|1|2|472|463|3360.0|-512.0|3296.0|-544.0|3328.22360679775|-528.4472135955|-433.0|-433.0|-433.0|QROCK3|XA11TEX|1.0|1.0|0.0|0.0|6.4|gravel|-|SG001557|-|506|1|1|463|XA11TEX|-|1.0|1.0|0.0|0.0|0.0|QROCK3X8|-|1.0|1.0|153.0|49.0|-473.0|-473.0|-433.0|-433.0|384.0|384.0|384.0|384.0
UTNTSkyEdge_tnt04b_2400_1_terrain_1_0|2400|1|2|472|463|3424.0|-512.0|3360.0|-512.0|3392.0|-511.5|-433.0|-433.0|-433.0|QROCK3|QROCK3X8|1.0|1.0|89.0|49.0|6.4|rock|-|SG001547|-|505|1|0|463|XA11TEX|-|1.0|1.0|0.0|0.0|0.0|QROCK3X8|-|1.0|1.0|89.0|49.0|-473.0|-473.0|-433.0|-433.0|384.0|384.0|384.0|384.0
UTNTSkyEdge_tnt04b_2400_1_terrain_1_1|2400|1|2|472|463|3424.0|-512.0|3360.0|-512.0|3392.0|-512.5|-433.0|-433.0|-433.0|QROCK3|XA11TEX|1.0|1.0|0.0|0.0|6.4|gravel|-|SG001557|-|506|1|1|463|XA11TEX|-|1.0|1.0|0.0|0.0|0.0|QROCK3X8|-|1.0|1.0|89.0|49.0|-473.0|-473.0|-433.0|-433.0|384.0|384.0|384.0|384.0
UTNTSkyEdge_tnt04b_2401_1_terrain_1_0|2401|1|2|510|472|3232.0|-512.0|3296.0|-544.0|3263.77639320225|-528.4472135955|-473.0|-473.0|-473.0|QROCK3|QROCK3X8|1.0|1.0|536.810903677|89.0|6.24|rock|-|SG001424|-|427|1|0|472|XA11TEX|-|1.0|1.0|0.0|0.0|0.0|QROCK3X8|-|1.0|1.0|536.810903677|89.0|-512.0|-512.0|-473.0|-473.0|384.0|384.0|384.0|384.0
UTNTSkyEdge_tnt04b_2401_1_terrain_1_1|2401|1|2|510|472|3232.0|-512.0|3296.0|-544.0|3264.22360679775|-527.5527864045|-473.0|-473.0|-473.0|QROCK3|XA11TEX|1.0|1.0|0.0|0.0|6.24|gravel|-|SG001558|-|505|1|1|472|XA11TEX|-|1.0|1.0|0.0|0.0|0.0|QROCK3X8|-|1.0|1.0|536.810903677|89.0|-512.0|-512.0|-473.0|-473.0|384.0|384.0|384.0|384.0
UTNTSkyEdge_tnt04b_2402_1_terrain_1_0|2402|1|2|510|472|3200.0|-480.0|3232.0|-512.0|3215.6464466094067|-496.3535533905933|-473.0|-473.0|-473.0|QROCK3|QROCK3X8|1.0|1.0|491.556069681|89.0|6.24|rock|-|SG001424|-|427|1|0|472|XA11TEX|-|1.0|1.0|0.0|0.0|0.0|QROCK3X8|-|1.0|1.0|491.556069681|89.0|-512.0|-512.0|-473.0|-473.0|384.0|384.0|384.0|384.0
UTNTSkyEdge_tnt04b_2402_1_terrain_1_1|2402|1|2|510|472|3200.0|-480.0|3232.0|-512.0|3216.3535533905933|-495.6464466094067|-473.0|-473.0|-473.0|QROCK3|XA11TEX|1.0|1.0|0.0|0.0|6.24|gravel|-|SG001558|-|505|1|1|472|XA11TEX|-|1.0|1.0|0.0|0.0|0.0|QROCK3X8|-|1.0|1.0|491.556069681|89.0|-512.0|-512.0|-473.0|-473.0|384.0|384.0|384.0|384.0
UTNTSkyEdge_tnt04b_2403_1_terrain_1_0|2403|1|2|510|472|3232.0|-384.0|3200.0|-480.0|3215.525658350975|-431.8418861169916|-473.0|-473.0|-473.0|QROCK3|QROCK3X8|1.0|1.0|390.363184556|89.0|6.24|rock|-|SG001424|-|427|1|0|472|XA11TEX|-|1.0|1.0|0.0|0.0|0.0|QROCK3X8|-|1.0|1.0|390.363184556|89.0|-512.0|-512.0|-473.0|-473.0|384.0|384.0|384.0|384.0
UTNTSkyEdge_tnt04b_2403_1_terrain_1_1|2403|1|2|510|472|3232.0|-384.0|3200.0|-480.0|3216.474341649025|-432.1581138830084|-473.0|-473.0|-473.0|QROCK3|XA11TEX|1.0|1.0|0.0|0.0|6.24|gravel|-|SG001558|-|505|1|1|472|XA11TEX|-|1.0|1.0|0.0|0.0|0.0|QROCK3X8|-|1.0|1.0|390.363184556|89.0|-512.0|-512.0|-473.0|-473.0|384.0|384.0|384.0|384.0
UTNTSkyEdge_tnt04b_2404_1_terrain_1_0|2404|1|2|510|472|3264.0|-320.0|3232.0|-384.0|3247.5527864045002|-351.77639320225|-473.0|-473.0|-473.0|QROCK3|QROCK3X8|1.0|1.0|318.809009276|89.0|6.24|rock|-|SG001424|-|427|1|0|472|XA11TEX|-|1.0|1.0|0.0|0.0|0.0|QROCK3X8|-|1.0|1.0|318.809009276|89.0|-512.0|-512.0|-473.0|-473.0|384.0|384.0|384.0|384.0
UTNTSkyEdge_tnt04b_2404_1_terrain_1_1|2404|1|2|510|472|3264.0|-320.0|3232.0|-384.0|3248.4472135954998|-352.22360679775|-473.0|-473.0|-473.0|QROCK3|XA11TEX|1.0|1.0|0.0|0.0|6.24|gravel|-|SG001558|-|505|1|1|472|XA11TEX|-|1.0|1.0|0.0|0.0|0.0|QROCK3X8|-|1.0|1.0|318.809009276|89.0|-512.0|-512.0|-473.0|-473.0|384.0|384.0|384.0|384.0
UTNTSkyEdge_tnt04b_2405_1_terrain_1_0|2405|1|2|510|472|3360.0|-320.0|3264.0|-320.0|3312.0|-319.5|-473.0|-473.0|-473.0|QROCK3|QROCK3X8|1.0|1.0|222.809009276|89.0|6.24|rock|-|SG001424|-|427|1|0|472|XA11TEX|-|1.0|1.0|0.0|0.0|0.0|QROCK3X8|-|1.0|1.0|222.809009276|89.0|-512.0|-512.0|-473.0|-473.0|384.0|384.0|384.0|384.0
UTNTSkyEdge_tnt04b_2405_1_terrain_1_1|2405|1|2|510|472|3360.0|-320.0|3264.0|-320.0|3312.0|-320.5|-473.0|-473.0|-473.0|QROCK3|XA11TEX|1.0|1.0|0.0|0.0|6.24|gravel|-|SG001558|-|505|1|1|472|XA11TEX|-|1.0|1.0|0.0|0.0|0.0|QROCK3X8|-|1.0|1.0|222.809009276|89.0|-512.0|-512.0|-473.0|-473.0|384.0|384.0|384.0|384.0
UTNTSkyEdge_tnt04b_2406_1_terrain_1_0|2406|1|2|510|472|3392.0|-352.0|3360.0|-320.0|3376.3535533905933|-335.6464466094067|-473.0|-473.0|-473.0|QROCK3|QROCK3X8|1.0|1.0|177.55417528|89.0|6.24|rock|-|SG001424|-|427|1|0|472|XA11TEX|-|1.0|1.0|0.0|0.0|0.0|QROCK3X8|-|1.0|1.0|177.55417528|89.0|-512.0|-512.0|-473.0|-473.0|384.0|384.0|384.0|384.0
UTNTSkyEdge_tnt04b_2406_1_terrain_1_1|2406|1|2|510|472|3392.0|-352.0|3360.0|-320.0|3375.6464466094067|-336.3535533905933|-473.0|-473.0|-473.0|QROCK3|XA11TEX|1.0|1.0|0.0|0.0|6.24|gravel|-|SG001558|-|505|1|1|472|XA11TEX|-|1.0|1.0|0.0|0.0|0.0|QROCK3X8|-|1.0|1.0|177.55417528|89.0|-512.0|-512.0|-473.0|-473.0|384.0|384.0|384.0|384.0
UTNTSkyEdge_tnt04b_2407_1_terrain_1_0|2407|1|2|510|472|3456.0|-384.0|3392.0|-352.0|3424.22360679775|-367.55278640450007|-473.0|-473.0|-473.0|QROCK3|QROCK3X8|1.0|1.0|106.0|89.0|6.24|rock|-|SG001424|-|427|1|0|472|XA11TEX|-|1.0|1.0|0.0|0.0|0.0|QROCK3X8|-|1.0|1.0|106.0|89.0|-512.0|-512.0|-473.0|-473.0|384.0|384.0|384.0|384.0
UTNTSkyEdge_tnt04b_2407_1_terrain_1_1|2407|1|2|510|472|3456.0|-384.0|3392.0|-352.0|3423.77639320225|-368.44721359549993|-473.0|-473.0|-473.0|QROCK3|XA11TEX|1.0|1.0|0.0|0.0|6.24|gravel|-|SG001558|-|505|1|1|472|XA11TEX|-|1.0|1.0|0.0|0.0|0.0|QROCK3X8|-|1.0|1.0|106.0|89.0|-512.0|-512.0|-473.0|-473.0|384.0|384.0|384.0|384.0
UTNTSkyEdge_tnt04b_2704_1_terrain_1_0|2704|1|2|510|506|2672.0|-928.0|2672.0|-976.0|2671.5|-952.0|-496.0|-496.0|-496.0|QROCK1|QROCK1X8|1.0|1.0|165.974083378|112.0|5.12|rock|-|SG001559|-|427|1|0|506|XA38TEX|-|1.0|1.0|0.0|0.0|0.0|QROCK1X8|-|1.0|1.0|165.974083378|112.0|-512.0|-512.0|-496.0|-496.0|384.0|384.0|384.0|384.0
UTNTSkyEdge_tnt04b_2704_1_terrain_1_1|2704|1|2|510|506|2672.0|-928.0|2672.0|-976.0|2672.5|-952.0|-496.0|-496.0|-496.0|QROCK1|XA38TEX|1.0|1.0|0.0|0.0|5.12|rock|-|SG001560|-|508|1|1|506|XA38TEX|-|1.0|1.0|0.0|0.0|0.0|QROCK1X8|-|1.0|1.0|165.974083378|112.0|-512.0|-512.0|-496.0|-496.0|384.0|384.0|384.0|384.0
UTNTSkyEdge_tnt04b_2705_1_terrain_1_0|2705|1|2|510|506|2720.0|-896.0|2672.0|-928.0|2695.7226499018875|-911.583974852831|-496.0|-496.0|-496.0|QROCK1|QROCK1X8|1.0|1.0|108.28526297|112.0|5.12|rock|-|SG001559|-|427|1|0|506|XA38TEX|-|1.0|1.0|0.0|0.0|0.0|QROCK1X8|-|1.0|1.0|108.28526297|112.0|-512.0|-512.0|-496.0|-496.0|384.0|384.0|384.0|384.0
UTNTSkyEdge_tnt04b_2705_1_terrain_1_1|2705|1|2|510|506|2720.0|-896.0|2672.0|-928.0|2696.2773500981125|-912.416025147169|-496.0|-496.0|-496.0|QROCK1|XA38TEX|1.0|1.0|0.0|0.0|5.12|rock|-|SG001560|-|508|1|1|506|XA38TEX|-|1.0|1.0|0.0|0.0|0.0|QROCK1X8|-|1.0|1.0|108.28526297|112.0|-512.0|-512.0|-496.0|-496.0|384.0|384.0|384.0|384.0
UTNTSkyEdge_tnt04b_2706_1_terrain_1_0|2706|1|2|510|506|2768.0|-928.0|2720.0|-896.0|2744.2773500981125|-911.583974852831|-496.0|-496.0|-496.0|QROCK1|QROCK1X8|1.0|1.0|50.596442563|112.0|5.12|rock|-|SG001559|-|427|1|0|506|XA38TEX|-|1.0|1.0|0.0|0.0|0.0|QROCK1X8|-|1.0|1.0|50.596442563|112.0|-512.0|-512.0|-496.0|-496.0|384.0|384.0|384.0|384.0
UTNTSkyEdge_tnt04b_2706_1_terrain_1_1|2706|1|2|510|506|2768.0|-928.0|2720.0|-896.0|2743.7226499018875|-912.416025147169|-496.0|-496.0|-496.0|QROCK1|XA38TEX|1.0|1.0|0.0|0.0|5.12|rock|-|SG001560|-|508|1|1|506|XA38TEX|-|1.0|1.0|0.0|0.0|0.0|QROCK1X8|-|1.0|1.0|50.596442563|112.0|-512.0|-512.0|-496.0|-496.0|384.0|384.0|384.0|384.0
UTNTSkyEdge_tnt04b_2707_1_terrain_1_0|2707|1|2|510|506|2816.0|-944.0|2768.0|-928.0|2792.1581138830084|-935.5256583509747|-496.0|-496.0|-496.0|QROCK1|QROCK1X8|1.0|1.0|0.0|112.0|5.12|rock|-|SG001559|-|427|1|0|506|XA38TEX|-|1.0|1.0|0.0|0.0|0.0|QROCK1X8|-|1.0|1.0|0.0|112.0|-512.0|-512.0|-496.0|-496.0|384.0|384.0|384.0|384.0
UTNTSkyEdge_tnt04b_2707_1_terrain_1_1|2707|1|2|510|506|2816.0|-944.0|2768.0|-928.0|2791.8418861169916|-936.4743416490253|-496.0|-496.0|-496.0|QROCK1|XA38TEX|1.0|1.0|0.0|0.0|5.12|rock|-|SG001560|-|508|1|1|506|XA38TEX|-|1.0|1.0|0.0|0.0|0.0|QROCK1X8|-|1.0|1.0|0.0|112.0|-512.0|-512.0|-496.0|-496.0|384.0|384.0|384.0|384.0
UTNTSkyEdge_tnt04b_2708_1_terrain_1_0|2708|1|2|510|506|2816.0|-992.0|2816.0|-944.0|2816.5|-968.0|-496.0|-496.0|-496.0|QROCK1|QROCK1X8|1.0|1.0|391.111168367|112.0|5.12|rock|-|SG001559|-|427|1|0|506|XA38TEX|-|1.0|1.0|0.0|0.0|0.0|QROCK1X8|-|1.0|1.0|391.111168367|112.0|-512.0|-512.0|-496.0|-496.0|384.0|384.0|384.0|384.0
UTNTSkyEdge_tnt04b_2708_1_terrain_1_1|2708|1|2|510|506|2816.0|-992.0|2816.0|-944.0|2815.5|-968.0|-496.0|-496.0|-496.0|QROCK1|XA38TEX|1.0|1.0|0.0|0.0|5.12|rock|-|SG001560|-|508|1|1|506|XA38TEX|-|1.0|1.0|0.0|0.0|0.0|QROCK1X8|-|1.0|1.0|391.111168367|112.0|-512.0|-512.0|-496.0|-496.0|384.0|384.0|384.0|384.0
UTNTSkyEdge_tnt04b_2709_1_terrain_1_0|2709|1|2|510|506|2784.0|-1024.0|2816.0|-992.0|2800.3535533905933|-1008.3535533905932|-496.0|-496.0|-496.0|QROCK1|QROCK1X8|1.0|1.0|345.856334371|112.0|5.12|rock|-|SG001559|-|427|1|0|506|XA38TEX|-|1.0|1.0|0.0|0.0|0.0|QROCK1X8|-|1.0|1.0|345.856334371|112.0|-512.0|-512.0|-496.0|-496.0|384.0|384.0|384.0|384.0
UTNTSkyEdge_tnt04b_2709_1_terrain_1_1|2709|1|2|510|506|2784.0|-1024.0|2816.0|-992.0|2799.6464466094067|-1007.6464466094068|-496.0|-496.0|-496.0|QROCK1|XA38TEX|1.0|1.0|0.0|0.0|5.12|rock|-|SG001560|-|508|1|1|506|XA38TEX|-|1.0|1.0|0.0|0.0|0.0|QROCK1X8|-|1.0|1.0|345.856334371|112.0|-512.0|-512.0|-496.0|-496.0|384.0|384.0|384.0|384.0
UTNTSkyEdge_tnt04b_2710_1_terrain_1_0|2710|1|2|510|506|2720.0|-1024.0|2784.0|-1024.0|2752.0|-1024.5|-496.0|-496.0|-496.0|QROCK1|QROCK1X8|1.0|1.0|281.856334371|112.0|5.12|rock|-|SG001559|-|427|1|0|506|XA38TEX|-|1.0|1.0|0.0|0.0|0.0|QROCK1X8|-|1.0|1.0|281.856334371|112.0|-512.0|-512.0|-496.0|-496.0|384.0|384.0|384.0|384.0
UTNTSkyEdge_tnt04b_2710_1_terrain_1_1|2710|1|2|510|506|2720.0|-1024.0|2784.0|-1024.0|2752.0|-1023.5|-496.0|-496.0|-496.0|QROCK1|XA38TEX|1.0|1.0|0.0|0.0|5.12|rock|-|SG001560|-|508|1|1|506|XA38TEX|-|1.0|1.0|0.0|0.0|0.0|QROCK1X8|-|1.0|1.0|281.856334371|112.0|-512.0|-512.0|-496.0|-496.0|384.0|384.0|384.0|384.0
UTNTSkyEdge_tnt04b_2711_1_terrain_1_0|2711|1|2|510|506|2688.0|-992.0|2720.0|-1024.0|2703.6464466094067|-1008.3535533905932|-496.0|-496.0|-496.0|QROCK1|QROCK1X8|1.0|1.0|236.601500376|112.0|5.12|rock|-|SG001559|-|427|1|0|506|XA38TEX|-|1.0|1.0|0.0|0.0|0.0|QROCK1X8|-|1.0|1.0|236.601500376|112.0|-512.0|-512.0|-496.0|-496.0|384.0|384.0|384.0|384.0
UTNTSkyEdge_tnt04b_2711_1_terrain_1_1|2711|1|2|510|506|2688.0|-992.0|2720.0|-1024.0|2704.3535533905933|-1007.6464466094068|-496.0|-496.0|-496.0|QROCK1|XA38TEX|1.0|1.0|0.0|0.0|5.12|rock|-|SG001560|-|508|1|1|506|XA38TEX|-|1.0|1.0|0.0|0.0|0.0|QROCK1X8|-|1.0|1.0|236.601500376|112.0|-512.0|-512.0|-496.0|-496.0|384.0|384.0|384.0|384.0
UTNTSkyEdge_tnt04b_2712_1_terrain_1_0|2712|1|2|510|506|2672.0|-976.0|2688.0|-992.0|2679.6464466094067|-984.3535533905932|-496.0|-496.0|-496.0|QROCK1|QROCK1X8|1.0|1.0|213.974083378|112.0|5.12|rock|-|SG001559|-|427|1|0|506|XA38TEX|-|1.0|1.0|0.0|0.0|0.0|QROCK1X8|-|1.0|1.0|213.974083378|112.0|-512.0|-512.0|-496.0|-496.0|384.0|384.0|384.0|384.0
UTNTSkyEdge_tnt04b_2712_1_terrain_1_1|2712|1|2|510|506|2672.0|-976.0|2688.0|-992.0|2680.3535533905933|-983.6464466094068|-496.0|-496.0|-496.0|QROCK1|XA38TEX|1.0|1.0|0.0|0.0|5.12|rock|-|SG001560|-|508|1|1|506|XA38TEX|-|1.0|1.0|0.0|0.0|0.0|QROCK1X8|-|1.0|1.0|213.974083378|112.0|-512.0|-512.0|-496.0|-496.0|384.0|384.0|384.0|384.0
UTNTSkyEdge_tnt04b_2713_0_terrain_1_0|2713|0|2|510|507|2832.0|-848.0|2864.0|-896.0|2847.583974852831|-872.2773500981126|-496.0|-496.0|-496.0|QROCK1|QROCK1X8|1.0|1.0|115.882250994|112.0|5.12|rock|-|SG001559|-|427|1|0|507|XA38TEX|-|1.0|1.0|0.0|0.0|0.0|QROCK1X8|-|1.0|1.0|115.882250994|112.0|-512.0|-512.0|-496.0|-496.0|384.0|384.0|384.0|384.0
UTNTSkyEdge_tnt04b_2713_0_terrain_1_1|2713|0|2|510|507|2832.0|-848.0|2864.0|-896.0|2848.416025147169|-871.7226499018874|-496.0|-496.0|-496.0|QROCK1|XA38TEX|1.0|1.0|0.0|0.0|5.12|rock|-|SG001561|-|509|1|1|507|XA38TEX|-|1.0|1.0|0.0|0.0|0.0|QROCK1X8|-|1.0|1.0|115.882250994|112.0|-512.0|-512.0|-496.0|-496.0|384.0|384.0|384.0|384.0
UTNTSkyEdge_tnt04b_2714_0_terrain_1_0|2714|0|2|510|507|2864.0|-896.0|2912.0|-896.0|2888.0|-896.5|-496.0|-496.0|-496.0|QROCK1|QROCK1X8|1.0|1.0|173.571071401|112.0|5.12|rock|-|SG001559|-|427|1|0|507|XA38TEX|-|1.0|1.0|0.0|0.0|0.0|QROCK1X8|-|1.0|1.0|173.571071401|112.0|-512.0|-512.0|-496.0|-496.0|384.0|384.0|384.0|384.0
UTNTSkyEdge_tnt04b_2714_0_terrain_1_1|2714|0|2|510|507|2864.0|-896.0|2912.0|-896.0|2888.0|-895.5|-496.0|-496.0|-496.0|QROCK1|XA38TEX|1.0|1.0|0.0|0.0|5.12|rock|-|SG001561|-|509|1|1|507|XA38TEX|-|1.0|1.0|0.0|0.0|0.0|QROCK1X8|-|1.0|1.0|173.571071401|112.0|-512.0|-512.0|-496.0|-496.0|384.0|384.0|384.0|384.0
UTNTSkyEdge_tnt04b_2715_0_terrain_1_0|2715|0|2|510|507|2912.0|-896.0|2944.0|-880.0|2928.22360679775|-888.4472135955|-496.0|-496.0|-496.0|QROCK1|QROCK1X8|1.0|1.0|221.571071401|112.0|5.12|rock|-|SG001559|-|427|1|0|507|XA38TEX|-|1.0|1.0|0.0|0.0|0.0|QROCK1X8|-|1.0|1.0|221.571071401|112.0|-512.0|-512.0|-496.0|-496.0|384.0|384.0|384.0|384.0
UTNTSkyEdge_tnt04b_2715_0_terrain_1_1|2715|0|2|510|507|2912.0|-896.0|2944.0|-880.0|2927.77639320225|-887.5527864045|-496.0|-496.0|-496.0|QROCK1|XA38TEX|1.0|1.0|0.0|0.0|5.12|rock|-|SG001561|-|509|1|1|507|XA38TEX|-|1.0|1.0|0.0|0.0|0.0|QROCK1X8|-|1.0|1.0|221.571071401|112.0|-512.0|-512.0|-496.0|-496.0|384.0|384.0|384.0|384.0
UTNTSkyEdge_tnt04b_2716_0_terrain_1_0|2716|0|2|510|507|2944.0|-880.0|2928.0|-816.0|2936.4850712500725|-847.8787321874819|-496.0|-496.0|-496.0|QROCK1|QROCK1X8|1.0|1.0|257.348159041|112.0|5.12|rock|-|SG001559|-|427|1|0|507|XA38TEX|-|1.0|1.0|0.0|0.0|0.0|QROCK1X8|-|1.0|1.0|257.348159041|112.0|-512.0|-512.0|-496.0|-496.0|384.0|384.0|384.0|384.0
UTNTSkyEdge_tnt04b_2716_0_terrain_1_1|2716|0|2|510|507|2944.0|-880.0|2928.0|-816.0|2935.5149287499275|-848.1212678125181|-496.0|-496.0|-496.0|QROCK1|XA38TEX|1.0|1.0|0.0|0.0|5.12|rock|-|SG001561|-|509|1|1|507|XA38TEX|-|1.0|1.0|0.0|0.0|0.0|QROCK1X8|-|1.0|1.0|257.348159041|112.0|-512.0|-512.0|-496.0|-496.0|384.0|384.0|384.0|384.0
UTNTSkyEdge_tnt04b_2717_0_terrain_1_0|2717|0|2|510|507|2928.0|-816.0|2928.0|-784.0|2928.5|-800.0|-496.0|-496.0|-496.0|QROCK1|QROCK1X8|1.0|1.0|323.317849051|112.0|5.12|rock|-|SG001559|-|427|1|0|507|XA38TEX|-|1.0|1.0|0.0|0.0|0.0|QROCK1X8|-|1.0|1.0|323.317849051|112.0|-512.0|-512.0|-496.0|-496.0|384.0|384.0|384.0|384.0
UTNTSkyEdge_tnt04b_2717_0_terrain_1_1|2717|0|2|510|507|2928.0|-816.0|2928.0|-784.0|2927.5|-800.0|-496.0|-496.0|-496.0|QROCK1|XA38TEX|1.0|1.0|0.0|0.0|5.12|rock|-|SG001561|-|509|1|1|507|XA38TEX|-|1.0|1.0|0.0|0.0|0.0|QROCK1X8|-|1.0|1.0|323.317849051|112.0|-512.0|-512.0|-496.0|-496.0|384.0|384.0|384.0|384.0
UTNTSkyEdge_tnt04b_2718_0_terrain_1_0|2718|0|2|510|507|2928.0|-784.0|2880.0|-752.0|2904.2773500981125|-767.583974852831|-496.0|-496.0|-496.0|QROCK1|QROCK1X8|1.0|1.0|355.317849051|112.0|5.12|rock|-|SG001559|-|427|1|0|507|XA38TEX|-|1.0|1.0|0.0|0.0|0.0|QROCK1X8|-|1.0|1.0|355.317849051|112.0|-512.0|-512.0|-496.0|-496.0|384.0|384.0|384.0|384.0
UTNTSkyEdge_tnt04b_2718_0_terrain_1_1|2718|0|2|510|507|2928.0|-784.0|2880.0|-752.0|2903.7226499018875|-768.416025147169|-496.0|-496.0|-496.0|QROCK1|XA38TEX|1.0|1.0|0.0|0.0|5.12|rock|-|SG001561|-|509|1|1|507|XA38TEX|-|1.0|1.0|0.0|0.0|0.0|QROCK1X8|-|1.0|1.0|355.317849051|112.0|-512.0|-512.0|-496.0|-496.0|384.0|384.0|384.0|384.0
UTNTSkyEdge_tnt04b_2719_0_terrain_1_0|2719|0|2|510|507|2880.0|-752.0|2848.0|-784.0|2863.6464466094067|-767.6464466094068|-496.0|-496.0|-496.0|QROCK1|QROCK1X8|1.0|1.0|0.0|112.0|5.12|rock|-|SG001559|-|427|1|0|507|XA38TEX|-|1.0|1.0|0.0|0.0|0.0|QROCK1X8|-|1.0|1.0|0.0|112.0|-512.0|-512.0|-496.0|-496.0|384.0|384.0|384.0|384.0
UTNTSkyEdge_tnt04b_2719_0_terrain_1_1|2719|0|2|510|507|2880.0|-752.0|2848.0|-784.0|2864.3535533905933|-768.3535533905932|-496.0|-496.0|-496.0|QROCK1|XA38TEX|1.0|1.0|0.0|0.0|5.12|rock|-|SG001561|-|509|1|1|507|XA38TEX|-|1.0|1.0|0.0|0.0|0.0|QROCK1X8|-|1.0|1.0|0.0|112.0|-512.0|-512.0|-496.0|-496.0|384.0|384.0|384.0|384.0
UTNTSkyEdge_tnt04b_2720_0_terrain_1_0|2720|0|2|510|507|2848.0|-784.0|2848.0|-832.0|2847.5|-808.0|-496.0|-496.0|-496.0|QROCK1|QROCK1X8|1.0|1.0|45.254833996|112.0|5.12|rock|-|SG001559|-|427|1|0|507|XA38TEX|-|1.0|1.0|0.0|0.0|0.0|QROCK1X8|-|1.0|1.0|45.254833996|112.0|-512.0|-512.0|-496.0|-496.0|384.0|384.0|384.0|384.0
UTNTSkyEdge_tnt04b_2720_0_terrain_1_1|2720|0|2|510|507|2848.0|-784.0|2848.0|-832.0|2848.5|-808.0|-496.0|-496.0|-496.0|QROCK1|XA38TEX|1.0|1.0|0.0|0.0|5.12|rock|-|SG001561|-|509|1|1|507|XA38TEX|-|1.0|1.0|0.0|0.0|0.0|QROCK1X8|-|1.0|1.0|45.254833996|112.0|-512.0|-512.0|-496.0|-496.0|384.0|384.0|384.0|384.0
UTNTSkyEdge_tnt04b_2721_0_terrain_1_0|2721|0|2|510|507|2848.0|-832.0|2832.0|-848.0|2839.6464466094067|-839.6464466094068|-496.0|-496.0|-496.0|QROCK1|QROCK1X8|1.0|1.0|93.254833996|112.0|5.12|rock|-|SG001559|-|427|1|0|507|XA38TEX|-|1.0|1.0|0.0|0.0|0.0|QROCK1X8|-|1.0|1.0|93.254833996|112.0|-512.0|-512.0|-496.0|-496.0|384.0|384.0|384.0|384.0
UTNTSkyEdge_tnt04b_2721_0_terrain_1_1|2721|0|2|510|507|2848.0|-832.0|2832.0|-848.0|2840.3535533905933|-840.3535533905932|-496.0|-496.0|-496.0|QROCK1|XA38TEX|1.0|1.0|0.0|0.0|5.12|rock|-|SG001561|-|509|1|1|507|XA38TEX|-|1.0|1.0|0.0|0.0|0.0|QROCK1X8|-|1.0|1.0|93.254833996|112.0|-512.0|-512.0|-496.0|-496.0|384.0|384.0|384.0|384.0
UTNTSkyEdge_tnt04b_2722_0_terrain_1_0|2722|0|2|510|508|2992.0|-672.0|2976.0|-720.0|2983.525658350975|-695.8418861169915|-496.0|-496.0|-496.0|QROCK1|QROCK1X8|1.0|1.0|346.156340101|112.0|5.12|rock|-|SG001559|-|427|1|0|508|XA38TEX|-|1.0|1.0|0.0|0.0|0.0|QROCK1X8|-|1.0|1.0|346.156340101|112.0|-512.0|-512.0|-496.0|-496.0|384.0|384.0|384.0|384.0
UTNTSkyEdge_tnt04b_2722_0_terrain_1_1|2722|0|2|510|508|2992.0|-672.0|2976.0|-720.0|2984.474341649025|-696.1581138830085|-496.0|-496.0|-496.0|QROCK1|XA38TEX|1.0|1.0|0.0|0.0|5.12|rock|-|SG001562|-|510|1|1|508|XA38TEX|-|1.0|1.0|0.0|0.0|0.0|QROCK1X8|-|1.0|1.0|346.156340101|112.0|-512.0|-512.0|-496.0|-496.0|384.0|384.0|384.0|384.0
UTNTSkyEdge_tnt04b_2723_0_terrain_1_0|2723|0|2|510|508|2976.0|-720.0|3040.0|-736.0|3007.878732187482|-728.4850712500727|-496.0|-496.0|-496.0|QROCK1|QROCK1X8|1.0|1.0|396.752782663|112.0|5.12|rock|-|SG001559|-|427|1|0|508|XA38TEX|-|1.0|1.0|0.0|0.0|0.0|QROCK1X8|-|1.0|1.0|396.752782663|112.0|-512.0|-512.0|-496.0|-496.0|384.0|384.0|384.0|384.0
UTNTSkyEdge_tnt04b_2723_0_terrain_1_1|2723|0|2|510|508|2976.0|-720.0|3040.0|-736.0|3008.121267812518|-727.5149287499273|-496.0|-496.0|-496.0|QROCK1|XA38TEX|1.0|1.0|0.0|0.0|5.12|rock|-|SG001562|-|510|1|1|508|XA38TEX|-|1.0|1.0|0.0|0.0|0.0|QROCK1X8|-|1.0|1.0|396.752782663|112.0|-512.0|-512.0|-496.0|-496.0|384.0|384.0|384.0|384.0
UTNTSkyEdge_tnt04b_2724_0_terrain_1_0|2724|0|2|510|508|3040.0|-736.0|3104.0|-784.0|3071.7|-760.4|-496.0|-496.0|-496.0|QROCK1|QROCK1X8|1.0|1.0|462.722472673|112.0|5.12|rock|-|SG001559|-|427|1|0|508|XA38TEX|-|1.0|1.0|0.0|0.0|0.0|QROCK1X8|-|1.0|1.0|462.722472673|112.0|-512.0|-512.0|-496.0|-496.0|384.0|384.0|384.0|384.0
UTNTSkyEdge_tnt04b_2724_0_terrain_1_1|2724|0|2|510|508|3040.0|-736.0|3104.0|-784.0|3072.3|-759.6|-496.0|-496.0|-496.0|QROCK1|XA38TEX|1.0|1.0|0.0|0.0|5.12|rock|-|SG001562|-|510|1|1|508|XA38TEX|-|1.0|1.0|0.0|0.0|0.0|QROCK1X8|-|1.0|1.0|462.722472673|112.0|-512.0|-512.0|-496.0|-496.0|384.0|384.0|384.0|384.0
UTNTSkyEdge_tnt04b_2725_0_terrain_1_0|2725|0|2|510|508|3104.0|-784.0|3120.0|-720.0|3112.4850712500725|-752.1212678125181|-496.0|-496.0|-496.0|QROCK1|QROCK1X8|1.0|1.0|0.0|112.0|5.12|rock|-|SG001559|-|427|1|0|508|XA38TEX|-|1.0|1.0|0.0|0.0|0.0|QROCK1X8|-|1.0|1.0|0.0|112.0|-512.0|-512.0|-496.0|-496.0|384.0|384.0|384.0|384.0
UTNTSkyEdge_tnt04b_2725_0_terrain_1_1|2725|0|2|510|508|3104.0|-784.0|3120.0|-720.0|3111.5149287499275|-751.8787321874819|-496.0|-496.0|-496.0|QROCK1|XA38TEX|1.0|1.0|0.0|0.0|5.12|rock|-|SG001562|-|510|1|1|508|XA38TEX|-|1.0|1.0|0.0|0.0|0.0|QROCK1X8|-|1.0|1.0|0.0|112.0|-512.0|-512.0|-496.0|-496.0|384.0|384.0|384.0|384.0
UTNTSkyEdge_tnt04b_2726_0_terrain_1_0|2726|0|2|510|508|3120.0|-720.0|3088.0|-704.0|3104.22360679775|-711.5527864045|-496.0|-496.0|-496.0|QROCK1|QROCK1X8|1.0|1.0|65.96969001|112.0|5.12|rock|-|SG001559|-|427|1|0|508|XA38TEX|-|1.0|1.0|0.0|0.0|0.0|QROCK1X8|-|1.0|1.0|65.96969001|112.0|-512.0|-512.0|-496.0|-496.0|384.0|384.0|384.0|384.0
UTNTSkyEdge_tnt04b_2726_0_terrain_1_1|2726|0|2|510|508|3120.0|-720.0|3088.0|-704.0|3103.77639320225|-712.4472135955|-496.0|-496.0|-496.0|QROCK1|XA38TEX|1.0|1.0|0.0|0.0|5.12|rock|-|SG001562|-|510|1|1|508|XA38TEX|-|1.0|1.0|0.0|0.0|0.0|QROCK1X8|-|1.0|1.0|65.96969001|112.0|-512.0|-512.0|-496.0|-496.0|384.0|384.0|384.0|384.0
UTNTSkyEdge_tnt04b_2727_0_terrain_1_0|2727|0|2|510|508|3088.0|-704.0|3120.0|-656.0|3104.416025147169|-680.2773500981126|-496.0|-496.0|-496.0|QROCK1|QROCK1X8|1.0|1.0|101.74677765|112.0|5.12|rock|-|SG001559|-|427|1|0|508|XA38TEX|-|1.0|1.0|0.0|0.0|0.0|QROCK1X8|-|1.0|1.0|101.74677765|112.0|-512.0|-512.0|-496.0|-496.0|384.0|384.0|384.0|384.0
UTNTSkyEdge_tnt04b_2727_0_terrain_1_1|2727|0|2|510|508|3088.0|-704.0|3120.0|-656.0|3103.583974852831|-679.7226499018874|-496.0|-496.0|-496.0|QROCK1|XA38TEX|1.0|1.0|0.0|0.0|5.12|rock|-|SG001562|-|510|1|1|508|XA38TEX|-|1.0|1.0|0.0|0.0|0.0|QROCK1X8|-|1.0|1.0|101.74677765|112.0|-512.0|-512.0|-496.0|-496.0|384.0|384.0|384.0|384.0
UTNTSkyEdge_tnt04b_2728_0_terrain_1_0|2728|0|2|510|508|3120.0|-656.0|3088.0|-608.0|3104.416025147169|-631.7226499018874|-496.0|-496.0|-496.0|QROCK1|QROCK1X8|1.0|1.0|159.435598057|112.0|5.12|rock|-|SG001559|-|427|1|0|508|XA38TEX|-|1.0|1.0|0.0|0.0|0.0|QROCK1X8|-|1.0|1.0|159.435598057|112.0|-512.0|-512.0|-496.0|-496.0|384.0|384.0|384.0|384.0
UTNTSkyEdge_tnt04b_2728_0_terrain_1_1|2728|0|2|510|508|3120.0|-656.0|3088.0|-608.0|3103.583974852831|-632.2773500981126|-496.0|-496.0|-496.0|QROCK1|XA38TEX|1.0|1.0|0.0|0.0|5.12|rock|-|SG001562|-|510|1|1|508|XA38TEX|-|1.0|1.0|0.0|0.0|0.0|QROCK1X8|-|1.0|1.0|159.435598057|112.0|-512.0|-512.0|-496.0|-496.0|384.0|384.0|384.0|384.0
UTNTSkyEdge_tnt04b_2729_0_terrain_1_0|2729|0|2|510|508|3088.0|-608.0|3040.0|-608.0|3064.0|-607.5|-496.0|-496.0|-496.0|QROCK1|QROCK1X8|1.0|1.0|217.124418465|112.0|5.12|rock|-|SG001559|-|427|1|0|508|XA38TEX|-|1.0|1.0|0.0|0.0|0.0|QROCK1X8|-|1.0|1.0|217.124418465|112.0|-512.0|-512.0|-496.0|-496.0|384.0|384.0|384.0|384.0
UTNTSkyEdge_tnt04b_2729_0_terrain_1_1|2729|0|2|510|508|3088.0|-608.0|3040.0|-608.0|3064.0|-608.5|-496.0|-496.0|-496.0|QROCK1|XA38TEX|1.0|1.0|0.0|0.0|5.12|rock|-|SG001562|-|510|1|1|508|XA38TEX|-|1.0|1.0|0.0|0.0|0.0|QROCK1X8|-|1.0|1.0|217.124418465|112.0|-512.0|-512.0|-496.0|-496.0|384.0|384.0|384.0|384.0
UTNTSkyEdge_tnt04b_2730_0_terrain_1_0|2730|0|2|510|508|3040.0|-608.0|3024.0|-640.0|3031.5527864045002|-623.77639320225|-496.0|-496.0|-496.0|QROCK1|QROCK1X8|1.0|1.0|265.124418465|112.0|5.12|rock|-|SG001559|-|427|1|0|508|XA38TEX|-|1.0|1.0|0.0|0.0|0.0|QROCK1X8|-|1.0|1.0|265.124418465|112.0|-512.0|-512.0|-496.0|-496.0|384.0|384.0|384.0|384.0
UTNTSkyEdge_tnt04b_2730_0_terrain_1_1|2730|0|2|510|508|3040.0|-608.0|3024.0|-640.0|3032.4472135954998|-624.22360679775|-496.0|-496.0|-496.0|QROCK1|XA38TEX|1.0|1.0|0.0|0.0|5.12|rock|-|SG001562|-|510|1|1|508|XA38TEX|-|1.0|1.0|0.0|0.0|0.0|QROCK1X8|-|1.0|1.0|265.124418465|112.0|-512.0|-512.0|-496.0|-496.0|384.0|384.0|384.0|384.0
UTNTSkyEdge_tnt04b_2731_0_terrain_1_0|2731|0|2|510|508|3024.0|-640.0|2992.0|-672.0|3007.6464466094067|-655.6464466094068|-496.0|-496.0|-496.0|QROCK1|QROCK1X8|1.0|1.0|300.901506105|112.0|5.12|rock|-|SG001559|-|427|1|0|508|XA38TEX|-|1.0|1.0|0.0|0.0|0.0|QROCK1X8|-|1.0|1.0|300.901506105|112.0|-512.0|-512.0|-496.0|-496.0|384.0|384.0|384.0|384.0
UTNTSkyEdge_tnt04b_2731_0_terrain_1_1|2731|0|2|510|508|3024.0|-640.0|2992.0|-672.0|3008.3535533905933|-656.3535533905932|-496.0|-496.0|-496.0|QROCK1|XA38TEX|1.0|1.0|0.0|0.0|5.12|rock|-|SG001562|-|510|1|1|508|XA38TEX|-|1.0|1.0|0.0|0.0|0.0|QROCK1X8|-|1.0|1.0|300.901506105|112.0|-512.0|-512.0|-496.0|-496.0|384.0|384.0|384.0|384.0
UTNTSkyEdge_tnt04b_2732_1_terrain_1_0|2732|1|2|510|509|3024.0|-512.0|3072.0|-528.0|3047.8418861169916|-520.4743416490253|-496.0|-496.0|-496.0|QROCK1|QROCK1X8|1.0|1.0|0.0|112.0|5.12|rock|-|SG001559|-|427|1|0|509|XA38TEX|-|1.0|1.0|0.0|0.0|0.0|QROCK1X8|-|1.0|1.0|0.0|112.0|-512.0|-512.0|-496.0|-496.0|384.0|384.0|384.0|384.0
UTNTSkyEdge_tnt04b_2732_1_terrain_1_1|2732|1|2|510|509|3024.0|-512.0|3072.0|-528.0|3048.1581138830084|-519.5256583509747|-496.0|-496.0|-496.0|QROCK1|XA38TEX|1.0|1.0|0.0|0.0|5.12|rock|-|SG001563|-|511|1|1|509|XA38TEX|-|1.0|1.0|0.0|0.0|0.0|QROCK1X8|-|1.0|1.0|0.0|112.0|-512.0|-512.0|-496.0|-496.0|384.0|384.0|384.0|384.0
UTNTSkyEdge_tnt04b_2733_1_terrain_1_0|2733|1|2|510|509|3040.0|-448.0|3024.0|-512.0|3031.5149287499275|-479.87873218748183|-496.0|-496.0|-496.0|QROCK1|QROCK1X8|1.0|1.0|400.375424604|112.0|5.12|rock|-|SG001559|-|427|1|0|509|XA38TEX|-|1.0|1.0|0.0|0.0|0.0|QROCK1X8|-|1.0|1.0|400.375424604|112.0|-512.0|-512.0|-496.0|-496.0|384.0|384.0|384.0|384.0
UTNTSkyEdge_tnt04b_2733_1_terrain_1_1|2733|1|2|510|509|3040.0|-448.0|3024.0|-512.0|3032.4850712500725|-480.12126781251817|-496.0|-496.0|-496.0|QROCK1|XA38TEX|1.0|1.0|0.0|0.0|5.12|rock|-|SG001563|-|511|1|1|509|XA38TEX|-|1.0|1.0|0.0|0.0|0.0|QROCK1X8|-|1.0|1.0|400.375424604|112.0|-512.0|-512.0|-496.0|-496.0|384.0|384.0|384.0|384.0
UTNTSkyEdge_tnt04b_2734_1_terrain_1_0|2734|1|2|510|509|3088.0|-432.0|3040.0|-448.0|3063.8418861169916|-439.52565835097477|-496.0|-496.0|-496.0|QROCK1|QROCK1X8|1.0|1.0|349.778982041|112.0|5.12|rock|-|SG001559|-|427|1|0|509|XA38TEX|-|1.0|1.0|0.0|0.0|0.0|QROCK1X8|-|1.0|1.0|349.778982041|112.0|-512.0|-512.0|-496.0|-496.0|384.0|384.0|384.0|384.0
UTNTSkyEdge_tnt04b_2734_1_terrain_1_1|2734|1|2|510|509|3088.0|-432.0|3040.0|-448.0|3064.1581138830084|-440.47434164902523|-496.0|-496.0|-496.0|QROCK1|XA38TEX|1.0|1.0|0.0|0.0|5.12|rock|-|SG001563|-|511|1|1|509|XA38TEX|-|1.0|1.0|0.0|0.0|0.0|QROCK1X8|-|1.0|1.0|349.778982041|112.0|-512.0|-512.0|-496.0|-496.0|384.0|384.0|384.0|384.0
UTNTSkyEdge_tnt04b_2735_1_terrain_1_0|2735|1|2|510|509|3136.0|-416.0|3088.0|-432.0|3111.8418861169916|-423.52565835097477|-496.0|-496.0|-496.0|QROCK1|QROCK1X8|1.0|1.0|299.182539479|112.0|5.12|rock|-|SG001559|-|427|1|0|509|XA38TEX|-|1.0|1.0|0.0|0.0|0.0|QROCK1X8|-|1.0|1.0|299.182539479|112.0|-512.0|-512.0|-496.0|-496.0|384.0|384.0|384.0|384.0
UTNTSkyEdge_tnt04b_2735_1_terrain_1_1|2735|1|2|510|509|3136.0|-416.0|3088.0|-432.0|3112.1581138830084|-424.47434164902523|-496.0|-496.0|-496.0|QROCK1|XA38TEX|1.0|1.0|0.0|0.0|5.12|rock|-|SG001563|-|511|1|1|509|XA38TEX|-|1.0|1.0|0.0|0.0|0.0|QROCK1X8|-|1.0|1.0|299.182539479|112.0|-512.0|-512.0|-496.0|-496.0|384.0|384.0|384.0|384.0
UTNTSkyEdge_tnt04b_2736_1_terrain_1_0|2736|1|2|510|509|3168.0|-432.0|3136.0|-416.0|3152.22360679775|-423.55278640450007|-496.0|-496.0|-496.0|QROCK1|QROCK1X8|1.0|1.0|263.405451839|112.0|5.12|rock|-|SG001559|-|427|1|0|509|XA38TEX|-|1.0|1.0|0.0|0.0|0.0|QROCK1X8|-|1.0|1.0|263.405451839|112.0|-512.0|-512.0|-496.0|-496.0|384.0|384.0|384.0|384.0
UTNTSkyEdge_tnt04b_2736_1_terrain_1_1|2736|1|2|510|509|3168.0|-432.0|3136.0|-416.0|3151.77639320225|-424.44721359549993|-496.0|-496.0|-496.0|QROCK1|XA38TEX|1.0|1.0|0.0|0.0|5.12|rock|-|SG001563|-|511|1|1|509|XA38TEX|-|1.0|1.0|0.0|0.0|0.0|QROCK1X8|-|1.0|1.0|263.405451839|112.0|-512.0|-512.0|-496.0|-496.0|384.0|384.0|384.0|384.0
UTNTSkyEdge_tnt04b_2737_1_terrain_1_0|2737|1|2|510|509|3168.0|-464.0|3168.0|-432.0|3168.5|-448.0|-496.0|-496.0|-496.0|QROCK1|QROCK1X8|1.0|1.0|231.405451839|112.0|5.12|rock|-|SG001559|-|427|1|0|509|XA38TEX|-|1.0|1.0|0.0|0.0|0.0|QROCK1X8|-|1.0|1.0|231.405451839|112.0|-512.0|-512.0|-496.0|-496.0|384.0|384.0|384.0|384.0
UTNTSkyEdge_tnt04b_2737_1_terrain_1_1|2737|1|2|510|509|3168.0|-464.0|3168.0|-432.0|3167.5|-448.0|-496.0|-496.0|-496.0|QROCK1|XA38TEX|1.0|1.0|0.0|0.0|5.12|rock|-|SG001563|-|511|1|1|509|XA38TEX|-|1.0|1.0|0.0|0.0|0.0|QROCK1X8|-|1.0|1.0|231.405451839|112.0|-512.0|-512.0|-496.0|-496.0|384.0|384.0|384.0|384.0
UTNTSkyEdge_tnt04b_2738_1_terrain_1_0|2738|1|2|510|509|3168.0|-528.0|3168.0|-464.0|3168.5|-496.0|-496.0|-496.0|-496.0|QROCK1|QROCK1X8|1.0|1.0|167.405451839|112.0|5.12|rock|-|SG001559|-|427|1|0|509|XA38TEX|-|1.0|1.0|0.0|0.0|0.0|QROCK1X8|-|1.0|1.0|167.405451839|112.0|-512.0|-512.0|-496.0|-496.0|384.0|384.0|384.0|384.0
UTNTSkyEdge_tnt04b_2738_1_terrain_1_1|2738|1|2|510|509|3168.0|-528.0|3168.0|-464.0|3167.5|-496.0|-496.0|-496.0|-496.0|QROCK1|XA38TEX|1.0|1.0|0.0|0.0|5.12|rock|-|SG001563|-|511|1|1|509|XA38TEX|-|1.0|1.0|0.0|0.0|0.0|QROCK1X8|-|1.0|1.0|167.405451839|112.0|-512.0|-512.0|-496.0|-496.0|384.0|384.0|384.0|384.0
UTNTSkyEdge_tnt04b_2739_1_terrain_1_0|2739|1|2|510|509|3104.0|-560.0|3168.0|-528.0|3136.22360679775|-544.4472135955|-496.0|-496.0|-496.0|QROCK1|QROCK1X8|1.0|1.0|95.851276559|112.0|5.12|rock|-|SG001559|-|427|1|0|509|XA38TEX|-|1.0|1.0|0.0|0.0|0.0|QROCK1X8|-|1.0|1.0|95.851276559|112.0|-512.0|-512.0|-496.0|-496.0|384.0|384.0|384.0|384.0
UTNTSkyEdge_tnt04b_2739_1_terrain_1_1|2739|1|2|510|509|3104.0|-560.0|3168.0|-528.0|3135.77639320225|-543.5527864045|-496.0|-496.0|-496.0|QROCK1|XA38TEX|1.0|1.0|0.0|0.0|5.12|rock|-|SG001563|-|511|1|1|509|XA38TEX|-|1.0|1.0|0.0|0.0|0.0|QROCK1X8|-|1.0|1.0|95.851276559|112.0|-512.0|-512.0|-496.0|-496.0|384.0|384.0|384.0|384.0
UTNTSkyEdge_tnt04b_2740_1_terrain_1_0|2740|1|2|510|509|3072.0|-528.0|3104.0|-560.0|3087.6464466094067|-544.3535533905932|-496.0|-496.0|-496.0|QROCK1|QROCK1X8|1.0|1.0|50.596442563|112.0|5.12|rock|-|SG001559|-|427|1|0|509|XA38TEX|-|1.0|1.0|0.0|0.0|0.0|QROCK1X8|-|1.0|1.0|50.596442563|112.0|-512.0|-512.0|-496.0|-496.0|384.0|384.0|384.0|384.0
UTNTSkyEdge_tnt04b_2740_1_terrain_1_1|2740|1|2|510|509|3072.0|-528.0|3104.0|-560.0|3088.3535533905933|-543.6464466094068|-496.0|-496.0|-496.0|QROCK1|XA38TEX|1.0|1.0|0.0|0.0|5.12|rock|-|SG001563|-|511|1|1|509|XA38TEX|-|1.0|1.0|0.0|0.0|0.0|QROCK1X8|-|1.0|1.0|50.596442563|112.0|-512.0|-512.0|-496.0|-496.0|384.0|384.0|384.0|384.0
UTNTSkyEdge_tnt04b_2741_1_terrain_1_0|2741|1|2|518|263|2720.0|-1184.0|2704.0|-1152.0|2712.4472135954998|-1167.7763932022501|-240.0|-240.0|-240.0|QROCK3|QROCK3X8|1.0|1.0|158.254833996|112.0|8|rock|-|SG001498|-|484|1|0|263|XA11TEX|-|1.0|1.0|0.0|0.0|0.0|QROCK3X8|-|1.0|1.0|158.254833996|112.0|-485.0|-485.0|-240.0|-240.0|384.0|384.0|384.0|384.0
UTNTSkyEdge_tnt04b_2741_1_terrain_1_1|2741|1|2|518|263|2720.0|-1184.0|2704.0|-1152.0|2711.5527864045002|-1168.2236067977499|-240.0|-240.0|-240.0|QROCK3|XA11TEX|1.0|1.0|0.0|0.0|8|gravel|-|SG001497|-|429|1|1|263|XA11TEX|-|1.0|1.0|0.0|0.0|0.0|QROCK3X8|-|1.0|1.0|158.254833996|112.0|-485.0|-485.0|-240.0|-240.0|384.0|384.0|384.0|384.0
UTNTSkyEdge_tnt04b_2742_1_terrain_1_0|2742|1|2|510|518|2736.0|-1136.0|2704.0|-1152.0|2719.77639320225|-1143.5527864045|-485.0|-485.0|-485.0|QROCK3|QROCK3X8|1.0|1.0|249.000947201|101.0|4.32|rock|-|SG001424|-|427|1|0|518|XA02TEX|-|1.0|1.0|0.0|0.0|0.0|QROCK3X8|-|1.0|1.0|249.000947201|101.0|-512.0|-512.0|-485.0|-485.0|384.0|384.0|384.0|384.0
UTNTSkyEdge_tnt04b_2742_1_terrain_1_1|2742|1|2|510|518|2736.0|-1136.0|2704.0|-1152.0|2720.22360679775|-1144.4472135955|-485.0|-485.0|-485.0|QROCK3|XA02TEX|1.0|1.0|0.0|0.0|4.32|gravel|-|SG001564|-|484|1|1|518|XA02TEX|-|1.0|1.0|0.0|0.0|0.0|QROCK3X8|-|1.0|1.0|249.000947201|101.0|-512.0|-512.0|-485.0|-485.0|384.0|384.0|384.0|384.0
UTNTSkyEdge_tnt04b_2743_1_terrain_1_0|2743|1|2|510|518|2752.0|-1104.0|2736.0|-1136.0|2743.5527864045002|-1119.7763932022501|-485.0|-485.0|-485.0|QROCK3|QROCK3X8|1.0|1.0|213.223859561|101.0|4.32|rock|-|SG001424|-|427|1|0|518|XA02TEX|-|1.0|1.0|0.0|0.0|0.0|QROCK3X8|-|1.0|1.0|213.223859561|101.0|-512.0|-512.0|-485.0|-485.0|384.0|384.0|384.0|384.0
UTNTSkyEdge_tnt04b_2743_1_terrain_1_1|2743|1|2|510|518|2752.0|-1104.0|2736.0|-1136.0|2744.4472135954998|-1120.2236067977499|-485.0|-485.0|-485.0|QROCK3|XA02TEX|1.0|1.0|0.0|0.0|4.32|gravel|-|SG001564|-|484|1|1|518|XA02TEX|-|1.0|1.0|0.0|0.0|0.0|QROCK3X8|-|1.0|1.0|213.223859561|101.0|-512.0|-512.0|-485.0|-485.0|384.0|384.0|384.0|384.0
UTNTSkyEdge_tnt04b_2744_1_terrain_1_0|2744|1|2|510|518|2800.0|-1088.0|2752.0|-1104.0|2775.8418861169916|-1095.5256583509747|-485.0|-485.0|-485.0|QROCK3|QROCK3X8|1.0|1.0|162.627416998|101.0|4.32|rock|-|SG001424|-|427|1|0|518|XA02TEX|-|1.0|1.0|0.0|0.0|0.0|QROCK3X8|-|1.0|1.0|162.627416998|101.0|-512.0|-512.0|-485.0|-485.0|384.0|384.0|384.0|384.0
UTNTSkyEdge_tnt04b_2744_1_terrain_1_1|2744|1|2|510|518|2800.0|-1088.0|2752.0|-1104.0|2776.1581138830084|-1096.4743416490253|-485.0|-485.0|-485.0|QROCK3|XA02TEX|1.0|1.0|0.0|0.0|4.32|gravel|-|SG001564|-|484|1|1|518|XA02TEX|-|1.0|1.0|0.0|0.0|0.0|QROCK3X8|-|1.0|1.0|162.627416998|101.0|-512.0|-512.0|-485.0|-485.0|384.0|384.0|384.0|384.0
UTNTSkyEdge_tnt04b_2745_1_terrain_1_0|2745|1|2|510|518|2816.0|-1104.0|2800.0|-1088.0|2808.3535533905933|-1095.6464466094067|-485.0|-485.0|-485.0|QROCK3|QROCK3X8|1.0|1.0|140.0|101.0|4.32|rock|-|SG001424|-|427|1|0|518|XA02TEX|-|1.0|1.0|0.0|0.0|0.0|QROCK3X8|-|1.0|1.0|140.0|101.0|-512.0|-512.0|-485.0|-485.0|384.0|384.0|384.0|384.0
UTNTSkyEdge_tnt04b_2745_1_terrain_1_1|2745|1|2|510|518|2816.0|-1104.0|2800.0|-1088.0|2807.6464466094067|-1096.3535533905933|-485.0|-485.0|-485.0|QROCK3|XA02TEX|1.0|1.0|0.0|0.0|4.32|gravel|-|SG001564|-|484|1|1|518|XA02TEX|-|1.0|1.0|0.0|0.0|0.0|QROCK3X8|-|1.0|1.0|140.0|101.0|-512.0|-512.0|-485.0|-485.0|384.0|384.0|384.0|384.0
UTNTSkyEdge_tnt04b_2746_1_terrain_1_0|2746|1|2|510|518|2832.0|-1104.0|2816.0|-1104.0|2824.0|-1103.5|-485.0|-485.0|-485.0|QROCK3|QROCK3X8|1.0|1.0|124.0|101.0|4.32|rock|-|SG001424|-|427|1|0|518|XA02TEX|-|1.0|1.0|0.0|0.0|0.0|QROCK3X8|-|1.0|1.0|124.0|101.0|-512.0|-512.0|-485.0|-485.0|384.0|384.0|384.0|384.0
UTNTSkyEdge_tnt04b_2746_1_terrain_1_1|2746|1|2|510|518|2832.0|-1104.0|2816.0|-1104.0|2824.0|-1104.5|-485.0|-485.0|-485.0|QROCK3|XA02TEX|1.0|1.0|0.0|0.0|4.32|gravel|-|SG001564|-|484|1|1|518|XA02TEX|-|1.0|1.0|0.0|0.0|0.0|QROCK3X8|-|1.0|1.0|124.0|101.0|-512.0|-512.0|-485.0|-485.0|384.0|384.0|384.0|384.0
UTNTSkyEdge_tnt04b_2747_1_terrain_1_0|2747|1|2|510|517|2880.0|-1088.0|2864.0|-1104.0|2871.6464466094067|-1095.6464466094067|-458.0|-458.0|-458.0|QROCK3|QROCK3X8|1.0|1.0|69.0|74.0|8|rock|-|SG001424|-|427|1|0|517|XA02TEX|-|1.0|1.0|0.0|0.0|0.0|QROCK3X8|-|1.0|1.0|69.0|74.0|-512.0|-512.0|-458.0|-458.0|384.0|384.0|384.0|384.0
UTNTSkyEdge_tnt04b_2747_1_terrain_1_1|2747|1|2|510|517|2880.0|-1088.0|2864.0|-1104.0|2872.3535533905933|-1096.3535533905933|-458.0|-458.0|-458.0|QROCK3|XA02TEX|1.0|1.0|0.0|0.0|8|gravel|-|SG001565|-|512|1|1|517|XA02TEX|-|1.0|1.0|0.0|0.0|0.0|QROCK3X8|-|1.0|1.0|69.0|74.0|-512.0|-512.0|-458.0|-458.0|384.0|384.0|384.0|384.0
UTNTSkyEdge_tnt04b_2748_1_terrain_1_0|2748|1|2|510|517|2896.0|-1088.0|2880.0|-1088.0|2888.0|-1087.5|-458.0|-458.0|-458.0|QROCK3|QROCK3X8|1.0|1.0|53.0|74.0|8|rock|-|SG001424|-|427|1|0|517|XA02TEX|-|1.0|1.0|0.0|0.0|0.0|QROCK3X8|-|1.0|1.0|53.0|74.0|-512.0|-512.0|-458.0|-458.0|384.0|384.0|384.0|384.0
UTNTSkyEdge_tnt04b_2748_1_terrain_1_1|2748|1|2|510|517|2896.0|-1088.0|2880.0|-1088.0|2888.0|-1088.5|-458.0|-458.0|-458.0|QROCK3|XA02TEX|1.0|1.0|0.0|0.0|8|gravel|-|SG001565|-|512|1|1|517|XA02TEX|-|1.0|1.0|0.0|0.0|0.0|QROCK3X8|-|1.0|1.0|53.0|74.0|-512.0|-512.0|-458.0|-458.0|384.0|384.0|384.0|384.0
UTNTSkyEdge_tnt04b_2749_1_terrain_1_0|2749|1|2|510|516|2976.0|-1120.0|2928.0|-1088.0|2952.2773500981125|-1103.583974852831|-430.0|-430.0|-430.0|QROCK3|QROCK3X8|1.0|1.0|91.0|46.0|8|rock|-|SG001424|-|427|1|0|516|XA02TEX|-|1.0|1.0|0.0|0.0|0.0|QROCK3X8|-|1.0|1.0|91.0|46.0|-512.0|-512.0|-430.0|-430.0|384.0|384.0|384.0|384.0
UTNTSkyEdge_tnt04b_2749_1_terrain_1_1|2749|1|2|510|516|2976.0|-1120.0|2928.0|-1088.0|2951.7226499018875|-1104.416025147169|-430.0|-430.0|-430.0|QROCK3|XA02TEX|1.0|1.0|0.0|0.0|8|gravel|-|SG001566|-|513|1|1|516|XA02TEX|-|1.0|1.0|0.0|0.0|0.0|QROCK3X8|-|1.0|1.0|91.0|46.0|-512.0|-512.0|-430.0|-430.0|384.0|384.0|384.0|384.0
UTNTSkyEdge_tnt04b_2750_1_terrain_1_0|2750|1|2|510|515|3040.0|-1120.0|2976.0|-1120.0|3008.0|-1119.5|-403.0|-403.0|-403.0|QROCK3|QROCK3X8|1.0|1.0|155.254833996|19.0|8|rock|-|SG001424|-|427|1|0|515|XA02TEX|-|1.0|1.0|0.0|0.0|0.0|QROCK3X8|-|1.0|1.0|155.254833996|19.0|-512.0|-512.0|-403.0|-403.0|384.0|384.0|384.0|384.0
UTNTSkyEdge_tnt04b_2750_1_terrain_1_1|2750|1|2|510|515|3040.0|-1120.0|2976.0|-1120.0|3008.0|-1120.5|-403.0|-403.0|-403.0|QROCK3|XA02TEX|1.0|1.0|0.0|0.0|8|gravel|-|SG001567|-|514|1|1|515|XA02TEX|-|1.0|1.0|0.0|0.0|0.0|QROCK3X8|-|1.0|1.0|155.254833996|19.0|-512.0|-512.0|-403.0|-403.0|384.0|384.0|384.0|384.0
UTNTSkyEdge_tnt04b_2751_1_terrain_1_0|2751|1|2|510|515|3072.0|-1152.0|3040.0|-1120.0|3056.3535533905933|-1135.6464466094067|-403.0|-403.0|-403.0|QROCK3|QROCK3X8|1.0|1.0|110.0|19.0|8|rock|-|SG001424|-|427|1|0|515|XA02TEX|-|1.0|1.0|0.0|0.0|0.0|QROCK3X8|-|1.0|1.0|110.0|19.0|-512.0|-512.0|-403.0|-403.0|384.0|384.0|384.0|384.0
UTNTSkyEdge_tnt04b_2751_1_terrain_1_1|2751|1|2|510|515|3072.0|-1152.0|3040.0|-1120.0|3055.6464466094067|-1136.3535533905933|-403.0|-403.0|-403.0|QROCK3|XA02TEX|1.0|1.0|0.0|0.0|8|gravel|-|SG001567|-|514|1|1|515|XA02TEX|-|1.0|1.0|0.0|0.0|0.0|QROCK3X8|-|1.0|1.0|110.0|19.0|-512.0|-512.0|-403.0|-403.0|384.0|384.0|384.0|384.0
UTNTSkyEdge_tnt04b_2752_1_terrain_1_0|2752|1|2|510|511|3120.0|-1136.0|3072.0|-1152.0|3095.8418861169916|-1143.5256583509747|-376.0|-376.0|-376.0|QROCK3|QROCK3X8|1.0|1.0|185.789327688|120.0|8|rock|-|SG001424|-|427|1|0|511|XA02TEX|-|1.0|1.0|0.0|0.0|0.0|QROCK3X8|-|1.0|1.0|185.789327688|120.0|-512.0|-512.0|-376.0|-376.0|384.0|384.0|384.0|384.0
UTNTSkyEdge_tnt04b_2752_1_terrain_1_1|2752|1|2|510|511|3120.0|-1136.0|3072.0|-1152.0|3096.1581138830084|-1144.4743416490253|-376.0|-376.0|-376.0|QROCK3|XA02TEX|1.0|1.0|0.0|0.0|8|gravel|-|SG001568|-|431|1|1|511|XA02TEX|-|1.0|1.0|0.0|0.0|0.0|QROCK3X8|-|1.0|1.0|185.789327688|120.0|-512.0|-512.0|-376.0|-376.0|384.0|384.0|384.0|384.0
UTNTSkyEdge_tnt04b_2753_1_terrain_1_0|2753|1|2|510|511|3168.0|-1152.0|3120.0|-1136.0|3144.1581138830084|-1143.5256583509747|-376.0|-376.0|-376.0|QROCK3|QROCK3X8|1.0|1.0|135.192885125|120.0|8|rock|-|SG001424|-|427|1|0|511|XA02TEX|-|1.0|1.0|0.0|0.0|0.0|QROCK3X8|-|1.0|1.0|135.192885125|120.0|-512.0|-512.0|-376.0|-376.0|384.0|384.0|384.0|384.0
UTNTSkyEdge_tnt04b_2753_1_terrain_1_1|2753|1|2|510|511|3168.0|-1152.0|3120.0|-1136.0|3143.8418861169916|-1144.4743416490253|-376.0|-376.0|-376.0|QROCK3|XA02TEX|1.0|1.0|0.0|0.0|8|gravel|-|SG001568|-|431|1|1|511|XA02TEX|-|1.0|1.0|0.0|0.0|0.0|QROCK3X8|-|1.0|1.0|135.192885125|120.0|-512.0|-512.0|-376.0|-376.0|384.0|384.0|384.0|384.0
UTNTSkyEdge_tnt04b_2754_1_terrain_1_0|2754|1|2|510|511|3184.0|-1200.0|3168.0|-1152.0|3176.474341649025|-1175.8418861169916|-376.0|-376.0|-376.0|QROCK3|QROCK3X8|1.0|1.0|84.596442563|120.0|8|rock|-|SG001424|-|427|1|0|511|XA02TEX|-|1.0|1.0|0.0|0.0|0.0|QROCK3X8|-|1.0|1.0|84.596442563|120.0|-512.0|-512.0|-376.0|-376.0|384.0|384.0|384.0|384.0
UTNTSkyEdge_tnt04b_2754_1_terrain_1_1|2754|1|2|510|511|3184.0|-1200.0|3168.0|-1152.0|3175.525658350975|-1176.1581138830084|-376.0|-376.0|-376.0|QROCK3|XA02TEX|1.0|1.0|0.0|0.0|8|gravel|-|SG001568|-|431|1|1|511|XA02TEX|-|1.0|1.0|0.0|0.0|0.0|QROCK3X8|-|1.0|1.0|84.596442563|120.0|-512.0|-512.0|-376.0|-376.0|384.0|384.0|384.0|384.0
UTNTSkyEdge_tnt04b_2755_1_terrain_1_0|2755|1|2|510|511|3136.0|-1216.0|3184.0|-1200.0|3160.1581138830084|-1208.4743416490253|-376.0|-376.0|-376.0|QROCK3|QROCK3X8|1.0|1.0|34.0|120.0|8|rock|-|SG001424|-|427|1|0|511|XA02TEX|-|1.0|1.0|0.0|0.0|0.0|QROCK3X8|-|1.0|1.0|34.0|120.0|-512.0|-512.0|-376.0|-376.0|384.0|384.0|384.0|384.0
UTNTSkyEdge_tnt04b_2755_1_terrain_1_1|2755|1|2|510|511|3136.0|-1216.0|3184.0|-1200.0|3159.8418861169916|-1207.5256583509747|-376.0|-376.0|-376.0|QROCK3|XA02TEX|1.0|1.0|0.0|0.0|8|gravel|-|SG001568|-|431|1|1|511|XA02TEX|-|1.0|1.0|0.0|0.0|0.0|QROCK3X8|-|1.0|1.0|34.0|120.0|-512.0|-512.0|-376.0|-376.0|384.0|384.0|384.0|384.0
UTNTSkyEdge_tnt04b_2756_1_terrain_1_0|2756|1|2|513|263|2784.0|-1248.0|2752.0|-1216.0|2768.3535533905933|-1231.6464466094067|-240.0|-240.0|-240.0|QROCK3|QROCK3X8|1.0|1.0|10.0|112.0|4.32|rock|-|SG001433|-|436|1|0|263|XA11TEX|-|1.0|1.0|0.0|0.0|0.0|QROCK3X8|-|1.0|1.0|10.0|112.0|-267.0|-267.0|-240.0|-240.0|384.0|384.0|384.0|384.0
UTNTSkyEdge_tnt04b_2756_1_terrain_1_1|2756|1|2|513|263|2784.0|-1248.0|2752.0|-1216.0|2767.6464466094067|-1232.3535533905933|-240.0|-240.0|-240.0|QROCK3|XA11TEX|1.0|1.0|0.0|0.0|4.32|gravel|-|SG001497|-|429|1|1|263|XA11TEX|-|1.0|1.0|0.0|0.0|0.0|QROCK3X8|-|1.0|1.0|10.0|112.0|-267.0|-267.0|-240.0|-240.0|384.0|384.0|384.0|384.0
UTNTSkyEdge_tnt04b_2757_1_terrain_1_0|2757|1|2|518|513|2752.0|-1184.0|2752.0|-1216.0|2751.5|-1200.0|-267.0|-267.0|-267.0|QROCK3|QROCK3X8|1.0|1.0|80.55417528|11.0|8|rock|-|SG001498|-|484|1|0|513|XA02TEX|-|1.0|1.0|0.0|0.0|0.0|QROCK3X8|-|1.0|1.0|80.55417528|11.0|-485.0|-485.0|-267.0|-267.0|384.0|384.0|384.0|384.0
UTNTSkyEdge_tnt04b_2757_1_terrain_1_1|2757|1|2|518|513|2752.0|-1184.0|2752.0|-1216.0|2752.5|-1200.0|-267.0|-267.0|-267.0|QROCK3|XA02TEX|1.0|1.0|0.0|0.0|8|gravel|-|SG001569|-|436|1|1|513|XA02TEX|-|1.0|1.0|0.0|0.0|0.0|QROCK3X8|-|1.0|1.0|80.55417528|11.0|-485.0|-485.0|-267.0|-267.0|384.0|384.0|384.0|384.0
UTNTSkyEdge_tnt04b_2758_1_terrain_1_0|2758|1|2|518|513|2784.0|-1168.0|2752.0|-1184.0|2767.77639320225|-1175.5527864045|-267.0|-267.0|-267.0|QROCK3|QROCK3X8|1.0|1.0|44.77708764|11.0|8|rock|-|SG001498|-|484|1|0|513|XA02TEX|-|1.0|1.0|0.0|0.0|0.0|QROCK3X8|-|1.0|1.0|44.77708764|11.0|-485.0|-485.0|-267.0|-267.0|384.0|384.0|384.0|384.0
UTNTSkyEdge_tnt04b_2758_1_terrain_1_1|2758|1|2|518|513|2784.0|-1168.0|2752.0|-1184.0|2768.22360679775|-1176.4472135955|-267.0|-267.0|-267.0|QROCK3|XA02TEX|1.0|1.0|0.0|0.0|8|gravel|-|SG001569|-|436|1|1|513|XA02TEX|-|1.0|1.0|0.0|0.0|0.0|QROCK3X8|-|1.0|1.0|44.77708764|11.0|-485.0|-485.0|-267.0|-267.0|384.0|384.0|384.0|384.0
UTNTSkyEdge_tnt04b_2759_1_terrain_1_0|2759|1|2|518|513|2816.0|-1184.0|2784.0|-1168.0|2800.22360679775|-1175.5527864045|-267.0|-267.0|-267.0|QROCK3|QROCK3X8|1.0|1.0|9.0|11.0|8|rock|-|SG001498|-|484|1|0|513|XA02TEX|-|1.0|1.0|0.0|0.0|0.0|QROCK3X8|-|1.0|1.0|9.0|11.0|-485.0|-485.0|-267.0|-267.0|384.0|384.0|384.0|384.0
UTNTSkyEdge_tnt04b_2759_1_terrain_1_1|2759|1|2|518|513|2816.0|-1184.0|2784.0|-1168.0|2799.77639320225|-1176.4472135955|-267.0|-267.0|-267.0|QROCK3|XA02TEX|1.0|1.0|0.0|0.0|8|gravel|-|SG001569|-|436|1|1|513|XA02TEX|-|1.0|1.0|0.0|0.0|0.0|QROCK3X8|-|1.0|1.0|9.0|11.0|-485.0|-485.0|-267.0|-267.0|384.0|384.0|384.0|384.0
UTNTSkyEdge_tnt04b_2760_1_terrain_1_0|2760|1|2|518|512|2840.0|-1168.0|2816.0|-1184.0|2827.7226499018875|-1175.583974852831|-294.0|-294.0|-294.0|QROCK3|QROCK3X8|1.0|1.0|108.0|38.0|8|rock|-|SG001498|-|484|1|0|512|XA02TEX|-|1.0|1.0|0.0|0.0|0.0|QROCK3X8|-|1.0|1.0|108.0|38.0|-485.0|-485.0|-294.0|-294.0|384.0|384.0|384.0|384.0
UTNTSkyEdge_tnt04b_2760_1_terrain_1_1|2760|1|2|518|512|2840.0|-1168.0|2816.0|-1184.0|2828.2773500981125|-1176.416025147169|-294.0|-294.0|-294.0|QROCK3|XA02TEX|1.0|1.0|0.0|0.0|8|gravel|-|SG001570|-|432|1|1|512|XA02TEX|-|1.0|1.0|0.0|0.0|0.0|QROCK3X8|-|1.0|1.0|108.0|38.0|-485.0|-485.0|-294.0|-294.0|384.0|384.0|384.0|384.0
UTNTSkyEdge_tnt04b_2761_1_terrain_1_0|2761|1|2|517|512|2880.0|-1152.0|2864.0|-1152.0|2872.0|-1151.5|-294.0|-294.0|-294.0|QROCK3|QROCK3X8|1.0|1.0|63.0|38.0|8|rock|-|SG001571|-|512|1|0|512|XA02TEX|-|1.0|1.0|0.0|0.0|0.0|QROCK3X8|-|1.0|1.0|63.0|38.0|-458.0|-458.0|-294.0|-294.0|384.0|384.0|384.0|384.0
UTNTSkyEdge_tnt04b_2761_1_terrain_1_1|2761|1|2|517|512|2880.0|-1152.0|2864.0|-1152.0|2872.0|-1152.5|-294.0|-294.0|-294.0|QROCK3|XA02TEX|1.0|1.0|0.0|0.0|8|gravel|-|SG001570|-|432|1|1|512|XA02TEX|-|1.0|1.0|0.0|0.0|0.0|QROCK3X8|-|1.0|1.0|63.0|38.0|-458.0|-458.0|-294.0|-294.0|384.0|384.0|384.0|384.0
UTNTSkyEdge_tnt04b_2762_1_terrain_1_0|2762|1|2|516|514|2944.0|-1168.0|2896.0|-1152.0|2920.1581138830084|-1159.5256583509747|-322.0|-322.0|-322.0|QROCK3|QROCK3X8|1.0|1.0|124.0|66.0|8|rock|-|SG001572|-|513|1|0|514|XA02TEX|-|1.0|1.0|0.0|0.0|0.0|QROCK3X8|-|1.0|1.0|124.0|66.0|-430.0|-430.0|-322.0|-322.0|384.0|384.0|384.0|384.0
UTNTSkyEdge_tnt04b_2762_1_terrain_1_1|2762|1|2|516|514|2944.0|-1168.0|2896.0|-1152.0|2919.8418861169916|-1160.4743416490253|-322.0|-322.0|-322.0|QROCK3|XA02TEX|1.0|1.0|0.0|0.0|8|gravel|-|SG001573|-|435|1|1|514|XA02TEX|-|1.0|1.0|0.0|0.0|0.0|QROCK3X8|-|1.0|1.0|124.0|66.0|-430.0|-430.0|-322.0|-322.0|384.0|384.0|384.0|384.0
UTNTSkyEdge_tnt04b_2763_1_terrain_1_0|2763|1|2|516|525|2992.0|-1168.0|2944.0|-1168.0|2968.0|-1167.5|-352.0|-352.0|-352.0|QROCK3|QROCK3X8|1.0|1.0|76.0|96.0|8|rock|-|SG001572|-|513|1|0|525|XA02TEX|-|1.0|1.0|0.0|0.0|0.0|QROCK3X8|-|1.0|1.0|76.0|96.0|-430.0|-430.0|-352.0|-352.0|384.0|384.0|384.0|384.0
UTNTSkyEdge_tnt04b_2763_1_terrain_1_1|2763|1|2|516|525|2992.0|-1168.0|2944.0|-1168.0|2968.0|-1168.5|-352.0|-352.0|-352.0|QROCK3|XA02TEX|1.0|1.0|0.0|0.0|8|gravel|-|SG001574|-|437|1|1|525|XA02TEX|-|1.0|1.0|0.0|0.0|0.0|QROCK3X8|-|1.0|1.0|76.0|96.0|-430.0|-430.0|-352.0|-352.0|384.0|384.0|384.0|384.0
UTNTSkyEdge_tnt04b_2764_1_terrain_1_0|2764|1|2|515|525|3040.0|-1200.0|2992.0|-1168.0|3016.2773500981125|-1183.583974852831|-352.0|-352.0|-352.0|QROCK3|QROCK3X8|1.0|1.0|18.0|96.0|8|rock|-|SG001575|-|514|1|0|525|XA02TEX|-|1.0|1.0|0.0|0.0|0.0|QROCK3X8|-|1.0|1.0|18.0|96.0|-403.0|-403.0|-352.0|-352.0|384.0|384.0|384.0|384.0
UTNTSkyEdge_tnt04b_2764_1_terrain_1_1|2764|1|2|515|525|3040.0|-1200.0|2992.0|-1168.0|3015.7226499018875|-1184.416025147169|-352.0|-352.0|-352.0|QROCK3|XA02TEX|1.0|1.0|0.0|0.0|8|gravel|-|SG001574|-|437|1|1|525|XA02TEX|-|1.0|1.0|0.0|0.0|0.0|QROCK3X8|-|1.0|1.0|18.0|96.0|-403.0|-403.0|-352.0|-352.0|384.0|384.0|384.0|384.0
UTNTSkyEdge_tnt04b_2766_1_terrain_1_0|2766|1|2|511|525|3040.0|-1216.0|3040.0|-1200.0|3040.5|-1208.0|-352.0|-352.0|-352.0|QROCK3|QROCK3X8|1.0|1.0|2.0|96.0|3.84|rock|-|SG001428|-|431|1|0|525|XA02TEX|-|1.0|1.0|0.0|0.0|0.0|QROCK3X8|-|1.0|1.0|2.0|96.0|-376.0|-376.0|-352.0|-352.0|384.0|384.0|384.0|384.0
UTNTSkyEdge_tnt04b_2766_1_terrain_1_1|2766|1|2|511|525|3040.0|-1216.0|3040.0|-1200.0|3039.5|-1208.0|-352.0|-352.0|-352.0|QROCK3|XA02TEX|1.0|1.0|0.0|0.0|3.84|gravel|-|SG001574|-|437|1|1|525|XA02TEX|-|1.0|1.0|0.0|0.0|0.0|QROCK3X8|-|1.0|1.0|2.0|96.0|-376.0|-376.0|-352.0|-352.0|384.0|384.0|384.0|384.0
UTNTSkyEdge_tnt04b_2767_1_terrain_1_0|2767|1|2|517|514|2896.0|-1152.0|2880.0|-1152.0|2888.0|-1151.5|-322.0|-322.0|-322.0|QROCK3|QROCK3X8|1.0|1.0|47.0|66.0|8|rock|-|SG001571|-|512|1|0|514|XA02TEX|-|1.0|1.0|0.0|0.0|0.0|QROCK3X8|-|1.0|1.0|47.0|66.0|-458.0|-458.0|-322.0|-322.0|384.0|384.0|384.0|384.0
UTNTSkyEdge_tnt04b_2767_1_terrain_1_1|2767|1|2|517|514|2896.0|-1152.0|2880.0|-1152.0|2888.0|-1152.5|-322.0|-322.0|-322.0|QROCK3|XA02TEX|1.0|1.0|0.0|0.0|8|gravel|-|SG001573|-|435|1|1|514|XA02TEX|-|1.0|1.0|0.0|0.0|0.0|QROCK3X8|-|1.0|1.0|47.0|66.0|-458.0|-458.0|-322.0|-322.0|384.0|384.0|384.0|384.0
UTNTSkyEdge_tnt04b_2768_1_terrain_1_0|2768|1|2|514|512|2864.0|-1216.0|2880.0|-1152.0|2872.4850712500725|-1184.1212678125182|-294.0|-294.0|-294.0|QROCK3|QROCK3X8|1.0|1.0|50.0|38.0|4.48|rock|-|SG001432|-|435|1|0|512|XA02TEX|-|1.0|1.0|0.0|0.0|0.0|QROCK3X8|-|1.0|1.0|50.0|38.0|-322.0|-322.0|-294.0|-294.0|384.0|384.0|384.0|384.0
UTNTSkyEdge_tnt04b_2768_1_terrain_1_1|2768|1|2|514|512|2864.0|-1216.0|2880.0|-1152.0|2871.5149287499275|-1183.8787321874818|-294.0|-294.0|-294.0|QROCK3|XA02TEX|1.0|1.0|0.0|0.0|4.48|gravel|-|SG001570|-|432|1|1|512|XA02TEX|-|1.0|1.0|0.0|0.0|0.0|QROCK3X8|-|1.0|1.0|50.0|38.0|-322.0|-322.0|-294.0|-294.0|384.0|384.0|384.0|384.0
UTNTSkyEdge_tnt04b_2770_1_terrain_1_0|2770|1|2|512|513|2816.0|-1232.0|2816.0|-1184.0|2816.5|-1208.0|-267.0|-267.0|-267.0|QROCK3|QROCK3X8|1.0|1.0|102.0|11.0|4.32|rock|-|SG001429|-|432|1|0|513|XA02TEX|-|1.0|1.0|0.0|0.0|0.0|QROCK3X8|-|1.0|1.0|102.0|11.0|-294.0|-294.0|-267.0|-267.0|384.0|384.0|384.0|384.0
UTNTSkyEdge_tnt04b_2770_1_terrain_1_1|2770|1|2|512|513|2816.0|-1232.0|2816.0|-1184.0|2815.5|-1208.0|-267.0|-267.0|-267.0|QROCK3|XA02TEX|1.0|1.0|0.0|0.0|4.32|gravel|-|SG001569|-|436|1|1|513|XA02TEX|-|1.0|1.0|0.0|0.0|0.0|QROCK3X8|-|1.0|1.0|102.0|11.0|-294.0|-294.0|-267.0|-267.0|384.0|384.0|384.0|384.0
UTNTSkyEdge_tnt04b_2772_1_terrain_1_0|2772|1|2|525|514|2976.0|-1216.0|2944.0|-1168.0|2960.416025147169|-1191.7226499018873|-322.0|-322.0|-322.0|QROCK3|QROCK3X8|1.0|1.0|66.0|66.0|4.8|rock|-|SG001434|-|437|1|0|514|XA02TEX|-|1.0|1.0|0.0|0.0|0.0|QROCK3X8|-|1.0|1.0|66.0|66.0|-352.0|-352.0|-322.0|-322.0|384.0|384.0|384.0|384.0
UTNTSkyEdge_tnt04b_2772_1_terrain_1_1|2772|1|2|525|514|2976.0|-1216.0|2944.0|-1168.0|2959.583974852831|-1192.2773500981127|-322.0|-322.0|-322.0|QROCK3|XA02TEX|1.0|1.0|0.0|0.0|4.8|gravel|-|SG001573|-|435|1|1|514|XA02TEX|-|1.0|1.0|0.0|0.0|0.0|QROCK3X8|-|1.0|1.0|66.0|66.0|-352.0|-352.0|-322.0|-322.0|384.0|384.0|384.0|384.0
UTNTSkyEdge_tnt04b_2773_1_terrain_1_0|2773|1|2|515|511|3072.0|-1152.0|3040.0|-1200.0|3055.583974852831|-1175.7226499018873|-376.0|-376.0|-376.0|QROCK3|QROCK3X8|1.0|1.0|110.0|120.0|4.32|rock|-|SG001575|-|514|1|0|511|XA02TEX|-|1.0|1.0|0.0|0.0|0.0|QROCK3X8|-|1.0|1.0|110.0|120.0|-403.0|-403.0|-376.0|-376.0|384.0|384.0|384.0|384.0
UTNTSkyEdge_tnt04b_2773_1_terrain_1_1|2773|1|2|515|511|3072.0|-1152.0|3040.0|-1200.0|3056.416025147169|-1176.2773500981127|-376.0|-376.0|-376.0|QROCK3|XA02TEX|1.0|1.0|0.0|0.0|4.32|gravel|-|SG001568|-|431|1|1|511|XA02TEX|-|1.0|1.0|0.0|0.0|0.0|QROCK3X8|-|1.0|1.0|110.0|120.0|-403.0|-403.0|-376.0|-376.0|384.0|384.0|384.0|384.0
UTNTSkyEdge_tnt04b_2774_1_terrain_1_0|2774|1|2|516|515|2976.0|-1120.0|2992.0|-1168.0|2983.525658350975|-1144.1581138830084|-403.0|-403.0|-403.0|QROCK3|QROCK3X8|1.0|1.0|91.0|19.0|4.32|rock|-|SG001572|-|513|1|0|515|XA02TEX|-|1.0|1.0|0.0|0.0|0.0|QROCK3X8|-|1.0|1.0|91.0|19.0|-430.0|-430.0|-403.0|-403.0|384.0|384.0|384.0|384.0
UTNTSkyEdge_tnt04b_2774_1_terrain_1_1|2774|1|2|516|515|2976.0|-1120.0|2992.0|-1168.0|2984.474341649025|-1143.8418861169916|-403.0|-403.0|-403.0|QROCK3|XA02TEX|1.0|1.0|0.0|0.0|4.32|gravel|-|SG001567|-|514|1|1|515|XA02TEX|-|1.0|1.0|0.0|0.0|0.0|QROCK3X8|-|1.0|1.0|91.0|19.0|-430.0|-430.0|-403.0|-403.0|384.0|384.0|384.0|384.0
UTNTSkyEdge_tnt04b_2775_1_terrain_1_0|2775|1|2|510|516|2928.0|-1088.0|2896.0|-1088.0|2912.0|-1087.5|-430.0|-430.0|-430.0|QROCK3|QROCK3X8|1.0|1.0|148.688820407|46.0|8|rock|-|SG001424|-|427|1|0|516|XA02TEX|-|1.0|1.0|0.0|0.0|0.0|QROCK3X8|-|1.0|1.0|148.688820407|46.0|-512.0|-512.0|-430.0|-430.0|384.0|384.0|384.0|384.0
UTNTSkyEdge_tnt04b_2775_1_terrain_1_1|2775|1|2|510|516|2928.0|-1088.0|2896.0|-1088.0|2912.0|-1088.5|-430.0|-430.0|-430.0|QROCK3|XA02TEX|1.0|1.0|0.0|0.0|8|gravel|-|SG001566|-|513|1|1|516|XA02TEX|-|1.0|1.0|0.0|0.0|0.0|QROCK3X8|-|1.0|1.0|148.688820407|46.0|-512.0|-512.0|-430.0|-430.0|384.0|384.0|384.0|384.0
UTNTSkyEdge_tnt04b_2776_0_terrain_1_0|2776|0|2|517|516|2896.0|-1088.0|2896.0|-1152.0|2895.5|-1120.0|-430.0|-430.0|-430.0|QROCK3|QROCK3X8|1.0|1.0|53.0|46.0|4.48|rock|-|SG001571|-|512|1|0|516|XA02TEX|-|1.0|1.0|0.0|0.0|0.0|QROCK3X8|-|1.0|1.0|53.0|46.0|-458.0|-458.0|-430.0|-430.0|384.0|384.0|384.0|384.0
UTNTSkyEdge_tnt04b_2776_0_terrain_1_1|2776|0|2|517|516|2896.0|-1088.0|2896.0|-1152.0|2896.5|-1120.0|-430.0|-430.0|-430.0|QROCK3|XA02TEX|1.0|1.0|0.0|0.0|4.48|gravel|-|SG001566|-|513|1|1|516|XA02TEX|-|1.0|1.0|0.0|0.0|0.0|QROCK3X8|-|1.0|1.0|53.0|46.0|-458.0|-458.0|-430.0|-430.0|384.0|384.0|384.0|384.0
UTNTSkyEdge_tnt04b_2777_1_terrain_1_0|2777|1|2|510|517|2864.0|-1104.0|2832.0|-1104.0|2848.0|-1103.5|-458.0|-458.0|-458.0|QROCK3|QROCK3X8|1.0|1.0|91.627416998|74.0|8|rock|-|SG001424|-|427|1|0|517|XA02TEX|-|1.0|1.0|0.0|0.0|0.0|QROCK3X8|-|1.0|1.0|91.627416998|74.0|-512.0|-512.0|-458.0|-458.0|384.0|384.0|384.0|384.0
UTNTSkyEdge_tnt04b_2777_1_terrain_1_1|2777|1|2|510|517|2864.0|-1104.0|2832.0|-1104.0|2848.0|-1104.5|-458.0|-458.0|-458.0|QROCK3|XA02TEX|1.0|1.0|0.0|0.0|8|gravel|-|SG001565|-|512|1|1|517|XA02TEX|-|1.0|1.0|0.0|0.0|0.0|QROCK3X8|-|1.0|1.0|91.627416998|74.0|-512.0|-512.0|-458.0|-458.0|384.0|384.0|384.0|384.0
UTNTSkyEdge_tnt04b_2778_1_terrain_1_0|2778|1|2|517|512|2864.0|-1152.0|2840.0|-1168.0|2851.7226499018875|-1159.583974852831|-294.0|-294.0|-294.0|QROCK3|QROCK3X8|1.0|1.0|79.0|38.0|8|rock|-|SG001571|-|512|1|0|512|XA02TEX|-|1.0|1.0|0.0|0.0|0.0|QROCK3X8|-|1.0|1.0|79.0|38.0|-458.0|-458.0|-294.0|-294.0|384.0|384.0|384.0|384.0
UTNTSkyEdge_tnt04b_2778_1_terrain_1_1|2778|1|2|517|512|2864.0|-1152.0|2840.0|-1168.0|2852.2773500981125|-1160.416025147169|-294.0|-294.0|-294.0|QROCK3|XA02TEX|1.0|1.0|0.0|0.0|8|gravel|-|SG001570|-|432|1|1|512|XA02TEX|-|1.0|1.0|0.0|0.0|0.0|QROCK3X8|-|1.0|1.0|79.0|38.0|-458.0|-458.0|-294.0|-294.0|384.0|384.0|384.0|384.0
UTNTSkyEdge_tnt04b_2779_0_terrain_1_0|2779|0|2|518|517|2832.0|-1104.0|2840.0|-1168.0|2835.503861061643|-1136.0620173672946|-458.0|-458.0|-458.0|QROCK3|QROCK3X8|1.0|1.0|124.0|74.0|4.32|rock|-|SG001498|-|484|1|0|517|XA02TEX|-|1.0|1.0|0.0|0.0|0.0|QROCK3X8|-|1.0|1.0|124.0|74.0|-485.0|-485.0|-458.0|-458.0|384.0|384.0|384.0|384.0
UTNTSkyEdge_tnt04b_2779_0_terrain_1_1|2779|0|2|518|517|2832.0|-1104.0|2840.0|-1168.0|2836.496138938357|-1135.9379826327054|-458.0|-458.0|-458.0|QROCK3|XA02TEX|1.0|1.0|0.0|0.0|4.32|gravel|-|SG001565|-|512|1|1|517|XA02TEX|-|1.0|1.0|0.0|0.0|0.0|QROCK3X8|-|1.0|1.0|124.0|74.0|-485.0|-485.0|-458.0|-458.0|384.0|384.0|384.0|384.0
UTNTSkyEdge_tnt04b_3610_0_terrain_2_1|3610|0|1|3112|3112|-1344.0|-1344.0|-1328.0|-1248.0|-1335.506803038084|-1296.0821994936528|-504.0|-504.0|-504.0|QROCK1|XA11TEX|1.0|1.0|0.0|0.0|14|gravel|-|SG001576|-|439|2|1|3112|XA11TEX|-|1.0|1.0|0.0|0.0|0.0|QROCK1X8|-|1.0|1.0|88.0|120.0|-504.0|-504.0|0|0|136.0|136.0|0|0
UTNTSkyEdge_tnt04b_3665_0_terrain_2_1|3665|0|1|720|720|-2880.0|-556.0|-2980.0|-480.0|-2929.697458366233|-517.6019189029385|-74.49408284023669|-68.98816568047337|-80.0|QROCK1|XA11TEX|1.0|1.0|0.0|0.0|14|gravel|-|SG001577|-|441|2|1|720|XA11TEX|-|1.0|1.0|0.0|0.0|0.0|QROCK1X8|-|1.0|1.0|162.824115301|120.0|-68.98816568047337|-80.0|0|0|136.0|136.0|0|0
UTNTSkyEdge_tnt04b_3671_0_terrain_2_1|3671|0|1|720|720|-2910.0|-336.0|-2800.0|-422.0|-2855.307960983199|-379.3939035831612|-69.32790927021696|-75.40335305719921|-63.252465483234715|QROCK1|XA11TEX|1.0|1.0|0.0|0.0|14|gravel|-|SG001578|-|441|2|1|720|XA11TEX|-|1.0|1.0|0.0|0.0|0.0|QROCK1X8|-|1.0|1.0|87.850579653|120.0|-75.40335305719921|-63.252465483234715|0|0|136.0|136.0|0|0
UTNTSkyEdge_tnt04b_3684_0_terrain_2_1|3684|0|1|721|721|-3131.0|-210.0|-2984.0|-230.0|-3057.5674062000244|-220.4954355701787|-107.63214904679376|-120.0|-95.26429809358753|QROCK1|XA11TEX|1.0|1.0|0.0|0.0|14|gravel|-|SG001579|-|442|2|1|721|XA11TEX|-|1.0|1.0|0.0|0.0|0.0|QROCK1X8|-|1.0|1.0|67.0|120.0|-120.0|-95.26429809358753|0|0|136.0|136.0|0|0
UTNTSkyEdge_tnt04b_3689_0_terrain_2_1|3689|0|1|724|724|-3476.0|-731.0|-3632.0|-851.0|-3554.3048553804247|-790.6036880054477|-504.0|-504.0|-504.0|QROCK1X8|XA11TEX|1.0|1.0|0.0|0.0|14|gravel|-|SG001580|-|445|2|1|724|XA11TEX|-|1.0|1.0|0.0|0.0|0.0|QROCK1X8|-|1.0|1.0|343.544602013|120.0|-504.0|-504.0|0|0|136.0|136.0|0|0
UTNTSkyEdge_tnt04b_3692_0_terrain_2_1|3692|0|1|724|724|-4764.0|-1026.0|-5033.0|-1135.0|-4898.687772577525|-1080.0365979508788|-504.0|-504.0|-504.0|QROCK1X8|XA11TEX|1.0|1.0|0.0|0.0|14|gravel|-|SG001581|-|445|2|1|724|XA11TEX|-|1.0|1.0|0.0|0.0|0.0|QROCK1X8|-|1.0|1.0|84.765258154|120.0|-504.0|-504.0|0|0|136.0|136.0|0|0
UTNTSkyEdge_tnt04b_3693_0_terrain_2_1|3693|0|1|724|724|-5033.0|-1135.0|-5213.0|-1021.0|-5122.732473959408|-1077.5775904622228|-504.0|-504.0|-504.0|QROCK1X8|XA11TEX|1.0|1.0|0.0|0.0|14|gravel|-|SG001582|-|445|2|1|724|XA11TEX|-|1.0|1.0|0.0|0.0|0.0|QROCK1X8|-|1.0|1.0|375.009982482|120.0|-504.0|-504.0|0|0|136.0|136.0|0|0
UTNTSkyEdge_tnt04b_3694_0_terrain_2_1|3694|0|1|724|724|-5213.0|-1021.0|-5253.0|-802.0|-5232.508137074145|-911.410162022675|-504.0|-504.0|-504.0|QROCK1X8|XA11TEX|1.0|1.0|0.0|0.0|14|gravel|-|SG001583|-|445|2|1|724|XA11TEX|-|1.0|1.0|0.0|0.0|0.0|QROCK1X8|-|1.0|1.0|588.073353337|120.0|-504.0|-504.0|0|0|136.0|136.0|0|0
UTNTSkyEdge_tnt04b_3697_0_terrain_2_1|3697|0|1|742|742|-5339.0|515.0|-5138.0|532.0|-5238.4578618872565|523.0017787846203|-504.0|-504.0|-504.0|QROCK1X8|XA11TEX|1.0|1.0|0.0|0.0|14|gravel|-|SG001584|-|447|2|1|742|XA11TEX|-|1.0|1.0|0.0|0.0|0.0|QROCK1X8|-|1.0|1.0|409.649047306|120.0|-504.0|-504.0|0|0|136.0|136.0|0|0
UTNTSkyEdge_tnt04b_3701_0_terrain_2_1|3701|0|1|742|742|-4623.0|543.0|-4502.0|482.0|-4562.7250815244|512.0535268122565|-504.0|-504.0|-504.0|QROCK1X8|XA11TEX|1.0|1.0|0.0|0.0|14|gravel|-|SG001585|-|447|2|1|742|XA11TEX|-|1.0|1.0|0.0|0.0|0.0|QROCK1X8|-|1.0|1.0|559.831137764|120.0|-504.0|-504.0|0|0|136.0|136.0|0|0
UTNTSkyEdge_tnt04b_3703_0_terrain_2_1|3703|0|1|742|742|-4433.0|508.0|-4301.0|471.0|-4367.13495024319|489.0185558891596|-504.0|-504.0|-504.0|QROCK1X8|XA11TEX|1.0|1.0|0.0|0.0|14|gravel|-|SG001586|-|447|2|1|742|XA11TEX|-|1.0|1.0|0.0|0.0|0.0|QROCK1X8|-|1.0|1.0|769.073610798|120.0|-504.0|-504.0|0|0|136.0|136.0|0|0
UTNTSkyEdge_tnt04b_3704_0_terrain_2_1|3704|0|1|742|742|-3590.0|382.0|-3484.0|301.0|-3537.303585918204|341.10271472432515|-504.0|-504.0|-504.0|QROCK1X8|XA11TEX|1.0|1.0|0.0|0.0|14|gravel|-|SG001587|-|447|2|1|742|XA11TEX|-|1.0|1.0|0.0|0.0|0.0|QROCK1X8|-|1.0|1.0|647.997859874|120.0|-504.0|-504.0|0|0|136.0|136.0|0|0
UTNTSkyEdge_tnt04b_3708_0_terrain_2_1|3708|0|1|742|742|-3272.0|68.0|-3298.0|-104.0|-3285.4943835246027|-17.92526760674611|-504.0|-504.0|-504.0|QROCK1X8|XA11TEX|1.0|1.0|0.0|0.0|14|gravel|-|SG001588|-|447|2|1|742|XA11TEX|-|1.0|1.0|0.0|0.0|0.0|QROCK1X8|-|1.0|1.0|88.802730107|120.0|-504.0|-504.0|0|0|136.0|136.0|0|0
UTNTSkyEdge_tnt04b_3771_0_terrain_2_1|3771|0|1|742|742|-4049.0|404.0|-3925.0|422.0|-3986.9281721803977|412.50518613163007|-504.0|-504.0|-504.0|QROCK1X8|XA11TEX|1.0|1.0|0.0|0.0|14|gravel|-|SG001589|-|447|2|1|742|XA11TEX|-|1.0|1.0|0.0|0.0|0.0|QROCK1X8|-|1.0|1.0|166.585896166|120.0|-504.0|-504.0|0|0|136.0|136.0|0|0
UTNTSkyEdge_tnt04b_3772_0_terrain_2_1|3772|0|1|724|724|-4040.0|-1073.0|-4271.0|-1057.0|-4155.465450741436|-1064.5011950794824|-504.0|-504.0|-504.0|QROCK1X8|XA11TEX|1.0|1.0|0.0|0.0|14|gravel|-|SG001590|-|445|2|1|724|XA11TEX|-|1.0|1.0|0.0|0.0|0.0|QROCK1X8|-|1.0|1.0|326.915555258|120.0|-504.0|-504.0|0|0|136.0|136.0|0|0
UTNTSkyEdge_tnt04b_3775_0_terrain_2_1|3775|0|1|724|724|-4271.0|-1057.0|-4490.0|-1084.0|-4380.561180621048|-1070.0037571848297|-504.0|-504.0|-504.0|QROCK1X8|XA11TEX|1.0|1.0|0.0|0.0|14|gravel|-|SG001591|-|445|2|1|724|XA11TEX|-|1.0|1.0|0.0|0.0|0.0|QROCK1X8|-|1.0|1.0|558.469004811|120.0|-504.0|-504.0|0|0|136.0|136.0|0|0
UTNTSkyEdge_tnt04b_3776_0_terrain_2_1|3776|0|1|724|724|-4543.0|-1009.0|-4662.0|-975.0|-4602.362639436052|-991.5192380261796|-504.0|-504.0|-504.0|QROCK1X8|XA11TEX|1.0|1.0|0.0|0.0|14|gravel|-|SG001592|-|445|2|1|724|XA11TEX|-|1.0|1.0|0.0|0.0|0.0|QROCK1X8|-|1.0|1.0|870.963923184|120.0|-504.0|-504.0|0|0|136.0|136.0|0|0
UTNTSkyEdge_tnt04b_3780_0_terrain_2_1|3780|0|1|742|742|-4165.0|377.0|-4049.0|404.0|-4106.886650633188|390.0130175351788|-504.0|-504.0|-504.0|QROCK1X8|XA11TEX|1.0|1.0|0.0|0.0|14|gravel|-|SG001593|-|447|2|1|742|XA11TEX|-|1.0|1.0|0.0|0.0|0.0|QROCK1X8|-|1.0|1.0|47.485098519|120.0|-504.0|-504.0|0|0|136.0|136.0|0|0
UTNTSkyEdge_tnt04b_3782_0_terrain_1_0|3782|0|2|724|723|-5253.0|-802.0|-5128.0|-768.0|-5190.368767922923|-785.4824708716039|-120.0|-120.0|-120.0|QROCK1X8|QROCK1X8|1.0|1.0|0.0|120.0|8|rock|-|SG001442|-|445|1|0|723|XA11TEX|-|1.0|1.0|0.0|0.0|0.0|QROCK1X8|-|1.0|1.0|0.0|120.0|-504.0|-504.0|-120.0|-120.0|136.0|136.0|136.0|136.0
UTNTSkyEdge_tnt04b_3782_0_terrain_1_1|3782|0|2|724|723|-5253.0|-802.0|-5128.0|-768.0|-5190.631232077077|-784.5175291283961|-120.0|-120.0|-120.0|QROCK1X8|XA11TEX|1.0|1.0|0.0|0.0|8|gravel|-|SG001594|-|446|1|1|723|XA11TEX|-|1.0|1.0|0.0|0.0|0.0|QROCK1X8|-|1.0|1.0|0.0|120.0|-504.0|-504.0|-120.0|-120.0|136.0|136.0|136.0|136.0
UTNTSkyEdge_tnt04b_3783_0_terrain_1_0|3783|0|2|724|723|-5128.0|-768.0|-5024.0|-808.0|-5076.179489539654|-788.4666728031016|-120.0|-120.0|-120.0|QROCK1X8|QROCK1X8|1.0|1.0|129.541499142|120.0|8|rock|-|SG001442|-|445|1|0|723|XA11TEX|-|1.0|1.0|0.0|0.0|0.0|QROCK1X8|-|1.0|1.0|129.541499142|120.0|-504.0|-504.0|-120.0|-120.0|136.0|136.0|136.0|136.0
UTNTSkyEdge_tnt04b_3783_0_terrain_1_1|3783|0|2|724|723|-5128.0|-768.0|-5024.0|-808.0|-5075.820510460346|-787.5333271968984|-120.0|-120.0|-120.0|QROCK1X8|XA11TEX|1.0|1.0|0.0|0.0|8|gravel|-|SG001594|-|446|1|1|723|XA11TEX|-|1.0|1.0|0.0|0.0|0.0|QROCK1X8|-|1.0|1.0|129.541499142|120.0|-504.0|-504.0|-120.0|-120.0|136.0|136.0|136.0|136.0
UTNTSkyEdge_tnt04b_3783_0_terrain_2_1|3783|0|2|724|724|-5128.0|-768.0|-5024.0|-808.0|-5076.179489539654|-788.4666728031016|-504.0|-504.0|-504.0|QROCK1X8|XA11TEX|1.0|1.0|0.0|0.0|14|gravel|-|SG001595|-|445|2|1|724|XA11TEX|-|1.0|1.0|0.0|0.0|0.0|QROCK1X8|-|1.0|1.0|129.541499142|120.0|-504.0|-504.0|-120.0|-120.0|136.0|136.0|136.0|136.0
UTNTSkyEdge_tnt04b_3784_0_terrain_1_0|3784|0|2|724|723|-5024.0|-808.0|-4896.0|-800.0|-4959.968810856923|-804.4990262892414|-120.0|-120.0|-120.0|QROCK1X8|QROCK1X8|1.0|1.0|240.96860536|120.0|8|rock|-|SG001442|-|445|1|0|723|XA11TEX|-|1.0|1.0|0.0|0.0|0.0|QROCK1X8|-|1.0|1.0|240.96860536|120.0|-504.0|-504.0|-120.0|-120.0|136.0|136.0|136.0|136.0
UTNTSkyEdge_tnt04b_3784_0_terrain_1_1|3784|0|2|724|723|-5024.0|-808.0|-4896.0|-800.0|-4960.031189143077|-803.5009737107586|-120.0|-120.0|-120.0|QROCK1X8|XA11TEX|1.0|1.0|0.0|0.0|8|gravel|-|SG001594|-|446|1|1|723|XA11TEX|-|1.0|1.0|0.0|0.0|0.0|QROCK1X8|-|1.0|1.0|240.96860536|120.0|-504.0|-504.0|-120.0|-120.0|136.0|136.0|136.0|136.0
UTNTSkyEdge_tnt04b_3784_0_terrain_2_1|3784|0|2|724|724|-5024.0|-808.0|-4896.0|-800.0|-4959.968810856923|-804.4990262892414|-504.0|-504.0|-504.0|QROCK1X8|XA11TEX|1.0|1.0|0.0|0.0|14|gravel|-|SG001596|-|445|2|1|724|XA11TEX|-|1.0|1.0|0.0|0.0|0.0|QROCK1X8|-|1.0|1.0|240.96860536|120.0|-504.0|-504.0|-120.0|-120.0|136.0|136.0|136.0|136.0
UTNTSkyEdge_tnt04b_3785_0_terrain_1_0|3785|0|2|724|723|-4896.0|-800.0|-4824.0|-720.0|-4859.628352926877|-760.3344823658113|-120.0|-120.0|-120.0|QROCK1X8|QROCK1X8|1.0|1.0|369.218361695|120.0|8|rock|-|SG001442|-|445|1|0|723|XA11TEX|-|1.0|1.0|0.0|0.0|0.0|QROCK1X8|-|1.0|1.0|369.218361695|120.0|-504.0|-504.0|-120.0|-120.0|136.0|136.0|136.0|136.0
UTNTSkyEdge_tnt04b_3785_0_terrain_1_1|3785|0|2|724|723|-4896.0|-800.0|-4824.0|-720.0|-4860.371647073123|-759.6655176341887|-120.0|-120.0|-120.0|QROCK1X8|XA11TEX|1.0|1.0|0.0|0.0|8|gravel|-|SG001594|-|446|1|1|723|XA11TEX|-|1.0|1.0|0.0|0.0|0.0|QROCK1X8|-|1.0|1.0|369.218361695|120.0|-504.0|-504.0|-120.0|-120.0|136.0|136.0|136.0|136.0
UTNTSkyEdge_tnt04b_3785_0_terrain_2_1|3785|0|2|724|724|-4896.0|-800.0|-4824.0|-720.0|-4859.628352926877|-760.3344823658113|-504.0|-504.0|-504.0|QROCK1X8|XA11TEX|1.0|1.0|0.0|0.0|14|gravel|-|SG001597|-|445|2|1|724|XA11TEX|-|1.0|1.0|0.0|0.0|0.0|QROCK1X8|-|1.0|1.0|369.218361695|120.0|-504.0|-504.0|-120.0|-120.0|136.0|136.0|136.0|136.0
UTNTSkyEdge_tnt04b_3786_0_terrain_1_0|3786|0|2|724|723|-4824.0|-720.0|-4688.0|-688.0|-4755.885480333137|-704.4867085841668|-120.0|-120.0|-120.0|QROCK1X8|QROCK1X8|1.0|1.0|476.847354071|120.0|8|rock|-|SG001442|-|445|1|0|723|XA11TEX|-|1.0|1.0|0.0|0.0|0.0|QROCK1X8|-|1.0|1.0|476.847354071|120.0|-504.0|-504.0|-120.0|-120.0|136.0|136.0|136.0|136.0
UTNTSkyEdge_tnt04b_3786_0_terrain_1_1|3786|0|2|724|723|-4824.0|-720.0|-4688.0|-688.0|-4756.114519666863|-703.5132914158332|-120.0|-120.0|-120.0|QROCK1X8|XA11TEX|1.0|1.0|0.0|0.0|8|gravel|-|SG001594|-|446|1|1|723|XA11TEX|-|1.0|1.0|0.0|0.0|0.0|QROCK1X8|-|1.0|1.0|476.847354071|120.0|-504.0|-504.0|-120.0|-120.0|136.0|136.0|136.0|136.0
UTNTSkyEdge_tnt04b_3786_0_terrain_2_1|3786|0|2|724|724|-4824.0|-720.0|-4688.0|-688.0|-4755.885480333137|-704.4867085841668|-504.0|-504.0|-504.0|QROCK1X8|XA11TEX|1.0|1.0|0.0|0.0|14|gravel|-|SG001598|-|445|2|1|724|XA11TEX|-|1.0|1.0|0.0|0.0|0.0|QROCK1X8|-|1.0|1.0|476.847354071|120.0|-504.0|-504.0|-120.0|-120.0|136.0|136.0|136.0|136.0
UTNTSkyEdge_tnt04b_3787_0_terrain_1_0|3787|0|2|724|723|-4688.0|-688.0|-4504.0|-712.0|-4596.064669592034|-700.4958002055931|-120.0|-120.0|-120.0|QROCK1X8|QROCK1X8|1.0|1.0|616.561347644|120.0|8|rock|-|SG001442|-|445|1|0|723|XA11TEX|-|1.0|1.0|0.0|0.0|0.0|QROCK1X8|-|1.0|1.0|616.561347644|120.0|-504.0|-504.0|-120.0|-120.0|136.0|136.0|136.0|136.0
UTNTSkyEdge_tnt04b_3787_0_terrain_1_1|3787|0|2|724|723|-4688.0|-688.0|-4504.0|-712.0|-4595.935330407966|-699.5041997944069|-120.0|-120.0|-120.0|QROCK1X8|XA11TEX|1.0|1.0|0.0|0.0|8|gravel|-|SG001594|-|446|1|1|723|XA11TEX|-|1.0|1.0|0.0|0.0|0.0|QROCK1X8|-|1.0|1.0|616.561347644|120.0|-504.0|-504.0|-120.0|-120.0|136.0|136.0|136.0|136.0
UTNTSkyEdge_tnt04b_3787_0_terrain_2_1|3787|0|2|724|724|-4688.0|-688.0|-4504.0|-712.0|-4596.064669592034|-700.4958002055931|-504.0|-504.0|-504.0|QROCK1X8|XA11TEX|1.0|1.0|0.0|0.0|14|gravel|-|SG001599|-|445|2|1|724|XA11TEX|-|1.0|1.0|0.0|0.0|0.0|QROCK1X8|-|1.0|1.0|616.561347644|120.0|-504.0|-504.0|-120.0|-120.0|136.0|136.0|136.0|136.0
UTNTSkyEdge_tnt04b_3788_0_terrain_1_0|3788|0|2|724|723|-4504.0|-712.0|-4320.0|-736.0|-4412.064669592034|-724.4958002055931|-120.0|-120.0|-120.0|QROCK1X8|QROCK1X8|1.0|1.0|802.11996372|120.0|8|rock|-|SG001442|-|445|1|0|723|XA11TEX|-|1.0|1.0|0.0|0.0|0.0|QROCK1X8|-|1.0|1.0|802.11996372|120.0|-504.0|-504.0|-120.0|-120.0|136.0|136.0|136.0|136.0
UTNTSkyEdge_tnt04b_3788_0_terrain_1_1|3788|0|2|724|723|-4504.0|-712.0|-4320.0|-736.0|-4411.935330407966|-723.5041997944069|-120.0|-120.0|-120.0|QROCK1X8|XA11TEX|1.0|1.0|0.0|0.0|8|gravel|-|SG001594|-|446|1|1|723|XA11TEX|-|1.0|1.0|0.0|0.0|0.0|QROCK1X8|-|1.0|1.0|802.11996372|120.0|-504.0|-504.0|-120.0|-120.0|136.0|136.0|136.0|136.0
UTNTSkyEdge_tnt04b_3788_0_terrain_2_1|3788|0|2|724|724|-4504.0|-712.0|-4320.0|-736.0|-4412.064669592034|-724.4958002055931|-504.0|-504.0|-504.0|QROCK1X8|XA11TEX|1.0|1.0|0.0|0.0|14|gravel|-|SG001599|-|445|2|1|724|XA11TEX|-|1.0|1.0|0.0|0.0|0.0|QROCK1X8|-|1.0|1.0|802.11996372|120.0|-504.0|-504.0|-120.0|-120.0|136.0|136.0|136.0|136.0
UTNTSkyEdge_tnt04b_3789_0_terrain_1_0|3789|0|2|724|723|-4320.0|-736.0|-4144.0|-664.0|-4231.81068357714|-700.4627734781028|-120.0|-120.0|-120.0|QROCK1X8|QROCK1X8|1.0|1.0|987.678579796|120.0|8|rock|-|SG001442|-|445|1|0|723|XA11TEX|-|1.0|1.0|0.0|0.0|0.0|QROCK1X8|-|1.0|1.0|987.678579796|120.0|-504.0|-504.0|-120.0|-120.0|136.0|136.0|136.0|136.0
UTNTSkyEdge_tnt04b_3789_0_terrain_1_1|3789|0|2|724|723|-4320.0|-736.0|-4144.0|-664.0|-4232.18931642286|-699.5372265218972|-120.0|-120.0|-120.0|QROCK1X8|XA11TEX|1.0|1.0|0.0|0.0|8|gravel|-|SG001594|-|446|1|1|723|XA11TEX|-|1.0|1.0|0.0|0.0|0.0|QROCK1X8|-|1.0|1.0|987.678579796|120.0|-504.0|-504.0|-120.0|-120.0|136.0|136.0|136.0|136.0
UTNTSkyEdge_tnt04b_3790_0_terrain_1_0|3790|0|2|724|723|-4144.0|-664.0|-4080.0|-504.0|-4111.535761654557|-584.1856953381771|-120.0|-120.0|-120.0|QROCK1X8|QROCK1X8|1.0|1.0|153.83640898|120.0|8|rock|-|SG001442|-|445|1|0|723|XA11TEX|-|1.0|1.0|0.0|0.0|0.0|QROCK1X8|-|1.0|1.0|153.83640898|120.0|-504.0|-504.0|-120.0|-120.0|136.0|136.0|136.0|136.0
UTNTSkyEdge_tnt04b_3790_0_terrain_1_1|3790|0|2|724|723|-4144.0|-664.0|-4080.0|-504.0|-4112.464238345443|-583.8143046618229|-120.0|-120.0|-120.0|QROCK1X8|XA11TEX|1.0|1.0|0.0|0.0|8|gravel|-|SG001594|-|446|1|1|723|XA11TEX|-|1.0|1.0|0.0|0.0|0.0|QROCK1X8|-|1.0|1.0|153.83640898|120.0|-504.0|-504.0|-120.0|-120.0|136.0|136.0|136.0|136.0
UTNTSkyEdge_tnt04b_3791_0_terrain_1_0|3791|0|2|724|723|-4080.0|-504.0|-3964.0|-382.0|-4021.6376486263366|-443.3445308143029|-120.0|-120.0|-120.0|QROCK1X8|QROCK1X8|1.0|1.0|326.161682808|120.0|8|rock|-|SG001442|-|445|1|0|723|XA11TEX|-|1.0|1.0|0.0|0.0|0.0|QROCK1X8|-|1.0|1.0|326.161682808|120.0|-504.0|-504.0|-120.0|-120.0|136.0|136.0|136.0|136.0
UTNTSkyEdge_tnt04b_3791_0_terrain_1_1|3791|0|2|724|723|-4080.0|-504.0|-3964.0|-382.0|-4022.3623513736634|-442.6554691856971|-120.0|-120.0|-120.0|QROCK1X8|XA11TEX|1.0|1.0|0.0|0.0|8|gravel|-|SG001594|-|446|1|1|723|XA11TEX|-|1.0|1.0|0.0|0.0|0.0|QROCK1X8|-|1.0|1.0|326.161682808|120.0|-504.0|-504.0|-120.0|-120.0|136.0|136.0|136.0|136.0
UTNTSkyEdge_tnt04b_3791_0_terrain_2_1|3791|0|2|724|724|-4080.0|-504.0|-3964.0|-382.0|-4021.6376486263366|-443.3445308143029|-504.0|-504.0|-504.0|QROCK1X8|XA11TEX|1.0|1.0|0.0|0.0|14|gravel|-|SG001600|-|445|2|1|724|XA11TEX|-|1.0|1.0|0.0|0.0|0.0|QROCK1X8|-|1.0|1.0|326.161682808|120.0|-504.0|-504.0|-120.0|-120.0|136.0|136.0|136.0|136.0
UTNTSkyEdge_tnt04b_3792_0_terrain_1_0|3792|0|2|724|723|-3964.0|-382.0|-3968.0|-322.0|-3965.5011074210715|-351.96674049473813|-120.0|-120.0|-120.0|QROCK1X8|QROCK1X8|1.0|1.0|494.5065669|120.0|8|rock|-|SG001442|-|445|1|0|723|XA11TEX|-|1.0|1.0|0.0|0.0|0.0|QROCK1X8|-|1.0|1.0|494.5065669|120.0|-504.0|-504.0|-120.0|-120.0|136.0|136.0|136.0|136.0
UTNTSkyEdge_tnt04b_3792_0_terrain_1_1|3792|0|2|724|723|-3964.0|-382.0|-3968.0|-322.0|-3966.4988925789285|-352.03325950526187|-120.0|-120.0|-120.0|QROCK1X8|XA11TEX|1.0|1.0|0.0|0.0|8|gravel|-|SG001594|-|446|1|1|723|XA11TEX|-|1.0|1.0|0.0|0.0|0.0|QROCK1X8|-|1.0|1.0|494.5065669|120.0|-504.0|-504.0|-120.0|-120.0|136.0|136.0|136.0|136.0
UTNTSkyEdge_tnt04b_3794_0_terrain_1_0|3794|0|2|742|723|-4016.0|-64.0|-4136.0|24.0|-4075.704318168186|-19.596797502072146|-120.0|-120.0|-120.0|QROCK1X8|QROCK1X8|1.0|1.0|825.674233294|120.0|8|rock|-|SG001444|-|447|1|0|723|XA11TEX|-|1.0|1.0|0.0|0.0|0.0|QROCK1X8|-|1.0|1.0|825.674233294|120.0|-504.0|-504.0|-120.0|-120.0|136.0|136.0|136.0|136.0
UTNTSkyEdge_tnt04b_3794_0_terrain_1_1|3794|0|2|742|723|-4016.0|-64.0|-4136.0|24.0|-4076.295681831814|-20.403202497927854|-120.0|-120.0|-120.0|QROCK1X8|XA11TEX|1.0|1.0|0.0|0.0|8|gravel|-|SG001594|-|446|1|1|723|XA11TEX|-|1.0|1.0|0.0|0.0|0.0|QROCK1X8|-|1.0|1.0|825.674233294|120.0|-504.0|-504.0|-120.0|-120.0|136.0|136.0|136.0|136.0
UTNTSkyEdge_tnt04b_3794_0_terrain_2_1|3794|0|2|742|742|-4016.0|-64.0|-4136.0|24.0|-4075.704318168186|-19.596797502072146|-504.0|-504.0|-504.0|QROCK1X8|XA11TEX|1.0|1.0|0.0|0.0|14|gravel|-|SG001601|-|447|2|1|742|XA11TEX|-|1.0|1.0|0.0|0.0|0.0|QROCK1X8|-|1.0|1.0|825.674233294|120.0|-504.0|-504.0|-120.0|-120.0|136.0|136.0|136.0|136.0
UTNTSkyEdge_tnt04b_3795_0_terrain_1_0|3795|0|2|742|723|-4136.0|24.0|-4216.0|144.0|-4175.5839748528315|84.27735009811262|-120.0|-120.0|-120.0|QROCK1X8|QROCK1X8|1.0|1.0|974.482835196|120.0|8|rock|-|SG001444|-|447|1|0|723|XA11TEX|-|1.0|1.0|0.0|0.0|0.0|QROCK1X8|-|1.0|1.0|974.482835196|120.0|-504.0|-504.0|-120.0|-120.0|136.0|136.0|136.0|136.0
UTNTSkyEdge_tnt04b_3795_0_terrain_1_1|3795|0|2|742|723|-4136.0|24.0|-4216.0|144.0|-4176.4160251471685|83.72264990188738|-120.0|-120.0|-120.0|QROCK1X8|XA11TEX|1.0|1.0|0.0|0.0|8|gravel|-|SG001594|-|446|1|1|723|XA11TEX|-|1.0|1.0|0.0|0.0|0.0|QROCK1X8|-|1.0|1.0|974.482835196|120.0|-504.0|-504.0|-120.0|-120.0|136.0|136.0|136.0|136.0
UTNTSkyEdge_tnt04b_3795_0_terrain_2_1|3795|0|2|742|742|-4136.0|24.0|-4216.0|144.0|-4175.5839748528315|84.27735009811262|-504.0|-504.0|-504.0|QROCK1X8|XA11TEX|1.0|1.0|0.0|0.0|14|gravel|-|SG001602|-|447|2|1|742|XA11TEX|-|1.0|1.0|0.0|0.0|0.0|QROCK1X8|-|1.0|1.0|974.482835196|120.0|-504.0|-504.0|-120.0|-120.0|136.0|136.0|136.0|136.0
UTNTSkyEdge_tnt04b_3796_0_terrain_1_0|3796|0|2|742|723|-4216.0|144.0|-4344.0|152.0|-4279.968810856923|148.49902628924144|-120.0|-120.0|-120.0|QROCK1X8|QROCK1X8|1.0|1.0|94.704886215|120.0|8|rock|-|SG001444|-|447|1|0|723|XA11TEX|-|1.0|1.0|0.0|0.0|0.0|QROCK1X8|-|1.0|1.0|94.704886215|120.0|-504.0|-504.0|-120.0|-120.0|136.0|136.0|136.0|136.0
UTNTSkyEdge_tnt04b_3796_0_terrain_1_1|3796|0|2|742|723|-4216.0|144.0|-4344.0|152.0|-4280.031189143077|147.50097371075856|-120.0|-120.0|-120.0|QROCK1X8|XA11TEX|1.0|1.0|0.0|0.0|8|gravel|-|SG001594|-|446|1|1|723|XA11TEX|-|1.0|1.0|0.0|0.0|0.0|QROCK1X8|-|1.0|1.0|94.704886215|120.0|-504.0|-504.0|-120.0|-120.0|136.0|136.0|136.0|136.0
UTNTSkyEdge_tnt04b_3796_0_terrain_2_1|3796|0|2|742|742|-4216.0|144.0|-4344.0|152.0|-4279.968810856923|148.49902628924144|-504.0|-504.0|-504.0|QROCK1X8|XA11TEX|1.0|1.0|0.0|0.0|14|gravel|-|SG001603|-|447|2|1|742|XA11TEX|-|1.0|1.0|0.0|0.0|0.0|QROCK1X8|-|1.0|1.0|94.704886215|120.0|-504.0|-504.0|-120.0|-120.0|136.0|136.0|136.0|136.0
UTNTSkyEdge_tnt04b_3797_0_terrain_1_0|3797|0|2|742|723|-4344.0|152.0|-4464.0|176.0|-4403.901941932431|164.49029033784547|-120.0|-120.0|-120.0|QROCK1X8|QROCK1X8|1.0|1.0|222.95464255|120.0|8|rock|-|SG001444|-|447|1|0|723|XA11TEX|-|1.0|1.0|0.0|0.0|0.0|QROCK1X8|-|1.0|1.0|222.95464255|120.0|-504.0|-504.0|-120.0|-120.0|136.0|136.0|136.0|136.0
UTNTSkyEdge_tnt04b_3797_0_terrain_1_1|3797|0|2|742|723|-4344.0|152.0|-4464.0|176.0|-4404.098058067569|163.50970966215453|-120.0|-120.0|-120.0|QROCK1X8|XA11TEX|1.0|1.0|0.0|0.0|8|gravel|-|SG001594|-|446|1|1|723|XA11TEX|-|1.0|1.0|0.0|0.0|0.0|QROCK1X8|-|1.0|1.0|222.95464255|120.0|-504.0|-504.0|-120.0|-120.0|136.0|136.0|136.0|136.0
UTNTSkyEdge_tnt04b_3798_0_terrain_1_0|3798|0|2|742|723|-4464.0|176.0|-4575.0|139.0|-4519.658113883009|157.97434164902526|-120.0|-120.0|-120.0|QROCK1X8|QROCK1X8|1.0|1.0|345.331110876|120.0|8|rock|-|SG001444|-|447|1|0|723|XA11TEX|-|1.0|1.0|0.0|0.0|0.0|QROCK1X8|-|1.0|1.0|345.331110876|120.0|-504.0|-504.0|-120.0|-120.0|136.0|136.0|136.0|136.0
UTNTSkyEdge_tnt04b_3798_0_terrain_1_1|3798|0|2|742|723|-4464.0|176.0|-4575.0|139.0|-4519.341886116991|157.02565835097474|-120.0|-120.0|-120.0|QROCK1X8|XA11TEX|1.0|1.0|0.0|0.0|8|gravel|-|SG001594|-|446|1|1|723|XA11TEX|-|1.0|1.0|0.0|0.0|0.0|QROCK1X8|-|1.0|1.0|345.331110876|120.0|-504.0|-504.0|-120.0|-120.0|136.0|136.0|136.0|136.0
UTNTSkyEdge_tnt04b_3798_0_terrain_2_1|3798|0|2|742|742|-4464.0|176.0|-4575.0|139.0|-4519.658113883009|157.97434164902526|-504.0|-504.0|-504.0|QROCK1X8|XA11TEX|1.0|1.0|0.0|0.0|14|gravel|-|SG001604|-|447|2|1|742|XA11TEX|-|1.0|1.0|0.0|0.0|0.0|QROCK1X8|-|1.0|1.0|345.331110876|120.0|-504.0|-504.0|-120.0|-120.0|136.0|136.0|136.0|136.0
UTNTSkyEdge_tnt04b_3799_0_terrain_1_0|3799|0|2|742|723|-4575.0|139.0|-4697.0|132.0|-4636.0286414177535|135.99917899514006|-120.0|-120.0|-120.0|QROCK1X8|QROCK1X8|1.0|1.0|462.335384302|120.0|8|rock|-|SG001444|-|447|1|0|723|XA11TEX|-|1.0|1.0|0.0|0.0|0.0|QROCK1X8|-|1.0|1.0|462.335384302|120.0|-504.0|-504.0|-120.0|-120.0|136.0|136.0|136.0|136.0
UTNTSkyEdge_tnt04b_3799_0_terrain_1_1|3799|0|2|742|723|-4575.0|139.0|-4697.0|132.0|-4635.9713585822465|135.00082100485994|-120.0|-120.0|-120.0|QROCK1X8|XA11TEX|1.0|1.0|0.0|0.0|8|gravel|-|SG001594|-|446|1|1|723|XA11TEX|-|1.0|1.0|0.0|0.0|0.0|QROCK1X8|-|1.0|1.0|462.335384302|120.0|-504.0|-504.0|-120.0|-120.0|136.0|136.0|136.0|136.0
UTNTSkyEdge_tnt04b_3799_0_terrain_2_1|3799|0|2|742|742|-4575.0|139.0|-4697.0|132.0|-4636.0286414177535|135.99917899514006|-504.0|-504.0|-504.0|QROCK1X8|XA11TEX|1.0|1.0|0.0|0.0|14|gravel|-|SG001605|-|447|2|1|742|XA11TEX|-|1.0|1.0|0.0|0.0|0.0|QROCK1X8|-|1.0|1.0|462.335384302|120.0|-504.0|-504.0|-120.0|-120.0|136.0|136.0|136.0|136.0
UTNTSkyEdge_tnt04b_3800_0_terrain_1_0|3800|0|2|742|723|-4697.0|132.0|-4792.0|168.0|-4744.3228212570675|150.46755501607083|-120.0|-120.0|-120.0|QROCK1X8|QROCK1X8|1.0|1.0|584.536038965|120.0|8|rock|-|SG001444|-|447|1|0|723|XA11TEX|-|1.0|1.0|0.0|0.0|0.0|QROCK1X8|-|1.0|1.0|584.536038965|120.0|-504.0|-504.0|-120.0|-120.0|136.0|136.0|136.0|136.0
UTNTSkyEdge_tnt04b_3800_0_terrain_1_1|3800|0|2|742|723|-4697.0|132.0|-4792.0|168.0|-4744.6771787429325|149.53244498392917|-120.0|-120.0|-120.0|QROCK1X8|XA11TEX|1.0|1.0|0.0|0.0|8|gravel|-|SG001594|-|446|1|1|723|XA11TEX|-|1.0|1.0|0.0|0.0|0.0|QROCK1X8|-|1.0|1.0|584.536038965|120.0|-504.0|-504.0|-120.0|-120.0|136.0|136.0|136.0|136.0
UTNTSkyEdge_tnt04b_3800_0_terrain_2_1|3800|0|2|742|742|-4697.0|132.0|-4792.0|168.0|-4744.3228212570675|150.46755501607083|-504.0|-504.0|-504.0|QROCK1X8|XA11TEX|1.0|1.0|0.0|0.0|14|gravel|-|SG001606|-|447|2|1|742|XA11TEX|-|1.0|1.0|0.0|0.0|0.0|QROCK1X8|-|1.0|1.0|584.536038965|120.0|-504.0|-504.0|-120.0|-120.0|136.0|136.0|136.0|136.0
UTNTSkyEdge_tnt04b_3801_0_terrain_1_0|3801|0|2|742|723|-4792.0|168.0|-4973.0|164.0|-4882.511047026482|166.4998779483093|-120.0|-120.0|-120.0|QROCK1X8|QROCK1X8|1.0|1.0|686.128361509|120.0|8|rock|-|SG001444|-|447|1|0|723|XA11TEX|-|1.0|1.0|0.0|0.0|0.0|QROCK1X8|-|1.0|1.0|686.128361509|120.0|-504.0|-504.0|-120.0|-120.0|136.0|136.0|136.0|136.0
UTNTSkyEdge_tnt04b_3801_0_terrain_1_1|3801|0|2|742|723|-4792.0|168.0|-4973.0|164.0|-4882.488952973518|165.5001220516907|-120.0|-120.0|-120.0|QROCK1X8|XA11TEX|1.0|1.0|0.0|0.0|8|gravel|-|SG001594|-|446|1|1|723|XA11TEX|-|1.0|1.0|0.0|0.0|0.0|QROCK1X8|-|1.0|1.0|686.128361509|120.0|-504.0|-504.0|-120.0|-120.0|136.0|136.0|136.0|136.0
UTNTSkyEdge_tnt04b_3802_0_terrain_1_0|3802|0|2|742|723|-4973.0|164.0|-5137.0|190.0|-5054.921709472831|177.49383255598997|-120.0|-120.0|-120.0|QROCK1X8|QROCK1X8|1.0|1.0|867.172555009|120.0|8|rock|-|SG001444|-|447|1|0|723|XA11TEX|-|1.0|1.0|0.0|0.0|0.0|QROCK1X8|-|1.0|1.0|867.172555009|120.0|-504.0|-504.0|-120.0|-120.0|136.0|136.0|136.0|136.0
UTNTSkyEdge_tnt04b_3802_0_terrain_1_1|3802|0|2|742|723|-4973.0|164.0|-5137.0|190.0|-5055.078290527169|176.50616744401003|-120.0|-120.0|-120.0|QROCK1X8|XA11TEX|1.0|1.0|0.0|0.0|8|gravel|-|SG001594|-|446|1|1|723|XA11TEX|-|1.0|1.0|0.0|0.0|0.0|QROCK1X8|-|1.0|1.0|867.172555009|120.0|-504.0|-504.0|-120.0|-120.0|136.0|136.0|136.0|136.0
UTNTSkyEdge_tnt04b_3803_0_terrain_1_0|3803|0|2|742|723|-5137.0|190.0|-5332.0|132.0|-5234.642546162833|161.47925003021544|-120.0|-120.0|-120.0|QROCK1X8|QROCK1X8|1.0|1.0|9.220740787|120.0|8|rock|-|SG001444|-|447|1|0|723|XA11TEX|-|1.0|1.0|0.0|0.0|0.0|QROCK1X8|-|1.0|1.0|9.220740787|120.0|-504.0|-504.0|-120.0|-120.0|136.0|136.0|136.0|136.0
UTNTSkyEdge_tnt04b_3803_0_terrain_1_1|3803|0|2|742|723|-5137.0|190.0|-5332.0|132.0|-5234.357453837167|160.52074996978456|-120.0|-120.0|-120.0|QROCK1X8|XA11TEX|1.0|1.0|0.0|0.0|8|gravel|-|SG001594|-|446|1|1|723|XA11TEX|-|1.0|1.0|0.0|0.0|0.0|QROCK1X8|-|1.0|1.0|9.220740787|120.0|-504.0|-504.0|-120.0|-120.0|136.0|136.0|136.0|136.0
UTNTSkyEdge_tnt04b_3803_0_terrain_2_1|3803|0|2|742|742|-5137.0|190.0|-5332.0|132.0|-5234.642546162833|161.47925003021544|-504.0|-504.0|-504.0|QROCK1X8|XA11TEX|1.0|1.0|0.0|0.0|14|gravel|-|SG001607|-|447|2|1|742|XA11TEX|-|1.0|1.0|0.0|0.0|0.0|QROCK1X8|-|1.0|1.0|9.220740787|120.0|-504.0|-504.0|-120.0|-120.0|136.0|136.0|136.0|136.0
UTNTSkyEdge_tnt04b_3810_0_terrain_1_0|3810|0|2|742|3380|-3298.0|-158.0|-3352.0|-156.0|-3324.981494169745|-156.5003425831166|-120.0|-120.0|-120.0|QROCK1|QROCK1X8|1.0|1.0|71.0|120.0|8|rock|-|SG001444|-|447|1|0|3380|XA11TEX|-|1.0|1.0|0.0|0.0|0.0|QROCK1X8|-|1.0|1.0|71.0|120.0|-504.0|-504.0|-120.0|-120.0|136.0|136.0|136.0|136.0
UTNTSkyEdge_tnt04b_3810_0_terrain_1_1|3810|0|2|742|3380|-3298.0|-158.0|-3352.0|-156.0|-3325.018505830255|-157.4996574168834|-120.0|-120.0|-120.0|QROCK1|XA11TEX|1.0|1.0|0.0|0.0|8|gravel|-|SG001608|-|515|1|1|3380|XA11TEX|-|1.0|1.0|0.0|0.0|0.0|QROCK1X8|-|1.0|1.0|71.0|120.0|-504.0|-504.0|-120.0|-120.0|136.0|136.0|136.0|136.0
UTNTSkyEdge_tnt04b_3812_0_terrain_1_0|3812|0|2|724|3380|-3341.0|-398.0|-3332.0|-435.0|-3336.985833801581|-416.61817578957374|-120.0|-120.0|-120.0|QROCK1|QROCK1X8|1.0|1.0|407.39013728|120.0|8|rock|-|SG001442|-|445|1|0|3380|XA11TEX|-|1.0|1.0|0.0|0.0|0.0|QROCK1X8|-|1.0|1.0|407.39013728|120.0|-504.0|-504.0|-120.0|-120.0|136.0|136.0|136.0|136.0
UTNTSkyEdge_tnt04b_3812_0_terrain_1_1|3812|0|2|724|3380|-3341.0|-398.0|-3332.0|-435.0|-3336.014166198419|-416.38182421042626|-120.0|-120.0|-120.0|QROCK1|XA11TEX|1.0|1.0|0.0|0.0|8|gravel|-|SG001608|-|515|1|1|3380|XA11TEX|-|1.0|1.0|0.0|0.0|0.0|QROCK1X8|-|1.0|1.0|407.39013728|120.0|-504.0|-504.0|-120.0|-120.0|136.0|136.0|136.0|136.0
UTNTSkyEdge_tnt04b_3814_0_terrain_1_0|3814|0|2|743|3380|-3360.0|-240.0|-3362.0|-256.0|-3361.496138938357|-247.9379826327054|-120.0|-120.0|-120.0|QROCK1|QROCK1X8|1.0|1.0|226.726348463|120.0|8|rock|-|SG001609|-|516|1|0|3380|XA11TEX|-|1.0|1.0|0.0|0.0|0.0|QROCK1X8|-|1.0|1.0|226.726348463|120.0|-504.0|-504.0|-120.0|-120.0|136.0|136.0|136.0|136.0
UTNTSkyEdge_tnt04b_3814_0_terrain_1_1|3814|0|2|743|3380|-3360.0|-240.0|-3362.0|-256.0|-3360.503861061643|-248.0620173672946|-120.0|-120.0|-120.0|QROCK1|XA11TEX|1.0|1.0|0.0|0.0|8|gravel|-|SG001608|-|515|1|1|3380|XA11TEX|-|1.0|1.0|0.0|0.0|0.0|QROCK1X8|-|1.0|1.0|226.726348463|120.0|-504.0|-504.0|-120.0|-120.0|136.0|136.0|136.0|136.0
UTNTSkyEdge_tnt04b_3815_0_terrain_1_0|3815|0|2|742|3380|-3352.0|-156.0|-3329.0|-190.0|-3340.914141706564|-173.28015468385212|-120.0|-120.0|-120.0|QROCK1|QROCK1X8|1.0|1.0|125.037024344|120.0|8|rock|-|SG001444|-|447|1|0|3380|XA11TEX|-|1.0|1.0|0.0|0.0|0.0|QROCK1X8|-|1.0|1.0|125.037024344|120.0|-504.0|-504.0|-120.0|-120.0|136.0|136.0|136.0|136.0
UTNTSkyEdge_tnt04b_3815_0_terrain_1_1|3815|0|2|742|3380|-3352.0|-156.0|-3329.0|-190.0|-3340.085858293436|-172.71984531614788|-120.0|-120.0|-120.0|QROCK1|XA11TEX|1.0|1.0|0.0|0.0|8|gravel|-|SG001608|-|515|1|1|3380|XA11TEX|-|1.0|1.0|0.0|0.0|0.0|QROCK1X8|-|1.0|1.0|125.037024344|120.0|-504.0|-504.0|-120.0|-120.0|136.0|136.0|136.0|136.0
UTNTSkyEdge_tnt04b_3816_0_terrain_1_0|3816|0|2|724|3380|-3328.0|-352.0|-3341.0|-398.0|-3334.981154701554|-374.864021497387|-120.0|-120.0|-120.0|QROCK1|QROCK1X8|1.0|1.0|359.58846367|120.0|8|rock|-|SG001442|-|445|1|0|3380|XA11TEX|-|1.0|1.0|0.0|0.0|0.0|QROCK1X8|-|1.0|1.0|359.58846367|120.0|-504.0|-504.0|-120.0|-120.0|136.0|136.0|136.0|136.0
UTNTSkyEdge_tnt04b_3816_0_terrain_1_1|3816|0|2|724|3380|-3328.0|-352.0|-3341.0|-398.0|-3334.018845298446|-375.135978502613|-120.0|-120.0|-120.0|QROCK1|XA11TEX|1.0|1.0|0.0|0.0|8|gravel|-|SG001608|-|515|1|1|3380|XA11TEX|-|1.0|1.0|0.0|0.0|0.0|QROCK1X8|-|1.0|1.0|359.58846367|120.0|-504.0|-504.0|-120.0|-120.0|136.0|136.0|136.0|136.0
UTNTSkyEdge_tnt04b_3817_0_terrain_1_0|3817|0|2|724|3380|-3332.0|-435.0|-3288.0|-444.0|-3310.1001981180743|-439.9898574661413|-120.0|-120.0|-120.0|QROCK1|QROCK1X8|1.0|1.0|445.46900281|120.0|8|rock|-|SG001442|-|445|1|0|3380|XA11TEX|-|1.0|1.0|0.0|0.0|0.0|QROCK1X8|-|1.0|1.0|445.46900281|120.0|-504.0|-504.0|-120.0|-120.0|136.0|136.0|136.0|136.0
UTNTSkyEdge_tnt04b_3817_0_terrain_1_1|3817|0|2|724|3380|-3332.0|-435.0|-3288.0|-444.0|-3309.8998018819257|-439.0101425338587|-120.0|-120.0|-120.0|QROCK1|XA11TEX|1.0|1.0|0.0|0.0|8|gravel|-|SG001608|-|515|1|1|3380|XA11TEX|-|1.0|1.0|0.0|0.0|0.0|QROCK1X8|-|1.0|1.0|445.46900281|120.0|-504.0|-504.0|-120.0|-120.0|136.0|136.0|136.0|136.0
UTNTSkyEdge_tnt04b_3821_0_terrain_1_0|3821|0|2|743|3380|-3344.0|-224.0|-3360.0|-240.0|-3352.3535533905933|-231.64644660940672|-120.0|-120.0|-120.0|QROCK1|QROCK1X8|1.0|1.0|204.098931465|120.0|8|rock|-|SG001609|-|516|1|0|3380|XA11TEX|-|1.0|1.0|0.0|0.0|0.0|QROCK1X8|-|1.0|1.0|204.098931465|120.0|-504.0|-504.0|-120.0|-120.0|136.0|136.0|136.0|136.0
UTNTSkyEdge_tnt04b_3821_0_terrain_1_1|3821|0|2|743|3380|-3344.0|-224.0|-3360.0|-240.0|-3351.6464466094067|-232.35355339059328|-120.0|-120.0|-120.0|QROCK1|XA11TEX|1.0|1.0|0.0|0.0|8|gravel|-|SG001608|-|515|1|1|3380|XA11TEX|-|1.0|1.0|0.0|0.0|0.0|QROCK1X8|-|1.0|1.0|204.098931465|120.0|-504.0|-504.0|-120.0|-120.0|136.0|136.0|136.0|136.0
UTNTSkyEdge_tnt04b_3824_0_terrain_1_0|3824|0|2|743|3380|-3336.0|-208.0|-3344.0|-224.0|-3340.4472135954998|-215.77639320225003|-120.0|-120.0|-120.0|QROCK1|QROCK1X8|1.0|1.0|186.210387645|120.0|8|rock|-|SG001609|-|516|1|0|3380|XA11TEX|-|1.0|1.0|0.0|0.0|0.0|QROCK1X8|-|1.0|1.0|186.210387645|120.0|-504.0|-504.0|-120.0|-120.0|136.0|136.0|136.0|136.0
UTNTSkyEdge_tnt04b_3824_0_terrain_1_1|3824|0|2|743|3380|-3336.0|-208.0|-3344.0|-224.0|-3339.5527864045002|-216.22360679774997|-120.0|-120.0|-120.0|QROCK1|XA11TEX|1.0|1.0|0.0|0.0|8|gravel|-|SG001608|-|515|1|1|3380|XA11TEX|-|1.0|1.0|0.0|0.0|0.0|QROCK1X8|-|1.0|1.0|186.210387645|120.0|-504.0|-504.0|-120.0|-120.0|136.0|136.0|136.0|136.0
UTNTSkyEdge_tnt04b_3826_0_terrain_1_0|3826|0|2|743|723|-3967.0|-304.0|-3966.0|-288.0|-3966.0009737107584|-296.0311891430776|-120.0|-120.0|-120.0|QROCK1|QROCK1X8|1.0|1.0|572.670971956|120.0|8|rock|-|SG001609|-|516|1|0|723|XA11TEX|-|1.0|1.0|0.0|0.0|0.0|QROCK1X8|-|1.0|1.0|572.670971956|120.0|-504.0|-504.0|-120.0|-120.0|136.0|136.0|136.0|136.0
UTNTSkyEdge_tnt04b_3826_0_terrain_1_1|3826|0|2|743|723|-3967.0|-304.0|-3966.0|-288.0|-3966.9990262892416|-295.9688108569224|-120.0|-120.0|-120.0|QROCK1|XA11TEX|1.0|1.0|0.0|0.0|8|gravel|-|SG001594|-|446|1|1|723|XA11TEX|-|1.0|1.0|0.0|0.0|0.0|QROCK1X8|-|1.0|1.0|572.670971956|120.0|-504.0|-504.0|-120.0|-120.0|136.0|136.0|136.0|136.0
UTNTSkyEdge_tnt04b_3830_0_terrain_1_0|3830|0|2|743|3380|-3364.0|-288.0|-3365.0|-304.0|-3364.9990262892416|-295.9688108569224|-120.0|-120.0|-120.0|QROCK1|QROCK1X8|1.0|1.0|274.913303044|120.0|8|rock|-|SG001609|-|516|1|0|3380|XA11TEX|-|1.0|1.0|0.0|0.0|0.0|QROCK1X8|-|1.0|1.0|274.913303044|120.0|-504.0|-504.0|-120.0|-120.0|136.0|136.0|136.0|136.0
UTNTSkyEdge_tnt04b_3830_0_terrain_1_1|3830|0|2|743|3380|-3364.0|-288.0|-3365.0|-304.0|-3364.0009737107584|-296.0311891430776|-120.0|-120.0|-120.0|QROCK1|XA11TEX|1.0|1.0|0.0|0.0|8|gravel|-|SG001608|-|515|1|1|3380|XA11TEX|-|1.0|1.0|0.0|0.0|0.0|QROCK1X8|-|1.0|1.0|274.913303044|120.0|-504.0|-504.0|-120.0|-120.0|136.0|136.0|136.0|136.0
UTNTSkyEdge_tnt04b_3831_0_terrain_1_0|3831|0|2|743|723|-3966.0|-288.0|-3965.0|-272.0|-3965.0009737107584|-280.0311891430776|-120.0|-120.0|-120.0|QROCK1|QROCK1X8|1.0|1.0|588.702191497|120.0|8|rock|-|SG001609|-|516|1|0|723|XA11TEX|-|1.0|1.0|0.0|0.0|0.0|QROCK1X8|-|1.0|1.0|588.702191497|120.0|-504.0|-504.0|-120.0|-120.0|136.0|136.0|136.0|136.0
UTNTSkyEdge_tnt04b_3831_0_terrain_1_1|3831|0|2|743|723|-3966.0|-288.0|-3965.0|-272.0|-3965.9990262892416|-279.9688108569224|-120.0|-120.0|-120.0|QROCK1|XA11TEX|1.0|1.0|0.0|0.0|8|gravel|-|SG001594|-|446|1|1|723|XA11TEX|-|1.0|1.0|0.0|0.0|0.0|QROCK1X8|-|1.0|1.0|588.702191497|120.0|-504.0|-504.0|-120.0|-120.0|136.0|136.0|136.0|136.0
UTNTSkyEdge_tnt04b_3833_0_terrain_1_0|3833|0|2|743|723|-3963.0|-240.0|-3962.0|-224.0|-3962.0009737107584|-232.0311891430776|-120.0|-120.0|-120.0|QROCK1|QROCK1X8|1.0|1.0|637.77528625|120.0|8|rock|-|SG001609|-|516|1|0|723|XA11TEX|-|1.0|1.0|0.0|0.0|0.0|QROCK1X8|-|1.0|1.0|637.77528625|120.0|-504.0|-504.0|-120.0|-120.0|136.0|136.0|136.0|136.0
UTNTSkyEdge_tnt04b_3833_0_terrain_1_1|3833|0|2|743|723|-3963.0|-240.0|-3962.0|-224.0|-3962.9990262892416|-231.9688108569224|-120.0|-120.0|-120.0|QROCK1|XA11TEX|1.0|1.0|0.0|0.0|8|gravel|-|SG001594|-|446|1|1|723|XA11TEX|-|1.0|1.0|0.0|0.0|0.0|QROCK1X8|-|1.0|1.0|637.77528625|120.0|-504.0|-504.0|-120.0|-120.0|136.0|136.0|136.0|136.0
UTNTSkyEdge_tnt04b_3834_0_terrain_1_0|3834|0|2|743|723|-3965.0|-272.0|-3968.0|-256.0|-3966.008563906533|-263.9078557324749|-120.0|-120.0|-120.0|QROCK1|QROCK1X8|1.0|1.0|604.733411039|120.0|8|rock|-|SG001609|-|516|1|0|723|XA11TEX|-|1.0|1.0|0.0|0.0|0.0|QROCK1X8|-|1.0|1.0|604.733411039|120.0|-504.0|-504.0|-120.0|-120.0|136.0|136.0|136.0|136.0
UTNTSkyEdge_tnt04b_3834_0_terrain_1_1|3834|0|2|743|723|-3965.0|-272.0|-3968.0|-256.0|-3966.991436093467|-264.0921442675251|-120.0|-120.0|-120.0|QROCK1|XA11TEX|1.0|1.0|0.0|0.0|8|gravel|-|SG001594|-|446|1|1|723|XA11TEX|-|1.0|1.0|0.0|0.0|0.0|QROCK1X8|-|1.0|1.0|604.733411039|120.0|-504.0|-504.0|-120.0|-120.0|136.0|136.0|136.0|136.0
UTNTSkyEdge_tnt04b_3835_0_terrain_1_0|3835|0|2|743|3380|-3363.0|-272.0|-3364.0|-288.0|-3363.9990262892416|-279.9688108569224|-120.0|-120.0|-120.0|QROCK1|QROCK1X8|1.0|1.0|258.882083502|120.0|8|rock|-|SG001609|-|516|1|0|3380|XA11TEX|-|1.0|1.0|0.0|0.0|0.0|QROCK1X8|-|1.0|1.0|258.882083502|120.0|-504.0|-504.0|-120.0|-120.0|136.0|136.0|136.0|136.0
UTNTSkyEdge_tnt04b_3835_0_terrain_1_1|3835|0|2|743|3380|-3363.0|-272.0|-3364.0|-288.0|-3363.0009737107584|-280.0311891430776|-120.0|-120.0|-120.0|QROCK1|XA11TEX|1.0|1.0|0.0|0.0|8|gravel|-|SG001608|-|515|1|1|3380|XA11TEX|-|1.0|1.0|0.0|0.0|0.0|QROCK1X8|-|1.0|1.0|258.882083502|120.0|-504.0|-504.0|-120.0|-120.0|136.0|136.0|136.0|136.0
UTNTSkyEdge_tnt04b_3836_0_terrain_1_0|3836|0|2|743|3380|-3362.0|-256.0|-3363.0|-272.0|-3362.9990262892416|-263.9688108569224|-120.0|-120.0|-120.0|QROCK1|QROCK1X8|1.0|1.0|242.85086396|120.0|8|rock|-|SG001609|-|516|1|0|3380|XA11TEX|-|1.0|1.0|0.0|0.0|0.0|QROCK1X8|-|1.0|1.0|242.85086396|120.0|-504.0|-504.0|-120.0|-120.0|136.0|136.0|136.0|136.0
UTNTSkyEdge_tnt04b_3836_0_terrain_1_1|3836|0|2|743|3380|-3362.0|-256.0|-3363.0|-272.0|-3362.0009737107584|-264.0311891430776|-120.0|-120.0|-120.0|QROCK1|XA11TEX|1.0|1.0|0.0|0.0|8|gravel|-|SG001608|-|515|1|1|3380|XA11TEX|-|1.0|1.0|0.0|0.0|0.0|QROCK1X8|-|1.0|1.0|242.85086396|120.0|-504.0|-504.0|-120.0|-120.0|136.0|136.0|136.0|136.0
UTNTSkyEdge_tnt04b_3837_0_terrain_1_0|3837|0|2|743|723|-3968.0|-256.0|-3963.0|-240.0|-3965.0227600109824|-248.14913749656796|-120.0|-120.0|-120.0|QROCK1|QROCK1X8|1.0|1.0|621.012231635|120.0|8|rock|-|SG001609|-|516|1|0|723|XA11TEX|-|1.0|1.0|0.0|0.0|0.0|QROCK1X8|-|1.0|1.0|621.012231635|120.0|-504.0|-504.0|-120.0|-120.0|136.0|136.0|136.0|136.0
UTNTSkyEdge_tnt04b_3837_0_terrain_1_1|3837|0|2|743|723|-3968.0|-256.0|-3963.0|-240.0|-3965.9772399890176|-247.85086250343204|-120.0|-120.0|-120.0|QROCK1|XA11TEX|1.0|1.0|0.0|0.0|8|gravel|-|SG001594|-|446|1|1|723|XA11TEX|-|1.0|1.0|0.0|0.0|0.0|QROCK1X8|-|1.0|1.0|621.012231635|120.0|-504.0|-504.0|-120.0|-120.0|136.0|136.0|136.0|136.0
UTNTSkyEdge_tnt04b_4034_0_terrain_1_0|4034|0|2|724|752|-3660.0|-855.0|-3638.0|-816.0|-3648.5645107661285|-835.7456605934659|16.0|16.0|16.0|QROCK1|QROCK1X8|1.0|1.0|33.0|112.0|8|rock|-|SG001442|-|445|1|0|752|XA11TEX|-|1.0|1.0|0.0|0.0|0.0|QROCK1X8|-|1.0|1.0|33.0|112.0|-504.0|-504.0|16.0|16.0|136.0|136.0|136.0|136.0
UTNTSkyEdge_tnt04b_4034_0_terrain_1_1|4034|0|2|724|752|-3660.0|-855.0|-3638.0|-816.0|-3649.4354892338715|-835.2543394065341|16.0|16.0|16.0|QROCK1|XA11TEX|1.0|1.0|0.0|0.0|8|gravel|-|SG001610|-|517|1|1|752|XA11TEX|-|1.0|1.0|0.0|0.0|0.0|QROCK1X8|-|1.0|1.0|33.0|112.0|-504.0|-504.0|16.0|16.0|136.0|136.0|136.0|136.0
UTNTSkyEdge_tnt04b_4035_0_terrain_1_0|4035|0|2|724|752|-3638.0|-816.0|-3657.0|-786.0|-3647.077590462223|-800.7324739594078|16.0|16.0|16.0|QROCK1|QROCK1X8|1.0|1.0|77.777226354|112.0|8|rock|-|SG001442|-|445|1|0|752|XA11TEX|-|1.0|1.0|0.0|0.0|0.0|QROCK1X8|-|1.0|1.0|77.777226354|112.0|-504.0|-504.0|16.0|16.0|136.0|136.0|136.0|136.0
UTNTSkyEdge_tnt04b_4035_0_terrain_1_1|4035|0|2|724|752|-3638.0|-816.0|-3657.0|-786.0|-3647.922409537777|-801.2675260405922|16.0|16.0|16.0|QROCK1|XA11TEX|1.0|1.0|0.0|0.0|8|gravel|-|SG001610|-|517|1|1|752|XA11TEX|-|1.0|1.0|0.0|0.0|0.0|QROCK1X8|-|1.0|1.0|77.777226354|112.0|-504.0|-504.0|16.0|16.0|136.0|136.0|136.0|136.0
UTNTSkyEdge_tnt04b_4036_0_terrain_1_0|4036|0|2|724|752|-3657.0|-786.0|-3690.0|-763.0|-3673.214103669156|-774.089800916615|16.0|16.0|16.0|QROCK1|QROCK1X8|1.0|1.0|113.287788164|112.0|8|rock|-|SG001442|-|445|1|0|752|XA11TEX|-|1.0|1.0|0.0|0.0|0.0|QROCK1X8|-|1.0|1.0|113.287788164|112.0|-504.0|-504.0|16.0|16.0|136.0|136.0|136.0|136.0
UTNTSkyEdge_tnt04b_4036_0_terrain_1_1|4036|0|2|724|752|-3657.0|-786.0|-3690.0|-763.0|-3673.785896330844|-774.910199083385|16.0|16.0|16.0|QROCK1|XA11TEX|1.0|1.0|0.0|0.0|8|gravel|-|SG001610|-|517|1|1|752|XA11TEX|-|1.0|1.0|0.0|0.0|0.0|QROCK1X8|-|1.0|1.0|113.287788164|112.0|-504.0|-504.0|16.0|16.0|136.0|136.0|136.0|136.0
UTNTSkyEdge_tnt04b_4037_0_terrain_1_0|4037|0|2|724|752|-3690.0|-763.0|-3745.0|-763.0|-3717.5|-762.5|16.0|16.0|16.0|QROCK1|QROCK1X8|1.0|1.0|153.512158886|112.0|8|rock|-|SG001442|-|445|1|0|752|XA11TEX|-|1.0|1.0|0.0|0.0|0.0|QROCK1X8|-|1.0|1.0|153.512158886|112.0|-504.0|-504.0|16.0|16.0|136.0|136.0|136.0|136.0
UTNTSkyEdge_tnt04b_4037_0_terrain_1_1|4037|0|2|724|752|-3690.0|-763.0|-3745.0|-763.0|-3717.5|-763.5|16.0|16.0|16.0|QROCK1|XA11TEX|1.0|1.0|0.0|0.0|8|gravel|-|SG001610|-|517|1|1|752|XA11TEX|-|1.0|1.0|0.0|0.0|0.0|QROCK1X8|-|1.0|1.0|153.512158886|112.0|-504.0|-504.0|16.0|16.0|136.0|136.0|136.0|136.0
UTNTSkyEdge_tnt04b_4038_0_terrain_1_0|4038|0|2|724|752|-3745.0|-763.0|-3782.0|-773.0|-3763.6304545125713|-767.5173183034859|16.0|16.0|16.0|QROCK1|QROCK1X8|1.0|1.0|208.512158886|112.0|8|rock|-|SG001442|-|445|1|0|752|XA11TEX|-|1.0|1.0|0.0|0.0|0.0|QROCK1X8|-|1.0|1.0|208.512158886|112.0|-504.0|-504.0|16.0|16.0|136.0|136.0|136.0|136.0
UTNTSkyEdge_tnt04b_4038_0_terrain_1_1|4038|0|2|724|752|-3745.0|-763.0|-3782.0|-773.0|-3763.3695454874287|-768.4826816965141|16.0|16.0|16.0|QROCK1|XA11TEX|1.0|1.0|0.0|0.0|8|gravel|-|SG001610|-|517|1|1|752|XA11TEX|-|1.0|1.0|0.0|0.0|0.0|QROCK1X8|-|1.0|1.0|208.512158886|112.0|-504.0|-504.0|16.0|16.0|136.0|136.0|136.0|136.0
UTNTSkyEdge_tnt04b_4039_0_terrain_1_0|4039|0|2|724|752|-3782.0|-773.0|-3817.0|-773.0|-3799.5|-772.5|16.0|16.0|16.0|QROCK1|QROCK1X8|1.0|1.0|246.839694679|112.0|8|rock|-|SG001442|-|445|1|0|752|XA11TEX|-|1.0|1.0|0.0|0.0|0.0|QROCK1X8|-|1.0|1.0|246.839694679|112.0|-504.0|-504.0|16.0|16.0|136.0|136.0|136.0|136.0
UTNTSkyEdge_tnt04b_4039_0_terrain_1_1|4039|0|2|724|752|-3782.0|-773.0|-3817.0|-773.0|-3799.5|-773.5|16.0|16.0|16.0|QROCK1|XA11TEX|1.0|1.0|0.0|0.0|8|gravel|-|SG001610|-|517|1|1|752|XA11TEX|-|1.0|1.0|0.0|0.0|0.0|QROCK1X8|-|1.0|1.0|246.839694679|112.0|-504.0|-504.0|16.0|16.0|136.0|136.0|136.0|136.0
UTNTSkyEdge_tnt04b_4041_0_terrain_1_0|4041|0|2|724|753|-3828.0|-861.0|-3803.0|-861.0|-3815.5|-861.5|16.0|16.0|16.0|QROCK1|QROCK1X8|1.0|1.0|102.197864564|112.0|8|rock|-|SG001442|-|445|1|0|753|XA11TEX|-|1.0|1.0|0.0|0.0|0.0|QROCK1X8|-|1.0|1.0|102.197864564|112.0|-504.0|-504.0|16.0|16.0|136.0|136.0|136.0|136.0
UTNTSkyEdge_tnt04b_4041_0_terrain_1_1|4041|0|2|724|753|-3828.0|-861.0|-3803.0|-861.0|-3815.5|-860.5|16.0|16.0|16.0|QROCK1|XA11TEX|1.0|1.0|0.0|0.0|8|gravel|-|SG001611|-|518|1|1|753|XA11TEX|-|1.0|1.0|0.0|0.0|0.0|QROCK1X8|-|1.0|1.0|102.197864564|112.0|-504.0|-504.0|16.0|16.0|136.0|136.0|136.0|136.0
UTNTSkyEdge_tnt04b_4062_0_terrain_1_0|4062|0|2|742|758|-4743.0|502.0|-4783.0|477.0|-4763.264999470001|489.9239991520025|-150.0|-150.0|-150.0|QROCK1|QROCK1X8|1.0|1.0|119.114177867|22.0|8|rock|-|SG001444|-|447|1|0|758|XA11TEX|-|1.0|1.0|0.0|0.0|0.0|QROCK1X8|-|1.0|1.0|119.114177867|22.0|-504.0|-504.0|-150.0|-150.0|136.0|136.0|136.0|136.0
UTNTSkyEdge_tnt04b_4062_0_terrain_1_1|4062|0|2|742|758|-4743.0|502.0|-4783.0|477.0|-4762.735000529999|489.0760008479975|-150.0|-150.0|-150.0|QROCK1|XA11TEX|1.0|1.0|0.0|0.0|8|gravel|-|SG001612|-|519|1|1|758|XA11TEX|-|1.0|1.0|0.0|0.0|0.0|QROCK1X8|-|1.0|1.0|119.114177867|22.0|-504.0|-504.0|-150.0|-150.0|136.0|136.0|136.0|136.0
UTNTSkyEdge_tnt04b_4063_0_terrain_1_0|4063|0|2|742|758|-4783.0|477.0|-4783.0|455.0|-4783.5|466.0|-150.0|-150.0|-150.0|QROCK1|QROCK1X8|1.0|1.0|166.284083528|22.0|8|rock|-|SG001444|-|447|1|0|758|XA11TEX|-|1.0|1.0|0.0|0.0|0.0|QROCK1X8|-|1.0|1.0|166.284083528|22.0|-504.0|-504.0|-150.0|-150.0|136.0|136.0|136.0|136.0
UTNTSkyEdge_tnt04b_4063_0_terrain_1_1|4063|0|2|742|758|-4783.0|477.0|-4783.0|455.0|-4782.5|466.0|-150.0|-150.0|-150.0|QROCK1|XA11TEX|1.0|1.0|0.0|0.0|8|gravel|-|SG001612|-|519|1|1|758|XA11TEX|-|1.0|1.0|0.0|0.0|0.0|QROCK1X8|-|1.0|1.0|166.284083528|22.0|-504.0|-504.0|-150.0|-150.0|136.0|136.0|136.0|136.0
UTNTSkyEdge_tnt04b_4064_0_terrain_1_0|4064|0|2|742|758|-4783.0|455.0|-4753.0|435.0|-4768.277350098113|444.5839748528311|-150.0|-150.0|-150.0|QROCK1|QROCK1X8|1.0|1.0|188.284083528|22.0|8|rock|-|SG001444|-|447|1|0|758|XA11TEX|-|1.0|1.0|0.0|0.0|0.0|QROCK1X8|-|1.0|1.0|188.284083528|22.0|-504.0|-504.0|-150.0|-150.0|136.0|136.0|136.0|136.0
UTNTSkyEdge_tnt04b_4064_0_terrain_1_1|4064|0|2|742|758|-4783.0|455.0|-4753.0|435.0|-4767.722649901887|445.4160251471689|-150.0|-150.0|-150.0|QROCK1|XA11TEX|1.0|1.0|0.0|0.0|8|gravel|-|SG001612|-|519|1|1|758|XA11TEX|-|1.0|1.0|0.0|0.0|0.0|QROCK1X8|-|1.0|1.0|188.284083528|22.0|-504.0|-504.0|-150.0|-150.0|136.0|136.0|136.0|136.0
UTNTSkyEdge_tnt04b_4065_0_terrain_1_0|4065|0|2|742|758|-4753.0|435.0|-4724.0|422.0|-4738.704527952046|428.0437453377425|-150.0|-150.0|-150.0|QROCK1|QROCK1X8|1.0|1.0|224.339596282|22.0|8|rock|-|SG001444|-|447|1|0|758|XA11TEX|-|1.0|1.0|0.0|0.0|0.0|QROCK1X8|-|1.0|1.0|224.339596282|22.0|-504.0|-504.0|-150.0|-150.0|136.0|136.0|136.0|136.0
UTNTSkyEdge_tnt04b_4065_0_terrain_1_1|4065|0|2|742|758|-4753.0|435.0|-4724.0|422.0|-4738.295472047954|428.9562546622575|-150.0|-150.0|-150.0|QROCK1|XA11TEX|1.0|1.0|0.0|0.0|8|gravel|-|SG001612|-|519|1|1|758|XA11TEX|-|1.0|1.0|0.0|0.0|0.0|QROCK1X8|-|1.0|1.0|224.339596282|22.0|-504.0|-504.0|-150.0|-150.0|136.0|136.0|136.0|136.0
UTNTSkyEdge_tnt04b_4066_0_terrain_1_0|4066|0|2|742|758|-4724.0|422.0|-4709.0|430.0|-4716.264705882353|425.55882352941177|-150.0|-150.0|-150.0|QROCK1|QROCK1X8|1.0|1.0|256.120093446|22.0|8|rock|-|SG001444|-|447|1|0|758|XA11TEX|-|1.0|1.0|0.0|0.0|0.0|QROCK1X8|-|1.0|1.0|256.120093446|22.0|-504.0|-504.0|-150.0|-150.0|136.0|136.0|136.0|136.0
UTNTSkyEdge_tnt04b_4066_0_terrain_1_1|4066|0|2|742|758|-4724.0|422.0|-4709.0|430.0|-4716.735294117647|426.44117647058823|-150.0|-150.0|-150.0|QROCK1|XA11TEX|1.0|1.0|0.0|0.0|8|gravel|-|SG001612|-|519|1|1|758|XA11TEX|-|1.0|1.0|0.0|0.0|0.0|QROCK1X8|-|1.0|1.0|256.120093446|22.0|-504.0|-504.0|-150.0|-150.0|136.0|136.0|136.0|136.0
UTNTSkyEdge_tnt04b_4068_0_terrain_1_0|4068|0|2|742|761|-4593.0|476.0|-4623.0|500.0|-4607.687652476223|488.39043440472153|-150.0|-150.0|-150.0|QROCK1|QROCK1X8|1.0|1.0|248.892695877|22.0|8|rock|-|SG001444|-|447|1|0|761|XA11TEX|-|1.0|1.0|0.0|0.0|0.0|QROCK1X8|-|1.0|1.0|248.892695877|22.0|-504.0|-504.0|-150.0|-150.0|136.0|136.0|136.0|136.0
UTNTSkyEdge_tnt04b_4068_0_terrain_1_1|4068|0|2|742|761|-4593.0|476.0|-4623.0|500.0|-4608.312347523777|487.60956559527847|-150.0|-150.0|-150.0|QROCK1|XA11TEX|1.0|1.0|0.0|0.0|8|gravel|-|SG001613|-|520|1|1|761|XA11TEX|-|1.0|1.0|0.0|0.0|0.0|QROCK1X8|-|1.0|1.0|248.892695877|22.0|-504.0|-504.0|-150.0|-150.0|136.0|136.0|136.0|136.0
UTNTSkyEdge_tnt04b_4071_0_terrain_1_0|4071|0|2|742|761|-4633.0|462.0|-4606.0|457.0|-4619.591044630091|459.00835899750774|-150.0|-150.0|-150.0|QROCK1|QROCK1X8|1.0|1.0|198.411906575|22.0|8|rock|-|SG001444|-|447|1|0|761|XA11TEX|-|1.0|1.0|0.0|0.0|0.0|QROCK1X8|-|1.0|1.0|198.411906575|22.0|-504.0|-504.0|-150.0|-150.0|136.0|136.0|136.0|136.0
UTNTSkyEdge_tnt04b_4071_0_terrain_1_1|4071|0|2|742|761|-4633.0|462.0|-4606.0|457.0|-4619.408955369909|459.99164100249226|-150.0|-150.0|-150.0|QROCK1|XA11TEX|1.0|1.0|0.0|0.0|8|gravel|-|SG001613|-|520|1|1|761|XA11TEX|-|1.0|1.0|0.0|0.0|0.0|QROCK1X8|-|1.0|1.0|198.411906575|22.0|-504.0|-504.0|-150.0|-150.0|136.0|136.0|136.0|136.0
UTNTSkyEdge_tnt04b_4140_0_terrain_1_0|4140|0|2|742|761|-4606.0|457.0|-4593.0|476.0|-4599.087346369375|466.217658042204|-150.0|-150.0|-150.0|QROCK1|QROCK1X8|1.0|1.0|225.87096701|22.0|8|rock|-|SG001444|-|447|1|0|761|XA11TEX|-|1.0|1.0|0.0|0.0|0.0|QROCK1X8|-|1.0|1.0|225.87096701|22.0|-504.0|-504.0|-150.0|-150.0|136.0|136.0|136.0|136.0
UTNTSkyEdge_tnt04b_4140_0_terrain_1_1|4140|0|2|742|761|-4606.0|457.0|-4593.0|476.0|-4599.912653630625|466.782341957796|-150.0|-150.0|-150.0|QROCK1|XA11TEX|1.0|1.0|0.0|0.0|8|gravel|-|SG001613|-|520|1|1|761|XA11TEX|-|1.0|1.0|0.0|0.0|0.0|QROCK1X8|-|1.0|1.0|225.87096701|22.0|-504.0|-504.0|-150.0|-150.0|136.0|136.0|136.0|136.0
UTNTSkyEdge_tnt04b_4141_0_terrain_1_0|4141|0|2|742|761|-4623.0|500.0|-4625.0|523.0|-4623.501879705902|511.5433148081824|-150.0|-150.0|-150.0|QROCK1|QROCK1X8|1.0|1.0|287.311441301|22.0|8|rock|-|SG001444|-|447|1|0|761|XA11TEX|-|1.0|1.0|0.0|0.0|0.0|QROCK1X8|-|1.0|1.0|287.311441301|22.0|-504.0|-504.0|-150.0|-150.0|136.0|136.0|136.0|136.0
UTNTSkyEdge_tnt04b_4141_0_terrain_1_1|4141|0|2|742|761|-4623.0|500.0|-4625.0|523.0|-4624.498120294098|511.4566851918176|-150.0|-150.0|-150.0|QROCK1|XA11TEX|1.0|1.0|0.0|0.0|8|gravel|-|SG001613|-|520|1|1|761|XA11TEX|-|1.0|1.0|0.0|0.0|0.0|QROCK1X8|-|1.0|1.0|287.311441301|22.0|-504.0|-504.0|-150.0|-150.0|136.0|136.0|136.0|136.0
UTNTSkyEdge_tnt04b_4142_0_terrain_1_0|4142|0|2|742|761|-4625.0|523.0|-4650.0|528.0|-4637.401941932431|525.9902903378454|-150.0|-150.0|-150.0|QROCK1|QROCK1X8|1.0|1.0|310.398234062|22.0|8|rock|-|SG001444|-|447|1|0|761|XA11TEX|-|1.0|1.0|0.0|0.0|0.0|QROCK1X8|-|1.0|1.0|310.398234062|22.0|-504.0|-504.0|-150.0|-150.0|136.0|136.0|136.0|136.0
UTNTSkyEdge_tnt04b_4142_0_terrain_1_1|4142|0|2|742|761|-4625.0|523.0|-4650.0|528.0|-4637.598058067569|525.0097096621546|-150.0|-150.0|-150.0|QROCK1|XA11TEX|1.0|1.0|0.0|0.0|8|gravel|-|SG001613|-|520|1|1|761|XA11TEX|-|1.0|1.0|0.0|0.0|0.0|QROCK1X8|-|1.0|1.0|310.398234062|22.0|-504.0|-504.0|-150.0|-150.0|136.0|136.0|136.0|136.0
UTNTSkyEdge_tnt04b_4187_0_terrain_2_1|4187|0|1|742|742|-5015.0|561.0|-4901.0|553.0|-4958.03500164074|556.5012266194498|-504.0|-504.0|-504.0|QROCK1X8|XA11TEX|1.0|1.0|0.0|0.0|14|gravel|-|SG001614|-|447|2|1|742|XA11TEX|-|1.0|1.0|0.0|0.0|0.0|QROCK1X8|-|1.0|1.0|738.336926342|120.0|-504.0|-504.0|0|0|136.0|136.0|0|0
UTNTSkyEdge_tnt04b_4422_0_terrain_1_0|4422|0|2|723|782|-5208.0|68.0|-5185.0|101.0|-5196.089800916615|84.21410366915592|-89.0|-89.0|-89.0|QROCK1|QROCK1X8|1.0|1.0|44.181444069|89.0|4.96|rock|-|SG001443|-|446|1|0|782|XA11TEX|-|1.0|1.0|0.0|0.0|0.0|QROCK1X8|-|1.0|1.0|44.181444069|89.0|-120.0|-120.0|-89.0|-89.0|136.0|136.0|136.0|136.0
UTNTSkyEdge_tnt04b_4422_0_terrain_1_1|4422|0|2|723|782|-5208.0|68.0|-5185.0|101.0|-5196.910199083385|84.78589633084408|-89.0|-89.0|-89.0|QROCK1|XA11TEX|1.0|1.0|0.0|0.0|4.96|gravel|-|SG001615|-|521|1|1|782|XA11TEX|-|1.0|1.0|0.0|0.0|0.0|QROCK1X8|-|1.0|1.0|44.181444069|89.0|-120.0|-120.0|-89.0|-89.0|136.0|136.0|136.0|136.0
UTNTSkyEdge_tnt04b_4434_0_terrain_1_0|4434|0|2|723|782|-5252.0|72.0|-5208.0|68.0|-5230.045267873022|69.50205339676614|-89.0|-89.0|-89.0|QROCK1|QROCK1X8|1.0|1.0|0.0|89.0|4.96|rock|-|SG001443|-|446|1|0|782|XA11TEX|-|1.0|1.0|0.0|0.0|0.0|QROCK1X8|-|1.0|1.0|0.0|89.0|-120.0|-120.0|-89.0|-89.0|136.0|136.0|136.0|136.0
UTNTSkyEdge_tnt04b_4434_0_terrain_1_1|4434|0|2|723|782|-5252.0|72.0|-5208.0|68.0|-5229.954732126978|70.49794660323386|-89.0|-89.0|-89.0|QROCK1|XA11TEX|1.0|1.0|0.0|0.0|4.96|gravel|-|SG001615|-|521|1|1|782|XA11TEX|-|1.0|1.0|0.0|0.0|0.0|QROCK1X8|-|1.0|1.0|0.0|89.0|-120.0|-120.0|-89.0|-89.0|136.0|136.0|136.0|136.0
UTNTSkyEdge_tnt04b_4435_0_terrain_1_0|4435|0|2|723|782|-5254.0|128.0|-5252.0|72.0|-5253.4996814271735|99.98215423474379|-89.0|-89.0|-89.0|QROCK1|QROCK1X8|1.0|1.0|176.990972474|89.0|4.96|rock|-|SG001443|-|446|1|0|782|XA11TEX|-|1.0|1.0|0.0|0.0|0.0|QROCK1X8|-|1.0|1.0|176.990972474|89.0|-120.0|-120.0|-89.0|-89.0|136.0|136.0|136.0|136.0
UTNTSkyEdge_tnt04b_4435_0_terrain_1_1|4435|0|2|723|782|-5254.0|128.0|-5252.0|72.0|-5252.5003185728265|100.01784576525621|-89.0|-89.0|-89.0|QROCK1|XA11TEX|1.0|1.0|0.0|0.0|4.96|gravel|-|SG001615|-|521|1|1|782|XA11TEX|-|1.0|1.0|0.0|0.0|0.0|QROCK1X8|-|1.0|1.0|176.990972474|89.0|-120.0|-120.0|-89.0|-89.0|136.0|136.0|136.0|136.0
UTNTSkyEdge_tnt04b_4436_0_terrain_1_0|4436|0|2|723|782|-5202.0|137.0|-5254.0|128.0|-5228.085270716853|132.9926752529277|-89.0|-89.0|-89.0|QROCK1|QROCK1X8|1.0|1.0|124.217873266|89.0|4.96|rock|-|SG001443|-|446|1|0|782|XA11TEX|-|1.0|1.0|0.0|0.0|0.0|QROCK1X8|-|1.0|1.0|124.217873266|89.0|-120.0|-120.0|-89.0|-89.0|136.0|136.0|136.0|136.0
UTNTSkyEdge_tnt04b_4436_0_terrain_1_1|4436|0|2|723|782|-5202.0|137.0|-5254.0|128.0|-5227.914729283147|132.0073247470723|-89.0|-89.0|-89.0|QROCK1|XA11TEX|1.0|1.0|0.0|0.0|4.96|gravel|-|SG001615|-|521|1|1|782|XA11TEX|-|1.0|1.0|0.0|0.0|0.0|QROCK1X8|-|1.0|1.0|124.217873266|89.0|-120.0|-120.0|-89.0|-89.0|136.0|136.0|136.0|136.0
UTNTSkyEdge_tnt04b_4437_0_terrain_1_0|4437|0|2|723|782|-5185.0|101.0|-5202.0|137.0|-5193.047875676627|119.21350315270391|-89.0|-89.0|-89.0|QROCK1|QROCK1X8|1.0|1.0|84.405814791|89.0|4.96|rock|-|SG001443|-|446|1|0|782|XA11TEX|-|1.0|1.0|0.0|0.0|0.0|QROCK1X8|-|1.0|1.0|84.405814791|89.0|-120.0|-120.0|-89.0|-89.0|136.0|136.0|136.0|136.0
UTNTSkyEdge_tnt04b_4437_0_terrain_1_1|4437|0|2|723|782|-5185.0|101.0|-5202.0|137.0|-5193.952124323373|118.78649684729609|-89.0|-89.0|-89.0|QROCK1|XA11TEX|1.0|1.0|0.0|0.0|4.96|gravel|-|SG001615|-|521|1|1|782|XA11TEX|-|1.0|1.0|0.0|0.0|0.0|QROCK1X8|-|1.0|1.0|84.405814791|89.0|-120.0|-120.0|-89.0|-89.0|136.0|136.0|136.0|136.0
UTNTSkyEdge_tnt04b_4467_0_terrain_1_0|4467|0|2|724|3380|-3343.0|-322.0|-3328.0|-352.0|-3335.9472135954998|-337.22360679775|-120.0|-120.0|-120.0|QROCK1|QROCK1X8|1.0|1.0|326.047444007|120.0|8|rock|-|SG001442|-|445|1|0|3380|XA11TEX|-|1.0|1.0|0.0|0.0|0.0|QROCK1X8|-|1.0|1.0|326.047444007|120.0|-504.0|-504.0|-120.0|-120.0|136.0|136.0|136.0|136.0
UTNTSkyEdge_tnt04b_4467_0_terrain_1_1|4467|0|2|724|3380|-3343.0|-322.0|-3328.0|-352.0|-3335.0527864045002|-336.77639320225|-120.0|-120.0|-120.0|QROCK1|XA11TEX|1.0|1.0|0.0|0.0|8|gravel|-|SG001608|-|515|1|1|3380|XA11TEX|-|1.0|1.0|0.0|0.0|0.0|QROCK1X8|-|1.0|1.0|326.047444007|120.0|-504.0|-504.0|-120.0|-120.0|136.0|136.0|136.0|136.0
UTNTSkyEdge_tnt04b_4474_0_terrain_1_0|4474|0|2|742|723|-3968.0|-172.0|-4016.0|-64.0|-3991.54309422569|-117.79693076697328|-120.0|-120.0|-120.0|QROCK1X8|QROCK1X8|1.0|1.0|707.487939673|120.0|8|rock|-|SG001444|-|447|1|0|723|XA11TEX|-|1.0|1.0|0.0|0.0|0.0|QROCK1X8|-|1.0|1.0|707.487939673|120.0|-504.0|-504.0|-120.0|-120.0|136.0|136.0|136.0|136.0
UTNTSkyEdge_tnt04b_4474_0_terrain_1_1|4474|0|2|742|723|-3968.0|-172.0|-4016.0|-64.0|-3992.45690577431|-118.20306923302672|-120.0|-120.0|-120.0|QROCK1X8|XA11TEX|1.0|1.0|0.0|0.0|8|gravel|-|SG001594|-|446|1|1|723|XA11TEX|-|1.0|1.0|0.0|0.0|0.0|QROCK1X8|-|1.0|1.0|707.487939673|120.0|-504.0|-504.0|-120.0|-120.0|136.0|136.0|136.0|136.0
UTNTSkyEdge_tnt04b_4474_0_terrain_2_1|4474|0|2|742|742|-3968.0|-172.0|-4016.0|-64.0|-3991.54309422569|-117.79693076697328|-504.0|-504.0|-504.0|QROCK1X8|XA11TEX|1.0|1.0|0.0|0.0|14|gravel|-|SG001616|-|447|2|1|742|XA11TEX|-|1.0|1.0|0.0|0.0|0.0|QROCK1X8|-|1.0|1.0|707.487939673|120.0|-504.0|-504.0|-120.0|-120.0|136.0|136.0|136.0|136.0
UTNTSkyEdge_tnt04b_4683_0_terrain_2_1|4683|0|1|723|723|-5144.0|-16.0|-5326.0|112.0|-5234.712364634339|48.408981535549934|-120.0|-120.0|-120.0|QROCK1|XA11TEX|1.0|1.0|0.0|0.0|14|gravel|-|SG001617|-|446|2|1|723|XA11TEX|-|1.0|1.0|0.0|0.0|0.0|QROCK1X8|-|1.0|1.0|154.844410204|120.0|-120.0|-120.0|0|0|136.0|136.0|0|0
UTNTSkyEdge_tnt04b_5267_0_terrain_2_1|5267|0|1|929|929|4000.0|-848.0|3904.0|-896.0|3951.77639320225|-871.5527864045|0.0|0.0|0.0|QROCK3|XA11TEX|1.0|1.0|0.0|0.0|14|gravel|-|SG001618|-|428|2|1|929|XA11TEX|-|1.0|1.0|0.0|0.0|0.0|QROCK3X8|-|1.0|1.0|50.0|0.0|0.0|0.0|0|0|384.0|384.0|0|0
UTNTSkyEdge_tnt04b_8746_1_terrain_1_0|8746|1|2|1464|1539|256.0|-4544.0|192.0|-4608.0|223.64644660940672|-4575.646446609407|53.666666666666664|51.333333333333336|56.0|QROCK3|QROCK3X8|1.0|1.0|571.23305178|968.0|8|rock|-|SG001619|-|522|1|0|1539|XA11TEX|-|1.0|1.0|0.0|0.0|0.0|QROCK3X8|-|1.0|1.0|571.23305178|968.0|0.0|0.0|51.333333333333336|56.0|1024.0|1024.0|1024.0|1024.0
UTNTSkyEdge_tnt04b_8746_1_terrain_1_1|8746|1|2|1464|1539|256.0|-4544.0|192.0|-4608.0|224.35355339059328|-4576.353553390593|53.666666666666664|51.333333333333336|56.0|QROCK3|XA11TEX|1.0|1.0|0.0|0.0|8|gravel|-|SG001620|-|523|1|1|1539|XA11TEX|-|1.0|1.0|0.0|0.0|0.0|QROCK3X8|-|1.0|1.0|571.23305178|968.0|0.0|0.0|51.333333333333336|56.0|1024.0|1024.0|1024.0|1024.0
UTNTSkyEdge_tnt04b_8747_1_terrain_1_0|8747|1|2|1464|1539|352.0|-4576.0|256.0|-4544.0|304.1581138830084|-4559.5256583509745|43.166666666666664|35.0|51.333333333333336|QROCK3|QROCK3X8|1.0|1.0|470.040166655|968.0|5.6000000000000005|rock|-|SG001619|-|522|1|0|1539|XA11TEX|-|1.0|1.0|0.0|0.0|0.0|QROCK3X8|-|1.0|1.0|470.040166655|968.0|0.0|0.0|35.0|51.333333333333336|1024.0|1024.0|1024.0|1024.0
UTNTSkyEdge_tnt04b_8747_1_terrain_1_1|8747|1|2|1464|1539|352.0|-4576.0|256.0|-4544.0|303.8418861169916|-4560.4743416490255|43.166666666666664|35.0|51.333333333333336|QROCK3|XA11TEX|1.0|1.0|0.0|0.0|5.6000000000000005|gravel|-|SG001620|-|523|1|1|1539|XA11TEX|-|1.0|1.0|0.0|0.0|0.0|QROCK3X8|-|1.0|1.0|470.040166655|968.0|0.0|0.0|35.0|51.333333333333336|1024.0|1024.0|1024.0|1024.0
UTNTSkyEdge_tnt04b_8748_1_terrain_1_0|8748|1|2|1464|1539|384.0|-4640.0|352.0|-4576.0|368.44721359549993|-4607.77639320225|30.333333333333332|25.666666666666668|35.0|QROCK3|QROCK3X8|1.0|1.0|398.485991375|968.0|4.106666666666667|rock|-|SG001619|-|522|1|0|1539|XA11TEX|-|1.0|1.0|0.0|0.0|0.0|QROCK3X8|-|1.0|1.0|398.485991375|968.0|0.0|0.0|25.666666666666668|35.0|1024.0|1024.0|1024.0|1024.0
UTNTSkyEdge_tnt04b_8748_1_terrain_1_1|8748|1|2|1464|1539|384.0|-4640.0|352.0|-4576.0|367.55278640450007|-4608.22360679775|30.333333333333332|25.666666666666668|35.0|QROCK3|XA11TEX|1.0|1.0|0.0|0.0|4.106666666666667|gravel|-|SG001620|-|523|1|1|1539|XA11TEX|-|1.0|1.0|0.0|0.0|0.0|QROCK3X8|-|1.0|1.0|398.485991375|968.0|0.0|0.0|25.666666666666668|35.0|1024.0|1024.0|1024.0|1024.0
UTNTSkyEdge_tnt04b_8753_0_terrain_1_0|8753|0|2|1464|1540|640.0|-4096.0|608.0|-4160.0|623.5527864045|-4127.77639320225|29.333333333333332|42.666666666666664|16.0|QROCK3|QROCK3X8|1.0|1.0|86.0|960.0|2.56|rock|-|SG001619|-|522|1|0|1540|XA11TEX|-|1.0|1.0|0.0|0.0|0.0|QROCK3X8|-|1.0|1.0|86.0|960.0|0.0|0.0|42.666666666666664|16.0|1024.0|1024.0|1024.0|1024.0
UTNTSkyEdge_tnt04b_8753_0_terrain_1_1|8753|0|2|1464|1540|640.0|-4096.0|608.0|-4160.0|624.4472135955|-4128.22360679775|29.333333333333332|42.666666666666664|16.0|QROCK3|XA11TEX|1.0|1.0|0.0|0.0|2.56|gravel|-|SG001621|-|524|1|1|1540|XA11TEX|-|1.0|1.0|0.0|0.0|0.0|QROCK3X8|-|1.0|1.0|86.0|960.0|0.0|0.0|42.666666666666664|16.0|1024.0|1024.0|1024.0|1024.0
UTNTSkyEdge_tnt04b_8804_0_terrain_1_0|8804|0|2|3128|1546|1856.0|-3712.0|1856.0|-3776.0|1855.5|-3744.0|144.0|144.0|144.0|QROCK3|QROCK3X8|1.0|1.0|0.0|112.0|8|rock|-|SG001622|-|525|1|0|1546|XA11TEX|-|1.0|1.0|0.0|0.0|0.0|QROCK3X8|-|1.0|1.0|0.0|112.0|16.0|16.0|144.0|144.0|1024.0|1024.0|1024.0|1024.0
UTNTSkyEdge_tnt04b_8804_0_terrain_1_1|8804|0|2|3128|1546|1856.0|-3712.0|1856.0|-3776.0|1856.5|-3744.0|144.0|144.0|144.0|QROCK3|XA11TEX|1.0|1.0|0.0|0.0|8|gravel|-|SG001623|-|526|1|1|1546|XA11TEX|-|1.0|1.0|0.0|0.0|0.0|QROCK3X8|-|1.0|1.0|0.0|112.0|16.0|16.0|144.0|144.0|1024.0|1024.0|1024.0|1024.0
UTNTSkyEdge_tnt04b_8805_0_terrain_1_0|8805|0|2|3128|1546|1856.0|-3776.0|1952.0|-3840.0|1903.7226499018873|-3808.416025147169|144.0|144.0|144.0|QROCK3|QROCK3X8|1.0|1.0|64.0|112.0|8|rock|-|SG001622|-|525|1|0|1546|XA11TEX|-|1.0|1.0|0.0|0.0|0.0|QROCK3X8|-|1.0|1.0|64.0|112.0|16.0|16.0|144.0|144.0|1024.0|1024.0|1024.0|1024.0
UTNTSkyEdge_tnt04b_8805_0_terrain_1_1|8805|0|2|3128|1546|1856.0|-3776.0|1952.0|-3840.0|1904.2773500981127|-3807.583974852831|144.0|144.0|144.0|QROCK3|XA11TEX|1.0|1.0|0.0|0.0|8|gravel|-|SG001623|-|526|1|1|1546|XA11TEX|-|1.0|1.0|0.0|0.0|0.0|QROCK3X8|-|1.0|1.0|64.0|112.0|16.0|16.0|144.0|144.0|1024.0|1024.0|1024.0|1024.0
UTNTSkyEdge_tnt04b_8805_0_terrain_2_1|8805|0|2|3128|3128|1856.0|-3776.0|1952.0|-3840.0|1903.7226499018873|-3808.416025147169|16.0|16.0|16.0|QROCK3|XA11TEX|1.0|1.0|0.0|0.0|14|gravel|-|SG001624|-|525|2|1|3128|XA11TEX|-|1.0|1.0|0.0|0.0|0.0|QROCK3X8|-|1.0|1.0|64.0|112.0|16.0|16.0|144.0|144.0|1024.0|1024.0|1024.0|1024.0
UTNTSkyEdge_tnt04b_8806_0_terrain_1_0|8806|0|2|3128|1546|1952.0|-3840.0|2016.0|-3808.0|1984.2236067977499|-3824.4472135954998|144.0|144.0|144.0|QROCK3|QROCK3X8|1.0|1.0|179.377640815|112.0|8|rock|-|SG001622|-|525|1|0|1546|XA11TEX|-|1.0|1.0|0.0|0.0|0.0|QROCK3X8|-|1.0|1.0|179.377640815|112.0|16.0|16.0|144.0|144.0|1024.0|1024.0|1024.0|1024.0
UTNTSkyEdge_tnt04b_8806_0_terrain_1_1|8806|0|2|3128|1546|1952.0|-3840.0|2016.0|-3808.0|1983.7763932022501|-3823.5527864045002|144.0|144.0|144.0|QROCK3|XA11TEX|1.0|1.0|0.0|0.0|8|gravel|-|SG001623|-|526|1|1|1546|XA11TEX|-|1.0|1.0|0.0|0.0|0.0|QROCK3X8|-|1.0|1.0|179.377640815|112.0|16.0|16.0|144.0|144.0|1024.0|1024.0|1024.0|1024.0
UTNTSkyEdge_tnt04b_8807_0_terrain_1_0|8807|0|2|3128|1544|2016.0|-3808.0|2112.0|-3840.0|2063.8418861169916|-3824.474341649025|96.0|96.0|96.0|QROCK3|QROCK3X8|1.0|1.0|0.0|32.0|8|rock|-|SG001622|-|525|1|0|1544|XA11TEX|-|1.0|1.0|0.0|0.0|0.0|QROCK3X8|-|1.0|1.0|0.0|32.0|16.0|16.0|96.0|96.0|1024.0|1024.0|1024.0|1024.0
UTNTSkyEdge_tnt04b_8807_0_terrain_1_1|8807|0|2|3128|1544|2016.0|-3808.0|2112.0|-3840.0|2064.1581138830084|-3823.525658350975|96.0|96.0|96.0|QROCK3|XA11TEX|1.0|1.0|0.0|0.0|8|gravel|-|SG001625|-|527|1|1|1544|XA11TEX|-|1.0|1.0|0.0|0.0|0.0|QROCK3X8|-|1.0|1.0|0.0|32.0|16.0|16.0|96.0|96.0|1024.0|1024.0|1024.0|1024.0
UTNTSkyEdge_tnt04b_8807_0_terrain_2_1|8807|0|2|3128|3128|2016.0|-3808.0|2112.0|-3840.0|2063.8418861169916|-3824.474341649025|16.0|16.0|16.0|QROCK3|XA11TEX|1.0|1.0|0.0|0.0|14|gravel|-|SG001626|-|525|2|1|3128|XA11TEX|-|1.0|1.0|0.0|0.0|0.0|QROCK3X8|-|1.0|1.0|0.0|32.0|16.0|16.0|96.0|96.0|1024.0|1024.0|1024.0|1024.0
UTNTSkyEdge_tnt04b_8808_0_terrain_1_0|8808|0|2|3128|1544|2112.0|-3840.0|2272.0|-3776.0|2192.185695338177|-3808.4642383454425|96.0|96.0|96.0|QROCK3|QROCK3X8|1.0|1.0|101.192885125|32.0|8|rock|-|SG001622|-|525|1|0|1544|XA11TEX|-|1.0|1.0|0.0|0.0|0.0|QROCK3X8|-|1.0|1.0|101.192885125|32.0|16.0|16.0|96.0|96.0|1024.0|1024.0|1024.0|1024.0
UTNTSkyEdge_tnt04b_8808_0_terrain_1_1|8808|0|2|3128|1544|2112.0|-3840.0|2272.0|-3776.0|2191.814304661823|-3807.5357616545575|96.0|96.0|96.0|QROCK3|XA11TEX|1.0|1.0|0.0|0.0|8|gravel|-|SG001625|-|527|1|1|1544|XA11TEX|-|1.0|1.0|0.0|0.0|0.0|QROCK3X8|-|1.0|1.0|101.192885125|32.0|16.0|16.0|96.0|96.0|1024.0|1024.0|1024.0|1024.0
UTNTSkyEdge_tnt04b_8808_0_terrain_2_1|8808|0|2|3128|3128|2112.0|-3840.0|2272.0|-3776.0|2192.185695338177|-3808.4642383454425|16.0|16.0|16.0|QROCK3|XA11TEX|1.0|1.0|0.0|0.0|14|gravel|-|SG001627|-|525|2|1|3128|XA11TEX|-|1.0|1.0|0.0|0.0|0.0|QROCK3X8|-|1.0|1.0|101.192885125|32.0|16.0|16.0|96.0|96.0|1024.0|1024.0|1024.0|1024.0
UTNTSkyEdge_tnt04b_8809_0_terrain_1_0|8809|0|2|1544|1546|2016.0|-3808.0|2048.0|-3744.0|2032.4472135955|-3776.22360679775|144.0|144.0|144.0|QROCK3|QROCK3X8|1.0|1.0|0.0|112.0|7.68|rock|-|SG001628|-|527|1|0|1546|XA11TEX|-|1.0|1.0|0.0|0.0|0.0|QROCK3X8|-|1.0|1.0|0.0|112.0|96.0|96.0|144.0|144.0|1024.0|1024.0|1024.0|1024.0
UTNTSkyEdge_tnt04b_8809_0_terrain_1_1|8809|0|2|1544|1546|2016.0|-3808.0|2048.0|-3744.0|2031.5527864045|-3775.77639320225|144.0|144.0|144.0|QROCK3|XA11TEX|1.0|1.0|0.0|0.0|7.68|gravel|-|SG001623|-|526|1|1|1546|XA11TEX|-|1.0|1.0|0.0|0.0|0.0|QROCK3X8|-|1.0|1.0|0.0|112.0|96.0|96.0|144.0|144.0|1024.0|1024.0|1024.0|1024.0
UTNTSkyEdge_tnt04b_8810_0_terrain_1_0|8810|0|2|1544|1546|2048.0|-3744.0|2048.0|-3712.0|2048.5|-3728.0|144.0|144.0|144.0|QROCK3|QROCK3X8|1.0|1.0|71.55417528|112.0|7.68|rock|-|SG001628|-|527|1|0|1546|XA11TEX|-|1.0|1.0|0.0|0.0|0.0|QROCK3X8|-|1.0|1.0|71.55417528|112.0|96.0|96.0|144.0|144.0|1024.0|1024.0|1024.0|1024.0
UTNTSkyEdge_tnt04b_8810_0_terrain_1_1|8810|0|2|1544|1546|2048.0|-3744.0|2048.0|-3712.0|2047.5|-3728.0|144.0|144.0|144.0|QROCK3|XA11TEX|1.0|1.0|0.0|0.0|7.68|gravel|-|SG001623|-|526|1|1|1546|XA11TEX|-|1.0|1.0|0.0|0.0|0.0|QROCK3X8|-|1.0|1.0|71.55417528|112.0|96.0|96.0|144.0|144.0|1024.0|1024.0|1024.0|1024.0
UTNTSkyEdge_tnt04b_8811_0_terrain_1_0|8811|0|2|1544|1546|2048.0|-3712.0|2016.0|-3648.0|2032.4472135955|-3679.77639320225|144.0|144.0|144.0|QROCK3|QROCK3X8|1.0|1.0|103.55417528|112.0|7.68|rock|-|SG001628|-|527|1|0|1546|XA11TEX|-|1.0|1.0|0.0|0.0|0.0|QROCK3X8|-|1.0|1.0|103.55417528|112.0|96.0|96.0|144.0|144.0|1024.0|1024.0|1024.0|1024.0
UTNTSkyEdge_tnt04b_8811_0_terrain_1_1|8811|0|2|1544|1546|2048.0|-3712.0|2016.0|-3648.0|2031.5527864045|-3680.22360679775|144.0|144.0|144.0|QROCK3|XA11TEX|1.0|1.0|0.0|0.0|7.68|gravel|-|SG001623|-|526|1|1|1546|XA11TEX|-|1.0|1.0|0.0|0.0|0.0|QROCK3X8|-|1.0|1.0|103.55417528|112.0|96.0|96.0|144.0|144.0|1024.0|1024.0|1024.0|1024.0
UTNTSkyEdge_tnt04b_8812_1_terrain_1_0|8812|1|2|1548|1547|2080.0|-4064.0|1984.0|-4128.0|2031.7226499018873|-4095.583974852831|120.0|120.0|120.0|QROCK3|QROCK3X8|1.0|1.0|0.0|8.0|5.12|rock|-|SG001629|-|528|1|0|1547|XA11TEX|-|1.0|1.0|0.0|0.0|0.0|QROCK3X8|-|1.0|1.0|0.0|8.0|88.0|88.0|120.0|120.0|1024.0|1024.0|1024.0|1024.0
UTNTSkyEdge_tnt04b_8812_1_terrain_1_1|8812|1|2|1548|1547|2080.0|-4064.0|1984.0|-4128.0|2032.2773500981127|-4096.4160251471685|120.0|120.0|120.0|QROCK3|XA11TEX|1.0|1.0|0.0|0.0|5.12|gravel|-|SG001630|-|529|1|1|1547|XA11TEX|-|1.0|1.0|0.0|0.0|0.0|QROCK3X8|-|1.0|1.0|0.0|8.0|88.0|88.0|120.0|120.0|1024.0|1024.0|1024.0|1024.0
UTNTSkyEdge_tnt04b_8813_1_terrain_1_0|8813|1|2|1549|1547|2176.0|-4064.0|2080.0|-4064.0|2128.0|-4063.5|120.0|120.0|120.0|QROCK3|QROCK3X8|1.0|1.0|0.0|8.0|8|rock|-|SG001631|-|530|1|0|1547|XA11TEX|-|1.0|1.0|0.0|0.0|0.0|QROCK3X8|-|1.0|1.0|0.0|8.0|16.0|52.0|120.0|120.0|1024.0|1024.0|1024.0|1024.0
UTNTSkyEdge_tnt04b_8813_1_terrain_1_1|8813|1|2|1549|1547|2176.0|-4064.0|2080.0|-4064.0|2128.0|-4064.5|120.0|120.0|120.0|QROCK3|XA11TEX|1.0|1.0|0.0|0.0|8|gravel|-|SG001630|-|529|1|1|1547|XA11TEX|-|1.0|1.0|0.0|0.0|0.0|QROCK3X8|-|1.0|1.0|0.0|8.0|16.0|52.0|120.0|120.0|1024.0|1024.0|1024.0|1024.0
UTNTSkyEdge_tnt04b_8814_1_terrain_1_0|8814|1|2|1550|1547|2240.0|-4096.0|2176.0|-4064.0|2208.22360679775|-4079.5527864045002|120.0|120.0|120.0|QROCK3|QROCK3X8|1.0|1.0|90.509667992|8.0|8|rock|-|SG001632|-|531|1|0|1547|XA11TEX|-|1.0|1.0|0.0|0.0|0.0|QROCK3X8|-|1.0|1.0|90.509667992|8.0|16.0|16.0|120.0|120.0|1024.0|1024.0|1024.0|1024.0
UTNTSkyEdge_tnt04b_8814_1_terrain_1_1|8814|1|2|1550|1547|2240.0|-4096.0|2176.0|-4064.0|2207.77639320225|-4080.4472135954998|120.0|120.0|120.0|QROCK3|XA11TEX|1.0|1.0|0.0|0.0|8|gravel|-|SG001630|-|529|1|1|1547|XA11TEX|-|1.0|1.0|0.0|0.0|0.0|QROCK3X8|-|1.0|1.0|90.509667992|8.0|16.0|16.0|120.0|120.0|1024.0|1024.0|1024.0|1024.0
UTNTSkyEdge_tnt04b_8815_1_terrain_1_0|8815|1|2|1550|1547|2304.0|-4160.0|2240.0|-4096.0|2272.3535533905933|-4127.646446609407|120.0|120.0|120.0|QROCK3|QROCK3X8|1.0|1.0|0.0|8.0|8|rock|-|SG001632|-|531|1|0|1547|XA11TEX|-|1.0|1.0|0.0|0.0|0.0|QROCK3X8|-|1.0|1.0|0.0|8.0|16.0|16.0|120.0|120.0|1024.0|1024.0|1024.0|1024.0
UTNTSkyEdge_tnt04b_8815_1_terrain_1_1|8815|1|2|1550|1547|2304.0|-4160.0|2240.0|-4096.0|2271.6464466094067|-4128.353553390593|120.0|120.0|120.0|QROCK3|XA11TEX|1.0|1.0|0.0|0.0|8|gravel|-|SG001630|-|529|1|1|1547|XA11TEX|-|1.0|1.0|0.0|0.0|0.0|QROCK3X8|-|1.0|1.0|0.0|8.0|16.0|16.0|120.0|120.0|1024.0|1024.0|1024.0|1024.0
UTNTSkyEdge_tnt04b_8816_0_terrain_1_0|8816|0|2|1549|1548|2080.0|-4064.0|1984.0|-4000.0|2032.2773500981127|-4031.583974852831|88.0|88.0|88.0|QROCK3|QROCK3X8|1.0|1.0|0.0|40.0|3.84|rock|-|SG001631|-|530|1|0|1548|XA11TEX|-|1.0|1.0|0.0|0.0|0.0|QROCK3X8|-|1.0|1.0|0.0|40.0|52.0|64.0|88.0|88.0|1024.0|1024.0|1024.0|1024.0
UTNTSkyEdge_tnt04b_8816_0_terrain_1_1|8816|0|2|1549|1548|2080.0|-4064.0|1984.0|-4000.0|2031.7226499018873|-4032.416025147169|88.0|88.0|88.0|QROCK3|XA11TEX|1.0|1.0|0.0|0.0|3.84|gravel|-|SG001633|-|528|1|1|1548|XA11TEX|-|1.0|1.0|0.0|0.0|0.0|QROCK3X8|-|1.0|1.0|0.0|40.0|52.0|64.0|88.0|88.0|1024.0|1024.0|1024.0|1024.0
UTNTSkyEdge_tnt04b_8817_0_terrain_1_0|8817|0|2|3128|1548|1984.0|-4000.0|1920.0|-4032.0|1951.7763932022501|-4015.5527864045002|88.0|88.0|88.0|QROCK3|QROCK3X8|1.0|1.0|0.0|40.0|8|rock|-|SG001622|-|525|1|0|1548|XA11TEX|-|1.0|1.0|0.0|0.0|0.0|QROCK3X8|-|1.0|1.0|0.0|40.0|16.0|16.0|88.0|88.0|1024.0|1024.0|1024.0|1024.0
UTNTSkyEdge_tnt04b_8817_0_terrain_1_1|8817|0|2|3128|1548|1984.0|-4000.0|1920.0|-4032.0|1952.2236067977499|-4016.4472135954998|88.0|88.0|88.0|QROCK3|XA11TEX|1.0|1.0|0.0|0.0|8|gravel|-|SG001633|-|528|1|1|1548|XA11TEX|-|1.0|1.0|0.0|0.0|0.0|QROCK3X8|-|1.0|1.0|0.0|40.0|16.0|16.0|88.0|88.0|1024.0|1024.0|1024.0|1024.0
UTNTSkyEdge_tnt04b_8818_0_terrain_1_0|8818|0|2|3128|1548|1920.0|-4032.0|1888.0|-4128.0|1903.5256583509747|-4079.8418861169916|88.0|88.0|88.0|QROCK3|QROCK3X8|1.0|1.0|71.55417528|40.0|8|rock|-|SG001622|-|525|1|0|1548|XA11TEX|-|1.0|1.0|0.0|0.0|0.0|QROCK3X8|-|1.0|1.0|71.55417528|40.0|16.0|16.0|88.0|88.0|1024.0|1024.0|1024.0|1024.0
UTNTSkyEdge_tnt04b_8818_0_terrain_1_1|8818|0|2|3128|1548|1920.0|-4032.0|1888.0|-4128.0|1904.4743416490253|-4080.1581138830084|88.0|88.0|88.0|QROCK3|XA11TEX|1.0|1.0|0.0|0.0|8|gravel|-|SG001633|-|528|1|1|1548|XA11TEX|-|1.0|1.0|0.0|0.0|0.0|QROCK3X8|-|1.0|1.0|71.55417528|40.0|16.0|16.0|88.0|88.0|1024.0|1024.0|1024.0|1024.0
UTNTSkyEdge_tnt04b_8818_0_terrain_2_1|8818|0|2|3128|3128|1920.0|-4032.0|1888.0|-4128.0|1903.5256583509747|-4079.8418861169916|16.0|16.0|16.0|QROCK3|XA11TEX|1.0|1.0|0.0|0.0|14|gravel|-|SG001634|-|525|2|1|3128|XA11TEX|-|1.0|1.0|0.0|0.0|0.0|QROCK3X8|-|1.0|1.0|71.55417528|40.0|16.0|16.0|88.0|88.0|1024.0|1024.0|1024.0|1024.0
UTNTSkyEdge_tnt04b_8821_0_terrain_1_0|8821|0|2|3128|1551|2432.0|-3840.0|2432.0|-3936.0|2431.5|-3888.0|176.0|176.0|176.0|QROCK3|QROCK3X8|1.0|1.0|0.0|80.0|8|rock|-|SG001622|-|525|1|0|1551|XA11TEX|-|1.0|1.0|0.0|0.0|0.0|QROCK3X8|-|1.0|1.0|0.0|80.0|16.0|16.0|176.0|176.0|1024.0|1024.0|1024.0|1024.0
UTNTSkyEdge_tnt04b_8821_0_terrain_1_1|8821|0|2|3128|1551|2432.0|-3840.0|2432.0|-3936.0|2432.5|-3888.0|176.0|176.0|176.0|QROCK3|XA11TEX|1.0|1.0|0.0|0.0|8|gravel|-|SG001635|-|532|1|1|1551|XA11TEX|-|1.0|1.0|0.0|0.0|0.0|QROCK3X8|-|1.0|1.0|0.0|80.0|16.0|16.0|176.0|176.0|1024.0|1024.0|1024.0|1024.0
UTNTSkyEdge_tnt04b_8822_0_terrain_1_0|8822|0|2|1550|1551|2432.0|-3936.0|2528.0|-4000.0|2479.7226499018875|-3968.416025147169|176.0|176.0|176.0|QROCK3|QROCK3X8|1.0|1.0|96.0|80.0|8|rock|-|SG001632|-|531|1|0|1551|XA11TEX|-|1.0|1.0|0.0|0.0|0.0|QROCK3X8|-|1.0|1.0|96.0|80.0|16.0|16.0|176.0|176.0|1024.0|1024.0|1024.0|1024.0
UTNTSkyEdge_tnt04b_8822_0_terrain_1_1|8822|0|2|1550|1551|2432.0|-3936.0|2528.0|-4000.0|2480.2773500981125|-3967.583974852831|176.0|176.0|176.0|QROCK3|XA11TEX|1.0|1.0|0.0|0.0|8|gravel|-|SG001635|-|532|1|1|1551|XA11TEX|-|1.0|1.0|0.0|0.0|0.0|QROCK3X8|-|1.0|1.0|96.0|80.0|16.0|16.0|176.0|176.0|1024.0|1024.0|1024.0|1024.0
UTNTSkyEdge_tnt04b_8822_0_terrain_2_1|8822|0|2|1550|1550|2432.0|-3936.0|2528.0|-4000.0|2479.7226499018875|-3968.416025147169|16.0|16.0|16.0|QROCK3|XA11TEX|1.0|1.0|0.0|0.0|14|gravel|-|SG001636|-|531|2|1|1550|XA11TEX|-|1.0|1.0|0.0|0.0|0.0|QROCK3X8|-|1.0|1.0|96.0|80.0|16.0|16.0|176.0|176.0|1024.0|1024.0|1024.0|1024.0
UTNTSkyEdge_tnt04b_8823_0_terrain_1_0|8823|0|2|1550|1545|2528.0|-4000.0|2528.0|-4064.0|2527.5|-4032.0|80.0|80.0|80.0|QROCK3|QROCK3X8|1.0|1.0|0.0|48.0|8|rock|-|SG001632|-|531|1|0|1545|XA11TEX|-|1.0|1.0|0.0|0.0|0.0|QROCK3X8|-|1.0|1.0|0.0|48.0|16.0|16.0|80.0|80.0|1024.0|1024.0|1024.0|1024.0
UTNTSkyEdge_tnt04b_8823_0_terrain_1_1|8823|0|2|1550|1545|2528.0|-4000.0|2528.0|-4064.0|2528.5|-4032.0|80.0|80.0|80.0|QROCK3|XA11TEX|1.0|1.0|0.0|0.0|8|gravel|-|SG001637|-|533|1|1|1545|XA11TEX|-|1.0|1.0|0.0|0.0|0.0|QROCK3X8|-|1.0|1.0|0.0|48.0|16.0|16.0|80.0|80.0|1024.0|1024.0|1024.0|1024.0
UTNTSkyEdge_tnt04b_8824_0_terrain_1_0|8824|0|2|1550|1545|2528.0|-4064.0|2592.0|-4096.0|2559.77639320225|-4080.4472135954998|80.0|80.0|80.0|QROCK3|QROCK3X8|1.0|1.0|64.0|48.0|8|rock|-|SG001632|-|531|1|0|1545|XA11TEX|-|1.0|1.0|0.0|0.0|0.0|QROCK3X8|-|1.0|1.0|64.0|48.0|16.0|16.0|80.0|80.0|1024.0|1024.0|1024.0|1024.0
UTNTSkyEdge_tnt04b_8824_0_terrain_1_1|8824|0|2|1550|1545|2528.0|-4064.0|2592.0|-4096.0|2560.22360679775|-4079.5527864045002|80.0|80.0|80.0|QROCK3|XA11TEX|1.0|1.0|0.0|0.0|8|gravel|-|SG001637|-|533|1|1|1545|XA11TEX|-|1.0|1.0|0.0|0.0|0.0|QROCK3X8|-|1.0|1.0|64.0|48.0|16.0|16.0|80.0|80.0|1024.0|1024.0|1024.0|1024.0
UTNTSkyEdge_tnt04b_8825_0_terrain_1_0|8825|0|2|1550|1545|2592.0|-4096.0|2688.0|-4000.0|2640.3535533905933|-4048.3535533905933|80.0|80.0|80.0|QROCK3|QROCK3X8|1.0|1.0|135.55417528|48.0|8|rock|-|SG001632|-|531|1|0|1545|XA11TEX|-|1.0|1.0|0.0|0.0|0.0|QROCK3X8|-|1.0|1.0|135.55417528|48.0|16.0|16.0|80.0|80.0|1024.0|1024.0|1024.0|1024.0
UTNTSkyEdge_tnt04b_8825_0_terrain_1_1|8825|0|2|1550|1545|2592.0|-4096.0|2688.0|-4000.0|2639.6464466094067|-4047.6464466094067|80.0|80.0|80.0|QROCK3|XA11TEX|1.0|1.0|0.0|0.0|8|gravel|-|SG001637|-|533|1|1|1545|XA11TEX|-|1.0|1.0|0.0|0.0|0.0|QROCK3X8|-|1.0|1.0|135.55417528|48.0|16.0|16.0|80.0|80.0|1024.0|1024.0|1024.0|1024.0
UTNTSkyEdge_tnt04b_8825_0_terrain_2_1|8825|0|2|1550|1550|2592.0|-4096.0|2688.0|-4000.0|2640.3535533905933|-4048.3535533905933|16.0|16.0|16.0|QROCK3|XA11TEX|1.0|1.0|0.0|0.0|5|gravel|-|SG001638|-|531|2|1|1550|XA11TEX|-|1.0|1.0|0.0|0.0|0.0|QROCK3X8|-|1.0|1.0|135.55417528|48.0|16.0|16.0|80.0|80.0|1024.0|1024.0|1024.0|1024.0
UTNTSkyEdge_tnt04b_8826_0_terrain_1_0|8826|0|2|1545|1551|2528.0|-4000.0|2592.0|-3936.0|2560.3535533905933|-3968.3535533905933|176.0|176.0|176.0|QROCK3|QROCK3X8|1.0|1.0|0.0|80.0|8|rock|-|SG001639|-|533|1|0|1551|XA11TEX|-|1.0|1.0|0.0|0.0|0.0|QROCK3X8|-|1.0|1.0|0.0|80.0|80.0|80.0|176.0|176.0|1024.0|1024.0|1024.0|1024.0
UTNTSkyEdge_tnt04b_8826_0_terrain_1_1|8826|0|2|1545|1551|2528.0|-4000.0|2592.0|-3936.0|2559.6464466094067|-3967.6464466094067|176.0|176.0|176.0|QROCK3|XA11TEX|1.0|1.0|0.0|0.0|8|gravel|-|SG001635|-|532|1|1|1551|XA11TEX|-|1.0|1.0|0.0|0.0|0.0|QROCK3X8|-|1.0|1.0|0.0|80.0|80.0|80.0|176.0|176.0|1024.0|1024.0|1024.0|1024.0
UTNTSkyEdge_tnt04b_8827_0_terrain_1_0|8827|0|2|1545|1551|2592.0|-3936.0|2656.0|-3904.0|2624.22360679775|-3920.4472135954998|176.0|176.0|176.0|QROCK3|QROCK3X8|1.0|1.0|90.509667992|80.0|8|rock|-|SG001639|-|533|1|0|1551|XA11TEX|-|1.0|1.0|0.0|0.0|0.0|QROCK3X8|-|1.0|1.0|90.509667992|80.0|80.0|80.0|176.0|176.0|1024.0|1024.0|1024.0|1024.0
UTNTSkyEdge_tnt04b_8827_0_terrain_1_1|8827|0|2|1545|1551|2592.0|-3936.0|2656.0|-3904.0|2623.77639320225|-3919.5527864045002|176.0|176.0|176.0|QROCK3|XA11TEX|1.0|1.0|0.0|0.0|8|gravel|-|SG001635|-|532|1|1|1551|XA11TEX|-|1.0|1.0|0.0|0.0|0.0|QROCK3X8|-|1.0|1.0|90.509667992|80.0|80.0|80.0|176.0|176.0|1024.0|1024.0|1024.0|1024.0
UTNTSkyEdge_tnt04b_9009_0_terrain_1_0|9009|0|2|1563|1554|2112.0|-4768.0|2128.0|-4816.0|2119.525658350975|-4792.158113883009|32.0|32.0|32.0|QROCK3|QROCK3X8|1.0|1.0|0.0|96.0|8|rock|-|SG001640|-|534|1|0|1554|XA11TEX|-|1.0|1.0|0.0|0.0|0.0|QROCK3X8|-|1.0|1.0|0.0|96.0|-40.0|-40.0|32.0|32.0|1024.0|1024.0|1024.0|1024.0
UTNTSkyEdge_tnt04b_9009_0_terrain_1_1|9009|0|2|1563|1554|2112.0|-4768.0|2128.0|-4816.0|2120.474341649025|-4791.841886116991|32.0|32.0|32.0|QROCK3|XA11TEX|1.0|1.0|0.0|0.0|8|gravel|-|SG001641|-|535|1|1|1554|XA11TEX|-|1.0|1.0|0.0|0.0|0.0|QROCK3X8|-|1.0|1.0|0.0|96.0|-40.0|-40.0|32.0|32.0|1024.0|1024.0|1024.0|1024.0
UTNTSkyEdge_tnt04b_9010_0_terrain_1_0|9010|0|2|1563|1554|2128.0|-4816.0|2208.0|-4832.0|2167.901941932431|-4824.490290337845|32.0|32.0|32.0|QROCK3|QROCK3X8|1.0|1.0|50.596442563|96.0|8|rock|-|SG001640|-|534|1|0|1554|XA11TEX|-|1.0|1.0|0.0|0.0|0.0|QROCK3X8|-|1.0|1.0|50.596442563|96.0|-40.0|-40.0|32.0|32.0|1024.0|1024.0|1024.0|1024.0
UTNTSkyEdge_tnt04b_9010_0_terrain_1_1|9010|0|2|1563|1554|2128.0|-4816.0|2208.0|-4832.0|2168.098058067569|-4823.509709662155|32.0|32.0|32.0|QROCK3|XA11TEX|1.0|1.0|0.0|0.0|8|gravel|-|SG001641|-|535|1|1|1554|XA11TEX|-|1.0|1.0|0.0|0.0|0.0|QROCK3X8|-|1.0|1.0|50.596442563|96.0|-40.0|-40.0|32.0|32.0|1024.0|1024.0|1024.0|1024.0
UTNTSkyEdge_tnt04b_9011_0_terrain_1_0|9011|0|2|1563|1554|2208.0|-4832.0|2224.0|-4784.0|2216.474341649025|-4808.158113883009|32.0|32.0|32.0|QROCK3|QROCK3X8|1.0|1.0|132.18075478|96.0|8|rock|-|SG001640|-|534|1|0|1554|XA11TEX|-|1.0|1.0|0.0|0.0|0.0|QROCK3X8|-|1.0|1.0|132.18075478|96.0|-40.0|-40.0|32.0|32.0|1024.0|1024.0|1024.0|1024.0
UTNTSkyEdge_tnt04b_9011_0_terrain_1_1|9011|0|2|1563|1554|2208.0|-4832.0|2224.0|-4784.0|2215.525658350975|-4807.841886116991|32.0|32.0|32.0|QROCK3|XA11TEX|1.0|1.0|0.0|0.0|8|gravel|-|SG001641|-|535|1|1|1554|XA11TEX|-|1.0|1.0|0.0|0.0|0.0|QROCK3X8|-|1.0|1.0|132.18075478|96.0|-40.0|-40.0|32.0|32.0|1024.0|1024.0|1024.0|1024.0
UTNTSkyEdge_tnt04b_9012_0_terrain_1_0|9012|0|2|1563|1554|2224.0|-4784.0|2192.0|-4736.0|2208.416025147169|-4759.722649901887|32.0|32.0|32.0|QROCK3|QROCK3X8|1.0|1.0|182.777197343|96.0|8|rock|-|SG001640|-|534|1|0|1554|XA11TEX|-|1.0|1.0|0.0|0.0|0.0|QROCK3X8|-|1.0|1.0|182.777197343|96.0|-40.0|-40.0|32.0|32.0|1024.0|1024.0|1024.0|1024.0
UTNTSkyEdge_tnt04b_9012_0_terrain_1_1|9012|0|2|1563|1554|2224.0|-4784.0|2192.0|-4736.0|2207.583974852831|-4760.277350098113|32.0|32.0|32.0|QROCK3|XA11TEX|1.0|1.0|0.0|0.0|8|gravel|-|SG001641|-|535|1|1|1554|XA11TEX|-|1.0|1.0|0.0|0.0|0.0|QROCK3X8|-|1.0|1.0|182.777197343|96.0|-40.0|-40.0|32.0|32.0|1024.0|1024.0|1024.0|1024.0
UTNTSkyEdge_tnt04b_9013_0_terrain_1_0|9013|0|2|1563|1554|2192.0|-4736.0|2208.0|-4704.0|2200.4472135954998|-4720.22360679775|32.0|32.0|32.0|QROCK3|QROCK3X8|1.0|1.0|240.46601775|96.0|8|rock|-|SG001640|-|534|1|0|1554|XA11TEX|-|1.0|1.0|0.0|0.0|0.0|QROCK3X8|-|1.0|1.0|240.46601775|96.0|-40.0|-40.0|32.0|32.0|1024.0|1024.0|1024.0|1024.0
UTNTSkyEdge_tnt04b_9013_0_terrain_1_1|9013|0|2|1563|1554|2192.0|-4736.0|2208.0|-4704.0|2199.5527864045002|-4719.77639320225|32.0|32.0|32.0|QROCK3|XA11TEX|1.0|1.0|0.0|0.0|8|gravel|-|SG001641|-|535|1|1|1554|XA11TEX|-|1.0|1.0|0.0|0.0|0.0|QROCK3X8|-|1.0|1.0|240.46601775|96.0|-40.0|-40.0|32.0|32.0|1024.0|1024.0|1024.0|1024.0
UTNTSkyEdge_tnt04b_9015_1_terrain_1_0|9015|1|2|1563|1564|2480.0|-4832.0|2528.0|-4896.0|2503.6|-4864.3|40.0|40.0|40.0|QROCK3|QROCK3X8|1.0|1.0|200.969972765|88.0|8|rock|-|SG001640|-|534|1|0|1564|XA11TEX|-|1.0|1.0|0.0|0.0|0.0|QROCK3X8|-|1.0|1.0|200.969972765|88.0|-40.0|-40.0|40.0|40.0|1024.0|1024.0|1024.0|1024.0
UTNTSkyEdge_tnt04b_9015_1_terrain_1_1|9015|1|2|1563|1564|2480.0|-4832.0|2528.0|-4896.0|2504.4|-4863.7|40.0|40.0|40.0|QROCK3|XA11TEX|1.0|1.0|0.0|0.0|8|gravel|-|SG001642|-|536|1|1|1564|XA11TEX|-|1.0|1.0|0.0|0.0|0.0|QROCK3X8|-|1.0|1.0|200.969972765|88.0|-40.0|-40.0|40.0|40.0|1024.0|1024.0|1024.0|1024.0
UTNTSkyEdge_tnt04b_9016_1_terrain_1_0|9016|1|2|1563|1564|2496.0|-4800.0|2480.0|-4832.0|2487.5527864045002|-4815.77639320225|40.0|40.0|40.0|QROCK3|QROCK3X8|1.0|1.0|165.192885125|88.0|8|rock|-|SG001640|-|534|1|0|1564|XA11TEX|-|1.0|1.0|0.0|0.0|0.0|QROCK3X8|-|1.0|1.0|165.192885125|88.0|-40.0|-40.0|40.0|40.0|1024.0|1024.0|1024.0|1024.0
UTNTSkyEdge_tnt04b_9016_1_terrain_1_1|9016|1|2|1563|1564|2496.0|-4800.0|2480.0|-4832.0|2488.4472135954998|-4816.22360679775|40.0|40.0|40.0|QROCK3|XA11TEX|1.0|1.0|0.0|0.0|8|gravel|-|SG001642|-|536|1|1|1564|XA11TEX|-|1.0|1.0|0.0|0.0|0.0|QROCK3X8|-|1.0|1.0|165.192885125|88.0|-40.0|-40.0|40.0|40.0|1024.0|1024.0|1024.0|1024.0
UTNTSkyEdge_tnt04b_9017_1_terrain_1_0|9017|1|2|1563|1564|2496.0|-4736.0|2496.0|-4800.0|2495.5|-4768.0|40.0|40.0|40.0|QROCK3|QROCK3X8|1.0|1.0|101.192885125|88.0|8|rock|-|SG001640|-|534|1|0|1564|XA11TEX|-|1.0|1.0|0.0|0.0|0.0|QROCK3X8|-|1.0|1.0|101.192885125|88.0|-40.0|-40.0|40.0|40.0|1024.0|1024.0|1024.0|1024.0
UTNTSkyEdge_tnt04b_9017_1_terrain_1_1|9017|1|2|1563|1564|2496.0|-4736.0|2496.0|-4800.0|2496.5|-4768.0|40.0|40.0|40.0|QROCK3|XA11TEX|1.0|1.0|0.0|0.0|8|gravel|-|SG001642|-|536|1|1|1564|XA11TEX|-|1.0|1.0|0.0|0.0|0.0|QROCK3X8|-|1.0|1.0|101.192885125|88.0|-40.0|-40.0|40.0|40.0|1024.0|1024.0|1024.0|1024.0
UTNTSkyEdge_tnt04b_9018_1_terrain_1_0|9018|1|2|1563|1564|2592.0|-4768.0|2496.0|-4736.0|2544.1581138830084|-4751.5256583509745|40.0|40.0|40.0|QROCK3|QROCK3X8|1.0|1.0|0.0|88.0|8|rock|-|SG001640|-|534|1|0|1564|XA11TEX|-|1.0|1.0|0.0|0.0|0.0|QROCK3X8|-|1.0|1.0|0.0|88.0|-40.0|-40.0|40.0|40.0|1024.0|1024.0|1024.0|1024.0
UTNTSkyEdge_tnt04b_9018_1_terrain_1_1|9018|1|2|1563|1564|2592.0|-4768.0|2496.0|-4736.0|2543.8418861169916|-4752.4743416490255|40.0|40.0|40.0|QROCK3|XA11TEX|1.0|1.0|0.0|0.0|8|gravel|-|SG001642|-|536|1|1|1564|XA11TEX|-|1.0|1.0|0.0|0.0|0.0|QROCK3X8|-|1.0|1.0|0.0|88.0|-40.0|-40.0|40.0|40.0|1024.0|1024.0|1024.0|1024.0
UTNTSkyEdge_tnt04b_9018_1_terrain_2_1|9018|1|2|1563|1563|2592.0|-4768.0|2496.0|-4736.0|2544.1581138830084|-4751.5256583509745|-40.0|-40.0|-40.0|QROCK3|XA11TEX|1.0|1.0|0.0|0.0|5|gravel|-|SG001643|-|534|2|1|1563|XA11TEX|-|1.0|1.0|0.0|0.0|0.0|QROCK3X8|-|1.0|1.0|0.0|88.0|-40.0|-40.0|40.0|40.0|1024.0|1024.0|1024.0|1024.0
UTNTSkyEdge_tnt04b_9020_0_terrain_1_0|9020|0|2|1565|1567|3648.0|-4576.0|3680.0|-4608.0|3663.6464466094067|-4592.353553390593|208.0|208.0|208.0|QROCK3|QROCK3X8|1.0|1.0|0.0|48.0|8|rock|-|SG001644|-|537|1|0|1567|XA11TEX|-|1.0|1.0|0.0|0.0|0.0|QROCK3X8|-|1.0|1.0|0.0|48.0|128.0|128.0|208.0|208.0|1024.0|1024.0|1024.0|1024.0
UTNTSkyEdge_tnt04b_9020_0_terrain_1_1|9020|0|2|1565|1567|3648.0|-4576.0|3680.0|-4608.0|3664.3535533905933|-4591.646446609407|208.0|208.0|208.0|QROCK3|XA11TEX|1.0|1.0|0.0|0.0|8|gravel|-|SG001645|-|538|1|1|1567|XA11TEX|-|1.0|1.0|0.0|0.0|0.0|QROCK3X8|-|1.0|1.0|0.0|48.0|128.0|128.0|208.0|208.0|1024.0|1024.0|1024.0|1024.0
UTNTSkyEdge_tnt04b_9021_0_terrain_1_0|9021|0|2|1565|1568|3680.0|-4608.0|3776.0|-4640.0|3727.8418861169916|-4624.4743416490255|184.0|184.0|184.0|QROCK3|QROCK3X8|1.0|1.0|0.0|72.0|8|rock|-|SG001644|-|537|1|0|1568|XA11TEX|-|1.0|1.0|0.0|0.0|0.0|QROCK3X8|-|1.0|1.0|0.0|72.0|128.0|128.0|184.0|184.0|1024.0|1024.0|1024.0|1024.0
UTNTSkyEdge_tnt04b_9021_0_terrain_1_1|9021|0|2|1565|1568|3680.0|-4608.0|3776.0|-4640.0|3728.1581138830084|-4623.5256583509745|184.0|184.0|184.0|QROCK3|XA11TEX|1.0|1.0|0.0|0.0|8|gravel|-|SG001646|-|539|1|1|1568|XA11TEX|-|1.0|1.0|0.0|0.0|0.0|QROCK3X8|-|1.0|1.0|0.0|72.0|128.0|128.0|184.0|184.0|1024.0|1024.0|1024.0|1024.0
UTNTSkyEdge_tnt04b_9022_0_terrain_1_0|9022|0|2|1565|1568|3776.0|-4640.0|3856.0|-4704.0|3815.687652476223|-4672.390434404721|184.0|184.0|184.0|QROCK3|QROCK3X8|1.0|1.0|101.192885125|72.0|8|rock|-|SG001644|-|537|1|0|1568|XA11TEX|-|1.0|1.0|0.0|0.0|0.0|QROCK3X8|-|1.0|1.0|101.192885125|72.0|128.0|128.0|184.0|184.0|1024.0|1024.0|1024.0|1024.0
UTNTSkyEdge_tnt04b_9022_0_terrain_1_1|9022|0|2|1565|1568|3776.0|-4640.0|3856.0|-4704.0|3816.312347523777|-4671.609565595279|184.0|184.0|184.0|QROCK3|XA11TEX|1.0|1.0|0.0|0.0|8|gravel|-|SG001646|-|539|1|1|1568|XA11TEX|-|1.0|1.0|0.0|0.0|0.0|QROCK3X8|-|1.0|1.0|101.192885125|72.0|128.0|128.0|184.0|184.0|1024.0|1024.0|1024.0|1024.0
UTNTSkyEdge_tnt04b_9023_0_terrain_1_0|9023|0|2|1565|1477|3856.0|-4704.0|3952.0|-4672.0|3904.1581138830084|-4688.4743416490255|176.0|176.0|176.0|QROCK3|QROCK3X8|1.0|1.0|0.0|80.0|7.68|rock|-|SG001644|-|537|1|0|1477|XA11TEX|-|1.0|1.0|0.0|0.0|0.0|QROCK3X8|-|1.0|1.0|0.0|80.0|128.0|128.0|176.0|176.0|1024.0|1024.0|1024.0|1024.0
UTNTSkyEdge_tnt04b_9023_0_terrain_1_1|9023|0|2|1565|1477|3856.0|-4704.0|3952.0|-4672.0|3903.8418861169916|-4687.5256583509745|176.0|176.0|176.0|QROCK3|XA11TEX|1.0|1.0|0.0|0.0|7.68|gravel|-|SG001647|-|540|1|1|1477|XA11TEX|-|1.0|1.0|0.0|0.0|0.0|QROCK3X8|-|1.0|1.0|0.0|80.0|128.0|128.0|176.0|176.0|1024.0|1024.0|1024.0|1024.0
UTNTSkyEdge_tnt04b_9024_0_terrain_1_0|9024|0|2|1565|1477|3952.0|-4672.0|4048.0|-4704.0|3999.8418861169916|-4688.4743416490255|176.0|176.0|176.0|QROCK3|QROCK3X8|1.0|1.0|101.192885125|80.0|7.68|rock|-|SG001644|-|537|1|0|1477|XA11TEX|-|1.0|1.0|0.0|0.0|0.0|QROCK3X8|-|1.0|1.0|101.192885125|80.0|128.0|128.0|176.0|176.0|1024.0|1024.0|1024.0|1024.0
UTNTSkyEdge_tnt04b_9024_0_terrain_1_1|9024|0|2|1565|1477|3952.0|-4672.0|4048.0|-4704.0|4000.1581138830084|-4687.5256583509745|176.0|176.0|176.0|QROCK3|XA11TEX|1.0|1.0|0.0|0.0|7.68|gravel|-|SG001647|-|540|1|1|1477|XA11TEX|-|1.0|1.0|0.0|0.0|0.0|QROCK3X8|-|1.0|1.0|101.192885125|80.0|128.0|128.0|176.0|176.0|1024.0|1024.0|1024.0|1024.0
UTNTSkyEdge_tnt04b_9026_0_terrain_1_0|9026|0|2|1565|1477|4048.0|-4704.0|4096.0|-4672.0|4072.2773500981125|-4688.4160251471685|176.0|176.0|176.0|QROCK3|QROCK3X8|1.0|1.0|202.385770251|80.0|7.68|rock|-|SG001644|-|537|1|0|1477|XA11TEX|-|1.0|1.0|0.0|0.0|0.0|QROCK3X8|-|1.0|1.0|202.385770251|80.0|128.0|128.0|176.0|176.0|1024.0|1024.0|1024.0|1024.0
UTNTSkyEdge_tnt04b_9026_0_terrain_1_1|9026|0|2|1565|1477|4048.0|-4704.0|4096.0|-4672.0|4071.7226499018875|-4687.5839748528315|176.0|176.0|176.0|QROCK3|XA11TEX|1.0|1.0|0.0|0.0|7.68|gravel|-|SG001647|-|540|1|1|1477|XA11TEX|-|1.0|1.0|0.0|0.0|0.0|QROCK3X8|-|1.0|1.0|202.385770251|80.0|128.0|128.0|176.0|176.0|1024.0|1024.0|1024.0|1024.0
UTNTSkyEdge_tnt04b_9027_0_terrain_1_0|9027|0|2|1568|1567|3680.0|-4608.0|3776.0|-4576.0|3728.1581138830084|-4592.4743416490255|208.0|208.0|208.0|QROCK3|QROCK3X8|1.0|1.0|0.0|48.0|3.84|rock|-|SG001648|-|539|1|0|1567|XA11TEX|-|1.0|1.0|0.0|0.0|0.0|QROCK3X8|-|1.0|1.0|0.0|48.0|184.0|184.0|208.0|208.0|1024.0|1024.0|1024.0|1024.0
UTNTSkyEdge_tnt04b_9027_0_terrain_1_1|9027|0|2|1568|1567|3680.0|-4608.0|3776.0|-4576.0|3727.8418861169916|-4591.5256583509745|208.0|208.0|208.0|QROCK3|XA11TEX|1.0|1.0|0.0|0.0|3.84|gravel|-|SG001645|-|538|1|1|1567|XA11TEX|-|1.0|1.0|0.0|0.0|0.0|QROCK3X8|-|1.0|1.0|0.0|48.0|184.0|184.0|208.0|208.0|1024.0|1024.0|1024.0|1024.0
UTNTSkyEdge_tnt04b_9028_1_terrain_1_0|9028|1|2|1567|1571|3792.0|-4528.0|3776.0|-4576.0|3783.525658350975|-4551.841886116991|224.0|224.0|224.0|QROCK3|QROCK3X8|1.0|1.0|0.0|32.0|2.56|rock|-|SG001649|-|538|1|0|1571|XA11TEX|-|1.0|1.0|0.0|0.0|0.0|QROCK3X8|-|1.0|1.0|0.0|32.0|208.0|208.0|224.0|224.0|1024.0|1024.0|1024.0|1024.0
UTNTSkyEdge_tnt04b_9028_1_terrain_1_1|9028|1|2|1567|1571|3792.0|-4528.0|3776.0|-4576.0|3784.474341649025|-4552.158113883009|224.0|224.0|224.0|QROCK3|XA11TEX|1.0|1.0|0.0|0.0|2.56|gravel|-|SG001650|-|541|1|1|1571|XA11TEX|-|1.0|1.0|0.0|0.0|0.0|QROCK3X8|-|1.0|1.0|0.0|32.0|208.0|208.0|224.0|224.0|1024.0|1024.0|1024.0|1024.0
UTNTSkyEdge_tnt04b_9029_0_terrain_1_0|9029|0|2|1571|1566|3792.0|-4528.0|3824.0|-4528.0|3808.0|-4528.5|280.0|280.0|280.0|QROCK3|QROCK3X8|1.0|1.0|0.0|104.0|8|rock|-|SG001651|-|541|1|0|1566|XA11TEX|-|1.0|1.0|0.0|0.0|0.0|QROCK3X8|-|1.0|1.0|0.0|104.0|224.0|224.0|280.0|280.0|1024.0|1024.0|1024.0|1024.0
UTNTSkyEdge_tnt04b_9029_0_terrain_1_1|9029|0|2|1571|1566|3792.0|-4528.0|3824.0|-4528.0|3808.0|-4527.5|280.0|280.0|280.0|QROCK3|XA11TEX|1.0|1.0|0.0|0.0|8|gravel|-|SG001652|-|542|1|1|1566|XA11TEX|-|1.0|1.0|0.0|0.0|0.0|QROCK3X8|-|1.0|1.0|0.0|104.0|224.0|224.0|280.0|280.0|1024.0|1024.0|1024.0|1024.0
UTNTSkyEdge_tnt04b_9031_0_terrain_1_0|9031|0|2|1570|1566|3824.0|-4528.0|3904.0|-4512.0|3864.098058067569|-4520.490290337845|280.0|280.0|280.0|QROCK3|QROCK3X8|1.0|1.0|0.0|104.0|5.12|rock|-|SG001653|-|543|1|0|1566|XA11TEX|-|1.0|1.0|0.0|0.0|0.0|QROCK3X8|-|1.0|1.0|0.0|104.0|248.0|248.0|280.0|280.0|1024.0|1024.0|1024.0|1024.0
UTNTSkyEdge_tnt04b_9031_0_terrain_1_1|9031|0|2|1570|1566|3824.0|-4528.0|3904.0|-4512.0|3863.901941932431|-4519.509709662155|280.0|280.0|280.0|QROCK3|XA11TEX|1.0|1.0|0.0|0.0|5.12|gravel|-|SG001652|-|542|1|1|1566|XA11TEX|-|1.0|1.0|0.0|0.0|0.0|QROCK3X8|-|1.0|1.0|0.0|104.0|248.0|248.0|280.0|280.0|1024.0|1024.0|1024.0|1024.0
UTNTSkyEdge_tnt04b_9032_1_terrain_1_0|9032|1|2|1567|1566|3776.0|-4480.0|3792.0|-4528.0|3783.525658350975|-4504.158113883009|280.0|280.0|280.0|QROCK3|QROCK3X8|1.0|1.0|160.0|744.0|8|rock|-|SG001649|-|538|1|0|1566|XA11TEX|-|1.0|1.0|0.0|0.0|0.0|QROCK3X8|-|1.0|1.0|160.0|744.0|208.0|208.0|280.0|280.0|1024.0|1024.0|1024.0|1024.0
UTNTSkyEdge_tnt04b_9032_1_terrain_1_1|9032|1|2|1567|1566|3776.0|-4480.0|3792.0|-4528.0|3784.474341649025|-4503.841886116991|280.0|280.0|280.0|QROCK3|XA11TEX|1.0|1.0|0.0|0.0|8|gravel|-|SG001652|-|542|1|1|1566|XA11TEX|-|1.0|1.0|0.0|0.0|0.0|QROCK3X8|-|1.0|1.0|160.0|744.0|208.0|208.0|280.0|280.0|1024.0|1024.0|1024.0|1024.0
UTNTSkyEdge_tnt04b_9033_0_terrain_1_0|9033|0|2|1568|1571|3776.0|-4576.0|3856.0|-4608.0|3815.814304661823|-4592.464238345443|224.0|224.0|224.0|QROCK3|QROCK3X8|1.0|1.0|0.0|32.0|6.4|rock|-|SG001648|-|539|1|0|1571|XA11TEX|-|1.0|1.0|0.0|0.0|0.0|QROCK3X8|-|1.0|1.0|0.0|32.0|184.0|184.0|224.0|224.0|1024.0|1024.0|1024.0|1024.0
UTNTSkyEdge_tnt04b_9033_0_terrain_1_1|9033|0|2|1568|1571|3776.0|-4576.0|3856.0|-4608.0|3816.185695338177|-4591.535761654557|224.0|224.0|224.0|QROCK3|XA11TEX|1.0|1.0|0.0|0.0|6.4|gravel|-|SG001650|-|541|1|1|1571|XA11TEX|-|1.0|1.0|0.0|0.0|0.0|QROCK3X8|-|1.0|1.0|0.0|32.0|184.0|184.0|224.0|224.0|1024.0|1024.0|1024.0|1024.0
UTNTSkyEdge_tnt04b_9034_0_terrain_1_0|9034|0|2|1568|1571|3856.0|-4608.0|3872.0|-4656.0|3863.525658350975|-4632.158113883009|224.0|224.0|224.0|QROCK3|QROCK3X8|1.0|1.0|86.162636914|32.0|6.4|rock|-|SG001648|-|539|1|0|1571|XA11TEX|-|1.0|1.0|0.0|0.0|0.0|QROCK3X8|-|1.0|1.0|86.162636914|32.0|184.0|184.0|224.0|224.0|1024.0|1024.0|1024.0|1024.0
UTNTSkyEdge_tnt04b_9034_0_terrain_1_1|9034|0|2|1568|1571|3856.0|-4608.0|3872.0|-4656.0|3864.474341649025|-4631.841886116991|224.0|224.0|224.0|QROCK3|XA11TEX|1.0|1.0|0.0|0.0|6.4|gravel|-|SG001650|-|541|1|1|1571|XA11TEX|-|1.0|1.0|0.0|0.0|0.0|QROCK3X8|-|1.0|1.0|86.162636914|32.0|184.0|184.0|224.0|224.0|1024.0|1024.0|1024.0|1024.0
UTNTSkyEdge_tnt04b_9036_0_terrain_1_0|9036|0|2|1477|1571|3872.0|-4656.0|3920.0|-4592.0|3896.4|-4624.3|224.0|224.0|224.0|QROCK3|QROCK3X8|1.0|1.0|0.0|32.0|7.68|rock|-|SG001654|-|540|1|0|1571|XA11TEX|-|1.0|1.0|0.0|0.0|0.0|QROCK3X8|-|1.0|1.0|0.0|32.0|176.0|176.0|224.0|224.0|1024.0|1024.0|1024.0|1024.0
UTNTSkyEdge_tnt04b_9036_0_terrain_1_1|9036|0|2|1477|1571|3872.0|-4656.0|3920.0|-4592.0|3895.6|-4623.7|224.0|224.0|224.0|QROCK3|XA11TEX|1.0|1.0|0.0|0.0|7.68|gravel|-|SG001650|-|541|1|1|1571|XA11TEX|-|1.0|1.0|0.0|0.0|0.0|QROCK3X8|-|1.0|1.0|0.0|32.0|176.0|176.0|224.0|224.0|1024.0|1024.0|1024.0|1024.0
UTNTSkyEdge_tnt04b_9037_0_terrain_1_0|9037|0|2|1477|1570|3920.0|-4592.0|3968.0|-4608.0|3943.8418861169916|-4600.4743416490255|248.0|248.0|248.0|QROCK3|QROCK3X8|1.0|1.0|0.0|8.0|8|rock|-|SG001654|-|540|1|0|1570|XA11TEX|-|1.0|1.0|0.0|0.0|0.0|QROCK3X8|-|1.0|1.0|0.0|8.0|176.0|176.0|248.0|248.0|1024.0|1024.0|1024.0|1024.0
UTNTSkyEdge_tnt04b_9037_0_terrain_1_1|9037|0|2|1477|1570|3920.0|-4592.0|3968.0|-4608.0|3944.1581138830084|-4599.5256583509745|248.0|248.0|248.0|QROCK3|XA11TEX|1.0|1.0|0.0|0.0|8|gravel|-|SG001655|-|543|1|1|1570|XA11TEX|-|1.0|1.0|0.0|0.0|0.0|QROCK3X8|-|1.0|1.0|0.0|8.0|176.0|176.0|248.0|248.0|1024.0|1024.0|1024.0|1024.0
UTNTSkyEdge_tnt04b_9038_0_terrain_1_0|9038|0|2|1477|1569|3968.0|-4608.0|3984.0|-4656.0|3975.525658350975|-4632.158113883009|224.0|224.0|224.0|QROCK3|QROCK3X8|1.0|1.0|0.0|32.0|7.68|rock|-|SG001654|-|540|1|0|1569|XA11TEX|-|1.0|1.0|0.0|0.0|0.0|QROCK3X8|-|1.0|1.0|0.0|32.0|176.0|176.0|224.0|224.0|1024.0|1024.0|1024.0|1024.0
UTNTSkyEdge_tnt04b_9038_0_terrain_1_1|9038|0|2|1477|1569|3968.0|-4608.0|3984.0|-4656.0|3976.474341649025|-4631.841886116991|224.0|224.0|224.0|QROCK3|XA11TEX|1.0|1.0|0.0|0.0|7.68|gravel|-|SG001656|-|544|1|1|1569|XA11TEX|-|1.0|1.0|0.0|0.0|0.0|QROCK3X8|-|1.0|1.0|0.0|32.0|176.0|176.0|224.0|224.0|1024.0|1024.0|1024.0|1024.0
UTNTSkyEdge_tnt04b_9039_0_terrain_1_0|9039|0|2|1477|1569|3984.0|-4656.0|4096.0|-4672.0|4039.9292893218812|-4664.494974746831|224.0|224.0|224.0|QROCK3|QROCK3X8|1.0|1.0|50.596442563|32.0|7.68|rock|-|SG001654|-|540|1|0|1569|XA11TEX|-|1.0|1.0|0.0|0.0|0.0|QROCK3X8|-|1.0|1.0|50.596442563|32.0|176.0|176.0|224.0|224.0|1024.0|1024.0|1024.0|1024.0
UTNTSkyEdge_tnt04b_9039_0_terrain_1_1|9039|0|2|1477|1569|3984.0|-4656.0|4096.0|-4672.0|4040.0707106781188|-4663.505025253169|224.0|224.0|224.0|QROCK3|XA11TEX|1.0|1.0|0.0|0.0|7.68|gravel|-|SG001656|-|544|1|1|1569|XA11TEX|-|1.0|1.0|0.0|0.0|0.0|QROCK3X8|-|1.0|1.0|50.596442563|32.0|176.0|176.0|224.0|224.0|1024.0|1024.0|1024.0|1024.0
UTNTSkyEdge_tnt04b_9040_0_terrain_1_0|9040|0|2|1569|1570|3968.0|-4608.0|4000.0|-4560.0|3984.416025147169|-4584.277350098113|248.0|248.0|248.0|QROCK3|QROCK3X8|1.0|1.0|0.0|8.0|3.84|rock|-|SG001657|-|544|1|0|1570|XA11TEX|-|1.0|1.0|0.0|0.0|0.0|QROCK3X8|-|1.0|1.0|0.0|8.0|224.0|224.0|248.0|248.0|1024.0|1024.0|1024.0|1024.0
UTNTSkyEdge_tnt04b_9040_0_terrain_1_1|9040|0|2|1569|1570|3968.0|-4608.0|4000.0|-4560.0|3983.583974852831|-4583.722649901887|248.0|248.0|248.0|QROCK3|XA11TEX|1.0|1.0|0.0|0.0|3.84|gravel|-|SG001655|-|543|1|1|1570|XA11TEX|-|1.0|1.0|0.0|0.0|0.0|QROCK3X8|-|1.0|1.0|0.0|8.0|224.0|224.0|248.0|248.0|1024.0|1024.0|1024.0|1024.0
UTNTSkyEdge_tnt04b_9041_0_terrain_1_0|9041|0|2|1569|1570|4000.0|-4560.0|4032.0|-4544.0|4016.22360679775|-4552.4472135955|248.0|248.0|248.0|QROCK3|QROCK3X8|1.0|1.0|57.688820407|8.0|3.84|rock|-|SG001657|-|544|1|0|1570|XA11TEX|-|1.0|1.0|0.0|0.0|0.0|QROCK3X8|-|1.0|1.0|57.688820407|8.0|224.0|224.0|248.0|248.0|1024.0|1024.0|1024.0|1024.0
UTNTSkyEdge_tnt04b_9041_0_terrain_1_1|9041|0|2|1569|1570|4000.0|-4560.0|4032.0|-4544.0|4015.77639320225|-4551.5527864045|248.0|248.0|248.0|QROCK3|XA11TEX|1.0|1.0|0.0|0.0|3.84|gravel|-|SG001655|-|543|1|1|1570|XA11TEX|-|1.0|1.0|0.0|0.0|0.0|QROCK3X8|-|1.0|1.0|57.688820407|8.0|224.0|224.0|248.0|248.0|1024.0|1024.0|1024.0|1024.0
UTNTSkyEdge_tnt04b_9042_1_terrain_1_0|9042|1|2|1571|1570|3888.0|-4560.0|3920.0|-4592.0|3903.6464466094067|-4576.353553390593|248.0|248.0|248.0|QROCK3|QROCK3X8|1.0|1.0|71.55417528|8.0|3.84|rock|-|SG001651|-|541|1|0|1570|XA11TEX|-|1.0|1.0|0.0|0.0|0.0|QROCK3X8|-|1.0|1.0|71.55417528|8.0|224.0|224.0|248.0|248.0|1024.0|1024.0|1024.0|1024.0
UTNTSkyEdge_tnt04b_9042_1_terrain_1_1|9042|1|2|1571|1570|3888.0|-4560.0|3920.0|-4592.0|3904.3535533905933|-4575.646446609407|248.0|248.0|248.0|QROCK3|XA11TEX|1.0|1.0|0.0|0.0|3.84|gravel|-|SG001655|-|543|1|1|1570|XA11TEX|-|1.0|1.0|0.0|0.0|0.0|QROCK3X8|-|1.0|1.0|71.55417528|8.0|224.0|224.0|248.0|248.0|1024.0|1024.0|1024.0|1024.0
UTNTSkyEdge_tnt04b_9043_1_terrain_1_0|9043|1|2|1571|1570|3824.0|-4528.0|3888.0|-4560.0|3855.77639320225|-4544.4472135955|248.0|248.0|248.0|QROCK3|QROCK3X8|1.0|1.0|0.0|8.0|3.84|rock|-|SG001651|-|541|1|0|1570|XA11TEX|-|1.0|1.0|0.0|0.0|0.0|QROCK3X8|-|1.0|1.0|0.0|8.0|224.0|224.0|248.0|248.0|1024.0|1024.0|1024.0|1024.0
UTNTSkyEdge_tnt04b_9043_1_terrain_1_1|9043|1|2|1571|1570|3824.0|-4528.0|3888.0|-4560.0|3856.22360679775|-4543.5527864045|248.0|248.0|248.0|QROCK3|XA11TEX|1.0|1.0|0.0|0.0|3.84|gravel|-|SG001655|-|543|1|1|1570|XA11TEX|-|1.0|1.0|0.0|0.0|0.0|QROCK3X8|-|1.0|1.0|0.0|8.0|224.0|224.0|248.0|248.0|1024.0|1024.0|1024.0|1024.0
UTNTSkyEdge_tnt04b_9128_1_terrain_1_0|9128|1|2|1478|1587|2336.0|-5856.0|2336.0|-5920.0|2335.5|-5888.0|96.0|96.0|96.0|QROCK3|QROCK3X8|1.0|1.0|297.618018552|32.0|8|rock|-|SG001658|-|545|1|0|1587|XA11TEX|-|1.0|1.0|0.0|0.0|0.0|QROCK3X8|-|1.0|1.0|297.618018552|32.0|-26.666666666666668|-26.666666666666668|96.0|96.0|1024.0|1024.0|1024.0|1024.0
UTNTSkyEdge_tnt04b_9128_1_terrain_1_1|9128|1|2|1478|1587|2336.0|-5856.0|2336.0|-5920.0|2336.5|-5888.0|96.0|96.0|96.0|QROCK3|XA11TEX|1.0|1.0|0.0|0.0|8|gravel|-|SG001659|-|546|1|1|1587|XA11TEX|-|1.0|1.0|0.0|0.0|0.0|QROCK3X8|-|1.0|1.0|297.618018552|32.0|-26.666666666666668|-26.666666666666668|96.0|96.0|1024.0|1024.0|1024.0|1024.0
UTNTSkyEdge_tnt04b_9129_1_terrain_1_0|9129|1|2|1478|1587|2400.0|-5856.0|2336.0|-5856.0|2368.0|-5855.5|96.0|96.0|96.0|QROCK3|QROCK3X8|1.0|1.0|233.618018552|32.0|8|rock|-|SG001658|-|545|1|0|1587|XA11TEX|-|1.0|1.0|0.0|0.0|0.0|QROCK3X8|-|1.0|1.0|233.618018552|32.0|-16.0|-26.666666666666668|96.0|96.0|1024.0|1024.0|1024.0|1024.0
UTNTSkyEdge_tnt04b_9129_1_terrain_1_1|9129|1|2|1478|1587|2400.0|-5856.0|2336.0|-5856.0|2368.0|-5856.5|96.0|96.0|96.0|QROCK3|XA11TEX|1.0|1.0|0.0|0.0|8|gravel|-|SG001659|-|546|1|1|1587|XA11TEX|-|1.0|1.0|0.0|0.0|0.0|QROCK3X8|-|1.0|1.0|233.618018552|32.0|-16.0|-26.666666666666668|96.0|96.0|1024.0|1024.0|1024.0|1024.0
UTNTSkyEdge_tnt04b_9130_1_terrain_1_0|9130|1|2|1478|1587|2464.0|-5920.0|2400.0|-5856.0|2432.3535533905933|-5887.646446609407|96.0|96.0|96.0|QROCK3|QROCK3X8|1.0|1.0|143.10835056|32.0|8|rock|-|SG001658|-|545|1|0|1587|XA11TEX|-|1.0|1.0|0.0|0.0|0.0|QROCK3X8|-|1.0|1.0|143.10835056|32.0|-5.333333333333333|-16.0|96.0|96.0|1024.0|1024.0|1024.0|1024.0
UTNTSkyEdge_tnt04b_9130_1_terrain_1_1|9130|1|2|1478|1587|2464.0|-5920.0|2400.0|-5856.0|2431.6464466094067|-5888.353553390593|96.0|96.0|96.0|QROCK3|XA11TEX|1.0|1.0|0.0|0.0|8|gravel|-|SG001659|-|546|1|1|1587|XA11TEX|-|1.0|1.0|0.0|0.0|0.0|QROCK3X8|-|1.0|1.0|143.10835056|32.0|-5.333333333333333|-16.0|96.0|96.0|1024.0|1024.0|1024.0|1024.0
UTNTSkyEdge_tnt04b_9131_1_terrain_1_0|9131|1|2|1478|1587|2528.0|-5952.0|2464.0|-5920.0|2496.22360679775|-5935.5527864045|96.0|96.0|96.0|QROCK3|QROCK3X8|1.0|1.0|71.55417528|32.0|8|rock|-|SG001658|-|545|1|0|1587|XA11TEX|-|1.0|1.0|0.0|0.0|0.0|QROCK3X8|-|1.0|1.0|71.55417528|32.0|5.333333333333333|-5.333333333333333|96.0|96.0|1024.0|1024.0|1024.0|1024.0
UTNTSkyEdge_tnt04b_9131_1_terrain_1_1|9131|1|2|1478|1587|2528.0|-5952.0|2464.0|-5920.0|2495.77639320225|-5936.4472135955|96.0|96.0|96.0|QROCK3|XA11TEX|1.0|1.0|0.0|0.0|8|gravel|-|SG001659|-|546|1|1|1587|XA11TEX|-|1.0|1.0|0.0|0.0|0.0|QROCK3X8|-|1.0|1.0|71.55417528|32.0|5.333333333333333|-5.333333333333333|96.0|96.0|1024.0|1024.0|1024.0|1024.0
UTNTSkyEdge_tnt04b_9133_1_terrain_1_0|9133|1|2|1478|1587|2496.0|-6016.0|2528.0|-5952.0|2512.4472135954998|-5984.22360679775|96.0|96.0|96.0|QROCK3|QROCK3X8|1.0|1.0|0.0|32.0|8|rock|-|SG001658|-|545|1|0|1587|XA11TEX|-|1.0|1.0|0.0|0.0|0.0|QROCK3X8|-|1.0|1.0|0.0|32.0|0.0|5.333333333333333|96.0|96.0|1024.0|1024.0|1024.0|1024.0
UTNTSkyEdge_tnt04b_9133_1_terrain_1_1|9133|1|2|1478|1587|2496.0|-6016.0|2528.0|-5952.0|2511.5527864045002|-5983.77639320225|96.0|96.0|96.0|QROCK3|XA11TEX|1.0|1.0|0.0|0.0|8|gravel|-|SG001659|-|546|1|1|1587|XA11TEX|-|1.0|1.0|0.0|0.0|0.0|QROCK3X8|-|1.0|1.0|0.0|32.0|0.0|5.333333333333333|96.0|96.0|1024.0|1024.0|1024.0|1024.0
UTNTSkyEdge_tnt04b_9134_1_terrain_1_0|9134|1|2|1478|1587|2304.0|-5952.0|2336.0|-5984.0|2319.6464466094067|-5968.353553390593|96.0|96.0|96.0|QROCK3|QROCK3X8|1.0|1.0|406.872852548|32.0|8|rock|-|SG001658|-|545|1|0|1587|XA11TEX|-|1.0|1.0|0.0|0.0|0.0|QROCK3X8|-|1.0|1.0|406.872852548|32.0|-32.0|-26.666666666666668|96.0|96.0|1024.0|1024.0|1024.0|1024.0
UTNTSkyEdge_tnt04b_9134_1_terrain_1_1|9134|1|2|1478|1587|2304.0|-5952.0|2336.0|-5984.0|2320.3535533905933|-5967.646446609407|96.0|96.0|96.0|QROCK3|XA11TEX|1.0|1.0|0.0|0.0|8|gravel|-|SG001659|-|546|1|1|1587|XA11TEX|-|1.0|1.0|0.0|0.0|0.0|QROCK3X8|-|1.0|1.0|406.872852548|32.0|-32.0|-26.666666666666668|96.0|96.0|1024.0|1024.0|1024.0|1024.0
UTNTSkyEdge_tnt04b_9136_1_terrain_1_0|9136|1|2|1478|1587|2336.0|-5920.0|2304.0|-5952.0|2319.6464466094067|-5935.646446609407|96.0|96.0|96.0|QROCK3|QROCK3X8|1.0|1.0|361.618018552|32.0|8|rock|-|SG001658|-|545|1|0|1587|XA11TEX|-|1.0|1.0|0.0|0.0|0.0|QROCK3X8|-|1.0|1.0|361.618018552|32.0|-26.666666666666668|-32.0|96.0|96.0|1024.0|1024.0|1024.0|1024.0
UTNTSkyEdge_tnt04b_9136_1_terrain_1_1|9136|1|2|1478|1587|2336.0|-5920.0|2304.0|-5952.0|2320.3535533905933|-5936.353553390593|96.0|96.0|96.0|QROCK3|XA11TEX|1.0|1.0|0.0|0.0|8|gravel|-|SG001659|-|546|1|1|1587|XA11TEX|-|1.0|1.0|0.0|0.0|0.0|QROCK3X8|-|1.0|1.0|361.618018552|32.0|-26.666666666666668|-32.0|96.0|96.0|1024.0|1024.0|1024.0|1024.0
UTNTSkyEdge_tnt04b_9137_0_terrain_1_0|9137|0|2|1480|1588|2816.0|-5696.0|2816.0|-5728.0|2815.5|-5712.0|192.0|192.0|192.0|QROCK3|QROCK3X8|1.0|1.0|0.0|64.0|8|rock|-|SG001660|-|547|1|0|1588|XA11TEX|-|1.0|1.0|0.0|0.0|0.0|QROCK3X8|-|1.0|1.0|0.0|64.0|12.0|13.0|192.0|192.0|1024.0|1024.0|1024.0|1024.0
UTNTSkyEdge_tnt04b_9137_0_terrain_1_1|9137|0|2|1480|1588|2816.0|-5696.0|2816.0|-5728.0|2816.5|-5712.0|192.0|192.0|192.0|QROCK3|XA11TEX|1.0|1.0|0.0|0.0|8|gravel|-|SG001661|-|548|1|1|1588|XA11TEX|-|1.0|1.0|0.0|0.0|0.0|QROCK3X8|-|1.0|1.0|0.0|64.0|12.0|13.0|192.0|192.0|1024.0|1024.0|1024.0|1024.0
UTNTSkyEdge_tnt04b_9138_0_terrain_1_0|9138|0|2|1480|1588|2816.0|-5728.0|2880.0|-5792.0|2847.6464466094067|-5760.353553390593|192.0|192.0|192.0|QROCK3|QROCK3X8|1.0|1.0|32.0|64.0|8|rock|-|SG001660|-|547|1|0|1588|XA11TEX|-|1.0|1.0|0.0|0.0|0.0|QROCK3X8|-|1.0|1.0|32.0|64.0|13.0|10.0|192.0|192.0|1024.0|1024.0|1024.0|1024.0
UTNTSkyEdge_tnt04b_9138_0_terrain_1_1|9138|0|2|1480|1588|2816.0|-5728.0|2880.0|-5792.0|2848.3535533905933|-5759.646446609407|192.0|192.0|192.0|QROCK3|XA11TEX|1.0|1.0|0.0|0.0|8|gravel|-|SG001661|-|548|1|1|1588|XA11TEX|-|1.0|1.0|0.0|0.0|0.0|QROCK3X8|-|1.0|1.0|32.0|64.0|13.0|10.0|192.0|192.0|1024.0|1024.0|1024.0|1024.0
UTNTSkyEdge_tnt04b_9139_0_terrain_1_0|9139|0|2|1480|1588|2880.0|-5792.0|2912.0|-5728.0|2896.4472135954998|-5760.22360679775|192.0|192.0|192.0|QROCK3|QROCK3X8|1.0|1.0|122.509667992|64.0|8|rock|-|SG001660|-|547|1|0|1588|XA11TEX|-|1.0|1.0|0.0|0.0|0.0|QROCK3X8|-|1.0|1.0|122.509667992|64.0|10.0|5.5|192.0|192.0|1024.0|1024.0|1024.0|1024.0
UTNTSkyEdge_tnt04b_9139_0_terrain_1_1|9139|0|2|1480|1588|2880.0|-5792.0|2912.0|-5728.0|2895.5527864045002|-5759.77639320225|192.0|192.0|192.0|QROCK3|XA11TEX|1.0|1.0|0.0|0.0|8|gravel|-|SG001661|-|548|1|1|1588|XA11TEX|-|1.0|1.0|0.0|0.0|0.0|QROCK3X8|-|1.0|1.0|122.509667992|64.0|10.0|5.5|192.0|192.0|1024.0|1024.0|1024.0|1024.0
UTNTSkyEdge_tnt04b_9140_0_terrain_1_0|9140|0|2|1480|1588|2912.0|-5728.0|2912.0|-5696.0|2912.5|-5712.0|192.0|192.0|192.0|QROCK3|QROCK3X8|1.0|1.0|194.063843272|64.0|8|rock|-|SG001660|-|547|1|0|1588|XA11TEX|-|1.0|1.0|0.0|0.0|0.0|QROCK3X8|-|1.0|1.0|194.063843272|64.0|5.5|4.5|192.0|192.0|1024.0|1024.0|1024.0|1024.0
UTNTSkyEdge_tnt04b_9140_0_terrain_1_1|9140|0|2|1480|1588|2912.0|-5728.0|2912.0|-5696.0|2911.5|-5712.0|192.0|192.0|192.0|QROCK3|XA11TEX|1.0|1.0|0.0|0.0|8|gravel|-|SG001661|-|548|1|1|1588|XA11TEX|-|1.0|1.0|0.0|0.0|0.0|QROCK3X8|-|1.0|1.0|194.063843272|64.0|5.5|4.5|192.0|192.0|1024.0|1024.0|1024.0|1024.0
UTNTSkyEdge_tnt04b_9141_0_terrain_1_0|9141|0|2|1480|1588|2912.0|-5696.0|2944.0|-5632.0|2928.4472135954998|-5664.22360679775|192.0|192.0|192.0|QROCK3|QROCK3X8|1.0|1.0|226.063843272|64.0|8|rock|-|SG001660|-|547|1|0|1588|XA11TEX|-|1.0|1.0|0.0|0.0|0.0|QROCK3X8|-|1.0|1.0|226.063843272|64.0|4.5|0.0|192.0|192.0|1024.0|1024.0|1024.0|1024.0
UTNTSkyEdge_tnt04b_9141_0_terrain_1_1|9141|0|2|1480|1588|2912.0|-5696.0|2944.0|-5632.0|2927.5527864045002|-5663.77639320225|192.0|192.0|192.0|QROCK3|XA11TEX|1.0|1.0|0.0|0.0|8|gravel|-|SG001661|-|548|1|1|1588|XA11TEX|-|1.0|1.0|0.0|0.0|0.0|QROCK3X8|-|1.0|1.0|226.063843272|64.0|4.5|0.0|192.0|192.0|1024.0|1024.0|1024.0|1024.0
UTNTSkyEdge_tnt04b_9585_1_terrain_1_0|9585|1|2|510|1626|768.0|-3248.0|864.0|-3232.0|816.0821994936526|-3240.493196961916|-401.5|-355.0|-448.0|QROCK3|QROCK3X8|1.0|1.0|496.066461222|320.0|8|rock|-|SG001424|-|427|1|0|1626|XA11TEX|-|1.0|1.0|0.0|0.0|0.0|QROCK3X8|-|1.0|1.0|496.066461222|320.0|-512.0|-512.0|-355.0|-448.0|384.0|384.0|384.0|384.0
UTNTSkyEdge_tnt04b_9585_1_terrain_1_1|9585|1|2|510|1626|768.0|-3248.0|864.0|-3232.0|815.9178005063474|-3239.506803038084|-401.5|-355.0|-448.0|QROCK3|XA11TEX|1.0|1.0|0.0|0.0|8|gravel|-|SG001662|-|549|1|1|1626|XA11TEX|-|1.0|1.0|0.0|0.0|0.0|QROCK3X8|-|1.0|1.0|496.066461222|320.0|-512.0|-512.0|-355.0|-448.0|384.0|384.0|384.0|384.0
UTNTSkyEdge_tnt04b_9586_1_terrain_1_0|9586|1|2|510|1626|768.0|-3392.0|768.0|-3248.0|768.5|-3320.0|-401.5|-448.0|-355.0|QROCK3|QROCK3X8|1.0|1.0|352.066461222|320.0|8|rock|-|SG001424|-|427|1|0|1626|XA11TEX|-|1.0|1.0|0.0|0.0|0.0|QROCK3X8|-|1.0|1.0|352.066461222|320.0|-512.0|-512.0|-448.0|-355.0|384.0|384.0|384.0|384.0
UTNTSkyEdge_tnt04b_9586_1_terrain_1_1|9586|1|2|510|1626|768.0|-3392.0|768.0|-3248.0|767.5|-3320.0|-401.5|-448.0|-355.0|QROCK3|XA11TEX|1.0|1.0|0.0|0.0|8|gravel|-|SG001662|-|549|1|1|1626|XA11TEX|-|1.0|1.0|0.0|0.0|0.0|QROCK3X8|-|1.0|1.0|352.066461222|320.0|-512.0|-512.0|-448.0|-355.0|384.0|384.0|384.0|384.0
UTNTSkyEdge_tnt04b_9587_1_terrain_1_0|9587|1|2|510|1626|624.0|-3392.0|768.0|-3392.0|696.0|-3392.5|-370.5|-293.0|-448.0|QROCK3|QROCK3X8|1.0|1.0|208.066461222|320.0|8|rock|-|SG001424|-|427|1|0|1626|XA11TEX|-|1.0|1.0|0.0|0.0|0.0|QROCK3X8|-|1.0|1.0|208.066461222|320.0|-512.0|-512.0|-293.0|-448.0|384.0|384.0|384.0|384.0
UTNTSkyEdge_tnt04b_9587_1_terrain_1_1|9587|1|2|510|1626|624.0|-3392.0|768.0|-3392.0|696.0|-3391.5|-370.5|-293.0|-448.0|QROCK3|XA11TEX|1.0|1.0|0.0|0.0|8|gravel|-|SG001662|-|549|1|1|1626|XA11TEX|-|1.0|1.0|0.0|0.0|0.0|QROCK3X8|-|1.0|1.0|208.066461222|320.0|-512.0|-512.0|-293.0|-448.0|384.0|384.0|384.0|384.0
UTNTSkyEdge_tnt04b_9588_1_terrain_1_0|9588|1|2|510|1626|480.0|-3296.0|624.0|-3392.0|551.7226499018874|-3344.416025147169|-184.5|-76.0|-293.0|QROCK3|QROCK3X8|1.0|1.0|35.0|320.0|8|rock|-|SG001424|-|427|1|0|1626|XA11TEX|-|1.0|1.0|0.0|0.0|0.0|QROCK3X8|-|1.0|1.0|35.0|320.0|-512.0|-512.0|-76.0|-293.0|384.0|384.0|384.0|384.0
UTNTSkyEdge_tnt04b_9588_1_terrain_1_1|9588|1|2|510|1626|480.0|-3296.0|624.0|-3392.0|552.2773500981126|-3343.583974852831|-184.5|-76.0|-293.0|QROCK3|XA11TEX|1.0|1.0|0.0|0.0|8|gravel|-|SG001662|-|549|1|1|1626|XA11TEX|-|1.0|1.0|0.0|0.0|0.0|QROCK3X8|-|1.0|1.0|35.0|320.0|-512.0|-512.0|-76.0|-293.0|384.0|384.0|384.0|384.0
UTNTSkyEdge_tnt04b_9589_1_terrain_1_0|9589|1|2|510|1628|288.0|-3200.0|480.0|-3296.0|383.77639320225|-3248.4472135954998|-200.0|-200.0|-200.0|QROCK3|QROCK3X8|1.0|1.0|27.0|72.0|8|rock|-|SG001424|-|427|1|0|1628|XA11TEX|-|1.0|1.0|0.0|0.0|0.0|QROCK3X8|-|1.0|1.0|27.0|72.0|-512.0|-512.0|-200.0|-200.0|384.0|384.0|384.0|384.0
UTNTSkyEdge_tnt04b_9589_1_terrain_1_1|9589|1|2|510|1628|288.0|-3200.0|480.0|-3296.0|384.22360679775|-3247.5527864045002|-200.0|-200.0|-200.0|QROCK3|XA11TEX|1.0|1.0|0.0|0.0|8|gravel|-|SG001663|-|550|1|1|1628|XA11TEX|-|1.0|1.0|0.0|0.0|0.0|QROCK3X8|-|1.0|1.0|27.0|72.0|-512.0|-512.0|-200.0|-200.0|384.0|384.0|384.0|384.0
UTNTSkyEdge_tnt04b_9590_1_terrain_1_0|9590|1|2|510|1629|192.0|-3200.0|288.0|-3200.0|240.0|-3200.5|-96.66666666666667|-127.66666666666667|-65.66666666666667|QROCK3|QROCK3X8|1.0|1.0|731.09612186|448.0|8|rock|-|SG001424|-|427|1|0|1629|XA11TEX|-|1.0|1.0|0.0|0.0|0.0|QROCK3X8|-|1.0|1.0|731.09612186|448.0|-512.0|-512.0|-127.66666666666667|-65.66666666666667|384.0|384.0|384.0|384.0
UTNTSkyEdge_tnt04b_9590_1_terrain_1_1|9590|1|2|510|1629|192.0|-3200.0|288.0|-3200.0|240.0|-3199.5|-96.66666666666667|-127.66666666666667|-65.66666666666667|QROCK3|XA11TEX|1.0|1.0|0.0|0.0|8|gravel|-|SG001664|-|551|1|1|1629|XA11TEX|-|1.0|1.0|0.0|0.0|0.0|QROCK3X8|-|1.0|1.0|731.09612186|448.0|-512.0|-512.0|-127.66666666666667|-65.66666666666667|384.0|384.0|384.0|384.0
UTNTSkyEdge_tnt04b_9591_1_terrain_1_0|9591|1|2|510|1629|192.0|-3120.0|192.0|-3200.0|191.5|-3160.0|-179.33333333333334|-231.0|-127.66666666666667|QROCK3|QROCK3X8|1.0|1.0|651.09612186|448.0|8|rock|-|SG001424|-|427|1|0|1629|XA11TEX|-|1.0|1.0|0.0|0.0|0.0|QROCK3X8|-|1.0|1.0|651.09612186|448.0|-512.0|-512.0|-231.0|-127.66666666666667|384.0|384.0|384.0|384.0
UTNTSkyEdge_tnt04b_9591_1_terrain_1_1|9591|1|2|510|1629|192.0|-3120.0|192.0|-3200.0|192.5|-3160.0|-179.33333333333334|-231.0|-127.66666666666667|QROCK3|XA11TEX|1.0|1.0|0.0|0.0|8|gravel|-|SG001664|-|551|1|1|1629|XA11TEX|-|1.0|1.0|0.0|0.0|0.0|QROCK3X8|-|1.0|1.0|651.09612186|448.0|-512.0|-512.0|-231.0|-127.66666666666667|384.0|384.0|384.0|384.0
UTNTSkyEdge_tnt04b_9592_1_terrain_1_0|9592|1|2|510|1629|240.0|-2928.0|192.0|-3120.0|215.51492874992732|-3023.878732187482|-339.5|-448.0|-231.0|QROCK3|QROCK3X8|1.0|1.0|453.18705183|448.0|8|rock|-|SG001424|-|427|1|0|1629|XA11TEX|-|1.0|1.0|0.0|0.0|0.0|QROCK3X8|-|1.0|1.0|453.18705183|448.0|-512.0|-512.0|-448.0|-231.0|384.0|384.0|384.0|384.0
UTNTSkyEdge_tnt04b_9592_1_terrain_1_1|9592|1|2|510|1629|240.0|-2928.0|192.0|-3120.0|216.48507125007268|-3024.121267812518|-339.5|-448.0|-231.0|QROCK3|XA11TEX|1.0|1.0|0.0|0.0|8|gravel|-|SG001664|-|551|1|1|1629|XA11TEX|-|1.0|1.0|0.0|0.0|0.0|QROCK3X8|-|1.0|1.0|453.18705183|448.0|-512.0|-512.0|-448.0|-231.0|384.0|384.0|384.0|384.0
UTNTSkyEdge_tnt04b_9593_1_terrain_1_0|9593|1|2|510|1629|384.0|-2880.0|240.0|-2928.0|311.8418861169916|-2903.525658350975|-432.5|-417.0|-448.0|QROCK3|QROCK3X8|1.0|1.0|301.397724142|448.0|8|rock|-|SG001424|-|427|1|0|1629|XA11TEX|-|1.0|1.0|0.0|0.0|0.0|QROCK3X8|-|1.0|1.0|301.397724142|448.0|-512.0|-512.0|-417.0|-448.0|384.0|384.0|384.0|384.0
UTNTSkyEdge_tnt04b_9593_1_terrain_1_1|9593|1|2|510|1629|384.0|-2880.0|240.0|-2928.0|312.1581138830084|-2904.474341649025|-432.5|-417.0|-448.0|QROCK3|XA11TEX|1.0|1.0|0.0|0.0|8|gravel|-|SG001664|-|551|1|1|1629|XA11TEX|-|1.0|1.0|0.0|0.0|0.0|QROCK3X8|-|1.0|1.0|301.397724142|448.0|-512.0|-512.0|-417.0|-448.0|384.0|384.0|384.0|384.0
UTNTSkyEdge_tnt04b_9594_1_terrain_1_0|9594|1|2|510|1629|528.0|-2976.0|384.0|-2880.0|456.2773500981126|-2927.583974852831|-308.5|-200.0|-417.0|QROCK3|QROCK3X8|1.0|1.0|128.33126292|448.0|8|rock|-|SG001424|-|427|1|0|1629|XA11TEX|-|1.0|1.0|0.0|0.0|0.0|QROCK3X8|-|1.0|1.0|128.33126292|448.0|-512.0|-512.0|-200.0|-417.0|384.0|384.0|384.0|384.0
UTNTSkyEdge_tnt04b_9594_1_terrain_1_1|9594|1|2|510|1629|528.0|-2976.0|384.0|-2880.0|455.7226499018874|-2928.416025147169|-308.5|-200.0|-417.0|QROCK3|XA11TEX|1.0|1.0|0.0|0.0|8|gravel|-|SG001664|-|551|1|1|1629|XA11TEX|-|1.0|1.0|0.0|0.0|0.0|QROCK3X8|-|1.0|1.0|128.33126292|448.0|-512.0|-512.0|-200.0|-417.0|384.0|384.0|384.0|384.0
UTNTSkyEdge_tnt04b_9595_1_terrain_1_0|9595|1|2|510|1628|624.0|-3024.0|528.0|-2976.0|576.22360679775|-2999.5527864045002|-200.0|-200.0|-200.0|QROCK3|QROCK3X8|1.0|1.0|21.0|200.0|8|rock|-|SG001424|-|427|1|0|1628|XA11TEX|-|1.0|1.0|0.0|0.0|0.0|QROCK3X8|-|1.0|1.0|21.0|200.0|-512.0|-512.0|-200.0|-200.0|384.0|384.0|384.0|384.0
UTNTSkyEdge_tnt04b_9595_1_terrain_1_1|9595|1|2|510|1628|624.0|-3024.0|528.0|-2976.0|575.77639320225|-3000.4472135954998|-200.0|-200.0|-200.0|QROCK3|XA11TEX|1.0|1.0|0.0|0.0|8|gravel|-|SG001663|-|550|1|1|1628|XA11TEX|-|1.0|1.0|0.0|0.0|0.0|QROCK3X8|-|1.0|1.0|21.0|200.0|-512.0|-512.0|-200.0|-200.0|384.0|384.0|384.0|384.0
UTNTSkyEdge_tnt04b_9596_1_terrain_1_0|9596|1|2|510|1627|720.0|-2928.0|624.0|-3024.0|671.6464466094068|-2975.6464466094067|-332.0|-464.0|-200.0|QROCK3|QROCK3X8|1.0|1.0|334.066461222|208.0|7.68|rock|-|SG001424|-|427|1|0|1627|XA11TEX|-|1.0|1.0|0.0|0.0|0.0|QROCK3X8|-|1.0|1.0|334.066461222|208.0|-512.0|-512.0|-464.0|-200.0|384.0|384.0|384.0|384.0
UTNTSkyEdge_tnt04b_9596_1_terrain_1_1|9596|1|2|510|1627|720.0|-2928.0|624.0|-3024.0|672.3535533905932|-2976.3535533905933|-332.0|-464.0|-200.0|QROCK3|XA11TEX|1.0|1.0|0.0|0.0|7.68|gravel|-|SG001665|-|552|1|1|1627|XA11TEX|-|1.0|1.0|0.0|0.0|0.0|QROCK3X8|-|1.0|1.0|334.066461222|208.0|-512.0|-512.0|-464.0|-200.0|384.0|384.0|384.0|384.0
UTNTSkyEdge_tnt04b_9597_1_terrain_1_0|9597|1|2|510|1627|864.0|-3024.0|720.0|-2928.0|792.2773500981126|-2975.583974852831|-464.0|-464.0|-464.0|QROCK3|QROCK3X8|1.0|1.0|161.0|208.0|7.68|rock|-|SG001424|-|427|1|0|1627|XA11TEX|-|1.0|1.0|0.0|0.0|0.0|QROCK3X8|-|1.0|1.0|161.0|208.0|-512.0|-512.0|-464.0|-464.0|384.0|384.0|384.0|384.0
UTNTSkyEdge_tnt04b_9597_1_terrain_1_1|9597|1|2|510|1627|864.0|-3024.0|720.0|-2928.0|791.7226499018874|-2976.416025147169|-464.0|-464.0|-464.0|QROCK3|XA11TEX|1.0|1.0|0.0|0.0|7.68|gravel|-|SG001665|-|552|1|1|1627|XA11TEX|-|1.0|1.0|0.0|0.0|0.0|QROCK3X8|-|1.0|1.0|161.0|208.0|-512.0|-512.0|-464.0|-464.0|384.0|384.0|384.0|384.0
UTNTSkyEdge_tnt04b_9598_1_terrain_1_0|9598|1|2|510|1627|864.0|-3072.0|864.0|-3024.0|864.5|-3048.0|-424.4|-384.8|-464.0|QROCK3|QROCK3X8|1.0|1.0|113.0|208.0|7.68|rock|-|SG001424|-|427|1|0|1627|XA11TEX|-|1.0|1.0|0.0|0.0|0.0|QROCK3X8|-|1.0|1.0|113.0|208.0|-512.0|-512.0|-384.8|-464.0|384.0|384.0|384.0|384.0
UTNTSkyEdge_tnt04b_9598_1_terrain_1_1|9598|1|2|510|1627|864.0|-3072.0|864.0|-3024.0|863.5|-3048.0|-424.4|-384.8|-464.0|QROCK3|XA11TEX|1.0|1.0|0.0|0.0|7.68|gravel|-|SG001665|-|552|1|1|1627|XA11TEX|-|1.0|1.0|0.0|0.0|0.0|QROCK3X8|-|1.0|1.0|113.0|208.0|-512.0|-512.0|-384.8|-464.0|384.0|384.0|384.0|384.0
UTNTSkyEdge_tnt04b_9599_1_terrain_1_0|9599|1|2|510|1627|864.0|-3168.0|864.0|-3072.0|864.5|-3120.0|-305.6|-226.4|-384.8|QROCK3|QROCK3X8|1.0|1.0|17.0|208.0|8|rock|-|SG001424|-|427|1|0|1627|XA11TEX|-|1.0|1.0|0.0|0.0|0.0|QROCK3X8|-|1.0|1.0|17.0|208.0|-512.0|-512.0|-226.4|-384.8|384.0|384.0|384.0|384.0
UTNTSkyEdge_tnt04b_9599_1_terrain_1_1|9599|1|2|510|1627|864.0|-3168.0|864.0|-3072.0|863.5|-3120.0|-305.6|-226.4|-384.8|QROCK3|XA11TEX|1.0|1.0|0.0|0.0|8|gravel|-|SG001665|-|552|1|1|1627|XA11TEX|-|1.0|1.0|0.0|0.0|0.0|QROCK3X8|-|1.0|1.0|17.0|208.0|-512.0|-512.0|-226.4|-384.8|384.0|384.0|384.0|384.0
UTNTSkyEdge_tnt04b_9600_1_terrain_1_0|9600|1|2|510|1626|864.0|-3232.0|864.0|-3168.0|864.5|-3200.0|-427.3333333333333|-448.0|-406.6666666666667|QROCK3|QROCK3X8|1.0|1.0|593.390661707|320.0|8|rock|-|SG001424|-|427|1|0|1626|XA11TEX|-|1.0|1.0|0.0|0.0|0.0|QROCK3X8|-|1.0|1.0|593.390661707|320.0|-512.0|-512.0|-448.0|-406.6666666666667|384.0|384.0|384.0|384.0
UTNTSkyEdge_tnt04b_9600_1_terrain_1_1|9600|1|2|510|1626|864.0|-3232.0|864.0|-3168.0|863.5|-3200.0|-427.3333333333333|-448.0|-406.6666666666667|QROCK3|XA11TEX|1.0|1.0|0.0|0.0|8|gravel|-|SG001662|-|549|1|1|1626|XA11TEX|-|1.0|1.0|0.0|0.0|0.0|QROCK3X8|-|1.0|1.0|593.390661707|320.0|-512.0|-512.0|-448.0|-406.6666666666667|384.0|384.0|384.0|384.0
UTNTSkyEdge_tnt04b_9601_1_terrain_1_0|9601|1|2|1626|1627|768.0|-3120.0|864.0|-3168.0|815.77639320225|-3144.4472135954998|-213.2|-200.0|-226.4|QROCK3|QROCK3X8|1.0|1.0|0.0|336.0|8|rock|-|SG001666|-|549|1|0|1627|XA11TEX|-|1.0|1.0|0.0|0.0|0.0|QROCK3X8|-|1.0|1.0|0.0|336.0|-272.3333333333333|-406.6666666666667|-200.0|-226.4|384.0|384.0|384.0|384.0
UTNTSkyEdge_tnt04b_9601_1_terrain_1_1|9601|1|2|1626|1627|768.0|-3120.0|864.0|-3168.0|816.22360679775|-3143.5527864045002|-213.2|-200.0|-226.4|QROCK3|XA11TEX|1.0|1.0|0.0|0.0|8|gravel|-|SG001665|-|552|1|1|1627|XA11TEX|-|1.0|1.0|0.0|0.0|0.0|QROCK3X8|-|1.0|1.0|0.0|336.0|-272.3333333333333|-406.6666666666667|-200.0|-226.4|384.0|384.0|384.0|384.0
UTNTSkyEdge_tnt04b_9601_1_terrain_2_1|9601|1|2|1626|1626|768.0|-3120.0|864.0|-3168.0|815.77639320225|-3144.4472135954998|-339.5|-272.3333333333333|-406.6666666666667|QROCK3|XA11TEX|1.0|1.0|0.0|0.0|14|gravel|-|SG001667|-|549|2|1|1626|XA11TEX|-|1.0|1.0|0.0|0.0|0.0|QROCK3X8|-|1.0|1.0|0.0|336.0|-272.3333333333333|-406.6666666666667|-200.0|-226.4|384.0|384.0|384.0|384.0
UTNTSkyEdge_tnt04b_9606_0_terrain_1_0|9606|0|2|1628|1629|288.0|-3200.0|288.0|-3168.0|288.5|-3184.0|-86.33333333333333|-65.66666666666667|-107.0|QROCK3|QROCK3X8|1.0|1.0|0.0|448.0|8|rock|-|SG001668|-|550|1|0|1629|XA11TEX|-|1.0|1.0|0.0|0.0|0.0|QROCK3X8|-|1.0|1.0|0.0|448.0|-200.0|-200.0|-65.66666666666667|-107.0|384.0|384.0|384.0|384.0
UTNTSkyEdge_tnt04b_9606_0_terrain_1_1|9606|0|2|1628|1629|288.0|-3200.0|288.0|-3168.0|287.5|-3184.0|-86.33333333333333|-65.66666666666667|-107.0|QROCK3|XA11TEX|1.0|1.0|0.0|0.0|8|gravel|-|SG001664|-|551|1|1|1629|XA11TEX|-|1.0|1.0|0.0|0.0|0.0|QROCK3X8|-|1.0|1.0|0.0|448.0|-200.0|-200.0|-65.66666666666667|-107.0|384.0|384.0|384.0|384.0
UTNTSkyEdge_tnt04b_9614_1_terrain_1_0|9614|1|2|1628|1630|480.0|-3264.0|544.0|-3264.0|512.0|-3264.5|45.0|80.0|10.0|QROCK3|QROCK3X8|1.0|1.0|128.0|304.0|14|rock|-|SG001668|-|550|1|0|1630|QROCK3X8|-|1.0|1.0|0.0|0.0|0.0|QROCK3X8|-|1.0|1.0|128.0|304.0|-200.0|-200.0|80.0|10.0|384.0|384.0|384.0|384.0
UTNTSkyEdge_tnt04b_9614_1_terrain_1_1|9614|1|2|1628|1630|480.0|-3264.0|544.0|-3264.0|512.0|-3263.5|45.0|80.0|10.0|QROCK3|QROCK3X8|1.0|1.0|0.0|0.0|14|rock|-|SG001669|-|553|1|1|1630|QROCK3X8|-|1.0|1.0|0.0|0.0|0.0|QROCK3X8|-|1.0|1.0|128.0|304.0|-200.0|-200.0|80.0|10.0|384.0|384.0|384.0|384.0
UTNTSkyEdge_tnt04b_13590_1_terrain_1_0|13590|1|2|2228|2231|256.0|-7232.0|192.0|-7296.0|223.64644660940672|-7263.646446609407|53.666666666666664|51.333333333333336|56.0|QROCK3|QROCK3X8|1.0|1.0|571.23305178|1096.0|8|rock|-|SG001670|-|554|1|0|2231|XA11TEX|-|1.0|1.0|0.0|0.0|0.0|QROCK3X8|-|1.0|1.0|571.23305178|1096.0|0.0|0.0|51.333333333333336|56.0|1152.0|1152.0|1152.0|1152.0
UTNTSkyEdge_tnt04b_13590_1_terrain_1_1|13590|1|2|2228|2231|256.0|-7232.0|192.0|-7296.0|224.35355339059328|-7264.353553390593|53.666666666666664|51.333333333333336|56.0|QROCK3|XA11TEX|1.0|1.0|0.0|0.0|8|gravel|-|SG001671|-|555|1|1|2231|XA11TEX|-|1.0|1.0|0.0|0.0|0.0|QROCK3X8|-|1.0|1.0|571.23305178|1096.0|0.0|0.0|51.333333333333336|56.0|1152.0|1152.0|1152.0|1152.0
UTNTSkyEdge_tnt04b_13591_1_terrain_1_0|13591|1|2|2228|2231|352.0|-7264.0|256.0|-7232.0|304.1581138830084|-7247.5256583509745|43.166666666666664|35.0|51.333333333333336|QROCK3|QROCK3X8|1.0|1.0|470.040166655|1096.0|5.6000000000000005|rock|-|SG001670|-|554|1|0|2231|XA11TEX|-|1.0|1.0|0.0|0.0|0.0|QROCK3X8|-|1.0|1.0|470.040166655|1096.0|0.0|0.0|35.0|51.333333333333336|1152.0|1152.0|1152.0|1152.0
UTNTSkyEdge_tnt04b_13591_1_terrain_1_1|13591|1|2|2228|2231|352.0|-7264.0|256.0|-7232.0|303.8418861169916|-7248.4743416490255|43.166666666666664|35.0|51.333333333333336|QROCK3|XA11TEX|1.0|1.0|0.0|0.0|5.6000000000000005|gravel|-|SG001671|-|555|1|1|2231|XA11TEX|-|1.0|1.0|0.0|0.0|0.0|QROCK3X8|-|1.0|1.0|470.040166655|1096.0|0.0|0.0|35.0|51.333333333333336|1152.0|1152.0|1152.0|1152.0
UTNTSkyEdge_tnt04b_13592_1_terrain_1_0|13592|1|2|2228|2231|384.0|-7328.0|352.0|-7264.0|368.44721359549993|-7295.77639320225|30.333333333333332|25.666666666666668|35.0|QROCK3|QROCK3X8|1.0|1.0|398.485991375|1096.0|4.106666666666667|rock|-|SG001670|-|554|1|0|2231|XA11TEX|-|1.0|1.0|0.0|0.0|0.0|QROCK3X8|-|1.0|1.0|398.485991375|1096.0|0.0|0.0|25.666666666666668|35.0|1152.0|1152.0|1152.0|1152.0
UTNTSkyEdge_tnt04b_13592_1_terrain_1_1|13592|1|2|2228|2231|384.0|-7328.0|352.0|-7264.0|367.55278640450007|-7296.22360679775|30.333333333333332|25.666666666666668|35.0|QROCK3|XA11TEX|1.0|1.0|0.0|0.0|4.106666666666667|gravel|-|SG001671|-|555|1|1|2231|XA11TEX|-|1.0|1.0|0.0|0.0|0.0|QROCK3X8|-|1.0|1.0|398.485991375|1096.0|0.0|0.0|25.666666666666668|35.0|1152.0|1152.0|1152.0|1152.0
UTNTSkyEdge_tnt04b_13597_0_terrain_1_0|13597|0|2|2228|2229|640.0|-6784.0|608.0|-6848.0|623.5527864045|-6815.77639320225|29.333333333333332|42.666666666666664|16.0|QROCK3|QROCK3X8|1.0|1.0|86.0|1088.0|2.56|rock|-|SG001670|-|554|1|0|2229|XA11TEX|-|1.0|1.0|0.0|0.0|0.0|QROCK3X8|-|1.0|1.0|86.0|1088.0|0.0|0.0|42.666666666666664|16.0|1152.0|1152.0|1152.0|1152.0
UTNTSkyEdge_tnt04b_13597_0_terrain_1_1|13597|0|2|2228|2229|640.0|-6784.0|608.0|-6848.0|624.4472135955|-6816.22360679775|29.333333333333332|42.666666666666664|16.0|QROCK3|XA11TEX|1.0|1.0|0.0|0.0|2.56|gravel|-|SG001672|-|556|1|1|2229|XA11TEX|-|1.0|1.0|0.0|0.0|0.0|QROCK3X8|-|1.0|1.0|86.0|1088.0|0.0|0.0|42.666666666666664|16.0|1152.0|1152.0|1152.0|1152.0
UTNTSkyEdge_tnt04b_13648_0_terrain_1_0|13648|0|2|2323|2324|1856.0|-6400.0|1856.0|-6464.0|1855.5|-6432.0|144.0|144.0|144.0|QROCK3|QROCK3X8|1.0|1.0|0.0|112.0|8|rock|-|SG001673|-|557|1|0|2324|XA11TEX|-|1.0|1.0|0.0|0.0|0.0|QROCK3X8|-|1.0|1.0|0.0|112.0|16.0|16.0|144.0|144.0|1152.0|1152.0|1152.0|1152.0
UTNTSkyEdge_tnt04b_13648_0_terrain_1_1|13648|0|2|2323|2324|1856.0|-6400.0|1856.0|-6464.0|1856.5|-6432.0|144.0|144.0|144.0|QROCK3|XA11TEX|1.0|1.0|0.0|0.0|8|gravel|-|SG001674|-|558|1|1|2324|XA11TEX|-|1.0|1.0|0.0|0.0|0.0|QROCK3X8|-|1.0|1.0|0.0|112.0|16.0|16.0|144.0|144.0|1152.0|1152.0|1152.0|1152.0
UTNTSkyEdge_tnt04b_13649_0_terrain_1_0|13649|0|2|2323|2324|1856.0|-6464.0|1952.0|-6528.0|1903.7226499018873|-6496.4160251471685|144.0|144.0|144.0|QROCK3|QROCK3X8|1.0|1.0|64.0|112.0|8|rock|-|SG001673|-|557|1|0|2324|XA11TEX|-|1.0|1.0|0.0|0.0|0.0|QROCK3X8|-|1.0|1.0|64.0|112.0|16.0|16.0|144.0|144.0|1152.0|1152.0|1152.0|1152.0
UTNTSkyEdge_tnt04b_13649_0_terrain_1_1|13649|0|2|2323|2324|1856.0|-6464.0|1952.0|-6528.0|1904.2773500981127|-6495.5839748528315|144.0|144.0|144.0|QROCK3|XA11TEX|1.0|1.0|0.0|0.0|8|gravel|-|SG001674|-|558|1|1|2324|XA11TEX|-|1.0|1.0|0.0|0.0|0.0|QROCK3X8|-|1.0|1.0|64.0|112.0|16.0|16.0|144.0|144.0|1152.0|1152.0|1152.0|1152.0
UTNTSkyEdge_tnt04b_13650_0_terrain_1_0|13650|0|2|2323|2324|1952.0|-6528.0|2016.0|-6496.0|1984.2236067977499|-6512.4472135955|144.0|144.0|144.0|QROCK3|QROCK3X8|1.0|1.0|179.377640815|112.0|8|rock|-|SG001673|-|557|1|0|2324|XA11TEX|-|1.0|1.0|0.0|0.0|0.0|QROCK3X8|-|1.0|1.0|179.377640815|112.0|16.0|16.0|144.0|144.0|1152.0|1152.0|1152.0|1152.0
UTNTSkyEdge_tnt04b_13650_0_terrain_1_1|13650|0|2|2323|2324|1952.0|-6528.0|2016.0|-6496.0|1983.7763932022501|-6511.5527864045|144.0|144.0|144.0|QROCK3|XA11TEX|1.0|1.0|0.0|0.0|8|gravel|-|SG001674|-|558|1|1|2324|XA11TEX|-|1.0|1.0|0.0|0.0|0.0|QROCK3X8|-|1.0|1.0|179.377640815|112.0|16.0|16.0|144.0|144.0|1152.0|1152.0|1152.0|1152.0
UTNTSkyEdge_tnt04b_13651_0_terrain_1_0|13651|0|2|2323|2325|2016.0|-6496.0|2112.0|-6528.0|2063.8418861169916|-6512.4743416490255|96.0|96.0|96.0|QROCK3|QROCK3X8|1.0|1.0|0.0|32.0|8|rock|-|SG001673|-|557|1|0|2325|XA11TEX|-|1.0|1.0|0.0|0.0|0.0|QROCK3X8|-|1.0|1.0|0.0|32.0|16.0|16.0|96.0|96.0|1152.0|1152.0|1152.0|1152.0
UTNTSkyEdge_tnt04b_13651_0_terrain_1_1|13651|0|2|2323|2325|2016.0|-6496.0|2112.0|-6528.0|2064.1581138830084|-6511.5256583509745|96.0|96.0|96.0|QROCK3|XA11TEX|1.0|1.0|0.0|0.0|8|gravel|-|SG001675|-|559|1|1|2325|XA11TEX|-|1.0|1.0|0.0|0.0|0.0|QROCK3X8|-|1.0|1.0|0.0|32.0|16.0|16.0|96.0|96.0|1152.0|1152.0|1152.0|1152.0
UTNTSkyEdge_tnt04b_13652_0_terrain_1_0|13652|0|2|2323|2325|2112.0|-6528.0|2272.0|-6464.0|2192.185695338177|-6496.464238345443|96.0|96.0|96.0|QROCK3|QROCK3X8|1.0|1.0|101.192885125|32.0|8|rock|-|SG001673|-|557|1|0|2325|XA11TEX|-|1.0|1.0|0.0|0.0|0.0|QROCK3X8|-|1.0|1.0|101.192885125|32.0|16.0|16.0|96.0|96.0|1152.0|1152.0|1152.0|1152.0
UTNTSkyEdge_tnt04b_13652_0_terrain_1_1|13652|0|2|2323|2325|2112.0|-6528.0|2272.0|-6464.0|2191.814304661823|-6495.535761654557|96.0|96.0|96.0|QROCK3|XA11TEX|1.0|1.0|0.0|0.0|8|gravel|-|SG001675|-|559|1|1|2325|XA11TEX|-|1.0|1.0|0.0|0.0|0.0|QROCK3X8|-|1.0|1.0|101.192885125|32.0|16.0|16.0|96.0|96.0|1152.0|1152.0|1152.0|1152.0
UTNTSkyEdge_tnt04b_13653_0_terrain_1_0|13653|0|2|2325|2324|2016.0|-6496.0|2048.0|-6432.0|2032.4472135955|-6464.22360679775|144.0|144.0|144.0|QROCK3|QROCK3X8|1.0|1.0|0.0|112.0|7.68|rock|-|SG001676|-|559|1|0|2324|XA11TEX|-|1.0|1.0|0.0|0.0|0.0|QROCK3X8|-|1.0|1.0|0.0|112.0|96.0|96.0|144.0|144.0|1152.0|1152.0|1152.0|1152.0
UTNTSkyEdge_tnt04b_13653_0_terrain_1_1|13653|0|2|2325|2324|2016.0|-6496.0|2048.0|-6432.0|2031.5527864045|-6463.77639320225|144.0|144.0|144.0|QROCK3|XA11TEX|1.0|1.0|0.0|0.0|7.68|gravel|-|SG001674|-|558|1|1|2324|XA11TEX|-|1.0|1.0|0.0|0.0|0.0|QROCK3X8|-|1.0|1.0|0.0|112.0|96.0|96.0|144.0|144.0|1152.0|1152.0|1152.0|1152.0
UTNTSkyEdge_tnt04b_13654_0_terrain_1_0|13654|0|2|2325|2324|2048.0|-6432.0|2048.0|-6400.0|2048.5|-6416.0|144.0|144.0|144.0|QROCK3|QROCK3X8|1.0|1.0|71.55417528|112.0|7.68|rock|-|SG001676|-|559|1|0|2324|XA11TEX|-|1.0|1.0|0.0|0.0|0.0|QROCK3X8|-|1.0|1.0|71.55417528|112.0|96.0|96.0|144.0|144.0|1152.0|1152.0|1152.0|1152.0
UTNTSkyEdge_tnt04b_13654_0_terrain_1_1|13654|0|2|2325|2324|2048.0|-6432.0|2048.0|-6400.0|2047.5|-6416.0|144.0|144.0|144.0|QROCK3|XA11TEX|1.0|1.0|0.0|0.0|7.68|gravel|-|SG001674|-|558|1|1|2324|XA11TEX|-|1.0|1.0|0.0|0.0|0.0|QROCK3X8|-|1.0|1.0|71.55417528|112.0|96.0|96.0|144.0|144.0|1152.0|1152.0|1152.0|1152.0
UTNTSkyEdge_tnt04b_13655_0_terrain_1_0|13655|0|2|2325|2324|2048.0|-6400.0|2016.0|-6336.0|2032.4472135955|-6367.77639320225|144.0|144.0|144.0|QROCK3|QROCK3X8|1.0|1.0|103.55417528|112.0|7.68|rock|-|SG001676|-|559|1|0|2324|XA11TEX|-|1.0|1.0|0.0|0.0|0.0|QROCK3X8|-|1.0|1.0|103.55417528|112.0|96.0|96.0|144.0|144.0|1152.0|1152.0|1152.0|1152.0
UTNTSkyEdge_tnt04b_13655_0_terrain_1_1|13655|0|2|2325|2324|2048.0|-6400.0|2016.0|-6336.0|2031.5527864045|-6368.22360679775|144.0|144.0|144.0|QROCK3|XA11TEX|1.0|1.0|0.0|0.0|7.68|gravel|-|SG001674|-|558|1|1|2324|XA11TEX|-|1.0|1.0|0.0|0.0|0.0|QROCK3X8|-|1.0|1.0|103.55417528|112.0|96.0|96.0|144.0|144.0|1152.0|1152.0|1152.0|1152.0
UTNTSkyEdge_tnt04b_13656_1_terrain_1_0|13656|1|2|2329|2328|2080.0|-6752.0|1984.0|-6816.0|2031.7226499018873|-6783.5839748528315|120.0|120.0|120.0|QROCK3|QROCK3X8|1.0|1.0|0.0|8.0|5.12|rock|-|SG001677|-|560|1|0|2328|XA11TEX|-|1.0|1.0|0.0|0.0|0.0|QROCK3X8|-|1.0|1.0|0.0|8.0|88.0|88.0|120.0|120.0|1152.0|1152.0|1152.0|1152.0
UTNTSkyEdge_tnt04b_13656_1_terrain_1_1|13656|1|2|2329|2328|2080.0|-6752.0|1984.0|-6816.0|2032.2773500981127|-6784.4160251471685|120.0|120.0|120.0|QROCK3|XA11TEX|1.0|1.0|0.0|0.0|5.12|gravel|-|SG001678|-|561|1|1|2328|XA11TEX|-|1.0|1.0|0.0|0.0|0.0|QROCK3X8|-|1.0|1.0|0.0|8.0|88.0|88.0|120.0|120.0|1152.0|1152.0|1152.0|1152.0
UTNTSkyEdge_tnt04b_13657_1_terrain_1_0|13657|1|2|2330|2328|2176.0|-6752.0|2080.0|-6752.0|2128.0|-6751.5|120.0|120.0|120.0|QROCK3|QROCK3X8|1.0|1.0|0.0|8.0|8|rock|-|SG001679|-|562|1|0|2328|XA11TEX|-|1.0|1.0|0.0|0.0|0.0|QROCK3X8|-|1.0|1.0|0.0|8.0|16.0|52.0|120.0|120.0|1152.0|1152.0|1152.0|1152.0
UTNTSkyEdge_tnt04b_13657_1_terrain_1_1|13657|1|2|2330|2328|2176.0|-6752.0|2080.0|-6752.0|2128.0|-6752.5|120.0|120.0|120.0|QROCK3|XA11TEX|1.0|1.0|0.0|0.0|8|gravel|-|SG001678|-|561|1|1|2328|XA11TEX|-|1.0|1.0|0.0|0.0|0.0|QROCK3X8|-|1.0|1.0|0.0|8.0|16.0|52.0|120.0|120.0|1152.0|1152.0|1152.0|1152.0
UTNTSkyEdge_tnt04b_13658_1_terrain_1_0|13658|1|2|2323|2328|2240.0|-6784.0|2176.0|-6752.0|2208.22360679775|-6767.5527864045|120.0|120.0|120.0|QROCK3|QROCK3X8|1.0|1.0|90.509667992|8.0|8|rock|-|SG001673|-|557|1|0|2328|XA11TEX|-|1.0|1.0|0.0|0.0|0.0|QROCK3X8|-|1.0|1.0|90.509667992|8.0|16.0|16.0|120.0|120.0|1152.0|1152.0|1152.0|1152.0
UTNTSkyEdge_tnt04b_13658_1_terrain_1_1|13658|1|2|2323|2328|2240.0|-6784.0|2176.0|-6752.0|2207.77639320225|-6768.4472135955|120.0|120.0|120.0|QROCK3|XA11TEX|1.0|1.0|0.0|0.0|8|gravel|-|SG001678|-|561|1|1|2328|XA11TEX|-|1.0|1.0|0.0|0.0|0.0|QROCK3X8|-|1.0|1.0|90.509667992|8.0|16.0|16.0|120.0|120.0|1152.0|1152.0|1152.0|1152.0
UTNTSkyEdge_tnt04b_13659_1_terrain_1_0|13659|1|2|2323|2328|2304.0|-6848.0|2240.0|-6784.0|2272.3535533905933|-6815.646446609407|120.0|120.0|120.0|QROCK3|QROCK3X8|1.0|1.0|0.0|8.0|8|rock|-|SG001673|-|557|1|0|2328|XA11TEX|-|1.0|1.0|0.0|0.0|0.0|QROCK3X8|-|1.0|1.0|0.0|8.0|16.0|16.0|120.0|120.0|1152.0|1152.0|1152.0|1152.0
UTNTSkyEdge_tnt04b_13659_1_terrain_1_1|13659|1|2|2323|2328|2304.0|-6848.0|2240.0|-6784.0|2271.6464466094067|-6816.353553390593|120.0|120.0|120.0|QROCK3|XA11TEX|1.0|1.0|0.0|0.0|8|gravel|-|SG001678|-|561|1|1|2328|XA11TEX|-|1.0|1.0|0.0|0.0|0.0|QROCK3X8|-|1.0|1.0|0.0|8.0|16.0|16.0|120.0|120.0|1152.0|1152.0|1152.0|1152.0
UTNTSkyEdge_tnt04b_13660_0_terrain_1_0|13660|0|2|2330|2329|2080.0|-6752.0|1984.0|-6688.0|2032.2773500981127|-6719.5839748528315|88.0|88.0|88.0|QROCK3|QROCK3X8|1.0|1.0|0.0|40.0|3.84|rock|-|SG001679|-|562|1|0|2329|XA11TEX|-|1.0|1.0|0.0|0.0|0.0|QROCK3X8|-|1.0|1.0|0.0|40.0|52.0|64.0|88.0|88.0|1152.0|1152.0|1152.0|1152.0
UTNTSkyEdge_tnt04b_13660_0_terrain_1_1|13660|0|2|2330|2329|2080.0|-6752.0|1984.0|-6688.0|2031.7226499018873|-6720.4160251471685|88.0|88.0|88.0|QROCK3|XA11TEX|1.0|1.0|0.0|0.0|3.84|gravel|-|SG001680|-|560|1|1|2329|XA11TEX|-|1.0|1.0|0.0|0.0|0.0|QROCK3X8|-|1.0|1.0|0.0|40.0|52.0|64.0|88.0|88.0|1152.0|1152.0|1152.0|1152.0
UTNTSkyEdge_tnt04b_13661_0_terrain_1_0|13661|0|2|2323|2329|1984.0|-6688.0|1920.0|-6720.0|1951.7763932022501|-6703.5527864045|88.0|88.0|88.0|QROCK3|QROCK3X8|1.0|1.0|0.0|40.0|8|rock|-|SG001673|-|557|1|0|2329|XA11TEX|-|1.0|1.0|0.0|0.0|0.0|QROCK3X8|-|1.0|1.0|0.0|40.0|16.0|16.0|88.0|88.0|1152.0|1152.0|1152.0|1152.0
UTNTSkyEdge_tnt04b_13661_0_terrain_1_1|13661|0|2|2323|2329|1984.0|-6688.0|1920.0|-6720.0|1952.2236067977499|-6704.4472135955|88.0|88.0|88.0|QROCK3|XA11TEX|1.0|1.0|0.0|0.0|8|gravel|-|SG001680|-|560|1|1|2329|XA11TEX|-|1.0|1.0|0.0|0.0|0.0|QROCK3X8|-|1.0|1.0|0.0|40.0|16.0|16.0|88.0|88.0|1152.0|1152.0|1152.0|1152.0
UTNTSkyEdge_tnt04b_13662_0_terrain_1_0|13662|0|2|2323|2329|1920.0|-6720.0|1888.0|-6816.0|1903.5256583509747|-6767.841886116991|88.0|88.0|88.0|QROCK3|QROCK3X8|1.0|1.0|71.55417528|40.0|8|rock|-|SG001673|-|557|1|0|2329|XA11TEX|-|1.0|1.0|0.0|0.0|0.0|QROCK3X8|-|1.0|1.0|71.55417528|40.0|16.0|16.0|88.0|88.0|1152.0|1152.0|1152.0|1152.0
UTNTSkyEdge_tnt04b_13662_0_terrain_1_1|13662|0|2|2323|2329|1920.0|-6720.0|1888.0|-6816.0|1904.4743416490253|-6768.158113883009|88.0|88.0|88.0|QROCK3|XA11TEX|1.0|1.0|0.0|0.0|8|gravel|-|SG001680|-|560|1|1|2329|XA11TEX|-|1.0|1.0|0.0|0.0|0.0|QROCK3X8|-|1.0|1.0|71.55417528|40.0|16.0|16.0|88.0|88.0|1152.0|1152.0|1152.0|1152.0
UTNTSkyEdge_tnt04b_13662_0_terrain_2_1|13662|0|2|2323|2323|1920.0|-6720.0|1888.0|-6816.0|1903.5256583509747|-6767.841886116991|16.0|16.0|16.0|QROCK3|XA11TEX|1.0|1.0|0.0|0.0|14|gravel|-|SG001681|-|557|2|1|2323|XA11TEX|-|1.0|1.0|0.0|0.0|0.0|QROCK3X8|-|1.0|1.0|71.55417528|40.0|16.0|16.0|88.0|88.0|1152.0|1152.0|1152.0|1152.0
UTNTSkyEdge_tnt04b_13665_0_terrain_1_0|13665|0|2|2323|2326|2432.0|-6528.0|2432.0|-6624.0|2431.5|-6576.0|176.0|176.0|176.0|QROCK3|QROCK3X8|1.0|1.0|0.0|80.0|8|rock|-|SG001673|-|557|1|0|2326|XA11TEX|-|1.0|1.0|0.0|0.0|0.0|QROCK3X8|-|1.0|1.0|0.0|80.0|16.0|16.0|176.0|176.0|1152.0|1152.0|1152.0|1152.0
UTNTSkyEdge_tnt04b_13665_0_terrain_1_1|13665|0|2|2323|2326|2432.0|-6528.0|2432.0|-6624.0|2432.5|-6576.0|176.0|176.0|176.0|QROCK3|XA11TEX|1.0|1.0|0.0|0.0|8|gravel|-|SG001682|-|563|1|1|2326|XA11TEX|-|1.0|1.0|0.0|0.0|0.0|QROCK3X8|-|1.0|1.0|0.0|80.0|16.0|16.0|176.0|176.0|1152.0|1152.0|1152.0|1152.0
UTNTSkyEdge_tnt04b_13665_0_terrain_2_1|13665|0|2|2323|2323|2432.0|-6528.0|2432.0|-6624.0|2431.5|-6576.0|16.0|16.0|16.0|QROCK3|XA11TEX|1.0|1.0|0.0|0.0|14|gravel|-|SG001683|-|557|2|1|2323|XA11TEX|-|1.0|1.0|0.0|0.0|0.0|QROCK3X8|-|1.0|1.0|0.0|80.0|16.0|16.0|176.0|176.0|1152.0|1152.0|1152.0|1152.0
UTNTSkyEdge_tnt04b_13666_0_terrain_1_0|13666|0|2|2323|2326|2432.0|-6624.0|2528.0|-6688.0|2479.7226499018875|-6656.4160251471685|176.0|176.0|176.0|QROCK3|QROCK3X8|1.0|1.0|96.0|80.0|8|rock|-|SG001673|-|557|1|0|2326|XA11TEX|-|1.0|1.0|0.0|0.0|0.0|QROCK3X8|-|1.0|1.0|96.0|80.0|16.0|16.0|176.0|176.0|1152.0|1152.0|1152.0|1152.0
UTNTSkyEdge_tnt04b_13666_0_terrain_1_1|13666|0|2|2323|2326|2432.0|-6624.0|2528.0|-6688.0|2480.2773500981125|-6655.5839748528315|176.0|176.0|176.0|QROCK3|XA11TEX|1.0|1.0|0.0|0.0|8|gravel|-|SG001682|-|563|1|1|2326|XA11TEX|-|1.0|1.0|0.0|0.0|0.0|QROCK3X8|-|1.0|1.0|96.0|80.0|16.0|16.0|176.0|176.0|1152.0|1152.0|1152.0|1152.0
UTNTSkyEdge_tnt04b_13666_0_terrain_2_1|13666|0|2|2323|2323|2432.0|-6624.0|2528.0|-6688.0|2479.7226499018875|-6656.4160251471685|16.0|16.0|16.0|QROCK3|XA11TEX|1.0|1.0|0.0|0.0|14|gravel|-|SG001684|-|557|2|1|2323|XA11TEX|-|1.0|1.0|0.0|0.0|0.0|QROCK3X8|-|1.0|1.0|96.0|80.0|16.0|16.0|176.0|176.0|1152.0|1152.0|1152.0|1152.0
UTNTSkyEdge_tnt04b_13667_0_terrain_1_0|13667|0|2|2323|2327|2528.0|-6688.0|2528.0|-6752.0|2527.5|-6720.0|80.0|80.0|80.0|QROCK3|QROCK3X8|1.0|1.0|0.0|48.0|8|rock|-|SG001673|-|557|1|0|2327|XA11TEX|-|1.0|1.0|0.0|0.0|0.0|QROCK3X8|-|1.0|1.0|0.0|48.0|16.0|16.0|80.0|80.0|1152.0|1152.0|1152.0|1152.0
UTNTSkyEdge_tnt04b_13667_0_terrain_1_1|13667|0|2|2323|2327|2528.0|-6688.0|2528.0|-6752.0|2528.5|-6720.0|80.0|80.0|80.0|QROCK3|XA11TEX|1.0|1.0|0.0|0.0|8|gravel|-|SG001685|-|564|1|1|2327|XA11TEX|-|1.0|1.0|0.0|0.0|0.0|QROCK3X8|-|1.0|1.0|0.0|48.0|16.0|16.0|80.0|80.0|1152.0|1152.0|1152.0|1152.0
UTNTSkyEdge_tnt04b_13668_0_terrain_1_0|13668|0|2|2323|2327|2528.0|-6752.0|2592.0|-6784.0|2559.77639320225|-6768.4472135955|80.0|80.0|80.0|QROCK3|QROCK3X8|1.0|1.0|64.0|48.0|8|rock|-|SG001673|-|557|1|0|2327|XA11TEX|-|1.0|1.0|0.0|0.0|0.0|QROCK3X8|-|1.0|1.0|64.0|48.0|16.0|16.0|80.0|80.0|1152.0|1152.0|1152.0|1152.0
UTNTSkyEdge_tnt04b_13668_0_terrain_1_1|13668|0|2|2323|2327|2528.0|-6752.0|2592.0|-6784.0|2560.22360679775|-6767.5527864045|80.0|80.0|80.0|QROCK3|XA11TEX|1.0|1.0|0.0|0.0|8|gravel|-|SG001685|-|564|1|1|2327|XA11TEX|-|1.0|1.0|0.0|0.0|0.0|QROCK3X8|-|1.0|1.0|64.0|48.0|16.0|16.0|80.0|80.0|1152.0|1152.0|1152.0|1152.0
UTNTSkyEdge_tnt04b_13669_0_terrain_1_0|13669|0|2|2323|2327|2592.0|-6784.0|2688.0|-6688.0|2640.3535533905933|-6736.353553390593|80.0|80.0|80.0|QROCK3|QROCK3X8|1.0|1.0|135.55417528|48.0|8|rock|-|SG001673|-|557|1|0|2327|XA11TEX|-|1.0|1.0|0.0|0.0|0.0|QROCK3X8|-|1.0|1.0|135.55417528|48.0|16.0|16.0|80.0|80.0|1152.0|1152.0|1152.0|1152.0
UTNTSkyEdge_tnt04b_13669_0_terrain_1_1|13669|0|2|2323|2327|2592.0|-6784.0|2688.0|-6688.0|2639.6464466094067|-6735.646446609407|80.0|80.0|80.0|QROCK3|XA11TEX|1.0|1.0|0.0|0.0|8|gravel|-|SG001685|-|564|1|1|2327|XA11TEX|-|1.0|1.0|0.0|0.0|0.0|QROCK3X8|-|1.0|1.0|135.55417528|48.0|16.0|16.0|80.0|80.0|1152.0|1152.0|1152.0|1152.0
UTNTSkyEdge_tnt04b_13669_0_terrain_2_1|13669|0|2|2323|2323|2592.0|-6784.0|2688.0|-6688.0|2640.3535533905933|-6736.353553390593|16.0|16.0|16.0|QROCK3|XA11TEX|1.0|1.0|0.0|0.0|5|gravel|-|SG001686|-|557|2|1|2323|XA11TEX|-|1.0|1.0|0.0|0.0|0.0|QROCK3X8|-|1.0|1.0|135.55417528|48.0|16.0|16.0|80.0|80.0|1152.0|1152.0|1152.0|1152.0
UTNTSkyEdge_tnt04b_13670_0_terrain_1_0|13670|0|2|2327|2326|2528.0|-6688.0|2592.0|-6624.0|2560.3535533905933|-6656.353553390593|176.0|176.0|176.0|QROCK3|QROCK3X8|1.0|1.0|0.0|80.0|8|rock|-|SG001687|-|564|1|0|2326|XA11TEX|-|1.0|1.0|0.0|0.0|0.0|QROCK3X8|-|1.0|1.0|0.0|80.0|80.0|80.0|176.0|176.0|1152.0|1152.0|1152.0|1152.0
UTNTSkyEdge_tnt04b_13670_0_terrain_1_1|13670|0|2|2327|2326|2528.0|-6688.0|2592.0|-6624.0|2559.6464466094067|-6655.646446609407|176.0|176.0|176.0|QROCK3|XA11TEX|1.0|1.0|0.0|0.0|8|gravel|-|SG001682|-|563|1|1|2326|XA11TEX|-|1.0|1.0|0.0|0.0|0.0|QROCK3X8|-|1.0|1.0|0.0|80.0|80.0|80.0|176.0|176.0|1152.0|1152.0|1152.0|1152.0
UTNTSkyEdge_tnt04b_13671_0_terrain_1_0|13671|0|2|2327|2326|2592.0|-6624.0|2656.0|-6592.0|2624.22360679775|-6608.4472135955|176.0|176.0|176.0|QROCK3|QROCK3X8|1.0|1.0|90.509667992|80.0|8|rock|-|SG001687|-|564|1|0|2326|XA11TEX|-|1.0|1.0|0.0|0.0|0.0|QROCK3X8|-|1.0|1.0|90.509667992|80.0|80.0|80.0|176.0|176.0|1152.0|1152.0|1152.0|1152.0
UTNTSkyEdge_tnt04b_13671_0_terrain_1_1|13671|0|2|2327|2326|2592.0|-6624.0|2656.0|-6592.0|2623.77639320225|-6607.5527864045|176.0|176.0|176.0|QROCK3|XA11TEX|1.0|1.0|0.0|0.0|8|gravel|-|SG001682|-|563|1|1|2326|XA11TEX|-|1.0|1.0|0.0|0.0|0.0|QROCK3X8|-|1.0|1.0|90.509667992|80.0|80.0|80.0|176.0|176.0|1152.0|1152.0|1152.0|1152.0
UTNTSkyEdge_tnt04b_13853_0_terrain_1_0|13853|0|2|2335|2339|2112.0|-7456.0|2128.0|-7504.0|2119.525658350975|-7480.158113883009|32.0|32.0|32.0|QROCK3|QROCK3X8|1.0|1.0|0.0|96.0|8|rock|-|SG001688|-|565|1|0|2339|XA11TEX|-|1.0|1.0|0.0|0.0|0.0|QROCK3X8|-|1.0|1.0|0.0|96.0|-40.0|-40.0|32.0|32.0|1152.0|1152.0|1152.0|1152.0
UTNTSkyEdge_tnt04b_13853_0_terrain_1_1|13853|0|2|2335|2339|2112.0|-7456.0|2128.0|-7504.0|2120.474341649025|-7479.841886116991|32.0|32.0|32.0|QROCK3|XA11TEX|1.0|1.0|0.0|0.0|8|gravel|-|SG001689|-|566|1|1|2339|XA11TEX|-|1.0|1.0|0.0|0.0|0.0|QROCK3X8|-|1.0|1.0|0.0|96.0|-40.0|-40.0|32.0|32.0|1152.0|1152.0|1152.0|1152.0
UTNTSkyEdge_tnt04b_13854_0_terrain_1_0|13854|0|2|2335|2339|2128.0|-7504.0|2208.0|-7520.0|2167.901941932431|-7512.490290337845|32.0|32.0|32.0|QROCK3|QROCK3X8|1.0|1.0|50.596442563|96.0|8|rock|-|SG001688|-|565|1|0|2339|XA11TEX|-|1.0|1.0|0.0|0.0|0.0|QROCK3X8|-|1.0|1.0|50.596442563|96.0|-40.0|-40.0|32.0|32.0|1152.0|1152.0|1152.0|1152.0
UTNTSkyEdge_tnt04b_13854_0_terrain_1_1|13854|0|2|2335|2339|2128.0|-7504.0|2208.0|-7520.0|2168.098058067569|-7511.509709662155|32.0|32.0|32.0|QROCK3|XA11TEX|1.0|1.0|0.0|0.0|8|gravel|-|SG001689|-|566|1|1|2339|XA11TEX|-|1.0|1.0|0.0|0.0|0.0|QROCK3X8|-|1.0|1.0|50.596442563|96.0|-40.0|-40.0|32.0|32.0|1152.0|1152.0|1152.0|1152.0
UTNTSkyEdge_tnt04b_13855_0_terrain_1_0|13855|0|2|2335|2339|2208.0|-7520.0|2224.0|-7472.0|2216.474341649025|-7496.158113883009|32.0|32.0|32.0|QROCK3|QROCK3X8|1.0|1.0|132.18075478|96.0|8|rock|-|SG001688|-|565|1|0|2339|XA11TEX|-|1.0|1.0|0.0|0.0|0.0|QROCK3X8|-|1.0|1.0|132.18075478|96.0|-40.0|-40.0|32.0|32.0|1152.0|1152.0|1152.0|1152.0
UTNTSkyEdge_tnt04b_13855_0_terrain_1_1|13855|0|2|2335|2339|2208.0|-7520.0|2224.0|-7472.0|2215.525658350975|-7495.841886116991|32.0|32.0|32.0|QROCK3|XA11TEX|1.0|1.0|0.0|0.0|8|gravel|-|SG001689|-|566|1|1|2339|XA11TEX|-|1.0|1.0|0.0|0.0|0.0|QROCK3X8|-|1.0|1.0|132.18075478|96.0|-40.0|-40.0|32.0|32.0|1152.0|1152.0|1152.0|1152.0
UTNTSkyEdge_tnt04b_13856_0_terrain_1_0|13856|0|2|2335|2339|2224.0|-7472.0|2192.0|-7424.0|2208.416025147169|-7447.722649901887|32.0|32.0|32.0|QROCK3|QROCK3X8|1.0|1.0|182.777197343|96.0|8|rock|-|SG001688|-|565|1|0|2339|XA11TEX|-|1.0|1.0|0.0|0.0|0.0|QROCK3X8|-|1.0|1.0|182.777197343|96.0|-40.0|-40.0|32.0|32.0|1152.0|1152.0|1152.0|1152.0
UTNTSkyEdge_tnt04b_13856_0_terrain_1_1|13856|0|2|2335|2339|2224.0|-7472.0|2192.0|-7424.0|2207.583974852831|-7448.277350098113|32.0|32.0|32.0|QROCK3|XA11TEX|1.0|1.0|0.0|0.0|8|gravel|-|SG001689|-|566|1|1|2339|XA11TEX|-|1.0|1.0|0.0|0.0|0.0|QROCK3X8|-|1.0|1.0|182.777197343|96.0|-40.0|-40.0|32.0|32.0|1152.0|1152.0|1152.0|1152.0
UTNTSkyEdge_tnt04b_13857_0_terrain_1_0|13857|0|2|2335|2339|2192.0|-7424.0|2208.0|-7392.0|2200.4472135954998|-7408.22360679775|32.0|32.0|32.0|QROCK3|QROCK3X8|1.0|1.0|240.46601775|96.0|8|rock|-|SG001688|-|565|1|0|2339|XA11TEX|-|1.0|1.0|0.0|0.0|0.0|QROCK3X8|-|1.0|1.0|240.46601775|96.0|-40.0|-40.0|32.0|32.0|1152.0|1152.0|1152.0|1152.0
UTNTSkyEdge_tnt04b_13857_0_terrain_1_1|13857|0|2|2335|2339|2192.0|-7424.0|2208.0|-7392.0|2199.5527864045002|-7407.77639320225|32.0|32.0|32.0|QROCK3|XA11TEX|1.0|1.0|0.0|0.0|8|gravel|-|SG001689|-|566|1|1|2339|XA11TEX|-|1.0|1.0|0.0|0.0|0.0|QROCK3X8|-|1.0|1.0|240.46601775|96.0|-40.0|-40.0|32.0|32.0|1152.0|1152.0|1152.0|1152.0
UTNTSkyEdge_tnt04b_13859_1_terrain_1_0|13859|1|2|2335|2336|2480.0|-7520.0|2528.0|-7584.0|2503.6|-7552.3|40.0|40.0|40.0|QROCK3|QROCK3X8|1.0|1.0|200.969972765|88.0|8|rock|-|SG001688|-|565|1|0|2336|XA11TEX|-|1.0|1.0|0.0|0.0|0.0|QROCK3X8|-|1.0|1.0|200.969972765|88.0|-40.0|-40.0|40.0|40.0|1152.0|1152.0|1152.0|1152.0
UTNTSkyEdge_tnt04b_13859_1_terrain_1_1|13859|1|2|2335|2336|2480.0|-7520.0|2528.0|-7584.0|2504.4|-7551.7|40.0|40.0|40.0|QROCK3|XA11TEX|1.0|1.0|0.0|0.0|8|gravel|-|SG001690|-|567|1|1|2336|XA11TEX|-|1.0|1.0|0.0|0.0|0.0|QROCK3X8|-|1.0|1.0|200.969972765|88.0|-40.0|-40.0|40.0|40.0|1152.0|1152.0|1152.0|1152.0
UTNTSkyEdge_tnt04b_13860_1_terrain_1_0|13860|1|2|2335|2336|2496.0|-7488.0|2480.0|-7520.0|2487.5527864045002|-7503.77639320225|40.0|40.0|40.0|QROCK3|QROCK3X8|1.0|1.0|165.192885125|88.0|8|rock|-|SG001688|-|565|1|0|2336|XA11TEX|-|1.0|1.0|0.0|0.0|0.0|QROCK3X8|-|1.0|1.0|165.192885125|88.0|-40.0|-40.0|40.0|40.0|1152.0|1152.0|1152.0|1152.0
UTNTSkyEdge_tnt04b_13860_1_terrain_1_1|13860|1|2|2335|2336|2496.0|-7488.0|2480.0|-7520.0|2488.4472135954998|-7504.22360679775|40.0|40.0|40.0|QROCK3|XA11TEX|1.0|1.0|0.0|0.0|8|gravel|-|SG001690|-|567|1|1|2336|XA11TEX|-|1.0|1.0|0.0|0.0|0.0|QROCK3X8|-|1.0|1.0|165.192885125|88.0|-40.0|-40.0|40.0|40.0|1152.0|1152.0|1152.0|1152.0
UTNTSkyEdge_tnt04b_13861_1_terrain_1_0|13861|1|2|2335|2336|2496.0|-7424.0|2496.0|-7488.0|2495.5|-7456.0|40.0|40.0|40.0|QROCK3|QROCK3X8|1.0|1.0|101.192885125|88.0|8|rock|-|SG001688|-|565|1|0|2336|XA11TEX|-|1.0|1.0|0.0|0.0|0.0|QROCK3X8|-|1.0|1.0|101.192885125|88.0|-40.0|-40.0|40.0|40.0|1152.0|1152.0|1152.0|1152.0
UTNTSkyEdge_tnt04b_13861_1_terrain_1_1|13861|1|2|2335|2336|2496.0|-7424.0|2496.0|-7488.0|2496.5|-7456.0|40.0|40.0|40.0|QROCK3|XA11TEX|1.0|1.0|0.0|0.0|8|gravel|-|SG001690|-|567|1|1|2336|XA11TEX|-|1.0|1.0|0.0|0.0|0.0|QROCK3X8|-|1.0|1.0|101.192885125|88.0|-40.0|-40.0|40.0|40.0|1152.0|1152.0|1152.0|1152.0
UTNTSkyEdge_tnt04b_13862_1_terrain_1_0|13862|1|2|2335|2336|2592.0|-7456.0|2496.0|-7424.0|2544.1581138830084|-7439.5256583509745|40.0|40.0|40.0|QROCK3|QROCK3X8|1.0|1.0|0.0|88.0|8|rock|-|SG001688|-|565|1|0|2336|XA11TEX|-|1.0|1.0|0.0|0.0|0.0|QROCK3X8|-|1.0|1.0|0.0|88.0|-40.0|-40.0|40.0|40.0|1152.0|1152.0|1152.0|1152.0
UTNTSkyEdge_tnt04b_13862_1_terrain_1_1|13862|1|2|2335|2336|2592.0|-7456.0|2496.0|-7424.0|2543.8418861169916|-7440.4743416490255|40.0|40.0|40.0|QROCK3|XA11TEX|1.0|1.0|0.0|0.0|8|gravel|-|SG001690|-|567|1|1|2336|XA11TEX|-|1.0|1.0|0.0|0.0|0.0|QROCK3X8|-|1.0|1.0|0.0|88.0|-40.0|-40.0|40.0|40.0|1152.0|1152.0|1152.0|1152.0
UTNTSkyEdge_tnt04b_13862_1_terrain_2_1|13862|1|2|2335|2335|2592.0|-7456.0|2496.0|-7424.0|2544.1581138830084|-7439.5256583509745|-40.0|-40.0|-40.0|QROCK3|XA11TEX|1.0|1.0|0.0|0.0|5|gravel|-|SG001691|-|565|2|1|2335|XA11TEX|-|1.0|1.0|0.0|0.0|0.0|QROCK3X8|-|1.0|1.0|0.0|88.0|-40.0|-40.0|40.0|40.0|1152.0|1152.0|1152.0|1152.0
UTNTSkyEdge_tnt04b_13864_0_terrain_1_0|13864|0|2|2246|2346|3648.0|-7264.0|3680.0|-7296.0|3663.6464466094067|-7280.353553390593|208.0|208.0|208.0|QROCK3|QROCK3X8|1.0|1.0|0.0|48.0|8|rock|-|SG001692|-|568|1|0|2346|XA11TEX|-|1.0|1.0|0.0|0.0|0.0|QROCK3X8|-|1.0|1.0|0.0|48.0|128.0|128.0|208.0|208.0|1152.0|1152.0|1152.0|1152.0
UTNTSkyEdge_tnt04b_13864_0_terrain_1_1|13864|0|2|2246|2346|3648.0|-7264.0|3680.0|-7296.0|3664.3535533905933|-7279.646446609407|208.0|208.0|208.0|QROCK3|XA11TEX|1.0|1.0|0.0|0.0|8|gravel|-|SG001693|-|569|1|1|2346|XA11TEX|-|1.0|1.0|0.0|0.0|0.0|QROCK3X8|-|1.0|1.0|0.0|48.0|128.0|128.0|208.0|208.0|1152.0|1152.0|1152.0|1152.0
UTNTSkyEdge_tnt04b_13865_0_terrain_1_0|13865|0|2|2246|2347|3680.0|-7296.0|3776.0|-7328.0|3727.8418861169916|-7312.4743416490255|184.0|184.0|184.0|QROCK3|QROCK3X8|1.0|1.0|0.0|72.0|8|rock|-|SG001692|-|568|1|0|2347|XA11TEX|-|1.0|1.0|0.0|0.0|0.0|QROCK3X8|-|1.0|1.0|0.0|72.0|128.0|128.0|184.0|184.0|1152.0|1152.0|1152.0|1152.0
UTNTSkyEdge_tnt04b_13865_0_terrain_1_1|13865|0|2|2246|2347|3680.0|-7296.0|3776.0|-7328.0|3728.1581138830084|-7311.5256583509745|184.0|184.0|184.0|QROCK3|XA11TEX|1.0|1.0|0.0|0.0|8|gravel|-|SG001694|-|570|1|1|2347|XA11TEX|-|1.0|1.0|0.0|0.0|0.0|QROCK3X8|-|1.0|1.0|0.0|72.0|128.0|128.0|184.0|184.0|1152.0|1152.0|1152.0|1152.0
UTNTSkyEdge_tnt04b_13866_0_terrain_1_0|13866|0|2|2246|2347|3776.0|-7328.0|3856.0|-7392.0|3815.687652476223|-7360.390434404721|184.0|184.0|184.0|QROCK3|QROCK3X8|1.0|1.0|101.192885125|72.0|8|rock|-|SG001692|-|568|1|0|2347|XA11TEX|-|1.0|1.0|0.0|0.0|0.0|QROCK3X8|-|1.0|1.0|101.192885125|72.0|128.0|128.0|184.0|184.0|1152.0|1152.0|1152.0|1152.0
UTNTSkyEdge_tnt04b_13866_0_terrain_1_1|13866|0|2|2246|2347|3776.0|-7328.0|3856.0|-7392.0|3816.312347523777|-7359.609565595279|184.0|184.0|184.0|QROCK3|XA11TEX|1.0|1.0|0.0|0.0|8|gravel|-|SG001694|-|570|1|1|2347|XA11TEX|-|1.0|1.0|0.0|0.0|0.0|QROCK3X8|-|1.0|1.0|101.192885125|72.0|128.0|128.0|184.0|184.0|1152.0|1152.0|1152.0|1152.0
UTNTSkyEdge_tnt04b_13867_0_terrain_1_0|13867|0|2|2246|2348|3856.0|-7392.0|3952.0|-7360.0|3904.1581138830084|-7376.4743416490255|176.0|176.0|176.0|QROCK3|QROCK3X8|1.0|1.0|0.0|80.0|7.68|rock|-|SG001692|-|568|1|0|2348|XA11TEX|-|1.0|1.0|0.0|0.0|0.0|QROCK3X8|-|1.0|1.0|0.0|80.0|128.0|128.0|176.0|176.0|1152.0|1152.0|1152.0|1152.0
UTNTSkyEdge_tnt04b_13867_0_terrain_1_1|13867|0|2|2246|2348|3856.0|-7392.0|3952.0|-7360.0|3903.8418861169916|-7375.5256583509745|176.0|176.0|176.0|QROCK3|XA11TEX|1.0|1.0|0.0|0.0|7.68|gravel|-|SG001695|-|571|1|1|2348|XA11TEX|-|1.0|1.0|0.0|0.0|0.0|QROCK3X8|-|1.0|1.0|0.0|80.0|128.0|128.0|176.0|176.0|1152.0|1152.0|1152.0|1152.0
UTNTSkyEdge_tnt04b_13868_0_terrain_1_0|13868|0|2|2246|2348|3952.0|-7360.0|4048.0|-7392.0|3999.8418861169916|-7376.4743416490255|176.0|176.0|176.0|QROCK3|QROCK3X8|1.0|1.0|101.192885125|80.0|7.68|rock|-|SG001692|-|568|1|0|2348|XA11TEX|-|1.0|1.0|0.0|0.0|0.0|QROCK3X8|-|1.0|1.0|101.192885125|80.0|128.0|128.0|176.0|176.0|1152.0|1152.0|1152.0|1152.0
UTNTSkyEdge_tnt04b_13868_0_terrain_1_1|13868|0|2|2246|2348|3952.0|-7360.0|4048.0|-7392.0|4000.1581138830084|-7375.5256583509745|176.0|176.0|176.0|QROCK3|XA11TEX|1.0|1.0|0.0|0.0|7.68|gravel|-|SG001695|-|571|1|1|2348|XA11TEX|-|1.0|1.0|0.0|0.0|0.0|QROCK3X8|-|1.0|1.0|101.192885125|80.0|128.0|128.0|176.0|176.0|1152.0|1152.0|1152.0|1152.0
UTNTSkyEdge_tnt04b_13870_0_terrain_1_0|13870|0|2|2246|2348|4048.0|-7392.0|4096.0|-7360.0|4072.2773500981125|-7376.4160251471685|176.0|176.0|176.0|QROCK3|QROCK3X8|1.0|1.0|202.385770251|80.0|7.68|rock|-|SG001692|-|568|1|0|2348|XA11TEX|-|1.0|1.0|0.0|0.0|0.0|QROCK3X8|-|1.0|1.0|202.385770251|80.0|128.0|128.0|176.0|176.0|1152.0|1152.0|1152.0|1152.0
UTNTSkyEdge_tnt04b_13870_0_terrain_1_1|13870|0|2|2246|2348|4048.0|-7392.0|4096.0|-7360.0|4071.7226499018875|-7375.5839748528315|176.0|176.0|176.0|QROCK3|XA11TEX|1.0|1.0|0.0|0.0|7.68|gravel|-|SG001695|-|571|1|1|2348|XA11TEX|-|1.0|1.0|0.0|0.0|0.0|QROCK3X8|-|1.0|1.0|202.385770251|80.0|128.0|128.0|176.0|176.0|1152.0|1152.0|1152.0|1152.0
UTNTSkyEdge_tnt04b_13871_0_terrain_1_0|13871|0|2|2347|2346|3680.0|-7296.0|3776.0|-7264.0|3728.1581138830084|-7280.4743416490255|208.0|208.0|208.0|QROCK3|QROCK3X8|1.0|1.0|0.0|48.0|3.84|rock|-|SG001696|-|570|1|0|2346|XA11TEX|-|1.0|1.0|0.0|0.0|0.0|QROCK3X8|-|1.0|1.0|0.0|48.0|184.0|184.0|208.0|208.0|1152.0|1152.0|1152.0|1152.0
UTNTSkyEdge_tnt04b_13871_0_terrain_1_1|13871|0|2|2347|2346|3680.0|-7296.0|3776.0|-7264.0|3727.8418861169916|-7279.5256583509745|208.0|208.0|208.0|QROCK3|XA11TEX|1.0|1.0|0.0|0.0|3.84|gravel|-|SG001693|-|569|1|1|2346|XA11TEX|-|1.0|1.0|0.0|0.0|0.0|QROCK3X8|-|1.0|1.0|0.0|48.0|184.0|184.0|208.0|208.0|1152.0|1152.0|1152.0|1152.0
UTNTSkyEdge_tnt04b_13872_1_terrain_1_0|13872|1|2|2346|2349|3792.0|-7216.0|3776.0|-7264.0|3783.525658350975|-7239.841886116991|224.0|224.0|224.0|QROCK3|QROCK3X8|1.0|1.0|0.0|32.0|2.56|rock|-|SG001697|-|569|1|0|2349|XA11TEX|-|1.0|1.0|0.0|0.0|0.0|QROCK3X8|-|1.0|1.0|0.0|32.0|208.0|208.0|224.0|224.0|1152.0|1152.0|1152.0|1152.0
UTNTSkyEdge_tnt04b_13872_1_terrain_1_1|13872|1|2|2346|2349|3792.0|-7216.0|3776.0|-7264.0|3784.474341649025|-7240.158113883009|224.0|224.0|224.0|QROCK3|XA11TEX|1.0|1.0|0.0|0.0|2.56|gravel|-|SG001698|-|572|1|1|2349|XA11TEX|-|1.0|1.0|0.0|0.0|0.0|QROCK3X8|-|1.0|1.0|0.0|32.0|208.0|208.0|224.0|224.0|1152.0|1152.0|1152.0|1152.0
UTNTSkyEdge_tnt04b_13873_0_terrain_1_0|13873|0|2|2349|2247|3792.0|-7216.0|3824.0|-7216.0|3808.0|-7216.5|280.0|280.0|280.0|QROCK3|QROCK3X8|1.0|1.0|0.0|104.0|8|rock|-|SG001699|-|572|1|0|2247|XA11TEX|-|1.0|1.0|0.0|0.0|0.0|QROCK3X8|-|1.0|1.0|0.0|104.0|224.0|224.0|280.0|280.0|1152.0|1152.0|1152.0|1152.0
UTNTSkyEdge_tnt04b_13873_0_terrain_1_1|13873|0|2|2349|2247|3792.0|-7216.0|3824.0|-7216.0|3808.0|-7215.5|280.0|280.0|280.0|QROCK3|XA11TEX|1.0|1.0|0.0|0.0|8|gravel|-|SG001700|-|573|1|1|2247|XA11TEX|-|1.0|1.0|0.0|0.0|0.0|QROCK3X8|-|1.0|1.0|0.0|104.0|224.0|224.0|280.0|280.0|1152.0|1152.0|1152.0|1152.0
UTNTSkyEdge_tnt04b_13875_0_terrain_1_0|13875|0|2|2350|2247|3824.0|-7216.0|3904.0|-7200.0|3864.098058067569|-7208.490290337845|280.0|280.0|280.0|QROCK3|QROCK3X8|1.0|1.0|0.0|104.0|5.12|rock|-|SG001701|-|574|1|0|2247|XA11TEX|-|1.0|1.0|0.0|0.0|0.0|QROCK3X8|-|1.0|1.0|0.0|104.0|248.0|248.0|280.0|280.0|1152.0|1152.0|1152.0|1152.0
UTNTSkyEdge_tnt04b_13875_0_terrain_1_1|13875|0|2|2350|2247|3824.0|-7216.0|3904.0|-7200.0|3863.901941932431|-7207.509709662155|280.0|280.0|280.0|QROCK3|XA11TEX|1.0|1.0|0.0|0.0|5.12|gravel|-|SG001700|-|573|1|1|2247|XA11TEX|-|1.0|1.0|0.0|0.0|0.0|QROCK3X8|-|1.0|1.0|0.0|104.0|248.0|248.0|280.0|280.0|1152.0|1152.0|1152.0|1152.0
UTNTSkyEdge_tnt04b_13876_1_terrain_1_0|13876|1|2|2346|2247|3776.0|-7168.0|3792.0|-7216.0|3783.525658350975|-7192.158113883009|280.0|280.0|280.0|QROCK3|QROCK3X8|1.0|1.0|160.0|872.0|8|rock|-|SG001697|-|569|1|0|2247|XA11TEX|-|1.0|1.0|0.0|0.0|0.0|QROCK3X8|-|1.0|1.0|160.0|872.0|208.0|208.0|280.0|280.0|1152.0|1152.0|1152.0|1152.0
UTNTSkyEdge_tnt04b_13876_1_terrain_1_1|13876|1|2|2346|2247|3776.0|-7168.0|3792.0|-7216.0|3784.474341649025|-7191.841886116991|280.0|280.0|280.0|QROCK3|XA11TEX|1.0|1.0|0.0|0.0|8|gravel|-|SG001700|-|573|1|1|2247|XA11TEX|-|1.0|1.0|0.0|0.0|0.0|QROCK3X8|-|1.0|1.0|160.0|872.0|208.0|208.0|280.0|280.0|1152.0|1152.0|1152.0|1152.0
UTNTSkyEdge_tnt04b_13877_0_terrain_1_0|13877|0|2|2347|2349|3776.0|-7264.0|3856.0|-7296.0|3815.814304661823|-7280.464238345443|224.0|224.0|224.0|QROCK3|QROCK3X8|1.0|1.0|0.0|32.0|6.4|rock|-|SG001696|-|570|1|0|2349|XA11TEX|-|1.0|1.0|0.0|0.0|0.0|QROCK3X8|-|1.0|1.0|0.0|32.0|184.0|184.0|224.0|224.0|1152.0|1152.0|1152.0|1152.0
UTNTSkyEdge_tnt04b_13877_0_terrain_1_1|13877|0|2|2347|2349|3776.0|-7264.0|3856.0|-7296.0|3816.185695338177|-7279.535761654557|224.0|224.0|224.0|QROCK3|XA11TEX|1.0|1.0|0.0|0.0|6.4|gravel|-|SG001698|-|572|1|1|2349|XA11TEX|-|1.0|1.0|0.0|0.0|0.0|QROCK3X8|-|1.0|1.0|0.0|32.0|184.0|184.0|224.0|224.0|1152.0|1152.0|1152.0|1152.0
UTNTSkyEdge_tnt04b_13878_0_terrain_1_0|13878|0|2|2347|2349|3856.0|-7296.0|3872.0|-7344.0|3863.525658350975|-7320.158113883009|224.0|224.0|224.0|QROCK3|QROCK3X8|1.0|1.0|86.162636914|32.0|6.4|rock|-|SG001696|-|570|1|0|2349|XA11TEX|-|1.0|1.0|0.0|0.0|0.0|QROCK3X8|-|1.0|1.0|86.162636914|32.0|184.0|184.0|224.0|224.0|1152.0|1152.0|1152.0|1152.0
UTNTSkyEdge_tnt04b_13878_0_terrain_1_1|13878|0|2|2347|2349|3856.0|-7296.0|3872.0|-7344.0|3864.474341649025|-7319.841886116991|224.0|224.0|224.0|QROCK3|XA11TEX|1.0|1.0|0.0|0.0|6.4|gravel|-|SG001698|-|572|1|1|2349|XA11TEX|-|1.0|1.0|0.0|0.0|0.0|QROCK3X8|-|1.0|1.0|86.162636914|32.0|184.0|184.0|224.0|224.0|1152.0|1152.0|1152.0|1152.0
UTNTSkyEdge_tnt04b_13880_0_terrain_1_0|13880|0|2|2348|2349|3872.0|-7344.0|3920.0|-7280.0|3896.4|-7312.3|224.0|224.0|224.0|QROCK3|QROCK3X8|1.0|1.0|0.0|32.0|7.68|rock|-|SG001702|-|571|1|0|2349|XA11TEX|-|1.0|1.0|0.0|0.0|0.0|QROCK3X8|-|1.0|1.0|0.0|32.0|176.0|176.0|224.0|224.0|1152.0|1152.0|1152.0|1152.0
UTNTSkyEdge_tnt04b_13880_0_terrain_1_1|13880|0|2|2348|2349|3872.0|-7344.0|3920.0|-7280.0|3895.6|-7311.7|224.0|224.0|224.0|QROCK3|XA11TEX|1.0|1.0|0.0|0.0|7.68|gravel|-|SG001698|-|572|1|1|2349|XA11TEX|-|1.0|1.0|0.0|0.0|0.0|QROCK3X8|-|1.0|1.0|0.0|32.0|176.0|176.0|224.0|224.0|1152.0|1152.0|1152.0|1152.0
UTNTSkyEdge_tnt04b_13881_0_terrain_1_0|13881|0|2|2348|2350|3920.0|-7280.0|3968.0|-7296.0|3943.8418861169916|-7288.4743416490255|248.0|248.0|248.0|QROCK3|QROCK3X8|1.0|1.0|0.0|8.0|8|rock|-|SG001702|-|571|1|0|2350|XA11TEX|-|1.0|1.0|0.0|0.0|0.0|QROCK3X8|-|1.0|1.0|0.0|8.0|176.0|176.0|248.0|248.0|1152.0|1152.0|1152.0|1152.0
UTNTSkyEdge_tnt04b_13881_0_terrain_1_1|13881|0|2|2348|2350|3920.0|-7280.0|3968.0|-7296.0|3944.1581138830084|-7287.5256583509745|248.0|248.0|248.0|QROCK3|XA11TEX|1.0|1.0|0.0|0.0|8|gravel|-|SG001703|-|574|1|1|2350|XA11TEX|-|1.0|1.0|0.0|0.0|0.0|QROCK3X8|-|1.0|1.0|0.0|8.0|176.0|176.0|248.0|248.0|1152.0|1152.0|1152.0|1152.0
UTNTSkyEdge_tnt04b_13882_0_terrain_1_0|13882|0|2|2348|2248|3968.0|-7296.0|3984.0|-7344.0|3975.525658350975|-7320.158113883009|224.0|224.0|224.0|QROCK3|QROCK3X8|1.0|1.0|0.0|32.0|7.68|rock|-|SG001702|-|571|1|0|2248|XA11TEX|-|1.0|1.0|0.0|0.0|0.0|QROCK3X8|-|1.0|1.0|0.0|32.0|176.0|176.0|224.0|224.0|1152.0|1152.0|1152.0|1152.0
UTNTSkyEdge_tnt04b_13882_0_terrain_1_1|13882|0|2|2348|2248|3968.0|-7296.0|3984.0|-7344.0|3976.474341649025|-7319.841886116991|224.0|224.0|224.0|QROCK3|XA11TEX|1.0|1.0|0.0|0.0|7.68|gravel|-|SG001704|-|575|1|1|2248|XA11TEX|-|1.0|1.0|0.0|0.0|0.0|QROCK3X8|-|1.0|1.0|0.0|32.0|176.0|176.0|224.0|224.0|1152.0|1152.0|1152.0|1152.0
UTNTSkyEdge_tnt04b_13883_0_terrain_1_0|13883|0|2|2348|2248|3984.0|-7344.0|4096.0|-7360.0|4039.9292893218812|-7352.494974746831|224.0|224.0|224.0|QROCK3|QROCK3X8|1.0|1.0|50.596442563|32.0|7.68|rock|-|SG001702|-|571|1|0|2248|XA11TEX|-|1.0|1.0|0.0|0.0|0.0|QROCK3X8|-|1.0|1.0|50.596442563|32.0|176.0|176.0|224.0|224.0|1152.0|1152.0|1152.0|1152.0
UTNTSkyEdge_tnt04b_13883_0_terrain_1_1|13883|0|2|2348|2248|3984.0|-7344.0|4096.0|-7360.0|4040.0707106781188|-7351.505025253169|224.0|224.0|224.0|QROCK3|XA11TEX|1.0|1.0|0.0|0.0|7.68|gravel|-|SG001704|-|575|1|1|2248|XA11TEX|-|1.0|1.0|0.0|0.0|0.0|QROCK3X8|-|1.0|1.0|50.596442563|32.0|176.0|176.0|224.0|224.0|1152.0|1152.0|1152.0|1152.0
UTNTSkyEdge_tnt04b_13884_0_terrain_1_0|13884|0|2|2248|2350|3968.0|-7296.0|4000.0|-7248.0|3984.416025147169|-7272.277350098113|248.0|248.0|248.0|QROCK3|QROCK3X8|1.0|1.0|0.0|8.0|3.84|rock|-|SG001705|-|575|1|0|2350|XA11TEX|-|1.0|1.0|0.0|0.0|0.0|QROCK3X8|-|1.0|1.0|0.0|8.0|224.0|224.0|248.0|248.0|1152.0|1152.0|1152.0|1152.0
UTNTSkyEdge_tnt04b_13884_0_terrain_1_1|13884|0|2|2248|2350|3968.0|-7296.0|4000.0|-7248.0|3983.583974852831|-7271.722649901887|248.0|248.0|248.0|QROCK3|XA11TEX|1.0|1.0|0.0|0.0|3.84|gravel|-|SG001703|-|574|1|1|2350|XA11TEX|-|1.0|1.0|0.0|0.0|0.0|QROCK3X8|-|1.0|1.0|0.0|8.0|224.0|224.0|248.0|248.0|1152.0|1152.0|1152.0|1152.0
UTNTSkyEdge_tnt04b_13885_0_terrain_1_0|13885|0|2|2248|2350|4000.0|-7248.0|4032.0|-7232.0|4016.22360679775|-7240.4472135955|248.0|248.0|248.0|QROCK3|QROCK3X8|1.0|1.0|57.688820407|8.0|3.84|rock|-|SG001705|-|575|1|0|2350|XA11TEX|-|1.0|1.0|0.0|0.0|0.0|QROCK3X8|-|1.0|1.0|57.688820407|8.0|224.0|224.0|248.0|248.0|1152.0|1152.0|1152.0|1152.0
UTNTSkyEdge_tnt04b_13885_0_terrain_1_1|13885|0|2|2248|2350|4000.0|-7248.0|4032.0|-7232.0|4015.77639320225|-7239.5527864045|248.0|248.0|248.0|QROCK3|XA11TEX|1.0|1.0|0.0|0.0|3.84|gravel|-|SG001703|-|574|1|1|2350|XA11TEX|-|1.0|1.0|0.0|0.0|0.0|QROCK3X8|-|1.0|1.0|57.688820407|8.0|224.0|224.0|248.0|248.0|1152.0|1152.0|1152.0|1152.0
UTNTSkyEdge_tnt04b_13886_1_terrain_1_0|13886|1|2|2349|2350|3888.0|-7248.0|3920.0|-7280.0|3903.6464466094067|-7264.353553390593|248.0|248.0|248.0|QROCK3|QROCK3X8|1.0|1.0|71.55417528|8.0|3.84|rock|-|SG001699|-|572|1|0|2350|XA11TEX|-|1.0|1.0|0.0|0.0|0.0|QROCK3X8|-|1.0|1.0|71.55417528|8.0|224.0|224.0|248.0|248.0|1152.0|1152.0|1152.0|1152.0
UTNTSkyEdge_tnt04b_13886_1_terrain_1_1|13886|1|2|2349|2350|3888.0|-7248.0|3920.0|-7280.0|3904.3535533905933|-7263.646446609407|248.0|248.0|248.0|QROCK3|XA11TEX|1.0|1.0|0.0|0.0|3.84|gravel|-|SG001703|-|574|1|1|2350|XA11TEX|-|1.0|1.0|0.0|0.0|0.0|QROCK3X8|-|1.0|1.0|71.55417528|8.0|224.0|224.0|248.0|248.0|1152.0|1152.0|1152.0|1152.0
UTNTSkyEdge_tnt04b_13887_1_terrain_1_0|13887|1|2|2349|2350|3824.0|-7216.0|3888.0|-7248.0|3855.77639320225|-7232.4472135955|248.0|248.0|248.0|QROCK3|QROCK3X8|1.0|1.0|0.0|8.0|3.84|rock|-|SG001699|-|572|1|0|2350|XA11TEX|-|1.0|1.0|0.0|0.0|0.0|QROCK3X8|-|1.0|1.0|0.0|8.0|224.0|224.0|248.0|248.0|1152.0|1152.0|1152.0|1152.0
UTNTSkyEdge_tnt04b_13887_1_terrain_1_1|13887|1|2|2349|2350|3824.0|-7216.0|3888.0|-7248.0|3856.22360679775|-7231.5527864045|248.0|248.0|248.0|QROCK3|XA11TEX|1.0|1.0|0.0|0.0|3.84|gravel|-|SG001703|-|574|1|1|2350|XA11TEX|-|1.0|1.0|0.0|0.0|0.0|QROCK3X8|-|1.0|1.0|0.0|8.0|224.0|224.0|248.0|248.0|1152.0|1152.0|1152.0|1152.0
UTNTSkyEdge_tnt04b_13929_1_terrain_1_0|13929|1|2|2252|2254|2336.0|-8544.0|2336.0|-8608.0|2335.5|-8576.0|96.0|96.0|96.0|QROCK3|QROCK3X8|1.0|1.0|297.618018552|32.0|8|rock|-|SG001706|-|576|1|0|2254|XA11TEX|-|1.0|1.0|0.0|0.0|0.0|QROCK3X8|-|1.0|1.0|297.618018552|32.0|-26.666666666666668|-26.666666666666668|96.0|96.0|1152.0|1152.0|1152.0|1152.0
UTNTSkyEdge_tnt04b_13929_1_terrain_1_1|13929|1|2|2252|2254|2336.0|-8544.0|2336.0|-8608.0|2336.5|-8576.0|96.0|96.0|96.0|QROCK3|XA11TEX|1.0|1.0|0.0|0.0|8|gravel|-|SG001707|-|577|1|1|2254|XA11TEX|-|1.0|1.0|0.0|0.0|0.0|QROCK3X8|-|1.0|1.0|297.618018552|32.0|-26.666666666666668|-26.666666666666668|96.0|96.0|1152.0|1152.0|1152.0|1152.0
UTNTSkyEdge_tnt04b_13930_1_terrain_1_0|13930|1|2|2252|2254|2400.0|-8544.0|2336.0|-8544.0|2368.0|-8543.5|96.0|96.0|96.0|QROCK3|QROCK3X8|1.0|1.0|233.618018552|32.0|8|rock|-|SG001706|-|576|1|0|2254|XA11TEX|-|1.0|1.0|0.0|0.0|0.0|QROCK3X8|-|1.0|1.0|233.618018552|32.0|-16.0|-26.666666666666668|96.0|96.0|1152.0|1152.0|1152.0|1152.0
UTNTSkyEdge_tnt04b_13930_1_terrain_1_1|13930|1|2|2252|2254|2400.0|-8544.0|2336.0|-8544.0|2368.0|-8544.5|96.0|96.0|96.0|QROCK3|XA11TEX|1.0|1.0|0.0|0.0|8|gravel|-|SG001707|-|577|1|1|2254|XA11TEX|-|1.0|1.0|0.0|0.0|0.0|QROCK3X8|-|1.0|1.0|233.618018552|32.0|-16.0|-26.666666666666668|96.0|96.0|1152.0|1152.0|1152.0|1152.0
UTNTSkyEdge_tnt04b_13931_1_terrain_1_0|13931|1|2|2252|2254|2464.0|-8608.0|2400.0|-8544.0|2432.3535533905933|-8575.646446609408|96.0|96.0|96.0|QROCK3|QROCK3X8|1.0|1.0|143.10835056|32.0|8|rock|-|SG001706|-|576|1|0|2254|XA11TEX|-|1.0|1.0|0.0|0.0|0.0|QROCK3X8|-|1.0|1.0|143.10835056|32.0|-5.333333333333333|-16.0|96.0|96.0|1152.0|1152.0|1152.0|1152.0
UTNTSkyEdge_tnt04b_13931_1_terrain_1_1|13931|1|2|2252|2254|2464.0|-8608.0|2400.0|-8544.0|2431.6464466094067|-8576.353553390592|96.0|96.0|96.0|QROCK3|XA11TEX|1.0|1.0|0.0|0.0|8|gravel|-|SG001707|-|577|1|1|2254|XA11TEX|-|1.0|1.0|0.0|0.0|0.0|QROCK3X8|-|1.0|1.0|143.10835056|32.0|-5.333333333333333|-16.0|96.0|96.0|1152.0|1152.0|1152.0|1152.0
UTNTSkyEdge_tnt04b_13932_1_terrain_1_0|13932|1|2|2252|2254|2528.0|-8640.0|2464.0|-8608.0|2496.22360679775|-8623.5527864045|96.0|96.0|96.0|QROCK3|QROCK3X8|1.0|1.0|71.55417528|32.0|8|rock|-|SG001706|-|576|1|0|2254|XA11TEX|-|1.0|1.0|0.0|0.0|0.0|QROCK3X8|-|1.0|1.0|71.55417528|32.0|5.333333333333333|-5.333333333333333|96.0|96.0|1152.0|1152.0|1152.0|1152.0
UTNTSkyEdge_tnt04b_13932_1_terrain_1_1|13932|1|2|2252|2254|2528.0|-8640.0|2464.0|-8608.0|2495.77639320225|-8624.4472135955|96.0|96.0|96.0|QROCK3|XA11TEX|1.0|1.0|0.0|0.0|8|gravel|-|SG001707|-|577|1|1|2254|XA11TEX|-|1.0|1.0|0.0|0.0|0.0|QROCK3X8|-|1.0|1.0|71.55417528|32.0|5.333333333333333|-5.333333333333333|96.0|96.0|1152.0|1152.0|1152.0|1152.0
UTNTSkyEdge_tnt04b_13934_1_terrain_1_0|13934|1|2|2252|2254|2496.0|-8704.0|2528.0|-8640.0|2512.4472135954998|-8672.22360679775|96.0|96.0|96.0|QROCK3|QROCK3X8|1.0|1.0|0.0|32.0|8|rock|-|SG001706|-|576|1|0|2254|XA11TEX|-|1.0|1.0|0.0|0.0|0.0|QROCK3X8|-|1.0|1.0|0.0|32.0|0.0|5.333333333333333|96.0|96.0|1152.0|1152.0|1152.0|1152.0
UTNTSkyEdge_tnt04b_13934_1_terrain_1_1|13934|1|2|2252|2254|2496.0|-8704.0|2528.0|-8640.0|2511.5527864045002|-8671.77639320225|96.0|96.0|96.0|QROCK3|XA11TEX|1.0|1.0|0.0|0.0|8|gravel|-|SG001707|-|577|1|1|2254|XA11TEX|-|1.0|1.0|0.0|0.0|0.0|QROCK3X8|-|1.0|1.0|0.0|32.0|0.0|5.333333333333333|96.0|96.0|1152.0|1152.0|1152.0|1152.0
UTNTSkyEdge_tnt04b_13935_1_terrain_1_0|13935|1|2|2252|2254|2304.0|-8640.0|2336.0|-8672.0|2319.6464466094067|-8656.353553390592|96.0|96.0|96.0|QROCK3|QROCK3X8|1.0|1.0|406.872852548|32.0|8|rock|-|SG001706|-|576|1|0|2254|XA11TEX|-|1.0|1.0|0.0|0.0|0.0|QROCK3X8|-|1.0|1.0|406.872852548|32.0|-32.0|-26.666666666666668|96.0|96.0|1152.0|1152.0|1152.0|1152.0
UTNTSkyEdge_tnt04b_13935_1_terrain_1_1|13935|1|2|2252|2254|2304.0|-8640.0|2336.0|-8672.0|2320.3535533905933|-8655.646446609408|96.0|96.0|96.0|QROCK3|XA11TEX|1.0|1.0|0.0|0.0|8|gravel|-|SG001707|-|577|1|1|2254|XA11TEX|-|1.0|1.0|0.0|0.0|0.0|QROCK3X8|-|1.0|1.0|406.872852548|32.0|-32.0|-26.666666666666668|96.0|96.0|1152.0|1152.0|1152.0|1152.0
UTNTSkyEdge_tnt04b_13937_1_terrain_1_0|13937|1|2|2252|2254|2336.0|-8608.0|2304.0|-8640.0|2319.6464466094067|-8623.646446609408|96.0|96.0|96.0|QROCK3|QROCK3X8|1.0|1.0|361.618018552|32.0|8|rock|-|SG001706|-|576|1|0|2254|XA11TEX|-|1.0|1.0|0.0|0.0|0.0|QROCK3X8|-|1.0|1.0|361.618018552|32.0|-26.666666666666668|-32.0|96.0|96.0|1152.0|1152.0|1152.0|1152.0
UTNTSkyEdge_tnt04b_13937_1_terrain_1_1|13937|1|2|2252|2254|2336.0|-8608.0|2304.0|-8640.0|2320.3535533905933|-8624.353553390592|96.0|96.0|96.0|QROCK3|XA11TEX|1.0|1.0|0.0|0.0|8|gravel|-|SG001707|-|577|1|1|2254|XA11TEX|-|1.0|1.0|0.0|0.0|0.0|QROCK3X8|-|1.0|1.0|361.618018552|32.0|-26.666666666666668|-32.0|96.0|96.0|1152.0|1152.0|1152.0|1152.0
UTNTSkyEdge_tnt04b_13938_0_terrain_1_0|13938|0|2|2251|2250|2816.0|-8384.0|2816.0|-8416.0|2815.5|-8400.0|192.0|192.0|192.0|QROCK3|QROCK3X8|1.0|1.0|0.0|64.0|8|rock|-|SG001708|-|578|1|0|2250|XA11TEX|-|1.0|1.0|0.0|0.0|0.0|QROCK3X8|-|1.0|1.0|0.0|64.0|12.0|13.0|192.0|192.0|1152.0|1152.0|1152.0|1152.0
UTNTSkyEdge_tnt04b_13938_0_terrain_1_1|13938|0|2|2251|2250|2816.0|-8384.0|2816.0|-8416.0|2816.5|-8400.0|192.0|192.0|192.0|QROCK3|XA11TEX|1.0|1.0|0.0|0.0|8|gravel|-|SG001709|-|579|1|1|2250|XA11TEX|-|1.0|1.0|0.0|0.0|0.0|QROCK3X8|-|1.0|1.0|0.0|64.0|12.0|13.0|192.0|192.0|1152.0|1152.0|1152.0|1152.0
UTNTSkyEdge_tnt04b_13939_0_terrain_1_0|13939|0|2|2251|2250|2816.0|-8416.0|2880.0|-8480.0|2847.6464466094067|-8448.353553390592|192.0|192.0|192.0|QROCK3|QROCK3X8|1.0|1.0|32.0|64.0|8|rock|-|SG001708|-|578|1|0|2250|XA11TEX|-|1.0|1.0|0.0|0.0|0.0|QROCK3X8|-|1.0|1.0|32.0|64.0|13.0|10.0|192.0|192.0|1152.0|1152.0|1152.0|1152.0
UTNTSkyEdge_tnt04b_13939_0_terrain_1_1|13939|0|2|2251|2250|2816.0|-8416.0|2880.0|-8480.0|2848.3535533905933|-8447.646446609408|192.0|192.0|192.0|QROCK3|XA11TEX|1.0|1.0|0.0|0.0|8|gravel|-|SG001709|-|579|1|1|2250|XA11TEX|-|1.0|1.0|0.0|0.0|0.0|QROCK3X8|-|1.0|1.0|32.0|64.0|13.0|10.0|192.0|192.0|1152.0|1152.0|1152.0|1152.0
UTNTSkyEdge_tnt04b_13940_0_terrain_1_0|13940|0|2|2251|2250|2880.0|-8480.0|2912.0|-8416.0|2896.4472135954998|-8448.22360679775|192.0|192.0|192.0|QROCK3|QROCK3X8|1.0|1.0|122.509667992|64.0|8|rock|-|SG001708|-|578|1|0|2250|XA11TEX|-|1.0|1.0|0.0|0.0|0.0|QROCK3X8|-|1.0|1.0|122.509667992|64.0|10.0|5.5|192.0|192.0|1152.0|1152.0|1152.0|1152.0
UTNTSkyEdge_tnt04b_13940_0_terrain_1_1|13940|0|2|2251|2250|2880.0|-8480.0|2912.0|-8416.0|2895.5527864045002|-8447.77639320225|192.0|192.0|192.0|QROCK3|XA11TEX|1.0|1.0|0.0|0.0|8|gravel|-|SG001709|-|579|1|1|2250|XA11TEX|-|1.0|1.0|0.0|0.0|0.0|QROCK3X8|-|1.0|1.0|122.509667992|64.0|10.0|5.5|192.0|192.0|1152.0|1152.0|1152.0|1152.0
UTNTSkyEdge_tnt04b_13941_0_terrain_1_0|13941|0|2|2251|2250|2912.0|-8416.0|2912.0|-8384.0|2912.5|-8400.0|192.0|192.0|192.0|QROCK3|QROCK3X8|1.0|1.0|194.063843272|64.0|8|rock|-|SG001708|-|578|1|0|2250|XA11TEX|-|1.0|1.0|0.0|0.0|0.0|QROCK3X8|-|1.0|1.0|194.063843272|64.0|5.5|4.5|192.0|192.0|1152.0|1152.0|1152.0|1152.0
UTNTSkyEdge_tnt04b_13941_0_terrain_1_1|13941|0|2|2251|2250|2912.0|-8416.0|2912.0|-8384.0|2911.5|-8400.0|192.0|192.0|192.0|QROCK3|XA11TEX|1.0|1.0|0.0|0.0|8|gravel|-|SG001709|-|579|1|1|2250|XA11TEX|-|1.0|1.0|0.0|0.0|0.0|QROCK3X8|-|1.0|1.0|194.063843272|64.0|5.5|4.5|192.0|192.0|1152.0|1152.0|1152.0|1152.0
UTNTSkyEdge_tnt04b_13942_0_terrain_1_0|13942|0|2|2251|2250|2912.0|-8384.0|2944.0|-8320.0|2928.4472135954998|-8352.22360679775|192.0|192.0|192.0|QROCK3|QROCK3X8|1.0|1.0|226.063843272|64.0|8|rock|-|SG001708|-|578|1|0|2250|XA11TEX|-|1.0|1.0|0.0|0.0|0.0|QROCK3X8|-|1.0|1.0|226.063843272|64.0|4.5|0.0|192.0|192.0|1152.0|1152.0|1152.0|1152.0
UTNTSkyEdge_tnt04b_13942_0_terrain_1_1|13942|0|2|2251|2250|2912.0|-8384.0|2944.0|-8320.0|2927.5527864045002|-8351.77639320225|192.0|192.0|192.0|QROCK3|XA11TEX|1.0|1.0|0.0|0.0|8|gravel|-|SG001709|-|579|1|1|2250|XA11TEX|-|1.0|1.0|0.0|0.0|0.0|QROCK3X8|-|1.0|1.0|226.063843272|64.0|4.5|0.0|192.0|192.0|1152.0|1152.0|1152.0|1152.0
UTNTSkyEdge_tnt04b_15998_0_terrain_1_0|15998|0|2|2808|2809|6272.0|-2592.0|6112.0|-2720.0|6191.687652476223|-2655.6095655952786|112.0|112.0|112.0|QROCK3|QROCK3X8|1.0|1.0|57.0|-1184.0|8|rock|-|SG001453|-|456|1|0|2809|XA11TEX|-|1.0|1.0|0.0|0.0|0.0|QROCK3X8|-|1.0|1.0|57.0|-1184.0|24.0|24.0|112.0|112.0|336.0|336.0|288.0|288.0
UTNTSkyEdge_tnt04b_15998_0_terrain_1_1|15998|0|2|2808|2809|6272.0|-2592.0|6112.0|-2720.0|6192.312347523777|-2656.3904344047214|112.0|112.0|112.0|QROCK3|XA11TEX|1.0|1.0|0.0|0.0|8|gravel|-|SG001710|-|457|1|1|2809|XA11TEX|-|1.0|1.0|0.0|0.0|0.0|QROCK3X8|-|1.0|1.0|57.0|-1184.0|24.0|24.0|112.0|112.0|336.0|336.0|288.0|288.0
UTNTSkyEdge_tnt04b_15998_0_terrain_2_1|15998|0|2|2808|2808|6272.0|-2592.0|6112.0|-2720.0|6191.687652476223|-2655.6095655952786|24.0|24.0|24.0|QROCK3|XA11TEX|1.0|1.0|0.0|0.0|14|gravel|-|SG001711|-|456|2|1|2808|XA11TEX|-|1.0|1.0|0.0|0.0|0.0|QROCK3X8|-|1.0|1.0|57.0|-1184.0|24.0|24.0|112.0|112.0|336.0|336.0|288.0|288.0
UTNTSkyEdge_tnt04b_17692_0_terrain_2_1|17692|0|1|3112|3112|-1152.0|-832.0|-1168.0|-928.0|-1160.493196961916|-879.9178005063474|-504.0|-504.0|-504.0|QROCK1|XA11TEX|1.0|1.0|0.0|0.0|14|gravel|-|SG001712|-|439|2|1|3112|XA11TEX|-|1.0|1.0|0.0|0.0|0.0|QROCK1X8|-|1.0|1.0|4.0|120.0|-504.0|-504.0|0|0|136.0|136.0|0|0
UTNTSkyEdge_tnt04b_17714_1_terrain_1_0|17714|1|2|3112|3113|-1264.0|-864.0|-1264.0|-896.0|-1264.5|-880.0|-120.0|-120.0|-120.0|QROCK3|QROCK3X8|1.0|1.0|32.0|120.0|8|rock|-|SG001713|-|439|1|0|3113|XA11TEX|-|1.0|1.0|0.0|0.0|0.0|QROCK3X8|-|1.0|1.0|32.0|120.0|-504.0|-504.0|-120.0|-120.0|136.0|136.0|136.0|136.0
UTNTSkyEdge_tnt04b_17714_1_terrain_1_1|17714|1|2|3112|3113|-1264.0|-864.0|-1264.0|-896.0|-1263.5|-880.0|-120.0|-120.0|-120.0|QROCK3|XA11TEX|1.0|1.0|0.0|0.0|8|gravel|-|SG001714|-|580|1|1|3113|XA11TEX|-|1.0|1.0|0.0|0.0|0.0|QROCK3X8|-|1.0|1.0|32.0|120.0|-504.0|-504.0|-120.0|-120.0|136.0|136.0|136.0|136.0
UTNTSkyEdge_tnt04b_17715_1_terrain_1_0|17715|1|2|3112|3113|-1232.0|-864.0|-1264.0|-864.0|-1248.0|-863.5|-120.0|-120.0|-120.0|QROCK3|QROCK3X8|1.0|1.0|0.0|120.0|8|rock|-|SG001713|-|439|1|0|3113|XA11TEX|-|1.0|1.0|0.0|0.0|0.0|QROCK3X8|-|1.0|1.0|0.0|120.0|-504.0|-504.0|-120.0|-120.0|136.0|136.0|136.0|136.0
UTNTSkyEdge_tnt04b_17715_1_terrain_1_1|17715|1|2|3112|3113|-1232.0|-864.0|-1264.0|-864.0|-1248.0|-864.5|-120.0|-120.0|-120.0|QROCK3|XA11TEX|1.0|1.0|0.0|0.0|8|gravel|-|SG001714|-|580|1|1|3113|XA11TEX|-|1.0|1.0|0.0|0.0|0.0|QROCK3X8|-|1.0|1.0|0.0|120.0|-504.0|-504.0|-120.0|-120.0|136.0|136.0|136.0|136.0
UTNTSkyEdge_tnt04b_17716_1_terrain_1_0|17716|1|2|3112|3113|-1232.0|-896.0|-1232.0|-864.0|-1231.5|-880.0|-120.0|-120.0|-120.0|QROCK3|QROCK3X8|1.0|1.0|96.0|120.0|8|rock|-|SG001713|-|439|1|0|3113|XA11TEX|-|1.0|1.0|0.0|0.0|0.0|QROCK3X8|-|1.0|1.0|96.0|120.0|-504.0|-504.0|-120.0|-120.0|136.0|136.0|136.0|136.0
UTNTSkyEdge_tnt04b_17716_1_terrain_1_1|17716|1|2|3112|3113|-1232.0|-896.0|-1232.0|-864.0|-1232.5|-880.0|-120.0|-120.0|-120.0|QROCK3|XA11TEX|1.0|1.0|0.0|0.0|8|gravel|-|SG001714|-|580|1|1|3113|XA11TEX|-|1.0|1.0|0.0|0.0|0.0|QROCK3X8|-|1.0|1.0|96.0|120.0|-504.0|-504.0|-120.0|-120.0|136.0|136.0|136.0|136.0
UTNTSkyEdge_tnt04b_17717_1_terrain_1_0|17717|1|2|3112|3113|-1264.0|-896.0|-1232.0|-896.0|-1248.0|-896.5|-120.0|-120.0|-120.0|QROCK3|QROCK3X8|1.0|1.0|64.0|120.0|8|rock|-|SG001713|-|439|1|0|3113|XA11TEX|-|1.0|1.0|0.0|0.0|0.0|QROCK3X8|-|1.0|1.0|64.0|120.0|-504.0|-504.0|-120.0|-120.0|136.0|136.0|136.0|136.0
UTNTSkyEdge_tnt04b_17717_1_terrain_1_1|17717|1|2|3112|3113|-1264.0|-896.0|-1232.0|-896.0|-1248.0|-895.5|-120.0|-120.0|-120.0|QROCK3|XA11TEX|1.0|1.0|0.0|0.0|8|gravel|-|SG001714|-|580|1|1|3113|XA11TEX|-|1.0|1.0|0.0|0.0|0.0|QROCK3X8|-|1.0|1.0|64.0|120.0|-504.0|-504.0|-120.0|-120.0|136.0|136.0|136.0|136.0
UTNTSkyEdge_tnt04b_17718_1_terrain_1_0|17718|1|2|3112|3114|-1231.0|-904.0|-1254.0|-927.0|-1242.8535533905933|-915.1464466094068|-120.0|-120.0|-120.0|QROCK3|QROCK3X8|1.0|1.0|32.526911935|120.0|8|rock|-|SG001713|-|439|1|0|3114|XA11TEX|-|1.0|1.0|0.0|0.0|0.0|QROCK3X8|-|1.0|1.0|32.526911935|120.0|-504.0|-504.0|-120.0|-120.0|136.0|136.0|136.0|136.0
UTNTSkyEdge_tnt04b_17718_1_terrain_1_1|17718|1|2|3112|3114|-1231.0|-904.0|-1254.0|-927.0|-1242.1464466094067|-915.8535533905932|-120.0|-120.0|-120.0|QROCK3|XA11TEX|1.0|1.0|0.0|0.0|8|gravel|-|SG001715|-|581|1|1|3114|XA11TEX|-|1.0|1.0|0.0|0.0|0.0|QROCK3X8|-|1.0|1.0|32.526911935|120.0|-504.0|-504.0|-120.0|-120.0|136.0|136.0|136.0|136.0
UTNTSkyEdge_tnt04b_17719_1_terrain_1_0|17719|1|2|3112|3114|-1208.0|-927.0|-1231.0|-904.0|-1219.1464466094067|-915.1464466094068|-120.0|-120.0|-120.0|QROCK3|QROCK3X8|1.0|1.0|0.0|120.0|8|rock|-|SG001713|-|439|1|0|3114|XA11TEX|-|1.0|1.0|0.0|0.0|0.0|QROCK3X8|-|1.0|1.0|0.0|120.0|-504.0|-504.0|-120.0|-120.0|136.0|136.0|136.0|136.0
UTNTSkyEdge_tnt04b_17719_1_terrain_1_1|17719|1|2|3112|3114|-1208.0|-927.0|-1231.0|-904.0|-1219.8535533905933|-915.8535533905932|-120.0|-120.0|-120.0|QROCK3|XA11TEX|1.0|1.0|0.0|0.0|8|gravel|-|SG001715|-|581|1|1|3114|XA11TEX|-|1.0|1.0|0.0|0.0|0.0|QROCK3X8|-|1.0|1.0|0.0|120.0|-504.0|-504.0|-120.0|-120.0|136.0|136.0|136.0|136.0
UTNTSkyEdge_tnt04b_17720_1_terrain_1_0|17720|1|2|3112|3114|-1231.0|-950.0|-1208.0|-927.0|-1219.1464466094067|-938.8535533905932|-120.0|-120.0|-120.0|QROCK3|QROCK3X8|1.0|1.0|97.580735804|120.0|8|rock|-|SG001713|-|439|1|0|3114|XA11TEX|-|1.0|1.0|0.0|0.0|0.0|QROCK3X8|-|1.0|1.0|97.580735804|120.0|-504.0|-504.0|-120.0|-120.0|136.0|136.0|136.0|136.0
UTNTSkyEdge_tnt04b_17720_1_terrain_1_1|17720|1|2|3112|3114|-1231.0|-950.0|-1208.0|-927.0|-1219.8535533905933|-938.1464466094068|-120.0|-120.0|-120.0|QROCK3|XA11TEX|1.0|1.0|0.0|0.0|8|gravel|-|SG001715|-|581|1|1|3114|XA11TEX|-|1.0|1.0|0.0|0.0|0.0|QROCK3X8|-|1.0|1.0|97.580735804|120.0|-504.0|-504.0|-120.0|-120.0|136.0|136.0|136.0|136.0
UTNTSkyEdge_tnt04b_17721_1_terrain_1_0|17721|1|2|3112|3114|-1254.0|-927.0|-1231.0|-950.0|-1242.8535533905933|-938.8535533905932|-120.0|-120.0|-120.0|QROCK3|QROCK3X8|1.0|1.0|65.053823869|120.0|8|rock|-|SG001713|-|439|1|0|3114|XA11TEX|-|1.0|1.0|0.0|0.0|0.0|QROCK3X8|-|1.0|1.0|65.053823869|120.0|-504.0|-504.0|-120.0|-120.0|136.0|136.0|136.0|136.0
UTNTSkyEdge_tnt04b_17721_1_terrain_1_1|17721|1|2|3112|3114|-1254.0|-927.0|-1231.0|-950.0|-1242.1464466094067|-938.1464466094068|-120.0|-120.0|-120.0|QROCK3|XA11TEX|1.0|1.0|0.0|0.0|8|gravel|-|SG001715|-|581|1|1|3114|XA11TEX|-|1.0|1.0|0.0|0.0|0.0|QROCK3X8|-|1.0|1.0|65.053823869|120.0|-504.0|-504.0|-120.0|-120.0|136.0|136.0|136.0|136.0
UTNTSkyEdge_tnt04b_17722_1_terrain_1_0|17722|1|2|3112|3115|-1296.0|-976.0|-1296.0|-1008.0|-1296.5|-992.0|-120.0|-120.0|-120.0|QROCK3|QROCK3X8|1.0|1.0|32.0|120.0|8|rock|-|SG001713|-|439|1|0|3115|XA11TEX|-|1.0|1.0|0.0|0.0|0.0|QROCK3X8|-|1.0|1.0|32.0|120.0|-504.0|-504.0|-120.0|-120.0|136.0|136.0|136.0|136.0
UTNTSkyEdge_tnt04b_17722_1_terrain_1_1|17722|1|2|3112|3115|-1296.0|-976.0|-1296.0|-1008.0|-1295.5|-992.0|-120.0|-120.0|-120.0|QROCK3|XA11TEX|1.0|1.0|0.0|0.0|8|gravel|-|SG001716|-|582|1|1|3115|XA11TEX|-|1.0|1.0|0.0|0.0|0.0|QROCK3X8|-|1.0|1.0|32.0|120.0|-504.0|-504.0|-120.0|-120.0|136.0|136.0|136.0|136.0
UTNTSkyEdge_tnt04b_17723_1_terrain_1_0|17723|1|2|3112|3115|-1264.0|-976.0|-1296.0|-976.0|-1280.0|-975.5|-120.0|-120.0|-120.0|QROCK3|QROCK3X8|1.0|1.0|0.0|120.0|8|rock|-|SG001713|-|439|1|0|3115|XA11TEX|-|1.0|1.0|0.0|0.0|0.0|QROCK3X8|-|1.0|1.0|0.0|120.0|-504.0|-504.0|-120.0|-120.0|136.0|136.0|136.0|136.0
UTNTSkyEdge_tnt04b_17723_1_terrain_1_1|17723|1|2|3112|3115|-1264.0|-976.0|-1296.0|-976.0|-1280.0|-976.5|-120.0|-120.0|-120.0|QROCK3|XA11TEX|1.0|1.0|0.0|0.0|8|gravel|-|SG001716|-|582|1|1|3115|XA11TEX|-|1.0|1.0|0.0|0.0|0.0|QROCK3X8|-|1.0|1.0|0.0|120.0|-504.0|-504.0|-120.0|-120.0|136.0|136.0|136.0|136.0
UTNTSkyEdge_tnt04b_17724_1_terrain_1_0|17724|1|2|3112|3115|-1264.0|-1008.0|-1264.0|-976.0|-1263.5|-992.0|-120.0|-120.0|-120.0|QROCK3|QROCK3X8|1.0|1.0|96.0|120.0|8|rock|-|SG001713|-|439|1|0|3115|XA11TEX|-|1.0|1.0|0.0|0.0|0.0|QROCK3X8|-|1.0|1.0|96.0|120.0|-504.0|-504.0|-120.0|-120.0|136.0|136.0|136.0|136.0
UTNTSkyEdge_tnt04b_17724_1_terrain_1_1|17724|1|2|3112|3115|-1264.0|-1008.0|-1264.0|-976.0|-1264.5|-992.0|-120.0|-120.0|-120.0|QROCK3|XA11TEX|1.0|1.0|0.0|0.0|8|gravel|-|SG001716|-|582|1|1|3115|XA11TEX|-|1.0|1.0|0.0|0.0|0.0|QROCK3X8|-|1.0|1.0|96.0|120.0|-504.0|-504.0|-120.0|-120.0|136.0|136.0|136.0|136.0
UTNTSkyEdge_tnt04b_17725_1_terrain_1_0|17725|1|2|3112|3115|-1296.0|-1008.0|-1264.0|-1008.0|-1280.0|-1008.5|-120.0|-120.0|-120.0|QROCK3|QROCK3X8|1.0|1.0|64.0|120.0|8|rock|-|SG001713|-|439|1|0|3115|XA11TEX|-|1.0|1.0|0.0|0.0|0.0|QROCK3X8|-|1.0|1.0|64.0|120.0|-504.0|-504.0|-120.0|-120.0|136.0|136.0|136.0|136.0
UTNTSkyEdge_tnt04b_17725_1_terrain_1_1|17725|1|2|3112|3115|-1296.0|-1008.0|-1264.0|-1008.0|-1280.0|-1007.5|-120.0|-120.0|-120.0|QROCK3|XA11TEX|1.0|1.0|0.0|0.0|8|gravel|-|SG001716|-|582|1|1|3115|XA11TEX|-|1.0|1.0|0.0|0.0|0.0|QROCK3X8|-|1.0|1.0|64.0|120.0|-504.0|-504.0|-120.0|-120.0|136.0|136.0|136.0|136.0
UTNTSkyEdge_tnt04b_17726_1_terrain_1_0|17726|1|2|3112|3116|-1247.0|-1032.0|-1270.0|-1055.0|-1258.8535533905933|-1043.1464466094067|-120.0|-120.0|-120.0|QROCK3|QROCK3X8|1.0|1.0|32.526911935|120.0|8|rock|-|SG001713|-|439|1|0|3116|XA11TEX|-|1.0|1.0|0.0|0.0|0.0|QROCK3X8|-|1.0|1.0|32.526911935|120.0|-504.0|-504.0|-120.0|-120.0|136.0|136.0|136.0|136.0
UTNTSkyEdge_tnt04b_17726_1_terrain_1_1|17726|1|2|3112|3116|-1247.0|-1032.0|-1270.0|-1055.0|-1258.1464466094067|-1043.8535533905933|-120.0|-120.0|-120.0|QROCK3|XA11TEX|1.0|1.0|0.0|0.0|8|gravel|-|SG001717|-|583|1|1|3116|XA11TEX|-|1.0|1.0|0.0|0.0|0.0|QROCK3X8|-|1.0|1.0|32.526911935|120.0|-504.0|-504.0|-120.0|-120.0|136.0|136.0|136.0|136.0
UTNTSkyEdge_tnt04b_17727_1_terrain_1_0|17727|1|2|3112|3116|-1224.0|-1055.0|-1247.0|-1032.0|-1235.1464466094067|-1043.1464466094067|-120.0|-120.0|-120.0|QROCK3|QROCK3X8|1.0|1.0|0.0|120.0|8|rock|-|SG001713|-|439|1|0|3116|XA11TEX|-|1.0|1.0|0.0|0.0|0.0|QROCK3X8|-|1.0|1.0|0.0|120.0|-504.0|-504.0|-120.0|-120.0|136.0|136.0|136.0|136.0
UTNTSkyEdge_tnt04b_17727_1_terrain_1_1|17727|1|2|3112|3116|-1224.0|-1055.0|-1247.0|-1032.0|-1235.8535533905933|-1043.8535533905933|-120.0|-120.0|-120.0|QROCK3|XA11TEX|1.0|1.0|0.0|0.0|8|gravel|-|SG001717|-|583|1|1|3116|XA11TEX|-|1.0|1.0|0.0|0.0|0.0|QROCK3X8|-|1.0|1.0|0.0|120.0|-504.0|-504.0|-120.0|-120.0|136.0|136.0|136.0|136.0
UTNTSkyEdge_tnt04b_17728_1_terrain_1_0|17728|1|2|3112|3116|-1247.0|-1078.0|-1224.0|-1055.0|-1235.1464466094067|-1066.8535533905933|-120.0|-120.0|-120.0|QROCK3|QROCK3X8|1.0|1.0|97.580735804|120.0|8|rock|-|SG001713|-|439|1|0|3116|XA11TEX|-|1.0|1.0|0.0|0.0|0.0|QROCK3X8|-|1.0|1.0|97.580735804|120.0|-504.0|-504.0|-120.0|-120.0|136.0|136.0|136.0|136.0
UTNTSkyEdge_tnt04b_17728_1_terrain_1_1|17728|1|2|3112|3116|-1247.0|-1078.0|-1224.0|-1055.0|-1235.8535533905933|-1066.1464466094067|-120.0|-120.0|-120.0|QROCK3|XA11TEX|1.0|1.0|0.0|0.0|8|gravel|-|SG001717|-|583|1|1|3116|XA11TEX|-|1.0|1.0|0.0|0.0|0.0|QROCK3X8|-|1.0|1.0|97.580735804|120.0|-504.0|-504.0|-120.0|-120.0|136.0|136.0|136.0|136.0
UTNTSkyEdge_tnt04b_17729_1_terrain_1_0|17729|1|2|3112|3116|-1270.0|-1055.0|-1247.0|-1078.0|-1258.8535533905933|-1066.8535533905933|-120.0|-120.0|-120.0|QROCK3|QROCK3X8|1.0|1.0|65.053823869|120.0|8|rock|-|SG001713|-|439|1|0|3116|XA11TEX|-|1.0|1.0|0.0|0.0|0.0|QROCK3X8|-|1.0|1.0|65.053823869|120.0|-504.0|-504.0|-120.0|-120.0|136.0|136.0|136.0|136.0
UTNTSkyEdge_tnt04b_17729_1_terrain_1_1|17729|1|2|3112|3116|-1270.0|-1055.0|-1247.0|-1078.0|-1258.1464466094067|-1066.1464466094067|-120.0|-120.0|-120.0|QROCK3|XA11TEX|1.0|1.0|0.0|0.0|8|gravel|-|SG001717|-|583|1|1|3116|XA11TEX|-|1.0|1.0|0.0|0.0|0.0|QROCK3X8|-|1.0|1.0|65.053823869|120.0|-504.0|-504.0|-120.0|-120.0|136.0|136.0|136.0|136.0
UTNTSkyEdge_tnt04b_17730_1_terrain_1_0|17730|1|2|3112|3117|-1232.0|-1104.0|-1232.0|-1136.0|-1232.5|-1120.0|-120.0|-120.0|-120.0|QROCK3|QROCK3X8|1.0|1.0|32.0|120.0|8|rock|-|SG001713|-|439|1|0|3117|XA11TEX|-|1.0|1.0|0.0|0.0|0.0|QROCK3X8|-|1.0|1.0|32.0|120.0|-504.0|-504.0|-120.0|-120.0|136.0|136.0|136.0|136.0
UTNTSkyEdge_tnt04b_17730_1_terrain_1_1|17730|1|2|3112|3117|-1232.0|-1104.0|-1232.0|-1136.0|-1231.5|-1120.0|-120.0|-120.0|-120.0|QROCK3|XA11TEX|1.0|1.0|0.0|0.0|8|gravel|-|SG001718|-|584|1|1|3117|XA11TEX|-|1.0|1.0|0.0|0.0|0.0|QROCK3X8|-|1.0|1.0|32.0|120.0|-504.0|-504.0|-120.0|-120.0|136.0|136.0|136.0|136.0
UTNTSkyEdge_tnt04b_17731_1_terrain_1_0|17731|1|2|3112|3117|-1200.0|-1104.0|-1232.0|-1104.0|-1216.0|-1103.5|-120.0|-120.0|-120.0|QROCK3|QROCK3X8|1.0|1.0|0.0|120.0|8|rock|-|SG001713|-|439|1|0|3117|XA11TEX|-|1.0|1.0|0.0|0.0|0.0|QROCK3X8|-|1.0|1.0|0.0|120.0|-504.0|-504.0|-120.0|-120.0|136.0|136.0|136.0|136.0
UTNTSkyEdge_tnt04b_17731_1_terrain_1_1|17731|1|2|3112|3117|-1200.0|-1104.0|-1232.0|-1104.0|-1216.0|-1104.5|-120.0|-120.0|-120.0|QROCK3|XA11TEX|1.0|1.0|0.0|0.0|8|gravel|-|SG001718|-|584|1|1|3117|XA11TEX|-|1.0|1.0|0.0|0.0|0.0|QROCK3X8|-|1.0|1.0|0.0|120.0|-504.0|-504.0|-120.0|-120.0|136.0|136.0|136.0|136.0
UTNTSkyEdge_tnt04b_17732_1_terrain_1_0|17732|1|2|3112|3117|-1200.0|-1136.0|-1200.0|-1104.0|-1199.5|-1120.0|-120.0|-120.0|-120.0|QROCK3|QROCK3X8|1.0|1.0|96.0|120.0|8|rock|-|SG001713|-|439|1|0|3117|XA11TEX|-|1.0|1.0|0.0|0.0|0.0|QROCK3X8|-|1.0|1.0|96.0|120.0|-504.0|-504.0|-120.0|-120.0|136.0|136.0|136.0|136.0
UTNTSkyEdge_tnt04b_17732_1_terrain_1_1|17732|1|2|3112|3117|-1200.0|-1136.0|-1200.0|-1104.0|-1200.5|-1120.0|-120.0|-120.0|-120.0|QROCK3|XA11TEX|1.0|1.0|0.0|0.0|8|gravel|-|SG001718|-|584|1|1|3117|XA11TEX|-|1.0|1.0|0.0|0.0|0.0|QROCK3X8|-|1.0|1.0|96.0|120.0|-504.0|-504.0|-120.0|-120.0|136.0|136.0|136.0|136.0
UTNTSkyEdge_tnt04b_17733_1_terrain_1_0|17733|1|2|3112|3117|-1232.0|-1136.0|-1200.0|-1136.0|-1216.0|-1136.5|-120.0|-120.0|-120.0|QROCK3|QROCK3X8|1.0|1.0|64.0|120.0|8|rock|-|SG001713|-|439|1|0|3117|XA11TEX|-|1.0|1.0|0.0|0.0|0.0|QROCK3X8|-|1.0|1.0|64.0|120.0|-504.0|-504.0|-120.0|-120.0|136.0|136.0|136.0|136.0
UTNTSkyEdge_tnt04b_17733_1_terrain_1_1|17733|1|2|3112|3117|-1232.0|-1136.0|-1200.0|-1136.0|-1216.0|-1135.5|-120.0|-120.0|-120.0|QROCK3|XA11TEX|1.0|1.0|0.0|0.0|8|gravel|-|SG001718|-|584|1|1|3117|XA11TEX|-|1.0|1.0|0.0|0.0|0.0|QROCK3X8|-|1.0|1.0|64.0|120.0|-504.0|-504.0|-120.0|-120.0|136.0|136.0|136.0|136.0
UTNTSkyEdge_tnt04b_17734_1_terrain_1_0|17734|1|2|3112|3118|-1280.0|-1168.0|-1280.0|-1232.0|-1280.5|-1200.0|-120.0|-120.0|-120.0|QROCK3|QROCK3X8|1.0|1.0|64.0|120.0|8|rock|-|SG001713|-|439|1|0|3118|XA11TEX|-|1.0|1.0|0.0|0.0|0.0|QROCK3X8|-|1.0|1.0|64.0|120.0|-504.0|-504.0|-120.0|-120.0|136.0|136.0|136.0|136.0
UTNTSkyEdge_tnt04b_17734_1_terrain_1_1|17734|1|2|3112|3118|-1280.0|-1168.0|-1280.0|-1232.0|-1279.5|-1200.0|-120.0|-120.0|-120.0|QROCK3|XA11TEX|1.0|1.0|0.0|0.0|8|gravel|-|SG001719|-|585|1|1|3118|XA11TEX|-|1.0|1.0|0.0|0.0|0.0|QROCK3X8|-|1.0|1.0|64.0|120.0|-504.0|-504.0|-120.0|-120.0|136.0|136.0|136.0|136.0
UTNTSkyEdge_tnt04b_17735_1_terrain_1_0|17735|1|2|3112|3118|-1216.0|-1168.0|-1280.0|-1168.0|-1248.0|-1167.5|-120.0|-120.0|-120.0|QROCK3|QROCK3X8|1.0|1.0|0.0|120.0|8|rock|-|SG001713|-|439|1|0|3118|XA11TEX|-|1.0|1.0|0.0|0.0|0.0|QROCK3X8|-|1.0|1.0|0.0|120.0|-504.0|-504.0|-120.0|-120.0|136.0|136.0|136.0|136.0
UTNTSkyEdge_tnt04b_17735_1_terrain_1_1|17735|1|2|3112|3118|-1216.0|-1168.0|-1280.0|-1168.0|-1248.0|-1168.5|-120.0|-120.0|-120.0|QROCK3|XA11TEX|1.0|1.0|0.0|0.0|8|gravel|-|SG001719|-|585|1|1|3118|XA11TEX|-|1.0|1.0|0.0|0.0|0.0|QROCK3X8|-|1.0|1.0|0.0|120.0|-504.0|-504.0|-120.0|-120.0|136.0|136.0|136.0|136.0
UTNTSkyEdge_tnt04b_17736_1_terrain_1_0|17736|1|2|3112|3118|-1216.0|-1232.0|-1216.0|-1168.0|-1215.5|-1200.0|-120.0|-120.0|-120.0|QROCK3|QROCK3X8|1.0|1.0|192.0|120.0|8|rock|-|SG001713|-|439|1|0|3118|XA11TEX|-|1.0|1.0|0.0|0.0|0.0|QROCK3X8|-|1.0|1.0|192.0|120.0|-504.0|-504.0|-120.0|-120.0|136.0|136.0|136.0|136.0
UTNTSkyEdge_tnt04b_17736_1_terrain_1_1|17736|1|2|3112|3118|-1216.0|-1232.0|-1216.0|-1168.0|-1216.5|-1200.0|-120.0|-120.0|-120.0|QROCK3|XA11TEX|1.0|1.0|0.0|0.0|8|gravel|-|SG001719|-|585|1|1|3118|XA11TEX|-|1.0|1.0|0.0|0.0|0.0|QROCK3X8|-|1.0|1.0|192.0|120.0|-504.0|-504.0|-120.0|-120.0|136.0|136.0|136.0|136.0
UTNTSkyEdge_tnt04b_17737_1_terrain_1_0|17737|1|2|3112|3118|-1280.0|-1232.0|-1216.0|-1232.0|-1248.0|-1232.5|-120.0|-120.0|-120.0|QROCK3|QROCK3X8|1.0|1.0|128.0|120.0|8|rock|-|SG001713|-|439|1|0|3118|XA11TEX|-|1.0|1.0|0.0|0.0|0.0|QROCK3X8|-|1.0|1.0|128.0|120.0|-504.0|-504.0|-120.0|-120.0|136.0|136.0|136.0|136.0
UTNTSkyEdge_tnt04b_17737_1_terrain_1_1|17737|1|2|3112|3118|-1280.0|-1232.0|-1216.0|-1232.0|-1248.0|-1231.5|-120.0|-120.0|-120.0|QROCK3|XA11TEX|1.0|1.0|0.0|0.0|8|gravel|-|SG001719|-|585|1|1|3118|XA11TEX|-|1.0|1.0|0.0|0.0|0.0|QROCK3X8|-|1.0|1.0|128.0|120.0|-504.0|-504.0|-120.0|-120.0|136.0|136.0|136.0|136.0
UTNTSkyEdge_tnt04b_17742_0_terrain_2_1|17742|0|1|3112|3112|-1328.0|-928.0|-1344.0|-800.0|-1335.5038610616432|-863.9379826327054|-504.0|-504.0|-504.0|QROCK1|XA11TEX|1.0|1.0|0.0|0.0|14|gravel|-|SG001720|-|439|2|1|3112|XA11TEX|-|1.0|1.0|0.0|0.0|0.0|QROCK1X8|-|1.0|1.0|123.324200485|120.0|-504.0|-504.0|0|0|136.0|136.0|0|0
UTNTSkyEdge_tnt04b_17743_0_terrain_2_1|17743|0|1|3112|3112|-1168.0|-928.0|-1152.0|-1024.0|-1160.493196961916|-976.0821994936526|-504.0|-504.0|-504.0|QROCK1|XA11TEX|1.0|1.0|0.0|0.0|14|gravel|-|SG001721|-|439|2|1|3112|XA11TEX|-|1.0|1.0|0.0|0.0|0.0|QROCK1X8|-|1.0|1.0|101.324200485|120.0|-504.0|-504.0|0|0|136.0|136.0|0|0
UTNTSkyEdge_tnt04b_17744_0_terrain_2_1|17744|0|1|3112|3112|-1328.0|-1248.0|-1344.0|-1152.0|-1335.506803038084|-1199.9178005063472|-504.0|-504.0|-504.0|QROCK1|XA11TEX|1.0|1.0|0.0|0.0|14|gravel|-|SG001722|-|439|2|1|3112|XA11TEX|-|1.0|1.0|0.0|0.0|0.0|QROCK1X8|-|1.0|1.0|185.324200485|120.0|-504.0|-504.0|0|0|136.0|136.0|0|0
