UTNTSkyEdge_tnt01_947_0|947|0|1|1471|1471|6624.0|1280.0|6368.0|1248.0|6495.937982632706|1264.4961389383568|480.0|480.0|480.0|QROCK3X8|QROCK3X8|1.0|1.0|327.025422633|32.0|22|rock|-|SG000000|-|0
UTNTSkyEdge_tnt01_1561_0|1561|0|1|1423|1423|5376.0|1808.0|5460.0|1924.0|5418.4049710607715|1865.7067450939242|480.0|480.0|480.0|QROCK3|QROCK3X8|1.0|1.0|223.554002227|32.0|8.4|rock|-|SG000001|-|1
UTNTSkyEdge_tnt01_1564_0|1564|0|1|171|171|5504.0|1984.0|5568.0|2016.0|5536.22360679775|1999.5527864045|480.0|480.0|480.0|QROCK3|QROCK3X8|1.0|1.0|185.404300951|32.0|15.6|rock|-|SG000002|-|2
UTNTSkyEdge_tnt01_1565_0|1565|0|1|133|133|5632.0|2048.0|5696.0|2176.0|5664.4472135955|2111.77639320225|480.0|480.0|480.0|QROCK3X8|QROCK3X8|1.0|1.0|71.55417528|32.0|22|rock|-|SG000003|-|3
UTNTSkyEdge_tnt01_1566_0|1566|0|1|133|133|5696.0|2176.0|5696.0|2240.0|5696.5|2208.0|480.0|480.0|480.0|QROCK3X8|QROCK3X8|1.0|1.0|214.66252584|32.0|22|rock|-|SG000003|-|3
UTNTSkyEdge_tnt01_1567_0|1567|0|1|133|133|5696.0|2240.0|5824.0|2368.0|5760.353553390593|2303.6464466094067|480.0|480.0|480.0|QROCK3X8|QROCK3X8|1.0|1.0|278.66252584|32.0|22|rock|-|SG000003|-|3
UTNTSkyEdge_tnt01_1568_0|1568|0|1|133|133|5824.0|2368.0|6016.0|2368.0|5920.0|2367.5|480.0|480.0|480.0|QROCK3X8|QROCK3X8|1.0|1.0|459.681861824|32.0|22|rock|-|SG000003|-|3
UTNTSkyEdge_tnt01_1569_0|1569|0|1|133|133|6016.0|2368.0|6144.0|2304.0|6079.77639320225|2335.5527864045002|480.0|480.0|480.0|QROCK3X8|QROCK3X8|1.0|1.0|651.681861824|32.0|22|rock|-|SG000003|-|3
UTNTSkyEdge_tnt01_1570_0|1570|0|1|133|133|6144.0|2304.0|6192.0|2304.0|6168.0|2303.5|480.0|480.0|480.0|QROCK3X8|QROCK3X8|1.0|1.0|794.790212384|32.0|22|rock|-|SG000003|-|3
UTNTSkyEdge_tnt01_1571_0|1571|0|1|1472|1472|6400.0|2304.0|6496.0|2240.0|6447.722649901887|2271.583974852831|480.0|480.0|480.0|QROCK3X8|QROCK3X8|1.0|1.0|26.790212384|32.0|22|rock|-|SG000004|-|4
UTNTSkyEdge_tnt01_1577_0|1577|0|1|1427|1427|5592.0|844.0|5536.0|912.0|5564.385965117808|878.3178536264305|480.0|480.0|480.0|QROCK3|QROCK3X8|1.0|1.0|208.245154966|32.0|12.0|rock|-|SG000005|-|5
UTNTSkyEdge_tnt01_1578_0|1578|0|1|1427|1427|5752.0|864.0|5592.0|844.0|5671.937982632706|854.4961389383568|480.0|480.0|480.0|QROCK3|QROCK3X8|1.0|1.0|47.0|32.0|12.0|rock|-|SG000005|-|5
UTNTSkyEdge_tnt01_1579_0|1579|0|1|1422|1422|5976.0|1008.0|5888.0|920.0|5931.646446609407|964.3535533905932|480.0|480.0|480.0|QROCK3|QROCK3X8|1.0|1.0|32.0|32.0|18.0|rock|-|SG000006|-|6
UTNTSkyEdge_tnt01_1580_0|1580|0|1|1471|1471|6816.0|1504.0|6624.0|1280.0|6719.6203716988175|1392.325395686728|480.0|480.0|480.0|QROCK3X8|QROCK3X8|1.0|1.0|32.0|32.0|22|rock|-|SG000000|-|0
UTNTSkyEdge_tnt01_1581_0|1581|0|1|1471|1471|6368.0|1248.0|6288.0|1248.0|6328.0|1248.5|480.0|480.0|480.0|QROCK3X8|QROCK3X8|1.0|1.0|585.017670579|32.0|22|rock|-|SG000000|-|0
UTNTSkyEdge_tnt01_1589_0|1589|0|1|1426|1426|5888.0|920.0|5752.0|864.0|5819.809625097373|892.4623390492374|480.0|480.0|480.0|QROCK3|QROCK3X8|1.0|1.0|28.0|32.0|16.2|rock|-|SG000007|-|7
UTNTSkyEdge_tnt01_1638_0|1638|0|1|1423|1423|5376.0|1664.0|5392.0|1728.0|5384.485071250073|1695.8787321874818|480.0|480.0|480.0|QROCK3|QROCK3X8|1.0|1.0|76.0|32.0|8.4|rock|-|SG000001|-|1
UTNTSkyEdge_tnt01_1651_0|1651|0|1|1471|1471|6816.0|1536.0|6816.0|1504.0|6815.5|1520.0|480.0|480.0|480.0|QROCK3X8|QROCK3X8|1.0|1.0|0.0|32.0|22|rock|-|SG000000|-|0
UTNTSkyEdge_tnt01_1653_1|1653|1|0|1471|1471|6816.0|1664.0|6816.0|1536.0|6815.5|1600.0|480.0|480.0|480.0|QROCK3|QROCK3X8|1.0|1.0|9.0|-448.0|22|rock|-|SG000000|-|0
UTNTSkyEdge_tnt01_2408_0|2408|0|1|2745|2745|7024.0|-4992.0|7040.0|-4944.0|7032.4743416490255|-4968.158113883009|480.0|480.0|480.0|QROCK3|QROCK3X8|1.0|1.0|216.579034481|32.0|7|rock|-|SG000008|-|8
UTNTSkyEdge_tnt01_2409_0|2409|0|1|2745|2745|7008.0|-4848.0|7024.0|-4784.0|7016.485071250073|-4816.121267812518|480.0|480.0|480.0|QROCK3|QROCK3X8|1.0|1.0|368.368362169|32.0|7|rock|-|SG000008|-|8
UTNTSkyEdge_tnt01_2410_0|2410|0|1|2745|2745|6976.0|-4768.0|6944.0|-4832.0|6959.5527864045|-4799.77639320225|480.0|480.0|480.0|QROCK3|QROCK3X8|1.0|1.0|484.934494741|32.0|7|rock|-|SG000008|-|8
UTNTSkyEdge_tnt01_2411_0|2411|0|1|2745|2745|6848.0|-4896.0|6784.0|-4928.0|6815.77639320225|-4911.5527864045|480.0|480.0|480.0|QROCK3|QROCK3X8|1.0|1.0|671.866310836|32.0|7|rock|-|SG000008|-|8
UTNTSkyEdge_tnt01_2412_0|2412|0|1|2745|2745|6784.0|-4928.0|6688.0|-4960.0|6735.841886116991|-4943.5256583509745|480.0|480.0|480.0|QROCK3|QROCK3X8|1.0|1.0|743.420486116|32.0|7|rock|-|SG000008|-|8
UTNTSkyEdge_tnt01_2413_0|2413|0|1|2745|2745|6688.0|-4960.0|6640.0|-4944.0|6664.158113883009|-4951.5256583509745|480.0|480.0|480.0|QROCK3|QROCK3X8|1.0|1.0|844.613371242|32.0|7|rock|-|SG000008|-|8
UTNTSkyEdge_tnt01_2414_0|2414|0|1|2745|2745|6640.0|-4944.0|6528.0|-4896.0|6584.19695964929|-4919.540427484991|480.0|480.0|480.0|QROCK3|QROCK3X8|1.0|1.0|895.209813804|32.0|7|rock|-|SG000008|-|8
UTNTSkyEdge_tnt01_2415_0|2415|0|1|2745|2745|6528.0|-4896.0|6432.0|-4912.0|6479.917800506348|-4903.5068030380835|480.0|480.0|480.0|QROCK3|QROCK3X8|1.0|1.0|1017.062183498|32.0|7|rock|-|SG000008|-|8
UTNTSkyEdge_tnt01_2416_0|2416|0|1|2745|2745|6432.0|-4912.0|6368.0|-4976.0|6399.646446609407|-4943.646446609407|480.0|480.0|480.0|QROCK3|QROCK3X8|1.0|1.0|90.386383983|32.0|7|rock|-|SG000008|-|8
UTNTSkyEdge_tnt01_2417_0|2417|0|1|2745|2745|6368.0|-4976.0|6272.0|-4960.0|6320.082199493652|-4967.5068030380835|480.0|480.0|480.0|QROCK3|QROCK3X8|1.0|1.0|180.896051975|32.0|7|rock|-|SG000008|-|8
UTNTSkyEdge_tnt01_2418_0|2418|0|1|2745|2745|6272.0|-4960.0|6192.0|-4944.0|6232.098058067569|-4951.509709662155|480.0|480.0|480.0|QROCK3|QROCK3X8|1.0|1.0|278.22025246|32.0|7|rock|-|SG000008|-|8
UTNTSkyEdge_tnt01_2419_0|2419|0|1|2745|2745|6192.0|-4944.0|6128.0|-4896.0|6160.3|-4919.6|480.0|480.0|480.0|QROCK3|QROCK3X8|1.0|1.0|359.804564677|32.0|7|rock|-|SG000008|-|8
UTNTSkyEdge_tnt01_2420_0|2420|0|1|2745|2745|7040.0|-4944.0|7008.0|-4848.0|7024.4743416490255|-4895.841886116991|480.0|480.0|480.0|QROCK3|QROCK3X8|1.0|1.0|267.175477043|32.0|7|rock|-|SG000008|-|8
UTNTSkyEdge_tnt01_2421_0|2421|0|1|2745|2745|6128.0|-4800.0|6144.0|-4736.0|6136.485071250073|-4768.121267812518|480.0|480.0|480.0|QROCK3|QROCK3X8|1.0|1.0|535.804564677|32.0|7|rock|-|SG000008|-|8
UTNTSkyEdge_tnt01_2422_0|2422|0|1|2745|2745|6144.0|-4736.0|6096.0|-4752.0|6119.841886116991|-4743.5256583509745|480.0|480.0|480.0|QROCK3|QROCK3X8|1.0|1.0|601.774254687|32.0|7|rock|-|SG000008|-|8
UTNTSkyEdge_tnt01_2423_0|2423|0|1|2745|2745|6944.0|-4832.0|6848.0|-4896.0|6895.722649901887|-4863.5839748528315|480.0|480.0|480.0|QROCK3|QROCK3X8|1.0|1.0|556.488670021|32.0|7|rock|-|SG000008|-|8
UTNTSkyEdge_tnt01_2424_0|2424|0|1|2745|2745|6064.0|-4832.0|6000.0|-4928.0|6031.5839748528315|-4879.722649901887|480.0|480.0|480.0|QROCK3|QROCK3X8|1.0|1.0|738.533334164|32.0|7|rock|-|SG000008|-|8
UTNTSkyEdge_tnt01_2425_0|2425|0|1|2745|2745|6096.0|-4752.0|6064.0|-4832.0|6079.535761654557|-4791.814304661823|480.0|480.0|480.0|QROCK3|QROCK3X8|1.0|1.0|652.37069725|32.0|7|rock|-|SG000008|-|8
UTNTSkyEdge_tnt01_2426_0|2426|0|1|2745|2745|6128.0|-4896.0|6128.0|-4800.0|6128.5|-4848.0|480.0|480.0|480.0|QROCK3|QROCK3X8|1.0|1.0|439.804564677|32.0|7|rock|-|SG000008|-|8
UTNTSkyEdge_tnt01_2427_0|2427|0|1|2745|2745|6000.0|-4928.0|6000.0|-5024.0|5999.5|-4976.0|480.0|480.0|480.0|QROCK3|QROCK3X8|1.0|1.0|853.910974979|32.0|7|rock|-|SG000008|-|8
UTNTSkyEdge_tnt01_2428_0|2428|0|1|2745|2745|6000.0|-5024.0|6032.0|-5120.0|6015.5256583509745|-5072.158113883009|480.0|480.0|480.0|QROCK3|QROCK3X8|1.0|1.0|949.910974979|32.0|7|rock|-|SG000008|-|8
UTNTSkyEdge_tnt01_2985_0|2985|0|1|2745|2745|7024.0|-4784.0|6976.0|-4768.0|7000.158113883009|-4775.5256583509745|480.0|480.0|480.0|QROCK3|QROCK3X8|1.0|1.0|434.338052179|32.0|7|rock|-|SG000008|-|8
UTNTSkyEdge_tnt01_3612_0|3612|0|1|3678|3678|-1568.0|2496.0|-1520.0|2272.0|-1544.4889012070387|2383.8952354556345|640.0|640.0|640.0|QROCK3|QROCK3X8|1.0|1.0|5.0|0.0|22|rock|-|SG000009|-|9
UTNTSkyEdge_tnt01_3613_0|3613|0|1|748|748|-1920.0|2688.0|-1568.0|2496.0|-1744.2394260653402|2591.561052213543|640.0|640.0|640.0|QROCK3|QROCK3X8|1.0|1.0|116.0|0.0|22|rock|-|SG000010|-|10
UTNTSkyEdge_tnt01_3614_0|3614|0|1|751|751|-2688.0|2656.0|-2528.0|2688.0|-2607.901941932431|2671.5097096621544|640.0|640.0|640.0|QROCK3|QROCK3X8|1.0|1.0|102.0|0.0|22|rock|-|SG000011|-|11
UTNTSkyEdge_tnt01_3615_0|3615|0|1|3678|3678|-2944.0|2432.0|-2688.0|2656.0|-2815.6707476960655|2543.6237116526468|640.0|640.0|640.0|QROCK3|QROCK3X8|1.0|1.0|34.0|0.0|22|rock|-|SG000009|-|9
UTNTSkyEdge_tnt01_3617_0|3617|0|1|574|574|-3392.0|2176.0|-3168.0|2304.0|-3279.7519305308215|2239.5658784289376|640.0|640.0|640.0|QROCK3|QROCK3X8|1.0|1.0|285.66252584|0.0|22|rock|-|SG000012|-|12
UTNTSkyEdge_tnt01_3618_0|3618|0|1|742|742|-3584.0|1792.0|-3488.0|1984.0|-3535.5527864045002|1887.7763932022501|640.0|640.0|640.0|QROCK3|QROCK3X8|1.0|1.0|624.050845267|0.0|22|rock|-|SG000013|-|13
UTNTSkyEdge_tnt01_3619_0|3619|0|1|742|742|-3584.0|1216.0|-3648.0|1504.0|-3615.511906469908|1360.1084652289094|640.0|640.0|640.0|QROCK3|QROCK3X8|1.0|1.0|34.0|0.0|22|rock|-|SG000013|-|13
UTNTSkyEdge_tnt01_3620_0|3620|0|1|754|754|-4000.0|160.0|-4192.0|480.0|-4095.5712535371435|320.2572478777138|640.0|640.0|640.0|QROCK3|QROCK3X8|1.0|1.0|43.0|0.0|22|rock|-|SG000014|-|14
UTNTSkyEdge_tnt01_3621_0|3621|0|1|753|753|-3648.0|64.0|-4000.0|160.0|-3823.868441297104|112.48238191061887|640.0|640.0|640.0|QROCK3|QROCK3X8|1.0|1.0|62.0|0.0|22|rock|-|SG000015|-|15
UTNTSkyEdge_tnt01_3622_0|3622|0|1|884|884|-3456.0|-576.0|-3648.0|64.0|-3551.5210868573895|-255.85632605721682|640.0|640.0|640.0|QROCK3X8|QROCK3X8|1.0|1.0|0.0|0.0|22|rock|-|SG000016|-|16
UTNTSkyEdge_tnt01_3623_0|3623|0|1|580|580|-2528.0|-864.0|-2720.0|-832.0|-2623.9178005063472|-847.506803038084|640.0|640.0|640.0|QROCK3X8|QROCK3X8|1.0|1.0|317.399481334|0.0|22|rock|-|SG000017|-|17
UTNTSkyEdge_tnt01_3626_0|3626|0|1|3676|3676|-2880.0|448.0|-2864.0|368.0|-2872.4902903378456|407.90194193243093|640.0|640.0|640.0|QROCK3X8|QROCK3X8|1.0|1.0|0.0|0.0|22|rock|-|SG000018|-|18
UTNTSkyEdge_tnt01_3627_0|3627|0|1|762|762|-2880.0|1024.0|-2624.0|672.0|-2752.4043680421514|847.7059141511625|640.0|640.0|640.0|QROCK3X8|QROCK3X8|1.0|1.0|295.025422633|0.0|22|rock|-|SG000019|-|19
UTNTSkyEdge_tnt01_3628_0|3628|0|1|575|575|-2304.0|1152.0|-2592.0|1088.0|-2448.108465228909|1120.4880935300919|640.0|640.0|640.0|QROCK3|QROCK3X8|1.0|1.0|353.904667076|0.0|22|rock|-|SG000020|-|20
UTNTSkyEdge_tnt01_3630_0|3630|0|1|3678|3678|-2176.0|1728.0|-2240.0|1728.0|-2208.0|1728.5|640.0|640.0|640.0|QROCK3X8|QROCK3X8|1.0|1.0|1003.886905818|0.0|22|rock|-|SG000009|-|9
UTNTSkyEdge_tnt01_3631_0|3631|0|1|3678|3678|-2112.0|1600.0|-2176.0|1728.0|-2143.5527864045002|1664.2236067977499|640.0|640.0|640.0|QROCK3X8|QROCK3X8|1.0|1.0|860.778555258|0.0|22|rock|-|SG000009|-|9
UTNTSkyEdge_tnt01_4539_0|4539|0|1|574|574|-3488.0|1984.0|-3392.0|2176.0|-3439.5527864045002|2079.77639320225|640.0|640.0|640.0|QROCK3|QROCK3X8|1.0|1.0|71.0|0.0|22|rock|-|SG000012|-|12
UTNTSkyEdge_tnt01_4544_0|4544|0|1|743|743|-3168.0|2304.0|-2944.0|2432.0|-3055.7519305308215|2367.5658784289376|640.0|640.0|640.0|QROCK3|QROCK3X8|1.0|1.0|32.0|0.0|22|rock|-|SG000021|-|21
UTNTSkyEdge_tnt01_4550_0|4550|0|1|745|745|-2592.0|1088.0|-2880.0|1024.0|-2736.108465228909|1056.4880935300919|640.0|640.0|640.0|QROCK3X8|QROCK3X8|1.0|1.0|0.0|0.0|22|rock|-|SG000022|-|22
UTNTSkyEdge_tnt01_4554_0|4554|0|1|575|575|-2224.0|1440.0|-2304.0|1152.0|-2264.481758954815|1296.133821931893|640.0|640.0|640.0|QROCK3|QROCK3X8|1.0|1.0|55.0|0.0|22|rock|-|SG000020|-|20
UTNTSkyEdge_tnt01_4558_0|4558|0|1|3678|3678|-3648.0|1120.0|-3584.0|1216.0|-3615.583974852831|1167.7226499018873|640.0|640.0|640.0|QROCK3|QROCK3X8|1.0|1.0|104.0|0.0|22|rock|-|SG000009|-|9
UTNTSkyEdge_tnt01_4561_0|4561|0|1|3676|3676|-4192.0|480.0|-4272.0|592.0|-4231.593133264397|536.2906190968596|640.0|640.0|640.0|QROCK3|QROCK3X8|1.0|1.0|32.0|0.0|22|rock|-|SG000018|-|18
UTNTSkyEdge_tnt01_4565_0|4565|0|1|742|742|-3648.0|1504.0|-3584.0|1792.0|-3615.511906469908|1647.8915347710906|640.0|640.0|640.0|QROCK3|QROCK3X8|1.0|1.0|329.025422633|0.0|22|rock|-|SG000013|-|13
UTNTSkyEdge_tnt01_4566_0|4566|0|1|752|752|-2368.0|2720.0|-2144.0|2704.0|-2256.0356235249938|2711.5012706500847|640.0|640.0|640.0|QROCK3|QROCK3X8|1.0|1.0|2.0|0.0|22|rock|-|SG000023|-|23
UTNTSkyEdge_tnt01_4581_0|4581|0|1|750|750|-2528.0|2688.0|-2368.0|2720.0|-2447.901941932431|2703.5097096621544|640.0|640.0|640.0|QROCK3|QROCK3X8|1.0|1.0|9.0|0.0|22|rock|-|SG000024|-|24
UTNTSkyEdge_tnt01_4585_0|4585|0|1|749|749|-2144.0|2704.0|-1920.0|2688.0|-2032.035623524994|2695.5012706500847|640.0|640.0|640.0|QROCK3|QROCK3X8|1.0|1.0|19.0|0.0|22|rock|-|SG000025|-|25
UTNTSkyEdge_tnt01_4599_0|4599|0|1|760|760|-3296.0|-864.0|-3456.0|-576.0|-3375.562921361939|-719.7571785344106|640.0|640.0|640.0|QROCK3|QROCK3X8|1.0|1.0|89.0|0.0|22|rock|-|SG000026|-|26
UTNTSkyEdge_tnt01_4600_0|4600|0|1|758|758|-2912.0|-800.0|-3296.0|-864.0|-3104.0821994936528|-831.506803038084|640.0|640.0|640.0|QROCK3|QROCK3X8|1.0|1.0|84.0|0.0|22|rock|-|SG000027|-|27
UTNTSkyEdge_tnt01_4611_0|4611|0|1|580|580|-2432.0|-768.0|-2528.0|-864.0|-2480.3535533905933|-815.6464466094068|640.0|640.0|640.0|QROCK3X8|QROCK3X8|1.0|1.0|181.634979347|0.0|22|rock|-|SG000017|-|17
UTNTSkyEdge_tnt01_4614_0|4614|0|1|757|757|-2720.0|-832.0|-2912.0|-800.0|-2815.9178005063472|-815.506803038084|640.0|640.0|640.0|QROCK3|QROCK3X8|1.0|1.0|17.0|0.0|22|rock|-|SG000028|-|28
UTNTSkyEdge_tnt01_4623_0|4623|0|1|761|761|-2624.0|672.0|-2880.0|448.0|-2752.3292523039345|560.3762883473535|640.0|640.0|640.0|QROCK3|QROCK3X8|1.0|1.0|77.0|0.0|22|rock|-|SG000029|-|29
UTNTSkyEdge_tnt01_4696_0|4696|0|1|746|746|-2240.0|1728.0|-2184.0|1552.0|-2212.4764628900066|1639.8483981713616|640.0|640.0|640.0|QROCK3|QROCK3X8|1.0|1.0|7.0|0.0|22|rock|-|SG000030|-|30
UTNTSkyEdge_tnt01_4778_0|4778|0|1|884|884|-2336.0|-672.0|-2432.0|-768.0|-2384.3535533905933|-719.6464466094068|640.0|640.0|640.0|QROCK3X8|QROCK3X8|1.0|1.0|45.870477359|0.0|22|rock|-|SG000016|-|16
UTNTSkyEdge_tnt01_5092_0|5092|0|1|3678|3678|-1856.0|1104.0|-2048.0|1232.0|-1951.7226499018873|1168.416025147169|640.0|640.0|640.0|QROCK3X8|QROCK3X8|1.0|1.0|256.49951267|0.0|22|rock|-|SG000009|-|9
UTNTSkyEdge_tnt01_5093_0|5093|0|1|3678|3678|-1600.0|1088.0|-1856.0|1104.0|-1727.9688108569223|1096.4990262892416|640.0|640.0|640.0|QROCK3X8|QROCK3X8|1.0|1.0|0.0|0.0|22|rock|-|SG000009|-|9
UTNTSkyEdge_tnt01_5094_0|5094|0|1|3678|3678|-2048.0|1232.0|-2112.0|1600.0|-2079.50739412259|1416.0856705873757|640.0|640.0|640.0|QROCK3X8|QROCK3X8|1.0|1.0|487.2547943|0.0|22|rock|-|SG000009|-|9
UTNTSkyEdge_tnt01_5128_1|5128|1|0|3678|3678|-1600.0|1168.0|-1600.0|1088.0|-1600.5|1128.0|640.0|640.0|640.0|QROCK3|QROCK3X8|1.0|1.0|395.596889607|-928.0|22|rock|-|SG000009|-|9
UTNTSkyEdge_tnt01_5129_1|5129|1|0|3678|3678|-1664.0|1216.0|-1600.0|1168.0|-1632.3|1191.6|640.0|640.0|640.0|QROCK3|QROCK3X8|1.0|1.0|315.596889607|-928.0|22|rock|-|SG000009|-|9
UTNTSkyEdge_tnt01_5130_1|5130|1|0|3678|3678|-1664.0|1248.0|-1664.0|1216.0|-1664.5|1232.0|640.0|640.0|640.0|QROCK3|QROCK3X8|1.0|1.0|283.596889607|-928.0|22|rock|-|SG000009|-|9
UTNTSkyEdge_tnt01_5131_1|5131|1|0|3678|3678|-1760.0|1344.0|-1664.0|1248.0|-1712.3535533905933|1295.6464466094067|640.0|640.0|640.0|QROCK3|QROCK3X8|1.0|1.0|147.832387619|-928.0|22|rock|-|SG000009|-|9
UTNTSkyEdge_tnt01_5132_1|5132|1|0|3678|3678|-1728.0|1424.0|-1760.0|1344.0|-1744.4642383454427|1384.185695338177|640.0|640.0|640.0|QROCK3|QROCK3X8|1.0|1.0|61.669750705|-928.0|22|rock|-|SG000009|-|9
UTNTSkyEdge_tnt01_5133_1|5133|1|0|3678|3678|-1696.0|1472.0|-1728.0|1424.0|-1712.416025147169|1448.2773500981127|640.0|640.0|640.0|QROCK3|QROCK3X8|1.0|1.0|3.980930298|-928.0|22|rock|-|SG000009|-|9
UTNTSkyEdge_tnt01_5134_1|5134|1|0|3678|3678|-1696.0|1552.0|-1696.0|1472.0|-1696.5|1512.0|640.0|640.0|640.0|QROCK3|QROCK3X8|1.0|1.0|947.980930298|-928.0|22|rock|-|SG000009|-|9
UTNTSkyEdge_tnt01_5135_1|5135|1|0|3678|3678|-1728.0|1648.0|-1696.0|1552.0|-1712.4743416490253|1599.8418861169916|640.0|640.0|640.0|QROCK3|QROCK3X8|1.0|1.0|846.788045172|-928.0|22|rock|-|SG000009|-|9
UTNTSkyEdge_tnt01_5136_1|5136|1|0|3678|3678|-1696.0|1728.0|-1728.0|1648.0|-1712.4642383454427|1688.185695338177|640.0|640.0|640.0|QROCK3|QROCK3X8|1.0|1.0|760.625408258|-928.0|22|rock|-|SG000009|-|9
UTNTSkyEdge_tnt01_5137_1|5137|1|0|3678|3678|-1728.0|1776.0|-1696.0|1728.0|-1712.416025147169|1751.7226499018873|640.0|640.0|640.0|QROCK3|QROCK3X8|1.0|1.0|702.936587851|-928.0|22|rock|-|SG000009|-|9
UTNTSkyEdge_tnt01_5138_1|5138|1|0|3678|3678|-1712.0|1888.0|-1728.0|1776.0|-1720.4949747468306|1832.0707106781188|640.0|640.0|640.0|QROCK3|QROCK3X8|1.0|1.0|589.799502861|-928.0|22|rock|-|SG000009|-|9
UTNTSkyEdge_tnt01_5139_1|5139|1|0|3678|3678|-1632.0|1936.0|-1712.0|1888.0|-1672.2572478777138|1912.4287464628562|640.0|640.0|640.0|QROCK3|QROCK3X8|1.0|1.0|496.504272544|-928.0|22|rock|-|SG000009|-|9
UTNTSkyEdge_tnt01_5140_1|5140|1|0|3678|3678|-1632.0|2000.0|-1632.0|1936.0|-1632.5|1968.0|640.0|640.0|640.0|QROCK3|QROCK3X8|1.0|1.0|432.504272544|-928.0|22|rock|-|SG000009|-|9
UTNTSkyEdge_tnt01_5141_1|5141|1|0|3678|3678|-1552.0|2096.0|-1632.0|2000.0|-1592.3841106397988|2048.3200921998323|640.0|640.0|640.0|QROCK3|QROCK3X8|1.0|1.0|307.540277729|-928.0|22|rock|-|SG000009|-|9
UTNTSkyEdge_tnt01_5142_1|5142|1|0|3678|3678|-1584.0|2176.0|-1552.0|2096.0|-1568.4642383454427|2135.814304661823|640.0|640.0|640.0|QROCK3|QROCK3X8|1.0|1.0|221.377640815|-928.0|22|rock|-|SG000009|-|9
UTNTSkyEdge_tnt01_5144_1|5144|1|0|3678|3678|-1520.0|2272.0|-1584.0|2176.0|-1552.416025147169|2224.2773500981125|640.0|640.0|640.0|QROCK3|QROCK3X8|1.0|1.0|106.0|-928.0|22|rock|-|SG000009|-|9
UTNTSkyEdge_tnt01_5145_0|5145|0|1|746|746|-2184.0|1552.0|-2224.0|1440.0|-2204.4708709557976|1496.1681681984992|640.0|640.0|640.0|QROCK3|QROCK3X8|1.0|1.0|191.69434209|0.0|22|rock|-|SG000030|-|30
UTNTSkyEdge_tnt01_5287_0|5287|0|0|3676|3676|-4272.0|592.0|-4208.0|592.0|-4240.0|591.5|640.0|640.0|640.0|QROCK3|QROCK3X8|1.0|1.0|24.0|-768.0|22|rock|-|SG000018|-|18
UTNTSkyEdge_tnt01_5288_0|5288|0|0|3676|3676|-4208.0|592.0|-4128.0|688.0|-4167.615889360201|639.6799078001677|640.0|640.0|640.0|QROCK3|QROCK3X8|1.0|1.0|88.0|-768.0|22|rock|-|SG000018|-|18
UTNTSkyEdge_tnt01_5289_0|5289|0|0|3676|3676|-4128.0|688.0|-4000.0|688.0|-4064.0|687.5|640.0|640.0|640.0|QROCK3|QROCK3X8|1.0|1.0|212.963994815|-768.0|22|rock|-|SG000018|-|18
UTNTSkyEdge_tnt01_5290_0|5290|0|0|3676|3676|-4000.0|688.0|-3904.0|800.0|-3951.6203716988175|743.674604313272|640.0|640.0|640.0|QROCK3|QROCK3X8|1.0|1.0|340.963994815|-768.0|22|rock|-|SG000018|-|18
UTNTSkyEdge_tnt01_5291_0|5291|0|0|3676|3676|-3904.0|800.0|-3936.0|912.0|-3919.5192380261797|856.1373605639487|640.0|640.0|640.0|QROCK3|QROCK3X8|1.0|1.0|488.476706131|-768.0|22|rock|-|SG000018|-|18
UTNTSkyEdge_tnt01_5292_0|5292|0|0|3676|3676|-3936.0|912.0|-3840.0|1024.0|-3887.6203716988175|967.674604313272|640.0|640.0|640.0|QROCK3|QROCK3X8|1.0|1.0|604.95846436|-768.0|22|rock|-|SG000018|-|18
UTNTSkyEdge_tnt01_5293_0|5293|0|0|3676|3676|-3840.0|1024.0|-3744.0|1040.0|-3791.9178005063472|1031.506803038084|640.0|640.0|640.0|QROCK3|QROCK3X8|1.0|1.0|752.471175676|-768.0|22|rock|-|SG000018|-|18
UTNTSkyEdge_tnt01_5294_0|5294|0|1|3676|3676|-3712.0|1120.0|-3648.0|1120.0|-3680.0|1119.5|640.0|640.0|640.0|QROCK3|QROCK3X8|1.0|1.0|40.0|0.0|22|rock|-|SG000018|-|18
UTNTSkyEdge_tnt01_5295_0|5295|0|0|3676|3676|-3744.0|1040.0|-3712.0|1120.0|-3727.5357616545575|1079.814304661823|640.0|640.0|640.0|QROCK3|QROCK3X8|1.0|1.0|849.795376161|-768.0|22|rock|-|SG000018|-|18
UTNTSkyEdge_tnt01_5324_0|5324|0|1|884|884|-2864.0|368.0|-2352.0|272.0|-2608.092144267525|319.50856390653286|640.0|640.0|640.0|QROCK3X8|QROCK3X8|1.0|1.0|81.584312217|0.0|22|rock|-|SG000016|-|16
UTNTSkyEdge_tnt01_8002_0|8002|0|1|1458|1458|5568.0|2016.0|5584.0|2024.0|5576.22360679775|2019.5527864045|480.0|480.0|480.0|QROCK3X8|QROCK3X8|1.0|1.0|0.0|32.0|21.599999999999998|rock|-|SG000031|-|31
UTNTSkyEdge_tnt01_8004_0|8004|0|1|171|171|5460.0|1924.0|5504.0|1984.0|5482.403202497928|1953.7043181681863|480.0|480.0|480.0|QROCK3|QROCK3X8|1.0|1.0|111.0|32.0|15.6|rock|-|SG000002|-|2
UTNTSkyEdge_tnt01_8009_0|8009|0|1|1423|1423|5392.0|1728.0|5376.0|1808.0|5384.490290337845|1768.0980580675691|480.0|480.0|480.0|QROCK3|QROCK3X8|1.0|1.0|141.96969001|32.0|8.4|rock|-|SG000001|-|1
UTNTSkyEdge_tnt01_8016_0|8016|0|1|1425|1425|6096.0|1200.0|6080.0|1184.0|6087.646446609407|1192.3535533905933|480.0|480.0|480.0|QROCK3X8|QROCK3X8|1.0|1.0|866.906214399|32.0|22|rock|-|SG000032|-|32
UTNTSkyEdge_tnt01_8021_0|8021|0|1|1468|1468|5600.0|2032.0|5632.0|2048.0|5616.22360679775|2039.5527864045|480.0|480.0|480.0|QROCK3X8|QROCK3X8|1.0|1.0|35.77708764|32.0|22|rock|-|SG000033|-|33
UTNTSkyEdge_tnt01_8029_0|8029|0|1|1430|1430|6080.0|1184.0|6064.0|1156.0|6071.565878428938|1170.2480694691785|480.0|480.0|480.0|QROCK3X8|QROCK3X8|1.0|1.0|889.533631397|32.0|22|rock|-|SG000034|-|34
UTNTSkyEdge_tnt01_8198_0|8198|0|1|1430|1430|5584.0|2024.0|5600.0|2032.0|5592.22360679775|2027.5527864045|480.0|480.0|480.0|QROCK3X8|QROCK3X8|1.0|1.0|17.88854382|32.0|22|rock|-|SG000034|-|34
UTNTSkyEdge_tnt01_8231_0|8231|0|1|1458|1458|6064.0|1156.0|5976.0|1008.0|6019.570232055989|1082.2555376964385|480.0|480.0|480.0|QROCK3X8|QROCK3X8|1.0|1.0|921.78266239|32.0|21.599999999999998|rock|-|SG000031|-|31
UTNTSkyEdge_tnt01_8262_0|8262|0|1|1471|1471|6816.0|1712.0|6816.0|1664.0|6815.5|1688.0|480.0|480.0|480.0|QROCK3|QROCK3X8|1.0|1.0|236.013320768|32.0|22|rock|-|SG000000|-|0
UTNTSkyEdge_tnt01_8266_0|8266|0|1|1472|1472|6288.0|2304.0|6400.0|2304.0|6344.0|2303.5|480.0|480.0|480.0|QROCK3X8|QROCK3X8|1.0|1.0|938.790212384|32.0|22|rock|-|SG000004|-|4
UTNTSkyEdge_tnt01_8269_0|8269|0|1|1474|1474|6496.0|2240.0|6508.0|2248.0|6502.277350098113|2243.583974852831|480.0|480.0|480.0|QROCK3|QROCK3X8|1.0|1.0|15.0|32.0|22|rock|-|SG000035|-|35
UTNTSkyEdge_tnt01_8270_0|8270|0|1|1478|1478|6592.0|2304.0|6720.0|2336.0|6656.121267812518|2319.5149287499275|480.0|480.0|480.0|QROCK3|QROCK3X8|1.0|1.0|129.955435713|32.0|21.599999999999998|rock|-|SG000036|-|36
UTNTSkyEdge_tnt01_8271_0|8271|0|1|1481|1481|6720.0|2336.0|6816.0|2336.0|6768.0|2335.5|480.0|480.0|480.0|QROCK3|QROCK3X8|1.0|1.0|261.894815733|32.0|16.8|rock|-|SG000037|-|37
UTNTSkyEdge_tnt01_8272_0|8272|0|1|1480|1480|6848.0|2336.0|6976.0|2240.0|6911.7|2287.6|480.0|480.0|480.0|QROCK3|QROCK3X8|1.0|1.0|389.894815733|32.0|10.2|rock|-|SG000038|-|38
UTNTSkyEdge_tnt01_8273_0|8273|0|1|1479|1479|6976.0|2240.0|7008.0|2112.0|6991.514928749927|2175.878732187482|480.0|480.0|480.0|QROCK3|QROCK3X8|1.0|1.0|549.894815733|32.0|14.399999999999999|rock|-|SG000039|-|39
UTNTSkyEdge_tnt01_8274_0|8274|0|1|1473|1473|7008.0|2112.0|6976.0|2032.0|6991.535761654557|2072.185695338177|480.0|480.0|480.0|QROCK3|QROCK3X8|1.0|1.0|681.834195753|32.0|16.8|rock|-|SG000040|-|40
UTNTSkyEdge_tnt01_8275_0|8275|0|1|1478|1478|6944.0|1952.0|6816.0|1920.0|6879.878732187482|1936.4850712500727|480.0|480.0|480.0|QROCK3|QROCK3X8|1.0|1.0|854.159469581|32.0|21.599999999999998|rock|-|SG000036|-|36
UTNTSkyEdge_tnt01_8276_0|8276|0|1|1472|1472|6752.0|1904.0|6806.0|1808.0|6778.5642122314375|1855.7548693801837|480.0|480.0|480.0|QROCK3|QROCK3X8|1.0|1.0|27.0|32.0|22|rock|-|SG000004|-|4
UTNTSkyEdge_tnt01_8277_0|8277|0|1|1477|1477|6816.0|1920.0|6768.0|1908.0|6791.878732187482|1914.4850712500727|480.0|480.0|480.0|QROCK3|QROCK3X8|1.0|1.0|986.098849601|32.0|22|rock|-|SG000041|-|41
UTNTSkyEdge_tnt01_8278_0|8278|0|1|1477|1477|6508.0|2248.0|6544.0|2272.0|6526.277350098113|2259.583974852831|480.0|480.0|480.0|QROCK3|QROCK3X8|1.0|1.0|29.0|32.0|22|rock|-|SG000041|-|41
UTNTSkyEdge_tnt01_8280_0|8280|0|1|1475|1475|6768.0|1908.0|6752.0|1904.0|6759.878732187482|1906.4850712500727|480.0|480.0|480.0|QROCK3|QROCK3X8|1.0|1.0|11.0|32.0|22|rock|-|SG000042|-|42
UTNTSkyEdge_tnt01_8286_0|8286|0|1|1478|1478|6544.0|2272.0|6592.0|2304.0|6568.277350098113|2287.583974852831|480.0|480.0|480.0|QROCK3|QROCK3X8|1.0|1.0|72.266615306|32.0|21.599999999999998|rock|-|SG000036|-|36
UTNTSkyEdge_tnt01_8309_0|8309|0|1|1478|1478|6976.0|2032.0|6944.0|1952.0|6959.535761654557|1992.185695338177|480.0|480.0|480.0|QROCK3|QROCK3X8|1.0|1.0|767.996832667|32.0|21.599999999999998|rock|-|SG000036|-|36
UTNTSkyEdge_tnt01_8318_0|8318|0|1|1480|1480|6816.0|2336.0|6848.0|2336.0|6832.0|2335.5|480.0|480.0|480.0|QROCK3|QROCK3X8|1.0|1.0|357.894815733|32.0|10.2|rock|-|SG000038|-|38
UTNTSkyEdge_tnt01_8350_0|8350|0|1|133|133|6192.0|1240.0|6096.0|1200.0|6143.807692307692|1220.4615384615386|480.0|480.0|480.0|QROCK3X8|QROCK3X8|1.0|1.0|762.906214399|32.0|22|rock|-|SG000003|-|3
UTNTSkyEdge_tnt01_13698_0|13698|0|0|2522|2522|1888.0|-1088.0|1920.0|-1008.0|1904.4642383454427|-1048.185695338177|232.0|232.0|232.0|QROCK1|QROCK1X8|1.0|1.0|349.050329968|-968.0|11.52|rock|-|SG000043|-|43
UTNTSkyEdge_tnt01_13699_0|13699|0|0|2522|2522|1920.0|-1008.0|2016.0|-1040.0|1967.8418861169916|-1024.4743416490253|232.0|232.0|232.0|QROCK1|QROCK1X8|1.0|1.0|27.0|-968.0|11.52|rock|-|SG000043|-|43
UTNTSkyEdge_tnt01_13700_0|13700|0|0|2522|2522|2016.0|-1040.0|2000.0|-1120.0|2007.5097096621546|-1079.9019419324309|232.0|232.0|232.0|QROCK1|QROCK1X8|1.0|1.0|128.192885125|-968.0|11.52|rock|-|SG000043|-|43
UTNTSkyEdge_tnt01_13701_0|13701|0|0|2522|2522|2000.0|-1120.0|1920.0|-1136.0|1959.9019419324309|-1127.5097096621546|232.0|232.0|232.0|QROCK1|QROCK1X8|1.0|1.0|209.777197343|-968.0|11.52|rock|-|SG000043|-|43
UTNTSkyEdge_tnt01_13702_0|13702|0|0|2522|2522|1920.0|-1136.0|1888.0|-1088.0|1904.416025147169|-1111.7226499018873|232.0|232.0|232.0|QROCK1|QROCK1X8|1.0|1.0|291.36150956|-968.0|11.52|rock|-|SG000043|-|43
UTNTSkyEdge_tnt01_14475_0|14475|0|1|2745|2745|7040.0|-5120.0|7008.0|-5088.0|7024.353553390593|-5103.646446609407|480.0|480.0|480.0|QROCK3|QROCK3X8|1.0|1.0|74.0|32.0|7|rock|-|SG000008|-|8
UTNTSkyEdge_tnt01_14478_0|14478|0|1|2745|2745|7008.0|-5088.0|7024.0|-4992.0|7016.4931969619165|-5040.082199493652|480.0|480.0|480.0|QROCK3|QROCK3X8|1.0|1.0|119.254833996|32.0|7|rock|-|SG000008|-|8
UTNTSkyEdge_tnt01_946_1_terrain_1_0|946|1|2|1458|1422|5976.0|1008.0|5936.0|1024.0|5956.185695338177|1016.4642383454426|240.0|240.0|240.0|QROCK3|QROCK3X8|1.0|1.0|32.0|16.0|7.68|rock|-|SG000031|-|31|1|0|1422|XA02TEX|-|1.0|1.0|0.0|0.0|0.0|QROCK3X8|-|1.0|1.0|32.0|16.0|192.0|192.0|240.0|240.0|480.0|480.0|480.0|480.0
UTNTSkyEdge_tnt01_946_1_terrain_1_1|946|1|2|1458|1422|5976.0|1008.0|5936.0|1024.0|5955.814304661823|1015.5357616545574|240.0|240.0|240.0|QROCK3|XA02TEX|1.0|1.0|0.0|0.0|7.68|gravel|-|SG000044|-|6|1|1|1422|XA02TEX|-|1.0|1.0|0.0|0.0|0.0|QROCK3X8|-|1.0|1.0|32.0|16.0|192.0|192.0|240.0|240.0|480.0|480.0|480.0|480.0
UTNTSkyEdge_tnt01_947_0_terrain_2_1|947|0|1|1471|1471|6624.0|1280.0|6368.0|1248.0|6495.937982632706|1264.4961389383568|-168.0|-168.0|-168.0|QROCK3X8|XA02TEX|1.0|1.0|0.0|0.0|14|gravel|-|SG000045|-|0|2|1|1471|XA02TEX|-|1.0|1.0|0.0|0.0|0.0|QROCK3X8|-|1.0|1.0|327.025422633|32.0|-168.0|-168.0|0|0|480.0|480.0|0|0
UTNTSkyEdge_tnt01_1561_0_terrain_2_1|1561|0|1|1423|1423|5376.0|1808.0|5460.0|1924.0|5418.4049710607715|1865.7067450939242|368.0|368.0|368.0|QROCK3|XA02TEX|1.0|1.0|0.0|0.0|5|gravel|-|SG000046|-|1|2|1|1423|XA02TEX|-|1.0|1.0|0.0|0.0|0.0|QROCK3X8|-|1.0|1.0|223.554002227|32.0|368.0|368.0|0|0|480.0|480.0|0|0
UTNTSkyEdge_tnt01_1567_0_terrain_2_1|1567|0|1|133|133|5696.0|2240.0|5824.0|2368.0|5760.353553390593|2303.6464466094067|-168.0|-168.0|-168.0|QROCK3X8|XA02TEX|1.0|1.0|0.0|0.0|14|gravel|-|SG000047|-|3|2|1|133|XA02TEX|-|1.0|1.0|0.0|0.0|0.0|QROCK3X8|-|1.0|1.0|278.66252584|32.0|-168.0|-168.0|0|0|480.0|480.0|0|0
UTNTSkyEdge_tnt01_1568_0_terrain_2_1|1568|0|1|133|133|5824.0|2368.0|6016.0|2368.0|5920.0|2367.5|-168.0|-168.0|-168.0|QROCK3X8|XA02TEX|1.0|1.0|0.0|0.0|14|gravel|-|SG000048|-|3|2|1|133|XA02TEX|-|1.0|1.0|0.0|0.0|0.0|QROCK3X8|-|1.0|1.0|459.681861824|32.0|-168.0|-168.0|0|0|480.0|480.0|0|0
UTNTSkyEdge_tnt01_1571_0_terrain_2_1|1571|0|1|1472|1472|6400.0|2304.0|6496.0|2240.0|6447.722649901887|2271.583974852831|-168.0|-168.0|-168.0|QROCK3X8|XA02TEX|1.0|1.0|0.0|0.0|14|gravel|-|SG000049|-|4|2|1|1472|XA02TEX|-|1.0|1.0|0.0|0.0|0.0|QROCK3X8|-|1.0|1.0|26.790212384|32.0|-168.0|-168.0|0|0|480.0|480.0|0|0
UTNTSkyEdge_tnt01_1572_0_terrain_1_0|1572|0|2|1472|1476|6592.0|2176.0|6672.0|2040.0|6631.569032892421|2107.7464899367183|168.69565217391303|169.3913043478261|168.0|QROCK3|QROCK3X8|1.0|1.0|223.377640815|88.0|8|rock|-|SG000004|-|4|1|0|1476|XA02TEX|-|1.0|1.0|0.0|0.0|0.0|QROCK3X8|-|1.0|1.0|223.377640815|88.0|-168.0|-168.0|169.3913043478261|168.0|480.0|480.0|480.0|480.0
UTNTSkyEdge_tnt01_1572_0_terrain_1_1|1572|0|2|1472|1476|6592.0|2176.0|6672.0|2040.0|6632.430967107579|2108.2535100632817|168.69565217391303|169.3913043478261|168.0|QROCK3|XA02TEX|1.0|1.0|0.0|0.0|8|gravel|-|SG000050|-|44|1|1|1476|XA02TEX|-|1.0|1.0|0.0|0.0|0.0|QROCK3X8|-|1.0|1.0|223.377640815|88.0|-168.0|-168.0|169.3913043478261|168.0|480.0|480.0|480.0|480.0
UTNTSkyEdge_tnt01_1572_0_terrain_2_1|1572|0|2|1472|1472|6592.0|2176.0|6672.0|2040.0|6631.569032892421|2107.7464899367183|-168.0|-168.0|-168.0|QROCK3|XA02TEX|1.0|1.0|0.0|0.0|14|gravel|-|SG000051|-|4|2|1|1472|XA02TEX|-|1.0|1.0|0.0|0.0|0.0|QROCK3X8|-|1.0|1.0|223.377640815|88.0|-168.0|-168.0|169.3913043478261|168.0|480.0|480.0|480.0|480.0
UTNTSkyEdge_tnt01_1580_0_terrain_2_1|1580|0|1|1471|1471|6816.0|1504.0|6624.0|1280.0|6719.6203716988175|1392.325395686728|-168.0|-168.0|-168.0|QROCK3X8|XA02TEX|1.0|1.0|0.0|0.0|14|gravel|-|SG000052|-|0|2|1|1471|XA02TEX|-|1.0|1.0|0.0|0.0|0.0|QROCK3X8|-|1.0|1.0|32.0|32.0|-168.0|-168.0|0|0|480.0|480.0|0|0
UTNTSkyEdge_tnt01_1582_0_terrain_1_0|1582|0|2|133|1425|6096.0|1200.0|6112.0|1440.0|6104.4988925789285|1319.9667404947381|168.27586206896552|168.0|168.55172413793105|QROCK1X8|QROCK1X8|1.0|1.0|0.0|88.0|8|rock|-|SG000053|-|3|1|0|1425|XA02TEX|-|1.0|1.0|0.0|0.0|0.0|QROCK1X8|-|1.0|1.0|0.0|88.0|-168.0|-168.0|168.0|168.55172413793105|480.0|480.0|480.0|480.0
UTNTSkyEdge_tnt01_1582_0_terrain_1_1|1582|0|2|133|1425|6096.0|1200.0|6112.0|1440.0|6103.5011074210715|1320.0332595052619|168.27586206896552|168.0|168.55172413793105|QROCK1X8|XA02TEX|1.0|1.0|0.0|0.0|8|gravel|-|SG000054|-|32|1|1|1425|XA02TEX|-|1.0|1.0|0.0|0.0|0.0|QROCK1X8|-|1.0|1.0|0.0|88.0|-168.0|-168.0|168.0|168.55172413793105|480.0|480.0|480.0|480.0
UTNTSkyEdge_tnt01_1582_0_terrain_2_1|1582|0|2|133|133|6096.0|1200.0|6112.0|1440.0|6104.4988925789285|1319.9667404947381|-168.0|-168.0|-168.0|QROCK1X8|XA02TEX|1.0|1.0|0.0|0.0|14|gravel|-|SG000055|-|3|2|1|133|XA02TEX|-|1.0|1.0|0.0|0.0|0.0|QROCK1X8|-|1.0|1.0|0.0|88.0|-168.0|-168.0|168.0|168.55172413793105|480.0|480.0|480.0|480.0
UTNTSkyEdge_tnt01_1583_0_terrain_1_0|1583|0|2|133|217|6080.0|1632.0|5984.0|1728.0|6032.353553390593|1680.3535533905933|168.0|168.0|168.0|QROCK1X8|QROCK1X8|1.0|1.0|435.181143024|88.0|8|rock|-|SG000053|-|3|1|0|217|XA02TEX|-|1.0|1.0|0.0|0.0|0.0|QROCK1X8|-|1.0|1.0|435.181143024|88.0|-168.0|-168.0|168.0|168.0|480.0|480.0|480.0|480.0
UTNTSkyEdge_tnt01_1583_0_terrain_1_1|1583|0|2|133|217|6080.0|1632.0|5984.0|1728.0|6031.646446609407|1679.6464466094067|168.0|168.0|168.0|QROCK1X8|XA02TEX|1.0|1.0|0.0|0.0|8|gravel|-|SG000056|-|45|1|1|217|XA02TEX|-|1.0|1.0|0.0|0.0|0.0|QROCK1X8|-|1.0|1.0|435.181143024|88.0|-168.0|-168.0|168.0|168.0|480.0|480.0|480.0|480.0
UTNTSkyEdge_tnt01_1584_0_terrain_1_0|1584|0|2|133|1468|5760.0|1984.0|5632.0|2048.0|5696.22360679775|2016.4472135955|169.88235294117646|171.76470588235293|168.0|QROCK1X8|QROCK1X8|1.0|1.0|921.372672839|88.0|8|rock|-|SG000053|-|3|1|0|1468|XA02TEX|-|1.0|1.0|0.0|0.0|0.0|QROCK1X8|-|1.0|1.0|921.372672839|88.0|-168.0|-168.0|171.76470588235293|168.0|480.0|480.0|480.0|480.0
UTNTSkyEdge_tnt01_1584_0_terrain_1_1|1584|0|2|133|1468|5760.0|1984.0|5632.0|2048.0|5695.77639320225|2015.5527864045|169.88235294117646|171.76470588235293|168.0|QROCK1X8|XA02TEX|1.0|1.0|0.0|0.0|8|gravel|-|SG000057|-|33|1|1|1468|XA02TEX|-|1.0|1.0|0.0|0.0|0.0|QROCK1X8|-|1.0|1.0|921.372672839|88.0|-168.0|-168.0|171.76470588235293|168.0|480.0|480.0|480.0|480.0
UTNTSkyEdge_tnt01_1584_0_terrain_2_1|1584|0|2|133|133|5760.0|1984.0|5632.0|2048.0|5696.22360679775|2016.4472135955|-168.0|-168.0|-168.0|QROCK1X8|XA02TEX|1.0|1.0|0.0|0.0|14|gravel|-|SG000058|-|3|2|1|133|XA02TEX|-|1.0|1.0|0.0|0.0|0.0|QROCK1X8|-|1.0|1.0|921.372672839|88.0|-168.0|-168.0|171.76470588235293|168.0|480.0|480.0|480.0|480.0
UTNTSkyEdge_tnt01_1585_0_terrain_1_0|1585|0|2|133|1469|5824.0|1856.0|5760.0|1984.0|5792.4472135955|1920.2236067977499|170.28571428571428|168.0|172.57142857142858|QROCK1X8|QROCK1X8|1.0|1.0|778.264322279|88.0|8|rock|-|SG000053|-|3|1|0|1469|XA02TEX|-|1.0|1.0|0.0|0.0|0.0|QROCK1X8|-|1.0|1.0|778.264322279|88.0|-168.0|-168.0|168.0|172.57142857142858|480.0|480.0|480.0|480.0
UTNTSkyEdge_tnt01_1585_0_terrain_1_1|1585|0|2|133|1469|5824.0|1856.0|5760.0|1984.0|5791.5527864045|1919.7763932022501|170.28571428571428|168.0|172.57142857142858|QROCK1X8|XA02TEX|1.0|1.0|0.0|0.0|8|gravel|-|SG000059|-|46|1|1|1469|XA02TEX|-|1.0|1.0|0.0|0.0|0.0|QROCK1X8|-|1.0|1.0|778.264322279|88.0|-168.0|-168.0|168.0|172.57142857142858|480.0|480.0|480.0|480.0
UTNTSkyEdge_tnt01_1585_0_terrain_2_1|1585|0|2|133|133|5824.0|1856.0|5760.0|1984.0|5792.4472135955|1920.2236067977499|-168.0|-168.0|-168.0|QROCK1X8|XA02TEX|1.0|1.0|0.0|0.0|14|gravel|-|SG000060|-|3|2|1|133|XA02TEX|-|1.0|1.0|0.0|0.0|0.0|QROCK1X8|-|1.0|1.0|778.264322279|88.0|-168.0|-168.0|168.0|172.57142857142858|480.0|480.0|480.0|480.0
UTNTSkyEdge_tnt01_1586_0_terrain_1_0|1586|0|2|133|1470|5920.0|1760.0|5824.0|1856.0|5872.353553390593|1808.3535533905933|168.0|168.0|168.0|QROCK1X8|QROCK1X8|1.0|1.0|642.499820291|88.0|8|rock|-|SG000053|-|3|1|0|1470|XA02TEX|-|1.0|1.0|0.0|0.0|0.0|QROCK1X8|-|1.0|1.0|642.499820291|88.0|-168.0|-168.0|168.0|168.0|480.0|480.0|480.0|480.0
UTNTSkyEdge_tnt01_1586_0_terrain_1_1|1586|0|2|133|1470|5920.0|1760.0|5824.0|1856.0|5871.646446609407|1807.6464466094067|168.0|168.0|168.0|QROCK1X8|XA02TEX|1.0|1.0|0.0|0.0|8|gravel|-|SG000061|-|47|1|1|1470|XA02TEX|-|1.0|1.0|0.0|0.0|0.0|QROCK1X8|-|1.0|1.0|642.499820291|88.0|-168.0|-168.0|168.0|168.0|480.0|480.0|480.0|480.0
UTNTSkyEdge_tnt01_1587_0_terrain_1_0|1587|0|2|133|219|5984.0|1728.0|5920.0|1760.0|5952.22360679775|1744.4472135955|168.0|168.0|168.0|QROCK1X8|QROCK1X8|1.0|1.0|570.945645011|88.0|8|rock|-|SG000053|-|3|1|0|219|XA02TEX|-|1.0|1.0|0.0|0.0|0.0|QROCK1X8|-|1.0|1.0|570.945645011|88.0|-168.0|-168.0|168.0|168.0|480.0|480.0|480.0|480.0
UTNTSkyEdge_tnt01_1587_0_terrain_1_1|1587|0|2|133|219|5984.0|1728.0|5920.0|1760.0|5951.77639320225|1743.5527864045|168.0|168.0|168.0|QROCK1X8|XA02TEX|1.0|1.0|0.0|0.0|8|gravel|-|SG000062|-|48|1|1|219|XA02TEX|-|1.0|1.0|0.0|0.0|0.0|QROCK1X8|-|1.0|1.0|570.945645011|88.0|-168.0|-168.0|168.0|168.0|480.0|480.0|480.0|480.0
UTNTSkyEdge_tnt01_1588_0_terrain_1_0|1588|0|2|133|175|6112.0|1440.0|6080.0|1632.0|6096.4931969619165|1536.0821994936528|171.63636363636363|168.0|175.27272727272728|QROCK1X8|QROCK1X8|1.0|1.0|240.532742054|88.0|8|rock|-|SG000053|-|3|1|0|175|XA02TEX|-|1.0|1.0|0.0|0.0|0.0|QROCK1X8|-|1.0|1.0|240.532742054|88.0|-168.0|-168.0|168.0|175.27272727272728|480.0|480.0|480.0|480.0
UTNTSkyEdge_tnt01_1588_0_terrain_1_1|1588|0|2|133|175|6112.0|1440.0|6080.0|1632.0|6095.5068030380835|1535.9178005063472|171.63636363636363|168.0|175.27272727272728|QROCK1X8|XA02TEX|1.0|1.0|0.0|0.0|8|gravel|-|SG000063|-|49|1|1|175|XA02TEX|-|1.0|1.0|0.0|0.0|0.0|QROCK1X8|-|1.0|1.0|240.532742054|88.0|-168.0|-168.0|168.0|175.27272727272728|480.0|480.0|480.0|480.0
UTNTSkyEdge_tnt01_1588_0_terrain_2_1|1588|0|2|133|133|6112.0|1440.0|6080.0|1632.0|6096.4931969619165|1536.0821994936528|-168.0|-168.0|-168.0|QROCK1X8|XA02TEX|1.0|1.0|0.0|0.0|14|gravel|-|SG000064|-|3|2|1|133|XA02TEX|-|1.0|1.0|0.0|0.0|0.0|QROCK1X8|-|1.0|1.0|240.532742054|88.0|-168.0|-168.0|168.0|175.27272727272728|480.0|480.0|480.0|480.0
UTNTSkyEdge_tnt01_1604_0_terrain_1_0|1604|0|2|1458|198|5852.0|1264.0|5820.0|1296.0|5836.353553390593|1280.3535533905933|328.0|328.0|328.0|QROCK3|QROCK3X8|1.0|1.0|0.0|56.0|8|rock|-|SG000031|-|31|1|0|198|XA02TEX|-|1.0|1.0|0.0|0.0|0.0|QROCK3X8|-|1.0|1.0|0.0|56.0|192.0|192.0|328.0|328.0|480.0|480.0|480.0|480.0
UTNTSkyEdge_tnt01_1604_0_terrain_1_1|1604|0|2|1458|198|5852.0|1264.0|5820.0|1296.0|5835.646446609407|1279.6464466094067|328.0|328.0|328.0|QROCK3|XA02TEX|1.0|1.0|0.0|0.0|8|gravel|-|SG000065|-|50|1|1|198|XA02TEX|-|1.0|1.0|0.0|0.0|0.0|QROCK3X8|-|1.0|1.0|0.0|56.0|192.0|192.0|328.0|328.0|480.0|480.0|480.0|480.0
UTNTSkyEdge_tnt01_1605_0_terrain_1_0|1605|0|2|1429|198|5836.0|1376.0|5772.0|1344.0|5803.77639320225|1360.4472135955|328.0|328.0|328.0|QROCK3|QROCK3X8|1.0|1.0|0.0|56.0|8|rock|-|SG000066|-|51|1|0|198|XA02TEX|-|1.0|1.0|0.0|0.0|0.0|QROCK3X8|-|1.0|1.0|0.0|56.0|256.0|256.0|328.0|328.0|480.0|480.0|480.0|480.0
UTNTSkyEdge_tnt01_1605_0_terrain_1_1|1605|0|2|1429|198|5836.0|1376.0|5772.0|1344.0|5804.22360679775|1359.5527864045|328.0|328.0|328.0|QROCK3|XA02TEX|1.0|1.0|0.0|0.0|8|gravel|-|SG000065|-|50|1|1|198|XA02TEX|-|1.0|1.0|0.0|0.0|0.0|QROCK3X8|-|1.0|1.0|0.0|56.0|256.0|256.0|328.0|328.0|480.0|480.0|480.0|480.0
UTNTSkyEdge_tnt01_1607_0_terrain_1_0|1607|0|2|1429|198|5804.0|1248.0|5852.0|1264.0|5828.158113883009|1255.5256583509747|328.0|328.0|328.0|QROCK3|QROCK3X8|1.0|1.0|182.69827293|56.0|8|rock|-|SG000066|-|51|1|0|198|XA02TEX|-|1.0|1.0|0.0|0.0|0.0|QROCK3X8|-|1.0|1.0|182.69827293|56.0|256.0|256.0|328.0|328.0|480.0|480.0|480.0|480.0
UTNTSkyEdge_tnt01_1607_0_terrain_1_1|1607|0|2|1429|198|5804.0|1248.0|5852.0|1264.0|5827.841886116991|1256.4743416490253|328.0|328.0|328.0|QROCK3|XA02TEX|1.0|1.0|0.0|0.0|8|gravel|-|SG000065|-|50|1|1|198|XA02TEX|-|1.0|1.0|0.0|0.0|0.0|QROCK3X8|-|1.0|1.0|182.69827293|56.0|256.0|256.0|328.0|328.0|480.0|480.0|480.0|480.0
UTNTSkyEdge_tnt01_1608_0_terrain_1_0|1608|0|2|1458|198|5820.0|1296.0|5836.0|1352.0|5828.48076197382|1323.8626394360513|328.0|328.0|328.0|QROCK3|QROCK3X8|1.0|1.0|45.254833996|56.0|8|rock|-|SG000031|-|31|1|0|198|XA02TEX|-|1.0|1.0|0.0|0.0|0.0|QROCK3X8|-|1.0|1.0|45.254833996|56.0|192.0|192.0|328.0|328.0|480.0|480.0|480.0|480.0
UTNTSkyEdge_tnt01_1608_0_terrain_1_1|1608|0|2|1458|198|5820.0|1296.0|5836.0|1352.0|5827.51923802618|1324.1373605639487|328.0|328.0|328.0|QROCK3|XA02TEX|1.0|1.0|0.0|0.0|8|gravel|-|SG000065|-|50|1|1|198|XA02TEX|-|1.0|1.0|0.0|0.0|0.0|QROCK3X8|-|1.0|1.0|45.254833996|56.0|192.0|192.0|328.0|328.0|480.0|480.0|480.0|480.0
UTNTSkyEdge_tnt01_1609_0_terrain_1_0|1609|0|2|1458|198|5836.0|1352.0|5836.0|1376.0|5836.5|1364.0|328.0|328.0|328.0|QROCK3|QROCK3X8|1.0|1.0|103.49571311|56.0|8|rock|-|SG000031|-|31|1|0|198|XA02TEX|-|1.0|1.0|0.0|0.0|0.0|QROCK3X8|-|1.0|1.0|103.49571311|56.0|192.0|192.0|328.0|328.0|480.0|480.0|480.0|480.0
UTNTSkyEdge_tnt01_1609_0_terrain_1_1|1609|0|2|1458|198|5836.0|1352.0|5836.0|1376.0|5835.5|1364.0|328.0|328.0|328.0|QROCK3|XA02TEX|1.0|1.0|0.0|0.0|8|gravel|-|SG000065|-|50|1|1|198|XA02TEX|-|1.0|1.0|0.0|0.0|0.0|QROCK3X8|-|1.0|1.0|103.49571311|56.0|192.0|192.0|328.0|328.0|480.0|480.0|480.0|480.0
UTNTSkyEdge_tnt01_2415_0_terrain_2_1|2415|0|1|2745|2745|6528.0|-4896.0|6432.0|-4912.0|6479.917800506348|-4903.5068030380835|416.0|416.0|416.0|QROCK3|QROCK3X8|1.0|1.0|0.0|0.0|5|rock|-|SG000067|-|8|2|1|2745|QROCK3X8|-|1.0|1.0|0.0|0.0|0.0|QROCK3X8|-|1.0|1.0|1017.062183498|32.0|416.0|416.0|0|0|480.0|480.0|0|0
UTNTSkyEdge_tnt01_2420_0_terrain_2_1|2420|0|1|2745|2745|7040.0|-4944.0|7008.0|-4848.0|7024.4743416490255|-4895.841886116991|416.0|416.0|416.0|QROCK3|QROCK3X8|1.0|1.0|0.0|0.0|14|rock|-|SG000068|-|8|2|1|2745|QROCK3X8|-|1.0|1.0|0.0|0.0|0.0|QROCK3X8|-|1.0|1.0|267.175477043|32.0|416.0|416.0|0|0|480.0|480.0|0|0
UTNTSkyEdge_tnt01_2423_0_terrain_2_1|2423|0|1|2745|2745|6944.0|-4832.0|6848.0|-4896.0|6895.722649901887|-4863.5839748528315|416.0|416.0|416.0|QROCK3|QROCK3X8|1.0|1.0|0.0|0.0|5|rock|-|SG000069|-|8|2|1|2745|QROCK3X8|-|1.0|1.0|0.0|0.0|0.0|QROCK3X8|-|1.0|1.0|556.488670021|32.0|416.0|416.0|0|0|480.0|480.0|0|0
UTNTSkyEdge_tnt01_2427_0_terrain_2_1|2427|0|1|2745|2745|6000.0|-4928.0|6000.0|-5024.0|5999.5|-4976.0|416.0|416.0|416.0|QROCK3|QROCK3X8|1.0|1.0|0.0|0.0|5|rock|-|SG000070|-|8|2|1|2745|QROCK3X8|-|1.0|1.0|0.0|0.0|0.0|QROCK3X8|-|1.0|1.0|853.910974979|32.0|416.0|416.0|0|0|480.0|480.0|0|0
UTNTSkyEdge_tnt01_2435_1_terrain_1_0|2435|1|2|350|352|6912.0|-4832.0|6880.0|-4768.0|6896.4472135955|-4799.77639320225|392.0|416.0|368.0|QROCK3|QROCK3X8|1.0|1.0|0.0|176.0|10.24|rock|-|SG000071|-|52|1|0|352|QROCK3X8|-|1.0|1.0|0.0|0.0|0.0|QROCK3X8|-|1.0|1.0|0.0|176.0|376.0|336.0|416.0|368.0|480.0|480.0|480.0|480.0
UTNTSkyEdge_tnt01_2435_1_terrain_1_1|2435|1|2|350|352|6912.0|-4832.0|6880.0|-4768.0|6895.5527864045|-4800.22360679775|392.0|416.0|368.0|QROCK3|QROCK3X8|1.0|1.0|0.0|0.0|10.24|rock|-|SG000072|-|53|1|1|352|QROCK3X8|-|1.0|1.0|0.0|0.0|0.0|QROCK3X8|-|1.0|1.0|0.0|176.0|376.0|336.0|416.0|368.0|480.0|480.0|480.0|480.0
UTNTSkyEdge_tnt01_2442_1_terrain_1_0|2442|1|2|2693|347|6528.0|-4800.0|6496.0|-4800.0|6512.0|-4799.5|339.6363636363636|336.0|343.27272727272725|QROCK3|QROCK3X8|1.0|1.0|769.273317026|48.0|8|rock|-|SG000073|-|54|1|0|347|QROCK3X8|-|1.0|1.0|0.0|0.0|0.0|QROCK3X8|-|1.0|1.0|769.273317026|48.0|272.0|272.0|336.0|343.27272727272725|480.0|480.0|480.0|480.0
UTNTSkyEdge_tnt01_2442_1_terrain_1_1|2442|1|2|2693|347|6528.0|-4800.0|6496.0|-4800.0|6512.0|-4800.5|339.6363636363636|336.0|343.27272727272725|QROCK3|QROCK3X8|1.0|1.0|0.0|0.0|8|rock|-|SG000074|-|55|1|1|347|QROCK3X8|-|1.0|1.0|0.0|0.0|0.0|QROCK3X8|-|1.0|1.0|769.273317026|48.0|272.0|272.0|336.0|343.27272727272725|480.0|480.0|480.0|480.0
UTNTSkyEdge_tnt01_2444_1_terrain_1_0|2444|1|2|2693|353|6496.0|-4800.0|6464.0|-4800.0|6480.0|-4799.5|340.0|336.0|344.0|QROCK3|QROCK3X8|1.0|1.0|801.273317026|48.0|14|rock|-|SG000073|-|54|1|0|353|QROCK3X8|-|1.0|1.0|0.0|0.0|0.0|QROCK3X8|-|1.0|1.0|801.273317026|48.0|272.0|272.0|336.0|344.0|480.0|480.0|480.0|480.0
UTNTSkyEdge_tnt01_2444_1_terrain_1_1|2444|1|2|2693|353|6496.0|-4800.0|6464.0|-4800.0|6480.0|-4800.5|340.0|336.0|344.0|QROCK3|QROCK3X8|1.0|1.0|0.0|0.0|14|rock|-|SG000075|-|56|1|1|353|QROCK3X8|-|1.0|1.0|0.0|0.0|0.0|QROCK3X8|-|1.0|1.0|801.273317026|48.0|272.0|272.0|336.0|344.0|480.0|480.0|480.0|480.0
UTNTSkyEdge_tnt01_2451_1_terrain_1_0|2451|1|2|2693|2747|6016.0|-4672.0|6016.0|-4736.0|6015.5|-4704.0|349.3333333333333|336.0|362.6666666666667|QROCK3|QROCK3X8|1.0|1.0|551.110121478|48.0|14|rock|-|SG000073|-|54|1|0|2747|QROCK3X8|-|1.0|1.0|0.0|0.0|0.0|QROCK3X8|-|1.0|1.0|551.110121478|48.0|272.0|272.0|336.0|362.6666666666667|480.0|480.0|480.0|480.0
UTNTSkyEdge_tnt01_2451_1_terrain_1_1|2451|1|2|2693|2747|6016.0|-4672.0|6016.0|-4736.0|6016.5|-4704.0|349.3333333333333|336.0|362.6666666666667|QROCK3|QROCK3X8|1.0|1.0|0.0|0.0|14|rock|-|SG000076|-|57|1|1|2747|QROCK3X8|-|1.0|1.0|0.0|0.0|0.0|QROCK3X8|-|1.0|1.0|551.110121478|48.0|272.0|272.0|336.0|362.6666666666667|480.0|480.0|480.0|480.0
UTNTSkyEdge_tnt01_2455_1_terrain_1_0|2455|1|2|2693|2748|6112.0|-4576.0|6080.0|-4608.0|6095.646446609407|-4591.646446609407|349.3333333333333|336.0|362.6666666666667|QROCK3|QROCK3X8|1.0|1.0|415.34561949|48.0|14|rock|-|SG000073|-|54|1|0|2748|QROCK3X8|-|1.0|1.0|0.0|0.0|0.0|QROCK3X8|-|1.0|1.0|415.34561949|48.0|272.0|272.0|336.0|362.6666666666667|480.0|480.0|480.0|480.0
UTNTSkyEdge_tnt01_2455_1_terrain_1_1|2455|1|2|2693|2748|6112.0|-4576.0|6080.0|-4608.0|6096.353553390593|-4592.353553390593|349.3333333333333|336.0|362.6666666666667|QROCK3|QROCK3X8|1.0|1.0|0.0|0.0|14|rock|-|SG000077|-|58|1|1|2748|QROCK3X8|-|1.0|1.0|0.0|0.0|0.0|QROCK3X8|-|1.0|1.0|415.34561949|48.0|272.0|272.0|336.0|362.6666666666667|480.0|480.0|480.0|480.0
UTNTSkyEdge_tnt01_3615_0_terrain_2_1|3615|0|1|3678|3678|-2944.0|2432.0|-2688.0|2656.0|-2815.6707476960655|2543.6237116526468|0.0|0.0|0.0|QROCK3|QGRASS|1.0|1.0|0.0|0.0|14|grass|-|SG000078|-|9|2|1|3678|QGRASS|-|1.0|1.0|0.0|0.0|0.0|QROCK3X8|-|1.0|1.0|34.0|0.0|0.0|0.0|0|0|640.0|640.0|0|0
UTNTSkyEdge_tnt01_3617_0_terrain_2_1|3617|0|1|574|574|-3392.0|2176.0|-3168.0|2304.0|-3279.7519305308215|2239.5658784289376|192.0|192.0|192.0|QROCK3|XA02TEX|1.0|1.0|0.0|0.0|5|gravel|-|SG000079|-|12|2|1|574|XA02TEX|-|1.0|1.0|0.0|0.0|0.0|QROCK3X8|-|1.0|1.0|285.66252584|0.0|192.0|192.0|0|0|640.0|640.0|0|0
UTNTSkyEdge_tnt01_3619_0_terrain_2_1|3619|0|1|742|742|-3584.0|1216.0|-3648.0|1504.0|-3615.511906469908|1360.1084652289094|256.0|256.0|256.0|QROCK3|XA02TEX|1.0|1.0|0.0|0.0|5|gravel|-|SG000080|-|13|2|1|742|XA02TEX|-|1.0|1.0|0.0|0.0|0.0|QROCK3X8|-|1.0|1.0|34.0|0.0|256.0|256.0|0|0|640.0|640.0|0|0
UTNTSkyEdge_tnt01_3620_0_terrain_2_1|3620|0|1|754|754|-4000.0|160.0|-4192.0|480.0|-4095.5712535371435|320.2572478777138|128.0|128.0|128.0|QROCK3|XA02TEX|1.0|1.0|0.0|0.0|5|gravel|-|SG000081|-|14|2|1|754|XA02TEX|-|1.0|1.0|0.0|0.0|0.0|QROCK3X8|-|1.0|1.0|43.0|0.0|128.0|128.0|0|0|640.0|640.0|0|0
UTNTSkyEdge_tnt01_3621_0_terrain_2_1|3621|0|1|753|753|-3648.0|64.0|-4000.0|160.0|-3823.868441297104|112.48238191061887|256.0|256.0|256.0|QROCK3|XA02TEX|1.0|1.0|0.0|0.0|5|gravel|-|SG000082|-|15|2|1|753|XA02TEX|-|1.0|1.0|0.0|0.0|0.0|QROCK3X8|-|1.0|1.0|62.0|0.0|256.0|256.0|0|0|640.0|640.0|0|0
UTNTSkyEdge_tnt01_3622_0_terrain_2_1|3622|0|1|884|884|-3456.0|-576.0|-3648.0|64.0|-3551.5210868573895|-255.85632605721682|0.0|0.0|0.0|QROCK3X8|QGRASS|1.0|1.0|0.0|0.0|14|grass|-|SG000083|-|16|2|1|884|QGRASS|-|1.0|1.0|0.0|0.0|0.0|QROCK3X8|-|1.0|1.0|0.0|0.0|0.0|0.0|0|0|640.0|640.0|0|0
UTNTSkyEdge_tnt01_3631_0_terrain_2_1|3631|0|1|3678|3678|-2112.0|1600.0|-2176.0|1728.0|-2143.5527864045002|1664.2236067977499|0.0|0.0|0.0|QROCK3X8|QGRASS|1.0|1.0|0.0|0.0|14|grass|-|SG000084|-|9|2|1|3678|QGRASS|-|1.0|1.0|0.0|0.0|0.0|QROCK3X8|-|1.0|1.0|860.778555258|0.0|0.0|0.0|0|0|640.0|640.0|0|0
UTNTSkyEdge_tnt01_3642_0_terrain_1_0|3642|0|2|3678|742|-3584.0|1216.0|-3488.0|1248.0|-3535.8418861169916|1231.5256583509747|256.0|256.0|256.0|QROCK3|QROCK3X8|1.0|1.0|91.0|0.0|8|rock|-|SG000009|-|9|1|0|742|XA02TEX|-|1.0|1.0|0.0|0.0|0.0|QROCK3X8|-|1.0|1.0|91.0|0.0|0.0|0.0|256.0|256.0|640.0|640.0|640.0|640.0
UTNTSkyEdge_tnt01_3642_0_terrain_1_1|3642|0|2|3678|742|-3584.0|1216.0|-3488.0|1248.0|-3536.1581138830084|1232.4743416490253|256.0|256.0|256.0|QROCK3|XA02TEX|1.0|1.0|0.0|0.0|8|gravel|-|SG000085|-|13|1|1|742|XA02TEX|-|1.0|1.0|0.0|0.0|0.0|QROCK3X8|-|1.0|1.0|91.0|0.0|0.0|0.0|256.0|256.0|640.0|640.0|640.0|640.0
UTNTSkyEdge_tnt01_3643_0_terrain_1_0|3643|0|2|3678|744|-3232.0|1696.0|-3232.0|2016.0|-3231.5|1856.0|128.0|128.0|128.0|QROCK3|QROCK3X8|1.0|1.0|231.590460635|0.0|8|rock|-|SG000009|-|9|1|0|744|XA02TEX|-|1.0|1.0|0.0|0.0|0.0|QROCK3X8|-|1.0|1.0|231.590460635|0.0|0.0|0.0|128.0|128.0|640.0|640.0|640.0|640.0
UTNTSkyEdge_tnt01_3643_0_terrain_1_1|3643|0|2|3678|744|-3232.0|1696.0|-3232.0|2016.0|-3232.5|1856.0|128.0|128.0|128.0|QROCK3|XA02TEX|1.0|1.0|0.0|0.0|8|gravel|-|SG000086|-|59|1|1|744|XA02TEX|-|1.0|1.0|0.0|0.0|0.0|QROCK3X8|-|1.0|1.0|231.590460635|0.0|0.0|0.0|128.0|128.0|640.0|640.0|640.0|640.0
UTNTSkyEdge_tnt01_3643_0_terrain_2_1|3643|0|2|3678|3678|-3232.0|1696.0|-3232.0|2016.0|-3231.5|1856.0|0.0|0.0|0.0|QROCK3|QGRASS|1.0|1.0|0.0|0.0|14|grass|-|SG000087|-|9|2|1|3678|QGRASS|-|1.0|1.0|0.0|0.0|0.0|QROCK3X8|-|1.0|1.0|231.590460635|0.0|0.0|0.0|128.0|128.0|640.0|640.0|640.0|640.0
UTNTSkyEdge_tnt01_3644_0_terrain_1_0|3644|0|2|3678|742|-3488.0|1248.0|-3392.0|1600.0|-3439.5176180893814|1423.868441297104|256.0|256.0|256.0|QROCK3|QROCK3X8|1.0|1.0|192.192885125|0.0|8|rock|-|SG000009|-|9|1|0|742|XA02TEX|-|1.0|1.0|0.0|0.0|0.0|QROCK3X8|-|1.0|1.0|192.192885125|0.0|0.0|0.0|256.0|256.0|640.0|640.0|640.0|640.0
UTNTSkyEdge_tnt01_3644_0_terrain_1_1|3644|0|2|3678|742|-3488.0|1248.0|-3392.0|1600.0|-3440.4823819106186|1424.131558702896|256.0|256.0|256.0|QROCK3|XA02TEX|1.0|1.0|0.0|0.0|8|gravel|-|SG000085|-|13|1|1|742|XA02TEX|-|1.0|1.0|0.0|0.0|0.0|QROCK3X8|-|1.0|1.0|192.192885125|0.0|0.0|0.0|256.0|256.0|640.0|640.0|640.0|640.0
UTNTSkyEdge_tnt01_3644_0_terrain_2_1|3644|0|2|3678|3678|-3488.0|1248.0|-3392.0|1600.0|-3439.5176180893814|1423.868441297104|0.0|0.0|0.0|QROCK3|QGRASS|1.0|1.0|0.0|0.0|14|grass|-|SG000088|-|9|2|1|3678|QGRASS|-|1.0|1.0|0.0|0.0|0.0|QROCK3X8|-|1.0|1.0|192.192885125|0.0|0.0|0.0|256.0|256.0|640.0|640.0|640.0|640.0
UTNTSkyEdge_tnt01_3645_0_terrain_1_0|3645|0|2|3678|744|-3392.0|1600.0|-3232.0|1696.0|-3311.742752122286|1647.5712535371438|128.0|128.0|128.0|QROCK3|QROCK3X8|1.0|1.0|45.0|0.0|8|rock|-|SG000009|-|9|1|0|744|XA02TEX|-|1.0|1.0|0.0|0.0|0.0|QROCK3X8|-|1.0|1.0|45.0|0.0|0.0|0.0|128.0|128.0|640.0|640.0|640.0|640.0
UTNTSkyEdge_tnt01_3645_0_terrain_1_1|3645|0|2|3678|744|-3392.0|1600.0|-3232.0|1696.0|-3312.257247877714|1648.4287464628562|128.0|128.0|128.0|QROCK3|XA02TEX|1.0|1.0|0.0|0.0|8|gravel|-|SG000086|-|59|1|1|744|XA02TEX|-|1.0|1.0|0.0|0.0|0.0|QROCK3X8|-|1.0|1.0|45.0|0.0|0.0|0.0|128.0|128.0|640.0|640.0|640.0|640.0
UTNTSkyEdge_tnt01_3645_0_terrain_2_1|3645|0|2|3678|3678|-3392.0|1600.0|-3232.0|1696.0|-3311.742752122286|1647.5712535371438|0.0|0.0|0.0|QROCK3|QGRASS|1.0|1.0|0.0|0.0|14|grass|-|SG000089|-|9|2|1|3678|QGRASS|-|1.0|1.0|0.0|0.0|0.0|QROCK3X8|-|1.0|1.0|45.0|0.0|0.0|0.0|128.0|128.0|640.0|640.0|640.0|640.0
UTNTSkyEdge_tnt01_3646_0_terrain_1_0|3646|0|2|3678|743|-3232.0|2016.0|-2944.0|2432.0|-3087.588903904178|2223.715395010585|64.0|64.0|64.0|QROCK3|QROCK3X8|1.0|1.0|40.0|64.0|8|rock|-|SG000009|-|9|1|0|743|XA02TEX|-|1.0|1.0|0.0|0.0|0.0|QROCK3X8|-|1.0|1.0|40.0|64.0|0.0|0.0|64.0|64.0|640.0|640.0|640.0|640.0
UTNTSkyEdge_tnt01_3646_0_terrain_1_1|3646|0|2|3678|743|-3232.0|2016.0|-2944.0|2432.0|-3088.411096095822|2224.284604989415|64.0|64.0|64.0|QROCK3|XA02TEX|1.0|1.0|0.0|0.0|8|gravel|-|SG000090|-|21|1|1|743|XA02TEX|-|1.0|1.0|0.0|0.0|0.0|QROCK3X8|-|1.0|1.0|40.0|64.0|0.0|0.0|64.0|64.0|640.0|640.0|640.0|640.0
UTNTSkyEdge_tnt01_3646_0_terrain_2_1|3646|0|2|3678|3678|-3232.0|2016.0|-2944.0|2432.0|-3087.588903904178|2223.715395010585|0.0|0.0|0.0|QROCK3|QGRASS|1.0|1.0|0.0|0.0|14|grass|-|SG000091|-|9|2|1|3678|QGRASS|-|1.0|1.0|0.0|0.0|0.0|QROCK3X8|-|1.0|1.0|40.0|64.0|0.0|0.0|64.0|64.0|640.0|640.0|640.0|640.0
UTNTSkyEdge_tnt01_3695_1_terrain_1_0|3695|1|2|3678|745|-2720.0|1472.0|-2880.0|1024.0|-2800.4708709557976|1248.1681681984992|128.0|128.0|128.0|QROCK3|QROCK3X8|1.0|1.0|62.0|0.0|8|rock|-|SG000009|-|9|1|0|745|XA02TEX|-|1.0|1.0|0.0|0.0|0.0|QROCK3X8|-|1.0|1.0|62.0|0.0|0.0|0.0|128.0|128.0|640.0|640.0|640.0|640.0
UTNTSkyEdge_tnt01_3695_1_terrain_1_1|3695|1|2|3678|745|-2720.0|1472.0|-2880.0|1024.0|-2799.5291290442024|1247.8318318015008|128.0|128.0|128.0|QROCK3|XA02TEX|1.0|1.0|0.0|0.0|8|gravel|-|SG000092|-|22|1|1|745|XA02TEX|-|1.0|1.0|0.0|0.0|0.0|QROCK3X8|-|1.0|1.0|62.0|0.0|0.0|0.0|128.0|128.0|640.0|640.0|640.0|640.0
UTNTSkyEdge_tnt01_3696_1_terrain_1_0|3696|1|2|3678|747|-2432.0|1536.0|-2720.0|1472.0|-2576.108465228909|1504.4880935300919|192.0|192.0|192.0|QROCK3|QROCK3X8|1.0|1.0|23.0|64.0|8|rock|-|SG000009|-|9|1|0|747|XA02TEX|-|1.0|1.0|0.0|0.0|0.0|QROCK3X8|-|1.0|1.0|23.0|64.0|0.0|0.0|192.0|192.0|640.0|640.0|640.0|640.0
UTNTSkyEdge_tnt01_3696_1_terrain_1_1|3696|1|2|3678|747|-2432.0|1536.0|-2720.0|1472.0|-2575.891534771091|1503.5119064699081|192.0|192.0|192.0|QROCK3|XA02TEX|1.0|1.0|0.0|0.0|8|gravel|-|SG000093|-|60|1|1|747|XA02TEX|-|1.0|1.0|0.0|0.0|0.0|QROCK3X8|-|1.0|1.0|23.0|64.0|0.0|0.0|192.0|192.0|640.0|640.0|640.0|640.0
UTNTSkyEdge_tnt01_3697_1_terrain_1_0|3697|1|2|3678|746|-2240.0|1728.0|-2432.0|1536.0|-2336.3535533905933|1632.3535533905933|64.0|64.0|64.0|QROCK3|QROCK3X8|1.0|1.0|7.0|64.0|8|rock|-|SG000009|-|9|1|0|746|XA02TEX|-|1.0|1.0|0.0|0.0|0.0|QROCK3X8|-|1.0|1.0|7.0|64.0|0.0|0.0|64.0|64.0|640.0|640.0|640.0|640.0
UTNTSkyEdge_tnt01_3697_1_terrain_1_1|3697|1|2|3678|746|-2240.0|1728.0|-2432.0|1536.0|-2335.6464466094067|1631.6464466094067|64.0|64.0|64.0|QROCK3|XA02TEX|1.0|1.0|0.0|0.0|8|gravel|-|SG000094|-|30|1|1|746|XA02TEX|-|1.0|1.0|0.0|0.0|0.0|QROCK3X8|-|1.0|1.0|7.0|64.0|0.0|0.0|64.0|64.0|640.0|640.0|640.0|640.0
UTNTSkyEdge_tnt01_4537_0_terrain_1_0|4537|0|2|744|742|-3392.0|1600.0|-3488.0|1728.0|-3439.6|1664.3|256.0|256.0|256.0|QROCK3|QROCK3X8|1.0|1.0|8.0|0.0|8|rock|-|SG000095|-|59|1|0|742|XA02TEX|-|1.0|1.0|0.0|0.0|0.0|QROCK3X8|-|1.0|1.0|8.0|0.0|128.0|128.0|256.0|256.0|640.0|640.0|640.0|640.0
UTNTSkyEdge_tnt01_4537_0_terrain_1_1|4537|0|2|744|742|-3392.0|1600.0|-3488.0|1728.0|-3440.4|1663.7|256.0|256.0|256.0|QROCK3|XA02TEX|1.0|1.0|0.0|0.0|8|gravel|-|SG000085|-|13|1|1|742|XA02TEX|-|1.0|1.0|0.0|0.0|0.0|QROCK3X8|-|1.0|1.0|8.0|0.0|128.0|128.0|256.0|256.0|640.0|640.0|640.0|640.0
UTNTSkyEdge_tnt01_4538_0_terrain_1_0|4538|0|2|744|742|-3488.0|1728.0|-3424.0|1824.0|-3455.583974852831|1775.7226499018873|256.0|256.0|256.0|QROCK3|QROCK3X8|1.0|1.0|168.0|0.0|8|rock|-|SG000095|-|59|1|0|742|XA02TEX|-|1.0|1.0|0.0|0.0|0.0|QROCK3X8|-|1.0|1.0|168.0|0.0|128.0|128.0|256.0|256.0|640.0|640.0|640.0|640.0
UTNTSkyEdge_tnt01_4538_0_terrain_1_1|4538|0|2|744|742|-3488.0|1728.0|-3424.0|1824.0|-3456.416025147169|1776.2773500981127|256.0|256.0|256.0|QROCK3|XA02TEX|1.0|1.0|0.0|0.0|8|gravel|-|SG000085|-|13|1|1|742|XA02TEX|-|1.0|1.0|0.0|0.0|0.0|QROCK3X8|-|1.0|1.0|168.0|0.0|128.0|128.0|256.0|256.0|640.0|640.0|640.0|640.0
UTNTSkyEdge_tnt01_4538_0_terrain_2_1|4538|0|2|744|744|-3488.0|1728.0|-3424.0|1824.0|-3455.583974852831|1775.7226499018873|128.0|128.0|128.0|QROCK3|XA02TEX|1.0|1.0|0.0|0.0|5|gravel|-|SG000096|-|59|2|1|744|XA02TEX|-|1.0|1.0|0.0|0.0|0.0|QROCK3X8|-|1.0|1.0|168.0|0.0|128.0|128.0|256.0|256.0|640.0|640.0|640.0|640.0
UTNTSkyEdge_tnt01_4539_0_terrain_2_1|4539|0|1|574|574|-3488.0|1984.0|-3392.0|2176.0|-3439.5527864045002|2079.77639320225|192.0|192.0|192.0|QROCK3|XA02TEX|1.0|1.0|0.0|0.0|5|gravel|-|SG000097|-|12|2|1|574|XA02TEX|-|1.0|1.0|0.0|0.0|0.0|QROCK3X8|-|1.0|1.0|71.0|0.0|192.0|192.0|0|0|640.0|640.0|0|0
UTNTSkyEdge_tnt01_4540_0_terrain_1_0|4540|0|2|574|742|-3424.0|1824.0|-3488.0|1984.0|-3455.5357616545575|1904.185695338177|256.0|256.0|256.0|QROCK3|QROCK3X8|1.0|1.0|27.0|0.0|8|rock|-|SG000012|-|12|1|0|742|XA02TEX|-|1.0|1.0|0.0|0.0|0.0|QROCK3X8|-|1.0|1.0|27.0|0.0|192.0|192.0|256.0|256.0|640.0|640.0|640.0|640.0
UTNTSkyEdge_tnt01_4540_0_terrain_1_1|4540|0|2|574|742|-3424.0|1824.0|-3488.0|1984.0|-3456.4642383454425|1903.814304661823|256.0|256.0|256.0|QROCK3|XA02TEX|1.0|1.0|0.0|0.0|8|gravel|-|SG000085|-|13|1|1|742|XA02TEX|-|1.0|1.0|0.0|0.0|0.0|QROCK3X8|-|1.0|1.0|27.0|0.0|192.0|192.0|256.0|256.0|640.0|640.0|640.0|640.0
UTNTSkyEdge_tnt01_4540_0_terrain_2_1|4540|0|2|574|574|-3424.0|1824.0|-3488.0|1984.0|-3455.5357616545575|1904.185695338177|192.0|192.0|192.0|QROCK3|XA02TEX|1.0|1.0|0.0|0.0|5|gravel|-|SG000098|-|12|2|1|574|XA02TEX|-|1.0|1.0|0.0|0.0|0.0|QROCK3X8|-|1.0|1.0|27.0|0.0|192.0|192.0|256.0|256.0|640.0|640.0|640.0|640.0
UTNTSkyEdge_tnt01_4541_0_terrain_1_0|4541|0|2|744|574|-3424.0|1824.0|-3296.0|1856.0|-3359.878732187482|1839.5149287499273|192.0|192.0|192.0|QROCK3|QROCK3X8|1.0|1.0|13.0|64.0|8|rock|-|SG000095|-|59|1|0|574|XA02TEX|-|1.0|1.0|0.0|0.0|0.0|QROCK3X8|-|1.0|1.0|13.0|64.0|128.0|128.0|192.0|192.0|640.0|640.0|640.0|640.0
UTNTSkyEdge_tnt01_4541_0_terrain_1_1|4541|0|2|744|574|-3424.0|1824.0|-3296.0|1856.0|-3360.121267812518|1840.4850712500727|192.0|192.0|192.0|QROCK3|XA02TEX|1.0|1.0|0.0|0.0|8|gravel|-|SG000099|-|12|1|1|574|XA02TEX|-|1.0|1.0|0.0|0.0|0.0|QROCK3X8|-|1.0|1.0|13.0|64.0|128.0|128.0|192.0|192.0|640.0|640.0|640.0|640.0
UTNTSkyEdge_tnt01_4541_0_terrain_2_1|4541|0|2|744|744|-3424.0|1824.0|-3296.0|1856.0|-3359.878732187482|1839.5149287499273|128.0|128.0|128.0|QROCK3|XA02TEX|1.0|1.0|0.0|0.0|5|gravel|-|SG000100|-|59|2|1|744|XA02TEX|-|1.0|1.0|0.0|0.0|0.0|QROCK3X8|-|1.0|1.0|13.0|64.0|128.0|128.0|192.0|192.0|640.0|640.0|640.0|640.0
UTNTSkyEdge_tnt01_4542_0_terrain_1_0|4542|0|2|744|574|-3296.0|1856.0|-3328.0|2080.0|-3311.5050252531696|1968.0707106781188|192.0|192.0|192.0|QROCK3|QROCK3X8|1.0|1.0|144.93938002|64.0|8|rock|-|SG000095|-|59|1|0|574|XA02TEX|-|1.0|1.0|0.0|0.0|0.0|QROCK3X8|-|1.0|1.0|144.93938002|64.0|128.0|128.0|192.0|192.0|640.0|640.0|640.0|640.0
UTNTSkyEdge_tnt01_4542_0_terrain_1_1|4542|0|2|744|574|-3296.0|1856.0|-3328.0|2080.0|-3312.4949747468304|1967.9292893218812|192.0|192.0|192.0|QROCK3|XA02TEX|1.0|1.0|0.0|0.0|8|gravel|-|SG000099|-|12|1|1|574|XA02TEX|-|1.0|1.0|0.0|0.0|0.0|QROCK3X8|-|1.0|1.0|144.93938002|64.0|128.0|128.0|192.0|192.0|640.0|640.0|640.0|640.0
UTNTSkyEdge_tnt01_4543_0_terrain_1_0|4543|0|2|744|574|-3328.0|2080.0|-3168.0|2208.0|-3247.687652476223|2143.6095655952786|192.0|192.0|192.0|QROCK3|QROCK3X8|1.0|1.0|371.213549999|64.0|8|rock|-|SG000095|-|59|1|0|574|XA02TEX|-|1.0|1.0|0.0|0.0|0.0|QROCK3X8|-|1.0|1.0|371.213549999|64.0|128.0|128.0|192.0|192.0|640.0|640.0|640.0|640.0
UTNTSkyEdge_tnt01_4543_0_terrain_1_1|4543|0|2|744|574|-3328.0|2080.0|-3168.0|2208.0|-3248.312347523777|2144.3904344047214|192.0|192.0|192.0|QROCK3|XA02TEX|1.0|1.0|0.0|0.0|8|gravel|-|SG000099|-|12|1|1|574|XA02TEX|-|1.0|1.0|0.0|0.0|0.0|QROCK3X8|-|1.0|1.0|371.213549999|64.0|128.0|128.0|192.0|192.0|640.0|640.0|640.0|640.0
UTNTSkyEdge_tnt01_4543_0_terrain_2_1|4543|0|2|744|744|-3328.0|2080.0|-3168.0|2208.0|-3247.687652476223|2143.6095655952786|128.0|128.0|128.0|QROCK3|XA02TEX|1.0|1.0|0.0|0.0|5|gravel|-|SG000101|-|59|2|1|744|XA02TEX|-|1.0|1.0|0.0|0.0|0.0|QROCK3X8|-|1.0|1.0|371.213549999|64.0|128.0|128.0|192.0|192.0|640.0|640.0|640.0|640.0
UTNTSkyEdge_tnt01_4545_0_terrain_1_0|4545|0|2|743|574|-3168.0|2208.0|-3168.0|2304.0|-3167.5|2256.0|192.0|192.0|192.0|QROCK3|QROCK3X8|1.0|1.0|64.0|64.0|8|rock|-|SG000021|-|21|1|0|574|XA02TEX|-|1.0|1.0|0.0|0.0|0.0|QROCK3X8|-|1.0|1.0|64.0|64.0|64.0|64.0|192.0|192.0|640.0|640.0|640.0|640.0
UTNTSkyEdge_tnt01_4545_0_terrain_1_1|4545|0|2|743|574|-3168.0|2208.0|-3168.0|2304.0|-3168.5|2256.0|192.0|192.0|192.0|QROCK3|XA02TEX|1.0|1.0|0.0|0.0|8|gravel|-|SG000099|-|12|1|1|574|XA02TEX|-|1.0|1.0|0.0|0.0|0.0|QROCK3X8|-|1.0|1.0|64.0|64.0|64.0|64.0|192.0|192.0|640.0|640.0|640.0|640.0
UTNTSkyEdge_tnt01_4546_0_terrain_1_0|4546|0|2|743|744|-3232.0|2016.0|-3264.0|2048.0|-3247.6464466094067|2032.3535533905933|128.0|128.0|128.0|QROCK3|QROCK3X8|1.0|1.0|88.0|0.0|8|rock|-|SG000021|-|21|1|0|744|XA02TEX|-|1.0|1.0|0.0|0.0|0.0|QROCK3X8|-|1.0|1.0|88.0|0.0|64.0|64.0|128.0|128.0|640.0|640.0|640.0|640.0
UTNTSkyEdge_tnt01_4546_0_terrain_1_1|4546|0|2|743|744|-3232.0|2016.0|-3264.0|2048.0|-3248.3535533905933|2031.6464466094067|128.0|128.0|128.0|QROCK3|XA02TEX|1.0|1.0|0.0|0.0|8|gravel|-|SG000086|-|59|1|1|744|XA02TEX|-|1.0|1.0|0.0|0.0|0.0|QROCK3X8|-|1.0|1.0|88.0|0.0|64.0|64.0|128.0|128.0|640.0|640.0|640.0|640.0
UTNTSkyEdge_tnt01_4547_0_terrain_1_0|4547|0|2|743|744|-3264.0|2048.0|-3168.0|2208.0|-3215.5712535371435|2127.742752122286|128.0|128.0|128.0|QROCK3|QROCK3X8|1.0|1.0|133.254833996|0.0|8|rock|-|SG000021|-|21|1|0|744|XA02TEX|-|1.0|1.0|0.0|0.0|0.0|QROCK3X8|-|1.0|1.0|133.254833996|0.0|64.0|64.0|128.0|128.0|640.0|640.0|640.0|640.0
UTNTSkyEdge_tnt01_4547_0_terrain_1_1|4547|0|2|743|744|-3264.0|2048.0|-3168.0|2208.0|-3216.4287464628565|2128.257247877714|128.0|128.0|128.0|QROCK3|XA02TEX|1.0|1.0|0.0|0.0|8|gravel|-|SG000086|-|59|1|1|744|XA02TEX|-|1.0|1.0|0.0|0.0|0.0|QROCK3X8|-|1.0|1.0|133.254833996|0.0|64.0|64.0|128.0|128.0|640.0|640.0|640.0|640.0
UTNTSkyEdge_tnt01_4548_0_terrain_1_0|4548|0|2|745|747|-2720.0|1472.0|-2624.0|1344.0|-2672.4|1407.7|192.0|192.0|192.0|QROCK3|QROCK3X8|1.0|1.0|62.0|64.0|8|rock|-|SG000022|-|22|1|0|747|XA02TEX|-|1.0|1.0|0.0|0.0|0.0|QROCK3X8|-|1.0|1.0|62.0|64.0|128.0|128.0|192.0|192.0|640.0|640.0|640.0|640.0
UTNTSkyEdge_tnt01_4548_0_terrain_1_1|4548|0|2|745|747|-2720.0|1472.0|-2624.0|1344.0|-2671.6|1408.3|192.0|192.0|192.0|QROCK3|XA02TEX|1.0|1.0|0.0|0.0|8|gravel|-|SG000093|-|60|1|1|747|XA02TEX|-|1.0|1.0|0.0|0.0|0.0|QROCK3X8|-|1.0|1.0|62.0|64.0|128.0|128.0|192.0|192.0|640.0|640.0|640.0|640.0
UTNTSkyEdge_tnt01_4548_0_terrain_2_1|4548|0|2|745|745|-2720.0|1472.0|-2624.0|1344.0|-2672.4|1407.7|128.0|128.0|128.0|QROCK3|XA02TEX|1.0|1.0|0.0|0.0|14|gravel|-|SG000102|-|22|2|1|745|XA02TEX|-|1.0|1.0|0.0|0.0|0.0|QROCK3X8|-|1.0|1.0|62.0|64.0|128.0|128.0|192.0|192.0|640.0|640.0|640.0|640.0
UTNTSkyEdge_tnt01_4549_0_terrain_1_0|4549|0|2|745|575|-2624.0|1344.0|-2688.0|1216.0|-2656.4472135954998|1280.2236067977499|256.0|256.0|256.0|QROCK3|QROCK3X8|1.0|1.0|94.0|0.0|8|rock|-|SG000022|-|22|1|0|575|XA02TEX|-|1.0|1.0|0.0|0.0|0.0|QROCK3X8|-|1.0|1.0|94.0|0.0|128.0|128.0|256.0|256.0|640.0|640.0|640.0|640.0
UTNTSkyEdge_tnt01_4549_0_terrain_1_1|4549|0|2|745|575|-2624.0|1344.0|-2688.0|1216.0|-2655.5527864045002|1279.7763932022501|256.0|256.0|256.0|QROCK3|XA02TEX|1.0|1.0|0.0|0.0|8|gravel|-|SG000103|-|20|1|1|575|XA02TEX|-|1.0|1.0|0.0|0.0|0.0|QROCK3X8|-|1.0|1.0|94.0|0.0|128.0|128.0|256.0|256.0|640.0|640.0|640.0|640.0
UTNTSkyEdge_tnt01_4549_0_terrain_2_1|4549|0|2|745|745|-2624.0|1344.0|-2688.0|1216.0|-2656.4472135954998|1280.2236067977499|128.0|128.0|128.0|QROCK3|XA02TEX|1.0|1.0|0.0|0.0|14|gravel|-|SG000104|-|22|2|1|745|XA02TEX|-|1.0|1.0|0.0|0.0|0.0|QROCK3X8|-|1.0|1.0|94.0|0.0|128.0|128.0|256.0|256.0|640.0|640.0|640.0|640.0
UTNTSkyEdge_tnt01_4550_0_terrain_2_1|4550|0|1|745|745|-2592.0|1088.0|-2880.0|1024.0|-2736.108465228909|1056.4880935300919|128.0|128.0|128.0|QROCK3X8|XA02TEX|1.0|1.0|0.0|0.0|5|gravel|-|SG000105|-|22|2|1|745|XA02TEX|-|1.0|1.0|0.0|0.0|0.0|QROCK3X8|-|1.0|1.0|0.0|0.0|128.0|128.0|0|0|640.0|640.0|0|0
UTNTSkyEdge_tnt01_4551_0_terrain_1_0|4551|0|2|745|575|-2688.0|1216.0|-2592.0|1088.0|-2640.4|1151.7|256.0|256.0|256.0|QROCK3|QROCK3X8|1.0|1.0|237.10835056|0.0|8|rock|-|SG000022|-|22|1|0|575|XA02TEX|-|1.0|1.0|0.0|0.0|0.0|QROCK3X8|-|1.0|1.0|237.10835056|0.0|128.0|128.0|256.0|256.0|640.0|640.0|640.0|640.0
UTNTSkyEdge_tnt01_4551_0_terrain_1_1|4551|0|2|745|575|-2688.0|1216.0|-2592.0|1088.0|-2639.6|1152.3|256.0|256.0|256.0|QROCK3|XA02TEX|1.0|1.0|0.0|0.0|8|gravel|-|SG000103|-|20|1|1|575|XA02TEX|-|1.0|1.0|0.0|0.0|0.0|QROCK3X8|-|1.0|1.0|237.10835056|0.0|128.0|128.0|256.0|256.0|640.0|640.0|640.0|640.0
UTNTSkyEdge_tnt01_4552_1_terrain_1_0|4552|1|2|747|575|-2496.0|1408.0|-2624.0|1344.0|-2560.22360679775|1376.4472135955|256.0|256.0|256.0|QROCK3|QROCK3X8|1.0|1.0|370.857066193|0.0|8|rock|-|SG000106|-|60|1|0|575|XA02TEX|-|1.0|1.0|0.0|0.0|0.0|QROCK3X8|-|1.0|1.0|370.857066193|0.0|192.0|192.0|256.0|256.0|640.0|640.0|640.0|640.0
UTNTSkyEdge_tnt01_4552_1_terrain_1_1|4552|1|2|747|575|-2496.0|1408.0|-2624.0|1344.0|-2559.77639320225|1375.5527864045|256.0|256.0|256.0|QROCK3|XA02TEX|1.0|1.0|0.0|0.0|8|gravel|-|SG000103|-|20|1|1|575|XA02TEX|-|1.0|1.0|0.0|0.0|0.0|QROCK3X8|-|1.0|1.0|370.857066193|0.0|192.0|192.0|256.0|256.0|640.0|640.0|640.0|640.0
UTNTSkyEdge_tnt01_4552_1_terrain_2_1|4552|1|2|747|747|-2496.0|1408.0|-2624.0|1344.0|-2560.22360679775|1376.4472135955|192.0|192.0|192.0|QROCK3|XA02TEX|1.0|1.0|0.0|0.0|5|gravel|-|SG000107|-|60|2|1|747|XA02TEX|-|1.0|1.0|0.0|0.0|0.0|QROCK3X8|-|1.0|1.0|370.857066193|0.0|192.0|192.0|256.0|256.0|640.0|640.0|640.0|640.0
UTNTSkyEdge_tnt01_4553_1_terrain_1_0|4553|1|2|747|575|-2400.0|1344.0|-2496.0|1408.0|-2447.7226499018875|1376.416025147169|256.0|256.0|256.0|QROCK3|QROCK3X8|1.0|1.0|255.479425378|0.0|8|rock|-|SG000106|-|60|1|0|575|XA02TEX|-|1.0|1.0|0.0|0.0|0.0|QROCK3X8|-|1.0|1.0|255.479425378|0.0|192.0|192.0|256.0|256.0|640.0|640.0|640.0|640.0
UTNTSkyEdge_tnt01_4553_1_terrain_1_1|4553|1|2|747|575|-2400.0|1344.0|-2496.0|1408.0|-2448.2773500981125|1375.583974852831|256.0|256.0|256.0|QROCK3|XA02TEX|1.0|1.0|0.0|0.0|8|gravel|-|SG000103|-|20|1|1|575|XA02TEX|-|1.0|1.0|0.0|0.0|0.0|QROCK3X8|-|1.0|1.0|255.479425378|0.0|192.0|192.0|256.0|256.0|640.0|640.0|640.0|640.0
UTNTSkyEdge_tnt01_4553_1_terrain_2_1|4553|1|2|747|747|-2400.0|1344.0|-2496.0|1408.0|-2447.7226499018875|1376.416025147169|192.0|192.0|192.0|QROCK3|XA02TEX|1.0|1.0|0.0|0.0|5|gravel|-|SG000108|-|60|2|1|747|XA02TEX|-|1.0|1.0|0.0|0.0|0.0|QROCK3X8|-|1.0|1.0|255.479425378|0.0|192.0|192.0|256.0|256.0|640.0|640.0|640.0|640.0
UTNTSkyEdge_tnt01_4555_1_terrain_1_0|4555|1|2|747|575|-2224.0|1440.0|-2400.0|1344.0|-2312.2394260653405|1392.4389477864572|256.0|256.0|256.0|QROCK3|QROCK3X8|1.0|1.0|55.0|0.0|8|rock|-|SG000106|-|60|1|0|575|XA02TEX|-|1.0|1.0|0.0|0.0|0.0|QROCK3X8|-|1.0|1.0|55.0|0.0|192.0|192.0|256.0|256.0|640.0|640.0|640.0|640.0
UTNTSkyEdge_tnt01_4555_1_terrain_1_1|4555|1|2|747|575|-2224.0|1440.0|-2400.0|1344.0|-2311.7605739346595|1391.5610522135428|256.0|256.0|256.0|QROCK3|XA02TEX|1.0|1.0|0.0|0.0|8|gravel|-|SG000103|-|20|1|1|575|XA02TEX|-|1.0|1.0|0.0|0.0|0.0|QROCK3X8|-|1.0|1.0|55.0|0.0|192.0|192.0|256.0|256.0|640.0|640.0|640.0|640.0
UTNTSkyEdge_tnt01_4555_1_terrain_2_1|4555|1|2|747|747|-2224.0|1440.0|-2400.0|1344.0|-2312.2394260653405|1392.4389477864572|192.0|192.0|192.0|QROCK3|XA02TEX|1.0|1.0|0.0|0.0|5|gravel|-|SG000109|-|60|2|1|747|XA02TEX|-|1.0|1.0|0.0|0.0|0.0|QROCK3X8|-|1.0|1.0|55.0|0.0|192.0|192.0|256.0|256.0|640.0|640.0|640.0|640.0
UTNTSkyEdge_tnt01_4556_1_terrain_1_0|4556|1|2|746|747|-2368.0|1440.0|-2432.0|1536.0|-2399.583974852831|1488.2773500981127|192.0|192.0|192.0|QROCK3|QROCK3X8|1.0|1.0|199.0|64.0|8|rock|-|SG000030|-|30|1|0|747|XA02TEX|-|1.0|1.0|0.0|0.0|0.0|QROCK3X8|-|1.0|1.0|199.0|64.0|64.0|64.0|192.0|192.0|640.0|640.0|640.0|640.0
UTNTSkyEdge_tnt01_4556_1_terrain_1_1|4556|1|2|746|747|-2368.0|1440.0|-2432.0|1536.0|-2400.416025147169|1487.7226499018873|192.0|192.0|192.0|QROCK3|XA02TEX|1.0|1.0|0.0|0.0|8|gravel|-|SG000093|-|60|1|1|747|XA02TEX|-|1.0|1.0|0.0|0.0|0.0|QROCK3X8|-|1.0|1.0|199.0|64.0|64.0|64.0|192.0|192.0|640.0|640.0|640.0|640.0
UTNTSkyEdge_tnt01_4557_1_terrain_1_0|4557|1|2|746|747|-2224.0|1440.0|-2368.0|1440.0|-2296.0|1440.5|192.0|192.0|192.0|QROCK3|QROCK3X8|1.0|1.0|55.0|64.0|8|rock|-|SG000030|-|30|1|0|747|XA02TEX|-|1.0|1.0|0.0|0.0|0.0|QROCK3X8|-|1.0|1.0|55.0|64.0|64.0|64.0|192.0|192.0|640.0|640.0|640.0|640.0
UTNTSkyEdge_tnt01_4557_1_terrain_1_1|4557|1|2|746|747|-2224.0|1440.0|-2368.0|1440.0|-2296.0|1439.5|192.0|192.0|192.0|QROCK3|XA02TEX|1.0|1.0|0.0|0.0|8|gravel|-|SG000093|-|60|1|1|747|XA02TEX|-|1.0|1.0|0.0|0.0|0.0|QROCK3X8|-|1.0|1.0|55.0|64.0|64.0|64.0|192.0|192.0|640.0|640.0|640.0|640.0
UTNTSkyEdge_tnt01_4557_1_terrain_2_1|4557|1|2|746|746|-2224.0|1440.0|-2368.0|1440.0|-2296.0|1440.5|64.0|64.0|64.0|QROCK3|XA02TEX|1.0|1.0|0.0|0.0|5|gravel|-|SG000110|-|30|2|1|746|XA02TEX|-|1.0|1.0|0.0|0.0|0.0|QROCK3X8|-|1.0|1.0|55.0|64.0|64.0|64.0|192.0|192.0|640.0|640.0|640.0|640.0
UTNTSkyEdge_tnt01_4558_0_terrain_2_1|4558|0|1|3678|3678|-3648.0|1120.0|-3584.0|1216.0|-3615.583974852831|1167.7226499018873|0.0|0.0|0.0|QROCK3|QGRASS|1.0|1.0|0.0|0.0|14|grass|-|SG000111|-|9|2|1|3678|QGRASS|-|1.0|1.0|0.0|0.0|0.0|QROCK3X8|-|1.0|1.0|104.0|0.0|0.0|0.0|0|0|640.0|640.0|0|0
UTNTSkyEdge_tnt01_4565_0_terrain_2_1|4565|0|1|742|742|-3648.0|1504.0|-3584.0|1792.0|-3615.511906469908|1647.8915347710906|256.0|256.0|256.0|QROCK3|XA02TEX|1.0|1.0|0.0|0.0|14|gravel|-|SG000112|-|13|2|1|742|XA02TEX|-|1.0|1.0|0.0|0.0|0.0|QROCK3X8|-|1.0|1.0|329.025422633|0.0|256.0|256.0|0|0|640.0|640.0|0|0
UTNTSkyEdge_tnt01_4567_0_terrain_1_0|4567|0|2|3678|751|-2688.0|2656.0|-2496.0|2528.0|-2592.2773500981125|2591.583974852831|64.0|64.0|64.0|QROCK3|QROCK3X8|1.0|1.0|118.0|64.0|8|rock|-|SG000009|-|9|1|0|751|XA02TEX|-|1.0|1.0|0.0|0.0|0.0|QROCK3X8|-|1.0|1.0|118.0|64.0|0.0|0.0|64.0|64.0|640.0|640.0|640.0|640.0
UTNTSkyEdge_tnt01_4567_0_terrain_1_1|4567|0|2|3678|751|-2688.0|2656.0|-2496.0|2528.0|-2591.7226499018875|2592.416025147169|64.0|64.0|64.0|QROCK3|XA02TEX|1.0|1.0|0.0|0.0|8|gravel|-|SG000113|-|11|1|1|751|XA02TEX|-|1.0|1.0|0.0|0.0|0.0|QROCK3X8|-|1.0|1.0|118.0|64.0|0.0|0.0|64.0|64.0|640.0|640.0|640.0|640.0
UTNTSkyEdge_tnt01_4567_0_terrain_2_1|4567|0|2|3678|3678|-2688.0|2656.0|-2496.0|2528.0|-2592.2773500981125|2591.583974852831|0.0|0.0|0.0|QROCK3|QGRASS|1.0|1.0|0.0|0.0|14|grass|-|SG000114|-|9|2|1|3678|QGRASS|-|1.0|1.0|0.0|0.0|0.0|QROCK3X8|-|1.0|1.0|118.0|64.0|0.0|0.0|64.0|64.0|640.0|640.0|640.0|640.0
UTNTSkyEdge_tnt01_4568_0_terrain_1_0|4568|0|2|3678|751|-2496.0|2528.0|-2368.0|2560.0|-2431.878732187482|2543.5149287499275|64.0|64.0|64.0|QROCK3|QROCK3X8|1.0|1.0|348.75528163|64.0|8|rock|-|SG000009|-|9|1|0|751|XA02TEX|-|1.0|1.0|0.0|0.0|0.0|QROCK3X8|-|1.0|1.0|348.75528163|64.0|0.0|0.0|64.0|64.0|640.0|640.0|640.0|640.0
UTNTSkyEdge_tnt01_4568_0_terrain_1_1|4568|0|2|3678|751|-2496.0|2528.0|-2368.0|2560.0|-2432.121267812518|2544.4850712500725|64.0|64.0|64.0|QROCK3|XA02TEX|1.0|1.0|0.0|0.0|8|gravel|-|SG000113|-|11|1|1|751|XA02TEX|-|1.0|1.0|0.0|0.0|0.0|QROCK3X8|-|1.0|1.0|348.75528163|64.0|0.0|0.0|64.0|64.0|640.0|640.0|640.0|640.0
UTNTSkyEdge_tnt01_4569_0_terrain_1_0|4569|0|2|3678|751|-2368.0|2560.0|-2240.0|2624.0|-2303.77639320225|2591.5527864045002|64.0|64.0|64.0|QROCK3|QROCK3X8|1.0|1.0|480.694661649|64.0|8|rock|-|SG000009|-|9|1|0|751|XA02TEX|-|1.0|1.0|0.0|0.0|0.0|QROCK3X8|-|1.0|1.0|480.694661649|64.0|0.0|0.0|64.0|64.0|640.0|640.0|640.0|640.0
UTNTSkyEdge_tnt01_4569_0_terrain_1_1|4569|0|2|3678|751|-2368.0|2560.0|-2240.0|2624.0|-2304.22360679775|2592.4472135954998|64.0|64.0|64.0|QROCK3|XA02TEX|1.0|1.0|0.0|0.0|8|gravel|-|SG000113|-|11|1|1|751|XA02TEX|-|1.0|1.0|0.0|0.0|0.0|QROCK3X8|-|1.0|1.0|480.694661649|64.0|0.0|0.0|64.0|64.0|640.0|640.0|640.0|640.0
UTNTSkyEdge_tnt01_4569_0_terrain_2_1|4569|0|2|3678|3678|-2368.0|2560.0|-2240.0|2624.0|-2303.77639320225|2591.5527864045002|0.0|0.0|0.0|QROCK3|QGRASS|1.0|1.0|0.0|0.0|14|grass|-|SG000115|-|9|2|1|3678|QGRASS|-|1.0|1.0|0.0|0.0|0.0|QROCK3X8|-|1.0|1.0|480.694661649|64.0|0.0|0.0|64.0|64.0|640.0|640.0|640.0|640.0
UTNTSkyEdge_tnt01_4570_0_terrain_1_0|4570|0|2|3678|752|-2240.0|2624.0|-2176.0|2592.0|-2208.22360679775|2607.5527864045002|192.0|192.0|192.0|QROCK3|QROCK3X8|1.0|1.0|112.0|64.0|8|rock|-|SG000009|-|9|1|0|752|XA02TEX|-|1.0|1.0|0.0|0.0|0.0|QROCK3X8|-|1.0|1.0|112.0|64.0|0.0|0.0|192.0|192.0|640.0|640.0|640.0|640.0
UTNTSkyEdge_tnt01_4570_0_terrain_1_1|4570|0|2|3678|752|-2240.0|2624.0|-2176.0|2592.0|-2207.77639320225|2608.4472135954998|192.0|192.0|192.0|QROCK3|XA02TEX|1.0|1.0|0.0|0.0|8|gravel|-|SG000116|-|23|1|1|752|XA02TEX|-|1.0|1.0|0.0|0.0|0.0|QROCK3X8|-|1.0|1.0|112.0|64.0|0.0|0.0|192.0|192.0|640.0|640.0|640.0|640.0
UTNTSkyEdge_tnt01_4571_0_terrain_1_0|4571|0|2|3678|752|-2176.0|2592.0|-2112.0|2592.0|-2144.0|2591.5|192.0|192.0|192.0|QROCK3|QROCK3X8|1.0|1.0|183.55417528|64.0|8|rock|-|SG000009|-|9|1|0|752|XA02TEX|-|1.0|1.0|0.0|0.0|0.0|QROCK3X8|-|1.0|1.0|183.55417528|64.0|0.0|0.0|192.0|192.0|640.0|640.0|640.0|640.0
UTNTSkyEdge_tnt01_4571_0_terrain_1_1|4571|0|2|3678|752|-2176.0|2592.0|-2112.0|2592.0|-2144.0|2592.5|192.0|192.0|192.0|QROCK3|XA02TEX|1.0|1.0|0.0|0.0|8|gravel|-|SG000116|-|23|1|1|752|XA02TEX|-|1.0|1.0|0.0|0.0|0.0|QROCK3X8|-|1.0|1.0|183.55417528|64.0|0.0|0.0|192.0|192.0|640.0|640.0|640.0|640.0
UTNTSkyEdge_tnt01_4572_0_terrain_1_0|4572|0|2|3678|749|-2048.0|2592.0|-1920.0|2528.0|-1984.2236067977499|2559.5527864045002|256.0|256.0|256.0|QROCK3|QROCK3X8|1.0|1.0|184.0|0.0|8|rock|-|SG000009|-|9|1|0|749|XA02TEX|-|1.0|1.0|0.0|0.0|0.0|QROCK3X8|-|1.0|1.0|184.0|0.0|0.0|0.0|256.0|256.0|640.0|640.0|640.0|640.0
UTNTSkyEdge_tnt01_4572_0_terrain_1_1|4572|0|2|3678|749|-2048.0|2592.0|-1920.0|2528.0|-1983.7763932022501|2560.4472135954998|256.0|256.0|256.0|QROCK3|XA02TEX|1.0|1.0|0.0|0.0|8|gravel|-|SG000117|-|25|1|1|749|XA02TEX|-|1.0|1.0|0.0|0.0|0.0|QROCK3X8|-|1.0|1.0|184.0|0.0|0.0|0.0|256.0|256.0|640.0|640.0|640.0|640.0
UTNTSkyEdge_tnt01_4573_0_terrain_1_0|4573|0|2|3678|748|-1920.0|2528.0|-1856.0|2432.0|-1888.416025147169|2479.7226499018875|128.0|128.0|128.0|QROCK3|QROCK3X8|1.0|1.0|79.0|0.0|8|rock|-|SG000009|-|9|1|0|748|XA02TEX|-|1.0|1.0|0.0|0.0|0.0|QROCK3X8|-|1.0|1.0|79.0|0.0|0.0|0.0|128.0|128.0|640.0|640.0|640.0|640.0
UTNTSkyEdge_tnt01_4573_0_terrain_1_1|4573|0|2|3678|748|-1920.0|2528.0|-1856.0|2432.0|-1887.583974852831|2480.2773500981125|128.0|128.0|128.0|QROCK3|XA02TEX|1.0|1.0|0.0|0.0|8|gravel|-|SG000118|-|10|1|1|748|XA02TEX|-|1.0|1.0|0.0|0.0|0.0|QROCK3X8|-|1.0|1.0|79.0|0.0|0.0|0.0|128.0|128.0|640.0|640.0|640.0|640.0
UTNTSkyEdge_tnt01_4573_0_terrain_2_1|4573|0|2|3678|3678|-1920.0|2528.0|-1856.0|2432.0|-1888.416025147169|2479.7226499018875|0.0|0.0|0.0|QROCK3|QGRASS|1.0|1.0|0.0|0.0|14|grass|-|SG000119|-|9|2|1|3678|QGRASS|-|1.0|1.0|0.0|0.0|0.0|QROCK3X8|-|1.0|1.0|79.0|0.0|0.0|0.0|128.0|128.0|640.0|640.0|640.0|640.0
UTNTSkyEdge_tnt01_4574_0_terrain_1_0|4574|0|2|3678|748|-1856.0|2432.0|-1696.0|2400.0|-1776.0980580675691|2415.5097096621544|128.0|128.0|128.0|QROCK3|QROCK3X8|1.0|1.0|194.377640815|0.0|8|rock|-|SG000009|-|9|1|0|748|XA02TEX|-|1.0|1.0|0.0|0.0|0.0|QROCK3X8|-|1.0|1.0|194.377640815|0.0|0.0|0.0|128.0|128.0|640.0|640.0|640.0|640.0
UTNTSkyEdge_tnt01_4574_0_terrain_1_1|4574|0|2|3678|748|-1856.0|2432.0|-1696.0|2400.0|-1775.9019419324309|2416.4902903378456|128.0|128.0|128.0|QROCK3|XA02TEX|1.0|1.0|0.0|0.0|8|gravel|-|SG000118|-|10|1|1|748|XA02TEX|-|1.0|1.0|0.0|0.0|0.0|QROCK3X8|-|1.0|1.0|194.377640815|0.0|0.0|0.0|128.0|128.0|640.0|640.0|640.0|640.0
UTNTSkyEdge_tnt01_4574_0_terrain_2_1|4574|0|2|3678|3678|-1856.0|2432.0|-1696.0|2400.0|-1776.0980580675691|2415.5097096621544|0.0|0.0|0.0|QROCK3|QGRASS|1.0|1.0|0.0|0.0|14|grass|-|SG000120|-|9|2|1|3678|QGRASS|-|1.0|1.0|0.0|0.0|0.0|QROCK3X8|-|1.0|1.0|194.377640815|0.0|0.0|0.0|128.0|128.0|640.0|640.0|640.0|640.0
UTNTSkyEdge_tnt01_4575_0_terrain_1_0|4575|0|2|3678|748|-1696.0|2400.0|-1568.0|2496.0|-1631.7|2447.6|128.0|128.0|128.0|QROCK3|QROCK3X8|1.0|1.0|357.54626525|0.0|8|rock|-|SG000009|-|9|1|0|748|XA02TEX|-|1.0|1.0|0.0|0.0|0.0|QROCK3X8|-|1.0|1.0|357.54626525|0.0|0.0|0.0|128.0|128.0|640.0|640.0|640.0|640.0
UTNTSkyEdge_tnt01_4575_0_terrain_1_1|4575|0|2|3678|748|-1696.0|2400.0|-1568.0|2496.0|-1632.3|2448.4|128.0|128.0|128.0|QROCK3|XA02TEX|1.0|1.0|0.0|0.0|8|gravel|-|SG000118|-|10|1|1|748|XA02TEX|-|1.0|1.0|0.0|0.0|0.0|QROCK3X8|-|1.0|1.0|357.54626525|0.0|0.0|0.0|128.0|128.0|640.0|640.0|640.0|640.0
UTNTSkyEdge_tnt01_4576_0_terrain_1_0|4576|0|2|748|749|-1920.0|2528.0|-1952.0|2624.0|-1935.5256583509747|2576.1581138830084|256.0|256.0|256.0|QROCK3|QROCK3X8|1.0|1.0|71.0|0.0|8|rock|-|SG000010|-|10|1|0|749|XA02TEX|-|1.0|1.0|0.0|0.0|0.0|QROCK3X8|-|1.0|1.0|71.0|0.0|128.0|128.0|256.0|256.0|640.0|640.0|640.0|640.0
UTNTSkyEdge_tnt01_4576_0_terrain_1_1|4576|0|2|748|749|-1920.0|2528.0|-1952.0|2624.0|-1936.4743416490253|2575.8418861169916|256.0|256.0|256.0|QROCK3|XA02TEX|1.0|1.0|0.0|0.0|8|gravel|-|SG000117|-|25|1|1|749|XA02TEX|-|1.0|1.0|0.0|0.0|0.0|QROCK3X8|-|1.0|1.0|71.0|0.0|128.0|128.0|256.0|256.0|640.0|640.0|640.0|640.0
UTNTSkyEdge_tnt01_4576_0_terrain_2_1|4576|0|2|748|748|-1920.0|2528.0|-1952.0|2624.0|-1935.5256583509747|2576.1581138830084|128.0|128.0|128.0|QROCK3|XA02TEX|1.0|1.0|0.0|0.0|5|gravel|-|SG000121|-|10|2|1|748|XA02TEX|-|1.0|1.0|0.0|0.0|0.0|QROCK3X8|-|1.0|1.0|71.0|0.0|128.0|128.0|256.0|256.0|640.0|640.0|640.0|640.0
UTNTSkyEdge_tnt01_4577_0_terrain_1_0|4577|0|2|748|749|-1952.0|2624.0|-1920.0|2688.0|-1935.5527864045|2655.77639320225|256.0|256.0|256.0|QROCK3|QROCK3X8|1.0|1.0|172.192885125|0.0|8|rock|-|SG000010|-|10|1|0|749|XA02TEX|-|1.0|1.0|0.0|0.0|0.0|QROCK3X8|-|1.0|1.0|172.192885125|0.0|128.0|128.0|256.0|256.0|640.0|640.0|640.0|640.0
UTNTSkyEdge_tnt01_4577_0_terrain_1_1|4577|0|2|748|749|-1952.0|2624.0|-1920.0|2688.0|-1936.4472135955|2656.22360679775|256.0|256.0|256.0|QROCK3|XA02TEX|1.0|1.0|0.0|0.0|8|gravel|-|SG000117|-|25|1|1|749|XA02TEX|-|1.0|1.0|0.0|0.0|0.0|QROCK3X8|-|1.0|1.0|172.192885125|0.0|128.0|128.0|256.0|256.0|640.0|640.0|640.0|640.0
UTNTSkyEdge_tnt01_4578_1_terrain_1_0|4578|1|2|751|752|-2368.0|2656.0|-2240.0|2624.0|-2304.121267812518|2639.5149287499275|192.0|192.0|192.0|QROCK3|QROCK3X8|1.0|1.0|108.0|64.0|8|rock|-|SG000011|-|11|1|0|752|XA02TEX|-|1.0|1.0|0.0|0.0|0.0|QROCK3X8|-|1.0|1.0|108.0|64.0|64.0|64.0|192.0|192.0|640.0|640.0|640.0|640.0
UTNTSkyEdge_tnt01_4578_1_terrain_1_1|4578|1|2|751|752|-2368.0|2656.0|-2240.0|2624.0|-2303.878732187482|2640.4850712500725|192.0|192.0|192.0|QROCK3|XA02TEX|1.0|1.0|0.0|0.0|8|gravel|-|SG000116|-|23|1|1|752|XA02TEX|-|1.0|1.0|0.0|0.0|0.0|QROCK3X8|-|1.0|1.0|108.0|64.0|64.0|64.0|192.0|192.0|640.0|640.0|640.0|640.0
UTNTSkyEdge_tnt01_4578_1_terrain_2_1|4578|1|2|751|751|-2368.0|2656.0|-2240.0|2624.0|-2304.121267812518|2639.5149287499275|64.0|64.0|64.0|QROCK3|XA02TEX|1.0|1.0|0.0|0.0|5|gravel|-|SG000122|-|11|2|1|751|XA02TEX|-|1.0|1.0|0.0|0.0|0.0|QROCK3X8|-|1.0|1.0|108.0|64.0|64.0|64.0|192.0|192.0|640.0|640.0|640.0|640.0
UTNTSkyEdge_tnt01_4579_1_terrain_1_0|4579|1|2|750|752|-2368.0|2720.0|-2368.0|2656.0|-2368.5|2688.0|192.0|192.0|192.0|QROCK3|QROCK3X8|1.0|1.0|44.0|64.0|8|rock|-|SG000024|-|24|1|0|752|XA02TEX|-|1.0|1.0|0.0|0.0|0.0|QROCK3X8|-|1.0|1.0|44.0|64.0|128.0|128.0|192.0|192.0|640.0|640.0|640.0|640.0
UTNTSkyEdge_tnt01_4579_1_terrain_1_1|4579|1|2|750|752|-2368.0|2720.0|-2368.0|2656.0|-2367.5|2688.0|192.0|192.0|192.0|QROCK3|XA02TEX|1.0|1.0|0.0|0.0|8|gravel|-|SG000116|-|23|1|1|752|XA02TEX|-|1.0|1.0|0.0|0.0|0.0|QROCK3X8|-|1.0|1.0|44.0|64.0|128.0|128.0|192.0|192.0|640.0|640.0|640.0|640.0
UTNTSkyEdge_tnt01_4580_1_terrain_1_0|4580|1|2|751|750|-2464.0|2592.0|-2368.0|2656.0|-2415.7226499018875|2623.583974852831|128.0|128.0|128.0|QROCK3|QROCK3X8|1.0|1.0|121.377640815|0.0|8|rock|-|SG000011|-|11|1|0|750|XA02TEX|-|1.0|1.0|0.0|0.0|0.0|QROCK3X8|-|1.0|1.0|121.377640815|0.0|64.0|64.0|128.0|128.0|640.0|640.0|640.0|640.0
UTNTSkyEdge_tnt01_4580_1_terrain_1_1|4580|1|2|751|750|-2464.0|2592.0|-2368.0|2656.0|-2416.2773500981125|2624.416025147169|128.0|128.0|128.0|QROCK3|XA02TEX|1.0|1.0|0.0|0.0|8|gravel|-|SG000123|-|24|1|1|750|XA02TEX|-|1.0|1.0|0.0|0.0|0.0|QROCK3X8|-|1.0|1.0|121.377640815|0.0|64.0|64.0|128.0|128.0|640.0|640.0|640.0|640.0
UTNTSkyEdge_tnt01_4582_1_terrain_1_0|4582|1|2|751|750|-2528.0|2688.0|-2464.0|2592.0|-2496.416025147169|2639.7226499018875|128.0|128.0|128.0|QROCK3|QROCK3X8|1.0|1.0|6.0|0.0|8|rock|-|SG000011|-|11|1|0|750|XA02TEX|-|1.0|1.0|0.0|0.0|0.0|QROCK3X8|-|1.0|1.0|6.0|0.0|64.0|64.0|128.0|128.0|640.0|640.0|640.0|640.0
UTNTSkyEdge_tnt01_4582_1_terrain_1_1|4582|1|2|751|750|-2528.0|2688.0|-2464.0|2592.0|-2495.583974852831|2640.2773500981125|128.0|128.0|128.0|QROCK3|XA02TEX|1.0|1.0|0.0|0.0|8|gravel|-|SG000123|-|24|1|1|750|XA02TEX|-|1.0|1.0|0.0|0.0|0.0|QROCK3X8|-|1.0|1.0|6.0|0.0|64.0|64.0|128.0|128.0|640.0|640.0|640.0|640.0
UTNTSkyEdge_tnt01_4582_1_terrain_2_1|4582|1|2|751|751|-2528.0|2688.0|-2464.0|2592.0|-2496.416025147169|2639.7226499018875|64.0|64.0|64.0|QROCK3|XA02TEX|1.0|1.0|0.0|0.0|5|gravel|-|SG000124|-|11|2|1|751|XA02TEX|-|1.0|1.0|0.0|0.0|0.0|QROCK3X8|-|1.0|1.0|6.0|0.0|64.0|64.0|128.0|128.0|640.0|640.0|640.0|640.0
UTNTSkyEdge_tnt01_4583_0_terrain_1_0|4583|0|2|3678|749|-2112.0|2592.0|-2048.0|2592.0|-2080.0|2591.5|256.0|256.0|256.0|QROCK3|QROCK3X8|1.0|1.0|120.0|0.0|8|rock|-|SG000009|-|9|1|0|749|XA02TEX|-|1.0|1.0|0.0|0.0|0.0|QROCK3X8|-|1.0|1.0|120.0|0.0|0.0|0.0|256.0|256.0|640.0|640.0|640.0|640.0
UTNTSkyEdge_tnt01_4583_0_terrain_1_1|4583|0|2|3678|749|-2112.0|2592.0|-2048.0|2592.0|-2080.0|2592.5|256.0|256.0|256.0|QROCK3|XA02TEX|1.0|1.0|0.0|0.0|8|gravel|-|SG000117|-|25|1|1|749|XA02TEX|-|1.0|1.0|0.0|0.0|0.0|QROCK3X8|-|1.0|1.0|120.0|0.0|0.0|0.0|256.0|256.0|640.0|640.0|640.0|640.0
UTNTSkyEdge_tnt01_4584_1_terrain_1_0|4584|1|2|752|749|-2176.0|2656.0|-2112.0|2592.0|-2144.3535533905933|2623.6464466094067|256.0|256.0|256.0|QROCK3|QROCK3X8|1.0|1.0|156.688820407|0.0|8|rock|-|SG000023|-|23|1|0|749|XA02TEX|-|1.0|1.0|0.0|0.0|0.0|QROCK3X8|-|1.0|1.0|156.688820407|0.0|192.0|192.0|256.0|256.0|640.0|640.0|640.0|640.0
UTNTSkyEdge_tnt01_4584_1_terrain_1_1|4584|1|2|752|749|-2176.0|2656.0|-2112.0|2592.0|-2143.6464466094067|2624.3535533905933|256.0|256.0|256.0|QROCK3|XA02TEX|1.0|1.0|0.0|0.0|8|gravel|-|SG000117|-|25|1|1|749|XA02TEX|-|1.0|1.0|0.0|0.0|0.0|QROCK3X8|-|1.0|1.0|156.688820407|0.0|192.0|192.0|256.0|256.0|640.0|640.0|640.0|640.0
UTNTSkyEdge_tnt01_4586_1_terrain_1_0|4586|1|2|752|749|-2144.0|2704.0|-2176.0|2656.0|-2160.416025147169|2680.2773500981125|256.0|256.0|256.0|QROCK3|QROCK3X8|1.0|1.0|99.0|0.0|8|rock|-|SG000023|-|23|1|0|749|XA02TEX|-|1.0|1.0|0.0|0.0|0.0|QROCK3X8|-|1.0|1.0|99.0|0.0|192.0|192.0|256.0|256.0|640.0|640.0|640.0|640.0
UTNTSkyEdge_tnt01_4586_1_terrain_1_1|4586|1|2|752|749|-2144.0|2704.0|-2176.0|2656.0|-2159.583974852831|2679.7226499018875|256.0|256.0|256.0|QROCK3|XA02TEX|1.0|1.0|0.0|0.0|8|gravel|-|SG000117|-|25|1|1|749|XA02TEX|-|1.0|1.0|0.0|0.0|0.0|QROCK3X8|-|1.0|1.0|99.0|0.0|192.0|192.0|256.0|256.0|640.0|640.0|640.0|640.0
UTNTSkyEdge_tnt01_4587_1_terrain_1_0|4587|1|2|3676|754|-4096.0|496.0|-4192.0|480.0|-4144.082199493652|488.49319696191606|128.0|128.0|128.0|QROCK3|QROCK3X8|1.0|1.0|190.637204273|0.0|8|rock|-|SG000018|-|18|1|0|754|XA02TEX|-|1.0|1.0|0.0|0.0|0.0|QROCK3X8|-|1.0|1.0|190.637204273|0.0|0.0|0.0|128.0|128.0|640.0|640.0|640.0|640.0
UTNTSkyEdge_tnt01_4587_1_terrain_1_1|4587|1|2|3676|754|-4096.0|496.0|-4192.0|480.0|-4143.917800506348|487.50680303808394|128.0|128.0|128.0|QROCK3|XA02TEX|1.0|1.0|0.0|0.0|8|gravel|-|SG000125|-|14|1|1|754|XA02TEX|-|1.0|1.0|0.0|0.0|0.0|QROCK3X8|-|1.0|1.0|190.637204273|0.0|0.0|0.0|128.0|128.0|640.0|640.0|640.0|640.0
UTNTSkyEdge_tnt01_4587_1_terrain_2_1|4587|1|2|3676|3676|-4096.0|496.0|-4192.0|480.0|-4144.082199493652|488.49319696191606|0.0|0.0|0.0|QROCK3|QGRASS|1.0|1.0|0.0|0.0|14|grass|-|SG000126|-|18|2|1|3676|QGRASS|-|1.0|1.0|0.0|0.0|0.0|QROCK3X8|-|1.0|1.0|190.637204273|0.0|0.0|0.0|128.0|128.0|640.0|640.0|640.0|640.0
UTNTSkyEdge_tnt01_4588_1_terrain_1_0|4588|1|2|3676|754|-4016.0|384.0|-4096.0|496.0|-4055.593133264397|440.29061909685953|128.0|128.0|128.0|QROCK3|QROCK3X8|1.0|1.0|53.0|0.0|8|rock|-|SG000018|-|18|1|0|754|XA02TEX|-|1.0|1.0|0.0|0.0|0.0|QROCK3X8|-|1.0|1.0|53.0|0.0|0.0|0.0|128.0|128.0|640.0|640.0|640.0|640.0
UTNTSkyEdge_tnt01_4588_1_terrain_1_1|4588|1|2|3676|754|-4016.0|384.0|-4096.0|496.0|-4056.406866735603|439.70938090314047|128.0|128.0|128.0|QROCK3|XA02TEX|1.0|1.0|0.0|0.0|8|gravel|-|SG000125|-|14|1|1|754|XA02TEX|-|1.0|1.0|0.0|0.0|0.0|QROCK3X8|-|1.0|1.0|53.0|0.0|0.0|0.0|128.0|128.0|640.0|640.0|640.0|640.0
UTNTSkyEdge_tnt01_4588_1_terrain_2_1|4588|1|2|3676|3676|-4016.0|384.0|-4096.0|496.0|-4055.593133264397|440.29061909685953|0.0|0.0|0.0|QROCK3|QGRASS|1.0|1.0|0.0|0.0|14|grass|-|SG000127|-|18|2|1|3676|QGRASS|-|1.0|1.0|0.0|0.0|0.0|QROCK3X8|-|1.0|1.0|53.0|0.0|0.0|0.0|128.0|128.0|640.0|640.0|640.0|640.0
UTNTSkyEdge_tnt01_4589_1_terrain_1_0|4589|1|2|3676|755|-3792.0|352.0|-4016.0|384.0|-3903.9292893218812|368.49497474683056|64.0|64.0|64.0|QROCK3|QROCK3X8|1.0|1.0|339.377563321|64.0|8|rock|-|SG000018|-|18|1|0|755|XA02TEX|-|1.0|1.0|0.0|0.0|0.0|QROCK3X8|-|1.0|1.0|339.377563321|64.0|0.0|0.0|64.0|64.0|640.0|640.0|640.0|640.0
UTNTSkyEdge_tnt01_4589_1_terrain_1_1|4589|1|2|3676|755|-3792.0|352.0|-4016.0|384.0|-3904.0707106781188|367.50502525316944|64.0|64.0|64.0|QROCK3|XA02TEX|1.0|1.0|0.0|0.0|8|gravel|-|SG000128|-|61|1|1|755|XA02TEX|-|1.0|1.0|0.0|0.0|0.0|QROCK3X8|-|1.0|1.0|339.377563321|64.0|0.0|0.0|64.0|64.0|640.0|640.0|640.0|640.0
UTNTSkyEdge_tnt01_4589_1_terrain_2_1|4589|1|2|3676|3676|-3792.0|352.0|-4016.0|384.0|-3903.9292893218812|368.49497474683056|0.0|0.0|0.0|QROCK3|QGRASS|1.0|1.0|0.0|0.0|14|grass|-|SG000129|-|18|2|1|3676|QGRASS|-|1.0|1.0|0.0|0.0|0.0|QROCK3X8|-|1.0|1.0|339.377563321|64.0|0.0|0.0|64.0|64.0|640.0|640.0|640.0|640.0
UTNTSkyEdge_tnt01_4590_1_terrain_1_0|4590|1|2|3676|755|-3664.0|240.0|-3792.0|352.0|-3727.6707476960655|296.37628834735347|64.0|64.0|64.0|QROCK3|QROCK3X8|1.0|1.0|169.295230318|64.0|8|rock|-|SG000018|-|18|1|0|755|XA02TEX|-|1.0|1.0|0.0|0.0|0.0|QROCK3X8|-|1.0|1.0|169.295230318|64.0|0.0|0.0|64.0|64.0|640.0|640.0|640.0|640.0
UTNTSkyEdge_tnt01_4590_1_terrain_1_1|4590|1|2|3676|755|-3664.0|240.0|-3792.0|352.0|-3728.3292523039345|295.62371165264653|64.0|64.0|64.0|QROCK3|XA02TEX|1.0|1.0|0.0|0.0|8|gravel|-|SG000128|-|61|1|1|755|XA02TEX|-|1.0|1.0|0.0|0.0|0.0|QROCK3X8|-|1.0|1.0|169.295230318|64.0|0.0|0.0|64.0|64.0|640.0|640.0|640.0|640.0
UTNTSkyEdge_tnt01_4591_1_terrain_1_0|4591|1|2|3676|755|-3712.0|160.0|-3664.0|240.0|-3687.5712535371435|199.74275212228625|64.0|64.0|64.0|QROCK3|QROCK3X8|1.0|1.0|76.0|64.0|8|rock|-|SG000018|-|18|1|0|755|XA02TEX|-|1.0|1.0|0.0|0.0|0.0|QROCK3X8|-|1.0|1.0|76.0|64.0|0.0|0.0|64.0|64.0|640.0|640.0|640.0|640.0
UTNTSkyEdge_tnt01_4591_1_terrain_1_1|4591|1|2|3676|755|-3712.0|160.0|-3664.0|240.0|-3688.4287464628565|200.25724787771375|64.0|64.0|64.0|QROCK3|XA02TEX|1.0|1.0|0.0|0.0|8|gravel|-|SG000128|-|61|1|1|755|XA02TEX|-|1.0|1.0|0.0|0.0|0.0|QROCK3X8|-|1.0|1.0|76.0|64.0|0.0|0.0|64.0|64.0|640.0|640.0|640.0|640.0
UTNTSkyEdge_tnt01_4592_1_terrain_1_0|4592|1|2|3676|753|-3648.0|64.0|-3712.0|160.0|-3679.583974852831|112.27735009811262|256.0|256.0|256.0|QROCK3|QROCK3X8|1.0|1.0|104.0|0.0|8|rock|-|SG000018|-|18|1|0|753|XA02TEX|-|1.0|1.0|0.0|0.0|0.0|QROCK3X8|-|1.0|1.0|104.0|0.0|0.0|0.0|256.0|256.0|640.0|640.0|640.0|640.0
UTNTSkyEdge_tnt01_4592_1_terrain_1_1|4592|1|2|3676|753|-3648.0|64.0|-3712.0|160.0|-3680.416025147169|111.72264990188738|256.0|256.0|256.0|QROCK3|XA02TEX|1.0|1.0|0.0|0.0|8|gravel|-|SG000130|-|15|1|1|753|XA02TEX|-|1.0|1.0|0.0|0.0|0.0|QROCK3X8|-|1.0|1.0|104.0|0.0|0.0|0.0|256.0|256.0|640.0|640.0|640.0|640.0
UTNTSkyEdge_tnt01_4592_1_terrain_2_1|4592|1|2|3676|3676|-3648.0|64.0|-3712.0|160.0|-3679.583974852831|112.27735009811262|0.0|0.0|0.0|QROCK3|QGRASS|1.0|1.0|0.0|0.0|14|grass|-|SG000131|-|18|2|1|3676|QGRASS|-|1.0|1.0|0.0|0.0|0.0|QROCK3X8|-|1.0|1.0|104.0|0.0|0.0|0.0|256.0|256.0|640.0|640.0|640.0|640.0
UTNTSkyEdge_tnt01_4593_1_terrain_1_0|4593|1|2|755|754|-4032.0|320.0|-4016.0|384.0|-4023.5149287499275|351.87873218748183|128.0|128.0|128.0|QROCK3|QROCK3X8|1.0|1.0|242.512711317|0.0|8|rock|-|SG000132|-|61|1|0|754|XA02TEX|-|1.0|1.0|0.0|0.0|0.0|QROCK3X8|-|1.0|1.0|242.512711317|0.0|64.0|64.0|128.0|128.0|640.0|640.0|640.0|640.0
UTNTSkyEdge_tnt01_4593_1_terrain_1_1|4593|1|2|755|754|-4032.0|320.0|-4016.0|384.0|-4024.4850712500725|352.12126781251817|128.0|128.0|128.0|QROCK3|XA02TEX|1.0|1.0|0.0|0.0|8|gravel|-|SG000125|-|14|1|1|754|XA02TEX|-|1.0|1.0|0.0|0.0|0.0|QROCK3X8|-|1.0|1.0|242.512711317|0.0|64.0|64.0|128.0|128.0|640.0|640.0|640.0|640.0
UTNTSkyEdge_tnt01_4594_1_terrain_1_0|4594|1|2|755|754|-3888.0|288.0|-4032.0|320.0|-3959.891534771091|304.488093530092|128.0|128.0|128.0|QROCK3|QROCK3X8|1.0|1.0|95.0|0.0|8|rock|-|SG000132|-|61|1|0|754|XA02TEX|-|1.0|1.0|0.0|0.0|0.0|QROCK3X8|-|1.0|1.0|95.0|0.0|64.0|64.0|128.0|128.0|640.0|640.0|640.0|640.0
UTNTSkyEdge_tnt01_4594_1_terrain_1_1|4594|1|2|755|754|-3888.0|288.0|-4032.0|320.0|-3960.108465228909|303.511906469908|128.0|128.0|128.0|QROCK3|XA02TEX|1.0|1.0|0.0|0.0|8|gravel|-|SG000125|-|14|1|1|754|XA02TEX|-|1.0|1.0|0.0|0.0|0.0|QROCK3X8|-|1.0|1.0|95.0|0.0|64.0|64.0|128.0|128.0|640.0|640.0|640.0|640.0
UTNTSkyEdge_tnt01_4594_1_terrain_2_1|4594|1|2|755|755|-3888.0|288.0|-4032.0|320.0|-3959.891534771091|304.488093530092|64.0|64.0|64.0|QROCK3|XA02TEX|1.0|1.0|0.0|0.0|5|gravel|-|SG000133|-|61|2|1|755|XA02TEX|-|1.0|1.0|0.0|0.0|0.0|QROCK3X8|-|1.0|1.0|95.0|0.0|64.0|64.0|128.0|128.0|640.0|640.0|640.0|640.0
UTNTSkyEdge_tnt01_4595_1_terrain_1_0|4595|1|2|755|754|-3888.0|208.0|-3888.0|288.0|-3887.5|248.0|128.0|128.0|128.0|QROCK3|QROCK3X8|1.0|1.0|15.0|0.0|8|rock|-|SG000132|-|61|1|0|754|XA02TEX|-|1.0|1.0|0.0|0.0|0.0|QROCK3X8|-|1.0|1.0|15.0|0.0|64.0|64.0|128.0|128.0|640.0|640.0|640.0|640.0
UTNTSkyEdge_tnt01_4595_1_terrain_1_1|4595|1|2|755|754|-3888.0|208.0|-3888.0|288.0|-3888.5|248.0|128.0|128.0|128.0|QROCK3|XA02TEX|1.0|1.0|0.0|0.0|8|gravel|-|SG000125|-|14|1|1|754|XA02TEX|-|1.0|1.0|0.0|0.0|0.0|QROCK3X8|-|1.0|1.0|15.0|0.0|64.0|64.0|128.0|128.0|640.0|640.0|640.0|640.0
UTNTSkyEdge_tnt01_4596_0_terrain_1_0|4596|0|2|754|753|-3888.0|208.0|-4000.0|160.0|-3944.1969596492895|184.45957251500903|256.0|256.0|256.0|QROCK3|QROCK3X8|1.0|1.0|49.0|0.0|8|rock|-|SG000014|-|14|1|0|753|XA02TEX|-|1.0|1.0|0.0|0.0|0.0|QROCK3X8|-|1.0|1.0|49.0|0.0|128.0|128.0|256.0|256.0|640.0|640.0|640.0|640.0
UTNTSkyEdge_tnt01_4596_0_terrain_1_1|4596|0|2|754|753|-3888.0|208.0|-4000.0|160.0|-3943.8030403507105|183.54042748499097|256.0|256.0|256.0|QROCK3|XA02TEX|1.0|1.0|0.0|0.0|8|gravel|-|SG000130|-|15|1|1|753|XA02TEX|-|1.0|1.0|0.0|0.0|0.0|QROCK3X8|-|1.0|1.0|49.0|0.0|128.0|128.0|256.0|256.0|640.0|640.0|640.0|640.0
UTNTSkyEdge_tnt01_4596_0_terrain_2_1|4596|0|2|754|754|-3888.0|208.0|-4000.0|160.0|-3944.1969596492895|184.45957251500903|128.0|128.0|128.0|QROCK3|XA02TEX|1.0|1.0|0.0|0.0|5|gravel|-|SG000134|-|14|2|1|754|XA02TEX|-|1.0|1.0|0.0|0.0|0.0|QROCK3X8|-|1.0|1.0|49.0|0.0|128.0|128.0|256.0|256.0|640.0|640.0|640.0|640.0
UTNTSkyEdge_tnt01_4597_1_terrain_1_0|4597|1|2|755|753|-3792.0|240.0|-3888.0|208.0|-3840.1581138830084|224.47434164902526|256.0|256.0|256.0|QROCK3|QROCK3X8|1.0|1.0|204.13708499|0.0|8|rock|-|SG000132|-|61|1|0|753|XA02TEX|-|1.0|1.0|0.0|0.0|0.0|QROCK3X8|-|1.0|1.0|204.13708499|0.0|64.0|64.0|256.0|256.0|640.0|640.0|640.0|640.0
UTNTSkyEdge_tnt01_4597_1_terrain_1_1|4597|1|2|755|753|-3792.0|240.0|-3888.0|208.0|-3839.8418861169916|223.52565835097474|256.0|256.0|256.0|QROCK3|XA02TEX|1.0|1.0|0.0|0.0|8|gravel|-|SG000130|-|15|1|1|753|XA02TEX|-|1.0|1.0|0.0|0.0|0.0|QROCK3X8|-|1.0|1.0|204.13708499|0.0|64.0|64.0|256.0|256.0|640.0|640.0|640.0|640.0
UTNTSkyEdge_tnt01_4597_1_terrain_2_1|4597|1|2|755|755|-3792.0|240.0|-3888.0|208.0|-3840.1581138830084|224.47434164902526|64.0|64.0|64.0|QROCK3|XA02TEX|1.0|1.0|0.0|0.0|5|gravel|-|SG000135|-|61|2|1|755|XA02TEX|-|1.0|1.0|0.0|0.0|0.0|QROCK3X8|-|1.0|1.0|204.13708499|0.0|64.0|64.0|256.0|256.0|640.0|640.0|640.0|640.0
UTNTSkyEdge_tnt01_4598_1_terrain_1_0|4598|1|2|755|753|-3712.0|160.0|-3792.0|240.0|-3751.6464466094067|200.35355339059328|256.0|256.0|256.0|QROCK3|QROCK3X8|1.0|1.0|91.0|0.0|8|rock|-|SG000132|-|61|1|0|753|XA02TEX|-|1.0|1.0|0.0|0.0|0.0|QROCK3X8|-|1.0|1.0|91.0|0.0|64.0|64.0|256.0|256.0|640.0|640.0|640.0|640.0
UTNTSkyEdge_tnt01_4598_1_terrain_1_1|4598|1|2|755|753|-3712.0|160.0|-3792.0|240.0|-3752.3535533905933|199.64644660940672|256.0|256.0|256.0|QROCK3|XA02TEX|1.0|1.0|0.0|0.0|8|gravel|-|SG000130|-|15|1|1|753|XA02TEX|-|1.0|1.0|0.0|0.0|0.0|QROCK3X8|-|1.0|1.0|91.0|0.0|64.0|64.0|256.0|256.0|640.0|640.0|640.0|640.0
UTNTSkyEdge_tnt01_4598_1_terrain_2_1|4598|1|2|755|755|-3712.0|160.0|-3792.0|240.0|-3751.6464466094067|200.35355339059328|64.0|64.0|64.0|QROCK3|XA02TEX|1.0|1.0|0.0|0.0|5|gravel|-|SG000136|-|61|2|1|755|XA02TEX|-|1.0|1.0|0.0|0.0|0.0|QROCK3X8|-|1.0|1.0|91.0|0.0|64.0|64.0|256.0|256.0|640.0|640.0|640.0|640.0
UTNTSkyEdge_tnt01_4599_0_terrain_2_1|4599|0|1|760|760|-3296.0|-864.0|-3456.0|-576.0|-3375.562921361939|-719.7571785344106|64.0|64.0|64.0|QROCK3|XA02TEX|1.0|1.0|0.0|0.0|5|gravel|-|SG000137|-|26|2|1|760|XA02TEX|-|1.0|1.0|0.0|0.0|0.0|QROCK3X8|-|1.0|1.0|89.0|0.0|64.0|64.0|0|0|640.0|640.0|0|0
UTNTSkyEdge_tnt01_4601_1_terrain_1_0|4601|1|2|884|760|-3360.0|-544.0|-3456.0|-576.0|-3408.1581138830084|-559.5256583509747|64.0|64.0|64.0|QROCK3|QROCK3X8|1.0|1.0|188.764501988|64.0|8|rock|-|SG000016|-|16|1|0|760|XA02TEX|-|1.0|1.0|0.0|0.0|0.0|QROCK3X8|-|1.0|1.0|188.764501988|64.0|0.0|0.0|64.0|64.0|640.0|640.0|640.0|640.0
UTNTSkyEdge_tnt01_4601_1_terrain_1_1|4601|1|2|884|760|-3360.0|-544.0|-3456.0|-576.0|-3407.8418861169916|-560.4743416490253|64.0|64.0|64.0|QROCK3|XA02TEX|1.0|1.0|0.0|0.0|8|gravel|-|SG000138|-|26|1|1|760|XA02TEX|-|1.0|1.0|0.0|0.0|0.0|QROCK3X8|-|1.0|1.0|188.764501988|64.0|0.0|0.0|64.0|64.0|640.0|640.0|640.0|640.0
UTNTSkyEdge_tnt01_4602_1_terrain_1_0|4602|1|2|884|760|-3264.0|-640.0|-3360.0|-544.0|-3311.6464466094067|-591.6464466094068|64.0|64.0|64.0|QROCK3|QROCK3X8|1.0|1.0|53.0|64.0|8|rock|-|SG000016|-|16|1|0|760|XA02TEX|-|1.0|1.0|0.0|0.0|0.0|QROCK3X8|-|1.0|1.0|53.0|64.0|0.0|0.0|64.0|64.0|640.0|640.0|640.0|640.0
UTNTSkyEdge_tnt01_4602_1_terrain_1_1|4602|1|2|884|760|-3264.0|-640.0|-3360.0|-544.0|-3312.3535533905933|-592.3535533905932|64.0|64.0|64.0|QROCK3|XA02TEX|1.0|1.0|0.0|0.0|8|gravel|-|SG000138|-|26|1|1|760|XA02TEX|-|1.0|1.0|0.0|0.0|0.0|QROCK3X8|-|1.0|1.0|53.0|64.0|0.0|0.0|64.0|64.0|640.0|640.0|640.0|640.0
UTNTSkyEdge_tnt01_4602_1_terrain_2_1|4602|1|2|884|884|-3264.0|-640.0|-3360.0|-544.0|-3311.6464466094067|-591.6464466094068|0.0|0.0|0.0|QROCK3|QGRASS|1.0|1.0|0.0|0.0|14|grass|-|SG000139|-|16|2|1|884|QGRASS|-|1.0|1.0|0.0|0.0|0.0|QROCK3X8|-|1.0|1.0|53.0|64.0|0.0|0.0|64.0|64.0|640.0|640.0|640.0|640.0
UTNTSkyEdge_tnt01_4603_1_terrain_1_0|4603|1|2|884|759|-3136.0|-736.0|-3264.0|-640.0|-3199.7|-687.6|128.0|128.0|128.0|QROCK3|QROCK3X8|1.0|1.0|57.0|0.0|8|rock|-|SG000016|-|16|1|0|759|XA02TEX|-|1.0|1.0|0.0|0.0|0.0|QROCK3X8|-|1.0|1.0|57.0|0.0|0.0|0.0|128.0|128.0|640.0|640.0|640.0|640.0
UTNTSkyEdge_tnt01_4603_1_terrain_1_1|4603|1|2|884|759|-3136.0|-736.0|-3264.0|-640.0|-3200.3|-688.4|128.0|128.0|128.0|QROCK3|XA02TEX|1.0|1.0|0.0|0.0|8|gravel|-|SG000140|-|62|1|1|759|XA02TEX|-|1.0|1.0|0.0|0.0|0.0|QROCK3X8|-|1.0|1.0|57.0|0.0|0.0|0.0|128.0|128.0|640.0|640.0|640.0|640.0
UTNTSkyEdge_tnt01_4604_1_terrain_1_0|4604|1|2|884|758|-3008.0|-672.0|-3136.0|-736.0|-3072.22360679775|-703.5527864045|256.0|256.0|256.0|QROCK3|QROCK3X8|1.0|1.0|121.55417528|0.0|8|rock|-|SG000016|-|16|1|0|758|XA02TEX|-|1.0|1.0|0.0|0.0|0.0|QROCK3X8|-|1.0|1.0|121.55417528|0.0|0.0|0.0|256.0|256.0|640.0|640.0|640.0|640.0
UTNTSkyEdge_tnt01_4604_1_terrain_1_1|4604|1|2|884|758|-3008.0|-672.0|-3136.0|-736.0|-3071.77639320225|-704.4472135955|256.0|256.0|256.0|QROCK3|XA02TEX|1.0|1.0|0.0|0.0|8|gravel|-|SG000141|-|27|1|1|758|XA02TEX|-|1.0|1.0|0.0|0.0|0.0|QROCK3X8|-|1.0|1.0|121.55417528|0.0|0.0|0.0|256.0|256.0|640.0|640.0|640.0|640.0
UTNTSkyEdge_tnt01_4604_1_terrain_2_1|4604|1|2|884|884|-3008.0|-672.0|-3136.0|-736.0|-3072.22360679775|-703.5527864045|0.0|0.0|0.0|QROCK3|QGRASS|1.0|1.0|0.0|0.0|14|grass|-|SG000142|-|16|2|1|884|QGRASS|-|1.0|1.0|0.0|0.0|0.0|QROCK3X8|-|1.0|1.0|121.55417528|0.0|0.0|0.0|256.0|256.0|640.0|640.0|640.0|640.0
UTNTSkyEdge_tnt01_4605_1_terrain_1_0|4605|1|2|884|758|-2944.0|-640.0|-3008.0|-672.0|-2976.22360679775|-655.5527864045|256.0|256.0|256.0|QROCK3|QROCK3X8|1.0|1.0|50.0|0.0|8|rock|-|SG000016|-|16|1|0|758|XA02TEX|-|1.0|1.0|0.0|0.0|0.0|QROCK3X8|-|1.0|1.0|50.0|0.0|0.0|0.0|256.0|256.0|640.0|640.0|640.0|640.0
UTNTSkyEdge_tnt01_4605_1_terrain_1_1|4605|1|2|884|758|-2944.0|-640.0|-3008.0|-672.0|-2975.77639320225|-656.4472135955|256.0|256.0|256.0|QROCK3|XA02TEX|1.0|1.0|0.0|0.0|8|gravel|-|SG000141|-|27|1|1|758|XA02TEX|-|1.0|1.0|0.0|0.0|0.0|QROCK3X8|-|1.0|1.0|50.0|0.0|0.0|0.0|256.0|256.0|640.0|640.0|640.0|640.0
UTNTSkyEdge_tnt01_4606_1_terrain_1_0|4606|1|2|884|757|-2816.0|-672.0|-2944.0|-640.0|-2879.878732187482|-655.5149287499273|192.0|192.0|192.0|QROCK3|QROCK3X8|1.0|1.0|301.449048012|64.0|8|rock|-|SG000016|-|16|1|0|757|XA02TEX|-|1.0|1.0|0.0|0.0|0.0|QROCK3X8|-|1.0|1.0|301.449048012|64.0|0.0|0.0|192.0|192.0|640.0|640.0|640.0|640.0
UTNTSkyEdge_tnt01_4606_1_terrain_1_1|4606|1|2|884|757|-2816.0|-672.0|-2944.0|-640.0|-2880.121267812518|-656.4850712500727|192.0|192.0|192.0|QROCK3|XA02TEX|1.0|1.0|0.0|0.0|8|gravel|-|SG000143|-|28|1|1|757|XA02TEX|-|1.0|1.0|0.0|0.0|0.0|QROCK3X8|-|1.0|1.0|301.449048012|64.0|0.0|0.0|192.0|192.0|640.0|640.0|640.0|640.0
UTNTSkyEdge_tnt01_4606_1_terrain_2_1|4606|1|2|884|884|-2816.0|-672.0|-2944.0|-640.0|-2879.878732187482|-655.5149287499273|0.0|0.0|0.0|QROCK3|QGRASS|1.0|1.0|0.0|0.0|14|grass|-|SG000144|-|16|2|1|884|QGRASS|-|1.0|1.0|0.0|0.0|0.0|QROCK3X8|-|1.0|1.0|301.449048012|64.0|0.0|0.0|192.0|192.0|640.0|640.0|640.0|640.0
UTNTSkyEdge_tnt01_4607_1_terrain_1_0|4607|1|2|884|757|-2752.0|-736.0|-2816.0|-672.0|-2783.6464466094067|-703.6464466094068|192.0|192.0|192.0|QROCK3|QROCK3X8|1.0|1.0|210.93938002|64.0|8|rock|-|SG000016|-|16|1|0|757|XA02TEX|-|1.0|1.0|0.0|0.0|0.0|QROCK3X8|-|1.0|1.0|210.93938002|64.0|0.0|0.0|192.0|192.0|640.0|640.0|640.0|640.0
UTNTSkyEdge_tnt01_4607_1_terrain_1_1|4607|1|2|884|757|-2752.0|-736.0|-2816.0|-672.0|-2784.3535533905933|-704.3535533905932|192.0|192.0|192.0|QROCK3|XA02TEX|1.0|1.0|0.0|0.0|8|gravel|-|SG000143|-|28|1|1|757|XA02TEX|-|1.0|1.0|0.0|0.0|0.0|QROCK3X8|-|1.0|1.0|210.93938002|64.0|0.0|0.0|192.0|192.0|640.0|640.0|640.0|640.0
UTNTSkyEdge_tnt01_4608_1_terrain_1_0|4608|1|2|884|757|-2624.0|-704.0|-2752.0|-736.0|-2688.121267812518|-719.5149287499273|192.0|192.0|192.0|QROCK3|QROCK3X8|1.0|1.0|79.0|64.0|8|rock|-|SG000016|-|16|1|0|757|XA02TEX|-|1.0|1.0|0.0|0.0|0.0|QROCK3X8|-|1.0|1.0|79.0|64.0|0.0|0.0|192.0|192.0|640.0|640.0|640.0|640.0
UTNTSkyEdge_tnt01_4608_1_terrain_1_1|4608|1|2|884|757|-2624.0|-704.0|-2752.0|-736.0|-2687.878732187482|-720.4850712500727|192.0|192.0|192.0|QROCK3|XA02TEX|1.0|1.0|0.0|0.0|8|gravel|-|SG000143|-|28|1|1|757|XA02TEX|-|1.0|1.0|0.0|0.0|0.0|QROCK3X8|-|1.0|1.0|79.0|64.0|0.0|0.0|192.0|192.0|640.0|640.0|640.0|640.0
UTNTSkyEdge_tnt01_4609_1_terrain_1_0|4609|1|2|884|580|-2528.0|-640.0|-2624.0|-704.0|-2576.2773500981125|-671.583974852831|64.0|64.0|64.0|QROCK3|QROCK3X8|1.0|1.0|219.764501988|64.0|8|rock|-|SG000016|-|16|1|0|580|XA02TEX|-|1.0|1.0|0.0|0.0|0.0|QROCK3X8|-|1.0|1.0|219.764501988|64.0|0.0|0.0|64.0|64.0|640.0|640.0|640.0|640.0
UTNTSkyEdge_tnt01_4609_1_terrain_1_1|4609|1|2|884|580|-2528.0|-640.0|-2624.0|-704.0|-2575.7226499018875|-672.416025147169|64.0|64.0|64.0|QROCK3|XA02TEX|1.0|1.0|0.0|0.0|8|gravel|-|SG000145|-|17|1|1|580|XA02TEX|-|1.0|1.0|0.0|0.0|0.0|QROCK3X8|-|1.0|1.0|219.764501988|64.0|0.0|0.0|64.0|64.0|640.0|640.0|640.0|640.0
UTNTSkyEdge_tnt01_4609_1_terrain_2_1|4609|1|2|884|884|-2528.0|-640.0|-2624.0|-704.0|-2576.2773500981125|-671.583974852831|0.0|0.0|0.0|QROCK3|QGRASS|1.0|1.0|0.0|0.0|14|grass|-|SG000146|-|16|2|1|884|QGRASS|-|1.0|1.0|0.0|0.0|0.0|QROCK3X8|-|1.0|1.0|219.764501988|64.0|0.0|0.0|64.0|64.0|640.0|640.0|640.0|640.0
UTNTSkyEdge_tnt01_4610_1_terrain_1_0|4610|1|2|884|580|-2432.0|-736.0|-2528.0|-640.0|-2479.6464466094067|-687.6464466094068|64.0|64.0|64.0|QROCK3|QROCK3X8|1.0|1.0|84.0|64.0|8|rock|-|SG000016|-|16|1|0|580|XA02TEX|-|1.0|1.0|0.0|0.0|0.0|QROCK3X8|-|1.0|1.0|84.0|64.0|0.0|0.0|64.0|64.0|640.0|640.0|640.0|640.0
UTNTSkyEdge_tnt01_4610_1_terrain_1_1|4610|1|2|884|580|-2432.0|-736.0|-2528.0|-640.0|-2480.3535533905933|-688.3535533905932|64.0|64.0|64.0|QROCK3|XA02TEX|1.0|1.0|0.0|0.0|8|gravel|-|SG000145|-|17|1|1|580|XA02TEX|-|1.0|1.0|0.0|0.0|0.0|QROCK3X8|-|1.0|1.0|84.0|64.0|0.0|0.0|64.0|64.0|640.0|640.0|640.0|640.0
UTNTSkyEdge_tnt01_4610_1_terrain_2_1|4610|1|2|884|884|-2432.0|-736.0|-2528.0|-640.0|-2479.6464466094067|-687.6464466094068|0.0|0.0|0.0|QROCK3|QGRASS|1.0|1.0|0.0|0.0|14|grass|-|SG000147|-|16|2|1|884|QGRASS|-|1.0|1.0|0.0|0.0|0.0|QROCK3X8|-|1.0|1.0|84.0|64.0|0.0|0.0|64.0|64.0|640.0|640.0|640.0|640.0
UTNTSkyEdge_tnt01_4611_0_terrain_2_1|4611|0|1|580|580|-2432.0|-768.0|-2528.0|-864.0|-2480.3535533905933|-815.6464466094068|64.0|64.0|64.0|QROCK3X8|XA02TEX|1.0|1.0|0.0|0.0|5|gravel|-|SG000148|-|17|2|1|580|XA02TEX|-|1.0|1.0|0.0|0.0|0.0|QROCK3X8|-|1.0|1.0|181.634979347|0.0|64.0|64.0|0|0|640.0|640.0|0|0
UTNTSkyEdge_tnt01_4612_1_terrain_1_0|4612|1|2|884|580|-2432.0|-768.0|-2432.0|-736.0|-2431.5|-752.0|64.0|64.0|64.0|ASHWALL2|ASHWALL2|1.0|1.0|0.0|0.0|8|rock|-|SG000149|-|16|1|0|580|XA02TEX|-|1.0|1.0|0.0|0.0|0.0|ASHWALL2|-|1.0|1.0|0.0|0.0|0.0|0.0|64.0|64.0|640.0|640.0|640.0|640.0
UTNTSkyEdge_tnt01_4612_1_terrain_1_1|4612|1|2|884|580|-2432.0|-768.0|-2432.0|-736.0|-2432.5|-752.0|64.0|64.0|64.0|ASHWALL2|XA02TEX|1.0|1.0|0.0|0.0|8|gravel|-|SG000145|-|17|1|1|580|XA02TEX|-|1.0|1.0|0.0|0.0|0.0|ASHWALL2|-|1.0|1.0|0.0|0.0|0.0|0.0|64.0|64.0|640.0|640.0|640.0|640.0
UTNTSkyEdge_tnt01_4613_1_terrain_1_0|4613|1|2|580|757|-2688.0|-768.0|-2624.0|-704.0|-2655.6464466094067|-736.3535533905932|192.0|192.0|192.0|QROCK3|QROCK3X8|1.0|1.0|115.55417528|64.0|8|rock|-|SG000017|-|17|1|0|757|XA02TEX|-|1.0|1.0|0.0|0.0|0.0|QROCK3X8|-|1.0|1.0|115.55417528|64.0|64.0|64.0|192.0|192.0|640.0|640.0|640.0|640.0
UTNTSkyEdge_tnt01_4613_1_terrain_1_1|4613|1|2|580|757|-2688.0|-768.0|-2624.0|-704.0|-2656.3535533905933|-735.6464466094068|192.0|192.0|192.0|QROCK3|XA02TEX|1.0|1.0|0.0|0.0|8|gravel|-|SG000143|-|28|1|1|757|XA02TEX|-|1.0|1.0|0.0|0.0|0.0|QROCK3X8|-|1.0|1.0|115.55417528|64.0|64.0|64.0|192.0|192.0|640.0|640.0|640.0|640.0
UTNTSkyEdge_tnt01_4615_1_terrain_1_0|4615|1|2|580|757|-2720.0|-832.0|-2688.0|-768.0|-2703.5527864045002|-800.22360679775|192.0|192.0|192.0|QROCK3|QROCK3X8|1.0|1.0|44.0|64.0|8|rock|-|SG000017|-|17|1|0|757|XA02TEX|-|1.0|1.0|0.0|0.0|0.0|QROCK3X8|-|1.0|1.0|44.0|64.0|64.0|64.0|192.0|192.0|640.0|640.0|640.0|640.0
UTNTSkyEdge_tnt01_4615_1_terrain_1_1|4615|1|2|580|757|-2720.0|-832.0|-2688.0|-768.0|-2704.4472135954998|-799.77639320225|192.0|192.0|192.0|QROCK3|XA02TEX|1.0|1.0|0.0|0.0|8|gravel|-|SG000143|-|28|1|1|757|XA02TEX|-|1.0|1.0|0.0|0.0|0.0|QROCK3X8|-|1.0|1.0|44.0|64.0|64.0|64.0|192.0|192.0|640.0|640.0|640.0|640.0
UTNTSkyEdge_tnt01_4616_0_terrain_1_0|4616|0|2|757|758|-2912.0|-800.0|-2976.0|-736.0|-2943.6464466094067|-767.6464466094068|256.0|256.0|256.0|QROCK3|QROCK3X8|1.0|1.0|114.0|0.0|8|rock|-|SG000028|-|28|1|0|758|XA02TEX|-|1.0|1.0|0.0|0.0|0.0|QROCK3X8|-|1.0|1.0|114.0|0.0|192.0|192.0|256.0|256.0|640.0|640.0|640.0|640.0
UTNTSkyEdge_tnt01_4616_0_terrain_1_1|4616|0|2|757|758|-2912.0|-800.0|-2976.0|-736.0|-2944.3535533905933|-768.3535533905932|256.0|256.0|256.0|QROCK3|XA02TEX|1.0|1.0|0.0|0.0|8|gravel|-|SG000141|-|27|1|1|758|XA02TEX|-|1.0|1.0|0.0|0.0|0.0|QROCK3X8|-|1.0|1.0|114.0|0.0|192.0|192.0|256.0|256.0|640.0|640.0|640.0|640.0
UTNTSkyEdge_tnt01_4617_0_terrain_1_0|4617|0|2|757|758|-2976.0|-736.0|-2944.0|-640.0|-2959.525658350975|-688.1581138830085|256.0|256.0|256.0|QROCK3|QROCK3X8|1.0|1.0|204.509667992|0.0|8|rock|-|SG000028|-|28|1|0|758|XA02TEX|-|1.0|1.0|0.0|0.0|0.0|QROCK3X8|-|1.0|1.0|204.509667992|0.0|192.0|192.0|256.0|256.0|640.0|640.0|640.0|640.0
UTNTSkyEdge_tnt01_4617_0_terrain_1_1|4617|0|2|757|758|-2976.0|-736.0|-2944.0|-640.0|-2960.474341649025|-687.8418861169915|256.0|256.0|256.0|QROCK3|XA02TEX|1.0|1.0|0.0|0.0|8|gravel|-|SG000141|-|27|1|1|758|XA02TEX|-|1.0|1.0|0.0|0.0|0.0|QROCK3X8|-|1.0|1.0|204.509667992|0.0|192.0|192.0|256.0|256.0|640.0|640.0|640.0|640.0
UTNTSkyEdge_tnt01_4617_0_terrain_2_1|4617|0|2|757|757|-2976.0|-736.0|-2944.0|-640.0|-2959.525658350975|-688.1581138830085|192.0|192.0|192.0|QROCK3|XA02TEX|1.0|1.0|0.0|0.0|5|gravel|-|SG000150|-|28|2|1|757|XA02TEX|-|1.0|1.0|0.0|0.0|0.0|QROCK3X8|-|1.0|1.0|204.509667992|0.0|192.0|192.0|256.0|256.0|640.0|640.0|640.0|640.0
UTNTSkyEdge_tnt01_4618_0_terrain_1_0|4618|0|2|759|758|-3136.0|-736.0|-3200.0|-768.0|-3168.22360679775|-751.5527864045|256.0|256.0|256.0|QROCK3|QROCK3X8|1.0|1.0|9.0|0.0|8|rock|-|SG000151|-|62|1|0|758|XA02TEX|-|1.0|1.0|0.0|0.0|0.0|QROCK3X8|-|1.0|1.0|9.0|0.0|128.0|128.0|256.0|256.0|640.0|640.0|640.0|640.0
UTNTSkyEdge_tnt01_4618_0_terrain_1_1|4618|0|2|759|758|-3136.0|-736.0|-3200.0|-768.0|-3167.77639320225|-752.4472135955|256.0|256.0|256.0|QROCK3|XA02TEX|1.0|1.0|0.0|0.0|8|gravel|-|SG000141|-|27|1|1|758|XA02TEX|-|1.0|1.0|0.0|0.0|0.0|QROCK3X8|-|1.0|1.0|9.0|0.0|128.0|128.0|256.0|256.0|640.0|640.0|640.0|640.0
UTNTSkyEdge_tnt01_4619_0_terrain_1_0|4619|0|2|759|758|-3200.0|-768.0|-3296.0|-864.0|-3248.3535533905933|-815.6464466094068|256.0|256.0|256.0|QROCK3|QROCK3X8|1.0|1.0|80.55417528|0.0|8|rock|-|SG000151|-|62|1|0|758|XA02TEX|-|1.0|1.0|0.0|0.0|0.0|QROCK3X8|-|1.0|1.0|80.55417528|0.0|128.0|128.0|256.0|256.0|640.0|640.0|640.0|640.0
UTNTSkyEdge_tnt01_4619_0_terrain_1_1|4619|0|2|759|758|-3200.0|-768.0|-3296.0|-864.0|-3247.6464466094067|-816.3535533905932|256.0|256.0|256.0|QROCK3|XA02TEX|1.0|1.0|0.0|0.0|8|gravel|-|SG000141|-|27|1|1|758|XA02TEX|-|1.0|1.0|0.0|0.0|0.0|QROCK3X8|-|1.0|1.0|80.55417528|0.0|128.0|128.0|256.0|256.0|640.0|640.0|640.0|640.0
UTNTSkyEdge_tnt01_4619_0_terrain_2_1|4619|0|2|759|759|-3200.0|-768.0|-3296.0|-864.0|-3248.3535533905933|-815.6464466094068|128.0|128.0|128.0|QROCK3|XA02TEX|1.0|1.0|0.0|0.0|14|gravel|-|SG000152|-|62|2|1|759|XA02TEX|-|1.0|1.0|0.0|0.0|0.0|QROCK3X8|-|1.0|1.0|80.55417528|0.0|128.0|128.0|256.0|256.0|640.0|640.0|640.0|640.0
UTNTSkyEdge_tnt01_4620_0_terrain_1_0|4620|0|2|760|759|-3264.0|-640.0|-3328.0|-704.0|-3296.3535533905933|-671.6464466094068|128.0|128.0|128.0|QROCK3|QROCK3X8|1.0|1.0|89.0|0.0|8|rock|-|SG000026|-|26|1|0|759|XA02TEX|-|1.0|1.0|0.0|0.0|0.0|QROCK3X8|-|1.0|1.0|89.0|0.0|64.0|64.0|128.0|128.0|640.0|640.0|640.0|640.0
UTNTSkyEdge_tnt01_4620_0_terrain_1_1|4620|0|2|760|759|-3264.0|-640.0|-3328.0|-704.0|-3295.6464466094067|-672.3535533905932|128.0|128.0|128.0|QROCK3|XA02TEX|1.0|1.0|0.0|0.0|8|gravel|-|SG000140|-|62|1|1|759|XA02TEX|-|1.0|1.0|0.0|0.0|0.0|QROCK3X8|-|1.0|1.0|89.0|0.0|64.0|64.0|128.0|128.0|640.0|640.0|640.0|640.0
UTNTSkyEdge_tnt01_4621_0_terrain_1_0|4621|0|2|760|759|-3328.0|-704.0|-3296.0|-800.0|-3312.474341649025|-752.1581138830085|128.0|128.0|128.0|QROCK3|QROCK3X8|1.0|1.0|179.509667992|0.0|8|rock|-|SG000026|-|26|1|0|759|XA02TEX|-|1.0|1.0|0.0|0.0|0.0|QROCK3X8|-|1.0|1.0|179.509667992|0.0|64.0|64.0|128.0|128.0|640.0|640.0|640.0|640.0
UTNTSkyEdge_tnt01_4621_0_terrain_1_1|4621|0|2|760|759|-3328.0|-704.0|-3296.0|-800.0|-3311.525658350975|-751.8418861169915|128.0|128.0|128.0|QROCK3|XA02TEX|1.0|1.0|0.0|0.0|8|gravel|-|SG000140|-|62|1|1|759|XA02TEX|-|1.0|1.0|0.0|0.0|0.0|QROCK3X8|-|1.0|1.0|179.509667992|0.0|64.0|64.0|128.0|128.0|640.0|640.0|640.0|640.0
UTNTSkyEdge_tnt01_4621_0_terrain_2_1|4621|0|2|760|760|-3328.0|-704.0|-3296.0|-800.0|-3312.474341649025|-752.1581138830085|64.0|64.0|64.0|QROCK3|XA02TEX|1.0|1.0|0.0|0.0|5|gravel|-|SG000153|-|26|2|1|760|XA02TEX|-|1.0|1.0|0.0|0.0|0.0|QROCK3X8|-|1.0|1.0|179.509667992|0.0|64.0|64.0|128.0|128.0|640.0|640.0|640.0|640.0
UTNTSkyEdge_tnt01_4622_0_terrain_1_0|4622|0|2|760|759|-3296.0|-800.0|-3296.0|-864.0|-3296.5|-832.0|128.0|128.0|128.0|QROCK3|QROCK3X8|1.0|1.0|280.702553117|0.0|8|rock|-|SG000026|-|26|1|0|759|XA02TEX|-|1.0|1.0|0.0|0.0|0.0|QROCK3X8|-|1.0|1.0|280.702553117|0.0|64.0|64.0|128.0|128.0|640.0|640.0|640.0|640.0
UTNTSkyEdge_tnt01_4622_0_terrain_1_1|4622|0|2|760|759|-3296.0|-800.0|-3296.0|-864.0|-3295.5|-832.0|128.0|128.0|128.0|QROCK3|XA02TEX|1.0|1.0|0.0|0.0|8|gravel|-|SG000140|-|62|1|1|759|XA02TEX|-|1.0|1.0|0.0|0.0|0.0|QROCK3X8|-|1.0|1.0|280.702553117|0.0|64.0|64.0|128.0|128.0|640.0|640.0|640.0|640.0
UTNTSkyEdge_tnt01_4624_0_terrain_1_0|4624|0|2|3676|762|-2880.0|1024.0|-2976.0|896.0|-2928.4|960.3|128.0|128.0|128.0|QROCK3|QROCK3X8|1.0|1.0|537.714199914|0.0|8|rock|-|SG000018|-|18|1|0|762|XA02TEX|-|1.0|1.0|0.0|0.0|0.0|QROCK3X8|-|1.0|1.0|537.714199914|0.0|0.0|0.0|128.0|128.0|640.0|640.0|640.0|640.0
UTNTSkyEdge_tnt01_4624_0_terrain_1_1|4624|0|2|3676|762|-2880.0|1024.0|-2976.0|896.0|-2927.6|959.7|128.0|128.0|128.0|QROCK3|XA02TEX|1.0|1.0|0.0|0.0|8|gravel|-|SG000154|-|19|1|1|762|XA02TEX|-|1.0|1.0|0.0|0.0|0.0|QROCK3X8|-|1.0|1.0|537.714199914|0.0|0.0|0.0|128.0|128.0|640.0|640.0|640.0|640.0
UTNTSkyEdge_tnt01_4625_0_terrain_1_0|4625|0|2|3676|762|-2976.0|896.0|-2944.0|736.0|-2960.4902903378456|815.9019419324309|128.0|128.0|128.0|QROCK3|QROCK3X8|1.0|1.0|697.714199914|0.0|8|rock|-|SG000018|-|18|1|0|762|XA02TEX|-|1.0|1.0|0.0|0.0|0.0|QROCK3X8|-|1.0|1.0|697.714199914|0.0|0.0|0.0|128.0|128.0|640.0|640.0|640.0|640.0
UTNTSkyEdge_tnt01_4625_0_terrain_1_1|4625|0|2|3676|762|-2976.0|896.0|-2944.0|736.0|-2959.5097096621544|816.0980580675691|128.0|128.0|128.0|QROCK3|XA02TEX|1.0|1.0|0.0|0.0|8|gravel|-|SG000154|-|19|1|1|762|XA02TEX|-|1.0|1.0|0.0|0.0|0.0|QROCK3X8|-|1.0|1.0|697.714199914|0.0|0.0|0.0|128.0|128.0|640.0|640.0|640.0|640.0
UTNTSkyEdge_tnt01_4625_0_terrain_2_1|4625|0|2|3676|3676|-2976.0|896.0|-2944.0|736.0|-2960.4902903378456|815.9019419324309|0.0|0.0|0.0|QROCK3|QGRASS|1.0|1.0|0.0|0.0|14|grass|-|SG000155|-|18|2|1|3676|QGRASS|-|1.0|1.0|0.0|0.0|0.0|QROCK3X8|-|1.0|1.0|697.714199914|0.0|0.0|0.0|128.0|128.0|640.0|640.0|640.0|640.0
UTNTSkyEdge_tnt01_4626_0_terrain_1_0|4626|0|2|3676|761|-2944.0|736.0|-3040.0|640.0|-2992.3535533905933|688.3535533905932|64.0|64.0|64.0|QROCK3|QROCK3X8|1.0|1.0|93.0|64.0|8|rock|-|SG000018|-|18|1|0|761|XA02TEX|-|1.0|1.0|0.0|0.0|0.0|QROCK3X8|-|1.0|1.0|93.0|64.0|0.0|0.0|64.0|64.0|640.0|640.0|640.0|640.0
UTNTSkyEdge_tnt01_4626_0_terrain_1_1|4626|0|2|3676|761|-2944.0|736.0|-3040.0|640.0|-2991.6464466094067|687.6464466094068|64.0|64.0|64.0|QROCK3|XA02TEX|1.0|1.0|0.0|0.0|8|gravel|-|SG000156|-|29|1|1|761|XA02TEX|-|1.0|1.0|0.0|0.0|0.0|QROCK3X8|-|1.0|1.0|93.0|64.0|0.0|0.0|64.0|64.0|640.0|640.0|640.0|640.0
UTNTSkyEdge_tnt01_4626_0_terrain_2_1|4626|0|2|3676|3676|-2944.0|736.0|-3040.0|640.0|-2992.3535533905933|688.3535533905932|0.0|0.0|0.0|QROCK3|QGRASS|1.0|1.0|0.0|0.0|14|grass|-|SG000157|-|18|2|1|3676|QGRASS|-|1.0|1.0|0.0|0.0|0.0|QROCK3X8|-|1.0|1.0|93.0|64.0|0.0|0.0|64.0|64.0|640.0|640.0|640.0|640.0
UTNTSkyEdge_tnt01_4627_0_terrain_1_0|4627|0|2|3676|761|-3040.0|640.0|-2944.0|480.0|-2992.4287464628565|559.7427521222862|64.0|64.0|64.0|QROCK3|QROCK3X8|1.0|1.0|228.764501988|64.0|8|rock|-|SG000018|-|18|1|0|761|XA02TEX|-|1.0|1.0|0.0|0.0|0.0|QROCK3X8|-|1.0|1.0|228.764501988|64.0|0.0|0.0|64.0|64.0|640.0|640.0|640.0|640.0
UTNTSkyEdge_tnt01_4627_0_terrain_1_1|4627|0|2|3676|761|-3040.0|640.0|-2944.0|480.0|-2991.5712535371435|560.2572478777138|64.0|64.0|64.0|QROCK3|XA02TEX|1.0|1.0|0.0|0.0|8|gravel|-|SG000156|-|29|1|1|761|XA02TEX|-|1.0|1.0|0.0|0.0|0.0|QROCK3X8|-|1.0|1.0|228.764501988|64.0|0.0|0.0|64.0|64.0|640.0|640.0|640.0|640.0
UTNTSkyEdge_tnt01_4627_0_terrain_2_1|4627|0|2|3676|3676|-3040.0|640.0|-2944.0|480.0|-2992.4287464628565|559.7427521222862|0.0|0.0|0.0|QROCK3|QGRASS|1.0|1.0|0.0|0.0|14|grass|-|SG000158|-|18|2|1|3676|QGRASS|-|1.0|1.0|0.0|0.0|0.0|QROCK3X8|-|1.0|1.0|228.764501988|64.0|0.0|0.0|64.0|64.0|640.0|640.0|640.0|640.0
UTNTSkyEdge_tnt01_4628_0_terrain_1_0|4628|0|2|3676|761|-2944.0|480.0|-2880.0|448.0|-2912.22360679775|463.55278640450007|64.0|64.0|64.0|QROCK3|QROCK3X8|1.0|1.0|415.354962623|64.0|8|rock|-|SG000018|-|18|1|0|761|XA02TEX|-|1.0|1.0|0.0|0.0|0.0|QROCK3X8|-|1.0|1.0|415.354962623|64.0|0.0|0.0|64.0|64.0|640.0|640.0|640.0|640.0
UTNTSkyEdge_tnt01_4628_0_terrain_1_1|4628|0|2|3676|761|-2944.0|480.0|-2880.0|448.0|-2911.77639320225|464.44721359549993|64.0|64.0|64.0|QROCK3|XA02TEX|1.0|1.0|0.0|0.0|8|gravel|-|SG000156|-|29|1|1|761|XA02TEX|-|1.0|1.0|0.0|0.0|0.0|QROCK3X8|-|1.0|1.0|415.354962623|64.0|0.0|0.0|64.0|64.0|640.0|640.0|640.0|640.0
UTNTSkyEdge_tnt01_4629_0_terrain_1_0|4629|0|2|761|762|-2944.0|736.0|-2848.0|640.0|-2896.3535533905933|687.6464466094068|128.0|128.0|128.0|QROCK3|QROCK3X8|1.0|1.0|93.0|0.0|8|rock|-|SG000029|-|29|1|0|762|XA02TEX|-|1.0|1.0|0.0|0.0|0.0|QROCK3X8|-|1.0|1.0|93.0|0.0|64.0|64.0|128.0|128.0|640.0|640.0|640.0|640.0
UTNTSkyEdge_tnt01_4629_0_terrain_1_1|4629|0|2|761|762|-2944.0|736.0|-2848.0|640.0|-2895.6464466094067|688.3535533905932|128.0|128.0|128.0|QROCK3|XA02TEX|1.0|1.0|0.0|0.0|8|gravel|-|SG000154|-|19|1|1|762|XA02TEX|-|1.0|1.0|0.0|0.0|0.0|QROCK3X8|-|1.0|1.0|93.0|0.0|64.0|64.0|128.0|128.0|640.0|640.0|640.0|640.0
UTNTSkyEdge_tnt01_4629_0_terrain_2_1|4629|0|2|761|761|-2944.0|736.0|-2848.0|640.0|-2896.3535533905933|687.6464466094068|64.0|64.0|64.0|QROCK3|XA02TEX|1.0|1.0|0.0|0.0|14|gravel|-|SG000159|-|29|2|1|761|XA02TEX|-|1.0|1.0|0.0|0.0|0.0|QROCK3X8|-|1.0|1.0|93.0|0.0|64.0|64.0|128.0|128.0|640.0|640.0|640.0|640.0
UTNTSkyEdge_tnt01_4630_0_terrain_1_0|4630|0|2|761|762|-2848.0|640.0|-2624.0|672.0|-2735.9292893218812|655.5050252531694|128.0|128.0|128.0|QROCK3|QROCK3X8|1.0|1.0|228.764501988|0.0|8|rock|-|SG000029|-|29|1|0|762|XA02TEX|-|1.0|1.0|0.0|0.0|0.0|QROCK3X8|-|1.0|1.0|228.764501988|0.0|64.0|64.0|128.0|128.0|640.0|640.0|640.0|640.0
UTNTSkyEdge_tnt01_4630_0_terrain_1_1|4630|0|2|761|762|-2848.0|640.0|-2624.0|672.0|-2736.0707106781188|656.4949747468306|128.0|128.0|128.0|QROCK3|XA02TEX|1.0|1.0|0.0|0.0|8|gravel|-|SG000154|-|19|1|1|762|XA02TEX|-|1.0|1.0|0.0|0.0|0.0|QROCK3X8|-|1.0|1.0|228.764501988|0.0|64.0|64.0|128.0|128.0|640.0|640.0|640.0|640.0
UTNTSkyEdge_tnt01_4970_0_terrain_1_0|4970|0|2|884|838|-3232.0|96.0|-3200.0|32.0|-3216.4472135954998|63.77639320225002|48.0|48.0|48.0|QROCK3|QROCK3X8|1.0|1.0|255.702553117|80.0|7.68|rock|-|SG000016|-|16|1|0|838|XA02TEX|-|1.0|1.0|0.0|0.0|0.0|QROCK3X8|-|1.0|1.0|255.702553117|80.0|0.0|0.0|48.0|48.0|640.0|640.0|640.0|640.0
UTNTSkyEdge_tnt01_4970_0_terrain_1_1|4970|0|2|884|838|-3232.0|96.0|-3200.0|32.0|-3215.5527864045002|64.22360679774998|48.0|48.0|48.0|QROCK3|XA02TEX|1.0|1.0|0.0|0.0|7.68|gravel|-|SG000160|-|63|1|1|838|XA02TEX|-|1.0|1.0|0.0|0.0|0.0|QROCK3X8|-|1.0|1.0|255.702553117|80.0|0.0|0.0|48.0|48.0|640.0|640.0|640.0|640.0
UTNTSkyEdge_tnt01_4971_0_terrain_1_0|4971|0|2|884|838|-3200.0|32.0|-3136.0|32.0|-3168.0|31.5|48.0|48.0|48.0|QROCK3|QROCK3X8|1.0|1.0|327.256728397|80.0|7.68|rock|-|SG000016|-|16|1|0|838|XA02TEX|-|1.0|1.0|0.0|0.0|0.0|QROCK3X8|-|1.0|1.0|327.256728397|80.0|0.0|0.0|48.0|48.0|640.0|640.0|640.0|640.0
UTNTSkyEdge_tnt01_4971_0_terrain_1_1|4971|0|2|884|838|-3200.0|32.0|-3136.0|32.0|-3168.0|32.5|48.0|48.0|48.0|QROCK3|XA02TEX|1.0|1.0|0.0|0.0|7.68|gravel|-|SG000160|-|63|1|1|838|XA02TEX|-|1.0|1.0|0.0|0.0|0.0|QROCK3X8|-|1.0|1.0|327.256728397|80.0|0.0|0.0|48.0|48.0|640.0|640.0|640.0|640.0
UTNTSkyEdge_tnt01_4972_0_terrain_1_0|4972|0|2|884|838|-3136.0|32.0|-3072.0|64.0|-3103.77639320225|47.55278640450004|48.0|48.0|48.0|QROCK3|QROCK3X8|1.0|1.0|391.256728397|80.0|7.68|rock|-|SG000016|-|16|1|0|838|XA02TEX|-|1.0|1.0|0.0|0.0|0.0|QROCK3X8|-|1.0|1.0|391.256728397|80.0|0.0|0.0|48.0|48.0|640.0|640.0|640.0|640.0
UTNTSkyEdge_tnt01_4972_0_terrain_1_1|4972|0|2|884|838|-3136.0|32.0|-3072.0|64.0|-3104.22360679775|48.44721359549996|48.0|48.0|48.0|QROCK3|XA02TEX|1.0|1.0|0.0|0.0|7.68|gravel|-|SG000160|-|63|1|1|838|XA02TEX|-|1.0|1.0|0.0|0.0|0.0|QROCK3X8|-|1.0|1.0|391.256728397|80.0|0.0|0.0|48.0|48.0|640.0|640.0|640.0|640.0
UTNTSkyEdge_tnt01_4973_0_terrain_1_0|4973|0|2|884|838|-3072.0|64.0|-3104.0|160.0|-3087.525658350975|112.15811388300843|48.0|48.0|48.0|QROCK3|QROCK3X8|1.0|1.0|0.0|80.0|7.68|rock|-|SG000016|-|16|1|0|838|XA02TEX|-|1.0|1.0|0.0|0.0|0.0|QROCK3X8|-|1.0|1.0|0.0|80.0|0.0|0.0|48.0|48.0|640.0|640.0|640.0|640.0
UTNTSkyEdge_tnt01_4973_0_terrain_1_1|4973|0|2|884|838|-3072.0|64.0|-3104.0|160.0|-3088.474341649025|111.84188611699157|48.0|48.0|48.0|QROCK3|XA02TEX|1.0|1.0|0.0|0.0|7.68|gravel|-|SG000160|-|63|1|1|838|XA02TEX|-|1.0|1.0|0.0|0.0|0.0|QROCK3X8|-|1.0|1.0|0.0|80.0|0.0|0.0|48.0|48.0|640.0|640.0|640.0|640.0
UTNTSkyEdge_tnt01_4974_0_terrain_1_0|4974|0|2|884|838|-3104.0|160.0|-3168.0|160.0|-3136.0|160.5|48.0|48.0|48.0|QROCK3|QROCK3X8|1.0|1.0|101.192885125|80.0|7.68|rock|-|SG000016|-|16|1|0|838|XA02TEX|-|1.0|1.0|0.0|0.0|0.0|QROCK3X8|-|1.0|1.0|101.192885125|80.0|0.0|0.0|48.0|48.0|640.0|640.0|640.0|640.0
UTNTSkyEdge_tnt01_4974_0_terrain_1_1|4974|0|2|884|838|-3104.0|160.0|-3168.0|160.0|-3136.0|159.5|48.0|48.0|48.0|QROCK3|XA02TEX|1.0|1.0|0.0|0.0|7.68|gravel|-|SG000160|-|63|1|1|838|XA02TEX|-|1.0|1.0|0.0|0.0|0.0|QROCK3X8|-|1.0|1.0|101.192885125|80.0|0.0|0.0|48.0|48.0|640.0|640.0|640.0|640.0
UTNTSkyEdge_tnt01_4975_0_terrain_1_0|4975|0|2|884|838|-3168.0|160.0|-3232.0|96.0|-3200.3535533905933|128.35355339059328|48.0|48.0|48.0|QROCK3|QROCK3X8|1.0|1.0|165.192885125|80.0|7.68|rock|-|SG000016|-|16|1|0|838|XA02TEX|-|1.0|1.0|0.0|0.0|0.0|QROCK3X8|-|1.0|1.0|165.192885125|80.0|0.0|0.0|48.0|48.0|640.0|640.0|640.0|640.0
UTNTSkyEdge_tnt01_4975_0_terrain_1_1|4975|0|2|884|838|-3168.0|160.0|-3232.0|96.0|-3199.6464466094067|127.64644660940672|48.0|48.0|48.0|QROCK3|XA02TEX|1.0|1.0|0.0|0.0|7.68|gravel|-|SG000160|-|63|1|1|838|XA02TEX|-|1.0|1.0|0.0|0.0|0.0|QROCK3X8|-|1.0|1.0|165.192885125|80.0|0.0|0.0|48.0|48.0|640.0|640.0|640.0|640.0
UTNTSkyEdge_tnt01_4982_0_terrain_1_0|4982|0|2|3676|841|-3784.0|912.0|-3752.0|848.0|-3768.4472135954998|879.77639320225|48.0|48.0|48.0|QROCK3|QROCK3X8|1.0|1.0|255.702553117|80.0|7.68|rock|-|SG000018|-|18|1|0|841|XA02TEX|-|1.0|1.0|0.0|0.0|0.0|QROCK3X8|-|1.0|1.0|255.702553117|80.0|0.0|0.0|48.0|48.0|640.0|640.0|640.0|640.0
UTNTSkyEdge_tnt01_4982_0_terrain_1_1|4982|0|2|3676|841|-3784.0|912.0|-3752.0|848.0|-3767.5527864045002|880.22360679775|48.0|48.0|48.0|QROCK3|XA02TEX|1.0|1.0|0.0|0.0|7.68|gravel|-|SG000161|-|64|1|1|841|XA02TEX|-|1.0|1.0|0.0|0.0|0.0|QROCK3X8|-|1.0|1.0|255.702553117|80.0|0.0|0.0|48.0|48.0|640.0|640.0|640.0|640.0
UTNTSkyEdge_tnt01_4983_0_terrain_1_0|4983|0|2|3676|841|-3752.0|848.0|-3688.0|848.0|-3720.0|847.5|48.0|48.0|48.0|QROCK3|QROCK3X8|1.0|1.0|327.256728397|80.0|7.68|rock|-|SG000018|-|18|1|0|841|XA02TEX|-|1.0|1.0|0.0|0.0|0.0|QROCK3X8|-|1.0|1.0|327.256728397|80.0|0.0|0.0|48.0|48.0|640.0|640.0|640.0|640.0
UTNTSkyEdge_tnt01_4983_0_terrain_1_1|4983|0|2|3676|841|-3752.0|848.0|-3688.0|848.0|-3720.0|848.5|48.0|48.0|48.0|QROCK3|XA02TEX|1.0|1.0|0.0|0.0|7.68|gravel|-|SG000161|-|64|1|1|841|XA02TEX|-|1.0|1.0|0.0|0.0|0.0|QROCK3X8|-|1.0|1.0|327.256728397|80.0|0.0|0.0|48.0|48.0|640.0|640.0|640.0|640.0
UTNTSkyEdge_tnt01_4984_0_terrain_1_0|4984|0|2|3676|841|-3688.0|848.0|-3624.0|880.0|-3655.77639320225|863.5527864045|48.0|48.0|48.0|QROCK3|QROCK3X8|1.0|1.0|391.256728397|80.0|7.68|rock|-|SG000018|-|18|1|0|841|XA02TEX|-|1.0|1.0|0.0|0.0|0.0|QROCK3X8|-|1.0|1.0|391.256728397|80.0|0.0|0.0|48.0|48.0|640.0|640.0|640.0|640.0
UTNTSkyEdge_tnt01_4984_0_terrain_1_1|4984|0|2|3676|841|-3688.0|848.0|-3624.0|880.0|-3656.22360679775|864.4472135955|48.0|48.0|48.0|QROCK3|XA02TEX|1.0|1.0|0.0|0.0|7.68|gravel|-|SG000161|-|64|1|1|841|XA02TEX|-|1.0|1.0|0.0|0.0|0.0|QROCK3X8|-|1.0|1.0|391.256728397|80.0|0.0|0.0|48.0|48.0|640.0|640.0|640.0|640.0
UTNTSkyEdge_tnt01_4985_0_terrain_1_0|4985|0|2|3676|841|-3624.0|880.0|-3656.0|976.0|-3639.525658350975|928.1581138830085|48.0|48.0|48.0|QROCK3|QROCK3X8|1.0|1.0|0.0|80.0|7.68|rock|-|SG000018|-|18|1|0|841|XA02TEX|-|1.0|1.0|0.0|0.0|0.0|QROCK3X8|-|1.0|1.0|0.0|80.0|0.0|0.0|48.0|48.0|640.0|640.0|640.0|640.0
UTNTSkyEdge_tnt01_4985_0_terrain_1_1|4985|0|2|3676|841|-3624.0|880.0|-3656.0|976.0|-3640.474341649025|927.8418861169915|48.0|48.0|48.0|QROCK3|XA02TEX|1.0|1.0|0.0|0.0|7.68|gravel|-|SG000161|-|64|1|1|841|XA02TEX|-|1.0|1.0|0.0|0.0|0.0|QROCK3X8|-|1.0|1.0|0.0|80.0|0.0|0.0|48.0|48.0|640.0|640.0|640.0|640.0
UTNTSkyEdge_tnt01_4986_0_terrain_1_0|4986|0|2|3676|841|-3656.0|976.0|-3720.0|976.0|-3688.0|976.5|48.0|48.0|48.0|QROCK3|QROCK3X8|1.0|1.0|101.192885125|80.0|7.68|rock|-|SG000018|-|18|1|0|841|XA02TEX|-|1.0|1.0|0.0|0.0|0.0|QROCK3X8|-|1.0|1.0|101.192885125|80.0|0.0|0.0|48.0|48.0|640.0|640.0|640.0|640.0
UTNTSkyEdge_tnt01_4986_0_terrain_1_1|4986|0|2|3676|841|-3656.0|976.0|-3720.0|976.0|-3688.0|975.5|48.0|48.0|48.0|QROCK3|XA02TEX|1.0|1.0|0.0|0.0|7.68|gravel|-|SG000161|-|64|1|1|841|XA02TEX|-|1.0|1.0|0.0|0.0|0.0|QROCK3X8|-|1.0|1.0|101.192885125|80.0|0.0|0.0|48.0|48.0|640.0|640.0|640.0|640.0
UTNTSkyEdge_tnt01_4987_0_terrain_1_0|4987|0|2|3676|841|-3720.0|976.0|-3784.0|912.0|-3752.3535533905933|944.3535533905932|48.0|48.0|48.0|QROCK3|QROCK3X8|1.0|1.0|165.192885125|80.0|7.68|rock|-|SG000018|-|18|1|0|841|XA02TEX|-|1.0|1.0|0.0|0.0|0.0|QROCK3X8|-|1.0|1.0|165.192885125|80.0|0.0|0.0|48.0|48.0|640.0|640.0|640.0|640.0
UTNTSkyEdge_tnt01_4987_0_terrain_1_1|4987|0|2|3676|841|-3720.0|976.0|-3784.0|912.0|-3751.6464466094067|943.6464466094068|48.0|48.0|48.0|QROCK3|XA02TEX|1.0|1.0|0.0|0.0|7.68|gravel|-|SG000161|-|64|1|1|841|XA02TEX|-|1.0|1.0|0.0|0.0|0.0|QROCK3X8|-|1.0|1.0|165.192885125|80.0|0.0|0.0|48.0|48.0|640.0|640.0|640.0|640.0
UTNTSkyEdge_tnt01_4994_0_terrain_1_0|4994|0|2|3678|843|-3056.0|1232.0|-3024.0|1168.0|-3040.4472135954998|1199.7763932022501|48.0|48.0|48.0|QROCK3|QROCK3X8|1.0|1.0|255.702553117|80.0|7.68|rock|-|SG000009|-|9|1|0|843|XA02TEX|-|1.0|1.0|0.0|0.0|0.0|QROCK3X8|-|1.0|1.0|255.702553117|80.0|0.0|0.0|48.0|48.0|640.0|640.0|640.0|640.0
UTNTSkyEdge_tnt01_4994_0_terrain_1_1|4994|0|2|3678|843|-3056.0|1232.0|-3024.0|1168.0|-3039.5527864045002|1200.2236067977499|48.0|48.0|48.0|QROCK3|XA02TEX|1.0|1.0|0.0|0.0|7.68|gravel|-|SG000162|-|65|1|1|843|XA02TEX|-|1.0|1.0|0.0|0.0|0.0|QROCK3X8|-|1.0|1.0|255.702553117|80.0|0.0|0.0|48.0|48.0|640.0|640.0|640.0|640.0
UTNTSkyEdge_tnt01_4995_0_terrain_1_0|4995|0|2|3678|843|-3024.0|1168.0|-2960.0|1168.0|-2992.0|1167.5|48.0|48.0|48.0|QROCK3|QROCK3X8|1.0|1.0|327.256728397|80.0|7.68|rock|-|SG000009|-|9|1|0|843|XA02TEX|-|1.0|1.0|0.0|0.0|0.0|QROCK3X8|-|1.0|1.0|327.256728397|80.0|0.0|0.0|48.0|48.0|640.0|640.0|640.0|640.0
UTNTSkyEdge_tnt01_4995_0_terrain_1_1|4995|0|2|3678|843|-3024.0|1168.0|-2960.0|1168.0|-2992.0|1168.5|48.0|48.0|48.0|QROCK3|XA02TEX|1.0|1.0|0.0|0.0|7.68|gravel|-|SG000162|-|65|1|1|843|XA02TEX|-|1.0|1.0|0.0|0.0|0.0|QROCK3X8|-|1.0|1.0|327.256728397|80.0|0.0|0.0|48.0|48.0|640.0|640.0|640.0|640.0
UTNTSkyEdge_tnt01_4996_0_terrain_1_0|4996|0|2|3678|843|-2960.0|1168.0|-2896.0|1200.0|-2927.77639320225|1183.5527864045|48.0|48.0|48.0|QROCK3|QROCK3X8|1.0|1.0|391.256728397|80.0|7.68|rock|-|SG000009|-|9|1|0|843|XA02TEX|-|1.0|1.0|0.0|0.0|0.0|QROCK3X8|-|1.0|1.0|391.256728397|80.0|0.0|0.0|48.0|48.0|640.0|640.0|640.0|640.0
UTNTSkyEdge_tnt01_4996_0_terrain_1_1|4996|0|2|3678|843|-2960.0|1168.0|-2896.0|1200.0|-2928.22360679775|1184.4472135955|48.0|48.0|48.0|QROCK3|XA02TEX|1.0|1.0|0.0|0.0|7.68|gravel|-|SG000162|-|65|1|1|843|XA02TEX|-|1.0|1.0|0.0|0.0|0.0|QROCK3X8|-|1.0|1.0|391.256728397|80.0|0.0|0.0|48.0|48.0|640.0|640.0|640.0|640.0
UTNTSkyEdge_tnt01_4997_0_terrain_1_0|4997|0|2|3678|843|-2896.0|1200.0|-2928.0|1296.0|-2911.525658350975|1248.1581138830084|48.0|48.0|48.0|QROCK3|QROCK3X8|1.0|1.0|0.0|80.0|7.68|rock|-|SG000009|-|9|1|0|843|XA02TEX|-|1.0|1.0|0.0|0.0|0.0|QROCK3X8|-|1.0|1.0|0.0|80.0|0.0|0.0|48.0|48.0|640.0|640.0|640.0|640.0
UTNTSkyEdge_tnt01_4997_0_terrain_1_1|4997|0|2|3678|843|-2896.0|1200.0|-2928.0|1296.0|-2912.474341649025|1247.8418861169916|48.0|48.0|48.0|QROCK3|XA02TEX|1.0|1.0|0.0|0.0|7.68|gravel|-|SG000162|-|65|1|1|843|XA02TEX|-|1.0|1.0|0.0|0.0|0.0|QROCK3X8|-|1.0|1.0|0.0|80.0|0.0|0.0|48.0|48.0|640.0|640.0|640.0|640.0
UTNTSkyEdge_tnt01_4998_0_terrain_1_0|4998|0|2|3678|843|-2928.0|1296.0|-2992.0|1296.0|-2960.0|1296.5|48.0|48.0|48.0|QROCK3|QROCK3X8|1.0|1.0|101.192885125|80.0|7.68|rock|-|SG000009|-|9|1|0|843|XA02TEX|-|1.0|1.0|0.0|0.0|0.0|QROCK3X8|-|1.0|1.0|101.192885125|80.0|0.0|0.0|48.0|48.0|640.0|640.0|640.0|640.0
UTNTSkyEdge_tnt01_4998_0_terrain_1_1|4998|0|2|3678|843|-2928.0|1296.0|-2992.0|1296.0|-2960.0|1295.5|48.0|48.0|48.0|QROCK3|XA02TEX|1.0|1.0|0.0|0.0|7.68|gravel|-|SG000162|-|65|1|1|843|XA02TEX|-|1.0|1.0|0.0|0.0|0.0|QROCK3X8|-|1.0|1.0|101.192885125|80.0|0.0|0.0|48.0|48.0|640.0|640.0|640.0|640.0
UTNTSkyEdge_tnt01_4999_0_terrain_1_0|4999|0|2|3678|843|-2992.0|1296.0|-3056.0|1232.0|-3024.3535533905933|1264.3535533905933|48.0|48.0|48.0|QROCK3|QROCK3X8|1.0|1.0|165.192885125|80.0|7.68|rock|-|SG000009|-|9|1|0|843|XA02TEX|-|1.0|1.0|0.0|0.0|0.0|QROCK3X8|-|1.0|1.0|165.192885125|80.0|0.0|0.0|48.0|48.0|640.0|640.0|640.0|640.0
UTNTSkyEdge_tnt01_4999_0_terrain_1_1|4999|0|2|3678|843|-2992.0|1296.0|-3056.0|1232.0|-3023.6464466094067|1263.6464466094067|48.0|48.0|48.0|QROCK3|XA02TEX|1.0|1.0|0.0|0.0|7.68|gravel|-|SG000162|-|65|1|1|843|XA02TEX|-|1.0|1.0|0.0|0.0|0.0|QROCK3X8|-|1.0|1.0|165.192885125|80.0|0.0|0.0|48.0|48.0|640.0|640.0|640.0|640.0
UTNTSkyEdge_tnt01_5006_0_terrain_1_0|5006|0|2|3678|845|-2888.0|2288.0|-2856.0|2224.0|-2872.4472135954998|2255.77639320225|48.0|48.0|48.0|QROCK3|QROCK3X8|1.0|1.0|255.702553117|80.0|7.68|rock|-|SG000009|-|9|1|0|845|XA02TEX|-|1.0|1.0|0.0|0.0|0.0|QROCK3X8|-|1.0|1.0|255.702553117|80.0|0.0|0.0|48.0|48.0|640.0|640.0|640.0|640.0
UTNTSkyEdge_tnt01_5006_0_terrain_1_1|5006|0|2|3678|845|-2888.0|2288.0|-2856.0|2224.0|-2871.5527864045002|2256.22360679775|48.0|48.0|48.0|QROCK3|XA02TEX|1.0|1.0|0.0|0.0|7.68|gravel|-|SG000163|-|66|1|1|845|XA02TEX|-|1.0|1.0|0.0|0.0|0.0|QROCK3X8|-|1.0|1.0|255.702553117|80.0|0.0|0.0|48.0|48.0|640.0|640.0|640.0|640.0
UTNTSkyEdge_tnt01_5007_0_terrain_1_0|5007|0|2|3678|845|-2856.0|2224.0|-2792.0|2224.0|-2824.0|2223.5|48.0|48.0|48.0|QROCK3|QROCK3X8|1.0|1.0|327.256728397|80.0|7.68|rock|-|SG000009|-|9|1|0|845|XA02TEX|-|1.0|1.0|0.0|0.0|0.0|QROCK3X8|-|1.0|1.0|327.256728397|80.0|0.0|0.0|48.0|48.0|640.0|640.0|640.0|640.0
UTNTSkyEdge_tnt01_5007_0_terrain_1_1|5007|0|2|3678|845|-2856.0|2224.0|-2792.0|2224.0|-2824.0|2224.5|48.0|48.0|48.0|QROCK3|XA02TEX|1.0|1.0|0.0|0.0|7.68|gravel|-|SG000163|-|66|1|1|845|XA02TEX|-|1.0|1.0|0.0|0.0|0.0|QROCK3X8|-|1.0|1.0|327.256728397|80.0|0.0|0.0|48.0|48.0|640.0|640.0|640.0|640.0
UTNTSkyEdge_tnt01_5008_0_terrain_1_0|5008|0|2|3678|845|-2792.0|2224.0|-2728.0|2256.0|-2759.77639320225|2239.5527864045002|48.0|48.0|48.0|QROCK3|QROCK3X8|1.0|1.0|391.256728397|80.0|7.68|rock|-|SG000009|-|9|1|0|845|XA02TEX|-|1.0|1.0|0.0|0.0|0.0|QROCK3X8|-|1.0|1.0|391.256728397|80.0|0.0|0.0|48.0|48.0|640.0|640.0|640.0|640.0
UTNTSkyEdge_tnt01_5008_0_terrain_1_1|5008|0|2|3678|845|-2792.0|2224.0|-2728.0|2256.0|-2760.22360679775|2240.4472135954998|48.0|48.0|48.0|QROCK3|XA02TEX|1.0|1.0|0.0|0.0|7.68|gravel|-|SG000163|-|66|1|1|845|XA02TEX|-|1.0|1.0|0.0|0.0|0.0|QROCK3X8|-|1.0|1.0|391.256728397|80.0|0.0|0.0|48.0|48.0|640.0|640.0|640.0|640.0
UTNTSkyEdge_tnt01_5009_0_terrain_1_0|5009|0|2|3678|845|-2728.0|2256.0|-2760.0|2352.0|-2743.525658350975|2304.1581138830084|48.0|48.0|48.0|QROCK3|QROCK3X8|1.0|1.0|0.0|80.0|7.68|rock|-|SG000009|-|9|1|0|845|XA02TEX|-|1.0|1.0|0.0|0.0|0.0|QROCK3X8|-|1.0|1.0|0.0|80.0|0.0|0.0|48.0|48.0|640.0|640.0|640.0|640.0
UTNTSkyEdge_tnt01_5009_0_terrain_1_1|5009|0|2|3678|845|-2728.0|2256.0|-2760.0|2352.0|-2744.474341649025|2303.8418861169916|48.0|48.0|48.0|QROCK3|XA02TEX|1.0|1.0|0.0|0.0|7.68|gravel|-|SG000163|-|66|1|1|845|XA02TEX|-|1.0|1.0|0.0|0.0|0.0|QROCK3X8|-|1.0|1.0|0.0|80.0|0.0|0.0|48.0|48.0|640.0|640.0|640.0|640.0
UTNTSkyEdge_tnt01_5010_0_terrain_1_0|5010|0|2|3678|845|-2760.0|2352.0|-2824.0|2352.0|-2792.0|2352.5|48.0|48.0|48.0|QROCK3|QROCK3X8|1.0|1.0|101.192885125|80.0|7.68|rock|-|SG000009|-|9|1|0|845|XA02TEX|-|1.0|1.0|0.0|0.0|0.0|QROCK3X8|-|1.0|1.0|101.192885125|80.0|0.0|0.0|48.0|48.0|640.0|640.0|640.0|640.0
UTNTSkyEdge_tnt01_5010_0_terrain_1_1|5010|0|2|3678|845|-2760.0|2352.0|-2824.0|2352.0|-2792.0|2351.5|48.0|48.0|48.0|QROCK3|XA02TEX|1.0|1.0|0.0|0.0|7.68|gravel|-|SG000163|-|66|1|1|845|XA02TEX|-|1.0|1.0|0.0|0.0|0.0|QROCK3X8|-|1.0|1.0|101.192885125|80.0|0.0|0.0|48.0|48.0|640.0|640.0|640.0|640.0
UTNTSkyEdge_tnt01_5011_0_terrain_1_0|5011|0|2|3678|845|-2824.0|2352.0|-2888.0|2288.0|-2856.3535533905933|2320.3535533905933|48.0|48.0|48.0|QROCK3|QROCK3X8|1.0|1.0|165.192885125|80.0|7.68|rock|-|SG000009|-|9|1|0|845|XA02TEX|-|1.0|1.0|0.0|0.0|0.0|QROCK3X8|-|1.0|1.0|165.192885125|80.0|0.0|0.0|48.0|48.0|640.0|640.0|640.0|640.0
UTNTSkyEdge_tnt01_5011_0_terrain_1_1|5011|0|2|3678|845|-2824.0|2352.0|-2888.0|2288.0|-2855.6464466094067|2319.6464466094067|48.0|48.0|48.0|QROCK3|XA02TEX|1.0|1.0|0.0|0.0|7.68|gravel|-|SG000163|-|66|1|1|845|XA02TEX|-|1.0|1.0|0.0|0.0|0.0|QROCK3X8|-|1.0|1.0|165.192885125|80.0|0.0|0.0|48.0|48.0|640.0|640.0|640.0|640.0
UTNTSkyEdge_tnt01_5018_0_terrain_1_0|5018|0|2|3678|847|-1760.0|2144.0|-1728.0|2080.0|-1744.4472135955|2111.77639320225|48.0|48.0|48.0|QROCK3|QROCK3X8|1.0|1.0|255.702553117|80.0|7.68|rock|-|SG000009|-|9|1|0|847|XA02TEX|-|1.0|1.0|0.0|0.0|0.0|QROCK3X8|-|1.0|1.0|255.702553117|80.0|0.0|0.0|48.0|48.0|640.0|640.0|640.0|640.0
UTNTSkyEdge_tnt01_5018_0_terrain_1_1|5018|0|2|3678|847|-1760.0|2144.0|-1728.0|2080.0|-1743.5527864045|2112.22360679775|48.0|48.0|48.0|QROCK3|XA02TEX|1.0|1.0|0.0|0.0|7.68|gravel|-|SG000164|-|67|1|1|847|XA02TEX|-|1.0|1.0|0.0|0.0|0.0|QROCK3X8|-|1.0|1.0|255.702553117|80.0|0.0|0.0|48.0|48.0|640.0|640.0|640.0|640.0
UTNTSkyEdge_tnt01_5019_0_terrain_1_0|5019|0|2|3678|847|-1728.0|2080.0|-1664.0|2080.0|-1696.0|2079.5|48.0|48.0|48.0|QROCK3|QROCK3X8|1.0|1.0|327.256728397|80.0|7.68|rock|-|SG000009|-|9|1|0|847|XA02TEX|-|1.0|1.0|0.0|0.0|0.0|QROCK3X8|-|1.0|1.0|327.256728397|80.0|0.0|0.0|48.0|48.0|640.0|640.0|640.0|640.0
UTNTSkyEdge_tnt01_5019_0_terrain_1_1|5019|0|2|3678|847|-1728.0|2080.0|-1664.0|2080.0|-1696.0|2080.5|48.0|48.0|48.0|QROCK3|XA02TEX|1.0|1.0|0.0|0.0|7.68|gravel|-|SG000164|-|67|1|1|847|XA02TEX|-|1.0|1.0|0.0|0.0|0.0|QROCK3X8|-|1.0|1.0|327.256728397|80.0|0.0|0.0|48.0|48.0|640.0|640.0|640.0|640.0
UTNTSkyEdge_tnt01_5020_0_terrain_1_0|5020|0|2|3678|847|-1664.0|2080.0|-1600.0|2112.0|-1631.7763932022501|2095.5527864045002|48.0|48.0|48.0|QROCK3|QROCK3X8|1.0|1.0|391.256728397|80.0|7.68|rock|-|SG000009|-|9|1|0|847|XA02TEX|-|1.0|1.0|0.0|0.0|0.0|QROCK3X8|-|1.0|1.0|391.256728397|80.0|0.0|0.0|48.0|48.0|640.0|640.0|640.0|640.0
UTNTSkyEdge_tnt01_5020_0_terrain_1_1|5020|0|2|3678|847|-1664.0|2080.0|-1600.0|2112.0|-1632.2236067977499|2096.4472135954998|48.0|48.0|48.0|QROCK3|XA02TEX|1.0|1.0|0.0|0.0|7.68|gravel|-|SG000164|-|67|1|1|847|XA02TEX|-|1.0|1.0|0.0|0.0|0.0|QROCK3X8|-|1.0|1.0|391.256728397|80.0|0.0|0.0|48.0|48.0|640.0|640.0|640.0|640.0
UTNTSkyEdge_tnt01_5021_0_terrain_1_0|5021|0|2|3678|847|-1600.0|2112.0|-1632.0|2208.0|-1615.5256583509747|2160.1581138830084|48.0|48.0|48.0|QROCK3|QROCK3X8|1.0|1.0|0.0|80.0|7.68|rock|-|SG000009|-|9|1|0|847|XA02TEX|-|1.0|1.0|0.0|0.0|0.0|QROCK3X8|-|1.0|1.0|0.0|80.0|0.0|0.0|48.0|48.0|640.0|640.0|640.0|640.0
UTNTSkyEdge_tnt01_5021_0_terrain_1_1|5021|0|2|3678|847|-1600.0|2112.0|-1632.0|2208.0|-1616.4743416490253|2159.8418861169916|48.0|48.0|48.0|QROCK3|XA02TEX|1.0|1.0|0.0|0.0|7.68|gravel|-|SG000164|-|67|1|1|847|XA02TEX|-|1.0|1.0|0.0|0.0|0.0|QROCK3X8|-|1.0|1.0|0.0|80.0|0.0|0.0|48.0|48.0|640.0|640.0|640.0|640.0
UTNTSkyEdge_tnt01_5022_0_terrain_1_0|5022|0|2|3678|847|-1632.0|2208.0|-1696.0|2208.0|-1664.0|2208.5|48.0|48.0|48.0|QROCK3|QROCK3X8|1.0|1.0|101.192885125|80.0|7.68|rock|-|SG000009|-|9|1|0|847|XA02TEX|-|1.0|1.0|0.0|0.0|0.0|QROCK3X8|-|1.0|1.0|101.192885125|80.0|0.0|0.0|48.0|48.0|640.0|640.0|640.0|640.0
UTNTSkyEdge_tnt01_5022_0_terrain_1_1|5022|0|2|3678|847|-1632.0|2208.0|-1696.0|2208.0|-1664.0|2207.5|48.0|48.0|48.0|QROCK3|XA02TEX|1.0|1.0|0.0|0.0|7.68|gravel|-|SG000164|-|67|1|1|847|XA02TEX|-|1.0|1.0|0.0|0.0|0.0|QROCK3X8|-|1.0|1.0|101.192885125|80.0|0.0|0.0|48.0|48.0|640.0|640.0|640.0|640.0
UTNTSkyEdge_tnt01_5023_0_terrain_1_0|5023|0|2|3678|847|-1696.0|2208.0|-1760.0|2144.0|-1728.3535533905933|2176.3535533905933|48.0|48.0|48.0|QROCK3|QROCK3X8|1.0|1.0|165.192885125|80.0|7.68|rock|-|SG000009|-|9|1|0|847|XA02TEX|-|1.0|1.0|0.0|0.0|0.0|QROCK3X8|-|1.0|1.0|165.192885125|80.0|0.0|0.0|48.0|48.0|640.0|640.0|640.0|640.0
UTNTSkyEdge_tnt01_5023_0_terrain_1_1|5023|0|2|3678|847|-1696.0|2208.0|-1760.0|2144.0|-1727.6464466094067|2175.6464466094067|48.0|48.0|48.0|QROCK3|XA02TEX|1.0|1.0|0.0|0.0|7.68|gravel|-|SG000164|-|67|1|1|847|XA02TEX|-|1.0|1.0|0.0|0.0|0.0|QROCK3X8|-|1.0|1.0|165.192885125|80.0|0.0|0.0|48.0|48.0|640.0|640.0|640.0|640.0
UTNTSkyEdge_tnt01_5092_0_terrain_2_1|5092|0|1|3678|3678|-1856.0|1104.0|-2048.0|1232.0|-1951.7226499018873|1168.416025147169|0.0|0.0|0.0|QROCK3X8|QGRASS|1.0|1.0|0.0|0.0|14|grass|-|SG000165|-|9|2|1|3678|QGRASS|-|1.0|1.0|0.0|0.0|0.0|QROCK3X8|-|1.0|1.0|256.49951267|0.0|0.0|0.0|0|0|640.0|640.0|0|0
UTNTSkyEdge_tnt01_5093_0_terrain_2_1|5093|0|1|3678|3678|-1600.0|1088.0|-1856.0|1104.0|-1727.9688108569223|1096.4990262892416|0.0|0.0|0.0|QROCK3X8|QGRASS|1.0|1.0|0.0|0.0|14|grass|-|SG000166|-|9|2|1|3678|QGRASS|-|1.0|1.0|0.0|0.0|0.0|QROCK3X8|-|1.0|1.0|0.0|0.0|0.0|0.0|0|0|640.0|640.0|0|0
UTNTSkyEdge_tnt01_5094_0_terrain_2_1|5094|0|1|3678|3678|-2048.0|1232.0|-2112.0|1600.0|-2079.50739412259|1416.0856705873757|0.0|0.0|0.0|QROCK3X8|QGRASS|1.0|1.0|0.0|0.0|14|grass|-|SG000167|-|9|2|1|3678|QGRASS|-|1.0|1.0|0.0|0.0|0.0|QROCK3X8|-|1.0|1.0|487.2547943|0.0|0.0|0.0|0|0|640.0|640.0|0|0
UTNTSkyEdge_tnt01_5145_0_terrain_2_1|5145|0|1|746|746|-2184.0|1552.0|-2224.0|1440.0|-2204.4708709557976|1496.1681681984992|64.0|64.0|64.0|QROCK3|XA02TEX|1.0|1.0|0.0|0.0|5|gravel|-|SG000168|-|30|2|1|746|XA02TEX|-|1.0|1.0|0.0|0.0|0.0|QROCK3X8|-|1.0|1.0|191.69434209|0.0|64.0|64.0|0|0|640.0|640.0|0|0
UTNTSkyEdge_tnt01_5324_0_terrain_2_1|5324|0|1|884|884|-2864.0|368.0|-2352.0|272.0|-2608.092144267525|319.50856390653286|0.0|0.0|0.0|QROCK3X8|QGRASS|1.0|1.0|0.0|0.0|14|grass|-|SG000169|-|16|2|1|884|QGRASS|-|1.0|1.0|0.0|0.0|0.0|QROCK3X8|-|1.0|1.0|81.584312217|0.0|0.0|0.0|0|0|640.0|640.0|0|0
UTNTSkyEdge_tnt01_7996_0_terrain_1_0|7996|0|2|1458|1423|5408.0|1664.0|5424.0|1696.0|5416.4472135955|1679.7763932022501|368.0|368.0|368.0|QROCK3|QROCK3X8|1.0|1.0|70.0|16.0|8|rock|-|SG000031|-|31|1|0|1423|XA02TEX|-|1.0|1.0|0.0|0.0|0.0|QROCK3X8|-|1.0|1.0|70.0|16.0|192.0|192.0|368.0|368.0|480.0|480.0|480.0|480.0
UTNTSkyEdge_tnt01_7996_0_terrain_1_1|7996|0|2|1458|1423|5408.0|1664.0|5424.0|1696.0|5415.5527864045|1680.2236067977499|368.0|368.0|368.0|QROCK3|XA02TEX|1.0|1.0|0.0|0.0|8|gravel|-|SG000170|-|1|1|1|1423|XA02TEX|-|1.0|1.0|0.0|0.0|0.0|QROCK3X8|-|1.0|1.0|70.0|16.0|192.0|192.0|368.0|368.0|480.0|480.0|480.0|480.0
UTNTSkyEdge_tnt01_7997_0_terrain_1_0|7997|0|2|1458|1423|5424.0|1696.0|5472.0|1760.0|5448.4|1727.7|368.0|368.0|368.0|QROCK3|QROCK3X8|1.0|1.0|105.77708764|16.0|8|rock|-|SG000031|-|31|1|0|1423|XA02TEX|-|1.0|1.0|0.0|0.0|0.0|QROCK3X8|-|1.0|1.0|105.77708764|16.0|192.0|192.0|368.0|368.0|480.0|480.0|480.0|480.0
UTNTSkyEdge_tnt01_7997_0_terrain_1_1|7997|0|2|1458|1423|5424.0|1696.0|5472.0|1760.0|5447.6|1728.3|368.0|368.0|368.0|QROCK3|XA02TEX|1.0|1.0|0.0|0.0|8|gravel|-|SG000170|-|1|1|1|1423|XA02TEX|-|1.0|1.0|0.0|0.0|0.0|QROCK3X8|-|1.0|1.0|105.77708764|16.0|192.0|192.0|368.0|368.0|480.0|480.0|480.0|480.0
UTNTSkyEdge_tnt01_7998_0_terrain_1_0|7998|0|2|1458|1424|5472.0|1760.0|5440.0|1840.0|5456.464238345443|1800.185695338177|272.0|272.0|272.0|QROCK3|QROCK3X8|1.0|1.0|58.0|112.0|8|rock|-|SG000031|-|31|1|0|1424|XA02TEX|-|1.0|1.0|0.0|0.0|0.0|QROCK3X8|-|1.0|1.0|58.0|112.0|192.0|192.0|272.0|272.0|480.0|480.0|480.0|480.0
UTNTSkyEdge_tnt01_7998_0_terrain_1_1|7998|0|2|1458|1424|5472.0|1760.0|5440.0|1840.0|5455.535761654557|1799.814304661823|272.0|272.0|272.0|QROCK3|XA02TEX|1.0|1.0|0.0|0.0|8|gravel|-|SG000171|-|68|1|1|1424|XA02TEX|-|1.0|1.0|0.0|0.0|0.0|QROCK3X8|-|1.0|1.0|58.0|112.0|192.0|192.0|272.0|272.0|480.0|480.0|480.0|480.0
UTNTSkyEdge_tnt01_7999_0_terrain_1_0|7999|0|2|1458|1423|5440.0|1840.0|5472.0|1904.0|5456.4472135955|1871.7763932022501|368.0|368.0|368.0|QROCK3|QROCK3X8|1.0|1.0|16.0|16.0|8|rock|-|SG000031|-|31|1|0|1423|XA02TEX|-|1.0|1.0|0.0|0.0|0.0|QROCK3X8|-|1.0|1.0|16.0|16.0|192.0|192.0|368.0|368.0|480.0|480.0|480.0|480.0
UTNTSkyEdge_tnt01_7999_0_terrain_1_1|7999|0|2|1458|1423|5440.0|1840.0|5472.0|1904.0|5455.5527864045|1872.2236067977499|368.0|368.0|368.0|QROCK3|XA02TEX|1.0|1.0|0.0|0.0|8|gravel|-|SG000170|-|1|1|1|1423|XA02TEX|-|1.0|1.0|0.0|0.0|0.0|QROCK3X8|-|1.0|1.0|16.0|16.0|192.0|192.0|368.0|368.0|480.0|480.0|480.0|480.0
UTNTSkyEdge_tnt01_8000_0_terrain_1_0|8000|0|2|1458|171|5472.0|1904.0|5568.0|1904.0|5520.0|1903.5|272.0|272.0|272.0|QROCK3|QROCK3X8|1.0|1.0|30.0|112.0|8|rock|-|SG000031|-|31|1|0|171|XA02TEX|-|1.0|1.0|0.0|0.0|0.0|QROCK3X8|-|1.0|1.0|30.0|112.0|192.0|192.0|272.0|272.0|480.0|480.0|480.0|480.0
UTNTSkyEdge_tnt01_8000_0_terrain_1_1|8000|0|2|1458|171|5472.0|1904.0|5568.0|1904.0|5520.0|1904.5|272.0|272.0|272.0|QROCK3|XA02TEX|1.0|1.0|0.0|0.0|8|gravel|-|SG000172|-|2|1|1|171|XA02TEX|-|1.0|1.0|0.0|0.0|0.0|QROCK3X8|-|1.0|1.0|30.0|112.0|192.0|192.0|272.0|272.0|480.0|480.0|480.0|480.0
UTNTSkyEdge_tnt01_8001_0_terrain_1_0|8001|0|2|1458|171|5568.0|1904.0|5600.0|1984.0|5584.464238345443|1943.814304661823|272.0|272.0|272.0|QROCK3|QROCK3X8|1.0|1.0|126.0|112.0|8|rock|-|SG000031|-|31|1|0|171|XA02TEX|-|1.0|1.0|0.0|0.0|0.0|QROCK3X8|-|1.0|1.0|126.0|112.0|192.0|192.0|272.0|272.0|480.0|480.0|480.0|480.0
UTNTSkyEdge_tnt01_8001_0_terrain_1_1|8001|0|2|1458|171|5568.0|1904.0|5600.0|1984.0|5583.535761654557|1944.185695338177|272.0|272.0|272.0|QROCK3|XA02TEX|1.0|1.0|0.0|0.0|8|gravel|-|SG000172|-|2|1|1|171|XA02TEX|-|1.0|1.0|0.0|0.0|0.0|QROCK3X8|-|1.0|1.0|126.0|112.0|192.0|192.0|272.0|272.0|480.0|480.0|480.0|480.0
UTNTSkyEdge_tnt01_8003_0_terrain_1_0|8003|0|2|1458|171|5600.0|1984.0|5568.0|2016.0|5584.353553390593|2000.3535533905933|272.0|272.0|272.0|QROCK3|QROCK3X8|1.0|1.0|212.162636914|112.0|8|rock|-|SG000031|-|31|1|0|171|XA02TEX|-|1.0|1.0|0.0|0.0|0.0|QROCK3X8|-|1.0|1.0|212.162636914|112.0|192.0|192.0|272.0|272.0|480.0|480.0|480.0|480.0
UTNTSkyEdge_tnt01_8003_0_terrain_1_1|8003|0|2|1458|171|5600.0|1984.0|5568.0|2016.0|5583.646446609407|1999.6464466094067|272.0|272.0|272.0|QROCK3|XA02TEX|1.0|1.0|0.0|0.0|8|gravel|-|SG000172|-|2|1|1|171|XA02TEX|-|1.0|1.0|0.0|0.0|0.0|QROCK3X8|-|1.0|1.0|212.162636914|112.0|192.0|192.0|272.0|272.0|480.0|480.0|480.0|480.0
UTNTSkyEdge_tnt01_8005_0_terrain_1_0|8005|0|2|171|1423|5472.0|1904.0|5460.0|1924.0|5466.428746462856|1914.2572478777138|368.0|368.0|368.0|QROCK3|QROCK3X8|1.0|1.0|88.0|16.0|8|rock|-|SG000002|-|2|1|0|1423|XA02TEX|-|1.0|1.0|0.0|0.0|0.0|QROCK3X8|-|1.0|1.0|88.0|16.0|272.0|272.0|368.0|368.0|480.0|480.0|480.0|480.0
UTNTSkyEdge_tnt01_8005_0_terrain_1_1|8005|0|2|171|1423|5472.0|1904.0|5460.0|1924.0|5465.571253537144|1913.7427521222862|368.0|368.0|368.0|QROCK3|XA02TEX|1.0|1.0|0.0|0.0|8|gravel|-|SG000170|-|1|1|1|1423|XA02TEX|-|1.0|1.0|0.0|0.0|0.0|QROCK3X8|-|1.0|1.0|88.0|16.0|272.0|272.0|368.0|368.0|480.0|480.0|480.0|480.0
UTNTSkyEdge_tnt01_8008_1_terrain_1_0|8008|1|2|1424|1423|5472.0|1760.0|5424.0|1744.0|5447.841886116991|1752.4743416490253|368.0|368.0|368.0|QROCK3|QROCK3X8|1.0|1.0|95.0|16.0|8|rock|-|SG000173|-|68|1|0|1423|XA02TEX|-|1.0|1.0|0.0|0.0|0.0|QROCK3X8|-|1.0|1.0|95.0|16.0|272.0|272.0|368.0|368.0|480.0|480.0|480.0|480.0
UTNTSkyEdge_tnt01_8008_1_terrain_1_1|8008|1|2|1424|1423|5472.0|1760.0|5424.0|1744.0|5448.158113883009|1751.5256583509747|368.0|368.0|368.0|QROCK3|XA02TEX|1.0|1.0|0.0|0.0|8|gravel|-|SG000170|-|1|1|1|1423|XA02TEX|-|1.0|1.0|0.0|0.0|0.0|QROCK3X8|-|1.0|1.0|95.0|16.0|272.0|272.0|368.0|368.0|480.0|480.0|480.0|480.0
UTNTSkyEdge_tnt01_8010_1_terrain_1_0|8010|1|2|1458|1427|5616.0|928.0|5600.0|960.0|5608.4472135955|944.22360679775|320.0|320.0|320.0|QROCK3|QROCK3X8|1.0|1.0|188.0|64.0|8|rock|-|SG000031|-|31|1|0|1427|XA02TEX|-|1.0|1.0|0.0|0.0|0.0|QROCK3X8|-|1.0|1.0|188.0|64.0|192.0|192.0|320.0|320.0|480.0|480.0|480.0|480.0
UTNTSkyEdge_tnt01_8010_1_terrain_1_1|8010|1|2|1458|1427|5616.0|928.0|5600.0|960.0|5607.5527864045|943.77639320225|320.0|320.0|320.0|QROCK3|XA02TEX|1.0|1.0|0.0|0.0|8|gravel|-|SG000174|-|5|1|1|1427|XA02TEX|-|1.0|1.0|0.0|0.0|0.0|QROCK3X8|-|1.0|1.0|188.0|64.0|192.0|192.0|320.0|320.0|480.0|480.0|480.0|480.0
UTNTSkyEdge_tnt01_8011_1_terrain_1_0|8011|1|2|1458|1427|5680.0|928.0|5616.0|928.0|5648.0|928.5|320.0|320.0|320.0|QROCK3|QROCK3X8|1.0|1.0|124.0|64.0|8|rock|-|SG000031|-|31|1|0|1427|XA02TEX|-|1.0|1.0|0.0|0.0|0.0|QROCK3X8|-|1.0|1.0|124.0|64.0|192.0|192.0|320.0|320.0|480.0|480.0|480.0|480.0
UTNTSkyEdge_tnt01_8011_1_terrain_1_1|8011|1|2|1458|1427|5680.0|928.0|5616.0|928.0|5648.0|927.5|320.0|320.0|320.0|QROCK3|XA02TEX|1.0|1.0|0.0|0.0|8|gravel|-|SG000174|-|5|1|1|1427|XA02TEX|-|1.0|1.0|0.0|0.0|0.0|QROCK3X8|-|1.0|1.0|124.0|64.0|192.0|192.0|320.0|320.0|480.0|480.0|480.0|480.0
UTNTSkyEdge_tnt01_8012_1_terrain_1_0|8012|1|2|1458|1426|5744.0|992.0|5680.0|928.0|5711.646446609407|960.3535533905932|264.0|264.0|264.0|QROCK3|QROCK3X8|1.0|1.0|160.584312217|120.0|8|rock|-|SG000031|-|31|1|0|1426|XA02TEX|-|1.0|1.0|0.0|0.0|0.0|QROCK3X8|-|1.0|1.0|160.584312217|120.0|192.0|192.0|264.0|264.0|480.0|480.0|480.0|480.0
UTNTSkyEdge_tnt01_8012_1_terrain_1_1|8012|1|2|1458|1426|5744.0|992.0|5680.0|928.0|5712.353553390593|959.6464466094068|264.0|264.0|264.0|QROCK3|XA02TEX|1.0|1.0|0.0|0.0|8|gravel|-|SG000175|-|7|1|1|1426|XA02TEX|-|1.0|1.0|0.0|0.0|0.0|QROCK3X8|-|1.0|1.0|160.584312217|120.0|192.0|192.0|264.0|264.0|480.0|480.0|480.0|480.0
UTNTSkyEdge_tnt01_8013_1_terrain_1_0|8013|1|2|1458|1426|5824.0|976.0|5744.0|992.0|5784.098058067569|984.4902903378454|264.0|264.0|264.0|QROCK3|QROCK3X8|1.0|1.0|79.0|120.0|8|rock|-|SG000031|-|31|1|0|1426|XA02TEX|-|1.0|1.0|0.0|0.0|0.0|QROCK3X8|-|1.0|1.0|79.0|120.0|192.0|192.0|264.0|264.0|480.0|480.0|480.0|480.0
UTNTSkyEdge_tnt01_8013_1_terrain_1_1|8013|1|2|1458|1426|5824.0|976.0|5744.0|992.0|5783.901941932431|983.5097096621546|264.0|264.0|264.0|QROCK3|XA02TEX|1.0|1.0|0.0|0.0|8|gravel|-|SG000175|-|7|1|1|1426|XA02TEX|-|1.0|1.0|0.0|0.0|0.0|QROCK3X8|-|1.0|1.0|79.0|120.0|192.0|192.0|264.0|264.0|480.0|480.0|480.0|480.0
UTNTSkyEdge_tnt01_8014_1_terrain_1_0|8014|1|2|1458|1422|5872.0|1024.0|5824.0|976.0|5847.646446609407|1000.3535533905932|240.0|240.0|240.0|QROCK3|QROCK3X8|1.0|1.0|139.081318457|16.0|7.68|rock|-|SG000031|-|31|1|0|1422|XA02TEX|-|1.0|1.0|0.0|0.0|0.0|QROCK3X8|-|1.0|1.0|139.081318457|16.0|192.0|192.0|240.0|240.0|480.0|480.0|480.0|480.0
UTNTSkyEdge_tnt01_8014_1_terrain_1_1|8014|1|2|1458|1422|5872.0|1024.0|5824.0|976.0|5848.353553390593|999.6464466094068|240.0|240.0|240.0|QROCK3|XA02TEX|1.0|1.0|0.0|0.0|7.68|gravel|-|SG000044|-|6|1|1|1422|XA02TEX|-|1.0|1.0|0.0|0.0|0.0|QROCK3X8|-|1.0|1.0|139.081318457|16.0|192.0|192.0|240.0|240.0|480.0|480.0|480.0|480.0
UTNTSkyEdge_tnt01_8015_1_terrain_1_0|8015|1|2|1458|1422|5936.0|1024.0|5872.0|1024.0|5904.0|1024.5|240.0|240.0|240.0|QROCK3|QROCK3X8|1.0|1.0|75.081318457|16.0|7.68|rock|-|SG000031|-|31|1|0|1422|XA02TEX|-|1.0|1.0|0.0|0.0|0.0|QROCK3X8|-|1.0|1.0|75.081318457|16.0|192.0|192.0|240.0|240.0|480.0|480.0|480.0|480.0
UTNTSkyEdge_tnt01_8015_1_terrain_1_1|8015|1|2|1458|1422|5936.0|1024.0|5872.0|1024.0|5904.0|1023.5|240.0|240.0|240.0|QROCK3|XA02TEX|1.0|1.0|0.0|0.0|7.68|gravel|-|SG000044|-|6|1|1|1422|XA02TEX|-|1.0|1.0|0.0|0.0|0.0|QROCK3X8|-|1.0|1.0|75.081318457|16.0|192.0|192.0|240.0|240.0|480.0|480.0|480.0|480.0
UTNTSkyEdge_tnt01_8017_1_terrain_1_0|8017|1|2|1422|1426|5856.0|928.0|5824.0|976.0|5840.4160251471685|952.2773500981126|264.0|264.0|264.0|QROCK3|QROCK3X8|1.0|1.0|60.984845005|120.0|3.84|rock|-|SG000006|-|6|1|0|1426|XA02TEX|-|1.0|1.0|0.0|0.0|0.0|QROCK3X8|-|1.0|1.0|60.984845005|120.0|240.0|240.0|264.0|264.0|480.0|480.0|480.0|480.0
UTNTSkyEdge_tnt01_8017_1_terrain_1_1|8017|1|2|1422|1426|5856.0|928.0|5824.0|976.0|5839.5839748528315|951.7226499018874|264.0|264.0|264.0|QROCK3|XA02TEX|1.0|1.0|0.0|0.0|3.84|gravel|-|SG000175|-|7|1|1|1426|XA02TEX|-|1.0|1.0|0.0|0.0|0.0|QROCK3X8|-|1.0|1.0|60.984845005|120.0|240.0|240.0|264.0|264.0|480.0|480.0|480.0|480.0
UTNTSkyEdge_tnt01_8018_1_terrain_1_0|8018|1|2|1422|1426|5888.0|920.0|5856.0|928.0|5872.121267812518|924.4850712500727|264.0|264.0|264.0|QROCK3|QROCK3X8|1.0|1.0|28.0|120.0|3.84|rock|-|SG000006|-|6|1|0|1426|XA02TEX|-|1.0|1.0|0.0|0.0|0.0|QROCK3X8|-|1.0|1.0|28.0|120.0|240.0|240.0|264.0|264.0|480.0|480.0|480.0|480.0
UTNTSkyEdge_tnt01_8018_1_terrain_1_1|8018|1|2|1422|1426|5888.0|920.0|5856.0|928.0|5871.878732187482|923.5149287499273|264.0|264.0|264.0|QROCK3|XA02TEX|1.0|1.0|0.0|0.0|3.84|gravel|-|SG000175|-|7|1|1|1426|XA02TEX|-|1.0|1.0|0.0|0.0|0.0|QROCK3X8|-|1.0|1.0|28.0|120.0|240.0|240.0|264.0|264.0|480.0|480.0|480.0|480.0
UTNTSkyEdge_tnt01_8019_1_terrain_1_0|8019|1|2|1426|1427|5688.0|888.0|5680.0|928.0|5684.490290337845|908.0980580675691|320.0|320.0|320.0|QROCK3|QROCK3X8|1.0|1.0|115.352029963|64.0|8|rock|-|SG000007|-|7|1|0|1427|XA02TEX|-|1.0|1.0|0.0|0.0|0.0|QROCK3X8|-|1.0|1.0|115.352029963|64.0|264.0|264.0|320.0|320.0|480.0|480.0|480.0|480.0
UTNTSkyEdge_tnt01_8019_1_terrain_1_1|8019|1|2|1426|1427|5688.0|888.0|5680.0|928.0|5683.509709662155|907.9019419324309|320.0|320.0|320.0|QROCK3|XA02TEX|1.0|1.0|0.0|0.0|8|gravel|-|SG000174|-|5|1|1|1427|XA02TEX|-|1.0|1.0|0.0|0.0|0.0|QROCK3X8|-|1.0|1.0|115.352029963|64.0|264.0|264.0|320.0|320.0|480.0|480.0|480.0|480.0
UTNTSkyEdge_tnt01_8020_1_terrain_1_0|8020|1|2|1426|1427|5752.0|864.0|5688.0|888.0|5720.175561720795|876.4681645887845|320.0|320.0|320.0|QROCK3|QROCK3X8|1.0|1.0|47.0|64.0|8|rock|-|SG000007|-|7|1|0|1427|XA02TEX|-|1.0|1.0|0.0|0.0|0.0|QROCK3X8|-|1.0|1.0|47.0|64.0|264.0|264.0|320.0|320.0|480.0|480.0|480.0|480.0
UTNTSkyEdge_tnt01_8020_1_terrain_1_1|8020|1|2|1426|1427|5752.0|864.0|5688.0|888.0|5719.824438279205|875.5318354112155|320.0|320.0|320.0|QROCK3|XA02TEX|1.0|1.0|0.0|0.0|8|gravel|-|SG000174|-|5|1|1|1427|XA02TEX|-|1.0|1.0|0.0|0.0|0.0|QROCK3X8|-|1.0|1.0|47.0|64.0|264.0|264.0|320.0|320.0|480.0|480.0|480.0|480.0
UTNTSkyEdge_tnt01_8031_0_terrain_1_0|8031|0|2|1458|1429|5836.0|1376.0|5796.0|1400.0|5816.257247877714|1388.4287464628562|256.0|256.0|256.0|QROCK3|QROCK3X8|1.0|1.0|0.0|0.0|8|rock|-|SG000031|-|31|1|0|1429|XA02TEX|-|1.0|1.0|0.0|0.0|0.0|QROCK3X8|-|1.0|1.0|0.0|0.0|192.0|192.0|256.0|256.0|480.0|480.0|480.0|480.0
UTNTSkyEdge_tnt01_8031_0_terrain_1_1|8031|0|2|1458|1429|5836.0|1376.0|5796.0|1400.0|5815.742752122286|1387.5712535371438|256.0|256.0|256.0|QROCK3|XA02TEX|1.0|1.0|0.0|0.0|8|gravel|-|SG000176|-|51|1|1|1429|XA02TEX|-|1.0|1.0|0.0|0.0|0.0|QROCK3X8|-|1.0|1.0|0.0|0.0|192.0|192.0|256.0|256.0|480.0|480.0|480.0|480.0
UTNTSkyEdge_tnt01_8032_0_terrain_1_0|8032|0|2|1458|1429|5796.0|1400.0|5740.0|1384.0|5767.862639436052|1392.4807619738203|256.0|256.0|256.0|QROCK3|QROCK3X8|1.0|1.0|46.647615159|0.0|8|rock|-|SG000031|-|31|1|0|1429|XA02TEX|-|1.0|1.0|0.0|0.0|0.0|QROCK3X8|-|1.0|1.0|46.647615159|0.0|192.0|192.0|256.0|256.0|480.0|480.0|480.0|480.0
UTNTSkyEdge_tnt01_8032_0_terrain_1_1|8032|0|2|1458|1429|5796.0|1400.0|5740.0|1384.0|5768.137360563948|1391.5192380261797|256.0|256.0|256.0|QROCK3|XA02TEX|1.0|1.0|0.0|0.0|8|gravel|-|SG000176|-|51|1|1|1429|XA02TEX|-|1.0|1.0|0.0|0.0|0.0|QROCK3X8|-|1.0|1.0|46.647615159|0.0|192.0|192.0|256.0|256.0|480.0|480.0|480.0|480.0
UTNTSkyEdge_tnt01_8035_0_terrain_1_0|8035|0|2|1458|1429|5724.0|1272.0|5780.0|1216.0|5751.646446609407|1243.6464466094067|256.0|256.0|256.0|QROCK3|QROCK3X8|1.0|1.0|227.627435374|0.0|8|rock|-|SG000031|-|31|1|0|1429|XA02TEX|-|1.0|1.0|0.0|0.0|0.0|QROCK3X8|-|1.0|1.0|227.627435374|0.0|192.0|192.0|256.0|256.0|480.0|480.0|480.0|480.0
UTNTSkyEdge_tnt01_8035_0_terrain_1_1|8035|0|2|1458|1429|5724.0|1272.0|5780.0|1216.0|5752.353553390593|1244.3535533905933|256.0|256.0|256.0|QROCK3|XA02TEX|1.0|1.0|0.0|0.0|8|gravel|-|SG000176|-|51|1|1|1429|XA02TEX|-|1.0|1.0|0.0|0.0|0.0|QROCK3X8|-|1.0|1.0|227.627435374|0.0|192.0|192.0|256.0|256.0|480.0|480.0|480.0|480.0
UTNTSkyEdge_tnt01_8038_0_terrain_1_0|8038|0|2|1429|198|5764.0|1296.0|5804.0|1248.0|5783.615889360201|1271.6799078001677|328.0|328.0|328.0|QROCK3|QROCK3X8|1.0|1.0|120.216275522|56.0|8|rock|-|SG000066|-|51|1|0|198|XA02TEX|-|1.0|1.0|0.0|0.0|0.0|QROCK3X8|-|1.0|1.0|120.216275522|56.0|256.0|256.0|328.0|328.0|480.0|480.0|480.0|480.0
UTNTSkyEdge_tnt01_8038_0_terrain_1_1|8038|0|2|1429|198|5764.0|1296.0|5804.0|1248.0|5784.384110639799|1272.3200921998323|328.0|328.0|328.0|QROCK3|XA02TEX|1.0|1.0|0.0|0.0|8|gravel|-|SG000065|-|50|1|1|198|XA02TEX|-|1.0|1.0|0.0|0.0|0.0|QROCK3X8|-|1.0|1.0|120.216275522|56.0|256.0|256.0|328.0|328.0|480.0|480.0|480.0|480.0
UTNTSkyEdge_tnt01_8231_0_terrain_2_1|8231|0|1|1458|1458|6064.0|1156.0|5976.0|1008.0|6019.570232055989|1082.2555376964385|192.0|192.0|192.0|QROCK3X8|QGRASS|1.0|1.0|0.0|0.0|14|grass|-|SG000177|-|31|2|1|1458|QGRASS|-|1.0|1.0|0.0|0.0|0.0|QROCK3X8|-|1.0|1.0|921.78266239|32.0|192.0|192.0|0|0|480.0|480.0|0|0
UTNTSkyEdge_tnt01_8266_0_terrain_2_1|8266|0|1|1472|1472|6288.0|2304.0|6400.0|2304.0|6344.0|2303.5|-168.0|-168.0|-168.0|QROCK3X8|XA02TEX|1.0|1.0|0.0|0.0|14|gravel|-|SG000178|-|4|2|1|1472|XA02TEX|-|1.0|1.0|0.0|0.0|0.0|QROCK3X8|-|1.0|1.0|938.790212384|32.0|-168.0|-168.0|0|0|480.0|480.0|0|0
UTNTSkyEdge_tnt01_8268_0_terrain_1_0|8268|0|2|1472|1474|6496.0|2240.0|6592.0|2176.0|6543.722649901887|2207.583974852831|168.0|168.0|168.0|QROCK3|QROCK3X8|1.0|1.0|108.0|88.0|8|rock|-|SG000004|-|4|1|0|1474|XA02TEX|-|1.0|1.0|0.0|0.0|0.0|QROCK3X8|-|1.0|1.0|108.0|88.0|-168.0|-168.0|168.0|168.0|480.0|480.0|480.0|480.0
UTNTSkyEdge_tnt01_8268_0_terrain_1_1|8268|0|2|1472|1474|6496.0|2240.0|6592.0|2176.0|6544.277350098113|2208.416025147169|168.0|168.0|168.0|QROCK3|XA02TEX|1.0|1.0|0.0|0.0|8|gravel|-|SG000179|-|35|1|1|1474|XA02TEX|-|1.0|1.0|0.0|0.0|0.0|QROCK3X8|-|1.0|1.0|108.0|88.0|-168.0|-168.0|168.0|168.0|480.0|480.0|480.0|480.0
UTNTSkyEdge_tnt01_8268_0_terrain_2_1|8268|0|2|1472|1472|6496.0|2240.0|6592.0|2176.0|6543.722649901887|2207.583974852831|-168.0|-168.0|-168.0|QROCK3|XA02TEX|1.0|1.0|0.0|0.0|14|gravel|-|SG000049|-|4|2|1|1472|XA02TEX|-|1.0|1.0|0.0|0.0|0.0|QROCK3X8|-|1.0|1.0|108.0|88.0|-168.0|-168.0|168.0|168.0|480.0|480.0|480.0|480.0
UTNTSkyEdge_tnt01_8270_0_terrain_2_1|8270|0|1|1478|1478|6592.0|2304.0|6720.0|2336.0|6656.121267812518|2319.5149287499275|192.0|192.0|192.0|QROCK3|QGRASS|1.0|1.0|0.0|0.0|14|grass|-|SG000180|-|36|2|1|1478|QGRASS|-|1.0|1.0|0.0|0.0|0.0|QROCK3X8|-|1.0|1.0|129.955435713|32.0|192.0|192.0|0|0|480.0|480.0|0|0
UTNTSkyEdge_tnt01_8276_0_terrain_2_1|8276|0|1|1472|1472|6752.0|1904.0|6806.0|1808.0|6778.5642122314375|1855.7548693801837|-168.0|-168.0|-168.0|QROCK3|XA02TEX|1.0|1.0|0.0|0.0|14|gravel|-|SG000181|-|4|2|1|1472|XA02TEX|-|1.0|1.0|0.0|0.0|0.0|QROCK3X8|-|1.0|1.0|27.0|32.0|-168.0|-168.0|0|0|480.0|480.0|0|0
UTNTSkyEdge_tnt01_8283_0_terrain_1_0|8283|0|2|1472|1475|6672.0|2040.0|6752.0|1904.0|6711.569032892421|1971.7464899367183|168.08938547486034|168.17877094972067|168.0|QROCK3|QROCK3X8|1.0|1.0|381.162304201|88.0|8|rock|-|SG000004|-|4|1|0|1475|XA02TEX|-|1.0|1.0|0.0|0.0|0.0|QROCK3X8|-|1.0|1.0|381.162304201|88.0|-168.0|-168.0|168.17877094972067|168.0|480.0|480.0|480.0|480.0
UTNTSkyEdge_tnt01_8283_0_terrain_1_1|8283|0|2|1472|1475|6672.0|2040.0|6752.0|1904.0|6712.430967107579|1972.2535100632817|168.08938547486034|168.17877094972067|168.0|QROCK3|XA02TEX|1.0|1.0|0.0|0.0|8|gravel|-|SG000182|-|42|1|1|1475|XA02TEX|-|1.0|1.0|0.0|0.0|0.0|QROCK3X8|-|1.0|1.0|381.162304201|88.0|-168.0|-168.0|168.17877094972067|168.0|480.0|480.0|480.0|480.0
UTNTSkyEdge_tnt01_8283_0_terrain_2_1|8283|0|2|1472|1472|6672.0|2040.0|6752.0|1904.0|6711.569032892421|1971.7464899367183|-168.0|-168.0|-168.0|QROCK3|XA02TEX|1.0|1.0|0.0|0.0|14|gravel|-|SG000051|-|4|2|1|1472|XA02TEX|-|1.0|1.0|0.0|0.0|0.0|QROCK3X8|-|1.0|1.0|381.162304201|88.0|-168.0|-168.0|168.17877094972067|168.0|480.0|480.0|480.0|480.0
UTNTSkyEdge_tnt01_8350_0_terrain_2_1|8350|0|1|133|133|6192.0|1240.0|6096.0|1200.0|6143.807692307692|1220.4615384615386|-168.0|-168.0|-168.0|QROCK3X8|XA02TEX|1.0|1.0|0.0|0.0|14|gravel|-|SG000183|-|3|2|1|133|XA02TEX|-|1.0|1.0|0.0|0.0|0.0|QROCK3X8|-|1.0|1.0|762.906214399|32.0|-168.0|-168.0|0|0|480.0|480.0|0|0
UTNTSkyEdge_tnt01_12926_1_terrain_1_0|12926|1|2|2404|2386|1440.0|4544.0|1408.0|4640.0|1424.4743416490253|4592.158113883009|48.0|48.0|48.0|QROCK3|QROCK3X8|1.0|1.0|191.509667992|80.0|8|rock|-|SG000184|-|69|1|0|2386|XA02TEX|-|1.0|1.0|0.0|0.0|0.0|QROCK3X8|-|1.0|1.0|191.509667992|80.0|-80.0|-80.0|48.0|48.0|272.0|272.0|272.0|272.0
UTNTSkyEdge_tnt01_12926_1_terrain_1_1|12926|1|2|2404|2386|1440.0|4544.0|1408.0|4640.0|1423.5256583509747|4591.841886116991|48.0|48.0|48.0|QROCK3|XA02TEX|1.0|1.0|0.0|0.0|8|gravel|-|SG000185|-|70|1|1|2386|XA02TEX|-|1.0|1.0|0.0|0.0|0.0|QROCK3X8|-|1.0|1.0|191.509667992|80.0|-80.0|-80.0|48.0|48.0|272.0|272.0|272.0|272.0
UTNTSkyEdge_tnt01_12926_1_terrain_2_1|12926|1|2|2404|2404|1440.0|4544.0|1408.0|4640.0|1424.4743416490253|4592.158113883009|-80.0|-80.0|-80.0|QROCK3|QGRASS|1.0|1.0|0.0|0.0|14|grass|-|SG000186|-|69|2|1|2404|QGRASS|-|1.0|1.0|0.0|0.0|0.0|QROCK3X8|-|1.0|1.0|191.509667992|80.0|-80.0|-80.0|48.0|48.0|272.0|272.0|272.0|272.0
UTNTSkyEdge_tnt01_12927_1_terrain_1_0|12927|1|2|2404|2386|1376.0|4480.0|1440.0|4544.0|1408.3535533905933|4511.646446609407|48.0|48.0|48.0|QROCK3|QROCK3X8|1.0|1.0|101.0|80.0|8|rock|-|SG000184|-|69|1|0|2386|XA02TEX|-|1.0|1.0|0.0|0.0|0.0|QROCK3X8|-|1.0|1.0|101.0|80.0|-80.0|-80.0|48.0|48.0|272.0|272.0|272.0|272.0
UTNTSkyEdge_tnt01_12927_1_terrain_1_1|12927|1|2|2404|2386|1376.0|4480.0|1440.0|4544.0|1407.6464466094067|4512.353553390593|48.0|48.0|48.0|QROCK3|XA02TEX|1.0|1.0|0.0|0.0|8|gravel|-|SG000185|-|70|1|1|2386|XA02TEX|-|1.0|1.0|0.0|0.0|0.0|QROCK3X8|-|1.0|1.0|101.0|80.0|-80.0|-80.0|48.0|48.0|272.0|272.0|272.0|272.0
UTNTSkyEdge_tnt01_12928_1_terrain_1_0|12928|1|2|2404|2385|1408.0|4352.0|1376.0|4480.0|1392.4850712500727|4416.121267812518|64.0|64.0|64.0|QROCK3|QROCK3X8|1.0|1.0|97.0|64.0|8|rock|-|SG000184|-|69|1|0|2385|XA02TEX|-|1.0|1.0|0.0|0.0|0.0|QROCK3X8|-|1.0|1.0|97.0|64.0|-80.0|-80.0|64.0|64.0|272.0|272.0|272.0|272.0
UTNTSkyEdge_tnt01_12928_1_terrain_1_1|12928|1|2|2404|2385|1408.0|4352.0|1376.0|4480.0|1391.5149287499273|4415.878732187482|64.0|64.0|64.0|QROCK3|XA02TEX|1.0|1.0|0.0|0.0|8|gravel|-|SG000187|-|71|1|1|2385|XA02TEX|-|1.0|1.0|0.0|0.0|0.0|QROCK3X8|-|1.0|1.0|97.0|64.0|-80.0|-80.0|64.0|64.0|272.0|272.0|272.0|272.0
UTNTSkyEdge_tnt01_12928_1_terrain_2_1|12928|1|2|2404|2404|1408.0|4352.0|1376.0|4480.0|1392.4850712500727|4416.121267812518|-80.0|-80.0|-80.0|QROCK3|QGRASS|1.0|1.0|0.0|0.0|14|grass|-|SG000188|-|69|2|1|2404|QGRASS|-|1.0|1.0|0.0|0.0|0.0|QROCK3X8|-|1.0|1.0|97.0|64.0|-80.0|-80.0|64.0|64.0|272.0|272.0|272.0|272.0
UTNTSkyEdge_tnt01_12929_1_terrain_1_0|12929|1|2|2404|2383|1472.0|4288.0|1408.0|4352.0|1440.3535533905933|4320.353553390593|120.0|120.0|120.0|QROCK3|QROCK3X8|1.0|1.0|134.192885125|8.0|8|rock|-|SG000184|-|69|1|0|2383|XA02TEX|-|1.0|1.0|0.0|0.0|0.0|QROCK3X8|-|1.0|1.0|134.192885125|8.0|-80.0|-80.0|120.0|120.0|272.0|272.0|272.0|272.0
UTNTSkyEdge_tnt01_12929_1_terrain_1_1|12929|1|2|2404|2383|1472.0|4288.0|1408.0|4352.0|1439.6464466094067|4319.646446609407|120.0|120.0|120.0|QROCK3|XA02TEX|1.0|1.0|0.0|0.0|8|gravel|-|SG000189|-|72|1|1|2383|XA02TEX|-|1.0|1.0|0.0|0.0|0.0|QROCK3X8|-|1.0|1.0|134.192885125|8.0|-80.0|-80.0|120.0|120.0|272.0|272.0|272.0|272.0
UTNTSkyEdge_tnt01_12930_1_terrain_1_0|12930|1|2|2404|2383|1440.0|4192.0|1472.0|4288.0|1456.4743416490253|4239.841886116991|120.0|120.0|120.0|QROCK3|QROCK3X8|1.0|1.0|33.0|8.0|8|rock|-|SG000184|-|69|1|0|2383|XA02TEX|-|1.0|1.0|0.0|0.0|0.0|QROCK3X8|-|1.0|1.0|33.0|8.0|-80.0|-80.0|120.0|120.0|272.0|272.0|272.0|272.0
UTNTSkyEdge_tnt01_12930_1_terrain_1_1|12930|1|2|2404|2383|1440.0|4192.0|1472.0|4288.0|1455.5256583509747|4240.158113883009|120.0|120.0|120.0|QROCK3|XA02TEX|1.0|1.0|0.0|0.0|8|gravel|-|SG000189|-|72|1|1|2383|XA02TEX|-|1.0|1.0|0.0|0.0|0.0|QROCK3X8|-|1.0|1.0|33.0|8.0|-80.0|-80.0|120.0|120.0|272.0|272.0|272.0|272.0
UTNTSkyEdge_tnt01_12932_1_terrain_1_0|12932|1|2|2404|2400|1440.0|4032.0|1376.0|4128.0|1408.416025147169|4080.2773500981125|56.0|56.0|56.0|QROCK3|QROCK3X8|1.0|1.0|339.377640815|72.0|8|rock|-|SG000184|-|69|1|0|2400|XA02TEX|-|1.0|1.0|0.0|0.0|0.0|QROCK3X8|-|1.0|1.0|339.377640815|72.0|-80.0|-80.0|56.0|56.0|272.0|272.0|272.0|272.0
UTNTSkyEdge_tnt01_12932_1_terrain_1_1|12932|1|2|2404|2400|1440.0|4032.0|1376.0|4128.0|1407.583974852831|4079.7226499018875|56.0|56.0|56.0|QROCK3|XA02TEX|1.0|1.0|0.0|0.0|8|gravel|-|SG000190|-|73|1|1|2400|XA02TEX|-|1.0|1.0|0.0|0.0|0.0|QROCK3X8|-|1.0|1.0|339.377640815|72.0|-80.0|-80.0|56.0|56.0|272.0|272.0|272.0|272.0
UTNTSkyEdge_tnt01_12933_1_terrain_1_0|12933|1|2|2404|2400|1440.0|3952.0|1440.0|4032.0|1440.5|3992.0|56.0|56.0|56.0|QROCK3|QROCK3X8|1.0|1.0|259.377640815|72.0|8|rock|-|SG000184|-|69|1|0|2400|XA02TEX|-|1.0|1.0|0.0|0.0|0.0|QROCK3X8|-|1.0|1.0|259.377640815|72.0|-80.0|-80.0|56.0|56.0|272.0|272.0|272.0|272.0
UTNTSkyEdge_tnt01_12933_1_terrain_1_1|12933|1|2|2404|2400|1440.0|3952.0|1440.0|4032.0|1439.5|3992.0|56.0|56.0|56.0|QROCK3|XA02TEX|1.0|1.0|0.0|0.0|8|gravel|-|SG000190|-|73|1|1|2400|XA02TEX|-|1.0|1.0|0.0|0.0|0.0|QROCK3X8|-|1.0|1.0|259.377640815|72.0|-80.0|-80.0|56.0|56.0|272.0|272.0|272.0|272.0
UTNTSkyEdge_tnt01_12936_1_terrain_1_0|12936|1|2|2400|2384|1280.0|4064.0|1376.0|4128.0|1328.2773500981127|4095.583974852831|96.0|96.0|96.0|QROCK3|QROCK3X8|1.0|1.0|82.55417528|32.0|6.4|rock|-|SG000191|-|73|1|0|2384|XA02TEX|-|1.0|1.0|0.0|0.0|0.0|QROCK3X8|-|1.0|1.0|82.55417528|32.0|56.0|56.0|96.0|96.0|272.0|272.0|272.0|272.0
UTNTSkyEdge_tnt01_12936_1_terrain_1_1|12936|1|2|2400|2384|1280.0|4064.0|1376.0|4128.0|1327.7226499018873|4096.4160251471685|96.0|96.0|96.0|QROCK3|XA02TEX|1.0|1.0|0.0|0.0|6.4|gravel|-|SG000192|-|74|1|1|2384|XA02TEX|-|1.0|1.0|0.0|0.0|0.0|QROCK3X8|-|1.0|1.0|82.55417528|32.0|56.0|56.0|96.0|96.0|272.0|272.0|272.0|272.0
UTNTSkyEdge_tnt01_12938_1_terrain_1_0|12938|1|2|2400|2384|1216.0|4096.0|1280.0|4064.0|1247.7763932022501|4079.5527864045002|96.0|96.0|96.0|QROCK3|QROCK3X8|1.0|1.0|11.0|32.0|6.4|rock|-|SG000191|-|73|1|0|2384|XA02TEX|-|1.0|1.0|0.0|0.0|0.0|QROCK3X8|-|1.0|1.0|11.0|32.0|56.0|56.0|96.0|96.0|272.0|272.0|272.0|272.0
UTNTSkyEdge_tnt01_12938_1_terrain_1_1|12938|1|2|2400|2384|1216.0|4096.0|1280.0|4064.0|1248.2236067977499|4080.4472135954998|96.0|96.0|96.0|QROCK3|XA02TEX|1.0|1.0|0.0|0.0|6.4|gravel|-|SG000192|-|74|1|1|2384|XA02TEX|-|1.0|1.0|0.0|0.0|0.0|QROCK3X8|-|1.0|1.0|11.0|32.0|56.0|56.0|96.0|96.0|272.0|272.0|272.0|272.0
UTNTSkyEdge_tnt01_12939_0_terrain_1_0|12939|0|2|2385|2383|1408.0|4352.0|1312.0|4320.0|1359.8418861169916|4336.4743416490255|120.0|120.0|120.0|QROCK3|QROCK3X8|1.0|1.0|44.0|8.0|8|rock|-|SG000193|-|71|1|0|2383|XA02TEX|-|1.0|1.0|0.0|0.0|0.0|QROCK3X8|-|1.0|1.0|44.0|8.0|64.0|64.0|120.0|120.0|272.0|272.0|272.0|272.0
UTNTSkyEdge_tnt01_12939_0_terrain_1_1|12939|0|2|2385|2383|1408.0|4352.0|1312.0|4320.0|1360.1581138830084|4335.5256583509745|120.0|120.0|120.0|QROCK3|XA02TEX|1.0|1.0|0.0|0.0|8|gravel|-|SG000189|-|72|1|1|2383|XA02TEX|-|1.0|1.0|0.0|0.0|0.0|QROCK3X8|-|1.0|1.0|44.0|8.0|64.0|64.0|120.0|120.0|272.0|272.0|272.0|272.0
UTNTSkyEdge_tnt01_12940_0_terrain_1_0|12940|0|2|2384|2383|1312.0|4320.0|1312.0|4192.0|1311.5|4256.0|120.0|120.0|120.0|QROCK3|QROCK3X8|1.0|1.0|17.0|8.0|3.84|rock|-|SG000194|-|74|1|0|2383|XA02TEX|-|1.0|1.0|0.0|0.0|0.0|QROCK3X8|-|1.0|1.0|17.0|8.0|96.0|96.0|120.0|120.0|272.0|272.0|272.0|272.0
UTNTSkyEdge_tnt01_12940_0_terrain_1_1|12940|0|2|2384|2383|1312.0|4320.0|1312.0|4192.0|1312.5|4256.0|120.0|120.0|120.0|QROCK3|XA02TEX|1.0|1.0|0.0|0.0|3.84|gravel|-|SG000189|-|72|1|1|2383|XA02TEX|-|1.0|1.0|0.0|0.0|0.0|QROCK3X8|-|1.0|1.0|17.0|8.0|96.0|96.0|120.0|120.0|272.0|272.0|272.0|272.0
UTNTSkyEdge_tnt01_12941_0_terrain_1_0|12941|0|2|2384|2383|1312.0|4192.0|1376.0|4160.0|1343.7763932022501|4175.5527864045|120.0|120.0|120.0|QROCK3|QROCK3X8|1.0|1.0|145.0|8.0|3.84|rock|-|SG000194|-|74|1|0|2383|XA02TEX|-|1.0|1.0|0.0|0.0|0.0|QROCK3X8|-|1.0|1.0|145.0|8.0|96.0|96.0|120.0|120.0|272.0|272.0|272.0|272.0
UTNTSkyEdge_tnt01_12941_0_terrain_1_1|12941|0|2|2384|2383|1312.0|4192.0|1376.0|4160.0|1344.2236067977499|4176.4472135955|120.0|120.0|120.0|QROCK3|XA02TEX|1.0|1.0|0.0|0.0|3.84|gravel|-|SG000189|-|72|1|1|2383|XA02TEX|-|1.0|1.0|0.0|0.0|0.0|QROCK3X8|-|1.0|1.0|145.0|8.0|96.0|96.0|120.0|120.0|272.0|272.0|272.0|272.0
UTNTSkyEdge_tnt01_12942_0_terrain_1_0|12942|0|2|2384|2383|1376.0|4160.0|1440.0|4192.0|1408.2236067977499|4175.5527864045|120.0|120.0|120.0|QROCK3|QROCK3X8|1.0|1.0|216.55417528|8.0|3.84|rock|-|SG000194|-|74|1|0|2383|XA02TEX|-|1.0|1.0|0.0|0.0|0.0|QROCK3X8|-|1.0|1.0|216.55417528|8.0|96.0|96.0|120.0|120.0|272.0|272.0|272.0|272.0
UTNTSkyEdge_tnt01_12942_0_terrain_1_1|12942|0|2|2384|2383|1376.0|4160.0|1440.0|4192.0|1407.7763932022501|4176.4472135955|120.0|120.0|120.0|QROCK3|XA02TEX|1.0|1.0|0.0|0.0|3.84|gravel|-|SG000189|-|72|1|1|2383|XA02TEX|-|1.0|1.0|0.0|0.0|0.0|QROCK3X8|-|1.0|1.0|216.55417528|8.0|96.0|96.0|120.0|120.0|272.0|272.0|272.0|272.0
UTNTSkyEdge_tnt01_12944_0_terrain_1_0|12944|0|2|2385|2384|1312.0|4320.0|1216.0|4416.0|1264.3535533905933|4368.353553390593|96.0|96.0|96.0|QROCK3|QROCK3X8|1.0|1.0|37.0|32.0|5.12|rock|-|SG000193|-|71|1|0|2384|XA02TEX|-|1.0|1.0|0.0|0.0|0.0|QROCK3X8|-|1.0|1.0|37.0|32.0|64.0|64.0|96.0|96.0|272.0|272.0|272.0|272.0
UTNTSkyEdge_tnt01_12944_0_terrain_1_1|12944|0|2|2385|2384|1312.0|4320.0|1216.0|4416.0|1263.6464466094067|4367.646446609407|96.0|96.0|96.0|QROCK3|XA02TEX|1.0|1.0|0.0|0.0|5.12|gravel|-|SG000192|-|74|1|1|2384|XA02TEX|-|1.0|1.0|0.0|0.0|0.0|QROCK3X8|-|1.0|1.0|37.0|32.0|64.0|64.0|96.0|96.0|272.0|272.0|272.0|272.0
UTNTSkyEdge_tnt01_12945_0_terrain_1_0|12945|0|2|2386|2385|1376.0|4480.0|1344.0|4544.0|1360.4472135955|4512.22360679775|64.0|64.0|64.0|QROCK3|QROCK3X8|1.0|1.0|101.0|64.0|2.56|rock|-|SG000195|-|70|1|0|2385|XA02TEX|-|1.0|1.0|0.0|0.0|0.0|QROCK3X8|-|1.0|1.0|101.0|64.0|48.0|48.0|64.0|64.0|272.0|272.0|272.0|272.0
UTNTSkyEdge_tnt01_12945_0_terrain_1_1|12945|0|2|2386|2385|1376.0|4480.0|1344.0|4544.0|1359.5527864045|4511.77639320225|64.0|64.0|64.0|QROCK3|XA02TEX|1.0|1.0|0.0|0.0|2.56|gravel|-|SG000187|-|71|1|1|2385|XA02TEX|-|1.0|1.0|0.0|0.0|0.0|QROCK3X8|-|1.0|1.0|101.0|64.0|48.0|48.0|64.0|64.0|272.0|272.0|272.0|272.0
UTNTSkyEdge_tnt01_12946_0_terrain_1_0|12946|0|2|2386|2385|1344.0|4544.0|1248.0|4544.0|1296.0|4544.5|64.0|64.0|64.0|QROCK3|QROCK3X8|1.0|1.0|172.55417528|64.0|2.56|rock|-|SG000195|-|70|1|0|2385|XA02TEX|-|1.0|1.0|0.0|0.0|0.0|QROCK3X8|-|1.0|1.0|172.55417528|64.0|48.0|48.0|64.0|64.0|272.0|272.0|272.0|272.0
UTNTSkyEdge_tnt01_12946_0_terrain_1_1|12946|0|2|2386|2385|1344.0|4544.0|1248.0|4544.0|1296.0|4543.5|64.0|64.0|64.0|QROCK3|XA02TEX|1.0|1.0|0.0|0.0|2.56|gravel|-|SG000187|-|71|1|1|2385|XA02TEX|-|1.0|1.0|0.0|0.0|0.0|QROCK3X8|-|1.0|1.0|172.55417528|64.0|48.0|48.0|64.0|64.0|272.0|272.0|272.0|272.0
UTNTSkyEdge_tnt01_12948_0_terrain_1_0|12948|0|2|2386|2385|1248.0|4544.0|1216.0|4576.0|1232.3535533905933|4560.353553390593|64.0|64.0|64.0|QROCK3|QROCK3X8|1.0|1.0|268.55417528|64.0|2.56|rock|-|SG000195|-|70|1|0|2385|XA02TEX|-|1.0|1.0|0.0|0.0|0.0|QROCK3X8|-|1.0|1.0|268.55417528|64.0|48.0|48.0|64.0|64.0|272.0|272.0|272.0|272.0
UTNTSkyEdge_tnt01_12948_0_terrain_1_1|12948|0|2|2386|2385|1248.0|4544.0|1216.0|4576.0|1231.6464466094067|4559.646446609407|64.0|64.0|64.0|QROCK3|XA02TEX|1.0|1.0|0.0|0.0|2.56|gravel|-|SG000187|-|71|1|1|2385|XA02TEX|-|1.0|1.0|0.0|0.0|0.0|QROCK3X8|-|1.0|1.0|268.55417528|64.0|48.0|48.0|64.0|64.0|272.0|272.0|272.0|272.0
UTNTSkyEdge_tnt01_12951_1_terrain_1_0|12951|1|2|2386|2396|1216.0|4672.0|1280.0|4672.0|1248.0|4671.5|80.0|80.0|80.0|QROCK3|QROCK3X8|1.0|1.0|0.0|48.0|5.12|rock|-|SG000195|-|70|1|0|2396|XA02TEX|-|1.0|1.0|0.0|0.0|0.0|QROCK3X8|-|1.0|1.0|0.0|48.0|48.0|48.0|80.0|80.0|272.0|272.0|272.0|272.0
UTNTSkyEdge_tnt01_12951_1_terrain_1_1|12951|1|2|2386|2396|1216.0|4672.0|1280.0|4672.0|1248.0|4672.5|80.0|80.0|80.0|QROCK3|XA02TEX|1.0|1.0|0.0|0.0|5.12|gravel|-|SG000196|-|75|1|1|2396|XA02TEX|-|1.0|1.0|0.0|0.0|0.0|QROCK3X8|-|1.0|1.0|0.0|48.0|48.0|48.0|80.0|80.0|272.0|272.0|272.0|272.0
UTNTSkyEdge_tnt01_12955_1_terrain_1_0|12955|1|2|2404|2391|2720.0|4128.0|2784.0|4032.0|2751.583974852831|4079.7226499018875|80.0|80.0|80.0|QROCK3|QROCK3X8|1.0|1.0|109.0|48.0|8|rock|-|SG000184|-|69|1|0|2391|XA02TEX|-|1.0|1.0|0.0|0.0|0.0|QROCK3X8|-|1.0|1.0|109.0|48.0|-80.0|-80.0|80.0|80.0|272.0|272.0|272.0|272.0
UTNTSkyEdge_tnt01_12955_1_terrain_1_1|12955|1|2|2404|2391|2720.0|4128.0|2784.0|4032.0|2752.416025147169|4080.2773500981125|80.0|80.0|80.0|QROCK3|XA02TEX|1.0|1.0|0.0|0.0|8|gravel|-|SG000197|-|76|1|1|2391|XA02TEX|-|1.0|1.0|0.0|0.0|0.0|QROCK3X8|-|1.0|1.0|109.0|48.0|-80.0|-80.0|80.0|80.0|272.0|272.0|272.0|272.0
UTNTSkyEdge_tnt01_12955_1_terrain_2_1|12955|1|2|2404|2404|2720.0|4128.0|2784.0|4032.0|2751.583974852831|4079.7226499018875|-80.0|-80.0|-80.0|QROCK3|QGRASS|1.0|1.0|0.0|0.0|14|grass|-|SG000198|-|69|2|1|2404|QGRASS|-|1.0|1.0|0.0|0.0|0.0|QROCK3X8|-|1.0|1.0|109.0|48.0|-80.0|-80.0|80.0|80.0|272.0|272.0|272.0|272.0
UTNTSkyEdge_tnt01_12956_1_terrain_1_0|12956|1|2|2404|2392|2656.0|4192.0|2720.0|4128.0|2687.6464466094067|4159.646446609407|64.0|64.0|64.0|QROCK3|QROCK3X8|1.0|1.0|401.511562393|64.0|8|rock|-|SG000184|-|69|1|0|2392|XA02TEX|-|1.0|1.0|0.0|0.0|0.0|QROCK3X8|-|1.0|1.0|401.511562393|64.0|-80.0|-80.0|64.0|64.0|272.0|272.0|272.0|272.0
UTNTSkyEdge_tnt01_12956_1_terrain_1_1|12956|1|2|2404|2392|2656.0|4192.0|2720.0|4128.0|2688.3535533905933|4160.353553390593|64.0|64.0|64.0|QROCK3|XA02TEX|1.0|1.0|0.0|0.0|8|gravel|-|SG000199|-|77|1|1|2392|XA02TEX|-|1.0|1.0|0.0|0.0|0.0|QROCK3X8|-|1.0|1.0|401.511562393|64.0|-80.0|-80.0|64.0|64.0|272.0|272.0|272.0|272.0
UTNTSkyEdge_tnt01_12957_1_terrain_1_0|12957|1|2|2404|2392|2688.0|4288.0|2656.0|4192.0|2671.525658350975|4240.158113883009|64.0|64.0|64.0|QROCK3|QROCK3X8|1.0|1.0|300.318677268|64.0|8|rock|-|SG000184|-|69|1|0|2392|XA02TEX|-|1.0|1.0|0.0|0.0|0.0|QROCK3X8|-|1.0|1.0|300.318677268|64.0|-80.0|-80.0|64.0|64.0|272.0|272.0|272.0|272.0
UTNTSkyEdge_tnt01_12957_1_terrain_1_1|12957|1|2|2404|2392|2688.0|4288.0|2656.0|4192.0|2672.474341649025|4239.841886116991|64.0|64.0|64.0|QROCK3|XA02TEX|1.0|1.0|0.0|0.0|8|gravel|-|SG000199|-|77|1|1|2392|XA02TEX|-|1.0|1.0|0.0|0.0|0.0|QROCK3X8|-|1.0|1.0|300.318677268|64.0|-80.0|-80.0|64.0|64.0|272.0|272.0|272.0|272.0
UTNTSkyEdge_tnt01_12958_1_terrain_1_0|12958|1|2|2404|2392|2656.0|4352.0|2688.0|4288.0|2671.5527864045002|4319.77639320225|64.0|64.0|64.0|QROCK3|QROCK3X8|1.0|1.0|228.764501988|64.0|8|rock|-|SG000184|-|69|1|0|2392|XA02TEX|-|1.0|1.0|0.0|0.0|0.0|QROCK3X8|-|1.0|1.0|228.764501988|64.0|-80.0|-80.0|64.0|64.0|272.0|272.0|272.0|272.0
UTNTSkyEdge_tnt01_12958_1_terrain_1_1|12958|1|2|2404|2392|2656.0|4352.0|2688.0|4288.0|2672.4472135954998|4320.22360679775|64.0|64.0|64.0|QROCK3|XA02TEX|1.0|1.0|0.0|0.0|8|gravel|-|SG000199|-|77|1|1|2392|XA02TEX|-|1.0|1.0|0.0|0.0|0.0|QROCK3X8|-|1.0|1.0|228.764501988|64.0|-80.0|-80.0|64.0|64.0|272.0|272.0|272.0|272.0
UTNTSkyEdge_tnt01_12959_1_terrain_1_0|12959|1|2|2404|2392|2752.0|4448.0|2656.0|4352.0|2703.6464466094067|4400.353553390593|64.0|64.0|64.0|QROCK3|QROCK3X8|1.0|1.0|93.0|64.0|8|rock|-|SG000184|-|69|1|0|2392|XA02TEX|-|1.0|1.0|0.0|0.0|0.0|QROCK3X8|-|1.0|1.0|93.0|64.0|-80.0|-80.0|64.0|64.0|272.0|272.0|272.0|272.0
UTNTSkyEdge_tnt01_12959_1_terrain_1_1|12959|1|2|2404|2392|2752.0|4448.0|2656.0|4352.0|2704.3535533905933|4399.646446609407|64.0|64.0|64.0|QROCK3|XA02TEX|1.0|1.0|0.0|0.0|8|gravel|-|SG000199|-|77|1|1|2392|XA02TEX|-|1.0|1.0|0.0|0.0|0.0|QROCK3X8|-|1.0|1.0|93.0|64.0|-80.0|-80.0|64.0|64.0|272.0|272.0|272.0|272.0
UTNTSkyEdge_tnt01_12959_1_terrain_2_1|12959|1|2|2404|2404|2752.0|4448.0|2656.0|4352.0|2703.6464466094067|4400.353553390593|-80.0|-80.0|-80.0|QROCK3|QGRASS|1.0|1.0|0.0|0.0|14|grass|-|SG000200|-|69|2|1|2404|QGRASS|-|1.0|1.0|0.0|0.0|0.0|QROCK3X8|-|1.0|1.0|93.0|64.0|-80.0|-80.0|64.0|64.0|272.0|272.0|272.0|272.0
UTNTSkyEdge_tnt01_12960_1_terrain_1_0|12960|1|2|2404|2389|2688.0|4544.0|2752.0|4448.0|2719.583974852831|4495.722649901887|48.0|48.0|48.0|QROCK3|QROCK3X8|1.0|1.0|106.0|80.0|8|rock|-|SG000184|-|69|1|0|2389|XA02TEX|-|1.0|1.0|0.0|0.0|0.0|QROCK3X8|-|1.0|1.0|106.0|80.0|-80.0|-80.0|48.0|48.0|272.0|272.0|272.0|272.0
UTNTSkyEdge_tnt01_12960_1_terrain_1_1|12960|1|2|2404|2389|2688.0|4544.0|2752.0|4448.0|2720.416025147169|4496.277350098113|48.0|48.0|48.0|QROCK3|XA02TEX|1.0|1.0|0.0|0.0|8|gravel|-|SG000201|-|78|1|1|2389|XA02TEX|-|1.0|1.0|0.0|0.0|0.0|QROCK3X8|-|1.0|1.0|106.0|80.0|-80.0|-80.0|48.0|48.0|272.0|272.0|272.0|272.0
UTNTSkyEdge_tnt01_12961_1_terrain_1_0|12961|1|2|2404|2389|2688.0|4608.0|2688.0|4544.0|2687.5|4576.0|48.0|48.0|48.0|QROCK3|QROCK3X8|1.0|1.0|42.0|80.0|8|rock|-|SG000184|-|69|1|0|2389|XA02TEX|-|1.0|1.0|0.0|0.0|0.0|QROCK3X8|-|1.0|1.0|42.0|80.0|-80.0|-80.0|48.0|48.0|272.0|272.0|272.0|272.0
UTNTSkyEdge_tnt01_12961_1_terrain_1_1|12961|1|2|2404|2389|2688.0|4608.0|2688.0|4544.0|2688.5|4576.0|48.0|48.0|48.0|QROCK3|XA02TEX|1.0|1.0|0.0|0.0|8|gravel|-|SG000201|-|78|1|1|2389|XA02TEX|-|1.0|1.0|0.0|0.0|0.0|QROCK3X8|-|1.0|1.0|42.0|80.0|-80.0|-80.0|48.0|48.0|272.0|272.0|272.0|272.0
UTNTSkyEdge_tnt01_12964_1_terrain_1_0|12964|1|2|2404|2399|2704.0|4688.0|2688.0|4608.0|2695.5097096621544|4648.098058067569|120.0|120.0|120.0|QROCK3|QROCK3X8|1.0|1.0|88.0|8.0|8|rock|-|SG000184|-|69|1|0|2399|XA02TEX|-|1.0|1.0|0.0|0.0|0.0|QROCK3X8|-|1.0|1.0|88.0|8.0|-80.0|-80.0|120.0|120.0|272.0|272.0|272.0|272.0
UTNTSkyEdge_tnt01_12964_1_terrain_1_1|12964|1|2|2404|2399|2704.0|4688.0|2688.0|4608.0|2696.4902903378456|4647.901941932431|120.0|120.0|120.0|QROCK3|XA02TEX|1.0|1.0|0.0|0.0|8|gravel|-|SG000202|-|79|1|1|2399|XA02TEX|-|1.0|1.0|0.0|0.0|0.0|QROCK3X8|-|1.0|1.0|88.0|8.0|-80.0|-80.0|120.0|120.0|272.0|272.0|272.0|272.0
UTNTSkyEdge_tnt01_12965_0_terrain_1_0|12965|0|2|2389|2399|2688.0|4608.0|2752.0|4576.0|2719.77639320225|4591.5527864045|120.0|120.0|120.0|QROCK3|QROCK3X8|1.0|1.0|103.0|8.0|8|rock|-|SG000203|-|78|1|0|2399|XA02TEX|-|1.0|1.0|0.0|0.0|0.0|QROCK3X8|-|1.0|1.0|103.0|8.0|48.0|48.0|120.0|120.0|272.0|272.0|272.0|272.0
UTNTSkyEdge_tnt01_12965_0_terrain_1_1|12965|0|2|2389|2399|2688.0|4608.0|2752.0|4576.0|2720.22360679775|4592.4472135955|120.0|120.0|120.0|QROCK3|XA02TEX|1.0|1.0|0.0|0.0|8|gravel|-|SG000202|-|79|1|1|2399|XA02TEX|-|1.0|1.0|0.0|0.0|0.0|QROCK3X8|-|1.0|1.0|103.0|8.0|48.0|48.0|120.0|120.0|272.0|272.0|272.0|272.0
UTNTSkyEdge_tnt01_12966_0_terrain_1_0|12966|0|2|2389|2399|2752.0|4576.0|2848.0|4608.0|2800.1581138830084|4591.5256583509745|120.0|120.0|120.0|QROCK3|QROCK3X8|1.0|1.0|174.55417528|8.0|8|rock|-|SG000203|-|78|1|0|2399|XA02TEX|-|1.0|1.0|0.0|0.0|0.0|QROCK3X8|-|1.0|1.0|174.55417528|8.0|48.0|48.0|120.0|120.0|272.0|272.0|272.0|272.0
UTNTSkyEdge_tnt01_12966_0_terrain_1_1|12966|0|2|2389|2399|2752.0|4576.0|2848.0|4608.0|2799.8418861169916|4592.4743416490255|120.0|120.0|120.0|QROCK3|XA02TEX|1.0|1.0|0.0|0.0|8|gravel|-|SG000202|-|79|1|1|2399|XA02TEX|-|1.0|1.0|0.0|0.0|0.0|QROCK3X8|-|1.0|1.0|174.55417528|8.0|48.0|48.0|120.0|120.0|272.0|272.0|272.0|272.0
UTNTSkyEdge_tnt01_12966_0_terrain_2_1|12966|0|2|2389|2389|2752.0|4576.0|2848.0|4608.0|2800.1581138830084|4591.5256583509745|48.0|48.0|48.0|QROCK3|XA02TEX|1.0|1.0|0.0|0.0|5|gravel|-|SG000204|-|78|2|1|2389|XA02TEX|-|1.0|1.0|0.0|0.0|0.0|QROCK3X8|-|1.0|1.0|174.55417528|8.0|48.0|48.0|120.0|120.0|272.0|272.0|272.0|272.0
UTNTSkyEdge_tnt01_12968_0_terrain_1_0|12968|0|2|2390|2399|2848.0|4608.0|2944.0|4576.0|2895.8418861169916|4591.5256583509745|120.0|120.0|120.0|QROCK3|QROCK3X8|1.0|1.0|92.0|8.0|2.56|rock|-|SG000205|-|80|1|0|2399|XA02TEX|-|1.0|1.0|0.0|0.0|0.0|QROCK3X8|-|1.0|1.0|92.0|8.0|104.0|104.0|120.0|120.0|272.0|272.0|272.0|272.0
UTNTSkyEdge_tnt01_12968_0_terrain_1_1|12968|0|2|2390|2399|2848.0|4608.0|2944.0|4576.0|2896.1581138830084|4592.4743416490255|120.0|120.0|120.0|QROCK3|XA02TEX|1.0|1.0|0.0|0.0|2.56|gravel|-|SG000202|-|79|1|1|2399|XA02TEX|-|1.0|1.0|0.0|0.0|0.0|QROCK3X8|-|1.0|1.0|92.0|8.0|104.0|104.0|120.0|120.0|272.0|272.0|272.0|272.0
UTNTSkyEdge_tnt01_12969_1_terrain_1_0|12969|1|2|2389|2392|2880.0|4416.0|2752.0|4448.0|2816.121267812518|4432.485071250073|64.0|64.0|64.0|QROCK3|QROCK3X8|1.0|1.0|89.0|64.0|2.56|rock|-|SG000203|-|78|1|0|2392|XA02TEX|-|1.0|1.0|0.0|0.0|0.0|QROCK3X8|-|1.0|1.0|89.0|64.0|48.0|48.0|64.0|64.0|272.0|272.0|272.0|272.0
UTNTSkyEdge_tnt01_12969_1_terrain_1_1|12969|1|2|2389|2392|2880.0|4416.0|2752.0|4448.0|2815.878732187482|4431.514928749927|64.0|64.0|64.0|QROCK3|XA02TEX|1.0|1.0|0.0|0.0|2.56|gravel|-|SG000199|-|77|1|1|2392|XA02TEX|-|1.0|1.0|0.0|0.0|0.0|QROCK3X8|-|1.0|1.0|89.0|64.0|48.0|48.0|64.0|64.0|272.0|272.0|272.0|272.0
UTNTSkyEdge_tnt01_12970_1_terrain_1_0|12970|1|2|2389|2390|2880.0|4512.0|2880.0|4416.0|2879.5|4464.0|104.0|104.0|104.0|QROCK3|QROCK3X8|1.0|1.0|121.192885125|24.0|8|rock|-|SG000203|-|78|1|0|2390|XA02TEX|-|1.0|1.0|0.0|0.0|0.0|QROCK3X8|-|1.0|1.0|121.192885125|24.0|48.0|48.0|104.0|104.0|272.0|272.0|272.0|272.0
UTNTSkyEdge_tnt01_12970_1_terrain_1_1|12970|1|2|2389|2390|2880.0|4512.0|2880.0|4416.0|2880.5|4464.0|104.0|104.0|104.0|QROCK3|XA02TEX|1.0|1.0|0.0|0.0|8|gravel|-|SG000206|-|80|1|1|2390|XA02TEX|-|1.0|1.0|0.0|0.0|0.0|QROCK3X8|-|1.0|1.0|121.192885125|24.0|48.0|48.0|104.0|104.0|272.0|272.0|272.0|272.0
UTNTSkyEdge_tnt01_12971_1_terrain_1_0|12971|1|2|2389|2390|2848.0|4608.0|2880.0|4512.0|2863.525658350975|4559.841886116991|104.0|104.0|104.0|QROCK3|QROCK3X8|1.0|1.0|20.0|24.0|8|rock|-|SG000203|-|78|1|0|2390|XA02TEX|-|1.0|1.0|0.0|0.0|0.0|QROCK3X8|-|1.0|1.0|20.0|24.0|48.0|48.0|104.0|104.0|272.0|272.0|272.0|272.0
UTNTSkyEdge_tnt01_12971_1_terrain_1_1|12971|1|2|2389|2390|2848.0|4608.0|2880.0|4512.0|2864.474341649025|4560.158113883009|104.0|104.0|104.0|QROCK3|XA02TEX|1.0|1.0|0.0|0.0|8|gravel|-|SG000206|-|80|1|1|2390|XA02TEX|-|1.0|1.0|0.0|0.0|0.0|QROCK3X8|-|1.0|1.0|20.0|24.0|48.0|48.0|104.0|104.0|272.0|272.0|272.0|272.0
UTNTSkyEdge_tnt01_12972_0_terrain_1_0|12972|0|2|2392|2390|2880.0|4416.0|2816.0|4352.0|2847.6464466094067|4384.353553390593|104.0|104.0|104.0|QROCK3|QROCK3X8|1.0|1.0|33.0|24.0|6.4|rock|-|SG000207|-|77|1|0|2390|XA02TEX|-|1.0|1.0|0.0|0.0|0.0|QROCK3X8|-|1.0|1.0|33.0|24.0|64.0|64.0|104.0|104.0|272.0|272.0|272.0|272.0
UTNTSkyEdge_tnt01_12972_0_terrain_1_1|12972|0|2|2392|2390|2880.0|4416.0|2816.0|4352.0|2848.3535533905933|4383.646446609407|104.0|104.0|104.0|QROCK3|XA02TEX|1.0|1.0|0.0|0.0|6.4|gravel|-|SG000206|-|80|1|1|2390|XA02TEX|-|1.0|1.0|0.0|0.0|0.0|QROCK3X8|-|1.0|1.0|33.0|24.0|64.0|64.0|104.0|104.0|272.0|272.0|272.0|272.0
UTNTSkyEdge_tnt01_12973_0_terrain_1_0|12973|0|2|2392|2390|2816.0|4352.0|2816.0|4256.0|2815.5|4304.0|104.0|104.0|104.0|QROCK3|QROCK3X8|1.0|1.0|123.509667992|24.0|6.4|rock|-|SG000207|-|77|1|0|2390|XA02TEX|-|1.0|1.0|0.0|0.0|0.0|QROCK3X8|-|1.0|1.0|123.509667992|24.0|64.0|64.0|104.0|104.0|272.0|272.0|272.0|272.0
UTNTSkyEdge_tnt01_12973_0_terrain_1_1|12973|0|2|2392|2390|2816.0|4352.0|2816.0|4256.0|2816.5|4304.0|104.0|104.0|104.0|QROCK3|XA02TEX|1.0|1.0|0.0|0.0|6.4|gravel|-|SG000206|-|80|1|1|2390|XA02TEX|-|1.0|1.0|0.0|0.0|0.0|QROCK3X8|-|1.0|1.0|123.509667992|24.0|64.0|64.0|104.0|104.0|272.0|272.0|272.0|272.0
UTNTSkyEdge_tnt01_12974_0_terrain_1_0|12974|0|2|2391|2390|2816.0|4256.0|2880.0|4192.0|2847.6464466094067|4223.646446609407|104.0|104.0|104.0|QROCK3|QROCK3X8|1.0|1.0|92.0|24.0|3.84|rock|-|SG000208|-|76|1|0|2390|XA02TEX|-|1.0|1.0|0.0|0.0|0.0|QROCK3X8|-|1.0|1.0|92.0|24.0|80.0|80.0|104.0|104.0|272.0|272.0|272.0|272.0
UTNTSkyEdge_tnt01_12974_0_terrain_1_1|12974|0|2|2391|2390|2816.0|4256.0|2880.0|4192.0|2848.3535533905933|4224.353553390593|104.0|104.0|104.0|QROCK3|XA02TEX|1.0|1.0|0.0|0.0|3.84|gravel|-|SG000206|-|80|1|1|2390|XA02TEX|-|1.0|1.0|0.0|0.0|0.0|QROCK3X8|-|1.0|1.0|92.0|24.0|80.0|80.0|104.0|104.0|272.0|272.0|272.0|272.0
UTNTSkyEdge_tnt01_12976_0_terrain_1_0|12976|0|2|2391|2390|2880.0|4192.0|2944.0|4192.0|2912.0|4191.5|104.0|104.0|104.0|QROCK3|QROCK3X8|1.0|1.0|182.509667992|24.0|3.84|rock|-|SG000208|-|76|1|0|2390|XA02TEX|-|1.0|1.0|0.0|0.0|0.0|QROCK3X8|-|1.0|1.0|182.509667992|24.0|80.0|80.0|104.0|104.0|272.0|272.0|272.0|272.0
UTNTSkyEdge_tnt01_12976_0_terrain_1_1|12976|0|2|2391|2390|2880.0|4192.0|2944.0|4192.0|2912.0|4192.5|104.0|104.0|104.0|QROCK3|XA02TEX|1.0|1.0|0.0|0.0|3.84|gravel|-|SG000206|-|80|1|1|2390|XA02TEX|-|1.0|1.0|0.0|0.0|0.0|QROCK3X8|-|1.0|1.0|182.509667992|24.0|80.0|80.0|104.0|104.0|272.0|272.0|272.0|272.0
UTNTSkyEdge_tnt01_12977_0_terrain_1_0|12977|0|2|2392|2391|2816.0|4256.0|2752.0|4192.0|2783.6464466094067|4224.353553390593|80.0|80.0|80.0|QROCK3|QROCK3X8|1.0|1.0|92.0|48.0|2.56|rock|-|SG000207|-|77|1|0|2391|XA02TEX|-|1.0|1.0|0.0|0.0|0.0|QROCK3X8|-|1.0|1.0|92.0|48.0|64.0|64.0|80.0|80.0|272.0|272.0|272.0|272.0
UTNTSkyEdge_tnt01_12977_0_terrain_1_1|12977|0|2|2392|2391|2816.0|4256.0|2752.0|4192.0|2784.3535533905933|4223.646446609407|80.0|80.0|80.0|QROCK3|XA02TEX|1.0|1.0|0.0|0.0|2.56|gravel|-|SG000197|-|76|1|1|2391|XA02TEX|-|1.0|1.0|0.0|0.0|0.0|QROCK3X8|-|1.0|1.0|92.0|48.0|64.0|64.0|80.0|80.0|272.0|272.0|272.0|272.0
UTNTSkyEdge_tnt01_12978_0_terrain_1_0|12978|0|2|2392|2391|2752.0|4192.0|2720.0|4128.0|2735.5527864045002|4160.22360679775|80.0|80.0|80.0|QROCK3|QROCK3X8|1.0|1.0|182.509667992|48.0|2.56|rock|-|SG000207|-|77|1|0|2391|XA02TEX|-|1.0|1.0|0.0|0.0|0.0|QROCK3X8|-|1.0|1.0|182.509667992|48.0|64.0|64.0|80.0|80.0|272.0|272.0|272.0|272.0
UTNTSkyEdge_tnt01_12978_0_terrain_1_1|12978|0|2|2392|2391|2752.0|4192.0|2720.0|4128.0|2736.4472135954998|4159.77639320225|80.0|80.0|80.0|QROCK3|XA02TEX|1.0|1.0|0.0|0.0|2.56|gravel|-|SG000197|-|76|1|1|2391|XA02TEX|-|1.0|1.0|0.0|0.0|0.0|QROCK3X8|-|1.0|1.0|182.509667992|48.0|64.0|64.0|80.0|80.0|272.0|272.0|272.0|272.0
UTNTSkyEdge_tnt01_12979_0_terrain_1_0|12979|0|2|2402|2391|2784.0|4032.0|2816.0|3968.0|2799.5527864045002|3999.77639320225|80.0|80.0|80.0|QROCK3|QROCK3X8|1.0|1.0|96.0|48.0|2.56|rock|-|SG000209|-|81|1|0|2391|XA02TEX|-|1.0|1.0|0.0|0.0|0.0|QROCK3X8|-|1.0|1.0|96.0|48.0|64.0|64.0|80.0|80.0|272.0|272.0|272.0|272.0
UTNTSkyEdge_tnt01_12979_0_terrain_1_1|12979|0|2|2402|2391|2784.0|4032.0|2816.0|3968.0|2800.4472135954998|4000.22360679775|80.0|80.0|80.0|QROCK3|XA02TEX|1.0|1.0|0.0|0.0|2.56|gravel|-|SG000197|-|76|1|1|2391|XA02TEX|-|1.0|1.0|0.0|0.0|0.0|QROCK3X8|-|1.0|1.0|96.0|48.0|64.0|64.0|80.0|80.0|272.0|272.0|272.0|272.0
UTNTSkyEdge_tnt01_12981_0_terrain_1_0|12981|0|2|2402|2391|2816.0|3968.0|2944.0|3936.0|2879.878732187482|3951.5149287499275|80.0|80.0|80.0|QROCK3|QROCK3X8|1.0|1.0|167.55417528|48.0|2.56|rock|-|SG000209|-|81|1|0|2391|XA02TEX|-|1.0|1.0|0.0|0.0|0.0|QROCK3X8|-|1.0|1.0|167.55417528|48.0|64.0|64.0|80.0|80.0|272.0|272.0|272.0|272.0
UTNTSkyEdge_tnt01_12981_0_terrain_1_1|12981|0|2|2402|2391|2816.0|3968.0|2944.0|3936.0|2880.121267812518|3952.4850712500725|80.0|80.0|80.0|QROCK3|XA02TEX|1.0|1.0|0.0|0.0|2.56|gravel|-|SG000197|-|76|1|1|2391|XA02TEX|-|1.0|1.0|0.0|0.0|0.0|QROCK3X8|-|1.0|1.0|167.55417528|48.0|64.0|64.0|80.0|80.0|272.0|272.0|272.0|272.0
UTNTSkyEdge_tnt01_12999_1_terrain_1_0|12999|1|2|2386|2396|1280.0|4672.0|1328.0|4720.0|1304.3535533905933|4695.646446609407|80.0|80.0|80.0|QROCK3|QROCK3X8|1.0|1.0|64.0|48.0|5.12|rock|-|SG000195|-|70|1|0|2396|XA02TEX|-|1.0|1.0|0.0|0.0|0.0|QROCK3X8|-|1.0|1.0|64.0|48.0|48.0|48.0|80.0|80.0|272.0|272.0|272.0|272.0
UTNTSkyEdge_tnt01_12999_1_terrain_1_1|12999|1|2|2386|2396|1280.0|4672.0|1328.0|4720.0|1303.6464466094067|4696.353553390593|80.0|80.0|80.0|QROCK3|XA02TEX|1.0|1.0|0.0|0.0|5.12|gravel|-|SG000196|-|75|1|1|2396|XA02TEX|-|1.0|1.0|0.0|0.0|0.0|QROCK3X8|-|1.0|1.0|64.0|48.0|48.0|48.0|80.0|80.0|272.0|272.0|272.0|272.0
UTNTSkyEdge_tnt01_13001_1_terrain_1_0|13001|1|2|2404|2386|1408.0|4640.0|1360.0|4688.0|1384.3535533905933|4664.353553390593|48.0|48.0|48.0|QROCK3|QROCK3X8|1.0|1.0|292.702553117|80.0|8|rock|-|SG000184|-|69|1|0|2386|XA02TEX|-|1.0|1.0|0.0|0.0|0.0|QROCK3X8|-|1.0|1.0|292.702553117|80.0|-80.0|-80.0|48.0|48.0|272.0|272.0|272.0|272.0
UTNTSkyEdge_tnt01_13001_1_terrain_1_1|13001|1|2|2404|2386|1408.0|4640.0|1360.0|4688.0|1383.6464466094067|4663.646446609407|48.0|48.0|48.0|QROCK3|XA02TEX|1.0|1.0|0.0|0.0|8|gravel|-|SG000185|-|70|1|1|2386|XA02TEX|-|1.0|1.0|0.0|0.0|0.0|QROCK3X8|-|1.0|1.0|292.702553117|80.0|-80.0|-80.0|48.0|48.0|272.0|272.0|272.0|272.0
UTNTSkyEdge_tnt01_13056_1_terrain_1_0|13056|1|2|2404|2402|2784.0|4032.0|2752.0|3952.0|2767.5357616545575|3992.185695338177|64.0|64.0|64.0|QROCK3|QROCK3X8|1.0|1.0|96.0|64.0|8|rock|-|SG000184|-|69|1|0|2402|XA02TEX|-|1.0|1.0|0.0|0.0|0.0|QROCK3X8|-|1.0|1.0|96.0|64.0|-80.0|-80.0|64.0|64.0|272.0|272.0|272.0|272.0
UTNTSkyEdge_tnt01_13056_1_terrain_1_1|13056|1|2|2404|2402|2784.0|4032.0|2752.0|3952.0|2768.4642383454425|3991.814304661823|64.0|64.0|64.0|QROCK3|XA02TEX|1.0|1.0|0.0|0.0|8|gravel|-|SG000210|-|81|1|1|2402|XA02TEX|-|1.0|1.0|0.0|0.0|0.0|QROCK3X8|-|1.0|1.0|96.0|64.0|-80.0|-80.0|64.0|64.0|272.0|272.0|272.0|272.0
UTNTSkyEdge_tnt01_14478_0_terrain_2_1|14478|0|1|2745|2745|7008.0|-5088.0|7024.0|-4992.0|7016.4931969619165|-5040.082199493652|416.0|416.0|416.0|QROCK3|QROCK3X8|1.0|1.0|0.0|0.0|14|rock|-|SG000211|-|8|2|1|2745|QROCK3X8|-|1.0|1.0|0.0|0.0|0.0|QROCK3X8|-|1.0|1.0|119.254833996|32.0|416.0|416.0|0|0|480.0|480.0|0|0
UTNTSkyEdge_tnt01_14676_1_terrain_1_0|14676|1|2|2693|2752|5952.0|-4800.0|5952.0|-4928.0|5951.5|-4864.0|365.09090909090907|336.0|394.1818181818182|QROCK3|QROCK3X8|1.0|1.0|718.664296758|48.0|14|rock|-|SG000073|-|54|1|0|2752|QROCK3X8|-|1.0|1.0|0.0|0.0|0.0|QROCK3X8|-|1.0|1.0|718.664296758|48.0|272.0|272.0|336.0|394.1818181818182|480.0|480.0|480.0|480.0
UTNTSkyEdge_tnt01_14676_1_terrain_1_1|14676|1|2|2693|2752|5952.0|-4800.0|5952.0|-4928.0|5952.5|-4864.0|365.09090909090907|336.0|394.1818181818182|QROCK3|QROCK3X8|1.0|1.0|0.0|0.0|14|rock|-|SG000212|-|82|1|1|2752|QROCK3X8|-|1.0|1.0|0.0|0.0|0.0|QROCK3X8|-|1.0|1.0|718.664296758|48.0|272.0|272.0|336.0|394.1818181818182|480.0|480.0|480.0|480.0
UTNTSkyEdge_tnt01_14677_1_terrain_1_0|14677|1|2|2693|2750|6016.0|-4768.0|5952.0|-4800.0|5983.77639320225|-4783.5527864045|356.0|376.0|336.0|QROCK3|QROCK3X8|1.0|1.0|647.110121478|48.0|14|rock|-|SG000073|-|54|1|0|2750|QROCK3X8|-|1.0|1.0|0.0|0.0|0.0|QROCK3X8|-|1.0|1.0|647.110121478|48.0|272.0|272.0|376.0|336.0|480.0|480.0|480.0|480.0
UTNTSkyEdge_tnt01_14677_1_terrain_1_1|14677|1|2|2693|2750|6016.0|-4768.0|5952.0|-4800.0|5984.22360679775|-4784.4472135955|356.0|376.0|336.0|QROCK3|QROCK3X8|1.0|1.0|0.0|0.0|14|rock|-|SG000213|-|83|1|1|2750|QROCK3X8|-|1.0|1.0|0.0|0.0|0.0|QROCK3X8|-|1.0|1.0|647.110121478|48.0|272.0|272.0|376.0|336.0|480.0|480.0|480.0|480.0
UTNTSkyEdge_tnt01_14678_1_terrain_1_0|14678|1|2|2693|2750|6016.0|-4736.0|6016.0|-4768.0|6015.5|-4752.0|372.0|368.0|376.0|QROCK3|QROCK3X8|1.0|1.0|615.110121478|48.0|14|rock|-|SG000073|-|54|1|0|2750|QROCK3X8|-|1.0|1.0|0.0|0.0|0.0|QROCK3X8|-|1.0|1.0|615.110121478|48.0|272.0|272.0|368.0|376.0|480.0|480.0|480.0|480.0
UTNTSkyEdge_tnt01_14678_1_terrain_1_1|14678|1|2|2693|2750|6016.0|-4736.0|6016.0|-4768.0|6016.5|-4752.0|372.0|368.0|376.0|QROCK3|QROCK3X8|1.0|1.0|0.0|0.0|14|rock|-|SG000213|-|83|1|1|2750|QROCK3X8|-|1.0|1.0|0.0|0.0|0.0|QROCK3X8|-|1.0|1.0|615.110121478|48.0|272.0|272.0|368.0|376.0|480.0|480.0|480.0|480.0
UTNTSkyEdge_tnt01_14679_1_terrain_1_0|14679|1|2|2693|2747|6080.0|-4608.0|6016.0|-4672.0|6047.646446609407|-4639.646446609407|349.3333333333333|362.6666666666667|336.0|QROCK3|QROCK3X8|1.0|1.0|460.600453486|48.0|14|rock|-|SG000073|-|54|1|0|2747|QROCK3X8|-|1.0|1.0|0.0|0.0|0.0|QROCK3X8|-|1.0|1.0|460.600453486|48.0|272.0|272.0|362.6666666666667|336.0|480.0|480.0|480.0|480.0
UTNTSkyEdge_tnt01_14679_1_terrain_1_1|14679|1|2|2693|2747|6080.0|-4608.0|6016.0|-4672.0|6048.353553390593|-4640.353553390593|349.3333333333333|362.6666666666667|336.0|QROCK3|QROCK3X8|1.0|1.0|0.0|0.0|14|rock|-|SG000076|-|57|1|1|2747|QROCK3X8|-|1.0|1.0|0.0|0.0|0.0|QROCK3X8|-|1.0|1.0|460.600453486|48.0|272.0|272.0|362.6666666666667|336.0|480.0|480.0|480.0|480.0
UTNTSkyEdge_tnt01_14680_1_terrain_1_0|14680|1|2|2693|2748|6208.0|-4576.0|6112.0|-4576.0|6160.0|-4575.5|336.0|336.0|336.0|QROCK3|QROCK3X8|1.0|1.0|319.34561949|48.0|14|rock|-|SG000073|-|54|1|0|2748|QROCK3X8|-|1.0|1.0|0.0|0.0|0.0|QROCK3X8|-|1.0|1.0|319.34561949|48.0|272.0|272.0|336.0|336.0|480.0|480.0|480.0|480.0
UTNTSkyEdge_tnt01_14680_1_terrain_1_1|14680|1|2|2693|2748|6208.0|-4576.0|6112.0|-4576.0|6160.0|-4576.5|336.0|336.0|336.0|QROCK3|QROCK3X8|1.0|1.0|0.0|0.0|14|rock|-|SG000077|-|58|1|1|2748|QROCK3X8|-|1.0|1.0|0.0|0.0|0.0|QROCK3X8|-|1.0|1.0|319.34561949|48.0|272.0|272.0|336.0|336.0|480.0|480.0|480.0|480.0
UTNTSkyEdge_tnt01_14681_1_terrain_1_0|14681|1|2|2693|2749|6272.0|-4672.0|6208.0|-4576.0|6240.4160251471685|-4623.722649901887|342.6666666666667|336.0|349.3333333333333|QROCK3|QROCK3X8|1.0|1.0|203.967978675|48.0|14|rock|-|SG000073|-|54|1|0|2749|QROCK3X8|-|1.0|1.0|0.0|0.0|0.0|QROCK3X8|-|1.0|1.0|203.967978675|48.0|272.0|272.0|336.0|349.3333333333333|480.0|480.0|480.0|480.0
UTNTSkyEdge_tnt01_14681_1_terrain_1_1|14681|1|2|2693|2749|6272.0|-4672.0|6208.0|-4576.0|6239.5839748528315|-4624.277350098113|342.6666666666667|336.0|349.3333333333333|QROCK3|QROCK3X8|1.0|1.0|0.0|0.0|14|rock|-|SG000214|-|84|1|1|2749|QROCK3X8|-|1.0|1.0|0.0|0.0|0.0|QROCK3X8|-|1.0|1.0|203.967978675|48.0|272.0|272.0|336.0|349.3333333333333|480.0|480.0|480.0|480.0
UTNTSkyEdge_tnt01_14682_1_terrain_1_0|14682|1|2|2693|2753|6240.0|-4800.0|6272.0|-4672.0|6256.485071250073|-4736.121267812518|364.57142857142856|336.0|393.14285714285717|QROCK3|QROCK3X8|1.0|1.0|72.028598655|48.0|14|rock|-|SG000073|-|54|1|0|2753|QROCK3X8|-|1.0|1.0|0.0|0.0|0.0|QROCK3X8|-|1.0|1.0|72.028598655|48.0|272.0|272.0|336.0|393.14285714285717|480.0|480.0|480.0|480.0
UTNTSkyEdge_tnt01_14682_1_terrain_1_1|14682|1|2|2693|2753|6240.0|-4800.0|6272.0|-4672.0|6255.514928749927|-4735.878732187482|364.57142857142856|336.0|393.14285714285717|QROCK3|QROCK3X8|1.0|1.0|0.0|0.0|14|rock|-|SG000215|-|85|1|1|2753|QROCK3X8|-|1.0|1.0|0.0|0.0|0.0|QROCK3X8|-|1.0|1.0|72.028598655|48.0|272.0|272.0|336.0|393.14285714285717|480.0|480.0|480.0|480.0
UTNTSkyEdge_tnt01_14683_1_terrain_1_0|14683|1|2|2693|422|6336.0|-4864.0|6240.0|-4800.0|6288.277350098113|-4831.5839748528315|336.0|336.0|336.0|QROCK3|QROCK3X8|1.0|1.0|980.65095784|48.0|14|rock|-|SG000073|-|54|1|0|422|QROCK3X8|-|1.0|1.0|0.0|0.0|0.0|QROCK3X8|-|1.0|1.0|980.65095784|48.0|272.0|272.0|336.0|336.0|480.0|480.0|480.0|480.0
UTNTSkyEdge_tnt01_14683_1_terrain_1_1|14683|1|2|2693|422|6336.0|-4864.0|6240.0|-4800.0|6287.722649901887|-4832.4160251471685|336.0|336.0|336.0|QROCK3|QROCK3X8|1.0|1.0|0.0|0.0|14|rock|-|SG000216|-|86|1|1|422|QROCK3X8|-|1.0|1.0|0.0|0.0|0.0|QROCK3X8|-|1.0|1.0|980.65095784|48.0|272.0|272.0|336.0|336.0|480.0|480.0|480.0|480.0
UTNTSkyEdge_tnt01_14684_1_terrain_1_0|14684|1|2|2693|344|6432.0|-4800.0|6336.0|-4864.0|6383.722649901887|-4831.5839748528315|336.0|336.0|336.0|QROCK3|QROCK3X8|1.0|1.0|865.273317026|48.0|14|rock|-|SG000073|-|54|1|0|344|QROCK3X8|-|1.0|1.0|0.0|0.0|0.0|QROCK3X8|-|1.0|1.0|865.273317026|48.0|272.0|272.0|336.0|336.0|480.0|480.0|480.0|480.0
UTNTSkyEdge_tnt01_14684_1_terrain_1_1|14684|1|2|2693|344|6432.0|-4800.0|6336.0|-4864.0|6384.277350098113|-4832.4160251471685|336.0|336.0|336.0|QROCK3|QROCK3X8|1.0|1.0|0.0|0.0|14|rock|-|SG000217|-|87|1|1|344|QROCK3X8|-|1.0|1.0|0.0|0.0|0.0|QROCK3X8|-|1.0|1.0|865.273317026|48.0|272.0|272.0|336.0|336.0|480.0|480.0|480.0|480.0
UTNTSkyEdge_tnt01_14685_1_terrain_1_0|14685|1|2|2693|344|6464.0|-4800.0|6432.0|-4800.0|6448.0|-4799.5|349.3333333333333|362.6666666666667|336.0|QROCK3|QROCK3X8|1.0|1.0|833.273317026|48.0|14|rock|-|SG000073|-|54|1|0|344|QROCK3X8|-|1.0|1.0|0.0|0.0|0.0|QROCK3X8|-|1.0|1.0|833.273317026|48.0|272.0|272.0|362.6666666666667|336.0|480.0|480.0|480.0|480.0
UTNTSkyEdge_tnt01_14685_1_terrain_1_1|14685|1|2|2693|344|6464.0|-4800.0|6432.0|-4800.0|6448.0|-4800.5|349.3333333333333|362.6666666666667|336.0|QROCK3|QROCK3X8|1.0|1.0|0.0|0.0|14|rock|-|SG000217|-|87|1|1|344|QROCK3X8|-|1.0|1.0|0.0|0.0|0.0|QROCK3X8|-|1.0|1.0|833.273317026|48.0|272.0|272.0|362.6666666666667|336.0|480.0|480.0|480.0|480.0
UTNTSkyEdge_tnt01_14686_1_terrain_1_0|14686|1|2|2693|347|6624.0|-4864.0|6528.0|-4800.0|6576.277350098113|-4831.5839748528315|354.1818181818182|372.3636363636364|336.0|QROCK3|QROCK3X8|1.0|1.0|653.895676211|48.0|14|rock|-|SG000073|-|54|1|0|347|QROCK3X8|-|1.0|1.0|0.0|0.0|0.0|QROCK3X8|-|1.0|1.0|653.895676211|48.0|272.0|272.0|372.3636363636364|336.0|480.0|480.0|480.0|480.0
UTNTSkyEdge_tnt01_14686_1_terrain_1_1|14686|1|2|2693|347|6624.0|-4864.0|6528.0|-4800.0|6575.722649901887|-4832.4160251471685|354.1818181818182|372.3636363636364|336.0|QROCK3|QROCK3X8|1.0|1.0|0.0|0.0|14|rock|-|SG000074|-|55|1|1|347|QROCK3X8|-|1.0|1.0|0.0|0.0|0.0|QROCK3X8|-|1.0|1.0|653.895676211|48.0|272.0|272.0|372.3636363636364|336.0|480.0|480.0|480.0|480.0
UTNTSkyEdge_tnt01_14687_1_terrain_1_0|14687|1|2|2693|351|6720.0|-4800.0|6624.0|-4864.0|6671.722649901887|-4831.5839748528315|341.7142857142857|336.0|347.42857142857144|QROCK3|QROCK3X8|1.0|1.0|538.518035396|48.0|14|rock|-|SG000073|-|54|1|0|351|QROCK3X8|-|1.0|1.0|0.0|0.0|0.0|QROCK3X8|-|1.0|1.0|538.518035396|48.0|272.0|272.0|336.0|347.42857142857144|480.0|480.0|480.0|480.0
UTNTSkyEdge_tnt01_14687_1_terrain_1_1|14687|1|2|2693|351|6720.0|-4800.0|6624.0|-4864.0|6672.277350098113|-4832.4160251471685|341.7142857142857|336.0|347.42857142857144|QROCK3|QROCK3X8|1.0|1.0|0.0|0.0|14|rock|-|SG000218|-|88|1|1|351|QROCK3X8|-|1.0|1.0|0.0|0.0|0.0|QROCK3X8|-|1.0|1.0|538.518035396|48.0|272.0|272.0|336.0|347.42857142857144|480.0|480.0|480.0|480.0
UTNTSkyEdge_tnt01_14688_1_terrain_1_0|14688|1|2|2693|349|6816.0|-4768.0|6720.0|-4800.0|6767.841886116991|-4783.5256583509745|338.85714285714283|336.0|341.7142857142857|QROCK3|QROCK3X8|1.0|1.0|437.325150271|48.0|14|rock|-|SG000073|-|54|1|0|349|QROCK3X8|-|1.0|1.0|0.0|0.0|0.0|QROCK3X8|-|1.0|1.0|437.325150271|48.0|272.0|272.0|336.0|341.7142857142857|480.0|480.0|480.0|480.0
UTNTSkyEdge_tnt01_14688_1_terrain_1_1|14688|1|2|2693|349|6816.0|-4768.0|6720.0|-4800.0|6768.158113883009|-4784.4743416490255|338.85714285714283|336.0|341.7142857142857|QROCK3|QROCK3X8|1.0|1.0|0.0|0.0|14|rock|-|SG000219|-|89|1|1|349|QROCK3X8|-|1.0|1.0|0.0|0.0|0.0|QROCK3X8|-|1.0|1.0|437.325150271|48.0|272.0|272.0|336.0|341.7142857142857|480.0|480.0|480.0|480.0
UTNTSkyEdge_tnt01_14689_1_terrain_1_0|14689|1|2|2693|352|6880.0|-4768.0|6816.0|-4768.0|6848.0|-4767.5|352.0|368.0|336.0|QROCK3|QROCK3X8|1.0|1.0|373.325150271|48.0|14|rock|-|SG000073|-|54|1|0|352|QROCK3X8|-|1.0|1.0|0.0|0.0|0.0|QROCK3X8|-|1.0|1.0|373.325150271|48.0|272.0|272.0|368.0|336.0|480.0|480.0|480.0|480.0
UTNTSkyEdge_tnt01_14689_1_terrain_1_1|14689|1|2|2693|352|6880.0|-4768.0|6816.0|-4768.0|6848.0|-4768.5|352.0|368.0|336.0|QROCK3|QROCK3X8|1.0|1.0|0.0|0.0|14|rock|-|SG000072|-|53|1|1|352|QROCK3X8|-|1.0|1.0|0.0|0.0|0.0|QROCK3X8|-|1.0|1.0|373.325150271|48.0|272.0|272.0|368.0|336.0|480.0|480.0|480.0|480.0
UTNTSkyEdge_tnt01_14690_1_terrain_1_0|14690|1|2|2693|350|6912.0|-4640.0|6880.0|-4768.0|6895.514928749927|-4703.878732187482|356.0|376.0|336.0|QROCK3|QROCK3X8|1.0|1.0|241.385770251|48.0|14|rock|-|SG000073|-|54|1|0|350|QROCK3X8|-|1.0|1.0|0.0|0.0|0.0|QROCK3X8|-|1.0|1.0|241.385770251|48.0|272.0|272.0|376.0|336.0|480.0|480.0|480.0|480.0
UTNTSkyEdge_tnt01_14690_1_terrain_1_1|14690|1|2|2693|350|6912.0|-4640.0|6880.0|-4768.0|6896.485071250073|-4704.121267812518|356.0|376.0|336.0|QROCK3|QROCK3X8|1.0|1.0|0.0|0.0|14|rock|-|SG000220|-|52|1|1|350|QROCK3X8|-|1.0|1.0|0.0|0.0|0.0|QROCK3X8|-|1.0|1.0|241.385770251|48.0|272.0|272.0|376.0|336.0|480.0|480.0|480.0|480.0
UTNTSkyEdge_tnt01_14691_1_terrain_1_0|14691|1|2|2693|355|6880.0|-4544.0|6912.0|-4640.0|6895.5256583509745|-4592.158113883009|364.57142857142856|336.0|393.14285714285717|QROCK3|QROCK3X8|1.0|1.0|140.192885125|48.0|14|rock|-|SG000073|-|54|1|0|355|QROCK3X8|-|1.0|1.0|0.0|0.0|0.0|QROCK3X8|-|1.0|1.0|140.192885125|48.0|272.0|272.0|336.0|393.14285714285717|480.0|480.0|480.0|480.0
UTNTSkyEdge_tnt01_14691_1_terrain_1_1|14691|1|2|2693|355|6880.0|-4544.0|6912.0|-4640.0|6896.4743416490255|-4591.841886116991|364.57142857142856|336.0|393.14285714285717|QROCK3|QROCK3X8|1.0|1.0|0.0|0.0|14|rock|-|SG000221|-|90|1|1|355|QROCK3X8|-|1.0|1.0|0.0|0.0|0.0|QROCK3X8|-|1.0|1.0|140.192885125|48.0|272.0|272.0|336.0|393.14285714285717|480.0|480.0|480.0|480.0
UTNTSkyEdge_tnt01_14692_1_terrain_1_0|14692|1|2|2693|355|6976.0|-4512.0|6880.0|-4544.0|6927.841886116991|-4527.5256583509745|336.0|336.0|336.0|QROCK3|QROCK3X8|1.0|1.0|39.0|48.0|14|rock|-|SG000073|-|54|1|0|355|QROCK3X8|-|1.0|1.0|0.0|0.0|0.0|QROCK3X8|-|1.0|1.0|39.0|48.0|272.0|272.0|336.0|336.0|480.0|480.0|480.0|480.0
UTNTSkyEdge_tnt01_14692_1_terrain_1_1|14692|1|2|2693|355|6976.0|-4512.0|6880.0|-4544.0|6928.158113883009|-4528.4743416490255|336.0|336.0|336.0|QROCK3|QROCK3X8|1.0|1.0|0.0|0.0|14|rock|-|SG000221|-|90|1|1|355|QROCK3X8|-|1.0|1.0|0.0|0.0|0.0|QROCK3X8|-|1.0|1.0|39.0|48.0|272.0|272.0|336.0|336.0|480.0|480.0|480.0|480.0
UTNTSkyEdge_tnt01_14694_1_terrain_1_0|14694|1|2|2693|354|7104.0|-4576.0|7040.0|-4512.0|7072.353553390593|-4543.646446609407|356.0|336.0|376.0|QROCK3|QROCK3X8|1.0|1.0|396.264653848|176.0|14|rock|-|SG000073|-|54|1|0|354|QROCK3X8|-|1.0|1.0|0.0|0.0|0.0|QROCK3X8|-|1.0|1.0|396.264653848|176.0|272.0|272.0|336.0|376.0|480.0|480.0|480.0|480.0
UTNTSkyEdge_tnt01_14694_1_terrain_1_1|14694|1|2|2693|354|7104.0|-4576.0|7040.0|-4512.0|7071.646446609407|-4544.353553390593|356.0|336.0|376.0|QROCK3|QROCK3X8|1.0|1.0|0.0|0.0|14|rock|-|SG000222|-|91|1|1|354|QROCK3X8|-|1.0|1.0|0.0|0.0|0.0|QROCK3X8|-|1.0|1.0|396.264653848|176.0|272.0|272.0|336.0|376.0|480.0|480.0|480.0|480.0
UTNTSkyEdge_tnt01_14695_1_terrain_1_0|14695|1|2|2693|354|7072.0|-4704.0|7104.0|-4576.0|7088.485071250073|-4640.121267812518|371.0|406.0|336.0|QROCK3|QROCK3X8|1.0|1.0|264.325273828|176.0|14|rock|-|SG000073|-|54|1|0|354|QROCK3X8|-|1.0|1.0|0.0|0.0|0.0|QROCK3X8|-|1.0|1.0|264.325273828|176.0|272.0|272.0|406.0|336.0|480.0|480.0|480.0|480.0
UTNTSkyEdge_tnt01_14695_1_terrain_1_1|14695|1|2|2693|354|7072.0|-4704.0|7104.0|-4576.0|7087.514928749927|-4639.878732187482|371.0|406.0|336.0|QROCK3|QROCK3X8|1.0|1.0|0.0|0.0|14|rock|-|SG000222|-|91|1|1|354|QROCK3X8|-|1.0|1.0|0.0|0.0|0.0|QROCK3X8|-|1.0|1.0|264.325273828|176.0|272.0|272.0|406.0|336.0|480.0|480.0|480.0|480.0
UTNTSkyEdge_tnt01_14696_1_terrain_1_0|14696|1|2|2693|348|7136.0|-4864.0|7072.0|-4704.0|7104.464238345443|-4783.814304661823|379.3333333333333|336.0|422.6666666666667|QROCK3|QROCK3X8|1.0|1.0|92.0|176.0|14|rock|-|SG000073|-|54|1|0|348|QROCK3X8|-|1.0|1.0|0.0|0.0|0.0|QROCK3X8|-|1.0|1.0|92.0|176.0|272.0|272.0|336.0|422.6666666666667|480.0|480.0|480.0|480.0
UTNTSkyEdge_tnt01_14696_1_terrain_1_1|14696|1|2|2693|348|7136.0|-4864.0|7072.0|-4704.0|7103.535761654557|-4784.185695338177|379.3333333333333|336.0|422.6666666666667|QROCK3|QROCK3X8|1.0|1.0|0.0|0.0|14|rock|-|SG000223|-|92|1|1|348|QROCK3X8|-|1.0|1.0|0.0|0.0|0.0|QROCK3X8|-|1.0|1.0|92.0|176.0|272.0|272.0|336.0|422.6666666666667|480.0|480.0|480.0|480.0
UTNTSkyEdge_tnt01_14697_1_terrain_1_0|14697|1|2|2693|346|7136.0|-4960.0|7136.0|-4864.0|7136.5|-4912.0|349.3333333333333|362.6666666666667|336.0|QROCK3|QROCK3X8|1.0|1.0|251.931816095|48.0|14|rock|-|SG000073|-|54|1|0|346|QROCK3X8|-|1.0|1.0|0.0|0.0|0.0|QROCK3X8|-|1.0|1.0|251.931816095|48.0|272.0|272.0|362.6666666666667|336.0|480.0|480.0|480.0|480.0
UTNTSkyEdge_tnt01_14697_1_terrain_1_1|14697|1|2|2693|346|7136.0|-4960.0|7136.0|-4864.0|7135.5|-4912.0|349.3333333333333|362.6666666666667|336.0|QROCK3|QROCK3X8|1.0|1.0|0.0|0.0|14|rock|-|SG000224|-|93|1|1|346|QROCK3X8|-|1.0|1.0|0.0|0.0|0.0|QROCK3X8|-|1.0|1.0|251.931816095|48.0|272.0|272.0|362.6666666666667|336.0|480.0|480.0|480.0|480.0
UTNTSkyEdge_tnt01_14698_1_terrain_1_0|14698|1|2|2693|345|7104.0|-5024.0|7136.0|-4960.0|7120.4472135955|-4992.22360679775|342.6666666666667|349.3333333333333|336.0|QROCK3|QROCK3X8|1.0|1.0|180.377640815|48.0|14|rock|-|SG000073|-|54|1|0|345|QROCK3X8|-|1.0|1.0|0.0|0.0|0.0|QROCK3X8|-|1.0|1.0|180.377640815|48.0|272.0|272.0|349.3333333333333|336.0|480.0|480.0|480.0|480.0
UTNTSkyEdge_tnt01_14698_1_terrain_1_1|14698|1|2|2693|345|7104.0|-5024.0|7136.0|-4960.0|7119.5527864045|-4991.77639320225|342.6666666666667|349.3333333333333|336.0|QROCK3|QROCK3X8|1.0|1.0|0.0|0.0|14|rock|-|SG000225|-|94|1|1|345|QROCK3X8|-|1.0|1.0|0.0|0.0|0.0|QROCK3X8|-|1.0|1.0|180.377640815|48.0|272.0|272.0|349.3333333333333|336.0|480.0|480.0|480.0|480.0
UTNTSkyEdge_tnt01_14699_1_terrain_1_0|14699|1|2|2693|2746|7168.0|-5120.0|7104.0|-5024.0|7136.4160251471685|-5071.722649901887|349.3333333333333|362.6666666666667|336.0|QROCK3|QROCK3X8|1.0|1.0|65.0|48.0|14|rock|-|SG000073|-|54|1|0|2746|QROCK3X8|-|1.0|1.0|0.0|0.0|0.0|QROCK3X8|-|1.0|1.0|65.0|48.0|272.0|272.0|362.6666666666667|336.0|480.0|480.0|480.0|480.0
UTNTSkyEdge_tnt01_14699_1_terrain_1_1|14699|1|2|2693|2746|7168.0|-5120.0|7104.0|-5024.0|7135.5839748528315|-5072.277350098113|349.3333333333333|362.6666666666667|336.0|QROCK3|QROCK3X8|1.0|1.0|0.0|0.0|14|rock|-|SG000226|-|95|1|1|2746|QROCK3X8|-|1.0|1.0|0.0|0.0|0.0|QROCK3X8|-|1.0|1.0|65.0|48.0|272.0|272.0|362.6666666666667|336.0|480.0|480.0|480.0|480.0
UTNTSkyEdge_tnt01_14700_1_terrain_1_0|14700|1|2|2693|2751|5952.0|-4928.0|5920.0|-4960.0|5935.646446609407|-4943.646446609407|376.0|389.3333333333333|362.6666666666667|QROCK3|QROCK3X8|1.0|1.0|846.664296758|48.0|14|rock|-|SG000073|-|54|1|0|2751|QROCK3X8|-|1.0|1.0|0.0|0.0|0.0|QROCK3X8|-|1.0|1.0|846.664296758|48.0|272.0|272.0|389.3333333333333|362.6666666666667|480.0|480.0|480.0|480.0
UTNTSkyEdge_tnt01_14700_1_terrain_1_1|14700|1|2|2693|2751|5952.0|-4928.0|5920.0|-4960.0|5936.353553390593|-4944.353553390593|376.0|389.3333333333333|362.6666666666667|QROCK3|QROCK3X8|1.0|1.0|0.0|0.0|14|rock|-|SG000227|-|96|1|1|2751|QROCK3X8|-|1.0|1.0|0.0|0.0|0.0|QROCK3X8|-|1.0|1.0|846.664296758|48.0|272.0|272.0|389.3333333333333|362.6666666666667|480.0|480.0|480.0|480.0
UTNTSkyEdge_tnt01_14701_1_terrain_1_0|14701|1|2|2693|2751|5920.0|-4960.0|5888.0|-5120.0|5903.509709662155|-5039.901941932431|349.3333333333333|362.6666666666667|336.0|QROCK3|QROCK3X8|1.0|1.0|891.919130754|48.0|14|rock|-|SG000073|-|54|1|0|2751|QROCK3X8|-|1.0|1.0|0.0|0.0|0.0|QROCK3X8|-|1.0|1.0|891.919130754|48.0|272.0|272.0|362.6666666666667|336.0|480.0|480.0|480.0|480.0
UTNTSkyEdge_tnt01_14701_1_terrain_1_1|14701|1|2|2693|2751|5920.0|-4960.0|5888.0|-5120.0|5904.490290337845|-5040.098058067569|349.3333333333333|362.6666666666667|336.0|QROCK3|QROCK3X8|1.0|1.0|0.0|0.0|14|rock|-|SG000227|-|96|1|1|2751|QROCK3X8|-|1.0|1.0|0.0|0.0|0.0|QROCK3X8|-|1.0|1.0|891.919130754|48.0|272.0|272.0|362.6666666666667|336.0|480.0|480.0|480.0|480.0
UTNTSkyEdge_tnt01_19749_0_terrain_1_0|19749|0|2|3667|849|-3424.0|480.0|-3488.0|576.0|-3455.583974852831|528.2773500981126|-8.0|-8.0|-8.0|RROCK19|XA35TEX|1.0|1.0|64.0|8.0|3.2|soil|-|SG000228|-|97|1|0|849|XA35TEX|-|1.0|1.0|0.0|0.0|0.0|XA35TEX|-|1.0|1.0|64.0|8.0|-16.0|-16.0|-8.0|-8.0|640.0|640.0|640.0|640.0
UTNTSkyEdge_tnt01_19749_0_terrain_1_1|19749|0|2|3667|849|-3424.0|480.0|-3488.0|576.0|-3456.416025147169|527.7226499018874|-8.0|-8.0|-8.0|RROCK19|XA35TEX|1.0|1.0|0.0|0.0|3.2|soil|-|SG000229|-|98|1|1|849|XA35TEX|-|1.0|1.0|0.0|0.0|0.0|XA35TEX|-|1.0|1.0|64.0|8.0|-16.0|-16.0|-8.0|-8.0|640.0|640.0|640.0|640.0
UTNTSkyEdge_tnt01_19750_0_terrain_1_0|19750|0|2|3667|849|-3488.0|576.0|-3552.0|640.0|-3519.6464466094067|608.3535533905932|-8.0|-8.0|-8.0|RROCK19|XA35TEX|1.0|1.0|179.377640815|8.0|3.2|soil|-|SG000228|-|97|1|0|849|XA35TEX|-|1.0|1.0|0.0|0.0|0.0|XA35TEX|-|1.0|1.0|179.377640815|8.0|-16.0|-16.0|-8.0|-8.0|640.0|640.0|640.0|640.0
UTNTSkyEdge_tnt01_19750_0_terrain_1_1|19750|0|2|3667|849|-3488.0|576.0|-3552.0|640.0|-3520.3535533905933|607.6464466094068|-8.0|-8.0|-8.0|RROCK19|XA35TEX|1.0|1.0|0.0|0.0|3.2|soil|-|SG000229|-|98|1|1|849|XA35TEX|-|1.0|1.0|0.0|0.0|0.0|XA35TEX|-|1.0|1.0|179.377640815|8.0|-16.0|-16.0|-8.0|-8.0|640.0|640.0|640.0|640.0
UTNTSkyEdge_tnt01_19751_0_terrain_1_0|19751|0|2|3667|849|-3552.0|640.0|-3520.0|736.0|-3535.525658350975|687.8418861169915|-8.0|-8.0|-8.0|RROCK19|XA35TEX|1.0|1.0|269.887308807|8.0|3.2|soil|-|SG000228|-|97|1|0|849|XA35TEX|-|1.0|1.0|0.0|0.0|0.0|XA35TEX|-|1.0|1.0|269.887308807|8.0|-16.0|-16.0|-8.0|-8.0|640.0|640.0|640.0|640.0
UTNTSkyEdge_tnt01_19751_0_terrain_1_1|19751|0|2|3667|849|-3552.0|640.0|-3520.0|736.0|-3536.474341649025|688.1581138830085|-8.0|-8.0|-8.0|RROCK19|XA35TEX|1.0|1.0|0.0|0.0|3.2|soil|-|SG000229|-|98|1|1|849|XA35TEX|-|1.0|1.0|0.0|0.0|0.0|XA35TEX|-|1.0|1.0|269.887308807|8.0|-16.0|-16.0|-8.0|-8.0|640.0|640.0|640.0|640.0
UTNTSkyEdge_tnt01_19752_0_terrain_1_0|19752|0|2|3667|849|-3520.0|736.0|-3392.0|832.0|-3455.7|783.6|-8.0|-8.0|-8.0|RROCK19|XA35TEX|1.0|1.0|371.080193932|8.0|3.2|soil|-|SG000228|-|97|1|0|849|XA35TEX|-|1.0|1.0|0.0|0.0|0.0|XA35TEX|-|1.0|1.0|371.080193932|8.0|-16.0|-16.0|-8.0|-8.0|640.0|640.0|640.0|640.0
UTNTSkyEdge_tnt01_19752_0_terrain_1_1|19752|0|2|3667|849|-3520.0|736.0|-3392.0|832.0|-3456.3|784.4|-8.0|-8.0|-8.0|RROCK19|XA35TEX|1.0|1.0|0.0|0.0|3.2|soil|-|SG000229|-|98|1|1|849|XA35TEX|-|1.0|1.0|0.0|0.0|0.0|XA35TEX|-|1.0|1.0|371.080193932|8.0|-16.0|-16.0|-8.0|-8.0|640.0|640.0|640.0|640.0
UTNTSkyEdge_tnt01_19753_0_terrain_1_0|19753|0|2|3667|849|-3392.0|832.0|-3296.0|928.0|-3343.6464466094067|879.6464466094068|-8.0|-8.0|-8.0|RROCK19|XA35TEX|1.0|1.0|19.080193932|8.0|3.2|soil|-|SG000228|-|97|1|0|849|XA35TEX|-|1.0|1.0|0.0|0.0|0.0|XA35TEX|-|1.0|1.0|19.080193932|8.0|-16.0|-16.0|-8.0|-8.0|640.0|640.0|640.0|640.0
UTNTSkyEdge_tnt01_19753_0_terrain_1_1|19753|0|2|3667|849|-3392.0|832.0|-3296.0|928.0|-3344.3535533905933|880.3535533905932|-8.0|-8.0|-8.0|RROCK19|XA35TEX|1.0|1.0|0.0|0.0|3.2|soil|-|SG000229|-|98|1|1|849|XA35TEX|-|1.0|1.0|0.0|0.0|0.0|XA35TEX|-|1.0|1.0|19.080193932|8.0|-16.0|-16.0|-8.0|-8.0|640.0|640.0|640.0|640.0
UTNTSkyEdge_tnt01_19754_0_terrain_1_0|19754|0|2|3667|849|-3296.0|928.0|-3200.0|896.0|-3248.1581138830084|911.5256583509747|-8.0|-8.0|-8.0|RROCK19|XA35TEX|1.0|1.0|154.84469592|8.0|3.2|soil|-|SG000228|-|97|1|0|849|XA35TEX|-|1.0|1.0|0.0|0.0|0.0|XA35TEX|-|1.0|1.0|154.84469592|8.0|-16.0|-16.0|-8.0|-8.0|640.0|640.0|640.0|640.0
UTNTSkyEdge_tnt01_19754_0_terrain_1_1|19754|0|2|3667|849|-3296.0|928.0|-3200.0|896.0|-3247.8418861169916|912.4743416490253|-8.0|-8.0|-8.0|RROCK19|XA35TEX|1.0|1.0|0.0|0.0|3.2|soil|-|SG000229|-|98|1|1|849|XA35TEX|-|1.0|1.0|0.0|0.0|0.0|XA35TEX|-|1.0|1.0|154.84469592|8.0|-16.0|-16.0|-8.0|-8.0|640.0|640.0|640.0|640.0
UTNTSkyEdge_tnt01_19755_0_terrain_1_0|19755|0|2|3667|849|-3200.0|896.0|-3168.0|800.0|-3184.474341649025|847.8418861169915|-8.0|-8.0|-8.0|RROCK19|XA35TEX|1.0|1.0|256.037581045|8.0|3.2|soil|-|SG000228|-|97|1|0|849|XA35TEX|-|1.0|1.0|0.0|0.0|0.0|XA35TEX|-|1.0|1.0|256.037581045|8.0|-16.0|-16.0|-8.0|-8.0|640.0|640.0|640.0|640.0
UTNTSkyEdge_tnt01_19755_0_terrain_1_1|19755|0|2|3667|849|-3200.0|896.0|-3168.0|800.0|-3183.525658350975|848.1581138830085|-8.0|-8.0|-8.0|RROCK19|XA35TEX|1.0|1.0|0.0|0.0|3.2|soil|-|SG000229|-|98|1|1|849|XA35TEX|-|1.0|1.0|0.0|0.0|0.0|XA35TEX|-|1.0|1.0|256.037581045|8.0|-16.0|-16.0|-8.0|-8.0|640.0|640.0|640.0|640.0
UTNTSkyEdge_tnt01_19756_0_terrain_1_0|19756|0|2|3667|849|-3168.0|800.0|-3232.0|704.0|-3200.416025147169|752.2773500981126|-8.0|-8.0|-8.0|RROCK19|XA35TEX|1.0|1.0|357.230466171|8.0|3.2|soil|-|SG000228|-|97|1|0|849|XA35TEX|-|1.0|1.0|0.0|0.0|0.0|XA35TEX|-|1.0|1.0|357.230466171|8.0|-16.0|-16.0|-8.0|-8.0|640.0|640.0|640.0|640.0
UTNTSkyEdge_tnt01_19756_0_terrain_1_1|19756|0|2|3667|849|-3168.0|800.0|-3232.0|704.0|-3199.583974852831|751.7226499018874|-8.0|-8.0|-8.0|RROCK19|XA35TEX|1.0|1.0|0.0|0.0|3.2|soil|-|SG000229|-|98|1|1|849|XA35TEX|-|1.0|1.0|0.0|0.0|0.0|XA35TEX|-|1.0|1.0|357.230466171|8.0|-16.0|-16.0|-8.0|-8.0|640.0|640.0|640.0|640.0
UTNTSkyEdge_tnt01_19757_0_terrain_1_0|19757|0|2|3667|849|-3232.0|704.0|-3328.0|576.0|-3280.4|640.3|-8.0|-8.0|-8.0|RROCK19|XA35TEX|1.0|1.0|472.608106986|8.0|3.2|soil|-|SG000228|-|97|1|0|849|XA35TEX|-|1.0|1.0|0.0|0.0|0.0|XA35TEX|-|1.0|1.0|472.608106986|8.0|-16.0|-16.0|-8.0|-8.0|640.0|640.0|640.0|640.0
UTNTSkyEdge_tnt01_19757_0_terrain_1_1|19757|0|2|3667|849|-3232.0|704.0|-3328.0|576.0|-3279.6|639.7|-8.0|-8.0|-8.0|RROCK19|XA35TEX|1.0|1.0|0.0|0.0|3.2|soil|-|SG000229|-|98|1|1|849|XA35TEX|-|1.0|1.0|0.0|0.0|0.0|XA35TEX|-|1.0|1.0|472.608106986|8.0|-16.0|-16.0|-8.0|-8.0|640.0|640.0|640.0|640.0
UTNTSkyEdge_tnt01_19758_0_terrain_1_0|19758|0|2|3667|849|-3360.0|480.0|-3424.0|480.0|-3392.0|480.5|-8.0|-8.0|-8.0|RROCK19|XA35TEX|1.0|1.0|0.0|8.0|3.2|soil|-|SG000228|-|97|1|0|849|XA35TEX|-|1.0|1.0|0.0|0.0|0.0|XA35TEX|-|1.0|1.0|0.0|8.0|-16.0|-16.0|-8.0|-8.0|640.0|640.0|640.0|640.0
UTNTSkyEdge_tnt01_19758_0_terrain_1_1|19758|0|2|3667|849|-3360.0|480.0|-3424.0|480.0|-3392.0|479.5|-8.0|-8.0|-8.0|RROCK19|XA35TEX|1.0|1.0|0.0|0.0|3.2|soil|-|SG000229|-|98|1|1|849|XA35TEX|-|1.0|1.0|0.0|0.0|0.0|XA35TEX|-|1.0|1.0|0.0|8.0|-16.0|-16.0|-8.0|-8.0|640.0|640.0|640.0|640.0
UTNTSkyEdge_tnt01_19759_0_terrain_1_0|19759|0|2|3667|849|-3328.0|576.0|-3360.0|480.0|-3344.474341649025|528.1581138830085|-8.0|-8.0|-8.0|RROCK19|XA35TEX|1.0|1.0|120.608106986|8.0|3.2|soil|-|SG000228|-|97|1|0|849|XA35TEX|-|1.0|1.0|0.0|0.0|0.0|XA35TEX|-|1.0|1.0|120.608106986|8.0|-16.0|-16.0|-8.0|-8.0|640.0|640.0|640.0|640.0
UTNTSkyEdge_tnt01_19759_0_terrain_1_1|19759|0|2|3667|849|-3328.0|576.0|-3360.0|480.0|-3343.525658350975|527.8418861169915|-8.0|-8.0|-8.0|RROCK19|XA35TEX|1.0|1.0|0.0|0.0|3.2|soil|-|SG000229|-|98|1|1|849|XA35TEX|-|1.0|1.0|0.0|0.0|0.0|XA35TEX|-|1.0|1.0|120.608106986|8.0|-16.0|-16.0|-8.0|-8.0|640.0|640.0|640.0|640.0
