UTNTSkyEdge_tntle_4_0|4|0|1|2979|2979|256.0|-1792.0|-416.0|-1888.0|-80.07071067811866|-1839.5050252531694|384.0|384.0|384.0|QROCK3|QROCK3X8|1.0|1.0|313.770794814|0.0|22|rock|-|SG002121|-|1066
UTNTSkyEdge_tntle_5_0|5|0|1|2979|2979|-416.0|-1888.0|-432.0|-1936.0|-424.47434164902523|-1911.8418861169916|384.0|384.0|384.0|QROCK3|QROCK3X8|1.0|1.0|992.593304753|0.0|22|rock|-|SG002121|-|1066
UTNTSkyEdge_tntle_7_0|7|0|1|20|20|-256.0|-3328.0|-224.0|-3328.0|-240.0|-3328.5|384.0|384.0|384.0|QROCK3|QROCK3X8|1.0|1.0|101.0|0.0|22|rock|-|SG002122|-|1067
UTNTSkyEdge_tntle_11_0|11|0|0|2979|2979|1024.0|-3328.0|1288.0|-3464.0|1155.7710217051629|-3396.4444872782133|384.0|384.0|384.0|QROCK3|QROCK3X8|1.0|1.0|420.038671968|0.0|22|rock|-|SG002121|-|1066
UTNTSkyEdge_tntle_12_0|12|0|1|2979|2979|1536.0|-3584.0|1552.0|-3600.0|1543.6464466094067|-3592.3535533905933|384.0|384.0|384.0|QROCK3|QROCK3X8|1.0|1.0|341.506805724|0.0|22|rock|-|SG002121|-|1066
UTNTSkyEdge_tntle_13_0|13|0|1|25|25|1792.0|-4096.0|1792.0|-4128.0|1791.5|-4112.0|384.0|384.0|384.0|QROCK3|QROCK3X8|1.0|1.0|189.0|0.0|21.599999999999998|rock|-|SG002123|-|1068
UTNTSkyEdge_tntle_14_0|14|0|1|251|251|1792.0|-4608.0|1893.0|-4709.0|1842.1464466094067|-4658.853553390593|384.0|384.0|384.0|QROCK3|QROCK3X8|1.0|1.0|317.0|0.0|22|rock|-|SG002124|-|1069
UTNTSkyEdge_tntle_15_0|15|0|1|2979|2979|2304.0|-4864.0|2688.0|-4480.0|2496.3535533905933|-4672.353553390593|384.0|384.0|384.0|QROCK3|QROCK3X8|1.0|1.0|40.0|0.0|22|rock|-|SG002121|-|1066
UTNTSkyEdge_tntle_16_0|16|0|1|2979|2979|2816.0|-4096.0|2616.0|-3776.0|2716.4239991520026|-3935.7350005299986|384.0|384.0|384.0|QROCK3|QROCK3X8|1.0|1.0|283.992247946|0.0|22|rock|-|SG002121|-|1066
UTNTSkyEdge_tntle_17_0|17|0|1|2979|2979|1728.0|-1216.0|1280.0|-1280.0|1503.9292893218812|-1247.5050252531694|384.0|384.0|384.0|QROCK3|QROCK3X8|1.0|1.0|265.279103831|0.0|22|rock|-|SG002121|-|1066
UTNTSkyEdge_tntle_18_0|18|0|1|2979|2979|1280.0|-1280.0|1024.0|-1536.0|1151.6464466094067|-1407.6464466094067|384.0|384.0|384.0|QROCK3|QROCK3X8|1.0|1.0|717.827443791|0.0|22|rock|-|SG002121|-|1066
UTNTSkyEdge_tntle_20_0|20|0|1|2979|2979|2048.0|-3072.0|2048.0|-2560.0|2048.5|-2816.0|384.0|384.0|384.0|QROCK3|QROCK3X8|1.0|1.0|240.590460635|0.0|22|rock|-|SG002121|-|1066
UTNTSkyEdge_tntle_21_0|21|0|1|2979|2979|2048.0|-2560.0|2304.0|-2048.0|2176.4472135954998|-2304.22360679775|384.0|384.0|384.0|QROCK3|QROCK3X8|1.0|1.0|752.590460635|0.0|22|rock|-|SG002121|-|1066
UTNTSkyEdge_tntle_22_0|22|0|1|2979|2979|2304.0|-2048.0|2304.0|-1664.0|2304.5|-1856.0|384.0|384.0|384.0|QROCK3|QROCK3X8|1.0|1.0|301.023862875|0.0|22|rock|-|SG002121|-|1066
UTNTSkyEdge_tntle_23_0|23|0|1|2979|2979|2304.0|-1664.0|2144.0|-1520.0|2224.3344823658113|-1591.6283529268765|384.0|384.0|384.0|QROCK3|QROCK3X8|1.0|1.0|685.023862875|0.0|22|rock|-|SG002121|-|1066
UTNTSkyEdge_tntle_24_0|24|0|1|2979|2979|768.0|-1792.0|448.0|-1792.0|608.0|-1791.5|384.0|384.0|384.0|QROCK3|QROCK3X8|1.0|1.0|290.019335984|0.0|22|rock|-|SG002121|-|1066
UTNTSkyEdge_tntle_31_0|31|0|1|14|14|736.0|-3584.0|768.0|-3584.0|752.0|-3584.5|384.0|384.0|384.0|QROCK3|QROCK3X8|1.0|1.0|26.0|0.0|22|rock|-|SG002125|-|1070
UTNTSkyEdge_tntle_56_1|56|1|0|138|138|-64.0|-3328.0|0.0|-3328.0|-32.0|-3328.5|384.0|384.0|384.0|QROCK3|QROCK3X8|1.0|1.0|37.0|-768.0|22|rock|-|SG002126|-|1071
UTNTSkyEdge_tntle_58_0|58|0|1|138|138|-96.0|-3328.0|-64.0|-3328.0|-80.0|-3328.5|384.0|384.0|384.0|QROCK3|QROCK3X8|1.0|1.0|5.0|0.0|22|rock|-|SG002126|-|1071
UTNTSkyEdge_tntle_61_1|61|1|0|138|138|-224.0|-3328.0|-96.0|-3328.0|-160.0|-3328.5|384.0|384.0|384.0|QROCK3|QROCK3X8|1.0|1.0|5.0|0.0|22|rock|-|SG002126|-|1071
UTNTSkyEdge_tntle_70_0|70|0|1|251|251|2048.0|-4864.0|2064.0|-4864.0|2056.0|-4864.5|384.0|384.0|384.0|QROCK3|QROCK3X8|1.0|1.0|679.038671968|0.0|22|rock|-|SG002124|-|1069
UTNTSkyEdge_tntle_79_0|79|0|1|251|251|1792.0|-4128.0|1792.0|-4240.0|1791.5|-4184.0|384.0|384.0|384.0|QROCK3|QROCK3X8|1.0|1.0|93.0|0.0|22|rock|-|SG002124|-|1069
UTNTSkyEdge_tntle_80_0|80|0|1|30|30|2272.0|-4864.0|2304.0|-4864.0|2288.0|-4864.5|384.0|384.0|384.0|QROCK3|QROCK3X8|1.0|1.0|8.0|0.0|21.599999999999998|rock|-|SG002127|-|1072
UTNTSkyEdge_tntle_84_0|84|0|0|138|138|576.0|-3584.0|704.0|-3584.0|640.0|-3584.5|384.0|384.0|384.0|QROCK3|QROCK3X8|1.0|1.0|122.0|-928.0|22|rock|-|SG002126|-|1071
UTNTSkyEdge_tntle_85_0|85|0|1|138|138|704.0|-3584.0|736.0|-3584.0|720.0|-3584.5|384.0|384.0|384.0|QROCK3|QROCK3X8|1.0|1.0|122.0|0.0|22|rock|-|SG002126|-|1071
UTNTSkyEdge_tntle_89_0|89|0|0|251|251|1792.0|-4416.0|1792.0|-4544.0|1791.5|-4480.0|384.0|384.0|384.0|QROCK3|QROCK3X8|1.0|1.0|125.0|-992.0|11.52|rock|-|SG002124|-|1069
UTNTSkyEdge_tntle_90_0|90|0|1|251|251|1792.0|-4544.0|1792.0|-4608.0|1791.5|-4576.0|384.0|384.0|384.0|QROCK3|QROCK3X8|1.0|1.0|253.0|0.0|22|rock|-|SG002124|-|1069
UTNTSkyEdge_tntle_94_0|94|0|0|251|251|1893.0|-4709.0|1984.0|-4800.0|1938.1464466094067|-4754.853553390593|384.0|384.0|384.0|QROCK3|QROCK3X8|1.0|1.0|459.8355698|-992.0|11.52|rock|-|SG002124|-|1069
UTNTSkyEdge_tntle_95_0|95|0|1|251|251|1984.0|-4800.0|2048.0|-4864.0|2015.6464466094067|-4832.353553390593|384.0|384.0|384.0|QROCK3|QROCK3X8|1.0|1.0|588.529003976|0.0|22|rock|-|SG002124|-|1069
UTNTSkyEdge_tntle_300_0|300|0|0|373|373|1704.0|-3392.0|1720.0|-3376.0|1712.3535533905933|-3384.3535533905933|354.6666666666667|360.0|349.3333333333333|QROCK3|QROCK3X8|1.0|1.0|165.464326342|-952.0|17.75999999999999|rock|-|SG002128|-|1073
UTNTSkyEdge_tntle_385_0|385|0|1|2979|2979|-2208.0|-5280.0|-2368.0|-6080.0|-2288.4902903378456|-5679.901941932431|384.0|384.0|384.0|QROCK3|QROCK3X8|1.0|1.0|824.225415298|0.0|22|rock|-|SG002121|-|1066
UTNTSkyEdge_tntle_386_0|386|0|1|2979|2979|-2208.0|-6656.0|-1184.0|-7200.0|-1696.234577612981|-6928.441557859729|384.0|384.0|384.0|QROCK3|QROCK3X8|1.0|1.0|211.093195565|0.0|22|rock|-|SG002121|-|1066
UTNTSkyEdge_tntle_388_0|388|0|1|105|105|336.0|-6928.0|320.0|-6912.0|328.3535533905933|-6919.646446609407|384.0|384.0|384.0|QROCK3|QROCK3X8|1.0|1.0|17.0|0.0|22|rock|-|SG002129|-|1074
UTNTSkyEdge_tntle_389_0|389|0|1|2874|2874|-416.0|-6560.0|-448.0|-6528.0|-431.6464466094067|-6543.646446609407|384.0|384.0|384.0|QROCK3|QROCK3X8|1.0|1.0|374.571071401|0.0|22|rock|-|SG002130|-|1075
UTNTSkyEdge_tntle_390_0|390|0|1|2874|2874|-768.0|-6208.0|-768.0|-6048.0|-767.5|-6128.0|384.0|384.0|384.0|QROCK3|QROCK3X8|1.0|1.0|103.627416998|0.0|22|rock|-|SG002130|-|1075
UTNTSkyEdge_tntle_391_0|391|0|1|99|99|-480.0|-5632.0|-512.0|-5600.0|-495.6464466094067|-5615.646446609407|384.0|384.0|384.0|QROCK3|QROCK3X8|1.0|1.0|85.0|0.0|22|rock|-|SG002131|-|1076
UTNTSkyEdge_tntle_392_0|392|0|1|2979|2979|-1184.0|-5024.0|-1280.0|-5024.0|-1232.0|-5023.5|384.0|384.0|384.0|QROCK3|QROCK3X8|1.0|1.0|887.0762679|0.0|22|rock|-|SG002121|-|1066
UTNTSkyEdge_tntle_393_0|393|0|1|2874|2874|96.0|-6560.0|40.0|-6560.0|68.0|-6559.5|384.0|384.0|384.0|QROCK3|QROCK3X8|1.0|1.0|457.228953933|0.0|22|rock|-|SG002130|-|1075
UTNTSkyEdge_tntle_394_0|394|0|1|2979|2979|5888.0|-768.0|5504.0|384.0|5696.4743416490255|-191.8418861169916|384.0|384.0|384.0|QROCK3|QROCK3X8|1.0|1.0|199.864079551|0.0|22|rock|-|SG002121|-|1066
UTNTSkyEdge_tntle_395_0|395|0|1|2979|2979|5504.0|384.0|4736.0|896.0|5120.277350098113|640.416025147169|384.0|384.0|384.0|QROCK3|QROCK3X8|1.0|1.0|390.178701056|0.0|22|rock|-|SG002121|-|1066
UTNTSkyEdge_tntle_396_0|396|0|1|2979|2979|4736.0|896.0|4352.0|1536.0|4544.428746462856|1216.2572478777138|384.0|384.0|384.0|QROCK3|QROCK3X8|1.0|1.0|289.199827575|0.0|22|rock|-|SG002121|-|1066
UTNTSkyEdge_tntle_397_0|397|0|1|2979|2979|4352.0|1536.0|3712.0|1664.0|4032.098058067569|1600.4902903378454|384.0|384.0|384.0|QROCK3|QROCK3X8|1.0|1.0|11.561670115|0.0|22|rock|-|SG002121|-|1066
UTNTSkyEdge_tntle_398_0|398|0|1|2979|2979|3712.0|1664.0|3072.0|1408.0|3391.814304661823|1536.4642383454427|384.0|384.0|384.0|QROCK3|QROCK3X8|1.0|1.0|664.236167855|0.0|22|rock|-|SG002121|-|1066
UTNTSkyEdge_tntle_399_0|399|0|1|2979|2979|3072.0|1408.0|2944.0|1024.0|3007.525658350975|1216.1581138830084|384.0|384.0|384.0|QROCK3|QROCK3X8|1.0|1.0|329.537263168|0.0|22|rock|-|SG002121|-|1066
UTNTSkyEdge_tntle_400_0|400|0|1|2979|2979|2944.0|1024.0|3008.0|576.0|2975.5050252531696|799.9292893218814|384.0|384.0|384.0|QROCK3|QROCK3X8|1.0|1.0|734.308803669|0.0|22|rock|-|SG002121|-|1066
UTNTSkyEdge_tntle_401_0|401|0|1|330|330|3200.0|384.0|3328.0|384.0|3264.0|383.5|384.0|384.0|384.0|QROCK3X8|QROCK3X8|1.0|1.0|434.386147604|0.0|22|rock|-|SG002132|-|1077
UTNTSkyEdge_tntle_402_0|402|0|1|330|330|4224.0|128.0|4336.0|-24.0|4279.597472081324|51.70340048097508|384.0|384.0|384.0|QROCK3X8|QROCK3X8|1.0|1.0|91.214034008|0.0|22|rock|-|SG002132|-|1077
UTNTSkyEdge_tntle_403_0|403|0|1|330|330|4864.0|-768.0|4872.0|-920.0|4867.5006910853335|-844.0262794165614|384.0|384.0|384.0|QROCK3X8|QROCK3X8|1.0|1.0|155.331902712|0.0|22|rock|-|SG002132|-|1077
UTNTSkyEdge_tntle_404_0|404|0|1|339|339|4864.0|-1408.0|4896.0|-1424.0|4879.77639320225|-1416.4472135955|384.0|384.0|384.0|QROCK3X8|QROCK3X8|1.0|1.0|333.698936033|0.0|22|rock|-|SG002133|-|1078
UTNTSkyEdge_tntle_405_0|405|0|1|2979|2979|5632.0|-1792.0|5888.0|-768.0|5760.485071250073|-1280.1212678125182|384.0|384.0|384.0|QROCK3|QROCK3X8|1.0|1.0|168.349039393|0.0|22|rock|-|SG002121|-|1066
UTNTSkyEdge_tntle_406_0|406|0|1|2979|2979|-160.0|-7200.0|336.0|-6928.0|88.24041630560343|-7064.4384062043355|384.0|384.0|384.0|QROCK3|QROCK3X8|1.0|1.0|731.0|0.0|22|rock|-|SG002121|-|1066
UTNTSkyEdge_tntle_450_0|450|0|1|2979|2979|-512.0|-5600.0|-1184.0|-5024.0|-847.674604313272|-5311.6203716988175|384.0|384.0|384.0|QROCK3|QROCK3X8|1.0|1.0|2.0|0.0|22|rock|-|SG002121|-|1066
UTNTSkyEdge_tntle_451_0|451|0|1|2874|2874|320.0|-6912.0|96.0|-6560.0|208.42183074386605|-6735.731562253904|384.0|384.0|384.0|QROCK3|QROCK3X8|1.0|1.0|40.0|0.0|22|rock|-|SG002130|-|1075
UTNTSkyEdge_tntle_479_0|479|0|1|2979|2979|768.0|-3584.0|1024.0|-3328.0|896.3535533905932|-3456.3535533905933|384.0|384.0|384.0|QROCK3|QROCK3X8|1.0|1.0|58.0|0.0|22|rock|-|SG002121|-|1066
UTNTSkyEdge_tntle_486_0|486|0|1|2146|2146|-416.0|-2560.0|-415.0|-2562.0|-415.94721359549993|-2561.22360679775|384.0|384.0|384.0|QROCK3|QROCK3X8|1.0|1.0|24.0|0.0|20.4|rock|-|SG002134|-|1079
UTNTSkyEdge_tntle_518_0|518|0|1|2979|2979|1288.0|-3464.0|1536.0|-3584.0|1411.782219535948|-3524.4500796257075|384.0|384.0|384.0|QROCK3|QROCK3X8|1.0|1.0|66.0|0.0|22|rock|-|SG002121|-|1066
UTNTSkyEdge_tntle_570_0|570|0|1|2979|2979|-320.0|-3200.0|-256.0|-3328.0|-288.44721359549993|-3264.22360679775|384.0|384.0|384.0|QROCK3|QROCK3X8|1.0|1.0|86.0|0.0|22|rock|-|SG002121|-|1066
UTNTSkyEdge_tntle_579_0|579|0|1|2146|2146|-256.0|-3136.0|-316.0|-3196.0|-286.3535533905933|-3165.6464466094067|384.0|384.0|384.0|QROCK3|QROCK3X8|1.0|1.0|92.0|0.0|20.4|rock|-|SG002134|-|1079
UTNTSkyEdge_tntle_599_0|599|0|1|2979|2979|-2176.0|-2560.0|-2304.0|-2304.0|-2239.5527864045002|-2431.77639320225|384.0|384.0|384.0|QROCK3|QROCK3X8|1.0|1.0|112.0|0.0|22|rock|-|SG002121|-|1066
UTNTSkyEdge_tntle_600_0|600|0|1|2979|2979|-2304.0|-2304.0|-2560.0|-2176.0|-2431.77639320225|-2239.5527864045002|384.0|384.0|384.0|QROCK3|QROCK3X8|1.0|1.0|398.21670112|0.0|22|rock|-|SG002121|-|1066
UTNTSkyEdge_tntle_601_0|601|0|1|2979|2979|-2560.0|-2176.0|-2816.0|-2432.0|-2688.3535533905933|-2303.6464466094067|384.0|384.0|384.0|QROCK3|QROCK3X8|1.0|1.0|684.43340224|0.0|22|rock|-|SG002121|-|1066
UTNTSkyEdge_tntle_602_0|602|0|1|2979|2979|-2816.0|-2432.0|-2944.0|-2816.0|-2880.474341649025|-2623.8418861169916|384.0|384.0|384.0|QROCK3|QROCK3X8|1.0|1.0|22.472074207|0.0|22|rock|-|SG002121|-|1066
UTNTSkyEdge_tntle_603_0|603|0|1|1162|1162|-2944.0|-2816.0|-2816.0|-3008.0|-2880.416025147169|-2912.2773500981125|384.0|384.0|384.0|QROCK3|QROCK3X8|1.0|1.0|43.0|0.0|22|rock|-|SG002135|-|1080
UTNTSkyEdge_tntle_604_0|604|0|1|1162|1162|-2688.0|-3200.0|-2496.0|-3136.0|-2591.8418861169916|-3168.474341649025|384.0|384.0|384.0|QROCK3|QROCK3X8|1.0|1.0|121.0|0.0|22|rock|-|SG002135|-|1080
UTNTSkyEdge_tntle_605_0|605|0|1|2979|2979|-2304.0|-3072.0|-2272.0|-3008.0|-2287.5527864045002|-3040.22360679775|384.0|384.0|384.0|QROCK3|QROCK3X8|1.0|1.0|269.385770251|0.0|22|rock|-|SG002121|-|1066
UTNTSkyEdge_tntle_606_0|606|0|1|160|160|-2176.0|-2816.0|-2176.0|-2752.0|-2175.5|-2784.0|384.0|384.0|384.0|QROCK3|QROCK3X8|1.0|1.0|44.0|0.0|22|rock|-|SG002136|-|1081
UTNTSkyEdge_tntle_607_1|607|1|0|160|160|-2176.0|-2752.0|-2176.0|-2624.0|-2175.5|-2688.0|384.0|384.0|384.0|QROCK3|QROCK3X8|1.0|1.0|108.0|0.0|22|rock|-|SG002136|-|1081
UTNTSkyEdge_tntle_615_0|615|0|1|160|160|-2176.0|-2624.0|-2176.0|-2560.0|-2175.5|-2592.0|384.0|384.0|384.0|QROCK3|QROCK3X8|1.0|1.0|108.0|0.0|22|rock|-|SG002136|-|1081
UTNTSkyEdge_tntle_836_0|836|0|0|2979|2979|1552.0|-3600.0|1728.0|-3776.0|1639.6464466094067|-3688.3535533905933|384.0|384.0|384.0|QROCK3|QROCK3X8|1.0|1.0|119.0|-800.0|22|rock|-|SG002121|-|1066
UTNTSkyEdge_tntle_846_0|846|0|1|2979|2979|1744.0|-3792.0|1792.0|-3968.0|1767.5176180893811|-3880.131558702896|384.0|384.0|384.0|QROCK3|QROCK3X8|1.0|1.0|134.627416998|0.0|22|rock|-|SG002121|-|1066
UTNTSkyEdge_tntle_847_0|847|0|1|2979|2979|1728.0|-3776.0|1744.0|-3792.0|1735.6464466094067|-3784.3535533905933|384.0|384.0|384.0|QROCK3|QROCK3X8|1.0|1.0|112.0|0.0|22|rock|-|SG002121|-|1066
UTNTSkyEdge_tntle_978_1|978|1|0|2979|2979|2688.0|-3784.0|2768.0|-3784.0|2728.0|-3784.5|384.0|384.0|384.0|QROCK3|QROCK3X8|1.0|1.0|72.443081105|-904.0|22|rock|-|SG002121|-|1066
UTNTSkyEdge_tntle_979_1|979|1|0|2979|2979|2768.0|-3784.0|2840.0|-3712.0|2804.3535533905933|-3748.3535533905933|384.0|384.0|384.0|QROCK3|QROCK3X8|1.0|1.0|152.443081105|-904.0|22|rock|-|SG002121|-|1066
UTNTSkyEdge_tntle_980_1|980|1|0|2979|2979|2816.0|-3488.0|2840.0|-3408.0|2828.4789131426105|-3448.143673942783|384.0|384.0|384.0|QROCK3|QROCK3X8|1.0|1.0|483.033566605|-904.0|22|rock|-|SG002121|-|1066
UTNTSkyEdge_tntle_981_1|981|1|0|2979|2979|2840.0|-3408.0|2816.0|-3328.0|2828.4789131426105|-3367.856326057217|384.0|384.0|384.0|QROCK3|QROCK3X8|1.0|1.0|566.556018677|-904.0|22|rock|-|SG002121|-|1066
UTNTSkyEdge_tntle_982_1|982|1|0|2979|2979|2816.0|-3328.0|2816.0|-3280.0|2816.5|-3304.0|384.0|384.0|384.0|QROCK3|QROCK3X8|1.0|1.0|650.078470748|-904.0|22|rock|-|SG002121|-|1066
UTNTSkyEdge_tntle_983_1|983|1|0|2979|2979|2808.0|-3600.0|2816.0|-3488.0|2812.4987293499153|-3544.0356235249938|384.0|384.0|384.0|QROCK3|QROCK3X8|1.0|1.0|370.748215824|-904.0|22|rock|-|SG002121|-|1066
UTNTSkyEdge_tntle_984_1|984|1|0|2979|2979|2816.0|-3280.0|2792.0|-3232.0|2804.4472135954998|-3255.77639320225|384.0|384.0|384.0|QROCK3|QROCK3X8|1.0|1.0|698.078470748|-904.0|22|rock|-|SG002121|-|1066
UTNTSkyEdge_tntle_985_1|985|1|0|2979|2979|2664.0|-3176.0|2568.0|-3192.0|2615.9178005063472|-3183.506803038084|384.0|384.0|384.0|QROCK3|QROCK3X8|1.0|1.0|892.029316652|-904.0|22|rock|-|SG002121|-|1066
UTNTSkyEdge_tntle_986_1|986|1|0|2979|2979|2792.0|-3232.0|2704.0|-3200.0|2748.1708715315435|-3215.5301032882558|384.0|384.0|384.0|QROCK3|QROCK3X8|1.0|1.0|751.744102208|-904.0|22|rock|-|SG002121|-|1066
UTNTSkyEdge_tntle_987_1|987|1|0|2979|2979|2616.0|-3776.0|2688.0|-3784.0|2651.9447842369627|-3780.496941867337|384.0|384.0|384.0|QROCK3|QROCK3X8|1.0|1.0|0.0|-904.0|22|rock|-|SG002121|-|1066
UTNTSkyEdge_tntle_988_1|988|1|0|2979|2979|2840.0|-3712.0|2808.0|-3600.0|2824.4807619738203|-3655.8626394360513|384.0|384.0|384.0|QROCK3|QROCK3X8|1.0|1.0|254.266457596|-904.0|22|rock|-|SG002121|-|1066
UTNTSkyEdge_tntle_989_1|989|1|0|2979|2979|2704.0|-3200.0|2664.0|-3176.0|2684.257247877714|-3187.5712535371435|384.0|384.0|384.0|QROCK3|QROCK3X8|1.0|1.0|845.381701494|-904.0|22|rock|-|SG002121|-|1066
UTNTSkyEdge_tntle_1114_1|1114|1|0|251|251|1792.0|-4240.0|1792.0|-4400.0|1791.5|-4320.0|384.0|384.0|384.0|QROCK3|QROCK3X8|1.0|1.0|77.0|-832.0|22|rock|-|SG002124|-|1069
UTNTSkyEdge_tntle_1163_0|1163|0|1|251|251|1792.0|-4400.0|1792.0|-4416.0|1791.5|-4408.0|384.0|384.0|384.0|QROCK3|QROCK3X8|1.0|1.0|109.0|0.0|22|rock|-|SG002124|-|1069
UTNTSkyEdge_tntle_1266_0|1266|0|1|251|251|2224.0|-4864.0|2272.0|-4864.0|2248.0|-4864.5|384.0|384.0|384.0|QROCK3|QROCK3X8|1.0|1.0|88.0|0.0|22|rock|-|SG002124|-|1069
UTNTSkyEdge_tntle_1268_1|1268|1|0|251|251|2064.0|-4864.0|2224.0|-4864.0|2144.0|-4864.5|384.0|384.0|384.0|QROCK3|QROCK3X8|1.0|1.0|56.0|-832.0|22|rock|-|SG002124|-|1069
UTNTSkyEdge_tntle_1276_0|1276|0|0|138|138|128.0|-3560.0|192.0|-3600.0|159.73500052999842|-3580.4239991520026|384.0|384.0|384.0|QROCK3|QROCK3X8|1.0|1.0|389.723014324|-904.0|22|rock|-|SG002126|-|1071
UTNTSkyEdge_tntle_1283_0|1283|0|0|138|138|192.0|-3600.0|272.0|-3616.0|231.9019419324309|-3608.4902903378456|384.0|384.0|384.0|QROCK3|QROCK3X8|1.0|1.0|465.194863381|-904.0|22|rock|-|SG002126|-|1071
UTNTSkyEdge_tntle_1284_0|1284|0|0|138|138|272.0|-3616.0|320.0|-3648.0|295.7226499018874|-3632.416025147169|384.0|384.0|384.0|QROCK3|QROCK3X8|1.0|1.0|546.779175598|-904.0|22|rock|-|SG002126|-|1071
UTNTSkyEdge_tntle_1286_0|1286|0|0|138|138|320.0|-3648.0|376.0|-3656.0|347.92928932188136|-3652.4949747468304|384.0|384.0|384.0|QROCK3|QROCK3X8|1.0|1.0|604.467996006|-904.0|22|rock|-|SG002126|-|1071
UTNTSkyEdge_tntle_1288_1|1288|1|0|138|138|88.0|-3544.0|128.0|-3560.0|107.81430466182294|-3552.4642383454425|384.0|384.0|384.0|QROCK3|QROCK3X8|1.0|1.0|346.641695867|-952.0|22|rock|-|SG002126|-|1071
UTNTSkyEdge_tntle_1291_1|1291|1|0|138|138|0.0|-3328.0|24.0|-3408.0|11.521086857389424|-3368.143673942783|384.0|384.0|384.0|QROCK3|QROCK3X8|1.0|1.0|101.0|-952.0|22|rock|-|SG002126|-|1071
UTNTSkyEdge_tntle_1292_1|1292|1|0|138|138|32.0|-3496.0|88.0|-3544.0|59.67460431327201|-3520.3796283011825|384.0|384.0|384.0|QROCK3|QROCK3X8|1.0|1.0|272.885340209|-952.0|22|rock|-|SG002126|-|1071
UTNTSkyEdge_tntle_1293_0|1293|0|0|138|138|536.0|-3632.0|576.0|-3584.0|556.3841106397987|-3608.3200921998323|384.0|384.0|384.0|QROCK3|QROCK3X8|1.0|1.0|188.399004969|-952.0|22|rock|-|SG002126|-|1071
UTNTSkyEdge_tntle_1294_0|1294|0|0|138|138|456.0|-3624.0|536.0|-3632.0|495.9502481404895|-3628.497518595105|384.0|384.0|384.0|QROCK3|QROCK3X8|1.0|1.0|108.0|-952.0|22|rock|-|SG002126|-|1071
UTNTSkyEdge_tntle_1295_0|1295|0|0|138|138|376.0|-3656.0|456.0|-3624.0|416.185695338177|-3640.4642383454425|384.0|384.0|384.0|QROCK3|QROCK3X8|1.0|1.0|661.0365385|-904.0|22|rock|-|SG002126|-|1071
UTNTSkyEdge_tntle_1454_0|1454|0|0|2177|2177|2576.0|-4368.0|2576.0|-4352.0|2576.5|-4360.0|384.0|384.0|384.0|QROCK3|QROCK3X8|1.0|1.0|112.0|-832.0|22|rock|-|SG002137|-|1082
UTNTSkyEdge_tntle_1457_0|1457|0|1|2979|2979|2688.0|-4480.0|2592.0|-4384.0|2640.3535533905933|-4431.646446609407|384.0|384.0|384.0|QROCK3|QROCK3X8|1.0|1.0|583.058007951|0.0|22|rock|-|SG002121|-|1066
UTNTSkyEdge_tntle_1491_0|1491|0|1|2979|2979|2592.0|-4224.0|2816.0|-4096.0|2704.2480694691785|-4160.434121571062|384.0|384.0|384.0|QROCK3|QROCK3X8|1.0|1.0|26.0|0.0|22|rock|-|SG002121|-|1066
UTNTSkyEdge_tntle_1645_1|1645|1|0|138|138|24.0|-3408.0|32.0|-3496.0|27.502053396766147|-3452.045267873021|384.0|384.0|384.0|QROCK3|QROCK3X8|1.0|1.0|184.522452071|-952.0|22|rock|-|SG002126|-|1071
UTNTSkyEdge_tntle_1829_0|1829|0|1|2979|2979|3008.0|576.0|3056.0|528.0|3031.6464466094067|551.6464466094068|384.0|384.0|384.0|QROCK3|QROCK3X8|1.0|1.0|162.857143629|0.0|22|rock|-|SG002121|-|1066
UTNTSkyEdge_tntle_1830_0|1830|0|1|332|332|3168.0|416.0|3200.0|384.0|3183.6464466094067|399.6464466094067|384.0|384.0|384.0|QROCK3X8|QROCK3X8|1.0|1.0|389.131313608|0.0|22|rock|-|SG002138|-|1083
UTNTSkyEdge_tntle_1831_0|1831|0|1|333|333|3136.0|448.0|3168.0|416.0|3151.6464466094067|431.6464466094067|384.0|384.0|384.0|QROCK3X8|QROCK3X8|1.0|1.0|343.876479613|0.0|22|rock|-|SG002139|-|1084
UTNTSkyEdge_tntle_1832_0|1832|0|1|334|334|3104.0|480.0|3136.0|448.0|3119.6464466094067|463.6464466094067|384.0|384.0|384.0|QROCK3X8|QROCK3X8|1.0|1.0|298.621645617|0.0|22|rock|-|SG002140|-|1085
UTNTSkyEdge_tntle_1833_0|1833|0|1|335|335|3072.0|512.0|3104.0|480.0|3087.6464466094067|495.6464466094067|384.0|384.0|384.0|QROCK3X8|QROCK3X8|1.0|1.0|253.366811621|0.0|22|rock|-|SG002141|-|1086
UTNTSkyEdge_tntle_1839_0|1839|0|1|338|338|4896.0|-1424.0|4928.0|-1440.0|4911.77639320225|-1432.4472135955|384.0|384.0|384.0|QROCK3X8|QROCK3X8|1.0|1.0|369.476023673|0.0|22|rock|-|SG002142|-|1087
UTNTSkyEdge_tntle_1840_0|1840|0|1|337|337|4928.0|-1440.0|4960.0|-1456.0|4943.77639320225|-1448.4472135955|384.0|384.0|384.0|QROCK3X8|QROCK3X8|1.0|1.0|405.253111313|0.0|22|rock|-|SG002143|-|1088
UTNTSkyEdge_tntle_1841_0|1841|0|1|1|1|4960.0|-1456.0|4992.0|-1472.0|4975.77639320225|-1464.4472135955|384.0|384.0|384.0|QROCK3X8|QROCK3X8|1.0|1.0|441.030198953|0.0|22|rock|-|SG002144|-|1089
UTNTSkyEdge_tntle_1842_0|1842|0|1|447|447|4992.0|-1472.0|5024.0|-1488.0|5007.77639320225|-1480.4472135955|384.0|384.0|384.0|QROCK3X8|QROCK3X8|1.0|1.0|476.807286593|0.0|22|rock|-|SG002145|-|1090
UTNTSkyEdge_tntle_1900_1|1900|1|0|2979|2979|1948.0|-1352.0|1920.0|-1328.0|1934.325395686728|-1339.6203716988173|384.0|384.0|384.0|QROCK3|QROCK3X8|1.0|1.0|6.0|-840.0|22|rock|-|SG002121|-|1066
UTNTSkyEdge_tntle_1907_0|1907|0|1|2979|2979|1920.0|-1328.0|1728.0|-1216.0|1824.251935512762|-1271.5681105495507|384.0|384.0|384.0|QROCK3|QROCK3X8|1.0|1.0|43.0|0.0|22|rock|-|SG002121|-|1066
UTNTSkyEdge_tntle_1945_0|1945|0|1|330|330|3328.0|384.0|3552.0|320.0|3439.8626394360513|351.5192380261796|384.0|384.0|384.0|QROCK3X8|QROCK3X8|1.0|1.0|562.386147604|0.0|22|rock|-|SG002132|-|1077
UTNTSkyEdge_tntle_1946_0|1946|0|0|2979|2979|-2240.0|-2944.0|-2192.0|-2848.0|-2215.5527864045002|-2896.22360679775|384.0|384.0|384.0|QROCK3|QROCK3X8|1.0|1.0|156.55417528|-896.0|22|rock|-|SG002121|-|1066
UTNTSkyEdge_tntle_1960_0|1960|0|1|330|330|4896.0|-1376.0|4864.0|-1408.0|4879.646446609407|-1391.6464466094067|384.0|384.0|384.0|QROCK3X8|QROCK3X8|1.0|1.0|288.444102037|0.0|22|rock|-|SG002132|-|1077
UTNTSkyEdge_tntle_1961_0|1961|0|1|2979|2979|-2192.0|-2848.0|-2176.0|-2816.0|-2183.5527864045002|-2832.22360679775|384.0|384.0|384.0|QROCK3|QROCK3X8|1.0|1.0|8.0|0.0|22|rock|-|SG002121|-|1066
UTNTSkyEdge_tntle_1962_0|1962|0|0|2979|2979|-2272.0|-3008.0|-2240.0|-2944.0|-2255.5527864045002|-2976.22360679775|384.0|384.0|384.0|QROCK3|QROCK3X8|1.0|1.0|85.0|-896.0|22|rock|-|SG002121|-|1066
UTNTSkyEdge_tntle_2062_0|2062|0|0|373|373|1776.0|-3376.0|1768.0|-3392.0|1771.5527864045|-3383.77639320225|314.6666666666667|312.0|317.3333333333333|QROCK3|QROCK3X8|1.0|1.0|69.075308921|-952.0|4.32|rock|-|SG002128|-|1073
UTNTSkyEdge_tntle_2063_0|2063|0|0|373|373|1776.0|-3368.0|1776.0|-3376.0|1775.5|-3372.0|312.0|312.0|312.0|QROCK3|QROCK3X8|1.0|1.0|61.075308921|-952.0|4.32|rock|-|SG002128|-|1073
UTNTSkyEdge_tntle_2065_0|2065|0|0|373|373|1760.0|-3360.0|1776.0|-3368.0|1767.7763932022501|-3364.4472135954998|317.3333333333333|322.6666666666667|312.0|QROCK3|QROCK3X8|1.0|1.0|43.186765101|-952.0|5.183999999999991|rock|-|SG002128|-|1073
UTNTSkyEdge_tntle_2066_0|2066|0|0|373|373|1768.0|-3392.0|1744.0|-3400.0|1755.8418861169916|-3395.525658350975|325.3333333333333|317.3333333333333|333.3333333333333|QROCK3|QROCK3X8|1.0|1.0|86.963852741|-952.0|4.511999999999989|rock|-|SG002128|-|1073
UTNTSkyEdge_tntle_2068_0|2068|0|0|373|373|1728.0|-3392.0|1720.0|-3400.0|1723.6464466094067|-3395.6464466094067|346.6666666666667|344.0|349.3333333333333|QROCK3|QROCK3X8|1.0|1.0|130.150617843|-952.0|14.111999999999995|rock|-|SG002128|-|1073
UTNTSkyEdge_tntle_2069_0|2069|0|0|373|373|1720.0|-3344.0|1744.0|-3352.0|1731.8418861169916|-3348.474341649025|341.3333333333333|349.3333333333333|333.3333333333333|QROCK3|QROCK3X8|1.0|1.0|0.0|-952.0|14.591999999999988|rock|-|SG002128|-|1073
UTNTSkyEdge_tntle_2070_0|2070|0|0|373|373|1720.0|-3400.0|1704.0|-3400.0|1712.0|-3399.5|354.6666666666667|349.3333333333333|360.0|QROCK3|QROCK3X8|1.0|1.0|141.464326342|-952.0|15.167999999999997|rock|-|SG002128|-|1073
UTNTSkyEdge_tntle_2071_0|2071|0|0|373|373|1744.0|-3352.0|1760.0|-3360.0|1751.7763932022501|-3356.4472135954998|328.0|333.3333333333333|322.6666666666667|QROCK3|QROCK3X8|1.0|1.0|25.298221281|-952.0|9.88800000000001|rock|-|SG002128|-|1073
UTNTSkyEdge_tntle_2072_0|2072|0|0|373|373|1744.0|-3400.0|1728.0|-3392.0|1736.2236067977499|-3395.5527864045002|338.6666666666667|333.3333333333333|344.0|QROCK3|QROCK3X8|1.0|1.0|112.262074023|-952.0|9.407999999999998|rock|-|SG002128|-|1073
UTNTSkyEdge_tntle_2073_0|2073|0|0|373|373|1704.0|-3400.0|1704.0|-3392.0|1704.5|-3396.0|360.0|360.0|360.0|QROCK3|QROCK3X8|1.0|1.0|157.464326342|-952.0|19.008000000000003|rock|-|SG002128|-|1073
UTNTSkyEdge_tntle_2427_0|2427|0|1|447|447|3056.0|528.0|3072.0|512.0|3063.6464466094067|519.6464466094068|384.0|384.0|384.0|QROCK3X8|QROCK3X8|1.0|1.0|230.739394623|0.0|22|rock|-|SG002145|-|1090
UTNTSkyEdge_tntle_2433_0|2433|0|1|2979|2979|5024.0|-1488.0|5632.0|-1792.0|5327.77639320225|-1640.4472135955|384.0|384.0|384.0|QROCK3|QROCK3X8|1.0|1.0|512.584374233|0.0|22|rock|-|SG002121|-|1066
UTNTSkyEdge_tntle_2493_0|2493|0|1|2979|2979|-416.0|-2496.0|-416.0|-2560.0|-416.5|-2528.0|384.0|384.0|384.0|QROCK3|QROCK3X8|1.0|1.0|88.0|0.0|22|rock|-|SG002121|-|1066
UTNTSkyEdge_tntle_2494_0|2494|0|0|2979|2979|-416.0|-2432.0|-416.0|-2496.0|-416.5|-2464.0|384.0|384.0|384.0|QROCK3|QROCK3X8|1.0|1.0|24.0|0.0|22|rock|-|SG002121|-|1066
UTNTSkyEdge_tntle_2499_0|2499|0|1|2979|2979|-416.0|-2304.0|-448.0|-2368.0|-432.44721359549993|-2335.77639320225|384.0|384.0|384.0|QROCK3|QROCK3X8|1.0|1.0|8.0|0.0|22|rock|-|SG002121|-|1066
UTNTSkyEdge_tntle_2500_0|2500|0|0|2979|2979|-416.0|-2240.0|-416.0|-2304.0|-416.5|-2272.0|384.0|384.0|384.0|QROCK3|QROCK3X8|1.0|1.0|72.0|0.0|22|rock|-|SG002121|-|1066
UTNTSkyEdge_tntle_2505_0|2505|0|1|2979|2979|-416.0|-2048.0|-432.0|-2144.0|-424.49319696191606|-2095.9178005063472|384.0|384.0|384.0|QROCK3|QROCK3X8|1.0|1.0|6.0|0.0|22|rock|-|SG002121|-|1066
UTNTSkyEdge_tntle_2506_0|2506|0|0|2979|2979|-416.0|-1984.0|-416.0|-2048.0|-416.5|-2016.0|384.0|384.0|384.0|QROCK3|QROCK3X8|1.0|1.0|70.0|0.0|22|rock|-|SG002121|-|1066
UTNTSkyEdge_tntle_2615_0|2615|0|1|2979|2979|-432.0|-2144.0|-416.0|-2240.0|-424.49319696191606|-2192.0821994936528|384.0|384.0|384.0|QROCK3|QROCK3X8|1.0|1.0|103.324200485|0.0|22|rock|-|SG002121|-|1066
UTNTSkyEdge_tntle_2616_0|2616|0|1|2979|2979|-448.0|-2368.0|-416.0|-2432.0|-432.44721359549993|-2400.22360679775|384.0|384.0|384.0|QROCK3|QROCK3X8|1.0|1.0|79.55417528|0.0|22|rock|-|SG002121|-|1066
UTNTSkyEdge_tntle_2617_0|2617|0|1|2979|2979|-432.0|-1936.0|-416.0|-1984.0|-424.47434164902523|-1960.1581138830084|384.0|384.0|384.0|QROCK3|QROCK3X8|1.0|1.0|19.189747316|0.0|22|rock|-|SG002121|-|1066
UTNTSkyEdge_tntle_2844_1|2844|1|0|2979|2979|1972.0|-1372.0|1948.0|-1352.0|1960.3200921998323|-1361.6158893602012|384.0|384.0|384.0|QROCK3|QROCK3X8|1.0|1.0|103.0|-856.0|22|rock|-|SG002121|-|1066
UTNTSkyEdge_tntle_2847_1|2847|1|0|2979|2979|1992.0|-1392.0|1972.0|-1372.0|1982.3535533905933|-1381.6464466094067|384.0|384.0|384.0|QROCK3|QROCK3X8|1.0|1.0|75.0|-872.0|22|rock|-|SG002121|-|1066
UTNTSkyEdge_tntle_2850_1|2850|1|0|2979|2979|2144.0|-1520.0|2116.0|-1496.0|2130.325395686728|-1507.6203716988173|384.0|384.0|384.0|QROCK3|QROCK3X8|1.0|1.0|4.0|-840.0|22|rock|-|SG002121|-|1066
UTNTSkyEdge_tntle_2853_1|2853|1|0|2979|2979|2116.0|-1496.0|2092.0|-1476.0|2104.3200921998323|-1485.6158893602012|384.0|384.0|384.0|QROCK3|QROCK3X8|1.0|1.0|41.0|-872.0|22|rock|-|SG002121|-|1066
UTNTSkyEdge_tntle_2856_1|2856|1|0|2979|2979|2092.0|-1476.0|2068.0|-1456.0|2080.3200921998323|-1465.6158893602012|384.0|384.0|384.0|QROCK3|QROCK3X8|1.0|1.0|72.0|-888.0|22|rock|-|SG002121|-|1066
UTNTSkyEdge_tntle_2859_1|2859|1|0|2979|2979|2020.0|-1416.0|1992.0|-1392.0|2006.325395686728|-1403.6203716988173|384.0|384.0|384.0|QROCK3|QROCK3X8|1.0|1.0|38.0|-880.0|22|rock|-|SG002121|-|1066
UTNTSkyEdge_tntle_2862_1|2862|1|0|2979|2979|2068.0|-1456.0|2048.0|-1440.0|2058.312347523777|-1447.6095655952786|384.0|384.0|384.0|QROCK3|QROCK3X8|1.0|1.0|103.0|-896.0|22|rock|-|SG002121|-|1066
UTNTSkyEdge_tntle_2865_1|2865|1|0|2979|2979|2048.0|-1440.0|2020.0|-1416.0|2034.325395686728|-1427.6203716988173|384.0|384.0|384.0|QROCK3|QROCK3X8|1.0|1.0|1.0|-888.0|22|rock|-|SG002121|-|1066
UTNTSkyEdge_tntle_2990_0|2990|0|0|330|330|3552.0|320.0|3584.0|312.0|3567.878732187482|315.5149287499273|384.0|384.0|384.0|QROCK3|QROCK3X8|1.0|1.0|110.0|0.0|22|rock|-|SG002132|-|1077
UTNTSkyEdge_tntle_3009_0|3009|0|1|330|330|4880.0|-1088.0|4896.0|-1376.0|4887.500769823398|-1232.0277350098113|384.0|384.0|384.0|QROCK3X8|QROCK3X8|1.0|1.0|0.0|0.0|22|rock|-|SG002132|-|1077
UTNTSkyEdge_tntle_3011_0|3011|0|0|330|330|4872.0|-920.0|4876.0|-960.0|4873.502481404895|-940.0497518595105|384.0|384.0|384.0|QROCK3|QROCK3X8|1.0|1.0|51.0|-872.0|22|rock|-|SG002132|-|1077
UTNTSkyEdge_tntle_3013_0|3013|0|1|330|330|4776.0|-640.0|4864.0|-768.0|4819.5879790379|-704.2832644114435|384.0|384.0|384.0|QROCK3X8|QROCK3X8|1.0|1.0|0.0|0.0|22|rock|-|SG002132|-|1077
UTNTSkyEdge_tntle_3015_0|3015|0|0|330|330|4640.0|-448.0|4664.0|-480.0|4651.6|-464.3|384.0|384.0|384.0|QROCK3|QROCK3X8|1.0|1.0|69.0|-840.0|22|rock|-|SG002132|-|1077
UTNTSkyEdge_tntle_3020_0|3020|0|1|330|330|4520.0|-280.0|4640.0|-448.0|4579.593133264397|-364.29061909685953|384.0|384.0|384.0|QROCK3X8|QROCK3X8|1.0|1.0|0.0|0.0|22|rock|-|SG002132|-|1077
UTNTSkyEdge_tntle_3022_0|3022|0|0|330|330|4336.0|-24.0|4364.0|-64.0|4349.5903840397405|-44.28673117218167|384.0|384.0|384.0|QROCK3|QROCK3X8|1.0|1.0|59.0|-840.0|22|rock|-|SG002132|-|1077
UTNTSkyEdge_tntle_3023_0|3023|0|1|330|330|3720.0|272.0|3864.0|232.0|3791.866178068107|251.51824104518502|384.0|384.0|384.0|QROCK3X8|QROCK3X8|1.0|1.0|0.0|1280.0|22|rock|-|SG002132|-|1077
UTNTSkyEdge_tntle_3031_0|3031|0|1|330|330|4136.0|152.0|4224.0|128.0|4179.868441297104|139.51761808938113|384.0|384.0|384.0|QROCK3X8|QROCK3X8|1.0|1.0|0.0|0.0|22|rock|-|SG002132|-|1077
UTNTSkyEdge_tntle_3033_0|3033|0|0|330|330|3864.0|232.0|3904.0|220.0|3883.856326057217|225.52108685738943|384.0|384.0|384.0|QROCK3|QROCK3X8|1.0|1.0|8.0|-856.0|22|rock|-|SG002132|-|1077
UTNTSkyEdge_tntle_3054_0|3054|0|0|330|330|3584.0|312.0|3616.0|304.0|3599.878732187482|307.5149287499273|384.0|384.0|384.0|QROCK3|QROCK3X8|1.0|1.0|15.0|0.0|22|rock|-|SG002132|-|1077
UTNTSkyEdge_tntle_3057_0|3057|0|0|330|330|3696.0|280.0|3720.0|272.0|3707.8418861169916|275.52565835097477|384.0|384.0|384.0|QROCK3|QROCK3X8|1.0|1.0|68.0|0.0|22|rock|-|SG002132|-|1077
UTNTSkyEdge_tntle_3060_0|3060|0|0|330|330|3672.0|288.0|3696.0|280.0|3683.8418861169916|283.52565835097477|384.0|384.0|384.0|QROCK3|QROCK3X8|1.0|1.0|43.0|0.0|22|rock|-|SG002132|-|1077
UTNTSkyEdge_tntle_3063_0|3063|0|0|330|330|3616.0|304.0|3644.0|296.0|3629.8626394360513|299.5192380261796|384.0|384.0|384.0|QROCK3|QROCK3X8|1.0|1.0|113.0|0.0|22|rock|-|SG002132|-|1077
UTNTSkyEdge_tntle_3066_0|3066|0|0|330|330|3644.0|296.0|3672.0|288.0|3657.8626394360513|291.5192380261796|384.0|384.0|384.0|QROCK3|QROCK3X8|1.0|1.0|14.0|0.0|22|rock|-|SG002132|-|1077
UTNTSkyEdge_tntle_3069_0|3069|0|0|330|330|3904.0|220.0|3960.0|204.0|3931.8626394360513|211.51923802617958|384.0|384.0|384.0|QROCK3|QROCK3X8|1.0|1.0|50.0|-880.0|22|rock|-|SG002132|-|1077
UTNTSkyEdge_tntle_3072_0|3072|0|0|330|330|3960.0|204.0|4008.0|192.0|3983.878732187482|197.51492874992732|384.0|384.0|384.0|QROCK3|QROCK3X8|1.0|1.0|108.0|-888.0|22|rock|-|SG002132|-|1077
UTNTSkyEdge_tntle_3075_0|3075|0|0|330|330|4008.0|192.0|4072.0|172.0|4039.850862503432|181.5227600109825|384.0|384.0|384.0|QROCK3|QROCK3X8|1.0|1.0|29.0|-856.0|22|rock|-|SG002132|-|1077
UTNTSkyEdge_tntle_3078_0|3078|0|0|330|330|4072.0|172.0|4136.0|152.0|4103.850862503432|161.5227600109825|384.0|384.0|384.0|QROCK3|QROCK3X8|1.0|1.0|96.0|-848.0|22|rock|-|SG002132|-|1077
UTNTSkyEdge_tntle_3081_0|3081|0|0|330|330|4364.0|-64.0|4392.0|-100.0|4377.605323891312|-82.30697030675746|384.0|384.0|384.0|QROCK3|QROCK3X8|1.0|1.0|108.0|-856.0|22|rock|-|SG002132|-|1077
UTNTSkyEdge_tntle_3084_0|3084|0|0|330|330|4392.0|-100.0|4416.0|-136.0|4403.5839748528315|-118.27735009811262|384.0|384.0|384.0|QROCK3|QROCK3X8|1.0|1.0|26.0|-880.0|22|rock|-|SG002132|-|1077
UTNTSkyEdge_tntle_3087_0|3087|0|0|330|330|4416.0|-136.0|4444.0|-176.0|4429.5903840397405|-156.28673117218167|384.0|384.0|384.0|QROCK3|QROCK3X8|1.0|1.0|69.0|-896.0|22|rock|-|SG002132|-|1077
UTNTSkyEdge_tntle_3090_0|3090|0|0|330|330|4444.0|-176.0|4468.0|-208.0|4455.6|-192.3|384.0|384.0|384.0|QROCK3|QROCK3X8|1.0|1.0|118.0|-864.0|22|rock|-|SG002132|-|1077
UTNTSkyEdge_tntle_3093_0|3093|0|0|330|330|4468.0|-208.0|4496.0|-244.0|4481.605323891312|-226.30697030675745|384.0|384.0|384.0|QROCK3|QROCK3X8|1.0|1.0|30.0|-880.0|22|rock|-|SG002132|-|1077
UTNTSkyEdge_tntle_3096_0|3096|0|0|330|330|4496.0|-244.0|4520.0|-280.0|4507.5839748528315|-262.2773500981126|384.0|384.0|384.0|QROCK3|QROCK3X8|1.0|1.0|76.0|-872.0|22|rock|-|SG002132|-|1077
UTNTSkyEdge_tntle_3099_0|3099|0|0|330|330|4664.0|-480.0|4688.0|-512.0|4675.6|-496.3|384.0|384.0|384.0|QROCK3|QROCK3X8|1.0|1.0|109.0|-864.0|22|rock|-|SG002132|-|1077
UTNTSkyEdge_tntle_3102_0|3102|0|0|330|330|4688.0|-512.0|4712.0|-548.0|4699.5839748528315|-530.2773500981126|384.0|384.0|384.0|QROCK3|QROCK3X8|1.0|1.0|21.0|-896.0|22|rock|-|SG002132|-|1077
UTNTSkyEdge_tntle_3105_0|3105|0|0|330|330|4712.0|-548.0|4736.0|-580.0|4723.6|-564.3|384.0|384.0|384.0|QROCK3|QROCK3X8|1.0|1.0|64.0|-872.0|22|rock|-|SG002132|-|1077
UTNTSkyEdge_tntle_3108_0|3108|0|0|330|330|4736.0|-580.0|4756.0|-612.0|4745.576000847997|-596.2649994700016|384.0|384.0|384.0|QROCK3|QROCK3X8|1.0|1.0|104.0|-856.0|22|rock|-|SG002132|-|1077
UTNTSkyEdge_tntle_3111_0|3111|0|0|330|330|4756.0|-612.0|4776.0|-640.0|4765.593133264397|-626.2906190968596|384.0|384.0|384.0|QROCK3|QROCK3X8|1.0|1.0|14.0|-824.0|22|rock|-|SG002132|-|1077
UTNTSkyEdge_tntle_3114_0|3114|0|0|330|330|4876.0|-960.0|4876.0|-1000.0|4875.5|-980.0|384.0|384.0|384.0|QROCK3|QROCK3X8|1.0|1.0|91.0|-896.0|22|rock|-|SG002132|-|1077
UTNTSkyEdge_tntle_3117_0|3117|0|0|330|330|4876.0|-1000.0|4876.0|-1032.0|4875.5|-1016.0|384.0|384.0|384.0|QROCK3|QROCK3X8|1.0|1.0|3.0|-888.0|22|rock|-|SG002132|-|1077
UTNTSkyEdge_tntle_3120_0|3120|0|0|330|330|4876.0|-1032.0|4880.0|-1064.0|4877.503861061643|-1048.0620173672946|384.0|384.0|384.0|QROCK3|QROCK3X8|1.0|1.0|35.0|-864.0|22|rock|-|SG002132|-|1077
UTNTSkyEdge_tntle_3123_0|3123|0|0|330|330|4880.0|-1064.0|4880.0|-1088.0|4879.5|-1076.0|384.0|384.0|384.0|QROCK3|QROCK3X8|1.0|1.0|67.0|-840.0|22|rock|-|SG002132|-|1077
UTNTSkyEdge_tntle_3560_0|3560|0|1|2979|2979|896.0|-1664.0|768.0|-1792.0|831.6464466094068|-1727.6464466094067|384.0|384.0|384.0|QROCK3|QROCK3X8|1.0|1.0|109.0|0.0|22|rock|-|SG002121|-|1066
UTNTSkyEdge_tntle_3562_0|3562|0|0|2979|2979|928.0|-1632.0|896.0|-1664.0|911.6464466094068|-1647.6464466094067|384.0|384.0|384.0|QROCK3|QROCK3X8|1.0|1.0|64.0|0.0|22|rock|-|SG002121|-|1066
UTNTSkyEdge_tntle_3566_0|3566|0|1|2979|2979|944.0|-1616.0|928.0|-1632.0|935.6464466094068|-1623.6464466094067|384.0|384.0|384.0|QROCK3|QROCK3X8|1.0|1.0|41.0|0.0|22|rock|-|SG002121|-|1066
UTNTSkyEdge_tntle_3568_0|3568|0|0|2979|2979|976.0|-1584.0|944.0|-1616.0|959.6464466094068|-1599.6464466094067|384.0|384.0|384.0|QROCK3|QROCK3X8|1.0|1.0|124.0|0.0|22|rock|-|SG002121|-|1066
UTNTSkyEdge_tntle_3572_0|3572|0|1|2979|2979|992.0|-1568.0|976.0|-1584.0|983.6464466094068|-1575.6464466094067|384.0|384.0|384.0|QROCK3|QROCK3X8|1.0|1.0|101.0|0.0|22|rock|-|SG002121|-|1066
UTNTSkyEdge_tntle_3574_0|3574|0|0|2979|2979|1024.0|-1536.0|992.0|-1568.0|1007.6464466094068|-1551.6464466094067|384.0|384.0|384.0|QROCK3|QROCK3X8|1.0|1.0|56.0|0.0|22|rock|-|SG002121|-|1066
UTNTSkyEdge_tntle_3910_0|3910|0|0|731|731|1792.0|-3968.0|1792.0|-4096.0|1791.5|-4032.0|384.0|384.0|384.0|QROCK3|QROCK3X8|1.0|1.0|61.0|-784.0|22|rock|-|SG002146|-|1091
UTNTSkyEdge_tntle_4257_0|4257|0|1|2747|2747|15996.0|508.0|15360.0|448.0|15677.953038702703|478.49778975135706|504.0|504.0|504.0|QROCK3X8|QROCK3X8|1.0|1.0|68.117545464|8.0|22|rock|-|SG002147|-|1092
UTNTSkyEdge_tntle_4272_0|4272|0|1|2746|2746|16992.0|568.0|16960.0|576.0|16976.12126781252|572.4850712500727|504.0|504.0|504.0|QROCK3|QROCK3X8|1.0|1.0|679.088864416|8.0|22|rock|-|SG002148|-|1093
UTNTSkyEdge_tntle_4279_0|4279|0|1|2741|2741|15792.0|1952.0|15872.0|1920.0|15831.814304661822|1935.5357616545573|504.0|504.0|504.0|QROCK3|QROCK3X8|1.0|1.0|840.968201436|8.0|22|rock|-|SG002149|-|1094
UTNTSkyEdge_tntle_4357_0|4357|0|1|2748|2748|16828.0|2024.0|17088.0|1920.0|16957.814304661824|1971.5357616545573|504.0|504.0|504.0|QROCK3X8|QROCK3X8|1.0|1.0|77.621977686|8.0|22|rock|-|SG002150|-|1095
UTNTSkyEdge_tntle_4806_0|4806|0|0|373|373|1720.0|-3376.0|1728.0|-3360.0|1724.4472135955|-3368.22360679775|346.6666666666667|349.3333333333333|344.0|QROCK3|QROCK3X8|1.0|1.0|188.09174334|-952.0|17.568000000000005|rock|-|SG002128|-|1073
UTNTSkyEdge_tntle_4828_0|4828|0|0|373|373|1728.0|-3360.0|1720.0|-3344.0|1724.4472135955|-3351.77639320225|346.6666666666667|344.0|349.3333333333333|QROCK3|QROCK3X8|1.0|1.0|205.98028716|-952.0|17.568000000000005|rock|-|SG002128|-|1073
UTNTSkyEdge_tntle_4861_0|4861|0|1|1939|1939|7936.0|896.0|8320.0|1024.0|8128.158113883009|959.5256583509747|512.0|512.0|512.0|QROCK3X8|QROCK3X8|1.0|1.0|64.0|0.0|22|rock|-|SG002151|-|1096
UTNTSkyEdge_tntle_4862_0|4862|0|1|950|950|7808.0|896.0|7856.0|896.0|7832.0|895.5|512.0|512.0|512.0|QROCK3|QROCK3X8|1.0|1.0|692.529899243|0.0|19.8|rock|-|SG002152|-|1097
UTNTSkyEdge_tntle_4863_0|4863|0|1|950|950|7424.0|640.0|7808.0|896.0|7616.277350098113|767.583974852831|512.0|512.0|512.0|QROCK3|QROCK3X8|1.0|1.0|231.019335984|0.0|19.8|rock|-|SG002152|-|1097
UTNTSkyEdge_tntle_4864_0|4864|0|1|952|952|7680.0|384.0|7552.0|512.0|7616.353553390593|448.3535533905933|512.0|512.0|512.0|QROCK3|QROCK3X8|1.0|1.0|125.0|0.0|22|rock|-|SG002153|-|1098
UTNTSkyEdge_tntle_4866_0|4866|0|1|954|954|7808.0|-512.0|7792.0|-496.0|7800.353553390593|-503.6464466094067|512.0|512.0|512.0|QROCK3|QROCK3X8|1.0|1.0|26.0|0.0|22|rock|-|SG002154|-|1099
UTNTSkyEdge_tntle_4867_0|4867|0|1|949|949|7552.0|-768.0|7808.0|-512.0|7680.353553390593|-640.3535533905932|512.0|512.0|512.0|QROCK3|QROCK3X8|1.0|1.0|431.550397143|0.0|22|rock|-|SG002155|-|1100
UTNTSkyEdge_tntle_4868_0|4868|0|1|953|953|7680.0|-1152.0|7680.0|-1120.0|7680.5|-1136.0|512.0|512.0|512.0|QROCK3|QROCK3X8|1.0|1.0|25.0|0.0|22|rock|-|SG002156|-|1101
UTNTSkyEdge_tntle_4878_0|4878|0|1|1939|1939|9472.0|-1024.0|9344.0|-1408.0|9407.525658350974|-1215.8418861169916|512.0|512.0|512.0|QROCK3X8|QROCK3X8|1.0|1.0|645.194722001|0.0|22|rock|-|SG002151|-|1096
UTNTSkyEdge_tntle_4879_0|4879|0|1|1939|1939|8832.0|-640.0|8900.0|-680.0|8865.746489936719|-660.4309671075789|512.0|512.0|512.0|QROCK3X8|QROCK3X8|1.0|1.0|154.509667992|0.0|22|rock|-|SG002151|-|1096
UTNTSkyEdge_tntle_4880_0|4880|0|0|1939|1939|8832.0|-128.0|8896.0|-192.0|8863.646446609408|-160.35355339059328|512.0|512.0|512.0|QROCK3|QROCK3X8|1.0|1.0|11.0|-784.0|22|rock|-|SG002151|-|1096
UTNTSkyEdge_tntle_4881_0|4881|0|1|2061|2061|9088.0|256.0|9024.0|320.0|9056.353553390592|288.3535533905933|512.0|512.0|512.0|QROCK3|QROCK3X8|1.0|1.0|324.87876004|0.0|22|rock|-|SG002157|-|1102
UTNTSkyEdge_tntle_4892_0|4892|0|1|2061|2061|10240.0|1664.0|10368.0|1792.0|10304.353553390592|1727.6464466094067|512.0|512.0|512.0|QROCK3|QROCK3X8|1.0|1.0|210.385770251|0.0|22|rock|-|SG002157|-|1102
UTNTSkyEdge_tntle_4893_1|4893|1|0|958|958|9856.0|1792.0|9984.0|1792.0|9920.0|1791.5|512.0|512.0|512.0|QROCK3|QROCK3X8|1.0|1.0|40.0|0.0|22|rock|-|SG002158|-|1103
UTNTSkyEdge_tntle_4894_0|4894|0|1|960|960|9600.0|1536.0|9728.0|1664.0|9664.353553390592|1599.6464466094067|512.0|512.0|512.0|QROCK3|QROCK3X8|1.0|1.0|876.815836228|0.0|22|rock|-|SG002159|-|1104
UTNTSkyEdge_tntle_4895_0|4895|0|1|963|963|8832.0|1408.0|8848.0|1408.0|8840.0|1407.5|512.0|512.0|512.0|QROCK3|QROCK3X8|1.0|1.0|98.0|0.0|22|rock|-|SG002160|-|1105
UTNTSkyEdge_tntle_4897_0|4897|0|1|961|961|8576.0|1152.0|8576.0|1168.0|8576.5|1160.0|512.0|512.0|512.0|QROCK3|QROCK3X8|1.0|1.0|104.0|0.0|22|rock|-|SG002161|-|1106
UTNTSkyEdge_tntle_4898_0|4898|0|1|1939|1939|8320.0|1024.0|8576.0|1152.0|8448.22360679775|1087.5527864045|512.0|512.0|512.0|QROCK3X8|QROCK3X8|1.0|1.0|468.771540502|0.0|22|rock|-|SG002151|-|1096
UTNTSkyEdge_tntle_4912_0|4912|0|1|2979|2979|336.0|-1792.0|256.0|-1792.0|296.0|-1791.5|384.0|384.0|384.0|QROCK3|QROCK3X8|1.0|1.0|233.770794814|0.0|22|rock|-|SG002121|-|1066
UTNTSkyEdge_tntle_4913_0|4913|0|1|2979|2979|352.0|-1808.0|336.0|-1792.0|344.3535533905933|-1799.6464466094067|384.0|384.0|384.0|QROCK3|QROCK3X8|1.0|1.0|211.143377816|0.0|22|rock|-|SG002121|-|1066
UTNTSkyEdge_tntle_4914_0|4914|0|1|2979|2979|432.0|-1800.0|424.0|-1800.0|428.0|-1799.5|384.0|384.0|384.0|QROCK3|QROCK3X8|1.0|1.0|627.907879804|0.0|22|rock|-|SG002121|-|1066
UTNTSkyEdge_tntle_4915_0|4915|0|1|2979|2979|448.0|-1792.0|432.0|-1800.0|439.77639320225|-1795.5527864045|384.0|384.0|384.0|QROCK3|QROCK3X8|1.0|1.0|610.019335984|0.0|22|rock|-|SG002121|-|1066
UTNTSkyEdge_tntle_4919_0|4919|0|1|2979|2979|360.0|-1808.0|352.0|-1808.0|356.0|-1807.5|384.0|384.0|384.0|QROCK3|QROCK3X8|1.0|1.0|203.143377816|0.0|22|rock|-|SG002121|-|1066
UTNTSkyEdge_tntle_4921_0|4921|0|0|2979|2979|424.0|-1800.0|416.0|-1800.0|420.0|-1799.5|384.0|384.0|384.0|QROCK3|QROCK3X8|1.0|1.0|124.0|0.0|22|rock|-|SG002121|-|1066
UTNTSkyEdge_tntle_4923_0|4923|0|0|2979|2979|368.0|-1808.0|360.0|-1808.0|364.0|-1807.5|384.0|384.0|384.0|QROCK3|QROCK3X8|1.0|1.0|195.143377816|0.0|22|rock|-|SG002121|-|1066
UTNTSkyEdge_tntle_4925_0|4925|0|0|2979|2979|416.0|-1800.0|408.0|-1808.0|411.6464466094067|-1803.6464466094067|384.0|384.0|384.0|QROCK3|QROCK3X8|1.0|1.0|132.0|0.0|22|rock|-|SG002121|-|1066
UTNTSkyEdge_tntle_4929_0|4929|0|0|2979|2979|376.0|-1800.0|368.0|-1808.0|371.6464466094067|-1803.6464466094067|384.0|384.0|384.0|QROCK3|QROCK3X8|1.0|1.0|183.829669317|0.0|22|rock|-|SG002121|-|1066
UTNTSkyEdge_tntle_4931_0|4931|0|0|2979|2979|408.0|-1808.0|400.0|-1816.0|403.6464466094067|-1811.6464466094067|384.0|384.0|384.0|QROCK3|QROCK3X8|1.0|1.0|143.313708499|0.0|22|rock|-|SG002121|-|1066
UTNTSkyEdge_tntle_4935_0|4935|0|0|2979|2979|384.0|-1808.0|376.0|-1800.0|380.3535533905933|-1803.6464466094067|384.0|384.0|384.0|QROCK3|QROCK3X8|1.0|1.0|172.515960818|0.0|22|rock|-|SG002121|-|1066
UTNTSkyEdge_tntle_4937_0|4937|0|0|2979|2979|400.0|-1816.0|384.0|-1808.0|392.22360679775|-1811.5527864045|384.0|384.0|384.0|QROCK3|QROCK3X8|1.0|1.0|154.627416998|0.0|22|rock|-|SG002121|-|1066
UTNTSkyEdge_tntle_4946_0|4946|0|1|1939|1939|8832.0|-576.0|8832.0|-640.0|8831.5|-608.0|512.0|512.0|512.0|QROCK3X8|QROCK3X8|1.0|1.0|90.509667992|0.0|22|rock|-|SG002151|-|1096
UTNTSkyEdge_tntle_4947_0|4947|0|1|1939|1939|8896.0|-512.0|8832.0|-576.0|8863.646446609408|-543.6464466094068|512.0|512.0|512.0|QROCK3X8|QROCK3X8|1.0|1.0|0.0|0.0|22|rock|-|SG002151|-|1096
UTNTSkyEdge_tntle_4948_0|4948|0|0|1939|1939|8896.0|-192.0|8832.0|-384.0|8863.525658350974|-287.8418861169916|512.0|512.0|512.0|QROCK3|QROCK3X8|1.0|1.0|101.509667992|-784.0|22|rock|-|SG002151|-|1096
UTNTSkyEdge_tntle_4964_0|4964|0|0|1939|1939|8832.0|-384.0|8896.0|-512.0|8863.5527864045|-448.22360679775|512.0|512.0|512.0|QROCK3|QROCK3X8|1.0|1.0|303.895438243|-784.0|22|rock|-|SG002151|-|1096
UTNTSkyEdge_tntle_4970_0|4970|0|1|2061|2061|10304.0|320.0|10112.0|384.0|10208.158113883008|352.47434164902523|512.0|512.0|512.0|QROCK3|QROCK3X8|1.0|1.0|55.0|0.0|22|rock|-|SG002157|-|1102
UTNTSkyEdge_tntle_4971_1|4971|1|0|2061|2061|10368.0|448.0|10304.0|320.0|10335.5527864045|384.22360679775|512.0|512.0|512.0|QROCK3|QROCK3X8|1.0|1.0|424.328840483|-976.0|17.28|rock|-|SG002157|-|1102
UTNTSkyEdge_tntle_4972_1|4972|1|0|2061|2061|10368.0|640.0|10368.0|448.0|10367.5|544.0|512.0|512.0|512.0|QROCK3|QROCK3X8|1.0|1.0|232.328840483|-976.0|17.28|rock|-|SG002157|-|1102
UTNTSkyEdge_tntle_4973_1|4973|1|0|2061|2061|10304.0|768.0|10368.0|640.0|10335.5527864045|703.77639320225|512.0|512.0|512.0|QROCK3|QROCK3X8|1.0|1.0|89.220489923|-976.0|17.28|rock|-|SG002157|-|1102
UTNTSkyEdge_tntle_4974_1|4974|1|0|2061|2061|10304.0|960.0|10304.0|768.0|10303.5|864.0|512.0|512.0|512.0|QROCK3|QROCK3X8|1.0|1.0|921.220489923|-976.0|17.28|rock|-|SG002157|-|1102
UTNTSkyEdge_tntle_4975_1|4975|1|0|2061|2061|10368.0|1088.0|10304.0|960.0|10335.5527864045|1024.2236067977499|512.0|512.0|512.0|QROCK3|QROCK3X8|1.0|1.0|778.112139363|-976.0|17.28|rock|-|SG002157|-|1102
UTNTSkyEdge_tntle_4976_1|4976|1|0|2061|2061|10304.0|1280.0|10368.0|1088.0|10335.525658350974|1183.8418861169916|512.0|512.0|512.0|QROCK3|QROCK3X8|1.0|1.0|575.726369112|-976.0|17.28|rock|-|SG002157|-|1102
UTNTSkyEdge_tntle_4977_1|4977|1|0|2061|2061|10368.0|1408.0|10304.0|1280.0|10335.5527864045|1344.2236067977499|512.0|512.0|512.0|QROCK3|QROCK3X8|1.0|1.0|432.618018552|-976.0|17.28|rock|-|SG002157|-|1102
UTNTSkyEdge_tntle_4978_1|4978|1|0|2061|2061|10368.0|1600.0|10368.0|1408.0|10367.5|1504.0|512.0|512.0|512.0|QROCK3|QROCK3X8|1.0|1.0|240.618018552|-976.0|17.28|rock|-|SG002157|-|1102
UTNTSkyEdge_tntle_4979_1|4979|1|0|2061|2061|10432.0|1728.0|10368.0|1600.0|10399.5527864045|1664.2236067977499|512.0|512.0|512.0|QROCK3|QROCK3X8|1.0|1.0|97.509667992|-976.0|17.28|rock|-|SG002157|-|1102
UTNTSkyEdge_tntle_4981_1|4981|1|0|2061|2061|10368.0|1792.0|10432.0|1728.0|10399.646446609408|1759.6464466094067|512.0|512.0|512.0|QROCK3|QROCK3X8|1.0|1.0|7.0|-976.0|17.28|rock|-|SG002157|-|1102
UTNTSkyEdge_tntle_4982_0|4982|0|1|1939|1939|7552.0|-1344.0|7680.0|-1152.0|7616.4160251471685|-1248.2773500981127|512.0|512.0|512.0|QROCK3|QROCK3X8|1.0|1.0|50.0|0.0|22|rock|-|SG002151|-|1096
UTNTSkyEdge_tntle_4983_1|4983|1|0|1939|1939|7616.0|-1408.0|7552.0|-1344.0|7584.353553390593|-1375.6464466094067|512.0|512.0|512.0|QROCK3|QROCK3X8|1.0|1.0|984.529994421|-960.0|22|rock|-|SG002151|-|1096
UTNTSkyEdge_tntle_4984_1|4984|1|0|1939|1939|7808.0|-1472.0|7616.0|-1408.0|7712.158113883009|-1439.5256583509747|512.0|512.0|512.0|QROCK3|QROCK3X8|1.0|1.0|782.144224171|-960.0|22|rock|-|SG002151|-|1096
UTNTSkyEdge_tntle_4985_1|4985|1|0|1939|1939|7936.0|-1408.0|7808.0|-1472.0|7871.77639320225|-1439.5527864045|512.0|512.0|512.0|QROCK3|QROCK3X8|1.0|1.0|639.035873611|-960.0|22|rock|-|SG002151|-|1096
UTNTSkyEdge_tntle_4986_1|4986|1|0|1939|1939|8128.0|-1408.0|7936.0|-1408.0|8032.0|-1407.5|512.0|512.0|512.0|QROCK3|QROCK3X8|1.0|1.0|447.035873611|-960.0|22|rock|-|SG002151|-|1096
UTNTSkyEdge_tntle_4987_1|4987|1|0|1939|1939|8384.0|-1280.0|8128.0|-1408.0|8255.77639320225|-1343.5527864045|512.0|512.0|512.0|QROCK3|QROCK3X8|1.0|1.0|160.819172491|-960.0|22|rock|-|SG002151|-|1096
UTNTSkyEdge_tntle_4988_1|4988|1|0|1939|1939|8576.0|-1344.0|8384.0|-1280.0|8480.158113883008|-1311.5256583509747|512.0|512.0|512.0|QROCK3|QROCK3X8|1.0|1.0|982.43340224|-960.0|22|rock|-|SG002151|-|1096
UTNTSkyEdge_tntle_4989_1|4989|1|0|1939|1939|8704.0|-1408.0|8576.0|-1344.0|8640.22360679775|-1375.5527864045|512.0|512.0|512.0|QROCK3|QROCK3X8|1.0|1.0|839.32505168|-960.0|22|rock|-|SG002151|-|1096
UTNTSkyEdge_tntle_4990_1|4990|1|0|1939|1939|9024.0|-1408.0|8704.0|-1408.0|8864.0|-1407.5|512.0|512.0|512.0|QROCK3|QROCK3X8|1.0|1.0|519.32505168|-960.0|22|rock|-|SG002151|-|1096
UTNTSkyEdge_tntle_4991_1|4991|1|0|1939|1939|9088.0|-1280.0|9024.0|-1408.0|9055.5527864045|-1343.7763932022501|512.0|512.0|512.0|QROCK3|QROCK3X8|1.0|1.0|376.21670112|-960.0|22|rock|-|SG002151|-|1096
UTNTSkyEdge_tntle_4992_1|4992|1|0|1939|1939|9344.0|-1408.0|9088.0|-1280.0|9216.22360679775|-1343.5527864045|512.0|512.0|512.0|QROCK3|QROCK3X8|1.0|1.0|90.0|-960.0|22|rock|-|SG002151|-|1096
UTNTSkyEdge_tntle_5026_0|5026|0|1|1939|1939|7872.0|896.0|7936.0|896.0|7904.0|895.5|512.0|512.0|512.0|QROCK3X8|QROCK3X8|1.0|1.0|0.0|0.0|22|rock|-|SG002151|-|1096
UTNTSkyEdge_tntle_5033_0|5033|0|1|955|955|7552.0|512.0|7536.0|528.0|7544.353553390593|520.3535533905932|512.0|512.0|512.0|QROCK3|QROCK3X8|1.0|1.0|50.0|0.0|20.4|rock|-|SG002162|-|1107
UTNTSkyEdge_tntle_5035_0|5035|0|1|956|956|7680.0|-320.0|7664.0|-304.0|7672.353553390593|-311.6464466094067|512.0|512.0|512.0|QROCK3|QROCK3X8|1.0|1.0|2.0|0.0|13.2|rock|-|SG002163|-|1108
UTNTSkyEdge_tntle_5042_0|5042|0|1|949|949|7680.0|-1120.0|7552.0|-768.0|7616.469896711744|-943.8291284684567|512.0|512.0|512.0|QROCK3|QROCK3X8|1.0|1.0|57.0|0.0|22|rock|-|SG002155|-|1100
UTNTSkyEdge_tntle_5050_0|5050|0|1|952|952|7792.0|-496.0|7680.0|-320.0|7736.421830743866|-407.7315622539034|512.0|512.0|512.0|QROCK3|QROCK3X8|1.0|1.0|48.627416998|0.0|22|rock|-|SG002153|-|1098
UTNTSkyEdge_tntle_5059_0|5059|0|1|950|950|7536.0|528.0|7424.0|640.0|7480.353553390593|584.3535533905932|512.0|512.0|512.0|QROCK3|QROCK3X8|1.0|1.0|72.627416998|0.0|19.8|rock|-|SG002152|-|1097
UTNTSkyEdge_tntle_5063_0|5063|0|1|955|955|7856.0|896.0|7872.0|896.0|7864.0|895.5|512.0|512.0|512.0|QROCK3|QROCK3X8|1.0|1.0|740.529899243|0.0|20.4|rock|-|SG002162|-|1107
UTNTSkyEdge_tntle_5065_0|5065|0|1|951|951|7664.0|-304.0|7552.0|-128.0|7608.421830743866|-215.73156225390343|512.0|512.0|512.0|QROCK3|QROCK3X8|1.0|1.0|24.627416998|0.0|12.6|rock|-|SG002164|-|1109
UTNTSkyEdge_tntle_5071_0|5071|0|1|956|956|7664.0|368.0|7680.0|384.0|7672.353553390593|375.6464466094067|512.0|512.0|512.0|QROCK3|QROCK3X8|1.0|1.0|741.729848591|0.0|13.2|rock|-|SG002163|-|1108
UTNTSkyEdge_tntle_5072_0|5072|0|1|951|951|7552.0|-128.0|7664.0|368.0|7608.487720501033|119.88986956428268|512.0|512.0|512.0|QROCK3|QROCK3X8|1.0|1.0|233.241893964|0.0|12.6|rock|-|SG002164|-|1109
UTNTSkyEdge_tntle_5085_0|5085|0|1|2061|2061|10048.0|1728.0|10240.0|1664.0|10143.841886116992|1695.5256583509747|512.0|512.0|512.0|QROCK3|QROCK3X8|1.0|1.0|8.0|0.0|22|rock|-|SG002157|-|1102
UTNTSkyEdge_tntle_5091_0|5091|0|1|962|962|8576.0|1216.0|8576.0|1232.0|8576.5|1224.0|512.0|512.0|512.0|QROCK3|QROCK3X8|1.0|1.0|40.0|0.0|22|rock|-|SG002165|-|1110
UTNTSkyEdge_tntle_5095_0|5095|0|1|964|964|9728.0|1664.0|9744.0|1680.0|9736.353553390592|1671.6464466094067|512.0|512.0|512.0|QROCK3|QROCK3X8|1.0|1.0|34.0|0.0|16.2|rock|-|SG002166|-|1111
UTNTSkyEdge_tntle_5097_0|5097|0|1|959|959|8576.0|1168.0|8576.0|1216.0|8576.5|1192.0|512.0|512.0|512.0|QROCK3|QROCK3X8|1.0|1.0|120.0|0.0|22|rock|-|SG002167|-|1112
UTNTSkyEdge_tntle_5105_0|5105|0|1|957|957|8576.0|1232.0|8544.0|1344.0|8560.48076197382|1288.1373605639487|512.0|512.0|512.0|QROCK3|QROCK3X8|1.0|1.0|56.0|0.0|22|rock|-|SG002168|-|1113
UTNTSkyEdge_tntle_5110_0|5110|0|1|960|960|8848.0|1408.0|9600.0|1536.0|9224.083899674024|1471.5070894151079|512.0|512.0|512.0|QROCK3|QROCK3X8|1.0|1.0|114.0|0.0|22|rock|-|SG002159|-|1104
UTNTSkyEdge_tntle_5120_0|5120|0|1|958|958|9744.0|1680.0|9856.0|1792.0|9800.353553390592|1735.6464466094067|512.0|512.0|512.0|QROCK3|QROCK3X8|1.0|1.0|56.627416998|0.0|15.6|rock|-|SG002158|-|1103
UTNTSkyEdge_tntle_5123_0|5123|0|1|964|964|10032.0|1728.0|10048.0|1728.0|10040.0|1727.5|512.0|512.0|512.0|QROCK3|QROCK3X8|1.0|1.0|120.0|0.0|16.2|rock|-|SG002166|-|1111
UTNTSkyEdge_tntle_5133_0|5133|0|0|976|976|8960.0|384.0|8896.0|416.0|8928.22360679775|400.44721359549993|486.0|496.0|476.0|QROCK3|QROCK3X8|1.0|1.0|3.0|-816.0|22|rock|-|SG002169|-|1114
UTNTSkyEdge_tntle_5134_0|5134|0|1|973|973|8448.0|576.0|8288.0|544.0|8367.90194193243|560.4902903378454|384.0|384.0|384.0|QROCK3|QROCK3X8|1.0|1.0|168.93938002|0.0|22|rock|-|SG002170|-|1115
UTNTSkyEdge_tntle_5136_0|5136|0|1|973|973|8576.0|544.0|8448.0|576.0|8512.121267812518|560.4850712500727|384.0|384.0|384.0|QROCK3|QROCK3X8|1.0|1.0|37.0|0.0|22|rock|-|SG002170|-|1115
UTNTSkyEdge_tntle_5137_0|5137|0|1|1939|1939|8864.0|96.0|8896.0|0.0|8879.525658350974|47.84188611699158|512.0|512.0|512.0|QROCK3|QROCK3X8|1.0|1.0|139.377640815|0.0|22|rock|-|SG002151|-|1096
UTNTSkyEdge_tntle_5138_0|5138|0|0|970|970|8608.0|160.0|8704.0|160.0|8656.0|159.5|472.0|456.0|488.0|QROCK3|QROCK3X8|1.0|1.0|120.0|24.0|22|rock|-|SG002171|-|1116
UTNTSkyEdge_tntle_5139_0|5139|0|0|971|971|8416.0|192.0|8512.0|176.0|8463.917800506348|183.50680303808392|400.0|384.0|416.0|QROCK3|QROCK3X8|1.0|1.0|54.0|-776.0|22|rock|-|SG002172|-|1117
UTNTSkyEdge_tntle_5140_0|5140|0|1|973|973|8256.0|288.0|8416.0|192.0|8335.742752122287|239.57125353714372|384.0|384.0|384.0|QROCK3|QROCK3X8|1.0|1.0|635.216355015|0.0|22|rock|-|SG002170|-|1115
UTNTSkyEdge_tntle_5141_0|5141|0|1|973|973|8192.0|416.0|8256.0|288.0|8223.5527864045|351.77639320225|384.0|384.0|384.0|QROCK3|QROCK3X8|1.0|1.0|492.108004455|0.0|22|rock|-|SG002170|-|1115
UTNTSkyEdge_tntle_5142_0|5142|0|1|973|973|8288.0|544.0|8192.0|416.0|8239.6|480.3|384.0|384.0|384.0|QROCK3|QROCK3X8|1.0|1.0|332.108004455|0.0|22|rock|-|SG002170|-|1115
UTNTSkyEdge_tntle_5143_0|5143|0|1|927|927|8768.0|160.0|8864.0|96.0|8815.722649901887|127.58397485283108|499.2|494.4|504.0|QROCK3|QROCK3X8|1.0|1.0|24.0|8.0|22|rock|-|SG002173|-|1118
UTNTSkyEdge_tntle_5144_0|5144|0|1|1939|1939|8896.0|0.0|8832.0|-64.0|8863.646446609408|-31.646446609406727|512.0|512.0|512.0|QROCK3|QROCK3X8|1.0|1.0|240.57052594|0.0|22|rock|-|SG002151|-|1096
UTNTSkyEdge_tntle_5145_0|5145|0|1|1939|1939|8832.0|-64.0|8832.0|-128.0|8831.5|-96.0|512.0|512.0|512.0|QROCK3|QROCK3X8|1.0|1.0|331.080193932|0.0|22|rock|-|SG002151|-|1096
UTNTSkyEdge_tntle_5150_0|5150|0|0|974|974|8768.0|480.0|8672.0|512.0|8720.158113883008|496.47434164902523|438.3157894736842|444.63157894736844|432.0|QROCK3|QROCK3X8|1.0|1.0|91.0|-824.0|22|rock|-|SG002174|-|1119
UTNTSkyEdge_tntle_5153_0|5153|0|1|975|975|9024.0|320.0|8960.0|384.0|8992.353553390592|352.3535533905933|504.0|512.0|496.0|QROCK3|QROCK3X8|1.0|1.0|415.388428031|0.0|22|rock|-|SG002175|-|1120
UTNTSkyEdge_tntle_5166_0|5166|0|0|927|927|8704.0|160.0|8768.0|160.0|8736.0|159.5|491.2|488.0|494.4|QROCK3|QROCK3X8|1.0|1.0|88.0|8.0|22|rock|-|SG002173|-|1118
UTNTSkyEdge_tntle_5170_0|5170|0|0|969|969|8512.0|176.0|8608.0|160.0|8559.917800506348|167.50680303808392|436.0|416.0|456.0|QROCK3|QROCK3X8|1.0|1.0|23.0|56.0|22|rock|-|SG002176|-|1121
UTNTSkyEdge_tntle_5175_0|5175|0|0|972|972|8672.0|512.0|8576.0|544.0|8624.158113883008|528.4743416490253|400.0|416.0|384.0|QROCK3|QROCK3X8|1.0|1.0|64.0|-736.0|22|rock|-|SG002177|-|1122
UTNTSkyEdge_tntle_5177_0|5177|0|0|974|974|8832.0|448.0|8768.0|480.0|8800.22360679775|464.44721359549993|449.6842105263158|454.7368421052632|444.63157894736844|QROCK3|QROCK3X8|1.0|1.0|146.55417528|-872.0|22|rock|-|SG002174|-|1119
UTNTSkyEdge_tntle_5182_0|5182|0|0|976|976|8896.0|416.0|8832.0|448.0|8864.22360679775|432.44721359549993|466.0|476.0|456.0|QROCK3|QROCK3X8|1.0|1.0|75.0|-872.0|22|rock|-|SG002169|-|1114
UTNTSkyEdge_tntle_5673_0|5673|0|1|957|957|8544.0|1344.0|8576.0|1400.0|8560.434121571063|1371.7519305308215|512.0|512.0|512.0|QROCK3|QROCK3X8|1.0|1.0|172.481758228|0.0|22|rock|-|SG002168|-|1113
UTNTSkyEdge_tntle_5800_0|5800|0|1|2979|2979|-1664.0|-5024.0|-2208.0|-5280.0|-1936.212898518165|-5151.547590648899|384.0|384.0|384.0|QROCK3|QROCK3X8|1.0|1.0|223.0|0.0|22|rock|-|SG002121|-|1066
UTNTSkyEdge_tntle_5801_0|5801|0|1|1142|1142|-672.0|-5792.0|-624.0|-5776.0|-647.8418861169915|-5784.4743416490255|384.0|384.0|384.0|QROCK3|QROCK3X8|1.0|1.0|59.0|0.0|13.799999999999999|rock|-|SG002178|-|1123
UTNTSkyEdge_tntle_5802_0|5802|0|1|2874|2874|-768.0|-6048.0|-672.0|-5984.0|-719.7226499018874|-6016.4160251471685|384.0|384.0|384.0|QROCK3|QROCK3X8|1.0|1.0|263.627416998|0.0|22|rock|-|SG002130|-|1075
UTNTSkyEdge_tntle_5803_0|5803|0|1|1142|1142|-672.0|-5984.0|-672.0|-5952.0|-671.5|-5968.0|384.0|384.0|384.0|QROCK3|QROCK3X8|1.0|1.0|123.0|0.0|13.799999999999999|rock|-|SG002178|-|1123
UTNTSkyEdge_tntle_5804_0|5804|0|1|2874|2874|-480.0|-5696.0|-480.0|-5632.0|-479.5|-5664.0|384.0|384.0|384.0|QROCK3|QROCK3X8|1.0|1.0|149.0|0.0|22|rock|-|SG002130|-|1075
UTNTSkyEdge_tntle_5805_0|5805|0|1|1141|1141|-576.0|-5760.0|-544.0|-5744.0|-559.77639320225|-5752.4472135955|384.0|384.0|384.0|QROCK3|QROCK3X8|1.0|1.0|33.0|0.0|18.0|rock|-|SG002179|-|1124
UTNTSkyEdge_tntle_5806_0|5806|0|1|1142|1142|-672.0|-5824.0|-672.0|-5792.0|-671.5|-5808.0|384.0|384.0|384.0|QROCK3|QROCK3X8|1.0|1.0|27.0|0.0|13.799999999999999|rock|-|SG002178|-|1123
UTNTSkyEdge_tntle_5809_1|5809|1|0|1142|1142|-672.0|-5952.0|-672.0|-5824.0|-671.5|-5888.0|384.0|384.0|384.0|QROCK3|QROCK3X8|1.0|1.0|27.0|-992.0|11.52|rock|-|SG002178|-|1123
UTNTSkyEdge_tntle_5813_0|5813|0|0|2874|2874|-48.0|-6560.0|-208.0|-6560.0|-128.0|-6559.5|384.0|384.0|384.0|QROCK3|QROCK3X8|1.0|1.0|89.0|-776.0|22|rock|-|SG002130|-|1075
UTNTSkyEdge_tntle_5874_0|5874|0|0|2979|2979|-1504.0|-5024.0|-1536.0|-5024.0|-1520.0|-5023.5|384.0|384.0|384.0|QROCK3|QROCK3X8|1.0|1.0|63.0|0.0|22|rock|-|SG002121|-|1066
UTNTSkyEdge_tntle_6182_0|6182|0|1|2979|2979|-800.0|-7200.0|-160.0|-7200.0|-480.0|-7200.5|384.0|384.0|384.0|QROCK3|QROCK3X8|1.0|1.0|91.0|0.0|22|rock|-|SG002121|-|1066
UTNTSkyEdge_tntle_6184_0|6184|0|0|2979|2979|-960.0|-7200.0|-944.0|-7200.0|-952.0|-7200.5|384.0|384.0|384.0|QROCK3|QROCK3X8|1.0|1.0|11.0|0.0|22|rock|-|SG002121|-|1066
UTNTSkyEdge_tntle_6185_0|6185|0|0|2979|2979|-944.0|-7200.0|-912.0|-7200.0|-928.0|-7200.5|384.0|384.0|384.0|QROCK3|QROCK3X8|1.0|1.0|91.0|0.0|14.399999999999999|rock|-|SG002121|-|1066
UTNTSkyEdge_tntle_6189_0|6189|0|0|2979|2979|-816.0|-7200.0|-800.0|-7200.0|-808.0|-7200.5|384.0|384.0|384.0|QROCK3|QROCK3X8|1.0|1.0|75.0|0.0|22|rock|-|SG002121|-|1066
UTNTSkyEdge_tntle_6192_0|6192|0|0|2979|2979|-912.0|-7200.0|-848.0|-7200.0|-880.0|-7200.5|384.0|384.0|384.0|QROCK3|QROCK3X8|1.0|1.0|11.0|0.0|5.76|rock|-|SG002121|-|1066
UTNTSkyEdge_tntle_6195_0|6195|0|0|2979|2979|-848.0|-7200.0|-816.0|-7200.0|-832.0|-7200.5|384.0|384.0|384.0|QROCK3|QROCK3X8|1.0|1.0|43.0|0.0|17.28|rock|-|SG002121|-|1066
UTNTSkyEdge_tntle_6197_0|6197|0|1|2979|2979|-2368.0|-6080.0|-2272.0|-6304.0|-2320.459572515009|-6192.19695964929|384.0|384.0|384.0|QROCK3|QROCK3X8|1.0|1.0|616.068537473|0.0|22|rock|-|SG002121|-|1066
UTNTSkyEdge_tntle_6198_0|6198|0|1|2979|2979|-2272.0|-6304.0|-2280.0|-6328.0|-2276.474341649025|-6315.841886116991|384.0|384.0|384.0|QROCK3|QROCK3X8|1.0|1.0|859.77327686|0.0|22|rock|-|SG002121|-|1066
UTNTSkyEdge_tntle_6199_0|6199|0|0|2979|2979|-2304.0|-6400.0|-2296.0|-6432.0|-2300.4850712500725|-6416.121267812518|384.0|384.0|384.0|QROCK3|QROCK3X8|1.0|1.0|64.298221281|0.0|11.52|rock|-|SG002121|-|1066
UTNTSkyEdge_tntle_6200_0|6200|0|1|2979|2979|-2272.0|-6528.0|-2208.0|-6656.0|-2240.4472135954998|-6592.22360679775|384.0|384.0|384.0|QROCK3|QROCK3X8|1.0|1.0|67.984845005|0.0|22|rock|-|SG002121|-|1066
UTNTSkyEdge_tntle_6201_0|6201|0|0|2979|2979|-2280.0|-6328.0|-2288.0|-6352.0|-2284.474341649025|-6339.841886116991|384.0|384.0|384.0|QROCK3|QROCK3X8|1.0|1.0|117.0|0.0|22|rock|-|SG002121|-|1066
UTNTSkyEdge_tntle_6204_0|6204|0|1|2979|2979|-2280.0|-6496.0|-2272.0|-6528.0|-2276.4850712500725|-6512.121267812518|384.0|384.0|384.0|QROCK3|QROCK3X8|1.0|1.0|35.0|0.0|22|rock|-|SG002121|-|1066
UTNTSkyEdge_tntle_6207_0|6207|0|0|2979|2979|-2288.0|-6352.0|-2296.0|-6376.0|-2292.474341649025|-6363.841886116991|384.0|384.0|384.0|QROCK3|QROCK3X8|1.0|1.0|14.0|0.0|17.28|rock|-|SG002121|-|1066
UTNTSkyEdge_tntle_6210_0|6210|0|0|2979|2979|-2296.0|-6376.0|-2304.0|-6400.0|-2300.474341649025|-6387.841886116991|384.0|384.0|384.0|QROCK3|QROCK3X8|1.0|1.0|39.0|0.0|11.52|rock|-|SG002121|-|1066
UTNTSkyEdge_tntle_6213_0|6213|0|0|2979|2979|-2296.0|-6432.0|-2288.0|-6464.0|-2292.4850712500725|-6448.121267812518|384.0|384.0|384.0|QROCK3|QROCK3X8|1.0|1.0|97.0|0.0|22|rock|-|SG002121|-|1066
UTNTSkyEdge_tntle_6216_0|6216|0|0|2979|2979|-2288.0|-6464.0|-2280.0|-6496.0|-2284.4850712500725|-6480.121267812518|384.0|384.0|384.0|QROCK3|QROCK3X8|1.0|1.0|2.0|0.0|22|rock|-|SG002121|-|1066
UTNTSkyEdge_tntle_6219_0|6219|0|0|2979|2979|-1280.0|-5024.0|-1312.0|-5024.0|-1296.0|-5023.5|384.0|384.0|384.0|QROCK3|QROCK3X8|1.0|1.0|87.0|0.0|20.16|rock|-|SG002121|-|1066
UTNTSkyEdge_tntle_6224_0|6224|0|1|2979|2979|-1568.0|-5024.0|-1664.0|-5024.0|-1616.0|-5023.5|384.0|384.0|384.0|QROCK3|QROCK3X8|1.0|1.0|127.0|0.0|22|rock|-|SG002121|-|1066
UTNTSkyEdge_tntle_6226_0|6226|0|0|2979|2979|-1536.0|-5024.0|-1568.0|-5024.0|-1552.0|-5023.5|384.0|384.0|384.0|QROCK3|QROCK3X8|1.0|1.0|95.0|0.0|17.28|rock|-|SG002121|-|1066
UTNTSkyEdge_tntle_6232_0|6232|0|0|2979|2979|-1472.0|-5024.0|-1504.0|-5024.0|-1488.0|-5023.5|384.0|384.0|384.0|QROCK3|QROCK3X8|1.0|1.0|31.0|0.0|14.399999999999999|rock|-|SG002121|-|1066
UTNTSkyEdge_tntle_6234_0|6234|0|0|2979|2979|-1440.0|-5024.0|-1472.0|-5024.0|-1456.0|-5023.5|384.0|384.0|384.0|QROCK3|QROCK3X8|1.0|1.0|127.0|0.0|8.64|rock|-|SG002121|-|1066
UTNTSkyEdge_tntle_6237_0|6237|0|0|2979|2979|-1408.0|-5024.0|-1440.0|-5024.0|-1424.0|-5023.5|384.0|384.0|384.0|QROCK3|QROCK3X8|1.0|1.0|95.0|0.0|5.76|rock|-|SG002121|-|1066
UTNTSkyEdge_tntle_6241_0|6241|0|0|2979|2979|-1376.0|-5024.0|-1408.0|-5024.0|-1392.0|-5023.5|384.0|384.0|384.0|QROCK3|QROCK3X8|1.0|1.0|63.0|0.0|14.399999999999999|rock|-|SG002121|-|1066
UTNTSkyEdge_tntle_6243_0|6243|0|0|2979|2979|-1344.0|-5024.0|-1376.0|-5024.0|-1360.0|-5023.5|384.0|384.0|384.0|QROCK3|QROCK3X8|1.0|1.0|31.0|0.0|20.16|rock|-|SG002121|-|1066
UTNTSkyEdge_tntle_6247_0|6247|0|0|2979|2979|-1312.0|-5024.0|-1344.0|-5024.0|-1328.0|-5023.5|384.0|384.0|384.0|QROCK3|QROCK3X8|1.0|1.0|119.0|0.0|14.399999999999999|rock|-|SG002121|-|1066
UTNTSkyEdge_tntle_6291_0|6291|0|1|98|98|-624.0|-5776.0|-576.0|-5760.0|-599.8418861169915|-5768.4743416490255|384.0|384.0|384.0|QROCK3|QROCK3X8|1.0|1.0|110.0|0.0|16.2|rock|-|SG002180|-|1125
UTNTSkyEdge_tntle_6301_0|6301|0|1|2874|2874|-544.0|-5744.0|-480.0|-5696.0|-511.7|-5720.4|384.0|384.0|384.0|QROCK3|QROCK3X8|1.0|1.0|69.0|0.0|22|rock|-|SG002130|-|1075
UTNTSkyEdge_tntle_6432_0|6432|0|1|2099|2099|10144.0|2696.0|10144.0|2624.0|10143.5|2660.0|576.0|576.0|576.0|QROCK3|QROCK3X8|1.0|1.0|99.0|64.0|21.0|rock|-|SG002181|-|1126
UTNTSkyEdge_tntle_6483_0|6483|0|0|2075|2075|9536.0|2048.0|9504.0|2080.0|9520.353553390592|2064.3535533905933|576.0|576.0|576.0|QROCK3|QROCK3X8|1.0|1.0|443.10044053|-880.0|22|rock|-|SG002182|-|1127
UTNTSkyEdge_tntle_6484_0|6484|0|0|2096|2096|9568.0|1984.0|9536.0|2048.0|9552.4472135955|2016.2236067977499|576.0|576.0|576.0|QROCK3|QROCK3X8|1.0|1.0|371.54626525|-880.0|22|rock|-|SG002183|-|1128
UTNTSkyEdge_tntle_6486_0|6486|0|0|2096|2096|9632.0|1888.0|9568.0|1984.0|9600.41602514717|1936.2773500981127|576.0|576.0|576.0|QROCK3|QROCK3X8|1.0|1.0|256.168624435|-880.0|22|rock|-|SG002183|-|1128
UTNTSkyEdge_tntle_6487_0|6487|0|0|2096|2096|9792.0|1856.0|9632.0|1888.0|9712.09805806757|1872.4902903378454|576.0|576.0|576.0|QROCK3|QROCK3X8|1.0|1.0|93.0|-880.0|22|rock|-|SG002183|-|1128
UTNTSkyEdge_tntle_6490_0|6490|0|1|2096|2096|10048.0|1856.0|9984.0|1824.0|10015.77639320225|1840.4472135955|576.0|576.0|576.0|QROCK3|QROCK3X8|1.0|1.0|737.457415416|64.0|20.4|rock|-|SG002183|-|1128
UTNTSkyEdge_tntle_6555_0|6555|0|1|2874|2874|-336.0|-6560.0|-368.0|-6512.0|-351.5839748528311|-6535.722649901887|384.0|384.0|384.0|QROCK3|QROCK3X8|1.0|1.0|249.0|0.0|22|rock|-|SG002130|-|1075
UTNTSkyEdge_tntle_6571_1|6571|1|0|2874|2874|-448.0|-6528.0|-528.0|-6448.0|-487.6464466094067|-6487.646446609407|384.0|384.0|384.0|QROCK3|QROCK3X8|1.0|1.0|36.0|-896.0|22|rock|-|SG002130|-|1075
UTNTSkyEdge_tntle_6575_1|6575|1|0|2874|2874|-560.0|-6416.0|-640.0|-6336.0|-599.6464466094068|-6375.646446609407|384.0|384.0|384.0|QROCK3|QROCK3X8|1.0|1.0|66.0|-896.0|22|rock|-|SG002130|-|1075
UTNTSkyEdge_tntle_6579_1|6579|1|0|2874|2874|-672.0|-6304.0|-752.0|-6224.0|-711.6464466094068|-6263.646446609407|384.0|384.0|384.0|QROCK3|QROCK3X8|1.0|1.0|96.0|-896.0|22|rock|-|SG002130|-|1075
UTNTSkyEdge_tntle_6583_0|6583|0|1|2874|2874|-752.0|-6224.0|-768.0|-6208.0|-759.6464466094068|-6215.646446609407|384.0|384.0|384.0|QROCK3|QROCK3X8|1.0|1.0|81.0|0.0|22|rock|-|SG002130|-|1075
UTNTSkyEdge_tntle_6584_0|6584|0|1|2874|2874|-528.0|-6448.0|-560.0|-6416.0|-543.6464466094068|-6431.646446609407|384.0|384.0|384.0|QROCK3|QROCK3X8|1.0|1.0|21.0|0.0|22|rock|-|SG002130|-|1075
UTNTSkyEdge_tntle_6585_0|6585|0|1|2874|2874|-640.0|-6336.0|-672.0|-6304.0|-655.6464466094068|-6319.646446609407|384.0|384.0|384.0|QROCK3|QROCK3X8|1.0|1.0|51.0|0.0|22|rock|-|SG002130|-|1075
UTNTSkyEdge_tntle_6591_0|6591|0|1|2874|2874|-208.0|-6560.0|-216.0|-6560.0|-212.0|-6559.5|384.0|384.0|384.0|QROCK3|QROCK3X8|1.0|1.0|121.0|0.0|22|rock|-|SG002130|-|1075
UTNTSkyEdge_tntle_6594_0|6594|0|1|2874|2874|-368.0|-6512.0|-416.0|-6560.0|-392.3535533905933|-6535.646446609407|384.0|384.0|384.0|QROCK3|QROCK3X8|1.0|1.0|306.688820407|0.0|22|rock|-|SG002130|-|1075
UTNTSkyEdge_tntle_6608_0|6608|0|1|2979|2979|-2496.0|-3136.0|-2304.0|-3072.0|-2399.8418861169916|-3104.474341649025|384.0|384.0|384.0|QROCK3|QROCK3X8|1.0|1.0|67.0|0.0|22|rock|-|SG002121|-|1066
UTNTSkyEdge_tntle_6610_0|6610|0|1|1161|1161|-2816.0|-3008.0|-2688.0|-3200.0|-2752.416025147169|-3104.2773500981125|384.0|384.0|384.0|QROCK3|QROCK3X8|1.0|1.0|18.0|0.0|18.0|rock|-|SG002184|-|1129
UTNTSkyEdge_tntle_7206_0|7206|0|1|1265|1265|4000.0|-7104.0|4152.0|-7072.0|4076.103005240525|-7088.489274892493|-856.0|-856.0|-856.0|QROCK3|QROCK3X8|1.0|1.0|101.0|88.0|7.199999999999999|rock|-|SG002185|-|1130
UTNTSkyEdge_tntle_7207_0|7207|0|1|1265|1265|4152.0|-7072.0|4296.0|-7008.0|4224.203069233026|-7040.45690577431|-856.0|-856.0|-856.0|QROCK3|QROCK3X8|1.0|1.0|256.331902712|88.0|7.199999999999999|rock|-|SG002185|-|1130
UTNTSkyEdge_tntle_7284_0|7284|0|1|1280|1280|1984.0|-7104.0|2688.0|-7104.0|2336.0|-7104.5|-704.0|-704.0|-704.0|QROCK3X8|QROCK3X8|1.0|1.0|618.038671968|64.0|14.399999999999999|rock|-|SG002186|-|1131
UTNTSkyEdge_tntle_7285_0|7285|0|1|1280|1280|1856.0|-7232.0|1984.0|-7104.0|1920.3535533905933|-7168.353553390593|-704.0|-704.0|-704.0|QROCK3X8|QROCK3X8|1.0|1.0|437.019335984|64.0|14.399999999999999|rock|-|SG002186|-|1131
UTNTSkyEdge_tntle_7286_0|7286|0|1|1280|1280|1856.0|-7808.0|1856.0|-7232.0|1856.5|-7520.0|-704.0|-704.0|-704.0|QROCK3X8|QROCK3X8|1.0|1.0|885.019335984|64.0|14.399999999999999|rock|-|SG002186|-|1131
UTNTSkyEdge_tntle_7287_0|7287|0|1|1280|1280|1984.0|-7936.0|1856.0|-7808.0|1920.3535533905933|-7871.646446609407|-704.0|-704.0|-704.0|QROCK3X8|QROCK3X8|1.0|1.0|704.0|64.0|14.399999999999999|rock|-|SG002186|-|1131
UTNTSkyEdge_tntle_7288_0|7288|0|1|1280|1280|2688.0|-7936.0|1984.0|-7936.0|2336.0|-7935.5|-704.0|-704.0|-704.0|QROCK3X8|QROCK3X8|1.0|1.0|0.0|64.0|14.399999999999999|rock|-|SG002186|-|1131
UTNTSkyEdge_tntle_7318_0|7318|0|1|1287|1287|5112.0|-7008.0|5360.0|-7104.0|5235.8195029487215|-7056.466284049137|-856.0|-856.0|-856.0|QROCK3|QROCK3X8|1.0|1.0|256.055993729|88.0|7.199999999999999|rock|-|SG002187|-|1132
UTNTSkyEdge_tntle_7319_0|7319|0|1|1287|1287|4864.0|-6976.0|5112.0|-7008.0|4987.936014331185|-6992.495888933317|-856.0|-856.0|-856.0|QROCK3|QROCK3X8|1.0|1.0|6.0|88.0|7.199999999999999|rock|-|SG002187|-|1132
UTNTSkyEdge_tntle_7320_0|7320|0|1|1265|1265|4296.0|-7008.0|4608.0|-6976.0|4452.051014432749|-6992.497390719305|-856.0|-856.0|-856.0|QROCK3|QROCK3X8|1.0|1.0|413.91362754|88.0|7.199999999999999|rock|-|SG002185|-|1130
UTNTSkyEdge_tntle_11338_1|11338|1|0|1929|1929|8304.0|-3536.0|8288.0|-3536.0|8296.0|-3535.5|328.0|328.0|328.0|QROCK3|QROCK3X8|1.0|1.0|0.0|-904.0|22|rock|-|SG002188|-|1133
UTNTSkyEdge_tntle_11339_1|11339|1|0|1929|1929|8336.0|-3408.0|8368.0|-3376.0|8352.353553390592|-3392.3535533905933|328.0|328.0|328.0|QROCK3|QROCK3X8|1.0|1.0|0.0|-904.0|22|rock|-|SG002188|-|1133
UTNTSkyEdge_tntle_11340_1|11340|1|0|1929|1929|8400.0|-3344.0|8400.0|-3328.0|8400.5|-3336.0|328.0|328.0|328.0|QROCK3|QROCK3X8|1.0|1.0|0.0|-904.0|22|rock|-|SG002188|-|1133
UTNTSkyEdge_tntle_11341_1|11341|1|0|1929|1929|8528.0|-3376.0|8560.0|-3408.0|8543.646446609408|-3392.3535533905933|328.0|328.0|328.0|QROCK3|QROCK3X8|1.0|1.0|0.0|-904.0|22|rock|-|SG002188|-|1133
UTNTSkyEdge_tntle_11342_1|11342|1|0|1929|1929|8592.0|-3440.0|8608.0|-3440.0|8600.0|-3440.5|328.0|328.0|328.0|QROCK3|QROCK3X8|1.0|1.0|0.0|-904.0|22|rock|-|SG002188|-|1133
UTNTSkyEdge_tntle_11343_1|11343|1|0|1929|1929|8560.0|-3568.0|8528.0|-3600.0|8543.646446609408|-3583.6464466094067|328.0|328.0|328.0|QROCK3|QROCK3X8|1.0|1.0|0.0|-904.0|22|rock|-|SG002188|-|1133
UTNTSkyEdge_tntle_11344_1|11344|1|0|1929|1929|8496.0|-3632.0|8496.0|-3648.0|8495.5|-3640.0|328.0|328.0|328.0|QROCK3|QROCK3X8|1.0|1.0|0.0|-904.0|22|rock|-|SG002188|-|1133
UTNTSkyEdge_tntle_11345_1|11345|1|0|1929|1929|8368.0|-3600.0|8336.0|-3568.0|8352.353553390592|-3583.6464466094067|328.0|328.0|328.0|QROCK3|QROCK3X8|1.0|1.0|0.0|-904.0|22|rock|-|SG002188|-|1133
UTNTSkyEdge_tntle_11402_1|11402|1|0|1929|1929|8288.0|-3440.0|8304.0|-3440.0|8296.0|-3440.5|328.0|328.0|328.0|QROCK3|QROCK3X8|1.0|1.0|112.0|-904.0|22|rock|-|SG002188|-|1133
UTNTSkyEdge_tntle_11403_1|11403|1|0|1929|1929|8288.0|-3536.0|8288.0|-3440.0|8288.5|-3488.0|328.0|328.0|328.0|QROCK3|QROCK3X8|1.0|1.0|16.0|-904.0|22|rock|-|SG002188|-|1133
UTNTSkyEdge_tntle_11404_1|11404|1|0|1929|1929|8496.0|-3648.0|8400.0|-3648.0|8448.0|-3647.5|328.0|328.0|328.0|QROCK3|QROCK3X8|1.0|1.0|16.0|-904.0|22|rock|-|SG002188|-|1133
UTNTSkyEdge_tntle_11405_1|11405|1|0|1929|1929|8400.0|-3648.0|8400.0|-3632.0|8400.5|-3640.0|328.0|328.0|328.0|QROCK3|QROCK3X8|1.0|1.0|112.0|-904.0|22|rock|-|SG002188|-|1133
UTNTSkyEdge_tntle_11406_1|11406|1|0|1929|1929|8608.0|-3440.0|8608.0|-3536.0|8607.5|-3488.0|328.0|328.0|328.0|QROCK3|QROCK3X8|1.0|1.0|16.0|-904.0|22|rock|-|SG002188|-|1133
UTNTSkyEdge_tntle_11407_1|11407|1|0|1929|1929|8608.0|-3536.0|8592.0|-3536.0|8600.0|-3535.5|328.0|328.0|328.0|QROCK3|QROCK3X8|1.0|1.0|112.0|-904.0|22|rock|-|SG002188|-|1133
UTNTSkyEdge_tntle_11408_1|11408|1|0|1929|1929|8496.0|-3328.0|8496.0|-3344.0|8495.5|-3336.0|328.0|328.0|328.0|QROCK3|QROCK3X8|1.0|1.0|112.0|-904.0|22|rock|-|SG002188|-|1133
UTNTSkyEdge_tntle_11409_1|11409|1|0|1929|1929|8400.0|-3328.0|8496.0|-3328.0|8448.0|-3328.5|328.0|328.0|328.0|QROCK3|QROCK3X8|1.0|1.0|16.0|-904.0|22|rock|-|SG002188|-|1133
UTNTSkyEdge_tntle_11457_0|11457|0|1|1939|1939|9008.0|-744.0|9472.0|-1024.0|9239.741667516058|-884.4280938305328|512.0|512.0|512.0|QROCK3X8|QROCK3X8|1.0|1.0|103.257456259|0.0|22|rock|-|SG002151|-|1096
UTNTSkyEdge_tntle_11462_0|11462|0|0|1939|1939|8900.0|-680.0|8952.0|-716.0|8925.715395010584|-698.4110960958219|512.0|512.0|512.0|QROCK3X8|QROCK3X8|1.0|1.0|105.401999685|0.0|22|rock|-|SG002151|-|1096
UTNTSkyEdge_tntle_11463_0|11463|0|0|1939|1939|8952.0|-716.0|9008.0|-744.0|8979.77639320225|-730.4472135955|512.0|512.0|512.0|QROCK3X8|QROCK3X8|1.0|1.0|168.647552888|0.0|22|rock|-|SG002151|-|1096
UTNTSkyEdge_tntle_11587_0|11587|0|1|1981|1981|11872.0|352.0|11776.0|384.0|11824.158113883008|368.47434164902523|512.0|512.0|512.0|QROCK3X8|QROCK3X8|1.0|1.0|972.78604116|0.0|22|rock|-|SG002189|-|1134
UTNTSkyEdge_tntle_11588_1|11588|1|0|1981|1981|11904.0|1856.0|11968.0|1984.0|11936.4472135955|1919.7763932022501|512.0|512.0|512.0|QROCK3|QROCK3X8|1.0|1.0|598.348176466|-976.0|17.28|rock|-|SG002189|-|1134
UTNTSkyEdge_tntle_11589_1|11589|1|0|1981|1981|11904.0|1664.0|11904.0|1856.0|11904.5|1760.0|512.0|512.0|512.0|QROCK3|QROCK3X8|1.0|1.0|406.348176466|-976.0|17.28|rock|-|SG002189|-|1134
UTNTSkyEdge_tntle_11590_1|11590|1|0|1981|1981|11968.0|1536.0|11904.0|1664.0|11936.4472135955|1600.2236067977499|512.0|512.0|512.0|QROCK3|QROCK3X8|1.0|1.0|263.239825906|-976.0|17.28|rock|-|SG002189|-|1134
UTNTSkyEdge_tntle_11591_1|11591|1|0|1981|1981|11968.0|1344.0|11968.0|1536.0|11968.5|1440.0|512.0|512.0|512.0|QROCK3|QROCK3X8|1.0|1.0|71.239825906|-976.0|17.28|rock|-|SG002189|-|1134
UTNTSkyEdge_tntle_11592_1|11592|1|0|1981|1981|11904.0|1216.0|11968.0|1344.0|11936.4472135955|1279.7763932022501|512.0|512.0|512.0|QROCK3|QROCK3X8|1.0|1.0|952.131475346|-976.0|17.28|rock|-|SG002189|-|1134
UTNTSkyEdge_tntle_11593_1|11593|1|0|1981|1981|11968.0|1024.0|11904.0|1216.0|11936.474341649026|1120.1581138830084|512.0|512.0|512.0|QROCK3|QROCK3X8|1.0|1.0|749.745705096|-976.0|17.28|rock|-|SG002189|-|1134
UTNTSkyEdge_tntle_11594_1|11594|1|0|1981|1981|11904.0|896.0|11968.0|1024.0|11936.4472135955|959.77639320225|512.0|512.0|512.0|QROCK3|QROCK3X8|1.0|1.0|606.637354536|-976.0|17.28|rock|-|SG002189|-|1134
UTNTSkyEdge_tntle_11595_1|11595|1|0|1981|1981|11904.0|704.0|11904.0|896.0|11904.5|800.0|512.0|512.0|512.0|QROCK3|QROCK3X8|1.0|1.0|414.637354536|-976.0|17.28|rock|-|SG002189|-|1134
UTNTSkyEdge_tntle_11596_1|11596|1|0|1981|1981|11840.0|576.0|11904.0|704.0|11872.4472135955|639.77639320225|512.0|512.0|512.0|QROCK3|QROCK3X8|1.0|1.0|271.529003976|-976.0|17.28|rock|-|SG002189|-|1134
UTNTSkyEdge_tntle_11597_1|11597|1|0|1981|1981|11776.0|384.0|11904.0|512.0|11840.353553390592|447.6464466094067|512.0|512.0|512.0|QROCK3|QROCK3X8|1.0|1.0|0.0|0.0|17.28|rock|-|SG002189|-|1134
UTNTSkyEdge_tntle_11598_1|11598|1|0|1981|1981|11904.0|512.0|11840.0|576.0|11872.353553390592|544.3535533905932|512.0|512.0|512.0|QROCK3|QROCK3X8|1.0|1.0|181.019335984|-976.0|17.28|rock|-|SG002189|-|1134
UTNTSkyEdge_tntle_11676_0|11676|0|1|1981|1981|11968.0|384.0|11872.0|352.0|11919.841886116992|368.47434164902523|512.0|512.0|512.0|QROCK3X8|QROCK3X8|1.0|1.0|871.593156034|0.0|22|rock|-|SG002189|-|1134
UTNTSkyEdge_tntle_11691_0|11691|0|1|1981|1981|12192.0|320.0|11968.0|384.0|12080.13736056395|352.4807619738204|512.0|512.0|512.0|QROCK3X8|QROCK3X8|1.0|1.0|638.629639577|0.0|22|rock|-|SG002189|-|1134
UTNTSkyEdge_tntle_11693_0|11693|0|1|1981|1981|11968.0|1984.0|12096.0|2016.0|12032.121267812518|1999.5149287499273|512.0|512.0|512.0|QROCK3X8|QROCK3X8|1.0|1.0|0.0|0.0|22|rock|-|SG002189|-|1134
UTNTSkyEdge_tntle_11694_0|11694|0|1|1981|1981|12096.0|2016.0|12352.0|1984.0|12223.937982632706|1999.5038610616432|512.0|512.0|512.0|QROCK3X8|QROCK3X8|1.0|1.0|131.93938002|0.0|22|rock|-|SG002189|-|1134
UTNTSkyEdge_tntle_11695_0|11695|0|1|1981|1981|12352.0|1984.0|12576.0|2048.0|12464.13736056395|2015.5192380261797|512.0|512.0|512.0|QROCK3X8|QROCK3X8|1.0|1.0|389.931627965|0.0|22|rock|-|SG002189|-|1134
UTNTSkyEdge_tntle_11696_0|11696|0|1|1981|1981|12576.0|2048.0|12736.0|1984.0|12655.814304661822|2015.5357616545573|512.0|512.0|512.0|QROCK3X8|QROCK3X8|1.0|1.0|622.895144422|0.0|22|rock|-|SG002189|-|1134
UTNTSkyEdge_tntle_11698_0|11698|0|1|1981|1981|12736.0|416.0|12544.0|352.0|12639.841886116992|384.47434164902523|512.0|512.0|512.0|QROCK3X8|QROCK3X8|1.0|1.0|66.861348787|0.0|22|rock|-|SG002189|-|1134
UTNTSkyEdge_tntle_11699_0|11699|0|1|1981|1981|12544.0|352.0|12320.0|384.0|12432.07071067812|368.49497474683056|512.0|512.0|512.0|QROCK3X8|QROCK3X8|1.0|1.0|269.247119037|0.0|22|rock|-|SG002189|-|1134
UTNTSkyEdge_tntle_11700_0|11700|0|1|1981|1981|12320.0|384.0|12192.0|320.0|12255.77639320225|352.44721359549993|512.0|512.0|512.0|QROCK3X8|QROCK3X8|1.0|1.0|495.521289017|0.0|22|rock|-|SG002189|-|1134
UTNTSkyEdge_tntle_11927_0|11927|0|1|1981|1981|13056.0|320.0|12736.0|416.0|12896.143673942783|368.47891314261057|512.0|512.0|512.0|QROCK3X8|QROCK3X8|1.0|1.0|756.771540502|0.0|22|rock|-|SG002189|-|1134
UTNTSkyEdge_tntle_11928_0|11928|0|1|1981|1981|13440.0|448.0|13056.0|320.0|13247.841886116992|384.47434164902523|512.0|512.0|512.0|QROCK3X8|QROCK3X8|1.0|1.0|352.0|0.0|22|rock|-|SG002189|-|1134
UTNTSkyEdge_tntle_11930_0|11930|0|1|1981|1981|13568.0|1984.0|13792.0|1984.0|13680.0|1983.5|512.0|512.0|512.0|QROCK3X8|QROCK3X8|1.0|1.0|654.65019762|0.0|22|rock|-|SG002189|-|1134
UTNTSkyEdge_tntle_11931_0|11931|0|1|1981|1981|13248.0|2048.0|13568.0|1984.0|13407.90194193243|2015.5097096621546|512.0|512.0|512.0|QROCK3X8|QROCK3X8|1.0|1.0|328.31294875|0.0|22|rock|-|SG002189|-|1134
UTNTSkyEdge_tntle_11932_0|11932|0|1|1981|1981|13056.0|1920.0|13248.0|2048.0|13152.277350098113|1983.583974852831|512.0|512.0|512.0|QROCK3X8|QROCK3X8|1.0|1.0|97.557667121|0.0|22|rock|-|SG002189|-|1134
UTNTSkyEdge_tntle_11933_0|11933|0|1|1981|1981|12736.0|1984.0|13056.0|1920.0|12895.90194193243|1951.5097096621546|512.0|512.0|512.0|QROCK3X8|QROCK3X8|1.0|1.0|795.220418251|0.0|22|rock|-|SG002189|-|1134
UTNTSkyEdge_tntle_12014_0|12014|0|1|2747|2747|14208.0|1984.0|14464.0|1920.0|14335.878732187482|1951.5149287499273|504.0|504.0|504.0|QROCK3X8|QROCK3X8|1.0|1.0|224.0|8.0|22|rock|-|SG002147|-|1092
UTNTSkyEdge_tntle_12015_0|12015|0|1|2747|2747|14464.0|1920.0|14912.0|2048.0|14688.13736056395|1983.5192380261797|504.0|504.0|504.0|QROCK3X8|QROCK3X8|1.0|1.0|487.87876004|8.0|22|rock|-|SG002147|-|1092
UTNTSkyEdge_tntle_12016_0|12016|0|1|2747|2747|14912.0|2048.0|15232.0|1984.0|15071.90194193243|2015.5097096621546|504.0|504.0|504.0|QROCK3X8|QROCK3X8|1.0|1.0|953.805792953|8.0|22|rock|-|SG002147|-|1092
UTNTSkyEdge_tntle_12017_0|12017|0|1|2747|2747|15232.0|1984.0|15552.0|2048.0|15392.09805806757|2015.5097096621546|504.0|504.0|504.0|QROCK3X8|QROCK3X8|1.0|1.0|256.143041823|8.0|22|rock|-|SG002147|-|1092
UTNTSkyEdge_tntle_12018_0|12018|0|1|2747|2747|15552.0|2048.0|15792.0|1952.0|15671.814304661822|1999.5357616545573|504.0|504.0|504.0|QROCK3X8|QROCK3X8|1.0|1.0|582.480290693|8.0|22|rock|-|SG002147|-|1092
UTNTSkyEdge_tntle_12019_0|12019|0|1|2051|2051|15872.0|1920.0|16000.0|1856.0|15935.77639320225|1887.5527864045|504.0|504.0|504.0|QROCK3|QROCK3X8|1.0|1.0|82.0|8.0|22|rock|-|SG002190|-|1135
UTNTSkyEdge_tntle_12020_0|12020|0|1|2051|2051|16000.0|1856.0|16384.0|1920.0|16192.082199493652|1887.506803038084|504.0|504.0|504.0|QROCK3|QROCK3X8|1.0|1.0|225.10835056|8.0|22|rock|-|SG002190|-|1135
UTNTSkyEdge_tntle_12021_0|12021|0|1|2051|2051|16384.0|1920.0|16576.0|2048.0|16480.277350098113|1983.583974852831|504.0|504.0|504.0|QROCK3|QROCK3X8|1.0|1.0|614.405152499|8.0|22|rock|-|SG002190|-|1135
UTNTSkyEdge_tntle_12022_0|12022|0|1|2051|2051|16576.0|2048.0|16768.0|2048.0|16672.0|2047.5|504.0|504.0|504.0|QROCK3|QROCK3X8|1.0|1.0|845.160434129|8.0|22|rock|-|SG002190|-|1135
UTNTSkyEdge_tntle_12023_0|12023|0|1|2746|2746|16768.0|2048.0|16828.0|2024.0|16797.814304661824|2035.5357616545573|504.0|504.0|504.0|QROCK3|QROCK3X8|1.0|1.0|13.0|8.0|22|rock|-|SG002148|-|1093
UTNTSkyEdge_tntle_12024_0|12024|0|1|2748|2748|17088.0|1920.0|17216.0|2048.0|17152.353553390592|1983.6464466094067|504.0|504.0|504.0|QROCK3X8|QROCK3X8|1.0|1.0|357.650547657|8.0|22|rock|-|SG002150|-|1095
UTNTSkyEdge_tntle_12025_0|12025|0|1|2748|2748|17216.0|2048.0|17600.0|1984.0|17407.917800506348|2015.506803038084|504.0|504.0|504.0|QROCK3X8|QROCK3X8|1.0|1.0|538.66988364|8.0|22|rock|-|SG002150|-|1095
UTNTSkyEdge_tntle_12026_0|12026|0|1|2748|2748|17600.0|1984.0|17856.0|2048.0|17728.12126781252|2015.5149287499273|504.0|504.0|504.0|QROCK3X8|QROCK3X8|1.0|1.0|927.966685579|8.0|22|rock|-|SG002150|-|1095
UTNTSkyEdge_tntle_12027_0|12027|0|1|2748|2748|17856.0|2048.0|18368.0|1984.0|18111.937982632706|2015.5038610616432|504.0|504.0|504.0|QROCK3X8|QROCK3X8|1.0|1.0|167.845445619|8.0|22|rock|-|SG002150|-|1095
UTNTSkyEdge_tntle_12028_0|12028|0|1|2748|2748|18368.0|1984.0|18752.0|2176.0|18560.22360679775|2079.5527864045002|504.0|504.0|504.0|QROCK3X8|QROCK3X8|1.0|1.0|683.82994151|8.0|22|rock|-|SG002150|-|1095
UTNTSkyEdge_tntle_12036_0|12036|0|1|2748|2748|18432.0|512.0|18176.0|576.0|18304.12126781252|544.4850712500727|504.0|504.0|504.0|QROCK3X8|QROCK3X8|1.0|1.0|224.0|8.0|22|rock|-|SG002150|-|1095
UTNTSkyEdge_tntle_12037_0|12037|0|1|2748|2748|18176.0|576.0|17792.0|448.0|17983.841886116992|512.4743416490253|504.0|504.0|504.0|QROCK3X8|QROCK3X8|1.0|1.0|487.87876004|8.0|22|rock|-|SG002150|-|1095
UTNTSkyEdge_tntle_12038_0|12038|0|1|2748|2748|17792.0|448.0|17216.0|512.0|17504.055215763037|480.49694186733683|504.0|504.0|504.0|QROCK3X8|QROCK3X8|1.0|1.0|892.650300541|8.0|22|rock|-|SG002150|-|1095
UTNTSkyEdge_tntle_12039_0|12039|0|1|2748|2748|17216.0|512.0|16992.0|568.0|17104.12126781252|540.4850712500727|504.0|504.0|504.0|QROCK3X8|QROCK3X8|1.0|1.0|448.194949382|8.0|22|rock|-|SG002150|-|1095
UTNTSkyEdge_tntle_12040_0|12040|0|1|2051|2051|16960.0|576.0|16640.0|448.0|16799.814304661824|512.4642383454426|504.0|504.0|504.0|QROCK3|QROCK3X8|1.0|1.0|105.0|8.0|22|rock|-|SG002190|-|1135
UTNTSkyEdge_tntle_12041_0|12041|0|0|2051|2051|16640.0|448.0|16288.0|448.0|16464.0|448.5|504.0|504.0|504.0|QROCK3|QROCK3X8|1.0|1.0|449.650547657|384.0|22|rock|-|SG002190|-|1135
UTNTSkyEdge_tntle_12042_0|12042|0|1|2051|2051|16256.0|448.0|16064.0|512.0|16160.158113883008|480.47434164902523|504.0|504.0|504.0|QROCK3|QROCK3X8|1.0|1.0|833.650547657|8.0|22|rock|-|SG002190|-|1135
UTNTSkyEdge_tntle_12043_0|12043|0|1|2741|2741|16064.0|512.0|15996.0|508.0|16029.970638989023|510.4991371865875|504.0|504.0|504.0|QROCK3|QROCK3X8|1.0|1.0|0.0|8.0|22|rock|-|SG002149|-|1094
UTNTSkyEdge_tntle_12044_0|12044|0|1|2747|2747|15360.0|448.0|15232.0|640.0|15296.41602514717|544.2773500981126|504.0|504.0|504.0|QROCK3X8|QROCK3X8|1.0|1.0|706.941464866|8.0|22|rock|-|SG002147|-|1092
UTNTSkyEdge_tntle_12045_0|12045|0|1|2747|2747|15232.0|640.0|15040.0|384.0|15135.6|512.3|504.0|504.0|504.0|QROCK3X8|QROCK3X8|1.0|1.0|937.696746495|8.0|22|rock|-|SG002147|-|1092
UTNTSkyEdge_tntle_12046_0|12046|0|1|2747|2747|15040.0|384.0|14784.0|512.0|14912.22360679775|448.44721359549993|504.0|504.0|504.0|QROCK3X8|QROCK3X8|1.0|1.0|233.696746495|8.0|22|rock|-|SG002147|-|1092
UTNTSkyEdge_tntle_12047_0|12047|0|1|2747|2747|14784.0|512.0|14528.0|384.0|14655.77639320225|448.44721359549993|504.0|504.0|504.0|QROCK3X8|QROCK3X8|1.0|1.0|519.913447615|8.0|22|rock|-|SG002147|-|1092
UTNTSkyEdge_tntle_12048_0|12048|0|1|2747|2747|14528.0|384.0|13984.0|448.0|14256.058420623784|416.49657530216143|504.0|504.0|504.0|QROCK3X8|QROCK3X8|1.0|1.0|806.130148735|8.0|22|rock|-|SG002147|-|1092
UTNTSkyEdge_tntle_12051_0|12051|0|1|1981|1981|13792.0|448.0|13440.0|448.0|13616.0|448.5|512.0|512.0|512.0|QROCK3X8|QROCK3X8|1.0|1.0|0.0|0.0|22|rock|-|SG002189|-|1134
UTNTSkyEdge_tntle_12056_0|12056|0|1|2747|2747|13984.0|1984.0|14208.0|1984.0|14096.0|1983.5|504.0|504.0|504.0|QROCK3X8|QROCK3X8|1.0|1.0|0.0|8.0|22|rock|-|SG002147|-|1092
UTNTSkyEdge_tntle_12340_0|12340|0|0|2748|2748|18752.0|2176.0|18656.0|1984.0|18703.5527864045|2080.22360679775|504.0|504.0|504.0|QROCK3X8|QROCK3X8|1.0|1.0|0.0|-832.0|22|rock|-|SG002150|-|1095
UTNTSkyEdge_tntle_12341_0|12341|0|0|2748|2748|18656.0|1984.0|18528.0|1888.0|18591.7|1936.4|504.0|504.0|504.0|QROCK3X8|QROCK3X8|1.0|1.0|214.66252584|-832.0|22|rock|-|SG002150|-|1095
UTNTSkyEdge_tntle_12342_0|12342|0|0|2748|2748|18528.0|1888.0|18528.0|1792.0|18527.5|1840.0|504.0|504.0|504.0|QROCK3X8|QROCK3X8|1.0|1.0|374.66252584|-832.0|22|rock|-|SG002150|-|1095
UTNTSkyEdge_tntle_12343_0|12343|0|0|2748|2748|18528.0|1792.0|18592.0|1664.0|18559.5527864045|1727.7763932022501|504.0|504.0|504.0|QROCK3X8|QROCK3X8|1.0|1.0|470.66252584|-832.0|22|rock|-|SG002150|-|1095
UTNTSkyEdge_tntle_12344_0|12344|0|0|2748|2748|18592.0|1664.0|18560.0|1504.0|18575.509709662154|1584.0980580675691|504.0|504.0|504.0|QROCK3X8|QROCK3X8|1.0|1.0|613.7708764|-832.0|22|rock|-|SG002150|-|1095
UTNTSkyEdge_tntle_12345_0|12345|0|0|2748|2748|18560.0|1504.0|18496.0|1408.0|18527.58397485283|1456.2773500981127|504.0|504.0|504.0|QROCK3X8|QROCK3X8|1.0|1.0|776.939500835|-832.0|22|rock|-|SG002150|-|1095
UTNTSkyEdge_tntle_12346_0|12346|0|0|2748|2748|18496.0|1408.0|18432.0|1184.0|18463.51923802618|1296.1373605639487|504.0|504.0|504.0|QROCK3X8|QROCK3X8|1.0|1.0|892.31714165|-832.0|22|rock|-|SG002150|-|1095
UTNTSkyEdge_tntle_12347_0|12347|0|0|2748|2748|18432.0|1184.0|18496.0|1088.0|18463.58397485283|1135.7226499018873|504.0|504.0|504.0|QROCK3X8|QROCK3X8|1.0|1.0|101.280658107|-832.0|22|rock|-|SG002150|-|1095
UTNTSkyEdge_tntle_12348_0|12348|0|0|2748|2748|18496.0|1088.0|18496.0|928.0|18495.5|1008.0|504.0|504.0|504.0|QROCK3X8|QROCK3X8|1.0|1.0|216.658298922|-832.0|22|rock|-|SG002150|-|1095
UTNTSkyEdge_tntle_12349_0|12349|0|0|2748|2748|18496.0|928.0|18528.0|704.0|18511.50502525317|815.9292893218814|504.0|504.0|504.0|QROCK3X8|QROCK3X8|1.0|1.0|376.658298922|-832.0|22|rock|-|SG002150|-|1095
UTNTSkyEdge_tntle_12350_0|12350|0|0|2748|2748|18528.0|704.0|18624.0|608.0|18575.646446609408|655.6464466094068|504.0|504.0|504.0|QROCK3X8|QROCK3X8|1.0|1.0|602.932468901|-832.0|22|rock|-|SG002150|-|1095
UTNTSkyEdge_tntle_12351_0|12351|0|1|2748|2748|18656.0|512.0|18432.0|512.0|18544.0|512.5|504.0|504.0|504.0|QROCK3X8|QROCK3X8|1.0|1.0|0.0|8.0|22|rock|-|SG002150|-|1095
UTNTSkyEdge_tntle_12352_0|12352|0|0|2748|2748|18624.0|608.0|18656.0|512.0|18639.525658350976|559.8418861169915|504.0|504.0|504.0|QROCK3X8|QROCK3X8|1.0|1.0|738.696970889|-832.0|22|rock|-|SG002150|-|1095
UTNTSkyEdge_tntle_12417_0|12417|0|1|958|958|9984.0|1792.0|10032.0|1728.0|10007.6|1759.7|512.0|512.0|512.0|QROCK3|QROCK3X8|1.0|1.0|40.0|0.0|15.6|rock|-|SG002158|-|1103
UTNTSkyEdge_tntle_12424_0|12424|0|1|957|957|8712.0|1384.0|8832.0|1408.0|8772.09805806757|1395.5097096621546|512.0|512.0|512.0|QROCK3|QROCK3X8|1.0|1.0|222.223571504|0.0|22|rock|-|SG002168|-|1113
UTNTSkyEdge_tntle_12425_0|12425|0|0|957|957|8576.0|1400.0|8608.0|1400.0|8592.0|1399.5|512.0|512.0|512.0|QROCK3|QROCK3X8|1.0|1.0|85.0|0.0|22|rock|-|SG002168|-|1113
UTNTSkyEdge_tntle_12428_0|12428|0|1|957|957|8608.0|1400.0|8712.0|1384.0|8659.923971407872|1391.5058141511747|512.0|512.0|512.0|QROCK3|QROCK3X8|1.0|1.0|117.0|0.0|22|rock|-|SG002168|-|1113
UTNTSkyEdge_tntle_12431_1|12431|1|0|2096|2096|9984.0|1824.0|9856.0|1824.0|9920.0|1824.5|576.0|576.0|576.0|QROCK3|QROCK3X8|1.0|1.0|41.0|64.0|22|rock|-|SG002183|-|1128
UTNTSkyEdge_tntle_12438_0|12438|0|1|2096|2096|9856.0|1824.0|9792.0|1856.0|9824.22360679775|1840.4472135955|576.0|576.0|576.0|QROCK3|QROCK3X8|1.0|1.0|41.0|64.0|20.4|rock|-|SG002183|-|1128
UTNTSkyEdge_tntle_12439_0|12439|0|1|2096|2096|10144.0|1824.0|10048.0|1856.0|10096.158113883008|1840.4743416490253|576.0|576.0|576.0|QROCK3|QROCK3X8|1.0|1.0|636.26453029|64.0|20.4|rock|-|SG002183|-|1128
UTNTSkyEdge_tntle_12465_0|12465|0|0|2096|2096|9504.0|2736.0|9568.0|2752.0|9536.121267812518|2743.5149287499275|576.0|576.0|576.0|QROCK3|QROCK3X8|1.0|1.0|46.0|-912.0|17.28|rock|-|SG002183|-|1128
UTNTSkyEdge_tntle_12466_0|12466|0|1|2096|2096|10144.0|2720.0|10144.0|2696.0|10143.5|2708.0|576.0|576.0|576.0|QROCK3|QROCK3X8|1.0|1.0|75.0|64.0|20.4|rock|-|SG002183|-|1128
UTNTSkyEdge_tntle_12467_0|12467|0|0|2096|2096|10080.0|2752.0|10144.0|2720.0|10111.77639320225|2735.5527864045002|576.0|576.0|576.0|QROCK3|QROCK3X8|1.0|1.0|3.0|-912.0|17.28|rock|-|SG002183|-|1128
UTNTSkyEdge_tntle_12500_0|12500|0|1|2098|2098|10144.0|2368.0|10144.0|2272.0|10143.5|2320.0|576.0|576.0|576.0|QROCK3|QROCK3X8|1.0|1.0|74.0|64.0|20.4|rock|-|SG002191|-|1136
UTNTSkyEdge_tntle_12501_0|12501|0|1|2086|2086|10144.0|2272.0|10208.0|2016.0|10175.514928749928|2143.878732187482|576.0|576.0|576.0|QROCK3|QROCK3X8|1.0|1.0|170.0|64.0|21.0|rock|-|SG002192|-|1137
UTNTSkyEdge_tntle_12505_0|12505|0|1|2075|2075|9504.0|2080.0|9440.0|2144.0|9472.353553390592|2112.3535533905933|576.0|576.0|576.0|QROCK3|QROCK3X8|1.0|1.0|101.0|64.0|21.0|rock|-|SG002182|-|1127
UTNTSkyEdge_tntle_12506_0|12506|0|1|2075|2075|9440.0|2144.0|9504.0|2368.0|9472.48076197382|2255.8626394360513|576.0|576.0|576.0|QROCK3|QROCK3X8|1.0|1.0|191.509667992|64.0|21.0|rock|-|SG002182|-|1127
UTNTSkyEdge_tntle_12507_0|12507|0|1|2096|2096|9504.0|2368.0|9440.0|2560.0|9472.474341649026|2464.1581138830084|576.0|576.0|576.0|QROCK3|QROCK3X8|1.0|1.0|424.473184449|64.0|20.4|rock|-|SG002183|-|1128
UTNTSkyEdge_tntle_12508_0|12508|0|1|2084|2084|9440.0|2560.0|9504.0|2736.0|9472.469896711744|2647.8291284684565|576.0|576.0|576.0|QROCK3|QROCK3X8|1.0|1.0|626.8589547|64.0|21.0|rock|-|SG002193|-|1138
UTNTSkyEdge_tntle_12509_0|12509|0|1|2086|2086|10208.0|2016.0|10144.0|1824.0|10175.525658350974|1920.1581138830084|576.0|576.0|576.0|QROCK3|QROCK3X8|1.0|1.0|433.87876004|64.0|21.0|rock|-|SG002192|-|1137
UTNTSkyEdge_tntle_12519_0|12519|0|0|2099|2099|10144.0|2624.0|10112.0|2560.0|10127.5527864045|2592.22360679775|576.0|576.0|576.0|QROCK3|QROCK3X8|1.0|1.0|0.0|-848.0|22|rock|-|SG002181|-|1126
UTNTSkyEdge_tntle_12520_0|12520|0|0|2098|2098|10112.0|2560.0|10144.0|2368.0|10127.506803038084|2463.9178005063472|576.0|576.0|576.0|QROCK3|QROCK3X8|1.0|1.0|71.55417528|-848.0|22|rock|-|SG002191|-|1136
UTNTSkyEdge_tntle_12740_0|12740|0|1|2145|2145|-415.0|-2562.0|-414.0|-2564.0|-414.94721359549993|-2563.22360679775|384.0|384.0|384.0|QROCK3|QROCK3X8|1.0|1.0|26.236067977|0.0|19.8|rock|-|SG002194|-|1139
UTNTSkyEdge_tntle_12746_0|12746|0|1|2146|2146|-414.0|-2564.0|-384.0|-2624.0|-399.44721359549993|-2594.22360679775|384.0|384.0|384.0|QROCK3|QROCK3X8|1.0|1.0|28.472135955|0.0|20.4|rock|-|SG002134|-|1079
UTNTSkyEdge_tntle_12749_0|12749|0|1|2146|2146|-318.0|-3198.0|-320.0|-3200.0|-319.3535533905933|-3198.6464466094067|384.0|384.0|384.0|QROCK3|QROCK3X8|1.0|1.0|179.681240867|0.0|20.4|rock|-|SG002134|-|1079
UTNTSkyEdge_tntle_12754_0|12754|0|1|2144|2144|-316.0|-3196.0|-318.0|-3198.0|-317.3535533905933|-3196.6464466094067|384.0|384.0|384.0|QROCK3|QROCK3X8|1.0|1.0|176.852813742|0.0|19.8|rock|-|SG002195|-|1140
UTNTSkyEdge_tntle_12807_0|12807|0|0|2177|2177|2576.0|-4256.0|2576.0|-4240.0|2576.5|-4248.0|384.0|384.0|384.0|QROCK3|QROCK3X8|1.0|1.0|224.0|-832.0|22|rock|-|SG002137|-|1082
UTNTSkyEdge_tntle_12808_0|12808|0|0|2178|2178|2576.0|-4352.0|2576.0|-4256.0|2576.5|-4304.0|384.0|384.0|384.0|QROCK3|QROCK3X8|1.0|1.0|128.0|-832.0|22|rock|-|SG002196|-|1141
UTNTSkyEdge_tntle_13367_0|13367|0|1|2979|2979|2208.0|-3168.0|2048.0|-3072.0|2128.257247877714|-3119.5712535371435|384.0|384.0|384.0|QROCK3|QROCK3X8|1.0|1.0|54.0|0.0|22|rock|-|SG002121|-|1066
UTNTSkyEdge_tntle_13368_1|13368|1|0|2979|2979|2312.0|-3144.0|2208.0|-3168.0|2259.8875702466507|-3155.5128044021526|384.0|384.0|384.0|QROCK3|QROCK3X8|1.0|1.0|242.625926792|-904.0|22|rock|-|SG002121|-|1066
UTNTSkyEdge_tntle_13369_1|13369|1|0|2979|2979|2400.0|-3200.0|2312.0|-3144.0|2356.2684377460964|-3171.578169256134|384.0|384.0|384.0|QROCK3|QROCK3X8|1.0|1.0|138.318688309|-904.0|22|rock|-|SG002121|-|1066
UTNTSkyEdge_tntle_13370_1|13370|1|0|2979|2979|2488.0|-3216.0|2400.0|-3200.0|2444.0894427191|-3207.50806504495|384.0|384.0|384.0|QROCK3|QROCK3X8|1.0|1.0|48.875969209|-904.0|22|rock|-|SG002121|-|1066
UTNTSkyEdge_tntle_13371_1|13371|1|0|2979|2979|2568.0|-3192.0|2488.0|-3216.0|2527.856326057217|-3203.5210868573895|384.0|384.0|384.0|QROCK3|QROCK3X8|1.0|1.0|989.353517137|-904.0|22|rock|-|SG002121|-|1066
UTNTSkyEdge_tntle_16652_0|16652|0|1|2061|2061|9344.0|192.0|9088.0|256.0|9216.121267812518|224.48507125007268|512.0|512.0|512.0|QROCK3|QROCK3X8|1.0|1.0|61.0|0.0|22|rock|-|SG002157|-|1102
UTNTSkyEdge_tntle_16653_0|16653|0|1|2750|2750|9536.0|-64.0|9408.0|32.0|9472.3|-15.6|512.0|512.0|512.0|QROCK3|QROCK3X8|1.0|1.0|226.27416998|0.0|9.6|rock|-|SG002197|-|1142
UTNTSkyEdge_tntle_16654_0|16654|0|1|2750|2750|9408.0|32.0|9344.0|192.0|9376.464238345443|112.18569533817706|512.0|512.0|512.0|QROCK3|QROCK3X8|1.0|1.0|386.27416998|0.0|9.6|rock|-|SG002197|-|1142
UTNTSkyEdge_tntle_16655_0|16655|0|1|2751|2751|10112.0|384.0|10016.0|224.0|10063.571253537144|304.2572478777138|512.0|512.0|512.0|QROCK3|QROCK3X8|1.0|1.0|0.0|0.0|22|rock|-|SG002198|-|1143
UTNTSkyEdge_tntle_16656_0|16656|0|1|2751|2751|10016.0|224.0|9856.0|128.0|9935.742752122287|176.42874646285628|512.0|512.0|512.0|QROCK3|QROCK3X8|1.0|1.0|186.590460635|0.0|22|rock|-|SG002198|-|1143
UTNTSkyEdge_tntle_16657_0|16657|0|1|2749|2749|9856.0|128.0|9760.0|-32.0|9807.571253537144|48.257247877713766|512.0|512.0|512.0|QROCK3|QROCK3X8|1.0|1.0|0.0|0.0|19.2|rock|-|SG002199|-|1144
UTNTSkyEdge_tntle_16658_0|16658|0|1|2750|2750|9760.0|-32.0|9536.0|-64.0|9647.92928932188|-47.505025253169414|512.0|512.0|512.0|QROCK3|QROCK3X8|1.0|1.0|0.0|0.0|9.6|rock|-|SG002197|-|1142
UTNTSkyEdge_tntle_17261_1|17261|1|0|2833|2833|-1536.0|-5328.0|-1504.0|-5280.0|-1519.583974852831|-5304.277350098113|512.0|512.0|512.0|QROCK3X8|QROCK3X8|1.0|1.0|302.628630476|-960.0|22|rock|-|SG002200|-|1145
UTNTSkyEdge_tntle_17262_1|17262|1|0|2833|2833|-1616.0|-5328.0|-1536.0|-5328.0|-1576.0|-5328.5|512.0|512.0|512.0|QROCK3X8|QROCK3X8|1.0|1.0|222.628630476|-960.0|22|rock|-|SG002200|-|1145
UTNTSkyEdge_tntle_17263_1|17263|1|0|2833|2833|-1696.0|-5408.0|-1616.0|-5328.0|-1655.6464466094067|-5368.353553390593|512.0|512.0|512.0|QROCK3X8|QROCK3X8|1.0|1.0|109.491545486|-960.0|22|rock|-|SG002200|-|1145
UTNTSkyEdge_tntle_17264_1|17264|1|0|2833|2833|-1728.0|-5488.0|-1696.0|-5408.0|-1711.5357616545573|-5448.185695338177|512.0|512.0|512.0|QROCK3X8|QROCK3X8|1.0|1.0|23.328908572|-960.0|22|rock|-|SG002200|-|1145
UTNTSkyEdge_tntle_17265_1|17265|1|0|2833|2833|-1792.0|-5536.0|-1728.0|-5488.0|-1759.7|-5512.4|512.0|512.0|512.0|QROCK3X8|QROCK3X8|1.0|1.0|967.328908572|-960.0|22|rock|-|SG002200|-|1145
UTNTSkyEdge_tntle_17266_1|17266|1|0|2833|2833|-1776.0|-5584.0|-1792.0|-5536.0|-1783.5256583509747|-5559.841886116991|512.0|512.0|512.0|QROCK3X8|QROCK3X8|1.0|1.0|916.732466009|-960.0|22|rock|-|SG002200|-|1145
UTNTSkyEdge_tntle_17267_1|17267|1|0|2833|2833|-1792.0|-5664.0|-1776.0|-5584.0|-1783.5097096621546|-5624.098058067569|512.0|512.0|512.0|QROCK3X8|QROCK3X8|1.0|1.0|835.148153792|-960.0|22|rock|-|SG002200|-|1145
UTNTSkyEdge_tntle_17268_1|17268|1|0|2833|2833|-1840.0|-5680.0|-1792.0|-5664.0|-1815.8418861169916|-5672.4743416490255|512.0|512.0|512.0|QROCK3X8|QROCK3X8|1.0|1.0|784.551711229|-960.0|22|rock|-|SG002200|-|1145
UTNTSkyEdge_tntle_17269_1|17269|1|0|2833|2833|-1840.0|-5744.0|-1840.0|-5680.0|-1839.5|-5712.0|512.0|512.0|512.0|QROCK3X8|QROCK3X8|1.0|1.0|720.551711229|-960.0|22|rock|-|SG002200|-|1145
UTNTSkyEdge_tntle_17270_1|17270|1|0|2833|2833|-1904.0|-5760.0|-1840.0|-5744.0|-1871.8787321874818|-5752.485071250073|512.0|512.0|512.0|QROCK3X8|QROCK3X8|1.0|1.0|654.582021219|-960.0|22|rock|-|SG002200|-|1145
UTNTSkyEdge_tntle_17271_1|17271|1|0|2833|2833|-1904.0|-6000.0|-1904.0|-5760.0|-1903.5|-5880.0|512.0|512.0|512.0|QROCK3X8|QROCK3X8|1.0|1.0|414.582021219|-960.0|22|rock|-|SG002200|-|1145
UTNTSkyEdge_tntle_17272_1|17272|1|0|2833|2833|-1888.0|-6048.0|-1904.0|-6000.0|-1895.5256583509747|-6023.841886116991|512.0|512.0|512.0|QROCK3X8|QROCK3X8|1.0|1.0|363.985578656|-960.0|22|rock|-|SG002200|-|1145
UTNTSkyEdge_tntle_17273_1|17273|1|0|2833|2833|-1872.0|-6176.0|-1888.0|-6048.0|-1879.5038610616432|-6111.937982632706|512.0|512.0|512.0|QROCK3X8|QROCK3X8|1.0|1.0|234.989454684|-960.0|22|rock|-|SG002200|-|1145
UTNTSkyEdge_tntle_17274_1|17274|1|0|2833|2833|-1920.0|-6224.0|-1872.0|-6176.0|-1895.6464466094067|-6200.353553390593|512.0|512.0|512.0|QROCK3X8|QROCK3X8|1.0|1.0|167.10720369|-960.0|22|rock|-|SG002200|-|1145
UTNTSkyEdge_tntle_17275_1|17275|1|0|2833|2833|-1968.0|-6336.0|-1920.0|-6224.0|-1943.540427484991|-6280.19695964929|512.0|512.0|512.0|QROCK3X8|QROCK3X8|1.0|1.0|45.254833996|-960.0|22|rock|-|SG002200|-|1145
UTNTSkyEdge_tntle_17276_1|17276|1|0|2833|2833|-2000.0|-6368.0|-1968.0|-6336.0|-1983.6464466094067|-6352.353553390593|512.0|512.0|512.0|QROCK3X8|QROCK3X8|1.0|1.0|0.0|-960.0|22|rock|-|SG002200|-|1145
UTNTSkyEdge_tntle_17277_1|17277|1|0|2833|2833|-1968.0|-6400.0|-2000.0|-6368.0|-1983.6464466094067|-6383.646446609407|512.0|512.0|512.0|QROCK3X8|QROCK3X8|1.0|1.0|463.36189772|-960.0|22|rock|-|SG002200|-|1145
UTNTSkyEdge_tntle_17278_1|17278|1|0|2833|2833|-1888.0|-6368.0|-1968.0|-6400.0|-1928.185695338177|-6383.535761654557|512.0|512.0|512.0|QROCK3X8|QROCK3X8|1.0|1.0|377.199260806|-960.0|22|rock|-|SG002200|-|1145
UTNTSkyEdge_tntle_17279_1|17279|1|0|2833|2833|-1792.0|-6400.0|-1888.0|-6368.0|-1839.8418861169916|-6383.5256583509745|512.0|512.0|512.0|QROCK3X8|QROCK3X8|1.0|1.0|276.00637568|-960.0|22|rock|-|SG002200|-|1145
UTNTSkyEdge_tntle_17280_1|17280|1|0|2833|2833|-1744.0|-6432.0|-1792.0|-6400.0|-1767.7226499018873|-6415.5839748528315|512.0|512.0|512.0|QROCK3X8|QROCK3X8|1.0|1.0|218.317555273|-960.0|22|rock|-|SG002200|-|1145
UTNTSkyEdge_tntle_17281_1|17281|1|0|2833|2833|-1584.0|-6400.0|-1744.0|-6432.0|-1664.0980580675691|-6415.509709662155|512.0|512.0|512.0|QROCK3X8|QROCK3X8|1.0|1.0|55.148930838|-960.0|22|rock|-|SG002200|-|1145
UTNTSkyEdge_tntle_17282_1|17282|1|0|2833|2833|-1520.0|-6384.0|-1584.0|-6400.0|-1552.1212678125182|-6391.514928749927|512.0|512.0|512.0|QROCK3X8|QROCK3X8|1.0|1.0|1013.179240828|-960.0|22|rock|-|SG002200|-|1145
UTNTSkyEdge_tntle_17283_1|17283|1|0|2833|2833|-1472.0|-6432.0|-1520.0|-6384.0|-1495.6464466094067|-6407.646446609407|512.0|512.0|512.0|QROCK3X8|QROCK3X8|1.0|1.0|945.296989834|-960.0|22|rock|-|SG002200|-|1145
UTNTSkyEdge_tntle_17284_1|17284|1|0|2833|2833|-1408.0|-6384.0|-1472.0|-6432.0|-1440.3|-6407.6|512.0|512.0|512.0|QROCK3X8|QROCK3X8|1.0|1.0|865.296989834|-960.0|22|rock|-|SG002200|-|1145
UTNTSkyEdge_tntle_17285_1|17285|1|0|2833|2833|-1296.0|-6400.0|-1408.0|-6384.0|-1351.9292893218812|-6391.505025253169|512.0|512.0|512.0|QROCK3X8|QROCK3X8|1.0|1.0|752.159904844|-960.0|22|rock|-|SG002200|-|1145
UTNTSkyEdge_tntle_17286_1|17286|1|0|2833|2833|-1296.0|-6448.0|-1296.0|-6400.0|-1295.5|-6424.0|512.0|512.0|512.0|QROCK3X8|QROCK3X8|1.0|1.0|704.159904844|-960.0|22|rock|-|SG002200|-|1145
UTNTSkyEdge_tntle_17287_1|17287|1|0|2833|2833|-1120.0|-6592.0|-1296.0|-6448.0|-1207.6833811048714|-6519.613021350398|512.0|512.0|512.0|QROCK3X8|QROCK3X8|1.0|1.0|476.757178388|-960.0|22|rock|-|SG002200|-|1145
UTNTSkyEdge_tntle_17288_1|17288|1|0|2833|2833|-1072.0|-6608.0|-1120.0|-6592.0|-1095.8418861169916|-6599.5256583509745|512.0|512.0|512.0|QROCK3X8|QROCK3X8|1.0|1.0|426.160735825|-960.0|22|rock|-|SG002200|-|1145
UTNTSkyEdge_tntle_17289_1|17289|1|0|2833|2833|-1040.0|-6688.0|-1072.0|-6608.0|-1055.5357616545573|-6647.814304661823|512.0|512.0|512.0|QROCK3X8|QROCK3X8|1.0|1.0|339.998098911|-960.0|22|rock|-|SG002200|-|1145
UTNTSkyEdge_tntle_17290_1|17290|1|0|2833|2833|-960.0|-6784.0|-1040.0|-6688.0|-999.6158893602013|-6735.679907800168|512.0|512.0|512.0|QROCK3X8|QROCK3X8|1.0|1.0|215.034104096|-960.0|22|rock|-|SG002200|-|1145
UTNTSkyEdge_tntle_17291_1|17291|1|0|2833|2833|-864.0|-6816.0|-960.0|-6784.0|-911.8418861169915|-6799.5256583509745|512.0|512.0|512.0|QROCK3X8|QROCK3X8|1.0|1.0|113.841218971|-960.0|22|rock|-|SG002200|-|1145
UTNTSkyEdge_tntle_17292_1|17292|1|0|2833|2833|-832.0|-6848.0|-864.0|-6816.0|-847.6464466094068|-6831.646446609407|512.0|512.0|512.0|QROCK3X8|QROCK3X8|1.0|1.0|68.586384975|-960.0|22|rock|-|SG002200|-|1145
UTNTSkyEdge_tntle_17293_1|17293|1|0|2833|2833|-720.0|-6784.0|-832.0|-6848.0|-776.2480694691784|-6815.565878428938|512.0|512.0|512.0|QROCK3X8|QROCK3X8|1.0|1.0|963.590261002|-960.0|22|rock|-|SG002200|-|1145
UTNTSkyEdge_tntle_17294_1|17294|1|0|2833|2833|-656.0|-6816.0|-720.0|-6784.0|-687.77639320225|-6799.5527864045|512.0|512.0|512.0|QROCK3X8|QROCK3X8|1.0|1.0|892.036085722|-960.0|22|rock|-|SG002200|-|1145
UTNTSkyEdge_tntle_17295_1|17295|1|0|2833|2833|-384.0|-6784.0|-656.0|-6816.0|-520.0584206237837|-6799.503424697838|512.0|512.0|512.0|QROCK3X8|QROCK3X8|1.0|1.0|618.160201424|-960.0|22|rock|-|SG002200|-|1145
UTNTSkyEdge_tntle_17296_1|17296|1|0|2833|2833|-336.0|-6800.0|-384.0|-6784.0|-359.8418861169916|-6791.5256583509745|512.0|512.0|512.0|QROCK3X8|QROCK3X8|1.0|1.0|567.563758861|-960.0|22|rock|-|SG002200|-|1145
UTNTSkyEdge_tntle_17297_1|17297|1|0|2833|2833|-320.0|-6752.0|-336.0|-6800.0|-328.47434164902523|-6775.841886116991|512.0|512.0|512.0|QROCK3X8|QROCK3X8|1.0|1.0|516.967316299|-960.0|22|rock|-|SG002200|-|1145
UTNTSkyEdge_tntle_17298_1|17298|1|0|2833|2833|-384.0|-6704.0|-320.0|-6752.0|-352.3|-6728.4|512.0|512.0|512.0|QROCK3X8|QROCK3X8|1.0|1.0|436.967316299|-960.0|22|rock|-|SG002200|-|1145
UTNTSkyEdge_tntle_17299_1|17299|1|0|2833|2833|-400.0|-6656.0|-384.0|-6704.0|-392.47434164902523|-6680.158113883009|512.0|512.0|512.0|QROCK3X8|QROCK3X8|1.0|1.0|386.370873736|-960.0|22|rock|-|SG002200|-|1145
UTNTSkyEdge_tntle_17300_1|17300|1|0|2833|2833|-528.0|-6560.0|-400.0|-6656.0|-464.3|-6608.4|512.0|512.0|512.0|QROCK3X8|QROCK3X8|1.0|1.0|226.370873736|-960.0|22|rock|-|SG002200|-|1145
UTNTSkyEdge_tntle_17301_1|17301|1|0|2833|2833|-544.0|-6528.0|-528.0|-6560.0|-536.4472135955|-6544.22360679775|512.0|512.0|512.0|QROCK3X8|QROCK3X8|1.0|1.0|190.593786096|-960.0|22|rock|-|SG002200|-|1145
UTNTSkyEdge_tntle_17302_1|17302|1|0|2833|2833|-752.0|-6384.0|-544.0|-6528.0|-648.2846049894151|-6456.411096095821|512.0|512.0|512.0|QROCK3X8|QROCK3X8|1.0|1.0|961.611573283|-960.0|22|rock|-|SG002200|-|1145
UTNTSkyEdge_tntle_17303_1|17303|1|0|2833|2833|-768.0|-6304.0|-752.0|-6384.0|-760.4902903378454|-6344.098058067569|512.0|512.0|512.0|QROCK3X8|QROCK3X8|1.0|1.0|880.027261065|-960.0|22|rock|-|SG002200|-|1145
UTNTSkyEdge_tntle_17304_1|17304|1|0|2833|2833|-864.0|-6272.0|-768.0|-6304.0|-816.1581138830085|-6288.4743416490255|512.0|512.0|512.0|QROCK3X8|QROCK3X8|1.0|1.0|778.83437594|-960.0|22|rock|-|SG002200|-|1145
UTNTSkyEdge_tntle_17305_1|17305|1|0|2833|2833|-864.0|-6240.0|-864.0|-6272.0|-864.5|-6256.0|512.0|512.0|512.0|QROCK3X8|QROCK3X8|1.0|1.0|746.83437594|-960.0|22|rock|-|SG002200|-|1145
UTNTSkyEdge_tntle_17306_1|17306|1|0|2833|2833|-928.0|-6224.0|-864.0|-6240.0|-896.1212678125181|-6232.485071250073|512.0|512.0|512.0|QROCK3X8|QROCK3X8|1.0|1.0|680.86468593|-960.0|22|rock|-|SG002200|-|1145
UTNTSkyEdge_tntle_17307_1|17307|1|0|2833|2833|-944.0|-6144.0|-928.0|-6224.0|-936.4902903378454|-6184.098058067569|512.0|512.0|512.0|QROCK3X8|QROCK3X8|1.0|1.0|599.280373712|-960.0|22|rock|-|SG002200|-|1145
UTNTSkyEdge_tntle_17308_1|17308|1|0|2833|2833|-1056.0|-6128.0|-944.0|-6144.0|-1000.0707106781186|-6136.494974746831|512.0|512.0|512.0|QROCK3X8|QROCK3X8|1.0|1.0|486.143288722|-960.0|22|rock|-|SG002200|-|1145
UTNTSkyEdge_tntle_17309_1|17309|1|0|2833|2833|-1072.0|-6064.0|-1056.0|-6128.0|-1064.4850712500727|-6096.121267812518|512.0|512.0|512.0|QROCK3X8|QROCK3X8|1.0|1.0|420.173598713|-960.0|22|rock|-|SG002200|-|1145
UTNTSkyEdge_tntle_17310_1|17310|1|0|2833|2833|-1040.0|-5888.0|-1072.0|-6064.0|-1056.49193495505|-5975.9105572809|512.0|512.0|512.0|QROCK3X8|QROCK3X8|1.0|1.0|241.288160513|-960.0|22|rock|-|SG002200|-|1145
UTNTSkyEdge_tntle_17311_1|17311|1|0|2833|2833|-1024.0|-5824.0|-1040.0|-5888.0|-1032.4850712500727|-5855.878732187482|512.0|512.0|512.0|QROCK3X8|QROCK3X8|1.0|1.0|175.318470503|-960.0|22|rock|-|SG002200|-|1145
UTNTSkyEdge_tntle_17312_1|17312|1|0|2833|2833|-1088.0|-5776.0|-1024.0|-5824.0|-1056.3|-5800.4|512.0|512.0|512.0|QROCK3X8|QROCK3X8|1.0|1.0|95.318470503|-960.0|22|rock|-|SG002200|-|1145
UTNTSkyEdge_tntle_17313_1|17313|1|0|2833|2833|-1136.0|-5792.0|-1088.0|-5776.0|-1111.8418861169916|-5784.4743416490255|512.0|512.0|512.0|QROCK3X8|QROCK3X8|1.0|1.0|44.72202794|-960.0|22|rock|-|SG002200|-|1145
UTNTSkyEdge_tntle_17314_1|17314|1|0|2833|2833|-1184.0|-5744.0|-1136.0|-5792.0|-1160.3535533905933|-5768.353553390593|512.0|512.0|512.0|QROCK3X8|QROCK3X8|1.0|1.0|1000.839776946|-960.0|22|rock|-|SG002200|-|1145
UTNTSkyEdge_tntle_17315_1|17315|1|0|2833|2833|-1168.0|-5616.0|-1184.0|-5744.0|-1176.4961389383568|-5679.937982632706|512.0|512.0|512.0|QROCK3X8|QROCK3X8|1.0|1.0|871.843652973|-960.0|22|rock|-|SG002200|-|1145
UTNTSkyEdge_tntle_17316_1|17316|1|0|2833|2833|-1264.0|-5520.0|-1168.0|-5616.0|-1216.3535533905933|-5568.353553390593|512.0|512.0|512.0|QROCK3X8|QROCK3X8|1.0|1.0|736.079150986|-960.0|22|rock|-|SG002200|-|1145
UTNTSkyEdge_tntle_17317_1|17317|1|0|2833|2833|-1264.0|-5456.0|-1264.0|-5520.0|-1264.5|-5488.0|512.0|512.0|512.0|QROCK3X8|QROCK3X8|1.0|1.0|672.079150986|-960.0|22|rock|-|SG002200|-|1145
UTNTSkyEdge_tntle_17318_1|17318|1|0|2833|2833|-1312.0|-5408.0|-1264.0|-5456.0|-1288.3535533905933|-5432.353553390593|512.0|512.0|512.0|QROCK3X8|QROCK3X8|1.0|1.0|604.196899992|-960.0|22|rock|-|SG002200|-|1145
UTNTSkyEdge_tntle_17319_1|17319|1|0|2833|2833|-1344.0|-5344.0|-1312.0|-5408.0|-1328.4472135955|-5376.22360679775|512.0|512.0|512.0|QROCK3X8|QROCK3X8|1.0|1.0|532.642724712|-960.0|22|rock|-|SG002200|-|1145
UTNTSkyEdge_tntle_17320_1|17320|1|0|2833|2833|-1504.0|-5280.0|-1344.0|-5344.0|-1424.185695338177|-5312.464238345443|512.0|512.0|512.0|QROCK3X8|QROCK3X8|1.0|1.0|360.317450883|-960.0|22|rock|-|SG002200|-|1145
UTNTSkyEdge_tntle_17483_0|17483|0|1|2106|2106|-224.0|-6560.0|-288.0|-6560.0|-256.0|-6559.5|384.0|384.0|384.0|QROCK3|QROCK3X8|1.0|1.0|137.0|0.0|18.599999999999998|rock|-|SG002201|-|1146
UTNTSkyEdge_tntle_17486_0|17486|0|1|2876|2876|-288.0|-6560.0|-296.0|-6560.0|-292.0|-6559.5|384.0|384.0|384.0|QROCK3|QROCK3X8|1.0|1.0|201.0|0.0|22|rock|-|SG002202|-|1147
UTNTSkyEdge_tntle_17488_0|17488|0|1|2875|2875|32.0|-6560.0|-32.0|-6560.0|0.0|-6559.5|384.0|384.0|384.0|QROCK3|QROCK3X8|1.0|1.0|521.228953933|0.0|18.599999999999998|rock|-|SG002203|-|1148
UTNTSkyEdge_tntle_17492_0|17492|0|1|2877|2877|-32.0|-6560.0|-40.0|-6560.0|-36.0|-6559.5|384.0|384.0|384.0|QROCK3|QROCK3X8|1.0|1.0|585.228953933|0.0|22|rock|-|SG002204|-|1149
UTNTSkyEdge_tntle_17493_0|17493|0|1|2874|2874|-296.0|-6560.0|-336.0|-6560.0|-316.0|-6559.5|384.0|384.0|384.0|QROCK3|QROCK3X8|1.0|1.0|209.0|0.0|22|rock|-|SG002130|-|1075
UTNTSkyEdge_tntle_17496_0|17496|0|1|2876|2876|-216.0|-6560.0|-224.0|-6560.0|-220.0|-6559.5|384.0|384.0|384.0|QROCK3|QROCK3X8|1.0|1.0|129.0|0.0|22|rock|-|SG002202|-|1147
UTNTSkyEdge_tntle_17498_0|17498|0|1|2874|2874|-40.0|-6560.0|-48.0|-6560.0|-44.0|-6559.5|384.0|384.0|384.0|QROCK3|QROCK3X8|1.0|1.0|593.228953933|0.0|22|rock|-|SG002130|-|1075
UTNTSkyEdge_tntle_17501_0|17501|0|1|2877|2877|40.0|-6560.0|32.0|-6560.0|36.0|-6559.5|384.0|384.0|384.0|QROCK3|QROCK3X8|1.0|1.0|513.228953933|0.0|22|rock|-|SG002204|-|1149
UTNTSkyEdge_tntle_17540_0|17540|0|1|2051|2051|16288.0|448.0|16256.0|448.0|16272.0|448.5|504.0|504.0|504.0|QROCK3|QROCK3X8|1.0|1.0|801.650547657|8.0|22|rock|-|SG002190|-|1135
UTNTSkyEdge_tntle_17548_1|17548|1|0|2960|2960|16288.0|-64.0|16576.0|-64.0|16432.0|-64.5|-512.0|-512.0|-512.0|QROCK3|QROCK3X8|1.0|1.0|96.0|-640.0|22|rock|-|SG002205|-|1150
UTNTSkyEdge_tntle_17565_0|17565|0|1|2891|2891|16160.0|-160.0|16288.0|-64.0|16224.3|-112.4|-512.0|-512.0|-512.0|QROCK3X8|QROCK3X8|1.0|1.0|919.398922635|0.0|22|rock|-|SG002206|-|1151
UTNTSkyEdge_tntle_17566_0|17566|0|1|2891|2891|16576.0|-64.0|16672.0|-128.0|16623.722649901887|-96.41602514716892|-512.0|-512.0|-512.0|QROCK3X8|QROCK3X8|1.0|1.0|0.0|0.0|22|rock|-|SG002206|-|1151
UTNTSkyEdge_tntle_17567_0|17567|0|1|2891|2891|16672.0|-128.0|16832.0|-128.0|16752.0|-128.5|-512.0|-512.0|-512.0|QROCK3X8|QROCK3X8|1.0|1.0|115.377640815|0.0|22|rock|-|SG002206|-|1151
UTNTSkyEdge_tntle_17568_0|17568|0|1|2891|2891|16832.0|-128.0|16992.0|-64.0|16912.185695338176|-96.46423834544262|-512.0|-512.0|-512.0|QROCK3X8|QROCK3X8|1.0|1.0|275.377640815|0.0|22|rock|-|SG002206|-|1151
UTNTSkyEdge_tntle_17569_0|17569|0|1|2891|2891|16992.0|-64.0|17024.0|64.0|17008.485071250074|-0.12126781251816648|-512.0|-512.0|-512.0|QROCK3X8|QROCK3X8|1.0|1.0|447.702914643|0.0|22|rock|-|SG002206|-|1151
UTNTSkyEdge_tntle_17570_0|17570|0|1|2891|2891|17024.0|64.0|16992.0|128.0|17008.4472135955|96.22360679774998|-512.0|-512.0|-512.0|QROCK3X8|QROCK3X8|1.0|1.0|579.642294663|0.0|22|rock|-|SG002206|-|1151
UTNTSkyEdge_tntle_17571_0|17571|0|1|2891|2891|16992.0|128.0|17024.0|288.0|17008.490290337846|207.9019419324309|-512.0|-512.0|-512.0|QROCK3X8|QROCK3X8|1.0|1.0|651.196469943|0.0|22|rock|-|SG002206|-|1151
UTNTSkyEdge_tntle_17572_0|17572|0|1|2891|2891|17024.0|288.0|16928.0|384.0|16976.353553390592|336.3535533905933|-512.0|-512.0|-512.0|QROCK3X8|QROCK3X8|1.0|1.0|814.365094378|0.0|22|rock|-|SG002206|-|1151
UTNTSkyEdge_tntle_17578_0|17578|0|1|2891|2891|16192.0|384.0|16000.0|320.0|16095.841886116992|352.47434164902523|-512.0|-512.0|-512.0|QROCK3X8|QROCK3X8|1.0|1.0|0.0|0.0|22|rock|-|SG002206|-|1151
UTNTSkyEdge_tntle_17579_0|17579|0|1|2891|2891|15968.0|-128.0|16160.0|-160.0|16063.917800506348|-144.49319696191608|-512.0|-512.0|-512.0|QROCK3X8|QROCK3X8|1.0|1.0|724.750521665|0.0|22|rock|-|SG002206|-|1151
UTNTSkyEdge_tntle_17580_0|17580|0|1|2891|2891|16000.0|320.0|15904.0|256.0|15951.722649901887|288.4160251471689|-512.0|-512.0|-512.0|QROCK3X8|QROCK3X8|1.0|1.0|202.385770251|0.0|22|rock|-|SG002206|-|1151
UTNTSkyEdge_tntle_17581_0|17581|0|1|2891|2891|15904.0|256.0|15872.0|128.0|15887.514928749928|192.12126781251817|-512.0|-512.0|-512.0|QROCK3X8|QROCK3X8|1.0|1.0|317.763411066|0.0|22|rock|-|SG002206|-|1151
UTNTSkyEdge_tntle_17582_0|17582|0|1|2891|2891|15872.0|128.0|15904.0|0.0|15887.514928749928|63.87873218748183|-512.0|-512.0|-512.0|QROCK3X8|QROCK3X8|1.0|1.0|449.702791085|0.0|22|rock|-|SG002206|-|1151
UTNTSkyEdge_tntle_17583_0|17583|0|1|2891|2891|15904.0|0.0|15968.0|-128.0|15935.5527864045|-64.22360679774998|-512.0|-512.0|-512.0|QROCK3X8|QROCK3X8|1.0|1.0|581.642171105|0.0|22|rock|-|SG002206|-|1151
UTNTSkyEdge_tntle_16_0_terrain_2_1|16|0|1|2979|2979|2816.0|-4096.0|2616.0|-3776.0|2716.4239991520026|-3935.7350005299986|-384.0|-384.0|-384.0|QROCK3|XA02TEX|1.0|1.0|0.0|0.0|5|gravel|-|SG002207|-|1066|2|1|2979|XA02TEX|-|1.0|1.0|0.0|0.0|0.0|QROCK3X8|-|1.0|1.0|283.992247946|0.0|-384.0|-384.0|0|0|384.0|384.0|0|0
UTNTSkyEdge_tntle_17_0_terrain_2_1|17|0|1|2979|2979|1728.0|-1216.0|1280.0|-1280.0|1503.9292893218812|-1247.5050252531694|-384.0|-384.0|-384.0|QROCK3|XA02TEX|1.0|1.0|0.0|0.0|5|gravel|-|SG002207|-|1066|2|1|2979|XA02TEX|-|1.0|1.0|0.0|0.0|0.0|QROCK3X8|-|1.0|1.0|265.279103831|0.0|-384.0|-384.0|0|0|384.0|384.0|0|0
UTNTSkyEdge_tntle_18_0_terrain_2_1|18|0|1|2979|2979|1280.0|-1280.0|1024.0|-1536.0|1151.6464466094067|-1407.6464466094067|-384.0|-384.0|-384.0|QROCK3|XA02TEX|1.0|1.0|0.0|0.0|5|gravel|-|SG002207|-|1066|2|1|2979|XA02TEX|-|1.0|1.0|0.0|0.0|0.0|QROCK3X8|-|1.0|1.0|717.827443791|0.0|-384.0|-384.0|0|0|384.0|384.0|0|0
UTNTSkyEdge_tntle_20_0_terrain_2_1|20|0|1|2979|2979|2048.0|-3072.0|2048.0|-2560.0|2048.5|-2816.0|-384.0|-384.0|-384.0|QROCK3|XA02TEX|1.0|1.0|0.0|0.0|5|gravel|-|SG002207|-|1066|2|1|2979|XA02TEX|-|1.0|1.0|0.0|0.0|0.0|QROCK3X8|-|1.0|1.0|240.590460635|0.0|-384.0|-384.0|0|0|384.0|384.0|0|0
UTNTSkyEdge_tntle_22_0_terrain_2_1|22|0|1|2979|2979|2304.0|-2048.0|2304.0|-1664.0|2304.5|-1856.0|-384.0|-384.0|-384.0|QROCK3|XA02TEX|1.0|1.0|0.0|0.0|5|gravel|-|SG002207|-|1066|2|1|2979|XA02TEX|-|1.0|1.0|0.0|0.0|0.0|QROCK3X8|-|1.0|1.0|301.023862875|0.0|-384.0|-384.0|0|0|384.0|384.0|0|0
UTNTSkyEdge_tntle_23_0_terrain_2_1|23|0|1|2979|2979|2304.0|-1664.0|2144.0|-1520.0|2224.3344823658113|-1591.6283529268765|-384.0|-384.0|-384.0|QROCK3|XA02TEX|1.0|1.0|0.0|0.0|5|gravel|-|SG002207|-|1066|2|1|2979|XA02TEX|-|1.0|1.0|0.0|0.0|0.0|QROCK3X8|-|1.0|1.0|685.023862875|0.0|-384.0|-384.0|0|0|384.0|384.0|0|0
UTNTSkyEdge_tntle_25_0_terrain_1_0|25|0|2|2979|20|-256.0|-3328.0|-384.0|-3552.0|-320.43412157106224|-3439.7519305308215|32.0|32.0|32.0|QROCK3|QROCK3X8|1.0|1.0|101.0|-1280.0|8|rock|-|SG002121|-|1066|1|0|20|QROCK3X8|-|1.0|1.0|0.0|0.0|0.0|QROCK3X8|-|1.0|1.0|101.0|-1280.0|-384.0|-384.0|32.0|32.0|384.0|384.0|384.0|384.0
UTNTSkyEdge_tntle_25_0_terrain_1_1|25|0|2|2979|20|-256.0|-3328.0|-384.0|-3552.0|-319.56587842893776|-3440.2480694691785|32.0|32.0|32.0|QROCK3|QROCK3X8|1.0|1.0|0.0|0.0|8|rock|-|SG002208|-|1067|1|1|20|QROCK3X8|-|1.0|1.0|0.0|0.0|0.0|QROCK3X8|-|1.0|1.0|101.0|-1280.0|-384.0|-384.0|32.0|32.0|384.0|384.0|384.0|384.0
UTNTSkyEdge_tntle_25_0_terrain_2_1|25|0|2|2979|2979|-256.0|-3328.0|-384.0|-3552.0|-320.43412157106224|-3439.7519305308215|-384.0|-384.0|-384.0|QROCK3|XA02TEX|1.0|1.0|0.0|0.0|5|gravel|-|SG002207|-|1066|2|1|2979|XA02TEX|-|1.0|1.0|0.0|0.0|0.0|QROCK3X8|-|1.0|1.0|101.0|-1280.0|-384.0|-384.0|32.0|32.0|384.0|384.0|384.0|384.0
UTNTSkyEdge_tntle_26_0_terrain_1_0|26|0|2|2979|22|-384.0|-3584.0|-256.0|-3952.0|-320.4722483983531|-3768.1642603124706|32.0|32.0|32.0|QROCK3|QROCK3X8|1.0|1.0|0.0|-1280.0|8|rock|-|SG002121|-|1066|1|0|22|QROCK3X8|-|1.0|1.0|0.0|0.0|0.0|QROCK3X8|-|1.0|1.0|0.0|-1280.0|-384.0|-384.0|32.0|32.0|384.0|384.0|384.0|384.0
UTNTSkyEdge_tntle_26_0_terrain_1_1|26|0|2|2979|22|-384.0|-3584.0|-256.0|-3952.0|-319.5277516016469|-3767.8357396875294|32.0|32.0|32.0|QROCK3|QROCK3X8|1.0|1.0|0.0|0.0|8|rock|-|SG002209|-|1152|1|1|22|QROCK3X8|-|1.0|1.0|0.0|0.0|0.0|QROCK3X8|-|1.0|1.0|0.0|-1280.0|-384.0|-384.0|32.0|32.0|384.0|384.0|384.0|384.0
UTNTSkyEdge_tntle_26_0_terrain_2_1|26|0|2|2979|2979|-384.0|-3584.0|-256.0|-3952.0|-320.4722483983531|-3768.1642603124706|-384.0|-384.0|-384.0|QROCK3|XA02TEX|1.0|1.0|0.0|0.0|5|gravel|-|SG002207|-|1066|2|1|2979|XA02TEX|-|1.0|1.0|0.0|0.0|0.0|QROCK3X8|-|1.0|1.0|0.0|-1280.0|-384.0|-384.0|32.0|32.0|384.0|384.0|384.0|384.0
UTNTSkyEdge_tntle_29_0_terrain_1_0|29|0|2|2979|16|512.0|-4096.0|768.0|-3840.0|640.3535533905932|-3968.3535533905933|32.0|32.0|32.0|QROCK3|QROCK3X8|1.0|1.0|0.0|-1280.0|8|rock|-|SG002121|-|1066|1|0|16|QROCK3X8|-|1.0|1.0|0.0|0.0|0.0|QROCK3X8|-|1.0|1.0|0.0|-1280.0|-384.0|-384.0|32.0|32.0|384.0|384.0|384.0|384.0
UTNTSkyEdge_tntle_29_0_terrain_1_1|29|0|2|2979|16|512.0|-4096.0|768.0|-3840.0|639.6464466094068|-3967.6464466094067|32.0|32.0|32.0|QROCK3|QROCK3X8|1.0|1.0|0.0|0.0|8|rock|-|SG002210|-|1153|1|1|16|QROCK3X8|-|1.0|1.0|0.0|0.0|0.0|QROCK3X8|-|1.0|1.0|0.0|-1280.0|-384.0|-384.0|32.0|32.0|384.0|384.0|384.0|384.0
UTNTSkyEdge_tntle_29_0_terrain_2_1|29|0|2|2979|2979|512.0|-4096.0|768.0|-3840.0|640.3535533905932|-3968.3535533905933|-384.0|-384.0|-384.0|QROCK3|XA02TEX|1.0|1.0|0.0|0.0|5|gravel|-|SG002207|-|1066|2|1|2979|XA02TEX|-|1.0|1.0|0.0|0.0|0.0|QROCK3X8|-|1.0|1.0|0.0|-1280.0|-384.0|-384.0|32.0|32.0|384.0|384.0|384.0|384.0
UTNTSkyEdge_tntle_33_0_terrain_1_0|33|0|2|138|14|736.0|-3584.0|736.0|-3808.0|735.5|-3696.0|32.0|32.0|32.0|QROCK3|QROCK3X8|1.0|1.0|26.0|96.0|5.12|rock|-|SG002126|-|1071|1|0|14|QROCK3X8|-|1.0|1.0|0.0|0.0|0.0|QROCK3X8|-|1.0|1.0|26.0|96.0|0.0|0.0|32.0|32.0|384.0|384.0|384.0|384.0
UTNTSkyEdge_tntle_33_0_terrain_1_1|33|0|2|138|14|736.0|-3584.0|736.0|-3808.0|736.5|-3696.0|32.0|32.0|32.0|QROCK3|QROCK3X8|1.0|1.0|0.0|0.0|5.12|rock|-|SG002211|-|1070|1|1|14|QROCK3X8|-|1.0|1.0|0.0|0.0|0.0|QROCK3X8|-|1.0|1.0|26.0|96.0|0.0|0.0|32.0|32.0|384.0|384.0|384.0|384.0
UTNTSkyEdge_tntle_34_0_terrain_1_0|34|0|2|138|16|736.0|-3840.0|512.0|-4064.0|623.6464466094068|-3951.6464466094067|32.0|32.0|32.0|QROCK3|QROCK3X8|1.0|1.0|0.0|96.0|5.12|rock|-|SG002126|-|1071|1|0|16|QROCK3X8|-|1.0|1.0|0.0|0.0|0.0|QROCK3X8|-|1.0|1.0|0.0|96.0|0.0|0.0|32.0|32.0|384.0|384.0|384.0|384.0
UTNTSkyEdge_tntle_34_0_terrain_1_1|34|0|2|138|16|736.0|-3840.0|512.0|-4064.0|624.3535533905932|-3952.3535533905933|32.0|32.0|32.0|QROCK3|QROCK3X8|1.0|1.0|0.0|0.0|5.12|rock|-|SG002210|-|1153|1|1|16|QROCK3X8|-|1.0|1.0|0.0|0.0|0.0|QROCK3X8|-|1.0|1.0|0.0|96.0|0.0|0.0|32.0|32.0|384.0|384.0|384.0|384.0
UTNTSkyEdge_tntle_35_0_terrain_1_0|35|0|2|138|19|128.0|-4064.0|-208.0|-3936.0|-39.82200233620401|-3999.5327561325357|32.0|32.0|32.0|QROCK3|QROCK3X8|1.0|1.0|0.0|96.0|5.12|rock|-|SG002126|-|1071|1|0|19|QROCK3X8|-|1.0|1.0|0.0|0.0|0.0|QROCK3X8|-|1.0|1.0|0.0|96.0|0.0|0.0|32.0|32.0|384.0|384.0|384.0|384.0
UTNTSkyEdge_tntle_35_0_terrain_1_1|35|0|2|138|19|128.0|-4064.0|-208.0|-3936.0|-40.17799766379599|-4000.4672438674643|32.0|32.0|32.0|QROCK3|QROCK3X8|1.0|1.0|0.0|0.0|5.12|rock|-|SG002212|-|1154|1|1|19|QROCK3X8|-|1.0|1.0|0.0|0.0|0.0|QROCK3X8|-|1.0|1.0|0.0|96.0|0.0|0.0|32.0|32.0|384.0|384.0|384.0|384.0
UTNTSkyEdge_tntle_37_0_terrain_1_0|37|0|2|138|22|-240.0|-3936.0|-352.0|-3584.0|-295.52353710999336|-3759.8483981713616|32.0|32.0|32.0|QROCK3|QROCK3X8|1.0|1.0|0.0|96.0|5.12|rock|-|SG002126|-|1071|1|0|22|QROCK3X8|-|1.0|1.0|0.0|0.0|0.0|QROCK3X8|-|1.0|1.0|0.0|96.0|0.0|0.0|32.0|32.0|384.0|384.0|384.0|384.0
UTNTSkyEdge_tntle_37_0_terrain_1_1|37|0|2|138|22|-240.0|-3936.0|-352.0|-3584.0|-296.47646289000664|-3760.1516018286384|32.0|32.0|32.0|QROCK3|QROCK3X8|1.0|1.0|0.0|0.0|5.12|rock|-|SG002209|-|1152|1|1|22|QROCK3X8|-|1.0|1.0|0.0|0.0|0.0|QROCK3X8|-|1.0|1.0|0.0|96.0|0.0|0.0|32.0|32.0|384.0|384.0|384.0|384.0
UTNTSkyEdge_tntle_43_0_terrain_1_0|43|0|2|138|5|448.0|-3840.0|416.0|-3792.0|432.4160251471689|-3815.7226499018875|44.0|44.0|44.0|QROCK3|QROCK3X8|1.0|1.0|55.0|-1280.0|7.04|rock|-|SG002126|-|1071|1|0|5|QROCK3X8|-|1.0|1.0|0.0|0.0|0.0|QROCK3X8|-|1.0|1.0|55.0|-1280.0|0.0|0.0|44.0|44.0|384.0|384.0|384.0|384.0
UTNTSkyEdge_tntle_43_0_terrain_1_1|43|0|2|138|5|448.0|-3840.0|416.0|-3792.0|431.5839748528311|-3816.2773500981125|44.0|44.0|44.0|QROCK3|QROCK3X8|1.0|1.0|0.0|0.0|7.04|rock|-|SG002213|-|1155|1|1|5|QROCK3X8|-|1.0|1.0|0.0|0.0|0.0|QROCK3X8|-|1.0|1.0|55.0|-1280.0|0.0|0.0|44.0|44.0|384.0|384.0|384.0|384.0
UTNTSkyEdge_tntle_46_0_terrain_1_0|46|0|2|498|5|384.0|-3904.0|424.0|-3880.0|404.2572478777138|-3892.4287464628565|44.0|44.0|44.0|QROCK3|QROCK3X8|1.0|1.0|228.861649167|-1280.0|4.48|rock|-|SG002214|-|1156|1|0|5|QROCK3X8|-|1.0|1.0|0.0|0.0|0.0|QROCK3X8|-|1.0|1.0|228.861649167|-1280.0|16.0|16.0|44.0|44.0|384.0|384.0|384.0|384.0
UTNTSkyEdge_tntle_46_0_terrain_1_1|46|0|2|498|5|384.0|-3904.0|424.0|-3880.0|403.7427521222862|-3891.5712535371435|44.0|44.0|44.0|QROCK3|QROCK3X8|1.0|1.0|0.0|0.0|4.48|rock|-|SG002213|-|1155|1|1|5|QROCK3X8|-|1.0|1.0|0.0|0.0|0.0|QROCK3X8|-|1.0|1.0|228.861649167|-1280.0|16.0|16.0|44.0|44.0|384.0|384.0|384.0|384.0
UTNTSkyEdge_tntle_50_0_terrain_1_0|50|0|2|138|6|-47.0|-3583.0|-111.0|-3519.0|-78.64644660940672|-3550.6464466094067|36.0|36.0|36.0|QROCK3|QROCK3X8|1.0|1.0|0.0|-1024.0|5.76|rock|-|SG002126|-|1071|1|0|6|QROCK3X8|-|1.0|1.0|0.0|0.0|0.0|QROCK3X8|-|1.0|1.0|0.0|-1024.0|0.0|0.0|36.0|36.0|384.0|384.0|384.0|384.0
UTNTSkyEdge_tntle_50_0_terrain_1_1|50|0|2|138|6|-47.0|-3583.0|-111.0|-3519.0|-79.35355339059328|-3551.3535533905933|36.0|36.0|36.0|QROCK3|QROCK3X8|1.0|1.0|0.0|0.0|5.76|rock|-|SG002215|-|1157|1|1|6|QROCK3X8|-|1.0|1.0|0.0|0.0|0.0|QROCK3X8|-|1.0|1.0|0.0|-1024.0|0.0|0.0|36.0|36.0|384.0|384.0|384.0|384.0
UTNTSkyEdge_tntle_62_0_terrain_1_0|62|0|2|731|25|1792.0|-4096.0|1600.0|-4160.0|1695.8418861169916|-4127.5256583509745|96.0|96.0|96.0|QROCK3|QROCK3X8|1.0|1.0|61.0|-1280.0|8|rock|-|SG002146|-|1091|1|0|25|QROCK3X8|-|1.0|1.0|0.0|0.0|0.0|QROCK3X8|-|1.0|1.0|61.0|-1280.0|-56.0|-56.0|96.0|96.0|384.0|384.0|384.0|384.0
UTNTSkyEdge_tntle_62_0_terrain_1_1|62|0|2|731|25|1792.0|-4096.0|1600.0|-4160.0|1696.1581138830084|-4128.4743416490255|96.0|96.0|96.0|QROCK3|QROCK3X8|1.0|1.0|0.0|0.0|8|rock|-|SG002216|-|1068|1|1|25|QROCK3X8|-|1.0|1.0|0.0|0.0|0.0|QROCK3X8|-|1.0|1.0|61.0|-1280.0|-56.0|-56.0|96.0|96.0|384.0|384.0|384.0|384.0
UTNTSkyEdge_tntle_62_0_terrain_2_1|62|0|2|731|731|1792.0|-4096.0|1600.0|-4160.0|1695.8418861169916|-4127.5256583509745|-56.0|-56.0|-56.0|QROCK3|QROCK3X8|1.0|1.0|0.0|0.0|5|rock|-|SG002217|-|1091|2|1|731|QROCK3X8|-|1.0|1.0|0.0|0.0|0.0|QROCK3X8|-|1.0|1.0|61.0|-1280.0|-56.0|-56.0|96.0|96.0|384.0|384.0|384.0|384.0
UTNTSkyEdge_tntle_63_0_terrain_1_0|63|0|2|2979|25|1600.0|-4160.0|1472.0|-4352.0|1535.583974852831|-4255.722649901887|96.0|96.0|96.0|QROCK3|QROCK3X8|1.0|1.0|7.0|-1280.0|8|rock|-|SG002121|-|1066|1|0|25|QROCK3X8|-|1.0|1.0|0.0|0.0|0.0|QROCK3X8|-|1.0|1.0|7.0|-1280.0|-384.0|-384.0|96.0|96.0|384.0|384.0|384.0|384.0
UTNTSkyEdge_tntle_63_0_terrain_1_1|63|0|2|2979|25|1600.0|-4160.0|1472.0|-4352.0|1536.416025147169|-4256.277350098113|96.0|96.0|96.0|QROCK3|QROCK3X8|1.0|1.0|0.0|0.0|8|rock|-|SG002216|-|1068|1|1|25|QROCK3X8|-|1.0|1.0|0.0|0.0|0.0|QROCK3X8|-|1.0|1.0|7.0|-1280.0|-384.0|-384.0|96.0|96.0|384.0|384.0|384.0|384.0
UTNTSkyEdge_tntle_63_0_terrain_2_1|63|0|2|2979|2979|1600.0|-4160.0|1472.0|-4352.0|1535.583974852831|-4255.722649901887|-384.0|-384.0|-384.0|QROCK3|XA02TEX|1.0|1.0|0.0|0.0|5|gravel|-|SG002207|-|1066|2|1|2979|XA02TEX|-|1.0|1.0|0.0|0.0|0.0|QROCK3X8|-|1.0|1.0|7.0|-1280.0|-384.0|-384.0|96.0|96.0|384.0|384.0|384.0|384.0
UTNTSkyEdge_tntle_65_0_terrain_1_0|65|0|2|2979|28|1472.0|-4608.0|1520.0|-4768.0|1495.5210868573895|-4688.143673942784|96.0|96.0|96.0|QROCK3|QROCK3X8|1.0|1.0|0.0|-1280.0|8|rock|-|SG002121|-|1066|1|0|28|QROCK3X8|-|1.0|1.0|0.0|0.0|0.0|QROCK3X8|-|1.0|1.0|0.0|-1280.0|-384.0|-384.0|96.0|96.0|384.0|384.0|384.0|384.0
UTNTSkyEdge_tntle_65_0_terrain_1_1|65|0|2|2979|28|1472.0|-4608.0|1520.0|-4768.0|1496.4789131426105|-4687.856326057216|96.0|96.0|96.0|QROCK3|QROCK3X8|1.0|1.0|0.0|0.0|8|rock|-|SG002218|-|1158|1|1|28|QROCK3X8|-|1.0|1.0|0.0|0.0|0.0|QROCK3X8|-|1.0|1.0|0.0|-1280.0|-384.0|-384.0|96.0|96.0|384.0|384.0|384.0|384.0
UTNTSkyEdge_tntle_65_0_terrain_2_1|65|0|2|2979|2979|1472.0|-4608.0|1520.0|-4768.0|1495.5210868573895|-4688.143673942784|-384.0|-384.0|-384.0|QROCK3|XA02TEX|1.0|1.0|0.0|0.0|5|gravel|-|SG002207|-|1066|2|1|2979|XA02TEX|-|1.0|1.0|0.0|0.0|0.0|QROCK3X8|-|1.0|1.0|0.0|-1280.0|-384.0|-384.0|96.0|96.0|384.0|384.0|384.0|384.0
UTNTSkyEdge_tntle_66_0_terrain_1_0|66|0|2|2979|28|1520.0|-4768.0|1552.0|-4800.0|1535.6464466094067|-4784.353553390593|96.0|96.0|96.0|QROCK3|QROCK3X8|1.0|1.0|167.044904143|-1280.0|8|rock|-|SG002121|-|1066|1|0|28|QROCK3X8|-|1.0|1.0|0.0|0.0|0.0|QROCK3X8|-|1.0|1.0|167.044904143|-1280.0|-384.0|-384.0|96.0|96.0|384.0|384.0|384.0|384.0
UTNTSkyEdge_tntle_66_0_terrain_1_1|66|0|2|2979|28|1520.0|-4768.0|1552.0|-4800.0|1536.3535533905933|-4783.646446609407|96.0|96.0|96.0|QROCK3|QROCK3X8|1.0|1.0|0.0|0.0|8|rock|-|SG002218|-|1158|1|1|28|QROCK3X8|-|1.0|1.0|0.0|0.0|0.0|QROCK3X8|-|1.0|1.0|167.044904143|-1280.0|-384.0|-384.0|96.0|96.0|384.0|384.0|384.0|384.0
UTNTSkyEdge_tntle_67_0_terrain_1_0|67|0|2|2979|31|1792.0|-4928.0|1984.0|-5184.0|1887.6|-5056.3|96.0|96.0|96.0|QROCK3|QROCK3X8|1.0|1.0|244.22940036|-1280.0|8|rock|-|SG002121|-|1066|1|0|31|QROCK3X8|-|1.0|1.0|0.0|0.0|0.0|QROCK3X8|-|1.0|1.0|244.22940036|-1280.0|-384.0|-384.0|96.0|96.0|384.0|384.0|384.0|384.0
UTNTSkyEdge_tntle_67_0_terrain_1_1|67|0|2|2979|31|1792.0|-4928.0|1984.0|-5184.0|1888.4|-5055.7|96.0|96.0|96.0|QROCK3|QROCK3X8|1.0|1.0|0.0|0.0|8|rock|-|SG002219|-|1159|1|1|31|QROCK3X8|-|1.0|1.0|0.0|0.0|0.0|QROCK3X8|-|1.0|1.0|244.22940036|-1280.0|-384.0|-384.0|96.0|96.0|384.0|384.0|384.0|384.0
UTNTSkyEdge_tntle_67_0_terrain_2_1|67|0|2|2979|2979|1792.0|-4928.0|1984.0|-5184.0|1887.6|-5056.3|-384.0|-384.0|-384.0|QROCK3|XA02TEX|1.0|1.0|0.0|0.0|5|gravel|-|SG002207|-|1066|2|1|2979|XA02TEX|-|1.0|1.0|0.0|0.0|0.0|QROCK3X8|-|1.0|1.0|244.22940036|-1280.0|-384.0|-384.0|96.0|96.0|384.0|384.0|384.0|384.0
UTNTSkyEdge_tntle_69_0_terrain_1_0|69|0|2|2979|30|2240.0|-5120.0|2304.0|-4864.0|2272.4850712500725|-4992.121267812518|96.0|96.0|96.0|QROCK3|QROCK3X8|1.0|1.0|232.963516457|-1280.0|8|rock|-|SG002121|-|1066|1|0|30|QROCK3X8|-|1.0|1.0|0.0|0.0|0.0|QROCK3X8|-|1.0|1.0|232.963516457|-1280.0|-384.0|-384.0|96.0|96.0|384.0|384.0|384.0|384.0
UTNTSkyEdge_tntle_69_0_terrain_1_1|69|0|2|2979|30|2240.0|-5120.0|2304.0|-4864.0|2271.5149287499275|-4991.878732187482|96.0|96.0|96.0|QROCK3|QROCK3X8|1.0|1.0|0.0|0.0|8|rock|-|SG002220|-|1072|1|1|30|QROCK3X8|-|1.0|1.0|0.0|0.0|0.0|QROCK3X8|-|1.0|1.0|232.963516457|-1280.0|-384.0|-384.0|96.0|96.0|384.0|384.0|384.0|384.0
UTNTSkyEdge_tntle_69_0_terrain_2_1|69|0|2|2979|2979|2240.0|-5120.0|2304.0|-4864.0|2272.4850712500725|-4992.121267812518|-384.0|-384.0|-384.0|QROCK3|XA02TEX|1.0|1.0|0.0|0.0|5|gravel|-|SG002207|-|1066|2|1|2979|XA02TEX|-|1.0|1.0|0.0|0.0|0.0|QROCK3X8|-|1.0|1.0|232.963516457|-1280.0|-384.0|-384.0|96.0|96.0|384.0|384.0|384.0|384.0
UTNTSkyEdge_tntle_71_1_terrain_1_0|71|1|2|251|25|1616.0|-4192.0|1792.0|-4128.0|1704.1708715315433|-4160.469896711744|96.0|96.0|96.0|QROCK3|QROCK3X8|1.0|1.0|298.304889852|288.0|5.12|rock|-|SG002124|-|1069|1|0|25|QROCK3X8|-|1.0|1.0|0.0|0.0|0.0|QROCK3X8|-|1.0|1.0|298.304889852|288.0|64.0|64.0|96.0|96.0|384.0|384.0|384.0|384.0
UTNTSkyEdge_tntle_71_1_terrain_1_1|71|1|2|251|25|1616.0|-4192.0|1792.0|-4128.0|1703.8291284684567|-4159.530103288256|96.0|96.0|96.0|QROCK3|QROCK3X8|1.0|1.0|0.0|0.0|5.12|rock|-|SG002216|-|1068|1|1|25|QROCK3X8|-|1.0|1.0|0.0|0.0|0.0|QROCK3X8|-|1.0|1.0|298.304889852|288.0|64.0|64.0|96.0|96.0|384.0|384.0|384.0|384.0
UTNTSkyEdge_tntle_72_1_terrain_1_0|72|1|2|251|25|1504.0|-4352.0|1616.0|-4192.0|1560.4096159602595|-4272.286731172182|96.0|96.0|96.0|QROCK3|QROCK3X8|1.0|1.0|103.0|288.0|5.12|rock|-|SG002124|-|1069|1|0|25|QROCK3X8|-|1.0|1.0|0.0|0.0|0.0|QROCK3X8|-|1.0|1.0|103.0|288.0|64.0|64.0|96.0|96.0|384.0|384.0|384.0|384.0
UTNTSkyEdge_tntle_72_1_terrain_1_1|72|1|2|251|25|1504.0|-4352.0|1616.0|-4192.0|1559.5903840397405|-4271.713268827818|96.0|96.0|96.0|QROCK3|QROCK3X8|1.0|1.0|0.0|0.0|5.12|rock|-|SG002216|-|1068|1|1|25|QROCK3X8|-|1.0|1.0|0.0|0.0|0.0|QROCK3X8|-|1.0|1.0|103.0|288.0|64.0|64.0|96.0|96.0|384.0|384.0|384.0|384.0
UTNTSkyEdge_tntle_74_1_terrain_1_0|74|1|2|251|28|1552.0|-4768.0|1504.0|-4608.0|1528.4789131426105|-4687.856326057216|96.0|96.0|96.0|QROCK3|QROCK3X8|1.0|1.0|0.0|288.0|5.12|rock|-|SG002124|-|1069|1|0|28|QROCK3X8|-|1.0|1.0|0.0|0.0|0.0|QROCK3X8|-|1.0|1.0|0.0|288.0|64.0|64.0|96.0|96.0|384.0|384.0|384.0|384.0
UTNTSkyEdge_tntle_74_1_terrain_1_1|74|1|2|251|28|1552.0|-4768.0|1504.0|-4608.0|1527.5210868573895|-4688.143673942784|96.0|96.0|96.0|QROCK3|QROCK3X8|1.0|1.0|0.0|0.0|5.12|rock|-|SG002218|-|1158|1|1|28|QROCK3X8|-|1.0|1.0|0.0|0.0|0.0|QROCK3X8|-|1.0|1.0|0.0|288.0|64.0|64.0|96.0|96.0|384.0|384.0|384.0|384.0
UTNTSkyEdge_tntle_76_1_terrain_1_0|76|1|2|251|31|1984.0|-5152.0|1792.0|-4896.0|1888.4|-5023.7|96.0|96.0|96.0|QROCK3|QROCK3X8|1.0|1.0|0.0|288.0|5.12|rock|-|SG002124|-|1069|1|0|31|QROCK3X8|-|1.0|1.0|0.0|0.0|0.0|QROCK3X8|-|1.0|1.0|0.0|288.0|64.0|64.0|96.0|96.0|384.0|384.0|384.0|384.0
UTNTSkyEdge_tntle_76_1_terrain_1_1|76|1|2|251|31|1984.0|-5152.0|1792.0|-4896.0|1887.6|-5024.3|96.0|96.0|96.0|QROCK3|QROCK3X8|1.0|1.0|0.0|0.0|5.12|rock|-|SG002219|-|1159|1|1|31|QROCK3X8|-|1.0|1.0|0.0|0.0|0.0|QROCK3X8|-|1.0|1.0|0.0|288.0|64.0|64.0|96.0|96.0|384.0|384.0|384.0|384.0
UTNTSkyEdge_tntle_78_1_terrain_1_0|78|1|2|251|30|2272.0|-4864.0|2208.0|-5088.0|2239.5192380261797|-4975.862639436052|96.0|96.0|96.0|QROCK3|QROCK3X8|1.0|1.0|8.0|288.0|5.12|rock|-|SG002124|-|1069|1|0|30|QROCK3X8|-|1.0|1.0|0.0|0.0|0.0|QROCK3X8|-|1.0|1.0|8.0|288.0|64.0|64.0|96.0|96.0|384.0|384.0|384.0|384.0
UTNTSkyEdge_tntle_78_1_terrain_1_1|78|1|2|251|30|2272.0|-4864.0|2208.0|-5088.0|2240.4807619738203|-4976.137360563948|96.0|96.0|96.0|QROCK3|QROCK3X8|1.0|1.0|0.0|0.0|5.12|rock|-|SG002220|-|1072|1|1|30|QROCK3X8|-|1.0|1.0|0.0|0.0|0.0|QROCK3X8|-|1.0|1.0|8.0|288.0|64.0|64.0|96.0|96.0|384.0|384.0|384.0|384.0
UTNTSkyEdge_tntle_79_0_terrain_2_1|79|0|1|251|251|1792.0|-4128.0|1792.0|-4240.0|1791.5|-4184.0|64.0|64.0|64.0|QROCK3|XA02TEX|1.0|1.0|0.0|0.0|5|gravel|-|SG002221|-|1069|2|1|251|XA02TEX|-|1.0|1.0|0.0|0.0|0.0|QROCK3X8|-|1.0|1.0|93.0|0.0|64.0|64.0|0|0|384.0|384.0|0|0
UTNTSkyEdge_tntle_84_0_terrain_2_1|84|0|2|138|138|576.0|-3584.0|704.0|-3584.0|640.0|-3584.5|0.0|0.0|0.0|QROCK3|XA02TEX|1.0|1.0|0.0|0.0|5|gravel|-|SG002222|-|1071|2|1|138|XA02TEX|-|1.0|1.0|0.0|0.0|0.0|QROCK3X8|-|1.0|1.0|122.0|224.0|0.0|0.0|160.0|160.0|384.0|384.0|288.0|288.0
UTNTSkyEdge_tntle_89_0_terrain_2_1|89|0|2|251|251|1792.0|-4416.0|1792.0|-4544.0|1791.5|-4480.0|64.0|64.0|64.0|QROCK3|XA02TEX|1.0|1.0|0.0|0.0|5|gravel|-|SG002221|-|1069|2|1|251|XA02TEX|-|1.0|1.0|0.0|0.0|0.0|QROCK3X8|-|1.0|1.0|125.0|160.0|64.0|64.0|224.0|224.0|384.0|384.0|352.0|352.0
UTNTSkyEdge_tntle_94_0_terrain_2_1|94|0|2|251|251|1893.0|-4709.0|1984.0|-4800.0|1938.1464466094067|-4754.853553390593|64.0|64.0|64.0|QROCK3|XA02TEX|1.0|1.0|0.0|0.0|5|gravel|-|SG002221|-|1069|2|1|251|XA02TEX|-|1.0|1.0|0.0|0.0|0.0|QROCK3X8|-|1.0|1.0|459.8355698|160.0|64.0|64.0|224.0|224.0|384.0|384.0|352.0|352.0
UTNTSkyEdge_tntle_97_0_terrain_1_0|97|0|2|138|18|480.0|-4064.0|160.0|-4064.0|320.0|-4063.5|32.0|32.0|32.0|QROCK3|QROCK3X8|1.0|1.0|0.0|96.0|5.12|rock|-|SG002126|-|1071|1|0|18|QROCK3X8|-|1.0|1.0|0.0|0.0|0.0|QROCK3X8|-|1.0|1.0|0.0|96.0|0.0|0.0|32.0|32.0|384.0|384.0|384.0|384.0
UTNTSkyEdge_tntle_97_0_terrain_1_1|97|0|2|138|18|480.0|-4064.0|160.0|-4064.0|320.0|-4064.5|32.0|32.0|32.0|QROCK3|QROCK3X8|1.0|1.0|0.0|0.0|5.12|rock|-|SG002223|-|1160|1|1|18|QROCK3X8|-|1.0|1.0|0.0|0.0|0.0|QROCK3X8|-|1.0|1.0|0.0|96.0|0.0|0.0|32.0|32.0|384.0|384.0|384.0|384.0
UTNTSkyEdge_tntle_101_0_terrain_1_0|101|0|2|2979|14|768.0|-3808.0|768.0|-3584.0|768.5|-3696.0|32.0|32.0|32.0|QROCK3|QROCK3X8|1.0|1.0|20.0|-1280.0|8|rock|-|SG002121|-|1066|1|0|14|QROCK3X8|-|1.0|1.0|0.0|0.0|0.0|QROCK3X8|-|1.0|1.0|20.0|-1280.0|-384.0|-384.0|32.0|32.0|384.0|384.0|384.0|384.0
UTNTSkyEdge_tntle_101_0_terrain_1_1|101|0|2|2979|14|768.0|-3808.0|768.0|-3584.0|767.5|-3696.0|32.0|32.0|32.0|QROCK3|QROCK3X8|1.0|1.0|0.0|0.0|8|rock|-|SG002211|-|1070|1|1|14|QROCK3X8|-|1.0|1.0|0.0|0.0|0.0|QROCK3X8|-|1.0|1.0|20.0|-1280.0|-384.0|-384.0|32.0|32.0|384.0|384.0|384.0|384.0
UTNTSkyEdge_tntle_101_0_terrain_2_1|101|0|2|2979|2979|768.0|-3808.0|768.0|-3584.0|768.5|-3696.0|-384.0|-384.0|-384.0|QROCK3|XA02TEX|1.0|1.0|0.0|0.0|5|gravel|-|SG002207|-|1066|2|1|2979|XA02TEX|-|1.0|1.0|0.0|0.0|0.0|QROCK3X8|-|1.0|1.0|20.0|-1280.0|-384.0|-384.0|32.0|32.0|384.0|384.0|384.0|384.0
UTNTSkyEdge_tntle_105_0_terrain_1_0|105|0|2|2979|18|160.0|-4096.0|480.0|-4096.0|320.0|-4096.5|32.0|32.0|32.0|QROCK3|QROCK3X8|1.0|1.0|0.0|-1280.0|8|rock|-|SG002121|-|1066|1|0|18|QROCK3X8|-|1.0|1.0|0.0|0.0|0.0|QROCK3X8|-|1.0|1.0|0.0|-1280.0|-384.0|-384.0|32.0|32.0|384.0|384.0|384.0|384.0
UTNTSkyEdge_tntle_105_0_terrain_1_1|105|0|2|2979|18|160.0|-4096.0|480.0|-4096.0|320.0|-4095.5|32.0|32.0|32.0|QROCK3|QROCK3X8|1.0|1.0|0.0|0.0|8|rock|-|SG002223|-|1160|1|1|18|QROCK3X8|-|1.0|1.0|0.0|0.0|0.0|QROCK3X8|-|1.0|1.0|0.0|-1280.0|-384.0|-384.0|32.0|32.0|384.0|384.0|384.0|384.0
UTNTSkyEdge_tntle_109_0_terrain_1_0|109|0|2|2979|19|-208.0|-3968.0|128.0|-4096.0|-40.17799766379599|-4032.4672438674643|32.0|32.0|32.0|QROCK3|QROCK3X8|1.0|1.0|0.0|-1280.0|8|rock|-|SG002121|-|1066|1|0|19|QROCK3X8|-|1.0|1.0|0.0|0.0|0.0|QROCK3X8|-|1.0|1.0|0.0|-1280.0|-384.0|-384.0|32.0|32.0|384.0|384.0|384.0|384.0
UTNTSkyEdge_tntle_109_0_terrain_1_1|109|0|2|2979|19|-208.0|-3968.0|128.0|-4096.0|-39.82200233620401|-4031.5327561325357|32.0|32.0|32.0|QROCK3|QROCK3X8|1.0|1.0|0.0|0.0|8|rock|-|SG002212|-|1154|1|1|19|QROCK3X8|-|1.0|1.0|0.0|0.0|0.0|QROCK3X8|-|1.0|1.0|0.0|-1280.0|-384.0|-384.0|32.0|32.0|384.0|384.0|384.0|384.0
UTNTSkyEdge_tntle_109_0_terrain_2_1|109|0|2|2979|2979|-208.0|-3968.0|128.0|-4096.0|-40.17799766379599|-4032.4672438674643|-384.0|-384.0|-384.0|QROCK3|XA02TEX|1.0|1.0|0.0|0.0|5|gravel|-|SG002207|-|1066|2|1|2979|XA02TEX|-|1.0|1.0|0.0|0.0|0.0|QROCK3X8|-|1.0|1.0|0.0|-1280.0|-384.0|-384.0|32.0|32.0|384.0|384.0|384.0|384.0
UTNTSkyEdge_tntle_113_0_terrain_1_0|113|0|2|138|20|-352.0|-3552.0|-224.0|-3328.0|-287.56587842893776|-3440.2480694691785|32.0|32.0|32.0|QROCK3|QROCK3X8|1.0|1.0|101.0|96.0|5.12|rock|-|SG002126|-|1071|1|0|20|QROCK3X8|-|1.0|1.0|0.0|0.0|0.0|QROCK3X8|-|1.0|1.0|101.0|96.0|0.0|0.0|32.0|32.0|384.0|384.0|384.0|384.0
UTNTSkyEdge_tntle_113_0_terrain_1_1|113|0|2|138|20|-352.0|-3552.0|-224.0|-3328.0|-288.43412157106224|-3439.7519305308215|32.0|32.0|32.0|QROCK3|QROCK3X8|1.0|1.0|0.0|0.0|5.12|rock|-|SG002208|-|1067|1|1|20|QROCK3X8|-|1.0|1.0|0.0|0.0|0.0|QROCK3X8|-|1.0|1.0|101.0|96.0|0.0|0.0|32.0|32.0|384.0|384.0|384.0|384.0
UTNTSkyEdge_tntle_117_1_terrain_1_0|117|1|2|251|27|1504.0|-4576.0|1504.0|-4384.0|1504.5|-4480.0|96.0|96.0|96.0|QROCK3|QROCK3X8|1.0|1.0|0.0|288.0|5.12|rock|-|SG002124|-|1069|1|0|27|QROCK3X8|-|1.0|1.0|0.0|0.0|0.0|QROCK3X8|-|1.0|1.0|0.0|288.0|64.0|64.0|96.0|96.0|384.0|384.0|384.0|384.0
UTNTSkyEdge_tntle_117_1_terrain_1_1|117|1|2|251|27|1504.0|-4576.0|1504.0|-4384.0|1503.5|-4480.0|96.0|96.0|96.0|QROCK3|QROCK3X8|1.0|1.0|0.0|0.0|5.12|rock|-|SG002224|-|1161|1|1|27|QROCK3X8|-|1.0|1.0|0.0|0.0|0.0|QROCK3X8|-|1.0|1.0|0.0|288.0|64.0|64.0|96.0|96.0|384.0|384.0|384.0|384.0
UTNTSkyEdge_tntle_118_0_terrain_1_0|118|0|2|2979|27|1472.0|-4384.0|1472.0|-4576.0|1471.5|-4480.0|96.0|96.0|96.0|QROCK3|QROCK3X8|1.0|1.0|0.0|-1280.0|8|rock|-|SG002121|-|1066|1|0|27|QROCK3X8|-|1.0|1.0|0.0|0.0|0.0|QROCK3X8|-|1.0|1.0|0.0|-1280.0|-384.0|-384.0|96.0|96.0|384.0|384.0|384.0|384.0
UTNTSkyEdge_tntle_118_0_terrain_1_1|118|0|2|2979|27|1472.0|-4384.0|1472.0|-4576.0|1472.5|-4480.0|96.0|96.0|96.0|QROCK3|QROCK3X8|1.0|1.0|0.0|0.0|8|rock|-|SG002224|-|1161|1|1|27|QROCK3X8|-|1.0|1.0|0.0|0.0|0.0|QROCK3X8|-|1.0|1.0|0.0|-1280.0|-384.0|-384.0|96.0|96.0|384.0|384.0|384.0|384.0
UTNTSkyEdge_tntle_118_0_terrain_2_1|118|0|2|2979|2979|1472.0|-4384.0|1472.0|-4576.0|1471.5|-4480.0|-384.0|-384.0|-384.0|QROCK3|XA02TEX|1.0|1.0|0.0|0.0|5|gravel|-|SG002207|-|1066|2|1|2979|XA02TEX|-|1.0|1.0|0.0|0.0|0.0|QROCK3X8|-|1.0|1.0|0.0|-1280.0|-384.0|-384.0|96.0|96.0|384.0|384.0|384.0|384.0
UTNTSkyEdge_tntle_125_0_terrain_1_0|125|0|2|2979|31|1584.0|-4800.0|1792.0|-4928.0|1687.7379512871678|-4864.425829158352|96.0|96.0|96.0|QROCK3|QROCK3X8|1.0|1.0|0.0|-1280.0|8|rock|-|SG002121|-|1066|1|0|31|QROCK3X8|-|1.0|1.0|0.0|0.0|0.0|QROCK3X8|-|1.0|1.0|0.0|-1280.0|-384.0|-384.0|96.0|96.0|384.0|384.0|384.0|384.0
UTNTSkyEdge_tntle_125_0_terrain_1_1|125|0|2|2979|31|1584.0|-4800.0|1792.0|-4928.0|1688.2620487128322|-4863.574170841648|96.0|96.0|96.0|QROCK3|QROCK3X8|1.0|1.0|0.0|0.0|8|rock|-|SG002219|-|1159|1|1|31|QROCK3X8|-|1.0|1.0|0.0|0.0|0.0|QROCK3X8|-|1.0|1.0|0.0|-1280.0|-384.0|-384.0|96.0|96.0|384.0|384.0|384.0|384.0
UTNTSkyEdge_tntle_126_1_terrain_1_0|126|1|2|251|31|1792.0|-4896.0|1584.0|-4768.0|1688.2620487128322|-4831.574170841648|96.0|96.0|96.0|QROCK3|QROCK3X8|1.0|1.0|320.0|288.0|5.12|rock|-|SG002124|-|1069|1|0|31|QROCK3X8|-|1.0|1.0|0.0|0.0|0.0|QROCK3X8|-|1.0|1.0|320.0|288.0|64.0|64.0|96.0|96.0|384.0|384.0|384.0|384.0
UTNTSkyEdge_tntle_126_1_terrain_1_1|126|1|2|251|31|1792.0|-4896.0|1584.0|-4768.0|1687.7379512871678|-4832.425829158352|96.0|96.0|96.0|QROCK3|QROCK3X8|1.0|1.0|0.0|0.0|5.12|rock|-|SG002219|-|1159|1|1|31|QROCK3X8|-|1.0|1.0|0.0|0.0|0.0|QROCK3X8|-|1.0|1.0|320.0|288.0|64.0|64.0|96.0|96.0|384.0|384.0|384.0|384.0
UTNTSkyEdge_tntle_130_0_terrain_1_0|130|0|2|2979|30|2016.0|-5184.0|2240.0|-5120.0|2128.1373605639487|-5152.48076197382|96.0|96.0|96.0|QROCK3|QROCK3X8|1.0|1.0|0.0|-1280.0|8|rock|-|SG002121|-|1066|1|0|30|QROCK3X8|-|1.0|1.0|0.0|0.0|0.0|QROCK3X8|-|1.0|1.0|0.0|-1280.0|-384.0|-384.0|96.0|96.0|384.0|384.0|384.0|384.0
UTNTSkyEdge_tntle_130_0_terrain_1_1|130|0|2|2979|30|2016.0|-5184.0|2240.0|-5120.0|2127.8626394360513|-5151.51923802618|96.0|96.0|96.0|QROCK3|QROCK3X8|1.0|1.0|0.0|0.0|8|rock|-|SG002220|-|1072|1|1|30|QROCK3X8|-|1.0|1.0|0.0|0.0|0.0|QROCK3X8|-|1.0|1.0|0.0|-1280.0|-384.0|-384.0|96.0|96.0|384.0|384.0|384.0|384.0
UTNTSkyEdge_tntle_130_0_terrain_2_1|130|0|2|2979|2979|2016.0|-5184.0|2240.0|-5120.0|2128.1373605639487|-5152.48076197382|-384.0|-384.0|-384.0|QROCK3|XA02TEX|1.0|1.0|0.0|0.0|5|gravel|-|SG002207|-|1066|2|1|2979|XA02TEX|-|1.0|1.0|0.0|0.0|0.0|QROCK3X8|-|1.0|1.0|0.0|-1280.0|-384.0|-384.0|96.0|96.0|384.0|384.0|384.0|384.0
UTNTSkyEdge_tntle_131_1_terrain_1_0|131|1|2|251|30|2208.0|-5088.0|2016.0|-5152.0|2111.8418861169916|-5119.5256583509745|96.0|96.0|96.0|QROCK3|QROCK3X8|1.0|1.0|240.963516457|288.0|5.12|rock|-|SG002124|-|1069|1|0|30|QROCK3X8|-|1.0|1.0|0.0|0.0|0.0|QROCK3X8|-|1.0|1.0|240.963516457|288.0|64.0|64.0|96.0|96.0|384.0|384.0|384.0|384.0
UTNTSkyEdge_tntle_131_1_terrain_1_1|131|1|2|251|30|2208.0|-5088.0|2016.0|-5152.0|2112.1581138830084|-5120.4743416490255|96.0|96.0|96.0|QROCK3|QROCK3X8|1.0|1.0|0.0|0.0|5.12|rock|-|SG002220|-|1072|1|1|30|QROCK3X8|-|1.0|1.0|0.0|0.0|0.0|QROCK3X8|-|1.0|1.0|240.963516457|288.0|64.0|64.0|96.0|96.0|384.0|384.0|384.0|384.0
UTNTSkyEdge_tntle_385_0_terrain_2_1|385|0|1|2979|2979|-2208.0|-5280.0|-2368.0|-6080.0|-2288.4902903378456|-5679.901941932431|-384.0|-384.0|-384.0|QROCK3|XA02TEX|1.0|1.0|0.0|0.0|5|gravel|-|SG002207|-|1066|2|1|2979|XA02TEX|-|1.0|1.0|0.0|0.0|0.0|QROCK3X8|-|1.0|1.0|824.225415298|0.0|-384.0|-384.0|0|0|384.0|384.0|0|0
UTNTSkyEdge_tntle_386_0_terrain_2_1|386|0|1|2979|2979|-2208.0|-6656.0|-1184.0|-7200.0|-1696.234577612981|-6928.441557859729|-384.0|-384.0|-384.0|QROCK3|XA02TEX|1.0|1.0|0.0|0.0|5|gravel|-|SG002207|-|1066|2|1|2979|XA02TEX|-|1.0|1.0|0.0|0.0|0.0|QROCK3X8|-|1.0|1.0|211.093195565|0.0|-384.0|-384.0|0|0|384.0|384.0|0|0
UTNTSkyEdge_tntle_390_0_terrain_2_1|390|0|1|2874|2874|-768.0|-6208.0|-768.0|-6048.0|-767.5|-6128.0|0.0|0.0|0.0|QROCK3|XA02TEX|1.0|1.0|0.0|0.0|5|gravel|-|SG002225|-|1075|2|1|2874|XA02TEX|-|1.0|1.0|0.0|0.0|0.0|QROCK3X8|-|1.0|1.0|103.627416998|0.0|0.0|0.0|0|0|384.0|384.0|0|0
UTNTSkyEdge_tntle_392_0_terrain_2_1|392|0|1|2979|2979|-1184.0|-5024.0|-1280.0|-5024.0|-1232.0|-5023.5|-384.0|-384.0|-384.0|QROCK3|XA02TEX|1.0|1.0|0.0|0.0|5|gravel|-|SG002207|-|1066|2|1|2979|XA02TEX|-|1.0|1.0|0.0|0.0|0.0|QROCK3X8|-|1.0|1.0|887.0762679|0.0|-384.0|-384.0|0|0|384.0|384.0|0|0
UTNTSkyEdge_tntle_396_0_terrain_2_1|396|0|1|2979|2979|4736.0|896.0|4352.0|1536.0|4544.428746462856|1216.2572478777138|-384.0|-384.0|-384.0|QROCK3|XA02TEX|1.0|1.0|0.0|0.0|5|gravel|-|SG002207|-|1066|2|1|2979|XA02TEX|-|1.0|1.0|0.0|0.0|0.0|QROCK3X8|-|1.0|1.0|289.199827575|0.0|-384.0|-384.0|0|0|384.0|384.0|0|0
UTNTSkyEdge_tntle_398_0_terrain_2_1|398|0|1|2979|2979|3712.0|1664.0|3072.0|1408.0|3391.814304661823|1536.4642383454427|-384.0|-384.0|-384.0|QROCK3|XA02TEX|1.0|1.0|0.0|0.0|5|gravel|-|SG002207|-|1066|2|1|2979|XA02TEX|-|1.0|1.0|0.0|0.0|0.0|QROCK3X8|-|1.0|1.0|664.236167855|0.0|-384.0|-384.0|0|0|384.0|384.0|0|0
UTNTSkyEdge_tntle_399_0_terrain_2_1|399|0|1|2979|2979|3072.0|1408.0|2944.0|1024.0|3007.525658350975|1216.1581138830084|-384.0|-384.0|-384.0|QROCK3|XA02TEX|1.0|1.0|0.0|0.0|5|gravel|-|SG002207|-|1066|2|1|2979|XA02TEX|-|1.0|1.0|0.0|0.0|0.0|QROCK3X8|-|1.0|1.0|329.537263168|0.0|-384.0|-384.0|0|0|384.0|384.0|0|0
UTNTSkyEdge_tntle_400_0_terrain_2_1|400|0|1|2979|2979|2944.0|1024.0|3008.0|576.0|2975.5050252531696|799.9292893218814|-384.0|-384.0|-384.0|QROCK3|XA02TEX|1.0|1.0|0.0|0.0|5|gravel|-|SG002207|-|1066|2|1|2979|XA02TEX|-|1.0|1.0|0.0|0.0|0.0|QROCK3X8|-|1.0|1.0|734.308803669|0.0|-384.0|-384.0|0|0|384.0|384.0|0|0
UTNTSkyEdge_tntle_406_0_terrain_2_1|406|0|1|2979|2979|-160.0|-7200.0|336.0|-6928.0|88.24041630560343|-7064.4384062043355|-384.0|-384.0|-384.0|QROCK3|XA02TEX|1.0|1.0|0.0|0.0|5|gravel|-|SG002207|-|1066|2|1|2979|XA02TEX|-|1.0|1.0|0.0|0.0|0.0|QROCK3X8|-|1.0|1.0|731.0|0.0|-384.0|-384.0|0|0|384.0|384.0|0|0
UTNTSkyEdge_tntle_413_0_terrain_1_0|413|0|2|2874|96|-192.0|-5344.0|-128.0|-5408.0|-160.35355339059328|-5376.353553390593|20.0|20.0|20.0|QROCK3|QROCK3X8|1.0|1.0|90.509667992|-1280.0|3.2|rock|-|SG002130|-|1075|1|0|96|QROCK3X8|-|1.0|1.0|0.0|0.0|0.0|QROCK3X8|-|1.0|1.0|90.509667992|-1280.0|0.0|0.0|20.0|20.0|384.0|384.0|384.0|384.0
UTNTSkyEdge_tntle_413_0_terrain_1_1|413|0|2|2874|96|-192.0|-5344.0|-128.0|-5408.0|-159.64644660940672|-5375.646446609407|20.0|20.0|20.0|QROCK3|QROCK3X8|1.0|1.0|0.0|0.0|3.2|rock|-|SG002226|-|1162|1|1|96|QROCK3X8|-|1.0|1.0|0.0|0.0|0.0|QROCK3X8|-|1.0|1.0|90.509667992|-1280.0|0.0|0.0|20.0|20.0|384.0|384.0|384.0|384.0
UTNTSkyEdge_tntle_414_0_terrain_1_0|414|0|2|2874|96|-128.0|-5408.0|-96.0|-5376.0|-111.64644660940672|-5392.353553390593|20.0|20.0|20.0|QROCK3|QROCK3X8|1.0|1.0|181.019335984|-1280.0|3.2|rock|-|SG002130|-|1075|1|0|96|QROCK3X8|-|1.0|1.0|0.0|0.0|0.0|QROCK3X8|-|1.0|1.0|181.019335984|-1280.0|0.0|0.0|20.0|20.0|384.0|384.0|384.0|384.0
UTNTSkyEdge_tntle_414_0_terrain_1_1|414|0|2|2874|96|-128.0|-5408.0|-96.0|-5376.0|-112.35355339059328|-5391.646446609407|20.0|20.0|20.0|QROCK3|QROCK3X8|1.0|1.0|0.0|0.0|3.2|rock|-|SG002226|-|1162|1|1|96|QROCK3X8|-|1.0|1.0|0.0|0.0|0.0|QROCK3X8|-|1.0|1.0|181.019335984|-1280.0|0.0|0.0|20.0|20.0|384.0|384.0|384.0|384.0
UTNTSkyEdge_tntle_415_0_terrain_1_0|415|0|2|2874|96|-96.0|-5376.0|-128.0|-5280.0|-111.52565835097474|-5327.841886116991|20.0|20.0|20.0|QROCK3|QROCK3X8|1.0|1.0|226.27416998|-1280.0|3.2|rock|-|SG002130|-|1075|1|0|96|QROCK3X8|-|1.0|1.0|0.0|0.0|0.0|QROCK3X8|-|1.0|1.0|226.27416998|-1280.0|0.0|0.0|20.0|20.0|384.0|384.0|384.0|384.0
UTNTSkyEdge_tntle_415_0_terrain_1_1|415|0|2|2874|96|-96.0|-5376.0|-128.0|-5280.0|-112.47434164902526|-5328.158113883009|20.0|20.0|20.0|QROCK3|QROCK3X8|1.0|1.0|0.0|0.0|3.2|rock|-|SG002226|-|1162|1|1|96|QROCK3X8|-|1.0|1.0|0.0|0.0|0.0|QROCK3X8|-|1.0|1.0|226.27416998|-1280.0|0.0|0.0|20.0|20.0|384.0|384.0|384.0|384.0
UTNTSkyEdge_tntle_416_0_terrain_1_0|416|0|2|2874|96|-128.0|-5280.0|-192.0|-5344.0|-160.35355339059328|-5311.646446609407|20.0|20.0|20.0|QROCK3|QROCK3X8|1.0|1.0|0.0|-1280.0|3.2|rock|-|SG002130|-|1075|1|0|96|QROCK3X8|-|1.0|1.0|0.0|0.0|0.0|QROCK3X8|-|1.0|1.0|0.0|-1280.0|0.0|0.0|20.0|20.0|384.0|384.0|384.0|384.0
UTNTSkyEdge_tntle_416_0_terrain_1_1|416|0|2|2874|96|-128.0|-5280.0|-192.0|-5344.0|-159.64644660940672|-5312.353553390593|20.0|20.0|20.0|QROCK3|QROCK3X8|1.0|1.0|0.0|0.0|3.2|rock|-|SG002226|-|1162|1|1|96|QROCK3X8|-|1.0|1.0|0.0|0.0|0.0|QROCK3X8|-|1.0|1.0|0.0|-1280.0|0.0|0.0|20.0|20.0|384.0|384.0|384.0|384.0
UTNTSkyEdge_tntle_417_0_terrain_1_0|417|0|2|2874|97|366.0|-5697.0|430.0|-5633.0|398.3535533905933|-5665.353553390593|20.0|20.0|20.0|QROCK3|QROCK3X8|1.0|1.0|90.509667992|-1280.0|3.2|rock|-|SG002130|-|1075|1|0|97|QROCK3X8|-|1.0|1.0|0.0|0.0|0.0|QROCK3X8|-|1.0|1.0|90.509667992|-1280.0|0.0|0.0|20.0|20.0|384.0|384.0|384.0|384.0
UTNTSkyEdge_tntle_417_0_terrain_1_1|417|0|2|2874|97|366.0|-5697.0|430.0|-5633.0|397.6464466094067|-5664.646446609407|20.0|20.0|20.0|QROCK3|QROCK3X8|1.0|1.0|0.0|0.0|3.2|rock|-|SG002227|-|1163|1|1|97|QROCK3X8|-|1.0|1.0|0.0|0.0|0.0|QROCK3X8|-|1.0|1.0|90.509667992|-1280.0|0.0|0.0|20.0|20.0|384.0|384.0|384.0|384.0
UTNTSkyEdge_tntle_418_0_terrain_1_0|418|0|2|2874|97|430.0|-5633.0|398.0|-5601.0|414.3535533905933|-5616.646446609407|20.0|20.0|20.0|QROCK3|QROCK3X8|1.0|1.0|181.019335984|-1280.0|3.2|rock|-|SG002130|-|1075|1|0|97|QROCK3X8|-|1.0|1.0|0.0|0.0|0.0|QROCK3X8|-|1.0|1.0|181.019335984|-1280.0|0.0|0.0|20.0|20.0|384.0|384.0|384.0|384.0
UTNTSkyEdge_tntle_418_0_terrain_1_1|418|0|2|2874|97|430.0|-5633.0|398.0|-5601.0|413.6464466094067|-5617.353553390593|20.0|20.0|20.0|QROCK3|QROCK3X8|1.0|1.0|0.0|0.0|3.2|rock|-|SG002227|-|1163|1|1|97|QROCK3X8|-|1.0|1.0|0.0|0.0|0.0|QROCK3X8|-|1.0|1.0|181.019335984|-1280.0|0.0|0.0|20.0|20.0|384.0|384.0|384.0|384.0
UTNTSkyEdge_tntle_419_0_terrain_1_0|419|0|2|2874|97|398.0|-5601.0|302.0|-5633.0|349.8418861169916|-5616.5256583509745|20.0|20.0|20.0|QROCK3|QROCK3X8|1.0|1.0|226.27416998|-1280.0|3.2|rock|-|SG002130|-|1075|1|0|97|QROCK3X8|-|1.0|1.0|0.0|0.0|0.0|QROCK3X8|-|1.0|1.0|226.27416998|-1280.0|0.0|0.0|20.0|20.0|384.0|384.0|384.0|384.0
UTNTSkyEdge_tntle_419_0_terrain_1_1|419|0|2|2874|97|398.0|-5601.0|302.0|-5633.0|350.1581138830084|-5617.4743416490255|20.0|20.0|20.0|QROCK3|QROCK3X8|1.0|1.0|0.0|0.0|3.2|rock|-|SG002227|-|1163|1|1|97|QROCK3X8|-|1.0|1.0|0.0|0.0|0.0|QROCK3X8|-|1.0|1.0|226.27416998|-1280.0|0.0|0.0|20.0|20.0|384.0|384.0|384.0|384.0
UTNTSkyEdge_tntle_420_0_terrain_1_0|420|0|2|2874|97|302.0|-5633.0|366.0|-5697.0|333.6464466094067|-5665.353553390593|20.0|20.0|20.0|QROCK3|QROCK3X8|1.0|1.0|0.0|-1280.0|3.2|rock|-|SG002130|-|1075|1|0|97|QROCK3X8|-|1.0|1.0|0.0|0.0|0.0|QROCK3X8|-|1.0|1.0|0.0|-1280.0|0.0|0.0|20.0|20.0|384.0|384.0|384.0|384.0
UTNTSkyEdge_tntle_420_0_terrain_1_1|420|0|2|2874|97|302.0|-5633.0|366.0|-5697.0|334.3535533905933|-5664.646446609407|20.0|20.0|20.0|QROCK3|QROCK3X8|1.0|1.0|0.0|0.0|3.2|rock|-|SG002227|-|1163|1|1|97|QROCK3X8|-|1.0|1.0|0.0|0.0|0.0|QROCK3X8|-|1.0|1.0|0.0|-1280.0|0.0|0.0|20.0|20.0|384.0|384.0|384.0|384.0
UTNTSkyEdge_tntle_421_0_terrain_1_0|421|0|2|2874|99|-480.0|-5632.0|-480.0|-5408.0|-479.5|-5520.0|32.0|32.0|32.0|QROCK3|QROCK3X8|1.0|1.0|85.0|96.0|5.12|rock|-|SG002130|-|1075|1|0|99|QROCK3X8|-|1.0|1.0|0.0|0.0|0.0|QROCK3X8|-|1.0|1.0|85.0|96.0|0.0|0.0|32.0|32.0|384.0|384.0|384.0|384.0
UTNTSkyEdge_tntle_421_0_terrain_1_1|421|0|2|2874|99|-480.0|-5632.0|-480.0|-5408.0|-480.5|-5520.0|32.0|32.0|32.0|QROCK3|QROCK3X8|1.0|1.0|0.0|0.0|5.12|rock|-|SG002228|-|1076|1|1|99|QROCK3X8|-|1.0|1.0|0.0|0.0|0.0|QROCK3X8|-|1.0|1.0|85.0|96.0|0.0|0.0|32.0|32.0|384.0|384.0|384.0|384.0
UTNTSkyEdge_tntle_422_0_terrain_1_0|422|0|2|2874|101|-480.0|-5376.0|-256.0|-5152.0|-367.6464466094067|-5264.353553390593|32.0|32.0|32.0|QROCK3|QROCK3X8|1.0|1.0|0.0|96.0|5.12|rock|-|SG002130|-|1075|1|0|101|QROCK3X8|-|1.0|1.0|0.0|0.0|0.0|QROCK3X8|-|1.0|1.0|0.0|96.0|0.0|0.0|32.0|32.0|384.0|384.0|384.0|384.0
UTNTSkyEdge_tntle_422_0_terrain_1_1|422|0|2|2874|101|-480.0|-5376.0|-256.0|-5152.0|-368.3535533905933|-5263.646446609407|32.0|32.0|32.0|QROCK3|QROCK3X8|1.0|1.0|0.0|0.0|5.12|rock|-|SG002229|-|1164|1|1|101|QROCK3X8|-|1.0|1.0|0.0|0.0|0.0|QROCK3X8|-|1.0|1.0|0.0|96.0|0.0|0.0|32.0|32.0|384.0|384.0|384.0|384.0
UTNTSkyEdge_tntle_423_0_terrain_1_0|423|0|2|2979|107|400.0|-5216.0|384.0|-5216.0|392.0|-5215.5|32.0|32.0|32.0|QROCK3|QROCK3X8|1.0|1.0|480.266592634|-1280.0|8|rock|-|SG002121|-|1066|1|0|107|QROCK3X8|-|1.0|1.0|0.0|0.0|0.0|QROCK3X8|-|1.0|1.0|480.266592634|-1280.0|-384.0|-384.0|32.0|32.0|384.0|384.0|384.0|384.0
UTNTSkyEdge_tntle_423_0_terrain_1_1|423|0|2|2979|107|400.0|-5216.0|384.0|-5216.0|392.0|-5216.5|32.0|32.0|32.0|QROCK3|QROCK3X8|1.0|1.0|0.0|0.0|8|rock|-|SG002230|-|1165|1|1|107|QROCK3X8|-|1.0|1.0|0.0|0.0|0.0|QROCK3X8|-|1.0|1.0|480.266592634|-1280.0|-384.0|-384.0|32.0|32.0|384.0|384.0|384.0|384.0
UTNTSkyEdge_tntle_425_0_terrain_1_0|425|0|2|2874|107|384.0|-5248.0|608.0|-5632.0|495.5681105495508|-5440.251935512762|32.0|32.0|32.0|QROCK3|QROCK3X8|1.0|1.0|0.0|96.0|5.12|rock|-|SG002130|-|1075|1|0|107|QROCK3X8|-|1.0|1.0|0.0|0.0|0.0|QROCK3X8|-|1.0|1.0|0.0|96.0|0.0|0.0|32.0|32.0|384.0|384.0|384.0|384.0
UTNTSkyEdge_tntle_425_0_terrain_1_1|425|0|2|2874|107|384.0|-5248.0|608.0|-5632.0|496.4318894504492|-5439.748064487238|32.0|32.0|32.0|QROCK3|QROCK3X8|1.0|1.0|0.0|0.0|5.12|rock|-|SG002230|-|1165|1|1|107|QROCK3X8|-|1.0|1.0|0.0|0.0|0.0|QROCK3X8|-|1.0|1.0|0.0|96.0|0.0|0.0|32.0|32.0|384.0|384.0|384.0|384.0
UTNTSkyEdge_tntle_427_0_terrain_1_0|427|0|2|2874|103|-224.0|-5152.0|95.0|-5152.0|-64.5|-5152.5|32.0|32.0|32.0|QROCK3|QROCK3X8|1.0|1.0|0.0|96.0|5.12|rock|-|SG002130|-|1075|1|0|103|QROCK3X8|-|1.0|1.0|0.0|0.0|0.0|QROCK3X8|-|1.0|1.0|0.0|96.0|0.0|0.0|32.0|32.0|384.0|384.0|384.0|384.0
UTNTSkyEdge_tntle_427_0_terrain_1_1|427|0|2|2874|103|-224.0|-5152.0|95.0|-5152.0|-64.5|-5151.5|32.0|32.0|32.0|QROCK3|QROCK3X8|1.0|1.0|0.0|0.0|5.12|rock|-|SG002231|-|1166|1|1|103|QROCK3X8|-|1.0|1.0|0.0|0.0|0.0|QROCK3X8|-|1.0|1.0|0.0|96.0|0.0|0.0|32.0|32.0|384.0|384.0|384.0|384.0
UTNTSkyEdge_tntle_430_0_terrain_1_0|430|0|2|2874|117|608.0|-5664.0|432.0|-6096.0|519.5369538201152|-5879.811351556344|32.0|32.0|32.0|QROCK3|QROCK3X8|1.0|1.0|0.0|96.0|5.12|rock|-|SG002130|-|1075|1|0|117|QROCK3X8|-|1.0|1.0|0.0|0.0|0.0|QROCK3X8|-|1.0|1.0|0.0|96.0|0.0|0.0|32.0|32.0|384.0|384.0|384.0|384.0
UTNTSkyEdge_tntle_430_0_terrain_1_1|430|0|2|2874|117|608.0|-5664.0|432.0|-6096.0|520.4630461798848|-5880.188648443656|32.0|32.0|32.0|QROCK3|QROCK3X8|1.0|1.0|0.0|0.0|5.12|rock|-|SG002232|-|1167|1|1|117|QROCK3X8|-|1.0|1.0|0.0|0.0|0.0|QROCK3X8|-|1.0|1.0|0.0|96.0|0.0|0.0|32.0|32.0|384.0|384.0|384.0|384.0
UTNTSkyEdge_tntle_431_0_terrain_1_0|431|0|2|2979|99|-512.0|-5408.0|-512.0|-5600.0|-512.5|-5504.0|32.0|32.0|32.0|QROCK3|QROCK3X8|1.0|1.0|90.0|-1280.0|8|rock|-|SG002121|-|1066|1|0|99|QROCK3X8|-|1.0|1.0|0.0|0.0|0.0|QROCK3X8|-|1.0|1.0|90.0|-1280.0|-384.0|-384.0|32.0|32.0|384.0|384.0|384.0|384.0
UTNTSkyEdge_tntle_431_0_terrain_1_1|431|0|2|2979|99|-512.0|-5408.0|-512.0|-5600.0|-511.5|-5504.0|32.0|32.0|32.0|QROCK3|QROCK3X8|1.0|1.0|0.0|0.0|8|rock|-|SG002228|-|1076|1|1|99|QROCK3X8|-|1.0|1.0|0.0|0.0|0.0|QROCK3X8|-|1.0|1.0|90.0|-1280.0|-384.0|-384.0|32.0|32.0|384.0|384.0|384.0|384.0
UTNTSkyEdge_tntle_436_0_terrain_1_0|436|0|2|2979|101|-256.0|-5120.0|-512.0|-5376.0|-384.3535533905933|-5247.646446609407|32.0|32.0|32.0|QROCK3|QROCK3X8|1.0|1.0|0.0|-1280.0|8|rock|-|SG002121|-|1066|1|0|101|QROCK3X8|-|1.0|1.0|0.0|0.0|0.0|QROCK3X8|-|1.0|1.0|0.0|-1280.0|-384.0|-384.0|32.0|32.0|384.0|384.0|384.0|384.0
UTNTSkyEdge_tntle_436_0_terrain_1_1|436|0|2|2979|101|-256.0|-5120.0|-512.0|-5376.0|-383.6464466094067|-5248.353553390593|32.0|32.0|32.0|QROCK3|QROCK3X8|1.0|1.0|0.0|0.0|8|rock|-|SG002229|-|1164|1|1|101|QROCK3X8|-|1.0|1.0|0.0|0.0|0.0|QROCK3X8|-|1.0|1.0|0.0|-1280.0|-384.0|-384.0|32.0|32.0|384.0|384.0|384.0|384.0
UTNTSkyEdge_tntle_436_0_terrain_2_1|436|0|2|2979|2979|-256.0|-5120.0|-512.0|-5376.0|-384.3535533905933|-5247.646446609407|-384.0|-384.0|-384.0|QROCK3|XA02TEX|1.0|1.0|0.0|0.0|5|gravel|-|SG002207|-|1066|2|1|2979|XA02TEX|-|1.0|1.0|0.0|0.0|0.0|QROCK3X8|-|1.0|1.0|0.0|-1280.0|-384.0|-384.0|32.0|32.0|384.0|384.0|384.0|384.0
UTNTSkyEdge_tntle_439_0_terrain_1_0|439|0|2|2979|103|95.0|-5120.0|-224.0|-5120.0|-64.5|-5119.5|32.0|32.0|32.0|QROCK3|QROCK3X8|1.0|1.0|0.0|-1280.0|8|rock|-|SG002121|-|1066|1|0|103|QROCK3X8|-|1.0|1.0|0.0|0.0|0.0|QROCK3X8|-|1.0|1.0|0.0|-1280.0|-384.0|-384.0|32.0|32.0|384.0|384.0|384.0|384.0
UTNTSkyEdge_tntle_439_0_terrain_1_1|439|0|2|2979|103|95.0|-5120.0|-224.0|-5120.0|-64.5|-5120.5|32.0|32.0|32.0|QROCK3|QROCK3X8|1.0|1.0|0.0|0.0|8|rock|-|SG002231|-|1166|1|1|103|QROCK3X8|-|1.0|1.0|0.0|0.0|0.0|QROCK3X8|-|1.0|1.0|0.0|-1280.0|-384.0|-384.0|32.0|32.0|384.0|384.0|384.0|384.0
UTNTSkyEdge_tntle_439_0_terrain_2_1|439|0|2|2979|2979|95.0|-5120.0|-224.0|-5120.0|-64.5|-5119.5|-384.0|-384.0|-384.0|QROCK3|XA02TEX|1.0|1.0|0.0|0.0|5|gravel|-|SG002207|-|1066|2|1|2979|XA02TEX|-|1.0|1.0|0.0|0.0|0.0|QROCK3X8|-|1.0|1.0|0.0|-1280.0|-384.0|-384.0|32.0|32.0|384.0|384.0|384.0|384.0
UTNTSkyEdge_tntle_440_0_terrain_1_0|440|0|2|750|104|352.0|-5216.0|127.0|-5120.0|239.6962193425239|-5167.540110915959|-16.0|-16.0|-16.0|QROCK3|QROCK3X8|1.0|1.0|0.0|-1408.0|2.56|rock|-|SG002233|-|1168|1|0|104|QROCK3X8|-|1.0|1.0|0.0|0.0|0.0|QROCK3X8|-|1.0|1.0|0.0|-1408.0|-32.0|-32.0|-16.0|-16.0|384.0|384.0|384.0|384.0
UTNTSkyEdge_tntle_440_0_terrain_1_1|440|0|2|750|104|352.0|-5216.0|127.0|-5120.0|239.3037806574761|-5168.459889084041|-16.0|-16.0|-16.0|QROCK3|QROCK3X8|1.0|1.0|0.0|0.0|2.56|rock|-|SG002234|-|1169|1|1|104|QROCK3X8|-|1.0|1.0|0.0|0.0|0.0|QROCK3X8|-|1.0|1.0|0.0|-1408.0|-32.0|-32.0|-16.0|-16.0|384.0|384.0|384.0|384.0
UTNTSkyEdge_tntle_442_0_terrain_1_0|442|0|2|2979|105|336.0|-6928.0|592.0|-6608.0|464.39043440472153|-6768.312347523777|32.0|32.0|32.0|QROCK3|QROCK3X8|1.0|1.0|17.0|-1280.0|8|rock|-|SG002121|-|1066|1|0|105|QROCK3X8|-|1.0|1.0|0.0|0.0|0.0|QROCK3X8|-|1.0|1.0|17.0|-1280.0|-384.0|-384.0|32.0|32.0|384.0|384.0|384.0|384.0
UTNTSkyEdge_tntle_442_0_terrain_1_1|442|0|2|2979|105|336.0|-6928.0|592.0|-6608.0|463.60956559527847|-6767.687652476223|32.0|32.0|32.0|QROCK3|QROCK3X8|1.0|1.0|0.0|0.0|8|rock|-|SG002235|-|1074|1|1|105|QROCK3X8|-|1.0|1.0|0.0|0.0|0.0|QROCK3X8|-|1.0|1.0|17.0|-1280.0|-384.0|-384.0|32.0|32.0|384.0|384.0|384.0|384.0
UTNTSkyEdge_tntle_446_0_terrain_1_0|446|0|2|2979|107|640.0|-5632.0|400.0|-5216.0|520.4330927930243|-5423.7501387732555|32.0|32.0|32.0|QROCK3|QROCK3X8|1.0|1.0|0.0|-1280.0|8|rock|-|SG002121|-|1066|1|0|107|QROCK3X8|-|1.0|1.0|0.0|0.0|0.0|QROCK3X8|-|1.0|1.0|0.0|-1280.0|-384.0|-384.0|32.0|32.0|384.0|384.0|384.0|384.0
UTNTSkyEdge_tntle_446_0_terrain_1_1|446|0|2|2979|107|640.0|-5632.0|400.0|-5216.0|519.5669072069757|-5424.2498612267445|32.0|32.0|32.0|QROCK3|QROCK3X8|1.0|1.0|0.0|0.0|8|rock|-|SG002230|-|1165|1|1|107|QROCK3X8|-|1.0|1.0|0.0|0.0|0.0|QROCK3X8|-|1.0|1.0|0.0|-1280.0|-384.0|-384.0|32.0|32.0|384.0|384.0|384.0|384.0
UTNTSkyEdge_tntle_446_0_terrain_2_1|446|0|2|2979|2979|640.0|-5632.0|400.0|-5216.0|520.4330927930243|-5423.7501387732555|-384.0|-384.0|-384.0|QROCK3|XA02TEX|1.0|1.0|0.0|0.0|5|gravel|-|SG002207|-|1066|2|1|2979|XA02TEX|-|1.0|1.0|0.0|0.0|0.0|QROCK3X8|-|1.0|1.0|0.0|-1280.0|-384.0|-384.0|32.0|32.0|384.0|384.0|384.0|384.0
UTNTSkyEdge_tntle_450_0_terrain_2_1|450|0|1|2979|2979|-512.0|-5600.0|-1184.0|-5024.0|-847.674604313272|-5311.6203716988175|-384.0|-384.0|-384.0|QROCK3|XA02TEX|1.0|1.0|0.0|0.0|5|gravel|-|SG002207|-|1066|2|1|2979|XA02TEX|-|1.0|1.0|0.0|0.0|0.0|QROCK3X8|-|1.0|1.0|2.0|0.0|-384.0|-384.0|0|0|384.0|384.0|0|0
UTNTSkyEdge_tntle_451_0_terrain_2_1|451|0|1|2874|2874|320.0|-6912.0|96.0|-6560.0|208.42183074386605|-6735.731562253904|0.0|0.0|0.0|QROCK3|XA02TEX|1.0|1.0|0.0|0.0|5|gravel|-|SG002225|-|1075|2|1|2874|XA02TEX|-|1.0|1.0|0.0|0.0|0.0|QROCK3X8|-|1.0|1.0|40.0|0.0|0.0|0.0|0|0|384.0|384.0|0|0
UTNTSkyEdge_tntle_453_0_terrain_1_0|453|0|2|2979|115|592.0|-6576.0|464.0|-6128.0|528.4807619738204|-6351.862639436052|32.0|32.0|32.0|QROCK3|QROCK3X8|1.0|1.0|0.0|-1280.0|8|rock|-|SG002121|-|1066|1|0|115|QROCK3X8|-|1.0|1.0|0.0|0.0|0.0|QROCK3X8|-|1.0|1.0|0.0|-1280.0|-384.0|-384.0|32.0|32.0|384.0|384.0|384.0|384.0
UTNTSkyEdge_tntle_453_0_terrain_1_1|453|0|2|2979|115|592.0|-6576.0|464.0|-6128.0|527.5192380261796|-6352.137360563948|32.0|32.0|32.0|QROCK3|QROCK3X8|1.0|1.0|0.0|0.0|8|rock|-|SG002236|-|1170|1|1|115|QROCK3X8|-|1.0|1.0|0.0|0.0|0.0|QROCK3X8|-|1.0|1.0|0.0|-1280.0|-384.0|-384.0|32.0|32.0|384.0|384.0|384.0|384.0
UTNTSkyEdge_tntle_453_0_terrain_2_1|453|0|2|2979|2979|592.0|-6576.0|464.0|-6128.0|528.4807619738204|-6351.862639436052|-384.0|-384.0|-384.0|QROCK3|XA02TEX|1.0|1.0|0.0|0.0|5|gravel|-|SG002207|-|1066|2|1|2979|XA02TEX|-|1.0|1.0|0.0|0.0|0.0|QROCK3X8|-|1.0|1.0|0.0|-1280.0|-384.0|-384.0|32.0|32.0|384.0|384.0|384.0|384.0
UTNTSkyEdge_tntle_454_0_terrain_1_0|454|0|2|2874|105|560.0|-6608.0|320.0|-6912.0|439.6075586172333|-6759.69017785571|32.0|32.0|32.0|QROCK3|QROCK3X8|1.0|1.0|69.0|96.0|5.12|rock|-|SG002130|-|1075|1|0|105|QROCK3X8|-|1.0|1.0|0.0|0.0|0.0|QROCK3X8|-|1.0|1.0|69.0|96.0|0.0|0.0|32.0|32.0|384.0|384.0|384.0|384.0
UTNTSkyEdge_tntle_454_0_terrain_1_1|454|0|2|2874|105|560.0|-6608.0|320.0|-6912.0|440.3924413827667|-6760.30982214429|32.0|32.0|32.0|QROCK3|QROCK3X8|1.0|1.0|0.0|0.0|5.12|rock|-|SG002235|-|1074|1|1|105|QROCK3X8|-|1.0|1.0|0.0|0.0|0.0|QROCK3X8|-|1.0|1.0|69.0|96.0|0.0|0.0|32.0|32.0|384.0|384.0|384.0|384.0
UTNTSkyEdge_tntle_458_0_terrain_1_0|458|0|2|2874|115|432.0|-6128.0|560.0|-6576.0|495.5192380261796|-6352.137360563948|32.0|32.0|32.0|QROCK3|QROCK3X8|1.0|1.0|0.0|96.0|5.12|rock|-|SG002130|-|1075|1|0|115|QROCK3X8|-|1.0|1.0|0.0|0.0|0.0|QROCK3X8|-|1.0|1.0|0.0|96.0|0.0|0.0|32.0|32.0|384.0|384.0|384.0|384.0
UTNTSkyEdge_tntle_458_0_terrain_1_1|458|0|2|2874|115|432.0|-6128.0|560.0|-6576.0|496.4807619738204|-6351.862639436052|32.0|32.0|32.0|QROCK3|QROCK3X8|1.0|1.0|0.0|0.0|5.12|rock|-|SG002236|-|1170|1|1|115|QROCK3X8|-|1.0|1.0|0.0|0.0|0.0|QROCK3X8|-|1.0|1.0|0.0|96.0|0.0|0.0|32.0|32.0|384.0|384.0|384.0|384.0
UTNTSkyEdge_tntle_460_0_terrain_1_0|460|0|2|2979|117|464.0|-6096.0|640.0|-5664.0|552.4630461798848|-5880.188648443656|32.0|32.0|32.0|QROCK3|QROCK3X8|1.0|1.0|0.0|-1280.0|8|rock|-|SG002121|-|1066|1|0|117|QROCK3X8|-|1.0|1.0|0.0|0.0|0.0|QROCK3X8|-|1.0|1.0|0.0|-1280.0|-384.0|-384.0|32.0|32.0|384.0|384.0|384.0|384.0
UTNTSkyEdge_tntle_460_0_terrain_1_1|460|0|2|2979|117|464.0|-6096.0|640.0|-5664.0|551.5369538201152|-5879.811351556344|32.0|32.0|32.0|QROCK3|QROCK3X8|1.0|1.0|0.0|0.0|8|rock|-|SG002232|-|1167|1|1|117|QROCK3X8|-|1.0|1.0|0.0|0.0|0.0|QROCK3X8|-|1.0|1.0|0.0|-1280.0|-384.0|-384.0|32.0|32.0|384.0|384.0|384.0|384.0
UTNTSkyEdge_tntle_464_0_terrain_1_0|464|0|2|2874|119|-448.0|-6144.0|-384.0|-6208.0|-416.3535533905933|-6176.353553390593|20.0|20.0|20.0|QROCK3|QROCK3X8|1.0|1.0|90.509667992|-1280.0|3.2|rock|-|SG002130|-|1075|1|0|119|QROCK3X8|-|1.0|1.0|0.0|0.0|0.0|QROCK3X8|-|1.0|1.0|90.509667992|-1280.0|0.0|0.0|20.0|20.0|384.0|384.0|384.0|384.0
UTNTSkyEdge_tntle_464_0_terrain_1_1|464|0|2|2874|119|-448.0|-6144.0|-384.0|-6208.0|-415.6464466094067|-6175.646446609407|20.0|20.0|20.0|QROCK3|QROCK3X8|1.0|1.0|0.0|0.0|3.2|rock|-|SG002237|-|1171|1|1|119|QROCK3X8|-|1.0|1.0|0.0|0.0|0.0|QROCK3X8|-|1.0|1.0|90.509667992|-1280.0|0.0|0.0|20.0|20.0|384.0|384.0|384.0|384.0
UTNTSkyEdge_tntle_465_0_terrain_1_0|465|0|2|2874|119|-384.0|-6208.0|-352.0|-6176.0|-367.6464466094067|-6192.353553390593|20.0|20.0|20.0|QROCK3|QROCK3X8|1.0|1.0|181.019335984|-1280.0|3.2|rock|-|SG002130|-|1075|1|0|119|QROCK3X8|-|1.0|1.0|0.0|0.0|0.0|QROCK3X8|-|1.0|1.0|181.019335984|-1280.0|0.0|0.0|20.0|20.0|384.0|384.0|384.0|384.0
UTNTSkyEdge_tntle_465_0_terrain_1_1|465|0|2|2874|119|-384.0|-6208.0|-352.0|-6176.0|-368.3535533905933|-6191.646446609407|20.0|20.0|20.0|QROCK3|QROCK3X8|1.0|1.0|0.0|0.0|3.2|rock|-|SG002237|-|1171|1|1|119|QROCK3X8|-|1.0|1.0|0.0|0.0|0.0|QROCK3X8|-|1.0|1.0|181.019335984|-1280.0|0.0|0.0|20.0|20.0|384.0|384.0|384.0|384.0
UTNTSkyEdge_tntle_466_0_terrain_1_0|466|0|2|2874|119|-352.0|-6176.0|-384.0|-6080.0|-367.52565835097477|-6127.841886116991|20.0|20.0|20.0|QROCK3|QROCK3X8|1.0|1.0|226.27416998|-1280.0|3.2|rock|-|SG002130|-|1075|1|0|119|QROCK3X8|-|1.0|1.0|0.0|0.0|0.0|QROCK3X8|-|1.0|1.0|226.27416998|-1280.0|0.0|0.0|20.0|20.0|384.0|384.0|384.0|384.0
UTNTSkyEdge_tntle_466_0_terrain_1_1|466|0|2|2874|119|-352.0|-6176.0|-384.0|-6080.0|-368.47434164902523|-6128.158113883009|20.0|20.0|20.0|QROCK3|QROCK3X8|1.0|1.0|0.0|0.0|3.2|rock|-|SG002237|-|1171|1|1|119|QROCK3X8|-|1.0|1.0|0.0|0.0|0.0|QROCK3X8|-|1.0|1.0|226.27416998|-1280.0|0.0|0.0|20.0|20.0|384.0|384.0|384.0|384.0
UTNTSkyEdge_tntle_467_0_terrain_1_0|467|0|2|2874|119|-384.0|-6080.0|-448.0|-6144.0|-416.3535533905933|-6111.646446609407|20.0|20.0|20.0|QROCK3|QROCK3X8|1.0|1.0|0.0|-1280.0|3.2|rock|-|SG002130|-|1075|1|0|119|QROCK3X8|-|1.0|1.0|0.0|0.0|0.0|QROCK3X8|-|1.0|1.0|0.0|-1280.0|0.0|0.0|20.0|20.0|384.0|384.0|384.0|384.0
UTNTSkyEdge_tntle_467_0_terrain_1_1|467|0|2|2874|119|-384.0|-6080.0|-448.0|-6144.0|-415.6464466094067|-6112.353553390593|20.0|20.0|20.0|QROCK3|QROCK3X8|1.0|1.0|0.0|0.0|3.2|rock|-|SG002237|-|1171|1|1|119|QROCK3X8|-|1.0|1.0|0.0|0.0|0.0|QROCK3X8|-|1.0|1.0|0.0|-1280.0|0.0|0.0|20.0|20.0|384.0|384.0|384.0|384.0
UTNTSkyEdge_tntle_479_0_terrain_2_1|479|0|1|2979|2979|768.0|-3584.0|1024.0|-3328.0|896.3535533905932|-3456.3535533905933|-384.0|-384.0|-384.0|QROCK3|XA02TEX|1.0|1.0|0.0|0.0|5|gravel|-|SG002207|-|1066|2|1|2979|XA02TEX|-|1.0|1.0|0.0|0.0|0.0|QROCK3X8|-|1.0|1.0|58.0|0.0|-384.0|-384.0|0|0|384.0|384.0|0|0
UTNTSkyEdge_tntle_518_0_terrain_2_1|518|0|1|2979|2979|1288.0|-3464.0|1536.0|-3584.0|1411.782219535948|-3524.4500796257075|-384.0|-384.0|-384.0|QROCK3|XA02TEX|1.0|1.0|0.0|0.0|5|gravel|-|SG002207|-|1066|2|1|2979|XA02TEX|-|1.0|1.0|0.0|0.0|0.0|QROCK3X8|-|1.0|1.0|66.0|0.0|-384.0|-384.0|0|0|384.0|384.0|0|0
UTNTSkyEdge_tntle_578_0_terrain_1_0|578|0|2|2979|2146|-416.0|-2560.0|-512.0|-2816.0|-464.46816458878453|-2687.824438279206|112.0|112.0|112.0|QROCK3|QROCK3X8|1.0|1.0|24.0|16.0|8|rock|-|SG002121|-|1066|1|0|2146|XA02TEX|-|1.0|1.0|0.0|0.0|0.0|QROCK3X8|-|1.0|1.0|24.0|16.0|-384.0|-384.0|112.0|112.0|384.0|384.0|384.0|384.0
UTNTSkyEdge_tntle_578_0_terrain_1_1|578|0|2|2979|2146|-416.0|-2560.0|-512.0|-2816.0|-463.53183541121547|-2688.175561720794|112.0|112.0|112.0|QROCK3|XA02TEX|1.0|1.0|0.0|0.0|8|gravel|-|SG002238|-|1079|1|1|2146|XA02TEX|-|1.0|1.0|0.0|0.0|0.0|QROCK3X8|-|1.0|1.0|24.0|16.0|-384.0|-384.0|112.0|112.0|384.0|384.0|384.0|384.0
UTNTSkyEdge_tntle_578_0_terrain_2_1|578|0|2|2979|2979|-416.0|-2560.0|-512.0|-2816.0|-464.46816458878453|-2687.824438279206|-384.0|-384.0|-384.0|QROCK3|XA02TEX|1.0|1.0|0.0|0.0|5|gravel|-|SG002207|-|1066|2|1|2979|XA02TEX|-|1.0|1.0|0.0|0.0|0.0|QROCK3X8|-|1.0|1.0|24.0|16.0|-384.0|-384.0|112.0|112.0|384.0|384.0|384.0|384.0
UTNTSkyEdge_tntle_600_0_terrain_2_1|600|0|1|2979|2979|-2304.0|-2304.0|-2560.0|-2176.0|-2431.77639320225|-2239.5527864045002|-384.0|-384.0|-384.0|QROCK3|XA02TEX|1.0|1.0|0.0|0.0|5|gravel|-|SG002207|-|1066|2|1|2979|XA02TEX|-|1.0|1.0|0.0|0.0|0.0|QROCK3X8|-|1.0|1.0|398.21670112|0.0|-384.0|-384.0|0|0|384.0|384.0|0|0
UTNTSkyEdge_tntle_601_0_terrain_2_1|601|0|1|2979|2979|-2560.0|-2176.0|-2816.0|-2432.0|-2688.3535533905933|-2303.6464466094067|-384.0|-384.0|-384.0|QROCK3|XA02TEX|1.0|1.0|0.0|0.0|5|gravel|-|SG002207|-|1066|2|1|2979|XA02TEX|-|1.0|1.0|0.0|0.0|0.0|QROCK3X8|-|1.0|1.0|684.43340224|0.0|-384.0|-384.0|0|0|384.0|384.0|0|0
UTNTSkyEdge_tntle_602_0_terrain_2_1|602|0|1|2979|2979|-2816.0|-2432.0|-2944.0|-2816.0|-2880.474341649025|-2623.8418861169916|-384.0|-384.0|-384.0|QROCK3|XA02TEX|1.0|1.0|0.0|0.0|5|gravel|-|SG002207|-|1066|2|1|2979|XA02TEX|-|1.0|1.0|0.0|0.0|0.0|QROCK3X8|-|1.0|1.0|22.472074207|0.0|-384.0|-384.0|0|0|384.0|384.0|0|0
UTNTSkyEdge_tntle_603_0_terrain_2_1|603|0|1|1162|1162|-2944.0|-2816.0|-2816.0|-3008.0|-2880.416025147169|-2912.2773500981125|-16.0|-16.0|-16.0|QROCK3|XA02TEX|1.0|1.0|0.0|0.0|5|gravel|-|SG002239|-|1080|2|1|1162|XA02TEX|-|1.0|1.0|0.0|0.0|0.0|QROCK3X8|-|1.0|1.0|43.0|0.0|-16.0|-16.0|0|0|384.0|384.0|0|0
UTNTSkyEdge_tntle_672_0_terrain_1_0|672|0|2|2979|153|-626.0|-2777.0|-645.0|-2732.0|-635.0393752192944|-2754.3055139814796|-112.0|-112.0|-112.0|QROCK3|QROCK3X8|1.0|1.0|207.693397935|-1408.0|8|rock|-|SG002121|-|1066|1|0|153|QROCK3X8|-|1.0|1.0|0.0|0.0|0.0|QROCK3X8|-|1.0|1.0|207.693397935|-1408.0|-384.0|-384.0|-112.0|-112.0|384.0|384.0|384.0|384.0
UTNTSkyEdge_tntle_672_0_terrain_1_1|672|0|2|2979|153|-626.0|-2777.0|-645.0|-2732.0|-635.9606247807056|-2754.6944860185204|-112.0|-112.0|-112.0|QROCK3|QROCK3X8|1.0|1.0|0.0|0.0|8|rock|-|SG002240|-|1172|1|1|153|QROCK3X8|-|1.0|1.0|0.0|0.0|0.0|QROCK3X8|-|1.0|1.0|207.693397935|-1408.0|-384.0|-384.0|-112.0|-112.0|384.0|384.0|384.0|384.0
UTNTSkyEdge_tntle_673_0_terrain_1_0|673|0|2|2979|153|-645.0|-2732.0|-690.0|-2713.0|-667.3055139814799|-2722.0393752192945|-112.0|-112.0|-112.0|QROCK3|QROCK3X8|1.0|1.0|256.540096902|-1408.0|8|rock|-|SG002121|-|1066|1|0|153|QROCK3X8|-|1.0|1.0|0.0|0.0|0.0|QROCK3X8|-|1.0|1.0|256.540096902|-1408.0|-384.0|-384.0|-112.0|-112.0|384.0|384.0|384.0|384.0
UTNTSkyEdge_tntle_673_0_terrain_1_1|673|0|2|2979|153|-645.0|-2732.0|-690.0|-2713.0|-667.6944860185201|-2722.9606247807055|-112.0|-112.0|-112.0|QROCK3|QROCK3X8|1.0|1.0|0.0|0.0|8|rock|-|SG002240|-|1172|1|1|153|QROCK3X8|-|1.0|1.0|0.0|0.0|0.0|QROCK3X8|-|1.0|1.0|256.540096902|-1408.0|-384.0|-384.0|-112.0|-112.0|384.0|384.0|384.0|384.0
UTNTSkyEdge_tntle_674_0_terrain_1_0|674|0|2|2979|153|-690.0|-2713.0|-735.0|-2732.0|-712.6944860185201|-2722.0393752192945|-112.0|-112.0|-112.0|QROCK3|QROCK3X8|1.0|1.0|305.386795869|-1408.0|8|rock|-|SG002121|-|1066|1|0|153|QROCK3X8|-|1.0|1.0|0.0|0.0|0.0|QROCK3X8|-|1.0|1.0|305.386795869|-1408.0|-384.0|-384.0|-112.0|-112.0|384.0|384.0|384.0|384.0
UTNTSkyEdge_tntle_674_0_terrain_1_1|674|0|2|2979|153|-690.0|-2713.0|-735.0|-2732.0|-712.3055139814799|-2722.9606247807055|-112.0|-112.0|-112.0|QROCK3|QROCK3X8|1.0|1.0|0.0|0.0|8|rock|-|SG002240|-|1172|1|1|153|QROCK3X8|-|1.0|1.0|0.0|0.0|0.0|QROCK3X8|-|1.0|1.0|305.386795869|-1408.0|-384.0|-384.0|-112.0|-112.0|384.0|384.0|384.0|384.0
UTNTSkyEdge_tntle_675_0_terrain_1_0|675|0|2|2979|153|-735.0|-2732.0|-754.0|-2777.0|-744.9606247807056|-2754.3055139814796|-112.0|-112.0|-112.0|QROCK3|QROCK3X8|1.0|1.0|354.233494836|-1408.0|8|rock|-|SG002121|-|1066|1|0|153|QROCK3X8|-|1.0|1.0|0.0|0.0|0.0|QROCK3X8|-|1.0|1.0|354.233494836|-1408.0|-384.0|-384.0|-112.0|-112.0|384.0|384.0|384.0|384.0
UTNTSkyEdge_tntle_675_0_terrain_1_1|675|0|2|2979|153|-735.0|-2732.0|-754.0|-2777.0|-744.0393752192944|-2754.6944860185204|-112.0|-112.0|-112.0|QROCK3|QROCK3X8|1.0|1.0|0.0|0.0|8|rock|-|SG002240|-|1172|1|1|153|QROCK3X8|-|1.0|1.0|0.0|0.0|0.0|QROCK3X8|-|1.0|1.0|354.233494836|-1408.0|-384.0|-384.0|-112.0|-112.0|384.0|384.0|384.0|384.0
UTNTSkyEdge_tntle_676_0_terrain_1_0|676|0|2|2979|153|-754.0|-2777.0|-735.0|-2822.0|-744.9606247807056|-2799.6944860185204|-112.0|-112.0|-112.0|QROCK3|QROCK3X8|1.0|1.0|403.080193804|-1408.0|8|rock|-|SG002121|-|1066|1|0|153|QROCK3X8|-|1.0|1.0|0.0|0.0|0.0|QROCK3X8|-|1.0|1.0|403.080193804|-1408.0|-384.0|-384.0|-112.0|-112.0|384.0|384.0|384.0|384.0
UTNTSkyEdge_tntle_676_0_terrain_1_1|676|0|2|2979|153|-754.0|-2777.0|-735.0|-2822.0|-744.0393752192944|-2799.3055139814796|-112.0|-112.0|-112.0|QROCK3|QROCK3X8|1.0|1.0|0.0|0.0|8|rock|-|SG002240|-|1172|1|1|153|QROCK3X8|-|1.0|1.0|0.0|0.0|0.0|QROCK3X8|-|1.0|1.0|403.080193804|-1408.0|-384.0|-384.0|-112.0|-112.0|384.0|384.0|384.0|384.0
UTNTSkyEdge_tntle_677_0_terrain_1_0|677|0|2|2979|153|-735.0|-2822.0|-690.0|-2841.0|-712.6944860185201|-2831.9606247807055|-112.0|-112.0|-112.0|QROCK3|QROCK3X8|1.0|1.0|451.926892771|-1408.0|8|rock|-|SG002121|-|1066|1|0|153|QROCK3X8|-|1.0|1.0|0.0|0.0|0.0|QROCK3X8|-|1.0|1.0|451.926892771|-1408.0|-384.0|-384.0|-112.0|-112.0|384.0|384.0|384.0|384.0
UTNTSkyEdge_tntle_677_0_terrain_1_1|677|0|2|2979|153|-735.0|-2822.0|-690.0|-2841.0|-712.3055139814799|-2831.0393752192945|-112.0|-112.0|-112.0|QROCK3|QROCK3X8|1.0|1.0|0.0|0.0|8|rock|-|SG002240|-|1172|1|1|153|QROCK3X8|-|1.0|1.0|0.0|0.0|0.0|QROCK3X8|-|1.0|1.0|451.926892771|-1408.0|-384.0|-384.0|-112.0|-112.0|384.0|384.0|384.0|384.0
UTNTSkyEdge_tntle_678_0_terrain_1_0|678|0|2|2979|153|-690.0|-2841.0|-645.0|-2822.0|-667.3055139814799|-2831.9606247807055|-112.0|-112.0|-112.0|QROCK3|QROCK3X8|1.0|1.0|110.0|-1408.0|8|rock|-|SG002121|-|1066|1|0|153|QROCK3X8|-|1.0|1.0|0.0|0.0|0.0|QROCK3X8|-|1.0|1.0|110.0|-1408.0|-384.0|-384.0|-112.0|-112.0|384.0|384.0|384.0|384.0
UTNTSkyEdge_tntle_678_0_terrain_1_1|678|0|2|2979|153|-690.0|-2841.0|-645.0|-2822.0|-667.6944860185201|-2831.0393752192945|-112.0|-112.0|-112.0|QROCK3|QROCK3X8|1.0|1.0|0.0|0.0|8|rock|-|SG002240|-|1172|1|1|153|QROCK3X8|-|1.0|1.0|0.0|0.0|0.0|QROCK3X8|-|1.0|1.0|110.0|-1408.0|-384.0|-384.0|-112.0|-112.0|384.0|384.0|384.0|384.0
UTNTSkyEdge_tntle_679_0_terrain_1_0|679|0|2|2979|153|-645.0|-2822.0|-626.0|-2777.0|-635.0393752192944|-2799.6944860185204|-112.0|-112.0|-112.0|QROCK3|QROCK3X8|1.0|1.0|158.846698967|-1408.0|8|rock|-|SG002121|-|1066|1|0|153|QROCK3X8|-|1.0|1.0|0.0|0.0|0.0|QROCK3X8|-|1.0|1.0|158.846698967|-1408.0|-384.0|-384.0|-112.0|-112.0|384.0|384.0|384.0|384.0
UTNTSkyEdge_tntle_679_0_terrain_1_1|679|0|2|2979|153|-645.0|-2822.0|-626.0|-2777.0|-635.9606247807056|-2799.3055139814796|-112.0|-112.0|-112.0|QROCK3|QROCK3X8|1.0|1.0|0.0|0.0|8|rock|-|SG002240|-|1172|1|1|153|QROCK3X8|-|1.0|1.0|0.0|0.0|0.0|QROCK3X8|-|1.0|1.0|158.846698967|-1408.0|-384.0|-384.0|-112.0|-112.0|384.0|384.0|384.0|384.0
UTNTSkyEdge_tntle_680_0_terrain_1_0|680|0|2|2979|154|-882.0|-2713.0|-901.0|-2668.0|-891.0393752192944|-2690.3055139814796|-112.0|-112.0|-112.0|QROCK3|QROCK3X8|1.0|1.0|215.693397935|-1408.0|8|rock|-|SG002121|-|1066|1|0|154|QROCK3X8|-|1.0|1.0|0.0|0.0|0.0|QROCK3X8|-|1.0|1.0|215.693397935|-1408.0|-384.0|-384.0|-112.0|-112.0|384.0|384.0|384.0|384.0
UTNTSkyEdge_tntle_680_0_terrain_1_1|680|0|2|2979|154|-882.0|-2713.0|-901.0|-2668.0|-891.9606247807056|-2690.6944860185204|-112.0|-112.0|-112.0|QROCK3|QROCK3X8|1.0|1.0|0.0|0.0|8|rock|-|SG002241|-|1173|1|1|154|QROCK3X8|-|1.0|1.0|0.0|0.0|0.0|QROCK3X8|-|1.0|1.0|215.693397935|-1408.0|-384.0|-384.0|-112.0|-112.0|384.0|384.0|384.0|384.0
UTNTSkyEdge_tntle_681_0_terrain_1_0|681|0|2|2979|154|-901.0|-2668.0|-946.0|-2649.0|-923.3055139814799|-2658.0393752192945|-112.0|-112.0|-112.0|QROCK3|QROCK3X8|1.0|1.0|264.540096902|-1408.0|8|rock|-|SG002121|-|1066|1|0|154|QROCK3X8|-|1.0|1.0|0.0|0.0|0.0|QROCK3X8|-|1.0|1.0|264.540096902|-1408.0|-384.0|-384.0|-112.0|-112.0|384.0|384.0|384.0|384.0
UTNTSkyEdge_tntle_681_0_terrain_1_1|681|0|2|2979|154|-901.0|-2668.0|-946.0|-2649.0|-923.6944860185201|-2658.9606247807055|-112.0|-112.0|-112.0|QROCK3|QROCK3X8|1.0|1.0|0.0|0.0|8|rock|-|SG002241|-|1173|1|1|154|QROCK3X8|-|1.0|1.0|0.0|0.0|0.0|QROCK3X8|-|1.0|1.0|264.540096902|-1408.0|-384.0|-384.0|-112.0|-112.0|384.0|384.0|384.0|384.0
UTNTSkyEdge_tntle_682_0_terrain_1_0|682|0|2|2979|154|-946.0|-2649.0|-991.0|-2668.0|-968.6944860185201|-2658.0393752192945|-112.0|-112.0|-112.0|QROCK3|QROCK3X8|1.0|1.0|313.386795869|-1408.0|8|rock|-|SG002121|-|1066|1|0|154|QROCK3X8|-|1.0|1.0|0.0|0.0|0.0|QROCK3X8|-|1.0|1.0|313.386795869|-1408.0|-384.0|-384.0|-112.0|-112.0|384.0|384.0|384.0|384.0
UTNTSkyEdge_tntle_682_0_terrain_1_1|682|0|2|2979|154|-946.0|-2649.0|-991.0|-2668.0|-968.3055139814799|-2658.9606247807055|-112.0|-112.0|-112.0|QROCK3|QROCK3X8|1.0|1.0|0.0|0.0|8|rock|-|SG002241|-|1173|1|1|154|QROCK3X8|-|1.0|1.0|0.0|0.0|0.0|QROCK3X8|-|1.0|1.0|313.386795869|-1408.0|-384.0|-384.0|-112.0|-112.0|384.0|384.0|384.0|384.0
UTNTSkyEdge_tntle_683_0_terrain_1_0|683|0|2|2979|154|-991.0|-2668.0|-1010.0|-2713.0|-1000.9606247807056|-2690.3055139814796|-112.0|-112.0|-112.0|QROCK3|QROCK3X8|1.0|1.0|362.233494836|-1408.0|8|rock|-|SG002121|-|1066|1|0|154|QROCK3X8|-|1.0|1.0|0.0|0.0|0.0|QROCK3X8|-|1.0|1.0|362.233494836|-1408.0|-384.0|-384.0|-112.0|-112.0|384.0|384.0|384.0|384.0
UTNTSkyEdge_tntle_683_0_terrain_1_1|683|0|2|2979|154|-991.0|-2668.0|-1010.0|-2713.0|-1000.0393752192944|-2690.6944860185204|-112.0|-112.0|-112.0|QROCK3|QROCK3X8|1.0|1.0|0.0|0.0|8|rock|-|SG002241|-|1173|1|1|154|QROCK3X8|-|1.0|1.0|0.0|0.0|0.0|QROCK3X8|-|1.0|1.0|362.233494836|-1408.0|-384.0|-384.0|-112.0|-112.0|384.0|384.0|384.0|384.0
UTNTSkyEdge_tntle_684_0_terrain_1_0|684|0|2|2979|154|-1010.0|-2713.0|-991.0|-2758.0|-1000.9606247807056|-2735.6944860185204|-112.0|-112.0|-112.0|QROCK3|QROCK3X8|1.0|1.0|411.080193804|-1408.0|8|rock|-|SG002121|-|1066|1|0|154|QROCK3X8|-|1.0|1.0|0.0|0.0|0.0|QROCK3X8|-|1.0|1.0|411.080193804|-1408.0|-384.0|-384.0|-112.0|-112.0|384.0|384.0|384.0|384.0
UTNTSkyEdge_tntle_684_0_terrain_1_1|684|0|2|2979|154|-1010.0|-2713.0|-991.0|-2758.0|-1000.0393752192944|-2735.3055139814796|-112.0|-112.0|-112.0|QROCK3|QROCK3X8|1.0|1.0|0.0|0.0|8|rock|-|SG002241|-|1173|1|1|154|QROCK3X8|-|1.0|1.0|0.0|0.0|0.0|QROCK3X8|-|1.0|1.0|411.080193804|-1408.0|-384.0|-384.0|-112.0|-112.0|384.0|384.0|384.0|384.0
UTNTSkyEdge_tntle_685_0_terrain_1_0|685|0|2|2979|154|-991.0|-2758.0|-946.0|-2777.0|-968.6944860185201|-2767.9606247807055|-112.0|-112.0|-112.0|QROCK3|QROCK3X8|1.0|1.0|459.926892771|-1408.0|8|rock|-|SG002121|-|1066|1|0|154|QROCK3X8|-|1.0|1.0|0.0|0.0|0.0|QROCK3X8|-|1.0|1.0|459.926892771|-1408.0|-384.0|-384.0|-112.0|-112.0|384.0|384.0|384.0|384.0
UTNTSkyEdge_tntle_685_0_terrain_1_1|685|0|2|2979|154|-991.0|-2758.0|-946.0|-2777.0|-968.3055139814799|-2767.0393752192945|-112.0|-112.0|-112.0|QROCK3|QROCK3X8|1.0|1.0|0.0|0.0|8|rock|-|SG002241|-|1173|1|1|154|QROCK3X8|-|1.0|1.0|0.0|0.0|0.0|QROCK3X8|-|1.0|1.0|459.926892771|-1408.0|-384.0|-384.0|-112.0|-112.0|384.0|384.0|384.0|384.0
UTNTSkyEdge_tntle_686_0_terrain_1_0|686|0|2|2979|154|-946.0|-2777.0|-901.0|-2758.0|-923.3055139814799|-2767.9606247807055|-112.0|-112.0|-112.0|QROCK3|QROCK3X8|1.0|1.0|118.0|-1408.0|8|rock|-|SG002121|-|1066|1|0|154|QROCK3X8|-|1.0|1.0|0.0|0.0|0.0|QROCK3X8|-|1.0|1.0|118.0|-1408.0|-384.0|-384.0|-112.0|-112.0|384.0|384.0|384.0|384.0
UTNTSkyEdge_tntle_686_0_terrain_1_1|686|0|2|2979|154|-946.0|-2777.0|-901.0|-2758.0|-923.6944860185201|-2767.0393752192945|-112.0|-112.0|-112.0|QROCK3|QROCK3X8|1.0|1.0|0.0|0.0|8|rock|-|SG002241|-|1173|1|1|154|QROCK3X8|-|1.0|1.0|0.0|0.0|0.0|QROCK3X8|-|1.0|1.0|118.0|-1408.0|-384.0|-384.0|-112.0|-112.0|384.0|384.0|384.0|384.0
UTNTSkyEdge_tntle_687_0_terrain_1_0|687|0|2|2979|154|-901.0|-2758.0|-882.0|-2713.0|-891.0393752192944|-2735.6944860185204|-112.0|-112.0|-112.0|QROCK3|QROCK3X8|1.0|1.0|166.846698967|-1408.0|8|rock|-|SG002121|-|1066|1|0|154|QROCK3X8|-|1.0|1.0|0.0|0.0|0.0|QROCK3X8|-|1.0|1.0|166.846698967|-1408.0|-384.0|-384.0|-112.0|-112.0|384.0|384.0|384.0|384.0
UTNTSkyEdge_tntle_687_0_terrain_1_1|687|0|2|2979|154|-901.0|-2758.0|-882.0|-2713.0|-891.9606247807056|-2735.3055139814796|-112.0|-112.0|-112.0|QROCK3|QROCK3X8|1.0|1.0|0.0|0.0|8|rock|-|SG002241|-|1173|1|1|154|QROCK3X8|-|1.0|1.0|0.0|0.0|0.0|QROCK3X8|-|1.0|1.0|166.846698967|-1408.0|-384.0|-384.0|-112.0|-112.0|384.0|384.0|384.0|384.0
UTNTSkyEdge_tntle_688_0_terrain_1_0|688|0|2|2979|155|-1138.0|-2777.0|-1157.0|-2732.0|-1147.0393752192942|-2754.3055139814796|-112.0|-112.0|-112.0|QROCK3|QROCK3X8|1.0|1.0|215.693397935|-1408.0|8|rock|-|SG002121|-|1066|1|0|155|QROCK3X8|-|1.0|1.0|0.0|0.0|0.0|QROCK3X8|-|1.0|1.0|215.693397935|-1408.0|-384.0|-384.0|-112.0|-112.0|384.0|384.0|384.0|384.0
UTNTSkyEdge_tntle_688_0_terrain_1_1|688|0|2|2979|155|-1138.0|-2777.0|-1157.0|-2732.0|-1147.9606247807058|-2754.6944860185204|-112.0|-112.0|-112.0|QROCK3|QROCK3X8|1.0|1.0|0.0|0.0|8|rock|-|SG002242|-|1174|1|1|155|QROCK3X8|-|1.0|1.0|0.0|0.0|0.0|QROCK3X8|-|1.0|1.0|215.693397935|-1408.0|-384.0|-384.0|-112.0|-112.0|384.0|384.0|384.0|384.0
UTNTSkyEdge_tntle_689_0_terrain_1_0|689|0|2|2979|155|-1157.0|-2732.0|-1202.0|-2713.0|-1179.3055139814799|-2722.0393752192945|-112.0|-112.0|-112.0|QROCK3|QROCK3X8|1.0|1.0|264.540096902|-1408.0|8|rock|-|SG002121|-|1066|1|0|155|QROCK3X8|-|1.0|1.0|0.0|0.0|0.0|QROCK3X8|-|1.0|1.0|264.540096902|-1408.0|-384.0|-384.0|-112.0|-112.0|384.0|384.0|384.0|384.0
UTNTSkyEdge_tntle_689_0_terrain_1_1|689|0|2|2979|155|-1157.0|-2732.0|-1202.0|-2713.0|-1179.6944860185201|-2722.9606247807055|-112.0|-112.0|-112.0|QROCK3|QROCK3X8|1.0|1.0|0.0|0.0|8|rock|-|SG002242|-|1174|1|1|155|QROCK3X8|-|1.0|1.0|0.0|0.0|0.0|QROCK3X8|-|1.0|1.0|264.540096902|-1408.0|-384.0|-384.0|-112.0|-112.0|384.0|384.0|384.0|384.0
UTNTSkyEdge_tntle_690_0_terrain_1_0|690|0|2|2979|155|-1202.0|-2713.0|-1247.0|-2732.0|-1224.6944860185201|-2722.0393752192945|-112.0|-112.0|-112.0|QROCK3|QROCK3X8|1.0|1.0|313.386795869|-1408.0|8|rock|-|SG002121|-|1066|1|0|155|QROCK3X8|-|1.0|1.0|0.0|0.0|0.0|QROCK3X8|-|1.0|1.0|313.386795869|-1408.0|-384.0|-384.0|-112.0|-112.0|384.0|384.0|384.0|384.0
UTNTSkyEdge_tntle_690_0_terrain_1_1|690|0|2|2979|155|-1202.0|-2713.0|-1247.0|-2732.0|-1224.3055139814799|-2722.9606247807055|-112.0|-112.0|-112.0|QROCK3|QROCK3X8|1.0|1.0|0.0|0.0|8|rock|-|SG002242|-|1174|1|1|155|QROCK3X8|-|1.0|1.0|0.0|0.0|0.0|QROCK3X8|-|1.0|1.0|313.386795869|-1408.0|-384.0|-384.0|-112.0|-112.0|384.0|384.0|384.0|384.0
UTNTSkyEdge_tntle_691_0_terrain_1_0|691|0|2|2979|155|-1247.0|-2732.0|-1266.0|-2777.0|-1256.9606247807058|-2754.3055139814796|-112.0|-112.0|-112.0|QROCK3|QROCK3X8|1.0|1.0|362.233494836|-1408.0|8|rock|-|SG002121|-|1066|1|0|155|QROCK3X8|-|1.0|1.0|0.0|0.0|0.0|QROCK3X8|-|1.0|1.0|362.233494836|-1408.0|-384.0|-384.0|-112.0|-112.0|384.0|384.0|384.0|384.0
UTNTSkyEdge_tntle_691_0_terrain_1_1|691|0|2|2979|155|-1247.0|-2732.0|-1266.0|-2777.0|-1256.0393752192942|-2754.6944860185204|-112.0|-112.0|-112.0|QROCK3|QROCK3X8|1.0|1.0|0.0|0.0|8|rock|-|SG002242|-|1174|1|1|155|QROCK3X8|-|1.0|1.0|0.0|0.0|0.0|QROCK3X8|-|1.0|1.0|362.233494836|-1408.0|-384.0|-384.0|-112.0|-112.0|384.0|384.0|384.0|384.0
UTNTSkyEdge_tntle_692_0_terrain_1_0|692|0|2|2979|155|-1266.0|-2777.0|-1247.0|-2822.0|-1256.9606247807058|-2799.6944860185204|-112.0|-112.0|-112.0|QROCK3|QROCK3X8|1.0|1.0|411.080193804|-1408.0|8|rock|-|SG002121|-|1066|1|0|155|QROCK3X8|-|1.0|1.0|0.0|0.0|0.0|QROCK3X8|-|1.0|1.0|411.080193804|-1408.0|-384.0|-384.0|-112.0|-112.0|384.0|384.0|384.0|384.0
UTNTSkyEdge_tntle_692_0_terrain_1_1|692|0|2|2979|155|-1266.0|-2777.0|-1247.0|-2822.0|-1256.0393752192942|-2799.3055139814796|-112.0|-112.0|-112.0|QROCK3|QROCK3X8|1.0|1.0|0.0|0.0|8|rock|-|SG002242|-|1174|1|1|155|QROCK3X8|-|1.0|1.0|0.0|0.0|0.0|QROCK3X8|-|1.0|1.0|411.080193804|-1408.0|-384.0|-384.0|-112.0|-112.0|384.0|384.0|384.0|384.0
UTNTSkyEdge_tntle_693_0_terrain_1_0|693|0|2|2979|155|-1247.0|-2822.0|-1202.0|-2841.0|-1224.6944860185201|-2831.9606247807055|-112.0|-112.0|-112.0|QROCK3|QROCK3X8|1.0|1.0|459.926892771|-1408.0|8|rock|-|SG002121|-|1066|1|0|155|QROCK3X8|-|1.0|1.0|0.0|0.0|0.0|QROCK3X8|-|1.0|1.0|459.926892771|-1408.0|-384.0|-384.0|-112.0|-112.0|384.0|384.0|384.0|384.0
UTNTSkyEdge_tntle_693_0_terrain_1_1|693|0|2|2979|155|-1247.0|-2822.0|-1202.0|-2841.0|-1224.3055139814799|-2831.0393752192945|-112.0|-112.0|-112.0|QROCK3|QROCK3X8|1.0|1.0|0.0|0.0|8|rock|-|SG002242|-|1174|1|1|155|QROCK3X8|-|1.0|1.0|0.0|0.0|0.0|QROCK3X8|-|1.0|1.0|459.926892771|-1408.0|-384.0|-384.0|-112.0|-112.0|384.0|384.0|384.0|384.0
UTNTSkyEdge_tntle_694_0_terrain_1_0|694|0|2|2979|155|-1202.0|-2841.0|-1157.0|-2822.0|-1179.3055139814799|-2831.9606247807055|-112.0|-112.0|-112.0|QROCK3|QROCK3X8|1.0|1.0|118.0|-1408.0|8|rock|-|SG002121|-|1066|1|0|155|QROCK3X8|-|1.0|1.0|0.0|0.0|0.0|QROCK3X8|-|1.0|1.0|118.0|-1408.0|-384.0|-384.0|-112.0|-112.0|384.0|384.0|384.0|384.0
UTNTSkyEdge_tntle_694_0_terrain_1_1|694|0|2|2979|155|-1202.0|-2841.0|-1157.0|-2822.0|-1179.6944860185201|-2831.0393752192945|-112.0|-112.0|-112.0|QROCK3|QROCK3X8|1.0|1.0|0.0|0.0|8|rock|-|SG002242|-|1174|1|1|155|QROCK3X8|-|1.0|1.0|0.0|0.0|0.0|QROCK3X8|-|1.0|1.0|118.0|-1408.0|-384.0|-384.0|-112.0|-112.0|384.0|384.0|384.0|384.0
UTNTSkyEdge_tntle_695_0_terrain_1_0|695|0|2|2979|155|-1157.0|-2822.0|-1138.0|-2777.0|-1147.0393752192942|-2799.6944860185204|-112.0|-112.0|-112.0|QROCK3|QROCK3X8|1.0|1.0|166.846698967|-1408.0|8|rock|-|SG002121|-|1066|1|0|155|QROCK3X8|-|1.0|1.0|0.0|0.0|0.0|QROCK3X8|-|1.0|1.0|166.846698967|-1408.0|-384.0|-384.0|-112.0|-112.0|384.0|384.0|384.0|384.0
UTNTSkyEdge_tntle_695_0_terrain_1_1|695|0|2|2979|155|-1157.0|-2822.0|-1138.0|-2777.0|-1147.9606247807058|-2799.3055139814796|-112.0|-112.0|-112.0|QROCK3|QROCK3X8|1.0|1.0|0.0|0.0|8|rock|-|SG002242|-|1174|1|1|155|QROCK3X8|-|1.0|1.0|0.0|0.0|0.0|QROCK3X8|-|1.0|1.0|166.846698967|-1408.0|-384.0|-384.0|-112.0|-112.0|384.0|384.0|384.0|384.0
UTNTSkyEdge_tntle_696_0_terrain_1_0|696|0|2|2979|156|-1266.0|-3033.0|-1285.0|-2988.0|-1275.0393752192942|-3010.3055139814796|-112.0|-112.0|-112.0|QROCK3|QROCK3X8|1.0|1.0|215.693397935|-1408.0|8|rock|-|SG002121|-|1066|1|0|156|QROCK3X8|-|1.0|1.0|0.0|0.0|0.0|QROCK3X8|-|1.0|1.0|215.693397935|-1408.0|-384.0|-384.0|-112.0|-112.0|384.0|384.0|384.0|384.0
UTNTSkyEdge_tntle_696_0_terrain_1_1|696|0|2|2979|156|-1266.0|-3033.0|-1285.0|-2988.0|-1275.9606247807058|-3010.6944860185204|-112.0|-112.0|-112.0|QROCK3|QROCK3X8|1.0|1.0|0.0|0.0|8|rock|-|SG002243|-|1175|1|1|156|QROCK3X8|-|1.0|1.0|0.0|0.0|0.0|QROCK3X8|-|1.0|1.0|215.693397935|-1408.0|-384.0|-384.0|-112.0|-112.0|384.0|384.0|384.0|384.0
UTNTSkyEdge_tntle_697_0_terrain_1_0|697|0|2|2979|156|-1285.0|-2988.0|-1330.0|-2969.0|-1307.3055139814799|-2978.0393752192945|-112.0|-112.0|-112.0|QROCK3|QROCK3X8|1.0|1.0|264.540096902|-1408.0|8|rock|-|SG002121|-|1066|1|0|156|QROCK3X8|-|1.0|1.0|0.0|0.0|0.0|QROCK3X8|-|1.0|1.0|264.540096902|-1408.0|-384.0|-384.0|-112.0|-112.0|384.0|384.0|384.0|384.0
UTNTSkyEdge_tntle_697_0_terrain_1_1|697|0|2|2979|156|-1285.0|-2988.0|-1330.0|-2969.0|-1307.6944860185201|-2978.9606247807055|-112.0|-112.0|-112.0|QROCK3|QROCK3X8|1.0|1.0|0.0|0.0|8|rock|-|SG002243|-|1175|1|1|156|QROCK3X8|-|1.0|1.0|0.0|0.0|0.0|QROCK3X8|-|1.0|1.0|264.540096902|-1408.0|-384.0|-384.0|-112.0|-112.0|384.0|384.0|384.0|384.0
UTNTSkyEdge_tntle_698_0_terrain_1_0|698|0|2|2979|156|-1330.0|-2969.0|-1375.0|-2988.0|-1352.6944860185201|-2978.0393752192945|-112.0|-112.0|-112.0|QROCK3|QROCK3X8|1.0|1.0|313.386795869|-1408.0|8|rock|-|SG002121|-|1066|1|0|156|QROCK3X8|-|1.0|1.0|0.0|0.0|0.0|QROCK3X8|-|1.0|1.0|313.386795869|-1408.0|-384.0|-384.0|-112.0|-112.0|384.0|384.0|384.0|384.0
UTNTSkyEdge_tntle_698_0_terrain_1_1|698|0|2|2979|156|-1330.0|-2969.0|-1375.0|-2988.0|-1352.3055139814799|-2978.9606247807055|-112.0|-112.0|-112.0|QROCK3|QROCK3X8|1.0|1.0|0.0|0.0|8|rock|-|SG002243|-|1175|1|1|156|QROCK3X8|-|1.0|1.0|0.0|0.0|0.0|QROCK3X8|-|1.0|1.0|313.386795869|-1408.0|-384.0|-384.0|-112.0|-112.0|384.0|384.0|384.0|384.0
UTNTSkyEdge_tntle_699_0_terrain_1_0|699|0|2|2979|156|-1375.0|-2988.0|-1394.0|-3033.0|-1384.9606247807058|-3010.3055139814796|-112.0|-112.0|-112.0|QROCK3|QROCK3X8|1.0|1.0|362.233494836|-1408.0|8|rock|-|SG002121|-|1066|1|0|156|QROCK3X8|-|1.0|1.0|0.0|0.0|0.0|QROCK3X8|-|1.0|1.0|362.233494836|-1408.0|-384.0|-384.0|-112.0|-112.0|384.0|384.0|384.0|384.0
UTNTSkyEdge_tntle_699_0_terrain_1_1|699|0|2|2979|156|-1375.0|-2988.0|-1394.0|-3033.0|-1384.0393752192942|-3010.6944860185204|-112.0|-112.0|-112.0|QROCK3|QROCK3X8|1.0|1.0|0.0|0.0|8|rock|-|SG002243|-|1175|1|1|156|QROCK3X8|-|1.0|1.0|0.0|0.0|0.0|QROCK3X8|-|1.0|1.0|362.233494836|-1408.0|-384.0|-384.0|-112.0|-112.0|384.0|384.0|384.0|384.0
UTNTSkyEdge_tntle_700_0_terrain_1_0|700|0|2|2979|156|-1394.0|-3033.0|-1375.0|-3078.0|-1384.9606247807058|-3055.6944860185204|-112.0|-112.0|-112.0|QROCK3|QROCK3X8|1.0|1.0|411.080193804|-1408.0|8|rock|-|SG002121|-|1066|1|0|156|QROCK3X8|-|1.0|1.0|0.0|0.0|0.0|QROCK3X8|-|1.0|1.0|411.080193804|-1408.0|-384.0|-384.0|-112.0|-112.0|384.0|384.0|384.0|384.0
UTNTSkyEdge_tntle_700_0_terrain_1_1|700|0|2|2979|156|-1394.0|-3033.0|-1375.0|-3078.0|-1384.0393752192942|-3055.3055139814796|-112.0|-112.0|-112.0|QROCK3|QROCK3X8|1.0|1.0|0.0|0.0|8|rock|-|SG002243|-|1175|1|1|156|QROCK3X8|-|1.0|1.0|0.0|0.0|0.0|QROCK3X8|-|1.0|1.0|411.080193804|-1408.0|-384.0|-384.0|-112.0|-112.0|384.0|384.0|384.0|384.0
UTNTSkyEdge_tntle_701_0_terrain_1_0|701|0|2|2979|156|-1375.0|-3078.0|-1330.0|-3097.0|-1352.6944860185201|-3087.9606247807055|-112.0|-112.0|-112.0|QROCK3|QROCK3X8|1.0|1.0|459.926892771|-1408.0|8|rock|-|SG002121|-|1066|1|0|156|QROCK3X8|-|1.0|1.0|0.0|0.0|0.0|QROCK3X8|-|1.0|1.0|459.926892771|-1408.0|-384.0|-384.0|-112.0|-112.0|384.0|384.0|384.0|384.0
UTNTSkyEdge_tntle_701_0_terrain_1_1|701|0|2|2979|156|-1375.0|-3078.0|-1330.0|-3097.0|-1352.3055139814799|-3087.0393752192945|-112.0|-112.0|-112.0|QROCK3|QROCK3X8|1.0|1.0|0.0|0.0|8|rock|-|SG002243|-|1175|1|1|156|QROCK3X8|-|1.0|1.0|0.0|0.0|0.0|QROCK3X8|-|1.0|1.0|459.926892771|-1408.0|-384.0|-384.0|-112.0|-112.0|384.0|384.0|384.0|384.0
UTNTSkyEdge_tntle_702_0_terrain_1_0|702|0|2|2979|156|-1330.0|-3097.0|-1285.0|-3078.0|-1307.3055139814799|-3087.9606247807055|-112.0|-112.0|-112.0|QROCK3|QROCK3X8|1.0|1.0|118.0|-1408.0|8|rock|-|SG002121|-|1066|1|0|156|QROCK3X8|-|1.0|1.0|0.0|0.0|0.0|QROCK3X8|-|1.0|1.0|118.0|-1408.0|-384.0|-384.0|-112.0|-112.0|384.0|384.0|384.0|384.0
UTNTSkyEdge_tntle_702_0_terrain_1_1|702|0|2|2979|156|-1330.0|-3097.0|-1285.0|-3078.0|-1307.6944860185201|-3087.0393752192945|-112.0|-112.0|-112.0|QROCK3|QROCK3X8|1.0|1.0|0.0|0.0|8|rock|-|SG002243|-|1175|1|1|156|QROCK3X8|-|1.0|1.0|0.0|0.0|0.0|QROCK3X8|-|1.0|1.0|118.0|-1408.0|-384.0|-384.0|-112.0|-112.0|384.0|384.0|384.0|384.0
UTNTSkyEdge_tntle_703_0_terrain_1_0|703|0|2|2979|156|-1285.0|-3078.0|-1266.0|-3033.0|-1275.0393752192942|-3055.6944860185204|-112.0|-112.0|-112.0|QROCK3|QROCK3X8|1.0|1.0|166.846698967|-1408.0|8|rock|-|SG002121|-|1066|1|0|156|QROCK3X8|-|1.0|1.0|0.0|0.0|0.0|QROCK3X8|-|1.0|1.0|166.846698967|-1408.0|-384.0|-384.0|-112.0|-112.0|384.0|384.0|384.0|384.0
UTNTSkyEdge_tntle_703_0_terrain_1_1|703|0|2|2979|156|-1285.0|-3078.0|-1266.0|-3033.0|-1275.9606247807058|-3055.3055139814796|-112.0|-112.0|-112.0|QROCK3|QROCK3X8|1.0|1.0|0.0|0.0|8|rock|-|SG002243|-|1175|1|1|156|QROCK3X8|-|1.0|1.0|0.0|0.0|0.0|QROCK3X8|-|1.0|1.0|166.846698967|-1408.0|-384.0|-384.0|-112.0|-112.0|384.0|384.0|384.0|384.0
UTNTSkyEdge_tntle_704_0_terrain_1_0|704|0|2|2979|157|-1458.0|-3225.0|-1477.0|-3180.0|-1467.0393752192942|-3202.3055139814796|-112.0|-112.0|-112.0|QROCK3|QROCK3X8|1.0|1.0|215.693397935|-1408.0|8|rock|-|SG002121|-|1066|1|0|157|QROCK3X8|-|1.0|1.0|0.0|0.0|0.0|QROCK3X8|-|1.0|1.0|215.693397935|-1408.0|-384.0|-384.0|-112.0|-112.0|384.0|384.0|384.0|384.0
UTNTSkyEdge_tntle_704_0_terrain_1_1|704|0|2|2979|157|-1458.0|-3225.0|-1477.0|-3180.0|-1467.9606247807058|-3202.6944860185204|-112.0|-112.0|-112.0|QROCK3|QROCK3X8|1.0|1.0|0.0|0.0|8|rock|-|SG002244|-|1176|1|1|157|QROCK3X8|-|1.0|1.0|0.0|0.0|0.0|QROCK3X8|-|1.0|1.0|215.693397935|-1408.0|-384.0|-384.0|-112.0|-112.0|384.0|384.0|384.0|384.0
UTNTSkyEdge_tntle_705_0_terrain_1_0|705|0|2|2979|157|-1477.0|-3180.0|-1522.0|-3161.0|-1499.3055139814799|-3170.0393752192945|-112.0|-112.0|-112.0|QROCK3|QROCK3X8|1.0|1.0|264.540096902|-1408.0|8|rock|-|SG002121|-|1066|1|0|157|QROCK3X8|-|1.0|1.0|0.0|0.0|0.0|QROCK3X8|-|1.0|1.0|264.540096902|-1408.0|-384.0|-384.0|-112.0|-112.0|384.0|384.0|384.0|384.0
UTNTSkyEdge_tntle_705_0_terrain_1_1|705|0|2|2979|157|-1477.0|-3180.0|-1522.0|-3161.0|-1499.6944860185201|-3170.9606247807055|-112.0|-112.0|-112.0|QROCK3|QROCK3X8|1.0|1.0|0.0|0.0|8|rock|-|SG002244|-|1176|1|1|157|QROCK3X8|-|1.0|1.0|0.0|0.0|0.0|QROCK3X8|-|1.0|1.0|264.540096902|-1408.0|-384.0|-384.0|-112.0|-112.0|384.0|384.0|384.0|384.0
UTNTSkyEdge_tntle_706_0_terrain_1_0|706|0|2|2979|157|-1522.0|-3161.0|-1567.0|-3180.0|-1544.6944860185201|-3170.0393752192945|-112.0|-112.0|-112.0|QROCK3|QROCK3X8|1.0|1.0|313.386795869|-1408.0|8|rock|-|SG002121|-|1066|1|0|157|QROCK3X8|-|1.0|1.0|0.0|0.0|0.0|QROCK3X8|-|1.0|1.0|313.386795869|-1408.0|-384.0|-384.0|-112.0|-112.0|384.0|384.0|384.0|384.0
UTNTSkyEdge_tntle_706_0_terrain_1_1|706|0|2|2979|157|-1522.0|-3161.0|-1567.0|-3180.0|-1544.3055139814799|-3170.9606247807055|-112.0|-112.0|-112.0|QROCK3|QROCK3X8|1.0|1.0|0.0|0.0|8|rock|-|SG002244|-|1176|1|1|157|QROCK3X8|-|1.0|1.0|0.0|0.0|0.0|QROCK3X8|-|1.0|1.0|313.386795869|-1408.0|-384.0|-384.0|-112.0|-112.0|384.0|384.0|384.0|384.0
UTNTSkyEdge_tntle_707_0_terrain_1_0|707|0|2|2979|157|-1567.0|-3180.0|-1586.0|-3225.0|-1576.9606247807058|-3202.3055139814796|-112.0|-112.0|-112.0|QROCK3|QROCK3X8|1.0|1.0|362.233494836|-1408.0|8|rock|-|SG002121|-|1066|1|0|157|QROCK3X8|-|1.0|1.0|0.0|0.0|0.0|QROCK3X8|-|1.0|1.0|362.233494836|-1408.0|-384.0|-384.0|-112.0|-112.0|384.0|384.0|384.0|384.0
UTNTSkyEdge_tntle_707_0_terrain_1_1|707|0|2|2979|157|-1567.0|-3180.0|-1586.0|-3225.0|-1576.0393752192942|-3202.6944860185204|-112.0|-112.0|-112.0|QROCK3|QROCK3X8|1.0|1.0|0.0|0.0|8|rock|-|SG002244|-|1176|1|1|157|QROCK3X8|-|1.0|1.0|0.0|0.0|0.0|QROCK3X8|-|1.0|1.0|362.233494836|-1408.0|-384.0|-384.0|-112.0|-112.0|384.0|384.0|384.0|384.0
UTNTSkyEdge_tntle_708_0_terrain_1_0|708|0|2|2979|157|-1586.0|-3225.0|-1567.0|-3270.0|-1576.9606247807058|-3247.6944860185204|-112.0|-112.0|-112.0|QROCK3|QROCK3X8|1.0|1.0|411.080193804|-1408.0|8|rock|-|SG002121|-|1066|1|0|157|QROCK3X8|-|1.0|1.0|0.0|0.0|0.0|QROCK3X8|-|1.0|1.0|411.080193804|-1408.0|-384.0|-384.0|-112.0|-112.0|384.0|384.0|384.0|384.0
UTNTSkyEdge_tntle_708_0_terrain_1_1|708|0|2|2979|157|-1586.0|-3225.0|-1567.0|-3270.0|-1576.0393752192942|-3247.3055139814796|-112.0|-112.0|-112.0|QROCK3|QROCK3X8|1.0|1.0|0.0|0.0|8|rock|-|SG002244|-|1176|1|1|157|QROCK3X8|-|1.0|1.0|0.0|0.0|0.0|QROCK3X8|-|1.0|1.0|411.080193804|-1408.0|-384.0|-384.0|-112.0|-112.0|384.0|384.0|384.0|384.0
UTNTSkyEdge_tntle_709_0_terrain_1_0|709|0|2|2979|157|-1567.0|-3270.0|-1522.0|-3289.0|-1544.6944860185201|-3279.9606247807055|-112.0|-112.0|-112.0|QROCK3|QROCK3X8|1.0|1.0|459.926892771|-1408.0|8|rock|-|SG002121|-|1066|1|0|157|QROCK3X8|-|1.0|1.0|0.0|0.0|0.0|QROCK3X8|-|1.0|1.0|459.926892771|-1408.0|-384.0|-384.0|-112.0|-112.0|384.0|384.0|384.0|384.0
UTNTSkyEdge_tntle_709_0_terrain_1_1|709|0|2|2979|157|-1567.0|-3270.0|-1522.0|-3289.0|-1544.3055139814799|-3279.0393752192945|-112.0|-112.0|-112.0|QROCK3|QROCK3X8|1.0|1.0|0.0|0.0|8|rock|-|SG002244|-|1176|1|1|157|QROCK3X8|-|1.0|1.0|0.0|0.0|0.0|QROCK3X8|-|1.0|1.0|459.926892771|-1408.0|-384.0|-384.0|-112.0|-112.0|384.0|384.0|384.0|384.0
UTNTSkyEdge_tntle_710_0_terrain_1_0|710|0|2|2979|157|-1522.0|-3289.0|-1477.0|-3270.0|-1499.3055139814799|-3279.9606247807055|-112.0|-112.0|-112.0|QROCK3|QROCK3X8|1.0|1.0|118.0|-1408.0|8|rock|-|SG002121|-|1066|1|0|157|QROCK3X8|-|1.0|1.0|0.0|0.0|0.0|QROCK3X8|-|1.0|1.0|118.0|-1408.0|-384.0|-384.0|-112.0|-112.0|384.0|384.0|384.0|384.0
UTNTSkyEdge_tntle_710_0_terrain_1_1|710|0|2|2979|157|-1522.0|-3289.0|-1477.0|-3270.0|-1499.6944860185201|-3279.0393752192945|-112.0|-112.0|-112.0|QROCK3|QROCK3X8|1.0|1.0|0.0|0.0|8|rock|-|SG002244|-|1176|1|1|157|QROCK3X8|-|1.0|1.0|0.0|0.0|0.0|QROCK3X8|-|1.0|1.0|118.0|-1408.0|-384.0|-384.0|-112.0|-112.0|384.0|384.0|384.0|384.0
UTNTSkyEdge_tntle_711_0_terrain_1_0|711|0|2|2979|157|-1477.0|-3270.0|-1458.0|-3225.0|-1467.0393752192942|-3247.6944860185204|-112.0|-112.0|-112.0|QROCK3|QROCK3X8|1.0|1.0|166.846698967|-1408.0|8|rock|-|SG002121|-|1066|1|0|157|QROCK3X8|-|1.0|1.0|0.0|0.0|0.0|QROCK3X8|-|1.0|1.0|166.846698967|-1408.0|-384.0|-384.0|-112.0|-112.0|384.0|384.0|384.0|384.0
UTNTSkyEdge_tntle_711_0_terrain_1_1|711|0|2|2979|157|-1477.0|-3270.0|-1458.0|-3225.0|-1467.9606247807058|-3247.3055139814796|-112.0|-112.0|-112.0|QROCK3|QROCK3X8|1.0|1.0|0.0|0.0|8|rock|-|SG002244|-|1176|1|1|157|QROCK3X8|-|1.0|1.0|0.0|0.0|0.0|QROCK3X8|-|1.0|1.0|166.846698967|-1408.0|-384.0|-384.0|-112.0|-112.0|384.0|384.0|384.0|384.0
UTNTSkyEdge_tntle_712_0_terrain_1_0|712|0|2|2979|158|-1714.0|-3225.0|-1733.0|-3180.0|-1723.0393752192942|-3202.3055139814796|-112.0|-112.0|-112.0|QROCK3|QROCK3X8|1.0|1.0|215.693397935|-1408.0|8|rock|-|SG002121|-|1066|1|0|158|QROCK3X8|-|1.0|1.0|0.0|0.0|0.0|QROCK3X8|-|1.0|1.0|215.693397935|-1408.0|-384.0|-384.0|-112.0|-112.0|384.0|384.0|384.0|384.0
UTNTSkyEdge_tntle_712_0_terrain_1_1|712|0|2|2979|158|-1714.0|-3225.0|-1733.0|-3180.0|-1723.9606247807058|-3202.6944860185204|-112.0|-112.0|-112.0|QROCK3|QROCK3X8|1.0|1.0|0.0|0.0|8|rock|-|SG002245|-|1177|1|1|158|QROCK3X8|-|1.0|1.0|0.0|0.0|0.0|QROCK3X8|-|1.0|1.0|215.693397935|-1408.0|-384.0|-384.0|-112.0|-112.0|384.0|384.0|384.0|384.0
UTNTSkyEdge_tntle_713_0_terrain_1_0|713|0|2|2979|158|-1733.0|-3180.0|-1778.0|-3161.0|-1755.3055139814799|-3170.0393752192945|-112.0|-112.0|-112.0|QROCK3|QROCK3X8|1.0|1.0|264.540096902|-1408.0|8|rock|-|SG002121|-|1066|1|0|158|QROCK3X8|-|1.0|1.0|0.0|0.0|0.0|QROCK3X8|-|1.0|1.0|264.540096902|-1408.0|-384.0|-384.0|-112.0|-112.0|384.0|384.0|384.0|384.0
UTNTSkyEdge_tntle_713_0_terrain_1_1|713|0|2|2979|158|-1733.0|-3180.0|-1778.0|-3161.0|-1755.6944860185201|-3170.9606247807055|-112.0|-112.0|-112.0|QROCK3|QROCK3X8|1.0|1.0|0.0|0.0|8|rock|-|SG002245|-|1177|1|1|158|QROCK3X8|-|1.0|1.0|0.0|0.0|0.0|QROCK3X8|-|1.0|1.0|264.540096902|-1408.0|-384.0|-384.0|-112.0|-112.0|384.0|384.0|384.0|384.0
UTNTSkyEdge_tntle_714_0_terrain_1_0|714|0|2|2979|158|-1778.0|-3161.0|-1823.0|-3180.0|-1800.6944860185201|-3170.0393752192945|-112.0|-112.0|-112.0|QROCK3|QROCK3X8|1.0|1.0|313.386795869|-1408.0|8|rock|-|SG002121|-|1066|1|0|158|QROCK3X8|-|1.0|1.0|0.0|0.0|0.0|QROCK3X8|-|1.0|1.0|313.386795869|-1408.0|-384.0|-384.0|-112.0|-112.0|384.0|384.0|384.0|384.0
UTNTSkyEdge_tntle_714_0_terrain_1_1|714|0|2|2979|158|-1778.0|-3161.0|-1823.0|-3180.0|-1800.3055139814799|-3170.9606247807055|-112.0|-112.0|-112.0|QROCK3|QROCK3X8|1.0|1.0|0.0|0.0|8|rock|-|SG002245|-|1177|1|1|158|QROCK3X8|-|1.0|1.0|0.0|0.0|0.0|QROCK3X8|-|1.0|1.0|313.386795869|-1408.0|-384.0|-384.0|-112.0|-112.0|384.0|384.0|384.0|384.0
UTNTSkyEdge_tntle_715_0_terrain_1_0|715|0|2|2979|158|-1823.0|-3180.0|-1842.0|-3225.0|-1832.9606247807058|-3202.3055139814796|-112.0|-112.0|-112.0|QROCK3|QROCK3X8|1.0|1.0|362.233494836|-1408.0|8|rock|-|SG002121|-|1066|1|0|158|QROCK3X8|-|1.0|1.0|0.0|0.0|0.0|QROCK3X8|-|1.0|1.0|362.233494836|-1408.0|-384.0|-384.0|-112.0|-112.0|384.0|384.0|384.0|384.0
UTNTSkyEdge_tntle_715_0_terrain_1_1|715|0|2|2979|158|-1823.0|-3180.0|-1842.0|-3225.0|-1832.0393752192942|-3202.6944860185204|-112.0|-112.0|-112.0|QROCK3|QROCK3X8|1.0|1.0|0.0|0.0|8|rock|-|SG002245|-|1177|1|1|158|QROCK3X8|-|1.0|1.0|0.0|0.0|0.0|QROCK3X8|-|1.0|1.0|362.233494836|-1408.0|-384.0|-384.0|-112.0|-112.0|384.0|384.0|384.0|384.0
UTNTSkyEdge_tntle_716_0_terrain_1_0|716|0|2|2979|158|-1842.0|-3225.0|-1823.0|-3270.0|-1832.9606247807058|-3247.6944860185204|-112.0|-112.0|-112.0|QROCK3|QROCK3X8|1.0|1.0|411.080193804|-1408.0|8|rock|-|SG002121|-|1066|1|0|158|QROCK3X8|-|1.0|1.0|0.0|0.0|0.0|QROCK3X8|-|1.0|1.0|411.080193804|-1408.0|-384.0|-384.0|-112.0|-112.0|384.0|384.0|384.0|384.0
UTNTSkyEdge_tntle_716_0_terrain_1_1|716|0|2|2979|158|-1842.0|-3225.0|-1823.0|-3270.0|-1832.0393752192942|-3247.3055139814796|-112.0|-112.0|-112.0|QROCK3|QROCK3X8|1.0|1.0|0.0|0.0|8|rock|-|SG002245|-|1177|1|1|158|QROCK3X8|-|1.0|1.0|0.0|0.0|0.0|QROCK3X8|-|1.0|1.0|411.080193804|-1408.0|-384.0|-384.0|-112.0|-112.0|384.0|384.0|384.0|384.0
UTNTSkyEdge_tntle_717_0_terrain_1_0|717|0|2|2979|158|-1823.0|-3270.0|-1778.0|-3289.0|-1800.6944860185201|-3279.9606247807055|-112.0|-112.0|-112.0|QROCK3|QROCK3X8|1.0|1.0|459.926892771|-1408.0|8|rock|-|SG002121|-|1066|1|0|158|QROCK3X8|-|1.0|1.0|0.0|0.0|0.0|QROCK3X8|-|1.0|1.0|459.926892771|-1408.0|-384.0|-384.0|-112.0|-112.0|384.0|384.0|384.0|384.0
UTNTSkyEdge_tntle_717_0_terrain_1_1|717|0|2|2979|158|-1823.0|-3270.0|-1778.0|-3289.0|-1800.3055139814799|-3279.0393752192945|-112.0|-112.0|-112.0|QROCK3|QROCK3X8|1.0|1.0|0.0|0.0|8|rock|-|SG002245|-|1177|1|1|158|QROCK3X8|-|1.0|1.0|0.0|0.0|0.0|QROCK3X8|-|1.0|1.0|459.926892771|-1408.0|-384.0|-384.0|-112.0|-112.0|384.0|384.0|384.0|384.0
UTNTSkyEdge_tntle_718_0_terrain_1_0|718|0|2|2979|158|-1778.0|-3289.0|-1733.0|-3270.0|-1755.3055139814799|-3279.9606247807055|-112.0|-112.0|-112.0|QROCK3|QROCK3X8|1.0|1.0|118.0|-1408.0|8|rock|-|SG002121|-|1066|1|0|158|QROCK3X8|-|1.0|1.0|0.0|0.0|0.0|QROCK3X8|-|1.0|1.0|118.0|-1408.0|-384.0|-384.0|-112.0|-112.0|384.0|384.0|384.0|384.0
UTNTSkyEdge_tntle_718_0_terrain_1_1|718|0|2|2979|158|-1778.0|-3289.0|-1733.0|-3270.0|-1755.6944860185201|-3279.0393752192945|-112.0|-112.0|-112.0|QROCK3|QROCK3X8|1.0|1.0|0.0|0.0|8|rock|-|SG002245|-|1177|1|1|158|QROCK3X8|-|1.0|1.0|0.0|0.0|0.0|QROCK3X8|-|1.0|1.0|118.0|-1408.0|-384.0|-384.0|-112.0|-112.0|384.0|384.0|384.0|384.0
UTNTSkyEdge_tntle_719_0_terrain_1_0|719|0|2|2979|158|-1733.0|-3270.0|-1714.0|-3225.0|-1723.0393752192942|-3247.6944860185204|-112.0|-112.0|-112.0|QROCK3|QROCK3X8|1.0|1.0|166.846698967|-1408.0|8|rock|-|SG002121|-|1066|1|0|158|QROCK3X8|-|1.0|1.0|0.0|0.0|0.0|QROCK3X8|-|1.0|1.0|166.846698967|-1408.0|-384.0|-384.0|-112.0|-112.0|384.0|384.0|384.0|384.0
UTNTSkyEdge_tntle_719_0_terrain_1_1|719|0|2|2979|158|-1733.0|-3270.0|-1714.0|-3225.0|-1723.9606247807058|-3247.3055139814796|-112.0|-112.0|-112.0|QROCK3|QROCK3X8|1.0|1.0|0.0|0.0|8|rock|-|SG002245|-|1177|1|1|158|QROCK3X8|-|1.0|1.0|0.0|0.0|0.0|QROCK3X8|-|1.0|1.0|166.846698967|-1408.0|-384.0|-384.0|-112.0|-112.0|384.0|384.0|384.0|384.0
UTNTSkyEdge_tntle_720_0_terrain_1_0|720|0|2|2979|159|-1970.0|-3097.0|-1989.0|-3052.0|-1979.0393752192942|-3074.3055139814796|-112.0|-112.0|-112.0|QROCK3|QROCK3X8|1.0|1.0|215.693397935|-1408.0|8|rock|-|SG002121|-|1066|1|0|159|QROCK3X8|-|1.0|1.0|0.0|0.0|0.0|QROCK3X8|-|1.0|1.0|215.693397935|-1408.0|-384.0|-384.0|-112.0|-112.0|384.0|384.0|384.0|384.0
UTNTSkyEdge_tntle_720_0_terrain_1_1|720|0|2|2979|159|-1970.0|-3097.0|-1989.0|-3052.0|-1979.9606247807058|-3074.6944860185204|-112.0|-112.0|-112.0|QROCK3|QROCK3X8|1.0|1.0|0.0|0.0|8|rock|-|SG002246|-|1178|1|1|159|QROCK3X8|-|1.0|1.0|0.0|0.0|0.0|QROCK3X8|-|1.0|1.0|215.693397935|-1408.0|-384.0|-384.0|-112.0|-112.0|384.0|384.0|384.0|384.0
UTNTSkyEdge_tntle_721_0_terrain_1_0|721|0|2|2979|159|-1989.0|-3052.0|-2034.0|-3033.0|-2011.3055139814799|-3042.0393752192945|-112.0|-112.0|-112.0|QROCK3|QROCK3X8|1.0|1.0|264.540096902|-1408.0|8|rock|-|SG002121|-|1066|1|0|159|QROCK3X8|-|1.0|1.0|0.0|0.0|0.0|QROCK3X8|-|1.0|1.0|264.540096902|-1408.0|-384.0|-384.0|-112.0|-112.0|384.0|384.0|384.0|384.0
UTNTSkyEdge_tntle_721_0_terrain_1_1|721|0|2|2979|159|-1989.0|-3052.0|-2034.0|-3033.0|-2011.6944860185201|-3042.9606247807055|-112.0|-112.0|-112.0|QROCK3|QROCK3X8|1.0|1.0|0.0|0.0|8|rock|-|SG002246|-|1178|1|1|159|QROCK3X8|-|1.0|1.0|0.0|0.0|0.0|QROCK3X8|-|1.0|1.0|264.540096902|-1408.0|-384.0|-384.0|-112.0|-112.0|384.0|384.0|384.0|384.0
UTNTSkyEdge_tntle_722_0_terrain_1_0|722|0|2|2979|159|-2034.0|-3033.0|-2079.0|-3052.0|-2056.6944860185204|-3042.0393752192945|-112.0|-112.0|-112.0|QROCK3|QROCK3X8|1.0|1.0|313.386795869|-1408.0|8|rock|-|SG002121|-|1066|1|0|159|QROCK3X8|-|1.0|1.0|0.0|0.0|0.0|QROCK3X8|-|1.0|1.0|313.386795869|-1408.0|-384.0|-384.0|-112.0|-112.0|384.0|384.0|384.0|384.0
UTNTSkyEdge_tntle_722_0_terrain_1_1|722|0|2|2979|159|-2034.0|-3033.0|-2079.0|-3052.0|-2056.3055139814796|-3042.9606247807055|-112.0|-112.0|-112.0|QROCK3|QROCK3X8|1.0|1.0|0.0|0.0|8|rock|-|SG002246|-|1178|1|1|159|QROCK3X8|-|1.0|1.0|0.0|0.0|0.0|QROCK3X8|-|1.0|1.0|313.386795869|-1408.0|-384.0|-384.0|-112.0|-112.0|384.0|384.0|384.0|384.0
UTNTSkyEdge_tntle_723_0_terrain_1_0|723|0|2|2979|159|-2079.0|-3052.0|-2098.0|-3097.0|-2088.9606247807055|-3074.3055139814796|-112.0|-112.0|-112.0|QROCK3|QROCK3X8|1.0|1.0|362.233494836|-1408.0|8|rock|-|SG002121|-|1066|1|0|159|QROCK3X8|-|1.0|1.0|0.0|0.0|0.0|QROCK3X8|-|1.0|1.0|362.233494836|-1408.0|-384.0|-384.0|-112.0|-112.0|384.0|384.0|384.0|384.0
UTNTSkyEdge_tntle_723_0_terrain_1_1|723|0|2|2979|159|-2079.0|-3052.0|-2098.0|-3097.0|-2088.0393752192945|-3074.6944860185204|-112.0|-112.0|-112.0|QROCK3|QROCK3X8|1.0|1.0|0.0|0.0|8|rock|-|SG002246|-|1178|1|1|159|QROCK3X8|-|1.0|1.0|0.0|0.0|0.0|QROCK3X8|-|1.0|1.0|362.233494836|-1408.0|-384.0|-384.0|-112.0|-112.0|384.0|384.0|384.0|384.0
UTNTSkyEdge_tntle_724_0_terrain_1_0|724|0|2|2979|159|-2098.0|-3097.0|-2079.0|-3142.0|-2088.9606247807055|-3119.6944860185204|-112.0|-112.0|-112.0|QROCK3|QROCK3X8|1.0|1.0|411.080193804|-1408.0|8|rock|-|SG002121|-|1066|1|0|159|QROCK3X8|-|1.0|1.0|0.0|0.0|0.0|QROCK3X8|-|1.0|1.0|411.080193804|-1408.0|-384.0|-384.0|-112.0|-112.0|384.0|384.0|384.0|384.0
UTNTSkyEdge_tntle_724_0_terrain_1_1|724|0|2|2979|159|-2098.0|-3097.0|-2079.0|-3142.0|-2088.0393752192945|-3119.3055139814796|-112.0|-112.0|-112.0|QROCK3|QROCK3X8|1.0|1.0|0.0|0.0|8|rock|-|SG002246|-|1178|1|1|159|QROCK3X8|-|1.0|1.0|0.0|0.0|0.0|QROCK3X8|-|1.0|1.0|411.080193804|-1408.0|-384.0|-384.0|-112.0|-112.0|384.0|384.0|384.0|384.0
UTNTSkyEdge_tntle_725_0_terrain_1_0|725|0|2|2979|159|-2079.0|-3142.0|-2034.0|-3161.0|-2056.6944860185204|-3151.9606247807055|-112.0|-112.0|-112.0|QROCK3|QROCK3X8|1.0|1.0|459.926892771|-1408.0|8|rock|-|SG002121|-|1066|1|0|159|QROCK3X8|-|1.0|1.0|0.0|0.0|0.0|QROCK3X8|-|1.0|1.0|459.926892771|-1408.0|-384.0|-384.0|-112.0|-112.0|384.0|384.0|384.0|384.0
UTNTSkyEdge_tntle_725_0_terrain_1_1|725|0|2|2979|159|-2079.0|-3142.0|-2034.0|-3161.0|-2056.3055139814796|-3151.0393752192945|-112.0|-112.0|-112.0|QROCK3|QROCK3X8|1.0|1.0|0.0|0.0|8|rock|-|SG002246|-|1178|1|1|159|QROCK3X8|-|1.0|1.0|0.0|0.0|0.0|QROCK3X8|-|1.0|1.0|459.926892771|-1408.0|-384.0|-384.0|-112.0|-112.0|384.0|384.0|384.0|384.0
UTNTSkyEdge_tntle_726_0_terrain_1_0|726|0|2|2979|159|-2034.0|-3161.0|-1989.0|-3142.0|-2011.3055139814799|-3151.9606247807055|-112.0|-112.0|-112.0|QROCK3|QROCK3X8|1.0|1.0|118.0|-1408.0|8|rock|-|SG002121|-|1066|1|0|159|QROCK3X8|-|1.0|1.0|0.0|0.0|0.0|QROCK3X8|-|1.0|1.0|118.0|-1408.0|-384.0|-384.0|-112.0|-112.0|384.0|384.0|384.0|384.0
UTNTSkyEdge_tntle_726_0_terrain_1_1|726|0|2|2979|159|-2034.0|-3161.0|-1989.0|-3142.0|-2011.6944860185201|-3151.0393752192945|-112.0|-112.0|-112.0|QROCK3|QROCK3X8|1.0|1.0|0.0|0.0|8|rock|-|SG002246|-|1178|1|1|159|QROCK3X8|-|1.0|1.0|0.0|0.0|0.0|QROCK3X8|-|1.0|1.0|118.0|-1408.0|-384.0|-384.0|-112.0|-112.0|384.0|384.0|384.0|384.0
UTNTSkyEdge_tntle_727_0_terrain_1_0|727|0|2|2979|159|-1989.0|-3142.0|-1970.0|-3097.0|-1979.0393752192942|-3119.6944860185204|-112.0|-112.0|-112.0|QROCK3|QROCK3X8|1.0|1.0|166.846698967|-1408.0|8|rock|-|SG002121|-|1066|1|0|159|QROCK3X8|-|1.0|1.0|0.0|0.0|0.0|QROCK3X8|-|1.0|1.0|166.846698967|-1408.0|-384.0|-384.0|-112.0|-112.0|384.0|384.0|384.0|384.0
UTNTSkyEdge_tntle_727_0_terrain_1_1|727|0|2|2979|159|-1989.0|-3142.0|-1970.0|-3097.0|-1979.9606247807058|-3119.3055139814796|-112.0|-112.0|-112.0|QROCK3|QROCK3X8|1.0|1.0|0.0|0.0|8|rock|-|SG002246|-|1178|1|1|159|QROCK3X8|-|1.0|1.0|0.0|0.0|0.0|QROCK3X8|-|1.0|1.0|166.846698967|-1408.0|-384.0|-384.0|-112.0|-112.0|384.0|384.0|384.0|384.0
UTNTSkyEdge_tntle_728_0_terrain_1_0|728|0|2|2979|160|-1952.0|-2784.0|-2016.0|-2688.0|-1983.583974852831|-2735.7226499018875|-112.0|-112.0|-112.0|QROCK3|QROCK3X8|1.0|1.0|341.618018552|-1408.0|8|rock|-|SG002121|-|1066|1|0|160|QROCK3X8|-|1.0|1.0|0.0|0.0|0.0|QROCK3X8|-|1.0|1.0|341.618018552|-1408.0|-384.0|-384.0|-112.0|-112.0|384.0|384.0|384.0|384.0
UTNTSkyEdge_tntle_728_0_terrain_1_1|728|0|2|2979|160|-1952.0|-2784.0|-2016.0|-2688.0|-1984.416025147169|-2736.2773500981125|-112.0|-112.0|-112.0|QROCK3|QROCK3X8|1.0|1.0|0.0|0.0|8|rock|-|SG002247|-|1081|1|1|160|QROCK3X8|-|1.0|1.0|0.0|0.0|0.0|QROCK3X8|-|1.0|1.0|341.618018552|-1408.0|-384.0|-384.0|-112.0|-112.0|384.0|384.0|384.0|384.0
UTNTSkyEdge_tntle_728_0_terrain_2_1|728|0|2|2979|2979|-1952.0|-2784.0|-2016.0|-2688.0|-1983.583974852831|-2735.7226499018875|-384.0|-384.0|-384.0|QROCK3|XA02TEX|1.0|1.0|0.0|0.0|5|gravel|-|SG002207|-|1066|2|1|2979|XA02TEX|-|1.0|1.0|0.0|0.0|0.0|QROCK3X8|-|1.0|1.0|341.618018552|-1408.0|-384.0|-384.0|-112.0|-112.0|384.0|384.0|384.0|384.0
UTNTSkyEdge_tntle_729_0_terrain_1_0|729|0|2|2979|160|-2016.0|-2688.0|-2112.0|-2656.0|-2063.8418861169916|-2671.525658350975|-112.0|-112.0|-112.0|QROCK3|QROCK3X8|1.0|1.0|456.995659367|-1408.0|8|rock|-|SG002121|-|1066|1|0|160|QROCK3X8|-|1.0|1.0|0.0|0.0|0.0|QROCK3X8|-|1.0|1.0|456.995659367|-1408.0|-384.0|-384.0|-112.0|-112.0|384.0|384.0|384.0|384.0
UTNTSkyEdge_tntle_729_0_terrain_1_1|729|0|2|2979|160|-2016.0|-2688.0|-2112.0|-2656.0|-2064.1581138830084|-2672.474341649025|-112.0|-112.0|-112.0|QROCK3|QROCK3X8|1.0|1.0|0.0|0.0|8|rock|-|SG002247|-|1081|1|1|160|QROCK3X8|-|1.0|1.0|0.0|0.0|0.0|QROCK3X8|-|1.0|1.0|456.995659367|-1408.0|-384.0|-384.0|-112.0|-112.0|384.0|384.0|384.0|384.0
UTNTSkyEdge_tntle_729_0_terrain_2_1|729|0|2|2979|2979|-2016.0|-2688.0|-2112.0|-2656.0|-2063.8418861169916|-2671.525658350975|-384.0|-384.0|-384.0|QROCK3|XA02TEX|1.0|1.0|0.0|0.0|5|gravel|-|SG002207|-|1066|2|1|2979|XA02TEX|-|1.0|1.0|0.0|0.0|0.0|QROCK3X8|-|1.0|1.0|456.995659367|-1408.0|-384.0|-384.0|-112.0|-112.0|384.0|384.0|384.0|384.0
UTNTSkyEdge_tntle_730_0_terrain_1_0|730|0|2|2979|160|-2112.0|-2656.0|-2176.0|-2560.0|-2143.583974852831|-2607.7226499018875|-112.0|-112.0|-112.0|QROCK3|QROCK3X8|1.0|1.0|558.188544492|-1408.0|8|rock|-|SG002121|-|1066|1|0|160|QROCK3X8|-|1.0|1.0|0.0|0.0|0.0|QROCK3X8|-|1.0|1.0|558.188544492|-1408.0|-384.0|-384.0|-112.0|-112.0|384.0|384.0|384.0|384.0
UTNTSkyEdge_tntle_730_0_terrain_1_1|730|0|2|2979|160|-2112.0|-2656.0|-2176.0|-2560.0|-2144.416025147169|-2608.2773500981125|-112.0|-112.0|-112.0|QROCK3|QROCK3X8|1.0|1.0|0.0|0.0|8|rock|-|SG002247|-|1081|1|1|160|QROCK3X8|-|1.0|1.0|0.0|0.0|0.0|QROCK3X8|-|1.0|1.0|558.188544492|-1408.0|-384.0|-384.0|-112.0|-112.0|384.0|384.0|384.0|384.0
UTNTSkyEdge_tntle_730_0_terrain_2_1|730|0|2|2979|2979|-2112.0|-2656.0|-2176.0|-2560.0|-2143.583974852831|-2607.7226499018875|-384.0|-384.0|-384.0|QROCK3|XA02TEX|1.0|1.0|0.0|0.0|5|gravel|-|SG002207|-|1066|2|1|2979|XA02TEX|-|1.0|1.0|0.0|0.0|0.0|QROCK3X8|-|1.0|1.0|558.188544492|-1408.0|-384.0|-384.0|-112.0|-112.0|384.0|384.0|384.0|384.0
UTNTSkyEdge_tntle_731_0_terrain_1_0|731|0|2|2979|160|-2176.0|-2816.0|-2112.0|-2880.0|-2144.3535533905933|-2848.3535533905933|-112.0|-112.0|-112.0|QROCK3|QROCK3X8|1.0|1.0|44.0|-1408.0|8|rock|-|SG002121|-|1066|1|0|160|QROCK3X8|-|1.0|1.0|0.0|0.0|0.0|QROCK3X8|-|1.0|1.0|44.0|-1408.0|-384.0|-384.0|-112.0|-112.0|384.0|384.0|384.0|384.0
UTNTSkyEdge_tntle_731_0_terrain_1_1|731|0|2|2979|160|-2176.0|-2816.0|-2112.0|-2880.0|-2143.6464466094067|-2847.6464466094067|-112.0|-112.0|-112.0|QROCK3|QROCK3X8|1.0|1.0|0.0|0.0|8|rock|-|SG002247|-|1081|1|1|160|QROCK3X8|-|1.0|1.0|0.0|0.0|0.0|QROCK3X8|-|1.0|1.0|44.0|-1408.0|-384.0|-384.0|-112.0|-112.0|384.0|384.0|384.0|384.0
UTNTSkyEdge_tntle_732_0_terrain_1_0|732|0|2|2979|160|-2112.0|-2880.0|-2048.0|-2880.0|-2080.0|-2880.5|-112.0|-112.0|-112.0|QROCK3|QROCK3X8|1.0|1.0|134.509667992|-1408.0|8|rock|-|SG002121|-|1066|1|0|160|QROCK3X8|-|1.0|1.0|0.0|0.0|0.0|QROCK3X8|-|1.0|1.0|134.509667992|-1408.0|-384.0|-384.0|-112.0|-112.0|384.0|384.0|384.0|384.0
UTNTSkyEdge_tntle_732_0_terrain_1_1|732|0|2|2979|160|-2112.0|-2880.0|-2048.0|-2880.0|-2080.0|-2879.5|-112.0|-112.0|-112.0|QROCK3|QROCK3X8|1.0|1.0|0.0|0.0|8|rock|-|SG002247|-|1081|1|1|160|QROCK3X8|-|1.0|1.0|0.0|0.0|0.0|QROCK3X8|-|1.0|1.0|134.509667992|-1408.0|-384.0|-384.0|-112.0|-112.0|384.0|384.0|384.0|384.0
UTNTSkyEdge_tntle_733_0_terrain_1_0|733|0|2|2979|160|-2048.0|-2880.0|-1984.0|-2848.0|-2015.7763932022501|-2864.4472135954998|-112.0|-112.0|-112.0|QROCK3|QROCK3X8|1.0|1.0|198.509667992|-1408.0|8|rock|-|SG002121|-|1066|1|0|160|QROCK3X8|-|1.0|1.0|0.0|0.0|0.0|QROCK3X8|-|1.0|1.0|198.509667992|-1408.0|-384.0|-384.0|-112.0|-112.0|384.0|384.0|384.0|384.0
UTNTSkyEdge_tntle_733_0_terrain_1_1|733|0|2|2979|160|-2048.0|-2880.0|-1984.0|-2848.0|-2016.2236067977499|-2863.5527864045002|-112.0|-112.0|-112.0|QROCK3|QROCK3X8|1.0|1.0|0.0|0.0|8|rock|-|SG002247|-|1081|1|1|160|QROCK3X8|-|1.0|1.0|0.0|0.0|0.0|QROCK3X8|-|1.0|1.0|198.509667992|-1408.0|-384.0|-384.0|-112.0|-112.0|384.0|384.0|384.0|384.0
UTNTSkyEdge_tntle_734_0_terrain_1_0|734|0|2|2979|160|-1984.0|-2848.0|-1952.0|-2784.0|-1967.5527864045|-2816.22360679775|-112.0|-112.0|-112.0|QROCK3|QROCK3X8|1.0|1.0|270.063843272|-1408.0|8|rock|-|SG002121|-|1066|1|0|160|QROCK3X8|-|1.0|1.0|0.0|0.0|0.0|QROCK3X8|-|1.0|1.0|270.063843272|-1408.0|-384.0|-384.0|-112.0|-112.0|384.0|384.0|384.0|384.0
UTNTSkyEdge_tntle_734_0_terrain_1_1|734|0|2|2979|160|-1984.0|-2848.0|-1952.0|-2784.0|-1968.4472135955|-2815.77639320225|-112.0|-112.0|-112.0|QROCK3|QROCK3X8|1.0|1.0|0.0|0.0|8|rock|-|SG002247|-|1081|1|1|160|QROCK3X8|-|1.0|1.0|0.0|0.0|0.0|QROCK3X8|-|1.0|1.0|270.063843272|-1408.0|-384.0|-384.0|-112.0|-112.0|384.0|384.0|384.0|384.0
UTNTSkyEdge_tntle_807_0_terrain_1_0|807|0|2|2979|169|-1302.0|-2742.0|-1340.0|-2652.0|-1320.5393752192942|-2696.8055139814796|-48.0|-32.0|-64.0|QROCK3|QROCK3X8|1.0|1.0|315.386795869|-1408.0|8|rock|-|SG002121|-|1066|1|0|169|QROCK3X8|-|1.0|1.0|0.0|0.0|0.0|QROCK3X8|-|1.0|1.0|315.386795869|-1408.0|-384.0|-384.0|-32.0|-64.0|384.0|384.0|384.0|384.0
UTNTSkyEdge_tntle_807_0_terrain_1_1|807|0|2|2979|169|-1302.0|-2742.0|-1340.0|-2652.0|-1321.4606247807058|-2697.1944860185204|-48.0|-32.0|-64.0|QROCK3|QROCK3X8|1.0|1.0|0.0|0.0|8|rock|-|SG002248|-|1179|1|1|169|QROCK3X8|-|1.0|1.0|0.0|0.0|0.0|QROCK3X8|-|1.0|1.0|315.386795869|-1408.0|-384.0|-384.0|-32.0|-64.0|384.0|384.0|384.0|384.0
UTNTSkyEdge_tntle_808_0_terrain_1_0|808|0|2|2979|211|-1340.0|-2652.0|-1430.0|-2614.0|-1384.8055139814799|-2632.5393752192945|-80.0|-64.0|-96.0|QROCK3|QROCK3X8|1.0|1.0|30.0|-1408.0|8|rock|-|SG002121|-|1066|1|0|211|QROCK3X8|-|1.0|1.0|0.0|0.0|0.0|QROCK3X8|-|1.0|1.0|30.0|-1408.0|-384.0|-384.0|-64.0|-96.0|384.0|384.0|384.0|384.0
UTNTSkyEdge_tntle_808_0_terrain_1_1|808|0|2|2979|211|-1340.0|-2652.0|-1430.0|-2614.0|-1385.1944860185201|-2633.4606247807055|-80.0|-64.0|-96.0|QROCK3|QROCK3X8|1.0|1.0|0.0|0.0|8|rock|-|SG002249|-|1180|1|1|211|QROCK3X8|-|1.0|1.0|0.0|0.0|0.0|QROCK3X8|-|1.0|1.0|30.0|-1408.0|-384.0|-384.0|-64.0|-96.0|384.0|384.0|384.0|384.0
UTNTSkyEdge_tntle_808_0_terrain_2_1|808|0|2|2979|2979|-1340.0|-2652.0|-1430.0|-2614.0|-1384.8055139814799|-2632.5393752192945|-384.0|-384.0|-384.0|QROCK3|XA02TEX|1.0|1.0|0.0|0.0|5|gravel|-|SG002207|-|1066|2|1|2979|XA02TEX|-|1.0|1.0|0.0|0.0|0.0|QROCK3X8|-|1.0|1.0|30.0|-1408.0|-384.0|-384.0|-64.0|-96.0|384.0|384.0|384.0|384.0
UTNTSkyEdge_tntle_809_0_terrain_1_0|809|0|2|2979|172|-1430.0|-2614.0|-1520.0|-2652.0|-1475.1944860185201|-2632.5393752192945|-88.22222222222223|-80.44444444444444|-96.0|QROCK3|QROCK3X8|1.0|1.0|52.0|-1408.0|8|rock|-|SG002121|-|1066|1|0|172|QROCK3X8|-|1.0|1.0|0.0|0.0|0.0|QROCK3X8|-|1.0|1.0|52.0|-1408.0|-384.0|-384.0|-80.44444444444444|-96.0|384.0|384.0|384.0|384.0
UTNTSkyEdge_tntle_809_0_terrain_1_1|809|0|2|2979|172|-1430.0|-2614.0|-1520.0|-2652.0|-1474.8055139814799|-2633.4606247807055|-88.22222222222223|-80.44444444444444|-96.0|QROCK3|QROCK3X8|1.0|1.0|0.0|0.0|8|rock|-|SG002250|-|1181|1|1|172|QROCK3X8|-|1.0|1.0|0.0|0.0|0.0|QROCK3X8|-|1.0|1.0|52.0|-1408.0|-384.0|-384.0|-80.44444444444444|-96.0|384.0|384.0|384.0|384.0
UTNTSkyEdge_tntle_809_0_terrain_2_1|809|0|2|2979|2979|-1430.0|-2614.0|-1520.0|-2652.0|-1475.1944860185201|-2632.5393752192945|-384.0|-384.0|-384.0|QROCK3|XA02TEX|1.0|1.0|0.0|0.0|5|gravel|-|SG002207|-|1066|2|1|2979|XA02TEX|-|1.0|1.0|0.0|0.0|0.0|QROCK3X8|-|1.0|1.0|52.0|-1408.0|-384.0|-384.0|-80.44444444444444|-96.0|384.0|384.0|384.0|384.0
UTNTSkyEdge_tntle_810_0_terrain_1_0|810|0|2|2979|210|-1520.0|-2652.0|-1558.0|-2742.0|-1539.4606247807058|-2696.8055139814796|-64.0|-96.0|-32.0|QROCK3|QROCK3X8|1.0|1.0|149.693397935|-1408.0|8|rock|-|SG002121|-|1066|1|0|210|QROCK3X8|-|1.0|1.0|0.0|0.0|0.0|QROCK3X8|-|1.0|1.0|149.693397935|-1408.0|-384.0|-384.0|-96.0|-32.0|384.0|384.0|384.0|384.0
UTNTSkyEdge_tntle_810_0_terrain_1_1|810|0|2|2979|210|-1520.0|-2652.0|-1558.0|-2742.0|-1538.5393752192942|-2697.1944860185204|-64.0|-96.0|-32.0|QROCK3|QROCK3X8|1.0|1.0|0.0|0.0|8|rock|-|SG002251|-|1182|1|1|210|QROCK3X8|-|1.0|1.0|0.0|0.0|0.0|QROCK3X8|-|1.0|1.0|149.693397935|-1408.0|-384.0|-384.0|-96.0|-32.0|384.0|384.0|384.0|384.0
UTNTSkyEdge_tntle_810_0_terrain_2_1|810|0|2|2979|2979|-1520.0|-2652.0|-1558.0|-2742.0|-1539.4606247807058|-2696.8055139814796|-384.0|-384.0|-384.0|QROCK3|XA02TEX|1.0|1.0|0.0|0.0|5|gravel|-|SG002207|-|1066|2|1|2979|XA02TEX|-|1.0|1.0|0.0|0.0|0.0|QROCK3X8|-|1.0|1.0|149.693397935|-1408.0|-384.0|-384.0|-96.0|-32.0|384.0|384.0|384.0|384.0
UTNTSkyEdge_tntle_811_0_terrain_1_0|811|0|2|2979|170|-1558.0|-2742.0|-1520.0|-2832.0|-1539.4606247807058|-2787.1944860185204|-48.0|-32.0|-64.0|QROCK3|QROCK3X8|1.0|1.0|247.386795869|-1408.0|8|rock|-|SG002121|-|1066|1|0|170|QROCK3X8|-|1.0|1.0|0.0|0.0|0.0|QROCK3X8|-|1.0|1.0|247.386795869|-1408.0|-384.0|-384.0|-32.0|-64.0|384.0|384.0|384.0|384.0
UTNTSkyEdge_tntle_811_0_terrain_1_1|811|0|2|2979|170|-1558.0|-2742.0|-1520.0|-2832.0|-1538.5393752192942|-2786.8055139814796|-48.0|-32.0|-64.0|QROCK3|QROCK3X8|1.0|1.0|0.0|0.0|8|rock|-|SG002252|-|1183|1|1|170|QROCK3X8|-|1.0|1.0|0.0|0.0|0.0|QROCK3X8|-|1.0|1.0|247.386795869|-1408.0|-384.0|-384.0|-32.0|-64.0|384.0|384.0|384.0|384.0
UTNTSkyEdge_tntle_811_0_terrain_2_1|811|0|2|2979|2979|-1558.0|-2742.0|-1520.0|-2832.0|-1539.4606247807058|-2787.1944860185204|-384.0|-384.0|-384.0|QROCK3|XA02TEX|1.0|1.0|0.0|0.0|5|gravel|-|SG002207|-|1066|2|1|2979|XA02TEX|-|1.0|1.0|0.0|0.0|0.0|QROCK3X8|-|1.0|1.0|247.386795869|-1408.0|-384.0|-384.0|-32.0|-64.0|384.0|384.0|384.0|384.0
UTNTSkyEdge_tntle_812_0_terrain_1_0|812|0|2|2979|212|-1520.0|-2832.0|-1430.0|-2870.0|-1475.1944860185201|-2851.4606247807055|-80.0|-64.0|-96.0|QROCK3|QROCK3X8|1.0|1.0|22.0|-1408.0|8|rock|-|SG002121|-|1066|1|0|212|XA02TEX|-|1.0|1.0|0.0|0.0|0.0|QROCK3X8|-|1.0|1.0|22.0|-1408.0|-384.0|-384.0|-64.0|-96.0|384.0|384.0|384.0|384.0
UTNTSkyEdge_tntle_812_0_terrain_1_1|812|0|2|2979|212|-1520.0|-2832.0|-1430.0|-2870.0|-1474.8055139814799|-2850.5393752192945|-80.0|-64.0|-96.0|QROCK3|XA02TEX|1.0|1.0|0.0|0.0|8|gravel|-|SG002253|-|1184|1|1|212|XA02TEX|-|1.0|1.0|0.0|0.0|0.0|QROCK3X8|-|1.0|1.0|22.0|-1408.0|-384.0|-384.0|-64.0|-96.0|384.0|384.0|384.0|384.0
UTNTSkyEdge_tntle_812_0_terrain_2_1|812|0|2|2979|2979|-1520.0|-2832.0|-1430.0|-2870.0|-1475.1944860185201|-2851.4606247807055|-384.0|-384.0|-384.0|QROCK3|XA02TEX|1.0|1.0|0.0|0.0|5|gravel|-|SG002207|-|1066|2|1|2979|XA02TEX|-|1.0|1.0|0.0|0.0|0.0|QROCK3X8|-|1.0|1.0|22.0|-1408.0|-384.0|-384.0|-64.0|-96.0|384.0|384.0|384.0|384.0
UTNTSkyEdge_tntle_813_0_terrain_1_0|813|0|2|2979|171|-1430.0|-2870.0|-1340.0|-2832.0|-1384.8055139814799|-2851.4606247807055|-93.26775956284153|-90.53551912568307|-96.0|QROCK3|QROCK3X8|1.0|1.0|120.0|-1408.0|8|rock|-|SG002121|-|1066|1|0|171|QROCK3X8|-|1.0|1.0|0.0|0.0|0.0|QROCK3X8|-|1.0|1.0|120.0|-1408.0|-384.0|-384.0|-90.53551912568307|-96.0|384.0|384.0|384.0|384.0
UTNTSkyEdge_tntle_813_0_terrain_1_1|813|0|2|2979|171|-1430.0|-2870.0|-1340.0|-2832.0|-1385.1944860185201|-2850.5393752192945|-93.26775956284153|-90.53551912568307|-96.0|QROCK3|QROCK3X8|1.0|1.0|0.0|0.0|8|rock|-|SG002254|-|1185|1|1|171|QROCK3X8|-|1.0|1.0|0.0|0.0|0.0|QROCK3X8|-|1.0|1.0|120.0|-1408.0|-384.0|-384.0|-90.53551912568307|-96.0|384.0|384.0|384.0|384.0
UTNTSkyEdge_tntle_814_0_terrain_1_0|814|0|2|2979|209|-1340.0|-2832.0|-1302.0|-2742.0|-1320.5393752192942|-2787.1944860185204|-64.0|-96.0|-32.0|QROCK3|QROCK3X8|1.0|1.0|217.693397935|-1408.0|8|rock|-|SG002121|-|1066|1|0|209|QROCK3X8|-|1.0|1.0|0.0|0.0|0.0|QROCK3X8|-|1.0|1.0|217.693397935|-1408.0|-384.0|-384.0|-96.0|-32.0|384.0|384.0|384.0|384.0
UTNTSkyEdge_tntle_814_0_terrain_1_1|814|0|2|2979|209|-1340.0|-2832.0|-1302.0|-2742.0|-1321.4606247807058|-2786.8055139814796|-64.0|-96.0|-32.0|QROCK3|QROCK3X8|1.0|1.0|0.0|0.0|8|rock|-|SG002255|-|1186|1|1|209|QROCK3X8|-|1.0|1.0|0.0|0.0|0.0|QROCK3X8|-|1.0|1.0|217.693397935|-1408.0|-384.0|-384.0|-96.0|-32.0|384.0|384.0|384.0|384.0
UTNTSkyEdge_tntle_846_0_terrain_2_1|846|0|1|2979|2979|1744.0|-3792.0|1792.0|-3968.0|1767.5176180893811|-3880.131558702896|-384.0|-384.0|-384.0|QROCK3|XA02TEX|1.0|1.0|0.0|0.0|5|gravel|-|SG002207|-|1066|2|1|2979|XA02TEX|-|1.0|1.0|0.0|0.0|0.0|QROCK3X8|-|1.0|1.0|134.627416998|0.0|-384.0|-384.0|0|0|384.0|384.0|0|0
UTNTSkyEdge_tntle_985_1_terrain_2_1|985|1|2|2979|2979|2664.0|-3176.0|2568.0|-3192.0|2615.9178005063472|-3183.506803038084|-384.0|-384.0|-384.0|QROCK3|XA02TEX|1.0|1.0|0.0|0.0|5|gravel|-|SG002207|-|1066|2|1|2979|XA02TEX|-|1.0|1.0|0.0|0.0|0.0|QROCK3X8|-|1.0|1.0|892.029316652|368.0|-384.0|-384.0|16.0|16.0|384.0|384.0|264.0|264.0
UTNTSkyEdge_tntle_1457_0_terrain_2_1|1457|0|1|2979|2979|2688.0|-4480.0|2592.0|-4384.0|2640.3535533905933|-4431.646446609407|-384.0|-384.0|-384.0|QROCK3|XA02TEX|1.0|1.0|0.0|0.0|5|gravel|-|SG002207|-|1066|2|1|2979|XA02TEX|-|1.0|1.0|0.0|0.0|0.0|QROCK3X8|-|1.0|1.0|583.058007951|0.0|-384.0|-384.0|0|0|384.0|384.0|0|0
UTNTSkyEdge_tntle_1459_0_terrain_1_0|1459|0|2|2979|296|4352.0|-4352.0|4256.0|-4160.0|4304.4472135955|-4255.77639320225|179.0|179.0|179.0|QROCK3|QROCK3X8|1.0|1.0|703.364027929|-1152.0|8|rock|-|SG002121|-|1066|1|0|296|QROCK3X8|-|1.0|1.0|0.0|0.0|0.0|QROCK3X8|-|1.0|1.0|703.364027929|-1152.0|-384.0|-384.0|179.0|179.0|384.0|384.0|384.0|384.0
UTNTSkyEdge_tntle_1459_0_terrain_1_1|1459|0|2|2979|296|4352.0|-4352.0|4256.0|-4160.0|4303.5527864045|-4256.22360679775|179.0|179.0|179.0|QROCK3|QROCK3X8|1.0|1.0|0.0|0.0|8|rock|-|SG002256|-|1187|1|1|296|QROCK3X8|-|1.0|1.0|0.0|0.0|0.0|QROCK3X8|-|1.0|1.0|703.364027929|-1152.0|-384.0|-384.0|179.0|179.0|384.0|384.0|384.0|384.0
UTNTSkyEdge_tntle_1459_0_terrain_2_1|1459|0|2|2979|2979|4352.0|-4352.0|4256.0|-4160.0|4304.4472135955|-4255.77639320225|-384.0|-384.0|-384.0|QROCK3|XA02TEX|1.0|1.0|0.0|0.0|5|gravel|-|SG002207|-|1066|2|1|2979|XA02TEX|-|1.0|1.0|0.0|0.0|0.0|QROCK3X8|-|1.0|1.0|703.364027929|-1152.0|-384.0|-384.0|179.0|179.0|384.0|384.0|384.0|384.0
UTNTSkyEdge_tntle_1460_0_terrain_1_0|1460|0|2|2979|296|4160.0|-3968.0|4000.0|-3984.0|4079.9502481404893|-3975.502481404895|179.0|179.0|179.0|QROCK3|QROCK3X8|1.0|1.0|137.404194584|-1152.0|8|rock|-|SG002121|-|1066|1|0|296|QROCK3X8|-|1.0|1.0|0.0|0.0|0.0|QROCK3X8|-|1.0|1.0|137.404194584|-1152.0|-384.0|-384.0|179.0|179.0|384.0|384.0|384.0|384.0
UTNTSkyEdge_tntle_1460_0_terrain_1_1|1460|0|2|2979|296|4160.0|-3968.0|4000.0|-3984.0|4080.0497518595107|-3976.497518595105|179.0|179.0|179.0|QROCK3|QROCK3X8|1.0|1.0|0.0|0.0|8|rock|-|SG002256|-|1187|1|1|296|QROCK3X8|-|1.0|1.0|0.0|0.0|0.0|QROCK3X8|-|1.0|1.0|137.404194584|-1152.0|-384.0|-384.0|179.0|179.0|384.0|384.0|384.0|384.0
UTNTSkyEdge_tntle_1460_0_terrain_2_1|1460|0|2|2979|2979|4160.0|-3968.0|4000.0|-3984.0|4079.9502481404893|-3975.502481404895|-384.0|-384.0|-384.0|QROCK3|XA02TEX|1.0|1.0|0.0|0.0|5|gravel|-|SG002207|-|1066|2|1|2979|XA02TEX|-|1.0|1.0|0.0|0.0|0.0|QROCK3X8|-|1.0|1.0|137.404194584|-1152.0|-384.0|-384.0|179.0|179.0|384.0|384.0|384.0|384.0
UTNTSkyEdge_tntle_1461_0_terrain_1_0|1461|0|2|2979|296|3456.0|-3968.0|3328.0|-4064.0|3391.7|-4015.6|179.0|179.0|179.0|QROCK3|QROCK3X8|1.0|1.0|844.900506376|-1152.0|8|rock|-|SG002121|-|1066|1|0|296|QROCK3X8|-|1.0|1.0|0.0|0.0|0.0|QROCK3X8|-|1.0|1.0|844.900506376|-1152.0|-384.0|-384.0|179.0|179.0|384.0|384.0|384.0|384.0
UTNTSkyEdge_tntle_1461_0_terrain_1_1|1461|0|2|2979|296|3456.0|-3968.0|3328.0|-4064.0|3392.3|-4016.4|179.0|179.0|179.0|QROCK3|QROCK3X8|1.0|1.0|0.0|0.0|8|rock|-|SG002256|-|1187|1|1|296|QROCK3X8|-|1.0|1.0|0.0|0.0|0.0|QROCK3X8|-|1.0|1.0|844.900506376|-1152.0|-384.0|-384.0|179.0|179.0|384.0|384.0|384.0|384.0
UTNTSkyEdge_tntle_1463_0_terrain_1_0|1463|0|2|2979|296|3600.0|-4768.0|3792.0|-4736.0|3696.0821994936528|-4752.4931969619165|179.0|179.0|179.0|QROCK3|QROCK3X8|1.0|1.0|733.354350442|-1152.0|8|rock|-|SG002121|-|1066|1|0|296|QROCK3X8|-|1.0|1.0|0.0|0.0|0.0|QROCK3X8|-|1.0|1.0|733.354350442|-1152.0|-384.0|-384.0|179.0|179.0|384.0|384.0|384.0|384.0
UTNTSkyEdge_tntle_1463_0_terrain_1_1|1463|0|2|2979|296|3600.0|-4768.0|3792.0|-4736.0|3695.9178005063472|-4751.5068030380835|179.0|179.0|179.0|QROCK3|QROCK3X8|1.0|1.0|0.0|0.0|8|rock|-|SG002256|-|1187|1|1|296|QROCK3X8|-|1.0|1.0|0.0|0.0|0.0|QROCK3X8|-|1.0|1.0|733.354350442|-1152.0|-384.0|-384.0|179.0|179.0|384.0|384.0|384.0|384.0
UTNTSkyEdge_tntle_1464_0_terrain_1_0|1464|0|2|2979|296|4288.0|-4480.0|4352.0|-4352.0|4320.4472135955|-4416.22360679775|179.0|179.0|179.0|QROCK3|QROCK3X8|1.0|1.0|560.255677369|-1152.0|8|rock|-|SG002121|-|1066|1|0|296|QROCK3X8|-|1.0|1.0|0.0|0.0|0.0|QROCK3X8|-|1.0|1.0|560.255677369|-1152.0|-384.0|-384.0|179.0|179.0|384.0|384.0|384.0|384.0
UTNTSkyEdge_tntle_1464_0_terrain_1_1|1464|0|2|2979|296|4288.0|-4480.0|4352.0|-4352.0|4319.5527864045|-4415.77639320225|179.0|179.0|179.0|QROCK3|QROCK3X8|1.0|1.0|0.0|0.0|8|rock|-|SG002256|-|1187|1|1|296|QROCK3X8|-|1.0|1.0|0.0|0.0|0.0|QROCK3X8|-|1.0|1.0|560.255677369|-1152.0|-384.0|-384.0|179.0|179.0|384.0|384.0|384.0|384.0
UTNTSkyEdge_tntle_1464_0_terrain_2_1|1464|0|2|2979|2979|4288.0|-4480.0|4352.0|-4352.0|4320.4472135955|-4416.22360679775|-384.0|-384.0|-384.0|QROCK3|XA02TEX|1.0|1.0|0.0|0.0|5|gravel|-|SG002207|-|1066|2|1|2979|XA02TEX|-|1.0|1.0|0.0|0.0|0.0|QROCK3X8|-|1.0|1.0|560.255677369|-1152.0|-384.0|-384.0|179.0|179.0|384.0|384.0|384.0|384.0
UTNTSkyEdge_tntle_1467_0_terrain_1_0|1467|0|2|2177|298|3248.0|-4240.0|3248.0|-4256.0|3247.5|-4248.0|64.0|64.0|64.0|QROCK3|QROCK3X8|1.0|1.0|112.0|-1280.0|8|rock|-|SG002137|-|1082|1|0|298|QROCK3X8|-|1.0|1.0|0.0|0.0|0.0|QROCK3X8|-|1.0|1.0|112.0|-1280.0|-384.0|-384.0|64.0|64.0|384.0|384.0|384.0|384.0
UTNTSkyEdge_tntle_1467_0_terrain_1_1|1467|0|2|2177|298|3248.0|-4240.0|3248.0|-4256.0|3248.5|-4248.0|64.0|64.0|64.0|QROCK3|QROCK3X8|1.0|1.0|0.0|0.0|8|rock|-|SG002257|-|1188|1|1|298|QROCK3X8|-|1.0|1.0|0.0|0.0|0.0|QROCK3X8|-|1.0|1.0|112.0|-1280.0|-384.0|-384.0|64.0|64.0|384.0|384.0|384.0|384.0
UTNTSkyEdge_tntle_1470_1_terrain_1_0|1470|1|2|297|296|3312.0|-4376.0|3280.0|-4368.0|3296.121267812518|-4371.514928749927|179.0|179.0|179.0|QROCK3|QROCK3X8|1.0|1.0|98.0|77.0|8|rock|-|SG002258|-|1189|1|0|296|QROCK3X8|-|1.0|1.0|0.0|0.0|0.0|QROCK3X8|-|1.0|1.0|98.0|77.0|84.0|84.0|179.0|179.0|384.0|384.0|384.0|384.0
UTNTSkyEdge_tntle_1470_1_terrain_1_1|1470|1|2|297|296|3312.0|-4376.0|3280.0|-4368.0|3295.878732187482|-4372.485071250073|179.0|179.0|179.0|QROCK3|QROCK3X8|1.0|1.0|0.0|0.0|8|rock|-|SG002256|-|1187|1|1|296|QROCK3X8|-|1.0|1.0|0.0|0.0|0.0|QROCK3X8|-|1.0|1.0|98.0|77.0|84.0|84.0|179.0|179.0|384.0|384.0|384.0|384.0
UTNTSkyEdge_tntle_1471_1_terrain_1_0|1471|1|2|298|296|3264.0|-4240.0|3280.0|-4248.0|3271.77639320225|-4244.4472135955|179.0|179.0|179.0|QROCK3|QROCK3X8|1.0|1.0|35.0|77.0|8|rock|-|SG002259|-|1188|1|0|296|QROCK3X8|-|1.0|1.0|0.0|0.0|0.0|QROCK3X8|-|1.0|1.0|35.0|77.0|64.0|64.0|179.0|179.0|384.0|384.0|384.0|384.0
UTNTSkyEdge_tntle_1471_1_terrain_1_1|1471|1|2|298|296|3264.0|-4240.0|3280.0|-4248.0|3272.22360679775|-4243.5527864045|179.0|179.0|179.0|QROCK3|QROCK3X8|1.0|1.0|0.0|0.0|8|rock|-|SG002256|-|1187|1|1|296|QROCK3X8|-|1.0|1.0|0.0|0.0|0.0|QROCK3X8|-|1.0|1.0|35.0|77.0|64.0|64.0|179.0|179.0|384.0|384.0|384.0|384.0
UTNTSkyEdge_tntle_1472_1_terrain_1_0|1472|1|2|300|296|3344.0|-4368.0|3312.0|-4376.0|3327.878732187482|-4371.514928749927|179.0|179.0|179.0|QROCK3|QROCK3X8|1.0|1.0|65.0|77.0|8|rock|-|SG002260|-|1190|1|0|296|QROCK3X8|-|1.0|1.0|0.0|0.0|0.0|QROCK3X8|-|1.0|1.0|65.0|77.0|104.0|104.0|179.0|179.0|384.0|384.0|384.0|384.0
UTNTSkyEdge_tntle_1472_1_terrain_1_1|1472|1|2|300|296|3344.0|-4368.0|3312.0|-4376.0|3328.121267812518|-4372.485071250073|179.0|179.0|179.0|QROCK3|QROCK3X8|1.0|1.0|0.0|0.0|8|rock|-|SG002256|-|1187|1|1|296|QROCK3X8|-|1.0|1.0|0.0|0.0|0.0|QROCK3X8|-|1.0|1.0|65.0|77.0|104.0|104.0|179.0|179.0|384.0|384.0|384.0|384.0
UTNTSkyEdge_tntle_1473_1_terrain_1_0|1473|1|2|297|296|3280.0|-4248.0|3312.0|-4240.0|3296.121267812518|-4244.485071250073|179.0|179.0|179.0|QROCK3|QROCK3X8|1.0|1.0|53.0|77.0|8|rock|-|SG002258|-|1189|1|0|296|QROCK3X8|-|1.0|1.0|0.0|0.0|0.0|QROCK3X8|-|1.0|1.0|53.0|77.0|84.0|84.0|179.0|179.0|384.0|384.0|384.0|384.0
UTNTSkyEdge_tntle_1473_1_terrain_1_1|1473|1|2|297|296|3280.0|-4248.0|3312.0|-4240.0|3295.878732187482|-4243.514928749927|179.0|179.0|179.0|QROCK3|QROCK3X8|1.0|1.0|0.0|0.0|8|rock|-|SG002256|-|1187|1|1|296|QROCK3X8|-|1.0|1.0|0.0|0.0|0.0|QROCK3X8|-|1.0|1.0|53.0|77.0|84.0|84.0|179.0|179.0|384.0|384.0|384.0|384.0
UTNTSkyEdge_tntle_1474_1_terrain_1_0|1474|1|2|301|296|3376.0|-4376.0|3344.0|-4368.0|3360.121267812518|-4371.514928749927|179.0|179.0|179.0|QROCK3|QROCK3X8|1.0|1.0|32.0|77.0|8|rock|-|SG002261|-|1191|1|0|296|QROCK3X8|-|1.0|1.0|0.0|0.0|0.0|QROCK3X8|-|1.0|1.0|32.0|77.0|124.0|124.0|179.0|179.0|384.0|384.0|384.0|384.0
UTNTSkyEdge_tntle_1474_1_terrain_1_1|1474|1|2|301|296|3376.0|-4376.0|3344.0|-4368.0|3359.878732187482|-4372.485071250073|179.0|179.0|179.0|QROCK3|QROCK3X8|1.0|1.0|0.0|0.0|8|rock|-|SG002256|-|1187|1|1|296|QROCK3X8|-|1.0|1.0|0.0|0.0|0.0|QROCK3X8|-|1.0|1.0|32.0|77.0|124.0|124.0|179.0|179.0|384.0|384.0|384.0|384.0
UTNTSkyEdge_tntle_1475_1_terrain_1_0|1475|1|2|300|296|3312.0|-4240.0|3344.0|-4248.0|3327.878732187482|-4244.485071250073|179.0|179.0|179.0|QROCK3|QROCK3X8|1.0|1.0|86.0|77.0|8|rock|-|SG002260|-|1190|1|0|296|QROCK3X8|-|1.0|1.0|0.0|0.0|0.0|QROCK3X8|-|1.0|1.0|86.0|77.0|104.0|104.0|179.0|179.0|384.0|384.0|384.0|384.0
UTNTSkyEdge_tntle_1475_1_terrain_1_1|1475|1|2|300|296|3312.0|-4240.0|3344.0|-4248.0|3328.121267812518|-4243.514928749927|179.0|179.0|179.0|QROCK3|QROCK3X8|1.0|1.0|0.0|0.0|8|rock|-|SG002256|-|1187|1|1|296|QROCK3X8|-|1.0|1.0|0.0|0.0|0.0|QROCK3X8|-|1.0|1.0|86.0|77.0|104.0|104.0|179.0|179.0|384.0|384.0|384.0|384.0
UTNTSkyEdge_tntle_1476_1_terrain_1_0|1476|1|2|302|296|3408.0|-4368.0|3376.0|-4376.0|3391.878732187482|-4371.514928749927|179.0|179.0|179.0|QROCK3|QROCK3X8|1.0|1.0|0.0|77.0|5.6000000000000005|rock|-|SG002262|-|1192|1|0|296|QROCK3X8|-|1.0|1.0|0.0|0.0|0.0|QROCK3X8|-|1.0|1.0|0.0|77.0|144.0|144.0|179.0|179.0|384.0|384.0|384.0|384.0
UTNTSkyEdge_tntle_1476_1_terrain_1_1|1476|1|2|302|296|3408.0|-4368.0|3376.0|-4376.0|3392.121267812518|-4372.485071250073|179.0|179.0|179.0|QROCK3|QROCK3X8|1.0|1.0|0.0|0.0|5.6000000000000005|rock|-|SG002256|-|1187|1|1|296|QROCK3X8|-|1.0|1.0|0.0|0.0|0.0|QROCK3X8|-|1.0|1.0|0.0|77.0|144.0|144.0|179.0|179.0|384.0|384.0|384.0|384.0
UTNTSkyEdge_tntle_1477_1_terrain_1_0|1477|1|2|301|296|3344.0|-4248.0|3376.0|-4240.0|3360.121267812518|-4244.485071250073|179.0|179.0|179.0|QROCK3|QROCK3X8|1.0|1.0|119.0|77.0|8|rock|-|SG002261|-|1191|1|0|296|QROCK3X8|-|1.0|1.0|0.0|0.0|0.0|QROCK3X8|-|1.0|1.0|119.0|77.0|124.0|124.0|179.0|179.0|384.0|384.0|384.0|384.0
UTNTSkyEdge_tntle_1477_1_terrain_1_1|1477|1|2|301|296|3344.0|-4248.0|3376.0|-4240.0|3359.878732187482|-4243.514928749927|179.0|179.0|179.0|QROCK3|QROCK3X8|1.0|1.0|0.0|0.0|8|rock|-|SG002256|-|1187|1|1|296|QROCK3X8|-|1.0|1.0|0.0|0.0|0.0|QROCK3X8|-|1.0|1.0|119.0|77.0|124.0|124.0|179.0|179.0|384.0|384.0|384.0|384.0
UTNTSkyEdge_tntle_1478_1_terrain_1_0|1478|1|2|302|296|3376.0|-4240.0|3408.0|-4240.0|3392.0|-4240.5|179.0|179.0|179.0|QROCK3|QROCK3X8|1.0|1.0|32.0|77.0|5.6000000000000005|rock|-|SG002262|-|1192|1|0|296|QROCK3X8|-|1.0|1.0|0.0|0.0|0.0|QROCK3X8|-|1.0|1.0|32.0|77.0|144.0|144.0|179.0|179.0|384.0|384.0|384.0|384.0
UTNTSkyEdge_tntle_1478_1_terrain_1_1|1478|1|2|302|296|3376.0|-4240.0|3408.0|-4240.0|3392.0|-4239.5|179.0|179.0|179.0|QROCK3|QROCK3X8|1.0|1.0|0.0|0.0|5.6000000000000005|rock|-|SG002256|-|1187|1|1|296|QROCK3X8|-|1.0|1.0|0.0|0.0|0.0|QROCK3X8|-|1.0|1.0|32.0|77.0|144.0|144.0|179.0|179.0|384.0|384.0|384.0|384.0
UTNTSkyEdge_tntle_1480_1_terrain_1_0|1480|1|2|298|297|3280.0|-4248.0|3280.0|-4368.0|3279.5|-4308.0|84.0|84.0|84.0|QROCK3|QROCK3X8|1.0|1.0|0.0|-1280.0|3.2|rock|-|SG002259|-|1188|1|0|297|QROCK3X8|-|1.0|1.0|0.0|0.0|0.0|QROCK3X8|-|1.0|1.0|0.0|-1280.0|64.0|64.0|84.0|84.0|384.0|384.0|384.0|384.0
UTNTSkyEdge_tntle_1480_1_terrain_1_1|1480|1|2|298|297|3280.0|-4248.0|3280.0|-4368.0|3280.5|-4308.0|84.0|84.0|84.0|QROCK3|QROCK3X8|1.0|1.0|0.0|0.0|3.2|rock|-|SG002263|-|1189|1|1|297|QROCK3X8|-|1.0|1.0|0.0|0.0|0.0|QROCK3X8|-|1.0|1.0|0.0|-1280.0|64.0|64.0|84.0|84.0|384.0|384.0|384.0|384.0
UTNTSkyEdge_tntle_1481_0_terrain_1_0|1481|0|2|297|300|3312.0|-4240.0|3312.0|-4376.0|3311.5|-4308.0|104.0|104.0|104.0|QROCK3|QROCK3X8|1.0|1.0|96.0|-1280.0|3.2|rock|-|SG002258|-|1189|1|0|300|QROCK3X8|-|1.0|1.0|0.0|0.0|0.0|QROCK3X8|-|1.0|1.0|96.0|-1280.0|84.0|84.0|104.0|104.0|384.0|384.0|384.0|384.0
UTNTSkyEdge_tntle_1481_0_terrain_1_1|1481|0|2|297|300|3312.0|-4240.0|3312.0|-4376.0|3312.5|-4308.0|104.0|104.0|104.0|QROCK3|QROCK3X8|1.0|1.0|0.0|0.0|3.2|rock|-|SG002264|-|1190|1|1|300|QROCK3X8|-|1.0|1.0|0.0|0.0|0.0|QROCK3X8|-|1.0|1.0|96.0|-1280.0|84.0|84.0|104.0|104.0|384.0|384.0|384.0|384.0
UTNTSkyEdge_tntle_1482_1_terrain_1_0|1482|1|2|300|301|3344.0|-4248.0|3344.0|-4368.0|3343.5|-4308.0|124.0|124.0|124.0|QROCK3|QROCK3X8|1.0|1.0|64.0|-1280.0|3.2|rock|-|SG002260|-|1190|1|0|301|QROCK3X8|-|1.0|1.0|0.0|0.0|0.0|QROCK3X8|-|1.0|1.0|64.0|-1280.0|104.0|104.0|124.0|124.0|384.0|384.0|384.0|384.0
UTNTSkyEdge_tntle_1482_1_terrain_1_1|1482|1|2|300|301|3344.0|-4248.0|3344.0|-4368.0|3344.5|-4308.0|124.0|124.0|124.0|QROCK3|QROCK3X8|1.0|1.0|0.0|0.0|3.2|rock|-|SG002265|-|1191|1|1|301|QROCK3X8|-|1.0|1.0|0.0|0.0|0.0|QROCK3X8|-|1.0|1.0|64.0|-1280.0|104.0|104.0|124.0|124.0|384.0|384.0|384.0|384.0
UTNTSkyEdge_tntle_1483_1_terrain_1_0|1483|1|2|301|302|3376.0|-4240.0|3376.0|-4376.0|3375.5|-4308.0|144.0|144.0|144.0|QROCK3|QROCK3X8|1.0|1.0|24.0|-1152.0|3.2|rock|-|SG002261|-|1191|1|0|302|QROCK3X8|-|1.0|1.0|0.0|0.0|0.0|QROCK3X8|-|1.0|1.0|24.0|-1152.0|124.0|124.0|144.0|144.0|384.0|384.0|384.0|384.0
UTNTSkyEdge_tntle_1483_1_terrain_1_1|1483|1|2|301|302|3376.0|-4240.0|3376.0|-4376.0|3376.5|-4308.0|144.0|144.0|144.0|QROCK3|QROCK3X8|1.0|1.0|0.0|0.0|3.2|rock|-|SG002266|-|1192|1|1|302|QROCK3X8|-|1.0|1.0|0.0|0.0|0.0|QROCK3X8|-|1.0|1.0|24.0|-1152.0|124.0|124.0|144.0|144.0|384.0|384.0|384.0|384.0
UTNTSkyEdge_tntle_1484_1_terrain_1_0|1484|1|2|302|299|3408.0|-4240.0|3408.0|-4368.0|3407.5|-4304.0|164.0|164.0|164.0|QROCK3|QROCK3X8|1.0|1.0|0.0|-1152.0|3.2|rock|-|SG002262|-|1192|1|0|299|QROCK3X8|-|1.0|1.0|0.0|0.0|0.0|QROCK3X8|-|1.0|1.0|0.0|-1152.0|144.0|144.0|164.0|164.0|384.0|384.0|384.0|384.0
UTNTSkyEdge_tntle_1484_1_terrain_1_1|1484|1|2|302|299|3408.0|-4240.0|3408.0|-4368.0|3408.5|-4304.0|164.0|164.0|164.0|QROCK3|QROCK3X8|1.0|1.0|0.0|0.0|3.2|rock|-|SG002267|-|1193|1|1|299|QROCK3X8|-|1.0|1.0|0.0|0.0|0.0|QROCK3X8|-|1.0|1.0|0.0|-1152.0|144.0|144.0|164.0|164.0|384.0|384.0|384.0|384.0
UTNTSkyEdge_tntle_1493_1_terrain_1_0|1493|1|2|298|296|3280.0|-4368.0|3264.0|-4368.0|3272.0|-4367.5|179.0|179.0|179.0|QROCK3|QROCK3X8|1.0|1.0|3.0|77.0|8|rock|-|SG002259|-|1188|1|0|296|QROCK3X8|-|1.0|1.0|0.0|0.0|0.0|QROCK3X8|-|1.0|1.0|3.0|77.0|64.0|64.0|179.0|179.0|384.0|384.0|384.0|384.0
UTNTSkyEdge_tntle_1493_1_terrain_1_1|1493|1|2|298|296|3280.0|-4368.0|3264.0|-4368.0|3272.0|-4368.5|179.0|179.0|179.0|QROCK3|QROCK3X8|1.0|1.0|0.0|0.0|8|rock|-|SG002256|-|1187|1|1|296|QROCK3X8|-|1.0|1.0|0.0|0.0|0.0|QROCK3X8|-|1.0|1.0|3.0|77.0|64.0|64.0|179.0|179.0|384.0|384.0|384.0|384.0
UTNTSkyEdge_tntle_1494_0_terrain_1_0|1494|0|2|2979|296|3248.0|-4384.0|3344.0|-4496.0|3295.6203716988175|-4440.325395686728|179.0|179.0|179.0|QROCK3|QROCK3X8|1.0|1.0|108.0|-1152.0|8|rock|-|SG002121|-|1066|1|0|296|QROCK3X8|-|1.0|1.0|0.0|0.0|0.0|QROCK3X8|-|1.0|1.0|108.0|-1152.0|-384.0|-384.0|179.0|179.0|384.0|384.0|384.0|384.0
UTNTSkyEdge_tntle_1494_0_terrain_1_1|1494|0|2|2979|296|3248.0|-4384.0|3344.0|-4496.0|3296.3796283011825|-4439.674604313272|179.0|179.0|179.0|QROCK3|QROCK3X8|1.0|1.0|0.0|0.0|8|rock|-|SG002256|-|1187|1|1|296|QROCK3X8|-|1.0|1.0|0.0|0.0|0.0|QROCK3X8|-|1.0|1.0|108.0|-1152.0|-384.0|-384.0|179.0|179.0|384.0|384.0|384.0|384.0
UTNTSkyEdge_tntle_1494_0_terrain_2_1|1494|0|2|2979|2979|3248.0|-4384.0|3344.0|-4496.0|3295.6203716988175|-4440.325395686728|-384.0|-384.0|-384.0|QROCK3|XA02TEX|1.0|1.0|0.0|0.0|5|gravel|-|SG002207|-|1066|2|1|2979|XA02TEX|-|1.0|1.0|0.0|0.0|0.0|QROCK3X8|-|1.0|1.0|108.0|-1152.0|-384.0|-384.0|179.0|179.0|384.0|384.0|384.0|384.0
UTNTSkyEdge_tntle_1799_0_terrain_1_0|1799|0|2|2979|296|3792.0|-4736.0|4000.0|-4768.0|3895.923971407873|-4752.4941858488255|179.0|179.0|179.0|QROCK3|QROCK3X8|1.0|1.0|928.002751411|-1152.0|8|rock|-|SG002121|-|1066|1|0|296|QROCK3X8|-|1.0|1.0|0.0|0.0|0.0|QROCK3X8|-|1.0|1.0|928.002751411|-1152.0|-384.0|-384.0|179.0|179.0|384.0|384.0|384.0|384.0
UTNTSkyEdge_tntle_1799_0_terrain_1_1|1799|0|2|2979|296|3792.0|-4736.0|4000.0|-4768.0|3896.076028592127|-4751.5058141511745|179.0|179.0|179.0|QROCK3|QROCK3X8|1.0|1.0|0.0|0.0|8|rock|-|SG002256|-|1187|1|1|296|QROCK3X8|-|1.0|1.0|0.0|0.0|0.0|QROCK3X8|-|1.0|1.0|928.002751411|-1152.0|-384.0|-384.0|179.0|179.0|384.0|384.0|384.0|384.0
UTNTSkyEdge_tntle_1799_0_terrain_2_1|1799|0|2|2979|2979|3792.0|-4736.0|4000.0|-4768.0|3895.923971407873|-4752.4941858488255|-384.0|-384.0|-384.0|QROCK3|XA02TEX|1.0|1.0|0.0|0.0|5|gravel|-|SG002207|-|1066|2|1|2979|XA02TEX|-|1.0|1.0|0.0|0.0|0.0|QROCK3X8|-|1.0|1.0|928.002751411|-1152.0|-384.0|-384.0|179.0|179.0|384.0|384.0|384.0|384.0
UTNTSkyEdge_tntle_1820_0_terrain_1_0|1820|0|2|74|331|4608.0|-1408.0|4608.0|-896.0|4608.5|-1152.0|-608.0|-608.0|-608.0|QROCK3X8|QROCK3X8|1.0|1.0|93.829661663|-1920.0|8|rock|-|SG002268|-|1194|1|0|331|XA02TEX|-|1.0|1.0|0.0|0.0|0.0|QROCK3X8|-|1.0|1.0|93.829661663|-1920.0|-1919.0|-1919.0|-608.0|-608.0|384.0|384.0|384.0|384.0
UTNTSkyEdge_tntle_1820_0_terrain_1_1|1820|0|2|74|331|4608.0|-1408.0|4608.0|-896.0|4607.5|-1152.0|-608.0|-608.0|-608.0|QROCK3X8|XA02TEX|1.0|1.0|0.0|0.0|8|gravel|-|SG002269|-|1195|1|1|331|XA02TEX|-|1.0|1.0|0.0|0.0|0.0|QROCK3X8|-|1.0|1.0|93.829661663|-1920.0|-1919.0|-1919.0|-608.0|-608.0|384.0|384.0|384.0|384.0
UTNTSkyEdge_tntle_1821_0_terrain_1_0|1821|0|2|74|331|4608.0|-896.0|4096.0|-128.0|4352.4160251471685|-511.7226499018874|-608.0|-608.0|-608.0|QROCK3X8|QROCK3X8|1.0|1.0|605.829661663|-1920.0|8|rock|-|SG002268|-|1194|1|0|331|XA02TEX|-|1.0|1.0|0.0|0.0|0.0|QROCK3X8|-|1.0|1.0|605.829661663|-1920.0|-1919.0|-1919.0|-608.0|-608.0|384.0|384.0|384.0|384.0
UTNTSkyEdge_tntle_1821_0_terrain_1_1|1821|0|2|74|331|4608.0|-896.0|4096.0|-128.0|4351.5839748528315|-512.2773500981126|-608.0|-608.0|-608.0|QROCK3X8|XA02TEX|1.0|1.0|0.0|0.0|8|gravel|-|SG002269|-|1195|1|1|331|XA02TEX|-|1.0|1.0|0.0|0.0|0.0|QROCK3X8|-|1.0|1.0|605.829661663|-1920.0|-1919.0|-1919.0|-608.0|-608.0|384.0|384.0|384.0|384.0
UTNTSkyEdge_tntle_1822_0_terrain_1_0|1822|0|2|74|331|4096.0|-128.0|3072.0|128.0|3584.121267812518|0.48507125007266594|-608.0|-608.0|-608.0|QROCK3X8|QROCK3X8|1.0|1.0|504.850788182|-1920.0|8|rock|-|SG002268|-|1194|1|0|331|XA02TEX|-|1.0|1.0|0.0|0.0|0.0|QROCK3X8|-|1.0|1.0|504.850788182|-1920.0|-1919.0|-1919.0|-608.0|-608.0|384.0|384.0|384.0|384.0
UTNTSkyEdge_tntle_1822_0_terrain_1_1|1822|0|2|74|331|4096.0|-128.0|3072.0|128.0|3583.878732187482|-0.48507125007266594|-608.0|-608.0|-608.0|QROCK3X8|XA02TEX|1.0|1.0|0.0|0.0|8|gravel|-|SG002269|-|1195|1|1|331|XA02TEX|-|1.0|1.0|0.0|0.0|0.0|QROCK3X8|-|1.0|1.0|504.850788182|-1920.0|-1919.0|-1919.0|-608.0|-608.0|384.0|384.0|384.0|384.0
UTNTSkyEdge_tntle_1823_0_terrain_1_0|1823|0|2|74|331|3072.0|128.0|2432.0|-128.0|2751.814304661823|0.4642383454426297|-608.0|-608.0|-608.0|QROCK3X8|QROCK3X8|1.0|1.0|536.36582834|-1920.0|8|rock|-|SG002268|-|1194|1|0|331|XA02TEX|-|1.0|1.0|0.0|0.0|0.0|QROCK3X8|-|1.0|1.0|536.36582834|-1920.0|-1919.0|-1919.0|-608.0|-608.0|384.0|384.0|384.0|384.0
UTNTSkyEdge_tntle_1823_0_terrain_1_1|1823|0|2|74|331|3072.0|128.0|2432.0|-128.0|2752.185695338177|-0.4642383454426297|-608.0|-608.0|-608.0|QROCK3X8|XA02TEX|1.0|1.0|0.0|0.0|8|gravel|-|SG002269|-|1195|1|1|331|XA02TEX|-|1.0|1.0|0.0|0.0|0.0|QROCK3X8|-|1.0|1.0|536.36582834|-1920.0|-1919.0|-1919.0|-608.0|-608.0|384.0|384.0|384.0|384.0
UTNTSkyEdge_tntle_1824_0_terrain_1_0|1824|0|2|74|331|2432.0|-128.0|2048.0|-896.0|2239.5527864045002|-511.77639320225|-608.0|-608.0|-608.0|QROCK3X8|QROCK3X8|1.0|1.0|201.666923653|-1920.0|8|rock|-|SG002268|-|1194|1|0|331|XA02TEX|-|1.0|1.0|0.0|0.0|0.0|QROCK3X8|-|1.0|1.0|201.666923653|-1920.0|-1919.0|-1919.0|-608.0|-608.0|384.0|384.0|384.0|384.0
UTNTSkyEdge_tntle_1824_0_terrain_1_1|1824|0|2|74|331|2432.0|-128.0|2048.0|-896.0|2240.4472135954998|-512.22360679775|-608.0|-608.0|-608.0|QROCK3X8|XA02TEX|1.0|1.0|0.0|0.0|8|gravel|-|SG002269|-|1195|1|1|331|XA02TEX|-|1.0|1.0|0.0|0.0|0.0|QROCK3X8|-|1.0|1.0|201.666923653|-1920.0|-1919.0|-1919.0|-608.0|-608.0|384.0|384.0|384.0|384.0
UTNTSkyEdge_tntle_1826_0_terrain_1_0|1826|0|2|74|331|3584.0|-1664.0|4608.0|-1408.0|4096.121267812518|-1536.4850712500727|-608.0|-608.0|-608.0|QROCK3X8|QROCK3X8|1.0|1.0|769.689656469|-1920.0|8|rock|-|SG002268|-|1194|1|0|331|XA02TEX|-|1.0|1.0|0.0|0.0|0.0|QROCK3X8|-|1.0|1.0|769.689656469|-1920.0|-1919.0|-1919.0|-608.0|-608.0|384.0|384.0|384.0|384.0
UTNTSkyEdge_tntle_1826_0_terrain_1_1|1826|0|2|74|331|3584.0|-1664.0|4608.0|-1408.0|4095.878732187482|-1535.5149287499273|-608.0|-608.0|-608.0|QROCK3X8|XA02TEX|1.0|1.0|0.0|0.0|8|gravel|-|SG002269|-|1195|1|1|331|XA02TEX|-|1.0|1.0|0.0|0.0|0.0|QROCK3X8|-|1.0|1.0|769.689656469|-1920.0|-1919.0|-1919.0|-608.0|-608.0|384.0|384.0|384.0|384.0
UTNTSkyEdge_tntle_1847_1_terrain_1_0|1847|1|2|340|331|4544.0|-896.0|4544.0|-1344.0|4543.5|-1120.0|-608.0|-608.0|-608.0|QROCK3|QROCK3X8|1.0|1.0|920.627690877|-1920.0|5.12|rock|-|SG002270|-|1196|1|0|331|XA02TEX|-|1.0|1.0|0.0|0.0|0.0|QROCK3X8|-|1.0|1.0|920.627690877|-1920.0|-640.0|-640.0|-608.0|-608.0|384.0|384.0|384.0|384.0
UTNTSkyEdge_tntle_1847_1_terrain_1_1|1847|1|2|340|331|4544.0|-896.0|4544.0|-1344.0|4544.5|-1120.0|-608.0|-608.0|-608.0|QROCK3|XA02TEX|1.0|1.0|0.0|0.0|5.12|gravel|-|SG002269|-|1195|1|1|331|XA02TEX|-|1.0|1.0|0.0|0.0|0.0|QROCK3X8|-|1.0|1.0|920.627690877|-1920.0|-640.0|-640.0|-608.0|-608.0|384.0|384.0|384.0|384.0
UTNTSkyEdge_tntle_1848_1_terrain_1_0|1848|1|2|340|331|4096.0|-192.0|4544.0|-896.0|4319.578169256134|-544.2684377460965|-608.0|-608.0|-608.0|QROCK3|QROCK3X8|1.0|1.0|86.169783011|-1920.0|5.12|rock|-|SG002270|-|1196|1|0|331|XA02TEX|-|1.0|1.0|0.0|0.0|0.0|QROCK3X8|-|1.0|1.0|86.169783011|-1920.0|-640.0|-640.0|-608.0|-608.0|384.0|384.0|384.0|384.0
UTNTSkyEdge_tntle_1848_1_terrain_1_1|1848|1|2|340|331|4096.0|-192.0|4544.0|-896.0|4320.421830743866|-543.7315622539035|-608.0|-608.0|-608.0|QROCK3|XA02TEX|1.0|1.0|0.0|0.0|5.12|gravel|-|SG002269|-|1195|1|1|331|XA02TEX|-|1.0|1.0|0.0|0.0|0.0|QROCK3X8|-|1.0|1.0|86.169783011|-1920.0|-640.0|-640.0|-608.0|-608.0|384.0|384.0|384.0|384.0
UTNTSkyEdge_tntle_1849_1_terrain_1_0|1849|1|2|340|331|3072.0|64.0|4096.0|-192.0|3583.878732187482|-64.48507125007266|-608.0|-608.0|-608.0|QROCK3|QROCK3X8|1.0|1.0|54.654742853|-1920.0|5.12|rock|-|SG002270|-|1196|1|0|331|XA02TEX|-|1.0|1.0|0.0|0.0|0.0|QROCK3X8|-|1.0|1.0|54.654742853|-1920.0|-640.0|-640.0|-608.0|-608.0|384.0|384.0|384.0|384.0
UTNTSkyEdge_tntle_1849_1_terrain_1_1|1849|1|2|340|331|3072.0|64.0|4096.0|-192.0|3584.121267812518|-63.514928749927336|-608.0|-608.0|-608.0|QROCK3|XA02TEX|1.0|1.0|0.0|0.0|5.12|gravel|-|SG002269|-|1195|1|1|331|XA02TEX|-|1.0|1.0|0.0|0.0|0.0|QROCK3X8|-|1.0|1.0|54.654742853|-1920.0|-640.0|-640.0|-608.0|-608.0|384.0|384.0|384.0|384.0
UTNTSkyEdge_tntle_1850_1_terrain_1_0|1850|1|2|340|331|2496.0|-192.0|3072.0|64.0|2784.203069233027|-64.45690577431013|-608.0|-608.0|-608.0|QROCK3|QROCK3X8|1.0|1.0|448.327843538|-1920.0|5.12|rock|-|SG002270|-|1196|1|0|331|XA02TEX|-|1.0|1.0|0.0|0.0|0.0|QROCK3X8|-|1.0|1.0|448.327843538|-1920.0|-640.0|-640.0|-608.0|-608.0|384.0|384.0|384.0|384.0
UTNTSkyEdge_tntle_1850_1_terrain_1_1|1850|1|2|340|331|2496.0|-192.0|3072.0|64.0|2783.796930766973|-63.54309422568987|-608.0|-608.0|-608.0|QROCK3|XA02TEX|1.0|1.0|0.0|0.0|5.12|gravel|-|SG002269|-|1195|1|1|331|XA02TEX|-|1.0|1.0|0.0|0.0|0.0|QROCK3X8|-|1.0|1.0|448.327843538|-1920.0|-640.0|-640.0|-608.0|-608.0|384.0|384.0|384.0|384.0
UTNTSkyEdge_tntle_1851_1_terrain_1_0|1851|1|2|340|331|2112.0|-896.0|2496.0|-192.0|2304.438947786457|-544.2394260653402|-608.0|-608.0|-608.0|QROCK3|QROCK3X8|1.0|1.0|670.410142025|-1920.0|5.12|rock|-|SG002270|-|1196|1|0|331|XA02TEX|-|1.0|1.0|0.0|0.0|0.0|QROCK3X8|-|1.0|1.0|670.410142025|-1920.0|-640.0|-640.0|-608.0|-608.0|384.0|384.0|384.0|384.0
UTNTSkyEdge_tntle_1851_1_terrain_1_1|1851|1|2|340|331|2112.0|-896.0|2496.0|-192.0|2303.561052213543|-543.7605739346598|-608.0|-608.0|-608.0|QROCK3|XA02TEX|1.0|1.0|0.0|0.0|5.12|gravel|-|SG002269|-|1195|1|1|331|XA02TEX|-|1.0|1.0|0.0|0.0|0.0|QROCK3X8|-|1.0|1.0|670.410142025|-1920.0|-640.0|-640.0|-608.0|-608.0|384.0|384.0|384.0|384.0
UTNTSkyEdge_tntle_1852_1_terrain_1_0|1852|1|2|340|331|2432.0|-1216.0|2112.0|-896.0|2272.3535533905933|-1055.6464466094067|-608.0|-608.0|-608.0|QROCK3|QROCK3X8|1.0|1.0|217.861802065|-1920.0|5.12|rock|-|SG002270|-|1196|1|0|331|XA02TEX|-|1.0|1.0|0.0|0.0|0.0|QROCK3X8|-|1.0|1.0|217.861802065|-1920.0|-640.0|-640.0|-608.0|-608.0|384.0|384.0|384.0|384.0
UTNTSkyEdge_tntle_1852_1_terrain_1_1|1852|1|2|340|331|2432.0|-1216.0|2112.0|-896.0|2271.6464466094067|-1056.3535533905933|-608.0|-608.0|-608.0|QROCK3|XA02TEX|1.0|1.0|0.0|0.0|5.12|gravel|-|SG002269|-|1195|1|1|331|XA02TEX|-|1.0|1.0|0.0|0.0|0.0|QROCK3X8|-|1.0|1.0|217.861802065|-1920.0|-640.0|-640.0|-608.0|-608.0|384.0|384.0|384.0|384.0
UTNTSkyEdge_tntle_1853_1_terrain_1_0|1853|1|2|340|331|3584.0|-1600.0|2432.0|-1216.0|3008.1581138830084|-1407.5256583509747|-608.0|-608.0|-608.0|QROCK3|QROCK3X8|1.0|1.0|27.547180561|-1920.0|5.12|rock|-|SG002270|-|1196|1|0|331|XA02TEX|-|1.0|1.0|0.0|0.0|0.0|QROCK3X8|-|1.0|1.0|27.547180561|-1920.0|-640.0|-640.0|-608.0|-608.0|384.0|384.0|384.0|384.0
UTNTSkyEdge_tntle_1853_1_terrain_1_1|1853|1|2|340|331|3584.0|-1600.0|2432.0|-1216.0|3007.8418861169916|-1408.4743416490253|-608.0|-608.0|-608.0|QROCK3|XA02TEX|1.0|1.0|0.0|0.0|5.12|gravel|-|SG002269|-|1195|1|1|331|XA02TEX|-|1.0|1.0|0.0|0.0|0.0|QROCK3X8|-|1.0|1.0|27.547180561|-1920.0|-640.0|-640.0|-608.0|-608.0|384.0|384.0|384.0|384.0
UTNTSkyEdge_tntle_1854_1_terrain_1_0|1854|1|2|340|331|4544.0|-1344.0|3584.0|-1600.0|4063.8711686747197|-1471.5168825301994|-608.0|-608.0|-608.0|QROCK3|QROCK3X8|1.0|1.0|58.0|-1920.0|5.12|rock|-|SG002270|-|1196|1|0|331|XA02TEX|-|1.0|1.0|0.0|0.0|0.0|QROCK3X8|-|1.0|1.0|58.0|-1920.0|-640.0|-640.0|-608.0|-608.0|384.0|384.0|384.0|384.0
UTNTSkyEdge_tntle_1854_1_terrain_1_1|1854|1|2|340|331|4544.0|-1344.0|3584.0|-1600.0|4064.1288313252803|-1472.4831174698006|-608.0|-608.0|-608.0|QROCK3|XA02TEX|1.0|1.0|0.0|0.0|5.12|gravel|-|SG002269|-|1195|1|1|331|XA02TEX|-|1.0|1.0|0.0|0.0|0.0|QROCK3X8|-|1.0|1.0|58.0|-1920.0|-640.0|-640.0|-608.0|-608.0|384.0|384.0|384.0|384.0
UTNTSkyEdge_tntle_1855_0_terrain_1_0|1855|0|2|340|355|3050.0|-438.0|3012.0|-348.0|3031.4606247807055|-392.8055139814798|-572.0|-568.0|-576.0|QROCK3|QROCK3X8|1.0|1.0|195.386795869|-1920.0|8|rock|-|SG002270|-|1196|1|0|355|XA02TEX|-|1.0|1.0|0.0|0.0|0.0|QROCK3X8|-|1.0|1.0|195.386795869|-1920.0|-640.0|-640.0|-568.0|-576.0|384.0|384.0|384.0|384.0
UTNTSkyEdge_tntle_1855_0_terrain_1_1|1855|0|2|340|355|3050.0|-438.0|3012.0|-348.0|3030.5393752192945|-393.1944860185202|-572.0|-568.0|-576.0|QROCK3|XA02TEX|1.0|1.0|0.0|0.0|8|gravel|-|SG002271|-|1197|1|1|355|XA02TEX|-|1.0|1.0|0.0|0.0|0.0|QROCK3X8|-|1.0|1.0|195.386795869|-1920.0|-640.0|-640.0|-568.0|-576.0|384.0|384.0|384.0|384.0
UTNTSkyEdge_tntle_1855_0_terrain_2_1|1855|0|2|340|340|3050.0|-438.0|3012.0|-348.0|3031.4606247807055|-392.8055139814798|-640.0|-640.0|-640.0|QROCK3|XA02TEX|1.0|1.0|0.0|0.0|5|gravel|-|SG002272|-|1196|2|1|340|XA02TEX|-|1.0|1.0|0.0|0.0|0.0|QROCK3X8|-|1.0|1.0|195.386795869|-1920.0|-640.0|-640.0|-568.0|-576.0|384.0|384.0|384.0|384.0
UTNTSkyEdge_tntle_1858_0_terrain_1_0|1858|0|2|340|356|2794.0|-438.0|2832.0|-528.0|2812.5393752192945|-483.1944860185202|-560.0|-544.0|-576.0|QROCK3|QROCK3X8|1.0|1.0|586.160387607|-1920.0|8|rock|-|SG002270|-|1196|1|0|356|XA02TEX|-|1.0|1.0|0.0|0.0|0.0|QROCK3X8|-|1.0|1.0|586.160387607|-1920.0|-640.0|-640.0|-544.0|-576.0|384.0|384.0|384.0|384.0
UTNTSkyEdge_tntle_1858_0_terrain_1_1|1858|0|2|340|356|2794.0|-438.0|2832.0|-528.0|2813.4606247807055|-482.8055139814798|-560.0|-544.0|-576.0|QROCK3|XA02TEX|1.0|1.0|0.0|0.0|8|gravel|-|SG002273|-|1198|1|1|356|XA02TEX|-|1.0|1.0|0.0|0.0|0.0|QROCK3X8|-|1.0|1.0|586.160387607|-1920.0|-640.0|-640.0|-544.0|-576.0|384.0|384.0|384.0|384.0
UTNTSkyEdge_tntle_1858_0_terrain_2_1|1858|0|2|340|340|2794.0|-438.0|2832.0|-528.0|2812.5393752192945|-483.1944860185202|-640.0|-640.0|-640.0|QROCK3|XA02TEX|1.0|1.0|0.0|0.0|5|gravel|-|SG002272|-|1196|2|1|340|XA02TEX|-|1.0|1.0|0.0|0.0|0.0|QROCK3X8|-|1.0|1.0|586.160387607|-1920.0|-640.0|-640.0|-544.0|-576.0|384.0|384.0|384.0|384.0
UTNTSkyEdge_tntle_1861_0_terrain_1_0|1861|0|2|340|2980|2922.0|-566.0|3012.0|-528.0|2967.1944860185204|-547.4606247807056|-592.0|-576.0|-608.0|QROCK3|QROCK3X8|1.0|1.0|0.0|-1920.0|5.12|rock|-|SG002270|-|1196|1|0|2980|XA02TEX|-|1.0|1.0|0.0|0.0|0.0|QROCK3X8|-|1.0|1.0|0.0|-1920.0|-640.0|-640.0|-576.0|-608.0|384.0|384.0|384.0|384.0
UTNTSkyEdge_tntle_1861_0_terrain_1_1|1861|0|2|340|2980|2922.0|-566.0|3012.0|-528.0|2966.8055139814796|-546.5393752192944|-592.0|-576.0|-608.0|QROCK3|XA02TEX|1.0|1.0|0.0|0.0|5.12|gravel|-|SG002274|-|1199|1|1|2980|XA02TEX|-|1.0|1.0|0.0|0.0|0.0|QROCK3X8|-|1.0|1.0|0.0|-1920.0|-640.0|-640.0|-576.0|-608.0|384.0|384.0|384.0|384.0
UTNTSkyEdge_tntle_1865_0_terrain_1_0|1865|0|2|340|2981|2922.0|-310.0|2832.0|-348.0|2876.8055139814796|-328.5393752192943|-584.0|-560.0|-608.0|QROCK3|QROCK3X8|1.0|1.0|390.773591738|-1920.0|5.12|rock|-|SG002270|-|1196|1|0|2981|XA02TEX|-|1.0|1.0|0.0|0.0|0.0|QROCK3X8|-|1.0|1.0|390.773591738|-1920.0|-640.0|-640.0|-560.0|-608.0|384.0|384.0|384.0|384.0
UTNTSkyEdge_tntle_1865_0_terrain_1_1|1865|0|2|340|2981|2922.0|-310.0|2832.0|-348.0|2877.1944860185204|-329.4606247807057|-584.0|-560.0|-608.0|QROCK3|XA02TEX|1.0|1.0|0.0|0.0|5.12|gravel|-|SG002275|-|1200|1|1|2981|XA02TEX|-|1.0|1.0|0.0|0.0|0.0|QROCK3X8|-|1.0|1.0|390.773591738|-1920.0|-640.0|-640.0|-560.0|-608.0|384.0|384.0|384.0|384.0
UTNTSkyEdge_tntle_1873_0_terrain_1_0|1873|0|2|340|111|3012.0|-528.0|3050.0|-438.0|3031.4606247807055|-483.1944860185202|-588.0|-608.0|-568.0|QROCK3|QROCK3X8|1.0|1.0|97.693397935|-1920.0|5.12|rock|-|SG002270|-|1196|1|0|111|XA02TEX|-|1.0|1.0|0.0|0.0|0.0|QROCK3X8|-|1.0|1.0|97.693397935|-1920.0|-640.0|-640.0|-608.0|-568.0|384.0|384.0|384.0|384.0
UTNTSkyEdge_tntle_1873_0_terrain_1_1|1873|0|2|340|111|3012.0|-528.0|3050.0|-438.0|3030.5393752192945|-482.8055139814798|-588.0|-608.0|-568.0|QROCK3|XA02TEX|1.0|1.0|0.0|0.0|5.12|gravel|-|SG002276|-|1201|1|1|111|XA02TEX|-|1.0|1.0|0.0|0.0|0.0|QROCK3X8|-|1.0|1.0|97.693397935|-1920.0|-640.0|-640.0|-608.0|-568.0|384.0|384.0|384.0|384.0
UTNTSkyEdge_tntle_1874_0_terrain_1_0|1874|0|2|340|112|2832.0|-348.0|2794.0|-438.0|2812.5393752192945|-392.8055139814798|-576.0|-608.0|-544.0|QROCK3|QROCK3X8|1.0|1.0|488.466989673|-1920.0|5.12|rock|-|SG002270|-|1196|1|0|112|XA02TEX|-|1.0|1.0|0.0|0.0|0.0|QROCK3X8|-|1.0|1.0|488.466989673|-1920.0|-640.0|-640.0|-608.0|-544.0|384.0|384.0|384.0|384.0
UTNTSkyEdge_tntle_1874_0_terrain_1_1|1874|0|2|340|112|2832.0|-348.0|2794.0|-438.0|2813.4606247807055|-393.1944860185202|-576.0|-608.0|-544.0|QROCK3|XA02TEX|1.0|1.0|0.0|0.0|5.12|gravel|-|SG002277|-|1202|1|1|112|XA02TEX|-|1.0|1.0|0.0|0.0|0.0|QROCK3X8|-|1.0|1.0|488.466989673|-1920.0|-640.0|-640.0|-608.0|-544.0|384.0|384.0|384.0|384.0
UTNTSkyEdge_tntle_1875_0_terrain_1_0|1875|0|2|340|113|3012.0|-348.0|2922.0|-310.0|2967.1944860185204|-328.5393752192943|-568.0|-576.0|-560.0|QROCK3|QROCK3X8|1.0|1.0|293.080193804|-1920.0|8|rock|-|SG002270|-|1196|1|0|113|XA02TEX|-|1.0|1.0|0.0|0.0|0.0|QROCK3X8|-|1.0|1.0|293.080193804|-1920.0|-640.0|-640.0|-576.0|-560.0|384.0|384.0|384.0|384.0
UTNTSkyEdge_tntle_1875_0_terrain_1_1|1875|0|2|340|113|3012.0|-348.0|2922.0|-310.0|2966.8055139814796|-329.4606247807057|-568.0|-576.0|-560.0|QROCK3|XA02TEX|1.0|1.0|0.0|0.0|8|gravel|-|SG002278|-|1203|1|1|113|XA02TEX|-|1.0|1.0|0.0|0.0|0.0|QROCK3X8|-|1.0|1.0|293.080193804|-1920.0|-640.0|-640.0|-576.0|-560.0|384.0|384.0|384.0|384.0
UTNTSkyEdge_tntle_1876_0_terrain_1_0|1876|0|2|340|114|2832.0|-528.0|2922.0|-566.0|2876.8055139814796|-547.4606247807056|-576.0|-576.0|-576.0|QROCK3|QROCK3X8|1.0|1.0|683.853785542|-1920.0|8|rock|-|SG002270|-|1196|1|0|114|XA02TEX|-|1.0|1.0|0.0|0.0|0.0|QROCK3X8|-|1.0|1.0|683.853785542|-1920.0|-640.0|-640.0|-576.0|-576.0|384.0|384.0|384.0|384.0
UTNTSkyEdge_tntle_1876_0_terrain_1_1|1876|0|2|340|114|2832.0|-528.0|2922.0|-566.0|2877.1944860185204|-546.5393752192944|-576.0|-576.0|-576.0|QROCK3|XA02TEX|1.0|1.0|0.0|0.0|8|gravel|-|SG002279|-|1204|1|1|114|XA02TEX|-|1.0|1.0|0.0|0.0|0.0|QROCK3X8|-|1.0|1.0|683.853785542|-1920.0|-640.0|-640.0|-576.0|-576.0|384.0|384.0|384.0|384.0
UTNTSkyEdge_tntle_1907_0_terrain_2_1|1907|0|1|2979|2979|1920.0|-1328.0|1728.0|-1216.0|1824.251935512762|-1271.5681105495507|-384.0|-384.0|-384.0|QROCK3|XA02TEX|1.0|1.0|0.0|0.0|5|gravel|-|SG002207|-|1066|2|1|2979|XA02TEX|-|1.0|1.0|0.0|0.0|0.0|QROCK3X8|-|1.0|1.0|43.0|0.0|-384.0|-384.0|0|0|384.0|384.0|0|0
UTNTSkyEdge_tntle_1920_0_terrain_1_0|1920|0|2|74|331|2432.0|-1280.0|3584.0|-1664.0|3007.8418861169916|-1472.4743416490253|-608.0|-608.0|-608.0|QROCK3X8|QROCK3X8|1.0|1.0|579.375034964|-1920.0|8|rock|-|SG002268|-|1194|1|0|331|XA02TEX|-|1.0|1.0|0.0|0.0|0.0|QROCK3X8|-|1.0|1.0|579.375034964|-1920.0|-1919.0|-1919.0|-608.0|-608.0|384.0|384.0|384.0|384.0
UTNTSkyEdge_tntle_1920_0_terrain_1_1|1920|0|2|74|331|2432.0|-1280.0|3584.0|-1664.0|3008.1581138830084|-1471.5256583509747|-608.0|-608.0|-608.0|QROCK3X8|XA02TEX|1.0|1.0|0.0|0.0|8|gravel|-|SG002269|-|1195|1|1|331|XA02TEX|-|1.0|1.0|0.0|0.0|0.0|QROCK3X8|-|1.0|1.0|579.375034964|-1920.0|-1919.0|-1919.0|-608.0|-608.0|384.0|384.0|384.0|384.0
UTNTSkyEdge_tntle_1946_0_terrain_2_1|1946|0|2|2979|2979|-2240.0|-2944.0|-2192.0|-2848.0|-2215.5527864045002|-2896.22360679775|-384.0|-384.0|-384.0|QROCK3|XA02TEX|1.0|1.0|0.0|0.0|5|gravel|-|SG002207|-|1066|2|1|2979|XA02TEX|-|1.0|1.0|0.0|0.0|0.0|QROCK3X8|-|1.0|1.0|156.55417528|256.0|-384.0|-384.0|128.0|128.0|384.0|384.0|256.0|256.0
UTNTSkyEdge_tntle_2098_0_terrain_1_0|2098|0|2|2979|383|-1858.0|-3318.0|-1896.0|-3228.0|-1876.5393752192942|-3272.8055139814796|-48.0|-32.0|-64.0|QROCK3|QROCK3X8|1.0|1.0|285.386795869|-1408.0|8|rock|-|SG002121|-|1066|1|0|383|QROCK3X8|-|1.0|1.0|0.0|0.0|0.0|QROCK3X8|-|1.0|1.0|285.386795869|-1408.0|-384.0|-384.0|-32.0|-64.0|384.0|384.0|384.0|384.0
UTNTSkyEdge_tntle_2098_0_terrain_1_1|2098|0|2|2979|383|-1858.0|-3318.0|-1896.0|-3228.0|-1877.4606247807058|-3273.1944860185204|-48.0|-32.0|-64.0|QROCK3|QROCK3X8|1.0|1.0|0.0|0.0|8|rock|-|SG002280|-|1205|1|1|383|QROCK3X8|-|1.0|1.0|0.0|0.0|0.0|QROCK3X8|-|1.0|1.0|285.386795869|-1408.0|-384.0|-384.0|-32.0|-64.0|384.0|384.0|384.0|384.0
UTNTSkyEdge_tntle_2098_0_terrain_2_1|2098|0|2|2979|2979|-1858.0|-3318.0|-1896.0|-3228.0|-1876.5393752192942|-3272.8055139814796|-384.0|-384.0|-384.0|QROCK3|XA02TEX|1.0|1.0|0.0|0.0|5|gravel|-|SG002207|-|1066|2|1|2979|XA02TEX|-|1.0|1.0|0.0|0.0|0.0|QROCK3X8|-|1.0|1.0|285.386795869|-1408.0|-384.0|-384.0|-32.0|-64.0|384.0|384.0|384.0|384.0
UTNTSkyEdge_tntle_2099_0_terrain_1_0|2099|0|2|2979|384|-1896.0|-3228.0|-1986.0|-3190.0|-1940.8055139814799|-3208.5393752192945|-80.0|-64.0|-96.0|QROCK3|QROCK3X8|1.0|1.0|0.0|-1408.0|8|rock|-|SG002121|-|1066|1|0|384|XA02TEX|-|1.0|1.0|0.0|0.0|0.0|QROCK3X8|-|1.0|1.0|0.0|-1408.0|-384.0|-384.0|-64.0|-96.0|384.0|384.0|384.0|384.0
UTNTSkyEdge_tntle_2099_0_terrain_1_1|2099|0|2|2979|384|-1896.0|-3228.0|-1986.0|-3190.0|-1941.1944860185201|-3209.4606247807055|-80.0|-64.0|-96.0|QROCK3|XA02TEX|1.0|1.0|0.0|0.0|8|gravel|-|SG002281|-|1206|1|1|384|XA02TEX|-|1.0|1.0|0.0|0.0|0.0|QROCK3X8|-|1.0|1.0|0.0|-1408.0|-384.0|-384.0|-64.0|-96.0|384.0|384.0|384.0|384.0
UTNTSkyEdge_tntle_2099_0_terrain_2_1|2099|0|2|2979|2979|-1896.0|-3228.0|-1986.0|-3190.0|-1940.8055139814799|-3208.5393752192945|-384.0|-384.0|-384.0|QROCK3|XA02TEX|1.0|1.0|0.0|0.0|5|gravel|-|SG002207|-|1066|2|1|2979|XA02TEX|-|1.0|1.0|0.0|0.0|0.0|QROCK3X8|-|1.0|1.0|0.0|-1408.0|-384.0|-384.0|-64.0|-96.0|384.0|384.0|384.0|384.0
UTNTSkyEdge_tntle_2100_0_terrain_1_0|2100|0|2|2979|385|-1986.0|-3190.0|-2076.0|-3228.0|-2031.1944860185201|-3208.5393752192945|-88.22222222222223|-80.44444444444444|-96.0|QROCK3|QROCK3X8|1.0|1.0|82.0|-1408.0|8|rock|-|SG002121|-|1066|1|0|385|QROCK3X8|-|1.0|1.0|0.0|0.0|0.0|QROCK3X8|-|1.0|1.0|82.0|-1408.0|-384.0|-384.0|-80.44444444444444|-96.0|384.0|384.0|384.0|384.0
UTNTSkyEdge_tntle_2100_0_terrain_1_1|2100|0|2|2979|385|-1986.0|-3190.0|-2076.0|-3228.0|-2030.8055139814799|-3209.4606247807055|-88.22222222222223|-80.44444444444444|-96.0|QROCK3|QROCK3X8|1.0|1.0|0.0|0.0|8|rock|-|SG002282|-|1207|1|1|385|QROCK3X8|-|1.0|1.0|0.0|0.0|0.0|QROCK3X8|-|1.0|1.0|82.0|-1408.0|-384.0|-384.0|-80.44444444444444|-96.0|384.0|384.0|384.0|384.0
UTNTSkyEdge_tntle_2101_0_terrain_1_0|2101|0|2|2979|386|-2076.0|-3228.0|-2114.0|-3318.0|-2095.4606247807055|-3272.8055139814796|-64.0|-96.0|-32.0|QROCK3|QROCK3X8|1.0|1.0|179.693397935|-1408.0|8|rock|-|SG002121|-|1066|1|0|386|QROCK3X8|-|1.0|1.0|0.0|0.0|0.0|QROCK3X8|-|1.0|1.0|179.693397935|-1408.0|-384.0|-384.0|-96.0|-32.0|384.0|384.0|384.0|384.0
UTNTSkyEdge_tntle_2101_0_terrain_1_1|2101|0|2|2979|386|-2076.0|-3228.0|-2114.0|-3318.0|-2094.5393752192945|-3273.1944860185204|-64.0|-96.0|-32.0|QROCK3|QROCK3X8|1.0|1.0|0.0|0.0|8|rock|-|SG002283|-|1208|1|1|386|QROCK3X8|-|1.0|1.0|0.0|0.0|0.0|QROCK3X8|-|1.0|1.0|179.693397935|-1408.0|-384.0|-384.0|-96.0|-32.0|384.0|384.0|384.0|384.0
UTNTSkyEdge_tntle_2102_0_terrain_1_0|2102|0|2|2979|387|-2114.0|-3318.0|-2076.0|-3408.0|-2095.4606247807055|-3363.1944860185204|-48.0|-32.0|-64.0|QROCK3|QROCK3X8|1.0|1.0|277.386795869|-1408.0|8|rock|-|SG002121|-|1066|1|0|387|XA02TEX|-|1.0|1.0|0.0|0.0|0.0|QROCK3X8|-|1.0|1.0|277.386795869|-1408.0|-384.0|-384.0|-32.0|-64.0|384.0|384.0|384.0|384.0
UTNTSkyEdge_tntle_2102_0_terrain_1_1|2102|0|2|2979|387|-2114.0|-3318.0|-2076.0|-3408.0|-2094.5393752192945|-3362.8055139814796|-48.0|-32.0|-64.0|QROCK3|XA02TEX|1.0|1.0|0.0|0.0|8|gravel|-|SG002284|-|1209|1|1|387|XA02TEX|-|1.0|1.0|0.0|0.0|0.0|QROCK3X8|-|1.0|1.0|277.386795869|-1408.0|-384.0|-384.0|-32.0|-64.0|384.0|384.0|384.0|384.0
UTNTSkyEdge_tntle_2103_0_terrain_1_0|2103|0|2|2979|388|-2076.0|-3408.0|-1986.0|-3446.0|-2031.1944860185201|-3427.4606247807055|-80.0|-64.0|-96.0|QROCK3|QROCK3X8|1.0|1.0|120.0|-1408.0|8|rock|-|SG002121|-|1066|1|0|388|QROCK3X8|-|1.0|1.0|0.0|0.0|0.0|QROCK3X8|-|1.0|1.0|120.0|-1408.0|-384.0|-384.0|-64.0|-96.0|384.0|384.0|384.0|384.0
UTNTSkyEdge_tntle_2103_0_terrain_1_1|2103|0|2|2979|388|-2076.0|-3408.0|-1986.0|-3446.0|-2030.8055139814799|-3426.5393752192945|-80.0|-64.0|-96.0|QROCK3|QROCK3X8|1.0|1.0|0.0|0.0|8|rock|-|SG002285|-|1210|1|1|388|QROCK3X8|-|1.0|1.0|0.0|0.0|0.0|QROCK3X8|-|1.0|1.0|120.0|-1408.0|-384.0|-384.0|-64.0|-96.0|384.0|384.0|384.0|384.0
UTNTSkyEdge_tntle_2103_0_terrain_2_1|2103|0|2|2979|2979|-2076.0|-3408.0|-1986.0|-3446.0|-2031.1944860185201|-3427.4606247807055|-384.0|-384.0|-384.0|QROCK3|XA02TEX|1.0|1.0|0.0|0.0|5|gravel|-|SG002207|-|1066|2|1|2979|XA02TEX|-|1.0|1.0|0.0|0.0|0.0|QROCK3X8|-|1.0|1.0|120.0|-1408.0|-384.0|-384.0|-64.0|-96.0|384.0|384.0|384.0|384.0
UTNTSkyEdge_tntle_2104_0_terrain_1_0|2104|0|2|2979|389|-1986.0|-3446.0|-1896.0|-3408.0|-1940.8055139814799|-3427.4606247807055|-93.26775956284153|-90.53551912568307|-96.0|QROCK3|QROCK3X8|1.0|1.0|90.0|-1408.0|8|rock|-|SG002121|-|1066|1|0|389|QROCK3X8|-|1.0|1.0|0.0|0.0|0.0|QROCK3X8|-|1.0|1.0|90.0|-1408.0|-384.0|-384.0|-90.53551912568307|-96.0|384.0|384.0|384.0|384.0
UTNTSkyEdge_tntle_2104_0_terrain_1_1|2104|0|2|2979|389|-1986.0|-3446.0|-1896.0|-3408.0|-1941.1944860185201|-3426.5393752192945|-93.26775956284153|-90.53551912568307|-96.0|QROCK3|QROCK3X8|1.0|1.0|0.0|0.0|8|rock|-|SG002286|-|1211|1|1|389|QROCK3X8|-|1.0|1.0|0.0|0.0|0.0|QROCK3X8|-|1.0|1.0|90.0|-1408.0|-384.0|-384.0|-90.53551912568307|-96.0|384.0|384.0|384.0|384.0
UTNTSkyEdge_tntle_2104_0_terrain_2_1|2104|0|2|2979|2979|-1986.0|-3446.0|-1896.0|-3408.0|-1940.8055139814799|-3427.4606247807055|-384.0|-384.0|-384.0|QROCK3|XA02TEX|1.0|1.0|0.0|0.0|5|gravel|-|SG002207|-|1066|2|1|2979|XA02TEX|-|1.0|1.0|0.0|0.0|0.0|QROCK3X8|-|1.0|1.0|90.0|-1408.0|-384.0|-384.0|-90.53551912568307|-96.0|384.0|384.0|384.0|384.0
UTNTSkyEdge_tntle_2105_0_terrain_1_0|2105|0|2|2979|390|-1896.0|-3408.0|-1858.0|-3318.0|-1876.5393752192942|-3363.1944860185204|-64.0|-96.0|-32.0|QROCK3|QROCK3X8|1.0|1.0|187.693397935|-1408.0|8|rock|-|SG002121|-|1066|1|0|390|QROCK3X8|-|1.0|1.0|0.0|0.0|0.0|QROCK3X8|-|1.0|1.0|187.693397935|-1408.0|-384.0|-384.0|-96.0|-32.0|384.0|384.0|384.0|384.0
UTNTSkyEdge_tntle_2105_0_terrain_1_1|2105|0|2|2979|390|-1896.0|-3408.0|-1858.0|-3318.0|-1877.4606247807058|-3362.8055139814796|-64.0|-96.0|-32.0|QROCK3|QROCK3X8|1.0|1.0|0.0|0.0|8|rock|-|SG002287|-|1212|1|1|390|QROCK3X8|-|1.0|1.0|0.0|0.0|0.0|QROCK3X8|-|1.0|1.0|187.693397935|-1408.0|-384.0|-384.0|-96.0|-32.0|384.0|384.0|384.0|384.0
UTNTSkyEdge_tntle_2105_0_terrain_2_1|2105|0|2|2979|2979|-1896.0|-3408.0|-1858.0|-3318.0|-1876.5393752192942|-3363.1944860185204|-384.0|-384.0|-384.0|QROCK3|XA02TEX|1.0|1.0|0.0|0.0|5|gravel|-|SG002207|-|1066|2|1|2979|XA02TEX|-|1.0|1.0|0.0|0.0|0.0|QROCK3X8|-|1.0|1.0|187.693397935|-1408.0|-384.0|-384.0|-96.0|-32.0|384.0|384.0|384.0|384.0
UTNTSkyEdge_tntle_2428_0_terrain_2_1|2428|0|2|2979|2979|3056.0|528.0|2288.0|16.0|2671.7226499018875|272.4160251471689|-384.0|-384.0|-384.0|QROCK1|XA02TEX|1.0|1.0|0.0|0.0|5|gravel|-|SG002207|-|1066|2|1|2979|XA02TEX|-|1.0|1.0|0.0|0.0|0.0|QROCK1X8|-|1.0|1.0|0.0|127.0|-384.0|-384.0|-127.0|-127.0|384.0|384.0|384.0|384.0
UTNTSkyEdge_tntle_2429_0_terrain_2_1|2429|0|2|2979|2979|2288.0|16.0|1776.0|-960.0|2031.5572263873312|-471.7677253179442|-384.0|-384.0|-384.0|QROCK1|XA02TEX|1.0|1.0|0.0|0.0|5|gravel|-|SG002207|-|1066|2|1|2979|XA02TEX|-|1.0|1.0|0.0|0.0|0.0|QROCK1X8|-|1.0|1.0|923.021126519|127.0|-384.0|-384.0|-127.0|-127.0|384.0|384.0|384.0|384.0
UTNTSkyEdge_tntle_2431_0_terrain_2_1|2431|0|2|2979|2979|2352.0|-1552.0|3648.0|-1936.0|2999.8579558351544|-1744.4793990563542|-384.0|-384.0|-384.0|QROCK1|XA02TEX|1.0|1.0|0.0|0.0|5|gravel|-|SG002207|-|1066|2|1|2979|XA02TEX|-|1.0|1.0|0.0|0.0|0.0|QROCK1X8|-|1.0|1.0|803.142700819|127.0|-384.0|-384.0|-127.0|-127.0|384.0|384.0|384.0|384.0
UTNTSkyEdge_tntle_2432_0_terrain_2_1|2432|0|2|2979|2979|3648.0|-1936.0|4528.0|-1744.0|4088.1065835376085|-1840.488507880705|-384.0|-384.0|-384.0|QROCK1|XA02TEX|1.0|1.0|0.0|0.0|5|gravel|-|SG002207|-|1066|2|1|2979|XA02TEX|-|1.0|1.0|0.0|0.0|0.0|QROCK1X8|-|1.0|1.0|106.83497349|127.0|-384.0|-384.0|-127.0|-127.0|384.0|384.0|384.0|384.0
UTNTSkyEdge_tntle_2433_0_terrain_2_1|2433|0|1|2979|2979|5024.0|-1488.0|5632.0|-1792.0|5327.77639320225|-1640.4472135955|-384.0|-384.0|-384.0|QROCK3|XA02TEX|1.0|1.0|0.0|0.0|5|gravel|-|SG002207|-|1066|2|1|2979|XA02TEX|-|1.0|1.0|0.0|0.0|0.0|QROCK3X8|-|1.0|1.0|512.584374233|0.0|-384.0|-384.0|0|0|384.0|384.0|0|0
UTNTSkyEdge_tntle_2505_0_terrain_2_1|2505|0|1|2979|2979|-416.0|-2048.0|-432.0|-2144.0|-424.49319696191606|-2095.9178005063472|-384.0|-384.0|-384.0|QROCK3|XA02TEX|1.0|1.0|0.0|0.0|5|gravel|-|SG002207|-|1066|2|1|2979|XA02TEX|-|1.0|1.0|0.0|0.0|0.0|QROCK3X8|-|1.0|1.0|6.0|0.0|-384.0|-384.0|0|0|384.0|384.0|0|0
UTNTSkyEdge_tntle_2615_0_terrain_2_1|2615|0|1|2979|2979|-432.0|-2144.0|-416.0|-2240.0|-424.49319696191606|-2192.0821994936528|-384.0|-384.0|-384.0|QROCK3|XA02TEX|1.0|1.0|0.0|0.0|5|gravel|-|SG002207|-|1066|2|1|2979|XA02TEX|-|1.0|1.0|0.0|0.0|0.0|QROCK3X8|-|1.0|1.0|103.324200485|0.0|-384.0|-384.0|0|0|384.0|384.0|0|0
UTNTSkyEdge_tntle_2681_0_terrain_1_0|2681|0|2|138|498|416.0|-3936.0|432.0|-3912.0|424.4160251471689|-3924.2773500981125|16.0|16.0|16.0|QROCK3|QROCK3X8|1.0|1.0|403.660199308|368.0|2.56|rock|-|SG002126|-|1071|1|0|498|QROCK3X8|-|1.0|1.0|0.0|0.0|0.0|QROCK3X8|-|1.0|1.0|403.660199308|368.0|0.0|0.0|16.0|16.0|384.0|384.0|384.0|384.0
UTNTSkyEdge_tntle_2681_0_terrain_1_1|2681|0|2|138|498|416.0|-3936.0|432.0|-3912.0|423.5839748528311|-3923.7226499018875|16.0|16.0|16.0|QROCK3|QROCK3X8|1.0|1.0|0.0|0.0|2.56|rock|-|SG002288|-|1156|1|1|498|QROCK3X8|-|1.0|1.0|0.0|0.0|0.0|QROCK3X8|-|1.0|1.0|403.660199308|368.0|0.0|0.0|16.0|16.0|384.0|384.0|384.0|384.0
UTNTSkyEdge_tntle_2682_0_terrain_1_0|2682|0|2|138|498|376.0|-3944.0|416.0|-3936.0|396.09805806756907|-3940.4902903378456|16.0|16.0|16.0|QROCK3|QROCK3X8|1.0|1.0|362.8680432|368.0|2.56|rock|-|SG002126|-|1071|1|0|498|QROCK3X8|-|1.0|1.0|0.0|0.0|0.0|QROCK3X8|-|1.0|1.0|362.8680432|368.0|0.0|0.0|16.0|16.0|384.0|384.0|384.0|384.0
UTNTSkyEdge_tntle_2682_0_terrain_1_1|2682|0|2|138|498|376.0|-3944.0|416.0|-3936.0|395.90194193243093|-3939.5097096621544|16.0|16.0|16.0|QROCK3|QROCK3X8|1.0|1.0|0.0|0.0|2.56|rock|-|SG002288|-|1156|1|1|498|QROCK3X8|-|1.0|1.0|0.0|0.0|0.0|QROCK3X8|-|1.0|1.0|362.8680432|368.0|0.0|0.0|16.0|16.0|384.0|384.0|384.0|384.0
UTNTSkyEdge_tntle_2683_0_terrain_1_0|2683|0|2|138|498|344.0|-3920.0|376.0|-3944.0|359.7|-3932.4|16.0|16.0|16.0|QROCK3|QROCK3X8|1.0|1.0|322.8680432|368.0|2.56|rock|-|SG002126|-|1071|1|0|498|QROCK3X8|-|1.0|1.0|0.0|0.0|0.0|QROCK3X8|-|1.0|1.0|322.8680432|368.0|0.0|0.0|16.0|16.0|384.0|384.0|384.0|384.0
UTNTSkyEdge_tntle_2683_0_terrain_1_1|2683|0|2|138|498|344.0|-3920.0|376.0|-3944.0|360.3|-3931.6|16.0|16.0|16.0|QROCK3|QROCK3X8|1.0|1.0|0.0|0.0|2.56|rock|-|SG002288|-|1156|1|1|498|QROCK3X8|-|1.0|1.0|0.0|0.0|0.0|QROCK3X8|-|1.0|1.0|322.8680432|368.0|0.0|0.0|16.0|16.0|384.0|384.0|384.0|384.0
UTNTSkyEdge_tntle_2684_0_terrain_1_0|2684|0|2|138|498|336.0|-3888.0|344.0|-3920.0|339.5149287499273|-3904.121267812518|16.0|16.0|16.0|QROCK3|QROCK3X8|1.0|1.0|289.883198195|368.0|2.56|rock|-|SG002126|-|1071|1|0|498|QROCK3X8|-|1.0|1.0|0.0|0.0|0.0|QROCK3X8|-|1.0|1.0|289.883198195|368.0|0.0|0.0|16.0|16.0|384.0|384.0|384.0|384.0
UTNTSkyEdge_tntle_2684_0_terrain_1_1|2684|0|2|138|498|336.0|-3888.0|344.0|-3920.0|340.4850712500727|-3903.878732187482|16.0|16.0|16.0|QROCK3|QROCK3X8|1.0|1.0|0.0|0.0|2.56|rock|-|SG002288|-|1156|1|1|498|QROCK3X8|-|1.0|1.0|0.0|0.0|0.0|QROCK3X8|-|1.0|1.0|289.883198195|368.0|0.0|0.0|16.0|16.0|384.0|384.0|384.0|384.0
UTNTSkyEdge_tntle_2685_0_terrain_1_0|2685|0|2|138|498|360.0|-3864.0|336.0|-3888.0|347.6464466094067|-3875.6464466094067|16.0|16.0|16.0|QROCK3|QROCK3X8|1.0|1.0|255.942072698|368.0|2.56|rock|-|SG002126|-|1071|1|0|498|QROCK3X8|-|1.0|1.0|0.0|0.0|0.0|QROCK3X8|-|1.0|1.0|255.942072698|368.0|0.0|0.0|16.0|16.0|384.0|384.0|384.0|384.0
UTNTSkyEdge_tntle_2685_0_terrain_1_1|2685|0|2|138|498|360.0|-3864.0|336.0|-3888.0|348.3535533905933|-3876.3535533905933|16.0|16.0|16.0|QROCK3|QROCK3X8|1.0|1.0|0.0|0.0|2.56|rock|-|SG002288|-|1156|1|1|498|QROCK3X8|-|1.0|1.0|0.0|0.0|0.0|QROCK3X8|-|1.0|1.0|255.942072698|368.0|0.0|0.0|16.0|16.0|384.0|384.0|384.0|384.0
UTNTSkyEdge_tntle_2686_0_terrain_1_0|2686|0|2|497|5|424.0|-3880.0|448.0|-3840.0|436.4287464628563|-3860.257247877714|44.0|44.0|44.0|QROCK3|QROCK3X8|1.0|1.0|8.0|-1280.0|5.76|rock|-|SG002289|-|1213|1|0|5|QROCK3X8|-|1.0|1.0|0.0|0.0|0.0|QROCK3X8|-|1.0|1.0|8.0|-1280.0|8.0|8.0|44.0|44.0|384.0|384.0|384.0|384.0
UTNTSkyEdge_tntle_2686_0_terrain_1_1|2686|0|2|497|5|424.0|-3880.0|448.0|-3840.0|435.5712535371437|-3859.742752122286|44.0|44.0|44.0|QROCK3|QROCK3X8|1.0|1.0|0.0|0.0|5.76|rock|-|SG002213|-|1155|1|1|5|QROCK3X8|-|1.0|1.0|0.0|0.0|0.0|QROCK3X8|-|1.0|1.0|8.0|-1280.0|8.0|8.0|44.0|44.0|384.0|384.0|384.0|384.0
UTNTSkyEdge_tntle_2687_0_terrain_1_0|2687|0|2|498|5|360.0|-3864.0|384.0|-3904.0|371.5712535371437|-3884.257247877714|44.0|44.0|44.0|QROCK3|QROCK3X8|1.0|1.0|182.214034008|-1280.0|4.48|rock|-|SG002214|-|1156|1|0|5|QROCK3X8|-|1.0|1.0|0.0|0.0|0.0|QROCK3X8|-|1.0|1.0|182.214034008|-1280.0|16.0|16.0|44.0|44.0|384.0|384.0|384.0|384.0
UTNTSkyEdge_tntle_2687_0_terrain_1_1|2687|0|2|498|5|360.0|-3864.0|384.0|-3904.0|372.4287464628563|-3883.742752122286|44.0|44.0|44.0|QROCK3|QROCK3X8|1.0|1.0|0.0|0.0|4.48|rock|-|SG002213|-|1155|1|1|5|QROCK3X8|-|1.0|1.0|0.0|0.0|0.0|QROCK3X8|-|1.0|1.0|182.214034008|-1280.0|16.0|16.0|44.0|44.0|384.0|384.0|384.0|384.0
UTNTSkyEdge_tntle_2691_0_terrain_1_0|2691|0|2|2107|1141|-536.0|-5936.0|-528.0|-5920.0|-531.5527864045|-5928.22360679775|144.0|144.0|144.0|QROCK3|QROCK3X8|1.0|1.0|159.293048458|112.0|8|rock|-|SG002290|-|1214|1|0|1141|QROCK3X8|-|1.0|1.0|0.0|0.0|0.0|QROCK3X8|-|1.0|1.0|159.293048458|112.0|0.0|0.0|144.0|144.0|384.0|384.0|384.0|384.0
UTNTSkyEdge_tntle_2691_0_terrain_1_1|2691|0|2|2107|1141|-536.0|-5936.0|-528.0|-5920.0|-532.4472135955|-5927.77639320225|144.0|144.0|144.0|QROCK3|QROCK3X8|1.0|1.0|0.0|0.0|8|rock|-|SG002291|-|1124|1|1|1141|QROCK3X8|-|1.0|1.0|0.0|0.0|0.0|QROCK3X8|-|1.0|1.0|159.293048458|112.0|0.0|0.0|144.0|144.0|384.0|384.0|384.0|384.0
UTNTSkyEdge_tntle_3560_0_terrain_2_1|3560|0|1|2979|2979|896.0|-1664.0|768.0|-1792.0|831.6464466094068|-1727.6464466094067|-384.0|-384.0|-384.0|QROCK3|XA02TEX|1.0|1.0|0.0|0.0|5|gravel|-|SG002207|-|1066|2|1|2979|XA02TEX|-|1.0|1.0|0.0|0.0|0.0|QROCK3X8|-|1.0|1.0|109.0|0.0|-384.0|-384.0|0|0|384.0|384.0|0|0
UTNTSkyEdge_tntle_3916_1_terrain_1_0|3916|1|2|2979|731|1568.0|-4112.0|1600.0|-4160.0|1583.583974852831|-4136.277350098113|-56.0|-56.0|-56.0|QROCK3|QROCK3X8|1.0|1.0|111.96969001|56.0|8|rock|-|SG002121|-|1066|1|0|731|QROCK3X8|-|1.0|1.0|0.0|0.0|0.0|QROCK3X8|-|1.0|1.0|111.96969001|56.0|-384.0|-384.0|-56.0|-56.0|384.0|384.0|384.0|384.0
UTNTSkyEdge_tntle_3916_1_terrain_1_1|3916|1|2|2979|731|1568.0|-4112.0|1600.0|-4160.0|1584.416025147169|-4135.722649901887|-56.0|-56.0|-56.0|QROCK3|QROCK3X8|1.0|1.0|0.0|0.0|8|rock|-|SG002217|-|1091|1|1|731|QROCK3X8|-|1.0|1.0|0.0|0.0|0.0|QROCK3X8|-|1.0|1.0|111.96969001|56.0|-384.0|-384.0|-56.0|-56.0|384.0|384.0|384.0|384.0
UTNTSkyEdge_tntle_3917_1_terrain_1_0|3917|1|2|2979|731|1584.0|-4048.0|1568.0|-4112.0|1575.5149287499273|-4079.878732187482|-56.0|-56.0|-56.0|QROCK3|QROCK3X8|1.0|1.0|46.0|56.0|8|rock|-|SG002121|-|1066|1|0|731|QROCK3X8|-|1.0|1.0|0.0|0.0|0.0|QROCK3X8|-|1.0|1.0|46.0|56.0|-384.0|-384.0|-56.0|-56.0|384.0|384.0|384.0|384.0
UTNTSkyEdge_tntle_3917_1_terrain_1_1|3917|1|2|2979|731|1584.0|-4048.0|1568.0|-4112.0|1576.4850712500727|-4080.121267812518|-56.0|-56.0|-56.0|QROCK3|QROCK3X8|1.0|1.0|0.0|0.0|8|rock|-|SG002217|-|1091|1|1|731|QROCK3X8|-|1.0|1.0|0.0|0.0|0.0|QROCK3X8|-|1.0|1.0|46.0|56.0|-384.0|-384.0|-56.0|-56.0|384.0|384.0|384.0|384.0
UTNTSkyEdge_tntle_3920_1_terrain_1_0|3920|1|2|2979|731|1664.0|-3920.0|1600.0|-3920.0|1632.0|-3919.5|-56.0|-56.0|-56.0|QROCK3|QROCK3X8|1.0|1.0|213.586096916|56.0|8|rock|-|SG002121|-|1066|1|0|731|QROCK3X8|-|1.0|1.0|0.0|0.0|0.0|QROCK3X8|-|1.0|1.0|213.586096916|56.0|-384.0|-384.0|-56.0|-56.0|384.0|384.0|384.0|384.0
UTNTSkyEdge_tntle_3920_1_terrain_1_1|3920|1|2|2979|731|1664.0|-3920.0|1600.0|-3920.0|1632.0|-3920.5|-56.0|-56.0|-56.0|QROCK3|QROCK3X8|1.0|1.0|0.0|0.0|8|rock|-|SG002217|-|1091|1|1|731|QROCK3X8|-|1.0|1.0|0.0|0.0|0.0|QROCK3X8|-|1.0|1.0|213.586096916|56.0|-384.0|-384.0|-56.0|-56.0|384.0|384.0|384.0|384.0
UTNTSkyEdge_tntle_3921_1_terrain_1_0|3921|1|2|2979|731|1696.0|-3904.0|1664.0|-3920.0|1679.7763932022501|-3911.5527864045002|-56.0|-56.0|-56.0|QROCK3|QROCK3X8|1.0|1.0|177.809009276|56.0|8|rock|-|SG002121|-|1066|1|0|731|QROCK3X8|-|1.0|1.0|0.0|0.0|0.0|QROCK3X8|-|1.0|1.0|177.809009276|56.0|-384.0|-384.0|-56.0|-56.0|384.0|384.0|384.0|384.0
UTNTSkyEdge_tntle_3921_1_terrain_1_1|3921|1|2|2979|731|1696.0|-3904.0|1664.0|-3920.0|1680.2236067977499|-3912.4472135954998|-56.0|-56.0|-56.0|QROCK3|QROCK3X8|1.0|1.0|0.0|0.0|8|rock|-|SG002217|-|1091|1|1|731|QROCK3X8|-|1.0|1.0|0.0|0.0|0.0|QROCK3X8|-|1.0|1.0|177.809009276|56.0|-384.0|-384.0|-56.0|-56.0|384.0|384.0|384.0|384.0
UTNTSkyEdge_tntle_3922_1_terrain_1_0|3922|1|2|2979|731|1728.0|-3936.0|1696.0|-3904.0|1712.3535533905933|-3919.6464466094067|-56.0|-56.0|-56.0|QROCK3|QROCK3X8|1.0|1.0|132.55417528|56.0|8|rock|-|SG002121|-|1066|1|0|731|QROCK3X8|-|1.0|1.0|0.0|0.0|0.0|QROCK3X8|-|1.0|1.0|132.55417528|56.0|-384.0|-384.0|-56.0|-56.0|384.0|384.0|384.0|384.0
UTNTSkyEdge_tntle_3922_1_terrain_1_1|3922|1|2|2979|731|1728.0|-3936.0|1696.0|-3904.0|1711.6464466094067|-3920.3535533905933|-56.0|-56.0|-56.0|QROCK3|QROCK3X8|1.0|1.0|0.0|0.0|8|rock|-|SG002217|-|1091|1|1|731|QROCK3X8|-|1.0|1.0|0.0|0.0|0.0|QROCK3X8|-|1.0|1.0|132.55417528|56.0|-384.0|-384.0|-56.0|-56.0|384.0|384.0|384.0|384.0
UTNTSkyEdge_tntle_3923_1_terrain_1_0|3923|1|2|2979|731|1792.0|-3968.0|1728.0|-3936.0|1760.2236067977499|-3951.5527864045002|-56.0|-56.0|-56.0|QROCK3|QROCK3X8|1.0|1.0|61.0|56.0|8|rock|-|SG002121|-|1066|1|0|731|QROCK3X8|-|1.0|1.0|0.0|0.0|0.0|QROCK3X8|-|1.0|1.0|61.0|56.0|-384.0|-384.0|-56.0|-56.0|384.0|384.0|384.0|384.0
UTNTSkyEdge_tntle_3923_1_terrain_1_1|3923|1|2|2979|731|1792.0|-3968.0|1728.0|-3936.0|1759.7763932022501|-3952.4472135954998|-56.0|-56.0|-56.0|QROCK3|QROCK3X8|1.0|1.0|0.0|0.0|8|rock|-|SG002217|-|1091|1|1|731|QROCK3X8|-|1.0|1.0|0.0|0.0|0.0|QROCK3X8|-|1.0|1.0|61.0|56.0|-384.0|-384.0|-56.0|-56.0|384.0|384.0|384.0|384.0
UTNTSkyEdge_tntle_3958_1_terrain_1_0|3958|1|2|2979|740|1568.0|-3888.0|1520.0|-3840.0|1544.3535533905933|-3863.6464466094067|-64.0|-64.0|-64.0|QROCK3|QROCK3X8|1.0|1.0|67.254833996|64.0|8|rock|-|SG002121|-|1066|1|0|740|QROCK3X8|-|1.0|1.0|0.0|0.0|0.0|QROCK3X8|-|1.0|1.0|67.254833996|64.0|-384.0|-384.0|-64.0|-64.0|384.0|384.0|384.0|384.0
UTNTSkyEdge_tntle_3958_1_terrain_1_1|3958|1|2|2979|740|1568.0|-3888.0|1520.0|-3840.0|1543.6464466094067|-3864.3535533905933|-64.0|-64.0|-64.0|QROCK3|QROCK3X8|1.0|1.0|0.0|0.0|8|rock|-|SG002292|-|1215|1|1|740|QROCK3X8|-|1.0|1.0|0.0|0.0|0.0|QROCK3X8|-|1.0|1.0|67.254833996|64.0|-384.0|-384.0|-64.0|-64.0|384.0|384.0|384.0|384.0
UTNTSkyEdge_tntle_3959_1_terrain_1_0|3959|1|2|2979|740|1600.0|-3920.0|1568.0|-3888.0|1584.3535533905933|-3903.6464466094067|-64.0|-64.0|-64.0|QROCK3|QROCK3X8|1.0|1.0|22.0|64.0|8|rock|-|SG002121|-|1066|1|0|740|QROCK3X8|-|1.0|1.0|0.0|0.0|0.0|QROCK3X8|-|1.0|1.0|22.0|64.0|-384.0|-384.0|-64.0|-64.0|384.0|384.0|384.0|384.0
UTNTSkyEdge_tntle_3959_1_terrain_1_1|3959|1|2|2979|740|1600.0|-3920.0|1568.0|-3888.0|1583.6464466094067|-3904.3535533905933|-64.0|-64.0|-64.0|QROCK3|QROCK3X8|1.0|1.0|0.0|0.0|8|rock|-|SG002292|-|1215|1|1|740|QROCK3X8|-|1.0|1.0|0.0|0.0|0.0|QROCK3X8|-|1.0|1.0|22.0|64.0|-384.0|-384.0|-64.0|-64.0|384.0|384.0|384.0|384.0
UTNTSkyEdge_tntle_3960_1_terrain_1_0|3960|1|2|2979|740|1504.0|-4064.0|1584.0|-4048.0|1544.0980580675691|-4056.4902903378456|-64.0|-64.0|-64.0|QROCK3|QROCK3X8|1.0|1.0|217.28526297|64.0|8|rock|-|SG002121|-|1066|1|0|740|QROCK3X8|-|1.0|1.0|0.0|0.0|0.0|QROCK3X8|-|1.0|1.0|217.28526297|64.0|-384.0|-384.0|-64.0|-64.0|384.0|384.0|384.0|384.0
UTNTSkyEdge_tntle_3960_1_terrain_1_1|3960|1|2|2979|740|1504.0|-4064.0|1584.0|-4048.0|1543.9019419324309|-4055.5097096621544|-64.0|-64.0|-64.0|QROCK3|QROCK3X8|1.0|1.0|0.0|0.0|8|rock|-|SG002292|-|1215|1|1|740|QROCK3X8|-|1.0|1.0|0.0|0.0|0.0|QROCK3X8|-|1.0|1.0|217.28526297|64.0|-384.0|-384.0|-64.0|-64.0|384.0|384.0|384.0|384.0
UTNTSkyEdge_tntle_3961_1_terrain_1_0|3961|1|2|2979|740|1472.0|-4016.0|1504.0|-4064.0|1487.583974852831|-4040.2773500981125|-64.0|-64.0|-64.0|QROCK3|QROCK3X8|1.0|1.0|159.596442563|64.0|8|rock|-|SG002121|-|1066|1|0|740|QROCK3X8|-|1.0|1.0|0.0|0.0|0.0|QROCK3X8|-|1.0|1.0|159.596442563|64.0|-384.0|-384.0|-64.0|-64.0|384.0|384.0|384.0|384.0
UTNTSkyEdge_tntle_3961_1_terrain_1_1|3961|1|2|2979|740|1472.0|-4016.0|1504.0|-4064.0|1488.416025147169|-4039.7226499018875|-64.0|-64.0|-64.0|QROCK3|QROCK3X8|1.0|1.0|0.0|0.0|8|rock|-|SG002292|-|1215|1|1|740|QROCK3X8|-|1.0|1.0|0.0|0.0|0.0|QROCK3X8|-|1.0|1.0|159.596442563|64.0|-384.0|-384.0|-64.0|-64.0|384.0|384.0|384.0|384.0
UTNTSkyEdge_tntle_3962_1_terrain_1_0|3962|1|2|2979|740|1424.0|-4000.0|1472.0|-4016.0|1447.8418861169916|-4008.474341649025|-64.0|-64.0|-64.0|QROCK3|QROCK3X8|1.0|1.0|109.0|64.0|8|rock|-|SG002121|-|1066|1|0|740|QROCK3X8|-|1.0|1.0|0.0|0.0|0.0|QROCK3X8|-|1.0|1.0|109.0|64.0|-384.0|-384.0|-64.0|-64.0|384.0|384.0|384.0|384.0
UTNTSkyEdge_tntle_3962_1_terrain_1_1|3962|1|2|2979|740|1424.0|-4000.0|1472.0|-4016.0|1448.1581138830084|-4007.525658350975|-64.0|-64.0|-64.0|QROCK3|QROCK3X8|1.0|1.0|0.0|0.0|8|rock|-|SG002292|-|1215|1|1|740|QROCK3X8|-|1.0|1.0|0.0|0.0|0.0|QROCK3X8|-|1.0|1.0|109.0|64.0|-384.0|-384.0|-64.0|-64.0|384.0|384.0|384.0|384.0
UTNTSkyEdge_tntle_3966_1_terrain_1_0|3966|1|2|2979|740|1520.0|-3840.0|1456.0|-3872.0|1487.7763932022501|-3855.5527864045002|-64.0|-64.0|-64.0|QROCK3|QROCK3X8|1.0|1.0|135.13708499|64.0|8|rock|-|SG002121|-|1066|1|0|740|QROCK3X8|-|1.0|1.0|0.0|0.0|0.0|QROCK3X8|-|1.0|1.0|135.13708499|64.0|-384.0|-384.0|-64.0|-64.0|384.0|384.0|384.0|384.0
UTNTSkyEdge_tntle_3966_1_terrain_1_1|3966|1|2|2979|740|1520.0|-3840.0|1456.0|-3872.0|1488.2236067977499|-3856.4472135954998|-64.0|-64.0|-64.0|QROCK3|QROCK3X8|1.0|1.0|0.0|0.0|8|rock|-|SG002292|-|1215|1|1|740|QROCK3X8|-|1.0|1.0|0.0|0.0|0.0|QROCK3X8|-|1.0|1.0|135.13708499|64.0|-384.0|-384.0|-64.0|-64.0|384.0|384.0|384.0|384.0
UTNTSkyEdge_tntle_3967_1_terrain_1_0|3967|1|2|2979|741|1360.0|-4016.0|1424.0|-4000.0|1392.1212678125182|-4008.4850712500725|-72.0|-72.0|-72.0|QROCK3|QROCK3X8|1.0|1.0|7.0|72.0|8|rock|-|SG002121|-|1066|1|0|741|QROCK3X8|-|1.0|1.0|0.0|0.0|0.0|QROCK3X8|-|1.0|1.0|7.0|72.0|-384.0|-384.0|-72.0|-72.0|384.0|384.0|384.0|384.0
UTNTSkyEdge_tntle_3967_1_terrain_1_1|3967|1|2|2979|741|1360.0|-4016.0|1424.0|-4000.0|1391.8787321874818|-4007.5149287499275|-72.0|-72.0|-72.0|QROCK3|QROCK3X8|1.0|1.0|0.0|0.0|8|rock|-|SG002293|-|1216|1|1|741|QROCK3X8|-|1.0|1.0|0.0|0.0|0.0|QROCK3X8|-|1.0|1.0|7.0|72.0|-384.0|-384.0|-72.0|-72.0|384.0|384.0|384.0|384.0
UTNTSkyEdge_tntle_3968_1_terrain_1_0|3968|1|2|2979|744|1312.0|-3984.0|1360.0|-4016.0|1335.7226499018873|-4000.416025147169|-80.0|-80.0|-80.0|QROCK3|QROCK3X8|1.0|1.0|77.0|80.0|8|rock|-|SG002121|-|1066|1|0|744|QROCK3X8|-|1.0|1.0|0.0|0.0|0.0|QROCK3X8|-|1.0|1.0|77.0|80.0|-384.0|-384.0|-80.0|-80.0|384.0|384.0|384.0|384.0
UTNTSkyEdge_tntle_3968_1_terrain_1_1|3968|1|2|2979|744|1312.0|-3984.0|1360.0|-4016.0|1336.2773500981127|-3999.583974852831|-80.0|-80.0|-80.0|QROCK3|QROCK3X8|1.0|1.0|0.0|0.0|8|rock|-|SG002294|-|1217|1|1|744|QROCK3X8|-|1.0|1.0|0.0|0.0|0.0|QROCK3X8|-|1.0|1.0|77.0|80.0|-384.0|-384.0|-80.0|-80.0|384.0|384.0|384.0|384.0
UTNTSkyEdge_tntle_3972_1_terrain_1_0|3972|1|2|2979|744|1312.0|-3824.0|1264.0|-3888.0|1287.6|-3855.7|-80.0|-80.0|-80.0|QROCK3|QROCK3X8|1.0|1.0|120.596442563|80.0|8|rock|-|SG002121|-|1066|1|0|744|QROCK3X8|-|1.0|1.0|0.0|0.0|0.0|QROCK3X8|-|1.0|1.0|120.596442563|80.0|-384.0|-384.0|-80.0|-80.0|384.0|384.0|384.0|384.0
UTNTSkyEdge_tntle_3972_1_terrain_1_1|3972|1|2|2979|744|1312.0|-3824.0|1264.0|-3888.0|1288.4|-3856.3|-80.0|-80.0|-80.0|QROCK3|QROCK3X8|1.0|1.0|0.0|0.0|8|rock|-|SG002294|-|1217|1|1|744|QROCK3X8|-|1.0|1.0|0.0|0.0|0.0|QROCK3X8|-|1.0|1.0|120.596442563|80.0|-384.0|-384.0|-80.0|-80.0|384.0|384.0|384.0|384.0
UTNTSkyEdge_tntle_3973_1_terrain_1_0|3973|1|2|2979|744|1360.0|-3840.0|1312.0|-3824.0|1336.1581138830084|-3831.525658350975|-80.0|-80.0|-80.0|QROCK3|QROCK3X8|1.0|1.0|70.0|80.0|8|rock|-|SG002121|-|1066|1|0|744|QROCK3X8|-|1.0|1.0|0.0|0.0|0.0|QROCK3X8|-|1.0|1.0|70.0|80.0|-384.0|-384.0|-80.0|-80.0|384.0|384.0|384.0|384.0
UTNTSkyEdge_tntle_3973_1_terrain_1_1|3973|1|2|2979|744|1360.0|-3840.0|1312.0|-3824.0|1335.8418861169916|-3832.474341649025|-80.0|-80.0|-80.0|QROCK3|QROCK3X8|1.0|1.0|0.0|0.0|8|rock|-|SG002294|-|1217|1|1|744|QROCK3X8|-|1.0|1.0|0.0|0.0|0.0|QROCK3X8|-|1.0|1.0|70.0|80.0|-384.0|-384.0|-80.0|-80.0|384.0|384.0|384.0|384.0
UTNTSkyEdge_tntle_3974_1_terrain_1_0|3974|1|2|2979|741|1408.0|-3824.0|1360.0|-3840.0|1383.8418861169916|-3831.525658350975|-72.0|-72.0|-72.0|QROCK3|QROCK3X8|1.0|1.0|146.882250994|72.0|8|rock|-|SG002121|-|1066|1|0|741|QROCK3X8|-|1.0|1.0|0.0|0.0|0.0|QROCK3X8|-|1.0|1.0|146.882250994|72.0|-384.0|-384.0|-72.0|-72.0|384.0|384.0|384.0|384.0
UTNTSkyEdge_tntle_3974_1_terrain_1_1|3974|1|2|2979|741|1408.0|-3824.0|1360.0|-3840.0|1384.1581138830084|-3832.474341649025|-72.0|-72.0|-72.0|QROCK3|QROCK3X8|1.0|1.0|0.0|0.0|8|rock|-|SG002293|-|1216|1|1|741|QROCK3X8|-|1.0|1.0|0.0|0.0|0.0|QROCK3X8|-|1.0|1.0|146.882250994|72.0|-384.0|-384.0|-72.0|-72.0|384.0|384.0|384.0|384.0
UTNTSkyEdge_tntle_3975_1_terrain_1_0|3975|1|2|2979|741|1456.0|-3872.0|1408.0|-3824.0|1432.3535533905933|-3847.6464466094067|-72.0|-72.0|-72.0|QROCK3|QROCK3X8|1.0|1.0|79.0|72.0|8|rock|-|SG002121|-|1066|1|0|741|QROCK3X8|-|1.0|1.0|0.0|0.0|0.0|QROCK3X8|-|1.0|1.0|79.0|72.0|-384.0|-384.0|-72.0|-72.0|384.0|384.0|384.0|384.0
UTNTSkyEdge_tntle_3975_1_terrain_1_1|3975|1|2|2979|741|1456.0|-3872.0|1408.0|-3824.0|1431.6464466094067|-3848.3535533905933|-72.0|-72.0|-72.0|QROCK3|QROCK3X8|1.0|1.0|0.0|0.0|8|rock|-|SG002293|-|1216|1|1|741|QROCK3X8|-|1.0|1.0|0.0|0.0|0.0|QROCK3X8|-|1.0|1.0|79.0|72.0|-384.0|-384.0|-72.0|-72.0|384.0|384.0|384.0|384.0
UTNTSkyEdge_tntle_3976_0_terrain_1_0|3976|0|2|2979|742|1264.0|-3888.0|1168.0|-3872.0|1216.0821994936528|-3879.506803038084|-88.0|-88.0|-88.0|QROCK3|QROCK3X8|1.0|1.0|73.0|88.0|8|rock|-|SG002121|-|1066|1|0|742|QROCK3X8|-|1.0|1.0|0.0|0.0|0.0|QROCK3X8|-|1.0|1.0|73.0|88.0|-384.0|-384.0|-88.0|-88.0|384.0|384.0|384.0|384.0
UTNTSkyEdge_tntle_3976_0_terrain_1_1|3976|0|2|2979|742|1264.0|-3888.0|1168.0|-3872.0|1215.9178005063472|-3880.493196961916|-88.0|-88.0|-88.0|QROCK3|QROCK3X8|1.0|1.0|0.0|0.0|8|rock|-|SG002295|-|1218|1|1|742|QROCK3X8|-|1.0|1.0|0.0|0.0|0.0|QROCK3X8|-|1.0|1.0|73.0|88.0|-384.0|-384.0|-88.0|-88.0|384.0|384.0|384.0|384.0
UTNTSkyEdge_tntle_3977_0_terrain_1_0|3977|0|2|2979|742|1168.0|-3872.0|1152.0|-3904.0|1159.5527864045|-3887.77639320225|-88.0|-88.0|-88.0|QROCK3|QROCK3X8|1.0|1.0|170.324200485|88.0|8|rock|-|SG002121|-|1066|1|0|742|QROCK3X8|-|1.0|1.0|0.0|0.0|0.0|QROCK3X8|-|1.0|1.0|170.324200485|88.0|-384.0|-384.0|-88.0|-88.0|384.0|384.0|384.0|384.0
UTNTSkyEdge_tntle_3977_0_terrain_1_1|3977|0|2|2979|742|1168.0|-3872.0|1152.0|-3904.0|1160.4472135955|-3888.22360679775|-88.0|-88.0|-88.0|QROCK3|QROCK3X8|1.0|1.0|0.0|0.0|8|rock|-|SG002295|-|1218|1|1|742|QROCK3X8|-|1.0|1.0|0.0|0.0|0.0|QROCK3X8|-|1.0|1.0|170.324200485|88.0|-384.0|-384.0|-88.0|-88.0|384.0|384.0|384.0|384.0
UTNTSkyEdge_tntle_3978_0_terrain_1_0|3978|0|2|2979|745|1152.0|-3904.0|1120.0|-3920.0|1135.7763932022501|-3911.5527864045002|-104.0|-104.0|-104.0|QROCK3|QROCK3X8|1.0|1.0|78.0|104.0|8|rock|-|SG002121|-|1066|1|0|745|QROCK3X8|-|1.0|1.0|0.0|0.0|0.0|QROCK3X8|-|1.0|1.0|78.0|104.0|-384.0|-384.0|-104.0|-104.0|384.0|384.0|384.0|384.0
UTNTSkyEdge_tntle_3978_0_terrain_1_1|3978|0|2|2979|745|1152.0|-3904.0|1120.0|-3920.0|1136.2236067977499|-3912.4472135954998|-104.0|-104.0|-104.0|QROCK3|QROCK3X8|1.0|1.0|0.0|0.0|8|rock|-|SG002296|-|1219|1|1|745|QROCK3X8|-|1.0|1.0|0.0|0.0|0.0|QROCK3X8|-|1.0|1.0|78.0|104.0|-384.0|-384.0|-104.0|-104.0|384.0|384.0|384.0|384.0
UTNTSkyEdge_tntle_3979_0_terrain_1_0|3979|0|2|2979|745|1120.0|-3920.0|1120.0|-3968.0|1119.5|-3944.0|-104.0|-104.0|-104.0|QROCK3|QROCK3X8|1.0|1.0|113.77708764|104.0|8|rock|-|SG002121|-|1066|1|0|745|QROCK3X8|-|1.0|1.0|0.0|0.0|0.0|QROCK3X8|-|1.0|1.0|113.77708764|104.0|-384.0|-384.0|-104.0|-104.0|384.0|384.0|384.0|384.0
UTNTSkyEdge_tntle_3979_0_terrain_1_1|3979|0|2|2979|745|1120.0|-3920.0|1120.0|-3968.0|1120.5|-3944.0|-104.0|-104.0|-104.0|QROCK3|QROCK3X8|1.0|1.0|0.0|0.0|8|rock|-|SG002296|-|1219|1|1|745|QROCK3X8|-|1.0|1.0|0.0|0.0|0.0|QROCK3X8|-|1.0|1.0|113.77708764|104.0|-384.0|-384.0|-104.0|-104.0|384.0|384.0|384.0|384.0
UTNTSkyEdge_tntle_3983_0_terrain_1_0|3983|0|2|2979|745|1248.0|-4080.0|1312.0|-4032.0|1280.3|-4056.4|-104.0|-104.0|-104.0|QROCK3|QROCK3X8|1.0|1.0|89.0|104.0|8|rock|-|SG002121|-|1066|1|0|745|QROCK3X8|-|1.0|1.0|0.0|0.0|0.0|QROCK3X8|-|1.0|1.0|89.0|104.0|-384.0|-384.0|-104.0|-104.0|384.0|384.0|384.0|384.0
UTNTSkyEdge_tntle_3983_0_terrain_1_1|3983|0|2|2979|745|1248.0|-4080.0|1312.0|-4032.0|1279.7|-4055.6|-104.0|-104.0|-104.0|QROCK3|QROCK3X8|1.0|1.0|0.0|0.0|8|rock|-|SG002296|-|1219|1|1|745|QROCK3X8|-|1.0|1.0|0.0|0.0|0.0|QROCK3X8|-|1.0|1.0|89.0|104.0|-384.0|-384.0|-104.0|-104.0|384.0|384.0|384.0|384.0
UTNTSkyEdge_tntle_3984_0_terrain_1_0|3984|0|2|2979|742|1312.0|-4032.0|1312.0|-3984.0|1312.5|-4008.0|-88.0|-88.0|-88.0|QROCK3|QROCK3X8|1.0|1.0|41.0|88.0|8|rock|-|SG002121|-|1066|1|0|742|QROCK3X8|-|1.0|1.0|0.0|0.0|0.0|QROCK3X8|-|1.0|1.0|41.0|88.0|-384.0|-384.0|-88.0|-88.0|384.0|384.0|384.0|384.0
UTNTSkyEdge_tntle_3984_0_terrain_1_1|3984|0|2|2979|742|1312.0|-4032.0|1312.0|-3984.0|1311.5|-4008.0|-88.0|-88.0|-88.0|QROCK3|QROCK3X8|1.0|1.0|0.0|0.0|8|rock|-|SG002295|-|1218|1|1|742|QROCK3X8|-|1.0|1.0|0.0|0.0|0.0|QROCK3X8|-|1.0|1.0|41.0|88.0|-384.0|-384.0|-88.0|-88.0|384.0|384.0|384.0|384.0
UTNTSkyEdge_tntle_3985_0_terrain_1_0|3985|0|2|2979|746|1120.0|-3968.0|1072.0|-4000.0|1095.7226499018873|-3983.583974852831|-112.0|-112.0|-112.0|QROCK3|QROCK3X8|1.0|1.0|34.0|112.0|8|rock|-|SG002121|-|1066|1|0|746|XA02TEX|-|1.0|1.0|0.0|0.0|0.0|QROCK3X8|-|1.0|1.0|34.0|112.0|-384.0|-384.0|-112.0|-112.0|384.0|384.0|384.0|384.0
UTNTSkyEdge_tntle_3985_0_terrain_1_1|3985|0|2|2979|746|1120.0|-3968.0|1072.0|-4000.0|1096.2773500981127|-3984.416025147169|-112.0|-112.0|-112.0|QROCK3|XA02TEX|1.0|1.0|0.0|0.0|8|gravel|-|SG002297|-|1220|1|1|746|XA02TEX|-|1.0|1.0|0.0|0.0|0.0|QROCK3X8|-|1.0|1.0|34.0|112.0|-384.0|-384.0|-112.0|-112.0|384.0|384.0|384.0|384.0
UTNTSkyEdge_tntle_3986_0_terrain_1_0|3986|0|2|2979|746|1072.0|-4000.0|1088.0|-4048.0|1079.5256583509747|-4024.1581138830084|-112.0|-112.0|-112.0|QROCK3|QROCK3X8|1.0|1.0|91.688820407|112.0|8|rock|-|SG002121|-|1066|1|0|746|XA02TEX|-|1.0|1.0|0.0|0.0|0.0|QROCK3X8|-|1.0|1.0|91.688820407|112.0|-384.0|-384.0|-112.0|-112.0|384.0|384.0|384.0|384.0
UTNTSkyEdge_tntle_3986_0_terrain_1_1|3986|0|2|2979|746|1072.0|-4000.0|1088.0|-4048.0|1080.4743416490253|-4023.8418861169916|-112.0|-112.0|-112.0|QROCK3|XA02TEX|1.0|1.0|0.0|0.0|8|gravel|-|SG002297|-|1220|1|1|746|XA02TEX|-|1.0|1.0|0.0|0.0|0.0|QROCK3X8|-|1.0|1.0|91.688820407|112.0|-384.0|-384.0|-112.0|-112.0|384.0|384.0|384.0|384.0
UTNTSkyEdge_tntle_3987_0_terrain_1_0|3987|0|2|2979|743|1088.0|-4048.0|1052.0|-4084.0|1069.6464466094067|-4065.6464466094067|-112.0|-112.0|-112.0|QROCK3|QROCK3X8|1.0|1.0|142.28526297|112.0|8|rock|-|SG002121|-|1066|1|0|743|XA02TEX|-|1.0|1.0|0.0|0.0|0.0|QROCK3X8|-|1.0|1.0|142.28526297|112.0|-384.0|-384.0|-112.0|-112.0|384.0|384.0|384.0|384.0
UTNTSkyEdge_tntle_3987_0_terrain_1_1|3987|0|2|2979|743|1088.0|-4048.0|1052.0|-4084.0|1070.3535533905933|-4066.3535533905933|-112.0|-112.0|-112.0|QROCK3|XA02TEX|1.0|1.0|0.0|0.0|8|gravel|-|SG002298|-|1221|1|1|743|XA02TEX|-|1.0|1.0|0.0|0.0|0.0|QROCK3X8|-|1.0|1.0|142.28526297|112.0|-384.0|-384.0|-112.0|-112.0|384.0|384.0|384.0|384.0
UTNTSkyEdge_tntle_3990_0_terrain_1_0|3990|0|2|2979|743|1168.0|-4144.0|1184.0|-4112.0|1176.4472135955|-4128.22360679775|-112.0|-112.0|-112.0|QROCK3|QROCK3X8|1.0|1.0|0.0|112.0|8|rock|-|SG002121|-|1066|1|0|743|XA02TEX|-|1.0|1.0|0.0|0.0|0.0|QROCK3X8|-|1.0|1.0|0.0|112.0|-384.0|-384.0|-112.0|-112.0|384.0|384.0|384.0|384.0
UTNTSkyEdge_tntle_3990_0_terrain_1_1|3990|0|2|2979|743|1168.0|-4144.0|1184.0|-4112.0|1175.5527864045|-4127.77639320225|-112.0|-112.0|-112.0|QROCK3|XA02TEX|1.0|1.0|0.0|0.0|8|gravel|-|SG002298|-|1221|1|1|743|XA02TEX|-|1.0|1.0|0.0|0.0|0.0|QROCK3X8|-|1.0|1.0|0.0|112.0|-384.0|-384.0|-112.0|-112.0|384.0|384.0|384.0|384.0
UTNTSkyEdge_tntle_3991_0_terrain_1_0|3991|0|2|2979|746|1184.0|-4112.0|1248.0|-4096.0|1216.1212678125182|-4104.485071250073|-112.0|-112.0|-112.0|QROCK3|QROCK3X8|1.0|1.0|35.77708764|112.0|8|rock|-|SG002121|-|1066|1|0|746|XA02TEX|-|1.0|1.0|0.0|0.0|0.0|QROCK3X8|-|1.0|1.0|35.77708764|112.0|-384.0|-384.0|-112.0|-112.0|384.0|384.0|384.0|384.0
UTNTSkyEdge_tntle_3991_0_terrain_1_1|3991|0|2|2979|746|1184.0|-4112.0|1248.0|-4096.0|1215.8787321874818|-4103.514928749927|-112.0|-112.0|-112.0|QROCK3|XA02TEX|1.0|1.0|0.0|0.0|8|gravel|-|SG002297|-|1220|1|1|746|XA02TEX|-|1.0|1.0|0.0|0.0|0.0|QROCK3X8|-|1.0|1.0|35.77708764|112.0|-384.0|-384.0|-112.0|-112.0|384.0|384.0|384.0|384.0
UTNTSkyEdge_tntle_3992_0_terrain_1_0|3992|0|2|2979|746|1248.0|-4096.0|1248.0|-4080.0|1248.5|-4088.0|-112.0|-112.0|-112.0|QROCK3|QROCK3X8|1.0|1.0|101.74677765|112.0|8|rock|-|SG002121|-|1066|1|0|746|XA02TEX|-|1.0|1.0|0.0|0.0|0.0|QROCK3X8|-|1.0|1.0|101.74677765|112.0|-384.0|-384.0|-112.0|-112.0|384.0|384.0|384.0|384.0
UTNTSkyEdge_tntle_3992_0_terrain_1_1|3992|0|2|2979|746|1248.0|-4096.0|1248.0|-4080.0|1247.5|-4088.0|-112.0|-112.0|-112.0|QROCK3|XA02TEX|1.0|1.0|0.0|0.0|8|gravel|-|SG002297|-|1220|1|1|746|XA02TEX|-|1.0|1.0|0.0|0.0|0.0|QROCK3X8|-|1.0|1.0|101.74677765|112.0|-384.0|-384.0|-112.0|-112.0|384.0|384.0|384.0|384.0
UTNTSkyEdge_tntle_3998_1_terrain_1_0|3998|1|2|745|742|1264.0|-4032.0|1312.0|-4032.0|1288.0|-4032.5|-88.0|-88.0|-88.0|QROCK3|QROCK3X8|1.0|1.0|257.83943825|88.0|2.56|rock|-|SG002299|-|1219|1|0|742|QROCK3X8|-|1.0|1.0|0.0|0.0|0.0|QROCK3X8|-|1.0|1.0|257.83943825|88.0|-104.0|-104.0|-88.0|-88.0|384.0|384.0|384.0|384.0
UTNTSkyEdge_tntle_3998_1_terrain_1_1|3998|1|2|745|742|1264.0|-4032.0|1312.0|-4032.0|1288.0|-4031.5|-88.0|-88.0|-88.0|QROCK3|QROCK3X8|1.0|1.0|0.0|0.0|2.56|rock|-|SG002295|-|1218|1|1|742|QROCK3X8|-|1.0|1.0|0.0|0.0|0.0|QROCK3X8|-|1.0|1.0|257.83943825|88.0|-104.0|-104.0|-88.0|-88.0|384.0|384.0|384.0|384.0
UTNTSkyEdge_tntle_3999_1_terrain_1_0|3999|1|2|745|742|1248.0|-4000.0|1264.0|-4032.0|1255.5527864045|-4016.22360679775|-88.0|-88.0|-88.0|QROCK3|QROCK3X8|1.0|1.0|222.06235061|88.0|2.56|rock|-|SG002299|-|1219|1|0|742|QROCK3X8|-|1.0|1.0|0.0|0.0|0.0|QROCK3X8|-|1.0|1.0|222.06235061|88.0|-104.0|-104.0|-88.0|-88.0|384.0|384.0|384.0|384.0
UTNTSkyEdge_tntle_3999_1_terrain_1_1|3999|1|2|745|742|1248.0|-4000.0|1264.0|-4032.0|1256.4472135955|-4015.77639320225|-88.0|-88.0|-88.0|QROCK3|QROCK3X8|1.0|1.0|0.0|0.0|2.56|rock|-|SG002295|-|1218|1|1|742|QROCK3X8|-|1.0|1.0|0.0|0.0|0.0|QROCK3X8|-|1.0|1.0|222.06235061|88.0|-104.0|-104.0|-88.0|-88.0|384.0|384.0|384.0|384.0
UTNTSkyEdge_tntle_4000_1_terrain_1_0|4000|1|2|745|742|1200.0|-3968.0|1248.0|-4000.0|1223.7226499018873|-3984.416025147169|-88.0|-88.0|-88.0|QROCK3|QROCK3X8|1.0|1.0|164.373530203|88.0|2.56|rock|-|SG002299|-|1219|1|0|742|QROCK3X8|-|1.0|1.0|0.0|0.0|0.0|QROCK3X8|-|1.0|1.0|164.373530203|88.0|-104.0|-104.0|-88.0|-88.0|384.0|384.0|384.0|384.0
UTNTSkyEdge_tntle_4000_1_terrain_1_1|4000|1|2|745|742|1200.0|-3968.0|1248.0|-4000.0|1224.2773500981127|-3983.583974852831|-88.0|-88.0|-88.0|QROCK3|QROCK3X8|1.0|1.0|0.0|0.0|2.56|rock|-|SG002295|-|1218|1|1|742|QROCK3X8|-|1.0|1.0|0.0|0.0|0.0|QROCK3X8|-|1.0|1.0|164.373530203|88.0|-104.0|-104.0|-88.0|-88.0|384.0|384.0|384.0|384.0
UTNTSkyEdge_tntle_4001_1_terrain_1_0|4001|1|2|745|742|1184.0|-3920.0|1200.0|-3968.0|1191.5256583509747|-3944.1581138830084|-88.0|-88.0|-88.0|QROCK3|QROCK3X8|1.0|1.0|113.77708764|88.0|2.56|rock|-|SG002299|-|1219|1|0|742|QROCK3X8|-|1.0|1.0|0.0|0.0|0.0|QROCK3X8|-|1.0|1.0|113.77708764|88.0|-104.0|-104.0|-88.0|-88.0|384.0|384.0|384.0|384.0
UTNTSkyEdge_tntle_4001_1_terrain_1_1|4001|1|2|745|742|1184.0|-3920.0|1200.0|-3968.0|1192.4743416490253|-3943.8418861169916|-88.0|-88.0|-88.0|QROCK3|QROCK3X8|1.0|1.0|0.0|0.0|2.56|rock|-|SG002295|-|1218|1|1|742|QROCK3X8|-|1.0|1.0|0.0|0.0|0.0|QROCK3X8|-|1.0|1.0|113.77708764|88.0|-104.0|-104.0|-88.0|-88.0|384.0|384.0|384.0|384.0
UTNTSkyEdge_tntle_4002_1_terrain_1_0|4002|1|2|745|742|1152.0|-3904.0|1184.0|-3920.0|1167.7763932022501|-3912.4472135954998|-88.0|-88.0|-88.0|QROCK3|QROCK3X8|1.0|1.0|78.0|88.0|2.56|rock|-|SG002299|-|1219|1|0|742|QROCK3X8|-|1.0|1.0|0.0|0.0|0.0|QROCK3X8|-|1.0|1.0|78.0|88.0|-104.0|-104.0|-88.0|-88.0|384.0|384.0|384.0|384.0
UTNTSkyEdge_tntle_4002_1_terrain_1_1|4002|1|2|745|742|1152.0|-3904.0|1184.0|-3920.0|1168.2236067977499|-3911.5527864045002|-88.0|-88.0|-88.0|QROCK3|QROCK3X8|1.0|1.0|0.0|0.0|2.56|rock|-|SG002295|-|1218|1|1|742|QROCK3X8|-|1.0|1.0|0.0|0.0|0.0|QROCK3X8|-|1.0|1.0|78.0|88.0|-104.0|-104.0|-88.0|-88.0|384.0|384.0|384.0|384.0
UTNTSkyEdge_tntle_4006_1_terrain_1_0|4006|1|2|2979|750|160.0|-5104.0|127.0|-5120.0|143.28186324674033|-5111.5500929464015|-32.0|-32.0|-32.0|QROCK3|QROCK3X8|1.0|1.0|32.0|32.0|8|rock|-|SG002121|-|1066|1|0|750|QROCK3X8|-|1.0|1.0|0.0|0.0|0.0|QROCK3X8|-|1.0|1.0|32.0|32.0|-384.0|-384.0|-32.0|-32.0|384.0|384.0|384.0|384.0
UTNTSkyEdge_tntle_4006_1_terrain_1_1|4006|1|2|2979|750|160.0|-5104.0|127.0|-5120.0|143.71813675325967|-5112.4499070535985|-32.0|-32.0|-32.0|QROCK3|QROCK3X8|1.0|1.0|0.0|0.0|8|rock|-|SG002300|-|1168|1|1|750|QROCK3X8|-|1.0|1.0|0.0|0.0|0.0|QROCK3X8|-|1.0|1.0|32.0|32.0|-384.0|-384.0|-32.0|-32.0|384.0|384.0|384.0|384.0
UTNTSkyEdge_tntle_4008_1_terrain_1_0|4008|1|2|2979|747|208.0|-5024.0|160.0|-5056.0|183.7226499018874|-5039.5839748528315|-40.0|-40.0|-40.0|QROCK3|QROCK3X8|1.0|1.0|0.0|40.0|8|rock|-|SG002121|-|1066|1|0|747|QROCK3X8|-|1.0|1.0|0.0|0.0|0.0|QROCK3X8|-|1.0|1.0|0.0|40.0|-384.0|-384.0|-40.0|-40.0|384.0|384.0|384.0|384.0
UTNTSkyEdge_tntle_4008_1_terrain_1_1|4008|1|2|2979|747|208.0|-5024.0|160.0|-5056.0|184.2773500981126|-5040.4160251471685|-40.0|-40.0|-40.0|QROCK3|QROCK3X8|1.0|1.0|0.0|0.0|8|rock|-|SG002301|-|1222|1|1|747|QROCK3X8|-|1.0|1.0|0.0|0.0|0.0|QROCK3X8|-|1.0|1.0|0.0|40.0|-384.0|-384.0|-40.0|-40.0|384.0|384.0|384.0|384.0
UTNTSkyEdge_tntle_4009_1_terrain_1_0|4009|1|2|751|747|272.0|-5072.0|208.0|-5024.0|240.3|-5047.6|-40.0|-40.0|-40.0|QROCK3|QROCK3X8|1.0|1.0|159.435598057|40.0|2.56|rock|-|SG002302|-|1223|1|0|747|QROCK3X8|-|1.0|1.0|0.0|0.0|0.0|QROCK3X8|-|1.0|1.0|159.435598057|40.0|-56.0|-56.0|-40.0|-40.0|384.0|384.0|384.0|384.0
UTNTSkyEdge_tntle_4009_1_terrain_1_1|4009|1|2|751|747|272.0|-5072.0|208.0|-5024.0|239.7|-5048.4|-40.0|-40.0|-40.0|QROCK3|QROCK3X8|1.0|1.0|0.0|0.0|2.56|rock|-|SG002301|-|1222|1|1|747|QROCK3X8|-|1.0|1.0|0.0|0.0|0.0|QROCK3X8|-|1.0|1.0|159.435598057|40.0|-56.0|-56.0|-40.0|-40.0|384.0|384.0|384.0|384.0
UTNTSkyEdge_tntle_4010_1_terrain_1_0|4010|1|2|751|747|304.0|-5056.0|272.0|-5072.0|287.77639320225|-5063.5527864045|-40.0|-40.0|-40.0|QROCK3|QROCK3X8|1.0|1.0|123.658510417|40.0|2.56|rock|-|SG002302|-|1223|1|0|747|QROCK3X8|-|1.0|1.0|0.0|0.0|0.0|QROCK3X8|-|1.0|1.0|123.658510417|40.0|-56.0|-56.0|-40.0|-40.0|384.0|384.0|384.0|384.0
UTNTSkyEdge_tntle_4010_1_terrain_1_1|4010|1|2|751|747|304.0|-5056.0|272.0|-5072.0|288.22360679775|-5064.4472135955|-40.0|-40.0|-40.0|QROCK3|QROCK3X8|1.0|1.0|0.0|0.0|2.56|rock|-|SG002301|-|1222|1|1|747|QROCK3X8|-|1.0|1.0|0.0|0.0|0.0|QROCK3X8|-|1.0|1.0|123.658510417|40.0|-56.0|-56.0|-40.0|-40.0|384.0|384.0|384.0|384.0
UTNTSkyEdge_tntle_4011_1_terrain_1_0|4011|1|2|751|747|352.0|-5088.0|304.0|-5056.0|328.2773500981126|-5071.5839748528315|-40.0|-40.0|-40.0|QROCK3|QROCK3X8|1.0|1.0|65.96969001|40.0|2.56|rock|-|SG002302|-|1223|1|0|747|QROCK3X8|-|1.0|1.0|0.0|0.0|0.0|QROCK3X8|-|1.0|1.0|65.96969001|40.0|-56.0|-56.0|-40.0|-40.0|384.0|384.0|384.0|384.0
UTNTSkyEdge_tntle_4011_1_terrain_1_1|4011|1|2|751|747|352.0|-5088.0|304.0|-5056.0|327.7226499018874|-5072.4160251471685|-40.0|-40.0|-40.0|QROCK3|QROCK3X8|1.0|1.0|0.0|0.0|2.56|rock|-|SG002301|-|1222|1|1|747|QROCK3X8|-|1.0|1.0|0.0|0.0|0.0|QROCK3X8|-|1.0|1.0|65.96969001|40.0|-56.0|-56.0|-40.0|-40.0|384.0|384.0|384.0|384.0
UTNTSkyEdge_tntle_4012_1_terrain_1_0|4012|1|2|751|747|416.0|-5104.0|352.0|-5088.0|384.12126781251817|-5095.514928749927|-40.0|-40.0|-40.0|QROCK3|QROCK3X8|1.0|1.0|0.0|40.0|2.56|rock|-|SG002302|-|1223|1|0|747|QROCK3X8|-|1.0|1.0|0.0|0.0|0.0|QROCK3X8|-|1.0|1.0|0.0|40.0|-56.0|-56.0|-40.0|-40.0|384.0|384.0|384.0|384.0
UTNTSkyEdge_tntle_4012_1_terrain_1_1|4012|1|2|751|747|416.0|-5104.0|352.0|-5088.0|383.87873218748183|-5096.485071250073|-40.0|-40.0|-40.0|QROCK3|QROCK3X8|1.0|1.0|0.0|0.0|2.56|rock|-|SG002301|-|1222|1|1|747|QROCK3X8|-|1.0|1.0|0.0|0.0|0.0|QROCK3X8|-|1.0|1.0|0.0|40.0|-56.0|-56.0|-40.0|-40.0|384.0|384.0|384.0|384.0
UTNTSkyEdge_tntle_4013_1_terrain_1_0|4013|1|2|2979|747|400.0|-5152.0|416.0|-5104.0|408.47434164902523|-5128.158113883009|-40.0|-40.0|-40.0|QROCK3|QROCK3X8|1.0|1.0|0.0|40.0|8|rock|-|SG002121|-|1066|1|0|747|QROCK3X8|-|1.0|1.0|0.0|0.0|0.0|QROCK3X8|-|1.0|1.0|0.0|40.0|-384.0|-384.0|-40.0|-40.0|384.0|384.0|384.0|384.0
UTNTSkyEdge_tntle_4013_1_terrain_1_1|4013|1|2|2979|747|400.0|-5152.0|416.0|-5104.0|407.52565835097477|-5127.841886116991|-40.0|-40.0|-40.0|QROCK3|QROCK3X8|1.0|1.0|0.0|0.0|8|rock|-|SG002301|-|1222|1|1|747|QROCK3X8|-|1.0|1.0|0.0|0.0|0.0|QROCK3X8|-|1.0|1.0|0.0|40.0|-384.0|-384.0|-40.0|-40.0|384.0|384.0|384.0|384.0
UTNTSkyEdge_tntle_4014_1_terrain_1_0|4014|1|2|2979|750|416.0|-5168.0|400.0|-5152.0|408.3535533905933|-5159.646446609407|-32.0|-32.0|-32.0|QROCK3|QROCK3X8|1.0|1.0|80.0|32.0|8|rock|-|SG002121|-|1066|1|0|750|QROCK3X8|-|1.0|1.0|0.0|0.0|0.0|QROCK3X8|-|1.0|1.0|80.0|32.0|-384.0|-384.0|-32.0|-32.0|384.0|384.0|384.0|384.0
UTNTSkyEdge_tntle_4014_1_terrain_1_1|4014|1|2|2979|750|416.0|-5168.0|400.0|-5152.0|407.6464466094067|-5160.353553390593|-32.0|-32.0|-32.0|QROCK3|QROCK3X8|1.0|1.0|0.0|0.0|8|rock|-|SG002300|-|1168|1|1|750|QROCK3X8|-|1.0|1.0|0.0|0.0|0.0|QROCK3X8|-|1.0|1.0|80.0|32.0|-384.0|-384.0|-32.0|-32.0|384.0|384.0|384.0|384.0
UTNTSkyEdge_tntle_4015_1_terrain_1_0|4015|1|2|2979|750|352.0|-5216.0|416.0|-5168.0|384.3|-5192.4|-32.0|-32.0|-32.0|QROCK3|QROCK3X8|1.0|1.0|0.0|32.0|8|rock|-|SG002121|-|1066|1|0|750|QROCK3X8|-|1.0|1.0|0.0|0.0|0.0|QROCK3X8|-|1.0|1.0|0.0|32.0|-384.0|-384.0|-32.0|-32.0|384.0|384.0|384.0|384.0
UTNTSkyEdge_tntle_4015_1_terrain_1_1|4015|1|2|2979|750|352.0|-5216.0|416.0|-5168.0|383.7|-5191.6|-32.0|-32.0|-32.0|QROCK3|QROCK3X8|1.0|1.0|0.0|0.0|8|rock|-|SG002300|-|1168|1|1|750|QROCK3X8|-|1.0|1.0|0.0|0.0|0.0|QROCK3X8|-|1.0|1.0|0.0|32.0|-384.0|-384.0|-32.0|-32.0|384.0|384.0|384.0|384.0
UTNTSkyEdge_tntle_4016_1_terrain_1_0|4016|1|2|2979|751|224.0|-4992.0|208.0|-5024.0|215.55278640450004|-5007.77639320225|-56.0|-56.0|-56.0|QROCK3|QROCK3X8|1.0|1.0|0.0|56.0|8|rock|-|SG002121|-|1066|1|0|751|QROCK3X8|-|1.0|1.0|0.0|0.0|0.0|QROCK3X8|-|1.0|1.0|0.0|56.0|-384.0|-384.0|-56.0|-56.0|384.0|384.0|384.0|384.0
UTNTSkyEdge_tntle_4016_1_terrain_1_1|4016|1|2|2979|751|224.0|-4992.0|208.0|-5024.0|216.44721359549996|-5008.22360679775|-56.0|-56.0|-56.0|QROCK3|QROCK3X8|1.0|1.0|0.0|0.0|8|rock|-|SG002303|-|1223|1|1|751|QROCK3X8|-|1.0|1.0|0.0|0.0|0.0|QROCK3X8|-|1.0|1.0|0.0|56.0|-384.0|-384.0|-56.0|-56.0|384.0|384.0|384.0|384.0
UTNTSkyEdge_tntle_4017_1_terrain_1_0|4017|1|2|2979|748|240.0|-4944.0|224.0|-4992.0|231.52565835097474|-4967.841886116991|-72.0|-72.0|-72.0|QROCK3|QROCK3X8|1.0|1.0|0.0|72.0|8|rock|-|SG002121|-|1066|1|0|748|QROCK3X8|-|1.0|1.0|0.0|0.0|0.0|QROCK3X8|-|1.0|1.0|0.0|72.0|-384.0|-384.0|-72.0|-72.0|384.0|384.0|384.0|384.0
UTNTSkyEdge_tntle_4017_1_terrain_1_1|4017|1|2|2979|748|240.0|-4944.0|224.0|-4992.0|232.47434164902526|-4968.158113883009|-72.0|-72.0|-72.0|QROCK3|QROCK3X8|1.0|1.0|0.0|0.0|8|rock|-|SG002304|-|1224|1|1|748|QROCK3X8|-|1.0|1.0|0.0|0.0|0.0|QROCK3X8|-|1.0|1.0|0.0|72.0|-384.0|-384.0|-72.0|-72.0|384.0|384.0|384.0|384.0
UTNTSkyEdge_tntle_4018_1_terrain_1_0|4018|1|2|752|748|304.0|-4976.0|240.0|-4944.0|272.22360679775|-4959.5527864045|-72.0|-72.0|-72.0|QROCK3|QROCK3X8|1.0|1.0|65.96969001|72.0|2.56|rock|-|SG002305|-|1225|1|0|748|QROCK3X8|-|1.0|1.0|0.0|0.0|0.0|QROCK3X8|-|1.0|1.0|65.96969001|72.0|-88.0|-88.0|-72.0|-72.0|384.0|384.0|384.0|384.0
UTNTSkyEdge_tntle_4018_1_terrain_1_1|4018|1|2|752|748|304.0|-4976.0|240.0|-4944.0|271.77639320225|-4960.4472135955|-72.0|-72.0|-72.0|QROCK3|QROCK3X8|1.0|1.0|0.0|0.0|2.56|rock|-|SG002304|-|1224|1|1|748|QROCK3X8|-|1.0|1.0|0.0|0.0|0.0|QROCK3X8|-|1.0|1.0|65.96969001|72.0|-88.0|-88.0|-72.0|-72.0|384.0|384.0|384.0|384.0
UTNTSkyEdge_tntle_4019_1_terrain_1_0|4019|1|2|752|748|368.0|-4960.0|304.0|-4976.0|335.87873218748183|-4967.514928749927|-72.0|-72.0|-72.0|QROCK3|QROCK3X8|1.0|1.0|0.0|72.0|2.56|rock|-|SG002305|-|1225|1|0|748|QROCK3X8|-|1.0|1.0|0.0|0.0|0.0|QROCK3X8|-|1.0|1.0|0.0|72.0|-88.0|-88.0|-72.0|-72.0|384.0|384.0|384.0|384.0
UTNTSkyEdge_tntle_4019_1_terrain_1_1|4019|1|2|752|748|368.0|-4960.0|304.0|-4976.0|336.12126781251817|-4968.485071250073|-72.0|-72.0|-72.0|QROCK3|QROCK3X8|1.0|1.0|0.0|0.0|2.56|rock|-|SG002304|-|1224|1|1|748|QROCK3X8|-|1.0|1.0|0.0|0.0|0.0|QROCK3X8|-|1.0|1.0|0.0|72.0|-88.0|-88.0|-72.0|-72.0|384.0|384.0|384.0|384.0
UTNTSkyEdge_tntle_4020_1_terrain_1_0|4020|1|2|749|748|384.0|-5008.0|368.0|-4960.0|376.47434164902523|-4983.841886116991|-72.0|-72.0|-72.0|QROCK3|QROCK3X8|1.0|1.0|0.0|72.0|3.84|rock|-|SG002306|-|1226|1|0|748|QROCK3X8|-|1.0|1.0|0.0|0.0|0.0|QROCK3X8|-|1.0|1.0|0.0|72.0|-96.0|-96.0|-72.0|-72.0|384.0|384.0|384.0|384.0
UTNTSkyEdge_tntle_4020_1_terrain_1_1|4020|1|2|749|748|384.0|-5008.0|368.0|-4960.0|375.52565835097477|-4984.158113883009|-72.0|-72.0|-72.0|QROCK3|QROCK3X8|1.0|1.0|0.0|0.0|3.84|rock|-|SG002304|-|1224|1|1|748|QROCK3X8|-|1.0|1.0|0.0|0.0|0.0|QROCK3X8|-|1.0|1.0|0.0|72.0|-96.0|-96.0|-72.0|-72.0|384.0|384.0|384.0|384.0
UTNTSkyEdge_tntle_4022_1_terrain_1_0|4022|1|2|2979|751|416.0|-5104.0|416.0|-5056.0|416.5|-5080.0|-56.0|-56.0|-56.0|QROCK3|QROCK3X8|1.0|1.0|0.0|56.0|8|rock|-|SG002121|-|1066|1|0|751|QROCK3X8|-|1.0|1.0|0.0|0.0|0.0|QROCK3X8|-|1.0|1.0|0.0|56.0|-384.0|-384.0|-56.0|-56.0|384.0|384.0|384.0|384.0
UTNTSkyEdge_tntle_4022_1_terrain_1_1|4022|1|2|2979|751|416.0|-5104.0|416.0|-5056.0|415.5|-5080.0|-56.0|-56.0|-56.0|QROCK3|QROCK3X8|1.0|1.0|0.0|0.0|8|rock|-|SG002303|-|1223|1|1|751|QROCK3X8|-|1.0|1.0|0.0|0.0|0.0|QROCK3X8|-|1.0|1.0|0.0|56.0|-384.0|-384.0|-56.0|-56.0|384.0|384.0|384.0|384.0
UTNTSkyEdge_tntle_4023_1_terrain_1_0|4023|1|2|2979|752|272.0|-4896.0|240.0|-4944.0|255.5839748528311|-4919.722649901887|-88.0|-88.0|-88.0|QROCK3|QROCK3X8|1.0|1.0|64.0|88.0|8|rock|-|SG002121|-|1066|1|0|752|QROCK3X8|-|1.0|1.0|0.0|0.0|0.0|QROCK3X8|-|1.0|1.0|64.0|88.0|-384.0|-384.0|-88.0|-88.0|384.0|384.0|384.0|384.0
UTNTSkyEdge_tntle_4023_1_terrain_1_1|4023|1|2|2979|752|272.0|-4896.0|240.0|-4944.0|256.4160251471689|-4920.277350098113|-88.0|-88.0|-88.0|QROCK3|QROCK3X8|1.0|1.0|0.0|0.0|8|rock|-|SG002307|-|1225|1|1|752|QROCK3X8|-|1.0|1.0|0.0|0.0|0.0|QROCK3X8|-|1.0|1.0|64.0|88.0|-384.0|-384.0|-88.0|-88.0|384.0|384.0|384.0|384.0
UTNTSkyEdge_tntle_4024_1_terrain_1_0|4024|1|2|2979|752|336.0|-4896.0|272.0|-4896.0|304.0|-4895.5|-88.0|-88.0|-88.0|QROCK3|QROCK3X8|1.0|1.0|0.0|88.0|8|rock|-|SG002121|-|1066|1|0|752|QROCK3X8|-|1.0|1.0|0.0|0.0|0.0|QROCK3X8|-|1.0|1.0|0.0|88.0|-384.0|-384.0|-88.0|-88.0|384.0|384.0|384.0|384.0
UTNTSkyEdge_tntle_4024_1_terrain_1_1|4024|1|2|2979|752|336.0|-4896.0|272.0|-4896.0|304.0|-4896.5|-88.0|-88.0|-88.0|QROCK3|QROCK3X8|1.0|1.0|0.0|0.0|8|rock|-|SG002307|-|1225|1|1|752|QROCK3X8|-|1.0|1.0|0.0|0.0|0.0|QROCK3X8|-|1.0|1.0|0.0|88.0|-384.0|-384.0|-88.0|-88.0|384.0|384.0|384.0|384.0
UTNTSkyEdge_tntle_4025_1_terrain_1_0|4025|1|2|753|749|400.0|-4880.0|336.0|-4896.0|367.87873218748183|-4887.514928749927|-96.0|-96.0|-96.0|QROCK3|QROCK3X8|1.0|1.0|71.55417528|96.0|2.56|rock|-|SG002308|-|1227|1|0|749|QROCK3X8|-|1.0|1.0|0.0|0.0|0.0|QROCK3X8|-|1.0|1.0|71.55417528|96.0|-112.0|-112.0|-96.0|-96.0|384.0|384.0|384.0|384.0
UTNTSkyEdge_tntle_4025_1_terrain_1_1|4025|1|2|753|749|400.0|-4880.0|336.0|-4896.0|368.12126781251817|-4888.485071250073|-96.0|-96.0|-96.0|QROCK3|QROCK3X8|1.0|1.0|0.0|0.0|2.56|rock|-|SG002309|-|1226|1|1|749|QROCK3X8|-|1.0|1.0|0.0|0.0|0.0|QROCK3X8|-|1.0|1.0|71.55417528|96.0|-112.0|-112.0|-96.0|-96.0|384.0|384.0|384.0|384.0
UTNTSkyEdge_tntle_4026_1_terrain_1_0|4026|1|2|753|749|432.0|-4944.0|400.0|-4880.0|416.44721359549993|-4911.77639320225|-96.0|-96.0|-96.0|QROCK3|QROCK3X8|1.0|1.0|0.0|96.0|2.56|rock|-|SG002308|-|1227|1|0|749|QROCK3X8|-|1.0|1.0|0.0|0.0|0.0|QROCK3X8|-|1.0|1.0|0.0|96.0|-112.0|-112.0|-96.0|-96.0|384.0|384.0|384.0|384.0
UTNTSkyEdge_tntle_4026_1_terrain_1_1|4026|1|2|753|749|432.0|-4944.0|400.0|-4880.0|415.55278640450007|-4912.22360679775|-96.0|-96.0|-96.0|QROCK3|QROCK3X8|1.0|1.0|0.0|0.0|2.56|rock|-|SG002309|-|1226|1|1|749|QROCK3X8|-|1.0|1.0|0.0|0.0|0.0|QROCK3X8|-|1.0|1.0|0.0|96.0|-112.0|-112.0|-96.0|-96.0|384.0|384.0|384.0|384.0
UTNTSkyEdge_tntle_4027_1_terrain_1_0|4027|1|2|2979|749|464.0|-4976.0|432.0|-4944.0|448.3535533905933|-4959.646446609407|-96.0|-96.0|-96.0|QROCK3|QROCK3X8|1.0|1.0|87.55417528|96.0|8|rock|-|SG002121|-|1066|1|0|749|QROCK3X8|-|1.0|1.0|0.0|0.0|0.0|QROCK3X8|-|1.0|1.0|87.55417528|96.0|-384.0|-384.0|-96.0|-96.0|384.0|384.0|384.0|384.0
UTNTSkyEdge_tntle_4027_1_terrain_1_1|4027|1|2|2979|749|464.0|-4976.0|432.0|-4944.0|447.6464466094067|-4960.353553390593|-96.0|-96.0|-96.0|QROCK3|QROCK3X8|1.0|1.0|0.0|0.0|8|rock|-|SG002309|-|1226|1|1|749|QROCK3X8|-|1.0|1.0|0.0|0.0|0.0|QROCK3X8|-|1.0|1.0|87.55417528|96.0|-384.0|-384.0|-96.0|-96.0|384.0|384.0|384.0|384.0
UTNTSkyEdge_tntle_4028_1_terrain_1_0|4028|1|2|2979|749|400.0|-5008.0|464.0|-4976.0|432.22360679775|-4992.4472135955|-96.0|-96.0|-96.0|QROCK3|QROCK3X8|1.0|1.0|16.0|96.0|8|rock|-|SG002121|-|1066|1|0|749|QROCK3X8|-|1.0|1.0|0.0|0.0|0.0|QROCK3X8|-|1.0|1.0|16.0|96.0|-384.0|-384.0|-96.0|-96.0|384.0|384.0|384.0|384.0
UTNTSkyEdge_tntle_4028_1_terrain_1_1|4028|1|2|2979|749|400.0|-5008.0|464.0|-4976.0|431.77639320225|-4991.5527864045|-96.0|-96.0|-96.0|QROCK3|QROCK3X8|1.0|1.0|0.0|0.0|8|rock|-|SG002309|-|1226|1|1|749|QROCK3X8|-|1.0|1.0|0.0|0.0|0.0|QROCK3X8|-|1.0|1.0|16.0|96.0|-384.0|-384.0|-96.0|-96.0|384.0|384.0|384.0|384.0
UTNTSkyEdge_tntle_4029_1_terrain_1_0|4029|1|2|2979|749|384.0|-5008.0|400.0|-5008.0|392.0|-5008.5|-96.0|-96.0|-96.0|QROCK3|QROCK3X8|1.0|1.0|0.0|96.0|8|rock|-|SG002121|-|1066|1|0|749|QROCK3X8|-|1.0|1.0|0.0|0.0|0.0|QROCK3X8|-|1.0|1.0|0.0|96.0|-384.0|-384.0|-96.0|-96.0|384.0|384.0|384.0|384.0
UTNTSkyEdge_tntle_4029_1_terrain_1_1|4029|1|2|2979|749|384.0|-5008.0|400.0|-5008.0|392.0|-5007.5|-96.0|-96.0|-96.0|QROCK3|QROCK3X8|1.0|1.0|0.0|0.0|8|rock|-|SG002309|-|1226|1|1|749|QROCK3X8|-|1.0|1.0|0.0|0.0|0.0|QROCK3X8|-|1.0|1.0|0.0|96.0|-384.0|-384.0|-96.0|-96.0|384.0|384.0|384.0|384.0
UTNTSkyEdge_tntle_4030_1_terrain_1_0|4030|1|2|2979|747|160.0|-5056.0|160.0|-5072.0|159.5|-5064.0|-40.0|-40.0|-40.0|QROCK3|QROCK3X8|1.0|1.0|57.688820407|40.0|8|rock|-|SG002121|-|1066|1|0|747|QROCK3X8|-|1.0|1.0|0.0|0.0|0.0|QROCK3X8|-|1.0|1.0|57.688820407|40.0|-384.0|-384.0|-40.0|-40.0|384.0|384.0|384.0|384.0
UTNTSkyEdge_tntle_4030_1_terrain_1_1|4030|1|2|2979|747|160.0|-5056.0|160.0|-5072.0|160.5|-5064.0|-40.0|-40.0|-40.0|QROCK3|QROCK3X8|1.0|1.0|0.0|0.0|8|rock|-|SG002301|-|1222|1|1|747|QROCK3X8|-|1.0|1.0|0.0|0.0|0.0|QROCK3X8|-|1.0|1.0|57.688820407|40.0|-384.0|-384.0|-40.0|-40.0|384.0|384.0|384.0|384.0
UTNTSkyEdge_tntle_4036_1_terrain_1_0|4036|1|2|748|751|288.0|-4992.0|224.0|-4992.0|256.0|-4991.5|-56.0|-56.0|-56.0|QROCK3|QROCK3X8|1.0|1.0|157.465908047|56.0|2.56|rock|-|SG002310|-|1224|1|0|751|QROCK3X8|-|1.0|1.0|0.0|0.0|0.0|QROCK3X8|-|1.0|1.0|157.465908047|56.0|-72.0|-72.0|-56.0|-56.0|384.0|384.0|384.0|384.0
UTNTSkyEdge_tntle_4036_1_terrain_1_1|4036|1|2|748|751|288.0|-4992.0|224.0|-4992.0|256.0|-4992.5|-56.0|-56.0|-56.0|QROCK3|QROCK3X8|1.0|1.0|0.0|0.0|2.56|rock|-|SG002303|-|1223|1|1|751|QROCK3X8|-|1.0|1.0|0.0|0.0|0.0|QROCK3X8|-|1.0|1.0|157.465908047|56.0|-72.0|-72.0|-56.0|-56.0|384.0|384.0|384.0|384.0
UTNTSkyEdge_tntle_4037_1_terrain_1_0|4037|1|2|748|751|304.0|-5024.0|288.0|-4992.0|296.44721359549993|-5007.77639320225|-56.0|-56.0|-56.0|QROCK3|QROCK3X8|1.0|1.0|121.688820407|56.0|2.56|rock|-|SG002310|-|1224|1|0|751|QROCK3X8|-|1.0|1.0|0.0|0.0|0.0|QROCK3X8|-|1.0|1.0|121.688820407|56.0|-72.0|-72.0|-56.0|-56.0|384.0|384.0|384.0|384.0
UTNTSkyEdge_tntle_4037_1_terrain_1_1|4037|1|2|748|751|304.0|-5024.0|288.0|-4992.0|295.55278640450007|-5008.22360679775|-56.0|-56.0|-56.0|QROCK3|QROCK3X8|1.0|1.0|0.0|0.0|2.56|rock|-|SG002303|-|1223|1|1|751|QROCK3X8|-|1.0|1.0|0.0|0.0|0.0|QROCK3X8|-|1.0|1.0|121.688820407|56.0|-72.0|-72.0|-56.0|-56.0|384.0|384.0|384.0|384.0
UTNTSkyEdge_tntle_4038_1_terrain_1_0|4038|1|2|748|751|368.0|-5024.0|304.0|-5024.0|336.0|-5023.5|-56.0|-56.0|-56.0|QROCK3|QROCK3X8|1.0|1.0|57.688820407|56.0|2.56|rock|-|SG002310|-|1224|1|0|751|QROCK3X8|-|1.0|1.0|0.0|0.0|0.0|QROCK3X8|-|1.0|1.0|57.688820407|56.0|-72.0|-72.0|-56.0|-56.0|384.0|384.0|384.0|384.0
UTNTSkyEdge_tntle_4038_1_terrain_1_1|4038|1|2|748|751|368.0|-5024.0|304.0|-5024.0|336.0|-5024.5|-56.0|-56.0|-56.0|QROCK3|QROCK3X8|1.0|1.0|0.0|0.0|2.56|rock|-|SG002303|-|1223|1|1|751|QROCK3X8|-|1.0|1.0|0.0|0.0|0.0|QROCK3X8|-|1.0|1.0|57.688820407|56.0|-72.0|-72.0|-56.0|-56.0|384.0|384.0|384.0|384.0
UTNTSkyEdge_tntle_4039_1_terrain_1_0|4039|1|2|748|751|416.0|-5056.0|368.0|-5024.0|392.2773500981126|-5039.5839748528315|-56.0|-56.0|-56.0|QROCK3|QROCK3X8|1.0|1.0|0.0|56.0|2.56|rock|-|SG002310|-|1224|1|0|751|QROCK3X8|-|1.0|1.0|0.0|0.0|0.0|QROCK3X8|-|1.0|1.0|0.0|56.0|-72.0|-72.0|-56.0|-56.0|384.0|384.0|384.0|384.0
UTNTSkyEdge_tntle_4039_1_terrain_1_1|4039|1|2|748|751|416.0|-5056.0|368.0|-5024.0|391.7226499018874|-5040.4160251471685|-56.0|-56.0|-56.0|QROCK3|QROCK3X8|1.0|1.0|0.0|0.0|2.56|rock|-|SG002303|-|1223|1|1|751|QROCK3X8|-|1.0|1.0|0.0|0.0|0.0|QROCK3X8|-|1.0|1.0|0.0|56.0|-72.0|-72.0|-56.0|-56.0|384.0|384.0|384.0|384.0
UTNTSkyEdge_tntle_4042_0_terrain_1_0|4042|0|2|2979|753|432.0|-4944.0|496.0|-4912.0|464.22360679775|-4928.4472135955|-112.0|-112.0|-112.0|QROCK3|QROCK3X8|1.0|1.0|0.0|112.0|8|rock|-|SG002121|-|1066|1|0|753|XA02TEX|-|1.0|1.0|0.0|0.0|0.0|QROCK3X8|-|1.0|1.0|0.0|112.0|-384.0|-384.0|-112.0|-112.0|384.0|384.0|384.0|384.0
UTNTSkyEdge_tntle_4042_0_terrain_1_1|4042|0|2|2979|753|432.0|-4944.0|496.0|-4912.0|463.77639320225|-4927.5527864045|-112.0|-112.0|-112.0|QROCK3|XA02TEX|1.0|1.0|0.0|0.0|8|gravel|-|SG002311|-|1227|1|1|753|XA02TEX|-|1.0|1.0|0.0|0.0|0.0|QROCK3X8|-|1.0|1.0|0.0|112.0|-384.0|-384.0|-112.0|-112.0|384.0|384.0|384.0|384.0
UTNTSkyEdge_tntle_4043_0_terrain_1_0|4043|0|2|2979|753|496.0|-4912.0|480.0|-4880.0|488.44721359549993|-4895.77639320225|-112.0|-112.0|-112.0|QROCK3|QROCK3X8|1.0|1.0|71.55417528|112.0|8|rock|-|SG002121|-|1066|1|0|753|XA02TEX|-|1.0|1.0|0.0|0.0|0.0|QROCK3X8|-|1.0|1.0|71.55417528|112.0|-384.0|-384.0|-112.0|-112.0|384.0|384.0|384.0|384.0
UTNTSkyEdge_tntle_4043_0_terrain_1_1|4043|0|2|2979|753|496.0|-4912.0|480.0|-4880.0|487.55278640450007|-4896.22360679775|-112.0|-112.0|-112.0|QROCK3|XA02TEX|1.0|1.0|0.0|0.0|8|gravel|-|SG002311|-|1227|1|1|753|XA02TEX|-|1.0|1.0|0.0|0.0|0.0|QROCK3X8|-|1.0|1.0|71.55417528|112.0|-384.0|-384.0|-112.0|-112.0|384.0|384.0|384.0|384.0
UTNTSkyEdge_tntle_4048_0_terrain_1_0|4048|0|2|2979|753|384.0|-4784.0|368.0|-4800.0|375.6464466094067|-4791.646446609407|-112.0|-112.0|-112.0|QROCK3|QROCK3X8|1.0|1.0|0.0|112.0|8|rock|-|SG002121|-|1066|1|0|753|XA02TEX|-|1.0|1.0|0.0|0.0|0.0|QROCK3X8|-|1.0|1.0|0.0|112.0|-384.0|-384.0|-112.0|-112.0|384.0|384.0|384.0|384.0
UTNTSkyEdge_tntle_4048_0_terrain_1_1|4048|0|2|2979|753|384.0|-4784.0|368.0|-4800.0|376.3535533905933|-4792.353553390593|-112.0|-112.0|-112.0|QROCK3|XA02TEX|1.0|1.0|0.0|0.0|8|gravel|-|SG002311|-|1227|1|1|753|XA02TEX|-|1.0|1.0|0.0|0.0|0.0|QROCK3X8|-|1.0|1.0|0.0|112.0|-384.0|-384.0|-112.0|-112.0|384.0|384.0|384.0|384.0
UTNTSkyEdge_tntle_4049_0_terrain_1_0|4049|0|2|2979|753|368.0|-4800.0|336.0|-4832.0|351.6464466094067|-4815.646446609407|-112.0|-112.0|-112.0|QROCK3|QROCK3X8|1.0|1.0|22.627416998|112.0|8|rock|-|SG002121|-|1066|1|0|753|XA02TEX|-|1.0|1.0|0.0|0.0|0.0|QROCK3X8|-|1.0|1.0|22.627416998|112.0|-384.0|-384.0|-112.0|-112.0|384.0|384.0|384.0|384.0
UTNTSkyEdge_tntle_4049_0_terrain_1_1|4049|0|2|2979|753|368.0|-4800.0|336.0|-4832.0|352.3535533905933|-4816.353553390593|-112.0|-112.0|-112.0|QROCK3|XA02TEX|1.0|1.0|0.0|0.0|8|gravel|-|SG002311|-|1227|1|1|753|XA02TEX|-|1.0|1.0|0.0|0.0|0.0|QROCK3X8|-|1.0|1.0|22.627416998|112.0|-384.0|-384.0|-112.0|-112.0|384.0|384.0|384.0|384.0
UTNTSkyEdge_tntle_4050_0_terrain_1_0|4050|0|2|2979|753|336.0|-4832.0|352.0|-4864.0|343.55278640450007|-4848.22360679775|-112.0|-112.0|-112.0|QROCK3|QROCK3X8|1.0|1.0|67.882250994|112.0|8|rock|-|SG002121|-|1066|1|0|753|XA02TEX|-|1.0|1.0|0.0|0.0|0.0|QROCK3X8|-|1.0|1.0|67.882250994|112.0|-384.0|-384.0|-112.0|-112.0|384.0|384.0|384.0|384.0
UTNTSkyEdge_tntle_4050_0_terrain_1_1|4050|0|2|2979|753|336.0|-4832.0|352.0|-4864.0|344.44721359549993|-4847.77639320225|-112.0|-112.0|-112.0|QROCK3|XA02TEX|1.0|1.0|0.0|0.0|8|gravel|-|SG002311|-|1227|1|1|753|XA02TEX|-|1.0|1.0|0.0|0.0|0.0|QROCK3X8|-|1.0|1.0|67.882250994|112.0|-384.0|-384.0|-112.0|-112.0|384.0|384.0|384.0|384.0
UTNTSkyEdge_tntle_4051_0_terrain_1_0|4051|0|2|2979|753|352.0|-4864.0|336.0|-4896.0|343.55278640450007|-4879.77639320225|-112.0|-112.0|-112.0|QROCK3|QROCK3X8|1.0|1.0|103.659338634|112.0|8|rock|-|SG002121|-|1066|1|0|753|XA02TEX|-|1.0|1.0|0.0|0.0|0.0|QROCK3X8|-|1.0|1.0|103.659338634|112.0|-384.0|-384.0|-112.0|-112.0|384.0|384.0|384.0|384.0
UTNTSkyEdge_tntle_4051_0_terrain_1_1|4051|0|2|2979|753|352.0|-4864.0|336.0|-4896.0|344.44721359549993|-4880.22360679775|-112.0|-112.0|-112.0|QROCK3|XA02TEX|1.0|1.0|0.0|0.0|8|gravel|-|SG002311|-|1227|1|1|753|XA02TEX|-|1.0|1.0|0.0|0.0|0.0|QROCK3X8|-|1.0|1.0|103.659338634|112.0|-384.0|-384.0|-112.0|-112.0|384.0|384.0|384.0|384.0
UTNTSkyEdge_tntle_4053_1_terrain_1_0|4053|1|2|2979|754|384.0|-4704.0|400.0|-4752.0|391.52565835097477|-4728.158113883009|-112.0|-112.0|-112.0|QROCK3|QROCK3X8|1.0|1.0|482.113901106|112.0|8|rock|-|SG002121|-|1066|1|0|754|XA02TEX|-|1.0|1.0|0.0|0.0|0.0|QROCK3X8|-|1.0|1.0|482.113901106|112.0|-384.0|-384.0|-112.0|-112.0|384.0|384.0|384.0|384.0
UTNTSkyEdge_tntle_4053_1_terrain_1_1|4053|1|2|2979|754|384.0|-4704.0|400.0|-4752.0|392.47434164902523|-4727.841886116991|-112.0|-112.0|-112.0|QROCK3|XA02TEX|1.0|1.0|0.0|0.0|8|gravel|-|SG002312|-|1228|1|1|754|XA02TEX|-|1.0|1.0|0.0|0.0|0.0|QROCK3X8|-|1.0|1.0|482.113901106|112.0|-384.0|-384.0|-112.0|-112.0|384.0|384.0|384.0|384.0
UTNTSkyEdge_tntle_4054_1_terrain_1_0|4054|1|2|2979|754|416.0|-4672.0|384.0|-4704.0|399.6464466094067|-4687.646446609407|-112.0|-112.0|-112.0|QROCK3|QROCK3X8|1.0|1.0|436.85906711|112.0|8|rock|-|SG002121|-|1066|1|0|754|XA02TEX|-|1.0|1.0|0.0|0.0|0.0|QROCK3X8|-|1.0|1.0|436.85906711|112.0|-384.0|-384.0|-112.0|-112.0|384.0|384.0|384.0|384.0
UTNTSkyEdge_tntle_4054_1_terrain_1_1|4054|1|2|2979|754|416.0|-4672.0|384.0|-4704.0|400.3535533905933|-4688.353553390593|-112.0|-112.0|-112.0|QROCK3|XA02TEX|1.0|1.0|0.0|0.0|8|gravel|-|SG002312|-|1228|1|1|754|XA02TEX|-|1.0|1.0|0.0|0.0|0.0|QROCK3X8|-|1.0|1.0|436.85906711|112.0|-384.0|-384.0|-112.0|-112.0|384.0|384.0|384.0|384.0
UTNTSkyEdge_tntle_4055_1_terrain_1_0|4055|1|2|2979|754|384.0|-4624.0|416.0|-4672.0|399.5839748528311|-4648.277350098113|-112.0|-112.0|-112.0|QROCK3|QROCK3X8|1.0|1.0|379.170246703|112.0|8|rock|-|SG002121|-|1066|1|0|754|XA02TEX|-|1.0|1.0|0.0|0.0|0.0|QROCK3X8|-|1.0|1.0|379.170246703|112.0|-384.0|-384.0|-112.0|-112.0|384.0|384.0|384.0|384.0
UTNTSkyEdge_tntle_4055_1_terrain_1_1|4055|1|2|2979|754|384.0|-4624.0|416.0|-4672.0|400.4160251471689|-4647.722649901887|-112.0|-112.0|-112.0|QROCK3|XA02TEX|1.0|1.0|0.0|0.0|8|gravel|-|SG002312|-|1228|1|1|754|XA02TEX|-|1.0|1.0|0.0|0.0|0.0|QROCK3X8|-|1.0|1.0|379.170246703|112.0|-384.0|-384.0|-112.0|-112.0|384.0|384.0|384.0|384.0
UTNTSkyEdge_tntle_4056_1_terrain_1_0|4056|1|2|2979|754|400.0|-4560.0|384.0|-4624.0|391.5149287499273|-4591.878732187482|-112.0|-112.0|-112.0|QROCK3|QROCK3X8|1.0|1.0|313.200556693|112.0|8|rock|-|SG002121|-|1066|1|0|754|XA02TEX|-|1.0|1.0|0.0|0.0|0.0|QROCK3X8|-|1.0|1.0|313.200556693|112.0|-384.0|-384.0|-112.0|-112.0|384.0|384.0|384.0|384.0
UTNTSkyEdge_tntle_4056_1_terrain_1_1|4056|1|2|2979|754|400.0|-4560.0|384.0|-4624.0|392.4850712500727|-4592.121267812518|-112.0|-112.0|-112.0|QROCK3|XA02TEX|1.0|1.0|0.0|0.0|8|gravel|-|SG002312|-|1228|1|1|754|XA02TEX|-|1.0|1.0|0.0|0.0|0.0|QROCK3X8|-|1.0|1.0|313.200556693|112.0|-384.0|-384.0|-112.0|-112.0|384.0|384.0|384.0|384.0
UTNTSkyEdge_tntle_4057_1_terrain_1_0|4057|1|2|2979|754|448.0|-4512.0|400.0|-4560.0|423.6464466094067|-4535.646446609407|-112.0|-112.0|-112.0|QROCK3|QROCK3X8|1.0|1.0|245.318305699|112.0|8|rock|-|SG002121|-|1066|1|0|754|XA02TEX|-|1.0|1.0|0.0|0.0|0.0|QROCK3X8|-|1.0|1.0|245.318305699|112.0|-384.0|-384.0|-112.0|-112.0|384.0|384.0|384.0|384.0
UTNTSkyEdge_tntle_4057_1_terrain_1_1|4057|1|2|2979|754|448.0|-4512.0|400.0|-4560.0|424.3535533905933|-4536.353553390593|-112.0|-112.0|-112.0|QROCK3|XA02TEX|1.0|1.0|0.0|0.0|8|gravel|-|SG002312|-|1228|1|1|754|XA02TEX|-|1.0|1.0|0.0|0.0|0.0|QROCK3X8|-|1.0|1.0|245.318305699|112.0|-384.0|-384.0|-112.0|-112.0|384.0|384.0|384.0|384.0
UTNTSkyEdge_tntle_4058_1_terrain_1_0|4058|1|2|2979|754|512.0|-4512.0|448.0|-4512.0|480.0|-4511.5|-112.0|-112.0|-112.0|QROCK3|QROCK3X8|1.0|1.0|181.318305699|112.0|8|rock|-|SG002121|-|1066|1|0|754|XA02TEX|-|1.0|1.0|0.0|0.0|0.0|QROCK3X8|-|1.0|1.0|181.318305699|112.0|-384.0|-384.0|-112.0|-112.0|384.0|384.0|384.0|384.0
UTNTSkyEdge_tntle_4058_1_terrain_1_1|4058|1|2|2979|754|512.0|-4512.0|448.0|-4512.0|480.0|-4512.5|-112.0|-112.0|-112.0|QROCK3|XA02TEX|1.0|1.0|0.0|0.0|8|gravel|-|SG002312|-|1228|1|1|754|XA02TEX|-|1.0|1.0|0.0|0.0|0.0|QROCK3X8|-|1.0|1.0|181.318305699|112.0|-384.0|-384.0|-112.0|-112.0|384.0|384.0|384.0|384.0
UTNTSkyEdge_tntle_4059_1_terrain_1_0|4059|1|2|2979|754|544.0|-4544.0|512.0|-4512.0|528.3535533905932|-4527.646446609407|-112.0|-112.0|-112.0|QROCK3|QROCK3X8|1.0|1.0|136.063471703|112.0|8|rock|-|SG002121|-|1066|1|0|754|XA02TEX|-|1.0|1.0|0.0|0.0|0.0|QROCK3X8|-|1.0|1.0|136.063471703|112.0|-384.0|-384.0|-112.0|-112.0|384.0|384.0|384.0|384.0
UTNTSkyEdge_tntle_4059_1_terrain_1_1|4059|1|2|2979|754|544.0|-4544.0|512.0|-4512.0|527.6464466094068|-4528.353553390593|-112.0|-112.0|-112.0|QROCK3|XA02TEX|1.0|1.0|0.0|0.0|8|gravel|-|SG002312|-|1228|1|1|754|XA02TEX|-|1.0|1.0|0.0|0.0|0.0|QROCK3X8|-|1.0|1.0|136.063471703|112.0|-384.0|-384.0|-112.0|-112.0|384.0|384.0|384.0|384.0
UTNTSkyEdge_tntle_4060_1_terrain_1_0|4060|1|2|2979|754|624.0|-4544.0|544.0|-4544.0|584.0|-4543.5|-112.0|-112.0|-112.0|QROCK3|QROCK3X8|1.0|1.0|56.063471703|112.0|8|rock|-|SG002121|-|1066|1|0|754|XA02TEX|-|1.0|1.0|0.0|0.0|0.0|QROCK3X8|-|1.0|1.0|56.063471703|112.0|-384.0|-384.0|-112.0|-112.0|384.0|384.0|384.0|384.0
UTNTSkyEdge_tntle_4060_1_terrain_1_1|4060|1|2|2979|754|624.0|-4544.0|544.0|-4544.0|584.0|-4544.5|-112.0|-112.0|-112.0|QROCK3|XA02TEX|1.0|1.0|0.0|0.0|8|gravel|-|SG002312|-|1228|1|1|754|XA02TEX|-|1.0|1.0|0.0|0.0|0.0|QROCK3X8|-|1.0|1.0|56.063471703|112.0|-384.0|-384.0|-112.0|-112.0|384.0|384.0|384.0|384.0
UTNTSkyEdge_tntle_4061_1_terrain_1_0|4061|1|2|2979|754|688.0|-4512.0|624.0|-4544.0|655.77639320225|-4527.5527864045|-112.0|-112.0|-112.0|QROCK3|QROCK3X8|1.0|1.0|1008.509296423|112.0|8|rock|-|SG002121|-|1066|1|0|754|XA02TEX|-|1.0|1.0|0.0|0.0|0.0|QROCK3X8|-|1.0|1.0|1008.509296423|112.0|-384.0|-384.0|-112.0|-112.0|384.0|384.0|384.0|384.0
UTNTSkyEdge_tntle_4061_1_terrain_1_1|4061|1|2|2979|754|688.0|-4512.0|624.0|-4544.0|656.22360679775|-4528.4472135955|-112.0|-112.0|-112.0|QROCK3|XA02TEX|1.0|1.0|0.0|0.0|8|gravel|-|SG002312|-|1228|1|1|754|XA02TEX|-|1.0|1.0|0.0|0.0|0.0|QROCK3X8|-|1.0|1.0|1008.509296423|112.0|-384.0|-384.0|-112.0|-112.0|384.0|384.0|384.0|384.0
UTNTSkyEdge_tntle_4062_1_terrain_1_0|4062|1|2|2979|754|752.0|-4544.0|688.0|-4512.0|720.22360679775|-4527.5527864045|-112.0|-112.0|-112.0|QROCK3|QROCK3X8|1.0|1.0|936.955121143|112.0|8|rock|-|SG002121|-|1066|1|0|754|XA02TEX|-|1.0|1.0|0.0|0.0|0.0|QROCK3X8|-|1.0|1.0|936.955121143|112.0|-384.0|-384.0|-112.0|-112.0|384.0|384.0|384.0|384.0
UTNTSkyEdge_tntle_4062_1_terrain_1_1|4062|1|2|2979|754|752.0|-4544.0|688.0|-4512.0|719.77639320225|-4528.4472135955|-112.0|-112.0|-112.0|QROCK3|XA02TEX|1.0|1.0|0.0|0.0|8|gravel|-|SG002312|-|1228|1|1|754|XA02TEX|-|1.0|1.0|0.0|0.0|0.0|QROCK3X8|-|1.0|1.0|936.955121143|112.0|-384.0|-384.0|-112.0|-112.0|384.0|384.0|384.0|384.0
UTNTSkyEdge_tntle_4063_1_terrain_1_0|4063|1|2|2979|754|816.0|-4640.0|752.0|-4544.0|784.416025147169|-4591.722649901887|-112.0|-112.0|-112.0|QROCK3|QROCK3X8|1.0|1.0|821.577480328|112.0|8|rock|-|SG002121|-|1066|1|0|754|XA02TEX|-|1.0|1.0|0.0|0.0|0.0|QROCK3X8|-|1.0|1.0|821.577480328|112.0|-384.0|-384.0|-112.0|-112.0|384.0|384.0|384.0|384.0
UTNTSkyEdge_tntle_4063_1_terrain_1_1|4063|1|2|2979|754|816.0|-4640.0|752.0|-4544.0|783.583974852831|-4592.277350098113|-112.0|-112.0|-112.0|QROCK3|XA02TEX|1.0|1.0|0.0|0.0|8|gravel|-|SG002312|-|1228|1|1|754|XA02TEX|-|1.0|1.0|0.0|0.0|0.0|QROCK3X8|-|1.0|1.0|821.577480328|112.0|-384.0|-384.0|-112.0|-112.0|384.0|384.0|384.0|384.0
UTNTSkyEdge_tntle_4064_1_terrain_1_0|4064|1|2|2979|760|896.0|-4656.0|816.0|-4640.0|856.0980580675691|-4647.509709662155|-112.0|-112.0|-112.0|QROCK3|QROCK3X8|1.0|1.0|739.993168111|112.0|8|rock|-|SG002121|-|1066|1|0|760|XA02TEX|-|1.0|1.0|0.0|0.0|0.0|QROCK3X8|-|1.0|1.0|739.993168111|112.0|-384.0|-384.0|-112.0|-112.0|384.0|384.0|384.0|384.0
UTNTSkyEdge_tntle_4064_1_terrain_1_1|4064|1|2|2979|760|896.0|-4656.0|816.0|-4640.0|855.9019419324309|-4648.490290337845|-112.0|-112.0|-112.0|QROCK3|XA02TEX|1.0|1.0|0.0|0.0|8|gravel|-|SG002313|-|1229|1|1|760|XA02TEX|-|1.0|1.0|0.0|0.0|0.0|QROCK3X8|-|1.0|1.0|739.993168111|112.0|-384.0|-384.0|-112.0|-112.0|384.0|384.0|384.0|384.0
UTNTSkyEdge_tntle_4065_1_terrain_1_0|4065|1|2|2979|760|976.0|-4640.0|896.0|-4656.0|935.9019419324309|-4647.509709662155|-112.0|-112.0|-112.0|QROCK3|QROCK3X8|1.0|1.0|658.408855893|112.0|8|rock|-|SG002121|-|1066|1|0|760|XA02TEX|-|1.0|1.0|0.0|0.0|0.0|QROCK3X8|-|1.0|1.0|658.408855893|112.0|-384.0|-384.0|-112.0|-112.0|384.0|384.0|384.0|384.0
UTNTSkyEdge_tntle_4065_1_terrain_1_1|4065|1|2|2979|760|976.0|-4640.0|896.0|-4656.0|936.0980580675691|-4648.490290337845|-112.0|-112.0|-112.0|QROCK3|XA02TEX|1.0|1.0|0.0|0.0|8|gravel|-|SG002313|-|1229|1|1|760|XA02TEX|-|1.0|1.0|0.0|0.0|0.0|QROCK3X8|-|1.0|1.0|658.408855893|112.0|-384.0|-384.0|-112.0|-112.0|384.0|384.0|384.0|384.0
UTNTSkyEdge_tntle_4066_1_terrain_1_0|4066|1|2|2979|760|1024.0|-4576.0|976.0|-4640.0|999.6|-4607.7|-112.0|-112.0|-112.0|QROCK3|QROCK3X8|1.0|1.0|578.408855893|112.0|8|rock|-|SG002121|-|1066|1|0|760|XA02TEX|-|1.0|1.0|0.0|0.0|0.0|QROCK3X8|-|1.0|1.0|578.408855893|112.0|-384.0|-384.0|-112.0|-112.0|384.0|384.0|384.0|384.0
UTNTSkyEdge_tntle_4066_1_terrain_1_1|4066|1|2|2979|760|1024.0|-4576.0|976.0|-4640.0|1000.4|-4608.3|-112.0|-112.0|-112.0|QROCK3|XA02TEX|1.0|1.0|0.0|0.0|8|gravel|-|SG002313|-|1229|1|1|760|XA02TEX|-|1.0|1.0|0.0|0.0|0.0|QROCK3X8|-|1.0|1.0|578.408855893|112.0|-384.0|-384.0|-112.0|-112.0|384.0|384.0|384.0|384.0
UTNTSkyEdge_tntle_4067_1_terrain_1_0|4067|1|2|2979|761|1008.0|-4512.0|1024.0|-4576.0|1015.5149287499273|-4544.121267812518|-112.0|-112.0|-112.0|QROCK3|QROCK3X8|1.0|1.0|512.439165883|112.0|8|rock|-|SG002121|-|1066|1|0|761|XA02TEX|-|1.0|1.0|0.0|0.0|0.0|QROCK3X8|-|1.0|1.0|512.439165883|112.0|-384.0|-384.0|-112.0|-112.0|384.0|384.0|384.0|384.0
UTNTSkyEdge_tntle_4067_1_terrain_1_1|4067|1|2|2979|761|1008.0|-4512.0|1024.0|-4576.0|1016.4850712500727|-4543.878732187482|-112.0|-112.0|-112.0|QROCK3|XA02TEX|1.0|1.0|0.0|0.0|8|gravel|-|SG002314|-|1230|1|1|761|XA02TEX|-|1.0|1.0|0.0|0.0|0.0|QROCK3X8|-|1.0|1.0|512.439165883|112.0|-384.0|-384.0|-112.0|-112.0|384.0|384.0|384.0|384.0
UTNTSkyEdge_tntle_4068_1_terrain_1_0|4068|1|2|2979|761|960.0|-4480.0|1008.0|-4512.0|983.7226499018874|-4496.4160251471685|-112.0|-112.0|-112.0|QROCK3|QROCK3X8|1.0|1.0|454.750345476|112.0|8|rock|-|SG002121|-|1066|1|0|761|XA02TEX|-|1.0|1.0|0.0|0.0|0.0|QROCK3X8|-|1.0|1.0|454.750345476|112.0|-384.0|-384.0|-112.0|-112.0|384.0|384.0|384.0|384.0
UTNTSkyEdge_tntle_4068_1_terrain_1_1|4068|1|2|2979|761|960.0|-4480.0|1008.0|-4512.0|984.2773500981126|-4495.5839748528315|-112.0|-112.0|-112.0|QROCK3|XA02TEX|1.0|1.0|0.0|0.0|8|gravel|-|SG002314|-|1230|1|1|761|XA02TEX|-|1.0|1.0|0.0|0.0|0.0|QROCK3X8|-|1.0|1.0|454.750345476|112.0|-384.0|-384.0|-112.0|-112.0|384.0|384.0|384.0|384.0
UTNTSkyEdge_tntle_4069_1_terrain_1_0|4069|1|2|2979|761|928.0|-4416.0|960.0|-4480.0|943.5527864045|-4448.22360679775|-112.0|-112.0|-112.0|QROCK3|QROCK3X8|1.0|1.0|383.196170196|112.0|8|rock|-|SG002121|-|1066|1|0|761|XA02TEX|-|1.0|1.0|0.0|0.0|0.0|QROCK3X8|-|1.0|1.0|383.196170196|112.0|-384.0|-384.0|-112.0|-112.0|384.0|384.0|384.0|384.0
UTNTSkyEdge_tntle_4069_1_terrain_1_1|4069|1|2|2979|761|928.0|-4416.0|960.0|-4480.0|944.4472135955|-4447.77639320225|-112.0|-112.0|-112.0|QROCK3|XA02TEX|1.0|1.0|0.0|0.0|8|gravel|-|SG002314|-|1230|1|1|761|XA02TEX|-|1.0|1.0|0.0|0.0|0.0|QROCK3X8|-|1.0|1.0|383.196170196|112.0|-384.0|-384.0|-112.0|-112.0|384.0|384.0|384.0|384.0
UTNTSkyEdge_tntle_4070_1_terrain_1_0|4070|1|2|2979|761|944.0|-4352.0|928.0|-4416.0|935.5149287499273|-4383.878732187482|-112.0|-112.0|-112.0|QROCK3|QROCK3X8|1.0|1.0|317.226480186|112.0|8|rock|-|SG002121|-|1066|1|0|761|XA02TEX|-|1.0|1.0|0.0|0.0|0.0|QROCK3X8|-|1.0|1.0|317.226480186|112.0|-384.0|-384.0|-112.0|-112.0|384.0|384.0|384.0|384.0
UTNTSkyEdge_tntle_4070_1_terrain_1_1|4070|1|2|2979|761|944.0|-4352.0|928.0|-4416.0|936.4850712500727|-4384.121267812518|-112.0|-112.0|-112.0|QROCK3|XA02TEX|1.0|1.0|0.0|0.0|8|gravel|-|SG002314|-|1230|1|1|761|XA02TEX|-|1.0|1.0|0.0|0.0|0.0|QROCK3X8|-|1.0|1.0|317.226480186|112.0|-384.0|-384.0|-112.0|-112.0|384.0|384.0|384.0|384.0
UTNTSkyEdge_tntle_4071_1_terrain_1_0|4071|1|2|2979|761|992.0|-4304.0|944.0|-4352.0|967.6464466094068|-4327.646446609407|-112.0|-112.0|-112.0|QROCK3|QROCK3X8|1.0|1.0|249.344229192|112.0|8|rock|-|SG002121|-|1066|1|0|761|XA02TEX|-|1.0|1.0|0.0|0.0|0.0|QROCK3X8|-|1.0|1.0|249.344229192|112.0|-384.0|-384.0|-112.0|-112.0|384.0|384.0|384.0|384.0
UTNTSkyEdge_tntle_4071_1_terrain_1_1|4071|1|2|2979|761|992.0|-4304.0|944.0|-4352.0|968.3535533905932|-4328.353553390593|-112.0|-112.0|-112.0|QROCK3|XA02TEX|1.0|1.0|0.0|0.0|8|gravel|-|SG002314|-|1230|1|1|761|XA02TEX|-|1.0|1.0|0.0|0.0|0.0|QROCK3X8|-|1.0|1.0|249.344229192|112.0|-384.0|-384.0|-112.0|-112.0|384.0|384.0|384.0|384.0
UTNTSkyEdge_tntle_4072_1_terrain_1_0|4072|1|2|2979|759|992.0|-4256.0|992.0|-4304.0|991.5|-4280.0|-112.0|-112.0|-112.0|QROCK3|QROCK3X8|1.0|1.0|201.344229192|112.0|8|rock|-|SG002121|-|1066|1|0|759|XA02TEX|-|1.0|1.0|0.0|0.0|0.0|QROCK3X8|-|1.0|1.0|201.344229192|112.0|-384.0|-384.0|-112.0|-112.0|384.0|384.0|384.0|384.0
UTNTSkyEdge_tntle_4072_1_terrain_1_1|4072|1|2|2979|759|992.0|-4256.0|992.0|-4304.0|992.5|-4280.0|-112.0|-112.0|-112.0|QROCK3|XA02TEX|1.0|1.0|0.0|0.0|8|gravel|-|SG002315|-|1231|1|1|759|XA02TEX|-|1.0|1.0|0.0|0.0|0.0|QROCK3X8|-|1.0|1.0|201.344229192|112.0|-384.0|-384.0|-112.0|-112.0|384.0|384.0|384.0|384.0
UTNTSkyEdge_tntle_4073_1_terrain_1_0|4073|1|2|2979|759|1024.0|-4176.0|992.0|-4256.0|1007.5357616545574|-4215.814304661823|-112.0|-112.0|-112.0|QROCK3|QROCK3X8|1.0|1.0|115.181592278|112.0|8|rock|-|SG002121|-|1066|1|0|759|XA02TEX|-|1.0|1.0|0.0|0.0|0.0|QROCK3X8|-|1.0|1.0|115.181592278|112.0|-384.0|-384.0|-112.0|-112.0|384.0|384.0|384.0|384.0
UTNTSkyEdge_tntle_4073_1_terrain_1_1|4073|1|2|2979|759|1024.0|-4176.0|992.0|-4256.0|1008.4642383454426|-4216.185695338177|-112.0|-112.0|-112.0|QROCK3|XA02TEX|1.0|1.0|0.0|0.0|8|gravel|-|SG002315|-|1231|1|1|759|XA02TEX|-|1.0|1.0|0.0|0.0|0.0|QROCK3X8|-|1.0|1.0|115.181592278|112.0|-384.0|-384.0|-112.0|-112.0|384.0|384.0|384.0|384.0
UTNTSkyEdge_tntle_4074_1_terrain_1_0|4074|1|2|2979|759|1008.0|-4160.0|1024.0|-4176.0|1015.6464466094068|-4168.353553390593|-112.0|-112.0|-112.0|QROCK3|QROCK3X8|1.0|1.0|92.55417528|112.0|8|rock|-|SG002121|-|1066|1|0|759|XA02TEX|-|1.0|1.0|0.0|0.0|0.0|QROCK3X8|-|1.0|1.0|92.55417528|112.0|-384.0|-384.0|-112.0|-112.0|384.0|384.0|384.0|384.0
UTNTSkyEdge_tntle_4074_1_terrain_1_1|4074|1|2|2979|759|1008.0|-4160.0|1024.0|-4176.0|1016.3535533905932|-4167.646446609407|-112.0|-112.0|-112.0|QROCK3|XA02TEX|1.0|1.0|0.0|0.0|8|gravel|-|SG002315|-|1231|1|1|759|XA02TEX|-|1.0|1.0|0.0|0.0|0.0|QROCK3X8|-|1.0|1.0|92.55417528|112.0|-384.0|-384.0|-112.0|-112.0|384.0|384.0|384.0|384.0
UTNTSkyEdge_tntle_4075_1_terrain_1_0|4075|1|2|2979|759|1040.0|-4096.0|1008.0|-4160.0|1023.5527864045|-4127.77639320225|-112.0|-112.0|-112.0|QROCK3|QROCK3X8|1.0|1.0|21.0|112.0|8|rock|-|SG002121|-|1066|1|0|759|XA02TEX|-|1.0|1.0|0.0|0.0|0.0|QROCK3X8|-|1.0|1.0|21.0|112.0|-384.0|-384.0|-112.0|-112.0|384.0|384.0|384.0|384.0
UTNTSkyEdge_tntle_4075_1_terrain_1_1|4075|1|2|2979|759|1040.0|-4096.0|1008.0|-4160.0|1024.4472135955|-4128.22360679775|-112.0|-112.0|-112.0|QROCK3|XA02TEX|1.0|1.0|0.0|0.0|8|gravel|-|SG002315|-|1231|1|1|759|XA02TEX|-|1.0|1.0|0.0|0.0|0.0|QROCK3X8|-|1.0|1.0|21.0|112.0|-384.0|-384.0|-112.0|-112.0|384.0|384.0|384.0|384.0
UTNTSkyEdge_tntle_4076_1_terrain_1_0|4076|1|2|2979|754|544.0|-4880.0|544.0|-4816.0|544.5|-4848.0|-112.0|-112.0|-112.0|QROCK3|QROCK3X8|1.0|1.0|55.0|112.0|8|rock|-|SG002121|-|1066|1|0|754|XA02TEX|-|1.0|1.0|0.0|0.0|0.0|QROCK3X8|-|1.0|1.0|55.0|112.0|-384.0|-384.0|-112.0|-112.0|384.0|384.0|384.0|384.0
UTNTSkyEdge_tntle_4076_1_terrain_1_1|4076|1|2|2979|754|544.0|-4880.0|544.0|-4816.0|543.5|-4848.0|-112.0|-112.0|-112.0|QROCK3|XA02TEX|1.0|1.0|0.0|0.0|8|gravel|-|SG002312|-|1228|1|1|754|XA02TEX|-|1.0|1.0|0.0|0.0|0.0|QROCK3X8|-|1.0|1.0|55.0|112.0|-384.0|-384.0|-112.0|-112.0|384.0|384.0|384.0|384.0
UTNTSkyEdge_tntle_4077_1_terrain_1_0|4077|1|2|2979|754|496.0|-4880.0|544.0|-4880.0|520.0|-4880.5|-112.0|-112.0|-112.0|QROCK3|QROCK3X8|1.0|1.0|7.0|112.0|8|rock|-|SG002121|-|1066|1|0|754|XA02TEX|-|1.0|1.0|0.0|0.0|0.0|QROCK3X8|-|1.0|1.0|7.0|112.0|-384.0|-384.0|-112.0|-112.0|384.0|384.0|384.0|384.0
UTNTSkyEdge_tntle_4077_1_terrain_1_1|4077|1|2|2979|754|496.0|-4880.0|544.0|-4880.0|520.0|-4879.5|-112.0|-112.0|-112.0|QROCK3|XA02TEX|1.0|1.0|0.0|0.0|8|gravel|-|SG002312|-|1228|1|1|754|XA02TEX|-|1.0|1.0|0.0|0.0|0.0|QROCK3X8|-|1.0|1.0|7.0|112.0|-384.0|-384.0|-112.0|-112.0|384.0|384.0|384.0|384.0
UTNTSkyEdge_tntle_4079_1_terrain_1_0|4079|1|2|2979|759|1152.0|-4208.0|1168.0|-4192.0|1160.3535533905933|-4200.353553390593|-112.0|-112.0|-112.0|QROCK3|QROCK3X8|1.0|1.0|449.484407874|112.0|8|rock|-|SG002121|-|1066|1|0|759|XA02TEX|-|1.0|1.0|0.0|0.0|0.0|QROCK3X8|-|1.0|1.0|449.484407874|112.0|-384.0|-384.0|-112.0|-112.0|384.0|384.0|384.0|384.0
UTNTSkyEdge_tntle_4079_1_terrain_1_1|4079|1|2|2979|759|1152.0|-4208.0|1168.0|-4192.0|1159.6464466094067|-4199.646446609407|-112.0|-112.0|-112.0|QROCK3|XA02TEX|1.0|1.0|0.0|0.0|8|gravel|-|SG002315|-|1231|1|1|759|XA02TEX|-|1.0|1.0|0.0|0.0|0.0|QROCK3X8|-|1.0|1.0|449.484407874|112.0|-384.0|-384.0|-112.0|-112.0|384.0|384.0|384.0|384.0
UTNTSkyEdge_tntle_4080_1_terrain_1_0|4080|1|2|2979|759|1152.0|-4256.0|1152.0|-4208.0|1152.5|-4232.0|-112.0|-112.0|-112.0|QROCK3|QROCK3X8|1.0|1.0|401.484407874|112.0|8|rock|-|SG002121|-|1066|1|0|759|XA02TEX|-|1.0|1.0|0.0|0.0|0.0|QROCK3X8|-|1.0|1.0|401.484407874|112.0|-384.0|-384.0|-112.0|-112.0|384.0|384.0|384.0|384.0
UTNTSkyEdge_tntle_4080_1_terrain_1_1|4080|1|2|2979|759|1152.0|-4256.0|1152.0|-4208.0|1151.5|-4232.0|-112.0|-112.0|-112.0|QROCK3|XA02TEX|1.0|1.0|0.0|0.0|8|gravel|-|SG002315|-|1231|1|1|759|XA02TEX|-|1.0|1.0|0.0|0.0|0.0|QROCK3X8|-|1.0|1.0|401.484407874|112.0|-384.0|-384.0|-112.0|-112.0|384.0|384.0|384.0|384.0
UTNTSkyEdge_tntle_4081_1_terrain_1_0|4081|1|2|2979|759|1120.0|-4288.0|1152.0|-4256.0|1136.3535533905933|-4272.353553390593|-112.0|-112.0|-112.0|QROCK3|QROCK3X8|1.0|1.0|356.229573878|112.0|8|rock|-|SG002121|-|1066|1|0|759|XA02TEX|-|1.0|1.0|0.0|0.0|0.0|QROCK3X8|-|1.0|1.0|356.229573878|112.0|-384.0|-384.0|-112.0|-112.0|384.0|384.0|384.0|384.0
UTNTSkyEdge_tntle_4081_1_terrain_1_1|4081|1|2|2979|759|1120.0|-4288.0|1152.0|-4256.0|1135.6464466094067|-4271.646446609407|-112.0|-112.0|-112.0|QROCK3|XA02TEX|1.0|1.0|0.0|0.0|8|gravel|-|SG002315|-|1231|1|1|759|XA02TEX|-|1.0|1.0|0.0|0.0|0.0|QROCK3X8|-|1.0|1.0|356.229573878|112.0|-384.0|-384.0|-112.0|-112.0|384.0|384.0|384.0|384.0
UTNTSkyEdge_tntle_4082_1_terrain_1_0|4082|1|2|2979|759|1104.0|-4352.0|1120.0|-4288.0|1112.4850712500727|-4320.121267812518|-112.0|-112.0|-112.0|QROCK3|QROCK3X8|1.0|1.0|290.259883868|112.0|8|rock|-|SG002121|-|1066|1|0|759|XA02TEX|-|1.0|1.0|0.0|0.0|0.0|QROCK3X8|-|1.0|1.0|290.259883868|112.0|-384.0|-384.0|-112.0|-112.0|384.0|384.0|384.0|384.0
UTNTSkyEdge_tntle_4082_1_terrain_1_1|4082|1|2|2979|759|1104.0|-4352.0|1120.0|-4288.0|1111.5149287499273|-4319.878732187482|-112.0|-112.0|-112.0|QROCK3|XA02TEX|1.0|1.0|0.0|0.0|8|gravel|-|SG002315|-|1231|1|1|759|XA02TEX|-|1.0|1.0|0.0|0.0|0.0|QROCK3X8|-|1.0|1.0|290.259883868|112.0|-384.0|-384.0|-112.0|-112.0|384.0|384.0|384.0|384.0
UTNTSkyEdge_tntle_4083_1_terrain_1_0|4083|1|2|2979|761|1120.0|-4384.0|1104.0|-4352.0|1112.4472135955|-4367.77639320225|-112.0|-112.0|-112.0|QROCK3|QROCK3X8|1.0|1.0|254.482796228|112.0|8|rock|-|SG002121|-|1066|1|0|761|XA02TEX|-|1.0|1.0|0.0|0.0|0.0|QROCK3X8|-|1.0|1.0|254.482796228|112.0|-384.0|-384.0|-112.0|-112.0|384.0|384.0|384.0|384.0
UTNTSkyEdge_tntle_4083_1_terrain_1_1|4083|1|2|2979|761|1120.0|-4384.0|1104.0|-4352.0|1111.5527864045|-4368.22360679775|-112.0|-112.0|-112.0|QROCK3|XA02TEX|1.0|1.0|0.0|0.0|8|gravel|-|SG002314|-|1230|1|1|761|XA02TEX|-|1.0|1.0|0.0|0.0|0.0|QROCK3X8|-|1.0|1.0|254.482796228|112.0|-384.0|-384.0|-112.0|-112.0|384.0|384.0|384.0|384.0
UTNTSkyEdge_tntle_4084_1_terrain_1_0|4084|1|2|2979|761|1152.0|-4480.0|1120.0|-4384.0|1136.4743416490253|-4431.841886116991|-112.0|-112.0|-112.0|QROCK3|QROCK3X8|1.0|1.0|153.289911103|112.0|8|rock|-|SG002121|-|1066|1|0|761|XA02TEX|-|1.0|1.0|0.0|0.0|0.0|QROCK3X8|-|1.0|1.0|153.289911103|112.0|-384.0|-384.0|-112.0|-112.0|384.0|384.0|384.0|384.0
UTNTSkyEdge_tntle_4084_1_terrain_1_1|4084|1|2|2979|761|1152.0|-4480.0|1120.0|-4384.0|1135.5256583509747|-4432.158113883009|-112.0|-112.0|-112.0|QROCK3|XA02TEX|1.0|1.0|0.0|0.0|8|gravel|-|SG002314|-|1230|1|1|761|XA02TEX|-|1.0|1.0|0.0|0.0|0.0|QROCK3X8|-|1.0|1.0|153.289911103|112.0|-384.0|-384.0|-112.0|-112.0|384.0|384.0|384.0|384.0
UTNTSkyEdge_tntle_4085_1_terrain_1_0|4085|1|2|2979|761|1120.0|-4512.0|1152.0|-4480.0|1136.3535533905933|-4496.353553390593|-112.0|-112.0|-112.0|QROCK3|QROCK3X8|1.0|1.0|108.035077107|112.0|8|rock|-|SG002121|-|1066|1|0|761|XA02TEX|-|1.0|1.0|0.0|0.0|0.0|QROCK3X8|-|1.0|1.0|108.035077107|112.0|-384.0|-384.0|-112.0|-112.0|384.0|384.0|384.0|384.0
UTNTSkyEdge_tntle_4085_1_terrain_1_1|4085|1|2|2979|761|1120.0|-4512.0|1152.0|-4480.0|1135.6464466094067|-4495.646446609407|-112.0|-112.0|-112.0|QROCK3|XA02TEX|1.0|1.0|0.0|0.0|8|gravel|-|SG002314|-|1230|1|1|761|XA02TEX|-|1.0|1.0|0.0|0.0|0.0|QROCK3X8|-|1.0|1.0|108.035077107|112.0|-384.0|-384.0|-112.0|-112.0|384.0|384.0|384.0|384.0
UTNTSkyEdge_tntle_4086_1_terrain_1_0|4086|1|2|2979|761|1136.0|-4592.0|1120.0|-4512.0|1128.4902903378454|-4551.901941932431|-112.0|-112.0|-112.0|QROCK3|QROCK3X8|1.0|1.0|26.45076489|112.0|8|rock|-|SG002121|-|1066|1|0|761|XA02TEX|-|1.0|1.0|0.0|0.0|0.0|QROCK3X8|-|1.0|1.0|26.45076489|112.0|-384.0|-384.0|-112.0|-112.0|384.0|384.0|384.0|384.0
UTNTSkyEdge_tntle_4086_1_terrain_1_1|4086|1|2|2979|761|1136.0|-4592.0|1120.0|-4512.0|1127.5097096621546|-4552.098058067569|-112.0|-112.0|-112.0|QROCK3|XA02TEX|1.0|1.0|0.0|0.0|8|gravel|-|SG002314|-|1230|1|1|761|XA02TEX|-|1.0|1.0|0.0|0.0|0.0|QROCK3X8|-|1.0|1.0|26.45076489|112.0|-384.0|-384.0|-112.0|-112.0|384.0|384.0|384.0|384.0
UTNTSkyEdge_tntle_4087_1_terrain_1_0|4087|1|2|2979|760|1168.0|-4656.0|1136.0|-4592.0|1152.4472135955|-4623.77639320225|-112.0|-112.0|-112.0|QROCK3|QROCK3X8|1.0|1.0|978.89658961|112.0|8|rock|-|SG002121|-|1066|1|0|760|XA02TEX|-|1.0|1.0|0.0|0.0|0.0|QROCK3X8|-|1.0|1.0|978.89658961|112.0|-384.0|-384.0|-112.0|-112.0|384.0|384.0|384.0|384.0
UTNTSkyEdge_tntle_4087_1_terrain_1_1|4087|1|2|2979|760|1168.0|-4656.0|1136.0|-4592.0|1151.5527864045|-4624.22360679775|-112.0|-112.0|-112.0|QROCK3|XA02TEX|1.0|1.0|0.0|0.0|8|gravel|-|SG002313|-|1229|1|1|760|XA02TEX|-|1.0|1.0|0.0|0.0|0.0|QROCK3X8|-|1.0|1.0|978.89658961|112.0|-384.0|-384.0|-112.0|-112.0|384.0|384.0|384.0|384.0
UTNTSkyEdge_tntle_4088_1_terrain_1_0|4088|1|2|2979|760|1136.0|-4704.0|1168.0|-4656.0|1152.416025147169|-4680.277350098113|-112.0|-112.0|-112.0|QROCK3|QROCK3X8|1.0|1.0|921.207769202|112.0|8|rock|-|SG002121|-|1066|1|0|760|XA02TEX|-|1.0|1.0|0.0|0.0|0.0|QROCK3X8|-|1.0|1.0|921.207769202|112.0|-384.0|-384.0|-112.0|-112.0|384.0|384.0|384.0|384.0
UTNTSkyEdge_tntle_4088_1_terrain_1_1|4088|1|2|2979|760|1136.0|-4704.0|1168.0|-4656.0|1151.583974852831|-4679.722649901887|-112.0|-112.0|-112.0|QROCK3|XA02TEX|1.0|1.0|0.0|0.0|8|gravel|-|SG002313|-|1229|1|1|760|XA02TEX|-|1.0|1.0|0.0|0.0|0.0|QROCK3X8|-|1.0|1.0|921.207769202|112.0|-384.0|-384.0|-112.0|-112.0|384.0|384.0|384.0|384.0
UTNTSkyEdge_tntle_4089_1_terrain_1_0|4089|1|2|2979|760|1104.0|-4752.0|1136.0|-4704.0|1120.416025147169|-4728.277350098113|-112.0|-112.0|-112.0|QROCK3|QROCK3X8|1.0|1.0|863.518948795|112.0|8|rock|-|SG002121|-|1066|1|0|760|XA02TEX|-|1.0|1.0|0.0|0.0|0.0|QROCK3X8|-|1.0|1.0|863.518948795|112.0|-384.0|-384.0|-112.0|-112.0|384.0|384.0|384.0|384.0
UTNTSkyEdge_tntle_4089_1_terrain_1_1|4089|1|2|2979|760|1104.0|-4752.0|1136.0|-4704.0|1119.583974852831|-4727.722649901887|-112.0|-112.0|-112.0|QROCK3|XA02TEX|1.0|1.0|0.0|0.0|8|gravel|-|SG002313|-|1229|1|1|760|XA02TEX|-|1.0|1.0|0.0|0.0|0.0|QROCK3X8|-|1.0|1.0|863.518948795|112.0|-384.0|-384.0|-112.0|-112.0|384.0|384.0|384.0|384.0
UTNTSkyEdge_tntle_4090_1_terrain_1_0|4090|1|2|2979|760|1024.0|-4736.0|1104.0|-4752.0|1063.9019419324309|-4744.490290337845|-112.0|-112.0|-112.0|QROCK3|QROCK3X8|1.0|1.0|781.934636577|112.0|8|rock|-|SG002121|-|1066|1|0|760|XA02TEX|-|1.0|1.0|0.0|0.0|0.0|QROCK3X8|-|1.0|1.0|781.934636577|112.0|-384.0|-384.0|-112.0|-112.0|384.0|384.0|384.0|384.0
UTNTSkyEdge_tntle_4090_1_terrain_1_1|4090|1|2|2979|760|1024.0|-4736.0|1104.0|-4752.0|1064.0980580675691|-4743.509709662155|-112.0|-112.0|-112.0|QROCK3|XA02TEX|1.0|1.0|0.0|0.0|8|gravel|-|SG002313|-|1229|1|1|760|XA02TEX|-|1.0|1.0|0.0|0.0|0.0|QROCK3X8|-|1.0|1.0|781.934636577|112.0|-384.0|-384.0|-112.0|-112.0|384.0|384.0|384.0|384.0
UTNTSkyEdge_tntle_4091_1_terrain_1_0|4091|1|2|2979|760|992.0|-4768.0|1024.0|-4736.0|1008.3535533905932|-4752.353553390593|-112.0|-112.0|-112.0|QROCK3|QROCK3X8|1.0|1.0|736.679802581|112.0|8|rock|-|SG002121|-|1066|1|0|760|XA02TEX|-|1.0|1.0|0.0|0.0|0.0|QROCK3X8|-|1.0|1.0|736.679802581|112.0|-384.0|-384.0|-112.0|-112.0|384.0|384.0|384.0|384.0
UTNTSkyEdge_tntle_4091_1_terrain_1_1|4091|1|2|2979|760|992.0|-4768.0|1024.0|-4736.0|1007.6464466094068|-4751.646446609407|-112.0|-112.0|-112.0|QROCK3|XA02TEX|1.0|1.0|0.0|0.0|8|gravel|-|SG002313|-|1229|1|1|760|XA02TEX|-|1.0|1.0|0.0|0.0|0.0|QROCK3X8|-|1.0|1.0|736.679802581|112.0|-384.0|-384.0|-112.0|-112.0|384.0|384.0|384.0|384.0
UTNTSkyEdge_tntle_4092_1_terrain_1_0|4092|1|2|2979|760|880.0|-4784.0|992.0|-4768.0|936.0707106781186|-4776.494974746831|-112.0|-112.0|-112.0|QROCK3|QROCK3X8|1.0|1.0|623.542717591|112.0|8|rock|-|SG002121|-|1066|1|0|760|XA02TEX|-|1.0|1.0|0.0|0.0|0.0|QROCK3X8|-|1.0|1.0|623.542717591|112.0|-384.0|-384.0|-112.0|-112.0|384.0|384.0|384.0|384.0
UTNTSkyEdge_tntle_4092_1_terrain_1_1|4092|1|2|2979|760|880.0|-4784.0|992.0|-4768.0|935.9292893218814|-4775.505025253169|-112.0|-112.0|-112.0|QROCK3|XA02TEX|1.0|1.0|0.0|0.0|8|gravel|-|SG002313|-|1229|1|1|760|XA02TEX|-|1.0|1.0|0.0|0.0|0.0|QROCK3X8|-|1.0|1.0|623.542717591|112.0|-384.0|-384.0|-112.0|-112.0|384.0|384.0|384.0|384.0
UTNTSkyEdge_tntle_4093_1_terrain_1_0|4093|1|2|2979|760|832.0|-4752.0|880.0|-4784.0|855.7226499018874|-4768.4160251471685|-112.0|-112.0|-112.0|QROCK3|QROCK3X8|1.0|1.0|565.853897184|112.0|8|rock|-|SG002121|-|1066|1|0|760|XA02TEX|-|1.0|1.0|0.0|0.0|0.0|QROCK3X8|-|1.0|1.0|565.853897184|112.0|-384.0|-384.0|-112.0|-112.0|384.0|384.0|384.0|384.0
UTNTSkyEdge_tntle_4093_1_terrain_1_1|4093|1|2|2979|760|832.0|-4752.0|880.0|-4784.0|856.2773500981126|-4767.5839748528315|-112.0|-112.0|-112.0|QROCK3|XA02TEX|1.0|1.0|0.0|0.0|8|gravel|-|SG002313|-|1229|1|1|760|XA02TEX|-|1.0|1.0|0.0|0.0|0.0|QROCK3X8|-|1.0|1.0|565.853897184|112.0|-384.0|-384.0|-112.0|-112.0|384.0|384.0|384.0|384.0
UTNTSkyEdge_tntle_4094_1_terrain_1_0|4094|1|2|2979|760|768.0|-4752.0|832.0|-4752.0|800.0|-4752.5|-112.0|-112.0|-112.0|QROCK3|QROCK3X8|1.0|1.0|501.853897184|112.0|8|rock|-|SG002121|-|1066|1|0|760|XA02TEX|-|1.0|1.0|0.0|0.0|0.0|QROCK3X8|-|1.0|1.0|501.853897184|112.0|-384.0|-384.0|-112.0|-112.0|384.0|384.0|384.0|384.0
UTNTSkyEdge_tntle_4094_1_terrain_1_1|4094|1|2|2979|760|768.0|-4752.0|832.0|-4752.0|800.0|-4751.5|-112.0|-112.0|-112.0|QROCK3|XA02TEX|1.0|1.0|0.0|0.0|8|gravel|-|SG002313|-|1229|1|1|760|XA02TEX|-|1.0|1.0|0.0|0.0|0.0|QROCK3X8|-|1.0|1.0|501.853897184|112.0|-384.0|-384.0|-112.0|-112.0|384.0|384.0|384.0|384.0
UTNTSkyEdge_tntle_4095_1_terrain_1_0|4095|1|2|2979|760|736.0|-4720.0|768.0|-4752.0|751.6464466094068|-4736.353553390593|-112.0|-112.0|-112.0|QROCK3|QROCK3X8|1.0|1.0|456.599063188|112.0|8|rock|-|SG002121|-|1066|1|0|760|XA02TEX|-|1.0|1.0|0.0|0.0|0.0|QROCK3X8|-|1.0|1.0|456.599063188|112.0|-384.0|-384.0|-112.0|-112.0|384.0|384.0|384.0|384.0
UTNTSkyEdge_tntle_4095_1_terrain_1_1|4095|1|2|2979|760|736.0|-4720.0|768.0|-4752.0|752.3535533905932|-4735.646446609407|-112.0|-112.0|-112.0|QROCK3|XA02TEX|1.0|1.0|0.0|0.0|8|gravel|-|SG002313|-|1229|1|1|760|XA02TEX|-|1.0|1.0|0.0|0.0|0.0|QROCK3X8|-|1.0|1.0|456.599063188|112.0|-384.0|-384.0|-112.0|-112.0|384.0|384.0|384.0|384.0
UTNTSkyEdge_tntle_4096_1_terrain_1_0|4096|1|2|2979|760|704.0|-4656.0|736.0|-4720.0|719.5527864045|-4688.22360679775|-112.0|-112.0|-112.0|QROCK3|QROCK3X8|1.0|1.0|385.044887908|112.0|8|rock|-|SG002121|-|1066|1|0|760|XA02TEX|-|1.0|1.0|0.0|0.0|0.0|QROCK3X8|-|1.0|1.0|385.044887908|112.0|-384.0|-384.0|-112.0|-112.0|384.0|384.0|384.0|384.0
UTNTSkyEdge_tntle_4096_1_terrain_1_1|4096|1|2|2979|760|704.0|-4656.0|736.0|-4720.0|720.4472135955|-4687.77639320225|-112.0|-112.0|-112.0|QROCK3|XA02TEX|1.0|1.0|0.0|0.0|8|gravel|-|SG002313|-|1229|1|1|760|XA02TEX|-|1.0|1.0|0.0|0.0|0.0|QROCK3X8|-|1.0|1.0|385.044887908|112.0|-384.0|-384.0|-112.0|-112.0|384.0|384.0|384.0|384.0
UTNTSkyEdge_tntle_4097_1_terrain_1_0|4097|1|2|2979|754|624.0|-4656.0|704.0|-4656.0|664.0|-4656.5|-112.0|-112.0|-112.0|QROCK3|QROCK3X8|1.0|1.0|305.044887908|112.0|8|rock|-|SG002121|-|1066|1|0|754|XA02TEX|-|1.0|1.0|0.0|0.0|0.0|QROCK3X8|-|1.0|1.0|305.044887908|112.0|-384.0|-384.0|-112.0|-112.0|384.0|384.0|384.0|384.0
UTNTSkyEdge_tntle_4097_1_terrain_1_1|4097|1|2|2979|754|624.0|-4656.0|704.0|-4656.0|664.0|-4655.5|-112.0|-112.0|-112.0|QROCK3|XA02TEX|1.0|1.0|0.0|0.0|8|gravel|-|SG002312|-|1228|1|1|754|XA02TEX|-|1.0|1.0|0.0|0.0|0.0|QROCK3X8|-|1.0|1.0|305.044887908|112.0|-384.0|-384.0|-112.0|-112.0|384.0|384.0|384.0|384.0
UTNTSkyEdge_tntle_4098_1_terrain_1_0|4098|1|2|2979|754|624.0|-4688.0|624.0|-4656.0|624.5|-4672.0|-112.0|-112.0|-112.0|QROCK3|QROCK3X8|1.0|1.0|273.044887908|112.0|8|rock|-|SG002121|-|1066|1|0|754|XA02TEX|-|1.0|1.0|0.0|0.0|0.0|QROCK3X8|-|1.0|1.0|273.044887908|112.0|-384.0|-384.0|-112.0|-112.0|384.0|384.0|384.0|384.0
UTNTSkyEdge_tntle_4098_1_terrain_1_1|4098|1|2|2979|754|624.0|-4688.0|624.0|-4656.0|623.5|-4672.0|-112.0|-112.0|-112.0|QROCK3|XA02TEX|1.0|1.0|0.0|0.0|8|gravel|-|SG002312|-|1228|1|1|754|XA02TEX|-|1.0|1.0|0.0|0.0|0.0|QROCK3X8|-|1.0|1.0|273.044887908|112.0|-384.0|-384.0|-112.0|-112.0|384.0|384.0|384.0|384.0
UTNTSkyEdge_tntle_4099_1_terrain_1_0|4099|1|2|2979|754|576.0|-4736.0|624.0|-4688.0|600.3535533905932|-4712.353553390593|-112.0|-112.0|-112.0|QROCK3|QROCK3X8|1.0|1.0|205.162636914|112.0|8|rock|-|SG002121|-|1066|1|0|754|XA02TEX|-|1.0|1.0|0.0|0.0|0.0|QROCK3X8|-|1.0|1.0|205.162636914|112.0|-384.0|-384.0|-112.0|-112.0|384.0|384.0|384.0|384.0
UTNTSkyEdge_tntle_4099_1_terrain_1_1|4099|1|2|2979|754|576.0|-4736.0|624.0|-4688.0|599.6464466094068|-4711.646446609407|-112.0|-112.0|-112.0|QROCK3|XA02TEX|1.0|1.0|0.0|0.0|8|gravel|-|SG002312|-|1228|1|1|754|XA02TEX|-|1.0|1.0|0.0|0.0|0.0|QROCK3X8|-|1.0|1.0|205.162636914|112.0|-384.0|-384.0|-112.0|-112.0|384.0|384.0|384.0|384.0
UTNTSkyEdge_tntle_4100_1_terrain_1_0|4100|1|2|2979|754|544.0|-4816.0|576.0|-4736.0|560.4642383454426|-4776.185695338177|-112.0|-112.0|-112.0|QROCK3|QROCK3X8|1.0|1.0|119.0|112.0|8|rock|-|SG002121|-|1066|1|0|754|XA02TEX|-|1.0|1.0|0.0|0.0|0.0|QROCK3X8|-|1.0|1.0|119.0|112.0|-384.0|-384.0|-112.0|-112.0|384.0|384.0|384.0|384.0
UTNTSkyEdge_tntle_4100_1_terrain_1_1|4100|1|2|2979|754|544.0|-4816.0|576.0|-4736.0|559.5357616545574|-4775.814304661823|-112.0|-112.0|-112.0|QROCK3|XA02TEX|1.0|1.0|0.0|0.0|8|gravel|-|SG002312|-|1228|1|1|754|XA02TEX|-|1.0|1.0|0.0|0.0|0.0|QROCK3X8|-|1.0|1.0|119.0|112.0|-384.0|-384.0|-112.0|-112.0|384.0|384.0|384.0|384.0
UTNTSkyEdge_tntle_4107_1_terrain_1_0|4107|1|2|2979|754|400.0|-4752.0|392.0|-4768.0|395.55278640450007|-4759.77639320225|-112.0|-112.0|-112.0|QROCK3|QROCK3X8|1.0|1.0|532.710343669|112.0|8|rock|-|SG002121|-|1066|1|0|754|XA02TEX|-|1.0|1.0|0.0|0.0|0.0|QROCK3X8|-|1.0|1.0|532.710343669|112.0|-384.0|-384.0|-112.0|-112.0|384.0|384.0|384.0|384.0
UTNTSkyEdge_tntle_4107_1_terrain_1_1|4107|1|2|2979|754|400.0|-4752.0|392.0|-4768.0|396.44721359549993|-4760.22360679775|-112.0|-112.0|-112.0|QROCK3|XA02TEX|1.0|1.0|0.0|0.0|8|gravel|-|SG002312|-|1228|1|1|754|XA02TEX|-|1.0|1.0|0.0|0.0|0.0|QROCK3X8|-|1.0|1.0|532.710343669|112.0|-384.0|-384.0|-112.0|-112.0|384.0|384.0|384.0|384.0
UTNTSkyEdge_tntle_4115_1_terrain_1_0|4115|1|2|2979|759|1168.0|-4192.0|1168.0|-4160.0|1168.5|-4176.0|-112.0|-112.0|-112.0|QROCK3|QROCK3X8|1.0|1.0|472.111824872|112.0|8|rock|-|SG002121|-|1066|1|0|759|XA02TEX|-|1.0|1.0|0.0|0.0|0.0|QROCK3X8|-|1.0|1.0|472.111824872|112.0|-384.0|-384.0|-112.0|-112.0|384.0|384.0|384.0|384.0
UTNTSkyEdge_tntle_4115_1_terrain_1_1|4115|1|2|2979|759|1168.0|-4192.0|1168.0|-4160.0|1167.5|-4176.0|-112.0|-112.0|-112.0|QROCK3|XA02TEX|1.0|1.0|0.0|0.0|8|gravel|-|SG002315|-|1231|1|1|759|XA02TEX|-|1.0|1.0|0.0|0.0|0.0|QROCK3X8|-|1.0|1.0|472.111824872|112.0|-384.0|-384.0|-112.0|-112.0|384.0|384.0|384.0|384.0
UTNTSkyEdge_tntle_4863_0_terrain_2_1|4863|0|1|950|950|7424.0|640.0|7808.0|896.0|7616.277350098113|767.583974852831|248.0|248.0|248.0|QROCK3|XA35TEX|1.0|1.0|0.0|0.0|5|soil|-|SG002316|-|1097|2|1|950|XA35TEX|-|1.0|1.0|0.0|0.0|0.0|QROCK3X8|-|1.0|1.0|231.019335984|0.0|248.0|248.0|0|0|512.0|512.0|0|0
UTNTSkyEdge_tntle_4864_0_terrain_2_1|4864|0|1|952|952|7680.0|384.0|7552.0|512.0|7616.353553390593|448.3535533905933|192.0|192.0|192.0|QROCK3|XA35TEX|1.0|1.0|0.0|0.0|5|soil|-|SG002317|-|1098|2|1|952|XA35TEX|-|1.0|1.0|0.0|0.0|0.0|QROCK3X8|-|1.0|1.0|125.0|0.0|192.0|192.0|0|0|512.0|512.0|0|0
UTNTSkyEdge_tntle_4867_0_terrain_2_1|4867|0|1|949|949|7552.0|-768.0|7808.0|-512.0|7680.353553390593|-640.3535533905932|112.0|112.0|112.0|QROCK3|XA35TEX|1.0|1.0|0.0|0.0|5|soil|-|SG002318|-|1100|2|1|949|XA35TEX|-|1.0|1.0|0.0|0.0|0.0|QROCK3X8|-|1.0|1.0|431.550397143|0.0|112.0|112.0|0|0|512.0|512.0|0|0
UTNTSkyEdge_tntle_4878_0_terrain_2_1|4878|0|1|1939|1939|9472.0|-1024.0|9344.0|-1408.0|9407.525658350974|-1215.8418861169916|0.0|0.0|0.0|QROCK3X8|QGRASS|1.0|1.0|0.0|0.0|5|grass|-|SG002319|-|1096|2|1|1939|QGRASS|-|1.0|1.0|0.0|0.0|0.0|QROCK3X8|-|1.0|1.0|645.194722001|0.0|0.0|0.0|0|0|512.0|512.0|0|0
UTNTSkyEdge_tntle_4882_0_terrain_1_0|4882|0|2|2061|2750|9600.0|128.0|9344.0|192.0|9472.121267812518|160.48507125007268|384.0|384.0|384.0|QROCK3|QROCK3X8|1.0|1.0|61.0|0.0|8|rock|-|SG002157|-|1102|1|0|2750|QROCK3X8|-|1.0|1.0|0.0|0.0|0.0|QROCK3X8|-|1.0|1.0|61.0|0.0|0.0|0.0|384.0|384.0|512.0|512.0|512.0|512.0
UTNTSkyEdge_tntle_4882_0_terrain_1_1|4882|0|2|2061|2750|9600.0|128.0|9344.0|192.0|9471.878732187482|159.51492874992732|384.0|384.0|384.0|QROCK3|QROCK3X8|1.0|1.0|0.0|0.0|8|rock|-|SG002320|-|1142|1|1|2750|QROCK3X8|-|1.0|1.0|0.0|0.0|0.0|QROCK3X8|-|1.0|1.0|61.0|0.0|0.0|0.0|384.0|384.0|512.0|512.0|512.0|512.0
UTNTSkyEdge_tntle_4882_0_terrain_2_1|4882|0|2|2061|2061|9600.0|128.0|9344.0|192.0|9472.121267812518|160.48507125007268|0.0|0.0|0.0|QROCK3|QGRASS|1.0|1.0|0.0|0.0|5|grass|-|SG002321|-|1102|2|1|2061|QGRASS|-|1.0|1.0|0.0|0.0|0.0|QROCK3X8|-|1.0|1.0|61.0|0.0|0.0|0.0|384.0|384.0|512.0|512.0|512.0|512.0
UTNTSkyEdge_tntle_4883_0_terrain_1_0|4883|0|2|2061|2751|10112.0|384.0|9984.0|320.0|10047.77639320225|352.44721359549993|128.0|128.0|128.0|QROCK3|QROCK3X8|1.0|1.0|1.0|0.0|8|rock|-|SG002157|-|1102|1|0|2751|QROCK3X8|-|1.0|1.0|0.0|0.0|0.0|QROCK3X8|-|1.0|1.0|1.0|0.0|0.0|0.0|128.0|128.0|512.0|512.0|512.0|512.0
UTNTSkyEdge_tntle_4883_0_terrain_1_1|4883|0|2|2061|2751|10112.0|384.0|9984.0|320.0|10048.22360679775|351.55278640450007|128.0|128.0|128.0|QROCK3|QROCK3X8|1.0|1.0|0.0|0.0|8|rock|-|SG002322|-|1143|1|1|2751|QROCK3X8|-|1.0|1.0|0.0|0.0|0.0|QROCK3X8|-|1.0|1.0|1.0|0.0|0.0|0.0|128.0|128.0|512.0|512.0|512.0|512.0
UTNTSkyEdge_tntle_4894_0_terrain_2_1|4894|0|1|960|960|9600.0|1536.0|9728.0|1664.0|9664.353553390592|1599.6464466094067|216.0|216.0|216.0|QROCK3|XA35TEX|1.0|1.0|0.0|0.0|5|soil|-|SG002323|-|1104|2|1|960|XA35TEX|-|1.0|1.0|0.0|0.0|0.0|QROCK3X8|-|1.0|1.0|876.815836228|0.0|216.0|216.0|0|0|512.0|512.0|0|0
UTNTSkyEdge_tntle_4898_0_terrain_2_1|4898|0|1|1939|1939|8320.0|1024.0|8576.0|1152.0|8448.22360679775|1087.5527864045|0.0|0.0|0.0|QROCK3X8|QGRASS|1.0|1.0|0.0|0.0|5|grass|-|SG002319|-|1096|2|1|1939|QGRASS|-|1.0|1.0|0.0|0.0|0.0|QROCK3X8|-|1.0|1.0|468.771540502|0.0|0.0|0.0|0|0|512.0|512.0|0|0
UTNTSkyEdge_tntle_4982_0_terrain_2_1|4982|0|1|1939|1939|7552.0|-1344.0|7680.0|-1152.0|7616.4160251471685|-1248.2773500981127|0.0|0.0|0.0|QROCK3|QGRASS|1.0|1.0|0.0|0.0|5|grass|-|SG002319|-|1096|2|1|1939|QGRASS|-|1.0|1.0|0.0|0.0|0.0|QROCK3X8|-|1.0|1.0|50.0|0.0|0.0|0.0|0|0|512.0|512.0|0|0
UTNTSkyEdge_tntle_5015_0_terrain_1_0|5015|0|2|1939|953|7680.0|-1152.0|7808.0|-1024.0|7744.353553390593|-1088.3535533905933|104.0|104.0|104.0|QROCK3|QROCK3X8|1.0|1.0|25.0|24.0|8|rock|-|SG002151|-|1096|1|0|953|XA11TEX|-|1.0|1.0|0.0|0.0|0.0|QROCK3X8|-|1.0|1.0|25.0|24.0|0.0|0.0|104.0|104.0|512.0|512.0|512.0|512.0
UTNTSkyEdge_tntle_5015_0_terrain_1_1|5015|0|2|1939|953|7680.0|-1152.0|7808.0|-1024.0|7743.646446609407|-1087.6464466094067|104.0|104.0|104.0|QROCK3|XA11TEX|1.0|1.0|0.0|0.0|8|gravel|-|SG002324|-|1101|1|1|953|XA11TEX|-|1.0|1.0|0.0|0.0|0.0|QROCK3X8|-|1.0|1.0|25.0|24.0|0.0|0.0|104.0|104.0|512.0|512.0|512.0|512.0
UTNTSkyEdge_tntle_5016_0_terrain_1_0|5016|0|2|1939|953|7808.0|-1024.0|7808.0|-896.0|7808.5|-960.0|104.0|104.0|104.0|QROCK3|QROCK3X8|1.0|1.0|206.019335984|24.0|8|rock|-|SG002151|-|1096|1|0|953|XA11TEX|-|1.0|1.0|0.0|0.0|0.0|QROCK3X8|-|1.0|1.0|206.019335984|24.0|0.0|0.0|104.0|104.0|512.0|512.0|512.0|512.0
UTNTSkyEdge_tntle_5016_0_terrain_1_1|5016|0|2|1939|953|7808.0|-1024.0|7808.0|-896.0|7807.5|-960.0|104.0|104.0|104.0|QROCK3|XA11TEX|1.0|1.0|0.0|0.0|8|gravel|-|SG002324|-|1101|1|1|953|XA11TEX|-|1.0|1.0|0.0|0.0|0.0|QROCK3X8|-|1.0|1.0|206.019335984|24.0|0.0|0.0|104.0|104.0|512.0|512.0|512.0|512.0
UTNTSkyEdge_tntle_5016_0_terrain_2_1|5016|0|2|1939|1939|7808.0|-1024.0|7808.0|-896.0|7808.5|-960.0|0.0|0.0|0.0|QROCK3|QGRASS|1.0|1.0|0.0|0.0|5|grass|-|SG002319|-|1096|2|1|1939|QGRASS|-|1.0|1.0|0.0|0.0|0.0|QROCK3X8|-|1.0|1.0|206.019335984|24.0|0.0|0.0|104.0|104.0|512.0|512.0|512.0|512.0
UTNTSkyEdge_tntle_5017_0_terrain_1_0|5017|0|2|1939|953|7808.0|-896.0|7872.0|-768.0|7840.4472135955|-832.22360679775|104.0|104.0|104.0|QROCK3|QROCK3X8|1.0|1.0|334.019335984|24.0|8|rock|-|SG002151|-|1096|1|0|953|XA11TEX|-|1.0|1.0|0.0|0.0|0.0|QROCK3X8|-|1.0|1.0|334.019335984|24.0|0.0|0.0|104.0|104.0|512.0|512.0|512.0|512.0
UTNTSkyEdge_tntle_5017_0_terrain_1_1|5017|0|2|1939|953|7808.0|-896.0|7872.0|-768.0|7839.5527864045|-831.77639320225|104.0|104.0|104.0|QROCK3|XA11TEX|1.0|1.0|0.0|0.0|8|gravel|-|SG002324|-|1101|1|1|953|XA11TEX|-|1.0|1.0|0.0|0.0|0.0|QROCK3X8|-|1.0|1.0|334.019335984|24.0|0.0|0.0|104.0|104.0|512.0|512.0|512.0|512.0
UTNTSkyEdge_tntle_5017_0_terrain_2_1|5017|0|2|1939|1939|7808.0|-896.0|7872.0|-768.0|7840.4472135955|-832.22360679775|0.0|0.0|0.0|QROCK3|QGRASS|1.0|1.0|0.0|0.0|5|grass|-|SG002319|-|1096|2|1|1939|QGRASS|-|1.0|1.0|0.0|0.0|0.0|QROCK3X8|-|1.0|1.0|334.019335984|24.0|0.0|0.0|104.0|104.0|512.0|512.0|512.0|512.0
UTNTSkyEdge_tntle_5018_0_terrain_1_0|5018|0|2|1939|953|7872.0|-768.0|7872.0|-576.0|7872.5|-672.0|104.0|104.0|104.0|QROCK3|QROCK3X8|1.0|1.0|477.127686544|24.0|8|rock|-|SG002151|-|1096|1|0|953|XA11TEX|-|1.0|1.0|0.0|0.0|0.0|QROCK3X8|-|1.0|1.0|477.127686544|24.0|0.0|0.0|104.0|104.0|512.0|512.0|512.0|512.0
UTNTSkyEdge_tntle_5018_0_terrain_1_1|5018|0|2|1939|953|7872.0|-768.0|7872.0|-576.0|7871.5|-672.0|104.0|104.0|104.0|QROCK3|XA11TEX|1.0|1.0|0.0|0.0|8|gravel|-|SG002324|-|1101|1|1|953|XA11TEX|-|1.0|1.0|0.0|0.0|0.0|QROCK3X8|-|1.0|1.0|477.127686544|24.0|0.0|0.0|104.0|104.0|512.0|512.0|512.0|512.0
UTNTSkyEdge_tntle_5019_0_terrain_1_0|5019|0|2|1939|953|7872.0|-576.0|7936.0|-448.0|7904.4472135955|-512.22360679775|104.0|104.0|104.0|QROCK3|QROCK3X8|1.0|1.0|669.127686544|24.0|8|rock|-|SG002151|-|1096|1|0|953|XA11TEX|-|1.0|1.0|0.0|0.0|0.0|QROCK3X8|-|1.0|1.0|669.127686544|24.0|0.0|0.0|104.0|104.0|512.0|512.0|512.0|512.0
UTNTSkyEdge_tntle_5019_0_terrain_1_1|5019|0|2|1939|953|7872.0|-576.0|7936.0|-448.0|7903.5527864045|-511.77639320225|104.0|104.0|104.0|QROCK3|XA11TEX|1.0|1.0|0.0|0.0|8|gravel|-|SG002324|-|1101|1|1|953|XA11TEX|-|1.0|1.0|0.0|0.0|0.0|QROCK3X8|-|1.0|1.0|669.127686544|24.0|0.0|0.0|104.0|104.0|512.0|512.0|512.0|512.0
UTNTSkyEdge_tntle_5020_0_terrain_1_0|5020|0|2|1939|953|7936.0|-448.0|7872.0|-192.0|7904.485071250073|-319.87873218748183|104.0|104.0|104.0|QROCK3|QROCK3X8|1.0|1.0|812.236037104|24.0|8|rock|-|SG002151|-|1096|1|0|953|XA11TEX|-|1.0|1.0|0.0|0.0|0.0|QROCK3X8|-|1.0|1.0|812.236037104|24.0|0.0|0.0|104.0|104.0|512.0|512.0|512.0|512.0
UTNTSkyEdge_tntle_5020_0_terrain_1_1|5020|0|2|1939|953|7936.0|-448.0|7872.0|-192.0|7903.514928749927|-320.12126781251817|104.0|104.0|104.0|QROCK3|XA11TEX|1.0|1.0|0.0|0.0|8|gravel|-|SG002324|-|1101|1|1|953|XA11TEX|-|1.0|1.0|0.0|0.0|0.0|QROCK3X8|-|1.0|1.0|812.236037104|24.0|0.0|0.0|104.0|104.0|512.0|512.0|512.0|512.0
UTNTSkyEdge_tntle_5021_0_terrain_1_0|5021|0|2|1939|954|7872.0|-192.0|7936.0|64.0|7904.485071250073|-64.12126781251817|184.0|184.0|184.0|QROCK3|QROCK3X8|1.0|1.0|21.0|72.0|8|rock|-|SG002151|-|1096|1|0|954|XA11TEX|-|1.0|1.0|0.0|0.0|0.0|QROCK3X8|-|1.0|1.0|21.0|72.0|0.0|0.0|184.0|184.0|512.0|512.0|512.0|512.0
UTNTSkyEdge_tntle_5021_0_terrain_1_1|5021|0|2|1939|954|7872.0|-192.0|7936.0|64.0|7903.514928749927|-63.87873218748183|184.0|184.0|184.0|QROCK3|XA11TEX|1.0|1.0|0.0|0.0|8|gravel|-|SG002325|-|1099|1|1|954|XA11TEX|-|1.0|1.0|0.0|0.0|0.0|QROCK3X8|-|1.0|1.0|21.0|72.0|0.0|0.0|184.0|184.0|512.0|512.0|512.0|512.0
UTNTSkyEdge_tntle_5021_0_terrain_2_1|5021|0|2|1939|1939|7872.0|-192.0|7936.0|64.0|7904.485071250073|-64.12126781251817|0.0|0.0|0.0|QROCK3|QGRASS|1.0|1.0|0.0|0.0|5|grass|-|SG002319|-|1096|2|1|1939|QGRASS|-|1.0|1.0|0.0|0.0|0.0|QROCK3X8|-|1.0|1.0|21.0|72.0|0.0|0.0|184.0|184.0|512.0|512.0|512.0|512.0
UTNTSkyEdge_tntle_5022_0_terrain_1_0|5022|0|2|1939|954|7936.0|64.0|7872.0|192.0|7904.4472135955|128.22360679774997|184.0|184.0|184.0|QROCK3|QROCK3X8|1.0|1.0|284.87876004|72.0|8|rock|-|SG002151|-|1096|1|0|954|XA11TEX|-|1.0|1.0|0.0|0.0|0.0|QROCK3X8|-|1.0|1.0|284.87876004|72.0|0.0|0.0|184.0|184.0|512.0|512.0|512.0|512.0
UTNTSkyEdge_tntle_5022_0_terrain_1_1|5022|0|2|1939|954|7936.0|64.0|7872.0|192.0|7903.5527864045|127.77639320225002|184.0|184.0|184.0|QROCK3|XA11TEX|1.0|1.0|0.0|0.0|8|gravel|-|SG002325|-|1099|1|1|954|XA11TEX|-|1.0|1.0|0.0|0.0|0.0|QROCK3X8|-|1.0|1.0|284.87876004|72.0|0.0|0.0|184.0|184.0|512.0|512.0|512.0|512.0
UTNTSkyEdge_tntle_5022_0_terrain_2_1|5022|0|2|1939|1939|7936.0|64.0|7872.0|192.0|7904.4472135955|128.22360679774997|0.0|0.0|0.0|QROCK3|QGRASS|1.0|1.0|0.0|0.0|5|grass|-|SG002319|-|1096|2|1|1939|QGRASS|-|1.0|1.0|0.0|0.0|0.0|QROCK3X8|-|1.0|1.0|284.87876004|72.0|0.0|0.0|184.0|184.0|512.0|512.0|512.0|512.0
UTNTSkyEdge_tntle_5023_0_terrain_1_0|5023|0|2|1939|954|7872.0|192.0|7808.0|448.0|7840.485071250073|320.12126781251817|184.0|184.0|184.0|QROCK3|QROCK3X8|1.0|1.0|427.9871106|72.0|8|rock|-|SG002151|-|1096|1|0|954|XA11TEX|-|1.0|1.0|0.0|0.0|0.0|QROCK3X8|-|1.0|1.0|427.9871106|72.0|0.0|0.0|184.0|184.0|512.0|512.0|512.0|512.0
UTNTSkyEdge_tntle_5023_0_terrain_1_1|5023|0|2|1939|954|7872.0|192.0|7808.0|448.0|7839.514928749927|319.87873218748183|184.0|184.0|184.0|QROCK3|XA11TEX|1.0|1.0|0.0|0.0|8|gravel|-|SG002325|-|1099|1|1|954|XA11TEX|-|1.0|1.0|0.0|0.0|0.0|QROCK3X8|-|1.0|1.0|427.9871106|72.0|0.0|0.0|184.0|184.0|512.0|512.0|512.0|512.0
UTNTSkyEdge_tntle_5023_0_terrain_2_1|5023|0|2|1939|1939|7872.0|192.0|7808.0|448.0|7840.485071250073|320.12126781251817|0.0|0.0|0.0|QROCK3|QGRASS|1.0|1.0|0.0|0.0|5|grass|-|SG002319|-|1096|2|1|1939|QGRASS|-|1.0|1.0|0.0|0.0|0.0|QROCK3X8|-|1.0|1.0|427.9871106|72.0|0.0|0.0|184.0|184.0|512.0|512.0|512.0|512.0
UTNTSkyEdge_tntle_5024_0_terrain_1_0|5024|0|2|1939|954|7808.0|448.0|7744.0|640.0|7776.4743416490255|544.1581138830085|184.0|184.0|184.0|QROCK3|QROCK3X8|1.0|1.0|691.865870639|72.0|8|rock|-|SG002151|-|1096|1|0|954|XA11TEX|-|1.0|1.0|0.0|0.0|0.0|QROCK3X8|-|1.0|1.0|691.865870639|72.0|0.0|0.0|184.0|184.0|512.0|512.0|512.0|512.0
UTNTSkyEdge_tntle_5024_0_terrain_1_1|5024|0|2|1939|954|7808.0|448.0|7744.0|640.0|7775.5256583509745|543.8418861169915|184.0|184.0|184.0|QROCK3|XA11TEX|1.0|1.0|0.0|0.0|8|gravel|-|SG002325|-|1099|1|1|954|XA11TEX|-|1.0|1.0|0.0|0.0|0.0|QROCK3X8|-|1.0|1.0|691.865870639|72.0|0.0|0.0|184.0|184.0|512.0|512.0|512.0|512.0
UTNTSkyEdge_tntle_5024_0_terrain_2_1|5024|0|2|1939|1939|7808.0|448.0|7744.0|640.0|7776.4743416490255|544.1581138830085|0.0|0.0|0.0|QROCK3|QGRASS|1.0|1.0|0.0|0.0|5|grass|-|SG002319|-|1096|2|1|1939|QGRASS|-|1.0|1.0|0.0|0.0|0.0|QROCK3X8|-|1.0|1.0|691.865870639|72.0|0.0|0.0|184.0|184.0|512.0|512.0|512.0|512.0
UTNTSkyEdge_tntle_5025_0_terrain_1_0|5025|0|2|1939|955|7744.0|640.0|7840.0|768.0|7792.4|703.7|240.0|240.0|240.0|QROCK3|QROCK3X8|1.0|1.0|119.0|16.0|8|rock|-|SG002151|-|1096|1|0|955|XA11TEX|-|1.0|1.0|0.0|0.0|0.0|QROCK3X8|-|1.0|1.0|119.0|16.0|0.0|0.0|240.0|240.0|512.0|512.0|512.0|512.0
UTNTSkyEdge_tntle_5025_0_terrain_1_1|5025|0|2|1939|955|7744.0|640.0|7840.0|768.0|7791.6|704.3|240.0|240.0|240.0|QROCK3|XA11TEX|1.0|1.0|0.0|0.0|8|gravel|-|SG002326|-|1107|1|1|955|XA11TEX|-|1.0|1.0|0.0|0.0|0.0|QROCK3X8|-|1.0|1.0|119.0|16.0|0.0|0.0|240.0|240.0|512.0|512.0|512.0|512.0
UTNTSkyEdge_tntle_5027_0_terrain_1_0|5027|0|2|1939|955|7840.0|768.0|7872.0|896.0|7856.485071250073|831.8787321874819|240.0|240.0|240.0|QROCK3|QROCK3X8|1.0|1.0|279.0|16.0|8|rock|-|SG002151|-|1096|1|0|955|XA11TEX|-|1.0|1.0|0.0|0.0|0.0|QROCK3X8|-|1.0|1.0|279.0|16.0|0.0|0.0|240.0|240.0|512.0|512.0|512.0|512.0
UTNTSkyEdge_tntle_5027_0_terrain_1_1|5027|0|2|1939|955|7840.0|768.0|7872.0|896.0|7855.514928749927|832.1212678125181|240.0|240.0|240.0|QROCK3|XA11TEX|1.0|1.0|0.0|0.0|8|gravel|-|SG002326|-|1107|1|1|955|XA11TEX|-|1.0|1.0|0.0|0.0|0.0|QROCK3X8|-|1.0|1.0|279.0|16.0|0.0|0.0|240.0|240.0|512.0|512.0|512.0|512.0
UTNTSkyEdge_tntle_5027_0_terrain_2_1|5027|0|2|1939|1939|7840.0|768.0|7872.0|896.0|7856.485071250073|831.8787321874819|0.0|0.0|0.0|QROCK3|QGRASS|1.0|1.0|0.0|0.0|5|grass|-|SG002319|-|1096|2|1|1939|QGRASS|-|1.0|1.0|0.0|0.0|0.0|QROCK3X8|-|1.0|1.0|279.0|16.0|0.0|0.0|240.0|240.0|512.0|512.0|512.0|512.0
UTNTSkyEdge_tntle_5028_0_terrain_1_0|5028|0|2|949|954|7808.0|-512.0|7872.0|-384.0|7840.4472135955|-448.22360679775|184.0|184.0|184.0|QROCK3|QROCK3X8|1.0|1.0|26.0|72.0|8|rock|-|SG002155|-|1100|1|0|954|XA11TEX|-|1.0|1.0|0.0|0.0|0.0|QROCK3X8|-|1.0|1.0|26.0|72.0|112.0|112.0|184.0|184.0|512.0|512.0|512.0|512.0
UTNTSkyEdge_tntle_5028_0_terrain_1_1|5028|0|2|949|954|7808.0|-512.0|7872.0|-384.0|7839.5527864045|-447.77639320225|184.0|184.0|184.0|QROCK3|XA11TEX|1.0|1.0|0.0|0.0|8|gravel|-|SG002325|-|1099|1|1|954|XA11TEX|-|1.0|1.0|0.0|0.0|0.0|QROCK3X8|-|1.0|1.0|26.0|72.0|112.0|112.0|184.0|184.0|512.0|512.0|512.0|512.0
UTNTSkyEdge_tntle_5028_0_terrain_2_1|5028|0|2|949|949|7808.0|-512.0|7872.0|-384.0|7840.4472135955|-448.22360679775|112.0|112.0|112.0|QROCK3|XA35TEX|1.0|1.0|0.0|0.0|5|soil|-|SG002318|-|1100|2|1|949|XA35TEX|-|1.0|1.0|0.0|0.0|0.0|QROCK3X8|-|1.0|1.0|26.0|72.0|112.0|112.0|184.0|184.0|512.0|512.0|512.0|512.0
UTNTSkyEdge_tntle_5029_0_terrain_1_0|5029|0|2|949|954|7872.0|-384.0|7808.0|-320.0|7840.353553390593|-351.6464466094067|184.0|184.0|184.0|QROCK3|QROCK3X8|1.0|1.0|169.10835056|72.0|8|rock|-|SG002155|-|1100|1|0|954|XA11TEX|-|1.0|1.0|0.0|0.0|0.0|QROCK3X8|-|1.0|1.0|169.10835056|72.0|112.0|112.0|184.0|184.0|512.0|512.0|512.0|512.0
UTNTSkyEdge_tntle_5029_0_terrain_1_1|5029|0|2|949|954|7872.0|-384.0|7808.0|-320.0|7839.646446609407|-352.3535533905933|184.0|184.0|184.0|QROCK3|XA11TEX|1.0|1.0|0.0|0.0|8|gravel|-|SG002325|-|1099|1|1|954|XA11TEX|-|1.0|1.0|0.0|0.0|0.0|QROCK3X8|-|1.0|1.0|169.10835056|72.0|112.0|112.0|184.0|184.0|512.0|512.0|512.0|512.0
UTNTSkyEdge_tntle_5030_0_terrain_1_0|5030|0|2|953|949|7920.0|-448.0|7856.0|-208.0|7888.483117469801|-327.87116867471985|112.0|112.0|112.0|RROCK19|XA35TEX|1.0|1.0|245.504959262|16.0|1.28|soil|-|SG002327|-|1101|1|0|949|XA35TEX|-|1.0|1.0|0.0|0.0|0.0|XA35TEX|-|1.0|1.0|245.504959262|16.0|104.0|104.0|112.0|112.0|512.0|512.0|512.0|512.0
UTNTSkyEdge_tntle_5030_0_terrain_1_1|5030|0|2|953|949|7920.0|-448.0|7856.0|-208.0|7887.516882530199|-328.12883132528015|112.0|112.0|112.0|RROCK19|XA35TEX|1.0|1.0|0.0|0.0|1.28|soil|-|SG002318|-|1100|1|1|949|XA35TEX|-|1.0|1.0|0.0|0.0|0.0|XA35TEX|-|1.0|1.0|245.504959262|16.0|104.0|104.0|112.0|112.0|512.0|512.0|512.0|512.0
UTNTSkyEdge_tntle_5031_1_terrain_1_0|5031|1|2|954|955|7728.0|624.0|7744.0|640.0|7736.353553390593|631.6464466094068|240.0|240.0|240.0|QROCK3|QROCK3X8|1.0|1.0|351.500269546|16.0|8|rock|-|SG002154|-|1099|1|0|955|XA11TEX|-|1.0|1.0|0.0|0.0|0.0|QROCK3X8|-|1.0|1.0|351.500269546|16.0|184.0|184.0|240.0|240.0|512.0|512.0|512.0|512.0
UTNTSkyEdge_tntle_5031_1_terrain_1_1|5031|1|2|954|955|7728.0|624.0|7744.0|640.0|7735.646446609407|632.3535533905932|240.0|240.0|240.0|QROCK3|XA11TEX|1.0|1.0|0.0|0.0|8|gravel|-|SG002326|-|1107|1|1|955|XA11TEX|-|1.0|1.0|0.0|0.0|0.0|QROCK3X8|-|1.0|1.0|351.500269546|16.0|184.0|184.0|240.0|240.0|512.0|512.0|512.0|512.0
UTNTSkyEdge_tntle_5032_1_terrain_1_0|5032|1|2|952|955|7616.0|640.0|7680.0|576.0|7647.646446609407|607.6464466094068|240.0|240.0|240.0|QROCK3|QROCK3X8|1.0|1.0|193.10835056|16.0|7.68|rock|-|SG002153|-|1098|1|0|955|XA11TEX|-|1.0|1.0|0.0|0.0|0.0|QROCK3X8|-|1.0|1.0|193.10835056|16.0|192.0|192.0|240.0|240.0|512.0|512.0|512.0|512.0
UTNTSkyEdge_tntle_5032_1_terrain_1_1|5032|1|2|952|955|7616.0|640.0|7680.0|576.0|7648.353553390593|608.3535533905932|240.0|240.0|240.0|QROCK3|XA11TEX|1.0|1.0|0.0|0.0|7.68|gravel|-|SG002326|-|1107|1|1|955|XA11TEX|-|1.0|1.0|0.0|0.0|0.0|QROCK3X8|-|1.0|1.0|193.10835056|16.0|192.0|192.0|240.0|240.0|512.0|512.0|512.0|512.0
UTNTSkyEdge_tntle_5034_1_terrain_1_0|5034|1|2|952|955|7552.0|512.0|7616.0|640.0|7584.4472135955|575.77639320225|240.0|240.0|240.0|QROCK3|QROCK3X8|1.0|1.0|50.0|16.0|7.68|rock|-|SG002153|-|1098|1|0|955|XA11TEX|-|1.0|1.0|0.0|0.0|0.0|QROCK3X8|-|1.0|1.0|50.0|16.0|192.0|192.0|240.0|240.0|512.0|512.0|512.0|512.0
UTNTSkyEdge_tntle_5034_1_terrain_1_1|5034|1|2|952|955|7552.0|512.0|7616.0|640.0|7583.5527864045|576.22360679775|240.0|240.0|240.0|QROCK3|XA11TEX|1.0|1.0|0.0|0.0|7.68|gravel|-|SG002326|-|1107|1|1|955|XA11TEX|-|1.0|1.0|0.0|0.0|0.0|QROCK3X8|-|1.0|1.0|50.0|16.0|192.0|192.0|240.0|240.0|512.0|512.0|512.0|512.0
UTNTSkyEdge_tntle_5036_0_terrain_1_0|5036|0|2|952|956|7680.0|-320.0|7744.0|-256.0|7712.353553390593|-288.3535533905933|336.0|336.0|336.0|QROCK3|QROCK3X8|1.0|1.0|2.0|48.0|8|rock|-|SG002153|-|1098|1|0|956|XA11TEX|-|1.0|1.0|0.0|0.0|0.0|QROCK3X8|-|1.0|1.0|2.0|48.0|192.0|192.0|336.0|336.0|512.0|512.0|512.0|512.0
UTNTSkyEdge_tntle_5036_0_terrain_1_1|5036|0|2|952|956|7680.0|-320.0|7744.0|-256.0|7711.646446609407|-287.6464466094067|336.0|336.0|336.0|QROCK3|XA11TEX|1.0|1.0|0.0|0.0|8|gravel|-|SG002328|-|1108|1|1|956|XA11TEX|-|1.0|1.0|0.0|0.0|0.0|QROCK3X8|-|1.0|1.0|2.0|48.0|192.0|192.0|336.0|336.0|512.0|512.0|512.0|512.0
UTNTSkyEdge_tntle_5037_0_terrain_1_0|5037|0|2|952|956|7744.0|-256.0|7744.0|-128.0|7744.5|-192.0|336.0|336.0|336.0|QROCK3|QROCK3X8|1.0|1.0|92.509667992|48.0|8|rock|-|SG002153|-|1098|1|0|956|XA11TEX|-|1.0|1.0|0.0|0.0|0.0|QROCK3X8|-|1.0|1.0|92.509667992|48.0|192.0|192.0|336.0|336.0|512.0|512.0|512.0|512.0
UTNTSkyEdge_tntle_5037_0_terrain_1_1|5037|0|2|952|956|7744.0|-256.0|7744.0|-128.0|7743.5|-192.0|336.0|336.0|336.0|QROCK3|XA11TEX|1.0|1.0|0.0|0.0|8|gravel|-|SG002328|-|1108|1|1|956|XA11TEX|-|1.0|1.0|0.0|0.0|0.0|QROCK3X8|-|1.0|1.0|92.509667992|48.0|192.0|192.0|336.0|336.0|512.0|512.0|512.0|512.0
UTNTSkyEdge_tntle_5037_0_terrain_2_1|5037|0|2|952|952|7744.0|-256.0|7744.0|-128.0|7744.5|-192.0|192.0|192.0|192.0|QROCK3|XA35TEX|1.0|1.0|0.0|0.0|5|soil|-|SG002317|-|1098|2|1|952|XA35TEX|-|1.0|1.0|0.0|0.0|0.0|QROCK3X8|-|1.0|1.0|92.509667992|48.0|192.0|192.0|336.0|336.0|512.0|512.0|512.0|512.0
UTNTSkyEdge_tntle_5038_0_terrain_1_0|5038|0|2|952|956|7744.0|-128.0|7808.0|-64.0|7776.353553390593|-96.35355339059328|336.0|336.0|336.0|QROCK3|QROCK3X8|1.0|1.0|220.509667992|48.0|8|rock|-|SG002153|-|1098|1|0|956|XA11TEX|-|1.0|1.0|0.0|0.0|0.0|QROCK3X8|-|1.0|1.0|220.509667992|48.0|192.0|192.0|336.0|336.0|512.0|512.0|512.0|512.0
UTNTSkyEdge_tntle_5038_0_terrain_1_1|5038|0|2|952|956|7744.0|-128.0|7808.0|-64.0|7775.646446609407|-95.64644660940672|336.0|336.0|336.0|QROCK3|XA11TEX|1.0|1.0|0.0|0.0|8|gravel|-|SG002328|-|1108|1|1|956|XA11TEX|-|1.0|1.0|0.0|0.0|0.0|QROCK3X8|-|1.0|1.0|220.509667992|48.0|192.0|192.0|336.0|336.0|512.0|512.0|512.0|512.0
UTNTSkyEdge_tntle_5039_0_terrain_1_0|5039|0|2|952|956|7808.0|-64.0|7744.0|64.0|7776.4472135955|0.22360679774997896|336.0|336.0|336.0|QROCK3|QROCK3X8|1.0|1.0|311.019335984|48.0|8|rock|-|SG002153|-|1098|1|0|956|XA11TEX|-|1.0|1.0|0.0|0.0|0.0|QROCK3X8|-|1.0|1.0|311.019335984|48.0|192.0|192.0|336.0|336.0|512.0|512.0|512.0|512.0
UTNTSkyEdge_tntle_5039_0_terrain_1_1|5039|0|2|952|956|7808.0|-64.0|7744.0|64.0|7775.5527864045|-0.22360679774997896|336.0|336.0|336.0|QROCK3|XA11TEX|1.0|1.0|0.0|0.0|8|gravel|-|SG002328|-|1108|1|1|956|XA11TEX|-|1.0|1.0|0.0|0.0|0.0|QROCK3X8|-|1.0|1.0|311.019335984|48.0|192.0|192.0|336.0|336.0|512.0|512.0|512.0|512.0
UTNTSkyEdge_tntle_5039_0_terrain_2_1|5039|0|2|952|952|7808.0|-64.0|7744.0|64.0|7776.4472135955|0.22360679774997896|192.0|192.0|192.0|QROCK3|XA35TEX|1.0|1.0|0.0|0.0|5|soil|-|SG002317|-|1098|2|1|952|XA35TEX|-|1.0|1.0|0.0|0.0|0.0|QROCK3X8|-|1.0|1.0|311.019335984|48.0|192.0|192.0|336.0|336.0|512.0|512.0|512.0|512.0
UTNTSkyEdge_tntle_5040_0_terrain_1_0|5040|0|2|952|956|7744.0|64.0|7744.0|192.0|7744.5|128.0|336.0|336.0|336.0|QROCK3|QROCK3X8|1.0|1.0|454.127686544|48.0|8|rock|-|SG002153|-|1098|1|0|956|XA11TEX|-|1.0|1.0|0.0|0.0|0.0|QROCK3X8|-|1.0|1.0|454.127686544|48.0|192.0|192.0|336.0|336.0|512.0|512.0|512.0|512.0
UTNTSkyEdge_tntle_5040_0_terrain_1_1|5040|0|2|952|956|7744.0|64.0|7744.0|192.0|7743.5|128.0|336.0|336.0|336.0|QROCK3|XA11TEX|1.0|1.0|0.0|0.0|8|gravel|-|SG002328|-|1108|1|1|956|XA11TEX|-|1.0|1.0|0.0|0.0|0.0|QROCK3X8|-|1.0|1.0|454.127686544|48.0|192.0|192.0|336.0|336.0|512.0|512.0|512.0|512.0
UTNTSkyEdge_tntle_5040_0_terrain_2_1|5040|0|2|952|952|7744.0|64.0|7744.0|192.0|7744.5|128.0|192.0|192.0|192.0|QROCK3|XA35TEX|1.0|1.0|0.0|0.0|5|soil|-|SG002317|-|1098|2|1|952|XA35TEX|-|1.0|1.0|0.0|0.0|0.0|QROCK3X8|-|1.0|1.0|454.127686544|48.0|192.0|192.0|336.0|336.0|512.0|512.0|512.0|512.0
UTNTSkyEdge_tntle_5041_0_terrain_1_0|5041|0|2|952|956|7744.0|192.0|7680.0|384.0|7712.4743416490255|288.1581138830084|336.0|336.0|336.0|QROCK3|QROCK3X8|1.0|1.0|582.127686544|48.0|8|rock|-|SG002153|-|1098|1|0|956|XA11TEX|-|1.0|1.0|0.0|0.0|0.0|QROCK3X8|-|1.0|1.0|582.127686544|48.0|192.0|192.0|336.0|336.0|512.0|512.0|512.0|512.0
UTNTSkyEdge_tntle_5041_0_terrain_1_1|5041|0|2|952|956|7744.0|192.0|7680.0|384.0|7711.5256583509745|287.8418861169916|336.0|336.0|336.0|QROCK3|XA11TEX|1.0|1.0|0.0|0.0|8|gravel|-|SG002328|-|1108|1|1|956|XA11TEX|-|1.0|1.0|0.0|0.0|0.0|QROCK3X8|-|1.0|1.0|582.127686544|48.0|192.0|192.0|336.0|336.0|512.0|512.0|512.0|512.0
UTNTSkyEdge_tntle_5042_0_terrain_2_1|5042|0|1|949|949|7680.0|-1120.0|7552.0|-768.0|7616.469896711744|-943.8291284684567|112.0|112.0|112.0|QROCK3|XA35TEX|1.0|1.0|0.0|0.0|5|soil|-|SG002318|-|1100|2|1|949|XA35TEX|-|1.0|1.0|0.0|0.0|0.0|QROCK3X8|-|1.0|1.0|57.0|0.0|112.0|112.0|0|0|512.0|512.0|0|0
UTNTSkyEdge_tntle_5043_0_terrain_1_0|5043|0|2|953|949|7680.0|-1120.0|7792.0|-1024.0|7736.325395686728|-1072.3796283011827|112.0|112.0|112.0|RROCK19|XA35TEX|1.0|1.0|0.0|16.0|1.28|soil|-|SG002327|-|1101|1|0|949|XA35TEX|-|1.0|1.0|0.0|0.0|0.0|XA35TEX|-|1.0|1.0|0.0|16.0|104.0|104.0|112.0|112.0|512.0|512.0|512.0|512.0
UTNTSkyEdge_tntle_5043_0_terrain_1_1|5043|0|2|953|949|7680.0|-1120.0|7792.0|-1024.0|7735.674604313272|-1071.6203716988173|112.0|112.0|112.0|RROCK19|XA35TEX|1.0|1.0|0.0|0.0|1.28|soil|-|SG002318|-|1100|1|1|949|XA35TEX|-|1.0|1.0|0.0|0.0|0.0|XA35TEX|-|1.0|1.0|0.0|16.0|104.0|104.0|112.0|112.0|512.0|512.0|512.0|512.0
UTNTSkyEdge_tntle_5044_0_terrain_1_0|5044|0|2|953|949|7792.0|-1024.0|7792.0|-880.0|7792.5|-952.0|112.0|112.0|112.0|RROCK19|XA35TEX|1.0|1.0|147.512711317|16.0|1.28|soil|-|SG002327|-|1101|1|0|949|XA35TEX|-|1.0|1.0|0.0|0.0|0.0|XA35TEX|-|1.0|1.0|147.512711317|16.0|104.0|104.0|112.0|112.0|512.0|512.0|512.0|512.0
UTNTSkyEdge_tntle_5044_0_terrain_1_1|5044|0|2|953|949|7792.0|-1024.0|7792.0|-880.0|7791.5|-952.0|112.0|112.0|112.0|RROCK19|XA35TEX|1.0|1.0|0.0|0.0|1.28|soil|-|SG002318|-|1100|1|1|949|XA35TEX|-|1.0|1.0|0.0|0.0|0.0|XA35TEX|-|1.0|1.0|147.512711317|16.0|104.0|104.0|112.0|112.0|512.0|512.0|512.0|512.0
UTNTSkyEdge_tntle_5045_0_terrain_1_0|5045|0|2|953|949|7792.0|-880.0|7856.0|-768.0|7824.434121571062|-824.2480694691784|112.0|112.0|112.0|RROCK19|XA35TEX|1.0|1.0|291.512711317|16.0|1.28|soil|-|SG002327|-|1101|1|0|949|XA35TEX|-|1.0|1.0|0.0|0.0|0.0|XA35TEX|-|1.0|1.0|291.512711317|16.0|104.0|104.0|112.0|112.0|512.0|512.0|512.0|512.0
UTNTSkyEdge_tntle_5045_0_terrain_1_1|5045|0|2|953|949|7792.0|-880.0|7856.0|-768.0|7823.565878428938|-823.7519305308216|112.0|112.0|112.0|RROCK19|XA35TEX|1.0|1.0|0.0|0.0|1.28|soil|-|SG002318|-|1100|1|1|949|XA35TEX|-|1.0|1.0|0.0|0.0|0.0|XA35TEX|-|1.0|1.0|291.512711317|16.0|104.0|104.0|112.0|112.0|512.0|512.0|512.0|512.0
UTNTSkyEdge_tntle_5046_0_terrain_1_0|5046|0|2|953|949|7856.0|-768.0|7856.0|-560.0|7856.5|-664.0|112.0|112.0|112.0|RROCK19|XA35TEX|1.0|1.0|420.508835289|16.0|1.28|soil|-|SG002327|-|1101|1|0|949|XA35TEX|-|1.0|1.0|0.0|0.0|0.0|XA35TEX|-|1.0|1.0|420.508835289|16.0|104.0|104.0|112.0|112.0|512.0|512.0|512.0|512.0
UTNTSkyEdge_tntle_5046_0_terrain_1_1|5046|0|2|953|949|7856.0|-768.0|7856.0|-560.0|7855.5|-664.0|112.0|112.0|112.0|RROCK19|XA35TEX|1.0|1.0|0.0|0.0|1.28|soil|-|SG002318|-|1100|1|1|949|XA35TEX|-|1.0|1.0|0.0|0.0|0.0|XA35TEX|-|1.0|1.0|420.508835289|16.0|104.0|104.0|112.0|112.0|512.0|512.0|512.0|512.0
UTNTSkyEdge_tntle_5047_0_terrain_1_0|5047|0|2|953|949|7856.0|-560.0|7920.0|-448.0|7888.434121571062|-504.2480694691784|112.0|112.0|112.0|RROCK19|XA35TEX|1.0|1.0|116.508835289|16.0|1.28|soil|-|SG002327|-|1101|1|0|949|XA35TEX|-|1.0|1.0|0.0|0.0|0.0|XA35TEX|-|1.0|1.0|116.508835289|16.0|104.0|104.0|112.0|112.0|512.0|512.0|512.0|512.0
UTNTSkyEdge_tntle_5047_0_terrain_1_1|5047|0|2|953|949|7856.0|-560.0|7920.0|-448.0|7887.565878428938|-503.7519305308216|112.0|112.0|112.0|RROCK19|XA35TEX|1.0|1.0|0.0|0.0|1.28|soil|-|SG002318|-|1100|1|1|949|XA35TEX|-|1.0|1.0|0.0|0.0|0.0|XA35TEX|-|1.0|1.0|116.508835289|16.0|104.0|104.0|112.0|112.0|512.0|512.0|512.0|512.0
UTNTSkyEdge_tntle_5048_0_terrain_1_0|5048|0|2|953|954|7856.0|-208.0|7872.0|-192.0|7864.353553390593|-200.35355339059328|184.0|184.0|184.0|QROCK3|QROCK3X8|1.0|1.0|381.470388246|72.0|8|rock|-|SG002156|-|1101|1|0|954|XA11TEX|-|1.0|1.0|0.0|0.0|0.0|QROCK3X8|-|1.0|1.0|381.470388246|72.0|104.0|104.0|184.0|184.0|512.0|512.0|512.0|512.0
UTNTSkyEdge_tntle_5048_0_terrain_1_1|5048|0|2|953|954|7856.0|-208.0|7872.0|-192.0|7863.646446609407|-199.64644660940672|184.0|184.0|184.0|QROCK3|XA11TEX|1.0|1.0|0.0|0.0|8|gravel|-|SG002325|-|1099|1|1|954|XA11TEX|-|1.0|1.0|0.0|0.0|0.0|QROCK3X8|-|1.0|1.0|381.470388246|72.0|104.0|104.0|184.0|184.0|512.0|512.0|512.0|512.0
UTNTSkyEdge_tntle_5049_0_terrain_1_0|5049|0|2|949|954|7808.0|-320.0|7856.0|-208.0|7832.459572515009|-264.19695964928957|184.0|184.0|184.0|QROCK3|QROCK3X8|1.0|1.0|259.618018552|72.0|8|rock|-|SG002155|-|1100|1|0|954|XA11TEX|-|1.0|1.0|0.0|0.0|0.0|QROCK3X8|-|1.0|1.0|259.618018552|72.0|112.0|112.0|184.0|184.0|512.0|512.0|512.0|512.0
UTNTSkyEdge_tntle_5049_0_terrain_1_1|5049|0|2|949|954|7808.0|-320.0|7856.0|-208.0|7831.540427484991|-263.80304035071043|184.0|184.0|184.0|QROCK3|XA11TEX|1.0|1.0|0.0|0.0|8|gravel|-|SG002325|-|1099|1|1|954|XA11TEX|-|1.0|1.0|0.0|0.0|0.0|QROCK3X8|-|1.0|1.0|259.618018552|72.0|112.0|112.0|184.0|184.0|512.0|512.0|512.0|512.0
UTNTSkyEdge_tntle_5051_0_terrain_1_0|5051|0|2|954|952|7792.0|-496.0|7856.0|-384.0|7824.434121571062|-440.2480694691784|192.0|192.0|192.0|RROCK19|XA35TEX|1.0|1.0|0.0|64.0|1.28|soil|-|SG002329|-|1099|1|0|952|XA35TEX|-|1.0|1.0|0.0|0.0|0.0|XA35TEX|-|1.0|1.0|0.0|64.0|184.0|184.0|192.0|192.0|512.0|512.0|512.0|512.0
UTNTSkyEdge_tntle_5051_0_terrain_1_1|5051|0|2|954|952|7792.0|-496.0|7856.0|-384.0|7823.565878428938|-439.7519305308216|192.0|192.0|192.0|RROCK19|XA35TEX|1.0|1.0|0.0|0.0|1.28|soil|-|SG002317|-|1098|1|1|952|XA35TEX|-|1.0|1.0|0.0|0.0|0.0|XA35TEX|-|1.0|1.0|0.0|64.0|184.0|184.0|192.0|192.0|512.0|512.0|512.0|512.0
UTNTSkyEdge_tntle_5052_0_terrain_1_0|5052|0|2|954|952|7856.0|-384.0|7792.0|-320.0|7824.353553390593|-351.6464466094067|192.0|192.0|192.0|RROCK19|XA35TEX|1.0|1.0|128.996123973|64.0|1.28|soil|-|SG002329|-|1099|1|0|952|XA35TEX|-|1.0|1.0|0.0|0.0|0.0|XA35TEX|-|1.0|1.0|128.996123973|64.0|184.0|184.0|192.0|192.0|512.0|512.0|512.0|512.0
UTNTSkyEdge_tntle_5052_0_terrain_1_1|5052|0|2|954|952|7856.0|-384.0|7792.0|-320.0|7823.646446609407|-352.3535533905933|192.0|192.0|192.0|RROCK19|XA35TEX|1.0|1.0|0.0|0.0|1.28|soil|-|SG002317|-|1098|1|1|952|XA35TEX|-|1.0|1.0|0.0|0.0|0.0|XA35TEX|-|1.0|1.0|128.996123973|64.0|184.0|184.0|192.0|192.0|512.0|512.0|512.0|512.0
UTNTSkyEdge_tntle_5053_0_terrain_1_0|5053|0|2|954|952|7792.0|-320.0|7856.0|-176.0|7824.45690577431|-248.20306923302672|192.0|192.0|192.0|RROCK19|XA35TEX|1.0|1.0|219.505791965|64.0|1.28|soil|-|SG002329|-|1099|1|0|952|XA35TEX|-|1.0|1.0|0.0|0.0|0.0|XA35TEX|-|1.0|1.0|219.505791965|64.0|184.0|184.0|192.0|192.0|512.0|512.0|512.0|512.0
UTNTSkyEdge_tntle_5053_0_terrain_1_1|5053|0|2|954|952|7792.0|-320.0|7856.0|-176.0|7823.54309422569|-247.79693076697328|192.0|192.0|192.0|RROCK19|XA35TEX|1.0|1.0|0.0|0.0|1.28|soil|-|SG002317|-|1098|1|1|952|XA35TEX|-|1.0|1.0|0.0|0.0|0.0|XA35TEX|-|1.0|1.0|219.505791965|64.0|184.0|184.0|192.0|192.0|512.0|512.0|512.0|512.0
UTNTSkyEdge_tntle_5054_0_terrain_1_0|5054|0|2|954|952|7856.0|-176.0|7920.0|64.0|7888.483117469801|-56.12883132528017|192.0|192.0|192.0|RROCK19|XA35TEX|1.0|1.0|377.087516793|64.0|1.28|soil|-|SG002329|-|1099|1|0|952|XA35TEX|-|1.0|1.0|0.0|0.0|0.0|XA35TEX|-|1.0|1.0|377.087516793|64.0|184.0|184.0|192.0|192.0|512.0|512.0|512.0|512.0
UTNTSkyEdge_tntle_5054_0_terrain_1_1|5054|0|2|954|952|7856.0|-176.0|7920.0|64.0|7887.516882530199|-55.87116867471983|192.0|192.0|192.0|RROCK19|XA35TEX|1.0|1.0|0.0|0.0|1.28|soil|-|SG002317|-|1098|1|1|952|XA35TEX|-|1.0|1.0|0.0|0.0|0.0|XA35TEX|-|1.0|1.0|377.087516793|64.0|184.0|184.0|192.0|192.0|512.0|512.0|512.0|512.0
UTNTSkyEdge_tntle_5055_0_terrain_1_0|5055|0|2|954|952|7920.0|64.0|7856.0|192.0|7888.4472135955|128.22360679774997|192.0|192.0|192.0|RROCK19|XA35TEX|1.0|1.0|113.474311934|64.0|1.28|soil|-|SG002329|-|1099|1|0|952|XA35TEX|-|1.0|1.0|0.0|0.0|0.0|XA35TEX|-|1.0|1.0|113.474311934|64.0|184.0|184.0|192.0|192.0|512.0|512.0|512.0|512.0
UTNTSkyEdge_tntle_5055_0_terrain_1_1|5055|0|2|954|952|7920.0|64.0|7856.0|192.0|7887.5527864045|127.77639320225002|192.0|192.0|192.0|RROCK19|XA35TEX|1.0|1.0|0.0|0.0|1.28|soil|-|SG002317|-|1098|1|1|952|XA35TEX|-|1.0|1.0|0.0|0.0|0.0|XA35TEX|-|1.0|1.0|113.474311934|64.0|184.0|184.0|192.0|192.0|512.0|512.0|512.0|512.0
UTNTSkyEdge_tntle_5056_0_terrain_1_0|5056|0|2|954|952|7856.0|192.0|7792.0|448.0|7824.485071250073|320.12126781251817|192.0|192.0|192.0|RROCK19|XA35TEX|1.0|1.0|256.582662494|64.0|1.28|soil|-|SG002329|-|1099|1|0|952|XA35TEX|-|1.0|1.0|0.0|0.0|0.0|XA35TEX|-|1.0|1.0|256.582662494|64.0|184.0|184.0|192.0|192.0|512.0|512.0|512.0|512.0
UTNTSkyEdge_tntle_5056_0_terrain_1_1|5056|0|2|954|952|7856.0|192.0|7792.0|448.0|7823.514928749927|319.87873218748183|192.0|192.0|192.0|RROCK19|XA35TEX|1.0|1.0|0.0|0.0|1.28|soil|-|SG002317|-|1098|1|1|952|XA35TEX|-|1.0|1.0|0.0|0.0|0.0|XA35TEX|-|1.0|1.0|256.582662494|64.0|184.0|184.0|192.0|192.0|512.0|512.0|512.0|512.0
UTNTSkyEdge_tntle_5057_1_terrain_1_0|5057|1|2|952|955|7680.0|576.0|7728.0|624.0|7704.353553390593|599.6464466094068|240.0|240.0|240.0|QROCK3|QROCK3X8|1.0|1.0|283.618018552|16.0|7.68|rock|-|SG002153|-|1098|1|0|955|XA11TEX|-|1.0|1.0|0.0|0.0|0.0|QROCK3X8|-|1.0|1.0|283.618018552|16.0|192.0|192.0|240.0|240.0|512.0|512.0|512.0|512.0
UTNTSkyEdge_tntle_5057_1_terrain_1_1|5057|1|2|952|955|7680.0|576.0|7728.0|624.0|7703.646446609407|600.3535533905932|240.0|240.0|240.0|QROCK3|XA11TEX|1.0|1.0|0.0|0.0|7.68|gravel|-|SG002326|-|1107|1|1|955|XA11TEX|-|1.0|1.0|0.0|0.0|0.0|QROCK3X8|-|1.0|1.0|283.618018552|16.0|192.0|192.0|240.0|240.0|512.0|512.0|512.0|512.0
UTNTSkyEdge_tntle_5058_0_terrain_1_0|5058|0|2|954|952|7792.0|448.0|7728.0|624.0|7760.469896711744|536.1708715315433|192.0|192.0|192.0|RROCK19|XA35TEX|1.0|1.0|8.461422533|64.0|1.28|soil|-|SG002329|-|1099|1|0|952|XA35TEX|-|1.0|1.0|0.0|0.0|0.0|XA35TEX|-|1.0|1.0|8.461422533|64.0|184.0|184.0|192.0|192.0|512.0|512.0|512.0|512.0
UTNTSkyEdge_tntle_5058_0_terrain_1_1|5058|0|2|954|952|7792.0|448.0|7728.0|624.0|7759.530103288256|535.8291284684567|192.0|192.0|192.0|RROCK19|XA35TEX|1.0|1.0|0.0|0.0|1.28|soil|-|SG002317|-|1098|1|1|952|XA35TEX|-|1.0|1.0|0.0|0.0|0.0|XA35TEX|-|1.0|1.0|8.461422533|64.0|184.0|184.0|192.0|192.0|512.0|512.0|512.0|512.0
UTNTSkyEdge_tntle_5059_0_terrain_2_1|5059|0|1|950|950|7536.0|528.0|7424.0|640.0|7480.353553390593|584.3535533905932|248.0|248.0|248.0|QROCK3|XA35TEX|1.0|1.0|0.0|0.0|5|soil|-|SG002316|-|1097|2|1|950|XA35TEX|-|1.0|1.0|0.0|0.0|0.0|QROCK3X8|-|1.0|1.0|72.627416998|0.0|248.0|248.0|0|0|512.0|512.0|0|0
UTNTSkyEdge_tntle_5060_0_terrain_1_0|5060|0|2|955|950|7536.0|528.0|7616.0|656.0|7576.423999152003|591.7350005299984|248.0|248.0|248.0|RROCK19|XA35TEX|1.0|1.0|0.0|8.0|1.28|soil|-|SG002330|-|1107|1|0|950|XA35TEX|-|1.0|1.0|0.0|0.0|0.0|XA35TEX|-|1.0|1.0|0.0|8.0|240.0|240.0|248.0|248.0|512.0|512.0|512.0|512.0
UTNTSkyEdge_tntle_5060_0_terrain_1_1|5060|0|2|955|950|7536.0|528.0|7616.0|656.0|7575.576000847997|592.2649994700016|248.0|248.0|248.0|RROCK19|XA35TEX|1.0|1.0|0.0|0.0|1.28|soil|-|SG002316|-|1097|1|1|950|XA35TEX|-|1.0|1.0|0.0|0.0|0.0|XA35TEX|-|1.0|1.0|0.0|8.0|240.0|240.0|248.0|248.0|512.0|512.0|512.0|512.0
UTNTSkyEdge_tntle_5061_0_terrain_1_0|5061|0|2|955|950|7616.0|656.0|7680.0|592.0|7647.646446609407|623.6464466094068|248.0|248.0|248.0|RROCK19|XA35TEX|1.0|1.0|150.943698113|8.0|1.28|soil|-|SG002330|-|1107|1|0|950|XA35TEX|-|1.0|1.0|0.0|0.0|0.0|XA35TEX|-|1.0|1.0|150.943698113|8.0|240.0|240.0|248.0|248.0|512.0|512.0|512.0|512.0
UTNTSkyEdge_tntle_5061_0_terrain_1_1|5061|0|2|955|950|7616.0|656.0|7680.0|592.0|7648.353553390593|624.3535533905932|248.0|248.0|248.0|RROCK19|XA35TEX|1.0|1.0|0.0|0.0|1.28|soil|-|SG002316|-|1097|1|1|950|XA35TEX|-|1.0|1.0|0.0|0.0|0.0|XA35TEX|-|1.0|1.0|150.943698113|8.0|240.0|240.0|248.0|248.0|512.0|512.0|512.0|512.0
UTNTSkyEdge_tntle_5062_0_terrain_1_0|5062|0|2|955|950|7680.0|592.0|7744.0|656.0|7712.353553390593|623.6464466094068|248.0|248.0|248.0|RROCK19|XA35TEX|1.0|1.0|241.453366105|8.0|1.28|soil|-|SG002330|-|1107|1|0|950|XA35TEX|-|1.0|1.0|0.0|0.0|0.0|XA35TEX|-|1.0|1.0|241.453366105|8.0|240.0|240.0|248.0|248.0|512.0|512.0|512.0|512.0
UTNTSkyEdge_tntle_5062_0_terrain_1_1|5062|0|2|955|950|7680.0|592.0|7744.0|656.0|7711.646446609407|624.3535533905932|248.0|248.0|248.0|RROCK19|XA35TEX|1.0|1.0|0.0|0.0|1.28|soil|-|SG002316|-|1097|1|1|950|XA35TEX|-|1.0|1.0|0.0|0.0|0.0|XA35TEX|-|1.0|1.0|241.453366105|8.0|240.0|240.0|248.0|248.0|512.0|512.0|512.0|512.0
UTNTSkyEdge_tntle_5064_0_terrain_1_0|5064|0|2|955|950|7744.0|656.0|7824.0|768.0|7784.406866735603|711.7093809031404|248.0|248.0|248.0|RROCK19|XA35TEX|1.0|1.0|331.963034097|8.0|1.28|soil|-|SG002330|-|1107|1|0|950|XA35TEX|-|1.0|1.0|0.0|0.0|0.0|XA35TEX|-|1.0|1.0|331.963034097|8.0|240.0|240.0|248.0|248.0|512.0|512.0|512.0|512.0
UTNTSkyEdge_tntle_5064_0_terrain_1_1|5064|0|2|955|950|7744.0|656.0|7824.0|768.0|7783.593133264397|712.2906190968596|248.0|248.0|248.0|RROCK19|XA35TEX|1.0|1.0|0.0|0.0|1.28|soil|-|SG002316|-|1097|1|1|950|XA35TEX|-|1.0|1.0|0.0|0.0|0.0|XA35TEX|-|1.0|1.0|331.963034097|8.0|240.0|240.0|248.0|248.0|512.0|512.0|512.0|512.0
UTNTSkyEdge_tntle_5065_0_terrain_2_1|5065|0|1|951|951|7664.0|-304.0|7552.0|-128.0|7608.421830743866|-215.73156225390343|344.0|344.0|344.0|QROCK3|XA35TEX|1.0|1.0|0.0|0.0|5|soil|-|SG002331|-|1109|2|1|951|XA35TEX|-|1.0|1.0|0.0|0.0|0.0|QROCK3X8|-|1.0|1.0|24.627416998|0.0|344.0|344.0|0|0|512.0|512.0|0|0
UTNTSkyEdge_tntle_5072_0_terrain_2_1|5072|0|1|951|951|7552.0|-128.0|7664.0|368.0|7608.487720501033|119.88986956428268|344.0|344.0|344.0|QROCK3|XA35TEX|1.0|1.0|0.0|0.0|5|soil|-|SG002331|-|1109|2|1|951|XA35TEX|-|1.0|1.0|0.0|0.0|0.0|QROCK3X8|-|1.0|1.0|233.241893964|0.0|344.0|344.0|0|0|512.0|512.0|0|0
UTNTSkyEdge_tntle_5073_0_terrain_1_0|5073|0|2|955|950|7824.0|768.0|7856.0|896.0|7840.485071250073|831.8787321874819|248.0|248.0|248.0|RROCK19|XA35TEX|1.0|1.0|469.600238369|8.0|1.28|soil|-|SG002330|-|1107|1|0|950|XA35TEX|-|1.0|1.0|0.0|0.0|0.0|XA35TEX|-|1.0|1.0|469.600238369|8.0|240.0|240.0|248.0|248.0|512.0|512.0|512.0|512.0
UTNTSkyEdge_tntle_5073_0_terrain_1_1|5073|0|2|955|950|7824.0|768.0|7856.0|896.0|7839.514928749927|832.1212678125181|248.0|248.0|248.0|RROCK19|XA35TEX|1.0|1.0|0.0|0.0|1.28|soil|-|SG002316|-|1097|1|1|950|XA35TEX|-|1.0|1.0|0.0|0.0|0.0|XA35TEX|-|1.0|1.0|469.600238369|8.0|240.0|240.0|248.0|248.0|512.0|512.0|512.0|512.0
UTNTSkyEdge_tntle_5074_0_terrain_1_0|5074|0|2|1939|961|8576.0|1152.0|8768.0|1088.0|8671.841886116992|1119.5256583509747|72.0|72.0|72.0|QROCK3|QROCK3X8|1.0|1.0|104.0|56.0|8|rock|-|SG002151|-|1096|1|0|961|XA11TEX|-|1.0|1.0|0.0|0.0|0.0|QROCK3X8|-|1.0|1.0|104.0|56.0|0.0|0.0|72.0|72.0|512.0|512.0|512.0|512.0
UTNTSkyEdge_tntle_5074_0_terrain_1_1|5074|0|2|1939|961|8576.0|1152.0|8768.0|1088.0|8672.158113883008|1120.4743416490253|72.0|72.0|72.0|QROCK3|XA11TEX|1.0|1.0|0.0|0.0|8|gravel|-|SG002332|-|1106|1|1|961|XA11TEX|-|1.0|1.0|0.0|0.0|0.0|QROCK3X8|-|1.0|1.0|104.0|56.0|0.0|0.0|72.0|72.0|512.0|512.0|512.0|512.0
UTNTSkyEdge_tntle_5075_0_terrain_1_0|5075|0|2|1939|961|8768.0|1088.0|8960.0|1152.0|8864.158113883008|1119.5256583509747|72.0|72.0|72.0|QROCK3|QROCK3X8|1.0|1.0|306.385770251|56.0|8|rock|-|SG002151|-|1096|1|0|961|XA11TEX|-|1.0|1.0|0.0|0.0|0.0|QROCK3X8|-|1.0|1.0|306.385770251|56.0|0.0|0.0|72.0|72.0|512.0|512.0|512.0|512.0
UTNTSkyEdge_tntle_5075_0_terrain_1_1|5075|0|2|1939|961|8768.0|1088.0|8960.0|1152.0|8863.841886116992|1120.4743416490253|72.0|72.0|72.0|QROCK3|XA11TEX|1.0|1.0|0.0|0.0|8|gravel|-|SG002332|-|1106|1|1|961|XA11TEX|-|1.0|1.0|0.0|0.0|0.0|QROCK3X8|-|1.0|1.0|306.385770251|56.0|0.0|0.0|72.0|72.0|512.0|512.0|512.0|512.0
UTNTSkyEdge_tntle_5075_0_terrain_2_1|5075|0|2|1939|1939|8768.0|1088.0|8960.0|1152.0|8864.158113883008|1119.5256583509747|0.0|0.0|0.0|QROCK3|QGRASS|1.0|1.0|0.0|0.0|5|grass|-|SG002319|-|1096|2|1|1939|QGRASS|-|1.0|1.0|0.0|0.0|0.0|QROCK3X8|-|1.0|1.0|306.385770251|56.0|0.0|0.0|72.0|72.0|512.0|512.0|512.0|512.0
UTNTSkyEdge_tntle_5076_0_terrain_1_0|5076|0|2|1939|961|8960.0|1152.0|9088.0|1152.0|9024.0|1151.5|72.0|72.0|72.0|QROCK3|QROCK3X8|1.0|1.0|508.771540502|56.0|8|rock|-|SG002151|-|1096|1|0|961|XA11TEX|-|1.0|1.0|0.0|0.0|0.0|QROCK3X8|-|1.0|1.0|508.771540502|56.0|0.0|0.0|72.0|72.0|512.0|512.0|512.0|512.0
UTNTSkyEdge_tntle_5076_0_terrain_1_1|5076|0|2|1939|961|8960.0|1152.0|9088.0|1152.0|9024.0|1152.5|72.0|72.0|72.0|QROCK3|XA11TEX|1.0|1.0|0.0|0.0|8|gravel|-|SG002332|-|1106|1|1|961|XA11TEX|-|1.0|1.0|0.0|0.0|0.0|QROCK3X8|-|1.0|1.0|508.771540502|56.0|0.0|0.0|72.0|72.0|512.0|512.0|512.0|512.0
UTNTSkyEdge_tntle_5076_0_terrain_2_1|5076|0|2|1939|1939|8960.0|1152.0|9088.0|1152.0|9024.0|1151.5|0.0|0.0|0.0|QROCK3|QGRASS|1.0|1.0|0.0|0.0|5|grass|-|SG002319|-|1096|2|1|1939|QGRASS|-|1.0|1.0|0.0|0.0|0.0|QROCK3X8|-|1.0|1.0|508.771540502|56.0|0.0|0.0|72.0|72.0|512.0|512.0|512.0|512.0
UTNTSkyEdge_tntle_5077_0_terrain_1_0|5077|0|2|1939|961|9088.0|1152.0|9216.0|1088.0|9151.77639320225|1119.5527864045|72.0|72.0|72.0|QROCK3|QROCK3X8|1.0|1.0|636.771540502|56.0|8|rock|-|SG002151|-|1096|1|0|961|XA11TEX|-|1.0|1.0|0.0|0.0|0.0|QROCK3X8|-|1.0|1.0|636.771540502|56.0|0.0|0.0|72.0|72.0|512.0|512.0|512.0|512.0
UTNTSkyEdge_tntle_5077_0_terrain_1_1|5077|0|2|1939|961|9088.0|1152.0|9216.0|1088.0|9152.22360679775|1120.4472135955|72.0|72.0|72.0|QROCK3|XA11TEX|1.0|1.0|0.0|0.0|8|gravel|-|SG002332|-|1106|1|1|961|XA11TEX|-|1.0|1.0|0.0|0.0|0.0|QROCK3X8|-|1.0|1.0|636.771540502|56.0|0.0|0.0|72.0|72.0|512.0|512.0|512.0|512.0
UTNTSkyEdge_tntle_5077_0_terrain_2_1|5077|0|2|1939|1939|9088.0|1152.0|9216.0|1088.0|9151.77639320225|1119.5527864045|0.0|0.0|0.0|QROCK3|QGRASS|1.0|1.0|0.0|0.0|5|grass|-|SG002319|-|1096|2|1|1939|QGRASS|-|1.0|1.0|0.0|0.0|0.0|QROCK3X8|-|1.0|1.0|636.771540502|56.0|0.0|0.0|72.0|72.0|512.0|512.0|512.0|512.0
UTNTSkyEdge_tntle_5078_0_terrain_1_0|5078|0|2|2061|961|9216.0|1088.0|9408.0|1216.0|9312.277350098113|1151.583974852831|72.0|72.0|72.0|QROCK3|QROCK3X8|1.0|1.0|779.879891062|56.0|8|rock|-|SG002157|-|1102|1|0|961|XA11TEX|-|1.0|1.0|0.0|0.0|0.0|QROCK3X8|-|1.0|1.0|779.879891062|56.0|0.0|0.0|72.0|72.0|512.0|512.0|512.0|512.0
UTNTSkyEdge_tntle_5078_0_terrain_1_1|5078|0|2|2061|961|9216.0|1088.0|9408.0|1216.0|9311.722649901887|1152.416025147169|72.0|72.0|72.0|QROCK3|XA11TEX|1.0|1.0|0.0|0.0|8|gravel|-|SG002332|-|1106|1|1|961|XA11TEX|-|1.0|1.0|0.0|0.0|0.0|QROCK3X8|-|1.0|1.0|779.879891062|56.0|0.0|0.0|72.0|72.0|512.0|512.0|512.0|512.0
UTNTSkyEdge_tntle_5078_0_terrain_2_1|5078|0|2|2061|2061|9216.0|1088.0|9408.0|1216.0|9312.277350098113|1151.583974852831|0.0|0.0|0.0|QROCK3|QGRASS|1.0|1.0|0.0|0.0|5|grass|-|SG002321|-|1102|2|1|2061|QGRASS|-|1.0|1.0|0.0|0.0|0.0|QROCK3X8|-|1.0|1.0|779.879891062|56.0|0.0|0.0|72.0|72.0|512.0|512.0|512.0|512.0
UTNTSkyEdge_tntle_5079_0_terrain_1_0|5079|0|2|2061|961|9408.0|1216.0|9408.0|1344.0|9408.5|1280.0|72.0|72.0|72.0|QROCK3|QROCK3X8|1.0|1.0|1010.635172691|56.0|8|rock|-|SG002157|-|1102|1|0|961|XA11TEX|-|1.0|1.0|0.0|0.0|0.0|QROCK3X8|-|1.0|1.0|1010.635172691|56.0|0.0|0.0|72.0|72.0|512.0|512.0|512.0|512.0
UTNTSkyEdge_tntle_5079_0_terrain_1_1|5079|0|2|2061|961|9408.0|1216.0|9408.0|1344.0|9407.5|1280.0|72.0|72.0|72.0|QROCK3|XA11TEX|1.0|1.0|0.0|0.0|8|gravel|-|SG002332|-|1106|1|1|961|XA11TEX|-|1.0|1.0|0.0|0.0|0.0|QROCK3X8|-|1.0|1.0|1010.635172691|56.0|0.0|0.0|72.0|72.0|512.0|512.0|512.0|512.0
UTNTSkyEdge_tntle_5079_0_terrain_2_1|5079|0|2|2061|2061|9408.0|1216.0|9408.0|1344.0|9408.5|1280.0|0.0|0.0|0.0|QROCK3|QGRASS|1.0|1.0|0.0|0.0|5|grass|-|SG002321|-|1102|2|1|2061|QGRASS|-|1.0|1.0|0.0|0.0|0.0|QROCK3X8|-|1.0|1.0|1010.635172691|56.0|0.0|0.0|72.0|72.0|512.0|512.0|512.0|512.0
UTNTSkyEdge_tntle_5080_0_terrain_1_0|5080|0|2|2061|963|9408.0|1344.0|9472.0|1408.0|9440.353553390592|1375.6464466094067|208.0|208.0|208.0|QROCK3|QROCK3X8|1.0|1.0|1.0|48.0|8|rock|-|SG002157|-|1102|1|0|963|XA11TEX|-|1.0|1.0|0.0|0.0|0.0|QROCK3X8|-|1.0|1.0|1.0|48.0|0.0|0.0|208.0|208.0|512.0|512.0|512.0|512.0
UTNTSkyEdge_tntle_5080_0_terrain_1_1|5080|0|2|2061|963|9408.0|1344.0|9472.0|1408.0|9439.646446609408|1376.3535533905933|208.0|208.0|208.0|QROCK3|XA11TEX|1.0|1.0|0.0|0.0|8|gravel|-|SG002333|-|1105|1|1|963|XA11TEX|-|1.0|1.0|0.0|0.0|0.0|QROCK3X8|-|1.0|1.0|1.0|48.0|0.0|0.0|208.0|208.0|512.0|512.0|512.0|512.0
UTNTSkyEdge_tntle_5081_0_terrain_1_0|5081|0|2|2061|963|9472.0|1408.0|9664.0|1408.0|9568.0|1407.5|208.0|208.0|208.0|QROCK3|QROCK3X8|1.0|1.0|91.509667992|48.0|8|rock|-|SG002157|-|1102|1|0|963|XA11TEX|-|1.0|1.0|0.0|0.0|0.0|QROCK3X8|-|1.0|1.0|91.509667992|48.0|0.0|0.0|208.0|208.0|512.0|512.0|512.0|512.0
UTNTSkyEdge_tntle_5081_0_terrain_1_1|5081|0|2|2061|963|9472.0|1408.0|9664.0|1408.0|9568.0|1408.5|208.0|208.0|208.0|QROCK3|XA11TEX|1.0|1.0|0.0|0.0|8|gravel|-|SG002333|-|1105|1|1|963|XA11TEX|-|1.0|1.0|0.0|0.0|0.0|QROCK3X8|-|1.0|1.0|91.509667992|48.0|0.0|0.0|208.0|208.0|512.0|512.0|512.0|512.0
UTNTSkyEdge_tntle_5082_0_terrain_1_0|5082|0|2|2061|963|9664.0|1408.0|9792.0|1536.0|9728.353553390592|1471.6464466094067|208.0|208.0|208.0|QROCK3|QROCK3X8|1.0|1.0|283.509667992|48.0|8|rock|-|SG002157|-|1102|1|0|963|XA11TEX|-|1.0|1.0|0.0|0.0|0.0|QROCK3X8|-|1.0|1.0|283.509667992|48.0|0.0|0.0|208.0|208.0|512.0|512.0|512.0|512.0
UTNTSkyEdge_tntle_5082_0_terrain_1_1|5082|0|2|2061|963|9664.0|1408.0|9792.0|1536.0|9727.646446609408|1472.3535533905933|208.0|208.0|208.0|QROCK3|XA11TEX|1.0|1.0|0.0|0.0|8|gravel|-|SG002333|-|1105|1|1|963|XA11TEX|-|1.0|1.0|0.0|0.0|0.0|QROCK3X8|-|1.0|1.0|283.509667992|48.0|0.0|0.0|208.0|208.0|512.0|512.0|512.0|512.0
UTNTSkyEdge_tntle_5082_0_terrain_2_1|5082|0|2|2061|2061|9664.0|1408.0|9792.0|1536.0|9728.353553390592|1471.6464466094067|0.0|0.0|0.0|QROCK3|QGRASS|1.0|1.0|0.0|0.0|5|grass|-|SG002321|-|1102|2|1|2061|QGRASS|-|1.0|1.0|0.0|0.0|0.0|QROCK3X8|-|1.0|1.0|283.509667992|48.0|0.0|0.0|208.0|208.0|512.0|512.0|512.0|512.0
UTNTSkyEdge_tntle_5083_0_terrain_1_0|5083|0|2|2061|963|9792.0|1536.0|9856.0|1600.0|9824.353553390592|1567.6464466094067|208.0|208.0|208.0|QROCK3|QROCK3X8|1.0|1.0|464.529003976|48.0|8|rock|-|SG002157|-|1102|1|0|963|XA11TEX|-|1.0|1.0|0.0|0.0|0.0|QROCK3X8|-|1.0|1.0|464.529003976|48.0|0.0|0.0|208.0|208.0|512.0|512.0|512.0|512.0
UTNTSkyEdge_tntle_5083_0_terrain_1_1|5083|0|2|2061|963|9792.0|1536.0|9856.0|1600.0|9823.646446609408|1568.3535533905933|208.0|208.0|208.0|QROCK3|XA11TEX|1.0|1.0|0.0|0.0|8|gravel|-|SG002333|-|1105|1|1|963|XA11TEX|-|1.0|1.0|0.0|0.0|0.0|QROCK3X8|-|1.0|1.0|464.529003976|48.0|0.0|0.0|208.0|208.0|512.0|512.0|512.0|512.0
UTNTSkyEdge_tntle_5084_0_terrain_1_0|5084|0|2|2061|964|9856.0|1600.0|9984.0|1600.0|9920.0|1599.5|296.0|296.0|296.0|QROCK3|QROCK3X8|1.0|1.0|51.0|88.0|8|rock|-|SG002157|-|1102|1|0|964|XA11TEX|-|1.0|1.0|0.0|0.0|0.0|QROCK3X8|-|1.0|1.0|51.0|88.0|0.0|0.0|296.0|296.0|512.0|512.0|512.0|512.0
UTNTSkyEdge_tntle_5084_0_terrain_1_1|5084|0|2|2061|964|9856.0|1600.0|9984.0|1600.0|9920.0|1600.5|296.0|296.0|296.0|QROCK3|XA11TEX|1.0|1.0|0.0|0.0|8|gravel|-|SG002334|-|1111|1|1|964|XA11TEX|-|1.0|1.0|0.0|0.0|0.0|QROCK3X8|-|1.0|1.0|51.0|88.0|0.0|0.0|296.0|296.0|512.0|512.0|512.0|512.0
UTNTSkyEdge_tntle_5084_0_terrain_2_1|5084|0|2|2061|2061|9856.0|1600.0|9984.0|1600.0|9920.0|1599.5|0.0|0.0|0.0|QROCK3|QGRASS|1.0|1.0|0.0|0.0|5|grass|-|SG002321|-|1102|2|1|2061|QGRASS|-|1.0|1.0|0.0|0.0|0.0|QROCK3X8|-|1.0|1.0|51.0|88.0|0.0|0.0|296.0|296.0|512.0|512.0|512.0|512.0
UTNTSkyEdge_tntle_5085_0_terrain_2_1|5085|0|1|2061|2061|10048.0|1728.0|10240.0|1664.0|10143.841886116992|1695.5256583509747|0.0|0.0|0.0|QROCK3|QGRASS|1.0|1.0|0.0|0.0|5|grass|-|SG002321|-|1102|2|1|2061|QGRASS|-|1.0|1.0|0.0|0.0|0.0|QROCK3X8|-|1.0|1.0|8.0|0.0|0.0|0.0|0|0|512.0|512.0|0|0
UTNTSkyEdge_tntle_5086_0_terrain_1_0|5086|0|2|2061|964|9984.0|1600.0|10048.0|1728.0|10016.4472135955|1663.7763932022501|296.0|296.0|296.0|QROCK3|QROCK3X8|1.0|1.0|179.0|88.0|8|rock|-|SG002157|-|1102|1|0|964|XA11TEX|-|1.0|1.0|0.0|0.0|0.0|QROCK3X8|-|1.0|1.0|179.0|88.0|0.0|0.0|296.0|296.0|512.0|512.0|512.0|512.0
UTNTSkyEdge_tntle_5086_0_terrain_1_1|5086|0|2|2061|964|9984.0|1600.0|10048.0|1728.0|10015.5527864045|1664.2236067977499|296.0|296.0|296.0|QROCK3|XA11TEX|1.0|1.0|0.0|0.0|8|gravel|-|SG002334|-|1111|1|1|964|XA11TEX|-|1.0|1.0|0.0|0.0|0.0|QROCK3X8|-|1.0|1.0|179.0|88.0|0.0|0.0|296.0|296.0|512.0|512.0|512.0|512.0
UTNTSkyEdge_tntle_5086_0_terrain_2_1|5086|0|2|2061|2061|9984.0|1600.0|10048.0|1728.0|10016.4472135955|1663.7763932022501|0.0|0.0|0.0|QROCK3|QGRASS|1.0|1.0|0.0|0.0|5|grass|-|SG002321|-|1102|2|1|2061|QGRASS|-|1.0|1.0|0.0|0.0|0.0|QROCK3X8|-|1.0|1.0|179.0|88.0|0.0|0.0|296.0|296.0|512.0|512.0|512.0|512.0
UTNTSkyEdge_tntle_5087_0_terrain_1_0|5087|0|2|957|963|8832.0|1408.0|8944.0|1296.0|8887.646446609408|1351.6464466094067|208.0|208.0|208.0|QROCK3|QROCK3X8|1.0|1.0|98.0|48.0|8|rock|-|SG002168|-|1113|1|0|963|XA11TEX|-|1.0|1.0|0.0|0.0|0.0|QROCK3X8|-|1.0|1.0|98.0|48.0|136.0|136.0|208.0|208.0|512.0|512.0|512.0|512.0
UTNTSkyEdge_tntle_5087_0_terrain_1_1|5087|0|2|957|963|8832.0|1408.0|8944.0|1296.0|8888.353553390592|1352.3535533905933|208.0|208.0|208.0|QROCK3|XA11TEX|1.0|1.0|0.0|0.0|8|gravel|-|SG002333|-|1105|1|1|963|XA11TEX|-|1.0|1.0|0.0|0.0|0.0|QROCK3X8|-|1.0|1.0|98.0|48.0|136.0|136.0|208.0|208.0|512.0|512.0|512.0|512.0
UTNTSkyEdge_tntle_5088_0_terrain_1_0|5088|0|2|959|963|8960.0|1280.0|9152.0|1344.0|9056.158113883008|1311.5256583509747|208.0|208.0|208.0|QROCK3|QROCK3X8|1.0|1.0|23.0|48.0|8|rock|-|SG002167|-|1112|1|0|963|XA11TEX|-|1.0|1.0|0.0|0.0|0.0|QROCK3X8|-|1.0|1.0|23.0|48.0|80.0|80.0|208.0|208.0|512.0|512.0|512.0|512.0
UTNTSkyEdge_tntle_5088_0_terrain_1_1|5088|0|2|959|963|8960.0|1280.0|9152.0|1344.0|9055.841886116992|1312.4743416490253|208.0|208.0|208.0|QROCK3|XA11TEX|1.0|1.0|0.0|0.0|8|gravel|-|SG002333|-|1105|1|1|963|XA11TEX|-|1.0|1.0|0.0|0.0|0.0|QROCK3X8|-|1.0|1.0|23.0|48.0|80.0|80.0|208.0|208.0|512.0|512.0|512.0|512.0
UTNTSkyEdge_tntle_5088_0_terrain_2_1|5088|0|2|959|959|8960.0|1280.0|9152.0|1344.0|9056.158113883008|1311.5256583509747|80.0|80.0|80.0|QROCK3|XA35TEX|1.0|1.0|0.0|0.0|5|soil|-|SG002335|-|1112|2|1|959|XA35TEX|-|1.0|1.0|0.0|0.0|0.0|QROCK3X8|-|1.0|1.0|23.0|48.0|80.0|80.0|208.0|208.0|512.0|512.0|512.0|512.0
UTNTSkyEdge_tntle_5089_0_terrain_1_0|5089|0|2|959|963|9152.0|1344.0|9280.0|1280.0|9215.77639320225|1311.5527864045|208.0|208.0|208.0|QROCK3|QROCK3X8|1.0|1.0|225.385770251|48.0|8|rock|-|SG002167|-|1112|1|0|963|XA11TEX|-|1.0|1.0|0.0|0.0|0.0|QROCK3X8|-|1.0|1.0|225.385770251|48.0|80.0|80.0|208.0|208.0|512.0|512.0|512.0|512.0
UTNTSkyEdge_tntle_5089_0_terrain_1_1|5089|0|2|959|963|9152.0|1344.0|9280.0|1280.0|9216.22360679775|1312.4472135955|208.0|208.0|208.0|QROCK3|XA11TEX|1.0|1.0|0.0|0.0|8|gravel|-|SG002333|-|1105|1|1|963|XA11TEX|-|1.0|1.0|0.0|0.0|0.0|QROCK3X8|-|1.0|1.0|225.385770251|48.0|80.0|80.0|208.0|208.0|512.0|512.0|512.0|512.0
UTNTSkyEdge_tntle_5089_0_terrain_2_1|5089|0|2|959|959|9152.0|1344.0|9280.0|1280.0|9215.77639320225|1311.5527864045|80.0|80.0|80.0|QROCK3|XA35TEX|1.0|1.0|0.0|0.0|5|soil|-|SG002335|-|1112|2|1|959|XA35TEX|-|1.0|1.0|0.0|0.0|0.0|QROCK3X8|-|1.0|1.0|225.385770251|48.0|80.0|80.0|208.0|208.0|512.0|512.0|512.0|512.0
UTNTSkyEdge_tntle_5090_0_terrain_1_0|5090|0|2|961|959|9392.0|1232.0|9392.0|1344.0|9392.5|1288.0|80.0|80.0|80.0|RROCK19|XA35TEX|1.0|1.0|381.503419201|48.0|1.28|soil|-|SG002336|-|1106|1|0|959|XA35TEX|-|1.0|1.0|0.0|0.0|0.0|XA35TEX|-|1.0|1.0|381.503419201|48.0|72.0|72.0|80.0|80.0|512.0|512.0|512.0|512.0
UTNTSkyEdge_tntle_5090_0_terrain_1_1|5090|0|2|961|959|9392.0|1232.0|9392.0|1344.0|9391.5|1288.0|80.0|80.0|80.0|RROCK19|XA35TEX|1.0|1.0|0.0|0.0|1.28|soil|-|SG002335|-|1112|1|1|959|XA35TEX|-|1.0|1.0|0.0|0.0|0.0|XA35TEX|-|1.0|1.0|381.503419201|48.0|72.0|72.0|80.0|80.0|512.0|512.0|512.0|512.0
UTNTSkyEdge_tntle_5092_0_terrain_1_0|5092|0|2|959|962|8576.0|1216.0|8704.0|1280.0|8640.22360679775|1247.5527864045|128.0|128.0|128.0|QROCK3|QROCK3X8|1.0|1.0|40.0|0.0|7.68|rock|-|SG002167|-|1112|1|0|962|XA11TEX|-|1.0|1.0|0.0|0.0|0.0|QROCK3X8|-|1.0|1.0|40.0|0.0|80.0|80.0|128.0|128.0|512.0|512.0|512.0|512.0
UTNTSkyEdge_tntle_5092_0_terrain_1_1|5092|0|2|959|962|8576.0|1216.0|8704.0|1280.0|8639.77639320225|1248.4472135955|128.0|128.0|128.0|QROCK3|XA11TEX|1.0|1.0|0.0|0.0|7.68|gravel|-|SG002337|-|1110|1|1|962|XA11TEX|-|1.0|1.0|0.0|0.0|0.0|QROCK3X8|-|1.0|1.0|40.0|0.0|80.0|80.0|128.0|128.0|512.0|512.0|512.0|512.0
UTNTSkyEdge_tntle_5093_0_terrain_1_0|5093|0|2|959|962|8704.0|1280.0|8832.0|1216.0|8767.77639320225|1247.5527864045|128.0|128.0|128.0|QROCK3|QROCK3X8|1.0|1.0|183.10835056|0.0|7.68|rock|-|SG002167|-|1112|1|0|962|XA11TEX|-|1.0|1.0|0.0|0.0|0.0|QROCK3X8|-|1.0|1.0|183.10835056|0.0|80.0|80.0|128.0|128.0|512.0|512.0|512.0|512.0
UTNTSkyEdge_tntle_5093_0_terrain_1_1|5093|0|2|959|962|8704.0|1280.0|8832.0|1216.0|8768.22360679775|1248.4472135955|128.0|128.0|128.0|QROCK3|XA11TEX|1.0|1.0|0.0|0.0|7.68|gravel|-|SG002337|-|1110|1|1|962|XA11TEX|-|1.0|1.0|0.0|0.0|0.0|QROCK3X8|-|1.0|1.0|183.10835056|0.0|80.0|80.0|128.0|128.0|512.0|512.0|512.0|512.0
UTNTSkyEdge_tntle_5094_0_terrain_1_0|5094|0|2|959|962|8832.0|1216.0|8960.0|1280.0|8896.22360679775|1247.5527864045|128.0|128.0|128.0|QROCK3|QROCK3X8|1.0|1.0|326.21670112|0.0|7.68|rock|-|SG002167|-|1112|1|0|962|XA11TEX|-|1.0|1.0|0.0|0.0|0.0|QROCK3X8|-|1.0|1.0|326.21670112|0.0|80.0|80.0|128.0|128.0|512.0|512.0|512.0|512.0
UTNTSkyEdge_tntle_5094_0_terrain_1_1|5094|0|2|959|962|8832.0|1216.0|8960.0|1280.0|8895.77639320225|1248.4472135955|128.0|128.0|128.0|QROCK3|XA11TEX|1.0|1.0|0.0|0.0|7.68|gravel|-|SG002337|-|1110|1|1|962|XA11TEX|-|1.0|1.0|0.0|0.0|0.0|QROCK3X8|-|1.0|1.0|326.21670112|0.0|80.0|80.0|128.0|128.0|512.0|512.0|512.0|512.0
UTNTSkyEdge_tntle_5096_0_terrain_1_0|5096|0|2|963|960|9664.0|1424.0|9840.0|1600.0|9752.353553390592|1511.6464466094067|216.0|216.0|216.0|RROCK19|XA35TEX|1.0|1.0|282.509667992|40.0|1.28|soil|-|SG002338|-|1105|1|0|960|XA35TEX|-|1.0|1.0|0.0|0.0|0.0|XA35TEX|-|1.0|1.0|282.509667992|40.0|208.0|208.0|216.0|216.0|512.0|512.0|512.0|512.0
UTNTSkyEdge_tntle_5096_0_terrain_1_1|5096|0|2|963|960|9664.0|1424.0|9840.0|1600.0|9751.646446609408|1512.3535533905933|216.0|216.0|216.0|RROCK19|XA35TEX|1.0|1.0|0.0|0.0|1.28|soil|-|SG002323|-|1104|1|1|960|XA35TEX|-|1.0|1.0|0.0|0.0|0.0|XA35TEX|-|1.0|1.0|282.509667992|40.0|208.0|208.0|216.0|216.0|512.0|512.0|512.0|512.0
UTNTSkyEdge_tntle_5098_0_terrain_1_0|5098|0|2|961|959|8576.0|1168.0|8768.0|1104.0|8671.841886116992|1135.5256583509747|80.0|80.0|80.0|RROCK19|XA35TEX|1.0|1.0|0.0|48.0|1.28|soil|-|SG002336|-|1106|1|0|959|XA35TEX|-|1.0|1.0|0.0|0.0|0.0|XA35TEX|-|1.0|1.0|0.0|48.0|72.0|72.0|80.0|80.0|512.0|512.0|512.0|512.0
UTNTSkyEdge_tntle_5098_0_terrain_1_1|5098|0|2|961|959|8576.0|1168.0|8768.0|1104.0|8672.158113883008|1136.4743416490253|80.0|80.0|80.0|RROCK19|XA35TEX|1.0|1.0|0.0|0.0|1.28|soil|-|SG002335|-|1112|1|1|959|XA35TEX|-|1.0|1.0|0.0|0.0|0.0|XA35TEX|-|1.0|1.0|0.0|48.0|72.0|72.0|80.0|80.0|512.0|512.0|512.0|512.0
UTNTSkyEdge_tntle_5099_0_terrain_1_0|5099|0|2|961|959|8768.0|1104.0|8960.0|1168.0|8864.158113883008|1135.5256583509747|80.0|80.0|80.0|RROCK19|XA35TEX|1.0|1.0|202.385770251|48.0|1.28|soil|-|SG002336|-|1106|1|0|959|XA35TEX|-|1.0|1.0|0.0|0.0|0.0|XA35TEX|-|1.0|1.0|202.385770251|48.0|72.0|72.0|80.0|80.0|512.0|512.0|512.0|512.0
UTNTSkyEdge_tntle_5099_0_terrain_1_1|5099|0|2|961|959|8768.0|1104.0|8960.0|1168.0|8863.841886116992|1136.4743416490253|80.0|80.0|80.0|RROCK19|XA35TEX|1.0|1.0|0.0|0.0|1.28|soil|-|SG002335|-|1112|1|1|959|XA35TEX|-|1.0|1.0|0.0|0.0|0.0|XA35TEX|-|1.0|1.0|202.385770251|48.0|72.0|72.0|80.0|80.0|512.0|512.0|512.0|512.0
UTNTSkyEdge_tntle_5100_0_terrain_1_0|5100|0|2|961|959|8960.0|1168.0|9088.0|1168.0|9024.0|1167.5|80.0|80.0|80.0|RROCK19|XA35TEX|1.0|1.0|404.771540502|48.0|1.28|soil|-|SG002336|-|1106|1|0|959|XA35TEX|-|1.0|1.0|0.0|0.0|0.0|XA35TEX|-|1.0|1.0|404.771540502|48.0|72.0|72.0|80.0|80.0|512.0|512.0|512.0|512.0
UTNTSkyEdge_tntle_5100_0_terrain_1_1|5100|0|2|961|959|8960.0|1168.0|9088.0|1168.0|9024.0|1168.5|80.0|80.0|80.0|RROCK19|XA35TEX|1.0|1.0|0.0|0.0|1.28|soil|-|SG002335|-|1112|1|1|959|XA35TEX|-|1.0|1.0|0.0|0.0|0.0|XA35TEX|-|1.0|1.0|404.771540502|48.0|72.0|72.0|80.0|80.0|512.0|512.0|512.0|512.0
UTNTSkyEdge_tntle_5101_0_terrain_1_0|5101|0|2|961|959|9088.0|1168.0|9216.0|1104.0|9151.77639320225|1135.5527864045|80.0|80.0|80.0|RROCK19|XA35TEX|1.0|1.0|20.771540502|48.0|1.28|soil|-|SG002336|-|1106|1|0|959|XA35TEX|-|1.0|1.0|0.0|0.0|0.0|XA35TEX|-|1.0|1.0|20.771540502|48.0|72.0|72.0|80.0|80.0|512.0|512.0|512.0|512.0
UTNTSkyEdge_tntle_5101_0_terrain_1_1|5101|0|2|961|959|9088.0|1168.0|9216.0|1104.0|9152.22360679775|1136.4472135955|80.0|80.0|80.0|RROCK19|XA35TEX|1.0|1.0|0.0|0.0|1.28|soil|-|SG002335|-|1112|1|1|959|XA35TEX|-|1.0|1.0|0.0|0.0|0.0|XA35TEX|-|1.0|1.0|20.771540502|48.0|72.0|72.0|80.0|80.0|512.0|512.0|512.0|512.0
UTNTSkyEdge_tntle_5102_0_terrain_1_0|5102|0|2|961|959|9216.0|1104.0|9392.0|1232.0|9304.294085848838|1167.5956319578484|80.0|80.0|80.0|RROCK19|XA35TEX|1.0|1.0|163.879891062|48.0|1.28|soil|-|SG002336|-|1106|1|0|959|XA35TEX|-|1.0|1.0|0.0|0.0|0.0|XA35TEX|-|1.0|1.0|163.879891062|48.0|72.0|72.0|80.0|80.0|512.0|512.0|512.0|512.0
UTNTSkyEdge_tntle_5102_0_terrain_1_1|5102|0|2|961|959|9216.0|1104.0|9392.0|1232.0|9303.705914151162|1168.4043680421516|80.0|80.0|80.0|RROCK19|XA35TEX|1.0|1.0|0.0|0.0|1.28|soil|-|SG002335|-|1112|1|1|959|XA35TEX|-|1.0|1.0|0.0|0.0|0.0|XA35TEX|-|1.0|1.0|163.879891062|48.0|72.0|72.0|80.0|80.0|512.0|512.0|512.0|512.0
UTNTSkyEdge_tntle_5103_0_terrain_1_0|5103|0|2|961|963|9392.0|1344.0|9408.0|1344.0|9400.0|1343.5|208.0|208.0|208.0|QROCK3|QROCK3X8|1.0|1.0|497.490244784|48.0|8|rock|-|SG002161|-|1106|1|0|963|XA11TEX|-|1.0|1.0|0.0|0.0|0.0|QROCK3X8|-|1.0|1.0|497.490244784|48.0|72.0|72.0|208.0|208.0|512.0|512.0|512.0|512.0
UTNTSkyEdge_tntle_5103_0_terrain_1_1|5103|0|2|961|963|9392.0|1344.0|9408.0|1344.0|9400.0|1344.5|208.0|208.0|208.0|QROCK3|XA11TEX|1.0|1.0|0.0|0.0|8|gravel|-|SG002333|-|1105|1|1|963|XA11TEX|-|1.0|1.0|0.0|0.0|0.0|QROCK3X8|-|1.0|1.0|497.490244784|48.0|72.0|72.0|208.0|208.0|512.0|512.0|512.0|512.0
UTNTSkyEdge_tntle_5104_0_terrain_1_0|5104|0|2|959|963|9280.0|1280.0|9392.0|1344.0|9336.248069469179|1311.5658784289378|208.0|208.0|208.0|QROCK3|QROCK3X8|1.0|1.0|368.494120811|48.0|8|rock|-|SG002167|-|1112|1|0|963|XA11TEX|-|1.0|1.0|0.0|0.0|0.0|QROCK3X8|-|1.0|1.0|368.494120811|48.0|80.0|80.0|208.0|208.0|512.0|512.0|512.0|512.0
UTNTSkyEdge_tntle_5104_0_terrain_1_1|5104|0|2|959|963|9280.0|1280.0|9392.0|1344.0|9335.751930530821|1312.4341215710622|208.0|208.0|208.0|QROCK3|XA11TEX|1.0|1.0|0.0|0.0|8|gravel|-|SG002333|-|1105|1|1|963|XA11TEX|-|1.0|1.0|0.0|0.0|0.0|QROCK3X8|-|1.0|1.0|368.494120811|48.0|80.0|80.0|208.0|208.0|512.0|512.0|512.0|512.0
UTNTSkyEdge_tntle_5104_0_terrain_2_1|5104|0|2|959|959|9280.0|1280.0|9392.0|1344.0|9336.248069469179|1311.5658784289378|80.0|80.0|80.0|QROCK3|XA35TEX|1.0|1.0|0.0|0.0|5|soil|-|SG002335|-|1112|2|1|959|XA35TEX|-|1.0|1.0|0.0|0.0|0.0|QROCK3X8|-|1.0|1.0|368.494120811|48.0|80.0|80.0|208.0|208.0|512.0|512.0|512.0|512.0
UTNTSkyEdge_tntle_5106_0_terrain_1_0|5106|0|2|962|957|8576.0|1232.0|8704.0|1296.0|8640.22360679775|1263.5527864045|136.0|136.0|136.0|RROCK19|XA35TEX|1.0|1.0|0.0|120.0|1.28|soil|-|SG002339|-|1110|1|0|957|XA35TEX|-|1.0|1.0|0.0|0.0|0.0|XA35TEX|-|1.0|1.0|0.0|120.0|128.0|128.0|136.0|136.0|512.0|512.0|512.0|512.0
UTNTSkyEdge_tntle_5106_0_terrain_1_1|5106|0|2|962|957|8576.0|1232.0|8704.0|1296.0|8639.77639320225|1264.4472135955|136.0|136.0|136.0|RROCK19|XA35TEX|1.0|1.0|0.0|0.0|1.28|soil|-|SG002340|-|1113|1|1|957|XA35TEX|-|1.0|1.0|0.0|0.0|0.0|XA35TEX|-|1.0|1.0|0.0|120.0|128.0|128.0|136.0|136.0|512.0|512.0|512.0|512.0
UTNTSkyEdge_tntle_5107_0_terrain_1_0|5107|0|2|962|957|8704.0|1296.0|8832.0|1232.0|8767.77639320225|1263.5527864045|136.0|136.0|136.0|RROCK19|XA35TEX|1.0|1.0|143.10835056|120.0|1.28|soil|-|SG002339|-|1110|1|0|957|XA35TEX|-|1.0|1.0|0.0|0.0|0.0|XA35TEX|-|1.0|1.0|143.10835056|120.0|128.0|128.0|136.0|136.0|512.0|512.0|512.0|512.0
UTNTSkyEdge_tntle_5107_0_terrain_1_1|5107|0|2|962|957|8704.0|1296.0|8832.0|1232.0|8768.22360679775|1264.4472135955|136.0|136.0|136.0|RROCK19|XA35TEX|1.0|1.0|0.0|0.0|1.28|soil|-|SG002340|-|1113|1|1|957|XA35TEX|-|1.0|1.0|0.0|0.0|0.0|XA35TEX|-|1.0|1.0|143.10835056|120.0|128.0|128.0|136.0|136.0|512.0|512.0|512.0|512.0
UTNTSkyEdge_tntle_5108_0_terrain_1_0|5108|0|2|962|963|8944.0|1296.0|8960.0|1280.0|8951.646446609408|1287.6464466094067|208.0|208.0|208.0|QROCK3|QROCK3X8|1.0|1.0|256.391918986|48.0|8|rock|-|SG002165|-|1110|1|0|963|XA11TEX|-|1.0|1.0|0.0|0.0|0.0|QROCK3X8|-|1.0|1.0|256.391918986|48.0|128.0|128.0|208.0|208.0|512.0|512.0|512.0|512.0
UTNTSkyEdge_tntle_5108_0_terrain_1_1|5108|0|2|962|963|8944.0|1296.0|8960.0|1280.0|8952.353553390592|1288.3535533905933|208.0|208.0|208.0|QROCK3|XA11TEX|1.0|1.0|0.0|0.0|8|gravel|-|SG002333|-|1105|1|1|963|XA11TEX|-|1.0|1.0|0.0|0.0|0.0|QROCK3X8|-|1.0|1.0|256.391918986|48.0|128.0|128.0|208.0|208.0|512.0|512.0|512.0|512.0
UTNTSkyEdge_tntle_5109_0_terrain_1_0|5109|0|2|962|957|8832.0|1232.0|8944.0|1296.0|8888.248069469179|1263.5658784289378|136.0|136.0|136.0|RROCK19|XA35TEX|1.0|1.0|286.21670112|120.0|1.28|soil|-|SG002339|-|1110|1|0|957|XA35TEX|-|1.0|1.0|0.0|0.0|0.0|XA35TEX|-|1.0|1.0|286.21670112|120.0|128.0|128.0|136.0|136.0|512.0|512.0|512.0|512.0
UTNTSkyEdge_tntle_5109_0_terrain_1_1|5109|0|2|962|957|8832.0|1232.0|8944.0|1296.0|8887.751930530821|1264.4341215710622|136.0|136.0|136.0|RROCK19|XA35TEX|1.0|1.0|0.0|0.0|1.28|soil|-|SG002340|-|1113|1|1|957|XA35TEX|-|1.0|1.0|0.0|0.0|0.0|XA35TEX|-|1.0|1.0|286.21670112|120.0|128.0|128.0|136.0|136.0|512.0|512.0|512.0|512.0
UTNTSkyEdge_tntle_5110_0_terrain_2_1|5110|0|1|960|960|8848.0|1408.0|9600.0|1536.0|9224.083899674024|1471.5070894151079|216.0|216.0|216.0|QROCK3|XA35TEX|1.0|1.0|0.0|0.0|5|soil|-|SG002323|-|1104|2|1|960|XA35TEX|-|1.0|1.0|0.0|0.0|0.0|QROCK3X8|-|1.0|1.0|114.0|0.0|216.0|216.0|0|0|512.0|512.0|0|0
UTNTSkyEdge_tntle_5111_0_terrain_1_0|5111|0|2|963|960|8848.0|1408.0|8960.0|1296.0|8903.646446609408|1351.6464466094067|216.0|216.0|216.0|RROCK19|XA35TEX|1.0|1.0|0.0|40.0|1.28|soil|-|SG002338|-|1105|1|0|960|XA35TEX|-|1.0|1.0|0.0|0.0|0.0|XA35TEX|-|1.0|1.0|0.0|40.0|208.0|208.0|216.0|216.0|512.0|512.0|512.0|512.0
UTNTSkyEdge_tntle_5111_0_terrain_1_1|5111|0|2|963|960|8848.0|1408.0|8960.0|1296.0|8904.353553390592|1352.3535533905933|216.0|216.0|216.0|RROCK19|XA35TEX|1.0|1.0|0.0|0.0|1.28|soil|-|SG002323|-|1104|1|1|960|XA35TEX|-|1.0|1.0|0.0|0.0|0.0|XA35TEX|-|1.0|1.0|0.0|40.0|208.0|208.0|216.0|216.0|512.0|512.0|512.0|512.0
UTNTSkyEdge_tntle_5112_0_terrain_1_0|5112|0|2|963|960|8960.0|1296.0|9152.0|1360.0|9056.158113883008|1327.5256583509747|216.0|216.0|216.0|RROCK19|XA35TEX|1.0|1.0|158.391918986|40.0|1.28|soil|-|SG002338|-|1105|1|0|960|XA35TEX|-|1.0|1.0|0.0|0.0|0.0|XA35TEX|-|1.0|1.0|158.391918986|40.0|208.0|208.0|216.0|216.0|512.0|512.0|512.0|512.0
UTNTSkyEdge_tntle_5112_0_terrain_1_1|5112|0|2|963|960|8960.0|1296.0|9152.0|1360.0|9055.841886116992|1328.4743416490253|216.0|216.0|216.0|RROCK19|XA35TEX|1.0|1.0|0.0|0.0|1.28|soil|-|SG002323|-|1104|1|1|960|XA35TEX|-|1.0|1.0|0.0|0.0|0.0|XA35TEX|-|1.0|1.0|158.391918986|40.0|208.0|208.0|216.0|216.0|512.0|512.0|512.0|512.0
UTNTSkyEdge_tntle_5113_0_terrain_1_0|5113|0|2|963|960|9152.0|1360.0|9280.0|1296.0|9215.77639320225|1327.5527864045|216.0|216.0|216.0|RROCK19|XA35TEX|1.0|1.0|360.777689237|40.0|1.28|soil|-|SG002338|-|1105|1|0|960|XA35TEX|-|1.0|1.0|0.0|0.0|0.0|XA35TEX|-|1.0|1.0|360.777689237|40.0|208.0|208.0|216.0|216.0|512.0|512.0|512.0|512.0
UTNTSkyEdge_tntle_5113_0_terrain_1_1|5113|0|2|963|960|9152.0|1360.0|9280.0|1296.0|9216.22360679775|1328.4472135955|216.0|216.0|216.0|RROCK19|XA35TEX|1.0|1.0|0.0|0.0|1.28|soil|-|SG002323|-|1104|1|1|960|XA35TEX|-|1.0|1.0|0.0|0.0|0.0|XA35TEX|-|1.0|1.0|360.777689237|40.0|208.0|208.0|216.0|216.0|512.0|512.0|512.0|512.0
UTNTSkyEdge_tntle_5114_0_terrain_1_0|5114|0|2|963|960|9280.0|1296.0|9392.0|1360.0|9336.248069469179|1327.5658784289378|216.0|216.0|216.0|RROCK19|XA35TEX|1.0|1.0|503.886039797|40.0|1.28|soil|-|SG002338|-|1105|1|0|960|XA35TEX|-|1.0|1.0|0.0|0.0|0.0|XA35TEX|-|1.0|1.0|503.886039797|40.0|208.0|208.0|216.0|216.0|512.0|512.0|512.0|512.0
UTNTSkyEdge_tntle_5114_0_terrain_1_1|5114|0|2|963|960|9280.0|1296.0|9392.0|1360.0|9335.751930530821|1328.4341215710622|216.0|216.0|216.0|RROCK19|XA35TEX|1.0|1.0|0.0|0.0|1.28|soil|-|SG002323|-|1104|1|1|960|XA35TEX|-|1.0|1.0|0.0|0.0|0.0|XA35TEX|-|1.0|1.0|503.886039797|40.0|208.0|208.0|216.0|216.0|512.0|512.0|512.0|512.0
UTNTSkyEdge_tntle_5116_0_terrain_1_0|5116|0|2|963|960|9408.0|1360.0|9472.0|1424.0|9440.353553390592|1391.6464466094067|216.0|216.0|216.0|RROCK19|XA35TEX|1.0|1.0|0.0|40.0|1.28|soil|-|SG002338|-|1105|1|0|960|XA35TEX|-|1.0|1.0|0.0|0.0|0.0|XA35TEX|-|1.0|1.0|0.0|40.0|208.0|208.0|216.0|216.0|512.0|512.0|512.0|512.0
UTNTSkyEdge_tntle_5116_0_terrain_1_1|5116|0|2|963|960|9408.0|1360.0|9472.0|1424.0|9439.646446609408|1392.3535533905933|216.0|216.0|216.0|RROCK19|XA35TEX|1.0|1.0|0.0|0.0|1.28|soil|-|SG002323|-|1104|1|1|960|XA35TEX|-|1.0|1.0|0.0|0.0|0.0|XA35TEX|-|1.0|1.0|0.0|40.0|208.0|208.0|216.0|216.0|512.0|512.0|512.0|512.0
UTNTSkyEdge_tntle_5117_0_terrain_1_0|5117|0|2|963|960|9472.0|1424.0|9664.0|1424.0|9568.0|1423.5|216.0|216.0|216.0|RROCK19|XA35TEX|1.0|1.0|90.509667992|40.0|1.28|soil|-|SG002338|-|1105|1|0|960|XA35TEX|-|1.0|1.0|0.0|0.0|0.0|XA35TEX|-|1.0|1.0|90.509667992|40.0|208.0|208.0|216.0|216.0|512.0|512.0|512.0|512.0
UTNTSkyEdge_tntle_5117_0_terrain_1_1|5117|0|2|963|960|9472.0|1424.0|9664.0|1424.0|9568.0|1424.5|216.0|216.0|216.0|RROCK19|XA35TEX|1.0|1.0|0.0|0.0|1.28|soil|-|SG002323|-|1104|1|1|960|XA35TEX|-|1.0|1.0|0.0|0.0|0.0|XA35TEX|-|1.0|1.0|90.509667992|40.0|208.0|208.0|216.0|216.0|512.0|512.0|512.0|512.0
UTNTSkyEdge_tntle_5118_1_terrain_1_0|5118|1|2|960|964|9728.0|1664.0|9840.0|1600.0|9783.751930530821|1631.5658784289378|296.0|296.0|296.0|QROCK3|QROCK3X8|1.0|1.0|34.0|88.0|8|rock|-|SG002159|-|1104|1|0|964|XA11TEX|-|1.0|1.0|0.0|0.0|0.0|QROCK3X8|-|1.0|1.0|34.0|88.0|216.0|216.0|296.0|296.0|512.0|512.0|512.0|512.0
UTNTSkyEdge_tntle_5118_1_terrain_1_1|5118|1|2|960|964|9728.0|1664.0|9840.0|1600.0|9784.248069469179|1632.4341215710622|296.0|296.0|296.0|QROCK3|XA11TEX|1.0|1.0|0.0|0.0|8|gravel|-|SG002334|-|1111|1|1|964|XA11TEX|-|1.0|1.0|0.0|0.0|0.0|QROCK3X8|-|1.0|1.0|34.0|88.0|216.0|216.0|296.0|296.0|512.0|512.0|512.0|512.0
UTNTSkyEdge_tntle_5118_1_terrain_2_1|5118|1|2|960|960|9728.0|1664.0|9840.0|1600.0|9783.751930530821|1631.5658784289378|216.0|216.0|216.0|QROCK3|XA35TEX|1.0|1.0|0.0|0.0|5|soil|-|SG002323|-|1104|2|1|960|XA35TEX|-|1.0|1.0|0.0|0.0|0.0|QROCK3X8|-|1.0|1.0|34.0|88.0|216.0|216.0|296.0|296.0|512.0|512.0|512.0|512.0
UTNTSkyEdge_tntle_5119_1_terrain_1_0|5119|1|2|963|964|9840.0|1600.0|9856.0|1600.0|9848.0|1599.5|296.0|296.0|296.0|QROCK3|QROCK3X8|1.0|1.0|162.996123973|88.0|8|rock|-|SG002160|-|1105|1|0|964|XA11TEX|-|1.0|1.0|0.0|0.0|0.0|QROCK3X8|-|1.0|1.0|162.996123973|88.0|208.0|208.0|296.0|296.0|512.0|512.0|512.0|512.0
UTNTSkyEdge_tntle_5119_1_terrain_1_1|5119|1|2|963|964|9840.0|1600.0|9856.0|1600.0|9848.0|1600.5|296.0|296.0|296.0|QROCK3|XA11TEX|1.0|1.0|0.0|0.0|8|gravel|-|SG002334|-|1111|1|1|964|XA11TEX|-|1.0|1.0|0.0|0.0|0.0|QROCK3X8|-|1.0|1.0|162.996123973|88.0|208.0|208.0|296.0|296.0|512.0|512.0|512.0|512.0
UTNTSkyEdge_tntle_5121_0_terrain_1_0|5121|0|2|964|958|9744.0|1680.0|9840.0|1616.0|9791.722649901887|1647.583974852831|304.0|304.0|304.0|RROCK19|XA35TEX|1.0|1.0|0.0|80.0|1.28|soil|-|SG002341|-|1111|1|0|958|XA35TEX|-|1.0|1.0|0.0|0.0|0.0|XA35TEX|-|1.0|1.0|0.0|80.0|296.0|296.0|304.0|304.0|512.0|512.0|512.0|512.0
UTNTSkyEdge_tntle_5121_0_terrain_1_1|5121|0|2|964|958|9744.0|1680.0|9840.0|1616.0|9792.277350098113|1648.416025147169|304.0|304.0|304.0|RROCK19|XA35TEX|1.0|1.0|0.0|0.0|1.28|soil|-|SG002342|-|1103|1|1|958|XA35TEX|-|1.0|1.0|0.0|0.0|0.0|XA35TEX|-|1.0|1.0|0.0|80.0|296.0|296.0|304.0|304.0|512.0|512.0|512.0|512.0
UTNTSkyEdge_tntle_5122_0_terrain_1_0|5122|0|2|964|958|9840.0|1616.0|9984.0|1616.0|9912.0|1615.5|304.0|304.0|304.0|RROCK19|XA35TEX|1.0|1.0|115.377640815|80.0|1.28|soil|-|SG002341|-|1111|1|0|958|XA35TEX|-|1.0|1.0|0.0|0.0|0.0|XA35TEX|-|1.0|1.0|115.377640815|80.0|296.0|296.0|304.0|304.0|512.0|512.0|512.0|512.0
UTNTSkyEdge_tntle_5122_0_terrain_1_1|5122|0|2|964|958|9840.0|1616.0|9984.0|1616.0|9912.0|1616.5|304.0|304.0|304.0|RROCK19|XA35TEX|1.0|1.0|0.0|0.0|1.28|soil|-|SG002342|-|1103|1|1|958|XA35TEX|-|1.0|1.0|0.0|0.0|0.0|XA35TEX|-|1.0|1.0|115.377640815|80.0|296.0|296.0|304.0|304.0|512.0|512.0|512.0|512.0
UTNTSkyEdge_tntle_5124_0_terrain_1_0|5124|0|2|964|958|9984.0|1616.0|10032.0|1728.0|10008.459572515008|1671.8030403507105|304.0|304.0|304.0|RROCK19|XA35TEX|1.0|1.0|259.377640815|80.0|1.28|soil|-|SG002341|-|1111|1|0|958|XA35TEX|-|1.0|1.0|0.0|0.0|0.0|XA35TEX|-|1.0|1.0|259.377640815|80.0|296.0|296.0|304.0|304.0|512.0|512.0|512.0|512.0
UTNTSkyEdge_tntle_5124_0_terrain_1_1|5124|0|2|964|958|9984.0|1616.0|10032.0|1728.0|10007.540427484992|1672.1969596492895|304.0|304.0|304.0|RROCK19|XA35TEX|1.0|1.0|0.0|0.0|1.28|soil|-|SG002342|-|1103|1|1|958|XA35TEX|-|1.0|1.0|0.0|0.0|0.0|XA35TEX|-|1.0|1.0|259.377640815|80.0|296.0|296.0|304.0|304.0|512.0|512.0|512.0|512.0
UTNTSkyEdge_tntle_5134_0_terrain_2_1|5134|0|1|973|973|8448.0|576.0|8288.0|544.0|8367.90194193243|560.4902903378454|0.0|0.0|0.0|QROCK3|QGRASS|1.0|1.0|0.0|0.0|5|grass|-|SG002343|-|1115|2|1|973|QGRASS|-|1.0|1.0|0.0|0.0|0.0|QROCK3X8|-|1.0|1.0|168.93938002|0.0|0.0|0.0|0|0|384.0|384.0|0|0
UTNTSkyEdge_tntle_5136_0_terrain_2_1|5136|0|1|973|973|8576.0|544.0|8448.0|576.0|8512.121267812518|560.4850712500727|0.0|0.0|0.0|QROCK3|QGRASS|1.0|1.0|0.0|0.0|5|grass|-|SG002343|-|1115|2|1|973|QGRASS|-|1.0|1.0|0.0|0.0|0.0|QROCK3X8|-|1.0|1.0|37.0|0.0|0.0|0.0|0|0|384.0|384.0|0|0
UTNTSkyEdge_tntle_5137_0_terrain_2_1|5137|0|1|1939|1939|8864.0|96.0|8896.0|0.0|8879.525658350974|47.84188611699158|0.0|0.0|0.0|QROCK3|QGRASS|1.0|1.0|0.0|0.0|5|grass|-|SG002319|-|1096|2|1|1939|QGRASS|-|1.0|1.0|0.0|0.0|0.0|QROCK3X8|-|1.0|1.0|139.377640815|0.0|0.0|0.0|0|0|512.0|512.0|0|0
UTNTSkyEdge_tntle_5140_0_terrain_2_1|5140|0|1|973|973|8256.0|288.0|8416.0|192.0|8335.742752122287|239.57125353714372|0.0|0.0|0.0|QROCK3|QGRASS|1.0|1.0|0.0|0.0|5|grass|-|SG002343|-|1115|2|1|973|QGRASS|-|1.0|1.0|0.0|0.0|0.0|QROCK3X8|-|1.0|1.0|635.216355015|0.0|0.0|0.0|0|0|384.0|384.0|0|0
UTNTSkyEdge_tntle_5142_0_terrain_2_1|5142|0|1|973|973|8288.0|544.0|8192.0|416.0|8239.6|480.3|0.0|0.0|0.0|QROCK3|QGRASS|1.0|1.0|0.0|0.0|5|grass|-|SG002343|-|1115|2|1|973|QGRASS|-|1.0|1.0|0.0|0.0|0.0|QROCK3X8|-|1.0|1.0|332.108004455|0.0|0.0|0.0|0|0|384.0|384.0|0|0
UTNTSkyEdge_tntle_5187_0_terrain_1_0|5187|0|2|1939|981|8352.0|-768.0|8416.0|-864.0|8383.58397485283|-816.2773500981126|56.0|56.0|56.0|QROCK3|QROCK3X8|1.0|1.0|161.377640815|72.0|8|rock|-|SG002151|-|1096|1|0|981|XA11TEX|-|1.0|1.0|0.0|0.0|0.0|QROCK3X8|-|1.0|1.0|161.377640815|72.0|0.0|0.0|56.0|56.0|512.0|512.0|512.0|512.0
UTNTSkyEdge_tntle_5187_0_terrain_1_1|5187|0|2|1939|981|8352.0|-768.0|8416.0|-864.0|8384.41602514717|-815.7226499018874|56.0|56.0|56.0|QROCK3|XA11TEX|1.0|1.0|0.0|0.0|8|gravel|-|SG002344|-|1232|1|1|981|XA11TEX|-|1.0|1.0|0.0|0.0|0.0|QROCK3X8|-|1.0|1.0|161.377640815|72.0|0.0|0.0|56.0|56.0|512.0|512.0|512.0|512.0
UTNTSkyEdge_tntle_5188_0_terrain_1_0|5188|0|2|1939|981|8416.0|-864.0|8480.0|-864.0|8448.0|-864.5|56.0|56.0|56.0|QROCK3|QROCK3X8|1.0|1.0|276.75528163|72.0|8|rock|-|SG002151|-|1096|1|0|981|XA11TEX|-|1.0|1.0|0.0|0.0|0.0|QROCK3X8|-|1.0|1.0|276.75528163|72.0|0.0|0.0|56.0|56.0|512.0|512.0|512.0|512.0
UTNTSkyEdge_tntle_5188_0_terrain_1_1|5188|0|2|1939|981|8416.0|-864.0|8480.0|-864.0|8448.0|-863.5|56.0|56.0|56.0|QROCK3|XA11TEX|1.0|1.0|0.0|0.0|8|gravel|-|SG002344|-|1232|1|1|981|XA11TEX|-|1.0|1.0|0.0|0.0|0.0|QROCK3X8|-|1.0|1.0|276.75528163|72.0|0.0|0.0|56.0|56.0|512.0|512.0|512.0|512.0
UTNTSkyEdge_tntle_5189_0_terrain_1_0|5189|0|2|1939|981|8480.0|-864.0|8640.0|-928.0|8559.814304661822|-896.4642383454426|56.0|56.0|56.0|QROCK3|QROCK3X8|1.0|1.0|340.75528163|72.0|8|rock|-|SG002151|-|1096|1|0|981|XA11TEX|-|1.0|1.0|0.0|0.0|0.0|QROCK3X8|-|1.0|1.0|340.75528163|72.0|0.0|0.0|56.0|56.0|512.0|512.0|512.0|512.0
UTNTSkyEdge_tntle_5189_0_terrain_1_1|5189|0|2|1939|981|8480.0|-864.0|8640.0|-928.0|8560.185695338178|-895.5357616545574|56.0|56.0|56.0|QROCK3|XA11TEX|1.0|1.0|0.0|0.0|8|gravel|-|SG002344|-|1232|1|1|981|XA11TEX|-|1.0|1.0|0.0|0.0|0.0|QROCK3X8|-|1.0|1.0|340.75528163|72.0|0.0|0.0|56.0|56.0|512.0|512.0|512.0|512.0
UTNTSkyEdge_tntle_5190_0_terrain_1_0|5190|0|2|1939|981|8640.0|-928.0|8704.0|-864.0|8672.353553390592|-896.3535533905932|56.0|56.0|56.0|QROCK3|QROCK3X8|1.0|1.0|513.080555458|72.0|8|rock|-|SG002151|-|1096|1|0|981|XA11TEX|-|1.0|1.0|0.0|0.0|0.0|QROCK3X8|-|1.0|1.0|513.080555458|72.0|0.0|0.0|56.0|56.0|512.0|512.0|512.0|512.0
UTNTSkyEdge_tntle_5190_0_terrain_1_1|5190|0|2|1939|981|8640.0|-928.0|8704.0|-864.0|8671.646446609408|-895.6464466094068|56.0|56.0|56.0|QROCK3|XA11TEX|1.0|1.0|0.0|0.0|8|gravel|-|SG002344|-|1232|1|1|981|XA11TEX|-|1.0|1.0|0.0|0.0|0.0|QROCK3X8|-|1.0|1.0|513.080555458|72.0|0.0|0.0|56.0|56.0|512.0|512.0|512.0|512.0
UTNTSkyEdge_tntle_5191_0_terrain_1_0|5191|0|2|1939|981|8704.0|-864.0|8672.0|-800.0|8688.4472135955|-831.77639320225|56.0|56.0|56.0|QROCK3|QROCK3X8|1.0|1.0|603.59022345|72.0|8|rock|-|SG002151|-|1096|1|0|981|XA11TEX|-|1.0|1.0|0.0|0.0|0.0|QROCK3X8|-|1.0|1.0|603.59022345|72.0|0.0|0.0|56.0|56.0|512.0|512.0|512.0|512.0
UTNTSkyEdge_tntle_5191_0_terrain_1_1|5191|0|2|1939|981|8704.0|-864.0|8672.0|-800.0|8687.5527864045|-832.22360679775|56.0|56.0|56.0|QROCK3|XA11TEX|1.0|1.0|0.0|0.0|8|gravel|-|SG002344|-|1232|1|1|981|XA11TEX|-|1.0|1.0|0.0|0.0|0.0|QROCK3X8|-|1.0|1.0|603.59022345|72.0|0.0|0.0|56.0|56.0|512.0|512.0|512.0|512.0
UTNTSkyEdge_tntle_5192_0_terrain_1_0|5192|0|2|1939|981|8672.0|-800.0|8608.0|-672.0|8640.4472135955|-735.77639320225|56.0|56.0|56.0|QROCK3|QROCK3X8|1.0|1.0|675.14439873|72.0|8|rock|-|SG002151|-|1096|1|0|981|XA11TEX|-|1.0|1.0|0.0|0.0|0.0|QROCK3X8|-|1.0|1.0|675.14439873|72.0|0.0|0.0|56.0|56.0|512.0|512.0|512.0|512.0
UTNTSkyEdge_tntle_5192_0_terrain_1_1|5192|0|2|1939|981|8672.0|-800.0|8608.0|-672.0|8639.5527864045|-736.22360679775|56.0|56.0|56.0|QROCK3|XA11TEX|1.0|1.0|0.0|0.0|8|gravel|-|SG002344|-|1232|1|1|981|XA11TEX|-|1.0|1.0|0.0|0.0|0.0|QROCK3X8|-|1.0|1.0|675.14439873|72.0|0.0|0.0|56.0|56.0|512.0|512.0|512.0|512.0
UTNTSkyEdge_tntle_5193_0_terrain_1_0|5193|0|2|1939|981|8608.0|-672.0|8512.0|-704.0|8559.841886116992|-687.5256583509747|56.0|56.0|56.0|QROCK3|QROCK3X8|1.0|1.0|818.25274929|72.0|8|rock|-|SG002151|-|1096|1|0|981|XA11TEX|-|1.0|1.0|0.0|0.0|0.0|QROCK3X8|-|1.0|1.0|818.25274929|72.0|0.0|0.0|56.0|56.0|512.0|512.0|512.0|512.0
UTNTSkyEdge_tntle_5193_0_terrain_1_1|5193|0|2|1939|981|8608.0|-672.0|8512.0|-704.0|8560.158113883008|-688.4743416490253|56.0|56.0|56.0|QROCK3|XA11TEX|1.0|1.0|0.0|0.0|8|gravel|-|SG002344|-|1232|1|1|981|XA11TEX|-|1.0|1.0|0.0|0.0|0.0|QROCK3X8|-|1.0|1.0|818.25274929|72.0|0.0|0.0|56.0|56.0|512.0|512.0|512.0|512.0
UTNTSkyEdge_tntle_5194_0_terrain_1_0|5194|0|2|1939|981|8512.0|-704.0|8448.0|-672.0|8480.22360679775|-687.5527864045|56.0|56.0|56.0|QROCK3|QROCK3X8|1.0|1.0|919.445634415|72.0|8|rock|-|SG002151|-|1096|1|0|981|XA11TEX|-|1.0|1.0|0.0|0.0|0.0|QROCK3X8|-|1.0|1.0|919.445634415|72.0|0.0|0.0|56.0|56.0|512.0|512.0|512.0|512.0
UTNTSkyEdge_tntle_5194_0_terrain_1_1|5194|0|2|1939|981|8512.0|-704.0|8448.0|-672.0|8479.77639320225|-688.4472135955|56.0|56.0|56.0|QROCK3|XA11TEX|1.0|1.0|0.0|0.0|8|gravel|-|SG002344|-|1232|1|1|981|XA11TEX|-|1.0|1.0|0.0|0.0|0.0|QROCK3X8|-|1.0|1.0|919.445634415|72.0|0.0|0.0|56.0|56.0|512.0|512.0|512.0|512.0
UTNTSkyEdge_tntle_5195_0_terrain_1_0|5195|0|2|1939|981|8448.0|-672.0|8384.0|-608.0|8416.353553390592|-639.6464466094068|56.0|56.0|56.0|QROCK3|QROCK3X8|1.0|1.0|990.999809695|72.0|8|rock|-|SG002151|-|1096|1|0|981|XA11TEX|-|1.0|1.0|0.0|0.0|0.0|QROCK3X8|-|1.0|1.0|990.999809695|72.0|0.0|0.0|56.0|56.0|512.0|512.0|512.0|512.0
UTNTSkyEdge_tntle_5195_0_terrain_1_1|5195|0|2|1939|981|8448.0|-672.0|8384.0|-608.0|8415.646446609408|-640.3535533905932|56.0|56.0|56.0|QROCK3|XA11TEX|1.0|1.0|0.0|0.0|8|gravel|-|SG002344|-|1232|1|1|981|XA11TEX|-|1.0|1.0|0.0|0.0|0.0|QROCK3X8|-|1.0|1.0|990.999809695|72.0|0.0|0.0|56.0|56.0|512.0|512.0|512.0|512.0
UTNTSkyEdge_tntle_5196_0_terrain_1_0|5196|0|2|1939|981|8384.0|-608.0|8320.0|-672.0|8351.646446609408|-639.6464466094068|56.0|56.0|56.0|QROCK3|QROCK3X8|1.0|1.0|57.509477687|72.0|8|rock|-|SG002151|-|1096|1|0|981|XA11TEX|-|1.0|1.0|0.0|0.0|0.0|QROCK3X8|-|1.0|1.0|57.509477687|72.0|0.0|0.0|56.0|56.0|512.0|512.0|512.0|512.0
UTNTSkyEdge_tntle_5196_0_terrain_1_1|5196|0|2|1939|981|8384.0|-608.0|8320.0|-672.0|8352.353553390592|-640.3535533905932|56.0|56.0|56.0|QROCK3|XA11TEX|1.0|1.0|0.0|0.0|8|gravel|-|SG002344|-|1232|1|1|981|XA11TEX|-|1.0|1.0|0.0|0.0|0.0|QROCK3X8|-|1.0|1.0|57.509477687|72.0|0.0|0.0|56.0|56.0|512.0|512.0|512.0|512.0
UTNTSkyEdge_tntle_5197_0_terrain_1_0|5197|0|2|1939|981|8320.0|-672.0|8256.0|-704.0|8287.77639320225|-687.5527864045|56.0|56.0|56.0|QROCK3|QROCK3X8|1.0|1.0|148.019145679|72.0|8|rock|-|SG002151|-|1096|1|0|981|XA11TEX|-|1.0|1.0|0.0|0.0|0.0|QROCK3X8|-|1.0|1.0|148.019145679|72.0|0.0|0.0|56.0|56.0|512.0|512.0|512.0|512.0
UTNTSkyEdge_tntle_5197_0_terrain_1_1|5197|0|2|1939|981|8320.0|-672.0|8256.0|-704.0|8288.22360679775|-688.4472135955|56.0|56.0|56.0|QROCK3|XA11TEX|1.0|1.0|0.0|0.0|8|gravel|-|SG002344|-|1232|1|1|981|XA11TEX|-|1.0|1.0|0.0|0.0|0.0|QROCK3X8|-|1.0|1.0|148.019145679|72.0|0.0|0.0|56.0|56.0|512.0|512.0|512.0|512.0
UTNTSkyEdge_tntle_5198_0_terrain_1_0|5198|0|2|1939|981|8256.0|-704.0|8352.0|-768.0|8303.722649901887|-736.416025147169|56.0|56.0|56.0|QROCK3|QROCK3X8|1.0|1.0|46.0|72.0|8|rock|-|SG002151|-|1096|1|0|981|XA11TEX|-|1.0|1.0|0.0|0.0|0.0|QROCK3X8|-|1.0|1.0|46.0|72.0|0.0|0.0|56.0|56.0|512.0|512.0|512.0|512.0
UTNTSkyEdge_tntle_5198_0_terrain_1_1|5198|0|2|1939|981|8256.0|-704.0|8352.0|-768.0|8304.277350098113|-735.583974852831|56.0|56.0|56.0|QROCK3|XA11TEX|1.0|1.0|0.0|0.0|8|gravel|-|SG002344|-|1232|1|1|981|XA11TEX|-|1.0|1.0|0.0|0.0|0.0|QROCK3X8|-|1.0|1.0|46.0|72.0|0.0|0.0|56.0|56.0|512.0|512.0|512.0|512.0
UTNTSkyEdge_tntle_5199_1_terrain_1_0|5199|1|2|981|982|8320.0|-688.0|8288.0|-704.0|8303.77639320225|-695.5527864045|64.0|64.0|64.0|RROCK19|XA35TEX|1.0|1.0|63.315384354|64.0|1.28|soil|-|SG002345|-|1232|1|0|982|XA35TEX|-|1.0|1.0|0.0|0.0|0.0|XA35TEX|-|1.0|1.0|63.315384354|64.0|56.0|56.0|64.0|64.0|512.0|512.0|512.0|512.0
UTNTSkyEdge_tntle_5199_1_terrain_1_1|5199|1|2|981|982|8320.0|-688.0|8288.0|-704.0|8304.22360679775|-696.4472135955|64.0|64.0|64.0|RROCK19|XA35TEX|1.0|1.0|0.0|0.0|1.28|soil|-|SG002346|-|1233|1|1|982|XA35TEX|-|1.0|1.0|0.0|0.0|0.0|XA35TEX|-|1.0|1.0|63.315384354|64.0|56.0|56.0|64.0|64.0|512.0|512.0|512.0|512.0
UTNTSkyEdge_tntle_5200_1_terrain_1_0|5200|1|2|981|982|8384.0|-624.0|8320.0|-688.0|8351.646446609408|-655.6464466094068|64.0|64.0|64.0|RROCK19|XA35TEX|1.0|1.0|484.805716362|64.0|1.28|soil|-|SG002345|-|1232|1|0|982|XA35TEX|-|1.0|1.0|0.0|0.0|0.0|XA35TEX|-|1.0|1.0|484.805716362|64.0|56.0|56.0|64.0|64.0|512.0|512.0|512.0|512.0
UTNTSkyEdge_tntle_5200_1_terrain_1_1|5200|1|2|981|982|8384.0|-624.0|8320.0|-688.0|8352.353553390592|-656.3535533905932|64.0|64.0|64.0|RROCK19|XA35TEX|1.0|1.0|0.0|0.0|1.28|soil|-|SG002346|-|1233|1|1|982|XA35TEX|-|1.0|1.0|0.0|0.0|0.0|XA35TEX|-|1.0|1.0|484.805716362|64.0|56.0|56.0|64.0|64.0|512.0|512.0|512.0|512.0
UTNTSkyEdge_tntle_5201_1_terrain_1_0|5201|1|2|981|982|8448.0|-688.0|8384.0|-624.0|8416.353553390592|-655.6464466094068|64.0|64.0|64.0|RROCK19|XA35TEX|1.0|1.0|394.29604837|64.0|1.28|soil|-|SG002345|-|1232|1|0|982|XA35TEX|-|1.0|1.0|0.0|0.0|0.0|XA35TEX|-|1.0|1.0|394.29604837|64.0|56.0|56.0|64.0|64.0|512.0|512.0|512.0|512.0
UTNTSkyEdge_tntle_5201_1_terrain_1_1|5201|1|2|981|982|8448.0|-688.0|8384.0|-624.0|8415.646446609408|-656.3535533905932|64.0|64.0|64.0|RROCK19|XA35TEX|1.0|1.0|0.0|0.0|1.28|soil|-|SG002346|-|1233|1|1|982|XA35TEX|-|1.0|1.0|0.0|0.0|0.0|XA35TEX|-|1.0|1.0|394.29604837|64.0|56.0|56.0|64.0|64.0|512.0|512.0|512.0|512.0
UTNTSkyEdge_tntle_5202_1_terrain_1_0|5202|1|2|981|982|8512.0|-720.0|8448.0|-688.0|8480.22360679775|-703.5527864045|64.0|64.0|64.0|RROCK19|XA35TEX|1.0|1.0|322.74187309|64.0|1.28|soil|-|SG002345|-|1232|1|0|982|XA35TEX|-|1.0|1.0|0.0|0.0|0.0|XA35TEX|-|1.0|1.0|322.74187309|64.0|56.0|56.0|64.0|64.0|512.0|512.0|512.0|512.0
UTNTSkyEdge_tntle_5202_1_terrain_1_1|5202|1|2|981|982|8512.0|-720.0|8448.0|-688.0|8479.77639320225|-704.4472135955|64.0|64.0|64.0|RROCK19|XA35TEX|1.0|1.0|0.0|0.0|1.28|soil|-|SG002346|-|1233|1|1|982|XA35TEX|-|1.0|1.0|0.0|0.0|0.0|XA35TEX|-|1.0|1.0|322.74187309|64.0|56.0|56.0|64.0|64.0|512.0|512.0|512.0|512.0
UTNTSkyEdge_tntle_5203_1_terrain_1_0|5203|1|2|981|982|8592.0|-688.0|8512.0|-720.0|8551.814304661822|-703.5357616545574|64.0|64.0|64.0|RROCK19|XA35TEX|1.0|1.0|236.579236176|64.0|1.28|soil|-|SG002345|-|1232|1|0|982|XA35TEX|-|1.0|1.0|0.0|0.0|0.0|XA35TEX|-|1.0|1.0|236.579236176|64.0|56.0|56.0|64.0|64.0|512.0|512.0|512.0|512.0
UTNTSkyEdge_tntle_5203_1_terrain_1_1|5203|1|2|981|982|8592.0|-688.0|8512.0|-720.0|8552.185695338178|-704.4642383454426|64.0|64.0|64.0|RROCK19|XA35TEX|1.0|1.0|0.0|0.0|1.28|soil|-|SG002346|-|1233|1|1|982|XA35TEX|-|1.0|1.0|0.0|0.0|0.0|XA35TEX|-|1.0|1.0|236.579236176|64.0|56.0|56.0|64.0|64.0|512.0|512.0|512.0|512.0
UTNTSkyEdge_tntle_5204_1_terrain_1_0|5204|1|2|981|982|8640.0|-768.0|8592.0|-688.0|8616.428746462856|-727.7427521222862|64.0|64.0|64.0|RROCK19|XA35TEX|1.0|1.0|143.284005859|64.0|1.28|soil|-|SG002345|-|1232|1|0|982|XA35TEX|-|1.0|1.0|0.0|0.0|0.0|XA35TEX|-|1.0|1.0|143.284005859|64.0|56.0|56.0|64.0|64.0|512.0|512.0|512.0|512.0
UTNTSkyEdge_tntle_5204_1_terrain_1_1|5204|1|2|981|982|8640.0|-768.0|8592.0|-688.0|8615.571253537144|-728.2572478777138|64.0|64.0|64.0|RROCK19|XA35TEX|1.0|1.0|0.0|0.0|1.28|soil|-|SG002346|-|1233|1|1|982|XA35TEX|-|1.0|1.0|0.0|0.0|0.0|XA35TEX|-|1.0|1.0|143.284005859|64.0|56.0|56.0|64.0|64.0|512.0|512.0|512.0|512.0
UTNTSkyEdge_tntle_5205_1_terrain_1_0|5205|1|2|981|982|8688.0|-864.0|8640.0|-768.0|8664.4472135955|-815.77639320225|64.0|64.0|64.0|RROCK19|XA35TEX|1.0|1.0|35.952742939|64.0|1.28|soil|-|SG002345|-|1232|1|0|982|XA35TEX|-|1.0|1.0|0.0|0.0|0.0|XA35TEX|-|1.0|1.0|35.952742939|64.0|56.0|56.0|64.0|64.0|512.0|512.0|512.0|512.0
UTNTSkyEdge_tntle_5205_1_terrain_1_1|5205|1|2|981|982|8688.0|-864.0|8640.0|-768.0|8663.5527864045|-816.22360679775|64.0|64.0|64.0|RROCK19|XA35TEX|1.0|1.0|0.0|0.0|1.28|soil|-|SG002346|-|1233|1|1|982|XA35TEX|-|1.0|1.0|0.0|0.0|0.0|XA35TEX|-|1.0|1.0|35.952742939|64.0|56.0|56.0|64.0|64.0|512.0|512.0|512.0|512.0
UTNTSkyEdge_tntle_5206_1_terrain_1_0|5206|1|2|981|982|8640.0|-912.0|8688.0|-864.0|8664.353553390592|-888.3535533905932|64.0|64.0|64.0|RROCK19|XA35TEX|1.0|1.0|480.070491945|64.0|1.28|soil|-|SG002345|-|1232|1|0|982|XA35TEX|-|1.0|1.0|0.0|0.0|0.0|XA35TEX|-|1.0|1.0|480.070491945|64.0|56.0|56.0|64.0|64.0|512.0|512.0|512.0|512.0
UTNTSkyEdge_tntle_5206_1_terrain_1_1|5206|1|2|981|982|8640.0|-912.0|8688.0|-864.0|8663.646446609408|-887.6464466094068|64.0|64.0|64.0|RROCK19|XA35TEX|1.0|1.0|0.0|0.0|1.28|soil|-|SG002346|-|1233|1|1|982|XA35TEX|-|1.0|1.0|0.0|0.0|0.0|XA35TEX|-|1.0|1.0|480.070491945|64.0|56.0|56.0|64.0|64.0|512.0|512.0|512.0|512.0
UTNTSkyEdge_tntle_5207_1_terrain_1_0|5207|1|2|981|982|8480.0|-848.0|8640.0|-912.0|8559.814304661822|-880.4642383454426|64.0|64.0|64.0|RROCK19|XA35TEX|1.0|1.0|307.745218116|64.0|1.28|soil|-|SG002345|-|1232|1|0|982|XA35TEX|-|1.0|1.0|0.0|0.0|0.0|XA35TEX|-|1.0|1.0|307.745218116|64.0|56.0|56.0|64.0|64.0|512.0|512.0|512.0|512.0
UTNTSkyEdge_tntle_5207_1_terrain_1_1|5207|1|2|981|982|8480.0|-848.0|8640.0|-912.0|8560.185695338178|-879.5357616545574|64.0|64.0|64.0|RROCK19|XA35TEX|1.0|1.0|0.0|0.0|1.28|soil|-|SG002346|-|1233|1|1|982|XA35TEX|-|1.0|1.0|0.0|0.0|0.0|XA35TEX|-|1.0|1.0|307.745218116|64.0|56.0|56.0|64.0|64.0|512.0|512.0|512.0|512.0
UTNTSkyEdge_tntle_5208_1_terrain_1_0|5208|1|2|981|982|8416.0|-848.0|8480.0|-848.0|8448.0|-848.5|64.0|64.0|64.0|RROCK19|XA35TEX|1.0|1.0|243.745218116|64.0|1.28|soil|-|SG002345|-|1232|1|0|982|XA35TEX|-|1.0|1.0|0.0|0.0|0.0|XA35TEX|-|1.0|1.0|243.745218116|64.0|56.0|56.0|64.0|64.0|512.0|512.0|512.0|512.0
UTNTSkyEdge_tntle_5208_1_terrain_1_1|5208|1|2|981|982|8416.0|-848.0|8480.0|-848.0|8448.0|-847.5|64.0|64.0|64.0|RROCK19|XA35TEX|1.0|1.0|0.0|0.0|1.28|soil|-|SG002346|-|1233|1|1|982|XA35TEX|-|1.0|1.0|0.0|0.0|0.0|XA35TEX|-|1.0|1.0|243.745218116|64.0|56.0|56.0|64.0|64.0|512.0|512.0|512.0|512.0
UTNTSkyEdge_tntle_5209_1_terrain_1_0|5209|1|2|981|982|8368.0|-768.0|8416.0|-848.0|8391.571253537144|-808.2572478777138|64.0|64.0|64.0|RROCK19|XA35TEX|1.0|1.0|150.449987799|64.0|1.28|soil|-|SG002345|-|1232|1|0|982|XA35TEX|-|1.0|1.0|0.0|0.0|0.0|XA35TEX|-|1.0|1.0|150.449987799|64.0|56.0|56.0|64.0|64.0|512.0|512.0|512.0|512.0
UTNTSkyEdge_tntle_5209_1_terrain_1_1|5209|1|2|981|982|8368.0|-768.0|8416.0|-848.0|8392.428746462856|-807.7427521222862|64.0|64.0|64.0|RROCK19|XA35TEX|1.0|1.0|0.0|0.0|1.28|soil|-|SG002346|-|1233|1|1|982|XA35TEX|-|1.0|1.0|0.0|0.0|0.0|XA35TEX|-|1.0|1.0|150.449987799|64.0|56.0|56.0|64.0|64.0|512.0|512.0|512.0|512.0
UTNTSkyEdge_tntle_5210_1_terrain_1_0|5210|1|2|981|982|8288.0|-704.0|8368.0|-768.0|8327.687652476223|-736.3904344047215|64.0|64.0|64.0|RROCK19|XA35TEX|1.0|1.0|48.0|64.0|1.28|soil|-|SG002345|-|1232|1|0|982|XA35TEX|-|1.0|1.0|0.0|0.0|0.0|XA35TEX|-|1.0|1.0|48.0|64.0|56.0|56.0|64.0|64.0|512.0|512.0|512.0|512.0
UTNTSkyEdge_tntle_5210_1_terrain_1_1|5210|1|2|981|982|8288.0|-704.0|8368.0|-768.0|8328.312347523777|-735.6095655952785|64.0|64.0|64.0|RROCK19|XA35TEX|1.0|1.0|0.0|0.0|1.28|soil|-|SG002346|-|1233|1|1|982|XA35TEX|-|1.0|1.0|0.0|0.0|0.0|XA35TEX|-|1.0|1.0|48.0|64.0|56.0|56.0|64.0|64.0|512.0|512.0|512.0|512.0
UTNTSkyEdge_tntle_5211_1_terrain_1_0|5211|1|2|982|983|8496.0|-784.0|8512.0|-832.0|8503.525658350974|-808.1581138830085|112.0|112.0|112.0|QROCK3|QROCK3X8|1.0|1.0|200.586096916|16.0|7.68|rock|-|SG002347|-|1233|1|0|983|XA11TEX|-|1.0|1.0|0.0|0.0|0.0|QROCK3X8|-|1.0|1.0|200.586096916|16.0|64.0|64.0|112.0|112.0|512.0|512.0|512.0|512.0
UTNTSkyEdge_tntle_5211_1_terrain_1_1|5211|1|2|982|983|8496.0|-784.0|8512.0|-832.0|8504.474341649026|-807.8418861169915|112.0|112.0|112.0|QROCK3|XA11TEX|1.0|1.0|0.0|0.0|7.68|gravel|-|SG002348|-|1234|1|1|983|XA11TEX|-|1.0|1.0|0.0|0.0|0.0|QROCK3X8|-|1.0|1.0|200.586096916|16.0|64.0|64.0|112.0|112.0|512.0|512.0|512.0|512.0
UTNTSkyEdge_tntle_5212_1_terrain_1_0|5212|1|2|982|983|8560.0|-752.0|8496.0|-784.0|8527.77639320225|-767.5527864045|112.0|112.0|112.0|QROCK3|QROCK3X8|1.0|1.0|129.031921636|16.0|7.68|rock|-|SG002347|-|1233|1|0|983|XA11TEX|-|1.0|1.0|0.0|0.0|0.0|QROCK3X8|-|1.0|1.0|129.031921636|16.0|64.0|64.0|112.0|112.0|512.0|512.0|512.0|512.0
UTNTSkyEdge_tntle_5212_1_terrain_1_1|5212|1|2|982|983|8560.0|-752.0|8496.0|-784.0|8528.22360679775|-768.4472135955|112.0|112.0|112.0|QROCK3|XA11TEX|1.0|1.0|0.0|0.0|7.68|gravel|-|SG002348|-|1234|1|1|983|XA11TEX|-|1.0|1.0|0.0|0.0|0.0|QROCK3X8|-|1.0|1.0|129.031921636|16.0|64.0|64.0|112.0|112.0|512.0|512.0|512.0|512.0
UTNTSkyEdge_tntle_5213_1_terrain_1_0|5213|1|2|982|983|8592.0|-784.0|8560.0|-752.0|8576.353553390592|-767.6464466094068|112.0|112.0|112.0|QROCK3|QROCK3X8|1.0|1.0|83.77708764|16.0|7.68|rock|-|SG002347|-|1233|1|0|983|XA11TEX|-|1.0|1.0|0.0|0.0|0.0|QROCK3X8|-|1.0|1.0|83.77708764|16.0|64.0|64.0|112.0|112.0|512.0|512.0|512.0|512.0
UTNTSkyEdge_tntle_5213_1_terrain_1_1|5213|1|2|982|983|8592.0|-784.0|8560.0|-752.0|8575.646446609408|-768.3535533905932|112.0|112.0|112.0|QROCK3|XA11TEX|1.0|1.0|0.0|0.0|7.68|gravel|-|SG002348|-|1234|1|1|983|XA11TEX|-|1.0|1.0|0.0|0.0|0.0|QROCK3X8|-|1.0|1.0|83.77708764|16.0|64.0|64.0|112.0|112.0|512.0|512.0|512.0|512.0
UTNTSkyEdge_tntle_5214_1_terrain_1_0|5214|1|2|982|983|8624.0|-800.0|8592.0|-784.0|8608.22360679775|-791.5527864045|112.0|112.0|112.0|QROCK3|QROCK3X8|1.0|1.0|48.0|16.0|7.68|rock|-|SG002347|-|1233|1|0|983|XA11TEX|-|1.0|1.0|0.0|0.0|0.0|QROCK3X8|-|1.0|1.0|48.0|16.0|64.0|64.0|112.0|112.0|512.0|512.0|512.0|512.0
UTNTSkyEdge_tntle_5214_1_terrain_1_1|5214|1|2|982|983|8624.0|-800.0|8592.0|-784.0|8607.77639320225|-792.4472135955|112.0|112.0|112.0|QROCK3|XA11TEX|1.0|1.0|0.0|0.0|7.68|gravel|-|SG002348|-|1234|1|1|983|XA11TEX|-|1.0|1.0|0.0|0.0|0.0|QROCK3X8|-|1.0|1.0|48.0|16.0|64.0|64.0|112.0|112.0|512.0|512.0|512.0|512.0
UTNTSkyEdge_tntle_5215_1_terrain_1_0|5215|1|2|982|983|8624.0|-848.0|8624.0|-800.0|8624.5|-824.0|112.0|112.0|112.0|QROCK3|QROCK3X8|1.0|1.0|0.0|16.0|7.68|rock|-|SG002347|-|1233|1|0|983|XA11TEX|-|1.0|1.0|0.0|0.0|0.0|QROCK3X8|-|1.0|1.0|0.0|16.0|64.0|64.0|112.0|112.0|512.0|512.0|512.0|512.0
UTNTSkyEdge_tntle_5215_1_terrain_1_1|5215|1|2|982|983|8624.0|-848.0|8624.0|-800.0|8623.5|-824.0|112.0|112.0|112.0|QROCK3|XA11TEX|1.0|1.0|0.0|0.0|7.68|gravel|-|SG002348|-|1234|1|1|983|XA11TEX|-|1.0|1.0|0.0|0.0|0.0|QROCK3X8|-|1.0|1.0|0.0|16.0|64.0|64.0|112.0|112.0|512.0|512.0|512.0|512.0
UTNTSkyEdge_tntle_5216_1_terrain_1_0|5216|1|2|982|983|8592.0|-848.0|8624.0|-848.0|8608.0|-848.5|112.0|112.0|112.0|QROCK3|QROCK3X8|1.0|1.0|332.766851696|16.0|7.68|rock|-|SG002347|-|1233|1|0|983|XA11TEX|-|1.0|1.0|0.0|0.0|0.0|QROCK3X8|-|1.0|1.0|332.766851696|16.0|64.0|64.0|112.0|112.0|512.0|512.0|512.0|512.0
UTNTSkyEdge_tntle_5216_1_terrain_1_1|5216|1|2|982|983|8592.0|-848.0|8624.0|-848.0|8608.0|-847.5|112.0|112.0|112.0|QROCK3|XA11TEX|1.0|1.0|0.0|0.0|7.68|gravel|-|SG002348|-|1234|1|1|983|XA11TEX|-|1.0|1.0|0.0|0.0|0.0|QROCK3X8|-|1.0|1.0|332.766851696|16.0|64.0|64.0|112.0|112.0|512.0|512.0|512.0|512.0
UTNTSkyEdge_tntle_5217_1_terrain_1_0|5217|1|2|982|983|8512.0|-832.0|8592.0|-848.0|8551.90194193243|-840.4902903378454|112.0|112.0|112.0|QROCK3|QROCK3X8|1.0|1.0|251.182539479|16.0|7.68|rock|-|SG002347|-|1233|1|0|983|XA11TEX|-|1.0|1.0|0.0|0.0|0.0|QROCK3X8|-|1.0|1.0|251.182539479|16.0|64.0|64.0|112.0|112.0|512.0|512.0|512.0|512.0
UTNTSkyEdge_tntle_5217_1_terrain_1_1|5217|1|2|982|983|8512.0|-832.0|8592.0|-848.0|8552.09805806757|-839.5097096621546|112.0|112.0|112.0|QROCK3|XA11TEX|1.0|1.0|0.0|0.0|7.68|gravel|-|SG002348|-|1234|1|1|983|XA11TEX|-|1.0|1.0|0.0|0.0|0.0|QROCK3X8|-|1.0|1.0|251.182539479|16.0|64.0|64.0|112.0|112.0|512.0|512.0|512.0|512.0
UTNTSkyEdge_tntle_5218_0_terrain_1_0|5218|0|2|984|1939|8192.0|-1280.0|8128.0|-1216.0|8160.353553390593|-1247.6464466094067|0.0|0.0|0.0|QGRASS|QGRASS|1.0|1.0|0.0|0.0|0.64|grass|-|SG002349|-|1235|1|0|1939|QGRASS|-|1.0|1.0|0.0|0.0|0.0|QGRASS|-|1.0|1.0|0.0|0.0|-4.0|-4.0|0.0|0.0|512.0|512.0|512.0|512.0
UTNTSkyEdge_tntle_5218_0_terrain_1_1|5218|0|2|984|1939|8192.0|-1280.0|8128.0|-1216.0|8159.646446609407|-1248.3535533905933|0.0|0.0|0.0|QGRASS|QGRASS|1.0|1.0|0.0|0.0|0.64|grass|-|SG002319|-|1096|1|1|1939|QGRASS|-|1.0|1.0|0.0|0.0|0.0|QGRASS|-|1.0|1.0|0.0|0.0|-4.0|-4.0|0.0|0.0|512.0|512.0|512.0|512.0
UTNTSkyEdge_tntle_5219_0_terrain_1_0|5219|0|2|984|1939|8128.0|-1216.0|8128.0|-1088.0|8128.5|-1152.0|0.0|0.0|0.0|QGRASS|QGRASS|1.0|1.0|0.0|0.0|0.64|grass|-|SG002349|-|1235|1|0|1939|QGRASS|-|1.0|1.0|0.0|0.0|0.0|QGRASS|-|1.0|1.0|0.0|0.0|-4.0|-4.0|0.0|0.0|512.0|512.0|512.0|512.0
UTNTSkyEdge_tntle_5219_0_terrain_1_1|5219|0|2|984|1939|8128.0|-1216.0|8128.0|-1088.0|8127.5|-1152.0|0.0|0.0|0.0|QGRASS|QGRASS|1.0|1.0|0.0|0.0|0.64|grass|-|SG002319|-|1096|1|1|1939|QGRASS|-|1.0|1.0|0.0|0.0|0.0|QGRASS|-|1.0|1.0|0.0|0.0|-4.0|-4.0|0.0|0.0|512.0|512.0|512.0|512.0
UTNTSkyEdge_tntle_5220_0_terrain_1_0|5220|0|2|984|1939|8128.0|-1088.0|8064.0|-1024.0|8096.353553390593|-1055.6464466094067|0.0|0.0|0.0|QGRASS|QGRASS|1.0|1.0|0.0|0.0|0.64|grass|-|SG002349|-|1235|1|0|1939|QGRASS|-|1.0|1.0|0.0|0.0|0.0|QGRASS|-|1.0|1.0|0.0|0.0|-4.0|-4.0|0.0|0.0|512.0|512.0|512.0|512.0
UTNTSkyEdge_tntle_5220_0_terrain_1_1|5220|0|2|984|1939|8128.0|-1088.0|8064.0|-1024.0|8095.646446609407|-1056.3535533905933|0.0|0.0|0.0|QGRASS|QGRASS|1.0|1.0|0.0|0.0|0.64|grass|-|SG002319|-|1096|1|1|1939|QGRASS|-|1.0|1.0|0.0|0.0|0.0|QGRASS|-|1.0|1.0|0.0|0.0|-4.0|-4.0|0.0|0.0|512.0|512.0|512.0|512.0
UTNTSkyEdge_tntle_5221_0_terrain_1_0|5221|0|2|984|1939|8064.0|-1024.0|8064.0|-832.0|8064.5|-928.0|0.0|0.0|0.0|QGRASS|QGRASS|1.0|1.0|0.0|0.0|0.64|grass|-|SG002349|-|1235|1|0|1939|QGRASS|-|1.0|1.0|0.0|0.0|0.0|QGRASS|-|1.0|1.0|0.0|0.0|-4.0|-4.0|0.0|0.0|512.0|512.0|512.0|512.0
UTNTSkyEdge_tntle_5221_0_terrain_1_1|5221|0|2|984|1939|8064.0|-1024.0|8064.0|-832.0|8063.5|-928.0|0.0|0.0|0.0|QGRASS|QGRASS|1.0|1.0|0.0|0.0|0.64|grass|-|SG002319|-|1096|1|1|1939|QGRASS|-|1.0|1.0|0.0|0.0|0.0|QGRASS|-|1.0|1.0|0.0|0.0|-4.0|-4.0|0.0|0.0|512.0|512.0|512.0|512.0
UTNTSkyEdge_tntle_5222_0_terrain_1_0|5222|0|2|984|1939|8064.0|-832.0|8000.0|-768.0|8032.353553390593|-799.6464466094068|0.0|0.0|0.0|QGRASS|QGRASS|1.0|1.0|0.0|0.0|0.64|grass|-|SG002349|-|1235|1|0|1939|QGRASS|-|1.0|1.0|0.0|0.0|0.0|QGRASS|-|1.0|1.0|0.0|0.0|-4.0|-4.0|0.0|0.0|512.0|512.0|512.0|512.0
UTNTSkyEdge_tntle_5222_0_terrain_1_1|5222|0|2|984|1939|8064.0|-832.0|8000.0|-768.0|8031.646446609407|-800.3535533905932|0.0|0.0|0.0|QGRASS|QGRASS|1.0|1.0|0.0|0.0|0.64|grass|-|SG002319|-|1096|1|1|1939|QGRASS|-|1.0|1.0|0.0|0.0|0.0|QGRASS|-|1.0|1.0|0.0|0.0|-4.0|-4.0|0.0|0.0|512.0|512.0|512.0|512.0
UTNTSkyEdge_tntle_5223_0_terrain_1_0|5223|0|2|984|1939|8000.0|-768.0|8064.0|-640.0|8032.4472135955|-704.22360679775|0.0|0.0|0.0|QGRASS|QGRASS|1.0|1.0|0.0|0.0|0.64|grass|-|SG002349|-|1235|1|0|1939|QGRASS|-|1.0|1.0|0.0|0.0|0.0|QGRASS|-|1.0|1.0|0.0|0.0|-4.0|-4.0|0.0|0.0|512.0|512.0|512.0|512.0
UTNTSkyEdge_tntle_5223_0_terrain_1_1|5223|0|2|984|1939|8000.0|-768.0|8064.0|-640.0|8031.5527864045|-703.77639320225|0.0|0.0|0.0|QGRASS|QGRASS|1.0|1.0|0.0|0.0|0.64|grass|-|SG002319|-|1096|1|1|1939|QGRASS|-|1.0|1.0|0.0|0.0|0.0|QGRASS|-|1.0|1.0|0.0|0.0|-4.0|-4.0|0.0|0.0|512.0|512.0|512.0|512.0
UTNTSkyEdge_tntle_5224_0_terrain_1_0|5224|0|2|984|1939|8064.0|-640.0|8192.0|-576.0|8128.22360679775|-608.4472135955|0.0|0.0|0.0|QGRASS|QGRASS|1.0|1.0|0.0|0.0|0.64|grass|-|SG002349|-|1235|1|0|1939|QGRASS|-|1.0|1.0|0.0|0.0|0.0|QGRASS|-|1.0|1.0|0.0|0.0|-4.0|-4.0|0.0|0.0|512.0|512.0|512.0|512.0
UTNTSkyEdge_tntle_5224_0_terrain_1_1|5224|0|2|984|1939|8064.0|-640.0|8192.0|-576.0|8127.77639320225|-607.5527864045|0.0|0.0|0.0|QGRASS|QGRASS|1.0|1.0|0.0|0.0|0.64|grass|-|SG002319|-|1096|1|1|1939|QGRASS|-|1.0|1.0|0.0|0.0|0.0|QGRASS|-|1.0|1.0|0.0|0.0|-4.0|-4.0|0.0|0.0|512.0|512.0|512.0|512.0
UTNTSkyEdge_tntle_5225_0_terrain_1_0|5225|0|2|984|1939|8192.0|-576.0|8256.0|-640.0|8223.646446609408|-608.3535533905932|0.0|0.0|0.0|QGRASS|QGRASS|1.0|1.0|0.0|0.0|0.64|grass|-|SG002349|-|1235|1|0|1939|QGRASS|-|1.0|1.0|0.0|0.0|0.0|QGRASS|-|1.0|1.0|0.0|0.0|-4.0|-4.0|0.0|0.0|512.0|512.0|512.0|512.0
UTNTSkyEdge_tntle_5225_0_terrain_1_1|5225|0|2|984|1939|8192.0|-576.0|8256.0|-640.0|8224.353553390592|-607.6464466094068|0.0|0.0|0.0|QGRASS|QGRASS|1.0|1.0|0.0|0.0|0.64|grass|-|SG002319|-|1096|1|1|1939|QGRASS|-|1.0|1.0|0.0|0.0|0.0|QGRASS|-|1.0|1.0|0.0|0.0|-4.0|-4.0|0.0|0.0|512.0|512.0|512.0|512.0
UTNTSkyEdge_tntle_5226_0_terrain_1_0|5226|0|2|984|1939|8256.0|-640.0|8192.0|-704.0|8223.646446609408|-671.6464466094068|0.0|0.0|0.0|QGRASS|QGRASS|1.0|1.0|0.0|0.0|0.64|grass|-|SG002349|-|1235|1|0|1939|QGRASS|-|1.0|1.0|0.0|0.0|0.0|QGRASS|-|1.0|1.0|0.0|0.0|-4.0|-4.0|0.0|0.0|512.0|512.0|512.0|512.0
UTNTSkyEdge_tntle_5226_0_terrain_1_1|5226|0|2|984|1939|8256.0|-640.0|8192.0|-704.0|8224.353553390592|-672.3535533905932|0.0|0.0|0.0|QGRASS|QGRASS|1.0|1.0|0.0|0.0|0.64|grass|-|SG002319|-|1096|1|1|1939|QGRASS|-|1.0|1.0|0.0|0.0|0.0|QGRASS|-|1.0|1.0|0.0|0.0|-4.0|-4.0|0.0|0.0|512.0|512.0|512.0|512.0
UTNTSkyEdge_tntle_5227_0_terrain_1_0|5227|0|2|984|1939|8192.0|-704.0|8256.0|-896.0|8223.525658350974|-800.1581138830085|0.0|0.0|0.0|QGRASS|QGRASS|1.0|1.0|0.0|0.0|0.64|grass|-|SG002349|-|1235|1|0|1939|QGRASS|-|1.0|1.0|0.0|0.0|0.0|QGRASS|-|1.0|1.0|0.0|0.0|-4.0|-4.0|0.0|0.0|512.0|512.0|512.0|512.0
UTNTSkyEdge_tntle_5227_0_terrain_1_1|5227|0|2|984|1939|8192.0|-704.0|8256.0|-896.0|8224.474341649026|-799.8418861169915|0.0|0.0|0.0|QGRASS|QGRASS|1.0|1.0|0.0|0.0|0.64|grass|-|SG002319|-|1096|1|1|1939|QGRASS|-|1.0|1.0|0.0|0.0|0.0|QGRASS|-|1.0|1.0|0.0|0.0|-4.0|-4.0|0.0|0.0|512.0|512.0|512.0|512.0
UTNTSkyEdge_tntle_5228_0_terrain_1_0|5228|0|2|984|1939|8256.0|-896.0|8192.0|-960.0|8223.646446609408|-927.6464466094068|0.0|0.0|0.0|QGRASS|QGRASS|1.0|1.0|0.0|0.0|0.64|grass|-|SG002349|-|1235|1|0|1939|QGRASS|-|1.0|1.0|0.0|0.0|0.0|QGRASS|-|1.0|1.0|0.0|0.0|-4.0|-4.0|0.0|0.0|512.0|512.0|512.0|512.0
UTNTSkyEdge_tntle_5228_0_terrain_1_1|5228|0|2|984|1939|8256.0|-896.0|8192.0|-960.0|8224.353553390592|-928.3535533905932|0.0|0.0|0.0|QGRASS|QGRASS|1.0|1.0|0.0|0.0|0.64|grass|-|SG002319|-|1096|1|1|1939|QGRASS|-|1.0|1.0|0.0|0.0|0.0|QGRASS|-|1.0|1.0|0.0|0.0|-4.0|-4.0|0.0|0.0|512.0|512.0|512.0|512.0
UTNTSkyEdge_tntle_5229_0_terrain_1_0|5229|0|2|984|1939|8192.0|-960.0|8256.0|-1024.0|8223.646446609408|-992.3535533905932|0.0|0.0|0.0|QGRASS|QGRASS|1.0|1.0|0.0|0.0|0.64|grass|-|SG002349|-|1235|1|0|1939|QGRASS|-|1.0|1.0|0.0|0.0|0.0|QGRASS|-|1.0|1.0|0.0|0.0|-4.0|-4.0|0.0|0.0|512.0|512.0|512.0|512.0
UTNTSkyEdge_tntle_5229_0_terrain_1_1|5229|0|2|984|1939|8192.0|-960.0|8256.0|-1024.0|8224.353553390592|-991.6464466094068|0.0|0.0|0.0|QGRASS|QGRASS|1.0|1.0|0.0|0.0|0.64|grass|-|SG002319|-|1096|1|1|1939|QGRASS|-|1.0|1.0|0.0|0.0|0.0|QGRASS|-|1.0|1.0|0.0|0.0|-4.0|-4.0|0.0|0.0|512.0|512.0|512.0|512.0
UTNTSkyEdge_tntle_5230_0_terrain_1_0|5230|0|2|984|1939|8256.0|-1024.0|8384.0|-1088.0|8319.77639320225|-1056.4472135955|0.0|0.0|0.0|QGRASS|QGRASS|1.0|1.0|0.0|0.0|0.64|grass|-|SG002349|-|1235|1|0|1939|QGRASS|-|1.0|1.0|0.0|0.0|0.0|QGRASS|-|1.0|1.0|0.0|0.0|-4.0|-4.0|0.0|0.0|512.0|512.0|512.0|512.0
UTNTSkyEdge_tntle_5230_0_terrain_1_1|5230|0|2|984|1939|8256.0|-1024.0|8384.0|-1088.0|8320.22360679775|-1055.5527864045|0.0|0.0|0.0|QGRASS|QGRASS|1.0|1.0|0.0|0.0|0.64|grass|-|SG002319|-|1096|1|1|1939|QGRASS|-|1.0|1.0|0.0|0.0|0.0|QGRASS|-|1.0|1.0|0.0|0.0|-4.0|-4.0|0.0|0.0|512.0|512.0|512.0|512.0
UTNTSkyEdge_tntle_5231_0_terrain_1_0|5231|0|2|984|1939|8384.0|-1088.0|8512.0|-1088.0|8448.0|-1088.5|0.0|0.0|0.0|QGRASS|QGRASS|1.0|1.0|0.0|0.0|0.64|grass|-|SG002349|-|1235|1|0|1939|QGRASS|-|1.0|1.0|0.0|0.0|0.0|QGRASS|-|1.0|1.0|0.0|0.0|-4.0|-4.0|0.0|0.0|512.0|512.0|512.0|512.0
UTNTSkyEdge_tntle_5231_0_terrain_1_1|5231|0|2|984|1939|8384.0|-1088.0|8512.0|-1088.0|8448.0|-1087.5|0.0|0.0|0.0|QGRASS|QGRASS|1.0|1.0|0.0|0.0|0.64|grass|-|SG002319|-|1096|1|1|1939|QGRASS|-|1.0|1.0|0.0|0.0|0.0|QGRASS|-|1.0|1.0|0.0|0.0|-4.0|-4.0|0.0|0.0|512.0|512.0|512.0|512.0
UTNTSkyEdge_tntle_5232_0_terrain_1_0|5232|0|2|984|1939|8512.0|-1088.0|8640.0|-1152.0|8575.77639320225|-1120.4472135955|0.0|0.0|0.0|QGRASS|QGRASS|1.0|1.0|0.0|0.0|0.64|grass|-|SG002349|-|1235|1|0|1939|QGRASS|-|1.0|1.0|0.0|0.0|0.0|QGRASS|-|1.0|1.0|0.0|0.0|-4.0|-4.0|0.0|0.0|512.0|512.0|512.0|512.0
UTNTSkyEdge_tntle_5232_0_terrain_1_1|5232|0|2|984|1939|8512.0|-1088.0|8640.0|-1152.0|8576.22360679775|-1119.5527864045|0.0|0.0|0.0|QGRASS|QGRASS|1.0|1.0|0.0|0.0|0.64|grass|-|SG002319|-|1096|1|1|1939|QGRASS|-|1.0|1.0|0.0|0.0|0.0|QGRASS|-|1.0|1.0|0.0|0.0|-4.0|-4.0|0.0|0.0|512.0|512.0|512.0|512.0
UTNTSkyEdge_tntle_5233_0_terrain_1_0|5233|0|2|984|1939|8640.0|-1152.0|8704.0|-1280.0|8671.5527864045|-1216.2236067977499|0.0|0.0|0.0|QGRASS|QGRASS|1.0|1.0|0.0|0.0|0.64|grass|-|SG002349|-|1235|1|0|1939|QGRASS|-|1.0|1.0|0.0|0.0|0.0|QGRASS|-|1.0|1.0|0.0|0.0|-4.0|-4.0|0.0|0.0|512.0|512.0|512.0|512.0
UTNTSkyEdge_tntle_5233_0_terrain_1_1|5233|0|2|984|1939|8640.0|-1152.0|8704.0|-1280.0|8672.4472135955|-1215.7763932022501|0.0|0.0|0.0|QGRASS|QGRASS|1.0|1.0|0.0|0.0|0.64|grass|-|SG002319|-|1096|1|1|1939|QGRASS|-|1.0|1.0|0.0|0.0|0.0|QGRASS|-|1.0|1.0|0.0|0.0|-4.0|-4.0|0.0|0.0|512.0|512.0|512.0|512.0
UTNTSkyEdge_tntle_5234_0_terrain_1_0|5234|0|2|984|1939|8704.0|-1280.0|8640.0|-1280.0|8672.0|-1279.5|0.0|0.0|0.0|QGRASS|QGRASS|1.0|1.0|0.0|0.0|0.64|grass|-|SG002349|-|1235|1|0|1939|QGRASS|-|1.0|1.0|0.0|0.0|0.0|QGRASS|-|1.0|1.0|0.0|0.0|-4.0|-4.0|0.0|0.0|512.0|512.0|512.0|512.0
UTNTSkyEdge_tntle_5234_0_terrain_1_1|5234|0|2|984|1939|8704.0|-1280.0|8640.0|-1280.0|8672.0|-1280.5|0.0|0.0|0.0|QGRASS|QGRASS|1.0|1.0|0.0|0.0|0.64|grass|-|SG002319|-|1096|1|1|1939|QGRASS|-|1.0|1.0|0.0|0.0|0.0|QGRASS|-|1.0|1.0|0.0|0.0|-4.0|-4.0|0.0|0.0|512.0|512.0|512.0|512.0
UTNTSkyEdge_tntle_5235_0_terrain_1_0|5235|0|2|984|1939|8640.0|-1280.0|8512.0|-1216.0|8576.22360679775|-1247.5527864045|0.0|0.0|0.0|QGRASS|QGRASS|1.0|1.0|0.0|0.0|0.64|grass|-|SG002349|-|1235|1|0|1939|QGRASS|-|1.0|1.0|0.0|0.0|0.0|QGRASS|-|1.0|1.0|0.0|0.0|-4.0|-4.0|0.0|0.0|512.0|512.0|512.0|512.0
UTNTSkyEdge_tntle_5235_0_terrain_1_1|5235|0|2|984|1939|8640.0|-1280.0|8512.0|-1216.0|8575.77639320225|-1248.4472135955|0.0|0.0|0.0|QGRASS|QGRASS|1.0|1.0|0.0|0.0|0.64|grass|-|SG002319|-|1096|1|1|1939|QGRASS|-|1.0|1.0|0.0|0.0|0.0|QGRASS|-|1.0|1.0|0.0|0.0|-4.0|-4.0|0.0|0.0|512.0|512.0|512.0|512.0
UTNTSkyEdge_tntle_5236_0_terrain_1_0|5236|0|2|984|1939|8512.0|-1216.0|8384.0|-1216.0|8448.0|-1215.5|0.0|0.0|0.0|QGRASS|QGRASS|1.0|1.0|0.0|0.0|0.64|grass|-|SG002349|-|1235|1|0|1939|QGRASS|-|1.0|1.0|0.0|0.0|0.0|QGRASS|-|1.0|1.0|0.0|0.0|-4.0|-4.0|0.0|0.0|512.0|512.0|512.0|512.0
UTNTSkyEdge_tntle_5236_0_terrain_1_1|5236|0|2|984|1939|8512.0|-1216.0|8384.0|-1216.0|8448.0|-1216.5|0.0|0.0|0.0|QGRASS|QGRASS|1.0|1.0|0.0|0.0|0.64|grass|-|SG002319|-|1096|1|1|1939|QGRASS|-|1.0|1.0|0.0|0.0|0.0|QGRASS|-|1.0|1.0|0.0|0.0|-4.0|-4.0|0.0|0.0|512.0|512.0|512.0|512.0
UTNTSkyEdge_tntle_5237_0_terrain_1_0|5237|0|2|984|1939|8384.0|-1216.0|8256.0|-1280.0|8319.77639320225|-1247.5527864045|0.0|0.0|0.0|QGRASS|QGRASS|1.0|1.0|0.0|0.0|0.64|grass|-|SG002349|-|1235|1|0|1939|QGRASS|-|1.0|1.0|0.0|0.0|0.0|QGRASS|-|1.0|1.0|0.0|0.0|-4.0|-4.0|0.0|0.0|512.0|512.0|512.0|512.0
UTNTSkyEdge_tntle_5237_0_terrain_1_1|5237|0|2|984|1939|8384.0|-1216.0|8256.0|-1280.0|8320.22360679775|-1248.4472135955|0.0|0.0|0.0|QGRASS|QGRASS|1.0|1.0|0.0|0.0|0.64|grass|-|SG002319|-|1096|1|1|1939|QGRASS|-|1.0|1.0|0.0|0.0|0.0|QGRASS|-|1.0|1.0|0.0|0.0|-4.0|-4.0|0.0|0.0|512.0|512.0|512.0|512.0
UTNTSkyEdge_tntle_5238_0_terrain_1_0|5238|0|2|984|1939|8256.0|-1280.0|8192.0|-1280.0|8224.0|-1279.5|0.0|0.0|0.0|QGRASS|QGRASS|1.0|1.0|0.0|0.0|0.64|grass|-|SG002349|-|1235|1|0|1939|QGRASS|-|1.0|1.0|0.0|0.0|0.0|QGRASS|-|1.0|1.0|0.0|0.0|-4.0|-4.0|0.0|0.0|512.0|512.0|512.0|512.0
UTNTSkyEdge_tntle_5238_0_terrain_1_1|5238|0|2|984|1939|8256.0|-1280.0|8192.0|-1280.0|8224.0|-1280.5|0.0|0.0|0.0|QGRASS|QGRASS|1.0|1.0|0.0|0.0|0.64|grass|-|SG002319|-|1096|1|1|1939|QGRASS|-|1.0|1.0|0.0|0.0|0.0|QGRASS|-|1.0|1.0|0.0|0.0|-4.0|-4.0|0.0|0.0|512.0|512.0|512.0|512.0
UTNTSkyEdge_tntle_5239_0_terrain_1_0|5239|0|2|985|2061|9472.0|1152.0|9536.0|1216.0|9504.353553390592|1183.6464466094067|0.0|0.0|0.0|QGRASS|QGRASS|1.0|1.0|0.0|0.0|0.64|grass|-|SG002350|-|1236|1|0|2061|QGRASS|-|1.0|1.0|0.0|0.0|0.0|QGRASS|-|1.0|1.0|0.0|0.0|-4.0|-4.0|0.0|0.0|512.0|512.0|512.0|512.0
UTNTSkyEdge_tntle_5239_0_terrain_1_1|5239|0|2|985|2061|9472.0|1152.0|9536.0|1216.0|9503.646446609408|1184.3535533905933|0.0|0.0|0.0|QGRASS|QGRASS|1.0|1.0|0.0|0.0|0.64|grass|-|SG002321|-|1102|1|1|2061|QGRASS|-|1.0|1.0|0.0|0.0|0.0|QGRASS|-|1.0|1.0|0.0|0.0|-4.0|-4.0|0.0|0.0|512.0|512.0|512.0|512.0
UTNTSkyEdge_tntle_5240_0_terrain_1_0|5240|0|2|985|2061|9536.0|1216.0|9664.0|1216.0|9600.0|1215.5|0.0|0.0|0.0|QGRASS|QGRASS|1.0|1.0|0.0|0.0|0.64|grass|-|SG002350|-|1236|1|0|2061|QGRASS|-|1.0|1.0|0.0|0.0|0.0|QGRASS|-|1.0|1.0|0.0|0.0|-4.0|-4.0|0.0|0.0|512.0|512.0|512.0|512.0
UTNTSkyEdge_tntle_5240_0_terrain_1_1|5240|0|2|985|2061|9536.0|1216.0|9664.0|1216.0|9600.0|1216.5|0.0|0.0|0.0|QGRASS|QGRASS|1.0|1.0|0.0|0.0|0.64|grass|-|SG002321|-|1102|1|1|2061|QGRASS|-|1.0|1.0|0.0|0.0|0.0|QGRASS|-|1.0|1.0|0.0|0.0|-4.0|-4.0|0.0|0.0|512.0|512.0|512.0|512.0
UTNTSkyEdge_tntle_5241_0_terrain_1_0|5241|0|2|985|2061|9664.0|1216.0|9728.0|1280.0|9696.353553390592|1247.6464466094067|0.0|0.0|0.0|QGRASS|QGRASS|1.0|1.0|0.0|0.0|0.64|grass|-|SG002350|-|1236|1|0|2061|QGRASS|-|1.0|1.0|0.0|0.0|0.0|QGRASS|-|1.0|1.0|0.0|0.0|-4.0|-4.0|0.0|0.0|512.0|512.0|512.0|512.0
UTNTSkyEdge_tntle_5241_0_terrain_1_1|5241|0|2|985|2061|9664.0|1216.0|9728.0|1280.0|9695.646446609408|1248.3535533905933|0.0|0.0|0.0|QGRASS|QGRASS|1.0|1.0|0.0|0.0|0.64|grass|-|SG002321|-|1102|1|1|2061|QGRASS|-|1.0|1.0|0.0|0.0|0.0|QGRASS|-|1.0|1.0|0.0|0.0|-4.0|-4.0|0.0|0.0|512.0|512.0|512.0|512.0
UTNTSkyEdge_tntle_5242_0_terrain_1_0|5242|0|2|985|2061|9728.0|1280.0|9920.0|1280.0|9824.0|1279.5|0.0|0.0|0.0|QGRASS|QGRASS|1.0|1.0|0.0|0.0|0.64|grass|-|SG002350|-|1236|1|0|2061|QGRASS|-|1.0|1.0|0.0|0.0|0.0|QGRASS|-|1.0|1.0|0.0|0.0|-4.0|-4.0|0.0|0.0|512.0|512.0|512.0|512.0
UTNTSkyEdge_tntle_5242_0_terrain_1_1|5242|0|2|985|2061|9728.0|1280.0|9920.0|1280.0|9824.0|1280.5|0.0|0.0|0.0|QGRASS|QGRASS|1.0|1.0|0.0|0.0|0.64|grass|-|SG002321|-|1102|1|1|2061|QGRASS|-|1.0|1.0|0.0|0.0|0.0|QGRASS|-|1.0|1.0|0.0|0.0|-4.0|-4.0|0.0|0.0|512.0|512.0|512.0|512.0
UTNTSkyEdge_tntle_5243_0_terrain_1_0|5243|0|2|985|2061|9920.0|1280.0|9984.0|1344.0|9952.353553390592|1311.6464466094067|0.0|0.0|0.0|QGRASS|QGRASS|1.0|1.0|0.0|0.0|0.64|grass|-|SG002350|-|1236|1|0|2061|QGRASS|-|1.0|1.0|0.0|0.0|0.0|QGRASS|-|1.0|1.0|0.0|0.0|-4.0|-4.0|0.0|0.0|512.0|512.0|512.0|512.0
UTNTSkyEdge_tntle_5243_0_terrain_1_1|5243|0|2|985|2061|9920.0|1280.0|9984.0|1344.0|9951.646446609408|1312.3535533905933|0.0|0.0|0.0|QGRASS|QGRASS|1.0|1.0|0.0|0.0|0.64|grass|-|SG002321|-|1102|1|1|2061|QGRASS|-|1.0|1.0|0.0|0.0|0.0|QGRASS|-|1.0|1.0|0.0|0.0|-4.0|-4.0|0.0|0.0|512.0|512.0|512.0|512.0
UTNTSkyEdge_tntle_5244_0_terrain_1_0|5244|0|2|985|2061|9984.0|1344.0|10112.0|1280.0|10047.77639320225|1311.5527864045|0.0|0.0|0.0|QGRASS|QGRASS|1.0|1.0|0.0|0.0|0.64|grass|-|SG002350|-|1236|1|0|2061|QGRASS|-|1.0|1.0|0.0|0.0|0.0|QGRASS|-|1.0|1.0|0.0|0.0|-4.0|-4.0|0.0|0.0|512.0|512.0|512.0|512.0
UTNTSkyEdge_tntle_5244_0_terrain_1_1|5244|0|2|985|2061|9984.0|1344.0|10112.0|1280.0|10048.22360679775|1312.4472135955|0.0|0.0|0.0|QGRASS|QGRASS|1.0|1.0|0.0|0.0|0.64|grass|-|SG002321|-|1102|1|1|2061|QGRASS|-|1.0|1.0|0.0|0.0|0.0|QGRASS|-|1.0|1.0|0.0|0.0|-4.0|-4.0|0.0|0.0|512.0|512.0|512.0|512.0
UTNTSkyEdge_tntle_5245_0_terrain_1_0|5245|0|2|985|2061|10112.0|1280.0|10176.0|1152.0|10143.5527864045|1215.7763932022501|0.0|0.0|0.0|QGRASS|QGRASS|1.0|1.0|0.0|0.0|0.64|grass|-|SG002350|-|1236|1|0|2061|QGRASS|-|1.0|1.0|0.0|0.0|0.0|QGRASS|-|1.0|1.0|0.0|0.0|-4.0|-4.0|0.0|0.0|512.0|512.0|512.0|512.0
UTNTSkyEdge_tntle_5245_0_terrain_1_1|5245|0|2|985|2061|10112.0|1280.0|10176.0|1152.0|10144.4472135955|1216.2236067977499|0.0|0.0|0.0|QGRASS|QGRASS|1.0|1.0|0.0|0.0|0.64|grass|-|SG002321|-|1102|1|1|2061|QGRASS|-|1.0|1.0|0.0|0.0|0.0|QGRASS|-|1.0|1.0|0.0|0.0|-4.0|-4.0|0.0|0.0|512.0|512.0|512.0|512.0
UTNTSkyEdge_tntle_5246_0_terrain_1_0|5246|0|2|985|2061|10176.0|1152.0|10112.0|1088.0|10143.646446609408|1120.3535533905933|0.0|0.0|0.0|QGRASS|QGRASS|1.0|1.0|0.0|0.0|0.64|grass|-|SG002350|-|1236|1|0|2061|QGRASS|-|1.0|1.0|0.0|0.0|0.0|QGRASS|-|1.0|1.0|0.0|0.0|-4.0|-4.0|0.0|0.0|512.0|512.0|512.0|512.0
UTNTSkyEdge_tntle_5246_0_terrain_1_1|5246|0|2|985|2061|10176.0|1152.0|10112.0|1088.0|10144.353553390592|1119.6464466094067|0.0|0.0|0.0|QGRASS|QGRASS|1.0|1.0|0.0|0.0|0.64|grass|-|SG002321|-|1102|1|1|2061|QGRASS|-|1.0|1.0|0.0|0.0|0.0|QGRASS|-|1.0|1.0|0.0|0.0|-4.0|-4.0|0.0|0.0|512.0|512.0|512.0|512.0
UTNTSkyEdge_tntle_5247_0_terrain_1_0|5247|0|2|985|2061|10112.0|1088.0|10048.0|1152.0|10080.353553390592|1120.3535533905933|0.0|0.0|0.0|QGRASS|QGRASS|1.0|1.0|0.0|0.0|0.64|grass|-|SG002350|-|1236|1|0|2061|QGRASS|-|1.0|1.0|0.0|0.0|0.0|QGRASS|-|1.0|1.0|0.0|0.0|-4.0|-4.0|0.0|0.0|512.0|512.0|512.0|512.0
UTNTSkyEdge_tntle_5247_0_terrain_1_1|5247|0|2|985|2061|10112.0|1088.0|10048.0|1152.0|10079.646446609408|1119.6464466094067|0.0|0.0|0.0|QGRASS|QGRASS|1.0|1.0|0.0|0.0|0.64|grass|-|SG002321|-|1102|1|1|2061|QGRASS|-|1.0|1.0|0.0|0.0|0.0|QGRASS|-|1.0|1.0|0.0|0.0|-4.0|-4.0|0.0|0.0|512.0|512.0|512.0|512.0
UTNTSkyEdge_tntle_5248_0_terrain_1_0|5248|0|2|985|2061|10048.0|1152.0|9856.0|1088.0|9951.841886116992|1120.4743416490253|0.0|0.0|0.0|QGRASS|QGRASS|1.0|1.0|0.0|0.0|0.64|grass|-|SG002350|-|1236|1|0|2061|QGRASS|-|1.0|1.0|0.0|0.0|0.0|QGRASS|-|1.0|1.0|0.0|0.0|-4.0|-4.0|0.0|0.0|512.0|512.0|512.0|512.0
UTNTSkyEdge_tntle_5248_0_terrain_1_1|5248|0|2|985|2061|10048.0|1152.0|9856.0|1088.0|9952.158113883008|1119.5256583509747|0.0|0.0|0.0|QGRASS|QGRASS|1.0|1.0|0.0|0.0|0.64|grass|-|SG002321|-|1102|1|1|2061|QGRASS|-|1.0|1.0|0.0|0.0|0.0|QGRASS|-|1.0|1.0|0.0|0.0|-4.0|-4.0|0.0|0.0|512.0|512.0|512.0|512.0
UTNTSkyEdge_tntle_5249_0_terrain_1_0|5249|0|2|985|2061|9856.0|1088.0|9792.0|1152.0|9824.353553390592|1120.3535533905933|0.0|0.0|0.0|QGRASS|QGRASS|1.0|1.0|0.0|0.0|0.64|grass|-|SG002350|-|1236|1|0|2061|QGRASS|-|1.0|1.0|0.0|0.0|0.0|QGRASS|-|1.0|1.0|0.0|0.0|-4.0|-4.0|0.0|0.0|512.0|512.0|512.0|512.0
UTNTSkyEdge_tntle_5249_0_terrain_1_1|5249|0|2|985|2061|9856.0|1088.0|9792.0|1152.0|9823.646446609408|1119.6464466094067|0.0|0.0|0.0|QGRASS|QGRASS|1.0|1.0|0.0|0.0|0.64|grass|-|SG002321|-|1102|1|1|2061|QGRASS|-|1.0|1.0|0.0|0.0|0.0|QGRASS|-|1.0|1.0|0.0|0.0|-4.0|-4.0|0.0|0.0|512.0|512.0|512.0|512.0
UTNTSkyEdge_tntle_5250_0_terrain_1_0|5250|0|2|985|2061|9792.0|1152.0|9728.0|1088.0|9759.646446609408|1120.3535533905933|0.0|0.0|0.0|QGRASS|QGRASS|1.0|1.0|0.0|0.0|0.64|grass|-|SG002350|-|1236|1|0|2061|QGRASS|-|1.0|1.0|0.0|0.0|0.0|QGRASS|-|1.0|1.0|0.0|0.0|-4.0|-4.0|0.0|0.0|512.0|512.0|512.0|512.0
UTNTSkyEdge_tntle_5250_0_terrain_1_1|5250|0|2|985|2061|9792.0|1152.0|9728.0|1088.0|9760.353553390592|1119.6464466094067|0.0|0.0|0.0|QGRASS|QGRASS|1.0|1.0|0.0|0.0|0.64|grass|-|SG002321|-|1102|1|1|2061|QGRASS|-|1.0|1.0|0.0|0.0|0.0|QGRASS|-|1.0|1.0|0.0|0.0|-4.0|-4.0|0.0|0.0|512.0|512.0|512.0|512.0
UTNTSkyEdge_tntle_5251_0_terrain_1_0|5251|0|2|985|2061|9728.0|1088.0|9664.0|960.0|9695.5527864045|1024.2236067977499|0.0|0.0|0.0|QGRASS|QGRASS|1.0|1.0|0.0|0.0|0.64|grass|-|SG002350|-|1236|1|0|2061|QGRASS|-|1.0|1.0|0.0|0.0|0.0|QGRASS|-|1.0|1.0|0.0|0.0|-4.0|-4.0|0.0|0.0|512.0|512.0|512.0|512.0
UTNTSkyEdge_tntle_5251_0_terrain_1_1|5251|0|2|985|2061|9728.0|1088.0|9664.0|960.0|9696.4472135955|1023.77639320225|0.0|0.0|0.0|QGRASS|QGRASS|1.0|1.0|0.0|0.0|0.64|grass|-|SG002321|-|1102|1|1|2061|QGRASS|-|1.0|1.0|0.0|0.0|0.0|QGRASS|-|1.0|1.0|0.0|0.0|-4.0|-4.0|0.0|0.0|512.0|512.0|512.0|512.0
UTNTSkyEdge_tntle_5252_0_terrain_1_0|5252|0|2|985|2061|9664.0|960.0|9664.0|832.0|9663.5|896.0|0.0|0.0|0.0|QGRASS|QGRASS|1.0|1.0|0.0|0.0|0.64|grass|-|SG002350|-|1236|1|0|2061|QGRASS|-|1.0|1.0|0.0|0.0|0.0|QGRASS|-|1.0|1.0|0.0|0.0|-4.0|-4.0|0.0|0.0|512.0|512.0|512.0|512.0
UTNTSkyEdge_tntle_5252_0_terrain_1_1|5252|0|2|985|2061|9664.0|960.0|9664.0|832.0|9664.5|896.0|0.0|0.0|0.0|QGRASS|QGRASS|1.0|1.0|0.0|0.0|0.64|grass|-|SG002321|-|1102|1|1|2061|QGRASS|-|1.0|1.0|0.0|0.0|0.0|QGRASS|-|1.0|1.0|0.0|0.0|-4.0|-4.0|0.0|0.0|512.0|512.0|512.0|512.0
UTNTSkyEdge_tntle_5253_0_terrain_1_0|5253|0|2|985|2061|9664.0|832.0|9600.0|704.0|9631.5527864045|768.22360679775|0.0|0.0|0.0|QGRASS|QGRASS|1.0|1.0|0.0|0.0|0.64|grass|-|SG002350|-|1236|1|0|2061|QGRASS|-|1.0|1.0|0.0|0.0|0.0|QGRASS|-|1.0|1.0|0.0|0.0|-4.0|-4.0|0.0|0.0|512.0|512.0|512.0|512.0
UTNTSkyEdge_tntle_5253_0_terrain_1_1|5253|0|2|985|2061|9664.0|832.0|9600.0|704.0|9632.4472135955|767.77639320225|0.0|0.0|0.0|QGRASS|QGRASS|1.0|1.0|0.0|0.0|0.64|grass|-|SG002321|-|1102|1|1|2061|QGRASS|-|1.0|1.0|0.0|0.0|0.0|QGRASS|-|1.0|1.0|0.0|0.0|-4.0|-4.0|0.0|0.0|512.0|512.0|512.0|512.0
UTNTSkyEdge_tntle_5254_0_terrain_1_0|5254|0|2|985|2061|9600.0|704.0|9472.0|640.0|9535.77639320225|672.4472135955|0.0|0.0|0.0|QGRASS|QGRASS|1.0|1.0|0.0|0.0|0.64|grass|-|SG002350|-|1236|1|0|2061|QGRASS|-|1.0|1.0|0.0|0.0|0.0|QGRASS|-|1.0|1.0|0.0|0.0|-4.0|-4.0|0.0|0.0|512.0|512.0|512.0|512.0
UTNTSkyEdge_tntle_5254_0_terrain_1_1|5254|0|2|985|2061|9600.0|704.0|9472.0|640.0|9536.22360679775|671.5527864045|0.0|0.0|0.0|QGRASS|QGRASS|1.0|1.0|0.0|0.0|0.64|grass|-|SG002321|-|1102|1|1|2061|QGRASS|-|1.0|1.0|0.0|0.0|0.0|QGRASS|-|1.0|1.0|0.0|0.0|-4.0|-4.0|0.0|0.0|512.0|512.0|512.0|512.0
UTNTSkyEdge_tntle_5255_0_terrain_1_0|5255|0|2|985|2061|9472.0|640.0|9472.0|704.0|9472.5|672.0|0.0|0.0|0.0|QGRASS|QGRASS|1.0|1.0|0.0|0.0|0.64|grass|-|SG002350|-|1236|1|0|2061|QGRASS|-|1.0|1.0|0.0|0.0|0.0|QGRASS|-|1.0|1.0|0.0|0.0|-4.0|-4.0|0.0|0.0|512.0|512.0|512.0|512.0
UTNTSkyEdge_tntle_5255_0_terrain_1_1|5255|0|2|985|2061|9472.0|640.0|9472.0|704.0|9471.5|672.0|0.0|0.0|0.0|QGRASS|QGRASS|1.0|1.0|0.0|0.0|0.64|grass|-|SG002321|-|1102|1|1|2061|QGRASS|-|1.0|1.0|0.0|0.0|0.0|QGRASS|-|1.0|1.0|0.0|0.0|-4.0|-4.0|0.0|0.0|512.0|512.0|512.0|512.0
UTNTSkyEdge_tntle_5256_0_terrain_1_0|5256|0|2|985|2061|9472.0|704.0|9536.0|832.0|9504.4472135955|767.77639320225|0.0|0.0|0.0|QGRASS|QGRASS|1.0|1.0|0.0|0.0|0.64|grass|-|SG002350|-|1236|1|0|2061|QGRASS|-|1.0|1.0|0.0|0.0|0.0|QGRASS|-|1.0|1.0|0.0|0.0|-4.0|-4.0|0.0|0.0|512.0|512.0|512.0|512.0
UTNTSkyEdge_tntle_5256_0_terrain_1_1|5256|0|2|985|2061|9472.0|704.0|9536.0|832.0|9503.5527864045|768.22360679775|0.0|0.0|0.0|QGRASS|QGRASS|1.0|1.0|0.0|0.0|0.64|grass|-|SG002321|-|1102|1|1|2061|QGRASS|-|1.0|1.0|0.0|0.0|0.0|QGRASS|-|1.0|1.0|0.0|0.0|-4.0|-4.0|0.0|0.0|512.0|512.0|512.0|512.0
UTNTSkyEdge_tntle_5257_0_terrain_1_0|5257|0|2|985|2061|9536.0|832.0|9536.0|960.0|9536.5|896.0|0.0|0.0|0.0|QGRASS|QGRASS|1.0|1.0|0.0|0.0|0.64|grass|-|SG002350|-|1236|1|0|2061|QGRASS|-|1.0|1.0|0.0|0.0|0.0|QGRASS|-|1.0|1.0|0.0|0.0|-4.0|-4.0|0.0|0.0|512.0|512.0|512.0|512.0
UTNTSkyEdge_tntle_5257_0_terrain_1_1|5257|0|2|985|2061|9536.0|832.0|9536.0|960.0|9535.5|896.0|0.0|0.0|0.0|QGRASS|QGRASS|1.0|1.0|0.0|0.0|0.64|grass|-|SG002321|-|1102|1|1|2061|QGRASS|-|1.0|1.0|0.0|0.0|0.0|QGRASS|-|1.0|1.0|0.0|0.0|-4.0|-4.0|0.0|0.0|512.0|512.0|512.0|512.0
UTNTSkyEdge_tntle_5258_0_terrain_1_0|5258|0|2|985|2061|9536.0|960.0|9472.0|1088.0|9504.4472135955|1024.2236067977499|0.0|0.0|0.0|QGRASS|QGRASS|1.0|1.0|0.0|0.0|0.64|grass|-|SG002350|-|1236|1|0|2061|QGRASS|-|1.0|1.0|0.0|0.0|0.0|QGRASS|-|1.0|1.0|0.0|0.0|-4.0|-4.0|0.0|0.0|512.0|512.0|512.0|512.0
UTNTSkyEdge_tntle_5258_0_terrain_1_1|5258|0|2|985|2061|9536.0|960.0|9472.0|1088.0|9503.5527864045|1023.77639320225|0.0|0.0|0.0|QGRASS|QGRASS|1.0|1.0|0.0|0.0|0.64|grass|-|SG002321|-|1102|1|1|2061|QGRASS|-|1.0|1.0|0.0|0.0|0.0|QGRASS|-|1.0|1.0|0.0|0.0|-4.0|-4.0|0.0|0.0|512.0|512.0|512.0|512.0
UTNTSkyEdge_tntle_5259_0_terrain_1_0|5259|0|2|985|2061|9472.0|1088.0|9472.0|1152.0|9472.5|1120.0|0.0|0.0|0.0|QGRASS|QGRASS|1.0|1.0|0.0|0.0|0.64|grass|-|SG002350|-|1236|1|0|2061|QGRASS|-|1.0|1.0|0.0|0.0|0.0|QGRASS|-|1.0|1.0|0.0|0.0|-4.0|-4.0|0.0|0.0|512.0|512.0|512.0|512.0
UTNTSkyEdge_tntle_5259_0_terrain_1_1|5259|0|2|985|2061|9472.0|1088.0|9472.0|1152.0|9471.5|1120.0|0.0|0.0|0.0|QGRASS|QGRASS|1.0|1.0|0.0|0.0|0.64|grass|-|SG002321|-|1102|1|1|2061|QGRASS|-|1.0|1.0|0.0|0.0|0.0|QGRASS|-|1.0|1.0|0.0|0.0|-4.0|-4.0|0.0|0.0|512.0|512.0|512.0|512.0
UTNTSkyEdge_tntle_5389_0_terrain_1_0|5389|0|2|2061|1002|9776.0|720.0|9840.0|624.0|9807.58397485283|671.7226499018874|56.0|56.0|56.0|QROCK3|QROCK3X8|1.0|1.0|161.377640815|72.0|8|rock|-|SG002157|-|1102|1|0|1002|XA11TEX|-|1.0|1.0|0.0|0.0|0.0|QROCK3X8|-|1.0|1.0|161.377640815|72.0|0.0|0.0|56.0|56.0|512.0|512.0|512.0|512.0
UTNTSkyEdge_tntle_5389_0_terrain_1_1|5389|0|2|2061|1002|9776.0|720.0|9840.0|624.0|9808.41602514717|672.2773500981126|56.0|56.0|56.0|QROCK3|XA11TEX|1.0|1.0|0.0|0.0|8|gravel|-|SG002351|-|1237|1|1|1002|XA11TEX|-|1.0|1.0|0.0|0.0|0.0|QROCK3X8|-|1.0|1.0|161.377640815|72.0|0.0|0.0|56.0|56.0|512.0|512.0|512.0|512.0
UTNTSkyEdge_tntle_5390_0_terrain_1_0|5390|0|2|2061|1002|9840.0|624.0|9904.0|624.0|9872.0|623.5|56.0|56.0|56.0|QROCK3|QROCK3X8|1.0|1.0|276.75528163|72.0|8|rock|-|SG002157|-|1102|1|0|1002|XA11TEX|-|1.0|1.0|0.0|0.0|0.0|QROCK3X8|-|1.0|1.0|276.75528163|72.0|0.0|0.0|56.0|56.0|512.0|512.0|512.0|512.0
UTNTSkyEdge_tntle_5390_0_terrain_1_1|5390|0|2|2061|1002|9840.0|624.0|9904.0|624.0|9872.0|624.5|56.0|56.0|56.0|QROCK3|XA11TEX|1.0|1.0|0.0|0.0|8|gravel|-|SG002351|-|1237|1|1|1002|XA11TEX|-|1.0|1.0|0.0|0.0|0.0|QROCK3X8|-|1.0|1.0|276.75528163|72.0|0.0|0.0|56.0|56.0|512.0|512.0|512.0|512.0
UTNTSkyEdge_tntle_5391_0_terrain_1_0|5391|0|2|2061|1002|9904.0|624.0|10064.0|560.0|9983.814304661822|591.5357616545574|56.0|56.0|56.0|QROCK3|QROCK3X8|1.0|1.0|340.75528163|72.0|8|rock|-|SG002157|-|1102|1|0|1002|XA11TEX|-|1.0|1.0|0.0|0.0|0.0|QROCK3X8|-|1.0|1.0|340.75528163|72.0|0.0|0.0|56.0|56.0|512.0|512.0|512.0|512.0
UTNTSkyEdge_tntle_5391_0_terrain_1_1|5391|0|2|2061|1002|9904.0|624.0|10064.0|560.0|9984.185695338178|592.4642383454426|56.0|56.0|56.0|QROCK3|XA11TEX|1.0|1.0|0.0|0.0|8|gravel|-|SG002351|-|1237|1|1|1002|XA11TEX|-|1.0|1.0|0.0|0.0|0.0|QROCK3X8|-|1.0|1.0|340.75528163|72.0|0.0|0.0|56.0|56.0|512.0|512.0|512.0|512.0
UTNTSkyEdge_tntle_5392_0_terrain_1_0|5392|0|2|2061|1002|10064.0|560.0|10128.0|624.0|10096.353553390592|591.6464466094068|56.0|56.0|56.0|QROCK3|QROCK3X8|1.0|1.0|513.080555458|72.0|8|rock|-|SG002157|-|1102|1|0|1002|XA11TEX|-|1.0|1.0|0.0|0.0|0.0|QROCK3X8|-|1.0|1.0|513.080555458|72.0|0.0|0.0|56.0|56.0|512.0|512.0|512.0|512.0
UTNTSkyEdge_tntle_5392_0_terrain_1_1|5392|0|2|2061|1002|10064.0|560.0|10128.0|624.0|10095.646446609408|592.3535533905932|56.0|56.0|56.0|QROCK3|XA11TEX|1.0|1.0|0.0|0.0|8|gravel|-|SG002351|-|1237|1|1|1002|XA11TEX|-|1.0|1.0|0.0|0.0|0.0|QROCK3X8|-|1.0|1.0|513.080555458|72.0|0.0|0.0|56.0|56.0|512.0|512.0|512.0|512.0
UTNTSkyEdge_tntle_5393_0_terrain_1_0|5393|0|2|2061|1002|10128.0|624.0|10096.0|688.0|10112.4472135955|656.22360679775|56.0|56.0|56.0|QROCK3|QROCK3X8|1.0|1.0|603.59022345|72.0|8|rock|-|SG002157|-|1102|1|0|1002|XA11TEX|-|1.0|1.0|0.0|0.0|0.0|QROCK3X8|-|1.0|1.0|603.59022345|72.0|0.0|0.0|56.0|56.0|512.0|512.0|512.0|512.0
UTNTSkyEdge_tntle_5393_0_terrain_1_1|5393|0|2|2061|1002|10128.0|624.0|10096.0|688.0|10111.5527864045|655.77639320225|56.0|56.0|56.0|QROCK3|XA11TEX|1.0|1.0|0.0|0.0|8|gravel|-|SG002351|-|1237|1|1|1002|XA11TEX|-|1.0|1.0|0.0|0.0|0.0|QROCK3X8|-|1.0|1.0|603.59022345|72.0|0.0|0.0|56.0|56.0|512.0|512.0|512.0|512.0
UTNTSkyEdge_tntle_5394_0_terrain_1_0|5394|0|2|2061|1002|10096.0|688.0|10032.0|816.0|10064.4472135955|752.22360679775|56.0|56.0|56.0|QROCK3|QROCK3X8|1.0|1.0|675.14439873|72.0|8|rock|-|SG002157|-|1102|1|0|1002|XA11TEX|-|1.0|1.0|0.0|0.0|0.0|QROCK3X8|-|1.0|1.0|675.14439873|72.0|0.0|0.0|56.0|56.0|512.0|512.0|512.0|512.0
UTNTSkyEdge_tntle_5394_0_terrain_1_1|5394|0|2|2061|1002|10096.0|688.0|10032.0|816.0|10063.5527864045|751.77639320225|56.0|56.0|56.0|QROCK3|XA11TEX|1.0|1.0|0.0|0.0|8|gravel|-|SG002351|-|1237|1|1|1002|XA11TEX|-|1.0|1.0|0.0|0.0|0.0|QROCK3X8|-|1.0|1.0|675.14439873|72.0|0.0|0.0|56.0|56.0|512.0|512.0|512.0|512.0
UTNTSkyEdge_tntle_5395_0_terrain_1_0|5395|0|2|2061|1002|10032.0|816.0|9936.0|784.0|9983.841886116992|800.4743416490253|56.0|56.0|56.0|QROCK3|QROCK3X8|1.0|1.0|818.25274929|72.0|8|rock|-|SG002157|-|1102|1|0|1002|XA11TEX|-|1.0|1.0|0.0|0.0|0.0|QROCK3X8|-|1.0|1.0|818.25274929|72.0|0.0|0.0|56.0|56.0|512.0|512.0|512.0|512.0
UTNTSkyEdge_tntle_5395_0_terrain_1_1|5395|0|2|2061|1002|10032.0|816.0|9936.0|784.0|9984.158113883008|799.5256583509747|56.0|56.0|56.0|QROCK3|XA11TEX|1.0|1.0|0.0|0.0|8|gravel|-|SG002351|-|1237|1|1|1002|XA11TEX|-|1.0|1.0|0.0|0.0|0.0|QROCK3X8|-|1.0|1.0|818.25274929|72.0|0.0|0.0|56.0|56.0|512.0|512.0|512.0|512.0
UTNTSkyEdge_tntle_5396_0_terrain_1_0|5396|0|2|2061|1002|9936.0|784.0|9872.0|816.0|9904.22360679775|800.4472135955|56.0|56.0|56.0|QROCK3|QROCK3X8|1.0|1.0|919.445634415|72.0|8|rock|-|SG002157|-|1102|1|0|1002|XA11TEX|-|1.0|1.0|0.0|0.0|0.0|QROCK3X8|-|1.0|1.0|919.445634415|72.0|0.0|0.0|56.0|56.0|512.0|512.0|512.0|512.0
UTNTSkyEdge_tntle_5396_0_terrain_1_1|5396|0|2|2061|1002|9936.0|784.0|9872.0|816.0|9903.77639320225|799.5527864045|56.0|56.0|56.0|QROCK3|XA11TEX|1.0|1.0|0.0|0.0|8|gravel|-|SG002351|-|1237|1|1|1002|XA11TEX|-|1.0|1.0|0.0|0.0|0.0|QROCK3X8|-|1.0|1.0|919.445634415|72.0|0.0|0.0|56.0|56.0|512.0|512.0|512.0|512.0
UTNTSkyEdge_tntle_5397_0_terrain_1_0|5397|0|2|2061|1002|9872.0|816.0|9808.0|880.0|9840.353553390592|848.3535533905932|56.0|56.0|56.0|QROCK3|QROCK3X8|1.0|1.0|990.999809695|72.0|8|rock|-|SG002157|-|1102|1|0|1002|XA11TEX|-|1.0|1.0|0.0|0.0|0.0|QROCK3X8|-|1.0|1.0|990.999809695|72.0|0.0|0.0|56.0|56.0|512.0|512.0|512.0|512.0
UTNTSkyEdge_tntle_5397_0_terrain_1_1|5397|0|2|2061|1002|9872.0|816.0|9808.0|880.0|9839.646446609408|847.6464466094068|56.0|56.0|56.0|QROCK3|XA11TEX|1.0|1.0|0.0|0.0|8|gravel|-|SG002351|-|1237|1|1|1002|XA11TEX|-|1.0|1.0|0.0|0.0|0.0|QROCK3X8|-|1.0|1.0|990.999809695|72.0|0.0|0.0|56.0|56.0|512.0|512.0|512.0|512.0
UTNTSkyEdge_tntle_5398_0_terrain_1_0|5398|0|2|2061|1002|9808.0|880.0|9744.0|816.0|9775.646446609408|848.3535533905932|56.0|56.0|56.0|QROCK3|QROCK3X8|1.0|1.0|57.509477687|72.0|8|rock|-|SG002157|-|1102|1|0|1002|XA11TEX|-|1.0|1.0|0.0|0.0|0.0|QROCK3X8|-|1.0|1.0|57.509477687|72.0|0.0|0.0|56.0|56.0|512.0|512.0|512.0|512.0
UTNTSkyEdge_tntle_5398_0_terrain_1_1|5398|0|2|2061|1002|9808.0|880.0|9744.0|816.0|9776.353553390592|847.6464466094068|56.0|56.0|56.0|QROCK3|XA11TEX|1.0|1.0|0.0|0.0|8|gravel|-|SG002351|-|1237|1|1|1002|XA11TEX|-|1.0|1.0|0.0|0.0|0.0|QROCK3X8|-|1.0|1.0|57.509477687|72.0|0.0|0.0|56.0|56.0|512.0|512.0|512.0|512.0
UTNTSkyEdge_tntle_5399_0_terrain_1_0|5399|0|2|2061|1002|9744.0|816.0|9680.0|784.0|9711.77639320225|800.4472135955|56.0|56.0|56.0|QROCK3|QROCK3X8|1.0|1.0|148.019145679|72.0|8|rock|-|SG002157|-|1102|1|0|1002|XA11TEX|-|1.0|1.0|0.0|0.0|0.0|QROCK3X8|-|1.0|1.0|148.019145679|72.0|0.0|0.0|56.0|56.0|512.0|512.0|512.0|512.0
UTNTSkyEdge_tntle_5399_0_terrain_1_1|5399|0|2|2061|1002|9744.0|816.0|9680.0|784.0|9712.22360679775|799.5527864045|56.0|56.0|56.0|QROCK3|XA11TEX|1.0|1.0|0.0|0.0|8|gravel|-|SG002351|-|1237|1|1|1002|XA11TEX|-|1.0|1.0|0.0|0.0|0.0|QROCK3X8|-|1.0|1.0|148.019145679|72.0|0.0|0.0|56.0|56.0|512.0|512.0|512.0|512.0
UTNTSkyEdge_tntle_5400_0_terrain_1_0|5400|0|2|2061|1002|9680.0|784.0|9776.0|720.0|9727.722649901887|751.583974852831|56.0|56.0|56.0|QROCK3|QROCK3X8|1.0|1.0|46.0|72.0|8|rock|-|SG002157|-|1102|1|0|1002|XA11TEX|-|1.0|1.0|0.0|0.0|0.0|QROCK3X8|-|1.0|1.0|46.0|72.0|0.0|0.0|56.0|56.0|512.0|512.0|512.0|512.0
UTNTSkyEdge_tntle_5400_0_terrain_1_1|5400|0|2|2061|1002|9680.0|784.0|9776.0|720.0|9728.277350098113|752.416025147169|56.0|56.0|56.0|QROCK3|XA11TEX|1.0|1.0|0.0|0.0|8|gravel|-|SG002351|-|1237|1|1|1002|XA11TEX|-|1.0|1.0|0.0|0.0|0.0|QROCK3X8|-|1.0|1.0|46.0|72.0|0.0|0.0|56.0|56.0|512.0|512.0|512.0|512.0
UTNTSkyEdge_tntle_5401_1_terrain_1_0|5401|1|2|1002|1003|9744.0|800.0|9712.0|784.0|9727.77639320225|792.4472135955|64.0|64.0|64.0|RROCK19|XA35TEX|1.0|1.0|394.736148178|64.0|1.28|soil|-|SG002352|-|1237|1|0|1003|XA35TEX|-|1.0|1.0|0.0|0.0|0.0|XA35TEX|-|1.0|1.0|394.736148178|64.0|56.0|56.0|64.0|64.0|512.0|512.0|512.0|512.0
UTNTSkyEdge_tntle_5401_1_terrain_1_1|5401|1|2|1002|1003|9744.0|800.0|9712.0|784.0|9728.22360679775|791.5527864045|64.0|64.0|64.0|RROCK19|XA35TEX|1.0|1.0|0.0|0.0|1.28|soil|-|SG002353|-|1238|1|1|1003|XA35TEX|-|1.0|1.0|0.0|0.0|0.0|XA35TEX|-|1.0|1.0|394.736148178|64.0|56.0|56.0|64.0|64.0|512.0|512.0|512.0|512.0
UTNTSkyEdge_tntle_5402_1_terrain_1_0|5402|1|2|1002|1003|9808.0|864.0|9744.0|800.0|9775.646446609408|832.3535533905932|64.0|64.0|64.0|RROCK19|XA35TEX|1.0|1.0|304.226480186|64.0|1.28|soil|-|SG002352|-|1237|1|0|1003|XA35TEX|-|1.0|1.0|0.0|0.0|0.0|XA35TEX|-|1.0|1.0|304.226480186|64.0|56.0|56.0|64.0|64.0|512.0|512.0|512.0|512.0
UTNTSkyEdge_tntle_5402_1_terrain_1_1|5402|1|2|1002|1003|9808.0|864.0|9744.0|800.0|9776.353553390592|831.6464466094068|64.0|64.0|64.0|RROCK19|XA35TEX|1.0|1.0|0.0|0.0|1.28|soil|-|SG002353|-|1238|1|1|1003|XA35TEX|-|1.0|1.0|0.0|0.0|0.0|XA35TEX|-|1.0|1.0|304.226480186|64.0|56.0|56.0|64.0|64.0|512.0|512.0|512.0|512.0
UTNTSkyEdge_tntle_5403_1_terrain_1_0|5403|1|2|1002|1003|9872.0|800.0|9808.0|864.0|9840.353553390592|832.3535533905932|64.0|64.0|64.0|RROCK19|XA35TEX|1.0|1.0|213.716812194|64.0|1.28|soil|-|SG002352|-|1237|1|0|1003|XA35TEX|-|1.0|1.0|0.0|0.0|0.0|XA35TEX|-|1.0|1.0|213.716812194|64.0|56.0|56.0|64.0|64.0|512.0|512.0|512.0|512.0
UTNTSkyEdge_tntle_5403_1_terrain_1_1|5403|1|2|1002|1003|9872.0|800.0|9808.0|864.0|9839.646446609408|831.6464466094068|64.0|64.0|64.0|RROCK19|XA35TEX|1.0|1.0|0.0|0.0|1.28|soil|-|SG002353|-|1238|1|1|1003|XA35TEX|-|1.0|1.0|0.0|0.0|0.0|XA35TEX|-|1.0|1.0|213.716812194|64.0|56.0|56.0|64.0|64.0|512.0|512.0|512.0|512.0
UTNTSkyEdge_tntle_5404_1_terrain_1_0|5404|1|2|1002|1003|9936.0|768.0|9872.0|800.0|9904.22360679775|784.4472135955|64.0|64.0|64.0|RROCK19|XA35TEX|1.0|1.0|142.162636914|64.0|1.28|soil|-|SG002352|-|1237|1|0|1003|XA35TEX|-|1.0|1.0|0.0|0.0|0.0|XA35TEX|-|1.0|1.0|142.162636914|64.0|56.0|56.0|64.0|64.0|512.0|512.0|512.0|512.0
UTNTSkyEdge_tntle_5404_1_terrain_1_1|5404|1|2|1002|1003|9936.0|768.0|9872.0|800.0|9903.77639320225|783.5527864045|64.0|64.0|64.0|RROCK19|XA35TEX|1.0|1.0|0.0|0.0|1.28|soil|-|SG002353|-|1238|1|1|1003|XA35TEX|-|1.0|1.0|0.0|0.0|0.0|XA35TEX|-|1.0|1.0|142.162636914|64.0|56.0|56.0|64.0|64.0|512.0|512.0|512.0|512.0
UTNTSkyEdge_tntle_5405_1_terrain_1_0|5405|1|2|1002|1003|10016.0|800.0|9936.0|768.0|9975.814304661822|784.4642383454426|64.0|64.0|64.0|RROCK19|XA35TEX|1.0|1.0|56.0|64.0|1.28|soil|-|SG002352|-|1237|1|0|1003|XA35TEX|-|1.0|1.0|0.0|0.0|0.0|XA35TEX|-|1.0|1.0|56.0|64.0|56.0|56.0|64.0|64.0|512.0|512.0|512.0|512.0
UTNTSkyEdge_tntle_5405_1_terrain_1_1|5405|1|2|1002|1003|10016.0|800.0|9936.0|768.0|9976.185695338178|783.5357616545574|64.0|64.0|64.0|RROCK19|XA35TEX|1.0|1.0|0.0|0.0|1.28|soil|-|SG002353|-|1238|1|1|1003|XA35TEX|-|1.0|1.0|0.0|0.0|0.0|XA35TEX|-|1.0|1.0|56.0|64.0|56.0|56.0|64.0|64.0|512.0|512.0|512.0|512.0
UTNTSkyEdge_tntle_5407_1_terrain_1_0|5407|1|2|1002|1003|10112.0|624.0|10064.0|720.0|10088.4472135955|672.22360679775|64.0|64.0|64.0|RROCK19|XA35TEX|1.0|1.0|418.465978757|64.0|1.28|soil|-|SG002352|-|1237|1|0|1003|XA35TEX|-|1.0|1.0|0.0|0.0|0.0|XA35TEX|-|1.0|1.0|418.465978757|64.0|56.0|56.0|64.0|64.0|512.0|512.0|512.0|512.0
UTNTSkyEdge_tntle_5407_1_terrain_1_1|5407|1|2|1002|1003|10112.0|624.0|10064.0|720.0|10087.5527864045|671.77639320225|64.0|64.0|64.0|RROCK19|XA35TEX|1.0|1.0|0.0|0.0|1.28|soil|-|SG002353|-|1238|1|1|1003|XA35TEX|-|1.0|1.0|0.0|0.0|0.0|XA35TEX|-|1.0|1.0|418.465978757|64.0|56.0|56.0|64.0|64.0|512.0|512.0|512.0|512.0
UTNTSkyEdge_tntle_5408_1_terrain_1_0|5408|1|2|1002|1003|10064.0|576.0|10112.0|624.0|10088.353553390592|599.6464466094068|64.0|64.0|64.0|RROCK19|XA35TEX|1.0|1.0|350.583727763|64.0|1.28|soil|-|SG002352|-|1237|1|0|1003|XA35TEX|-|1.0|1.0|0.0|0.0|0.0|XA35TEX|-|1.0|1.0|350.583727763|64.0|56.0|56.0|64.0|64.0|512.0|512.0|512.0|512.0
UTNTSkyEdge_tntle_5408_1_terrain_1_1|5408|1|2|1002|1003|10064.0|576.0|10112.0|624.0|10087.646446609408|600.3535533905932|64.0|64.0|64.0|RROCK19|XA35TEX|1.0|1.0|0.0|0.0|1.28|soil|-|SG002353|-|1238|1|1|1003|XA35TEX|-|1.0|1.0|0.0|0.0|0.0|XA35TEX|-|1.0|1.0|350.583727763|64.0|56.0|56.0|64.0|64.0|512.0|512.0|512.0|512.0
UTNTSkyEdge_tntle_5409_1_terrain_1_0|5409|1|2|1002|1003|9904.0|640.0|10064.0|576.0|9983.814304661822|607.5357616545574|64.0|64.0|64.0|RROCK19|XA35TEX|1.0|1.0|178.258453934|64.0|1.28|soil|-|SG002352|-|1237|1|0|1003|XA35TEX|-|1.0|1.0|0.0|0.0|0.0|XA35TEX|-|1.0|1.0|178.258453934|64.0|56.0|56.0|64.0|64.0|512.0|512.0|512.0|512.0
UTNTSkyEdge_tntle_5409_1_terrain_1_1|5409|1|2|1002|1003|9904.0|640.0|10064.0|576.0|9984.185695338178|608.4642383454426|64.0|64.0|64.0|RROCK19|XA35TEX|1.0|1.0|0.0|0.0|1.28|soil|-|SG002353|-|1238|1|1|1003|XA35TEX|-|1.0|1.0|0.0|0.0|0.0|XA35TEX|-|1.0|1.0|178.258453934|64.0|56.0|56.0|64.0|64.0|512.0|512.0|512.0|512.0
UTNTSkyEdge_tntle_5410_1_terrain_1_0|5410|1|2|1002|1003|9840.0|640.0|9904.0|640.0|9872.0|639.5|64.0|64.0|64.0|RROCK19|XA35TEX|1.0|1.0|114.258453934|64.0|1.28|soil|-|SG002352|-|1237|1|0|1003|XA35TEX|-|1.0|1.0|0.0|0.0|0.0|XA35TEX|-|1.0|1.0|114.258453934|64.0|56.0|56.0|64.0|64.0|512.0|512.0|512.0|512.0
UTNTSkyEdge_tntle_5410_1_terrain_1_1|5410|1|2|1002|1003|9840.0|640.0|9904.0|640.0|9872.0|640.5|64.0|64.0|64.0|RROCK19|XA35TEX|1.0|1.0|0.0|0.0|1.28|soil|-|SG002353|-|1238|1|1|1003|XA35TEX|-|1.0|1.0|0.0|0.0|0.0|XA35TEX|-|1.0|1.0|114.258453934|64.0|56.0|56.0|64.0|64.0|512.0|512.0|512.0|512.0
UTNTSkyEdge_tntle_5411_1_terrain_1_0|5411|1|2|1002|1003|9792.0|720.0|9840.0|640.0|9815.571253537144|679.7427521222862|64.0|64.0|64.0|RROCK19|XA35TEX|1.0|1.0|20.963223617|64.0|1.28|soil|-|SG002352|-|1237|1|0|1003|XA35TEX|-|1.0|1.0|0.0|0.0|0.0|XA35TEX|-|1.0|1.0|20.963223617|64.0|56.0|56.0|64.0|64.0|512.0|512.0|512.0|512.0
UTNTSkyEdge_tntle_5411_1_terrain_1_1|5411|1|2|1002|1003|9792.0|720.0|9840.0|640.0|9816.428746462856|680.2572478777138|64.0|64.0|64.0|RROCK19|XA35TEX|1.0|1.0|0.0|0.0|1.28|soil|-|SG002353|-|1238|1|1|1003|XA35TEX|-|1.0|1.0|0.0|0.0|0.0|XA35TEX|-|1.0|1.0|20.963223617|64.0|56.0|56.0|64.0|64.0|512.0|512.0|512.0|512.0
UTNTSkyEdge_tntle_5412_1_terrain_1_0|5412|1|2|1002|1003|9712.0|784.0|9792.0|720.0|9751.687652476223|751.6095655952785|64.0|64.0|64.0|RROCK19|XA35TEX|1.0|1.0|430.513235818|64.0|1.28|soil|-|SG002352|-|1237|1|0|1003|XA35TEX|-|1.0|1.0|0.0|0.0|0.0|XA35TEX|-|1.0|1.0|430.513235818|64.0|56.0|56.0|64.0|64.0|512.0|512.0|512.0|512.0
UTNTSkyEdge_tntle_5412_1_terrain_1_1|5412|1|2|1002|1003|9712.0|784.0|9792.0|720.0|9752.312347523777|752.3904344047215|64.0|64.0|64.0|RROCK19|XA35TEX|1.0|1.0|0.0|0.0|1.28|soil|-|SG002353|-|1238|1|1|1003|XA35TEX|-|1.0|1.0|0.0|0.0|0.0|XA35TEX|-|1.0|1.0|430.513235818|64.0|56.0|56.0|64.0|64.0|512.0|512.0|512.0|512.0
UTNTSkyEdge_tntle_5413_1_terrain_1_0|5413|1|2|1003|1001|9920.0|704.0|9936.0|656.0|9927.525658350974|679.8418861169915|112.0|112.0|112.0|QROCK3|QROCK3X8|1.0|1.0|200.586096916|16.0|7.68|rock|-|SG002354|-|1238|1|0|1001|XA11TEX|-|1.0|1.0|0.0|0.0|0.0|QROCK3X8|-|1.0|1.0|200.586096916|16.0|64.0|64.0|112.0|112.0|512.0|512.0|512.0|512.0
UTNTSkyEdge_tntle_5413_1_terrain_1_1|5413|1|2|1003|1001|9920.0|704.0|9936.0|656.0|9928.474341649026|680.1581138830085|112.0|112.0|112.0|QROCK3|XA11TEX|1.0|1.0|0.0|0.0|7.68|gravel|-|SG002355|-|1239|1|1|1001|XA11TEX|-|1.0|1.0|0.0|0.0|0.0|QROCK3X8|-|1.0|1.0|200.586096916|16.0|64.0|64.0|112.0|112.0|512.0|512.0|512.0|512.0
UTNTSkyEdge_tntle_5414_1_terrain_1_0|5414|1|2|1003|1001|9984.0|736.0|9920.0|704.0|9951.77639320225|720.4472135955|112.0|112.0|112.0|QROCK3|QROCK3X8|1.0|1.0|129.031921636|16.0|7.68|rock|-|SG002354|-|1238|1|0|1001|XA11TEX|-|1.0|1.0|0.0|0.0|0.0|QROCK3X8|-|1.0|1.0|129.031921636|16.0|64.0|64.0|112.0|112.0|512.0|512.0|512.0|512.0
UTNTSkyEdge_tntle_5414_1_terrain_1_1|5414|1|2|1003|1001|9984.0|736.0|9920.0|704.0|9952.22360679775|719.5527864045|112.0|112.0|112.0|QROCK3|XA11TEX|1.0|1.0|0.0|0.0|7.68|gravel|-|SG002355|-|1239|1|1|1001|XA11TEX|-|1.0|1.0|0.0|0.0|0.0|QROCK3X8|-|1.0|1.0|129.031921636|16.0|64.0|64.0|112.0|112.0|512.0|512.0|512.0|512.0
UTNTSkyEdge_tntle_5415_1_terrain_1_0|5415|1|2|1003|1001|10016.0|704.0|9984.0|736.0|10000.353553390592|720.3535533905932|112.0|112.0|112.0|QROCK3|QROCK3X8|1.0|1.0|83.77708764|16.0|7.68|rock|-|SG002354|-|1238|1|0|1001|XA11TEX|-|1.0|1.0|0.0|0.0|0.0|QROCK3X8|-|1.0|1.0|83.77708764|16.0|64.0|64.0|112.0|112.0|512.0|512.0|512.0|512.0
UTNTSkyEdge_tntle_5415_1_terrain_1_1|5415|1|2|1003|1001|10016.0|704.0|9984.0|736.0|9999.646446609408|719.6464466094068|112.0|112.0|112.0|QROCK3|XA11TEX|1.0|1.0|0.0|0.0|7.68|gravel|-|SG002355|-|1239|1|1|1001|XA11TEX|-|1.0|1.0|0.0|0.0|0.0|QROCK3X8|-|1.0|1.0|83.77708764|16.0|64.0|64.0|112.0|112.0|512.0|512.0|512.0|512.0
UTNTSkyEdge_tntle_5416_1_terrain_1_0|5416|1|2|1003|1001|10048.0|688.0|10016.0|704.0|10032.22360679775|696.4472135955|112.0|112.0|112.0|QROCK3|QROCK3X8|1.0|1.0|48.0|16.0|7.68|rock|-|SG002354|-|1238|1|0|1001|XA11TEX|-|1.0|1.0|0.0|0.0|0.0|QROCK3X8|-|1.0|1.0|48.0|16.0|64.0|64.0|112.0|112.0|512.0|512.0|512.0|512.0
UTNTSkyEdge_tntle_5416_1_terrain_1_1|5416|1|2|1003|1001|10048.0|688.0|10016.0|704.0|10031.77639320225|695.5527864045|112.0|112.0|112.0|QROCK3|XA11TEX|1.0|1.0|0.0|0.0|7.68|gravel|-|SG002355|-|1239|1|1|1001|XA11TEX|-|1.0|1.0|0.0|0.0|0.0|QROCK3X8|-|1.0|1.0|48.0|16.0|64.0|64.0|112.0|112.0|512.0|512.0|512.0|512.0
UTNTSkyEdge_tntle_5417_1_terrain_1_0|5417|1|2|1003|1001|10048.0|640.0|10048.0|688.0|10048.5|664.0|112.0|112.0|112.0|QROCK3|QROCK3X8|1.0|1.0|0.0|16.0|7.68|rock|-|SG002354|-|1238|1|0|1001|XA11TEX|-|1.0|1.0|0.0|0.0|0.0|QROCK3X8|-|1.0|1.0|0.0|16.0|64.0|64.0|112.0|112.0|512.0|512.0|512.0|512.0
UTNTSkyEdge_tntle_5417_1_terrain_1_1|5417|1|2|1003|1001|10048.0|640.0|10048.0|688.0|10047.5|664.0|112.0|112.0|112.0|QROCK3|XA11TEX|1.0|1.0|0.0|0.0|7.68|gravel|-|SG002355|-|1239|1|1|1001|XA11TEX|-|1.0|1.0|0.0|0.0|0.0|QROCK3X8|-|1.0|1.0|0.0|16.0|64.0|64.0|112.0|112.0|512.0|512.0|512.0|512.0
UTNTSkyEdge_tntle_5418_1_terrain_1_0|5418|1|2|1003|1001|10016.0|640.0|10048.0|640.0|10032.0|639.5|112.0|112.0|112.0|QROCK3|QROCK3X8|1.0|1.0|332.766851696|16.0|7.68|rock|-|SG002354|-|1238|1|0|1001|XA11TEX|-|1.0|1.0|0.0|0.0|0.0|QROCK3X8|-|1.0|1.0|332.766851696|16.0|64.0|64.0|112.0|112.0|512.0|512.0|512.0|512.0
UTNTSkyEdge_tntle_5418_1_terrain_1_1|5418|1|2|1003|1001|10016.0|640.0|10048.0|640.0|10032.0|640.5|112.0|112.0|112.0|QROCK3|XA11TEX|1.0|1.0|0.0|0.0|7.68|gravel|-|SG002355|-|1239|1|1|1001|XA11TEX|-|1.0|1.0|0.0|0.0|0.0|QROCK3X8|-|1.0|1.0|332.766851696|16.0|64.0|64.0|112.0|112.0|512.0|512.0|512.0|512.0
UTNTSkyEdge_tntle_5419_1_terrain_1_0|5419|1|2|1003|1001|9936.0|656.0|10016.0|640.0|9975.90194193243|647.5097096621546|112.0|112.0|112.0|QROCK3|QROCK3X8|1.0|1.0|251.182539479|16.0|7.68|rock|-|SG002354|-|1238|1|0|1001|XA11TEX|-|1.0|1.0|0.0|0.0|0.0|QROCK3X8|-|1.0|1.0|251.182539479|16.0|64.0|64.0|112.0|112.0|512.0|512.0|512.0|512.0
UTNTSkyEdge_tntle_5419_1_terrain_1_1|5419|1|2|1003|1001|9936.0|656.0|10016.0|640.0|9976.09805806757|648.4902903378454|112.0|112.0|112.0|QROCK3|XA11TEX|1.0|1.0|0.0|0.0|7.68|gravel|-|SG002355|-|1239|1|1|1001|XA11TEX|-|1.0|1.0|0.0|0.0|0.0|QROCK3X8|-|1.0|1.0|251.182539479|16.0|64.0|64.0|112.0|112.0|512.0|512.0|512.0|512.0
UTNTSkyEdge_tntle_5640_0_terrain_1_0|5640|0|2|984|1939|8016.0|-80.0|8096.0|-16.0|8056.312347523777|-48.39043440472152|0.0|0.0|0.0|QGRASS|QGRASS|1.0|1.0|0.0|0.0|0.64|grass|-|SG002349|-|1235|1|0|1939|QGRASS|-|1.0|1.0|0.0|0.0|0.0|QGRASS|-|1.0|1.0|0.0|0.0|-4.0|-4.0|0.0|0.0|512.0|512.0|512.0|512.0
UTNTSkyEdge_tntle_5640_0_terrain_1_1|5640|0|2|984|1939|8016.0|-80.0|8096.0|-16.0|8055.687652476223|-47.60956559527848|0.0|0.0|0.0|QGRASS|QGRASS|1.0|1.0|0.0|0.0|0.64|grass|-|SG002319|-|1096|1|1|1939|QGRASS|-|1.0|1.0|0.0|0.0|0.0|QGRASS|-|1.0|1.0|0.0|0.0|-4.0|-4.0|0.0|0.0|512.0|512.0|512.0|512.0
UTNTSkyEdge_tntle_5641_0_terrain_1_0|5641|0|2|984|1939|7968.0|-192.0|8016.0|-80.0|7992.459572515009|-136.1969596492896|0.0|0.0|0.0|QGRASS|QGRASS|1.0|1.0|0.0|0.0|0.64|grass|-|SG002349|-|1235|1|0|1939|QGRASS|-|1.0|1.0|0.0|0.0|0.0|QGRASS|-|1.0|1.0|0.0|0.0|-4.0|-4.0|0.0|0.0|512.0|512.0|512.0|512.0
UTNTSkyEdge_tntle_5641_0_terrain_1_1|5641|0|2|984|1939|7968.0|-192.0|8016.0|-80.0|7991.540427484991|-135.8030403507104|0.0|0.0|0.0|QGRASS|QGRASS|1.0|1.0|0.0|0.0|0.64|grass|-|SG002319|-|1096|1|1|1939|QGRASS|-|1.0|1.0|0.0|0.0|0.0|QGRASS|-|1.0|1.0|0.0|0.0|-4.0|-4.0|0.0|0.0|512.0|512.0|512.0|512.0
UTNTSkyEdge_tntle_5642_0_terrain_1_0|5642|0|2|984|1939|8032.0|-272.0|7968.0|-192.0|8000.390434404721|-231.68765247622278|0.0|0.0|0.0|QGRASS|QGRASS|1.0|1.0|0.0|0.0|0.64|grass|-|SG002349|-|1235|1|0|1939|QGRASS|-|1.0|1.0|0.0|0.0|0.0|QGRASS|-|1.0|1.0|0.0|0.0|-4.0|-4.0|0.0|0.0|512.0|512.0|512.0|512.0
UTNTSkyEdge_tntle_5642_0_terrain_1_1|5642|0|2|984|1939|8032.0|-272.0|7968.0|-192.0|7999.609565595279|-232.31234752377722|0.0|0.0|0.0|QGRASS|QGRASS|1.0|1.0|0.0|0.0|0.64|grass|-|SG002319|-|1096|1|1|1939|QGRASS|-|1.0|1.0|0.0|0.0|0.0|QGRASS|-|1.0|1.0|0.0|0.0|-4.0|-4.0|0.0|0.0|512.0|512.0|512.0|512.0
UTNTSkyEdge_tntle_5643_0_terrain_1_0|5643|0|2|984|1939|8176.0|-320.0|8032.0|-272.0|8104.158113883009|-295.52565835097477|0.0|0.0|0.0|QGRASS|QGRASS|1.0|1.0|0.0|0.0|0.64|grass|-|SG002349|-|1235|1|0|1939|QGRASS|-|1.0|1.0|0.0|0.0|0.0|QGRASS|-|1.0|1.0|0.0|0.0|-4.0|-4.0|0.0|0.0|512.0|512.0|512.0|512.0
UTNTSkyEdge_tntle_5643_0_terrain_1_1|5643|0|2|984|1939|8176.0|-320.0|8032.0|-272.0|8103.841886116991|-296.47434164902523|0.0|0.0|0.0|QGRASS|QGRASS|1.0|1.0|0.0|0.0|0.64|grass|-|SG002319|-|1096|1|1|1939|QGRASS|-|1.0|1.0|0.0|0.0|0.0|QGRASS|-|1.0|1.0|0.0|0.0|-4.0|-4.0|0.0|0.0|512.0|512.0|512.0|512.0
UTNTSkyEdge_tntle_5644_0_terrain_1_0|5644|0|2|984|1939|8272.0|-352.0|8176.0|-320.0|8224.158113883008|-335.52565835097477|0.0|0.0|0.0|QGRASS|QGRASS|1.0|1.0|0.0|0.0|0.64|grass|-|SG002349|-|1235|1|0|1939|QGRASS|-|1.0|1.0|0.0|0.0|0.0|QGRASS|-|1.0|1.0|0.0|0.0|-4.0|-4.0|0.0|0.0|512.0|512.0|512.0|512.0
UTNTSkyEdge_tntle_5644_0_terrain_1_1|5644|0|2|984|1939|8272.0|-352.0|8176.0|-320.0|8223.841886116992|-336.47434164902523|0.0|0.0|0.0|QGRASS|QGRASS|1.0|1.0|0.0|0.0|0.64|grass|-|SG002319|-|1096|1|1|1939|QGRASS|-|1.0|1.0|0.0|0.0|0.0|QGRASS|-|1.0|1.0|0.0|0.0|-4.0|-4.0|0.0|0.0|512.0|512.0|512.0|512.0
UTNTSkyEdge_tntle_5645_0_terrain_1_0|5645|0|2|984|1939|8480.0|-448.0|8272.0|-352.0|8376.20952908873|-399.54602030774976|0.0|0.0|0.0|QGRASS|QGRASS|1.0|1.0|0.0|0.0|0.64|grass|-|SG002349|-|1235|1|0|1939|QGRASS|-|1.0|1.0|0.0|0.0|0.0|QGRASS|-|1.0|1.0|0.0|0.0|-4.0|-4.0|0.0|0.0|512.0|512.0|512.0|512.0
UTNTSkyEdge_tntle_5645_0_terrain_1_1|5645|0|2|984|1939|8480.0|-448.0|8272.0|-352.0|8375.79047091127|-400.45397969225024|0.0|0.0|0.0|QGRASS|QGRASS|1.0|1.0|0.0|0.0|0.64|grass|-|SG002319|-|1096|1|1|1939|QGRASS|-|1.0|1.0|0.0|0.0|0.0|QGRASS|-|1.0|1.0|0.0|0.0|-4.0|-4.0|0.0|0.0|512.0|512.0|512.0|512.0
UTNTSkyEdge_tntle_5646_0_terrain_1_0|5646|0|2|984|1939|8656.0|-416.0|8480.0|-448.0|8567.9105572809|-431.50806504495006|0.0|0.0|0.0|QGRASS|QGRASS|1.0|1.0|0.0|0.0|0.64|grass|-|SG002349|-|1235|1|0|1939|QGRASS|-|1.0|1.0|0.0|0.0|0.0|QGRASS|-|1.0|1.0|0.0|0.0|-4.0|-4.0|0.0|0.0|512.0|512.0|512.0|512.0
UTNTSkyEdge_tntle_5646_0_terrain_1_1|5646|0|2|984|1939|8656.0|-416.0|8480.0|-448.0|8568.0894427191|-432.49193495504994|0.0|0.0|0.0|QGRASS|QGRASS|1.0|1.0|0.0|0.0|0.64|grass|-|SG002319|-|1096|1|1|1939|QGRASS|-|1.0|1.0|0.0|0.0|0.0|QGRASS|-|1.0|1.0|0.0|0.0|-4.0|-4.0|0.0|0.0|512.0|512.0|512.0|512.0
UTNTSkyEdge_tntle_5647_0_terrain_1_0|5647|0|2|984|1939|8704.0|-352.0|8656.0|-416.0|8679.6|-383.7|0.0|0.0|0.0|QGRASS|QGRASS|1.0|1.0|0.0|0.0|0.64|grass|-|SG002349|-|1235|1|0|1939|QGRASS|-|1.0|1.0|0.0|0.0|0.0|QGRASS|-|1.0|1.0|0.0|0.0|-4.0|-4.0|0.0|0.0|512.0|512.0|512.0|512.0
UTNTSkyEdge_tntle_5647_0_terrain_1_1|5647|0|2|984|1939|8704.0|-352.0|8656.0|-416.0|8680.4|-384.3|0.0|0.0|0.0|QGRASS|QGRASS|1.0|1.0|0.0|0.0|0.64|grass|-|SG002319|-|1096|1|1|1939|QGRASS|-|1.0|1.0|0.0|0.0|0.0|QGRASS|-|1.0|1.0|0.0|0.0|-4.0|-4.0|0.0|0.0|512.0|512.0|512.0|512.0
UTNTSkyEdge_tntle_5648_0_terrain_1_0|5648|0|2|984|1939|8704.0|-208.0|8704.0|-352.0|8703.5|-280.0|0.0|0.0|0.0|QGRASS|QGRASS|1.0|1.0|0.0|0.0|0.64|grass|-|SG002349|-|1235|1|0|1939|QGRASS|-|1.0|1.0|0.0|0.0|0.0|QGRASS|-|1.0|1.0|0.0|0.0|-4.0|-4.0|0.0|0.0|512.0|512.0|512.0|512.0
UTNTSkyEdge_tntle_5648_0_terrain_1_1|5648|0|2|984|1939|8704.0|-208.0|8704.0|-352.0|8704.5|-280.0|0.0|0.0|0.0|QGRASS|QGRASS|1.0|1.0|0.0|0.0|0.64|grass|-|SG002319|-|1096|1|1|1939|QGRASS|-|1.0|1.0|0.0|0.0|0.0|QGRASS|-|1.0|1.0|0.0|0.0|-4.0|-4.0|0.0|0.0|512.0|512.0|512.0|512.0
UTNTSkyEdge_tntle_5649_0_terrain_1_0|5649|0|2|984|1939|8576.0|-96.0|8704.0|-208.0|8639.670747696066|-152.37628834735344|0.0|0.0|0.0|QGRASS|QGRASS|1.0|1.0|0.0|0.0|0.64|grass|-|SG002349|-|1235|1|0|1939|QGRASS|-|1.0|1.0|0.0|0.0|0.0|QGRASS|-|1.0|1.0|0.0|0.0|-4.0|-4.0|0.0|0.0|512.0|512.0|512.0|512.0
UTNTSkyEdge_tntle_5649_0_terrain_1_1|5649|0|2|984|1939|8576.0|-96.0|8704.0|-208.0|8640.329252303934|-151.62371165264656|0.0|0.0|0.0|QGRASS|QGRASS|1.0|1.0|0.0|0.0|0.64|grass|-|SG002319|-|1096|1|1|1939|QGRASS|-|1.0|1.0|0.0|0.0|0.0|QGRASS|-|1.0|1.0|0.0|0.0|-4.0|-4.0|0.0|0.0|512.0|512.0|512.0|512.0
UTNTSkyEdge_tntle_5650_0_terrain_1_0|5650|0|2|984|1939|8400.0|-128.0|8576.0|-96.0|8488.0894427191|-112.49193495504996|0.0|0.0|0.0|QGRASS|QGRASS|1.0|1.0|0.0|0.0|0.64|grass|-|SG002349|-|1235|1|0|1939|QGRASS|-|1.0|1.0|0.0|0.0|0.0|QGRASS|-|1.0|1.0|0.0|0.0|-4.0|-4.0|0.0|0.0|512.0|512.0|512.0|512.0
UTNTSkyEdge_tntle_5650_0_terrain_1_1|5650|0|2|984|1939|8400.0|-128.0|8576.0|-96.0|8487.9105572809|-111.50806504495004|0.0|0.0|0.0|QGRASS|QGRASS|1.0|1.0|0.0|0.0|0.64|grass|-|SG002319|-|1096|1|1|1939|QGRASS|-|1.0|1.0|0.0|0.0|0.0|QGRASS|-|1.0|1.0|0.0|0.0|-4.0|-4.0|0.0|0.0|512.0|512.0|512.0|512.0
UTNTSkyEdge_tntle_5651_0_terrain_1_0|5651|0|2|984|1939|8176.0|-128.0|8400.0|-128.0|8288.0|-128.5|0.0|0.0|0.0|QGRASS|QGRASS|1.0|1.0|0.0|0.0|0.64|grass|-|SG002349|-|1235|1|0|1939|QGRASS|-|1.0|1.0|0.0|0.0|0.0|QGRASS|-|1.0|1.0|0.0|0.0|-4.0|-4.0|0.0|0.0|512.0|512.0|512.0|512.0
UTNTSkyEdge_tntle_5651_0_terrain_1_1|5651|0|2|984|1939|8176.0|-128.0|8400.0|-128.0|8288.0|-127.5|0.0|0.0|0.0|QGRASS|QGRASS|1.0|1.0|0.0|0.0|0.64|grass|-|SG002319|-|1096|1|1|1939|QGRASS|-|1.0|1.0|0.0|0.0|0.0|QGRASS|-|1.0|1.0|0.0|0.0|-4.0|-4.0|0.0|0.0|512.0|512.0|512.0|512.0
UTNTSkyEdge_tntle_5652_0_terrain_1_0|5652|0|2|984|1939|8096.0|-16.0|8176.0|-128.0|8135.593133264397|-72.29061909685954|0.0|0.0|0.0|QGRASS|QGRASS|1.0|1.0|0.0|0.0|0.64|grass|-|SG002349|-|1235|1|0|1939|QGRASS|-|1.0|1.0|0.0|0.0|0.0|QGRASS|-|1.0|1.0|0.0|0.0|-4.0|-4.0|0.0|0.0|512.0|512.0|512.0|512.0
UTNTSkyEdge_tntle_5652_0_terrain_1_1|5652|0|2|984|1939|8096.0|-16.0|8176.0|-128.0|8136.406866735603|-71.70938090314046|0.0|0.0|0.0|QGRASS|QGRASS|1.0|1.0|0.0|0.0|0.64|grass|-|SG002319|-|1096|1|1|1939|QGRASS|-|1.0|1.0|0.0|0.0|0.0|QGRASS|-|1.0|1.0|0.0|0.0|-4.0|-4.0|0.0|0.0|512.0|512.0|512.0|512.0
UTNTSkyEdge_tntle_5653_0_terrain_1_0|5653|0|2|984|1939|8032.0|688.0|8112.0|752.0|8072.312347523777|719.6095655952785|0.0|0.0|0.0|QGRASS|QGRASS|1.0|1.0|0.0|0.0|0.64|grass|-|SG002349|-|1235|1|0|1939|QGRASS|-|1.0|1.0|0.0|0.0|0.0|QGRASS|-|1.0|1.0|0.0|0.0|-4.0|-4.0|0.0|0.0|512.0|512.0|512.0|512.0
UTNTSkyEdge_tntle_5653_0_terrain_1_1|5653|0|2|984|1939|8032.0|688.0|8112.0|752.0|8071.687652476223|720.3904344047215|0.0|0.0|0.0|QGRASS|QGRASS|1.0|1.0|0.0|0.0|0.64|grass|-|SG002319|-|1096|1|1|1939|QGRASS|-|1.0|1.0|0.0|0.0|0.0|QGRASS|-|1.0|1.0|0.0|0.0|-4.0|-4.0|0.0|0.0|512.0|512.0|512.0|512.0
UTNTSkyEdge_tntle_5654_0_terrain_1_0|5654|0|2|984|1939|7984.0|752.0|8032.0|688.0|8007.6|719.7|0.0|0.0|0.0|QGRASS|QGRASS|1.0|1.0|0.0|0.0|0.64|grass|-|SG002349|-|1235|1|0|1939|QGRASS|-|1.0|1.0|0.0|0.0|0.0|QGRASS|-|1.0|1.0|0.0|0.0|-4.0|-4.0|0.0|0.0|512.0|512.0|512.0|512.0
UTNTSkyEdge_tntle_5654_0_terrain_1_1|5654|0|2|984|1939|7984.0|752.0|8032.0|688.0|8008.4|720.3|0.0|0.0|0.0|QGRASS|QGRASS|1.0|1.0|0.0|0.0|0.64|grass|-|SG002319|-|1096|1|1|1939|QGRASS|-|1.0|1.0|0.0|0.0|0.0|QGRASS|-|1.0|1.0|0.0|0.0|-4.0|-4.0|0.0|0.0|512.0|512.0|512.0|512.0
UTNTSkyEdge_tntle_5655_0_terrain_1_0|5655|0|2|984|1939|7792.0|672.0|7984.0|752.0|7888.192307692308|711.5384615384615|0.0|0.0|0.0|QGRASS|QGRASS|1.0|1.0|0.0|0.0|0.64|grass|-|SG002349|-|1235|1|0|1939|QGRASS|-|1.0|1.0|0.0|0.0|0.0|QGRASS|-|1.0|1.0|0.0|0.0|-4.0|-4.0|0.0|0.0|512.0|512.0|512.0|512.0
UTNTSkyEdge_tntle_5655_0_terrain_1_1|5655|0|2|984|1939|7792.0|672.0|7984.0|752.0|7887.807692307692|712.4615384615385|0.0|0.0|0.0|QGRASS|QGRASS|1.0|1.0|0.0|0.0|0.64|grass|-|SG002319|-|1096|1|1|1939|QGRASS|-|1.0|1.0|0.0|0.0|0.0|QGRASS|-|1.0|1.0|0.0|0.0|-4.0|-4.0|0.0|0.0|512.0|512.0|512.0|512.0
UTNTSkyEdge_tntle_5656_0_terrain_1_0|5656|0|2|984|1939|7840.0|576.0|7792.0|672.0|7816.4472135955|624.22360679775|0.0|0.0|0.0|QGRASS|QGRASS|1.0|1.0|0.0|0.0|0.64|grass|-|SG002349|-|1235|1|0|1939|QGRASS|-|1.0|1.0|0.0|0.0|0.0|QGRASS|-|1.0|1.0|0.0|0.0|-4.0|-4.0|0.0|0.0|512.0|512.0|512.0|512.0
UTNTSkyEdge_tntle_5656_0_terrain_1_1|5656|0|2|984|1939|7840.0|576.0|7792.0|672.0|7815.5527864045|623.77639320225|0.0|0.0|0.0|QGRASS|QGRASS|1.0|1.0|0.0|0.0|0.64|grass|-|SG002319|-|1096|1|1|1939|QGRASS|-|1.0|1.0|0.0|0.0|0.0|QGRASS|-|1.0|1.0|0.0|0.0|-4.0|-4.0|0.0|0.0|512.0|512.0|512.0|512.0
UTNTSkyEdge_tntle_5657_0_terrain_1_0|5657|0|2|984|1939|7904.0|672.0|7840.0|576.0|7871.5839748528315|624.2773500981126|0.0|0.0|0.0|QGRASS|QGRASS|1.0|1.0|0.0|0.0|0.64|grass|-|SG002349|-|1235|1|0|1939|QGRASS|-|1.0|1.0|0.0|0.0|0.0|QGRASS|-|1.0|1.0|0.0|0.0|-4.0|-4.0|0.0|0.0|512.0|512.0|512.0|512.0
UTNTSkyEdge_tntle_5657_0_terrain_1_1|5657|0|2|984|1939|7904.0|672.0|7840.0|576.0|7872.4160251471685|623.7226499018874|0.0|0.0|0.0|QGRASS|QGRASS|1.0|1.0|0.0|0.0|0.64|grass|-|SG002319|-|1096|1|1|1939|QGRASS|-|1.0|1.0|0.0|0.0|0.0|QGRASS|-|1.0|1.0|0.0|0.0|-4.0|-4.0|0.0|0.0|512.0|512.0|512.0|512.0
UTNTSkyEdge_tntle_5658_0_terrain_1_0|5658|0|2|984|1939|8032.0|576.0|7904.0|672.0|7968.3|624.4|0.0|0.0|0.0|QGRASS|QGRASS|1.0|1.0|0.0|0.0|0.64|grass|-|SG002349|-|1235|1|0|1939|QGRASS|-|1.0|1.0|0.0|0.0|0.0|QGRASS|-|1.0|1.0|0.0|0.0|-4.0|-4.0|0.0|0.0|512.0|512.0|512.0|512.0
UTNTSkyEdge_tntle_5658_0_terrain_1_1|5658|0|2|984|1939|8032.0|576.0|7904.0|672.0|7967.7|623.6|0.0|0.0|0.0|QGRASS|QGRASS|1.0|1.0|0.0|0.0|0.64|grass|-|SG002319|-|1096|1|1|1939|QGRASS|-|1.0|1.0|0.0|0.0|0.0|QGRASS|-|1.0|1.0|0.0|0.0|-4.0|-4.0|0.0|0.0|512.0|512.0|512.0|512.0
UTNTSkyEdge_tntle_5659_0_terrain_1_0|5659|0|2|984|1939|8176.0|640.0|8032.0|576.0|8103.796930766974|608.4569057743101|0.0|0.0|0.0|QGRASS|QGRASS|1.0|1.0|0.0|0.0|0.64|grass|-|SG002349|-|1235|1|0|1939|QGRASS|-|1.0|1.0|0.0|0.0|0.0|QGRASS|-|1.0|1.0|0.0|0.0|-4.0|-4.0|0.0|0.0|512.0|512.0|512.0|512.0
UTNTSkyEdge_tntle_5659_0_terrain_1_1|5659|0|2|984|1939|8176.0|640.0|8032.0|576.0|8104.203069233026|607.5430942256899|0.0|0.0|0.0|QGRASS|QGRASS|1.0|1.0|0.0|0.0|0.64|grass|-|SG002319|-|1096|1|1|1939|QGRASS|-|1.0|1.0|0.0|0.0|0.0|QGRASS|-|1.0|1.0|0.0|0.0|-4.0|-4.0|0.0|0.0|512.0|512.0|512.0|512.0
UTNTSkyEdge_tntle_5660_0_terrain_1_0|5660|0|2|984|1939|8112.0|752.0|8176.0|640.0|8143.565878428938|695.7519305308216|0.0|0.0|0.0|QGRASS|QGRASS|1.0|1.0|0.0|0.0|0.64|grass|-|SG002349|-|1235|1|0|1939|QGRASS|-|1.0|1.0|0.0|0.0|0.0|QGRASS|-|1.0|1.0|0.0|0.0|-4.0|-4.0|0.0|0.0|512.0|512.0|512.0|512.0
UTNTSkyEdge_tntle_5660_0_terrain_1_1|5660|0|2|984|1939|8112.0|752.0|8176.0|640.0|8144.434121571062|696.2480694691784|0.0|0.0|0.0|QGRASS|QGRASS|1.0|1.0|0.0|0.0|0.64|grass|-|SG002319|-|1096|1|1|1939|QGRASS|-|1.0|1.0|0.0|0.0|0.0|QGRASS|-|1.0|1.0|0.0|0.0|-4.0|-4.0|0.0|0.0|512.0|512.0|512.0|512.0
UTNTSkyEdge_tntle_5661_0_terrain_1_0|5661|0|2|984|1939|8256.0|784.0|8336.0|816.0|8296.185695338178|799.5357616545574|0.0|0.0|0.0|QGRASS|QGRASS|1.0|1.0|0.0|0.0|0.64|grass|-|SG002349|-|1235|1|0|1939|QGRASS|-|1.0|1.0|0.0|0.0|0.0|QGRASS|-|1.0|1.0|0.0|0.0|-4.0|-4.0|0.0|0.0|512.0|512.0|512.0|512.0
UTNTSkyEdge_tntle_5661_0_terrain_1_1|5661|0|2|984|1939|8256.0|784.0|8336.0|816.0|8295.814304661822|800.4642383454426|0.0|0.0|0.0|QGRASS|QGRASS|1.0|1.0|0.0|0.0|0.64|grass|-|SG002319|-|1096|1|1|1939|QGRASS|-|1.0|1.0|0.0|0.0|0.0|QGRASS|-|1.0|1.0|0.0|0.0|-4.0|-4.0|0.0|0.0|512.0|512.0|512.0|512.0
UTNTSkyEdge_tntle_5662_0_terrain_1_0|5662|0|2|984|1939|8288.0|704.0|8256.0|784.0|8272.464238345443|744.1856953381771|0.0|0.0|0.0|QGRASS|QGRASS|1.0|1.0|0.0|0.0|0.64|grass|-|SG002349|-|1235|1|0|1939|QGRASS|-|1.0|1.0|0.0|0.0|0.0|QGRASS|-|1.0|1.0|0.0|0.0|-4.0|-4.0|0.0|0.0|512.0|512.0|512.0|512.0
UTNTSkyEdge_tntle_5662_0_terrain_1_1|5662|0|2|984|1939|8288.0|704.0|8256.0|784.0|8271.535761654557|743.8143046618229|0.0|0.0|0.0|QGRASS|QGRASS|1.0|1.0|0.0|0.0|0.64|grass|-|SG002319|-|1096|1|1|1939|QGRASS|-|1.0|1.0|0.0|0.0|0.0|QGRASS|-|1.0|1.0|0.0|0.0|-4.0|-4.0|0.0|0.0|512.0|512.0|512.0|512.0
UTNTSkyEdge_tntle_5663_0_terrain_1_0|5663|0|2|984|1939|8384.0|768.0|8288.0|704.0|8335.722649901887|736.416025147169|0.0|0.0|0.0|QGRASS|QGRASS|1.0|1.0|0.0|0.0|0.64|grass|-|SG002349|-|1235|1|0|1939|QGRASS|-|1.0|1.0|0.0|0.0|0.0|QGRASS|-|1.0|1.0|0.0|0.0|-4.0|-4.0|0.0|0.0|512.0|512.0|512.0|512.0
UTNTSkyEdge_tntle_5663_0_terrain_1_1|5663|0|2|984|1939|8384.0|768.0|8288.0|704.0|8336.277350098113|735.583974852831|0.0|0.0|0.0|QGRASS|QGRASS|1.0|1.0|0.0|0.0|0.64|grass|-|SG002319|-|1096|1|1|1939|QGRASS|-|1.0|1.0|0.0|0.0|0.0|QGRASS|-|1.0|1.0|0.0|0.0|-4.0|-4.0|0.0|0.0|512.0|512.0|512.0|512.0
UTNTSkyEdge_tntle_5664_0_terrain_1_0|5664|0|2|984|1939|8624.0|704.0|8384.0|768.0|8504.12883132528|736.4831174698006|0.0|0.0|0.0|QGRASS|QGRASS|1.0|1.0|0.0|0.0|0.64|grass|-|SG002349|-|1235|1|0|1939|QGRASS|-|1.0|1.0|0.0|0.0|0.0|QGRASS|-|1.0|1.0|0.0|0.0|-4.0|-4.0|0.0|0.0|512.0|512.0|512.0|512.0
UTNTSkyEdge_tntle_5664_0_terrain_1_1|5664|0|2|984|1939|8624.0|704.0|8384.0|768.0|8503.87116867472|735.5168825301994|0.0|0.0|0.0|QGRASS|QGRASS|1.0|1.0|0.0|0.0|0.64|grass|-|SG002319|-|1096|1|1|1939|QGRASS|-|1.0|1.0|0.0|0.0|0.0|QGRASS|-|1.0|1.0|0.0|0.0|-4.0|-4.0|0.0|0.0|512.0|512.0|512.0|512.0
UTNTSkyEdge_tntle_5665_0_terrain_1_0|5665|0|2|984|1939|8896.0|640.0|8624.0|704.0|8760.114519666862|672.4867085841668|0.0|0.0|0.0|QGRASS|QGRASS|1.0|1.0|0.0|0.0|0.64|grass|-|SG002349|-|1235|1|0|1939|QGRASS|-|1.0|1.0|0.0|0.0|0.0|QGRASS|-|1.0|1.0|0.0|0.0|-4.0|-4.0|0.0|0.0|512.0|512.0|512.0|512.0
UTNTSkyEdge_tntle_5665_0_terrain_1_1|5665|0|2|984|1939|8896.0|640.0|8624.0|704.0|8759.885480333138|671.5132914158332|0.0|0.0|0.0|QGRASS|QGRASS|1.0|1.0|0.0|0.0|0.64|grass|-|SG002319|-|1096|1|1|1939|QGRASS|-|1.0|1.0|0.0|0.0|0.0|QGRASS|-|1.0|1.0|0.0|0.0|-4.0|-4.0|0.0|0.0|512.0|512.0|512.0|512.0
UTNTSkyEdge_tntle_5666_0_terrain_1_0|5666|0|2|984|1939|9008.0|704.0|8896.0|640.0|8951.751930530821|672.4341215710622|0.0|0.0|0.0|QGRASS|QGRASS|1.0|1.0|0.0|0.0|0.64|grass|-|SG002349|-|1235|1|0|1939|QGRASS|-|1.0|1.0|0.0|0.0|0.0|QGRASS|-|1.0|1.0|0.0|0.0|-4.0|-4.0|0.0|0.0|512.0|512.0|512.0|512.0
UTNTSkyEdge_tntle_5666_0_terrain_1_1|5666|0|2|984|1939|9008.0|704.0|8896.0|640.0|8952.248069469179|671.5658784289378|0.0|0.0|0.0|QGRASS|QGRASS|1.0|1.0|0.0|0.0|0.64|grass|-|SG002319|-|1096|1|1|1939|QGRASS|-|1.0|1.0|0.0|0.0|0.0|QGRASS|-|1.0|1.0|0.0|0.0|-4.0|-4.0|0.0|0.0|512.0|512.0|512.0|512.0
UTNTSkyEdge_tntle_5667_0_terrain_1_0|5667|0|2|984|1939|8960.0|864.0|9008.0|704.0|8983.521086857389|783.8563260572168|0.0|0.0|0.0|QGRASS|QGRASS|1.0|1.0|0.0|0.0|0.64|grass|-|SG002349|-|1235|1|0|1939|QGRASS|-|1.0|1.0|0.0|0.0|0.0|QGRASS|-|1.0|1.0|0.0|0.0|-4.0|-4.0|0.0|0.0|512.0|512.0|512.0|512.0
UTNTSkyEdge_tntle_5667_0_terrain_1_1|5667|0|2|984|1939|8960.0|864.0|9008.0|704.0|8984.478913142611|784.1436739427832|0.0|0.0|0.0|QGRASS|QGRASS|1.0|1.0|0.0|0.0|0.64|grass|-|SG002319|-|1096|1|1|1939|QGRASS|-|1.0|1.0|0.0|0.0|0.0|QGRASS|-|1.0|1.0|0.0|0.0|-4.0|-4.0|0.0|0.0|512.0|512.0|512.0|512.0
UTNTSkyEdge_tntle_5668_0_terrain_1_0|5668|0|2|984|1939|8832.0|960.0|8960.0|864.0|8895.7|911.6|0.0|0.0|0.0|QGRASS|QGRASS|1.0|1.0|0.0|0.0|0.64|grass|-|SG002349|-|1235|1|0|1939|QGRASS|-|1.0|1.0|0.0|0.0|0.0|QGRASS|-|1.0|1.0|0.0|0.0|-4.0|-4.0|0.0|0.0|512.0|512.0|512.0|512.0
UTNTSkyEdge_tntle_5668_0_terrain_1_1|5668|0|2|984|1939|8832.0|960.0|8960.0|864.0|8896.3|912.4|0.0|0.0|0.0|QGRASS|QGRASS|1.0|1.0|0.0|0.0|0.64|grass|-|SG002319|-|1096|1|1|1939|QGRASS|-|1.0|1.0|0.0|0.0|0.0|QGRASS|-|1.0|1.0|0.0|0.0|-4.0|-4.0|0.0|0.0|512.0|512.0|512.0|512.0
UTNTSkyEdge_tntle_5669_0_terrain_1_0|5669|0|2|984|1939|8640.0|944.0|8832.0|960.0|8736.041522739926|951.5017271208776|0.0|0.0|0.0|QGRASS|QGRASS|1.0|1.0|0.0|0.0|0.64|grass|-|SG002349|-|1235|1|0|1939|QGRASS|-|1.0|1.0|0.0|0.0|0.0|QGRASS|-|1.0|1.0|0.0|0.0|-4.0|-4.0|0.0|0.0|512.0|512.0|512.0|512.0
UTNTSkyEdge_tntle_5669_0_terrain_1_1|5669|0|2|984|1939|8640.0|944.0|8832.0|960.0|8735.958477260074|952.4982728791224|0.0|0.0|0.0|QGRASS|QGRASS|1.0|1.0|0.0|0.0|0.64|grass|-|SG002319|-|1096|1|1|1939|QGRASS|-|1.0|1.0|0.0|0.0|0.0|QGRASS|-|1.0|1.0|0.0|0.0|-4.0|-4.0|0.0|0.0|512.0|512.0|512.0|512.0
UTNTSkyEdge_tntle_5670_0_terrain_1_0|5670|0|2|984|1939|8480.0|880.0|8640.0|944.0|8560.185695338178|911.5357616545574|0.0|0.0|0.0|QGRASS|QGRASS|1.0|1.0|0.0|0.0|0.64|grass|-|SG002349|-|1235|1|0|1939|QGRASS|-|1.0|1.0|0.0|0.0|0.0|QGRASS|-|1.0|1.0|0.0|0.0|-4.0|-4.0|0.0|0.0|512.0|512.0|512.0|512.0
UTNTSkyEdge_tntle_5670_0_terrain_1_1|5670|0|2|984|1939|8480.0|880.0|8640.0|944.0|8559.814304661822|912.4642383454426|0.0|0.0|0.0|QGRASS|QGRASS|1.0|1.0|0.0|0.0|0.64|grass|-|SG002319|-|1096|1|1|1939|QGRASS|-|1.0|1.0|0.0|0.0|0.0|QGRASS|-|1.0|1.0|0.0|0.0|-4.0|-4.0|0.0|0.0|512.0|512.0|512.0|512.0
UTNTSkyEdge_tntle_5671_0_terrain_1_0|5671|0|2|984|1939|8368.0|912.0|8480.0|880.0|8423.86263943605|895.5192380261796|0.0|0.0|0.0|QGRASS|QGRASS|1.0|1.0|0.0|0.0|0.64|grass|-|SG002349|-|1235|1|0|1939|QGRASS|-|1.0|1.0|0.0|0.0|0.0|QGRASS|-|1.0|1.0|0.0|0.0|-4.0|-4.0|0.0|0.0|512.0|512.0|512.0|512.0
UTNTSkyEdge_tntle_5671_0_terrain_1_1|5671|0|2|984|1939|8368.0|912.0|8480.0|880.0|8424.13736056395|896.4807619738204|0.0|0.0|0.0|QGRASS|QGRASS|1.0|1.0|0.0|0.0|0.64|grass|-|SG002319|-|1096|1|1|1939|QGRASS|-|1.0|1.0|0.0|0.0|0.0|QGRASS|-|1.0|1.0|0.0|0.0|-4.0|-4.0|0.0|0.0|512.0|512.0|512.0|512.0
UTNTSkyEdge_tntle_5672_0_terrain_1_0|5672|0|2|984|1939|8336.0|816.0|8368.0|912.0|8352.474341649026|863.8418861169915|0.0|0.0|0.0|QGRASS|QGRASS|1.0|1.0|0.0|0.0|0.64|grass|-|SG002349|-|1235|1|0|1939|QGRASS|-|1.0|1.0|0.0|0.0|0.0|QGRASS|-|1.0|1.0|0.0|0.0|-4.0|-4.0|0.0|0.0|512.0|512.0|512.0|512.0
UTNTSkyEdge_tntle_5672_0_terrain_1_1|5672|0|2|984|1939|8336.0|816.0|8368.0|912.0|8351.525658350974|864.1581138830085|0.0|0.0|0.0|QGRASS|QGRASS|1.0|1.0|0.0|0.0|0.64|grass|-|SG002319|-|1096|1|1|1939|QGRASS|-|1.0|1.0|0.0|0.0|0.0|QGRASS|-|1.0|1.0|0.0|0.0|-4.0|-4.0|0.0|0.0|512.0|512.0|512.0|512.0
UTNTSkyEdge_tntle_5800_0_terrain_2_1|5800|0|1|2979|2979|-1664.0|-5024.0|-2208.0|-5280.0|-1936.212898518165|-5151.547590648899|-384.0|-384.0|-384.0|QROCK3|XA02TEX|1.0|1.0|0.0|0.0|5|gravel|-|SG002207|-|1066|2|1|2979|XA02TEX|-|1.0|1.0|0.0|0.0|0.0|QROCK3X8|-|1.0|1.0|223.0|0.0|-384.0|-384.0|0|0|384.0|384.0|0|0
UTNTSkyEdge_tntle_6182_0_terrain_2_1|6182|0|1|2979|2979|-800.0|-7200.0|-160.0|-7200.0|-480.0|-7200.5|-384.0|-384.0|-384.0|QROCK3|XA02TEX|1.0|1.0|0.0|0.0|5|gravel|-|SG002207|-|1066|2|1|2979|XA02TEX|-|1.0|1.0|0.0|0.0|0.0|QROCK3X8|-|1.0|1.0|91.0|0.0|-384.0|-384.0|0|0|384.0|384.0|0|0
UTNTSkyEdge_tntle_6200_0_terrain_2_1|6200|0|1|2979|2979|-2272.0|-6528.0|-2208.0|-6656.0|-2240.4472135954998|-6592.22360679775|-384.0|-384.0|-384.0|QROCK3|XA02TEX|1.0|1.0|0.0|0.0|5|gravel|-|SG002207|-|1066|2|1|2979|XA02TEX|-|1.0|1.0|0.0|0.0|0.0|QROCK3X8|-|1.0|1.0|67.984845005|0.0|-384.0|-384.0|0|0|384.0|384.0|0|0
UTNTSkyEdge_tntle_6224_0_terrain_2_1|6224|0|1|2979|2979|-1568.0|-5024.0|-1664.0|-5024.0|-1616.0|-5023.5|-384.0|-384.0|-384.0|QROCK3|XA02TEX|1.0|1.0|0.0|0.0|5|gravel|-|SG002207|-|1066|2|1|2979|XA02TEX|-|1.0|1.0|0.0|0.0|0.0|QROCK3X8|-|1.0|1.0|127.0|0.0|-384.0|-384.0|0|0|384.0|384.0|0|0
UTNTSkyEdge_tntle_6281_0_terrain_1_0|6281|0|2|2874|1142|-672.0|-5984.0|-640.0|-5968.0|-655.77639320225|-5976.4472135955|200.0|200.0|200.0|QROCK3|QROCK3X8|1.0|1.0|123.0|56.0|8|rock|-|SG002130|-|1075|1|0|1142|QROCK3X8|-|1.0|1.0|0.0|0.0|0.0|QROCK3X8|-|1.0|1.0|123.0|56.0|0.0|0.0|200.0|200.0|384.0|384.0|384.0|384.0
UTNTSkyEdge_tntle_6281_0_terrain_1_1|6281|0|2|2874|1142|-672.0|-5984.0|-640.0|-5968.0|-656.22360679775|-5975.5527864045|200.0|200.0|200.0|QROCK3|QROCK3X8|1.0|1.0|0.0|0.0|8|rock|-|SG002356|-|1123|1|1|1142|QROCK3X8|-|1.0|1.0|0.0|0.0|0.0|QROCK3X8|-|1.0|1.0|123.0|56.0|0.0|0.0|200.0|200.0|384.0|384.0|384.0|384.0
UTNTSkyEdge_tntle_6282_0_terrain_1_0|6282|0|2|2874|1142|-640.0|-5968.0|-624.0|-5968.0|-632.0|-5968.5|200.0|200.0|200.0|QROCK3|QROCK3X8|1.0|1.0|158.77708764|56.0|8|rock|-|SG002130|-|1075|1|0|1142|QROCK3X8|-|1.0|1.0|0.0|0.0|0.0|QROCK3X8|-|1.0|1.0|158.77708764|56.0|0.0|0.0|200.0|200.0|384.0|384.0|384.0|384.0
UTNTSkyEdge_tntle_6282_0_terrain_1_1|6282|0|2|2874|1142|-640.0|-5968.0|-624.0|-5968.0|-632.0|-5967.5|200.0|200.0|200.0|QROCK3|QROCK3X8|1.0|1.0|0.0|0.0|8|rock|-|SG002356|-|1123|1|1|1142|QROCK3X8|-|1.0|1.0|0.0|0.0|0.0|QROCK3X8|-|1.0|1.0|158.77708764|56.0|0.0|0.0|200.0|200.0|384.0|384.0|384.0|384.0
UTNTSkyEdge_tntle_6283_0_terrain_1_0|6283|0|2|2874|1141|-528.0|-5776.0|-544.0|-5744.0|-535.5527864045|-5759.77639320225|144.0|144.0|144.0|QROCK3|QROCK3X8|1.0|1.0|335.109297761|112.0|8|rock|-|SG002130|-|1075|1|0|1141|QROCK3X8|-|1.0|1.0|0.0|0.0|0.0|QROCK3X8|-|1.0|1.0|335.109297761|112.0|0.0|0.0|144.0|144.0|384.0|384.0|384.0|384.0
UTNTSkyEdge_tntle_6283_0_terrain_1_1|6283|0|2|2874|1141|-528.0|-5776.0|-544.0|-5744.0|-536.4472135955|-5760.22360679775|144.0|144.0|144.0|QROCK3|QROCK3X8|1.0|1.0|0.0|0.0|8|rock|-|SG002291|-|1124|1|1|1141|QROCK3X8|-|1.0|1.0|0.0|0.0|0.0|QROCK3X8|-|1.0|1.0|335.109297761|112.0|0.0|0.0|144.0|144.0|384.0|384.0|384.0|384.0
UTNTSkyEdge_tntle_6284_0_terrain_1_0|6284|0|2|1141|98|-576.0|-5904.0|-592.0|-5856.0|-583.5256583509747|-5879.841886116991|168.0|168.0|168.0|QROCK3|QROCK3X8|1.0|1.0|133.596442563|88.0|3.84|rock|-|SG002179|-|1124|1|0|98|QROCK3X8|-|1.0|1.0|0.0|0.0|0.0|QROCK3X8|-|1.0|1.0|133.596442563|88.0|144.0|144.0|168.0|168.0|384.0|384.0|384.0|384.0
UTNTSkyEdge_tntle_6284_0_terrain_1_1|6284|0|2|1141|98|-576.0|-5904.0|-592.0|-5856.0|-584.4743416490253|-5880.158113883009|168.0|168.0|168.0|QROCK3|QROCK3X8|1.0|1.0|0.0|0.0|3.84|rock|-|SG002357|-|1125|1|1|98|QROCK3X8|-|1.0|1.0|0.0|0.0|0.0|QROCK3X8|-|1.0|1.0|133.596442563|88.0|144.0|144.0|168.0|168.0|384.0|384.0|384.0|384.0
UTNTSkyEdge_tntle_6285_0_terrain_1_0|6285|0|2|1141|98|-592.0|-5856.0|-576.0|-5808.0|-583.5256583509747|-5832.158113883009|168.0|168.0|168.0|QROCK3|QROCK3X8|1.0|1.0|184.192885125|88.0|3.84|rock|-|SG002179|-|1124|1|0|98|QROCK3X8|-|1.0|1.0|0.0|0.0|0.0|QROCK3X8|-|1.0|1.0|184.192885125|88.0|144.0|144.0|168.0|168.0|384.0|384.0|384.0|384.0
UTNTSkyEdge_tntle_6285_0_terrain_1_1|6285|0|2|1141|98|-592.0|-5856.0|-576.0|-5808.0|-584.4743416490253|-5831.841886116991|168.0|168.0|168.0|QROCK3|QROCK3X8|1.0|1.0|0.0|0.0|3.84|rock|-|SG002357|-|1125|1|1|98|QROCK3X8|-|1.0|1.0|0.0|0.0|0.0|QROCK3X8|-|1.0|1.0|184.192885125|88.0|144.0|144.0|168.0|168.0|384.0|384.0|384.0|384.0
UTNTSkyEdge_tntle_6286_0_terrain_1_0|6286|0|2|1141|98|-576.0|-5808.0|-576.0|-5760.0|-575.5|-5784.0|168.0|168.0|168.0|QROCK3|QROCK3X8|1.0|1.0|234.789327688|88.0|3.84|rock|-|SG002179|-|1124|1|0|98|QROCK3X8|-|1.0|1.0|0.0|0.0|0.0|QROCK3X8|-|1.0|1.0|234.789327688|88.0|144.0|144.0|168.0|168.0|384.0|384.0|384.0|384.0
UTNTSkyEdge_tntle_6286_0_terrain_1_1|6286|0|2|1141|98|-576.0|-5808.0|-576.0|-5760.0|-576.5|-5784.0|168.0|168.0|168.0|QROCK3|QROCK3X8|1.0|1.0|0.0|0.0|3.84|rock|-|SG002357|-|1125|1|1|98|QROCK3X8|-|1.0|1.0|0.0|0.0|0.0|QROCK3X8|-|1.0|1.0|234.789327688|88.0|144.0|144.0|168.0|168.0|384.0|384.0|384.0|384.0
UTNTSkyEdge_tntle_6287_0_terrain_1_0|6287|0|2|2874|98|-624.0|-5968.0|-592.0|-5952.0|-607.77639320225|-5960.4472135955|168.0|168.0|168.0|QROCK3|QROCK3X8|1.0|1.0|47.0|88.0|8|rock|-|SG002130|-|1075|1|0|98|QROCK3X8|-|1.0|1.0|0.0|0.0|0.0|QROCK3X8|-|1.0|1.0|47.0|88.0|0.0|0.0|168.0|168.0|384.0|384.0|384.0|384.0
UTNTSkyEdge_tntle_6287_0_terrain_1_1|6287|0|2|2874|98|-624.0|-5968.0|-592.0|-5952.0|-608.22360679775|-5959.5527864045|168.0|168.0|168.0|QROCK3|QROCK3X8|1.0|1.0|0.0|0.0|8|rock|-|SG002357|-|1125|1|1|98|QROCK3X8|-|1.0|1.0|0.0|0.0|0.0|QROCK3X8|-|1.0|1.0|47.0|88.0|0.0|0.0|168.0|168.0|384.0|384.0|384.0|384.0
UTNTSkyEdge_tntle_6288_0_terrain_1_0|6288|0|2|98|1142|-624.0|-5968.0|-640.0|-5920.0|-631.5256583509747|-5943.841886116991|200.0|200.0|200.0|QROCK3|QROCK3X8|1.0|1.0|47.0|56.0|5.12|rock|-|SG002180|-|1125|1|0|1142|QROCK3X8|-|1.0|1.0|0.0|0.0|0.0|QROCK3X8|-|1.0|1.0|47.0|56.0|168.0|168.0|200.0|200.0|384.0|384.0|384.0|384.0
UTNTSkyEdge_tntle_6288_0_terrain_1_1|6288|0|2|98|1142|-624.0|-5968.0|-640.0|-5920.0|-632.4743416490253|-5944.158113883009|200.0|200.0|200.0|QROCK3|QROCK3X8|1.0|1.0|0.0|0.0|5.12|rock|-|SG002356|-|1123|1|1|1142|QROCK3X8|-|1.0|1.0|0.0|0.0|0.0|QROCK3X8|-|1.0|1.0|47.0|56.0|168.0|168.0|200.0|200.0|384.0|384.0|384.0|384.0
UTNTSkyEdge_tntle_6289_0_terrain_1_0|6289|0|2|98|1142|-640.0|-5920.0|-624.0|-5872.0|-631.5256583509747|-5896.158113883009|200.0|200.0|200.0|QROCK3|QROCK3X8|1.0|1.0|97.596442563|56.0|5.12|rock|-|SG002180|-|1125|1|0|1142|QROCK3X8|-|1.0|1.0|0.0|0.0|0.0|QROCK3X8|-|1.0|1.0|97.596442563|56.0|168.0|168.0|200.0|200.0|384.0|384.0|384.0|384.0
UTNTSkyEdge_tntle_6289_0_terrain_1_1|6289|0|2|98|1142|-640.0|-5920.0|-624.0|-5872.0|-632.4743416490253|-5895.841886116991|200.0|200.0|200.0|QROCK3|QROCK3X8|1.0|1.0|0.0|0.0|5.12|rock|-|SG002356|-|1123|1|1|1142|QROCK3X8|-|1.0|1.0|0.0|0.0|0.0|QROCK3X8|-|1.0|1.0|97.596442563|56.0|168.0|168.0|200.0|200.0|384.0|384.0|384.0|384.0
UTNTSkyEdge_tntle_6290_0_terrain_1_0|6290|0|2|98|1142|-624.0|-5872.0|-640.0|-5824.0|-631.5256583509747|-5847.841886116991|200.0|200.0|200.0|QROCK3|QROCK3X8|1.0|1.0|148.192885125|56.0|5.12|rock|-|SG002180|-|1125|1|0|1142|QROCK3X8|-|1.0|1.0|0.0|0.0|0.0|QROCK3X8|-|1.0|1.0|148.192885125|56.0|168.0|168.0|200.0|200.0|384.0|384.0|384.0|384.0
UTNTSkyEdge_tntle_6290_0_terrain_1_1|6290|0|2|98|1142|-624.0|-5872.0|-640.0|-5824.0|-632.4743416490253|-5848.158113883009|200.0|200.0|200.0|QROCK3|QROCK3X8|1.0|1.0|0.0|0.0|5.12|rock|-|SG002356|-|1123|1|1|1142|QROCK3X8|-|1.0|1.0|0.0|0.0|0.0|QROCK3X8|-|1.0|1.0|148.192885125|56.0|168.0|168.0|200.0|200.0|384.0|384.0|384.0|384.0
UTNTSkyEdge_tntle_6292_0_terrain_1_0|6292|0|2|98|1142|-640.0|-5824.0|-624.0|-5776.0|-631.5256583509747|-5800.158113883009|200.0|200.0|200.0|QROCK3|QROCK3X8|1.0|1.0|198.789327688|56.0|5.12|rock|-|SG002180|-|1125|1|0|1142|QROCK3X8|-|1.0|1.0|0.0|0.0|0.0|QROCK3X8|-|1.0|1.0|198.789327688|56.0|168.0|168.0|200.0|200.0|384.0|384.0|384.0|384.0
UTNTSkyEdge_tntle_6292_0_terrain_1_1|6292|0|2|98|1142|-640.0|-5824.0|-624.0|-5776.0|-632.4743416490253|-5799.841886116991|200.0|200.0|200.0|QROCK3|QROCK3X8|1.0|1.0|0.0|0.0|5.12|rock|-|SG002356|-|1123|1|1|1142|QROCK3X8|-|1.0|1.0|0.0|0.0|0.0|QROCK3X8|-|1.0|1.0|198.789327688|56.0|168.0|168.0|200.0|200.0|384.0|384.0|384.0|384.0
UTNTSkyEdge_tntle_6293_0_terrain_1_0|6293|0|2|1141|98|-592.0|-5952.0|-576.0|-5904.0|-583.5256583509747|-5928.158113883009|168.0|168.0|168.0|QROCK3|QROCK3X8|1.0|1.0|83.0|88.0|3.84|rock|-|SG002179|-|1124|1|0|98|QROCK3X8|-|1.0|1.0|0.0|0.0|0.0|QROCK3X8|-|1.0|1.0|83.0|88.0|144.0|144.0|168.0|168.0|384.0|384.0|384.0|384.0
UTNTSkyEdge_tntle_6293_0_terrain_1_1|6293|0|2|1141|98|-592.0|-5952.0|-576.0|-5904.0|-584.4743416490253|-5927.841886116991|168.0|168.0|168.0|QROCK3|QROCK3X8|1.0|1.0|0.0|0.0|3.84|rock|-|SG002357|-|1125|1|1|98|QROCK3X8|-|1.0|1.0|0.0|0.0|0.0|QROCK3X8|-|1.0|1.0|83.0|88.0|144.0|144.0|168.0|168.0|384.0|384.0|384.0|384.0
UTNTSkyEdge_tntle_6294_0_terrain_1_0|6294|0|2|2874|1141|-592.0|-5952.0|-560.0|-5968.0|-576.22360679775|-5960.4472135955|144.0|144.0|144.0|QROCK3|QROCK3X8|1.0|1.0|83.0|112.0|8|rock|-|SG002130|-|1075|1|0|1141|QROCK3X8|-|1.0|1.0|0.0|0.0|0.0|QROCK3X8|-|1.0|1.0|83.0|112.0|0.0|0.0|144.0|144.0|384.0|384.0|384.0|384.0
UTNTSkyEdge_tntle_6294_0_terrain_1_1|6294|0|2|2874|1141|-592.0|-5952.0|-560.0|-5968.0|-575.77639320225|-5959.5527864045|144.0|144.0|144.0|QROCK3|QROCK3X8|1.0|1.0|0.0|0.0|8|rock|-|SG002291|-|1124|1|1|1141|QROCK3X8|-|1.0|1.0|0.0|0.0|0.0|QROCK3X8|-|1.0|1.0|83.0|112.0|0.0|0.0|144.0|144.0|384.0|384.0|384.0|384.0
UTNTSkyEdge_tntle_6295_0_terrain_1_0|6295|0|2|2874|1141|-560.0|-5968.0|-544.0|-5952.0|-551.6464466094068|-5960.353553390593|144.0|144.0|144.0|QROCK3|QROCK3X8|1.0|1.0|118.77708764|112.0|8|rock|-|SG002130|-|1075|1|0|1141|QROCK3X8|-|1.0|1.0|0.0|0.0|0.0|QROCK3X8|-|1.0|1.0|118.77708764|112.0|0.0|0.0|144.0|144.0|384.0|384.0|384.0|384.0
UTNTSkyEdge_tntle_6295_0_terrain_1_1|6295|0|2|2874|1141|-560.0|-5968.0|-544.0|-5952.0|-552.3535533905932|-5959.646446609407|144.0|144.0|144.0|QROCK3|QROCK3X8|1.0|1.0|0.0|0.0|8|rock|-|SG002291|-|1124|1|1|1141|QROCK3X8|-|1.0|1.0|0.0|0.0|0.0|QROCK3X8|-|1.0|1.0|118.77708764|112.0|0.0|0.0|144.0|144.0|384.0|384.0|384.0|384.0
UTNTSkyEdge_tntle_6296_0_terrain_1_0|6296|0|2|1143|1141|-544.0|-5952.0|-536.0|-5936.0|-539.5527864045|-5944.22360679775|144.0|144.0|144.0|QROCK3|QROCK3X8|1.0|1.0|141.404504638|112.0|8|rock|-|SG002358|-|1240|1|0|1141|QROCK3X8|-|1.0|1.0|0.0|0.0|0.0|QROCK3X8|-|1.0|1.0|141.404504638|112.0|0.0|0.0|144.0|144.0|384.0|384.0|384.0|384.0
UTNTSkyEdge_tntle_6296_0_terrain_1_1|6296|0|2|1143|1141|-544.0|-5952.0|-536.0|-5936.0|-540.4472135955|-5943.77639320225|144.0|144.0|144.0|QROCK3|QROCK3X8|1.0|1.0|0.0|0.0|8|rock|-|SG002291|-|1124|1|1|1141|QROCK3X8|-|1.0|1.0|0.0|0.0|0.0|QROCK3X8|-|1.0|1.0|141.404504638|112.0|0.0|0.0|144.0|144.0|384.0|384.0|384.0|384.0
UTNTSkyEdge_tntle_6297_0_terrain_1_0|6297|0|2|2107|1141|-528.0|-5920.0|-544.0|-5888.0|-535.5527864045|-5903.77639320225|144.0|144.0|144.0|QROCK3|QROCK3X8|1.0|1.0|177.181592278|112.0|8|rock|-|SG002290|-|1214|1|0|1141|QROCK3X8|-|1.0|1.0|0.0|0.0|0.0|QROCK3X8|-|1.0|1.0|177.181592278|112.0|0.0|0.0|144.0|144.0|384.0|384.0|384.0|384.0
UTNTSkyEdge_tntle_6297_0_terrain_1_1|6297|0|2|2107|1141|-528.0|-5920.0|-544.0|-5888.0|-536.4472135955|-5904.22360679775|144.0|144.0|144.0|QROCK3|QROCK3X8|1.0|1.0|0.0|0.0|8|rock|-|SG002291|-|1124|1|1|1141|QROCK3X8|-|1.0|1.0|0.0|0.0|0.0|QROCK3X8|-|1.0|1.0|177.181592278|112.0|0.0|0.0|144.0|144.0|384.0|384.0|384.0|384.0
UTNTSkyEdge_tntle_6298_0_terrain_1_0|6298|0|2|2107|1141|-544.0|-5888.0|-528.0|-5856.0|-535.5527864045|-5872.22360679775|144.0|144.0|144.0|QROCK3|QROCK3X8|1.0|1.0|212.958679918|112.0|8|rock|-|SG002290|-|1214|1|0|1141|QROCK3X8|-|1.0|1.0|0.0|0.0|0.0|QROCK3X8|-|1.0|1.0|212.958679918|112.0|0.0|0.0|144.0|144.0|384.0|384.0|384.0|384.0
UTNTSkyEdge_tntle_6298_0_terrain_1_1|6298|0|2|2107|1141|-544.0|-5888.0|-528.0|-5856.0|-536.4472135955|-5871.77639320225|144.0|144.0|144.0|QROCK3|QROCK3X8|1.0|1.0|0.0|0.0|8|rock|-|SG002291|-|1124|1|1|1141|QROCK3X8|-|1.0|1.0|0.0|0.0|0.0|QROCK3X8|-|1.0|1.0|212.958679918|112.0|0.0|0.0|144.0|144.0|384.0|384.0|384.0|384.0
UTNTSkyEdge_tntle_6299_0_terrain_1_0|6299|0|2|2107|1141|-528.0|-5856.0|-536.0|-5840.0|-531.5527864045|-5847.77639320225|144.0|144.0|144.0|QROCK3|QROCK3X8|1.0|1.0|248.735767558|112.0|8|rock|-|SG002290|-|1214|1|0|1141|QROCK3X8|-|1.0|1.0|0.0|0.0|0.0|QROCK3X8|-|1.0|1.0|248.735767558|112.0|0.0|0.0|144.0|144.0|384.0|384.0|384.0|384.0
UTNTSkyEdge_tntle_6299_0_terrain_1_1|6299|0|2|2107|1141|-528.0|-5856.0|-536.0|-5840.0|-532.4472135955|-5848.22360679775|144.0|144.0|144.0|QROCK3|QROCK3X8|1.0|1.0|0.0|0.0|8|rock|-|SG002291|-|1124|1|1|1141|QROCK3X8|-|1.0|1.0|0.0|0.0|0.0|QROCK3X8|-|1.0|1.0|248.735767558|112.0|0.0|0.0|144.0|144.0|384.0|384.0|384.0|384.0
UTNTSkyEdge_tntle_6300_0_terrain_1_0|6300|0|2|2874|1141|-544.0|-5824.0|-528.0|-5776.0|-535.5256583509747|-5800.158113883009|144.0|144.0|144.0|QROCK3|QROCK3X8|1.0|1.0|284.512855198|112.0|8|rock|-|SG002130|-|1075|1|0|1141|QROCK3X8|-|1.0|1.0|0.0|0.0|0.0|QROCK3X8|-|1.0|1.0|284.512855198|112.0|0.0|0.0|144.0|144.0|384.0|384.0|384.0|384.0
UTNTSkyEdge_tntle_6300_0_terrain_1_1|6300|0|2|2874|1141|-544.0|-5824.0|-528.0|-5776.0|-536.4743416490253|-5799.841886116991|144.0|144.0|144.0|QROCK3|QROCK3X8|1.0|1.0|0.0|0.0|8|rock|-|SG002291|-|1124|1|1|1141|QROCK3X8|-|1.0|1.0|0.0|0.0|0.0|QROCK3X8|-|1.0|1.0|284.512855198|112.0|0.0|0.0|144.0|144.0|384.0|384.0|384.0|384.0
UTNTSkyEdge_tntle_6378_0_terrain_1_0|6378|0|2|2099|2096|10096.0|2632.0|10144.0|2696.0|10120.4|2663.7|304.0|304.0|304.0|GRASS2|GRASS2|1.0|1.0|0.0|0.0|1.28|grass|-|SG002359|-|1126|1|0|2096|GRASS2|-|1.0|1.0|0.0|0.0|0.0|GRASS2|-|1.0|1.0|0.0|0.0|296.0|296.0|304.0|304.0|576.0|576.0|576.0|576.0
UTNTSkyEdge_tntle_6378_0_terrain_1_1|6378|0|2|2099|2096|10096.0|2632.0|10144.0|2696.0|10119.6|2664.3|304.0|304.0|304.0|GRASS2|GRASS2|1.0|1.0|0.0|0.0|1.28|grass|-|SG002360|-|1128|1|1|2096|GRASS2|-|1.0|1.0|0.0|0.0|0.0|GRASS2|-|1.0|1.0|0.0|0.0|296.0|296.0|304.0|304.0|576.0|576.0|576.0|576.0
UTNTSkyEdge_tntle_6433_0_terrain_1_0|6433|0|2|2099|2096|10112.0|2560.0|10096.0|2632.0|10104.488093530092|2596.108465228909|304.0|304.0|304.0|GRASS2|GRASS2|1.0|1.0|0.0|0.0|1.28|grass|-|SG002359|-|1126|1|0|2096|GRASS2|-|1.0|1.0|0.0|0.0|0.0|GRASS2|-|1.0|1.0|0.0|0.0|296.0|296.0|304.0|304.0|576.0|576.0|576.0|576.0
UTNTSkyEdge_tntle_6433_0_terrain_1_1|6433|0|2|2099|2096|10112.0|2560.0|10096.0|2632.0|10103.511906469908|2595.891534771091|304.0|304.0|304.0|GRASS2|GRASS2|1.0|1.0|0.0|0.0|1.28|grass|-|SG002360|-|1128|1|1|2096|GRASS2|-|1.0|1.0|0.0|0.0|0.0|GRASS2|-|1.0|1.0|0.0|0.0|296.0|296.0|304.0|304.0|576.0|576.0|576.0|576.0
UTNTSkyEdge_tntle_6571_1_terrain_2_1|6571|1|2|2874|2874|-448.0|-6528.0|-528.0|-6448.0|-487.6464466094067|-6487.646446609407|0.0|0.0|0.0|QROCK3|XA02TEX|1.0|1.0|0.0|0.0|5|gravel|-|SG002225|-|1075|2|1|2874|XA02TEX|-|1.0|1.0|0.0|0.0|0.0|QROCK3X8|-|1.0|1.0|36.0|320.0|0.0|0.0|64.0|64.0|384.0|384.0|256.0|256.0
UTNTSkyEdge_tntle_6579_1_terrain_2_1|6579|1|2|2874|2874|-672.0|-6304.0|-752.0|-6224.0|-711.6464466094068|-6263.646446609407|0.0|0.0|0.0|QROCK3|XA02TEX|1.0|1.0|0.0|0.0|5|gravel|-|SG002225|-|1075|2|1|2874|XA02TEX|-|1.0|1.0|0.0|0.0|0.0|QROCK3X8|-|1.0|1.0|96.0|320.0|0.0|0.0|64.0|64.0|384.0|384.0|256.0|256.0
UTNTSkyEdge_tntle_6597_0_terrain_1_0|6597|0|2|2979|1162|-2944.0|-2816.0|-3008.0|-2880.0|-2976.3535533905933|-2847.6464466094067|-16.0|-16.0|-16.0|QROCK3|QROCK3X8|1.0|1.0|43.0|16.0|8|rock|-|SG002121|-|1066|1|0|1162|XA02TEX|-|1.0|1.0|0.0|0.0|0.0|QROCK3X8|-|1.0|1.0|43.0|16.0|-384.0|-384.0|-16.0|-16.0|384.0|384.0|384.0|384.0
UTNTSkyEdge_tntle_6597_0_terrain_1_1|6597|0|2|2979|1162|-2944.0|-2816.0|-3008.0|-2880.0|-2975.6464466094067|-2848.3535533905933|-16.0|-16.0|-16.0|QROCK3|XA02TEX|1.0|1.0|0.0|0.0|8|gravel|-|SG002239|-|1080|1|1|1162|XA02TEX|-|1.0|1.0|0.0|0.0|0.0|QROCK3X8|-|1.0|1.0|43.0|16.0|-384.0|-384.0|-16.0|-16.0|384.0|384.0|384.0|384.0
UTNTSkyEdge_tntle_6598_0_terrain_1_0|6598|0|2|2979|1162|-3008.0|-2880.0|-3008.0|-2976.0|-3008.5|-2928.0|-16.0|-16.0|-16.0|QROCK3|QROCK3X8|1.0|1.0|133.509667992|16.0|8|rock|-|SG002121|-|1066|1|0|1162|XA02TEX|-|1.0|1.0|0.0|0.0|0.0|QROCK3X8|-|1.0|1.0|133.509667992|16.0|-384.0|-384.0|-16.0|-16.0|384.0|384.0|384.0|384.0
UTNTSkyEdge_tntle_6598_0_terrain_1_1|6598|0|2|2979|1162|-3008.0|-2880.0|-3008.0|-2976.0|-3007.5|-2928.0|-16.0|-16.0|-16.0|QROCK3|XA02TEX|1.0|1.0|0.0|0.0|8|gravel|-|SG002239|-|1080|1|1|1162|XA02TEX|-|1.0|1.0|0.0|0.0|0.0|QROCK3X8|-|1.0|1.0|133.509667992|16.0|-384.0|-384.0|-16.0|-16.0|384.0|384.0|384.0|384.0
UTNTSkyEdge_tntle_6598_0_terrain_2_1|6598|0|2|2979|2979|-3008.0|-2880.0|-3008.0|-2976.0|-3008.5|-2928.0|-384.0|-384.0|-384.0|QROCK3|XA02TEX|1.0|1.0|0.0|0.0|5|gravel|-|SG002207|-|1066|2|1|2979|XA02TEX|-|1.0|1.0|0.0|0.0|0.0|QROCK3X8|-|1.0|1.0|133.509667992|16.0|-384.0|-384.0|-16.0|-16.0|384.0|384.0|384.0|384.0
UTNTSkyEdge_tntle_6599_0_terrain_1_0|6599|0|2|2979|1162|-3008.0|-2976.0|-3040.0|-3040.0|-3024.4472135954998|-3007.77639320225|-16.0|-16.0|-16.0|QROCK3|QROCK3X8|1.0|1.0|229.509667992|16.0|8|rock|-|SG002121|-|1066|1|0|1162|XA02TEX|-|1.0|1.0|0.0|0.0|0.0|QROCK3X8|-|1.0|1.0|229.509667992|16.0|-384.0|-384.0|-16.0|-16.0|384.0|384.0|384.0|384.0
UTNTSkyEdge_tntle_6599_0_terrain_1_1|6599|0|2|2979|1162|-3008.0|-2976.0|-3040.0|-3040.0|-3023.5527864045002|-3008.22360679775|-16.0|-16.0|-16.0|QROCK3|XA02TEX|1.0|1.0|0.0|0.0|8|gravel|-|SG002239|-|1080|1|1|1162|XA02TEX|-|1.0|1.0|0.0|0.0|0.0|QROCK3X8|-|1.0|1.0|229.509667992|16.0|-384.0|-384.0|-16.0|-16.0|384.0|384.0|384.0|384.0
UTNTSkyEdge_tntle_6600_0_terrain_1_0|6600|0|2|2979|1162|-3040.0|-3040.0|-2976.0|-3200.0|-3008.4642383454425|-3120.185695338177|-16.0|-16.0|-16.0|QROCK3|QROCK3X8|1.0|1.0|301.063843272|16.0|8|rock|-|SG002121|-|1066|1|0|1162|XA02TEX|-|1.0|1.0|0.0|0.0|0.0|QROCK3X8|-|1.0|1.0|301.063843272|16.0|-384.0|-384.0|-16.0|-16.0|384.0|384.0|384.0|384.0
UTNTSkyEdge_tntle_6600_0_terrain_1_1|6600|0|2|2979|1162|-3040.0|-3040.0|-2976.0|-3200.0|-3007.5357616545575|-3119.814304661823|-16.0|-16.0|-16.0|QROCK3|XA02TEX|1.0|1.0|0.0|0.0|8|gravel|-|SG002239|-|1080|1|1|1162|XA02TEX|-|1.0|1.0|0.0|0.0|0.0|QROCK3X8|-|1.0|1.0|301.063843272|16.0|-384.0|-384.0|-16.0|-16.0|384.0|384.0|384.0|384.0
UTNTSkyEdge_tntle_6600_0_terrain_2_1|6600|0|2|2979|2979|-3040.0|-3040.0|-2976.0|-3200.0|-3008.4642383454425|-3120.185695338177|-384.0|-384.0|-384.0|QROCK3|XA02TEX|1.0|1.0|0.0|0.0|5|gravel|-|SG002207|-|1066|2|1|2979|XA02TEX|-|1.0|1.0|0.0|0.0|0.0|QROCK3X8|-|1.0|1.0|301.063843272|16.0|-384.0|-384.0|-16.0|-16.0|384.0|384.0|384.0|384.0
UTNTSkyEdge_tntle_6601_0_terrain_1_0|6601|0|2|2979|1162|-2976.0|-3200.0|-3008.0|-3392.0|-2992.493196961916|-3295.9178005063472|-16.0|-16.0|-16.0|QROCK3|QROCK3X8|1.0|1.0|473.3891171|16.0|8|rock|-|SG002121|-|1066|1|0|1162|XA02TEX|-|1.0|1.0|0.0|0.0|0.0|QROCK3X8|-|1.0|1.0|473.3891171|16.0|-384.0|-384.0|-16.0|-16.0|384.0|384.0|384.0|384.0
UTNTSkyEdge_tntle_6601_0_terrain_1_1|6601|0|2|2979|1162|-2976.0|-3200.0|-3008.0|-3392.0|-2991.506803038084|-3296.0821994936528|-16.0|-16.0|-16.0|QROCK3|XA02TEX|1.0|1.0|0.0|0.0|8|gravel|-|SG002239|-|1080|1|1|1162|XA02TEX|-|1.0|1.0|0.0|0.0|0.0|QROCK3X8|-|1.0|1.0|473.3891171|16.0|-384.0|-384.0|-16.0|-16.0|384.0|384.0|384.0|384.0
UTNTSkyEdge_tntle_6602_0_terrain_1_0|6602|0|2|2979|1162|-3008.0|-3392.0|-2944.0|-3456.0|-2976.3535533905933|-3424.3535533905933|-16.0|-16.0|-16.0|QROCK3|QROCK3X8|1.0|1.0|668.03751807|16.0|8|rock|-|SG002121|-|1066|1|0|1162|XA02TEX|-|1.0|1.0|0.0|0.0|0.0|QROCK3X8|-|1.0|1.0|668.03751807|16.0|-384.0|-384.0|-16.0|-16.0|384.0|384.0|384.0|384.0
UTNTSkyEdge_tntle_6602_0_terrain_1_1|6602|0|2|2979|1162|-3008.0|-3392.0|-2944.0|-3456.0|-2975.6464466094067|-3423.6464466094067|-16.0|-16.0|-16.0|QROCK3|XA02TEX|1.0|1.0|0.0|0.0|8|gravel|-|SG002239|-|1080|1|1|1162|XA02TEX|-|1.0|1.0|0.0|0.0|0.0|QROCK3X8|-|1.0|1.0|668.03751807|16.0|-384.0|-384.0|-16.0|-16.0|384.0|384.0|384.0|384.0
UTNTSkyEdge_tntle_6603_0_terrain_1_0|6603|0|2|2979|1162|-2944.0|-3456.0|-2816.0|-3456.0|-2880.0|-3456.5|-16.0|-16.0|-16.0|QROCK3|QROCK3X8|1.0|1.0|758.547186062|16.0|8|rock|-|SG002121|-|1066|1|0|1162|XA02TEX|-|1.0|1.0|0.0|0.0|0.0|QROCK3X8|-|1.0|1.0|758.547186062|16.0|-384.0|-384.0|-16.0|-16.0|384.0|384.0|384.0|384.0
UTNTSkyEdge_tntle_6603_0_terrain_1_1|6603|0|2|2979|1162|-2944.0|-3456.0|-2816.0|-3456.0|-2880.0|-3455.5|-16.0|-16.0|-16.0|QROCK3|XA02TEX|1.0|1.0|0.0|0.0|8|gravel|-|SG002239|-|1080|1|1|1162|XA02TEX|-|1.0|1.0|0.0|0.0|0.0|QROCK3X8|-|1.0|1.0|758.547186062|16.0|-384.0|-384.0|-16.0|-16.0|384.0|384.0|384.0|384.0
UTNTSkyEdge_tntle_6604_0_terrain_1_0|6604|0|2|2979|1162|-2816.0|-3456.0|-2752.0|-3392.0|-2783.6464466094067|-3424.3535533905933|-16.0|-16.0|-16.0|QROCK3|QROCK3X8|1.0|1.0|886.547186062|16.0|8|rock|-|SG002121|-|1066|1|0|1162|XA02TEX|-|1.0|1.0|0.0|0.0|0.0|QROCK3X8|-|1.0|1.0|886.547186062|16.0|-384.0|-384.0|-16.0|-16.0|384.0|384.0|384.0|384.0
UTNTSkyEdge_tntle_6604_0_terrain_1_1|6604|0|2|2979|1162|-2816.0|-3456.0|-2752.0|-3392.0|-2784.3535533905933|-3423.6464466094067|-16.0|-16.0|-16.0|QROCK3|XA02TEX|1.0|1.0|0.0|0.0|8|gravel|-|SG002239|-|1080|1|1|1162|XA02TEX|-|1.0|1.0|0.0|0.0|0.0|QROCK3X8|-|1.0|1.0|886.547186062|16.0|-384.0|-384.0|-16.0|-16.0|384.0|384.0|384.0|384.0
UTNTSkyEdge_tntle_6605_0_terrain_1_0|6605|0|2|2979|1162|-2752.0|-3392.0|-2656.0|-3392.0|-2704.0|-3392.5|-16.0|-16.0|-16.0|QROCK3|QROCK3X8|1.0|1.0|977.056854053|16.0|8|rock|-|SG002121|-|1066|1|0|1162|XA02TEX|-|1.0|1.0|0.0|0.0|0.0|QROCK3X8|-|1.0|1.0|977.056854053|16.0|-384.0|-384.0|-16.0|-16.0|384.0|384.0|384.0|384.0
UTNTSkyEdge_tntle_6605_0_terrain_1_1|6605|0|2|2979|1162|-2752.0|-3392.0|-2656.0|-3392.0|-2704.0|-3391.5|-16.0|-16.0|-16.0|QROCK3|XA02TEX|1.0|1.0|0.0|0.0|8|gravel|-|SG002239|-|1080|1|1|1162|XA02TEX|-|1.0|1.0|0.0|0.0|0.0|QROCK3X8|-|1.0|1.0|977.056854053|16.0|-384.0|-384.0|-16.0|-16.0|384.0|384.0|384.0|384.0
UTNTSkyEdge_tntle_6605_0_terrain_2_1|6605|0|2|2979|2979|-2752.0|-3392.0|-2656.0|-3392.0|-2704.0|-3392.5|-384.0|-384.0|-384.0|QROCK3|XA02TEX|1.0|1.0|0.0|0.0|5|gravel|-|SG002207|-|1066|2|1|2979|XA02TEX|-|1.0|1.0|0.0|0.0|0.0|QROCK3X8|-|1.0|1.0|977.056854053|16.0|-384.0|-384.0|-16.0|-16.0|384.0|384.0|384.0|384.0
UTNTSkyEdge_tntle_6606_0_terrain_1_0|6606|0|2|2979|1162|-2656.0|-3392.0|-2560.0|-3264.0|-2607.6|-3328.3|-16.0|-16.0|-16.0|QROCK3|QROCK3X8|1.0|1.0|49.056854053|16.0|8|rock|-|SG002121|-|1066|1|0|1162|XA02TEX|-|1.0|1.0|0.0|0.0|0.0|QROCK3X8|-|1.0|1.0|49.056854053|16.0|-384.0|-384.0|-16.0|-16.0|384.0|384.0|384.0|384.0
UTNTSkyEdge_tntle_6606_0_terrain_1_1|6606|0|2|2979|1162|-2656.0|-3392.0|-2560.0|-3264.0|-2608.4|-3327.7|-16.0|-16.0|-16.0|QROCK3|XA02TEX|1.0|1.0|0.0|0.0|8|gravel|-|SG002239|-|1080|1|1|1162|XA02TEX|-|1.0|1.0|0.0|0.0|0.0|QROCK3X8|-|1.0|1.0|49.056854053|16.0|-384.0|-384.0|-16.0|-16.0|384.0|384.0|384.0|384.0
UTNTSkyEdge_tntle_6607_0_terrain_1_0|6607|0|2|2979|1162|-2560.0|-3264.0|-2592.0|-3232.0|-2575.6464466094067|-3247.6464466094067|-16.0|-16.0|-16.0|QROCK3|QROCK3X8|1.0|1.0|209.056854053|16.0|8|rock|-|SG002121|-|1066|1|0|1162|XA02TEX|-|1.0|1.0|0.0|0.0|0.0|QROCK3X8|-|1.0|1.0|209.056854053|16.0|-384.0|-384.0|-16.0|-16.0|384.0|384.0|384.0|384.0
UTNTSkyEdge_tntle_6607_0_terrain_1_1|6607|0|2|2979|1162|-2560.0|-3264.0|-2592.0|-3232.0|-2576.3535533905933|-3248.3535533905933|-16.0|-16.0|-16.0|QROCK3|XA02TEX|1.0|1.0|0.0|0.0|8|gravel|-|SG002239|-|1080|1|1|1162|XA02TEX|-|1.0|1.0|0.0|0.0|0.0|QROCK3X8|-|1.0|1.0|209.056854053|16.0|-384.0|-384.0|-16.0|-16.0|384.0|384.0|384.0|384.0
UTNTSkyEdge_tntle_6608_0_terrain_2_1|6608|0|1|2979|2979|-2496.0|-3136.0|-2304.0|-3072.0|-2399.8418861169916|-3104.474341649025|-384.0|-384.0|-384.0|QROCK3|XA02TEX|1.0|1.0|0.0|0.0|5|gravel|-|SG002207|-|1066|2|1|2979|XA02TEX|-|1.0|1.0|0.0|0.0|0.0|QROCK3X8|-|1.0|1.0|67.0|0.0|-384.0|-384.0|0|0|384.0|384.0|0|0
UTNTSkyEdge_tntle_6609_0_terrain_1_0|6609|0|2|2979|1162|-2592.0|-3232.0|-2496.0|-3136.0|-2543.6464466094067|-3184.3535533905933|-16.0|-16.0|-16.0|QROCK3|QROCK3X8|1.0|1.0|254.311688049|16.0|8|rock|-|SG002121|-|1066|1|0|1162|XA02TEX|-|1.0|1.0|0.0|0.0|0.0|QROCK3X8|-|1.0|1.0|254.311688049|16.0|-384.0|-384.0|-16.0|-16.0|384.0|384.0|384.0|384.0
UTNTSkyEdge_tntle_6609_0_terrain_1_1|6609|0|2|2979|1162|-2592.0|-3232.0|-2496.0|-3136.0|-2544.3535533905933|-3183.6464466094067|-16.0|-16.0|-16.0|QROCK3|XA02TEX|1.0|1.0|0.0|0.0|8|gravel|-|SG002239|-|1080|1|1|1162|XA02TEX|-|1.0|1.0|0.0|0.0|0.0|QROCK3X8|-|1.0|1.0|254.311688049|16.0|-384.0|-384.0|-16.0|-16.0|384.0|384.0|384.0|384.0
UTNTSkyEdge_tntle_6610_0_terrain_2_1|6610|0|1|1161|1161|-2816.0|-3008.0|-2688.0|-3200.0|-2752.416025147169|-3104.2773500981125|144.0|144.0|144.0|QROCK3|XA02TEX|1.0|1.0|0.0|0.0|5|gravel|-|SG002361|-|1129|2|1|1161|XA02TEX|-|1.0|1.0|0.0|0.0|0.0|QROCK3X8|-|1.0|1.0|18.0|0.0|144.0|144.0|0|0|384.0|384.0|0|0
UTNTSkyEdge_tntle_6611_0_terrain_1_0|6611|0|2|1162|1161|-2816.0|-3008.0|-2880.0|-3072.0|-2848.3535533905933|-3039.6464466094067|144.0|144.0|144.0|QROCK3|QROCK3X8|1.0|1.0|18.0|112.0|8|rock|-|SG002135|-|1080|1|0|1161|XA02TEX|-|1.0|1.0|0.0|0.0|0.0|QROCK3X8|-|1.0|1.0|18.0|112.0|-16.0|-16.0|144.0|144.0|384.0|384.0|384.0|384.0
UTNTSkyEdge_tntle_6611_0_terrain_1_1|6611|0|2|1162|1161|-2816.0|-3008.0|-2880.0|-3072.0|-2847.6464466094067|-3040.3535533905933|144.0|144.0|144.0|QROCK3|XA02TEX|1.0|1.0|0.0|0.0|8|gravel|-|SG002361|-|1129|1|1|1161|XA02TEX|-|1.0|1.0|0.0|0.0|0.0|QROCK3X8|-|1.0|1.0|18.0|112.0|-16.0|-16.0|144.0|144.0|384.0|384.0|384.0|384.0
UTNTSkyEdge_tntle_6612_0_terrain_1_0|6612|0|2|1162|1161|-2880.0|-3072.0|-2816.0|-3168.0|-2848.416025147169|-3120.2773500981125|144.0|144.0|144.0|QROCK3|QROCK3X8|1.0|1.0|108.509667992|112.0|8|rock|-|SG002135|-|1080|1|0|1161|XA02TEX|-|1.0|1.0|0.0|0.0|0.0|QROCK3X8|-|1.0|1.0|108.509667992|112.0|-16.0|-16.0|144.0|144.0|384.0|384.0|384.0|384.0
UTNTSkyEdge_tntle_6612_0_terrain_1_1|6612|0|2|1162|1161|-2880.0|-3072.0|-2816.0|-3168.0|-2847.583974852831|-3119.7226499018875|144.0|144.0|144.0|QROCK3|XA02TEX|1.0|1.0|0.0|0.0|8|gravel|-|SG002361|-|1129|1|1|1161|XA02TEX|-|1.0|1.0|0.0|0.0|0.0|QROCK3X8|-|1.0|1.0|108.509667992|112.0|-16.0|-16.0|144.0|144.0|384.0|384.0|384.0|384.0
UTNTSkyEdge_tntle_6612_0_terrain_2_1|6612|0|2|1162|1162|-2880.0|-3072.0|-2816.0|-3168.0|-2848.416025147169|-3120.2773500981125|-16.0|-16.0|-16.0|QROCK3|XA02TEX|1.0|1.0|0.0|0.0|5|gravel|-|SG002239|-|1080|2|1|1162|XA02TEX|-|1.0|1.0|0.0|0.0|0.0|QROCK3X8|-|1.0|1.0|108.509667992|112.0|-16.0|-16.0|144.0|144.0|384.0|384.0|384.0|384.0
UTNTSkyEdge_tntle_6613_0_terrain_1_0|6613|0|2|1162|1161|-2816.0|-3168.0|-2848.0|-3232.0|-2832.4472135954998|-3199.77639320225|144.0|144.0|144.0|QROCK3|QROCK3X8|1.0|1.0|223.887308807|112.0|8|rock|-|SG002135|-|1080|1|0|1161|XA02TEX|-|1.0|1.0|0.0|0.0|0.0|QROCK3X8|-|1.0|1.0|223.887308807|112.0|-16.0|-16.0|144.0|144.0|384.0|384.0|384.0|384.0
UTNTSkyEdge_tntle_6613_0_terrain_1_1|6613|0|2|1162|1161|-2816.0|-3168.0|-2848.0|-3232.0|-2831.5527864045002|-3200.22360679775|144.0|144.0|144.0|QROCK3|XA02TEX|1.0|1.0|0.0|0.0|8|gravel|-|SG002361|-|1129|1|1|1161|XA02TEX|-|1.0|1.0|0.0|0.0|0.0|QROCK3X8|-|1.0|1.0|223.887308807|112.0|-16.0|-16.0|144.0|144.0|384.0|384.0|384.0|384.0
UTNTSkyEdge_tntle_6614_0_terrain_1_0|6614|0|2|1162|1161|-2848.0|-3232.0|-2784.0|-3296.0|-2816.3535533905933|-3264.3535533905933|144.0|144.0|144.0|QROCK3|QROCK3X8|1.0|1.0|295.441484087|112.0|8|rock|-|SG002135|-|1080|1|0|1161|XA02TEX|-|1.0|1.0|0.0|0.0|0.0|QROCK3X8|-|1.0|1.0|295.441484087|112.0|-16.0|-16.0|144.0|144.0|384.0|384.0|384.0|384.0
UTNTSkyEdge_tntle_6614_0_terrain_1_1|6614|0|2|1162|1161|-2848.0|-3232.0|-2784.0|-3296.0|-2815.6464466094067|-3263.6464466094067|144.0|144.0|144.0|QROCK3|XA02TEX|1.0|1.0|0.0|0.0|8|gravel|-|SG002361|-|1129|1|1|1161|XA02TEX|-|1.0|1.0|0.0|0.0|0.0|QROCK3X8|-|1.0|1.0|295.441484087|112.0|-16.0|-16.0|144.0|144.0|384.0|384.0|384.0|384.0
UTNTSkyEdge_tntle_6615_0_terrain_1_0|6615|0|2|1162|1161|-2784.0|-3296.0|-2656.0|-3264.0|-2719.878732187482|-3280.4850712500725|144.0|144.0|144.0|QROCK3|QROCK3X8|1.0|1.0|385.951152079|112.0|8|rock|-|SG002135|-|1080|1|0|1161|XA02TEX|-|1.0|1.0|0.0|0.0|0.0|QROCK3X8|-|1.0|1.0|385.951152079|112.0|-16.0|-16.0|144.0|144.0|384.0|384.0|384.0|384.0
UTNTSkyEdge_tntle_6615_0_terrain_1_1|6615|0|2|1162|1161|-2784.0|-3296.0|-2656.0|-3264.0|-2720.121267812518|-3279.5149287499275|144.0|144.0|144.0|QROCK3|XA02TEX|1.0|1.0|0.0|0.0|8|gravel|-|SG002361|-|1129|1|1|1161|XA02TEX|-|1.0|1.0|0.0|0.0|0.0|QROCK3X8|-|1.0|1.0|385.951152079|112.0|-16.0|-16.0|144.0|144.0|384.0|384.0|384.0|384.0
UTNTSkyEdge_tntle_6616_0_terrain_1_0|6616|0|2|1162|1161|-2656.0|-3264.0|-2688.0|-3200.0|-2671.5527864045002|-3231.77639320225|144.0|144.0|144.0|QROCK3|QROCK3X8|1.0|1.0|517.890532098|112.0|8|rock|-|SG002135|-|1080|1|0|1161|XA02TEX|-|1.0|1.0|0.0|0.0|0.0|QROCK3X8|-|1.0|1.0|517.890532098|112.0|-16.0|-16.0|144.0|144.0|384.0|384.0|384.0|384.0
UTNTSkyEdge_tntle_6616_0_terrain_1_1|6616|0|2|1162|1161|-2656.0|-3264.0|-2688.0|-3200.0|-2672.4472135954998|-3232.22360679775|144.0|144.0|144.0|QROCK3|XA02TEX|1.0|1.0|0.0|0.0|8|gravel|-|SG002361|-|1129|1|1|1161|XA02TEX|-|1.0|1.0|0.0|0.0|0.0|QROCK3X8|-|1.0|1.0|517.890532098|112.0|-16.0|-16.0|144.0|144.0|384.0|384.0|384.0|384.0
UTNTSkyEdge_tntle_6656_0_terrain_1_0|6656|0|2|2833|1166|-1600.0|-5952.0|-1600.0|-6016.0|-1600.5|-5984.0|-64.0|-64.0|-64.0|QROCK3|QROCK3X8|1.0|1.0|554.038671968|64.0|8|rock|-|SG002200|-|1145|1|0|1166|QROCK3X8|-|1.0|1.0|0.0|0.0|0.0|QROCK3X8|-|1.0|1.0|554.038671968|64.0|-256.0|-256.0|-64.0|-64.0|512.0|512.0|512.0|512.0
UTNTSkyEdge_tntle_6656_0_terrain_1_1|6656|0|2|2833|1166|-1600.0|-5952.0|-1600.0|-6016.0|-1599.5|-5984.0|-64.0|-64.0|-64.0|QROCK3|QROCK3X8|1.0|1.0|0.0|0.0|8|rock|-|SG002362|-|1241|1|1|1166|QROCK3X8|-|1.0|1.0|0.0|0.0|0.0|QROCK3X8|-|1.0|1.0|554.038671968|64.0|-256.0|-256.0|-64.0|-64.0|512.0|512.0|512.0|512.0
UTNTSkyEdge_tntle_6657_0_terrain_1_0|6657|0|2|2833|1166|-1600.0|-6016.0|-1536.0|-6080.0|-1568.3535533905933|-6048.353553390593|-64.0|-64.0|-64.0|QROCK3|QROCK3X8|1.0|1.0|618.038671968|64.0|8|rock|-|SG002200|-|1145|1|0|1166|QROCK3X8|-|1.0|1.0|0.0|0.0|0.0|QROCK3X8|-|1.0|1.0|618.038671968|64.0|-256.0|-256.0|-64.0|-64.0|512.0|512.0|512.0|512.0
UTNTSkyEdge_tntle_6657_0_terrain_1_1|6657|0|2|2833|1166|-1600.0|-6016.0|-1536.0|-6080.0|-1567.6464466094067|-6047.646446609407|-64.0|-64.0|-64.0|QROCK3|QROCK3X8|1.0|1.0|0.0|0.0|8|rock|-|SG002362|-|1241|1|1|1166|QROCK3X8|-|1.0|1.0|0.0|0.0|0.0|QROCK3X8|-|1.0|1.0|618.038671968|64.0|-256.0|-256.0|-64.0|-64.0|512.0|512.0|512.0|512.0
UTNTSkyEdge_tntle_6658_0_terrain_1_0|6658|0|2|2833|1166|-1536.0|-6080.0|-1408.0|-6144.0|-1472.2236067977499|-6112.4472135955|-64.0|-64.0|-64.0|QROCK3|QROCK3X8|1.0|1.0|708.548339959|64.0|8|rock|-|SG002200|-|1145|1|0|1166|QROCK3X8|-|1.0|1.0|0.0|0.0|0.0|QROCK3X8|-|1.0|1.0|708.548339959|64.0|-256.0|-256.0|-64.0|-64.0|512.0|512.0|512.0|512.0
UTNTSkyEdge_tntle_6658_0_terrain_1_1|6658|0|2|2833|1166|-1536.0|-6080.0|-1408.0|-6144.0|-1471.7763932022501|-6111.5527864045|-64.0|-64.0|-64.0|QROCK3|QROCK3X8|1.0|1.0|0.0|0.0|8|rock|-|SG002362|-|1241|1|1|1166|QROCK3X8|-|1.0|1.0|0.0|0.0|0.0|QROCK3X8|-|1.0|1.0|708.548339959|64.0|-256.0|-256.0|-64.0|-64.0|512.0|512.0|512.0|512.0
UTNTSkyEdge_tntle_6658_0_terrain_2_1|6658|0|2|2833|2833|-1536.0|-6080.0|-1408.0|-6144.0|-1472.2236067977499|-6112.4472135955|-256.0|-256.0|-256.0|QROCK3|XA02TEX|1.0|1.0|0.0|0.0|5|gravel|-|SG002363|-|1145|2|1|2833|XA02TEX|-|1.0|1.0|0.0|0.0|0.0|QROCK3X8|-|1.0|1.0|708.548339959|64.0|-256.0|-256.0|-64.0|-64.0|512.0|512.0|512.0|512.0
UTNTSkyEdge_tntle_6659_0_terrain_1_0|6659|0|2|2833|1166|-1408.0|-6144.0|-1280.0|-6080.0|-1343.7763932022501|-6112.4472135955|-64.0|-64.0|-64.0|QROCK3|QROCK3X8|1.0|1.0|851.656690519|64.0|8|rock|-|SG002200|-|1145|1|0|1166|QROCK3X8|-|1.0|1.0|0.0|0.0|0.0|QROCK3X8|-|1.0|1.0|851.656690519|64.0|-256.0|-256.0|-64.0|-64.0|512.0|512.0|512.0|512.0
UTNTSkyEdge_tntle_6659_0_terrain_1_1|6659|0|2|2833|1166|-1408.0|-6144.0|-1280.0|-6080.0|-1344.2236067977499|-6111.5527864045|-64.0|-64.0|-64.0|QROCK3|QROCK3X8|1.0|1.0|0.0|0.0|8|rock|-|SG002362|-|1241|1|1|1166|QROCK3X8|-|1.0|1.0|0.0|0.0|0.0|QROCK3X8|-|1.0|1.0|851.656690519|64.0|-256.0|-256.0|-64.0|-64.0|512.0|512.0|512.0|512.0
UTNTSkyEdge_tntle_6660_0_terrain_1_0|6660|0|2|2833|1166|-1280.0|-6080.0|-1280.0|-6016.0|-1279.5|-6048.0|-64.0|-64.0|-64.0|QROCK3|QROCK3X8|1.0|1.0|994.765041079|64.0|8|rock|-|SG002200|-|1145|1|0|1166|QROCK3X8|-|1.0|1.0|0.0|0.0|0.0|QROCK3X8|-|1.0|1.0|994.765041079|64.0|-256.0|-256.0|-64.0|-64.0|512.0|512.0|512.0|512.0
UTNTSkyEdge_tntle_6660_0_terrain_1_1|6660|0|2|2833|1166|-1280.0|-6080.0|-1280.0|-6016.0|-1280.5|-6048.0|-64.0|-64.0|-64.0|QROCK3|QROCK3X8|1.0|1.0|0.0|0.0|8|rock|-|SG002362|-|1241|1|1|1166|QROCK3X8|-|1.0|1.0|0.0|0.0|0.0|QROCK3X8|-|1.0|1.0|994.765041079|64.0|-256.0|-256.0|-64.0|-64.0|512.0|512.0|512.0|512.0
UTNTSkyEdge_tntle_6661_0_terrain_1_0|6661|0|2|2833|1166|-1280.0|-6016.0|-1344.0|-6016.0|-1312.0|-6015.5|-64.0|-64.0|-64.0|QROCK3|QROCK3X8|1.0|1.0|34.765041079|64.0|8|rock|-|SG002200|-|1145|1|0|1166|QROCK3X8|-|1.0|1.0|0.0|0.0|0.0|QROCK3X8|-|1.0|1.0|34.765041079|64.0|-256.0|-256.0|-64.0|-64.0|512.0|512.0|512.0|512.0
UTNTSkyEdge_tntle_6661_0_terrain_1_1|6661|0|2|2833|1166|-1280.0|-6016.0|-1344.0|-6016.0|-1312.0|-6016.5|-64.0|-64.0|-64.0|QROCK3|QROCK3X8|1.0|1.0|0.0|0.0|8|rock|-|SG002362|-|1241|1|1|1166|QROCK3X8|-|1.0|1.0|0.0|0.0|0.0|QROCK3X8|-|1.0|1.0|34.765041079|64.0|-256.0|-256.0|-64.0|-64.0|512.0|512.0|512.0|512.0
UTNTSkyEdge_tntle_6662_0_terrain_1_0|6662|0|2|2833|1166|-1344.0|-6016.0|-1376.0|-5984.0|-1359.6464466094067|-5999.646446609407|-64.0|-64.0|-64.0|QROCK3|QROCK3X8|1.0|1.0|98.765041079|64.0|8|rock|-|SG002200|-|1145|1|0|1166|QROCK3X8|-|1.0|1.0|0.0|0.0|0.0|QROCK3X8|-|1.0|1.0|98.765041079|64.0|-256.0|-256.0|-64.0|-64.0|512.0|512.0|512.0|512.0
UTNTSkyEdge_tntle_6662_0_terrain_1_1|6662|0|2|2833|1166|-1344.0|-6016.0|-1376.0|-5984.0|-1360.3535533905933|-6000.353553390593|-64.0|-64.0|-64.0|QROCK3|QROCK3X8|1.0|1.0|0.0|0.0|8|rock|-|SG002362|-|1241|1|1|1166|QROCK3X8|-|1.0|1.0|0.0|0.0|0.0|QROCK3X8|-|1.0|1.0|98.765041079|64.0|-256.0|-256.0|-64.0|-64.0|512.0|512.0|512.0|512.0
UTNTSkyEdge_tntle_6663_0_terrain_1_0|6663|0|2|2833|1166|-1408.0|-5952.0|-1408.0|-5824.0|-1407.5|-5888.0|-64.0|-64.0|-64.0|QROCK3|QROCK3X8|1.0|1.0|0.0|64.0|8|rock|-|SG002200|-|1145|1|0|1166|QROCK3X8|-|1.0|1.0|0.0|0.0|0.0|QROCK3X8|-|1.0|1.0|0.0|64.0|-256.0|-256.0|-64.0|-64.0|512.0|512.0|512.0|512.0
UTNTSkyEdge_tntle_6663_0_terrain_1_1|6663|0|2|2833|1166|-1408.0|-5952.0|-1408.0|-5824.0|-1408.5|-5888.0|-64.0|-64.0|-64.0|QROCK3|QROCK3X8|1.0|1.0|0.0|0.0|8|rock|-|SG002362|-|1241|1|1|1166|QROCK3X8|-|1.0|1.0|0.0|0.0|0.0|QROCK3X8|-|1.0|1.0|0.0|64.0|-256.0|-256.0|-64.0|-64.0|512.0|512.0|512.0|512.0
UTNTSkyEdge_tntle_6664_0_terrain_1_0|6664|0|2|2833|1166|-1408.0|-5824.0|-1472.0|-5824.0|-1440.0|-5823.5|-64.0|-64.0|-64.0|QROCK3|QROCK3X8|1.0|1.0|128.0|64.0|8|rock|-|SG002200|-|1145|1|0|1166|QROCK3X8|-|1.0|1.0|0.0|0.0|0.0|QROCK3X8|-|1.0|1.0|128.0|64.0|-256.0|-256.0|-64.0|-64.0|512.0|512.0|512.0|512.0
UTNTSkyEdge_tntle_6664_0_terrain_1_1|6664|0|2|2833|1166|-1408.0|-5824.0|-1472.0|-5824.0|-1440.0|-5824.5|-64.0|-64.0|-64.0|QROCK3|QROCK3X8|1.0|1.0|0.0|0.0|8|rock|-|SG002362|-|1241|1|1|1166|QROCK3X8|-|1.0|1.0|0.0|0.0|0.0|QROCK3X8|-|1.0|1.0|128.0|64.0|-256.0|-256.0|-64.0|-64.0|512.0|512.0|512.0|512.0
UTNTSkyEdge_tntle_6665_0_terrain_1_0|6665|0|2|2833|1166|-1472.0|-5824.0|-1536.0|-5888.0|-1504.3535533905933|-5855.646446609407|-64.0|-64.0|-64.0|QROCK3|QROCK3X8|1.0|1.0|192.0|64.0|8|rock|-|SG002200|-|1145|1|0|1166|QROCK3X8|-|1.0|1.0|0.0|0.0|0.0|QROCK3X8|-|1.0|1.0|192.0|64.0|-256.0|-256.0|-64.0|-64.0|512.0|512.0|512.0|512.0
UTNTSkyEdge_tntle_6665_0_terrain_1_1|6665|0|2|2833|1166|-1472.0|-5824.0|-1536.0|-5888.0|-1503.6464466094067|-5856.353553390593|-64.0|-64.0|-64.0|QROCK3|QROCK3X8|1.0|1.0|0.0|0.0|8|rock|-|SG002362|-|1241|1|1|1166|QROCK3X8|-|1.0|1.0|0.0|0.0|0.0|QROCK3X8|-|1.0|1.0|192.0|64.0|-256.0|-256.0|-64.0|-64.0|512.0|512.0|512.0|512.0
UTNTSkyEdge_tntle_6666_0_terrain_1_0|6666|0|2|2833|1166|-1536.0|-5888.0|-1600.0|-5824.0|-1567.6464466094067|-5855.646446609407|-64.0|-64.0|-64.0|QROCK3|QROCK3X8|1.0|1.0|282.509667992|64.0|8|rock|-|SG002200|-|1145|1|0|1166|QROCK3X8|-|1.0|1.0|0.0|0.0|0.0|QROCK3X8|-|1.0|1.0|282.509667992|64.0|-256.0|-256.0|-64.0|-64.0|512.0|512.0|512.0|512.0
UTNTSkyEdge_tntle_6666_0_terrain_1_1|6666|0|2|2833|1166|-1536.0|-5888.0|-1600.0|-5824.0|-1568.3535533905933|-5856.353553390593|-64.0|-64.0|-64.0|QROCK3|QROCK3X8|1.0|1.0|0.0|0.0|8|rock|-|SG002362|-|1241|1|1|1166|QROCK3X8|-|1.0|1.0|0.0|0.0|0.0|QROCK3X8|-|1.0|1.0|282.509667992|64.0|-256.0|-256.0|-64.0|-64.0|512.0|512.0|512.0|512.0
UTNTSkyEdge_tntle_6667_0_terrain_1_0|6667|0|2|2833|1166|-1600.0|-5824.0|-1664.0|-5888.0|-1632.3535533905933|-5855.646446609407|-64.0|-64.0|-64.0|QROCK3|QROCK3X8|1.0|1.0|373.019335984|64.0|8|rock|-|SG002200|-|1145|1|0|1166|QROCK3X8|-|1.0|1.0|0.0|0.0|0.0|QROCK3X8|-|1.0|1.0|373.019335984|64.0|-256.0|-256.0|-64.0|-64.0|512.0|512.0|512.0|512.0
UTNTSkyEdge_tntle_6667_0_terrain_1_1|6667|0|2|2833|1166|-1600.0|-5824.0|-1664.0|-5888.0|-1631.6464466094067|-5856.353553390593|-64.0|-64.0|-64.0|QROCK3|QROCK3X8|1.0|1.0|0.0|0.0|8|rock|-|SG002362|-|1241|1|1|1166|QROCK3X8|-|1.0|1.0|0.0|0.0|0.0|QROCK3X8|-|1.0|1.0|373.019335984|64.0|-256.0|-256.0|-64.0|-64.0|512.0|512.0|512.0|512.0
UTNTSkyEdge_tntle_6668_0_terrain_1_0|6668|0|2|2833|1166|-1664.0|-5888.0|-1600.0|-5952.0|-1632.3535533905933|-5920.353553390593|-64.0|-64.0|-64.0|QROCK3|QROCK3X8|1.0|1.0|463.529003976|64.0|8|rock|-|SG002200|-|1145|1|0|1166|QROCK3X8|-|1.0|1.0|0.0|0.0|0.0|QROCK3X8|-|1.0|1.0|463.529003976|64.0|-256.0|-256.0|-64.0|-64.0|512.0|512.0|512.0|512.0
UTNTSkyEdge_tntle_6668_0_terrain_1_1|6668|0|2|2833|1166|-1664.0|-5888.0|-1600.0|-5952.0|-1631.6464466094067|-5919.646446609407|-64.0|-64.0|-64.0|QROCK3|QROCK3X8|1.0|1.0|0.0|0.0|8|rock|-|SG002362|-|1241|1|1|1166|QROCK3X8|-|1.0|1.0|0.0|0.0|0.0|QROCK3X8|-|1.0|1.0|463.529003976|64.0|-256.0|-256.0|-64.0|-64.0|512.0|512.0|512.0|512.0
UTNTSkyEdge_tntle_6669_0_terrain_1_0|6669|0|2|1166|1167|-1408.0|-5952.0|-1472.0|-5888.0|-1439.6464466094067|-5919.646446609407|-32.0|-32.0|-32.0|QROCK3|QROCK3X8|1.0|1.0|0.0|32.0|5.12|rock|-|SG002364|-|1241|1|0|1167|QROCK3X8|-|1.0|1.0|0.0|0.0|0.0|QROCK3X8|-|1.0|1.0|0.0|32.0|-64.0|-64.0|-32.0|-32.0|512.0|512.0|512.0|512.0
UTNTSkyEdge_tntle_6669_0_terrain_1_1|6669|0|2|1166|1167|-1408.0|-5952.0|-1472.0|-5888.0|-1440.3535533905933|-5920.353553390593|-32.0|-32.0|-32.0|QROCK3|QROCK3X8|1.0|1.0|0.0|0.0|5.12|rock|-|SG002365|-|1242|1|1|1167|QROCK3X8|-|1.0|1.0|0.0|0.0|0.0|QROCK3X8|-|1.0|1.0|0.0|32.0|-64.0|-64.0|-32.0|-32.0|512.0|512.0|512.0|512.0
UTNTSkyEdge_tntle_6670_0_terrain_1_0|6670|0|2|1166|1167|-1472.0|-5888.0|-1536.0|-5952.0|-1504.3535533905933|-5919.646446609407|-32.0|-32.0|-32.0|QROCK3|QROCK3X8|1.0|1.0|90.509667992|32.0|5.12|rock|-|SG002364|-|1241|1|0|1167|QROCK3X8|-|1.0|1.0|0.0|0.0|0.0|QROCK3X8|-|1.0|1.0|90.509667992|32.0|-64.0|-64.0|-32.0|-32.0|512.0|512.0|512.0|512.0
UTNTSkyEdge_tntle_6670_0_terrain_1_1|6670|0|2|1166|1167|-1472.0|-5888.0|-1536.0|-5952.0|-1503.6464466094067|-5920.353553390593|-32.0|-32.0|-32.0|QROCK3|QROCK3X8|1.0|1.0|0.0|0.0|5.12|rock|-|SG002365|-|1242|1|1|1167|QROCK3X8|-|1.0|1.0|0.0|0.0|0.0|QROCK3X8|-|1.0|1.0|90.509667992|32.0|-64.0|-64.0|-32.0|-32.0|512.0|512.0|512.0|512.0
UTNTSkyEdge_tntle_6671_0_terrain_1_0|6671|0|2|1166|1167|-1536.0|-5952.0|-1536.0|-5984.0|-1536.5|-5968.0|-32.0|-32.0|-32.0|QROCK3|QROCK3X8|1.0|1.0|181.019335984|32.0|5.12|rock|-|SG002364|-|1241|1|0|1167|QROCK3X8|-|1.0|1.0|0.0|0.0|0.0|QROCK3X8|-|1.0|1.0|181.019335984|32.0|-64.0|-64.0|-32.0|-32.0|512.0|512.0|512.0|512.0
UTNTSkyEdge_tntle_6671_0_terrain_1_1|6671|0|2|1166|1167|-1536.0|-5952.0|-1536.0|-5984.0|-1535.5|-5968.0|-32.0|-32.0|-32.0|QROCK3|QROCK3X8|1.0|1.0|0.0|0.0|5.12|rock|-|SG002365|-|1242|1|1|1167|QROCK3X8|-|1.0|1.0|0.0|0.0|0.0|QROCK3X8|-|1.0|1.0|181.019335984|32.0|-64.0|-64.0|-32.0|-32.0|512.0|512.0|512.0|512.0
UTNTSkyEdge_tntle_6672_0_terrain_1_0|6672|0|2|1166|1167|-1536.0|-5984.0|-1472.0|-6016.0|-1504.2236067977499|-6000.4472135955|-32.0|-32.0|-32.0|QROCK3|QROCK3X8|1.0|1.0|213.019335984|32.0|5.12|rock|-|SG002364|-|1241|1|0|1167|QROCK3X8|-|1.0|1.0|0.0|0.0|0.0|QROCK3X8|-|1.0|1.0|213.019335984|32.0|-64.0|-64.0|-32.0|-32.0|512.0|512.0|512.0|512.0
UTNTSkyEdge_tntle_6672_0_terrain_1_1|6672|0|2|1166|1167|-1536.0|-5984.0|-1472.0|-6016.0|-1503.7763932022501|-5999.5527864045|-32.0|-32.0|-32.0|QROCK3|QROCK3X8|1.0|1.0|0.0|0.0|5.12|rock|-|SG002365|-|1242|1|1|1167|QROCK3X8|-|1.0|1.0|0.0|0.0|0.0|QROCK3X8|-|1.0|1.0|213.019335984|32.0|-64.0|-64.0|-32.0|-32.0|512.0|512.0|512.0|512.0
UTNTSkyEdge_tntle_6673_0_terrain_1_0|6673|0|2|1166|1167|-1472.0|-6016.0|-1472.0|-6048.0|-1472.5|-6032.0|-32.0|-32.0|-32.0|QROCK3|QROCK3X8|1.0|1.0|284.573511264|32.0|5.12|rock|-|SG002364|-|1241|1|0|1167|QROCK3X8|-|1.0|1.0|0.0|0.0|0.0|QROCK3X8|-|1.0|1.0|284.573511264|32.0|-64.0|-64.0|-32.0|-32.0|512.0|512.0|512.0|512.0
UTNTSkyEdge_tntle_6673_0_terrain_1_1|6673|0|2|1166|1167|-1472.0|-6016.0|-1472.0|-6048.0|-1471.5|-6032.0|-32.0|-32.0|-32.0|QROCK3|QROCK3X8|1.0|1.0|0.0|0.0|5.12|rock|-|SG002365|-|1242|1|1|1167|QROCK3X8|-|1.0|1.0|0.0|0.0|0.0|QROCK3X8|-|1.0|1.0|284.573511264|32.0|-64.0|-64.0|-32.0|-32.0|512.0|512.0|512.0|512.0
UTNTSkyEdge_tntle_6674_0_terrain_1_0|6674|0|2|1166|1167|-1472.0|-6048.0|-1408.0|-6048.0|-1440.0|-6048.5|-32.0|-32.0|-32.0|QROCK3|QROCK3X8|1.0|1.0|316.573511264|32.0|5.12|rock|-|SG002364|-|1241|1|0|1167|QROCK3X8|-|1.0|1.0|0.0|0.0|0.0|QROCK3X8|-|1.0|1.0|316.573511264|32.0|-64.0|-64.0|-32.0|-32.0|512.0|512.0|512.0|512.0
UTNTSkyEdge_tntle_6674_0_terrain_1_1|6674|0|2|1166|1167|-1472.0|-6048.0|-1408.0|-6048.0|-1440.0|-6047.5|-32.0|-32.0|-32.0|QROCK3|QROCK3X8|1.0|1.0|0.0|0.0|5.12|rock|-|SG002365|-|1242|1|1|1167|QROCK3X8|-|1.0|1.0|0.0|0.0|0.0|QROCK3X8|-|1.0|1.0|316.573511264|32.0|-64.0|-64.0|-32.0|-32.0|512.0|512.0|512.0|512.0
UTNTSkyEdge_tntle_6675_0_terrain_1_0|6675|0|2|2833|1167|-1376.0|-5984.0|-1408.0|-5952.0|-1391.6464466094067|-5967.646446609407|-32.0|-32.0|-32.0|QROCK3|QROCK3X8|1.0|1.0|0.0|32.0|8|rock|-|SG002200|-|1145|1|0|1167|QROCK3X8|-|1.0|1.0|0.0|0.0|0.0|QROCK3X8|-|1.0|1.0|0.0|32.0|-256.0|-256.0|-32.0|-32.0|512.0|512.0|512.0|512.0
UTNTSkyEdge_tntle_6675_0_terrain_1_1|6675|0|2|2833|1167|-1376.0|-5984.0|-1408.0|-5952.0|-1392.3535533905933|-5968.353553390593|-32.0|-32.0|-32.0|QROCK3|QROCK3X8|1.0|1.0|0.0|0.0|8|rock|-|SG002365|-|1242|1|1|1167|QROCK3X8|-|1.0|1.0|0.0|0.0|0.0|QROCK3X8|-|1.0|1.0|0.0|32.0|-256.0|-256.0|-32.0|-32.0|512.0|512.0|512.0|512.0
UTNTSkyEdge_tntle_6676_0_terrain_1_0|6676|0|2|1166|1167|-1408.0|-6048.0|-1376.0|-5984.0|-1391.5527864045|-6016.22360679775|-32.0|-32.0|-32.0|QROCK3|QROCK3X8|1.0|1.0|380.573511264|32.0|5.12|rock|-|SG002364|-|1241|1|0|1167|QROCK3X8|-|1.0|1.0|0.0|0.0|0.0|QROCK3X8|-|1.0|1.0|380.573511264|32.0|-64.0|-64.0|-32.0|-32.0|512.0|512.0|512.0|512.0
UTNTSkyEdge_tntle_6676_0_terrain_1_1|6676|0|2|1166|1167|-1408.0|-6048.0|-1376.0|-5984.0|-1392.4472135955|-6015.77639320225|-32.0|-32.0|-32.0|QROCK3|QROCK3X8|1.0|1.0|0.0|0.0|5.12|rock|-|SG002365|-|1242|1|1|1167|QROCK3X8|-|1.0|1.0|0.0|0.0|0.0|QROCK3X8|-|1.0|1.0|380.573511264|32.0|-64.0|-64.0|-32.0|-32.0|512.0|512.0|512.0|512.0
UTNTSkyEdge_tntle_7207_0_terrain_2_1|7207|0|1|1265|1265|4152.0|-7072.0|4296.0|-7008.0|4224.203069233026|-7040.45690577431|-952.0|-952.0|-952.0|QROCK3|XA02TEX|1.0|1.0|0.0|0.0|5|gravel|-|SG002366|-|1130|2|1|1265|XA02TEX|-|1.0|1.0|0.0|0.0|0.0|QROCK3X8|-|1.0|1.0|256.331902712|88.0|-952.0|-952.0|0|0|-856.0|-856.0|0|0
UTNTSkyEdge_tntle_7284_0_terrain_2_1|7284|0|1|1280|1280|1984.0|-7104.0|2688.0|-7104.0|2336.0|-7104.5|-896.0|-896.0|-896.0|QROCK3X8|XA02TEX|1.0|1.0|0.0|0.0|5|gravel|-|SG002367|-|1131|2|1|1280|XA02TEX|-|1.0|1.0|0.0|0.0|0.0|QROCK3X8|-|1.0|1.0|618.038671968|64.0|-896.0|-896.0|0|0|-704.0|-704.0|0|0
UTNTSkyEdge_tntle_7285_0_terrain_2_1|7285|0|1|1280|1280|1856.0|-7232.0|1984.0|-7104.0|1920.3535533905933|-7168.353553390593|-896.0|-896.0|-896.0|QROCK3X8|XA02TEX|1.0|1.0|0.0|0.0|5|gravel|-|SG002367|-|1131|2|1|1280|XA02TEX|-|1.0|1.0|0.0|0.0|0.0|QROCK3X8|-|1.0|1.0|437.019335984|64.0|-896.0|-896.0|0|0|-704.0|-704.0|0|0
UTNTSkyEdge_tntle_7287_0_terrain_2_1|7287|0|1|1280|1280|1984.0|-7936.0|1856.0|-7808.0|1920.3535533905933|-7871.646446609407|-896.0|-896.0|-896.0|QROCK3X8|XA02TEX|1.0|1.0|0.0|0.0|5|gravel|-|SG002367|-|1131|2|1|1280|XA02TEX|-|1.0|1.0|0.0|0.0|0.0|QROCK3X8|-|1.0|1.0|704.0|64.0|-896.0|-896.0|0|0|-704.0|-704.0|0|0
UTNTSkyEdge_tntle_7320_0_terrain_2_1|7320|0|1|1265|1265|4296.0|-7008.0|4608.0|-6976.0|4452.051014432749|-6992.497390719305|-952.0|-952.0|-952.0|QROCK3|XA02TEX|1.0|1.0|0.0|0.0|5|gravel|-|SG002366|-|1130|2|1|1265|XA02TEX|-|1.0|1.0|0.0|0.0|0.0|QROCK3X8|-|1.0|1.0|413.91362754|88.0|-952.0|-952.0|0|0|-856.0|-856.0|0|0
UTNTSkyEdge_tntle_7322_0_terrain_1_0|7322|0|2|1289|1264|4352.0|-7640.0|4200.0|-7576.0|4276.194028500029|-7607.539182312431|-952.0|-952.0|-952.0|QROCK3|QROCK3X8|1.0|1.0|472.649341004|-1240.0|2.56|rock|-|SG002368|-|1243|1|0|1264|XA02TEX|-|1.0|1.0|0.0|0.0|0.0|QROCK3X8|-|1.0|1.0|472.649341004|-1240.0|-968.0|-968.0|-952.0|-952.0|-680.0|-680.0|-680.0|-680.0
UTNTSkyEdge_tntle_7322_0_terrain_1_1|7322|0|2|1289|1264|4352.0|-7640.0|4200.0|-7576.0|4275.805971499971|-7608.460817687569|-952.0|-952.0|-952.0|QROCK3|XA02TEX|1.0|1.0|0.0|0.0|2.56|gravel|-|SG002369|-|1244|1|1|1264|XA02TEX|-|1.0|1.0|0.0|0.0|0.0|QROCK3X8|-|1.0|1.0|472.649341004|-1240.0|-968.0|-968.0|-952.0|-952.0|-680.0|-680.0|-680.0|-680.0
UTNTSkyEdge_tntle_7323_0_terrain_1_0|7323|0|2|1289|1264|4576.0|-7640.0|4352.0|-7640.0|4464.0|-7639.5|-952.0|-952.0|-952.0|QROCK3|QROCK3X8|1.0|1.0|248.649341004|-1240.0|2.56|rock|-|SG002368|-|1243|1|0|1264|XA02TEX|-|1.0|1.0|0.0|0.0|0.0|QROCK3X8|-|1.0|1.0|248.649341004|-1240.0|-968.0|-968.0|-952.0|-952.0|-680.0|-680.0|-680.0|-680.0
UTNTSkyEdge_tntle_7323_0_terrain_1_1|7323|0|2|1289|1264|4576.0|-7640.0|4352.0|-7640.0|4464.0|-7640.5|-952.0|-952.0|-952.0|QROCK3|XA02TEX|1.0|1.0|0.0|0.0|2.56|gravel|-|SG002369|-|1244|1|1|1264|XA02TEX|-|1.0|1.0|0.0|0.0|0.0|QROCK3X8|-|1.0|1.0|248.649341004|-1240.0|-968.0|-968.0|-952.0|-952.0|-680.0|-680.0|-680.0|-680.0
UTNTSkyEdge_tntle_7324_0_terrain_1_0|7324|0|2|1289|1264|4720.0|-7600.0|4576.0|-7640.0|4647.866178068107|-7619.518241045185|-952.0|-952.0|-952.0|QROCK3|QROCK3X8|1.0|1.0|99.197007466|-1240.0|2.56|rock|-|SG002368|-|1243|1|0|1264|XA02TEX|-|1.0|1.0|0.0|0.0|0.0|QROCK3X8|-|1.0|1.0|99.197007466|-1240.0|-968.0|-968.0|-952.0|-952.0|-680.0|-680.0|-680.0|-680.0
UTNTSkyEdge_tntle_7324_0_terrain_1_1|7324|0|2|1289|1264|4720.0|-7600.0|4576.0|-7640.0|4648.133821931893|-7620.481758954815|-952.0|-952.0|-952.0|QROCK3|XA02TEX|1.0|1.0|0.0|0.0|2.56|gravel|-|SG002369|-|1244|1|1|1264|XA02TEX|-|1.0|1.0|0.0|0.0|0.0|QROCK3X8|-|1.0|1.0|99.197007466|-1240.0|-968.0|-968.0|-952.0|-952.0|-680.0|-680.0|-680.0|-680.0
UTNTSkyEdge_tntle_7325_0_terrain_1_0|7325|0|2|1289|1264|4808.0|-7472.0|4720.0|-7600.0|4763.5879790379|-7535.716735588557|-952.0|-952.0|-952.0|QROCK3|QROCK3X8|1.0|1.0|967.865104755|-1240.0|2.56|rock|-|SG002368|-|1243|1|0|1264|XA02TEX|-|1.0|1.0|0.0|0.0|0.0|QROCK3X8|-|1.0|1.0|967.865104755|-1240.0|-968.0|-968.0|-952.0|-952.0|-680.0|-680.0|-680.0|-680.0
UTNTSkyEdge_tntle_7325_0_terrain_1_1|7325|0|2|1289|1264|4808.0|-7472.0|4720.0|-7600.0|4764.4120209621|-7536.283264411443|-952.0|-952.0|-952.0|QROCK3|XA02TEX|1.0|1.0|0.0|0.0|2.56|gravel|-|SG002369|-|1244|1|1|1264|XA02TEX|-|1.0|1.0|0.0|0.0|0.0|QROCK3X8|-|1.0|1.0|967.865104755|-1240.0|-968.0|-968.0|-952.0|-952.0|-680.0|-680.0|-680.0|-680.0
UTNTSkyEdge_tntle_7326_0_terrain_1_0|7326|0|2|1289|1264|4744.0|-7336.0|4808.0|-7472.0|4775.547590648899|-7404.212898518165|-952.0|-952.0|-952.0|QROCK3|QROCK3X8|1.0|1.0|817.55875093|-1240.0|2.56|rock|-|SG002368|-|1243|1|0|1264|XA02TEX|-|1.0|1.0|0.0|0.0|0.0|QROCK3X8|-|1.0|1.0|817.55875093|-1240.0|-968.0|-968.0|-952.0|-952.0|-680.0|-680.0|-680.0|-680.0
UTNTSkyEdge_tntle_7326_0_terrain_1_1|7326|0|2|1289|1264|4744.0|-7336.0|4808.0|-7472.0|4776.452409351101|-7403.787101481835|-952.0|-952.0|-952.0|QROCK3|XA02TEX|1.0|1.0|0.0|0.0|2.56|gravel|-|SG002369|-|1244|1|1|1264|XA02TEX|-|1.0|1.0|0.0|0.0|0.0|QROCK3X8|-|1.0|1.0|817.55875093|-1240.0|-968.0|-968.0|-952.0|-952.0|-680.0|-680.0|-680.0|-680.0
UTNTSkyEdge_tntle_7327_0_terrain_1_0|7327|0|2|1289|1264|4464.0|-7296.0|4744.0|-7336.0|4603.929289321882|-7316.494974746831|-952.0|-952.0|-952.0|QROCK3|QROCK3X8|1.0|1.0|534.716038455|-1240.0|2.56|rock|-|SG002368|-|1243|1|0|1264|XA02TEX|-|1.0|1.0|0.0|0.0|0.0|QROCK3X8|-|1.0|1.0|534.716038455|-1240.0|-968.0|-968.0|-952.0|-952.0|-680.0|-680.0|-680.0|-680.0
UTNTSkyEdge_tntle_7327_0_terrain_1_1|7327|0|2|1289|1264|4464.0|-7296.0|4744.0|-7336.0|4604.070710678118|-7315.505025253169|-952.0|-952.0|-952.0|QROCK3|XA02TEX|1.0|1.0|0.0|0.0|2.56|gravel|-|SG002369|-|1244|1|1|1264|XA02TEX|-|1.0|1.0|0.0|0.0|0.0|QROCK3X8|-|1.0|1.0|534.716038455|-1240.0|-968.0|-968.0|-952.0|-952.0|-680.0|-680.0|-680.0|-680.0
UTNTSkyEdge_tntle_7328_0_terrain_1_0|7328|0|2|1289|1264|4224.0|-7360.0|4464.0|-7296.0|4344.12883132528|-7328.483117469801|-952.0|-952.0|-952.0|QROCK3|QROCK3X8|1.0|1.0|286.329243315|-1240.0|2.56|rock|-|SG002368|-|1243|1|0|1264|XA02TEX|-|1.0|1.0|0.0|0.0|0.0|QROCK3X8|-|1.0|1.0|286.329243315|-1240.0|-968.0|-968.0|-952.0|-952.0|-680.0|-680.0|-680.0|-680.0
UTNTSkyEdge_tntle_7328_0_terrain_1_1|7328|0|2|1289|1264|4224.0|-7360.0|4464.0|-7296.0|4343.87116867472|-7327.516882530199|-952.0|-952.0|-952.0|QROCK3|XA02TEX|1.0|1.0|0.0|0.0|2.56|gravel|-|SG002369|-|1244|1|1|1264|XA02TEX|-|1.0|1.0|0.0|0.0|0.0|QROCK3X8|-|1.0|1.0|286.329243315|-1240.0|-968.0|-968.0|-952.0|-952.0|-680.0|-680.0|-680.0|-680.0
UTNTSkyEdge_tntle_7329_0_terrain_1_0|7329|0|2|1289|1264|4200.0|-7576.0|4224.0|-7360.0|4212.496941867337|-7468.055215763037|-952.0|-952.0|-952.0|QROCK3|QROCK3X8|1.0|1.0|69.0|-1240.0|2.56|rock|-|SG002368|-|1243|1|0|1264|XA02TEX|-|1.0|1.0|0.0|0.0|0.0|QROCK3X8|-|1.0|1.0|69.0|-1240.0|-968.0|-968.0|-952.0|-952.0|-680.0|-680.0|-680.0|-680.0
UTNTSkyEdge_tntle_7329_0_terrain_1_1|7329|0|2|1289|1264|4200.0|-7576.0|4224.0|-7360.0|4211.503058132663|-7467.944784236963|-952.0|-952.0|-952.0|QROCK3|XA02TEX|1.0|1.0|0.0|0.0|2.56|gravel|-|SG002369|-|1244|1|1|1264|XA02TEX|-|1.0|1.0|0.0|0.0|0.0|QROCK3X8|-|1.0|1.0|69.0|-1240.0|-968.0|-968.0|-952.0|-952.0|-680.0|-680.0|-680.0|-680.0
UTNTSkyEdge_tntle_9251_1_terrain_1_0|9251|1|2|1264|1631|4336.0|-7200.0|4304.0|-7200.0|4320.0|-7199.5|-880.0|-880.0|-880.0|QROCK3|QROCK3X8|1.0|1.0|56.77708764|112.0|8|rock|-|SG002370|-|1244|1|0|1631|XA02TEX|-|1.0|1.0|0.0|0.0|0.0|QROCK3X8|-|1.0|1.0|56.77708764|112.0|-952.0|-952.0|-880.0|-880.0|-680.0|-680.0|-680.0|-680.0
UTNTSkyEdge_tntle_9251_1_terrain_1_1|9251|1|2|1264|1631|4336.0|-7200.0|4304.0|-7200.0|4320.0|-7200.5|-880.0|-880.0|-880.0|QROCK3|XA02TEX|1.0|1.0|0.0|0.0|8|gravel|-|SG002371|-|1245|1|1|1631|XA02TEX|-|1.0|1.0|0.0|0.0|0.0|QROCK3X8|-|1.0|1.0|56.77708764|112.0|-952.0|-952.0|-880.0|-880.0|-680.0|-680.0|-680.0|-680.0
UTNTSkyEdge_tntle_9252_1_terrain_1_0|9252|1|2|1264|1631|4352.0|-7232.0|4336.0|-7200.0|4344.4472135955|-7215.77639320225|-880.0|-880.0|-880.0|QROCK3|QROCK3X8|1.0|1.0|21.0|112.0|8|rock|-|SG002370|-|1244|1|0|1631|XA02TEX|-|1.0|1.0|0.0|0.0|0.0|QROCK3X8|-|1.0|1.0|21.0|112.0|-952.0|-952.0|-880.0|-880.0|-680.0|-680.0|-680.0|-680.0
UTNTSkyEdge_tntle_9252_1_terrain_1_1|9252|1|2|1264|1631|4352.0|-7232.0|4336.0|-7200.0|4343.5527864045|-7216.22360679775|-880.0|-880.0|-880.0|QROCK3|XA02TEX|1.0|1.0|0.0|0.0|8|gravel|-|SG002371|-|1245|1|1|1631|XA02TEX|-|1.0|1.0|0.0|0.0|0.0|QROCK3X8|-|1.0|1.0|21.0|112.0|-952.0|-952.0|-880.0|-880.0|-680.0|-680.0|-680.0|-680.0
UTNTSkyEdge_tntle_9253_1_terrain_1_0|9253|1|2|1264|1630|4368.0|-7232.0|4352.0|-7232.0|4360.0|-7231.5|-912.0|-912.0|-912.0|QROCK3|QROCK3X8|1.0|1.0|258.990601554|16.0|6.4|rock|-|SG002370|-|1244|1|0|1630|XA02TEX|-|1.0|1.0|0.0|0.0|0.0|QROCK3X8|-|1.0|1.0|258.990601554|16.0|-952.0|-952.0|-912.0|-912.0|-680.0|-680.0|-680.0|-680.0
UTNTSkyEdge_tntle_9253_1_terrain_1_1|9253|1|2|1264|1630|4368.0|-7232.0|4352.0|-7232.0|4360.0|-7232.5|-912.0|-912.0|-912.0|QROCK3|XA02TEX|1.0|1.0|0.0|0.0|6.4|gravel|-|SG002372|-|1246|1|1|1630|XA02TEX|-|1.0|1.0|0.0|0.0|0.0|QROCK3X8|-|1.0|1.0|258.990601554|16.0|-952.0|-952.0|-912.0|-912.0|-680.0|-680.0|-680.0|-680.0
UTNTSkyEdge_tntle_9254_1_terrain_1_0|9254|1|2|1264|1630|4384.0|-7264.0|4368.0|-7232.0|4376.4472135955|-7247.77639320225|-912.0|-912.0|-912.0|QROCK3|QROCK3X8|1.0|1.0|223.213513914|16.0|6.4|rock|-|SG002370|-|1244|1|0|1630|XA02TEX|-|1.0|1.0|0.0|0.0|0.0|QROCK3X8|-|1.0|1.0|223.213513914|16.0|-952.0|-952.0|-912.0|-912.0|-680.0|-680.0|-680.0|-680.0
UTNTSkyEdge_tntle_9254_1_terrain_1_1|9254|1|2|1264|1630|4384.0|-7264.0|4368.0|-7232.0|4375.5527864045|-7248.22360679775|-912.0|-912.0|-912.0|QROCK3|XA02TEX|1.0|1.0|0.0|0.0|6.4|gravel|-|SG002372|-|1246|1|1|1630|XA02TEX|-|1.0|1.0|0.0|0.0|0.0|QROCK3X8|-|1.0|1.0|223.213513914|16.0|-952.0|-952.0|-912.0|-912.0|-680.0|-680.0|-680.0|-680.0
UTNTSkyEdge_tntle_9255_1_terrain_1_0|9255|1|2|1264|1630|4368.0|-7280.0|4384.0|-7264.0|4376.353553390593|-7272.353553390593|-912.0|-912.0|-912.0|QROCK3|QROCK3X8|1.0|1.0|200.586096916|16.0|6.4|rock|-|SG002370|-|1244|1|0|1630|XA02TEX|-|1.0|1.0|0.0|0.0|0.0|QROCK3X8|-|1.0|1.0|200.586096916|16.0|-952.0|-952.0|-912.0|-912.0|-680.0|-680.0|-680.0|-680.0
UTNTSkyEdge_tntle_9255_1_terrain_1_1|9255|1|2|1264|1630|4368.0|-7280.0|4384.0|-7264.0|4375.646446609407|-7271.646446609407|-912.0|-912.0|-912.0|QROCK3|XA02TEX|1.0|1.0|0.0|0.0|6.4|gravel|-|SG002372|-|1246|1|1|1630|XA02TEX|-|1.0|1.0|0.0|0.0|0.0|QROCK3X8|-|1.0|1.0|200.586096916|16.0|-952.0|-952.0|-912.0|-912.0|-680.0|-680.0|-680.0|-680.0
UTNTSkyEdge_tntle_9256_1_terrain_1_0|9256|1|2|1264|1630|4336.0|-7296.0|4368.0|-7280.0|4352.22360679775|-7288.4472135955|-912.0|-912.0|-912.0|QROCK3|QROCK3X8|1.0|1.0|164.809009276|16.0|6.4|rock|-|SG002370|-|1244|1|0|1630|XA02TEX|-|1.0|1.0|0.0|0.0|0.0|QROCK3X8|-|1.0|1.0|164.809009276|16.0|-952.0|-952.0|-912.0|-912.0|-680.0|-680.0|-680.0|-680.0
UTNTSkyEdge_tntle_9256_1_terrain_1_1|9256|1|2|1264|1630|4336.0|-7296.0|4368.0|-7280.0|4351.77639320225|-7287.5527864045|-912.0|-912.0|-912.0|QROCK3|XA02TEX|1.0|1.0|0.0|0.0|6.4|gravel|-|SG002372|-|1246|1|1|1630|XA02TEX|-|1.0|1.0|0.0|0.0|0.0|QROCK3X8|-|1.0|1.0|164.809009276|16.0|-952.0|-952.0|-912.0|-912.0|-680.0|-680.0|-680.0|-680.0
UTNTSkyEdge_tntle_9257_1_terrain_1_0|9257|1|2|1264|1630|4320.0|-7280.0|4336.0|-7296.0|4327.646446609407|-7288.353553390593|-912.0|-912.0|-912.0|QROCK3|QROCK3X8|1.0|1.0|142.181592278|16.0|6.4|rock|-|SG002370|-|1244|1|0|1630|XA02TEX|-|1.0|1.0|0.0|0.0|0.0|QROCK3X8|-|1.0|1.0|142.181592278|16.0|-952.0|-952.0|-912.0|-912.0|-680.0|-680.0|-680.0|-680.0
UTNTSkyEdge_tntle_9257_1_terrain_1_1|9257|1|2|1264|1630|4320.0|-7280.0|4336.0|-7296.0|4328.353553390593|-7287.646446609407|-912.0|-912.0|-912.0|QROCK3|XA02TEX|1.0|1.0|0.0|0.0|6.4|gravel|-|SG002372|-|1246|1|1|1630|XA02TEX|-|1.0|1.0|0.0|0.0|0.0|QROCK3X8|-|1.0|1.0|142.181592278|16.0|-952.0|-952.0|-912.0|-912.0|-680.0|-680.0|-680.0|-680.0
UTNTSkyEdge_tntle_9258_1_terrain_1_0|9258|1|2|1264|1630|4288.0|-7280.0|4320.0|-7280.0|4304.0|-7280.5|-912.0|-912.0|-912.0|QROCK3|QROCK3X8|1.0|1.0|110.181592278|16.0|6.4|rock|-|SG002370|-|1244|1|0|1630|XA02TEX|-|1.0|1.0|0.0|0.0|0.0|QROCK3X8|-|1.0|1.0|110.181592278|16.0|-952.0|-952.0|-912.0|-912.0|-680.0|-680.0|-680.0|-680.0
UTNTSkyEdge_tntle_9258_1_terrain_1_1|9258|1|2|1264|1630|4288.0|-7280.0|4320.0|-7280.0|4304.0|-7279.5|-912.0|-912.0|-912.0|QROCK3|XA02TEX|1.0|1.0|0.0|0.0|6.4|gravel|-|SG002372|-|1246|1|1|1630|XA02TEX|-|1.0|1.0|0.0|0.0|0.0|QROCK3X8|-|1.0|1.0|110.181592278|16.0|-952.0|-952.0|-912.0|-912.0|-680.0|-680.0|-680.0|-680.0
UTNTSkyEdge_tntle_9259_1_terrain_1_0|9259|1|2|1264|1630|4272.0|-7264.0|4288.0|-7280.0|4279.646446609407|-7272.353553390593|-912.0|-912.0|-912.0|QROCK3|QROCK3X8|1.0|1.0|87.55417528|16.0|6.4|rock|-|SG002370|-|1244|1|0|1630|XA02TEX|-|1.0|1.0|0.0|0.0|0.0|QROCK3X8|-|1.0|1.0|87.55417528|16.0|-952.0|-952.0|-912.0|-912.0|-680.0|-680.0|-680.0|-680.0
UTNTSkyEdge_tntle_9259_1_terrain_1_1|9259|1|2|1264|1630|4272.0|-7264.0|4288.0|-7280.0|4280.353553390593|-7271.646446609407|-912.0|-912.0|-912.0|QROCK3|XA02TEX|1.0|1.0|0.0|0.0|6.4|gravel|-|SG002372|-|1246|1|1|1630|XA02TEX|-|1.0|1.0|0.0|0.0|0.0|QROCK3X8|-|1.0|1.0|87.55417528|16.0|-952.0|-952.0|-912.0|-912.0|-680.0|-680.0|-680.0|-680.0
UTNTSkyEdge_tntle_9260_1_terrain_1_0|9260|1|2|1264|1630|4288.0|-7232.0|4272.0|-7264.0|4279.5527864045|-7247.77639320225|-912.0|-912.0|-912.0|QROCK3|QROCK3X8|1.0|1.0|51.77708764|16.0|6.4|rock|-|SG002370|-|1244|1|0|1630|XA02TEX|-|1.0|1.0|0.0|0.0|0.0|QROCK3X8|-|1.0|1.0|51.77708764|16.0|-952.0|-952.0|-912.0|-912.0|-680.0|-680.0|-680.0|-680.0
UTNTSkyEdge_tntle_9260_1_terrain_1_1|9260|1|2|1264|1630|4288.0|-7232.0|4272.0|-7264.0|4280.4472135955|-7248.22360679775|-912.0|-912.0|-912.0|QROCK3|XA02TEX|1.0|1.0|0.0|0.0|6.4|gravel|-|SG002372|-|1246|1|1|1630|XA02TEX|-|1.0|1.0|0.0|0.0|0.0|QROCK3X8|-|1.0|1.0|51.77708764|16.0|-952.0|-952.0|-912.0|-912.0|-680.0|-680.0|-680.0|-680.0
UTNTSkyEdge_tntle_9261_0_terrain_1_0|9261|0|2|1630|1631|4304.0|-7248.0|4320.0|-7264.0|4311.646446609407|-7256.353553390593|-880.0|-880.0|-880.0|QROCK3|QROCK3X8|1.0|1.0|150.254833996|112.0|5.12|rock|-|SG002373|-|1246|1|0|1631|XA02TEX|-|1.0|1.0|0.0|0.0|0.0|QROCK3X8|-|1.0|1.0|150.254833996|112.0|-912.0|-912.0|-880.0|-880.0|-680.0|-680.0|-680.0|-680.0
UTNTSkyEdge_tntle_9261_0_terrain_1_1|9261|0|2|1630|1631|4304.0|-7248.0|4320.0|-7264.0|4312.353553390593|-7255.646446609407|-880.0|-880.0|-880.0|QROCK3|XA02TEX|1.0|1.0|0.0|0.0|5.12|gravel|-|SG002371|-|1245|1|1|1631|XA02TEX|-|1.0|1.0|0.0|0.0|0.0|QROCK3X8|-|1.0|1.0|150.254833996|112.0|-912.0|-912.0|-880.0|-880.0|-680.0|-680.0|-680.0|-680.0
UTNTSkyEdge_tntle_9262_0_terrain_1_0|9262|0|2|1630|1631|4320.0|-7264.0|4352.0|-7248.0|4336.22360679775|-7256.4472135955|-880.0|-880.0|-880.0|QROCK3|QROCK3X8|1.0|1.0|172.882250994|112.0|5.12|rock|-|SG002373|-|1246|1|0|1631|XA02TEX|-|1.0|1.0|0.0|0.0|0.0|QROCK3X8|-|1.0|1.0|172.882250994|112.0|-912.0|-912.0|-880.0|-880.0|-680.0|-680.0|-680.0|-680.0
UTNTSkyEdge_tntle_9262_0_terrain_1_1|9262|0|2|1630|1631|4320.0|-7264.0|4352.0|-7248.0|4335.77639320225|-7255.5527864045|-880.0|-880.0|-880.0|QROCK3|XA02TEX|1.0|1.0|0.0|0.0|5.12|gravel|-|SG002371|-|1245|1|1|1631|XA02TEX|-|1.0|1.0|0.0|0.0|0.0|QROCK3X8|-|1.0|1.0|172.882250994|112.0|-912.0|-912.0|-880.0|-880.0|-680.0|-680.0|-680.0|-680.0
UTNTSkyEdge_tntle_9263_0_terrain_1_0|9263|0|2|1630|1631|4352.0|-7248.0|4352.0|-7232.0|4352.5|-7240.0|-880.0|-880.0|-880.0|QROCK3|QROCK3X8|1.0|1.0|208.659338634|112.0|5.12|rock|-|SG002373|-|1246|1|0|1631|XA02TEX|-|1.0|1.0|0.0|0.0|0.0|QROCK3X8|-|1.0|1.0|208.659338634|112.0|-912.0|-912.0|-880.0|-880.0|-680.0|-680.0|-680.0|-680.0
UTNTSkyEdge_tntle_9263_0_terrain_1_1|9263|0|2|1630|1631|4352.0|-7248.0|4352.0|-7232.0|4351.5|-7240.0|-880.0|-880.0|-880.0|QROCK3|XA02TEX|1.0|1.0|0.0|0.0|5.12|gravel|-|SG002371|-|1245|1|1|1631|XA02TEX|-|1.0|1.0|0.0|0.0|0.0|QROCK3X8|-|1.0|1.0|208.659338634|112.0|-912.0|-912.0|-880.0|-880.0|-680.0|-680.0|-680.0|-680.0
UTNTSkyEdge_tntle_9264_0_terrain_1_0|9264|0|2|1630|1631|4304.0|-7216.0|4320.0|-7232.0|4311.646446609407|-7224.353553390593|-880.0|-880.0|-880.0|QROCK3|QROCK3X8|1.0|1.0|105.0|112.0|5.12|rock|-|SG002373|-|1246|1|0|1631|XA02TEX|-|1.0|1.0|0.0|0.0|0.0|QROCK3X8|-|1.0|1.0|105.0|112.0|-912.0|-912.0|-880.0|-880.0|-680.0|-680.0|-680.0|-680.0
UTNTSkyEdge_tntle_9264_0_terrain_1_1|9264|0|2|1630|1631|4304.0|-7216.0|4320.0|-7232.0|4312.353553390593|-7223.646446609407|-880.0|-880.0|-880.0|QROCK3|XA02TEX|1.0|1.0|0.0|0.0|5.12|gravel|-|SG002371|-|1245|1|1|1631|XA02TEX|-|1.0|1.0|0.0|0.0|0.0|QROCK3X8|-|1.0|1.0|105.0|112.0|-912.0|-912.0|-880.0|-880.0|-680.0|-680.0|-680.0|-680.0
UTNTSkyEdge_tntle_9265_0_terrain_1_0|9265|0|2|1630|1631|4320.0|-7232.0|4304.0|-7248.0|4311.646446609407|-7239.646446609407|-880.0|-880.0|-880.0|QROCK3|QROCK3X8|1.0|1.0|127.627416998|112.0|5.12|rock|-|SG002373|-|1246|1|0|1631|XA02TEX|-|1.0|1.0|0.0|0.0|0.0|QROCK3X8|-|1.0|1.0|127.627416998|112.0|-912.0|-912.0|-880.0|-880.0|-680.0|-680.0|-680.0|-680.0
UTNTSkyEdge_tntle_9265_0_terrain_1_1|9265|0|2|1630|1631|4320.0|-7232.0|4304.0|-7248.0|4312.353553390593|-7240.353553390593|-880.0|-880.0|-880.0|QROCK3|XA02TEX|1.0|1.0|0.0|0.0|5.12|gravel|-|SG002371|-|1245|1|1|1631|XA02TEX|-|1.0|1.0|0.0|0.0|0.0|QROCK3X8|-|1.0|1.0|127.627416998|112.0|-912.0|-912.0|-880.0|-880.0|-680.0|-680.0|-680.0|-680.0
UTNTSkyEdge_tntle_9266_0_terrain_1_0|9266|0|2|1630|1631|4304.0|-7200.0|4304.0|-7216.0|4303.5|-7208.0|-880.0|-880.0|-880.0|QROCK3|QROCK3X8|1.0|1.0|89.0|112.0|5.12|rock|-|SG002373|-|1246|1|0|1631|XA02TEX|-|1.0|1.0|0.0|0.0|0.0|QROCK3X8|-|1.0|1.0|89.0|112.0|-912.0|-912.0|-880.0|-880.0|-680.0|-680.0|-680.0|-680.0
UTNTSkyEdge_tntle_9266_0_terrain_1_1|9266|0|2|1630|1631|4304.0|-7200.0|4304.0|-7216.0|4304.5|-7208.0|-880.0|-880.0|-880.0|QROCK3|XA02TEX|1.0|1.0|0.0|0.0|5.12|gravel|-|SG002371|-|1245|1|1|1631|XA02TEX|-|1.0|1.0|0.0|0.0|0.0|QROCK3X8|-|1.0|1.0|89.0|112.0|-912.0|-912.0|-880.0|-880.0|-680.0|-680.0|-680.0|-680.0
UTNTSkyEdge_tntle_9268_1_terrain_1_0|9268|1|2|1264|1633|4286.0|-7656.0|4263.0|-7678.0|4274.154388677016|-7666.638679071426|-880.0|-880.0|-880.0|QROCK3|QROCK3X8|1.0|1.0|56.73513677|112.0|8|rock|-|SG002370|-|1244|1|0|1633|XA02TEX|-|1.0|1.0|0.0|0.0|0.0|QROCK3X8|-|1.0|1.0|56.73513677|112.0|-952.0|-952.0|-880.0|-880.0|-680.0|-680.0|-680.0|-680.0
UTNTSkyEdge_tntle_9268_1_terrain_1_1|9268|1|2|1264|1633|4286.0|-7656.0|4263.0|-7678.0|4274.845611322984|-7667.361320928574|-880.0|-880.0|-880.0|QROCK3|XA02TEX|1.0|1.0|0.0|0.0|8|gravel|-|SG002374|-|1247|1|1|1633|XA02TEX|-|1.0|1.0|0.0|0.0|0.0|QROCK3X8|-|1.0|1.0|56.73513677|112.0|-952.0|-952.0|-880.0|-880.0|-680.0|-680.0|-680.0|-680.0
UTNTSkyEdge_tntle_9269_1_terrain_1_0|9269|1|2|1264|1633|4320.0|-7667.0|4286.0|-7656.0|4303.153910142707|-7661.024277740723|-880.0|-880.0|-880.0|QROCK3|QROCK3X8|1.0|1.0|21.0|112.0|8|rock|-|SG002370|-|1244|1|0|1633|XA02TEX|-|1.0|1.0|0.0|0.0|0.0|QROCK3X8|-|1.0|1.0|21.0|112.0|-952.0|-952.0|-880.0|-880.0|-680.0|-680.0|-680.0|-680.0
UTNTSkyEdge_tntle_9269_1_terrain_1_1|9269|1|2|1264|1633|4320.0|-7667.0|4286.0|-7656.0|4302.846089857293|-7661.975722259277|-880.0|-880.0|-880.0|QROCK3|XA02TEX|1.0|1.0|0.0|0.0|8|gravel|-|SG002374|-|1247|1|1|1633|XA02TEX|-|1.0|1.0|0.0|0.0|0.0|QROCK3X8|-|1.0|1.0|21.0|112.0|-952.0|-952.0|-880.0|-880.0|-680.0|-680.0|-680.0|-680.0
UTNTSkyEdge_tntle_9271_1_terrain_1_0|9271|1|2|1264|1632|4365.0|-7667.0|4331.0|-7656.0|4348.153910142707|-7661.024277740723|-912.0|-912.0|-912.0|QROCK3|QROCK3X8|1.0|1.0|222.373074214|16.0|6.4|rock|-|SG002370|-|1244|1|0|1632|XA02TEX|-|1.0|1.0|0.0|0.0|0.0|QROCK3X8|-|1.0|1.0|222.373074214|16.0|-952.0|-952.0|-912.0|-912.0|-680.0|-680.0|-680.0|-680.0
UTNTSkyEdge_tntle_9271_1_terrain_1_1|9271|1|2|1264|1632|4365.0|-7667.0|4331.0|-7656.0|4347.846089857293|-7661.975722259277|-912.0|-912.0|-912.0|QROCK3|XA02TEX|1.0|1.0|0.0|0.0|6.4|gravel|-|SG002375|-|1248|1|1|1632|XA02TEX|-|1.0|1.0|0.0|0.0|0.0|QROCK3X8|-|1.0|1.0|222.373074214|16.0|-952.0|-952.0|-912.0|-912.0|-680.0|-680.0|-680.0|-680.0
UTNTSkyEdge_tntle_9272_1_terrain_1_0|9272|1|2|1264|1632|4365.0|-7689.0|4365.0|-7667.0|4365.5|-7678.0|-912.0|-912.0|-912.0|QROCK3|QROCK3X8|1.0|1.0|200.373074214|16.0|6.4|rock|-|SG002370|-|1244|1|0|1632|XA02TEX|-|1.0|1.0|0.0|0.0|0.0|QROCK3X8|-|1.0|1.0|200.373074214|16.0|-952.0|-952.0|-912.0|-912.0|-680.0|-680.0|-680.0|-680.0
UTNTSkyEdge_tntle_9272_1_terrain_1_1|9272|1|2|1264|1632|4365.0|-7689.0|4365.0|-7667.0|4364.5|-7678.0|-912.0|-912.0|-912.0|QROCK3|XA02TEX|1.0|1.0|0.0|0.0|6.4|gravel|-|SG002375|-|1248|1|1|1632|XA02TEX|-|1.0|1.0|0.0|0.0|0.0|QROCK3X8|-|1.0|1.0|200.373074214|16.0|-952.0|-952.0|-912.0|-912.0|-680.0|-680.0|-680.0|-680.0
UTNTSkyEdge_tntle_9273_1_terrain_1_0|9273|1|2|1264|1632|4353.0|-7723.0|4365.0|-7689.0|4359.471495166791|-7706.166410058868|-912.0|-912.0|-912.0|QROCK3|QROCK3X8|1.0|1.0|164.31756146|16.0|6.4|rock|-|SG002370|-|1244|1|0|1632|XA02TEX|-|1.0|1.0|0.0|0.0|0.0|QROCK3X8|-|1.0|1.0|164.31756146|16.0|-952.0|-952.0|-912.0|-912.0|-680.0|-680.0|-680.0|-680.0
UTNTSkyEdge_tntle_9273_1_terrain_1_1|9273|1|2|1264|1632|4353.0|-7723.0|4365.0|-7689.0|4358.528504833209|-7705.833589941132|-912.0|-912.0|-912.0|QROCK3|XA02TEX|1.0|1.0|0.0|0.0|6.4|gravel|-|SG002375|-|1248|1|1|1632|XA02TEX|-|1.0|1.0|0.0|0.0|0.0|QROCK3X8|-|1.0|1.0|164.31756146|16.0|-952.0|-952.0|-912.0|-912.0|-680.0|-680.0|-680.0|-680.0
UTNTSkyEdge_tntle_9274_1_terrain_1_0|9274|1|2|1264|1632|4331.0|-7723.0|4353.0|-7723.0|4342.0|-7723.5|-912.0|-912.0|-912.0|QROCK3|QROCK3X8|1.0|1.0|142.31756146|16.0|6.4|rock|-|SG002370|-|1244|1|0|1632|XA02TEX|-|1.0|1.0|0.0|0.0|0.0|QROCK3X8|-|1.0|1.0|142.31756146|16.0|-952.0|-952.0|-912.0|-912.0|-680.0|-680.0|-680.0|-680.0
UTNTSkyEdge_tntle_9274_1_terrain_1_1|9274|1|2|1264|1632|4331.0|-7723.0|4353.0|-7723.0|4342.0|-7722.5|-912.0|-912.0|-912.0|QROCK3|XA02TEX|1.0|1.0|0.0|0.0|6.4|gravel|-|SG002375|-|1248|1|1|1632|XA02TEX|-|1.0|1.0|0.0|0.0|0.0|QROCK3X8|-|1.0|1.0|142.31756146|16.0|-952.0|-952.0|-912.0|-912.0|-680.0|-680.0|-680.0|-680.0
UTNTSkyEdge_tntle_9275_1_terrain_1_0|9275|1|2|1264|1632|4308.0|-7746.0|4331.0|-7723.0|4319.853553390593|-7734.853553390593|-912.0|-912.0|-912.0|QROCK3|QROCK3X8|1.0|1.0|109.790649525|16.0|6.4|rock|-|SG002370|-|1244|1|0|1632|XA02TEX|-|1.0|1.0|0.0|0.0|0.0|QROCK3X8|-|1.0|1.0|109.790649525|16.0|-952.0|-952.0|-912.0|-912.0|-680.0|-680.0|-680.0|-680.0
UTNTSkyEdge_tntle_9275_1_terrain_1_1|9275|1|2|1264|1632|4308.0|-7746.0|4331.0|-7723.0|4319.146446609407|-7734.146446609407|-912.0|-912.0|-912.0|QROCK3|XA02TEX|1.0|1.0|0.0|0.0|6.4|gravel|-|SG002375|-|1248|1|1|1632|XA02TEX|-|1.0|1.0|0.0|0.0|0.0|QROCK3X8|-|1.0|1.0|109.790649525|16.0|-952.0|-952.0|-912.0|-912.0|-680.0|-680.0|-680.0|-680.0
UTNTSkyEdge_tntle_9276_1_terrain_1_0|9276|1|2|1264|1632|4286.0|-7746.0|4308.0|-7746.0|4297.0|-7746.5|-912.0|-912.0|-912.0|QROCK3|QROCK3X8|1.0|1.0|87.790649525|16.0|6.4|rock|-|SG002370|-|1244|1|0|1632|XA02TEX|-|1.0|1.0|0.0|0.0|0.0|QROCK3X8|-|1.0|1.0|87.790649525|16.0|-952.0|-952.0|-912.0|-912.0|-680.0|-680.0|-680.0|-680.0
UTNTSkyEdge_tntle_9276_1_terrain_1_1|9276|1|2|1264|1632|4286.0|-7746.0|4308.0|-7746.0|4297.0|-7745.5|-912.0|-912.0|-912.0|QROCK3|XA02TEX|1.0|1.0|0.0|0.0|6.4|gravel|-|SG002375|-|1248|1|1|1632|XA02TEX|-|1.0|1.0|0.0|0.0|0.0|QROCK3X8|-|1.0|1.0|87.790649525|16.0|-952.0|-952.0|-912.0|-912.0|-680.0|-680.0|-680.0|-680.0
UTNTSkyEdge_tntle_9277_1_terrain_1_0|9277|1|2|1264|1632|4274.0|-7712.0|4286.0|-7746.0|4279.528504833209|-7729.166410058868|-912.0|-912.0|-912.0|QROCK3|QROCK3X8|1.0|1.0|51.73513677|16.0|6.4|rock|-|SG002370|-|1244|1|0|1632|XA02TEX|-|1.0|1.0|0.0|0.0|0.0|QROCK3X8|-|1.0|1.0|51.73513677|16.0|-952.0|-952.0|-912.0|-912.0|-680.0|-680.0|-680.0|-680.0
UTNTSkyEdge_tntle_9277_1_terrain_1_1|9277|1|2|1264|1632|4274.0|-7712.0|4286.0|-7746.0|4280.471495166791|-7728.833589941132|-912.0|-912.0|-912.0|QROCK3|XA02TEX|1.0|1.0|0.0|0.0|6.4|gravel|-|SG002375|-|1248|1|1|1632|XA02TEX|-|1.0|1.0|0.0|0.0|0.0|QROCK3X8|-|1.0|1.0|51.73513677|16.0|-952.0|-952.0|-912.0|-912.0|-680.0|-680.0|-680.0|-680.0
UTNTSkyEdge_tntle_9278_0_terrain_1_0|9278|0|2|1632|1633|4297.0|-7712.0|4320.0|-7712.0|4308.5|-7712.5|-880.0|-880.0|-880.0|QROCK3|QROCK3X8|1.0|1.0|150.556349186|112.0|5.12|rock|-|SG002376|-|1248|1|0|1633|XA02TEX|-|1.0|1.0|0.0|0.0|0.0|QROCK3X8|-|1.0|1.0|150.556349186|112.0|-912.0|-912.0|-880.0|-880.0|-680.0|-680.0|-680.0|-680.0
UTNTSkyEdge_tntle_9278_0_terrain_1_1|9278|0|2|1632|1633|4297.0|-7712.0|4320.0|-7712.0|4308.5|-7711.5|-880.0|-880.0|-880.0|QROCK3|XA02TEX|1.0|1.0|0.0|0.0|5.12|gravel|-|SG002374|-|1247|1|1|1633|XA02TEX|-|1.0|1.0|0.0|0.0|0.0|QROCK3X8|-|1.0|1.0|150.556349186|112.0|-912.0|-912.0|-880.0|-880.0|-680.0|-680.0|-680.0|-680.0
UTNTSkyEdge_tntle_9279_0_terrain_1_0|9279|0|2|1632|1633|4320.0|-7712.0|4331.0|-7678.0|4325.975722259277|-7695.153910142707|-880.0|-880.0|-880.0|QROCK3|QROCK3X8|1.0|1.0|173.556349186|112.0|5.12|rock|-|SG002376|-|1248|1|0|1633|XA02TEX|-|1.0|1.0|0.0|0.0|0.0|QROCK3X8|-|1.0|1.0|173.556349186|112.0|-912.0|-912.0|-880.0|-880.0|-680.0|-680.0|-680.0|-680.0
UTNTSkyEdge_tntle_9279_0_terrain_1_1|9279|0|2|1632|1633|4320.0|-7712.0|4331.0|-7678.0|4325.024277740723|-7694.846089857293|-880.0|-880.0|-880.0|QROCK3|XA02TEX|1.0|1.0|0.0|0.0|5.12|gravel|-|SG002374|-|1247|1|1|1633|XA02TEX|-|1.0|1.0|0.0|0.0|0.0|QROCK3X8|-|1.0|1.0|173.556349186|112.0|-912.0|-912.0|-880.0|-880.0|-680.0|-680.0|-680.0|-680.0
UTNTSkyEdge_tntle_9281_0_terrain_1_0|9281|0|2|1632|1633|4274.0|-7689.0|4297.0|-7689.0|4285.5|-7689.5|-880.0|-880.0|-880.0|QROCK3|QROCK3X8|1.0|1.0|104.556349186|112.0|5.12|rock|-|SG002376|-|1248|1|0|1633|XA02TEX|-|1.0|1.0|0.0|0.0|0.0|QROCK3X8|-|1.0|1.0|104.556349186|112.0|-912.0|-912.0|-880.0|-880.0|-680.0|-680.0|-680.0|-680.0
UTNTSkyEdge_tntle_9281_0_terrain_1_1|9281|0|2|1632|1633|4274.0|-7689.0|4297.0|-7689.0|4285.5|-7688.5|-880.0|-880.0|-880.0|QROCK3|XA02TEX|1.0|1.0|0.0|0.0|5.12|gravel|-|SG002374|-|1247|1|1|1633|XA02TEX|-|1.0|1.0|0.0|0.0|0.0|QROCK3X8|-|1.0|1.0|104.556349186|112.0|-912.0|-912.0|-880.0|-880.0|-680.0|-680.0|-680.0|-680.0
UTNTSkyEdge_tntle_9282_0_terrain_1_0|9282|0|2|1632|1633|4297.0|-7689.0|4297.0|-7712.0|4296.5|-7700.5|-880.0|-880.0|-880.0|QROCK3|QROCK3X8|1.0|1.0|127.556349186|112.0|5.12|rock|-|SG002376|-|1248|1|0|1633|XA02TEX|-|1.0|1.0|0.0|0.0|0.0|QROCK3X8|-|1.0|1.0|127.556349186|112.0|-912.0|-912.0|-880.0|-880.0|-680.0|-680.0|-680.0|-680.0
UTNTSkyEdge_tntle_9282_0_terrain_1_1|9282|0|2|1632|1633|4297.0|-7689.0|4297.0|-7712.0|4297.5|-7700.5|-880.0|-880.0|-880.0|QROCK3|XA02TEX|1.0|1.0|0.0|0.0|5.12|gravel|-|SG002374|-|1247|1|1|1633|XA02TEX|-|1.0|1.0|0.0|0.0|0.0|QROCK3X8|-|1.0|1.0|127.556349186|112.0|-912.0|-912.0|-880.0|-880.0|-680.0|-680.0|-680.0|-680.0
UTNTSkyEdge_tntle_9284_0_terrain_1_0|9284|0|2|2979|1635|1758.0|-5974.0|1720.0|-5884.0|1739.4606247807058|-5928.80551398148|-48.0|-32.0|-64.0|QROCK3|QROCK3X8|1.0|1.0|195.386795869|-1408.0|8|rock|-|SG002121|-|1066|1|0|1635|QROCK3X8|-|1.0|1.0|0.0|0.0|0.0|QROCK3X8|-|1.0|1.0|195.386795869|-1408.0|-384.0|-384.0|-32.0|-64.0|384.0|384.0|384.0|384.0
UTNTSkyEdge_tntle_9284_0_terrain_1_1|9284|0|2|2979|1635|1758.0|-5974.0|1720.0|-5884.0|1738.5393752192942|-5929.19448601852|-48.0|-32.0|-64.0|QROCK3|QROCK3X8|1.0|1.0|0.0|0.0|8|rock|-|SG002377|-|1249|1|1|1635|QROCK3X8|-|1.0|1.0|0.0|0.0|0.0|QROCK3X8|-|1.0|1.0|195.386795869|-1408.0|-384.0|-384.0|-32.0|-64.0|384.0|384.0|384.0|384.0
UTNTSkyEdge_tntle_9285_0_terrain_1_0|9285|0|2|2979|1636|1720.0|-5884.0|1630.0|-5846.0|1675.1944860185201|-5864.539375219294|-80.0|-64.0|-96.0|QROCK3|QROCK3X8|1.0|1.0|0.0|-1408.0|8|rock|-|SG002121|-|1066|1|0|1636|QROCK3X8|-|1.0|1.0|0.0|0.0|0.0|QROCK3X8|-|1.0|1.0|0.0|-1408.0|-384.0|-384.0|-64.0|-96.0|384.0|384.0|384.0|384.0
UTNTSkyEdge_tntle_9285_0_terrain_1_1|9285|0|2|2979|1636|1720.0|-5884.0|1630.0|-5846.0|1674.8055139814799|-5865.460624780706|-80.0|-64.0|-96.0|QROCK3|QROCK3X8|1.0|1.0|0.0|0.0|8|rock|-|SG002378|-|1250|1|1|1636|QROCK3X8|-|1.0|1.0|0.0|0.0|0.0|QROCK3X8|-|1.0|1.0|0.0|-1408.0|-384.0|-384.0|-64.0|-96.0|384.0|384.0|384.0|384.0
UTNTSkyEdge_tntle_9285_0_terrain_2_1|9285|0|2|2979|2979|1720.0|-5884.0|1630.0|-5846.0|1675.1944860185201|-5864.539375219294|-384.0|-384.0|-384.0|QROCK3|XA02TEX|1.0|1.0|0.0|0.0|5|gravel|-|SG002207|-|1066|2|1|2979|XA02TEX|-|1.0|1.0|0.0|0.0|0.0|QROCK3X8|-|1.0|1.0|0.0|-1408.0|-384.0|-384.0|-64.0|-96.0|384.0|384.0|384.0|384.0
UTNTSkyEdge_tntle_9286_0_terrain_1_0|9286|0|2|2979|1637|1630.0|-5846.0|1540.0|-5884.0|1584.8055139814799|-5864.539375219294|-88.22222222222223|-80.44444444444444|-96.0|QROCK3|QROCK3X8|1.0|1.0|0.0|-1408.0|8|rock|-|SG002121|-|1066|1|0|1637|QROCK3X8|-|1.0|1.0|0.0|0.0|0.0|QROCK3X8|-|1.0|1.0|0.0|-1408.0|-384.0|-384.0|-80.44444444444444|-96.0|384.0|384.0|384.0|384.0
UTNTSkyEdge_tntle_9286_0_terrain_1_1|9286|0|2|2979|1637|1630.0|-5846.0|1540.0|-5884.0|1585.1944860185201|-5865.460624780706|-88.22222222222223|-80.44444444444444|-96.0|QROCK3|QROCK3X8|1.0|1.0|0.0|0.0|8|rock|-|SG002379|-|1251|1|1|1637|QROCK3X8|-|1.0|1.0|0.0|0.0|0.0|QROCK3X8|-|1.0|1.0|0.0|-1408.0|-384.0|-384.0|-80.44444444444444|-96.0|384.0|384.0|384.0|384.0
UTNTSkyEdge_tntle_9286_0_terrain_2_1|9286|0|2|2979|2979|1630.0|-5846.0|1540.0|-5884.0|1584.8055139814799|-5864.539375219294|-384.0|-384.0|-384.0|QROCK3|XA02TEX|1.0|1.0|0.0|0.0|5|gravel|-|SG002207|-|1066|2|1|2979|XA02TEX|-|1.0|1.0|0.0|0.0|0.0|QROCK3X8|-|1.0|1.0|0.0|-1408.0|-384.0|-384.0|-80.44444444444444|-96.0|384.0|384.0|384.0|384.0
UTNTSkyEdge_tntle_9287_0_terrain_1_0|9287|0|2|2979|1638|1540.0|-5884.0|1502.0|-5974.0|1520.5393752192942|-5928.80551398148|-64.0|-96.0|-32.0|QROCK3|QROCK3X8|1.0|1.0|97.693397935|-1408.0|8|rock|-|SG002121|-|1066|1|0|1638|QROCK3X8|-|1.0|1.0|0.0|0.0|0.0|QROCK3X8|-|1.0|1.0|97.693397935|-1408.0|-384.0|-384.0|-96.0|-32.0|384.0|384.0|384.0|384.0
UTNTSkyEdge_tntle_9287_0_terrain_1_1|9287|0|2|2979|1638|1540.0|-5884.0|1502.0|-5974.0|1521.4606247807058|-5929.19448601852|-64.0|-96.0|-32.0|QROCK3|QROCK3X8|1.0|1.0|0.0|0.0|8|rock|-|SG002380|-|1252|1|1|1638|QROCK3X8|-|1.0|1.0|0.0|0.0|0.0|QROCK3X8|-|1.0|1.0|97.693397935|-1408.0|-384.0|-384.0|-96.0|-32.0|384.0|384.0|384.0|384.0
UTNTSkyEdge_tntle_9287_0_terrain_2_1|9287|0|2|2979|2979|1540.0|-5884.0|1502.0|-5974.0|1520.5393752192942|-5928.80551398148|-384.0|-384.0|-384.0|QROCK3|XA02TEX|1.0|1.0|0.0|0.0|5|gravel|-|SG002207|-|1066|2|1|2979|XA02TEX|-|1.0|1.0|0.0|0.0|0.0|QROCK3X8|-|1.0|1.0|97.693397935|-1408.0|-384.0|-384.0|-96.0|-32.0|384.0|384.0|384.0|384.0
UTNTSkyEdge_tntle_9288_0_terrain_1_0|9288|0|2|2979|1639|1502.0|-5974.0|1540.0|-6064.0|1520.5393752192942|-6019.19448601852|-48.0|-32.0|-64.0|QROCK3|QROCK3X8|1.0|1.0|195.386795869|-1408.0|8|rock|-|SG002121|-|1066|1|0|1639|QROCK3X8|-|1.0|1.0|0.0|0.0|0.0|QROCK3X8|-|1.0|1.0|195.386795869|-1408.0|-384.0|-384.0|-32.0|-64.0|384.0|384.0|384.0|384.0
UTNTSkyEdge_tntle_9288_0_terrain_1_1|9288|0|2|2979|1639|1502.0|-5974.0|1540.0|-6064.0|1521.4606247807058|-6018.80551398148|-48.0|-32.0|-64.0|QROCK3|QROCK3X8|1.0|1.0|0.0|0.0|8|rock|-|SG002381|-|1253|1|1|1639|QROCK3X8|-|1.0|1.0|0.0|0.0|0.0|QROCK3X8|-|1.0|1.0|195.386795869|-1408.0|-384.0|-384.0|-32.0|-64.0|384.0|384.0|384.0|384.0
UTNTSkyEdge_tntle_9288_0_terrain_2_1|9288|0|2|2979|2979|1502.0|-5974.0|1540.0|-6064.0|1520.5393752192942|-6019.19448601852|-384.0|-384.0|-384.0|QROCK3|XA02TEX|1.0|1.0|0.0|0.0|5|gravel|-|SG002207|-|1066|2|1|2979|XA02TEX|-|1.0|1.0|0.0|0.0|0.0|QROCK3X8|-|1.0|1.0|195.386795869|-1408.0|-384.0|-384.0|-32.0|-64.0|384.0|384.0|384.0|384.0
UTNTSkyEdge_tntle_9289_0_terrain_1_0|9289|0|2|2979|1640|1540.0|-6064.0|1630.0|-6102.0|1584.8055139814799|-6083.460624780706|-80.0|-64.0|-96.0|QROCK3|QROCK3X8|1.0|1.0|0.0|-1408.0|8|rock|-|SG002121|-|1066|1|0|1640|QROCK3X8|-|1.0|1.0|0.0|0.0|0.0|QROCK3X8|-|1.0|1.0|0.0|-1408.0|-384.0|-384.0|-64.0|-96.0|384.0|384.0|384.0|384.0
UTNTSkyEdge_tntle_9289_0_terrain_1_1|9289|0|2|2979|1640|1540.0|-6064.0|1630.0|-6102.0|1585.1944860185201|-6082.539375219294|-80.0|-64.0|-96.0|QROCK3|QROCK3X8|1.0|1.0|0.0|0.0|8|rock|-|SG002382|-|1254|1|1|1640|QROCK3X8|-|1.0|1.0|0.0|0.0|0.0|QROCK3X8|-|1.0|1.0|0.0|-1408.0|-384.0|-384.0|-64.0|-96.0|384.0|384.0|384.0|384.0
UTNTSkyEdge_tntle_9289_0_terrain_2_1|9289|0|2|2979|2979|1540.0|-6064.0|1630.0|-6102.0|1584.8055139814799|-6083.460624780706|-384.0|-384.0|-384.0|QROCK3|XA02TEX|1.0|1.0|0.0|0.0|5|gravel|-|SG002207|-|1066|2|1|2979|XA02TEX|-|1.0|1.0|0.0|0.0|0.0|QROCK3X8|-|1.0|1.0|0.0|-1408.0|-384.0|-384.0|-64.0|-96.0|384.0|384.0|384.0|384.0
UTNTSkyEdge_tntle_9290_0_terrain_1_0|9290|0|2|2979|1641|1630.0|-6102.0|1720.0|-6064.0|1675.1944860185201|-6083.460624780706|-93.26775956284153|-90.53551912568307|-96.0|QROCK3|QROCK3X8|1.0|1.0|0.0|-1408.0|8|rock|-|SG002121|-|1066|1|0|1641|QROCK3X8|-|1.0|1.0|0.0|0.0|0.0|QROCK3X8|-|1.0|1.0|0.0|-1408.0|-384.0|-384.0|-90.53551912568307|-96.0|384.0|384.0|384.0|384.0
UTNTSkyEdge_tntle_9290_0_terrain_1_1|9290|0|2|2979|1641|1630.0|-6102.0|1720.0|-6064.0|1674.8055139814799|-6082.539375219294|-93.26775956284153|-90.53551912568307|-96.0|QROCK3|QROCK3X8|1.0|1.0|0.0|0.0|8|rock|-|SG002383|-|1255|1|1|1641|QROCK3X8|-|1.0|1.0|0.0|0.0|0.0|QROCK3X8|-|1.0|1.0|0.0|-1408.0|-384.0|-384.0|-90.53551912568307|-96.0|384.0|384.0|384.0|384.0
UTNTSkyEdge_tntle_9291_0_terrain_1_0|9291|0|2|2979|1642|1720.0|-6064.0|1758.0|-5974.0|1739.4606247807058|-6019.19448601852|-64.0|-96.0|-32.0|QROCK3|QROCK3X8|1.0|1.0|97.693397935|-1408.0|8|rock|-|SG002121|-|1066|1|0|1642|QROCK3X8|-|1.0|1.0|0.0|0.0|0.0|QROCK3X8|-|1.0|1.0|97.693397935|-1408.0|-384.0|-384.0|-96.0|-32.0|384.0|384.0|384.0|384.0
UTNTSkyEdge_tntle_9291_0_terrain_1_1|9291|0|2|2979|1642|1720.0|-6064.0|1758.0|-5974.0|1738.5393752192942|-6018.80551398148|-64.0|-96.0|-32.0|QROCK3|QROCK3X8|1.0|1.0|0.0|0.0|8|rock|-|SG002384|-|1256|1|1|1642|QROCK3X8|-|1.0|1.0|0.0|0.0|0.0|QROCK3X8|-|1.0|1.0|97.693397935|-1408.0|-384.0|-384.0|-96.0|-32.0|384.0|384.0|384.0|384.0
UTNTSkyEdge_tntle_9306_0_terrain_1_0|9306|0|2|2979|1646|4446.0|-3030.0|4408.0|-2940.0|4427.460624780706|-2984.8055139814796|-48.0|-32.0|-64.0|QROCK3|QROCK3X8|1.0|1.0|195.386795869|-1408.0|8|rock|-|SG002121|-|1066|1|0|1646|XA02TEX|-|1.0|1.0|0.0|0.0|0.0|QROCK3X8|-|1.0|1.0|195.386795869|-1408.0|-384.0|-384.0|-32.0|-64.0|384.0|384.0|384.0|384.0
UTNTSkyEdge_tntle_9306_0_terrain_1_1|9306|0|2|2979|1646|4446.0|-3030.0|4408.0|-2940.0|4426.539375219294|-2985.1944860185204|-48.0|-32.0|-64.0|QROCK3|XA02TEX|1.0|1.0|0.0|0.0|8|gravel|-|SG002385|-|1257|1|1|1646|XA02TEX|-|1.0|1.0|0.0|0.0|0.0|QROCK3X8|-|1.0|1.0|195.386795869|-1408.0|-384.0|-384.0|-32.0|-64.0|384.0|384.0|384.0|384.0
UTNTSkyEdge_tntle_9306_0_terrain_2_1|9306|0|2|2979|2979|4446.0|-3030.0|4408.0|-2940.0|4427.460624780706|-2984.8055139814796|-384.0|-384.0|-384.0|QROCK3|XA02TEX|1.0|1.0|0.0|0.0|5|gravel|-|SG002207|-|1066|2|1|2979|XA02TEX|-|1.0|1.0|0.0|0.0|0.0|QROCK3X8|-|1.0|1.0|195.386795869|-1408.0|-384.0|-384.0|-32.0|-64.0|384.0|384.0|384.0|384.0
UTNTSkyEdge_tntle_9307_0_terrain_1_0|9307|0|2|2979|1647|4408.0|-2940.0|4318.0|-2902.0|4363.19448601852|-2920.5393752192945|-80.0|-64.0|-96.0|QROCK3|QROCK3X8|1.0|1.0|0.0|-1408.0|8|rock|-|SG002121|-|1066|1|0|1647|XA02TEX|-|1.0|1.0|0.0|0.0|0.0|QROCK3X8|-|1.0|1.0|0.0|-1408.0|-384.0|-384.0|-64.0|-96.0|384.0|384.0|384.0|384.0
UTNTSkyEdge_tntle_9307_0_terrain_1_1|9307|0|2|2979|1647|4408.0|-2940.0|4318.0|-2902.0|4362.80551398148|-2921.4606247807055|-80.0|-64.0|-96.0|QROCK3|XA02TEX|1.0|1.0|0.0|0.0|8|gravel|-|SG002386|-|1258|1|1|1647|XA02TEX|-|1.0|1.0|0.0|0.0|0.0|QROCK3X8|-|1.0|1.0|0.0|-1408.0|-384.0|-384.0|-64.0|-96.0|384.0|384.0|384.0|384.0
UTNTSkyEdge_tntle_9307_0_terrain_2_1|9307|0|2|2979|2979|4408.0|-2940.0|4318.0|-2902.0|4363.19448601852|-2920.5393752192945|-384.0|-384.0|-384.0|QROCK3|XA02TEX|1.0|1.0|0.0|0.0|5|gravel|-|SG002207|-|1066|2|1|2979|XA02TEX|-|1.0|1.0|0.0|0.0|0.0|QROCK3X8|-|1.0|1.0|0.0|-1408.0|-384.0|-384.0|-64.0|-96.0|384.0|384.0|384.0|384.0
UTNTSkyEdge_tntle_9308_0_terrain_1_0|9308|0|2|2979|1648|4318.0|-2902.0|4228.0|-2940.0|4272.80551398148|-2920.5393752192945|-88.22222222222223|-80.44444444444444|-96.0|QROCK3|QROCK3X8|1.0|1.0|0.0|-1408.0|8|rock|-|SG002121|-|1066|1|0|1648|XA02TEX|-|1.0|1.0|0.0|0.0|0.0|QROCK3X8|-|1.0|1.0|0.0|-1408.0|-384.0|-384.0|-80.44444444444444|-96.0|384.0|384.0|384.0|384.0
UTNTSkyEdge_tntle_9308_0_terrain_1_1|9308|0|2|2979|1648|4318.0|-2902.0|4228.0|-2940.0|4273.19448601852|-2921.4606247807055|-88.22222222222223|-80.44444444444444|-96.0|QROCK3|XA02TEX|1.0|1.0|0.0|0.0|8|gravel|-|SG002387|-|1259|1|1|1648|XA02TEX|-|1.0|1.0|0.0|0.0|0.0|QROCK3X8|-|1.0|1.0|0.0|-1408.0|-384.0|-384.0|-80.44444444444444|-96.0|384.0|384.0|384.0|384.0
UTNTSkyEdge_tntle_9309_0_terrain_1_0|9309|0|2|2979|1649|4228.0|-2940.0|4190.0|-3030.0|4208.539375219294|-2984.8055139814796|-64.0|-96.0|-32.0|QROCK3|QROCK3X8|1.0|1.0|97.693397935|-1408.0|8|rock|-|SG002121|-|1066|1|0|1649|XA02TEX|-|1.0|1.0|0.0|0.0|0.0|QROCK3X8|-|1.0|1.0|97.693397935|-1408.0|-384.0|-384.0|-96.0|-32.0|384.0|384.0|384.0|384.0
UTNTSkyEdge_tntle_9309_0_terrain_1_1|9309|0|2|2979|1649|4228.0|-2940.0|4190.0|-3030.0|4209.460624780706|-2985.1944860185204|-64.0|-96.0|-32.0|QROCK3|XA02TEX|1.0|1.0|0.0|0.0|8|gravel|-|SG002388|-|1260|1|1|1649|XA02TEX|-|1.0|1.0|0.0|0.0|0.0|QROCK3X8|-|1.0|1.0|97.693397935|-1408.0|-384.0|-384.0|-96.0|-32.0|384.0|384.0|384.0|384.0
UTNTSkyEdge_tntle_9310_0_terrain_1_0|9310|0|2|2979|1650|4190.0|-3030.0|4228.0|-3120.0|4208.539375219294|-3075.1944860185204|-48.0|-32.0|-64.0|QROCK3|QROCK3X8|1.0|1.0|195.386795869|-1408.0|8|rock|-|SG002121|-|1066|1|0|1650|XA02TEX|-|1.0|1.0|0.0|0.0|0.0|QROCK3X8|-|1.0|1.0|195.386795869|-1408.0|-384.0|-384.0|-32.0|-64.0|384.0|384.0|384.0|384.0
UTNTSkyEdge_tntle_9310_0_terrain_1_1|9310|0|2|2979|1650|4190.0|-3030.0|4228.0|-3120.0|4209.460624780706|-3074.8055139814796|-48.0|-32.0|-64.0|QROCK3|XA02TEX|1.0|1.0|0.0|0.0|8|gravel|-|SG002389|-|1261|1|1|1650|XA02TEX|-|1.0|1.0|0.0|0.0|0.0|QROCK3X8|-|1.0|1.0|195.386795869|-1408.0|-384.0|-384.0|-32.0|-64.0|384.0|384.0|384.0|384.0
UTNTSkyEdge_tntle_9311_0_terrain_1_0|9311|0|2|2979|1651|4228.0|-3120.0|4318.0|-3158.0|4272.80551398148|-3139.4606247807055|-80.0|-64.0|-96.0|QROCK3|QROCK3X8|1.0|1.0|0.0|-1408.0|8|rock|-|SG002121|-|1066|1|0|1651|XA02TEX|-|1.0|1.0|0.0|0.0|0.0|QROCK3X8|-|1.0|1.0|0.0|-1408.0|-384.0|-384.0|-64.0|-96.0|384.0|384.0|384.0|384.0
UTNTSkyEdge_tntle_9311_0_terrain_1_1|9311|0|2|2979|1651|4228.0|-3120.0|4318.0|-3158.0|4273.19448601852|-3138.5393752192945|-80.0|-64.0|-96.0|QROCK3|XA02TEX|1.0|1.0|0.0|0.0|8|gravel|-|SG002390|-|1262|1|1|1651|XA02TEX|-|1.0|1.0|0.0|0.0|0.0|QROCK3X8|-|1.0|1.0|0.0|-1408.0|-384.0|-384.0|-64.0|-96.0|384.0|384.0|384.0|384.0
UTNTSkyEdge_tntle_9311_0_terrain_2_1|9311|0|2|2979|2979|4228.0|-3120.0|4318.0|-3158.0|4272.80551398148|-3139.4606247807055|-384.0|-384.0|-384.0|QROCK3|XA02TEX|1.0|1.0|0.0|0.0|5|gravel|-|SG002207|-|1066|2|1|2979|XA02TEX|-|1.0|1.0|0.0|0.0|0.0|QROCK3X8|-|1.0|1.0|0.0|-1408.0|-384.0|-384.0|-64.0|-96.0|384.0|384.0|384.0|384.0
UTNTSkyEdge_tntle_9312_0_terrain_1_0|9312|0|2|2979|1652|4318.0|-3158.0|4408.0|-3120.0|4363.19448601852|-3139.4606247807055|-93.26775956284153|-90.53551912568307|-96.0|QROCK3|QROCK3X8|1.0|1.0|0.0|-1408.0|8|rock|-|SG002121|-|1066|1|0|1652|XA02TEX|-|1.0|1.0|0.0|0.0|0.0|QROCK3X8|-|1.0|1.0|0.0|-1408.0|-384.0|-384.0|-90.53551912568307|-96.0|384.0|384.0|384.0|384.0
UTNTSkyEdge_tntle_9312_0_terrain_1_1|9312|0|2|2979|1652|4318.0|-3158.0|4408.0|-3120.0|4362.80551398148|-3138.5393752192945|-93.26775956284153|-90.53551912568307|-96.0|QROCK3|XA02TEX|1.0|1.0|0.0|0.0|8|gravel|-|SG002391|-|1263|1|1|1652|XA02TEX|-|1.0|1.0|0.0|0.0|0.0|QROCK3X8|-|1.0|1.0|0.0|-1408.0|-384.0|-384.0|-90.53551912568307|-96.0|384.0|384.0|384.0|384.0
UTNTSkyEdge_tntle_9312_0_terrain_2_1|9312|0|2|2979|2979|4318.0|-3158.0|4408.0|-3120.0|4363.19448601852|-3139.4606247807055|-384.0|-384.0|-384.0|QROCK3|XA02TEX|1.0|1.0|0.0|0.0|5|gravel|-|SG002207|-|1066|2|1|2979|XA02TEX|-|1.0|1.0|0.0|0.0|0.0|QROCK3X8|-|1.0|1.0|0.0|-1408.0|-384.0|-384.0|-90.53551912568307|-96.0|384.0|384.0|384.0|384.0
UTNTSkyEdge_tntle_9313_0_terrain_1_0|9313|0|2|2979|1653|4408.0|-3120.0|4446.0|-3030.0|4427.460624780706|-3075.1944860185204|-64.0|-96.0|-32.0|QROCK3|QROCK3X8|1.0|1.0|97.693397935|-1408.0|8|rock|-|SG002121|-|1066|1|0|1653|XA02TEX|-|1.0|1.0|0.0|0.0|0.0|QROCK3X8|-|1.0|1.0|97.693397935|-1408.0|-384.0|-384.0|-96.0|-32.0|384.0|384.0|384.0|384.0
UTNTSkyEdge_tntle_9313_0_terrain_1_1|9313|0|2|2979|1653|4408.0|-3120.0|4446.0|-3030.0|4426.539375219294|-3074.8055139814796|-64.0|-96.0|-32.0|QROCK3|XA02TEX|1.0|1.0|0.0|0.0|8|gravel|-|SG002392|-|1264|1|1|1653|XA02TEX|-|1.0|1.0|0.0|0.0|0.0|QROCK3X8|-|1.0|1.0|97.693397935|-1408.0|-384.0|-384.0|-96.0|-32.0|384.0|384.0|384.0|384.0
UTNTSkyEdge_tntle_9313_0_terrain_2_1|9313|0|2|2979|2979|4408.0|-3120.0|4446.0|-3030.0|4427.460624780706|-3075.1944860185204|-384.0|-384.0|-384.0|QROCK3|XA02TEX|1.0|1.0|0.0|0.0|5|gravel|-|SG002207|-|1066|2|1|2979|XA02TEX|-|1.0|1.0|0.0|0.0|0.0|QROCK3X8|-|1.0|1.0|97.693397935|-1408.0|-384.0|-384.0|-96.0|-32.0|384.0|384.0|384.0|384.0
UTNTSkyEdge_tntle_11457_0_terrain_2_1|11457|0|1|1939|1939|9008.0|-744.0|9472.0|-1024.0|9239.741667516058|-884.4280938305328|0.0|0.0|0.0|QROCK3X8|QGRASS|1.0|1.0|0.0|0.0|5|grass|-|SG002319|-|1096|2|1|1939|QGRASS|-|1.0|1.0|0.0|0.0|0.0|QROCK3X8|-|1.0|1.0|103.257456259|0.0|0.0|0.0|0|0|512.0|512.0|0|0
UTNTSkyEdge_tntle_11587_0_terrain_2_1|11587|0|1|1981|1981|11872.0|352.0|11776.0|384.0|11824.158113883008|368.47434164902523|0.0|0.0|0.0|QROCK3X8|QGRASS|1.0|1.0|0.0|0.0|5|grass|-|SG002393|-|1134|2|1|1981|QGRASS|-|1.0|1.0|0.0|0.0|0.0|QROCK3X8|-|1.0|1.0|972.78604116|0.0|0.0|0.0|0|0|512.0|512.0|0|0
UTNTSkyEdge_tntle_11676_0_terrain_2_1|11676|0|1|1981|1981|11968.0|384.0|11872.0|352.0|11919.841886116992|368.47434164902523|0.0|0.0|0.0|QROCK3X8|QGRASS|1.0|1.0|0.0|0.0|5|grass|-|SG002393|-|1134|2|1|1981|QGRASS|-|1.0|1.0|0.0|0.0|0.0|QROCK3X8|-|1.0|1.0|871.593156034|0.0|0.0|0.0|0|0|512.0|512.0|0|0
UTNTSkyEdge_tntle_11691_0_terrain_2_1|11691|0|1|1981|1981|12192.0|320.0|11968.0|384.0|12080.13736056395|352.4807619738204|0.0|0.0|0.0|QROCK3X8|QGRASS|1.0|1.0|0.0|0.0|5|grass|-|SG002393|-|1134|2|1|1981|QGRASS|-|1.0|1.0|0.0|0.0|0.0|QROCK3X8|-|1.0|1.0|638.629639577|0.0|0.0|0.0|0|0|512.0|512.0|0|0
UTNTSkyEdge_tntle_11693_0_terrain_2_1|11693|0|1|1981|1981|11968.0|1984.0|12096.0|2016.0|12032.121267812518|1999.5149287499273|0.0|0.0|0.0|QROCK3X8|QGRASS|1.0|1.0|0.0|0.0|5|grass|-|SG002393|-|1134|2|1|1981|QGRASS|-|1.0|1.0|0.0|0.0|0.0|QROCK3X8|-|1.0|1.0|0.0|0.0|0.0|0.0|0|0|512.0|512.0|0|0
UTNTSkyEdge_tntle_11694_0_terrain_2_1|11694|0|1|1981|1981|12096.0|2016.0|12352.0|1984.0|12223.937982632706|1999.5038610616432|0.0|0.0|0.0|QROCK3X8|QGRASS|1.0|1.0|0.0|0.0|5|grass|-|SG002393|-|1134|2|1|1981|QGRASS|-|1.0|1.0|0.0|0.0|0.0|QROCK3X8|-|1.0|1.0|131.93938002|0.0|0.0|0.0|0|0|512.0|512.0|0|0
UTNTSkyEdge_tntle_11695_0_terrain_2_1|11695|0|1|1981|1981|12352.0|1984.0|12576.0|2048.0|12464.13736056395|2015.5192380261797|0.0|0.0|0.0|QROCK3X8|QGRASS|1.0|1.0|0.0|0.0|5|grass|-|SG002393|-|1134|2|1|1981|QGRASS|-|1.0|1.0|0.0|0.0|0.0|QROCK3X8|-|1.0|1.0|389.931627965|0.0|0.0|0.0|0|0|512.0|512.0|0|0
UTNTSkyEdge_tntle_11696_0_terrain_2_1|11696|0|1|1981|1981|12576.0|2048.0|12736.0|1984.0|12655.814304661822|2015.5357616545573|0.0|0.0|0.0|QROCK3X8|QGRASS|1.0|1.0|0.0|0.0|5|grass|-|SG002393|-|1134|2|1|1981|QGRASS|-|1.0|1.0|0.0|0.0|0.0|QROCK3X8|-|1.0|1.0|622.895144422|0.0|0.0|0.0|0|0|512.0|512.0|0|0
UTNTSkyEdge_tntle_11698_0_terrain_2_1|11698|0|1|1981|1981|12736.0|416.0|12544.0|352.0|12639.841886116992|384.47434164902523|0.0|0.0|0.0|QROCK3X8|QGRASS|1.0|1.0|0.0|0.0|5|grass|-|SG002393|-|1134|2|1|1981|QGRASS|-|1.0|1.0|0.0|0.0|0.0|QROCK3X8|-|1.0|1.0|66.861348787|0.0|0.0|0.0|0|0|512.0|512.0|0|0
UTNTSkyEdge_tntle_11699_0_terrain_2_1|11699|0|1|1981|1981|12544.0|352.0|12320.0|384.0|12432.07071067812|368.49497474683056|0.0|0.0|0.0|QROCK3X8|QGRASS|1.0|1.0|0.0|0.0|5|grass|-|SG002393|-|1134|2|1|1981|QGRASS|-|1.0|1.0|0.0|0.0|0.0|QROCK3X8|-|1.0|1.0|269.247119037|0.0|0.0|0.0|0|0|512.0|512.0|0|0
UTNTSkyEdge_tntle_11700_0_terrain_2_1|11700|0|1|1981|1981|12320.0|384.0|12192.0|320.0|12255.77639320225|352.44721359549993|0.0|0.0|0.0|QROCK3X8|QGRASS|1.0|1.0|0.0|0.0|5|grass|-|SG002393|-|1134|2|1|1981|QGRASS|-|1.0|1.0|0.0|0.0|0.0|QROCK3X8|-|1.0|1.0|495.521289017|0.0|0.0|0.0|0|0|512.0|512.0|0|0
UTNTSkyEdge_tntle_11927_0_terrain_2_1|11927|0|1|1981|1981|13056.0|320.0|12736.0|416.0|12896.143673942783|368.47891314261057|0.0|0.0|0.0|QROCK3X8|QGRASS|1.0|1.0|0.0|0.0|5|grass|-|SG002393|-|1134|2|1|1981|QGRASS|-|1.0|1.0|0.0|0.0|0.0|QROCK3X8|-|1.0|1.0|756.771540502|0.0|0.0|0.0|0|0|512.0|512.0|0|0
UTNTSkyEdge_tntle_11930_0_terrain_2_1|11930|0|1|1981|1981|13568.0|1984.0|13792.0|1984.0|13680.0|1983.5|0.0|0.0|0.0|QROCK3X8|QGRASS|1.0|1.0|0.0|0.0|5|grass|-|SG002393|-|1134|2|1|1981|QGRASS|-|1.0|1.0|0.0|0.0|0.0|QROCK3X8|-|1.0|1.0|654.65019762|0.0|0.0|0.0|0|0|512.0|512.0|0|0
UTNTSkyEdge_tntle_11931_0_terrain_2_1|11931|0|1|1981|1981|13248.0|2048.0|13568.0|1984.0|13407.90194193243|2015.5097096621546|0.0|0.0|0.0|QROCK3X8|QGRASS|1.0|1.0|0.0|0.0|5|grass|-|SG002393|-|1134|2|1|1981|QGRASS|-|1.0|1.0|0.0|0.0|0.0|QROCK3X8|-|1.0|1.0|328.31294875|0.0|0.0|0.0|0|0|512.0|512.0|0|0
UTNTSkyEdge_tntle_11932_0_terrain_2_1|11932|0|1|1981|1981|13056.0|1920.0|13248.0|2048.0|13152.277350098113|1983.583974852831|0.0|0.0|0.0|QROCK3X8|QGRASS|1.0|1.0|0.0|0.0|5|grass|-|SG002393|-|1134|2|1|1981|QGRASS|-|1.0|1.0|0.0|0.0|0.0|QROCK3X8|-|1.0|1.0|97.557667121|0.0|0.0|0.0|0|0|512.0|512.0|0|0
UTNTSkyEdge_tntle_11933_0_terrain_2_1|11933|0|1|1981|1981|12736.0|1984.0|13056.0|1920.0|12895.90194193243|1951.5097096621546|0.0|0.0|0.0|QROCK3X8|QGRASS|1.0|1.0|0.0|0.0|5|grass|-|SG002393|-|1134|2|1|1981|QGRASS|-|1.0|1.0|0.0|0.0|0.0|QROCK3X8|-|1.0|1.0|795.220418251|0.0|0.0|0.0|0|0|512.0|512.0|0|0
UTNTSkyEdge_tntle_11934_0_terrain_1_0|11934|0|2|2021|1981|12160.0|1024.0|12224.0|1088.0|12192.353553390592|1055.6464466094067|0.0|0.0|0.0|QGRASS|QGRASS|1.0|1.0|0.0|0.0|1.28|grass|-|SG002394|-|1265|1|0|1981|QGRASS|-|1.0|1.0|0.0|0.0|0.0|QGRASS|-|1.0|1.0|0.0|0.0|-8.0|-8.0|0.0|0.0|512.0|512.0|512.0|512.0
UTNTSkyEdge_tntle_11934_0_terrain_1_1|11934|0|2|2021|1981|12160.0|1024.0|12224.0|1088.0|12191.646446609408|1056.3535533905933|0.0|0.0|0.0|QGRASS|QGRASS|1.0|1.0|0.0|0.0|1.28|grass|-|SG002393|-|1134|1|1|1981|QGRASS|-|1.0|1.0|0.0|0.0|0.0|QGRASS|-|1.0|1.0|0.0|0.0|-8.0|-8.0|0.0|0.0|512.0|512.0|512.0|512.0
UTNTSkyEdge_tntle_11935_0_terrain_1_0|11935|0|2|2021|1981|12224.0|1088.0|12352.0|1088.0|12288.0|1087.5|0.0|0.0|0.0|QGRASS|QGRASS|1.0|1.0|0.0|0.0|1.28|grass|-|SG002394|-|1265|1|0|1981|QGRASS|-|1.0|1.0|0.0|0.0|0.0|QGRASS|-|1.0|1.0|0.0|0.0|-8.0|-8.0|0.0|0.0|512.0|512.0|512.0|512.0
UTNTSkyEdge_tntle_11935_0_terrain_1_1|11935|0|2|2021|1981|12224.0|1088.0|12352.0|1088.0|12288.0|1088.5|0.0|0.0|0.0|QGRASS|QGRASS|1.0|1.0|0.0|0.0|1.28|grass|-|SG002393|-|1134|1|1|1981|QGRASS|-|1.0|1.0|0.0|0.0|0.0|QGRASS|-|1.0|1.0|0.0|0.0|-8.0|-8.0|0.0|0.0|512.0|512.0|512.0|512.0
UTNTSkyEdge_tntle_11936_0_terrain_1_0|11936|0|2|2021|1981|12352.0|1088.0|12416.0|1152.0|12384.353553390592|1119.6464466094067|0.0|0.0|0.0|QGRASS|QGRASS|1.0|1.0|0.0|0.0|1.28|grass|-|SG002394|-|1265|1|0|1981|QGRASS|-|1.0|1.0|0.0|0.0|0.0|QGRASS|-|1.0|1.0|0.0|0.0|-8.0|-8.0|0.0|0.0|512.0|512.0|512.0|512.0
UTNTSkyEdge_tntle_11936_0_terrain_1_1|11936|0|2|2021|1981|12352.0|1088.0|12416.0|1152.0|12383.646446609408|1120.3535533905933|0.0|0.0|0.0|QGRASS|QGRASS|1.0|1.0|0.0|0.0|1.28|grass|-|SG002393|-|1134|1|1|1981|QGRASS|-|1.0|1.0|0.0|0.0|0.0|QGRASS|-|1.0|1.0|0.0|0.0|-8.0|-8.0|0.0|0.0|512.0|512.0|512.0|512.0
UTNTSkyEdge_tntle_11937_0_terrain_1_0|11937|0|2|2021|1981|12416.0|1152.0|12608.0|1152.0|12512.0|1151.5|0.0|0.0|0.0|QGRASS|QGRASS|1.0|1.0|0.0|0.0|1.28|grass|-|SG002394|-|1265|1|0|1981|QGRASS|-|1.0|1.0|0.0|0.0|0.0|QGRASS|-|1.0|1.0|0.0|0.0|-8.0|-8.0|0.0|0.0|512.0|512.0|512.0|512.0
UTNTSkyEdge_tntle_11937_0_terrain_1_1|11937|0|2|2021|1981|12416.0|1152.0|12608.0|1152.0|12512.0|1152.5|0.0|0.0|0.0|QGRASS|QGRASS|1.0|1.0|0.0|0.0|1.28|grass|-|SG002393|-|1134|1|1|1981|QGRASS|-|1.0|1.0|0.0|0.0|0.0|QGRASS|-|1.0|1.0|0.0|0.0|-8.0|-8.0|0.0|0.0|512.0|512.0|512.0|512.0
UTNTSkyEdge_tntle_11938_0_terrain_1_0|11938|0|2|2021|1981|12608.0|1152.0|12672.0|1216.0|12640.353553390592|1183.6464466094067|0.0|0.0|0.0|QGRASS|QGRASS|1.0|1.0|0.0|0.0|1.28|grass|-|SG002394|-|1265|1|0|1981|QGRASS|-|1.0|1.0|0.0|0.0|0.0|QGRASS|-|1.0|1.0|0.0|0.0|-8.0|-8.0|0.0|0.0|512.0|512.0|512.0|512.0
UTNTSkyEdge_tntle_11938_0_terrain_1_1|11938|0|2|2021|1981|12608.0|1152.0|12672.0|1216.0|12639.646446609408|1184.3535533905933|0.0|0.0|0.0|QGRASS|QGRASS|1.0|1.0|0.0|0.0|1.28|grass|-|SG002393|-|1134|1|1|1981|QGRASS|-|1.0|1.0|0.0|0.0|0.0|QGRASS|-|1.0|1.0|0.0|0.0|-8.0|-8.0|0.0|0.0|512.0|512.0|512.0|512.0
UTNTSkyEdge_tntle_11939_0_terrain_1_0|11939|0|2|2021|1981|12672.0|1216.0|12800.0|1152.0|12735.77639320225|1183.5527864045|0.0|0.0|0.0|QGRASS|QGRASS|1.0|1.0|0.0|0.0|1.28|grass|-|SG002394|-|1265|1|0|1981|QGRASS|-|1.0|1.0|0.0|0.0|0.0|QGRASS|-|1.0|1.0|0.0|0.0|-8.0|-8.0|0.0|0.0|512.0|512.0|512.0|512.0
UTNTSkyEdge_tntle_11939_0_terrain_1_1|11939|0|2|2021|1981|12672.0|1216.0|12800.0|1152.0|12736.22360679775|1184.4472135955|0.0|0.0|0.0|QGRASS|QGRASS|1.0|1.0|0.0|0.0|1.28|grass|-|SG002393|-|1134|1|1|1981|QGRASS|-|1.0|1.0|0.0|0.0|0.0|QGRASS|-|1.0|1.0|0.0|0.0|-8.0|-8.0|0.0|0.0|512.0|512.0|512.0|512.0
UTNTSkyEdge_tntle_11940_0_terrain_1_0|11940|0|2|2021|1981|12800.0|1152.0|12864.0|1024.0|12831.5527864045|1087.7763932022501|0.0|0.0|0.0|QGRASS|QGRASS|1.0|1.0|0.0|0.0|1.28|grass|-|SG002394|-|1265|1|0|1981|QGRASS|-|1.0|1.0|0.0|0.0|0.0|QGRASS|-|1.0|1.0|0.0|0.0|-8.0|-8.0|0.0|0.0|512.0|512.0|512.0|512.0
UTNTSkyEdge_tntle_11940_0_terrain_1_1|11940|0|2|2021|1981|12800.0|1152.0|12864.0|1024.0|12832.4472135955|1088.2236067977499|0.0|0.0|0.0|QGRASS|QGRASS|1.0|1.0|0.0|0.0|1.28|grass|-|SG002393|-|1134|1|1|1981|QGRASS|-|1.0|1.0|0.0|0.0|0.0|QGRASS|-|1.0|1.0|0.0|0.0|-8.0|-8.0|0.0|0.0|512.0|512.0|512.0|512.0
UTNTSkyEdge_tntle_11941_0_terrain_1_0|11941|0|2|2021|1981|12864.0|1024.0|12800.0|960.0|12831.646446609408|992.3535533905932|0.0|0.0|0.0|QGRASS|QGRASS|1.0|1.0|0.0|0.0|1.28|grass|-|SG002394|-|1265|1|0|1981|QGRASS|-|1.0|1.0|0.0|0.0|0.0|QGRASS|-|1.0|1.0|0.0|0.0|-8.0|-8.0|0.0|0.0|512.0|512.0|512.0|512.0
UTNTSkyEdge_tntle_11941_0_terrain_1_1|11941|0|2|2021|1981|12864.0|1024.0|12800.0|960.0|12832.353553390592|991.6464466094068|0.0|0.0|0.0|QGRASS|QGRASS|1.0|1.0|0.0|0.0|1.28|grass|-|SG002393|-|1134|1|1|1981|QGRASS|-|1.0|1.0|0.0|0.0|0.0|QGRASS|-|1.0|1.0|0.0|0.0|-8.0|-8.0|0.0|0.0|512.0|512.0|512.0|512.0
UTNTSkyEdge_tntle_11942_0_terrain_1_0|11942|0|2|2021|1981|12800.0|960.0|12736.0|1024.0|12768.353553390592|992.3535533905932|0.0|0.0|0.0|QGRASS|QGRASS|1.0|1.0|0.0|0.0|1.28|grass|-|SG002394|-|1265|1|0|1981|QGRASS|-|1.0|1.0|0.0|0.0|0.0|QGRASS|-|1.0|1.0|0.0|0.0|-8.0|-8.0|0.0|0.0|512.0|512.0|512.0|512.0
UTNTSkyEdge_tntle_11942_0_terrain_1_1|11942|0|2|2021|1981|12800.0|960.0|12736.0|1024.0|12767.646446609408|991.6464466094068|0.0|0.0|0.0|QGRASS|QGRASS|1.0|1.0|0.0|0.0|1.28|grass|-|SG002393|-|1134|1|1|1981|QGRASS|-|1.0|1.0|0.0|0.0|0.0|QGRASS|-|1.0|1.0|0.0|0.0|-8.0|-8.0|0.0|0.0|512.0|512.0|512.0|512.0
UTNTSkyEdge_tntle_11943_0_terrain_1_0|11943|0|2|2021|1981|12736.0|1024.0|12544.0|960.0|12639.841886116992|992.4743416490253|0.0|0.0|0.0|QGRASS|QGRASS|1.0|1.0|0.0|0.0|1.28|grass|-|SG002394|-|1265|1|0|1981|QGRASS|-|1.0|1.0|0.0|0.0|0.0|QGRASS|-|1.0|1.0|0.0|0.0|-8.0|-8.0|0.0|0.0|512.0|512.0|512.0|512.0
UTNTSkyEdge_tntle_11943_0_terrain_1_1|11943|0|2|2021|1981|12736.0|1024.0|12544.0|960.0|12640.158113883008|991.5256583509747|0.0|0.0|0.0|QGRASS|QGRASS|1.0|1.0|0.0|0.0|1.28|grass|-|SG002393|-|1134|1|1|1981|QGRASS|-|1.0|1.0|0.0|0.0|0.0|QGRASS|-|1.0|1.0|0.0|0.0|-8.0|-8.0|0.0|0.0|512.0|512.0|512.0|512.0
UTNTSkyEdge_tntle_11944_0_terrain_1_0|11944|0|2|2021|1981|12544.0|960.0|12480.0|1024.0|12512.353553390592|992.3535533905932|0.0|0.0|0.0|QGRASS|QGRASS|1.0|1.0|0.0|0.0|1.28|grass|-|SG002394|-|1265|1|0|1981|QGRASS|-|1.0|1.0|0.0|0.0|0.0|QGRASS|-|1.0|1.0|0.0|0.0|-8.0|-8.0|0.0|0.0|512.0|512.0|512.0|512.0
UTNTSkyEdge_tntle_11944_0_terrain_1_1|11944|0|2|2021|1981|12544.0|960.0|12480.0|1024.0|12511.646446609408|991.6464466094068|0.0|0.0|0.0|QGRASS|QGRASS|1.0|1.0|0.0|0.0|1.28|grass|-|SG002393|-|1134|1|1|1981|QGRASS|-|1.0|1.0|0.0|0.0|0.0|QGRASS|-|1.0|1.0|0.0|0.0|-8.0|-8.0|0.0|0.0|512.0|512.0|512.0|512.0
UTNTSkyEdge_tntle_11945_0_terrain_1_0|11945|0|2|2021|1981|12480.0|1024.0|12416.0|960.0|12447.646446609408|992.3535533905932|0.0|0.0|0.0|QGRASS|QGRASS|1.0|1.0|0.0|0.0|1.28|grass|-|SG002394|-|1265|1|0|1981|QGRASS|-|1.0|1.0|0.0|0.0|0.0|QGRASS|-|1.0|1.0|0.0|0.0|-8.0|-8.0|0.0|0.0|512.0|512.0|512.0|512.0
UTNTSkyEdge_tntle_11945_0_terrain_1_1|11945|0|2|2021|1981|12480.0|1024.0|12416.0|960.0|12448.353553390592|991.6464466094068|0.0|0.0|0.0|QGRASS|QGRASS|1.0|1.0|0.0|0.0|1.28|grass|-|SG002393|-|1134|1|1|1981|QGRASS|-|1.0|1.0|0.0|0.0|0.0|QGRASS|-|1.0|1.0|0.0|0.0|-8.0|-8.0|0.0|0.0|512.0|512.0|512.0|512.0
UTNTSkyEdge_tntle_11946_0_terrain_1_0|11946|0|2|2021|1981|12416.0|960.0|12352.0|832.0|12383.5527864045|896.22360679775|0.0|0.0|0.0|QGRASS|QGRASS|1.0|1.0|0.0|0.0|1.28|grass|-|SG002394|-|1265|1|0|1981|QGRASS|-|1.0|1.0|0.0|0.0|0.0|QGRASS|-|1.0|1.0|0.0|0.0|-8.0|-8.0|0.0|0.0|512.0|512.0|512.0|512.0
UTNTSkyEdge_tntle_11946_0_terrain_1_1|11946|0|2|2021|1981|12416.0|960.0|12352.0|832.0|12384.4472135955|895.77639320225|0.0|0.0|0.0|QGRASS|QGRASS|1.0|1.0|0.0|0.0|1.28|grass|-|SG002393|-|1134|1|1|1981|QGRASS|-|1.0|1.0|0.0|0.0|0.0|QGRASS|-|1.0|1.0|0.0|0.0|-8.0|-8.0|0.0|0.0|512.0|512.0|512.0|512.0
UTNTSkyEdge_tntle_11947_0_terrain_1_0|11947|0|2|2021|1981|12352.0|832.0|12352.0|704.0|12351.5|768.0|0.0|0.0|0.0|QGRASS|QGRASS|1.0|1.0|0.0|0.0|1.28|grass|-|SG002394|-|1265|1|0|1981|QGRASS|-|1.0|1.0|0.0|0.0|0.0|QGRASS|-|1.0|1.0|0.0|0.0|-8.0|-8.0|0.0|0.0|512.0|512.0|512.0|512.0
UTNTSkyEdge_tntle_11947_0_terrain_1_1|11947|0|2|2021|1981|12352.0|832.0|12352.0|704.0|12352.5|768.0|0.0|0.0|0.0|QGRASS|QGRASS|1.0|1.0|0.0|0.0|1.28|grass|-|SG002393|-|1134|1|1|1981|QGRASS|-|1.0|1.0|0.0|0.0|0.0|QGRASS|-|1.0|1.0|0.0|0.0|-8.0|-8.0|0.0|0.0|512.0|512.0|512.0|512.0
UTNTSkyEdge_tntle_11948_0_terrain_1_0|11948|0|2|2021|1981|12352.0|704.0|12288.0|576.0|12319.5527864045|640.22360679775|0.0|0.0|0.0|QGRASS|QGRASS|1.0|1.0|0.0|0.0|1.28|grass|-|SG002394|-|1265|1|0|1981|QGRASS|-|1.0|1.0|0.0|0.0|0.0|QGRASS|-|1.0|1.0|0.0|0.0|-8.0|-8.0|0.0|0.0|512.0|512.0|512.0|512.0
UTNTSkyEdge_tntle_11948_0_terrain_1_1|11948|0|2|2021|1981|12352.0|704.0|12288.0|576.0|12320.4472135955|639.77639320225|0.0|0.0|0.0|QGRASS|QGRASS|1.0|1.0|0.0|0.0|1.28|grass|-|SG002393|-|1134|1|1|1981|QGRASS|-|1.0|1.0|0.0|0.0|0.0|QGRASS|-|1.0|1.0|0.0|0.0|-8.0|-8.0|0.0|0.0|512.0|512.0|512.0|512.0
UTNTSkyEdge_tntle_11949_0_terrain_1_0|11949|0|2|2021|1981|12288.0|576.0|12160.0|512.0|12223.77639320225|544.4472135955|0.0|0.0|0.0|QGRASS|QGRASS|1.0|1.0|0.0|0.0|1.28|grass|-|SG002394|-|1265|1|0|1981|QGRASS|-|1.0|1.0|0.0|0.0|0.0|QGRASS|-|1.0|1.0|0.0|0.0|-8.0|-8.0|0.0|0.0|512.0|512.0|512.0|512.0
UTNTSkyEdge_tntle_11949_0_terrain_1_1|11949|0|2|2021|1981|12288.0|576.0|12160.0|512.0|12224.22360679775|543.5527864045|0.0|0.0|0.0|QGRASS|QGRASS|1.0|1.0|0.0|0.0|1.28|grass|-|SG002393|-|1134|1|1|1981|QGRASS|-|1.0|1.0|0.0|0.0|0.0|QGRASS|-|1.0|1.0|0.0|0.0|-8.0|-8.0|0.0|0.0|512.0|512.0|512.0|512.0
UTNTSkyEdge_tntle_11950_0_terrain_1_0|11950|0|2|2021|1981|12160.0|512.0|12160.0|576.0|12160.5|544.0|0.0|0.0|0.0|QGRASS|QGRASS|1.0|1.0|0.0|0.0|1.28|grass|-|SG002394|-|1265|1|0|1981|QGRASS|-|1.0|1.0|0.0|0.0|0.0|QGRASS|-|1.0|1.0|0.0|0.0|-8.0|-8.0|0.0|0.0|512.0|512.0|512.0|512.0
UTNTSkyEdge_tntle_11950_0_terrain_1_1|11950|0|2|2021|1981|12160.0|512.0|12160.0|576.0|12159.5|544.0|0.0|0.0|0.0|QGRASS|QGRASS|1.0|1.0|0.0|0.0|1.28|grass|-|SG002393|-|1134|1|1|1981|QGRASS|-|1.0|1.0|0.0|0.0|0.0|QGRASS|-|1.0|1.0|0.0|0.0|-8.0|-8.0|0.0|0.0|512.0|512.0|512.0|512.0
UTNTSkyEdge_tntle_11951_0_terrain_1_0|11951|0|2|2021|1981|12160.0|576.0|12224.0|704.0|12192.4472135955|639.77639320225|0.0|0.0|0.0|QGRASS|QGRASS|1.0|1.0|0.0|0.0|1.28|grass|-|SG002394|-|1265|1|0|1981|QGRASS|-|1.0|1.0|0.0|0.0|0.0|QGRASS|-|1.0|1.0|0.0|0.0|-8.0|-8.0|0.0|0.0|512.0|512.0|512.0|512.0
UTNTSkyEdge_tntle_11951_0_terrain_1_1|11951|0|2|2021|1981|12160.0|576.0|12224.0|704.0|12191.5527864045|640.22360679775|0.0|0.0|0.0|QGRASS|QGRASS|1.0|1.0|0.0|0.0|1.28|grass|-|SG002393|-|1134|1|1|1981|QGRASS|-|1.0|1.0|0.0|0.0|0.0|QGRASS|-|1.0|1.0|0.0|0.0|-8.0|-8.0|0.0|0.0|512.0|512.0|512.0|512.0
UTNTSkyEdge_tntle_11952_0_terrain_1_0|11952|0|2|2021|1981|12224.0|704.0|12224.0|832.0|12224.5|768.0|0.0|0.0|0.0|QGRASS|QGRASS|1.0|1.0|0.0|0.0|1.28|grass|-|SG002394|-|1265|1|0|1981|QGRASS|-|1.0|1.0|0.0|0.0|0.0|QGRASS|-|1.0|1.0|0.0|0.0|-8.0|-8.0|0.0|0.0|512.0|512.0|512.0|512.0
UTNTSkyEdge_tntle_11952_0_terrain_1_1|11952|0|2|2021|1981|12224.0|704.0|12224.0|832.0|12223.5|768.0|0.0|0.0|0.0|QGRASS|QGRASS|1.0|1.0|0.0|0.0|1.28|grass|-|SG002393|-|1134|1|1|1981|QGRASS|-|1.0|1.0|0.0|0.0|0.0|QGRASS|-|1.0|1.0|0.0|0.0|-8.0|-8.0|0.0|0.0|512.0|512.0|512.0|512.0
UTNTSkyEdge_tntle_11953_0_terrain_1_0|11953|0|2|2021|1981|12224.0|832.0|12160.0|960.0|12192.4472135955|896.22360679775|0.0|0.0|0.0|QGRASS|QGRASS|1.0|1.0|0.0|0.0|1.28|grass|-|SG002394|-|1265|1|0|1981|QGRASS|-|1.0|1.0|0.0|0.0|0.0|QGRASS|-|1.0|1.0|0.0|0.0|-8.0|-8.0|0.0|0.0|512.0|512.0|512.0|512.0
UTNTSkyEdge_tntle_11953_0_terrain_1_1|11953|0|2|2021|1981|12224.0|832.0|12160.0|960.0|12191.5527864045|895.77639320225|0.0|0.0|0.0|QGRASS|QGRASS|1.0|1.0|0.0|0.0|1.28|grass|-|SG002393|-|1134|1|1|1981|QGRASS|-|1.0|1.0|0.0|0.0|0.0|QGRASS|-|1.0|1.0|0.0|0.0|-8.0|-8.0|0.0|0.0|512.0|512.0|512.0|512.0
UTNTSkyEdge_tntle_11954_0_terrain_1_0|11954|0|2|2021|1981|12160.0|960.0|12160.0|1024.0|12160.5|992.0|0.0|0.0|0.0|QGRASS|QGRASS|1.0|1.0|0.0|0.0|1.28|grass|-|SG002394|-|1265|1|0|1981|QGRASS|-|1.0|1.0|0.0|0.0|0.0|QGRASS|-|1.0|1.0|0.0|0.0|-8.0|-8.0|0.0|0.0|512.0|512.0|512.0|512.0
UTNTSkyEdge_tntle_11954_0_terrain_1_1|11954|0|2|2021|1981|12160.0|960.0|12160.0|1024.0|12159.5|992.0|0.0|0.0|0.0|QGRASS|QGRASS|1.0|1.0|0.0|0.0|1.28|grass|-|SG002393|-|1134|1|1|1981|QGRASS|-|1.0|1.0|0.0|0.0|0.0|QGRASS|-|1.0|1.0|0.0|0.0|-8.0|-8.0|0.0|0.0|512.0|512.0|512.0|512.0
UTNTSkyEdge_tntle_11955_0_terrain_1_0|11955|0|2|1981|2023|12720.0|720.0|12784.0|624.0|12751.58397485283|671.7226499018874|56.0|56.0|56.0|QROCK3|QROCK3X8|1.0|1.0|242.377640815|72.0|8|rock|-|SG002189|-|1134|1|0|2023|XA11TEX|-|1.0|1.0|0.0|0.0|0.0|QROCK3X8|-|1.0|1.0|242.377640815|72.0|0.0|0.0|56.0|56.0|512.0|512.0|512.0|512.0
UTNTSkyEdge_tntle_11955_0_terrain_1_1|11955|0|2|1981|2023|12720.0|720.0|12784.0|624.0|12752.41602514717|672.2773500981126|56.0|56.0|56.0|QROCK3|XA11TEX|1.0|1.0|0.0|0.0|8|gravel|-|SG002395|-|1266|1|1|2023|XA11TEX|-|1.0|1.0|0.0|0.0|0.0|QROCK3X8|-|1.0|1.0|242.377640815|72.0|0.0|0.0|56.0|56.0|512.0|512.0|512.0|512.0
UTNTSkyEdge_tntle_11956_0_terrain_1_0|11956|0|2|1981|2023|12784.0|624.0|12848.0|624.0|12816.0|623.5|56.0|56.0|56.0|QROCK3|QROCK3X8|1.0|1.0|357.75528163|72.0|8|rock|-|SG002189|-|1134|1|0|2023|XA11TEX|-|1.0|1.0|0.0|0.0|0.0|QROCK3X8|-|1.0|1.0|357.75528163|72.0|0.0|0.0|56.0|56.0|512.0|512.0|512.0|512.0
UTNTSkyEdge_tntle_11956_0_terrain_1_1|11956|0|2|1981|2023|12784.0|624.0|12848.0|624.0|12816.0|624.5|56.0|56.0|56.0|QROCK3|XA11TEX|1.0|1.0|0.0|0.0|8|gravel|-|SG002395|-|1266|1|1|2023|XA11TEX|-|1.0|1.0|0.0|0.0|0.0|QROCK3X8|-|1.0|1.0|357.75528163|72.0|0.0|0.0|56.0|56.0|512.0|512.0|512.0|512.0
UTNTSkyEdge_tntle_11957_0_terrain_1_0|11957|0|2|1981|2023|12848.0|624.0|13008.0|560.0|12927.814304661822|591.5357616545574|56.0|56.0|56.0|QROCK3|QROCK3X8|1.0|1.0|421.75528163|72.0|8|rock|-|SG002189|-|1134|1|0|2023|XA11TEX|-|1.0|1.0|0.0|0.0|0.0|QROCK3X8|-|1.0|1.0|421.75528163|72.0|0.0|0.0|56.0|56.0|512.0|512.0|512.0|512.0
UTNTSkyEdge_tntle_11957_0_terrain_1_1|11957|0|2|1981|2023|12848.0|624.0|13008.0|560.0|12928.185695338178|592.4642383454426|56.0|56.0|56.0|QROCK3|XA11TEX|1.0|1.0|0.0|0.0|8|gravel|-|SG002395|-|1266|1|1|2023|XA11TEX|-|1.0|1.0|0.0|0.0|0.0|QROCK3X8|-|1.0|1.0|421.75528163|72.0|0.0|0.0|56.0|56.0|512.0|512.0|512.0|512.0
UTNTSkyEdge_tntle_11958_0_terrain_1_0|11958|0|2|1981|2023|13008.0|560.0|13072.0|624.0|13040.353553390592|591.6464466094068|56.0|56.0|56.0|QROCK3|QROCK3X8|1.0|1.0|594.080555458|72.0|8|rock|-|SG002189|-|1134|1|0|2023|XA11TEX|-|1.0|1.0|0.0|0.0|0.0|QROCK3X8|-|1.0|1.0|594.080555458|72.0|0.0|0.0|56.0|56.0|512.0|512.0|512.0|512.0
UTNTSkyEdge_tntle_11958_0_terrain_1_1|11958|0|2|1981|2023|13008.0|560.0|13072.0|624.0|13039.646446609408|592.3535533905932|56.0|56.0|56.0|QROCK3|XA11TEX|1.0|1.0|0.0|0.0|8|gravel|-|SG002395|-|1266|1|1|2023|XA11TEX|-|1.0|1.0|0.0|0.0|0.0|QROCK3X8|-|1.0|1.0|594.080555458|72.0|0.0|0.0|56.0|56.0|512.0|512.0|512.0|512.0
UTNTSkyEdge_tntle_11959_0_terrain_1_0|11959|0|2|1981|2023|13072.0|624.0|13040.0|688.0|13056.4472135955|656.22360679775|56.0|56.0|56.0|QROCK3|QROCK3X8|1.0|1.0|684.59022345|72.0|8|rock|-|SG002189|-|1134|1|0|2023|XA11TEX|-|1.0|1.0|0.0|0.0|0.0|QROCK3X8|-|1.0|1.0|684.59022345|72.0|0.0|0.0|56.0|56.0|512.0|512.0|512.0|512.0
UTNTSkyEdge_tntle_11959_0_terrain_1_1|11959|0|2|1981|2023|13072.0|624.0|13040.0|688.0|13055.5527864045|655.77639320225|56.0|56.0|56.0|QROCK3|XA11TEX|1.0|1.0|0.0|0.0|8|gravel|-|SG002395|-|1266|1|1|2023|XA11TEX|-|1.0|1.0|0.0|0.0|0.0|QROCK3X8|-|1.0|1.0|684.59022345|72.0|0.0|0.0|56.0|56.0|512.0|512.0|512.0|512.0
UTNTSkyEdge_tntle_11960_0_terrain_1_0|11960|0|2|1981|2023|13040.0|688.0|12976.0|816.0|13008.4472135955|752.22360679775|56.0|56.0|56.0|QROCK3|QROCK3X8|1.0|1.0|756.14439873|72.0|8|rock|-|SG002189|-|1134|1|0|2023|XA11TEX|-|1.0|1.0|0.0|0.0|0.0|QROCK3X8|-|1.0|1.0|756.14439873|72.0|0.0|0.0|56.0|56.0|512.0|512.0|512.0|512.0
UTNTSkyEdge_tntle_11960_0_terrain_1_1|11960|0|2|1981|2023|13040.0|688.0|12976.0|816.0|13007.5527864045|751.77639320225|56.0|56.0|56.0|QROCK3|XA11TEX|1.0|1.0|0.0|0.0|8|gravel|-|SG002395|-|1266|1|1|2023|XA11TEX|-|1.0|1.0|0.0|0.0|0.0|QROCK3X8|-|1.0|1.0|756.14439873|72.0|0.0|0.0|56.0|56.0|512.0|512.0|512.0|512.0
UTNTSkyEdge_tntle_11961_0_terrain_1_0|11961|0|2|1981|2023|12976.0|816.0|12880.0|784.0|12927.841886116992|800.4743416490253|56.0|56.0|56.0|QROCK3|QROCK3X8|1.0|1.0|899.25274929|72.0|8|rock|-|SG002189|-|1134|1|0|2023|XA11TEX|-|1.0|1.0|0.0|0.0|0.0|QROCK3X8|-|1.0|1.0|899.25274929|72.0|0.0|0.0|56.0|56.0|512.0|512.0|512.0|512.0
UTNTSkyEdge_tntle_11961_0_terrain_1_1|11961|0|2|1981|2023|12976.0|816.0|12880.0|784.0|12928.158113883008|799.5256583509747|56.0|56.0|56.0|QROCK3|XA11TEX|1.0|1.0|0.0|0.0|8|gravel|-|SG002395|-|1266|1|1|2023|XA11TEX|-|1.0|1.0|0.0|0.0|0.0|QROCK3X8|-|1.0|1.0|899.25274929|72.0|0.0|0.0|56.0|56.0|512.0|512.0|512.0|512.0
UTNTSkyEdge_tntle_11962_0_terrain_1_0|11962|0|2|1981|2023|12880.0|784.0|12816.0|816.0|12848.22360679775|800.4472135955|56.0|56.0|56.0|QROCK3|QROCK3X8|1.0|1.0|1000.445634415|72.0|8|rock|-|SG002189|-|1134|1|0|2023|XA11TEX|-|1.0|1.0|0.0|0.0|0.0|QROCK3X8|-|1.0|1.0|1000.445634415|72.0|0.0|0.0|56.0|56.0|512.0|512.0|512.0|512.0
UTNTSkyEdge_tntle_11962_0_terrain_1_1|11962|0|2|1981|2023|12880.0|784.0|12816.0|816.0|12847.77639320225|799.5527864045|56.0|56.0|56.0|QROCK3|XA11TEX|1.0|1.0|0.0|0.0|8|gravel|-|SG002395|-|1266|1|1|2023|XA11TEX|-|1.0|1.0|0.0|0.0|0.0|QROCK3X8|-|1.0|1.0|1000.445634415|72.0|0.0|0.0|56.0|56.0|512.0|512.0|512.0|512.0
UTNTSkyEdge_tntle_11963_0_terrain_1_0|11963|0|2|1981|2023|12816.0|816.0|12752.0|880.0|12784.353553390592|848.3535533905932|56.0|56.0|56.0|QROCK3|QROCK3X8|1.0|1.0|47.999809695|72.0|8|rock|-|SG002189|-|1134|1|0|2023|XA11TEX|-|1.0|1.0|0.0|0.0|0.0|QROCK3X8|-|1.0|1.0|47.999809695|72.0|0.0|0.0|56.0|56.0|512.0|512.0|512.0|512.0
UTNTSkyEdge_tntle_11963_0_terrain_1_1|11963|0|2|1981|2023|12816.0|816.0|12752.0|880.0|12783.646446609408|847.6464466094068|56.0|56.0|56.0|QROCK3|XA11TEX|1.0|1.0|0.0|0.0|8|gravel|-|SG002395|-|1266|1|1|2023|XA11TEX|-|1.0|1.0|0.0|0.0|0.0|QROCK3X8|-|1.0|1.0|47.999809695|72.0|0.0|0.0|56.0|56.0|512.0|512.0|512.0|512.0
UTNTSkyEdge_tntle_11964_0_terrain_1_0|11964|0|2|1981|2023|12752.0|880.0|12688.0|816.0|12719.646446609408|848.3535533905932|56.0|56.0|56.0|QROCK3|QROCK3X8|1.0|1.0|138.509477687|72.0|8|rock|-|SG002189|-|1134|1|0|2023|XA11TEX|-|1.0|1.0|0.0|0.0|0.0|QROCK3X8|-|1.0|1.0|138.509477687|72.0|0.0|0.0|56.0|56.0|512.0|512.0|512.0|512.0
UTNTSkyEdge_tntle_11964_0_terrain_1_1|11964|0|2|1981|2023|12752.0|880.0|12688.0|816.0|12720.353553390592|847.6464466094068|56.0|56.0|56.0|QROCK3|XA11TEX|1.0|1.0|0.0|0.0|8|gravel|-|SG002395|-|1266|1|1|2023|XA11TEX|-|1.0|1.0|0.0|0.0|0.0|QROCK3X8|-|1.0|1.0|138.509477687|72.0|0.0|0.0|56.0|56.0|512.0|512.0|512.0|512.0
UTNTSkyEdge_tntle_11965_0_terrain_1_0|11965|0|2|1981|2023|12688.0|816.0|12624.0|784.0|12655.77639320225|800.4472135955|56.0|56.0|56.0|QROCK3|QROCK3X8|1.0|1.0|229.019145679|72.0|8|rock|-|SG002189|-|1134|1|0|2023|XA11TEX|-|1.0|1.0|0.0|0.0|0.0|QROCK3X8|-|1.0|1.0|229.019145679|72.0|0.0|0.0|56.0|56.0|512.0|512.0|512.0|512.0
UTNTSkyEdge_tntle_11965_0_terrain_1_1|11965|0|2|1981|2023|12688.0|816.0|12624.0|784.0|12656.22360679775|799.5527864045|56.0|56.0|56.0|QROCK3|XA11TEX|1.0|1.0|0.0|0.0|8|gravel|-|SG002395|-|1266|1|1|2023|XA11TEX|-|1.0|1.0|0.0|0.0|0.0|QROCK3X8|-|1.0|1.0|229.019145679|72.0|0.0|0.0|56.0|56.0|512.0|512.0|512.0|512.0
UTNTSkyEdge_tntle_11966_0_terrain_1_0|11966|0|2|1981|2023|12624.0|784.0|12720.0|720.0|12671.722649901887|751.583974852831|56.0|56.0|56.0|QROCK3|QROCK3X8|1.0|1.0|127.0|72.0|8|rock|-|SG002189|-|1134|1|0|2023|XA11TEX|-|1.0|1.0|0.0|0.0|0.0|QROCK3X8|-|1.0|1.0|127.0|72.0|0.0|0.0|56.0|56.0|512.0|512.0|512.0|512.0
UTNTSkyEdge_tntle_11966_0_terrain_1_1|11966|0|2|1981|2023|12624.0|784.0|12720.0|720.0|12672.277350098113|752.416025147169|56.0|56.0|56.0|QROCK3|XA11TEX|1.0|1.0|0.0|0.0|8|gravel|-|SG002395|-|1266|1|1|2023|XA11TEX|-|1.0|1.0|0.0|0.0|0.0|QROCK3X8|-|1.0|1.0|127.0|72.0|0.0|0.0|56.0|56.0|512.0|512.0|512.0|512.0
UTNTSkyEdge_tntle_11967_1_terrain_1_0|11967|1|2|2023|2024|12688.0|800.0|12656.0|784.0|12671.77639320225|792.4472135955|64.0|64.0|64.0|RROCK19|XA35TEX|1.0|1.0|63.315384354|64.0|1.28|soil|-|SG002396|-|1266|1|0|2024|XA35TEX|-|1.0|1.0|0.0|0.0|0.0|XA35TEX|-|1.0|1.0|63.315384354|64.0|56.0|56.0|64.0|64.0|512.0|512.0|512.0|512.0
UTNTSkyEdge_tntle_11967_1_terrain_1_1|11967|1|2|2023|2024|12688.0|800.0|12656.0|784.0|12672.22360679775|791.5527864045|64.0|64.0|64.0|RROCK19|XA35TEX|1.0|1.0|0.0|0.0|1.28|soil|-|SG002397|-|1267|1|1|2024|XA35TEX|-|1.0|1.0|0.0|0.0|0.0|XA35TEX|-|1.0|1.0|63.315384354|64.0|56.0|56.0|64.0|64.0|512.0|512.0|512.0|512.0
UTNTSkyEdge_tntle_11968_1_terrain_1_0|11968|1|2|2023|2024|12752.0|864.0|12688.0|800.0|12719.646446609408|832.3535533905932|64.0|64.0|64.0|RROCK19|XA35TEX|1.0|1.0|484.805716362|64.0|1.28|soil|-|SG002396|-|1266|1|0|2024|XA35TEX|-|1.0|1.0|0.0|0.0|0.0|XA35TEX|-|1.0|1.0|484.805716362|64.0|56.0|56.0|64.0|64.0|512.0|512.0|512.0|512.0
UTNTSkyEdge_tntle_11968_1_terrain_1_1|11968|1|2|2023|2024|12752.0|864.0|12688.0|800.0|12720.353553390592|831.6464466094068|64.0|64.0|64.0|RROCK19|XA35TEX|1.0|1.0|0.0|0.0|1.28|soil|-|SG002397|-|1267|1|1|2024|XA35TEX|-|1.0|1.0|0.0|0.0|0.0|XA35TEX|-|1.0|1.0|484.805716362|64.0|56.0|56.0|64.0|64.0|512.0|512.0|512.0|512.0
UTNTSkyEdge_tntle_11969_1_terrain_1_0|11969|1|2|2023|2024|12816.0|800.0|12752.0|864.0|12784.353553390592|832.3535533905932|64.0|64.0|64.0|RROCK19|XA35TEX|1.0|1.0|394.29604837|64.0|1.28|soil|-|SG002396|-|1266|1|0|2024|XA35TEX|-|1.0|1.0|0.0|0.0|0.0|XA35TEX|-|1.0|1.0|394.29604837|64.0|56.0|56.0|64.0|64.0|512.0|512.0|512.0|512.0
UTNTSkyEdge_tntle_11969_1_terrain_1_1|11969|1|2|2023|2024|12816.0|800.0|12752.0|864.0|12783.646446609408|831.6464466094068|64.0|64.0|64.0|RROCK19|XA35TEX|1.0|1.0|0.0|0.0|1.28|soil|-|SG002397|-|1267|1|1|2024|XA35TEX|-|1.0|1.0|0.0|0.0|0.0|XA35TEX|-|1.0|1.0|394.29604837|64.0|56.0|56.0|64.0|64.0|512.0|512.0|512.0|512.0
UTNTSkyEdge_tntle_11970_1_terrain_1_0|11970|1|2|2023|2024|12880.0|768.0|12816.0|800.0|12848.22360679775|784.4472135955|64.0|64.0|64.0|RROCK19|XA35TEX|1.0|1.0|322.74187309|64.0|1.28|soil|-|SG002396|-|1266|1|0|2024|XA35TEX|-|1.0|1.0|0.0|0.0|0.0|XA35TEX|-|1.0|1.0|322.74187309|64.0|56.0|56.0|64.0|64.0|512.0|512.0|512.0|512.0
UTNTSkyEdge_tntle_11970_1_terrain_1_1|11970|1|2|2023|2024|12880.0|768.0|12816.0|800.0|12847.77639320225|783.5527864045|64.0|64.0|64.0|RROCK19|XA35TEX|1.0|1.0|0.0|0.0|1.28|soil|-|SG002397|-|1267|1|1|2024|XA35TEX|-|1.0|1.0|0.0|0.0|0.0|XA35TEX|-|1.0|1.0|322.74187309|64.0|56.0|56.0|64.0|64.0|512.0|512.0|512.0|512.0
UTNTSkyEdge_tntle_11971_1_terrain_1_0|11971|1|2|2023|2024|12960.0|800.0|12880.0|768.0|12919.814304661822|784.4642383454426|64.0|64.0|64.0|RROCK19|XA35TEX|1.0|1.0|236.579236176|64.0|1.28|soil|-|SG002396|-|1266|1|0|2024|XA35TEX|-|1.0|1.0|0.0|0.0|0.0|XA35TEX|-|1.0|1.0|236.579236176|64.0|56.0|56.0|64.0|64.0|512.0|512.0|512.0|512.0
UTNTSkyEdge_tntle_11971_1_terrain_1_1|11971|1|2|2023|2024|12960.0|800.0|12880.0|768.0|12920.185695338178|783.5357616545574|64.0|64.0|64.0|RROCK19|XA35TEX|1.0|1.0|0.0|0.0|1.28|soil|-|SG002397|-|1267|1|1|2024|XA35TEX|-|1.0|1.0|0.0|0.0|0.0|XA35TEX|-|1.0|1.0|236.579236176|64.0|56.0|56.0|64.0|64.0|512.0|512.0|512.0|512.0
UTNTSkyEdge_tntle_11972_1_terrain_1_0|11972|1|2|2023|2024|13008.0|720.0|12960.0|800.0|12984.428746462856|760.2572478777138|64.0|64.0|64.0|RROCK19|XA35TEX|1.0|1.0|143.284005859|64.0|1.28|soil|-|SG002396|-|1266|1|0|2024|XA35TEX|-|1.0|1.0|0.0|0.0|0.0|XA35TEX|-|1.0|1.0|143.284005859|64.0|56.0|56.0|64.0|64.0|512.0|512.0|512.0|512.0
UTNTSkyEdge_tntle_11972_1_terrain_1_1|11972|1|2|2023|2024|13008.0|720.0|12960.0|800.0|12983.571253537144|759.7427521222862|64.0|64.0|64.0|RROCK19|XA35TEX|1.0|1.0|0.0|0.0|1.28|soil|-|SG002397|-|1267|1|1|2024|XA35TEX|-|1.0|1.0|0.0|0.0|0.0|XA35TEX|-|1.0|1.0|143.284005859|64.0|56.0|56.0|64.0|64.0|512.0|512.0|512.0|512.0
UTNTSkyEdge_tntle_11973_1_terrain_1_0|11973|1|2|2023|2024|13056.0|624.0|13008.0|720.0|13032.4472135955|672.22360679775|64.0|64.0|64.0|RROCK19|XA35TEX|1.0|1.0|35.952742939|64.0|1.28|soil|-|SG002396|-|1266|1|0|2024|XA35TEX|-|1.0|1.0|0.0|0.0|0.0|XA35TEX|-|1.0|1.0|35.952742939|64.0|56.0|56.0|64.0|64.0|512.0|512.0|512.0|512.0
UTNTSkyEdge_tntle_11973_1_terrain_1_1|11973|1|2|2023|2024|13056.0|624.0|13008.0|720.0|13031.5527864045|671.77639320225|64.0|64.0|64.0|RROCK19|XA35TEX|1.0|1.0|0.0|0.0|1.28|soil|-|SG002397|-|1267|1|1|2024|XA35TEX|-|1.0|1.0|0.0|0.0|0.0|XA35TEX|-|1.0|1.0|35.952742939|64.0|56.0|56.0|64.0|64.0|512.0|512.0|512.0|512.0
UTNTSkyEdge_tntle_11974_1_terrain_1_0|11974|1|2|2023|2024|13008.0|576.0|13056.0|624.0|13032.353553390592|599.6464466094068|64.0|64.0|64.0|RROCK19|XA35TEX|1.0|1.0|480.070491945|64.0|1.28|soil|-|SG002396|-|1266|1|0|2024|XA35TEX|-|1.0|1.0|0.0|0.0|0.0|XA35TEX|-|1.0|1.0|480.070491945|64.0|56.0|56.0|64.0|64.0|512.0|512.0|512.0|512.0
UTNTSkyEdge_tntle_11974_1_terrain_1_1|11974|1|2|2023|2024|13008.0|576.0|13056.0|624.0|13031.646446609408|600.3535533905932|64.0|64.0|64.0|RROCK19|XA35TEX|1.0|1.0|0.0|0.0|1.28|soil|-|SG002397|-|1267|1|1|2024|XA35TEX|-|1.0|1.0|0.0|0.0|0.0|XA35TEX|-|1.0|1.0|480.070491945|64.0|56.0|56.0|64.0|64.0|512.0|512.0|512.0|512.0
UTNTSkyEdge_tntle_11975_1_terrain_1_0|11975|1|2|2023|2024|12848.0|640.0|13008.0|576.0|12927.814304661822|607.5357616545574|64.0|64.0|64.0|RROCK19|XA35TEX|1.0|1.0|307.745218116|64.0|1.28|soil|-|SG002396|-|1266|1|0|2024|XA35TEX|-|1.0|1.0|0.0|0.0|0.0|XA35TEX|-|1.0|1.0|307.745218116|64.0|56.0|56.0|64.0|64.0|512.0|512.0|512.0|512.0
UTNTSkyEdge_tntle_11975_1_terrain_1_1|11975|1|2|2023|2024|12848.0|640.0|13008.0|576.0|12928.185695338178|608.4642383454426|64.0|64.0|64.0|RROCK19|XA35TEX|1.0|1.0|0.0|0.0|1.28|soil|-|SG002397|-|1267|1|1|2024|XA35TEX|-|1.0|1.0|0.0|0.0|0.0|XA35TEX|-|1.0|1.0|307.745218116|64.0|56.0|56.0|64.0|64.0|512.0|512.0|512.0|512.0
UTNTSkyEdge_tntle_11976_1_terrain_1_0|11976|1|2|2023|2024|12784.0|640.0|12848.0|640.0|12816.0|639.5|64.0|64.0|64.0|RROCK19|XA35TEX|1.0|1.0|243.745218116|64.0|1.28|soil|-|SG002396|-|1266|1|0|2024|XA35TEX|-|1.0|1.0|0.0|0.0|0.0|XA35TEX|-|1.0|1.0|243.745218116|64.0|56.0|56.0|64.0|64.0|512.0|512.0|512.0|512.0
UTNTSkyEdge_tntle_11976_1_terrain_1_1|11976|1|2|2023|2024|12784.0|640.0|12848.0|640.0|12816.0|640.5|64.0|64.0|64.0|RROCK19|XA35TEX|1.0|1.0|0.0|0.0|1.28|soil|-|SG002397|-|1267|1|1|2024|XA35TEX|-|1.0|1.0|0.0|0.0|0.0|XA35TEX|-|1.0|1.0|243.745218116|64.0|56.0|56.0|64.0|64.0|512.0|512.0|512.0|512.0
UTNTSkyEdge_tntle_11977_1_terrain_1_0|11977|1|2|2023|2024|12736.0|720.0|12784.0|640.0|12759.571253537144|679.7427521222862|64.0|64.0|64.0|RROCK19|XA35TEX|1.0|1.0|150.449987799|64.0|1.28|soil|-|SG002396|-|1266|1|0|2024|XA35TEX|-|1.0|1.0|0.0|0.0|0.0|XA35TEX|-|1.0|1.0|150.449987799|64.0|56.0|56.0|64.0|64.0|512.0|512.0|512.0|512.0
UTNTSkyEdge_tntle_11977_1_terrain_1_1|11977|1|2|2023|2024|12736.0|720.0|12784.0|640.0|12760.428746462856|680.2572478777138|64.0|64.0|64.0|RROCK19|XA35TEX|1.0|1.0|0.0|0.0|1.28|soil|-|SG002397|-|1267|1|1|2024|XA35TEX|-|1.0|1.0|0.0|0.0|0.0|XA35TEX|-|1.0|1.0|150.449987799|64.0|56.0|56.0|64.0|64.0|512.0|512.0|512.0|512.0
UTNTSkyEdge_tntle_11978_1_terrain_1_0|11978|1|2|2023|2024|12656.0|784.0|12736.0|720.0|12695.687652476223|751.6095655952785|64.0|64.0|64.0|RROCK19|XA35TEX|1.0|1.0|48.0|64.0|1.28|soil|-|SG002396|-|1266|1|0|2024|XA35TEX|-|1.0|1.0|0.0|0.0|0.0|XA35TEX|-|1.0|1.0|48.0|64.0|56.0|56.0|64.0|64.0|512.0|512.0|512.0|512.0
UTNTSkyEdge_tntle_11978_1_terrain_1_1|11978|1|2|2023|2024|12656.0|784.0|12736.0|720.0|12696.312347523777|752.3904344047215|64.0|64.0|64.0|RROCK19|XA35TEX|1.0|1.0|0.0|0.0|1.28|soil|-|SG002397|-|1267|1|1|2024|XA35TEX|-|1.0|1.0|0.0|0.0|0.0|XA35TEX|-|1.0|1.0|48.0|64.0|56.0|56.0|64.0|64.0|512.0|512.0|512.0|512.0
UTNTSkyEdge_tntle_11979_1_terrain_1_0|11979|1|2|2024|2022|12864.0|704.0|12880.0|656.0|12871.525658350974|679.8418861169915|112.0|112.0|112.0|QROCK3|QROCK3X8|1.0|1.0|200.586096916|16.0|7.68|rock|-|SG002398|-|1267|1|0|2022|XA11TEX|-|1.0|1.0|0.0|0.0|0.0|QROCK3X8|-|1.0|1.0|200.586096916|16.0|64.0|64.0|112.0|112.0|512.0|512.0|512.0|512.0
UTNTSkyEdge_tntle_11979_1_terrain_1_1|11979|1|2|2024|2022|12864.0|704.0|12880.0|656.0|12872.474341649026|680.1581138830085|112.0|112.0|112.0|QROCK3|XA11TEX|1.0|1.0|0.0|0.0|7.68|gravel|-|SG002399|-|1268|1|1|2022|XA11TEX|-|1.0|1.0|0.0|0.0|0.0|QROCK3X8|-|1.0|1.0|200.586096916|16.0|64.0|64.0|112.0|112.0|512.0|512.0|512.0|512.0
UTNTSkyEdge_tntle_11980_1_terrain_1_0|11980|1|2|2024|2022|12928.0|736.0|12864.0|704.0|12895.77639320225|720.4472135955|112.0|112.0|112.0|QROCK3|QROCK3X8|1.0|1.0|129.031921636|16.0|7.68|rock|-|SG002398|-|1267|1|0|2022|XA11TEX|-|1.0|1.0|0.0|0.0|0.0|QROCK3X8|-|1.0|1.0|129.031921636|16.0|64.0|64.0|112.0|112.0|512.0|512.0|512.0|512.0
UTNTSkyEdge_tntle_11980_1_terrain_1_1|11980|1|2|2024|2022|12928.0|736.0|12864.0|704.0|12896.22360679775|719.5527864045|112.0|112.0|112.0|QROCK3|XA11TEX|1.0|1.0|0.0|0.0|7.68|gravel|-|SG002399|-|1268|1|1|2022|XA11TEX|-|1.0|1.0|0.0|0.0|0.0|QROCK3X8|-|1.0|1.0|129.031921636|16.0|64.0|64.0|112.0|112.0|512.0|512.0|512.0|512.0
UTNTSkyEdge_tntle_11981_1_terrain_1_0|11981|1|2|2024|2022|12960.0|704.0|12928.0|736.0|12944.353553390592|720.3535533905932|112.0|112.0|112.0|QROCK3|QROCK3X8|1.0|1.0|83.77708764|16.0|7.68|rock|-|SG002398|-|1267|1|0|2022|XA11TEX|-|1.0|1.0|0.0|0.0|0.0|QROCK3X8|-|1.0|1.0|83.77708764|16.0|64.0|64.0|112.0|112.0|512.0|512.0|512.0|512.0
UTNTSkyEdge_tntle_11981_1_terrain_1_1|11981|1|2|2024|2022|12960.0|704.0|12928.0|736.0|12943.646446609408|719.6464466094068|112.0|112.0|112.0|QROCK3|XA11TEX|1.0|1.0|0.0|0.0|7.68|gravel|-|SG002399|-|1268|1|1|2022|XA11TEX|-|1.0|1.0|0.0|0.0|0.0|QROCK3X8|-|1.0|1.0|83.77708764|16.0|64.0|64.0|112.0|112.0|512.0|512.0|512.0|512.0
UTNTSkyEdge_tntle_11982_1_terrain_1_0|11982|1|2|2024|2022|12992.0|688.0|12960.0|704.0|12976.22360679775|696.4472135955|112.0|112.0|112.0|QROCK3|QROCK3X8|1.0|1.0|48.0|16.0|7.68|rock|-|SG002398|-|1267|1|0|2022|XA11TEX|-|1.0|1.0|0.0|0.0|0.0|QROCK3X8|-|1.0|1.0|48.0|16.0|64.0|64.0|112.0|112.0|512.0|512.0|512.0|512.0
UTNTSkyEdge_tntle_11982_1_terrain_1_1|11982|1|2|2024|2022|12992.0|688.0|12960.0|704.0|12975.77639320225|695.5527864045|112.0|112.0|112.0|QROCK3|XA11TEX|1.0|1.0|0.0|0.0|7.68|gravel|-|SG002399|-|1268|1|1|2022|XA11TEX|-|1.0|1.0|0.0|0.0|0.0|QROCK3X8|-|1.0|1.0|48.0|16.0|64.0|64.0|112.0|112.0|512.0|512.0|512.0|512.0
UTNTSkyEdge_tntle_11983_1_terrain_1_0|11983|1|2|2024|2022|12992.0|640.0|12992.0|688.0|12992.5|664.0|112.0|112.0|112.0|QROCK3|QROCK3X8|1.0|1.0|0.0|16.0|7.68|rock|-|SG002398|-|1267|1|0|2022|XA11TEX|-|1.0|1.0|0.0|0.0|0.0|QROCK3X8|-|1.0|1.0|0.0|16.0|64.0|64.0|112.0|112.0|512.0|512.0|512.0|512.0
UTNTSkyEdge_tntle_11983_1_terrain_1_1|11983|1|2|2024|2022|12992.0|640.0|12992.0|688.0|12991.5|664.0|112.0|112.0|112.0|QROCK3|XA11TEX|1.0|1.0|0.0|0.0|7.68|gravel|-|SG002399|-|1268|1|1|2022|XA11TEX|-|1.0|1.0|0.0|0.0|0.0|QROCK3X8|-|1.0|1.0|0.0|16.0|64.0|64.0|112.0|112.0|512.0|512.0|512.0|512.0
UTNTSkyEdge_tntle_11984_1_terrain_1_0|11984|1|2|2024|2022|12960.0|640.0|12992.0|640.0|12976.0|639.5|112.0|112.0|112.0|QROCK3|QROCK3X8|1.0|1.0|332.766851696|16.0|7.68|rock|-|SG002398|-|1267|1|0|2022|XA11TEX|-|1.0|1.0|0.0|0.0|0.0|QROCK3X8|-|1.0|1.0|332.766851696|16.0|64.0|64.0|112.0|112.0|512.0|512.0|512.0|512.0
UTNTSkyEdge_tntle_11984_1_terrain_1_1|11984|1|2|2024|2022|12960.0|640.0|12992.0|640.0|12976.0|640.5|112.0|112.0|112.0|QROCK3|XA11TEX|1.0|1.0|0.0|0.0|7.68|gravel|-|SG002399|-|1268|1|1|2022|XA11TEX|-|1.0|1.0|0.0|0.0|0.0|QROCK3X8|-|1.0|1.0|332.766851696|16.0|64.0|64.0|112.0|112.0|512.0|512.0|512.0|512.0
UTNTSkyEdge_tntle_11985_1_terrain_1_0|11985|1|2|2024|2022|12880.0|656.0|12960.0|640.0|12919.90194193243|647.5097096621546|112.0|112.0|112.0|QROCK3|QROCK3X8|1.0|1.0|251.182539479|16.0|7.68|rock|-|SG002398|-|1267|1|0|2022|XA11TEX|-|1.0|1.0|0.0|0.0|0.0|QROCK3X8|-|1.0|1.0|251.182539479|16.0|64.0|64.0|112.0|112.0|512.0|512.0|512.0|512.0
UTNTSkyEdge_tntle_11985_1_terrain_1_1|11985|1|2|2024|2022|12880.0|656.0|12960.0|640.0|12920.09805806757|648.4902903378454|112.0|112.0|112.0|QROCK3|XA11TEX|1.0|1.0|0.0|0.0|7.68|gravel|-|SG002399|-|1268|1|1|2022|XA11TEX|-|1.0|1.0|0.0|0.0|0.0|QROCK3X8|-|1.0|1.0|251.182539479|16.0|64.0|64.0|112.0|112.0|512.0|512.0|512.0|512.0
UTNTSkyEdge_tntle_11986_0_terrain_1_0|11986|0|2|2025|1981|12894.0|1789.0|12985.0|1789.0|12939.5|1788.5|0.0|0.0|0.0|QGRASS|QGRASS|1.0|1.0|0.0|0.0|1.28|grass|-|SG002400|-|1269|1|0|1981|QGRASS|-|1.0|1.0|0.0|0.0|0.0|QGRASS|-|1.0|1.0|0.0|0.0|-8.0|-8.0|0.0|0.0|512.0|512.0|512.0|512.0
UTNTSkyEdge_tntle_11986_0_terrain_1_1|11986|0|2|2025|1981|12894.0|1789.0|12985.0|1789.0|12939.5|1789.5|0.0|0.0|0.0|QGRASS|QGRASS|1.0|1.0|0.0|0.0|1.28|grass|-|SG002393|-|1134|1|1|1981|QGRASS|-|1.0|1.0|0.0|0.0|0.0|QGRASS|-|1.0|1.0|0.0|0.0|-8.0|-8.0|0.0|0.0|512.0|512.0|512.0|512.0
UTNTSkyEdge_tntle_11987_0_terrain_1_0|11987|0|2|2025|1981|12985.0|1789.0|13075.0|1698.0|13029.644498701395|1743.148405309071|0.0|0.0|0.0|QGRASS|QGRASS|1.0|1.0|0.0|0.0|1.28|grass|-|SG002400|-|1269|1|0|1981|QGRASS|-|1.0|1.0|0.0|0.0|0.0|QGRASS|-|1.0|1.0|0.0|0.0|-8.0|-8.0|0.0|0.0|512.0|512.0|512.0|512.0
UTNTSkyEdge_tntle_11987_0_terrain_1_1|11987|0|2|2025|1981|12985.0|1789.0|13075.0|1698.0|13030.355501298605|1743.851594690929|0.0|0.0|0.0|QGRASS|QGRASS|1.0|1.0|0.0|0.0|1.28|grass|-|SG002393|-|1134|1|1|1981|QGRASS|-|1.0|1.0|0.0|0.0|0.0|QGRASS|-|1.0|1.0|0.0|0.0|-8.0|-8.0|0.0|0.0|512.0|512.0|512.0|512.0
UTNTSkyEdge_tntle_11988_0_terrain_1_0|11988|0|2|2025|1981|13075.0|1698.0|13166.0|1698.0|13120.5|1697.5|0.0|0.0|0.0|QGRASS|QGRASS|1.0|1.0|0.0|0.0|1.28|grass|-|SG002400|-|1269|1|0|1981|QGRASS|-|1.0|1.0|0.0|0.0|0.0|QGRASS|-|1.0|1.0|0.0|0.0|-8.0|-8.0|0.0|0.0|512.0|512.0|512.0|512.0
UTNTSkyEdge_tntle_11988_0_terrain_1_1|11988|0|2|2025|1981|13075.0|1698.0|13166.0|1698.0|13120.5|1698.5|0.0|0.0|0.0|QGRASS|QGRASS|1.0|1.0|0.0|0.0|1.28|grass|-|SG002393|-|1134|1|1|1981|QGRASS|-|1.0|1.0|0.0|0.0|0.0|QGRASS|-|1.0|1.0|0.0|0.0|-8.0|-8.0|0.0|0.0|512.0|512.0|512.0|512.0
UTNTSkyEdge_tntle_11989_0_terrain_1_0|11989|0|2|2025|1981|13166.0|1698.0|13301.0|1563.0|13233.146446609408|1630.1464466094067|0.0|0.0|0.0|QGRASS|QGRASS|1.0|1.0|0.0|0.0|1.28|grass|-|SG002400|-|1269|1|0|1981|QGRASS|-|1.0|1.0|0.0|0.0|0.0|QGRASS|-|1.0|1.0|0.0|0.0|-8.0|-8.0|0.0|0.0|512.0|512.0|512.0|512.0
UTNTSkyEdge_tntle_11989_0_terrain_1_1|11989|0|2|2025|1981|13166.0|1698.0|13301.0|1563.0|13233.853553390592|1630.8535533905933|0.0|0.0|0.0|QGRASS|QGRASS|1.0|1.0|0.0|0.0|1.28|grass|-|SG002393|-|1134|1|1|1981|QGRASS|-|1.0|1.0|0.0|0.0|0.0|QGRASS|-|1.0|1.0|0.0|0.0|-8.0|-8.0|0.0|0.0|512.0|512.0|512.0|512.0
UTNTSkyEdge_tntle_11990_0_terrain_1_0|11990|0|2|2025|1981|13301.0|1563.0|13392.0|1563.0|13346.5|1562.5|0.0|0.0|0.0|QGRASS|QGRASS|1.0|1.0|0.0|0.0|1.28|grass|-|SG002400|-|1269|1|0|1981|QGRASS|-|1.0|1.0|0.0|0.0|0.0|QGRASS|-|1.0|1.0|0.0|0.0|-8.0|-8.0|0.0|0.0|512.0|512.0|512.0|512.0
UTNTSkyEdge_tntle_11990_0_terrain_1_1|11990|0|2|2025|1981|13301.0|1563.0|13392.0|1563.0|13346.5|1563.5|0.0|0.0|0.0|QGRASS|QGRASS|1.0|1.0|0.0|0.0|1.28|grass|-|SG002393|-|1134|1|1|1981|QGRASS|-|1.0|1.0|0.0|0.0|0.0|QGRASS|-|1.0|1.0|0.0|0.0|-8.0|-8.0|0.0|0.0|512.0|512.0|512.0|512.0
UTNTSkyEdge_tntle_11991_0_terrain_1_0|11991|0|2|2025|1981|13392.0|1563.0|13437.0|1427.0|13414.025310470304|1494.8429336114978|0.0|0.0|0.0|QGRASS|QGRASS|1.0|1.0|0.0|0.0|1.28|grass|-|SG002400|-|1269|1|0|1981|QGRASS|-|1.0|1.0|0.0|0.0|0.0|QGRASS|-|1.0|1.0|0.0|0.0|-8.0|-8.0|0.0|0.0|512.0|512.0|512.0|512.0
UTNTSkyEdge_tntle_11991_0_terrain_1_1|11991|0|2|2025|1981|13392.0|1563.0|13437.0|1427.0|13414.974689529696|1495.1570663885022|0.0|0.0|0.0|QGRASS|QGRASS|1.0|1.0|0.0|0.0|1.28|grass|-|SG002393|-|1134|1|1|1981|QGRASS|-|1.0|1.0|0.0|0.0|0.0|QGRASS|-|1.0|1.0|0.0|0.0|-8.0|-8.0|0.0|0.0|512.0|512.0|512.0|512.0
UTNTSkyEdge_tntle_11992_0_terrain_1_0|11992|0|2|2025|1981|13437.0|1427.0|13392.0|1291.0|13414.025310470304|1359.1570663885022|0.0|0.0|0.0|QGRASS|QGRASS|1.0|1.0|0.0|0.0|1.28|grass|-|SG002400|-|1269|1|0|1981|QGRASS|-|1.0|1.0|0.0|0.0|0.0|QGRASS|-|1.0|1.0|0.0|0.0|-8.0|-8.0|0.0|0.0|512.0|512.0|512.0|512.0
UTNTSkyEdge_tntle_11992_0_terrain_1_1|11992|0|2|2025|1981|13437.0|1427.0|13392.0|1291.0|13414.974689529696|1358.8429336114978|0.0|0.0|0.0|QGRASS|QGRASS|1.0|1.0|0.0|0.0|1.28|grass|-|SG002393|-|1134|1|1|1981|QGRASS|-|1.0|1.0|0.0|0.0|0.0|QGRASS|-|1.0|1.0|0.0|0.0|-8.0|-8.0|0.0|0.0|512.0|512.0|512.0|512.0
UTNTSkyEdge_tntle_11993_0_terrain_1_0|11993|0|2|2025|1981|13392.0|1291.0|13301.0|1291.0|13346.5|1291.5|0.0|0.0|0.0|QGRASS|QGRASS|1.0|1.0|0.0|0.0|1.28|grass|-|SG002400|-|1269|1|0|1981|QGRASS|-|1.0|1.0|0.0|0.0|0.0|QGRASS|-|1.0|1.0|0.0|0.0|-8.0|-8.0|0.0|0.0|512.0|512.0|512.0|512.0
UTNTSkyEdge_tntle_11993_0_terrain_1_1|11993|0|2|2025|1981|13392.0|1291.0|13301.0|1291.0|13346.5|1290.5|0.0|0.0|0.0|QGRASS|QGRASS|1.0|1.0|0.0|0.0|1.28|grass|-|SG002393|-|1134|1|1|1981|QGRASS|-|1.0|1.0|0.0|0.0|0.0|QGRASS|-|1.0|1.0|0.0|0.0|-8.0|-8.0|0.0|0.0|512.0|512.0|512.0|512.0
UTNTSkyEdge_tntle_11994_0_terrain_1_0|11994|0|2|2025|1981|13301.0|1291.0|13301.0|1382.0|13301.5|1336.5|0.0|0.0|0.0|QGRASS|QGRASS|1.0|1.0|0.0|0.0|1.28|grass|-|SG002400|-|1269|1|0|1981|QGRASS|-|1.0|1.0|0.0|0.0|0.0|QGRASS|-|1.0|1.0|0.0|0.0|-8.0|-8.0|0.0|0.0|512.0|512.0|512.0|512.0
UTNTSkyEdge_tntle_11994_0_terrain_1_1|11994|0|2|2025|1981|13301.0|1291.0|13301.0|1382.0|13300.5|1336.5|0.0|0.0|0.0|QGRASS|QGRASS|1.0|1.0|0.0|0.0|1.28|grass|-|SG002393|-|1134|1|1|1981|QGRASS|-|1.0|1.0|0.0|0.0|0.0|QGRASS|-|1.0|1.0|0.0|0.0|-8.0|-8.0|0.0|0.0|512.0|512.0|512.0|512.0
UTNTSkyEdge_tntle_11995_0_terrain_1_0|11995|0|2|2025|1981|13301.0|1382.0|13120.0|1472.0|13210.722616842324|1427.4477072051172|0.0|0.0|0.0|QGRASS|QGRASS|1.0|1.0|0.0|0.0|1.28|grass|-|SG002400|-|1269|1|0|1981|QGRASS|-|1.0|1.0|0.0|0.0|0.0|QGRASS|-|1.0|1.0|0.0|0.0|-8.0|-8.0|0.0|0.0|512.0|512.0|512.0|512.0
UTNTSkyEdge_tntle_11995_0_terrain_1_1|11995|0|2|2025|1981|13301.0|1382.0|13120.0|1472.0|13210.277383157676|1426.5522927948828|0.0|0.0|0.0|QGRASS|QGRASS|1.0|1.0|0.0|0.0|1.28|grass|-|SG002393|-|1134|1|1|1981|QGRASS|-|1.0|1.0|0.0|0.0|0.0|QGRASS|-|1.0|1.0|0.0|0.0|-8.0|-8.0|0.0|0.0|512.0|512.0|512.0|512.0
UTNTSkyEdge_tntle_11996_0_terrain_1_0|11996|0|2|2025|1981|13120.0|1472.0|13120.0|1563.0|13120.5|1517.5|0.0|0.0|0.0|QGRASS|QGRASS|1.0|1.0|0.0|0.0|1.28|grass|-|SG002400|-|1269|1|0|1981|QGRASS|-|1.0|1.0|0.0|0.0|0.0|QGRASS|-|1.0|1.0|0.0|0.0|-8.0|-8.0|0.0|0.0|512.0|512.0|512.0|512.0
UTNTSkyEdge_tntle_11996_0_terrain_1_1|11996|0|2|2025|1981|13120.0|1472.0|13120.0|1563.0|13119.5|1517.5|0.0|0.0|0.0|QGRASS|QGRASS|1.0|1.0|0.0|0.0|1.28|grass|-|SG002393|-|1134|1|1|1981|QGRASS|-|1.0|1.0|0.0|0.0|0.0|QGRASS|-|1.0|1.0|0.0|0.0|-8.0|-8.0|0.0|0.0|512.0|512.0|512.0|512.0
UTNTSkyEdge_tntle_11997_0_terrain_1_0|11997|0|2|2025|1981|13120.0|1563.0|13030.0|1563.0|13075.0|1563.5|0.0|0.0|0.0|QGRASS|QGRASS|1.0|1.0|0.0|0.0|1.28|grass|-|SG002400|-|1269|1|0|1981|QGRASS|-|1.0|1.0|0.0|0.0|0.0|QGRASS|-|1.0|1.0|0.0|0.0|-8.0|-8.0|0.0|0.0|512.0|512.0|512.0|512.0
UTNTSkyEdge_tntle_11997_0_terrain_1_1|11997|0|2|2025|1981|13120.0|1563.0|13030.0|1563.0|13075.0|1562.5|0.0|0.0|0.0|QGRASS|QGRASS|1.0|1.0|0.0|0.0|1.28|grass|-|SG002393|-|1134|1|1|1981|QGRASS|-|1.0|1.0|0.0|0.0|0.0|QGRASS|-|1.0|1.0|0.0|0.0|-8.0|-8.0|0.0|0.0|512.0|512.0|512.0|512.0
UTNTSkyEdge_tntle_11998_0_terrain_1_0|11998|0|2|2025|1981|13030.0|1563.0|12894.0|1517.0|12961.839798060679|1540.4736405162544|0.0|0.0|0.0|QGRASS|QGRASS|1.0|1.0|0.0|0.0|1.28|grass|-|SG002400|-|1269|1|0|1981|QGRASS|-|1.0|1.0|0.0|0.0|0.0|QGRASS|-|1.0|1.0|0.0|0.0|-8.0|-8.0|0.0|0.0|512.0|512.0|512.0|512.0
UTNTSkyEdge_tntle_11998_0_terrain_1_1|11998|0|2|2025|1981|13030.0|1563.0|12894.0|1517.0|12962.160201939321|1539.5263594837456|0.0|0.0|0.0|QGRASS|QGRASS|1.0|1.0|0.0|0.0|1.28|grass|-|SG002393|-|1134|1|1|1981|QGRASS|-|1.0|1.0|0.0|0.0|0.0|QGRASS|-|1.0|1.0|0.0|0.0|-8.0|-8.0|0.0|0.0|512.0|512.0|512.0|512.0
UTNTSkyEdge_tntle_11999_0_terrain_1_0|11999|0|2|2025|1981|12894.0|1517.0|12804.0|1427.0|12848.646446609408|1472.3535533905933|0.0|0.0|0.0|QGRASS|QGRASS|1.0|1.0|0.0|0.0|1.28|grass|-|SG002400|-|1269|1|0|1981|QGRASS|-|1.0|1.0|0.0|0.0|0.0|QGRASS|-|1.0|1.0|0.0|0.0|-8.0|-8.0|0.0|0.0|512.0|512.0|512.0|512.0
UTNTSkyEdge_tntle_11999_0_terrain_1_1|11999|0|2|2025|1981|12894.0|1517.0|12804.0|1427.0|12849.353553390592|1471.6464466094067|0.0|0.0|0.0|QGRASS|QGRASS|1.0|1.0|0.0|0.0|1.28|grass|-|SG002393|-|1134|1|1|1981|QGRASS|-|1.0|1.0|0.0|0.0|0.0|QGRASS|-|1.0|1.0|0.0|0.0|-8.0|-8.0|0.0|0.0|512.0|512.0|512.0|512.0
UTNTSkyEdge_tntle_12000_0_terrain_1_0|12000|0|2|2025|1981|12804.0|1427.0|12668.0|1382.0|12735.842933611497|1404.9746895296958|0.0|0.0|0.0|QGRASS|QGRASS|1.0|1.0|0.0|0.0|1.28|grass|-|SG002400|-|1269|1|0|1981|QGRASS|-|1.0|1.0|0.0|0.0|0.0|QGRASS|-|1.0|1.0|0.0|0.0|-8.0|-8.0|0.0|0.0|512.0|512.0|512.0|512.0
UTNTSkyEdge_tntle_12000_0_terrain_1_1|12000|0|2|2025|1981|12804.0|1427.0|12668.0|1382.0|12736.157066388503|1404.0253104703042|0.0|0.0|0.0|QGRASS|QGRASS|1.0|1.0|0.0|0.0|1.28|grass|-|SG002393|-|1134|1|1|1981|QGRASS|-|1.0|1.0|0.0|0.0|0.0|QGRASS|-|1.0|1.0|0.0|0.0|-8.0|-8.0|0.0|0.0|512.0|512.0|512.0|512.0
UTNTSkyEdge_tntle_12001_0_terrain_1_0|12001|0|2|2025|1981|12668.0|1382.0|12532.0|1427.0|12600.157066388503|1404.9746895296958|0.0|0.0|0.0|QGRASS|QGRASS|1.0|1.0|0.0|0.0|1.28|grass|-|SG002400|-|1269|1|0|1981|QGRASS|-|1.0|1.0|0.0|0.0|0.0|QGRASS|-|1.0|1.0|0.0|0.0|-8.0|-8.0|0.0|0.0|512.0|512.0|512.0|512.0
UTNTSkyEdge_tntle_12001_0_terrain_1_1|12001|0|2|2025|1981|12668.0|1382.0|12532.0|1427.0|12599.842933611497|1404.0253104703042|0.0|0.0|0.0|QGRASS|QGRASS|1.0|1.0|0.0|0.0|1.28|grass|-|SG002393|-|1134|1|1|1981|QGRASS|-|1.0|1.0|0.0|0.0|0.0|QGRASS|-|1.0|1.0|0.0|0.0|-8.0|-8.0|0.0|0.0|512.0|512.0|512.0|512.0
UTNTSkyEdge_tntle_12002_0_terrain_1_0|12002|0|2|2025|1981|12532.0|1427.0|12577.0|1472.0|12554.853553390592|1449.1464466094067|0.0|0.0|0.0|QGRASS|QGRASS|1.0|1.0|0.0|0.0|1.28|grass|-|SG002400|-|1269|1|0|1981|QGRASS|-|1.0|1.0|0.0|0.0|0.0|QGRASS|-|1.0|1.0|0.0|0.0|-8.0|-8.0|0.0|0.0|512.0|512.0|512.0|512.0
UTNTSkyEdge_tntle_12002_0_terrain_1_1|12002|0|2|2025|1981|12532.0|1427.0|12577.0|1472.0|12554.146446609408|1449.8535533905933|0.0|0.0|0.0|QGRASS|QGRASS|1.0|1.0|0.0|0.0|1.28|grass|-|SG002393|-|1134|1|1|1981|QGRASS|-|1.0|1.0|0.0|0.0|0.0|QGRASS|-|1.0|1.0|0.0|0.0|-8.0|-8.0|0.0|0.0|512.0|512.0|512.0|512.0
UTNTSkyEdge_tntle_12003_0_terrain_1_0|12003|0|2|2025|1981|12577.0|1472.0|12713.0|1517.0|12645.157066388503|1494.0253104703042|0.0|0.0|0.0|QGRASS|QGRASS|1.0|1.0|0.0|0.0|1.28|grass|-|SG002400|-|1269|1|0|1981|QGRASS|-|1.0|1.0|0.0|0.0|0.0|QGRASS|-|1.0|1.0|0.0|0.0|-8.0|-8.0|0.0|0.0|512.0|512.0|512.0|512.0
UTNTSkyEdge_tntle_12003_0_terrain_1_1|12003|0|2|2025|1981|12577.0|1472.0|12713.0|1517.0|12644.842933611497|1494.9746895296958|0.0|0.0|0.0|QGRASS|QGRASS|1.0|1.0|0.0|0.0|1.28|grass|-|SG002393|-|1134|1|1|1981|QGRASS|-|1.0|1.0|0.0|0.0|0.0|QGRASS|-|1.0|1.0|0.0|0.0|-8.0|-8.0|0.0|0.0|512.0|512.0|512.0|512.0
UTNTSkyEdge_tntle_12004_0_terrain_1_0|12004|0|2|2025|1981|12713.0|1517.0|12804.0|1608.0|12758.853553390592|1562.1464466094067|0.0|0.0|0.0|QGRASS|QGRASS|1.0|1.0|0.0|0.0|1.28|grass|-|SG002400|-|1269|1|0|1981|QGRASS|-|1.0|1.0|0.0|0.0|0.0|QGRASS|-|1.0|1.0|0.0|0.0|-8.0|-8.0|0.0|0.0|512.0|512.0|512.0|512.0
UTNTSkyEdge_tntle_12004_0_terrain_1_1|12004|0|2|2025|1981|12713.0|1517.0|12804.0|1608.0|12758.146446609408|1562.8535533905933|0.0|0.0|0.0|QGRASS|QGRASS|1.0|1.0|0.0|0.0|1.28|grass|-|SG002393|-|1134|1|1|1981|QGRASS|-|1.0|1.0|0.0|0.0|0.0|QGRASS|-|1.0|1.0|0.0|0.0|-8.0|-8.0|0.0|0.0|512.0|512.0|512.0|512.0
UTNTSkyEdge_tntle_12005_0_terrain_1_0|12005|0|2|2025|1981|12804.0|1608.0|12849.0|1744.0|12826.974689529696|1675.8429336114978|0.0|0.0|0.0|QGRASS|QGRASS|1.0|1.0|0.0|0.0|1.28|grass|-|SG002400|-|1269|1|0|1981|QGRASS|-|1.0|1.0|0.0|0.0|0.0|QGRASS|-|1.0|1.0|0.0|0.0|-8.0|-8.0|0.0|0.0|512.0|512.0|512.0|512.0
UTNTSkyEdge_tntle_12005_0_terrain_1_1|12005|0|2|2025|1981|12804.0|1608.0|12849.0|1744.0|12826.025310470304|1676.1570663885022|0.0|0.0|0.0|QGRASS|QGRASS|1.0|1.0|0.0|0.0|1.28|grass|-|SG002393|-|1134|1|1|1981|QGRASS|-|1.0|1.0|0.0|0.0|0.0|QGRASS|-|1.0|1.0|0.0|0.0|-8.0|-8.0|0.0|0.0|512.0|512.0|512.0|512.0
UTNTSkyEdge_tntle_12006_0_terrain_1_0|12006|0|2|2025|1981|12849.0|1744.0|12894.0|1789.0|12871.853553390592|1766.1464466094067|0.0|0.0|0.0|QGRASS|QGRASS|1.0|1.0|0.0|0.0|1.28|grass|-|SG002400|-|1269|1|0|1981|QGRASS|-|1.0|1.0|0.0|0.0|0.0|QGRASS|-|1.0|1.0|0.0|0.0|-8.0|-8.0|0.0|0.0|512.0|512.0|512.0|512.0
UTNTSkyEdge_tntle_12006_0_terrain_1_1|12006|0|2|2025|1981|12849.0|1744.0|12894.0|1789.0|12871.146446609408|1766.8535533905933|0.0|0.0|0.0|QGRASS|QGRASS|1.0|1.0|0.0|0.0|1.28|grass|-|SG002393|-|1134|1|1|1981|QGRASS|-|1.0|1.0|0.0|0.0|0.0|QGRASS|-|1.0|1.0|0.0|0.0|-8.0|-8.0|0.0|0.0|512.0|512.0|512.0|512.0
UTNTSkyEdge_tntle_12014_0_terrain_2_1|12014|0|1|2747|2747|14208.0|1984.0|14464.0|1920.0|14335.878732187482|1951.5149287499273|0.0|0.0|0.0|QROCK3X8|QGRASS|1.0|1.0|0.0|0.0|5|grass|-|SG002401|-|1092|2|1|2747|QGRASS|-|1.0|1.0|0.0|0.0|0.0|QROCK3X8|-|1.0|1.0|224.0|8.0|0.0|0.0|0|0|504.0|504.0|0|0
UTNTSkyEdge_tntle_12015_0_terrain_2_1|12015|0|1|2747|2747|14464.0|1920.0|14912.0|2048.0|14688.13736056395|1983.5192380261797|0.0|0.0|0.0|QROCK3X8|QGRASS|1.0|1.0|0.0|0.0|5|grass|-|SG002401|-|1092|2|1|2747|QGRASS|-|1.0|1.0|0.0|0.0|0.0|QROCK3X8|-|1.0|1.0|487.87876004|8.0|0.0|0.0|0|0|504.0|504.0|0|0
UTNTSkyEdge_tntle_12017_0_terrain_2_1|12017|0|1|2747|2747|15232.0|1984.0|15552.0|2048.0|15392.09805806757|2015.5097096621546|0.0|0.0|0.0|QROCK3X8|QGRASS|1.0|1.0|0.0|0.0|5|grass|-|SG002401|-|1092|2|1|2747|QGRASS|-|1.0|1.0|0.0|0.0|0.0|QROCK3X8|-|1.0|1.0|256.143041823|8.0|0.0|0.0|0|0|504.0|504.0|0|0
UTNTSkyEdge_tntle_12019_0_terrain_2_1|12019|0|1|2051|2051|15872.0|1920.0|16000.0|1856.0|15935.77639320225|1887.5527864045|0.0|0.0|0.0|QROCK3|QGRASS|1.0|1.0|0.0|0.0|5|grass|-|SG002402|-|1135|2|1|2051|QGRASS|-|1.0|1.0|0.0|0.0|0.0|QROCK3X8|-|1.0|1.0|82.0|8.0|0.0|0.0|0|0|504.0|504.0|0|0
UTNTSkyEdge_tntle_12024_0_terrain_2_1|12024|0|1|2748|2748|17088.0|1920.0|17216.0|2048.0|17152.353553390592|1983.6464466094067|0.0|0.0|0.0|QROCK3X8|QGRASS|1.0|1.0|0.0|0.0|5|grass|-|SG002403|-|1095|2|1|2748|QGRASS|-|1.0|1.0|0.0|0.0|0.0|QROCK3X8|-|1.0|1.0|357.650547657|8.0|0.0|0.0|0|0|504.0|504.0|0|0
UTNTSkyEdge_tntle_12025_0_terrain_2_1|12025|0|1|2748|2748|17216.0|2048.0|17600.0|1984.0|17407.917800506348|2015.506803038084|0.0|0.0|0.0|QROCK3X8|QGRASS|1.0|1.0|0.0|0.0|5|grass|-|SG002403|-|1095|2|1|2748|QGRASS|-|1.0|1.0|0.0|0.0|0.0|QROCK3X8|-|1.0|1.0|538.66988364|8.0|0.0|0.0|0|0|504.0|504.0|0|0
UTNTSkyEdge_tntle_12026_0_terrain_2_1|12026|0|1|2748|2748|17600.0|1984.0|17856.0|2048.0|17728.12126781252|2015.5149287499273|0.0|0.0|0.0|QROCK3X8|QGRASS|1.0|1.0|0.0|0.0|5|grass|-|SG002403|-|1095|2|1|2748|QGRASS|-|1.0|1.0|0.0|0.0|0.0|QROCK3X8|-|1.0|1.0|927.966685579|8.0|0.0|0.0|0|0|504.0|504.0|0|0
UTNTSkyEdge_tntle_12028_0_terrain_2_1|12028|0|1|2748|2748|18368.0|1984.0|18752.0|2176.0|18560.22360679775|2079.5527864045002|0.0|0.0|0.0|QROCK3X8|QGRASS|1.0|1.0|0.0|0.0|5|grass|-|SG002403|-|1095|2|1|2748|QGRASS|-|1.0|1.0|0.0|0.0|0.0|QROCK3X8|-|1.0|1.0|683.82994151|8.0|0.0|0.0|0|0|504.0|504.0|0|0
UTNTSkyEdge_tntle_12036_0_terrain_2_1|12036|0|1|2748|2748|18432.0|512.0|18176.0|576.0|18304.12126781252|544.4850712500727|0.0|0.0|0.0|QROCK3X8|QGRASS|1.0|1.0|0.0|0.0|5|grass|-|SG002403|-|1095|2|1|2748|QGRASS|-|1.0|1.0|0.0|0.0|0.0|QROCK3X8|-|1.0|1.0|224.0|8.0|0.0|0.0|0|0|504.0|504.0|0|0
UTNTSkyEdge_tntle_12037_0_terrain_2_1|12037|0|1|2748|2748|18176.0|576.0|17792.0|448.0|17983.841886116992|512.4743416490253|0.0|0.0|0.0|QROCK3X8|QGRASS|1.0|1.0|0.0|0.0|5|grass|-|SG002403|-|1095|2|1|2748|QGRASS|-|1.0|1.0|0.0|0.0|0.0|QROCK3X8|-|1.0|1.0|487.87876004|8.0|0.0|0.0|0|0|504.0|504.0|0|0
UTNTSkyEdge_tntle_12038_0_terrain_2_1|12038|0|1|2748|2748|17792.0|448.0|17216.0|512.0|17504.055215763037|480.49694186733683|0.0|0.0|0.0|QROCK3X8|QGRASS|1.0|1.0|0.0|0.0|5|grass|-|SG002403|-|1095|2|1|2748|QGRASS|-|1.0|1.0|0.0|0.0|0.0|QROCK3X8|-|1.0|1.0|892.650300541|8.0|0.0|0.0|0|0|504.0|504.0|0|0
UTNTSkyEdge_tntle_12040_0_terrain_2_1|12040|0|1|2051|2051|16960.0|576.0|16640.0|448.0|16799.814304661824|512.4642383454426|0.0|0.0|0.0|QROCK3|QGRASS|1.0|1.0|0.0|0.0|5|grass|-|SG002402|-|1135|2|1|2051|QGRASS|-|1.0|1.0|0.0|0.0|0.0|QROCK3X8|-|1.0|1.0|105.0|8.0|0.0|0.0|0|0|504.0|504.0|0|0
UTNTSkyEdge_tntle_12045_0_terrain_2_1|12045|0|1|2747|2747|15232.0|640.0|15040.0|384.0|15135.6|512.3|0.0|0.0|0.0|QROCK3X8|QGRASS|1.0|1.0|0.0|0.0|5|grass|-|SG002401|-|1092|2|1|2747|QGRASS|-|1.0|1.0|0.0|0.0|0.0|QROCK3X8|-|1.0|1.0|937.696746495|8.0|0.0|0.0|0|0|504.0|504.0|0|0
UTNTSkyEdge_tntle_12046_0_terrain_2_1|12046|0|1|2747|2747|15040.0|384.0|14784.0|512.0|14912.22360679775|448.44721359549993|0.0|0.0|0.0|QROCK3X8|QGRASS|1.0|1.0|0.0|0.0|5|grass|-|SG002401|-|1092|2|1|2747|QGRASS|-|1.0|1.0|0.0|0.0|0.0|QROCK3X8|-|1.0|1.0|233.696746495|8.0|0.0|0.0|0|0|504.0|504.0|0|0
UTNTSkyEdge_tntle_12051_0_terrain_2_1|12051|0|1|1981|1981|13792.0|448.0|13440.0|448.0|13616.0|448.5|0.0|0.0|0.0|QROCK3X8|QGRASS|1.0|1.0|0.0|0.0|5|grass|-|SG002393|-|1134|2|1|1981|QGRASS|-|1.0|1.0|0.0|0.0|0.0|QROCK3X8|-|1.0|1.0|0.0|0.0|0.0|0.0|0|0|512.0|512.0|0|0
UTNTSkyEdge_tntle_12056_0_terrain_2_1|12056|0|1|2747|2747|13984.0|1984.0|14208.0|1984.0|14096.0|1983.5|0.0|0.0|0.0|QROCK3X8|QGRASS|1.0|1.0|0.0|0.0|5|grass|-|SG002401|-|1092|2|1|2747|QGRASS|-|1.0|1.0|0.0|0.0|0.0|QROCK3X8|-|1.0|1.0|0.0|8.0|0.0|0.0|0|0|504.0|504.0|0|0
UTNTSkyEdge_tntle_12060_0_terrain_1_0|12060|0|2|2030|2747|14272.0|1120.0|14336.0|1184.0|14304.353553390592|1151.6464466094067|0.0|0.0|0.0|QGRASS|QGRASS|1.0|1.0|0.0|0.0|1.28|grass|-|SG002404|-|1270|1|0|2747|QGRASS|-|1.0|1.0|0.0|0.0|0.0|QGRASS|-|1.0|1.0|0.0|0.0|-8.0|-8.0|0.0|0.0|504.0|504.0|504.0|504.0
UTNTSkyEdge_tntle_12060_0_terrain_1_1|12060|0|2|2030|2747|14272.0|1120.0|14336.0|1184.0|14303.646446609408|1152.3535533905933|0.0|0.0|0.0|QGRASS|QGRASS|1.0|1.0|0.0|0.0|1.28|grass|-|SG002401|-|1092|1|1|2747|QGRASS|-|1.0|1.0|0.0|0.0|0.0|QGRASS|-|1.0|1.0|0.0|0.0|-8.0|-8.0|0.0|0.0|504.0|504.0|504.0|504.0
UTNTSkyEdge_tntle_12061_0_terrain_1_0|12061|0|2|2030|2747|14336.0|1184.0|14464.0|1184.0|14400.0|1183.5|0.0|0.0|0.0|QGRASS|QGRASS|1.0|1.0|0.0|0.0|1.28|grass|-|SG002404|-|1270|1|0|2747|QGRASS|-|1.0|1.0|0.0|0.0|0.0|QGRASS|-|1.0|1.0|0.0|0.0|-8.0|-8.0|0.0|0.0|504.0|504.0|504.0|504.0
UTNTSkyEdge_tntle_12061_0_terrain_1_1|12061|0|2|2030|2747|14336.0|1184.0|14464.0|1184.0|14400.0|1184.5|0.0|0.0|0.0|QGRASS|QGRASS|1.0|1.0|0.0|0.0|1.28|grass|-|SG002401|-|1092|1|1|2747|QGRASS|-|1.0|1.0|0.0|0.0|0.0|QGRASS|-|1.0|1.0|0.0|0.0|-8.0|-8.0|0.0|0.0|504.0|504.0|504.0|504.0
UTNTSkyEdge_tntle_12062_0_terrain_1_0|12062|0|2|2030|2747|14464.0|1184.0|14528.0|1248.0|14496.353553390592|1215.6464466094067|0.0|0.0|0.0|QGRASS|QGRASS|1.0|1.0|0.0|0.0|1.28|grass|-|SG002404|-|1270|1|0|2747|QGRASS|-|1.0|1.0|0.0|0.0|0.0|QGRASS|-|1.0|1.0|0.0|0.0|-8.0|-8.0|0.0|0.0|504.0|504.0|504.0|504.0
UTNTSkyEdge_tntle_12062_0_terrain_1_1|12062|0|2|2030|2747|14464.0|1184.0|14528.0|1248.0|14495.646446609408|1216.3535533905933|0.0|0.0|0.0|QGRASS|QGRASS|1.0|1.0|0.0|0.0|1.28|grass|-|SG002401|-|1092|1|1|2747|QGRASS|-|1.0|1.0|0.0|0.0|0.0|QGRASS|-|1.0|1.0|0.0|0.0|-8.0|-8.0|0.0|0.0|504.0|504.0|504.0|504.0
UTNTSkyEdge_tntle_12063_0_terrain_1_0|12063|0|2|2030|2747|14528.0|1248.0|14720.0|1248.0|14624.0|1247.5|0.0|0.0|0.0|QGRASS|QGRASS|1.0|1.0|0.0|0.0|1.28|grass|-|SG002404|-|1270|1|0|2747|QGRASS|-|1.0|1.0|0.0|0.0|0.0|QGRASS|-|1.0|1.0|0.0|0.0|-8.0|-8.0|0.0|0.0|504.0|504.0|504.0|504.0
UTNTSkyEdge_tntle_12063_0_terrain_1_1|12063|0|2|2030|2747|14528.0|1248.0|14720.0|1248.0|14624.0|1248.5|0.0|0.0|0.0|QGRASS|QGRASS|1.0|1.0|0.0|0.0|1.28|grass|-|SG002401|-|1092|1|1|2747|QGRASS|-|1.0|1.0|0.0|0.0|0.0|QGRASS|-|1.0|1.0|0.0|0.0|-8.0|-8.0|0.0|0.0|504.0|504.0|504.0|504.0
UTNTSkyEdge_tntle_12064_0_terrain_1_0|12064|0|2|2030|2747|14720.0|1248.0|14784.0|1312.0|14752.353553390592|1279.6464466094067|0.0|0.0|0.0|QGRASS|QGRASS|1.0|1.0|0.0|0.0|1.28|grass|-|SG002404|-|1270|1|0|2747|QGRASS|-|1.0|1.0|0.0|0.0|0.0|QGRASS|-|1.0|1.0|0.0|0.0|-8.0|-8.0|0.0|0.0|504.0|504.0|504.0|504.0
UTNTSkyEdge_tntle_12064_0_terrain_1_1|12064|0|2|2030|2747|14720.0|1248.0|14784.0|1312.0|14751.646446609408|1280.3535533905933|0.0|0.0|0.0|QGRASS|QGRASS|1.0|1.0|0.0|0.0|1.28|grass|-|SG002401|-|1092|1|1|2747|QGRASS|-|1.0|1.0|0.0|0.0|0.0|QGRASS|-|1.0|1.0|0.0|0.0|-8.0|-8.0|0.0|0.0|504.0|504.0|504.0|504.0
UTNTSkyEdge_tntle_12065_0_terrain_1_0|12065|0|2|2030|2747|14784.0|1312.0|14912.0|1248.0|14847.77639320225|1279.5527864045|0.0|0.0|0.0|QGRASS|QGRASS|1.0|1.0|0.0|0.0|1.28|grass|-|SG002404|-|1270|1|0|2747|QGRASS|-|1.0|1.0|0.0|0.0|0.0|QGRASS|-|1.0|1.0|0.0|0.0|-8.0|-8.0|0.0|0.0|504.0|504.0|504.0|504.0
UTNTSkyEdge_tntle_12065_0_terrain_1_1|12065|0|2|2030|2747|14784.0|1312.0|14912.0|1248.0|14848.22360679775|1280.4472135955|0.0|0.0|0.0|QGRASS|QGRASS|1.0|1.0|0.0|0.0|1.28|grass|-|SG002401|-|1092|1|1|2747|QGRASS|-|1.0|1.0|0.0|0.0|0.0|QGRASS|-|1.0|1.0|0.0|0.0|-8.0|-8.0|0.0|0.0|504.0|504.0|504.0|504.0
UTNTSkyEdge_tntle_12066_0_terrain_1_0|12066|0|2|2030|2747|14912.0|1248.0|14976.0|1120.0|14943.5527864045|1183.7763932022501|0.0|0.0|0.0|QGRASS|QGRASS|1.0|1.0|0.0|0.0|1.28|grass|-|SG002404|-|1270|1|0|2747|QGRASS|-|1.0|1.0|0.0|0.0|0.0|QGRASS|-|1.0|1.0|0.0|0.0|-8.0|-8.0|0.0|0.0|504.0|504.0|504.0|504.0
UTNTSkyEdge_tntle_12066_0_terrain_1_1|12066|0|2|2030|2747|14912.0|1248.0|14976.0|1120.0|14944.4472135955|1184.2236067977499|0.0|0.0|0.0|QGRASS|QGRASS|1.0|1.0|0.0|0.0|1.28|grass|-|SG002401|-|1092|1|1|2747|QGRASS|-|1.0|1.0|0.0|0.0|0.0|QGRASS|-|1.0|1.0|0.0|0.0|-8.0|-8.0|0.0|0.0|504.0|504.0|504.0|504.0
UTNTSkyEdge_tntle_12067_0_terrain_1_0|12067|0|2|2030|2747|14976.0|1120.0|14912.0|1056.0|14943.646446609408|1088.3535533905933|0.0|0.0|0.0|QGRASS|QGRASS|1.0|1.0|0.0|0.0|1.28|grass|-|SG002404|-|1270|1|0|2747|QGRASS|-|1.0|1.0|0.0|0.0|0.0|QGRASS|-|1.0|1.0|0.0|0.0|-8.0|-8.0|0.0|0.0|504.0|504.0|504.0|504.0
UTNTSkyEdge_tntle_12067_0_terrain_1_1|12067|0|2|2030|2747|14976.0|1120.0|14912.0|1056.0|14944.353553390592|1087.6464466094067|0.0|0.0|0.0|QGRASS|QGRASS|1.0|1.0|0.0|0.0|1.28|grass|-|SG002401|-|1092|1|1|2747|QGRASS|-|1.0|1.0|0.0|0.0|0.0|QGRASS|-|1.0|1.0|0.0|0.0|-8.0|-8.0|0.0|0.0|504.0|504.0|504.0|504.0
UTNTSkyEdge_tntle_12068_0_terrain_1_0|12068|0|2|2030|2747|14912.0|1056.0|14848.0|1120.0|14880.353553390592|1088.3535533905933|0.0|0.0|0.0|QGRASS|QGRASS|1.0|1.0|0.0|0.0|1.28|grass|-|SG002404|-|1270|1|0|2747|QGRASS|-|1.0|1.0|0.0|0.0|0.0|QGRASS|-|1.0|1.0|0.0|0.0|-8.0|-8.0|0.0|0.0|504.0|504.0|504.0|504.0
UTNTSkyEdge_tntle_12068_0_terrain_1_1|12068|0|2|2030|2747|14912.0|1056.0|14848.0|1120.0|14879.646446609408|1087.6464466094067|0.0|0.0|0.0|QGRASS|QGRASS|1.0|1.0|0.0|0.0|1.28|grass|-|SG002401|-|1092|1|1|2747|QGRASS|-|1.0|1.0|0.0|0.0|0.0|QGRASS|-|1.0|1.0|0.0|0.0|-8.0|-8.0|0.0|0.0|504.0|504.0|504.0|504.0
UTNTSkyEdge_tntle_12069_0_terrain_1_0|12069|0|2|2030|2747|14848.0|1120.0|14656.0|1056.0|14751.841886116992|1088.4743416490253|0.0|0.0|0.0|QGRASS|QGRASS|1.0|1.0|0.0|0.0|1.28|grass|-|SG002404|-|1270|1|0|2747|QGRASS|-|1.0|1.0|0.0|0.0|0.0|QGRASS|-|1.0|1.0|0.0|0.0|-8.0|-8.0|0.0|0.0|504.0|504.0|504.0|504.0
UTNTSkyEdge_tntle_12069_0_terrain_1_1|12069|0|2|2030|2747|14848.0|1120.0|14656.0|1056.0|14752.158113883008|1087.5256583509747|0.0|0.0|0.0|QGRASS|QGRASS|1.0|1.0|0.0|0.0|1.28|grass|-|SG002401|-|1092|1|1|2747|QGRASS|-|1.0|1.0|0.0|0.0|0.0|QGRASS|-|1.0|1.0|0.0|0.0|-8.0|-8.0|0.0|0.0|504.0|504.0|504.0|504.0
UTNTSkyEdge_tntle_12070_0_terrain_1_0|12070|0|2|2030|2747|14656.0|1056.0|14592.0|1120.0|14624.353553390592|1088.3535533905933|0.0|0.0|0.0|QGRASS|QGRASS|1.0|1.0|0.0|0.0|1.28|grass|-|SG002404|-|1270|1|0|2747|QGRASS|-|1.0|1.0|0.0|0.0|0.0|QGRASS|-|1.0|1.0|0.0|0.0|-8.0|-8.0|0.0|0.0|504.0|504.0|504.0|504.0
UTNTSkyEdge_tntle_12070_0_terrain_1_1|12070|0|2|2030|2747|14656.0|1056.0|14592.0|1120.0|14623.646446609408|1087.6464466094067|0.0|0.0|0.0|QGRASS|QGRASS|1.0|1.0|0.0|0.0|1.28|grass|-|SG002401|-|1092|1|1|2747|QGRASS|-|1.0|1.0|0.0|0.0|0.0|QGRASS|-|1.0|1.0|0.0|0.0|-8.0|-8.0|0.0|0.0|504.0|504.0|504.0|504.0
UTNTSkyEdge_tntle_12071_0_terrain_1_0|12071|0|2|2030|2747|14592.0|1120.0|14528.0|1056.0|14559.646446609408|1088.3535533905933|0.0|0.0|0.0|QGRASS|QGRASS|1.0|1.0|0.0|0.0|1.28|grass|-|SG002404|-|1270|1|0|2747|QGRASS|-|1.0|1.0|0.0|0.0|0.0|QGRASS|-|1.0|1.0|0.0|0.0|-8.0|-8.0|0.0|0.0|504.0|504.0|504.0|504.0
UTNTSkyEdge_tntle_12071_0_terrain_1_1|12071|0|2|2030|2747|14592.0|1120.0|14528.0|1056.0|14560.353553390592|1087.6464466094067|0.0|0.0|0.0|QGRASS|QGRASS|1.0|1.0|0.0|0.0|1.28|grass|-|SG002401|-|1092|1|1|2747|QGRASS|-|1.0|1.0|0.0|0.0|0.0|QGRASS|-|1.0|1.0|0.0|0.0|-8.0|-8.0|0.0|0.0|504.0|504.0|504.0|504.0
UTNTSkyEdge_tntle_12072_0_terrain_1_0|12072|0|2|2030|2747|14528.0|1056.0|14464.0|928.0|14495.5527864045|992.22360679775|0.0|0.0|0.0|QGRASS|QGRASS|1.0|1.0|0.0|0.0|1.28|grass|-|SG002404|-|1270|1|0|2747|QGRASS|-|1.0|1.0|0.0|0.0|0.0|QGRASS|-|1.0|1.0|0.0|0.0|-8.0|-8.0|0.0|0.0|504.0|504.0|504.0|504.0
UTNTSkyEdge_tntle_12072_0_terrain_1_1|12072|0|2|2030|2747|14528.0|1056.0|14464.0|928.0|14496.4472135955|991.77639320225|0.0|0.0|0.0|QGRASS|QGRASS|1.0|1.0|0.0|0.0|1.28|grass|-|SG002401|-|1092|1|1|2747|QGRASS|-|1.0|1.0|0.0|0.0|0.0|QGRASS|-|1.0|1.0|0.0|0.0|-8.0|-8.0|0.0|0.0|504.0|504.0|504.0|504.0
UTNTSkyEdge_tntle_12073_0_terrain_1_0|12073|0|2|2030|2747|14464.0|928.0|14464.0|800.0|14463.5|864.0|0.0|0.0|0.0|QGRASS|QGRASS|1.0|1.0|0.0|0.0|1.28|grass|-|SG002404|-|1270|1|0|2747|QGRASS|-|1.0|1.0|0.0|0.0|0.0|QGRASS|-|1.0|1.0|0.0|0.0|-8.0|-8.0|0.0|0.0|504.0|504.0|504.0|504.0
UTNTSkyEdge_tntle_12073_0_terrain_1_1|12073|0|2|2030|2747|14464.0|928.0|14464.0|800.0|14464.5|864.0|0.0|0.0|0.0|QGRASS|QGRASS|1.0|1.0|0.0|0.0|1.28|grass|-|SG002401|-|1092|1|1|2747|QGRASS|-|1.0|1.0|0.0|0.0|0.0|QGRASS|-|1.0|1.0|0.0|0.0|-8.0|-8.0|0.0|0.0|504.0|504.0|504.0|504.0
UTNTSkyEdge_tntle_12074_0_terrain_1_0|12074|0|2|2030|2747|14464.0|800.0|14400.0|672.0|14431.5527864045|736.22360679775|0.0|0.0|0.0|QGRASS|QGRASS|1.0|1.0|0.0|0.0|1.28|grass|-|SG002404|-|1270|1|0|2747|QGRASS|-|1.0|1.0|0.0|0.0|0.0|QGRASS|-|1.0|1.0|0.0|0.0|-8.0|-8.0|0.0|0.0|504.0|504.0|504.0|504.0
UTNTSkyEdge_tntle_12074_0_terrain_1_1|12074|0|2|2030|2747|14464.0|800.0|14400.0|672.0|14432.4472135955|735.77639320225|0.0|0.0|0.0|QGRASS|QGRASS|1.0|1.0|0.0|0.0|1.28|grass|-|SG002401|-|1092|1|1|2747|QGRASS|-|1.0|1.0|0.0|0.0|0.0|QGRASS|-|1.0|1.0|0.0|0.0|-8.0|-8.0|0.0|0.0|504.0|504.0|504.0|504.0
UTNTSkyEdge_tntle_12075_0_terrain_1_0|12075|0|2|2030|2747|14400.0|672.0|14272.0|608.0|14335.77639320225|640.4472135955|0.0|0.0|0.0|QGRASS|QGRASS|1.0|1.0|0.0|0.0|1.28|grass|-|SG002404|-|1270|1|0|2747|QGRASS|-|1.0|1.0|0.0|0.0|0.0|QGRASS|-|1.0|1.0|0.0|0.0|-8.0|-8.0|0.0|0.0|504.0|504.0|504.0|504.0
UTNTSkyEdge_tntle_12075_0_terrain_1_1|12075|0|2|2030|2747|14400.0|672.0|14272.0|608.0|14336.22360679775|639.5527864045|0.0|0.0|0.0|QGRASS|QGRASS|1.0|1.0|0.0|0.0|1.28|grass|-|SG002401|-|1092|1|1|2747|QGRASS|-|1.0|1.0|0.0|0.0|0.0|QGRASS|-|1.0|1.0|0.0|0.0|-8.0|-8.0|0.0|0.0|504.0|504.0|504.0|504.0
UTNTSkyEdge_tntle_12076_0_terrain_1_0|12076|0|2|2030|2747|14272.0|608.0|14272.0|672.0|14272.5|640.0|0.0|0.0|0.0|QGRASS|QGRASS|1.0|1.0|0.0|0.0|1.28|grass|-|SG002404|-|1270|1|0|2747|QGRASS|-|1.0|1.0|0.0|0.0|0.0|QGRASS|-|1.0|1.0|0.0|0.0|-8.0|-8.0|0.0|0.0|504.0|504.0|504.0|504.0
UTNTSkyEdge_tntle_12076_0_terrain_1_1|12076|0|2|2030|2747|14272.0|608.0|14272.0|672.0|14271.5|640.0|0.0|0.0|0.0|QGRASS|QGRASS|1.0|1.0|0.0|0.0|1.28|grass|-|SG002401|-|1092|1|1|2747|QGRASS|-|1.0|1.0|0.0|0.0|0.0|QGRASS|-|1.0|1.0|0.0|0.0|-8.0|-8.0|0.0|0.0|504.0|504.0|504.0|504.0
UTNTSkyEdge_tntle_12077_0_terrain_1_0|12077|0|2|2030|2747|14272.0|672.0|14336.0|800.0|14304.4472135955|735.77639320225|0.0|0.0|0.0|QGRASS|QGRASS|1.0|1.0|0.0|0.0|1.28|grass|-|SG002404|-|1270|1|0|2747|QGRASS|-|1.0|1.0|0.0|0.0|0.0|QGRASS|-|1.0|1.0|0.0|0.0|-8.0|-8.0|0.0|0.0|504.0|504.0|504.0|504.0
UTNTSkyEdge_tntle_12077_0_terrain_1_1|12077|0|2|2030|2747|14272.0|672.0|14336.0|800.0|14303.5527864045|736.22360679775|0.0|0.0|0.0|QGRASS|QGRASS|1.0|1.0|0.0|0.0|1.28|grass|-|SG002401|-|1092|1|1|2747|QGRASS|-|1.0|1.0|0.0|0.0|0.0|QGRASS|-|1.0|1.0|0.0|0.0|-8.0|-8.0|0.0|0.0|504.0|504.0|504.0|504.0
UTNTSkyEdge_tntle_12078_0_terrain_1_0|12078|0|2|2030|2747|14336.0|800.0|14336.0|928.0|14336.5|864.0|0.0|0.0|0.0|QGRASS|QGRASS|1.0|1.0|0.0|0.0|1.28|grass|-|SG002404|-|1270|1|0|2747|QGRASS|-|1.0|1.0|0.0|0.0|0.0|QGRASS|-|1.0|1.0|0.0|0.0|-8.0|-8.0|0.0|0.0|504.0|504.0|504.0|504.0
UTNTSkyEdge_tntle_12078_0_terrain_1_1|12078|0|2|2030|2747|14336.0|800.0|14336.0|928.0|14335.5|864.0|0.0|0.0|0.0|QGRASS|QGRASS|1.0|1.0|0.0|0.0|1.28|grass|-|SG002401|-|1092|1|1|2747|QGRASS|-|1.0|1.0|0.0|0.0|0.0|QGRASS|-|1.0|1.0|0.0|0.0|-8.0|-8.0|0.0|0.0|504.0|504.0|504.0|504.0
UTNTSkyEdge_tntle_12079_0_terrain_1_0|12079|0|2|2030|2747|14336.0|928.0|14272.0|1056.0|14304.4472135955|992.22360679775|0.0|0.0|0.0|QGRASS|QGRASS|1.0|1.0|0.0|0.0|1.28|grass|-|SG002404|-|1270|1|0|2747|QGRASS|-|1.0|1.0|0.0|0.0|0.0|QGRASS|-|1.0|1.0|0.0|0.0|-8.0|-8.0|0.0|0.0|504.0|504.0|504.0|504.0
UTNTSkyEdge_tntle_12079_0_terrain_1_1|12079|0|2|2030|2747|14336.0|928.0|14272.0|1056.0|14303.5527864045|991.77639320225|0.0|0.0|0.0|QGRASS|QGRASS|1.0|1.0|0.0|0.0|1.28|grass|-|SG002401|-|1092|1|1|2747|QGRASS|-|1.0|1.0|0.0|0.0|0.0|QGRASS|-|1.0|1.0|0.0|0.0|-8.0|-8.0|0.0|0.0|504.0|504.0|504.0|504.0
UTNTSkyEdge_tntle_12080_0_terrain_1_0|12080|0|2|2030|2747|14272.0|1056.0|14272.0|1120.0|14272.5|1088.0|0.0|0.0|0.0|QGRASS|QGRASS|1.0|1.0|0.0|0.0|1.28|grass|-|SG002404|-|1270|1|0|2747|QGRASS|-|1.0|1.0|0.0|0.0|0.0|QGRASS|-|1.0|1.0|0.0|0.0|-8.0|-8.0|0.0|0.0|504.0|504.0|504.0|504.0
UTNTSkyEdge_tntle_12080_0_terrain_1_1|12080|0|2|2030|2747|14272.0|1056.0|14272.0|1120.0|14271.5|1088.0|0.0|0.0|0.0|QGRASS|QGRASS|1.0|1.0|0.0|0.0|1.28|grass|-|SG002401|-|1092|1|1|2747|QGRASS|-|1.0|1.0|0.0|0.0|0.0|QGRASS|-|1.0|1.0|0.0|0.0|-8.0|-8.0|0.0|0.0|504.0|504.0|504.0|504.0
UTNTSkyEdge_tntle_12081_0_terrain_1_0|12081|0|2|2031|2747|15006.0|1885.0|15097.0|1885.0|15051.5|1884.5|0.0|0.0|0.0|QGRASS|QGRASS|1.0|1.0|0.0|0.0|1.28|grass|-|SG002405|-|1271|1|0|2747|QGRASS|-|1.0|1.0|0.0|0.0|0.0|QGRASS|-|1.0|1.0|0.0|0.0|-8.0|-8.0|0.0|0.0|504.0|504.0|504.0|504.0
UTNTSkyEdge_tntle_12081_0_terrain_1_1|12081|0|2|2031|2747|15006.0|1885.0|15097.0|1885.0|15051.5|1885.5|0.0|0.0|0.0|QGRASS|QGRASS|1.0|1.0|0.0|0.0|1.28|grass|-|SG002401|-|1092|1|1|2747|QGRASS|-|1.0|1.0|0.0|0.0|0.0|QGRASS|-|1.0|1.0|0.0|0.0|-8.0|-8.0|0.0|0.0|504.0|504.0|504.0|504.0
UTNTSkyEdge_tntle_12082_0_terrain_1_0|12082|0|2|2031|2747|15097.0|1885.0|15187.0|1794.0|15141.644498701395|1839.148405309071|0.0|0.0|0.0|QGRASS|QGRASS|1.0|1.0|0.0|0.0|1.28|grass|-|SG002405|-|1271|1|0|2747|QGRASS|-|1.0|1.0|0.0|0.0|0.0|QGRASS|-|1.0|1.0|0.0|0.0|-8.0|-8.0|0.0|0.0|504.0|504.0|504.0|504.0
UTNTSkyEdge_tntle_12082_0_terrain_1_1|12082|0|2|2031|2747|15097.0|1885.0|15187.0|1794.0|15142.355501298605|1839.851594690929|0.0|0.0|0.0|QGRASS|QGRASS|1.0|1.0|0.0|0.0|1.28|grass|-|SG002401|-|1092|1|1|2747|QGRASS|-|1.0|1.0|0.0|0.0|0.0|QGRASS|-|1.0|1.0|0.0|0.0|-8.0|-8.0|0.0|0.0|504.0|504.0|504.0|504.0
UTNTSkyEdge_tntle_12083_0_terrain_1_0|12083|0|2|2031|2747|15187.0|1794.0|15278.0|1794.0|15232.5|1793.5|0.0|0.0|0.0|QGRASS|QGRASS|1.0|1.0|0.0|0.0|1.28|grass|-|SG002405|-|1271|1|0|2747|QGRASS|-|1.0|1.0|0.0|0.0|0.0|QGRASS|-|1.0|1.0|0.0|0.0|-8.0|-8.0|0.0|0.0|504.0|504.0|504.0|504.0
UTNTSkyEdge_tntle_12083_0_terrain_1_1|12083|0|2|2031|2747|15187.0|1794.0|15278.0|1794.0|15232.5|1794.5|0.0|0.0|0.0|QGRASS|QGRASS|1.0|1.0|0.0|0.0|1.28|grass|-|SG002401|-|1092|1|1|2747|QGRASS|-|1.0|1.0|0.0|0.0|0.0|QGRASS|-|1.0|1.0|0.0|0.0|-8.0|-8.0|0.0|0.0|504.0|504.0|504.0|504.0
UTNTSkyEdge_tntle_12084_0_terrain_1_0|12084|0|2|2031|2747|15278.0|1794.0|15413.0|1659.0|15345.146446609408|1726.1464466094067|0.0|0.0|0.0|QGRASS|QGRASS|1.0|1.0|0.0|0.0|1.28|grass|-|SG002405|-|1271|1|0|2747|QGRASS|-|1.0|1.0|0.0|0.0|0.0|QGRASS|-|1.0|1.0|0.0|0.0|-8.0|-8.0|0.0|0.0|504.0|504.0|504.0|504.0
UTNTSkyEdge_tntle_12084_0_terrain_1_1|12084|0|2|2031|2747|15278.0|1794.0|15413.0|1659.0|15345.853553390592|1726.8535533905933|0.0|0.0|0.0|QGRASS|QGRASS|1.0|1.0|0.0|0.0|1.28|grass|-|SG002401|-|1092|1|1|2747|QGRASS|-|1.0|1.0|0.0|0.0|0.0|QGRASS|-|1.0|1.0|0.0|0.0|-8.0|-8.0|0.0|0.0|504.0|504.0|504.0|504.0
UTNTSkyEdge_tntle_12085_0_terrain_1_0|12085|0|2|2031|2747|15413.0|1659.0|15504.0|1659.0|15458.5|1658.5|0.0|0.0|0.0|QGRASS|QGRASS|1.0|1.0|0.0|0.0|1.28|grass|-|SG002405|-|1271|1|0|2747|QGRASS|-|1.0|1.0|0.0|0.0|0.0|QGRASS|-|1.0|1.0|0.0|0.0|-8.0|-8.0|0.0|0.0|504.0|504.0|504.0|504.0
UTNTSkyEdge_tntle_12085_0_terrain_1_1|12085|0|2|2031|2747|15413.0|1659.0|15504.0|1659.0|15458.5|1659.5|0.0|0.0|0.0|QGRASS|QGRASS|1.0|1.0|0.0|0.0|1.28|grass|-|SG002401|-|1092|1|1|2747|QGRASS|-|1.0|1.0|0.0|0.0|0.0|QGRASS|-|1.0|1.0|0.0|0.0|-8.0|-8.0|0.0|0.0|504.0|504.0|504.0|504.0
UTNTSkyEdge_tntle_12086_0_terrain_1_0|12086|0|2|2031|2747|15504.0|1659.0|15549.0|1523.0|15526.025310470304|1590.8429336114978|0.0|0.0|0.0|QGRASS|QGRASS|1.0|1.0|0.0|0.0|1.28|grass|-|SG002405|-|1271|1|0|2747|QGRASS|-|1.0|1.0|0.0|0.0|0.0|QGRASS|-|1.0|1.0|0.0|0.0|-8.0|-8.0|0.0|0.0|504.0|504.0|504.0|504.0
UTNTSkyEdge_tntle_12086_0_terrain_1_1|12086|0|2|2031|2747|15504.0|1659.0|15549.0|1523.0|15526.974689529696|1591.1570663885022|0.0|0.0|0.0|QGRASS|QGRASS|1.0|1.0|0.0|0.0|1.28|grass|-|SG002401|-|1092|1|1|2747|QGRASS|-|1.0|1.0|0.0|0.0|0.0|QGRASS|-|1.0|1.0|0.0|0.0|-8.0|-8.0|0.0|0.0|504.0|504.0|504.0|504.0
UTNTSkyEdge_tntle_12087_0_terrain_1_0|12087|0|2|2031|2747|15549.0|1523.0|15504.0|1387.0|15526.025310470304|1455.1570663885022|0.0|0.0|0.0|QGRASS|QGRASS|1.0|1.0|0.0|0.0|1.28|grass|-|SG002405|-|1271|1|0|2747|QGRASS|-|1.0|1.0|0.0|0.0|0.0|QGRASS|-|1.0|1.0|0.0|0.0|-8.0|-8.0|0.0|0.0|504.0|504.0|504.0|504.0
UTNTSkyEdge_tntle_12087_0_terrain_1_1|12087|0|2|2031|2747|15549.0|1523.0|15504.0|1387.0|15526.974689529696|1454.8429336114978|0.0|0.0|0.0|QGRASS|QGRASS|1.0|1.0|0.0|0.0|1.28|grass|-|SG002401|-|1092|1|1|2747|QGRASS|-|1.0|1.0|0.0|0.0|0.0|QGRASS|-|1.0|1.0|0.0|0.0|-8.0|-8.0|0.0|0.0|504.0|504.0|504.0|504.0
UTNTSkyEdge_tntle_12088_0_terrain_1_0|12088|0|2|2031|2747|15504.0|1387.0|15413.0|1387.0|15458.5|1387.5|0.0|0.0|0.0|QGRASS|QGRASS|1.0|1.0|0.0|0.0|1.28|grass|-|SG002405|-|1271|1|0|2747|QGRASS|-|1.0|1.0|0.0|0.0|0.0|QGRASS|-|1.0|1.0|0.0|0.0|-8.0|-8.0|0.0|0.0|504.0|504.0|504.0|504.0
UTNTSkyEdge_tntle_12088_0_terrain_1_1|12088|0|2|2031|2747|15504.0|1387.0|15413.0|1387.0|15458.5|1386.5|0.0|0.0|0.0|QGRASS|QGRASS|1.0|1.0|0.0|0.0|1.28|grass|-|SG002401|-|1092|1|1|2747|QGRASS|-|1.0|1.0|0.0|0.0|0.0|QGRASS|-|1.0|1.0|0.0|0.0|-8.0|-8.0|0.0|0.0|504.0|504.0|504.0|504.0
UTNTSkyEdge_tntle_12089_0_terrain_1_0|12089|0|2|2031|2747|15413.0|1387.0|15413.0|1478.0|15413.5|1432.5|0.0|0.0|0.0|QGRASS|QGRASS|1.0|1.0|0.0|0.0|1.28|grass|-|SG002405|-|1271|1|0|2747|QGRASS|-|1.0|1.0|0.0|0.0|0.0|QGRASS|-|1.0|1.0|0.0|0.0|-8.0|-8.0|0.0|0.0|504.0|504.0|504.0|504.0
UTNTSkyEdge_tntle_12089_0_terrain_1_1|12089|0|2|2031|2747|15413.0|1387.0|15413.0|1478.0|15412.5|1432.5|0.0|0.0|0.0|QGRASS|QGRASS|1.0|1.0|0.0|0.0|1.28|grass|-|SG002401|-|1092|1|1|2747|QGRASS|-|1.0|1.0|0.0|0.0|0.0|QGRASS|-|1.0|1.0|0.0|0.0|-8.0|-8.0|0.0|0.0|504.0|504.0|504.0|504.0
UTNTSkyEdge_tntle_12090_0_terrain_1_0|12090|0|2|2031|2747|15413.0|1478.0|15232.0|1568.0|15322.722616842324|1523.4477072051172|0.0|0.0|0.0|QGRASS|QGRASS|1.0|1.0|0.0|0.0|1.28|grass|-|SG002405|-|1271|1|0|2747|QGRASS|-|1.0|1.0|0.0|0.0|0.0|QGRASS|-|1.0|1.0|0.0|0.0|-8.0|-8.0|0.0|0.0|504.0|504.0|504.0|504.0
UTNTSkyEdge_tntle_12090_0_terrain_1_1|12090|0|2|2031|2747|15413.0|1478.0|15232.0|1568.0|15322.277383157676|1522.5522927948828|0.0|0.0|0.0|QGRASS|QGRASS|1.0|1.0|0.0|0.0|1.28|grass|-|SG002401|-|1092|1|1|2747|QGRASS|-|1.0|1.0|0.0|0.0|0.0|QGRASS|-|1.0|1.0|0.0|0.0|-8.0|-8.0|0.0|0.0|504.0|504.0|504.0|504.0
UTNTSkyEdge_tntle_12091_0_terrain_1_0|12091|0|2|2031|2747|15232.0|1568.0|15232.0|1659.0|15232.5|1613.5|0.0|0.0|0.0|QGRASS|QGRASS|1.0|1.0|0.0|0.0|1.28|grass|-|SG002405|-|1271|1|0|2747|QGRASS|-|1.0|1.0|0.0|0.0|0.0|QGRASS|-|1.0|1.0|0.0|0.0|-8.0|-8.0|0.0|0.0|504.0|504.0|504.0|504.0
UTNTSkyEdge_tntle_12091_0_terrain_1_1|12091|0|2|2031|2747|15232.0|1568.0|15232.0|1659.0|15231.5|1613.5|0.0|0.0|0.0|QGRASS|QGRASS|1.0|1.0|0.0|0.0|1.28|grass|-|SG002401|-|1092|1|1|2747|QGRASS|-|1.0|1.0|0.0|0.0|0.0|QGRASS|-|1.0|1.0|0.0|0.0|-8.0|-8.0|0.0|0.0|504.0|504.0|504.0|504.0
UTNTSkyEdge_tntle_12092_0_terrain_1_0|12092|0|2|2031|2747|15232.0|1659.0|15142.0|1659.0|15187.0|1659.5|0.0|0.0|0.0|QGRASS|QGRASS|1.0|1.0|0.0|0.0|1.28|grass|-|SG002405|-|1271|1|0|2747|QGRASS|-|1.0|1.0|0.0|0.0|0.0|QGRASS|-|1.0|1.0|0.0|0.0|-8.0|-8.0|0.0|0.0|504.0|504.0|504.0|504.0
UTNTSkyEdge_tntle_12092_0_terrain_1_1|12092|0|2|2031|2747|15232.0|1659.0|15142.0|1659.0|15187.0|1658.5|0.0|0.0|0.0|QGRASS|QGRASS|1.0|1.0|0.0|0.0|1.28|grass|-|SG002401|-|1092|1|1|2747|QGRASS|-|1.0|1.0|0.0|0.0|0.0|QGRASS|-|1.0|1.0|0.0|0.0|-8.0|-8.0|0.0|0.0|504.0|504.0|504.0|504.0
UTNTSkyEdge_tntle_12093_0_terrain_1_0|12093|0|2|2031|2747|15142.0|1659.0|15006.0|1613.0|15073.839798060679|1636.4736405162544|0.0|0.0|0.0|QGRASS|QGRASS|1.0|1.0|0.0|0.0|1.28|grass|-|SG002405|-|1271|1|0|2747|QGRASS|-|1.0|1.0|0.0|0.0|0.0|QGRASS|-|1.0|1.0|0.0|0.0|-8.0|-8.0|0.0|0.0|504.0|504.0|504.0|504.0
UTNTSkyEdge_tntle_12093_0_terrain_1_1|12093|0|2|2031|2747|15142.0|1659.0|15006.0|1613.0|15074.160201939321|1635.5263594837456|0.0|0.0|0.0|QGRASS|QGRASS|1.0|1.0|0.0|0.0|1.28|grass|-|SG002401|-|1092|1|1|2747|QGRASS|-|1.0|1.0|0.0|0.0|0.0|QGRASS|-|1.0|1.0|0.0|0.0|-8.0|-8.0|0.0|0.0|504.0|504.0|504.0|504.0
UTNTSkyEdge_tntle_12094_0_terrain_1_0|12094|0|2|2031|2747|15006.0|1613.0|14916.0|1523.0|14960.646446609408|1568.3535533905933|0.0|0.0|0.0|QGRASS|QGRASS|1.0|1.0|0.0|0.0|1.28|grass|-|SG002405|-|1271|1|0|2747|QGRASS|-|1.0|1.0|0.0|0.0|0.0|QGRASS|-|1.0|1.0|0.0|0.0|-8.0|-8.0|0.0|0.0|504.0|504.0|504.0|504.0
UTNTSkyEdge_tntle_12094_0_terrain_1_1|12094|0|2|2031|2747|15006.0|1613.0|14916.0|1523.0|14961.353553390592|1567.6464466094067|0.0|0.0|0.0|QGRASS|QGRASS|1.0|1.0|0.0|0.0|1.28|grass|-|SG002401|-|1092|1|1|2747|QGRASS|-|1.0|1.0|0.0|0.0|0.0|QGRASS|-|1.0|1.0|0.0|0.0|-8.0|-8.0|0.0|0.0|504.0|504.0|504.0|504.0
UTNTSkyEdge_tntle_12095_0_terrain_1_0|12095|0|2|2031|2747|14916.0|1523.0|14780.0|1478.0|14847.842933611497|1500.9746895296958|0.0|0.0|0.0|QGRASS|QGRASS|1.0|1.0|0.0|0.0|1.28|grass|-|SG002405|-|1271|1|0|2747|QGRASS|-|1.0|1.0|0.0|0.0|0.0|QGRASS|-|1.0|1.0|0.0|0.0|-8.0|-8.0|0.0|0.0|504.0|504.0|504.0|504.0
UTNTSkyEdge_tntle_12095_0_terrain_1_1|12095|0|2|2031|2747|14916.0|1523.0|14780.0|1478.0|14848.157066388503|1500.0253104703042|0.0|0.0|0.0|QGRASS|QGRASS|1.0|1.0|0.0|0.0|1.28|grass|-|SG002401|-|1092|1|1|2747|QGRASS|-|1.0|1.0|0.0|0.0|0.0|QGRASS|-|1.0|1.0|0.0|0.0|-8.0|-8.0|0.0|0.0|504.0|504.0|504.0|504.0
UTNTSkyEdge_tntle_12096_0_terrain_1_0|12096|0|2|2031|2747|14780.0|1478.0|14644.0|1523.0|14712.157066388503|1500.9746895296958|0.0|0.0|0.0|QGRASS|QGRASS|1.0|1.0|0.0|0.0|1.28|grass|-|SG002405|-|1271|1|0|2747|QGRASS|-|1.0|1.0|0.0|0.0|0.0|QGRASS|-|1.0|1.0|0.0|0.0|-8.0|-8.0|0.0|0.0|504.0|504.0|504.0|504.0
UTNTSkyEdge_tntle_12096_0_terrain_1_1|12096|0|2|2031|2747|14780.0|1478.0|14644.0|1523.0|14711.842933611497|1500.0253104703042|0.0|0.0|0.0|QGRASS|QGRASS|1.0|1.0|0.0|0.0|1.28|grass|-|SG002401|-|1092|1|1|2747|QGRASS|-|1.0|1.0|0.0|0.0|0.0|QGRASS|-|1.0|1.0|0.0|0.0|-8.0|-8.0|0.0|0.0|504.0|504.0|504.0|504.0
UTNTSkyEdge_tntle_12097_0_terrain_1_0|12097|0|2|2031|2747|14644.0|1523.0|14689.0|1568.0|14666.853553390592|1545.1464466094067|0.0|0.0|0.0|QGRASS|QGRASS|1.0|1.0|0.0|0.0|1.28|grass|-|SG002405|-|1271|1|0|2747|QGRASS|-|1.0|1.0|0.0|0.0|0.0|QGRASS|-|1.0|1.0|0.0|0.0|-8.0|-8.0|0.0|0.0|504.0|504.0|504.0|504.0
UTNTSkyEdge_tntle_12097_0_terrain_1_1|12097|0|2|2031|2747|14644.0|1523.0|14689.0|1568.0|14666.146446609408|1545.8535533905933|0.0|0.0|0.0|QGRASS|QGRASS|1.0|1.0|0.0|0.0|1.28|grass|-|SG002401|-|1092|1|1|2747|QGRASS|-|1.0|1.0|0.0|0.0|0.0|QGRASS|-|1.0|1.0|0.0|0.0|-8.0|-8.0|0.0|0.0|504.0|504.0|504.0|504.0
UTNTSkyEdge_tntle_12098_0_terrain_1_0|12098|0|2|2031|2747|14689.0|1568.0|14825.0|1613.0|14757.157066388503|1590.0253104703042|0.0|0.0|0.0|QGRASS|QGRASS|1.0|1.0|0.0|0.0|1.28|grass|-|SG002405|-|1271|1|0|2747|QGRASS|-|1.0|1.0|0.0|0.0|0.0|QGRASS|-|1.0|1.0|0.0|0.0|-8.0|-8.0|0.0|0.0|504.0|504.0|504.0|504.0
UTNTSkyEdge_tntle_12098_0_terrain_1_1|12098|0|2|2031|2747|14689.0|1568.0|14825.0|1613.0|14756.842933611497|1590.9746895296958|0.0|0.0|0.0|QGRASS|QGRASS|1.0|1.0|0.0|0.0|1.28|grass|-|SG002401|-|1092|1|1|2747|QGRASS|-|1.0|1.0|0.0|0.0|0.0|QGRASS|-|1.0|1.0|0.0|0.0|-8.0|-8.0|0.0|0.0|504.0|504.0|504.0|504.0
UTNTSkyEdge_tntle_12099_0_terrain_1_0|12099|0|2|2031|2747|14825.0|1613.0|14916.0|1704.0|14870.853553390592|1658.1464466094067|0.0|0.0|0.0|QGRASS|QGRASS|1.0|1.0|0.0|0.0|1.28|grass|-|SG002405|-|1271|1|0|2747|QGRASS|-|1.0|1.0|0.0|0.0|0.0|QGRASS|-|1.0|1.0|0.0|0.0|-8.0|-8.0|0.0|0.0|504.0|504.0|504.0|504.0
UTNTSkyEdge_tntle_12099_0_terrain_1_1|12099|0|2|2031|2747|14825.0|1613.0|14916.0|1704.0|14870.146446609408|1658.8535533905933|0.0|0.0|0.0|QGRASS|QGRASS|1.0|1.0|0.0|0.0|1.28|grass|-|SG002401|-|1092|1|1|2747|QGRASS|-|1.0|1.0|0.0|0.0|0.0|QGRASS|-|1.0|1.0|0.0|0.0|-8.0|-8.0|0.0|0.0|504.0|504.0|504.0|504.0
UTNTSkyEdge_tntle_12100_0_terrain_1_0|12100|0|2|2031|2747|14916.0|1704.0|14961.0|1840.0|14938.974689529696|1771.8429336114978|0.0|0.0|0.0|QGRASS|QGRASS|1.0|1.0|0.0|0.0|1.28|grass|-|SG002405|-|1271|1|0|2747|QGRASS|-|1.0|1.0|0.0|0.0|0.0|QGRASS|-|1.0|1.0|0.0|0.0|-8.0|-8.0|0.0|0.0|504.0|504.0|504.0|504.0
UTNTSkyEdge_tntle_12100_0_terrain_1_1|12100|0|2|2031|2747|14916.0|1704.0|14961.0|1840.0|14938.025310470304|1772.1570663885022|0.0|0.0|0.0|QGRASS|QGRASS|1.0|1.0|0.0|0.0|1.28|grass|-|SG002401|-|1092|1|1|2747|QGRASS|-|1.0|1.0|0.0|0.0|0.0|QGRASS|-|1.0|1.0|0.0|0.0|-8.0|-8.0|0.0|0.0|504.0|504.0|504.0|504.0
UTNTSkyEdge_tntle_12101_0_terrain_1_0|12101|0|2|2031|2747|14961.0|1840.0|15006.0|1885.0|14983.853553390592|1862.1464466094067|0.0|0.0|0.0|QGRASS|QGRASS|1.0|1.0|0.0|0.0|1.28|grass|-|SG002405|-|1271|1|0|2747|QGRASS|-|1.0|1.0|0.0|0.0|0.0|QGRASS|-|1.0|1.0|0.0|0.0|-8.0|-8.0|0.0|0.0|504.0|504.0|504.0|504.0
UTNTSkyEdge_tntle_12101_0_terrain_1_1|12101|0|2|2031|2747|14961.0|1840.0|15006.0|1885.0|14983.146446609408|1862.8535533905933|0.0|0.0|0.0|QGRASS|QGRASS|1.0|1.0|0.0|0.0|1.28|grass|-|SG002401|-|1092|1|1|2747|QGRASS|-|1.0|1.0|0.0|0.0|0.0|QGRASS|-|1.0|1.0|0.0|0.0|-8.0|-8.0|0.0|0.0|504.0|504.0|504.0|504.0
UTNTSkyEdge_tntle_12102_0_terrain_1_0|12102|0|2|2032|2051|16608.0|1376.0|16544.0|1312.0|16575.646446609408|1344.3535533905933|0.0|0.0|0.0|QGRASS|QGRASS|1.0|1.0|0.0|0.0|1.28|grass|-|SG002406|-|1272|1|0|2051|QGRASS|-|1.0|1.0|0.0|0.0|0.0|QGRASS|-|1.0|1.0|0.0|0.0|-8.0|-8.0|0.0|0.0|504.0|504.0|504.0|504.0
UTNTSkyEdge_tntle_12102_0_terrain_1_1|12102|0|2|2032|2051|16608.0|1376.0|16544.0|1312.0|16576.353553390592|1343.6464466094067|0.0|0.0|0.0|QGRASS|QGRASS|1.0|1.0|0.0|0.0|1.28|grass|-|SG002402|-|1135|1|1|2051|QGRASS|-|1.0|1.0|0.0|0.0|0.0|QGRASS|-|1.0|1.0|0.0|0.0|-8.0|-8.0|0.0|0.0|504.0|504.0|504.0|504.0
UTNTSkyEdge_tntle_12103_0_terrain_1_0|12103|0|2|2032|2051|16544.0|1312.0|16416.0|1312.0|16480.0|1312.5|0.0|0.0|0.0|QGRASS|QGRASS|1.0|1.0|0.0|0.0|1.28|grass|-|SG002406|-|1272|1|0|2051|QGRASS|-|1.0|1.0|0.0|0.0|0.0|QGRASS|-|1.0|1.0|0.0|0.0|-8.0|-8.0|0.0|0.0|504.0|504.0|504.0|504.0
UTNTSkyEdge_tntle_12103_0_terrain_1_1|12103|0|2|2032|2051|16544.0|1312.0|16416.0|1312.0|16480.0|1311.5|0.0|0.0|0.0|QGRASS|QGRASS|1.0|1.0|0.0|0.0|1.28|grass|-|SG002402|-|1135|1|1|2051|QGRASS|-|1.0|1.0|0.0|0.0|0.0|QGRASS|-|1.0|1.0|0.0|0.0|-8.0|-8.0|0.0|0.0|504.0|504.0|504.0|504.0
UTNTSkyEdge_tntle_12104_0_terrain_1_0|12104|0|2|2032|2051|16416.0|1312.0|16352.0|1248.0|16383.646446609408|1280.3535533905933|0.0|0.0|0.0|QGRASS|QGRASS|1.0|1.0|0.0|0.0|1.28|grass|-|SG002406|-|1272|1|0|2051|QGRASS|-|1.0|1.0|0.0|0.0|0.0|QGRASS|-|1.0|1.0|0.0|0.0|-8.0|-8.0|0.0|0.0|504.0|504.0|504.0|504.0
UTNTSkyEdge_tntle_12104_0_terrain_1_1|12104|0|2|2032|2051|16416.0|1312.0|16352.0|1248.0|16384.353553390592|1279.6464466094067|0.0|0.0|0.0|QGRASS|QGRASS|1.0|1.0|0.0|0.0|1.28|grass|-|SG002402|-|1135|1|1|2051|QGRASS|-|1.0|1.0|0.0|0.0|0.0|QGRASS|-|1.0|1.0|0.0|0.0|-8.0|-8.0|0.0|0.0|504.0|504.0|504.0|504.0
UTNTSkyEdge_tntle_12105_0_terrain_1_0|12105|0|2|2032|2051|16352.0|1248.0|16160.0|1248.0|16256.0|1248.5|0.0|0.0|0.0|QGRASS|QGRASS|1.0|1.0|0.0|0.0|1.28|grass|-|SG002406|-|1272|1|0|2051|QGRASS|-|1.0|1.0|0.0|0.0|0.0|QGRASS|-|1.0|1.0|0.0|0.0|-8.0|-8.0|0.0|0.0|504.0|504.0|504.0|504.0
UTNTSkyEdge_tntle_12105_0_terrain_1_1|12105|0|2|2032|2051|16352.0|1248.0|16160.0|1248.0|16256.0|1247.5|0.0|0.0|0.0|QGRASS|QGRASS|1.0|1.0|0.0|0.0|1.28|grass|-|SG002402|-|1135|1|1|2051|QGRASS|-|1.0|1.0|0.0|0.0|0.0|QGRASS|-|1.0|1.0|0.0|0.0|-8.0|-8.0|0.0|0.0|504.0|504.0|504.0|504.0
UTNTSkyEdge_tntle_12106_0_terrain_1_0|12106|0|2|2032|2051|16160.0|1248.0|16096.0|1184.0|16127.646446609408|1216.3535533905933|0.0|0.0|0.0|QGRASS|QGRASS|1.0|1.0|0.0|0.0|1.28|grass|-|SG002406|-|1272|1|0|2051|QGRASS|-|1.0|1.0|0.0|0.0|0.0|QGRASS|-|1.0|1.0|0.0|0.0|-8.0|-8.0|0.0|0.0|504.0|504.0|504.0|504.0
UTNTSkyEdge_tntle_12106_0_terrain_1_1|12106|0|2|2032|2051|16160.0|1248.0|16096.0|1184.0|16128.353553390592|1215.6464466094067|0.0|0.0|0.0|QGRASS|QGRASS|1.0|1.0|0.0|0.0|1.28|grass|-|SG002402|-|1135|1|1|2051|QGRASS|-|1.0|1.0|0.0|0.0|0.0|QGRASS|-|1.0|1.0|0.0|0.0|-8.0|-8.0|0.0|0.0|504.0|504.0|504.0|504.0
UTNTSkyEdge_tntle_12107_0_terrain_1_0|12107|0|2|2032|2051|16096.0|1184.0|15968.0|1248.0|16032.22360679775|1216.4472135955|0.0|0.0|0.0|QGRASS|QGRASS|1.0|1.0|0.0|0.0|1.28|grass|-|SG002406|-|1272|1|0|2051|QGRASS|-|1.0|1.0|0.0|0.0|0.0|QGRASS|-|1.0|1.0|0.0|0.0|-8.0|-8.0|0.0|0.0|504.0|504.0|504.0|504.0
UTNTSkyEdge_tntle_12107_0_terrain_1_1|12107|0|2|2032|2051|16096.0|1184.0|15968.0|1248.0|16031.77639320225|1215.5527864045|0.0|0.0|0.0|QGRASS|QGRASS|1.0|1.0|0.0|0.0|1.28|grass|-|SG002402|-|1135|1|1|2051|QGRASS|-|1.0|1.0|0.0|0.0|0.0|QGRASS|-|1.0|1.0|0.0|0.0|-8.0|-8.0|0.0|0.0|504.0|504.0|504.0|504.0
UTNTSkyEdge_tntle_12108_0_terrain_1_0|12108|0|2|2032|2051|15968.0|1248.0|15904.0|1376.0|15936.4472135955|1312.2236067977499|0.0|0.0|0.0|QGRASS|QGRASS|1.0|1.0|0.0|0.0|1.28|grass|-|SG002406|-|1272|1|0|2051|QGRASS|-|1.0|1.0|0.0|0.0|0.0|QGRASS|-|1.0|1.0|0.0|0.0|-8.0|-8.0|0.0|0.0|504.0|504.0|504.0|504.0
UTNTSkyEdge_tntle_12108_0_terrain_1_1|12108|0|2|2032|2051|15968.0|1248.0|15904.0|1376.0|15935.5527864045|1311.7763932022501|0.0|0.0|0.0|QGRASS|QGRASS|1.0|1.0|0.0|0.0|1.28|grass|-|SG002402|-|1135|1|1|2051|QGRASS|-|1.0|1.0|0.0|0.0|0.0|QGRASS|-|1.0|1.0|0.0|0.0|-8.0|-8.0|0.0|0.0|504.0|504.0|504.0|504.0
UTNTSkyEdge_tntle_12109_0_terrain_1_0|12109|0|2|2032|2051|15904.0|1376.0|15968.0|1440.0|15936.353553390592|1407.6464466094067|0.0|0.0|0.0|QGRASS|QGRASS|1.0|1.0|0.0|0.0|1.28|grass|-|SG002406|-|1272|1|0|2051|QGRASS|-|1.0|1.0|0.0|0.0|0.0|QGRASS|-|1.0|1.0|0.0|0.0|-8.0|-8.0|0.0|0.0|504.0|504.0|504.0|504.0
UTNTSkyEdge_tntle_12109_0_terrain_1_1|12109|0|2|2032|2051|15904.0|1376.0|15968.0|1440.0|15935.646446609408|1408.3535533905933|0.0|0.0|0.0|QGRASS|QGRASS|1.0|1.0|0.0|0.0|1.28|grass|-|SG002402|-|1135|1|1|2051|QGRASS|-|1.0|1.0|0.0|0.0|0.0|QGRASS|-|1.0|1.0|0.0|0.0|-8.0|-8.0|0.0|0.0|504.0|504.0|504.0|504.0
UTNTSkyEdge_tntle_12110_0_terrain_1_0|12110|0|2|2032|2051|15968.0|1440.0|16032.0|1376.0|15999.646446609408|1407.6464466094067|0.0|0.0|0.0|QGRASS|QGRASS|1.0|1.0|0.0|0.0|1.28|grass|-|SG002406|-|1272|1|0|2051|QGRASS|-|1.0|1.0|0.0|0.0|0.0|QGRASS|-|1.0|1.0|0.0|0.0|-8.0|-8.0|0.0|0.0|504.0|504.0|504.0|504.0
UTNTSkyEdge_tntle_12110_0_terrain_1_1|12110|0|2|2032|2051|15968.0|1440.0|16032.0|1376.0|16000.353553390592|1408.3535533905933|0.0|0.0|0.0|QGRASS|QGRASS|1.0|1.0|0.0|0.0|1.28|grass|-|SG002402|-|1135|1|1|2051|QGRASS|-|1.0|1.0|0.0|0.0|0.0|QGRASS|-|1.0|1.0|0.0|0.0|-8.0|-8.0|0.0|0.0|504.0|504.0|504.0|504.0
UTNTSkyEdge_tntle_12111_0_terrain_1_0|12111|0|2|2032|2051|16032.0|1376.0|16224.0|1440.0|16128.158113883008|1407.5256583509747|0.0|0.0|0.0|QGRASS|QGRASS|1.0|1.0|0.0|0.0|1.28|grass|-|SG002406|-|1272|1|0|2051|QGRASS|-|1.0|1.0|0.0|0.0|0.0|QGRASS|-|1.0|1.0|0.0|0.0|-8.0|-8.0|0.0|0.0|504.0|504.0|504.0|504.0
UTNTSkyEdge_tntle_12111_0_terrain_1_1|12111|0|2|2032|2051|16032.0|1376.0|16224.0|1440.0|16127.841886116992|1408.4743416490253|0.0|0.0|0.0|QGRASS|QGRASS|1.0|1.0|0.0|0.0|1.28|grass|-|SG002402|-|1135|1|1|2051|QGRASS|-|1.0|1.0|0.0|0.0|0.0|QGRASS|-|1.0|1.0|0.0|0.0|-8.0|-8.0|0.0|0.0|504.0|504.0|504.0|504.0
UTNTSkyEdge_tntle_12112_0_terrain_1_0|12112|0|2|2032|2051|16224.0|1440.0|16288.0|1376.0|16255.646446609408|1407.6464466094067|0.0|0.0|0.0|QGRASS|QGRASS|1.0|1.0|0.0|0.0|1.28|grass|-|SG002406|-|1272|1|0|2051|QGRASS|-|1.0|1.0|0.0|0.0|0.0|QGRASS|-|1.0|1.0|0.0|0.0|-8.0|-8.0|0.0|0.0|504.0|504.0|504.0|504.0
UTNTSkyEdge_tntle_12112_0_terrain_1_1|12112|0|2|2032|2051|16224.0|1440.0|16288.0|1376.0|16256.353553390592|1408.3535533905933|0.0|0.0|0.0|QGRASS|QGRASS|1.0|1.0|0.0|0.0|1.28|grass|-|SG002402|-|1135|1|1|2051|QGRASS|-|1.0|1.0|0.0|0.0|0.0|QGRASS|-|1.0|1.0|0.0|0.0|-8.0|-8.0|0.0|0.0|504.0|504.0|504.0|504.0
UTNTSkyEdge_tntle_12113_0_terrain_1_0|12113|0|2|2032|2051|16288.0|1376.0|16352.0|1440.0|16320.353553390592|1407.6464466094067|0.0|0.0|0.0|QGRASS|QGRASS|1.0|1.0|0.0|0.0|1.28|grass|-|SG002406|-|1272|1|0|2051|QGRASS|-|1.0|1.0|0.0|0.0|0.0|QGRASS|-|1.0|1.0|0.0|0.0|-8.0|-8.0|0.0|0.0|504.0|504.0|504.0|504.0
UTNTSkyEdge_tntle_12113_0_terrain_1_1|12113|0|2|2032|2051|16288.0|1376.0|16352.0|1440.0|16319.646446609408|1408.3535533905933|0.0|0.0|0.0|QGRASS|QGRASS|1.0|1.0|0.0|0.0|1.28|grass|-|SG002402|-|1135|1|1|2051|QGRASS|-|1.0|1.0|0.0|0.0|0.0|QGRASS|-|1.0|1.0|0.0|0.0|-8.0|-8.0|0.0|0.0|504.0|504.0|504.0|504.0
UTNTSkyEdge_tntle_12114_0_terrain_1_0|12114|0|2|2032|2051|16352.0|1440.0|16416.0|1568.0|16384.4472135955|1503.7763932022501|0.0|0.0|0.0|QGRASS|QGRASS|1.0|1.0|0.0|0.0|1.28|grass|-|SG002406|-|1272|1|0|2051|QGRASS|-|1.0|1.0|0.0|0.0|0.0|QGRASS|-|1.0|1.0|0.0|0.0|-8.0|-8.0|0.0|0.0|504.0|504.0|504.0|504.0
UTNTSkyEdge_tntle_12114_0_terrain_1_1|12114|0|2|2032|2051|16352.0|1440.0|16416.0|1568.0|16383.5527864045|1504.2236067977499|0.0|0.0|0.0|QGRASS|QGRASS|1.0|1.0|0.0|0.0|1.28|grass|-|SG002402|-|1135|1|1|2051|QGRASS|-|1.0|1.0|0.0|0.0|0.0|QGRASS|-|1.0|1.0|0.0|0.0|-8.0|-8.0|0.0|0.0|504.0|504.0|504.0|504.0
UTNTSkyEdge_tntle_12115_0_terrain_1_0|12115|0|2|2032|2051|16416.0|1568.0|16416.0|1696.0|16416.5|1632.0|0.0|0.0|0.0|QGRASS|QGRASS|1.0|1.0|0.0|0.0|1.28|grass|-|SG002406|-|1272|1|0|2051|QGRASS|-|1.0|1.0|0.0|0.0|0.0|QGRASS|-|1.0|1.0|0.0|0.0|-8.0|-8.0|0.0|0.0|504.0|504.0|504.0|504.0
UTNTSkyEdge_tntle_12115_0_terrain_1_1|12115|0|2|2032|2051|16416.0|1568.0|16416.0|1696.0|16415.5|1632.0|0.0|0.0|0.0|QGRASS|QGRASS|1.0|1.0|0.0|0.0|1.28|grass|-|SG002402|-|1135|1|1|2051|QGRASS|-|1.0|1.0|0.0|0.0|0.0|QGRASS|-|1.0|1.0|0.0|0.0|-8.0|-8.0|0.0|0.0|504.0|504.0|504.0|504.0
UTNTSkyEdge_tntle_12116_0_terrain_1_0|12116|0|2|2032|2051|16416.0|1696.0|16480.0|1824.0|16448.4472135955|1759.7763932022501|0.0|0.0|0.0|QGRASS|QGRASS|1.0|1.0|0.0|0.0|1.28|grass|-|SG002406|-|1272|1|0|2051|QGRASS|-|1.0|1.0|0.0|0.0|0.0|QGRASS|-|1.0|1.0|0.0|0.0|-8.0|-8.0|0.0|0.0|504.0|504.0|504.0|504.0
UTNTSkyEdge_tntle_12116_0_terrain_1_1|12116|0|2|2032|2051|16416.0|1696.0|16480.0|1824.0|16447.5527864045|1760.2236067977499|0.0|0.0|0.0|QGRASS|QGRASS|1.0|1.0|0.0|0.0|1.28|grass|-|SG002402|-|1135|1|1|2051|QGRASS|-|1.0|1.0|0.0|0.0|0.0|QGRASS|-|1.0|1.0|0.0|0.0|-8.0|-8.0|0.0|0.0|504.0|504.0|504.0|504.0
UTNTSkyEdge_tntle_12117_0_terrain_1_0|12117|0|2|2032|2051|16480.0|1824.0|16608.0|1888.0|16544.22360679775|1855.5527864045|0.0|0.0|0.0|QGRASS|QGRASS|1.0|1.0|0.0|0.0|1.28|grass|-|SG002406|-|1272|1|0|2051|QGRASS|-|1.0|1.0|0.0|0.0|0.0|QGRASS|-|1.0|1.0|0.0|0.0|-8.0|-8.0|0.0|0.0|504.0|504.0|504.0|504.0
UTNTSkyEdge_tntle_12117_0_terrain_1_1|12117|0|2|2032|2051|16480.0|1824.0|16608.0|1888.0|16543.77639320225|1856.4472135955|0.0|0.0|0.0|QGRASS|QGRASS|1.0|1.0|0.0|0.0|1.28|grass|-|SG002402|-|1135|1|1|2051|QGRASS|-|1.0|1.0|0.0|0.0|0.0|QGRASS|-|1.0|1.0|0.0|0.0|-8.0|-8.0|0.0|0.0|504.0|504.0|504.0|504.0
UTNTSkyEdge_tntle_12118_0_terrain_1_0|12118|0|2|2032|2051|16608.0|1888.0|16608.0|1824.0|16607.5|1856.0|0.0|0.0|0.0|QGRASS|QGRASS|1.0|1.0|0.0|0.0|1.28|grass|-|SG002406|-|1272|1|0|2051|QGRASS|-|1.0|1.0|0.0|0.0|0.0|QGRASS|-|1.0|1.0|0.0|0.0|-8.0|-8.0|0.0|0.0|504.0|504.0|504.0|504.0
UTNTSkyEdge_tntle_12118_0_terrain_1_1|12118|0|2|2032|2051|16608.0|1888.0|16608.0|1824.0|16608.5|1856.0|0.0|0.0|0.0|QGRASS|QGRASS|1.0|1.0|0.0|0.0|1.28|grass|-|SG002402|-|1135|1|1|2051|QGRASS|-|1.0|1.0|0.0|0.0|0.0|QGRASS|-|1.0|1.0|0.0|0.0|-8.0|-8.0|0.0|0.0|504.0|504.0|504.0|504.0
UTNTSkyEdge_tntle_12119_0_terrain_1_0|12119|0|2|2032|2051|16608.0|1824.0|16544.0|1696.0|16575.5527864045|1760.2236067977499|0.0|0.0|0.0|QGRASS|QGRASS|1.0|1.0|0.0|0.0|1.28|grass|-|SG002406|-|1272|1|0|2051|QGRASS|-|1.0|1.0|0.0|0.0|0.0|QGRASS|-|1.0|1.0|0.0|0.0|-8.0|-8.0|0.0|0.0|504.0|504.0|504.0|504.0
UTNTSkyEdge_tntle_12119_0_terrain_1_1|12119|0|2|2032|2051|16608.0|1824.0|16544.0|1696.0|16576.4472135955|1759.7763932022501|0.0|0.0|0.0|QGRASS|QGRASS|1.0|1.0|0.0|0.0|1.28|grass|-|SG002402|-|1135|1|1|2051|QGRASS|-|1.0|1.0|0.0|0.0|0.0|QGRASS|-|1.0|1.0|0.0|0.0|-8.0|-8.0|0.0|0.0|504.0|504.0|504.0|504.0
UTNTSkyEdge_tntle_12120_0_terrain_1_0|12120|0|2|2032|2051|16544.0|1696.0|16544.0|1568.0|16543.5|1632.0|0.0|0.0|0.0|QGRASS|QGRASS|1.0|1.0|0.0|0.0|1.28|grass|-|SG002406|-|1272|1|0|2051|QGRASS|-|1.0|1.0|0.0|0.0|0.0|QGRASS|-|1.0|1.0|0.0|0.0|-8.0|-8.0|0.0|0.0|504.0|504.0|504.0|504.0
UTNTSkyEdge_tntle_12120_0_terrain_1_1|12120|0|2|2032|2051|16544.0|1696.0|16544.0|1568.0|16544.5|1632.0|0.0|0.0|0.0|QGRASS|QGRASS|1.0|1.0|0.0|0.0|1.28|grass|-|SG002402|-|1135|1|1|2051|QGRASS|-|1.0|1.0|0.0|0.0|0.0|QGRASS|-|1.0|1.0|0.0|0.0|-8.0|-8.0|0.0|0.0|504.0|504.0|504.0|504.0
UTNTSkyEdge_tntle_12121_0_terrain_1_0|12121|0|2|2032|2051|16544.0|1568.0|16608.0|1440.0|16575.5527864045|1503.7763932022501|0.0|0.0|0.0|QGRASS|QGRASS|1.0|1.0|0.0|0.0|1.28|grass|-|SG002406|-|1272|1|0|2051|QGRASS|-|1.0|1.0|0.0|0.0|0.0|QGRASS|-|1.0|1.0|0.0|0.0|-8.0|-8.0|0.0|0.0|504.0|504.0|504.0|504.0
UTNTSkyEdge_tntle_12121_0_terrain_1_1|12121|0|2|2032|2051|16544.0|1568.0|16608.0|1440.0|16576.4472135955|1504.2236067977499|0.0|0.0|0.0|QGRASS|QGRASS|1.0|1.0|0.0|0.0|1.28|grass|-|SG002402|-|1135|1|1|2051|QGRASS|-|1.0|1.0|0.0|0.0|0.0|QGRASS|-|1.0|1.0|0.0|0.0|-8.0|-8.0|0.0|0.0|504.0|504.0|504.0|504.0
UTNTSkyEdge_tntle_12122_0_terrain_1_0|12122|0|2|2032|2051|16608.0|1440.0|16608.0|1376.0|16607.5|1408.0|0.0|0.0|0.0|QGRASS|QGRASS|1.0|1.0|0.0|0.0|1.28|grass|-|SG002406|-|1272|1|0|2051|QGRASS|-|1.0|1.0|0.0|0.0|0.0|QGRASS|-|1.0|1.0|0.0|0.0|-8.0|-8.0|0.0|0.0|504.0|504.0|504.0|504.0
UTNTSkyEdge_tntle_12122_0_terrain_1_1|12122|0|2|2032|2051|16608.0|1440.0|16608.0|1376.0|16608.5|1408.0|0.0|0.0|0.0|QGRASS|QGRASS|1.0|1.0|0.0|0.0|1.28|grass|-|SG002402|-|1135|1|1|2051|QGRASS|-|1.0|1.0|0.0|0.0|0.0|QGRASS|-|1.0|1.0|0.0|0.0|-8.0|-8.0|0.0|0.0|504.0|504.0|504.0|504.0
UTNTSkyEdge_tntle_12123_0_terrain_1_0|12123|0|2|2033|2747|15874.0|611.0|15783.0|611.0|15828.5|611.5|0.0|0.0|0.0|QGRASS|QGRASS|1.0|1.0|0.0|0.0|1.28|grass|-|SG002407|-|1273|1|0|2747|QGRASS|-|1.0|1.0|0.0|0.0|0.0|QGRASS|-|1.0|1.0|0.0|0.0|-8.0|-8.0|0.0|0.0|504.0|504.0|504.0|504.0
UTNTSkyEdge_tntle_12123_0_terrain_1_1|12123|0|2|2033|2747|15874.0|611.0|15783.0|611.0|15828.5|610.5|0.0|0.0|0.0|QGRASS|QGRASS|1.0|1.0|0.0|0.0|1.28|grass|-|SG002401|-|1092|1|1|2747|QGRASS|-|1.0|1.0|0.0|0.0|0.0|QGRASS|-|1.0|1.0|0.0|0.0|-8.0|-8.0|0.0|0.0|504.0|504.0|504.0|504.0
UTNTSkyEdge_tntle_12124_0_terrain_1_0|12124|0|2|2033|2747|15783.0|611.0|15693.0|702.0|15738.355501298605|656.851594690929|0.0|0.0|0.0|QGRASS|QGRASS|1.0|1.0|0.0|0.0|1.28|grass|-|SG002407|-|1273|1|0|2747|QGRASS|-|1.0|1.0|0.0|0.0|0.0|QGRASS|-|1.0|1.0|0.0|0.0|-8.0|-8.0|0.0|0.0|504.0|504.0|504.0|504.0
UTNTSkyEdge_tntle_12124_0_terrain_1_1|12124|0|2|2033|2747|15783.0|611.0|15693.0|702.0|15737.644498701395|656.148405309071|0.0|0.0|0.0|QGRASS|QGRASS|1.0|1.0|0.0|0.0|1.28|grass|-|SG002401|-|1092|1|1|2747|QGRASS|-|1.0|1.0|0.0|0.0|0.0|QGRASS|-|1.0|1.0|0.0|0.0|-8.0|-8.0|0.0|0.0|504.0|504.0|504.0|504.0
UTNTSkyEdge_tntle_12125_0_terrain_1_0|12125|0|2|2033|2747|15693.0|702.0|15602.0|702.0|15647.5|702.5|0.0|0.0|0.0|QGRASS|QGRASS|1.0|1.0|0.0|0.0|1.28|grass|-|SG002407|-|1273|1|0|2747|QGRASS|-|1.0|1.0|0.0|0.0|0.0|QGRASS|-|1.0|1.0|0.0|0.0|-8.0|-8.0|0.0|0.0|504.0|504.0|504.0|504.0
UTNTSkyEdge_tntle_12125_0_terrain_1_1|12125|0|2|2033|2747|15693.0|702.0|15602.0|702.0|15647.5|701.5|0.0|0.0|0.0|QGRASS|QGRASS|1.0|1.0|0.0|0.0|1.28|grass|-|SG002401|-|1092|1|1|2747|QGRASS|-|1.0|1.0|0.0|0.0|0.0|QGRASS|-|1.0|1.0|0.0|0.0|-8.0|-8.0|0.0|0.0|504.0|504.0|504.0|504.0
UTNTSkyEdge_tntle_12126_0_terrain_1_0|12126|0|2|2033|2747|15602.0|702.0|15467.0|837.0|15534.853553390592|769.8535533905932|0.0|0.0|0.0|QGRASS|QGRASS|1.0|1.0|0.0|0.0|1.28|grass|-|SG002407|-|1273|1|0|2747|QGRASS|-|1.0|1.0|0.0|0.0|0.0|QGRASS|-|1.0|1.0|0.0|0.0|-8.0|-8.0|0.0|0.0|504.0|504.0|504.0|504.0
UTNTSkyEdge_tntle_12126_0_terrain_1_1|12126|0|2|2033|2747|15602.0|702.0|15467.0|837.0|15534.146446609408|769.1464466094068|0.0|0.0|0.0|QGRASS|QGRASS|1.0|1.0|0.0|0.0|1.28|grass|-|SG002401|-|1092|1|1|2747|QGRASS|-|1.0|1.0|0.0|0.0|0.0|QGRASS|-|1.0|1.0|0.0|0.0|-8.0|-8.0|0.0|0.0|504.0|504.0|504.0|504.0
UTNTSkyEdge_tntle_12127_0_terrain_1_0|12127|0|2|2033|2747|15467.0|837.0|15376.0|837.0|15421.5|837.5|0.0|0.0|0.0|QGRASS|QGRASS|1.0|1.0|0.0|0.0|1.28|grass|-|SG002407|-|1273|1|0|2747|QGRASS|-|1.0|1.0|0.0|0.0|0.0|QGRASS|-|1.0|1.0|0.0|0.0|-8.0|-8.0|0.0|0.0|504.0|504.0|504.0|504.0
UTNTSkyEdge_tntle_12127_0_terrain_1_1|12127|0|2|2033|2747|15467.0|837.0|15376.0|837.0|15421.5|836.5|0.0|0.0|0.0|QGRASS|QGRASS|1.0|1.0|0.0|0.0|1.28|grass|-|SG002401|-|1092|1|1|2747|QGRASS|-|1.0|1.0|0.0|0.0|0.0|QGRASS|-|1.0|1.0|0.0|0.0|-8.0|-8.0|0.0|0.0|504.0|504.0|504.0|504.0
UTNTSkyEdge_tntle_12128_0_terrain_1_0|12128|0|2|2033|2747|15376.0|837.0|15331.0|973.0|15353.974689529696|905.1570663885022|0.0|0.0|0.0|QGRASS|QGRASS|1.0|1.0|0.0|0.0|1.28|grass|-|SG002407|-|1273|1|0|2747|QGRASS|-|1.0|1.0|0.0|0.0|0.0|QGRASS|-|1.0|1.0|0.0|0.0|-8.0|-8.0|0.0|0.0|504.0|504.0|504.0|504.0
UTNTSkyEdge_tntle_12128_0_terrain_1_1|12128|0|2|2033|2747|15376.0|837.0|15331.0|973.0|15353.025310470304|904.8429336114978|0.0|0.0|0.0|QGRASS|QGRASS|1.0|1.0|0.0|0.0|1.28|grass|-|SG002401|-|1092|1|1|2747|QGRASS|-|1.0|1.0|0.0|0.0|0.0|QGRASS|-|1.0|1.0|0.0|0.0|-8.0|-8.0|0.0|0.0|504.0|504.0|504.0|504.0
UTNTSkyEdge_tntle_12129_0_terrain_1_0|12129|0|2|2033|2747|15331.0|973.0|15376.0|1109.0|15353.974689529696|1040.8429336114978|0.0|0.0|0.0|QGRASS|QGRASS|1.0|1.0|0.0|0.0|1.28|grass|-|SG002407|-|1273|1|0|2747|QGRASS|-|1.0|1.0|0.0|0.0|0.0|QGRASS|-|1.0|1.0|0.0|0.0|-8.0|-8.0|0.0|0.0|504.0|504.0|504.0|504.0
UTNTSkyEdge_tntle_12129_0_terrain_1_1|12129|0|2|2033|2747|15331.0|973.0|15376.0|1109.0|15353.025310470304|1041.1570663885022|0.0|0.0|0.0|QGRASS|QGRASS|1.0|1.0|0.0|0.0|1.28|grass|-|SG002401|-|1092|1|1|2747|QGRASS|-|1.0|1.0|0.0|0.0|0.0|QGRASS|-|1.0|1.0|0.0|0.0|-8.0|-8.0|0.0|0.0|504.0|504.0|504.0|504.0
UTNTSkyEdge_tntle_12130_0_terrain_1_0|12130|0|2|2033|2747|15376.0|1109.0|15467.0|1109.0|15421.5|1108.5|0.0|0.0|0.0|QGRASS|QGRASS|1.0|1.0|0.0|0.0|1.28|grass|-|SG002407|-|1273|1|0|2747|QGRASS|-|1.0|1.0|0.0|0.0|0.0|QGRASS|-|1.0|1.0|0.0|0.0|-8.0|-8.0|0.0|0.0|504.0|504.0|504.0|504.0
UTNTSkyEdge_tntle_12130_0_terrain_1_1|12130|0|2|2033|2747|15376.0|1109.0|15467.0|1109.0|15421.5|1109.5|0.0|0.0|0.0|QGRASS|QGRASS|1.0|1.0|0.0|0.0|1.28|grass|-|SG002401|-|1092|1|1|2747|QGRASS|-|1.0|1.0|0.0|0.0|0.0|QGRASS|-|1.0|1.0|0.0|0.0|-8.0|-8.0|0.0|0.0|504.0|504.0|504.0|504.0
UTNTSkyEdge_tntle_12131_0_terrain_1_0|12131|0|2|2033|2747|15467.0|1109.0|15467.0|1018.0|15466.5|1063.5|0.0|0.0|0.0|QGRASS|QGRASS|1.0|1.0|0.0|0.0|1.28|grass|-|SG002407|-|1273|1|0|2747|QGRASS|-|1.0|1.0|0.0|0.0|0.0|QGRASS|-|1.0|1.0|0.0|0.0|-8.0|-8.0|0.0|0.0|504.0|504.0|504.0|504.0
UTNTSkyEdge_tntle_12131_0_terrain_1_1|12131|0|2|2033|2747|15467.0|1109.0|15467.0|1018.0|15467.5|1063.5|0.0|0.0|0.0|QGRASS|QGRASS|1.0|1.0|0.0|0.0|1.28|grass|-|SG002401|-|1092|1|1|2747|QGRASS|-|1.0|1.0|0.0|0.0|0.0|QGRASS|-|1.0|1.0|0.0|0.0|-8.0|-8.0|0.0|0.0|504.0|504.0|504.0|504.0
UTNTSkyEdge_tntle_12132_0_terrain_1_0|12132|0|2|2033|2747|15467.0|1018.0|15648.0|928.0|15557.277383157676|972.5522927948828|0.0|0.0|0.0|QGRASS|QGRASS|1.0|1.0|0.0|0.0|1.28|grass|-|SG002407|-|1273|1|0|2747|QGRASS|-|1.0|1.0|0.0|0.0|0.0|QGRASS|-|1.0|1.0|0.0|0.0|-8.0|-8.0|0.0|0.0|504.0|504.0|504.0|504.0
UTNTSkyEdge_tntle_12132_0_terrain_1_1|12132|0|2|2033|2747|15467.0|1018.0|15648.0|928.0|15557.722616842324|973.4477072051172|0.0|0.0|0.0|QGRASS|QGRASS|1.0|1.0|0.0|0.0|1.28|grass|-|SG002401|-|1092|1|1|2747|QGRASS|-|1.0|1.0|0.0|0.0|0.0|QGRASS|-|1.0|1.0|0.0|0.0|-8.0|-8.0|0.0|0.0|504.0|504.0|504.0|504.0
UTNTSkyEdge_tntle_12133_0_terrain_1_0|12133|0|2|2033|2747|15648.0|928.0|15648.0|837.0|15647.5|882.5|0.0|0.0|0.0|QGRASS|QGRASS|1.0|1.0|0.0|0.0|1.28|grass|-|SG002407|-|1273|1|0|2747|QGRASS|-|1.0|1.0|0.0|0.0|0.0|QGRASS|-|1.0|1.0|0.0|0.0|-8.0|-8.0|0.0|0.0|504.0|504.0|504.0|504.0
UTNTSkyEdge_tntle_12133_0_terrain_1_1|12133|0|2|2033|2747|15648.0|928.0|15648.0|837.0|15648.5|882.5|0.0|0.0|0.0|QGRASS|QGRASS|1.0|1.0|0.0|0.0|1.28|grass|-|SG002401|-|1092|1|1|2747|QGRASS|-|1.0|1.0|0.0|0.0|0.0|QGRASS|-|1.0|1.0|0.0|0.0|-8.0|-8.0|0.0|0.0|504.0|504.0|504.0|504.0
UTNTSkyEdge_tntle_12134_0_terrain_1_0|12134|0|2|2033|2747|15648.0|837.0|15738.0|837.0|15693.0|836.5|0.0|0.0|0.0|QGRASS|QGRASS|1.0|1.0|0.0|0.0|1.28|grass|-|SG002407|-|1273|1|0|2747|QGRASS|-|1.0|1.0|0.0|0.0|0.0|QGRASS|-|1.0|1.0|0.0|0.0|-8.0|-8.0|0.0|0.0|504.0|504.0|504.0|504.0
UTNTSkyEdge_tntle_12134_0_terrain_1_1|12134|0|2|2033|2747|15648.0|837.0|15738.0|837.0|15693.0|837.5|0.0|0.0|0.0|QGRASS|QGRASS|1.0|1.0|0.0|0.0|1.28|grass|-|SG002401|-|1092|1|1|2747|QGRASS|-|1.0|1.0|0.0|0.0|0.0|QGRASS|-|1.0|1.0|0.0|0.0|-8.0|-8.0|0.0|0.0|504.0|504.0|504.0|504.0
UTNTSkyEdge_tntle_12135_0_terrain_1_0|12135|0|2|2033|2747|15738.0|837.0|15874.0|883.0|15806.160201939321|859.5263594837456|0.0|0.0|0.0|QGRASS|QGRASS|1.0|1.0|0.0|0.0|1.28|grass|-|SG002407|-|1273|1|0|2747|QGRASS|-|1.0|1.0|0.0|0.0|0.0|QGRASS|-|1.0|1.0|0.0|0.0|-8.0|-8.0|0.0|0.0|504.0|504.0|504.0|504.0
UTNTSkyEdge_tntle_12135_0_terrain_1_1|12135|0|2|2033|2747|15738.0|837.0|15874.0|883.0|15805.839798060679|860.4736405162544|0.0|0.0|0.0|QGRASS|QGRASS|1.0|1.0|0.0|0.0|1.28|grass|-|SG002401|-|1092|1|1|2747|QGRASS|-|1.0|1.0|0.0|0.0|0.0|QGRASS|-|1.0|1.0|0.0|0.0|-8.0|-8.0|0.0|0.0|504.0|504.0|504.0|504.0
UTNTSkyEdge_tntle_12136_0_terrain_1_0|12136|0|2|2033|2747|15874.0|883.0|15964.0|973.0|15919.353553390592|927.6464466094068|0.0|0.0|0.0|QGRASS|QGRASS|1.0|1.0|0.0|0.0|1.28|grass|-|SG002407|-|1273|1|0|2747|QGRASS|-|1.0|1.0|0.0|0.0|0.0|QGRASS|-|1.0|1.0|0.0|0.0|-8.0|-8.0|0.0|0.0|504.0|504.0|504.0|504.0
UTNTSkyEdge_tntle_12136_0_terrain_1_1|12136|0|2|2033|2747|15874.0|883.0|15964.0|973.0|15918.646446609408|928.3535533905932|0.0|0.0|0.0|QGRASS|QGRASS|1.0|1.0|0.0|0.0|1.28|grass|-|SG002401|-|1092|1|1|2747|QGRASS|-|1.0|1.0|0.0|0.0|0.0|QGRASS|-|1.0|1.0|0.0|0.0|-8.0|-8.0|0.0|0.0|504.0|504.0|504.0|504.0
UTNTSkyEdge_tntle_12137_0_terrain_1_0|12137|0|2|2033|2747|15964.0|973.0|16100.0|1018.0|16032.157066388503|995.0253104703041|0.0|0.0|0.0|QGRASS|QGRASS|1.0|1.0|0.0|0.0|1.28|grass|-|SG002407|-|1273|1|0|2747|QGRASS|-|1.0|1.0|0.0|0.0|0.0|QGRASS|-|1.0|1.0|0.0|0.0|-8.0|-8.0|0.0|0.0|504.0|504.0|504.0|504.0
UTNTSkyEdge_tntle_12137_0_terrain_1_1|12137|0|2|2033|2747|15964.0|973.0|16100.0|1018.0|16031.842933611497|995.9746895296959|0.0|0.0|0.0|QGRASS|QGRASS|1.0|1.0|0.0|0.0|1.28|grass|-|SG002401|-|1092|1|1|2747|QGRASS|-|1.0|1.0|0.0|0.0|0.0|QGRASS|-|1.0|1.0|0.0|0.0|-8.0|-8.0|0.0|0.0|504.0|504.0|504.0|504.0
UTNTSkyEdge_tntle_12138_0_terrain_1_0|12138|0|2|2033|2747|16100.0|1018.0|16236.0|973.0|16167.842933611497|995.0253104703041|0.0|0.0|0.0|QGRASS|QGRASS|1.0|1.0|0.0|0.0|1.28|grass|-|SG002407|-|1273|1|0|2747|QGRASS|-|1.0|1.0|0.0|0.0|0.0|QGRASS|-|1.0|1.0|0.0|0.0|-8.0|-8.0|0.0|0.0|504.0|504.0|504.0|504.0
UTNTSkyEdge_tntle_12138_0_terrain_1_1|12138|0|2|2033|2747|16100.0|1018.0|16236.0|973.0|16168.157066388503|995.9746895296959|0.0|0.0|0.0|QGRASS|QGRASS|1.0|1.0|0.0|0.0|1.28|grass|-|SG002401|-|1092|1|1|2747|QGRASS|-|1.0|1.0|0.0|0.0|0.0|QGRASS|-|1.0|1.0|0.0|0.0|-8.0|-8.0|0.0|0.0|504.0|504.0|504.0|504.0
UTNTSkyEdge_tntle_12139_0_terrain_1_0|12139|0|2|2033|2747|16236.0|973.0|16191.0|928.0|16213.146446609408|950.8535533905932|0.0|0.0|0.0|QGRASS|QGRASS|1.0|1.0|0.0|0.0|1.28|grass|-|SG002407|-|1273|1|0|2747|QGRASS|-|1.0|1.0|0.0|0.0|0.0|QGRASS|-|1.0|1.0|0.0|0.0|-8.0|-8.0|0.0|0.0|504.0|504.0|504.0|504.0
UTNTSkyEdge_tntle_12139_0_terrain_1_1|12139|0|2|2033|2747|16236.0|973.0|16191.0|928.0|16213.853553390592|950.1464466094068|0.0|0.0|0.0|QGRASS|QGRASS|1.0|1.0|0.0|0.0|1.28|grass|-|SG002401|-|1092|1|1|2747|QGRASS|-|1.0|1.0|0.0|0.0|0.0|QGRASS|-|1.0|1.0|0.0|0.0|-8.0|-8.0|0.0|0.0|504.0|504.0|504.0|504.0
UTNTSkyEdge_tntle_12140_0_terrain_1_0|12140|0|2|2033|2747|16191.0|928.0|16055.0|883.0|16122.842933611497|905.9746895296959|0.0|0.0|0.0|QGRASS|QGRASS|1.0|1.0|0.0|0.0|1.28|grass|-|SG002407|-|1273|1|0|2747|QGRASS|-|1.0|1.0|0.0|0.0|0.0|QGRASS|-|1.0|1.0|0.0|0.0|-8.0|-8.0|0.0|0.0|504.0|504.0|504.0|504.0
UTNTSkyEdge_tntle_12140_0_terrain_1_1|12140|0|2|2033|2747|16191.0|928.0|16055.0|883.0|16123.157066388503|905.0253104703041|0.0|0.0|0.0|QGRASS|QGRASS|1.0|1.0|0.0|0.0|1.28|grass|-|SG002401|-|1092|1|1|2747|QGRASS|-|1.0|1.0|0.0|0.0|0.0|QGRASS|-|1.0|1.0|0.0|0.0|-8.0|-8.0|0.0|0.0|504.0|504.0|504.0|504.0
UTNTSkyEdge_tntle_12141_0_terrain_1_0|12141|0|2|2033|2747|16055.0|883.0|15964.0|792.0|16009.146446609408|837.8535533905932|0.0|0.0|0.0|QGRASS|QGRASS|1.0|1.0|0.0|0.0|1.28|grass|-|SG002407|-|1273|1|0|2747|QGRASS|-|1.0|1.0|0.0|0.0|0.0|QGRASS|-|1.0|1.0|0.0|0.0|-8.0|-8.0|0.0|0.0|504.0|504.0|504.0|504.0
UTNTSkyEdge_tntle_12141_0_terrain_1_1|12141|0|2|2033|2747|16055.0|883.0|15964.0|792.0|16009.853553390592|837.1464466094068|0.0|0.0|0.0|QGRASS|QGRASS|1.0|1.0|0.0|0.0|1.28|grass|-|SG002401|-|1092|1|1|2747|QGRASS|-|1.0|1.0|0.0|0.0|0.0|QGRASS|-|1.0|1.0|0.0|0.0|-8.0|-8.0|0.0|0.0|504.0|504.0|504.0|504.0
UTNTSkyEdge_tntle_12142_0_terrain_1_0|12142|0|2|2033|2747|15964.0|792.0|15919.0|656.0|15941.025310470304|724.1570663885022|0.0|0.0|0.0|QGRASS|QGRASS|1.0|1.0|0.0|0.0|1.28|grass|-|SG002407|-|1273|1|0|2747|QGRASS|-|1.0|1.0|0.0|0.0|0.0|QGRASS|-|1.0|1.0|0.0|0.0|-8.0|-8.0|0.0|0.0|504.0|504.0|504.0|504.0
UTNTSkyEdge_tntle_12142_0_terrain_1_1|12142|0|2|2033|2747|15964.0|792.0|15919.0|656.0|15941.974689529696|723.8429336114978|0.0|0.0|0.0|QGRASS|QGRASS|1.0|1.0|0.0|0.0|1.28|grass|-|SG002401|-|1092|1|1|2747|QGRASS|-|1.0|1.0|0.0|0.0|0.0|QGRASS|-|1.0|1.0|0.0|0.0|-8.0|-8.0|0.0|0.0|504.0|504.0|504.0|504.0
UTNTSkyEdge_tntle_12143_0_terrain_1_0|12143|0|2|2033|2747|15919.0|656.0|15874.0|611.0|15896.146446609408|633.8535533905932|0.0|0.0|0.0|QGRASS|QGRASS|1.0|1.0|0.0|0.0|1.28|grass|-|SG002407|-|1273|1|0|2747|QGRASS|-|1.0|1.0|0.0|0.0|0.0|QGRASS|-|1.0|1.0|0.0|0.0|-8.0|-8.0|0.0|0.0|504.0|504.0|504.0|504.0
UTNTSkyEdge_tntle_12143_0_terrain_1_1|12143|0|2|2033|2747|15919.0|656.0|15874.0|611.0|15896.853553390592|633.1464466094068|0.0|0.0|0.0|QGRASS|QGRASS|1.0|1.0|0.0|0.0|1.28|grass|-|SG002401|-|1092|1|1|2747|QGRASS|-|1.0|1.0|0.0|0.0|0.0|QGRASS|-|1.0|1.0|0.0|0.0|-8.0|-8.0|0.0|0.0|504.0|504.0|504.0|504.0
UTNTSkyEdge_tntle_12144_0_terrain_1_0|12144|0|2|2034|2051|16427.0|1141.0|16491.0|1205.0|16459.353553390592|1172.6464466094067|0.0|0.0|0.0|QGRASS|QGRASS|1.0|1.0|0.0|0.0|1.28|grass|-|SG002408|-|1274|1|0|2051|QGRASS|-|1.0|1.0|0.0|0.0|0.0|QGRASS|-|1.0|1.0|0.0|0.0|-8.0|-8.0|0.0|0.0|504.0|504.0|504.0|504.0
UTNTSkyEdge_tntle_12144_0_terrain_1_1|12144|0|2|2034|2051|16427.0|1141.0|16491.0|1205.0|16458.646446609408|1173.3535533905933|0.0|0.0|0.0|QGRASS|QGRASS|1.0|1.0|0.0|0.0|1.28|grass|-|SG002402|-|1135|1|1|2051|QGRASS|-|1.0|1.0|0.0|0.0|0.0|QGRASS|-|1.0|1.0|0.0|0.0|-8.0|-8.0|0.0|0.0|504.0|504.0|504.0|504.0
UTNTSkyEdge_tntle_12145_0_terrain_1_0|12145|0|2|2034|2051|16491.0|1205.0|16619.0|1205.0|16555.0|1204.5|0.0|0.0|0.0|QGRASS|QGRASS|1.0|1.0|0.0|0.0|1.28|grass|-|SG002408|-|1274|1|0|2051|QGRASS|-|1.0|1.0|0.0|0.0|0.0|QGRASS|-|1.0|1.0|0.0|0.0|-8.0|-8.0|0.0|0.0|504.0|504.0|504.0|504.0
UTNTSkyEdge_tntle_12145_0_terrain_1_1|12145|0|2|2034|2051|16491.0|1205.0|16619.0|1205.0|16555.0|1205.5|0.0|0.0|0.0|QGRASS|QGRASS|1.0|1.0|0.0|0.0|1.28|grass|-|SG002402|-|1135|1|1|2051|QGRASS|-|1.0|1.0|0.0|0.0|0.0|QGRASS|-|1.0|1.0|0.0|0.0|-8.0|-8.0|0.0|0.0|504.0|504.0|504.0|504.0
UTNTSkyEdge_tntle_12146_0_terrain_1_0|12146|0|2|2034|2051|16619.0|1205.0|16683.0|1269.0|16651.353553390592|1236.6464466094067|0.0|0.0|0.0|QGRASS|QGRASS|1.0|1.0|0.0|0.0|1.28|grass|-|SG002408|-|1274|1|0|2051|QGRASS|-|1.0|1.0|0.0|0.0|0.0|QGRASS|-|1.0|1.0|0.0|0.0|-8.0|-8.0|0.0|0.0|504.0|504.0|504.0|504.0
UTNTSkyEdge_tntle_12146_0_terrain_1_1|12146|0|2|2034|2051|16619.0|1205.0|16683.0|1269.0|16650.646446609408|1237.3535533905933|0.0|0.0|0.0|QGRASS|QGRASS|1.0|1.0|0.0|0.0|1.28|grass|-|SG002402|-|1135|1|1|2051|QGRASS|-|1.0|1.0|0.0|0.0|0.0|QGRASS|-|1.0|1.0|0.0|0.0|-8.0|-8.0|0.0|0.0|504.0|504.0|504.0|504.0
UTNTSkyEdge_tntle_12147_0_terrain_1_0|12147|0|2|2034|2051|16683.0|1269.0|16875.0|1269.0|16779.0|1268.5|0.0|0.0|0.0|QGRASS|QGRASS|1.0|1.0|0.0|0.0|1.28|grass|-|SG002408|-|1274|1|0|2051|QGRASS|-|1.0|1.0|0.0|0.0|0.0|QGRASS|-|1.0|1.0|0.0|0.0|-8.0|-8.0|0.0|0.0|504.0|504.0|504.0|504.0
UTNTSkyEdge_tntle_12147_0_terrain_1_1|12147|0|2|2034|2051|16683.0|1269.0|16875.0|1269.0|16779.0|1269.5|0.0|0.0|0.0|QGRASS|QGRASS|1.0|1.0|0.0|0.0|1.28|grass|-|SG002402|-|1135|1|1|2051|QGRASS|-|1.0|1.0|0.0|0.0|0.0|QGRASS|-|1.0|1.0|0.0|0.0|-8.0|-8.0|0.0|0.0|504.0|504.0|504.0|504.0
UTNTSkyEdge_tntle_12148_0_terrain_1_0|12148|0|2|2034|2051|16875.0|1269.0|16939.0|1333.0|16907.353553390592|1300.6464466094067|0.0|0.0|0.0|QGRASS|QGRASS|1.0|1.0|0.0|0.0|1.28|grass|-|SG002408|-|1274|1|0|2051|QGRASS|-|1.0|1.0|0.0|0.0|0.0|QGRASS|-|1.0|1.0|0.0|0.0|-8.0|-8.0|0.0|0.0|504.0|504.0|504.0|504.0
UTNTSkyEdge_tntle_12148_0_terrain_1_1|12148|0|2|2034|2051|16875.0|1269.0|16939.0|1333.0|16906.646446609408|1301.3535533905933|0.0|0.0|0.0|QGRASS|QGRASS|1.0|1.0|0.0|0.0|1.28|grass|-|SG002402|-|1135|1|1|2051|QGRASS|-|1.0|1.0|0.0|0.0|0.0|QGRASS|-|1.0|1.0|0.0|0.0|-8.0|-8.0|0.0|0.0|504.0|504.0|504.0|504.0
UTNTSkyEdge_tntle_12149_0_terrain_1_0|12149|0|2|2034|2051|16939.0|1333.0|17067.0|1269.0|17002.77639320225|1300.5527864045|0.0|0.0|0.0|QGRASS|QGRASS|1.0|1.0|0.0|0.0|1.28|grass|-|SG002408|-|1274|1|0|2051|QGRASS|-|1.0|1.0|0.0|0.0|0.0|QGRASS|-|1.0|1.0|0.0|0.0|-8.0|-8.0|0.0|0.0|504.0|504.0|504.0|504.0
UTNTSkyEdge_tntle_12149_0_terrain_1_1|12149|0|2|2034|2051|16939.0|1333.0|17067.0|1269.0|17003.22360679775|1301.4472135955|0.0|0.0|0.0|QGRASS|QGRASS|1.0|1.0|0.0|0.0|1.28|grass|-|SG002402|-|1135|1|1|2051|QGRASS|-|1.0|1.0|0.0|0.0|0.0|QGRASS|-|1.0|1.0|0.0|0.0|-8.0|-8.0|0.0|0.0|504.0|504.0|504.0|504.0
UTNTSkyEdge_tntle_12150_0_terrain_1_0|12150|0|2|2034|2051|17067.0|1269.0|17131.0|1141.0|17098.5527864045|1204.7763932022501|0.0|0.0|0.0|QGRASS|QGRASS|1.0|1.0|0.0|0.0|1.28|grass|-|SG002408|-|1274|1|0|2051|QGRASS|-|1.0|1.0|0.0|0.0|0.0|QGRASS|-|1.0|1.0|0.0|0.0|-8.0|-8.0|0.0|0.0|504.0|504.0|504.0|504.0
UTNTSkyEdge_tntle_12150_0_terrain_1_1|12150|0|2|2034|2051|17067.0|1269.0|17131.0|1141.0|17099.4472135955|1205.2236067977499|0.0|0.0|0.0|QGRASS|QGRASS|1.0|1.0|0.0|0.0|1.28|grass|-|SG002402|-|1135|1|1|2051|QGRASS|-|1.0|1.0|0.0|0.0|0.0|QGRASS|-|1.0|1.0|0.0|0.0|-8.0|-8.0|0.0|0.0|504.0|504.0|504.0|504.0
UTNTSkyEdge_tntle_12151_0_terrain_1_0|12151|0|2|2034|2051|17131.0|1141.0|17067.0|1077.0|17098.646446609408|1109.3535533905933|0.0|0.0|0.0|QGRASS|QGRASS|1.0|1.0|0.0|0.0|1.28|grass|-|SG002408|-|1274|1|0|2051|QGRASS|-|1.0|1.0|0.0|0.0|0.0|QGRASS|-|1.0|1.0|0.0|0.0|-8.0|-8.0|0.0|0.0|504.0|504.0|504.0|504.0
UTNTSkyEdge_tntle_12151_0_terrain_1_1|12151|0|2|2034|2051|17131.0|1141.0|17067.0|1077.0|17099.353553390592|1108.6464466094067|0.0|0.0|0.0|QGRASS|QGRASS|1.0|1.0|0.0|0.0|1.28|grass|-|SG002402|-|1135|1|1|2051|QGRASS|-|1.0|1.0|0.0|0.0|0.0|QGRASS|-|1.0|1.0|0.0|0.0|-8.0|-8.0|0.0|0.0|504.0|504.0|504.0|504.0
UTNTSkyEdge_tntle_12152_0_terrain_1_0|12152|0|2|2034|2051|17067.0|1077.0|17003.0|1141.0|17035.353553390592|1109.3535533905933|0.0|0.0|0.0|QGRASS|QGRASS|1.0|1.0|0.0|0.0|1.28|grass|-|SG002408|-|1274|1|0|2051|QGRASS|-|1.0|1.0|0.0|0.0|0.0|QGRASS|-|1.0|1.0|0.0|0.0|-8.0|-8.0|0.0|0.0|504.0|504.0|504.0|504.0
UTNTSkyEdge_tntle_12152_0_terrain_1_1|12152|0|2|2034|2051|17067.0|1077.0|17003.0|1141.0|17034.646446609408|1108.6464466094067|0.0|0.0|0.0|QGRASS|QGRASS|1.0|1.0|0.0|0.0|1.28|grass|-|SG002402|-|1135|1|1|2051|QGRASS|-|1.0|1.0|0.0|0.0|0.0|QGRASS|-|1.0|1.0|0.0|0.0|-8.0|-8.0|0.0|0.0|504.0|504.0|504.0|504.0
UTNTSkyEdge_tntle_12153_0_terrain_1_0|12153|0|2|2034|2051|17003.0|1141.0|16811.0|1077.0|16906.841886116992|1109.4743416490253|0.0|0.0|0.0|QGRASS|QGRASS|1.0|1.0|0.0|0.0|1.28|grass|-|SG002408|-|1274|1|0|2051|QGRASS|-|1.0|1.0|0.0|0.0|0.0|QGRASS|-|1.0|1.0|0.0|0.0|-8.0|-8.0|0.0|0.0|504.0|504.0|504.0|504.0
UTNTSkyEdge_tntle_12153_0_terrain_1_1|12153|0|2|2034|2051|17003.0|1141.0|16811.0|1077.0|16907.158113883008|1108.5256583509747|0.0|0.0|0.0|QGRASS|QGRASS|1.0|1.0|0.0|0.0|1.28|grass|-|SG002402|-|1135|1|1|2051|QGRASS|-|1.0|1.0|0.0|0.0|0.0|QGRASS|-|1.0|1.0|0.0|0.0|-8.0|-8.0|0.0|0.0|504.0|504.0|504.0|504.0
UTNTSkyEdge_tntle_12154_0_terrain_1_0|12154|0|2|2034|2051|16811.0|1077.0|16747.0|1141.0|16779.353553390592|1109.3535533905933|0.0|0.0|0.0|QGRASS|QGRASS|1.0|1.0|0.0|0.0|1.28|grass|-|SG002408|-|1274|1|0|2051|QGRASS|-|1.0|1.0|0.0|0.0|0.0|QGRASS|-|1.0|1.0|0.0|0.0|-8.0|-8.0|0.0|0.0|504.0|504.0|504.0|504.0
UTNTSkyEdge_tntle_12154_0_terrain_1_1|12154|0|2|2034|2051|16811.0|1077.0|16747.0|1141.0|16778.646446609408|1108.6464466094067|0.0|0.0|0.0|QGRASS|QGRASS|1.0|1.0|0.0|0.0|1.28|grass|-|SG002402|-|1135|1|1|2051|QGRASS|-|1.0|1.0|0.0|0.0|0.0|QGRASS|-|1.0|1.0|0.0|0.0|-8.0|-8.0|0.0|0.0|504.0|504.0|504.0|504.0
UTNTSkyEdge_tntle_12155_0_terrain_1_0|12155|0|2|2034|2051|16747.0|1141.0|16683.0|1077.0|16714.646446609408|1109.3535533905933|0.0|0.0|0.0|QGRASS|QGRASS|1.0|1.0|0.0|0.0|1.28|grass|-|SG002408|-|1274|1|0|2051|QGRASS|-|1.0|1.0|0.0|0.0|0.0|QGRASS|-|1.0|1.0|0.0|0.0|-8.0|-8.0|0.0|0.0|504.0|504.0|504.0|504.0
UTNTSkyEdge_tntle_12155_0_terrain_1_1|12155|0|2|2034|2051|16747.0|1141.0|16683.0|1077.0|16715.353553390592|1108.6464466094067|0.0|0.0|0.0|QGRASS|QGRASS|1.0|1.0|0.0|0.0|1.28|grass|-|SG002402|-|1135|1|1|2051|QGRASS|-|1.0|1.0|0.0|0.0|0.0|QGRASS|-|1.0|1.0|0.0|0.0|-8.0|-8.0|0.0|0.0|504.0|504.0|504.0|504.0
UTNTSkyEdge_tntle_12156_0_terrain_1_0|12156|0|2|2034|2051|16683.0|1077.0|16619.0|949.0|16650.5527864045|1013.22360679775|0.0|0.0|0.0|QGRASS|QGRASS|1.0|1.0|0.0|0.0|1.28|grass|-|SG002408|-|1274|1|0|2051|QGRASS|-|1.0|1.0|0.0|0.0|0.0|QGRASS|-|1.0|1.0|0.0|0.0|-8.0|-8.0|0.0|0.0|504.0|504.0|504.0|504.0
UTNTSkyEdge_tntle_12156_0_terrain_1_1|12156|0|2|2034|2051|16683.0|1077.0|16619.0|949.0|16651.4472135955|1012.77639320225|0.0|0.0|0.0|QGRASS|QGRASS|1.0|1.0|0.0|0.0|1.28|grass|-|SG002402|-|1135|1|1|2051|QGRASS|-|1.0|1.0|0.0|0.0|0.0|QGRASS|-|1.0|1.0|0.0|0.0|-8.0|-8.0|0.0|0.0|504.0|504.0|504.0|504.0
UTNTSkyEdge_tntle_12157_0_terrain_1_0|12157|0|2|2034|2051|16619.0|949.0|16619.0|821.0|16618.5|885.0|0.0|0.0|0.0|QGRASS|QGRASS|1.0|1.0|0.0|0.0|1.28|grass|-|SG002408|-|1274|1|0|2051|QGRASS|-|1.0|1.0|0.0|0.0|0.0|QGRASS|-|1.0|1.0|0.0|0.0|-8.0|-8.0|0.0|0.0|504.0|504.0|504.0|504.0
UTNTSkyEdge_tntle_12157_0_terrain_1_1|12157|0|2|2034|2051|16619.0|949.0|16619.0|821.0|16619.5|885.0|0.0|0.0|0.0|QGRASS|QGRASS|1.0|1.0|0.0|0.0|1.28|grass|-|SG002402|-|1135|1|1|2051|QGRASS|-|1.0|1.0|0.0|0.0|0.0|QGRASS|-|1.0|1.0|0.0|0.0|-8.0|-8.0|0.0|0.0|504.0|504.0|504.0|504.0
UTNTSkyEdge_tntle_12158_0_terrain_1_0|12158|0|2|2034|2051|16619.0|821.0|16555.0|693.0|16586.5527864045|757.22360679775|0.0|0.0|0.0|QGRASS|QGRASS|1.0|1.0|0.0|0.0|1.28|grass|-|SG002408|-|1274|1|0|2051|QGRASS|-|1.0|1.0|0.0|0.0|0.0|QGRASS|-|1.0|1.0|0.0|0.0|-8.0|-8.0|0.0|0.0|504.0|504.0|504.0|504.0
UTNTSkyEdge_tntle_12158_0_terrain_1_1|12158|0|2|2034|2051|16619.0|821.0|16555.0|693.0|16587.4472135955|756.77639320225|0.0|0.0|0.0|QGRASS|QGRASS|1.0|1.0|0.0|0.0|1.28|grass|-|SG002402|-|1135|1|1|2051|QGRASS|-|1.0|1.0|0.0|0.0|0.0|QGRASS|-|1.0|1.0|0.0|0.0|-8.0|-8.0|0.0|0.0|504.0|504.0|504.0|504.0
UTNTSkyEdge_tntle_12159_0_terrain_1_0|12159|0|2|2034|2051|16555.0|693.0|16427.0|629.0|16490.77639320225|661.4472135955|0.0|0.0|0.0|QGRASS|QGRASS|1.0|1.0|0.0|0.0|1.28|grass|-|SG002408|-|1274|1|0|2051|QGRASS|-|1.0|1.0|0.0|0.0|0.0|QGRASS|-|1.0|1.0|0.0|0.0|-8.0|-8.0|0.0|0.0|504.0|504.0|504.0|504.0
UTNTSkyEdge_tntle_12159_0_terrain_1_1|12159|0|2|2034|2051|16555.0|693.0|16427.0|629.0|16491.22360679775|660.5527864045|0.0|0.0|0.0|QGRASS|QGRASS|1.0|1.0|0.0|0.0|1.28|grass|-|SG002402|-|1135|1|1|2051|QGRASS|-|1.0|1.0|0.0|0.0|0.0|QGRASS|-|1.0|1.0|0.0|0.0|-8.0|-8.0|0.0|0.0|504.0|504.0|504.0|504.0
UTNTSkyEdge_tntle_12160_0_terrain_1_0|12160|0|2|2034|2051|16427.0|629.0|16427.0|693.0|16427.5|661.0|0.0|0.0|0.0|QGRASS|QGRASS|1.0|1.0|0.0|0.0|1.28|grass|-|SG002408|-|1274|1|0|2051|QGRASS|-|1.0|1.0|0.0|0.0|0.0|QGRASS|-|1.0|1.0|0.0|0.0|-8.0|-8.0|0.0|0.0|504.0|504.0|504.0|504.0
UTNTSkyEdge_tntle_12160_0_terrain_1_1|12160|0|2|2034|2051|16427.0|629.0|16427.0|693.0|16426.5|661.0|0.0|0.0|0.0|QGRASS|QGRASS|1.0|1.0|0.0|0.0|1.28|grass|-|SG002402|-|1135|1|1|2051|QGRASS|-|1.0|1.0|0.0|0.0|0.0|QGRASS|-|1.0|1.0|0.0|0.0|-8.0|-8.0|0.0|0.0|504.0|504.0|504.0|504.0
UTNTSkyEdge_tntle_12161_0_terrain_1_0|12161|0|2|2034|2051|16427.0|693.0|16491.0|821.0|16459.4472135955|756.77639320225|0.0|0.0|0.0|QGRASS|QGRASS|1.0|1.0|0.0|0.0|1.28|grass|-|SG002408|-|1274|1|0|2051|QGRASS|-|1.0|1.0|0.0|0.0|0.0|QGRASS|-|1.0|1.0|0.0|0.0|-8.0|-8.0|0.0|0.0|504.0|504.0|504.0|504.0
UTNTSkyEdge_tntle_12161_0_terrain_1_1|12161|0|2|2034|2051|16427.0|693.0|16491.0|821.0|16458.5527864045|757.22360679775|0.0|0.0|0.0|QGRASS|QGRASS|1.0|1.0|0.0|0.0|1.28|grass|-|SG002402|-|1135|1|1|2051|QGRASS|-|1.0|1.0|0.0|0.0|0.0|QGRASS|-|1.0|1.0|0.0|0.0|-8.0|-8.0|0.0|0.0|504.0|504.0|504.0|504.0
UTNTSkyEdge_tntle_12162_0_terrain_1_0|12162|0|2|2034|2051|16491.0|821.0|16491.0|949.0|16491.5|885.0|0.0|0.0|0.0|QGRASS|QGRASS|1.0|1.0|0.0|0.0|1.28|grass|-|SG002408|-|1274|1|0|2051|QGRASS|-|1.0|1.0|0.0|0.0|0.0|QGRASS|-|1.0|1.0|0.0|0.0|-8.0|-8.0|0.0|0.0|504.0|504.0|504.0|504.0
UTNTSkyEdge_tntle_12162_0_terrain_1_1|12162|0|2|2034|2051|16491.0|821.0|16491.0|949.0|16490.5|885.0|0.0|0.0|0.0|QGRASS|QGRASS|1.0|1.0|0.0|0.0|1.28|grass|-|SG002402|-|1135|1|1|2051|QGRASS|-|1.0|1.0|0.0|0.0|0.0|QGRASS|-|1.0|1.0|0.0|0.0|-8.0|-8.0|0.0|0.0|504.0|504.0|504.0|504.0
UTNTSkyEdge_tntle_12163_0_terrain_1_0|12163|0|2|2034|2051|16491.0|949.0|16427.0|1077.0|16459.4472135955|1013.22360679775|0.0|0.0|0.0|QGRASS|QGRASS|1.0|1.0|0.0|0.0|1.28|grass|-|SG002408|-|1274|1|0|2051|QGRASS|-|1.0|1.0|0.0|0.0|0.0|QGRASS|-|1.0|1.0|0.0|0.0|-8.0|-8.0|0.0|0.0|504.0|504.0|504.0|504.0
UTNTSkyEdge_tntle_12163_0_terrain_1_1|12163|0|2|2034|2051|16491.0|949.0|16427.0|1077.0|16458.5527864045|1012.77639320225|0.0|0.0|0.0|QGRASS|QGRASS|1.0|1.0|0.0|0.0|1.28|grass|-|SG002402|-|1135|1|1|2051|QGRASS|-|1.0|1.0|0.0|0.0|0.0|QGRASS|-|1.0|1.0|0.0|0.0|-8.0|-8.0|0.0|0.0|504.0|504.0|504.0|504.0
UTNTSkyEdge_tntle_12164_0_terrain_1_0|12164|0|2|2034|2051|16427.0|1077.0|16427.0|1141.0|16427.5|1109.0|0.0|0.0|0.0|QGRASS|QGRASS|1.0|1.0|0.0|0.0|1.28|grass|-|SG002408|-|1274|1|0|2051|QGRASS|-|1.0|1.0|0.0|0.0|0.0|QGRASS|-|1.0|1.0|0.0|0.0|-8.0|-8.0|0.0|0.0|504.0|504.0|504.0|504.0
UTNTSkyEdge_tntle_12164_0_terrain_1_1|12164|0|2|2034|2051|16427.0|1077.0|16427.0|1141.0|16426.5|1109.0|0.0|0.0|0.0|QGRASS|QGRASS|1.0|1.0|0.0|0.0|1.28|grass|-|SG002402|-|1135|1|1|2051|QGRASS|-|1.0|1.0|0.0|0.0|0.0|QGRASS|-|1.0|1.0|0.0|0.0|-8.0|-8.0|0.0|0.0|504.0|504.0|504.0|504.0
UTNTSkyEdge_tntle_12165_0_terrain_1_0|12165|0|2|2036|2748|17161.0|1906.0|17252.0|1906.0|17206.5|1905.5|0.0|0.0|0.0|QGRASS|QGRASS|1.0|1.0|0.0|0.0|1.28|grass|-|SG002409|-|1275|1|0|2748|QGRASS|-|1.0|1.0|0.0|0.0|0.0|QGRASS|-|1.0|1.0|0.0|0.0|-8.0|-8.0|0.0|0.0|504.0|504.0|504.0|504.0
UTNTSkyEdge_tntle_12165_0_terrain_1_1|12165|0|2|2036|2748|17161.0|1906.0|17252.0|1906.0|17206.5|1906.5|0.0|0.0|0.0|QGRASS|QGRASS|1.0|1.0|0.0|0.0|1.28|grass|-|SG002403|-|1095|1|1|2748|QGRASS|-|1.0|1.0|0.0|0.0|0.0|QGRASS|-|1.0|1.0|0.0|0.0|-8.0|-8.0|0.0|0.0|504.0|504.0|504.0|504.0
UTNTSkyEdge_tntle_12166_0_terrain_1_0|12166|0|2|2036|2748|17252.0|1906.0|17342.0|1815.0|17296.644498701393|1860.148405309071|0.0|0.0|0.0|QGRASS|QGRASS|1.0|1.0|0.0|0.0|1.28|grass|-|SG002409|-|1275|1|0|2748|QGRASS|-|1.0|1.0|0.0|0.0|0.0|QGRASS|-|1.0|1.0|0.0|0.0|-8.0|-8.0|0.0|0.0|504.0|504.0|504.0|504.0
UTNTSkyEdge_tntle_12166_0_terrain_1_1|12166|0|2|2036|2748|17252.0|1906.0|17342.0|1815.0|17297.355501298607|1860.851594690929|0.0|0.0|0.0|QGRASS|QGRASS|1.0|1.0|0.0|0.0|1.28|grass|-|SG002403|-|1095|1|1|2748|QGRASS|-|1.0|1.0|0.0|0.0|0.0|QGRASS|-|1.0|1.0|0.0|0.0|-8.0|-8.0|0.0|0.0|504.0|504.0|504.0|504.0
UTNTSkyEdge_tntle_12167_0_terrain_1_0|12167|0|2|2036|2748|17342.0|1815.0|17433.0|1815.0|17387.5|1814.5|0.0|0.0|0.0|QGRASS|QGRASS|1.0|1.0|0.0|0.0|1.28|grass|-|SG002409|-|1275|1|0|2748|QGRASS|-|1.0|1.0|0.0|0.0|0.0|QGRASS|-|1.0|1.0|0.0|0.0|-8.0|-8.0|0.0|0.0|504.0|504.0|504.0|504.0
UTNTSkyEdge_tntle_12167_0_terrain_1_1|12167|0|2|2036|2748|17342.0|1815.0|17433.0|1815.0|17387.5|1815.5|0.0|0.0|0.0|QGRASS|QGRASS|1.0|1.0|0.0|0.0|1.28|grass|-|SG002403|-|1095|1|1|2748|QGRASS|-|1.0|1.0|0.0|0.0|0.0|QGRASS|-|1.0|1.0|0.0|0.0|-8.0|-8.0|0.0|0.0|504.0|504.0|504.0|504.0
UTNTSkyEdge_tntle_12168_0_terrain_1_0|12168|0|2|2036|2748|17433.0|1815.0|17568.0|1680.0|17500.146446609408|1747.1464466094067|0.0|0.0|0.0|QGRASS|QGRASS|1.0|1.0|0.0|0.0|1.28|grass|-|SG002409|-|1275|1|0|2748|QGRASS|-|1.0|1.0|0.0|0.0|0.0|QGRASS|-|1.0|1.0|0.0|0.0|-8.0|-8.0|0.0|0.0|504.0|504.0|504.0|504.0
UTNTSkyEdge_tntle_12168_0_terrain_1_1|12168|0|2|2036|2748|17433.0|1815.0|17568.0|1680.0|17500.853553390592|1747.8535533905933|0.0|0.0|0.0|QGRASS|QGRASS|1.0|1.0|0.0|0.0|1.28|grass|-|SG002403|-|1095|1|1|2748|QGRASS|-|1.0|1.0|0.0|0.0|0.0|QGRASS|-|1.0|1.0|0.0|0.0|-8.0|-8.0|0.0|0.0|504.0|504.0|504.0|504.0
UTNTSkyEdge_tntle_12169_0_terrain_1_0|12169|0|2|2036|2748|17568.0|1680.0|17659.0|1680.0|17613.5|1679.5|0.0|0.0|0.0|QGRASS|QGRASS|1.0|1.0|0.0|0.0|1.28|grass|-|SG002409|-|1275|1|0|2748|QGRASS|-|1.0|1.0|0.0|0.0|0.0|QGRASS|-|1.0|1.0|0.0|0.0|-8.0|-8.0|0.0|0.0|504.0|504.0|504.0|504.0
UTNTSkyEdge_tntle_12169_0_terrain_1_1|12169|0|2|2036|2748|17568.0|1680.0|17659.0|1680.0|17613.5|1680.5|0.0|0.0|0.0|QGRASS|QGRASS|1.0|1.0|0.0|0.0|1.28|grass|-|SG002403|-|1095|1|1|2748|QGRASS|-|1.0|1.0|0.0|0.0|0.0|QGRASS|-|1.0|1.0|0.0|0.0|-8.0|-8.0|0.0|0.0|504.0|504.0|504.0|504.0
UTNTSkyEdge_tntle_12170_0_terrain_1_0|12170|0|2|2036|2748|17659.0|1680.0|17704.0|1544.0|17681.025310470304|1611.8429336114978|0.0|0.0|0.0|QGRASS|QGRASS|1.0|1.0|0.0|0.0|1.28|grass|-|SG002409|-|1275|1|0|2748|QGRASS|-|1.0|1.0|0.0|0.0|0.0|QGRASS|-|1.0|1.0|0.0|0.0|-8.0|-8.0|0.0|0.0|504.0|504.0|504.0|504.0
UTNTSkyEdge_tntle_12170_0_terrain_1_1|12170|0|2|2036|2748|17659.0|1680.0|17704.0|1544.0|17681.974689529696|1612.1570663885022|0.0|0.0|0.0|QGRASS|QGRASS|1.0|1.0|0.0|0.0|1.28|grass|-|SG002403|-|1095|1|1|2748|QGRASS|-|1.0|1.0|0.0|0.0|0.0|QGRASS|-|1.0|1.0|0.0|0.0|-8.0|-8.0|0.0|0.0|504.0|504.0|504.0|504.0
UTNTSkyEdge_tntle_12171_0_terrain_1_0|12171|0|2|2036|2748|17704.0|1544.0|17659.0|1408.0|17681.025310470304|1476.1570663885022|0.0|0.0|0.0|QGRASS|QGRASS|1.0|1.0|0.0|0.0|1.28|grass|-|SG002409|-|1275|1|0|2748|QGRASS|-|1.0|1.0|0.0|0.0|0.0|QGRASS|-|1.0|1.0|0.0|0.0|-8.0|-8.0|0.0|0.0|504.0|504.0|504.0|504.0
UTNTSkyEdge_tntle_12171_0_terrain_1_1|12171|0|2|2036|2748|17704.0|1544.0|17659.0|1408.0|17681.974689529696|1475.8429336114978|0.0|0.0|0.0|QGRASS|QGRASS|1.0|1.0|0.0|0.0|1.28|grass|-|SG002403|-|1095|1|1|2748|QGRASS|-|1.0|1.0|0.0|0.0|0.0|QGRASS|-|1.0|1.0|0.0|0.0|-8.0|-8.0|0.0|0.0|504.0|504.0|504.0|504.0
UTNTSkyEdge_tntle_12172_0_terrain_1_0|12172|0|2|2036|2748|17659.0|1408.0|17568.0|1408.0|17613.5|1408.5|0.0|0.0|0.0|QGRASS|QGRASS|1.0|1.0|0.0|0.0|1.28|grass|-|SG002409|-|1275|1|0|2748|QGRASS|-|1.0|1.0|0.0|0.0|0.0|QGRASS|-|1.0|1.0|0.0|0.0|-8.0|-8.0|0.0|0.0|504.0|504.0|504.0|504.0
UTNTSkyEdge_tntle_12172_0_terrain_1_1|12172|0|2|2036|2748|17659.0|1408.0|17568.0|1408.0|17613.5|1407.5|0.0|0.0|0.0|QGRASS|QGRASS|1.0|1.0|0.0|0.0|1.28|grass|-|SG002403|-|1095|1|1|2748|QGRASS|-|1.0|1.0|0.0|0.0|0.0|QGRASS|-|1.0|1.0|0.0|0.0|-8.0|-8.0|0.0|0.0|504.0|504.0|504.0|504.0
UTNTSkyEdge_tntle_12173_0_terrain_1_0|12173|0|2|2036|2748|17568.0|1408.0|17568.0|1499.0|17568.5|1453.5|0.0|0.0|0.0|QGRASS|QGRASS|1.0|1.0|0.0|0.0|1.28|grass|-|SG002409|-|1275|1|0|2748|QGRASS|-|1.0|1.0|0.0|0.0|0.0|QGRASS|-|1.0|1.0|0.0|0.0|-8.0|-8.0|0.0|0.0|504.0|504.0|504.0|504.0
UTNTSkyEdge_tntle_12173_0_terrain_1_1|12173|0|2|2036|2748|17568.0|1408.0|17568.0|1499.0|17567.5|1453.5|0.0|0.0|0.0|QGRASS|QGRASS|1.0|1.0|0.0|0.0|1.28|grass|-|SG002403|-|1095|1|1|2748|QGRASS|-|1.0|1.0|0.0|0.0|0.0|QGRASS|-|1.0|1.0|0.0|0.0|-8.0|-8.0|0.0|0.0|504.0|504.0|504.0|504.0
UTNTSkyEdge_tntle_12174_0_terrain_1_0|12174|0|2|2036|2748|17568.0|1499.0|17387.0|1589.0|17477.722616842322|1544.4477072051172|0.0|0.0|0.0|QGRASS|QGRASS|1.0|1.0|0.0|0.0|1.28|grass|-|SG002409|-|1275|1|0|2748|QGRASS|-|1.0|1.0|0.0|0.0|0.0|QGRASS|-|1.0|1.0|0.0|0.0|-8.0|-8.0|0.0|0.0|504.0|504.0|504.0|504.0
UTNTSkyEdge_tntle_12174_0_terrain_1_1|12174|0|2|2036|2748|17568.0|1499.0|17387.0|1589.0|17477.277383157678|1543.5522927948828|0.0|0.0|0.0|QGRASS|QGRASS|1.0|1.0|0.0|0.0|1.28|grass|-|SG002403|-|1095|1|1|2748|QGRASS|-|1.0|1.0|0.0|0.0|0.0|QGRASS|-|1.0|1.0|0.0|0.0|-8.0|-8.0|0.0|0.0|504.0|504.0|504.0|504.0
UTNTSkyEdge_tntle_12175_0_terrain_1_0|12175|0|2|2036|2748|17387.0|1589.0|17387.0|1680.0|17387.5|1634.5|0.0|0.0|0.0|QGRASS|QGRASS|1.0|1.0|0.0|0.0|1.28|grass|-|SG002409|-|1275|1|0|2748|QGRASS|-|1.0|1.0|0.0|0.0|0.0|QGRASS|-|1.0|1.0|0.0|0.0|-8.0|-8.0|0.0|0.0|504.0|504.0|504.0|504.0
UTNTSkyEdge_tntle_12175_0_terrain_1_1|12175|0|2|2036|2748|17387.0|1589.0|17387.0|1680.0|17386.5|1634.5|0.0|0.0|0.0|QGRASS|QGRASS|1.0|1.0|0.0|0.0|1.28|grass|-|SG002403|-|1095|1|1|2748|QGRASS|-|1.0|1.0|0.0|0.0|0.0|QGRASS|-|1.0|1.0|0.0|0.0|-8.0|-8.0|0.0|0.0|504.0|504.0|504.0|504.0
UTNTSkyEdge_tntle_12176_0_terrain_1_0|12176|0|2|2036|2748|17387.0|1680.0|17297.0|1680.0|17342.0|1680.5|0.0|0.0|0.0|QGRASS|QGRASS|1.0|1.0|0.0|0.0|1.28|grass|-|SG002409|-|1275|1|0|2748|QGRASS|-|1.0|1.0|0.0|0.0|0.0|QGRASS|-|1.0|1.0|0.0|0.0|-8.0|-8.0|0.0|0.0|504.0|504.0|504.0|504.0
UTNTSkyEdge_tntle_12176_0_terrain_1_1|12176|0|2|2036|2748|17387.0|1680.0|17297.0|1680.0|17342.0|1679.5|0.0|0.0|0.0|QGRASS|QGRASS|1.0|1.0|0.0|0.0|1.28|grass|-|SG002403|-|1095|1|1|2748|QGRASS|-|1.0|1.0|0.0|0.0|0.0|QGRASS|-|1.0|1.0|0.0|0.0|-8.0|-8.0|0.0|0.0|504.0|504.0|504.0|504.0
UTNTSkyEdge_tntle_12177_0_terrain_1_0|12177|0|2|2036|2748|17297.0|1680.0|17161.0|1634.0|17228.83979806068|1657.4736405162544|0.0|0.0|0.0|QGRASS|QGRASS|1.0|1.0|0.0|0.0|1.28|grass|-|SG002409|-|1275|1|0|2748|QGRASS|-|1.0|1.0|0.0|0.0|0.0|QGRASS|-|1.0|1.0|0.0|0.0|-8.0|-8.0|0.0|0.0|504.0|504.0|504.0|504.0
UTNTSkyEdge_tntle_12177_0_terrain_1_1|12177|0|2|2036|2748|17297.0|1680.0|17161.0|1634.0|17229.16020193932|1656.5263594837456|0.0|0.0|0.0|QGRASS|QGRASS|1.0|1.0|0.0|0.0|1.28|grass|-|SG002403|-|1095|1|1|2748|QGRASS|-|1.0|1.0|0.0|0.0|0.0|QGRASS|-|1.0|1.0|0.0|0.0|-8.0|-8.0|0.0|0.0|504.0|504.0|504.0|504.0
UTNTSkyEdge_tntle_12178_0_terrain_1_0|12178|0|2|2036|2748|17161.0|1634.0|17071.0|1544.0|17115.646446609408|1589.3535533905933|0.0|0.0|0.0|QGRASS|QGRASS|1.0|1.0|0.0|0.0|1.28|grass|-|SG002409|-|1275|1|0|2748|QGRASS|-|1.0|1.0|0.0|0.0|0.0|QGRASS|-|1.0|1.0|0.0|0.0|-8.0|-8.0|0.0|0.0|504.0|504.0|504.0|504.0
UTNTSkyEdge_tntle_12178_0_terrain_1_1|12178|0|2|2036|2748|17161.0|1634.0|17071.0|1544.0|17116.353553390592|1588.6464466094067|0.0|0.0|0.0|QGRASS|QGRASS|1.0|1.0|0.0|0.0|1.28|grass|-|SG002403|-|1095|1|1|2748|QGRASS|-|1.0|1.0|0.0|0.0|0.0|QGRASS|-|1.0|1.0|0.0|0.0|-8.0|-8.0|0.0|0.0|504.0|504.0|504.0|504.0
UTNTSkyEdge_tntle_12179_0_terrain_1_0|12179|0|2|2036|2748|17071.0|1544.0|16935.0|1499.0|17002.842933611497|1521.9746895296958|0.0|0.0|0.0|QGRASS|QGRASS|1.0|1.0|0.0|0.0|1.28|grass|-|SG002409|-|1275|1|0|2748|QGRASS|-|1.0|1.0|0.0|0.0|0.0|QGRASS|-|1.0|1.0|0.0|0.0|-8.0|-8.0|0.0|0.0|504.0|504.0|504.0|504.0
UTNTSkyEdge_tntle_12179_0_terrain_1_1|12179|0|2|2036|2748|17071.0|1544.0|16935.0|1499.0|17003.157066388503|1521.0253104703042|0.0|0.0|0.0|QGRASS|QGRASS|1.0|1.0|0.0|0.0|1.28|grass|-|SG002403|-|1095|1|1|2748|QGRASS|-|1.0|1.0|0.0|0.0|0.0|QGRASS|-|1.0|1.0|0.0|0.0|-8.0|-8.0|0.0|0.0|504.0|504.0|504.0|504.0
UTNTSkyEdge_tntle_12180_0_terrain_1_0|12180|0|2|2036|2748|16935.0|1499.0|16799.0|1544.0|16867.157066388503|1521.9746895296958|0.0|0.0|0.0|QGRASS|QGRASS|1.0|1.0|0.0|0.0|1.28|grass|-|SG002409|-|1275|1|0|2748|QGRASS|-|1.0|1.0|0.0|0.0|0.0|QGRASS|-|1.0|1.0|0.0|0.0|-8.0|-8.0|0.0|0.0|504.0|504.0|504.0|504.0
UTNTSkyEdge_tntle_12180_0_terrain_1_1|12180|0|2|2036|2748|16935.0|1499.0|16799.0|1544.0|16866.842933611497|1521.0253104703042|0.0|0.0|0.0|QGRASS|QGRASS|1.0|1.0|0.0|0.0|1.28|grass|-|SG002403|-|1095|1|1|2748|QGRASS|-|1.0|1.0|0.0|0.0|0.0|QGRASS|-|1.0|1.0|0.0|0.0|-8.0|-8.0|0.0|0.0|504.0|504.0|504.0|504.0
UTNTSkyEdge_tntle_12181_0_terrain_1_0|12181|0|2|2036|2748|16799.0|1544.0|16844.0|1589.0|16821.853553390592|1566.1464466094067|0.0|0.0|0.0|QGRASS|QGRASS|1.0|1.0|0.0|0.0|1.28|grass|-|SG002409|-|1275|1|0|2748|QGRASS|-|1.0|1.0|0.0|0.0|0.0|QGRASS|-|1.0|1.0|0.0|0.0|-8.0|-8.0|0.0|0.0|504.0|504.0|504.0|504.0
UTNTSkyEdge_tntle_12181_0_terrain_1_1|12181|0|2|2036|2748|16799.0|1544.0|16844.0|1589.0|16821.146446609408|1566.8535533905933|0.0|0.0|0.0|QGRASS|QGRASS|1.0|1.0|0.0|0.0|1.28|grass|-|SG002403|-|1095|1|1|2748|QGRASS|-|1.0|1.0|0.0|0.0|0.0|QGRASS|-|1.0|1.0|0.0|0.0|-8.0|-8.0|0.0|0.0|504.0|504.0|504.0|504.0
UTNTSkyEdge_tntle_12182_0_terrain_1_0|12182|0|2|2036|2748|16844.0|1589.0|16980.0|1634.0|16912.157066388503|1611.0253104703042|0.0|0.0|0.0|QGRASS|QGRASS|1.0|1.0|0.0|0.0|1.28|grass|-|SG002409|-|1275|1|0|2748|QGRASS|-|1.0|1.0|0.0|0.0|0.0|QGRASS|-|1.0|1.0|0.0|0.0|-8.0|-8.0|0.0|0.0|504.0|504.0|504.0|504.0
UTNTSkyEdge_tntle_12182_0_terrain_1_1|12182|0|2|2036|2748|16844.0|1589.0|16980.0|1634.0|16911.842933611497|1611.9746895296958|0.0|0.0|0.0|QGRASS|QGRASS|1.0|1.0|0.0|0.0|1.28|grass|-|SG002403|-|1095|1|1|2748|QGRASS|-|1.0|1.0|0.0|0.0|0.0|QGRASS|-|1.0|1.0|0.0|0.0|-8.0|-8.0|0.0|0.0|504.0|504.0|504.0|504.0
UTNTSkyEdge_tntle_12183_0_terrain_1_0|12183|0|2|2036|2748|16980.0|1634.0|17071.0|1725.0|17025.853553390592|1679.1464466094067|0.0|0.0|0.0|QGRASS|QGRASS|1.0|1.0|0.0|0.0|1.28|grass|-|SG002409|-|1275|1|0|2748|QGRASS|-|1.0|1.0|0.0|0.0|0.0|QGRASS|-|1.0|1.0|0.0|0.0|-8.0|-8.0|0.0|0.0|504.0|504.0|504.0|504.0
UTNTSkyEdge_tntle_12183_0_terrain_1_1|12183|0|2|2036|2748|16980.0|1634.0|17071.0|1725.0|17025.146446609408|1679.8535533905933|0.0|0.0|0.0|QGRASS|QGRASS|1.0|1.0|0.0|0.0|1.28|grass|-|SG002403|-|1095|1|1|2748|QGRASS|-|1.0|1.0|0.0|0.0|0.0|QGRASS|-|1.0|1.0|0.0|0.0|-8.0|-8.0|0.0|0.0|504.0|504.0|504.0|504.0
UTNTSkyEdge_tntle_12184_0_terrain_1_0|12184|0|2|2036|2748|17071.0|1725.0|17116.0|1861.0|17093.974689529696|1792.8429336114978|0.0|0.0|0.0|QGRASS|QGRASS|1.0|1.0|0.0|0.0|1.28|grass|-|SG002409|-|1275|1|0|2748|QGRASS|-|1.0|1.0|0.0|0.0|0.0|QGRASS|-|1.0|1.0|0.0|0.0|-8.0|-8.0|0.0|0.0|504.0|504.0|504.0|504.0
UTNTSkyEdge_tntle_12184_0_terrain_1_1|12184|0|2|2036|2748|17071.0|1725.0|17116.0|1861.0|17093.025310470304|1793.1570663885022|0.0|0.0|0.0|QGRASS|QGRASS|1.0|1.0|0.0|0.0|1.28|grass|-|SG002403|-|1095|1|1|2748|QGRASS|-|1.0|1.0|0.0|0.0|0.0|QGRASS|-|1.0|1.0|0.0|0.0|-8.0|-8.0|0.0|0.0|504.0|504.0|504.0|504.0
UTNTSkyEdge_tntle_12185_0_terrain_1_0|12185|0|2|2036|2748|17116.0|1861.0|17161.0|1906.0|17138.853553390592|1883.1464466094067|0.0|0.0|0.0|QGRASS|QGRASS|1.0|1.0|0.0|0.0|1.28|grass|-|SG002409|-|1275|1|0|2748|QGRASS|-|1.0|1.0|0.0|0.0|0.0|QGRASS|-|1.0|1.0|0.0|0.0|-8.0|-8.0|0.0|0.0|504.0|504.0|504.0|504.0
UTNTSkyEdge_tntle_12185_0_terrain_1_1|12185|0|2|2036|2748|17116.0|1861.0|17161.0|1906.0|17138.146446609408|1883.8535533905933|0.0|0.0|0.0|QGRASS|QGRASS|1.0|1.0|0.0|0.0|1.28|grass|-|SG002403|-|1095|1|1|2748|QGRASS|-|1.0|1.0|0.0|0.0|0.0|QGRASS|-|1.0|1.0|0.0|0.0|-8.0|-8.0|0.0|0.0|504.0|504.0|504.0|504.0
UTNTSkyEdge_tntle_12186_0_terrain_1_0|12186|0|2|2037|2748|18432.0|1376.0|18368.0|1312.0|18399.646446609408|1344.3535533905933|0.0|0.0|0.0|QGRASS|QGRASS|1.0|1.0|0.0|0.0|1.28|grass|-|SG002410|-|1276|1|0|2748|QGRASS|-|1.0|1.0|0.0|0.0|0.0|QGRASS|-|1.0|1.0|0.0|0.0|-8.0|-8.0|0.0|0.0|504.0|504.0|504.0|504.0
UTNTSkyEdge_tntle_12186_0_terrain_1_1|12186|0|2|2037|2748|18432.0|1376.0|18368.0|1312.0|18400.353553390592|1343.6464466094067|0.0|0.0|0.0|QGRASS|QGRASS|1.0|1.0|0.0|0.0|1.28|grass|-|SG002403|-|1095|1|1|2748|QGRASS|-|1.0|1.0|0.0|0.0|0.0|QGRASS|-|1.0|1.0|0.0|0.0|-8.0|-8.0|0.0|0.0|504.0|504.0|504.0|504.0
UTNTSkyEdge_tntle_12187_0_terrain_1_0|12187|0|2|2037|2748|18368.0|1312.0|18240.0|1312.0|18304.0|1312.5|0.0|0.0|0.0|QGRASS|QGRASS|1.0|1.0|0.0|0.0|1.28|grass|-|SG002410|-|1276|1|0|2748|QGRASS|-|1.0|1.0|0.0|0.0|0.0|QGRASS|-|1.0|1.0|0.0|0.0|-8.0|-8.0|0.0|0.0|504.0|504.0|504.0|504.0
UTNTSkyEdge_tntle_12187_0_terrain_1_1|12187|0|2|2037|2748|18368.0|1312.0|18240.0|1312.0|18304.0|1311.5|0.0|0.0|0.0|QGRASS|QGRASS|1.0|1.0|0.0|0.0|1.28|grass|-|SG002403|-|1095|1|1|2748|QGRASS|-|1.0|1.0|0.0|0.0|0.0|QGRASS|-|1.0|1.0|0.0|0.0|-8.0|-8.0|0.0|0.0|504.0|504.0|504.0|504.0
UTNTSkyEdge_tntle_12188_0_terrain_1_0|12188|0|2|2037|2748|18240.0|1312.0|18176.0|1248.0|18207.646446609408|1280.3535533905933|0.0|0.0|0.0|QGRASS|QGRASS|1.0|1.0|0.0|0.0|1.28|grass|-|SG002410|-|1276|1|0|2748|QGRASS|-|1.0|1.0|0.0|0.0|0.0|QGRASS|-|1.0|1.0|0.0|0.0|-8.0|-8.0|0.0|0.0|504.0|504.0|504.0|504.0
UTNTSkyEdge_tntle_12188_0_terrain_1_1|12188|0|2|2037|2748|18240.0|1312.0|18176.0|1248.0|18208.353553390592|1279.6464466094067|0.0|0.0|0.0|QGRASS|QGRASS|1.0|1.0|0.0|0.0|1.28|grass|-|SG002403|-|1095|1|1|2748|QGRASS|-|1.0|1.0|0.0|0.0|0.0|QGRASS|-|1.0|1.0|0.0|0.0|-8.0|-8.0|0.0|0.0|504.0|504.0|504.0|504.0
UTNTSkyEdge_tntle_12189_0_terrain_1_0|12189|0|2|2037|2748|18176.0|1248.0|17984.0|1248.0|18080.0|1248.5|0.0|0.0|0.0|QGRASS|QGRASS|1.0|1.0|0.0|0.0|1.28|grass|-|SG002410|-|1276|1|0|2748|QGRASS|-|1.0|1.0|0.0|0.0|0.0|QGRASS|-|1.0|1.0|0.0|0.0|-8.0|-8.0|0.0|0.0|504.0|504.0|504.0|504.0
UTNTSkyEdge_tntle_12189_0_terrain_1_1|12189|0|2|2037|2748|18176.0|1248.0|17984.0|1248.0|18080.0|1247.5|0.0|0.0|0.0|QGRASS|QGRASS|1.0|1.0|0.0|0.0|1.28|grass|-|SG002403|-|1095|1|1|2748|QGRASS|-|1.0|1.0|0.0|0.0|0.0|QGRASS|-|1.0|1.0|0.0|0.0|-8.0|-8.0|0.0|0.0|504.0|504.0|504.0|504.0
UTNTSkyEdge_tntle_12190_0_terrain_1_0|12190|0|2|2037|2748|17984.0|1248.0|17920.0|1184.0|17951.646446609408|1216.3535533905933|0.0|0.0|0.0|QGRASS|QGRASS|1.0|1.0|0.0|0.0|1.28|grass|-|SG002410|-|1276|1|0|2748|QGRASS|-|1.0|1.0|0.0|0.0|0.0|QGRASS|-|1.0|1.0|0.0|0.0|-8.0|-8.0|0.0|0.0|504.0|504.0|504.0|504.0
UTNTSkyEdge_tntle_12190_0_terrain_1_1|12190|0|2|2037|2748|17984.0|1248.0|17920.0|1184.0|17952.353553390592|1215.6464466094067|0.0|0.0|0.0|QGRASS|QGRASS|1.0|1.0|0.0|0.0|1.28|grass|-|SG002403|-|1095|1|1|2748|QGRASS|-|1.0|1.0|0.0|0.0|0.0|QGRASS|-|1.0|1.0|0.0|0.0|-8.0|-8.0|0.0|0.0|504.0|504.0|504.0|504.0
UTNTSkyEdge_tntle_12191_0_terrain_1_0|12191|0|2|2037|2748|17920.0|1184.0|17792.0|1248.0|17856.22360679775|1216.4472135955|0.0|0.0|0.0|QGRASS|QGRASS|1.0|1.0|0.0|0.0|1.28|grass|-|SG002410|-|1276|1|0|2748|QGRASS|-|1.0|1.0|0.0|0.0|0.0|QGRASS|-|1.0|1.0|0.0|0.0|-8.0|-8.0|0.0|0.0|504.0|504.0|504.0|504.0
UTNTSkyEdge_tntle_12191_0_terrain_1_1|12191|0|2|2037|2748|17920.0|1184.0|17792.0|1248.0|17855.77639320225|1215.5527864045|0.0|0.0|0.0|QGRASS|QGRASS|1.0|1.0|0.0|0.0|1.28|grass|-|SG002403|-|1095|1|1|2748|QGRASS|-|1.0|1.0|0.0|0.0|0.0|QGRASS|-|1.0|1.0|0.0|0.0|-8.0|-8.0|0.0|0.0|504.0|504.0|504.0|504.0
UTNTSkyEdge_tntle_12192_0_terrain_1_0|12192|0|2|2037|2748|17792.0|1248.0|17728.0|1376.0|17760.4472135955|1312.2236067977499|0.0|0.0|0.0|QGRASS|QGRASS|1.0|1.0|0.0|0.0|1.28|grass|-|SG002410|-|1276|1|0|2748|QGRASS|-|1.0|1.0|0.0|0.0|0.0|QGRASS|-|1.0|1.0|0.0|0.0|-8.0|-8.0|0.0|0.0|504.0|504.0|504.0|504.0
UTNTSkyEdge_tntle_12192_0_terrain_1_1|12192|0|2|2037|2748|17792.0|1248.0|17728.0|1376.0|17759.5527864045|1311.7763932022501|0.0|0.0|0.0|QGRASS|QGRASS|1.0|1.0|0.0|0.0|1.28|grass|-|SG002403|-|1095|1|1|2748|QGRASS|-|1.0|1.0|0.0|0.0|0.0|QGRASS|-|1.0|1.0|0.0|0.0|-8.0|-8.0|0.0|0.0|504.0|504.0|504.0|504.0
UTNTSkyEdge_tntle_12193_0_terrain_1_0|12193|0|2|2037|2748|17728.0|1376.0|17792.0|1440.0|17760.353553390592|1407.6464466094067|0.0|0.0|0.0|QGRASS|QGRASS|1.0|1.0|0.0|0.0|1.28|grass|-|SG002410|-|1276|1|0|2748|QGRASS|-|1.0|1.0|0.0|0.0|0.0|QGRASS|-|1.0|1.0|0.0|0.0|-8.0|-8.0|0.0|0.0|504.0|504.0|504.0|504.0
UTNTSkyEdge_tntle_12193_0_terrain_1_1|12193|0|2|2037|2748|17728.0|1376.0|17792.0|1440.0|17759.646446609408|1408.3535533905933|0.0|0.0|0.0|QGRASS|QGRASS|1.0|1.0|0.0|0.0|1.28|grass|-|SG002403|-|1095|1|1|2748|QGRASS|-|1.0|1.0|0.0|0.0|0.0|QGRASS|-|1.0|1.0|0.0|0.0|-8.0|-8.0|0.0|0.0|504.0|504.0|504.0|504.0
UTNTSkyEdge_tntle_12194_0_terrain_1_0|12194|0|2|2037|2748|17792.0|1440.0|17856.0|1376.0|17823.646446609408|1407.6464466094067|0.0|0.0|0.0|QGRASS|QGRASS|1.0|1.0|0.0|0.0|1.28|grass|-|SG002410|-|1276|1|0|2748|QGRASS|-|1.0|1.0|0.0|0.0|0.0|QGRASS|-|1.0|1.0|0.0|0.0|-8.0|-8.0|0.0|0.0|504.0|504.0|504.0|504.0
UTNTSkyEdge_tntle_12194_0_terrain_1_1|12194|0|2|2037|2748|17792.0|1440.0|17856.0|1376.0|17824.353553390592|1408.3535533905933|0.0|0.0|0.0|QGRASS|QGRASS|1.0|1.0|0.0|0.0|1.28|grass|-|SG002403|-|1095|1|1|2748|QGRASS|-|1.0|1.0|0.0|0.0|0.0|QGRASS|-|1.0|1.0|0.0|0.0|-8.0|-8.0|0.0|0.0|504.0|504.0|504.0|504.0
UTNTSkyEdge_tntle_12195_0_terrain_1_0|12195|0|2|2037|2748|17856.0|1376.0|18048.0|1440.0|17952.158113883008|1407.5256583509747|0.0|0.0|0.0|QGRASS|QGRASS|1.0|1.0|0.0|0.0|1.28|grass|-|SG002410|-|1276|1|0|2748|QGRASS|-|1.0|1.0|0.0|0.0|0.0|QGRASS|-|1.0|1.0|0.0|0.0|-8.0|-8.0|0.0|0.0|504.0|504.0|504.0|504.0
UTNTSkyEdge_tntle_12195_0_terrain_1_1|12195|0|2|2037|2748|17856.0|1376.0|18048.0|1440.0|17951.841886116992|1408.4743416490253|0.0|0.0|0.0|QGRASS|QGRASS|1.0|1.0|0.0|0.0|1.28|grass|-|SG002403|-|1095|1|1|2748|QGRASS|-|1.0|1.0|0.0|0.0|0.0|QGRASS|-|1.0|1.0|0.0|0.0|-8.0|-8.0|0.0|0.0|504.0|504.0|504.0|504.0
UTNTSkyEdge_tntle_12196_0_terrain_1_0|12196|0|2|2037|2748|18048.0|1440.0|18112.0|1376.0|18079.646446609408|1407.6464466094067|0.0|0.0|0.0|QGRASS|QGRASS|1.0|1.0|0.0|0.0|1.28|grass|-|SG002410|-|1276|1|0|2748|QGRASS|-|1.0|1.0|0.0|0.0|0.0|QGRASS|-|1.0|1.0|0.0|0.0|-8.0|-8.0|0.0|0.0|504.0|504.0|504.0|504.0
UTNTSkyEdge_tntle_12196_0_terrain_1_1|12196|0|2|2037|2748|18048.0|1440.0|18112.0|1376.0|18080.353553390592|1408.3535533905933|0.0|0.0|0.0|QGRASS|QGRASS|1.0|1.0|0.0|0.0|1.28|grass|-|SG002403|-|1095|1|1|2748|QGRASS|-|1.0|1.0|0.0|0.0|0.0|QGRASS|-|1.0|1.0|0.0|0.0|-8.0|-8.0|0.0|0.0|504.0|504.0|504.0|504.0
UTNTSkyEdge_tntle_12197_0_terrain_1_0|12197|0|2|2037|2748|18112.0|1376.0|18176.0|1440.0|18144.353553390592|1407.6464466094067|0.0|0.0|0.0|QGRASS|QGRASS|1.0|1.0|0.0|0.0|1.28|grass|-|SG002410|-|1276|1|0|2748|QGRASS|-|1.0|1.0|0.0|0.0|0.0|QGRASS|-|1.0|1.0|0.0|0.0|-8.0|-8.0|0.0|0.0|504.0|504.0|504.0|504.0
UTNTSkyEdge_tntle_12197_0_terrain_1_1|12197|0|2|2037|2748|18112.0|1376.0|18176.0|1440.0|18143.646446609408|1408.3535533905933|0.0|0.0|0.0|QGRASS|QGRASS|1.0|1.0|0.0|0.0|1.28|grass|-|SG002403|-|1095|1|1|2748|QGRASS|-|1.0|1.0|0.0|0.0|0.0|QGRASS|-|1.0|1.0|0.0|0.0|-8.0|-8.0|0.0|0.0|504.0|504.0|504.0|504.0
UTNTSkyEdge_tntle_12198_0_terrain_1_0|12198|0|2|2037|2748|18176.0|1440.0|18240.0|1568.0|18208.4472135955|1503.7763932022501|0.0|0.0|0.0|QGRASS|QGRASS|1.0|1.0|0.0|0.0|1.28|grass|-|SG002410|-|1276|1|0|2748|QGRASS|-|1.0|1.0|0.0|0.0|0.0|QGRASS|-|1.0|1.0|0.0|0.0|-8.0|-8.0|0.0|0.0|504.0|504.0|504.0|504.0
UTNTSkyEdge_tntle_12198_0_terrain_1_1|12198|0|2|2037|2748|18176.0|1440.0|18240.0|1568.0|18207.5527864045|1504.2236067977499|0.0|0.0|0.0|QGRASS|QGRASS|1.0|1.0|0.0|0.0|1.28|grass|-|SG002403|-|1095|1|1|2748|QGRASS|-|1.0|1.0|0.0|0.0|0.0|QGRASS|-|1.0|1.0|0.0|0.0|-8.0|-8.0|0.0|0.0|504.0|504.0|504.0|504.0
UTNTSkyEdge_tntle_12199_0_terrain_1_0|12199|0|2|2037|2748|18240.0|1568.0|18240.0|1696.0|18240.5|1632.0|0.0|0.0|0.0|QGRASS|QGRASS|1.0|1.0|0.0|0.0|1.28|grass|-|SG002410|-|1276|1|0|2748|QGRASS|-|1.0|1.0|0.0|0.0|0.0|QGRASS|-|1.0|1.0|0.0|0.0|-8.0|-8.0|0.0|0.0|504.0|504.0|504.0|504.0
UTNTSkyEdge_tntle_12199_0_terrain_1_1|12199|0|2|2037|2748|18240.0|1568.0|18240.0|1696.0|18239.5|1632.0|0.0|0.0|0.0|QGRASS|QGRASS|1.0|1.0|0.0|0.0|1.28|grass|-|SG002403|-|1095|1|1|2748|QGRASS|-|1.0|1.0|0.0|0.0|0.0|QGRASS|-|1.0|1.0|0.0|0.0|-8.0|-8.0|0.0|0.0|504.0|504.0|504.0|504.0
UTNTSkyEdge_tntle_12200_0_terrain_1_0|12200|0|2|2037|2748|18240.0|1696.0|18304.0|1824.0|18272.4472135955|1759.7763932022501|0.0|0.0|0.0|QGRASS|QGRASS|1.0|1.0|0.0|0.0|1.28|grass|-|SG002410|-|1276|1|0|2748|QGRASS|-|1.0|1.0|0.0|0.0|0.0|QGRASS|-|1.0|1.0|0.0|0.0|-8.0|-8.0|0.0|0.0|504.0|504.0|504.0|504.0
UTNTSkyEdge_tntle_12200_0_terrain_1_1|12200|0|2|2037|2748|18240.0|1696.0|18304.0|1824.0|18271.5527864045|1760.2236067977499|0.0|0.0|0.0|QGRASS|QGRASS|1.0|1.0|0.0|0.0|1.28|grass|-|SG002403|-|1095|1|1|2748|QGRASS|-|1.0|1.0|0.0|0.0|0.0|QGRASS|-|1.0|1.0|0.0|0.0|-8.0|-8.0|0.0|0.0|504.0|504.0|504.0|504.0
UTNTSkyEdge_tntle_12201_0_terrain_1_0|12201|0|2|2037|2748|18304.0|1824.0|18432.0|1888.0|18368.22360679775|1855.5527864045|0.0|0.0|0.0|QGRASS|QGRASS|1.0|1.0|0.0|0.0|1.28|grass|-|SG002410|-|1276|1|0|2748|QGRASS|-|1.0|1.0|0.0|0.0|0.0|QGRASS|-|1.0|1.0|0.0|0.0|-8.0|-8.0|0.0|0.0|504.0|504.0|504.0|504.0
UTNTSkyEdge_tntle_12201_0_terrain_1_1|12201|0|2|2037|2748|18304.0|1824.0|18432.0|1888.0|18367.77639320225|1856.4472135955|0.0|0.0|0.0|QGRASS|QGRASS|1.0|1.0|0.0|0.0|1.28|grass|-|SG002403|-|1095|1|1|2748|QGRASS|-|1.0|1.0|0.0|0.0|0.0|QGRASS|-|1.0|1.0|0.0|0.0|-8.0|-8.0|0.0|0.0|504.0|504.0|504.0|504.0
UTNTSkyEdge_tntle_12202_0_terrain_1_0|12202|0|2|2037|2748|18432.0|1888.0|18432.0|1824.0|18431.5|1856.0|0.0|0.0|0.0|QGRASS|QGRASS|1.0|1.0|0.0|0.0|1.28|grass|-|SG002410|-|1276|1|0|2748|QGRASS|-|1.0|1.0|0.0|0.0|0.0|QGRASS|-|1.0|1.0|0.0|0.0|-8.0|-8.0|0.0|0.0|504.0|504.0|504.0|504.0
UTNTSkyEdge_tntle_12202_0_terrain_1_1|12202|0|2|2037|2748|18432.0|1888.0|18432.0|1824.0|18432.5|1856.0|0.0|0.0|0.0|QGRASS|QGRASS|1.0|1.0|0.0|0.0|1.28|grass|-|SG002403|-|1095|1|1|2748|QGRASS|-|1.0|1.0|0.0|0.0|0.0|QGRASS|-|1.0|1.0|0.0|0.0|-8.0|-8.0|0.0|0.0|504.0|504.0|504.0|504.0
UTNTSkyEdge_tntle_12203_0_terrain_1_0|12203|0|2|2037|2748|18432.0|1824.0|18368.0|1696.0|18399.5527864045|1760.2236067977499|0.0|0.0|0.0|QGRASS|QGRASS|1.0|1.0|0.0|0.0|1.28|grass|-|SG002410|-|1276|1|0|2748|QGRASS|-|1.0|1.0|0.0|0.0|0.0|QGRASS|-|1.0|1.0|0.0|0.0|-8.0|-8.0|0.0|0.0|504.0|504.0|504.0|504.0
UTNTSkyEdge_tntle_12203_0_terrain_1_1|12203|0|2|2037|2748|18432.0|1824.0|18368.0|1696.0|18400.4472135955|1759.7763932022501|0.0|0.0|0.0|QGRASS|QGRASS|1.0|1.0|0.0|0.0|1.28|grass|-|SG002403|-|1095|1|1|2748|QGRASS|-|1.0|1.0|0.0|0.0|0.0|QGRASS|-|1.0|1.0|0.0|0.0|-8.0|-8.0|0.0|0.0|504.0|504.0|504.0|504.0
UTNTSkyEdge_tntle_12204_0_terrain_1_0|12204|0|2|2037|2748|18368.0|1696.0|18368.0|1568.0|18367.5|1632.0|0.0|0.0|0.0|QGRASS|QGRASS|1.0|1.0|0.0|0.0|1.28|grass|-|SG002410|-|1276|1|0|2748|QGRASS|-|1.0|1.0|0.0|0.0|0.0|QGRASS|-|1.0|1.0|0.0|0.0|-8.0|-8.0|0.0|0.0|504.0|504.0|504.0|504.0
UTNTSkyEdge_tntle_12204_0_terrain_1_1|12204|0|2|2037|2748|18368.0|1696.0|18368.0|1568.0|18368.5|1632.0|0.0|0.0|0.0|QGRASS|QGRASS|1.0|1.0|0.0|0.0|1.28|grass|-|SG002403|-|1095|1|1|2748|QGRASS|-|1.0|1.0|0.0|0.0|0.0|QGRASS|-|1.0|1.0|0.0|0.0|-8.0|-8.0|0.0|0.0|504.0|504.0|504.0|504.0
UTNTSkyEdge_tntle_12205_0_terrain_1_0|12205|0|2|2037|2748|18368.0|1568.0|18432.0|1440.0|18399.5527864045|1503.7763932022501|0.0|0.0|0.0|QGRASS|QGRASS|1.0|1.0|0.0|0.0|1.28|grass|-|SG002410|-|1276|1|0|2748|QGRASS|-|1.0|1.0|0.0|0.0|0.0|QGRASS|-|1.0|1.0|0.0|0.0|-8.0|-8.0|0.0|0.0|504.0|504.0|504.0|504.0
UTNTSkyEdge_tntle_12205_0_terrain_1_1|12205|0|2|2037|2748|18368.0|1568.0|18432.0|1440.0|18400.4472135955|1504.2236067977499|0.0|0.0|0.0|QGRASS|QGRASS|1.0|1.0|0.0|0.0|1.28|grass|-|SG002403|-|1095|1|1|2748|QGRASS|-|1.0|1.0|0.0|0.0|0.0|QGRASS|-|1.0|1.0|0.0|0.0|-8.0|-8.0|0.0|0.0|504.0|504.0|504.0|504.0
UTNTSkyEdge_tntle_12206_0_terrain_1_0|12206|0|2|2037|2748|18432.0|1440.0|18432.0|1376.0|18431.5|1408.0|0.0|0.0|0.0|QGRASS|QGRASS|1.0|1.0|0.0|0.0|1.28|grass|-|SG002410|-|1276|1|0|2748|QGRASS|-|1.0|1.0|0.0|0.0|0.0|QGRASS|-|1.0|1.0|0.0|0.0|-8.0|-8.0|0.0|0.0|504.0|504.0|504.0|504.0
UTNTSkyEdge_tntle_12206_0_terrain_1_1|12206|0|2|2037|2748|18432.0|1440.0|18432.0|1376.0|18432.5|1408.0|0.0|0.0|0.0|QGRASS|QGRASS|1.0|1.0|0.0|0.0|1.28|grass|-|SG002403|-|1095|1|1|2748|QGRASS|-|1.0|1.0|0.0|0.0|0.0|QGRASS|-|1.0|1.0|0.0|0.0|-8.0|-8.0|0.0|0.0|504.0|504.0|504.0|504.0
UTNTSkyEdge_tntle_12207_0_terrain_1_0|12207|0|2|2035|2748|18029.0|632.0|17938.0|632.0|17983.5|632.5|0.0|0.0|0.0|QGRASS|QGRASS|1.0|1.0|0.0|0.0|1.28|grass|-|SG002411|-|1277|1|0|2748|QGRASS|-|1.0|1.0|0.0|0.0|0.0|QGRASS|-|1.0|1.0|0.0|0.0|-8.0|-8.0|0.0|0.0|504.0|504.0|504.0|504.0
UTNTSkyEdge_tntle_12207_0_terrain_1_1|12207|0|2|2035|2748|18029.0|632.0|17938.0|632.0|17983.5|631.5|0.0|0.0|0.0|QGRASS|QGRASS|1.0|1.0|0.0|0.0|1.28|grass|-|SG002403|-|1095|1|1|2748|QGRASS|-|1.0|1.0|0.0|0.0|0.0|QGRASS|-|1.0|1.0|0.0|0.0|-8.0|-8.0|0.0|0.0|504.0|504.0|504.0|504.0
UTNTSkyEdge_tntle_12208_0_terrain_1_0|12208|0|2|2035|2748|17938.0|632.0|17848.0|723.0|17893.355501298607|677.851594690929|0.0|0.0|0.0|QGRASS|QGRASS|1.0|1.0|0.0|0.0|1.28|grass|-|SG002411|-|1277|1|0|2748|QGRASS|-|1.0|1.0|0.0|0.0|0.0|QGRASS|-|1.0|1.0|0.0|0.0|-8.0|-8.0|0.0|0.0|504.0|504.0|504.0|504.0
UTNTSkyEdge_tntle_12208_0_terrain_1_1|12208|0|2|2035|2748|17938.0|632.0|17848.0|723.0|17892.644498701393|677.148405309071|0.0|0.0|0.0|QGRASS|QGRASS|1.0|1.0|0.0|0.0|1.28|grass|-|SG002403|-|1095|1|1|2748|QGRASS|-|1.0|1.0|0.0|0.0|0.0|QGRASS|-|1.0|1.0|0.0|0.0|-8.0|-8.0|0.0|0.0|504.0|504.0|504.0|504.0
UTNTSkyEdge_tntle_12209_0_terrain_1_0|12209|0|2|2035|2748|17848.0|723.0|17757.0|723.0|17802.5|723.5|0.0|0.0|0.0|QGRASS|QGRASS|1.0|1.0|0.0|0.0|1.28|grass|-|SG002411|-|1277|1|0|2748|QGRASS|-|1.0|1.0|0.0|0.0|0.0|QGRASS|-|1.0|1.0|0.0|0.0|-8.0|-8.0|0.0|0.0|504.0|504.0|504.0|504.0
UTNTSkyEdge_tntle_12209_0_terrain_1_1|12209|0|2|2035|2748|17848.0|723.0|17757.0|723.0|17802.5|722.5|0.0|0.0|0.0|QGRASS|QGRASS|1.0|1.0|0.0|0.0|1.28|grass|-|SG002403|-|1095|1|1|2748|QGRASS|-|1.0|1.0|0.0|0.0|0.0|QGRASS|-|1.0|1.0|0.0|0.0|-8.0|-8.0|0.0|0.0|504.0|504.0|504.0|504.0
UTNTSkyEdge_tntle_12210_0_terrain_1_0|12210|0|2|2035|2748|17757.0|723.0|17622.0|858.0|17689.853553390592|790.8535533905932|0.0|0.0|0.0|QGRASS|QGRASS|1.0|1.0|0.0|0.0|1.28|grass|-|SG002411|-|1277|1|0|2748|QGRASS|-|1.0|1.0|0.0|0.0|0.0|QGRASS|-|1.0|1.0|0.0|0.0|-8.0|-8.0|0.0|0.0|504.0|504.0|504.0|504.0
UTNTSkyEdge_tntle_12210_0_terrain_1_1|12210|0|2|2035|2748|17757.0|723.0|17622.0|858.0|17689.146446609408|790.1464466094068|0.0|0.0|0.0|QGRASS|QGRASS|1.0|1.0|0.0|0.0|1.28|grass|-|SG002403|-|1095|1|1|2748|QGRASS|-|1.0|1.0|0.0|0.0|0.0|QGRASS|-|1.0|1.0|0.0|0.0|-8.0|-8.0|0.0|0.0|504.0|504.0|504.0|504.0
UTNTSkyEdge_tntle_12211_0_terrain_1_0|12211|0|2|2035|2748|17622.0|858.0|17531.0|858.0|17576.5|858.5|0.0|0.0|0.0|QGRASS|QGRASS|1.0|1.0|0.0|0.0|1.28|grass|-|SG002411|-|1277|1|0|2748|QGRASS|-|1.0|1.0|0.0|0.0|0.0|QGRASS|-|1.0|1.0|0.0|0.0|-8.0|-8.0|0.0|0.0|504.0|504.0|504.0|504.0
UTNTSkyEdge_tntle_12211_0_terrain_1_1|12211|0|2|2035|2748|17622.0|858.0|17531.0|858.0|17576.5|857.5|0.0|0.0|0.0|QGRASS|QGRASS|1.0|1.0|0.0|0.0|1.28|grass|-|SG002403|-|1095|1|1|2748|QGRASS|-|1.0|1.0|0.0|0.0|0.0|QGRASS|-|1.0|1.0|0.0|0.0|-8.0|-8.0|0.0|0.0|504.0|504.0|504.0|504.0
UTNTSkyEdge_tntle_12212_0_terrain_1_0|12212|0|2|2035|2748|17531.0|858.0|17486.0|994.0|17508.974689529696|926.1570663885022|0.0|0.0|0.0|QGRASS|QGRASS|1.0|1.0|0.0|0.0|1.28|grass|-|SG002411|-|1277|1|0|2748|QGRASS|-|1.0|1.0|0.0|0.0|0.0|QGRASS|-|1.0|1.0|0.0|0.0|-8.0|-8.0|0.0|0.0|504.0|504.0|504.0|504.0
UTNTSkyEdge_tntle_12212_0_terrain_1_1|12212|0|2|2035|2748|17531.0|858.0|17486.0|994.0|17508.025310470304|925.8429336114978|0.0|0.0|0.0|QGRASS|QGRASS|1.0|1.0|0.0|0.0|1.28|grass|-|SG002403|-|1095|1|1|2748|QGRASS|-|1.0|1.0|0.0|0.0|0.0|QGRASS|-|1.0|1.0|0.0|0.0|-8.0|-8.0|0.0|0.0|504.0|504.0|504.0|504.0
UTNTSkyEdge_tntle_12213_0_terrain_1_0|12213|0|2|2035|2748|17486.0|994.0|17531.0|1130.0|17508.974689529696|1061.8429336114978|0.0|0.0|0.0|QGRASS|QGRASS|1.0|1.0|0.0|0.0|1.28|grass|-|SG002411|-|1277|1|0|2748|QGRASS|-|1.0|1.0|0.0|0.0|0.0|QGRASS|-|1.0|1.0|0.0|0.0|-8.0|-8.0|0.0|0.0|504.0|504.0|504.0|504.0
UTNTSkyEdge_tntle_12213_0_terrain_1_1|12213|0|2|2035|2748|17486.0|994.0|17531.0|1130.0|17508.025310470304|1062.1570663885022|0.0|0.0|0.0|QGRASS|QGRASS|1.0|1.0|0.0|0.0|1.28|grass|-|SG002403|-|1095|1|1|2748|QGRASS|-|1.0|1.0|0.0|0.0|0.0|QGRASS|-|1.0|1.0|0.0|0.0|-8.0|-8.0|0.0|0.0|504.0|504.0|504.0|504.0
UTNTSkyEdge_tntle_12214_0_terrain_1_0|12214|0|2|2035|2748|17531.0|1130.0|17622.0|1130.0|17576.5|1129.5|0.0|0.0|0.0|QGRASS|QGRASS|1.0|1.0|0.0|0.0|1.28|grass|-|SG002411|-|1277|1|0|2748|QGRASS|-|1.0|1.0|0.0|0.0|0.0|QGRASS|-|1.0|1.0|0.0|0.0|-8.0|-8.0|0.0|0.0|504.0|504.0|504.0|504.0
UTNTSkyEdge_tntle_12214_0_terrain_1_1|12214|0|2|2035|2748|17531.0|1130.0|17622.0|1130.0|17576.5|1130.5|0.0|0.0|0.0|QGRASS|QGRASS|1.0|1.0|0.0|0.0|1.28|grass|-|SG002403|-|1095|1|1|2748|QGRASS|-|1.0|1.0|0.0|0.0|0.0|QGRASS|-|1.0|1.0|0.0|0.0|-8.0|-8.0|0.0|0.0|504.0|504.0|504.0|504.0
UTNTSkyEdge_tntle_12215_0_terrain_1_0|12215|0|2|2035|2748|17622.0|1130.0|17622.0|1039.0|17621.5|1084.5|0.0|0.0|0.0|QGRASS|QGRASS|1.0|1.0|0.0|0.0|1.28|grass|-|SG002411|-|1277|1|0|2748|QGRASS|-|1.0|1.0|0.0|0.0|0.0|QGRASS|-|1.0|1.0|0.0|0.0|-8.0|-8.0|0.0|0.0|504.0|504.0|504.0|504.0
UTNTSkyEdge_tntle_12215_0_terrain_1_1|12215|0|2|2035|2748|17622.0|1130.0|17622.0|1039.0|17622.5|1084.5|0.0|0.0|0.0|QGRASS|QGRASS|1.0|1.0|0.0|0.0|1.28|grass|-|SG002403|-|1095|1|1|2748|QGRASS|-|1.0|1.0|0.0|0.0|0.0|QGRASS|-|1.0|1.0|0.0|0.0|-8.0|-8.0|0.0|0.0|504.0|504.0|504.0|504.0
UTNTSkyEdge_tntle_12216_0_terrain_1_0|12216|0|2|2035|2748|17622.0|1039.0|17803.0|949.0|17712.277383157678|993.5522927948828|0.0|0.0|0.0|QGRASS|QGRASS|1.0|1.0|0.0|0.0|1.28|grass|-|SG002411|-|1277|1|0|2748|QGRASS|-|1.0|1.0|0.0|0.0|0.0|QGRASS|-|1.0|1.0|0.0|0.0|-8.0|-8.0|0.0|0.0|504.0|504.0|504.0|504.0
UTNTSkyEdge_tntle_12216_0_terrain_1_1|12216|0|2|2035|2748|17622.0|1039.0|17803.0|949.0|17712.722616842322|994.4477072051172|0.0|0.0|0.0|QGRASS|QGRASS|1.0|1.0|0.0|0.0|1.28|grass|-|SG002403|-|1095|1|1|2748|QGRASS|-|1.0|1.0|0.0|0.0|0.0|QGRASS|-|1.0|1.0|0.0|0.0|-8.0|-8.0|0.0|0.0|504.0|504.0|504.0|504.0
UTNTSkyEdge_tntle_12217_0_terrain_1_0|12217|0|2|2035|2748|17803.0|949.0|17803.0|858.0|17802.5|903.5|0.0|0.0|0.0|QGRASS|QGRASS|1.0|1.0|0.0|0.0|1.28|grass|-|SG002411|-|1277|1|0|2748|QGRASS|-|1.0|1.0|0.0|0.0|0.0|QGRASS|-|1.0|1.0|0.0|0.0|-8.0|-8.0|0.0|0.0|504.0|504.0|504.0|504.0
UTNTSkyEdge_tntle_12217_0_terrain_1_1|12217|0|2|2035|2748|17803.0|949.0|17803.0|858.0|17803.5|903.5|0.0|0.0|0.0|QGRASS|QGRASS|1.0|1.0|0.0|0.0|1.28|grass|-|SG002403|-|1095|1|1|2748|QGRASS|-|1.0|1.0|0.0|0.0|0.0|QGRASS|-|1.0|1.0|0.0|0.0|-8.0|-8.0|0.0|0.0|504.0|504.0|504.0|504.0
UTNTSkyEdge_tntle_12218_0_terrain_1_0|12218|0|2|2035|2748|17803.0|858.0|17893.0|858.0|17848.0|857.5|0.0|0.0|0.0|QGRASS|QGRASS|1.0|1.0|0.0|0.0|1.28|grass|-|SG002411|-|1277|1|0|2748|QGRASS|-|1.0|1.0|0.0|0.0|0.0|QGRASS|-|1.0|1.0|0.0|0.0|-8.0|-8.0|0.0|0.0|504.0|504.0|504.0|504.0
UTNTSkyEdge_tntle_12218_0_terrain_1_1|12218|0|2|2035|2748|17803.0|858.0|17893.0|858.0|17848.0|858.5|0.0|0.0|0.0|QGRASS|QGRASS|1.0|1.0|0.0|0.0|1.28|grass|-|SG002403|-|1095|1|1|2748|QGRASS|-|1.0|1.0|0.0|0.0|0.0|QGRASS|-|1.0|1.0|0.0|0.0|-8.0|-8.0|0.0|0.0|504.0|504.0|504.0|504.0
UTNTSkyEdge_tntle_12219_0_terrain_1_0|12219|0|2|2035|2748|17893.0|858.0|18029.0|904.0|17961.16020193932|880.5263594837456|0.0|0.0|0.0|QGRASS|QGRASS|1.0|1.0|0.0|0.0|1.28|grass|-|SG002411|-|1277|1|0|2748|QGRASS|-|1.0|1.0|0.0|0.0|0.0|QGRASS|-|1.0|1.0|0.0|0.0|-8.0|-8.0|0.0|0.0|504.0|504.0|504.0|504.0
UTNTSkyEdge_tntle_12219_0_terrain_1_1|12219|0|2|2035|2748|17893.0|858.0|18029.0|904.0|17960.83979806068|881.4736405162544|0.0|0.0|0.0|QGRASS|QGRASS|1.0|1.0|0.0|0.0|1.28|grass|-|SG002403|-|1095|1|1|2748|QGRASS|-|1.0|1.0|0.0|0.0|0.0|QGRASS|-|1.0|1.0|0.0|0.0|-8.0|-8.0|0.0|0.0|504.0|504.0|504.0|504.0
UTNTSkyEdge_tntle_12220_0_terrain_1_0|12220|0|2|2035|2748|18029.0|904.0|18119.0|994.0|18074.353553390592|948.6464466094068|0.0|0.0|0.0|QGRASS|QGRASS|1.0|1.0|0.0|0.0|1.28|grass|-|SG002411|-|1277|1|0|2748|QGRASS|-|1.0|1.0|0.0|0.0|0.0|QGRASS|-|1.0|1.0|0.0|0.0|-8.0|-8.0|0.0|0.0|504.0|504.0|504.0|504.0
UTNTSkyEdge_tntle_12220_0_terrain_1_1|12220|0|2|2035|2748|18029.0|904.0|18119.0|994.0|18073.646446609408|949.3535533905932|0.0|0.0|0.0|QGRASS|QGRASS|1.0|1.0|0.0|0.0|1.28|grass|-|SG002403|-|1095|1|1|2748|QGRASS|-|1.0|1.0|0.0|0.0|0.0|QGRASS|-|1.0|1.0|0.0|0.0|-8.0|-8.0|0.0|0.0|504.0|504.0|504.0|504.0
UTNTSkyEdge_tntle_12221_0_terrain_1_0|12221|0|2|2035|2748|18119.0|994.0|18255.0|1039.0|18187.157066388503|1016.0253104703041|0.0|0.0|0.0|QGRASS|QGRASS|1.0|1.0|0.0|0.0|1.28|grass|-|SG002411|-|1277|1|0|2748|QGRASS|-|1.0|1.0|0.0|0.0|0.0|QGRASS|-|1.0|1.0|0.0|0.0|-8.0|-8.0|0.0|0.0|504.0|504.0|504.0|504.0
UTNTSkyEdge_tntle_12221_0_terrain_1_1|12221|0|2|2035|2748|18119.0|994.0|18255.0|1039.0|18186.842933611497|1016.9746895296959|0.0|0.0|0.0|QGRASS|QGRASS|1.0|1.0|0.0|0.0|1.28|grass|-|SG002403|-|1095|1|1|2748|QGRASS|-|1.0|1.0|0.0|0.0|0.0|QGRASS|-|1.0|1.0|0.0|0.0|-8.0|-8.0|0.0|0.0|504.0|504.0|504.0|504.0
UTNTSkyEdge_tntle_12222_0_terrain_1_0|12222|0|2|2035|2748|18255.0|1039.0|18391.0|994.0|18322.842933611497|1016.0253104703041|0.0|0.0|0.0|QGRASS|QGRASS|1.0|1.0|0.0|0.0|1.28|grass|-|SG002411|-|1277|1|0|2748|QGRASS|-|1.0|1.0|0.0|0.0|0.0|QGRASS|-|1.0|1.0|0.0|0.0|-8.0|-8.0|0.0|0.0|504.0|504.0|504.0|504.0
UTNTSkyEdge_tntle_12222_0_terrain_1_1|12222|0|2|2035|2748|18255.0|1039.0|18391.0|994.0|18323.157066388503|1016.9746895296959|0.0|0.0|0.0|QGRASS|QGRASS|1.0|1.0|0.0|0.0|1.28|grass|-|SG002403|-|1095|1|1|2748|QGRASS|-|1.0|1.0|0.0|0.0|0.0|QGRASS|-|1.0|1.0|0.0|0.0|-8.0|-8.0|0.0|0.0|504.0|504.0|504.0|504.0
UTNTSkyEdge_tntle_12223_0_terrain_1_0|12223|0|2|2035|2748|18391.0|994.0|18346.0|949.0|18368.146446609408|971.8535533905932|0.0|0.0|0.0|QGRASS|QGRASS|1.0|1.0|0.0|0.0|1.28|grass|-|SG002411|-|1277|1|0|2748|QGRASS|-|1.0|1.0|0.0|0.0|0.0|QGRASS|-|1.0|1.0|0.0|0.0|-8.0|-8.0|0.0|0.0|504.0|504.0|504.0|504.0
UTNTSkyEdge_tntle_12223_0_terrain_1_1|12223|0|2|2035|2748|18391.0|994.0|18346.0|949.0|18368.853553390592|971.1464466094068|0.0|0.0|0.0|QGRASS|QGRASS|1.0|1.0|0.0|0.0|1.28|grass|-|SG002403|-|1095|1|1|2748|QGRASS|-|1.0|1.0|0.0|0.0|0.0|QGRASS|-|1.0|1.0|0.0|0.0|-8.0|-8.0|0.0|0.0|504.0|504.0|504.0|504.0
UTNTSkyEdge_tntle_12224_0_terrain_1_0|12224|0|2|2035|2748|18346.0|949.0|18210.0|904.0|18277.842933611497|926.9746895296959|0.0|0.0|0.0|QGRASS|QGRASS|1.0|1.0|0.0|0.0|1.28|grass|-|SG002411|-|1277|1|0|2748|QGRASS|-|1.0|1.0|0.0|0.0|0.0|QGRASS|-|1.0|1.0|0.0|0.0|-8.0|-8.0|0.0|0.0|504.0|504.0|504.0|504.0
UTNTSkyEdge_tntle_12224_0_terrain_1_1|12224|0|2|2035|2748|18346.0|949.0|18210.0|904.0|18278.157066388503|926.0253104703041|0.0|0.0|0.0|QGRASS|QGRASS|1.0|1.0|0.0|0.0|1.28|grass|-|SG002403|-|1095|1|1|2748|QGRASS|-|1.0|1.0|0.0|0.0|0.0|QGRASS|-|1.0|1.0|0.0|0.0|-8.0|-8.0|0.0|0.0|504.0|504.0|504.0|504.0
UTNTSkyEdge_tntle_12225_0_terrain_1_0|12225|0|2|2035|2748|18210.0|904.0|18119.0|813.0|18164.146446609408|858.8535533905932|0.0|0.0|0.0|QGRASS|QGRASS|1.0|1.0|0.0|0.0|1.28|grass|-|SG002411|-|1277|1|0|2748|QGRASS|-|1.0|1.0|0.0|0.0|0.0|QGRASS|-|1.0|1.0|0.0|0.0|-8.0|-8.0|0.0|0.0|504.0|504.0|504.0|504.0
UTNTSkyEdge_tntle_12225_0_terrain_1_1|12225|0|2|2035|2748|18210.0|904.0|18119.0|813.0|18164.853553390592|858.1464466094068|0.0|0.0|0.0|QGRASS|QGRASS|1.0|1.0|0.0|0.0|1.28|grass|-|SG002403|-|1095|1|1|2748|QGRASS|-|1.0|1.0|0.0|0.0|0.0|QGRASS|-|1.0|1.0|0.0|0.0|-8.0|-8.0|0.0|0.0|504.0|504.0|504.0|504.0
UTNTSkyEdge_tntle_12226_0_terrain_1_0|12226|0|2|2035|2748|18119.0|813.0|18074.0|677.0|18096.025310470304|745.1570663885022|0.0|0.0|0.0|QGRASS|QGRASS|1.0|1.0|0.0|0.0|1.28|grass|-|SG002411|-|1277|1|0|2748|QGRASS|-|1.0|1.0|0.0|0.0|0.0|QGRASS|-|1.0|1.0|0.0|0.0|-8.0|-8.0|0.0|0.0|504.0|504.0|504.0|504.0
UTNTSkyEdge_tntle_12226_0_terrain_1_1|12226|0|2|2035|2748|18119.0|813.0|18074.0|677.0|18096.974689529696|744.8429336114978|0.0|0.0|0.0|QGRASS|QGRASS|1.0|1.0|0.0|0.0|1.28|grass|-|SG002403|-|1095|1|1|2748|QGRASS|-|1.0|1.0|0.0|0.0|0.0|QGRASS|-|1.0|1.0|0.0|0.0|-8.0|-8.0|0.0|0.0|504.0|504.0|504.0|504.0
UTNTSkyEdge_tntle_12227_0_terrain_1_0|12227|0|2|2035|2748|18074.0|677.0|18029.0|632.0|18051.146446609408|654.8535533905932|0.0|0.0|0.0|QGRASS|QGRASS|1.0|1.0|0.0|0.0|1.28|grass|-|SG002411|-|1277|1|0|2748|QGRASS|-|1.0|1.0|0.0|0.0|0.0|QGRASS|-|1.0|1.0|0.0|0.0|-8.0|-8.0|0.0|0.0|504.0|504.0|504.0|504.0
UTNTSkyEdge_tntle_12227_0_terrain_1_1|12227|0|2|2035|2748|18074.0|677.0|18029.0|632.0|18051.853553390592|654.1464466094068|0.0|0.0|0.0|QGRASS|QGRASS|1.0|1.0|0.0|0.0|1.28|grass|-|SG002403|-|1095|1|1|2748|QGRASS|-|1.0|1.0|0.0|0.0|0.0|QGRASS|-|1.0|1.0|0.0|0.0|-8.0|-8.0|0.0|0.0|504.0|504.0|504.0|504.0
UTNTSkyEdge_tntle_12228_0_terrain_1_0|12228|0|2|2747|2039|15312.0|1264.0|15376.0|1168.0|15343.58397485283|1215.7226499018873|56.0|56.0|56.0|QROCK3|QROCK3X8|1.0|1.0|242.377640815|72.0|8|rock|-|SG002147|-|1092|1|0|2039|XA11TEX|-|1.0|1.0|0.0|0.0|0.0|QROCK3X8|-|1.0|1.0|242.377640815|72.0|0.0|0.0|56.0|56.0|504.0|504.0|504.0|504.0
UTNTSkyEdge_tntle_12228_0_terrain_1_1|12228|0|2|2747|2039|15312.0|1264.0|15376.0|1168.0|15344.41602514717|1216.2773500981127|56.0|56.0|56.0|QROCK3|XA11TEX|1.0|1.0|0.0|0.0|8|gravel|-|SG002412|-|1278|1|1|2039|XA11TEX|-|1.0|1.0|0.0|0.0|0.0|QROCK3X8|-|1.0|1.0|242.377640815|72.0|0.0|0.0|56.0|56.0|504.0|504.0|504.0|504.0
UTNTSkyEdge_tntle_12229_0_terrain_1_0|12229|0|2|2747|2039|15376.0|1168.0|15440.0|1168.0|15408.0|1167.5|56.0|56.0|56.0|QROCK3|QROCK3X8|1.0|1.0|357.75528163|72.0|8|rock|-|SG002147|-|1092|1|0|2039|XA11TEX|-|1.0|1.0|0.0|0.0|0.0|QROCK3X8|-|1.0|1.0|357.75528163|72.0|0.0|0.0|56.0|56.0|504.0|504.0|504.0|504.0
UTNTSkyEdge_tntle_12229_0_terrain_1_1|12229|0|2|2747|2039|15376.0|1168.0|15440.0|1168.0|15408.0|1168.5|56.0|56.0|56.0|QROCK3|XA11TEX|1.0|1.0|0.0|0.0|8|gravel|-|SG002412|-|1278|1|1|2039|XA11TEX|-|1.0|1.0|0.0|0.0|0.0|QROCK3X8|-|1.0|1.0|357.75528163|72.0|0.0|0.0|56.0|56.0|504.0|504.0|504.0|504.0
UTNTSkyEdge_tntle_12230_0_terrain_1_0|12230|0|2|2747|2039|15440.0|1168.0|15600.0|1104.0|15519.814304661822|1135.5357616545573|56.0|56.0|56.0|QROCK3|QROCK3X8|1.0|1.0|421.75528163|72.0|8|rock|-|SG002147|-|1092|1|0|2039|XA11TEX|-|1.0|1.0|0.0|0.0|0.0|QROCK3X8|-|1.0|1.0|421.75528163|72.0|0.0|0.0|56.0|56.0|504.0|504.0|504.0|504.0
UTNTSkyEdge_tntle_12230_0_terrain_1_1|12230|0|2|2747|2039|15440.0|1168.0|15600.0|1104.0|15520.185695338178|1136.4642383454427|56.0|56.0|56.0|QROCK3|XA11TEX|1.0|1.0|0.0|0.0|8|gravel|-|SG002412|-|1278|1|1|2039|XA11TEX|-|1.0|1.0|0.0|0.0|0.0|QROCK3X8|-|1.0|1.0|421.75528163|72.0|0.0|0.0|56.0|56.0|504.0|504.0|504.0|504.0
UTNTSkyEdge_tntle_12231_0_terrain_1_0|12231|0|2|2747|2039|15600.0|1104.0|15664.0|1168.0|15632.353553390592|1135.6464466094067|56.0|56.0|56.0|QROCK3|QROCK3X8|1.0|1.0|594.080555458|72.0|8|rock|-|SG002147|-|1092|1|0|2039|XA11TEX|-|1.0|1.0|0.0|0.0|0.0|QROCK3X8|-|1.0|1.0|594.080555458|72.0|0.0|0.0|56.0|56.0|504.0|504.0|504.0|504.0
UTNTSkyEdge_tntle_12231_0_terrain_1_1|12231|0|2|2747|2039|15600.0|1104.0|15664.0|1168.0|15631.646446609408|1136.3535533905933|56.0|56.0|56.0|QROCK3|XA11TEX|1.0|1.0|0.0|0.0|8|gravel|-|SG002412|-|1278|1|1|2039|XA11TEX|-|1.0|1.0|0.0|0.0|0.0|QROCK3X8|-|1.0|1.0|594.080555458|72.0|0.0|0.0|56.0|56.0|504.0|504.0|504.0|504.0
UTNTSkyEdge_tntle_12232_0_terrain_1_0|12232|0|2|2747|2039|15664.0|1168.0|15632.0|1232.0|15648.4472135955|1200.2236067977499|56.0|56.0|56.0|QROCK3|QROCK3X8|1.0|1.0|684.59022345|72.0|8|rock|-|SG002147|-|1092|1|0|2039|XA11TEX|-|1.0|1.0|0.0|0.0|0.0|QROCK3X8|-|1.0|1.0|684.59022345|72.0|0.0|0.0|56.0|56.0|504.0|504.0|504.0|504.0
UTNTSkyEdge_tntle_12232_0_terrain_1_1|12232|0|2|2747|2039|15664.0|1168.0|15632.0|1232.0|15647.5527864045|1199.7763932022501|56.0|56.0|56.0|QROCK3|XA11TEX|1.0|1.0|0.0|0.0|8|gravel|-|SG002412|-|1278|1|1|2039|XA11TEX|-|1.0|1.0|0.0|0.0|0.0|QROCK3X8|-|1.0|1.0|684.59022345|72.0|0.0|0.0|56.0|56.0|504.0|504.0|504.0|504.0
UTNTSkyEdge_tntle_12233_0_terrain_1_0|12233|0|2|2747|2039|15632.0|1232.0|15568.0|1360.0|15600.4472135955|1296.2236067977499|56.0|56.0|56.0|QROCK3|QROCK3X8|1.0|1.0|756.14439873|72.0|8|rock|-|SG002147|-|1092|1|0|2039|XA11TEX|-|1.0|1.0|0.0|0.0|0.0|QROCK3X8|-|1.0|1.0|756.14439873|72.0|0.0|0.0|56.0|56.0|504.0|504.0|504.0|504.0
UTNTSkyEdge_tntle_12233_0_terrain_1_1|12233|0|2|2747|2039|15632.0|1232.0|15568.0|1360.0|15599.5527864045|1295.7763932022501|56.0|56.0|56.0|QROCK3|XA11TEX|1.0|1.0|0.0|0.0|8|gravel|-|SG002412|-|1278|1|1|2039|XA11TEX|-|1.0|1.0|0.0|0.0|0.0|QROCK3X8|-|1.0|1.0|756.14439873|72.0|0.0|0.0|56.0|56.0|504.0|504.0|504.0|504.0
UTNTSkyEdge_tntle_12234_0_terrain_1_0|12234|0|2|2747|2039|15568.0|1360.0|15472.0|1328.0|15519.841886116992|1344.4743416490253|56.0|56.0|56.0|QROCK3|QROCK3X8|1.0|1.0|899.25274929|72.0|8|rock|-|SG002147|-|1092|1|0|2039|XA11TEX|-|1.0|1.0|0.0|0.0|0.0|QROCK3X8|-|1.0|1.0|899.25274929|72.0|0.0|0.0|56.0|56.0|504.0|504.0|504.0|504.0
UTNTSkyEdge_tntle_12234_0_terrain_1_1|12234|0|2|2747|2039|15568.0|1360.0|15472.0|1328.0|15520.158113883008|1343.5256583509747|56.0|56.0|56.0|QROCK3|XA11TEX|1.0|1.0|0.0|0.0|8|gravel|-|SG002412|-|1278|1|1|2039|XA11TEX|-|1.0|1.0|0.0|0.0|0.0|QROCK3X8|-|1.0|1.0|899.25274929|72.0|0.0|0.0|56.0|56.0|504.0|504.0|504.0|504.0
UTNTSkyEdge_tntle_12235_0_terrain_1_0|12235|0|2|2747|2039|15472.0|1328.0|15408.0|1360.0|15440.22360679775|1344.4472135955|56.0|56.0|56.0|QROCK3|QROCK3X8|1.0|1.0|1000.445634415|72.0|8|rock|-|SG002147|-|1092|1|0|2039|XA11TEX|-|1.0|1.0|0.0|0.0|0.0|QROCK3X8|-|1.0|1.0|1000.445634415|72.0|0.0|0.0|56.0|56.0|504.0|504.0|504.0|504.0
UTNTSkyEdge_tntle_12235_0_terrain_1_1|12235|0|2|2747|2039|15472.0|1328.0|15408.0|1360.0|15439.77639320225|1343.5527864045|56.0|56.0|56.0|QROCK3|XA11TEX|1.0|1.0|0.0|0.0|8|gravel|-|SG002412|-|1278|1|1|2039|XA11TEX|-|1.0|1.0|0.0|0.0|0.0|QROCK3X8|-|1.0|1.0|1000.445634415|72.0|0.0|0.0|56.0|56.0|504.0|504.0|504.0|504.0
UTNTSkyEdge_tntle_12236_0_terrain_1_0|12236|0|2|2747|2039|15408.0|1360.0|15344.0|1424.0|15376.353553390592|1392.3535533905933|56.0|56.0|56.0|QROCK3|QROCK3X8|1.0|1.0|47.999809695|72.0|8|rock|-|SG002147|-|1092|1|0|2039|XA11TEX|-|1.0|1.0|0.0|0.0|0.0|QROCK3X8|-|1.0|1.0|47.999809695|72.0|0.0|0.0|56.0|56.0|504.0|504.0|504.0|504.0
UTNTSkyEdge_tntle_12236_0_terrain_1_1|12236|0|2|2747|2039|15408.0|1360.0|15344.0|1424.0|15375.646446609408|1391.6464466094067|56.0|56.0|56.0|QROCK3|XA11TEX|1.0|1.0|0.0|0.0|8|gravel|-|SG002412|-|1278|1|1|2039|XA11TEX|-|1.0|1.0|0.0|0.0|0.0|QROCK3X8|-|1.0|1.0|47.999809695|72.0|0.0|0.0|56.0|56.0|504.0|504.0|504.0|504.0
UTNTSkyEdge_tntle_12237_0_terrain_1_0|12237|0|2|2747|2039|15344.0|1424.0|15280.0|1360.0|15311.646446609408|1392.3535533905933|56.0|56.0|56.0|QROCK3|QROCK3X8|1.0|1.0|138.509477687|72.0|8|rock|-|SG002147|-|1092|1|0|2039|XA11TEX|-|1.0|1.0|0.0|0.0|0.0|QROCK3X8|-|1.0|1.0|138.509477687|72.0|0.0|0.0|56.0|56.0|504.0|504.0|504.0|504.0
UTNTSkyEdge_tntle_12237_0_terrain_1_1|12237|0|2|2747|2039|15344.0|1424.0|15280.0|1360.0|15312.353553390592|1391.6464466094067|56.0|56.0|56.0|QROCK3|XA11TEX|1.0|1.0|0.0|0.0|8|gravel|-|SG002412|-|1278|1|1|2039|XA11TEX|-|1.0|1.0|0.0|0.0|0.0|QROCK3X8|-|1.0|1.0|138.509477687|72.0|0.0|0.0|56.0|56.0|504.0|504.0|504.0|504.0
UTNTSkyEdge_tntle_12238_0_terrain_1_0|12238|0|2|2747|2039|15280.0|1360.0|15216.0|1328.0|15247.77639320225|1344.4472135955|56.0|56.0|56.0|QROCK3|QROCK3X8|1.0|1.0|229.019145679|72.0|8|rock|-|SG002147|-|1092|1|0|2039|XA11TEX|-|1.0|1.0|0.0|0.0|0.0|QROCK3X8|-|1.0|1.0|229.019145679|72.0|0.0|0.0|56.0|56.0|504.0|504.0|504.0|504.0
UTNTSkyEdge_tntle_12238_0_terrain_1_1|12238|0|2|2747|2039|15280.0|1360.0|15216.0|1328.0|15248.22360679775|1343.5527864045|56.0|56.0|56.0|QROCK3|XA11TEX|1.0|1.0|0.0|0.0|8|gravel|-|SG002412|-|1278|1|1|2039|XA11TEX|-|1.0|1.0|0.0|0.0|0.0|QROCK3X8|-|1.0|1.0|229.019145679|72.0|0.0|0.0|56.0|56.0|504.0|504.0|504.0|504.0
UTNTSkyEdge_tntle_12239_0_terrain_1_0|12239|0|2|2747|2039|15216.0|1328.0|15312.0|1264.0|15263.722649901887|1295.583974852831|56.0|56.0|56.0|QROCK3|QROCK3X8|1.0|1.0|127.0|72.0|8|rock|-|SG002147|-|1092|1|0|2039|XA11TEX|-|1.0|1.0|0.0|0.0|0.0|QROCK3X8|-|1.0|1.0|127.0|72.0|0.0|0.0|56.0|56.0|504.0|504.0|504.0|504.0
UTNTSkyEdge_tntle_12239_0_terrain_1_1|12239|0|2|2747|2039|15216.0|1328.0|15312.0|1264.0|15264.277350098113|1296.416025147169|56.0|56.0|56.0|QROCK3|XA11TEX|1.0|1.0|0.0|0.0|8|gravel|-|SG002412|-|1278|1|1|2039|XA11TEX|-|1.0|1.0|0.0|0.0|0.0|QROCK3X8|-|1.0|1.0|127.0|72.0|0.0|0.0|56.0|56.0|504.0|504.0|504.0|504.0
UTNTSkyEdge_tntle_12240_1_terrain_1_0|12240|1|2|2039|2040|15280.0|1344.0|15248.0|1328.0|15263.77639320225|1336.4472135955|64.0|64.0|64.0|RROCK19|XA35TEX|1.0|1.0|63.315384354|64.0|1.28|soil|-|SG002413|-|1278|1|0|2040|XA35TEX|-|1.0|1.0|0.0|0.0|0.0|XA35TEX|-|1.0|1.0|63.315384354|64.0|56.0|56.0|64.0|64.0|504.0|504.0|504.0|504.0
UTNTSkyEdge_tntle_12240_1_terrain_1_1|12240|1|2|2039|2040|15280.0|1344.0|15248.0|1328.0|15264.22360679775|1335.5527864045|64.0|64.0|64.0|RROCK19|XA35TEX|1.0|1.0|0.0|0.0|1.28|soil|-|SG002414|-|1279|1|1|2040|XA35TEX|-|1.0|1.0|0.0|0.0|0.0|XA35TEX|-|1.0|1.0|63.315384354|64.0|56.0|56.0|64.0|64.0|504.0|504.0|504.0|504.0
UTNTSkyEdge_tntle_12241_1_terrain_1_0|12241|1|2|2039|2040|15344.0|1408.0|15280.0|1344.0|15311.646446609408|1376.3535533905933|64.0|64.0|64.0|RROCK19|XA35TEX|1.0|1.0|484.805716362|64.0|1.28|soil|-|SG002413|-|1278|1|0|2040|XA35TEX|-|1.0|1.0|0.0|0.0|0.0|XA35TEX|-|1.0|1.0|484.805716362|64.0|56.0|56.0|64.0|64.0|504.0|504.0|504.0|504.0
UTNTSkyEdge_tntle_12241_1_terrain_1_1|12241|1|2|2039|2040|15344.0|1408.0|15280.0|1344.0|15312.353553390592|1375.6464466094067|64.0|64.0|64.0|RROCK19|XA35TEX|1.0|1.0|0.0|0.0|1.28|soil|-|SG002414|-|1279|1|1|2040|XA35TEX|-|1.0|1.0|0.0|0.0|0.0|XA35TEX|-|1.0|1.0|484.805716362|64.0|56.0|56.0|64.0|64.0|504.0|504.0|504.0|504.0
UTNTSkyEdge_tntle_12242_1_terrain_1_0|12242|1|2|2039|2040|15408.0|1344.0|15344.0|1408.0|15376.353553390592|1376.3535533905933|64.0|64.0|64.0|RROCK19|XA35TEX|1.0|1.0|394.29604837|64.0|1.28|soil|-|SG002413|-|1278|1|0|2040|XA35TEX|-|1.0|1.0|0.0|0.0|0.0|XA35TEX|-|1.0|1.0|394.29604837|64.0|56.0|56.0|64.0|64.0|504.0|504.0|504.0|504.0
UTNTSkyEdge_tntle_12242_1_terrain_1_1|12242|1|2|2039|2040|15408.0|1344.0|15344.0|1408.0|15375.646446609408|1375.6464466094067|64.0|64.0|64.0|RROCK19|XA35TEX|1.0|1.0|0.0|0.0|1.28|soil|-|SG002414|-|1279|1|1|2040|XA35TEX|-|1.0|1.0|0.0|0.0|0.0|XA35TEX|-|1.0|1.0|394.29604837|64.0|56.0|56.0|64.0|64.0|504.0|504.0|504.0|504.0
UTNTSkyEdge_tntle_12243_1_terrain_1_0|12243|1|2|2039|2040|15472.0|1312.0|15408.0|1344.0|15440.22360679775|1328.4472135955|64.0|64.0|64.0|RROCK19|XA35TEX|1.0|1.0|322.74187309|64.0|1.28|soil|-|SG002413|-|1278|1|0|2040|XA35TEX|-|1.0|1.0|0.0|0.0|0.0|XA35TEX|-|1.0|1.0|322.74187309|64.0|56.0|56.0|64.0|64.0|504.0|504.0|504.0|504.0
UTNTSkyEdge_tntle_12243_1_terrain_1_1|12243|1|2|2039|2040|15472.0|1312.0|15408.0|1344.0|15439.77639320225|1327.5527864045|64.0|64.0|64.0|RROCK19|XA35TEX|1.0|1.0|0.0|0.0|1.28|soil|-|SG002414|-|1279|1|1|2040|XA35TEX|-|1.0|1.0|0.0|0.0|0.0|XA35TEX|-|1.0|1.0|322.74187309|64.0|56.0|56.0|64.0|64.0|504.0|504.0|504.0|504.0
UTNTSkyEdge_tntle_12244_1_terrain_1_0|12244|1|2|2039|2040|15552.0|1344.0|15472.0|1312.0|15511.814304661822|1328.4642383454427|64.0|64.0|64.0|RROCK19|XA35TEX|1.0|1.0|236.579236176|64.0|1.28|soil|-|SG002413|-|1278|1|0|2040|XA35TEX|-|1.0|1.0|0.0|0.0|0.0|XA35TEX|-|1.0|1.0|236.579236176|64.0|56.0|56.0|64.0|64.0|504.0|504.0|504.0|504.0
UTNTSkyEdge_tntle_12244_1_terrain_1_1|12244|1|2|2039|2040|15552.0|1344.0|15472.0|1312.0|15512.185695338178|1327.5357616545573|64.0|64.0|64.0|RROCK19|XA35TEX|1.0|1.0|0.0|0.0|1.28|soil|-|SG002414|-|1279|1|1|2040|XA35TEX|-|1.0|1.0|0.0|0.0|0.0|XA35TEX|-|1.0|1.0|236.579236176|64.0|56.0|56.0|64.0|64.0|504.0|504.0|504.0|504.0
UTNTSkyEdge_tntle_12245_1_terrain_1_0|12245|1|2|2039|2040|15600.0|1264.0|15552.0|1344.0|15576.428746462856|1304.2572478777138|64.0|64.0|64.0|RROCK19|XA35TEX|1.0|1.0|143.284005859|64.0|1.28|soil|-|SG002413|-|1278|1|0|2040|XA35TEX|-|1.0|1.0|0.0|0.0|0.0|XA35TEX|-|1.0|1.0|143.284005859|64.0|56.0|56.0|64.0|64.0|504.0|504.0|504.0|504.0
UTNTSkyEdge_tntle_12245_1_terrain_1_1|12245|1|2|2039|2040|15600.0|1264.0|15552.0|1344.0|15575.571253537144|1303.7427521222862|64.0|64.0|64.0|RROCK19|XA35TEX|1.0|1.0|0.0|0.0|1.28|soil|-|SG002414|-|1279|1|1|2040|XA35TEX|-|1.0|1.0|0.0|0.0|0.0|XA35TEX|-|1.0|1.0|143.284005859|64.0|56.0|56.0|64.0|64.0|504.0|504.0|504.0|504.0
UTNTSkyEdge_tntle_12246_1_terrain_1_0|12246|1|2|2039|2040|15648.0|1168.0|15600.0|1264.0|15624.4472135955|1216.2236067977499|64.0|64.0|64.0|RROCK19|XA35TEX|1.0|1.0|35.952742939|64.0|1.28|soil|-|SG002413|-|1278|1|0|2040|XA35TEX|-|1.0|1.0|0.0|0.0|0.0|XA35TEX|-|1.0|1.0|35.952742939|64.0|56.0|56.0|64.0|64.0|504.0|504.0|504.0|504.0
UTNTSkyEdge_tntle_12246_1_terrain_1_1|12246|1|2|2039|2040|15648.0|1168.0|15600.0|1264.0|15623.5527864045|1215.7763932022501|64.0|64.0|64.0|RROCK19|XA35TEX|1.0|1.0|0.0|0.0|1.28|soil|-|SG002414|-|1279|1|1|2040|XA35TEX|-|1.0|1.0|0.0|0.0|0.0|XA35TEX|-|1.0|1.0|35.952742939|64.0|56.0|56.0|64.0|64.0|504.0|504.0|504.0|504.0
UTNTSkyEdge_tntle_12247_1_terrain_1_0|12247|1|2|2039|2040|15600.0|1120.0|15648.0|1168.0|15624.353553390592|1143.6464466094067|64.0|64.0|64.0|RROCK19|XA35TEX|1.0|1.0|480.070491945|64.0|1.28|soil|-|SG002413|-|1278|1|0|2040|XA35TEX|-|1.0|1.0|0.0|0.0|0.0|XA35TEX|-|1.0|1.0|480.070491945|64.0|56.0|56.0|64.0|64.0|504.0|504.0|504.0|504.0
UTNTSkyEdge_tntle_12247_1_terrain_1_1|12247|1|2|2039|2040|15600.0|1120.0|15648.0|1168.0|15623.646446609408|1144.3535533905933|64.0|64.0|64.0|RROCK19|XA35TEX|1.0|1.0|0.0|0.0|1.28|soil|-|SG002414|-|1279|1|1|2040|XA35TEX|-|1.0|1.0|0.0|0.0|0.0|XA35TEX|-|1.0|1.0|480.070491945|64.0|56.0|56.0|64.0|64.0|504.0|504.0|504.0|504.0
UTNTSkyEdge_tntle_12248_1_terrain_1_0|12248|1|2|2039|2040|15440.0|1184.0|15600.0|1120.0|15519.814304661822|1151.5357616545573|64.0|64.0|64.0|RROCK19|XA35TEX|1.0|1.0|307.745218116|64.0|1.28|soil|-|SG002413|-|1278|1|0|2040|XA35TEX|-|1.0|1.0|0.0|0.0|0.0|XA35TEX|-|1.0|1.0|307.745218116|64.0|56.0|56.0|64.0|64.0|504.0|504.0|504.0|504.0
UTNTSkyEdge_tntle_12248_1_terrain_1_1|12248|1|2|2039|2040|15440.0|1184.0|15600.0|1120.0|15520.185695338178|1152.4642383454427|64.0|64.0|64.0|RROCK19|XA35TEX|1.0|1.0|0.0|0.0|1.28|soil|-|SG002414|-|1279|1|1|2040|XA35TEX|-|1.0|1.0|0.0|0.0|0.0|XA35TEX|-|1.0|1.0|307.745218116|64.0|56.0|56.0|64.0|64.0|504.0|504.0|504.0|504.0
UTNTSkyEdge_tntle_12249_1_terrain_1_0|12249|1|2|2039|2040|15376.0|1184.0|15440.0|1184.0|15408.0|1183.5|64.0|64.0|64.0|RROCK19|XA35TEX|1.0|1.0|243.745218116|64.0|1.28|soil|-|SG002413|-|1278|1|0|2040|XA35TEX|-|1.0|1.0|0.0|0.0|0.0|XA35TEX|-|1.0|1.0|243.745218116|64.0|56.0|56.0|64.0|64.0|504.0|504.0|504.0|504.0
UTNTSkyEdge_tntle_12249_1_terrain_1_1|12249|1|2|2039|2040|15376.0|1184.0|15440.0|1184.0|15408.0|1184.5|64.0|64.0|64.0|RROCK19|XA35TEX|1.0|1.0|0.0|0.0|1.28|soil|-|SG002414|-|1279|1|1|2040|XA35TEX|-|1.0|1.0|0.0|0.0|0.0|XA35TEX|-|1.0|1.0|243.745218116|64.0|56.0|56.0|64.0|64.0|504.0|504.0|504.0|504.0
UTNTSkyEdge_tntle_12250_1_terrain_1_0|12250|1|2|2039|2040|15328.0|1264.0|15376.0|1184.0|15351.571253537144|1223.7427521222862|64.0|64.0|64.0|RROCK19|XA35TEX|1.0|1.0|150.449987799|64.0|1.28|soil|-|SG002413|-|1278|1|0|2040|XA35TEX|-|1.0|1.0|0.0|0.0|0.0|XA35TEX|-|1.0|1.0|150.449987799|64.0|56.0|56.0|64.0|64.0|504.0|504.0|504.0|504.0
UTNTSkyEdge_tntle_12250_1_terrain_1_1|12250|1|2|2039|2040|15328.0|1264.0|15376.0|1184.0|15352.428746462856|1224.2572478777138|64.0|64.0|64.0|RROCK19|XA35TEX|1.0|1.0|0.0|0.0|1.28|soil|-|SG002414|-|1279|1|1|2040|XA35TEX|-|1.0|1.0|0.0|0.0|0.0|XA35TEX|-|1.0|1.0|150.449987799|64.0|56.0|56.0|64.0|64.0|504.0|504.0|504.0|504.0
UTNTSkyEdge_tntle_12251_1_terrain_1_0|12251|1|2|2039|2040|15248.0|1328.0|15328.0|1264.0|15287.687652476223|1295.6095655952786|64.0|64.0|64.0|RROCK19|XA35TEX|1.0|1.0|48.0|64.0|1.28|soil|-|SG002413|-|1278|1|0|2040|XA35TEX|-|1.0|1.0|0.0|0.0|0.0|XA35TEX|-|1.0|1.0|48.0|64.0|56.0|56.0|64.0|64.0|504.0|504.0|504.0|504.0
UTNTSkyEdge_tntle_12251_1_terrain_1_1|12251|1|2|2039|2040|15248.0|1328.0|15328.0|1264.0|15288.312347523777|1296.3904344047214|64.0|64.0|64.0|RROCK19|XA35TEX|1.0|1.0|0.0|0.0|1.28|soil|-|SG002414|-|1279|1|1|2040|XA35TEX|-|1.0|1.0|0.0|0.0|0.0|XA35TEX|-|1.0|1.0|48.0|64.0|56.0|56.0|64.0|64.0|504.0|504.0|504.0|504.0
UTNTSkyEdge_tntle_12252_1_terrain_1_0|12252|1|2|2040|2038|15456.0|1248.0|15472.0|1200.0|15463.525658350974|1223.8418861169916|112.0|112.0|112.0|QROCK3|QROCK3X8|1.0|1.0|200.586096916|16.0|7.68|rock|-|SG002415|-|1279|1|0|2038|XA11TEX|-|1.0|1.0|0.0|0.0|0.0|QROCK3X8|-|1.0|1.0|200.586096916|16.0|64.0|64.0|112.0|112.0|504.0|504.0|504.0|504.0
UTNTSkyEdge_tntle_12252_1_terrain_1_1|12252|1|2|2040|2038|15456.0|1248.0|15472.0|1200.0|15464.474341649026|1224.1581138830084|112.0|112.0|112.0|QROCK3|XA11TEX|1.0|1.0|0.0|0.0|7.68|gravel|-|SG002416|-|1280|1|1|2038|XA11TEX|-|1.0|1.0|0.0|0.0|0.0|QROCK3X8|-|1.0|1.0|200.586096916|16.0|64.0|64.0|112.0|112.0|504.0|504.0|504.0|504.0
UTNTSkyEdge_tntle_12253_1_terrain_1_0|12253|1|2|2040|2038|15520.0|1280.0|15456.0|1248.0|15487.77639320225|1264.4472135955|112.0|112.0|112.0|QROCK3|QROCK3X8|1.0|1.0|129.031921636|16.0|7.68|rock|-|SG002415|-|1279|1|0|2038|XA11TEX|-|1.0|1.0|0.0|0.0|0.0|QROCK3X8|-|1.0|1.0|129.031921636|16.0|64.0|64.0|112.0|112.0|504.0|504.0|504.0|504.0
UTNTSkyEdge_tntle_12253_1_terrain_1_1|12253|1|2|2040|2038|15520.0|1280.0|15456.0|1248.0|15488.22360679775|1263.5527864045|112.0|112.0|112.0|QROCK3|XA11TEX|1.0|1.0|0.0|0.0|7.68|gravel|-|SG002416|-|1280|1|1|2038|XA11TEX|-|1.0|1.0|0.0|0.0|0.0|QROCK3X8|-|1.0|1.0|129.031921636|16.0|64.0|64.0|112.0|112.0|504.0|504.0|504.0|504.0
UTNTSkyEdge_tntle_12254_1_terrain_1_0|12254|1|2|2040|2038|15552.0|1248.0|15520.0|1280.0|15536.353553390592|1264.3535533905933|112.0|112.0|112.0|QROCK3|QROCK3X8|1.0|1.0|83.77708764|16.0|7.68|rock|-|SG002415|-|1279|1|0|2038|XA11TEX|-|1.0|1.0|0.0|0.0|0.0|QROCK3X8|-|1.0|1.0|83.77708764|16.0|64.0|64.0|112.0|112.0|504.0|504.0|504.0|504.0
UTNTSkyEdge_tntle_12254_1_terrain_1_1|12254|1|2|2040|2038|15552.0|1248.0|15520.0|1280.0|15535.646446609408|1263.6464466094067|112.0|112.0|112.0|QROCK3|XA11TEX|1.0|1.0|0.0|0.0|7.68|gravel|-|SG002416|-|1280|1|1|2038|XA11TEX|-|1.0|1.0|0.0|0.0|0.0|QROCK3X8|-|1.0|1.0|83.77708764|16.0|64.0|64.0|112.0|112.0|504.0|504.0|504.0|504.0
UTNTSkyEdge_tntle_12255_1_terrain_1_0|12255|1|2|2040|2038|15584.0|1232.0|15552.0|1248.0|15568.22360679775|1240.4472135955|112.0|112.0|112.0|QROCK3|QROCK3X8|1.0|1.0|48.0|16.0|7.68|rock|-|SG002415|-|1279|1|0|2038|XA11TEX|-|1.0|1.0|0.0|0.0|0.0|QROCK3X8|-|1.0|1.0|48.0|16.0|64.0|64.0|112.0|112.0|504.0|504.0|504.0|504.0
UTNTSkyEdge_tntle_12255_1_terrain_1_1|12255|1|2|2040|2038|15584.0|1232.0|15552.0|1248.0|15567.77639320225|1239.5527864045|112.0|112.0|112.0|QROCK3|XA11TEX|1.0|1.0|0.0|0.0|7.68|gravel|-|SG002416|-|1280|1|1|2038|XA11TEX|-|1.0|1.0|0.0|0.0|0.0|QROCK3X8|-|1.0|1.0|48.0|16.0|64.0|64.0|112.0|112.0|504.0|504.0|504.0|504.0
UTNTSkyEdge_tntle_12256_1_terrain_1_0|12256|1|2|2040|2038|15584.0|1184.0|15584.0|1232.0|15584.5|1208.0|112.0|112.0|112.0|QROCK3|QROCK3X8|1.0|1.0|0.0|16.0|7.68|rock|-|SG002415|-|1279|1|0|2038|XA11TEX|-|1.0|1.0|0.0|0.0|0.0|QROCK3X8|-|1.0|1.0|0.0|16.0|64.0|64.0|112.0|112.0|504.0|504.0|504.0|504.0
UTNTSkyEdge_tntle_12256_1_terrain_1_1|12256|1|2|2040|2038|15584.0|1184.0|15584.0|1232.0|15583.5|1208.0|112.0|112.0|112.0|QROCK3|XA11TEX|1.0|1.0|0.0|0.0|7.68|gravel|-|SG002416|-|1280|1|1|2038|XA11TEX|-|1.0|1.0|0.0|0.0|0.0|QROCK3X8|-|1.0|1.0|0.0|16.0|64.0|64.0|112.0|112.0|504.0|504.0|504.0|504.0
UTNTSkyEdge_tntle_12257_1_terrain_1_0|12257|1|2|2040|2038|15552.0|1184.0|15584.0|1184.0|15568.0|1183.5|112.0|112.0|112.0|QROCK3|QROCK3X8|1.0|1.0|332.766851696|16.0|7.68|rock|-|SG002415|-|1279|1|0|2038|XA11TEX|-|1.0|1.0|0.0|0.0|0.0|QROCK3X8|-|1.0|1.0|332.766851696|16.0|64.0|64.0|112.0|112.0|504.0|504.0|504.0|504.0
UTNTSkyEdge_tntle_12257_1_terrain_1_1|12257|1|2|2040|2038|15552.0|1184.0|15584.0|1184.0|15568.0|1184.5|112.0|112.0|112.0|QROCK3|XA11TEX|1.0|1.0|0.0|0.0|7.68|gravel|-|SG002416|-|1280|1|1|2038|XA11TEX|-|1.0|1.0|0.0|0.0|0.0|QROCK3X8|-|1.0|1.0|332.766851696|16.0|64.0|64.0|112.0|112.0|504.0|504.0|504.0|504.0
UTNTSkyEdge_tntle_12258_1_terrain_1_0|12258|1|2|2040|2038|15472.0|1200.0|15552.0|1184.0|15511.90194193243|1191.5097096621546|112.0|112.0|112.0|QROCK3|QROCK3X8|1.0|1.0|251.182539479|16.0|7.68|rock|-|SG002415|-|1279|1|0|2038|XA11TEX|-|1.0|1.0|0.0|0.0|0.0|QROCK3X8|-|1.0|1.0|251.182539479|16.0|64.0|64.0|112.0|112.0|504.0|504.0|504.0|504.0
UTNTSkyEdge_tntle_12258_1_terrain_1_1|12258|1|2|2040|2038|15472.0|1200.0|15552.0|1184.0|15512.09805806757|1192.4902903378454|112.0|112.0|112.0|QROCK3|XA11TEX|1.0|1.0|0.0|0.0|7.68|gravel|-|SG002416|-|1280|1|1|2038|XA11TEX|-|1.0|1.0|0.0|0.0|0.0|QROCK3X8|-|1.0|1.0|251.182539479|16.0|64.0|64.0|112.0|112.0|504.0|504.0|504.0|504.0
UTNTSkyEdge_tntle_12259_0_terrain_1_0|12259|0|2|2748|2042|17104.0|880.0|17168.0|784.0|17135.58397485283|831.7226499018874|56.0|56.0|56.0|QROCK3|QROCK3X8|1.0|1.0|242.377640815|72.0|8|rock|-|SG002150|-|1095|1|0|2042|XA11TEX|-|1.0|1.0|0.0|0.0|0.0|QROCK3X8|-|1.0|1.0|242.377640815|72.0|0.0|0.0|56.0|56.0|504.0|504.0|504.0|504.0
UTNTSkyEdge_tntle_12259_0_terrain_1_1|12259|0|2|2748|2042|17104.0|880.0|17168.0|784.0|17136.41602514717|832.2773500981126|56.0|56.0|56.0|QROCK3|XA11TEX|1.0|1.0|0.0|0.0|8|gravel|-|SG002417|-|1281|1|1|2042|XA11TEX|-|1.0|1.0|0.0|0.0|0.0|QROCK3X8|-|1.0|1.0|242.377640815|72.0|0.0|0.0|56.0|56.0|504.0|504.0|504.0|504.0
UTNTSkyEdge_tntle_12260_0_terrain_1_0|12260|0|2|2748|2042|17168.0|784.0|17232.0|784.0|17200.0|783.5|56.0|56.0|56.0|QROCK3|QROCK3X8|1.0|1.0|357.75528163|72.0|8|rock|-|SG002150|-|1095|1|0|2042|XA11TEX|-|1.0|1.0|0.0|0.0|0.0|QROCK3X8|-|1.0|1.0|357.75528163|72.0|0.0|0.0|56.0|56.0|504.0|504.0|504.0|504.0
UTNTSkyEdge_tntle_12260_0_terrain_1_1|12260|0|2|2748|2042|17168.0|784.0|17232.0|784.0|17200.0|784.5|56.0|56.0|56.0|QROCK3|XA11TEX|1.0|1.0|0.0|0.0|8|gravel|-|SG002417|-|1281|1|1|2042|XA11TEX|-|1.0|1.0|0.0|0.0|0.0|QROCK3X8|-|1.0|1.0|357.75528163|72.0|0.0|0.0|56.0|56.0|504.0|504.0|504.0|504.0
UTNTSkyEdge_tntle_12261_0_terrain_1_0|12261|0|2|2748|2042|17232.0|784.0|17392.0|720.0|17311.814304661824|751.5357616545574|56.0|56.0|56.0|QROCK3|QROCK3X8|1.0|1.0|421.75528163|72.0|8|rock|-|SG002150|-|1095|1|0|2042|XA11TEX|-|1.0|1.0|0.0|0.0|0.0|QROCK3X8|-|1.0|1.0|421.75528163|72.0|0.0|0.0|56.0|56.0|504.0|504.0|504.0|504.0
UTNTSkyEdge_tntle_12261_0_terrain_1_1|12261|0|2|2748|2042|17232.0|784.0|17392.0|720.0|17312.185695338176|752.4642383454426|56.0|56.0|56.0|QROCK3|XA11TEX|1.0|1.0|0.0|0.0|8|gravel|-|SG002417|-|1281|1|1|2042|XA11TEX|-|1.0|1.0|0.0|0.0|0.0|QROCK3X8|-|1.0|1.0|421.75528163|72.0|0.0|0.0|56.0|56.0|504.0|504.0|504.0|504.0
UTNTSkyEdge_tntle_12262_0_terrain_1_0|12262|0|2|2748|2042|17392.0|720.0|17456.0|784.0|17424.353553390592|751.6464466094068|56.0|56.0|56.0|QROCK3|QROCK3X8|1.0|1.0|594.080555458|72.0|8|rock|-|SG002150|-|1095|1|0|2042|XA11TEX|-|1.0|1.0|0.0|0.0|0.0|QROCK3X8|-|1.0|1.0|594.080555458|72.0|0.0|0.0|56.0|56.0|504.0|504.0|504.0|504.0
UTNTSkyEdge_tntle_12262_0_terrain_1_1|12262|0|2|2748|2042|17392.0|720.0|17456.0|784.0|17423.646446609408|752.3535533905932|56.0|56.0|56.0|QROCK3|XA11TEX|1.0|1.0|0.0|0.0|8|gravel|-|SG002417|-|1281|1|1|2042|XA11TEX|-|1.0|1.0|0.0|0.0|0.0|QROCK3X8|-|1.0|1.0|594.080555458|72.0|0.0|0.0|56.0|56.0|504.0|504.0|504.0|504.0
UTNTSkyEdge_tntle_12263_0_terrain_1_0|12263|0|2|2748|2042|17456.0|784.0|17424.0|848.0|17440.4472135955|816.22360679775|56.0|56.0|56.0|QROCK3|QROCK3X8|1.0|1.0|684.59022345|72.0|8|rock|-|SG002150|-|1095|1|0|2042|XA11TEX|-|1.0|1.0|0.0|0.0|0.0|QROCK3X8|-|1.0|1.0|684.59022345|72.0|0.0|0.0|56.0|56.0|504.0|504.0|504.0|504.0
UTNTSkyEdge_tntle_12263_0_terrain_1_1|12263|0|2|2748|2042|17456.0|784.0|17424.0|848.0|17439.5527864045|815.77639320225|56.0|56.0|56.0|QROCK3|XA11TEX|1.0|1.0|0.0|0.0|8|gravel|-|SG002417|-|1281|1|1|2042|XA11TEX|-|1.0|1.0|0.0|0.0|0.0|QROCK3X8|-|1.0|1.0|684.59022345|72.0|0.0|0.0|56.0|56.0|504.0|504.0|504.0|504.0
UTNTSkyEdge_tntle_12264_0_terrain_1_0|12264|0|2|2748|2042|17424.0|848.0|17360.0|976.0|17392.4472135955|912.22360679775|56.0|56.0|56.0|QROCK3|QROCK3X8|1.0|1.0|756.14439873|72.0|8|rock|-|SG002150|-|1095|1|0|2042|XA11TEX|-|1.0|1.0|0.0|0.0|0.0|QROCK3X8|-|1.0|1.0|756.14439873|72.0|0.0|0.0|56.0|56.0|504.0|504.0|504.0|504.0
UTNTSkyEdge_tntle_12264_0_terrain_1_1|12264|0|2|2748|2042|17424.0|848.0|17360.0|976.0|17391.5527864045|911.77639320225|56.0|56.0|56.0|QROCK3|XA11TEX|1.0|1.0|0.0|0.0|8|gravel|-|SG002417|-|1281|1|1|2042|XA11TEX|-|1.0|1.0|0.0|0.0|0.0|QROCK3X8|-|1.0|1.0|756.14439873|72.0|0.0|0.0|56.0|56.0|504.0|504.0|504.0|504.0
UTNTSkyEdge_tntle_12265_0_terrain_1_0|12265|0|2|2748|2042|17360.0|976.0|17264.0|944.0|17311.841886116992|960.4743416490253|56.0|56.0|56.0|QROCK3|QROCK3X8|1.0|1.0|899.25274929|72.0|8|rock|-|SG002150|-|1095|1|0|2042|XA11TEX|-|1.0|1.0|0.0|0.0|0.0|QROCK3X8|-|1.0|1.0|899.25274929|72.0|0.0|0.0|56.0|56.0|504.0|504.0|504.0|504.0
UTNTSkyEdge_tntle_12265_0_terrain_1_1|12265|0|2|2748|2042|17360.0|976.0|17264.0|944.0|17312.158113883008|959.5256583509747|56.0|56.0|56.0|QROCK3|XA11TEX|1.0|1.0|0.0|0.0|8|gravel|-|SG002417|-|1281|1|1|2042|XA11TEX|-|1.0|1.0|0.0|0.0|0.0|QROCK3X8|-|1.0|1.0|899.25274929|72.0|0.0|0.0|56.0|56.0|504.0|504.0|504.0|504.0
UTNTSkyEdge_tntle_12266_0_terrain_1_0|12266|0|2|2748|2042|17264.0|944.0|17200.0|976.0|17232.22360679775|960.4472135955|56.0|56.0|56.0|QROCK3|QROCK3X8|1.0|1.0|1000.445634415|72.0|8|rock|-|SG002150|-|1095|1|0|2042|XA11TEX|-|1.0|1.0|0.0|0.0|0.0|QROCK3X8|-|1.0|1.0|1000.445634415|72.0|0.0|0.0|56.0|56.0|504.0|504.0|504.0|504.0
UTNTSkyEdge_tntle_12266_0_terrain_1_1|12266|0|2|2748|2042|17264.0|944.0|17200.0|976.0|17231.77639320225|959.5527864045|56.0|56.0|56.0|QROCK3|XA11TEX|1.0|1.0|0.0|0.0|8|gravel|-|SG002417|-|1281|1|1|2042|XA11TEX|-|1.0|1.0|0.0|0.0|0.0|QROCK3X8|-|1.0|1.0|1000.445634415|72.0|0.0|0.0|56.0|56.0|504.0|504.0|504.0|504.0
UTNTSkyEdge_tntle_12267_0_terrain_1_0|12267|0|2|2748|2042|17200.0|976.0|17136.0|1040.0|17168.353553390592|1008.3535533905932|56.0|56.0|56.0|QROCK3|QROCK3X8|1.0|1.0|47.999809695|72.0|8|rock|-|SG002150|-|1095|1|0|2042|XA11TEX|-|1.0|1.0|0.0|0.0|0.0|QROCK3X8|-|1.0|1.0|47.999809695|72.0|0.0|0.0|56.0|56.0|504.0|504.0|504.0|504.0
UTNTSkyEdge_tntle_12267_0_terrain_1_1|12267|0|2|2748|2042|17200.0|976.0|17136.0|1040.0|17167.646446609408|1007.6464466094068|56.0|56.0|56.0|QROCK3|XA11TEX|1.0|1.0|0.0|0.0|8|gravel|-|SG002417|-|1281|1|1|2042|XA11TEX|-|1.0|1.0|0.0|0.0|0.0|QROCK3X8|-|1.0|1.0|47.999809695|72.0|0.0|0.0|56.0|56.0|504.0|504.0|504.0|504.0
UTNTSkyEdge_tntle_12268_0_terrain_1_0|12268|0|2|2748|2042|17136.0|1040.0|17072.0|976.0|17103.646446609408|1008.3535533905932|56.0|56.0|56.0|QROCK3|QROCK3X8|1.0|1.0|138.509477687|72.0|8|rock|-|SG002150|-|1095|1|0|2042|XA11TEX|-|1.0|1.0|0.0|0.0|0.0|QROCK3X8|-|1.0|1.0|138.509477687|72.0|0.0|0.0|56.0|56.0|504.0|504.0|504.0|504.0
UTNTSkyEdge_tntle_12268_0_terrain_1_1|12268|0|2|2748|2042|17136.0|1040.0|17072.0|976.0|17104.353553390592|1007.6464466094068|56.0|56.0|56.0|QROCK3|XA11TEX|1.0|1.0|0.0|0.0|8|gravel|-|SG002417|-|1281|1|1|2042|XA11TEX|-|1.0|1.0|0.0|0.0|0.0|QROCK3X8|-|1.0|1.0|138.509477687|72.0|0.0|0.0|56.0|56.0|504.0|504.0|504.0|504.0
UTNTSkyEdge_tntle_12269_0_terrain_1_0|12269|0|2|2748|2042|17072.0|976.0|17008.0|944.0|17039.77639320225|960.4472135955|56.0|56.0|56.0|QROCK3|QROCK3X8|1.0|1.0|229.019145679|72.0|8|rock|-|SG002150|-|1095|1|0|2042|XA11TEX|-|1.0|1.0|0.0|0.0|0.0|QROCK3X8|-|1.0|1.0|229.019145679|72.0|0.0|0.0|56.0|56.0|504.0|504.0|504.0|504.0
UTNTSkyEdge_tntle_12269_0_terrain_1_1|12269|0|2|2748|2042|17072.0|976.0|17008.0|944.0|17040.22360679775|959.5527864045|56.0|56.0|56.0|QROCK3|XA11TEX|1.0|1.0|0.0|0.0|8|gravel|-|SG002417|-|1281|1|1|2042|XA11TEX|-|1.0|1.0|0.0|0.0|0.0|QROCK3X8|-|1.0|1.0|229.019145679|72.0|0.0|0.0|56.0|56.0|504.0|504.0|504.0|504.0
UTNTSkyEdge_tntle_12270_0_terrain_1_0|12270|0|2|2748|2042|17008.0|944.0|17104.0|880.0|17055.722649901887|911.583974852831|56.0|56.0|56.0|QROCK3|QROCK3X8|1.0|1.0|127.0|72.0|8|rock|-|SG002150|-|1095|1|0|2042|XA11TEX|-|1.0|1.0|0.0|0.0|0.0|QROCK3X8|-|1.0|1.0|127.0|72.0|0.0|0.0|56.0|56.0|504.0|504.0|504.0|504.0
UTNTSkyEdge_tntle_12270_0_terrain_1_1|12270|0|2|2748|2042|17008.0|944.0|17104.0|880.0|17056.277350098113|912.416025147169|56.0|56.0|56.0|QROCK3|XA11TEX|1.0|1.0|0.0|0.0|8|gravel|-|SG002417|-|1281|1|1|2042|XA11TEX|-|1.0|1.0|0.0|0.0|0.0|QROCK3X8|-|1.0|1.0|127.0|72.0|0.0|0.0|56.0|56.0|504.0|504.0|504.0|504.0
UTNTSkyEdge_tntle_12271_1_terrain_1_0|12271|1|2|2042|2043|17072.0|960.0|17040.0|944.0|17055.77639320225|952.4472135955|64.0|64.0|64.0|RROCK19|XA35TEX|1.0|1.0|63.315384354|64.0|1.28|soil|-|SG002418|-|1281|1|0|2043|XA35TEX|-|1.0|1.0|0.0|0.0|0.0|XA35TEX|-|1.0|1.0|63.315384354|64.0|56.0|56.0|64.0|64.0|504.0|504.0|504.0|504.0
UTNTSkyEdge_tntle_12271_1_terrain_1_1|12271|1|2|2042|2043|17072.0|960.0|17040.0|944.0|17056.22360679775|951.5527864045|64.0|64.0|64.0|RROCK19|XA35TEX|1.0|1.0|0.0|0.0|1.28|soil|-|SG002419|-|1282|1|1|2043|XA35TEX|-|1.0|1.0|0.0|0.0|0.0|XA35TEX|-|1.0|1.0|63.315384354|64.0|56.0|56.0|64.0|64.0|504.0|504.0|504.0|504.0
UTNTSkyEdge_tntle_12272_1_terrain_1_0|12272|1|2|2042|2043|17136.0|1024.0|17072.0|960.0|17103.646446609408|992.3535533905932|64.0|64.0|64.0|RROCK19|XA35TEX|1.0|1.0|484.805716362|64.0|1.28|soil|-|SG002418|-|1281|1|0|2043|XA35TEX|-|1.0|1.0|0.0|0.0|0.0|XA35TEX|-|1.0|1.0|484.805716362|64.0|56.0|56.0|64.0|64.0|504.0|504.0|504.0|504.0
UTNTSkyEdge_tntle_12272_1_terrain_1_1|12272|1|2|2042|2043|17136.0|1024.0|17072.0|960.0|17104.353553390592|991.6464466094068|64.0|64.0|64.0|RROCK19|XA35TEX|1.0|1.0|0.0|0.0|1.28|soil|-|SG002419|-|1282|1|1|2043|XA35TEX|-|1.0|1.0|0.0|0.0|0.0|XA35TEX|-|1.0|1.0|484.805716362|64.0|56.0|56.0|64.0|64.0|504.0|504.0|504.0|504.0
UTNTSkyEdge_tntle_12273_1_terrain_1_0|12273|1|2|2042|2043|17200.0|960.0|17136.0|1024.0|17168.353553390592|992.3535533905932|64.0|64.0|64.0|RROCK19|XA35TEX|1.0|1.0|394.29604837|64.0|1.28|soil|-|SG002418|-|1281|1|0|2043|XA35TEX|-|1.0|1.0|0.0|0.0|0.0|XA35TEX|-|1.0|1.0|394.29604837|64.0|56.0|56.0|64.0|64.0|504.0|504.0|504.0|504.0
UTNTSkyEdge_tntle_12273_1_terrain_1_1|12273|1|2|2042|2043|17200.0|960.0|17136.0|1024.0|17167.646446609408|991.6464466094068|64.0|64.0|64.0|RROCK19|XA35TEX|1.0|1.0|0.0|0.0|1.28|soil|-|SG002419|-|1282|1|1|2043|XA35TEX|-|1.0|1.0|0.0|0.0|0.0|XA35TEX|-|1.0|1.0|394.29604837|64.0|56.0|56.0|64.0|64.0|504.0|504.0|504.0|504.0
UTNTSkyEdge_tntle_12274_1_terrain_1_0|12274|1|2|2042|2043|17264.0|928.0|17200.0|960.0|17232.22360679775|944.4472135955|64.0|64.0|64.0|RROCK19|XA35TEX|1.0|1.0|322.74187309|64.0|1.28|soil|-|SG002418|-|1281|1|0|2043|XA35TEX|-|1.0|1.0|0.0|0.0|0.0|XA35TEX|-|1.0|1.0|322.74187309|64.0|56.0|56.0|64.0|64.0|504.0|504.0|504.0|504.0
UTNTSkyEdge_tntle_12274_1_terrain_1_1|12274|1|2|2042|2043|17264.0|928.0|17200.0|960.0|17231.77639320225|943.5527864045|64.0|64.0|64.0|RROCK19|XA35TEX|1.0|1.0|0.0|0.0|1.28|soil|-|SG002419|-|1282|1|1|2043|XA35TEX|-|1.0|1.0|0.0|0.0|0.0|XA35TEX|-|1.0|1.0|322.74187309|64.0|56.0|56.0|64.0|64.0|504.0|504.0|504.0|504.0
UTNTSkyEdge_tntle_12275_1_terrain_1_0|12275|1|2|2042|2043|17344.0|960.0|17264.0|928.0|17303.814304661824|944.4642383454426|64.0|64.0|64.0|RROCK19|XA35TEX|1.0|1.0|236.579236176|64.0|1.28|soil|-|SG002418|-|1281|1|0|2043|XA35TEX|-|1.0|1.0|0.0|0.0|0.0|XA35TEX|-|1.0|1.0|236.579236176|64.0|56.0|56.0|64.0|64.0|504.0|504.0|504.0|504.0
UTNTSkyEdge_tntle_12275_1_terrain_1_1|12275|1|2|2042|2043|17344.0|960.0|17264.0|928.0|17304.185695338176|943.5357616545574|64.0|64.0|64.0|RROCK19|XA35TEX|1.0|1.0|0.0|0.0|1.28|soil|-|SG002419|-|1282|1|1|2043|XA35TEX|-|1.0|1.0|0.0|0.0|0.0|XA35TEX|-|1.0|1.0|236.579236176|64.0|56.0|56.0|64.0|64.0|504.0|504.0|504.0|504.0
UTNTSkyEdge_tntle_12276_1_terrain_1_0|12276|1|2|2042|2043|17392.0|880.0|17344.0|960.0|17368.428746462858|920.2572478777138|64.0|64.0|64.0|RROCK19|XA35TEX|1.0|1.0|143.284005859|64.0|1.28|soil|-|SG002418|-|1281|1|0|2043|XA35TEX|-|1.0|1.0|0.0|0.0|0.0|XA35TEX|-|1.0|1.0|143.284005859|64.0|56.0|56.0|64.0|64.0|504.0|504.0|504.0|504.0
UTNTSkyEdge_tntle_12276_1_terrain_1_1|12276|1|2|2042|2043|17392.0|880.0|17344.0|960.0|17367.571253537142|919.7427521222862|64.0|64.0|64.0|RROCK19|XA35TEX|1.0|1.0|0.0|0.0|1.28|soil|-|SG002419|-|1282|1|1|2043|XA35TEX|-|1.0|1.0|0.0|0.0|0.0|XA35TEX|-|1.0|1.0|143.284005859|64.0|56.0|56.0|64.0|64.0|504.0|504.0|504.0|504.0
UTNTSkyEdge_tntle_12277_1_terrain_1_0|12277|1|2|2042|2043|17440.0|784.0|17392.0|880.0|17416.4472135955|832.22360679775|64.0|64.0|64.0|RROCK19|XA35TEX|1.0|1.0|35.952742939|64.0|1.28|soil|-|SG002418|-|1281|1|0|2043|XA35TEX|-|1.0|1.0|0.0|0.0|0.0|XA35TEX|-|1.0|1.0|35.952742939|64.0|56.0|56.0|64.0|64.0|504.0|504.0|504.0|504.0
UTNTSkyEdge_tntle_12277_1_terrain_1_1|12277|1|2|2042|2043|17440.0|784.0|17392.0|880.0|17415.5527864045|831.77639320225|64.0|64.0|64.0|RROCK19|XA35TEX|1.0|1.0|0.0|0.0|1.28|soil|-|SG002419|-|1282|1|1|2043|XA35TEX|-|1.0|1.0|0.0|0.0|0.0|XA35TEX|-|1.0|1.0|35.952742939|64.0|56.0|56.0|64.0|64.0|504.0|504.0|504.0|504.0
UTNTSkyEdge_tntle_12278_1_terrain_1_0|12278|1|2|2042|2043|17392.0|736.0|17440.0|784.0|17416.353553390592|759.6464466094068|64.0|64.0|64.0|RROCK19|XA35TEX|1.0|1.0|480.070491945|64.0|1.28|soil|-|SG002418|-|1281|1|0|2043|XA35TEX|-|1.0|1.0|0.0|0.0|0.0|XA35TEX|-|1.0|1.0|480.070491945|64.0|56.0|56.0|64.0|64.0|504.0|504.0|504.0|504.0
UTNTSkyEdge_tntle_12278_1_terrain_1_1|12278|1|2|2042|2043|17392.0|736.0|17440.0|784.0|17415.646446609408|760.3535533905932|64.0|64.0|64.0|RROCK19|XA35TEX|1.0|1.0|0.0|0.0|1.28|soil|-|SG002419|-|1282|1|1|2043|XA35TEX|-|1.0|1.0|0.0|0.0|0.0|XA35TEX|-|1.0|1.0|480.070491945|64.0|56.0|56.0|64.0|64.0|504.0|504.0|504.0|504.0
UTNTSkyEdge_tntle_12279_1_terrain_1_0|12279|1|2|2042|2043|17232.0|800.0|17392.0|736.0|17311.814304661824|767.5357616545574|64.0|64.0|64.0|RROCK19|XA35TEX|1.0|1.0|307.745218116|64.0|1.28|soil|-|SG002418|-|1281|1|0|2043|XA35TEX|-|1.0|1.0|0.0|0.0|0.0|XA35TEX|-|1.0|1.0|307.745218116|64.0|56.0|56.0|64.0|64.0|504.0|504.0|504.0|504.0
UTNTSkyEdge_tntle_12279_1_terrain_1_1|12279|1|2|2042|2043|17232.0|800.0|17392.0|736.0|17312.185695338176|768.4642383454426|64.0|64.0|64.0|RROCK19|XA35TEX|1.0|1.0|0.0|0.0|1.28|soil|-|SG002419|-|1282|1|1|2043|XA35TEX|-|1.0|1.0|0.0|0.0|0.0|XA35TEX|-|1.0|1.0|307.745218116|64.0|56.0|56.0|64.0|64.0|504.0|504.0|504.0|504.0
UTNTSkyEdge_tntle_12280_1_terrain_1_0|12280|1|2|2042|2043|17168.0|800.0|17232.0|800.0|17200.0|799.5|64.0|64.0|64.0|RROCK19|XA35TEX|1.0|1.0|243.745218116|64.0|1.28|soil|-|SG002418|-|1281|1|0|2043|XA35TEX|-|1.0|1.0|0.0|0.0|0.0|XA35TEX|-|1.0|1.0|243.745218116|64.0|56.0|56.0|64.0|64.0|504.0|504.0|504.0|504.0
UTNTSkyEdge_tntle_12280_1_terrain_1_1|12280|1|2|2042|2043|17168.0|800.0|17232.0|800.0|17200.0|800.5|64.0|64.0|64.0|RROCK19|XA35TEX|1.0|1.0|0.0|0.0|1.28|soil|-|SG002419|-|1282|1|1|2043|XA35TEX|-|1.0|1.0|0.0|0.0|0.0|XA35TEX|-|1.0|1.0|243.745218116|64.0|56.0|56.0|64.0|64.0|504.0|504.0|504.0|504.0
UTNTSkyEdge_tntle_12281_1_terrain_1_0|12281|1|2|2042|2043|17120.0|880.0|17168.0|800.0|17143.571253537142|839.7427521222862|64.0|64.0|64.0|RROCK19|XA35TEX|1.0|1.0|150.449987799|64.0|1.28|soil|-|SG002418|-|1281|1|0|2043|XA35TEX|-|1.0|1.0|0.0|0.0|0.0|XA35TEX|-|1.0|1.0|150.449987799|64.0|56.0|56.0|64.0|64.0|504.0|504.0|504.0|504.0
UTNTSkyEdge_tntle_12281_1_terrain_1_1|12281|1|2|2042|2043|17120.0|880.0|17168.0|800.0|17144.428746462858|840.2572478777138|64.0|64.0|64.0|RROCK19|XA35TEX|1.0|1.0|0.0|0.0|1.28|soil|-|SG002419|-|1282|1|1|2043|XA35TEX|-|1.0|1.0|0.0|0.0|0.0|XA35TEX|-|1.0|1.0|150.449987799|64.0|56.0|56.0|64.0|64.0|504.0|504.0|504.0|504.0
UTNTSkyEdge_tntle_12282_1_terrain_1_0|12282|1|2|2042|2043|17040.0|944.0|17120.0|880.0|17079.687652476223|911.6095655952785|64.0|64.0|64.0|RROCK19|XA35TEX|1.0|1.0|48.0|64.0|1.28|soil|-|SG002418|-|1281|1|0|2043|XA35TEX|-|1.0|1.0|0.0|0.0|0.0|XA35TEX|-|1.0|1.0|48.0|64.0|56.0|56.0|64.0|64.0|504.0|504.0|504.0|504.0
UTNTSkyEdge_tntle_12282_1_terrain_1_1|12282|1|2|2042|2043|17040.0|944.0|17120.0|880.0|17080.312347523777|912.3904344047215|64.0|64.0|64.0|RROCK19|XA35TEX|1.0|1.0|0.0|0.0|1.28|soil|-|SG002419|-|1282|1|1|2043|XA35TEX|-|1.0|1.0|0.0|0.0|0.0|XA35TEX|-|1.0|1.0|48.0|64.0|56.0|56.0|64.0|64.0|504.0|504.0|504.0|504.0
UTNTSkyEdge_tntle_12283_1_terrain_1_0|12283|1|2|2043|2041|17248.0|864.0|17264.0|816.0|17255.525658350976|839.8418861169915|112.0|112.0|112.0|QROCK3|QROCK3X8|1.0|1.0|200.586096916|16.0|7.68|rock|-|SG002420|-|1282|1|0|2041|XA11TEX|-|1.0|1.0|0.0|0.0|0.0|QROCK3X8|-|1.0|1.0|200.586096916|16.0|64.0|64.0|112.0|112.0|504.0|504.0|504.0|504.0
UTNTSkyEdge_tntle_12283_1_terrain_1_1|12283|1|2|2043|2041|17248.0|864.0|17264.0|816.0|17256.474341649024|840.1581138830085|112.0|112.0|112.0|QROCK3|XA11TEX|1.0|1.0|0.0|0.0|7.68|gravel|-|SG002421|-|1283|1|1|2041|XA11TEX|-|1.0|1.0|0.0|0.0|0.0|QROCK3X8|-|1.0|1.0|200.586096916|16.0|64.0|64.0|112.0|112.0|504.0|504.0|504.0|504.0
UTNTSkyEdge_tntle_12284_1_terrain_1_0|12284|1|2|2043|2041|17312.0|896.0|17248.0|864.0|17279.77639320225|880.4472135955|112.0|112.0|112.0|QROCK3|QROCK3X8|1.0|1.0|129.031921636|16.0|7.68|rock|-|SG002420|-|1282|1|0|2041|XA11TEX|-|1.0|1.0|0.0|0.0|0.0|QROCK3X8|-|1.0|1.0|129.031921636|16.0|64.0|64.0|112.0|112.0|504.0|504.0|504.0|504.0
UTNTSkyEdge_tntle_12284_1_terrain_1_1|12284|1|2|2043|2041|17312.0|896.0|17248.0|864.0|17280.22360679775|879.5527864045|112.0|112.0|112.0|QROCK3|XA11TEX|1.0|1.0|0.0|0.0|7.68|gravel|-|SG002421|-|1283|1|1|2041|XA11TEX|-|1.0|1.0|0.0|0.0|0.0|QROCK3X8|-|1.0|1.0|129.031921636|16.0|64.0|64.0|112.0|112.0|504.0|504.0|504.0|504.0
UTNTSkyEdge_tntle_12285_1_terrain_1_0|12285|1|2|2043|2041|17344.0|864.0|17312.0|896.0|17328.353553390592|880.3535533905932|112.0|112.0|112.0|QROCK3|QROCK3X8|1.0|1.0|83.77708764|16.0|7.68|rock|-|SG002420|-|1282|1|0|2041|XA11TEX|-|1.0|1.0|0.0|0.0|0.0|QROCK3X8|-|1.0|1.0|83.77708764|16.0|64.0|64.0|112.0|112.0|504.0|504.0|504.0|504.0
UTNTSkyEdge_tntle_12285_1_terrain_1_1|12285|1|2|2043|2041|17344.0|864.0|17312.0|896.0|17327.646446609408|879.6464466094068|112.0|112.0|112.0|QROCK3|XA11TEX|1.0|1.0|0.0|0.0|7.68|gravel|-|SG002421|-|1283|1|1|2041|XA11TEX|-|1.0|1.0|0.0|0.0|0.0|QROCK3X8|-|1.0|1.0|83.77708764|16.0|64.0|64.0|112.0|112.0|504.0|504.0|504.0|504.0
UTNTSkyEdge_tntle_12286_1_terrain_1_0|12286|1|2|2043|2041|17376.0|848.0|17344.0|864.0|17360.22360679775|856.4472135955|112.0|112.0|112.0|QROCK3|QROCK3X8|1.0|1.0|48.0|16.0|7.68|rock|-|SG002420|-|1282|1|0|2041|XA11TEX|-|1.0|1.0|0.0|0.0|0.0|QROCK3X8|-|1.0|1.0|48.0|16.0|64.0|64.0|112.0|112.0|504.0|504.0|504.0|504.0
UTNTSkyEdge_tntle_12286_1_terrain_1_1|12286|1|2|2043|2041|17376.0|848.0|17344.0|864.0|17359.77639320225|855.5527864045|112.0|112.0|112.0|QROCK3|XA11TEX|1.0|1.0|0.0|0.0|7.68|gravel|-|SG002421|-|1283|1|1|2041|XA11TEX|-|1.0|1.0|0.0|0.0|0.0|QROCK3X8|-|1.0|1.0|48.0|16.0|64.0|64.0|112.0|112.0|504.0|504.0|504.0|504.0
UTNTSkyEdge_tntle_12287_1_terrain_1_0|12287|1|2|2043|2041|17376.0|800.0|17376.0|848.0|17376.5|824.0|112.0|112.0|112.0|QROCK3|QROCK3X8|1.0|1.0|0.0|16.0|7.68|rock|-|SG002420|-|1282|1|0|2041|XA11TEX|-|1.0|1.0|0.0|0.0|0.0|QROCK3X8|-|1.0|1.0|0.0|16.0|64.0|64.0|112.0|112.0|504.0|504.0|504.0|504.0
UTNTSkyEdge_tntle_12287_1_terrain_1_1|12287|1|2|2043|2041|17376.0|800.0|17376.0|848.0|17375.5|824.0|112.0|112.0|112.0|QROCK3|XA11TEX|1.0|1.0|0.0|0.0|7.68|gravel|-|SG002421|-|1283|1|1|2041|XA11TEX|-|1.0|1.0|0.0|0.0|0.0|QROCK3X8|-|1.0|1.0|0.0|16.0|64.0|64.0|112.0|112.0|504.0|504.0|504.0|504.0
UTNTSkyEdge_tntle_12288_1_terrain_1_0|12288|1|2|2043|2041|17344.0|800.0|17376.0|800.0|17360.0|799.5|112.0|112.0|112.0|QROCK3|QROCK3X8|1.0|1.0|332.766851696|16.0|7.68|rock|-|SG002420|-|1282|1|0|2041|XA11TEX|-|1.0|1.0|0.0|0.0|0.0|QROCK3X8|-|1.0|1.0|332.766851696|16.0|64.0|64.0|112.0|112.0|504.0|504.0|504.0|504.0
UTNTSkyEdge_tntle_12288_1_terrain_1_1|12288|1|2|2043|2041|17344.0|800.0|17376.0|800.0|17360.0|800.5|112.0|112.0|112.0|QROCK3|XA11TEX|1.0|1.0|0.0|0.0|7.68|gravel|-|SG002421|-|1283|1|1|2041|XA11TEX|-|1.0|1.0|0.0|0.0|0.0|QROCK3X8|-|1.0|1.0|332.766851696|16.0|64.0|64.0|112.0|112.0|504.0|504.0|504.0|504.0
UTNTSkyEdge_tntle_12289_1_terrain_1_0|12289|1|2|2043|2041|17264.0|816.0|17344.0|800.0|17303.901941932432|807.5097096621546|112.0|112.0|112.0|QROCK3|QROCK3X8|1.0|1.0|251.182539479|16.0|7.68|rock|-|SG002420|-|1282|1|0|2041|XA11TEX|-|1.0|1.0|0.0|0.0|0.0|QROCK3X8|-|1.0|1.0|251.182539479|16.0|64.0|64.0|112.0|112.0|504.0|504.0|504.0|504.0
UTNTSkyEdge_tntle_12289_1_terrain_1_1|12289|1|2|2043|2041|17264.0|816.0|17344.0|800.0|17304.098058067568|808.4902903378454|112.0|112.0|112.0|QROCK3|XA11TEX|1.0|1.0|0.0|0.0|7.68|gravel|-|SG002421|-|1283|1|1|2041|XA11TEX|-|1.0|1.0|0.0|0.0|0.0|QROCK3X8|-|1.0|1.0|251.182539479|16.0|64.0|64.0|112.0|112.0|504.0|504.0|504.0|504.0
UTNTSkyEdge_tntle_12424_0_terrain_2_1|12424|0|1|957|957|8712.0|1384.0|8832.0|1408.0|8772.09805806757|1395.5097096621546|136.0|136.0|136.0|QROCK3|XA35TEX|1.0|1.0|0.0|0.0|5|soil|-|SG002340|-|1113|2|1|957|XA35TEX|-|1.0|1.0|0.0|0.0|0.0|QROCK3X8|-|1.0|1.0|222.223571504|0.0|136.0|136.0|0|0|512.0|512.0|0|0
UTNTSkyEdge_tntle_12500_0_terrain_2_1|12500|0|1|2098|2098|10144.0|2368.0|10144.0|2272.0|10143.5|2320.0|304.0|304.0|304.0|QROCK3|GRASS2|1.0|1.0|0.0|0.0|5|grass|-|SG002422|-|1136|2|1|2098|GRASS2|-|1.0|1.0|0.0|0.0|0.0|QROCK3X8|-|1.0|1.0|74.0|64.0|304.0|304.0|0|0|576.0|576.0|0|0
UTNTSkyEdge_tntle_12501_0_terrain_2_1|12501|0|1|2086|2086|10144.0|2272.0|10208.0|2016.0|10175.514928749928|2143.878732187482|296.0|296.0|296.0|QROCK3|XA02TEX|1.0|1.0|0.0|0.0|5|gravel|-|SG002423|-|1137|2|1|2086|XA02TEX|-|1.0|1.0|0.0|0.0|0.0|QROCK3X8|-|1.0|1.0|170.0|64.0|296.0|296.0|0|0|576.0|576.0|0|0
UTNTSkyEdge_tntle_12506_0_terrain_2_1|12506|0|1|2075|2075|9440.0|2144.0|9504.0|2368.0|9472.48076197382|2255.8626394360513|296.0|296.0|296.0|QROCK3|XA02TEX|1.0|1.0|0.0|0.0|5|gravel|-|SG002424|-|1127|2|1|2075|XA02TEX|-|1.0|1.0|0.0|0.0|0.0|QROCK3X8|-|1.0|1.0|191.509667992|64.0|296.0|296.0|0|0|576.0|576.0|0|0
UTNTSkyEdge_tntle_12507_0_terrain_2_1|12507|0|1|2096|2096|9504.0|2368.0|9440.0|2560.0|9472.474341649026|2464.1581138830084|304.0|304.0|304.0|QROCK3|GRASS2|1.0|1.0|0.0|0.0|5|grass|-|SG002360|-|1128|2|1|2096|GRASS2|-|1.0|1.0|0.0|0.0|0.0|QROCK3X8|-|1.0|1.0|424.473184449|64.0|304.0|304.0|0|0|576.0|576.0|0|0
UTNTSkyEdge_tntle_12508_0_terrain_2_1|12508|0|1|2084|2084|9440.0|2560.0|9504.0|2736.0|9472.469896711744|2647.8291284684565|296.0|296.0|296.0|QROCK3|XA02TEX|1.0|1.0|0.0|0.0|5|gravel|-|SG002425|-|1138|2|1|2084|XA02TEX|-|1.0|1.0|0.0|0.0|0.0|QROCK3X8|-|1.0|1.0|626.8589547|64.0|296.0|296.0|0|0|576.0|576.0|0|0
UTNTSkyEdge_tntle_12509_0_terrain_2_1|12509|0|1|2086|2086|10208.0|2016.0|10144.0|1824.0|10175.525658350974|1920.1581138830084|296.0|296.0|296.0|QROCK3|XA02TEX|1.0|1.0|0.0|0.0|5|gravel|-|SG002423|-|1137|2|1|2086|XA02TEX|-|1.0|1.0|0.0|0.0|0.0|QROCK3X8|-|1.0|1.0|433.87876004|64.0|296.0|296.0|0|0|576.0|576.0|0|0
UTNTSkyEdge_tntle_12514_1_terrain_1_0|12514|1|2|2075|2096|9504.0|2176.0|9536.0|2048.0|9519.514928749928|2111.878732187482|304.0|304.0|304.0|GRASS2|GRASS2|1.0|1.0|0.0|0.0|1.28|grass|-|SG002426|-|1127|1|0|2096|GRASS2|-|1.0|1.0|0.0|0.0|0.0|GRASS2|-|1.0|1.0|0.0|0.0|296.0|296.0|304.0|304.0|576.0|576.0|576.0|576.0
UTNTSkyEdge_tntle_12514_1_terrain_1_1|12514|1|2|2075|2096|9504.0|2176.0|9536.0|2048.0|9520.485071250072|2112.121267812518|304.0|304.0|304.0|GRASS2|GRASS2|1.0|1.0|0.0|0.0|1.28|grass|-|SG002360|-|1128|1|1|2096|GRASS2|-|1.0|1.0|0.0|0.0|0.0|GRASS2|-|1.0|1.0|0.0|0.0|296.0|296.0|304.0|304.0|576.0|576.0|576.0|576.0
UTNTSkyEdge_tntle_12515_1_terrain_1_0|12515|1|2|2075|2096|9504.0|2368.0|9504.0|2176.0|9503.5|2272.0|304.0|304.0|304.0|GRASS2|GRASS2|1.0|1.0|0.0|0.0|1.28|grass|-|SG002426|-|1127|1|0|2096|GRASS2|-|1.0|1.0|0.0|0.0|0.0|GRASS2|-|1.0|1.0|0.0|0.0|296.0|296.0|304.0|304.0|576.0|576.0|576.0|576.0
UTNTSkyEdge_tntle_12515_1_terrain_1_1|12515|1|2|2075|2096|9504.0|2368.0|9504.0|2176.0|9504.5|2272.0|304.0|304.0|304.0|GRASS2|GRASS2|1.0|1.0|0.0|0.0|1.28|grass|-|SG002360|-|1128|1|1|2096|GRASS2|-|1.0|1.0|0.0|0.0|0.0|GRASS2|-|1.0|1.0|0.0|0.0|296.0|296.0|304.0|304.0|576.0|576.0|576.0|576.0
UTNTSkyEdge_tntle_12516_0_terrain_1_0|12516|0|2|2084|2096|9504.0|2736.0|9520.0|2672.0|9511.514928749928|2703.878732187482|304.0|304.0|304.0|GRASS2|GRASS2|1.0|1.0|0.0|0.0|1.28|grass|-|SG002427|-|1138|1|0|2096|GRASS2|-|1.0|1.0|0.0|0.0|0.0|GRASS2|-|1.0|1.0|0.0|0.0|296.0|296.0|304.0|304.0|576.0|576.0|576.0|576.0
UTNTSkyEdge_tntle_12516_0_terrain_1_1|12516|0|2|2084|2096|9504.0|2736.0|9520.0|2672.0|9512.485071250072|2704.121267812518|304.0|304.0|304.0|GRASS2|GRASS2|1.0|1.0|0.0|0.0|1.28|grass|-|SG002360|-|1128|1|1|2096|GRASS2|-|1.0|1.0|0.0|0.0|0.0|GRASS2|-|1.0|1.0|0.0|0.0|296.0|296.0|304.0|304.0|576.0|576.0|576.0|576.0
UTNTSkyEdge_tntle_12517_0_terrain_1_0|12517|0|2|2084|2096|9520.0|2672.0|9504.0|2592.0|9511.509709662154|2632.098058067569|304.0|304.0|304.0|GRASS2|GRASS2|1.0|1.0|0.0|0.0|1.28|grass|-|SG002427|-|1138|1|0|2096|GRASS2|-|1.0|1.0|0.0|0.0|0.0|GRASS2|-|1.0|1.0|0.0|0.0|296.0|296.0|304.0|304.0|576.0|576.0|576.0|576.0
UTNTSkyEdge_tntle_12517_0_terrain_1_1|12517|0|2|2084|2096|9520.0|2672.0|9504.0|2592.0|9512.490290337846|2631.901941932431|304.0|304.0|304.0|GRASS2|GRASS2|1.0|1.0|0.0|0.0|1.28|grass|-|SG002360|-|1128|1|1|2096|GRASS2|-|1.0|1.0|0.0|0.0|0.0|GRASS2|-|1.0|1.0|0.0|0.0|296.0|296.0|304.0|304.0|576.0|576.0|576.0|576.0
UTNTSkyEdge_tntle_12518_0_terrain_1_0|12518|0|2|2084|2096|9504.0|2592.0|9440.0|2560.0|9471.77639320225|2576.4472135954998|304.0|304.0|304.0|GRASS2|GRASS2|1.0|1.0|0.0|0.0|1.28|grass|-|SG002427|-|1138|1|0|2096|GRASS2|-|1.0|1.0|0.0|0.0|0.0|GRASS2|-|1.0|1.0|0.0|0.0|296.0|296.0|304.0|304.0|576.0|576.0|576.0|576.0
UTNTSkyEdge_tntle_12518_0_terrain_1_1|12518|0|2|2084|2096|9504.0|2592.0|9440.0|2560.0|9472.22360679775|2575.5527864045002|304.0|304.0|304.0|GRASS2|GRASS2|1.0|1.0|0.0|0.0|1.28|grass|-|SG002360|-|1128|1|1|2096|GRASS2|-|1.0|1.0|0.0|0.0|0.0|GRASS2|-|1.0|1.0|0.0|0.0|296.0|296.0|304.0|304.0|576.0|576.0|576.0|576.0
UTNTSkyEdge_tntle_12521_1_terrain_1_0|12521|1|2|2086|2096|10128.0|2176.0|10144.0|2272.0|10136.493196961916|2223.9178005063472|304.0|304.0|304.0|GRASS2|GRASS2|1.0|1.0|0.0|0.0|1.28|grass|-|SG002428|-|1137|1|0|2096|GRASS2|-|1.0|1.0|0.0|0.0|0.0|GRASS2|-|1.0|1.0|0.0|0.0|296.0|296.0|304.0|304.0|576.0|576.0|576.0|576.0
UTNTSkyEdge_tntle_12521_1_terrain_1_1|12521|1|2|2086|2096|10128.0|2176.0|10144.0|2272.0|10135.506803038084|2224.0821994936528|304.0|304.0|304.0|GRASS2|GRASS2|1.0|1.0|0.0|0.0|1.28|grass|-|SG002360|-|1128|1|1|2096|GRASS2|-|1.0|1.0|0.0|0.0|0.0|GRASS2|-|1.0|1.0|0.0|0.0|296.0|296.0|304.0|304.0|576.0|576.0|576.0|576.0
UTNTSkyEdge_tntle_12522_1_terrain_1_0|12522|1|2|2086|2096|10144.0|2064.0|10128.0|2176.0|10136.49497474683|2120.0707106781188|304.0|304.0|304.0|GRASS2|GRASS2|1.0|1.0|0.0|0.0|1.28|grass|-|SG002428|-|1137|1|0|2096|GRASS2|-|1.0|1.0|0.0|0.0|0.0|GRASS2|-|1.0|1.0|0.0|0.0|296.0|296.0|304.0|304.0|576.0|576.0|576.0|576.0
UTNTSkyEdge_tntle_12522_1_terrain_1_1|12522|1|2|2086|2096|10144.0|2064.0|10128.0|2176.0|10135.50502525317|2119.9292893218812|304.0|304.0|304.0|GRASS2|GRASS2|1.0|1.0|0.0|0.0|1.28|grass|-|SG002360|-|1128|1|1|2096|GRASS2|-|1.0|1.0|0.0|0.0|0.0|GRASS2|-|1.0|1.0|0.0|0.0|296.0|296.0|304.0|304.0|576.0|576.0|576.0|576.0
UTNTSkyEdge_tntle_12523_1_terrain_1_0|12523|1|2|2086|2096|10128.0|1888.0|10144.0|2064.0|10136.497946603235|1975.9547321269788|304.0|304.0|304.0|GRASS2|GRASS2|1.0|1.0|0.0|0.0|1.28|grass|-|SG002428|-|1137|1|0|2096|GRASS2|-|1.0|1.0|0.0|0.0|0.0|GRASS2|-|1.0|1.0|0.0|0.0|296.0|296.0|304.0|304.0|576.0|576.0|576.0|576.0
UTNTSkyEdge_tntle_12523_1_terrain_1_1|12523|1|2|2086|2096|10128.0|1888.0|10144.0|2064.0|10135.502053396765|1976.0452678730212|304.0|304.0|304.0|GRASS2|GRASS2|1.0|1.0|0.0|0.0|1.28|grass|-|SG002360|-|1128|1|1|2096|GRASS2|-|1.0|1.0|0.0|0.0|0.0|GRASS2|-|1.0|1.0|0.0|0.0|296.0|296.0|304.0|304.0|576.0|576.0|576.0|576.0
UTNTSkyEdge_tntle_12524_1_terrain_1_0|12524|1|2|2086|2096|10144.0|1824.0|10128.0|1888.0|10136.485071250072|1856.1212678125182|304.0|304.0|304.0|GRASS2|GRASS2|1.0|1.0|0.0|0.0|1.28|grass|-|SG002428|-|1137|1|0|2096|GRASS2|-|1.0|1.0|0.0|0.0|0.0|GRASS2|-|1.0|1.0|0.0|0.0|296.0|296.0|304.0|304.0|576.0|576.0|576.0|576.0
UTNTSkyEdge_tntle_12524_1_terrain_1_1|12524|1|2|2086|2096|10144.0|1824.0|10128.0|1888.0|10135.514928749928|1855.8787321874818|304.0|304.0|304.0|GRASS2|GRASS2|1.0|1.0|0.0|0.0|1.28|grass|-|SG002360|-|1128|1|1|2096|GRASS2|-|1.0|1.0|0.0|0.0|0.0|GRASS2|-|1.0|1.0|0.0|0.0|296.0|296.0|304.0|304.0|576.0|576.0|576.0|576.0
UTNTSkyEdge_tntle_12566_0_terrain_1_0|12566|0|2|1143|1141|-536.0|-5840.0|-544.0|-5824.0|-539.5527864045|-5831.77639320225|144.0|144.0|144.0|QROCK3|QROCK3X8|1.0|1.0|266.624311378|112.0|8|rock|-|SG002358|-|1240|1|0|1141|QROCK3X8|-|1.0|1.0|0.0|0.0|0.0|QROCK3X8|-|1.0|1.0|266.624311378|112.0|0.0|0.0|144.0|144.0|384.0|384.0|384.0|384.0
UTNTSkyEdge_tntle_12566_0_terrain_1_1|12566|0|2|1143|1141|-536.0|-5840.0|-544.0|-5824.0|-540.4472135955|-5832.22360679775|144.0|144.0|144.0|QROCK3|QROCK3X8|1.0|1.0|0.0|0.0|8|rock|-|SG002291|-|1124|1|1|1141|QROCK3X8|-|1.0|1.0|0.0|0.0|0.0|QROCK3X8|-|1.0|1.0|266.624311378|112.0|0.0|0.0|144.0|144.0|384.0|384.0|384.0|384.0
UTNTSkyEdge_tntle_12805_0_terrain_1_0|12805|0|2|2178|298|3248.0|-4256.0|3248.0|-4352.0|3247.5|-4304.0|64.0|64.0|64.0|QROCK3|QROCK3X8|1.0|1.0|128.0|-1280.0|8|rock|-|SG002196|-|1141|1|0|298|QROCK3X8|-|1.0|1.0|0.0|0.0|0.0|QROCK3X8|-|1.0|1.0|128.0|-1280.0|-384.0|-384.0|64.0|64.0|384.0|384.0|384.0|384.0
UTNTSkyEdge_tntle_12805_0_terrain_1_1|12805|0|2|2178|298|3248.0|-4256.0|3248.0|-4352.0|3248.5|-4304.0|64.0|64.0|64.0|QROCK3|QROCK3X8|1.0|1.0|0.0|0.0|8|rock|-|SG002257|-|1188|1|1|298|QROCK3X8|-|1.0|1.0|0.0|0.0|0.0|QROCK3X8|-|1.0|1.0|128.0|-1280.0|-384.0|-384.0|64.0|64.0|384.0|384.0|384.0|384.0
UTNTSkyEdge_tntle_12808_0_terrain_2_1|12808|0|2|2178|2178|2576.0|-4352.0|2576.0|-4256.0|2576.5|-4304.0|-384.0|-384.0|-384.0|QROCK3|XA02TEX|1.0|1.0|0.0|0.0|5|gravel|-|SG002429|-|1141|2|1|2178|XA02TEX|-|1.0|1.0|0.0|0.0|0.0|QROCK3X8|-|1.0|1.0|128.0|318.0|-384.0|-384.0|66.0|66.0|384.0|384.0|192.0|192.0
UTNTSkyEdge_tntle_12810_0_terrain_1_0|12810|0|2|2177|298|3248.0|-4352.0|3248.0|-4368.0|3247.5|-4360.0|64.0|64.0|64.0|QROCK3|QROCK3X8|1.0|1.0|224.0|-1280.0|8|rock|-|SG002137|-|1082|1|0|298|QROCK3X8|-|1.0|1.0|0.0|0.0|0.0|QROCK3X8|-|1.0|1.0|224.0|-1280.0|-384.0|-384.0|64.0|64.0|384.0|384.0|384.0|384.0
UTNTSkyEdge_tntle_12810_0_terrain_1_1|12810|0|2|2177|298|3248.0|-4352.0|3248.0|-4368.0|3248.5|-4360.0|64.0|64.0|64.0|QROCK3|QROCK3X8|1.0|1.0|0.0|0.0|8|rock|-|SG002257|-|1188|1|1|298|QROCK3X8|-|1.0|1.0|0.0|0.0|0.0|QROCK3X8|-|1.0|1.0|224.0|-1280.0|-384.0|-384.0|64.0|64.0|384.0|384.0|384.0|384.0
UTNTSkyEdge_tntle_12881_0_terrain_1_0|12881|0|2|2979|296|3344.0|-4704.0|3360.0|-4720.0|3351.6464466094067|-4712.353553390593|179.0|179.0|179.0|QROCK3|QROCK3X8|1.0|1.0|465.973996791|-1152.0|8|rock|-|SG002121|-|1066|1|0|296|QROCK3X8|-|1.0|1.0|0.0|0.0|0.0|QROCK3X8|-|1.0|1.0|465.973996791|-1152.0|-384.0|-384.0|179.0|179.0|384.0|384.0|384.0|384.0
UTNTSkyEdge_tntle_12881_0_terrain_1_1|12881|0|2|2979|296|3344.0|-4704.0|3360.0|-4720.0|3352.3535533905933|-4711.646446609407|179.0|179.0|179.0|QROCK3|QROCK3X8|1.0|1.0|0.0|0.0|8|rock|-|SG002256|-|1187|1|1|296|QROCK3X8|-|1.0|1.0|0.0|0.0|0.0|QROCK3X8|-|1.0|1.0|465.973996791|-1152.0|-384.0|-384.0|179.0|179.0|384.0|384.0|384.0|384.0
UTNTSkyEdge_tntle_12882_0_terrain_1_0|12882|0|2|2979|296|3360.0|-4720.0|3600.0|-4768.0|3479.901941932431|-4744.490290337845|179.0|179.0|179.0|QROCK3|QROCK3X8|1.0|1.0|488.601413789|-1152.0|8|rock|-|SG002121|-|1066|1|0|296|QROCK3X8|-|1.0|1.0|0.0|0.0|0.0|QROCK3X8|-|1.0|1.0|488.601413789|-1152.0|-384.0|-384.0|179.0|179.0|384.0|384.0|384.0|384.0
UTNTSkyEdge_tntle_12882_0_terrain_1_1|12882|0|2|2979|296|3360.0|-4720.0|3600.0|-4768.0|3480.098058067569|-4743.509709662155|179.0|179.0|179.0|QROCK3|QROCK3X8|1.0|1.0|0.0|0.0|8|rock|-|SG002256|-|1187|1|1|296|QROCK3X8|-|1.0|1.0|0.0|0.0|0.0|QROCK3X8|-|1.0|1.0|488.601413789|-1152.0|-384.0|-384.0|179.0|179.0|384.0|384.0|384.0|384.0
UTNTSkyEdge_tntle_12882_0_terrain_2_1|12882|0|2|2979|2979|3360.0|-4720.0|3600.0|-4768.0|3479.901941932431|-4744.490290337845|-384.0|-384.0|-384.0|QROCK3|XA02TEX|1.0|1.0|0.0|0.0|5|gravel|-|SG002207|-|1066|2|1|2979|XA02TEX|-|1.0|1.0|0.0|0.0|0.0|QROCK3X8|-|1.0|1.0|488.601413789|-1152.0|-384.0|-384.0|179.0|179.0|384.0|384.0|384.0|384.0
UTNTSkyEdge_tntle_12883_0_terrain_1_0|12883|0|2|2979|296|4000.0|-4768.0|4224.0|-4624.0|4112.270378795657|-4696.420589237689|179.0|179.0|179.0|QROCK3|QROCK3X8|1.0|1.0|114.449894419|-1152.0|8|rock|-|SG002121|-|1066|1|0|296|QROCK3X8|-|1.0|1.0|0.0|0.0|0.0|QROCK3X8|-|1.0|1.0|114.449894419|-1152.0|-384.0|-384.0|179.0|179.0|384.0|384.0|384.0|384.0
UTNTSkyEdge_tntle_12883_0_terrain_1_1|12883|0|2|2979|296|4000.0|-4768.0|4224.0|-4624.0|4111.729621204343|-4695.579410762311|179.0|179.0|179.0|QROCK3|QROCK3X8|1.0|1.0|0.0|0.0|8|rock|-|SG002256|-|1187|1|1|296|QROCK3X8|-|1.0|1.0|0.0|0.0|0.0|QROCK3X8|-|1.0|1.0|114.449894419|-1152.0|-384.0|-384.0|179.0|179.0|384.0|384.0|384.0|384.0
UTNTSkyEdge_tntle_12883_0_terrain_2_1|12883|0|2|2979|2979|4000.0|-4768.0|4224.0|-4624.0|4112.270378795657|-4696.420589237689|-384.0|-384.0|-384.0|QROCK3|XA02TEX|1.0|1.0|0.0|0.0|5|gravel|-|SG002207|-|1066|2|1|2979|XA02TEX|-|1.0|1.0|0.0|0.0|0.0|QROCK3X8|-|1.0|1.0|114.449894419|-1152.0|-384.0|-384.0|179.0|179.0|384.0|384.0|384.0|384.0
UTNTSkyEdge_tntle_12884_0_terrain_1_0|12884|0|2|2979|296|4224.0|-4624.0|4256.0|-4624.0|4240.0|-4624.5|179.0|179.0|179.0|QROCK3|QROCK3X8|1.0|1.0|380.742966052|-1152.0|8|rock|-|SG002121|-|1066|1|0|296|QROCK3X8|-|1.0|1.0|0.0|0.0|0.0|QROCK3X8|-|1.0|1.0|380.742966052|-1152.0|-384.0|-384.0|179.0|179.0|384.0|384.0|384.0|384.0
UTNTSkyEdge_tntle_12884_0_terrain_1_1|12884|0|2|2979|296|4224.0|-4624.0|4256.0|-4624.0|4240.0|-4623.5|179.0|179.0|179.0|QROCK3|QROCK3X8|1.0|1.0|0.0|0.0|8|rock|-|SG002256|-|1187|1|1|296|QROCK3X8|-|1.0|1.0|0.0|0.0|0.0|QROCK3X8|-|1.0|1.0|380.742966052|-1152.0|-384.0|-384.0|179.0|179.0|384.0|384.0|384.0|384.0
UTNTSkyEdge_tntle_12885_0_terrain_1_0|12885|0|2|2979|296|4256.0|-4624.0|4288.0|-4480.0|4272.488093530092|-4552.108465228909|179.0|179.0|179.0|QROCK3|QROCK3X8|1.0|1.0|412.742966052|-1152.0|8|rock|-|SG002121|-|1066|1|0|296|QROCK3X8|-|1.0|1.0|0.0|0.0|0.0|QROCK3X8|-|1.0|1.0|412.742966052|-1152.0|-384.0|-384.0|179.0|179.0|384.0|384.0|384.0|384.0
UTNTSkyEdge_tntle_12885_0_terrain_1_1|12885|0|2|2979|296|4256.0|-4624.0|4288.0|-4480.0|4271.511906469908|-4551.891534771091|179.0|179.0|179.0|QROCK3|QROCK3X8|1.0|1.0|0.0|0.0|8|rock|-|SG002256|-|1187|1|1|296|QROCK3X8|-|1.0|1.0|0.0|0.0|0.0|QROCK3X8|-|1.0|1.0|412.742966052|-1152.0|-384.0|-384.0|179.0|179.0|384.0|384.0|384.0|384.0
UTNTSkyEdge_tntle_12886_0_terrain_1_0|12886|0|2|2979|296|4256.0|-4160.0|4256.0|-4032.0|4256.5|-4096.0|179.0|179.0|179.0|QROCK3|QROCK3X8|1.0|1.0|918.026553769|-1152.0|8|rock|-|SG002121|-|1066|1|0|296|QROCK3X8|-|1.0|1.0|0.0|0.0|0.0|QROCK3X8|-|1.0|1.0|918.026553769|-1152.0|-384.0|-384.0|179.0|179.0|384.0|384.0|384.0|384.0
UTNTSkyEdge_tntle_12886_0_terrain_1_1|12886|0|2|2979|296|4256.0|-4160.0|4256.0|-4032.0|4255.5|-4096.0|179.0|179.0|179.0|QROCK3|QROCK3X8|1.0|1.0|0.0|0.0|8|rock|-|SG002256|-|1187|1|1|296|QROCK3X8|-|1.0|1.0|0.0|0.0|0.0|QROCK3X8|-|1.0|1.0|918.026553769|-1152.0|-384.0|-384.0|179.0|179.0|384.0|384.0|384.0|384.0
UTNTSkyEdge_tntle_12886_0_terrain_2_1|12886|0|2|2979|2979|4256.0|-4160.0|4256.0|-4032.0|4256.5|-4096.0|-384.0|-384.0|-384.0|QROCK3|XA02TEX|1.0|1.0|0.0|0.0|5|gravel|-|SG002207|-|1066|2|1|2979|XA02TEX|-|1.0|1.0|0.0|0.0|0.0|QROCK3X8|-|1.0|1.0|918.026553769|-1152.0|-384.0|-384.0|179.0|179.0|384.0|384.0|384.0|384.0
UTNTSkyEdge_tntle_12887_0_terrain_1_0|12887|0|2|2979|296|4256.0|-4032.0|4160.0|-3968.0|4208.277350098113|-3999.583974852831|179.0|179.0|179.0|QROCK3|QROCK3X8|1.0|1.0|22.026553769|-1152.0|8|rock|-|SG002121|-|1066|1|0|296|QROCK3X8|-|1.0|1.0|0.0|0.0|0.0|QROCK3X8|-|1.0|1.0|22.026553769|-1152.0|-384.0|-384.0|179.0|179.0|384.0|384.0|384.0|384.0
UTNTSkyEdge_tntle_12887_0_terrain_1_1|12887|0|2|2979|296|4256.0|-4032.0|4160.0|-3968.0|4207.722649901887|-4000.416025147169|179.0|179.0|179.0|QROCK3|QROCK3X8|1.0|1.0|0.0|0.0|8|rock|-|SG002256|-|1187|1|1|296|QROCK3X8|-|1.0|1.0|0.0|0.0|0.0|QROCK3X8|-|1.0|1.0|22.026553769|-1152.0|-384.0|-384.0|179.0|179.0|384.0|384.0|384.0|384.0
UTNTSkyEdge_tntle_12887_0_terrain_2_1|12887|0|2|2979|2979|4256.0|-4032.0|4160.0|-3968.0|4208.277350098113|-3999.583974852831|-384.0|-384.0|-384.0|QROCK3|XA02TEX|1.0|1.0|0.0|0.0|5|gravel|-|SG002207|-|1066|2|1|2979|XA02TEX|-|1.0|1.0|0.0|0.0|0.0|QROCK3X8|-|1.0|1.0|22.026553769|-1152.0|-384.0|-384.0|179.0|179.0|384.0|384.0|384.0|384.0
UTNTSkyEdge_tntle_12888_0_terrain_1_0|12888|0|2|2979|296|4000.0|-3984.0|3920.0|-3968.0|3960.098058067569|-3975.5097096621544|179.0|179.0|179.0|QROCK3|QROCK3X8|1.0|1.0|298.202204522|-1152.0|8|rock|-|SG002121|-|1066|1|0|296|QROCK3X8|-|1.0|1.0|0.0|0.0|0.0|QROCK3X8|-|1.0|1.0|298.202204522|-1152.0|-384.0|-384.0|179.0|179.0|384.0|384.0|384.0|384.0
UTNTSkyEdge_tntle_12888_0_terrain_1_1|12888|0|2|2979|296|4000.0|-3984.0|3920.0|-3968.0|3959.901941932431|-3976.4902903378456|179.0|179.0|179.0|QROCK3|QROCK3X8|1.0|1.0|0.0|0.0|8|rock|-|SG002256|-|1187|1|1|296|QROCK3X8|-|1.0|1.0|0.0|0.0|0.0|QROCK3X8|-|1.0|1.0|298.202204522|-1152.0|-384.0|-384.0|179.0|179.0|384.0|384.0|384.0|384.0
UTNTSkyEdge_tntle_12889_0_terrain_1_0|12889|0|2|2979|296|3920.0|-3968.0|3712.0|-3984.0|3815.961651750558|-3975.5014727572493|179.0|179.0|179.0|QROCK3|QROCK3X8|1.0|1.0|379.786516739|-1152.0|8|rock|-|SG002121|-|1066|1|0|296|QROCK3X8|-|1.0|1.0|0.0|0.0|0.0|QROCK3X8|-|1.0|1.0|379.786516739|-1152.0|-384.0|-384.0|179.0|179.0|384.0|384.0|384.0|384.0
UTNTSkyEdge_tntle_12889_0_terrain_1_1|12889|0|2|2979|296|3920.0|-3968.0|3712.0|-3984.0|3816.038348249442|-3976.4985272427507|179.0|179.0|179.0|QROCK3|QROCK3X8|1.0|1.0|0.0|0.0|8|rock|-|SG002256|-|1187|1|1|296|QROCK3X8|-|1.0|1.0|0.0|0.0|0.0|QROCK3X8|-|1.0|1.0|379.786516739|-1152.0|-384.0|-384.0|179.0|179.0|384.0|384.0|384.0|384.0
UTNTSkyEdge_tntle_12890_0_terrain_1_0|12890|0|2|2979|296|3712.0|-3984.0|3456.0|-3968.0|3584.0311891430774|-3975.5009737107584|179.0|179.0|179.0|QROCK3|QROCK3X8|1.0|1.0|588.400993706|-1152.0|8|rock|-|SG002121|-|1066|1|0|296|QROCK3X8|-|1.0|1.0|0.0|0.0|0.0|QROCK3X8|-|1.0|1.0|588.400993706|-1152.0|-384.0|-384.0|179.0|179.0|384.0|384.0|384.0|384.0
UTNTSkyEdge_tntle_12890_0_terrain_1_1|12890|0|2|2979|296|3712.0|-3984.0|3456.0|-3968.0|3583.9688108569226|-3976.4990262892416|179.0|179.0|179.0|QROCK3|QROCK3X8|1.0|1.0|0.0|0.0|8|rock|-|SG002256|-|1187|1|1|296|QROCK3X8|-|1.0|1.0|0.0|0.0|0.0|QROCK3X8|-|1.0|1.0|588.400993706|-1152.0|-384.0|-384.0|179.0|179.0|384.0|384.0|384.0|384.0
UTNTSkyEdge_tntle_12890_0_terrain_2_1|12890|0|2|2979|2979|3712.0|-3984.0|3456.0|-3968.0|3584.0311891430774|-3975.5009737107584|-384.0|-384.0|-384.0|QROCK3|XA02TEX|1.0|1.0|0.0|0.0|5|gravel|-|SG002207|-|1066|2|1|2979|XA02TEX|-|1.0|1.0|0.0|0.0|0.0|QROCK3X8|-|1.0|1.0|588.400993706|-1152.0|-384.0|-384.0|179.0|179.0|384.0|384.0|384.0|384.0
UTNTSkyEdge_tntle_12891_0_terrain_1_0|12891|0|2|2979|296|3328.0|-4064.0|3248.0|-4224.0|3287.5527864045002|-4143.77639320225|179.0|179.0|179.0|QROCK3|QROCK3X8|1.0|1.0|1004.900506376|-1152.0|8|rock|-|SG002121|-|1066|1|0|296|QROCK3X8|-|1.0|1.0|0.0|0.0|0.0|QROCK3X8|-|1.0|1.0|1004.900506376|-1152.0|-384.0|-384.0|179.0|179.0|384.0|384.0|384.0|384.0
UTNTSkyEdge_tntle_12891_0_terrain_1_1|12891|0|2|2979|296|3328.0|-4064.0|3248.0|-4224.0|3288.4472135954998|-4144.22360679775|179.0|179.0|179.0|QROCK3|QROCK3X8|1.0|1.0|0.0|0.0|8|rock|-|SG002256|-|1187|1|1|296|QROCK3X8|-|1.0|1.0|0.0|0.0|0.0|QROCK3X8|-|1.0|1.0|1004.900506376|-1152.0|-384.0|-384.0|179.0|179.0|384.0|384.0|384.0|384.0
UTNTSkyEdge_tntle_13368_1_terrain_2_1|13368|1|2|2979|2979|2312.0|-3144.0|2208.0|-3168.0|2259.8875702466507|-3155.5128044021526|-384.0|-384.0|-384.0|QROCK3|XA02TEX|1.0|1.0|0.0|0.0|5|gravel|-|SG002207|-|1066|2|1|2979|XA02TEX|-|1.0|1.0|0.0|0.0|0.0|QROCK3X8|-|1.0|1.0|242.625926792|368.0|-384.0|-384.0|16.0|16.0|384.0|384.0|264.0|264.0
UTNTSkyEdge_tntle_16652_0_terrain_2_1|16652|0|1|2061|2061|9344.0|192.0|9088.0|256.0|9216.121267812518|224.48507125007268|0.0|0.0|0.0|QROCK3|QGRASS|1.0|1.0|0.0|0.0|5|grass|-|SG002321|-|1102|2|1|2061|QGRASS|-|1.0|1.0|0.0|0.0|0.0|QROCK3X8|-|1.0|1.0|61.0|0.0|0.0|0.0|0|0|512.0|512.0|0|0
UTNTSkyEdge_tntle_16653_0_terrain_2_1|16653|0|1|2750|2750|9536.0|-64.0|9408.0|32.0|9472.3|-15.6|384.0|384.0|384.0|QROCK3|QROCK3X8|1.0|1.0|0.0|0.0|5|rock|-|SG002320|-|1142|2|1|2750|QROCK3X8|-|1.0|1.0|0.0|0.0|0.0|QROCK3X8|-|1.0|1.0|226.27416998|0.0|384.0|384.0|0|0|512.0|512.0|0|0
UTNTSkyEdge_tntle_16655_0_terrain_2_1|16655|0|1|2751|2751|10112.0|384.0|10016.0|224.0|10063.571253537144|304.2572478777138|128.0|128.0|128.0|QROCK3|QROCK3X8|1.0|1.0|0.0|0.0|5|rock|-|SG002322|-|1143|2|1|2751|QROCK3X8|-|1.0|1.0|0.0|0.0|0.0|QROCK3X8|-|1.0|1.0|0.0|0.0|128.0|128.0|0|0|512.0|512.0|0|0
UTNTSkyEdge_tntle_16656_0_terrain_2_1|16656|0|1|2751|2751|10016.0|224.0|9856.0|128.0|9935.742752122287|176.42874646285628|128.0|128.0|128.0|QROCK3|QROCK3X8|1.0|1.0|0.0|0.0|5|rock|-|SG002322|-|1143|2|1|2751|QROCK3X8|-|1.0|1.0|0.0|0.0|0.0|QROCK3X8|-|1.0|1.0|186.590460635|0.0|128.0|128.0|0|0|512.0|512.0|0|0
UTNTSkyEdge_tntle_16657_0_terrain_2_1|16657|0|1|2749|2749|9856.0|128.0|9760.0|-32.0|9807.571253537144|48.257247877713766|256.0|256.0|256.0|QROCK3|QROCK3X8|1.0|1.0|0.0|0.0|5|rock|-|SG002430|-|1144|2|1|2749|QROCK3X8|-|1.0|1.0|0.0|0.0|0.0|QROCK3X8|-|1.0|1.0|0.0|0.0|256.0|256.0|0|0|512.0|512.0|0|0
UTNTSkyEdge_tntle_16658_0_terrain_2_1|16658|0|1|2750|2750|9760.0|-32.0|9536.0|-64.0|9647.92928932188|-47.505025253169414|384.0|384.0|384.0|QROCK3|QROCK3X8|1.0|1.0|0.0|0.0|5|rock|-|SG002320|-|1142|2|1|2750|QROCK3X8|-|1.0|1.0|0.0|0.0|0.0|QROCK3X8|-|1.0|1.0|0.0|0.0|384.0|384.0|0|0|512.0|512.0|0|0
UTNTSkyEdge_tntle_16659_1_terrain_1_0|16659|1|2|2749|2750|9760.0|-32.0|9600.0|128.0|9680.353553390592|48.35355339059328|384.0|384.0|384.0|QROCK3|QROCK3X8|1.0|1.0|0.0|0.0|8|rock|-|SG002199|-|1144|1|0|2750|QROCK3X8|-|1.0|1.0|0.0|0.0|0.0|QROCK3X8|-|1.0|1.0|0.0|0.0|256.0|256.0|384.0|384.0|512.0|512.0|512.0|512.0
UTNTSkyEdge_tntle_16659_1_terrain_1_1|16659|1|2|2749|2750|9760.0|-32.0|9600.0|128.0|9679.646446609408|47.64644660940672|384.0|384.0|384.0|QROCK3|QROCK3X8|1.0|1.0|0.0|0.0|8|rock|-|SG002320|-|1142|1|1|2750|QROCK3X8|-|1.0|1.0|0.0|0.0|0.0|QROCK3X8|-|1.0|1.0|0.0|0.0|256.0|256.0|384.0|384.0|512.0|512.0|512.0|512.0
UTNTSkyEdge_tntle_16659_1_terrain_2_1|16659|1|2|2749|2749|9760.0|-32.0|9600.0|128.0|9680.353553390592|48.35355339059328|256.0|256.0|256.0|QROCK3|QROCK3X8|1.0|1.0|0.0|0.0|5|rock|-|SG002430|-|1144|2|1|2749|QROCK3X8|-|1.0|1.0|0.0|0.0|0.0|QROCK3X8|-|1.0|1.0|0.0|0.0|256.0|256.0|384.0|384.0|512.0|512.0|512.0|512.0
UTNTSkyEdge_tntle_16660_0_terrain_1_0|16660|0|2|2752|2749|9856.0|256.0|9728.0|192.0|9791.77639320225|224.44721359549996|256.0|256.0|256.0|QROCK3|QROCK3X8|1.0|1.0|1.0|0.0|8|rock|-|SG002431|-|1284|1|0|2749|QROCK3X8|-|1.0|1.0|0.0|0.0|0.0|QROCK3X8|-|1.0|1.0|1.0|0.0|64.0|64.0|256.0|256.0|512.0|512.0|512.0|512.0
UTNTSkyEdge_tntle_16660_0_terrain_1_1|16660|0|2|2752|2749|9856.0|256.0|9728.0|192.0|9792.22360679775|223.55278640450004|256.0|256.0|256.0|QROCK3|QROCK3X8|1.0|1.0|0.0|0.0|8|rock|-|SG002430|-|1144|1|1|2749|QROCK3X8|-|1.0|1.0|0.0|0.0|0.0|QROCK3X8|-|1.0|1.0|1.0|0.0|64.0|64.0|256.0|256.0|512.0|512.0|512.0|512.0
UTNTSkyEdge_tntle_16661_0_terrain_1_0|16661|0|2|2751|2749|9856.0|128.0|9856.0|256.0|9856.5|192.0|256.0|256.0|256.0|QROCK3|QROCK3X8|1.0|1.0|0.0|0.0|8|rock|-|SG002198|-|1143|1|0|2749|QROCK3X8|-|1.0|1.0|0.0|0.0|0.0|QROCK3X8|-|1.0|1.0|0.0|0.0|128.0|128.0|256.0|256.0|512.0|512.0|512.0|512.0
UTNTSkyEdge_tntle_16661_0_terrain_1_1|16661|0|2|2751|2749|9856.0|128.0|9856.0|256.0|9855.5|192.0|256.0|256.0|256.0|QROCK3|QROCK3X8|1.0|1.0|0.0|0.0|8|rock|-|SG002430|-|1144|1|1|2749|QROCK3X8|-|1.0|1.0|0.0|0.0|0.0|QROCK3X8|-|1.0|1.0|0.0|0.0|128.0|128.0|256.0|256.0|512.0|512.0|512.0|512.0
UTNTSkyEdge_tntle_16662_0_terrain_1_0|16662|0|2|2061|2749|9728.0|192.0|9600.0|128.0|9663.77639320225|160.44721359549996|256.0|256.0|256.0|QROCK3|QROCK3X8|1.0|1.0|1.0|0.0|8|rock|-|SG002157|-|1102|1|0|2749|QROCK3X8|-|1.0|1.0|0.0|0.0|0.0|QROCK3X8|-|1.0|1.0|1.0|0.0|0.0|0.0|256.0|256.0|512.0|512.0|512.0|512.0
UTNTSkyEdge_tntle_16662_0_terrain_1_1|16662|0|2|2061|2749|9728.0|192.0|9600.0|128.0|9664.22360679775|159.55278640450004|256.0|256.0|256.0|QROCK3|QROCK3X8|1.0|1.0|0.0|0.0|8|rock|-|SG002430|-|1144|1|1|2749|QROCK3X8|-|1.0|1.0|0.0|0.0|0.0|QROCK3X8|-|1.0|1.0|1.0|0.0|0.0|0.0|256.0|256.0|512.0|512.0|512.0|512.0
UTNTSkyEdge_tntle_16662_0_terrain_2_1|16662|0|2|2061|2061|9728.0|192.0|9600.0|128.0|9663.77639320225|160.44721359549996|0.0|0.0|0.0|QROCK3|QGRASS|1.0|1.0|0.0|0.0|5|grass|-|SG002321|-|1102|2|1|2061|QGRASS|-|1.0|1.0|0.0|0.0|0.0|QROCK3X8|-|1.0|1.0|1.0|0.0|0.0|0.0|256.0|256.0|512.0|512.0|512.0|512.0
UTNTSkyEdge_tntle_16663_1_terrain_1_0|16663|1|2|2061|2752|9760.0|320.0|9728.0|192.0|9743.514928749928|256.12126781251817|64.0|64.0|64.0|QROCK3|QROCK3X8|1.0|1.0|233.132265145|64.0|8|rock|-|SG002157|-|1102|1|0|2752|QROCK3X8|-|1.0|1.0|0.0|0.0|0.0|QROCK3X8|-|1.0|1.0|233.132265145|64.0|0.0|0.0|64.0|64.0|512.0|512.0|512.0|512.0
UTNTSkyEdge_tntle_16663_1_terrain_1_1|16663|1|2|2061|2752|9760.0|320.0|9728.0|192.0|9744.485071250072|255.87873218748183|64.0|64.0|64.0|QROCK3|QROCK3X8|1.0|1.0|0.0|0.0|8|rock|-|SG002432|-|1284|1|1|2752|QROCK3X8|-|1.0|1.0|0.0|0.0|0.0|QROCK3X8|-|1.0|1.0|233.132265145|64.0|0.0|0.0|64.0|64.0|512.0|512.0|512.0|512.0
UTNTSkyEdge_tntle_16664_1_terrain_1_0|16664|1|2|2061|2752|9856.0|352.0|9760.0|320.0|9807.841886116992|336.47434164902523|64.0|64.0|64.0|QROCK3|QROCK3X8|1.0|1.0|131.93938002|64.0|8|rock|-|SG002157|-|1102|1|0|2752|QROCK3X8|-|1.0|1.0|0.0|0.0|0.0|QROCK3X8|-|1.0|1.0|131.93938002|64.0|0.0|0.0|64.0|64.0|512.0|512.0|512.0|512.0
UTNTSkyEdge_tntle_16664_1_terrain_1_1|16664|1|2|2061|2752|9856.0|352.0|9760.0|320.0|9808.158113883008|335.52565835097477|64.0|64.0|64.0|QROCK3|QROCK3X8|1.0|1.0|0.0|0.0|8|rock|-|SG002432|-|1284|1|1|2752|QROCK3X8|-|1.0|1.0|0.0|0.0|0.0|QROCK3X8|-|1.0|1.0|131.93938002|64.0|0.0|0.0|64.0|64.0|512.0|512.0|512.0|512.0
UTNTSkyEdge_tntle_16664_1_terrain_2_1|16664|1|2|2061|2061|9856.0|352.0|9760.0|320.0|9807.841886116992|336.47434164902523|0.0|0.0|0.0|QROCK3|QGRASS|1.0|1.0|0.0|0.0|5|grass|-|SG002321|-|1102|2|1|2061|QGRASS|-|1.0|1.0|0.0|0.0|0.0|QROCK3X8|-|1.0|1.0|131.93938002|64.0|0.0|0.0|64.0|64.0|512.0|512.0|512.0|512.0
UTNTSkyEdge_tntle_16665_0_terrain_1_0|16665|0|2|2752|2751|9984.0|320.0|9856.0|256.0|9919.77639320225|288.44721359549993|128.0|128.0|128.0|QROCK3|QROCK3X8|1.0|1.0|1.0|0.0|8|rock|-|SG002431|-|1284|1|0|2751|QROCK3X8|-|1.0|1.0|0.0|0.0|0.0|QROCK3X8|-|1.0|1.0|1.0|0.0|64.0|64.0|128.0|128.0|512.0|512.0|512.0|512.0
UTNTSkyEdge_tntle_16665_0_terrain_1_1|16665|0|2|2752|2751|9984.0|320.0|9856.0|256.0|9920.22360679775|287.55278640450007|128.0|128.0|128.0|QROCK3|QROCK3X8|1.0|1.0|0.0|0.0|8|rock|-|SG002322|-|1143|1|1|2751|QROCK3X8|-|1.0|1.0|0.0|0.0|0.0|QROCK3X8|-|1.0|1.0|1.0|0.0|64.0|64.0|128.0|128.0|512.0|512.0|512.0|512.0
UTNTSkyEdge_tntle_16665_0_terrain_2_1|16665|0|2|2752|2752|9984.0|320.0|9856.0|256.0|9919.77639320225|288.44721359549993|64.0|64.0|64.0|QROCK3|QROCK3X8|1.0|1.0|0.0|0.0|5|rock|-|SG002432|-|1284|2|1|2752|QROCK3X8|-|1.0|1.0|0.0|0.0|0.0|QROCK3X8|-|1.0|1.0|1.0|0.0|64.0|64.0|128.0|128.0|512.0|512.0|512.0|512.0
UTNTSkyEdge_tntle_16666_1_terrain_1_0|16666|1|2|2061|2752|9984.0|320.0|9856.0|352.0|9920.121267812518|336.4850712500727|64.0|64.0|64.0|QROCK3|QROCK3X8|1.0|1.0|0.0|64.0|8|rock|-|SG002157|-|1102|1|0|2752|QROCK3X8|-|1.0|1.0|0.0|0.0|0.0|QROCK3X8|-|1.0|1.0|0.0|64.0|0.0|0.0|64.0|64.0|512.0|512.0|512.0|512.0
UTNTSkyEdge_tntle_16666_1_terrain_1_1|16666|1|2|2061|2752|9984.0|320.0|9856.0|352.0|9919.878732187482|335.5149287499273|64.0|64.0|64.0|QROCK3|QROCK3X8|1.0|1.0|0.0|0.0|8|rock|-|SG002432|-|1284|1|1|2752|QROCK3X8|-|1.0|1.0|0.0|0.0|0.0|QROCK3X8|-|1.0|1.0|0.0|64.0|0.0|0.0|64.0|64.0|512.0|512.0|512.0|512.0
UTNTSkyEdge_tntle_16667_1_terrain_1_0|16667|1|2|2750|2753|9584.0|112.0|9376.0|160.0|9480.11242975335|136.48719559784732|392.0|392.0|392.0|RROCK19|XA35TEX|1.0|1.0|181.019335984|120.0|1.28|soil|-|SG002433|-|1142|1|0|2753|XA35TEX|-|1.0|1.0|0.0|0.0|0.0|XA35TEX|-|1.0|1.0|181.019335984|120.0|384.0|384.0|392.0|392.0|512.0|512.0|512.0|512.0
UTNTSkyEdge_tntle_16667_1_terrain_1_1|16667|1|2|2750|2753|9584.0|112.0|9376.0|160.0|9479.88757024665|135.51280440215268|392.0|392.0|392.0|RROCK19|XA35TEX|1.0|1.0|0.0|0.0|1.28|soil|-|SG002434|-|1285|1|1|2753|XA35TEX|-|1.0|1.0|0.0|0.0|0.0|XA35TEX|-|1.0|1.0|181.019335984|120.0|384.0|384.0|392.0|392.0|512.0|512.0|512.0|512.0
UTNTSkyEdge_tntle_16668_1_terrain_1_0|16668|1|2|2750|2753|9712.0|-16.0|9584.0|112.0|9648.353553390592|48.35355339059328|392.0|392.0|392.0|RROCK19|XA35TEX|1.0|1.0|0.0|120.0|1.28|soil|-|SG002433|-|1142|1|0|2753|XA35TEX|-|1.0|1.0|0.0|0.0|0.0|XA35TEX|-|1.0|1.0|0.0|120.0|384.0|384.0|392.0|392.0|512.0|512.0|512.0|512.0
UTNTSkyEdge_tntle_16668_1_terrain_1_1|16668|1|2|2750|2753|9712.0|-16.0|9584.0|112.0|9647.646446609408|47.64644660940672|392.0|392.0|392.0|RROCK19|XA35TEX|1.0|1.0|0.0|0.0|1.28|soil|-|SG002434|-|1285|1|1|2753|XA35TEX|-|1.0|1.0|0.0|0.0|0.0|XA35TEX|-|1.0|1.0|0.0|120.0|384.0|384.0|392.0|392.0|512.0|512.0|512.0|512.0
UTNTSkyEdge_tntle_16669_1_terrain_1_0|16669|1|2|2750|2753|9536.0|-32.0|9712.0|-16.0|9624.045267873022|-24.497946603233853|392.0|392.0|392.0|RROCK19|XA35TEX|1.0|1.0|141.975534976|120.0|1.28|soil|-|SG002433|-|1142|1|0|2753|XA35TEX|-|1.0|1.0|0.0|0.0|0.0|XA35TEX|-|1.0|1.0|141.975534976|120.0|384.0|384.0|392.0|392.0|512.0|512.0|512.0|512.0
UTNTSkyEdge_tntle_16669_1_terrain_1_1|16669|1|2|2750|2753|9536.0|-32.0|9712.0|-16.0|9623.954732126978|-23.502053396766147|392.0|392.0|392.0|RROCK19|XA35TEX|1.0|1.0|0.0|0.0|1.28|soil|-|SG002434|-|1285|1|1|2753|XA35TEX|-|1.0|1.0|0.0|0.0|0.0|XA35TEX|-|1.0|1.0|141.975534976|120.0|384.0|384.0|392.0|392.0|512.0|512.0|512.0|512.0
UTNTSkyEdge_tntle_16670_1_terrain_1_0|16670|1|2|2750|2753|9424.0|48.0|9536.0|-32.0|9479.709380903141|7.5931332643966325|392.0|392.0|392.0|RROCK19|XA35TEX|1.0|1.0|4.338330704|120.0|1.28|soil|-|SG002433|-|1142|1|0|2753|XA35TEX|-|1.0|1.0|0.0|0.0|0.0|XA35TEX|-|1.0|1.0|4.338330704|120.0|384.0|384.0|392.0|392.0|512.0|512.0|512.0|512.0
UTNTSkyEdge_tntle_16670_1_terrain_1_1|16670|1|2|2750|2753|9424.0|48.0|9536.0|-32.0|9480.290619096859|8.406866735603368|392.0|392.0|392.0|RROCK19|XA35TEX|1.0|1.0|0.0|0.0|1.28|soil|-|SG002434|-|1285|1|1|2753|XA35TEX|-|1.0|1.0|0.0|0.0|0.0|XA35TEX|-|1.0|1.0|4.338330704|120.0|384.0|384.0|392.0|392.0|512.0|512.0|512.0|512.0
UTNTSkyEdge_tntle_16671_1_terrain_1_0|16671|1|2|2750|2753|9376.0|160.0|9424.0|48.0|9399.540427484992|103.80304035071042|392.0|392.0|392.0|RROCK19|XA35TEX|1.0|1.0|394.48596101|120.0|1.28|soil|-|SG002433|-|1142|1|0|2753|XA35TEX|-|1.0|1.0|0.0|0.0|0.0|XA35TEX|-|1.0|1.0|394.48596101|120.0|384.0|384.0|392.0|392.0|512.0|512.0|512.0|512.0
UTNTSkyEdge_tntle_16671_1_terrain_1_1|16671|1|2|2750|2753|9376.0|160.0|9424.0|48.0|9400.459572515008|104.19695964928958|392.0|392.0|392.0|RROCK19|XA35TEX|1.0|1.0|0.0|0.0|1.28|soil|-|SG002434|-|1285|1|1|2753|XA35TEX|-|1.0|1.0|0.0|0.0|0.0|XA35TEX|-|1.0|1.0|394.48596101|120.0|384.0|384.0|392.0|392.0|512.0|512.0|512.0|512.0
UTNTSkyEdge_tntle_16672_1_terrain_1_0|16672|1|2|2749|990|9840.0|224.0|9632.0|128.0|9735.79047091127|176.45397969225021|264.0|264.0|264.0|RROCK19|XA35TEX|1.0|1.0|0.0|120.0|1.28|soil|-|SG002435|-|1144|1|0|990|XA35TEX|-|1.0|1.0|0.0|0.0|0.0|XA35TEX|-|1.0|1.0|0.0|120.0|256.0|256.0|264.0|264.0|512.0|512.0|512.0|512.0
UTNTSkyEdge_tntle_16672_1_terrain_1_1|16672|1|2|2749|990|9840.0|224.0|9632.0|128.0|9736.20952908873|175.54602030774979|264.0|264.0|264.0|RROCK19|XA35TEX|1.0|1.0|0.0|0.0|1.28|soil|-|SG002436|-|1286|1|1|990|XA35TEX|-|1.0|1.0|0.0|0.0|0.0|XA35TEX|-|1.0|1.0|0.0|120.0|256.0|256.0|264.0|264.0|512.0|512.0|512.0|512.0
UTNTSkyEdge_tntle_16673_1_terrain_1_0|16673|1|2|2749|990|9840.0|128.0|9840.0|224.0|9840.5|176.0|264.0|264.0|264.0|RROCK19|XA35TEX|1.0|1.0|49.048171109|120.0|1.28|soil|-|SG002435|-|1144|1|0|990|XA35TEX|-|1.0|1.0|0.0|0.0|0.0|XA35TEX|-|1.0|1.0|49.048171109|120.0|256.0|256.0|264.0|264.0|512.0|512.0|512.0|512.0
UTNTSkyEdge_tntle_16673_1_terrain_1_1|16673|1|2|2749|990|9840.0|128.0|9840.0|224.0|9839.5|176.0|264.0|264.0|264.0|RROCK19|XA35TEX|1.0|1.0|0.0|0.0|1.28|soil|-|SG002436|-|1286|1|1|990|XA35TEX|-|1.0|1.0|0.0|0.0|0.0|XA35TEX|-|1.0|1.0|49.048171109|120.0|256.0|256.0|264.0|264.0|512.0|512.0|512.0|512.0
UTNTSkyEdge_tntle_16674_1_terrain_1_0|16674|1|2|2749|990|9760.0|0.0|9840.0|128.0|9800.423999152003|63.73500052999841|264.0|264.0|264.0|RROCK19|XA35TEX|1.0|1.0|410.104472996|120.0|1.28|soil|-|SG002435|-|1144|1|0|990|XA35TEX|-|1.0|1.0|0.0|0.0|0.0|XA35TEX|-|1.0|1.0|410.104472996|120.0|256.0|256.0|264.0|264.0|512.0|512.0|512.0|512.0
UTNTSkyEdge_tntle_16674_1_terrain_1_1|16674|1|2|2749|990|9760.0|0.0|9840.0|128.0|9799.576000847997|64.26499947000158|264.0|264.0|264.0|RROCK19|XA35TEX|1.0|1.0|0.0|0.0|1.28|soil|-|SG002436|-|1286|1|1|990|XA35TEX|-|1.0|1.0|0.0|0.0|0.0|XA35TEX|-|1.0|1.0|410.104472996|120.0|256.0|256.0|264.0|264.0|512.0|512.0|512.0|512.0
UTNTSkyEdge_tntle_16675_1_terrain_1_0|16675|1|2|2749|990|9632.0|128.0|9760.0|0.0|9695.646446609408|63.64644660940672|264.0|264.0|264.0|RROCK19|XA35TEX|1.0|1.0|229.085137012|120.0|1.28|soil|-|SG002435|-|1144|1|0|990|XA35TEX|-|1.0|1.0|0.0|0.0|0.0|XA35TEX|-|1.0|1.0|229.085137012|120.0|256.0|256.0|264.0|264.0|512.0|512.0|512.0|512.0
UTNTSkyEdge_tntle_16675_1_terrain_1_1|16675|1|2|2749|990|9632.0|128.0|9760.0|0.0|9696.353553390592|64.35355339059328|264.0|264.0|264.0|RROCK19|XA35TEX|1.0|1.0|0.0|0.0|1.28|soil|-|SG002436|-|1286|1|1|990|XA35TEX|-|1.0|1.0|0.0|0.0|0.0|XA35TEX|-|1.0|1.0|229.085137012|120.0|256.0|256.0|264.0|264.0|512.0|512.0|512.0|512.0
UTNTSkyEdge_tntle_16676_1_terrain_1_0|16676|1|2|2751|989|9872.0|240.0|9872.0|160.0|9871.5|200.0|136.0|136.0|136.0|RROCK19|XA35TEX|1.0|1.0|236.237168964|120.0|1.28|soil|-|SG002437|-|1143|1|0|989|XA35TEX|-|1.0|1.0|0.0|0.0|0.0|XA35TEX|-|1.0|1.0|236.237168964|120.0|128.0|128.0|136.0|136.0|512.0|512.0|512.0|512.0
UTNTSkyEdge_tntle_16676_1_terrain_1_1|16676|1|2|2751|989|9872.0|240.0|9872.0|160.0|9872.5|200.0|136.0|136.0|136.0|RROCK19|XA35TEX|1.0|1.0|0.0|0.0|1.28|soil|-|SG002438|-|1287|1|1|989|XA35TEX|-|1.0|1.0|0.0|0.0|0.0|XA35TEX|-|1.0|1.0|236.237168964|120.0|128.0|128.0|136.0|136.0|512.0|512.0|512.0|512.0
UTNTSkyEdge_tntle_16677_1_terrain_1_0|16677|1|2|2751|989|10080.0|352.0|9872.0|240.0|9975.762950088483|296.4402355499611|136.0|136.0|136.0|RROCK19|XA35TEX|1.0|1.0|0.0|120.0|1.28|soil|-|SG002437|-|1143|1|0|989|XA35TEX|-|1.0|1.0|0.0|0.0|0.0|XA35TEX|-|1.0|1.0|0.0|120.0|128.0|128.0|136.0|136.0|512.0|512.0|512.0|512.0
UTNTSkyEdge_tntle_16677_1_terrain_1_1|16677|1|2|2751|989|10080.0|352.0|9872.0|240.0|9976.237049911517|295.5597644500389|136.0|136.0|136.0|RROCK19|XA35TEX|1.0|1.0|0.0|0.0|1.28|soil|-|SG002438|-|1287|1|1|989|XA35TEX|-|1.0|1.0|0.0|0.0|0.0|XA35TEX|-|1.0|1.0|0.0|120.0|128.0|128.0|136.0|136.0|512.0|512.0|512.0|512.0
UTNTSkyEdge_tntle_16678_1_terrain_1_0|16678|1|2|2751|989|10000.0|240.0|10080.0|352.0|10040.406866735604|295.70938090314047|136.0|136.0|136.0|RROCK19|XA35TEX|1.0|1.0|467.180867077|120.0|1.28|soil|-|SG002437|-|1143|1|0|989|XA35TEX|-|1.0|1.0|0.0|0.0|0.0|XA35TEX|-|1.0|1.0|467.180867077|120.0|128.0|128.0|136.0|136.0|512.0|512.0|512.0|512.0
UTNTSkyEdge_tntle_16678_1_terrain_1_1|16678|1|2|2751|989|10000.0|240.0|10080.0|352.0|10039.593133264396|296.29061909685953|136.0|136.0|136.0|RROCK19|XA35TEX|1.0|1.0|0.0|0.0|1.28|soil|-|SG002438|-|1287|1|1|989|XA35TEX|-|1.0|1.0|0.0|0.0|0.0|XA35TEX|-|1.0|1.0|467.180867077|120.0|128.0|128.0|136.0|136.0|512.0|512.0|512.0|512.0
UTNTSkyEdge_tntle_16679_1_terrain_1_0|16679|1|2|2751|989|9872.0|160.0|10000.0|240.0|9936.264999470002|199.57600084799745|136.0|136.0|136.0|RROCK19|XA35TEX|1.0|1.0|316.237168964|120.0|1.28|soil|-|SG002437|-|1143|1|0|989|XA35TEX|-|1.0|1.0|0.0|0.0|0.0|XA35TEX|-|1.0|1.0|316.237168964|120.0|128.0|128.0|136.0|136.0|512.0|512.0|512.0|512.0
UTNTSkyEdge_tntle_16679_1_terrain_1_1|16679|1|2|2751|989|9872.0|160.0|10000.0|240.0|9935.735000529998|200.42399915200255|136.0|136.0|136.0|RROCK19|XA35TEX|1.0|1.0|0.0|0.0|1.28|soil|-|SG002438|-|1287|1|1|989|XA35TEX|-|1.0|1.0|0.0|0.0|0.0|XA35TEX|-|1.0|1.0|316.237168964|120.0|128.0|128.0|136.0|136.0|512.0|512.0|512.0|512.0
UTNTSkyEdge_tntle_16680_1_terrain_1_0|16680|1|2|2752|988|9776.0|304.0|9760.0|224.0|9767.509709662154|264.09805806756907|72.0|72.0|72.0|RROCK19|XA35TEX|1.0|1.0|167.746949132|56.0|1.28|soil|-|SG002439|-|1284|1|0|988|XA35TEX|-|1.0|1.0|0.0|0.0|0.0|XA35TEX|-|1.0|1.0|167.746949132|56.0|64.0|64.0|72.0|72.0|512.0|512.0|512.0|512.0
UTNTSkyEdge_tntle_16680_1_terrain_1_1|16680|1|2|2752|988|9776.0|304.0|9760.0|224.0|9768.490290337846|263.90194193243093|72.0|72.0|72.0|RROCK19|XA35TEX|1.0|1.0|0.0|0.0|1.28|soil|-|SG002440|-|1288|1|1|988|XA35TEX|-|1.0|1.0|0.0|0.0|0.0|XA35TEX|-|1.0|1.0|167.746949132|56.0|64.0|64.0|72.0|72.0|512.0|512.0|512.0|512.0
UTNTSkyEdge_tntle_16681_1_terrain_1_0|16681|1|2|2752|988|9856.0|336.0|9776.0|304.0|9815.814304661822|320.46423834544265|72.0|72.0|72.0|RROCK19|XA35TEX|1.0|1.0|81.584312217|56.0|1.28|soil|-|SG002439|-|1284|1|0|988|XA35TEX|-|1.0|1.0|0.0|0.0|0.0|XA35TEX|-|1.0|1.0|81.584312217|56.0|64.0|64.0|72.0|72.0|512.0|512.0|512.0|512.0
UTNTSkyEdge_tntle_16681_1_terrain_1_1|16681|1|2|2752|988|9856.0|336.0|9776.0|304.0|9816.185695338178|319.53576165455735|72.0|72.0|72.0|RROCK19|XA35TEX|1.0|1.0|0.0|0.0|1.28|soil|-|SG002440|-|1288|1|1|988|XA35TEX|-|1.0|1.0|0.0|0.0|0.0|XA35TEX|-|1.0|1.0|81.584312217|56.0|64.0|64.0|72.0|72.0|512.0|512.0|512.0|512.0
UTNTSkyEdge_tntle_16682_1_terrain_1_0|16682|1|2|2752|988|9936.0|320.0|9856.0|336.0|9896.09805806757|328.49029033784547|72.0|72.0|72.0|RROCK19|XA35TEX|1.0|1.0|0.0|56.0|1.28|soil|-|SG002439|-|1284|1|0|988|XA35TEX|-|1.0|1.0|0.0|0.0|0.0|XA35TEX|-|1.0|1.0|0.0|56.0|64.0|64.0|72.0|72.0|512.0|512.0|512.0|512.0
UTNTSkyEdge_tntle_16682_1_terrain_1_1|16682|1|2|2752|988|9936.0|320.0|9856.0|336.0|9895.90194193243|327.50970966215453|72.0|72.0|72.0|RROCK19|XA35TEX|1.0|1.0|0.0|0.0|1.28|soil|-|SG002440|-|1288|1|1|988|XA35TEX|-|1.0|1.0|0.0|0.0|0.0|XA35TEX|-|1.0|1.0|0.0|56.0|64.0|64.0|72.0|72.0|512.0|512.0|512.0|512.0
UTNTSkyEdge_tntle_16683_1_terrain_1_0|16683|1|2|2752|988|9760.0|224.0|9936.0|320.0|9848.23942606534|271.5610522135428|72.0|72.0|72.0|RROCK19|XA35TEX|1.0|1.0|249.331261349|56.0|1.28|soil|-|SG002439|-|1284|1|0|988|XA35TEX|-|1.0|1.0|0.0|0.0|0.0|XA35TEX|-|1.0|1.0|249.331261349|56.0|64.0|64.0|72.0|72.0|512.0|512.0|512.0|512.0
UTNTSkyEdge_tntle_16683_1_terrain_1_1|16683|1|2|2752|988|9760.0|224.0|9936.0|320.0|9847.76057393466|272.4389477864572|72.0|72.0|72.0|RROCK19|XA35TEX|1.0|1.0|0.0|0.0|1.28|soil|-|SG002440|-|1288|1|1|988|XA35TEX|-|1.0|1.0|0.0|0.0|0.0|XA35TEX|-|1.0|1.0|249.331261349|56.0|64.0|64.0|72.0|72.0|512.0|512.0|512.0|512.0
UTNTSkyEdge_tntle_17273_1_terrain_2_1|17273|1|2|2833|2833|-1872.0|-6176.0|-1888.0|-6048.0|-1879.5038610616432|-6111.937982632706|-256.0|-256.0|-256.0|QROCK3X8|XA02TEX|1.0|1.0|0.0|0.0|5|gravel|-|SG002363|-|1145|2|1|2833|XA02TEX|-|1.0|1.0|0.0|0.0|0.0|QROCK3X8|-|1.0|1.0|234.989454684|552.0|-256.0|-256.0|-40.0|-40.0|512.0|512.0|448.0|448.0
UTNTSkyEdge_tntle_17275_1_terrain_2_1|17275|1|2|2833|2833|-1968.0|-6336.0|-1920.0|-6224.0|-1943.540427484991|-6280.19695964929|-256.0|-256.0|-256.0|QROCK3X8|XA02TEX|1.0|1.0|0.0|0.0|5|gravel|-|SG002363|-|1145|2|1|2833|XA02TEX|-|1.0|1.0|0.0|0.0|0.0|QROCK3X8|-|1.0|1.0|45.254833996|552.0|-256.0|-256.0|-40.0|-40.0|512.0|512.0|448.0|448.0
UTNTSkyEdge_tntle_17281_1_terrain_2_1|17281|1|2|2833|2833|-1584.0|-6400.0|-1744.0|-6432.0|-1664.0980580675691|-6415.509709662155|-256.0|-256.0|-256.0|QROCK3X8|XA02TEX|1.0|1.0|0.0|0.0|5|gravel|-|SG002363|-|1145|2|1|2833|XA02TEX|-|1.0|1.0|0.0|0.0|0.0|QROCK3X8|-|1.0|1.0|55.148930838|552.0|-256.0|-256.0|-40.0|-40.0|512.0|512.0|448.0|448.0
UTNTSkyEdge_tntle_17287_1_terrain_2_1|17287|1|2|2833|2833|-1120.0|-6592.0|-1296.0|-6448.0|-1207.6833811048714|-6519.613021350398|-256.0|-256.0|-256.0|QROCK3X8|XA02TEX|1.0|1.0|0.0|0.0|5|gravel|-|SG002363|-|1145|2|1|2833|XA02TEX|-|1.0|1.0|0.0|0.0|0.0|QROCK3X8|-|1.0|1.0|476.757178388|552.0|-256.0|-256.0|-40.0|-40.0|512.0|512.0|448.0|448.0
UTNTSkyEdge_tntle_17290_1_terrain_2_1|17290|1|2|2833|2833|-960.0|-6784.0|-1040.0|-6688.0|-999.6158893602013|-6735.679907800168|-256.0|-256.0|-256.0|QROCK3X8|XA02TEX|1.0|1.0|0.0|0.0|5|gravel|-|SG002363|-|1145|2|1|2833|XA02TEX|-|1.0|1.0|0.0|0.0|0.0|QROCK3X8|-|1.0|1.0|215.034104096|552.0|-256.0|-256.0|-40.0|-40.0|512.0|512.0|448.0|448.0
UTNTSkyEdge_tntle_17291_1_terrain_2_1|17291|1|2|2833|2833|-864.0|-6816.0|-960.0|-6784.0|-911.8418861169915|-6799.5256583509745|-256.0|-256.0|-256.0|QROCK3X8|XA02TEX|1.0|1.0|0.0|0.0|5|gravel|-|SG002363|-|1145|2|1|2833|XA02TEX|-|1.0|1.0|0.0|0.0|0.0|QROCK3X8|-|1.0|1.0|113.841218971|552.0|-256.0|-256.0|-40.0|-40.0|512.0|512.0|448.0|448.0
UTNTSkyEdge_tntle_17293_1_terrain_2_1|17293|1|2|2833|2833|-720.0|-6784.0|-832.0|-6848.0|-776.2480694691784|-6815.565878428938|-256.0|-256.0|-256.0|QROCK3X8|XA02TEX|1.0|1.0|0.0|0.0|5|gravel|-|SG002363|-|1145|2|1|2833|XA02TEX|-|1.0|1.0|0.0|0.0|0.0|QROCK3X8|-|1.0|1.0|963.590261002|552.0|-256.0|-256.0|-40.0|-40.0|512.0|512.0|448.0|448.0
UTNTSkyEdge_tntle_17295_1_terrain_2_1|17295|1|2|2833|2833|-384.0|-6784.0|-656.0|-6816.0|-520.0584206237837|-6799.503424697838|-256.0|-256.0|-256.0|QROCK3X8|XA02TEX|1.0|1.0|0.0|0.0|5|gravel|-|SG002363|-|1145|2|1|2833|XA02TEX|-|1.0|1.0|0.0|0.0|0.0|QROCK3X8|-|1.0|1.0|618.160201424|552.0|-256.0|-256.0|-40.0|-40.0|512.0|512.0|448.0|448.0
UTNTSkyEdge_tntle_17300_1_terrain_2_1|17300|1|2|2833|2833|-528.0|-6560.0|-400.0|-6656.0|-464.3|-6608.4|-256.0|-256.0|-256.0|QROCK3X8|XA02TEX|1.0|1.0|0.0|0.0|5|gravel|-|SG002363|-|1145|2|1|2833|XA02TEX|-|1.0|1.0|0.0|0.0|0.0|QROCK3X8|-|1.0|1.0|226.370873736|552.0|-256.0|-256.0|-40.0|-40.0|512.0|512.0|448.0|448.0
UTNTSkyEdge_tntle_17304_1_terrain_2_1|17304|1|2|2833|2833|-864.0|-6272.0|-768.0|-6304.0|-816.1581138830085|-6288.4743416490255|-256.0|-256.0|-256.0|QROCK3X8|XA02TEX|1.0|1.0|0.0|0.0|5|gravel|-|SG002363|-|1145|2|1|2833|XA02TEX|-|1.0|1.0|0.0|0.0|0.0|QROCK3X8|-|1.0|1.0|778.83437594|552.0|-256.0|-256.0|-40.0|-40.0|512.0|512.0|448.0|448.0
UTNTSkyEdge_tntle_17310_1_terrain_2_1|17310|1|2|2833|2833|-1040.0|-5888.0|-1072.0|-6064.0|-1056.49193495505|-5975.9105572809|-256.0|-256.0|-256.0|QROCK3X8|XA02TEX|1.0|1.0|0.0|0.0|5|gravel|-|SG002363|-|1145|2|1|2833|XA02TEX|-|1.0|1.0|0.0|0.0|0.0|QROCK3X8|-|1.0|1.0|241.288160513|552.0|-256.0|-256.0|-40.0|-40.0|512.0|512.0|448.0|448.0
UTNTSkyEdge_tntle_17315_1_terrain_2_1|17315|1|2|2833|2833|-1168.0|-5616.0|-1184.0|-5744.0|-1176.4961389383568|-5679.937982632706|-256.0|-256.0|-256.0|QROCK3X8|XA02TEX|1.0|1.0|0.0|0.0|5|gravel|-|SG002363|-|1145|2|1|2833|XA02TEX|-|1.0|1.0|0.0|0.0|0.0|QROCK3X8|-|1.0|1.0|871.843652973|552.0|-256.0|-256.0|-40.0|-40.0|512.0|512.0|448.0|448.0
UTNTSkyEdge_tntle_17316_1_terrain_2_1|17316|1|2|2833|2833|-1264.0|-5520.0|-1168.0|-5616.0|-1216.3535533905933|-5568.353553390593|-256.0|-256.0|-256.0|QROCK3X8|XA02TEX|1.0|1.0|0.0|0.0|5|gravel|-|SG002363|-|1145|2|1|2833|XA02TEX|-|1.0|1.0|0.0|0.0|0.0|QROCK3X8|-|1.0|1.0|736.079150986|552.0|-256.0|-256.0|-40.0|-40.0|512.0|512.0|448.0|448.0
UTNTSkyEdge_tntle_17518_0_terrain_1_0|17518|0|2|340|2879|3936.0|-1082.0|3898.0|-992.0|3917.4606247807055|-1036.8055139814799|-568.0|-560.0|-576.0|QROCK3|QROCK3X8|1.0|1.0|195.386795869|-1920.0|8|rock|-|SG002270|-|1196|1|0|2879|XA02TEX|-|1.0|1.0|0.0|0.0|0.0|QROCK3X8|-|1.0|1.0|195.386795869|-1920.0|-640.0|-640.0|-560.0|-576.0|384.0|384.0|384.0|384.0
UTNTSkyEdge_tntle_17518_0_terrain_1_1|17518|0|2|340|2879|3936.0|-1082.0|3898.0|-992.0|3916.5393752192945|-1037.1944860185201|-568.0|-560.0|-576.0|QROCK3|XA02TEX|1.0|1.0|0.0|0.0|8|gravel|-|SG002441|-|1289|1|1|2879|XA02TEX|-|1.0|1.0|0.0|0.0|0.0|QROCK3X8|-|1.0|1.0|195.386795869|-1920.0|-640.0|-640.0|-560.0|-576.0|384.0|384.0|384.0|384.0
UTNTSkyEdge_tntle_17518_0_terrain_2_1|17518|0|2|340|340|3936.0|-1082.0|3898.0|-992.0|3917.4606247807055|-1036.8055139814799|-640.0|-640.0|-640.0|QROCK3|XA02TEX|1.0|1.0|0.0|0.0|5|gravel|-|SG002272|-|1196|2|1|340|XA02TEX|-|1.0|1.0|0.0|0.0|0.0|QROCK3X8|-|1.0|1.0|195.386795869|-1920.0|-640.0|-640.0|-560.0|-576.0|384.0|384.0|384.0|384.0
UTNTSkyEdge_tntle_17521_0_terrain_1_0|17521|0|2|340|2882|3680.0|-1082.0|3718.0|-1172.0|3698.5393752192945|-1127.1944860185201|-568.0|-560.0|-576.0|QROCK3|QROCK3X8|1.0|1.0|586.160387607|-1920.0|8|rock|-|SG002270|-|1196|1|0|2882|XA02TEX|-|1.0|1.0|0.0|0.0|0.0|QROCK3X8|-|1.0|1.0|586.160387607|-1920.0|-640.0|-640.0|-560.0|-576.0|384.0|384.0|384.0|384.0
UTNTSkyEdge_tntle_17521_0_terrain_1_1|17521|0|2|340|2882|3680.0|-1082.0|3718.0|-1172.0|3699.4606247807055|-1126.8055139814799|-568.0|-560.0|-576.0|QROCK3|XA02TEX|1.0|1.0|0.0|0.0|8|gravel|-|SG002442|-|1290|1|1|2882|XA02TEX|-|1.0|1.0|0.0|0.0|0.0|QROCK3X8|-|1.0|1.0|586.160387607|-1920.0|-640.0|-640.0|-560.0|-576.0|384.0|384.0|384.0|384.0
UTNTSkyEdge_tntle_17521_0_terrain_2_1|17521|0|2|340|340|3680.0|-1082.0|3718.0|-1172.0|3698.5393752192945|-1127.1944860185201|-640.0|-640.0|-640.0|QROCK3|XA02TEX|1.0|1.0|0.0|0.0|5|gravel|-|SG002272|-|1196|2|1|340|XA02TEX|-|1.0|1.0|0.0|0.0|0.0|QROCK3X8|-|1.0|1.0|586.160387607|-1920.0|-640.0|-640.0|-560.0|-576.0|384.0|384.0|384.0|384.0
UTNTSkyEdge_tntle_17524_0_terrain_1_0|17524|0|2|340|2885|3808.0|-1210.0|3898.0|-1172.0|3853.1944860185204|-1191.4606247807058|-592.0|-576.0|-608.0|QROCK3|QROCK3X8|1.0|1.0|0.0|-1920.0|5.12|rock|-|SG002270|-|1196|1|0|2885|XA02TEX|-|1.0|1.0|0.0|0.0|0.0|QROCK3X8|-|1.0|1.0|0.0|-1920.0|-640.0|-640.0|-576.0|-608.0|384.0|384.0|384.0|384.0
UTNTSkyEdge_tntle_17524_0_terrain_1_1|17524|0|2|340|2885|3808.0|-1210.0|3898.0|-1172.0|3852.8055139814796|-1190.5393752192942|-592.0|-576.0|-608.0|QROCK3|XA02TEX|1.0|1.0|0.0|0.0|5.12|gravel|-|SG002443|-|1291|1|1|2885|XA02TEX|-|1.0|1.0|0.0|0.0|0.0|QROCK3X8|-|1.0|1.0|0.0|-1920.0|-640.0|-640.0|-576.0|-608.0|384.0|384.0|384.0|384.0
UTNTSkyEdge_tntle_17528_0_terrain_1_0|17528|0|2|340|2888|3808.0|-954.0|3718.0|-992.0|3762.8055139814796|-972.5393752192944|-596.0|-584.0|-608.0|QROCK3|QROCK3X8|1.0|1.0|390.773591738|-1920.0|5.12|rock|-|SG002270|-|1196|1|0|2888|XA02TEX|-|1.0|1.0|0.0|0.0|0.0|QROCK3X8|-|1.0|1.0|390.773591738|-1920.0|-640.0|-640.0|-584.0|-608.0|384.0|384.0|384.0|384.0
UTNTSkyEdge_tntle_17528_0_terrain_1_1|17528|0|2|340|2888|3808.0|-954.0|3718.0|-992.0|3763.1944860185204|-973.4606247807056|-596.0|-584.0|-608.0|QROCK3|XA02TEX|1.0|1.0|0.0|0.0|5.12|gravel|-|SG002444|-|1292|1|1|2888|XA02TEX|-|1.0|1.0|0.0|0.0|0.0|QROCK3X8|-|1.0|1.0|390.773591738|-1920.0|-640.0|-640.0|-584.0|-608.0|384.0|384.0|384.0|384.0
UTNTSkyEdge_tntle_17536_0_terrain_1_0|17536|0|2|340|2887|3898.0|-1172.0|3936.0|-1082.0|3917.4606247807055|-1127.1944860185201|-584.0|-608.0|-560.0|QROCK3|QROCK3X8|1.0|1.0|97.693397935|-1920.0|5.12|rock|-|SG002270|-|1196|1|0|2887|XA02TEX|-|1.0|1.0|0.0|0.0|0.0|QROCK3X8|-|1.0|1.0|97.693397935|-1920.0|-640.0|-640.0|-608.0|-560.0|384.0|384.0|384.0|384.0
UTNTSkyEdge_tntle_17536_0_terrain_1_1|17536|0|2|340|2887|3898.0|-1172.0|3936.0|-1082.0|3916.5393752192945|-1126.8055139814799|-584.0|-608.0|-560.0|QROCK3|XA02TEX|1.0|1.0|0.0|0.0|5.12|gravel|-|SG002445|-|1293|1|1|2887|XA02TEX|-|1.0|1.0|0.0|0.0|0.0|QROCK3X8|-|1.0|1.0|97.693397935|-1920.0|-640.0|-640.0|-608.0|-560.0|384.0|384.0|384.0|384.0
UTNTSkyEdge_tntle_17537_0_terrain_1_0|17537|0|2|340|2878|3718.0|-992.0|3680.0|-1082.0|3698.5393752192945|-1036.8055139814799|-584.0|-608.0|-560.0|QROCK3|QROCK3X8|1.0|1.0|488.466989673|-1920.0|5.12|rock|-|SG002270|-|1196|1|0|2878|XA02TEX|-|1.0|1.0|0.0|0.0|0.0|QROCK3X8|-|1.0|1.0|488.466989673|-1920.0|-640.0|-640.0|-608.0|-560.0|384.0|384.0|384.0|384.0
UTNTSkyEdge_tntle_17537_0_terrain_1_1|17537|0|2|340|2878|3718.0|-992.0|3680.0|-1082.0|3699.4606247807055|-1037.1944860185201|-584.0|-608.0|-560.0|QROCK3|XA02TEX|1.0|1.0|0.0|0.0|5.12|gravel|-|SG002446|-|1294|1|1|2878|XA02TEX|-|1.0|1.0|0.0|0.0|0.0|QROCK3X8|-|1.0|1.0|488.466989673|-1920.0|-640.0|-640.0|-608.0|-560.0|384.0|384.0|384.0|384.0
UTNTSkyEdge_tntle_17538_0_terrain_1_0|17538|0|2|340|2881|3898.0|-992.0|3808.0|-954.0|3853.1944860185204|-972.5393752192944|-580.0|-576.0|-584.0|QROCK3|QROCK3X8|1.0|1.0|293.080193804|-1920.0|8|rock|-|SG002270|-|1196|1|0|2881|XA02TEX|-|1.0|1.0|0.0|0.0|0.0|QROCK3X8|-|1.0|1.0|293.080193804|-1920.0|-640.0|-640.0|-576.0|-584.0|384.0|384.0|384.0|384.0
UTNTSkyEdge_tntle_17538_0_terrain_1_1|17538|0|2|340|2881|3898.0|-992.0|3808.0|-954.0|3852.8055139814796|-973.4606247807056|-580.0|-576.0|-584.0|QROCK3|XA02TEX|1.0|1.0|0.0|0.0|8|gravel|-|SG002447|-|1295|1|1|2881|XA02TEX|-|1.0|1.0|0.0|0.0|0.0|QROCK3X8|-|1.0|1.0|293.080193804|-1920.0|-640.0|-640.0|-576.0|-584.0|384.0|384.0|384.0|384.0
UTNTSkyEdge_tntle_17539_0_terrain_1_0|17539|0|2|340|2884|3718.0|-1172.0|3808.0|-1210.0|3762.8055139814796|-1191.4606247807058|-576.0|-576.0|-576.0|QROCK3|QROCK3X8|1.0|1.0|683.853785542|-1920.0|8|rock|-|SG002270|-|1196|1|0|2884|XA02TEX|-|1.0|1.0|0.0|0.0|0.0|QROCK3X8|-|1.0|1.0|683.853785542|-1920.0|-640.0|-640.0|-576.0|-576.0|384.0|384.0|384.0|384.0
UTNTSkyEdge_tntle_17539_0_terrain_1_1|17539|0|2|340|2884|3718.0|-1172.0|3808.0|-1210.0|3763.1944860185204|-1190.5393752192942|-576.0|-576.0|-576.0|QROCK3|XA02TEX|1.0|1.0|0.0|0.0|8|gravel|-|SG002448|-|1296|1|1|2884|XA02TEX|-|1.0|1.0|0.0|0.0|0.0|QROCK3X8|-|1.0|1.0|683.853785542|-1920.0|-640.0|-640.0|-576.0|-576.0|384.0|384.0|384.0|384.0
UTNTSkyEdge_tntle_17584_0_terrain_1_0|17584|0|2|2891|2960|16288.0|-64.0|16320.0|-192.0|16303.514928749928|-128.12126781251817|-1032.0|-1032.0|-1032.0|QROCK3X8|QROCK3X8|1.0|1.0|0.0|8.0|8|rock|-|SG002206|-|1151|1|0|2960|QROCK3X8|-|1.0|1.0|0.0|0.0|0.0|QROCK3X8|-|1.0|1.0|0.0|8.0|-1544.0|-1544.0|-1032.0|-1032.0|-512.0|-512.0|-512.0|-512.0
UTNTSkyEdge_tntle_17584_0_terrain_1_1|17584|0|2|2891|2960|16288.0|-64.0|16320.0|-192.0|16304.485071250072|-127.87873218748183|-1032.0|-1032.0|-1032.0|QROCK3X8|QROCK3X8|1.0|1.0|0.0|0.0|8|rock|-|SG002449|-|1150|1|1|2960|QROCK3X8|-|1.0|1.0|0.0|0.0|0.0|QROCK3X8|-|1.0|1.0|0.0|8.0|-1544.0|-1544.0|-1032.0|-1032.0|-512.0|-512.0|-512.0|-512.0
UTNTSkyEdge_tntle_17585_0_terrain_1_0|17585|0|2|2891|2960|16320.0|-192.0|16256.0|-288.0|16287.58397485283|-239.7226499018874|-1032.0|-1032.0|-1032.0|QROCK3X8|QROCK3X8|1.0|1.0|131.93938002|8.0|8|rock|-|SG002206|-|1151|1|0|2960|QROCK3X8|-|1.0|1.0|0.0|0.0|0.0|QROCK3X8|-|1.0|1.0|131.93938002|8.0|-1544.0|-1544.0|-1032.0|-1032.0|-512.0|-512.0|-512.0|-512.0
UTNTSkyEdge_tntle_17585_0_terrain_1_1|17585|0|2|2891|2960|16320.0|-192.0|16256.0|-288.0|16288.41602514717|-240.2773500981126|-1032.0|-1032.0|-1032.0|QROCK3X8|QROCK3X8|1.0|1.0|0.0|0.0|8|rock|-|SG002449|-|1150|1|1|2960|QROCK3X8|-|1.0|1.0|0.0|0.0|0.0|QROCK3X8|-|1.0|1.0|131.93938002|8.0|-1544.0|-1544.0|-1032.0|-1032.0|-512.0|-512.0|-512.0|-512.0
UTNTSkyEdge_tntle_17586_0_terrain_1_0|17586|0|2|2891|2960|16256.0|-288.0|16288.0|-352.0|16271.5527864045|-320.22360679775|-1032.0|-1032.0|-1032.0|QROCK3X8|QROCK3X8|1.0|1.0|247.317020835|8.0|8|rock|-|SG002206|-|1151|1|0|2960|QROCK3X8|-|1.0|1.0|0.0|0.0|0.0|QROCK3X8|-|1.0|1.0|247.317020835|8.0|-1544.0|-1544.0|-1032.0|-1032.0|-512.0|-512.0|-512.0|-512.0
UTNTSkyEdge_tntle_17586_0_terrain_1_1|17586|0|2|2891|2960|16256.0|-288.0|16288.0|-352.0|16272.4472135955|-319.77639320225|-1032.0|-1032.0|-1032.0|QROCK3X8|QROCK3X8|1.0|1.0|0.0|0.0|8|rock|-|SG002449|-|1150|1|1|2960|QROCK3X8|-|1.0|1.0|0.0|0.0|0.0|QROCK3X8|-|1.0|1.0|247.317020835|8.0|-1544.0|-1544.0|-1032.0|-1032.0|-512.0|-512.0|-512.0|-512.0
UTNTSkyEdge_tntle_17587_0_terrain_1_0|17587|0|2|2891|2892|16288.0|-352.0|16288.0|-512.0|16287.5|-432.0|-1032.0|-1032.0|-1032.0|QROCK3X8|QROCK3X8|1.0|1.0|318.871196115|8.0|8|rock|-|SG002206|-|1151|1|0|2892|QROCK3X8|-|1.0|1.0|0.0|0.0|0.0|QROCK3X8|-|1.0|1.0|318.871196115|8.0|-1544.0|-1544.0|-1032.0|-1032.0|-512.0|-512.0|-512.0|-512.0
UTNTSkyEdge_tntle_17587_0_terrain_1_1|17587|0|2|2891|2892|16288.0|-352.0|16288.0|-512.0|16288.5|-432.0|-1032.0|-1032.0|-1032.0|QROCK3X8|QROCK3X8|1.0|1.0|0.0|0.0|8|rock|-|SG002450|-|1297|1|1|2892|QROCK3X8|-|1.0|1.0|0.0|0.0|0.0|QROCK3X8|-|1.0|1.0|318.871196115|8.0|-1544.0|-1544.0|-1032.0|-1032.0|-512.0|-512.0|-512.0|-512.0
UTNTSkyEdge_tntle_17589_0_terrain_1_0|17589|0|2|2891|2892|16608.0|-512.0|16576.0|-352.0|16592.490290337846|-431.90194193243093|-1032.0|-1032.0|-1032.0|QROCK3X8|QROCK3X8|1.0|1.0|908.944148415|8.0|8|rock|-|SG002206|-|1151|1|0|2892|QROCK3X8|-|1.0|1.0|0.0|0.0|0.0|QROCK3X8|-|1.0|1.0|908.944148415|8.0|-1544.0|-1544.0|-1032.0|-1032.0|-512.0|-512.0|-512.0|-512.0
UTNTSkyEdge_tntle_17589_0_terrain_1_1|17589|0|2|2891|2892|16608.0|-512.0|16576.0|-352.0|16591.509709662154|-432.09805806756907|-1032.0|-1032.0|-1032.0|QROCK3X8|QROCK3X8|1.0|1.0|0.0|0.0|8|rock|-|SG002450|-|1297|1|1|2892|QROCK3X8|-|1.0|1.0|0.0|0.0|0.0|QROCK3X8|-|1.0|1.0|908.944148415|8.0|-1544.0|-1544.0|-1032.0|-1032.0|-512.0|-512.0|-512.0|-512.0
UTNTSkyEdge_tntle_17590_0_terrain_1_0|17590|0|2|2891|2960|16576.0|-352.0|16608.0|-288.0|16592.4472135955|-320.22360679775|-1032.0|-1032.0|-1032.0|QROCK3X8|QROCK3X8|1.0|1.0|48.11277285|8.0|8|rock|-|SG002206|-|1151|1|0|2960|QROCK3X8|-|1.0|1.0|0.0|0.0|0.0|QROCK3X8|-|1.0|1.0|48.11277285|8.0|-1544.0|-1544.0|-1032.0|-1032.0|-512.0|-512.0|-512.0|-512.0
UTNTSkyEdge_tntle_17590_0_terrain_1_1|17590|0|2|2891|2960|16576.0|-352.0|16608.0|-288.0|16591.5527864045|-319.77639320225|-1032.0|-1032.0|-1032.0|QROCK3X8|QROCK3X8|1.0|1.0|0.0|0.0|8|rock|-|SG002449|-|1150|1|1|2960|QROCK3X8|-|1.0|1.0|0.0|0.0|0.0|QROCK3X8|-|1.0|1.0|48.11277285|8.0|-1544.0|-1544.0|-1032.0|-1032.0|-512.0|-512.0|-512.0|-512.0
UTNTSkyEdge_tntle_17591_0_terrain_1_0|17591|0|2|2891|2960|16608.0|-288.0|16544.0|-192.0|16576.41602514717|-239.7226499018874|-1032.0|-1032.0|-1032.0|QROCK3X8|QROCK3X8|1.0|1.0|119.66694813|8.0|8|rock|-|SG002206|-|1151|1|0|2960|QROCK3X8|-|1.0|1.0|0.0|0.0|0.0|QROCK3X8|-|1.0|1.0|119.66694813|8.0|-1544.0|-1544.0|-1032.0|-1032.0|-512.0|-512.0|-512.0|-512.0
UTNTSkyEdge_tntle_17591_0_terrain_1_1|17591|0|2|2891|2960|16608.0|-288.0|16544.0|-192.0|16575.58397485283|-240.2773500981126|-1032.0|-1032.0|-1032.0|QROCK3X8|QROCK3X8|1.0|1.0|0.0|0.0|8|rock|-|SG002449|-|1150|1|1|2960|QROCK3X8|-|1.0|1.0|0.0|0.0|0.0|QROCK3X8|-|1.0|1.0|119.66694813|8.0|-1544.0|-1544.0|-1032.0|-1032.0|-512.0|-512.0|-512.0|-512.0
UTNTSkyEdge_tntle_17592_0_terrain_1_0|17592|0|2|2891|2960|16544.0|-192.0|16576.0|-64.0|16560.485071250074|-128.12126781251817|-1032.0|-1032.0|-1032.0|QROCK3X8|QROCK3X8|1.0|1.0|235.044588945|8.0|8|rock|-|SG002206|-|1151|1|0|2960|QROCK3X8|-|1.0|1.0|0.0|0.0|0.0|QROCK3X8|-|1.0|1.0|235.044588945|8.0|-1544.0|-1544.0|-1032.0|-1032.0|-512.0|-512.0|-512.0|-512.0
UTNTSkyEdge_tntle_17592_0_terrain_1_1|17592|0|2|2891|2960|16544.0|-192.0|16576.0|-64.0|16559.514928749926|-127.87873218748183|-1032.0|-1032.0|-1032.0|QROCK3X8|QROCK3X8|1.0|1.0|0.0|0.0|8|rock|-|SG002449|-|1150|1|1|2960|QROCK3X8|-|1.0|1.0|0.0|0.0|0.0|QROCK3X8|-|1.0|1.0|235.044588945|8.0|-1544.0|-1544.0|-1032.0|-1032.0|-512.0|-512.0|-512.0|-512.0
UTNTSkyEdge_tntle_17593_1_terrain_1_0|17593|1|2|2891|2893|16288.0|-512.0|16128.0|-512.0|16208.0|-511.5|-1032.0|-1032.0|-1032.0|QROCK3X8|QROCK3X8|1.0|1.0|478.871196115|8.0|8|rock|-|SG002206|-|1151|1|0|2893|QROCK3X8|-|1.0|1.0|0.0|0.0|0.0|QROCK3X8|-|1.0|1.0|478.871196115|8.0|-1544.0|-1544.0|-1032.0|-1032.0|-512.0|-512.0|-512.0|-512.0
UTNTSkyEdge_tntle_17593_1_terrain_1_1|17593|1|2|2891|2893|16288.0|-512.0|16128.0|-512.0|16208.0|-512.5|-1032.0|-1032.0|-1032.0|QROCK3X8|QROCK3X8|1.0|1.0|0.0|0.0|8|rock|-|SG002451|-|1298|1|1|2893|QROCK3X8|-|1.0|1.0|0.0|0.0|0.0|QROCK3X8|-|1.0|1.0|478.871196115|8.0|-1544.0|-1544.0|-1032.0|-1032.0|-512.0|-512.0|-512.0|-512.0
UTNTSkyEdge_tntle_17594_1_terrain_1_0|17594|1|2|2891|2893|17024.0|-640.0|16768.0|-512.0|16896.22360679775|-575.5527864045|-1032.0|-1032.0|-1032.0|QROCK3X8|QROCK3X8|1.0|1.0|462.727447295|8.0|8|rock|-|SG002206|-|1151|1|0|2893|QROCK3X8|-|1.0|1.0|0.0|0.0|0.0|QROCK3X8|-|1.0|1.0|462.727447295|8.0|-1544.0|-1544.0|-1032.0|-1032.0|-512.0|-512.0|-512.0|-512.0
UTNTSkyEdge_tntle_17594_1_terrain_1_1|17594|1|2|2891|2893|17024.0|-640.0|16768.0|-512.0|16895.77639320225|-576.4472135955|-1032.0|-1032.0|-1032.0|QROCK3X8|QROCK3X8|1.0|1.0|0.0|0.0|8|rock|-|SG002451|-|1298|1|1|2893|QROCK3X8|-|1.0|1.0|0.0|0.0|0.0|QROCK3X8|-|1.0|1.0|462.727447295|8.0|-1544.0|-1544.0|-1032.0|-1032.0|-512.0|-512.0|-512.0|-512.0
UTNTSkyEdge_tntle_17595_1_terrain_1_0|17595|1|2|2891|2893|17280.0|-896.0|17024.0|-640.0|17152.353553390592|-767.6464466094068|-1032.0|-1032.0|-1032.0|QROCK3X8|QROCK3X8|1.0|1.0|100.688775327|8.0|8|rock|-|SG002206|-|1151|1|0|2893|QROCK3X8|-|1.0|1.0|0.0|0.0|0.0|QROCK3X8|-|1.0|1.0|100.688775327|8.0|-1544.0|-1544.0|-1032.0|-1032.0|-512.0|-512.0|-512.0|-512.0
UTNTSkyEdge_tntle_17595_1_terrain_1_1|17595|1|2|2891|2893|17280.0|-896.0|17024.0|-640.0|17151.646446609408|-768.3535533905932|-1032.0|-1032.0|-1032.0|QROCK3X8|QROCK3X8|1.0|1.0|0.0|0.0|8|rock|-|SG002451|-|1298|1|1|2893|QROCK3X8|-|1.0|1.0|0.0|0.0|0.0|QROCK3X8|-|1.0|1.0|100.688775327|8.0|-1544.0|-1544.0|-1032.0|-1032.0|-512.0|-512.0|-512.0|-512.0
UTNTSkyEdge_tntle_17596_1_terrain_1_0|17596|1|2|2891|2893|17408.0|-1152.0|17280.0|-896.0|17344.4472135955|-1023.77639320225|-1032.0|-1032.0|-1032.0|QROCK3X8|QROCK3X8|1.0|1.0|838.472074207|8.0|8|rock|-|SG002206|-|1151|1|0|2893|QROCK3X8|-|1.0|1.0|0.0|0.0|0.0|QROCK3X8|-|1.0|1.0|838.472074207|8.0|-1544.0|-1544.0|-1032.0|-1032.0|-512.0|-512.0|-512.0|-512.0
UTNTSkyEdge_tntle_17596_1_terrain_1_1|17596|1|2|2891|2893|17408.0|-1152.0|17280.0|-896.0|17343.5527864045|-1024.2236067977499|-1032.0|-1032.0|-1032.0|QROCK3X8|QROCK3X8|1.0|1.0|0.0|0.0|8|rock|-|SG002451|-|1298|1|1|2893|QROCK3X8|-|1.0|1.0|0.0|0.0|0.0|QROCK3X8|-|1.0|1.0|838.472074207|8.0|-1544.0|-1544.0|-1032.0|-1032.0|-512.0|-512.0|-512.0|-512.0
UTNTSkyEdge_tntle_17597_1_terrain_1_0|17597|1|2|2891|2893|17408.0|-1792.0|17408.0|-1152.0|17408.5|-1472.0|-1032.0|-1032.0|-1032.0|QROCK3X8|QROCK3X8|1.0|1.0|198.472074207|8.0|8|rock|-|SG002206|-|1151|1|0|2893|QROCK3X8|-|1.0|1.0|0.0|0.0|0.0|QROCK3X8|-|1.0|1.0|198.472074207|8.0|-1544.0|-1544.0|-1032.0|-1032.0|-512.0|-512.0|-512.0|-512.0
UTNTSkyEdge_tntle_17597_1_terrain_1_1|17597|1|2|2891|2893|17408.0|-1792.0|17408.0|-1152.0|17407.5|-1472.0|-1032.0|-1032.0|-1032.0|QROCK3X8|QROCK3X8|1.0|1.0|0.0|0.0|8|rock|-|SG002451|-|1298|1|1|2893|QROCK3X8|-|1.0|1.0|0.0|0.0|0.0|QROCK3X8|-|1.0|1.0|198.472074207|8.0|-1544.0|-1544.0|-1032.0|-1032.0|-512.0|-512.0|-512.0|-512.0
UTNTSkyEdge_tntle_17598_1_terrain_1_0|17598|1|2|2891|2893|17280.0|-2048.0|17408.0|-1792.0|17344.4472135955|-1920.2236067977499|-1032.0|-1032.0|-1032.0|QROCK3X8|QROCK3X8|1.0|1.0|936.255373087|8.0|8|rock|-|SG002206|-|1151|1|0|2893|QROCK3X8|-|1.0|1.0|0.0|0.0|0.0|QROCK3X8|-|1.0|1.0|936.255373087|8.0|-1544.0|-1544.0|-1032.0|-1032.0|-512.0|-512.0|-512.0|-512.0
UTNTSkyEdge_tntle_17598_1_terrain_1_1|17598|1|2|2891|2893|17280.0|-2048.0|17408.0|-1792.0|17343.5527864045|-1919.7763932022501|-1032.0|-1032.0|-1032.0|QROCK3X8|QROCK3X8|1.0|1.0|0.0|0.0|8|rock|-|SG002451|-|1298|1|1|2893|QROCK3X8|-|1.0|1.0|0.0|0.0|0.0|QROCK3X8|-|1.0|1.0|936.255373087|8.0|-1544.0|-1544.0|-1032.0|-1032.0|-512.0|-512.0|-512.0|-512.0
UTNTSkyEdge_tntle_17599_1_terrain_1_0|17599|1|2|2891|2893|17024.0|-2304.0|17280.0|-2048.0|17152.353553390592|-2176.3535533905933|-1032.0|-1032.0|-1032.0|QROCK3X8|QROCK3X8|1.0|1.0|574.21670112|8.0|8|rock|-|SG002206|-|1151|1|0|2893|QROCK3X8|-|1.0|1.0|0.0|0.0|0.0|QROCK3X8|-|1.0|1.0|574.21670112|8.0|-1544.0|-1544.0|-1032.0|-1032.0|-512.0|-512.0|-512.0|-512.0
UTNTSkyEdge_tntle_17599_1_terrain_1_1|17599|1|2|2891|2893|17024.0|-2304.0|17280.0|-2048.0|17151.646446609408|-2175.6464466094067|-1032.0|-1032.0|-1032.0|QROCK3X8|QROCK3X8|1.0|1.0|0.0|0.0|8|rock|-|SG002451|-|1298|1|1|2893|QROCK3X8|-|1.0|1.0|0.0|0.0|0.0|QROCK3X8|-|1.0|1.0|574.21670112|8.0|-1544.0|-1544.0|-1032.0|-1032.0|-512.0|-512.0|-512.0|-512.0
UTNTSkyEdge_tntle_17600_1_terrain_1_0|17600|1|2|2891|2893|16768.0|-2432.0|17024.0|-2304.0|16896.22360679775|-2368.4472135954998|-1032.0|-1032.0|-1032.0|QROCK3X8|QROCK3X8|1.0|1.0|288.0|8.0|8|rock|-|SG002206|-|1151|1|0|2893|QROCK3X8|-|1.0|1.0|0.0|0.0|0.0|QROCK3X8|-|1.0|1.0|288.0|8.0|-1544.0|-1544.0|-1032.0|-1032.0|-512.0|-512.0|-512.0|-512.0
UTNTSkyEdge_tntle_17600_1_terrain_1_1|17600|1|2|2891|2893|16768.0|-2432.0|17024.0|-2304.0|16895.77639320225|-2367.5527864045002|-1032.0|-1032.0|-1032.0|QROCK3X8|QROCK3X8|1.0|1.0|0.0|0.0|8|rock|-|SG002451|-|1298|1|1|2893|QROCK3X8|-|1.0|1.0|0.0|0.0|0.0|QROCK3X8|-|1.0|1.0|288.0|8.0|-1544.0|-1544.0|-1032.0|-1032.0|-512.0|-512.0|-512.0|-512.0
UTNTSkyEdge_tntle_17601_1_terrain_1_0|17601|1|2|2891|2893|16480.0|-2432.0|16768.0|-2432.0|16624.0|-2432.5|-1032.0|-1032.0|-1032.0|QROCK3X8|QROCK3X8|1.0|1.0|0.0|8.0|8|rock|-|SG002206|-|1151|1|0|2893|QROCK3X8|-|1.0|1.0|0.0|0.0|0.0|QROCK3X8|-|1.0|1.0|0.0|8.0|-1544.0|-1544.0|-1032.0|-1032.0|-512.0|-512.0|-512.0|-512.0
UTNTSkyEdge_tntle_17601_1_terrain_1_1|17601|1|2|2891|2893|16480.0|-2432.0|16768.0|-2432.0|16624.0|-2431.5|-1032.0|-1032.0|-1032.0|QROCK3X8|QROCK3X8|1.0|1.0|0.0|0.0|8|rock|-|SG002451|-|1298|1|1|2893|QROCK3X8|-|1.0|1.0|0.0|0.0|0.0|QROCK3X8|-|1.0|1.0|0.0|8.0|-1544.0|-1544.0|-1032.0|-1032.0|-512.0|-512.0|-512.0|-512.0
UTNTSkyEdge_tntle_17602_1_terrain_1_0|17602|1|2|2891|2893|15872.0|-2304.0|16128.0|-2432.0|15999.77639320225|-2368.4472135954998|-1032.0|-1032.0|-1032.0|QROCK3X8|QROCK3X8|1.0|1.0|813.59864341|8.0|8|rock|-|SG002206|-|1151|1|0|2893|QROCK3X8|-|1.0|1.0|0.0|0.0|0.0|QROCK3X8|-|1.0|1.0|813.59864341|8.0|-1544.0|-1544.0|-1032.0|-1032.0|-512.0|-512.0|-512.0|-512.0
UTNTSkyEdge_tntle_17602_1_terrain_1_1|17602|1|2|2891|2893|15872.0|-2304.0|16128.0|-2432.0|16000.22360679775|-2367.5527864045002|-1032.0|-1032.0|-1032.0|QROCK3X8|QROCK3X8|1.0|1.0|0.0|0.0|8|rock|-|SG002451|-|1298|1|1|2893|QROCK3X8|-|1.0|1.0|0.0|0.0|0.0|QROCK3X8|-|1.0|1.0|813.59864341|8.0|-1544.0|-1544.0|-1032.0|-1032.0|-512.0|-512.0|-512.0|-512.0
UTNTSkyEdge_tntle_17603_1_terrain_1_0|17603|1|2|2891|2893|15616.0|-2048.0|15872.0|-2304.0|15743.646446609408|-2176.3535533905933|-1032.0|-1032.0|-1032.0|QROCK3X8|QROCK3X8|1.0|1.0|451.559971442|8.0|8|rock|-|SG002206|-|1151|1|0|2893|QROCK3X8|-|1.0|1.0|0.0|0.0|0.0|QROCK3X8|-|1.0|1.0|451.559971442|8.0|-1544.0|-1544.0|-1032.0|-1032.0|-512.0|-512.0|-512.0|-512.0
UTNTSkyEdge_tntle_17603_1_terrain_1_1|17603|1|2|2891|2893|15616.0|-2048.0|15872.0|-2304.0|15744.353553390592|-2175.6464466094067|-1032.0|-1032.0|-1032.0|QROCK3X8|QROCK3X8|1.0|1.0|0.0|0.0|8|rock|-|SG002451|-|1298|1|1|2893|QROCK3X8|-|1.0|1.0|0.0|0.0|0.0|QROCK3X8|-|1.0|1.0|451.559971442|8.0|-1544.0|-1544.0|-1032.0|-1032.0|-512.0|-512.0|-512.0|-512.0
UTNTSkyEdge_tntle_17604_1_terrain_1_0|17604|1|2|2891|2893|15488.0|-1792.0|15616.0|-2048.0|15551.5527864045|-1920.2236067977499|-1032.0|-1032.0|-1032.0|QROCK3X8|QROCK3X8|1.0|1.0|165.343270322|8.0|8|rock|-|SG002206|-|1151|1|0|2893|QROCK3X8|-|1.0|1.0|0.0|0.0|0.0|QROCK3X8|-|1.0|1.0|165.343270322|8.0|-1544.0|-1544.0|-1032.0|-1032.0|-512.0|-512.0|-512.0|-512.0
UTNTSkyEdge_tntle_17604_1_terrain_1_1|17604|1|2|2891|2893|15488.0|-1792.0|15616.0|-2048.0|15552.4472135955|-1919.7763932022501|-1032.0|-1032.0|-1032.0|QROCK3X8|QROCK3X8|1.0|1.0|0.0|0.0|8|rock|-|SG002451|-|1298|1|1|2893|QROCK3X8|-|1.0|1.0|0.0|0.0|0.0|QROCK3X8|-|1.0|1.0|165.343270322|8.0|-1544.0|-1544.0|-1032.0|-1032.0|-512.0|-512.0|-512.0|-512.0
UTNTSkyEdge_tntle_17605_1_terrain_1_0|17605|1|2|2891|2893|15488.0|-1152.0|15488.0|-1792.0|15487.5|-1472.0|-1032.0|-1032.0|-1032.0|QROCK3X8|QROCK3X8|1.0|1.0|549.343270322|8.0|8|rock|-|SG002206|-|1151|1|0|2893|QROCK3X8|-|1.0|1.0|0.0|0.0|0.0|QROCK3X8|-|1.0|1.0|549.343270322|8.0|-1544.0|-1544.0|-1032.0|-1032.0|-512.0|-512.0|-512.0|-512.0
UTNTSkyEdge_tntle_17605_1_terrain_1_1|17605|1|2|2891|2893|15488.0|-1152.0|15488.0|-1792.0|15488.5|-1472.0|-1032.0|-1032.0|-1032.0|QROCK3X8|QROCK3X8|1.0|1.0|0.0|0.0|8|rock|-|SG002451|-|1298|1|1|2893|QROCK3X8|-|1.0|1.0|0.0|0.0|0.0|QROCK3X8|-|1.0|1.0|549.343270322|8.0|-1544.0|-1544.0|-1032.0|-1032.0|-512.0|-512.0|-512.0|-512.0
UTNTSkyEdge_tntle_17606_1_terrain_1_0|17606|1|2|2891|2893|15616.0|-896.0|15488.0|-1152.0|15551.5527864045|-1023.77639320225|-1032.0|-1032.0|-1032.0|QROCK3X8|QROCK3X8|1.0|1.0|263.126569202|8.0|8|rock|-|SG002206|-|1151|1|0|2893|QROCK3X8|-|1.0|1.0|0.0|0.0|0.0|QROCK3X8|-|1.0|1.0|263.126569202|8.0|-1544.0|-1544.0|-1032.0|-1032.0|-512.0|-512.0|-512.0|-512.0
UTNTSkyEdge_tntle_17606_1_terrain_1_1|17606|1|2|2891|2893|15616.0|-896.0|15488.0|-1152.0|15552.4472135955|-1024.2236067977499|-1032.0|-1032.0|-1032.0|QROCK3X8|QROCK3X8|1.0|1.0|0.0|0.0|8|rock|-|SG002451|-|1298|1|1|2893|QROCK3X8|-|1.0|1.0|0.0|0.0|0.0|QROCK3X8|-|1.0|1.0|263.126569202|8.0|-1544.0|-1544.0|-1032.0|-1032.0|-512.0|-512.0|-512.0|-512.0
UTNTSkyEdge_tntle_17607_1_terrain_1_0|17607|1|2|2891|2893|15872.0|-640.0|15616.0|-896.0|15743.646446609408|-767.6464466094068|-1032.0|-1032.0|-1032.0|QROCK3X8|QROCK3X8|1.0|1.0|925.087897235|8.0|8|rock|-|SG002206|-|1151|1|0|2893|QROCK3X8|-|1.0|1.0|0.0|0.0|0.0|QROCK3X8|-|1.0|1.0|925.087897235|8.0|-1544.0|-1544.0|-1032.0|-1032.0|-512.0|-512.0|-512.0|-512.0
UTNTSkyEdge_tntle_17607_1_terrain_1_1|17607|1|2|2891|2893|15872.0|-640.0|15616.0|-896.0|15744.353553390592|-768.3535533905932|-1032.0|-1032.0|-1032.0|QROCK3X8|QROCK3X8|1.0|1.0|0.0|0.0|8|rock|-|SG002451|-|1298|1|1|2893|QROCK3X8|-|1.0|1.0|0.0|0.0|0.0|QROCK3X8|-|1.0|1.0|925.087897235|8.0|-1544.0|-1544.0|-1032.0|-1032.0|-512.0|-512.0|-512.0|-512.0
UTNTSkyEdge_tntle_17608_1_terrain_1_0|17608|1|2|2891|2893|16128.0|-512.0|15872.0|-640.0|15999.77639320225|-575.5527864045|-1032.0|-1032.0|-1032.0|QROCK3X8|QROCK3X8|1.0|1.0|638.871196115|8.0|8|rock|-|SG002206|-|1151|1|0|2893|QROCK3X8|-|1.0|1.0|0.0|0.0|0.0|QROCK3X8|-|1.0|1.0|638.871196115|8.0|-1544.0|-1544.0|-1032.0|-1032.0|-512.0|-512.0|-512.0|-512.0
UTNTSkyEdge_tntle_17608_1_terrain_1_1|17608|1|2|2891|2893|16128.0|-512.0|15872.0|-640.0|16000.22360679775|-576.4472135955|-1032.0|-1032.0|-1032.0|QROCK3X8|QROCK3X8|1.0|1.0|0.0|0.0|8|rock|-|SG002451|-|1298|1|1|2893|QROCK3X8|-|1.0|1.0|0.0|0.0|0.0|QROCK3X8|-|1.0|1.0|638.871196115|8.0|-1544.0|-1544.0|-1032.0|-1032.0|-512.0|-512.0|-512.0|-512.0
UTNTSkyEdge_tntle_17609_1_terrain_1_0|17609|1|2|2891|2893|16768.0|-512.0|16608.0|-512.0|16688.0|-511.5|-1032.0|-1032.0|-1032.0|QROCK3X8|QROCK3X8|1.0|1.0|748.944148415|8.0|8|rock|-|SG002206|-|1151|1|0|2893|QROCK3X8|-|1.0|1.0|0.0|0.0|0.0|QROCK3X8|-|1.0|1.0|748.944148415|8.0|-1544.0|-1544.0|-1032.0|-1032.0|-512.0|-512.0|-512.0|-512.0
UTNTSkyEdge_tntle_17609_1_terrain_1_1|17609|1|2|2891|2893|16768.0|-512.0|16608.0|-512.0|16688.0|-512.5|-1032.0|-1032.0|-1032.0|QROCK3X8|QROCK3X8|1.0|1.0|0.0|0.0|8|rock|-|SG002451|-|1298|1|1|2893|QROCK3X8|-|1.0|1.0|0.0|0.0|0.0|QROCK3X8|-|1.0|1.0|748.944148415|8.0|-1544.0|-1544.0|-1032.0|-1032.0|-512.0|-512.0|-512.0|-512.0
UTNTSkyEdge_tntle_17851_0_terrain_1_0|17851|0|2|2936|2968|16128.0|-1888.0|16152.0|-1920.0|16139.6|-1904.3|-968.0|-968.0|-968.0|QROCK3|QROCK3X8|1.0|1.0|0.0|72.0|8|rock|-|SG002452|-|1299|1|0|2968|QROCK3X8|-|1.0|1.0|0.0|0.0|0.0|QROCK3X8|-|1.0|1.0|0.0|72.0|-1040.0|-1040.0|-968.0|-968.0|-512.0|-512.0|-512.0|-512.0
UTNTSkyEdge_tntle_17851_0_terrain_1_1|17851|0|2|2936|2968|16128.0|-1888.0|16152.0|-1920.0|16140.4|-1903.7|-968.0|-968.0|-968.0|QROCK3|QROCK3X8|1.0|1.0|0.0|0.0|8|rock|-|SG002453|-|1300|1|1|2968|QROCK3X8|-|1.0|1.0|0.0|0.0|0.0|QROCK3X8|-|1.0|1.0|0.0|72.0|-1040.0|-1040.0|-968.0|-968.0|-512.0|-512.0|-512.0|-512.0
UTNTSkyEdge_tntle_17858_0_terrain_1_0|17858|0|2|2936|2966|16960.0|-1632.0|16976.0|-1600.0|16968.4472135955|-1616.2236067977499|-968.0|-968.0|-968.0|QROCK3|QROCK3X8|1.0|1.0|0.0|72.0|8|rock|-|SG002452|-|1299|1|0|2966|QROCK3X8|-|1.0|1.0|0.0|0.0|0.0|QROCK3X8|-|1.0|1.0|0.0|72.0|-1040.0|-1040.0|-968.0|-968.0|-512.0|-512.0|-512.0|-512.0
UTNTSkyEdge_tntle_17858_0_terrain_1_1|17858|0|2|2936|2966|16960.0|-1632.0|16976.0|-1600.0|16967.5527864045|-1615.7763932022501|-968.0|-968.0|-968.0|QROCK3|QROCK3X8|1.0|1.0|0.0|0.0|8|rock|-|SG002454|-|1301|1|1|2966|QROCK3X8|-|1.0|1.0|0.0|0.0|0.0|QROCK3X8|-|1.0|1.0|0.0|72.0|-1040.0|-1040.0|-968.0|-968.0|-512.0|-512.0|-512.0|-512.0
UTNTSkyEdge_tntle_17869_0_terrain_1_0|17869|0|2|2936|2967|16032.0|-1152.0|15984.0|-1184.0|16007.722649901887|-1167.583974852831|-968.0|-968.0|-968.0|QROCK3|QROCK3X8|1.0|1.0|0.0|72.0|8|rock|-|SG002452|-|1299|1|0|2967|QROCK3X8|-|1.0|1.0|0.0|0.0|0.0|QROCK3X8|-|1.0|1.0|0.0|72.0|-1040.0|-1040.0|-968.0|-968.0|-512.0|-512.0|-512.0|-512.0
UTNTSkyEdge_tntle_17869_0_terrain_1_1|17869|0|2|2936|2967|16032.0|-1152.0|15984.0|-1184.0|16008.277350098113|-1168.416025147169|-968.0|-968.0|-968.0|QROCK3|QROCK3X8|1.0|1.0|0.0|0.0|8|rock|-|SG002455|-|1302|1|1|2967|QROCK3X8|-|1.0|1.0|0.0|0.0|0.0|QROCK3X8|-|1.0|1.0|0.0|72.0|-1040.0|-1040.0|-968.0|-968.0|-512.0|-512.0|-512.0|-512.0
UTNTSkyEdge_tntle_17876_1_terrain_1_0|17876|1|2|2893|2940|16384.0|-2208.0|16352.0|-2240.0|16367.646446609408|-2223.6464466094067|-840.0|-840.0|-840.0|QROCK3|QROCK3X8|1.0|1.0|97.0|72.0|8|rock|-|SG002456|-|1298|1|0|2940|QROCK3X8|-|1.0|1.0|0.0|0.0|0.0|QROCK3X8|-|1.0|1.0|97.0|72.0|-1032.0|-1032.0|-840.0|-840.0|-512.0|-512.0|-512.0|-512.0
UTNTSkyEdge_tntle_17876_1_terrain_1_1|17876|1|2|2893|2940|16384.0|-2208.0|16352.0|-2240.0|16368.353553390592|-2224.3535533905933|-840.0|-840.0|-840.0|QROCK3|QROCK3X8|1.0|1.0|0.0|0.0|8|rock|-|SG002457|-|1303|1|1|2940|QROCK3X8|-|1.0|1.0|0.0|0.0|0.0|QROCK3X8|-|1.0|1.0|97.0|72.0|-1032.0|-1032.0|-840.0|-840.0|-512.0|-512.0|-512.0|-512.0
UTNTSkyEdge_tntle_17877_1_terrain_1_0|17877|1|2|2893|2939|16480.0|-2176.0|16384.0|-2208.0|16431.841886116992|-2191.525658350975|-920.0|-920.0|-920.0|QROCK3|QROCK3X8|1.0|1.0|335.485991375|24.0|8|rock|-|SG002456|-|1298|1|0|2939|QROCK3X8|-|1.0|1.0|0.0|0.0|0.0|QROCK3X8|-|1.0|1.0|335.485991375|24.0|-1032.0|-1032.0|-920.0|-920.0|-512.0|-512.0|-512.0|-512.0
UTNTSkyEdge_tntle_17877_1_terrain_1_1|17877|1|2|2893|2939|16480.0|-2176.0|16384.0|-2208.0|16432.158113883008|-2192.474341649025|-920.0|-920.0|-920.0|QROCK3|QROCK3X8|1.0|1.0|0.0|0.0|8|rock|-|SG002458|-|1304|1|1|2939|QROCK3X8|-|1.0|1.0|0.0|0.0|0.0|QROCK3X8|-|1.0|1.0|335.485991375|24.0|-1032.0|-1032.0|-920.0|-920.0|-512.0|-512.0|-512.0|-512.0
UTNTSkyEdge_tntle_17877_1_terrain_2_1|17877|1|2|2893|2893|16480.0|-2176.0|16384.0|-2208.0|16431.841886116992|-2191.525658350975|-1032.0|-1032.0|-1032.0|QROCK3|QROCK3X8|1.0|1.0|0.0|0.0|5|rock|-|SG002451|-|1298|2|1|2893|QROCK3X8|-|1.0|1.0|0.0|0.0|0.0|QROCK3X8|-|1.0|1.0|335.485991375|24.0|-1032.0|-1032.0|-920.0|-920.0|-512.0|-512.0|-512.0|-512.0
UTNTSkyEdge_tntle_17878_1_terrain_1_0|17878|1|2|2893|2939|16544.0|-2272.0|16480.0|-2176.0|16512.41602514717|-2223.7226499018875|-920.0|-920.0|-920.0|QROCK3|QROCK3X8|1.0|1.0|220.10835056|24.0|8|rock|-|SG002456|-|1298|1|0|2939|QROCK3X8|-|1.0|1.0|0.0|0.0|0.0|QROCK3X8|-|1.0|1.0|220.10835056|24.0|-1032.0|-1032.0|-920.0|-920.0|-512.0|-512.0|-512.0|-512.0
UTNTSkyEdge_tntle_17878_1_terrain_1_1|17878|1|2|2893|2939|16544.0|-2272.0|16480.0|-2176.0|16511.58397485283|-2224.2773500981125|-920.0|-920.0|-920.0|QROCK3|QROCK3X8|1.0|1.0|0.0|0.0|8|rock|-|SG002458|-|1304|1|1|2939|QROCK3X8|-|1.0|1.0|0.0|0.0|0.0|QROCK3X8|-|1.0|1.0|220.10835056|24.0|-1032.0|-1032.0|-920.0|-920.0|-512.0|-512.0|-512.0|-512.0
UTNTSkyEdge_tntle_17879_1_terrain_1_0|17879|1|2|2893|2939|16576.0|-2336.0|16544.0|-2272.0|16560.4472135955|-2303.77639320225|-920.0|-920.0|-920.0|QROCK3|QROCK3X8|1.0|1.0|148.55417528|24.0|8|rock|-|SG002456|-|1298|1|0|2939|QROCK3X8|-|1.0|1.0|0.0|0.0|0.0|QROCK3X8|-|1.0|1.0|148.55417528|24.0|-1032.0|-1032.0|-920.0|-920.0|-512.0|-512.0|-512.0|-512.0
UTNTSkyEdge_tntle_17879_1_terrain_1_1|17879|1|2|2893|2939|16576.0|-2336.0|16544.0|-2272.0|16559.5527864045|-2304.22360679775|-920.0|-920.0|-920.0|QROCK3|QROCK3X8|1.0|1.0|0.0|0.0|8|rock|-|SG002458|-|1304|1|1|2939|QROCK3X8|-|1.0|1.0|0.0|0.0|0.0|QROCK3X8|-|1.0|1.0|148.55417528|24.0|-1032.0|-1032.0|-920.0|-920.0|-512.0|-512.0|-512.0|-512.0
UTNTSkyEdge_tntle_17880_1_terrain_1_0|17880|1|2|2893|2939|16544.0|-2400.0|16576.0|-2336.0|16560.4472135955|-2368.22360679775|-920.0|-920.0|-920.0|QROCK3|QROCK3X8|1.0|1.0|77.0|24.0|8|rock|-|SG002456|-|1298|1|0|2939|QROCK3X8|-|1.0|1.0|0.0|0.0|0.0|QROCK3X8|-|1.0|1.0|77.0|24.0|-1032.0|-1032.0|-920.0|-920.0|-512.0|-512.0|-512.0|-512.0
UTNTSkyEdge_tntle_17880_1_terrain_1_1|17880|1|2|2893|2939|16544.0|-2400.0|16576.0|-2336.0|16559.5527864045|-2367.77639320225|-920.0|-920.0|-920.0|QROCK3|QROCK3X8|1.0|1.0|0.0|0.0|8|rock|-|SG002458|-|1304|1|1|2939|QROCK3X8|-|1.0|1.0|0.0|0.0|0.0|QROCK3X8|-|1.0|1.0|77.0|24.0|-1032.0|-1032.0|-920.0|-920.0|-512.0|-512.0|-512.0|-512.0
UTNTSkyEdge_tntle_17881_1_terrain_1_0|17881|1|2|2893|2938|16480.0|-2432.0|16544.0|-2400.0|16512.22360679775|-2416.4472135954998|-944.0|-944.0|-944.0|QROCK3|QROCK3X8|1.0|1.0|5.0|48.0|8|rock|-|SG002456|-|1298|1|0|2938|QROCK3X8|-|1.0|1.0|0.0|0.0|0.0|QROCK3X8|-|1.0|1.0|5.0|48.0|-1032.0|-1032.0|-944.0|-944.0|-512.0|-512.0|-512.0|-512.0
UTNTSkyEdge_tntle_17881_1_terrain_1_1|17881|1|2|2893|2938|16480.0|-2432.0|16544.0|-2400.0|16511.77639320225|-2415.5527864045002|-944.0|-944.0|-944.0|QROCK3|QROCK3X8|1.0|1.0|0.0|0.0|8|rock|-|SG002459|-|1305|1|1|2938|QROCK3X8|-|1.0|1.0|0.0|0.0|0.0|QROCK3X8|-|1.0|1.0|5.0|48.0|-1032.0|-1032.0|-944.0|-944.0|-512.0|-512.0|-512.0|-512.0
UTNTSkyEdge_tntle_17882_1_terrain_1_0|17882|1|2|2891|2938|16320.0|-2432.0|16480.0|-2432.0|16400.0|-2432.5|-944.0|-944.0|-944.0|QROCK3|QROCK3X8|1.0|1.0|50.0|48.0|8|rock|-|SG002206|-|1151|1|0|2938|QROCK3X8|-|1.0|1.0|0.0|0.0|0.0|QROCK3X8|-|1.0|1.0|50.0|48.0|-1544.0|-1544.0|-944.0|-944.0|-512.0|-512.0|-512.0|-512.0
UTNTSkyEdge_tntle_17882_1_terrain_1_1|17882|1|2|2891|2938|16320.0|-2432.0|16480.0|-2432.0|16400.0|-2431.5|-944.0|-944.0|-944.0|QROCK3|QROCK3X8|1.0|1.0|0.0|0.0|8|rock|-|SG002459|-|1305|1|1|2938|QROCK3X8|-|1.0|1.0|0.0|0.0|0.0|QROCK3X8|-|1.0|1.0|50.0|48.0|-1544.0|-1544.0|-944.0|-944.0|-512.0|-512.0|-512.0|-512.0
UTNTSkyEdge_tntle_17883_1_terrain_1_0|17883|1|2|2893|2938|16288.0|-2368.0|16320.0|-2432.0|16303.5527864045|-2400.22360679775|-944.0|-944.0|-944.0|QROCK3|QROCK3X8|1.0|1.0|157.10835056|48.0|8|rock|-|SG002456|-|1298|1|0|2938|QROCK3X8|-|1.0|1.0|0.0|0.0|0.0|QROCK3X8|-|1.0|1.0|157.10835056|48.0|-1032.0|-1032.0|-944.0|-944.0|-512.0|-512.0|-512.0|-512.0
UTNTSkyEdge_tntle_17883_1_terrain_1_1|17883|1|2|2893|2938|16288.0|-2368.0|16320.0|-2432.0|16304.4472135955|-2399.77639320225|-944.0|-944.0|-944.0|QROCK3|QROCK3X8|1.0|1.0|0.0|0.0|8|rock|-|SG002459|-|1305|1|1|2938|QROCK3X8|-|1.0|1.0|0.0|0.0|0.0|QROCK3X8|-|1.0|1.0|157.10835056|48.0|-1032.0|-1032.0|-944.0|-944.0|-512.0|-512.0|-512.0|-512.0
UTNTSkyEdge_tntle_17884_1_terrain_1_0|17884|1|2|2893|2938|16352.0|-2240.0|16288.0|-2368.0|16319.5527864045|-2303.77639320225|-944.0|-944.0|-944.0|QROCK3|QROCK3X8|1.0|1.0|14.0|48.0|8|rock|-|SG002456|-|1298|1|0|2938|QROCK3X8|-|1.0|1.0|0.0|0.0|0.0|QROCK3X8|-|1.0|1.0|14.0|48.0|-1032.0|-1032.0|-944.0|-944.0|-512.0|-512.0|-512.0|-512.0
UTNTSkyEdge_tntle_17884_1_terrain_1_1|17884|1|2|2893|2938|16352.0|-2240.0|16288.0|-2368.0|16320.4472135955|-2304.22360679775|-944.0|-944.0|-944.0|QROCK3|QROCK3X8|1.0|1.0|0.0|0.0|8|rock|-|SG002459|-|1305|1|1|2938|QROCK3X8|-|1.0|1.0|0.0|0.0|0.0|QROCK3X8|-|1.0|1.0|14.0|48.0|-1032.0|-1032.0|-944.0|-944.0|-512.0|-512.0|-512.0|-512.0
UTNTSkyEdge_tntle_17885_0_terrain_1_0|17885|0|2|2938|2940|16352.0|-2240.0|16352.0|-2336.0|16351.5|-2288.0|-840.0|-840.0|-840.0|QROCK3|QROCK3X8|1.0|1.0|14.0|72.0|8|rock|-|SG002460|-|1305|1|0|2940|QROCK3X8|-|1.0|1.0|0.0|0.0|0.0|QROCK3X8|-|1.0|1.0|14.0|72.0|-944.0|-944.0|-840.0|-840.0|-512.0|-512.0|-512.0|-512.0
UTNTSkyEdge_tntle_17885_0_terrain_1_1|17885|0|2|2938|2940|16352.0|-2240.0|16352.0|-2336.0|16352.5|-2288.0|-840.0|-840.0|-840.0|QROCK3|QROCK3X8|1.0|1.0|0.0|0.0|8|rock|-|SG002457|-|1303|1|1|2940|QROCK3X8|-|1.0|1.0|0.0|0.0|0.0|QROCK3X8|-|1.0|1.0|14.0|72.0|-944.0|-944.0|-840.0|-840.0|-512.0|-512.0|-512.0|-512.0
UTNTSkyEdge_tntle_17885_0_terrain_2_1|17885|0|2|2938|2938|16352.0|-2240.0|16352.0|-2336.0|16351.5|-2288.0|-944.0|-944.0|-944.0|QROCK3|QROCK3X8|1.0|1.0|0.0|0.0|5|rock|-|SG002459|-|1305|2|1|2938|QROCK3X8|-|1.0|1.0|0.0|0.0|0.0|QROCK3X8|-|1.0|1.0|14.0|72.0|-944.0|-944.0|-840.0|-840.0|-512.0|-512.0|-512.0|-512.0
UTNTSkyEdge_tntle_17886_0_terrain_1_0|17886|0|2|2938|2940|16352.0|-2336.0|16448.0|-2400.0|16399.722649901887|-2368.416025147169|-840.0|-840.0|-840.0|QROCK3|QROCK3X8|1.0|1.0|110.0|72.0|8|rock|-|SG002460|-|1305|1|0|2940|QROCK3X8|-|1.0|1.0|0.0|0.0|0.0|QROCK3X8|-|1.0|1.0|110.0|72.0|-944.0|-944.0|-840.0|-840.0|-512.0|-512.0|-512.0|-512.0
UTNTSkyEdge_tntle_17886_0_terrain_1_1|17886|0|2|2938|2940|16352.0|-2336.0|16448.0|-2400.0|16400.277350098113|-2367.583974852831|-840.0|-840.0|-840.0|QROCK3|QROCK3X8|1.0|1.0|0.0|0.0|8|rock|-|SG002457|-|1303|1|1|2940|QROCK3X8|-|1.0|1.0|0.0|0.0|0.0|QROCK3X8|-|1.0|1.0|110.0|72.0|-944.0|-944.0|-840.0|-840.0|-512.0|-512.0|-512.0|-512.0
UTNTSkyEdge_tntle_17886_0_terrain_2_1|17886|0|2|2938|2938|16352.0|-2336.0|16448.0|-2400.0|16399.722649901887|-2368.416025147169|-944.0|-944.0|-944.0|QROCK3|QROCK3X8|1.0|1.0|0.0|0.0|5|rock|-|SG002459|-|1305|2|1|2938|QROCK3X8|-|1.0|1.0|0.0|0.0|0.0|QROCK3X8|-|1.0|1.0|110.0|72.0|-944.0|-944.0|-840.0|-840.0|-512.0|-512.0|-512.0|-512.0
UTNTSkyEdge_tntle_17887_0_terrain_1_0|17887|0|2|2938|2939|16448.0|-2400.0|16544.0|-2400.0|16496.0|-2400.5|-920.0|-920.0|-920.0|QROCK3|QROCK3X8|1.0|1.0|97.0|24.0|3.84|rock|-|SG002460|-|1305|1|0|2939|QROCK3X8|-|1.0|1.0|0.0|0.0|0.0|QROCK3X8|-|1.0|1.0|97.0|24.0|-944.0|-944.0|-920.0|-920.0|-512.0|-512.0|-512.0|-512.0
UTNTSkyEdge_tntle_17887_0_terrain_1_1|17887|0|2|2938|2939|16448.0|-2400.0|16544.0|-2400.0|16496.0|-2399.5|-920.0|-920.0|-920.0|QROCK3|QROCK3X8|1.0|1.0|0.0|0.0|3.84|rock|-|SG002458|-|1304|1|1|2939|QROCK3X8|-|1.0|1.0|0.0|0.0|0.0|QROCK3X8|-|1.0|1.0|97.0|24.0|-944.0|-944.0|-920.0|-920.0|-512.0|-512.0|-512.0|-512.0
UTNTSkyEdge_tntle_17888_1_terrain_1_0|17888|1|2|2939|2940|16480.0|-2272.0|16384.0|-2208.0|16432.277350098113|-2239.583974852831|-840.0|-840.0|-840.0|QROCK3|QROCK3X8|1.0|1.0|269.747060405|72.0|8|rock|-|SG002461|-|1304|1|0|2940|QROCK3X8|-|1.0|1.0|0.0|0.0|0.0|QROCK3X8|-|1.0|1.0|269.747060405|72.0|-920.0|-920.0|-840.0|-840.0|-512.0|-512.0|-512.0|-512.0
UTNTSkyEdge_tntle_17888_1_terrain_1_1|17888|1|2|2939|2940|16480.0|-2272.0|16384.0|-2208.0|16431.722649901887|-2240.416025147169|-840.0|-840.0|-840.0|QROCK3|QROCK3X8|1.0|1.0|0.0|0.0|8|rock|-|SG002457|-|1303|1|1|2940|QROCK3X8|-|1.0|1.0|0.0|0.0|0.0|QROCK3X8|-|1.0|1.0|269.747060405|72.0|-920.0|-920.0|-840.0|-840.0|-512.0|-512.0|-512.0|-512.0
UTNTSkyEdge_tntle_17888_1_terrain_2_1|17888|1|2|2939|2939|16480.0|-2272.0|16384.0|-2208.0|16432.277350098113|-2239.583974852831|-920.0|-920.0|-920.0|QROCK3|QROCK3X8|1.0|1.0|0.0|0.0|5|rock|-|SG002458|-|1304|2|1|2939|QROCK3X8|-|1.0|1.0|0.0|0.0|0.0|QROCK3X8|-|1.0|1.0|269.747060405|72.0|-920.0|-920.0|-840.0|-840.0|-512.0|-512.0|-512.0|-512.0
UTNTSkyEdge_tntle_17889_1_terrain_1_0|17889|1|2|2939|2940|16512.0|-2368.0|16480.0|-2272.0|16496.474341649024|-2319.8418861169916|-840.0|-840.0|-840.0|QROCK3|QROCK3X8|1.0|1.0|168.55417528|72.0|8|rock|-|SG002461|-|1304|1|0|2940|QROCK3X8|-|1.0|1.0|0.0|0.0|0.0|QROCK3X8|-|1.0|1.0|168.55417528|72.0|-920.0|-920.0|-840.0|-840.0|-512.0|-512.0|-512.0|-512.0
UTNTSkyEdge_tntle_17889_1_terrain_1_1|17889|1|2|2939|2940|16512.0|-2368.0|16480.0|-2272.0|16495.525658350976|-2320.1581138830084|-840.0|-840.0|-840.0|QROCK3|QROCK3X8|1.0|1.0|0.0|0.0|8|rock|-|SG002457|-|1303|1|1|2940|QROCK3X8|-|1.0|1.0|0.0|0.0|0.0|QROCK3X8|-|1.0|1.0|168.55417528|72.0|-920.0|-920.0|-840.0|-840.0|-512.0|-512.0|-512.0|-512.0
UTNTSkyEdge_tntle_17890_1_terrain_1_0|17890|1|2|2939|2940|16448.0|-2400.0|16512.0|-2368.0|16480.22360679775|-2384.4472135954998|-840.0|-840.0|-840.0|QROCK3|QROCK3X8|1.0|1.0|97.0|72.0|8|rock|-|SG002461|-|1304|1|0|2940|QROCK3X8|-|1.0|1.0|0.0|0.0|0.0|QROCK3X8|-|1.0|1.0|97.0|72.0|-920.0|-920.0|-840.0|-840.0|-512.0|-512.0|-512.0|-512.0
UTNTSkyEdge_tntle_17890_1_terrain_1_1|17890|1|2|2939|2940|16448.0|-2400.0|16512.0|-2368.0|16479.77639320225|-2383.5527864045002|-840.0|-840.0|-840.0|QROCK3|QROCK3X8|1.0|1.0|0.0|0.0|8|rock|-|SG002457|-|1303|1|1|2940|QROCK3X8|-|1.0|1.0|0.0|0.0|0.0|QROCK3X8|-|1.0|1.0|97.0|72.0|-920.0|-920.0|-840.0|-840.0|-512.0|-512.0|-512.0|-512.0
UTNTSkyEdge_tntle_17891_1_terrain_1_0|17891|1|2|2891|2893|16128.0|-2432.0|16320.0|-2432.0|16224.0|-2432.5|-1032.0|-1032.0|-1032.0|QROCK3X8|QROCK3X8|1.0|1.0|75.81534453|8.0|8|rock|-|SG002206|-|1151|1|0|2893|QROCK3X8|-|1.0|1.0|0.0|0.0|0.0|QROCK3X8|-|1.0|1.0|75.81534453|8.0|-1544.0|-1544.0|-1032.0|-1032.0|-512.0|-512.0|-512.0|-512.0
UTNTSkyEdge_tntle_17891_1_terrain_1_1|17891|1|2|2891|2893|16128.0|-2432.0|16320.0|-2432.0|16224.0|-2431.5|-1032.0|-1032.0|-1032.0|QROCK3X8|QROCK3X8|1.0|1.0|0.0|0.0|8|rock|-|SG002451|-|1298|1|1|2893|QROCK3X8|-|1.0|1.0|0.0|0.0|0.0|QROCK3X8|-|1.0|1.0|75.81534453|8.0|-1544.0|-1544.0|-1032.0|-1032.0|-512.0|-512.0|-512.0|-512.0
UTNTSkyEdge_tntle_18171_0_terrain_1_0|18171|0|2|2937|2966|16960.0|-1552.0|16928.0|-1536.0|16944.22360679775|-1543.5527864045|-968.0|-968.0|-968.0|QROCK3|QROCK3X8|1.0|1.0|0.0|72.0|8|rock|-|SG002462|-|1306|1|0|2966|QROCK3X8|-|1.0|1.0|0.0|0.0|0.0|QROCK3X8|-|1.0|1.0|0.0|72.0|-1032.0|-1032.0|-968.0|-968.0|-512.0|-512.0|-512.0|-512.0
UTNTSkyEdge_tntle_18171_0_terrain_1_1|18171|0|2|2937|2966|16960.0|-1552.0|16928.0|-1536.0|16943.77639320225|-1544.4472135955|-968.0|-968.0|-968.0|QROCK3|QROCK3X8|1.0|1.0|0.0|0.0|8|rock|-|SG002454|-|1301|1|1|2966|QROCK3X8|-|1.0|1.0|0.0|0.0|0.0|QROCK3X8|-|1.0|1.0|0.0|72.0|-1032.0|-1032.0|-968.0|-968.0|-512.0|-512.0|-512.0|-512.0
UTNTSkyEdge_tntle_18172_0_terrain_1_0|18172|0|2|2937|2966|16928.0|-1536.0|16880.0|-1568.0|16903.722649901887|-1551.583974852831|-968.0|-968.0|-968.0|QROCK3|QROCK3X8|1.0|1.0|35.77708764|72.0|8|rock|-|SG002462|-|1306|1|0|2966|QROCK3X8|-|1.0|1.0|0.0|0.0|0.0|QROCK3X8|-|1.0|1.0|35.77708764|72.0|-1032.0|-1032.0|-968.0|-968.0|-512.0|-512.0|-512.0|-512.0
UTNTSkyEdge_tntle_18172_0_terrain_1_1|18172|0|2|2937|2966|16928.0|-1536.0|16880.0|-1568.0|16904.277350098113|-1552.416025147169|-968.0|-968.0|-968.0|QROCK3|QROCK3X8|1.0|1.0|0.0|0.0|8|rock|-|SG002454|-|1301|1|1|2966|QROCK3X8|-|1.0|1.0|0.0|0.0|0.0|QROCK3X8|-|1.0|1.0|35.77708764|72.0|-1032.0|-1032.0|-968.0|-968.0|-512.0|-512.0|-512.0|-512.0
UTNTSkyEdge_tntle_18173_0_terrain_1_0|18173|0|2|2937|2966|16880.0|-1568.0|16880.0|-1632.0|16879.5|-1600.0|-968.0|-968.0|-968.0|QROCK3|QROCK3X8|1.0|1.0|93.465908047|72.0|8|rock|-|SG002462|-|1306|1|0|2966|QROCK3X8|-|1.0|1.0|0.0|0.0|0.0|QROCK3X8|-|1.0|1.0|93.465908047|72.0|-1032.0|-1032.0|-968.0|-968.0|-512.0|-512.0|-512.0|-512.0
UTNTSkyEdge_tntle_18173_0_terrain_1_1|18173|0|2|2937|2966|16880.0|-1568.0|16880.0|-1632.0|16880.5|-1600.0|-968.0|-968.0|-968.0|QROCK3|QROCK3X8|1.0|1.0|0.0|0.0|8|rock|-|SG002454|-|1301|1|1|2966|QROCK3X8|-|1.0|1.0|0.0|0.0|0.0|QROCK3X8|-|1.0|1.0|93.465908047|72.0|-1032.0|-1032.0|-968.0|-968.0|-512.0|-512.0|-512.0|-512.0
UTNTSkyEdge_tntle_18174_0_terrain_1_0|18174|0|2|2937|2966|16880.0|-1632.0|16896.0|-1648.0|16887.646446609408|-1640.3535533905933|-968.0|-968.0|-968.0|QROCK3|QROCK3X8|1.0|1.0|157.465908047|72.0|8|rock|-|SG002462|-|1306|1|0|2966|QROCK3X8|-|1.0|1.0|0.0|0.0|0.0|QROCK3X8|-|1.0|1.0|157.465908047|72.0|-1032.0|-1032.0|-968.0|-968.0|-512.0|-512.0|-512.0|-512.0
UTNTSkyEdge_tntle_18174_0_terrain_1_1|18174|0|2|2937|2966|16880.0|-1632.0|16896.0|-1648.0|16888.353553390592|-1639.6464466094067|-968.0|-968.0|-968.0|QROCK3|QROCK3X8|1.0|1.0|0.0|0.0|8|rock|-|SG002454|-|1301|1|1|2966|QROCK3X8|-|1.0|1.0|0.0|0.0|0.0|QROCK3X8|-|1.0|1.0|157.465908047|72.0|-1032.0|-1032.0|-968.0|-968.0|-512.0|-512.0|-512.0|-512.0
UTNTSkyEdge_tntle_18175_0_terrain_1_0|18175|0|2|2937|2966|16896.0|-1648.0|16960.0|-1632.0|16928.12126781252|-1640.4850712500727|-968.0|-968.0|-968.0|QROCK3|QROCK3X8|1.0|1.0|180.093325045|72.0|8|rock|-|SG002462|-|1306|1|0|2966|QROCK3X8|-|1.0|1.0|0.0|0.0|0.0|QROCK3X8|-|1.0|1.0|180.093325045|72.0|-1032.0|-1032.0|-968.0|-968.0|-512.0|-512.0|-512.0|-512.0
UTNTSkyEdge_tntle_18175_0_terrain_1_1|18175|0|2|2937|2966|16896.0|-1648.0|16960.0|-1632.0|16927.87873218748|-1639.5149287499273|-968.0|-968.0|-968.0|QROCK3|QROCK3X8|1.0|1.0|0.0|0.0|8|rock|-|SG002454|-|1301|1|1|2966|QROCK3X8|-|1.0|1.0|0.0|0.0|0.0|QROCK3X8|-|1.0|1.0|180.093325045|72.0|-1032.0|-1032.0|-968.0|-968.0|-512.0|-512.0|-512.0|-512.0
UTNTSkyEdge_tntle_18176_0_terrain_1_0|18176|0|2|2937|2967|15968.0|-1248.0|16016.0|-1280.0|15991.722649901887|-1264.416025147169|-968.0|-968.0|-968.0|QROCK3|QROCK3X8|1.0|1.0|0.0|72.0|8|rock|-|SG002462|-|1306|1|0|2967|QROCK3X8|-|1.0|1.0|0.0|0.0|0.0|QROCK3X8|-|1.0|1.0|0.0|72.0|-1032.0|-1032.0|-968.0|-968.0|-512.0|-512.0|-512.0|-512.0
UTNTSkyEdge_tntle_18176_0_terrain_1_1|18176|0|2|2937|2967|15968.0|-1248.0|16016.0|-1280.0|15992.277350098113|-1263.583974852831|-968.0|-968.0|-968.0|QROCK3|QROCK3X8|1.0|1.0|0.0|0.0|8|rock|-|SG002455|-|1302|1|1|2967|QROCK3X8|-|1.0|1.0|0.0|0.0|0.0|QROCK3X8|-|1.0|1.0|0.0|72.0|-1032.0|-1032.0|-968.0|-968.0|-512.0|-512.0|-512.0|-512.0
UTNTSkyEdge_tntle_18177_0_terrain_1_0|18177|0|2|2937|2967|16016.0|-1280.0|16096.0|-1216.0|16056.312347523777|-1248.3904344047214|-968.0|-968.0|-968.0|QROCK3|QROCK3X8|1.0|1.0|57.688820407|72.0|8|rock|-|SG002462|-|1306|1|0|2967|QROCK3X8|-|1.0|1.0|0.0|0.0|0.0|QROCK3X8|-|1.0|1.0|57.688820407|72.0|-1032.0|-1032.0|-968.0|-968.0|-512.0|-512.0|-512.0|-512.0
UTNTSkyEdge_tntle_18177_0_terrain_1_1|18177|0|2|2937|2967|16016.0|-1280.0|16096.0|-1216.0|16055.687652476223|-1247.6095655952786|-968.0|-968.0|-968.0|QROCK3|QROCK3X8|1.0|1.0|0.0|0.0|8|rock|-|SG002455|-|1302|1|1|2967|QROCK3X8|-|1.0|1.0|0.0|0.0|0.0|QROCK3X8|-|1.0|1.0|57.688820407|72.0|-1032.0|-1032.0|-968.0|-968.0|-512.0|-512.0|-512.0|-512.0
UTNTSkyEdge_tntle_18177_0_terrain_2_1|18177|0|2|2937|2937|16016.0|-1280.0|16096.0|-1216.0|16056.312347523777|-1248.3904344047214|-1032.0|-1032.0|-1032.0|QROCK3|QROCK3X8|1.0|1.0|0.0|0.0|5|rock|-|SG002463|-|1306|2|1|2937|QROCK3X8|-|1.0|1.0|0.0|0.0|0.0|QROCK3X8|-|1.0|1.0|57.688820407|72.0|-1032.0|-1032.0|-968.0|-968.0|-512.0|-512.0|-512.0|-512.0
UTNTSkyEdge_tntle_18178_0_terrain_1_0|18178|0|2|2937|2967|16096.0|-1216.0|16064.0|-1168.0|16080.41602514717|-1191.7226499018873|-968.0|-968.0|-968.0|QROCK3|QROCK3X8|1.0|1.0|160.138808206|72.0|8|rock|-|SG002462|-|1306|1|0|2967|QROCK3X8|-|1.0|1.0|0.0|0.0|0.0|QROCK3X8|-|1.0|1.0|160.138808206|72.0|-1032.0|-1032.0|-968.0|-968.0|-512.0|-512.0|-512.0|-512.0
UTNTSkyEdge_tntle_18178_0_terrain_1_1|18178|0|2|2937|2967|16096.0|-1216.0|16064.0|-1168.0|16079.58397485283|-1192.2773500981127|-968.0|-968.0|-968.0|QROCK3|QROCK3X8|1.0|1.0|0.0|0.0|8|rock|-|SG002455|-|1302|1|1|2967|QROCK3X8|-|1.0|1.0|0.0|0.0|0.0|QROCK3X8|-|1.0|1.0|160.138808206|72.0|-1032.0|-1032.0|-968.0|-968.0|-512.0|-512.0|-512.0|-512.0
UTNTSkyEdge_tntle_18179_0_terrain_1_0|18179|0|2|2937|2967|16064.0|-1168.0|16032.0|-1152.0|16048.22360679775|-1159.5527864045|-968.0|-968.0|-968.0|QROCK3|QROCK3X8|1.0|1.0|217.827628614|72.0|8|rock|-|SG002462|-|1306|1|0|2967|QROCK3X8|-|1.0|1.0|0.0|0.0|0.0|QROCK3X8|-|1.0|1.0|217.827628614|72.0|-1032.0|-1032.0|-968.0|-968.0|-512.0|-512.0|-512.0|-512.0
UTNTSkyEdge_tntle_18179_0_terrain_1_1|18179|0|2|2937|2967|16064.0|-1168.0|16032.0|-1152.0|16047.77639320225|-1160.4472135955|-968.0|-968.0|-968.0|QROCK3|QROCK3X8|1.0|1.0|0.0|0.0|8|rock|-|SG002455|-|1302|1|1|2967|QROCK3X8|-|1.0|1.0|0.0|0.0|0.0|QROCK3X8|-|1.0|1.0|217.827628614|72.0|-1032.0|-1032.0|-968.0|-968.0|-512.0|-512.0|-512.0|-512.0
UTNTSkyEdge_tntle_18180_0_terrain_1_0|18180|0|2|2936|2967|15984.0|-1184.0|15968.0|-1248.0|15975.514928749928|-1215.8787321874818|-968.0|-968.0|-968.0|QROCK3|QROCK3X8|1.0|1.0|57.688820407|72.0|8|rock|-|SG002452|-|1299|1|0|2967|QROCK3X8|-|1.0|1.0|0.0|0.0|0.0|QROCK3X8|-|1.0|1.0|57.688820407|72.0|-1040.0|-1040.0|-968.0|-968.0|-512.0|-512.0|-512.0|-512.0
UTNTSkyEdge_tntle_18180_0_terrain_1_1|18180|0|2|2936|2967|15984.0|-1184.0|15968.0|-1248.0|15976.485071250072|-1216.1212678125182|-968.0|-968.0|-968.0|QROCK3|QROCK3X8|1.0|1.0|0.0|0.0|8|rock|-|SG002455|-|1302|1|1|2967|QROCK3X8|-|1.0|1.0|0.0|0.0|0.0|QROCK3X8|-|1.0|1.0|57.688820407|72.0|-1040.0|-1040.0|-968.0|-968.0|-512.0|-512.0|-512.0|-512.0
UTNTSkyEdge_tntle_18181_0_terrain_1_0|18181|0|2|2936|2966|16976.0|-1600.0|16960.0|-1552.0|16968.474341649024|-1575.8418861169916|-968.0|-968.0|-968.0|QROCK3|QROCK3X8|1.0|1.0|35.77708764|72.0|8|rock|-|SG002452|-|1299|1|0|2966|QROCK3X8|-|1.0|1.0|0.0|0.0|0.0|QROCK3X8|-|1.0|1.0|35.77708764|72.0|-1040.0|-1040.0|-968.0|-968.0|-512.0|-512.0|-512.0|-512.0
UTNTSkyEdge_tntle_18181_0_terrain_1_1|18181|0|2|2936|2966|16976.0|-1600.0|16960.0|-1552.0|16967.525658350976|-1576.1581138830084|-968.0|-968.0|-968.0|QROCK3|QROCK3X8|1.0|1.0|0.0|0.0|8|rock|-|SG002454|-|1301|1|1|2966|QROCK3X8|-|1.0|1.0|0.0|0.0|0.0|QROCK3X8|-|1.0|1.0|35.77708764|72.0|-1040.0|-1040.0|-968.0|-968.0|-512.0|-512.0|-512.0|-512.0
UTNTSkyEdge_tntle_18182_1_terrain_1_0|18182|1|2|2937|2968|16160.0|-1840.0|16128.0|-1888.0|16143.58397485283|-1863.7226499018873|-968.0|-968.0|-968.0|QROCK3|QROCK3X8|1.0|1.0|123.216858908|72.0|8|rock|-|SG002462|-|1306|1|0|2968|QROCK3X8|-|1.0|1.0|0.0|0.0|0.0|QROCK3X8|-|1.0|1.0|123.216858908|72.0|-1032.0|-1032.0|-968.0|-968.0|-512.0|-512.0|-512.0|-512.0
UTNTSkyEdge_tntle_18182_1_terrain_1_1|18182|1|2|2937|2968|16160.0|-1840.0|16128.0|-1888.0|16144.41602514717|-1864.2773500981127|-968.0|-968.0|-968.0|QROCK3|QROCK3X8|1.0|1.0|0.0|0.0|8|rock|-|SG002453|-|1300|1|1|2968|QROCK3X8|-|1.0|1.0|0.0|0.0|0.0|QROCK3X8|-|1.0|1.0|123.216858908|72.0|-1032.0|-1032.0|-968.0|-968.0|-512.0|-512.0|-512.0|-512.0
UTNTSkyEdge_tntle_18183_1_terrain_1_0|18183|1|2|2937|2968|16200.0|-1848.0|16160.0|-1840.0|16180.09805806757|-1843.5097096621546|-968.0|-968.0|-968.0|QROCK3|QROCK3X8|1.0|1.0|82.424702799|72.0|8|rock|-|SG002462|-|1306|1|0|2968|QROCK3X8|-|1.0|1.0|0.0|0.0|0.0|QROCK3X8|-|1.0|1.0|82.424702799|72.0|-1032.0|-1032.0|-968.0|-968.0|-512.0|-512.0|-512.0|-512.0
UTNTSkyEdge_tntle_18183_1_terrain_1_1|18183|1|2|2937|2968|16200.0|-1848.0|16160.0|-1840.0|16179.90194193243|-1844.4902903378454|-968.0|-968.0|-968.0|QROCK3|QROCK3X8|1.0|1.0|0.0|0.0|8|rock|-|SG002453|-|1300|1|1|2968|QROCK3X8|-|1.0|1.0|0.0|0.0|0.0|QROCK3X8|-|1.0|1.0|82.424702799|72.0|-1032.0|-1032.0|-968.0|-968.0|-512.0|-512.0|-512.0|-512.0
UTNTSkyEdge_tntle_18184_1_terrain_1_0|18184|1|2|2937|2968|16224.0|-1888.0|16200.0|-1848.0|16212.428746462856|-1867.7427521222862|-968.0|-968.0|-968.0|QROCK3|QROCK3X8|1.0|1.0|35.77708764|72.0|8|rock|-|SG002462|-|1306|1|0|2968|QROCK3X8|-|1.0|1.0|0.0|0.0|0.0|QROCK3X8|-|1.0|1.0|35.77708764|72.0|-1032.0|-1032.0|-968.0|-968.0|-512.0|-512.0|-512.0|-512.0
UTNTSkyEdge_tntle_18184_1_terrain_1_1|18184|1|2|2937|2968|16224.0|-1888.0|16200.0|-1848.0|16211.571253537144|-1868.2572478777138|-968.0|-968.0|-968.0|QROCK3|QROCK3X8|1.0|1.0|0.0|0.0|8|rock|-|SG002453|-|1300|1|1|2968|QROCK3X8|-|1.0|1.0|0.0|0.0|0.0|QROCK3X8|-|1.0|1.0|35.77708764|72.0|-1032.0|-1032.0|-968.0|-968.0|-512.0|-512.0|-512.0|-512.0
UTNTSkyEdge_tntle_18186_1_terrain_1_0|18186|1|2|2937|2968|16208.0|-1920.0|16224.0|-1888.0|16216.4472135955|-1904.2236067977499|-968.0|-968.0|-968.0|QROCK3|QROCK3X8|1.0|1.0|0.0|72.0|8|rock|-|SG002462|-|1306|1|0|2968|QROCK3X8|-|1.0|1.0|0.0|0.0|0.0|QROCK3X8|-|1.0|1.0|0.0|72.0|-1032.0|-1032.0|-968.0|-968.0|-512.0|-512.0|-512.0|-512.0
UTNTSkyEdge_tntle_18186_1_terrain_1_1|18186|1|2|2937|2968|16208.0|-1920.0|16224.0|-1888.0|16215.5527864045|-1903.7763932022501|-968.0|-968.0|-968.0|QROCK3|QROCK3X8|1.0|1.0|0.0|0.0|8|rock|-|SG002453|-|1300|1|1|2968|QROCK3X8|-|1.0|1.0|0.0|0.0|0.0|QROCK3X8|-|1.0|1.0|0.0|72.0|-1032.0|-1032.0|-968.0|-968.0|-512.0|-512.0|-512.0|-512.0
UTNTSkyEdge_tntle_18187_0_terrain_1_0|18187|0|2|2936|2968|16152.0|-1920.0|16208.0|-1920.0|16180.0|-1920.5|-968.0|-968.0|-968.0|QROCK3|QROCK3X8|1.0|1.0|40.0|72.0|8|rock|-|SG002452|-|1299|1|0|2968|QROCK3X8|-|1.0|1.0|0.0|0.0|0.0|QROCK3X8|-|1.0|1.0|40.0|72.0|-1040.0|-1040.0|-968.0|-968.0|-512.0|-512.0|-512.0|-512.0
UTNTSkyEdge_tntle_18187_0_terrain_1_1|18187|0|2|2936|2968|16152.0|-1920.0|16208.0|-1920.0|16180.0|-1919.5|-968.0|-968.0|-968.0|QROCK3|QROCK3X8|1.0|1.0|0.0|0.0|8|rock|-|SG002453|-|1300|1|1|2968|QROCK3X8|-|1.0|1.0|0.0|0.0|0.0|QROCK3X8|-|1.0|1.0|40.0|72.0|-1040.0|-1040.0|-968.0|-968.0|-512.0|-512.0|-512.0|-512.0
UTNTSkyEdge_tntle_18240_0_terrain_2_1|18240|0|2|2979|2979|-3064.0|-1792.0|2816.0|2040.0|-123.72700520499514|123.58110402019086|-384.0|-384.0|-384.0|QROCK4|XA02TEX|1.0|1.0|0.0|0.0|5|gravel|-|SG002207|-|1066|2|1|2979|XA02TEX|-|1.0|1.0|0.0|0.0|0.0|QROCK4X8|-|1.0|1.0|7.952078744|0.0|-384.0|-384.0|-128.0|-128.0|384.0|384.0|384.0|384.0
UTNTSkyEdge_tntle_18241_0_terrain_2_1|18241|0|2|2979|2979|2816.0|2040.0|6136.0|2040.0|4476.0|2039.5|-384.0|-384.0|-384.0|QROCK4|XA02TEX|1.0|1.0|0.0|0.0|5|gravel|-|SG002207|-|1066|2|1|2979|XA02TEX|-|1.0|1.0|0.0|0.0|0.0|QROCK4X8|-|1.0|1.0|882.400910216|0.0|-384.0|-384.0|-128.0|-128.0|384.0|384.0|384.0|384.0
UTNTSkyEdge_tntle_18243_0_terrain_2_1|18243|0|2|2979|2979|6136.0|-2048.0|4856.0|-3328.0|5495.646446609407|-2687.6464466094067|-384.0|-384.0|-384.0|QROCK4|XA02TEX|1.0|1.0|0.0|0.0|5|gravel|-|SG002207|-|1066|2|1|2979|XA02TEX|-|1.0|1.0|0.0|0.0|0.0|QROCK4X8|-|1.0|1.0|1016.0|0.0|-384.0|-384.0|-128.0|-128.0|384.0|384.0|384.0|384.0
UTNTSkyEdge_tntle_18244_0_terrain_2_1|18244|0|2|2979|2979|4856.0|-3328.0|4856.0|-5112.0|4855.5|-4220.0|-384.0|-384.0|-384.0|QROCK4|XA02TEX|1.0|1.0|0.0|0.0|5|gravel|-|SG002207|-|1066|2|1|2979|XA02TEX|-|1.0|1.0|0.0|0.0|0.0|QROCK4X8|-|1.0|1.0|778.193359838|0.0|-384.0|-384.0|-128.0|-128.0|384.0|384.0|384.0|384.0
UTNTSkyEdge_tntle_18245_0_terrain_2_1|18245|0|2|2979|2979|4856.0|-5112.0|3328.0|-5368.0|4091.9173818629733|-5239.506872994621|-384.0|-384.0|-384.0|QROCK4|XA02TEX|1.0|1.0|0.0|0.0|5|gravel|-|SG002207|-|1066|2|1|2979|XA02TEX|-|1.0|1.0|0.0|0.0|0.0|QROCK4X8|-|1.0|1.0|514.193359838|0.0|-384.0|-384.0|-128.0|-128.0|384.0|384.0|384.0|384.0
UTNTSkyEdge_tntle_18247_0_terrain_2_1|18247|0|2|2979|2979|1784.0|-6400.0|768.0|-7416.0|1275.6464466094067|-6907.646446609407|-384.0|-384.0|-384.0|QROCK4|XA02TEX|1.0|1.0|0.0|0.0|5|gravel|-|SG002207|-|1066|2|1|2979|XA02TEX|-|1.0|1.0|0.0|0.0|0.0|QROCK4X8|-|1.0|1.0|848.627556844|0.0|-384.0|-384.0|-128.0|-128.0|384.0|384.0|384.0|384.0
UTNTSkyEdge_tntle_18248_0_terrain_2_1|18248|0|2|2979|2979|768.0|-7416.0|-2552.0|-7416.0|-892.0|-7415.5|-384.0|-384.0|-384.0|QROCK4|XA02TEX|1.0|1.0|0.0|0.0|5|gravel|-|SG002207|-|1066|2|1|2979|XA02TEX|-|1.0|1.0|0.0|0.0|0.0|QROCK4X8|-|1.0|1.0|237.468536215|0.0|-384.0|-384.0|-128.0|-128.0|384.0|384.0|384.0|384.0
